# Unturned item rip -> Godot (X+Z negated, winding reversed, RH Y-up)
v 0.677508 -0.573968 -0.008182
v 0.692137 -0.519369 0.196994
v 0.757423 -0.536862 0.196994
v 0.787235 -0.603369 -0.008182
v 0.692137 -0.519369 0.196994
v 0.765286 -0.246375 0.196994
v 0.830572 -0.263869 0.196994
v 0.757423 -0.536862 0.196994
v 0.779915 -0.191777 -0.008182
v 0.765286 -0.246376 -0.213358
v 0.830572 -0.263869 -0.213358
v 0.889643 -0.221178 -0.008182
v 0.765286 -0.246376 -0.213358
v 0.692137 -0.519369 -0.213358
v 0.757423 -0.536862 -0.213358
v 0.830572 -0.263869 -0.213358
v 0.677508 -0.573968 -0.008182
v 0.692137 -0.519369 -0.213358
v 0.765286 -0.246376 -0.213358
v 0.779915 -0.191777 -0.008182
v 0.830572 -0.263869 0.196994
v 0.827241 -0.325270 0.135441
v 0.785239 -0.482022 0.135441
v 0.757423 -0.536862 0.196994
v 0.867840 -0.302547 -0.008182
v 0.844609 -0.332190 0.020543
v 0.818779 -0.341655 0.106717
v 0.827241 -0.325270 0.135441
v 0.889643 -0.221178 -0.008182
v 0.867840 -0.302547 -0.008182
v 0.827241 -0.325270 0.135441
v 0.830572 -0.263869 0.196994
v 0.787235 -0.603369 -0.008182
v 0.809038 -0.522001 -0.008182
v 0.785239 -0.482022 -0.151805
v 0.757423 -0.536862 -0.213358
v 0.757423 -0.536862 -0.213358
v 0.785239 -0.482022 -0.151805
v 0.827241 -0.325270 -0.151805
v 0.830572 -0.263869 -0.213358
v 0.809038 -0.522001 -0.008182
v 0.803740 -0.484714 -0.036906
v 0.786104 -0.463601 -0.123080
v 0.785239 -0.482022 -0.151805
v 0.785239 -0.482022 -0.151805
v 0.786104 -0.463601 -0.123080
v 0.818779 -0.341655 -0.123080
v 0.827241 -0.325270 -0.151805
v 0.827241 -0.325270 0.135441
v 0.818779 -0.341655 0.106717
v 0.786104 -0.463601 0.106717
v 0.785239 -0.482022 0.135441
v 0.785239 -0.482022 0.135441
v 0.786104 -0.463601 0.106717
v 0.803740 -0.484714 0.020543
v 0.809038 -0.522001 -0.008182
v 0.757423 -0.536862 0.196994
v 0.785239 -0.482022 0.135441
v 0.809038 -0.522001 -0.008182
v 0.787235 -0.603369 -0.008182
v 0.830572 -0.263869 -0.213358
v 0.827241 -0.325270 -0.151805
v 0.867840 -0.302547 -0.008182
v 0.889643 -0.221178 -0.008182
v 0.827241 -0.325270 -0.151805
v 0.818779 -0.341655 -0.123080
v 0.844609 -0.332190 -0.036906
v 0.867840 -0.302547 -0.008182
v 0.692137 -0.519369 0.196994
v 0.677508 -0.573968 -0.008182
v 0.779915 -0.191777 -0.008182
v 0.765286 -0.246375 0.196994
v 0.765286 -0.246375 0.196994
v 0.779915 -0.191777 -0.008182
v 0.889643 -0.221178 -0.008182
v 0.830572 -0.263869 0.196994
v 0.692137 -0.519369 -0.213358
v 0.677508 -0.573968 -0.008182
v 0.787235 -0.603369 -0.008182
v 0.757423 -0.536862 -0.213358
v 0.803740 -0.484714 0.020543
v 0.786104 -0.463601 0.106717
v 0.818779 -0.341655 0.106717
v 0.844609 -0.332190 0.020543
v 0.867840 -0.302547 -0.008182
v 0.809038 -0.522001 -0.008182
v 0.803740 -0.484714 0.020543
v 0.844609 -0.332190 0.020543
v 0.844609 -0.332190 -0.036906
v 0.818779 -0.341655 -0.123080
v 0.786104 -0.463601 -0.123080
v 0.803740 -0.484714 -0.036906
v 0.803740 -0.484714 -0.036906
v 0.809038 -0.522001 -0.008182
v 0.867840 -0.302547 -0.008182
v 0.844609 -0.332190 -0.036906
v 0.711065 -0.633435 -0.034034
v 0.709807 -0.671076 -0.008182
v 0.761469 -0.543092 -0.008182
v 0.752442 -0.544704 -0.034034
v 0.598441 -0.712092 -0.008182
v 0.622329 -0.660863 0.176477
v 0.656396 -0.676749 0.176477
v 0.674206 -0.747422 -0.008182
v 0.622329 -0.660863 0.176477
v 0.716414 -0.459098 0.176477
v 0.750481 -0.474983 0.176477
v 0.656396 -0.676749 0.176477
v 0.716414 -0.459098 -0.192840
v 0.622329 -0.660863 -0.192840
v 0.656396 -0.676749 -0.192840
v 0.750481 -0.474983 -0.192840
v 0.598441 -0.712092 -0.008182
v 0.622329 -0.660863 -0.192840
v 0.716414 -0.459098 -0.192840
v 0.740302 -0.407869 -0.008182
v 0.750481 -0.474983 0.176477
v 0.736539 -0.534873 0.121079
v 0.693312 -0.627572 0.121079
v 0.656396 -0.676749 0.176477
v 0.674206 -0.747422 -0.008182
v 0.709807 -0.671076 -0.008182
v 0.693312 -0.627572 -0.137443
v 0.656396 -0.676749 -0.192840
v 0.656396 -0.676749 -0.192840
v 0.693312 -0.627572 -0.137443
v 0.736539 -0.534873 -0.137443
v 0.750481 -0.474983 -0.192840
v 0.709807 -0.671076 -0.008182
v 0.711065 -0.633435 -0.034034
v 0.697363 -0.609581 -0.111590
v 0.693312 -0.627572 -0.137443
v 0.693312 -0.627572 -0.137443
v 0.697363 -0.609581 -0.111590
v 0.725360 -0.549540 -0.111590
v 0.736539 -0.534873 -0.137443
v 0.736539 -0.534873 0.121079
v 0.725360 -0.549540 0.095227
v 0.697363 -0.609581 0.095227
v 0.693312 -0.627572 0.121079
v 0.693312 -0.627572 0.121079
v 0.697363 -0.609581 0.095227
v 0.711065 -0.633435 0.017670
v 0.709807 -0.671076 -0.008182
v 0.761469 -0.543092 -0.008182
v 0.752442 -0.544704 0.017670
v 0.656396 -0.676749 0.176477
v 0.693312 -0.627572 0.121079
v 0.709807 -0.671076 -0.008182
v 0.674206 -0.747422 -0.008182
v 0.622329 -0.660863 0.176477
v 0.598441 -0.712092 -0.008182
v 0.740302 -0.407869 -0.008182
v 0.716414 -0.459098 0.176477
v 0.622329 -0.660863 -0.192840
v 0.598441 -0.712092 -0.008182
v 0.674206 -0.747422 -0.008182
v 0.656396 -0.676749 -0.192840
v 0.711065 -0.633435 0.017670
v 0.697363 -0.609581 0.095227
v 0.725360 -0.549540 0.095227
v 0.752442 -0.544704 0.017670
v 0.752442 -0.544704 -0.034034
v 0.725360 -0.549540 -0.111590
v 0.697363 -0.609581 -0.111590
v 0.711065 -0.633435 -0.034034
v 0.569222 -0.171434 -0.207858
v 0.516533 -0.268488 -0.207858
v 0.631060 -0.319740 -0.204196
v 0.673211 -0.242097 -0.204196
v 0.744435 -0.393855 -0.207858
v 0.797124 -0.296802 -0.207858
v 0.673211 0.242097 0.186777
v 0.797124 0.296802 0.190439
v 0.797124 0.296802 -0.207858
v 0.673211 0.242097 -0.204196
v 0.693890 0.000000 -0.239661
v 0.469214 0.000000 -0.241366
v 0.472753 -0.021427 -0.238211
v 0.660267 -0.022692 -0.236958
v 0.651050 -0.229625 -0.209961
v 0.628503 -0.196290 -0.214011
v 0.504952 -0.216386 -0.209961
v 0.500053 -0.186728 -0.214175
v 0.289308 -0.262753 -0.226603
v 0.200208 0.000000 -0.249705
v 0.200208 -0.000000 0.232284
v 0.289308 -0.262753 0.209183
v 0.693890 0.000000 -0.239661
v 0.651050 -0.229625 -0.209961
v 0.666113 -0.250026 -0.236240
v 0.713713 0.000000 -0.261728
v 0.247034 0.000000 -0.249705
v 0.318314 -0.223043 -0.226603
v 0.330734 -0.202239 -0.214145
v 0.266582 0.000000 -0.241579
v 0.289308 -0.262753 -0.226603
v 0.458199 -0.244753 -0.226603
v 0.458199 -0.207743 -0.226603
v 0.318314 -0.223043 -0.226603
v 0.200208 0.000000 -0.249705
v 0.247034 0.000000 -0.249705
v 0.758043 0.000000 -0.261728
v 0.713713 0.000000 -0.261728
v 0.666113 -0.250026 -0.236240
v 0.706043 -0.294148 -0.236240
v 0.493445 -0.233026 -0.236240
v 0.458524 -0.274148 -0.236240
v 0.453445 0.000000 -0.262028
v 0.410150 0.000000 -0.262028
v 0.651050 -0.229625 -0.209961
v 0.504952 -0.216386 -0.209961
v 0.493445 -0.233026 -0.236240
v 0.666113 -0.250026 -0.236240
v 0.500053 -0.186728 -0.214175
v 0.628503 -0.196290 -0.214011
v 0.660267 -0.022692 -0.236958
v 0.472753 -0.021427 -0.238211
v 0.346452 -0.173980 -0.217898
v 0.457630 -0.162769 -0.218095
v 0.457630 -0.017066 -0.240481
v 0.303037 -0.018362 -0.239164
v 0.318314 -0.223043 -0.226603
v 0.458199 -0.207743 -0.226603
v 0.457630 -0.188482 -0.214145
v 0.330734 -0.202239 -0.214145
v 0.303037 -0.018362 -0.239164
v 0.457630 -0.017066 -0.240481
v 0.457630 0.000000 -0.243407
v 0.266582 0.000000 -0.241579
v 0.346452 -0.173980 -0.217898
v 0.330734 -0.202239 -0.214145
v 0.457630 -0.188482 -0.214145
v 0.457630 -0.162769 -0.218095
v 0.472753 -0.021427 -0.238211
v 0.469214 0.000000 -0.241366
v 0.453445 0.000000 -0.262028
v 0.493445 -0.233026 -0.236240
v 0.500053 -0.186728 -0.214175
v 0.504952 -0.216386 -0.209961
v 0.083797 -0.375668 -0.205569
v 0.038488 -0.409746 -0.008182
v 0.044156 -0.474538 -0.008182
v 0.087218 -0.414771 -0.205569
v 0.280564 -0.358454 -0.219969
v 0.083797 -0.375668 -0.205569
v 0.087218 -0.414771 -0.205569
v 0.283985 -0.397556 -0.219969
v 0.280564 -0.358454 -0.219969
v 0.283985 -0.397556 -0.219969
v 0.340889 -0.448276 -0.008182
v 0.335247 -0.383783 -0.008182
v 0.226911 -0.376170 -0.173512
v 0.244207 -0.401036 -0.188201
v 0.122006 -0.411727 -0.175961
v 0.131178 -0.384545 -0.163980
v 0.280564 -0.358454 0.203605
v 0.283985 -0.397556 0.203605
v 0.087218 -0.414771 0.189205
v 0.083797 -0.375668 0.189205
v 0.280564 -0.358454 0.203605
v 0.335247 -0.383783 -0.008182
v 0.340889 -0.448276 -0.008182
v 0.283985 -0.397556 0.203605
v 0.083797 -0.375668 0.189205
v 0.087218 -0.414771 0.189205
v 0.044156 -0.474538 -0.008182
v 0.038488 -0.409746 -0.008182
v 0.044156 -0.474538 -0.008182
v 0.122006 -0.411727 0.159597
v 0.087286 -0.470765 -0.008182
v 0.087218 -0.414771 0.189205
v 0.244207 -0.401036 0.171837
v 0.283985 -0.397556 0.203605
v 0.340889 -0.448276 -0.008182
v 0.296729 -0.452140 -0.008182
v 0.296729 -0.452140 -0.008182
v 0.340889 -0.448276 -0.008182
v 0.283985 -0.397556 -0.219969
v 0.244207 -0.401036 -0.188201
v 0.122006 -0.411727 -0.175961
v 0.087218 -0.414771 -0.205569
v 0.087286 -0.470765 -0.008182
v 0.044156 -0.474538 -0.008182
v 0.296729 -0.452140 -0.008182
v 0.244207 -0.401036 -0.188201
v 0.226911 -0.376170 -0.173512
v 0.275057 -0.431885 -0.008182
v 0.244207 -0.401036 0.171837
v 0.226911 -0.376170 0.157148
v 0.145353 -0.391597 0.127635
v 0.213464 -0.385471 0.133592
v 0.245335 -0.428723 0.008208
v 0.125364 -0.440332 0.007519
v 0.125364 -0.440332 -0.023883
v 0.245335 -0.428723 -0.024572
v 0.213464 -0.385471 -0.149956
v 0.145353 -0.391597 -0.143999
v 0.087286 -0.470765 -0.008182
v 0.122006 -0.411727 0.159597
v 0.131178 -0.384546 0.147616
v 0.101194 -0.448807 -0.008182
v 0.122006 -0.411727 -0.175961
v 0.131178 -0.384545 -0.163980
v 0.226911 -0.376170 0.157148
v 0.131178 -0.384546 0.147616
v 0.122006 -0.411727 0.159597
v 0.244207 -0.401036 0.171837
v 0.083797 -0.375668 0.189205
v 0.335247 -0.383783 -0.008182
v 0.280564 -0.358454 0.203605
v 0.038488 -0.409746 -0.008182
v 0.083797 -0.375668 -0.205569
v 0.280564 -0.358454 -0.219969
v 0.677508 0.573968 -0.008182
v 0.787235 0.603369 -0.008182
v 0.757423 0.536862 0.196994
v 0.692137 0.519369 0.196994
v 0.692137 0.519369 0.196994
v 0.757423 0.536862 0.196994
v 0.830572 0.263869 0.196994
v 0.765286 0.246375 0.196994
v 0.779915 0.191777 -0.008182
v 0.889643 0.221178 -0.008182
v 0.830572 0.263869 -0.213358
v 0.765286 0.246376 -0.213358
v 0.765286 0.246376 -0.213358
v 0.830572 0.263869 -0.213358
v 0.757423 0.536862 -0.213358
v 0.692137 0.519369 -0.213358
v 0.677508 0.573968 -0.008182
v 0.779915 0.191777 -0.008182
v 0.765286 0.246376 -0.213358
v 0.692137 0.519369 -0.213358
v 0.830572 0.263869 0.196994
v 0.757423 0.536862 0.196994
v 0.785239 0.482022 0.135441
v 0.827241 0.325270 0.135441
v 0.867840 0.302547 -0.008182
v 0.827241 0.325270 0.135441
v 0.818779 0.341655 0.106717
v 0.844609 0.332190 0.020543
v 0.889643 0.221178 -0.008182
v 0.830572 0.263869 0.196994
v 0.827241 0.325270 0.135441
v 0.867840 0.302547 -0.008182
v 0.787235 0.603369 -0.008182
v 0.757423 0.536862 -0.213358
v 0.785239 0.482022 -0.151805
v 0.809038 0.522001 -0.008182
v 0.757423 0.536862 -0.213358
v 0.830572 0.263869 -0.213358
v 0.827241 0.325270 -0.151805
v 0.785239 0.482022 -0.151805
v 0.809038 0.522001 -0.008182
v 0.785239 0.482022 -0.151805
v 0.786104 0.463601 -0.123080
v 0.803740 0.484714 -0.036906
v 0.785239 0.482022 -0.151805
v 0.827241 0.325270 -0.151805
v 0.818779 0.341655 -0.123080
v 0.786104 0.463601 -0.123080
v 0.827241 0.325270 0.135441
v 0.785239 0.482022 0.135441
v 0.786104 0.463601 0.106717
v 0.818779 0.341655 0.106717
v 0.785239 0.482022 0.135441
v 0.809038 0.522001 -0.008182
v 0.803740 0.484714 0.020543
v 0.786104 0.463601 0.106717
v 0.757423 0.536862 0.196994
v 0.787235 0.603369 -0.008182
v 0.809038 0.522001 -0.008182
v 0.785239 0.482022 0.135441
v 0.830572 0.263869 -0.213358
v 0.889643 0.221178 -0.008182
v 0.867840 0.302547 -0.008182
v 0.827241 0.325270 -0.151805
v 0.827241 0.325270 -0.151805
v 0.867840 0.302547 -0.008182
v 0.844609 0.332190 -0.036906
v 0.818779 0.341655 -0.123080
v 0.692137 0.519369 0.196994
v 0.765286 0.246375 0.196994
v 0.779915 0.191777 -0.008182
v 0.677508 0.573968 -0.008182
v 0.765286 0.246375 0.196994
v 0.830572 0.263869 0.196994
v 0.889643 0.221178 -0.008182
v 0.779915 0.191777 -0.008182
v 0.692137 0.519369 -0.213358
v 0.757423 0.536862 -0.213358
v 0.787235 0.603369 -0.008182
v 0.677508 0.573968 -0.008182
v 0.803740 0.484714 0.020543
v 0.844609 0.332190 0.020543
v 0.818779 0.341655 0.106717
v 0.786104 0.463601 0.106717
v 0.844609 0.332190 0.020543
v 0.803740 0.484714 0.020543
v 0.809038 0.522001 -0.008182
v 0.867840 0.302547 -0.008182
v 0.844609 0.332190 -0.036906
v 0.803740 0.484714 -0.036906
v 0.786104 0.463601 -0.123080
v 0.818779 0.341655 -0.123080
v 0.809038 0.522001 -0.008182
v 0.803740 0.484714 -0.036906
v 0.844609 0.332190 -0.036906
v 0.867840 0.302547 -0.008182
v 0.709807 0.671076 -0.008182
v 0.711065 0.633435 -0.034034
v 0.752442 0.544704 -0.034034
v 0.761469 0.543092 -0.008182
v 0.598441 0.712092 -0.008182
v 0.674206 0.747422 -0.008182
v 0.656396 0.676749 0.176477
v 0.622329 0.660863 0.176477
v 0.622329 0.660863 0.176477
v 0.656396 0.676749 0.176477
v 0.750481 0.474983 0.176477
v 0.716414 0.459098 0.176477
v 0.716414 0.459098 -0.192840
v 0.750481 0.474983 -0.192840
v 0.656396 0.676749 -0.192840
v 0.622329 0.660863 -0.192840
v 0.598441 0.712092 -0.008182
v 0.740302 0.407869 -0.008182
v 0.716414 0.459098 -0.192840
v 0.622329 0.660863 -0.192840
v 0.750481 0.474983 0.176477
v 0.656396 0.676749 0.176477
v 0.693312 0.627572 0.121079
v 0.736539 0.534873 0.121079
v 0.674206 0.747422 -0.008182
v 0.656396 0.676749 -0.192840
v 0.693312 0.627572 -0.137443
v 0.709807 0.671076 -0.008182
v 0.656396 0.676749 -0.192840
v 0.750481 0.474983 -0.192840
v 0.736539 0.534873 -0.137443
v 0.693312 0.627572 -0.137443
v 0.709807 0.671076 -0.008182
v 0.693312 0.627572 -0.137443
v 0.697363 0.609581 -0.111590
v 0.711065 0.633435 -0.034034
v 0.693312 0.627572 -0.137443
v 0.736539 0.534873 -0.137443
v 0.725360 0.549540 -0.111590
v 0.697363 0.609581 -0.111590
v 0.736539 0.534873 0.121079
v 0.693312 0.627572 0.121079
v 0.697363 0.609581 0.095227
v 0.725360 0.549540 0.095227
v 0.693312 0.627572 0.121079
v 0.709807 0.671076 -0.008182
v 0.711065 0.633435 0.017670
v 0.697363 0.609581 0.095227
v 0.656396 0.676749 0.176477
v 0.674206 0.747422 -0.008182
v 0.709807 0.671076 -0.008182
v 0.693312 0.627572 0.121079
v 0.622329 0.660863 0.176477
v 0.716414 0.459098 0.176477
v 0.740302 0.407869 -0.008182
v 0.598441 0.712092 -0.008182
v 0.622329 0.660863 -0.192840
v 0.656396 0.676749 -0.192840
v 0.674206 0.747422 -0.008182
v 0.598441 0.712092 -0.008182
v 0.711065 0.633435 0.017670
v 0.752442 0.544704 0.017670
v 0.725360 0.549540 0.095227
v 0.697363 0.609581 0.095227
v 0.752442 0.544704 -0.034034
v 0.711065 0.633435 -0.034034
v 0.697363 0.609581 -0.111590
v 0.725360 0.549540 -0.111590
v 0.709807 0.671076 -0.008182
v 0.761469 0.543092 -0.008182
v 0.752442 0.544704 0.017670
v 0.711065 0.633435 0.017670
v 0.569222 0.171434 -0.207858
v 0.631060 0.319740 -0.204196
v 0.516533 0.268488 -0.207858
v 0.673211 0.242097 -0.204196
v 0.744435 0.393855 -0.207858
v 0.797124 0.296802 -0.207858
v 0.744435 0.393855 -0.207858
v 0.744435 0.393855 0.190439
v 0.631060 0.319740 0.186777
v 0.631060 0.319740 -0.204196
v 0.516533 0.268488 0.190439
v 0.516533 0.268488 -0.207858
v 0.744435 -0.393855 -0.207858
v 0.631060 -0.319740 0.186777
v 0.744435 -0.393855 0.190439
v 0.631060 -0.319740 -0.204196
v 0.516533 -0.268488 0.190439
v 0.516533 -0.268488 -0.207858
v 0.693890 0.000000 -0.239661
v 0.472753 0.021427 -0.238211
v 0.469214 0.000000 -0.241366
v 0.660267 0.022692 -0.236958
v 0.651050 0.229625 -0.209961
v 0.628503 0.196290 -0.214011
v 0.504952 0.216386 -0.209961
v 0.500053 0.186728 -0.214175
v 0.706043 0.294148 -0.236240
v 0.758043 -0.000000 0.244307
v 0.706043 0.294148 0.218819
v 0.758043 0.000000 -0.261728
v 0.706043 -0.294148 0.218819
v 0.706043 -0.294148 -0.236240
v 0.693890 0.000000 -0.239661
v 0.713713 0.000000 -0.261728
v 0.666113 0.250026 -0.236240
v 0.651050 0.229625 -0.209961
v 0.247034 0.000000 -0.249705
v 0.266582 0.000000 -0.241579
v 0.330734 0.202239 -0.214145
v 0.318314 0.223043 -0.226603
v 0.289308 0.262753 -0.226603
v 0.458199 0.207743 -0.226603
v 0.458199 0.244753 -0.226603
v 0.318314 0.223043 -0.226603
v 0.200208 0.000000 -0.249705
v 0.247034 0.000000 -0.249705
v 0.758043 0.000000 -0.261728
v 0.666113 0.250026 -0.236240
v 0.713713 0.000000 -0.261728
v 0.706043 0.294148 -0.236240
v 0.493445 0.233026 -0.236240
v 0.458524 0.274148 -0.236240
v 0.453445 0.000000 -0.262028
v 0.410150 0.000000 -0.262028
v 0.651050 0.229625 -0.209961
v 0.666113 0.250026 -0.236240
v 0.493445 0.233026 -0.236240
v 0.504952 0.216386 -0.209961
v 0.500053 0.186728 -0.214175
v 0.472753 0.021427 -0.238211
v 0.660267 0.022692 -0.236958
v 0.628503 0.196290 -0.214011
v 0.346452 0.173980 -0.217898
v 0.303037 0.018362 -0.239164
v 0.457630 0.017066 -0.240481
v 0.457630 0.162769 -0.218095
v 0.318314 0.223043 -0.226603
v 0.330734 0.202239 -0.214145
v 0.457630 0.188482 -0.214145
v 0.458199 0.207743 -0.226603
v 0.303037 0.018362 -0.239164
v 0.457630 0.000000 -0.243407
v 0.457630 0.017066 -0.240481
v 0.266582 0.000000 -0.241579
v 0.346452 0.173980 -0.217898
v 0.330734 0.202239 -0.214145
v 0.457630 0.188482 -0.214145
v 0.457630 0.162769 -0.218095
v 0.504952 0.216386 -0.209961
v 0.493445 0.233026 -0.236240
v 0.453445 0.000000 -0.262028
v 0.500053 0.186728 -0.214175
v 0.472753 0.021427 -0.238211
v 0.469214 0.000000 -0.241366
v 0.083797 0.375668 -0.205569
v 0.087218 0.414771 -0.205569
v 0.044156 0.474538 -0.008182
v 0.038488 0.409746 -0.008182
v 0.280564 0.358454 -0.219969
v 0.283985 0.397556 -0.219969
v 0.087218 0.414771 -0.205569
v 0.083797 0.375668 -0.205569
v 0.280564 0.358454 -0.219969
v 0.335247 0.383783 -0.008182
v 0.340889 0.448276 -0.008182
v 0.283985 0.397556 -0.219969
v 0.226911 0.376170 -0.173512
v 0.131178 0.384545 -0.163980
v 0.122006 0.411727 -0.175961
v 0.244207 0.401036 -0.188201
v 0.280564 0.358454 0.203605
v 0.083797 0.375668 0.189205
v 0.087218 0.414771 0.189205
v 0.283985 0.397556 0.203605
v 0.280564 0.358454 0.203605
v 0.283985 0.397556 0.203605
v 0.340889 0.448276 -0.008182
v 0.335247 0.383783 -0.008182
v 0.083797 0.375668 0.189205
v 0.038488 0.409746 -0.008182
v 0.044156 0.474538 -0.008182
v 0.087218 0.414771 0.189205
v 0.044156 0.474538 -0.008182
v 0.087286 0.470765 -0.008182
v 0.122006 0.411727 0.159597
v 0.087218 0.414771 0.189205
v 0.244207 0.401036 0.171837
v 0.283985 0.397556 0.203605
v 0.340889 0.448276 -0.008182
v 0.296729 0.452140 -0.008182
v 0.296729 0.452140 -0.008182
v 0.283985 0.397556 -0.219969
v 0.340889 0.448276 -0.008182
v 0.244207 0.401036 -0.188201
v 0.122006 0.411727 -0.175961
v 0.087218 0.414771 -0.205569
v 0.087286 0.470765 -0.008182
v 0.044156 0.474538 -0.008182
v 0.296729 0.452140 -0.008182
v 0.226911 0.376170 -0.173512
v 0.244207 0.401036 -0.188201
v 0.275057 0.431885 -0.008182
v 0.244207 0.401036 0.171837
v 0.226911 0.376170 0.157148
v 0.145353 0.391597 0.127635
v 0.125364 0.440332 0.007519
v 0.245335 0.428723 0.008208
v 0.213464 0.385471 0.133592
v 0.125364 0.440332 -0.023883
v 0.145353 0.391597 -0.143999
v 0.213464 0.385471 -0.149956
v 0.245335 0.428723 -0.024572
v 0.087286 0.470765 -0.008182
v 0.131178 0.384546 0.147616
v 0.122006 0.411727 0.159597
v 0.101194 0.448807 -0.008182
v 0.122006 0.411727 -0.175961
v 0.131178 0.384545 -0.163980
v 0.226911 0.376170 0.157148
v 0.244207 0.401036 0.171837
v 0.122006 0.411727 0.159597
v 0.131178 0.384546 0.147616
v 0.083797 0.375668 0.189205
v 0.280564 0.358454 0.203605
v 0.335247 0.383783 -0.008182
v 0.038488 0.409746 -0.008182
v 0.083797 0.375668 -0.205569
v 0.280564 0.358454 -0.219969
v 0.569222 0.171434 0.190439
v 0.516533 0.268488 0.190439
v 0.631060 0.319740 0.186777
v 0.673211 0.242097 0.186777
v 0.744435 0.393855 0.190439
v 0.797124 0.296802 0.190439
v 0.693890 -0.000000 0.222241
v 0.469214 -0.000000 0.223945
v 0.472753 0.021427 0.220791
v 0.660267 0.022692 0.219538
v 0.651050 0.229625 0.192541
v 0.628503 0.196290 0.196590
v 0.504952 0.216386 0.192541
v 0.500053 0.186728 0.196754
v 0.458524 0.274148 -0.236240
v 0.706043 0.294148 -0.236240
v 0.706043 0.294148 0.218819
v 0.458524 0.274148 0.218819
v 0.693890 -0.000000 0.222241
v 0.651050 0.229625 0.192541
v 0.666113 0.250026 0.218819
v 0.713713 -0.000000 0.244307
v 0.247034 -0.000000 0.232284
v 0.318314 0.223043 0.209183
v 0.330734 0.202239 0.196724
v 0.266582 -0.000000 0.224158
v 0.200208 0.000000 -0.249705
v 0.289308 0.262753 -0.226603
v 0.289308 0.262753 0.209183
v 0.200208 -0.000000 0.232284
v 0.289308 0.262753 0.209183
v 0.458199 0.244753 0.209183
v 0.458199 0.207743 0.209183
v 0.318314 0.223043 0.209183
v 0.200208 -0.000000 0.232284
v 0.247034 -0.000000 0.232284
v 0.758043 -0.000000 0.244307
v 0.713713 -0.000000 0.244307
v 0.666113 0.250026 0.218819
v 0.706043 0.294148 0.218819
v 0.493445 0.233026 0.218819
v 0.458524 0.274148 0.218819
v 0.453445 -0.000000 0.244607
v 0.410150 -0.000000 0.244607
v 0.651050 0.229625 0.192541
v 0.504952 0.216386 0.192541
v 0.493445 0.233026 0.218819
v 0.666113 0.250026 0.218819
v 0.500053 0.186728 0.196754
v 0.628503 0.196290 0.196590
v 0.660267 0.022692 0.219538
v 0.472753 0.021427 0.220791
v 0.346452 0.173980 0.200477
v 0.457630 0.162769 0.200675
v 0.457630 0.017066 0.223061
v 0.303037 0.018362 0.221744
v 0.318314 0.223043 0.209183
v 0.458199 0.207743 0.209183
v 0.457630 0.188482 0.196724
v 0.330734 0.202239 0.196724
v 0.303037 0.018362 0.221744
v 0.457630 0.017066 0.223061
v 0.457630 -0.000000 0.225987
v 0.266582 -0.000000 0.224158
v 0.346452 0.173980 0.200477
v 0.330734 0.202239 0.196724
v 0.457630 0.188482 0.196724
v 0.457630 0.162769 0.200675
v 0.289308 0.262753 -0.226603
v 0.458199 0.244753 -0.226603
v 0.458199 0.244753 0.209183
v 0.289308 0.262753 0.209183
v 0.453445 -0.000000 0.244607
v 0.493445 0.233026 0.218819
v 0.504952 0.216386 0.192541
v 0.500053 0.186728 0.196754
v 0.472753 0.021427 0.220791
v 0.469214 -0.000000 0.223945
v 0.410150 0.000000 -0.262028
v 0.458524 0.274148 -0.236240
v 0.458524 0.274148 0.218819
v 0.410150 -0.000000 0.244607
v 0.458524 -0.274148 -0.236240
v 0.458524 -0.274148 0.218819
v 0.569222 -0.171434 0.190439
v 0.631060 -0.319740 0.186777
v 0.516533 -0.268488 0.190439
v 0.673211 -0.242097 0.186777
v 0.744435 -0.393855 0.190439
v 0.797124 -0.296802 0.190439
v 0.673211 -0.242097 -0.204196
v 0.797124 -0.296802 -0.207858
v 0.797124 -0.296802 0.190439
v 0.673211 -0.242097 0.186777
v 0.693890 -0.000000 0.222241
v 0.472753 -0.021427 0.220791
v 0.469214 -0.000000 0.223945
v 0.660267 -0.022693 0.219538
v 0.651050 -0.229625 0.192541
v 0.628503 -0.196290 0.196590
v 0.504952 -0.216386 0.192541
v 0.500053 -0.186728 0.196754
v 0.458199 -0.244753 -0.226603
v 0.289308 -0.262753 -0.226603
v 0.289308 -0.262753 0.209183
v 0.458199 -0.244753 0.209183
v 0.706043 -0.294148 0.218819
v 0.706043 -0.294148 -0.236240
v 0.458524 -0.274148 -0.236240
v 0.458524 -0.274148 0.218819
v 0.693890 -0.000000 0.222241
v 0.713713 -0.000000 0.244307
v 0.666113 -0.250026 0.218819
v 0.651050 -0.229625 0.192541
v 0.247034 -0.000000 0.232284
v 0.266582 -0.000000 0.224158
v 0.330734 -0.202239 0.196724
v 0.318314 -0.223043 0.209183
v 0.289308 -0.262753 0.209183
v 0.458199 -0.207743 0.209183
v 0.458199 -0.244753 0.209183
v 0.318314 -0.223043 0.209183
v 0.200208 -0.000000 0.232284
v 0.247034 -0.000000 0.232284
v 0.758043 -0.000000 0.244307
v 0.666113 -0.250026 0.218819
v 0.713713 -0.000000 0.244307
v 0.706043 -0.294148 0.218819
v 0.493445 -0.233026 0.218819
v 0.458524 -0.274148 0.218819
v 0.453445 -0.000000 0.244607
v 0.410150 -0.000000 0.244607
v 0.651050 -0.229625 0.192541
v 0.666113 -0.250026 0.218819
v 0.493445 -0.233026 0.218819
v 0.504952 -0.216386 0.192541
v 0.500053 -0.186728 0.196754
v 0.472753 -0.021427 0.220791
v 0.660267 -0.022693 0.219538
v 0.628503 -0.196290 0.196590
v 0.346452 -0.173980 0.200477
v 0.303037 -0.018362 0.221744
v 0.457630 -0.017066 0.223061
v 0.457630 -0.162769 0.200675
v 0.318314 -0.223043 0.209183
v 0.330734 -0.202239 0.196724
v 0.457630 -0.188482 0.196724
v 0.458199 -0.207743 0.209183
v 0.303037 -0.018362 0.221744
v 0.457630 -0.000000 0.225987
v 0.457630 -0.017066 0.223061
v 0.266582 -0.000000 0.224158
v 0.346452 -0.173980 0.200477
v 0.330734 -0.202239 0.196724
v 0.457630 -0.188482 0.196724
v 0.457630 -0.162769 0.200675
v 0.453445 -0.000000 0.244607
v 0.469214 -0.000000 0.223945
v 0.472753 -0.021427 0.220791
v 0.493445 -0.233026 0.218819
v 0.500053 -0.186728 0.196754
v 0.504952 -0.216386 0.192541
v 0.093752 -0.000000 -0.226818
v 0.143600 -0.175171 -0.220166
v 0.156662 -0.153442 -0.205252
v 0.069546 -0.000000 -0.235953
v 0.156662 0.153442 -0.205252
v 0.143600 0.175171 -0.220167
v 0.119788 -0.218430 -0.180915
v 0.295232 -0.000000 -0.180914
v 0.300634 -0.189386 -0.180915
v 0.023871 -0.000000 -0.180914
v 0.119788 0.218429 -0.180915
v 0.300634 0.189386 -0.180915
v 0.300635 0.132100 -0.205252
v 0.300632 0.151879 -0.220166
v 0.143600 0.175171 -0.220167
v 0.156662 0.153442 -0.205252
v 0.300635 -0.132100 -0.205252
v 0.270517 -0.114505 -0.208527
v 0.175878 -0.126938 -0.208700
v 0.156662 -0.153442 -0.205252
v 0.093752 -0.000000 -0.226818
v 0.132122 -0.016318 -0.223903
v 0.270515 -0.017034 -0.222751
v 0.270515 -0.000000 -0.225047
v 0.132122 0.016318 -0.223903
v 0.270515 0.017034 -0.222751
v 0.175875 0.126940 -0.208700
v 0.156662 0.153442 -0.205252
v 0.270517 0.114505 -0.208527
v 0.300635 0.132100 -0.205252
v 0.132122 -0.016318 -0.223903
v 0.175878 -0.126938 -0.208700
v 0.270517 -0.114505 -0.208527
v 0.270515 -0.017034 -0.222751
v 0.175875 0.126940 -0.208700
v 0.132122 0.016318 -0.223903
v 0.270515 0.017034 -0.222751
v 0.270517 0.114505 -0.208527
v 0.119788 0.218429 -0.180915
v 0.023871 -0.000000 -0.180914
v 0.023870 -0.000000 -0.235953
v 0.119788 0.218429 -0.220166
v 0.300634 -0.189386 -0.220166
v 0.300632 -0.151879 -0.220166
v 0.143600 -0.175171 -0.220166
v 0.119788 -0.218430 -0.220166
v 0.069546 -0.000000 -0.235953
v 0.023870 -0.000000 -0.235953
v 0.143600 0.175171 -0.220167
v 0.119788 0.218429 -0.220166
v 0.300632 0.151879 -0.220166
v 0.300634 0.189386 -0.220166
v 0.300634 0.189386 -0.180915
v 0.119788 0.218429 -0.180915
v 0.119788 0.218429 -0.220166
v 0.300634 0.189386 -0.220166
v 0.300635 -0.132100 -0.205252
v 0.156662 -0.153442 -0.205252
v 0.143600 -0.175171 -0.220166
v 0.300632 -0.151879 -0.220166
v 0.300634 -0.189386 -0.180915
v 0.300634 -0.189386 -0.220166
v 0.119788 -0.218430 -0.220166
v 0.119788 -0.218430 -0.180915
v 0.119788 -0.218430 -0.180915
v 0.119788 -0.218430 -0.220166
v 0.023870 -0.000000 -0.235953
v 0.023871 -0.000000 -0.180914
v 0.101194 0.448807 -0.008182
v 0.131178 0.384545 -0.163980
v 0.145353 0.391597 -0.143999
v 0.226911 0.376170 -0.173512
v 0.125364 0.440332 -0.023883
v 0.213464 0.385471 -0.149956
v 0.245335 0.428723 -0.024572
v 0.275057 0.431885 -0.008182
v 0.101194 -0.448807 -0.008182
v 0.145353 -0.391597 -0.143999
v 0.131178 -0.384545 -0.163980
v 0.226911 -0.376170 -0.173512
v 0.125364 -0.440332 -0.023883
v 0.213464 -0.385471 -0.149956
v 0.245335 -0.428723 -0.024572
v 0.275057 -0.431885 -0.008182
v 0.101194 0.448807 -0.008182
v 0.125364 0.440332 0.007519
v 0.145353 0.391597 0.127635
v 0.131178 0.384546 0.147616
v 0.275057 0.431885 -0.008182
v 0.213464 0.385471 0.133592
v 0.245335 0.428723 0.008208
v 0.226911 0.376170 0.157148
v 0.101194 -0.448807 -0.008182
v 0.131178 -0.384546 0.147616
v 0.145353 -0.391597 0.127635
v 0.125364 -0.440332 0.007519
v 0.213464 -0.385471 0.133592
v 0.275057 -0.431885 -0.008182
v 0.226911 -0.376170 0.157148
v 0.245335 -0.428723 0.008208
vt 0.030079294 0.361440629
vt 0.030079294 0.377275378
vt 0.0459140316 0.377275378
vt 0.0459140316 0.361440629
vt 0.030079294 0.361440629
vt 0.030079294 0.377275378
vt 0.0459140316 0.377275378
vt 0.0459140316 0.361440629
vt 0.030079294 0.361440629
vt 0.030079294 0.377275378
vt 0.0459140316 0.377275378
vt 0.0459140316 0.361440629
vt 0.030079294 0.361440629
vt 0.030079294 0.377275378
vt 0.0459140316 0.377275378
vt 0.0459140316 0.361440629
vt 0.030079294 0.361440629
vt 0.030079294 0.377275378
vt 0.0459140316 0.377275378
vt 0.0459140316 0.361440629
vt 0.030079294 0.361440629
vt 0.030079294 0.377275378
vt 0.0459140316 0.377275378
vt 0.0459140316 0.361440629
vt 0.033223141 0.177074119
vt 0.0348214954 0.183467552
vt 0.0396165736 0.183467552
vt 0.0396165736 0.177074119
vt 0.030079294 0.361440629
vt 0.030079294 0.377275378
vt 0.0459140316 0.377275378
vt 0.0459140316 0.361440629
vt 0.030079294 0.361440629
vt 0.030079294 0.377275378
vt 0.0459140316 0.377275378
vt 0.0459140316 0.361440629
vt 0.030079294 0.361440629
vt 0.030079294 0.377275378
vt 0.0459140316 0.377275378
vt 0.0459140316 0.361440629
vt 0.033223141 0.177074119
vt 0.0348214954 0.183467552
vt 0.0396165736 0.183467552
vt 0.0396165736 0.177074119
vt 0.033223141 0.177074119
vt 0.033223141 0.183467552
vt 0.0396165736 0.183467552
vt 0.0396165736 0.177074119
vt 0.033223141 0.177074119
vt 0.033223141 0.183467552
vt 0.0396165736 0.183467552
vt 0.0396165736 0.177074119
vt 0.033223141 0.177074119
vt 0.033223141 0.183467552
vt 0.0380182192 0.183467552
vt 0.0396165736 0.177074119
vt 0.030079294 0.361440629
vt 0.030079294 0.377275378
vt 0.0459140316 0.377275378
vt 0.0459140316 0.361440629
vt 0.030079294 0.361440629
vt 0.030079294 0.377275378
vt 0.0459140316 0.377275378
vt 0.0459140316 0.361440629
vt 0.033223141 0.177074119
vt 0.033223141 0.183467552
vt 0.0380182192 0.183467552
vt 0.0396165736 0.177074119
vt 0.030079294 0.361440629
vt 0.030079294 0.377275378
vt 0.0459140316 0.377275378
vt 0.0459140316 0.361440629
vt 0.030079294 0.361440629
vt 0.030079294 0.377275378
vt 0.0459140316 0.377275378
vt 0.0459140316 0.361440629
vt 0.030079294 0.361440629
vt 0.030079294 0.377275378
vt 0.0459140316 0.377275378
vt 0.0459140316 0.361440629
vt 0.0416786447 0.298175782
vt 0.0415935218 0.298175782
vt 0.0415935218 0.298175782
vt 0.0415935218 0.298175782
vt 0.033223141 0.177074119
vt 0.0396165736 0.177074119
vt 0.0380182192 0.183467552
vt 0.0406256951 0.182884559
vt 0.0416673385 0.297756851
vt 0.0415822193 0.297756851
vt 0.0415822193 0.297756851
vt 0.0416673385 0.297756851
vt 0.0413081162 0.179012105
vt 0.033223141 0.177074119
vt 0.0396165736 0.177074119
vt 0.0380182192 0.183467552
vt 0.0413081162 0.179012105
vt 0.033223141 0.177074119
vt 0.0415704027 0.179012105
vt 0.0413081162 0.179012105
vt 0.030079294 0.361440629
vt 0.030079294 0.377275378
vt 0.0459140316 0.377275378
vt 0.0459140316 0.361440629
vt 0.030079294 0.361440629
vt 0.030079294 0.377275378
vt 0.0459140316 0.377275378
vt 0.0459140316 0.361440629
vt 0.030079294 0.361440629
vt 0.030079294 0.377275378
vt 0.0459140316 0.377275378
vt 0.0459140316 0.361440629
vt 0.030079294 0.361440629
vt 0.030079294 0.377275378
vt 0.0459140316 0.377275378
vt 0.0459140316 0.361440629
vt 0.030079294 0.361440629
vt 0.030079294 0.377275378
vt 0.0459140316 0.377275378
vt 0.0459140316 0.361440629
vt 0.030079294 0.361440629
vt 0.030079294 0.377275378
vt 0.0459140316 0.377275378
vt 0.0459140316 0.361440629
vt 0.030079294 0.361440629
vt 0.030079294 0.377275378
vt 0.0459140316 0.377275378
vt 0.0459140316 0.361440629
vt 0.033223141 0.177074119
vt 0.0348214954 0.183467552
vt 0.0396165736 0.183467552
vt 0.0396165736 0.177074119
vt 0.033223141 0.177074119
vt 0.033223141 0.183467552
vt 0.0396165736 0.183467552
vt 0.0396165736 0.177074119
vt 0.033223141 0.177074119
vt 0.033223141 0.183467552
vt 0.0396165736 0.183467552
vt 0.0396165736 0.177074119
vt 0.033223141 0.177074119
vt 0.033223141 0.183467552
vt 0.0380182192 0.183467552
vt 0.0396165736 0.177074119
vt 0.0406256951 0.182884559
vt 0.0406256951 0.182884559
vt 0.030079294 0.361440629
vt 0.030079294 0.377275378
vt 0.0459140316 0.377275378
vt 0.0459140316 0.361440629
vt 0.030079294 0.361440629
vt 0.030079294 0.377275378
vt 0.0459140316 0.377275378
vt 0.0459140316 0.361440629
vt 0.030079294 0.361440629
vt 0.030079294 0.377275378
vt 0.0459140316 0.377275378
vt 0.0459140316 0.361440629
vt 0.0426247306 0.292482048
vt 0.0419599935 0.292482048
vt 0.0419599935 0.292482048
vt 0.0419599935 0.292482048
vt 0.042536471 0.289210707
vt 0.0418717377 0.289210707
vt 0.0418717377 0.289210707
vt 0.042536471 0.289210707
vt 0.0559445508 0.191878676
vt 0.0573209934 0.191871881
vt 0.0571950078 0.188660055
vt 0.0560938418 0.188665539
vt 0.0573209934 0.185205087
vt 0.0559445508 0.185211927
vt 0.0560938418 0.188665539
vt 0.0559445508 0.185211927
vt 0.0559445508 0.185211927
vt 0.0560938418 0.188665539
vt 0.0443700999 0.200189292
vt 0.0427143089 0.200655282
vt 0.0427764356 0.20106709
vt 0.044081565 0.200724721
vt 0.0442691818 0.204813123
vt 0.0440113656 0.204219341
vt 0.0433416739 0.204813123
vt 0.043255724 0.204243362
vt 0.0376551636 0.348741144
vt 0.0374680459 0.3534289
vt 0.0374680459 0.3534289
vt 0.0376551636 0.348741144
vt 0.0417115986 0.364129961
vt 0.0417005196 0.364936948
vt 0.0417511687 0.36500901
vt 0.0417511687 0.364133567
vt 0.0398872234 0.360016435
vt 0.0399578512 0.360748321
vt 0.039980948 0.360690325
vt 0.0399174206 0.360025316
vt 0.0358976498 0.353494883
vt 0.0372266062 0.353494883
vt 0.0372617505 0.352867663
vt 0.036174845 0.352877617
vt 0.0354073793 0.348841369
vt 0.0357940011 0.348931283
vt 0.0436485261 0.371696532
vt 0.0436484814 0.370824039
vt 0.0412444025 0.369891822
vt 0.0408233963 0.370675802
vt 0.0414065011 0.367478251
vt 0.0410140678 0.366789162
vt 0.0436484814 0.366685331
vt 0.0436484367 0.365833223
vt 0.0414029434 0.362707019
vt 0.0414029583 0.363060951
vt 0.041453898 0.363096356
vt 0.041453898 0.362644523
vt 0.0385253131 0.293630004
vt 0.0392809547 0.293605983
vt 0.0393511541 0.290111363
vt 0.0380460285 0.290453732
vt 0.0466682054 0.287469625
vt 0.0487849452 0.287479699
vt 0.0491211414 0.281229496
vt 0.0461315289 0.28059411
vt 0.0399578512 0.360748321
vt 0.0401594341 0.360746473
vt 0.0401623696 0.360688686
vt 0.039980948 0.360690325
vt 0.0335170962 0.222149014
vt 0.0365067087 0.2227844
vt 0.0365459807 0.222051382
vt 0.0328065269 0.221187532
vt 0.0340537727 0.229024529
vt 0.0336635858 0.230159372
vt 0.0361111909 0.230137527
vt 0.0361705124 0.229034573
vt 0.04077667 0.364988834
vt 0.0407780446 0.365064323
vt 0.0408150516 0.365062773
vt 0.0408150516 0.364246339
vt 0.0407665856 0.364406556
vt 0.0407649502 0.364302129
vt 0.0456079878 0.35898608
vt 0.0454763174 0.356922507
vt 0.0451470241 0.356922507
vt 0.0454092585 0.35898608
vt 0.0451362804 0.364738405
vt 0.0451362804 0.362677634
vt 0.0449374281 0.362674564
vt 0.0449374281 0.364735365
vt 0.0456374027 0.359214365
vt 0.0454450995 0.359214365
vt 0.045243457 0.361428529
vt 0.0455606543 0.361428529
vt 0.0436629802 0.358887613
vt 0.0438000672 0.359046996
vt 0.0438000672 0.357764244
vt 0.04366301 0.357882679
vt 0.0430108346 0.364393741
vt 0.0432099327 0.364391983
vt 0.0432099327 0.362327367
vt 0.0430108346 0.362329096
vt 0.0456374027 0.363642663
vt 0.0455606543 0.361428529
vt 0.045243457 0.361428529
vt 0.0454450995 0.363642663
vt 0.0456079878 0.354858905
vt 0.0454092585 0.354858905
vt 0.0451470241 0.356922507
vt 0.0454763174 0.356922507
vt 0.0402024128 0.357154161
vt 0.0406778269 0.358903408
vt 0.0404215232 0.357121527
vt 0.0405128449 0.359235644
vt 0.0413035005 0.358937442
vt 0.0415181816 0.359235644
vt 0.0417099781 0.356930166
vt 0.0414856337 0.356963575
vt 0.0414856337 0.356963575
vt 0.0417099781 0.356930166
vt 0.0413502604 0.354858905
vt 0.0411607698 0.355217218
vt 0.0405447893 0.355436146
vt 0.0403563231 0.355156481
vt 0.0404215232 0.357121527
vt 0.0402024128 0.357154161
vt 0.0425484739 0.364209384
vt 0.0428495556 0.3660914
vt 0.0429889224 0.365937829
vt 0.0426685251 0.364209384
vt 0.0428495556 0.362327367
vt 0.0429889224 0.362480938
vt 0.0432815924 0.287261188
vt 0.0429358408 0.287350237
vt 0.0429284871 0.288746685
vt 0.0435271226 0.288491607
vt 0.0435612947 0.288809419
vt 0.0429641344 0.289078444
vt 0.0432442203 0.290219903
vt 0.0435770266 0.290010244
vt 0.0410815179 0.364103973
vt 0.0414082408 0.365858018
vt 0.0415524617 0.365732759
vt 0.0412039496 0.364103973
vt 0.0414082408 0.362349927
vt 0.0415524617 0.362475157
vt 0.0435247645 0.357927024
vt 0.0435247906 0.358933806
vt 0.0436629802 0.359049439
vt 0.0436629802 0.357764244
vt 0.0428807065 0.359214365
vt 0.0417099781 0.356945485
vt 0.0418887809 0.359214365
vt 0.0431950055 0.357168794
vt 0.0430800803 0.355155051
vt 0.0421026945 0.354858905
vt 0.030079294 0.361440629
vt 0.0459140316 0.361440629
vt 0.0459140316 0.377275378
vt 0.030079294 0.377275378
vt 0.030079294 0.361440629
vt 0.0459140316 0.361440629
vt 0.0459140316 0.377275378
vt 0.030079294 0.377275378
vt 0.030079294 0.361440629
vt 0.0459140316 0.361440629
vt 0.0459140316 0.377275378
vt 0.030079294 0.377275378
vt 0.030079294 0.361440629
vt 0.0459140316 0.361440629
vt 0.0459140316 0.377275378
vt 0.030079294 0.377275378
vt 0.030079294 0.361440629
vt 0.0459140316 0.361440629
vt 0.0459140316 0.377275378
vt 0.030079294 0.377275378
vt 0.030079294 0.361440629
vt 0.0459140316 0.361440629
vt 0.0459140316 0.377275378
vt 0.030079294 0.377275378
vt 0.033223141 0.177074119
vt 0.0396165736 0.177074119
vt 0.0396165736 0.183467552
vt 0.0348214954 0.183467552
vt 0.030079294 0.361440629
vt 0.0459140316 0.361440629
vt 0.0459140316 0.377275378
vt 0.030079294 0.377275378
vt 0.030079294 0.361440629
vt 0.0459140316 0.361440629
vt 0.0459140316 0.377275378
vt 0.030079294 0.377275378
vt 0.030079294 0.361440629
vt 0.0459140316 0.361440629
vt 0.0459140316 0.377275378
vt 0.030079294 0.377275378
vt 0.033223141 0.177074119
vt 0.0396165736 0.177074119
vt 0.0396165736 0.183467552
vt 0.0348214954 0.183467552
vt 0.033223141 0.177074119
vt 0.0396165736 0.177074119
vt 0.0396165736 0.183467552
vt 0.033223141 0.183467552
vt 0.033223141 0.177074119
vt 0.0396165736 0.177074119
vt 0.0396165736 0.183467552
vt 0.033223141 0.183467552
vt 0.033223141 0.177074119
vt 0.0396165736 0.177074119
vt 0.0380182192 0.183467552
vt 0.033223141 0.183467552
vt 0.030079294 0.361440629
vt 0.0459140316 0.361440629
vt 0.0459140316 0.377275378
vt 0.030079294 0.377275378
vt 0.030079294 0.361440629
vt 0.0459140316 0.361440629
vt 0.0459140316 0.377275378
vt 0.030079294 0.377275378
vt 0.033223141 0.177074119
vt 0.0396165736 0.177074119
vt 0.0380182192 0.183467552
vt 0.033223141 0.183467552
vt 0.030079294 0.361440629
vt 0.0459140316 0.361440629
vt 0.0459140316 0.377275378
vt 0.030079294 0.377275378
vt 0.030079294 0.361440629
vt 0.0459140316 0.361440629
vt 0.0459140316 0.377275378
vt 0.030079294 0.377275378
vt 0.030079294 0.361440629
vt 0.0459140316 0.361440629
vt 0.0459140316 0.377275378
vt 0.030079294 0.377275378
vt 0.0416786447 0.298175782
vt 0.0415935218 0.298175782
vt 0.0415935218 0.298175782
vt 0.0415935218 0.298175782
vt 0.0348214954 0.183467552
vt 0.0414125808 0.182884559
vt 0.0396165736 0.177074119
vt 0.033223141 0.177074119
vt 0.0416673385 0.297756851
vt 0.0416673385 0.297756851
vt 0.0415822193 0.297756851
vt 0.0415822193 0.297756851
vt 0.033223141 0.177074119
vt 0.0348214954 0.183467552
vt 0.0413081162 0.179012105
vt 0.0396165736 0.177074119
vt 0.033223141 0.177074119
vt 0.0348214954 0.183467552
vt 0.0413081162 0.179012105
vt 0.0415704027 0.179012105
vt 0.030079294 0.361440629
vt 0.0459140316 0.361440629
vt 0.0459140316 0.377275378
vt 0.030079294 0.377275378
vt 0.030079294 0.361440629
vt 0.0459140316 0.361440629
vt 0.0459140316 0.377275378
vt 0.030079294 0.377275378
vt 0.030079294 0.361440629
vt 0.0459140316 0.361440629
vt 0.0459140316 0.377275378
vt 0.030079294 0.377275378
vt 0.030079294 0.361440629
vt 0.0459140316 0.361440629
vt 0.0459140316 0.377275378
vt 0.030079294 0.377275378
vt 0.030079294 0.361440629
vt 0.0459140316 0.361440629
vt 0.0459140316 0.377275378
vt 0.030079294 0.377275378
vt 0.030079294 0.361440629
vt 0.0459140316 0.361440629
vt 0.0459140316 0.377275378
vt 0.030079294 0.377275378
vt 0.030079294 0.361440629
vt 0.0459140316 0.361440629
vt 0.0459140316 0.377275378
vt 0.030079294 0.377275378
vt 0.033223141 0.177074119
vt 0.0396165736 0.177074119
vt 0.0396165736 0.183467552
vt 0.0348214954 0.183467552
vt 0.033223141 0.177074119
vt 0.0396165736 0.177074119
vt 0.0396165736 0.183467552
vt 0.033223141 0.183467552
vt 0.033223141 0.177074119
vt 0.0396165736 0.177074119
vt 0.0396165736 0.183467552
vt 0.033223141 0.183467552
vt 0.033223141 0.177074119
vt 0.0396165736 0.177074119
vt 0.0380182192 0.183467552
vt 0.033223141 0.183467552
vt 0.030079294 0.361440629
vt 0.0459140316 0.361440629
vt 0.0459140316 0.377275378
vt 0.030079294 0.377275378
vt 0.030079294 0.361440629
vt 0.0459140316 0.361440629
vt 0.0459140316 0.377275378
vt 0.030079294 0.377275378
vt 0.030079294 0.361440629
vt 0.0459140316 0.361440629
vt 0.0459140316 0.377275378
vt 0.030079294 0.377275378
vt 0.0426247306 0.292482048
vt 0.0419599935 0.292482048
vt 0.0419599935 0.292482048
vt 0.0419599935 0.292482048
vt 0.042536471 0.289210707
vt 0.042536471 0.289210707
vt 0.0418717377 0.289210707
vt 0.0418717377 0.289210707
vt 0.0396165736 0.177074119
vt 0.0406256951 0.182884559
vt 0.0406256951 0.182884559
vt 0.0414125808 0.182884559
vt 0.0559445508 0.191878676
vt 0.0571950078 0.188660055
vt 0.0573209934 0.191871881
vt 0.0560938418 0.188665539
vt 0.0573209934 0.185205087
vt 0.0559445508 0.185211927
vt 0.0573209934 0.185205087
vt 0.0573209934 0.185205087
vt 0.0571950078 0.188660055
vt 0.0571950078 0.188660055
vt 0.0573209934 0.191871881
vt 0.0573209934 0.191871881
vt 0.0573209934 0.185205087
vt 0.0571950078 0.188660055
vt 0.0573209934 0.185205087
vt 0.0571950078 0.188660055
vt 0.0573209934 0.191871881
vt 0.0573209934 0.191871881
vt 0.0443700999 0.200189292
vt 0.0427764356 0.20106709
vt 0.0427143089 0.200655282
vt 0.044081565 0.200724721
vt 0.0442691818 0.204813123
vt 0.0440113656 0.204219341
vt 0.0433416739 0.204813123
vt 0.043255724 0.204243362
vt 0.0438924171 0.376993239
vt 0.0436485261 0.371111393
vt 0.0438924171 0.376993239
vt 0.0436485261 0.371111393
vt 0.0438924171 0.376993239
vt 0.0438924171 0.376993239
vt 0.0417115986 0.364129961
vt 0.0417511687 0.364133567
vt 0.0417511687 0.36500901
vt 0.0417005196 0.364936948
vt 0.0398872234 0.360016435
vt 0.0399174206 0.360025316
vt 0.039980948 0.360690325
vt 0.0399578512 0.360748321
vt 0.0358976498 0.353494883
vt 0.0372617505 0.352867663
vt 0.0372266062 0.353494883
vt 0.036174845 0.352877617
vt 0.0354073793 0.348841369
vt 0.0357940011 0.348931283
vt 0.0436485261 0.371696532
vt 0.0412444025 0.369891822
vt 0.0436484814 0.370824039
vt 0.0408233963 0.370675802
vt 0.0414065011 0.367478251
vt 0.0410140678 0.366789162
vt 0.0436484814 0.366685331
vt 0.0436484367 0.365833223
vt 0.0414029434 0.362707019
vt 0.041453898 0.362644523
vt 0.041453898 0.363096356
vt 0.0414029583 0.363060951
vt 0.0385253131 0.293630004
vt 0.0380460285 0.290453732
vt 0.0393511541 0.290111363
vt 0.0392809547 0.293605983
vt 0.0466682054 0.287469625
vt 0.0461315289 0.28059411
vt 0.0491211414 0.281229496
vt 0.0487849452 0.287479699
vt 0.0399578512 0.360748321
vt 0.039980948 0.360690325
vt 0.0401623696 0.360688686
vt 0.0401594341 0.360746473
vt 0.0335170962 0.222149014
vt 0.0365459807 0.222051382
vt 0.0365067087 0.2227844
vt 0.0328065269 0.221187532
vt 0.0340537727 0.229024529
vt 0.0336635858 0.230159372
vt 0.0361111909 0.230137527
vt 0.0361705124 0.229034573
vt 0.0407649502 0.364302129
vt 0.0408150516 0.364246339
vt 0.0408150516 0.365062773
vt 0.0407665856 0.364406556
vt 0.04077667 0.364988834
vt 0.0407780446 0.365064323
vt 0.0456079878 0.35898608
vt 0.0454092585 0.35898608
vt 0.0451470241 0.356922507
vt 0.0454763174 0.356922507
vt 0.0451362804 0.364738405
vt 0.0449374281 0.364735365
vt 0.0449374281 0.362674564
vt 0.0451362804 0.362677634
vt 0.0456374027 0.359214365
vt 0.0455606543 0.361428529
vt 0.045243457 0.361428529
vt 0.0454450995 0.359214365
vt 0.0436629802 0.358887613
vt 0.04366301 0.357882679
vt 0.0438000672 0.357764244
vt 0.0438000672 0.359046996
vt 0.0430108346 0.364393741
vt 0.0430108346 0.362329096
vt 0.0432099327 0.362327367
vt 0.0432099327 0.364391983
vt 0.0456374027 0.363642663
vt 0.0454450995 0.363642663
vt 0.045243457 0.361428529
vt 0.0455606543 0.361428529
vt 0.0456079878 0.354858905
vt 0.0454763174 0.356922507
vt 0.0451470241 0.356922507
vt 0.0454092585 0.354858905
vt 0.0402024128 0.357154161
vt 0.0404215232 0.357121527
vt 0.0406778269 0.358903408
vt 0.0405128449 0.359235644
vt 0.0413035005 0.358937442
vt 0.0415181816 0.359235644
vt 0.0417099781 0.356930166
vt 0.0414856337 0.356963575
vt 0.0414856337 0.356963575
vt 0.0413502604 0.354858905
vt 0.0417099781 0.356930166
vt 0.0411607698 0.355217218
vt 0.0405447893 0.355436146
vt 0.0403563231 0.355156481
vt 0.0404215232 0.357121527
vt 0.0402024128 0.357154161
vt 0.0425484739 0.364209384
vt 0.0429889224 0.365937829
vt 0.0428495556 0.3660914
vt 0.0426685251 0.364209384
vt 0.0428495556 0.362327367
vt 0.0429889224 0.362480938
vt 0.0432815924 0.287261188
vt 0.0435271226 0.288491607
vt 0.0429284871 0.288746685
vt 0.0429358408 0.287350237
vt 0.0435612947 0.288809419
vt 0.0435770266 0.290010244
vt 0.0432442203 0.290219903
vt 0.0429641344 0.289078444
vt 0.0410815179 0.364103973
vt 0.0415524617 0.365732759
vt 0.0414082408 0.365858018
vt 0.0412039496 0.364103973
vt 0.0414082408 0.362349927
vt 0.0415524617 0.362475157
vt 0.0435247645 0.357927024
vt 0.0436629802 0.357764244
vt 0.0436629802 0.359049439
vt 0.0435247906 0.358933806
vt 0.0428807065 0.359214365
vt 0.0418887809 0.359214365
vt 0.0417099781 0.356945485
vt 0.0431950055 0.357168794
vt 0.0430800803 0.355155051
vt 0.0421026945 0.354858905
vt 0.0559445508 0.191878676
vt 0.0573209934 0.191871881
vt 0.0571950078 0.188660055
vt 0.0560938418 0.188665539
vt 0.0573209934 0.185205087
vt 0.0559445508 0.185211927
vt 0.0443700999 0.200189292
vt 0.0427143089 0.200655282
vt 0.0427764356 0.20106709
vt 0.044081565 0.200724721
vt 0.0442691818 0.204813123
vt 0.0440113656 0.204219341
vt 0.0433416739 0.204813123
vt 0.043255724 0.204243362
vt 0.0393047892 0.376759768
vt 0.0393047892 0.380632579
vt 0.0393047892 0.380632579
vt 0.0393047892 0.376759768
vt 0.0417115986 0.364129961
vt 0.0417005196 0.364936948
vt 0.0417511687 0.36500901
vt 0.0417511687 0.364133567
vt 0.0398872234 0.360016435
vt 0.0399578512 0.360748321
vt 0.039980948 0.360690325
vt 0.0399174206 0.360025316
vt 0.0374680459 0.3534289
vt 0.0376551636 0.348741144
vt 0.0376551636 0.348741144
vt 0.0374680459 0.3534289
vt 0.0358976498 0.353494883
vt 0.0372266062 0.353494883
vt 0.0372617505 0.352867663
vt 0.036174845 0.352877617
vt 0.0354073793 0.348841369
vt 0.0357940011 0.348931283
vt 0.0436485261 0.371696532
vt 0.0436484814 0.370824039
vt 0.0412444025 0.369891822
vt 0.0408233963 0.370675802
vt 0.0414065011 0.367478251
vt 0.0410140678 0.366789162
vt 0.0436484814 0.366685331
vt 0.0436484367 0.365833223
vt 0.0414029434 0.362707019
vt 0.0414029583 0.363060951
vt 0.041453898 0.363096356
vt 0.041453898 0.362644523
vt 0.0385253131 0.293630004
vt 0.0392809547 0.293605983
vt 0.0393511541 0.290111363
vt 0.0380460285 0.290453732
vt 0.0466682054 0.287469625
vt 0.0487849452 0.287479699
vt 0.0491211414 0.281229496
vt 0.0461315289 0.28059411
vt 0.0399578512 0.360748321
vt 0.0401594341 0.360746473
vt 0.0401623696 0.360688686
vt 0.039980948 0.360690325
vt 0.0335170962 0.222149014
vt 0.0365067087 0.2227844
vt 0.0365459807 0.222051382
vt 0.0328065269 0.221187532
vt 0.0340537727 0.229024529
vt 0.0336635858 0.230159372
vt 0.0361111909 0.230137527
vt 0.0361705124 0.229034573
vt 0.0354318134 0.36830923
vt 0.0354318134 0.365581632
vt 0.0354318134 0.365581632
vt 0.0354318134 0.36830923
vt 0.0408150516 0.365062773
vt 0.0408150516 0.364246339
vt 0.0407649502 0.364302129
vt 0.0407665856 0.364406556
vt 0.04077667 0.364988834
vt 0.0407780446 0.365064323
vt 0.0424026884 0.371696532
vt 0.042155914 0.377178133
vt 0.042155914 0.377178133
vt 0.0424026884 0.371696532
vt 0.042155914 0.377178133
vt 0.042155914 0.377178133
vt 0.0559445508 0.191878676
vt 0.0571950078 0.188660055
vt 0.0573209934 0.191871881
vt 0.0560938418 0.188665539
vt 0.0573209934 0.185205087
vt 0.0559445508 0.185211927
vt 0.0560938418 0.188665539
vt 0.0559445508 0.185211927
vt 0.0559445508 0.185211927
vt 0.0560938418 0.188665539
vt 0.0443700999 0.200189292
vt 0.0427764356 0.20106709
vt 0.0427143089 0.200655282
vt 0.044081565 0.200724721
vt 0.0442691818 0.204813123
vt 0.0440113656 0.204219341
vt 0.0433416739 0.204813123
vt 0.043255724 0.204243362
vt 0.0354318134 0.365581632
vt 0.0354318134 0.36830923
vt 0.0354318134 0.36830923
vt 0.0354318134 0.365581632
vt 0.0393047892 0.380632579
vt 0.0393047892 0.380632579
vt 0.0393047892 0.376759768
vt 0.0393047892 0.376759768
vt 0.0417115986 0.364129961
vt 0.0417511687 0.364133567
vt 0.0417511687 0.36500901
vt 0.0417005196 0.364936948
vt 0.0398872234 0.360016435
vt 0.0399174206 0.360025316
vt 0.039980948 0.360690325
vt 0.0399578512 0.360748321
vt 0.0358976498 0.353494883
vt 0.0372617505 0.352867663
vt 0.0372266062 0.353494883
vt 0.036174845 0.352877617
vt 0.0354073793 0.348841369
vt 0.0357940011 0.348931283
vt 0.0436485261 0.371696532
vt 0.0412444025 0.369891822
vt 0.0436484814 0.370824039
vt 0.0408233963 0.370675802
vt 0.0414065011 0.367478251
vt 0.0410140678 0.366789162
vt 0.0436484814 0.366685331
vt 0.0436484367 0.365833223
vt 0.0414029434 0.362707019
vt 0.041453898 0.362644523
vt 0.041453898 0.363096356
vt 0.0414029583 0.363060951
vt 0.0385253131 0.293630004
vt 0.0380460285 0.290453732
vt 0.0393511541 0.290111363
vt 0.0392809547 0.293605983
vt 0.0466682054 0.287469625
vt 0.0461315289 0.28059411
vt 0.0491211414 0.281229496
vt 0.0487849452 0.287479699
vt 0.0399578512 0.360748321
vt 0.039980948 0.360690325
vt 0.0401623696 0.360688686
vt 0.0401594341 0.360746473
vt 0.0335170962 0.222149014
vt 0.0365459807 0.222051382
vt 0.0365067087 0.2227844
vt 0.0328065269 0.221187532
vt 0.0340537727 0.229024529
vt 0.0336635858 0.230159372
vt 0.0361111909 0.230137527
vt 0.0361705124 0.229034573
vt 0.0408150516 0.365062773
vt 0.0407780446 0.365064323
vt 0.04077667 0.364988834
vt 0.0408150516 0.364246339
vt 0.0407665856 0.364406556
vt 0.0407649502 0.364302129
vt 0.0412039496 0.364103973
vt 0.0414082408 0.362349927
vt 0.0415524617 0.362475157
vt 0.0410815179 0.364103973
vt 0.0415524617 0.365732759
vt 0.0414082408 0.365858018
vt 0.0430800803 0.355155051
vt 0.0417099781 0.356945485
vt 0.0421026945 0.354858905
vt 0.0431950055 0.357168794
vt 0.0428807065 0.359214365
vt 0.0418887809 0.359214365
vt 0.0435247645 0.357927024
vt 0.0436629802 0.357764244
vt 0.0436629802 0.359049439
vt 0.0435247906 0.358933806
vt 0.0432002209 0.194215104
vt 0.0432442203 0.193957344
vt 0.0435770266 0.193747684
vt 0.0436666533 0.193908408
vt 0.0436666533 0.192342833
vt 0.0435612947 0.192546859
vt 0.0429641344 0.192815885
vt 0.0428001769 0.192722455
vt 0.0435271226 0.192229047
vt 0.0429284871 0.192484125
vt 0.0432815924 0.190998629
vt 0.0433277488 0.190754905
vt 0.0429358408 0.191087678
vt 0.0428405702 0.190868691
vt 0.0435612947 0.288809419
vt 0.0435770266 0.290010244
vt 0.0432442203 0.290219903
vt 0.0429641344 0.289078444
vt 0.0432815924 0.287261188
vt 0.0435271226 0.288491607
vt 0.0429284871 0.288746685
vt 0.0429358408 0.287350237
vt 0.0456079878 0.354858905
vt 0.0454763174 0.356922507
vt 0.0451470241 0.356922507
vt 0.0454092585 0.354858905
vt 0.0413502604 0.354858905
vt 0.0411607698 0.355217218
vt 0.0405447893 0.355436146
vt 0.0403563231 0.355156481
vt 0.0404215232 0.357121527
vt 0.0402024128 0.357154161
vt 0.0406778269 0.358903408
vt 0.0405128449 0.359235644
vt 0.0413035005 0.358937442
vt 0.0415181816 0.359235644
vt 0.0430108346 0.364393741
vt 0.0430108346 0.362329096
vt 0.0432099327 0.362327367
vt 0.0432099327 0.364391983
vt 0.0436629802 0.358887613
vt 0.04366301 0.357882679
vt 0.0438000672 0.357764244
vt 0.0438000672 0.359046996
vt 0.0451362804 0.364738405
vt 0.0449374281 0.364735365
vt 0.0449374281 0.362674564
vt 0.0451362804 0.362677634
vt 0.0456079878 0.35898608
vt 0.0454092585 0.35898608
vt 0.0451470241 0.356922507
vt 0.0454763174 0.356922507
vt 0.0436666533 0.192342833
vt 0.0436666533 0.193908408
vt 0.0435770266 0.193747684
vt 0.0432002209 0.194215104
vt 0.0435612947 0.192546859
vt 0.0432442203 0.193957344
vt 0.0429641344 0.192815885
vt 0.0428001769 0.192722455
vt 0.0436666533 0.192342833
vt 0.0435770266 0.193747684
vt 0.0436666533 0.193908408
vt 0.0432002209 0.194215104
vt 0.0435612947 0.192546859
vt 0.0432442203 0.193957344
vt 0.0429641344 0.192815885
vt 0.0428001769 0.192722455
vt 0.0436666533 0.192342833
vt 0.0435271226 0.192229047
vt 0.0432815924 0.190998629
vt 0.0433277488 0.190754905
vt 0.0428001769 0.192722455
vt 0.0429358408 0.191087678
vt 0.0429284871 0.192484125
vt 0.0428405702 0.190868691
vt 0.0436666533 0.192342833
vt 0.0433277488 0.190754905
vt 0.0432815924 0.190998629
vt 0.0435271226 0.192229047
vt 0.0429358408 0.191087678
vt 0.0428001769 0.192722455
vt 0.0428405702 0.190868691
vt 0.0429284871 0.192484125
vn -0.249523 -0.931233 0.265599
vn -0.249523 -0.931233 0.265599
vn -0.249523 -0.931233 0.265599
vn -0.249523 -0.931233 0.265599
vn -0.000000 0.000000 1.000000
vn -0.000000 0.000000 1.000000
vn -0.000000 0.000000 1.000000
vn -0.000000 0.000000 1.000000
vn 0.249523 0.931233 -0.265599
vn 0.249523 0.931233 -0.265599
vn 0.249523 0.931233 -0.265599
vn 0.249523 0.931233 -0.265599
vn -0.000000 0.000000 -1.000000
vn -0.000000 0.000000 -1.000000
vn -0.000000 0.000000 -1.000000
vn -0.000000 0.000000 -1.000000
vn -0.965926 0.258819 -0.000000
vn -0.965926 0.258819 -0.000000
vn -0.965926 0.258819 -0.000000
vn -0.965926 0.258819 -0.000000
vn 0.942783 -0.257355 0.211962
vn 0.944169 -0.270117 0.188634
vn 0.952732 -0.238156 0.188634
vn 0.945152 -0.248516 0.211962
vn 0.934232 -0.283874 0.215930
vn 0.897654 -0.309417 0.313814
vn 0.936140 -0.319243 0.147399
vn 0.944169 -0.270117 0.188634
vn 0.940169 -0.260292 0.219843
vn 0.934232 -0.283874 0.215930
vn 0.944169 -0.270117 0.188634
vn 0.942783 -0.257355 0.211962
vn 0.944356 -0.244664 -0.219843
vn 0.951006 -0.221274 -0.215930
vn 0.952732 -0.238157 -0.188634
vn 0.945152 -0.248516 -0.211962
vn 0.945152 -0.248516 -0.211962
vn 0.952732 -0.238157 -0.188634
vn 0.944169 -0.270117 -0.188634
vn 0.942783 -0.257355 -0.211962
vn 0.951006 -0.221274 -0.215930
vn 0.932099 -0.180864 -0.313814
vn 0.970342 -0.191598 -0.147399
vn 0.952732 -0.238157 -0.188634
vn 0.952732 -0.238157 -0.188634
vn 0.970342 -0.191598 -0.147399
vn 0.936140 -0.319243 -0.147399
vn 0.944169 -0.270117 -0.188634
vn 0.944169 -0.270117 0.188634
vn 0.936140 -0.319243 0.147399
vn 0.970342 -0.191598 0.147399
vn 0.952732 -0.238156 0.188634
vn 0.952732 -0.238156 0.188634
vn 0.970342 -0.191598 0.147399
vn 0.932099 -0.180864 0.313814
vn 0.951006 -0.221274 0.215930
vn 0.945152 -0.248516 0.211962
vn 0.952732 -0.238156 0.188634
vn 0.951006 -0.221274 0.215930
vn 0.944356 -0.244664 0.219843
vn 0.942783 -0.257355 -0.211962
vn 0.944169 -0.270117 -0.188634
vn 0.934232 -0.283874 -0.215930
vn 0.940169 -0.260292 -0.219843
vn 0.944169 -0.270117 -0.188634
vn 0.936140 -0.319243 -0.147399
vn 0.897654 -0.309417 -0.313814
vn 0.934232 -0.283874 -0.215930
vn -0.965926 0.258819 -0.000000
vn -0.965926 0.258819 -0.000000
vn -0.965926 0.258819 -0.000000
vn -0.965926 0.258819 -0.000000
vn 0.249523 0.931233 0.265599
vn 0.249523 0.931233 0.265599
vn 0.249523 0.931233 0.265599
vn 0.249523 0.931233 0.265599
vn -0.249523 -0.931233 -0.265599
vn -0.249523 -0.931233 -0.265599
vn -0.249523 -0.931233 -0.265599
vn -0.249523 -0.931233 -0.265599
vn 0.932099 -0.180864 0.313814
vn 0.970342 -0.191598 0.147399
vn 0.936140 -0.319243 0.147399
vn 0.897654 -0.309417 0.313814
vn 0.859049 -0.230182 0.457220
vn 0.859049 -0.230182 0.457220
vn 0.932099 -0.180864 0.313814
vn 0.897654 -0.309417 0.313814
vn 0.897654 -0.309417 -0.313814
vn 0.936140 -0.319243 -0.147399
vn 0.970342 -0.191598 -0.147399
vn 0.932099 -0.180864 -0.313814
vn 0.932099 -0.180864 -0.313814
vn 0.859050 -0.230182 -0.457220
vn 0.859050 -0.230182 -0.457220
vn 0.897654 -0.309417 -0.313814
vn 0.908698 -0.304421 -0.285649
vn 0.890606 -0.379568 -0.250498
vn 0.849329 -0.364622 -0.381695
vn 0.863520 -0.390413 -0.319234
vn -0.404109 -0.866616 0.292698
vn -0.404109 -0.866616 0.292698
vn -0.404109 -0.866616 0.292698
vn -0.404109 -0.866616 0.292698
vn -0.000000 0.000000 1.000000
vn -0.000000 0.000000 1.000000
vn -0.000000 0.000000 1.000000
vn -0.000000 0.000000 1.000000
vn -0.000000 0.000000 -1.000000
vn -0.000000 0.000000 -1.000000
vn -0.000000 0.000000 -1.000000
vn -0.000000 0.000000 -1.000000
vn -0.906308 0.422618 -0.000000
vn -0.906308 0.422618 -0.000000
vn -0.906308 0.422618 -0.000000
vn -0.906308 0.422618 -0.000000
vn 0.883480 -0.411974 0.223025
vn 0.889599 -0.414827 0.191137
vn 0.893288 -0.393668 0.216940
vn 0.882893 -0.405739 0.236382
vn 0.882535 -0.402657 -0.242897
vn 0.890606 -0.379568 -0.250498
vn 0.893288 -0.393668 -0.216940
vn 0.882893 -0.405739 -0.236382
vn 0.882893 -0.405739 -0.236382
vn 0.893288 -0.393668 -0.216940
vn 0.889599 -0.414827 -0.191136
vn 0.883481 -0.411974 -0.223024
vn 0.890606 -0.379568 -0.250498
vn 0.908698 -0.304421 -0.285649
vn 0.930583 -0.327446 -0.163692
vn 0.893288 -0.393668 -0.216940
vn 0.893288 -0.393668 -0.216940
vn 0.930583 -0.327446 -0.163692
vn 0.895072 -0.417379 -0.156971
vn 0.889599 -0.414827 -0.191136
vn 0.889599 -0.414827 0.191137
vn 0.895072 -0.417379 0.156971
vn 0.930583 -0.327446 0.163692
vn 0.893288 -0.393668 0.216940
vn 0.893288 -0.393668 0.216940
vn 0.930583 -0.327446 0.163692
vn 0.908698 -0.304421 0.285649
vn 0.890606 -0.379568 0.250498
vn 0.849329 -0.364622 0.381695
vn 0.863520 -0.390413 0.319235
vn 0.882893 -0.405739 0.236382
vn 0.893288 -0.393668 0.216940
vn 0.890606 -0.379568 0.250498
vn 0.882535 -0.402657 0.242897
vn -0.906308 0.422618 -0.000000
vn -0.906308 0.422618 -0.000000
vn -0.906308 0.422618 -0.000000
vn -0.906308 0.422618 -0.000000
vn -0.404110 -0.866616 -0.292698
vn -0.404110 -0.866616 -0.292698
vn -0.404110 -0.866616 -0.292698
vn -0.404110 -0.866616 -0.292698
vn 0.908698 -0.304421 0.285649
vn 0.930583 -0.327446 0.163692
vn 0.895072 -0.417379 0.156971
vn 0.863520 -0.390413 0.319235
vn 0.863520 -0.390413 -0.319234
vn 0.895072 -0.417379 -0.156971
vn 0.930583 -0.327446 -0.163692
vn 0.908698 -0.304421 -0.285649
vn 0.025713 -0.013959 -0.999572
vn 0.025713 -0.013959 -0.999572
vn -0.000000 0.000000 -1.000000
vn 0.000133 0.000000 -1.000000
vn -0.023830 0.012937 -0.999632
vn -0.023830 0.012937 -0.999632
vn 0.403871 -0.914816 -0.000000
vn 0.403871 -0.914816 -0.000000
vn 0.403871 -0.914816 -0.000000
vn 0.403871 -0.914816 -0.000000
vn 0.002038 0.000000 -0.999998
vn 0.006753 0.000000 -0.999977
vn 0.000949 -0.137105 -0.990556
vn 0.000915 -0.135346 -0.990798
vn -0.005162 -0.131702 -0.991276
vn -0.001770 -0.135321 -0.990800
vn -0.010585 -0.134590 -0.990845
vn -0.001328 -0.137040 -0.990565
vn -0.947032 -0.321140 -0.000000
vn -0.947032 -0.321140 -0.000000
vn -0.947032 -0.321140 -0.000000
vn -0.947032 -0.321140 -0.000000
vn -0.794593 0.000000 -0.607142
vn -0.792065 0.079712 -0.605210
vn -0.792065 0.079712 -0.605210
vn -0.794593 0.000000 -0.607142
vn 0.512875 0.000000 -0.858463
vn 0.511913 0.061201 -0.856854
vn 0.511913 0.061201 -0.856854
vn 0.512875 0.000000 -0.858463
vn 0.029094 -0.055560 -0.998031
vn -0.000000 0.000000 -1.000000
vn -0.000000 0.000000 -1.000000
vn 0.027297 -0.052128 -0.998267
vn 0.042425 0.000000 -0.999100
vn 0.042425 0.000000 -0.999100
vn -0.044719 0.000000 -0.999000
vn -0.044719 0.000000 -0.999000
vn -0.025251 -0.048220 -0.998518
vn -0.028173 -0.053801 -0.998154
vn 0.027291 -0.051907 -0.998279
vn 0.025961 -0.049378 -0.998443
vn 0.048920 0.000000 -0.998803
vn 0.048920 0.000000 -0.998803
vn 0.077540 0.817398 -0.570831
vn 0.077540 0.817398 -0.570831
vn 0.077540 0.817398 -0.570831
vn 0.077540 0.817398 -0.570831
vn -0.001328 -0.137040 -0.990565
vn -0.001770 -0.135321 -0.990800
vn 0.000915 -0.135346 -0.990798
vn 0.000949 -0.137105 -0.990556
vn 0.002580 -0.141663 -0.989912
vn 0.002697 -0.143481 -0.989649
vn -0.000172 -0.145134 -0.989412
vn -0.000828 -0.143686 -0.989623
vn -0.058781 0.539678 -0.839817
vn -0.058781 0.539678 -0.839817
vn -0.058781 0.539678 -0.839817
vn -0.058781 0.539678 -0.839817
vn -0.000828 -0.143686 -0.989623
vn -0.000172 -0.145134 -0.989412
vn -0.008503 0.000000 -0.999964
vn -0.002182 0.000000 -0.999998
vn 0.002580 -0.141663 -0.989912
vn 0.006272 -0.139352 -0.990223
vn 0.014428 -0.145400 -0.989268
vn 0.002697 -0.143481 -0.989649
vn 0.810799 0.073049 -0.580748
vn 0.794939 0.000000 -0.606689
vn 0.813584 0.014448 -0.581268
vn 0.878375 0.081669 -0.470944
vn 0.893054 0.083263 -0.442180
vn 0.892074 0.084254 -0.443966
vn -0.967865 -0.084672 -0.236786
vn -0.967865 -0.084672 -0.236786
vn -0.967865 -0.084672 -0.236786
vn -0.967865 -0.084672 -0.236786
vn -0.072435 -0.006337 -0.997353
vn -0.072435 -0.006337 -0.997353
vn -0.072435 -0.006337 -0.997353
vn -0.072435 -0.006337 -0.997353
vn 0.967176 0.084617 -0.239603
vn 0.967176 0.084617 -0.239603
vn 0.967176 0.084617 -0.239603
vn 0.967176 0.084617 -0.239603
vn 0.127169 -0.436529 0.890657
vn 0.127169 -0.436529 0.890657
vn 0.127169 -0.436529 0.890657
vn 0.127169 -0.436529 0.890657
vn -0.072435 -0.006337 0.997353
vn -0.072435 -0.006337 0.997353
vn -0.072435 -0.006337 0.997353
vn -0.072435 -0.006337 0.997353
vn 0.967176 0.084617 0.239603
vn 0.967176 0.084617 0.239603
vn 0.967176 0.084617 0.239603
vn 0.967176 0.084617 0.239603
vn -0.967865 -0.084672 0.236786
vn -0.967865 -0.084672 0.236786
vn -0.967865 -0.084672 0.236786
vn -0.967865 -0.084672 0.236786
vn 0.184660 -0.945479 0.268274
vn 0.146147 -0.976265 0.159834
vn 0.184660 -0.945479 0.268274
vn 0.157483 -0.968799 0.191383
vn 0.029859 -0.988301 0.149566
vn 0.011085 -0.980278 0.197315
vn -0.009521 -0.968450 0.249026
vn -0.009521 -0.968450 0.249026
vn -0.009521 -0.968450 -0.249026
vn -0.009521 -0.968450 -0.249026
vn 0.011085 -0.980277 -0.197315
vn 0.029859 -0.988301 -0.149566
vn 0.146147 -0.976265 -0.159834
vn 0.157483 -0.968799 -0.191384
vn 0.184660 -0.945478 -0.268274
vn 0.184660 -0.945478 -0.268274
vn -0.754128 -0.656727 -0.000000
vn -0.754024 -0.656635 0.016693
vn -0.754024 -0.656635 0.016693
vn -0.754128 -0.656727 -0.000000
vn -0.754023 -0.656636 -0.016692
vn -0.754023 -0.656636 -0.016692
vn 0.072407 -0.931801 0.355675
vn 0.072596 -0.934041 0.349709
vn 0.078744 -0.933503 0.349817
vn 0.078431 -0.931164 0.356065
vn 0.078431 -0.931164 -0.356065
vn 0.078744 -0.933503 -0.349817
vn 0.072596 -0.934041 -0.349710
vn 0.072407 -0.931801 -0.355675
vn 0.903494 -0.428600 -0.000000
vn 0.903358 -0.428536 -0.017343
vn 0.903358 -0.428537 -0.017343
vn 0.903494 -0.428600 -0.000000
vn 0.903358 -0.428536 0.017344
vn 0.903358 -0.428536 0.017344
vn 0.127169 -0.436530 -0.890657
vn 0.127169 -0.436530 -0.890657
vn 0.127169 -0.436530 -0.890657
vn 0.127169 -0.436530 -0.890657
vn -0.082034 0.986020 -0.145037
vn -0.082910 0.996557 -0.000000
vn -0.082034 0.986020 -0.145037
vn -0.082910 0.996557 -0.000000
vn -0.082034 0.986020 0.145036
vn -0.082034 0.986020 0.145036
vn -0.249523 0.931233 0.265599
vn -0.249523 0.931233 0.265599
vn -0.249523 0.931233 0.265599
vn -0.249523 0.931233 0.265599
vn -0.000000 0.000000 1.000000
vn -0.000000 0.000000 1.000000
vn -0.000000 0.000000 1.000000
vn -0.000000 0.000000 1.000000
vn 0.249523 -0.931233 -0.265599
vn 0.249523 -0.931233 -0.265599
vn 0.249523 -0.931233 -0.265599
vn 0.249523 -0.931233 -0.265599
vn -0.000000 0.000000 -1.000000
vn -0.000000 0.000000 -1.000000
vn -0.000000 0.000000 -1.000000
vn -0.000000 0.000000 -1.000000
vn -0.965926 -0.258819 -0.000000
vn -0.965926 -0.258819 -0.000000
vn -0.965926 -0.258819 -0.000000
vn -0.965926 -0.258819 -0.000000
vn 0.942783 0.257355 0.211962
vn 0.945152 0.248516 0.211962
vn 0.952732 0.238156 0.188634
vn 0.944169 0.270117 0.188634
vn 0.934232 0.283874 0.215930
vn 0.944169 0.270117 0.188634
vn 0.936140 0.319243 0.147399
vn 0.897654 0.309417 0.313814
vn 0.940169 0.260292 0.219843
vn 0.942783 0.257355 0.211962
vn 0.944169 0.270117 0.188634
vn 0.934232 0.283874 0.215930
vn 0.944356 0.244664 -0.219843
vn 0.945152 0.248516 -0.211962
vn 0.952732 0.238156 -0.188634
vn 0.951006 0.221274 -0.215930
vn 0.945152 0.248516 -0.211962
vn 0.942783 0.257355 -0.211962
vn 0.944169 0.270117 -0.188634
vn 0.952732 0.238156 -0.188634
vn 0.951006 0.221274 -0.215930
vn 0.952732 0.238156 -0.188634
vn 0.970342 0.191598 -0.147400
vn 0.932099 0.180864 -0.313814
vn 0.952732 0.238156 -0.188634
vn 0.944169 0.270117 -0.188634
vn 0.936140 0.319243 -0.147399
vn 0.970342 0.191598 -0.147400
vn 0.944169 0.270117 0.188634
vn 0.952732 0.238156 0.188634
vn 0.970342 0.191598 0.147399
vn 0.936140 0.319243 0.147399
vn 0.952732 0.238156 0.188634
vn 0.951006 0.221274 0.215930
vn 0.932099 0.180864 0.313814
vn 0.970342 0.191598 0.147399
vn 0.945152 0.248516 0.211962
vn 0.944356 0.244664 0.219843
vn 0.951006 0.221274 0.215930
vn 0.952732 0.238156 0.188634
vn 0.942783 0.257355 -0.211962
vn 0.940169 0.260292 -0.219843
vn 0.934232 0.283874 -0.215930
vn 0.944169 0.270117 -0.188634
vn 0.944169 0.270117 -0.188634
vn 0.934232 0.283874 -0.215930
vn 0.897654 0.309417 -0.313814
vn 0.936140 0.319243 -0.147399
vn -0.965926 -0.258819 -0.000000
vn -0.965926 -0.258819 -0.000000
vn -0.965926 -0.258819 -0.000000
vn -0.965926 -0.258819 -0.000000
vn 0.249523 -0.931233 0.265599
vn 0.249523 -0.931233 0.265599
vn 0.249523 -0.931233 0.265599
vn 0.249523 -0.931233 0.265599
vn -0.249523 0.931233 -0.265599
vn -0.249523 0.931233 -0.265599
vn -0.249523 0.931233 -0.265599
vn -0.249523 0.931233 -0.265599
vn 0.932099 0.180864 0.313814
vn 0.897654 0.309417 0.313814
vn 0.936140 0.319243 0.147399
vn 0.970342 0.191598 0.147399
vn 0.897654 0.309417 0.313814
vn 0.932099 0.180864 0.313814
vn 0.859049 0.230182 0.457220
vn 0.859049 0.230182 0.457220
vn 0.897654 0.309417 -0.313814
vn 0.932099 0.180864 -0.313814
vn 0.970342 0.191598 -0.147400
vn 0.936140 0.319243 -0.147399
vn 0.859050 0.230182 -0.457220
vn 0.932099 0.180864 -0.313814
vn 0.897654 0.309417 -0.313814
vn 0.859050 0.230182 -0.457220
vn 0.890606 0.379568 -0.250498
vn 0.908698 0.304421 -0.285649
vn 0.863520 0.390413 -0.319234
vn 0.849329 0.364622 -0.381695
vn -0.404109 0.866616 0.292698
vn -0.404110 0.866616 0.292698
vn -0.404109 0.866616 0.292698
vn -0.404109 0.866616 0.292698
vn -0.000000 0.000000 1.000000
vn -0.000000 0.000000 1.000000
vn -0.000000 0.000000 1.000000
vn -0.000000 0.000000 1.000000
vn -0.000000 0.000000 -1.000000
vn -0.000000 0.000000 -1.000000
vn -0.000000 0.000000 -1.000000
vn -0.000000 0.000000 -1.000000
vn -0.906308 -0.422618 -0.000000
vn -0.906308 -0.422618 -0.000000
vn -0.906308 -0.422618 -0.000000
vn -0.906308 -0.422618 -0.000000
vn 0.883480 0.411974 0.223025
vn 0.882893 0.405739 0.236382
vn 0.893288 0.393668 0.216940
vn 0.889599 0.414827 0.191137
vn 0.882535 0.402657 -0.242897
vn 0.882893 0.405739 -0.236382
vn 0.893288 0.393668 -0.216940
vn 0.890606 0.379568 -0.250498
vn 0.882893 0.405739 -0.236382
vn 0.883480 0.411974 -0.223024
vn 0.889599 0.414827 -0.191136
vn 0.893288 0.393668 -0.216940
vn 0.890606 0.379568 -0.250498
vn 0.893288 0.393668 -0.216940
vn 0.930583 0.327446 -0.163692
vn 0.908698 0.304421 -0.285649
vn 0.893288 0.393668 -0.216940
vn 0.889599 0.414827 -0.191136
vn 0.895072 0.417379 -0.156971
vn 0.930583 0.327446 -0.163692
vn 0.889599 0.414827 0.191137
vn 0.893288 0.393668 0.216940
vn 0.930583 0.327446 0.163692
vn 0.895072 0.417379 0.156971
vn 0.893288 0.393668 0.216940
vn 0.890606 0.379568 0.250498
vn 0.908698 0.304421 0.285649
vn 0.930583 0.327446 0.163692
vn 0.882893 0.405739 0.236382
vn 0.882535 0.402657 0.242897
vn 0.890606 0.379568 0.250498
vn 0.893288 0.393668 0.216940
vn -0.906308 -0.422618 -0.000000
vn -0.906308 -0.422618 -0.000000
vn -0.906308 -0.422618 -0.000000
vn -0.906308 -0.422618 -0.000000
vn -0.404110 0.866616 -0.292698
vn -0.404110 0.866616 -0.292698
vn -0.404110 0.866616 -0.292698
vn -0.404110 0.866616 -0.292698
vn 0.908698 0.304421 0.285649
vn 0.863520 0.390413 0.319235
vn 0.895072 0.417379 0.156971
vn 0.930583 0.327446 0.163692
vn 0.863520 0.390413 -0.319234
vn 0.908698 0.304421 -0.285649
vn 0.930583 0.327446 -0.163692
vn 0.895072 0.417379 -0.156971
vn 0.890606 0.379568 0.250498
vn 0.849329 0.364622 0.381695
vn 0.863520 0.390413 0.319235
vn 0.908698 0.304421 0.285649
vn 0.025713 0.013959 -0.999572
vn -0.000000 0.000000 -1.000000
vn 0.025713 0.013959 -0.999572
vn 0.000133 0.000000 -1.000000
vn -0.023830 -0.012937 -0.999632
vn -0.023830 -0.012937 -0.999632
vn -0.547176 0.837018 -0.000000
vn -0.547176 0.837018 -0.000000
vn -0.481936 0.876207 -0.000000
vn -0.481936 0.876207 -0.000000
vn -0.408475 0.912770 -0.000000
vn -0.408475 0.912770 -0.000000
vn -0.547176 -0.837018 -0.000000
vn -0.481936 -0.876207 -0.000000
vn -0.547176 -0.837018 -0.000000
vn -0.481935 -0.876207 -0.000000
vn -0.408474 -0.912770 -0.000000
vn -0.408475 -0.912770 -0.000000
vn 0.002038 0.000000 -0.999998
vn 0.000949 0.137105 -0.990556
vn 0.006753 0.000000 -0.999977
vn 0.000915 0.135346 -0.990798
vn -0.005162 0.131702 -0.991276
vn -0.001770 0.135321 -0.990800
vn -0.010585 0.134590 -0.990845
vn -0.001328 0.137040 -0.990565
vn 0.984731 0.174082 -0.000000
vn 1.000000 0.000000 -0.000000
vn 0.984731 0.174082 -0.000000
vn 1.000000 0.000000 -0.000000
vn 0.984731 -0.174082 -0.000000
vn 0.984731 -0.174082 -0.000000
vn -0.794593 0.000000 -0.607142
vn -0.794593 0.000000 -0.607142
vn -0.792065 -0.079712 -0.605210
vn -0.792065 -0.079712 -0.605210
vn 0.512875 0.000000 -0.858463
vn 0.512875 0.000000 -0.858463
vn 0.511913 -0.061201 -0.856854
vn 0.511913 -0.061201 -0.856854
vn 0.029094 0.055560 -0.998031
vn -0.000000 0.000000 -1.000000
vn -0.000000 0.000000 -1.000000
vn 0.027297 0.052129 -0.998267
vn 0.042425 0.000000 -0.999100
vn 0.042425 0.000000 -0.999100
vn -0.044719 0.000000 -0.999000
vn -0.025251 0.048220 -0.998518
vn -0.044719 0.000000 -0.999000
vn -0.028173 0.053801 -0.998154
vn 0.027291 0.051907 -0.998279
vn 0.025961 0.049378 -0.998443
vn 0.048920 0.000000 -0.998803
vn 0.048920 0.000000 -0.998803
vn 0.077540 -0.817398 -0.570831
vn 0.077540 -0.817398 -0.570831
vn 0.077540 -0.817398 -0.570831
vn 0.077540 -0.817398 -0.570831
vn -0.001328 0.137040 -0.990565
vn 0.000949 0.137105 -0.990556
vn 0.000915 0.135346 -0.990798
vn -0.001770 0.135321 -0.990800
vn 0.002580 0.141662 -0.989912
vn -0.000828 0.143686 -0.989623
vn -0.000172 0.145134 -0.989412
vn 0.002697 0.143481 -0.989649
vn -0.058781 -0.539678 -0.839817
vn -0.058781 -0.539678 -0.839817
vn -0.058781 -0.539678 -0.839817
vn -0.058781 -0.539678 -0.839817
vn -0.000828 0.143686 -0.989623
vn -0.008503 0.000000 -0.999964
vn -0.000172 0.145134 -0.989412
vn -0.002182 0.000000 -0.999998
vn 0.002580 0.141662 -0.989912
vn 0.006272 0.139352 -0.990223
vn 0.014428 0.145400 -0.989268
vn 0.002697 0.143481 -0.989649
vn 0.885443 -0.101643 -0.453498
vn 0.885912 -0.101994 -0.452501
vn 0.813584 0.014448 -0.581268
vn 0.801518 -0.047302 -0.596096
vn 0.794724 -0.043175 -0.605434
vn 0.794939 0.000000 -0.606689
vn -0.967865 0.084672 -0.236786
vn -0.967865 0.084672 -0.236786
vn -0.967865 0.084672 -0.236786
vn -0.967865 0.084672 -0.236786
vn -0.072435 0.006337 -0.997353
vn -0.072435 0.006337 -0.997353
vn -0.072435 0.006337 -0.997353
vn -0.072435 0.006337 -0.997353
vn 0.967176 -0.084617 -0.239603
vn 0.967176 -0.084617 -0.239603
vn 0.967176 -0.084617 -0.239603
vn 0.967176 -0.084617 -0.239603
vn 0.127169 0.436529 0.890657
vn 0.127169 0.436529 0.890657
vn 0.127169 0.436529 0.890657
vn 0.127169 0.436529 0.890657
vn -0.072435 0.006337 0.997353
vn -0.072435 0.006337 0.997353
vn -0.072435 0.006337 0.997353
vn -0.072435 0.006337 0.997353
vn 0.967176 -0.084617 0.239603
vn 0.967176 -0.084617 0.239603
vn 0.967176 -0.084617 0.239603
vn 0.967176 -0.084617 0.239603
vn -0.967865 0.084672 0.236786
vn -0.967865 0.084672 0.236786
vn -0.967865 0.084672 0.236786
vn -0.967865 0.084672 0.236786
vn 0.184660 0.945479 0.268274
vn 0.184660 0.945479 0.268274
vn 0.146147 0.976265 0.159834
vn 0.157483 0.968799 0.191383
vn 0.029859 0.988301 0.149566
vn 0.011085 0.980278 0.197315
vn -0.009521 0.968450 0.249026
vn -0.009521 0.968450 0.249026
vn -0.009521 0.968450 -0.249026
vn 0.011085 0.980277 -0.197315
vn -0.009521 0.968450 -0.249026
vn 0.029859 0.988301 -0.149566
vn 0.146147 0.976265 -0.159834
vn 0.157483 0.968799 -0.191384
vn 0.184660 0.945478 -0.268274
vn 0.184660 0.945478 -0.268274
vn -0.754128 0.656727 -0.000000
vn -0.754024 0.656635 0.016693
vn -0.754023 0.656635 0.016693
vn -0.754128 0.656727 -0.000000
vn -0.754023 0.656636 -0.016692
vn -0.754023 0.656636 -0.016692
vn 0.072407 0.931801 0.355675
vn 0.078431 0.931164 0.356065
vn 0.078744 0.933503 0.349817
vn 0.072596 0.934041 0.349709
vn 0.078431 0.931164 -0.356065
vn 0.072407 0.931800 -0.355675
vn 0.072596 0.934041 -0.349710
vn 0.078744 0.933503 -0.349817
vn 0.903494 0.428600 -0.000000
vn 0.903358 0.428537 -0.017343
vn 0.903358 0.428537 -0.017343
vn 0.903494 0.428600 -0.000000
vn 0.903358 0.428536 0.017344
vn 0.903358 0.428536 0.017344
vn 0.127169 0.436530 -0.890657
vn 0.127169 0.436530 -0.890657
vn 0.127169 0.436530 -0.890657
vn 0.127169 0.436530 -0.890657
vn -0.082034 -0.986020 -0.145037
vn -0.082034 -0.986020 -0.145037
vn -0.082910 -0.996557 -0.000000
vn -0.082910 -0.996557 -0.000000
vn -0.082034 -0.986020 0.145037
vn -0.082034 -0.986020 0.145036
vn 0.025713 0.013959 0.999572
vn 0.025713 0.013959 0.999572
vn -0.000000 0.000000 1.000000
vn 0.000133 0.000000 1.000000
vn -0.023830 -0.012937 0.999632
vn -0.023830 -0.012937 0.999632
vn 0.002038 0.000000 0.999998
vn 0.006753 0.000000 0.999977
vn 0.000949 0.137105 0.990556
vn 0.000915 0.135346 0.990798
vn -0.005162 0.131701 0.991276
vn -0.001770 0.135321 0.990800
vn -0.010585 0.134590 0.990845
vn -0.001328 0.137040 0.990565
vn -0.080540 0.996751 -0.000000
vn -0.080540 0.996751 -0.000000
vn -0.080540 0.996751 -0.000000
vn -0.080540 0.996751 -0.000000
vn -0.794593 0.000000 0.607143
vn -0.792064 -0.079712 0.605211
vn -0.792064 -0.079712 0.605211
vn -0.794593 0.000000 0.607143
vn 0.512875 0.000000 0.858463
vn 0.511913 -0.061202 0.856854
vn 0.511913 -0.061202 0.856854
vn 0.512875 0.000000 0.858463
vn -0.947032 0.321140 -0.000000
vn -0.947032 0.321140 -0.000000
vn -0.947032 0.321140 -0.000000
vn -0.947032 0.321140 -0.000000
vn 0.029094 0.055560 0.998031
vn -0.000000 0.000000 1.000000
vn -0.000000 0.000000 1.000000
vn 0.027297 0.052128 0.998267
vn 0.042425 0.000000 0.999100
vn 0.042425 0.000000 0.999100
vn -0.044719 0.000000 0.999000
vn -0.044719 0.000000 0.999000
vn -0.025251 0.048220 0.998518
vn -0.028173 0.053801 0.998154
vn 0.027291 0.051907 0.998279
vn 0.025961 0.049378 0.998443
vn 0.048920 0.000000 0.998803
vn 0.048920 0.000000 0.998803
vn 0.077540 -0.817398 0.570832
vn 0.077540 -0.817398 0.570832
vn 0.077540 -0.817398 0.570832
vn 0.077540 -0.817398 0.570832
vn -0.001328 0.137040 0.990565
vn -0.001770 0.135321 0.990800
vn 0.000915 0.135346 0.990798
vn 0.000949 0.137105 0.990556
vn 0.002580 0.141662 0.989912
vn 0.002697 0.143481 0.989649
vn -0.000172 0.145134 0.989412
vn -0.000828 0.143685 0.989623
vn -0.058781 -0.539678 0.839817
vn -0.058781 -0.539678 0.839817
vn -0.058781 -0.539678 0.839817
vn -0.058781 -0.539678 0.839817
vn -0.000828 0.143685 0.989623
vn -0.000172 0.145134 0.989412
vn -0.008503 0.000000 0.999964
vn -0.002181 0.000000 0.999998
vn 0.002580 0.141662 0.989912
vn 0.006272 0.139352 0.990223
vn 0.014428 0.145399 0.989268
vn 0.002697 0.143481 0.989649
vn 0.105978 0.994369 -0.000000
vn 0.105978 0.994369 -0.000000
vn 0.105978 0.994369 -0.000000
vn 0.105978 0.994369 -0.000000
vn 0.813584 0.014448 0.581268
vn 0.885912 -0.101994 0.452502
vn 0.885442 -0.101643 0.453498
vn 0.801518 -0.047302 0.596097
vn 0.794723 -0.043175 0.605434
vn 0.794939 0.000000 0.606689
vn -1.000000 0.000000 -0.000000
vn -0.984786 0.173769 -0.000000
vn -0.984786 0.173769 -0.000000
vn -1.000000 0.000000 -0.000000
vn -0.984786 -0.173769 -0.000000
vn -0.984786 -0.173769 -0.000000
vn 0.025714 -0.013960 0.999572
vn -0.000000 0.000000 1.000000
vn 0.025714 -0.013960 0.999572
vn 0.000133 0.000000 1.000000
vn -0.023830 0.012937 0.999632
vn -0.023830 0.012937 0.999632
vn 0.403871 0.914816 -0.000000
vn 0.403871 0.914816 -0.000000
vn 0.403871 0.914816 -0.000000
vn 0.403871 0.914816 -0.000000
vn 0.002038 0.000000 0.999998
vn 0.000949 -0.137105 0.990556
vn 0.006753 0.000000 0.999977
vn 0.000915 -0.135346 0.990798
vn -0.005162 -0.131702 0.991276
vn -0.001770 -0.135321 0.990800
vn -0.010585 -0.134590 0.990845
vn -0.001328 -0.137040 0.990565
vn 0.105978 -0.994369 -0.000000
vn 0.105978 -0.994369 -0.000000
vn 0.105978 -0.994369 -0.000000
vn 0.105978 -0.994369 -0.000000
vn -0.080540 -0.996751 -0.000000
vn -0.080540 -0.996751 -0.000000
vn -0.080540 -0.996751 -0.000000
vn -0.080540 -0.996751 -0.000000
vn -0.794593 0.000000 0.607143
vn -0.794593 0.000000 0.607143
vn -0.792065 0.079712 0.605210
vn -0.792065 0.079712 0.605210
vn 0.512875 0.000000 0.858463
vn 0.512875 0.000000 0.858463
vn 0.511914 0.061201 0.856854
vn 0.511914 0.061201 0.856854
vn 0.029094 -0.055560 0.998031
vn -0.000000 0.000000 1.000000
vn -0.000000 0.000000 1.000000
vn 0.027297 -0.052129 0.998267
vn 0.042425 0.000000 0.999100
vn 0.042425 0.000000 0.999100
vn -0.044719 0.000000 0.999000
vn -0.025251 -0.048220 0.998518
vn -0.044719 0.000000 0.999000
vn -0.028173 -0.053801 0.998154
vn 0.027291 -0.051908 0.998279
vn 0.025961 -0.049378 0.998443
vn 0.048920 0.000000 0.998803
vn 0.048920 0.000000 0.998803
vn 0.077540 0.817398 0.570832
vn 0.077540 0.817398 0.570832
vn 0.077540 0.817398 0.570832
vn 0.077540 0.817398 0.570832
vn -0.001328 -0.137040 0.990565
vn 0.000949 -0.137105 0.990556
vn 0.000915 -0.135346 0.990798
vn -0.001770 -0.135321 0.990800
vn 0.002580 -0.141663 0.989912
vn -0.000828 -0.143686 0.989623
vn -0.000172 -0.145134 0.989412
vn 0.002697 -0.143482 0.989649
vn -0.058781 0.539678 0.839817
vn -0.058781 0.539678 0.839817
vn -0.058781 0.539678 0.839817
vn -0.058781 0.539678 0.839817
vn -0.000828 -0.143686 0.989623
vn -0.008503 0.000000 0.999964
vn -0.000172 -0.145134 0.989412
vn -0.002181 0.000000 0.999998
vn 0.002580 -0.141663 0.989912
vn 0.006272 -0.139352 0.990223
vn 0.014428 -0.145400 0.989268
vn 0.002697 -0.143482 0.989649
vn 0.813584 0.014448 0.581268
vn 0.794939 0.000000 0.606689
vn 0.810799 0.073049 0.580748
vn 0.878375 0.081669 0.470944
vn 0.893053 0.083263 0.442180
vn 0.892073 0.084254 0.443966
vn 0.496820 0.000000 -0.867854
vn 0.493926 0.107792 -0.862797
vn 0.493926 0.107792 -0.862797
vn 0.496820 0.000000 -0.867853
vn 0.493925 -0.107792 -0.862797
vn 0.493925 -0.107792 -0.862797
vn -0.000000 0.000000 1.000000
vn -0.000000 0.000000 1.000000
vn -0.000000 0.000000 1.000000
vn -0.000000 0.000000 1.000000
vn -0.000000 0.000000 1.000000
vn -0.000000 0.000000 1.000000
vn -0.088905 -0.599567 -0.795372
vn -0.088905 -0.599567 -0.795371
vn -0.088905 -0.599567 -0.795371
vn -0.088905 -0.599567 -0.795372
vn 0.021317 -0.145539 -0.989123
vn 0.014689 -0.139410 -0.990126
vn 0.014425 -0.137593 -0.990384
vn 0.016688 -0.136876 -0.990448
vn 0.012990 0.000000 -0.999916
vn 0.012208 -0.137452 -0.990433
vn 0.011894 -0.138647 -0.990270
vn 0.008944 0.000000 -0.999960
vn 0.012208 0.137451 -0.990433
vn 0.011894 0.138646 -0.990271
vn 0.014425 0.137592 -0.990384
vn 0.016687 0.136877 -0.990447
vn 0.014690 0.139409 -0.990126
vn 0.021318 0.145542 -0.989122
vn 0.012208 -0.137452 -0.990433
vn 0.014425 -0.137593 -0.990384
vn 0.014689 -0.139410 -0.990126
vn 0.011894 -0.138647 -0.990270
vn 0.014425 0.137592 -0.990384
vn 0.012208 0.137451 -0.990433
vn 0.011894 0.138646 -0.990271
vn 0.014690 0.139409 -0.990126
vn -0.915611 0.402066 -0.000000
vn -0.915611 0.402066 -0.000000
vn -0.915611 0.402066 -0.000000
vn -0.915611 0.402066 -0.000000
vn -0.000000 0.000000 -1.000000
vn -0.000000 0.000000 -1.000000
vn 0.022527 -0.036185 -0.999091
vn 0.022573 -0.036258 -0.999087
vn 0.039328 0.000000 -0.999226
vn 0.039328 0.000000 -0.999226
vn 0.022527 0.036186 -0.999091
vn 0.022572 0.036259 -0.999087
vn -0.000000 0.000000 -1.000000
vn -0.000000 0.000000 -1.000000
vn 0.158568 0.987348 -0.000000
vn 0.158568 0.987348 -0.000000
vn 0.158568 0.987348 -0.000000
vn 0.158568 0.987348 -0.000000
vn -0.088906 0.599568 -0.795370
vn -0.088906 0.599568 -0.795370
vn -0.088906 0.599568 -0.795370
vn -0.088906 0.599568 -0.795370
vn 0.158569 -0.987348 -0.000000
vn 0.158569 -0.987348 -0.000000
vn 0.158569 -0.987348 -0.000000
vn 0.158569 -0.987348 -0.000000
vn -0.915611 -0.402066 -0.000000
vn -0.915611 -0.402066 -0.000000
vn -0.915611 -0.402066 -0.000000
vn -0.915611 -0.402066 -0.000000
vn 0.081083 0.929054 -0.360949
vn 0.062752 0.931111 -0.359298
vn 0.072407 0.931800 -0.355675
vn 0.065660 0.936297 -0.345017
vn 0.078431 0.931164 -0.356065
vn 0.072596 0.934041 -0.349710
vn 0.078744 0.933503 -0.349817
vn 0.081022 0.935294 -0.344471
vn 0.081083 -0.929054 -0.360949
vn 0.072407 -0.931801 -0.355675
vn 0.062752 -0.931111 -0.359298
vn 0.065660 -0.936297 -0.345017
vn 0.078431 -0.931164 -0.356065
vn 0.072596 -0.934041 -0.349710
vn 0.078744 -0.933503 -0.349817
vn 0.081021 -0.935294 -0.344471
vn 0.081084 0.929054 0.360949
vn 0.078431 0.931164 0.356065
vn 0.072407 0.931801 0.355675
vn 0.062752 0.931111 0.359298
vn 0.081022 0.935294 0.344471
vn 0.072596 0.934041 0.349709
vn 0.078744 0.933503 0.349817
vn 0.065661 0.936297 0.345017
vn 0.081084 -0.929054 0.360949
vn 0.062752 -0.931111 0.359298
vn 0.072407 -0.931801 0.355675
vn 0.078431 -0.931164 0.356065
vn 0.072596 -0.934041 0.349709
vn 0.081022 -0.935294 0.344471
vn 0.065661 -0.936297 0.345017
vn 0.078744 -0.933503 0.349817
f 1/1/1 2/2/2 3/3/3
f 1/1/1 3/3/3 4/4/4
f 5/5/5 6/6/6 7/7/7
f 5/5/5 7/7/7 8/8/8
f 9/9/9 10/10/10 11/11/11
f 9/9/9 11/11/11 12/12/12
f 13/13/13 14/14/14 15/15/15
f 13/13/13 15/15/15 16/16/16
f 17/17/17 18/18/18 19/19/19
f 17/17/17 19/19/19 20/20/20
f 21/21/21 22/22/22 23/23/23
f 21/21/21 23/23/23 24/24/24
f 25/25/25 26/26/26 27/27/27
f 25/25/25 27/27/27 28/28/28
f 29/29/29 30/30/30 31/31/31
f 29/29/29 31/31/31 32/32/32
f 33/33/33 34/34/34 35/35/35
f 33/33/33 35/35/35 36/36/36
f 37/37/37 38/38/38 39/39/39
f 37/37/37 39/39/39 40/40/40
f 41/41/41 42/42/42 43/43/43
f 41/41/41 43/43/43 44/44/44
f 45/45/45 46/46/46 47/47/47
f 45/45/45 47/47/47 48/48/48
f 49/49/49 50/50/50 51/51/51
f 49/49/49 51/51/51 52/52/52
f 53/53/53 54/54/54 55/55/55
f 53/53/53 55/55/55 56/56/56
f 57/57/57 58/58/58 59/59/59
f 57/57/57 59/59/59 60/60/60
f 61/61/61 62/62/62 63/63/63
f 61/61/61 63/63/63 64/64/64
f 65/65/65 66/66/66 67/67/67
f 65/65/65 67/67/67 68/68/68
f 69/69/69 70/70/70 71/71/71
f 69/69/69 71/71/71 72/72/72
f 73/73/73 74/74/74 75/75/75
f 73/73/73 75/75/75 76/76/76
f 77/77/77 78/78/78 79/79/79
f 77/77/77 79/79/79 80/80/80
f 81/81/81 82/82/82 83/83/83
f 81/81/81 83/83/83 84/84/84
f 85/85/85 86/86/86 87/87/87
f 85/85/85 87/87/87 88/88/88
f 89/89/89 90/90/90 91/91/91
f 89/89/89 91/91/91 92/92/92
f 93/93/93 94/94/94 95/95/95
f 93/93/93 95/95/95 96/96/96
f 97/97/97 98/98/98 99/99/99
f 97/97/97 99/99/99 100/100/100
f 101/101/101 102/102/102 103/103/103
f 101/101/101 103/103/103 104/104/104
f 105/105/105 106/106/106 107/107/107
f 105/105/105 107/107/107 108/108/108
f 109/109/109 110/110/110 111/111/111
f 109/109/109 111/111/111 112/112/112
f 113/113/113 114/114/114 115/115/115
f 113/113/113 115/115/115 116/116/116
f 117/117/117 118/118/118 119/119/119
f 117/117/117 119/119/119 120/120/120
f 121/121/121 122/122/122 123/123/123
f 121/121/121 123/123/123 124/124/124
f 125/125/125 126/126/126 127/127/127
f 125/125/125 127/127/127 128/128/128
f 129/129/129 130/130/130 131/131/131
f 129/129/129 131/131/131 132/132/132
f 133/133/133 134/134/134 135/135/135
f 133/133/133 135/135/135 136/136/136
f 137/137/137 138/138/138 139/139/139
f 137/137/137 139/139/139 140/140/140
f 141/141/141 142/142/142 143/143/143
f 141/141/141 143/143/143 144/144/144
f 143/143/143 145/145/145 144/144/144
f 143/143/143 146/146/146 145/145/145
f 147/147/147 148/148/148 149/149/149
f 147/147/147 149/149/149 150/150/150
f 151/151/151 152/152/152 153/153/153
f 151/151/151 153/153/153 154/154/154
f 155/155/155 156/156/156 157/157/157
f 155/155/155 157/157/157 158/158/158
f 159/159/159 160/160/160 161/161/161
f 159/159/159 161/161/161 162/162/162
f 163/163/163 164/164/164 165/165/165
f 163/163/163 165/165/165 166/166/166
f 167/167/167 168/168/168 169/169/169
f 167/167/167 169/169/169 170/170/170
f 170/170/170 169/169/169 171/171/171
f 170/170/170 171/171/171 172/172/172
f 173/173/173 174/174/174 175/175/175
f 173/173/173 175/175/175 176/176/176
f 177/177/177 178/178/178 179/179/179
f 177/177/177 179/179/179 180/180/180
f 181/181/181 177/177/177 180/180/180
f 181/181/181 180/180/180 182/182/182
f 183/183/183 181/181/181 182/182/182
f 183/183/183 182/182/182 184/184/184
f 185/185/185 186/186/186 187/187/187
f 185/185/185 187/187/187 188/188/188
f 189/189/189 190/190/190 191/191/191
f 189/189/189 191/191/191 192/192/192
f 193/193/193 194/194/194 195/195/195
f 193/193/193 195/195/195 196/196/196
f 197/197/197 198/198/198 199/199/199
f 197/197/197 199/199/199 200/200/200
f 201/201/201 197/197/197 200/200/200
f 201/201/201 200/200/200 202/202/202
f 203/203/203 204/204/204 205/205/205
f 203/203/203 205/205/205 206/206/206
f 207/207/207 206/206/206 205/205/205
f 207/207/207 208/208/208 206/206/206
f 208/208/208 207/207/207 209/209/209
f 208/208/208 209/209/209 210/210/210
f 211/211/211 212/212/212 213/213/213
f 211/211/211 213/213/213 214/214/214
f 215/215/215 216/216/216 217/217/217
f 215/215/215 217/217/217 218/218/218
f 219/219/219 220/220/220 221/221/221
f 219/219/219 221/221/221 222/222/222
f 223/223/223 224/224/224 225/225/225
f 223/223/223 225/225/225 226/226/226
f 227/227/227 228/228/228 229/229/229
f 227/227/227 229/229/229 230/230/230
f 230/230/230 231/231/231 227/227/227
f 230/230/230 232/232/232 231/231/231
f 231/231/231 232/232/232 233/233/233
f 231/231/231 233/233/233 234/234/234
f 235/235/235 236/236/236 237/237/237
f 237/237/237 238/238/238 235/235/235
f 238/238/238 239/239/239 235/235/235
f 238/238/238 240/240/240 239/239/239
f 241/241/241 242/242/242 243/243/243
f 241/241/241 243/243/243 244/244/244
f 245/245/245 246/246/246 247/247/247
f 245/245/245 247/247/247 248/248/248
f 249/249/249 250/250/250 251/251/251
f 249/249/249 251/251/251 252/252/252
f 253/253/253 254/254/254 255/255/255
f 253/253/253 255/255/255 256/256/256
f 257/257/257 258/258/258 259/259/259
f 257/257/257 259/259/259 260/260/260
f 261/261/261 262/262/262 263/263/263
f 261/261/261 263/263/263 264/264/264
f 265/265/265 266/266/266 267/267/267
f 265/265/265 267/267/267 268/268/268
f 269/269/269 270/270/270 271/271/271
f 269/269/269 272/272/272 270/270/270
f 273/273/273 270/270/270 272/272/272
f 273/273/273 272/272/272 274/274/274
f 275/275/275 273/273/273 274/274/274
f 275/275/275 276/276/276 273/273/273
f 277/277/277 278/278/278 279/279/279
f 277/277/277 279/279/279 280/280/280
f 279/279/279 281/281/281 280/280/280
f 279/279/279 282/282/282 281/281/281
f 283/283/283 281/281/281 282/282/282
f 283/283/283 282/282/282 284/284/284
f 285/285/285 286/286/286 287/287/287
f 285/285/285 287/287/287 288/288/288
f 288/288/288 289/289/289 285/285/285
f 288/288/288 290/290/290 289/289/289
f 291/291/291 292/292/292 293/293/293
f 291/291/291 293/293/293 294/294/294
f 295/295/295 296/296/296 297/297/297
f 295/295/295 297/297/297 298/298/298
f 299/299/299 300/300/300 301/301/301
f 299/299/299 301/301/301 302/302/302
f 302/302/302 303/303/303 299/299/299
f 302/302/302 304/304/304 303/303/303
f 305/305/305 306/306/306 307/307/307
f 305/305/305 307/307/307 308/308/308
f 309/309/309 310/310/310 311/311/311
f 309/309/309 312/312/312 310/310/310
f 313/313/313 310/310/310 312/312/312
f 313/313/313 314/314/314 310/310/310
f 315/315/315 316/316/316 317/317/317
f 315/315/315 317/317/317 318/318/318
f 319/319/319 320/320/320 321/321/321
f 319/319/319 321/321/321 322/322/322
f 323/323/323 324/324/324 325/325/325
f 323/323/323 325/325/325 326/326/326
f 327/327/327 328/328/328 329/329/329
f 327/327/327 329/329/329 330/330/330
f 331/331/331 332/332/332 333/333/333
f 331/331/331 333/333/333 334/334/334
f 335/335/335 336/336/336 337/337/337
f 335/335/335 337/337/337 338/338/338
f 339/339/339 340/340/340 341/341/341
f 339/339/339 341/341/341 342/342/342
f 343/343/343 344/344/344 345/345/345
f 343/343/343 345/345/345 346/346/346
f 347/347/347 348/348/348 349/349/349
f 347/347/347 349/349/349 350/350/350
f 351/351/351 352/352/352 353/353/353
f 351/351/351 353/353/353 354/354/354
f 355/355/355 356/356/356 357/357/357
f 355/355/355 357/357/357 358/358/358
f 359/359/359 360/360/360 361/361/361
f 359/359/359 361/361/361 362/362/362
f 363/363/363 364/364/364 365/365/365
f 363/363/363 365/365/365 366/366/366
f 367/367/367 368/368/368 369/369/369
f 367/367/367 369/369/369 370/370/370
f 371/371/371 372/372/372 373/373/373
f 371/371/371 373/373/373 374/374/374
f 375/375/375 376/376/376 377/377/377
f 375/375/375 377/377/377 378/378/378
f 379/379/379 380/380/380 381/381/381
f 379/379/379 381/381/381 382/382/382
f 383/383/383 384/384/384 385/385/385
f 383/383/383 385/385/385 386/386/386
f 387/387/387 388/388/388 389/389/389
f 387/387/387 389/389/389 390/390/390
f 391/391/391 392/392/392 393/393/393
f 391/391/391 393/393/393 394/394/394
f 395/395/395 396/396/396 397/397/397
f 395/395/395 397/397/397 398/398/398
f 399/399/399 400/400/400 401/401/401
f 399/399/399 401/401/401 402/402/402
f 403/403/403 404/404/404 405/405/405
f 403/403/403 405/405/405 406/406/406
f 407/407/407 408/408/408 409/409/409
f 407/407/407 409/409/409 410/410/410
f 411/411/411 412/412/412 413/413/413
f 411/411/411 413/413/413 414/414/414
f 415/415/415 416/416/416 417/417/417
f 415/415/415 417/417/417 418/418/418
f 419/419/419 420/420/420 421/421/421
f 419/419/419 421/421/421 422/422/422
f 423/423/423 424/424/424 425/425/425
f 423/423/423 425/425/425 426/426/426
f 427/427/427 428/428/428 429/429/429
f 427/427/427 429/429/429 430/430/430
f 431/431/431 432/432/432 433/433/433
f 431/431/431 433/433/433 434/434/434
f 435/435/435 436/436/436 437/437/437
f 435/435/435 437/437/437 438/438/438
f 439/439/439 440/440/440 441/441/441
f 439/439/439 441/441/441 442/442/442
f 443/443/443 444/444/444 445/445/445
f 443/443/443 445/445/445 446/446/446
f 447/447/447 448/448/448 449/449/449
f 447/447/447 449/449/449 450/450/450
f 451/451/451 452/452/452 453/453/453
f 451/451/451 453/453/453 454/454/454
f 455/455/455 456/456/456 457/457/457
f 455/455/455 457/457/457 458/458/458
f 459/459/459 460/460/460 461/461/461
f 459/459/459 461/461/461 462/462/462
f 463/463/463 464/464/464 465/465/465
f 463/463/463 465/465/465 466/466/466
f 467/467/467 468/468/468 469/469/469
f 467/467/467 469/469/469 470/470/470
f 471/471/471 472/472/472 473/473/473
f 471/471/471 473/473/473 474/474/474
f 475/475/475 476/476/476 477/477/477
f 475/475/475 477/477/477 478/478/478
f 479/479/479 480/480/480 481/481/481
f 479/479/479 481/481/481 482/482/482
f 483/483/483 484/484/484 485/485/485
f 483/483/483 486/486/486 484/484/484
f 486/486/486 487/487/487 484/484/484
f 486/486/486 488/488/488 487/487/487
f 489/489/489 490/490/490 491/491/491
f 489/489/489 491/491/491 492/492/492
f 492/492/492 491/491/491 493/493/493
f 492/492/492 493/493/493 494/494/494
f 495/495/495 496/496/496 497/497/497
f 495/495/495 498/498/498 496/496/496
f 498/498/498 499/499/499 496/496/496
f 498/498/498 500/500/500 499/499/499
f 501/501/501 502/502/502 503/503/503
f 501/501/501 504/504/504 502/502/502
f 505/505/505 504/504/504 501/501/501
f 505/505/505 506/506/506 504/504/504
f 507/507/507 506/506/506 505/505/505
f 507/507/507 508/508/508 506/506/506
f 509/509/509 510/510/510 511/511/511
f 509/509/509 512/512/512 510/510/510
f 512/512/512 513/513/513 510/510/510
f 512/512/512 514/514/514 513/513/513
f 515/515/515 516/516/516 517/517/517
f 515/515/515 517/517/517 518/518/518
f 519/519/519 520/520/520 521/521/521
f 519/519/519 521/521/521 522/522/522
f 523/523/523 524/524/524 525/525/525
f 523/523/523 526/526/526 524/524/524
f 527/527/527 526/526/526 523/523/523
f 527/527/527 528/528/528 526/526/526
f 529/529/529 530/530/530 531/531/531
f 529/529/529 532/532/532 530/530/530
f 533/533/533 530/530/530 532/532/532
f 533/533/533 532/532/532 534/534/534
f 534/534/534 535/535/535 533/533/533
f 534/534/534 536/536/536 535/535/535
f 537/537/537 538/538/538 539/539/539
f 537/537/537 539/539/539 540/540/540
f 541/541/541 542/542/542 543/543/543
f 541/541/541 543/543/543 544/544/544
f 545/545/545 546/546/546 547/547/547
f 545/545/545 547/547/547 548/548/548
f 549/549/549 550/550/550 551/551/551
f 549/549/549 551/551/551 552/552/552
f 553/553/553 554/554/554 555/555/555
f 553/553/553 556/556/556 554/554/554
f 556/556/556 553/553/553 557/557/557
f 556/556/556 557/557/557 558/558/558
f 557/557/557 559/559/559 558/558/558
f 557/557/557 560/560/560 559/559/559
f 561/561/561 562/562/562 563/563/563
f 563/563/563 564/564/564 561/561/561
f 563/563/563 565/565/565 564/564/564
f 563/563/563 566/566/566 565/565/565
f 567/567/567 568/568/568 569/569/569
f 567/567/567 569/569/569 570/570/570
f 571/571/571 572/572/572 573/573/573
f 571/571/571 573/573/573 574/574/574
f 575/575/575 576/576/576 577/577/577
f 575/575/575 577/577/577 578/578/578
f 579/579/579 580/580/580 581/581/581
f 579/579/579 581/581/581 582/582/582
f 583/583/583 584/584/584 585/585/585
f 583/583/583 585/585/585 586/586/586
f 587/587/587 588/588/588 589/589/589
f 587/587/587 589/589/589 590/590/590
f 591/591/591 592/592/592 593/593/593
f 591/591/591 593/593/593 594/594/594
f 595/595/595 596/596/596 597/597/597
f 595/595/595 597/597/597 598/598/598
f 599/599/599 598/598/598 597/597/597
f 599/599/599 600/600/600 598/598/598
f 601/601/601 600/600/600 599/599/599
f 601/601/601 599/599/599 602/602/602
f 603/603/603 604/604/604 605/605/605
f 603/603/603 606/606/606 604/604/604
f 604/604/604 606/606/606 607/607/607
f 604/604/604 607/607/607 608/608/608
f 609/609/609 608/608/608 607/607/607
f 609/609/609 610/610/610 608/608/608
f 611/611/611 612/612/612 613/613/613
f 611/611/611 614/614/614 612/612/612
f 614/614/614 611/611/611 615/615/615
f 614/614/614 615/615/615 616/616/616
f 617/617/617 618/618/618 619/619/619
f 617/617/617 619/619/619 620/620/620
f 621/621/621 622/622/622 623/623/623
f 621/621/621 623/623/623 624/624/624
f 625/625/625 626/626/626 627/627/627
f 625/625/625 628/628/628 626/626/626
f 628/628/628 625/625/625 629/629/629
f 628/628/628 629/629/629 630/630/630
f 631/631/631 632/632/632 633/633/633
f 631/631/631 633/633/633 634/634/634
f 635/635/635 636/636/636 637/637/637
f 635/635/635 637/637/637 638/638/638
f 639/639/639 638/638/638 637/637/637
f 639/639/639 637/637/637 640/640/640
f 641/641/641 642/642/642 643/643/643
f 641/641/641 643/643/643 644/644/644
f 644/644/644 643/643/643 645/645/645
f 644/644/644 645/645/645 646/646/646
f 647/647/647 648/648/648 649/649/649
f 647/647/647 649/649/649 650/650/650
f 651/651/651 647/647/647 650/650/650
f 651/651/651 650/650/650 652/652/652
f 653/653/653 651/651/651 652/652/652
f 653/653/653 652/652/652 654/654/654
f 655/655/655 656/656/656 657/657/657
f 655/655/655 657/657/657 658/658/658
f 659/659/659 660/660/660 661/661/661
f 659/659/659 661/661/661 662/662/662
f 663/663/663 664/664/664 665/665/665
f 663/663/663 665/665/665 666/666/666
f 667/667/667 668/668/668 669/669/669
f 667/667/667 669/669/669 670/670/670
f 671/671/671 672/672/672 673/673/673
f 671/671/671 673/673/673 674/674/674
f 675/675/675 671/671/671 674/674/674
f 675/675/675 674/674/674 676/676/676
f 677/677/677 678/678/678 679/679/679
f 677/677/677 679/679/679 680/680/680
f 681/681/681 680/680/680 679/679/679
f 681/681/681 682/682/682 680/680/680
f 682/682/682 681/681/681 683/683/683
f 682/682/682 683/683/683 684/684/684
f 685/685/685 686/686/686 687/687/687
f 685/685/685 687/687/687 688/688/688
f 689/689/689 690/690/690 691/691/691
f 689/689/689 691/691/691 692/692/692
f 693/693/693 694/694/694 695/695/695
f 693/693/693 695/695/695 696/696/696
f 697/697/697 698/698/698 699/699/699
f 697/697/697 699/699/699 700/700/700
f 701/701/701 702/702/702 703/703/703
f 701/701/701 703/703/703 704/704/704
f 704/704/704 705/705/705 701/701/701
f 704/704/704 706/706/706 705/705/705
f 705/705/705 706/706/706 707/707/707
f 705/705/705 707/707/707 708/708/708
f 709/709/709 710/710/710 711/711/711
f 709/709/709 711/711/711 712/712/712
f 713/713/713 714/714/714 715/715/715
f 715/715/715 716/716/716 713/713/713
f 716/716/716 717/717/717 713/713/713
f 717/717/717 718/718/718 713/713/713
f 719/719/719 720/720/720 721/721/721
f 719/719/719 721/721/721 722/722/722
f 723/723/723 719/719/719 722/722/722
f 723/723/723 722/722/722 724/724/724
f 725/725/725 726/726/726 727/727/727
f 725/725/725 728/728/728 726/726/726
f 728/728/728 729/729/729 726/726/726
f 728/728/728 730/730/730 729/729/729
f 731/731/731 732/732/732 733/733/733
f 731/731/731 733/733/733 734/734/734
f 735/735/735 736/736/736 737/737/737
f 735/735/735 738/738/738 736/736/736
f 739/739/739 738/738/738 735/735/735
f 739/739/739 740/740/740 738/738/738
f 741/741/741 740/740/740 739/739/739
f 741/741/741 742/742/742 740/740/740
f 743/743/743 744/744/744 745/745/745
f 743/743/743 745/745/745 746/746/746
f 747/747/747 748/748/748 749/749/749
f 747/747/747 749/749/749 750/750/750
f 751/751/751 752/752/752 753/753/753
f 751/751/751 753/753/753 754/754/754
f 755/755/755 756/756/756 757/757/757
f 755/755/755 757/757/757 758/758/758
f 759/759/759 760/760/760 761/761/761
f 759/759/759 762/762/762 760/760/760
f 763/763/763 762/762/762 759/759/759
f 763/763/763 764/764/764 762/762/762
f 765/765/765 766/766/766 767/767/767
f 765/765/765 768/768/768 766/766/766
f 769/769/769 766/766/766 768/768/768
f 769/769/769 768/768/768 770/770/770
f 770/770/770 771/771/771 769/769/769
f 770/770/770 772/772/772 771/771/771
f 773/773/773 774/774/774 775/775/775
f 773/773/773 775/775/775 776/776/776
f 777/777/777 778/778/778 779/779/779
f 777/777/777 779/779/779 780/780/780
f 781/781/781 782/782/782 783/783/783
f 781/781/781 783/783/783 784/784/784
f 785/785/785 786/786/786 787/787/787
f 785/785/785 787/787/787 788/788/788
f 789/789/789 790/790/790 791/791/791
f 789/789/789 792/792/792 790/790/790
f 792/792/792 789/789/789 793/793/793
f 792/792/792 793/793/793 794/794/794
f 793/793/793 795/795/795 794/794/794
f 793/793/793 796/796/796 795/795/795
f 797/797/797 798/798/798 799/799/799
f 799/799/799 800/800/800 797/797/797
f 799/799/799 801/801/801 800/800/800
f 801/801/801 802/802/802 800/800/800
f 803/803/803 804/804/804 805/805/805
f 803/803/803 806/806/806 804/804/804
f 806/806/806 803/803/803 807/807/807
f 806/806/806 807/807/807 808/808/808
f 809/809/809 810/810/810 811/811/811
f 809/809/809 812/812/812 810/810/810
f 813/813/813 810/810/810 812/812/812
f 813/813/813 814/814/814 810/810/810
f 815/815/815 816/816/816 817/817/817
f 815/815/815 817/817/817 818/818/818
f 819/819/819 820/820/820 821/821/821
f 819/819/819 821/821/821 822/822/822
f 823/823/823 822/822/822 821/821/821
f 823/823/823 821/821/821 824/824/824
f 825/825/825 823/823/823 824/824/824
f 825/825/825 826/826/826 823/823/823
f 826/826/826 827/827/827 823/823/823
f 826/826/826 828/828/828 827/827/827
f 823/823/823 827/827/827 829/829/829
f 823/823/823 829/829/829 830/830/830
f 831/831/831 830/830/830 829/829/829
f 831/831/831 832/832/832 830/830/830
f 833/833/833 834/834/834 835/835/835
f 833/833/833 835/835/835 836/836/836
f 837/837/837 838/838/838 839/839/839
f 837/837/837 839/839/839 840/840/840
f 841/841/841 842/842/842 843/843/843
f 841/841/841 843/843/843 844/844/844
f 845/845/845 846/846/846 847/847/847
f 845/845/845 847/847/847 848/848/848
f 849/849/849 848/848/848 847/847/847
f 849/849/849 850/850/850 848/848/848
f 850/850/850 849/849/849 851/851/851
f 850/850/850 851/851/851 852/852/852
f 853/853/853 852/852/852 851/851/851
f 853/853/853 854/854/854 852/852/852
f 855/855/855 856/856/856 857/857/857
f 855/855/855 857/857/857 858/858/858
f 859/859/859 860/860/860 861/861/861
f 859/859/859 861/861/861 862/862/862
f 863/863/863 864/864/864 865/865/865
f 863/863/863 865/865/865 866/866/866
f 867/867/867 868/868/868 869/869/869
f 867/867/867 869/869/869 870/870/870
f 871/871/871 872/872/872 873/873/873
f 874/874/874 873/873/873 872/872/872
f 871/871/871 873/873/873 875/875/875
f 874/874/874 876/876/876 873/873/873
f 877/877/877 871/871/871 875/875/875
f 878/878/878 876/876/876 874/874/874
f 878/878/878 877/877/877 876/876/876
f 877/877/877 878/878/878 871/871/871
f 879/879/879 880/880/880 881/881/881
f 882/882/882 881/881/881 880/880/880
f 879/879/879 883/883/883 880/880/880
f 882/882/882 880/880/880 884/884/884
f 885/885/885 883/883/883 879/879/879
f 886/886/886 882/882/882 884/884/884
f 886/886/886 884/884/884 885/885/885
f 885/885/885 879/879/879 886/886/886
f 887/887/887 888/888/888 889/889/889
f 887/887/887 889/889/889 890/890/890
f 891/891/891 888/888/888 887/887/887
f 892/892/892 890/890/890 889/889/889
f 891/891/891 893/893/893 888/888/888
f 892/892/892 894/894/894 890/890/890
f 893/893/893 891/891/891 894/894/894
f 893/893/893 894/894/894 892/892/892
f 895/895/895 896/896/896 897/897/897
f 895/895/895 897/897/897 898/898/898
f 899/899/899 897/897/897 896/896/896
f 900/900/900 895/895/895 898/898/898
f 899/899/899 896/896/896 901/901/901
f 900/900/900 898/898/898 902/902/902
f 902/902/902 899/899/899 901/901/901
f 902/902/902 901/901/901 900/900/900
