# Unturned item rip -> Godot (X+Z negated, winding reversed, RH Y-up)
v 0.753253 0.595746 -0.143598
v 0.765489 0.601452 -0.106666
v 0.777724 0.607157 -0.069735
v 0.758043 -0.000000 -0.097465
v 0.458524 -0.274148 -0.097465
v 0.410150 -0.000000 -0.097465
v 0.458524 -0.274148 -0.097465
v 0.758043 -0.000000 -0.097465
v 0.706043 -0.294148 -0.097465
v 0.569222 -0.171434 -0.207859
v 0.516533 -0.268488 -0.207859
v 0.631060 -0.319740 -0.204197
v 0.673211 -0.242097 -0.204197
v 0.744435 -0.393855 -0.207859
v 0.797124 -0.296802 -0.207859
v 0.516533 -0.268488 -0.171240
v 0.569222 -0.171434 -0.171240
v 0.673211 -0.242097 -0.174902
v 0.631060 -0.319740 -0.174902
v 0.797124 -0.296802 -0.171240
v 0.744435 -0.393855 -0.171240
v 0.516533 -0.268488 -0.207859
v 0.516533 -0.268488 -0.171240
v 0.631060 -0.319740 -0.174902
v 0.631060 -0.319740 -0.204197
v 0.744435 -0.393855 -0.171240
v 0.744435 -0.393855 -0.207859
v 0.673211 -0.242097 -0.174902
v 0.673211 -0.242097 -0.204197
v 0.797124 -0.296802 -0.207859
v 0.797124 -0.296802 -0.171240
v 0.765489 -0.601452 -0.106666
v 0.753253 -0.595746 -0.143598
v 0.749289 -0.608171 -0.158644
v 0.777724 -0.607157 -0.069735
v 0.776479 -0.620849 -0.076574
v 0.776479 -0.620849 0.060210
v 0.777724 -0.607157 0.053371
v 0.749289 -0.608171 0.142281
v 0.765489 -0.601452 0.090303
v 0.753253 -0.595746 0.127234
v 0.885816 -0.386374 -0.076574
v 0.858627 -0.373695 -0.158644
v 0.851657 -0.384718 -0.143598
v 0.863893 -0.390424 -0.106666
v 0.876128 -0.396129 -0.069735
v 0.876128 -0.396129 0.053371
v 0.885816 -0.386374 0.060210
v 0.863893 -0.390424 0.090303
v 0.858627 -0.373695 0.142281
v 0.851657 -0.384718 0.127234
v 0.790608 -0.259344 0.217512
v 0.617970 -0.629569 0.217512
v 0.617970 -0.629569 -0.233875
v 0.790608 -0.259344 -0.233875
v 0.685709 -0.640669 -0.213358
v 0.707360 -0.650765 -0.213358
v 0.864304 -0.314197 -0.213358
v 0.842653 -0.304101 -0.213358
v 0.842653 -0.304101 0.196994
v 0.834363 -0.279747 0.217512
v 0.834363 -0.279748 -0.233875
v 0.842653 -0.304101 -0.213358
v 0.685709 -0.640669 0.196994
v 0.661725 -0.649972 0.217512
v 0.834363 -0.279747 0.217512
v 0.842653 -0.304101 0.196994
v 0.685709 -0.640669 -0.213358
v 0.661725 -0.649972 -0.233875
v 0.661725 -0.649972 0.217512
v 0.685709 -0.640669 0.196994
v 0.814475 -0.560066 0.060061
v 0.758621 -0.534021 0.227146
v 0.807823 -0.428507 0.227146
v 0.863677 -0.454552 0.060061
v 0.813332 -0.559533 -0.077878
v 0.862534 -0.454019 -0.077878
v 0.758621 -0.534021 -0.242056
v 0.807823 -0.428507 -0.242056
v 0.672156 -0.493701 0.060061
v 0.721358 -0.388187 0.227146
v 0.672156 -0.493701 0.227146
v 0.721358 -0.388187 0.060061
v 0.672156 -0.493701 -0.077878
v 0.721358 -0.388187 -0.077878
v 0.672156 -0.493701 -0.242056
v 0.721358 -0.388187 -0.242056
v 0.863677 -0.454552 0.060061
v 0.807823 -0.428507 0.227146
v 0.721358 -0.388187 0.227146
v 0.721358 -0.388187 0.060061
v 0.862534 -0.454019 -0.077878
v 0.721358 -0.388187 -0.077878
v 0.807823 -0.428507 -0.242056
v 0.721358 -0.388187 -0.242056
v 0.807823 -0.428507 0.227146
v 0.758621 -0.534021 0.227146
v 0.672156 -0.493701 0.227146
v 0.721358 -0.388187 0.227146
v 0.813332 -0.559533 -0.077878
v 0.758621 -0.534021 -0.242056
v 0.672156 -0.493701 -0.242056
v 0.672156 -0.493701 -0.077878
v 0.814475 -0.560066 0.060061
v 0.672156 -0.493701 0.060061
v 0.758621 -0.534021 0.227146
v 0.672156 -0.493701 0.227146
v 0.758621 -0.534021 -0.242056
v 0.807823 -0.428507 -0.242056
v 0.721358 -0.388187 -0.242056
v 0.672156 -0.493701 -0.242056
v 0.873664 -0.446363 0.060061
v 0.814622 -0.572980 0.060061
v 0.781708 -0.573047 0.074096
v 0.852559 -0.421107 0.074096
v 0.814622 -0.572980 0.060061
v 0.813479 -0.572447 -0.077878
v 0.780337 -0.572407 -0.091432
v 0.781708 -0.573047 0.074096
v 0.813479 -0.572447 -0.077878
v 0.872522 -0.445830 -0.077878
v 0.851188 -0.420467 -0.091432
v 0.780337 -0.572407 -0.091432
v 0.872522 -0.445830 -0.077878
v 0.873664 -0.446363 0.060061
v 0.852559 -0.421107 0.074096
v 0.851188 -0.420467 -0.091432
v 0.858680 -0.476228 -0.044901
v 0.839843 -0.467444 -0.044711
v 0.840440 -0.467722 0.027274
v 0.859276 -0.476506 0.027084
v 0.859276 -0.476506 0.027084
v 0.840440 -0.467722 0.027274
v 0.809628 -0.533799 0.027274
v 0.828464 -0.542583 0.027084
v 0.828464 -0.542583 0.027084
v 0.809628 -0.533799 0.027274
v 0.809031 -0.533521 -0.044711
v 0.827868 -0.542305 -0.044901
v 0.827868 -0.542305 -0.044901
v 0.809031 -0.533521 -0.044711
v 0.839843 -0.467444 -0.044711
v 0.858680 -0.476228 -0.044901
v 0.617970 -0.629569 0.217512
v 0.790608 -0.259344 0.217512
v 0.834363 -0.279747 0.217512
v 0.661725 -0.649972 0.217512
v 0.617970 -0.629569 0.217512
v 0.661725 -0.649972 0.217512
v 0.661725 -0.649972 -0.233875
v 0.617970 -0.629569 -0.233875
v 0.790608 -0.259344 -0.233875
v 0.834363 -0.279748 -0.233875
v 0.834363 -0.279747 0.217512
v 0.790608 -0.259344 0.217512
v 0.661725 -0.649972 -0.233875
v 0.834363 -0.279748 -0.233875
v 0.790608 -0.259344 -0.233875
v 0.617970 -0.629569 -0.233875
v 0.851657 -0.384718 -0.143598
v 0.858627 -0.373695 -0.158644
v 0.749289 -0.608171 -0.158644
v 0.842801 -0.403711 -0.143598
v 0.763094 -0.574644 -0.143598
v 0.753253 -0.595746 -0.143598
v 0.763094 -0.574643 0.127234
v 0.765489 -0.601452 0.090303
v 0.753253 -0.595746 0.127234
v 0.775329 -0.580349 0.090303
v 0.842801 -0.403711 0.127234
v 0.777724 -0.607157 0.053371
v 0.787564 -0.586054 0.053371
v 0.777724 -0.607157 -0.069735
v 0.787564 -0.586054 -0.069735
v 0.765489 -0.601452 -0.106666
v 0.855036 -0.409416 0.090303
v 0.851657 -0.384718 0.127234
v 0.863893 -0.390424 0.090303
v 0.867271 -0.415121 0.053371
v 0.876128 -0.396129 0.053371
v 0.867271 -0.415121 -0.069735
v 0.876128 -0.396129 -0.069735
v 0.775329 -0.580349 -0.106666
v 0.753253 -0.595746 -0.143598
v 0.763094 -0.574644 -0.143598
v 0.855036 -0.409416 -0.106666
v 0.863893 -0.390424 -0.106666
v 0.842801 -0.403711 -0.143598
v 0.851657 -0.384718 -0.143598
v 0.867271 -0.415121 -0.069735
v 0.855036 -0.409416 -0.106666
v 0.775329 -0.580349 -0.106666
v 0.787564 -0.586054 -0.069735
v 0.867271 -0.415121 0.053371
v 0.787564 -0.586054 0.053371
v 0.855036 -0.409416 0.090303
v 0.775329 -0.580349 0.090303
v 0.749289 -0.608171 0.142281
v 0.858627 -0.373695 0.142281
v 0.851657 -0.384718 0.127234
v 0.842801 -0.403711 0.127234
v 0.763094 -0.574643 0.127234
v 0.753253 -0.595746 0.127234
v 0.842653 -0.304101 -0.213358
v 0.834363 -0.279748 -0.233875
v 0.661725 -0.649972 -0.233875
v 0.685709 -0.640669 -0.213358
v 0.707360 -0.650765 0.196994
v 0.685709 -0.640669 0.196994
v 0.842653 -0.304101 0.196994
v 0.864304 -0.314197 0.196994
v 0.639847 -0.639771 -0.233875
v 0.603594 -0.670192 -0.281271
v 0.603594 -0.670192 0.264908
v 0.639847 -0.639771 0.217512
v 0.812486 -0.269546 -0.233875
v 0.812487 -0.222220 -0.281271
v 0.603594 -0.670192 -0.281271
v 0.639847 -0.639771 -0.233875
v 0.812486 -0.269546 0.217512
v 0.812487 -0.222220 0.264908
v 0.812487 -0.222220 -0.281271
v 0.812486 -0.269546 -0.233875
v 0.812486 -0.269546 0.217512
v 0.639847 -0.639771 0.217512
v 0.603594 -0.670192 0.264908
v 0.812487 -0.222220 0.264908
v 0.569222 0.171434 -0.207859
v 0.631060 0.319740 -0.204197
v 0.516533 0.268488 -0.207859
v 0.673211 0.242097 -0.204197
v 0.744435 0.393855 -0.207859
v 0.797124 0.296802 -0.207859
v 0.516533 0.268488 -0.171240
v 0.673211 0.242097 -0.174902
v 0.569222 0.171434 -0.171240
v 0.631060 0.319740 -0.174902
v 0.797124 0.296802 -0.171240
v 0.744435 0.393855 -0.171240
v 0.516533 0.268488 -0.207859
v 0.631060 0.319740 -0.174902
v 0.516533 0.268488 -0.171240
v 0.631060 0.319740 -0.204197
v 0.744435 0.393855 -0.171240
v 0.744435 0.393855 -0.207859
v 0.673211 0.242097 -0.174902
v 0.797124 0.296802 -0.171240
v 0.797124 0.296802 -0.207859
v 0.673211 0.242097 -0.204197
v 0.749289 0.608171 -0.158644
v 0.753253 0.595746 -0.143598
v 0.777724 0.607157 -0.069735
v 0.776479 0.620849 -0.076574
v 0.776479 0.620849 0.060210
v 0.777724 0.607157 0.053371
v 0.749289 0.608171 0.142281
v 0.765489 0.601452 0.090303
v 0.753253 0.595746 0.127234
v 0.851657 0.384718 -0.143598
v 0.858627 0.373695 -0.158644
v 0.885816 0.386374 -0.076574
v 0.863893 0.390424 -0.106666
v 0.876128 0.396129 -0.069735
v 0.876128 0.396129 0.053371
v 0.885816 0.386374 0.060210
v 0.863893 0.390424 0.090303
v 0.858627 0.373695 0.142281
v 0.851657 0.384718 0.127234
v 0.790608 0.259344 0.217512
v 0.790608 0.259344 -0.233875
v 0.617970 0.629569 -0.233875
v 0.617970 0.629569 0.217512
v 0.685709 0.640669 -0.213358
v 0.842653 0.304101 -0.213358
v 0.864304 0.314197 -0.213358
v 0.707360 0.650765 -0.213358
v 0.842653 0.304101 0.196994
v 0.842653 0.304101 -0.213358
v 0.834363 0.279748 -0.233875
v 0.834363 0.279747 0.217512
v 0.685709 0.640669 0.196994
v 0.842653 0.304101 0.196994
v 0.834363 0.279747 0.217512
v 0.661725 0.649972 0.217512
v 0.685709 0.640669 -0.213358
v 0.685709 0.640669 0.196994
v 0.661725 0.649972 0.217512
v 0.661725 0.649972 -0.233875
v 0.814475 0.560066 0.060061
v 0.807823 0.428507 0.227146
v 0.758621 0.534021 0.227146
v 0.863677 0.454552 0.060061
v 0.813332 0.559533 -0.077878
v 0.862534 0.454019 -0.077878
v 0.758621 0.534021 -0.242056
v 0.807823 0.428507 -0.242056
v 0.672156 0.493701 0.060061
v 0.672156 0.493701 0.227146
v 0.721358 0.388187 0.227146
v 0.721358 0.388187 0.060061
v 0.672156 0.493701 -0.077878
v 0.721358 0.388187 -0.077878
v 0.672156 0.493701 -0.242056
v 0.721358 0.388187 -0.242056
v 0.863677 0.454552 0.060061
v 0.721358 0.388187 0.227146
v 0.807823 0.428507 0.227146
v 0.721358 0.388187 0.060061
v 0.862534 0.454019 -0.077878
v 0.721358 0.388187 -0.077878
v 0.807823 0.428507 -0.242056
v 0.721358 0.388187 -0.242056
v 0.807823 0.428507 0.227146
v 0.721358 0.388187 0.227146
v 0.672156 0.493701 0.227146
v 0.758621 0.534021 0.227146
v 0.813332 0.559533 -0.077878
v 0.672156 0.493701 -0.242056
v 0.758621 0.534021 -0.242056
v 0.672156 0.493701 -0.077878
v 0.814475 0.560066 0.060061
v 0.672156 0.493701 0.060061
v 0.758621 0.534021 0.227146
v 0.672156 0.493701 0.227146
v 0.758621 0.534021 -0.242056
v 0.672156 0.493701 -0.242056
v 0.721358 0.388187 -0.242056
v 0.807823 0.428507 -0.242056
v 0.873664 0.446363 0.060061
v 0.852559 0.421107 0.074096
v 0.781708 0.573047 0.074096
v 0.814622 0.572980 0.060061
v 0.814622 0.572980 0.060061
v 0.781708 0.573047 0.074096
v 0.780337 0.572407 -0.091432
v 0.813479 0.572447 -0.077878
v 0.813479 0.572447 -0.077878
v 0.780337 0.572407 -0.091432
v 0.851188 0.420467 -0.091432
v 0.872522 0.445830 -0.077878
v 0.872522 0.445830 -0.077878
v 0.851188 0.420467 -0.091432
v 0.852559 0.421107 0.074096
v 0.873664 0.446363 0.060061
v 0.858680 0.476228 -0.044901
v 0.859276 0.476506 0.027084
v 0.840440 0.467722 0.027274
v 0.839843 0.467444 -0.044711
v 0.859276 0.476506 0.027084
v 0.828464 0.542583 0.027084
v 0.809628 0.533799 0.027274
v 0.840440 0.467722 0.027274
v 0.828464 0.542583 0.027084
v 0.827868 0.542305 -0.044901
v 0.809031 0.533521 -0.044711
v 0.809628 0.533799 0.027274
v 0.827868 0.542305 -0.044901
v 0.858680 0.476228 -0.044901
v 0.839843 0.467444 -0.044711
v 0.809031 0.533521 -0.044711
v 0.617970 0.629569 0.217512
v 0.661725 0.649972 0.217512
v 0.834363 0.279747 0.217512
v 0.790608 0.259344 0.217512
v 0.617970 0.629569 0.217512
v 0.617970 0.629569 -0.233875
v 0.661725 0.649972 -0.233875
v 0.661725 0.649972 0.217512
v 0.790608 0.259344 -0.233875
v 0.790608 0.259344 0.217512
v 0.834363 0.279747 0.217512
v 0.834363 0.279748 -0.233875
v 0.661725 0.649972 -0.233875
v 0.617970 0.629569 -0.233875
v 0.790608 0.259344 -0.233875
v 0.834363 0.279748 -0.233875
v 0.753253 0.595746 -0.143598
v 0.749289 0.608171 -0.158644
v 0.858627 0.373695 -0.158644
v 0.763094 0.574644 -0.143598
v 0.842801 0.403711 -0.143598
v 0.851657 0.384718 -0.143598
v 0.763094 0.574643 0.127234
v 0.753253 0.595746 0.127234
v 0.765489 0.601452 0.090303
v 0.775329 0.580349 0.090303
v 0.842801 0.403711 0.127234
v 0.777724 0.607157 0.053371
v 0.787564 0.586054 0.053371
v 0.777724 0.607157 -0.069735
v 0.787564 0.586054 -0.069735
v 0.765489 0.601452 -0.106666
v 0.855036 0.409416 0.090303
v 0.851657 0.384718 0.127234
v 0.863893 0.390424 0.090303
v 0.867271 0.415121 0.053371
v 0.876128 0.396129 0.053371
v 0.867271 0.415121 -0.069735
v 0.876128 0.396129 -0.069735
v 0.775329 0.580349 -0.106666
v 0.753253 0.595746 -0.143598
v 0.763094 0.574644 -0.143598
v 0.855036 0.409416 -0.106666
v 0.863893 0.390424 -0.106666
v 0.842801 0.403711 -0.143598
v 0.851657 0.384718 -0.143598
v 0.867271 0.415121 -0.069735
v 0.775329 0.580349 -0.106666
v 0.855036 0.409416 -0.106666
v 0.787564 0.586054 -0.069735
v 0.867271 0.415121 0.053371
v 0.787564 0.586054 0.053371
v 0.855036 0.409416 0.090303
v 0.775329 0.580349 0.090303
v 0.858627 0.373695 0.142281
v 0.749289 0.608171 0.142281
v 0.753253 0.595746 0.127234
v 0.763094 0.574643 0.127234
v 0.842801 0.403711 0.127234
v 0.851657 0.384718 0.127234
v 0.842653 0.304101 -0.213358
v 0.685709 0.640669 -0.213358
v 0.661725 0.649972 -0.233875
v 0.834363 0.279748 -0.233875
v 0.707360 0.650765 0.196994
v 0.864304 0.314197 0.196994
v 0.842653 0.304101 0.196994
v 0.685709 0.640669 0.196994
v 0.639847 0.639771 -0.233875
v 0.639847 0.639771 0.217512
v 0.603594 0.670192 0.264908
v 0.603594 0.670192 -0.281271
v 0.812486 0.269546 -0.233875
v 0.639847 0.639771 -0.233875
v 0.603594 0.670192 -0.281271
v 0.812487 0.222220 -0.281271
v 0.812486 0.269546 0.217512
v 0.812486 0.269546 -0.233875
v 0.812487 0.222220 -0.281271
v 0.812487 0.222220 0.264908
v 0.812486 0.269546 0.217512
v 0.812487 0.222220 0.264908
v 0.603594 0.670192 0.264908
v 0.639847 0.639771 0.217512
v 0.083797 -0.375668 -0.205569
v 0.038488 -0.409746 -0.008182
v 0.044156 -0.474538 -0.008182
v 0.087218 -0.414771 -0.205569
v 0.244207 -0.401036 0.171837
v 0.087218 -0.414771 0.189205
v 0.283985 -0.397556 0.203605
v 0.122006 -0.411727 0.159597
v 0.044156 -0.474538 -0.008182
v 0.087286 -0.470765 -0.008182
v 0.280564 -0.358454 -0.219969
v 0.083797 -0.375668 -0.205569
v 0.087218 -0.414771 -0.205569
v 0.283985 -0.397556 -0.219969
v 0.280564 -0.358454 -0.219969
v 0.283985 -0.397556 -0.219969
v 0.340889 -0.448276 -0.008182
v 0.335247 -0.383783 -0.008182
v 0.226911 -0.376170 -0.173512
v 0.244207 -0.401036 -0.188201
v 0.122006 -0.411727 -0.175961
v 0.131178 -0.384545 -0.163980
v 0.280564 -0.358454 0.203605
v 0.283985 -0.397556 0.203605
v 0.087218 -0.414771 0.189205
v 0.083797 -0.375668 0.189205
v 0.280564 -0.358454 0.203605
v 0.335247 -0.383783 -0.008182
v 0.340889 -0.448276 -0.008182
v 0.283985 -0.397556 0.203605
v 0.283985 -0.397556 -0.219969
v 0.122006 -0.411727 -0.175961
v 0.244207 -0.401036 -0.188201
v 0.087218 -0.414771 -0.205569
v 0.087286 -0.470765 -0.008182
v 0.044156 -0.474538 -0.008182
v 0.083797 -0.375668 0.189205
v 0.087218 -0.414771 0.189205
v 0.044156 -0.474538 -0.008182
v 0.038488 -0.409746 -0.008182
v 0.296729 -0.452140 -0.008182
v 0.340889 -0.448276 -0.008182
v 0.283985 -0.397556 -0.219969
v 0.244207 -0.401036 -0.188201
v 0.296729 -0.452140 -0.008182
v 0.244207 -0.401036 -0.188201
v 0.226911 -0.376170 -0.173512
v 0.275057 -0.431885 -0.008182
v 0.275057 -0.431885 -0.008182
v 0.226911 -0.376170 0.157148
v 0.244207 -0.401036 0.171837
v 0.296729 -0.452140 -0.008182
v 0.145353 -0.391597 0.127635
v 0.213464 -0.385471 0.133592
v 0.245335 -0.428723 0.008208
v 0.125364 -0.440332 0.007519
v 0.125364 -0.440332 -0.023883
v 0.245335 -0.428723 -0.024572
v 0.213464 -0.385471 -0.149956
v 0.145353 -0.391597 -0.143999
v 0.087286 -0.470765 -0.008182
v 0.122006 -0.411727 0.159597
v 0.131178 -0.384546 0.147616
v 0.101194 -0.448807 -0.008182
v 0.122006 -0.411727 -0.175961
v 0.131178 -0.384545 -0.163980
v 0.340889 -0.448276 -0.008182
v 0.296729 -0.452140 -0.008182
v 0.244207 -0.401036 0.171837
v 0.283985 -0.397556 0.203605
v 0.226911 -0.376170 0.157148
v 0.131178 -0.384546 0.147616
v 0.122006 -0.411727 0.159597
v 0.244207 -0.401036 0.171837
v 0.083797 -0.375668 0.189205
v 0.038488 -0.409746 -0.008182
v 0.335247 -0.383783 -0.008182
v 0.280564 -0.358454 0.203605
v 0.083797 -0.375668 -0.205569
v 0.280564 -0.358454 -0.219969
v 0.335247 -0.383783 -0.008182
v 0.038488 -0.409746 -0.008182
v 0.083797 0.375668 -0.205569
v 0.087218 0.414771 -0.205569
v 0.044156 0.474538 -0.008182
v 0.038488 0.409746 -0.008182
v 0.244207 0.401036 0.171837
v 0.283985 0.397556 0.203605
v 0.087218 0.414771 0.189205
v 0.122006 0.411727 0.159597
v 0.044156 0.474538 -0.008182
v 0.087286 0.470765 -0.008182
v 0.280564 0.358454 -0.219969
v 0.283985 0.397556 -0.219969
v 0.087218 0.414771 -0.205569
v 0.083797 0.375668 -0.205569
v 0.280564 0.358454 -0.219969
v 0.335247 0.383783 -0.008182
v 0.340889 0.448276 -0.008182
v 0.283985 0.397556 -0.219969
v 0.226911 0.376170 -0.173512
v 0.131178 0.384545 -0.163980
v 0.122006 0.411727 -0.175961
v 0.244207 0.401036 -0.188201
v 0.280564 0.358454 0.203605
v 0.083797 0.375668 0.189205
v 0.087218 0.414771 0.189205
v 0.283985 0.397556 0.203605
v 0.280564 0.358454 0.203605
v 0.283985 0.397556 0.203605
v 0.340889 0.448276 -0.008182
v 0.335247 0.383783 -0.008182
v 0.283985 0.397556 -0.219969
v 0.244207 0.401036 -0.188201
v 0.122006 0.411727 -0.175961
v 0.087218 0.414771 -0.205569
v 0.087286 0.470765 -0.008182
v 0.044156 0.474538 -0.008182
v 0.083797 0.375668 0.189205
v 0.038488 0.409746 -0.008182
v 0.044156 0.474538 -0.008182
v 0.087218 0.414771 0.189205
v 0.296729 0.452140 -0.008182
v 0.244207 0.401036 -0.188201
v 0.283985 0.397556 -0.219969
v 0.340889 0.448276 -0.008182
v 0.296729 0.452140 -0.008182
v 0.275057 0.431885 -0.008182
v 0.226911 0.376170 -0.173512
v 0.244207 0.401036 -0.188201
v 0.275057 0.431885 -0.008182
v 0.296729 0.452140 -0.008182
v 0.244207 0.401036 0.171837
v 0.226911 0.376170 0.157148
v 0.145353 0.391597 0.127635
v 0.125364 0.440332 0.007519
v 0.245335 0.428723 0.008208
v 0.213464 0.385471 0.133592
v 0.125364 0.440332 -0.023883
v 0.145353 0.391597 -0.143999
v 0.213464 0.385471 -0.149956
v 0.245335 0.428723 -0.024572
v 0.087286 0.470765 -0.008182
v 0.131178 0.384546 0.147616
v 0.122006 0.411727 0.159597
v 0.101194 0.448807 -0.008182
v 0.122006 0.411727 -0.175961
v 0.131178 0.384545 -0.163980
v 0.340889 0.448276 -0.008182
v 0.283985 0.397556 0.203605
v 0.244207 0.401036 0.171837
v 0.296729 0.452140 -0.008182
v 0.226911 0.376170 0.157148
v 0.244207 0.401036 0.171837
v 0.122006 0.411727 0.159597
v 0.131178 0.384546 0.147616
v 0.083797 0.375668 0.189205
v 0.280564 0.358454 0.203605
v 0.335247 0.383783 -0.008182
v 0.038488 0.409746 -0.008182
v 0.083797 0.375668 -0.205569
v 0.038488 0.409746 -0.008182
v 0.335247 0.383783 -0.008182
v 0.280564 0.358454 -0.219969
v 0.693890 0.000000 -0.239661
v 0.469214 0.000000 -0.241366
v 0.472753 -0.021427 -0.238211
v 0.660267 -0.022692 -0.236958
v 0.651050 -0.229625 -0.209961
v 0.628503 -0.196290 -0.214011
v 0.504952 -0.216386 -0.209961
v 0.500053 -0.186728 -0.214175
v 0.693890 0.000000 -0.239661
v 0.651050 -0.229625 -0.209961
v 0.666113 -0.250026 -0.236240
v 0.713713 0.000000 -0.261728
v 0.247034 0.000000 -0.249705
v 0.318314 -0.223043 -0.226603
v 0.330734 -0.202239 -0.214145
v 0.266582 0.000000 -0.241579
v 0.289308 -0.262753 -0.226603
v 0.458199 -0.244753 -0.226603
v 0.458199 -0.207743 -0.226603
v 0.318314 -0.223043 -0.226603
v 0.200208 0.000000 -0.249705
v 0.247034 0.000000 -0.249705
v 0.758043 0.000000 -0.261728
v 0.713713 0.000000 -0.261728
v 0.666113 -0.250026 -0.236240
v 0.706043 -0.294148 -0.236240
v 0.493445 -0.233026 -0.236240
v 0.458524 -0.274148 -0.236240
v 0.453445 0.000000 -0.262028
v 0.410150 0.000000 -0.262028
v 0.651050 -0.229625 -0.209961
v 0.504952 -0.216386 -0.209961
v 0.493445 -0.233026 -0.236240
v 0.666113 -0.250026 -0.236240
v 0.500053 -0.186728 -0.214175
v 0.628503 -0.196290 -0.214011
v 0.660267 -0.022692 -0.236958
v 0.472753 -0.021427 -0.238211
v 0.346452 -0.173980 -0.217898
v 0.457630 -0.162769 -0.218095
v 0.457630 -0.017066 -0.240481
v 0.303037 -0.018362 -0.239164
v 0.318314 -0.223043 -0.226603
v 0.458199 -0.207743 -0.226603
v 0.457630 -0.188482 -0.214145
v 0.330734 -0.202239 -0.214145
v 0.303037 -0.018362 -0.239164
v 0.457630 -0.017066 -0.240481
v 0.457630 0.000000 -0.243407
v 0.266582 0.000000 -0.241579
v 0.346452 -0.173980 -0.217898
v 0.330734 -0.202239 -0.214145
v 0.457630 -0.188482 -0.214145
v 0.457630 -0.162769 -0.218095
v 0.472753 -0.021427 -0.238211
v 0.469214 0.000000 -0.241366
v 0.453445 0.000000 -0.262028
v 0.493445 -0.233026 -0.236240
v 0.500053 -0.186728 -0.214175
v 0.504952 -0.216386 -0.209961
v 0.693890 0.000000 -0.239661
v 0.472753 0.021427 -0.238211
v 0.469214 0.000000 -0.241366
v 0.660267 0.022692 -0.236958
v 0.651050 0.229625 -0.209961
v 0.628503 0.196290 -0.214011
v 0.504952 0.216386 -0.209961
v 0.500053 0.186728 -0.214175
v 0.693890 0.000000 -0.239661
v 0.713713 0.000000 -0.261728
v 0.666113 0.250026 -0.236240
v 0.651050 0.229625 -0.209961
v 0.247034 0.000000 -0.249705
v 0.266582 0.000000 -0.241579
v 0.330734 0.202239 -0.214145
v 0.318314 0.223043 -0.226603
v 0.289308 0.262753 -0.226603
v 0.458199 0.207743 -0.226603
v 0.458199 0.244753 -0.226603
v 0.318314 0.223043 -0.226603
v 0.200208 0.000000 -0.249705
v 0.247034 0.000000 -0.249705
v 0.758043 0.000000 -0.261728
v 0.666113 0.250026 -0.236240
v 0.713713 0.000000 -0.261728
v 0.706043 0.294148 -0.236240
v 0.493445 0.233026 -0.236240
v 0.458524 0.274148 -0.236240
v 0.453445 0.000000 -0.262028
v 0.410150 0.000000 -0.262028
v 0.651050 0.229625 -0.209961
v 0.666113 0.250026 -0.236240
v 0.493445 0.233026 -0.236240
v 0.504952 0.216386 -0.209961
v 0.500053 0.186728 -0.214175
v 0.472753 0.021427 -0.238211
v 0.660267 0.022692 -0.236958
v 0.628503 0.196290 -0.214011
v 0.346452 0.173980 -0.217898
v 0.303037 0.018362 -0.239164
v 0.457630 0.017066 -0.240481
v 0.457630 0.162769 -0.218095
v 0.318314 0.223043 -0.226603
v 0.330734 0.202239 -0.214145
v 0.457630 0.188482 -0.214145
v 0.458199 0.207743 -0.226603
v 0.303037 0.018362 -0.239164
v 0.457630 0.000000 -0.243407
v 0.457630 0.017066 -0.240481
v 0.266582 0.000000 -0.241579
v 0.346452 0.173980 -0.217898
v 0.330734 0.202239 -0.214145
v 0.457630 0.188482 -0.214145
v 0.457630 0.162769 -0.218095
v 0.504952 0.216386 -0.209961
v 0.493445 0.233026 -0.236240
v 0.453445 0.000000 -0.262028
v 0.500053 0.186728 -0.214175
v 0.472753 0.021427 -0.238211
v 0.469214 0.000000 -0.241366
v 0.289308 -0.262753 -0.226603
v 0.200208 0.000000 -0.249705
v 0.200208 -0.000000 -0.107460
v 0.289308 -0.262753 -0.107460
v 0.200208 0.000000 -0.249705
v 0.289308 0.262753 -0.226603
v 0.289308 0.262753 -0.107460
v 0.200208 -0.000000 -0.107460
v 0.289308 0.262753 -0.226603
v 0.458199 0.244753 -0.226603
v 0.458199 0.244753 -0.107460
v 0.289308 0.262753 -0.107460
v 0.458199 -0.244753 -0.226603
v 0.289308 -0.262753 -0.226603
v 0.289308 -0.262753 -0.107460
v 0.458199 -0.244753 -0.107460
v 0.706043 0.294148 -0.236240
v 0.758043 -0.000000 -0.097465
v 0.706043 0.294148 -0.097465
v 0.758043 0.000000 -0.261728
v 0.706043 -0.294148 -0.097465
v 0.706043 -0.294148 -0.236240
v 0.458524 0.274148 -0.236240
v 0.706043 0.294148 -0.236240
v 0.706043 0.294148 -0.097465
v 0.458524 0.274148 -0.097465
v 0.458199 0.000000 -0.107460
v 0.289308 -0.262753 -0.107460
v 0.200208 -0.000000 -0.107460
v 0.458199 -0.244753 -0.107460
v 0.200208 -0.000000 -0.107460
v 0.289308 0.262753 -0.107460
v 0.458199 0.000000 -0.107460
v 0.458199 0.244753 -0.107460
v 0.706043 0.294148 -0.097465
v 0.758043 -0.000000 -0.097465
v 0.458524 0.274148 -0.097465
v 0.410150 -0.000000 -0.097465
v 0.410150 0.000000 -0.262028
v 0.458524 0.274148 -0.236240
v 0.458524 0.274148 -0.097465
v 0.410150 -0.000000 -0.097465
v 0.458524 -0.274148 -0.236240
v 0.458524 -0.274148 -0.097465
v 0.706043 -0.294148 -0.097465
v 0.706043 -0.294148 -0.236240
v 0.458524 -0.274148 -0.236240
v 0.458524 -0.274148 -0.097465
v 0.093752 -0.000000 -0.226818
v 0.143600 -0.175171 -0.220166
v 0.156662 -0.153442 -0.205252
v 0.069546 -0.000000 -0.235953
v 0.156662 0.153442 -0.205252
v 0.143600 0.175171 -0.220167
v 0.119788 -0.218430 -0.180915
v 0.295232 -0.000000 -0.180914
v 0.300634 -0.189386 -0.180915
v 0.023871 -0.000000 -0.180914
v 0.119788 0.218429 -0.180915
v 0.300634 0.189386 -0.180915
v 0.300635 0.132100 -0.205252
v 0.300632 0.151879 -0.220166
v 0.143600 0.175171 -0.220167
v 0.156662 0.153442 -0.205252
v 0.300635 -0.132100 -0.205252
v 0.270517 -0.114505 -0.208527
v 0.175878 -0.126938 -0.208700
v 0.156662 -0.153442 -0.205252
v 0.093752 -0.000000 -0.226818
v 0.132122 -0.016318 -0.223903
v 0.270515 -0.017034 -0.222751
v 0.270515 -0.000000 -0.225047
v 0.132122 0.016318 -0.223903
v 0.270515 0.017034 -0.222751
v 0.175875 0.126940 -0.208700
v 0.156662 0.153442 -0.205252
v 0.270517 0.114505 -0.208527
v 0.300635 0.132100 -0.205252
v 0.132122 -0.016318 -0.223903
v 0.175878 -0.126938 -0.208700
v 0.270517 -0.114505 -0.208527
v 0.270515 -0.017034 -0.222751
v 0.175875 0.126940 -0.208700
v 0.132122 0.016318 -0.223903
v 0.270515 0.017034 -0.222751
v 0.270517 0.114505 -0.208527
v 0.119788 0.218429 -0.180915
v 0.023871 -0.000000 -0.180914
v 0.023870 -0.000000 -0.235953
v 0.119788 0.218429 -0.220166
v 0.300634 -0.189386 -0.220166
v 0.300632 -0.151879 -0.220166
v 0.143600 -0.175171 -0.220166
v 0.119788 -0.218430 -0.220166
v 0.069546 -0.000000 -0.235953
v 0.023870 -0.000000 -0.235953
v 0.143600 0.175171 -0.220167
v 0.119788 0.218429 -0.220166
v 0.300632 0.151879 -0.220166
v 0.300634 0.189386 -0.220166
v 0.300634 0.189386 -0.180915
v 0.119788 0.218429 -0.180915
v 0.119788 0.218429 -0.220166
v 0.300634 0.189386 -0.220166
v 0.300635 -0.132100 -0.205252
v 0.156662 -0.153442 -0.205252
v 0.143600 -0.175171 -0.220166
v 0.300632 -0.151879 -0.220166
v 0.300634 -0.189386 -0.180915
v 0.300634 -0.189386 -0.220166
v 0.119788 -0.218430 -0.220166
v 0.119788 -0.218430 -0.180915
v 0.119788 -0.218430 -0.180915
v 0.119788 -0.218430 -0.220166
v 0.023870 -0.000000 -0.235953
v 0.023871 -0.000000 -0.180914
v 0.101194 0.448807 -0.008182
v 0.131178 0.384545 -0.163980
v 0.145353 0.391597 -0.143999
v 0.226911 0.376170 -0.173512
v 0.125364 0.440332 -0.023883
v 0.213464 0.385471 -0.149956
v 0.245335 0.428723 -0.024572
v 0.275057 0.431885 -0.008182
v 0.101194 -0.448807 -0.008182
v 0.145353 -0.391597 -0.143999
v 0.131178 -0.384545 -0.163980
v 0.226911 -0.376170 -0.173512
v 0.125364 -0.440332 -0.023883
v 0.213464 -0.385471 -0.149956
v 0.245335 -0.428723 -0.024572
v 0.275057 -0.431885 -0.008182
v 0.685709 0.640669 -0.213358
v 0.707360 0.650765 -0.008182
v 0.685709 0.640669 0.196994
v 0.707360 0.650765 -0.213358
v 0.707360 0.650765 0.196994
v 0.752675 0.671896 -0.076574
v 0.752675 0.671896 0.060210
v 0.842653 0.304101 0.196994
v 0.864304 0.314197 -0.008182
v 0.842653 0.304101 -0.213358
v 0.864304 0.314197 0.196994
v 0.864304 0.314197 -0.213358
v 0.909620 0.335328 0.060210
v 0.909620 0.335328 -0.076574
v 0.685709 -0.640669 -0.213358
v 0.685709 -0.640669 0.196994
v 0.707360 -0.650765 -0.008182
v 0.707360 -0.650765 -0.213358
v 0.707360 -0.650765 0.196994
v 0.752675 -0.671896 -0.076574
v 0.752675 -0.671896 0.060210
v 0.842653 -0.304101 0.196994
v 0.842653 -0.304101 -0.213358
v 0.864304 -0.314197 -0.008182
v 0.864304 -0.314197 0.196994
v 0.864304 -0.314197 -0.213358
v 0.909620 -0.335328 0.060210
v 0.909620 -0.335328 -0.076574
v 0.885816 0.386374 0.060210
v 0.864304 0.314197 0.196994
v 0.858627 0.373695 0.142281
v 0.749289 0.608171 0.142281
v 0.909620 0.335328 0.060210
v 0.707360 0.650765 0.196994
v 0.885816 0.386374 -0.076574
v 0.909620 0.335328 -0.076574
v 0.858627 0.373695 -0.158644
v 0.864304 0.314197 -0.213358
v 0.749289 0.608171 -0.158644
v 0.707360 0.650765 -0.213358
v 0.776479 0.620849 -0.076574
v 0.752675 0.671896 -0.076574
v 0.776479 0.620849 0.060210
v 0.752675 0.671896 0.060210
v 0.885816 -0.386374 0.060210
v 0.858627 -0.373695 0.142281
v 0.864304 -0.314197 0.196994
v 0.749289 -0.608171 0.142281
v 0.909620 -0.335328 0.060210
v 0.707360 -0.650765 0.196994
v 0.885816 -0.386374 -0.076574
v 0.909620 -0.335328 -0.076574
v 0.858627 -0.373695 -0.158644
v 0.864304 -0.314197 -0.213358
v 0.749289 -0.608171 -0.158644
v 0.707360 -0.650765 -0.213358
v 0.776479 -0.620849 -0.076574
v 0.752675 -0.671896 -0.076574
v 0.776479 -0.620849 0.060210
v 0.752675 -0.671896 0.060210
v 0.813479 0.572447 -0.077878
v 0.872522 0.445830 -0.077878
v 0.858680 0.476228 -0.044901
v 0.827868 0.542305 -0.044901
v 0.859276 0.476506 0.027084
v 0.814622 0.572980 0.060061
v 0.873664 0.446363 0.060061
v 0.828464 0.542583 0.027084
v 0.813479 -0.572447 -0.077878
v 0.858680 -0.476228 -0.044901
v 0.872522 -0.445830 -0.077878
v 0.827868 -0.542305 -0.044901
v 0.859276 -0.476506 0.027084
v 0.814622 -0.572980 0.060061
v 0.873664 -0.446363 0.060061
v 0.828464 -0.542583 0.027084
v 0.101194 0.448807 -0.008182
v 0.125364 0.440332 0.007519
v 0.145353 0.391597 0.127635
v 0.131178 0.384546 0.147616
v 0.275057 0.431885 -0.008182
v 0.213464 0.385471 0.133592
v 0.245335 0.428723 0.008208
v 0.226911 0.376170 0.157148
v 0.101194 -0.448807 -0.008182
v 0.131178 -0.384546 0.147616
v 0.145353 -0.391597 0.127635
v 0.125364 -0.440332 0.007519
v 0.213464 -0.385471 0.133592
v 0.275057 -0.431885 -0.008182
v 0.226911 -0.376170 0.157148
v 0.245335 -0.428723 0.008208
vt 0.392974049 0.562112391
vt 0.392974049 0.562112391
vt 0.392974049 0.562112391
vt 0.218473509 0.505389214
vt 0.216980904 0.511455953
vt 0.217227682 0.505974352
vt 0.216980904 0.511455953
vt 0.218473509 0.505389214
vt 0.214129776 0.5149104
vt 0.209714815 0.0515692197
vt 0.209714815 0.0515692197
vt 0.209714815 0.0515692197
vt 0.209714815 0.0515692197
vt 0.209714815 0.0515692197
vt 0.209714815 0.0515692197
vt 0.209714815 0.0515692197
vt 0.209714815 0.0515692197
vt 0.209714815 0.0515692197
vt 0.209714815 0.0515692197
vt 0.209714815 0.0515692197
vt 0.209714815 0.0515692197
vt 0.209714815 0.0515692197
vt 0.209714815 0.0515692197
vt 0.209714815 0.0515692197
vt 0.209714815 0.0515692197
vt 0.209714815 0.0515692197
vt 0.209714815 0.0515692197
vt 0.209714815 0.0515692197
vt 0.209714815 0.0515692197
vt 0.209714815 0.0515692197
vt 0.209714815 0.0515692197
vt 0.392974049 0.562112391
vt 0.392974049 0.562112391
vt 0.392974049 0.562112391
vt 0.392974049 0.562112391
vt 0.392974049 0.562112391
vt 0.392974049 0.562112391
vt 0.392974049 0.562112391
vt 0.392974049 0.562112391
vt 0.392974049 0.562112391
vt 0.392974049 0.562112391
vt 0.392974049 0.562112391
vt 0.392974049 0.562112391
vt 0.392974049 0.562112391
vt 0.392974049 0.562112391
vt 0.392974049 0.562112391
vt 0.392974049 0.562112391
vt 0.392974049 0.562112391
vt 0.392974049 0.562112391
vt 0.392974049 0.562112391
vt 0.392974049 0.562112391
vt 0.274080604 0.030015707
vt 0.274080604 0.030015707
vt 0.274080604 0.030015707
vt 0.274080604 0.030015707
vt 0.251553446 0.507538378
vt 0.251553446 0.507538378
vt 0.251553446 0.507538378
vt 0.251553446 0.507538378
vt 0.234032303 0.0409305096
vt 0.234032303 0.0409305096
vt 0.234032303 0.0409305096
vt 0.234032303 0.0409305096
vt 0.234032303 0.0409305096
vt 0.234032303 0.0409305096
vt 0.234032303 0.0409305096
vt 0.234032303 0.0409305096
vt 0.234032303 0.0409305096
vt 0.234032303 0.0409305096
vt 0.234032303 0.0409305096
vt 0.234032303 0.0409305096
vt 0.207750604 0.0709462166
vt 0.207750604 0.0709462166
vt 0.207750604 0.0709462166
vt 0.207750604 0.0709462166
vt 0.207750604 0.0709462166
vt 0.207750604 0.0709462166
vt 0.207750604 0.0709462166
vt 0.207750604 0.0709462166
vt 0.207750604 0.0709462166
vt 0.207750604 0.0709462166
vt 0.207750604 0.0709462166
vt 0.207750604 0.0709462166
vt 0.207750604 0.0709462166
vt 0.207750604 0.0709462166
vt 0.207750604 0.0709462166
vt 0.207750604 0.0709462166
vt 0.207750604 0.0709462166
vt 0.207750604 0.0709462166
vt 0.207750604 0.0709462166
vt 0.207750604 0.0709462166
vt 0.207750604 0.0709462166
vt 0.207750604 0.0709462166
vt 0.207750604 0.0709462166
vt 0.207750604 0.0709462166
vt 0.207750604 0.0709462166
vt 0.207750604 0.0709462166
vt 0.207750604 0.0709462166
vt 0.207750604 0.0709462166
vt 0.207750604 0.0709462166
vt 0.207750604 0.0709462166
vt 0.207750604 0.0709462166
vt 0.207750604 0.0709462166
vt 0.207750604 0.0709462166
vt 0.207750604 0.0709462166
vt 0.207750604 0.0709462166
vt 0.207750604 0.0709462166
vt 0.207750604 0.0709462166
vt 0.207750604 0.0709462166
vt 0.207750604 0.0709462166
vt 0.207750604 0.0709462166
vt 0.209002167 0.908657372
vt 0.209002167 0.908657372
vt 0.209002167 0.908657372
vt 0.209002167 0.908657372
vt 0.209002167 0.908657372
vt 0.209002167 0.908657372
vt 0.209002167 0.908657372
vt 0.209002167 0.908657372
vt 0.209002167 0.908657372
vt 0.209002167 0.908657372
vt 0.209002167 0.908657372
vt 0.209002167 0.908657372
vt 0.209002167 0.908657372
vt 0.209002167 0.908657372
vt 0.209002167 0.908657372
vt 0.209002167 0.908657372
vt 0.209002167 0.908657372
vt 0.209002167 0.908657372
vt 0.209002167 0.908657372
vt 0.209002167 0.908657372
vt 0.209002167 0.908657372
vt 0.209002167 0.908657372
vt 0.209002167 0.908657372
vt 0.209002167 0.908657372
vt 0.209002167 0.908657372
vt 0.209002167 0.908657372
vt 0.209002167 0.908657372
vt 0.209002167 0.908657372
vt 0.209002167 0.908657372
vt 0.209002167 0.908657372
vt 0.209002167 0.908657372
vt 0.209002167 0.908657372
vt 0.274080604 0.030015707
vt 0.274080604 0.030015707
vt 0.274080604 0.030015707
vt 0.274080604 0.030015707
vt 0.274080604 0.030015707
vt 0.274080604 0.030015707
vt 0.274080604 0.030015707
vt 0.274080604 0.030015707
vt 0.274080604 0.030015707
vt 0.274080604 0.030015707
vt 0.274080604 0.030015707
vt 0.274080604 0.030015707
vt 0.274080604 0.030015707
vt 0.274080604 0.030015707
vt 0.274080604 0.030015707
vt 0.274080604 0.030015707
vt 0.392974049 0.562112391
vt 0.392974049 0.562112391
vt 0.392974049 0.562112391
vt 0.392974049 0.562112391
vt 0.392974049 0.562112391
vt 0.392974049 0.562112391
vt 0.796280682 0.172796071
vt 0.796280682 0.172796071
vt 0.796280682 0.172796071
vt 0.796280682 0.172796071
vt 0.796280682 0.172796071
vt 0.796280682 0.172796071
vt 0.796280682 0.172796071
vt 0.796280682 0.172796071
vt 0.796280682 0.172796071
vt 0.796280682 0.172796071
vt 0.796280682 0.172796071
vt 0.796280682 0.172796071
vt 0.796280682 0.172796071
vt 0.796280682 0.172796071
vt 0.796280682 0.172796071
vt 0.796280682 0.172796071
vt 0.796280682 0.172796071
vt 0.796280682 0.172796071
vt 0.796280682 0.172796071
vt 0.796280682 0.172796071
vt 0.796280682 0.172796071
vt 0.796280682 0.172796071
vt 0.796280682 0.172796071
vt 0.796280682 0.172796071
vt 0.0356780104 0.367865503
vt 0.0356780104 0.367865503
vt 0.0356780104 0.367865503
vt 0.0356780104 0.367865503
vt 0.0356780104 0.367865503
vt 0.0356780104 0.367865503
vt 0.0356780104 0.367865503
vt 0.0356780104 0.367865503
vt 0.392974049 0.562112391
vt 0.392974049 0.562112391
vt 0.392974049 0.562112391
vt 0.392974049 0.562112391
vt 0.392974049 0.562112391
vt 0.392974049 0.562112391
vt 0.234032303 0.0409305096
vt 0.234032303 0.0409305096
vt 0.234032303 0.0409305096
vt 0.234032303 0.0409305096
vt 0.251553446 0.507538378
vt 0.251553446 0.507538378
vt 0.251553446 0.507538378
vt 0.251553446 0.507538378
vt 0.519873738 0.756957173
vt 0.626273334 0.80639714
vt 0.626273513 0.197040871
vt 0.519873261 0.253356725
vt 0.519873261 0.756957114
vt 0.626273334 0.80639714
vt 0.626273513 0.197040871
vt 0.519873798 0.253356665
vt 0.519873261 0.756957114
vt 0.626273334 0.80639714
vt 0.626273513 0.19704093
vt 0.5198735 0.253356785
vt 0.519873261 0.756957114
vt 0.5198735 0.253356725
vt 0.626273513 0.197040871
vt 0.626273513 0.80639714
vt 0.209714815 0.0515692197
vt 0.209714815 0.0515692197
vt 0.209714815 0.0515692197
vt 0.209714815 0.0515692197
vt 0.209714815 0.0515692197
vt 0.209714815 0.0515692197
vt 0.209714815 0.0515692197
vt 0.209714815 0.0515692197
vt 0.209714815 0.0515692197
vt 0.209714815 0.0515692197
vt 0.209714815 0.0515692197
vt 0.209714815 0.0515692197
vt 0.209714815 0.0515692197
vt 0.209714815 0.0515692197
vt 0.209714815 0.0515692197
vt 0.209714815 0.0515692197
vt 0.209714815 0.0515692197
vt 0.209714815 0.0515692197
vt 0.209714815 0.0515692197
vt 0.209714815 0.0515692197
vt 0.209714815 0.0515692197
vt 0.209714815 0.0515692197
vt 0.392974049 0.562112391
vt 0.392974049 0.562112391
vt 0.392974049 0.562112391
vt 0.392974049 0.562112391
vt 0.392974049 0.562112391
vt 0.392974049 0.562112391
vt 0.392974049 0.562112391
vt 0.392974049 0.562112391
vt 0.392974049 0.562112391
vt 0.392974049 0.562112391
vt 0.392974049 0.562112391
vt 0.392974049 0.562112391
vt 0.392974049 0.562112391
vt 0.392974049 0.562112391
vt 0.392974049 0.562112391
vt 0.392974049 0.562112391
vt 0.392974049 0.562112391
vt 0.392974049 0.562112391
vt 0.392974049 0.562112391
vt 0.274080604 0.030015707
vt 0.274080604 0.030015707
vt 0.274080604 0.030015707
vt 0.274080604 0.030015707
vt 0.251553446 0.507538378
vt 0.251553446 0.507538378
vt 0.251553446 0.507538378
vt 0.251553446 0.507538378
vt 0.234032303 0.0409305096
vt 0.234032303 0.0409305096
vt 0.234032303 0.0409305096
vt 0.234032303 0.0409305096
vt 0.234032303 0.0409305096
vt 0.234032303 0.0409305096
vt 0.234032303 0.0409305096
vt 0.234032303 0.0409305096
vt 0.234032303 0.0409305096
vt 0.234032303 0.0409305096
vt 0.234032303 0.0409305096
vt 0.234032303 0.0409305096
vt 0.207750604 0.0709462166
vt 0.207750604 0.0709462166
vt 0.207750604 0.0709462166
vt 0.207750604 0.0709462166
vt 0.207750604 0.0709462166
vt 0.207750604 0.0709462166
vt 0.207750604 0.0709462166
vt 0.207750604 0.0709462166
vt 0.207750604 0.0709462166
vt 0.207750604 0.0709462166
vt 0.207750604 0.0709462166
vt 0.207750604 0.0709462166
vt 0.207750604 0.0709462166
vt 0.207750604 0.0709462166
vt 0.207750604 0.0709462166
vt 0.207750604 0.0709462166
vt 0.207750604 0.0709462166
vt 0.207750604 0.0709462166
vt 0.207750604 0.0709462166
vt 0.207750604 0.0709462166
vt 0.207750604 0.0709462166
vt 0.207750604 0.0709462166
vt 0.207750604 0.0709462166
vt 0.207750604 0.0709462166
vt 0.207750604 0.0709462166
vt 0.207750604 0.0709462166
vt 0.207750604 0.0709462166
vt 0.207750604 0.0709462166
vt 0.207750604 0.0709462166
vt 0.207750604 0.0709462166
vt 0.207750604 0.0709462166
vt 0.207750604 0.0709462166
vt 0.207750604 0.0709462166
vt 0.207750604 0.0709462166
vt 0.207750604 0.0709462166
vt 0.207750604 0.0709462166
vt 0.207750604 0.0709462166
vt 0.207750604 0.0709462166
vt 0.207750604 0.0709462166
vt 0.207750604 0.0709462166
vt 0.209002167 0.908657372
vt 0.209002167 0.908657372
vt 0.209002167 0.908657372
vt 0.209002167 0.908657372
vt 0.209002167 0.908657372
vt 0.209002167 0.908657372
vt 0.209002167 0.908657372
vt 0.209002167 0.908657372
vt 0.209002167 0.908657372
vt 0.209002167 0.908657372
vt 0.209002167 0.908657372
vt 0.209002167 0.908657372
vt 0.209002167 0.908657372
vt 0.209002167 0.908657372
vt 0.209002167 0.908657372
vt 0.209002167 0.908657372
vt 0.209002167 0.908657372
vt 0.209002167 0.908657372
vt 0.209002167 0.908657372
vt 0.209002167 0.908657372
vt 0.209002167 0.908657372
vt 0.209002167 0.908657372
vt 0.209002167 0.908657372
vt 0.209002167 0.908657372
vt 0.209002167 0.908657372
vt 0.209002167 0.908657372
vt 0.209002167 0.908657372
vt 0.209002167 0.908657372
vt 0.209002167 0.908657372
vt 0.209002167 0.908657372
vt 0.209002167 0.908657372
vt 0.209002167 0.908657372
vt 0.274080604 0.030015707
vt 0.274080604 0.030015707
vt 0.274080604 0.030015707
vt 0.274080604 0.030015707
vt 0.274080604 0.030015707
vt 0.274080604 0.030015707
vt 0.274080604 0.030015707
vt 0.274080604 0.030015707
vt 0.274080604 0.030015707
vt 0.274080604 0.030015707
vt 0.274080604 0.030015707
vt 0.274080604 0.030015707
vt 0.274080604 0.030015707
vt 0.274080604 0.030015707
vt 0.274080604 0.030015707
vt 0.274080604 0.030015707
vt 0.392974049 0.562112391
vt 0.392974049 0.562112391
vt 0.392974049 0.562112391
vt 0.392974049 0.562112391
vt 0.392974049 0.562112391
vt 0.392974049 0.562112391
vt 0.796280682 0.172796071
vt 0.796280682 0.172796071
vt 0.796280682 0.172796071
vt 0.796280682 0.172796071
vt 0.796280682 0.172796071
vt 0.796280682 0.172796071
vt 0.796280682 0.172796071
vt 0.796280682 0.172796071
vt 0.796280682 0.172796071
vt 0.796280682 0.172796071
vt 0.796280682 0.172796071
vt 0.796280682 0.172796071
vt 0.796280682 0.172796071
vt 0.796280682 0.172796071
vt 0.796280682 0.172796071
vt 0.796280682 0.172796071
vt 0.796280682 0.172796071
vt 0.796280682 0.172796071
vt 0.796280682 0.172796071
vt 0.796280682 0.172796071
vt 0.796280682 0.172796071
vt 0.796280682 0.172796071
vt 0.796280682 0.172796071
vt 0.796280682 0.172796071
vt 0.0356780104 0.367865503
vt 0.0356780104 0.367865503
vt 0.0356780104 0.367865503
vt 0.0356780104 0.367865503
vt 0.0356780104 0.367865503
vt 0.0356780104 0.367865503
vt 0.0356780104 0.367865503
vt 0.0356780104 0.367865503
vt 0.392974049 0.562112391
vt 0.392974049 0.562112391
vt 0.392974049 0.562112391
vt 0.392974049 0.562112391
vt 0.392974049 0.562112391
vt 0.392974049 0.562112391
vt 0.234032303 0.0409305096
vt 0.234032303 0.0409305096
vt 0.234032303 0.0409305096
vt 0.234032303 0.0409305096
vt 0.251553446 0.507538378
vt 0.251553446 0.507538378
vt 0.251553446 0.507538378
vt 0.251553446 0.507538378
vt 0.519873738 0.756957173
vt 0.519873261 0.253356725
vt 0.626273513 0.197040871
vt 0.626273334 0.80639714
vt 0.519873261 0.756957114
vt 0.519873798 0.253356665
vt 0.626273513 0.197040871
vt 0.626273334 0.80639714
vt 0.519873261 0.756957114
vt 0.5198735 0.253356785
vt 0.626273513 0.19704093
vt 0.626273334 0.80639714
vt 0.519873261 0.756957114
vt 0.626273513 0.80639714
vt 0.626273513 0.197040871
vt 0.5198735 0.253356725
vt 0.23582685 0.521142423
vt 0.248366535 0.523988366
vt 0.252304256 0.532779753
vt 0.218666211 0.535996556
vt 0.218666211 0.529635429
vt 0.218666211 0.535996556
vt 0.218666211 0.529635429
vt 0.218666211 0.532815993
vt 0.216544598 0.506790459
vt 0.216544598 0.506790459
vt 0.219966501 0.529635429
vt 0.223279238 0.535996556
vt 0.218666211 0.535996556
vt 0.218666211 0.529635429
vt 0.245013982 0.535045147
vt 0.243717194 0.535045147
vt 0.242507413 0.523988366
vt 0.248358607 0.523988366
vt 0.450901657 0.557028174
vt 0.409144819 0.55593127
vt 0.409144819 0.556736708
vt 0.450901657 0.558388412
vt 0.219966501 0.529635429
vt 0.218666211 0.529635429
vt 0.218666211 0.535996556
vt 0.223279238 0.535996556
vt 0.245013997 0.535045147
vt 0.248358607 0.523988366
vt 0.242507413 0.523988366
vt 0.243717194 0.535045147
vt 0.218666211 0.529635429
vt 0.218666211 0.532815993
vt 0.218666211 0.529635429
vt 0.218666211 0.535996556
vt 0.216544598 0.506790459
vt 0.216544598 0.506790459
vt 0.23582685 0.521142423
vt 0.218666211 0.535996556
vt 0.252304256 0.532779753
vt 0.248366535 0.523988366
vt 0.242507413 0.523988366
vt 0.242507413 0.523988366
vt 0.243717194 0.535045147
vt 0.243717194 0.535045147
vt 0.415182292 0.554501176
vt 0.415488631 0.557301223
vt 0.457245529 0.558398128
vt 0.456939131 0.55559814
vt 0.456939131 0.55559814
vt 0.457245529 0.558398128
vt 0.415488631 0.557301223
vt 0.415182292 0.554501176
vt 0.0445795581 0.371449411
vt 0.0446845889 0.369792253
vt 0.043553859 0.369535625
vt 0.0434513092 0.371477127
vt 0.0389747918 0.370649815
vt 0.0390235819 0.368698359
vt 0.0378891751 0.368536383
vt 0.0378647782 0.370208442
vt 0.404128045 0.561477542
vt 0.404128045 0.561477542
vt 0.448903501 0.558186769
vt 0.448903501 0.558186769
vt 0.404128045 0.561477542
vt 0.448903501 0.558186769
vt 0.242507413 0.523988366
vt 0.242507413 0.523988366
vt 0.243717194 0.535045147
vt 0.243717194 0.535045147
vt 0.450901657 0.557028174
vt 0.450901657 0.558388412
vt 0.409144819 0.556736708
vt 0.409144819 0.55593127
vt 0.23582685 0.521142423
vt 0.248366535 0.523988366
vt 0.248358607 0.523988366
vt 0.245013997 0.535045147
vt 0.23582685 0.521142423
vt 0.245013982 0.535045147
vt 0.248358607 0.523988366
vt 0.248366535 0.523988366
vt 0.23582685 0.521142423
vt 0.218666211 0.535996556
vt 0.252304256 0.532779753
vt 0.248366535 0.523988366
vt 0.218666211 0.529635429
vt 0.218666211 0.529635429
vt 0.218666211 0.535996556
vt 0.218666211 0.532815993
vt 0.216544598 0.506790459
vt 0.216544598 0.506790459
vt 0.219966501 0.529635429
vt 0.218666211 0.529635429
vt 0.218666211 0.535996556
vt 0.223279238 0.535996556
vt 0.245013982 0.535045147
vt 0.248358607 0.523988366
vt 0.242507413 0.523988366
vt 0.243717194 0.535045147
vt 0.450901657 0.557028174
vt 0.450901657 0.558388412
vt 0.409144819 0.556736708
vt 0.409144819 0.55593127
vt 0.219966501 0.529635429
vt 0.223279238 0.535996556
vt 0.218666211 0.535996556
vt 0.218666211 0.529635429
vt 0.245013997 0.535045147
vt 0.243717194 0.535045147
vt 0.242507413 0.523988366
vt 0.248358607 0.523988366
vt 0.218666211 0.529635429
vt 0.218666211 0.529635429
vt 0.218666211 0.532815993
vt 0.218666211 0.535996556
vt 0.216544598 0.506790459
vt 0.216544598 0.506790459
vt 0.23582685 0.521142423
vt 0.248366535 0.523988366
vt 0.252304256 0.532779753
vt 0.218666211 0.535996556
vt 0.242507413 0.523988366
vt 0.243717194 0.535045147
vt 0.243717194 0.535045147
vt 0.242507413 0.523988366
vt 0.415182292 0.554501176
vt 0.456939131 0.55559814
vt 0.457245529 0.558398128
vt 0.415488631 0.557301223
vt 0.456939131 0.55559814
vt 0.415182292 0.554501176
vt 0.415488631 0.557301223
vt 0.457245529 0.558398128
vt 0.0445795581 0.371449411
vt 0.0434513129 0.371477127
vt 0.0435538627 0.369535625
vt 0.0446845889 0.369792253
vt 0.0389747955 0.370649815
vt 0.0378647782 0.370208442
vt 0.0378891751 0.368536383
vt 0.0390235856 0.368698359
vt 0.404128045 0.561477542
vt 0.448903501 0.558186769
vt 0.404128045 0.561477542
vt 0.448903501 0.558186769
vt 0.404128045 0.561477542
vt 0.448903501 0.558186769
vt 0.242507413 0.523988366
vt 0.243717194 0.535045147
vt 0.243717194 0.535045147
vt 0.242507413 0.523988366
vt 0.450901657 0.557028174
vt 0.409144819 0.55593127
vt 0.409144819 0.556736708
vt 0.450901657 0.558388412
vt 0.23582685 0.521142423
vt 0.245013997 0.535045147
vt 0.248358607 0.523988366
vt 0.248366535 0.523988366
vt 0.23582685 0.521142423
vt 0.248366535 0.523988366
vt 0.248358607 0.523988366
vt 0.245013982 0.535045147
vt 0.795539379 0.172522098
vt 0.79526633 0.172598943
vt 0.795276582 0.172666863
vt 0.795491815 0.172610402
vt 0.795522749 0.17328465
vt 0.795480251 0.173186734
vt 0.795369804 0.17328465
vt 0.795355618 0.173190698
vt 0.402288139 0.561215162
vt 0.402277052 0.56202215
vt 0.402327687 0.562094212
vt 0.402327687 0.561218798
vt 0.40046376 0.557101667
vt 0.400534391 0.557833552
vt 0.400557518 0.557775557
vt 0.40049395 0.557110548
vt 0.21072264 0.487772703
vt 0.2120516 0.487772703
vt 0.212086737 0.487145483
vt 0.210999832 0.487155437
vt 0.210232362 0.48311919
vt 0.210618988 0.483209133
vt 0.218473509 0.505974352
vt 0.218473464 0.50510186
vt 0.2160694 0.504169643
vt 0.215648383 0.504953623
vt 0.216231495 0.501756072
vt 0.215839058 0.501066983
vt 0.218473464 0.500963151
vt 0.21847342 0.500111043
vt 0.401979506 0.559792221
vt 0.401979506 0.560146153
vt 0.402030438 0.560181558
vt 0.402030438 0.559729755
vt 0.0408592299 0.364510477
vt 0.0416148715 0.364486456
vt 0.0416850708 0.360991836
vt 0.0403799452 0.361334205
vt 0.0490021221 0.358350098
vt 0.0511188619 0.358360171
vt 0.0514550582 0.352109969
vt 0.0484654494 0.351474583
vt 0.400534391 0.557833552
vt 0.400735974 0.557831705
vt 0.400738895 0.557773888
vt 0.400557518 0.557775557
vt 0.793749511 0.176143691
vt 0.794242501 0.176248476
vt 0.794248998 0.176127583
vt 0.793632269 0.175985128
vt 0.793837965 0.17727761
vt 0.793773651 0.177464753
vt 0.794177294 0.177461162
vt 0.794187129 0.177279249
vt 0.40135318 0.562074065
vt 0.401354581 0.562149525
vt 0.401391566 0.562147975
vt 0.401391566 0.56133157
vt 0.401343137 0.561491787
vt 0.401341498 0.56138736
vt 0.795539379 0.172522098
vt 0.795276582 0.172666863
vt 0.79526633 0.172598943
vt 0.795491815 0.172610402
vt 0.795522749 0.17328465
vt 0.795480251 0.173186734
vt 0.795369804 0.17328465
vt 0.795355618 0.173190698
vt 0.402288139 0.561215162
vt 0.402327687 0.561218798
vt 0.402327687 0.562094212
vt 0.402277052 0.56202215
vt 0.40046376 0.557101667
vt 0.40049395 0.557110548
vt 0.400557518 0.557775557
vt 0.400534391 0.557833552
vt 0.21072264 0.487772703
vt 0.212086737 0.487145483
vt 0.2120516 0.487772703
vt 0.210999832 0.487155437
vt 0.210232362 0.48311919
vt 0.210618988 0.483209133
vt 0.218473509 0.505974352
vt 0.2160694 0.504169643
vt 0.218473464 0.50510186
vt 0.215648383 0.504953623
vt 0.216231495 0.501756072
vt 0.215839058 0.501066983
vt 0.218473464 0.500963151
vt 0.21847342 0.500111043
vt 0.401979506 0.559792221
vt 0.402030438 0.559729755
vt 0.402030438 0.560181558
vt 0.401979506 0.560146153
vt 0.0408592299 0.364510477
vt 0.0403799452 0.361334205
vt 0.0416850708 0.360991836
vt 0.0416148715 0.364486456
vt 0.0490021221 0.358350098
vt 0.0484654494 0.351474583
vt 0.0514550582 0.352109969
vt 0.0511188619 0.358360171
vt 0.400534391 0.557833552
vt 0.400557518 0.557775557
vt 0.400738895 0.557773888
vt 0.400735974 0.557831705
vt 0.793749511 0.176143691
vt 0.794248998 0.176127583
vt 0.794242501 0.176248476
vt 0.793632269 0.175985128
vt 0.793837965 0.17727761
vt 0.793773651 0.177464753
vt 0.794177294 0.177461162
vt 0.794187129 0.177279249
vt 0.401341498 0.56138736
vt 0.401391566 0.56133157
vt 0.401391566 0.562147975
vt 0.401343137 0.561491787
vt 0.40135318 0.562074065
vt 0.401354581 0.562149525
vt 0.212480158 0.483018994
vt 0.212293044 0.487706721
vt 0.212293044 0.487706721
vt 0.212480158 0.483018994
vt 0.212293044 0.487706721
vt 0.212480158 0.483018994
vt 0.212480158 0.483018994
vt 0.212293044 0.487706721
vt 0.2102568 0.50258708
vt 0.2102568 0.499859452
vt 0.2102568 0.499859452
vt 0.2102568 0.50258708
vt 0.2102568 0.499859452
vt 0.2102568 0.50258708
vt 0.2102568 0.50258708
vt 0.2102568 0.499859452
vt 0.218717411 0.51127106
vt 0.218473509 0.505389214
vt 0.218717411 0.51127106
vt 0.218473509 0.505389214
vt 0.218717411 0.51127106
vt 0.218717411 0.51127106
vt 0.214129776 0.511037588
vt 0.214129776 0.5149104
vt 0.214129776 0.5149104
vt 0.214129776 0.511037588
vt 0.2102568 0.499859452
vt 0.2102568 0.50258708
vt 0.212293044 0.487706721
vt 0.2102568 0.499859452
vt 0.212293044 0.487706721
vt 0.2102568 0.50258708
vt 0.2102568 0.499859452
vt 0.2102568 0.499859452
vt 0.214129776 0.5149104
vt 0.218473509 0.505389214
vt 0.214129776 0.511037588
vt 0.217227682 0.505974352
vt 0.217227682 0.505974352
vt 0.216980904 0.511455953
vt 0.216980904 0.511455953
vt 0.217227682 0.505974352
vt 0.216980904 0.511455953
vt 0.216980904 0.511455953
vt 0.214129776 0.5149104
vt 0.214129776 0.5149104
vt 0.214129776 0.511037588
vt 0.214129776 0.511037588
vt 0.401780486 0.561189175
vt 0.401984781 0.559435129
vt 0.402128994 0.559560359
vt 0.401658058 0.561189175
vt 0.402128994 0.562817991
vt 0.401984781 0.56294322
vt 0.217905059 0.489432871
vt 0.216534972 0.491223335
vt 0.216927677 0.489136755
vt 0.218019992 0.491446614
vt 0.217705697 0.493492186
vt 0.216713771 0.493492186
vt 0.404101312 0.555012226
vt 0.404239506 0.554849446
vt 0.404239506 0.556134641
vt 0.404101312 0.556019008
vt 0.795346379 0.171536818
vt 0.795353651 0.17149432
vt 0.795408547 0.171459734
vt 0.795423388 0.171486244
vt 0.795423388 0.171228051
vt 0.795405924 0.171261698
vt 0.795307457 0.171306059
vt 0.795280457 0.171290666
vt 0.795400381 0.171209291
vt 0.795301676 0.171251357
vt 0.79535991 0.171006367
vt 0.795367479 0.170966178
vt 0.795302808 0.171021059
vt 0.795287192 0.170984939
vt 0.0458952114 0.359689891
vt 0.0459109433 0.360890687
vt 0.0455781408 0.361100376
vt 0.0452980548 0.359958887
vt 0.0456155129 0.358141661
vt 0.0458610393 0.359372079
vt 0.0452624038 0.359627128
vt 0.0452697575 0.35823071
vt 0.220432982 0.489136755
vt 0.2203013 0.491200328
vt 0.219972014 0.491200328
vt 0.220234245 0.489136755
vt 0.216175243 0.489136755
vt 0.21598576 0.489495039
vt 0.215369776 0.489713967
vt 0.215181306 0.489434302
vt 0.215246513 0.491399348
vt 0.215027407 0.491432011
vt 0.215502813 0.493181229
vt 0.215337828 0.493513465
vt 0.216128483 0.493215263
vt 0.216343164 0.493513465
vt 0.217835814 0.498671591
vt 0.217835814 0.496606946
vt 0.218034923 0.496605217
vt 0.218034923 0.498669803
vt 0.404239506 0.555972815
vt 0.404239535 0.55496788
vt 0.404376596 0.554849446
vt 0.404376596 0.556132197
vt 0.219961271 0.499016225
vt 0.219762415 0.499013186
vt 0.219762415 0.496952415
vt 0.219961271 0.496955454
vt 0.220432982 0.4932639
vt 0.220234245 0.4932639
vt 0.219972014 0.491200328
vt 0.2203013 0.491200328
vt 0.794313192 0.179336086
vt 0.792649209 0.178231344
vt 0.793074548 0.177866802
vt 0.792649209 0.176096693
vt 0.793499827 0.17803593
vt 0.793083787 0.177226096
vt 0.793518603 0.17728816
vt 0.79446274 0.175488546
vt 0.794313192 0.179336086
vt 0.793074548 0.177866802
vt 0.792649209 0.178231344
vt 0.792649209 0.176096693
vt 0.793499827 0.17803593
vt 0.793083787 0.177226096
vt 0.793518603 0.17728816
vt 0.79446274 0.175488546
vt 0.251553446 0.507538378
vt 0.251553446 0.507538378
vt 0.251553446 0.507538378
vt 0.251553446 0.507538378
vt 0.251553446 0.507538378
vt 0.251553446 0.507538378
vt 0.251553446 0.507538378
vt 0.251553446 0.507538378
vt 0.251553446 0.507538378
vt 0.251553446 0.507538378
vt 0.251553446 0.507538378
vt 0.251553446 0.507538378
vt 0.251553446 0.507538378
vt 0.251553446 0.507538378
vt 0.251553446 0.507538378
vt 0.251553446 0.507538378
vt 0.251553446 0.507538378
vt 0.251553446 0.507538378
vt 0.251553446 0.507538378
vt 0.251553446 0.507538378
vt 0.251553446 0.507538378
vt 0.251553446 0.507538378
vt 0.251553446 0.507538378
vt 0.251553446 0.507538378
vt 0.251553446 0.507538378
vt 0.251553446 0.507538378
vt 0.251553446 0.507538378
vt 0.251553446 0.507538378
vt 0.251553446 0.507538378
vt 0.251553446 0.507538378
vt 0.251553446 0.507538378
vt 0.251553446 0.507538378
vt 0.251553446 0.507538378
vt 0.251553446 0.507538378
vt 0.251553446 0.507538378
vt 0.251553446 0.507538378
vt 0.251553446 0.507538378
vt 0.251553446 0.507538378
vt 0.251553446 0.507538378
vt 0.251553446 0.507538378
vt 0.251553446 0.507538378
vt 0.251553446 0.507538378
vt 0.251553446 0.507538378
vt 0.251553446 0.507538378
vt 0.251553446 0.507538378
vt 0.251553446 0.507538378
vt 0.251553446 0.507538378
vt 0.251553446 0.507538378
vt 0.251553446 0.507538378
vt 0.251553446 0.507538378
vt 0.251553446 0.507538378
vt 0.251553446 0.507538378
vt 0.251553446 0.507538378
vt 0.251553446 0.507538378
vt 0.251553446 0.507538378
vt 0.251553446 0.507538378
vt 0.251553446 0.507538378
vt 0.251553446 0.507538378
vt 0.251553446 0.507538378
vt 0.251553446 0.507538378
vt 0.209002167 0.908657372
vt 0.209002167 0.908657372
vt 0.209002167 0.908657372
vt 0.209002167 0.908657372
vt 0.209002167 0.908657372
vt 0.209002167 0.908657372
vt 0.209002167 0.908657372
vt 0.209002167 0.908657372
vt 0.209002167 0.908657372
vt 0.209002167 0.908657372
vt 0.209002167 0.908657372
vt 0.209002167 0.908657372
vt 0.209002167 0.908657372
vt 0.209002167 0.908657372
vt 0.209002167 0.908657372
vt 0.209002167 0.908657372
vt 0.794313192 0.179336086
vt 0.79521513 0.178352952
vt 0.795647502 0.178342327
vt 0.796038687 0.178857759
vt 0.79446274 0.175488546
vt 0.795687735 0.177707329
vt 0.795254529 0.177608997
vt 0.796203434 0.176753566
vt 0.794313192 0.179336086
vt 0.796038687 0.178857759
vt 0.795647502 0.178342327
vt 0.79521513 0.178352952
vt 0.795687735 0.177707329
vt 0.79446274 0.175488546
vt 0.796203434 0.176753566
vt 0.795254529 0.177608997
vn -0.000000 0.000000 1.000000
vn -0.000000 0.000000 1.000000
vn -0.000000 0.000000 1.000000
vn -0.000000 0.000000 1.000000
vn -0.000000 0.000000 1.000000
vn -0.000000 0.000000 1.000000
vn -0.000000 0.000000 1.000000
vn -0.000000 0.000000 1.000000
vn -0.000000 0.000000 1.000000
vn 0.025713 -0.013959 -0.999572
vn 0.025713 -0.013959 -0.999572
vn -0.000000 0.000000 -1.000000
vn 0.000133 0.000000 -1.000000
vn -0.023830 0.012937 -0.999632
vn -0.023830 0.012937 -0.999632
vn 0.025713 -0.013959 0.999572
vn 0.025713 -0.013959 0.999572
vn 0.000133 0.000000 1.000000
vn -0.000000 0.000000 1.000000
vn -0.023830 0.012937 0.999632
vn -0.023830 0.012937 0.999632
vn -0.408474 -0.912770 -0.000000
vn -0.408474 -0.912770 -0.000000
vn -0.481935 -0.876207 -0.000000
vn -0.481935 -0.876207 -0.000000
vn -0.547176 -0.837018 -0.000000
vn -0.547176 -0.837018 -0.000000
vn 0.403871 0.914816 -0.000000
vn 0.403871 0.914816 -0.000000
vn 0.403871 0.914816 -0.000000
vn 0.403871 0.914816 -0.000000
vn 0.950197 0.065758 -0.304634
vn 0.950197 0.065758 -0.304634
vn 0.950197 0.065756 -0.304634
vn 0.958958 -0.274331 -0.071707
vn 0.914809 -0.372417 -0.156300
vn 0.914809 -0.372417 0.156300
vn 0.958958 -0.274331 0.071707
vn 0.950197 0.065755 0.304634
vn 0.950197 0.065757 0.304634
vn 0.950197 0.065756 0.304634
vn 0.878580 -0.452668 -0.152280
vn 0.560404 -0.770159 -0.304634
vn 0.560404 -0.770159 -0.304634
vn 0.560404 -0.770159 -0.304635
vn 0.829150 -0.555711 -0.060787
vn 0.829150 -0.555711 0.060787
vn 0.877937 -0.453746 0.152776
vn 0.560405 -0.770159 0.304634
vn 0.560403 -0.770160 0.304634
vn 0.560402 -0.770161 0.304635
vn -0.906308 0.422618 -0.000000
vn -0.906308 0.422618 -0.000000
vn -0.906308 0.422618 -0.000000
vn -0.906308 0.422618 -0.000000
vn -0.000000 0.000000 -1.000000
vn -0.000000 0.000000 -1.000000
vn -0.000000 0.000000 -1.000000
vn -0.000000 0.000000 -1.000000
vn 0.946654 0.322251 -0.000000
vn 0.946654 0.322251 -0.000000
vn 0.946654 0.322251 -0.000000
vn 0.946654 0.322251 -0.000000
vn 0.684497 -0.319186 0.655427
vn 0.684497 -0.319186 0.655427
vn 0.684497 -0.319186 0.655427
vn 0.684497 -0.319186 0.655427
vn 0.361641 -0.932317 -0.000000
vn 0.361641 -0.932317 -0.000000
vn 0.361641 -0.932317 -0.000000
vn 0.361641 -0.932317 -0.000000
vn 0.889064 -0.414577 0.194143
vn 0.850312 -0.396507 0.346052
vn 0.850312 -0.396507 0.346052
vn 0.889064 -0.414577 0.194143
vn 0.888021 -0.414091 -0.199870
vn 0.888021 -0.414091 -0.199870
vn 0.850628 -0.396654 -0.345104
vn 0.850628 -0.396654 -0.345104
vn -0.906308 0.422618 -0.000000
vn -0.906308 0.422618 -0.000000
vn -0.906308 0.422618 -0.000000
vn -0.906308 0.422618 -0.000000
vn -0.906308 0.422618 -0.000000
vn -0.906308 0.422618 -0.000000
vn -0.906308 0.422618 -0.000000
vn -0.906308 0.422618 -0.000000
vn 0.422618 0.906308 -0.000000
vn 0.422618 0.906308 -0.000000
vn 0.422618 0.906308 -0.000000
vn 0.422618 0.906308 -0.000000
vn 0.422618 0.906308 -0.000000
vn 0.422618 0.906308 -0.000000
vn 0.422618 0.906308 -0.000000
vn 0.422618 0.906308 -0.000000
vn -0.000000 0.000000 1.000000
vn -0.000000 0.000000 1.000000
vn -0.000000 0.000000 1.000000
vn -0.000000 0.000000 1.000000
vn -0.422618 -0.906308 -0.000000
vn -0.422618 -0.906308 -0.000000
vn -0.422618 -0.906308 -0.000000
vn -0.422618 -0.906308 -0.000000
vn -0.422618 -0.906308 -0.000000
vn -0.422618 -0.906308 -0.000000
vn -0.422618 -0.906308 -0.000000
vn -0.422618 -0.906308 -0.000000
vn -0.000000 0.000000 -1.000000
vn -0.000000 0.000000 -1.000000
vn -0.000000 0.000000 -1.000000
vn -0.000000 0.000000 -1.000000
vn 0.386133 -0.180057 0.904699
vn 0.386133 -0.180057 0.904699
vn 0.386133 -0.180057 0.904699
vn 0.386133 -0.180057 0.904699
vn -0.000000 -0.999993 -0.003866
vn -0.000000 -0.999993 -0.003866
vn -0.000000 -0.999993 -0.003866
vn -0.000000 -0.999993 -0.003866
vn 0.372575 -0.173735 -0.911594
vn 0.372575 -0.173735 -0.911594
vn 0.372575 -0.173735 -0.911594
vn 0.372575 -0.173735 -0.911594
vn 0.766282 0.642492 -0.003866
vn 0.766282 0.642492 -0.003866
vn 0.766282 0.642492 -0.003866
vn 0.766282 0.642492 -0.003866
vn -0.422618 -0.906308 -0.000000
vn -0.422618 -0.906308 -0.000000
vn -0.422618 -0.906308 -0.000000
vn -0.422618 -0.906308 -0.000000
vn -0.008283 0.003862 -0.999958
vn -0.008283 0.003862 -0.999958
vn -0.008283 0.003862 -0.999958
vn -0.008283 0.003862 -0.999958
vn 0.422618 0.906308 -0.000000
vn 0.422618 0.906308 -0.000000
vn 0.422618 0.906308 -0.000000
vn 0.422618 0.906308 -0.000000
vn 0.008283 -0.003862 0.999958
vn 0.008283 -0.003862 0.999958
vn 0.008283 -0.003862 0.999958
vn 0.008283 -0.003862 0.999958
vn -0.000000 0.000000 1.000000
vn -0.000000 0.000000 1.000000
vn -0.000000 0.000000 1.000000
vn -0.000000 0.000000 1.000000
vn -0.422620 -0.906307 -0.000000
vn -0.422620 -0.906307 -0.000000
vn -0.422620 -0.906307 -0.000000
vn -0.422620 -0.906307 -0.000000
vn 0.422618 0.906308 -0.000000
vn 0.422618 0.906308 -0.000000
vn 0.422618 0.906308 -0.000000
vn 0.422618 0.906308 -0.000000
vn -0.000000 0.000000 -1.000000
vn -0.000000 0.000000 -1.000000
vn -0.000000 0.000000 -1.000000
vn -0.000000 0.000000 -1.000000
vn 0.900854 -0.420075 0.109545
vn 0.900854 -0.420075 0.109545
vn 0.900854 -0.420075 0.109543
vn 0.900854 -0.420075 0.109544
vn 0.900854 -0.420075 0.109543
vn 0.900853 -0.420075 0.109544
vn 0.851220 -0.396931 0.343322
vn 0.851220 -0.396931 0.343322
vn 0.851220 -0.396931 0.343322
vn 0.851220 -0.396931 0.343322
vn 0.851220 -0.396931 0.343322
vn 0.958958 -0.274331 0.071707
vn 0.903100 -0.421123 0.084057
vn 0.958958 -0.274331 -0.071707
vn 0.903100 -0.421123 -0.084057
vn 0.851221 -0.396931 -0.343321
vn 0.851220 -0.396931 0.343322
vn 0.851220 -0.396931 0.343322
vn 0.851220 -0.396931 0.343322
vn 0.903100 -0.421123 0.084057
vn 0.829150 -0.555711 0.060787
vn 0.903100 -0.421123 -0.084057
vn 0.829150 -0.555711 -0.060787
vn 0.851221 -0.396931 -0.343322
vn 0.851221 -0.396931 -0.343321
vn 0.851220 -0.396931 -0.343322
vn 0.851220 -0.396931 -0.343322
vn 0.851220 -0.396931 -0.343322
vn 0.851220 -0.396931 -0.343322
vn 0.851220 -0.396931 -0.343322
vn 0.903100 -0.421123 -0.084057
vn 0.851220 -0.396931 -0.343322
vn 0.851221 -0.396931 -0.343322
vn 0.903100 -0.421123 -0.084057
vn 0.903100 -0.421123 0.084057
vn 0.903100 -0.421123 0.084057
vn 0.851220 -0.396931 0.343322
vn 0.851220 -0.396931 0.343322
vn 0.900853 -0.420075 -0.109545
vn 0.900854 -0.420075 -0.109544
vn 0.900854 -0.420075 -0.109544
vn 0.900853 -0.420075 -0.109549
vn 0.900853 -0.420075 -0.109545
vn 0.900853 -0.420075 -0.109546
vn 0.684497 -0.319186 -0.655427
vn 0.684497 -0.319186 -0.655427
vn 0.684497 -0.319186 -0.655427
vn 0.684497 -0.319186 -0.655427
vn -0.000000 0.000000 1.000000
vn -0.000000 0.000000 1.000000
vn -0.000000 0.000000 1.000000
vn -0.000000 0.000000 1.000000
vn 0.642803 -0.766032 -0.000000
vn 0.642803 -0.766032 -0.000000
vn 0.642803 -0.766032 -0.000000
vn 0.642803 -0.766032 -0.000000
vn 0.835008 -0.389371 -0.388782
vn 0.835008 -0.389371 -0.388782
vn 0.835008 -0.389371 -0.388782
vn 0.835008 -0.389371 -0.388782
vn 1.000000 0.000000 -0.000000
vn 1.000000 0.000000 -0.000000
vn 1.000000 0.000000 -0.000000
vn 1.000000 0.000000 -0.000000
vn 0.835008 -0.389371 0.388783
vn 0.835008 -0.389371 0.388783
vn 0.835008 -0.389371 0.388783
vn 0.835008 -0.389371 0.388783
vn 0.025713 0.013959 -0.999572
vn -0.000000 0.000000 -1.000000
vn 0.025713 0.013959 -0.999572
vn 0.000133 0.000000 -1.000000
vn -0.023830 -0.012937 -0.999632
vn -0.023830 -0.012937 -0.999632
vn 0.025713 0.013959 0.999572
vn 0.000133 0.000000 1.000000
vn 0.025713 0.013959 0.999572
vn -0.000000 0.000000 1.000000
vn -0.023830 -0.012937 0.999632
vn -0.023830 -0.012937 0.999632
vn -0.408474 0.912770 -0.000000
vn -0.481935 0.876207 -0.000000
vn -0.408474 0.912770 -0.000000
vn -0.481935 0.876207 -0.000000
vn -0.547176 0.837018 -0.000000
vn -0.547176 0.837018 -0.000000
vn 0.403871 -0.914816 -0.000000
vn 0.403871 -0.914816 -0.000000
vn 0.403871 -0.914816 -0.000000
vn 0.403871 -0.914816 -0.000000
vn 0.950197 -0.065757 -0.304634
vn 0.950197 -0.065758 -0.304634
vn 0.959281 0.272918 -0.072773
vn 0.914809 0.372417 -0.156300
vn 0.914809 0.372417 0.156300
vn 0.958958 0.274331 0.071707
vn 0.950197 -0.065755 0.304634
vn 0.950197 -0.065757 0.304634
vn 0.950197 -0.065756 0.304634
vn 0.560404 0.770159 -0.304634
vn 0.560404 0.770159 -0.304634
vn 0.878580 0.452668 -0.152280
vn 0.560404 0.770159 -0.304635
vn 0.829150 0.555711 -0.060787
vn 0.829150 0.555711 0.060787
vn 0.877937 0.453746 0.152776
vn 0.560405 0.770159 0.304634
vn 0.560403 0.770160 0.304634
vn 0.560402 0.770161 0.304635
vn -0.906308 -0.422618 -0.000000
vn -0.906308 -0.422618 -0.000000
vn -0.906308 -0.422618 -0.000000
vn -0.906308 -0.422618 -0.000000
vn -0.000000 0.000000 -1.000000
vn -0.000000 0.000000 -1.000000
vn -0.000000 0.000000 -1.000000
vn -0.000000 0.000000 -1.000000
vn 0.946654 -0.322251 -0.000000
vn 0.946654 -0.322251 -0.000000
vn 0.946654 -0.322251 -0.000000
vn 0.946654 -0.322251 -0.000000
vn 0.684497 0.319186 0.655427
vn 0.684497 0.319186 0.655427
vn 0.684497 0.319186 0.655427
vn 0.684497 0.319186 0.655427
vn 0.361641 0.932317 -0.000000
vn 0.361641 0.932317 -0.000000
vn 0.361641 0.932317 -0.000000
vn 0.361641 0.932317 -0.000000
vn 0.889064 0.414577 0.194142
vn 0.850312 0.396507 0.346052
vn 0.850312 0.396507 0.346052
vn 0.889064 0.414577 0.194142
vn 0.888021 0.414091 -0.199870
vn 0.888021 0.414091 -0.199870
vn 0.850628 0.396654 -0.345104
vn 0.850628 0.396654 -0.345104
vn -0.906308 -0.422618 -0.000000
vn -0.906308 -0.422618 -0.000000
vn -0.906308 -0.422618 -0.000000
vn -0.906308 -0.422618 -0.000000
vn -0.906308 -0.422618 -0.000000
vn -0.906308 -0.422618 -0.000000
vn -0.906308 -0.422618 -0.000000
vn -0.906308 -0.422618 -0.000000
vn 0.422618 -0.906308 -0.000000
vn 0.422618 -0.906308 -0.000000
vn 0.422618 -0.906308 -0.000000
vn 0.422618 -0.906308 -0.000000
vn 0.422618 -0.906308 -0.000000
vn 0.422618 -0.906308 -0.000000
vn 0.422618 -0.906308 -0.000000
vn 0.422618 -0.906308 -0.000000
vn -0.000000 0.000000 1.000000
vn -0.000000 0.000000 1.000000
vn -0.000000 0.000000 1.000000
vn -0.000000 0.000000 1.000000
vn -0.422618 0.906308 -0.000000
vn -0.422618 0.906308 -0.000000
vn -0.422618 0.906308 -0.000000
vn -0.422618 0.906308 -0.000000
vn -0.422618 0.906308 -0.000000
vn -0.422618 0.906308 -0.000000
vn -0.422618 0.906308 -0.000000
vn -0.422618 0.906308 -0.000000
vn -0.000000 0.000000 -1.000000
vn -0.000000 0.000000 -1.000000
vn -0.000000 0.000000 -1.000000
vn -0.000000 0.000000 -1.000000
vn 0.386133 0.180057 0.904699
vn 0.386133 0.180057 0.904699
vn 0.386133 0.180057 0.904699
vn 0.386133 0.180057 0.904699
vn -0.000000 0.999993 -0.003866
vn -0.000000 0.999993 -0.003866
vn -0.000000 0.999993 -0.003866
vn -0.000000 0.999993 -0.003866
vn 0.372575 0.173735 -0.911594
vn 0.372575 0.173735 -0.911594
vn 0.372575 0.173735 -0.911594
vn 0.372575 0.173735 -0.911594
vn 0.766282 -0.642492 -0.003866
vn 0.766282 -0.642492 -0.003866
vn 0.766282 -0.642492 -0.003866
vn 0.766282 -0.642492 -0.003866
vn -0.422618 0.906308 -0.000000
vn -0.422618 0.906308 -0.000000
vn -0.422618 0.906308 -0.000000
vn -0.422618 0.906308 -0.000000
vn -0.008283 -0.003862 -0.999958
vn -0.008283 -0.003862 -0.999958
vn -0.008283 -0.003862 -0.999958
vn -0.008283 -0.003862 -0.999958
vn 0.422618 -0.906308 -0.000000
vn 0.422618 -0.906308 -0.000000
vn 0.422618 -0.906308 -0.000000
vn 0.422618 -0.906308 -0.000000
vn 0.008283 0.003862 0.999958
vn 0.008283 0.003862 0.999958
vn 0.008283 0.003862 0.999958
vn 0.008283 0.003862 0.999958
vn -0.000000 0.000000 1.000000
vn -0.000000 0.000000 1.000000
vn -0.000000 0.000000 1.000000
vn -0.000000 0.000000 1.000000
vn -0.422619 0.906307 -0.000000
vn -0.422619 0.906307 -0.000000
vn -0.422620 0.906307 -0.000000
vn -0.422619 0.906307 -0.000000
vn 0.422618 -0.906308 -0.000000
vn 0.422618 -0.906308 -0.000000
vn 0.422618 -0.906308 -0.000000
vn 0.422618 -0.906308 -0.000000
vn -0.000000 0.000000 -1.000000
vn -0.000000 0.000000 -1.000000
vn -0.000000 0.000000 -1.000000
vn -0.000000 0.000000 -1.000000
vn 0.900854 0.420075 0.109543
vn 0.900854 0.420075 0.109543
vn 0.900854 0.420075 0.109545
vn 0.900854 0.420076 0.109536
vn 0.900854 0.420075 0.109545
vn 0.900853 0.420075 0.109544
vn 0.851220 0.396931 0.343322
vn 0.851220 0.396931 0.343322
vn 0.851220 0.396931 0.343322
vn 0.851220 0.396931 0.343322
vn 0.851220 0.396931 0.343322
vn 0.958958 0.274331 0.071707
vn 0.903100 0.421123 0.084057
vn 0.959281 0.272918 -0.072773
vn 0.903100 0.421123 -0.084057
vn 0.851221 0.396931 -0.343321
vn 0.851220 0.396931 0.343322
vn 0.851220 0.396931 0.343322
vn 0.851220 0.396931 0.343322
vn 0.903100 0.421123 0.084057
vn 0.829150 0.555711 0.060787
vn 0.903100 0.421123 -0.084057
vn 0.829150 0.555711 -0.060787
vn 0.851221 0.396931 -0.343321
vn 0.851221 0.396931 -0.343321
vn 0.851220 0.396931 -0.343322
vn 0.851220 0.396931 -0.343322
vn 0.851220 0.396931 -0.343322
vn 0.851220 0.396931 -0.343322
vn 0.851220 0.396931 -0.343322
vn 0.903100 0.421123 -0.084057
vn 0.851221 0.396931 -0.343321
vn 0.851220 0.396931 -0.343322
vn 0.903100 0.421123 -0.084057
vn 0.903100 0.421123 0.084057
vn 0.903100 0.421123 0.084057
vn 0.851220 0.396931 0.343322
vn 0.851220 0.396931 0.343322
vn 0.900854 0.420075 -0.109545
vn 0.900853 0.420075 -0.109546
vn 0.900853 0.420075 -0.109546
vn 0.900854 0.420075 -0.109540
vn 0.900854 0.420075 -0.109545
vn 0.900854 0.420075 -0.109544
vn 0.684497 0.319186 -0.655427
vn 0.684497 0.319186 -0.655427
vn 0.684497 0.319186 -0.655427
vn 0.684497 0.319186 -0.655427
vn -0.000000 0.000000 1.000000
vn -0.000000 0.000000 1.000000
vn -0.000000 0.000000 1.000000
vn -0.000000 0.000000 1.000000
vn 0.642803 0.766032 -0.000000
vn 0.642803 0.766032 -0.000000
vn 0.642803 0.766032 -0.000000
vn 0.642803 0.766032 -0.000000
vn 0.835008 0.389371 -0.388782
vn 0.835008 0.389371 -0.388782
vn 0.835008 0.389371 -0.388782
vn 0.835008 0.389371 -0.388782
vn 1.000000 0.000000 -0.000000
vn 1.000000 0.000000 -0.000000
vn 1.000000 0.000000 -0.000000
vn 1.000000 0.000000 -0.000000
vn 0.835008 0.389371 0.388783
vn 0.835008 0.389371 0.388783
vn 0.835008 0.389371 0.388783
vn 0.835008 0.389371 0.388783
vn -0.967865 -0.084672 -0.236786
vn -0.967865 -0.084672 -0.236786
vn -0.967865 -0.084672 -0.236786
vn -0.967865 -0.084672 -0.236786
vn 0.029859 -0.988301 0.149566
vn 0.157483 -0.968799 0.191383
vn 0.011085 -0.980278 0.197315
vn 0.146147 -0.976265 0.159834
vn 0.184660 -0.945479 0.268274
vn 0.184660 -0.945479 0.268274
vn -0.072435 -0.006337 -0.997353
vn -0.072435 -0.006337 -0.997353
vn -0.072435 -0.006337 -0.997353
vn -0.072435 -0.006337 -0.997353
vn 0.967176 0.084617 -0.239603
vn 0.967176 0.084617 -0.239603
vn 0.967176 0.084617 -0.239603
vn 0.967176 0.084617 -0.239603
vn 0.127169 -0.436529 0.890657
vn 0.127169 -0.436529 0.890657
vn 0.127169 -0.436529 0.890657
vn 0.127169 -0.436529 0.890657
vn -0.072435 -0.006337 0.997353
vn -0.072435 -0.006337 0.997353
vn -0.072435 -0.006337 0.997353
vn -0.072435 -0.006337 0.997353
vn 0.967176 0.084617 0.239603
vn 0.967176 0.084617 0.239603
vn 0.967176 0.084617 0.239603
vn 0.967176 0.084617 0.239603
vn 0.011085 -0.980277 -0.197315
vn 0.146147 -0.976265 -0.159834
vn 0.029859 -0.988301 -0.149566
vn 0.157483 -0.968799 -0.191384
vn 0.184660 -0.945478 -0.268274
vn 0.184660 -0.945478 -0.268274
vn -0.967865 -0.084672 0.236786
vn -0.967865 -0.084672 0.236786
vn -0.967865 -0.084672 0.236786
vn -0.967865 -0.084672 0.236786
vn -0.009521 -0.968450 -0.249026
vn -0.009521 -0.968450 -0.249026
vn 0.011085 -0.980277 -0.197315
vn 0.029859 -0.988301 -0.149566
vn -0.754128 -0.656727 -0.000000
vn -0.754024 -0.656635 0.016693
vn -0.754024 -0.656635 0.016693
vn -0.754128 -0.656727 -0.000000
vn -0.754128 -0.656727 -0.000000
vn -0.754023 -0.656636 -0.016692
vn -0.754023 -0.656636 -0.016692
vn -0.754128 -0.656727 -0.000000
vn 0.072407 -0.931801 0.355675
vn 0.072596 -0.934041 0.349709
vn 0.078744 -0.933503 0.349817
vn 0.078431 -0.931164 0.356065
vn 0.078431 -0.931164 -0.356065
vn 0.078744 -0.933503 -0.349817
vn 0.072596 -0.934041 -0.349710
vn 0.072407 -0.931801 -0.355675
vn 0.903494 -0.428600 -0.000000
vn 0.903358 -0.428536 -0.017343
vn 0.903358 -0.428537 -0.017343
vn 0.903494 -0.428600 -0.000000
vn 0.903358 -0.428536 0.017344
vn 0.903358 -0.428536 0.017344
vn -0.009521 -0.968450 0.249026
vn -0.009521 -0.968450 0.249026
vn 0.029859 -0.988301 0.149566
vn 0.011085 -0.980278 0.197315
vn 0.127169 -0.436530 -0.890657
vn 0.127169 -0.436530 -0.890657
vn 0.127169 -0.436530 -0.890657
vn 0.127169 -0.436530 -0.890657
vn -0.082034 0.986020 -0.145037
vn -0.082910 0.996557 -0.000000
vn -0.082910 0.996557 -0.000000
vn -0.082034 0.986020 -0.145037
vn -0.082034 0.986020 0.145036
vn -0.082034 0.986020 0.145036
vn -0.082910 0.996557 -0.000000
vn -0.082910 0.996557 -0.000000
vn -0.967865 0.084672 -0.236786
vn -0.967865 0.084672 -0.236786
vn -0.967865 0.084672 -0.236786
vn -0.967865 0.084672 -0.236786
vn 0.029859 0.988301 0.149566
vn 0.011085 0.980278 0.197315
vn 0.157483 0.968799 0.191383
vn 0.146147 0.976265 0.159834
vn 0.184660 0.945479 0.268274
vn 0.184660 0.945479 0.268274
vn -0.072435 0.006337 -0.997353
vn -0.072435 0.006337 -0.997353
vn -0.072435 0.006337 -0.997353
vn -0.072435 0.006337 -0.997353
vn 0.967176 -0.084617 -0.239603
vn 0.967176 -0.084617 -0.239603
vn 0.967176 -0.084617 -0.239603
vn 0.967176 -0.084617 -0.239603
vn 0.127169 0.436529 0.890657
vn 0.127169 0.436529 0.890657
vn 0.127169 0.436529 0.890657
vn 0.127169 0.436529 0.890657
vn -0.072435 0.006337 0.997353
vn -0.072435 0.006337 0.997353
vn -0.072435 0.006337 0.997353
vn -0.072435 0.006337 0.997353
vn 0.967176 -0.084617 0.239603
vn 0.967176 -0.084617 0.239603
vn 0.967176 -0.084617 0.239603
vn 0.967176 -0.084617 0.239603
vn 0.011085 0.980277 -0.197315
vn 0.029859 0.988301 -0.149566
vn 0.146147 0.976265 -0.159834
vn 0.157483 0.968799 -0.191384
vn 0.184660 0.945478 -0.268274
vn 0.184660 0.945478 -0.268274
vn -0.967865 0.084672 0.236786
vn -0.967865 0.084672 0.236786
vn -0.967865 0.084672 0.236786
vn -0.967865 0.084672 0.236786
vn -0.009521 0.968450 -0.249026
vn 0.029859 0.988301 -0.149566
vn 0.011085 0.980277 -0.197315
vn -0.009521 0.968450 -0.249026
vn -0.754128 0.656727 -0.000000
vn -0.754128 0.656727 -0.000000
vn -0.754024 0.656635 0.016693
vn -0.754023 0.656635 0.016693
vn -0.754128 0.656727 -0.000000
vn -0.754128 0.656727 -0.000000
vn -0.754023 0.656636 -0.016692
vn -0.754023 0.656636 -0.016692
vn 0.072407 0.931801 0.355675
vn 0.078431 0.931164 0.356065
vn 0.078744 0.933503 0.349817
vn 0.072596 0.934041 0.349709
vn 0.078431 0.931164 -0.356065
vn 0.072407 0.931800 -0.355675
vn 0.072596 0.934041 -0.349710
vn 0.078744 0.933503 -0.349817
vn 0.903494 0.428600 -0.000000
vn 0.903358 0.428537 -0.017343
vn 0.903358 0.428537 -0.017343
vn 0.903494 0.428600 -0.000000
vn 0.903358 0.428536 0.017344
vn 0.903358 0.428536 0.017344
vn -0.009521 0.968450 0.249026
vn 0.011085 0.980278 0.197315
vn 0.029859 0.988301 0.149566
vn -0.009521 0.968450 0.249026
vn 0.127169 0.436530 -0.890657
vn 0.127169 0.436530 -0.890657
vn 0.127169 0.436530 -0.890657
vn 0.127169 0.436530 -0.890657
vn -0.082034 -0.986020 -0.145037
vn -0.082034 -0.986020 -0.145037
vn -0.082910 -0.996557 -0.000000
vn -0.082910 -0.996557 -0.000000
vn -0.082034 -0.986020 0.145037
vn -0.082910 -0.996557 -0.000000
vn -0.082910 -0.996557 -0.000000
vn -0.082034 -0.986020 0.145036
vn 0.002038 0.000000 -0.999998
vn 0.006753 0.000000 -0.999977
vn 0.000949 -0.137105 -0.990556
vn 0.000915 -0.135346 -0.990798
vn -0.005162 -0.131702 -0.991276
vn -0.001770 -0.135321 -0.990800
vn -0.010585 -0.134590 -0.990845
vn -0.001328 -0.137040 -0.990565
vn -0.794593 0.000000 -0.607142
vn -0.792065 0.079712 -0.605210
vn -0.792065 0.079712 -0.605210
vn -0.794593 0.000000 -0.607142
vn 0.512875 0.000000 -0.858463
vn 0.511913 0.061201 -0.856854
vn 0.511913 0.061201 -0.856854
vn 0.512875 0.000000 -0.858463
vn 0.029094 -0.055560 -0.998031
vn -0.000000 0.000000 -1.000000
vn -0.000000 0.000000 -1.000000
vn 0.027297 -0.052128 -0.998267
vn 0.042425 0.000000 -0.999100
vn 0.042425 0.000000 -0.999100
vn -0.044719 0.000000 -0.999000
vn -0.044719 0.000000 -0.999000
vn -0.025251 -0.048220 -0.998518
vn -0.028173 -0.053801 -0.998154
vn 0.027291 -0.051907 -0.998279
vn 0.025961 -0.049378 -0.998443
vn 0.048920 0.000000 -0.998803
vn 0.048920 0.000000 -0.998803
vn 0.077540 0.817398 -0.570831
vn 0.077540 0.817398 -0.570831
vn 0.077540 0.817398 -0.570831
vn 0.077540 0.817398 -0.570831
vn -0.001328 -0.137040 -0.990565
vn -0.001770 -0.135321 -0.990800
vn 0.000915 -0.135346 -0.990798
vn 0.000949 -0.137105 -0.990556
vn 0.002580 -0.141663 -0.989912
vn 0.002697 -0.143481 -0.989649
vn -0.000172 -0.145134 -0.989412
vn -0.000828 -0.143686 -0.989623
vn -0.058781 0.539678 -0.839817
vn -0.058781 0.539678 -0.839817
vn -0.058781 0.539678 -0.839817
vn -0.058781 0.539678 -0.839817
vn -0.000828 -0.143686 -0.989623
vn -0.000172 -0.145134 -0.989412
vn -0.008503 0.000000 -0.999964
vn -0.002182 0.000000 -0.999998
vn 0.002580 -0.141663 -0.989912
vn 0.006272 -0.139352 -0.990223
vn 0.014428 -0.145400 -0.989268
vn 0.002697 -0.143481 -0.989649
vn 0.810799 0.073049 -0.580748
vn 0.794939 0.000000 -0.606689
vn 0.813584 0.014448 -0.581268
vn 0.878375 0.081669 -0.470944
vn 0.893054 0.083263 -0.442180
vn 0.892074 0.084254 -0.443966
vn 0.002038 0.000000 -0.999998
vn 0.000949 0.137105 -0.990556
vn 0.006753 0.000000 -0.999977
vn 0.000915 0.135346 -0.990798
vn -0.005162 0.131702 -0.991276
vn -0.001770 0.135321 -0.990800
vn -0.010585 0.134590 -0.990845
vn -0.001328 0.137040 -0.990565
vn -0.794593 0.000000 -0.607142
vn -0.794593 0.000000 -0.607142
vn -0.792065 -0.079712 -0.605210
vn -0.792065 -0.079712 -0.605210
vn 0.512875 0.000000 -0.858463
vn 0.512875 0.000000 -0.858463
vn 0.511913 -0.061201 -0.856854
vn 0.511913 -0.061201 -0.856854
vn 0.029094 0.055560 -0.998031
vn -0.000000 0.000000 -1.000000
vn -0.000000 0.000000 -1.000000
vn 0.027297 0.052129 -0.998267
vn 0.042425 0.000000 -0.999100
vn 0.042425 0.000000 -0.999100
vn -0.044719 0.000000 -0.999000
vn -0.025251 0.048220 -0.998518
vn -0.044719 0.000000 -0.999000
vn -0.028173 0.053801 -0.998154
vn 0.027291 0.051907 -0.998279
vn 0.025961 0.049378 -0.998443
vn 0.048920 0.000000 -0.998803
vn 0.048920 0.000000 -0.998803
vn 0.077540 -0.817398 -0.570831
vn 0.077540 -0.817398 -0.570831
vn 0.077540 -0.817398 -0.570831
vn 0.077540 -0.817398 -0.570831
vn -0.001328 0.137040 -0.990565
vn 0.000949 0.137105 -0.990556
vn 0.000915 0.135346 -0.990798
vn -0.001770 0.135321 -0.990800
vn 0.002580 0.141662 -0.989912
vn -0.000828 0.143686 -0.989623
vn -0.000172 0.145134 -0.989412
vn 0.002697 0.143481 -0.989649
vn -0.058781 -0.539678 -0.839817
vn -0.058781 -0.539678 -0.839817
vn -0.058781 -0.539678 -0.839817
vn -0.058781 -0.539678 -0.839817
vn -0.000828 0.143686 -0.989623
vn -0.008503 0.000000 -0.999964
vn -0.000172 0.145134 -0.989412
vn -0.002182 0.000000 -0.999998
vn 0.002580 0.141662 -0.989912
vn 0.006272 0.139352 -0.990223
vn 0.014428 0.145400 -0.989268
vn 0.002697 0.143481 -0.989649
vn 0.885443 -0.101643 -0.453498
vn 0.885912 -0.101994 -0.452501
vn 0.813584 0.014448 -0.581268
vn 0.801518 -0.047302 -0.596096
vn 0.794724 -0.043175 -0.605434
vn 0.794939 0.000000 -0.606689
vn -0.947032 -0.321140 -0.000000
vn -0.947032 -0.321140 -0.000000
vn -0.947032 -0.321140 -0.000000
vn -0.947032 -0.321140 -0.000000
vn -0.947032 0.321140 -0.000000
vn -0.947032 0.321140 -0.000000
vn -0.947032 0.321140 -0.000000
vn -0.947032 0.321140 -0.000000
vn 0.105978 0.994369 -0.000000
vn 0.105978 0.994369 -0.000000
vn 0.105978 0.994369 -0.000000
vn 0.105978 0.994369 -0.000000
vn 0.105978 -0.994369 -0.000000
vn 0.105978 -0.994369 -0.000000
vn 0.105978 -0.994369 -0.000000
vn 0.105978 -0.994369 -0.000000
vn 0.984731 0.174082 -0.000000
vn 1.000000 0.000000 -0.000000
vn 0.984731 0.174082 -0.000000
vn 1.000000 0.000000 -0.000000
vn 0.984731 -0.174082 -0.000000
vn 0.984731 -0.174082 -0.000000
vn -0.080540 0.996751 -0.000000
vn -0.080540 0.996751 -0.000000
vn -0.080540 0.996751 -0.000000
vn -0.080540 0.996751 -0.000000
vn -0.000000 0.000000 1.000000
vn -0.000000 0.000000 1.000000
vn -0.000000 0.000000 1.000000
vn -0.000000 0.000000 1.000000
vn -0.000000 0.000000 1.000000
vn -0.000000 0.000000 1.000000
vn -0.000000 0.000000 1.000000
vn -0.000000 0.000000 1.000000
vn -0.000000 0.000000 1.000000
vn -0.000000 0.000000 1.000000
vn -0.000000 0.000000 1.000000
vn -0.000000 0.000000 1.000000
vn -1.000000 0.000000 -0.000000
vn -0.984786 0.173769 -0.000000
vn -0.984786 0.173769 -0.000000
vn -1.000000 0.000000 -0.000000
vn -0.984786 -0.173769 -0.000000
vn -0.984786 -0.173769 -0.000000
vn -0.080540 -0.996751 -0.000000
vn -0.080540 -0.996751 -0.000000
vn -0.080540 -0.996751 -0.000000
vn -0.080540 -0.996751 -0.000000
vn 0.496820 0.000000 -0.867854
vn 0.493926 0.107792 -0.862797
vn 0.493926 0.107792 -0.862797
vn 0.496820 0.000000 -0.867853
vn 0.493925 -0.107792 -0.862797
vn 0.493925 -0.107792 -0.862797
vn -0.000000 0.000000 1.000000
vn -0.000000 0.000000 1.000000
vn -0.000000 0.000000 1.000000
vn -0.000000 0.000000 1.000000
vn -0.000000 0.000000 1.000000
vn -0.000000 0.000000 1.000000
vn -0.088905 -0.599567 -0.795372
vn -0.088905 -0.599567 -0.795371
vn -0.088905 -0.599567 -0.795371
vn -0.088905 -0.599567 -0.795372
vn 0.021317 -0.145539 -0.989123
vn 0.014689 -0.139410 -0.990126
vn 0.014425 -0.137593 -0.990384
vn 0.016688 -0.136876 -0.990448
vn 0.012990 0.000000 -0.999916
vn 0.012208 -0.137452 -0.990433
vn 0.011894 -0.138647 -0.990270
vn 0.008944 0.000000 -0.999960
vn 0.012208 0.137451 -0.990433
vn 0.011894 0.138646 -0.990271
vn 0.014425 0.137592 -0.990384
vn 0.016687 0.136877 -0.990447
vn 0.014690 0.139409 -0.990126
vn 0.021318 0.145542 -0.989122
vn 0.012208 -0.137452 -0.990433
vn 0.014425 -0.137593 -0.990384
vn 0.014689 -0.139410 -0.990126
vn 0.011894 -0.138647 -0.990270
vn 0.014425 0.137592 -0.990384
vn 0.012208 0.137451 -0.990433
vn 0.011894 0.138646 -0.990271
vn 0.014690 0.139409 -0.990126
vn -0.915611 0.402066 -0.000000
vn -0.915611 0.402066 -0.000000
vn -0.915611 0.402066 -0.000000
vn -0.915611 0.402066 -0.000000
vn -0.000000 0.000000 -1.000000
vn -0.000000 0.000000 -1.000000
vn 0.022527 -0.036185 -0.999091
vn 0.022573 -0.036258 -0.999087
vn 0.039328 0.000000 -0.999226
vn 0.039328 0.000000 -0.999226
vn 0.022527 0.036186 -0.999091
vn 0.022572 0.036259 -0.999087
vn -0.000000 0.000000 -1.000000
vn -0.000000 0.000000 -1.000000
vn 0.158568 0.987348 -0.000000
vn 0.158568 0.987348 -0.000000
vn 0.158568 0.987348 -0.000000
vn 0.158568 0.987348 -0.000000
vn -0.088906 0.599568 -0.795370
vn -0.088906 0.599568 -0.795370
vn -0.088906 0.599568 -0.795370
vn -0.088906 0.599568 -0.795370
vn 0.158569 -0.987348 -0.000000
vn 0.158569 -0.987348 -0.000000
vn 0.158569 -0.987348 -0.000000
vn 0.158569 -0.987348 -0.000000
vn -0.915611 -0.402066 -0.000000
vn -0.915611 -0.402066 -0.000000
vn -0.915611 -0.402066 -0.000000
vn -0.915611 -0.402066 -0.000000
vn 0.081083 0.929054 -0.360949
vn 0.062752 0.931111 -0.359298
vn 0.072407 0.931800 -0.355675
vn 0.065660 0.936297 -0.345017
vn 0.078431 0.931164 -0.356065
vn 0.072596 0.934041 -0.349710
vn 0.078744 0.933503 -0.349817
vn 0.081022 0.935294 -0.344471
vn 0.081083 -0.929054 -0.360949
vn 0.072407 -0.931801 -0.355675
vn 0.062752 -0.931111 -0.359298
vn 0.065660 -0.936297 -0.345017
vn 0.078431 -0.931164 -0.356065
vn 0.072596 -0.934041 -0.349710
vn 0.078744 -0.933503 -0.349817
vn 0.081021 -0.935294 -0.344471
vn -0.422618 0.906308 -0.000000
vn -0.422618 0.906308 -0.000000
vn -0.422618 0.906308 -0.000000
vn -0.422619 0.906308 -0.000000
vn -0.422619 0.906308 -0.000000
vn -0.422620 0.906307 -0.000000
vn -0.422619 0.906307 -0.000000
vn 0.422618 -0.906308 -0.000000
vn 0.422618 -0.906308 -0.000000
vn 0.422618 -0.906308 -0.000000
vn 0.422619 -0.906308 -0.000000
vn 0.422618 -0.906308 -0.000000
vn 0.422619 -0.906307 -0.000000
vn 0.422619 -0.906307 -0.000000
vn -0.422618 -0.906308 -0.000000
vn -0.422618 -0.906308 -0.000000
vn -0.422618 -0.906308 -0.000000
vn -0.422619 -0.906308 -0.000000
vn -0.422619 -0.906308 -0.000000
vn -0.422620 -0.906307 -0.000000
vn -0.422619 -0.906307 -0.000000
vn 0.422618 0.906308 -0.000000
vn 0.422618 0.906308 -0.000000
vn 0.422618 0.906308 -0.000000
vn 0.422619 0.906308 -0.000000
vn 0.422618 0.906308 -0.000000
vn 0.422619 0.906307 -0.000000
vn 0.422619 0.906307 -0.000000
vn 0.877937 0.453746 0.152776
vn 0.851221 0.396931 0.343322
vn 0.851221 0.396931 0.343322
vn 0.851221 0.396931 0.343322
vn 0.894579 0.417149 0.160360
vn 0.851221 0.396931 0.343322
vn 0.878580 0.452668 -0.152280
vn 0.894579 0.417149 -0.160360
vn 0.851221 0.396931 -0.343321
vn 0.851221 0.396931 -0.343321
vn 0.851221 0.396931 -0.343321
vn 0.851221 0.396931 -0.343321
vn 0.914809 0.372417 -0.156300
vn 0.894579 0.417149 -0.160360
vn 0.914809 0.372417 0.156300
vn 0.894579 0.417149 0.160360
vn 0.877937 -0.453746 0.152776
vn 0.851221 -0.396931 0.343322
vn 0.851221 -0.396931 0.343322
vn 0.851221 -0.396931 0.343322
vn 0.894579 -0.417149 0.160360
vn 0.851221 -0.396931 0.343322
vn 0.878580 -0.452668 -0.152280
vn 0.894579 -0.417149 -0.160360
vn 0.851221 -0.396931 -0.343321
vn 0.851221 -0.396931 -0.343321
vn 0.851221 -0.396931 -0.343321
vn 0.851221 -0.396931 -0.343321
vn 0.914809 -0.372417 -0.156300
vn 0.894579 -0.417149 -0.160360
vn 0.914809 -0.372417 0.156300
vn 0.894579 -0.417149 0.160360
vn 0.906270 0.422601 -0.009140
vn 0.906270 0.422600 -0.009140
vn 0.906270 0.422600 -0.009140
vn 0.906270 0.422601 -0.009140
vn 0.906270 0.422600 -0.009139
vn 0.906270 0.422601 -0.009139
vn 0.906270 0.422600 -0.009139
vn 0.906270 0.422601 -0.009139
vn 0.906270 -0.422601 -0.009140
vn 0.906270 -0.422600 -0.009140
vn 0.906270 -0.422600 -0.009140
vn 0.906270 -0.422601 -0.009140
vn 0.906270 -0.422600 -0.009139
vn 0.906270 -0.422601 -0.009139
vn 0.906270 -0.422600 -0.009139
vn 0.906270 -0.422601 -0.009139
vn 0.081084 0.929054 0.360949
vn 0.078431 0.931164 0.356065
vn 0.072407 0.931801 0.355675
vn 0.062752 0.931111 0.359298
vn 0.081022 0.935294 0.344471
vn 0.072596 0.934041 0.349709
vn 0.078744 0.933503 0.349817
vn 0.065661 0.936297 0.345017
vn 0.081084 -0.929054 0.360949
vn 0.062752 -0.931111 0.359298
vn 0.072407 -0.931801 0.355675
vn 0.078431 -0.931164 0.356065
vn 0.072596 -0.934041 0.349709
vn 0.081022 -0.935294 0.344471
vn 0.065661 -0.936297 0.345017
vn 0.078744 -0.933503 0.349817
f 1/1/1 2/2/2 3/3/3
f 4/4/4 5/5/5 6/6/6
f 7/7/7 8/8/8 9/9/9
f 10/10/10 11/11/11 12/12/12
f 10/10/10 12/12/12 13/13/13
f 13/13/13 12/12/12 14/14/14
f 13/13/13 14/14/14 15/15/15
f 16/16/16 17/17/17 18/18/18
f 16/16/16 18/18/18 19/19/19
f 19/19/19 18/18/18 20/20/20
f 19/19/19 20/20/20 21/21/21
f 22/22/22 23/23/23 24/24/24
f 22/22/22 24/24/24 25/25/25
f 25/25/25 24/24/24 26/26/26
f 25/25/25 26/26/26 27/27/27
f 28/28/28 29/29/29 30/30/30
f 28/28/28 30/30/30 31/31/31
f 32/32/32 33/33/33 34/34/34
f 34/34/34 35/35/35 32/32/32
f 34/34/34 36/36/36 35/35/35
f 37/37/37 35/35/35 36/36/36
f 37/37/37 38/38/38 35/35/35
f 38/38/38 37/37/37 39/39/39
f 40/40/40 38/38/38 39/39/39
f 39/39/39 41/41/41 40/40/40
f 42/42/42 43/43/43 44/44/44
f 44/44/44 45/45/45 42/42/42
f 45/45/45 46/46/46 42/42/42
f 42/42/42 46/46/46 47/47/47
f 42/42/42 47/47/47 48/48/48
f 48/48/48 47/47/47 49/49/49
f 49/49/49 50/50/50 48/48/48
f 49/49/49 51/51/51 50/50/50
f 52/52/52 53/53/53 54/54/54
f 52/52/52 54/54/54 55/55/55
f 56/56/56 57/57/57 58/58/58
f 56/56/56 58/58/58 59/59/59
f 60/60/60 61/61/61 62/62/62
f 60/60/60 62/62/62 63/63/63
f 64/64/64 65/65/65 66/66/66
f 64/64/64 66/66/66 67/67/67
f 68/68/68 69/69/69 70/70/70
f 68/68/68 70/70/70 71/71/71
f 72/72/72 73/73/73 74/74/74
f 72/72/72 74/74/74 75/75/75
f 75/75/75 76/76/76 72/72/72
f 75/75/75 77/77/77 76/76/76
f 77/77/77 78/78/78 76/76/76
f 77/77/77 79/79/79 78/78/78
f 80/80/80 81/81/81 82/82/82
f 80/80/80 83/83/83 81/81/81
f 83/83/83 80/80/80 84/84/84
f 83/83/83 84/84/84 85/85/85
f 85/85/85 84/84/84 86/86/86
f 85/85/85 86/86/86 87/87/87
f 88/88/88 89/89/89 90/90/90
f 88/88/88 90/90/90 91/91/91
f 92/92/92 88/88/88 91/91/91
f 92/92/92 91/91/91 93/93/93
f 94/94/94 92/92/92 93/93/93
f 94/94/94 93/93/93 95/95/95
f 96/96/96 97/97/97 98/98/98
f 96/96/96 98/98/98 99/99/99
f 100/100/100 101/101/101 102/102/102
f 100/100/100 102/102/102 103/103/103
f 104/104/104 100/100/100 103/103/103
f 104/104/104 103/103/103 105/105/105
f 106/106/106 104/104/104 105/105/105
f 106/106/106 105/105/105 107/107/107
f 108/108/108 109/109/109 110/110/110
f 108/108/108 110/110/110 111/111/111
f 112/112/112 113/113/113 114/114/114
f 112/112/112 114/114/114 115/115/115
f 116/116/116 117/117/117 118/118/118
f 116/116/116 118/118/118 119/119/119
f 120/120/120 121/121/121 122/122/122
f 120/120/120 122/122/122 123/123/123
f 124/124/124 125/125/125 126/126/126
f 124/124/124 126/126/126 127/127/127
f 128/128/128 129/129/129 130/130/130
f 128/128/128 130/130/130 131/131/131
f 132/132/132 133/133/133 134/134/134
f 132/132/132 134/134/134 135/135/135
f 136/136/136 137/137/137 138/138/138
f 136/136/136 138/138/138 139/139/139
f 140/140/140 141/141/141 142/142/142
f 140/140/140 142/142/142 143/143/143
f 144/144/144 145/145/145 146/146/146
f 144/144/144 146/146/146 147/147/147
f 148/148/148 149/149/149 150/150/150
f 148/148/148 150/150/150 151/151/151
f 152/152/152 153/153/153 154/154/154
f 152/152/152 154/154/154 155/155/155
f 156/156/156 157/157/157 158/158/158
f 156/156/156 158/158/158 159/159/159
f 160/160/160 161/161/161 162/162/162
f 162/162/162 163/163/163 160/160/160
f 162/162/162 164/164/164 163/163/163
f 162/162/162 165/165/165 164/164/164
f 166/166/166 167/167/167 168/168/168
f 166/166/166 169/169/169 167/167/167
f 170/170/170 169/169/169 166/166/166
f 169/169/169 171/171/171 167/167/167
f 169/169/169 172/172/172 171/171/171
f 172/172/172 173/173/173 171/171/171
f 172/172/172 174/174/174 173/173/173
f 174/174/174 175/175/175 173/173/173
f 170/170/170 176/176/176 169/169/169
f 177/177/177 176/176/176 170/170/170
f 177/177/177 178/178/178 176/176/176
f 178/178/178 179/179/179 176/176/176
f 178/178/178 180/180/180 179/179/179
f 180/180/180 181/181/181 179/179/179
f 180/180/180 182/182/182 181/181/181
f 174/174/174 183/183/183 175/175/175
f 183/183/183 184/184/184 175/175/175
f 183/183/183 185/185/185 184/184/184
f 182/182/182 186/186/186 181/181/181
f 186/186/186 185/185/185 183/183/183
f 182/182/182 187/187/187 186/186/186
f 186/186/186 188/188/188 185/185/185
f 187/187/187 188/188/188 186/186/186
f 187/187/187 189/189/189 188/188/188
f 190/190/190 191/191/191 192/192/192
f 190/190/190 192/192/192 193/193/193
f 194/194/194 190/190/190 193/193/193
f 194/194/194 193/193/193 195/195/195
f 196/196/196 194/194/194 195/195/195
f 196/196/196 195/195/195 197/197/197
f 198/198/198 199/199/199 200/200/200
f 200/200/200 201/201/201 198/198/198
f 201/201/201 202/202/202 198/198/198
f 202/202/202 203/203/203 198/198/198
f 204/204/204 205/205/205 206/206/206
f 204/204/204 206/206/206 207/207/207
f 208/208/208 209/209/209 210/210/210
f 208/208/208 210/210/210 211/211/211
f 212/212/212 213/213/213 214/214/214
f 212/212/212 214/214/214 215/215/215
f 216/216/216 217/217/217 218/218/218
f 216/216/216 218/218/218 219/219/219
f 220/220/220 221/221/221 222/222/222
f 220/220/220 222/222/222 223/223/223
f 224/224/224 225/225/225 226/226/226
f 224/224/224 226/226/226 227/227/227
f 228/228/228 229/229/229 230/230/230
f 228/228/228 231/231/231 229/229/229
f 231/231/231 232/232/232 229/229/229
f 231/231/231 233/233/233 232/232/232
f 234/234/234 235/235/235 236/236/236
f 234/234/234 237/237/237 235/235/235
f 237/237/237 238/238/238 235/235/235
f 237/237/237 239/239/239 238/238/238
f 240/240/240 241/241/241 242/242/242
f 240/240/240 243/243/243 241/241/241
f 243/243/243 244/244/244 241/241/241
f 243/243/243 245/245/245 244/244/244
f 246/246/246 247/247/247 248/248/248
f 246/246/246 248/248/248 249/249/249
f 250/250/250 251/251/251 252/252/252
f 252/252/252 253/253/253 250/250/250
f 254/254/254 253/253/253 252/252/252
f 254/254/254 252/252/252 255/255/255
f 256/256/256 254/254/254 255/255/255
f 255/255/255 257/257/257 256/256/256
f 257/257/257 258/258/258 256/256/256
f 259/259/259 260/260/260 261/261/261
f 261/261/261 262/262/262 259/259/259
f 261/261/261 263/263/263 262/262/262
f 261/261/261 264/264/264 263/263/263
f 261/261/261 265/265/265 264/264/264
f 266/266/266 264/264/264 265/265/265
f 265/265/265 267/267/267 266/266/266
f 267/267/267 268/268/268 266/266/266
f 269/269/269 270/270/270 271/271/271
f 269/269/269 271/271/271 272/272/272
f 273/273/273 274/274/274 275/275/275
f 273/273/273 275/275/275 276/276/276
f 277/277/277 278/278/278 279/279/279
f 277/277/277 279/279/279 280/280/280
f 281/281/281 282/282/282 283/283/283
f 281/281/281 283/283/283 284/284/284
f 285/285/285 286/286/286 287/287/287
f 285/285/285 287/287/287 288/288/288
f 289/289/289 290/290/290 291/291/291
f 289/289/289 292/292/292 290/290/290
f 292/292/292 289/289/289 293/293/293
f 292/292/292 293/293/293 294/294/294
f 294/294/294 293/293/293 295/295/295
f 294/294/294 295/295/295 296/296/296
f 297/297/297 298/298/298 299/299/299
f 297/297/297 299/299/299 300/300/300
f 300/300/300 301/301/301 297/297/297
f 300/300/300 302/302/302 301/301/301
f 302/302/302 303/303/303 301/301/301
f 302/302/302 304/304/304 303/303/303
f 305/305/305 306/306/306 307/307/307
f 305/305/305 308/308/308 306/306/306
f 309/309/309 308/308/308 305/305/305
f 309/309/309 310/310/310 308/308/308
f 311/311/311 310/310/310 309/309/309
f 311/311/311 312/312/312 310/310/310
f 313/313/313 314/314/314 315/315/315
f 313/313/313 315/315/315 316/316/316
f 317/317/317 318/318/318 319/319/319
f 317/317/317 320/320/320 318/318/318
f 321/321/321 320/320/320 317/317/317
f 321/321/321 322/322/322 320/320/320
f 323/323/323 322/322/322 321/321/321
f 323/323/323 324/324/324 322/322/322
f 325/325/325 326/326/326 327/327/327
f 325/325/325 327/327/327 328/328/328
f 329/329/329 330/330/330 331/331/331
f 329/329/329 331/331/331 332/332/332
f 333/333/333 334/334/334 335/335/335
f 333/333/333 335/335/335 336/336/336
f 337/337/337 338/338/338 339/339/339
f 337/337/337 339/339/339 340/340/340
f 341/341/341 342/342/342 343/343/343
f 341/341/341 343/343/343 344/344/344
f 345/345/345 346/346/346 347/347/347
f 345/345/345 347/347/347 348/348/348
f 349/349/349 350/350/350 351/351/351
f 349/349/349 351/351/351 352/352/352
f 353/353/353 354/354/354 355/355/355
f 353/353/353 355/355/355 356/356/356
f 357/357/357 358/358/358 359/359/359
f 357/357/357 359/359/359 360/360/360
f 361/361/361 362/362/362 363/363/363
f 361/361/361 363/363/363 364/364/364
f 365/365/365 366/366/366 367/367/367
f 365/365/365 367/367/367 368/368/368
f 369/369/369 370/370/370 371/371/371
f 369/369/369 371/371/371 372/372/372
f 373/373/373 374/374/374 375/375/375
f 373/373/373 375/375/375 376/376/376
f 377/377/377 378/378/378 379/379/379
f 379/379/379 380/380/380 377/377/377
f 379/379/379 381/381/381 380/380/380
f 379/379/379 382/382/382 381/381/381
f 383/383/383 384/384/384 385/385/385
f 383/383/383 385/385/385 386/386/386
f 387/387/387 383/383/383 386/386/386
f 386/386/386 385/385/385 388/388/388
f 386/386/386 388/388/388 389/389/389
f 389/389/389 388/388/388 390/390/390
f 389/389/389 390/390/390 391/391/391
f 391/391/391 390/390/390 392/392/392
f 387/387/387 386/386/386 393/393/393
f 394/394/394 387/387/387 393/393/393
f 394/394/394 393/393/393 395/395/395
f 395/395/395 393/393/393 396/396/396
f 395/395/395 396/396/396 397/397/397
f 397/397/397 396/396/396 398/398/398
f 397/397/397 398/398/398 399/399/399
f 391/391/391 392/392/392 400/400/400
f 400/400/400 392/392/392 401/401/401
f 400/400/400 401/401/401 402/402/402
f 399/399/399 398/398/398 403/403/403
f 403/403/403 400/400/400 402/402/402
f 399/399/399 403/403/403 404/404/404
f 403/403/403 402/402/402 405/405/405
f 404/404/404 403/403/403 405/405/405
f 404/404/404 405/405/405 406/406/406
f 407/407/407 408/408/408 409/409/409
f 407/407/407 410/410/410 408/408/408
f 411/411/411 410/410/410 407/407/407
f 411/411/411 412/412/412 410/410/410
f 413/413/413 412/412/412 411/411/411
f 413/413/413 414/414/414 412/412/412
f 415/415/415 416/416/416 417/417/417
f 417/417/417 418/418/418 415/415/415
f 418/418/418 419/419/419 415/415/415
f 419/419/419 420/420/420 415/415/415
f 421/421/421 422/422/422 423/423/423
f 421/421/421 423/423/423 424/424/424
f 425/425/425 426/426/426 427/427/427
f 425/425/425 427/427/427 428/428/428
f 429/429/429 430/430/430 431/431/431
f 429/429/429 431/431/431 432/432/432
f 433/433/433 434/434/434 435/435/435
f 433/433/433 435/435/435 436/436/436
f 437/437/437 438/438/438 439/439/439
f 437/437/437 439/439/439 440/440/440
f 441/441/441 442/442/442 443/443/443
f 441/441/441 443/443/443 444/444/444
f 445/445/445 446/446/446 447/447/447
f 445/445/445 447/447/447 448/448/448
f 449/449/449 450/450/450 451/451/451
f 449/449/449 452/452/452 450/450/450
f 453/453/453 450/450/450 452/452/452
f 453/453/453 452/452/452 454/454/454
f 455/455/455 456/456/456 457/457/457
f 455/455/455 457/457/457 458/458/458
f 459/459/459 460/460/460 461/461/461
f 459/459/459 461/461/461 462/462/462
f 463/463/463 464/464/464 465/465/465
f 463/463/463 465/465/465 466/466/466
f 467/467/467 468/468/468 469/469/469
f 467/467/467 469/469/469 470/470/470
f 471/471/471 472/472/472 473/473/473
f 471/471/471 473/473/473 474/474/474
f 475/475/475 476/476/476 477/477/477
f 475/475/475 478/478/478 476/476/476
f 479/479/479 476/476/476 478/478/478
f 479/479/479 478/478/478 480/480/480
f 481/481/481 482/482/482 483/483/483
f 481/481/481 483/483/483 484/484/484
f 485/485/485 486/486/486 487/487/487
f 485/485/485 487/487/487 488/488/488
f 489/489/489 490/490/490 491/491/491
f 489/489/489 491/491/491 492/492/492
f 493/493/493 494/494/494 495/495/495
f 493/493/493 495/495/495 496/496/496
f 497/497/497 498/498/498 499/499/499
f 497/497/497 499/499/499 500/500/500
f 501/501/501 502/502/502 503/503/503
f 501/501/501 503/503/503 504/504/504
f 505/505/505 506/506/506 507/507/507
f 505/505/505 507/507/507 508/508/508
f 508/508/508 509/509/509 505/505/505
f 508/508/508 510/510/510 509/509/509
f 511/511/511 512/512/512 513/513/513
f 511/511/511 513/513/513 514/514/514
f 515/515/515 516/516/516 517/517/517
f 515/515/515 517/517/517 518/518/518
f 519/519/519 520/520/520 521/521/521
f 519/519/519 521/521/521 522/522/522
f 523/523/523 524/524/524 525/525/525
f 523/523/523 525/525/525 526/526/526
f 527/527/527 528/528/528 529/529/529
f 527/527/527 529/529/529 530/530/530
f 531/531/531 532/532/532 533/533/533
f 531/531/531 533/533/533 534/534/534
f 535/535/535 534/534/534 533/533/533
f 535/535/535 536/536/536 534/534/534
f 537/537/537 538/538/538 539/539/539
f 537/537/537 539/539/539 540/540/540
f 541/541/541 542/542/542 543/543/543
f 541/541/541 543/543/543 544/544/544
f 545/545/545 546/546/546 547/547/547
f 545/545/545 547/547/547 548/548/548
f 549/549/549 550/550/550 551/551/551
f 549/549/549 551/551/551 552/552/552
f 553/553/553 554/554/554 555/555/555
f 553/553/553 555/555/555 556/556/556
f 557/557/557 558/558/558 559/559/559
f 557/557/557 559/559/559 560/560/560
f 561/561/561 560/560/560 559/559/559
f 561/561/561 562/562/562 560/560/560
f 563/563/563 564/564/564 565/565/565
f 563/563/563 565/565/565 566/566/566
f 567/567/567 568/568/568 569/569/569
f 567/567/567 569/569/569 570/570/570
f 571/571/571 572/572/572 573/573/573
f 571/571/571 573/573/573 574/574/574
f 575/575/575 576/576/576 577/577/577
f 575/575/575 577/577/577 578/578/578
f 579/579/579 580/580/580 581/581/581
f 579/579/579 581/581/581 582/582/582
f 583/583/583 584/584/584 585/585/585
f 583/583/583 585/585/585 586/586/586
f 587/587/587 588/588/588 589/589/589
f 587/587/587 590/590/590 588/588/588
f 590/590/590 587/587/587 591/591/591
f 590/590/590 591/591/591 592/592/592
f 593/593/593 594/594/594 595/595/595
f 593/593/593 595/595/595 596/596/596
f 597/597/597 598/598/598 599/599/599
f 597/597/597 599/599/599 600/600/600
f 601/601/601 602/602/602 603/603/603
f 601/601/601 603/603/603 604/604/604
f 605/605/605 606/606/606 607/607/607
f 605/605/605 607/607/607 608/608/608
f 609/609/609 610/610/610 611/611/611
f 609/609/609 611/611/611 612/612/612
f 613/613/613 609/609/609 612/612/612
f 613/613/613 612/612/612 614/614/614
f 615/615/615 613/613/613 614/614/614
f 615/615/615 614/614/614 616/616/616
f 617/617/617 618/618/618 619/619/619
f 617/617/617 619/619/619 620/620/620
f 621/621/621 622/622/622 623/623/623
f 621/621/621 623/623/623 624/624/624
f 625/625/625 626/626/626 627/627/627
f 625/625/625 627/627/627 628/628/628
f 629/629/629 625/625/625 628/628/628
f 629/629/629 628/628/628 630/630/630
f 631/631/631 632/632/632 633/633/633
f 631/631/631 633/633/633 634/634/634
f 635/635/635 634/634/634 633/633/633
f 635/635/635 636/636/636 634/634/634
f 636/636/636 635/635/635 637/637/637
f 636/636/636 637/637/637 638/638/638
f 639/639/639 640/640/640 641/641/641
f 639/639/639 641/641/641 642/642/642
f 643/643/643 644/644/644 645/645/645
f 643/643/643 645/645/645 646/646/646
f 647/647/647 648/648/648 649/649/649
f 647/647/647 649/649/649 650/650/650
f 651/651/651 652/652/652 653/653/653
f 651/651/651 653/653/653 654/654/654
f 655/655/655 656/656/656 657/657/657
f 655/655/655 657/657/657 658/658/658
f 658/658/658 659/659/659 655/655/655
f 658/658/658 660/660/660 659/659/659
f 659/659/659 660/660/660 661/661/661
f 659/659/659 661/661/661 662/662/662
f 663/663/663 664/664/664 665/665/665
f 665/665/665 666/666/666 663/663/663
f 666/666/666 667/667/667 663/663/663
f 666/666/666 668/668/668 667/667/667
f 669/669/669 670/670/670 671/671/671
f 669/669/669 672/672/672 670/670/670
f 673/673/673 672/672/672 669/669/669
f 673/673/673 674/674/674 672/672/672
f 675/675/675 674/674/674 673/673/673
f 675/675/675 676/676/676 674/674/674
f 677/677/677 678/678/678 679/679/679
f 677/677/677 679/679/679 680/680/680
f 681/681/681 682/682/682 683/683/683
f 681/681/681 683/683/683 684/684/684
f 685/685/685 686/686/686 687/687/687
f 685/685/685 688/688/688 686/686/686
f 689/689/689 688/688/688 685/685/685
f 689/689/689 690/690/690 688/688/688
f 691/691/691 692/692/692 693/693/693
f 691/691/691 694/694/694 692/692/692
f 695/695/695 692/692/692 694/694/694
f 695/695/695 694/694/694 696/696/696
f 696/696/696 697/697/697 695/695/695
f 696/696/696 698/698/698 697/697/697
f 699/699/699 700/700/700 701/701/701
f 699/699/699 701/701/701 702/702/702
f 703/703/703 704/704/704 705/705/705
f 703/703/703 705/705/705 706/706/706
f 707/707/707 708/708/708 709/709/709
f 707/707/707 709/709/709 710/710/710
f 711/711/711 712/712/712 713/713/713
f 711/711/711 713/713/713 714/714/714
f 715/715/715 716/716/716 717/717/717
f 715/715/715 718/718/718 716/716/716
f 718/718/718 715/715/715 719/719/719
f 718/718/718 719/719/719 720/720/720
f 719/719/719 721/721/721 720/720/720
f 719/719/719 722/722/722 721/721/721
f 723/723/723 724/724/724 725/725/725
f 725/725/725 726/726/726 723/723/723
f 725/725/725 727/727/727 726/726/726
f 725/725/725 728/728/728 727/727/727
f 729/729/729 730/730/730 731/731/731
f 729/729/729 731/731/731 732/732/732
f 733/733/733 734/734/734 735/735/735
f 733/733/733 735/735/735 736/736/736
f 737/737/737 738/738/738 739/739/739
f 737/737/737 739/739/739 740/740/740
f 741/741/741 742/742/742 743/743/743
f 741/741/741 743/743/743 744/744/744
f 745/745/745 746/746/746 747/747/747
f 745/745/745 748/748/748 746/746/746
f 748/748/748 749/749/749 746/746/746
f 748/748/748 750/750/750 749/749/749
f 751/751/751 752/752/752 753/753/753
f 751/751/751 753/753/753 754/754/754
f 755/755/755 756/756/756 757/757/757
f 756/756/756 755/755/755 758/758/758
f 759/759/759 760/760/760 761/761/761
f 760/760/760 762/762/762 761/761/761
f 763/763/763 764/764/764 765/765/765
f 764/764/764 766/766/766 765/765/765
f 767/767/767 768/768/768 769/769/769
f 767/767/767 769/769/769 770/770/770
f 771/771/771 767/767/767 770/770/770
f 771/771/771 770/770/770 772/772/772
f 773/773/773 774/774/774 775/775/775
f 773/773/773 775/775/775 776/776/776
f 777/777/777 778/778/778 779/779/779
f 777/777/777 780/780/780 778/778/778
f 780/780/780 777/777/777 781/781/781
f 780/780/780 781/781/781 782/782/782
f 783/783/783 784/784/784 785/785/785
f 783/783/783 786/786/786 784/784/784
f 787/787/787 784/784/784 786/786/786
f 787/787/787 788/788/788 784/784/784
f 789/789/789 790/790/790 791/791/791
f 789/789/789 791/791/791 792/792/792
f 793/793/793 794/794/794 795/795/795
f 793/793/793 795/795/795 796/796/796
f 797/797/797 796/796/796 795/795/795
f 797/797/797 795/795/795 798/798/798
f 799/799/799 797/797/797 798/798/798
f 799/799/799 800/800/800 797/797/797
f 800/800/800 801/801/801 797/797/797
f 800/800/800 802/802/802 801/801/801
f 797/797/797 801/801/801 803/803/803
f 797/797/797 803/803/803 804/804/804
f 805/805/805 804/804/804 803/803/803
f 805/805/805 806/806/806 804/804/804
f 807/807/807 808/808/808 809/809/809
f 807/807/807 809/809/809 810/810/810
f 811/811/811 812/812/812 813/813/813
f 811/811/811 813/813/813 814/814/814
f 815/815/815 816/816/816 817/817/817
f 815/815/815 817/817/817 818/818/818
f 819/819/819 820/820/820 821/821/821
f 819/819/819 821/821/821 822/822/822
f 823/823/823 822/822/822 821/821/821
f 823/823/823 824/824/824 822/822/822
f 824/824/824 823/823/823 825/825/825
f 824/824/824 825/825/825 826/826/826
f 827/827/827 826/826/826 825/825/825
f 827/827/827 828/828/828 826/826/826
f 829/829/829 830/830/830 831/831/831
f 829/829/829 831/831/831 832/832/832
f 833/833/833 834/834/834 835/835/835
f 833/833/833 835/835/835 836/836/836
f 837/837/837 838/838/838 839/839/839
f 837/837/837 839/839/839 840/840/840
f 841/841/841 842/842/842 843/843/843
f 841/841/841 843/843/843 844/844/844
f 845/845/845 846/846/846 847/847/847
f 848/848/848 847/847/847 846/846/846
f 845/845/845 847/847/847 849/849/849
f 848/848/848 850/850/850 847/847/847
f 851/851/851 845/845/845 849/849/849
f 852/852/852 850/850/850 848/848/848
f 852/852/852 851/851/851 850/850/850
f 851/851/851 852/852/852 845/845/845
f 853/853/853 854/854/854 855/855/855
f 856/856/856 855/855/855 854/854/854
f 853/853/853 857/857/857 854/854/854
f 856/856/856 854/854/854 858/858/858
f 859/859/859 857/857/857 853/853/853
f 860/860/860 856/856/856 858/858/858
f 860/860/860 858/858/858 859/859/859
f 859/859/859 853/853/853 860/860/860
f 861/861/861 862/862/862 863/863/863
f 864/864/864 862/862/862 861/861/861
f 863/863/863 862/862/862 865/865/865
f 866/866/866 862/862/862 864/864/864
f 867/867/867 865/865/865 862/862/862
f 862/862/862 866/866/866 867/867/867
f 868/868/868 869/869/869 870/870/870
f 871/871/871 869/869/869 868/868/868
f 870/870/870 869/869/869 872/872/872
f 873/873/873 869/869/869 871/871/871
f 869/869/869 874/874/874 872/872/872
f 874/874/874 869/869/869 873/873/873
f 875/875/875 876/876/876 877/877/877
f 878/878/878 875/875/875 877/877/877
f 876/876/876 879/879/879 877/877/877
f 880/880/880 878/878/878 877/877/877
f 881/881/881 877/877/877 879/879/879
f 877/877/877 881/881/881 880/880/880
f 882/882/882 883/883/883 884/884/884
f 885/885/885 882/882/882 884/884/884
f 883/883/883 886/886/886 884/884/884
f 887/887/887 885/885/885 884/884/884
f 884/884/884 886/886/886 888/888/888
f 888/888/888 887/887/887 884/884/884
f 889/889/889 890/890/890 891/891/891
f 892/892/892 891/891/891 890/890/890
f 889/889/889 893/893/893 890/890/890
f 892/892/892 890/890/890 894/894/894
f 893/893/893 889/889/889 895/895/895
f 893/893/893 895/895/895 896/896/896
f 896/896/896 895/895/895 897/897/897
f 896/896/896 897/897/897 898/898/898
f 898/898/898 897/897/897 899/899/899
f 898/898/898 899/899/899 900/900/900
f 900/900/900 899/899/899 901/901/901
f 900/900/900 901/901/901 902/902/902
f 894/894/894 903/903/903 892/892/892
f 903/903/903 902/902/902 901/901/901
f 894/894/894 904/904/904 903/903/903
f 903/903/903 904/904/904 902/902/902
f 905/905/905 906/906/906 907/907/907
f 908/908/908 907/907/907 906/906/906
f 905/905/905 907/907/907 909/909/909
f 908/908/908 910/910/910 907/907/907
f 909/909/909 911/911/911 905/905/905
f 909/909/909 912/912/912 911/911/911
f 912/912/912 913/913/913 911/911/911
f 912/912/912 914/914/914 913/913/913
f 914/914/914 915/915/915 913/913/913
f 914/914/914 916/916/916 915/915/915
f 916/916/916 917/917/917 915/915/915
f 916/916/916 918/918/918 917/917/917
f 910/910/910 908/908/908 919/919/919
f 919/919/919 917/917/917 918/918/918
f 910/910/910 919/919/919 920/920/920
f 919/919/919 918/918/918 920/920/920
f 921/921/921 922/922/922 923/923/923
f 921/921/921 923/923/923 924/924/924
f 922/922/922 925/925/925 923/923/923
f 926/926/926 921/921/921 924/924/924
f 922/922/922 927/927/927 925/925/925
f 926/926/926 924/924/924 928/928/928
f 927/927/927 926/926/926 928/928/928
f 927/927/927 928/928/928 925/925/925
f 929/929/929 930/930/930 931/931/931
f 929/929/929 932/932/932 930/930/930
f 931/931/931 930/930/930 933/933/933
f 934/934/934 932/932/932 929/929/929
f 931/931/931 933/933/933 935/935/935
f 934/934/934 936/936/936 932/932/932
f 935/935/935 933/933/933 936/936/936
f 935/935/935 936/936/936 934/934/934
f 937/937/937 938/938/938 939/939/939
f 937/937/937 939/939/939 940/940/940
f 941/941/941 938/938/938 937/937/937
f 942/942/942 940/940/940 939/939/939
f 941/941/941 943/943/943 938/938/938
f 942/942/942 944/944/944 940/940/940
f 943/943/943 941/941/941 944/944/944
f 943/943/943 944/944/944 942/942/942
f 945/945/945 946/946/946 947/947/947
f 945/945/945 947/947/947 948/948/948
f 949/949/949 947/947/947 946/946/946
f 950/950/950 945/945/945 948/948/948
f 949/949/949 946/946/946 951/951/951
f 950/950/950 948/948/948 952/952/952
f 952/952/952 949/949/949 951/951/951
f 952/952/952 951/951/951 950/950/950
