# Unturned item rip -> Godot (X+Z negated, winding reversed, RH Y-up)
v 0.100000 -0.010000 0.020000
v 0.095000 -0.010000 0.019005
v 0.100000 -0.010000 0.020000
v 0.099754 0.010000 0.022500
v 0.097500 0.010000 0.022500
v 0.094512 0.010000 0.021457
v 0.100000 -0.010000 -0.020000
v 0.100000 0.010000 -0.020000
v 0.100000 -0.010000 -0.080000
v 0.100000 0.010000 -0.080000
v 0.095000 -0.010000 -0.090000
v 0.095000 0.010000 -0.090000
v 0.080000 0.010000 -0.100000
v 0.010000 0.010000 -0.100000
v 0.010000 -0.010000 -0.100000
v 0.080000 -0.010000 -0.100000
v 0.090000 0.010000 -0.095000
v 0.090000 -0.010000 -0.095000
v 0.092945 0.010000 -0.088519
v 0.097500 0.010000 -0.079410
v 0.094512 0.010000 -0.021457
v 0.097500 0.010000 -0.022052
v 0.088519 0.010000 -0.092945
v 0.092945 0.010000 -0.088519
v 0.088611 0.010000 -0.018988
v 0.091371 0.010000 -0.020833
v 0.094512 0.010000 -0.021457
v 0.090000 -0.010000 -0.095000
v 0.085858 -0.010000 -0.014142
v 0.090000 -0.010000 -0.016910
v 0.080000 -0.010000 -0.100000
v 0.081522 -0.010000 -0.007654
v 0.080000 -0.010000 -0.000000
v 0.080000 -0.010000 0.100000
v 0.081522 -0.010000 0.007654
v 0.085858 -0.010000 0.014142
v 0.090000 -0.010000 0.095000
v 0.090000 -0.010000 0.016910
v 0.010000 -0.010000 -0.100000
v 0.010000 0.010000 -0.100000
v 0.009239 -0.010000 -0.096173
v 0.009239 0.010000 -0.096173
v 0.007071 -0.010000 -0.092929
v 0.007071 0.010000 -0.092929
v 0.003827 -0.010000 -0.090761
v 0.003827 0.010000 -0.090761
v -0.000000 -0.010000 -0.090000
v -0.000000 0.010000 -0.090000
v -0.003827 -0.010000 -0.090761
v -0.003827 0.010000 -0.090761
v -0.007071 -0.010000 -0.092929
v -0.007071 0.010000 -0.092929
v -0.009239 -0.010000 -0.096173
v -0.009239 0.010000 -0.096173
v -0.009239 -0.010000 -0.096173
v -0.009239 0.010000 -0.096173
v -0.010000 -0.010000 -0.100000
v -0.010000 0.010000 -0.100000
v 0.003536 -0.010000 -0.078536
v 0.003536 0.010000 -0.078536
v 0.005000 -0.010000 -0.075000
v 0.005000 0.010000 -0.075000
v -0.000000 -0.010000 -0.080000
v -0.000000 0.010000 -0.080000
v 0.003536 -0.010000 -0.078536
v 0.003536 0.010000 -0.078536
v 0.100000 -0.010000 0.020000
v 0.100000 -0.010000 0.020000
v 0.100000 0.010000 0.020000
v 0.100000 0.010000 0.020000
v 0.095000 -0.010000 0.019005
v 0.095000 0.010000 0.019005
v 0.092346 -0.010000 0.018478
v 0.092346 0.010000 0.018478
v 0.090000 -0.010000 0.016910
v 0.090000 0.010000 0.016910
v 0.085858 -0.010000 0.014142
v 0.085858 0.010000 0.014142
v 0.081522 -0.010000 0.007654
v 0.081522 0.010000 0.007654
v 0.005000 -0.010000 -0.075000
v 0.005000 0.010000 -0.075000
v 0.003536 -0.010000 -0.071464
v 0.003536 0.010000 -0.071464
v -0.003536 -0.010000 -0.078536
v -0.003536 0.010000 -0.078536
v -0.000000 -0.010000 -0.080000
v -0.000000 0.010000 -0.080000
v 0.081522 -0.010000 0.007654
v 0.081522 0.010000 0.007654
v 0.080000 -0.010000 -0.000000
v 0.080000 0.010000 0.000000
v 0.081522 -0.010000 -0.007654
v 0.081522 0.010000 -0.007654
v 0.085858 -0.010000 -0.014142
v 0.085858 0.010000 -0.014142
v 0.090000 -0.010000 -0.016910
v 0.090000 0.010000 -0.016910
v 0.092346 -0.010000 -0.018478
v 0.092346 0.010000 -0.018478
v 0.095000 -0.010000 -0.019005
v 0.095000 0.010000 -0.019005
v 0.100000 0.010000 -0.020000
v 0.100000 -0.010000 -0.020000
v 0.003536 -0.010000 -0.071464
v 0.003536 0.010000 -0.071464
v -0.000000 -0.010000 -0.070000
v -0.000000 0.010000 -0.070000
v -0.005000 -0.010000 -0.075000
v -0.005000 0.010000 -0.075000
v -0.003536 -0.010000 -0.078536
v -0.003536 0.010000 -0.078536
v -0.000000 -0.010000 -0.070000
v -0.000000 0.010000 -0.070000
v -0.003536 -0.010000 -0.071464
v -0.003536 0.010000 -0.071464
v -0.003536 -0.010000 -0.071464
v -0.003536 0.010000 -0.071464
v -0.005000 -0.010000 -0.075000
v -0.005000 0.010000 -0.075000
v 0.079410 0.010000 -0.097500
v 0.088519 0.010000 -0.092945
v 0.088611 0.010000 -0.018988
v 0.084055 0.010000 -0.015945
v 0.079167 0.010000 -0.008629
v 0.077451 0.010000 0.000000
v 0.079167 0.010000 0.008629
v 0.079410 0.010000 0.097500
v 0.084055 0.010000 0.015945
v 0.088611 0.010000 0.018988
v 0.088519 0.010000 0.092945
v 0.003536 -0.010000 -0.053536
v 0.003536 0.010000 -0.053536
v 0.005000 -0.010000 -0.050000
v 0.005000 0.010000 -0.050000
v -0.000000 -0.010000 -0.055000
v -0.000000 0.010000 -0.055000
v 0.003536 -0.010000 -0.053536
v 0.003536 0.010000 -0.053536
v 0.005000 -0.010000 -0.050000
v 0.005000 0.010000 -0.050000
v 0.003536 -0.010000 -0.046464
v 0.003536 0.010000 -0.046464
v -0.003536 -0.010000 -0.053536
v -0.003536 0.010000 -0.053536
v -0.000000 -0.010000 -0.055000
v -0.000000 0.010000 -0.055000
v 0.100000 0.010000 0.080000
v 0.100000 0.010000 0.020000
v 0.100000 -0.010000 0.020000
v 0.100000 -0.010000 0.080000
v 0.095000 0.010000 0.090000
v 0.095000 -0.010000 0.090000
v 0.003536 -0.010000 -0.046464
v 0.003536 0.010000 -0.046464
v -0.000000 -0.010000 -0.045000
v -0.000000 0.010000 -0.045000
v -0.005000 -0.010000 -0.050000
v -0.005000 0.010000 -0.050000
v -0.003536 -0.010000 -0.053536
v -0.003536 0.010000 -0.053536
v -0.000000 -0.010000 -0.045000
v -0.000000 0.010000 -0.045000
v -0.003536 -0.010000 -0.046464
v -0.003536 0.010000 -0.046464
v -0.003536 -0.010000 -0.046464
v -0.003536 0.010000 -0.046464
v -0.005000 -0.010000 -0.050000
v -0.005000 0.010000 -0.050000
v 0.003536 -0.010000 -0.028536
v 0.003536 0.010000 -0.028536
v 0.005000 -0.010000 -0.025000
v 0.005000 0.010000 -0.025000
v -0.000000 -0.010000 -0.030000
v -0.000000 0.010000 -0.030000
v 0.003536 -0.010000 -0.028536
v 0.003536 0.010000 -0.028536
v 0.005000 -0.010000 -0.025000
v 0.005000 0.010000 -0.025000
v 0.003536 -0.010000 -0.021464
v 0.003536 0.010000 -0.021464
v -0.003536 -0.010000 -0.028536
v -0.003536 0.010000 -0.028536
v -0.000000 -0.010000 -0.030000
v -0.000000 0.010000 -0.030000
v 0.003536 -0.010000 -0.021464
v 0.003536 0.010000 -0.021464
v -0.000000 -0.010000 -0.020000
v -0.000000 0.010000 -0.020000
v -0.005000 -0.010000 -0.025000
v -0.005000 0.010000 -0.025000
v -0.003536 -0.010000 -0.028536
v -0.003536 0.010000 -0.028536
v -0.000000 -0.010000 -0.020000
v -0.000000 0.010000 -0.020000
v -0.003536 -0.010000 -0.021464
v -0.003536 0.010000 -0.021464
v -0.003536 -0.010000 -0.021464
v -0.003536 0.010000 -0.021464
v -0.005000 -0.010000 -0.025000
v -0.005000 0.010000 -0.025000
v 0.095000 -0.010000 0.090000
v 0.100000 -0.010000 0.080000
v 0.095000 -0.010000 0.019005
v 0.100000 -0.010000 0.020000
v 0.003536 -0.010000 -0.003536
v 0.003536 0.010000 -0.003536
v 0.005000 -0.010000 -0.000000
v 0.005000 0.010000 0.000000
v -0.000000 -0.010000 -0.005000
v -0.000000 0.010000 -0.005000
v 0.003536 -0.010000 -0.003536
v 0.003536 0.010000 -0.003536
v -0.010000 -0.010000 -0.100000
v -0.010000 0.010000 -0.100000
v -0.230000 -0.010000 -0.100000
v -0.230000 0.010000 -0.100000
v -0.240000 -0.010000 -0.095000
v -0.240000 0.010000 -0.095000
v 0.005000 -0.010000 -0.000000
v 0.005000 0.010000 0.000000
v 0.003536 -0.010000 0.003536
v 0.003536 0.010000 0.003536
v -0.003536 -0.010000 -0.003536
v -0.003536 0.010000 -0.003536
v -0.000000 -0.010000 -0.005000
v -0.000000 0.010000 -0.005000
v 0.090000 -0.010000 0.095000
v 0.095000 -0.010000 0.090000
v 0.090000 -0.010000 0.016910
v 0.092346 -0.010000 0.018478
v 0.095000 -0.010000 0.019005
v 0.090000 -0.010000 0.095000
v 0.090000 0.010000 0.095000
v 0.095000 -0.010000 0.090000
v 0.095000 0.010000 0.090000
v 0.003536 -0.010000 0.003536
v 0.003536 0.010000 0.003536
v -0.000000 -0.010000 0.005000
v -0.000000 0.010000 0.005000
v -0.005000 -0.010000 -0.000000
v -0.005000 0.010000 0.000000
v -0.003536 -0.010000 -0.003536
v -0.003536 0.010000 -0.003536
v -0.000000 -0.010000 0.005000
v -0.000000 0.010000 0.005000
v -0.003536 -0.010000 0.003536
v -0.003536 0.010000 0.003536
v -0.003536 -0.010000 0.003536
v -0.003536 0.010000 0.003536
v -0.005000 -0.010000 -0.000000
v -0.005000 0.010000 0.000000
v 0.080000 -0.010000 0.100000
v 0.080000 0.010000 0.100000
v 0.090000 -0.010000 0.095000
v 0.090000 0.010000 0.095000
v 0.092945 0.010000 0.088519
v 0.094512 0.010000 0.021457
v 0.097500 0.010000 0.079410
v 0.097500 0.010000 0.022500
v 0.003536 -0.010000 0.021464
v 0.003536 0.010000 0.021464
v 0.005000 -0.010000 0.025000
v 0.005000 0.010000 0.025000
v -0.000000 -0.010000 0.020000
v -0.000000 0.010000 0.020000
v 0.003536 -0.010000 0.021464
v 0.003536 0.010000 0.021464
v 0.005000 -0.010000 0.025000
v 0.005000 0.010000 0.025000
v 0.003536 -0.010000 0.028536
v 0.003536 0.010000 0.028536
v -0.003536 -0.010000 0.021464
v -0.003536 0.010000 0.021464
v -0.000000 -0.010000 0.020000
v -0.000000 0.010000 0.020000
v 0.003536 -0.010000 0.028536
v 0.003536 0.010000 0.028536
v -0.000000 -0.010000 0.030000
v -0.000000 0.010000 0.030000
v -0.005000 -0.010000 0.025000
v -0.005000 0.010000 0.025000
v -0.003536 -0.010000 0.021464
v -0.003536 0.010000 0.021464
v 0.088519 0.010000 0.092945
v 0.088611 0.010000 0.018988
v 0.092945 0.010000 0.088519
v 0.091371 0.010000 0.020833
v 0.094512 0.010000 0.021457
v -0.000000 -0.010000 0.030000
v -0.000000 0.010000 0.030000
v -0.003536 -0.010000 0.028536
v -0.003536 0.010000 0.028536
v -0.003536 -0.010000 0.028536
v -0.003536 0.010000 0.028536
v -0.005000 -0.010000 0.025000
v -0.005000 0.010000 0.025000
v 0.003536 -0.010000 0.046464
v 0.003536 0.010000 0.046464
v 0.005000 -0.010000 0.050000
v 0.005000 0.010000 0.050000
v -0.000000 -0.010000 0.045000
v -0.000000 0.010000 0.045000
v 0.003536 -0.010000 0.046464
v 0.003536 0.010000 0.046464
v 0.005000 -0.010000 0.050000
v 0.005000 0.010000 0.050000
v 0.003536 -0.010000 0.053536
v 0.003536 0.010000 0.053536
v -0.003536 -0.010000 0.046464
v -0.003536 0.010000 0.046464
v -0.000000 -0.010000 0.045000
v -0.000000 0.010000 0.045000
v 0.003536 -0.010000 0.053536
v 0.003536 0.010000 0.053536
v -0.000000 -0.010000 0.055000
v -0.000000 0.010000 0.055000
v -0.005000 -0.010000 0.050000
v -0.005000 0.010000 0.050000
v -0.003536 -0.010000 0.046464
v -0.003536 0.010000 0.046464
v 0.010000 -0.010000 0.100000
v 0.010000 0.010000 0.100000
v 0.080000 -0.010000 0.100000
v 0.080000 0.010000 0.100000
v -0.000000 -0.010000 0.055000
v -0.000000 0.010000 0.055000
v -0.003536 -0.010000 0.053536
v -0.003536 0.010000 0.053536
v -0.003536 -0.010000 0.053536
v -0.003536 0.010000 0.053536
v -0.005000 -0.010000 0.050000
v -0.005000 0.010000 0.050000
v 0.003536 -0.010000 0.071464
v 0.003536 0.010000 0.071464
v 0.005000 -0.010000 0.075000
v 0.005000 0.010000 0.075000
v -0.000000 -0.010000 0.070000
v -0.000000 0.010000 0.070000
v 0.003536 -0.010000 0.071464
v 0.003536 0.010000 0.071464
v 0.005000 -0.010000 0.075000
v 0.005000 0.010000 0.075000
v 0.003536 -0.010000 0.078536
v 0.003536 0.010000 0.078536
v -0.003536 -0.010000 0.071464
v -0.003536 0.010000 0.071464
v -0.000000 -0.010000 0.070000
v -0.000000 0.010000 0.070000
v 0.003536 -0.010000 0.078536
v 0.003536 0.010000 0.078536
v -0.000000 -0.010000 0.080000
v -0.000000 0.010000 0.080000
v -0.005000 -0.010000 0.075000
v -0.005000 0.010000 0.075000
v -0.003536 -0.010000 0.071464
v -0.003536 0.010000 0.071464
v -0.000000 -0.010000 0.080000
v -0.000000 0.010000 0.080000
v -0.003536 -0.010000 0.078536
v -0.003536 0.010000 0.078536
v -0.003536 -0.010000 0.078536
v -0.003536 0.010000 0.078536
v -0.005000 -0.010000 0.075000
v -0.005000 0.010000 0.075000
v 0.009239 0.010000 0.096173
v 0.010000 0.010000 0.100000
v 0.010000 -0.010000 0.100000
v 0.009239 -0.010000 0.096173
v 0.007071 0.010000 0.092929
v 0.007071 -0.010000 0.092929
v 0.003827 0.010000 0.090761
v 0.003827 -0.010000 0.090761
v -0.000000 0.010000 0.090000
v -0.000000 -0.010000 0.090000
v -0.003827 0.010000 0.090761
v -0.003827 -0.010000 0.090761
v -0.007071 0.010000 0.092929
v -0.007071 -0.010000 0.092929
v -0.009239 0.010000 0.096173
v -0.009239 -0.010000 0.096173
v -0.010000 0.010000 0.100000
v -0.010000 -0.010000 0.100000
v -0.240000 -0.010000 -0.095000
v -0.240000 0.010000 -0.095000
v -0.245000 -0.010000 -0.090000
v -0.245000 0.010000 -0.090000
v -0.245000 -0.010000 -0.090000
v -0.245000 0.010000 -0.090000
v -0.250000 -0.010000 -0.080000
v -0.250000 0.010000 -0.080000
v -0.250000 -0.010000 -0.020000
v -0.250000 0.010000 -0.020000
v -0.250000 -0.010000 -0.020000
v -0.245000 -0.010000 -0.019005
v -0.250000 -0.010000 -0.080000
v -0.245000 -0.010000 -0.090000
v -0.242945 0.010000 -0.088519
v -0.244512 0.010000 -0.021457
v -0.247500 0.010000 -0.079410
v -0.247500 0.010000 -0.022052
v -0.230000 -0.010000 0.100000
v -0.230000 0.010000 0.100000
v -0.010000 -0.010000 0.100000
v -0.010000 0.010000 0.100000
v -0.245000 -0.010000 0.090000
v -0.245000 -0.010000 0.019005
v -0.250000 -0.010000 0.080000
v -0.250000 -0.010000 0.020000
v -0.250000 -0.010000 0.020000
v -0.250000 0.010000 0.020000
v -0.250000 -0.010000 0.080000
v -0.250000 0.010000 0.080000
v -0.245000 -0.010000 0.090000
v -0.245000 0.010000 0.090000
v -0.242945 0.010000 0.088519
v -0.247500 0.010000 0.079410
v -0.244512 0.010000 0.021457
v -0.247500 0.010000 0.022052
v -0.240000 -0.010000 0.095000
v -0.240000 0.010000 0.095000
v -0.230000 -0.010000 0.100000
v -0.230000 0.010000 0.100000
v -0.245000 -0.010000 0.090000
v -0.245000 0.010000 0.090000
v -0.240000 -0.010000 0.095000
v -0.240000 0.010000 0.095000
v -0.240000 -0.010000 -0.095000
v -0.245000 -0.010000 -0.090000
v -0.240000 -0.010000 -0.016910
v -0.242346 -0.010000 -0.018478
v -0.245000 -0.010000 -0.019005
v -0.238519 0.010000 -0.092945
v -0.238611 0.010000 -0.018988
v -0.242945 0.010000 -0.088519
v -0.241371 0.010000 -0.020833
v -0.244512 0.010000 -0.021457
v -0.240000 -0.010000 0.095000
v -0.240000 -0.010000 0.016910
v -0.245000 -0.010000 0.090000
v -0.242346 -0.010000 0.018478
v -0.245000 -0.010000 0.019005
v -0.238519 0.010000 0.092945
v -0.242945 0.010000 0.088519
v -0.238611 0.010000 0.018989
v -0.241371 0.010000 0.020833
v -0.244512 0.010000 0.021457
v -0.240000 -0.010000 -0.016910
v -0.235858 -0.010000 -0.014142
v -0.240000 -0.010000 -0.095000
v -0.230000 -0.010000 -0.100000
v -0.231522 -0.010000 -0.007654
v -0.230000 -0.010000 -0.000000
v -0.231522 -0.010000 0.007654
v -0.230000 -0.010000 0.100000
v -0.235858 -0.010000 0.014142
v -0.240000 -0.010000 0.095000
v -0.240000 -0.010000 0.016910
v -0.229410 0.010000 -0.097500
v -0.238611 0.010000 -0.018988
v -0.238519 0.010000 -0.092945
v -0.234055 0.010000 -0.015945
v -0.229167 0.010000 -0.008629
v -0.227451 0.010000 0.000000
v -0.229410 0.010000 0.097500
v -0.229167 0.010000 0.008629
v -0.234055 0.010000 0.015945
v -0.238611 0.010000 0.018989
v -0.238519 0.010000 0.092945
v -0.250000 -0.010000 -0.020000
v -0.250000 0.010000 -0.020000
v -0.245000 -0.010000 -0.019005
v -0.245000 0.010000 -0.019005
v -0.242346 -0.010000 -0.018478
v -0.242346 0.010000 -0.018478
v -0.240000 -0.010000 -0.016910
v -0.240000 0.010000 -0.016910
v -0.235858 -0.010000 -0.014142
v -0.235858 0.010000 -0.014142
v -0.231522 -0.010000 -0.007654
v -0.231522 0.010000 -0.007654
v -0.230000 -0.010000 -0.000000
v -0.230000 0.010000 0.000000
v -0.231522 -0.010000 0.007654
v -0.231522 0.010000 0.007654
v -0.235858 -0.010000 0.014142
v -0.235858 0.010000 0.014142
v -0.240000 -0.010000 0.016910
v -0.240000 0.010000 0.016910
v -0.242346 -0.010000 0.018478
v -0.242346 0.010000 0.018478
v -0.245000 -0.010000 0.019005
v -0.245000 0.010000 0.019005
v -0.250000 0.010000 0.020000
v -0.250000 -0.010000 0.020000
v 0.080000 -0.010000 -0.100000
v 0.010000 -0.010000 -0.100000
v 0.080000 -0.010000 -0.000000
v 0.009239 -0.010000 -0.096173
v 0.007071 -0.010000 -0.092929
v 0.003827 -0.010000 -0.090761
v 0.003536 -0.010000 -0.078536
v 0.005000 -0.010000 -0.075000
v 0.003536 -0.010000 -0.071464
v 0.003536 -0.010000 -0.053536
v -0.000000 -0.010000 -0.080000
v -0.000000 -0.010000 -0.090000
v -0.003827 -0.010000 -0.090761
v -0.003536 -0.010000 -0.078536
v -0.007071 -0.010000 -0.092929
v -0.000000 -0.010000 -0.070000
v -0.005000 -0.010000 -0.075000
v -0.000000 -0.010000 -0.055000
v -0.003536 -0.010000 -0.071464
v -0.003536 -0.010000 -0.053536
v 0.005000 -0.010000 -0.050000
v -0.005000 -0.010000 -0.050000
v 0.003536 -0.010000 -0.046464
v -0.007071 -0.010000 0.092929
v -0.230000 -0.010000 -0.000000
v -0.009239 -0.010000 0.096173
v -0.009239 -0.010000 -0.096173
v -0.010000 -0.010000 0.100000
v -0.230000 -0.010000 0.100000
v -0.010000 -0.010000 -0.100000
v -0.230000 -0.010000 -0.100000
v 0.005000 -0.010000 -0.025000
v 0.003536 -0.010000 -0.028536
v -0.000000 -0.010000 -0.045000
v -0.000000 -0.010000 -0.030000
v -0.003536 -0.010000 -0.046464
v -0.003536 -0.010000 -0.028536
v -0.005000 -0.010000 -0.025000
v 0.003536 -0.010000 -0.021464
v 0.003536 -0.010000 -0.003536
v -0.000000 -0.010000 -0.020000
v 0.005000 -0.010000 -0.000000
v 0.003536 -0.010000 0.003536
v -0.000000 -0.010000 0.005000
v -0.000000 -0.010000 -0.005000
v -0.003536 -0.010000 -0.021464
v -0.003536 -0.010000 -0.003536
v -0.005000 -0.010000 -0.000000
v 0.003536 -0.010000 0.021464
v -0.000000 -0.010000 0.020000
v -0.003536 -0.010000 0.003536
v -0.003536 -0.010000 0.021464
v 0.005000 -0.010000 0.025000
v -0.005000 -0.010000 0.025000
v 0.003536 -0.010000 0.028536
v -0.000000 -0.010000 0.030000
v 0.003536 -0.010000 0.046464
v 0.005000 -0.010000 0.050000
v 0.003536 -0.010000 0.053536
v 0.003536 -0.010000 0.071464
v -0.000000 -0.010000 0.045000
v -0.003536 -0.010000 0.028536
v -0.003536 -0.010000 0.046464
v -0.005000 -0.010000 0.050000
v -0.000000 -0.010000 0.055000
v -0.000000 -0.010000 0.070000
v -0.003536 -0.010000 0.053536
v -0.003536 -0.010000 0.071464
v -0.005000 -0.010000 0.075000
v -0.003536 -0.010000 0.078536
v -0.003827 -0.010000 0.090761
v -0.000000 -0.010000 0.080000
v -0.000000 -0.010000 0.090000
v 0.003827 -0.010000 0.090761
v 0.003536 -0.010000 0.078536
v 0.005000 -0.010000 0.075000
v 0.007071 -0.010000 0.092929
v 0.009239 -0.010000 0.096173
v 0.010000 -0.010000 0.100000
v 0.080000 -0.010000 0.100000
v 0.079410 0.010000 -0.097500
v 0.077451 0.010000 0.000000
v 0.012052 0.010000 -0.097500
v 0.011594 0.010000 -0.095198
v 0.008873 0.010000 -0.091127
v 0.004802 0.010000 -0.088406
v 0.005449 0.010000 -0.080449
v 0.007706 0.010000 -0.075000
v 0.005449 0.010000 -0.069551
v -0.000000 0.010000 -0.082706
v -0.000000 0.010000 -0.087451
v -0.004802 0.010000 -0.088406
v -0.005449 0.010000 -0.080449
v -0.008873 0.010000 -0.091127
v -0.000000 0.010000 -0.067294
v -0.227451 0.010000 0.000000
v -0.011594 0.010000 -0.095198
v -0.007706 0.010000 -0.075000
v -0.012052 0.010000 -0.097500
v -0.229410 0.010000 -0.097500
v -0.005449 0.010000 -0.069551
v -0.005449 0.010000 -0.055449
v -0.000000 0.010000 -0.057706
v 0.005449 0.010000 -0.055449
v -0.007706 0.010000 -0.050000
v 0.007706 0.010000 -0.050000
v -0.005449 0.010000 -0.044551
v 0.005449 0.010000 -0.044551
v -0.005449 0.010000 -0.030449
v -0.000000 0.010000 -0.042294
v -0.007706 0.010000 -0.025000
v -0.005449 0.010000 -0.019551
v -0.005449 0.010000 -0.005449
v -0.000000 0.010000 -0.032706
v 0.005449 0.010000 -0.030449
v 0.007706 0.010000 -0.025000
v 0.005449 0.010000 -0.019551
v 0.005449 0.010000 -0.005449
v -0.000000 0.010000 -0.017294
v -0.000000 0.010000 -0.007706
v -0.007706 0.010000 0.000000
v 0.007706 0.010000 0.000000
v -0.005449 0.010000 0.005449
v 0.005449 0.010000 0.005449
v -0.005449 0.010000 0.019551
v -0.000000 0.010000 0.007706
v -0.000000 0.010000 0.017294
v 0.005449 0.010000 0.019551
v -0.007706 0.010000 0.025000
v -0.005449 0.010000 0.030449
v 0.007706 0.010000 0.025000
v -0.005449 0.010000 0.044551
v -0.007706 0.010000 0.050000
v -0.005449 0.010000 0.055449
v -0.000000 0.010000 0.032706
v -0.000000 0.010000 0.042294
v 0.005449 0.010000 0.030449
v 0.005449 0.010000 0.044551
v 0.007706 0.010000 0.050000
v 0.005449 0.010000 0.055449
v 0.005449 0.010000 0.069551
v -0.000000 0.010000 0.067294
v -0.000000 0.010000 0.057706
v 0.007706 0.010000 0.075000
v -0.005449 0.010000 0.069551
v -0.007706 0.010000 0.075000
v 0.005449 0.010000 0.080449
v -0.005449 0.010000 0.080449
v -0.008873 0.010000 0.091127
v -0.011594 0.010000 0.095198
v -0.012052 0.010000 0.097500
v -0.229410 0.010000 0.097500
v -0.004802 0.010000 0.088406
v -0.000000 0.010000 0.082706
v -0.000000 0.010000 0.087451
v 0.004802 0.010000 0.088406
v 0.008873 0.010000 0.091127
v 0.011594 0.010000 0.095198
v 0.012052 0.010000 0.097500
v 0.079410 0.010000 0.097500
v 0.090000 -0.010000 -0.095000
v 0.090000 -0.010000 -0.016910
v 0.095000 -0.010000 -0.090000
v 0.092346 -0.010000 -0.018478
v 0.095000 -0.010000 -0.019005
v 0.095000 -0.010000 -0.090000
v 0.095000 -0.010000 -0.019005
v 0.100000 -0.010000 -0.080000
v 0.100000 -0.010000 -0.020000
v 0.095000 -0.010000 -0.090000
v 0.095000 0.010000 -0.090000
v 0.090000 -0.010000 -0.095000
v 0.090000 0.010000 -0.095000
v 0.095000 0.010000 -0.019005
v 0.094512 0.010000 -0.021457
v 0.097500 0.010000 -0.022052
v 0.100000 0.010000 -0.020000
v 0.100000 0.010000 -0.080000
v 0.097500 0.010000 -0.079410
v 0.095000 0.010000 -0.090000
v 0.092945 0.010000 -0.088519
v 0.090000 0.010000 -0.016910
v 0.088611 0.010000 -0.018988
v 0.092346 0.010000 -0.018478
v 0.091371 0.010000 -0.020833
v 0.094512 0.010000 -0.021457
v 0.095000 0.010000 -0.019005
v 0.095000 0.010000 -0.090000
v 0.092945 0.010000 -0.088519
v 0.090000 0.010000 -0.095000
v 0.088519 0.010000 -0.092945
v 0.090000 0.010000 -0.016910
v 0.085858 0.010000 -0.014142
v 0.088611 0.010000 -0.018988
v 0.084055 0.010000 -0.015945
v 0.079167 0.010000 -0.008629
v 0.081522 0.010000 -0.007654
v 0.077451 0.010000 0.000000
v 0.080000 0.010000 0.000000
v 0.079167 0.010000 0.008629
v 0.081522 0.010000 0.007654
v 0.084055 0.010000 0.015945
v 0.085858 0.010000 0.014142
v 0.088611 0.010000 0.018988
v 0.090000 0.010000 0.016910
v 0.090000 0.010000 -0.095000
v 0.088519 0.010000 -0.092945
v 0.079410 0.010000 -0.097500
v 0.080000 0.010000 -0.100000
v 0.012052 0.010000 -0.097500
v 0.010000 0.010000 -0.100000
v 0.009239 0.010000 -0.096173
v 0.011594 0.010000 -0.095198
v 0.007071 0.010000 -0.092929
v 0.008873 0.010000 -0.091127
v 0.003827 0.010000 -0.090761
v 0.004802 0.010000 -0.088406
v -0.000000 0.010000 -0.090000
v -0.000000 0.010000 -0.087451
v -0.003827 0.010000 -0.090761
v -0.004802 0.010000 -0.088406
v -0.007071 0.010000 -0.092929
v -0.008873 0.010000 -0.091127
v -0.009239 0.010000 -0.096173
v -0.011594 0.010000 -0.095198
v -0.012052 0.010000 -0.097500
v -0.010000 0.010000 -0.100000
v -0.230000 0.010000 -0.100000
v -0.229410 0.010000 -0.097500
v -0.240000 0.010000 -0.095000
v -0.238519 0.010000 -0.092945
v 0.095000 0.010000 0.090000
v 0.092945 0.010000 0.088519
v 0.097500 0.010000 0.079410
v 0.100000 0.010000 0.080000
v 0.097500 0.010000 0.022500
v 0.100000 0.010000 0.020000
v 0.100000 0.010000 0.020000
v 0.100000 0.010000 0.020000
v 0.099754 0.010000 0.022500
v 0.097500 0.010000 0.022500
v 0.095000 0.010000 0.019005
v 0.100000 0.010000 0.020000
v 0.094512 0.010000 0.021457
v 0.099754 0.010000 0.022500
v 0.090000 0.010000 0.095000
v 0.088519 0.010000 0.092945
v 0.095000 0.010000 0.090000
v 0.092945 0.010000 0.088519
v 0.095000 0.010000 0.019005
v 0.094512 0.010000 0.021457
v 0.092346 0.010000 0.018478
v 0.091371 0.010000 0.020833
v 0.088611 0.010000 0.018988
v 0.090000 0.010000 0.016910
v 0.080000 0.010000 0.100000
v 0.079410 0.010000 0.097500
v 0.090000 0.010000 0.095000
v 0.088519 0.010000 0.092945
v -0.245000 0.010000 -0.090000
v -0.242945 0.010000 -0.088519
v -0.247500 0.010000 -0.079410
v -0.250000 0.010000 -0.080000
v -0.247500 0.010000 -0.022052
v -0.250000 0.010000 -0.020000
v -0.245000 0.010000 -0.019005
v -0.244512 0.010000 -0.021457
v -0.245000 0.010000 0.019005
v -0.244512 0.010000 0.021457
v -0.247500 0.010000 0.022052
v -0.250000 0.010000 0.020000
v -0.250000 0.010000 0.080000
v -0.247500 0.010000 0.079410
v -0.245000 0.010000 0.090000
v -0.242945 0.010000 0.088519
v -0.240000 0.010000 -0.095000
v -0.238519 0.010000 -0.092945
v -0.245000 0.010000 -0.090000
v -0.242945 0.010000 -0.088519
v -0.245000 0.010000 -0.019005
v -0.244512 0.010000 -0.021457
v -0.242346 0.010000 -0.018478
v -0.241371 0.010000 -0.020833
v -0.238611 0.010000 -0.018988
v -0.240000 0.010000 -0.016910
v -0.240000 0.010000 0.016910
v -0.238611 0.010000 0.018989
v -0.242346 0.010000 0.018478
v -0.241371 0.010000 0.020833
v -0.244512 0.010000 0.021457
v -0.245000 0.010000 0.019005
v -0.245000 0.010000 0.090000
v -0.242945 0.010000 0.088519
v -0.240000 0.010000 0.095000
v -0.238519 0.010000 0.092945
v -0.240000 0.010000 -0.016910
v -0.238611 0.010000 -0.018988
v -0.235858 0.010000 -0.014142
v -0.234055 0.010000 -0.015945
v -0.231522 0.010000 -0.007654
v -0.229167 0.010000 -0.008629
v -0.230000 0.010000 0.000000
v -0.227451 0.010000 0.000000
v -0.231522 0.010000 0.007654
v -0.229167 0.010000 0.008629
v -0.235858 0.010000 0.014142
v -0.234055 0.010000 0.015945
v -0.238611 0.010000 0.018989
v -0.240000 0.010000 0.016910
v -0.230000 0.010000 0.100000
v -0.240000 0.010000 0.095000
v -0.229410 0.010000 0.097500
v -0.238519 0.010000 0.092945
v 0.012052 0.010000 0.097500
v 0.079410 0.010000 0.097500
v 0.080000 0.010000 0.100000
v 0.010000 0.010000 0.100000
v 0.009239 0.010000 0.096173
v 0.011594 0.010000 0.095198
v 0.008873 0.010000 0.091127
v 0.007071 0.010000 0.092929
v 0.004802 0.010000 0.088406
v 0.003827 0.010000 0.090761
v -0.000000 0.010000 0.087451
v -0.000000 0.010000 0.090000
v -0.004802 0.010000 0.088406
v -0.003827 0.010000 0.090761
v -0.008873 0.010000 0.091127
v -0.007071 0.010000 0.092929
v -0.011594 0.010000 0.095198
v -0.009239 0.010000 0.096173
v -0.012052 0.010000 0.097500
v -0.010000 0.010000 0.100000
v -0.230000 0.010000 0.100000
v -0.229410 0.010000 0.097500
v -0.007706 0.010000 -0.075000
v -0.005449 0.010000 -0.080449
v -0.003536 0.010000 -0.078536
v -0.005000 0.010000 -0.075000
v -0.000000 0.010000 -0.080000
v -0.005449 0.010000 -0.069551
v -0.000000 0.010000 -0.082706
v -0.003536 0.010000 -0.071464
v 0.003536 0.010000 -0.078536
v -0.000000 0.010000 -0.067294
v 0.005449 0.010000 -0.080449
v -0.000000 0.010000 -0.070000
v 0.005000 0.010000 -0.075000
v 0.005449 0.010000 -0.069551
v 0.007706 0.010000 -0.075000
v 0.003536 0.010000 -0.071464
v -0.007706 0.010000 -0.050000
v -0.005449 0.010000 -0.055449
v -0.003536 0.010000 -0.053536
v -0.005000 0.010000 -0.050000
v -0.000000 0.010000 -0.055000
v -0.005449 0.010000 -0.044551
v -0.000000 0.010000 -0.057706
v -0.003536 0.010000 -0.046464
v 0.003536 0.010000 -0.053536
v -0.000000 0.010000 -0.042294
v 0.005449 0.010000 -0.055449
v -0.000000 0.010000 -0.045000
v 0.005000 0.010000 -0.050000
v 0.005449 0.010000 -0.044551
v 0.007706 0.010000 -0.050000
v 0.003536 0.010000 -0.046464
v -0.007706 0.010000 -0.025000
v -0.005449 0.010000 -0.030449
v -0.003536 0.010000 -0.028536
v -0.005000 0.010000 -0.025000
v -0.000000 0.010000 -0.030000
v -0.005449 0.010000 -0.019551
v -0.000000 0.010000 -0.032706
v -0.003536 0.010000 -0.021464
v 0.003536 0.010000 -0.028536
v -0.000000 0.010000 -0.017294
v 0.005449 0.010000 -0.030449
v -0.000000 0.010000 -0.020000
v 0.005000 0.010000 -0.025000
v 0.005449 0.010000 -0.019551
v 0.007706 0.010000 -0.025000
v 0.003536 0.010000 -0.021464
v -0.007706 0.010000 0.000000
v -0.005449 0.010000 -0.005449
v -0.003536 0.010000 -0.003536
v -0.005000 0.010000 0.000000
v -0.000000 0.010000 -0.005000
v -0.005449 0.010000 0.005449
v -0.000000 0.010000 -0.007706
v -0.003536 0.010000 0.003536
v 0.003536 0.010000 -0.003536
v -0.000000 0.010000 0.007706
v 0.005449 0.010000 -0.005449
v -0.000000 0.010000 0.005000
v 0.005000 0.010000 0.000000
v 0.005449 0.010000 0.005449
v 0.007706 0.010000 0.000000
v 0.003536 0.010000 0.003536
v -0.007706 0.010000 0.025000
v -0.005449 0.010000 0.019551
v -0.003536 0.010000 0.021464
v -0.005000 0.010000 0.025000
v -0.000000 0.010000 0.020000
v -0.005449 0.010000 0.030449
v -0.000000 0.010000 0.017294
v -0.003536 0.010000 0.028536
v 0.003536 0.010000 0.021464
v -0.000000 0.010000 0.032706
v 0.005449 0.010000 0.019551
v -0.000000 0.010000 0.030000
v 0.005000 0.010000 0.025000
v 0.005449 0.010000 0.030449
v 0.007706 0.010000 0.025000
v 0.003536 0.010000 0.028536
v -0.007706 0.010000 0.050000
v -0.005449 0.010000 0.044551
v -0.003536 0.010000 0.046464
v -0.005000 0.010000 0.050000
v -0.000000 0.010000 0.045000
v -0.005449 0.010000 0.055449
v -0.000000 0.010000 0.042294
v -0.003536 0.010000 0.053536
v 0.003536 0.010000 0.046464
v -0.000000 0.010000 0.057706
v 0.005449 0.010000 0.044551
v -0.000000 0.010000 0.055000
v 0.005000 0.010000 0.050000
v 0.005449 0.010000 0.055449
v 0.007706 0.010000 0.050000
v 0.003536 0.010000 0.053536
v -0.007706 0.010000 0.075000
v -0.005449 0.010000 0.069551
v -0.003536 0.010000 0.071464
v -0.005000 0.010000 0.075000
v -0.000000 0.010000 0.070000
v -0.005449 0.010000 0.080449
v -0.000000 0.010000 0.067294
v -0.003536 0.010000 0.078536
v 0.003536 0.010000 0.071464
v -0.000000 0.010000 0.082706
v 0.005449 0.010000 0.069551
v -0.000000 0.010000 0.080000
v 0.005000 0.010000 0.075000
v 0.005449 0.010000 0.080449
v 0.007706 0.010000 0.075000
v 0.003536 0.010000 0.078536
v 0.020000 0.020000 -0.040000
v 0.020000 0.020000 0.000000
v -0.005000 0.020000 -0.040000
v -0.005000 0.020000 0.000000
v -0.005000 0.020000 -0.040000
v -0.005000 0.020000 -0.065000
v 0.020000 0.020000 -0.040000
v 0.020000 0.020000 -0.065000
v 0.020000 0.020000 0.000000
v 0.020000 0.020000 0.025000
v -0.005000 0.020000 0.000000
v -0.005000 0.020000 0.025000
v -0.005000 0.020000 -0.040000
v -0.020000 0.020000 -0.040000
v -0.005000 0.020000 -0.065000
v -0.020000 0.020000 -0.065000
v -0.005000 0.020000 0.025000
v -0.020000 0.020000 0.025000
v -0.005000 0.020000 0.000000
v -0.020000 0.020000 0.000000
v 0.020000 0.020000 -0.065000
v 0.040000 0.020000 -0.065000
v 0.020000 0.020000 -0.040000
v 0.040000 0.020000 -0.040000
v 0.020000 0.020000 0.000000
v 0.040000 0.020000 0.000000
v 0.020000 0.020000 0.025000
v 0.040000 0.020000 0.025000
v 0.040000 0.020000 -0.065000
v 0.065000 0.020000 -0.065000
v 0.040000 0.020000 -0.040000
v 0.065000 0.020000 -0.040000
v 0.040000 0.020000 0.000000
v 0.065000 0.020000 0.000000
v 0.040000 0.020000 0.025000
v 0.065000 0.020000 0.025000
v 0.065000 0.020000 -0.040000
v 0.065000 0.020000 0.000000
v 0.040000 0.020000 -0.040000
v 0.040000 0.020000 0.000000
v 0.065000 0.020000 -0.065000
v 0.080000 0.020000 -0.065000
v 0.065000 0.020000 -0.040000
v 0.080000 0.020000 -0.040000
v 0.065000 0.020000 0.000000
v 0.080000 0.020000 0.000000
v 0.065000 0.020000 0.025000
v 0.080000 0.020000 0.025000
v -0.033438 0.020000 0.067486
v -0.034423 0.020000 0.064179
v -0.033471 0.020000 0.054770
v -0.025292 0.020000 0.054770
v -0.018300 0.020000 0.054770
v -0.020575 0.020000 0.058240
v -0.016802 0.020000 0.059129
v -0.019407 0.020000 0.058240
v -0.016016 0.020000 0.062426
v -0.011651 0.020000 0.059383
v -0.011277 0.020000 0.062333
v -0.016367 0.020000 0.065057
v -0.011833 0.020000 0.066120
v -0.013376 0.020000 0.068374
v -0.020575 0.020000 0.058240
v -0.018300 0.020000 0.054770
v -0.019407 0.020000 0.058240
v -0.011651 0.020000 0.059383
v -0.016802 0.020000 0.059129
v -0.012857 0.020000 0.056941
v -0.012857 0.020000 0.056941
v -0.016802 0.020000 0.059129
v -0.014960 0.020000 0.055331
v -0.014960 0.020000 0.055331
v -0.016802 0.020000 0.059129
v -0.018300 0.020000 0.054770
v 0.009172 0.020000 0.054770
v 0.009172 0.020000 0.070000
v 0.005317 0.020000 0.058385
v 0.005317 0.020000 0.058385
v 0.009172 0.020000 0.070000
v 0.005317 0.020000 0.070000
v 0.035328 0.020000 0.054770
v 0.035328 0.020000 0.058531
v 0.021022 0.020000 0.054770
v 0.035328 0.020000 0.058531
v 0.030528 0.020000 0.058531
v 0.021022 0.020000 0.054770
v 0.021022 0.020000 0.058531
v 0.021022 0.020000 0.054770
v 0.025822 0.020000 0.058531
v 0.046769 0.020000 0.056588
v 0.052556 0.020000 0.054510
v 0.044692 0.020000 0.062395
v 0.052546 0.020000 0.058095
v 0.058415 0.020000 0.056551
v 0.054887 0.020000 0.059082
v 0.060472 0.020000 0.062271
v 0.059574 0.020000 0.066650
v 0.055750 0.020000 0.062209
v 0.087011 0.020000 0.058022
v 0.087011 0.020000 0.060442
v 0.082295 0.020000 0.070000
v 0.095135 0.020000 0.070000
v 0.082295 0.020000 0.070000
v 0.095135 0.020000 0.066551
v 0.095135 0.020000 0.066551
v 0.082295 0.020000 0.070000
v 0.087011 0.020000 0.066551
v -0.044329 0.020000 0.070000
v -0.038604 0.020000 0.054770
v -0.039523 0.020000 0.070000
v -0.038781 0.020000 0.067486
v -0.037750 0.020000 0.064179
v -0.033438 0.020000 0.067486
v -0.034423 0.020000 0.064179
v -0.036095 0.020000 0.058731
v -0.033471 0.020000 0.054770
v -0.034423 0.020000 0.064179
v -0.027748 0.020000 0.070000
v -0.032676 0.020000 0.070000
v -0.033438 0.020000 0.067486
v -0.025292 0.020000 0.054770
v -0.020575 0.020000 0.058240
v -0.025292 0.020000 0.070000
v -0.020575 0.020000 0.066520
v -0.018300 0.020000 0.070000
v -0.020575 0.020000 0.066520
v -0.019427 0.020000 0.066520
v -0.018300 0.020000 0.070000
v -0.017339 0.020000 0.066194
v -0.015495 0.020000 0.069584
v -0.015495 0.020000 0.069584
v -0.017339 0.020000 0.066194
v -0.013376 0.020000 0.068374
v -0.016367 0.020000 0.065057
v -0.007960 0.020000 0.070000
v -0.007960 0.020000 0.054770
v -0.004105 0.020000 0.070000
v -0.004105 0.020000 0.058385
v -0.001770 0.020000 0.054770
v -0.001770 0.020000 0.054770
v 0.000616 0.020000 0.064037
v -0.004105 0.020000 0.058385
v -0.001141 0.020000 0.070000
v 0.002348 0.020000 0.070000
v 0.002348 0.020000 0.070000
v 0.000616 0.020000 0.064037
v 0.005317 0.020000 0.058385
v 0.002986 0.020000 0.054770
v 0.009172 0.020000 0.054770
v 0.017847 0.020000 0.054770
v 0.017847 0.020000 0.070000
v 0.013130 0.020000 0.054770
v 0.013130 0.020000 0.070000
v 0.021022 0.020000 0.054770
v 0.030528 0.020000 0.058531
v 0.025822 0.020000 0.058531
v 0.025822 0.020000 0.070000
v 0.030528 0.020000 0.070000
v 0.052556 0.020000 0.054510
v 0.058415 0.020000 0.056551
v 0.052546 0.020000 0.058095
v 0.050272 0.020000 0.059098
v 0.044692 0.020000 0.062395
v 0.058415 0.020000 0.056551
v 0.060472 0.020000 0.062271
v 0.054887 0.020000 0.059082
v 0.055750 0.020000 0.062209
v 0.055750 0.020000 0.062209
v 0.059574 0.020000 0.066650
v 0.054923 0.020000 0.065734
v 0.056977 0.020000 0.069309
v 0.056977 0.020000 0.069309
v 0.052743 0.020000 0.070260
v 0.054923 0.020000 0.065734
v 0.052587 0.020000 0.066716
v 0.048478 0.020000 0.069439
v 0.050267 0.020000 0.065714
v 0.045741 0.020000 0.066842
v 0.049414 0.020000 0.062416
v 0.044692 0.020000 0.062395
v 0.050272 0.020000 0.059098
v 0.063826 0.020000 0.054770
v 0.068220 0.020000 0.054770
v 0.063826 0.020000 0.070000
v 0.068251 0.020000 0.070000
v 0.068251 0.020000 0.061638
v 0.073955 0.020000 0.063196
v 0.073955 0.020000 0.070000
v 0.078391 0.020000 0.070000
v 0.078391 0.020000 0.054770
v 0.073955 0.020000 0.054770
v 0.094907 0.020000 0.054770
v 0.094907 0.020000 0.058022
v 0.082295 0.020000 0.054770
v 0.087011 0.020000 0.058022
v 0.082295 0.020000 0.070000
v 0.094336 0.020000 0.063549
v 0.087011 0.020000 0.063549
v 0.094336 0.020000 0.060442
v 0.087011 0.020000 0.060442
v 0.082295 0.020000 0.070000
v 0.087011 0.020000 0.066551
v -0.135000 0.020000 -0.041706
v -0.130290 0.020000 -0.037767
v -0.135000 0.020000 -0.037767
v -0.127712 0.020000 -0.037760
v -0.127712 0.020000 -0.036803
v -0.124895 0.020000 -0.037760
v -0.122308 0.020000 -0.041706
v -0.130290 0.020000 -0.035620
v -0.127320 0.020000 -0.035219
v -0.122308 0.020000 -0.035187
v -0.124895 0.020000 -0.036648
v -0.126317 0.020000 -0.034762
v -0.129208 0.020000 -0.032092
v -0.126204 0.020000 -0.030937
v -0.125309 0.020000 -0.035158
v -0.123321 0.020000 -0.031997
v -0.135000 0.020000 -0.015678
v -0.135000 0.020000 -0.020109
v -0.131322 0.020000 -0.017577
v -0.131121 0.020000 -0.022206
v -0.130534 0.020000 -0.018126
v -0.129867 0.020000 -0.018754
v -0.129399 0.020000 -0.019775
v -0.130143 0.020000 -0.022915
v -0.127444 0.020000 -0.022568
v -0.129849 0.020000 -0.023876
v -0.127272 0.020000 -0.021535
v -0.126876 0.020000 -0.020902
v -0.128897 0.020000 -0.018397
v -0.127444 0.020000 -0.024214
v -0.126144 0.020000 -0.020656
v -0.127654 0.020000 -0.017159
v -0.125832 0.020000 -0.016708
v -0.125205 0.020000 -0.021044
v -0.123776 0.020000 -0.017297
v -0.122620 0.020000 -0.018846
v -0.122308 0.020000 -0.021626
v -0.124877 0.020000 -0.022500
v -0.124877 0.020000 -0.024214
v -0.122308 0.020000 -0.028162
v -0.135000 0.020000 -0.028162
v -0.129849 0.020000 -0.024223
v -0.135000 0.020000 -0.024223
v -0.122308 0.020000 -0.009588
v -0.135000 0.020000 -0.009588
v -0.122308 0.020000 -0.013519
v -0.135000 0.020000 -0.013519
v -0.122308 0.020000 -0.007298
v -0.122308 0.020000 -0.003198
v -0.135000 0.020000 -0.002504
v -0.131442 0.020000 -0.000341
v -0.135000 0.020000 0.001747
v -0.122308 0.020000 0.006459
v -0.122308 0.020000 0.002479
v -0.135000 0.020000 0.006152
v -0.122308 0.020000 0.010922
v -0.135000 0.020000 0.010156
v -0.132905 0.020000 0.010775
v -0.130149 0.020000 0.011634
v -0.132905 0.020000 0.015227
v -0.125609 0.020000 0.013013
v -0.122308 0.020000 0.015200
v -0.130149 0.020000 0.014407
v -0.135000 0.020000 0.015862
v -0.135000 0.020000 0.019969
v -0.122308 0.020000 0.031752
v -0.125442 0.020000 0.031752
v -0.122308 0.020000 0.019830
v -0.125442 0.020000 0.027752
v -0.125442 0.020000 0.023830
v -0.125442 0.020000 0.019830
v -0.135000 0.020000 0.023830
v -0.135000 0.020000 0.027752
v -0.122308 0.020000 0.044699
v -0.125018 0.020000 0.044699
v -0.122308 0.020000 0.034189
v -0.125018 0.020000 0.038119
v -0.135000 0.020000 0.034189
v -0.127035 0.020000 0.038119
v -0.129624 0.020000 0.038119
v -0.127035 0.020000 0.044223
v -0.129624 0.020000 0.044223
v -0.132126 0.020000 0.038119
v -0.132126 0.020000 0.044889
v -0.135000 0.020000 0.044889
v -0.160000 0.020000 -0.040822
v -0.147308 0.020000 -0.036052
v -0.160000 0.020000 -0.036817
v -0.157905 0.020000 -0.036199
v -0.155149 0.020000 -0.035340
v -0.157905 0.020000 -0.031746
v -0.150609 0.020000 -0.033961
v -0.147308 0.020000 -0.031774
v -0.155149 0.020000 -0.032567
v -0.160000 0.020000 -0.031111
v -0.160000 0.020000 -0.027004
v -0.151040 0.020000 -0.013599
v -0.151810 0.020000 -0.017062
v -0.148062 0.020000 -0.015638
v -0.150962 0.020000 -0.017443
v -0.147092 0.020000 -0.019409
v -0.150269 0.020000 -0.018248
v -0.150027 0.020000 -0.019313
v -0.148783 0.020000 -0.024148
v -0.151099 0.020000 -0.021356
v -0.153624 0.020000 -0.025824
v -0.153598 0.020000 -0.021893
v -0.157500 0.020000 -0.024871
v -0.156490 0.020000 -0.021252
v -0.159615 0.020000 -0.022607
v -0.160216 0.020000 -0.019227
v -0.157273 0.020000 -0.019452
v -0.156641 0.020000 -0.017751
v -0.159723 0.020000 -0.016417
v -0.158260 0.020000 -0.014569
v -0.154806 0.020000 -0.016915
v -0.155844 0.020000 -0.013478
v -0.151040 0.020000 0.000940
v -0.151810 0.020000 -0.002523
v -0.148062 0.020000 -0.001099
v -0.150962 0.020000 -0.002904
v -0.147092 0.020000 -0.004870
v -0.150269 0.020000 -0.003709
v -0.150027 0.020000 -0.004774
v -0.148783 0.020000 -0.009609
v -0.151099 0.020000 -0.006817
v -0.153624 0.020000 -0.011285
v -0.153598 0.020000 -0.007354
v -0.157500 0.020000 -0.010332
v -0.156490 0.020000 -0.006713
v -0.159615 0.020000 -0.008068
v -0.160216 0.020000 -0.004688
v -0.157273 0.020000 -0.004913
v -0.156641 0.020000 -0.003212
v -0.159723 0.020000 -0.001878
v -0.158260 0.020000 -0.000030
v -0.154806 0.020000 -0.002376
v -0.155844 0.020000 0.001061
v -0.147308 0.020000 0.014215
v -0.150018 0.020000 0.014215
v -0.147308 0.020000 0.003705
v -0.150018 0.020000 0.007635
v -0.160000 0.020000 0.003705
v -0.152035 0.020000 0.007635
v -0.154624 0.020000 0.007635
v -0.152035 0.020000 0.013739
v -0.154624 0.020000 0.013739
v -0.157126 0.020000 0.007635
v -0.157126 0.020000 0.014405
v -0.160000 0.020000 0.014405
v -0.150875 0.020000 0.027603
v -0.151091 0.020000 0.023907
v -0.147996 0.020000 0.026084
v -0.149845 0.020000 0.023288
v -0.147092 0.020000 0.022374
v -0.149455 0.020000 0.021985
v -0.147590 0.020000 0.019253
v -0.149745 0.020000 0.020954
v -0.148957 0.020000 0.017548
v -0.150451 0.020000 0.020608
v -0.150806 0.020000 0.016981
v -0.150996 0.020000 0.020894
v -0.153256 0.020000 0.018089
v -0.151464 0.020000 0.022210
v -0.154797 0.020000 0.021768
v -0.155533 0.020000 0.023777
v -0.152585 0.020000 0.025893
v -0.156416 0.020000 0.024210
v -0.153992 0.020000 0.027512
v -0.155870 0.020000 0.028019
v -0.158121 0.020000 0.027344
v -0.157329 0.020000 0.023755
v -0.159684 0.020000 0.025456
v -0.157723 0.020000 0.022461
v -0.160216 0.020000 0.022400
v -0.156953 0.020000 0.020729
v -0.158970 0.020000 0.017916
v -0.155567 0.020000 0.020236
v -0.155801 0.020000 0.016504
v -0.150875 0.020000 0.041079
v -0.151091 0.020000 0.037382
v -0.147996 0.020000 0.039559
v -0.149845 0.020000 0.036763
v -0.147092 0.020000 0.035849
v -0.149455 0.020000 0.035460
v -0.147590 0.020000 0.032728
v -0.149745 0.020000 0.034430
v -0.148957 0.020000 0.031023
v -0.150451 0.020000 0.034083
v -0.150806 0.020000 0.030456
v -0.150996 0.020000 0.034369
v -0.153256 0.020000 0.031564
v -0.151464 0.020000 0.035685
v -0.154797 0.020000 0.035243
v -0.155533 0.020000 0.037252
v -0.152585 0.020000 0.039369
v -0.156416 0.020000 0.037685
v -0.153992 0.020000 0.040988
v -0.155870 0.020000 0.041494
v -0.158121 0.020000 0.040819
v -0.157329 0.020000 0.037230
v -0.159684 0.020000 0.038932
v -0.157723 0.020000 0.035936
v -0.160216 0.020000 0.035875
v -0.156953 0.020000 0.034204
v -0.158970 0.020000 0.031391
v -0.155567 0.020000 0.033711
v -0.155801 0.020000 0.029980
vt 0.259075105 0.348121643
vt 0.255213857 0.14923504
vt 0.259075105 0.348122358
vt 0.259075105 0.901390076
vt 0.259075105 0.901390791
vt 0.255213857 0.702503443
vt 0.209353268 0.348122358
vt 0.209353268 0.348122358
vt 0.134770513 0.348122358
vt 0.134770513 0.348122358
vt 0.134770513 0.14923504
vt 0.134770513 0.14923504
vt 0.134770513 0.14923504
vt 0.18831712 0.14923504
vt 0.18831712 0.14923504
vt 0.134770513 0.14923504
vt 0.134770513 0.348122358
vt 0.134770513 0.348122358
vt 0.134770513 0.702503443
vt 0.134770513 0.901390791
vt 0.213214517 0.702503443
vt 0.209353268 0.901390791
vt 0.134770513 0.702503443
vt 0.134770513 0.901390791
vt 0.216513395 0.702503443
vt 0.214368105 0.795834303
vt 0.213214517 0.901390791
vt 0.134770513 0.348122358
vt 0.219717026 0.265740603
vt 0.216513395 0.348122358
vt 0.134770513 0.14923504
vt 0.226542324 0.179513782
vt 0.234214187 0.14923504
vt 0.333657861 0.14923504
vt 0.241886079 0.179513782
vt 0.248711348 0.265740246
vt 0.333657861 0.348122358
vt 0.251914978 0.348122358
vt 0.231106579 0.241295218
vt 0.231106579 0.25624916
vt 0.227998942 0.241295218
vt 0.227998942 0.25624916
vt 0.224891335 0.241295218
vt 0.224891335 0.25624916
vt 0.221783727 0.241295218
vt 0.221783727 0.25624916
vt 0.21867612 0.241295218
vt 0.21867612 0.25624916
vt 0.215568483 0.241295218
vt 0.215568483 0.25624916
vt 0.212460876 0.241295218
vt 0.212460876 0.25624916
vt 0.209353268 0.241295218
vt 0.209353268 0.25624916
vt 0.259075105 0.241295218
vt 0.259075105 0.25624916
vt 0.255967498 0.241295218
vt 0.255967498 0.25624916
vt 0.234214187 0.241295218
vt 0.234214187 0.25624916
vt 0.227998942 0.241295218
vt 0.227998942 0.25624916
vt 0.240429401 0.241295218
vt 0.240429401 0.25624916
vt 0.234214187 0.241295218
vt 0.234214187 0.25624916
vt 0.21867612 0.241295218
vt 0.21867612 0.241295218
vt 0.21867612 0.25624916
vt 0.21867612 0.25624916
vt 0.216645956 0.241295189
vt 0.216645956 0.25624916
vt 0.215568483 0.241295218
vt 0.215568483 0.25624916
vt 0.214444727 0.241295218
vt 0.214444727 0.25624916
vt 0.212460876 0.241295218
vt 0.212460876 0.25624916
vt 0.209353268 0.241295218
vt 0.209353268 0.25624916
vt 0.227998942 0.241295218
vt 0.227998942 0.25624916
vt 0.221783727 0.241295218
vt 0.221783727 0.25624916
vt 0.246644676 0.241295218
vt 0.246644676 0.25624916
vt 0.240429401 0.241295218
vt 0.240429401 0.25624916
vt 0.259075105 0.241295218
vt 0.259075105 0.25624916
vt 0.255967498 0.241295218
vt 0.255967498 0.25624916
vt 0.25285989 0.241295218
vt 0.25285989 0.25624916
vt 0.249752283 0.241295218
vt 0.249752283 0.25624916
vt 0.247768402 0.241295218
vt 0.247768402 0.25624916
vt 0.246644676 0.241295218
vt 0.246644676 0.25624916
vt 0.245567203 0.241295218
vt 0.245567203 0.25624916
vt 0.243537009 0.25624916
vt 0.243537009 0.241295218
vt 0.221783727 0.241295218
vt 0.221783727 0.25624916
vt 0.215568483 0.241295218
vt 0.215568483 0.25624916
vt 0.25285989 0.241295218
vt 0.25285989 0.25624916
vt 0.246644676 0.241295218
vt 0.246644676 0.25624916
vt 0.215568483 0.241295218
vt 0.215568483 0.25624916
vt 0.209353268 0.241295218
vt 0.209353268 0.25624916
vt 0.259075105 0.241295218
vt 0.259075105 0.25624916
vt 0.25285989 0.241295218
vt 0.25285989 0.25624916
vt 0.134770513 0.702503443
vt 0.134770513 0.901390791
vt 0.216513395 0.901390791
vt 0.219717026 0.819009066
vt 0.226542324 0.732782245
vt 0.234214187 0.702503443
vt 0.241886079 0.732782245
vt 0.333657861 0.702503443
vt 0.248711348 0.819008708
vt 0.251914978 0.901390791
vt 0.333657861 0.901390791
vt 0.234214187 0.241295218
vt 0.234214187 0.25624916
vt 0.227998942 0.241295218
vt 0.227998942 0.25624916
vt 0.240429401 0.241295218
vt 0.240429401 0.25624916
vt 0.234214187 0.241295218
vt 0.234214187 0.25624916
vt 0.227998942 0.241295218
vt 0.227998942 0.25624916
vt 0.221783727 0.241295218
vt 0.221783727 0.25624916
vt 0.246644676 0.241295218
vt 0.246644676 0.25624916
vt 0.240429401 0.241295218
vt 0.240429401 0.25624916
vt 0.333657861 0.348122358
vt 0.259075105 0.348122358
vt 0.259075105 0.348122358
vt 0.333657861 0.348122358
vt 0.333657861 0.14923504
vt 0.333657861 0.14923504
vt 0.221783727 0.241295218
vt 0.221783727 0.25624916
vt 0.215568483 0.241295218
vt 0.215568483 0.25624916
vt 0.25285989 0.241295218
vt 0.25285989 0.25624916
vt 0.246644676 0.241295218
vt 0.246644676 0.25624916
vt 0.215568483 0.241295218
vt 0.215568483 0.25624916
vt 0.209353268 0.241295218
vt 0.209353268 0.25624916
vt 0.259075105 0.241295218
vt 0.259075105 0.25624916
vt 0.25285989 0.241295218
vt 0.25285989 0.25624916
vt 0.234214187 0.241295218
vt 0.234214187 0.25624916
vt 0.227998942 0.241295218
vt 0.227998942 0.25624916
vt 0.240429401 0.241295218
vt 0.240429401 0.25624916
vt 0.234214187 0.241295218
vt 0.234214187 0.25624916
vt 0.227998942 0.241295218
vt 0.227998942 0.25624916
vt 0.221783727 0.241295218
vt 0.221783727 0.25624916
vt 0.246644676 0.241295218
vt 0.246644676 0.25624916
vt 0.240429401 0.241295218
vt 0.240429401 0.25624916
vt 0.221783727 0.241295218
vt 0.221783727 0.25624916
vt 0.215568483 0.241295218
vt 0.215568483 0.25624916
vt 0.25285989 0.241295218
vt 0.25285989 0.25624916
vt 0.246644676 0.241295218
vt 0.246644676 0.25624916
vt 0.215568483 0.241295218
vt 0.215568483 0.25624916
vt 0.209353268 0.241295218
vt 0.209353268 0.25624916
vt 0.259075105 0.241295218
vt 0.259075105 0.25624916
vt 0.25285989 0.241295218
vt 0.25285989 0.25624916
vt 0.333657861 0.14923504
vt 0.333657861 0.348122358
vt 0.255213857 0.14923504
vt 0.259075105 0.348122358
vt 0.234214187 0.241295218
vt 0.234214187 0.25624916
vt 0.227998942 0.241295218
vt 0.227998942 0.25624916
vt 0.240429401 0.241295218
vt 0.240429401 0.25624916
vt 0.234214187 0.241295218
vt 0.234214187 0.25624916
vt 0.203616142 0.14923504
vt 0.203616142 0.14923504
vt 0.333657861 0.14923504
vt 0.333657861 0.14923504
vt 0.333657861 0.348122358
vt 0.333657861 0.348122358
vt 0.227998942 0.241295218
vt 0.227998942 0.25624916
vt 0.221783727 0.241295218
vt 0.221783727 0.25624916
vt 0.246644676 0.241295218
vt 0.246644676 0.25624916
vt 0.240429401 0.241295218
vt 0.240429401 0.25624916
vt 0.333657861 0.14923504
vt 0.333657861 0.348122358
vt 0.251914978 0.14923504
vt 0.254060268 0.2425659
vt 0.255213857 0.348122358
vt 0.333657861 0.14923504
vt 0.333657861 0.14923504
vt 0.333657861 0.348122358
vt 0.333657861 0.348122358
vt 0.221783727 0.241295218
vt 0.221783727 0.25624916
vt 0.215568483 0.241295218
vt 0.215568483 0.25624916
vt 0.25285989 0.241295218
vt 0.25285989 0.25624916
vt 0.246644676 0.241295218
vt 0.246644676 0.25624916
vt 0.215568483 0.241295218
vt 0.215568483 0.25624916
vt 0.209353268 0.241295218
vt 0.209353268 0.25624916
vt 0.259075105 0.241295218
vt 0.259075105 0.25624916
vt 0.25285989 0.241295218
vt 0.25285989 0.25624916
vt 0.333657861 0.14923504
vt 0.333657861 0.14923504
vt 0.333657861 0.348122358
vt 0.333657861 0.348122358
vt 0.333657861 0.702503443
vt 0.255213857 0.702503443
vt 0.333657861 0.901390791
vt 0.259075105 0.901390791
vt 0.234214187 0.241295218
vt 0.234214187 0.25624916
vt 0.227998942 0.241295218
vt 0.227998942 0.25624916
vt 0.240429401 0.241295218
vt 0.240429401 0.25624916
vt 0.234214187 0.241295218
vt 0.234214187 0.25624916
vt 0.227998942 0.241295218
vt 0.227998942 0.25624916
vt 0.221783727 0.241295218
vt 0.221783727 0.25624916
vt 0.246644676 0.241295218
vt 0.246644676 0.25624916
vt 0.240429401 0.241295218
vt 0.240429401 0.25624916
vt 0.221783727 0.241295218
vt 0.221783727 0.25624916
vt 0.215568483 0.241295218
vt 0.215568483 0.25624916
vt 0.25285989 0.241295218
vt 0.25285989 0.25624916
vt 0.246644676 0.241295218
vt 0.246644676 0.25624916
vt 0.333657861 0.702503443
vt 0.251914978 0.702503443
vt 0.333657861 0.901390791
vt 0.254060268 0.795834303
vt 0.255213857 0.901390791
vt 0.215568483 0.241295218
vt 0.215568483 0.25624916
vt 0.209353268 0.241295218
vt 0.209353268 0.25624916
vt 0.259075105 0.241295218
vt 0.259075105 0.25624916
vt 0.25285989 0.241295218
vt 0.25285989 0.25624916
vt 0.234214187 0.241295218
vt 0.234214187 0.25624916
vt 0.227998942 0.241295218
vt 0.227998942 0.25624916
vt 0.240429401 0.241295218
vt 0.240429401 0.25624916
vt 0.234214187 0.241295218
vt 0.234214187 0.25624916
vt 0.227998942 0.241295218
vt 0.227998942 0.25624916
vt 0.221783727 0.241295218
vt 0.221783727 0.25624916
vt 0.246644676 0.241295218
vt 0.246644676 0.25624916
vt 0.240429401 0.241295218
vt 0.240429401 0.25624916
vt 0.221783727 0.241295218
vt 0.221783727 0.25624916
vt 0.215568483 0.241295218
vt 0.215568483 0.25624916
vt 0.25285989 0.241295218
vt 0.25285989 0.25624916
vt 0.246644676 0.241295218
vt 0.246644676 0.25624916
vt 0.18831712 0.348122358
vt 0.18831712 0.348122358
vt 0.134770513 0.348122358
vt 0.134770513 0.348122358
vt 0.215568483 0.241295218
vt 0.215568483 0.25624916
vt 0.209353268 0.241295218
vt 0.209353268 0.25624916
vt 0.259075105 0.241295218
vt 0.259075105 0.25624916
vt 0.25285989 0.241295218
vt 0.25285989 0.25624916
vt 0.234214187 0.241295218
vt 0.234214187 0.25624916
vt 0.227998942 0.241295218
vt 0.227998942 0.25624916
vt 0.240429401 0.241295218
vt 0.240429401 0.25624916
vt 0.234214187 0.241295218
vt 0.234214187 0.25624916
vt 0.227998942 0.241295218
vt 0.227998942 0.25624916
vt 0.221783727 0.241295218
vt 0.221783727 0.25624916
vt 0.246644676 0.241295218
vt 0.246644676 0.25624916
vt 0.240429401 0.241295218
vt 0.240429401 0.25624916
vt 0.221783727 0.241295218
vt 0.221783727 0.25624916
vt 0.215568483 0.241295218
vt 0.215568483 0.25624916
vt 0.25285989 0.241295218
vt 0.25285989 0.25624916
vt 0.246644676 0.241295218
vt 0.246644676 0.25624916
vt 0.215568483 0.241295218
vt 0.215568483 0.25624916
vt 0.209353268 0.241295218
vt 0.209353268 0.25624916
vt 0.259075105 0.241295218
vt 0.259075105 0.25624916
vt 0.25285989 0.241295218
vt 0.25285989 0.25624916
vt 0.234214187 0.25624916
vt 0.231106579 0.25624916
vt 0.231106579 0.241295218
vt 0.234214187 0.241295218
vt 0.237321794 0.25624916
vt 0.237321794 0.241295218
vt 0.240429401 0.25624916
vt 0.240429401 0.241295218
vt 0.243537009 0.25624916
vt 0.243537009 0.241295218
vt 0.246644676 0.25624916
vt 0.246644676 0.241295218
vt 0.249752283 0.25624916
vt 0.249752283 0.241295218
vt 0.25285989 0.25624916
vt 0.25285989 0.241295218
vt 0.255967498 0.25624916
vt 0.255967498 0.241295218
vt 0.333657861 0.14923504
vt 0.333657861 0.14923504
vt 0.333657861 0.348122358
vt 0.333657861 0.348122358
vt 0.333657861 0.14923504
vt 0.333657861 0.14923504
vt 0.333657861 0.348122358
vt 0.333657861 0.348122358
vt 0.259075105 0.348122358
vt 0.259075105 0.348122358
vt 0.259075105 0.348122358
vt 0.255213857 0.14923504
vt 0.333657861 0.348122358
vt 0.333657861 0.14923504
vt 0.333657861 0.702503443
vt 0.255213857 0.702503443
vt 0.333657861 0.901390791
vt 0.259075105 0.901390791
vt 0.333657861 0.348122358
vt 0.333657861 0.348122358
vt 0.203616142 0.348122358
vt 0.203616142 0.348122358
vt 0.134770513 0.14923504
vt 0.213214517 0.14923504
vt 0.134770513 0.348122358
vt 0.209353268 0.348122358
vt 0.209353268 0.348122358
vt 0.209353268 0.348122358
vt 0.134770513 0.348122358
vt 0.134770513 0.348122358
vt 0.134770513 0.14923504
vt 0.134770513 0.14923504
vt 0.134770513 0.702503443
vt 0.134770513 0.901390791
vt 0.213214517 0.702503443
vt 0.209353268 0.901390791
vt 0.134770513 0.348122358
vt 0.134770513 0.348122358
vt 0.134770513 0.14923504
vt 0.134770513 0.14923504
vt 0.134770513 0.348122358
vt 0.134770513 0.348122358
vt 0.134770513 0.14923504
vt 0.134770513 0.14923504
vt 0.333657861 0.14923504
vt 0.333657861 0.348122358
vt 0.251914978 0.14923504
vt 0.254060268 0.2425659
vt 0.255213857 0.348122358
vt 0.333657861 0.702503443
vt 0.251914978 0.702503443
vt 0.333657861 0.901390791
vt 0.254060268 0.795834303
vt 0.255213857 0.901390791
vt 0.134770513 0.14923504
vt 0.216513395 0.14923504
vt 0.134770513 0.348122358
vt 0.214368075 0.242566675
vt 0.213214517 0.348122358
vt 0.134770513 0.702503443
vt 0.134770513 0.901390791
vt 0.216513395 0.702503443
vt 0.214368075 0.795835137
vt 0.213214517 0.901390791
vt 0.251914978 0.348122358
vt 0.248711348 0.265740424
vt 0.333657861 0.348122358
vt 0.333657861 0.14923504
vt 0.241886079 0.179513782
vt 0.234214187 0.14923504
vt 0.226542324 0.179513782
vt 0.134770513 0.14923504
vt 0.219716996 0.265740603
vt 0.134770513 0.348122358
vt 0.216513395 0.348122358
vt 0.333657861 0.702503443
vt 0.251914978 0.901390791
vt 0.333657861 0.901390791
vt 0.248711348 0.819008827
vt 0.241886079 0.732782245
vt 0.234214187 0.702503443
vt 0.134770513 0.702503443
vt 0.226542324 0.732782245
vt 0.219716996 0.819009066
vt 0.216513395 0.901390791
vt 0.134770513 0.901390791
vt 0.243537009 0.241295218
vt 0.243537009 0.25624916
vt 0.241506875 0.241295218
vt 0.241506875 0.25624916
vt 0.240429401 0.241295218
vt 0.240429401 0.25624916
vt 0.239305675 0.241295218
vt 0.239305675 0.25624916
vt 0.237321794 0.241295218
vt 0.237321794 0.25624916
vt 0.234214187 0.241295218
vt 0.234214187 0.25624916
vt 0.231106579 0.241295218
vt 0.231106579 0.25624916
vt 0.227998942 0.241295218
vt 0.227998942 0.25624916
vt 0.224891335 0.241295218
vt 0.224891335 0.25624916
vt 0.222907484 0.241295218
vt 0.222907484 0.25624916
vt 0.221783727 0.241295218
vt 0.221783727 0.25624916
vt 0.220706254 0.241295218
vt 0.220706254 0.25624916
vt 0.21867612 0.25624916
vt 0.21867612 0.241295218
vt 0.134770513 0.14923504
vt 0.18831712 0.14923504
vt 0.134770513 0.248678714
vt 0.188899398 0.153040588
vt 0.190557599 0.156266779
vt 0.193039298 0.15842244
vt 0.1932621 0.170580089
vt 0.192141861 0.174095958
vt 0.1932621 0.177611828
vt 0.1932621 0.195441008
vt 0.195966601 0.169123769
vt 0.195966631 0.159179419
vt 0.198893964 0.15842244
vt 0.198671132 0.170580089
vt 0.201375663 0.156266779
vt 0.195966631 0.179068148
vt 0.199791372 0.174095958
vt 0.195966631 0.193984687
vt 0.198671132 0.177611828
vt 0.198671132 0.195441008
vt 0.192141861 0.198956877
vt 0.199791372 0.198956877
vt 0.1932621 0.202472746
vt 0.201375633 0.341090679
vt 0.333657861 0.248678714
vt 0.203033835 0.34431684
vt 0.203033835 0.153040558
vt 0.203616142 0.348122358
vt 0.333657861 0.348122358
vt 0.203616142 0.14923504
vt 0.333657861 0.14923504
vt 0.192141861 0.223817796
vt 0.1932621 0.220301926
vt 0.195966631 0.203929067
vt 0.195966601 0.218845606
vt 0.198671132 0.202472746
vt 0.198671132 0.220301926
vt 0.199791372 0.223817796
vt 0.1932621 0.227333665
vt 0.1932621 0.245162845
vt 0.195966631 0.228789985
vt 0.192141861 0.248678714
vt 0.1932621 0.252194554
vt 0.195966631 0.253650934
vt 0.195966631 0.243706524
vt 0.198671132 0.227333665
vt 0.198671132 0.245162845
vt 0.199791372 0.248678714
vt 0.1932621 0.270023793
vt 0.195966631 0.268567473
vt 0.198671132 0.252194554
vt 0.198671132 0.270023793
vt 0.192141861 0.273539633
vt 0.199791372 0.273539633
vt 0.1932621 0.277055472
vt 0.195966601 0.278511792
vt 0.1932621 0.294884712
vt 0.192141861 0.298400551
vt 0.1932621 0.301916391
vt 0.1932621 0.31974566
vt 0.195966631 0.293428391
vt 0.198671132 0.277055472
vt 0.198671132 0.294884712
vt 0.199791372 0.298400551
vt 0.195966631 0.303372711
vt 0.195966631 0.31828928
vt 0.198671132 0.301916391
vt 0.198671132 0.31974566
vt 0.199791372 0.323261499
vt 0.198671132 0.326777339
vt 0.198893964 0.338934958
vt 0.195966601 0.3282336
vt 0.195966601 0.338178039
vt 0.193039268 0.338934958
vt 0.1932621 0.326777399
vt 0.192141861 0.323261499
vt 0.190557599 0.34109062
vt 0.188899398 0.34431684
vt 0.18831712 0.348122358
vt 0.134770513 0.348122358
vt 0.134770513 0.702503443
vt 0.134770513 0.801947117
vt 0.18831712 0.702503443
vt 0.188899398 0.706309021
vt 0.190557599 0.709535241
vt 0.193039298 0.711690903
vt 0.1932621 0.723848522
vt 0.192141861 0.727364421
vt 0.1932621 0.73088026
vt 0.195966601 0.722392201
vt 0.195966631 0.712447882
vt 0.198893964 0.711690903
vt 0.198671132 0.723848522
vt 0.201375663 0.709535241
vt 0.195966631 0.732336581
vt 0.333657861 0.801947117
vt 0.203033835 0.706308961
vt 0.199791372 0.727364421
vt 0.203616142 0.702503443
vt 0.333657861 0.702503443
vt 0.198671132 0.73088026
vt 0.198671132 0.74870944
vt 0.195966631 0.74725312
vt 0.1932621 0.74870944
vt 0.199791372 0.75222528
vt 0.192141861 0.75222528
vt 0.198671132 0.755741179
vt 0.1932621 0.755741179
vt 0.198671132 0.773570359
vt 0.195966631 0.757197499
vt 0.199791372 0.777086258
vt 0.198671132 0.780602098
vt 0.198671132 0.798431277
vt 0.195966601 0.772114038
vt 0.1932621 0.773570359
vt 0.192141861 0.777086258
vt 0.1932621 0.780602098
vt 0.1932621 0.798431277
vt 0.195966631 0.782058418
vt 0.195966631 0.796974957
vt 0.199791372 0.801947117
vt 0.192141861 0.801947117
vt 0.198671132 0.805462956
vt 0.1932621 0.805462956
vt 0.198671132 0.823292255
vt 0.195966631 0.806919336
vt 0.195966631 0.821835876
vt 0.1932621 0.823292255
vt 0.199791372 0.826808095
vt 0.198671132 0.830323935
vt 0.192141861 0.826808095
vt 0.198671132 0.848153114
vt 0.199791372 0.851668954
vt 0.198671132 0.855184793
vt 0.195966601 0.831780195
vt 0.195966631 0.846696854
vt 0.1932621 0.830323935
vt 0.1932621 0.848153114
vt 0.192141861 0.851668954
vt 0.1932621 0.855184793
vt 0.1932621 0.873014092
vt 0.195966631 0.871557713
vt 0.195966631 0.856641173
vt 0.192141861 0.876529932
vt 0.198671132 0.873014092
vt 0.199791372 0.876529932
vt 0.1932621 0.880045831
vt 0.198671132 0.880045772
vt 0.201375633 0.894359112
vt 0.203033835 0.897585273
vt 0.203616142 0.901390791
vt 0.333657861 0.901390791
vt 0.198893964 0.892203391
vt 0.195966601 0.881502032
vt 0.195966601 0.891446471
vt 0.193039268 0.892203391
vt 0.190557599 0.894359052
vt 0.188899398 0.897585273
vt 0.18831712 0.901390791
vt 0.134770513 0.901390791
vt 0.134770513 0.14923504
vt 0.216513395 0.14923504
vt 0.134770513 0.348122358
vt 0.214368105 0.2425659
vt 0.213214517 0.348122358
vt 0.134770513 0.14923504
vt 0.213214517 0.14923504
vt 0.134770513 0.348122358
vt 0.209353268 0.348122358
vt 0.134770513 0.348122358
vt 0.134770513 0.348122358
vt 0.134770513 0.14923504
vt 0.134770513 0.14923504
vt 0.213214517 0.14923504
vt 0.213214517 0.14923504
vt 0.209353268 0.348122358
vt 0.209353268 0.348122358
vt 0.134770513 0.348122358
vt 0.134770513 0.348122358
vt 0.134770513 0.14923504
vt 0.134770513 0.14923504
vt 0.216513395 0.14923504
vt 0.216513395 0.14923504
vt 0.214368105 0.2425659
vt 0.214368105 0.2425659
vt 0.213214517 0.348122358
vt 0.213214517 0.348122358
vt 0.134770513 0.348122358
vt 0.134770513 0.348122358
vt 0.134770513 0.14923504
vt 0.134770513 0.14923504
vt 0.216513395 0.348122358
vt 0.219717026 0.265740603
vt 0.216513395 0.348122358
vt 0.219717026 0.265740603
vt 0.226542324 0.179513782
vt 0.226542324 0.179513782
vt 0.234214187 0.14923504
vt 0.234214187 0.14923504
vt 0.241886079 0.179513782
vt 0.241886079 0.179513782
vt 0.248711348 0.265740246
vt 0.248711348 0.265740246
vt 0.251914978 0.348122358
vt 0.251914978 0.348122358
vt 0.134770513 0.348122358
vt 0.134770513 0.348122358
vt 0.134770513 0.14923504
vt 0.134770513 0.14923504
vt 0.18831712 0.14923504
vt 0.18831712 0.14923504
vt 0.188899398 0.153040588
vt 0.188899398 0.153040588
vt 0.190557599 0.156266779
vt 0.190557599 0.156266779
vt 0.193039298 0.15842244
vt 0.193039298 0.15842244
vt 0.195966631 0.159179419
vt 0.195966631 0.159179419
vt 0.198893964 0.15842244
vt 0.198893964 0.15842244
vt 0.201375663 0.156266779
vt 0.201375663 0.156266779
vt 0.203033835 0.153040558
vt 0.203033835 0.153040558
vt 0.203616142 0.14923504
vt 0.203616142 0.14923504
vt 0.333657861 0.14923504
vt 0.333657861 0.14923504
vt 0.333657861 0.348122358
vt 0.333657861 0.348122358
vt 0.333657861 0.14923504
vt 0.333657861 0.14923504
vt 0.333657861 0.348122358
vt 0.333657861 0.348122358
vt 0.259075105 0.348122358
vt 0.259075105 0.348122358
vt 0.259075105 0.348121643
vt 0.259075105 0.348122358
vt 0.259075105 0.348121643
vt 0.259075105 0.348122358
vt 0.255213857 0.14923504
vt 0.259075105 0.348121643
vt 0.255213857 0.14923504
vt 0.259075105 0.348121643
vt 0.333657861 0.14923504
vt 0.333657861 0.14923504
vt 0.333657861 0.348122358
vt 0.333657861 0.348122358
vt 0.255213857 0.348122358
vt 0.255213857 0.348122358
vt 0.254060268 0.2425659
vt 0.254060268 0.2425659
vt 0.251914978 0.14923504
vt 0.251914978 0.14923504
vt 0.333657861 0.14923504
vt 0.333657861 0.14923504
vt 0.333657861 0.348122358
vt 0.333657861 0.348122358
vt 0.333657861 0.14923504
vt 0.333657861 0.14923504
vt 0.333657861 0.348122358
vt 0.333657861 0.348122358
vt 0.259075105 0.348122358
vt 0.259075105 0.348122358
vt 0.255213857 0.14923504
vt 0.255213857 0.14923504
vt 0.213214517 0.14923504
vt 0.213214517 0.14923504
vt 0.209353268 0.348122358
vt 0.209353268 0.348122358
vt 0.134770513 0.348122358
vt 0.134770513 0.348122358
vt 0.134770513 0.14923504
vt 0.134770513 0.14923504
vt 0.333657861 0.14923504
vt 0.333657861 0.14923504
vt 0.333657861 0.348122358
vt 0.333657861 0.348122358
vt 0.255213857 0.348122358
vt 0.255213857 0.348122358
vt 0.254060268 0.2425659
vt 0.254060268 0.2425659
vt 0.251914978 0.14923504
vt 0.251914978 0.14923504
vt 0.216513395 0.14923504
vt 0.216513395 0.14923504
vt 0.214368075 0.242566675
vt 0.214368075 0.242566675
vt 0.213214517 0.348122358
vt 0.213214517 0.348122358
vt 0.134770513 0.348122358
vt 0.134770513 0.348122358
vt 0.134770513 0.14923504
vt 0.134770513 0.14923504
vt 0.251914978 0.348122358
vt 0.251914978 0.348122358
vt 0.248711348 0.265740424
vt 0.248711348 0.265740424
vt 0.241886079 0.179513782
vt 0.241886079 0.179513782
vt 0.234214187 0.14923504
vt 0.234214187 0.14923504
vt 0.226542324 0.179513782
vt 0.226542324 0.179513782
vt 0.219716996 0.265740603
vt 0.219716996 0.265740603
vt 0.216513395 0.348122358
vt 0.216513395 0.348122358
vt 0.134770513 0.14923504
vt 0.134770513 0.348122358
vt 0.134770513 0.14923504
vt 0.134770513 0.348122358
vt 0.18831712 0.348122358
vt 0.134770513 0.348122358
vt 0.134770513 0.348122358
vt 0.18831712 0.348122358
vt 0.188899398 0.34431684
vt 0.188899398 0.34431684
vt 0.190557599 0.34109062
vt 0.190557599 0.34109062
vt 0.193039268 0.338934958
vt 0.193039268 0.338934958
vt 0.195966601 0.338178039
vt 0.195966601 0.338178039
vt 0.198893964 0.338934958
vt 0.198893964 0.338934958
vt 0.201375633 0.341090679
vt 0.201375633 0.341090679
vt 0.203033835 0.34431684
vt 0.203033835 0.34431684
vt 0.203616142 0.348122358
vt 0.203616142 0.348122358
vt 0.333657861 0.348122358
vt 0.333657861 0.348122358
vt 0.199791372 0.174095958
vt 0.198671132 0.170580089
vt 0.198671132 0.170580089
vt 0.199791372 0.174095958
vt 0.195966601 0.169123769
vt 0.198671132 0.177611828
vt 0.195966601 0.169123769
vt 0.198671132 0.177611828
vt 0.1932621 0.170580089
vt 0.195966631 0.179068148
vt 0.1932621 0.170580089
vt 0.195966631 0.179068148
vt 0.192141861 0.174095958
vt 0.1932621 0.177611828
vt 0.192141861 0.174095958
vt 0.1932621 0.177611828
vt 0.199791372 0.198956877
vt 0.198671132 0.195441008
vt 0.198671132 0.195441008
vt 0.199791372 0.198956877
vt 0.195966631 0.193984687
vt 0.198671132 0.202472746
vt 0.195966631 0.193984687
vt 0.198671132 0.202472746
vt 0.1932621 0.195441008
vt 0.195966631 0.203929067
vt 0.1932621 0.195441008
vt 0.195966631 0.203929067
vt 0.192141861 0.198956877
vt 0.1932621 0.202472746
vt 0.192141861 0.198956877
vt 0.1932621 0.202472746
vt 0.199791372 0.223817796
vt 0.198671132 0.220301926
vt 0.198671132 0.220301926
vt 0.199791372 0.223817796
vt 0.195966601 0.218845606
vt 0.198671132 0.227333665
vt 0.195966601 0.218845606
vt 0.198671132 0.227333665
vt 0.1932621 0.220301926
vt 0.195966631 0.228789985
vt 0.1932621 0.220301926
vt 0.195966631 0.228789985
vt 0.192141861 0.223817796
vt 0.1932621 0.227333665
vt 0.192141861 0.223817796
vt 0.1932621 0.227333665
vt 0.199791372 0.248678714
vt 0.198671132 0.245162845
vt 0.198671132 0.245162845
vt 0.199791372 0.248678714
vt 0.195966631 0.243706524
vt 0.198671132 0.252194554
vt 0.195966631 0.243706524
vt 0.198671132 0.252194554
vt 0.1932621 0.245162845
vt 0.195966631 0.253650934
vt 0.1932621 0.245162845
vt 0.195966631 0.253650934
vt 0.192141861 0.248678714
vt 0.1932621 0.252194554
vt 0.192141861 0.248678714
vt 0.1932621 0.252194554
vt 0.199791372 0.273539633
vt 0.198671132 0.270023793
vt 0.198671132 0.270023793
vt 0.199791372 0.273539633
vt 0.195966631 0.268567473
vt 0.198671132 0.277055472
vt 0.195966631 0.268567473
vt 0.198671132 0.277055472
vt 0.1932621 0.270023793
vt 0.195966601 0.278511792
vt 0.1932621 0.270023793
vt 0.195966601 0.278511792
vt 0.192141861 0.273539633
vt 0.1932621 0.277055472
vt 0.192141861 0.273539633
vt 0.1932621 0.277055472
vt 0.199791372 0.298400551
vt 0.198671132 0.294884712
vt 0.198671132 0.294884712
vt 0.199791372 0.298400551
vt 0.195966631 0.293428391
vt 0.198671132 0.301916391
vt 0.195966631 0.293428391
vt 0.198671132 0.301916391
vt 0.1932621 0.294884712
vt 0.195966631 0.303372711
vt 0.1932621 0.294884712
vt 0.195966631 0.303372711
vt 0.192141861 0.298400551
vt 0.1932621 0.301916391
vt 0.192141861 0.298400551
vt 0.1932621 0.301916391
vt 0.199791372 0.323261499
vt 0.198671132 0.31974566
vt 0.198671132 0.31974566
vt 0.199791372 0.323261499
vt 0.195966631 0.31828928
vt 0.198671132 0.326777339
vt 0.195966631 0.31828928
vt 0.198671132 0.326777339
vt 0.1932621 0.31974566
vt 0.195966601 0.3282336
vt 0.1932621 0.31974566
vt 0.195966601 0.3282336
vt 0.192141861 0.323261499
vt 0.1932621 0.326777399
vt 0.192141861 0.323261499
vt 0.1932621 0.326777399
vt 0.662234724 0.658292949
vt 0.662234724 0.830872715
vt 0.834814489 0.658292949
vt 0.834814489 0.830872715
vt 0.662234724 0.658292949
vt 0.662234724 0.830872715
vt 0.834814489 0.658292949
vt 0.834814489 0.830872715
vt 0.662234724 0.658292949
vt 0.662234724 0.830872715
vt 0.834814489 0.658292949
vt 0.834814489 0.830872715
vt 0.662234724 0.658292949
vt 0.662234724 0.830872715
vt 0.834814489 0.658292949
vt 0.834814489 0.830872715
vt 0.662234724 0.658292949
vt 0.662234724 0.830872715
vt 0.834814489 0.658292949
vt 0.834814489 0.830872715
vt 0.662234724 0.658292949
vt 0.662234724 0.830872715
vt 0.834814489 0.658292949
vt 0.834814489 0.830872715
vt 0.662234724 0.658292949
vt 0.662234724 0.830872715
vt 0.834814489 0.658292949
vt 0.834814489 0.830872715
vt 0.662234724 0.658292949
vt 0.662234724 0.830872715
vt 0.834814489 0.658292949
vt 0.834814489 0.830872715
vt 0.662234724 0.658292949
vt 0.662234724 0.830872715
vt 0.834814489 0.658292949
vt 0.834814489 0.830872715
vt 0.662234724 0.658292949
vt 0.662234724 0.830872715
vt 0.834814489 0.658292949
vt 0.834814489 0.830872715
vt 0.662234724 0.658292949
vt 0.662234724 0.830872715
vt 0.834814489 0.658292949
vt 0.834814489 0.830872715
vt 0.662234724 0.658292949
vt 0.662234724 0.830872715
vt 0.834814489 0.658292949
vt 0.834814489 0.830872715
vt 0.744949937 0.200915158
vt 0.744753838 0.201799527
vt 0.742381573 0.20196344
vt 0.742470086 0.196518421
vt 0.741076589 0.196518421
vt 0.743868709 0.198170125
vt 0.742555499 0.197269261
vt 0.742807686 0.197116137
vt 0.742420077 0.198891282
vt 0.741157532 0.197313011
vt 0.740954101 0.1978212
vt 0.74228406 0.199344441
vt 0.741049826 0.199527487
vt 0.741454542 0.199915841
vt 0.743868709 0.198170125
vt 0.741076589 0.196518421
vt 0.742807686 0.197116137
vt 0.741157532 0.197313011
vt 0.742555499 0.197269261
vt 0.741040468 0.197946429
vt 0.741040468 0.197946429
vt 0.742555499 0.197269261
vt 0.741402864 0.19661504
vt 0.741402864 0.19661504
vt 0.742555499 0.197269261
vt 0.741076589 0.196518421
vt 0.750064135 0.201895311
vt 0.752232313 0.2029493
vt 0.750526845 0.202285394
vt 0.750526845 0.202285394
vt 0.752232313 0.2029493
vt 0.752232313 0.201231405
vt 0.747638583 0.197459698
vt 0.747228146 0.19916153
vt 0.749812007 0.198513746
vt 0.747228146 0.19916153
vt 0.748089731 0.198107541
vt 0.749812007 0.198513746
vt 0.749812007 0.198107541
vt 0.749812007 0.198513746
vt 0.74935168 0.19916153
vt 0.744117498 0.200614095
vt 0.744596243 0.201610878
vt 0.745630026 0.200256199
vt 0.743328869 0.20160912
vt 0.742489338 0.202620164
vt 0.743498862 0.203066394
vt 0.744884968 0.202974483
vt 0.744965553 0.20281969
vt 0.743464053 0.203215092
vt 0.746677876 0.197399557
vt 0.746777654 0.197816551
vt 0.746982932 0.199462891
vt 0.744771004 0.198408902
vt 0.746982932 0.199462891
vt 0.745239735 0.197814822
vt 0.745239735 0.197814822
vt 0.746982932 0.199462891
vt 0.746062398 0.198868811
vt 0.74433136 0.199039206
vt 0.741707921 0.201079205
vt 0.745005012 0.199866921
vt 0.744746089 0.199994758
vt 0.744753838 0.20017232
vt 0.744949937 0.200915158
vt 0.744753838 0.201799527
vt 0.744019389 0.201511398
vt 0.742381573 0.20196344
vt 0.744753838 0.201799527
vt 0.745179057 0.2029493
vt 0.745383143 0.202100396
vt 0.744949937 0.200915158
vt 0.742470086 0.196518421
vt 0.743868709 0.198170125
vt 0.743143737 0.19914186
vt 0.74454236 0.19959639
vt 0.741939306 0.200195849
vt 0.74454236 0.19959639
vt 0.74313575 0.19959639
vt 0.741939306 0.200195849
vt 0.742776036 0.198486313
vt 0.740782499 0.200124308
vt 0.740782499 0.200124308
vt 0.742776036 0.198486313
vt 0.741454542 0.199915841
vt 0.74228406 0.199344441
vt 0.752293408 0.198944375
vt 0.749090791 0.198944375
vt 0.752391517 0.199608296
vt 0.750390828 0.200662285
vt 0.748417139 0.200010493
vt 0.748417139 0.200010493
vt 0.751775563 0.200421646
vt 0.750390828 0.200662285
vt 0.752293408 0.201172903
vt 0.752527535 0.200719848
vt 0.752527535 0.200719848
vt 0.751775563 0.200421646
vt 0.750526845 0.202285394
vt 0.750064135 0.201883838
vt 0.750064135 0.201895311
vt 0.746497512 0.19757241
vt 0.746610522 0.200221032
vt 0.747584581 0.198651552
vt 0.747422934 0.201275051
vt 0.749812007 0.198513746
vt 0.748089731 0.198107541
vt 0.74935168 0.19916153
vt 0.74935168 0.200083211
vt 0.748089731 0.20113717
vt 0.744596243 0.201610878
vt 0.742489338 0.202620164
vt 0.743328869 0.20160912
vt 0.741594315 0.201217368
vt 0.745630026 0.200256199
vt 0.742489338 0.202620164
vt 0.744884968 0.202974483
vt 0.743498862 0.203066394
vt 0.743464053 0.203215092
vt 0.743464053 0.203215092
vt 0.744965553 0.20281969
vt 0.744032562 0.203072622
vt 0.745423734 0.203426316
vt 0.745423734 0.203426316
vt 0.746261001 0.202697054
vt 0.744032562 0.203072622
vt 0.743628204 0.202670202
vt 0.746331275 0.201962441
vt 0.743455529 0.201216474
vt 0.746395946 0.201490879
vt 0.743460953 0.201069579
vt 0.745630026 0.200256199
vt 0.741594315 0.201217368
vt 0.749027252 0.198418915
vt 0.748270154 0.197364926
vt 0.748463392 0.201042369
vt 0.747662306 0.201042369
vt 0.747098505 0.199601948
vt 0.745952785 0.199870348
vt 0.746116042 0.19998838
vt 0.745915711 0.19998838
vt 0.744515002 0.197364867
vt 0.745952785 0.197364867
vt 0.74526304 0.19576025
vt 0.745894611 0.196345568
vt 0.747451603 0.196839392
vt 0.746677876 0.197399557
vt 0.746982932 0.199462891
vt 0.745416284 0.197297633
vt 0.746062398 0.197297633
vt 0.745516062 0.196762562
vt 0.746777654 0.197816551
vt 0.746982932 0.199462891
vt 0.746062398 0.198868811
vt 0.700709522 0.263167977
vt 0.718255997 0.284146041
vt 0.718255997 0.263167977
vt 0.718289495 0.295630932
vt 0.722548723 0.295630932
vt 0.718289495 0.308178186
vt 0.700709522 0.319701791
vt 0.727819324 0.284146041
vt 0.729608536 0.29737705
vt 0.729748011 0.319701791
vt 0.723239422 0.308178186
vt 0.731642246 0.301846832
vt 0.743534386 0.288966864
vt 0.748682141 0.302348047
vt 0.729877353 0.306336224
vt 0.743958473 0.315189809
vt 0.80600071 0.263167977
vt 0.786261857 0.263167977
vt 0.797540605 0.279549569
vt 0.776923478 0.280444324
vt 0.795093894 0.283061653
vt 0.792299628 0.286033601
vt 0.787752151 0.288117826
vt 0.773762047 0.284801573
vt 0.775307417 0.2968238
vt 0.769481421 0.286112577
vt 0.779911578 0.297590792
vt 0.782731891 0.299355775
vt 0.793887079 0.29035449
vt 0.767978072 0.2968238
vt 0.783825815 0.302617759
vt 0.799405277 0.295888424
vt 0.801411331 0.304005742
vt 0.782098591 0.306799918
vt 0.798789263 0.3131648
vt 0.791886568 0.31831336
vt 0.779507697 0.319701791
vt 0.775613904 0.308257639
vt 0.767978072 0.308257639
vt 0.750392556 0.319701791
vt 0.750392556 0.263167977
vt 0.767938197 0.286112577
vt 0.767938197 0.263167977
vt 0.825162053 0.319701791
vt 0.825162053 0.263167977
vt 0.807654321 0.319701791
vt 0.807654321 0.263167977
vt 0.820820749 0.202712461
vt 0.820820749 0.184450418
vt 0.764286935 0.181361616
vt 0.780136228 0.171726346
vt 0.764286935 0.16242674
vt 0.820820749 0.141435251
vt 0.820820749 0.159164965
vt 0.648037076 0.202982575
vt 0.70457077 0.181734398
vt 0.648037076 0.185145438
vt 0.657369077 0.18239069
vt 0.669644058 0.178564787
vt 0.657369077 0.162557036
vt 0.689865768 0.172421187
vt 0.70457077 0.162679434
vt 0.669644058 0.16621235
vt 0.648037076 0.15972884
vt 0.648037076 0.141435251
vt 0.863211751 0.377097845
vt 0.863211751 0.363137782
vt 0.810109496 0.377097845
vt 0.845395148 0.363137782
vt 0.827926159 0.363137782
vt 0.810109496 0.363137782
vt 0.827926159 0.320564121
vt 0.845395148 0.320564121
vt 0.807935894 0.377097845
vt 0.807935894 0.365026951
vt 0.76112026 0.377097845
vt 0.778628051 0.365026951
vt 0.76112026 0.320564121
vt 0.778628051 0.35604167
vt 0.778628051 0.344511747
vt 0.805815339 0.35604167
vt 0.805815339 0.344511747
vt 0.778628051 0.333366364
vt 0.808784127 0.333366364
vt 0.808784127 0.320564121
vt 0.706183016 0.202982575
vt 0.76271683 0.181734398
vt 0.706183016 0.185145438
vt 0.715515077 0.18239069
vt 0.727790058 0.178564787
vt 0.715515077 0.162557036
vt 0.748011768 0.172421187
vt 0.76271683 0.162679434
vt 0.727790058 0.16621235
vt 0.706183016 0.15972884
vt 0.706183016 0.141435251
vt 0.862671554 0.244451225
vt 0.847246408 0.241018862
vt 0.853589892 0.257716328
vt 0.845549226 0.24479793
vt 0.83679533 0.262035578
vt 0.841962814 0.247882813
vt 0.837220192 0.248963222
vt 0.815682173 0.254501134
vt 0.828118861 0.24418664
vt 0.808220387 0.232939437
vt 0.825728178 0.233055547
vt 0.81246233 0.215674937
vt 0.828581631 0.220171124
vt 0.822546124 0.206252113
vt 0.837605655 0.203574747
vt 0.836602628 0.216685057
vt 0.844180524 0.219500601
vt 0.85011965 0.205771908
vt 0.858352304 0.212289155
vt 0.84790194 0.227675572
vt 0.863211751 0.2230483
vt 0.806354761 0.244721338
vt 0.790929675 0.241288945
vt 0.797273159 0.257986426
vt 0.789232492 0.245068029
vt 0.780478537 0.262305677
vt 0.785646081 0.248152897
vt 0.780903399 0.249233305
vt 0.759365439 0.254771233
vt 0.771802068 0.244456753
vt 0.751903594 0.233209521
vt 0.769411325 0.23332563
vt 0.756145477 0.21594502
vt 0.772264779 0.220441222
vt 0.766229391 0.206522197
vt 0.781288803 0.20384486
vt 0.780285776 0.21695514
vt 0.787863731 0.219770715
vt 0.793802857 0.206042022
vt 0.802035511 0.212559238
vt 0.791585088 0.227945685
vt 0.806894958 0.223318383
vt 0.758946538 0.377097845
vt 0.758946538 0.365026951
vt 0.712131023 0.377097845
vt 0.729638755 0.365026951
vt 0.712131023 0.320564121
vt 0.729638755 0.35604167
vt 0.729638755 0.344511747
vt 0.756826043 0.35604167
vt 0.756826043 0.344511747
vt 0.729638755 0.333366364
vt 0.759794772 0.333366364
vt 0.759794772 0.320564121
vt 0.748726964 0.245453447
vt 0.732260108 0.244489908
vt 0.741959393 0.258276254
vt 0.729502976 0.250042826
vt 0.72543484 0.262305677
vt 0.723699689 0.251777977
vt 0.711532414 0.260088772
vt 0.71911025 0.250485927
vt 0.703935564 0.253995657
vt 0.717567921 0.247343361
vt 0.701409817 0.245762244
vt 0.718840241 0.244914025
vt 0.706345916 0.23484911
vt 0.724701881 0.242831379
vt 0.722735286 0.227984399
vt 0.731681943 0.224706814
vt 0.741110384 0.237837628
vt 0.733609796 0.220772922
vt 0.748321772 0.231570765
vt 0.750578225 0.223203078
vt 0.747569919 0.213176057
vt 0.731585562 0.216704786
vt 0.739163518 0.206215754
vt 0.725820184 0.214949891
vt 0.725550175 0.20384486
vt 0.718107283 0.218382284
vt 0.705574334 0.209396988
vt 0.715909362 0.22455281
vt 0.699288487 0.2235111
vt 0.697475553 0.304776609
vt 0.681008697 0.30381304
vt 0.690707922 0.317599416
vt 0.678251505 0.309366018
vt 0.674183428 0.321628869
vt 0.672448218 0.311101109
vt 0.660281003 0.319411933
vt 0.667858839 0.309809089
vt 0.652684152 0.313318819
vt 0.66631645 0.306666493
vt 0.650158405 0.305085421
vt 0.66758877 0.304237217
vt 0.655094504 0.294172287
vt 0.67345047 0.302154541
vt 0.671483934 0.287307501
vt 0.680430532 0.284029931
vt 0.689858913 0.297160804
vt 0.682358384 0.280096084
vt 0.69707036 0.290893942
vt 0.699326754 0.282526195
vt 0.696318507 0.272499233
vt 0.68033421 0.276027948
vt 0.687912107 0.265538901
vt 0.674568832 0.274273068
vt 0.674298763 0.263168037
vt 0.666855812 0.277705431
vt 0.654322863 0.26872015
vt 0.664657891 0.283875972
vt 0.648037076 0.282834202
vn -0.000000 -1.000000 -0.000000
vn -0.000000 -1.000000 -0.000000
vn -0.000000 -1.000000 -0.000000
vn -0.000000 1.000000 0.000000
vn -0.000000 1.000000 0.000000
vn -0.000000 1.000000 0.000000
vn 1.000000 0.000000 -0.000000
vn 1.000000 0.000000 -0.000000
vn 0.997459 0.000000 -0.071247
vn 0.997459 0.000000 -0.071247
vn 0.832050 0.000000 -0.554700
vn 0.832050 0.000000 -0.554700
vn 0.062378 0.000000 -0.998053
vn -0.000000 0.000000 -1.000000
vn -0.000000 0.000000 -1.000000
vn 0.062378 0.000000 -0.998053
vn 0.554700 0.000000 -0.832050
vn 0.554700 0.000000 -0.832050
vn -0.000000 1.000000 0.000000
vn -0.000000 1.000000 0.000000
vn -0.000000 1.000000 0.000000
vn -0.000000 1.000000 0.000000
vn -0.000000 1.000000 0.000000
vn -0.000000 1.000000 0.000000
vn -0.000000 1.000000 0.000000
vn -0.000000 1.000000 0.000000
vn -0.000000 1.000000 0.000000
vn -0.000000 -1.000000 -0.000000
vn -0.000000 -1.000000 -0.000000
vn -0.000000 -1.000000 -0.000000
vn -0.000000 -1.000000 -0.000000
vn -0.000000 -1.000000 -0.000000
vn -0.000000 -1.000000 -0.000000
vn -0.000000 -1.000000 -0.000000
vn -0.000000 -1.000000 -0.000000
vn -0.000000 -1.000000 -0.000000
vn -0.000000 -1.000000 -0.000000
vn -0.000000 -1.000000 -0.000000
vn -0.980785 0.000000 -0.195090
vn -0.980785 0.000000 -0.195090
vn -0.923880 0.000000 -0.382683
vn -0.923880 0.000000 -0.382683
vn -0.707106 0.000000 -0.707107
vn -0.707106 0.000000 -0.707107
vn -0.382682 0.000000 -0.923880
vn -0.382682 0.000000 -0.923880
vn -0.000000 0.000000 -1.000000
vn -0.000000 0.000000 -1.000000
vn 0.382684 0.000000 -0.923879
vn 0.382684 0.000000 -0.923879
vn 0.707107 0.000000 -0.707106
vn 0.707107 0.000000 -0.707106
vn 0.923880 0.000000 -0.382683
vn 0.923880 0.000000 -0.382683
vn 0.923880 0.000000 -0.382683
vn 0.923880 0.000000 -0.382683
vn 0.980785 0.000000 -0.195090
vn 0.980785 0.000000 -0.195090
vn -0.923880 -0.000000 0.382682
vn -0.923880 -0.000000 0.382682
vn -0.923880 -0.000000 0.382682
vn -0.923880 -0.000000 0.382682
vn -0.382683 -0.000000 0.923880
vn -0.382683 -0.000000 0.923880
vn -0.382683 -0.000000 0.923880
vn -0.382683 -0.000000 0.923880
vn 0.195090 0.000000 -0.980785
vn -0.000000 0.000000 -1.000000
vn -0.000000 0.000000 -1.000000
vn 0.195090 0.000000 -0.980785
vn 0.195090 0.000000 -0.980785
vn 0.195090 0.000000 -0.980785
vn 0.382684 -0.000000 -0.923879
vn 0.382684 -0.000000 -0.923879
vn 0.555570 -0.000000 -0.831470
vn 0.555570 -0.000000 -0.831470
vn 0.707108 -0.000000 -0.707106
vn 0.707108 -0.000000 -0.707106
vn 0.923880 0.000000 -0.382682
vn 0.923880 0.000000 -0.382682
vn -0.923880 0.000000 -0.382682
vn -0.923880 0.000000 -0.382682
vn -0.923880 0.000000 -0.382682
vn -0.923880 0.000000 -0.382682
vn 0.382682 -0.000000 0.923880
vn 0.382682 -0.000000 0.923880
vn 0.382682 -0.000000 0.923880
vn 0.382682 -0.000000 0.923880
vn 0.923880 0.000000 -0.382682
vn 0.923880 0.000000 -0.382682
vn 1.000000 0.000000 -0.000000
vn 1.000000 0.000000 -0.000000
vn 0.923879 -0.000000 0.382684
vn 0.923879 -0.000000 0.382684
vn 0.707107 -0.000000 0.707107
vn 0.707107 -0.000000 0.707107
vn 0.555571 -0.000000 0.831469
vn 0.555571 -0.000000 0.831469
vn 0.382684 -0.000000 0.923879
vn 0.382684 -0.000000 0.923879
vn 0.195090 -0.000000 0.980785
vn 0.195090 -0.000000 0.980785
vn 0.195090 -0.000000 0.980785
vn 0.195090 -0.000000 0.980785
vn -0.382682 0.000000 -0.923880
vn -0.382682 0.000000 -0.923880
vn -0.382682 0.000000 -0.923880
vn -0.382682 0.000000 -0.923880
vn 0.923880 -0.000000 0.382682
vn 0.923880 -0.000000 0.382682
vn 0.923880 -0.000000 0.382682
vn 0.923880 -0.000000 0.382682
vn 0.382682 0.000000 -0.923880
vn 0.382682 0.000000 -0.923880
vn 0.382682 0.000000 -0.923880
vn 0.382682 0.000000 -0.923880
vn 0.923881 0.000000 -0.382680
vn 0.923881 0.000000 -0.382680
vn 0.923881 0.000000 -0.382680
vn 0.923881 0.000000 -0.382680
vn -0.000000 1.000000 0.000000
vn -0.000000 1.000000 0.000000
vn -0.000000 1.000000 0.000000
vn -0.000000 1.000000 0.000000
vn -0.000000 1.000000 0.000000
vn -0.000000 1.000000 0.000000
vn -0.000000 1.000000 0.000000
vn -0.000000 1.000000 0.000000
vn -0.000000 1.000000 0.000000
vn -0.000000 1.000000 0.000000
vn -0.000000 1.000000 0.000000
vn -0.923880 -0.000000 0.382682
vn -0.923880 -0.000000 0.382682
vn -0.923880 -0.000000 0.382682
vn -0.923880 -0.000000 0.382682
vn -0.382682 -0.000000 0.923880
vn -0.382682 -0.000000 0.923880
vn -0.382682 -0.000000 0.923880
vn -0.382682 -0.000000 0.923880
vn -0.923880 0.000000 -0.382682
vn -0.923880 0.000000 -0.382682
vn -0.923880 0.000000 -0.382682
vn -0.923880 0.000000 -0.382682
vn 0.382682 -0.000000 0.923880
vn 0.382682 -0.000000 0.923880
vn 0.382682 -0.000000 0.923880
vn 0.382682 -0.000000 0.923880
vn 0.997459 -0.000000 0.071247
vn 1.000000 0.000000 -0.000000
vn 1.000000 0.000000 -0.000000
vn 0.997459 -0.000000 0.071247
vn 0.832050 -0.000000 0.554700
vn 0.832050 -0.000000 0.554700
vn -0.382682 0.000000 -0.923880
vn -0.382682 0.000000 -0.923880
vn -0.382682 0.000000 -0.923880
vn -0.382682 0.000000 -0.923880
vn 0.923880 -0.000000 0.382682
vn 0.923880 -0.000000 0.382682
vn 0.923880 -0.000000 0.382682
vn 0.923880 -0.000000 0.382682
vn 0.382682 0.000000 -0.923880
vn 0.382682 0.000000 -0.923880
vn 0.382682 0.000000 -0.923880
vn 0.382682 0.000000 -0.923880
vn 0.923880 0.000000 -0.382682
vn 0.923880 0.000000 -0.382682
vn 0.923880 0.000000 -0.382682
vn 0.923880 0.000000 -0.382682
vn -0.923880 -0.000000 0.382682
vn -0.923880 -0.000000 0.382682
vn -0.923880 -0.000000 0.382682
vn -0.923880 -0.000000 0.382682
vn -0.382682 -0.000000 0.923880
vn -0.382682 -0.000000 0.923880
vn -0.382682 -0.000000 0.923880
vn -0.382682 -0.000000 0.923880
vn -0.923880 0.000000 -0.382682
vn -0.923880 0.000000 -0.382682
vn -0.923880 0.000000 -0.382682
vn -0.923880 0.000000 -0.382682
vn 0.382682 -0.000000 0.923880
vn 0.382682 -0.000000 0.923880
vn 0.382682 -0.000000 0.923880
vn 0.382682 -0.000000 0.923880
vn -0.382682 0.000000 -0.923880
vn -0.382682 0.000000 -0.923880
vn -0.382682 0.000000 -0.923880
vn -0.382682 0.000000 -0.923880
vn 0.923880 -0.000000 0.382682
vn 0.923880 -0.000000 0.382682
vn 0.923880 -0.000000 0.382682
vn 0.923880 -0.000000 0.382682
vn 0.382682 0.000000 -0.923880
vn 0.382682 0.000000 -0.923880
vn 0.382682 0.000000 -0.923880
vn 0.382682 0.000000 -0.923880
vn 0.923880 0.000000 -0.382682
vn 0.923880 0.000000 -0.382682
vn 0.923880 0.000000 -0.382682
vn 0.923880 0.000000 -0.382682
vn -0.000000 -1.000000 -0.000000
vn -0.000000 -1.000000 -0.000000
vn -0.000000 -1.000000 -0.000000
vn -0.000000 -1.000000 -0.000000
vn -0.923880 -0.000000 0.382682
vn -0.923880 -0.000000 0.382682
vn -0.923880 -0.000000 0.382682
vn -0.923880 -0.000000 0.382682
vn -0.382682 -0.000000 0.923880
vn -0.382682 -0.000000 0.923880
vn -0.382682 -0.000000 0.923880
vn -0.382682 -0.000000 0.923880
vn -0.000000 0.000000 -1.000000
vn -0.000000 0.000000 -1.000000
vn -0.021734 0.000000 -0.999764
vn -0.021734 0.000000 -0.999764
vn -0.554700 0.000000 -0.832050
vn -0.554700 0.000000 -0.832050
vn -0.923880 0.000000 -0.382682
vn -0.923880 0.000000 -0.382682
vn -0.923880 0.000000 -0.382682
vn -0.923880 0.000000 -0.382682
vn 0.382682 -0.000000 0.923880
vn 0.382682 -0.000000 0.923880
vn 0.382682 -0.000000 0.923880
vn 0.382682 -0.000000 0.923880
vn -0.000000 -1.000000 -0.000000
vn -0.000000 -1.000000 -0.000000
vn -0.000000 -1.000000 -0.000000
vn -0.000000 -1.000000 -0.000000
vn -0.000000 -1.000000 -0.000000
vn 0.554700 -0.000000 0.832050
vn 0.554700 -0.000000 0.832050
vn 0.832050 -0.000000 0.554700
vn 0.832050 -0.000000 0.554700
vn -0.382682 0.000000 -0.923880
vn -0.382682 0.000000 -0.923880
vn -0.382682 0.000000 -0.923880
vn -0.382682 0.000000 -0.923880
vn 0.923880 -0.000000 0.382682
vn 0.923880 -0.000000 0.382682
vn 0.923880 -0.000000 0.382682
vn 0.923880 -0.000000 0.382682
vn 0.382682 0.000000 -0.923880
vn 0.382682 0.000000 -0.923880
vn 0.382682 0.000000 -0.923880
vn 0.382682 0.000000 -0.923880
vn 0.923880 0.000000 -0.382682
vn 0.923880 0.000000 -0.382682
vn 0.923880 0.000000 -0.382682
vn 0.923880 0.000000 -0.382682
vn 0.062378 -0.000000 0.998053
vn 0.062378 -0.000000 0.998053
vn 0.554700 -0.000000 0.832050
vn 0.554700 -0.000000 0.832050
vn -0.000000 1.000000 0.000000
vn -0.000000 1.000000 0.000000
vn -0.000000 1.000000 0.000000
vn -0.000000 1.000000 0.000000
vn -0.923880 -0.000000 0.382682
vn -0.923880 -0.000000 0.382682
vn -0.923880 -0.000000 0.382682
vn -0.923880 -0.000000 0.382682
vn -0.382682 -0.000000 0.923880
vn -0.382682 -0.000000 0.923880
vn -0.382682 -0.000000 0.923880
vn -0.382682 -0.000000 0.923880
vn -0.923880 0.000000 -0.382682
vn -0.923880 0.000000 -0.382682
vn -0.923880 0.000000 -0.382682
vn -0.923880 0.000000 -0.382682
vn 0.382682 -0.000000 0.923880
vn 0.382682 -0.000000 0.923880
vn 0.382682 -0.000000 0.923880
vn 0.382682 -0.000000 0.923880
vn -0.382682 0.000000 -0.923880
vn -0.382682 0.000000 -0.923880
vn -0.382682 0.000000 -0.923880
vn -0.382682 0.000000 -0.923880
vn 0.923880 -0.000000 0.382682
vn 0.923880 -0.000000 0.382682
vn 0.923880 -0.000000 0.382682
vn 0.923880 -0.000000 0.382682
vn -0.000000 1.000000 0.000000
vn -0.000000 1.000000 0.000000
vn -0.000000 1.000000 0.000000
vn -0.000000 1.000000 0.000000
vn -0.000000 1.000000 0.000000
vn 0.382682 0.000000 -0.923880
vn 0.382682 0.000000 -0.923880
vn 0.382682 0.000000 -0.923880
vn 0.382682 0.000000 -0.923880
vn 0.923880 0.000000 -0.382682
vn 0.923880 0.000000 -0.382682
vn 0.923880 0.000000 -0.382682
vn 0.923880 0.000000 -0.382682
vn -0.923880 -0.000000 0.382682
vn -0.923880 -0.000000 0.382682
vn -0.923880 -0.000000 0.382682
vn -0.923880 -0.000000 0.382682
vn -0.382682 -0.000000 0.923880
vn -0.382682 -0.000000 0.923880
vn -0.382682 -0.000000 0.923880
vn -0.382682 -0.000000 0.923880
vn -0.923880 0.000000 -0.382682
vn -0.923880 0.000000 -0.382682
vn -0.923880 0.000000 -0.382682
vn -0.923880 0.000000 -0.382682
vn 0.382682 -0.000000 0.923880
vn 0.382682 -0.000000 0.923880
vn 0.382682 -0.000000 0.923880
vn 0.382682 -0.000000 0.923880
vn -0.382682 0.000000 -0.923880
vn -0.382682 0.000000 -0.923880
vn -0.382682 0.000000 -0.923880
vn -0.382682 0.000000 -0.923880
vn 0.923880 -0.000000 0.382682
vn 0.923880 -0.000000 0.382682
vn 0.923880 -0.000000 0.382682
vn 0.923880 -0.000000 0.382682
vn -0.000000 -0.000000 1.000000
vn -0.000000 -0.000000 1.000000
vn 0.062378 -0.000000 0.998053
vn 0.062378 -0.000000 0.998053
vn 0.382682 0.000000 -0.923880
vn 0.382682 0.000000 -0.923880
vn 0.382682 0.000000 -0.923880
vn 0.382682 0.000000 -0.923880
vn 0.923880 0.000000 -0.382682
vn 0.923880 0.000000 -0.382682
vn 0.923880 0.000000 -0.382682
vn 0.923880 0.000000 -0.382682
vn -0.923880 -0.000000 0.382682
vn -0.923880 -0.000000 0.382682
vn -0.923880 -0.000000 0.382682
vn -0.923880 -0.000000 0.382682
vn -0.382682 -0.000000 0.923880
vn -0.382682 -0.000000 0.923880
vn -0.382682 -0.000000 0.923880
vn -0.382682 -0.000000 0.923880
vn -0.923880 0.000000 -0.382682
vn -0.923880 0.000000 -0.382682
vn -0.923880 0.000000 -0.382682
vn -0.923880 0.000000 -0.382682
vn 0.382682 -0.000000 0.923880
vn 0.382682 -0.000000 0.923880
vn 0.382682 -0.000000 0.923880
vn 0.382682 -0.000000 0.923880
vn -0.382682 0.000000 -0.923880
vn -0.382682 0.000000 -0.923880
vn -0.382682 0.000000 -0.923880
vn -0.382682 0.000000 -0.923880
vn 0.923880 -0.000000 0.382682
vn 0.923880 -0.000000 0.382682
vn 0.923880 -0.000000 0.382682
vn 0.923880 -0.000000 0.382682
vn 0.382682 0.000000 -0.923880
vn 0.382682 0.000000 -0.923880
vn 0.382682 0.000000 -0.923880
vn 0.382682 0.000000 -0.923880
vn 0.923880 0.000000 -0.382682
vn 0.923880 0.000000 -0.382682
vn 0.923880 0.000000 -0.382682
vn 0.923880 0.000000 -0.382682
vn -0.923880 -0.000000 0.382683
vn -0.980785 -0.000000 0.195090
vn -0.980785 -0.000000 0.195090
vn -0.923880 -0.000000 0.382683
vn -0.707106 -0.000000 0.707107
vn -0.707106 -0.000000 0.707107
vn -0.382683 -0.000000 0.923880
vn -0.382683 -0.000000 0.923880
vn -0.000000 -0.000000 1.000000
vn -0.000000 -0.000000 1.000000
vn 0.382683 -0.000000 0.923880
vn 0.382683 -0.000000 0.923880
vn 0.707106 -0.000000 0.707107
vn 0.707106 -0.000000 0.707107
vn 0.923880 -0.000000 0.382683
vn 0.923880 -0.000000 0.382683
vn 0.980785 -0.000000 0.195090
vn 0.980785 -0.000000 0.195090
vn -0.554700 0.000000 -0.832050
vn -0.554700 0.000000 -0.832050
vn -0.832050 0.000000 -0.554700
vn -0.832050 0.000000 -0.554700
vn -0.832050 0.000000 -0.554700
vn -0.832050 0.000000 -0.554700
vn -0.997459 0.000000 -0.071247
vn -0.997459 0.000000 -0.071247
vn -1.000000 0.000000 -0.000000
vn -1.000000 0.000000 -0.000000
vn -0.000000 -1.000000 -0.000000
vn -0.000000 -1.000000 -0.000000
vn -0.000000 -1.000000 -0.000000
vn -0.000000 -1.000000 -0.000000
vn -0.000000 1.000000 0.000000
vn -0.000000 1.000000 0.000000
vn -0.000000 1.000000 0.000000
vn -0.000000 1.000000 0.000000
vn -0.021734 -0.000000 0.999764
vn -0.021734 -0.000000 0.999764
vn -0.000000 -0.000000 1.000000
vn -0.000000 -0.000000 1.000000
vn -0.000000 -1.000000 -0.000000
vn -0.000000 -1.000000 -0.000000
vn -0.000000 -1.000000 -0.000000
vn -0.000000 -1.000000 -0.000000
vn -1.000000 0.000000 -0.000000
vn -1.000000 0.000000 -0.000000
vn -0.997459 -0.000000 0.071247
vn -0.997459 -0.000000 0.071247
vn -0.832050 -0.000000 0.554700
vn -0.832050 -0.000000 0.554700
vn -0.000000 1.000000 0.000000
vn -0.000000 1.000000 0.000000
vn -0.000000 1.000000 0.000000
vn -0.000000 1.000000 0.000000
vn -0.554700 -0.000000 0.832050
vn -0.554700 -0.000000 0.832050
vn -0.021734 -0.000000 0.999764
vn -0.021734 -0.000000 0.999764
vn -0.832050 -0.000000 0.554700
vn -0.832050 -0.000000 0.554700
vn -0.554700 -0.000000 0.832050
vn -0.554700 -0.000000 0.832050
vn -0.000000 -1.000000 -0.000000
vn -0.000000 -1.000000 -0.000000
vn -0.000000 -1.000000 -0.000000
vn -0.000000 -1.000000 -0.000000
vn -0.000000 -1.000000 -0.000000
vn -0.000000 1.000000 0.000000
vn -0.000000 1.000000 0.000000
vn -0.000000 1.000000 0.000000
vn -0.000000 1.000000 0.000000
vn -0.000000 1.000000 0.000000
vn -0.000000 -1.000000 -0.000000
vn -0.000000 -1.000000 -0.000000
vn -0.000000 -1.000000 -0.000000
vn -0.000000 -1.000000 -0.000000
vn -0.000000 -1.000000 -0.000000
vn -0.000000 1.000000 0.000000
vn -0.000000 1.000000 0.000000
vn -0.000000 1.000000 0.000000
vn -0.000000 1.000000 0.000000
vn -0.000000 1.000000 0.000000
vn -0.000000 -1.000000 -0.000000
vn -0.000000 -1.000000 -0.000000
vn -0.000000 -1.000000 -0.000000
vn -0.000000 -1.000000 -0.000000
vn -0.000000 -1.000000 -0.000000
vn -0.000000 -1.000000 -0.000000
vn -0.000000 -1.000000 -0.000000
vn -0.000000 -1.000000 -0.000000
vn -0.000000 -1.000000 -0.000000
vn -0.000000 -1.000000 -0.000000
vn -0.000000 -1.000000 -0.000000
vn -0.000000 1.000000 0.000000
vn -0.000000 1.000000 0.000000
vn -0.000000 1.000000 0.000000
vn -0.000000 1.000000 0.000000
vn -0.000000 1.000000 0.000000
vn -0.000000 1.000000 0.000000
vn -0.000000 1.000000 0.000000
vn -0.000000 1.000000 0.000000
vn -0.000000 1.000000 0.000000
vn -0.000000 1.000000 0.000000
vn -0.000000 1.000000 0.000000
vn -0.195090 -0.000000 0.980785
vn -0.195090 -0.000000 0.980785
vn -0.195090 -0.000000 0.980785
vn -0.195090 -0.000000 0.980785
vn -0.382684 0.000000 0.923879
vn -0.382684 0.000000 0.923879
vn -0.555571 0.000000 0.831469
vn -0.555571 0.000000 0.831469
vn -0.707107 0.000000 0.707106
vn -0.707107 0.000000 0.707106
vn -0.923880 -0.000000 0.382683
vn -0.923880 -0.000000 0.382683
vn -1.000000 0.000000 -0.000000
vn -1.000000 0.000000 -0.000000
vn -0.923880 0.000000 -0.382683
vn -0.923880 0.000000 -0.382683
vn -0.707106 -0.000000 -0.707107
vn -0.707106 -0.000000 -0.707107
vn -0.555569 -0.000000 -0.831471
vn -0.555569 -0.000000 -0.831471
vn -0.382683 -0.000000 -0.923880
vn -0.382683 -0.000000 -0.923880
vn -0.195090 0.000000 -0.980785
vn -0.195090 0.000000 -0.980785
vn -0.195090 0.000000 -0.980785
vn -0.195090 0.000000 -0.980785
vn -0.000000 -1.000000 -0.000000
vn -0.000000 -1.000000 -0.000000
vn -0.000000 -1.000000 -0.000000
vn -0.000000 -1.000000 -0.000000
vn -0.000000 -1.000000 -0.000000
vn -0.000000 -1.000000 -0.000000
vn -0.000000 -1.000000 -0.000000
vn -0.000000 -1.000000 -0.000000
vn -0.000000 -1.000000 -0.000000
vn -0.000000 -1.000000 -0.000000
vn -0.000000 -1.000000 -0.000000
vn -0.000000 -1.000000 -0.000000
vn -0.000000 -1.000000 -0.000000
vn -0.000000 -1.000000 -0.000000
vn -0.000000 -1.000000 -0.000000
vn -0.000000 -1.000000 -0.000000
vn -0.000000 -1.000000 -0.000000
vn -0.000000 -1.000000 -0.000000
vn -0.000000 -1.000000 -0.000000
vn -0.000000 -1.000000 -0.000000
vn -0.000000 -1.000000 -0.000000
vn -0.000000 -1.000000 -0.000000
vn -0.000000 -1.000000 -0.000000
vn -0.000000 -1.000000 -0.000000
vn -0.000000 -1.000000 -0.000000
vn -0.000000 -1.000000 -0.000000
vn -0.000000 -1.000000 -0.000000
vn -0.000000 -1.000000 -0.000000
vn -0.000000 -1.000000 -0.000000
vn -0.000000 -1.000000 -0.000000
vn -0.000000 -1.000000 -0.000000
vn -0.000000 -1.000000 -0.000000
vn -0.000000 -1.000000 -0.000000
vn -0.000000 -1.000000 -0.000000
vn -0.000000 -1.000000 -0.000000
vn -0.000000 -1.000000 -0.000000
vn -0.000000 -1.000000 -0.000000
vn -0.000000 -1.000000 -0.000000
vn -0.000000 -1.000000 -0.000000
vn -0.000000 -1.000000 -0.000000
vn -0.000000 -1.000000 -0.000000
vn -0.000000 -1.000000 -0.000000
vn -0.000000 -1.000000 -0.000000
vn -0.000000 -1.000000 -0.000000
vn -0.000000 -1.000000 -0.000000
vn -0.000000 -1.000000 -0.000000
vn -0.000000 -1.000000 -0.000000
vn -0.000000 -1.000000 -0.000000
vn -0.000000 -1.000000 -0.000000
vn -0.000000 -1.000000 -0.000000
vn -0.000000 -1.000000 -0.000000
vn -0.000000 -1.000000 -0.000000
vn -0.000000 -1.000000 -0.000000
vn -0.000000 -1.000000 -0.000000
vn -0.000000 -1.000000 -0.000000
vn -0.000000 -1.000000 -0.000000
vn -0.000000 -1.000000 -0.000000
vn -0.000000 -1.000000 -0.000000
vn -0.000000 -1.000000 -0.000000
vn -0.000000 -1.000000 -0.000000
vn -0.000000 -1.000000 -0.000000
vn -0.000000 -1.000000 -0.000000
vn -0.000000 -1.000000 -0.000000
vn -0.000000 -1.000000 -0.000000
vn -0.000000 -1.000000 -0.000000
vn -0.000000 -1.000000 -0.000000
vn -0.000000 -1.000000 -0.000000
vn -0.000000 -1.000000 -0.000000
vn -0.000000 -1.000000 -0.000000
vn -0.000000 -1.000000 -0.000000
vn -0.000000 -1.000000 -0.000000
vn -0.000000 -1.000000 -0.000000
vn -0.000000 -1.000000 -0.000000
vn -0.000000 -1.000000 -0.000000
vn -0.000000 -1.000000 -0.000000
vn -0.000000 -1.000000 -0.000000
vn -0.000000 -1.000000 -0.000000
vn -0.000000 -1.000000 -0.000000
vn -0.000000 -1.000000 -0.000000
vn -0.000000 -1.000000 -0.000000
vn -0.000000 1.000000 0.000000
vn -0.000000 1.000000 0.000000
vn -0.000000 1.000000 0.000000
vn -0.000000 1.000000 0.000000
vn -0.000000 1.000000 0.000000
vn -0.000000 1.000000 0.000000
vn -0.000000 1.000000 0.000000
vn -0.000000 1.000000 0.000000
vn -0.000000 1.000000 0.000000
vn -0.000000 1.000000 0.000000
vn -0.000000 1.000000 0.000000
vn -0.000000 1.000000 0.000000
vn -0.000000 1.000000 0.000000
vn -0.000000 1.000000 0.000000
vn -0.000000 1.000000 0.000000
vn -0.000000 1.000000 0.000000
vn -0.000000 1.000000 0.000000
vn -0.000000 1.000000 0.000000
vn -0.000000 1.000000 0.000000
vn -0.000000 1.000000 0.000000
vn -0.000000 1.000000 0.000000
vn -0.000000 1.000000 0.000000
vn -0.000000 1.000000 0.000000
vn -0.000000 1.000000 0.000000
vn -0.000000 1.000000 0.000000
vn -0.000000 1.000000 0.000000
vn -0.000000 1.000000 0.000000
vn -0.000000 1.000000 0.000000
vn -0.000000 1.000000 0.000000
vn -0.000000 1.000000 0.000000
vn -0.000000 1.000000 0.000000
vn -0.000000 1.000000 0.000000
vn -0.000000 1.000000 0.000000
vn -0.000000 1.000000 0.000000
vn -0.000000 1.000000 0.000000
vn -0.000000 1.000000 0.000000
vn -0.000000 1.000000 0.000000
vn -0.000000 1.000000 0.000000
vn -0.000000 1.000000 0.000000
vn -0.000000 1.000000 0.000000
vn -0.000000 1.000000 0.000000
vn -0.000000 1.000000 0.000000
vn -0.000000 1.000000 0.000000
vn -0.000000 1.000000 0.000000
vn -0.000000 1.000000 0.000000
vn -0.000000 1.000000 0.000000
vn -0.000000 1.000000 0.000000
vn -0.000000 1.000000 0.000000
vn -0.000000 1.000000 0.000000
vn -0.000000 1.000000 0.000000
vn -0.000000 1.000000 0.000000
vn -0.000000 1.000000 0.000000
vn -0.000000 1.000000 0.000000
vn -0.000000 1.000000 0.000000
vn -0.000000 1.000000 0.000000
vn -0.000000 1.000000 0.000000
vn -0.000000 1.000000 0.000000
vn -0.000000 1.000000 0.000000
vn -0.000000 1.000000 0.000000
vn -0.000000 1.000000 0.000000
vn -0.000000 1.000000 0.000000
vn -0.000000 1.000000 0.000000
vn -0.000000 1.000000 0.000000
vn -0.000000 1.000000 0.000000
vn -0.000000 1.000000 0.000000
vn -0.000000 1.000000 0.000000
vn -0.000000 1.000000 0.000000
vn -0.000000 1.000000 0.000000
vn -0.000000 1.000000 0.000000
vn -0.000000 1.000000 0.000000
vn -0.000000 1.000000 0.000000
vn -0.000000 1.000000 0.000000
vn -0.000000 1.000000 0.000000
vn -0.000000 1.000000 0.000000
vn -0.000000 1.000000 0.000000
vn -0.000000 1.000000 0.000000
vn -0.000000 1.000000 0.000000
vn -0.000000 1.000000 0.000000
vn -0.000000 1.000000 0.000000
vn -0.000000 1.000000 0.000000
vn -0.000000 -1.000000 -0.000000
vn -0.000000 -1.000000 -0.000000
vn -0.000000 -1.000000 -0.000000
vn -0.000000 -1.000000 -0.000000
vn -0.000000 -1.000000 -0.000000
vn -0.000000 -1.000000 -0.000000
vn -0.000000 -1.000000 -0.000000
vn -0.000000 -1.000000 -0.000000
vn -0.000000 -1.000000 -0.000000
vn 0.832050 0.000000 -0.554700
vn 0.832050 0.000000 -0.554700
vn 0.554700 0.000000 -0.832050
vn 0.554700 0.000000 -0.832050
vn -0.000000 1.000000 0.000000
vn -0.000000 1.000000 0.000000
vn -0.000000 1.000000 0.000000
vn -0.000000 1.000000 0.000000
vn -0.000000 1.000000 0.000000
vn -0.000000 1.000000 0.000000
vn -0.000000 1.000000 0.000000
vn -0.000000 1.000000 0.000000
vn -0.000000 1.000000 0.000000
vn -0.000000 1.000000 0.000000
vn -0.000000 1.000000 0.000000
vn -0.000000 1.000000 0.000000
vn -0.000000 1.000000 0.000000
vn -0.000000 1.000000 0.000000
vn -0.000000 1.000000 0.000000
vn -0.000000 1.000000 0.000000
vn -0.000000 1.000000 0.000000
vn -0.000000 1.000000 0.000000
vn -0.000000 1.000000 0.000000
vn -0.000000 1.000000 0.000000
vn -0.000000 1.000000 0.000000
vn -0.000000 1.000000 0.000000
vn -0.000000 1.000000 0.000000
vn -0.000000 1.000000 0.000000
vn -0.000000 1.000000 0.000000
vn -0.000000 1.000000 0.000000
vn -0.000000 1.000000 0.000000
vn -0.000000 1.000000 0.000000
vn -0.000000 1.000000 0.000000
vn -0.000000 1.000000 0.000000
vn -0.000000 1.000000 0.000000
vn -0.000000 1.000000 0.000000
vn -0.000000 1.000000 0.000000
vn -0.000000 1.000000 0.000000
vn -0.000000 1.000000 0.000000
vn -0.000000 1.000000 0.000000
vn -0.000000 1.000000 0.000000
vn -0.000000 1.000000 0.000000
vn -0.000000 1.000000 0.000000
vn -0.000000 1.000000 0.000000
vn -0.000000 1.000000 0.000000
vn -0.000000 1.000000 0.000000
vn -0.000000 1.000000 0.000000
vn -0.000000 1.000000 0.000000
vn -0.000000 1.000000 0.000000
vn -0.000000 1.000000 0.000000
vn -0.000000 1.000000 0.000000
vn -0.000000 1.000000 0.000000
vn -0.000000 1.000000 0.000000
vn -0.000000 1.000000 0.000000
vn 0.000000 1.000000 0.000000
vn -0.000000 1.000000 0.000000
vn -0.000000 1.000000 0.000000
vn -0.000000 1.000000 0.000000
vn -0.000000 1.000000 0.000000
vn -0.000000 1.000000 0.000000
vn -0.000000 1.000000 0.000000
vn -0.000000 1.000000 0.000000
vn -0.000000 1.000000 0.000000
vn -0.000000 1.000000 0.000000
vn -0.000000 1.000000 0.000000
vn -0.000000 1.000000 0.000000
vn -0.000000 1.000000 0.000000
vn -0.000000 1.000000 0.000000
vn -0.000000 -1.000000 -0.000000
vn -0.000000 -1.000000 -0.000000
vn -0.000000 -1.000000 -0.000000
vn -0.000000 -1.000000 -0.000000
vn -0.000000 1.000000 0.000000
vn -0.000000 1.000000 0.000000
vn -0.000000 1.000000 0.000000
vn -0.000000 1.000000 0.000000
vn -0.000000 1.000000 0.000000
vn -0.000000 1.000000 0.000000
vn -0.000000 1.000000 0.000000
vn -0.000000 1.000000 0.000000
vn -0.000000 1.000000 0.000000
vn -0.000000 1.000000 0.000000
vn -0.000000 1.000000 0.000000
vn -0.000000 1.000000 0.000000
vn -0.000000 1.000000 0.000000
vn -0.000000 1.000000 0.000000
vn -0.000000 1.000000 0.000000
vn -0.000000 1.000000 0.000000
vn -0.000000 1.000000 0.000000
vn -0.000000 1.000000 0.000000
vn -0.000000 1.000000 0.000000
vn -0.000000 1.000000 0.000000
vn -0.000000 1.000000 0.000000
vn -0.000000 1.000000 0.000000
vn -0.000000 1.000000 0.000000
vn -0.000000 1.000000 0.000000
vn -0.000000 1.000000 0.000000
vn -0.000000 1.000000 0.000000
vn -0.000000 1.000000 0.000000
vn -0.000000 1.000000 0.000000
vn -0.000000 1.000000 0.000000
vn -0.000000 1.000000 0.000000
vn -0.000000 1.000000 0.000000
vn -0.000000 1.000000 0.000000
vn -0.000000 1.000000 0.000000
vn -0.000000 1.000000 0.000000
vn -0.000000 1.000000 0.000000
vn -0.000000 1.000000 0.000000
vn -0.000000 1.000000 0.000000
vn -0.000000 1.000000 0.000000
vn -0.000000 1.000000 0.000000
vn -0.000000 1.000000 0.000000
vn -0.000000 1.000000 0.000000
vn -0.000000 1.000000 0.000000
vn -0.000000 1.000000 0.000000
vn -0.000000 1.000000 0.000000
vn -0.000000 1.000000 0.000000
vn -0.000000 1.000000 0.000000
vn -0.000000 1.000000 0.000000
vn -0.000000 1.000000 0.000000
vn -0.000000 1.000000 0.000000
vn -0.000000 1.000000 0.000000
vn -0.000000 1.000000 0.000000
vn -0.000000 1.000000 0.000000
vn -0.000000 1.000000 0.000000
vn -0.000000 1.000000 0.000000
vn -0.000000 1.000000 0.000000
vn -0.000000 1.000000 0.000000
vn -0.000000 1.000000 0.000000
vn -0.000000 1.000000 0.000000
vn -0.000000 1.000000 0.000000
vn -0.000000 1.000000 0.000000
vn -0.000000 1.000000 0.000000
vn -0.000000 1.000000 0.000000
vn -0.000000 1.000000 0.000000
vn -0.000000 1.000000 0.000000
vn -0.000000 1.000000 0.000000
vn -0.000000 1.000000 0.000000
vn -0.000000 1.000000 0.000000
vn -0.000000 1.000000 0.000000
vn -0.000000 1.000000 0.000000
vn -0.000000 1.000000 0.000000
vn -0.000000 1.000000 0.000000
vn -0.000000 1.000000 0.000000
vn -0.000000 1.000000 0.000000
vn -0.000000 1.000000 0.000000
vn -0.000000 1.000000 0.000000
vn -0.000000 1.000000 0.000000
vn -0.000000 1.000000 0.000000
vn -0.000000 1.000000 0.000000
vn -0.000000 1.000000 0.000000
vn -0.000000 1.000000 0.000000
vn -0.000000 1.000000 0.000000
vn -0.000000 1.000000 0.000000
vn -0.000000 1.000000 0.000000
vn -0.000000 1.000000 0.000000
vn -0.000000 1.000000 0.000000
vn -0.000000 1.000000 0.000000
vn -0.000000 1.000000 0.000000
vn 0.000000 1.000000 0.000000
vn -0.000000 1.000000 0.000000
vn -0.000000 1.000000 0.000000
vn -0.000000 1.000000 0.000000
vn -0.000000 1.000000 0.000000
vn -0.000000 1.000000 0.000000
vn -0.000000 1.000000 0.000000
vn -0.000000 1.000000 0.000000
vn -0.000000 1.000000 0.000000
vn 0.000000 1.000000 0.000000
vn -0.000000 1.000000 0.000000
vn 0.000000 1.000000 0.000000
vn -0.000000 1.000000 0.000000
vn -0.000000 1.000000 0.000000
vn -0.000000 1.000000 0.000000
vn 0.000000 1.000000 0.000000
vn -0.000000 1.000000 0.000000
vn -0.000000 1.000000 0.000000
vn -0.000000 1.000000 0.000000
vn -0.000000 1.000000 0.000000
vn -0.000000 1.000000 0.000000
vn -0.000000 1.000000 0.000000
vn -0.000000 1.000000 0.000000
vn -0.000000 1.000000 0.000000
vn -0.000000 1.000000 0.000000
vn -0.000000 1.000000 0.000000
vn -0.000000 1.000000 0.000000
vn 0.000000 1.000000 0.000000
vn -0.000000 1.000000 0.000000
vn -0.000000 1.000000 0.000000
vn -0.000000 1.000000 0.000000
vn 0.000000 1.000000 0.000000
vn -0.000000 1.000000 0.000000
vn -0.000000 1.000000 0.000000
vn -0.000000 1.000000 0.000000
vn -0.000000 1.000000 0.000000
vn -0.000000 1.000000 0.000000
vn -0.000000 1.000000 0.000000
vn -0.000000 1.000000 0.000000
vn -0.000000 1.000000 0.000000
vn -0.000000 1.000000 0.000000
vn -0.000000 1.000000 0.000000
vn -0.000000 1.000000 0.000000
vn 0.000000 1.000000 0.000000
vn -0.000000 1.000000 0.000000
vn -0.000000 1.000000 0.000000
vn -0.000000 1.000000 0.000000
vn 0.000000 1.000000 0.000000
vn -0.000000 1.000000 0.000000
vn -0.000000 1.000000 0.000000
vn -0.000000 1.000000 0.000000
vn -0.000000 1.000000 0.000000
vn -0.000000 1.000000 0.000000
vn -0.000000 1.000000 0.000000
vn -0.000000 1.000000 0.000000
vn -0.000000 1.000000 0.000000
vn -0.000000 1.000000 0.000000
vn -0.000000 1.000000 0.000000
vn -0.000000 1.000000 0.000000
vn 0.000000 1.000000 0.000000
vn -0.000000 1.000000 0.000000
vn -0.000000 1.000000 0.000000
vn -0.000000 1.000000 0.000000
vn 0.000000 1.000000 0.000000
vn -0.000000 1.000000 0.000000
vn -0.000000 1.000000 0.000000
vn -0.000000 1.000000 0.000000
vn 0.000000 1.000000 0.000000
vn -0.000000 1.000000 0.000000
vn -0.000000 1.000000 0.000000
vn -0.000000 1.000000 0.000000
vn -0.000000 1.000000 0.000000
vn -0.000000 1.000000 0.000000
vn -0.000000 1.000000 0.000000
vn -0.000000 1.000000 0.000000
vn -0.000000 1.000000 0.000000
vn -0.000000 1.000000 0.000000
vn -0.000000 1.000000 0.000000
vn -0.000000 1.000000 0.000000
vn 0.000000 1.000000 0.000000
vn -0.000000 1.000000 0.000000
vn -0.000000 1.000000 0.000000
vn -0.000000 1.000000 0.000000
vn 0.000000 1.000000 0.000000
vn -0.000000 1.000000 0.000000
vn -0.000000 1.000000 0.000000
vn -0.000000 1.000000 0.000000
vn -0.000000 1.000000 0.000000
vn -0.000000 1.000000 0.000000
vn -0.000000 1.000000 0.000000
vn -0.000000 1.000000 0.000000
vn -0.000000 1.000000 0.000000
vn -0.000000 1.000000 0.000000
vn -0.000000 1.000000 0.000000
vn -0.000000 1.000000 0.000000
vn 0.000000 1.000000 0.000000
vn -0.000000 1.000000 0.000000
vn -0.000000 1.000000 0.000000
vn -0.000000 1.000000 0.000000
vn 0.000000 1.000000 0.000000
vn -0.000000 1.000000 0.000000
vn -0.000000 1.000000 0.000000
vn -0.000000 1.000000 0.000000
vn -0.000000 1.000000 0.000000
vn -0.000000 1.000000 0.000000
vn -0.000000 1.000000 0.000000
vn -0.000000 1.000000 0.000000
vn -0.000000 1.000000 0.000000
vn -0.000000 1.000000 0.000000
vn -0.000000 1.000000 0.000000
vn -0.000000 1.000000 0.000000
vn -0.000000 1.000000 0.000000
vn -0.000000 1.000000 0.000000
vn -0.000000 1.000000 0.000000
vn -0.000000 1.000000 0.000000
vn -0.000000 1.000000 0.000000
vn -0.000000 1.000000 0.000000
vn -0.000000 1.000000 0.000000
vn -0.000000 1.000000 0.000000
vn -0.000000 1.000000 0.000000
vn -0.000000 1.000000 0.000000
vn -0.000000 1.000000 0.000000
vn -0.000000 1.000000 0.000000
vn -0.000000 1.000000 0.000000
vn -0.000000 1.000000 0.000000
vn -0.000000 1.000000 0.000000
vn -0.000000 1.000000 0.000000
vn -0.000000 1.000000 0.000000
vn -0.000000 1.000000 0.000000
vn -0.000000 1.000000 0.000000
vn -0.000000 1.000000 0.000000
vn -0.000000 1.000000 0.000000
vn -0.000000 1.000000 0.000000
vn -0.000000 1.000000 0.000000
vn -0.000000 1.000000 0.000000
vn -0.000000 1.000000 0.000000
vn -0.000000 1.000000 0.000000
vn -0.000000 1.000000 0.000000
vn -0.000000 1.000000 0.000000
vn -0.000000 1.000000 0.000000
vn -0.000000 1.000000 0.000000
vn -0.000000 1.000000 0.000000
vn -0.000000 1.000000 0.000000
vn -0.000000 1.000000 0.000000
vn -0.000000 1.000000 0.000000
vn -0.000000 1.000000 0.000000
vn -0.000000 1.000000 0.000000
vn -0.000000 1.000000 0.000000
vn -0.000000 1.000000 0.000000
vn -0.000000 1.000000 0.000000
vn -0.000000 1.000000 0.000000
vn -0.000000 1.000000 0.000000
vn -0.000000 1.000000 0.000000
vn -0.000000 1.000000 0.000000
vn -0.000000 1.000000 0.000000
vn -0.000000 1.000000 0.000000
vn -0.000000 1.000000 0.000000
vn -0.000000 1.000000 0.000000
vn -0.000000 1.000000 0.000000
vn -0.000000 1.000000 0.000000
vn -0.000000 1.000000 0.000000
vn -0.000000 1.000000 0.000000
vn -0.000000 1.000000 0.000000
vn -0.000000 1.000000 0.000000
vn -0.000000 1.000000 0.000000
vn -0.000000 1.000000 0.000000
vn -0.000000 1.000000 0.000000
vn 0.000000 1.000000 -0.000000
vn 0.000000 1.000000 -0.000000
vn 0.000000 1.000000 -0.000000
vn 0.000000 1.000000 -0.000000
vn 0.000000 1.000000 -0.000000
vn 0.000000 1.000000 -0.000000
vn 0.000000 1.000000 -0.000000
vn 0.000000 1.000000 -0.000000
vn 0.000000 1.000000 -0.000000
vn 0.000000 1.000000 -0.000000
vn 0.000000 1.000000 -0.000000
vn 0.000000 1.000000 -0.000000
vn 0.000000 1.000000 -0.000000
vn 0.000000 1.000000 -0.000000
vn 0.000000 1.000000 -0.000000
vn 0.000000 1.000000 -0.000000
vn 0.000000 1.000000 -0.000000
vn 0.000000 1.000000 -0.000000
vn 0.000000 1.000000 -0.000000
vn 0.000000 1.000000 -0.000000
vn 0.000000 1.000000 -0.000000
vn 0.000000 1.000000 -0.000000
vn 0.000000 1.000000 -0.000000
vn 0.000000 1.000000 -0.000000
vn 0.000000 1.000000 -0.000000
vn 0.000000 1.000000 -0.000000
vn 0.000000 1.000000 -0.000000
vn 0.000000 1.000000 -0.000000
vn 0.000000 1.000000 -0.000000
vn 0.000000 1.000000 -0.000000
vn 0.000000 1.000000 -0.000000
vn 0.000000 1.000000 -0.000000
vn 0.000000 1.000000 -0.000000
vn 0.000000 1.000000 -0.000000
vn 0.000000 1.000000 -0.000000
vn 0.000000 1.000000 -0.000000
vn 0.000000 1.000000 -0.000000
vn 0.000000 1.000000 -0.000000
vn 0.000000 1.000000 -0.000000
vn 0.000000 1.000000 -0.000000
vn 0.000000 1.000000 -0.000000
vn 0.000000 1.000000 -0.000000
vn 0.000000 1.000000 -0.000000
vn 0.000000 1.000000 -0.000000
vn 0.000000 1.000000 -0.000000
vn 0.000000 1.000000 -0.000000
vn 0.000000 1.000000 -0.000000
vn 0.000000 1.000000 -0.000000
vn 0.000000 1.000000 -0.000000
vn 0.000000 1.000000 -0.000000
vn 0.000000 1.000000 -0.000000
vn 0.000000 1.000000 -0.000000
vn 0.000000 1.000000 -0.000000
vn 0.000000 1.000000 -0.000000
vn 0.000000 1.000000 -0.000000
vn 0.000000 1.000000 -0.000000
vn 0.000000 1.000000 -0.000000
vn 0.000000 1.000000 -0.000000
vn 0.000000 1.000000 -0.000000
vn 0.000000 1.000000 -0.000000
vn 0.000000 1.000000 -0.000000
vn 0.000000 1.000000 -0.000000
vn 0.000000 1.000000 -0.000000
vn 0.000000 1.000000 -0.000000
vn 0.000000 1.000000 -0.000000
vn 0.000000 1.000000 -0.000000
vn 0.000000 1.000000 -0.000000
vn 0.000000 1.000000 -0.000000
vn 0.000000 1.000000 -0.000000
vn 0.000000 1.000000 -0.000000
vn 0.000000 1.000000 -0.000000
vn 0.000000 1.000000 -0.000000
vn 0.000000 1.000000 -0.000000
vn 0.000000 1.000000 -0.000000
vn 0.000000 1.000000 -0.000000
vn 0.000000 1.000000 -0.000000
vn 0.000000 1.000000 -0.000000
vn 0.000000 1.000000 -0.000000
vn 0.000000 1.000000 -0.000000
vn 0.000000 1.000000 -0.000000
vn 0.000000 1.000000 -0.000000
vn 0.000000 1.000000 -0.000000
vn 0.000000 1.000000 -0.000000
vn 0.000000 1.000000 -0.000000
vn 0.000000 1.000000 -0.000000
vn 0.000000 1.000000 -0.000000
vn 0.000000 1.000000 -0.000000
vn 0.000000 1.000000 -0.000000
vn 0.000000 1.000000 -0.000000
vn 0.000000 1.000000 -0.000000
vn 0.000000 1.000000 -0.000000
vn 0.000000 1.000000 -0.000000
vn 0.000000 1.000000 -0.000000
vn 0.000000 1.000000 -0.000000
vn 0.000000 1.000000 -0.000000
vn 0.000000 1.000000 -0.000000
vn 0.000000 1.000000 -0.000000
vn 0.000000 1.000000 -0.000000
vn 0.000000 1.000000 -0.000000
vn 0.000000 1.000000 -0.000000
vn 0.000000 1.000000 -0.000000
vn 0.000000 1.000000 -0.000000
vn 0.000000 1.000000 -0.000000
vn 0.000000 1.000000 -0.000000
vn 0.000000 1.000000 -0.000000
vn 0.000000 1.000000 -0.000000
vn 0.000000 1.000000 -0.000000
vn 0.000000 1.000000 -0.000000
vn 0.000000 1.000000 -0.000000
vn 0.000000 1.000000 -0.000000
vn 0.000000 1.000000 -0.000000
vn 0.000000 1.000000 -0.000000
vn 0.000000 1.000000 -0.000000
vn 0.000000 1.000000 -0.000000
vn 0.000000 1.000000 -0.000000
vn 0.000000 1.000000 -0.000000
vn 0.000000 1.000000 -0.000000
vn 0.000000 1.000000 -0.000000
vn 0.000000 1.000000 -0.000000
vn 0.000000 1.000000 -0.000000
vn 0.000000 1.000000 -0.000000
vn 0.000000 1.000000 -0.000000
vn 0.000000 1.000000 -0.000000
vn 0.000000 1.000000 -0.000000
vn 0.000000 1.000000 -0.000000
vn 0.000000 1.000000 -0.000000
vn 0.000000 1.000000 -0.000000
vn 0.000000 1.000000 -0.000000
vn 0.000000 1.000000 -0.000000
vn 0.000000 1.000000 -0.000000
vn 0.000000 1.000000 -0.000000
vn 0.000000 1.000000 -0.000000
vn 0.000000 1.000000 -0.000000
vn 0.000000 1.000000 -0.000000
vn 0.000000 1.000000 -0.000000
vn 0.000000 1.000000 -0.000000
vn 0.000000 1.000000 -0.000000
vn 0.000000 1.000000 -0.000000
vn 0.000000 1.000000 -0.000000
vn 0.000000 1.000000 -0.000000
vn 0.000000 1.000000 -0.000000
vn 0.000000 1.000000 -0.000000
vn 0.000000 1.000000 -0.000000
vn 0.000000 1.000000 -0.000000
vn 0.000000 1.000000 -0.000000
vn 0.000000 1.000000 -0.000000
vn 0.000000 1.000000 -0.000000
vn 0.000000 1.000000 -0.000000
vn 0.000000 1.000000 -0.000000
vn 0.000000 1.000000 -0.000000
vn 0.000000 1.000000 -0.000000
vn 0.000000 1.000000 -0.000000
vn 0.000000 1.000000 -0.000000
vn 0.000000 1.000000 -0.000000
vn -0.000000 1.000000 -0.000000
vn -0.000000 1.000000 -0.000000
vn -0.000000 1.000000 -0.000000
vn -0.000000 1.000000 -0.000000
vn -0.000000 1.000000 -0.000000
vn -0.000000 1.000000 -0.000000
vn -0.000000 1.000000 -0.000000
vn -0.000000 1.000000 -0.000000
vn -0.000000 1.000000 -0.000000
vn -0.000000 1.000000 -0.000000
vn -0.000000 1.000000 -0.000000
vn -0.000000 1.000000 -0.000000
vn -0.000000 1.000000 -0.000000
vn -0.000000 1.000000 -0.000000
vn -0.000000 1.000000 -0.000000
vn -0.000000 1.000000 -0.000000
vn -0.000000 1.000000 -0.000000
vn -0.000000 1.000000 -0.000000
vn -0.000000 1.000000 -0.000000
vn -0.000000 1.000000 -0.000000
vn -0.000000 1.000000 -0.000000
vn -0.000000 1.000000 -0.000000
vn -0.000000 1.000000 -0.000000
vn -0.000000 1.000000 -0.000000
vn -0.000000 1.000000 -0.000000
vn -0.000000 1.000000 -0.000000
vn -0.000000 1.000000 -0.000000
vn -0.000000 1.000000 -0.000000
vn -0.000000 1.000000 -0.000000
vn -0.000000 1.000000 -0.000000
vn -0.000000 1.000000 -0.000000
vn -0.000000 1.000000 -0.000000
vn -0.000000 1.000000 -0.000000
vn -0.000000 1.000000 -0.000000
vn -0.000000 1.000000 -0.000000
vn -0.000000 1.000000 -0.000000
vn -0.000000 1.000000 -0.000000
vn -0.000000 1.000000 -0.000000
vn -0.000000 1.000000 -0.000000
vn -0.000000 1.000000 -0.000000
vn -0.000000 1.000000 -0.000000
vn -0.000000 1.000000 -0.000000
vn -0.000000 1.000000 -0.000000
vn -0.000000 1.000000 -0.000000
vn -0.000000 1.000000 -0.000000
vn -0.000000 1.000000 -0.000000
vn -0.000000 1.000000 -0.000000
vn -0.000000 1.000000 -0.000000
vn -0.000000 1.000000 -0.000000
vn -0.000000 1.000000 -0.000000
vn -0.000000 1.000000 -0.000000
vn -0.000000 1.000000 -0.000000
vn -0.000000 1.000000 -0.000000
vn -0.000000 1.000000 -0.000000
vn -0.000000 1.000000 -0.000000
vn -0.000000 1.000000 -0.000000
vn -0.000000 1.000000 -0.000000
vn -0.000000 1.000000 -0.000000
vn -0.000000 1.000000 -0.000000
vn -0.000000 1.000000 -0.000000
vn -0.000000 1.000000 -0.000000
vn -0.000000 1.000000 -0.000000
vn -0.000000 1.000000 -0.000000
vn -0.000000 1.000000 -0.000000
vn -0.000000 1.000000 -0.000000
vn -0.000000 1.000000 -0.000000
vn -0.000000 1.000000 -0.000000
vn -0.000000 1.000000 -0.000000
vn -0.000000 1.000000 -0.000000
vn -0.000000 1.000000 -0.000000
vn -0.000000 1.000000 -0.000000
vn -0.000000 1.000000 -0.000000
vn -0.000000 1.000000 -0.000000
vn -0.000000 1.000000 -0.000000
vn -0.000000 1.000000 -0.000000
vn -0.000000 1.000000 -0.000000
vn -0.000000 1.000000 -0.000000
vn -0.000000 1.000000 -0.000000
vn -0.000000 1.000000 -0.000000
vn -0.000000 1.000000 -0.000000
vn -0.000000 1.000000 -0.000000
vn -0.000000 1.000000 -0.000000
vn -0.000000 1.000000 -0.000000
vn -0.000000 1.000000 -0.000000
vn -0.000000 1.000000 -0.000000
vn -0.000000 1.000000 -0.000000
vn -0.000000 1.000000 -0.000000
vn -0.000000 1.000000 -0.000000
vn -0.000000 1.000000 -0.000000
vn -0.000000 1.000000 -0.000000
vn -0.000000 1.000000 -0.000000
vn -0.000000 1.000000 -0.000000
vn -0.000000 1.000000 -0.000000
vn -0.000000 1.000000 -0.000000
vn -0.000000 1.000000 -0.000000
vn -0.000000 1.000000 -0.000000
vn -0.000000 1.000000 -0.000000
vn -0.000000 1.000000 -0.000000
vn -0.000000 1.000000 -0.000000
vn -0.000000 1.000000 -0.000000
vn -0.000000 1.000000 -0.000000
vn -0.000000 1.000000 -0.000000
vn -0.000000 1.000000 -0.000000
vn -0.000000 1.000000 -0.000000
vn -0.000000 1.000000 -0.000000
vn -0.000000 1.000000 -0.000000
vn -0.000000 1.000000 -0.000000
vn -0.000000 1.000000 -0.000000
vn -0.000000 1.000000 -0.000000
vn -0.000000 1.000000 -0.000000
vn -0.000000 1.000000 -0.000000
vn -0.000000 1.000000 -0.000000
vn -0.000000 1.000000 -0.000000
vn -0.000000 1.000000 -0.000000
vn -0.000000 1.000000 -0.000000
vn -0.000000 1.000000 -0.000000
vn -0.000000 1.000000 -0.000000
vn -0.000000 1.000000 -0.000000
vn -0.000000 1.000000 -0.000000
vn -0.000000 1.000000 -0.000000
vn -0.000000 1.000000 -0.000000
vn -0.000000 1.000000 -0.000000
vn -0.000000 1.000000 -0.000000
vn -0.000000 1.000000 -0.000000
vn -0.000000 1.000000 -0.000000
vn -0.000000 1.000000 -0.000000
vn -0.000000 1.000000 -0.000000
vn -0.000000 1.000000 -0.000000
vn -0.000000 1.000000 -0.000000
vn -0.000000 1.000000 -0.000000
vn -0.000000 1.000000 -0.000000
vn -0.000000 1.000000 -0.000000
vn -0.000000 1.000000 -0.000000
vn -0.000000 1.000000 -0.000000
vn -0.000000 1.000000 -0.000000
vn -0.000000 1.000000 -0.000000
vn -0.000000 1.000000 -0.000000
vn -0.000000 1.000000 -0.000000
vn -0.000000 1.000000 -0.000000
vn -0.000000 1.000000 -0.000000
vn -0.000000 1.000000 -0.000000
vn -0.000000 1.000000 -0.000000
vn -0.000000 1.000000 -0.000000
vn -0.000000 1.000000 -0.000000
vn -0.000000 1.000000 -0.000000
vn -0.000000 1.000000 -0.000000
vn -0.000000 1.000000 -0.000000
vn -0.000000 1.000000 -0.000000
vn -0.000000 1.000000 -0.000000
vn -0.000000 1.000000 -0.000000
vn -0.000000 1.000000 -0.000000
vn -0.000000 1.000000 -0.000000
vn -0.000000 1.000000 -0.000000
vn -0.000000 1.000000 -0.000000
vn -0.000000 1.000000 -0.000000
vn -0.000000 1.000000 -0.000000
vn -0.000000 1.000000 -0.000000
vn -0.000000 1.000000 -0.000000
vn -0.000000 1.000000 -0.000000
vn -0.000000 1.000000 -0.000000
vn -0.000000 1.000000 -0.000000
vn -0.000000 1.000000 -0.000000
vn -0.000000 1.000000 -0.000000
vn -0.000000 1.000000 -0.000000
vn -0.000000 1.000000 -0.000000
vn -0.000000 1.000000 -0.000000
vn -0.000000 1.000000 -0.000000
vn -0.000000 1.000000 -0.000000
vn -0.000000 1.000000 -0.000000
vn -0.000000 1.000000 -0.000000
vn -0.000000 1.000000 -0.000000
vn -0.000000 1.000000 -0.000000
vn -0.000000 1.000000 -0.000000
vn -0.000000 1.000000 -0.000000
vn -0.000000 1.000000 -0.000000
vn -0.000000 1.000000 -0.000000
vn -0.000000 1.000000 -0.000000
vn -0.000000 1.000000 -0.000000
vn -0.000000 1.000000 -0.000000
vn -0.000000 1.000000 -0.000000
vn -0.000000 1.000000 -0.000000
vn -0.000000 1.000000 -0.000000
vn -0.000000 1.000000 -0.000000
vn -0.000000 1.000000 -0.000000
vn -0.000000 1.000000 -0.000000
vn -0.000000 1.000000 -0.000000
vn -0.000000 1.000000 -0.000000
vn -0.000000 1.000000 -0.000000
vn -0.000000 1.000000 -0.000000
vn -0.000000 1.000000 -0.000000
vn -0.000000 1.000000 -0.000000
vn -0.000000 1.000000 -0.000000
vn -0.000000 1.000000 -0.000000
vn -0.000000 1.000000 -0.000000
vn -0.000000 1.000000 -0.000000
vn -0.000000 1.000000 -0.000000
vn -0.000000 1.000000 -0.000000
vn -0.000000 1.000000 -0.000000
vn -0.000000 1.000000 -0.000000
vn -0.000000 1.000000 -0.000000
vn -0.000000 1.000000 -0.000000
vn -0.000000 1.000000 -0.000000
vn -0.000000 1.000000 -0.000000
vn -0.000000 1.000000 -0.000000
vn -0.000000 1.000000 -0.000000
vn -0.000000 1.000000 -0.000000
vn -0.000000 1.000000 -0.000000
vn -0.000000 1.000000 -0.000000
f 1/1/1 2/2/2 3/3/3
f 4/4/4 5/5/5 6/6/6
f 7/7/7 8/8/8 9/9/9
f 8/8/8 10/10/10 9/9/9
f 9/9/9 10/10/10 11/11/11
f 10/10/10 12/12/12 11/11/11
f 13/13/13 14/14/14 15/15/15
f 16/16/16 13/13/13 15/15/15
f 17/17/17 13/13/13 16/16/16
f 18/18/18 17/17/17 16/16/16
f 19/19/19 20/20/20 21/21/21
f 20/20/20 22/22/22 21/21/21
f 23/23/23 24/24/24 25/25/25
f 25/25/25 24/24/24 26/26/26
f 26/26/26 24/24/24 27/27/27
f 28/28/28 29/29/29 30/30/30
f 31/31/31 29/29/29 28/28/28
f 32/32/32 29/29/29 31/31/31
f 33/33/33 32/32/32 31/31/31
f 33/33/33 34/34/34 35/35/35
f 35/35/35 34/34/34 36/36/36
f 34/34/34 37/37/37 36/36/36
f 38/38/38 36/36/36 37/37/37
f 39/39/39 40/40/40 41/41/41
f 40/40/40 42/42/42 41/41/41
f 41/41/41 42/42/42 43/43/43
f 42/42/42 44/44/44 43/43/43
f 43/43/43 44/44/44 45/45/45
f 44/44/44 46/46/46 45/45/45
f 45/45/45 46/46/46 47/47/47
f 46/46/46 48/48/48 47/47/47
f 47/47/47 48/48/48 49/49/49
f 48/48/48 50/50/50 49/49/49
f 49/49/49 50/50/50 51/51/51
f 50/50/50 52/52/52 51/51/51
f 51/51/51 52/52/52 53/53/53
f 52/52/52 54/54/54 53/53/53
f 55/55/55 56/56/56 57/57/57
f 56/56/56 58/58/58 57/57/57
f 59/59/59 60/60/60 61/61/61
f 60/60/60 62/62/62 61/61/61
f 63/63/63 64/64/64 65/65/65
f 64/64/64 66/66/66 65/65/65
f 67/67/67 68/68/68 69/69/69
f 70/70/70 67/67/67 69/69/69
f 67/67/67 70/70/70 71/71/71
f 70/70/70 72/72/72 71/71/71
f 71/71/71 72/72/72 73/73/73
f 73/73/73 72/72/72 74/74/74
f 73/73/73 74/74/74 75/75/75
f 74/74/74 76/76/76 75/75/75
f 75/75/75 76/76/76 77/77/77
f 77/77/77 76/76/76 78/78/78
f 77/77/77 78/78/78 79/79/79
f 78/78/78 80/80/80 79/79/79
f 81/81/81 82/82/82 83/83/83
f 82/82/82 84/84/84 83/83/83
f 85/85/85 86/86/86 87/87/87
f 86/86/86 88/88/88 87/87/87
f 89/89/89 90/90/90 91/91/91
f 90/90/90 92/92/92 91/91/91
f 91/91/91 92/92/92 93/93/93
f 92/92/92 94/94/94 93/93/93
f 93/93/93 94/94/94 95/95/95
f 94/94/94 96/96/96 95/95/95
f 95/95/95 96/96/96 97/97/97
f 96/96/96 98/98/98 97/97/97
f 97/97/97 98/98/98 99/99/99
f 99/99/99 98/98/98 100/100/100
f 99/99/99 100/100/100 101/101/101
f 101/101/101 100/100/100 102/102/102
f 103/103/103 101/101/101 102/102/102
f 104/104/104 101/101/101 103/103/103
f 105/105/105 106/106/106 107/107/107
f 106/106/106 108/108/108 107/107/107
f 109/109/109 110/110/110 111/111/111
f 110/110/110 112/112/112 111/111/111
f 113/113/113 114/114/114 115/115/115
f 114/114/114 116/116/116 115/115/115
f 117/117/117 118/118/118 119/119/119
f 118/118/118 120/120/120 119/119/119
f 121/121/121 122/122/122 123/123/123
f 124/124/124 121/121/121 123/123/123
f 125/125/125 121/121/121 124/124/124
f 126/126/126 121/121/121 125/125/125
f 126/126/126 127/127/127 128/128/128
f 127/127/127 129/129/129 128/128/128
f 129/129/129 130/130/130 128/128/128
f 128/128/128 130/130/130 131/131/131
f 132/132/132 133/133/133 134/134/134
f 133/133/133 135/135/135 134/134/134
f 136/136/136 137/137/137 138/138/138
f 137/137/137 139/139/139 138/138/138
f 140/140/140 141/141/141 142/142/142
f 141/141/141 143/143/143 142/142/142
f 144/144/144 145/145/145 146/146/146
f 145/145/145 147/147/147 146/146/146
f 148/148/148 149/149/149 150/150/150
f 151/151/151 148/148/148 150/150/150
f 152/152/152 148/148/148 151/151/151
f 153/153/153 152/152/152 151/151/151
f 154/154/154 155/155/155 156/156/156
f 155/155/155 157/157/157 156/156/156
f 158/158/158 159/159/159 160/160/160
f 159/159/159 161/161/161 160/160/160
f 162/162/162 163/163/163 164/164/164
f 163/163/163 165/165/165 164/164/164
f 166/166/166 167/167/167 168/168/168
f 167/167/167 169/169/169 168/168/168
f 170/170/170 171/171/171 172/172/172
f 171/171/171 173/173/173 172/172/172
f 174/174/174 175/175/175 176/176/176
f 175/175/175 177/177/177 176/176/176
f 178/178/178 179/179/179 180/180/180
f 179/179/179 181/181/181 180/180/180
f 182/182/182 183/183/183 184/184/184
f 183/183/183 185/185/185 184/184/184
f 186/186/186 187/187/187 188/188/188
f 187/187/187 189/189/189 188/188/188
f 190/190/190 191/191/191 192/192/192
f 191/191/191 193/193/193 192/192/192
f 194/194/194 195/195/195 196/196/196
f 195/195/195 197/197/197 196/196/196
f 198/198/198 199/199/199 200/200/200
f 199/199/199 201/201/201 200/200/200
f 202/202/202 203/203/203 204/204/204
f 205/205/205 204/204/204 203/203/203
f 206/206/206 207/207/207 208/208/208
f 207/207/207 209/209/209 208/208/208
f 210/210/210 211/211/211 212/212/212
f 211/211/211 213/213/213 212/212/212
f 214/214/214 215/215/215 216/216/216
f 215/215/215 217/217/217 216/216/216
f 216/216/216 217/217/217 218/218/218
f 217/217/217 219/219/219 218/218/218
f 220/220/220 221/221/221 222/222/222
f 221/221/221 223/223/223 222/222/222
f 224/224/224 225/225/225 226/226/226
f 225/225/225 227/227/227 226/226/226
f 228/228/228 229/229/229 230/230/230
f 230/230/230 229/229/229 231/231/231
f 232/232/232 231/231/231 229/229/229
f 233/233/233 234/234/234 235/235/235
f 234/234/234 236/236/236 235/235/235
f 237/237/237 238/238/238 239/239/239
f 238/238/238 240/240/240 239/239/239
f 241/241/241 242/242/242 243/243/243
f 242/242/242 244/244/244 243/243/243
f 245/245/245 246/246/246 247/247/247
f 246/246/246 248/248/248 247/247/247
f 249/249/249 250/250/250 251/251/251
f 250/250/250 252/252/252 251/251/251
f 253/253/253 254/254/254 255/255/255
f 254/254/254 256/256/256 255/255/255
f 257/257/257 258/258/258 259/259/259
f 258/258/258 260/260/260 259/259/259
f 261/261/261 262/262/262 263/263/263
f 262/262/262 264/264/264 263/263/263
f 265/265/265 266/266/266 267/267/267
f 266/266/266 268/268/268 267/267/267
f 269/269/269 270/270/270 271/271/271
f 270/270/270 272/272/272 271/271/271
f 273/273/273 274/274/274 275/275/275
f 274/274/274 276/276/276 275/275/275
f 277/277/277 278/278/278 279/279/279
f 278/278/278 280/280/280 279/279/279
f 281/281/281 282/282/282 283/283/283
f 282/282/282 284/284/284 283/283/283
f 285/285/285 286/286/286 287/287/287
f 286/286/286 288/288/288 287/287/287
f 287/287/287 288/288/288 289/289/289
f 290/290/290 291/291/291 292/292/292
f 291/291/291 293/293/293 292/292/292
f 294/294/294 295/295/295 296/296/296
f 295/295/295 297/297/297 296/296/296
f 298/298/298 299/299/299 300/300/300
f 299/299/299 301/301/301 300/300/300
f 302/302/302 303/303/303 304/304/304
f 303/303/303 305/305/305 304/304/304
f 306/306/306 307/307/307 308/308/308
f 307/307/307 309/309/309 308/308/308
f 310/310/310 311/311/311 312/312/312
f 311/311/311 313/313/313 312/312/312
f 314/314/314 315/315/315 316/316/316
f 315/315/315 317/317/317 316/316/316
f 318/318/318 319/319/319 320/320/320
f 319/319/319 321/321/321 320/320/320
f 322/322/322 323/323/323 324/324/324
f 323/323/323 325/325/325 324/324/324
f 326/326/326 327/327/327 328/328/328
f 327/327/327 329/329/329 328/328/328
f 330/330/330 331/331/331 332/332/332
f 331/331/331 333/333/333 332/332/332
f 334/334/334 335/335/335 336/336/336
f 335/335/335 337/337/337 336/336/336
f 338/338/338 339/339/339 340/340/340
f 339/339/339 341/341/341 340/340/340
f 342/342/342 343/343/343 344/344/344
f 343/343/343 345/345/345 344/344/344
f 346/346/346 347/347/347 348/348/348
f 347/347/347 349/349/349 348/348/348
f 350/350/350 351/351/351 352/352/352
f 351/351/351 353/353/353 352/352/352
f 354/354/354 355/355/355 356/356/356
f 355/355/355 357/357/357 356/356/356
f 358/358/358 359/359/359 360/360/360
f 359/359/359 361/361/361 360/360/360
f 362/362/362 363/363/363 364/364/364
f 363/363/363 365/365/365 364/364/364
f 366/366/366 367/367/367 368/368/368
f 369/369/369 366/366/366 368/368/368
f 370/370/370 366/366/366 369/369/369
f 371/371/371 370/370/370 369/369/369
f 372/372/372 370/370/370 371/371/371
f 373/373/373 372/372/372 371/371/371
f 374/374/374 372/372/372 373/373/373
f 375/375/375 374/374/374 373/373/373
f 376/376/376 374/374/374 375/375/375
f 377/377/377 376/376/376 375/375/375
f 378/378/378 376/376/376 377/377/377
f 379/379/379 378/378/378 377/377/377
f 380/380/380 378/378/378 379/379/379
f 381/381/381 380/380/380 379/379/379
f 382/382/382 380/380/380 381/381/381
f 383/383/383 382/382/382 381/381/381
f 384/384/384 385/385/385 386/386/386
f 385/385/385 387/387/387 386/386/386
f 388/388/388 389/389/389 390/390/390
f 389/389/389 391/391/391 390/390/390
f 390/390/390 391/391/391 392/392/392
f 391/391/391 393/393/393 392/392/392
f 394/394/394 395/395/395 396/396/396
f 395/395/395 397/397/397 396/396/396
f 398/398/398 399/399/399 400/400/400
f 399/399/399 401/401/401 400/400/400
f 402/402/402 403/403/403 404/404/404
f 403/403/403 405/405/405 404/404/404
f 406/406/406 407/407/407 408/408/408
f 407/407/407 409/409/409 408/408/408
f 410/410/410 411/411/411 412/412/412
f 411/411/411 413/413/413 412/412/412
f 412/412/412 413/413/413 414/414/414
f 413/413/413 415/415/415 414/414/414
f 416/416/416 417/417/417 418/418/418
f 417/417/417 419/419/419 418/418/418
f 420/420/420 421/421/421 422/422/422
f 421/421/421 423/423/423 422/422/422
f 424/424/424 425/425/425 426/426/426
f 425/425/425 427/427/427 426/426/426
f 428/428/428 429/429/429 430/430/430
f 430/430/430 429/429/429 431/431/431
f 432/432/432 431/431/431 429/429/429
f 433/433/433 434/434/434 435/435/435
f 434/434/434 436/436/436 435/435/435
f 435/435/435 436/436/436 437/437/437
f 438/438/438 439/439/439 440/440/440
f 439/439/439 441/441/441 440/440/440
f 440/440/440 441/441/441 442/442/442
f 443/443/443 444/444/444 445/445/445
f 445/445/445 444/444/444 446/446/446
f 446/446/446 444/444/444 447/447/447
f 448/448/448 449/449/449 450/450/450
f 451/451/451 450/450/450 449/449/449
f 452/452/452 451/451/451 449/449/449
f 453/453/453 451/451/451 452/452/452
f 453/453/453 454/454/454 455/455/455
f 454/454/454 456/456/456 455/455/455
f 455/455/455 456/456/456 457/457/457
f 457/457/457 456/456/456 458/458/458
f 459/459/459 460/460/460 461/461/461
f 462/462/462 460/460/460 459/459/459
f 463/463/463 462/462/462 459/459/459
f 464/464/464 463/463/463 459/459/459
f 464/464/464 465/465/465 466/466/466
f 466/466/466 465/465/465 467/467/467
f 467/467/467 465/465/465 468/468/468
f 465/465/465 469/469/469 468/468/468
f 470/470/470 471/471/471 472/472/472
f 471/471/471 473/473/473 472/472/472
f 472/472/472 473/473/473 474/474/474
f 474/474/474 473/473/473 475/475/475
f 474/474/474 475/475/475 476/476/476
f 475/475/475 477/477/477 476/476/476
f 476/476/476 477/477/477 478/478/478
f 478/478/478 477/477/477 479/479/479
f 478/478/478 479/479/479 480/480/480
f 479/479/479 481/481/481 480/480/480
f 480/480/480 481/481/481 482/482/482
f 481/481/481 483/483/483 482/482/482
f 482/482/482 483/483/483 484/484/484
f 483/483/483 485/485/485 484/484/484
f 484/484/484 485/485/485 486/486/486
f 485/485/485 487/487/487 486/486/486
f 486/486/486 487/487/487 488/488/488
f 487/487/487 489/489/489 488/488/488
f 488/488/488 489/489/489 490/490/490
f 490/490/490 489/489/489 491/491/491
f 490/490/490 491/491/491 492/492/492
f 492/492/492 491/491/491 493/493/493
f 494/494/494 492/492/492 493/493/493
f 495/495/495 492/492/492 494/494/494
f 496/496/496 497/497/497 498/498/498
f 497/497/497 499/499/499 498/498/498
f 499/499/499 500/500/500 498/498/498
f 500/500/500 501/501/501 498/498/498
f 501/501/501 502/502/502 498/498/498
f 502/502/502 503/503/503 498/498/498
f 503/503/503 504/504/504 498/498/498
f 504/504/504 505/505/505 498/498/498
f 506/506/506 502/502/502 501/501/501
f 507/507/507 506/506/506 501/501/501
f 507/507/507 508/508/508 506/506/506
f 506/506/506 508/508/508 509/509/509
f 508/508/508 510/510/510 509/509/509
f 511/511/511 505/505/505 504/504/504
f 509/509/509 510/510/510 512/512/512
f 513/513/513 505/505/505 511/511/511
f 511/511/511 514/514/514 513/513/513
f 513/513/513 514/514/514 515/515/515
f 514/514/514 512/512/512 515/515/515
f 505/505/505 516/516/516 498/498/498
f 515/515/515 512/512/512 517/517/517
f 516/516/516 518/518/518 498/498/498
f 510/510/510 519/519/519 512/512/512
f 512/512/512 519/519/519 517/517/517
f 520/520/520 519/519/519 510/510/510
f 521/521/521 519/519/519 520/520/520
f 522/522/522 520/520/520 510/510/510
f 523/523/523 521/521/521 520/520/520
f 524/524/524 523/523/523 520/520/520
f 525/525/525 520/520/520 522/522/522
f 526/526/526 520/520/520 525/525/525
f 498/498/498 518/518/518 527/527/527
f 527/527/527 518/518/518 528/528/528
f 529/529/529 528/528/528 518/518/518
f 530/530/530 528/528/528 529/529/529
f 529/529/529 531/531/531 530/530/530
f 530/530/530 531/531/531 532/532/532
f 531/531/531 517/517/517 532/532/532
f 532/532/532 517/517/517 533/533/533
f 534/534/534 498/498/498 527/527/527
f 517/517/517 519/519/519 533/533/533
f 535/535/535 498/498/498 534/534/534
f 536/536/536 535/535/535 534/534/534
f 537/537/537 498/498/498 535/535/535
f 538/538/538 498/498/498 537/537/537
f 539/539/539 498/498/498 538/538/538
f 540/540/540 535/535/535 536/536/536
f 536/536/536 541/541/541 540/540/540
f 540/540/540 541/541/541 542/542/542
f 541/541/541 533/533/533 542/542/542
f 542/542/542 533/533/533 543/543/543
f 533/533/533 519/519/519 543/543/543
f 544/544/544 498/498/498 539/539/539
f 545/545/545 544/544/544 539/539/539
f 539/539/539 546/546/546 545/545/545
f 545/545/545 546/546/546 547/547/547
f 546/546/546 543/543/543 547/547/547
f 548/548/548 498/498/498 544/544/544
f 547/547/547 543/543/543 549/549/549
f 543/543/543 519/519/519 549/549/549
f 550/550/550 498/498/498 548/548/548
f 551/551/551 498/498/498 550/550/550
f 552/552/552 498/498/498 551/551/551
f 553/553/553 498/498/498 552/552/552
f 554/554/554 498/498/498 553/553/553
f 555/555/555 498/498/498 554/554/554
f 556/556/556 552/552/552 551/551/551
f 551/551/551 557/557/557 556/556/556
f 556/556/556 557/557/557 558/558/558
f 557/557/557 549/549/549 558/558/558
f 558/558/558 549/549/549 559/559/559
f 549/549/549 519/519/519 559/559/559
f 560/560/560 555/555/555 554/554/554
f 561/561/561 555/555/555 560/560/560
f 560/560/560 562/562/562 561/561/561
f 561/561/561 562/562/562 563/563/563
f 562/562/562 559/559/559 563/563/563
f 559/559/559 564/564/564 563/563/563
f 519/519/519 564/564/564 559/559/559
f 565/565/565 564/564/564 519/519/519
f 566/566/566 565/565/565 519/519/519
f 567/567/567 565/565/565 566/566/566
f 568/568/568 567/567/567 566/566/566
f 568/568/568 569/569/569 567/567/567
f 567/567/567 569/569/569 570/570/570
f 569/569/569 498/498/498 570/570/570
f 571/571/571 498/498/498 555/555/555
f 570/570/570 498/498/498 571/571/571
f 572/572/572 498/498/498 569/569/569
f 573/573/573 498/498/498 572/572/572
f 574/574/574 498/498/498 573/573/573
f 575/575/575 498/498/498 574/574/574
f 576/576/576 577/577/577 578/578/578
f 578/578/578 577/577/577 579/579/579
f 579/579/579 577/577/577 580/580/580
f 580/580/580 577/577/577 581/581/581
f 581/581/581 577/577/577 582/582/582
f 582/582/582 577/577/577 583/583/583
f 583/583/583 577/577/577 584/584/584
f 585/585/585 581/581/581 582/582/582
f 586/586/586 581/581/581 585/585/585
f 586/586/586 585/585/585 587/587/587
f 585/585/585 588/588/588 587/587/587
f 587/587/587 588/588/588 589/589/589
f 584/584/584 577/577/577 590/590/590
f 589/589/589 588/588/588 591/591/591
f 592/592/592 589/589/589 591/591/591
f 588/588/588 593/593/593 591/591/591
f 594/594/594 592/592/592 591/591/591
f 595/595/595 594/594/594 591/591/591
f 593/593/593 596/596/596 591/591/591
f 590/590/590 597/597/597 596/596/596
f 596/596/596 597/597/597 591/591/591
f 598/598/598 597/597/597 590/590/590
f 598/598/598 590/590/590 599/599/599
f 590/590/590 577/577/577 599/599/599
f 597/597/597 600/600/600 591/591/591
f 599/599/599 577/577/577 601/601/601
f 600/600/600 602/602/602 591/591/591
f 601/601/601 577/577/577 603/603/603
f 602/602/602 604/604/604 591/591/591
f 605/605/605 604/604/604 602/602/602
f 604/604/604 606/606/606 591/591/591
f 606/606/606 607/607/607 591/591/591
f 607/607/607 608/608/608 591/591/591
f 609/609/609 604/604/604 605/605/605
f 605/605/605 603/603/603 609/609/609
f 609/609/609 603/603/603 610/610/610
f 603/603/603 577/577/577 610/610/610
f 610/610/610 577/577/577 611/611/611
f 611/611/611 577/577/577 612/612/612
f 612/612/612 577/577/577 613/613/613
f 614/614/614 608/608/608 607/607/607
f 614/614/614 612/612/612 615/615/615
f 615/615/615 612/612/612 613/613/613
f 615/615/615 608/608/608 614/614/614
f 608/608/608 616/616/616 591/591/591
f 613/613/613 577/577/577 617/617/617
f 616/616/616 618/618/618 591/591/591
f 617/617/617 577/577/577 619/619/619
f 618/618/618 620/620/620 591/591/591
f 621/621/621 620/620/620 618/618/618
f 622/622/622 620/620/620 621/621/621
f 621/621/621 619/619/619 622/622/622
f 622/622/622 619/619/619 623/623/623
f 619/619/619 577/577/577 623/623/623
f 620/620/620 624/624/624 591/591/591
f 624/624/624 625/625/625 591/591/591
f 623/623/623 577/577/577 626/626/626
f 625/625/625 627/627/627 591/591/591
f 627/627/627 628/628/628 591/591/591
f 629/629/629 591/591/591 628/628/628
f 630/630/630 627/627/627 625/625/625
f 631/631/631 627/627/627 630/630/630
f 630/630/630 632/632/632 631/631/631
f 631/631/631 632/632/632 633/633/633
f 626/626/626 633/633/633 632/632/632
f 577/577/577 633/633/633 626/626/626
f 634/634/634 633/633/633 577/577/577
f 635/635/635 634/634/634 577/577/577
f 636/636/636 635/635/635 577/577/577
f 637/637/637 635/635/635 636/636/636
f 638/638/638 635/635/635 637/637/637
f 639/639/639 636/636/636 577/577/577
f 637/637/637 640/640/640 638/638/638
f 638/638/638 640/640/640 629/629/629
f 640/640/640 591/591/591 629/629/629
f 641/641/641 591/591/591 640/640/640
f 642/642/642 639/639/639 577/577/577
f 643/643/643 591/591/591 641/641/641
f 644/644/644 591/591/591 643/643/643
f 645/645/645 591/591/591 644/644/644
f 646/646/646 591/591/591 645/645/645
f 647/647/647 591/591/591 646/646/646
f 648/648/648 644/644/644 643/643/643
f 649/649/649 648/648/648 643/643/643
f 642/642/642 648/648/648 649/649/649
f 648/648/648 642/642/642 650/650/650
f 650/650/650 642/642/642 651/651/651
f 651/651/651 642/642/642 577/577/577
f 652/652/652 651/651/651 577/577/577
f 653/653/653 652/652/652 577/577/577
f 654/654/654 653/653/653 577/577/577
f 655/655/655 654/654/654 577/577/577
f 656/656/656 657/657/657 658/658/658
f 657/657/657 659/659/659 658/658/658
f 658/658/658 659/659/659 660/660/660
f 661/661/661 662/662/662 663/663/663
f 662/662/662 664/664/664 663/663/663
f 665/665/665 666/666/666 667/667/667
f 666/666/666 668/668/668 667/667/667
f 669/669/669 670/670/670 671/671/671
f 672/672/672 669/669/669 671/671/671
f 672/672/672 671/671/671 673/673/673
f 671/671/671 674/674/674 673/673/673
f 673/673/673 674/674/674 675/675/675
f 674/674/674 676/676/676 675/675/675
f 677/677/677 678/678/678 679/679/679
f 678/678/678 680/680/680 679/679/679
f 679/679/679 680/680/680 681/681/681
f 682/682/682 679/679/679 681/681/681
f 683/683/683 684/684/684 685/685/685
f 684/684/684 686/686/686 685/685/685
f 687/687/687 688/688/688 689/689/689
f 688/688/688 690/690/690 689/689/689
f 691/691/691 690/690/690 688/688/688
f 692/692/692 691/691/691 688/688/688
f 693/693/693 691/691/691 692/692/692
f 694/694/694 693/693/693 692/692/692
f 695/695/695 693/693/693 694/694/694
f 696/696/696 695/695/695 694/694/694
f 697/697/697 695/695/695 696/696/696
f 698/698/698 697/697/697 696/696/696
f 699/699/699 697/697/697 698/698/698
f 700/700/700 699/699/699 698/698/698
f 701/701/701 702/702/702 703/703/703
f 704/704/704 701/701/701 703/703/703
f 704/704/704 703/703/703 705/705/705
f 706/706/706 704/704/704 705/705/705
f 706/706/706 705/705/705 707/707/707
f 705/705/705 708/708/708 707/707/707
f 707/707/707 708/708/708 709/709/709
f 708/708/708 710/710/710 709/709/709
f 709/709/709 710/710/710 711/711/711
f 710/710/710 712/712/712 711/711/711
f 711/711/711 712/712/712 713/713/713
f 712/712/712 714/714/714 713/713/713
f 713/713/713 714/714/714 715/715/715
f 714/714/714 716/716/716 715/715/715
f 715/715/715 716/716/716 717/717/717
f 716/716/716 718/718/718 717/717/717
f 717/717/717 718/718/718 719/719/719
f 718/718/718 720/720/720 719/719/719
f 719/719/719 720/720/720 721/721/721
f 722/722/722 719/719/719 721/721/721
f 722/722/722 721/721/721 723/723/723
f 721/721/721 724/724/724 723/723/723
f 723/723/723 724/724/724 725/725/725
f 724/724/724 726/726/726 725/725/725
f 727/727/727 728/728/728 729/729/729
f 730/730/730 727/727/727 729/729/729
f 730/730/730 729/729/729 731/731/731
f 732/732/732 730/730/730 731/731/731
f 733/733/733 734/734/734 735/735/735
f 734/734/734 736/736/736 735/735/735
f 737/737/737 738/738/738 739/739/739
f 738/738/738 740/740/740 739/739/739
f 741/741/741 742/742/742 743/743/743
f 742/742/742 744/744/744 743/743/743
f 745/745/745 746/746/746 747/747/747
f 746/746/746 748/748/748 747/747/747
f 747/747/747 748/748/748 749/749/749
f 750/750/750 747/747/747 749/749/749
f 751/751/751 752/752/752 753/753/753
f 752/752/752 754/754/754 753/753/753
f 755/755/755 756/756/756 757/757/757
f 758/758/758 755/755/755 757/757/757
f 758/758/758 757/757/757 759/759/759
f 760/760/760 758/758/758 759/759/759
f 760/760/760 759/759/759 761/761/761
f 759/759/759 762/762/762 761/761/761
f 763/763/763 764/764/764 765/765/765
f 766/766/766 763/763/763 765/765/765
f 766/766/766 765/765/765 767/767/767
f 765/765/765 768/768/768 767/767/767
f 767/767/767 768/768/768 769/769/769
f 768/768/768 770/770/770 769/769/769
f 771/771/771 772/772/772 773/773/773
f 772/772/772 774/774/774 773/773/773
f 775/775/775 776/776/776 777/777/777
f 776/776/776 778/778/778 777/777/777
f 777/777/777 778/778/778 779/779/779
f 780/780/780 777/777/777 779/779/779
f 781/781/781 782/782/782 783/783/783
f 782/782/782 784/784/784 783/783/783
f 783/783/783 784/784/784 785/785/785
f 786/786/786 783/783/783 785/785/785
f 787/787/787 788/788/788 789/789/789
f 788/788/788 790/790/790 789/789/789
f 791/791/791 792/792/792 793/793/793
f 792/792/792 794/794/794 793/793/793
f 793/793/793 794/794/794 795/795/795
f 794/794/794 796/796/796 795/795/795
f 795/795/795 796/796/796 797/797/797
f 796/796/796 798/798/798 797/797/797
f 797/797/797 798/798/798 799/799/799
f 798/798/798 800/800/800 799/799/799
f 799/799/799 800/800/800 801/801/801
f 800/800/800 802/802/802 801/801/801
f 801/801/801 802/802/802 803/803/803
f 804/804/804 801/801/801 803/803/803
f 805/805/805 806/806/806 807/807/807
f 806/806/806 808/808/808 807/807/807
f 809/809/809 810/810/810 811/811/811
f 812/812/812 809/809/809 811/811/811
f 812/812/812 813/813/813 809/809/809
f 813/813/813 814/814/814 809/809/809
f 815/815/815 814/814/814 813/813/813
f 816/816/816 815/815/815 813/813/813
f 817/817/817 815/815/815 816/816/816
f 818/818/818 817/817/817 816/816/816
f 819/819/819 817/817/817 818/818/818
f 820/820/820 819/819/819 818/818/818
f 821/821/821 819/819/819 820/820/820
f 822/822/822 821/821/821 820/820/820
f 823/823/823 821/821/821 822/822/822
f 824/824/824 823/823/823 822/822/822
f 825/825/825 823/823/823 824/824/824
f 826/826/826 825/825/825 824/824/824
f 827/827/827 825/825/825 826/826/826
f 828/828/828 827/827/827 826/826/826
f 828/828/828 829/829/829 827/827/827
f 829/829/829 830/830/830 827/827/827
f 831/831/831 832/832/832 833/833/833
f 834/834/834 831/831/831 833/833/833
f 833/833/833 832/832/832 835/835/835
f 836/836/836 831/831/831 834/834/834
f 832/832/832 837/837/837 835/835/835
f 838/838/838 836/836/836 834/834/834
f 835/835/835 837/837/837 839/839/839
f 840/840/840 836/836/836 838/838/838
f 837/837/837 841/841/841 839/839/839
f 842/842/842 840/840/840 838/838/838
f 839/839/839 841/841/841 843/843/843
f 844/844/844 840/840/840 842/842/842
f 841/841/841 845/845/845 843/843/843
f 846/846/846 844/844/844 842/842/842
f 843/843/843 845/845/845 846/846/846
f 845/845/845 844/844/844 846/846/846
f 847/847/847 848/848/848 849/849/849
f 850/850/850 847/847/847 849/849/849
f 849/849/849 848/848/848 851/851/851
f 852/852/852 847/847/847 850/850/850
f 848/848/848 853/853/853 851/851/851
f 854/854/854 852/852/852 850/850/850
f 851/851/851 853/853/853 855/855/855
f 856/856/856 852/852/852 854/854/854
f 853/853/853 857/857/857 855/855/855
f 858/858/858 856/856/856 854/854/854
f 855/855/855 857/857/857 859/859/859
f 860/860/860 856/856/856 858/858/858
f 857/857/857 861/861/861 859/859/859
f 862/862/862 860/860/860 858/858/858
f 859/859/859 861/861/861 862/862/862
f 861/861/861 860/860/860 862/862/862
f 863/863/863 864/864/864 865/865/865
f 866/866/866 863/863/863 865/865/865
f 865/865/865 864/864/864 867/867/867
f 868/868/868 863/863/863 866/866/866
f 864/864/864 869/869/869 867/867/867
f 870/870/870 868/868/868 866/866/866
f 867/867/867 869/869/869 871/871/871
f 872/872/872 868/868/868 870/870/870
f 869/869/869 873/873/873 871/871/871
f 874/874/874 872/872/872 870/870/870
f 871/871/871 873/873/873 875/875/875
f 876/876/876 872/872/872 874/874/874
f 873/873/873 877/877/877 875/875/875
f 878/878/878 876/876/876 874/874/874
f 875/875/875 877/877/877 878/878/878
f 877/877/877 876/876/876 878/878/878
f 879/879/879 880/880/880 881/881/881
f 882/882/882 879/879/879 881/881/881
f 881/881/881 880/880/880 883/883/883
f 884/884/884 879/879/879 882/882/882
f 880/880/880 885/885/885 883/883/883
f 886/886/886 884/884/884 882/882/882
f 883/883/883 885/885/885 887/887/887
f 888/888/888 884/884/884 886/886/886
f 885/885/885 889/889/889 887/887/887
f 890/890/890 888/888/888 886/886/886
f 887/887/887 889/889/889 891/891/891
f 892/892/892 888/888/888 890/890/890
f 889/889/889 893/893/893 891/891/891
f 894/894/894 892/892/892 890/890/890
f 891/891/891 893/893/893 894/894/894
f 893/893/893 892/892/892 894/894/894
f 895/895/895 896/896/896 897/897/897
f 898/898/898 895/895/895 897/897/897
f 897/897/897 896/896/896 899/899/899
f 900/900/900 895/895/895 898/898/898
f 896/896/896 901/901/901 899/899/899
f 902/902/902 900/900/900 898/898/898
f 899/899/899 901/901/901 903/903/903
f 904/904/904 900/900/900 902/902/902
f 901/901/901 905/905/905 903/903/903
f 906/906/906 904/904/904 902/902/902
f 903/903/903 905/905/905 907/907/907
f 908/908/908 904/904/904 906/906/906
f 905/905/905 909/909/909 907/907/907
f 910/910/910 908/908/908 906/906/906
f 907/907/907 909/909/909 910/910/910
f 909/909/909 908/908/908 910/910/910
f 911/911/911 912/912/912 913/913/913
f 914/914/914 911/911/911 913/913/913
f 913/913/913 912/912/912 915/915/915
f 916/916/916 911/911/911 914/914/914
f 912/912/912 917/917/917 915/915/915
f 918/918/918 916/916/916 914/914/914
f 915/915/915 917/917/917 919/919/919
f 920/920/920 916/916/916 918/918/918
f 917/917/917 921/921/921 919/919/919
f 922/922/922 920/920/920 918/918/918
f 919/919/919 921/921/921 923/923/923
f 924/924/924 920/920/920 922/922/922
f 921/921/921 925/925/925 923/923/923
f 926/926/926 924/924/924 922/922/922
f 923/923/923 925/925/925 926/926/926
f 925/925/925 924/924/924 926/926/926
f 927/927/927 928/928/928 929/929/929
f 930/930/930 927/927/927 929/929/929
f 929/929/929 928/928/928 931/931/931
f 932/932/932 927/927/927 930/930/930
f 928/928/928 933/933/933 931/931/931
f 934/934/934 932/932/932 930/930/930
f 931/931/931 933/933/933 935/935/935
f 936/936/936 932/932/932 934/934/934
f 933/933/933 937/937/937 935/935/935
f 938/938/938 936/936/936 934/934/934
f 935/935/935 937/937/937 939/939/939
f 940/940/940 936/936/936 938/938/938
f 937/937/937 941/941/941 939/939/939
f 942/942/942 940/940/940 938/938/938
f 939/939/939 941/941/941 942/942/942
f 941/941/941 940/940/940 942/942/942
f 943/943/943 944/944/944 945/945/945
f 944/944/944 946/946/946 945/945/945
f 947/947/947 948/948/948 949/949/949
f 948/948/948 950/950/950 949/949/949
f 951/951/951 952/952/952 953/953/953
f 952/952/952 954/954/954 953/953/953
f 955/955/955 956/956/956 957/957/957
f 956/956/956 958/958/958 957/957/957
f 959/959/959 960/960/960 961/961/961
f 960/960/960 962/962/962 961/961/961
f 963/963/963 964/964/964 965/965/965
f 964/964/964 966/966/966 965/965/965
f 967/967/967 968/968/968 969/969/969
f 968/968/968 970/970/970 969/969/969
f 971/971/971 972/972/972 973/973/973
f 972/972/972 974/974/974 973/973/973
f 975/975/975 976/976/976 977/977/977
f 976/976/976 978/978/978 977/977/977
f 979/979/979 980/980/980 981/981/981
f 980/980/980 982/982/982 981/981/981
f 983/983/983 984/984/984 985/985/985
f 984/984/984 986/986/986 985/985/985
f 987/987/987 988/988/988 989/989/989
f 988/988/988 990/990/990 989/989/989
f 991/991/991 992/992/992 993/993/993
f 994/994/994 995/995/995 996/996/996
f 995/995/995 997/997/997 998/998/998
f 999/999/999 997/997/997 1000/1000/1000
f 1001/1001/1001 999/999/999 1000/1000/1000
f 1002/1002/1002 999/999/999 1001/1001/1001
f 1003/1003/1003 1002/1002/1002 1001/1001/1001
f 1004/1004/1004 1002/1002/1002 1003/1003/1003
f 1005/1005/1005 1006/1006/1006 1007/1007/1007
f 1008/1008/1008 1009/1009/1009 1010/1010/1010
f 1011/1011/1011 1012/1012/1012 1013/1013/1013
f 1014/1014/1014 1015/1015/1015 1016/1016/1016
f 1017/1017/1017 1018/1018/1018 1019/1019/1019
f 1020/1020/1020 1021/1021/1021 1022/1022/1022
f 1023/1023/1023 1024/1024/1024 1025/1025/1025
f 1026/1026/1026 1027/1027/1027 1028/1028/1028
f 1029/1029/1029 1030/1030/1030 1031/1031/1031
f 1032/1032/1032 1033/1033/1033 1034/1034/1034
f 1035/1035/1035 1036/1036/1036 1037/1037/1037
f 1038/1038/1038 1039/1039/1039 1040/1040/1040
f 1041/1041/1041 1042/1042/1042 1043/1043/1043
f 1044/1044/1044 1045/1045/1045 1046/1046/1046
f 1047/1047/1047 1048/1048/1048 1049/1049/1049
f 1050/1050/1050 1051/1051/1051 1052/1052/1052
f 1052/1052/1052 1051/1051/1051 1053/1053/1053
f 1053/1053/1053 1051/1051/1051 1054/1054/1054
f 1053/1053/1053 1054/1054/1054 1055/1055/1055
f 1054/1054/1054 1056/1056/1056 1055/1055/1055
f 1054/1054/1054 1051/1051/1051 1057/1057/1057
f 1051/1051/1051 1058/1058/1058 1057/1057/1057
f 1058/1058/1058 1059/1059/1059 1057/1057/1057
f 1060/1060/1060 1061/1061/1061 1058/1058/1058
f 1061/1061/1061 1062/1062/1062 1058/1058/1058
f 1063/1063/1063 1064/1064/1064 1065/1065/1065
f 1064/1064/1064 1066/1066/1066 1065/1065/1065
f 1065/1065/1065 1066/1066/1066 1067/1067/1067
f 1068/1068/1068 1069/1069/1069 1070/1070/1070
f 1069/1069/1069 1071/1071/1071 1070/1070/1070
f 1070/1070/1070 1071/1071/1071 1072/1072/1072
f 1073/1073/1073 1074/1074/1074 1075/1075/1075
f 1074/1074/1074 1076/1076/1076 1075/1075/1075
f 1077/1077/1077 1078/1078/1078 1079/1079/1079
f 1079/1079/1079 1078/1078/1078 1080/1080/1080
f 1078/1078/1078 1081/1081/1081 1080/1080/1080
f 1082/1082/1082 1083/1083/1083 1084/1084/1084
f 1084/1084/1084 1083/1083/1083 1085/1085/1085
f 1085/1085/1085 1083/1083/1083 1086/1086/1086
f 1087/1087/1087 1088/1088/1088 1089/1089/1089
f 1088/1088/1088 1090/1090/1090 1089/1089/1089
f 1090/1090/1090 1091/1091/1091 1089/1089/1089
f 1092/1092/1092 1093/1093/1093 1094/1094/1094
f 1093/1093/1093 1095/1095/1095 1094/1094/1094
f 1096/1096/1096 1097/1097/1097 1098/1098/1098
f 1098/1098/1098 1097/1097/1097 1099/1099/1099
f 1099/1099/1099 1097/1097/1097 1100/1100/1100
f 1101/1101/1101 1102/1102/1102 1103/1103/1103
f 1104/1104/1104 1101/1101/1101 1103/1103/1103
f 1105/1105/1105 1101/1101/1101 1104/1104/1104
f 1106/1106/1106 1107/1107/1107 1108/1108/1108
f 1108/1108/1108 1107/1107/1107 1109/1109/1109
f 1110/1110/1110 1111/1111/1111 1112/1112/1112
f 1111/1111/1111 1113/1113/1113 1112/1112/1112
f 1114/1114/1114 1115/1115/1115 1116/1116/1116
f 1116/1116/1116 1115/1115/1115 1117/1117/1117
f 1115/1115/1115 1118/1118/1118 1117/1117/1117
f 1117/1117/1117 1118/1118/1118 1119/1119/1119
f 1118/1118/1118 1120/1120/1120 1119/1119/1119
f 1119/1119/1119 1120/1120/1120 1121/1121/1121
f 1120/1120/1120 1122/1122/1122 1121/1121/1121
f 1121/1121/1121 1122/1122/1122 1123/1123/1123
f 1124/1124/1124 1125/1125/1125 1126/1126/1126
f 1126/1126/1126 1125/1125/1125 1127/1127/1127
f 1127/1127/1127 1125/1125/1125 1128/1128/1128
f 1125/1125/1125 1129/1129/1129 1128/1128/1128
f 1128/1128/1128 1129/1129/1129 1130/1130/1130
f 1130/1130/1130 1129/1129/1129 1131/1131/1131
f 1131/1131/1131 1129/1129/1129 1132/1132/1132
f 1132/1132/1132 1129/1129/1129 1133/1133/1133
f 1134/1134/1134 1135/1135/1135 1136/1136/1136
f 1135/1135/1135 1137/1137/1137 1136/1136/1136
f 1136/1136/1136 1137/1137/1137 1138/1138/1138
f 1139/1139/1139 1140/1140/1140 1141/1141/1141
f 1141/1141/1141 1140/1140/1140 1142/1142/1142
f 1142/1142/1142 1140/1140/1140 1143/1143/1143
f 1143/1143/1143 1140/1140/1140 1144/1144/1144
f 1145/1145/1145 1146/1146/1146 1147/1147/1147
f 1148/1148/1148 1146/1146/1146 1145/1145/1145
f 1149/1149/1149 1146/1146/1146 1148/1148/1148
f 1150/1150/1150 1148/1148/1148 1145/1145/1145
f 1151/1151/1151 1150/1150/1150 1145/1145/1145
f 1152/1152/1152 1146/1146/1146 1149/1149/1149
f 1153/1153/1153 1152/1152/1152 1149/1149/1149
f 1151/1151/1151 1154/1154/1154 1150/1150/1150
f 1150/1150/1150 1154/1154/1154 1155/1155/1155
f 1156/1156/1156 1152/1152/1152 1153/1153/1153
f 1157/1157/1157 1152/1152/1152 1156/1156/1156
f 1158/1158/1158 1157/1157/1157 1156/1156/1156
f 1155/1155/1155 1154/1154/1154 1159/1159/1159
f 1159/1159/1159 1158/1158/1158 1156/1156/1156
f 1154/1154/1154 1160/1160/1160 1159/1159/1159
f 1160/1160/1160 1158/1158/1158 1159/1159/1159
f 1161/1161/1161 1162/1162/1162 1163/1163/1163
f 1162/1162/1162 1164/1164/1164 1163/1163/1163
f 1163/1163/1163 1164/1164/1164 1165/1165/1165
f 1165/1165/1165 1164/1164/1164 1166/1166/1166
f 1166/1166/1166 1164/1164/1164 1167/1167/1167
f 1164/1164/1164 1168/1168/1168 1167/1167/1167
f 1168/1168/1168 1169/1169/1169 1167/1167/1167
f 1170/1170/1170 1169/1169/1169 1168/1168/1168
f 1169/1169/1169 1171/1171/1171 1167/1167/1167
f 1171/1171/1171 1172/1172/1172 1167/1167/1167
f 1167/1167/1167 1172/1172/1172 1173/1173/1173
f 1174/1174/1174 1169/1169/1169 1170/1170/1170
f 1175/1175/1175 1173/1173/1173 1172/1172/1172
f 1176/1176/1176 1173/1173/1173 1175/1175/1175
f 1177/1177/1177 1176/1176/1176 1175/1175/1175
f 1178/1178/1178 1177/1177/1177 1175/1175/1175
f 1179/1179/1179 1177/1177/1177 1178/1178/1178
f 1180/1180/1180 1179/1179/1179 1178/1178/1178
f 1181/1181/1181 1180/1180/1180 1178/1178/1178
f 1182/1182/1182 1181/1181/1181 1178/1178/1178
f 1183/1183/1183 1181/1181/1181 1182/1182/1182
f 1184/1184/1184 1181/1181/1181 1183/1183/1183
f 1184/1184/1184 1183/1183/1183 1185/1185/1185
f 1183/1183/1183 1174/1174/1174 1185/1185/1185
f 1186/1186/1186 1174/1174/1174 1170/1170/1170
f 1185/1185/1185 1174/1174/1174 1186/1186/1186
f 1187/1187/1187 1185/1185/1185 1186/1186/1186
f 1188/1188/1188 1189/1189/1189 1190/1190/1190
f 1189/1189/1189 1191/1191/1191 1190/1190/1190
f 1192/1192/1192 1193/1193/1193 1194/1194/1194
f 1193/1193/1193 1195/1195/1195 1194/1194/1194
f 1194/1194/1194 1195/1195/1195 1196/1196/1196
f 1196/1196/1196 1195/1195/1195 1197/1197/1197
f 1197/1197/1197 1195/1195/1195 1198/1198/1198
f 1199/1199/1199 1200/1200/1200 1201/1201/1201
f 1201/1201/1201 1200/1200/1200 1202/1202/1202
f 1202/1202/1202 1200/1200/1200 1203/1203/1203
f 1202/1202/1202 1203/1203/1203 1204/1204/1204
f 1203/1203/1203 1200/1200/1200 1205/1205/1205
f 1200/1200/1200 1206/1206/1206 1205/1205/1205
f 1203/1203/1203 1207/1207/1207 1204/1204/1204
f 1206/1206/1206 1207/1207/1207 1205/1205/1205
f 1204/1204/1204 1207/1207/1207 1206/1206/1206
f 1208/1208/1208 1204/1204/1204 1206/1206/1206
f 1209/1209/1209 1208/1208/1208 1206/1206/1206
f 1210/1210/1210 1211/1211/1211 1212/1212/1212
f 1211/1211/1211 1213/1213/1213 1212/1212/1212
f 1212/1212/1212 1213/1213/1213 1214/1214/1214
f 1215/1215/1215 1212/1212/1212 1214/1214/1214
f 1214/1214/1214 1213/1213/1213 1216/1216/1216
f 1216/1216/1216 1213/1213/1213 1217/1217/1217
f 1218/1218/1218 1219/1219/1219 1220/1220/1220
f 1219/1219/1219 1221/1221/1221 1220/1220/1220
f 1220/1220/1220 1221/1221/1221 1222/1222/1222
f 1221/1221/1221 1223/1223/1223 1222/1222/1222
f 1223/1223/1223 1224/1224/1224 1222/1222/1222
f 1225/1225/1225 1224/1224/1224 1223/1223/1223
f 1226/1226/1226 1224/1224/1224 1225/1225/1225
f 1222/1222/1222 1224/1224/1224 1227/1227/1227
f 1228/1228/1228 1222/1222/1222 1227/1227/1227
f 1229/1229/1229 1222/1222/1222 1228/1228/1228
f 1230/1230/1230 1231/1231/1231 1232/1232/1232
f 1232/1232/1232 1231/1231/1231 1233/1233/1233
f 1233/1233/1233 1231/1231/1231 1234/1234/1234
f 1233/1233/1233 1234/1234/1234 1235/1235/1235
f 1234/1234/1234 1231/1231/1231 1236/1236/1236
f 1231/1231/1231 1237/1237/1237 1236/1236/1236
f 1234/1234/1234 1238/1238/1238 1235/1235/1235
f 1237/1237/1237 1238/1238/1238 1236/1236/1236
f 1235/1235/1235 1238/1238/1238 1237/1237/1237
f 1239/1239/1239 1235/1235/1235 1237/1237/1237
f 1240/1240/1240 1239/1239/1239 1237/1237/1237
f 1241/1241/1241 1242/1242/1242 1243/1243/1243
f 1242/1242/1242 1244/1244/1244 1243/1243/1243
f 1243/1243/1243 1244/1244/1244 1245/1245/1245
f 1244/1244/1244 1246/1246/1246 1245/1245/1245
f 1246/1246/1246 1247/1247/1247 1245/1245/1245
f 1245/1245/1245 1247/1247/1247 1248/1248/1248
f 1247/1247/1247 1249/1249/1249 1248/1248/1248
f 1248/1248/1248 1249/1249/1249 1250/1250/1250
f 1249/1249/1249 1251/1251/1251 1250/1250/1250
f 1250/1250/1250 1251/1251/1251 1252/1252/1252
f 1251/1251/1251 1253/1253/1253 1252/1252/1252
f 1252/1252/1252 1253/1253/1253 1254/1254/1254
f 1254/1254/1254 1253/1253/1253 1255/1255/1255
f 1253/1253/1253 1256/1256/1256 1255/1255/1255
f 1255/1255/1255 1256/1256/1256 1257/1257/1257
f 1258/1258/1258 1255/1255/1255 1257/1257/1257
f 1259/1259/1259 1258/1258/1258 1257/1257/1257
f 1260/1260/1260 1259/1259/1259 1257/1257/1257
f 1261/1261/1261 1259/1259/1259 1260/1260/1260
f 1262/1262/1262 1263/1263/1263 1264/1264/1264
f 1263/1263/1263 1265/1265/1265 1264/1264/1264
f 1264/1264/1264 1265/1265/1265 1266/1266/1266
f 1265/1265/1265 1267/1267/1267 1266/1266/1266
f 1267/1267/1267 1268/1268/1268 1266/1266/1266
f 1266/1266/1266 1268/1268/1268 1269/1269/1269
f 1268/1268/1268 1270/1270/1270 1269/1269/1269
f 1269/1269/1269 1270/1270/1270 1271/1271/1271
f 1270/1270/1270 1272/1272/1272 1271/1271/1271
f 1271/1271/1271 1272/1272/1272 1273/1273/1273
f 1272/1272/1272 1274/1274/1274 1273/1273/1273
f 1273/1273/1273 1274/1274/1274 1275/1275/1275
f 1275/1275/1275 1274/1274/1274 1276/1276/1276
f 1274/1274/1274 1277/1277/1277 1276/1276/1276
f 1276/1276/1276 1277/1277/1277 1278/1278/1278
f 1279/1279/1279 1276/1276/1276 1278/1278/1278
f 1280/1280/1280 1279/1279/1279 1278/1278/1278
f 1281/1281/1281 1280/1280/1280 1278/1278/1278
f 1282/1282/1282 1280/1280/1280 1281/1281/1281
f 1283/1283/1283 1284/1284/1284 1285/1285/1285
f 1284/1284/1284 1286/1286/1286 1285/1285/1285
f 1285/1285/1285 1286/1286/1286 1287/1287/1287
f 1286/1286/1286 1288/1288/1288 1287/1287/1287
f 1288/1288/1288 1289/1289/1289 1287/1287/1287
f 1290/1290/1290 1289/1289/1289 1288/1288/1288
f 1291/1291/1291 1289/1289/1289 1290/1290/1290
f 1287/1287/1287 1289/1289/1289 1292/1292/1292
f 1293/1293/1293 1287/1287/1287 1292/1292/1292
f 1294/1294/1294 1287/1287/1287 1293/1293/1293
f 1295/1295/1295 1296/1296/1296 1297/1297/1297
f 1296/1296/1296 1298/1298/1298 1297/1297/1297
f 1297/1297/1297 1298/1298/1298 1299/1299/1299
f 1298/1298/1298 1300/1300/1300 1299/1299/1299
f 1299/1299/1299 1300/1300/1300 1301/1301/1301
f 1300/1300/1300 1302/1302/1302 1301/1301/1301
f 1301/1301/1301 1302/1302/1302 1303/1303/1303
f 1303/1303/1303 1302/1302/1302 1304/1304/1304
f 1305/1305/1305 1303/1303/1303 1304/1304/1304
f 1306/1306/1306 1305/1305/1305 1304/1304/1304
f 1307/1307/1307 1305/1305/1305 1306/1306/1306
f 1308/1308/1308 1307/1307/1307 1306/1306/1306
f 1309/1309/1309 1307/1307/1307 1308/1308/1308
f 1310/1310/1310 1309/1309/1309 1308/1308/1308
f 1311/1311/1311 1310/1310/1310 1308/1308/1308
f 1312/1312/1312 1310/1310/1310 1311/1311/1311
f 1313/1313/1313 1312/1312/1312 1311/1311/1311
f 1314/1314/1314 1312/1312/1312 1313/1313/1313
f 1315/1315/1315 1312/1312/1312 1314/1314/1314
f 1316/1316/1316 1312/1312/1312 1315/1315/1315
f 1317/1317/1317 1316/1316/1316 1315/1315/1315
f 1318/1318/1318 1316/1316/1316 1317/1317/1317
f 1319/1319/1319 1318/1318/1318 1317/1317/1317
f 1320/1320/1320 1318/1318/1318 1319/1319/1319
f 1321/1321/1321 1320/1320/1320 1319/1319/1319
f 1322/1322/1322 1320/1320/1320 1321/1321/1321
f 1323/1323/1323 1322/1322/1322 1321/1321/1321
f 1324/1324/1324 1325/1325/1325 1326/1326/1326
f 1325/1325/1325 1327/1327/1327 1326/1326/1326
f 1326/1326/1326 1327/1327/1327 1328/1328/1328
f 1327/1327/1327 1329/1329/1329 1328/1328/1328
f 1328/1328/1328 1329/1329/1329 1330/1330/1330
f 1329/1329/1329 1331/1331/1331 1330/1330/1330
f 1330/1330/1330 1331/1331/1331 1332/1332/1332
f 1332/1332/1332 1331/1331/1331 1333/1333/1333
f 1334/1334/1334 1332/1332/1332 1333/1333/1333
f 1335/1335/1335 1334/1334/1334 1333/1333/1333
f 1336/1336/1336 1334/1334/1334 1335/1335/1335
f 1337/1337/1337 1336/1336/1336 1335/1335/1335
f 1338/1338/1338 1336/1336/1336 1337/1337/1337
f 1339/1339/1339 1338/1338/1338 1337/1337/1337
f 1340/1340/1340 1339/1339/1339 1337/1337/1337
f 1341/1341/1341 1339/1339/1339 1340/1340/1340
f 1342/1342/1342 1341/1341/1341 1340/1340/1340
f 1343/1343/1343 1341/1341/1341 1342/1342/1342
f 1344/1344/1344 1341/1341/1341 1343/1343/1343
f 1345/1345/1345 1341/1341/1341 1344/1344/1344
f 1346/1346/1346 1345/1345/1345 1344/1344/1344
f 1347/1347/1347 1345/1345/1345 1346/1346/1346
f 1348/1348/1348 1347/1347/1347 1346/1346/1346
f 1349/1349/1349 1347/1347/1347 1348/1348/1348
f 1350/1350/1350 1349/1349/1349 1348/1348/1348
f 1351/1351/1351 1349/1349/1349 1350/1350/1350
f 1352/1352/1352 1351/1351/1351 1350/1350/1350
