# Unturned item rip -> Godot (X+Z negated, winding reversed, RH Y-up)
v -0.263357 -0.100001 0.087357
v -0.228243 -0.100001 0.087358
v -0.228243 -0.137501 0.087357
v -0.228243 -0.100001 0.087358
v -0.228243 -0.100001 0.069800
v -0.228243 -0.137501 0.069800
v 0.228243 -0.099999 -0.421800
v 0.245800 -0.099999 -0.421800
v 0.245800 -0.137499 -0.421800
v 0.263357 -0.099999 -0.439357
v 0.228243 -0.099999 -0.439357
v 0.228243 -0.137499 -0.439357
v -0.087786 -0.099999 -0.439357
v -0.122900 -0.099999 -0.439357
v -0.122900 -0.137499 -0.439357
v -0.087786 -0.099999 -0.439357
v -0.087786 -0.137499 -0.439357
v -0.087786 -0.137499 -0.421800
v -0.052671 -0.099999 -0.421800
v -0.017557 -0.099999 -0.421800
v -0.017557 -0.137499 -0.421800
v 0.263357 -0.100000 -0.263785
v 0.263357 -0.100000 -0.298900
v 0.263357 -0.137500 -0.298900
v 0.245800 -0.100000 -0.263785
v 0.263357 -0.100000 -0.263785
v 0.263357 -0.137500 -0.263786
v 0.263357 -0.100000 -0.088214
v 0.245800 -0.100000 -0.088214
v 0.245800 -0.137500 -0.088214
v -0.122900 -0.100001 0.087358
v -0.087786 -0.100001 0.087358
v -0.087786 -0.137501 0.087357
v -0.087786 -0.100001 0.087358
v -0.087786 -0.100001 0.069800
v -0.087786 -0.137501 0.069800
v -0.087786 -0.100001 0.069800
v -0.122900 -0.100001 0.069800
v -0.122900 -0.137501 0.069800
v 0.017557 -0.099999 -0.421800
v 0.052671 -0.099999 -0.421800
v 0.052671 -0.137499 -0.421800
v 0.087786 -0.099999 -0.421800
v 0.122900 -0.099999 -0.421800
v 0.122900 -0.137499 -0.421800
v -0.263357 -0.100001 0.087357
v -0.228243 -0.137501 0.087357
v -0.263357 -0.137501 0.087357
v -0.228243 -0.100001 0.087358
v -0.228243 -0.137501 0.069800
v -0.228243 -0.137501 0.087357
v 0.228243 -0.099999 -0.421800
v 0.245800 -0.137499 -0.421800
v 0.228243 -0.137499 -0.421800
v 0.263357 -0.099999 -0.439357
v 0.228243 -0.137499 -0.439357
v 0.263357 -0.137499 -0.439357
v -0.087786 -0.099999 -0.439357
v -0.122900 -0.137499 -0.439357
v -0.087786 -0.137499 -0.439357
v -0.087786 -0.099999 -0.439357
v -0.087786 -0.137499 -0.421800
v -0.087786 -0.099999 -0.421800
v -0.052671 -0.099999 -0.421800
v -0.017557 -0.137499 -0.421800
v -0.052671 -0.137499 -0.421800
v 0.263357 -0.100000 -0.263785
v 0.263357 -0.137500 -0.298900
v 0.263357 -0.137500 -0.263786
v 0.245800 -0.100000 -0.263785
v 0.263357 -0.137500 -0.263786
v 0.245800 -0.137500 -0.263786
v 0.263357 -0.100000 -0.088214
v 0.245800 -0.137500 -0.088214
v 0.263357 -0.137500 -0.088214
v -0.122900 -0.100001 0.087358
v -0.087786 -0.137501 0.087357
v -0.122900 -0.137501 0.087357
v -0.087786 -0.100001 0.087358
v -0.087786 -0.137501 0.069800
v -0.087786 -0.137501 0.087357
v -0.087786 -0.100001 0.069800
v -0.122900 -0.137501 0.069800
v -0.087786 -0.137501 0.069800
v 0.017557 -0.099999 -0.421800
v 0.052671 -0.137499 -0.421800
v 0.017557 -0.137499 -0.421800
v 0.087786 -0.099999 -0.421800
v 0.122900 -0.137499 -0.421800
v 0.087786 -0.137499 -0.421800
v -0.263357 -0.100000 -0.088214
v -0.158014 -0.100000 -0.017985
v -0.263357 -0.100000 -0.263785
v -0.267101 -0.047097 -0.247325
v -0.292739 -0.075467 -0.176000
v -0.264873 -0.075467 -0.176000
v -0.292739 -0.047097 -0.247325
v -0.263357 -0.137501 0.052243
v -0.245800 -0.137501 0.069800
v -0.245800 -0.137501 0.052243
v -0.263357 -0.137501 0.087357
v -0.228243 -0.137501 0.087357
v -0.228243 -0.137501 0.069800
v -0.245800 -0.137500 -0.017986
v -0.263357 -0.137500 -0.017986
v -0.263357 -0.137501 0.017129
v -0.245800 -0.137501 0.017129
v -0.263357 -0.100000 -0.017985
v -0.263357 -0.100001 0.017129
v -0.263357 -0.137501 0.017129
v -0.263357 -0.137500 -0.017986
v -0.245800 -0.100000 -0.017985
v -0.263357 -0.100000 -0.017985
v -0.263357 -0.137500 -0.017986
v -0.245800 -0.137500 -0.017986
v -0.228243 -0.100001 0.069800
v -0.245800 -0.100001 0.069800
v -0.245800 -0.137501 0.069800
v -0.228243 -0.137501 0.069800
v -0.263357 -0.100001 0.017129
v -0.245800 -0.100001 0.017129
v -0.245800 -0.137501 0.017129
v -0.263357 -0.137501 0.017129
v -0.245800 -0.100001 0.052243
v -0.263357 -0.100001 0.052243
v -0.263357 -0.137501 0.052243
v -0.245800 -0.137501 0.052243
v -0.245800 -0.100001 0.069800
v -0.245800 -0.100001 0.052243
v -0.245800 -0.137501 0.052243
v -0.245800 -0.137501 0.069800
v -0.245800 -0.100001 0.017129
v -0.245800 -0.100000 -0.017985
v -0.245800 -0.137500 -0.017986
v -0.245800 -0.137501 0.017129
v -0.263357 -0.100001 0.087357
v -0.263357 -0.137501 0.087357
v -0.263357 -0.137501 0.052243
v -0.263357 -0.100001 0.052243
v -0.278460 0.106250 -0.247325
v -0.292739 0.106250 -0.247325
v -0.292739 -0.047097 -0.247325
v -0.267101 -0.047097 -0.247325
v -0.292739 -0.047097 -0.104675
v -0.292739 0.106250 -0.104675
v -0.278460 0.106250 -0.104675
v -0.267101 -0.047097 -0.104675
v -0.264873 -0.075467 -0.176000
v -0.292739 -0.075467 -0.176000
v -0.292739 -0.047097 -0.104675
v -0.267101 -0.047097 -0.104675
v -0.263357 -0.100000 -0.088214
v -0.263357 -0.100000 -0.053100
v -0.263357 -0.137500 -0.053100
v -0.263357 -0.137500 -0.088214
v -0.245800 -0.100000 -0.088214
v -0.263357 -0.100000 -0.088214
v -0.263357 -0.137500 -0.088214
v -0.245800 -0.137500 -0.088214
v -0.245800 -0.100000 -0.088214
v -0.245800 -0.137500 -0.088214
v -0.245800 -0.137500 -0.053100
v -0.245800 -0.100000 -0.053100
v -0.245800 -0.137500 -0.298900
v -0.263357 -0.137500 -0.298900
v -0.263357 -0.137500 -0.263786
v -0.245800 -0.137500 -0.263786
v -0.263357 -0.100000 -0.298900
v -0.263357 -0.100000 -0.263785
v -0.263357 -0.137500 -0.263786
v -0.263357 -0.137500 -0.298900
v -0.245800 -0.100000 -0.298900
v -0.263357 -0.100000 -0.298900
v -0.263357 -0.137500 -0.298900
v -0.245800 -0.137500 -0.298900
v -0.263357 -0.100000 -0.263785
v -0.245800 -0.100000 -0.263785
v -0.245800 -0.137500 -0.263786
v -0.263357 -0.137500 -0.263786
v -0.245800 -0.100000 -0.263785
v -0.245800 -0.100000 -0.298900
v -0.245800 -0.137500 -0.298900
v -0.245800 -0.137500 -0.263786
v -0.245800 -0.100000 -0.334014
v -0.245800 -0.099999 -0.369128
v -0.245800 -0.137499 -0.369129
v -0.245800 -0.137500 -0.334014
v -0.263357 -0.100000 -0.334014
v -0.245800 -0.100000 -0.334014
v -0.245800 -0.137500 -0.334014
v -0.263357 -0.137500 -0.334014
v -0.245800 -0.099999 -0.369128
v -0.263357 -0.099999 -0.369128
v -0.263357 -0.137499 -0.369129
v -0.245800 -0.137499 -0.369129
v -0.263357 -0.099999 -0.369128
v -0.263357 -0.100000 -0.334014
v -0.263357 -0.137500 -0.334014
v -0.263357 -0.137499 -0.369129
v -0.245800 -0.137499 -0.369129
v -0.263357 -0.137499 -0.369129
v -0.263357 -0.137500 -0.334014
v -0.245800 -0.137500 -0.334014
v -0.228243 -0.137499 -0.439357
v -0.245800 -0.137499 -0.421800
v -0.228243 -0.137499 -0.421800
v -0.263357 -0.137499 -0.439357
v -0.263357 -0.137499 -0.404243
v -0.245800 -0.137499 -0.404243
v 0.263357 -0.099999 -0.369128
v 0.245800 -0.099999 -0.369128
v 0.245800 -0.137499 -0.369129
v 0.263357 -0.137499 -0.369129
v -0.245800 -0.099999 -0.421800
v -0.228243 -0.099999 -0.421800
v -0.228243 -0.137499 -0.421800
v -0.245800 -0.137499 -0.421800
v -0.263357 -0.099999 -0.439357
v -0.263357 -0.099999 -0.404243
v -0.263357 -0.137499 -0.404243
v -0.263357 -0.137499 -0.439357
v -0.228243 -0.099999 -0.439357
v -0.263357 -0.099999 -0.439357
v -0.263357 -0.137499 -0.439357
v -0.228243 -0.137499 -0.439357
v -0.228243 -0.099999 -0.421800
v -0.228243 -0.099999 -0.439357
v -0.228243 -0.137499 -0.439357
v -0.228243 -0.137499 -0.421800
v -0.245800 -0.099999 -0.404243
v -0.245800 -0.099999 -0.421800
v -0.245800 -0.137499 -0.421800
v -0.245800 -0.137499 -0.404243
v 0.245800 -0.100000 -0.334014
v 0.263357 -0.100000 -0.334014
v 0.263357 -0.137500 -0.334014
v 0.245800 -0.137500 -0.334014
v -0.158014 -0.137499 -0.421800
v -0.158014 -0.137499 -0.439357
v -0.193129 -0.137499 -0.439357
v -0.193129 -0.137499 -0.421800
v -0.158014 -0.099999 -0.439357
v -0.193129 -0.099999 -0.439357
v -0.193129 -0.137499 -0.439357
v -0.158014 -0.137499 -0.439357
v -0.158014 -0.099999 -0.421800
v -0.158014 -0.099999 -0.439357
v -0.158014 -0.137499 -0.439357
v -0.158014 -0.137499 -0.421800
v 0.263357 -0.100000 -0.334014
v 0.263357 -0.099999 -0.369128
v 0.263357 -0.137499 -0.369129
v 0.263357 -0.137500 -0.334014
v -0.193129 -0.099999 -0.439357
v -0.193129 -0.099999 -0.421800
v -0.193129 -0.137499 -0.421800
v -0.193129 -0.137499 -0.439357
v 0.263357 -0.137500 -0.334014
v 0.263357 -0.137499 -0.369129
v 0.245800 -0.137499 -0.369129
v 0.245800 -0.137500 -0.334014
v 0.263357 -0.137499 -0.404243
v 0.245800 -0.137499 -0.421800
v 0.245800 -0.137499 -0.404243
v 0.263357 -0.137499 -0.439357
v 0.228243 -0.137499 -0.439357
v 0.228243 -0.137499 -0.421800
v -0.193129 -0.099999 -0.421800
v -0.158014 -0.099999 -0.421800
v -0.158014 -0.137499 -0.421800
v -0.193129 -0.137499 -0.421800
v -0.263357 -0.099999 -0.404243
v -0.245800 -0.099999 -0.404243
v -0.245800 -0.137499 -0.404243
v -0.263357 -0.137499 -0.404243
v -0.087786 -0.137499 -0.421800
v -0.087786 -0.137499 -0.439357
v -0.122900 -0.137499 -0.439357
v -0.122900 -0.137499 -0.421800
v -0.122900 -0.099999 -0.439357
v -0.122900 -0.099999 -0.421800
v -0.122900 -0.137499 -0.421800
v -0.122900 -0.137499 -0.439357
v -0.122900 -0.099999 -0.421800
v -0.087786 -0.099999 -0.421800
v -0.087786 -0.137499 -0.421800
v -0.122900 -0.137499 -0.421800
v -0.017557 -0.137499 -0.439357
v -0.052671 -0.137499 -0.439357
v -0.052671 -0.137499 -0.421800
v -0.017557 -0.137499 -0.421800
v -0.017557 -0.099999 -0.439357
v -0.052671 -0.099999 -0.439357
v -0.052671 -0.137499 -0.439357
v -0.017557 -0.137499 -0.439357
v -0.017557 -0.099999 -0.421800
v -0.017557 -0.099999 -0.439357
v -0.017557 -0.137499 -0.439357
v -0.017557 -0.137499 -0.421800
v -0.052671 -0.099999 -0.439357
v -0.052671 -0.099999 -0.421800
v -0.052671 -0.137499 -0.421800
v -0.052671 -0.137499 -0.439357
v 0.158014 -0.099999 -0.421800
v 0.193129 -0.099999 -0.421800
v 0.193129 -0.137499 -0.421800
v 0.158014 -0.137499 -0.421800
v 0.158014 -0.099999 -0.439357
v 0.158014 -0.099999 -0.421800
v 0.158014 -0.137499 -0.421800
v 0.158014 -0.137499 -0.439357
v 0.193129 -0.099999 -0.421800
v 0.193129 -0.099999 -0.439357
v 0.193129 -0.137499 -0.439357
v 0.193129 -0.137499 -0.421800
v 0.193129 -0.099999 -0.439357
v 0.158014 -0.099999 -0.439357
v 0.158014 -0.137499 -0.439357
v 0.193129 -0.137499 -0.439357
v 0.193129 -0.137499 -0.421800
v 0.193129 -0.137499 -0.439357
v 0.158014 -0.137499 -0.439357
v 0.158014 -0.137499 -0.421800
v 0.228243 -0.099999 -0.439357
v 0.228243 -0.099999 -0.421800
v 0.228243 -0.137499 -0.421800
v 0.228243 -0.137499 -0.439357
v 0.245800 -0.099999 -0.421800
v 0.245800 -0.099999 -0.404243
v 0.245800 -0.137499 -0.404243
v 0.245800 -0.137499 -0.421800
v 0.263357 -0.099999 -0.439357
v 0.263357 -0.137499 -0.439357
v 0.263357 -0.137499 -0.404243
v 0.263357 -0.099999 -0.404243
v 0.245800 -0.099999 -0.404243
v 0.263357 -0.099999 -0.404243
v 0.263357 -0.137499 -0.404243
v 0.245800 -0.137499 -0.404243
v 0.245800 -0.099999 -0.369128
v 0.245800 -0.100000 -0.334014
v 0.245800 -0.137500 -0.334014
v 0.245800 -0.137499 -0.369129
v 0.245800 -0.137500 -0.263786
v 0.263357 -0.137500 -0.263786
v 0.263357 -0.137500 -0.298900
v 0.245800 -0.137500 -0.298900
v 0.263357 -0.100000 -0.298900
v 0.245800 -0.100000 -0.298900
v 0.245800 -0.137500 -0.298900
v 0.263357 -0.137500 -0.298900
v 0.245800 -0.100000 -0.298900
v 0.245800 -0.100000 -0.263785
v 0.245800 -0.137500 -0.263786
v 0.245800 -0.137500 -0.298900
v 0.245800 -0.137500 -0.053100
v 0.263357 -0.137500 -0.053100
v 0.263357 -0.137500 -0.088214
v 0.245800 -0.137500 -0.088214
v 0.263357 -0.100000 -0.053100
v 0.263357 -0.100000 -0.088214
v 0.263357 -0.137500 -0.088214
v 0.263357 -0.137500 -0.053100
v 0.245800 -0.100000 -0.053100
v 0.263357 -0.100000 -0.053100
v 0.263357 -0.137500 -0.053100
v 0.245800 -0.137500 -0.053100
v 0.245800 -0.100000 -0.088214
v 0.245800 -0.100000 -0.053100
v 0.245800 -0.137500 -0.053100
v 0.245800 -0.137500 -0.088214
v 0.245800 -0.100000 -0.017985
v 0.245800 -0.100001 0.017129
v 0.245800 -0.137501 0.017129
v 0.245800 -0.137500 -0.017986
v 0.263357 -0.100000 -0.017985
v 0.245800 -0.100000 -0.017985
v 0.245800 -0.137500 -0.017986
v 0.263357 -0.137500 -0.017986
v 0.245800 -0.100001 0.017129
v 0.263357 -0.100001 0.017129
v 0.263357 -0.137501 0.017129
v 0.245800 -0.137501 0.017129
v 0.263357 -0.100001 0.017129
v 0.263357 -0.100000 -0.017985
v 0.263357 -0.137500 -0.017986
v 0.263357 -0.137501 0.017129
v 0.245800 -0.137501 0.017129
v 0.263357 -0.137501 0.017129
v 0.263357 -0.137500 -0.017986
v 0.245800 -0.137500 -0.017986
v 0.228243 -0.137501 0.087357
v 0.245800 -0.137501 0.069800
v 0.228243 -0.137501 0.069800
v 0.263357 -0.137501 0.087357
v 0.263357 -0.137501 0.052243
v 0.245800 -0.137501 0.052243
v 0.245800 -0.100001 0.069800
v 0.228243 -0.100001 0.069800
v 0.228243 -0.137501 0.069800
v 0.245800 -0.137501 0.069800
v 0.263357 -0.100001 0.087358
v 0.263357 -0.100001 0.052243
v 0.263357 -0.137501 0.052243
v 0.263357 -0.137501 0.087357
v 0.228243 -0.100001 0.087358
v 0.263357 -0.100001 0.087358
v 0.263357 -0.137501 0.087357
v 0.228243 -0.137501 0.087357
v 0.228243 -0.100001 0.069800
v 0.228243 -0.100001 0.087358
v 0.228243 -0.137501 0.087357
v 0.228243 -0.137501 0.069800
v 0.245800 -0.100001 0.052243
v 0.245800 -0.100001 0.069800
v 0.245800 -0.137501 0.069800
v 0.245800 -0.137501 0.052243
v 0.158014 -0.137501 0.069800
v 0.158014 -0.137501 0.087357
v 0.193129 -0.137501 0.087357
v 0.193129 -0.137501 0.069800
v 0.158014 -0.100001 0.087358
v 0.193129 -0.100001 0.087358
v 0.193129 -0.137501 0.087357
v 0.158014 -0.137501 0.087357
v 0.158014 -0.100001 0.069800
v 0.158014 -0.100001 0.087358
v 0.158014 -0.137501 0.087357
v 0.158014 -0.137501 0.069800
v 0.193129 -0.100001 0.087358
v 0.193129 -0.100001 0.069800
v 0.193129 -0.137501 0.069800
v 0.193129 -0.137501 0.087357
v 0.193129 -0.100001 0.069800
v 0.158014 -0.100001 0.069800
v 0.158014 -0.137501 0.069800
v 0.193129 -0.137501 0.069800
v 0.263357 -0.100001 0.052243
v 0.245800 -0.100001 0.052243
v 0.245800 -0.137501 0.052243
v 0.263357 -0.137501 0.052243
v -0.052671 -0.137501 0.069800
v -0.052671 -0.137501 0.087357
v -0.017557 -0.137501 0.087357
v -0.017557 -0.137501 0.069800
v -0.052671 -0.100001 0.087358
v -0.017557 -0.100001 0.087358
v -0.017557 -0.137501 0.087357
v -0.052671 -0.137501 0.087357
v -0.052671 -0.100001 0.069800
v -0.052671 -0.100001 0.087358
v -0.052671 -0.137501 0.087357
v -0.052671 -0.137501 0.069800
v -0.017557 -0.100001 0.087358
v -0.017557 -0.100001 0.069800
v -0.017557 -0.137501 0.069800
v -0.017557 -0.137501 0.087357
v -0.017557 -0.100001 0.069800
v -0.052671 -0.100001 0.069800
v -0.052671 -0.137501 0.069800
v -0.017557 -0.137501 0.069800
v -0.122900 -0.137501 0.087357
v -0.087786 -0.137501 0.087357
v -0.087786 -0.137501 0.069800
v -0.122900 -0.137501 0.069800
v -0.122900 -0.100001 0.069800
v -0.122900 -0.100001 0.087358
v -0.122900 -0.137501 0.087357
v -0.122900 -0.137501 0.069800
v -0.158014 -0.100001 0.069800
v -0.193129 -0.100001 0.069800
v -0.193129 -0.137501 0.069800
v -0.158014 -0.137501 0.069800
v -0.158014 -0.100001 0.087358
v -0.158014 -0.100001 0.069800
v -0.158014 -0.137501 0.069800
v -0.158014 -0.137501 0.087357
v -0.193129 -0.100001 0.069800
v -0.193129 -0.100001 0.087358
v -0.193129 -0.137501 0.087357
v -0.193129 -0.137501 0.069800
v -0.193129 -0.100001 0.087358
v -0.158014 -0.100001 0.087358
v -0.158014 -0.137501 0.087357
v -0.193129 -0.137501 0.087357
v -0.193129 -0.137501 0.069800
v -0.193129 -0.137501 0.087357
v -0.158014 -0.137501 0.087357
v -0.158014 -0.137501 0.069800
v -0.292739 0.106250 -0.247325
v -0.278460 0.106250 -0.247325
v -0.278460 0.106250 -0.104675
v -0.292739 0.106250 -0.104675
v 0.263357 -0.100000 -0.263785
v 0.278460 0.106251 -0.454459
v 0.263357 -0.099999 -0.439357
v 0.263357 -0.100000 -0.088214
v 0.278460 0.106249 0.102460
v 0.263357 -0.100001 0.087358
v -0.245800 -0.137500 -0.158443
v -0.263357 -0.137500 -0.158443
v -0.263357 -0.137500 -0.123329
v -0.245800 -0.137500 -0.123329
v -0.263357 -0.100000 -0.158443
v -0.263357 -0.100000 -0.123328
v -0.263357 -0.137500 -0.123329
v -0.263357 -0.137500 -0.158443
v -0.245800 -0.100000 -0.158443
v -0.263357 -0.100000 -0.158443
v -0.263357 -0.137500 -0.158443
v -0.245800 -0.137500 -0.158443
v -0.263357 -0.100000 -0.123328
v -0.245800 -0.100000 -0.123328
v -0.245800 -0.137500 -0.123329
v -0.263357 -0.137500 -0.123329
v -0.245800 -0.100000 -0.123328
v -0.245800 -0.100000 -0.158443
v -0.245800 -0.137500 -0.158443
v -0.245800 -0.137500 -0.123329
v 0.245800 -0.137500 -0.123329
v 0.263357 -0.137500 -0.123329
v 0.263357 -0.137500 -0.158443
v 0.245800 -0.137500 -0.158443
v 0.263357 -0.100000 -0.123328
v 0.263357 -0.100000 -0.158443
v 0.263357 -0.137500 -0.158443
v 0.263357 -0.137500 -0.123329
v 0.245800 -0.100000 -0.123328
v 0.263357 -0.100000 -0.123328
v 0.263357 -0.137500 -0.123329
v 0.245800 -0.137500 -0.123329
v 0.263357 -0.100000 -0.158443
v 0.245800 -0.100000 -0.158443
v 0.245800 -0.137500 -0.158443
v 0.263357 -0.137500 -0.158443
v 0.245800 -0.100000 -0.158443
v 0.245800 -0.100000 -0.123328
v 0.245800 -0.137500 -0.123329
v 0.245800 -0.137500 -0.158443
v -0.245800 -0.137500 -0.088214
v -0.263357 -0.137500 -0.088214
v -0.263357 -0.137500 -0.053100
v -0.245800 -0.137500 -0.053100
v -0.263357 -0.100000 -0.053100
v -0.245800 -0.100000 -0.053100
v -0.245800 -0.137500 -0.053100
v -0.263357 -0.137500 -0.053100
v -0.245800 -0.137500 -0.228671
v -0.263357 -0.137500 -0.228671
v -0.263357 -0.137500 -0.193557
v -0.245800 -0.137500 -0.193557
v -0.263357 -0.100000 -0.228671
v -0.263357 -0.100000 -0.193557
v -0.263357 -0.137500 -0.193557
v -0.263357 -0.137500 -0.228671
v -0.245800 -0.100000 -0.228671
v -0.263357 -0.100000 -0.228671
v -0.263357 -0.137500 -0.228671
v -0.245800 -0.137500 -0.228671
v -0.263357 -0.100000 -0.193557
v -0.245800 -0.100000 -0.193557
v -0.245800 -0.137500 -0.193557
v -0.263357 -0.137500 -0.193557
v -0.245800 -0.100000 -0.193557
v -0.245800 -0.100000 -0.228671
v -0.245800 -0.137500 -0.228671
v -0.245800 -0.137500 -0.193557
v 0.245800 -0.137500 -0.193557
v 0.263357 -0.137500 -0.193557
v 0.263357 -0.137500 -0.228671
v 0.245800 -0.137500 -0.228671
v 0.263357 -0.100000 -0.193557
v 0.263357 -0.100000 -0.228671
v 0.263357 -0.137500 -0.228671
v 0.263357 -0.137500 -0.193557
v 0.245800 -0.100000 -0.193557
v 0.263357 -0.100000 -0.193557
v 0.263357 -0.137500 -0.193557
v 0.245800 -0.137500 -0.193557
v 0.263357 -0.100000 -0.228671
v 0.245800 -0.100000 -0.228671
v 0.245800 -0.137500 -0.228671
v 0.263357 -0.137500 -0.228671
v 0.245800 -0.100000 -0.228671
v 0.245800 -0.100000 -0.193557
v 0.245800 -0.137500 -0.193557
v 0.245800 -0.137500 -0.228671
v 0.052671 -0.137499 -0.439357
v 0.017557 -0.137499 -0.439357
v 0.017557 -0.137499 -0.421800
v 0.052671 -0.137499 -0.421800
v 0.052671 -0.099999 -0.439357
v 0.017557 -0.099999 -0.439357
v 0.017557 -0.137499 -0.439357
v 0.052671 -0.137499 -0.439357
v 0.052671 -0.099999 -0.421800
v 0.052671 -0.099999 -0.439357
v 0.052671 -0.137499 -0.439357
v 0.052671 -0.137499 -0.421800
v 0.017557 -0.099999 -0.439357
v 0.017557 -0.099999 -0.421800
v 0.017557 -0.137499 -0.421800
v 0.017557 -0.137499 -0.439357
v 0.017557 -0.137501 0.069800
v 0.017557 -0.137501 0.087357
v 0.052671 -0.137501 0.087357
v 0.052671 -0.137501 0.069800
v 0.017557 -0.100001 0.087358
v 0.052671 -0.100001 0.087358
v 0.052671 -0.137501 0.087357
v 0.017557 -0.137501 0.087357
v 0.017557 -0.100001 0.069800
v 0.017557 -0.100001 0.087358
v 0.017557 -0.137501 0.087357
v 0.017557 -0.137501 0.069800
v 0.052671 -0.100001 0.087358
v 0.052671 -0.100001 0.069800
v 0.052671 -0.137501 0.069800
v 0.052671 -0.137501 0.087357
v 0.052671 -0.100001 0.069800
v 0.017557 -0.100001 0.069800
v 0.017557 -0.137501 0.069800
v 0.052671 -0.137501 0.069800
v 0.122900 -0.137499 -0.439357
v 0.087786 -0.137499 -0.439357
v 0.087786 -0.137499 -0.421800
v 0.122900 -0.137499 -0.421800
v 0.122900 -0.099999 -0.439357
v 0.087786 -0.099999 -0.439357
v 0.087786 -0.137499 -0.439357
v 0.122900 -0.137499 -0.439357
v 0.122900 -0.099999 -0.421800
v 0.122900 -0.099999 -0.439357
v 0.122900 -0.137499 -0.439357
v 0.122900 -0.137499 -0.421800
v 0.087786 -0.099999 -0.439357
v 0.087786 -0.099999 -0.421800
v 0.087786 -0.137499 -0.421800
v 0.087786 -0.137499 -0.439357
v 0.087786 -0.137501 0.069800
v 0.087786 -0.137501 0.087357
v 0.122900 -0.137501 0.087357
v 0.122900 -0.137501 0.069800
v 0.087786 -0.100001 0.087358
v 0.122900 -0.100001 0.087358
v 0.122900 -0.137501 0.087357
v 0.087786 -0.137501 0.087357
v 0.087786 -0.100001 0.069800
v 0.087786 -0.100001 0.087358
v 0.087786 -0.137501 0.087357
v 0.087786 -0.137501 0.069800
v 0.122900 -0.100001 0.087358
v 0.122900 -0.100001 0.069800
v 0.122900 -0.137501 0.069800
v 0.122900 -0.137501 0.087357
v 0.122900 -0.100001 0.069800
v 0.087786 -0.100001 0.069800
v 0.087786 -0.137501 0.069800
v 0.122900 -0.137501 0.069800
v 0.158014 -0.100000 -0.334014
v -0.158014 -0.100000 -0.334014
v -0.142912 0.106250 -0.318911
v 0.142912 0.106250 -0.318911
v 0.142912 0.106250 -0.318911
v 0.142912 0.106250 -0.033087
v 0.158014 -0.100000 -0.017985
v 0.158014 -0.100000 -0.334014
v 0.142912 0.106250 -0.033087
v -0.142912 0.106250 -0.033087
v -0.158014 -0.100000 -0.017985
v 0.158014 -0.100000 -0.017985
v -0.158014 -0.100000 -0.334014
v -0.158014 -0.100000 -0.017985
v -0.142912 0.106250 -0.033087
v -0.142912 0.106250 -0.318911
v -0.087786 -0.287500 -0.088215
v -0.052671 -0.287500 -0.088215
v -0.052671 -0.325000 -0.088215
v -0.087786 -0.325000 -0.088215
v 0.087786 -0.287500 -0.088215
v -0.102888 0.106250 -0.073111
v 0.102888 0.106250 -0.073111
v 0.052671 -0.287500 -0.088215
v 0.087786 -0.325000 -0.088215
v 0.052671 -0.325000 -0.088215
v 0.087786 -0.287500 -0.088215
v 0.087786 -0.287500 -0.263786
v -0.087786 -0.287500 -0.263786
v -0.087786 -0.287500 -0.088215
v 0.087786 -0.287500 -0.088215
v 0.087786 -0.287500 -0.123329
v 0.087786 -0.325000 -0.123329
v 0.087786 -0.325000 -0.088215
v 0.102888 0.106250 -0.278888
v 0.102888 0.106250 -0.073111
v 0.087786 -0.287500 -0.263786
v 0.087786 -0.287500 -0.228672
v 0.087786 -0.325000 -0.263786
v 0.087786 -0.325000 -0.228672
v 0.102888 0.106250 -0.278888
v 0.102888 0.106250 -0.073111
v -0.102888 0.106250 -0.073111
v -0.102888 0.106250 -0.278888
v 0.087786 -0.325000 -0.228672
v 0.070229 -0.325000 -0.246229
v 0.070229 -0.325000 -0.228672
v 0.087786 -0.325000 -0.263786
v 0.052671 -0.325000 -0.263786
v 0.052671 -0.325000 -0.246229
v 0.087786 -0.325000 -0.193558
v 0.070229 -0.325000 -0.193558
v 0.070229 -0.325000 -0.158443
v 0.087786 -0.325000 -0.158443
v 0.017557 -0.325000 -0.105772
v -0.017557 -0.325000 -0.105772
v -0.017557 -0.325000 -0.088215
v 0.017557 -0.325000 -0.088215
v 0.017557 -0.325000 -0.263786
v -0.017557 -0.325000 -0.263786
v -0.017557 -0.325000 -0.246229
v 0.017557 -0.325000 -0.246229
v -0.087786 -0.325000 -0.123329
v -0.070229 -0.325000 -0.105772
v -0.070229 -0.325000 -0.123329
v -0.087786 -0.325000 -0.088215
v -0.052671 -0.325000 -0.088215
v -0.052671 -0.325000 -0.105772
v -0.070229 -0.325000 -0.193558
v -0.087786 -0.325000 -0.193558
v -0.087786 -0.325000 -0.158443
v -0.070229 -0.325000 -0.158443
v 0.052671 -0.287500 -0.105772
v 0.052671 -0.287500 -0.088215
v 0.052671 -0.325000 -0.088215
v 0.052671 -0.325000 -0.105772
v 0.087786 -0.287500 -0.193558
v 0.070229 -0.287500 -0.193558
v 0.070229 -0.325000 -0.193558
v 0.087786 -0.325000 -0.193558
v 0.052671 -0.287500 -0.246229
v 0.070229 -0.287500 -0.246229
v 0.070229 -0.325000 -0.246229
v 0.052671 -0.325000 -0.246229
v 0.070229 -0.287500 -0.158443
v 0.087786 -0.287500 -0.158443
v 0.087786 -0.325000 -0.158443
v 0.070229 -0.325000 -0.158443
v -0.087786 -0.287500 -0.193558
v -0.087786 -0.287500 -0.158443
v -0.087786 -0.325000 -0.158443
v -0.087786 -0.325000 -0.193558
v 0.087786 -0.287500 -0.123329
v 0.070229 -0.287500 -0.123329
v 0.070229 -0.325000 -0.123329
v 0.087786 -0.325000 -0.123329
v -0.087786 -0.287500 -0.228672
v -0.070229 -0.287500 -0.228672
v -0.070229 -0.325000 -0.228672
v -0.087786 -0.325000 -0.228672
v 0.087786 -0.287500 -0.263786
v 0.052671 -0.287500 -0.263786
v 0.052671 -0.325000 -0.263786
v 0.087786 -0.325000 -0.263786
v -0.087786 -0.287500 -0.263786
v 0.102888 0.106250 -0.278888
v -0.102888 0.106250 -0.278888
v -0.052671 -0.287500 -0.263786
v -0.087786 -0.325000 -0.263786
v -0.052671 -0.325000 -0.263786
v 0.017557 -0.287500 -0.105772
v -0.017557 -0.287500 -0.105772
v -0.017557 -0.325000 -0.105772
v 0.017557 -0.325000 -0.105772
v -0.070229 -0.287500 -0.193558
v -0.087786 -0.287500 -0.193558
v -0.087786 -0.325000 -0.193558
v -0.070229 -0.325000 -0.193558
v -0.052671 -0.287500 -0.105772
v -0.070229 -0.287500 -0.105772
v -0.070229 -0.325000 -0.105772
v -0.052671 -0.325000 -0.105772
v -0.087786 -0.287500 -0.158443
v -0.070229 -0.287500 -0.158443
v -0.070229 -0.325000 -0.158443
v -0.087786 -0.325000 -0.158443
v -0.070229 -0.287500 -0.246229
v -0.052671 -0.287500 -0.246229
v -0.052671 -0.325000 -0.246229
v -0.070229 -0.325000 -0.246229
v 0.070229 -0.287500 -0.105772
v 0.052671 -0.287500 -0.105772
v 0.052671 -0.325000 -0.105772
v 0.070229 -0.325000 -0.105772
v -0.070229 -0.287500 -0.123329
v -0.087786 -0.287500 -0.123329
v -0.087786 -0.325000 -0.123329
v -0.070229 -0.325000 -0.123329
v -0.087786 -0.287500 -0.263786
v -0.087786 -0.287500 -0.228672
v -0.087786 -0.325000 -0.228672
v -0.087786 -0.325000 -0.263786
v -0.087786 -0.287500 -0.088215
v -0.102888 0.106250 -0.278888
v -0.102888 0.106250 -0.073111
v -0.087786 -0.287500 -0.123329
v -0.087786 -0.325000 -0.088215
v -0.087786 -0.325000 -0.123329
v 0.070229 -0.287500 -0.123329
v 0.070229 -0.287500 -0.105772
v 0.070229 -0.325000 -0.105772
v 0.070229 -0.325000 -0.123329
v -0.070229 -0.287500 -0.105772
v -0.070229 -0.287500 -0.123329
v -0.070229 -0.325000 -0.123329
v -0.070229 -0.325000 -0.105772
v 0.070229 -0.287500 -0.193558
v 0.070229 -0.287500 -0.158443
v 0.070229 -0.325000 -0.158443
v 0.070229 -0.325000 -0.193558
v 0.017557 -0.287500 -0.263786
v -0.017557 -0.287500 -0.263786
v -0.017557 -0.325000 -0.263786
v 0.017557 -0.325000 -0.263786
v -0.052671 -0.287500 -0.246229
v -0.052671 -0.287500 -0.263786
v -0.052671 -0.325000 -0.263786
v -0.052671 -0.325000 -0.246229
v 0.070229 -0.287500 -0.246229
v 0.070229 -0.287500 -0.228672
v 0.070229 -0.325000 -0.228672
v 0.070229 -0.325000 -0.246229
v -0.070229 -0.287500 -0.228672
v -0.070229 -0.287500 -0.246229
v -0.070229 -0.325000 -0.246229
v -0.070229 -0.325000 -0.228672
v -0.017557 -0.287500 -0.263786
v -0.017557 -0.287500 -0.246229
v -0.017557 -0.325000 -0.246229
v -0.017557 -0.325000 -0.263786
v -0.017557 -0.287500 -0.088215
v 0.017557 -0.287500 -0.088215
v 0.017557 -0.325000 -0.088215
v -0.017557 -0.325000 -0.088215
v -0.070229 -0.287500 -0.158443
v -0.070229 -0.287500 -0.193558
v -0.070229 -0.325000 -0.193558
v -0.070229 -0.325000 -0.158443
v 0.017557 -0.287500 -0.246229
v 0.017557 -0.287500 -0.263786
v 0.017557 -0.325000 -0.263786
v 0.017557 -0.325000 -0.246229
v -0.052671 -0.287500 -0.088215
v -0.052671 -0.287500 -0.105772
v -0.052671 -0.325000 -0.105772
v -0.052671 -0.325000 -0.088215
v 0.052671 -0.287500 -0.263786
v 0.052671 -0.287500 -0.246229
v 0.052671 -0.325000 -0.246229
v 0.052671 -0.325000 -0.263786
v -0.017557 -0.287500 -0.105772
v -0.017557 -0.287500 -0.088215
v -0.017557 -0.325000 -0.088215
v -0.017557 -0.325000 -0.105772
v -0.017557 -0.287500 -0.246229
v 0.017557 -0.287500 -0.246229
v 0.017557 -0.325000 -0.246229
v -0.017557 -0.325000 -0.246229
v 0.017557 -0.287500 -0.088215
v 0.017557 -0.287500 -0.105772
v 0.017557 -0.325000 -0.105772
v 0.017557 -0.325000 -0.088215
v 0.070229 -0.287500 -0.228672
v 0.087786 -0.287500 -0.228672
v 0.087786 -0.325000 -0.228672
v 0.070229 -0.325000 -0.228672
v 0.087786 -0.287500 -0.158443
v 0.087786 -0.287500 -0.193558
v 0.087786 -0.325000 -0.193558
v 0.087786 -0.325000 -0.158443
v -0.292739 0.106250 -0.104675
v -0.292739 -0.047097 -0.247325
v -0.292739 0.106250 -0.247325
v -0.292739 -0.047097 -0.104675
v -0.292739 -0.075467 -0.176000
v -0.263357 -0.100001 0.087357
v -0.263357 -0.100000 -0.088214
v -0.278460 0.106249 0.102460
v -0.278460 0.106251 -0.454459
v -0.263357 -0.100000 -0.263785
v -0.263357 -0.099999 -0.439357
v -0.263357 -0.100001 0.087357
v -0.278460 0.106249 0.102460
v -0.087786 -0.100001 0.087358
v 0.278460 0.106249 0.102460
v 0.087786 -0.100001 0.087358
v 0.263357 -0.100001 0.087358
v -0.278460 0.106251 -0.454459
v -0.263357 -0.099999 -0.439357
v -0.072683 0.106251 -0.454459
v -0.087786 -0.099999 -0.439357
v 0.072683 0.106251 -0.454459
v 0.087786 -0.099999 -0.439357
v 0.263357 -0.099999 -0.439357
v 0.278460 0.106251 -0.454459
v -0.087786 -0.099999 -0.439357
v 0.158014 -0.100000 -0.334014
v 0.087786 -0.099999 -0.439357
v 0.263357 -0.099999 -0.439357
v 0.263357 -0.099999 -0.439357
v 0.158014 -0.100000 -0.334014
v 0.263357 -0.100000 -0.263785
v 0.263357 -0.100000 -0.088214
v 0.158014 -0.100000 -0.017985
v 0.263357 -0.100001 0.087358
v 0.087786 -0.100001 0.087358
v -0.087786 -0.100001 0.087358
v -0.158014 -0.100000 -0.017985
v -0.263357 -0.100001 0.087357
v -0.263357 -0.100000 -0.088214
v -0.087786 -0.099999 -0.439357
v -0.158014 -0.100000 -0.334014
v -0.263357 -0.100000 -0.263785
v -0.263357 -0.099999 -0.439357
v 0.070229 -0.325000 -0.105772
v 0.087786 -0.325000 -0.123329
v 0.070229 -0.325000 -0.123329
v 0.087786 -0.325000 -0.088215
v 0.052671 -0.325000 -0.088215
v 0.052671 -0.325000 -0.105772
v -0.070229 -0.325000 -0.246229
v -0.087786 -0.325000 -0.228672
v -0.070229 -0.325000 -0.228672
v -0.087786 -0.325000 -0.263786
v -0.052671 -0.325000 -0.263786
v -0.052671 -0.325000 -0.246229
v 0.142912 0.106250 -0.318911
v -0.072683 0.106251 -0.454459
v 0.072683 0.106251 -0.454459
v 0.278460 0.106251 -0.454459
v -0.142912 0.106250 -0.318911
v 0.142912 0.106250 -0.033087
v -0.278460 0.106251 -0.454459
v 0.278460 0.106249 0.102460
v -0.142912 0.106250 -0.033087
v -0.278460 0.106249 0.102460
vt 0.844509602 0.82482332
vt 0.844509602 0.82482332
vt 0.844509602 0.82482332
vt 0.844509602 0.82482332
vt 0.844509602 0.82482332
vt 0.844509602 0.82482332
vt 0.844509602 0.82482332
vt 0.844509602 0.82482332
vt 0.844509602 0.82482332
vt 0.844509602 0.82482332
vt 0.844509602 0.82482332
vt 0.844509602 0.82482332
vt 0.844509602 0.82482332
vt 0.844509602 0.82482332
vt 0.844509602 0.82482332
vt 0.844509602 0.82482332
vt 0.844509602 0.82482332
vt 0.844509602 0.82482332
vt 0.844509602 0.82482332
vt 0.844509602 0.82482332
vt 0.844509602 0.82482332
vt 0.844509602 0.82482332
vt 0.844509602 0.82482332
vt 0.844509602 0.82482332
vt 0.844509602 0.82482332
vt 0.844509602 0.82482332
vt 0.844509602 0.82482332
vt 0.844509602 0.82482332
vt 0.844509602 0.82482332
vt 0.844509602 0.82482332
vt 0.844509602 0.82482332
vt 0.844509602 0.82482332
vt 0.844509602 0.82482332
vt 0.844509602 0.82482332
vt 0.844509602 0.82482332
vt 0.844509602 0.82482332
vt 0.844509602 0.82482332
vt 0.844509602 0.82482332
vt 0.844509602 0.82482332
vt 0.844509602 0.82482332
vt 0.844509602 0.82482332
vt 0.844509602 0.82482332
vt 0.844509602 0.82482332
vt 0.844509602 0.82482332
vt 0.844509602 0.82482332
vt 0.844509602 0.82482332
vt 0.844509602 0.82482332
vt 0.844509602 0.82482332
vt 0.844509602 0.82482332
vt 0.844509602 0.82482332
vt 0.844509602 0.82482332
vt 0.844509602 0.82482332
vt 0.844509602 0.82482332
vt 0.844509602 0.82482332
vt 0.844509602 0.82482332
vt 0.844509602 0.82482332
vt 0.844509602 0.82482332
vt 0.844509602 0.82482332
vt 0.844509602 0.82482332
vt 0.844509602 0.82482332
vt 0.844509602 0.82482332
vt 0.844509602 0.82482332
vt 0.844509602 0.82482332
vt 0.844509602 0.82482332
vt 0.844509602 0.82482332
vt 0.844509602 0.82482332
vt 0.844509602 0.82482332
vt 0.844509602 0.82482332
vt 0.844509602 0.82482332
vt 0.844509602 0.82482332
vt 0.844509602 0.82482332
vt 0.844509602 0.82482332
vt 0.844509602 0.82482332
vt 0.844509602 0.82482332
vt 0.844509602 0.82482332
vt 0.844509602 0.82482332
vt 0.844509602 0.82482332
vt 0.844509602 0.82482332
vt 0.844509602 0.82482332
vt 0.844509602 0.82482332
vt 0.844509602 0.82482332
vt 0.844509602 0.82482332
vt 0.844509602 0.82482332
vt 0.844509602 0.82482332
vt 0.844509602 0.82482332
vt 0.844509602 0.82482332
vt 0.844509602 0.82482332
vt 0.844509602 0.82482332
vt 0.844509602 0.82482332
vt 0.844509602 0.82482332
vt 0.844509602 0.82482332
vt 0.844509602 0.82482332
vt 0.844509602 0.82482332
vt 0.381882399 0.244078577
vt 0.381882399 0.244078577
vt 0.381882399 0.244078577
vt 0.381882399 0.244078577
vt 0.844509602 0.82482332
vt 0.844509602 0.82482332
vt 0.844509602 0.82482332
vt 0.844509602 0.82482332
vt 0.844509602 0.82482332
vt 0.844509602 0.82482332
vt 0.844509602 0.82482332
vt 0.844509602 0.82482332
vt 0.844509602 0.82482332
vt 0.844509602 0.82482332
vt 0.844509602 0.82482332
vt 0.844509602 0.82482332
vt 0.844509602 0.82482332
vt 0.844509602 0.82482332
vt 0.844509602 0.82482332
vt 0.844509602 0.82482332
vt 0.844509602 0.82482332
vt 0.844509602 0.82482332
vt 0.844509602 0.82482332
vt 0.844509602 0.82482332
vt 0.844509602 0.82482332
vt 0.844509602 0.82482332
vt 0.844509602 0.82482332
vt 0.844509602 0.82482332
vt 0.844509602 0.82482332
vt 0.844509602 0.82482332
vt 0.844509602 0.82482332
vt 0.844509602 0.82482332
vt 0.844509602 0.82482332
vt 0.844509602 0.82482332
vt 0.844509602 0.82482332
vt 0.844509602 0.82482332
vt 0.844509602 0.82482332
vt 0.844509602 0.82482332
vt 0.844509602 0.82482332
vt 0.844509602 0.82482332
vt 0.844509602 0.82482332
vt 0.844509602 0.82482332
vt 0.844509602 0.82482332
vt 0.844509602 0.82482332
vt 0.844509602 0.82482332
vt 0.844509602 0.82482332
vt 0.381882399 0.244078577
vt 0.381882399 0.244078577
vt 0.381882399 0.244078577
vt 0.381882399 0.244078577
vt 0.381882399 0.244078577
vt 0.381882399 0.244078577
vt 0.381882399 0.244078577
vt 0.381882399 0.244078577
vt 0.381882399 0.244078577
vt 0.381882399 0.244078577
vt 0.381882399 0.244078577
vt 0.381882399 0.244078577
vt 0.844509602 0.82482332
vt 0.844509602 0.82482332
vt 0.844509602 0.82482332
vt 0.844509602 0.82482332
vt 0.844509602 0.82482332
vt 0.844509602 0.82482332
vt 0.844509602 0.82482332
vt 0.844509602 0.82482332
vt 0.844509602 0.82482332
vt 0.844509602 0.82482332
vt 0.844509602 0.82482332
vt 0.844509602 0.82482332
vt 0.844509602 0.82482332
vt 0.844509602 0.82482332
vt 0.844509602 0.82482332
vt 0.844509602 0.82482332
vt 0.844509602 0.82482332
vt 0.844509602 0.82482332
vt 0.844509602 0.82482332
vt 0.844509602 0.82482332
vt 0.844509602 0.82482332
vt 0.844509602 0.82482332
vt 0.844509602 0.82482332
vt 0.844509602 0.82482332
vt 0.844509602 0.82482332
vt 0.844509602 0.82482332
vt 0.844509602 0.82482332
vt 0.844509602 0.82482332
vt 0.844509602 0.82482332
vt 0.844509602 0.82482332
vt 0.844509602 0.82482332
vt 0.844509602 0.82482332
vt 0.844509602 0.82482332
vt 0.844509602 0.82482332
vt 0.844509602 0.82482332
vt 0.844509602 0.82482332
vt 0.844509602 0.82482332
vt 0.844509602 0.82482332
vt 0.844509602 0.82482332
vt 0.844509602 0.82482332
vt 0.844509602 0.82482332
vt 0.844509602 0.82482332
vt 0.844509602 0.82482332
vt 0.844509602 0.82482332
vt 0.844509602 0.82482332
vt 0.844509602 0.82482332
vt 0.844509602 0.82482332
vt 0.844509602 0.82482332
vt 0.844509602 0.82482332
vt 0.844509602 0.82482332
vt 0.844509602 0.82482332
vt 0.844509602 0.82482332
vt 0.844509602 0.82482332
vt 0.844509602 0.82482332
vt 0.844509602 0.82482332
vt 0.844509602 0.82482332
vt 0.844509602 0.82482332
vt 0.844509602 0.82482332
vt 0.844509602 0.82482332
vt 0.844509602 0.82482332
vt 0.844509602 0.82482332
vt 0.844509602 0.82482332
vt 0.844509602 0.82482332
vt 0.844509602 0.82482332
vt 0.844509602 0.82482332
vt 0.844509602 0.82482332
vt 0.844509602 0.82482332
vt 0.844509602 0.82482332
vt 0.844509602 0.82482332
vt 0.844509602 0.82482332
vt 0.844509602 0.82482332
vt 0.844509602 0.82482332
vt 0.844509602 0.82482332
vt 0.844509602 0.82482332
vt 0.844509602 0.82482332
vt 0.844509602 0.82482332
vt 0.844509602 0.82482332
vt 0.844509602 0.82482332
vt 0.844509602 0.82482332
vt 0.844509602 0.82482332
vt 0.844509602 0.82482332
vt 0.844509602 0.82482332
vt 0.844509602 0.82482332
vt 0.844509602 0.82482332
vt 0.844509602 0.82482332
vt 0.844509602 0.82482332
vt 0.844509602 0.82482332
vt 0.844509602 0.82482332
vt 0.844509602 0.82482332
vt 0.844509602 0.82482332
vt 0.844509602 0.82482332
vt 0.844509602 0.82482332
vt 0.844509602 0.82482332
vt 0.844509602 0.82482332
vt 0.844509602 0.82482332
vt 0.844509602 0.82482332
vt 0.844509602 0.82482332
vt 0.844509602 0.82482332
vt 0.844509602 0.82482332
vt 0.844509602 0.82482332
vt 0.844509602 0.82482332
vt 0.844509602 0.82482332
vt 0.844509602 0.82482332
vt 0.844509602 0.82482332
vt 0.844509602 0.82482332
vt 0.844509602 0.82482332
vt 0.844509602 0.82482332
vt 0.844509602 0.82482332
vt 0.844509602 0.82482332
vt 0.844509602 0.82482332
vt 0.844509602 0.82482332
vt 0.844509602 0.82482332
vt 0.844509602 0.82482332
vt 0.844509602 0.82482332
vt 0.844509602 0.82482332
vt 0.844509602 0.82482332
vt 0.844509602 0.82482332
vt 0.844509602 0.82482332
vt 0.844509602 0.82482332
vt 0.844509602 0.82482332
vt 0.844509602 0.82482332
vt 0.844509602 0.82482332
vt 0.844509602 0.82482332
vt 0.844509602 0.82482332
vt 0.844509602 0.82482332
vt 0.844509602 0.82482332
vt 0.844509602 0.82482332
vt 0.844509602 0.82482332
vt 0.844509602 0.82482332
vt 0.844509602 0.82482332
vt 0.844509602 0.82482332
vt 0.844509602 0.82482332
vt 0.844509602 0.82482332
vt 0.844509602 0.82482332
vt 0.844509602 0.82482332
vt 0.844509602 0.82482332
vt 0.844509602 0.82482332
vt 0.844509602 0.82482332
vt 0.844509602 0.82482332
vt 0.844509602 0.82482332
vt 0.844509602 0.82482332
vt 0.844509602 0.82482332
vt 0.844509602 0.82482332
vt 0.844509602 0.82482332
vt 0.844509602 0.82482332
vt 0.844509602 0.82482332
vt 0.844509602 0.82482332
vt 0.844509602 0.82482332
vt 0.844509602 0.82482332
vt 0.844509602 0.82482332
vt 0.844509602 0.82482332
vt 0.844509602 0.82482332
vt 0.844509602 0.82482332
vt 0.844509602 0.82482332
vt 0.844509602 0.82482332
vt 0.844509602 0.82482332
vt 0.844509602 0.82482332
vt 0.844509602 0.82482332
vt 0.844509602 0.82482332
vt 0.844509602 0.82482332
vt 0.844509602 0.82482332
vt 0.844509602 0.82482332
vt 0.844509602 0.82482332
vt 0.844509602 0.82482332
vt 0.844509602 0.82482332
vt 0.844509602 0.82482332
vt 0.844509602 0.82482332
vt 0.844509602 0.82482332
vt 0.844509602 0.82482332
vt 0.844509602 0.82482332
vt 0.844509602 0.82482332
vt 0.844509602 0.82482332
vt 0.844509602 0.82482332
vt 0.844509602 0.82482332
vt 0.844509602 0.82482332
vt 0.844509602 0.82482332
vt 0.844509602 0.82482332
vt 0.844509602 0.82482332
vt 0.844509602 0.82482332
vt 0.844509602 0.82482332
vt 0.844509602 0.82482332
vt 0.844509602 0.82482332
vt 0.844509602 0.82482332
vt 0.844509602 0.82482332
vt 0.844509602 0.82482332
vt 0.844509602 0.82482332
vt 0.844509602 0.82482332
vt 0.844509602 0.82482332
vt 0.844509602 0.82482332
vt 0.844509602 0.82482332
vt 0.844509602 0.82482332
vt 0.844509602 0.82482332
vt 0.844509602 0.82482332
vt 0.844509602 0.82482332
vt 0.844509602 0.82482332
vt 0.844509602 0.82482332
vt 0.844509602 0.82482332
vt 0.844509602 0.82482332
vt 0.844509602 0.82482332
vt 0.844509602 0.82482332
vt 0.844509602 0.82482332
vt 0.844509602 0.82482332
vt 0.844509602 0.82482332
vt 0.844509602 0.82482332
vt 0.844509602 0.82482332
vt 0.844509602 0.82482332
vt 0.844509602 0.82482332
vt 0.844509602 0.82482332
vt 0.844509602 0.82482332
vt 0.844509602 0.82482332
vt 0.844509602 0.82482332
vt 0.844509602 0.82482332
vt 0.844509602 0.82482332
vt 0.844509602 0.82482332
vt 0.844509602 0.82482332
vt 0.844509602 0.82482332
vt 0.844509602 0.82482332
vt 0.844509602 0.82482332
vt 0.844509602 0.82482332
vt 0.844509602 0.82482332
vt 0.844509602 0.82482332
vt 0.844509602 0.82482332
vt 0.844509602 0.82482332
vt 0.844509602 0.82482332
vt 0.844509602 0.82482332
vt 0.844509602 0.82482332
vt 0.844509602 0.82482332
vt 0.844509602 0.82482332
vt 0.844509602 0.82482332
vt 0.844509602 0.82482332
vt 0.844509602 0.82482332
vt 0.844509602 0.82482332
vt 0.844509602 0.82482332
vt 0.844509602 0.82482332
vt 0.844509602 0.82482332
vt 0.844509602 0.82482332
vt 0.844509602 0.82482332
vt 0.844509602 0.82482332
vt 0.844509602 0.82482332
vt 0.844509602 0.82482332
vt 0.844509602 0.82482332
vt 0.844509602 0.82482332
vt 0.844509602 0.82482332
vt 0.844509602 0.82482332
vt 0.844509602 0.82482332
vt 0.844509602 0.82482332
vt 0.844509602 0.82482332
vt 0.844509602 0.82482332
vt 0.844509602 0.82482332
vt 0.844509602 0.82482332
vt 0.844509602 0.82482332
vt 0.844509602 0.82482332
vt 0.844509602 0.82482332
vt 0.844509602 0.82482332
vt 0.844509602 0.82482332
vt 0.844509602 0.82482332
vt 0.844509602 0.82482332
vt 0.844509602 0.82482332
vt 0.844509602 0.82482332
vt 0.844509602 0.82482332
vt 0.844509602 0.82482332
vt 0.844509602 0.82482332
vt 0.844509602 0.82482332
vt 0.844509602 0.82482332
vt 0.844509602 0.82482332
vt 0.844509602 0.82482332
vt 0.844509602 0.82482332
vt 0.844509602 0.82482332
vt 0.844509602 0.82482332
vt 0.844509602 0.82482332
vt 0.844509602 0.82482332
vt 0.844509602 0.82482332
vt 0.844509602 0.82482332
vt 0.844509602 0.82482332
vt 0.844509602 0.82482332
vt 0.844509602 0.82482332
vt 0.844509602 0.82482332
vt 0.844509602 0.82482332
vt 0.844509602 0.82482332
vt 0.844509602 0.82482332
vt 0.844509602 0.82482332
vt 0.844509602 0.82482332
vt 0.844509602 0.82482332
vt 0.844509602 0.82482332
vt 0.844509602 0.82482332
vt 0.844509602 0.82482332
vt 0.844509602 0.82482332
vt 0.844509602 0.82482332
vt 0.844509602 0.82482332
vt 0.844509602 0.82482332
vt 0.844509602 0.82482332
vt 0.844509602 0.82482332
vt 0.844509602 0.82482332
vt 0.844509602 0.82482332
vt 0.844509602 0.82482332
vt 0.844509602 0.82482332
vt 0.844509602 0.82482332
vt 0.844509602 0.82482332
vt 0.844509602 0.82482332
vt 0.844509602 0.82482332
vt 0.844509602 0.82482332
vt 0.844509602 0.82482332
vt 0.844509602 0.82482332
vt 0.844509602 0.82482332
vt 0.844509602 0.82482332
vt 0.844509602 0.82482332
vt 0.844509602 0.82482332
vt 0.844509602 0.82482332
vt 0.844509602 0.82482332
vt 0.844509602 0.82482332
vt 0.844509602 0.82482332
vt 0.844509602 0.82482332
vt 0.844509602 0.82482332
vt 0.844509602 0.82482332
vt 0.844509602 0.82482332
vt 0.844509602 0.82482332
vt 0.844509602 0.82482332
vt 0.844509602 0.82482332
vt 0.844509602 0.82482332
vt 0.844509602 0.82482332
vt 0.844509602 0.82482332
vt 0.844509602 0.82482332
vt 0.844509602 0.82482332
vt 0.844509602 0.82482332
vt 0.844509602 0.82482332
vt 0.844509602 0.82482332
vt 0.844509602 0.82482332
vt 0.844509602 0.82482332
vt 0.844509602 0.82482332
vt 0.844509602 0.82482332
vt 0.844509602 0.82482332
vt 0.844509602 0.82482332
vt 0.844509602 0.82482332
vt 0.844509602 0.82482332
vt 0.844509602 0.82482332
vt 0.844509602 0.82482332
vt 0.844509602 0.82482332
vt 0.844509602 0.82482332
vt 0.381882399 0.244078577
vt 0.381882399 0.244078577
vt 0.381882399 0.244078577
vt 0.381882399 0.244078577
vt 0.844509602 0.82482332
vt 0.844509602 0.82482332
vt 0.844509602 0.82482332
vt 0.844509602 0.82482332
vt 0.844509602 0.82482332
vt 0.844509602 0.82482332
vt 0.844509602 0.82482332
vt 0.844509602 0.82482332
vt 0.844509602 0.82482332
vt 0.844509602 0.82482332
vt 0.844509602 0.82482332
vt 0.844509602 0.82482332
vt 0.844509602 0.82482332
vt 0.844509602 0.82482332
vt 0.844509602 0.82482332
vt 0.844509602 0.82482332
vt 0.844509602 0.82482332
vt 0.844509602 0.82482332
vt 0.844509602 0.82482332
vt 0.844509602 0.82482332
vt 0.844509602 0.82482332
vt 0.844509602 0.82482332
vt 0.844509602 0.82482332
vt 0.844509602 0.82482332
vt 0.844509602 0.82482332
vt 0.844509602 0.82482332
vt 0.844509602 0.82482332
vt 0.844509602 0.82482332
vt 0.844509602 0.82482332
vt 0.844509602 0.82482332
vt 0.844509602 0.82482332
vt 0.844509602 0.82482332
vt 0.844509602 0.82482332
vt 0.844509602 0.82482332
vt 0.844509602 0.82482332
vt 0.844509602 0.82482332
vt 0.844509602 0.82482332
vt 0.844509602 0.82482332
vt 0.844509602 0.82482332
vt 0.844509602 0.82482332
vt 0.844509602 0.82482332
vt 0.844509602 0.82482332
vt 0.844509602 0.82482332
vt 0.844509602 0.82482332
vt 0.844509602 0.82482332
vt 0.844509602 0.82482332
vt 0.844509602 0.82482332
vt 0.844509602 0.82482332
vt 0.844509602 0.82482332
vt 0.844509602 0.82482332
vt 0.844509602 0.82482332
vt 0.844509602 0.82482332
vt 0.844509602 0.82482332
vt 0.844509602 0.82482332
vt 0.844509602 0.82482332
vt 0.844509602 0.82482332
vt 0.844509602 0.82482332
vt 0.844509602 0.82482332
vt 0.844509602 0.82482332
vt 0.844509602 0.82482332
vt 0.844509602 0.82482332
vt 0.844509602 0.82482332
vt 0.844509602 0.82482332
vt 0.844509602 0.82482332
vt 0.844509602 0.82482332
vt 0.844509602 0.82482332
vt 0.844509602 0.82482332
vt 0.844509602 0.82482332
vt 0.844509602 0.82482332
vt 0.844509602 0.82482332
vt 0.844509602 0.82482332
vt 0.844509602 0.82482332
vt 0.844509602 0.82482332
vt 0.844509602 0.82482332
vt 0.844509602 0.82482332
vt 0.844509602 0.82482332
vt 0.844509602 0.82482332
vt 0.844509602 0.82482332
vt 0.844509602 0.82482332
vt 0.844509602 0.82482332
vt 0.844509602 0.82482332
vt 0.844509602 0.82482332
vt 0.844509602 0.82482332
vt 0.844509602 0.82482332
vt 0.844509602 0.82482332
vt 0.844509602 0.82482332
vt 0.844509602 0.82482332
vt 0.844509602 0.82482332
vt 0.844509602 0.82482332
vt 0.844509602 0.82482332
vt 0.844509602 0.82482332
vt 0.844509602 0.82482332
vt 0.844509602 0.82482332
vt 0.844509602 0.82482332
vt 0.844509602 0.82482332
vt 0.844509602 0.82482332
vt 0.844509602 0.82482332
vt 0.844509602 0.82482332
vt 0.844509602 0.82482332
vt 0.844509602 0.82482332
vt 0.844509602 0.82482332
vt 0.844509602 0.82482332
vt 0.844509602 0.82482332
vt 0.844509602 0.82482332
vt 0.844509602 0.82482332
vt 0.844509602 0.82482332
vt 0.844509602 0.82482332
vt 0.844509602 0.82482332
vt 0.844509602 0.82482332
vt 0.844509602 0.82482332
vt 0.844509602 0.82482332
vt 0.844509602 0.82482332
vt 0.844509602 0.82482332
vt 0.844509602 0.82482332
vt 0.844509602 0.82482332
vt 0.844509602 0.82482332
vt 0.844509602 0.82482332
vt 0.844509602 0.82482332
vt 0.844509602 0.82482332
vt 0.844509602 0.82482332
vt 0.844509602 0.82482332
vt 0.844509602 0.82482332
vt 0.844509602 0.82482332
vt 0.844509602 0.82482332
vt 0.844509602 0.82482332
vt 0.844509602 0.82482332
vt 0.844509602 0.82482332
vt 0.844509602 0.82482332
vt 0.844509602 0.82482332
vt 0.844509602 0.82482332
vt 0.844509602 0.82482332
vt 0.844509602 0.82482332
vt 0.844509602 0.82482332
vt 0.844509602 0.82482332
vt 0.844509602 0.82482332
vt 0.844509602 0.82482332
vt 0.844509602 0.82482332
vt 0.844509602 0.82482332
vt 0.844509602 0.82482332
vt 0.844509602 0.82482332
vt 0.844509602 0.82482332
vt 0.844509602 0.82482332
vt 0.844509602 0.82482332
vt 0.844509602 0.82482332
vt 0.844509602 0.82482332
vt 0.844509602 0.82482332
vt 0.844509602 0.82482332
vt 0.844509602 0.82482332
vt 0.844509602 0.82482332
vt 0.844509602 0.82482332
vt 0.844509602 0.82482332
vt 0.844509602 0.82482332
vt 0.844509602 0.82482332
vt 0.844509602 0.82482332
vt 0.844509602 0.82482332
vt 0.844509602 0.82482332
vt 0.844509602 0.82482332
vt 0.844509602 0.82482332
vt 0.844509602 0.82482332
vt 0.844509602 0.82482332
vt 0.844509602 0.82482332
vt 0.844509602 0.82482332
vt 0.844509602 0.82482332
vt 0.844509602 0.82482332
vt 0.844509602 0.82482332
vt 0.844509602 0.82482332
vt 0.844509602 0.82482332
vt 0.844509602 0.82482332
vt 0.844509602 0.82482332
vt 0.844509602 0.82482332
vt 0.844509602 0.82482332
vt 0.844509602 0.82482332
vt 0.844509602 0.82482332
vt 0.844509602 0.82482332
vt 0.844509602 0.82482332
vt 0.844509602 0.82482332
vt 0.844509602 0.82482332
vt 0.844509602 0.82482332
vt 0.844509602 0.82482332
vt 0.844509602 0.82482332
vt 0.844509602 0.82482332
vt 0.844509602 0.82482332
vt 0.844509602 0.82482332
vt 0.844509602 0.82482332
vt 0.844509602 0.82482332
vt 0.844509602 0.82482332
vt 0.844509602 0.82482332
vt 0.844509602 0.82482332
vt 0.844509602 0.82482332
vt 0.844509602 0.82482332
vt 0.844509602 0.82482332
vt 0.844509602 0.82482332
vt 0.844509602 0.82482332
vt 0.844509602 0.82482332
vt 0.844509602 0.82482332
vt 0.844509602 0.82482332
vt 0.844509602 0.82482332
vt 0.844509602 0.82482332
vt 0.844509602 0.82482332
vt 0.844509602 0.82482332
vt 0.844509602 0.82482332
vt 0.844509602 0.82482332
vt 0.844509602 0.82482332
vt 0.844509602 0.82482332
vt 0.844509602 0.82482332
vt 0.844509602 0.82482332
vt 0.844509602 0.82482332
vt 0.844509602 0.82482332
vt 0.844509602 0.82482332
vt 0.844509602 0.82482332
vt 0.844509602 0.82482332
vt 0.844509602 0.82482332
vt 0.844509602 0.82482332
vt 0.844509602 0.82482332
vt 0.844509602 0.82482332
vt 0.844509602 0.82482332
vt 0.844509602 0.82482332
vt 0.844509602 0.82482332
vt 0.844509602 0.82482332
vt 0.844509602 0.82482332
vt 0.844509602 0.82482332
vt 0.844509602 0.82482332
vt 0.844509602 0.82482332
vt 0.844509602 0.82482332
vt 0.844509602 0.82482332
vt 0.844509602 0.82482332
vt 0.844509602 0.82482332
vt 0.844509602 0.82482332
vt 0.844509602 0.82482332
vt 0.844509602 0.82482332
vt 0.844509602 0.82482332
vt 0.844509602 0.82482332
vt 0.844509602 0.82482332
vt 0.844509602 0.82482332
vt 0.844509602 0.82482332
vt 0.844509602 0.82482332
vt 0.844509602 0.82482332
vt 0.844509602 0.82482332
vt 0.844509602 0.82482332
vt 0.844509602 0.82482332
vt 0.844509602 0.82482332
vt 0.844509602 0.82482332
vt 0.844509602 0.82482332
vt 0.844509602 0.82482332
vt 0.844509602 0.82482332
vt 0.844509602 0.82482332
vt 0.844509602 0.82482332
vt 0.844509602 0.82482332
vt 0.844509602 0.82482332
vt 0.844509602 0.82482332
vt 0.844509602 0.82482332
vt 0.844509602 0.82482332
vt 0.844509602 0.82482332
vt 0.844509602 0.82482332
vt 0.844509602 0.82482332
vt 0.844509602 0.82482332
vt 0.844509602 0.82482332
vt 0.844509602 0.82482332
vt 0.844509602 0.82482332
vt 0.844509602 0.82482332
vt 0.844509602 0.82482332
vt 0.844509602 0.82482332
vt 0.844509602 0.82482332
vt 0.844509602 0.82482332
vt 0.844509602 0.82482332
vt 0.844509602 0.82482332
vt 0.844509602 0.82482332
vt 0.844509602 0.82482332
vt 0.844509602 0.82482332
vt 0.844509602 0.82482332
vt 0.844509602 0.82482332
vt 0.844509602 0.82482332
vt 0.844509602 0.82482332
vt 0.844509602 0.82482332
vt 0.844509602 0.82482332
vt 0.844509602 0.82482332
vt 0.844509602 0.82482332
vt 0.844509602 0.82482332
vt 0.844509602 0.82482332
vt 0.844509602 0.82482332
vt 0.844509602 0.82482332
vt 0.844509602 0.82482332
vt 0.844509602 0.82482332
vt 0.844509602 0.82482332
vt 0.844509602 0.82482332
vt 0.844509602 0.82482332
vt 0.844509602 0.82482332
vt 0.844509602 0.82482332
vt 0.844509602 0.82482332
vt 0.844509602 0.82482332
vt 0.844509602 0.82482332
vt 0.844509602 0.82482332
vt 0.844509602 0.82482332
vt 0.844509602 0.82482332
vt 0.844509602 0.82482332
vt 0.844509602 0.82482332
vt 0.844509602 0.82482332
vt 0.844509602 0.82482332
vt 0.844509602 0.82482332
vt 0.844509602 0.82482332
vt 0.844509602 0.82482332
vt 0.844509602 0.82482332
vt 0.844509602 0.82482332
vt 0.844509602 0.82482332
vt 0.844509602 0.82482332
vt 0.844509602 0.82482332
vt 0.844509602 0.82482332
vt 0.844509602 0.82482332
vt 0.844509602 0.82482332
vt 0.844509602 0.82482332
vt 0.844509602 0.82482332
vt 0.844509602 0.82482332
vt 0.844509602 0.82482332
vt 0.844509602 0.82482332
vt 0.844509602 0.82482332
vt 0.844509602 0.82482332
vt 0.844509602 0.82482332
vt 0.844509602 0.82482332
vt 0.844509602 0.82482332
vt 0.844509602 0.82482332
vt 0.844509602 0.82482332
vt 0.844509602 0.82482332
vt 0.844509602 0.82482332
vt 0.844509602 0.82482332
vt 0.844509602 0.82482332
vt 0.844509602 0.82482332
vt 0.844509602 0.82482332
vt 0.844509602 0.82482332
vt 0.844509602 0.82482332
vt 0.844509602 0.82482332
vt 0.844509602 0.82482332
vt 0.844509602 0.82482332
vt 0.844509602 0.82482332
vt 0.844509602 0.82482332
vt 0.844509602 0.82482332
vt 0.844509602 0.82482332
vt 0.844509602 0.82482332
vt 0.844509602 0.82482332
vt 0.844509602 0.82482332
vt 0.844509602 0.82482332
vt 0.844509602 0.82482332
vt 0.844509602 0.82482332
vt 0.844509602 0.82482332
vt 0.844509602 0.82482332
vt 0.844509602 0.82482332
vt 0.844509602 0.82482332
vt 0.844509602 0.82482332
vt 0.844509602 0.82482332
vt 0.844509602 0.82482332
vt 0.844509602 0.82482332
vt 0.844509602 0.82482332
vt 0.844509602 0.82482332
vt 0.844509602 0.82482332
vt 0.844509602 0.82482332
vt 0.844509602 0.82482332
vt 0.844509602 0.82482332
vt 0.844509602 0.82482332
vt 0.844509602 0.82482332
vt 0.844509602 0.82482332
vt 0.844509602 0.82482332
vt 0.844509602 0.82482332
vt 0.844509602 0.82482332
vt 0.844509602 0.82482332
vt 0.844509602 0.82482332
vt 0.844509602 0.82482332
vt 0.844509602 0.82482332
vt 0.844509602 0.82482332
vt 0.844509602 0.82482332
vt 0.844509602 0.82482332
vt 0.844509602 0.82482332
vt 0.844509602 0.82482332
vt 0.844509602 0.82482332
vt 0.844509602 0.82482332
vt 0.844509602 0.82482332
vt 0.844509602 0.82482332
vt 0.844509602 0.82482332
vt 0.844509602 0.82482332
vt 0.844509602 0.82482332
vt 0.844509602 0.82482332
vt 0.844509602 0.82482332
vt 0.844509602 0.82482332
vt 0.844509602 0.82482332
vt 0.844509602 0.82482332
vt 0.844509602 0.82482332
vt 0.844509602 0.82482332
vt 0.844509602 0.82482332
vt 0.381882399 0.244078577
vt 0.381882399 0.244078577
vt 0.381882399 0.244078577
vt 0.381882399 0.244078577
vt 0.381882399 0.244078577
vt 0.844509602 0.82482332
vt 0.844509602 0.82482332
vt 0.844509602 0.82482332
vt 0.844509602 0.82482332
vt 0.844509602 0.82482332
vt 0.844509602 0.82482332
vt 0.844509602 0.82482332
vt 0.844509602 0.82482332
vt 0.844509602 0.82482332
vt 0.844509602 0.82482332
vt 0.844509602 0.82482332
vt 0.844509602 0.82482332
vt 0.844509602 0.82482332
vt 0.844509602 0.82482332
vt 0.844509602 0.82482332
vt 0.844509602 0.82482332
vt 0.844509602 0.82482332
vt 0.844509602 0.82482332
vt 0.844509602 0.82482332
vt 0.844509602 0.82482332
vt 0.844509602 0.82482332
vt 0.844509602 0.82482332
vt 0.844509602 0.82482332
vt 0.844509602 0.82482332
vt 0.844509602 0.82482332
vt 0.844509602 0.82482332
vt 0.844509602 0.82482332
vt 0.844509602 0.82482332
vt 0.844509602 0.82482332
vt 0.844509602 0.82482332
vt 0.844509602 0.82482332
vt 0.844509602 0.82482332
vt 0.844509602 0.82482332
vt 0.844509602 0.82482332
vt 0.844509602 0.82482332
vt 0.844509602 0.82482332
vt 0.844509602 0.82482332
vt 0.844509602 0.82482332
vt 0.844509602 0.82482332
vt 0.844509602 0.82482332
vt 0.844509602 0.82482332
vt 0.844509602 0.82482332
vt 0.844509602 0.82482332
vt 0.844509602 0.82482332
vt 0.844509602 0.82482332
vt 0.844509602 0.82482332
vt 0.844509602 0.82482332
vt 0.844509602 0.82482332
vt 0.844509602 0.82482332
vt 0.844509602 0.82482332
vt 0.844509602 0.82482332
vt 0.844509602 0.82482332
vt 0.844509602 0.82482332
vt 0.844509602 0.82482332
vt 0.844509602 0.82482332
vt 0.844509602 0.82482332
vt 0.844509602 0.82482332
vt 0.844509602 0.82482332
vt 0.844509602 0.82482332
vt 0.844509602 0.82482332
vt 0.844509602 0.82482332
vn -0.000002 -0.000003 1.000000
vn -0.000002 -0.000003 1.000000
vn -0.000002 -0.000003 1.000000
vn 1.000000 0.000002 -0.000003
vn 1.000000 0.000002 -0.000003
vn 1.000000 0.000002 -0.000003
vn 0.000003 -0.000003 1.000000
vn 0.000003 -0.000003 1.000000
vn 0.000003 -0.000003 1.000000
vn -0.000000 0.000003 -1.000000
vn -0.000000 0.000003 -1.000000
vn -0.000000 0.000003 -1.000000
vn 0.000002 0.000003 -1.000000
vn 0.000002 0.000003 -1.000000
vn 0.000002 0.000003 -1.000000
vn 1.000000 0.000000 0.000000
vn 1.000000 0.000000 0.000000
vn 1.000000 0.000000 0.000000
vn -0.000000 -0.000003 1.000000
vn -0.000000 -0.000003 1.000000
vn -0.000000 -0.000003 1.000000
vn 1.000000 0.000000 -0.000001
vn 1.000000 0.000000 -0.000001
vn 1.000000 0.000000 -0.000001
vn 0.000002 -0.000001 1.000000
vn 0.000002 -0.000001 1.000000
vn 0.000002 -0.000001 1.000000
vn -0.000008 0.000003 -1.000000
vn -0.000008 0.000003 -1.000000
vn -0.000008 0.000003 -1.000000
vn 0.000002 -0.000002 1.000000
vn 0.000002 -0.000002 1.000000
vn 0.000002 -0.000002 1.000000
vn 1.000000 0.000000 -0.000002
vn 1.000000 0.000000 -0.000002
vn 1.000000 0.000000 -0.000002
vn 0.000002 0.000003 -1.000000
vn 0.000002 0.000003 -1.000000
vn 0.000002 0.000003 -1.000000
vn -0.000000 -0.000003 1.000000
vn -0.000000 -0.000003 1.000000
vn -0.000000 -0.000003 1.000000
vn -0.000000 -0.000003 1.000000
vn -0.000000 -0.000003 1.000000
vn -0.000000 -0.000003 1.000000
vn -0.000000 -0.000002 1.000000
vn -0.000000 -0.000002 1.000000
vn -0.000000 -0.000002 1.000000
vn 1.000000 0.000000 -0.000000
vn 1.000000 0.000000 -0.000000
vn 1.000000 0.000000 -0.000000
vn -0.000000 -0.000004 1.000000
vn -0.000000 -0.000004 1.000000
vn -0.000000 -0.000004 1.000000
vn -0.000001 0.000004 -1.000000
vn -0.000001 0.000004 -1.000000
vn -0.000001 0.000004 -1.000000
vn -0.000000 0.000004 -1.000000
vn -0.000000 0.000004 -1.000000
vn -0.000000 0.000004 -1.000000
vn 1.000000 0.000000 -0.000000
vn 1.000000 0.000000 -0.000000
vn 1.000000 0.000000 -0.000000
vn -0.000002 -0.000003 1.000000
vn -0.000002 -0.000003 1.000000
vn -0.000002 -0.000003 1.000000
vn 1.000000 -0.000002 -0.000000
vn 1.000000 -0.000002 -0.000000
vn 1.000000 -0.000002 -0.000000
vn -0.000000 -0.000002 1.000000
vn -0.000000 -0.000002 1.000000
vn -0.000000 -0.000002 1.000000
vn -0.000000 -0.000001 -1.000000
vn -0.000000 -0.000001 -1.000000
vn -0.000000 -0.000001 -1.000000
vn -0.000000 -0.000003 1.000000
vn -0.000000 -0.000003 1.000000
vn -0.000000 -0.000003 1.000000
vn 1.000000 -0.000001 -0.000000
vn 1.000000 -0.000001 -0.000000
vn 1.000000 -0.000001 -0.000000
vn -0.000000 0.000003 -1.000000
vn -0.000000 0.000003 -1.000000
vn -0.000000 0.000003 -1.000000
vn -0.000002 -0.000003 1.000000
vn -0.000002 -0.000003 1.000000
vn -0.000002 -0.000003 1.000000
vn -0.000002 -0.000003 1.000000
vn -0.000002 -0.000003 1.000000
vn -0.000002 -0.000003 1.000000
vn 0.000000 -1.000000 -0.000003
vn 0.000000 -1.000000 -0.000003
vn 0.000000 -1.000000 -0.000003
vn -0.000000 -0.929193 -0.369595
vn -0.000000 -0.929193 -0.369595
vn -0.000000 -0.929193 -0.369595
vn -0.000000 -0.929193 -0.369595
vn -0.000000 -1.000000 -0.000003
vn -0.000000 -1.000000 -0.000003
vn -0.000000 -1.000000 -0.000003
vn -0.000001 -1.000000 -0.000002
vn -0.000000 -1.000000 -0.000001
vn -0.000000 -1.000000 -0.000001
vn -0.000000 -1.000000 -0.000003
vn -0.000000 -1.000000 -0.000003
vn -0.000000 -1.000000 -0.000003
vn -0.000000 -1.000000 -0.000003
vn -1.000000 0.000000 -0.000000
vn -1.000000 0.000000 -0.000000
vn -1.000000 0.000000 -0.000000
vn -1.000000 0.000000 -0.000000
vn -0.000000 0.000003 -1.000000
vn -0.000000 0.000003 -1.000000
vn -0.000000 0.000003 -1.000000
vn -0.000000 0.000003 -1.000000
vn -0.000000 0.000003 -1.000000
vn -0.000000 0.000003 -1.000000
vn -0.000000 0.000003 -1.000000
vn -0.000000 0.000003 -1.000000
vn -0.000000 -0.000003 1.000000
vn -0.000000 -0.000003 1.000000
vn -0.000000 -0.000003 1.000000
vn -0.000000 -0.000003 1.000000
vn -0.000000 0.000003 -1.000000
vn -0.000000 0.000003 -1.000000
vn -0.000000 0.000003 -1.000000
vn -0.000000 0.000003 -1.000000
vn 1.000000 0.000002 0.000000
vn 1.000000 0.000002 0.000000
vn 1.000000 0.000002 0.000000
vn 1.000000 0.000002 0.000000
vn 1.000000 0.000000 -0.000000
vn 1.000000 0.000000 -0.000000
vn 1.000000 0.000000 -0.000000
vn 1.000000 0.000000 -0.000000
vn -1.000000 0.000000 -0.000000
vn -1.000000 0.000000 -0.000000
vn -1.000000 0.000000 -0.000000
vn -1.000000 0.000002 -0.000001
vn -0.000000 0.000003 -1.000000
vn -0.000000 0.000003 -1.000000
vn -0.000000 0.000003 -1.000000
vn -0.000000 0.000003 -1.000000
vn -0.000000 -0.000003 1.000000
vn -0.000000 -0.000003 1.000000
vn -0.000000 -0.000003 1.000000
vn -0.000000 -0.000003 1.000000
vn -0.000000 -0.929195 0.369590
vn -0.000000 -0.929195 0.369590
vn -0.000000 -0.929195 0.369590
vn -0.000000 -0.929195 0.369590
vn -1.000000 0.000000 -0.000000
vn -1.000000 0.000000 -0.000000
vn -1.000000 0.000000 -0.000000
vn -1.000000 0.000000 -0.000000
vn -0.000000 0.000006 -1.000000
vn -0.000000 0.000006 -1.000000
vn -0.000000 0.000006 -1.000000
vn -0.000000 0.000006 -1.000000
vn 1.000000 0.000000 -0.000000
vn 1.000000 0.000000 -0.000000
vn 1.000000 0.000000 -0.000000
vn 1.000000 0.000000 -0.000000
vn -0.000000 -1.000000 -0.000003
vn -0.000000 -1.000000 -0.000003
vn -0.000000 -1.000000 -0.000003
vn -0.000000 -1.000000 -0.000003
vn -1.000000 0.000000 0.000000
vn -1.000000 0.000000 0.000000
vn -1.000000 0.000000 0.000000
vn -1.000000 0.000000 -0.000000
vn -0.000000 0.000003 -1.000000
vn -0.000000 0.000003 -1.000000
vn -0.000000 0.000003 -1.000000
vn -0.000000 0.000003 -1.000000
vn -0.000000 -0.000002 1.000000
vn -0.000000 -0.000002 1.000000
vn -0.000000 -0.000002 1.000000
vn -0.000000 -0.000002 1.000000
vn 1.000000 0.000000 -0.000000
vn 1.000000 0.000000 -0.000000
vn 1.000000 0.000000 -0.000000
vn 1.000000 -0.000001 -0.000000
vn 1.000000 0.000000 -0.000000
vn 1.000000 0.000000 -0.000000
vn 1.000000 0.000000 -0.000000
vn 1.000000 0.000000 -0.000000
vn -0.000000 -0.000003 1.000000
vn -0.000000 -0.000003 1.000000
vn -0.000000 -0.000003 1.000000
vn -0.000000 -0.000003 1.000000
vn -0.000000 0.000003 -1.000000
vn -0.000000 0.000003 -1.000000
vn -0.000000 0.000003 -1.000000
vn -0.000000 0.000003 -1.000000
vn -1.000000 0.000000 -0.000000
vn -1.000000 0.000000 -0.000000
vn -1.000000 0.000000 -0.000000
vn -1.000000 0.000000 -0.000000
vn -0.000000 -1.000000 -0.000003
vn -0.000000 -1.000000 -0.000003
vn -0.000000 -1.000000 -0.000003
vn -0.000000 -1.000000 -0.000003
vn -0.000000 -1.000000 -0.000003
vn -0.000000 -1.000000 -0.000003
vn -0.000000 -1.000000 -0.000003
vn -0.000000 -1.000000 -0.000003
vn -0.000000 -1.000000 -0.000003
vn -0.000000 -1.000000 -0.000003
vn -0.000000 0.000003 -1.000000
vn -0.000000 0.000003 -1.000000
vn -0.000000 0.000003 -1.000000
vn -0.000000 0.000003 -1.000000
vn -0.000000 -0.000003 1.000000
vn -0.000000 -0.000003 1.000000
vn -0.000000 -0.000003 1.000000
vn -0.000000 -0.000003 1.000000
vn -1.000000 0.000000 -0.000000
vn -1.000000 0.000000 -0.000000
vn -1.000000 0.000000 -0.000000
vn -1.000000 0.000000 -0.000000
vn -0.000000 0.000003 -1.000000
vn -0.000000 0.000003 -1.000000
vn -0.000000 0.000003 -1.000000
vn -0.000000 0.000003 -1.000000
vn 1.000000 0.000000 -0.000000
vn 1.000000 0.000000 -0.000000
vn 1.000000 0.000000 -0.000000
vn 1.000000 0.000000 -0.000000
vn 1.000000 0.000000 -0.000000
vn 1.000000 0.000000 -0.000000
vn 1.000000 0.000000 -0.000000
vn 1.000000 0.000000 -0.000000
vn -0.000000 -0.000003 1.000000
vn -0.000000 -0.000003 1.000000
vn -0.000000 -0.000003 1.000000
vn -0.000000 -0.000003 1.000000
vn -0.000000 -1.000000 -0.000000
vn -0.000000 -1.000000 -0.000000
vn -0.000000 -1.000000 -0.000000
vn -0.000000 -1.000000 -0.000000
vn -0.000000 0.000003 -1.000000
vn -0.000000 0.000003 -1.000000
vn -0.000000 0.000003 -1.000000
vn -0.000000 0.000003 -1.000000
vn 1.000000 0.000000 -0.000000
vn 1.000000 0.000000 -0.000000
vn 1.000000 0.000000 -0.000000
vn 1.000000 0.000000 -0.000000
vn 1.000000 -0.000000 0.000001
vn 1.000000 -0.000000 0.000001
vn 1.000000 -0.000000 0.000001
vn 1.000000 -0.000000 0.000001
vn -1.000000 0.000000 -0.000000
vn -1.000000 0.000000 -0.000000
vn -1.000000 0.000000 -0.000000
vn -1.000000 0.000000 -0.000000
vn -0.000000 -1.000000 -0.000003
vn -0.000000 -1.000000 -0.000003
vn -0.000000 -1.000000 -0.000003
vn -0.000000 -1.000000 -0.000003
vn -0.000000 -1.000000 -0.000003
vn -0.000000 -1.000000 -0.000003
vn -0.000000 -1.000000 -0.000003
vn -0.000001 -1.000000 -0.000001
vn -0.000000 -1.000000 -0.000003
vn -0.000000 -1.000000 -0.000003
vn -0.000000 -0.000003 1.000000
vn -0.000000 -0.000003 1.000000
vn -0.000000 -0.000003 1.000000
vn -0.000000 -0.000003 1.000000
vn -0.000000 -0.000003 1.000000
vn -0.000000 -0.000003 1.000000
vn -0.000000 -0.000003 1.000000
vn -0.000000 -0.000003 1.000000
vn -0.000000 -1.000000 -0.000000
vn -0.000000 -1.000000 -0.000000
vn -0.000000 -1.000000 -0.000000
vn -0.000000 -1.000000 -0.000000
vn -1.000000 0.000000 -0.000000
vn -1.000000 0.000000 -0.000000
vn -1.000000 0.000000 -0.000000
vn -1.000000 0.000000 -0.000000
vn -0.000000 -0.000003 1.000000
vn -0.000000 -0.000003 1.000000
vn -0.000000 -0.000003 1.000000
vn -0.000000 -0.000003 1.000000
vn -0.000000 -1.000000 -0.000000
vn -0.000000 -1.000000 -0.000000
vn -0.000000 -1.000000 -0.000000
vn -0.000000 -1.000000 -0.000000
vn -0.000000 0.000003 -1.000000
vn -0.000000 0.000003 -1.000000
vn -0.000000 0.000003 -1.000000
vn -0.000000 0.000003 -1.000000
vn 1.000000 0.000000 -0.000000
vn 1.000000 0.000000 -0.000000
vn 1.000000 0.000000 -0.000000
vn 1.000000 0.000000 -0.000000
vn -1.000000 0.000000 -0.000000
vn -1.000000 0.000000 -0.000000
vn -1.000000 0.000000 -0.000000
vn -1.000000 0.000000 -0.000000
vn -0.000000 -0.000003 1.000000
vn -0.000000 -0.000003 1.000000
vn -0.000000 -0.000003 1.000000
vn -0.000000 -0.000003 1.000000
vn -1.000000 0.000000 -0.000000
vn -1.000000 0.000000 -0.000000
vn -1.000000 0.000000 -0.000000
vn -1.000000 0.000000 -0.000000
vn 1.000000 0.000000 -0.000000
vn 1.000000 0.000000 -0.000000
vn 1.000000 0.000000 -0.000000
vn 1.000000 0.000000 -0.000000
vn -0.000000 0.000003 -1.000000
vn -0.000000 0.000003 -1.000000
vn -0.000000 0.000003 -1.000000
vn -0.000000 0.000003 -1.000000
vn -0.000000 -1.000000 -0.000000
vn -0.000000 -1.000000 -0.000000
vn -0.000000 -1.000000 -0.000000
vn -0.000000 -1.000000 -0.000000
vn -1.000000 0.000000 -0.000000
vn -1.000000 0.000000 -0.000000
vn -1.000000 0.000000 -0.000000
vn -1.000000 0.000000 -0.000000
vn -1.000000 0.000000 -0.000003
vn -1.000000 0.000000 -0.000003
vn -1.000000 0.000000 -0.000003
vn -1.000000 0.000000 -0.000003
vn 1.000000 0.000002 0.000000
vn 1.000000 0.000002 0.000000
vn 1.000000 0.000002 0.000000
vn 1.000000 0.000000 -0.000000
vn -0.000000 -0.000003 1.000000
vn -0.000000 -0.000003 1.000000
vn -0.000000 -0.000003 1.000000
vn -0.000000 -0.000003 1.000000
vn -1.000000 0.000000 -0.000000
vn -1.000000 0.000000 -0.000000
vn -1.000000 0.000000 -0.000000
vn -1.000000 0.000000 -0.000000
vn -0.000000 -1.000000 -0.000003
vn -0.000000 -1.000000 -0.000003
vn -0.000000 -1.000000 -0.000003
vn -0.000000 -1.000000 -0.000003
vn -0.000000 0.000003 -1.000000
vn -0.000000 0.000003 -1.000000
vn -0.000000 0.000003 -1.000000
vn -0.000000 0.000003 -1.000000
vn -1.000000 -0.000001 -0.000000
vn -1.000000 -0.000001 -0.000000
vn -1.000000 -0.000001 -0.000000
vn -1.000000 0.000000 -0.000000
vn -0.000000 -1.000000 -0.000003
vn -0.000000 -1.000000 -0.000003
vn -0.000000 -1.000000 -0.000003
vn -0.000000 -1.000000 -0.000003
vn 1.000000 -0.000000 -0.000000
vn 1.000000 -0.000000 -0.000000
vn 1.000000 -0.000000 -0.000000
vn 1.000000 0.000000 -0.000000
vn -0.000006 -0.000003 1.000000
vn -0.000006 -0.000003 1.000000
vn -0.000006 -0.000003 1.000000
vn -0.000008 -0.000003 1.000000
vn -1.000000 0.000000 -0.000000
vn -1.000000 0.000000 -0.000000
vn -1.000000 0.000000 -0.000000
vn -1.000000 0.000000 -0.000000
vn -1.000000 0.000000 -0.000000
vn -1.000000 0.000000 -0.000000
vn -1.000000 0.000000 -0.000000
vn -1.000000 0.000000 -0.000000
vn -0.000000 0.000003 -1.000000
vn -0.000000 0.000003 -1.000000
vn -0.000000 0.000003 -1.000000
vn -0.000000 0.000003 -1.000000
vn -0.000000 -0.000003 1.000000
vn -0.000000 -0.000003 1.000000
vn -0.000000 -0.000003 1.000000
vn -0.000000 -0.000003 1.000000
vn 1.000000 0.000000 -0.000000
vn 1.000000 0.000000 -0.000000
vn 1.000000 0.000000 -0.000000
vn 1.000000 0.000000 -0.000000
vn -0.000000 -1.000000 -0.000003
vn -0.000000 -1.000000 -0.000003
vn -0.000000 -1.000000 -0.000003
vn -0.000000 -1.000000 -0.000003
vn -0.000000 -1.000000 -0.000001
vn -0.000000 -1.000000 -0.000001
vn -0.000000 -1.000000 -0.000001
vn 0.000001 -1.000000 -0.000002
vn -0.000000 -1.000000 -0.000003
vn -0.000000 -1.000000 -0.000003
vn -0.000000 0.000003 -1.000000
vn -0.000000 0.000003 -1.000000
vn -0.000000 0.000003 -1.000000
vn -0.000000 0.000003 -1.000000
vn 1.000000 0.000000 -0.000000
vn 1.000000 0.000000 -0.000000
vn 1.000000 0.000000 -0.000000
vn 1.000000 0.000000 -0.000000
vn -0.000000 -0.000003 1.000000
vn -0.000000 -0.000003 1.000000
vn -0.000000 -0.000003 1.000000
vn -0.000000 -0.000003 1.000000
vn -1.000000 0.000000 -0.000000
vn -1.000000 0.000000 -0.000000
vn -1.000000 0.000000 -0.000000
vn -1.000000 0.000000 -0.000000
vn -1.000000 0.000000 -0.000000
vn -1.000000 0.000000 -0.000000
vn -1.000000 0.000000 -0.000000
vn -1.000000 0.000000 -0.000000
vn -0.000000 -1.000000 -0.000001
vn -0.000000 -1.000000 -0.000001
vn -0.000000 -1.000000 -0.000001
vn -0.000000 -1.000000 -0.000001
vn -0.000000 -0.000003 1.000000
vn -0.000000 -0.000003 1.000000
vn -0.000000 -0.000003 1.000000
vn -0.000000 -0.000003 1.000000
vn -1.000000 0.000000 -0.000000
vn -1.000000 0.000000 -0.000000
vn -1.000000 0.000000 -0.000000
vn -1.000000 0.000000 -0.000000
vn 1.000000 0.000000 -0.000000
vn 1.000000 0.000000 -0.000000
vn 1.000000 0.000000 -0.000000
vn 1.000000 0.000000 -0.000000
vn -0.000000 0.000003 -1.000000
vn -0.000000 0.000003 -1.000000
vn -0.000000 0.000003 -1.000000
vn -0.000000 0.000003 -1.000000
vn -0.000000 0.000003 -1.000000
vn -0.000000 0.000003 -1.000000
vn -0.000000 0.000003 -1.000000
vn -0.000000 0.000003 -1.000000
vn -0.000000 -1.000000 -0.000001
vn -0.000000 -1.000000 -0.000001
vn -0.000000 -1.000000 -0.000001
vn -0.000000 -1.000000 -0.000001
vn -0.000000 -0.000003 1.000000
vn -0.000000 -0.000003 1.000000
vn -0.000000 -0.000003 1.000000
vn -0.000000 -0.000003 1.000000
vn -1.000000 0.000000 -0.000000
vn -1.000000 0.000000 -0.000000
vn -1.000000 0.000000 -0.000000
vn -1.000000 0.000000 -0.000000
vn 1.000000 0.000000 -0.000000
vn 1.000000 0.000000 -0.000000
vn 1.000000 0.000000 -0.000000
vn 1.000000 0.000000 -0.000000
vn -0.000000 0.000003 -1.000000
vn -0.000000 0.000003 -1.000000
vn -0.000000 0.000003 -1.000000
vn -0.000000 0.000003 -1.000000
vn -0.000000 -1.000000 -0.000001
vn -0.000000 -1.000000 -0.000001
vn -0.000000 -1.000000 -0.000001
vn -0.000000 -1.000000 -0.000001
vn -1.000000 0.000000 -0.000000
vn -1.000000 0.000000 -0.000000
vn -1.000000 0.000000 -0.000000
vn -1.000000 0.000000 -0.000000
vn -0.000000 0.000003 -1.000000
vn -0.000000 0.000003 -1.000000
vn -0.000000 0.000003 -1.000000
vn -0.000000 0.000003 -1.000000
vn 1.000000 0.000000 -0.000000
vn 1.000000 0.000000 -0.000000
vn 1.000000 0.000000 -0.000000
vn 1.000000 0.000000 -0.000000
vn -1.000000 0.000000 -0.000000
vn -1.000000 0.000000 -0.000000
vn -1.000000 0.000000 -0.000000
vn -1.000000 0.000000 -0.000000
vn -0.000000 -0.000003 1.000000
vn -0.000000 -0.000003 1.000000
vn -0.000000 -0.000003 1.000000
vn -0.000000 -0.000003 1.000000
vn -0.000000 -1.000000 -0.000001
vn -0.000000 -1.000000 -0.000001
vn -0.000000 -1.000000 -0.000001
vn -0.000000 -1.000000 -0.000001
vn -0.000000 1.000000 0.000003
vn -0.000000 1.000000 0.000003
vn -0.000000 1.000000 0.000003
vn -0.000000 1.000000 0.000003
vn 0.997330 -0.073028 -0.000000
vn 0.997330 -0.073028 -0.000000
vn 0.997330 -0.073028 -0.000000
vn 0.997330 -0.073028 -0.000000
vn 0.997330 -0.073028 -0.000000
vn 0.997330 -0.073028 -0.000000
vn -0.000000 -1.000000 -0.000003
vn -0.000000 -1.000000 -0.000003
vn -0.000000 -1.000000 -0.000003
vn -0.000000 -1.000000 -0.000003
vn -1.000000 0.000000 -0.000000
vn -1.000000 0.000000 -0.000000
vn -1.000000 0.000000 -0.000000
vn -1.000000 0.000000 -0.000000
vn -0.000000 0.000003 -1.000000
vn -0.000000 0.000003 -1.000000
vn -0.000000 0.000003 -1.000000
vn -0.000000 0.000003 -1.000000
vn -0.000000 -0.000003 1.000000
vn -0.000000 -0.000003 1.000000
vn -0.000000 -0.000003 1.000000
vn -0.000000 -0.000003 1.000000
vn 1.000000 0.000000 -0.000000
vn 1.000000 0.000000 -0.000000
vn 1.000000 0.000000 -0.000000
vn 1.000000 0.000000 -0.000000
vn -0.000000 -1.000000 -0.000003
vn -0.000000 -1.000000 -0.000003
vn -0.000000 -1.000000 -0.000003
vn -0.000000 -1.000000 -0.000003
vn 1.000000 0.000000 -0.000000
vn 1.000000 0.000000 -0.000000
vn 1.000000 0.000000 -0.000000
vn 1.000000 0.000000 -0.000000
vn -0.000000 -0.000003 1.000000
vn -0.000000 -0.000003 1.000000
vn -0.000000 -0.000003 1.000000
vn -0.000000 -0.000003 1.000000
vn -0.000000 0.000003 -1.000000
vn -0.000000 0.000003 -1.000000
vn -0.000000 0.000003 -1.000000
vn -0.000000 0.000003 -1.000000
vn -1.000000 0.000000 -0.000000
vn -1.000000 0.000000 -0.000000
vn -1.000000 0.000000 -0.000000
vn -1.000000 0.000000 -0.000000
vn -0.000000 -1.000000 -0.000003
vn -0.000000 -1.000000 -0.000003
vn -0.000000 -1.000000 -0.000003
vn -0.000000 -1.000000 -0.000003
vn -0.000000 -0.000003 1.000000
vn -0.000000 -0.000003 1.000000
vn -0.000000 -0.000003 1.000000
vn -0.000000 -0.000003 1.000000
vn -0.000000 -1.000000 -0.000003
vn -0.000000 -1.000000 -0.000003
vn -0.000000 -1.000000 -0.000003
vn -0.000000 -1.000000 -0.000003
vn -1.000000 0.000001 0.000000
vn -1.000000 0.000001 0.000000
vn -1.000000 0.000001 0.000000
vn -1.000000 0.000000 -0.000000
vn -0.000000 0.000002 -1.000000
vn -0.000000 0.000002 -1.000000
vn -0.000000 0.000002 -1.000000
vn -0.000000 0.000002 -1.000000
vn -0.000000 -0.000003 1.000000
vn -0.000000 -0.000003 1.000000
vn -0.000000 -0.000003 1.000000
vn -0.000000 -0.000003 1.000000
vn 1.000000 -0.000000 -0.000000
vn 1.000000 -0.000000 -0.000000
vn 1.000000 -0.000000 -0.000000
vn 1.000000 0.000001 0.000000
vn -0.000000 -1.000000 -0.000003
vn -0.000000 -1.000000 -0.000003
vn -0.000000 -1.000000 -0.000003
vn -0.000000 -1.000000 -0.000003
vn 1.000000 -0.000000 -0.000000
vn 1.000000 -0.000000 -0.000000
vn 1.000000 -0.000000 -0.000000
vn 1.000000 0.000000 -0.000000
vn -0.000000 -0.000003 1.000000
vn -0.000000 -0.000003 1.000000
vn -0.000000 -0.000003 1.000000
vn -0.000000 -0.000003 1.000000
vn -0.000000 0.000002 -1.000000
vn -0.000000 0.000002 -1.000000
vn -0.000000 0.000002 -1.000000
vn -0.000000 0.000002 -1.000000
vn -1.000000 -0.000000 -0.000000
vn -1.000000 -0.000000 -0.000000
vn -1.000000 -0.000000 -0.000000
vn -1.000000 0.000001 0.000000
vn -0.000000 -1.000000 -0.000000
vn -0.000000 -1.000000 -0.000000
vn -0.000000 -1.000000 -0.000000
vn -0.000000 -1.000000 -0.000000
vn -0.000000 0.000003 -1.000000
vn -0.000000 0.000003 -1.000000
vn -0.000000 0.000003 -1.000000
vn -0.000000 0.000003 -1.000000
vn 1.000000 0.000000 -0.000000
vn 1.000000 0.000000 -0.000000
vn 1.000000 0.000000 -0.000000
vn 1.000000 0.000000 -0.000000
vn -1.000000 0.000000 -0.000000
vn -1.000000 0.000000 -0.000000
vn -1.000000 0.000000 -0.000000
vn -1.000000 0.000000 -0.000000
vn -0.000000 -1.000000 -0.000001
vn -0.000000 -1.000000 -0.000001
vn -0.000000 -1.000000 -0.000001
vn -0.000000 -1.000000 -0.000001
vn -0.000000 -0.000003 1.000000
vn -0.000000 -0.000003 1.000000
vn -0.000000 -0.000003 1.000000
vn -0.000000 -0.000003 1.000000
vn -1.000000 0.000000 -0.000000
vn -1.000000 0.000000 -0.000000
vn -1.000000 0.000000 -0.000000
vn -1.000000 0.000000 -0.000000
vn 1.000000 0.000000 -0.000000
vn 1.000000 0.000000 -0.000000
vn 1.000000 0.000000 -0.000000
vn 1.000000 0.000000 -0.000000
vn -0.000000 0.000003 -1.000000
vn -0.000000 0.000003 -1.000000
vn -0.000000 0.000003 -1.000000
vn -0.000000 0.000003 -1.000000
vn -0.000000 -1.000000 -0.000000
vn -0.000000 -1.000000 -0.000000
vn -0.000000 -1.000000 -0.000000
vn -0.000000 -1.000000 -0.000000
vn -0.000000 0.000003 -1.000000
vn -0.000000 0.000003 -1.000000
vn -0.000000 0.000003 -1.000000
vn -0.000000 0.000003 -1.000000
vn 1.000000 0.000000 -0.000000
vn 1.000000 0.000000 -0.000000
vn 1.000000 0.000000 -0.000000
vn 1.000000 0.000000 -0.000000
vn -1.000000 0.000000 -0.000000
vn -1.000000 0.000000 -0.000000
vn -1.000000 0.000000 -0.000000
vn -1.000000 0.000000 -0.000000
vn -0.000000 -1.000000 -0.000001
vn -0.000000 -1.000000 -0.000001
vn -0.000000 -1.000000 -0.000001
vn -0.000000 -1.000000 -0.000001
vn -0.000000 -0.000003 1.000000
vn -0.000000 -0.000003 1.000000
vn -0.000000 -0.000003 1.000000
vn -0.000000 -0.000003 1.000000
vn -1.000000 0.000000 -0.000000
vn -1.000000 0.000000 -0.000000
vn -1.000000 0.000000 -0.000000
vn -1.000000 0.000000 -0.000000
vn 1.000000 0.000000 -0.000000
vn 1.000000 0.000000 -0.000000
vn 1.000000 0.000000 -0.000000
vn 1.000000 0.000000 -0.000000
vn -0.000000 0.000003 -1.000000
vn -0.000000 0.000003 -1.000000
vn -0.000000 0.000003 -1.000000
vn -0.000000 0.000003 -1.000000
vn -0.000000 -0.073030 0.997330
vn -0.000000 -0.073030 0.997330
vn -0.000000 -0.073030 0.997330
vn -0.000000 -0.073030 0.997330
vn -0.997330 -0.073028 -0.000000
vn -0.997330 -0.073028 -0.000000
vn -0.997330 -0.073028 -0.000000
vn -0.997330 -0.073028 -0.000000
vn -0.000000 -0.073025 -0.997330
vn -0.000000 -0.073025 -0.997330
vn -0.000000 -0.073025 -0.997330
vn -0.000000 -0.073025 -0.997330
vn 0.997330 -0.073028 -0.000000
vn 0.997330 -0.073028 -0.000000
vn 0.997330 -0.073028 -0.000000
vn 0.997330 -0.073028 -0.000000
vn -0.000000 -0.000003 1.000000
vn -0.000000 -0.000003 1.000000
vn -0.000000 -0.000003 1.000000
vn -0.000000 -0.000003 1.000000
vn -0.000000 -0.038330 0.999265
vn -0.000000 -0.038330 0.999265
vn -0.000000 -0.038330 0.999265
vn -0.000000 -0.000003 1.000000
vn -0.000000 -0.000003 1.000000
vn -0.000000 -0.000003 1.000000
vn -0.000000 -1.000000 -0.000003
vn -0.000000 -1.000000 -0.000003
vn -0.000000 -1.000000 -0.000003
vn -0.000000 -1.000000 -0.000003
vn 1.000000 0.000000 -0.000000
vn 1.000000 0.000000 -0.000000
vn 1.000000 0.000000 -0.000000
vn 1.000000 0.000000 -0.000000
vn 0.999265 -0.038327 -0.000000
vn 0.999265 -0.038327 -0.000000
vn 1.000000 0.000000 -0.000000
vn 1.000000 0.000000 -0.000000
vn 1.000000 0.000000 -0.000000
vn 1.000000 0.000000 -0.000000
vn -0.000000 1.000000 0.000003
vn -0.000000 1.000000 0.000003
vn -0.000000 1.000000 0.000003
vn -0.000000 1.000000 0.000003
vn -0.000000 -1.000000 -0.000003
vn -0.000000 -1.000000 -0.000003
vn -0.000000 -1.000000 -0.000003
vn -0.000000 -1.000000 -0.000003
vn -0.000000 -1.000000 -0.000003
vn -0.000000 -1.000000 -0.000003
vn -0.000000 -1.000000 -0.000003
vn -0.000000 -1.000000 -0.000003
vn -0.000000 -1.000000 -0.000003
vn -0.000000 -1.000000 -0.000003
vn -0.000000 -1.000000 -0.000003
vn -0.000000 -1.000000 -0.000003
vn -0.000000 -1.000000 -0.000003
vn -0.000000 -1.000000 -0.000003
vn -0.000000 -1.000000 -0.000003
vn -0.000000 -1.000000 -0.000003
vn -0.000000 -1.000000 -0.000003
vn -0.000000 -1.000000 -0.000003
vn -0.000000 -1.000000 -0.000003
vn -0.000000 -1.000000 -0.000003
vn -0.000000 -1.000000 -0.000003
vn -0.000000 -1.000000 -0.000003
vn -0.000000 -1.000000 -0.000003
vn -0.000000 -1.000000 -0.000003
vn -0.000000 -1.000000 -0.000003
vn -0.000000 -1.000000 -0.000003
vn -0.000000 -1.000000 -0.000003
vn -0.000000 -1.000000 -0.000003
vn -1.000000 0.000000 -0.000000
vn -1.000000 0.000000 -0.000000
vn -1.000000 0.000000 -0.000000
vn -1.000000 0.000000 -0.000000
vn -0.000000 0.000003 -1.000000
vn -0.000000 0.000003 -1.000000
vn -0.000000 0.000003 -1.000000
vn -0.000000 0.000003 -1.000000
vn -0.000000 -0.000003 1.000000
vn -0.000000 -0.000003 1.000000
vn -0.000000 -0.000003 1.000000
vn -0.000000 -0.000003 1.000000
vn -0.000000 -0.000003 1.000000
vn -0.000000 -0.000003 1.000000
vn -0.000000 -0.000003 1.000000
vn -0.000000 -0.000003 1.000000
vn -1.000000 0.000000 -0.000000
vn -1.000000 0.000000 -0.000000
vn -1.000000 0.000000 -0.000000
vn -1.000000 0.000000 -0.000000
vn -0.000000 0.000003 -1.000000
vn -0.000000 0.000003 -1.000000
vn -0.000000 0.000003 -1.000000
vn -0.000000 0.000003 -1.000000
vn -0.000000 -0.000003 1.000000
vn -0.000000 -0.000003 1.000000
vn -0.000000 -0.000003 1.000000
vn -0.000000 -0.000003 1.000000
vn -0.000000 -0.038324 -0.999265
vn -0.000000 0.000003 -1.000000
vn -0.000000 0.000003 -1.000000
vn -0.000000 0.000003 -1.000000
vn -0.000000 -0.038324 -0.999265
vn -0.000000 -0.038324 -0.999265
vn -0.000000 -0.038324 -0.999265
vn -0.000000 0.000003 -1.000000
vn -0.000000 0.000003 -1.000000
vn -0.000000 0.000003 -1.000000
vn -0.000000 0.000003 -1.000000
vn -0.000000 0.000003 -1.000000
vn -0.000000 0.000003 -1.000000
vn -0.000000 0.000003 -1.000000
vn -0.000000 0.000003 -1.000000
vn -0.000000 0.000003 -1.000000
vn -0.000000 0.000003 -1.000000
vn -0.000000 0.000003 -1.000000
vn -0.000000 0.000003 -1.000000
vn -0.000000 0.000003 -1.000000
vn -0.000000 0.000003 -1.000000
vn -0.000000 0.000003 -1.000000
vn -0.000000 -0.000003 1.000000
vn -0.000000 -0.000003 1.000000
vn -0.000000 -0.000003 1.000000
vn -0.000000 -0.000003 1.000000
vn -0.000000 -0.000003 1.000000
vn -0.000000 -0.000003 1.000000
vn -0.000000 -0.000003 1.000000
vn -0.000000 -0.000003 1.000000
vn -0.000000 0.000003 -1.000000
vn -0.000000 0.000003 -1.000000
vn -0.000000 0.000003 -1.000000
vn -0.000000 0.000003 -1.000000
vn -0.000000 0.000003 -1.000000
vn -0.000000 0.000003 -1.000000
vn -0.000000 0.000003 -1.000000
vn -0.000000 0.000003 -1.000000
vn -0.999265 -0.038327 -0.000000
vn -1.000000 0.000000 -0.000000
vn -1.000000 0.000000 -0.000000
vn -1.000000 0.000000 -0.000000
vn -0.999265 -0.038327 -0.000000
vn -0.999265 -0.038327 -0.000000
vn -0.999265 -0.038327 -0.000000
vn -1.000000 0.000000 -0.000000
vn -1.000000 0.000000 -0.000000
vn -1.000000 0.000000 -0.000000
vn -1.000000 0.000000 -0.000000
vn -1.000000 0.000000 -0.000000
vn -1.000000 0.000000 -0.000000
vn -1.000000 0.000000 -0.000000
vn 1.000000 0.000000 -0.000000
vn 1.000000 0.000000 -0.000000
vn 1.000000 0.000000 -0.000000
vn 1.000000 0.000000 -0.000000
vn -1.000000 0.000000 -0.000000
vn -1.000000 0.000000 -0.000000
vn -1.000000 0.000000 -0.000000
vn -1.000000 0.000000 -0.000000
vn -0.000000 0.000003 -1.000000
vn -0.000000 0.000003 -1.000000
vn -0.000000 0.000003 -1.000000
vn -0.000000 0.000003 -1.000000
vn 1.000000 0.000000 -0.000000
vn 1.000000 0.000000 -0.000000
vn 1.000000 0.000000 -0.000000
vn 1.000000 0.000000 -0.000000
vn -1.000000 0.000000 -0.000000
vn -1.000000 0.000000 -0.000000
vn -1.000000 0.000000 -0.000000
vn -1.000000 0.000000 -0.000000
vn 1.000000 0.000000 -0.000000
vn 1.000000 0.000000 -0.000000
vn 1.000000 0.000000 -0.000000
vn 1.000000 0.000000 -0.000000
vn -1.000000 0.000000 -0.000000
vn -1.000000 0.000000 -0.000000
vn -1.000000 0.000000 -0.000000
vn -1.000000 0.000000 -0.000000
vn -0.000000 -0.000003 1.000000
vn -0.000000 -0.000003 1.000000
vn -0.000000 -0.000003 1.000000
vn -0.000000 -0.000003 1.000000
vn 1.000000 0.000000 -0.000000
vn 1.000000 0.000000 -0.000000
vn 1.000000 0.000000 -0.000000
vn 1.000000 0.000000 -0.000000
vn 1.000000 0.000000 -0.000000
vn 1.000000 0.000000 -0.000000
vn 1.000000 0.000000 -0.000000
vn 1.000000 0.000000 -0.000000
vn 1.000000 0.000000 -0.000000
vn 1.000000 0.000000 -0.000000
vn 1.000000 0.000000 -0.000000
vn 1.000000 0.000000 -0.000000
vn -1.000000 0.000000 -0.000000
vn -1.000000 0.000000 -0.000000
vn -1.000000 0.000000 -0.000000
vn -1.000000 0.000000 -0.000000
vn -1.000000 0.000000 -0.000000
vn -1.000000 0.000000 -0.000000
vn -1.000000 0.000000 -0.000000
vn -1.000000 0.000000 -0.000000
vn -0.000000 -0.000003 1.000000
vn -0.000000 -0.000003 1.000000
vn -0.000000 -0.000003 1.000000
vn -0.000000 -0.000003 1.000000
vn 1.000000 0.000000 -0.000000
vn 1.000000 0.000000 -0.000000
vn 1.000000 0.000000 -0.000000
vn 1.000000 0.000000 -0.000000
vn -0.000000 -0.000003 1.000000
vn -0.000000 -0.000003 1.000000
vn -0.000000 -0.000003 1.000000
vn -0.000000 -0.000003 1.000000
vn 1.000000 -0.000000 -0.000000
vn 1.000000 -0.000000 -0.000000
vn 1.000000 -0.000000 -0.000000
vn 1.000000 0.000000 -0.000000
vn -1.000000 0.000000 -0.000000
vn -1.000000 0.000000 -0.000000
vn -1.000000 -0.000000 -0.000000
vn -1.000000 0.000000 -0.000000
vn -1.000000 0.000000 -0.000000
vn -0.997330 -0.073028 -0.000000
vn -0.997330 -0.073028 -0.000000
vn -0.997330 -0.073028 -0.000000
vn -0.997330 -0.073028 -0.000000
vn -0.997330 -0.073028 -0.000000
vn -0.997330 -0.073028 -0.000000
vn -0.000000 -0.073031 0.997330
vn -0.000000 -0.073031 0.997330
vn -0.000000 -0.073031 0.997330
vn -0.000000 -0.073031 0.997330
vn -0.000000 -0.073030 0.997330
vn 0.000000 -0.073031 0.997330
vn -0.000000 -0.073025 -0.997330
vn -0.000000 -0.073025 -0.997330
vn -0.000000 -0.073025 -0.997330
vn -0.000000 -0.073025 -0.997330
vn 0.000000 -0.073025 -0.997330
vn 0.000000 -0.073025 -0.997330
vn 0.000000 -0.073025 -0.997330
vn -0.000000 -0.073025 -0.997330
vn 0.000000 -1.000000 -0.000003
vn 0.000000 -1.000000 -0.000003
vn 0.000000 -1.000000 -0.000003
vn -0.000000 -1.000000 -0.000003
vn -0.000000 -1.000000 -0.000002
vn -0.000000 -1.000000 -0.000002
vn -0.000000 -1.000000 -0.000002
vn -0.000000 -1.000000 -0.000003
vn -0.000000 -1.000000 -0.000003
vn -0.000000 -1.000000 -0.000003
vn -0.000000 -1.000000 -0.000003
vn -0.000000 -1.000000 -0.000003
vn -0.000000 -1.000000 -0.000003
vn -0.000000 -1.000000 -0.000003
vn -0.000000 -1.000000 -0.000003
vn -0.000000 -1.000000 -0.000002
vn -0.000000 -1.000000 -0.000002
vn 0.000000 -1.000000 -0.000002
vn -0.000000 -1.000000 -0.000002
vn -0.000000 -1.000000 -0.000003
vn -0.000000 -1.000000 -0.000003
vn -0.000000 -1.000000 -0.000003
vn -0.000000 -1.000000 -0.000003
vn -0.000000 -1.000000 -0.000003
vn -0.000000 -1.000000 -0.000003
vn -0.000000 -1.000000 -0.000003
vn -0.000000 -1.000000 -0.000003
vn -0.000000 -1.000000 -0.000003
vn -0.000000 -1.000000 -0.000003
vn -0.000000 -1.000000 -0.000003
vn -0.000000 -1.000000 -0.000003
vn -0.000000 1.000000 0.000003
vn -0.000000 1.000000 0.000003
vn -0.000000 1.000000 0.000003
vn -0.000000 1.000000 0.000003
vn -0.000000 1.000000 0.000003
vn -0.000000 1.000000 0.000003
vn -0.000000 1.000000 0.000003
vn -0.000000 1.000000 0.000003
vn -0.000000 1.000000 0.000003
vn -0.000000 1.000000 0.000003
f 1/1/1 2/2/2 3/3/3
f 4/4/4 5/5/5 6/6/6
f 7/7/7 8/8/8 9/9/9
f 10/10/10 11/11/11 12/12/12
f 13/13/13 14/14/14 15/15/15
f 16/16/16 17/17/17 18/18/18
f 19/19/19 20/20/20 21/21/21
f 22/22/22 23/23/23 24/24/24
f 25/25/25 26/26/26 27/27/27
f 28/28/28 29/29/29 30/30/30
f 31/31/31 32/32/32 33/33/33
f 34/34/34 35/35/35 36/36/36
f 37/37/37 38/38/38 39/39/39
f 40/40/40 41/41/41 42/42/42
f 43/43/43 44/44/44 45/45/45
f 46/46/46 47/47/47 48/48/48
f 49/49/49 50/50/50 51/51/51
f 52/52/52 53/53/53 54/54/54
f 55/55/55 56/56/56 57/57/57
f 58/58/58 59/59/59 60/60/60
f 61/61/61 62/62/62 63/63/63
f 64/64/64 65/65/65 66/66/66
f 67/67/67 68/68/68 69/69/69
f 70/70/70 71/71/71 72/72/72
f 73/73/73 74/74/74 75/75/75
f 76/76/76 77/77/77 78/78/78
f 79/79/79 80/80/80 81/81/81
f 82/82/82 83/83/83 84/84/84
f 85/85/85 86/86/86 87/87/87
f 88/88/88 89/89/89 90/90/90
f 91/91/91 92/92/92 93/93/93
f 94/94/94 95/95/95 96/96/96
f 94/94/94 97/97/97 95/95/95
f 98/98/98 99/99/99 100/100/100
f 101/101/101 99/99/99 98/98/98
f 102/102/102 99/99/99 101/101/101
f 103/103/103 99/99/99 102/102/102
f 104/104/104 105/105/105 106/106/106
f 104/104/104 106/106/106 107/107/107
f 108/108/108 109/109/109 110/110/110
f 108/108/108 110/110/110 111/111/111
f 112/112/112 113/113/113 114/114/114
f 112/112/112 114/114/114 115/115/115
f 116/116/116 117/117/117 118/118/118
f 116/116/116 118/118/118 119/119/119
f 120/120/120 121/121/121 122/122/122
f 120/120/120 122/122/122 123/123/123
f 124/124/124 125/125/125 126/126/126
f 124/124/124 126/126/126 127/127/127
f 128/128/128 129/129/129 130/130/130
f 128/128/128 130/130/130 131/131/131
f 132/132/132 133/133/133 134/134/134
f 132/132/132 134/134/134 135/135/135
f 136/136/136 137/137/137 138/138/138
f 136/136/136 138/138/138 139/139/139
f 140/140/140 141/141/141 142/142/142
f 140/140/140 142/142/142 143/143/143
f 144/144/144 145/145/145 146/146/146
f 144/144/144 146/146/146 147/147/147
f 148/148/148 149/149/149 150/150/150
f 148/148/148 150/150/150 151/151/151
f 152/152/152 153/153/153 154/154/154
f 152/152/152 154/154/154 155/155/155
f 156/156/156 157/157/157 158/158/158
f 156/156/156 158/158/158 159/159/159
f 160/160/160 161/161/161 162/162/162
f 160/160/160 162/162/162 163/163/163
f 164/164/164 165/165/165 166/166/166
f 164/164/164 166/166/166 167/167/167
f 168/168/168 169/169/169 170/170/170
f 168/168/168 170/170/170 171/171/171
f 172/172/172 173/173/173 174/174/174
f 172/172/172 174/174/174 175/175/175
f 176/176/176 177/177/177 178/178/178
f 176/176/176 178/178/178 179/179/179
f 180/180/180 181/181/181 182/182/182
f 180/180/180 182/182/182 183/183/183
f 184/184/184 185/185/185 186/186/186
f 184/184/184 186/186/186 187/187/187
f 188/188/188 189/189/189 190/190/190
f 188/188/188 190/190/190 191/191/191
f 192/192/192 193/193/193 194/194/194
f 192/192/192 194/194/194 195/195/195
f 196/196/196 197/197/197 198/198/198
f 196/196/196 198/198/198 199/199/199
f 200/200/200 201/201/201 202/202/202
f 200/200/200 202/202/202 203/203/203
f 204/204/204 205/205/205 206/206/206
f 207/207/207 205/205/205 204/204/204
f 208/208/208 205/205/205 207/207/207
f 205/205/205 208/208/208 209/209/209
f 210/210/210 211/211/211 212/212/212
f 210/210/210 212/212/212 213/213/213
f 214/214/214 215/215/215 216/216/216
f 214/214/214 216/216/216 217/217/217
f 218/218/218 219/219/219 220/220/220
f 218/218/218 220/220/220 221/221/221
f 222/222/222 223/223/223 224/224/224
f 222/222/222 224/224/224 225/225/225
f 226/226/226 227/227/227 228/228/228
f 226/226/226 228/228/228 229/229/229
f 230/230/230 231/231/231 232/232/232
f 230/230/230 232/232/232 233/233/233
f 234/234/234 235/235/235 236/236/236
f 234/234/234 236/236/236 237/237/237
f 238/238/238 239/239/239 240/240/240
f 238/238/238 240/240/240 241/241/241
f 242/242/242 243/243/243 244/244/244
f 242/242/242 244/244/244 245/245/245
f 246/246/246 247/247/247 248/248/248
f 246/246/246 248/248/248 249/249/249
f 250/250/250 251/251/251 252/252/252
f 250/250/250 252/252/252 253/253/253
f 254/254/254 255/255/255 256/256/256
f 254/254/254 256/256/256 257/257/257
f 258/258/258 259/259/259 260/260/260
f 258/258/258 260/260/260 261/261/261
f 262/262/262 263/263/263 264/264/264
f 265/265/265 263/263/263 262/262/262
f 266/266/266 263/263/263 265/265/265
f 267/267/267 263/263/263 266/266/266
f 268/268/268 269/269/269 270/270/270
f 268/268/268 270/270/270 271/271/271
f 272/272/272 273/273/273 274/274/274
f 272/272/272 274/274/274 275/275/275
f 276/276/276 277/277/277 278/278/278
f 276/276/276 278/278/278 279/279/279
f 280/280/280 281/281/281 282/282/282
f 280/280/280 282/282/282 283/283/283
f 284/284/284 285/285/285 286/286/286
f 284/284/284 286/286/286 287/287/287
f 288/288/288 289/289/289 290/290/290
f 288/288/288 290/290/290 291/291/291
f 292/292/292 293/293/293 294/294/294
f 292/292/292 294/294/294 295/295/295
f 296/296/296 297/297/297 298/298/298
f 296/296/296 298/298/298 299/299/299
f 300/300/300 301/301/301 302/302/302
f 300/300/300 302/302/302 303/303/303
f 304/304/304 305/305/305 306/306/306
f 304/304/304 306/306/306 307/307/307
f 308/308/308 309/309/309 310/310/310
f 308/308/308 310/310/310 311/311/311
f 312/312/312 313/313/313 314/314/314
f 312/312/312 314/314/314 315/315/315
f 316/316/316 317/317/317 318/318/318
f 316/316/316 318/318/318 319/319/319
f 320/320/320 321/321/321 322/322/322
f 320/320/320 322/322/322 323/323/323
f 324/324/324 325/325/325 326/326/326
f 324/324/324 326/326/326 327/327/327
f 328/328/328 329/329/329 330/330/330
f 328/328/328 330/330/330 331/331/331
f 332/332/332 333/333/333 334/334/334
f 332/332/332 334/334/334 335/335/335
f 336/336/336 337/337/337 338/338/338
f 336/336/336 338/338/338 339/339/339
f 340/340/340 341/341/341 342/342/342
f 340/340/340 342/342/342 343/343/343
f 344/344/344 345/345/345 346/346/346
f 344/344/344 346/346/346 347/347/347
f 348/348/348 349/349/349 350/350/350
f 348/348/348 350/350/350 351/351/351
f 352/352/352 353/353/353 354/354/354
f 352/352/352 354/354/354 355/355/355
f 356/356/356 357/357/357 358/358/358
f 356/356/356 358/358/358 359/359/359
f 360/360/360 361/361/361 362/362/362
f 360/360/360 362/362/362 363/363/363
f 364/364/364 365/365/365 366/366/366
f 364/364/364 366/366/366 367/367/367
f 368/368/368 369/369/369 370/370/370
f 368/368/368 370/370/370 371/371/371
f 372/372/372 373/373/373 374/374/374
f 372/372/372 374/374/374 375/375/375
f 376/376/376 377/377/377 378/378/378
f 376/376/376 378/378/378 379/379/379
f 380/380/380 381/381/381 382/382/382
f 380/380/380 382/382/382 383/383/383
f 384/384/384 385/385/385 386/386/386
f 384/384/384 386/386/386 387/387/387
f 388/388/388 389/389/389 390/390/390
f 388/388/388 390/390/390 391/391/391
f 392/392/392 393/393/393 394/394/394
f 395/395/395 393/393/393 392/392/392
f 396/396/396 393/393/393 395/395/395
f 393/393/393 396/396/396 397/397/397
f 398/398/398 399/399/399 400/400/400
f 398/398/398 400/400/400 401/401/401
f 402/402/402 403/403/403 404/404/404
f 402/402/402 404/404/404 405/405/405
f 406/406/406 407/407/407 408/408/408
f 406/406/406 408/408/408 409/409/409
f 410/410/410 411/411/411 412/412/412
f 410/410/410 412/412/412 413/413/413
f 414/414/414 415/415/415 416/416/416
f 414/414/414 416/416/416 417/417/417
f 418/418/418 419/419/419 420/420/420
f 418/418/418 420/420/420 421/421/421
f 422/422/422 423/423/423 424/424/424
f 422/422/422 424/424/424 425/425/425
f 426/426/426 427/427/427 428/428/428
f 426/426/426 428/428/428 429/429/429
f 430/430/430 431/431/431 432/432/432
f 430/430/430 432/432/432 433/433/433
f 434/434/434 435/435/435 436/436/436
f 434/434/434 436/436/436 437/437/437
f 438/438/438 439/439/439 440/440/440
f 438/438/438 440/440/440 441/441/441
f 442/442/442 443/443/443 444/444/444
f 442/442/442 444/444/444 445/445/445
f 446/446/446 447/447/447 448/448/448
f 446/446/446 448/448/448 449/449/449
f 450/450/450 451/451/451 452/452/452
f 450/450/450 452/452/452 453/453/453
f 454/454/454 455/455/455 456/456/456
f 454/454/454 456/456/456 457/457/457
f 458/458/458 459/459/459 460/460/460
f 458/458/458 460/460/460 461/461/461
f 462/462/462 463/463/463 464/464/464
f 462/462/462 464/464/464 465/465/465
f 466/466/466 467/467/467 468/468/468
f 466/466/466 468/468/468 469/469/469
f 470/470/470 471/471/471 472/472/472
f 470/470/470 472/472/472 473/473/473
f 474/474/474 475/475/475 476/476/476
f 474/474/474 476/476/476 477/477/477
f 478/478/478 479/479/479 480/480/480
f 478/478/478 480/480/480 481/481/481
f 482/482/482 483/483/483 484/484/484
f 482/482/482 484/484/484 485/485/485
f 486/486/486 487/487/487 488/488/488
f 486/486/486 488/488/488 489/489/489
f 490/490/490 491/491/491 492/492/492
f 490/490/490 492/492/492 493/493/493
f 494/494/494 495/495/495 496/496/496
f 497/497/497 495/495/495 494/494/494
f 495/495/495 497/497/497 498/498/498
f 499/499/499 498/498/498 497/497/497
f 500/500/500 501/501/501 502/502/502
f 500/500/500 502/502/502 503/503/503
f 504/504/504 505/505/505 506/506/506
f 504/504/504 506/506/506 507/507/507
f 508/508/508 509/509/509 510/510/510
f 508/508/508 510/510/510 511/511/511
f 512/512/512 513/513/513 514/514/514
f 512/512/512 514/514/514 515/515/515
f 516/516/516 517/517/517 518/518/518
f 516/516/516 518/518/518 519/519/519
f 520/520/520 521/521/521 522/522/522
f 520/520/520 522/522/522 523/523/523
f 524/524/524 525/525/525 526/526/526
f 524/524/524 526/526/526 527/527/527
f 528/528/528 529/529/529 530/530/530
f 528/528/528 530/530/530 531/531/531
f 532/532/532 533/533/533 534/534/534
f 532/532/532 534/534/534 535/535/535
f 536/536/536 537/537/537 538/538/538
f 536/536/536 538/538/538 539/539/539
f 540/540/540 541/541/541 542/542/542
f 540/540/540 542/542/542 543/543/543
f 544/544/544 545/545/545 546/546/546
f 544/544/544 546/546/546 547/547/547
f 548/548/548 549/549/549 550/550/550
f 548/548/548 550/550/550 551/551/551
f 552/552/552 553/553/553 554/554/554
f 552/552/552 554/554/554 555/555/555
f 556/556/556 557/557/557 558/558/558
f 556/556/556 558/558/558 559/559/559
f 560/560/560 561/561/561 562/562/562
f 560/560/560 562/562/562 563/563/563
f 564/564/564 565/565/565 566/566/566
f 564/564/564 566/566/566 567/567/567
f 568/568/568 569/569/569 570/570/570
f 568/568/568 570/570/570 571/571/571
f 572/572/572 573/573/573 574/574/574
f 572/572/572 574/574/574 575/575/575
f 576/576/576 577/577/577 578/578/578
f 576/576/576 578/578/578 579/579/579
f 580/580/580 581/581/581 582/582/582
f 580/580/580 582/582/582 583/583/583
f 584/584/584 585/585/585 586/586/586
f 584/584/584 586/586/586 587/587/587
f 588/588/588 589/589/589 590/590/590
f 588/588/588 590/590/590 591/591/591
f 592/592/592 593/593/593 594/594/594
f 592/592/592 594/594/594 595/595/595
f 596/596/596 597/597/597 598/598/598
f 596/596/596 598/598/598 599/599/599
f 600/600/600 601/601/601 602/602/602
f 600/600/600 602/602/602 603/603/603
f 604/604/604 605/605/605 606/606/606
f 604/604/604 606/606/606 607/607/607
f 608/608/608 609/609/609 610/610/610
f 608/608/608 610/610/610 611/611/611
f 612/612/612 613/613/613 614/614/614
f 612/612/612 614/614/614 615/615/615
f 616/616/616 617/617/617 618/618/618
f 616/616/616 618/618/618 619/619/619
f 620/620/620 621/621/621 622/622/622
f 620/620/620 622/622/622 623/623/623
f 624/624/624 625/625/625 626/626/626
f 624/624/624 626/626/626 627/627/627
f 628/628/628 629/629/629 630/630/630
f 628/628/628 630/630/630 631/631/631
f 632/632/632 633/633/633 634/634/634
f 632/632/632 634/634/634 635/635/635
f 636/636/636 637/637/637 638/638/638
f 636/636/636 638/638/638 639/639/639
f 640/640/640 641/641/641 642/642/642
f 640/640/640 642/642/642 643/643/643
f 644/644/644 645/645/645 646/646/646
f 644/644/644 646/646/646 647/647/647
f 648/648/648 649/649/649 650/650/650
f 648/648/648 650/650/650 651/651/651
f 652/652/652 653/653/653 654/654/654
f 652/652/652 654/654/654 655/655/655
f 656/656/656 657/657/657 658/658/658
f 656/656/656 658/658/658 659/659/659
f 660/660/660 661/661/661 662/662/662
f 660/660/660 662/662/662 663/663/663
f 664/664/664 665/665/665 666/666/666
f 664/664/664 666/666/666 667/667/667
f 668/668/668 669/669/669 670/670/670
f 668/668/668 670/670/670 671/671/671
f 672/672/672 673/673/673 674/674/674
f 672/672/672 674/674/674 675/675/675
f 676/676/676 677/677/677 678/678/678
f 676/676/676 678/678/678 679/679/679
f 680/680/680 676/676/676 681/681/681
f 680/680/680 681/681/681 682/682/682
f 683/683/683 680/680/680 684/684/684
f 683/683/683 684/684/684 685/685/685
f 686/686/686 687/687/687 688/688/688
f 686/686/686 688/688/688 689/689/689
f 690/690/690 691/691/691 692/692/692
f 690/690/690 692/692/692 693/693/693
f 694/694/694 690/690/690 695/695/695
f 694/694/694 696/696/696 690/690/690
f 697/697/697 696/696/696 698/698/698
f 697/697/697 698/698/698 699/699/699
f 700/700/700 701/701/701 702/702/702
f 700/700/700 702/702/702 703/703/703
f 704/704/704 705/705/705 706/706/706
f 707/707/707 705/705/705 704/704/704
f 708/708/708 705/705/705 707/707/707
f 709/709/709 705/705/705 708/708/708
f 710/710/710 711/711/711 712/712/712
f 710/710/710 712/712/712 713/713/713
f 714/714/714 715/715/715 716/716/716
f 714/714/714 716/716/716 717/717/717
f 718/718/718 719/719/719 720/720/720
f 718/718/718 720/720/720 721/721/721
f 722/722/722 723/723/723 724/724/724
f 725/725/725 723/723/723 722/722/722
f 726/726/726 723/723/723 725/725/725
f 727/727/727 723/723/723 726/726/726
f 728/728/728 729/729/729 730/730/730
f 728/728/728 730/730/730 731/731/731
f 732/732/732 733/733/733 734/734/734
f 732/732/732 734/734/734 735/735/735
f 736/736/736 737/737/737 738/738/738
f 736/736/736 738/738/738 739/739/739
f 740/740/740 741/741/741 742/742/742
f 740/740/740 742/742/742 743/743/743
f 744/744/744 745/745/745 746/746/746
f 744/744/744 746/746/746 747/747/747
f 748/748/748 749/749/749 750/750/750
f 748/748/748 750/750/750 751/751/751
f 752/752/752 753/753/753 754/754/754
f 752/752/752 754/754/754 755/755/755
f 756/756/756 757/757/757 758/758/758
f 756/756/756 758/758/758 759/759/759
f 760/760/760 761/761/761 762/762/762
f 760/760/760 762/762/762 763/763/763
f 764/764/764 760/760/760 765/765/765
f 764/764/764 765/765/765 766/766/766
f 767/767/767 764/764/764 768/768/768
f 767/767/767 768/768/768 769/769/769
f 770/770/770 771/771/771 772/772/772
f 770/770/770 772/772/772 773/773/773
f 774/774/774 775/775/775 776/776/776
f 774/774/774 776/776/776 777/777/777
f 778/778/778 779/779/779 780/780/780
f 778/778/778 780/780/780 781/781/781
f 782/782/782 783/783/783 784/784/784
f 782/782/782 784/784/784 785/785/785
f 786/786/786 787/787/787 788/788/788
f 786/786/786 788/788/788 789/789/789
f 790/790/790 791/791/791 792/792/792
f 790/790/790 792/792/792 793/793/793
f 794/794/794 795/795/795 796/796/796
f 794/794/794 796/796/796 797/797/797
f 798/798/798 799/799/799 800/800/800
f 798/798/798 800/800/800 801/801/801
f 802/802/802 798/798/798 803/803/803
f 802/802/802 803/803/803 804/804/804
f 805/805/805 802/802/802 806/806/806
f 805/805/805 806/806/806 807/807/807
f 808/808/808 809/809/809 810/810/810
f 808/808/808 810/810/810 811/811/811
f 812/812/812 813/813/813 814/814/814
f 812/812/812 814/814/814 815/815/815
f 816/816/816 817/817/817 818/818/818
f 816/816/816 818/818/818 819/819/819
f 820/820/820 821/821/821 822/822/822
f 820/820/820 822/822/822 823/823/823
f 824/824/824 825/825/825 826/826/826
f 824/824/824 826/826/826 827/827/827
f 828/828/828 829/829/829 830/830/830
f 828/828/828 830/830/830 831/831/831
f 832/832/832 833/833/833 834/834/834
f 832/832/832 834/834/834 835/835/835
f 836/836/836 837/837/837 838/838/838
f 836/836/836 838/838/838 839/839/839
f 840/840/840 841/841/841 842/842/842
f 840/840/840 842/842/842 843/843/843
f 844/844/844 845/845/845 846/846/846
f 844/844/844 846/846/846 847/847/847
f 848/848/848 849/849/849 850/850/850
f 848/848/848 850/850/850 851/851/851
f 852/852/852 853/853/853 854/854/854
f 852/852/852 854/854/854 855/855/855
f 856/856/856 857/857/857 858/858/858
f 856/856/856 858/858/858 859/859/859
f 860/860/860 861/861/861 862/862/862
f 860/860/860 862/862/862 863/863/863
f 864/864/864 865/865/865 866/866/866
f 864/864/864 866/866/866 867/867/867
f 868/868/868 869/869/869 870/870/870
f 868/868/868 870/870/870 871/871/871
f 872/872/872 873/873/873 874/874/874
f 872/872/872 874/874/874 875/875/875
f 876/876/876 877/877/877 878/878/878
f 876/876/876 878/878/878 879/879/879
f 880/880/880 881/881/881 882/882/882
f 881/881/881 880/880/880 883/883/883
f 881/881/881 883/883/883 884/884/884
f 885/885/885 886/886/886 887/887/887
f 887/887/887 886/886/886 888/888/888
f 888/888/888 886/886/886 889/889/889
f 888/888/888 889/889/889 890/890/890
f 891/891/891 892/892/892 893/893/893
f 894/894/894 893/893/893 892/892/892
f 893/893/893 894/894/894 895/895/895
f 895/895/895 894/894/894 896/896/896
f 897/897/897 898/898/898 899/899/899
f 898/898/898 900/900/900 899/899/899
f 899/899/899 900/900/900 901/901/901
f 902/902/902 901/901/901 900/900/900
f 901/901/901 902/902/902 903/903/903
f 901/901/901 903/903/903 904/904/904
f 905/905/905 906/906/906 907/907/907
f 907/907/907 906/906/906 908/908/908
f 909/909/909 910/910/910 911/911/911
f 910/910/910 912/912/912 911/911/911
f 913/913/913 912/912/912 910/910/910
f 913/913/913 914/914/914 912/912/912
f 914/914/914 913/913/913 915/915/915
f 915/915/915 913/913/913 916/916/916
f 916/916/916 913/913/913 917/917/917
f 916/916/916 917/917/917 918/918/918
f 918/918/918 917/917/917 919/919/919
f 910/910/910 920/920/920 921/921/921
f 922/922/922 917/917/917 921/921/921
f 921/921/921 920/920/920 923/923/923
f 921/921/921 923/923/923 922/922/922
f 924/924/924 925/925/925 926/926/926
f 924/924/924 927/927/927 925/925/925
f 927/927/927 924/924/924 928/928/928
f 928/928/928 924/924/924 929/929/929
f 930/930/930 931/931/931 932/932/932
f 930/930/930 933/933/933 931/931/931
f 933/933/933 930/930/930 934/934/934
f 934/934/934 930/930/930 935/935/935
f 936/936/936 937/937/937 938/938/938
f 939/939/939 936/936/936 938/938/938
f 936/936/936 940/940/940 937/937/937
f 939/939/939 941/941/941 936/936/936
f 940/940/940 942/942/942 937/937/937
f 943/943/943 941/941/941 939/939/939
f 944/944/944 942/942/942 940/940/940
f 943/943/943 944/944/944 941/941/941
f 944/944/944 945/945/945 942/942/942
f 943/943/943 945/945/945 944/944/944
