# Unturned item rip -> Godot (X+Z negated, winding reversed, RH Y-up)
v -0.319065 0.211300 -0.604393
v -0.322060 0.201156 -0.628209
v -0.337182 0.250850 -0.611786
v -0.300822 0.226086 -0.608355
v -0.337182 0.250850 -0.611786
v -0.296723 0.221692 -0.633711
v -0.337182 0.250850 -0.611786
v -0.300822 0.226086 -0.608355
v -0.310782 0.221254 -0.600680
v -0.322060 0.201156 -0.628209
v -0.310510 0.211144 -0.637154
v -0.337182 0.250850 -0.611786
v -0.310510 0.211144 -0.637154
v -0.296723 0.221692 -0.633711
v -0.337182 0.250850 -0.611786
v -0.310782 0.221254 -0.600680
v -0.319065 0.211300 -0.604393
v -0.337182 0.250850 -0.611786
v 0.319065 0.211300 -0.604393
v 0.337182 0.250850 -0.611786
v 0.322060 0.201156 -0.628209
v 0.300822 0.226086 -0.608355
v 0.296723 0.221692 -0.633711
v 0.337182 0.250850 -0.611786
v 0.337182 0.250850 -0.611786
v 0.310782 0.221254 -0.600680
v 0.300822 0.226086 -0.608355
v 0.322060 0.201156 -0.628209
v 0.337182 0.250850 -0.611786
v 0.310510 0.211144 -0.637154
v 0.310510 0.211144 -0.637154
v 0.337182 0.250850 -0.611786
v 0.296723 0.221692 -0.633711
v 0.310782 0.221254 -0.600680
v 0.337182 0.250850 -0.611786
v 0.319065 0.211300 -0.604393
v -0.243309 0.107411 -0.221016
v -0.271786 0.166647 -0.097702
v -0.263444 0.151628 -0.085887
v -0.234186 0.095720 -0.215488
v -0.314463 0.238098 -0.165057
v -0.286056 0.161857 -0.252228
v -0.304827 0.184894 -0.279526
v -0.342382 0.272213 -0.225343
v -0.307941 0.188384 -0.289788
v -0.346670 0.275954 -0.248836
v -0.342382 0.272213 -0.225343
v -0.304827 0.184894 -0.279526
v -0.317982 0.198786 -0.332984
v -0.358988 0.283970 -0.339060
v -0.359534 0.287179 -0.319318
v -0.317286 0.198856 -0.320572
v -0.352773 0.267297 -0.412948
v -0.357350 0.274342 -0.398285
v -0.320071 0.198578 -0.370218
v -0.317122 0.194123 -0.381070
v -0.297942 0.166104 -0.436668
v -0.325294 0.227635 -0.480442
v -0.334465 0.239114 -0.471602
v -0.305327 0.176301 -0.424475
v -0.272024 0.130553 -0.493515
v -0.294528 0.188599 -0.517644
v -0.297782 0.193197 -0.506964
v -0.275789 0.135514 -0.473248
v -0.288932 0.179702 -0.551598
v -0.268796 0.125133 -0.557328
v -0.285463 0.143600 -0.606905
v -0.294917 0.185194 -0.578704
v -0.300954 0.191721 -0.585126
v -0.294917 0.185194 -0.578704
v -0.285463 0.143600 -0.606905
v -0.294613 0.157989 -0.612231
v -0.117435 0.209433 -0.248353
v -0.106488 0.199220 -0.243221
v -0.121557 0.266628 -0.116701
v -0.137407 0.275563 -0.126886
v -0.215132 0.318607 -0.186629
v -0.258102 0.340523 -0.243646
v -0.195371 0.273608 -0.303297
v -0.169759 0.256116 -0.277485
v -0.200766 0.275251 -0.313064
v -0.195371 0.273608 -0.303297
v -0.258102 0.340523 -0.243646
v -0.266904 0.340605 -0.266160
v -0.219928 0.278260 -0.354279
v -0.216951 0.280177 -0.342362
v -0.293313 0.340851 -0.333699
v -0.295387 0.335519 -0.352872
v -0.299439 0.310524 -0.424531
v -0.227897 0.266440 -0.400447
v -0.228858 0.272507 -0.390028
v -0.301609 0.319521 -0.410390
v -0.218747 0.230293 -0.453868
v -0.224056 0.242171 -0.442125
v -0.290760 0.274538 -0.481094
v -0.283686 0.261359 -0.489479
v -0.203919 0.185753 -0.508305
v -0.202819 0.194657 -0.489096
v -0.262464 0.221822 -0.514634
v -0.261378 0.215468 -0.524843
v -0.262541 0.201093 -0.557330
v -0.273634 0.202444 -0.583326
v -0.242898 0.178100 -0.616149
v -0.215589 0.168258 -0.568884
v -0.280431 0.208354 -0.589583
v -0.256354 0.188998 -0.620540
v -0.242898 0.178100 -0.616149
v -0.273634 0.202444 -0.583326
v -0.257986 0.223933 -0.347574
v -0.219928 0.278260 -0.354279
v -0.228858 0.272507 -0.390028
v -0.262450 0.220986 -0.379129
v -0.236024 0.138420 -0.565589
v -0.215589 0.168258 -0.568884
v -0.242898 0.178100 -0.616149
v -0.262446 0.157380 -0.616491
v -0.317364 0.322715 -0.252325
v -0.266904 0.340605 -0.266160
v -0.258102 0.340523 -0.243646
v -0.310369 0.320728 -0.227533
v -0.230264 0.149635 -0.497210
v -0.203919 0.185753 -0.508305
v -0.206486 0.164978 -0.553128
v -0.227217 0.132100 -0.548622
v -0.274462 0.170821 -0.621657
v -0.256354 0.188998 -0.620540
v -0.296723 0.221692 -0.633711
v -0.310510 0.211144 -0.637154
v -0.339103 0.323910 -0.347966
v -0.295387 0.335519 -0.352872
v -0.293313 0.340851 -0.333699
v -0.338348 0.328677 -0.326699
v -0.250617 0.190192 -0.439564
v -0.218747 0.230293 -0.453868
v -0.202819 0.194657 -0.489096
v -0.231569 0.157149 -0.475176
v -0.336942 0.300215 -0.426448
v -0.299439 0.310524 -0.424531
v -0.301609 0.319521 -0.410390
v -0.341367 0.309607 -0.411769
v -0.285237 0.209266 -0.527792
v -0.261378 0.215468 -0.524843
v -0.262464 0.221822 -0.514634
v -0.287058 0.213809 -0.519224
v -0.224688 0.200692 -0.280988
v -0.169759 0.256116 -0.277485
v -0.195371 0.273608 -0.303297
v -0.242566 0.216741 -0.303411
v -0.311198 0.250437 -0.493679
v -0.283686 0.261359 -0.489479
v -0.290760 0.274538 -0.481094
v -0.319245 0.262647 -0.485164
v -0.197011 0.218862 -0.085734
v -0.154904 0.164959 -0.093020
v -0.194764 0.124618 -0.093111
v -0.263444 0.151628 -0.085887
v -0.261353 0.217030 -0.388841
v -0.227897 0.266440 -0.400447
v -0.224056 0.242171 -0.442125
v -0.256966 0.201207 -0.427693
v -0.270712 0.289243 -0.162433
v -0.215132 0.318607 -0.186629
v -0.200809 0.311301 -0.167624
v -0.257493 0.278748 -0.140733
v -0.178591 0.151533 -0.252194
v -0.117435 0.209433 -0.248353
v -0.161222 0.250286 -0.268881
v -0.218729 0.195343 -0.273514
v -0.293142 0.204082 -0.583539
v -0.280431 0.208354 -0.589583
v -0.273634 0.202444 -0.583326
v -0.287262 0.198358 -0.577826
v -0.209107 0.230839 -0.096734
v -0.137407 0.275563 -0.126886
v -0.121557 0.266628 -0.116701
v -0.197011 0.218862 -0.085734
v -0.246049 0.218785 -0.311822
v -0.200766 0.275251 -0.313064
v -0.216951 0.280177 -0.342362
v -0.256498 0.224916 -0.337056
v -0.282555 0.198588 -0.555294
v -0.262541 0.201093 -0.557330
v -0.258843 0.200642 -0.548664
v -0.280986 0.198665 -0.547783
v -0.288932 0.179702 -0.551598
v -0.282555 0.198588 -0.555294
v -0.280986 0.198665 -0.547783
v -0.286937 0.177872 -0.542563
v -0.307941 0.188384 -0.289788
v -0.246049 0.218785 -0.311822
v -0.256498 0.224916 -0.337056
v -0.317286 0.198856 -0.320572
v -0.271786 0.166647 -0.097702
v -0.209107 0.230839 -0.096734
v -0.197011 0.218862 -0.085734
v -0.263444 0.151628 -0.085887
v -0.300954 0.191721 -0.585126
v -0.293142 0.204082 -0.583539
v -0.287262 0.198358 -0.577826
v -0.294917 0.185194 -0.578704
v -0.243309 0.107411 -0.221016
v -0.178591 0.151533 -0.252194
v -0.218729 0.195343 -0.273514
v -0.279799 0.154178 -0.243129
v -0.314463 0.238098 -0.165057
v -0.270712 0.289243 -0.162433
v -0.257493 0.278748 -0.140733
v -0.305156 0.226726 -0.144962
v -0.317122 0.194123 -0.381070
v -0.261353 0.217030 -0.388841
v -0.256966 0.201207 -0.427693
v -0.305327 0.176301 -0.424475
v -0.121557 0.266628 -0.116701
v -0.109632 0.193619 -0.111600
v -0.154904 0.164959 -0.093020
v -0.197011 0.218862 -0.085734
v -0.325294 0.227635 -0.480442
v -0.311198 0.250437 -0.493679
v -0.319245 0.262647 -0.485164
v -0.334465 0.239114 -0.471602
v -0.286056 0.161857 -0.252228
v -0.224688 0.200692 -0.280988
v -0.242566 0.216741 -0.303411
v -0.304827 0.184894 -0.279526
v -0.294528 0.188599 -0.517644
v -0.285237 0.209266 -0.527792
v -0.287058 0.213809 -0.519224
v -0.297782 0.193197 -0.506964
v -0.352773 0.267297 -0.412948
v -0.336942 0.300215 -0.426448
v -0.341367 0.309607 -0.411769
v -0.357350 0.274342 -0.398285
v -0.297942 0.166104 -0.436668
v -0.250617 0.190192 -0.439564
v -0.231569 0.157149 -0.475176
v -0.275789 0.135514 -0.473248
v -0.358988 0.283970 -0.339060
v -0.339103 0.323910 -0.347966
v -0.338348 0.328677 -0.326699
v -0.359534 0.287179 -0.319318
v -0.294613 0.157989 -0.612231
v -0.274462 0.170821 -0.621657
v -0.310510 0.211144 -0.637154
v -0.322060 0.201156 -0.628209
v -0.272024 0.130553 -0.493515
v -0.230264 0.149635 -0.497210
v -0.227217 0.132100 -0.548622
v -0.263240 0.118977 -0.540802
v -0.346670 0.275954 -0.248836
v -0.317364 0.322715 -0.252325
v -0.310369 0.320728 -0.227533
v -0.342382 0.272213 -0.225343
v -0.268796 0.125133 -0.557328
v -0.236024 0.138420 -0.565589
v -0.262446 0.157380 -0.616491
v -0.285463 0.143600 -0.606905
v -0.317982 0.198786 -0.332984
v -0.257986 0.223933 -0.347574
v -0.262450 0.220986 -0.379129
v -0.320071 0.198578 -0.370218
v -0.279799 0.154178 -0.243129
v -0.218729 0.195343 -0.273514
v -0.224688 0.200692 -0.280988
v -0.286056 0.161857 -0.252228
v -0.342382 0.272213 -0.225343
v -0.310369 0.320728 -0.227533
v -0.270712 0.289243 -0.162433
v -0.314463 0.238098 -0.165057
v -0.310369 0.320728 -0.227533
v -0.258102 0.340523 -0.243646
v -0.215132 0.318607 -0.186629
v -0.270712 0.289243 -0.162433
v -0.218729 0.195343 -0.273514
v -0.161222 0.250286 -0.268881
v -0.169759 0.256116 -0.277485
v -0.224688 0.200692 -0.280988
v -0.200809 0.311301 -0.167624
v -0.215132 0.318607 -0.186629
v -0.169759 0.256116 -0.277485
v -0.161222 0.250286 -0.268881
v -0.305156 0.226726 -0.144962
v -0.279799 0.154178 -0.243129
v -0.286056 0.161857 -0.252228
v -0.314463 0.238098 -0.165057
v -0.359534 0.287179 -0.319318
v -0.338348 0.328677 -0.326699
v -0.317364 0.322715 -0.252325
v -0.346670 0.275954 -0.248836
v -0.304827 0.184894 -0.279526
v -0.242566 0.216741 -0.303411
v -0.246049 0.218785 -0.311822
v -0.307941 0.188384 -0.289788
v -0.242566 0.216741 -0.303411
v -0.195371 0.273608 -0.303297
v -0.200766 0.275251 -0.313064
v -0.246049 0.218785 -0.311822
v -0.338348 0.328677 -0.326699
v -0.293313 0.340851 -0.333699
v -0.266904 0.340605 -0.266160
v -0.317364 0.322715 -0.252325
v -0.216951 0.280177 -0.342362
v -0.200766 0.275251 -0.313064
v -0.266904 0.340605 -0.266160
v -0.293313 0.340851 -0.333699
v -0.317286 0.198856 -0.320572
v -0.359534 0.287179 -0.319318
v -0.346670 0.275954 -0.248836
v -0.307941 0.188384 -0.289788
v -0.317286 0.198856 -0.320572
v -0.256498 0.224916 -0.337056
v -0.257986 0.223933 -0.347574
v -0.317982 0.198786 -0.332984
v -0.357350 0.274342 -0.398285
v -0.341367 0.309607 -0.411769
v -0.339103 0.323910 -0.347966
v -0.358988 0.283970 -0.339060
v -0.341367 0.309607 -0.411769
v -0.301609 0.319521 -0.410390
v -0.295387 0.335519 -0.352872
v -0.339103 0.323910 -0.347966
v -0.256498 0.224916 -0.337056
v -0.216951 0.280177 -0.342362
v -0.219928 0.278260 -0.354279
v -0.257986 0.223933 -0.347574
v -0.228858 0.272507 -0.390028
v -0.219928 0.278260 -0.354279
v -0.295387 0.335519 -0.352872
v -0.301609 0.319521 -0.410390
v -0.320071 0.198578 -0.370218
v -0.357350 0.274342 -0.398285
v -0.358988 0.283970 -0.339060
v -0.317982 0.198786 -0.332984
v -0.334465 0.239114 -0.471602
v -0.319245 0.262647 -0.485164
v -0.336942 0.300215 -0.426448
v -0.352773 0.267297 -0.412948
v -0.320071 0.198578 -0.370218
v -0.262450 0.220986 -0.379129
v -0.261353 0.217030 -0.388841
v -0.317122 0.194123 -0.381070
v -0.262450 0.220986 -0.379129
v -0.228858 0.272507 -0.390028
v -0.227897 0.266440 -0.400447
v -0.261353 0.217030 -0.388841
v -0.319245 0.262647 -0.485164
v -0.290760 0.274538 -0.481094
v -0.299439 0.310524 -0.424531
v -0.336942 0.300215 -0.426448
v -0.290760 0.274538 -0.481094
v -0.224056 0.242171 -0.442125
v -0.227897 0.266440 -0.400447
v -0.299439 0.310524 -0.424531
v -0.334465 0.239114 -0.471602
v -0.352773 0.267297 -0.412948
v -0.317122 0.194123 -0.381070
v -0.305327 0.176301 -0.424475
v -0.305327 0.176301 -0.424475
v -0.256966 0.201207 -0.427693
v -0.250617 0.190192 -0.439564
v -0.297942 0.166104 -0.436668
v -0.297782 0.193197 -0.506964
v -0.287058 0.213809 -0.519224
v -0.311198 0.250437 -0.493679
v -0.325294 0.227635 -0.480442
v -0.287058 0.213809 -0.519224
v -0.262464 0.221822 -0.514634
v -0.283686 0.261359 -0.489479
v -0.311198 0.250437 -0.493679
v -0.256966 0.201207 -0.427693
v -0.224056 0.242171 -0.442125
v -0.218747 0.230293 -0.453868
v -0.250617 0.190192 -0.439564
v -0.202819 0.194657 -0.489096
v -0.218747 0.230293 -0.453868
v -0.283686 0.261359 -0.489479
v -0.262464 0.221822 -0.514634
v -0.275789 0.135514 -0.473248
v -0.297782 0.193197 -0.506964
v -0.325294 0.227635 -0.480442
v -0.297942 0.166104 -0.436668
v -0.275789 0.135514 -0.473248
v -0.231569 0.157149 -0.475176
v -0.230264 0.149635 -0.497210
v -0.272024 0.130553 -0.493515
v -0.286937 0.177872 -0.542563
v -0.280986 0.198665 -0.547783
v -0.285237 0.209266 -0.527792
v -0.294528 0.188599 -0.517644
v -0.280986 0.198665 -0.547783
v -0.258843 0.200642 -0.548664
v -0.261378 0.215468 -0.524843
v -0.285237 0.209266 -0.527792
v -0.231569 0.157149 -0.475176
v -0.202819 0.194657 -0.489096
v -0.203919 0.185753 -0.508305
v -0.230264 0.149635 -0.497210
v -0.206486 0.164978 -0.553128
v -0.203919 0.185753 -0.508305
v -0.261378 0.215468 -0.524843
v -0.258843 0.200642 -0.548664
v -0.263240 0.118977 -0.540802
v -0.286937 0.177872 -0.542563
v -0.294528 0.188599 -0.517644
v -0.272024 0.130553 -0.493515
v -0.263240 0.118977 -0.540802
v -0.227217 0.132100 -0.548622
v -0.236024 0.138420 -0.565589
v -0.268796 0.125133 -0.557328
v -0.294917 0.185194 -0.578704
v -0.287262 0.198358 -0.577826
v -0.282555 0.198588 -0.555294
v -0.288932 0.179702 -0.551598
v -0.287262 0.198358 -0.577826
v -0.273634 0.202444 -0.583326
v -0.262541 0.201093 -0.557330
v -0.282555 0.198588 -0.555294
v -0.227217 0.132100 -0.548622
v -0.206486 0.164978 -0.553128
v -0.215589 0.168258 -0.568884
v -0.236024 0.138420 -0.565589
v -0.258843 0.200642 -0.548664
v -0.262541 0.201093 -0.557330
v -0.215589 0.168258 -0.568884
v -0.206486 0.164978 -0.553128
v -0.286937 0.177872 -0.542563
v -0.263240 0.118977 -0.540802
v -0.268796 0.125133 -0.557328
v -0.288932 0.179702 -0.551598
v -0.285463 0.143600 -0.606905
v -0.262446 0.157380 -0.616491
v -0.274462 0.170821 -0.621657
v -0.294613 0.157989 -0.612231
v -0.319065 0.211300 -0.604393
v -0.310782 0.221254 -0.600680
v -0.293142 0.204082 -0.583539
v -0.300954 0.191721 -0.585126
v -0.310782 0.221254 -0.600680
v -0.300822 0.226086 -0.608355
v -0.280431 0.208354 -0.589583
v -0.293142 0.204082 -0.583539
v -0.262446 0.157380 -0.616491
v -0.242898 0.178100 -0.616149
v -0.256354 0.188998 -0.620540
v -0.274462 0.170821 -0.621657
v -0.300822 0.226086 -0.608355
v -0.296723 0.221692 -0.633711
v -0.256354 0.188998 -0.620540
v -0.280431 0.208354 -0.589583
v -0.319065 0.211300 -0.604393
v -0.300954 0.191721 -0.585126
v -0.294613 0.157989 -0.612231
v -0.322060 0.201156 -0.628209
v -0.154904 0.164959 -0.093020
v -0.109632 0.193619 -0.111600
v -0.100591 0.153174 -0.187511
v -0.137831 0.117990 -0.189697
v -0.194764 0.124618 -0.093111
v -0.154904 0.164959 -0.093020
v -0.137831 0.117990 -0.189697
v -0.177209 0.091074 -0.170872
v -0.106488 0.199220 -0.243221
v -0.100591 0.153174 -0.187511
v -0.109632 0.193619 -0.111600
v -0.121557 0.266628 -0.116701
v -0.234186 0.095720 -0.215488
v -0.177209 0.091074 -0.170872
v -0.137831 0.117990 -0.189697
v -0.168556 0.140581 -0.246863
v -0.168556 0.140581 -0.246863
v -0.137831 0.117990 -0.189697
v -0.100591 0.153174 -0.187511
v -0.106488 0.199220 -0.243221
v -0.263444 0.151628 -0.085887
v -0.194764 0.124618 -0.093111
v -0.177209 0.091074 -0.170872
v -0.234186 0.095720 -0.215488
v -0.234186 0.095720 -0.215488
v -0.168556 0.140581 -0.246863
v -0.178591 0.151533 -0.252194
v -0.243309 0.107411 -0.221016
v -0.305156 0.226726 -0.144962
v -0.257493 0.278748 -0.140733
v -0.209107 0.230839 -0.096734
v -0.271786 0.166647 -0.097702
v -0.257493 0.278748 -0.140733
v -0.200809 0.311301 -0.167624
v -0.137407 0.275563 -0.126886
v -0.209107 0.230839 -0.096734
v -0.168556 0.140581 -0.246863
v -0.106488 0.199220 -0.243221
v -0.117435 0.209433 -0.248353
v -0.178591 0.151533 -0.252194
v -0.161222 0.250286 -0.268881
v -0.117435 0.209433 -0.248353
v -0.137407 0.275563 -0.126886
v -0.200809 0.311301 -0.167624
v -0.279799 0.154178 -0.243129
v -0.305156 0.226726 -0.144962
v -0.271786 0.166647 -0.097702
v -0.243309 0.107411 -0.221016
v 0.243309 0.107411 -0.221016
v 0.234186 0.095720 -0.215488
v 0.263444 0.151628 -0.085887
v 0.271786 0.166647 -0.097702
v 0.314463 0.238098 -0.165057
v 0.342382 0.272213 -0.225343
v 0.304827 0.184894 -0.279526
v 0.286056 0.161857 -0.252228
v 0.307941 0.188384 -0.289788
v 0.304827 0.184894 -0.279526
v 0.342382 0.272213 -0.225343
v 0.346670 0.275954 -0.248836
v 0.317982 0.198786 -0.332984
v 0.317286 0.198856 -0.320572
v 0.359534 0.287179 -0.319318
v 0.358988 0.283970 -0.339060
v 0.352773 0.267297 -0.412948
v 0.317122 0.194123 -0.381070
v 0.320071 0.198578 -0.370218
v 0.357350 0.274342 -0.398285
v 0.297942 0.166104 -0.436668
v 0.305327 0.176301 -0.424475
v 0.334465 0.239114 -0.471602
v 0.325294 0.227635 -0.480442
v 0.272024 0.130553 -0.493515
v 0.275789 0.135514 -0.473248
v 0.297782 0.193197 -0.506964
v 0.294528 0.188599 -0.517644
v 0.288932 0.179702 -0.551598
v 0.294917 0.185194 -0.578704
v 0.285463 0.143600 -0.606905
v 0.268796 0.125133 -0.557328
v 0.300954 0.191721 -0.585126
v 0.294613 0.157989 -0.612231
v 0.285463 0.143600 -0.606905
v 0.294917 0.185194 -0.578704
v 0.117435 0.209433 -0.248353
v 0.137407 0.275563 -0.126886
v 0.121557 0.266628 -0.116701
v 0.106488 0.199220 -0.243221
v 0.215132 0.318607 -0.186629
v 0.169759 0.256116 -0.277485
v 0.195371 0.273608 -0.303297
v 0.258102 0.340523 -0.243646
v 0.200766 0.275251 -0.313064
v 0.266904 0.340605 -0.266160
v 0.258102 0.340523 -0.243646
v 0.195371 0.273608 -0.303297
v 0.219928 0.278260 -0.354279
v 0.295387 0.335519 -0.352872
v 0.293313 0.340851 -0.333699
v 0.216951 0.280177 -0.342362
v 0.299439 0.310524 -0.424531
v 0.301609 0.319521 -0.410390
v 0.228858 0.272507 -0.390028
v 0.227897 0.266440 -0.400447
v 0.218747 0.230293 -0.453868
v 0.283686 0.261359 -0.489479
v 0.290760 0.274538 -0.481094
v 0.224056 0.242171 -0.442125
v 0.203919 0.185753 -0.508305
v 0.261378 0.215468 -0.524843
v 0.262464 0.221822 -0.514634
v 0.202819 0.194657 -0.489096
v 0.262541 0.201093 -0.557330
v 0.215589 0.168258 -0.568884
v 0.242898 0.178100 -0.616149
v 0.273634 0.202444 -0.583326
v 0.280431 0.208354 -0.589583
v 0.273634 0.202444 -0.583326
v 0.242898 0.178100 -0.616149
v 0.256354 0.188998 -0.620540
v 0.257986 0.223933 -0.347574
v 0.262450 0.220986 -0.379129
v 0.228858 0.272507 -0.390028
v 0.219928 0.278260 -0.354279
v 0.236024 0.138420 -0.565589
v 0.262446 0.157380 -0.616491
v 0.242898 0.178100 -0.616149
v 0.215589 0.168258 -0.568884
v 0.317364 0.322715 -0.252325
v 0.310369 0.320728 -0.227533
v 0.258102 0.340523 -0.243646
v 0.266904 0.340605 -0.266160
v 0.230264 0.149635 -0.497210
v 0.227217 0.132100 -0.548622
v 0.206486 0.164978 -0.553128
v 0.203919 0.185753 -0.508305
v 0.274462 0.170821 -0.621657
v 0.310510 0.211144 -0.637154
v 0.296723 0.221692 -0.633711
v 0.256354 0.188998 -0.620540
v 0.339103 0.323910 -0.347966
v 0.338348 0.328677 -0.326699
v 0.293313 0.340851 -0.333699
v 0.295387 0.335519 -0.352872
v 0.250617 0.190192 -0.439564
v 0.231569 0.157149 -0.475176
v 0.202819 0.194657 -0.489096
v 0.218747 0.230293 -0.453868
v 0.336942 0.300215 -0.426448
v 0.341367 0.309607 -0.411769
v 0.301609 0.319521 -0.410390
v 0.299439 0.310524 -0.424531
v 0.285237 0.209266 -0.527792
v 0.287058 0.213809 -0.519224
v 0.262464 0.221822 -0.514634
v 0.261378 0.215468 -0.524843
v 0.224688 0.200692 -0.280988
v 0.242566 0.216741 -0.303411
v 0.195371 0.273608 -0.303297
v 0.169759 0.256116 -0.277485
v 0.311198 0.250437 -0.493679
v 0.319245 0.262647 -0.485164
v 0.290760 0.274538 -0.481094
v 0.283686 0.261359 -0.489479
v 0.197011 0.218862 -0.085734
v 0.263444 0.151628 -0.085887
v 0.194764 0.124618 -0.093111
v 0.154904 0.164959 -0.093020
v 0.261353 0.217030 -0.388841
v 0.256966 0.201207 -0.427693
v 0.224056 0.242171 -0.442125
v 0.227897 0.266440 -0.400447
v 0.270712 0.289243 -0.162433
v 0.257493 0.278748 -0.140733
v 0.200809 0.311301 -0.167624
v 0.215132 0.318607 -0.186629
v 0.178591 0.151533 -0.252194
v 0.218729 0.195343 -0.273514
v 0.161222 0.250286 -0.268881
v 0.117435 0.209433 -0.248353
v 0.293142 0.204082 -0.583539
v 0.287262 0.198358 -0.577826
v 0.273634 0.202444 -0.583326
v 0.280431 0.208354 -0.589583
v 0.209107 0.230839 -0.096734
v 0.197011 0.218862 -0.085734
v 0.121557 0.266628 -0.116701
v 0.137407 0.275563 -0.126886
v 0.246049 0.218785 -0.311822
v 0.256498 0.224916 -0.337056
v 0.216951 0.280177 -0.342362
v 0.200766 0.275251 -0.313064
v 0.282555 0.198588 -0.555294
v 0.280986 0.198665 -0.547783
v 0.258843 0.200642 -0.548664
v 0.262541 0.201093 -0.557330
v 0.288932 0.179702 -0.551598
v 0.286937 0.177872 -0.542563
v 0.280986 0.198665 -0.547783
v 0.282555 0.198588 -0.555294
v 0.307941 0.188384 -0.289788
v 0.317286 0.198856 -0.320572
v 0.256498 0.224916 -0.337056
v 0.246049 0.218785 -0.311822
v 0.271786 0.166647 -0.097702
v 0.263444 0.151628 -0.085887
v 0.197011 0.218862 -0.085734
v 0.209107 0.230839 -0.096734
v 0.300954 0.191721 -0.585126
v 0.294917 0.185194 -0.578704
v 0.287262 0.198358 -0.577826
v 0.293142 0.204082 -0.583539
v 0.243309 0.107411 -0.221016
v 0.279799 0.154178 -0.243129
v 0.218729 0.195343 -0.273514
v 0.178591 0.151533 -0.252194
v 0.314463 0.238098 -0.165057
v 0.305156 0.226726 -0.144962
v 0.257493 0.278748 -0.140733
v 0.270712 0.289243 -0.162433
v 0.317122 0.194123 -0.381070
v 0.305327 0.176301 -0.424475
v 0.256966 0.201207 -0.427693
v 0.261353 0.217030 -0.388841
v 0.121557 0.266628 -0.116701
v 0.197011 0.218862 -0.085734
v 0.154904 0.164959 -0.093020
v 0.109632 0.193619 -0.111600
v 0.325294 0.227635 -0.480442
v 0.334465 0.239114 -0.471602
v 0.319245 0.262647 -0.485164
v 0.311198 0.250437 -0.493679
v 0.286056 0.161857 -0.252228
v 0.304827 0.184894 -0.279526
v 0.242566 0.216741 -0.303411
v 0.224688 0.200692 -0.280988
v 0.294528 0.188599 -0.517644
v 0.297782 0.193197 -0.506964
v 0.287058 0.213809 -0.519224
v 0.285237 0.209266 -0.527792
v 0.352773 0.267297 -0.412948
v 0.357350 0.274342 -0.398285
v 0.341367 0.309607 -0.411769
v 0.336942 0.300215 -0.426448
v 0.297942 0.166104 -0.436668
v 0.275789 0.135514 -0.473248
v 0.231569 0.157149 -0.475176
v 0.250617 0.190192 -0.439564
v 0.358988 0.283970 -0.339060
v 0.359534 0.287179 -0.319318
v 0.338348 0.328677 -0.326699
v 0.339103 0.323910 -0.347966
v 0.294613 0.157989 -0.612231
v 0.322060 0.201156 -0.628209
v 0.310510 0.211144 -0.637154
v 0.274462 0.170821 -0.621657
v 0.272024 0.130553 -0.493515
v 0.263240 0.118977 -0.540802
v 0.227217 0.132100 -0.548622
v 0.230264 0.149635 -0.497210
v 0.346670 0.275954 -0.248836
v 0.342382 0.272213 -0.225343
v 0.310369 0.320728 -0.227533
v 0.317364 0.322715 -0.252325
v 0.268796 0.125133 -0.557328
v 0.285463 0.143600 -0.606905
v 0.262446 0.157380 -0.616491
v 0.236024 0.138420 -0.565589
v 0.317982 0.198786 -0.332984
v 0.320071 0.198578 -0.370218
v 0.262450 0.220986 -0.379129
v 0.257986 0.223933 -0.347574
v 0.279799 0.154178 -0.243129
v 0.286056 0.161857 -0.252228
v 0.224688 0.200692 -0.280988
v 0.218729 0.195343 -0.273514
v 0.342382 0.272213 -0.225343
v 0.314463 0.238098 -0.165057
v 0.270712 0.289243 -0.162433
v 0.310369 0.320728 -0.227533
v 0.310369 0.320728 -0.227533
v 0.270712 0.289243 -0.162433
v 0.215132 0.318607 -0.186629
v 0.258102 0.340523 -0.243646
v 0.218729 0.195343 -0.273514
v 0.224688 0.200692 -0.280988
v 0.169759 0.256116 -0.277485
v 0.161222 0.250286 -0.268881
v 0.200809 0.311301 -0.167624
v 0.161222 0.250286 -0.268881
v 0.169759 0.256116 -0.277485
v 0.215132 0.318607 -0.186629
v 0.305156 0.226726 -0.144962
v 0.314463 0.238098 -0.165057
v 0.286056 0.161857 -0.252228
v 0.279799 0.154178 -0.243129
v 0.359534 0.287179 -0.319318
v 0.346670 0.275954 -0.248836
v 0.317364 0.322715 -0.252325
v 0.338348 0.328677 -0.326699
v 0.304827 0.184894 -0.279526
v 0.307941 0.188384 -0.289788
v 0.246049 0.218785 -0.311822
v 0.242566 0.216741 -0.303411
v 0.242566 0.216741 -0.303411
v 0.246049 0.218785 -0.311822
v 0.200766 0.275251 -0.313064
v 0.195371 0.273608 -0.303297
v 0.338348 0.328677 -0.326699
v 0.317364 0.322715 -0.252325
v 0.266904 0.340605 -0.266160
v 0.293313 0.340851 -0.333699
v 0.216951 0.280177 -0.342362
v 0.293313 0.340851 -0.333699
v 0.266904 0.340605 -0.266160
v 0.200766 0.275251 -0.313064
v 0.317286 0.198856 -0.320572
v 0.307941 0.188384 -0.289788
v 0.346670 0.275954 -0.248836
v 0.359534 0.287179 -0.319318
v 0.317286 0.198856 -0.320572
v 0.317982 0.198786 -0.332984
v 0.257986 0.223933 -0.347574
v 0.256498 0.224916 -0.337056
v 0.357350 0.274342 -0.398285
v 0.358988 0.283970 -0.339060
v 0.339103 0.323910 -0.347966
v 0.341367 0.309607 -0.411769
v 0.341367 0.309607 -0.411769
v 0.339103 0.323910 -0.347966
v 0.295387 0.335519 -0.352872
v 0.301609 0.319521 -0.410390
v 0.256498 0.224916 -0.337056
v 0.257986 0.223933 -0.347574
v 0.219928 0.278260 -0.354279
v 0.216951 0.280177 -0.342362
v 0.228858 0.272507 -0.390028
v 0.301609 0.319521 -0.410390
v 0.295387 0.335519 -0.352872
v 0.219928 0.278260 -0.354279
v 0.320071 0.198578 -0.370218
v 0.317982 0.198786 -0.332984
v 0.358988 0.283970 -0.339060
v 0.357350 0.274342 -0.398285
v 0.334465 0.239114 -0.471602
v 0.352773 0.267297 -0.412948
v 0.336942 0.300215 -0.426448
v 0.319245 0.262647 -0.485164
v 0.320071 0.198578 -0.370218
v 0.317122 0.194123 -0.381070
v 0.261353 0.217030 -0.388841
v 0.262450 0.220986 -0.379129
v 0.262450 0.220986 -0.379129
v 0.261353 0.217030 -0.388841
v 0.227897 0.266440 -0.400447
v 0.228858 0.272507 -0.390028
v 0.319245 0.262647 -0.485164
v 0.336942 0.300215 -0.426448
v 0.299439 0.310524 -0.424531
v 0.290760 0.274538 -0.481094
v 0.290760 0.274538 -0.481094
v 0.299439 0.310524 -0.424531
v 0.227897 0.266440 -0.400447
v 0.224056 0.242171 -0.442125
v 0.334465 0.239114 -0.471602
v 0.305327 0.176301 -0.424475
v 0.317122 0.194123 -0.381070
v 0.352773 0.267297 -0.412948
v 0.305327 0.176301 -0.424475
v 0.297942 0.166104 -0.436668
v 0.250617 0.190192 -0.439564
v 0.256966 0.201207 -0.427693
v 0.297782 0.193197 -0.506964
v 0.325294 0.227635 -0.480442
v 0.311198 0.250437 -0.493679
v 0.287058 0.213809 -0.519224
v 0.287058 0.213809 -0.519224
v 0.311198 0.250437 -0.493679
v 0.283686 0.261359 -0.489479
v 0.262464 0.221822 -0.514634
v 0.256966 0.201207 -0.427693
v 0.250617 0.190192 -0.439564
v 0.218747 0.230293 -0.453868
v 0.224056 0.242171 -0.442125
v 0.202819 0.194657 -0.489096
v 0.262464 0.221822 -0.514634
v 0.283686 0.261359 -0.489479
v 0.218747 0.230293 -0.453868
v 0.275789 0.135514 -0.473248
v 0.297942 0.166104 -0.436668
v 0.325294 0.227635 -0.480442
v 0.297782 0.193197 -0.506964
v 0.275789 0.135514 -0.473248
v 0.272024 0.130553 -0.493515
v 0.230264 0.149635 -0.497210
v 0.231569 0.157149 -0.475176
v 0.286937 0.177872 -0.542563
v 0.294528 0.188599 -0.517644
v 0.285237 0.209266 -0.527792
v 0.280986 0.198665 -0.547783
v 0.280986 0.198665 -0.547783
v 0.285237 0.209266 -0.527792
v 0.261378 0.215468 -0.524843
v 0.258843 0.200642 -0.548664
v 0.231569 0.157149 -0.475176
v 0.230264 0.149635 -0.497210
v 0.203919 0.185753 -0.508305
v 0.202819 0.194657 -0.489096
v 0.206486 0.164978 -0.553128
v 0.258843 0.200642 -0.548664
v 0.261378 0.215468 -0.524843
v 0.203919 0.185753 -0.508305
v 0.263240 0.118977 -0.540802
v 0.272024 0.130553 -0.493515
v 0.294528 0.188599 -0.517644
v 0.286937 0.177872 -0.542563
v 0.263240 0.118977 -0.540802
v 0.268796 0.125133 -0.557328
v 0.236024 0.138420 -0.565589
v 0.227217 0.132100 -0.548622
v 0.294917 0.185194 -0.578704
v 0.288932 0.179702 -0.551598
v 0.282555 0.198588 -0.555294
v 0.287262 0.198358 -0.577826
v 0.287262 0.198358 -0.577826
v 0.282555 0.198588 -0.555294
v 0.262541 0.201093 -0.557330
v 0.273634 0.202444 -0.583326
v 0.227217 0.132100 -0.548622
v 0.236024 0.138420 -0.565589
v 0.215589 0.168258 -0.568884
v 0.206486 0.164978 -0.553128
v 0.258843 0.200642 -0.548664
v 0.206486 0.164978 -0.553128
v 0.215589 0.168258 -0.568884
v 0.262541 0.201093 -0.557330
v 0.286937 0.177872 -0.542563
v 0.288932 0.179702 -0.551598
v 0.268796 0.125133 -0.557328
v 0.263240 0.118977 -0.540802
v 0.285463 0.143600 -0.606905
v 0.294613 0.157989 -0.612231
v 0.274462 0.170821 -0.621657
v 0.262446 0.157380 -0.616491
v 0.319065 0.211300 -0.604393
v 0.300954 0.191721 -0.585126
v 0.293142 0.204082 -0.583539
v 0.310782 0.221254 -0.600680
v 0.310782 0.221254 -0.600680
v 0.293142 0.204082 -0.583539
v 0.280431 0.208354 -0.589583
v 0.300822 0.226086 -0.608355
v 0.262446 0.157380 -0.616491
v 0.274462 0.170821 -0.621657
v 0.256354 0.188998 -0.620540
v 0.242898 0.178100 -0.616149
v 0.300822 0.226086 -0.608355
v 0.280431 0.208354 -0.589583
v 0.256354 0.188998 -0.620540
v 0.296723 0.221692 -0.633711
v 0.319065 0.211300 -0.604393
v 0.322060 0.201156 -0.628209
v 0.294613 0.157989 -0.612231
v 0.300954 0.191721 -0.585126
v 0.154904 0.164959 -0.093020
v 0.137831 0.117990 -0.189697
v 0.100591 0.153174 -0.187511
v 0.109632 0.193619 -0.111600
v 0.194764 0.124618 -0.093111
v 0.177209 0.091074 -0.170872
v 0.137831 0.117990 -0.189697
v 0.154904 0.164959 -0.093020
v 0.106488 0.199220 -0.243221
v 0.121557 0.266628 -0.116701
v 0.109632 0.193619 -0.111600
v 0.100591 0.153174 -0.187511
v 0.234186 0.095720 -0.215488
v 0.168556 0.140581 -0.246863
v 0.137831 0.117990 -0.189697
v 0.177209 0.091074 -0.170872
v 0.168556 0.140581 -0.246863
v 0.106488 0.199220 -0.243221
v 0.100591 0.153174 -0.187511
v 0.137831 0.117990 -0.189697
v 0.263444 0.151628 -0.085887
v 0.234186 0.095720 -0.215488
v 0.177209 0.091074 -0.170872
v 0.194764 0.124618 -0.093111
v 0.234186 0.095720 -0.215488
v 0.243309 0.107411 -0.221016
v 0.178591 0.151533 -0.252194
v 0.168556 0.140581 -0.246863
v 0.305156 0.226726 -0.144962
v 0.271786 0.166647 -0.097702
v 0.209107 0.230839 -0.096734
v 0.257493 0.278748 -0.140733
v 0.257493 0.278748 -0.140733
v 0.209107 0.230839 -0.096734
v 0.137407 0.275563 -0.126886
v 0.200809 0.311301 -0.167624
v 0.168556 0.140581 -0.246863
v 0.178591 0.151533 -0.252194
v 0.117435 0.209433 -0.248353
v 0.106488 0.199220 -0.243221
v 0.161222 0.250286 -0.268881
v 0.200809 0.311301 -0.167624
v 0.137407 0.275563 -0.126886
v 0.117435 0.209433 -0.248353
v 0.279799 0.154178 -0.243129
v 0.243309 0.107411 -0.221016
v 0.271786 0.166647 -0.097702
v 0.305156 0.226726 -0.144962
v -0.309235 0.221632 -0.592142
v -0.348835 0.266026 -0.608801
v -0.321658 0.206701 -0.597712
v 0.309235 0.221632 -0.592142
v 0.321658 0.206701 -0.597712
v 0.348835 0.266026 -0.608801
v -0.321658 0.206701 -0.597712
v -0.348835 0.266026 -0.608801
v -0.326151 0.191485 -0.633436
v -0.308826 0.206468 -0.646853
v -0.288145 0.222289 -0.641689
v -0.294294 0.228880 -0.603655
v -0.309235 0.221632 -0.592142
v -0.273393 0.209923 -0.579354
v -0.233436 0.178276 -0.622024
v -0.260311 0.211173 -0.549185
v -0.192246 0.164809 -0.554989
v -0.185790 0.197247 -0.486907
v -0.291110 0.204612 -0.572204
v -0.321658 0.206701 -0.597712
v -0.301061 0.187498 -0.573345
v -0.289096 0.208603 -0.548040
v -0.263329 0.232561 -0.520107
v -0.204732 0.245024 -0.438155
v -0.295302 0.222144 -0.526074
v -0.291447 0.287101 -0.488814
v -0.206930 0.274482 -0.389045
v -0.301506 0.335600 -0.415517
v -0.328477 0.271642 -0.494106
v -0.353192 0.322712 -0.417309
v -0.296832 0.181572 -0.541254
v -0.288772 0.133426 -0.610007
v -0.266027 0.105009 -0.538965
v -0.280652 0.120361 -0.466306
v -0.309242 0.195349 -0.510136
v -0.310384 0.159392 -0.415210
v -0.348264 0.241050 -0.476475
v -0.373970 0.276868 -0.399779
v -0.325507 0.178374 -0.363293
v -0.204732 0.245024 -0.438155
v -0.206930 0.274482 -0.389045
v -0.250600 0.207505 -0.374876
v -0.247514 0.191770 -0.419393
v -0.325507 0.178374 -0.363293
v -0.310384 0.159392 -0.415210
v -0.280652 0.120361 -0.466306
v -0.223166 0.148487 -0.468812
v -0.185790 0.197247 -0.486907
v -0.266027 0.105009 -0.538965
v -0.219197 0.122069 -0.549130
v -0.192246 0.164809 -0.554989
v -0.288772 0.133426 -0.610007
v -0.258849 0.151340 -0.622469
v -0.233436 0.178276 -0.622024
v -0.308826 0.206468 -0.646853
v -0.288145 0.222289 -0.641689
v -0.326151 0.191485 -0.633436
v -0.301061 0.187498 -0.573345
v -0.321658 0.206701 -0.597712
v 0.321658 0.206701 -0.597712
v 0.326151 0.191485 -0.633436
v 0.348835 0.266026 -0.608801
v 0.308826 0.206468 -0.646853
v 0.288145 0.222289 -0.641689
v 0.294294 0.228880 -0.603655
v 0.309235 0.221632 -0.592142
v 0.273393 0.209923 -0.579354
v 0.233436 0.178276 -0.622024
v 0.260311 0.211173 -0.549185
v 0.192246 0.164809 -0.554989
v 0.185790 0.197247 -0.486907
v 0.291110 0.204612 -0.572204
v 0.321658 0.206701 -0.597712
v 0.301061 0.187498 -0.573345
v 0.289096 0.208603 -0.548040
v 0.263329 0.232561 -0.520107
v 0.204732 0.245024 -0.438155
v 0.295302 0.222144 -0.526074
v 0.291447 0.287101 -0.488814
v 0.206930 0.274482 -0.389045
v 0.301506 0.335600 -0.415517
v 0.328477 0.271642 -0.494106
v 0.353192 0.322712 -0.417309
v 0.296832 0.181572 -0.541254
v 0.288772 0.133426 -0.610007
v 0.266027 0.105009 -0.538965
v 0.280652 0.120361 -0.466306
v 0.309242 0.195349 -0.510136
v 0.310384 0.159392 -0.415210
v 0.348264 0.241050 -0.476475
v 0.373970 0.276868 -0.399779
v 0.325507 0.178374 -0.363293
v 0.204732 0.245024 -0.438155
v 0.250600 0.207505 -0.374876
v 0.206930 0.274482 -0.389045
v 0.247514 0.191770 -0.419393
v 0.325507 0.178374 -0.363293
v 0.310384 0.159392 -0.415210
v 0.280652 0.120361 -0.466306
v 0.223166 0.148487 -0.468812
v 0.185790 0.197247 -0.486907
v 0.266027 0.105009 -0.538965
v 0.219197 0.122069 -0.549130
v 0.192246 0.164809 -0.554989
v 0.288772 0.133426 -0.610007
v 0.258849 0.151340 -0.622469
v 0.233436 0.178276 -0.622024
v 0.308826 0.206468 -0.646853
v 0.288145 0.222289 -0.641689
v 0.326151 0.191485 -0.633436
v 0.301061 0.187498 -0.573345
v 0.321658 0.206701 -0.597712
vt 0.191894531 0.732910156
vt 0.261962891 0.802734375
vt 0.261962891 0.732910156
vt 0.191894531 0.732910156
vt 0.261962891 0.802734375
vt 0.261962891 0.732910156
vt 0.191894531 0.732910156
vt 0.261962891 0.802734375
vt 0.261962891 0.732910156
vt 0.191894531 0.732910156
vt 0.261962891 0.802734375
vt 0.261962891 0.732910156
vt 0.191894531 0.732910156
vt 0.261962891 0.802734375
vt 0.261962891 0.732910156
vt 0.191894531 0.732910156
vt 0.261962891 0.802734375
vt 0.261962891 0.732910156
vt 0.191894531 0.732910156
vt 0.261962891 0.732910156
vt 0.261962891 0.802734375
vt 0.191894531 0.732910156
vt 0.261962891 0.732910156
vt 0.261962891 0.802734375
vt 0.191894531 0.732910156
vt 0.261962891 0.732910156
vt 0.261962891 0.802734375
vt 0.191894531 0.732910156
vt 0.261962891 0.732910156
vt 0.261962891 0.802734375
vt 0.191894531 0.732910156
vt 0.261962891 0.732910156
vt 0.261962891 0.802734375
vt 0.191894531 0.732910156
vt 0.261962891 0.732910156
vt 0.261962891 0.802734375
vt 0.0712890625 0.732910156
vt 0.0712890625 0.802734375
vt 0.106262207 0.802734375
vt 0.106262207 0.732910156
vt 0.226928711 0.732910156
vt 0.226928711 0.802734375
vt 0.261962891 0.802734375
vt 0.261962891 0.732910156
vt 0.0656738281 0.73046875
vt 0.0656738281 0.800292969
vt 0.100646973 0.800292969
vt 0.100646973 0.73046875
vt 0.0656738281 0.73046875
vt 0.0656738281 0.800292969
vt 0.100646973 0.800292969
vt 0.100646973 0.73046875
vt 0.030670166 0.765136719
vt 0.030670166 0.800292969
vt 0.100646973 0.800292969
vt 0.100646973 0.765136719
vt 0.0656738281 0.73046875
vt 0.0656738281 0.800292969
vt 0.100646973 0.800292969
vt 0.100646973 0.73046875
vt 0.0656738281 0.73046875
vt 0.0656738281 0.800292969
vt 0.100646973 0.800292969
vt 0.100646973 0.73046875
vt 0.226928711 0.732910156
vt 0.226928711 0.802734375
vt 0.261962891 0.802734375
vt 0.261962891 0.732910156
vt 0.030670166 0.765136719
vt 0.030670166 0.800292969
vt 0.100646973 0.800292969
vt 0.100646973 0.765136719
vt 0.0362548828 0.768066406
vt 0.0362548828 0.802734375
vt 0.106262207 0.802734375
vt 0.106262207 0.768066406
vt 0.191894531 0.768066406
vt 0.191894531 0.802734375
vt 0.261962891 0.802734375
vt 0.261962891 0.768066406
vt 0.030670166 0.765136719
vt 0.030670166 0.800292969
vt 0.100646973 0.800292969
vt 0.100646973 0.765136719
vt 0.030670166 0.765136719
vt 0.030670166 0.800292969
vt 0.100646973 0.800292969
vt 0.100646973 0.765136719
vt 0.0656738281 0.73046875
vt 0.0656738281 0.800292969
vt 0.100646973 0.800292969
vt 0.100646973 0.73046875
vt 0.030670166 0.765136719
vt 0.030670166 0.800292969
vt 0.100646973 0.800292969
vt 0.100646973 0.765136719
vt 0.030670166 0.765136719
vt 0.030670166 0.800292969
vt 0.100646973 0.800292969
vt 0.100646973 0.765136719
vt 0.191894531 0.768066406
vt 0.191894531 0.802734375
vt 0.261962891 0.802734375
vt 0.261962891 0.768066406
vt 0.0656738281 0.73046875
vt 0.0656738281 0.800292969
vt 0.100646973 0.800292969
vt 0.100646973 0.73046875
vt 0.226928711 0.732910156
vt 0.226928711 0.802734375
vt 0.261962891 0.802734375
vt 0.261962891 0.732910156
vt 0.226928711 0.732910156
vt 0.226928711 0.802734375
vt 0.261962891 0.802734375
vt 0.261962891 0.732910156
vt 0.0656738281 0.73046875
vt 0.0656738281 0.800292969
vt 0.100646973 0.800292969
vt 0.100646973 0.73046875
vt 0.226928711 0.732910156
vt 0.226928711 0.802734375
vt 0.261962891 0.802734375
vt 0.261962891 0.732910156
vt 0.226928711 0.732910156
vt 0.226928711 0.802734375
vt 0.261962891 0.802734375
vt 0.261962891 0.732910156
vt 0.0656738281 0.73046875
vt 0.0656738281 0.800292969
vt 0.100646973 0.800292969
vt 0.100646973 0.73046875
vt 0.226928711 0.732910156
vt 0.226928711 0.802734375
vt 0.261962891 0.802734375
vt 0.261962891 0.732910156
vt 0.0656738281 0.73046875
vt 0.0656738281 0.800292969
vt 0.100646973 0.800292969
vt 0.100646973 0.73046875
vt 0.0656738281 0.73046875
vt 0.0656738281 0.800292969
vt 0.100646973 0.800292969
vt 0.100646973 0.73046875
vt 0.226928711 0.732910156
vt 0.226928711 0.802734375
vt 0.261962891 0.802734375
vt 0.261962891 0.732910156
vt 0.0656738281 0.73046875
vt 0.0656738281 0.800292969
vt 0.100646973 0.800292969
vt 0.100646973 0.73046875
vt 0.261962891 0.802734375
vt 0.261962891 0.802734375
vt 0.261962891 0.732910156
vt 0.261962891 0.732910156
vt 0.226928711 0.732910156
vt 0.226928711 0.802734375
vt 0.261962891 0.802734375
vt 0.261962891 0.732910156
vt 0.0656738281 0.73046875
vt 0.0656738281 0.800292969
vt 0.100646973 0.800292969
vt 0.100646973 0.73046875
vt 0.226928711 0.732910156
vt 0.226928711 0.802734375
vt 0.261962891 0.802734375
vt 0.261962891 0.732910156
vt 0.0656738281 0.73046875
vt 0.0656738281 0.800292969
vt 0.100646973 0.800292969
vt 0.100646973 0.73046875
vt 0.0712890625 0.732910156
vt 0.0712890625 0.802734375
vt 0.106262207 0.802734375
vt 0.106262207 0.732910156
vt 0.226928711 0.732910156
vt 0.226928711 0.802734375
vt 0.261962891 0.802734375
vt 0.261962891 0.732910156
vt 0.0656738281 0.73046875
vt 0.0656738281 0.800292969
vt 0.100646973 0.800292969
vt 0.100646973 0.73046875
vt 0.0656738281 0.73046875
vt 0.0656738281 0.800292969
vt 0.100646973 0.800292969
vt 0.100646973 0.73046875
vt 0.226928711 0.732910156
vt 0.226928711 0.802734375
vt 0.261962891 0.802734375
vt 0.261962891 0.732910156
vt 0.0712890625 0.732910156
vt 0.0712890625 0.802734375
vt 0.106262207 0.802734375
vt 0.106262207 0.732910156
vt 0.0656738281 0.73046875
vt 0.0656738281 0.800292969
vt 0.100646973 0.800292969
vt 0.100646973 0.73046875
vt 0.226928711 0.732910156
vt 0.226928711 0.802734375
vt 0.261962891 0.802734375
vt 0.261962891 0.732910156
vt 0.0656738281 0.73046875
vt 0.0656738281 0.800292969
vt 0.100646973 0.800292969
vt 0.100646973 0.73046875
vt 0.226928711 0.732910156
vt 0.226928711 0.802734375
vt 0.261962891 0.802734375
vt 0.261962891 0.732910156
vt 0.261962891 0.802734375
vt 0.261962891 0.802734375
vt 0.261962891 0.732910156
vt 0.261962891 0.732910156
vt 0.0656738281 0.73046875
vt 0.0656738281 0.800292969
vt 0.100646973 0.800292969
vt 0.100646973 0.73046875
vt 0.226928711 0.732910156
vt 0.226928711 0.802734375
vt 0.261962891 0.802734375
vt 0.261962891 0.732910156
vt 0.0656738281 0.73046875
vt 0.0656738281 0.800292969
vt 0.100646973 0.800292969
vt 0.100646973 0.73046875
vt 0.0656738281 0.73046875
vt 0.0656738281 0.800292969
vt 0.100646973 0.800292969
vt 0.100646973 0.73046875
vt 0.226928711 0.732910156
vt 0.226928711 0.802734375
vt 0.261962891 0.802734375
vt 0.261962891 0.732910156
vt 0.0656738281 0.73046875
vt 0.0656738281 0.800292969
vt 0.100646973 0.800292969
vt 0.100646973 0.73046875
vt 0.226928711 0.732910156
vt 0.226928711 0.802734375
vt 0.261962891 0.802734375
vt 0.261962891 0.732910156
vt 0.226928711 0.732910156
vt 0.226928711 0.802734375
vt 0.261962891 0.802734375
vt 0.261962891 0.732910156
vt 0.0656738281 0.73046875
vt 0.0656738281 0.800292969
vt 0.100646973 0.800292969
vt 0.100646973 0.73046875
vt 0.226928711 0.732910156
vt 0.226928711 0.802734375
vt 0.261962891 0.802734375
vt 0.261962891 0.732910156
vt 0.226928711 0.732910156
vt 0.226928711 0.802734375
vt 0.261962891 0.802734375
vt 0.261962891 0.732910156
vt 0.030670166 0.73046875
vt 0.030670166 0.800292969
vt 0.0656738281 0.800292969
vt 0.0656738281 0.73046875
vt 0.191894531 0.732910156
vt 0.191894531 0.802734375
vt 0.226928711 0.802734375
vt 0.226928711 0.732910156
vt 0.191894531 0.732910156
vt 0.191894531 0.802734375
vt 0.226928711 0.802734375
vt 0.226928711 0.732910156
vt 0.030670166 0.73046875
vt 0.030670166 0.800292969
vt 0.0656738281 0.800292969
vt 0.0656738281 0.73046875
vt 0.030670166 0.73046875
vt 0.030670166 0.765136719
vt 0.100646973 0.765136719
vt 0.100646973 0.73046875
vt 0.030670166 0.73046875
vt 0.030670166 0.800292969
vt 0.0656738281 0.800292969
vt 0.0656738281 0.73046875
vt 0.191894531 0.732910156
vt 0.191894531 0.802734375
vt 0.226928711 0.802734375
vt 0.226928711 0.732910156
vt 0.030670166 0.73046875
vt 0.030670166 0.800292969
vt 0.0656738281 0.800292969
vt 0.0656738281 0.73046875
vt 0.030670166 0.73046875
vt 0.030670166 0.800292969
vt 0.0656738281 0.800292969
vt 0.0656738281 0.73046875
vt 0.191894531 0.732910156
vt 0.191894531 0.802734375
vt 0.226928711 0.802734375
vt 0.226928711 0.732910156
vt 0.191894531 0.732910156
vt 0.191894531 0.768066406
vt 0.261962891 0.768066406
vt 0.261962891 0.732910156
vt 0.191894531 0.732910156
vt 0.191894531 0.802734375
vt 0.226928711 0.802734375
vt 0.226928711 0.732910156
vt 0.030670166 0.73046875
vt 0.030670166 0.800292969
vt 0.0656738281 0.800292969
vt 0.0656738281 0.73046875
vt 0.191894531 0.732910156
vt 0.191894531 0.802734375
vt 0.226928711 0.802734375
vt 0.226928711 0.732910156
vt 0.191894531 0.732910156
vt 0.191894531 0.802734375
vt 0.226928711 0.802734375
vt 0.226928711 0.732910156
vt 0.030670166 0.73046875
vt 0.030670166 0.800292969
vt 0.0656738281 0.800292969
vt 0.0656738281 0.73046875
vt 0.191894531 0.732910156
vt 0.191894531 0.768066406
vt 0.261962891 0.768066406
vt 0.261962891 0.732910156
vt 0.191894531 0.732910156
vt 0.191894531 0.802734375
vt 0.226928711 0.802734375
vt 0.226928711 0.732910156
vt 0.191894531 0.732910156
vt 0.191894531 0.802734375
vt 0.226928711 0.802734375
vt 0.226928711 0.732910156
vt 0.030670166 0.73046875
vt 0.030670166 0.800292969
vt 0.0656738281 0.800292969
vt 0.0656738281 0.73046875
vt 0.030670166 0.73046875
vt 0.030670166 0.800292969
vt 0.0656738281 0.800292969
vt 0.0656738281 0.73046875
vt 0.191894531 0.732910156
vt 0.191894531 0.802734375
vt 0.226928711 0.802734375
vt 0.226928711 0.732910156
vt 0.191894531 0.732910156
vt 0.191894531 0.802734375
vt 0.226928711 0.802734375
vt 0.226928711 0.732910156
vt 0.191894531 0.732910156
vt 0.191894531 0.768066406
vt 0.261962891 0.768066406
vt 0.261962891 0.732910156
vt 0.030670166 0.73046875
vt 0.030670166 0.800292969
vt 0.0656738281 0.800292969
vt 0.0656738281 0.73046875
vt 0.191894531 0.732910156
vt 0.191894531 0.802734375
vt 0.226928711 0.802734375
vt 0.226928711 0.732910156
vt 0.191894531 0.732910156
vt 0.191894531 0.802734375
vt 0.226928711 0.802734375
vt 0.226928711 0.732910156
vt 0.030670166 0.73046875
vt 0.030670166 0.800292969
vt 0.0656738281 0.800292969
vt 0.0656738281 0.73046875
vt 0.191894531 0.732910156
vt 0.191894531 0.768066406
vt 0.261962891 0.768066406
vt 0.261962891 0.732910156
vt 0.191894531 0.732910156
vt 0.191894531 0.802734375
vt 0.226928711 0.802734375
vt 0.226928711 0.732910156
vt 0.030670166 0.73046875
vt 0.030670166 0.800292969
vt 0.0656738281 0.800292969
vt 0.0656738281 0.73046875
vt 0.191894531 0.732910156
vt 0.191894531 0.802734375
vt 0.226928711 0.802734375
vt 0.226928711 0.732910156
vt 0.191894531 0.732910156
vt 0.191894531 0.802734375
vt 0.226928711 0.802734375
vt 0.226928711 0.732910156
vt 0.030670166 0.73046875
vt 0.030670166 0.800292969
vt 0.0656738281 0.800292969
vt 0.0656738281 0.73046875
vt 0.191894531 0.732910156
vt 0.191894531 0.768066406
vt 0.261962891 0.768066406
vt 0.261962891 0.732910156
vt 0.191894531 0.732910156
vt 0.191894531 0.802734375
vt 0.226928711 0.802734375
vt 0.226928711 0.732910156
vt 0.030670166 0.73046875
vt 0.030670166 0.800292969
vt 0.0656738281 0.800292969
vt 0.0656738281 0.73046875
vt 0.191894531 0.732910156
vt 0.191894531 0.802734375
vt 0.226928711 0.802734375
vt 0.226928711 0.732910156
vt 0.191894531 0.732910156
vt 0.191894531 0.802734375
vt 0.226928711 0.802734375
vt 0.226928711 0.732910156
vt 0.030670166 0.73046875
vt 0.030670166 0.800292969
vt 0.0656738281 0.800292969
vt 0.0656738281 0.73046875
vt 0.030670166 0.73046875
vt 0.030670166 0.765136719
vt 0.100646973 0.765136719
vt 0.100646973 0.73046875
vt 0.030670166 0.73046875
vt 0.030670166 0.800292969
vt 0.0656738281 0.800292969
vt 0.0656738281 0.73046875
vt 0.030670166 0.73046875
vt 0.030670166 0.800292969
vt 0.0656738281 0.800292969
vt 0.0656738281 0.73046875
vt 0.191894531 0.732910156
vt 0.191894531 0.802734375
vt 0.226928711 0.802734375
vt 0.226928711 0.732910156
vt 0.191894531 0.732910156
vt 0.191894531 0.802734375
vt 0.226928711 0.802734375
vt 0.226928711 0.732910156
vt 0.030670166 0.73046875
vt 0.030670166 0.800292969
vt 0.0656738281 0.800292969
vt 0.0656738281 0.73046875
vt 0.191894531 0.732910156
vt 0.191894531 0.802734375
vt 0.226928711 0.802734375
vt 0.226928711 0.732910156
vt 0.191894531 0.732910156
vt 0.191894531 0.768066406
vt 0.261962891 0.768066406
vt 0.261962891 0.732910156
vt 0.191894531 0.732910156
vt 0.191894531 0.802734375
vt 0.261962891 0.802734375
vt 0.261962891 0.732910156
vt 0.191894531 0.732910156
vt 0.191894531 0.802734375
vt 0.261962891 0.802734375
vt 0.261962891 0.732910156
vt 0.191894531 0.802734375
vt 0.191894531 0.802734375
vt 0.261962891 0.802734375
vt 0.261962891 0.802734375
vt 0.191894531 0.732910156
vt 0.191894531 0.732910156
vt 0.191894531 0.802734375
vt 0.191894531 0.802734375
vt 0.191894531 0.732910156
vt 0.191894531 0.732910156
vt 0.191894531 0.802734375
vt 0.191894531 0.802734375
vt 0.261962891 0.802734375
vt 0.261962891 0.802734375
vt 0.261962891 0.732910156
vt 0.261962891 0.732910156
vt 0.0362548828 0.732910156
vt 0.0362548828 0.802734375
vt 0.0712890625 0.802734375
vt 0.0712890625 0.732910156
vt 0.191894531 0.732910156
vt 0.191894531 0.802734375
vt 0.226928711 0.802734375
vt 0.226928711 0.732910156
vt 0.191894531 0.732910156
vt 0.191894531 0.802734375
vt 0.226928711 0.802734375
vt 0.226928711 0.732910156
vt 0.0362548828 0.732910156
vt 0.0362548828 0.802734375
vt 0.0712890625 0.802734375
vt 0.0712890625 0.732910156
vt 0.191894531 0.732910156
vt 0.191894531 0.768066406
vt 0.261962891 0.768066406
vt 0.261962891 0.732910156
vt 0.191894531 0.732910156
vt 0.191894531 0.802734375
vt 0.226928711 0.802734375
vt 0.226928711 0.732910156
vt 0.0712890625 0.732910156
vt 0.106262207 0.732910156
vt 0.106262207 0.802734375
vt 0.0712890625 0.802734375
vt 0.226928711 0.732910156
vt 0.261962891 0.732910156
vt 0.261962891 0.802734375
vt 0.226928711 0.802734375
vt 0.0656738281 0.73046875
vt 0.100646973 0.73046875
vt 0.100646973 0.800292969
vt 0.0656738281 0.800292969
vt 0.0656738281 0.73046875
vt 0.100646973 0.73046875
vt 0.100646973 0.800292969
vt 0.0656738281 0.800292969
vt 0.030670166 0.765136719
vt 0.100646973 0.765136719
vt 0.100646973 0.800292969
vt 0.030670166 0.800292969
vt 0.0656738281 0.73046875
vt 0.100646973 0.73046875
vt 0.100646973 0.800292969
vt 0.0656738281 0.800292969
vt 0.0656738281 0.73046875
vt 0.100646973 0.73046875
vt 0.100646973 0.800292969
vt 0.0656738281 0.800292969
vt 0.226928711 0.732910156
vt 0.261962891 0.732910156
vt 0.261962891 0.802734375
vt 0.226928711 0.802734375
vt 0.030670166 0.765136719
vt 0.100646973 0.765136719
vt 0.100646973 0.800292969
vt 0.030670166 0.800292969
vt 0.0362548828 0.768066406
vt 0.106262207 0.768066406
vt 0.106262207 0.802734375
vt 0.0362548828 0.802734375
vt 0.191894531 0.768066406
vt 0.261962891 0.768066406
vt 0.261962891 0.802734375
vt 0.191894531 0.802734375
vt 0.030670166 0.765136719
vt 0.100646973 0.765136719
vt 0.100646973 0.800292969
vt 0.030670166 0.800292969
vt 0.030670166 0.765136719
vt 0.100646973 0.765136719
vt 0.100646973 0.800292969
vt 0.030670166 0.800292969
vt 0.0656738281 0.73046875
vt 0.100646973 0.73046875
vt 0.100646973 0.800292969
vt 0.0656738281 0.800292969
vt 0.030670166 0.765136719
vt 0.100646973 0.765136719
vt 0.100646973 0.800292969
vt 0.030670166 0.800292969
vt 0.030670166 0.765136719
vt 0.100646973 0.765136719
vt 0.100646973 0.800292969
vt 0.030670166 0.800292969
vt 0.191894531 0.768066406
vt 0.261962891 0.768066406
vt 0.261962891 0.802734375
vt 0.191894531 0.802734375
vt 0.0656738281 0.73046875
vt 0.100646973 0.73046875
vt 0.100646973 0.800292969
vt 0.0656738281 0.800292969
vt 0.226928711 0.732910156
vt 0.261962891 0.732910156
vt 0.261962891 0.802734375
vt 0.226928711 0.802734375
vt 0.226928711 0.732910156
vt 0.261962891 0.732910156
vt 0.261962891 0.802734375
vt 0.226928711 0.802734375
vt 0.0656738281 0.73046875
vt 0.100646973 0.73046875
vt 0.100646973 0.800292969
vt 0.0656738281 0.800292969
vt 0.226928711 0.732910156
vt 0.261962891 0.732910156
vt 0.261962891 0.802734375
vt 0.226928711 0.802734375
vt 0.226928711 0.732910156
vt 0.261962891 0.732910156
vt 0.261962891 0.802734375
vt 0.226928711 0.802734375
vt 0.0656738281 0.73046875
vt 0.100646973 0.73046875
vt 0.100646973 0.800292969
vt 0.0656738281 0.800292969
vt 0.226928711 0.732910156
vt 0.261962891 0.732910156
vt 0.261962891 0.802734375
vt 0.226928711 0.802734375
vt 0.0656738281 0.73046875
vt 0.100646973 0.73046875
vt 0.100646973 0.800292969
vt 0.0656738281 0.800292969
vt 0.0656738281 0.73046875
vt 0.100646973 0.73046875
vt 0.100646973 0.800292969
vt 0.0656738281 0.800292969
vt 0.226928711 0.732910156
vt 0.261962891 0.732910156
vt 0.261962891 0.802734375
vt 0.226928711 0.802734375
vt 0.0656738281 0.73046875
vt 0.100646973 0.73046875
vt 0.100646973 0.800292969
vt 0.0656738281 0.800292969
vt 0.261962891 0.802734375
vt 0.261962891 0.732910156
vt 0.261962891 0.732910156
vt 0.261962891 0.802734375
vt 0.226928711 0.732910156
vt 0.261962891 0.732910156
vt 0.261962891 0.802734375
vt 0.226928711 0.802734375
vt 0.0656738281 0.73046875
vt 0.100646973 0.73046875
vt 0.100646973 0.800292969
vt 0.0656738281 0.800292969
vt 0.226928711 0.732910156
vt 0.261962891 0.732910156
vt 0.261962891 0.802734375
vt 0.226928711 0.802734375
vt 0.0656738281 0.73046875
vt 0.100646973 0.73046875
vt 0.100646973 0.800292969
vt 0.0656738281 0.800292969
vt 0.0712890625 0.732910156
vt 0.106262207 0.732910156
vt 0.106262207 0.802734375
vt 0.0712890625 0.802734375
vt 0.226928711 0.732910156
vt 0.261962891 0.732910156
vt 0.261962891 0.802734375
vt 0.226928711 0.802734375
vt 0.0656738281 0.73046875
vt 0.100646973 0.73046875
vt 0.100646973 0.800292969
vt 0.0656738281 0.800292969
vt 0.0656738281 0.73046875
vt 0.100646973 0.73046875
vt 0.100646973 0.800292969
vt 0.0656738281 0.800292969
vt 0.226928711 0.732910156
vt 0.261962891 0.732910156
vt 0.261962891 0.802734375
vt 0.226928711 0.802734375
vt 0.0712890625 0.732910156
vt 0.106262207 0.732910156
vt 0.106262207 0.802734375
vt 0.0712890625 0.802734375
vt 0.0656738281 0.73046875
vt 0.100646973 0.73046875
vt 0.100646973 0.800292969
vt 0.0656738281 0.800292969
vt 0.226928711 0.732910156
vt 0.261962891 0.732910156
vt 0.261962891 0.802734375
vt 0.226928711 0.802734375
vt 0.0656738281 0.73046875
vt 0.100646973 0.73046875
vt 0.100646973 0.800292969
vt 0.0656738281 0.800292969
vt 0.226928711 0.732910156
vt 0.261962891 0.732910156
vt 0.261962891 0.802734375
vt 0.226928711 0.802734375
vt 0.261962891 0.802734375
vt 0.261962891 0.732910156
vt 0.261962891 0.732910156
vt 0.261962891 0.802734375
vt 0.0656738281 0.73046875
vt 0.100646973 0.73046875
vt 0.100646973 0.800292969
vt 0.0656738281 0.800292969
vt 0.226928711 0.732910156
vt 0.261962891 0.732910156
vt 0.261962891 0.802734375
vt 0.226928711 0.802734375
vt 0.0656738281 0.73046875
vt 0.100646973 0.73046875
vt 0.100646973 0.800292969
vt 0.0656738281 0.800292969
vt 0.0656738281 0.73046875
vt 0.100646973 0.73046875
vt 0.100646973 0.800292969
vt 0.0656738281 0.800292969
vt 0.226928711 0.732910156
vt 0.261962891 0.732910156
vt 0.261962891 0.802734375
vt 0.226928711 0.802734375
vt 0.0656738281 0.73046875
vt 0.100646973 0.73046875
vt 0.100646973 0.800292969
vt 0.0656738281 0.800292969
vt 0.226928711 0.732910156
vt 0.261962891 0.732910156
vt 0.261962891 0.802734375
vt 0.226928711 0.802734375
vt 0.226928711 0.732910156
vt 0.261962891 0.732910156
vt 0.261962891 0.802734375
vt 0.226928711 0.802734375
vt 0.0656738281 0.73046875
vt 0.100646973 0.73046875
vt 0.100646973 0.800292969
vt 0.0656738281 0.800292969
vt 0.226928711 0.732910156
vt 0.261962891 0.732910156
vt 0.261962891 0.802734375
vt 0.226928711 0.802734375
vt 0.226928711 0.732910156
vt 0.261962891 0.732910156
vt 0.261962891 0.802734375
vt 0.226928711 0.802734375
vt 0.030670166 0.73046875
vt 0.0656738281 0.73046875
vt 0.0656738281 0.800292969
vt 0.030670166 0.800292969
vt 0.191894531 0.732910156
vt 0.226928711 0.732910156
vt 0.226928711 0.802734375
vt 0.191894531 0.802734375
vt 0.191894531 0.732910156
vt 0.226928711 0.732910156
vt 0.226928711 0.802734375
vt 0.191894531 0.802734375
vt 0.030670166 0.73046875
vt 0.0656738281 0.73046875
vt 0.0656738281 0.800292969
vt 0.030670166 0.800292969
vt 0.030670166 0.73046875
vt 0.100646973 0.73046875
vt 0.100646973 0.765136719
vt 0.030670166 0.765136719
vt 0.030670166 0.73046875
vt 0.0656738281 0.73046875
vt 0.0656738281 0.800292969
vt 0.030670166 0.800292969
vt 0.191894531 0.732910156
vt 0.226928711 0.732910156
vt 0.226928711 0.802734375
vt 0.191894531 0.802734375
vt 0.030670166 0.73046875
vt 0.0656738281 0.73046875
vt 0.0656738281 0.800292969
vt 0.030670166 0.800292969
vt 0.030670166 0.73046875
vt 0.0656738281 0.73046875
vt 0.0656738281 0.800292969
vt 0.030670166 0.800292969
vt 0.191894531 0.732910156
vt 0.226928711 0.732910156
vt 0.226928711 0.802734375
vt 0.191894531 0.802734375
vt 0.191894531 0.732910156
vt 0.261962891 0.732910156
vt 0.261962891 0.768066406
vt 0.191894531 0.768066406
vt 0.191894531 0.732910156
vt 0.226928711 0.732910156
vt 0.226928711 0.802734375
vt 0.191894531 0.802734375
vt 0.030670166 0.73046875
vt 0.0656738281 0.73046875
vt 0.0656738281 0.800292969
vt 0.030670166 0.800292969
vt 0.191894531 0.732910156
vt 0.226928711 0.732910156
vt 0.226928711 0.802734375
vt 0.191894531 0.802734375
vt 0.191894531 0.732910156
vt 0.226928711 0.732910156
vt 0.226928711 0.802734375
vt 0.191894531 0.802734375
vt 0.030670166 0.73046875
vt 0.0656738281 0.73046875
vt 0.0656738281 0.800292969
vt 0.030670166 0.800292969
vt 0.191894531 0.732910156
vt 0.261962891 0.732910156
vt 0.261962891 0.768066406
vt 0.191894531 0.768066406
vt 0.191894531 0.732910156
vt 0.226928711 0.732910156
vt 0.226928711 0.802734375
vt 0.191894531 0.802734375
vt 0.191894531 0.732910156
vt 0.226928711 0.732910156
vt 0.226928711 0.802734375
vt 0.191894531 0.802734375
vt 0.030670166 0.73046875
vt 0.0656738281 0.73046875
vt 0.0656738281 0.800292969
vt 0.030670166 0.800292969
vt 0.030670166 0.73046875
vt 0.0656738281 0.73046875
vt 0.0656738281 0.800292969
vt 0.030670166 0.800292969
vt 0.191894531 0.732910156
vt 0.226928711 0.732910156
vt 0.226928711 0.802734375
vt 0.191894531 0.802734375
vt 0.191894531 0.732910156
vt 0.226928711 0.732910156
vt 0.226928711 0.802734375
vt 0.191894531 0.802734375
vt 0.191894531 0.732910156
vt 0.261962891 0.732910156
vt 0.261962891 0.768066406
vt 0.191894531 0.768066406
vt 0.030670166 0.73046875
vt 0.0656738281 0.73046875
vt 0.0656738281 0.800292969
vt 0.030670166 0.800292969
vt 0.191894531 0.732910156
vt 0.226928711 0.732910156
vt 0.226928711 0.802734375
vt 0.191894531 0.802734375
vt 0.191894531 0.732910156
vt 0.226928711 0.732910156
vt 0.226928711 0.802734375
vt 0.191894531 0.802734375
vt 0.030670166 0.73046875
vt 0.0656738281 0.73046875
vt 0.0656738281 0.800292969
vt 0.030670166 0.800292969
vt 0.191894531 0.732910156
vt 0.261962891 0.732910156
vt 0.261962891 0.768066406
vt 0.191894531 0.768066406
vt 0.191894531 0.732910156
vt 0.226928711 0.732910156
vt 0.226928711 0.802734375
vt 0.191894531 0.802734375
vt 0.030670166 0.73046875
vt 0.0656738281 0.73046875
vt 0.0656738281 0.800292969
vt 0.030670166 0.800292969
vt 0.191894531 0.732910156
vt 0.226928711 0.732910156
vt 0.226928711 0.802734375
vt 0.191894531 0.802734375
vt 0.191894531 0.732910156
vt 0.226928711 0.732910156
vt 0.226928711 0.802734375
vt 0.191894531 0.802734375
vt 0.030670166 0.73046875
vt 0.0656738281 0.73046875
vt 0.0656738281 0.800292969
vt 0.030670166 0.800292969
vt 0.191894531 0.732910156
vt 0.261962891 0.732910156
vt 0.261962891 0.768066406
vt 0.191894531 0.768066406
vt 0.191894531 0.732910156
vt 0.226928711 0.732910156
vt 0.226928711 0.802734375
vt 0.191894531 0.802734375
vt 0.030670166 0.73046875
vt 0.0656738281 0.73046875
vt 0.0656738281 0.800292969
vt 0.030670166 0.800292969
vt 0.191894531 0.732910156
vt 0.226928711 0.732910156
vt 0.226928711 0.802734375
vt 0.191894531 0.802734375
vt 0.191894531 0.732910156
vt 0.226928711 0.732910156
vt 0.226928711 0.802734375
vt 0.191894531 0.802734375
vt 0.030670166 0.73046875
vt 0.0656738281 0.73046875
vt 0.0656738281 0.800292969
vt 0.030670166 0.800292969
vt 0.030670166 0.73046875
vt 0.100646973 0.73046875
vt 0.100646973 0.765136719
vt 0.030670166 0.765136719
vt 0.030670166 0.73046875
vt 0.0656738281 0.73046875
vt 0.0656738281 0.800292969
vt 0.030670166 0.800292969
vt 0.030670166 0.73046875
vt 0.0656738281 0.73046875
vt 0.0656738281 0.800292969
vt 0.030670166 0.800292969
vt 0.191894531 0.732910156
vt 0.226928711 0.732910156
vt 0.226928711 0.802734375
vt 0.191894531 0.802734375
vt 0.191894531 0.732910156
vt 0.226928711 0.732910156
vt 0.226928711 0.802734375
vt 0.191894531 0.802734375
vt 0.030670166 0.73046875
vt 0.0656738281 0.73046875
vt 0.0656738281 0.800292969
vt 0.030670166 0.800292969
vt 0.191894531 0.732910156
vt 0.226928711 0.732910156
vt 0.226928711 0.802734375
vt 0.191894531 0.802734375
vt 0.191894531 0.732910156
vt 0.261962891 0.732910156
vt 0.261962891 0.768066406
vt 0.191894531 0.768066406
vt 0.191894531 0.732910156
vt 0.261962891 0.732910156
vt 0.261962891 0.802734375
vt 0.191894531 0.802734375
vt 0.191894531 0.732910156
vt 0.261962891 0.732910156
vt 0.261962891 0.802734375
vt 0.191894531 0.802734375
vt 0.191894531 0.802734375
vt 0.261962891 0.802734375
vt 0.261962891 0.802734375
vt 0.191894531 0.802734375
vt 0.191894531 0.732910156
vt 0.191894531 0.802734375
vt 0.191894531 0.802734375
vt 0.191894531 0.732910156
vt 0.191894531 0.732910156
vt 0.191894531 0.802734375
vt 0.191894531 0.802734375
vt 0.191894531 0.732910156
vt 0.261962891 0.802734375
vt 0.261962891 0.732910156
vt 0.261962891 0.732910156
vt 0.261962891 0.802734375
vt 0.0362548828 0.732910156
vt 0.0712890625 0.732910156
vt 0.0712890625 0.802734375
vt 0.0362548828 0.802734375
vt 0.191894531 0.732910156
vt 0.226928711 0.732910156
vt 0.226928711 0.802734375
vt 0.191894531 0.802734375
vt 0.191894531 0.732910156
vt 0.226928711 0.732910156
vt 0.226928711 0.802734375
vt 0.191894531 0.802734375
vt 0.0362548828 0.732910156
vt 0.0712890625 0.732910156
vt 0.0712890625 0.802734375
vt 0.0362548828 0.802734375
vt 0.191894531 0.732910156
vt 0.261962891 0.732910156
vt 0.261962891 0.768066406
vt 0.191894531 0.768066406
vt 0.191894531 0.732910156
vt 0.226928711 0.732910156
vt 0.226928711 0.802734375
vt 0.191894531 0.802734375
vt 0.24802205 0.779051661
vt 0.171146214 0.782660723
vt 0.132209718 0.804334283
vt 0.24802205 0.779051661
vt 0.132209718 0.804334283
vt 0.171146214 0.782660723
vt 0.132209718 0.804334283
vt 0.171146214 0.782660723
vt 0.0591387451 0.936916232
vt 0.202090085 0.978974283
vt 0.366173565 0.958173454
vt 0.353275746 0.819640398
vt 0.24802205 0.779051661
vt 0.408069581 0.760976195
vt 0.527417243 0.950893044
vt 0.484040618 0.662513256
vt 0.71131134 0.750601172
vt 0.849908233 0.494222492
vt 0.29369247 0.732536614
vt 0.132209718 0.804334283
vt 0.184549093 0.745499492
vt 0.317453295 0.647400141
vt 0.535386562 0.54436034
vt 0.897470355 0.28026247
vt 0.32632941 0.558427095
vt 0.553937733 0.380688459
vt 0.978974283 0.0873522758
vt 0.652678609 0.086043328
vt 0.301024258 0.394127786
vt 0.327280819 0.0786985457
vt 0.188992471 0.642085612
vt 0.08037588 0.919942379
vt 0.115255594 0.709332049
vt 0.0835499465 0.44116205
vt 0.164469481 0.518678486
vt 0.0439383686 0.221165985
vt 0.0949271023 0.348907471
vt 0.0672659874 0.0455105901
vt 0.0210257173 0.0210257173
vt 0.897470355 0.28026247
vt 0.978974283 0.0873522758
vt 0.525826335 0.0719944537
vt 0.492810518 0.238635302
vt 0.0210257173 0.0210257173
vt 0.0439383686 0.221165985
vt 0.0835499465 0.44116205
vt 0.489284158 0.453789234
vt 0.849908233 0.494222492
vt 0.115255594 0.709332049
vt 0.42718637 0.752141237
vt 0.71131134 0.750601172
vt 0.08037588 0.919942379
vt 0.301971972 0.962178707
vt 0.527417243 0.950893044
vt 0.202090085 0.978974283
vt 0.366173565 0.958173454
vt 0.0591387451 0.936916232
vt 0.184549093 0.745499492
vt 0.132209718 0.804334283
vt 0.132209718 0.804334283
vt 0.0591387451 0.936916232
vt 0.171146214 0.782660723
vt 0.202090085 0.978974283
vt 0.366173565 0.958173454
vt 0.353275746 0.819640398
vt 0.24802205 0.779051661
vt 0.408069581 0.760976195
vt 0.527417243 0.950893044
vt 0.484040618 0.662513256
vt 0.71131134 0.750601172
vt 0.849908233 0.494222492
vt 0.29369247 0.732536614
vt 0.132209718 0.804334283
vt 0.184549093 0.745499492
vt 0.317453295 0.647400141
vt 0.535386562 0.54436034
vt 0.897470355 0.28026247
vt 0.32632941 0.558427095
vt 0.553937733 0.380688459
vt 0.978974283 0.0873522758
vt 0.652678609 0.086043328
vt 0.301024258 0.394127786
vt 0.327280819 0.0786985457
vt 0.188992471 0.642085612
vt 0.08037588 0.919942379
vt 0.115255594 0.709332049
vt 0.0835499465 0.44116205
vt 0.164469481 0.518678486
vt 0.0439383686 0.221165985
vt 0.0949271023 0.348907471
vt 0.0672659874 0.0455105901
vt 0.0210257173 0.0210257173
vt 0.897470355 0.28026247
vt 0.525826335 0.0719944537
vt 0.978974283 0.0873522758
vt 0.492810518 0.238635302
vt 0.0210257173 0.0210257173
vt 0.0439383686 0.221165985
vt 0.0835499465 0.44116205
vt 0.489284158 0.453789234
vt 0.849908233 0.494222492
vt 0.115255594 0.709332049
vt 0.42718637 0.752141237
vt 0.71131134 0.750601172
vt 0.08037588 0.919942379
vt 0.301971972 0.962178707
vt 0.527417243 0.950893044
vt 0.202090085 0.978974283
vt 0.366173565 0.958173454
vt 0.0591387451 0.936916232
vt 0.184549093 0.745499492
vt 0.132209718 0.804334283
vn -0.894364 -0.359796 0.265819
vn -0.894364 -0.359796 0.265819
vn -0.894364 -0.359796 0.265819
vn 0.565412 0.823216 -0.051237
vn 0.565412 0.823216 -0.051237
vn 0.565412 0.823216 -0.051237
vn 0.313220 0.565895 0.762664
vn 0.313220 0.565895 0.762664
vn 0.313220 0.565895 0.762664
vn -0.642007 0.057366 -0.764550
vn -0.642007 0.057366 -0.764550
vn -0.642007 0.057366 -0.764550
vn -0.138064 0.465828 -0.874038
vn -0.138064 0.465828 -0.874038
vn -0.138064 0.465828 -0.874038
vn -0.398104 -0.010923 0.917275
vn -0.398104 -0.010923 0.917275
vn -0.398104 -0.010923 0.917275
vn 0.894364 -0.359796 0.265819
vn 0.894364 -0.359796 0.265819
vn 0.894364 -0.359796 0.265819
vn -0.565412 0.823216 -0.051237
vn -0.565412 0.823216 -0.051237
vn -0.565412 0.823216 -0.051237
vn -0.313220 0.565895 0.762664
vn -0.313220 0.565895 0.762664
vn -0.313220 0.565895 0.762664
vn 0.642007 0.057366 -0.764550
vn 0.642007 0.057366 -0.764550
vn 0.642007 0.057366 -0.764550
vn 0.138064 0.465828 -0.874038
vn 0.138064 0.465828 -0.874038
vn 0.138064 0.465828 -0.874038
vn 0.398104 -0.010923 0.917275
vn 0.398104 -0.010923 0.917275
vn 0.398104 -0.010923 0.917275
vn -0.849416 -0.525759 0.045491
vn -0.849416 -0.525759 0.045491
vn -0.849416 -0.525759 0.045491
vn -0.849416 -0.525759 0.045491
vn -0.865588 -0.477953 0.149391
vn -0.865588 -0.477953 0.149391
vn -0.865588 -0.477953 0.149391
vn -0.865588 -0.477953 0.149391
vn -0.890783 -0.443194 0.100421
vn -0.890783 -0.443194 0.100421
vn -0.890783 -0.443194 0.100421
vn -0.890783 -0.443194 0.100421
vn -0.901066 -0.430998 0.048167
vn -0.901066 -0.430998 0.048167
vn -0.901066 -0.430998 0.048167
vn -0.901066 -0.430998 0.048167
vn -0.887699 -0.457033 -0.055786
vn -0.887699 -0.457033 -0.055786
vn -0.887699 -0.457033 -0.055786
vn -0.887699 -0.457033 -0.055786
vn -0.851848 -0.500369 -0.154870
vn -0.851848 -0.500369 -0.154870
vn -0.851848 -0.500369 -0.154870
vn -0.851848 -0.500369 -0.154870
vn -0.914909 -0.394475 -0.085620
vn -0.914909 -0.394475 -0.085620
vn -0.914909 -0.394475 -0.085620
vn -0.914909 -0.394475 -0.085620
vn -0.924528 -0.343096 0.165932
vn -0.924528 -0.343096 0.165932
vn -0.924528 -0.343096 0.165932
vn -0.924528 -0.343096 0.165932
vn -0.841817 -0.422862 0.335457
vn -0.841817 -0.422862 0.335457
vn -0.841817 -0.422862 0.335457
vn -0.841817 -0.422862 0.335457
vn 0.659289 0.696893 -0.282273
vn 0.659289 0.696893 -0.282273
vn 0.659289 0.696893 -0.282273
vn 0.659289 0.696893 -0.282273
vn 0.643140 0.744715 -0.178243
vn 0.643140 0.744715 -0.178243
vn 0.643140 0.744715 -0.178243
vn 0.643140 0.744715 -0.178243
vn 0.601988 0.766521 -0.223731
vn 0.601988 0.766521 -0.223731
vn 0.601988 0.766521 -0.223731
vn 0.601988 0.766521 -0.223731
vn 0.578583 0.768515 -0.273179
vn 0.578583 0.768515 -0.273179
vn 0.578583 0.768515 -0.273179
vn 0.578583 0.768515 -0.273179
vn 0.574805 0.728152 -0.373355
vn 0.574805 0.728152 -0.373355
vn 0.574805 0.728152 -0.373355
vn 0.574805 0.728152 -0.373355
vn 0.584520 0.663628 -0.466835
vn 0.584520 0.663628 -0.466835
vn 0.584520 0.663628 -0.466835
vn 0.584520 0.663628 -0.466835
vn 0.512273 0.762305 -0.395559
vn 0.512273 0.762305 -0.395559
vn 0.512273 0.762305 -0.395559
vn 0.512273 0.762305 -0.395559
vn 0.529363 0.835066 -0.149799
vn 0.529363 0.835066 -0.149799
vn 0.529363 0.835066 -0.149799
vn 0.529363 0.835066 -0.149799
vn 0.633752 0.773392 0.014945
vn 0.633752 0.773392 0.014945
vn 0.633752 0.773392 0.014945
vn 0.633752 0.773392 0.014945
vn 0.817904 -0.568382 -0.089298
vn 0.817904 -0.568382 -0.089298
vn 0.817904 -0.568382 -0.089298
vn 0.817904 -0.568382 -0.089298
vn 0.655282 -0.548347 -0.519538
vn 0.655282 -0.548347 -0.519538
vn 0.655282 -0.548347 -0.519538
vn 0.655282 -0.548347 -0.519538
vn -0.303968 0.941933 0.142706
vn -0.303968 0.941933 0.142706
vn -0.303968 0.941933 0.142706
vn -0.303968 0.941933 0.142706
vn 0.829085 -0.518056 0.210323
vn 0.829085 -0.518056 0.210323
vn 0.829085 -0.518056 0.210323
vn 0.829085 -0.518056 0.210323
vn 0.245826 -0.120289 -0.961821
vn 0.245826 -0.120289 -0.961821
vn 0.245826 -0.120289 -0.961821
vn 0.245826 -0.120289 -0.961821
vn -0.279513 0.935941 -0.214212
vn -0.279513 0.935941 -0.214212
vn -0.279513 0.935941 -0.214212
vn -0.279513 0.935941 -0.214212
vn 0.697814 -0.310329 0.645563
vn 0.697814 -0.310329 0.645563
vn 0.697814 -0.310329 0.645563
vn 0.697814 -0.310329 0.645563
vn -0.187597 0.807999 -0.558520
vn -0.187597 0.807999 -0.558520
vn -0.187597 0.807999 -0.558520
vn -0.187597 0.807999 -0.558520
vn -0.166870 0.841306 -0.514158
vn -0.166870 0.841306 -0.514158
vn -0.166870 0.841306 -0.514158
vn -0.166870 0.841306 -0.514158
vn 0.500454 -0.430879 -0.750925
vn 0.500454 -0.430879 -0.750925
vn 0.500454 -0.430879 -0.750925
vn 0.500454 -0.430879 -0.750925
vn -0.084654 0.516593 -0.852036
vn -0.084654 0.516593 -0.852036
vn -0.084654 0.516593 -0.852036
vn -0.084654 0.516593 -0.852036
vn 0.074719 -0.076062 0.994300
vn 0.074719 -0.076062 0.994300
vn 0.074719 -0.076062 0.994300
vn 0.074719 -0.076062 0.994300
vn 0.803822 -0.495674 0.328903
vn 0.803822 -0.495674 0.328903
vn 0.803822 -0.495674 0.328903
vn 0.803822 -0.495674 0.328903
vn -0.223348 0.828464 0.513579
vn -0.223348 0.828464 0.513579
vn -0.223348 0.828464 0.513579
vn -0.223348 0.828464 0.513579
vn 0.262660 -0.205538 -0.942743
vn 0.262660 -0.205538 -0.942743
vn 0.262660 -0.205538 -0.942743
vn 0.262660 -0.205538 -0.942743
vn 0.055242 0.744703 0.665105
vn 0.055242 0.744703 0.665105
vn 0.055242 0.744703 0.665105
vn 0.055242 0.744703 0.665105
vn -0.091191 0.646027 0.757848
vn -0.091191 0.646027 0.757848
vn -0.091191 0.646027 0.757848
vn -0.091191 0.646027 0.757848
vn 0.696922 -0.555780 -0.453219
vn 0.696922 -0.555780 -0.453219
vn 0.696922 -0.555780 -0.453219
vn 0.696922 -0.555780 -0.453219
vn -0.101692 0.993235 0.056065
vn -0.101692 0.993235 0.056065
vn -0.101692 0.993235 0.056065
vn -0.101692 0.993235 0.056065
vn -0.912939 0.335639 0.232140
vn -0.912939 0.335639 0.232140
vn -0.912939 0.335639 0.232140
vn -0.912939 0.335639 0.232140
vn 0.292254 -0.883842 -0.365256
vn 0.292254 -0.883842 -0.365256
vn 0.292254 -0.883842 -0.365256
vn 0.292254 -0.883842 -0.365256
vn -0.405484 0.391325 0.826104
vn -0.405484 0.391325 0.826104
vn -0.405484 0.391325 0.826104
vn -0.405484 0.391325 0.826104
vn -0.548306 0.255355 0.796338
vn -0.548306 0.255355 0.796338
vn -0.548306 0.255355 0.796338
vn -0.548306 0.255355 0.796338
vn -0.090381 -0.491635 -0.866098
vn -0.090381 -0.491635 -0.866098
vn -0.090381 -0.491635 -0.866098
vn -0.090381 -0.491635 -0.866098
vn -0.618638 0.508289 0.599107
vn -0.618638 0.508289 0.599107
vn -0.618638 0.508289 0.599107
vn -0.618638 0.508289 0.599107
vn 0.415834 -0.810180 0.413148
vn 0.415834 -0.810180 0.413148
vn 0.415834 -0.810180 0.413148
vn 0.415834 -0.810180 0.413148
vn 0.312811 0.116969 0.942585
vn 0.312811 0.116969 0.942585
vn 0.312811 0.116969 0.942585
vn 0.312811 0.116969 0.942585
vn -0.693864 0.022843 -0.719744
vn -0.693864 0.022843 -0.719744
vn -0.693864 0.022843 -0.719744
vn -0.693864 0.022843 -0.719744
vn 0.131573 -0.729874 -0.670800
vn 0.131573 -0.729874 -0.670800
vn 0.131573 -0.729874 -0.670800
vn 0.131573 -0.729874 -0.670800
vn -0.902357 0.245121 -0.354497
vn -0.902357 0.245121 -0.354497
vn -0.902357 0.245121 -0.354497
vn -0.902357 0.245121 -0.354497
vn -0.878403 0.248165 -0.408440
vn -0.878403 0.248165 -0.408440
vn -0.878403 0.248165 -0.408440
vn -0.878403 0.248165 -0.408440
vn 0.338591 -0.601506 0.723565
vn 0.338591 -0.601506 0.723565
vn 0.338591 -0.601506 0.723565
vn 0.338591 -0.601506 0.723565
vn -0.896371 0.435980 -0.080251
vn -0.896371 0.435980 -0.080251
vn -0.896371 0.435980 -0.080251
vn -0.896371 0.435980 -0.080251
vn -0.173358 -0.460254 -0.870697
vn -0.173358 -0.460254 -0.870697
vn -0.173358 -0.460254 -0.870697
vn -0.173358 -0.460254 -0.870697
vn 0.402594 -0.863782 0.302983
vn 0.402594 -0.863782 0.302983
vn 0.402594 -0.863782 0.302983
vn 0.402594 -0.863782 0.302983
vn -0.806843 0.534314 0.252016
vn -0.806843 0.534314 0.252016
vn -0.806843 0.534314 0.252016
vn -0.806843 0.534314 0.252016
vn 0.275688 -0.856121 -0.437096
vn 0.275688 -0.856121 -0.437096
vn 0.275688 -0.856121 -0.437096
vn 0.275688 -0.856121 -0.437096
vn 0.375923 -0.926627 0.006686
vn 0.375923 -0.926627 0.006686
vn 0.375923 -0.926627 0.006686
vn 0.375923 -0.926627 0.006686
vn 0.145860 -0.722587 -0.675717
vn 0.145860 -0.722587 -0.675717
vn 0.145860 -0.722587 -0.675717
vn 0.145860 -0.722587 -0.675717
vn -0.639567 0.483581 0.597581
vn -0.639567 0.483581 0.597581
vn -0.639567 0.483581 0.597581
vn -0.639567 0.483581 0.597581
vn -0.196615 0.842602 0.501363
vn -0.196615 0.842602 0.501363
vn -0.196615 0.842602 0.501363
vn -0.196615 0.842602 0.501363
vn 0.489911 -0.443776 -0.750367
vn 0.489911 -0.443776 -0.750367
vn 0.489911 -0.443776 -0.750367
vn 0.489911 -0.443776 -0.750367
vn 0.649336 0.737217 -0.186745
vn 0.649336 0.737217 -0.186745
vn 0.649336 0.737217 -0.186745
vn 0.649336 0.737217 -0.186745
vn -0.861741 -0.487262 0.141345
vn -0.861741 -0.487262 0.141345
vn -0.861741 -0.487262 0.141345
vn -0.861741 -0.487262 0.141345
vn -0.826035 0.503823 0.252644
vn -0.826035 0.503823 0.252644
vn -0.826035 0.503823 0.252644
vn -0.826035 0.503823 0.252644
vn 0.304494 -0.878563 -0.367981
vn 0.304494 -0.878563 -0.367981
vn 0.304494 -0.878563 -0.367981
vn 0.304494 -0.878563 -0.367981
vn 0.689027 -0.566946 -0.451457
vn 0.689027 -0.566946 -0.451457
vn 0.689027 -0.566946 -0.451457
vn 0.689027 -0.566946 -0.451457
vn -0.271304 0.953350 0.132355
vn -0.271304 0.953350 0.132355
vn -0.271304 0.953350 0.132355
vn -0.271304 0.953350 0.132355
vn 0.596339 0.771676 -0.221124
vn 0.596339 0.771676 -0.221124
vn 0.596339 0.771676 -0.221124
vn 0.596339 0.771676 -0.221124
vn -0.893963 -0.436240 0.102591
vn -0.893963 -0.436240 0.102591
vn -0.893963 -0.436240 0.102591
vn -0.893963 -0.436240 0.102591
vn 0.391291 -0.920254 0.004924
vn 0.391291 -0.920254 0.004924
vn 0.391291 -0.920254 0.004924
vn 0.391291 -0.920254 0.004924
vn -0.908590 0.410843 -0.075309
vn -0.908590 0.410843 -0.075309
vn -0.908590 0.410843 -0.075309
vn -0.908590 0.410843 -0.075309
vn -0.252193 0.942855 -0.217770
vn -0.252193 0.942855 -0.217770
vn -0.252193 0.942855 -0.217770
vn -0.252193 0.942855 -0.217770
vn 0.808623 -0.582052 -0.085696
vn 0.808623 -0.582052 -0.085696
vn 0.808623 -0.582052 -0.085696
vn 0.808623 -0.582052 -0.085696
vn 0.576631 0.769980 -0.273179
vn 0.576631 0.769980 -0.273179
vn 0.576631 0.769980 -0.273179
vn 0.576631 0.769980 -0.273179
vn -0.902201 -0.428643 0.047936
vn -0.902201 -0.428643 0.047936
vn -0.902201 -0.428643 0.047936
vn -0.902201 -0.428643 0.047936
vn -0.865180 0.274885 -0.419407
vn -0.865180 0.274885 -0.419407
vn -0.865180 0.274885 -0.419407
vn -0.865180 0.274885 -0.419407
vn 0.389728 -0.822922 0.413414
vn 0.389728 -0.822922 0.413414
vn 0.389728 -0.822922 0.413414
vn 0.389728 -0.822922 0.413414
vn 0.820411 -0.473934 0.319863
vn 0.820411 -0.473934 0.319863
vn 0.820411 -0.473934 0.319863
vn 0.820411 -0.473934 0.319863
vn -0.218122 0.799254 -0.560015
vn -0.218122 0.799254 -0.560015
vn -0.218122 0.799254 -0.560015
vn -0.218122 0.799254 -0.560015
vn 0.573585 0.728819 -0.373929
vn 0.573585 0.728819 -0.373929
vn 0.573585 0.728819 -0.373929
vn 0.573585 0.728819 -0.373929
vn -0.888164 -0.456045 -0.056456
vn -0.888164 -0.456045 -0.056456
vn -0.888164 -0.456045 -0.056456
vn -0.888164 -0.456045 -0.056456
vn 0.350643 -0.594335 0.723751
vn 0.350643 -0.594335 0.723751
vn 0.350643 -0.594335 0.723751
vn 0.350643 -0.594335 0.723751
vn -0.712936 -0.004330 -0.701216
vn -0.712936 -0.004330 -0.701216
vn -0.712936 -0.004330 -0.701216
vn -0.712936 -0.004330 -0.701216
vn -0.050836 0.532163 -0.845114
vn -0.050836 0.532163 -0.845114
vn -0.050836 0.532163 -0.845114
vn -0.050836 0.532163 -0.845114
vn 0.688922 -0.320048 0.650350
vn 0.688922 -0.320048 0.650350
vn 0.688922 -0.320048 0.650350
vn 0.688922 -0.320048 0.650350
vn 0.555247 0.670007 -0.492739
vn 0.555247 0.670007 -0.492739
vn 0.555247 0.670007 -0.492739
vn 0.555247 0.670007 -0.492739
vn -0.859447 -0.476358 -0.185562
vn -0.859447 -0.476358 -0.185562
vn -0.859447 -0.476358 -0.185562
vn -0.859447 -0.476358 -0.185562
vn 0.424109 -0.853590 0.302516
vn 0.424109 -0.853590 0.302516
vn 0.424109 -0.853590 0.302516
vn 0.424109 -0.853590 0.302516
vn -0.916124 0.210230 -0.341349
vn -0.916124 0.210230 -0.341349
vn -0.916124 0.210230 -0.341349
vn -0.916124 0.210230 -0.341349
vn -0.127915 0.849024 -0.512637
vn -0.127915 0.849024 -0.512637
vn -0.127915 0.849024 -0.512637
vn -0.127915 0.849024 -0.512637
vn 0.815559 -0.536218 0.217564
vn 0.815559 -0.536218 0.217564
vn 0.815559 -0.536218 0.217564
vn 0.815559 -0.536218 0.217564
vn 0.501014 0.768124 -0.398711
vn 0.501014 0.768124 -0.398711
vn 0.501014 0.768124 -0.398711
vn 0.501014 0.768124 -0.398711
vn -0.919334 -0.383015 -0.090139
vn -0.919334 -0.383015 -0.090139
vn -0.919334 -0.383015 -0.090139
vn -0.919334 -0.383015 -0.090139
vn 0.235563 -0.873415 -0.426211
vn 0.235563 -0.873415 -0.426211
vn 0.235563 -0.873415 -0.426211
vn 0.235563 -0.873415 -0.426211
vn -0.882960 0.407295 0.233437
vn -0.882960 0.407295 0.233437
vn -0.882960 0.407295 0.233437
vn -0.882960 0.407295 0.233437
vn -0.174440 0.981456 0.079469
vn -0.174440 0.981456 0.079469
vn -0.174440 0.981456 0.079469
vn -0.174440 0.981456 0.079469
vn 0.681220 -0.512258 -0.523001
vn 0.681220 -0.512258 -0.523001
vn 0.681220 -0.512258 -0.523001
vn 0.681220 -0.512258 -0.523001
vn 0.542931 0.824649 -0.158680
vn 0.542931 0.824649 -0.158680
vn 0.542931 0.824649 -0.158680
vn 0.542931 0.824649 -0.158680
vn -0.919078 -0.360648 0.158836
vn -0.919078 -0.360648 0.158836
vn -0.919078 -0.360648 0.158836
vn -0.919078 -0.360648 0.158836
vn -0.126475 -0.432650 -0.892647
vn -0.126475 -0.432650 -0.892647
vn -0.126475 -0.432650 -0.892647
vn -0.126475 -0.432650 -0.892647
vn -0.571715 0.225073 0.788977
vn -0.571715 0.225073 0.788977
vn -0.571715 0.225073 0.788977
vn -0.571715 0.225073 0.788977
vn 0.086221 0.758596 0.645832
vn 0.086221 0.758596 0.645832
vn 0.086221 0.758596 0.645832
vn 0.086221 0.758596 0.645832
vn 0.205936 -0.163211 -0.964859
vn 0.205936 -0.163211 -0.964859
vn 0.205936 -0.163211 -0.964859
vn 0.205936 -0.163211 -0.964859
vn 0.639699 0.768615 -0.003960
vn 0.639699 0.768615 -0.003960
vn 0.639699 0.768615 -0.003960
vn 0.639699 0.768615 -0.003960
vn -0.843139 -0.433531 0.318069
vn -0.843139 -0.433531 0.318069
vn -0.843139 -0.433531 0.318069
vn -0.843139 -0.433531 0.318069
vn 0.604018 -0.670426 0.430918
vn 0.604018 -0.670426 0.430918
vn 0.604018 -0.670426 0.430918
vn 0.604018 -0.670426 0.430918
vn 0.642569 -0.639151 0.422601
vn 0.642569 -0.639151 0.422601
vn 0.642569 -0.639151 0.422601
vn 0.642569 -0.639151 0.422601
vn 0.986126 0.163175 0.030496
vn 0.986126 0.163175 0.030496
vn 0.986126 0.163175 0.030496
vn 0.986126 0.163175 0.030496
vn 0.318781 -0.810377 -0.491596
vn 0.318781 -0.810377 -0.491596
vn 0.318781 -0.810377 -0.491596
vn 0.318781 -0.810377 -0.491596
vn 0.590389 -0.590389 -0.550346
vn 0.590389 -0.590389 -0.550346
vn 0.590389 -0.590389 -0.550346
vn 0.590389 -0.590389 -0.550346
vn -0.318561 -0.894411 0.313923
vn -0.318561 -0.894411 0.313923
vn -0.318561 -0.894411 0.313923
vn -0.318561 -0.894411 0.313923
vn -0.084028 -0.487693 -0.868962
vn -0.084028 -0.487693 -0.868962
vn -0.084028 -0.487693 -0.868962
vn -0.084028 -0.487693 -0.868962
vn -0.429512 0.370909 0.823374
vn -0.429512 0.370909 0.823374
vn -0.429512 0.370909 0.823374
vn -0.429512 0.370909 0.823374
vn -0.068292 0.663510 0.745045
vn -0.068292 0.663510 0.745045
vn -0.068292 0.663510 0.745045
vn -0.068292 0.663510 0.745045
vn 0.257113 -0.211331 -0.942991
vn 0.257113 -0.211331 -0.942991
vn 0.257113 -0.211331 -0.942991
vn 0.257113 -0.211331 -0.942991
vn 0.650817 0.721123 -0.237526
vn 0.650817 0.721123 -0.237526
vn 0.650817 0.721123 -0.237526
vn 0.650817 0.721123 -0.237526
vn -0.859311 -0.503381 0.090508
vn -0.859311 -0.503381 0.090508
vn -0.859311 -0.503381 0.090508
vn -0.859311 -0.503381 0.090508
vn 0.849416 -0.525759 0.045491
vn 0.849416 -0.525759 0.045491
vn 0.849416 -0.525759 0.045491
vn 0.849416 -0.525759 0.045491
vn 0.865588 -0.477953 0.149391
vn 0.865588 -0.477953 0.149391
vn 0.865588 -0.477953 0.149391
vn 0.865588 -0.477953 0.149391
vn 0.890783 -0.443194 0.100421
vn 0.890783 -0.443194 0.100421
vn 0.890783 -0.443194 0.100421
vn 0.890783 -0.443194 0.100421
vn 0.901066 -0.430998 0.048167
vn 0.901066 -0.430998 0.048167
vn 0.901066 -0.430998 0.048167
vn 0.901066 -0.430998 0.048167
vn 0.887699 -0.457033 -0.055786
vn 0.887699 -0.457033 -0.055786
vn 0.887699 -0.457033 -0.055786
vn 0.887699 -0.457033 -0.055786
vn 0.851848 -0.500369 -0.154870
vn 0.851848 -0.500369 -0.154870
vn 0.851848 -0.500369 -0.154870
vn 0.851848 -0.500369 -0.154870
vn 0.914909 -0.394475 -0.085620
vn 0.914909 -0.394475 -0.085620
vn 0.914909 -0.394475 -0.085620
vn 0.914909 -0.394475 -0.085620
vn 0.924528 -0.343096 0.165932
vn 0.924528 -0.343096 0.165932
vn 0.924528 -0.343096 0.165932
vn 0.924528 -0.343096 0.165932
vn 0.841817 -0.422862 0.335457
vn 0.841817 -0.422862 0.335457
vn 0.841817 -0.422862 0.335457
vn 0.841817 -0.422862 0.335457
vn -0.659289 0.696893 -0.282273
vn -0.659289 0.696893 -0.282273
vn -0.659289 0.696893 -0.282273
vn -0.659289 0.696893 -0.282273
vn -0.643140 0.744715 -0.178243
vn -0.643140 0.744715 -0.178243
vn -0.643140 0.744715 -0.178243
vn -0.643140 0.744715 -0.178243
vn -0.601988 0.766521 -0.223731
vn -0.601988 0.766521 -0.223731
vn -0.601988 0.766521 -0.223731
vn -0.601988 0.766521 -0.223731
vn -0.578583 0.768515 -0.273179
vn -0.578583 0.768515 -0.273179
vn -0.578583 0.768515 -0.273179
vn -0.578583 0.768515 -0.273179
vn -0.574805 0.728152 -0.373355
vn -0.574805 0.728152 -0.373355
vn -0.574805 0.728152 -0.373355
vn -0.574805 0.728152 -0.373355
vn -0.584520 0.663628 -0.466835
vn -0.584520 0.663628 -0.466835
vn -0.584520 0.663628 -0.466835
vn -0.584520 0.663628 -0.466835
vn -0.512273 0.762305 -0.395559
vn -0.512273 0.762305 -0.395559
vn -0.512273 0.762305 -0.395559
vn -0.512273 0.762305 -0.395559
vn -0.529363 0.835066 -0.149799
vn -0.529363 0.835066 -0.149799
vn -0.529363 0.835066 -0.149799
vn -0.529363 0.835066 -0.149799
vn -0.633752 0.773392 0.014945
vn -0.633752 0.773392 0.014945
vn -0.633752 0.773392 0.014945
vn -0.633752 0.773392 0.014945
vn -0.817904 -0.568382 -0.089298
vn -0.817904 -0.568382 -0.089298
vn -0.817904 -0.568382 -0.089298
vn -0.817904 -0.568382 -0.089298
vn -0.655282 -0.548347 -0.519538
vn -0.655282 -0.548347 -0.519538
vn -0.655282 -0.548347 -0.519538
vn -0.655282 -0.548347 -0.519538
vn 0.303968 0.941933 0.142706
vn 0.303968 0.941933 0.142706
vn 0.303968 0.941933 0.142706
vn 0.303968 0.941933 0.142706
vn -0.829085 -0.518056 0.210323
vn -0.829085 -0.518056 0.210323
vn -0.829085 -0.518056 0.210323
vn -0.829085 -0.518056 0.210323
vn -0.245826 -0.120289 -0.961821
vn -0.245826 -0.120289 -0.961821
vn -0.245826 -0.120289 -0.961821
vn -0.245826 -0.120289 -0.961821
vn 0.279513 0.935941 -0.214212
vn 0.279513 0.935941 -0.214212
vn 0.279513 0.935941 -0.214212
vn 0.279513 0.935941 -0.214212
vn -0.697814 -0.310329 0.645563
vn -0.697814 -0.310329 0.645563
vn -0.697814 -0.310329 0.645563
vn -0.697814 -0.310329 0.645563
vn 0.187597 0.807999 -0.558520
vn 0.187597 0.807999 -0.558520
vn 0.187597 0.807999 -0.558520
vn 0.187597 0.807999 -0.558520
vn 0.166870 0.841306 -0.514158
vn 0.166870 0.841306 -0.514158
vn 0.166870 0.841306 -0.514158
vn 0.166870 0.841306 -0.514158
vn -0.500454 -0.430879 -0.750925
vn -0.500454 -0.430879 -0.750925
vn -0.500454 -0.430879 -0.750925
vn -0.500454 -0.430879 -0.750925
vn 0.084654 0.516593 -0.852036
vn 0.084654 0.516593 -0.852036
vn 0.084654 0.516593 -0.852036
vn 0.084654 0.516593 -0.852036
vn -0.074719 -0.076062 0.994300
vn -0.074719 -0.076062 0.994300
vn -0.074719 -0.076062 0.994300
vn -0.074719 -0.076062 0.994300
vn -0.803822 -0.495674 0.328903
vn -0.803822 -0.495674 0.328903
vn -0.803822 -0.495674 0.328903
vn -0.803822 -0.495674 0.328903
vn 0.223348 0.828464 0.513579
vn 0.223348 0.828464 0.513579
vn 0.223348 0.828464 0.513579
vn 0.223348 0.828464 0.513579
vn -0.262660 -0.205538 -0.942743
vn -0.262660 -0.205538 -0.942743
vn -0.262660 -0.205538 -0.942743
vn -0.262660 -0.205538 -0.942743
vn -0.055242 0.744703 0.665105
vn -0.055242 0.744703 0.665105
vn -0.055242 0.744703 0.665105
vn -0.055242 0.744703 0.665105
vn 0.091191 0.646027 0.757848
vn 0.091191 0.646027 0.757848
vn 0.091191 0.646027 0.757848
vn 0.091191 0.646027 0.757848
vn -0.696922 -0.555780 -0.453219
vn -0.696922 -0.555780 -0.453219
vn -0.696922 -0.555780 -0.453219
vn -0.696922 -0.555780 -0.453219
vn 0.101692 0.993235 0.056065
vn 0.101692 0.993235 0.056065
vn 0.101692 0.993235 0.056065
vn 0.101692 0.993235 0.056065
vn 0.912939 0.335639 0.232140
vn 0.912939 0.335639 0.232140
vn 0.912939 0.335639 0.232140
vn 0.912939 0.335639 0.232140
vn -0.292254 -0.883842 -0.365256
vn -0.292254 -0.883842 -0.365256
vn -0.292254 -0.883842 -0.365256
vn -0.292254 -0.883842 -0.365256
vn 0.405484 0.391325 0.826104
vn 0.405484 0.391325 0.826104
vn 0.405484 0.391325 0.826104
vn 0.405484 0.391325 0.826104
vn 0.548306 0.255355 0.796338
vn 0.548306 0.255355 0.796338
vn 0.548306 0.255355 0.796338
vn 0.548306 0.255355 0.796338
vn 0.090381 -0.491635 -0.866098
vn 0.090381 -0.491635 -0.866098
vn 0.090381 -0.491635 -0.866098
vn 0.090381 -0.491635 -0.866098
vn 0.618638 0.508289 0.599107
vn 0.618638 0.508289 0.599107
vn 0.618638 0.508289 0.599107
vn 0.618638 0.508289 0.599107
vn -0.415834 -0.810180 0.413148
vn -0.415834 -0.810180 0.413148
vn -0.415834 -0.810180 0.413148
vn -0.415834 -0.810180 0.413148
vn -0.312811 0.116969 0.942585
vn -0.312811 0.116969 0.942585
vn -0.312811 0.116969 0.942585
vn -0.312811 0.116969 0.942585
vn 0.693864 0.022843 -0.719744
vn 0.693864 0.022843 -0.719744
vn 0.693864 0.022843 -0.719744
vn 0.693864 0.022843 -0.719744
vn -0.131573 -0.729874 -0.670800
vn -0.131573 -0.729874 -0.670800
vn -0.131573 -0.729874 -0.670800
vn -0.131573 -0.729874 -0.670800
vn 0.902357 0.245121 -0.354497
vn 0.902357 0.245121 -0.354497
vn 0.902357 0.245121 -0.354497
vn 0.902357 0.245121 -0.354497
vn 0.878403 0.248165 -0.408440
vn 0.878403 0.248165 -0.408440
vn 0.878403 0.248165 -0.408440
vn 0.878403 0.248165 -0.408440
vn -0.338591 -0.601506 0.723565
vn -0.338591 -0.601506 0.723565
vn -0.338591 -0.601506 0.723565
vn -0.338591 -0.601506 0.723565
vn 0.896371 0.435980 -0.080251
vn 0.896371 0.435980 -0.080251
vn 0.896371 0.435980 -0.080251
vn 0.896371 0.435980 -0.080251
vn 0.173358 -0.460254 -0.870697
vn 0.173358 -0.460254 -0.870697
vn 0.173358 -0.460254 -0.870697
vn 0.173358 -0.460254 -0.870697
vn -0.402594 -0.863782 0.302983
vn -0.402594 -0.863782 0.302983
vn -0.402594 -0.863782 0.302983
vn -0.402594 -0.863782 0.302983
vn 0.806843 0.534314 0.252016
vn 0.806843 0.534314 0.252016
vn 0.806843 0.534314 0.252016
vn 0.806843 0.534314 0.252016
vn -0.275688 -0.856121 -0.437096
vn -0.275688 -0.856121 -0.437096
vn -0.275688 -0.856121 -0.437096
vn -0.275688 -0.856121 -0.437096
vn -0.375923 -0.926627 0.006686
vn -0.375923 -0.926627 0.006686
vn -0.375923 -0.926627 0.006686
vn -0.375923 -0.926627 0.006686
vn -0.145860 -0.722587 -0.675717
vn -0.145860 -0.722587 -0.675717
vn -0.145860 -0.722587 -0.675717
vn -0.145860 -0.722587 -0.675717
vn 0.639567 0.483581 0.597581
vn 0.639567 0.483581 0.597581
vn 0.639567 0.483581 0.597581
vn 0.639567 0.483581 0.597581
vn 0.196615 0.842602 0.501363
vn 0.196615 0.842602 0.501363
vn 0.196615 0.842602 0.501363
vn 0.196615 0.842602 0.501363
vn -0.489911 -0.443776 -0.750367
vn -0.489911 -0.443776 -0.750367
vn -0.489911 -0.443776 -0.750367
vn -0.489911 -0.443776 -0.750367
vn -0.649336 0.737217 -0.186745
vn -0.649336 0.737217 -0.186745
vn -0.649336 0.737217 -0.186745
vn -0.649336 0.737217 -0.186745
vn 0.861741 -0.487262 0.141345
vn 0.861741 -0.487262 0.141345
vn 0.861741 -0.487262 0.141345
vn 0.861741 -0.487262 0.141345
vn 0.826035 0.503823 0.252644
vn 0.826035 0.503823 0.252644
vn 0.826035 0.503823 0.252644
vn 0.826035 0.503823 0.252644
vn -0.304494 -0.878563 -0.367981
vn -0.304494 -0.878563 -0.367981
vn -0.304494 -0.878563 -0.367981
vn -0.304494 -0.878563 -0.367981
vn -0.689027 -0.566946 -0.451457
vn -0.689027 -0.566946 -0.451457
vn -0.689027 -0.566946 -0.451457
vn -0.689027 -0.566946 -0.451457
vn 0.271304 0.953350 0.132355
vn 0.271304 0.953350 0.132355
vn 0.271304 0.953350 0.132355
vn 0.271304 0.953350 0.132355
vn -0.596339 0.771676 -0.221124
vn -0.596339 0.771676 -0.221124
vn -0.596339 0.771676 -0.221124
vn -0.596339 0.771676 -0.221124
vn 0.893963 -0.436240 0.102591
vn 0.893963 -0.436240 0.102591
vn 0.893963 -0.436240 0.102591
vn 0.893963 -0.436240 0.102591
vn -0.391291 -0.920254 0.004924
vn -0.391291 -0.920254 0.004924
vn -0.391291 -0.920254 0.004924
vn -0.391291 -0.920254 0.004924
vn 0.908590 0.410843 -0.075309
vn 0.908590 0.410843 -0.075309
vn 0.908590 0.410843 -0.075309
vn 0.908590 0.410843 -0.075309
vn 0.252193 0.942855 -0.217770
vn 0.252193 0.942855 -0.217770
vn 0.252193 0.942855 -0.217770
vn 0.252193 0.942855 -0.217770
vn -0.808623 -0.582052 -0.085696
vn -0.808623 -0.582052 -0.085696
vn -0.808623 -0.582052 -0.085696
vn -0.808623 -0.582052 -0.085696
vn -0.576631 0.769980 -0.273179
vn -0.576631 0.769980 -0.273179
vn -0.576631 0.769980 -0.273179
vn -0.576631 0.769980 -0.273179
vn 0.902201 -0.428643 0.047936
vn 0.902201 -0.428643 0.047936
vn 0.902201 -0.428643 0.047936
vn 0.902201 -0.428643 0.047936
vn 0.865180 0.274885 -0.419407
vn 0.865180 0.274885 -0.419407
vn 0.865180 0.274885 -0.419407
vn 0.865180 0.274885 -0.419407
vn -0.389728 -0.822922 0.413414
vn -0.389728 -0.822922 0.413414
vn -0.389728 -0.822922 0.413414
vn -0.389728 -0.822922 0.413414
vn -0.820411 -0.473934 0.319863
vn -0.820411 -0.473934 0.319863
vn -0.820411 -0.473934 0.319863
vn -0.820411 -0.473934 0.319863
vn 0.218122 0.799254 -0.560015
vn 0.218122 0.799254 -0.560015
vn 0.218122 0.799254 -0.560015
vn 0.218122 0.799254 -0.560015
vn -0.573585 0.728819 -0.373929
vn -0.573585 0.728819 -0.373929
vn -0.573585 0.728819 -0.373929
vn -0.573585 0.728819 -0.373929
vn 0.888164 -0.456045 -0.056456
vn 0.888164 -0.456045 -0.056456
vn 0.888164 -0.456045 -0.056456
vn 0.888164 -0.456045 -0.056456
vn -0.350643 -0.594335 0.723751
vn -0.350643 -0.594335 0.723751
vn -0.350643 -0.594335 0.723751
vn -0.350643 -0.594335 0.723751
vn 0.712936 -0.004330 -0.701216
vn 0.712936 -0.004330 -0.701216
vn 0.712936 -0.004330 -0.701216
vn 0.712936 -0.004330 -0.701216
vn 0.050836 0.532163 -0.845114
vn 0.050836 0.532163 -0.845114
vn 0.050836 0.532163 -0.845114
vn 0.050836 0.532163 -0.845114
vn -0.688922 -0.320048 0.650350
vn -0.688922 -0.320048 0.650350
vn -0.688922 -0.320048 0.650350
vn -0.688922 -0.320048 0.650350
vn -0.555247 0.670007 -0.492739
vn -0.555247 0.670007 -0.492739
vn -0.555247 0.670007 -0.492739
vn -0.555247 0.670007 -0.492739
vn 0.859447 -0.476358 -0.185562
vn 0.859447 -0.476358 -0.185562
vn 0.859447 -0.476358 -0.185562
vn 0.859447 -0.476358 -0.185562
vn -0.424109 -0.853590 0.302516
vn -0.424109 -0.853590 0.302516
vn -0.424109 -0.853590 0.302516
vn -0.424109 -0.853590 0.302516
vn 0.916124 0.210230 -0.341349
vn 0.916124 0.210230 -0.341349
vn 0.916124 0.210230 -0.341349
vn 0.916124 0.210230 -0.341349
vn 0.127915 0.849024 -0.512637
vn 0.127915 0.849024 -0.512637
vn 0.127915 0.849024 -0.512637
vn 0.127915 0.849024 -0.512637
vn -0.815559 -0.536218 0.217564
vn -0.815559 -0.536218 0.217564
vn -0.815559 -0.536218 0.217564
vn -0.815559 -0.536218 0.217564
vn -0.501014 0.768124 -0.398711
vn -0.501014 0.768124 -0.398711
vn -0.501014 0.768124 -0.398711
vn -0.501014 0.768124 -0.398711
vn 0.919334 -0.383015 -0.090139
vn 0.919334 -0.383015 -0.090139
vn 0.919334 -0.383015 -0.090139
vn 0.919334 -0.383015 -0.090139
vn -0.235563 -0.873415 -0.426211
vn -0.235563 -0.873415 -0.426211
vn -0.235563 -0.873415 -0.426211
vn -0.235563 -0.873415 -0.426211
vn 0.882960 0.407295 0.233437
vn 0.882960 0.407295 0.233437
vn 0.882960 0.407295 0.233437
vn 0.882960 0.407295 0.233437
vn 0.174440 0.981456 0.079469
vn 0.174440 0.981456 0.079469
vn 0.174440 0.981456 0.079469
vn 0.174440 0.981456 0.079469
vn -0.681220 -0.512258 -0.523001
vn -0.681220 -0.512258 -0.523001
vn -0.681220 -0.512258 -0.523001
vn -0.681220 -0.512258 -0.523001
vn -0.542931 0.824649 -0.158680
vn -0.542931 0.824649 -0.158680
vn -0.542931 0.824649 -0.158680
vn -0.542931 0.824649 -0.158680
vn 0.919078 -0.360648 0.158836
vn 0.919078 -0.360648 0.158836
vn 0.919078 -0.360648 0.158836
vn 0.919078 -0.360648 0.158836
vn 0.126475 -0.432650 -0.892647
vn 0.126475 -0.432650 -0.892647
vn 0.126475 -0.432650 -0.892647
vn 0.126475 -0.432650 -0.892647
vn 0.571715 0.225073 0.788977
vn 0.571715 0.225073 0.788977
vn 0.571715 0.225073 0.788977
vn 0.571715 0.225073 0.788977
vn -0.086221 0.758596 0.645832
vn -0.086221 0.758596 0.645832
vn -0.086221 0.758596 0.645832
vn -0.086221 0.758596 0.645832
vn -0.205936 -0.163211 -0.964859
vn -0.205936 -0.163211 -0.964859
vn -0.205936 -0.163211 -0.964859
vn -0.205936 -0.163211 -0.964859
vn -0.639699 0.768615 -0.003960
vn -0.639699 0.768615 -0.003960
vn -0.639699 0.768615 -0.003960
vn -0.639699 0.768615 -0.003960
vn 0.843139 -0.433531 0.318069
vn 0.843139 -0.433531 0.318069
vn 0.843139 -0.433531 0.318069
vn 0.843139 -0.433531 0.318069
vn -0.604018 -0.670426 0.430918
vn -0.604018 -0.670426 0.430918
vn -0.604018 -0.670426 0.430918
vn -0.604018 -0.670426 0.430918
vn -0.642569 -0.639151 0.422601
vn -0.642569 -0.639151 0.422601
vn -0.642569 -0.639151 0.422601
vn -0.642569 -0.639151 0.422601
vn -0.986126 0.163175 0.030496
vn -0.986126 0.163175 0.030496
vn -0.986126 0.163175 0.030496
vn -0.986126 0.163175 0.030496
vn -0.318781 -0.810377 -0.491596
vn -0.318781 -0.810377 -0.491596
vn -0.318781 -0.810377 -0.491596
vn -0.318781 -0.810377 -0.491596
vn -0.590389 -0.590389 -0.550346
vn -0.590389 -0.590389 -0.550346
vn -0.590389 -0.590389 -0.550346
vn -0.590389 -0.590389 -0.550346
vn 0.318561 -0.894411 0.313923
vn 0.318561 -0.894411 0.313923
vn 0.318561 -0.894411 0.313923
vn 0.318561 -0.894411 0.313923
vn 0.084028 -0.487693 -0.868962
vn 0.084028 -0.487693 -0.868962
vn 0.084028 -0.487693 -0.868962
vn 0.084028 -0.487693 -0.868962
vn 0.429512 0.370909 0.823374
vn 0.429512 0.370909 0.823374
vn 0.429512 0.370909 0.823374
vn 0.429512 0.370909 0.823374
vn 0.068292 0.663510 0.745045
vn 0.068292 0.663510 0.745045
vn 0.068292 0.663510 0.745045
vn 0.068292 0.663510 0.745045
vn -0.257113 -0.211331 -0.942991
vn -0.257113 -0.211331 -0.942991
vn -0.257113 -0.211331 -0.942991
vn -0.257113 -0.211331 -0.942991
vn -0.650817 0.721123 -0.237526
vn -0.650817 0.721123 -0.237526
vn -0.650817 0.721123 -0.237526
vn -0.650817 0.721123 -0.237526
vn 0.859311 -0.503381 0.090508
vn 0.859311 -0.503381 0.090508
vn 0.859311 -0.503381 0.090508
vn 0.859311 -0.503381 0.090508
vn 0.188182 -0.464107 -0.865559
vn 0.608633 -0.783871 -0.122929
vn 0.798081 0.196667 -0.569552
vn -0.188182 -0.464107 -0.865559
vn -0.798081 0.196667 -0.569552
vn -0.608633 -0.783871 -0.122929
vn 0.798081 0.196667 -0.569552
vn 0.608633 -0.783871 -0.122929
vn 0.778910 0.427787 0.458581
vn 0.188241 0.030763 0.981641
vn -0.425288 -0.548251 0.720105
vn -0.470825 -0.831810 -0.293964
vn 0.188182 -0.464107 -0.865559
vn -0.316356 -0.945773 -0.073703
vn -0.727316 -0.183332 0.661363
vn -0.258711 -0.898730 0.354053
vn -0.950226 -0.024873 0.310567
vn -0.990339 -0.135535 -0.029298
vn 0.512260 -0.746036 -0.425465
vn 0.798081 0.196667 -0.569552
vn 0.935812 0.069096 -0.345661
vn 0.639596 -0.710523 0.293383
vn -0.285662 -0.722669 0.629402
vn -0.971826 -0.231824 0.042574
vn 0.506592 -0.423854 0.750808
vn -0.193250 -0.734056 0.651012
vn -0.958313 -0.251969 0.134713
vn -0.179972 -0.825301 0.535246
vn 0.514868 -0.437745 0.737082
vn 0.592880 -0.582503 0.556042
vn 0.990087 0.113407 0.082858
vn 0.469265 0.786513 0.401482
vn 0.267837 0.962364 0.046023
vn 0.293443 0.904959 -0.308123
vn 0.897476 0.236249 0.372456
vn 0.400133 0.880164 -0.255351
vn 0.897768 0.150218 0.414061
vn 0.952744 0.092778 0.289260
vn 0.440448 0.881720 -0.169044
vn -0.971826 -0.231824 0.042574
vn -0.958313 -0.251969 0.134713
vn -0.635078 0.691081 -0.345083
vn -0.601868 0.602020 -0.524716
vn 0.440448 0.881720 -0.169044
vn 0.400133 0.880164 -0.255351
vn 0.293443 0.904959 -0.308123
vn -0.612885 0.627504 -0.480219
vn -0.990339 -0.135535 -0.029298
vn 0.267837 0.962364 0.046023
vn -0.604497 0.783859 0.141946
vn -0.950226 -0.024873 0.310567
vn 0.469265 0.786513 0.401482
vn -0.283158 0.558290 0.779829
vn -0.727316 -0.183332 0.661363
vn 0.188241 0.030763 0.981641
vn -0.425288 -0.548251 0.720105
vn 0.778910 0.427787 0.458581
vn 0.935812 0.069096 -0.345661
vn 0.798081 0.196667 -0.569552
vn -0.798081 0.196667 -0.569552
vn -0.778910 0.427787 0.458581
vn -0.608633 -0.783871 -0.122929
vn -0.188241 0.030763 0.981641
vn 0.425288 -0.548251 0.720105
vn 0.470825 -0.831810 -0.293964
vn -0.188182 -0.464107 -0.865559
vn 0.316356 -0.945773 -0.073703
vn 0.727316 -0.183332 0.661363
vn 0.258711 -0.898730 0.354053
vn 0.950226 -0.024873 0.310567
vn 0.990339 -0.135535 -0.029298
vn -0.512260 -0.746036 -0.425465
vn -0.798081 0.196667 -0.569552
vn -0.935812 0.069096 -0.345661
vn -0.639596 -0.710523 0.293383
vn 0.285662 -0.722669 0.629402
vn 0.971826 -0.231824 0.042574
vn -0.506592 -0.423854 0.750808
vn 0.193250 -0.734056 0.651012
vn 0.958313 -0.251969 0.134713
vn 0.179972 -0.825301 0.535246
vn -0.514868 -0.437745 0.737082
vn -0.592880 -0.582503 0.556042
vn -0.990087 0.113407 0.082858
vn -0.469265 0.786513 0.401482
vn -0.267837 0.962364 0.046023
vn -0.293443 0.904959 -0.308123
vn -0.897476 0.236249 0.372456
vn -0.400133 0.880164 -0.255351
vn -0.897768 0.150218 0.414061
vn -0.952744 0.092778 0.289260
vn -0.440448 0.881720 -0.169044
vn 0.971826 -0.231824 0.042574
vn 0.635078 0.691081 -0.345083
vn 0.958313 -0.251969 0.134713
vn 0.601868 0.602020 -0.524716
vn -0.440448 0.881720 -0.169044
vn -0.400133 0.880164 -0.255351
vn -0.293443 0.904959 -0.308123
vn 0.612885 0.627504 -0.480219
vn 0.990339 -0.135535 -0.029298
vn -0.267837 0.962364 0.046023
vn 0.604497 0.783859 0.141946
vn 0.950226 -0.024873 0.310567
vn -0.469265 0.786513 0.401482
vn 0.283158 0.558290 0.779829
vn 0.727316 -0.183332 0.661363
vn -0.188241 0.030763 0.981641
vn 0.425288 -0.548251 0.720105
vn -0.778910 0.427787 0.458581
vn -0.935812 0.069096 -0.345661
vn -0.798081 0.196667 -0.569552
f 1/1/1 2/2/2 3/3/3
f 4/4/4 5/5/5 6/6/6
f 7/7/7 8/8/8 9/9/9
f 10/10/10 11/11/11 12/12/12
f 13/13/13 14/14/14 15/15/15
f 16/16/16 17/17/17 18/18/18
f 19/19/19 20/20/20 21/21/21
f 22/22/22 23/23/23 24/24/24
f 25/25/25 26/26/26 27/27/27
f 28/28/28 29/29/29 30/30/30
f 31/31/31 32/32/32 33/33/33
f 34/34/34 35/35/35 36/36/36
f 37/37/37 38/38/38 39/39/39
f 37/37/37 39/39/39 40/40/40
f 41/41/41 42/42/42 43/43/43
f 41/41/41 43/43/43 44/44/44
f 45/45/45 46/46/46 47/47/47
f 45/45/45 47/47/47 48/48/48
f 49/49/49 50/50/50 51/51/51
f 49/49/49 51/51/51 52/52/52
f 53/53/53 54/54/54 55/55/55
f 53/53/53 55/55/55 56/56/56
f 57/57/57 58/58/58 59/59/59
f 57/57/57 59/59/59 60/60/60
f 61/61/61 62/62/62 63/63/63
f 61/61/61 63/63/63 64/64/64
f 65/65/65 66/66/66 67/67/67
f 65/65/65 67/67/67 68/68/68
f 69/69/69 70/70/70 71/71/71
f 69/69/69 71/71/71 72/72/72
f 73/73/73 74/74/74 75/75/75
f 73/73/73 75/75/75 76/76/76
f 77/77/77 78/78/78 79/79/79
f 77/77/77 79/79/79 80/80/80
f 81/81/81 82/82/82 83/83/83
f 81/81/81 83/83/83 84/84/84
f 85/85/85 86/86/86 87/87/87
f 85/85/85 87/87/87 88/88/88
f 89/89/89 90/90/90 91/91/91
f 89/89/89 91/91/91 92/92/92
f 93/93/93 94/94/94 95/95/95
f 93/93/93 95/95/95 96/96/96
f 97/97/97 98/98/98 99/99/99
f 97/97/97 99/99/99 100/100/100
f 101/101/101 102/102/102 103/103/103
f 101/101/101 103/103/103 104/104/104
f 105/105/105 106/106/106 107/107/107
f 105/105/105 107/107/107 108/108/108
f 109/109/109 110/110/110 111/111/111
f 109/109/109 111/111/111 112/112/112
f 113/113/113 114/114/114 115/115/115
f 113/113/113 115/115/115 116/116/116
f 117/117/117 118/118/118 119/119/119
f 117/117/117 119/119/119 120/120/120
f 121/121/121 122/122/122 123/123/123
f 121/121/121 123/123/123 124/124/124
f 125/125/125 126/126/126 127/127/127
f 125/125/125 127/127/127 128/128/128
f 129/129/129 130/130/130 131/131/131
f 129/129/129 131/131/131 132/132/132
f 133/133/133 134/134/134 135/135/135
f 133/133/133 135/135/135 136/136/136
f 137/137/137 138/138/138 139/139/139
f 137/137/137 139/139/139 140/140/140
f 141/141/141 142/142/142 143/143/143
f 141/141/141 143/143/143 144/144/144
f 145/145/145 146/146/146 147/147/147
f 145/145/145 147/147/147 148/148/148
f 149/149/149 150/150/150 151/151/151
f 149/149/149 151/151/151 152/152/152
f 153/153/153 154/154/154 155/155/155
f 153/153/153 155/155/155 156/156/156
f 157/157/157 158/158/158 159/159/159
f 157/157/157 159/159/159 160/160/160
f 161/161/161 162/162/162 163/163/163
f 161/161/161 163/163/163 164/164/164
f 165/165/165 166/166/166 167/167/167
f 165/165/165 167/167/167 168/168/168
f 169/169/169 170/170/170 171/171/171
f 169/169/169 171/171/171 172/172/172
f 173/173/173 174/174/174 175/175/175
f 173/173/173 175/175/175 176/176/176
f 177/177/177 178/178/178 179/179/179
f 177/177/177 179/179/179 180/180/180
f 181/181/181 182/182/182 183/183/183
f 181/181/181 183/183/183 184/184/184
f 185/185/185 186/186/186 187/187/187
f 185/185/185 187/187/187 188/188/188
f 189/189/189 190/190/190 191/191/191
f 189/189/189 191/191/191 192/192/192
f 193/193/193 194/194/194 195/195/195
f 193/193/193 195/195/195 196/196/196
f 197/197/197 198/198/198 199/199/199
f 197/197/197 199/199/199 200/200/200
f 201/201/201 202/202/202 203/203/203
f 201/201/201 203/203/203 204/204/204
f 205/205/205 206/206/206 207/207/207
f 205/205/205 207/207/207 208/208/208
f 209/209/209 210/210/210 211/211/211
f 209/209/209 211/211/211 212/212/212
f 213/213/213 214/214/214 215/215/215
f 213/213/213 215/215/215 216/216/216
f 217/217/217 218/218/218 219/219/219
f 217/217/217 219/219/219 220/220/220
f 221/221/221 222/222/222 223/223/223
f 221/221/221 223/223/223 224/224/224
f 225/225/225 226/226/226 227/227/227
f 225/225/225 227/227/227 228/228/228
f 229/229/229 230/230/230 231/231/231
f 229/229/229 231/231/231 232/232/232
f 233/233/233 234/234/234 235/235/235
f 233/233/233 235/235/235 236/236/236
f 237/237/237 238/238/238 239/239/239
f 237/237/237 239/239/239 240/240/240
f 241/241/241 242/242/242 243/243/243
f 241/241/241 243/243/243 244/244/244
f 245/245/245 246/246/246 247/247/247
f 245/245/245 247/247/247 248/248/248
f 249/249/249 250/250/250 251/251/251
f 249/249/249 251/251/251 252/252/252
f 253/253/253 254/254/254 255/255/255
f 253/253/253 255/255/255 256/256/256
f 257/257/257 258/258/258 259/259/259
f 257/257/257 259/259/259 260/260/260
f 261/261/261 262/262/262 263/263/263
f 261/261/261 263/263/263 264/264/264
f 265/265/265 266/266/266 267/267/267
f 265/265/265 267/267/267 268/268/268
f 269/269/269 270/270/270 271/271/271
f 269/269/269 271/271/271 272/272/272
f 273/273/273 274/274/274 275/275/275
f 273/273/273 275/275/275 276/276/276
f 277/277/277 278/278/278 279/279/279
f 277/277/277 279/279/279 280/280/280
f 281/281/281 282/282/282 283/283/283
f 281/281/281 283/283/283 284/284/284
f 285/285/285 286/286/286 287/287/287
f 285/285/285 287/287/287 288/288/288
f 289/289/289 290/290/290 291/291/291
f 289/289/289 291/291/291 292/292/292
f 293/293/293 294/294/294 295/295/295
f 293/293/293 295/295/295 296/296/296
f 297/297/297 298/298/298 299/299/299
f 297/297/297 299/299/299 300/300/300
f 301/301/301 302/302/302 303/303/303
f 301/301/301 303/303/303 304/304/304
f 305/305/305 306/306/306 307/307/307
f 305/305/305 307/307/307 308/308/308
f 309/309/309 310/310/310 311/311/311
f 309/309/309 311/311/311 312/312/312
f 313/313/313 314/314/314 315/315/315
f 313/313/313 315/315/315 316/316/316
f 317/317/317 318/318/318 319/319/319
f 317/317/317 319/319/319 320/320/320
f 321/321/321 322/322/322 323/323/323
f 321/321/321 323/323/323 324/324/324
f 325/325/325 326/326/326 327/327/327
f 325/325/325 327/327/327 328/328/328
f 329/329/329 330/330/330 331/331/331
f 329/329/329 331/331/331 332/332/332
f 333/333/333 334/334/334 335/335/335
f 333/333/333 335/335/335 336/336/336
f 337/337/337 338/338/338 339/339/339
f 337/337/337 339/339/339 340/340/340
f 341/341/341 342/342/342 343/343/343
f 341/341/341 343/343/343 344/344/344
f 345/345/345 346/346/346 347/347/347
f 345/345/345 347/347/347 348/348/348
f 349/349/349 350/350/350 351/351/351
f 349/349/349 351/351/351 352/352/352
f 353/353/353 354/354/354 355/355/355
f 353/353/353 355/355/355 356/356/356
f 357/357/357 358/358/358 359/359/359
f 357/357/357 359/359/359 360/360/360
f 361/361/361 362/362/362 363/363/363
f 361/361/361 363/363/363 364/364/364
f 365/365/365 366/366/366 367/367/367
f 365/365/365 367/367/367 368/368/368
f 369/369/369 370/370/370 371/371/371
f 369/369/369 371/371/371 372/372/372
f 373/373/373 374/374/374 375/375/375
f 373/373/373 375/375/375 376/376/376
f 377/377/377 378/378/378 379/379/379
f 377/377/377 379/379/379 380/380/380
f 381/381/381 382/382/382 383/383/383
f 381/381/381 383/383/383 384/384/384
f 385/385/385 386/386/386 387/387/387
f 385/385/385 387/387/387 388/388/388
f 389/389/389 390/390/390 391/391/391
f 389/389/389 391/391/391 392/392/392
f 393/393/393 394/394/394 395/395/395
f 393/393/393 395/395/395 396/396/396
f 397/397/397 398/398/398 399/399/399
f 397/397/397 399/399/399 400/400/400
f 401/401/401 402/402/402 403/403/403
f 401/401/401 403/403/403 404/404/404
f 405/405/405 406/406/406 407/407/407
f 405/405/405 407/407/407 408/408/408
f 409/409/409 410/410/410 411/411/411
f 409/409/409 411/411/411 412/412/412
f 413/413/413 414/414/414 415/415/415
f 413/413/413 415/415/415 416/416/416
f 417/417/417 418/418/418 419/419/419
f 417/417/417 419/419/419 420/420/420
f 421/421/421 422/422/422 423/423/423
f 421/421/421 423/423/423 424/424/424
f 425/425/425 426/426/426 427/427/427
f 425/425/425 427/427/427 428/428/428
f 429/429/429 430/430/430 431/431/431
f 429/429/429 431/431/431 432/432/432
f 433/433/433 434/434/434 435/435/435
f 433/433/433 435/435/435 436/436/436
f 437/437/437 438/438/438 439/439/439
f 437/437/437 439/439/439 440/440/440
f 441/441/441 442/442/442 443/443/443
f 441/441/441 443/443/443 444/444/444
f 445/445/445 446/446/446 447/447/447
f 445/445/445 447/447/447 448/448/448
f 449/449/449 450/450/450 451/451/451
f 449/449/449 451/451/451 452/452/452
f 453/453/453 454/454/454 455/455/455
f 453/453/453 455/455/455 456/456/456
f 457/457/457 458/458/458 459/459/459
f 457/457/457 459/459/459 460/460/460
f 461/461/461 462/462/462 463/463/463
f 461/461/461 463/463/463 464/464/464
f 465/465/465 466/466/466 467/467/467
f 465/465/465 467/467/467 468/468/468
f 469/469/469 470/470/470 471/471/471
f 469/469/469 471/471/471 472/472/472
f 473/473/473 474/474/474 475/475/475
f 473/473/473 475/475/475 476/476/476
f 477/477/477 478/478/478 479/479/479
f 477/477/477 479/479/479 480/480/480
f 481/481/481 482/482/482 483/483/483
f 481/481/481 483/483/483 484/484/484
f 485/485/485 486/486/486 487/487/487
f 485/485/485 487/487/487 488/488/488
f 489/489/489 490/490/490 491/491/491
f 489/489/489 491/491/491 492/492/492
f 493/493/493 494/494/494 495/495/495
f 493/493/493 495/495/495 496/496/496
f 497/497/497 498/498/498 499/499/499
f 497/497/497 499/499/499 500/500/500
f 501/501/501 502/502/502 503/503/503
f 501/501/501 503/503/503 504/504/504
f 505/505/505 506/506/506 507/507/507
f 505/505/505 507/507/507 508/508/508
f 509/509/509 510/510/510 511/511/511
f 509/509/509 511/511/511 512/512/512
f 513/513/513 514/514/514 515/515/515
f 513/513/513 515/515/515 516/516/516
f 517/517/517 518/518/518 519/519/519
f 517/517/517 519/519/519 520/520/520
f 521/521/521 522/522/522 523/523/523
f 521/521/521 523/523/523 524/524/524
f 525/525/525 526/526/526 527/527/527
f 525/525/525 527/527/527 528/528/528
f 529/529/529 530/530/530 531/531/531
f 529/529/529 531/531/531 532/532/532
f 533/533/533 534/534/534 535/535/535
f 533/533/533 535/535/535 536/536/536
f 537/537/537 538/538/538 539/539/539
f 537/537/537 539/539/539 540/540/540
f 541/541/541 542/542/542 543/543/543
f 541/541/541 543/543/543 544/544/544
f 545/545/545 546/546/546 547/547/547
f 545/545/545 547/547/547 548/548/548
f 549/549/549 550/550/550 551/551/551
f 549/549/549 551/551/551 552/552/552
f 553/553/553 554/554/554 555/555/555
f 553/553/553 555/555/555 556/556/556
f 557/557/557 558/558/558 559/559/559
f 557/557/557 559/559/559 560/560/560
f 561/561/561 562/562/562 563/563/563
f 561/561/561 563/563/563 564/564/564
f 565/565/565 566/566/566 567/567/567
f 565/565/565 567/567/567 568/568/568
f 569/569/569 570/570/570 571/571/571
f 569/569/569 571/571/571 572/572/572
f 573/573/573 574/574/574 575/575/575
f 573/573/573 575/575/575 576/576/576
f 577/577/577 578/578/578 579/579/579
f 577/577/577 579/579/579 580/580/580
f 581/581/581 582/582/582 583/583/583
f 581/581/581 583/583/583 584/584/584
f 585/585/585 586/586/586 587/587/587
f 585/585/585 587/587/587 588/588/588
f 589/589/589 590/590/590 591/591/591
f 589/589/589 591/591/591 592/592/592
f 593/593/593 594/594/594 595/595/595
f 593/593/593 595/595/595 596/596/596
f 597/597/597 598/598/598 599/599/599
f 597/597/597 599/599/599 600/600/600
f 601/601/601 602/602/602 603/603/603
f 601/601/601 603/603/603 604/604/604
f 605/605/605 606/606/606 607/607/607
f 605/605/605 607/607/607 608/608/608
f 609/609/609 610/610/610 611/611/611
f 609/609/609 611/611/611 612/612/612
f 613/613/613 614/614/614 615/615/615
f 613/613/613 615/615/615 616/616/616
f 617/617/617 618/618/618 619/619/619
f 617/617/617 619/619/619 620/620/620
f 621/621/621 622/622/622 623/623/623
f 621/621/621 623/623/623 624/624/624
f 625/625/625 626/626/626 627/627/627
f 625/625/625 627/627/627 628/628/628
f 629/629/629 630/630/630 631/631/631
f 629/629/629 631/631/631 632/632/632
f 633/633/633 634/634/634 635/635/635
f 633/633/633 635/635/635 636/636/636
f 637/637/637 638/638/638 639/639/639
f 637/637/637 639/639/639 640/640/640
f 641/641/641 642/642/642 643/643/643
f 641/641/641 643/643/643 644/644/644
f 645/645/645 646/646/646 647/647/647
f 645/645/645 647/647/647 648/648/648
f 649/649/649 650/650/650 651/651/651
f 649/649/649 651/651/651 652/652/652
f 653/653/653 654/654/654 655/655/655
f 653/653/653 655/655/655 656/656/656
f 657/657/657 658/658/658 659/659/659
f 657/657/657 659/659/659 660/660/660
f 661/661/661 662/662/662 663/663/663
f 661/661/661 663/663/663 664/664/664
f 665/665/665 666/666/666 667/667/667
f 665/665/665 667/667/667 668/668/668
f 669/669/669 670/670/670 671/671/671
f 669/669/669 671/671/671 672/672/672
f 673/673/673 674/674/674 675/675/675
f 673/673/673 675/675/675 676/676/676
f 677/677/677 678/678/678 679/679/679
f 677/677/677 679/679/679 680/680/680
f 681/681/681 682/682/682 683/683/683
f 681/681/681 683/683/683 684/684/684
f 685/685/685 686/686/686 687/687/687
f 685/685/685 687/687/687 688/688/688
f 689/689/689 690/690/690 691/691/691
f 689/689/689 691/691/691 692/692/692
f 693/693/693 694/694/694 695/695/695
f 693/693/693 695/695/695 696/696/696
f 697/697/697 698/698/698 699/699/699
f 697/697/697 699/699/699 700/700/700
f 701/701/701 702/702/702 703/703/703
f 701/701/701 703/703/703 704/704/704
f 705/705/705 706/706/706 707/707/707
f 705/705/705 707/707/707 708/708/708
f 709/709/709 710/710/710 711/711/711
f 709/709/709 711/711/711 712/712/712
f 713/713/713 714/714/714 715/715/715
f 713/713/713 715/715/715 716/716/716
f 717/717/717 718/718/718 719/719/719
f 717/717/717 719/719/719 720/720/720
f 721/721/721 722/722/722 723/723/723
f 721/721/721 723/723/723 724/724/724
f 725/725/725 726/726/726 727/727/727
f 725/725/725 727/727/727 728/728/728
f 729/729/729 730/730/730 731/731/731
f 729/729/729 731/731/731 732/732/732
f 733/733/733 734/734/734 735/735/735
f 733/733/733 735/735/735 736/736/736
f 737/737/737 738/738/738 739/739/739
f 737/737/737 739/739/739 740/740/740
f 741/741/741 742/742/742 743/743/743
f 741/741/741 743/743/743 744/744/744
f 745/745/745 746/746/746 747/747/747
f 745/745/745 747/747/747 748/748/748
f 749/749/749 750/750/750 751/751/751
f 749/749/749 751/751/751 752/752/752
f 753/753/753 754/754/754 755/755/755
f 753/753/753 755/755/755 756/756/756
f 757/757/757 758/758/758 759/759/759
f 757/757/757 759/759/759 760/760/760
f 761/761/761 762/762/762 763/763/763
f 761/761/761 763/763/763 764/764/764
f 765/765/765 766/766/766 767/767/767
f 765/765/765 767/767/767 768/768/768
f 769/769/769 770/770/770 771/771/771
f 769/769/769 771/771/771 772/772/772
f 773/773/773 774/774/774 775/775/775
f 773/773/773 775/775/775 776/776/776
f 777/777/777 778/778/778 779/779/779
f 777/777/777 779/779/779 780/780/780
f 781/781/781 782/782/782 783/783/783
f 781/781/781 783/783/783 784/784/784
f 785/785/785 786/786/786 787/787/787
f 785/785/785 787/787/787 788/788/788
f 789/789/789 790/790/790 791/791/791
f 789/789/789 791/791/791 792/792/792
f 793/793/793 794/794/794 795/795/795
f 793/793/793 795/795/795 796/796/796
f 797/797/797 798/798/798 799/799/799
f 797/797/797 799/799/799 800/800/800
f 801/801/801 802/802/802 803/803/803
f 801/801/801 803/803/803 804/804/804
f 805/805/805 806/806/806 807/807/807
f 805/805/805 807/807/807 808/808/808
f 809/809/809 810/810/810 811/811/811
f 809/809/809 811/811/811 812/812/812
f 813/813/813 814/814/814 815/815/815
f 813/813/813 815/815/815 816/816/816
f 817/817/817 818/818/818 819/819/819
f 817/817/817 819/819/819 820/820/820
f 821/821/821 822/822/822 823/823/823
f 821/821/821 823/823/823 824/824/824
f 825/825/825 826/826/826 827/827/827
f 825/825/825 827/827/827 828/828/828
f 829/829/829 830/830/830 831/831/831
f 829/829/829 831/831/831 832/832/832
f 833/833/833 834/834/834 835/835/835
f 833/833/833 835/835/835 836/836/836
f 837/837/837 838/838/838 839/839/839
f 837/837/837 839/839/839 840/840/840
f 841/841/841 842/842/842 843/843/843
f 841/841/841 843/843/843 844/844/844
f 845/845/845 846/846/846 847/847/847
f 845/845/845 847/847/847 848/848/848
f 849/849/849 850/850/850 851/851/851
f 849/849/849 851/851/851 852/852/852
f 853/853/853 854/854/854 855/855/855
f 853/853/853 855/855/855 856/856/856
f 857/857/857 858/858/858 859/859/859
f 857/857/857 859/859/859 860/860/860
f 861/861/861 862/862/862 863/863/863
f 861/861/861 863/863/863 864/864/864
f 865/865/865 866/866/866 867/867/867
f 865/865/865 867/867/867 868/868/868
f 869/869/869 870/870/870 871/871/871
f 869/869/869 871/871/871 872/872/872
f 873/873/873 874/874/874 875/875/875
f 873/873/873 875/875/875 876/876/876
f 877/877/877 878/878/878 879/879/879
f 877/877/877 879/879/879 880/880/880
f 881/881/881 882/882/882 883/883/883
f 881/881/881 883/883/883 884/884/884
f 885/885/885 886/886/886 887/887/887
f 885/885/885 887/887/887 888/888/888
f 889/889/889 890/890/890 891/891/891
f 889/889/889 891/891/891 892/892/892
f 893/893/893 894/894/894 895/895/895
f 893/893/893 895/895/895 896/896/896
f 897/897/897 898/898/898 899/899/899
f 897/897/897 899/899/899 900/900/900
f 901/901/901 902/902/902 903/903/903
f 901/901/901 903/903/903 904/904/904
f 905/905/905 906/906/906 907/907/907
f 905/905/905 907/907/907 908/908/908
f 909/909/909 910/910/910 911/911/911
f 909/909/909 911/911/911 912/912/912
f 913/913/913 914/914/914 915/915/915
f 913/913/913 915/915/915 916/916/916
f 917/917/917 918/918/918 919/919/919
f 917/917/917 919/919/919 920/920/920
f 921/921/921 922/922/922 923/923/923
f 921/921/921 923/923/923 924/924/924
f 925/925/925 926/926/926 927/927/927
f 925/925/925 927/927/927 928/928/928
f 929/929/929 930/930/930 931/931/931
f 929/929/929 931/931/931 932/932/932
f 933/933/933 934/934/934 935/935/935
f 933/933/933 935/935/935 936/936/936
f 937/937/937 938/938/938 939/939/939
f 937/937/937 939/939/939 940/940/940
f 941/941/941 942/942/942 943/943/943
f 941/941/941 943/943/943 944/944/944
f 945/945/945 946/946/946 947/947/947
f 945/945/945 947/947/947 948/948/948
f 949/949/949 950/950/950 951/951/951
f 949/949/949 951/951/951 952/952/952
f 953/953/953 954/954/954 955/955/955
f 953/953/953 955/955/955 956/956/956
f 957/957/957 958/958/958 959/959/959
f 957/957/957 959/959/959 960/960/960
f 961/961/961 962/962/962 963/963/963
f 961/961/961 963/963/963 964/964/964
f 965/965/965 966/966/966 967/967/967
f 968/968/968 969/969/969 970/970/970
f 971/971/971 972/972/972 973/973/973
f 973/973/973 972/972/972 974/974/974
f 974/974/974 972/972/972 975/975/975
f 976/976/976 975/975/975 972/972/972
f 972/972/972 977/977/977 976/976/976
f 978/978/978 975/975/975 976/976/976
f 978/978/978 976/976/976 977/977/977
f 978/978/978 979/979/979 975/975/975
f 980/980/980 979/979/979 978/978/978
f 980/980/980 981/981/981 979/979/979
f 980/980/980 982/982/982 981/981/981
f 978/978/978 977/977/977 983/983/983
f 980/980/980 978/978/978 983/983/983
f 983/983/983 977/977/977 984/984/984
f 983/983/983 984/984/984 985/985/985
f 986/986/986 983/983/983 985/985/985
f 980/980/980 983/983/983 986/986/986
f 980/980/980 987/987/987 982/982/982
f 987/987/987 988/988/988 982/982/982
f 980/980/980 989/989/989 987/987/987
f 980/980/980 986/986/986 989/989/989
f 987/987/987 990/990/990 988/988/988
f 989/989/989 990/990/990 987/987/987
f 990/990/990 991/991/991 988/988/988
f 990/990/990 992/992/992 991/991/991
f 993/993/993 992/992/992 990/990/990
f 989/989/989 993/993/993 990/990/990
f 993/993/993 994/994/994 992/992/992
f 986/986/986 985/985/985 995/995/995
f 995/995/995 985/985/985 996/996/996
f 995/995/995 996/996/996 997/997/997
f 995/995/995 997/997/997 998/998/998
f 986/986/986 999/999/999 989/989/989
f 986/986/986 995/995/995 999/999/999
f 995/995/995 998/998/998 999/999/999
f 999/999/999 993/993/993 989/989/989
f 999/999/999 998/998/998 1000/1000/1000
f 1001/1001/1001 994/994/994 993/993/993
f 999/999/999 1001/1001/1001 993/993/993
f 999/999/999 1000/1000/1000 1001/1001/1001
f 1001/1001/1001 1002/1002/1002 994/994/994
f 1001/1001/1001 1000/1000/1000 1003/1003/1003
f 1001/1001/1001 1003/1003/1003 1002/1002/1002
f 1004/1004/1004 1005/1005/1005 1006/1006/1006
f 1004/1004/1004 1006/1006/1006 1007/1007/1007
f 1007/1007/1007 1006/1006/1006 1008/1008/1008
f 1007/1007/1007 1008/1008/1008 1009/1009/1009
f 1010/1010/1010 1007/1007/1007 1009/1009/1009
f 1011/1011/1011 1004/1004/1004 1007/1007/1007
f 1010/1010/1010 1011/1011/1011 1007/1007/1007
f 1011/1011/1011 1012/1012/1012 1004/1004/1004
f 1013/1013/1013 1011/1011/1011 1010/1010/1010
f 1014/1014/1014 1012/1012/1012 1011/1011/1011
f 1013/1013/1013 1014/1014/1014 1011/1011/1011
f 1014/1014/1014 1015/1015/1015 1012/1012/1012
f 1014/1014/1014 1013/1013/1013 1016/1016/1016
f 1015/1015/1015 1014/1014/1014 1017/1017/1017
f 1014/1014/1014 1016/1016/1016 1017/1017/1017
f 1015/1015/1015 1017/1017/1017 1018/1018/1018
f 1018/1018/1018 1017/1017/1017 1019/1019/1019
f 1018/1018/1018 1019/1019/1019 1020/1020/1020
f 1017/1017/1017 1021/1021/1021 1019/1019/1019
f 1017/1017/1017 1016/1016/1016 1021/1021/1021
f 1022/1022/1022 1021/1021/1021 1016/1016/1016
f 1022/1022/1022 1023/1023/1023 1021/1021/1021
f 1024/1024/1024 1025/1025/1025 1026/1026/1026
f 1025/1025/1025 1027/1027/1027 1026/1026/1026
f 1027/1027/1027 1028/1028/1028 1026/1026/1026
f 1029/1029/1029 1026/1026/1026 1028/1028/1028
f 1026/1026/1026 1029/1029/1029 1030/1030/1030
f 1031/1031/1031 1029/1029/1029 1028/1028/1028
f 1031/1031/1031 1030/1030/1030 1029/1029/1029
f 1031/1031/1031 1028/1028/1028 1032/1032/1032
f 1033/1033/1033 1031/1031/1031 1032/1032/1032
f 1033/1033/1033 1032/1032/1032 1034/1034/1034
f 1033/1033/1033 1034/1034/1034 1035/1035/1035
f 1031/1031/1031 1036/1036/1036 1030/1030/1030
f 1033/1033/1033 1036/1036/1036 1031/1031/1031
f 1036/1036/1036 1037/1037/1037 1030/1030/1030
f 1036/1036/1036 1038/1038/1038 1037/1037/1037
f 1039/1039/1039 1038/1038/1038 1036/1036/1036
f 1033/1033/1033 1039/1039/1039 1036/1036/1036
f 1033/1033/1033 1035/1035/1035 1040/1040/1040
f 1040/1040/1040 1035/1035/1035 1041/1041/1041
f 1033/1033/1033 1040/1040/1040 1042/1042/1042
f 1033/1033/1033 1042/1042/1042 1039/1039/1039
f 1040/1040/1040 1041/1041/1041 1043/1043/1043
f 1042/1042/1042 1040/1040/1040 1043/1043/1043
f 1043/1043/1043 1041/1041/1041 1044/1044/1044
f 1043/1043/1043 1044/1044/1044 1045/1045/1045
f 1046/1046/1046 1043/1043/1043 1045/1045/1045
f 1042/1042/1042 1043/1043/1043 1046/1046/1046
f 1046/1046/1046 1045/1045/1045 1047/1047/1047
f 1039/1039/1039 1048/1048/1048 1038/1038/1038
f 1048/1048/1048 1049/1049/1049 1038/1038/1038
f 1048/1048/1048 1050/1050/1050 1049/1049/1049
f 1048/1048/1048 1051/1051/1051 1050/1050/1050
f 1039/1039/1039 1042/1042/1042 1052/1052/1052
f 1039/1039/1039 1052/1052/1052 1048/1048/1048
f 1048/1048/1048 1052/1052/1052 1051/1051/1051
f 1052/1052/1052 1042/1042/1042 1046/1046/1046
f 1052/1052/1052 1053/1053/1053 1051/1051/1051
f 1054/1054/1054 1046/1046/1046 1047/1047/1047
f 1052/1052/1052 1046/1046/1046 1054/1054/1054
f 1052/1052/1052 1054/1054/1054 1053/1053/1053
f 1054/1054/1054 1047/1047/1047 1055/1055/1055
f 1054/1054/1054 1056/1056/1056 1053/1053/1053
f 1054/1054/1054 1055/1055/1055 1056/1056/1056
f 1057/1057/1057 1058/1058/1058 1059/1059/1059
f 1057/1057/1057 1060/1060/1060 1058/1058/1058
f 1060/1060/1060 1061/1061/1061 1058/1058/1058
f 1060/1060/1060 1062/1062/1062 1061/1061/1061
f 1063/1063/1063 1062/1062/1062 1060/1060/1060
f 1064/1064/1064 1060/1060/1060 1057/1057/1057
f 1063/1063/1063 1060/1060/1060 1064/1064/1064
f 1064/1064/1064 1057/1057/1057 1065/1065/1065
f 1066/1066/1066 1063/1063/1063 1064/1064/1064
f 1067/1067/1067 1064/1064/1064 1065/1065/1065
f 1066/1066/1066 1064/1064/1064 1067/1067/1067
f 1067/1067/1067 1065/1065/1065 1068/1068/1068
f 1067/1067/1067 1069/1069/1069 1066/1066/1066
f 1068/1068/1068 1070/1070/1070 1067/1067/1067
f 1067/1067/1067 1070/1070/1070 1069/1069/1069
f 1068/1068/1068 1071/1071/1071 1070/1070/1070
f 1071/1071/1071 1072/1072/1072 1070/1070/1070
f 1071/1071/1071 1073/1073/1073 1072/1072/1072
f 1070/1070/1070 1072/1072/1072 1074/1074/1074
f 1070/1070/1070 1074/1074/1074 1069/1069/1069
f 1075/1075/1075 1069/1069/1069 1074/1074/1074
f 1075/1075/1075 1074/1074/1074 1076/1076/1076
