# Unturned item rip -> Godot (X+Z negated, winding reversed, RH Y-up)
v -0.024236 0.261926 -0.355263
v -0.021228 0.290575 -0.307647
v -0.017366 0.224252 -0.326117
v -0.000000 0.354857 -0.507028
v -0.016597 0.339774 -0.421062
v -0.015426 0.319888 -0.434794
v -0.012161 0.197370 -0.248182
v -0.000000 0.135244 -0.118143
v -0.000000 0.183988 -0.253188
v -0.000000 0.135244 -0.118143
v -0.016331 0.242250 -0.231636
v -0.000000 0.254821 -0.227072
v -0.000000 0.354857 -0.507028
v -0.015426 0.319888 -0.434794
v -0.000000 0.312163 -0.440069
v -0.016597 0.339774 -0.421062
v -0.000000 0.354857 -0.507028
v -0.000000 0.346687 -0.416229
v -0.030339 -0.356882 0.018977
v -0.000000 -0.297959 -0.040817
v -0.030339 -0.322426 0.039011
v -0.022215 -0.239543 0.025522
v -0.000000 -0.210536 -0.025583
v -0.022215 -0.212616 0.032825
v -0.000000 -0.210536 -0.025583
v -0.000000 -0.203157 0.028579
v -0.022215 -0.212616 0.032825
v -0.000000 -0.297959 -0.040817
v -0.000000 -0.307804 0.036649
v -0.030339 -0.322426 0.039011
v -0.030339 -0.356882 0.018977
v -0.000000 -0.357027 0.008029
v -0.000000 -0.297959 -0.040817
v -0.022215 -0.239543 0.025522
v -0.000000 -0.241624 0.018145
v -0.000000 -0.210536 -0.025583
v -0.013387 0.268916 -0.520575
v -0.000000 0.308726 -0.510220
v -0.013387 0.268856 -0.501045
v -0.000000 0.308726 -0.510220
v -0.000000 0.273441 -0.495419
v -0.013387 0.268856 -0.501045
v -0.013387 0.268916 -0.520575
v -0.000000 0.273527 -0.523319
v -0.000000 0.308726 -0.510220
v -0.014502 0.206763 -0.604046
v -0.000000 0.209242 -0.608692
v -0.000000 0.246275 -0.614948
v -0.000000 0.246275 -0.614948
v -0.000000 0.223118 -0.584487
v -0.014502 0.216476 -0.587103
v 0.024236 0.261926 -0.355263
v 0.017366 0.224252 -0.326117
v 0.021228 0.290575 -0.307647
v -0.000000 0.354857 -0.507028
v 0.015426 0.319888 -0.434794
v 0.016597 0.339774 -0.421062
v 0.012161 0.197370 -0.248182
v -0.000000 0.183988 -0.253188
v -0.000000 0.135244 -0.118143
v -0.000000 0.135244 -0.118143
v -0.000000 0.254821 -0.227072
v 0.016331 0.242250 -0.231636
v -0.000000 0.354857 -0.507028
v -0.000000 0.312163 -0.440069
v 0.015426 0.319888 -0.434794
v 0.016597 0.339774 -0.421062
v -0.000000 0.346687 -0.416229
v -0.000000 0.354857 -0.507028
v 0.030339 -0.356882 0.018977
v 0.030339 -0.322426 0.039011
v -0.000000 -0.297959 -0.040817
v 0.022215 -0.239543 0.025522
v 0.022215 -0.212616 0.032825
v -0.000000 -0.210536 -0.025583
v -0.000000 -0.210536 -0.025583
v 0.022215 -0.212616 0.032825
v -0.000000 -0.203157 0.028579
v -0.000000 -0.297959 -0.040817
v 0.030339 -0.322426 0.039011
v -0.000000 -0.307804 0.036649
v 0.030339 -0.356882 0.018977
v -0.000000 -0.297959 -0.040817
v -0.000000 -0.357027 0.008029
v 0.022215 -0.239543 0.025522
v -0.000000 -0.210536 -0.025583
v -0.000000 -0.241624 0.018145
v 0.013387 0.268916 -0.520575
v 0.013387 0.268856 -0.501045
v -0.000000 0.308726 -0.510220
v -0.000000 0.308726 -0.510220
v 0.013387 0.268856 -0.501045
v -0.000000 0.273441 -0.495419
v 0.013387 0.268916 -0.520575
v -0.000000 0.308726 -0.510220
v -0.000000 0.273527 -0.523319
v 0.014502 0.206763 -0.604046
v -0.000000 0.246275 -0.614948
v -0.000000 0.209242 -0.608692
v -0.000000 0.246275 -0.614948
v 0.014502 0.216476 -0.587103
v -0.000000 0.223118 -0.584487
v -0.104240 -0.434979 0.187073
v -0.105834 -0.415978 0.067019
v -0.092965 -0.296574 0.080251
v -0.085337 -0.301088 0.187818
v -0.082945 -0.277760 0.181218
v -0.090617 -0.279215 0.077520
v -0.077317 -0.180848 0.062043
v -0.069387 -0.145568 0.143820
v -0.067547 -0.127532 0.128430
v -0.075495 -0.166472 0.051528
v -0.065173 -0.085010 -0.008060
v -0.057122 -0.025333 0.041222
v -0.056236 -0.018155 0.023035
v -0.064389 -0.079814 -0.021356
v -0.059944 -0.050368 -0.096702
v -0.051213 0.022520 -0.080030
v -0.050302 0.021372 -0.100289
v -0.059135 -0.050380 -0.112228
v -0.054553 -0.050452 -0.200210
v -0.045141 0.014871 -0.215088
v -0.044339 0.006181 -0.232993
v -0.053833 -0.058866 -0.219106
v -0.049758 -0.106541 -0.326183
v -0.039796 -0.043063 -0.334454
v -0.038896 -0.044075 -0.349725
v -0.048896 -0.106680 -0.345877
v -0.044009 -0.107470 -0.457473
v -0.033795 -0.049805 -0.436267
v -0.032674 -0.044375 -0.451127
v -0.042741 -0.099044 -0.475079
v -0.039117 -0.053165 -0.576818
v -0.028954 -0.011700 -0.533352
v -0.038945 -0.038392 -0.586271
v -0.028839 -0.001601 -0.540745
v -0.028954 -0.011700 -0.533352
v -0.039117 -0.053165 -0.576818
v -0.037202 0.062562 -0.637686
v -0.027590 0.069410 -0.581591
v -0.028186 0.055631 -0.582641
v -0.037971 0.045319 -0.639838
v -0.023821 0.155696 -0.568580
v -0.024212 0.147490 -0.575638
v -0.032842 0.160271 -0.625487
v -0.032316 0.171508 -0.615392
v -0.021327 0.206654 -0.516721
v -0.028988 0.240480 -0.544362
v -0.027006 0.270466 -0.466029
v -0.019735 0.231923 -0.449503
v -0.019380 0.230772 -0.430995
v -0.026591 0.269185 -0.449414
v -0.024236 0.261926 -0.355263
v -0.017366 0.224252 -0.326117
v -0.015426 0.319888 -0.434794
v -0.016597 0.339774 -0.421062
v -0.021228 0.290575 -0.307647
v -0.024236 0.261926 -0.355263
v -0.017366 0.224252 -0.326117
v -0.021228 0.290575 -0.307647
v -0.016331 0.242250 -0.231636
v -0.012161 0.197370 -0.248182
v -0.000000 0.135244 -0.118143
v -0.038945 -0.038392 -0.586271
v -0.039117 -0.053165 -0.576818
v 0.000000 -0.070018 -0.594140
v 0.000000 -0.053410 -0.604402
v -0.023821 0.155696 -0.568580
v -0.021608 0.202195 -0.528584
v 0.000000 0.188787 -0.517197
v -0.000000 0.149000 -0.550453
v -0.042741 -0.099044 -0.475079
v -0.044009 -0.107470 -0.457473
v -0.000000 -0.130665 -0.466098
v -0.000000 -0.121058 -0.484773
v -0.032316 0.171508 -0.615392
v -0.032842 0.160271 -0.625487
v -0.000000 0.164800 -0.645338
v -0.000000 0.177236 -0.634046
v -0.048896 -0.106680 -0.345877
v -0.049758 -0.106541 -0.326183
v -0.000000 -0.132076 -0.323079
v -0.000000 -0.131864 -0.344532
v -0.021327 0.206654 -0.516721
v -0.019735 0.231923 -0.449503
v -0.000000 0.216335 -0.443254
v 0.000000 0.192919 -0.506106
v -0.053833 -0.058866 -0.219106
v -0.054553 -0.050452 -0.200210
v -0.000000 -0.076668 -0.194449
v -0.000000 -0.084979 -0.213743
v -0.019380 0.230772 -0.430995
v -0.017366 0.224252 -0.326117
v -0.000000 0.209756 -0.329955
v -0.000000 0.215348 -0.426259
v -0.059135 -0.050380 -0.112228
v -0.059944 -0.050368 -0.096702
v -0.000000 -0.079484 -0.103413
v -0.000000 -0.079061 -0.117068
v -0.017366 0.224252 -0.326117
v -0.012161 0.197370 -0.248182
v -0.000000 0.183988 -0.253188
v -0.000000 0.209756 -0.329955
v -0.064389 -0.079814 -0.021356
v -0.065173 -0.085010 -0.008060
v -0.000000 -0.108860 -0.027642
v -0.000000 -0.104454 -0.039007
v -0.104240 -0.434979 0.187073
v -0.085337 -0.301088 0.187818
v -0.000000 -0.301938 0.232769
v -0.000000 -0.442913 0.238092
v -0.075495 -0.166472 0.051528
v -0.077317 -0.180848 0.062043
v -0.000000 -0.195114 0.029696
v -0.000000 -0.182176 0.021095
v -0.082945 -0.277760 0.181218
v -0.069387 -0.145568 0.143820
v -0.000000 -0.132113 0.175725
v -0.000000 -0.276464 0.224213
v -0.090617 -0.279215 0.077520
v -0.092965 -0.296574 0.080251
v -0.000000 -0.293876 0.040686
v -0.000000 -0.279062 0.039037
v -0.016331 0.242250 -0.231636
v -0.021228 0.290575 -0.307647
v -0.000000 0.306371 -0.308327
v -0.000000 0.254821 -0.227072
v -0.067547 -0.127532 0.128430
v -0.057122 -0.025333 0.041222
v -0.000000 -0.002295 0.060362
v -0.000000 -0.112641 0.158421
v -0.105834 -0.415978 0.067019
v -0.108105 -0.437049 0.064684
v -0.000000 -0.429296 0.020714
v -0.000000 -0.408983 0.023709
v -0.056236 -0.018155 0.023035
v -0.051213 0.022520 -0.080030
v -0.000000 0.050672 -0.073643
v -0.000000 0.005650 0.040262
v -0.015426 0.319888 -0.434794
v -0.024236 0.261926 -0.355263
v -0.000000 0.277053 -0.396552
v -0.000000 0.312163 -0.440069
v -0.050302 0.021372 -0.100289
v -0.045141 0.014871 -0.215088
v -0.000000 0.039981 -0.221016
v -0.000000 0.049068 -0.095749
v -0.021228 0.290575 -0.307647
v -0.016597 0.339774 -0.421062
v -0.000000 0.346687 -0.416229
v -0.000000 0.306371 -0.308327
v -0.026591 0.269185 -0.449414
v -0.027006 0.270466 -0.466029
v -0.000000 0.285161 -0.472764
v -0.000000 0.283758 -0.457606
v -0.044339 0.006181 -0.232993
v -0.039796 -0.043063 -0.334454
v -0.000000 -0.018723 -0.337847
v -0.000000 0.031175 -0.238541
v -0.027590 0.069410 -0.581591
v -0.024212 0.147490 -0.575638
v -0.000000 0.141979 -0.556322
v -0.000000 0.071547 -0.559803
v -0.028988 0.240480 -0.544362
v -0.029338 0.235188 -0.558185
v 0.000000 0.247703 -0.570057
v 0.000000 0.253322 -0.555463
v -0.038896 -0.044075 -0.349725
v -0.033795 -0.049805 -0.436267
v -0.000000 -0.027691 -0.428230
v -0.000000 -0.020068 -0.351404
v -0.028839 -0.001601 -0.540745
v -0.028186 0.055631 -0.582641
v -0.000000 0.059118 -0.560417
v 0.000000 0.012290 -0.523106
v -0.037202 0.062562 -0.637686
v -0.037971 0.045319 -0.639838
v -0.000000 0.040704 -0.662555
v -0.000000 0.059319 -0.659972
v -0.032674 -0.044375 -0.451127
v -0.028954 -0.011700 -0.533352
v 0.000000 0.004026 -0.516522
v -0.000000 -0.023433 -0.442000
v -0.107576 -0.458606 0.186941
v -0.075303 -0.484989 0.163799
v -0.075674 -0.469899 0.078219
v -0.108105 -0.437049 0.064684
v -0.051296 -0.408885 0.047150
v -0.000000 -0.431316 0.048276
v -0.000000 -0.357027 0.008029
v -0.030339 -0.356882 0.018977
v -0.030339 -0.322426 0.039011
v -0.000000 -0.307804 0.036649
v -0.000000 -0.330040 0.085137
v -0.051296 -0.337992 0.072953
v -0.034684 -0.269601 0.053993
v -0.000000 -0.284563 0.058818
v -0.000000 -0.241624 0.018145
v -0.022215 -0.239543 0.025522
v -0.030339 -0.322426 0.039011
v -0.051296 -0.337992 0.072953
v -0.051296 -0.408885 0.047150
v -0.030339 -0.356882 0.018977
v -0.022215 -0.212616 0.032825
v -0.000000 -0.203157 0.028579
v -0.000000 -0.209407 0.065393
v -0.034684 -0.216991 0.058595
v -0.022215 -0.212616 0.032825
v -0.034684 -0.216991 0.058595
v -0.034684 -0.269601 0.053993
v -0.022215 -0.239543 0.025522
v -0.019548 0.244220 -0.535740
v -0.000000 0.238247 -0.544983
v -0.000000 0.273527 -0.523319
v -0.013387 0.268916 -0.520575
v -0.013387 0.268856 -0.501045
v -0.000000 0.273441 -0.495419
v -0.000000 0.247417 -0.492975
v -0.019548 0.250640 -0.499335
v -0.013387 0.268856 -0.501045
v -0.019548 0.250640 -0.499335
v -0.019548 0.244220 -0.535740
v -0.013387 0.268916 -0.520575
v -0.014502 0.216476 -0.587103
v -0.021177 0.201556 -0.576513
v -0.023295 0.179120 -0.605167
v -0.014502 0.206763 -0.604046
v -0.000000 0.246275 -0.614948
v -0.014502 0.216476 -0.587103
v -0.000000 0.223118 -0.584487
v -0.000000 0.201803 -0.569359
v -0.021177 0.201556 -0.576513
v -0.023295 0.179120 -0.605167
v -0.000000 0.169751 -0.610293
v -0.000000 0.209242 -0.608692
v -0.014502 0.206763 -0.604046
v 0.104240 -0.434979 0.187073
v 0.085337 -0.301088 0.187818
v 0.092965 -0.296574 0.080251
v 0.105834 -0.415978 0.067019
v 0.082945 -0.277760 0.181218
v 0.069387 -0.145568 0.143820
v 0.077317 -0.180848 0.062043
v 0.090617 -0.279215 0.077520
v 0.067547 -0.127532 0.128430
v 0.057122 -0.025333 0.041222
v 0.065173 -0.085010 -0.008060
v 0.075495 -0.166472 0.051528
v 0.056236 -0.018155 0.023035
v 0.051213 0.022520 -0.080030
v 0.059944 -0.050368 -0.096702
v 0.064389 -0.079814 -0.021356
v 0.050302 0.021372 -0.100289
v 0.045141 0.014871 -0.215088
v 0.054553 -0.050452 -0.200210
v 0.059135 -0.050380 -0.112228
v 0.044339 0.006181 -0.232993
v 0.039796 -0.043063 -0.334454
v 0.049758 -0.106541 -0.326183
v 0.053833 -0.058866 -0.219106
v 0.038896 -0.044075 -0.349725
v 0.033795 -0.049805 -0.436267
v 0.044009 -0.107470 -0.457473
v 0.048896 -0.106680 -0.345877
v 0.032674 -0.044375 -0.451127
v 0.028954 -0.011700 -0.533352
v 0.039117 -0.053165 -0.576818
v 0.042741 -0.099044 -0.475079
v 0.038945 -0.038392 -0.586271
v 0.039117 -0.053165 -0.576818
v 0.028954 -0.011700 -0.533352
v 0.028839 -0.001601 -0.540745
v 0.037202 0.062562 -0.637686
v 0.037971 0.045319 -0.639838
v 0.028186 0.055631 -0.582641
v 0.027590 0.069410 -0.581591
v 0.023821 0.155696 -0.568580
v 0.032316 0.171508 -0.615392
v 0.032842 0.160271 -0.625487
v 0.024212 0.147490 -0.575638
v 0.021327 0.206654 -0.516721
v 0.019735 0.231923 -0.449503
v 0.027006 0.270466 -0.466029
v 0.028988 0.240480 -0.544362
v 0.019380 0.230772 -0.430995
v 0.017366 0.224252 -0.326117
v 0.024236 0.261926 -0.355263
v 0.026591 0.269185 -0.449414
v 0.015426 0.319888 -0.434794
v 0.024236 0.261926 -0.355263
v 0.021228 0.290575 -0.307647
v 0.016597 0.339774 -0.421062
v 0.017366 0.224252 -0.326117
v 0.016331 0.242250 -0.231636
v 0.021228 0.290575 -0.307647
v 0.012161 0.197370 -0.248182
v -0.000000 0.135244 -0.118143
v 0.038945 -0.038392 -0.586271
v 0.000000 -0.053410 -0.604402
v 0.000000 -0.070018 -0.594140
v 0.039117 -0.053165 -0.576818
v 0.023821 0.155696 -0.568580
v -0.000000 0.149000 -0.550453
v 0.000000 0.188787 -0.517197
v 0.021608 0.202195 -0.528584
v 0.042741 -0.099044 -0.475079
v -0.000000 -0.121058 -0.484773
v -0.000000 -0.130665 -0.466098
v 0.044009 -0.107470 -0.457473
v 0.032316 0.171508 -0.615392
v -0.000000 0.177236 -0.634046
v -0.000000 0.164800 -0.645338
v 0.032842 0.160271 -0.625487
v 0.048896 -0.106680 -0.345877
v -0.000000 -0.131864 -0.344532
v -0.000000 -0.132076 -0.323079
v 0.049758 -0.106541 -0.326183
v 0.021327 0.206654 -0.516721
v 0.000000 0.192919 -0.506106
v -0.000000 0.216335 -0.443254
v 0.019735 0.231923 -0.449503
v 0.053833 -0.058866 -0.219106
v -0.000000 -0.084979 -0.213743
v -0.000000 -0.076668 -0.194449
v 0.054553 -0.050452 -0.200210
v 0.019380 0.230772 -0.430995
v -0.000000 0.215348 -0.426259
v -0.000000 0.209756 -0.329955
v 0.017366 0.224252 -0.326117
v 0.059135 -0.050380 -0.112228
v -0.000000 -0.079061 -0.117068
v -0.000000 -0.079484 -0.103413
v 0.059944 -0.050368 -0.096702
v 0.017366 0.224252 -0.326117
v -0.000000 0.209756 -0.329955
v -0.000000 0.183988 -0.253188
v 0.012161 0.197370 -0.248182
v 0.064389 -0.079814 -0.021356
v -0.000000 -0.104454 -0.039007
v -0.000000 -0.108860 -0.027642
v 0.065173 -0.085010 -0.008060
v 0.104240 -0.434979 0.187073
v -0.000000 -0.442913 0.238092
v -0.000000 -0.301938 0.232769
v 0.085337 -0.301088 0.187818
v 0.075495 -0.166472 0.051528
v -0.000000 -0.182176 0.021095
v -0.000000 -0.195114 0.029696
v 0.077317 -0.180848 0.062043
v 0.082945 -0.277760 0.181218
v -0.000000 -0.276464 0.224213
v -0.000000 -0.132113 0.175725
v 0.069387 -0.145568 0.143820
v 0.090617 -0.279215 0.077520
v -0.000000 -0.279062 0.039037
v -0.000000 -0.293876 0.040686
v 0.092965 -0.296574 0.080251
v 0.016331 0.242250 -0.231636
v -0.000000 0.254821 -0.227072
v -0.000000 0.306371 -0.308327
v 0.021228 0.290575 -0.307647
v 0.067547 -0.127532 0.128430
v -0.000000 -0.112641 0.158421
v -0.000000 -0.002295 0.060362
v 0.057122 -0.025333 0.041222
v 0.105834 -0.415978 0.067019
v -0.000000 -0.408983 0.023709
v -0.000000 -0.429296 0.020714
v 0.108105 -0.437049 0.064684
v 0.056236 -0.018155 0.023035
v -0.000000 0.005650 0.040262
v -0.000000 0.050672 -0.073643
v 0.051213 0.022520 -0.080030
v 0.015426 0.319888 -0.434794
v -0.000000 0.312163 -0.440069
v -0.000000 0.277053 -0.396552
v 0.024236 0.261926 -0.355263
v 0.050302 0.021372 -0.100289
v -0.000000 0.049068 -0.095749
v -0.000000 0.039981 -0.221016
v 0.045141 0.014871 -0.215088
v 0.021228 0.290575 -0.307647
v -0.000000 0.306371 -0.308327
v -0.000000 0.346687 -0.416229
v 0.016597 0.339774 -0.421062
v 0.026591 0.269185 -0.449414
v -0.000000 0.283758 -0.457606
v -0.000000 0.285161 -0.472764
v 0.027006 0.270466 -0.466029
v 0.044339 0.006181 -0.232993
v -0.000000 0.031175 -0.238541
v -0.000000 -0.018723 -0.337847
v 0.039796 -0.043063 -0.334454
v 0.027590 0.069410 -0.581591
v -0.000000 0.071547 -0.559803
v -0.000000 0.141979 -0.556322
v 0.024212 0.147490 -0.575638
v 0.028988 0.240480 -0.544362
v 0.000000 0.253322 -0.555463
v 0.000000 0.247703 -0.570057
v 0.029338 0.235188 -0.558185
v 0.038896 -0.044075 -0.349725
v -0.000000 -0.020068 -0.351404
v -0.000000 -0.027691 -0.428230
v 0.033795 -0.049805 -0.436267
v 0.028839 -0.001601 -0.540745
v 0.000000 0.012290 -0.523106
v -0.000000 0.059118 -0.560417
v 0.028186 0.055631 -0.582641
v 0.037202 0.062562 -0.637686
v -0.000000 0.059319 -0.659972
v -0.000000 0.040704 -0.662555
v 0.037971 0.045319 -0.639838
v 0.032674 -0.044375 -0.451127
v -0.000000 -0.023433 -0.442000
v 0.000000 0.004026 -0.516522
v 0.028954 -0.011700 -0.533352
v 0.107576 -0.458606 0.186941
v 0.075303 -0.484989 0.163799
v -0.000000 -0.491418 0.200262
v -0.000000 -0.467791 0.239031
v 0.051296 -0.408885 0.047150
v 0.030339 -0.356882 0.018977
v -0.000000 -0.357027 0.008029
v -0.000000 -0.431316 0.048276
v 0.030339 -0.322426 0.039011
v 0.051296 -0.337992 0.072953
v -0.000000 -0.330040 0.085137
v -0.000000 -0.307804 0.036649
v 0.034684 -0.269601 0.053993
v 0.022215 -0.239543 0.025522
v -0.000000 -0.241624 0.018145
v -0.000000 -0.284563 0.058818
v 0.030339 -0.322426 0.039011
v 0.030339 -0.356882 0.018977
v 0.051296 -0.408885 0.047150
v 0.051296 -0.337992 0.072953
v 0.022215 -0.212616 0.032825
v 0.034684 -0.216991 0.058595
v -0.000000 -0.209407 0.065393
v -0.000000 -0.203157 0.028579
v 0.022215 -0.212616 0.032825
v 0.022215 -0.239543 0.025522
v 0.034684 -0.269601 0.053993
v 0.034684 -0.216991 0.058595
v 0.019548 0.244220 -0.535740
v 0.013387 0.268916 -0.520575
v -0.000000 0.273527 -0.523319
v -0.000000 0.238247 -0.544983
v 0.013387 0.268856 -0.501045
v 0.019548 0.250640 -0.499335
v -0.000000 0.247417 -0.492975
v -0.000000 0.273441 -0.495419
v 0.013387 0.268856 -0.501045
v 0.013387 0.268916 -0.520575
v 0.019548 0.244220 -0.535740
v 0.019548 0.250640 -0.499335
v 0.014502 0.216476 -0.587103
v 0.023295 0.179120 -0.605167
v 0.021177 0.201556 -0.576513
v 0.014502 0.206763 -0.604046
v -0.000000 0.246275 -0.614948
v 0.014502 0.216476 -0.587103
v 0.021177 0.201556 -0.576513
v -0.000000 0.201803 -0.569359
v -0.000000 0.223118 -0.584487
v 0.023295 0.179120 -0.605167
v 0.014502 0.206763 -0.604046
v -0.000000 0.209242 -0.608692
v -0.000000 0.169751 -0.610293
v -0.075674 -0.469899 0.078219
v -0.075303 -0.484989 0.163799
v -0.000000 -0.491418 0.200262
v -0.000000 -0.464471 0.047440
v 0.075674 -0.469899 0.078219
v 0.075303 -0.484989 0.163799
v 0.108105 -0.437049 0.064684
v 0.075674 -0.469899 0.078219
v 0.075303 -0.484989 0.163799
v 0.107576 -0.458606 0.186941
v -0.000000 -0.429296 0.020714
v -0.000000 -0.464471 0.047440
v 0.075674 -0.469899 0.078219
v 0.108105 -0.437049 0.064684
v -0.000000 -0.467791 0.239031
v -0.000000 -0.491418 0.200262
v -0.075303 -0.484989 0.163799
v -0.107576 -0.458606 0.186941
v -0.108105 -0.437049 0.064684
v -0.075674 -0.469899 0.078219
v -0.000000 -0.464471 0.047440
v -0.000000 -0.429296 0.020714
v 0.092965 -0.296574 0.080251
v -0.000000 -0.293876 0.040686
v -0.000000 -0.408983 0.023709
v 0.105834 -0.415978 0.067019
v 0.107576 -0.458606 0.186941
v -0.000000 -0.467791 0.239031
v -0.000000 -0.442913 0.238092
v 0.104240 -0.434979 0.187073
v 0.107576 -0.458606 0.186941
v 0.104240 -0.434979 0.187073
v 0.105834 -0.415978 0.067019
v 0.108105 -0.437049 0.064684
v -0.092965 -0.296574 0.080251
v -0.105834 -0.415978 0.067019
v -0.000000 -0.408983 0.023709
v -0.000000 -0.293876 0.040686
v -0.107576 -0.458606 0.186941
v -0.104240 -0.434979 0.187073
v -0.000000 -0.442913 0.238092
v -0.000000 -0.467791 0.239031
v -0.107576 -0.458606 0.186941
v -0.108105 -0.437049 0.064684
v -0.105834 -0.415978 0.067019
v -0.104240 -0.434979 0.187073
v 0.077317 -0.180848 0.062043
v -0.000000 -0.195114 0.029696
v -0.000000 -0.279062 0.039037
v 0.090617 -0.279215 0.077520
v 0.085337 -0.301088 0.187818
v -0.000000 -0.301938 0.232769
v -0.000000 -0.276464 0.224213
v 0.082945 -0.277760 0.181218
v 0.085337 -0.301088 0.187818
v 0.082945 -0.277760 0.181218
v 0.090617 -0.279215 0.077520
v 0.092965 -0.296574 0.080251
v -0.077317 -0.180848 0.062043
v -0.090617 -0.279215 0.077520
v -0.000000 -0.279062 0.039037
v -0.000000 -0.195114 0.029696
v -0.085337 -0.301088 0.187818
v -0.082945 -0.277760 0.181218
v -0.000000 -0.276464 0.224213
v -0.000000 -0.301938 0.232769
v -0.085337 -0.301088 0.187818
v -0.092965 -0.296574 0.080251
v -0.090617 -0.279215 0.077520
v -0.082945 -0.277760 0.181218
v 0.069387 -0.145568 0.143820
v -0.000000 -0.132113 0.175725
v -0.000000 -0.112641 0.158421
v 0.067547 -0.127532 0.128430
v 0.065173 -0.085010 -0.008060
v -0.000000 -0.108860 -0.027642
v -0.000000 -0.182176 0.021095
v 0.075495 -0.166472 0.051528
v 0.069387 -0.145568 0.143820
v 0.067547 -0.127532 0.128430
v 0.075495 -0.166472 0.051528
v 0.077317 -0.180848 0.062043
v -0.069387 -0.145568 0.143820
v -0.067547 -0.127532 0.128430
v -0.000000 -0.112641 0.158421
v -0.000000 -0.132113 0.175725
v -0.065173 -0.085010 -0.008060
v -0.075495 -0.166472 0.051528
v -0.000000 -0.182176 0.021095
v -0.000000 -0.108860 -0.027642
v -0.069387 -0.145568 0.143820
v -0.077317 -0.180848 0.062043
v -0.075495 -0.166472 0.051528
v -0.067547 -0.127532 0.128430
v 0.057122 -0.025333 0.041222
v -0.000000 -0.002295 0.060362
v -0.000000 0.005650 0.040262
v 0.056236 -0.018155 0.023035
v 0.059944 -0.050368 -0.096702
v -0.000000 -0.079484 -0.103413
v -0.000000 -0.104454 -0.039007
v 0.064389 -0.079814 -0.021356
v 0.057122 -0.025333 0.041222
v 0.056236 -0.018155 0.023035
v 0.064389 -0.079814 -0.021356
v 0.065173 -0.085010 -0.008060
v -0.057122 -0.025333 0.041222
v -0.056236 -0.018155 0.023035
v -0.000000 0.005650 0.040262
v -0.000000 -0.002295 0.060362
v -0.059944 -0.050368 -0.096702
v -0.064389 -0.079814 -0.021356
v -0.000000 -0.104454 -0.039007
v -0.000000 -0.079484 -0.103413
v -0.057122 -0.025333 0.041222
v -0.065173 -0.085010 -0.008060
v -0.064389 -0.079814 -0.021356
v -0.056236 -0.018155 0.023035
v 0.051213 0.022520 -0.080030
v -0.000000 0.050672 -0.073643
v -0.000000 0.049068 -0.095749
v 0.050302 0.021372 -0.100289
v 0.054553 -0.050452 -0.200210
v -0.000000 -0.076668 -0.194449
v -0.000000 -0.079061 -0.117068
v 0.059135 -0.050380 -0.112228
v 0.051213 0.022520 -0.080030
v 0.050302 0.021372 -0.100289
v 0.059135 -0.050380 -0.112228
v 0.059944 -0.050368 -0.096702
v -0.051213 0.022520 -0.080030
v -0.050302 0.021372 -0.100289
v -0.000000 0.049068 -0.095749
v -0.000000 0.050672 -0.073643
v -0.054553 -0.050452 -0.200210
v -0.059135 -0.050380 -0.112228
v -0.000000 -0.079061 -0.117068
v -0.000000 -0.076668 -0.194449
v -0.051213 0.022520 -0.080030
v -0.059944 -0.050368 -0.096702
v -0.059135 -0.050380 -0.112228
v -0.050302 0.021372 -0.100289
v 0.045141 0.014871 -0.215088
v -0.000000 0.039981 -0.221016
v -0.000000 0.031175 -0.238541
v 0.044339 0.006181 -0.232993
v 0.049758 -0.106541 -0.326183
v -0.000000 -0.132076 -0.323079
v -0.000000 -0.084979 -0.213743
v 0.053833 -0.058866 -0.219106
v 0.045141 0.014871 -0.215088
v 0.044339 0.006181 -0.232993
v 0.053833 -0.058866 -0.219106
v 0.054553 -0.050452 -0.200210
v -0.045141 0.014871 -0.215088
v -0.044339 0.006181 -0.232993
v -0.000000 0.031175 -0.238541
v -0.000000 0.039981 -0.221016
v -0.049758 -0.106541 -0.326183
v -0.053833 -0.058866 -0.219106
v -0.000000 -0.084979 -0.213743
v -0.000000 -0.132076 -0.323079
v -0.045141 0.014871 -0.215088
v -0.054553 -0.050452 -0.200210
v -0.053833 -0.058866 -0.219106
v -0.044339 0.006181 -0.232993
v 0.039796 -0.043063 -0.334454
v -0.000000 -0.018723 -0.337847
v -0.000000 -0.020068 -0.351404
v 0.038896 -0.044075 -0.349725
v 0.044009 -0.107470 -0.457473
v -0.000000 -0.130665 -0.466098
v -0.000000 -0.131864 -0.344532
v 0.048896 -0.106680 -0.345877
v 0.039796 -0.043063 -0.334454
v 0.038896 -0.044075 -0.349725
v 0.048896 -0.106680 -0.345877
v 0.049758 -0.106541 -0.326183
v -0.039796 -0.043063 -0.334454
v -0.038896 -0.044075 -0.349725
v -0.000000 -0.020068 -0.351404
v -0.000000 -0.018723 -0.337847
v -0.044009 -0.107470 -0.457473
v -0.048896 -0.106680 -0.345877
v -0.000000 -0.131864 -0.344532
v -0.000000 -0.130665 -0.466098
v -0.039796 -0.043063 -0.334454
v -0.049758 -0.106541 -0.326183
v -0.048896 -0.106680 -0.345877
v -0.038896 -0.044075 -0.349725
v 0.033795 -0.049805 -0.436267
v -0.000000 -0.027691 -0.428230
v -0.000000 -0.023433 -0.442000
v 0.032674 -0.044375 -0.451127
v 0.039117 -0.053165 -0.576818
v 0.000000 -0.070018 -0.594140
v -0.000000 -0.121058 -0.484773
v 0.042741 -0.099044 -0.475079
v 0.033795 -0.049805 -0.436267
v 0.032674 -0.044375 -0.451127
v 0.042741 -0.099044 -0.475079
v 0.044009 -0.107470 -0.457473
v -0.033795 -0.049805 -0.436267
v -0.032674 -0.044375 -0.451127
v -0.000000 -0.023433 -0.442000
v -0.000000 -0.027691 -0.428230
v -0.039117 -0.053165 -0.576818
v -0.042741 -0.099044 -0.475079
v -0.000000 -0.121058 -0.484773
v 0.000000 -0.070018 -0.594140
v -0.033795 -0.049805 -0.436267
v -0.044009 -0.107470 -0.457473
v -0.042741 -0.099044 -0.475079
v -0.032674 -0.044375 -0.451127
v 0.028954 -0.011700 -0.533352
v 0.000000 0.004026 -0.516522
v 0.000000 0.012290 -0.523106
v 0.028839 -0.001601 -0.540745
v 0.037971 0.045319 -0.639838
v -0.000000 0.040704 -0.662555
v 0.000000 -0.053410 -0.604402
v 0.038945 -0.038392 -0.586271
v 0.037971 0.045319 -0.639838
v 0.038945 -0.038392 -0.586271
v 0.028839 -0.001601 -0.540745
v 0.028186 0.055631 -0.582641
v -0.028954 -0.011700 -0.533352
v -0.028839 -0.001601 -0.540745
v 0.000000 0.012290 -0.523106
v 0.000000 0.004026 -0.516522
v -0.037971 0.045319 -0.639838
v -0.038945 -0.038392 -0.586271
v 0.000000 -0.053410 -0.604402
v -0.000000 0.040704 -0.662555
v -0.037971 0.045319 -0.639838
v -0.028186 0.055631 -0.582641
v -0.028839 -0.001601 -0.540745
v -0.038945 -0.038392 -0.586271
v 0.032842 0.160271 -0.625487
v -0.000000 0.164800 -0.645338
v -0.000000 0.059319 -0.659972
v 0.037202 0.062562 -0.637686
v 0.028186 0.055631 -0.582641
v -0.000000 0.059118 -0.560417
v -0.000000 0.071547 -0.559803
v 0.027590 0.069410 -0.581591
v 0.032842 0.160271 -0.625487
v 0.037202 0.062562 -0.637686
v 0.027590 0.069410 -0.581591
v 0.024212 0.147490 -0.575638
v -0.032842 0.160271 -0.625487
v -0.037202 0.062562 -0.637686
v -0.000000 0.059319 -0.659972
v -0.000000 0.164800 -0.645338
v -0.028186 0.055631 -0.582641
v -0.027590 0.069410 -0.581591
v -0.000000 0.071547 -0.559803
v -0.000000 0.059118 -0.560417
v -0.032842 0.160271 -0.625487
v -0.024212 0.147490 -0.575638
v -0.027590 0.069410 -0.581591
v -0.037202 0.062562 -0.637686
v 0.029338 0.235188 -0.558185
v 0.000000 0.247703 -0.570057
v -0.000000 0.177236 -0.634046
v 0.032316 0.171508 -0.615392
v 0.024212 0.147490 -0.575638
v -0.000000 0.141979 -0.556322
v -0.000000 0.149000 -0.550453
v 0.023821 0.155696 -0.568580
v 0.021608 0.202195 -0.528584
v 0.029338 0.235188 -0.558185
v 0.032316 0.171508 -0.615392
v 0.023821 0.155696 -0.568580
v -0.029338 0.235188 -0.558185
v -0.032316 0.171508 -0.615392
v -0.000000 0.177236 -0.634046
v 0.000000 0.247703 -0.570057
v -0.024212 0.147490 -0.575638
v -0.023821 0.155696 -0.568580
v -0.000000 0.149000 -0.550453
v -0.000000 0.141979 -0.556322
v -0.021608 0.202195 -0.528584
v -0.023821 0.155696 -0.568580
v -0.032316 0.171508 -0.615392
v -0.029338 0.235188 -0.558185
v 0.027006 0.270466 -0.466029
v -0.000000 0.285161 -0.472764
v 0.000000 0.253322 -0.555463
v 0.028988 0.240480 -0.544362
v 0.021608 0.202195 -0.528584
v 0.000000 0.188787 -0.517197
v 0.000000 0.192919 -0.506106
v 0.021327 0.206654 -0.516721
v 0.021608 0.202195 -0.528584
v 0.021327 0.206654 -0.516721
v 0.028988 0.240480 -0.544362
v 0.029338 0.235188 -0.558185
v -0.027006 0.270466 -0.466029
v -0.028988 0.240480 -0.544362
v 0.000000 0.253322 -0.555463
v -0.000000 0.285161 -0.472764
v -0.021608 0.202195 -0.528584
v -0.021327 0.206654 -0.516721
v 0.000000 0.192919 -0.506106
v 0.000000 0.188787 -0.517197
v -0.021608 0.202195 -0.528584
v -0.029338 0.235188 -0.558185
v -0.028988 0.240480 -0.544362
v -0.021327 0.206654 -0.516721
v 0.024236 0.261926 -0.355263
v -0.000000 0.277053 -0.396552
v -0.000000 0.283758 -0.457606
v 0.026591 0.269185 -0.449414
v 0.019735 0.231923 -0.449503
v -0.000000 0.216335 -0.443254
v -0.000000 0.215348 -0.426259
v 0.019380 0.230772 -0.430995
v 0.019735 0.231923 -0.449503
v 0.019380 0.230772 -0.430995
v 0.026591 0.269185 -0.449414
v 0.027006 0.270466 -0.466029
v -0.024236 0.261926 -0.355263
v -0.026591 0.269185 -0.449414
v -0.000000 0.283758 -0.457606
v -0.000000 0.277053 -0.396552
v -0.019735 0.231923 -0.449503
v -0.019380 0.230772 -0.430995
v -0.000000 0.215348 -0.426259
v -0.000000 0.216335 -0.443254
v -0.019735 0.231923 -0.449503
v -0.027006 0.270466 -0.466029
v -0.026591 0.269185 -0.449414
v -0.019380 0.230772 -0.430995
v -0.014594 0.190704 -0.244529
v -0.000000 0.174645 -0.250535
v -0.000000 0.116153 -0.088481
v -0.000000 0.116153 -0.088481
v -0.000000 0.259645 -0.219197
v -0.019597 0.244560 -0.224673
v 0.014594 0.190704 -0.244529
v -0.000000 0.116153 -0.088481
v -0.000000 0.174645 -0.250535
v -0.000000 0.116153 -0.088481
v 0.019597 0.244560 -0.224673
v -0.000000 0.259645 -0.219197
v -0.033373 -0.357367 0.017079
v -0.033373 -0.319465 0.039117
v -0.000000 -0.292551 -0.048694
v -0.000000 -0.292551 -0.048694
v -0.033373 -0.319465 0.039117
v -0.000000 -0.303380 0.036518
v -0.033373 -0.357367 0.017079
v -0.000000 -0.292551 -0.048694
v -0.000000 -0.357525 0.005036
v 0.033373 -0.357367 0.017079
v -0.000000 -0.292551 -0.048694
v 0.033373 -0.319465 0.039117
v -0.000000 -0.292551 -0.048694
v -0.000000 -0.303380 0.036518
v 0.033373 -0.319465 0.039117
v 0.033373 -0.357367 0.017079
v -0.000000 -0.357525 0.005036
v -0.000000 -0.292551 -0.048694
v -0.024437 -0.240215 0.024326
v -0.024437 -0.210595 0.032360
v -0.000000 -0.208306 -0.031889
v -0.000000 -0.208306 -0.031889
v -0.024437 -0.210595 0.032360
v -0.000000 -0.200190 0.027689
v -0.024437 -0.240215 0.024326
v -0.000000 -0.208306 -0.031889
v -0.000000 -0.242504 0.016212
v 0.024437 -0.240215 0.024326
v -0.000000 -0.208306 -0.031889
v 0.024437 -0.210595 0.032360
v -0.000000 -0.208306 -0.031889
v -0.000000 -0.200190 0.027689
v 0.024437 -0.210595 0.032360
v 0.024437 -0.240215 0.024326
v -0.000000 -0.242504 0.016212
v -0.000000 -0.208306 -0.031889
v -0.015953 0.206993 -0.604963
v -0.000000 0.250456 -0.616955
v -0.000000 0.209720 -0.610073
v -0.000000 0.250456 -0.616955
v -0.015953 0.217678 -0.586325
v -0.000000 0.224984 -0.583448
v 0.015953 0.206993 -0.604963
v -0.000000 0.209720 -0.610073
v -0.000000 0.250456 -0.616955
v -0.000000 0.250456 -0.616955
v -0.000000 0.224984 -0.583448
v 0.015953 0.217678 -0.586325
v -0.014725 0.269603 -0.521246
v -0.014725 0.269537 -0.499763
v -0.000000 0.313394 -0.509856
v -0.000000 0.313394 -0.509856
v -0.014725 0.269537 -0.499763
v -0.000000 0.274581 -0.493574
v -0.014725 0.269603 -0.521246
v -0.000000 0.313394 -0.509856
v -0.000000 0.274675 -0.524264
v 0.014725 0.269603 -0.521246
v -0.000000 0.313394 -0.509856
v 0.014725 0.269537 -0.499763
v -0.000000 0.313394 -0.509856
v -0.000000 0.274581 -0.493574
v 0.014725 0.269537 -0.499763
v 0.014725 0.269603 -0.521246
v -0.000000 0.274675 -0.524264
v -0.000000 0.313394 -0.509856
v -0.020839 0.222962 -0.338050
v -0.019597 0.244560 -0.224673
v -0.025473 0.302551 -0.315886
v -0.014594 0.190704 -0.244529
v -0.000000 0.116153 -0.088481
v -0.020839 0.222962 -0.338050
v -0.000000 0.205567 -0.342656
v -0.000000 0.174645 -0.250535
v -0.014594 0.190704 -0.244529
v -0.019597 0.244560 -0.224673
v -0.000000 0.259645 -0.219197
v -0.000000 0.321505 -0.316703
v -0.025473 0.302551 -0.315886
v 0.020839 0.222962 -0.338050
v 0.025473 0.302551 -0.315886
v 0.019597 0.244560 -0.224673
v 0.014594 0.190704 -0.244529
v -0.000000 0.116153 -0.088481
v 0.020839 0.222962 -0.338050
v 0.014594 0.190704 -0.244529
v -0.000000 0.174645 -0.250535
v -0.000000 0.205567 -0.342656
v 0.019597 0.244560 -0.224673
v 0.025473 0.302551 -0.315886
v -0.000000 0.321505 -0.316703
v -0.000000 0.259645 -0.219197
v -0.056425 -0.414569 0.048069
v -0.033373 -0.357367 0.017079
v -0.000000 -0.357525 0.005036
v -0.000000 -0.439243 0.049308
v -0.033373 -0.319465 0.039117
v -0.056425 -0.336587 0.076453
v -0.000000 -0.327840 0.089855
v -0.000000 -0.303380 0.036518
v -0.033373 -0.319465 0.039117
v -0.033373 -0.357367 0.017079
v -0.056425 -0.414569 0.048069
v -0.056425 -0.336587 0.076453
v 0.056425 -0.414569 0.048069
v -0.000000 -0.439243 0.049308
v -0.000000 -0.357525 0.005036
v 0.033373 -0.357367 0.017079
v 0.033373 -0.319465 0.039117
v -0.000000 -0.303380 0.036518
v -0.000000 -0.327840 0.089855
v 0.056425 -0.336587 0.076453
v 0.033373 -0.319465 0.039117
v 0.056425 -0.336587 0.076453
v 0.056425 -0.414569 0.048069
v 0.033373 -0.357367 0.017079
v -0.038153 -0.273278 0.055644
v -0.024437 -0.240215 0.024326
v -0.000000 -0.242504 0.016212
v -0.000000 -0.289737 0.060952
v -0.024437 -0.210595 0.032360
v -0.038153 -0.215407 0.060707
v -0.000000 -0.207065 0.068184
v -0.000000 -0.200190 0.027689
v -0.024437 -0.210595 0.032360
v -0.024437 -0.240215 0.024326
v -0.038153 -0.273278 0.055644
v -0.038153 -0.215407 0.060707
v 0.038153 -0.273278 0.055644
v -0.000000 -0.289737 0.060952
v -0.000000 -0.242504 0.016212
v 0.024437 -0.240215 0.024326
v 0.024437 -0.210595 0.032360
v -0.000000 -0.200190 0.027689
v -0.000000 -0.207065 0.068184
v 0.038153 -0.215407 0.060707
v 0.024437 -0.210595 0.032360
v 0.038153 -0.215407 0.060707
v 0.038153 -0.273278 0.055644
v 0.024437 -0.240215 0.024326
v -0.015953 0.217678 -0.586325
v -0.025624 0.176585 -0.606196
v -0.023295 0.201265 -0.574676
v -0.015953 0.206993 -0.604963
v -0.000000 0.250456 -0.616955
v -0.015953 0.217678 -0.586325
v -0.023295 0.201265 -0.574676
v -0.000000 0.201537 -0.566806
v -0.000000 0.224984 -0.583448
v -0.025624 0.176585 -0.606196
v -0.015953 0.206993 -0.604963
v -0.000000 0.209720 -0.610073
v -0.000000 0.166280 -0.611834
v 0.015953 0.217678 -0.586325
v 0.023295 0.201265 -0.574676
v 0.025624 0.176585 -0.606196
v 0.015953 0.206993 -0.604963
v -0.000000 0.250456 -0.616955
v 0.015953 0.217678 -0.586325
v -0.000000 0.224984 -0.583448
v -0.000000 0.201537 -0.566806
v 0.023295 0.201265 -0.574676
v 0.025624 0.176585 -0.606196
v -0.000000 0.166280 -0.611834
v -0.000000 0.209720 -0.610073
v 0.015953 0.206993 -0.604963
v -0.021503 0.242437 -0.537927
v -0.014725 0.269603 -0.521246
v -0.000000 0.274675 -0.524264
v -0.000000 0.235867 -0.548094
v -0.014725 0.269537 -0.499763
v -0.021503 0.249499 -0.497881
v -0.000000 0.245954 -0.490886
v -0.000000 0.274581 -0.493574
v -0.014725 0.269537 -0.499763
v -0.014725 0.269603 -0.521246
v -0.021503 0.242437 -0.537927
v -0.021503 0.249499 -0.497881
v 0.021503 0.242437 -0.537927
v -0.000000 0.235867 -0.548094
v -0.000000 0.274675 -0.524264
v 0.014725 0.269603 -0.521246
v 0.014725 0.269537 -0.499763
v -0.000000 0.274581 -0.493574
v -0.000000 0.245954 -0.490886
v 0.021503 0.249499 -0.497881
v 0.014725 0.269537 -0.499763
v 0.021503 0.249499 -0.497881
v 0.021503 0.242437 -0.537927
v 0.014725 0.269603 -0.521246
vt 0.258300781 0.743164062
vt 0.256591797 0.747070312
vt 0.260742188 0.746582031
vt 0.255371094 0.727539062
vt 0.254638672 0.735839844
vt 0.255859375 0.734863281
vt 0.262451172 0.754394531
vt 0.266113281 0.767089844
vt 0.263916016 0.75390625
vt 0.225952148 0.802734375
vt 0.225219727 0.7890625
vt 0.223266602 0.7890625
vt 0.255371094 0.727539062
vt 0.255859375 0.734863281
vt 0.257568359 0.734375
vt 0.278564453 0.728027344
vt 0.275878906 0.720214844
vt 0.277832031 0.728515625
vt 0.038848877 0.78125
vt 0.0397338867 0.775390625
vt 0.0355529785 0.779785156
vt 0.0531616211 0.779785156
vt 0.0538330078 0.775390625
vt 0.0508117676 0.779296875
vt 0.0538330078 0.775390625
vt 0.0504150391 0.776855469
vt 0.0508117676 0.779296875
vt 0.065612793 0.78515625
vt 0.0625 0.778320312
vt 0.0607299805 0.778808594
vt 0.0684204102 0.783203125
vt 0.0709228516 0.783203125
vt 0.0709228516 0.776855469
vt 0.115600586 0.775878906
vt 0.117492676 0.775878906
vt 0.117858887 0.770996094
vt 0.055480957 0.778808594
vt 0.0576477051 0.775390625
vt 0.0549926758 0.77734375
vt 0.0786132812 0.771484375
vt 0.077331543 0.774902344
vt 0.0784912109 0.775390625
vt 0.055480957 0.778808594
vt 0.0567932129 0.778808594
vt 0.0576477051 0.775390625
vt 0.10534668 0.779296875
vt 0.104248047 0.779296875
vt 0.103393555 0.782714844
vt 0.0804443359 0.743164062
vt 0.0791625977 0.745605469
vt 0.0804443359 0.74609375
vt 0.244628906 0.739746094
vt 0.247192383 0.737792969
vt 0.243774414 0.734375
vt 0.227905273 0.791015625
vt 0.227905273 0.78515625
vt 0.22644043 0.785644531
vt 0.249633789 0.730957031
vt 0.251220703 0.731933594
vt 0.254638672 0.720214844
vt 0.276367188 0.759765625
vt 0.278564453 0.747558594
vt 0.276611328 0.747558594
vt 0.227172852 0.778808594
vt 0.22644043 0.78515625
vt 0.228027344 0.78515625
vt 0.276123047 0.728515625
vt 0.277832031 0.728515625
vt 0.275878906 0.720214844
vt 0.109802246 0.778808594
vt 0.109436035 0.781738281
vt 0.11505127 0.784179688
vt 0.047454834 0.779785156
vt 0.0464477539 0.781738281
vt 0.0497131348 0.784179688
vt 0.0448913574 0.775390625
vt 0.0415649414 0.779785156
vt 0.0437316895 0.780273438
vt 0.065612793 0.78515625
vt 0.0650634766 0.776855469
vt 0.0625 0.778320312
vt 0.109802246 0.778808594
vt 0.11505127 0.784179688
vt 0.112731934 0.778320312
vt 0.047454834 0.779785156
vt 0.0497131348 0.784179688
vt 0.0494995117 0.780273438
vt 0.0733032227 0.778808594
vt 0.0716552734 0.779296875
vt 0.0737915039 0.781738281
vt 0.0737915039 0.781738281
vt 0.0716552734 0.779296875
vt 0.0716552734 0.780761719
vt 0.117736816 0.7421875
vt 0.117736816 0.738769531
vt 0.116638184 0.741699219
vt 0.102966309 0.778320312
vt 0.103393555 0.782714844
vt 0.104248047 0.779296875
vt 0.102966309 0.780761719
vt 0.101074219 0.777832031
vt 0.100402832 0.779296875
vt 0.221313477 0.765625
vt 0.226806641 0.762207031
vt 0.225463867 0.755859375
vt 0.220092773 0.758300781
vt 0.220092773 0.750488281
vt 0.224975586 0.750488281
vt 0.224609375 0.744628906
vt 0.220092773 0.743164062
vt 0.221679688 0.736328125
vt 0.225463867 0.739746094
vt 0.226318359 0.734375
vt 0.223266602 0.729980469
vt 0.228759766 0.780273438
vt 0.232177734 0.778320312
vt 0.231689453 0.773925781
vt 0.228027344 0.773925781
vt 0.259033203 0.797363281
vt 0.263427734 0.79296875
vt 0.262695312 0.790039062
vt 0.258544922 0.792480469
vt 0.259277344 0.787109375
vt 0.263427734 0.784179688
vt 0.264160156 0.778320312
vt 0.260009766 0.78125
vt 0.259521484 0.777832031
vt 0.263183594 0.773925781
vt 0.262451172 0.770019531
vt 0.258789062 0.774414062
vt 0.21105957 0.781738281
vt 0.208129883 0.778320312
vt 0.206542969 0.782226562
vt 0.209594727 0.784667969
vt 0.0504760742 0.77734375
vt 0.053527832 0.778320312
vt 0.0539245605 0.774414062
vt 0.0509033203 0.772460938
vt 0.0646362305 0.791015625
vt 0.0673217773 0.789550781
vt 0.0662231445 0.785644531
vt 0.0631713867 0.786132812
vt 0.0908813477 0.718261719
vt 0.0925292969 0.716308594
vt 0.0914916992 0.711914062
vt 0.0892944336 0.714355469
vt 0.261962891 0.731445312
vt 0.259521484 0.729003906
vt 0.258544922 0.732910156
vt 0.260986328 0.734863281
vt 0.260742188 0.740722656
vt 0.258300781 0.73828125
vt 0.258300781 0.743164062
vt 0.260742188 0.746582031
vt 0.255859375 0.734863281
vt 0.254638672 0.735839844
vt 0.256591797 0.747070312
vt 0.258300781 0.743164062
vt 0.260742188 0.746582031
vt 0.256591797 0.747070312
vt 0.259521484 0.754882812
vt 0.262451172 0.754394531
vt 0.266113281 0.767089844
vt 0.078918457 0.716308594
vt 0.0814208984 0.720214844
vt 0.0848999023 0.71875
vt 0.08203125 0.714355469
vt 0.212524414 0.801757812
vt 0.214111328 0.803710938
vt 0.215942383 0.802246094
vt 0.214599609 0.80078125
vt 0.0888671875 0.740722656
vt 0.0897216797 0.746582031
vt 0.0941772461 0.74609375
vt 0.0928344727 0.739746094
vt 0.0454406738 0.781738281
vt 0.0458374023 0.776855469
vt 0.0428161621 0.775878906
vt 0.0425109863 0.780761719
vt 0.0709838867 0.755859375
vt 0.0702514648 0.762207031
vt 0.0751953125 0.762695312
vt 0.0756835938 0.755859375
vt 0.261962891 0.731445312
vt 0.260986328 0.734863281
vt 0.262939453 0.735351562
vt 0.263916016 0.732421875
vt 0.0762329102 0.769042969
vt 0.0739746094 0.774414062
vt 0.0792236328 0.774902344
vt 0.0812988281 0.76953125
vt 0.260742188 0.740722656
vt 0.260742188 0.746582031
vt 0.262939453 0.74609375
vt 0.262939453 0.740722656
vt 0.0848388672 0.759277344
vt 0.0842895508 0.764160156
vt 0.0901489258 0.763671875
vt 0.0904541016 0.759765625
vt 0.260742188 0.746582031
vt 0.262451172 0.754394531
vt 0.263916016 0.75390625
vt 0.262939453 0.74609375
vt 0.0946044922 0.788085938
vt 0.0950927734 0.792480469
vt 0.101135254 0.791015625
vt 0.100585938 0.787109375
vt 0.221313477 0.765625
vt 0.220092773 0.758300781
vt 0.211303711 0.758789062
vt 0.211547852 0.766601562
vt 0.0840454102 0.801757812
vt 0.0861206055 0.805664062
vt 0.0925292969 0.802734375
vt 0.0902709961 0.799316406
vt 0.220092773 0.750488281
vt 0.220092773 0.743164062
vt 0.213134766 0.7421875
vt 0.212280273 0.750488281
vt 0.118408203 0.783691406
vt 0.119262695 0.778808594
vt 0.110229492 0.780273438
vt 0.110107422 0.784179688
vt 0.225219727 0.7890625
vt 0.225341797 0.782226562
vt 0.223144531 0.781738281
vt 0.223266602 0.7890625
vt 0.221679688 0.736328125
vt 0.223266602 0.729980469
vt 0.217773438 0.728027344
vt 0.215454102 0.734863281
vt 0.115966797 0.775878906
vt 0.115966797 0.770019531
vt 0.10559082 0.771972656
vt 0.106323242 0.777832031
vt 0.225585938 0.7265625
vt 0.228027344 0.723144531
vt 0.223632812 0.720214844
vt 0.220703125 0.724121094
vt 0.255859375 0.734863281
vt 0.258300781 0.743164062
vt 0.259277344 0.739257812
vt 0.257568359 0.734375
vt 0.259033203 0.797363281
vt 0.258544922 0.792480469
vt 0.25390625 0.791992188
vt 0.254150391 0.796875
vt 0.225341797 0.782226562
vt 0.225952148 0.773925781
vt 0.224243164 0.774414062
vt 0.223144531 0.781738281
vt 0.0462036133 0.803222656
vt 0.0446166992 0.800292969
vt 0.0420532227 0.80078125
vt 0.0431518555 0.802734375
vt 0.259277344 0.787109375
vt 0.260009766 0.78125
vt 0.255615234 0.78125
vt 0.254882812 0.786621094
vt 0.209838867 0.795898438
vt 0.2109375 0.800292969
vt 0.213378906 0.798828125
vt 0.212524414 0.795410156
vt 0.0407409668 0.801269531
vt 0.0401306152 0.797363281
vt 0.037322998 0.797363281
vt 0.0380554199 0.801757812
vt 0.259521484 0.777832031
vt 0.258789062 0.774414062
vt 0.255371094 0.774902344
vt 0.255615234 0.778320312
vt 0.209106445 0.788085938
vt 0.208740234 0.791992188
vt 0.211669922 0.791503906
vt 0.212158203 0.788574219
vt 0.0787963867 0.773925781
vt 0.0805664062 0.76953125
vt 0.0773925781 0.767578125
vt 0.0756835938 0.772460938
vt 0.21105957 0.781738281
vt 0.209594727 0.784667969
vt 0.212524414 0.78515625
vt 0.214233398 0.782714844
vt 0.22644043 0.798339844
vt 0.230224609 0.80078125
vt 0.236328125 0.795410156
vt 0.235107422 0.791015625
vt 0.11505127 0.771972656
vt 0.110534668 0.770996094
vt 0.112731934 0.778320312
vt 0.114807129 0.777832031
vt 0.0607299805 0.778808594
vt 0.0625 0.778320312
vt 0.061126709 0.773925781
vt 0.0582580566 0.776367188
vt 0.11505127 0.778808594
vt 0.117858887 0.780761719
vt 0.117492676 0.775878906
vt 0.115600586 0.775878906
vt 0.0355529785 0.779785156
vt 0.0338439941 0.782714844
vt 0.0397338867 0.786132812
vt 0.038848877 0.78125
vt 0.0448608398 0.78125
vt 0.0437316895 0.780273438
vt 0.0424499512 0.783203125
vt 0.0448913574 0.783691406
vt 0.0508117676 0.779296875
vt 0.0497131348 0.78125
vt 0.0538330078 0.782226562
vt 0.0531616211 0.779785156
vt 0.0545349121 0.78125
vt 0.0561218262 0.782714844
vt 0.0567932129 0.778808594
vt 0.055480957 0.778808594
vt 0.0784912109 0.775390625
vt 0.077331543 0.774902344
vt 0.0767822266 0.77734375
vt 0.0786132812 0.77734375
vt 0.0549926758 0.77734375
vt 0.0538330078 0.778808594
vt 0.0545349121 0.78125
vt 0.055480957 0.778808594
vt 0.0968017578 0.77734375
vt 0.0958251953 0.778320312
vt 0.0971069336 0.781738281
vt 0.09765625 0.778808594
vt 0.0991821289 0.775878906
vt 0.0804443359 0.74609375
vt 0.0791625977 0.745605469
vt 0.0786132812 0.748046875
vt 0.0805664062 0.748046875
vt 0.0971069336 0.781738281
vt 0.0991821289 0.781738281
vt 0.0989990234 0.778320312
vt 0.09765625 0.778808594
vt 0.198852539 0.72265625
vt 0.195068359 0.724609375
vt 0.198852539 0.733886719
vt 0.202270508 0.732910156
vt 0.192138672 0.728515625
vt 0.189331055 0.732421875
vt 0.193847656 0.738769531
vt 0.196289062 0.736328125
vt 0.188232422 0.738769531
vt 0.187133789 0.744628906
vt 0.19152832 0.747558594
vt 0.192626953 0.743164062
vt 0.187866211 0.750488281
vt 0.188720703 0.756835938
vt 0.192626953 0.756347656
vt 0.192016602 0.751953125
vt 0.190673828 0.762695312
vt 0.192749023 0.768554688
vt 0.19543457 0.765136719
vt 0.193969727 0.760742188
vt 0.19543457 0.772949219
vt 0.198242188 0.777832031
vt 0.201049805 0.775390625
vt 0.198242188 0.770507812
vt 0.199707031 0.782226562
vt 0.201171875 0.786621094
vt 0.204833984 0.786621094
vt 0.202880859 0.780761719
vt 0.201782227 0.791503906
vt 0.202392578 0.796386719
vt 0.205688477 0.798828125
vt 0.205200195 0.792480469
vt 0.0491638184 0.792480469
vt 0.0500488281 0.788574219
vt 0.0466918945 0.786621094
vt 0.0461730957 0.789550781
vt 0.106933594 0.76171875
vt 0.109558105 0.763183594
vt 0.110168457 0.758300781
vt 0.108032227 0.756835938
vt 0.0737304688 0.751464844
vt 0.0718383789 0.754394531
vt 0.0732421875 0.7578125
vt 0.0748291016 0.75390625
vt 0.24597168 0.752929688
vt 0.245605469 0.749023438
vt 0.243286133 0.749511719
vt 0.243652344 0.75390625
vt 0.246459961 0.743164062
vt 0.247192383 0.737792969
vt 0.244628906 0.739746094
vt 0.243896484 0.744628906
vt 0.275146484 0.728027344
vt 0.273925781 0.736328125
vt 0.276367188 0.740234375
vt 0.276123047 0.728515625
vt 0.247192383 0.737792969
vt 0.247192383 0.728515625
vt 0.243774414 0.734375
vt 0.249633789 0.730957031
vt 0.254638672 0.720214844
vt 0.12512207 0.778808594
vt 0.121459961 0.779296875
vt 0.122009277 0.784667969
vt 0.125610352 0.783691406
vt 0.247436523 0.759765625
vt 0.249511719 0.758300781
vt 0.248535156 0.755859375
vt 0.246337891 0.756835938
vt 0.123474121 0.731445312
vt 0.119567871 0.73046875
vt 0.117736816 0.735351562
vt 0.122192383 0.736328125
vt 0.103820801 0.808105469
vt 0.101074219 0.80859375
vt 0.102172852 0.812011719
vt 0.104980469 0.811035156
vt 0.104125977 0.745605469
vt 0.0993652344 0.745605469
vt 0.0990600586 0.751953125
vt 0.104125977 0.751953125
vt 0.24597168 0.752929688
vt 0.248168945 0.752441406
vt 0.247680664 0.748535156
vt 0.245605469 0.749023438
vt 0.113647461 0.759765625
vt 0.108398438 0.760253906
vt 0.109558105 0.766601562
vt 0.114990234 0.766113281
vt 0.246459961 0.743164062
vt 0.248413086 0.743164062
vt 0.249145508 0.73828125
vt 0.247192383 0.737792969
vt 0.126464844 0.750976562
vt 0.120727539 0.750976562
vt 0.120483398 0.754882812
vt 0.126464844 0.755859375
vt 0.247192383 0.737792969
vt 0.249145508 0.73828125
vt 0.251220703 0.731933594
vt 0.249633789 0.730957031
vt 0.135375977 0.779296875
vt 0.129394531 0.777832031
vt 0.128540039 0.78125
vt 0.134643555 0.783203125
vt 0.206176758 0.764160156
vt 0.211547852 0.766601562
vt 0.211303711 0.758789062
vt 0.206665039 0.757324219
vt 0.100341797 0.789550781
vt 0.0933837891 0.791015625
vt 0.0941162109 0.795410156
vt 0.101745605 0.794921875
vt 0.192138672 0.728515625
vt 0.184814453 0.727050781
vt 0.182617188 0.731933594
vt 0.189331055 0.732421875
vt 0.0958862305 0.778808594
vt 0.0874633789 0.778808594
vt 0.0874023438 0.783691406
vt 0.096496582 0.784667969
vt 0.276611328 0.747558594
vt 0.278564453 0.747558594
vt 0.278564453 0.739257812
vt 0.276367188 0.740234375
vt 0.188232422 0.738769531
vt 0.181884766 0.73828125
vt 0.181274414 0.745117188
vt 0.187133789 0.744628906
vt 0.0932006836 0.793945312
vt 0.0834350586 0.79296875
vt 0.0827026367 0.798828125
vt 0.0932006836 0.800292969
vt 0.187866211 0.750488281
vt 0.182373047 0.751464844
vt 0.18347168 0.7578125
vt 0.188720703 0.756835938
vt 0.215209961 0.803710938
vt 0.213623047 0.803710938
vt 0.213012695 0.808105469
vt 0.215209961 0.811523438
vt 0.190673828 0.762695312
vt 0.186035156 0.764160156
vt 0.188476562 0.770507812
vt 0.192749023 0.768554688
vt 0.276367188 0.740234375
vt 0.278564453 0.739257812
vt 0.277832031 0.728515625
vt 0.276123047 0.728515625
vt 0.102172852 0.797851562
vt 0.0992431641 0.799804688
vt 0.098449707 0.803222656
vt 0.101013184 0.803222656
vt 0.19543457 0.772949219
vt 0.19140625 0.774902344
vt 0.194335938 0.779296875
vt 0.198242188 0.777832031
vt 0.250488281 0.763671875
vt 0.252685547 0.76171875
vt 0.250488281 0.760742188
vt 0.248413086 0.762207031
vt 0.0977783203 0.812011719
vt 0.0950927734 0.8125
vt 0.0950317383 0.816894531
vt 0.0977783203 0.81640625
vt 0.199707031 0.782226562
vt 0.195922852 0.783203125
vt 0.197509766 0.787109375
vt 0.201171875 0.786621094
vt 0.201782227 0.799316406
vt 0.198974609 0.798828125
vt 0.198608398 0.801269531
vt 0.201293945 0.802246094
vt 0.138183594 0.771972656
vt 0.134887695 0.771484375
vt 0.134033203 0.776855469
vt 0.137573242 0.776855469
vt 0.201782227 0.791503906
vt 0.198364258 0.791503906
vt 0.19934082 0.795898438
vt 0.202392578 0.796386719
vt 0.266113281 0.804199219
vt 0.270507812 0.804199219
vt 0.273681641 0.797363281
vt 0.270507812 0.794921875
vt 0.106567383 0.773925781
vt 0.109802246 0.778808594
vt 0.112731934 0.778320312
vt 0.110534668 0.770996094
vt 0.0650634766 0.776855469
vt 0.065612793 0.772949219
vt 0.061126709 0.773925781
vt 0.0625 0.778320312
vt 0.0465698242 0.775878906
vt 0.047454834 0.779785156
vt 0.0494995117 0.780273438
vt 0.0497131348 0.775390625
vt 0.109436035 0.781738281
vt 0.109802246 0.778808594
vt 0.106567383 0.773925781
vt 0.106323242 0.779785156
vt 0.0415649414 0.779785156
vt 0.0397338867 0.781738281
vt 0.0424499512 0.783203125
vt 0.0437316895 0.780273438
vt 0.0464477539 0.781738281
vt 0.047454834 0.779785156
vt 0.0465698242 0.775878906
vt 0.0448913574 0.780273438
vt 0.0576477051 0.781738281
vt 0.0576171875 0.778808594
vt 0.0567932129 0.778808594
vt 0.0561218262 0.782714844
vt 0.0764770508 0.774902344
vt 0.0756835938 0.776367188
vt 0.0767822266 0.77734375
vt 0.077331543 0.774902344
vt 0.0716552734 0.779296875
vt 0.0733032227 0.778808594
vt 0.0737915039 0.776855469
vt 0.0709228516 0.778320312
vt 0.101074219 0.777832031
vt 0.102966309 0.775878906
vt 0.100341797 0.776367188
vt 0.102539062 0.777832031
vt 0.102966309 0.780761719
vt 0.101074219 0.777832031
vt 0.100341797 0.776367188
vt 0.0991821289 0.777832031
vt 0.100402832 0.779296875
vt 0.103027344 0.775878906
vt 0.102966309 0.778320312
vt 0.104248047 0.779296875
vt 0.10534668 0.775878906
vt 0.236328125 0.795410156
vt 0.230224609 0.80078125
vt 0.231079102 0.806640625
vt 0.241943359 0.797851562
vt 0.243286133 0.803710938
vt 0.237182617 0.80859375
vt 0.270507812 0.813964844
vt 0.273681641 0.811035156
vt 0.270507812 0.804199219
vt 0.266113281 0.804199219
vt 0.243286133 0.802246094
vt 0.244018555 0.806152344
vt 0.251220703 0.807128906
vt 0.25390625 0.803710938
vt 0.227661133 0.807617188
vt 0.231079102 0.806640625
vt 0.230224609 0.80078125
vt 0.22644043 0.798339844
vt 0.235107422 0.791015625
vt 0.236328125 0.795410156
vt 0.241943359 0.797851562
vt 0.243286133 0.794433594
vt 0.25390625 0.791015625
vt 0.244628906 0.790039062
vt 0.244018555 0.796386719
vt 0.25390625 0.797363281
vt 0.045135498 0.768066406
vt 0.0512390137 0.770996094
vt 0.050994873 0.763183594
vt 0.0456237793 0.761230469
vt 0.0420837402 0.717285156
vt 0.038269043 0.719238281
vt 0.0416870117 0.729492188
vt 0.045135498 0.728515625
vt 0.276611328 0.785644531
vt 0.276611328 0.779296875
vt 0.266845703 0.780761719
vt 0.267578125 0.786621094
vt 0.0619812012 0.76953125
vt 0.0607299805 0.762207031
vt 0.050994873 0.763183594
vt 0.0512390137 0.770996094
vt 0.0619812012 0.76953125
vt 0.0674438477 0.765136719
vt 0.0662231445 0.758789062
vt 0.0607299805 0.762207031
vt 0.252441406 0.780273438
vt 0.244873047 0.780761719
vt 0.244750977 0.785644531
vt 0.253173828 0.785644531
vt 0.0377502441 0.718261719
vt 0.0298461914 0.716308594
vt 0.027557373 0.720703125
vt 0.0349121094 0.722167969
vt 0.0377502441 0.718261719
vt 0.0349121094 0.722167969
vt 0.0390319824 0.729980469
vt 0.0415039062 0.727539062
vt 0.274902344 0.794921875
vt 0.275634766 0.790039062
vt 0.267333984 0.790527344
vt 0.267333984 0.794433594
vt 0.0627441406 0.751953125
vt 0.0627441406 0.744140625
vt 0.0549316406 0.743652344
vt 0.0540466309 0.751953125
vt 0.0627441406 0.751953125
vt 0.0682373047 0.749023438
vt 0.0677490234 0.743652344
vt 0.0627441406 0.744140625
vt 0.0386352539 0.747558594
vt 0.031829834 0.746582031
vt 0.0312042236 0.752929688
vt 0.0375061035 0.753417969
vt 0.249755859 0.770019531
vt 0.243408203 0.771972656
vt 0.244140625 0.776367188
vt 0.251220703 0.774902344
vt 0.0386352539 0.747558594
vt 0.0375061035 0.753417969
vt 0.0419311523 0.7578125
vt 0.0430908203 0.753417969
vt 0.0693359375 0.7578125
vt 0.0709228516 0.751464844
vt 0.0646972656 0.749511719
vt 0.0624084473 0.756835938
vt 0.232666016 0.782714844
vt 0.234741211 0.787109375
vt 0.240966797 0.784667969
vt 0.238769531 0.78125
vt 0.0693359375 0.7578125
vt 0.0738525391 0.759277344
vt 0.0747070312 0.754394531
vt 0.0709228516 0.751464844
vt 0.0494995117 0.754394531
vt 0.0436706543 0.754882812
vt 0.0447692871 0.761230469
vt 0.0502624512 0.760742188
vt 0.273925781 0.765625
vt 0.268066406 0.765136719
vt 0.267089844 0.768066406
vt 0.272949219 0.76953125
vt 0.0494995117 0.754394531
vt 0.0502624512 0.760742188
vt 0.0544128418 0.76171875
vt 0.053894043 0.757324219
vt 0.0855712891 0.739746094
vt 0.0880126953 0.736328125
vt 0.0830688477 0.733886719
vt 0.0801391602 0.737792969
vt 0.231689453 0.773925781
vt 0.232177734 0.778320312
vt 0.23815918 0.77734375
vt 0.237670898 0.7734375
vt 0.0918579102 0.795898438
vt 0.0950927734 0.792480469
vt 0.0946044922 0.788085938
vt 0.0911254883 0.790039062
vt 0.041229248 0.747070312
vt 0.0360412598 0.748046875
vt 0.0385437012 0.754394531
vt 0.0432434082 0.752929688
vt 0.273925781 0.756347656
vt 0.268554688 0.756835938
vt 0.268310547 0.760742188
vt 0.273925781 0.760742188
vt 0.041229248 0.747070312
vt 0.0432434082 0.752929688
vt 0.0465393066 0.750976562
vt 0.045135498 0.746582031
vt 0.112365723 0.791992188
vt 0.111694336 0.787109375
vt 0.106750488 0.787109375
vt 0.107177734 0.791992188
vt 0.232910156 0.764648438
vt 0.232299805 0.769042969
vt 0.237915039 0.76953125
vt 0.23815918 0.765136719
vt 0.112365723 0.791992188
vt 0.116638184 0.786621094
vt 0.115905762 0.783203125
vt 0.111694336 0.787109375
vt 0.033782959 0.778320312
vt 0.029586792 0.780761719
vt 0.0325012207 0.78515625
vt 0.036529541 0.782714844
vt 0.271240234 0.743652344
vt 0.266113281 0.743652344
vt 0.267333984 0.75
vt 0.272460938 0.75
vt 0.033782959 0.778320312
vt 0.036529541 0.782714844
vt 0.0393371582 0.780273438
vt 0.0364990234 0.775390625
vt 0.0995483398 0.802246094
vt 0.100280762 0.796875
vt 0.0958251953 0.796386719
vt 0.0948486328 0.801757812
vt 0.237426758 0.75390625
vt 0.235107422 0.759277344
vt 0.240234375 0.759765625
vt 0.24230957 0.754394531
vt 0.0995483398 0.802246094
vt 0.103759766 0.799804688
vt 0.104492188 0.793945312
vt 0.100280762 0.796875
vt 0.0310821533 0.785644531
vt 0.0272369385 0.787597656
vt 0.0288238525 0.791503906
vt 0.0325622559 0.790527344
vt 0.271240234 0.731445312
vt 0.266845703 0.73046875
vt 0.266601562 0.737304688
vt 0.271240234 0.737792969
vt 0.0310821533 0.785644531
vt 0.0325622559 0.790527344
vt 0.0358276367 0.7890625
vt 0.0339660645 0.783203125
vt 0.0928344727 0.789550781
vt 0.0923461914 0.786132812
vt 0.0884399414 0.786132812
vt 0.0886230469 0.789550781
vt 0.238769531 0.741699219
vt 0.23815918 0.748046875
vt 0.242797852 0.747558594
vt 0.243286133 0.741210938
vt 0.0928344727 0.789550781
vt 0.0969848633 0.786621094
vt 0.0961303711 0.782226562
vt 0.0923461914 0.786132812
vt 0.0520935059 0.791503906
vt 0.0484313965 0.791992188
vt 0.0493164062 0.796386719
vt 0.0526733398 0.796386719
vt 0.273925781 0.721679688
vt 0.270507812 0.720214844
vt 0.268554688 0.725585938
vt 0.272705078 0.7265625
vt 0.0520935059 0.791503906
vt 0.0526733398 0.796386719
vt 0.0561523438 0.797851562
vt 0.0556945801 0.791503906
vt 0.0634155273 0.783691406
vt 0.0619506836 0.786621094
vt 0.0651245117 0.787597656
vt 0.0668334961 0.78515625
vt 0.237060547 0.729980469
vt 0.237915039 0.735839844
vt 0.241943359 0.734863281
vt 0.240478516 0.728515625
vt 0.0634155273 0.783691406
vt 0.0607299805 0.778808594
vt 0.0590820312 0.783203125
vt 0.0619506836 0.786621094
vt 0.0466918945 0.786621094
vt 0.0436706543 0.786132812
vt 0.0433044434 0.788574219
vt 0.0461730957 0.789550781
vt 0.280273438 0.783691406
vt 0.276611328 0.783203125
vt 0.277099609 0.7890625
vt 0.280761719 0.788574219
vt 0.203979492 0.806640625
vt 0.204833984 0.802734375
vt 0.201782227 0.799316406
vt 0.201293945 0.802246094
vt 0.0539245605 0.774414062
vt 0.053527832 0.778320312
vt 0.0564575195 0.778320312
vt 0.0568847656 0.775390625
vt 0.232055664 0.722167969
vt 0.23449707 0.726074219
vt 0.237670898 0.724609375
vt 0.234863281 0.720214844
vt 0.205688477 0.792480469
vt 0.208740234 0.791992188
vt 0.209106445 0.788085938
vt 0.206176758 0.787597656
vt 0.28125 0.7734375
vt 0.278320312 0.772460938
vt 0.27734375 0.777832031
vt 0.280761719 0.778320312
vt 0.110168457 0.758300781
vt 0.112121582 0.756347656
vt 0.110046387 0.755371094
vt 0.108032227 0.756835938
vt 0.246948242 0.766113281
vt 0.249511719 0.768066406
vt 0.250488281 0.763671875
vt 0.248413086 0.762207031
vt 0.219482422 0.78515625
vt 0.221313477 0.780273438
vt 0.218139648 0.779296875
vt 0.216430664 0.784179688
vt 0.0662231445 0.785644531
vt 0.0673217773 0.789550781
vt 0.0699462891 0.788574219
vt 0.0690917969 0.78515625
vt 0.208618164 0.802246094
vt 0.2109375 0.800292969
vt 0.209838867 0.795898438
vt 0.20715332 0.797363281
vt 0.276367188 0.812988281
vt 0.273681641 0.813476562
vt 0.274658203 0.816894531
vt 0.277587891 0.81640625
vt 0.0748291016 0.75390625
vt 0.0768432617 0.752441406
vt 0.0758666992 0.75
vt 0.0737304688 0.751464844
vt 0.246337891 0.756835938
vt 0.244018555 0.758789062
vt 0.245483398 0.762207031
vt 0.247436523 0.759765625
vt 0.21875 0.794433594
vt 0.219116211 0.789550781
vt 0.216186523 0.7890625
vt 0.215942383 0.794433594
vt 0.0372924805 0.791992188
vt 0.0388793945 0.793945312
vt 0.0409545898 0.792480469
vt 0.0396728516 0.791015625
vt 0.262939453 0.728027344
vt 0.264648438 0.7265625
vt 0.262939453 0.72265625
vt 0.260742188 0.725097656
vt 0.276367188 0.8046875
vt 0.273681641 0.8046875
vt 0.273681641 0.809082031
vt 0.276367188 0.809082031
vt 0.0677490234 0.760253906
vt 0.0698852539 0.759277344
vt 0.069519043 0.755371094
vt 0.0673828125 0.755859375
vt 0.0677490234 0.760253906
vt 0.0673828125 0.755859375
vt 0.0650634766 0.757324219
vt 0.0654907227 0.76171875
vt 0.219970703 0.802246094
vt 0.219360352 0.798339844
vt 0.216674805 0.798339844
vt 0.217407227 0.802734375
vt 0.0842895508 0.731445312
vt 0.0833129883 0.734863281
vt 0.0853271484 0.735839844
vt 0.0863037109 0.732421875
vt 0.0842895508 0.731445312
vt 0.0822143555 0.728515625
vt 0.0810546875 0.732421875
vt 0.0833129883 0.734863281
vt 0.278564453 0.794921875
vt 0.275390625 0.797851562
vt 0.274658203 0.801269531
vt 0.277587891 0.799804688
vt 0.0703125 0.747070312
vt 0.0724487305 0.747070312
vt 0.0731811523 0.741699219
vt 0.071105957 0.741699219
vt 0.0703125 0.747070312
vt 0.071105957 0.741699219
vt 0.0686035156 0.742675781
vt 0.0679931641 0.748046875
vt 0.223144531 0.808105469
vt 0.221557617 0.805175781
vt 0.218505859 0.8046875
vt 0.219604492 0.806152344
vt 0.0855712891 0.733398438
vt 0.0855712891 0.739257812
vt 0.0875854492 0.739257812
vt 0.0875854492 0.733886719
vt 0.0855712891 0.733398438
vt 0.0831298828 0.731445312
vt 0.0830688477 0.736328125
vt 0.0855712891 0.739257812
vt 0.538366437 0.553884506
vt 0.581117868 0.549763024
vt 0.617583275 0.979806006
vt 0.617583275 0.979806006
vt 0.355127722 0.57048279
vt 0.395179152 0.567012727
vt 0.538366437 0.553884506
vt 0.617583275 0.979806006
vt 0.581117868 0.549763024
vt 0.617583275 0.979806006
vt 0.395179152 0.567012727
vt 0.355127722 0.57048279
vt 0.443488389 0.463678896
vt 0.69803381 0.462898672
vt 0.57844913 0.982545793
vt 0.57844913 0.982545793
vt 0.69803381 0.462898672
vt 0.77136749 0.522657335
vt 0.443488389 0.463678896
vt 0.57844913 0.982545793
vt 0.407731056 0.523771226
vt 0.443488389 0.463678896
vt 0.57844913 0.982545793
vt 0.69803381 0.462898672
vt 0.57844913 0.982545793
vt 0.77136749 0.522657335
vt 0.69803381 0.462898672
vt 0.443488389 0.463678896
vt 0.407731056 0.523771226
vt 0.57844913 0.982545793
vt 0.477123708 0.456906378
vt 0.741880357 0.432926536
vt 0.664765418 0.984448314
vt 0.664765418 0.984448314
vt 0.741880357 0.432926536
vt 0.823615372 0.488424033
vt 0.477123708 0.456906378
vt 0.664765418 0.984448314
vt 0.445392132 0.522682071
vt 0.477123708 0.456906378
vt 0.664765418 0.984448314
vt 0.741880357 0.432926536
vt 0.664765418 0.984448314
vt 0.823615372 0.488424033
vt 0.741880357 0.432926536
vt 0.477123708 0.456906378
vt 0.445392132 0.522682071
vt 0.664765418 0.984448314
vt 0.400845289 0.463830978
vt 0.536534369 0.985664368
vt 0.3642295 0.522627532
vt 0.536534369 0.985664368
vt 0.657754421 0.463045627
vt 0.73124373 0.521503866
vt 0.400845289 0.463830978
vt 0.3642295 0.522627532
vt 0.536534369 0.985664368
vt 0.536534369 0.985664368
vt 0.73124373 0.521503866
vt 0.657754421 0.463045627
vt 0.425547779 0.464464366
vt 0.683604479 0.463674188
vt 0.562372088 0.990488768
vt 0.562372088 0.990488768
vt 0.683604479 0.463674188
vt 0.757951558 0.524258077
vt 0.425547779 0.464464366
vt 0.562372088 0.990488768
vt 0.38929826 0.525386453
vt 0.425547779 0.464464366
vt 0.562372088 0.990488768
vt 0.683604479 0.463674188
vt 0.562372088 0.990488768
vt 0.757951558 0.524258077
vt 0.683604479 0.463674188
vt 0.425547779 0.464464366
vt 0.38929826 0.525386453
vt 0.562372088 0.990488768
vt 0.520946741 0.306678534
vt 0.395179152 0.567012727
vt 0.313998044 0.308706254
vt 0.538366437 0.553884506
vt 0.617583275 0.979806006
vt 0.520946741 0.306678534
vt 0.566023469 0.306812614
vt 0.581117868 0.549763024
vt 0.538366437 0.553884506
vt 0.395179152 0.567012727
vt 0.355127722 0.57048279
vt 0.268664151 0.294441462
vt 0.313998044 0.308706254
vt 0.520946741 0.306678534
vt 0.313998044 0.308706254
vt 0.395179152 0.567012727
vt 0.538366437 0.553884506
vt 0.617583275 0.979806006
vt 0.520946741 0.306678534
vt 0.538366437 0.553884506
vt 0.581117868 0.549763024
vt 0.566023469 0.306812614
vt 0.395179152 0.567012727
vt 0.313998044 0.308706254
vt 0.268664151 0.294441462
vt 0.355127722 0.57048279
vt 0.245835215 0.141801596
vt 0.443488389 0.463678896
vt 0.407731056 0.523771226
vt 0.125369072 0.06394732
vt 0.69803381 0.462898672
vt 0.720329583 0.225468993
vt 0.803217828 0.183471918
vt 0.77136749 0.522657335
vt 0.69803381 0.462898672
vt 0.443488389 0.463678896
vt 0.245835215 0.141801596
vt 0.720329583 0.225468993
vt 0.245835215 0.141801596
vt 0.125369072 0.06394732
vt 0.407731056 0.523771226
vt 0.443488389 0.463678896
vt 0.69803381 0.462898672
vt 0.77136749 0.522657335
vt 0.803217828 0.183471918
vt 0.720329583 0.225468993
vt 0.69803381 0.462898672
vt 0.720329583 0.225468993
vt 0.245835215 0.141801596
vt 0.443488389 0.463678896
vt 0.24218896 0.140019521
vt 0.477123708 0.456906378
vt 0.445392132 0.522682071
vt 0.10976962 0.0699849576
vt 0.741880357 0.432926536
vt 0.743465602 0.183875695
vt 0.825879514 0.132637993
vt 0.823615372 0.488424033
vt 0.741880357 0.432926536
vt 0.477123708 0.456906378
vt 0.24218896 0.140019521
vt 0.743465602 0.183875695
vt 0.24218896 0.140019521
vt 0.10976962 0.0699849576
vt 0.445392132 0.522682071
vt 0.477123708 0.456906378
vt 0.741880357 0.432926536
vt 0.823615372 0.488424033
vt 0.825879514 0.132637993
vt 0.743465602 0.183875695
vt 0.741880357 0.432926536
vt 0.743465602 0.183875695
vt 0.24218896 0.140019521
vt 0.477123708 0.456906378
vt 0.657754421 0.463045627
vt 0.206255466 0.156280845
vt 0.680256367 0.223409981
vt 0.400845289 0.463830978
vt 0.536534369 0.985664368
vt 0.657754421 0.463045627
vt 0.680256367 0.223409981
vt 0.763388395 0.179168373
vt 0.73124373 0.521503866
vt 0.206255466 0.156280845
vt 0.400845289 0.463830978
vt 0.3642295 0.522627532
vt 0.0862442255 0.0832676589
vt 0.657754421 0.463045627
vt 0.680256367 0.223409981
vt 0.206255466 0.156280845
vt 0.400845289 0.463830978
vt 0.536534369 0.985664368
vt 0.657754421 0.463045627
vt 0.73124373 0.521503866
vt 0.763388395 0.179168373
vt 0.680256367 0.223409981
vt 0.206255466 0.156280845
vt 0.0862442255 0.0832676589
vt 0.3642295 0.522627532
vt 0.400845289 0.463830978
vt 0.225169316 0.138148665
vt 0.425547779 0.464464366
vt 0.38929826 0.525386453
vt 0.103040539 0.0592192784
vt 0.683604479 0.463674188
vt 0.706207693 0.222969234
vt 0.790238917 0.180393189
vt 0.757951558 0.524258077
vt 0.683604479 0.463674188
vt 0.425547779 0.464464366
vt 0.225169316 0.138148665
vt 0.706207693 0.222969234
vt 0.225169316 0.138148665
vt 0.103040539 0.0592192784
vt 0.38929826 0.525386453
vt 0.425547779 0.464464366
vt 0.683604479 0.463674188
vt 0.757951558 0.524258077
vt 0.790238917 0.180393189
vt 0.706207693 0.222969234
vt 0.683604479 0.463674188
vt 0.706207693 0.222969234
vt 0.225169316 0.138148665
vt 0.425547779 0.464464366
vn -0.989077 -0.090071 0.116678
vn -0.989077 -0.090071 0.116678
vn -0.989077 -0.090071 0.116678
vn -0.981854 0.065180 -0.178086
vn -0.981854 0.065180 -0.178086
vn -0.981854 0.065180 -0.178086
vn -0.761289 -0.609910 -0.220110
vn -0.761289 -0.609910 -0.220110
vn -0.761289 -0.609910 -0.220110
vn -0.586826 0.545328 0.598543
vn -0.586826 0.545328 0.598543
vn -0.586826 0.545328 0.598543
vn -0.518463 -0.721063 -0.459635
vn -0.518463 -0.721063 -0.459635
vn -0.518463 -0.721063 -0.459635
vn -0.403616 0.911248 0.081981
vn -0.403616 0.911248 0.081981
vn -0.403616 0.911248 0.081981
vn -0.936898 0.175760 -0.302209
vn -0.936898 0.175760 -0.302209
vn -0.936898 0.175760 -0.302209
vn -0.931599 0.095150 -0.350814
vn -0.931599 0.095150 -0.350814
vn -0.931599 0.095150 -0.350814
vn -0.408701 0.904319 -0.123172
vn -0.408701 0.904319 -0.123172
vn -0.408701 0.904319 -0.123172
vn -0.424058 0.898407 0.114193
vn -0.424058 0.898407 0.114193
vn -0.424058 0.898407 0.114193
vn -0.270814 -0.613423 -0.741871
vn -0.270814 -0.613423 -0.741871
vn -0.270814 -0.613423 -0.741871
vn -0.259520 -0.787105 -0.559567
vn -0.259520 -0.787105 -0.559567
vn -0.259520 -0.787105 -0.559567
vn -0.947874 0.318644 0.000979
vn -0.947874 0.318644 0.000979
vn -0.947874 0.318644 0.000979
vn -0.461321 0.343184 0.818173
vn -0.461321 0.343184 0.818173
vn -0.461321 0.343184 0.818173
vn -0.298104 0.333018 -0.894557
vn -0.298104 0.333018 -0.894557
vn -0.298104 0.333018 -0.894557
vn -0.276105 -0.160146 -0.947692
vn -0.276105 -0.160146 -0.947692
vn -0.276105 -0.160146 -0.947692
vn -0.428276 0.719328 0.546943
vn -0.428276 0.719328 0.546943
vn -0.428276 0.719328 0.546943
vn 0.989077 -0.090071 0.116678
vn 0.989077 -0.090071 0.116678
vn 0.989077 -0.090071 0.116678
vn 0.981854 0.065180 -0.178086
vn 0.981854 0.065180 -0.178086
vn 0.981854 0.065180 -0.178086
vn 0.761289 -0.609910 -0.220110
vn 0.761289 -0.609910 -0.220110
vn 0.761289 -0.609910 -0.220110
vn 0.586826 0.545328 0.598543
vn 0.586826 0.545328 0.598543
vn 0.586826 0.545328 0.598543
vn 0.518463 -0.721063 -0.459635
vn 0.518463 -0.721063 -0.459635
vn 0.518463 -0.721063 -0.459635
vn 0.403616 0.911248 0.081981
vn 0.403616 0.911248 0.081981
vn 0.403616 0.911248 0.081981
vn 0.936898 0.175760 -0.302209
vn 0.936898 0.175760 -0.302209
vn 0.936898 0.175760 -0.302209
vn 0.931599 0.095150 -0.350814
vn 0.931599 0.095150 -0.350814
vn 0.931599 0.095150 -0.350814
vn 0.408701 0.904319 -0.123172
vn 0.408701 0.904319 -0.123172
vn 0.408701 0.904319 -0.123172
vn 0.424058 0.898407 0.114193
vn 0.424058 0.898407 0.114193
vn 0.424058 0.898407 0.114193
vn 0.270814 -0.613423 -0.741871
vn 0.270814 -0.613423 -0.741871
vn 0.270814 -0.613423 -0.741871
vn 0.259520 -0.787105 -0.559567
vn 0.259520 -0.787105 -0.559567
vn 0.259520 -0.787105 -0.559567
vn 0.947874 0.318644 0.000979
vn 0.947874 0.318644 0.000979
vn 0.947874 0.318644 0.000979
vn 0.461321 0.343184 0.818173
vn 0.461321 0.343184 0.818173
vn 0.461321 0.343184 0.818173
vn 0.298104 0.333018 -0.894557
vn 0.298104 0.333018 -0.894557
vn 0.298104 0.333018 -0.894557
vn 0.276105 -0.160146 -0.947692
vn 0.276105 -0.160146 -0.947692
vn 0.276105 -0.160146 -0.947692
vn 0.428276 0.719328 0.546943
vn 0.428276 0.719328 0.546943
vn 0.428276 0.719328 0.546943
vn -0.991204 0.121398 0.052703
vn -0.991204 0.121398 0.052703
vn -0.991204 0.121398 0.052703
vn -0.991204 0.121398 0.052703
vn -0.990023 0.128513 0.057788
vn -0.990023 0.128513 0.057788
vn -0.990023 0.128513 0.057788
vn -0.990023 0.128513 0.057788
vn -0.991140 0.130728 0.023497
vn -0.991140 0.130728 0.023497
vn -0.991140 0.130728 0.023497
vn -0.991140 0.130728 0.023497
vn -0.992031 0.125957 -0.003154
vn -0.992031 0.125957 -0.003154
vn -0.992031 0.125957 -0.003154
vn -0.992031 0.125957 -0.003154
vn -0.990081 0.130595 -0.051811
vn -0.990081 0.130595 -0.051811
vn -0.990081 0.130595 -0.051811
vn -0.990081 0.130595 -0.051811
vn -0.986028 0.131739 -0.101948
vn -0.986028 0.131739 -0.101948
vn -0.986028 0.131739 -0.101948
vn -0.986028 0.131739 -0.101948
vn -0.983334 0.173206 -0.055264
vn -0.983334 0.173206 -0.055264
vn -0.983334 0.173206 -0.055264
vn -0.983334 0.173206 -0.055264
vn -0.982887 0.180294 0.037780
vn -0.982887 0.180294 0.037780
vn -0.982887 0.180294 0.037780
vn -0.982887 0.180294 0.037780
vn -0.985627 0.102395 0.134370
vn -0.985627 0.102395 0.134370
vn -0.985627 0.102395 0.134370
vn -0.985627 0.102395 0.134370
vn -0.985971 0.026386 0.164817
vn -0.985971 0.026386 0.164817
vn -0.985971 0.026386 0.164817
vn -0.985971 0.026386 0.164817
vn -0.985103 -0.085287 0.149328
vn -0.985103 -0.085287 0.149328
vn -0.985103 -0.085287 0.149328
vn -0.985103 -0.085287 0.149328
vn -0.984804 -0.152945 0.082270
vn -0.984804 -0.152945 0.082270
vn -0.984804 -0.152945 0.082270
vn -0.984804 -0.152945 0.082270
vn -0.984299 -0.176256 0.009399
vn -0.984299 -0.176256 0.009399
vn -0.984299 -0.176256 0.009399
vn -0.984299 -0.176256 0.009399
vn -0.996872 0.073716 -0.028483
vn -0.996872 0.073716 -0.028483
vn -0.996872 0.073716 -0.028483
vn -0.996872 0.073716 -0.028483
vn -0.996435 -0.080188 0.026195
vn -0.996435 -0.080188 0.026195
vn -0.996435 -0.080188 0.026195
vn -0.996435 -0.080188 0.026195
vn -0.993325 -0.107622 0.041511
vn -0.515507 -0.453753 -0.726884
vn -0.515507 -0.453753 -0.726884
vn -0.515507 -0.453753 -0.726884
vn -0.515507 -0.453753 -0.726884
vn -0.616285 -0.500549 0.607983
vn -0.616285 -0.500549 0.607983
vn -0.616285 -0.500549 0.607983
vn -0.616285 -0.500549 0.607983
vn -0.488511 -0.774391 -0.402088
vn -0.488511 -0.774391 -0.402088
vn -0.488511 -0.774391 -0.402088
vn -0.488511 -0.774391 -0.402088
vn -0.476193 0.595363 -0.647134
vn -0.476193 0.595363 -0.647134
vn -0.476193 0.595363 -0.647134
vn -0.476193 0.595363 -0.647134
vn -0.456729 -0.889536 -0.011138
vn -0.456729 -0.889536 -0.011138
vn -0.456729 -0.889536 -0.011138
vn -0.456729 -0.889536 -0.011138
vn -0.631397 -0.723690 0.278586
vn -0.631397 -0.723690 0.278586
vn -0.631397 -0.723690 0.278586
vn -0.631397 -0.723690 0.278586
vn -0.435706 -0.827476 0.354179
vn -0.435706 -0.827476 0.354179
vn -0.435706 -0.827476 0.354179
vn -0.435706 -0.827476 0.354179
vn -0.630299 -0.775302 -0.040370
vn -0.630299 -0.775302 -0.040370
vn -0.630299 -0.775302 -0.040370
vn -0.630299 -0.775302 -0.040370
vn -0.438462 -0.898408 -0.024764
vn -0.438462 -0.898408 -0.024764
vn -0.438462 -0.898408 -0.024764
vn -0.438462 -0.898408 -0.024764
vn -0.703574 -0.679650 -0.207508
vn -0.703574 -0.679650 -0.207508
vn -0.703574 -0.679650 -0.207508
vn -0.703574 -0.679650 -0.207508
vn -0.414024 -0.843671 -0.341765
vn -0.414024 -0.843671 -0.341765
vn -0.414024 -0.843671 -0.341765
vn -0.414024 -0.843671 -0.341765
vn -0.449477 0.045778 0.892118
vn -0.449477 0.045778 0.892118
vn -0.449477 0.045778 0.892118
vn -0.449477 0.045778 0.892118
vn -0.410789 -0.504272 -0.759581
vn -0.410789 -0.504272 -0.759581
vn -0.410789 -0.504272 -0.759581
vn -0.410789 -0.504272 -0.759581
vn -0.445131 0.285441 0.848753
vn -0.445131 0.285441 0.848753
vn -0.445131 0.285441 0.848753
vn -0.445131 0.285441 0.848753
vn -0.388190 -0.096437 -0.916520
vn -0.388190 -0.096437 -0.916520
vn -0.388190 -0.096437 -0.916520
vn -0.388190 -0.096437 -0.916520
vn -0.566434 0.687534 0.454368
vn -0.566434 0.687534 0.454368
vn -0.566434 0.687534 0.454368
vn -0.566434 0.687534 0.454368
vn -0.444598 0.601098 0.664089
vn -0.444598 0.601098 0.664089
vn -0.444598 0.601098 0.664089
vn -0.444598 0.601098 0.664089
vn -0.382320 0.138671 -0.913565
vn -0.382320 0.138671 -0.913565
vn -0.382320 0.138671 -0.913565
vn -0.382320 0.138671 -0.913565
vn -0.468556 0.825283 0.315219
vn -0.468556 0.825283 0.315219
vn -0.468556 0.825283 0.315219
vn -0.468556 0.825283 0.315219
vn -0.511202 -0.667443 -0.541473
vn -0.511202 -0.667443 -0.541473
vn -0.511202 -0.667443 -0.541473
vn -0.511202 -0.667443 -0.541473
vn -0.483886 0.872557 -0.067077
vn -0.483886 0.872557 -0.067077
vn -0.483886 0.872557 -0.067077
vn -0.483886 0.872557 -0.067077
vn -0.514123 0.798771 0.312478
vn -0.514123 0.798771 0.312478
vn -0.514123 0.798771 0.312478
vn -0.514123 0.798771 0.312478
vn -0.460149 0.884169 0.080679
vn -0.460149 0.884169 0.080679
vn -0.460149 0.884169 0.080679
vn -0.460149 0.884169 0.080679
vn -0.495733 0.774232 -0.393462
vn -0.495733 0.774232 -0.393462
vn -0.495733 0.774232 -0.393462
vn -0.495733 0.774232 -0.393462
vn -0.622573 -0.035493 0.781756
vn -0.622573 -0.035493 0.781756
vn -0.622573 -0.035493 0.781756
vn -0.622573 -0.035493 0.781756
vn -0.479053 0.821374 -0.309602
vn -0.479053 0.821374 -0.309602
vn -0.479053 0.821374 -0.309602
vn -0.479053 0.821374 -0.309602
vn -0.528321 0.844728 -0.085510
vn -0.528321 0.844728 -0.085510
vn -0.528321 0.844728 -0.085510
vn -0.528321 0.844728 -0.085510
vn -0.594807 0.489324 0.637782
vn -0.594807 0.489324 0.637782
vn -0.594807 0.489324 0.637782
vn -0.594807 0.489324 0.637782
vn -0.500078 0.123921 -0.857068
vn -0.500078 0.123921 -0.857068
vn -0.500078 0.123921 -0.857068
vn -0.500078 0.123921 -0.857068
vn -0.575270 0.768166 0.281042
vn -0.575270 0.768166 0.281042
vn -0.575270 0.768166 0.281042
vn -0.575270 0.768166 0.281042
vn -0.680054 -0.722527 -0.124428
vn -0.680054 -0.722527 -0.124428
vn -0.680054 -0.722527 -0.124428
vn -0.680054 -0.722527 -0.124428
vn -0.225163 -0.434948 -0.871850
vn -0.225163 -0.434948 -0.871850
vn -0.225163 -0.434948 -0.871850
vn -0.225163 -0.434948 -0.871850
vn -0.288338 0.896019 0.337655
vn -0.288338 0.896019 0.337655
vn -0.288338 0.896019 0.337655
vn -0.288338 0.896019 0.337655
vn -0.226953 -0.648996 -0.726152
vn -0.226953 -0.648996 -0.726152
vn -0.226953 -0.648996 -0.726152
vn -0.226953 -0.648996 -0.726152
vn -0.894631 0.178243 -0.409714
vn -0.894631 0.178243 -0.409714
vn -0.894631 0.178243 -0.409714
vn -0.894631 0.178243 -0.409714
vn -0.289511 0.951529 0.103807
vn -0.289511 0.951529 0.103807
vn -0.289511 0.951529 0.103807
vn -0.289511 0.951529 0.103807
vn -0.920472 0.057865 -0.386501
vn -0.920472 0.057865 -0.386501
vn -0.920472 0.057865 -0.386501
vn -0.920472 0.057865 -0.386501
vn -0.272279 0.523556 -0.807312
vn -0.272279 0.523556 -0.807312
vn -0.272279 0.523556 -0.807312
vn -0.272279 0.523556 -0.807312
vn -0.343778 0.135143 0.929275
vn -0.343778 0.135143 0.929275
vn -0.343778 0.135143 0.929275
vn -0.343778 0.135143 0.929275
vn -0.957938 0.285136 -0.032438
vn -0.957938 0.285136 -0.032438
vn -0.957938 0.285136 -0.032438
vn -0.957938 0.285136 -0.032438
vn -0.937680 0.303037 -0.170077
vn -0.937680 0.303037 -0.170077
vn -0.937680 0.303037 -0.170077
vn -0.937680 0.303037 -0.170077
vn -0.939329 0.297568 -0.170632
vn -0.317435 0.587010 0.744751
vn -0.317435 0.587010 0.744751
vn -0.317435 0.587010 0.744751
vn -0.317435 0.587010 0.744751
vn -0.237681 0.070376 -0.968790
vn -0.237681 0.070376 -0.968790
vn -0.237681 0.070376 -0.968790
vn -0.237681 0.070376 -0.968790
vn 0.991204 0.121398 0.052703
vn 0.991204 0.121398 0.052703
vn 0.991204 0.121398 0.052703
vn 0.991204 0.121398 0.052703
vn 0.990023 0.128513 0.057788
vn 0.990023 0.128513 0.057788
vn 0.990023 0.128513 0.057788
vn 0.990023 0.128513 0.057788
vn 0.991140 0.130728 0.023497
vn 0.991140 0.130728 0.023497
vn 0.991140 0.130728 0.023497
vn 0.991140 0.130728 0.023497
vn 0.992031 0.125957 -0.003154
vn 0.992031 0.125957 -0.003154
vn 0.992031 0.125957 -0.003154
vn 0.992031 0.125957 -0.003154
vn 0.990081 0.130595 -0.051811
vn 0.990081 0.130595 -0.051811
vn 0.990081 0.130595 -0.051811
vn 0.990081 0.130595 -0.051811
vn 0.986028 0.131739 -0.101948
vn 0.986028 0.131739 -0.101948
vn 0.986028 0.131739 -0.101948
vn 0.986028 0.131739 -0.101948
vn 0.983334 0.173206 -0.055264
vn 0.983334 0.173206 -0.055264
vn 0.983334 0.173206 -0.055264
vn 0.983334 0.173206 -0.055264
vn 0.982887 0.180294 0.037780
vn 0.982887 0.180294 0.037780
vn 0.982887 0.180294 0.037780
vn 0.982887 0.180294 0.037780
vn 0.985627 0.102395 0.134370
vn 0.985627 0.102395 0.134370
vn 0.985627 0.102395 0.134370
vn 0.985627 0.102395 0.134370
vn 0.985971 0.026386 0.164817
vn 0.985971 0.026386 0.164817
vn 0.985971 0.026386 0.164817
vn 0.985971 0.026386 0.164817
vn 0.985103 -0.085287 0.149328
vn 0.985103 -0.085287 0.149328
vn 0.985103 -0.085287 0.149328
vn 0.985103 -0.085287 0.149328
vn 0.984804 -0.152945 0.082270
vn 0.984804 -0.152945 0.082270
vn 0.984804 -0.152945 0.082270
vn 0.984804 -0.152945 0.082270
vn 0.984299 -0.176256 0.009399
vn 0.984299 -0.176256 0.009399
vn 0.984299 -0.176256 0.009399
vn 0.984299 -0.176256 0.009399
vn 0.996872 0.073716 -0.028483
vn 0.996872 0.073716 -0.028483
vn 0.996872 0.073716 -0.028483
vn 0.996872 0.073716 -0.028483
vn 0.996435 -0.080188 0.026195
vn 0.996435 -0.080188 0.026195
vn 0.996435 -0.080188 0.026195
vn 0.996435 -0.080188 0.026195
vn 0.993325 -0.107622 0.041511
vn 0.515507 -0.453753 -0.726884
vn 0.515507 -0.453753 -0.726884
vn 0.515507 -0.453753 -0.726884
vn 0.515507 -0.453753 -0.726884
vn 0.616285 -0.500549 0.607983
vn 0.616285 -0.500549 0.607983
vn 0.616285 -0.500549 0.607983
vn 0.616285 -0.500549 0.607983
vn 0.488511 -0.774391 -0.402088
vn 0.488511 -0.774391 -0.402088
vn 0.488511 -0.774391 -0.402088
vn 0.488511 -0.774391 -0.402088
vn 0.476193 0.595363 -0.647134
vn 0.476193 0.595363 -0.647134
vn 0.476193 0.595363 -0.647134
vn 0.476193 0.595363 -0.647134
vn 0.456729 -0.889536 -0.011138
vn 0.456729 -0.889536 -0.011138
vn 0.456729 -0.889536 -0.011138
vn 0.456729 -0.889536 -0.011138
vn 0.631397 -0.723690 0.278586
vn 0.631397 -0.723690 0.278586
vn 0.631397 -0.723690 0.278586
vn 0.631397 -0.723690 0.278586
vn 0.435706 -0.827476 0.354179
vn 0.435706 -0.827476 0.354179
vn 0.435706 -0.827476 0.354179
vn 0.435706 -0.827476 0.354179
vn 0.630299 -0.775302 -0.040370
vn 0.630299 -0.775302 -0.040370
vn 0.630299 -0.775302 -0.040370
vn 0.630299 -0.775302 -0.040370
vn 0.438462 -0.898408 -0.024764
vn 0.438462 -0.898408 -0.024764
vn 0.438462 -0.898408 -0.024764
vn 0.438462 -0.898408 -0.024764
vn 0.703574 -0.679650 -0.207508
vn 0.703574 -0.679650 -0.207508
vn 0.703574 -0.679650 -0.207508
vn 0.703574 -0.679650 -0.207508
vn 0.414024 -0.843671 -0.341765
vn 0.414024 -0.843671 -0.341765
vn 0.414024 -0.843671 -0.341765
vn 0.414024 -0.843671 -0.341765
vn 0.449477 0.045778 0.892118
vn 0.449477 0.045778 0.892118
vn 0.449477 0.045778 0.892118
vn 0.449477 0.045778 0.892118
vn 0.410789 -0.504272 -0.759581
vn 0.410789 -0.504272 -0.759581
vn 0.410789 -0.504272 -0.759581
vn 0.410789 -0.504272 -0.759581
vn 0.445131 0.285441 0.848753
vn 0.445131 0.285441 0.848753
vn 0.445131 0.285441 0.848753
vn 0.445131 0.285441 0.848753
vn 0.388190 -0.096437 -0.916520
vn 0.388190 -0.096437 -0.916520
vn 0.388190 -0.096437 -0.916520
vn 0.388190 -0.096437 -0.916520
vn 0.566434 0.687534 0.454368
vn 0.566434 0.687534 0.454368
vn 0.566434 0.687534 0.454368
vn 0.566434 0.687534 0.454368
vn 0.444598 0.601098 0.664089
vn 0.444598 0.601098 0.664089
vn 0.444598 0.601098 0.664089
vn 0.444598 0.601098 0.664089
vn 0.382320 0.138671 -0.913565
vn 0.382320 0.138671 -0.913565
vn 0.382320 0.138671 -0.913565
vn 0.382320 0.138671 -0.913565
vn 0.468556 0.825283 0.315219
vn 0.468556 0.825283 0.315219
vn 0.468556 0.825283 0.315219
vn 0.468556 0.825283 0.315219
vn 0.511202 -0.667443 -0.541473
vn 0.511202 -0.667443 -0.541473
vn 0.511202 -0.667443 -0.541473
vn 0.511202 -0.667443 -0.541473
vn 0.483886 0.872557 -0.067077
vn 0.483886 0.872557 -0.067077
vn 0.483886 0.872557 -0.067077
vn 0.483886 0.872557 -0.067077
vn 0.514123 0.798771 0.312478
vn 0.514123 0.798771 0.312478
vn 0.514123 0.798771 0.312478
vn 0.514123 0.798771 0.312478
vn 0.460149 0.884169 0.080679
vn 0.460149 0.884169 0.080679
vn 0.460149 0.884169 0.080679
vn 0.460149 0.884169 0.080679
vn 0.495733 0.774232 -0.393462
vn 0.495733 0.774232 -0.393462
vn 0.495733 0.774232 -0.393462
vn 0.495733 0.774232 -0.393462
vn 0.622573 -0.035493 0.781756
vn 0.622573 -0.035493 0.781756
vn 0.622573 -0.035493 0.781756
vn 0.622573 -0.035493 0.781756
vn 0.479053 0.821374 -0.309602
vn 0.479053 0.821374 -0.309602
vn 0.479053 0.821374 -0.309602
vn 0.479053 0.821374 -0.309602
vn 0.528321 0.844728 -0.085510
vn 0.528321 0.844728 -0.085510
vn 0.528321 0.844728 -0.085510
vn 0.528321 0.844728 -0.085510
vn 0.594807 0.489324 0.637782
vn 0.594807 0.489324 0.637782
vn 0.594807 0.489324 0.637782
vn 0.594807 0.489324 0.637782
vn 0.500078 0.123921 -0.857068
vn 0.500078 0.123921 -0.857068
vn 0.500078 0.123921 -0.857068
vn 0.500078 0.123921 -0.857068
vn 0.575270 0.768166 0.281042
vn 0.575270 0.768166 0.281042
vn 0.575270 0.768166 0.281042
vn 0.575270 0.768166 0.281042
vn 0.309114 -0.812095 0.494924
vn 0.309114 -0.812095 0.494924
vn 0.309114 -0.812095 0.494924
vn 0.309114 -0.812095 0.494924
vn 0.225163 -0.434948 -0.871850
vn 0.225163 -0.434948 -0.871850
vn 0.225163 -0.434948 -0.871850
vn 0.225163 -0.434948 -0.871850
vn 0.288338 0.896019 0.337655
vn 0.288338 0.896019 0.337655
vn 0.288338 0.896019 0.337655
vn 0.288338 0.896019 0.337655
vn 0.226953 -0.648996 -0.726152
vn 0.226953 -0.648996 -0.726152
vn 0.226953 -0.648996 -0.726152
vn 0.226953 -0.648996 -0.726152
vn 0.894631 0.178243 -0.409714
vn 0.894631 0.178243 -0.409714
vn 0.894631 0.178243 -0.409714
vn 0.894631 0.178243 -0.409714
vn 0.289511 0.951529 0.103807
vn 0.289511 0.951529 0.103807
vn 0.289511 0.951529 0.103807
vn 0.289511 0.951529 0.103807
vn 0.920472 0.057865 -0.386501
vn 0.920472 0.057865 -0.386501
vn 0.920472 0.057865 -0.386501
vn 0.920472 0.057865 -0.386501
vn 0.272279 0.523556 -0.807312
vn 0.272279 0.523556 -0.807312
vn 0.272279 0.523556 -0.807312
vn 0.272279 0.523556 -0.807312
vn 0.343778 0.135143 0.929275
vn 0.343778 0.135143 0.929275
vn 0.343778 0.135143 0.929275
vn 0.343778 0.135143 0.929275
vn 0.957938 0.285136 -0.032438
vn 0.957938 0.285136 -0.032438
vn 0.957938 0.285136 -0.032438
vn 0.957938 0.285136 -0.032438
vn 0.937680 0.303037 -0.170077
vn 0.937680 0.303037 -0.170077
vn 0.937680 0.303037 -0.170077
vn 0.937680 0.303037 -0.170077
vn 0.939329 0.297568 -0.170632
vn 0.317435 0.587010 0.744751
vn 0.317435 0.587010 0.744751
vn 0.317435 0.587010 0.744751
vn 0.317435 0.587010 0.744751
vn 0.237681 0.070376 -0.968790
vn 0.237681 0.070376 -0.968790
vn 0.237681 0.070376 -0.968790
vn 0.237681 0.070376 -0.968790
vn -0.000000 -0.984800 -0.173695
vn -0.000000 -0.984800 -0.173695
vn -0.000000 -0.984800 -0.173695
vn -0.000000 -0.984800 -0.173695
vn -0.000000 -0.984800 -0.173695
vn -0.000000 -0.984800 -0.173695
vn 0.680054 -0.722527 -0.124428
vn 0.680054 -0.722527 -0.124428
vn 0.680054 -0.722527 -0.124428
vn 0.680054 -0.722527 -0.124428
vn 0.270031 -0.582544 -0.766633
vn 0.270031 -0.582544 -0.766633
vn 0.270031 -0.582544 -0.766633
vn 0.270031 -0.582544 -0.766633
vn -0.309114 -0.812095 0.494924
vn -0.309114 -0.812095 0.494924
vn -0.309114 -0.812095 0.494924
vn -0.309114 -0.812095 0.494924
vn -0.270031 -0.582544 -0.766633
vn -0.270031 -0.582544 -0.766633
vn -0.270031 -0.582544 -0.766633
vn -0.270031 -0.582544 -0.766633
vn 0.386751 0.138683 -0.911697
vn 0.386751 0.138683 -0.911697
vn 0.386751 0.138683 -0.911697
vn 0.386751 0.138683 -0.911697
vn 0.434414 0.044870 0.899595
vn 0.434414 0.044870 0.899595
vn 0.434414 0.044870 0.899595
vn 0.434414 0.044870 0.899595
vn 0.992003 0.122780 0.029246
vn 0.992003 0.122780 0.029246
vn 0.992003 0.122780 0.029246
vn 0.992003 0.122780 0.029246
vn -0.386751 0.138683 -0.911697
vn -0.386751 0.138683 -0.911697
vn -0.386751 0.138683 -0.911697
vn -0.386751 0.138683 -0.911697
vn -0.434414 0.044870 0.899595
vn -0.434414 0.044870 0.899595
vn -0.434414 0.044870 0.899595
vn -0.434414 0.044870 0.899595
vn -0.992003 0.122780 0.029246
vn -0.992003 0.122780 0.029246
vn -0.992003 0.122780 0.029246
vn -0.992003 0.122780 0.029246
vn 0.393640 -0.095785 -0.914261
vn 0.393640 -0.095785 -0.914261
vn 0.393640 -0.095785 -0.914261
vn 0.393640 -0.095785 -0.914261
vn 0.444555 0.285384 0.849074
vn 0.444555 0.285384 0.849074
vn 0.444555 0.285384 0.849074
vn 0.444555 0.285384 0.849074
vn 0.988522 0.131990 0.073504
vn 0.988522 0.131990 0.073504
vn 0.988522 0.131990 0.073504
vn 0.988522 0.131990 0.073504
vn -0.393640 -0.095785 -0.914261
vn -0.393640 -0.095785 -0.914261
vn -0.393640 -0.095785 -0.914261
vn -0.393640 -0.095785 -0.914261
vn -0.444555 0.285384 0.849074
vn -0.444555 0.285384 0.849074
vn -0.444555 0.285384 0.849074
vn -0.444555 0.285384 0.849074
vn -0.988522 0.131990 0.073504
vn -0.988522 0.131990 0.073504
vn -0.988522 0.131990 0.073504
vn -0.988522 0.131990 0.073504
vn 0.428547 0.605582 0.670536
vn 0.428547 0.605582 0.670536
vn 0.428547 0.605582 0.670536
vn 0.428547 0.605582 0.670536
vn 0.411651 -0.503943 -0.759332
vn 0.411651 -0.503943 -0.759332
vn 0.411651 -0.503943 -0.759332
vn 0.411651 -0.503943 -0.759332
vn 0.989703 0.139032 0.034026
vn 0.989703 0.139032 0.034026
vn 0.989703 0.139032 0.034026
vn 0.989703 0.139032 0.034026
vn -0.428547 0.605582 0.670536
vn -0.428547 0.605582 0.670536
vn -0.428547 0.605582 0.670536
vn -0.428547 0.605582 0.670536
vn -0.411651 -0.503943 -0.759332
vn -0.411651 -0.503943 -0.759332
vn -0.411651 -0.503943 -0.759332
vn -0.411651 -0.503943 -0.759332
vn -0.989703 0.139032 0.034026
vn -0.989703 0.139032 0.034026
vn -0.989703 0.139032 0.034026
vn -0.989703 0.139032 0.034026
vn 0.447804 0.835055 0.319616
vn 0.447804 0.835055 0.319616
vn 0.447804 0.835055 0.319616
vn 0.447804 0.835055 0.319616
vn 0.428434 -0.837338 -0.339573
vn 0.428434 -0.837338 -0.339573
vn 0.428434 -0.837338 -0.339573
vn 0.428434 -0.837338 -0.339573
vn 0.991158 0.132683 -0.000439
vn 0.991158 0.132683 -0.000439
vn 0.991158 0.132683 -0.000439
vn 0.991158 0.132683 -0.000439
vn -0.447804 0.835055 0.319616
vn -0.447804 0.835055 0.319616
vn -0.447804 0.835055 0.319616
vn -0.447804 0.835055 0.319616
vn -0.428434 -0.837338 -0.339573
vn -0.428434 -0.837338 -0.339573
vn -0.428434 -0.837338 -0.339573
vn -0.428434 -0.837338 -0.339573
vn -0.991158 0.132683 -0.000439
vn -0.991158 0.132683 -0.000439
vn -0.991158 0.132683 -0.000439
vn -0.991158 0.132683 -0.000439
vn 0.475254 0.877280 -0.067187
vn 0.475254 0.877280 -0.067187
vn 0.475254 0.877280 -0.067187
vn 0.475254 0.877280 -0.067187
vn 0.434535 -0.900317 -0.024671
vn 0.434535 -0.900317 -0.024671
vn 0.434535 -0.900317 -0.024671
vn 0.434535 -0.900317 -0.024671
vn 0.990098 0.130475 -0.051781
vn 0.990098 0.130475 -0.051781
vn 0.990098 0.130475 -0.051781
vn 0.990098 0.130475 -0.051781
vn -0.475254 0.877280 -0.067187
vn -0.475254 0.877280 -0.067187
vn -0.475254 0.877280 -0.067187
vn -0.475254 0.877280 -0.067187
vn -0.434535 -0.900317 -0.024671
vn -0.434535 -0.900317 -0.024671
vn -0.434535 -0.900317 -0.024671
vn -0.434535 -0.900317 -0.024671
vn -0.990098 0.130475 -0.051781
vn -0.990098 0.130475 -0.051781
vn -0.990098 0.130475 -0.051781
vn -0.990098 0.130475 -0.051781
vn 0.486826 0.778824 -0.395516
vn 0.486826 0.778824 -0.395516
vn 0.486826 0.778824 -0.395516
vn 0.486826 0.778824 -0.395516
vn 0.440490 -0.825308 0.353320
vn 0.440490 -0.825308 0.353320
vn 0.440490 -0.825308 0.353320
vn 0.440490 -0.825308 0.353320
vn 0.987768 0.121762 -0.097410
vn 0.987768 0.121762 -0.097410
vn 0.987768 0.121762 -0.097410
vn 0.987768 0.121762 -0.097410
vn -0.486826 0.778824 -0.395516
vn -0.486826 0.778824 -0.395516
vn -0.486826 0.778824 -0.395516
vn -0.486826 0.778824 -0.395516
vn -0.440490 -0.825308 0.353320
vn -0.440490 -0.825308 0.353320
vn -0.440490 -0.825308 0.353320
vn -0.440490 -0.825308 0.353320
vn -0.987768 0.121762 -0.097410
vn -0.987768 0.121762 -0.097410
vn -0.987768 0.121762 -0.097410
vn -0.987768 0.121762 -0.097410
vn 0.525332 0.846585 -0.085562
vn 0.525332 0.846585 -0.085562
vn 0.525332 0.846585 -0.085562
vn 0.525332 0.846585 -0.085562
vn 0.462545 -0.886524 -0.011251
vn 0.462545 -0.886524 -0.011251
vn 0.462545 -0.886524 -0.011251
vn 0.462545 -0.886524 -0.011251
vn 0.987013 0.151031 -0.054729
vn 0.987013 0.151031 -0.054729
vn 0.987013 0.151031 -0.054729
vn 0.987013 0.151031 -0.054729
vn -0.525332 0.846585 -0.085562
vn -0.525332 0.846585 -0.085562
vn -0.525332 0.846585 -0.085562
vn -0.525332 0.846585 -0.085562
vn -0.462545 -0.886524 -0.011251
vn -0.462545 -0.886524 -0.011251
vn -0.462545 -0.886524 -0.011251
vn -0.462545 -0.886524 -0.011251
vn -0.987013 0.151031 -0.054729
vn -0.987013 0.151031 -0.054729
vn -0.987013 0.151031 -0.054729
vn -0.987013 0.151031 -0.054729
vn 0.570852 0.784250 0.243064
vn 0.570852 0.784250 0.243064
vn 0.570852 0.784250 0.243064
vn 0.570852 0.784250 0.243064
vn 0.495403 -0.786199 -0.369416
vn 0.495403 -0.786199 -0.369416
vn 0.495403 -0.786199 -0.369416
vn 0.495403 -0.786199 -0.369416
vn 0.984296 0.176500 0.002937
vn 0.984296 0.176500 0.002937
vn 0.984296 0.176500 0.002937
vn 0.984296 0.176500 0.002937
vn -0.570852 0.784250 0.243064
vn -0.570852 0.784250 0.243064
vn -0.570852 0.784250 0.243064
vn -0.570852 0.784250 0.243064
vn -0.495403 -0.786199 -0.369416
vn -0.495403 -0.786199 -0.369416
vn -0.495403 -0.786199 -0.369416
vn -0.495403 -0.786199 -0.369416
vn -0.984296 0.176500 0.002937
vn -0.984296 0.176500 0.002937
vn -0.984296 0.176500 0.002937
vn -0.984296 0.176500 0.002937
vn 0.617633 0.478726 0.623980
vn 0.617633 0.478726 0.623980
vn 0.617633 0.478726 0.623980
vn 0.617633 0.478726 0.623980
vn 0.505370 -0.457030 -0.731932
vn 0.505370 -0.457030 -0.731932
vn 0.505370 -0.457030 -0.731932
vn 0.505370 -0.457030 -0.731932
vn 0.984130 0.107151 0.141444
vn 0.984130 0.107151 0.141444
vn 0.984130 0.107151 0.141444
vn 0.984130 0.107151 0.141444
vn -0.617633 0.478726 0.623980
vn -0.617633 0.478726 0.623980
vn -0.617633 0.478726 0.623980
vn -0.617633 0.478726 0.623980
vn -0.505370 -0.457030 -0.731932
vn -0.505370 -0.457030 -0.731932
vn -0.505370 -0.457030 -0.731932
vn -0.505370 -0.457030 -0.731932
vn -0.984130 0.107151 0.141444
vn -0.984130 0.107151 0.141444
vn -0.984130 0.107151 0.141444
vn -0.984130 0.107151 0.141444
vn 0.513303 0.123198 -0.849319
vn 0.513303 0.123198 -0.849319
vn 0.513303 0.123198 -0.849319
vn 0.513303 0.123198 -0.849319
vn 0.616819 -0.035926 0.786285
vn 0.616819 -0.035926 0.786285
vn 0.616819 -0.035926 0.786285
vn 0.616819 -0.035926 0.786285
vn 0.984930 0.025698 0.171032
vn 0.984930 0.025698 0.171032
vn 0.984930 0.025698 0.171032
vn 0.984930 0.025698 0.171032
vn -0.513303 0.123198 -0.849319
vn -0.513303 0.123198 -0.849319
vn -0.513303 0.123198 -0.849319
vn -0.513303 0.123198 -0.849319
vn -0.616819 -0.035926 0.786285
vn -0.616819 -0.035926 0.786285
vn -0.616819 -0.035926 0.786285
vn -0.616819 -0.035926 0.786285
vn -0.984930 0.025698 0.171032
vn -0.984930 0.025698 0.171032
vn -0.984930 0.025698 0.171032
vn -0.984930 0.025698 0.171032
vn 0.491679 0.589819 -0.640598
vn 0.491679 0.589819 -0.640598
vn 0.491679 0.589819 -0.640598
vn 0.491679 0.589819 -0.640598
vn 0.606788 -0.505250 0.613622
vn 0.606788 -0.505250 0.613622
vn 0.606788 -0.505250 0.613622
vn 0.606788 -0.505250 0.613622
vn 0.984342 -0.088254 0.152583
vn 0.984342 -0.088254 0.152583
vn 0.984342 -0.088254 0.152583
vn 0.984342 -0.088254 0.152583
vn -0.491679 0.589819 -0.640598
vn -0.491679 0.589819 -0.640598
vn -0.491679 0.589819 -0.640598
vn -0.491679 0.589819 -0.640598
vn -0.606788 -0.505250 0.613622
vn -0.606788 -0.505250 0.613622
vn -0.606788 -0.505250 0.613622
vn -0.606788 -0.505250 0.613622
vn -0.984342 -0.088254 0.152583
vn -0.984342 -0.088254 0.152583
vn -0.984342 -0.088254 0.152583
vn -0.984342 -0.088254 0.152583
vn 0.496918 0.812162 -0.305721
vn 0.496918 0.812162 -0.305721
vn 0.496918 0.812162 -0.305721
vn 0.496918 0.812162 -0.305721
vn 0.611859 -0.738333 0.283711
vn 0.611859 -0.738333 0.283711
vn 0.611859 -0.738333 0.283711
vn 0.611859 -0.738333 0.283711
vn 0.984325 -0.155510 0.083187
vn 0.984325 -0.155510 0.083187
vn 0.984325 -0.155510 0.083187
vn 0.984325 -0.155510 0.083187
vn -0.496918 0.812162 -0.305721
vn -0.496918 0.812162 -0.305721
vn -0.496918 0.812162 -0.305721
vn -0.496918 0.812162 -0.305721
vn -0.611859 -0.738333 0.283711
vn -0.611859 -0.738333 0.283711
vn -0.611859 -0.738333 0.283711
vn -0.611859 -0.738333 0.283711
vn -0.984325 -0.155510 0.083187
vn -0.984325 -0.155510 0.083187
vn -0.984325 -0.155510 0.083187
vn -0.984325 -0.155510 0.083187
vn 0.438072 0.894703 0.087175
vn 0.438072 0.894703 0.087175
vn 0.438072 0.894703 0.087175
vn 0.438072 0.894703 0.087175
vn 0.613687 -0.788468 -0.041315
vn 0.613687 -0.788468 -0.041315
vn 0.613687 -0.788468 -0.041315
vn 0.613687 -0.788468 -0.041315
vn 0.983456 -0.180919 0.009057
vn 0.983456 -0.180919 0.009057
vn 0.983456 -0.180919 0.009057
vn 0.983456 -0.180919 0.009057
vn -0.438072 0.894703 0.087175
vn -0.438072 0.894703 0.087175
vn -0.438072 0.894703 0.087175
vn -0.438072 0.894703 0.087175
vn -0.613687 -0.788468 -0.041315
vn -0.613687 -0.788468 -0.041315
vn -0.613687 -0.788468 -0.041315
vn -0.613687 -0.788468 -0.041315
vn -0.983456 -0.180919 0.009057
vn -0.983456 -0.180919 0.009057
vn -0.983456 -0.180919 0.009057
vn -0.983456 -0.180919 0.009057
vn 0.761474 0.609695 0.220066
vn 0.761474 0.609695 0.220066
vn 0.761474 0.609695 0.220066
vn 0.586937 -0.545230 -0.598523
vn 0.586937 -0.545230 -0.598523
vn 0.586937 -0.545230 -0.598523
vn -0.761474 0.609695 0.220066
vn -0.761474 0.609695 0.220066
vn -0.761474 0.609695 0.220066
vn -0.586937 -0.545230 -0.598523
vn -0.586937 -0.545230 -0.598523
vn -0.586937 -0.545230 -0.598523
vn 0.936903 -0.175722 0.302217
vn 0.936903 -0.175722 0.302217
vn 0.936903 -0.175722 0.302217
vn 0.424113 -0.898384 -0.114169
vn 0.424113 -0.898384 -0.114169
vn 0.424113 -0.898384 -0.114169
vn 0.270631 0.613492 0.741880
vn 0.270631 0.613492 0.741880
vn 0.270631 0.613492 0.741880
vn -0.936903 -0.175722 0.302217
vn -0.936903 -0.175722 0.302217
vn -0.936903 -0.175722 0.302217
vn -0.424113 -0.898384 -0.114169
vn -0.424113 -0.898384 -0.114169
vn -0.424113 -0.898384 -0.114169
vn -0.270631 0.613492 0.741880
vn -0.270631 0.613492 0.741880
vn -0.270631 0.613492 0.741880
vn 0.931556 -0.095181 0.350919
vn 0.931556 -0.095181 0.350919
vn 0.931556 -0.095181 0.350919
vn 0.408621 -0.904351 0.123197
vn 0.408621 -0.904351 0.123197
vn 0.408621 -0.904351 0.123197
vn 0.259540 0.787087 0.559584
vn 0.259540 0.787087 0.559584
vn 0.259540 0.787087 0.559584
vn -0.931556 -0.095181 0.350919
vn -0.931556 -0.095181 0.350919
vn -0.931556 -0.095181 0.350919
vn -0.408621 -0.904351 0.123197
vn -0.408621 -0.904351 0.123197
vn -0.408621 -0.904351 0.123197
vn -0.259540 0.787087 0.559584
vn -0.259540 0.787087 0.559584
vn -0.259540 0.787087 0.559584
vn 0.276185 0.160098 0.947676
vn 0.276185 0.160098 0.947676
vn 0.276185 0.160098 0.947676
vn 0.428145 -0.719425 -0.546918
vn 0.428145 -0.719425 -0.546918
vn 0.428145 -0.719425 -0.546918
vn -0.276185 0.160098 0.947676
vn -0.276185 0.160098 0.947676
vn -0.276185 0.160098 0.947676
vn -0.428145 -0.719425 -0.546918
vn -0.428145 -0.719425 -0.546918
vn -0.428145 -0.719425 -0.546918
vn 0.947922 -0.318501 -0.000975
vn 0.947922 -0.318501 -0.000975
vn 0.947922 -0.318501 -0.000975
vn 0.461403 -0.343193 -0.818123
vn 0.461403 -0.343193 -0.818123
vn 0.461403 -0.343193 -0.818123
vn 0.298003 -0.332909 0.894632
vn 0.298003 -0.332909 0.894632
vn 0.298003 -0.332909 0.894632
vn -0.947922 -0.318501 -0.000975
vn -0.947922 -0.318501 -0.000975
vn -0.947922 -0.318501 -0.000975
vn -0.461403 -0.343193 -0.818123
vn -0.461403 -0.343193 -0.818123
vn -0.461403 -0.343193 -0.818123
vn -0.298003 -0.332909 0.894632
vn -0.298003 -0.332909 0.894632
vn -0.298003 -0.332909 0.894632
vn 0.996434 0.080212 -0.026194
vn 0.996434 0.080212 -0.026194
vn 0.996434 0.080212 -0.026194
vn 0.996434 0.080212 -0.026194
vn 0.993329 0.107588 -0.041497
vn 0.703707 0.679491 0.207579
vn 0.703707 0.679491 0.207579
vn 0.703707 0.679491 0.207579
vn 0.703707 0.679491 0.207579
vn 0.566316 -0.687649 -0.454340
vn 0.566316 -0.687649 -0.454340
vn 0.566316 -0.687649 -0.454340
vn 0.566316 -0.687649 -0.454340
vn -0.996434 0.080212 -0.026194
vn -0.996434 0.080212 -0.026194
vn -0.996434 0.080212 -0.026194
vn -0.996434 0.080212 -0.026194
vn -0.993329 0.107588 -0.041497
vn -0.703707 0.679491 0.207579
vn -0.703707 0.679491 0.207579
vn -0.703707 0.679491 0.207579
vn -0.703707 0.679491 0.207579
vn -0.566316 -0.687649 -0.454340
vn -0.566316 -0.687649 -0.454340
vn -0.566316 -0.687649 -0.454340
vn -0.566316 -0.687649 -0.454340
vn 0.225183 0.434966 0.871836
vn 0.225183 0.434966 0.871836
vn 0.225183 0.434966 0.871836
vn 0.225183 0.434966 0.871836
vn 0.288399 -0.896026 -0.337583
vn 0.288399 -0.896026 -0.337583
vn 0.288399 -0.896026 -0.337583
vn 0.288399 -0.896026 -0.337583
vn 0.894617 -0.178272 0.409731
vn 0.894617 -0.178272 0.409731
vn 0.894617 -0.178272 0.409731
vn 0.894617 -0.178272 0.409731
vn -0.225183 0.434966 0.871836
vn -0.225183 0.434966 0.871836
vn -0.225183 0.434966 0.871836
vn -0.225183 0.434966 0.871836
vn -0.288399 -0.896026 -0.337583
vn -0.288399 -0.896026 -0.337583
vn -0.288399 -0.896026 -0.337583
vn -0.288399 -0.896026 -0.337583
vn -0.894617 -0.178272 0.409731
vn -0.894617 -0.178272 0.409731
vn -0.894617 -0.178272 0.409731
vn -0.894617 -0.178272 0.409731
vn 0.226969 0.649025 0.726121
vn 0.226969 0.649025 0.726121
vn 0.226969 0.649025 0.726121
vn 0.226969 0.649025 0.726121
vn 0.289658 -0.951482 -0.103826
vn 0.289658 -0.951482 -0.103826
vn 0.289658 -0.951482 -0.103826
vn 0.289658 -0.951482 -0.103826
vn 0.920480 -0.057854 0.386483
vn 0.920480 -0.057854 0.386483
vn 0.920480 -0.057854 0.386483
vn 0.920480 -0.057854 0.386483
vn -0.226968 0.649026 0.726121
vn -0.226968 0.649026 0.726121
vn -0.226968 0.649026 0.726121
vn -0.226968 0.649026 0.726121
vn -0.289658 -0.951482 -0.103826
vn -0.289658 -0.951482 -0.103826
vn -0.289658 -0.951482 -0.103826
vn -0.289658 -0.951482 -0.103826
vn -0.920480 -0.057854 0.386483
vn -0.920480 -0.057854 0.386483
vn -0.920480 -0.057854 0.386483
vn -0.920480 -0.057854 0.386483
vn 0.937725 -0.302921 0.170029
vn 0.937725 -0.302921 0.170029
vn 0.937725 -0.302921 0.170029
vn 0.937725 -0.302921 0.170029
vn 0.939292 -0.297673 0.170650
vn 0.317304 -0.587041 -0.744783
vn 0.317304 -0.587041 -0.744783
vn 0.317304 -0.587041 -0.744783
vn 0.317304 -0.587041 -0.744783
vn 0.237614 -0.070398 0.968805
vn 0.237614 -0.070398 0.968805
vn 0.237614 -0.070398 0.968805
vn 0.237614 -0.070398 0.968805
vn -0.937725 -0.302921 0.170029
vn -0.937725 -0.302921 0.170029
vn -0.937725 -0.302921 0.170029
vn -0.937725 -0.302921 0.170029
vn -0.939292 -0.297673 0.170650
vn -0.317304 -0.587041 -0.744783
vn -0.317304 -0.587041 -0.744783
vn -0.317304 -0.587041 -0.744783
vn -0.317304 -0.587041 -0.744783
vn -0.237614 -0.070398 0.968805
vn -0.237614 -0.070398 0.968805
vn -0.237614 -0.070398 0.968805
vn -0.237614 -0.070398 0.968805
vn 0.272134 -0.523679 0.807282
vn 0.272134 -0.523679 0.807282
vn 0.272134 -0.523679 0.807282
vn 0.272134 -0.523679 0.807282
vn 0.343785 -0.135139 -0.929274
vn 0.343785 -0.135139 -0.929274
vn 0.343785 -0.135139 -0.929274
vn 0.343785 -0.135139 -0.929274
vn 0.957910 -0.285230 0.032428
vn 0.957910 -0.285230 0.032428
vn 0.957910 -0.285230 0.032428
vn 0.957910 -0.285230 0.032428
vn -0.272134 -0.523679 0.807282
vn -0.272134 -0.523679 0.807282
vn -0.272134 -0.523679 0.807282
vn -0.272134 -0.523679 0.807282
vn -0.343785 -0.135139 -0.929274
vn -0.343785 -0.135139 -0.929274
vn -0.343785 -0.135139 -0.929274
vn -0.343785 -0.135139 -0.929274
vn -0.957910 -0.285230 0.032428
vn -0.957910 -0.285230 0.032428
vn -0.957910 -0.285230 0.032428
vn -0.957910 -0.285230 0.032428
f 1/1/1 2/2/2 3/3/3
f 4/4/4 5/5/5 6/6/6
f 7/7/7 8/8/8 9/9/9
f 10/10/10 11/11/11 12/12/12
f 13/13/13 14/14/14 15/15/15
f 16/16/16 17/17/17 18/18/18
f 19/19/19 20/20/20 21/21/21
f 22/22/22 23/23/23 24/24/24
f 25/25/25 26/26/26 27/27/27
f 28/28/28 29/29/29 30/30/30
f 31/31/31 32/32/32 33/33/33
f 34/34/34 35/35/35 36/36/36
f 37/37/37 38/38/38 39/39/39
f 40/40/40 41/41/41 42/42/42
f 43/43/43 44/44/44 45/45/45
f 46/46/46 47/47/47 48/48/48
f 49/49/49 50/50/50 51/51/51
f 52/52/52 53/53/53 54/54/54
f 55/55/55 56/56/56 57/57/57
f 58/58/58 59/59/59 60/60/60
f 61/61/61 62/62/62 63/63/63
f 64/64/64 65/65/65 66/66/66
f 67/67/67 68/68/68 69/69/69
f 70/70/70 71/71/71 72/72/72
f 73/73/73 74/74/74 75/75/75
f 76/76/76 77/77/77 78/78/78
f 79/79/79 80/80/80 81/81/81
f 82/82/82 83/83/83 84/84/84
f 85/85/85 86/86/86 87/87/87
f 88/88/88 89/89/89 90/90/90
f 91/91/91 92/92/92 93/93/93
f 94/94/94 95/95/95 96/96/96
f 97/97/97 98/98/98 99/99/99
f 100/100/100 101/101/101 102/102/102
f 103/103/103 104/104/104 105/105/105
f 103/103/103 105/105/105 106/106/106
f 107/107/107 108/108/108 109/109/109
f 107/107/107 109/109/109 110/110/110
f 111/111/111 112/112/112 113/113/113
f 111/111/111 113/113/113 114/114/114
f 115/115/115 116/116/116 117/117/117
f 115/115/115 117/117/117 118/118/118
f 119/119/119 120/120/120 121/121/121
f 119/119/119 121/121/121 122/122/122
f 123/123/123 124/124/124 125/125/125
f 123/123/123 125/125/125 126/126/126
f 127/127/127 128/128/128 129/129/129
f 127/127/127 129/129/129 130/130/130
f 131/131/131 132/132/132 133/133/133
f 131/131/131 133/133/133 134/134/134
f 135/135/135 136/136/136 137/137/137
f 135/135/135 137/137/137 138/138/138
f 139/139/139 140/140/140 141/141/141
f 139/139/139 141/141/141 142/142/142
f 143/143/143 144/144/144 145/145/145
f 143/143/143 145/145/145 146/146/146
f 147/147/147 148/148/148 149/149/149
f 147/147/147 149/149/149 150/150/150
f 151/151/151 152/152/152 153/153/153
f 151/151/151 153/153/153 154/154/154
f 155/155/155 156/156/156 157/157/157
f 155/155/155 157/157/157 158/158/158
f 159/159/159 160/160/160 161/161/161
f 159/159/159 161/161/161 162/162/162
f 163/163/163 162/162/162 161/161/161
f 164/164/164 165/165/165 166/166/166
f 164/164/164 166/166/166 167/167/167
f 168/168/168 169/169/169 170/170/170
f 168/168/168 170/170/170 171/171/171
f 172/172/172 173/173/173 174/174/174
f 172/172/172 174/174/174 175/175/175
f 176/176/176 177/177/177 178/178/178
f 176/176/176 178/178/178 179/179/179
f 180/180/180 181/181/181 182/182/182
f 180/180/180 182/182/182 183/183/183
f 184/184/184 185/185/185 186/186/186
f 184/184/184 186/186/186 187/187/187
f 188/188/188 189/189/189 190/190/190
f 188/188/188 190/190/190 191/191/191
f 192/192/192 193/193/193 194/194/194
f 192/192/192 194/194/194 195/195/195
f 196/196/196 197/197/197 198/198/198
f 196/196/196 198/198/198 199/199/199
f 200/200/200 201/201/201 202/202/202
f 200/200/200 202/202/202 203/203/203
f 204/204/204 205/205/205 206/206/206
f 204/204/204 206/206/206 207/207/207
f 208/208/208 209/209/209 210/210/210
f 208/208/208 210/210/210 211/211/211
f 212/212/212 213/213/213 214/214/214
f 212/212/212 214/214/214 215/215/215
f 216/216/216 217/217/217 218/218/218
f 216/216/216 218/218/218 219/219/219
f 220/220/220 221/221/221 222/222/222
f 220/220/220 222/222/222 223/223/223
f 224/224/224 225/225/225 226/226/226
f 224/224/224 226/226/226 227/227/227
f 228/228/228 229/229/229 230/230/230
f 228/228/228 230/230/230 231/231/231
f 232/232/232 233/233/233 234/234/234
f 232/232/232 234/234/234 235/235/235
f 236/236/236 237/237/237 238/238/238
f 236/236/236 238/238/238 239/239/239
f 240/240/240 241/241/241 242/242/242
f 240/240/240 242/242/242 243/243/243
f 244/244/244 245/245/245 246/246/246
f 244/244/244 246/246/246 247/247/247
f 248/248/248 249/249/249 250/250/250
f 248/248/248 250/250/250 251/251/251
f 252/252/252 253/253/253 254/254/254
f 252/252/252 254/254/254 255/255/255
f 256/256/256 257/257/257 258/258/258
f 256/256/256 258/258/258 259/259/259
f 260/260/260 261/261/261 262/262/262
f 260/260/260 262/262/262 263/263/263
f 264/264/264 265/265/265 266/266/266
f 264/264/264 266/266/266 267/267/267
f 268/268/268 269/269/269 270/270/270
f 268/268/268 270/270/270 271/271/271
f 272/272/272 273/273/273 274/274/274
f 272/272/272 274/274/274 275/275/275
f 276/276/276 277/277/277 278/278/278
f 276/276/276 278/278/278 279/279/279
f 280/280/280 281/281/281 282/282/282
f 280/280/280 282/282/282 283/283/283
f 284/284/284 285/285/285 286/286/286
f 284/284/284 286/286/286 287/287/287
f 288/288/288 289/289/289 290/290/290
f 288/288/288 290/290/290 291/291/291
f 292/292/292 293/293/293 294/294/294
f 292/292/292 294/294/294 295/295/295
f 296/296/296 297/297/297 298/298/298
f 296/296/296 298/298/298 299/299/299
f 300/300/300 301/301/301 302/302/302
f 300/300/300 302/302/302 303/303/303
f 304/304/304 305/305/305 306/306/306
f 304/304/304 306/306/306 307/307/307
f 308/308/308 309/309/309 310/310/310
f 308/308/308 310/310/310 311/311/311
f 312/312/312 313/313/313 314/314/314
f 312/312/312 314/314/314 315/315/315
f 316/316/316 317/317/317 318/318/318
f 316/316/316 318/318/318 319/319/319
f 320/320/320 321/321/321 322/322/322
f 320/320/320 322/322/322 323/323/323
f 324/324/324 325/325/325 326/326/326
f 324/324/324 326/326/326 327/327/327
f 327/327/327 328/328/328 324/324/324
f 329/329/329 330/330/330 331/331/331
f 329/329/329 331/331/331 332/332/332
f 333/333/333 334/334/334 335/335/335
f 333/333/333 335/335/335 336/336/336
f 337/337/337 338/338/338 339/339/339
f 337/337/337 339/339/339 340/340/340
f 341/341/341 342/342/342 343/343/343
f 341/341/341 343/343/343 344/344/344
f 345/345/345 346/346/346 347/347/347
f 345/345/345 347/347/347 348/348/348
f 349/349/349 350/350/350 351/351/351
f 349/349/349 351/351/351 352/352/352
f 353/353/353 354/354/354 355/355/355
f 353/353/353 355/355/355 356/356/356
f 357/357/357 358/358/358 359/359/359
f 357/357/357 359/359/359 360/360/360
f 361/361/361 362/362/362 363/363/363
f 361/361/361 363/363/363 364/364/364
f 365/365/365 366/366/366 367/367/367
f 365/365/365 367/367/367 368/368/368
f 369/369/369 370/370/370 371/371/371
f 369/369/369 371/371/371 372/372/372
f 373/373/373 374/374/374 375/375/375
f 373/373/373 375/375/375 376/376/376
f 377/377/377 378/378/378 379/379/379
f 377/377/377 379/379/379 380/380/380
f 381/381/381 382/382/382 383/383/383
f 381/381/381 383/383/383 384/384/384
f 385/385/385 386/386/386 387/387/387
f 385/385/385 387/387/387 388/388/388
f 389/389/389 390/390/390 391/391/391
f 389/389/389 391/391/391 392/392/392
f 393/393/393 394/394/394 395/395/395
f 393/393/393 396/396/396 394/394/394
f 397/397/397 394/394/394 396/396/396
f 398/398/398 399/399/399 400/400/400
f 398/398/398 400/400/400 401/401/401
f 402/402/402 403/403/403 404/404/404
f 402/402/402 404/404/404 405/405/405
f 406/406/406 407/407/407 408/408/408
f 406/406/406 408/408/408 409/409/409
f 410/410/410 411/411/411 412/412/412
f 410/410/410 412/412/412 413/413/413
f 414/414/414 415/415/415 416/416/416
f 414/414/414 416/416/416 417/417/417
f 418/418/418 419/419/419 420/420/420
f 418/418/418 420/420/420 421/421/421
f 422/422/422 423/423/423 424/424/424
f 422/422/422 424/424/424 425/425/425
f 426/426/426 427/427/427 428/428/428
f 426/426/426 428/428/428 429/429/429
f 430/430/430 431/431/431 432/432/432
f 430/430/430 432/432/432 433/433/433
f 434/434/434 435/435/435 436/436/436
f 434/434/434 436/436/436 437/437/437
f 438/438/438 439/439/439 440/440/440
f 438/438/438 440/440/440 441/441/441
f 442/442/442 443/443/443 444/444/444
f 442/442/442 444/444/444 445/445/445
f 446/446/446 447/447/447 448/448/448
f 446/446/446 448/448/448 449/449/449
f 450/450/450 451/451/451 452/452/452
f 450/450/450 452/452/452 453/453/453
f 454/454/454 455/455/455 456/456/456
f 454/454/454 456/456/456 457/457/457
f 458/458/458 459/459/459 460/460/460
f 458/458/458 460/460/460 461/461/461
f 462/462/462 463/463/463 464/464/464
f 462/462/462 464/464/464 465/465/465
f 466/466/466 467/467/467 468/468/468
f 466/466/466 468/468/468 469/469/469
f 470/470/470 471/471/471 472/472/472
f 470/470/470 472/472/472 473/473/473
f 474/474/474 475/475/475 476/476/476
f 474/474/474 476/476/476 477/477/477
f 478/478/478 479/479/479 480/480/480
f 478/478/478 480/480/480 481/481/481
f 482/482/482 483/483/483 484/484/484
f 482/482/482 484/484/484 485/485/485
f 486/486/486 487/487/487 488/488/488
f 486/486/486 488/488/488 489/489/489
f 490/490/490 491/491/491 492/492/492
f 490/490/490 492/492/492 493/493/493
f 494/494/494 495/495/495 496/496/496
f 494/494/494 496/496/496 497/497/497
f 498/498/498 499/499/499 500/500/500
f 498/498/498 500/500/500 501/501/501
f 502/502/502 503/503/503 504/504/504
f 502/502/502 504/504/504 505/505/505
f 506/506/506 507/507/507 508/508/508
f 506/506/506 508/508/508 509/509/509
f 510/510/510 511/511/511 512/512/512
f 510/510/510 512/512/512 513/513/513
f 514/514/514 515/515/515 516/516/516
f 514/514/514 516/516/516 517/517/517
f 518/518/518 519/519/519 520/520/520
f 518/518/518 520/520/520 521/521/521
f 522/522/522 523/523/523 524/524/524
f 522/522/522 524/524/524 525/525/525
f 526/526/526 527/527/527 528/528/528
f 526/526/526 528/528/528 529/529/529
f 530/530/530 531/531/531 532/532/532
f 530/530/530 532/532/532 533/533/533
f 534/534/534 535/535/535 536/536/536
f 534/534/534 536/536/536 537/537/537
f 538/538/538 539/539/539 540/540/540
f 538/538/538 540/540/540 541/541/541
f 542/542/542 543/543/543 544/544/544
f 542/542/542 544/544/544 545/545/545
f 546/546/546 547/547/547 548/548/548
f 546/546/546 548/548/548 549/549/549
f 550/550/550 551/551/551 552/552/552
f 550/550/550 552/552/552 553/553/553
f 554/554/554 555/555/555 556/556/556
f 554/554/554 556/556/556 557/557/557
f 558/558/558 559/559/559 560/560/560
f 558/558/558 561/561/561 559/559/559
f 561/561/561 558/558/558 562/562/562
f 563/563/563 564/564/564 565/565/565
f 563/563/563 565/565/565 566/566/566
f 567/567/567 568/568/568 569/569/569
f 567/567/567 569/569/569 570/570/570
f 571/571/571 572/572/572 573/573/573
f 571/571/571 573/573/573 574/574/574
f 575/575/575 574/574/574 573/573/573
f 575/575/575 573/573/573 576/576/576
f 577/577/577 578/578/578 579/579/579
f 577/577/577 579/579/579 580/580/580
f 581/581/581 582/582/582 583/583/583
f 581/581/581 583/583/583 584/584/584
f 585/585/585 586/586/586 587/587/587
f 585/585/585 587/587/587 588/588/588
f 589/589/589 590/590/590 591/591/591
f 589/589/589 591/591/591 592/592/592
f 593/593/593 594/594/594 595/595/595
f 593/593/593 595/595/595 596/596/596
f 597/597/597 598/598/598 599/599/599
f 597/597/597 599/599/599 600/600/600
f 601/601/601 602/602/602 603/603/603
f 601/601/601 603/603/603 604/604/604
f 605/605/605 606/606/606 607/607/607
f 605/605/605 607/607/607 608/608/608
f 609/609/609 610/610/610 611/611/611
f 609/609/609 611/611/611 612/612/612
f 613/613/613 614/614/614 615/615/615
f 613/613/613 615/615/615 616/616/616
f 617/617/617 618/618/618 619/619/619
f 617/617/617 619/619/619 620/620/620
f 621/621/621 622/622/622 623/623/623
f 621/621/621 623/623/623 624/624/624
f 625/625/625 626/626/626 627/627/627
f 625/625/625 627/627/627 628/628/628
f 629/629/629 630/630/630 631/631/631
f 629/629/629 631/631/631 632/632/632
f 633/633/633 634/634/634 635/635/635
f 633/633/633 635/635/635 636/636/636
f 637/637/637 638/638/638 639/639/639
f 637/637/637 639/639/639 640/640/640
f 641/641/641 642/642/642 643/643/643
f 641/641/641 643/643/643 644/644/644
f 645/645/645 646/646/646 647/647/647
f 645/645/645 647/647/647 648/648/648
f 649/649/649 650/650/650 651/651/651
f 649/649/649 651/651/651 652/652/652
f 653/653/653 654/654/654 655/655/655
f 653/653/653 655/655/655 656/656/656
f 657/657/657 658/658/658 659/659/659
f 657/657/657 659/659/659 660/660/660
f 661/661/661 662/662/662 663/663/663
f 661/661/661 663/663/663 664/664/664
f 665/665/665 666/666/666 667/667/667
f 665/665/665 667/667/667 668/668/668
f 669/669/669 670/670/670 671/671/671
f 669/669/669 671/671/671 672/672/672
f 673/673/673 674/674/674 675/675/675
f 673/673/673 675/675/675 676/676/676
f 677/677/677 678/678/678 679/679/679
f 677/677/677 679/679/679 680/680/680
f 681/681/681 682/682/682 683/683/683
f 681/681/681 683/683/683 684/684/684
f 685/685/685 686/686/686 687/687/687
f 685/685/685 687/687/687 688/688/688
f 689/689/689 690/690/690 691/691/691
f 689/689/689 691/691/691 692/692/692
f 693/693/693 694/694/694 695/695/695
f 693/693/693 695/695/695 696/696/696
f 697/697/697 698/698/698 699/699/699
f 697/697/697 699/699/699 700/700/700
f 701/701/701 702/702/702 703/703/703
f 701/701/701 703/703/703 704/704/704
f 705/705/705 706/706/706 707/707/707
f 705/705/705 707/707/707 708/708/708
f 709/709/709 710/710/710 711/711/711
f 709/709/709 711/711/711 712/712/712
f 713/713/713 714/714/714 715/715/715
f 713/713/713 715/715/715 716/716/716
f 717/717/717 718/718/718 719/719/719
f 717/717/717 719/719/719 720/720/720
f 721/721/721 722/722/722 723/723/723
f 721/721/721 723/723/723 724/724/724
f 725/725/725 726/726/726 727/727/727
f 725/725/725 727/727/727 728/728/728
f 729/729/729 730/730/730 731/731/731
f 729/729/729 731/731/731 732/732/732
f 733/733/733 734/734/734 735/735/735
f 733/733/733 735/735/735 736/736/736
f 737/737/737 738/738/738 739/739/739
f 737/737/737 739/739/739 740/740/740
f 741/741/741 742/742/742 743/743/743
f 741/741/741 743/743/743 744/744/744
f 745/745/745 746/746/746 747/747/747
f 745/745/745 747/747/747 748/748/748
f 749/749/749 750/750/750 751/751/751
f 749/749/749 751/751/751 752/752/752
f 753/753/753 754/754/754 755/755/755
f 753/753/753 755/755/755 756/756/756
f 757/757/757 758/758/758 759/759/759
f 757/757/757 759/759/759 760/760/760
f 761/761/761 762/762/762 763/763/763
f 761/761/761 763/763/763 764/764/764
f 765/765/765 766/766/766 767/767/767
f 765/765/765 767/767/767 768/768/768
f 769/769/769 770/770/770 771/771/771
f 769/769/769 771/771/771 772/772/772
f 773/773/773 774/774/774 775/775/775
f 773/773/773 775/775/775 776/776/776
f 777/777/777 778/778/778 779/779/779
f 777/777/777 779/779/779 780/780/780
f 781/781/781 782/782/782 783/783/783
f 781/781/781 783/783/783 784/784/784
f 785/785/785 786/786/786 787/787/787
f 785/785/785 787/787/787 788/788/788
f 789/789/789 790/790/790 791/791/791
f 789/789/789 791/791/791 792/792/792
f 793/793/793 794/794/794 795/795/795
f 793/793/793 795/795/795 796/796/796
f 797/797/797 798/798/798 799/799/799
f 797/797/797 799/799/799 800/800/800
f 801/801/801 802/802/802 803/803/803
f 801/801/801 803/803/803 804/804/804
f 805/805/805 806/806/806 807/807/807
f 805/805/805 807/807/807 808/808/808
f 809/809/809 810/810/810 811/811/811
f 809/809/809 811/811/811 812/812/812
f 813/813/813 814/814/814 815/815/815
f 813/813/813 815/815/815 816/816/816
f 817/817/817 818/818/818 819/819/819
f 817/817/817 819/819/819 820/820/820
f 821/821/821 822/822/822 823/823/823
f 821/821/821 823/823/823 824/824/824
f 825/825/825 826/826/826 827/827/827
f 825/825/825 827/827/827 828/828/828
f 829/829/829 830/830/830 831/831/831
f 829/829/829 831/831/831 832/832/832
f 833/833/833 834/834/834 835/835/835
f 833/833/833 835/835/835 836/836/836
f 837/837/837 838/838/838 839/839/839
f 837/837/837 839/839/839 840/840/840
f 841/841/841 842/842/842 843/843/843
f 841/841/841 843/843/843 844/844/844
f 845/845/845 846/846/846 847/847/847
f 845/845/845 847/847/847 848/848/848
f 849/849/849 850/850/850 851/851/851
f 849/849/849 851/851/851 852/852/852
f 853/853/853 854/854/854 855/855/855
f 853/853/853 855/855/855 856/856/856
f 857/857/857 858/858/858 859/859/859
f 857/857/857 859/859/859 860/860/860
f 861/861/861 862/862/862 863/863/863
f 861/861/861 863/863/863 864/864/864
f 865/865/865 866/866/866 867/867/867
f 865/865/865 867/867/867 868/868/868
f 869/869/869 870/870/870 871/871/871
f 869/869/869 871/871/871 872/872/872
f 873/873/873 874/874/874 875/875/875
f 873/873/873 875/875/875 876/876/876
f 877/877/877 878/878/878 879/879/879
f 877/877/877 879/879/879 880/880/880
f 881/881/881 882/882/882 883/883/883
f 881/881/881 883/883/883 884/884/884
f 885/885/885 886/886/886 887/887/887
f 885/885/885 887/887/887 888/888/888
f 889/889/889 890/890/890 891/891/891
f 889/889/889 891/891/891 892/892/892
f 893/893/893 894/894/894 895/895/895
f 893/893/893 895/895/895 896/896/896
f 897/897/897 898/898/898 899/899/899
f 897/897/897 899/899/899 900/900/900
f 901/901/901 902/902/902 903/903/903
f 901/901/901 903/903/903 904/904/904
f 905/905/905 906/906/906 907/907/907
f 908/908/908 909/909/909 910/910/910
f 911/911/911 912/912/912 913/913/913
f 914/914/914 915/915/915 916/916/916
f 917/917/917 918/918/918 919/919/919
f 920/920/920 921/921/921 922/922/922
f 923/923/923 924/924/924 925/925/925
f 926/926/926 927/927/927 928/928/928
f 929/929/929 930/930/930 931/931/931
f 932/932/932 933/933/933 934/934/934
f 935/935/935 936/936/936 937/937/937
f 938/938/938 939/939/939 940/940/940
f 941/941/941 942/942/942 943/943/943
f 944/944/944 945/945/945 946/946/946
f 947/947/947 948/948/948 949/949/949
f 950/950/950 951/951/951 952/952/952
f 953/953/953 954/954/954 955/955/955
f 956/956/956 957/957/957 958/958/958
f 959/959/959 960/960/960 961/961/961
f 962/962/962 963/963/963 964/964/964
f 965/965/965 966/966/966 967/967/967
f 968/968/968 969/969/969 970/970/970
f 971/971/971 972/972/972 973/973/973
f 974/974/974 975/975/975 976/976/976
f 977/977/977 978/978/978 979/979/979
f 980/980/980 981/981/981 982/982/982
f 983/983/983 984/984/984 985/985/985
f 983/983/983 986/986/986 984/984/984
f 987/987/987 984/984/984 986/986/986
f 988/988/988 989/989/989 990/990/990
f 988/988/988 990/990/990 991/991/991
f 992/992/992 993/993/993 994/994/994
f 992/992/992 994/994/994 995/995/995
f 996/996/996 997/997/997 998/998/998
f 996/996/996 998/998/998 999/999/999
f 1000/1000/1000 999/999/999 998/998/998
f 1001/1001/1001 1002/1002/1002 1003/1003/1003
f 1001/1001/1001 1003/1003/1003 1004/1004/1004
f 1005/1005/1005 1006/1006/1006 1007/1007/1007
f 1005/1005/1005 1007/1007/1007 1008/1008/1008
f 1009/1009/1009 1010/1010/1010 1011/1011/1011
f 1009/1009/1009 1011/1011/1011 1012/1012/1012
f 1013/1013/1013 1014/1014/1014 1015/1015/1015
f 1013/1013/1013 1015/1015/1015 1016/1016/1016
f 1017/1017/1017 1018/1018/1018 1019/1019/1019
f 1017/1017/1017 1019/1019/1019 1020/1020/1020
f 1021/1021/1021 1022/1022/1022 1023/1023/1023
f 1021/1021/1021 1023/1023/1023 1024/1024/1024
f 1025/1025/1025 1026/1026/1026 1027/1027/1027
f 1025/1025/1025 1027/1027/1027 1028/1028/1028
f 1029/1029/1029 1030/1030/1030 1031/1031/1031
f 1029/1029/1029 1031/1031/1031 1032/1032/1032
f 1033/1033/1033 1034/1034/1034 1035/1035/1035
f 1033/1033/1033 1035/1035/1035 1036/1036/1036
f 1037/1037/1037 1038/1038/1038 1039/1039/1039
f 1037/1037/1037 1039/1039/1039 1040/1040/1040
f 1041/1041/1041 1042/1042/1042 1043/1043/1043
f 1041/1041/1041 1043/1043/1043 1044/1044/1044
f 1045/1045/1045 1046/1046/1046 1047/1047/1047
f 1045/1045/1045 1047/1047/1047 1048/1048/1048
f 1049/1049/1049 1050/1050/1050 1051/1051/1051
f 1049/1049/1049 1051/1051/1051 1052/1052/1052
f 1053/1053/1053 1054/1054/1054 1055/1055/1055
f 1053/1053/1053 1055/1055/1055 1056/1056/1056
f 1057/1057/1057 1058/1058/1058 1059/1059/1059
f 1057/1057/1057 1060/1060/1060 1058/1058/1058
f 1060/1060/1060 1057/1057/1057 1061/1061/1061
f 1062/1062/1062 1063/1063/1063 1064/1064/1064
f 1062/1062/1062 1064/1064/1064 1065/1065/1065
f 1066/1066/1066 1067/1067/1067 1068/1068/1068
f 1066/1066/1066 1068/1068/1068 1069/1069/1069
f 1070/1070/1070 1071/1071/1071 1072/1072/1072
f 1070/1070/1070 1072/1072/1072 1073/1073/1073
f 1073/1073/1073 1074/1074/1074 1070/1070/1070
f 1075/1075/1075 1076/1076/1076 1077/1077/1077
f 1075/1075/1075 1077/1077/1077 1078/1078/1078
f 1079/1079/1079 1080/1080/1080 1081/1081/1081
f 1079/1079/1079 1081/1081/1081 1082/1082/1082
f 1083/1083/1083 1084/1084/1084 1085/1085/1085
f 1083/1083/1083 1085/1085/1085 1086/1086/1086
f 1087/1087/1087 1088/1088/1088 1089/1089/1089
f 1087/1087/1087 1089/1089/1089 1090/1090/1090
f 1091/1091/1091 1092/1092/1092 1093/1093/1093
f 1091/1091/1091 1093/1093/1093 1094/1094/1094
f 1095/1095/1095 1096/1096/1096 1097/1097/1097
f 1095/1095/1095 1097/1097/1097 1098/1098/1098
f 1099/1099/1099 1100/1100/1100 1101/1101/1101
f 1099/1099/1099 1101/1101/1101 1102/1102/1102
f 1103/1103/1103 1104/1104/1104 1105/1105/1105
f 1103/1103/1103 1105/1105/1105 1106/1106/1106
