# Unturned item rip -> Godot (X+Z negated, winding reversed, RH Y-up)
v -0.174982 -0.092194 -0.481648
v -0.174982 0.206428 -0.481648
v -0.250295 -0.191734 -0.501648
v 0.250295 0.206428 -0.501648
v 0.174982 -0.092194 -0.481648
v 0.174982 -0.191734 -0.481648
v -0.315148 0.225388 -0.362107
v -0.375815 0.206428 -0.481650
v -0.325607 0.206428 -0.481649
v -0.365356 0.225388 -0.362107
v -0.294231 0.225388 -0.083019
v -0.344439 0.225388 -0.083020
v -0.291446 0.222544 -0.036918
v -0.341654 0.222544 -0.036919
v -0.390962 0.225388 -0.083020
v -0.388177 0.222544 -0.036919
v -0.000000 -0.141964 -0.481647
v -0.124774 -0.141964 -0.511647
v -0.124774 -0.141964 -0.481647
v -0.000000 -0.141964 -0.511647
v 0.124774 -0.141964 -0.511647
v 0.124774 -0.141964 -0.481647
v -0.000000 -0.092194 -0.036916
v -0.000000 -0.092194 0.224322
v -0.074833 -0.092194 0.224322
v -0.093398 -0.092194 -0.083017
v -0.000000 -0.092194 -0.083017
v -0.114315 -0.092194 -0.362107
v -0.000000 -0.092194 -0.362107
v -0.124774 -0.092194 -0.481647
v -0.000000 -0.092194 -0.481647
v -0.000000 -0.092194 -0.511647
v -0.124774 -0.092194 -0.511647
v 0.124774 -0.092194 -0.481647
v 0.124774 -0.092194 -0.511647
v -0.344439 0.225388 -0.083020
v -0.390962 0.225388 -0.083020
v -0.390962 -0.210694 -0.083020
v -0.344439 -0.210694 -0.083020
v -0.424380 0.170645 0.481242
v -0.424380 0.246204 0.481242
v -0.359745 0.246204 0.490719
v -0.359745 0.170645 0.490719
v -0.424380 -0.160032 0.481242
v -0.185444 0.170645 0.513365
v -0.185444 0.246204 0.513365
v -0.130652 0.170645 0.520484
v -0.130652 0.246204 0.520484
v -0.359745 -0.160032 0.490719
v -0.424380 -0.224271 0.481242
v -0.359745 -0.224271 0.490719
v -0.124212 -0.244271 0.581047
v -0.124212 -0.180032 0.581047
v -0.065329 -0.244271 0.588629
v -0.065329 -0.180032 0.588629
v -0.351780 0.241423 0.439742
v -0.424380 0.246204 0.481242
v -0.416415 0.241423 0.431858
v -0.359745 0.246204 0.490719
v -0.185444 0.246204 0.513365
v -0.177479 0.241423 0.459129
v -0.416415 -0.219740 0.431858
v -0.424380 -0.224271 0.481242
v -0.359745 -0.224271 0.490719
v -0.351780 -0.219740 0.439742
v -0.124212 -0.244271 0.581047
v -0.113735 -0.239740 0.524972
v -0.065329 -0.244271 0.588629
v -0.054224 -0.239740 0.531279
v -0.416415 -0.155501 0.431858
v -0.424380 -0.224271 0.481242
v -0.416415 -0.219740 0.431858
v -0.424380 -0.160032 0.481242
v -0.416415 0.166770 0.431858
v -0.424380 0.170645 0.481242
v -0.416415 0.241423 0.431858
v -0.424380 0.246204 0.481242
v -0.113735 -0.175501 0.524972
v -0.359745 -0.160032 0.490719
v -0.351780 -0.155501 0.439742
v -0.124212 -0.180032 0.581047
v -0.054224 -0.175501 0.531279
v -0.065329 -0.180032 0.588629
v -0.054224 -0.239740 0.531279
v -0.065329 -0.244271 0.588629
v -0.065329 -0.180032 0.588629
v -0.054224 -0.175501 0.531279
v -0.351780 -0.155501 0.439742
v -0.359745 -0.160032 0.490719
v -0.359745 0.170645 0.490719
v -0.351780 0.166770 0.439742
v -0.122687 0.166770 0.465223
v -0.130652 0.170645 0.520484
v -0.130652 0.246204 0.520484
v -0.122687 0.241423 0.465223
v -0.083266 0.147595 0.191729
v -0.083266 0.217764 0.191729
v -0.177479 0.241423 0.459129
v -0.130652 0.246204 0.520484
v -0.185444 0.246204 0.513365
v -0.122687 0.241423 0.465223
v -0.138058 0.217764 0.190705
v -0.083266 0.217764 0.191729
v -0.177479 0.166770 0.459129
v -0.083266 0.147595 0.191729
v -0.138058 0.147595 0.190705
v -0.122687 0.166770 0.465223
v -0.185444 0.170645 0.513365
v -0.130652 0.170645 0.520484
v -0.359745 0.170645 0.490719
v -0.351780 0.166770 0.439742
v -0.145263 0.226057 0.077872
v -0.049812 0.175676 0.105426
v -0.049811 0.226057 0.105427
v -0.145263 0.175676 0.077872
v -0.249190 0.226057 0.064098
v -0.249190 0.175676 0.064098
v -0.392535 0.226057 0.063798
v -0.333019 0.175676 0.063798
v -0.333019 -0.161558 0.063798
v -0.392535 -0.211626 0.063798
v -0.262615 -0.161558 0.076068
v -0.262615 -0.221626 0.076068
v -0.112211 -0.161558 0.085334
v -0.112210 -0.221626 0.085334
v -0.000000 -0.161558 0.089472
v -0.000000 -0.221626 0.089472
v -0.172578 0.226057 0.232782
v -0.077126 0.226057 0.260337
v -0.077126 0.175676 0.260337
v -0.172578 0.175676 0.232782
v -0.262900 0.226057 0.220799
v -0.262900 0.175676 0.220799
v -0.392535 0.226057 0.221098
v -0.333019 0.175676 0.221098
v -0.333019 -0.161558 0.221098
v -0.392535 -0.211626 0.221098
v -0.262615 -0.161558 0.233368
v -0.262615 -0.221626 0.233368
v -0.112211 -0.161558 0.242634
v -0.112210 -0.221626 0.242634
v -0.000000 -0.161558 0.246772
v -0.000000 -0.221626 0.246772
v -0.258177 0.232305 0.141917
v -0.392535 0.226057 0.221098
v -0.398987 0.232305 0.141917
v -0.262900 0.226057 0.220799
v -0.158617 0.232305 0.155112
v -0.172578 0.226057 0.232782
v -0.060702 0.232305 0.183059
v -0.077126 0.226057 0.260337
v -0.109789 -0.229232 0.164134
v -0.000000 -0.221626 0.246772
v -0.000000 -0.229232 0.168403
v -0.112210 -0.221626 0.242634
v -0.264955 -0.229232 0.154575
v -0.262615 -0.221626 0.233368
v -0.398987 -0.219232 0.141917
v -0.392535 -0.211626 0.221098
v -0.398987 0.232305 0.141917
v -0.392535 0.226057 0.221098
v -0.392535 -0.211626 0.221098
v -0.398987 -0.219232 0.141917
v -0.392535 -0.211626 0.063798
v -0.398987 -0.219232 0.141917
v -0.264955 -0.229232 0.154575
v -0.262615 -0.221626 0.076068
v -0.109789 -0.229232 0.164134
v -0.112210 -0.221626 0.085334
v -0.000000 -0.229232 0.168403
v -0.000000 -0.221626 0.089472
v -0.049811 0.226057 0.105427
v -0.060702 0.232305 0.183059
v -0.158617 0.232305 0.155112
v -0.145263 0.226057 0.077872
v -0.258177 0.232305 0.141917
v -0.249190 0.226057 0.064098
v -0.398987 0.232305 0.141917
v -0.392535 0.226057 0.063798
v -0.392535 0.226057 0.063798
v -0.398987 0.232305 0.141917
v -0.398987 -0.219232 0.141917
v -0.392535 -0.211626 0.063798
v -0.365356 0.225388 -0.362107
v -0.344439 0.225388 -0.083020
v -0.344439 -0.210694 -0.083020
v -0.365356 -0.210694 -0.362107
v -0.375815 0.206428 -0.481650
v -0.375815 -0.191734 -0.481650
v -0.341654 -0.207850 -0.036919
v -0.388177 -0.207850 -0.036919
v -0.372397 -0.191734 0.224322
v -0.325874 -0.191734 0.224322
v -0.291446 -0.207850 -0.036918
v -0.275666 -0.191734 0.224322
v -0.000000 -0.191734 0.224322
v -0.000000 -0.227850 -0.036916
v -0.000000 -0.230694 -0.083017
v -0.294231 -0.210694 -0.083019
v -0.000000 -0.230694 -0.362107
v -0.315148 -0.210694 -0.362107
v -0.325607 -0.191734 -0.481649
v -0.174982 -0.191734 -0.481648
v -0.000000 -0.211734 -0.481647
v -0.250295 -0.191734 -0.501648
v -0.174982 0.206428 -0.481648
v -0.174982 0.206428 -0.511648
v -0.124774 0.206428 -0.511647
v -0.124774 0.206428 -0.481647
v -0.114315 0.225388 -0.362107
v -0.164524 0.225388 -0.362107
v -0.093398 0.225388 -0.083017
v -0.143606 0.225388 -0.083017
v -0.074833 0.206428 0.224322
v -0.125042 0.206428 0.224322
v -0.351780 0.166770 0.439742
v -0.177479 0.166770 0.459129
v -0.138058 0.147595 0.190705
v -0.312359 0.147595 0.187448
v -0.312359 0.217764 0.187448
v -0.138058 0.217764 0.190705
v -0.177479 0.241423 0.459129
v -0.351780 0.241423 0.439742
v -0.416415 0.241423 0.431858
v -0.376994 0.217764 0.187448
v -0.376994 0.217764 0.187448
v -0.416415 0.241423 0.431858
v -0.416415 0.166770 0.431858
v -0.376994 0.147595 0.187448
v -0.416415 -0.155501 0.431858
v -0.376994 -0.133079 0.187448
v -0.416415 -0.219740 0.431858
v -0.376994 -0.197317 0.187448
v -0.312359 -0.133079 0.187448
v -0.351780 -0.155501 0.439742
v -0.351780 0.166770 0.439742
v -0.312359 0.147595 0.187448
v -0.000000 -0.207317 0.187449
v -0.054224 -0.239740 0.531279
v -0.054224 -0.175501 0.531279
v -0.000000 -0.143079 0.187449
v -0.061882 -0.143079 0.187449
v -0.113735 -0.175501 0.524972
v -0.351780 -0.155501 0.439742
v -0.312359 -0.133079 0.187448
v -0.061882 -0.207317 0.187449
v -0.113735 -0.239740 0.524972
v -0.054224 -0.239740 0.531279
v -0.000000 -0.207317 0.187449
v -0.376994 -0.197317 0.187448
v -0.416415 -0.219740 0.431858
v -0.351780 -0.219740 0.439742
v -0.312359 -0.197317 0.187448
v -0.113735 -0.239740 0.524972
v -0.061882 -0.207317 0.187449
v -0.000000 -0.143079 0.187449
v -0.054224 -0.175501 0.531279
v -0.113735 -0.175501 0.524972
v -0.061882 -0.143079 0.187449
v -0.325607 0.206428 -0.481649
v -0.325607 -0.191734 -0.481649
v -0.250295 -0.191734 -0.501648
v -0.250295 0.206428 -0.501648
v -0.174982 0.206428 -0.481648
v -0.174982 -0.191734 -0.481648
v -0.174982 -0.092194 -0.481648
v -0.124774 -0.141964 -0.481647
v -0.000000 -0.141964 -0.481647
v -0.000000 -0.211734 -0.481647
v -0.375815 -0.191734 -0.481650
v -0.325607 -0.191734 -0.481649
v -0.325607 0.206428 -0.481649
v -0.375815 0.206428 -0.481650
v -0.388177 0.222544 -0.036919
v -0.372397 0.206428 0.224322
v -0.372397 -0.191734 0.224322
v -0.388177 -0.207850 -0.036919
v -0.325874 0.206428 0.224322
v -0.325874 -0.191734 0.224322
v -0.372397 -0.191734 0.224322
v -0.372397 0.206428 0.224322
v -0.365356 -0.210694 -0.362107
v -0.325607 -0.191734 -0.481649
v -0.375815 -0.191734 -0.481650
v -0.315148 -0.210694 -0.362107
v -0.344439 -0.210694 -0.083020
v -0.294231 -0.210694 -0.083019
v -0.341654 -0.207850 -0.036919
v -0.291446 -0.207850 -0.036918
v -0.388177 -0.207850 -0.036919
v -0.390962 -0.210694 -0.083020
v -0.390962 0.225388 -0.083020
v -0.388177 0.222544 -0.036919
v -0.388177 -0.207850 -0.036919
v -0.390962 -0.210694 -0.083020
v -0.325874 0.206428 0.224322
v -0.372397 0.206428 0.224322
v -0.388177 0.222544 -0.036919
v -0.341654 0.222544 -0.036919
v -0.275666 0.206428 0.224322
v -0.291446 0.222544 -0.036918
v -0.143606 0.225388 -0.083017
v -0.125042 0.206428 0.224322
v -0.294231 0.225388 -0.083019
v -0.315148 0.225388 -0.362107
v -0.164524 0.225388 -0.362107
v -0.325607 0.206428 -0.481649
v -0.174982 0.206428 -0.481648
v -0.250295 0.206428 -0.501648
v -0.074833 -0.092194 0.224322
v -0.074833 0.206428 0.224322
v -0.093398 0.225388 -0.083017
v -0.093398 -0.092194 -0.083017
v -0.114315 0.225388 -0.362107
v -0.114315 -0.092194 -0.362107
v -0.124774 0.206428 -0.481647
v -0.124774 -0.092194 -0.481647
v -0.124774 -0.092194 -0.511647
v -0.124774 0.206428 -0.511647
v -0.124774 -0.141964 -0.511647
v -0.000000 -0.141964 -0.511647
v -0.000000 -0.092194 -0.511647
v -0.124774 -0.092194 -0.511647
v -0.174982 -0.092194 -0.511648
v -0.174982 0.206428 -0.511648
v -0.124774 0.206428 -0.511647
v -0.124774 -0.141964 -0.481647
v -0.124774 -0.141964 -0.511647
v -0.174982 -0.092194 -0.511648
v -0.174982 -0.092194 -0.481648
v -0.174982 -0.092194 -0.481648
v -0.174982 -0.092194 -0.511648
v -0.174982 0.206428 -0.511648
v -0.174982 0.206428 -0.481648
v -0.000000 0.208662 0.284604
v -0.176865 0.208662 0.279077
v -0.181765 0.214071 0.227011
v -0.000000 0.214071 0.232538
v -0.176865 0.208662 0.174944
v -0.000000 0.208662 0.180471
v -0.181156 0.213399 0.122878
v -0.000000 0.213399 0.128405
v -0.176865 0.208662 0.070811
v -0.000000 0.208662 0.076338
v -0.181126 0.213366 0.018745
v -0.000000 0.213366 0.024271
v -0.176865 0.208662 -0.033322
v -0.000000 0.208662 -0.027795
v -0.000000 -0.181837 -0.027795
v -0.000000 0.208662 -0.027795
v -0.176865 0.208662 -0.033322
v -0.176865 -0.181837 -0.033322
v -0.378997 -0.181837 0.265771
v -0.378997 0.208662 0.265771
v -0.176865 0.208662 0.279077
v -0.176865 -0.181837 0.279077
v -0.000000 0.208662 0.284604
v -0.000000 -0.181837 0.284604
v -0.176865 -0.181837 0.279077
v -0.000000 -0.181837 0.284604
v -0.000000 -0.187246 0.232538
v -0.181765 -0.187246 0.227011
v -0.105160 0.260659 0.077634
v -0.194163 0.254828 0.065413
v -0.194163 0.196518 0.065413
v -0.105160 0.190687 0.077634
v -0.017344 0.254828 0.096591
v -0.017344 0.196518 0.096591
v -0.028654 0.260659 0.181414
v -0.017344 0.254828 0.096591
v -0.017344 0.196518 0.096591
v -0.028654 0.190687 0.181414
v -0.047037 0.254828 0.264990
v -0.047037 0.196518 0.264990
v -0.071091 0.260659 0.173931
v -0.076462 0.254828 0.225074
v -0.076462 0.196518 0.225074
v -0.071091 0.190687 0.173931
v -0.058647 0.254828 0.124035
v -0.058647 0.196518 0.124035
v -0.112286 0.260659 0.118050
v -0.058647 0.254828 0.124035
v -0.058647 0.196518 0.124035
v -0.112286 0.190687 0.118050
v -0.164738 0.254828 0.105329
v -0.164738 0.196518 0.105329
v -0.212546 0.260659 0.148989
v -0.223856 0.254828 0.233812
v -0.223856 0.196518 0.233812
v -0.212546 0.190687 0.148989
v -0.194163 0.254828 0.065413
v -0.194163 0.196518 0.065413
v -0.136041 0.260659 0.252769
v -0.047037 0.254828 0.264990
v -0.047037 0.196518 0.264990
v -0.136041 0.190687 0.252769
v -0.223856 0.254828 0.233812
v -0.223856 0.196518 0.233812
v -0.170109 0.260659 0.156472
v -0.164738 0.254828 0.105329
v -0.164738 0.196518 0.105329
v -0.170109 0.190687 0.156472
v -0.182554 0.254828 0.206368
v -0.182554 0.196518 0.206368
v -0.128914 0.260659 0.212353
v -0.182554 0.254828 0.206368
v -0.182554 0.196518 0.206368
v -0.128914 0.190687 0.212353
v -0.076462 0.254828 0.225074
v -0.076462 0.196518 0.225074
v 0.315148 0.225388 -0.362107
v 0.325607 0.206428 -0.481649
v 0.375815 0.206428 -0.481650
v 0.365356 0.225388 -0.362107
v 0.294231 0.225388 -0.083019
v 0.344439 0.225388 -0.083020
v 0.291446 0.222544 -0.036918
v 0.341654 0.222544 -0.036919
v 0.390962 0.225388 -0.083020
v 0.388177 0.222544 -0.036919
v 0.124774 -0.092194 -0.481647
v -0.000000 -0.092194 -0.362107
v -0.000000 -0.092194 -0.481647
v 0.114315 -0.092194 -0.362107
v -0.000000 -0.092194 -0.083017
v 0.093398 -0.092194 -0.083017
v -0.000000 -0.092194 -0.036916
v -0.000000 -0.092194 0.224322
v 0.074833 -0.092194 0.224322
v 0.344439 0.225388 -0.083020
v 0.344439 -0.210694 -0.083020
v 0.390962 -0.210694 -0.083020
v 0.390962 0.225388 -0.083020
v 0.424380 0.170645 0.481242
v 0.359745 0.246204 0.490719
v 0.424380 0.246204 0.481242
v 0.359745 0.170645 0.490719
v 0.424380 -0.160032 0.481242
v 0.185444 0.170645 0.513365
v 0.185444 0.246204 0.513365
v 0.130652 0.170645 0.520484
v 0.130652 0.246204 0.520484
v 0.359745 -0.160032 0.490719
v 0.424380 -0.224271 0.481242
v 0.359745 -0.224271 0.490719
v 0.124212 -0.244271 0.581047
v 0.124212 -0.180032 0.581047
v 0.065329 -0.244271 0.588629
v 0.065329 -0.180032 0.588629
v 0.351780 0.241423 0.439742
v 0.416415 0.241423 0.431858
v 0.424380 0.246204 0.481242
v 0.359745 0.246204 0.490719
v 0.185444 0.246204 0.513365
v 0.177479 0.241423 0.459129
v 0.416415 -0.219740 0.431858
v 0.359745 -0.224271 0.490719
v 0.424380 -0.224271 0.481242
v 0.351780 -0.219740 0.439742
v 0.124212 -0.244271 0.581047
v 0.113735 -0.239740 0.524972
v 0.065329 -0.244271 0.588629
v 0.054224 -0.239740 0.531279
v 0.416415 -0.155501 0.431858
v 0.416415 -0.219740 0.431858
v 0.424380 -0.224271 0.481242
v 0.424380 -0.160032 0.481242
v 0.416415 0.166770 0.431858
v 0.424380 0.170645 0.481242
v 0.416415 0.241423 0.431858
v 0.424380 0.246204 0.481242
v 0.113735 -0.175501 0.524972
v 0.351780 -0.155501 0.439742
v 0.359745 -0.160032 0.490719
v 0.124212 -0.180032 0.581047
v 0.054224 -0.175501 0.531279
v 0.065329 -0.180032 0.588629
v 0.054224 -0.239740 0.531279
v 0.054224 -0.175501 0.531279
v 0.065329 -0.180032 0.588629
v 0.065329 -0.244271 0.588629
v 0.351780 -0.155501 0.439742
v 0.351780 0.166770 0.439742
v 0.359745 0.170645 0.490719
v 0.359745 -0.160032 0.490719
v 0.122687 0.166770 0.465223
v 0.130652 0.246204 0.520484
v 0.130652 0.170645 0.520484
v 0.122687 0.241423 0.465223
v 0.083266 0.147595 0.191729
v 0.083266 0.217764 0.191729
v 0.177479 0.241423 0.459129
v 0.185444 0.246204 0.513365
v 0.130652 0.246204 0.520484
v 0.122687 0.241423 0.465223
v 0.138058 0.217764 0.190705
v 0.083266 0.217764 0.191729
v 0.177479 0.166770 0.459129
v 0.138058 0.147595 0.190705
v 0.083266 0.147595 0.191729
v 0.122687 0.166770 0.465223
v 0.185444 0.170645 0.513365
v 0.130652 0.170645 0.520484
v 0.359745 0.170645 0.490719
v 0.351780 0.166770 0.439742
v 0.145263 0.226057 0.077872
v 0.049811 0.226057 0.105427
v 0.049812 0.175676 0.105426
v 0.145263 0.175676 0.077872
v 0.249190 0.226057 0.064098
v 0.249190 0.175676 0.064098
v 0.392535 0.226057 0.063798
v 0.333019 0.175676 0.063798
v 0.333019 -0.161558 0.063798
v 0.392535 -0.211626 0.063798
v 0.262615 -0.161558 0.076068
v 0.262615 -0.221626 0.076068
v 0.112211 -0.161558 0.085334
v 0.112210 -0.221626 0.085334
v -0.000000 -0.161558 0.089472
v -0.000000 -0.221626 0.089472
v 0.172578 0.226057 0.232782
v 0.077126 0.175676 0.260337
v 0.077126 0.226057 0.260337
v 0.172578 0.175676 0.232782
v 0.262900 0.226057 0.220799
v 0.262900 0.175676 0.220799
v 0.392535 0.226057 0.221098
v 0.333019 0.175676 0.221098
v 0.333019 -0.161558 0.221098
v 0.392535 -0.211626 0.221098
v 0.262615 -0.161558 0.233368
v 0.262615 -0.221626 0.233368
v 0.112211 -0.161558 0.242634
v 0.112210 -0.221626 0.242634
v -0.000000 -0.161558 0.246772
v -0.000000 -0.221626 0.246772
v 0.258177 0.232305 0.141917
v 0.398987 0.232305 0.141917
v 0.392535 0.226057 0.221098
v 0.262900 0.226057 0.220799
v 0.158617 0.232305 0.155112
v 0.172578 0.226057 0.232782
v 0.041013 0.232305 0.186570
v 0.077126 0.226057 0.260337
v 0.109789 -0.229232 0.164134
v -0.000000 -0.229232 0.168403
v -0.000000 -0.221626 0.246772
v 0.112210 -0.221626 0.242634
v 0.264955 -0.229232 0.154575
v 0.262615 -0.221626 0.233368
v 0.398987 -0.219232 0.141917
v 0.392535 -0.211626 0.221098
v 0.398987 0.232305 0.141917
v 0.398987 -0.219232 0.141917
v 0.392535 -0.211626 0.221098
v 0.392535 0.226057 0.221098
v 0.392535 -0.211626 0.063798
v 0.264955 -0.229232 0.154575
v 0.398987 -0.219232 0.141917
v 0.262615 -0.221626 0.076068
v 0.109789 -0.229232 0.164134
v 0.112210 -0.221626 0.085334
v -0.000000 -0.229232 0.168403
v -0.000000 -0.221626 0.089472
v 0.049811 0.226057 0.105427
v 0.158617 0.232305 0.155112
v 0.041013 0.232305 0.186570
v 0.145263 0.226057 0.077872
v 0.258177 0.232305 0.141917
v 0.249190 0.226057 0.064098
v 0.398987 0.232305 0.141917
v 0.392535 0.226057 0.063798
v 0.392535 0.226057 0.063798
v 0.392535 -0.211626 0.063798
v 0.398987 -0.219232 0.141917
v 0.398987 0.232305 0.141917
v 0.365356 0.225388 -0.362107
v 0.344439 -0.210694 -0.083020
v 0.344439 0.225388 -0.083020
v 0.365356 -0.210694 -0.362107
v 0.375815 0.206428 -0.481650
v 0.375815 -0.191734 -0.481650
v 0.341654 -0.207850 -0.036919
v 0.372397 -0.191734 0.224322
v 0.388177 -0.207850 -0.036919
v 0.325874 -0.191734 0.224322
v 0.291446 -0.207850 -0.036918
v 0.275666 -0.191734 0.224322
v -0.000000 -0.191734 0.224322
v -0.000000 -0.227850 -0.036916
v -0.000000 -0.230694 -0.083017
v 0.294231 -0.210694 -0.083019
v -0.000000 -0.230694 -0.362107
v 0.315148 -0.210694 -0.362107
v 0.325607 -0.191734 -0.481649
v 0.174982 -0.191734 -0.481648
v 0.250295 -0.191734 -0.501648
v -0.000000 -0.211734 -0.481647
v 0.174982 0.206428 -0.481648
v 0.124774 0.206428 -0.511647
v 0.174982 0.206428 -0.511648
v 0.124774 0.206428 -0.481647
v 0.114315 0.225388 -0.362107
v 0.164524 0.225388 -0.362107
v 0.093398 0.225388 -0.083017
v 0.143606 0.225388 -0.083017
v 0.074833 0.206428 0.224322
v 0.125042 0.206428 0.224322
v 0.351780 0.166770 0.439742
v 0.312359 0.147595 0.187448
v 0.138058 0.147595 0.190705
v 0.177479 0.166770 0.459129
v 0.312359 0.217764 0.187448
v 0.177479 0.241423 0.459129
v 0.138058 0.217764 0.190705
v 0.351780 0.241423 0.439742
v 0.416415 0.241423 0.431858
v 0.376994 0.217764 0.187448
v 0.376994 0.217764 0.187448
v 0.416415 0.166770 0.431858
v 0.416415 0.241423 0.431858
v 0.376994 0.147595 0.187448
v 0.416415 -0.155501 0.431858
v 0.376994 -0.133079 0.187448
v 0.416415 -0.219740 0.431858
v 0.376994 -0.197317 0.187448
v 0.312359 -0.133079 0.187448
v 0.312359 0.147595 0.187448
v 0.351780 0.166770 0.439742
v 0.351780 -0.155501 0.439742
v -0.000000 -0.207317 0.187449
v -0.000000 -0.143079 0.187449
v 0.054224 -0.175501 0.531279
v 0.054224 -0.239740 0.531279
v 0.061882 -0.143079 0.187449
v 0.312359 -0.133079 0.187448
v 0.351780 -0.155501 0.439742
v 0.113735 -0.175501 0.524972
v 0.061882 -0.207317 0.187449
v -0.000000 -0.207317 0.187449
v 0.054224 -0.239740 0.531279
v 0.113735 -0.239740 0.524972
v 0.376994 -0.197317 0.187448
v 0.351780 -0.219740 0.439742
v 0.416415 -0.219740 0.431858
v 0.312359 -0.197317 0.187448
v 0.113735 -0.239740 0.524972
v 0.061882 -0.207317 0.187449
v -0.000000 -0.143079 0.187449
v 0.061882 -0.143079 0.187449
v 0.113735 -0.175501 0.524972
v 0.054224 -0.175501 0.531279
v 0.325607 0.206428 -0.481649
v 0.250295 -0.191734 -0.501648
v 0.325607 -0.191734 -0.481649
v 0.250295 0.206428 -0.501648
v 0.174982 -0.191734 -0.481648
v 0.174982 0.206428 -0.481648
v 0.174982 -0.092194 -0.481648
v 0.124774 -0.141964 -0.481647
v -0.000000 -0.141964 -0.481647
v -0.000000 -0.211734 -0.481647
v 0.375815 -0.191734 -0.481650
v 0.375815 0.206428 -0.481650
v 0.325607 0.206428 -0.481649
v 0.325607 -0.191734 -0.481649
v 0.388177 0.222544 -0.036919
v 0.388177 -0.207850 -0.036919
v 0.372397 -0.191734 0.224322
v 0.372397 0.206428 0.224322
v 0.325874 0.206428 0.224322
v 0.372397 0.206428 0.224322
v 0.372397 -0.191734 0.224322
v 0.325874 -0.191734 0.224322
v 0.365356 -0.210694 -0.362107
v 0.375815 -0.191734 -0.481650
v 0.325607 -0.191734 -0.481649
v 0.315148 -0.210694 -0.362107
v 0.344439 -0.210694 -0.083020
v 0.294231 -0.210694 -0.083019
v 0.341654 -0.207850 -0.036919
v 0.291446 -0.207850 -0.036918
v 0.388177 -0.207850 -0.036919
v 0.390962 -0.210694 -0.083020
v 0.390962 0.225388 -0.083020
v 0.390962 -0.210694 -0.083020
v 0.388177 -0.207850 -0.036919
v 0.388177 0.222544 -0.036919
v 0.325874 0.206428 0.224322
v 0.388177 0.222544 -0.036919
v 0.372397 0.206428 0.224322
v 0.341654 0.222544 -0.036919
v 0.275666 0.206428 0.224322
v 0.291446 0.222544 -0.036918
v 0.125042 0.206428 0.224322
v 0.143606 0.225388 -0.083017
v 0.294231 0.225388 -0.083019
v 0.315148 0.225388 -0.362107
v 0.164524 0.225388 -0.362107
v 0.325607 0.206428 -0.481649
v 0.174982 0.206428 -0.481648
v 0.250295 0.206428 -0.501648
v 0.074833 -0.092194 0.224322
v 0.093398 0.225388 -0.083017
v 0.074833 0.206428 0.224322
v 0.093398 -0.092194 -0.083017
v 0.114315 0.225388 -0.362107
v 0.114315 -0.092194 -0.362107
v 0.124774 0.206428 -0.481647
v 0.124774 -0.092194 -0.481647
v 0.124774 -0.092194 -0.511647
v 0.124774 0.206428 -0.511647
v 0.124774 -0.141964 -0.511647
v -0.000000 -0.092194 -0.511647
v -0.000000 -0.141964 -0.511647
v 0.124774 -0.092194 -0.511647
v 0.174982 -0.092194 -0.511648
v 0.174982 0.206428 -0.511648
v 0.124774 0.206428 -0.511647
v 0.124774 -0.141964 -0.481647
v 0.174982 -0.092194 -0.481648
v 0.174982 -0.092194 -0.511648
v 0.124774 -0.141964 -0.511647
v 0.174982 -0.092194 -0.481648
v 0.174982 0.206428 -0.481648
v 0.174982 0.206428 -0.511648
v 0.174982 -0.092194 -0.511648
v -0.000000 0.208662 0.284604
v 0.181765 0.214071 0.227011
v 0.176865 0.208662 0.279077
v -0.000000 0.214071 0.232538
v 0.176865 0.208662 0.174944
v -0.000000 0.208662 0.180471
v -0.000000 0.213399 0.128405
v 0.181156 0.213399 0.122878
v 0.176865 0.208662 0.070811
v -0.000000 0.208662 0.076338
v 0.181126 0.213366 0.018745
v -0.000000 0.213366 0.024271
v 0.176865 0.208662 -0.033322
v -0.000000 0.208662 -0.027795
v -0.000000 -0.181837 -0.027795
v 0.176865 -0.181837 -0.033322
v 0.176865 0.208662 -0.033322
v -0.000000 0.208662 -0.027795
v 0.378997 -0.181837 0.265771
v 0.176865 0.208662 0.279077
v 0.378997 0.208662 0.265771
v 0.176865 -0.181837 0.279077
v -0.000000 0.208662 0.284604
v -0.000000 -0.181837 0.284604
v 0.176865 -0.181837 0.279077
v 0.181765 -0.187246 0.227011
v -0.000000 -0.187246 0.232538
v -0.000000 -0.181837 0.284604
v 0.041013 0.180330 0.186570
v 0.041013 0.232305 0.186570
v 0.077126 0.226057 0.260337
v 0.077126 0.175676 0.260337
v -0.096076 0.191123 -0.344062
v -0.096076 0.233123 -0.344062
v -0.183940 0.233123 -0.336375
v -0.183940 0.191123 -0.336375
v -0.179181 0.191123 -0.281983
v -0.179181 0.233123 -0.281983
v -0.091317 0.233123 -0.289670
v -0.091317 0.191123 -0.289670
v -0.089303 0.235223 -0.317250
v -0.185954 0.235223 -0.308795
v -0.183940 0.233123 -0.336375
v -0.096076 0.233123 -0.344062
v -0.089303 0.189023 -0.317250
v -0.089303 0.235223 -0.317250
v -0.096076 0.233123 -0.344062
v -0.096076 0.191123 -0.344062
v -0.185954 0.189023 -0.308795
v -0.089303 0.189023 -0.317250
v -0.096076 0.191123 -0.344062
v -0.183940 0.191123 -0.336375
v -0.185954 0.235223 -0.308795
v -0.185954 0.189023 -0.308795
v -0.183940 0.191123 -0.336375
v -0.183940 0.233123 -0.336375
v -0.179181 0.233123 -0.281983
v -0.179181 0.191123 -0.281983
v -0.185954 0.189023 -0.308795
v -0.185954 0.235223 -0.308795
v -0.179181 0.191123 -0.281983
v -0.091317 0.191123 -0.289670
v -0.089303 0.189023 -0.317250
v -0.185954 0.189023 -0.308795
v -0.091317 0.191123 -0.289670
v -0.091317 0.233123 -0.289670
v -0.089303 0.235223 -0.317250
v -0.089303 0.189023 -0.317250
v -0.091317 0.233123 -0.289670
v -0.179181 0.233123 -0.281983
v -0.185954 0.235223 -0.308795
v -0.089303 0.235223 -0.317250
v -0.087343 0.191123 -0.204335
v -0.087343 0.233123 -0.204335
v -0.175207 0.233123 -0.196648
v -0.175207 0.191123 -0.196648
v -0.170448 0.191123 -0.142255
v -0.170448 0.233123 -0.142255
v -0.082584 0.233123 -0.149943
v -0.082584 0.191123 -0.149943
v -0.080570 0.235223 -0.177523
v -0.177221 0.235223 -0.169067
v -0.175207 0.233123 -0.196648
v -0.087343 0.233123 -0.204335
v -0.080570 0.189023 -0.177523
v -0.080570 0.235223 -0.177523
v -0.087343 0.233123 -0.204335
v -0.087343 0.191123 -0.204335
v -0.177221 0.189023 -0.169067
v -0.080570 0.189023 -0.177523
v -0.087343 0.191123 -0.204335
v -0.175207 0.191123 -0.196648
v -0.177221 0.235223 -0.169067
v -0.177221 0.189023 -0.169067
v -0.175207 0.191123 -0.196648
v -0.175207 0.233123 -0.196648
v -0.170448 0.233123 -0.142255
v -0.170448 0.191123 -0.142255
v -0.177221 0.189023 -0.169067
v -0.177221 0.235223 -0.169067
v -0.170448 0.191123 -0.142255
v -0.082584 0.191123 -0.149943
v -0.080570 0.189023 -0.177523
v -0.177221 0.189023 -0.169067
v -0.082584 0.191123 -0.149943
v -0.082584 0.233123 -0.149943
v -0.080570 0.235223 -0.177523
v -0.080570 0.189023 -0.177523
v -0.082584 0.233123 -0.149943
v -0.170448 0.233123 -0.142255
v -0.177221 0.235223 -0.169067
v -0.080570 0.235223 -0.177523
v -0.077343 0.191123 -0.064335
v -0.077343 0.233123 -0.064335
v -0.165207 0.233123 -0.056648
v -0.165207 0.191123 -0.056648
v -0.160448 0.191123 -0.002255
v -0.160448 0.233123 -0.002255
v -0.072584 0.233123 -0.009943
v -0.072584 0.191123 -0.009943
v -0.070570 0.235223 -0.037523
v -0.167221 0.235223 -0.029067
v -0.165207 0.233123 -0.056648
v -0.077343 0.233123 -0.064335
v -0.070570 0.189023 -0.037523
v -0.070570 0.235223 -0.037523
v -0.077343 0.233123 -0.064335
v -0.077343 0.191123 -0.064335
v -0.167221 0.189023 -0.029067
v -0.070570 0.189023 -0.037523
v -0.077343 0.191123 -0.064335
v -0.165207 0.191123 -0.056648
v -0.167221 0.235223 -0.029067
v -0.167221 0.189023 -0.029067
v -0.165207 0.191123 -0.056648
v -0.165207 0.233123 -0.056648
v -0.160448 0.233123 -0.002255
v -0.160448 0.191123 -0.002255
v -0.167221 0.189023 -0.029067
v -0.167221 0.235223 -0.029067
v -0.160448 0.191123 -0.002255
v -0.072584 0.191123 -0.009943
v -0.070570 0.189023 -0.037523
v -0.167221 0.189023 -0.029067
v -0.072584 0.191123 -0.009943
v -0.072584 0.233123 -0.009943
v -0.070570 0.235223 -0.037523
v -0.070570 0.189023 -0.037523
v -0.072584 0.233123 -0.009943
v -0.160448 0.233123 -0.002255
v -0.167221 0.235223 -0.029067
v -0.070570 0.235223 -0.037523
v 0.096076 0.191123 -0.344062
v 0.183940 0.191123 -0.336375
v 0.183940 0.233123 -0.336375
v 0.096076 0.233123 -0.344062
v 0.179181 0.191123 -0.281983
v 0.091317 0.191123 -0.289670
v 0.091317 0.233123 -0.289670
v 0.179181 0.233123 -0.281983
v 0.089303 0.235223 -0.317250
v 0.096076 0.233123 -0.344062
v 0.183940 0.233123 -0.336375
v 0.185954 0.235223 -0.308795
v 0.089303 0.189023 -0.317250
v 0.096076 0.191123 -0.344062
v 0.096076 0.233123 -0.344062
v 0.089303 0.235223 -0.317250
v 0.185954 0.189023 -0.308795
v 0.183940 0.191123 -0.336375
v 0.096076 0.191123 -0.344062
v 0.089303 0.189023 -0.317250
v 0.185954 0.235223 -0.308795
v 0.183940 0.233123 -0.336375
v 0.183940 0.191123 -0.336375
v 0.185954 0.189023 -0.308795
v 0.179181 0.233123 -0.281983
v 0.185954 0.235223 -0.308795
v 0.185954 0.189023 -0.308795
v 0.179181 0.191123 -0.281983
v 0.179181 0.191123 -0.281983
v 0.185954 0.189023 -0.308795
v 0.089303 0.189023 -0.317250
v 0.091317 0.191123 -0.289670
v 0.091317 0.191123 -0.289670
v 0.089303 0.189023 -0.317250
v 0.089303 0.235223 -0.317250
v 0.091317 0.233123 -0.289670
v 0.091317 0.233123 -0.289670
v 0.089303 0.235223 -0.317250
v 0.185954 0.235223 -0.308795
v 0.179181 0.233123 -0.281983
v 0.087343 0.191123 -0.204335
v 0.175207 0.191123 -0.196648
v 0.175207 0.233123 -0.196648
v 0.087343 0.233123 -0.204335
v 0.170448 0.191123 -0.142255
v 0.082584 0.191123 -0.149943
v 0.082584 0.233123 -0.149943
v 0.170448 0.233123 -0.142255
v 0.080570 0.235223 -0.177523
v 0.087343 0.233123 -0.204335
v 0.175207 0.233123 -0.196648
v 0.177221 0.235223 -0.169067
v 0.080570 0.189023 -0.177523
v 0.087343 0.191123 -0.204335
v 0.087343 0.233123 -0.204335
v 0.080570 0.235223 -0.177523
v 0.177221 0.189023 -0.169067
v 0.175207 0.191123 -0.196648
v 0.087343 0.191123 -0.204335
v 0.080570 0.189023 -0.177523
v 0.177221 0.235223 -0.169067
v 0.175207 0.233123 -0.196648
v 0.175207 0.191123 -0.196648
v 0.177221 0.189023 -0.169067
v 0.170448 0.233123 -0.142255
v 0.177221 0.235223 -0.169067
v 0.177221 0.189023 -0.169067
v 0.170448 0.191123 -0.142255
v 0.170448 0.191123 -0.142255
v 0.177221 0.189023 -0.169067
v 0.080570 0.189023 -0.177523
v 0.082584 0.191123 -0.149943
v 0.082584 0.191123 -0.149943
v 0.080570 0.189023 -0.177523
v 0.080570 0.235223 -0.177523
v 0.082584 0.233123 -0.149943
v 0.082584 0.233123 -0.149943
v 0.080570 0.235223 -0.177523
v 0.177221 0.235223 -0.169067
v 0.170448 0.233123 -0.142255
v 0.077343 0.191123 -0.064335
v 0.165207 0.191123 -0.056648
v 0.165207 0.233123 -0.056648
v 0.077343 0.233123 -0.064335
v 0.160448 0.191123 -0.002255
v 0.072584 0.191123 -0.009943
v 0.072584 0.233123 -0.009943
v 0.160448 0.233123 -0.002255
v 0.070570 0.235223 -0.037523
v 0.077343 0.233123 -0.064335
v 0.165207 0.233123 -0.056648
v 0.167221 0.235223 -0.029067
v 0.070570 0.189023 -0.037523
v 0.077343 0.191123 -0.064335
v 0.077343 0.233123 -0.064335
v 0.070570 0.235223 -0.037523
v 0.167221 0.189023 -0.029067
v 0.165207 0.191123 -0.056648
v 0.077343 0.191123 -0.064335
v 0.070570 0.189023 -0.037523
v 0.167221 0.235223 -0.029067
v 0.165207 0.233123 -0.056648
v 0.165207 0.191123 -0.056648
v 0.167221 0.189023 -0.029067
v 0.160448 0.233123 -0.002255
v 0.167221 0.235223 -0.029067
v 0.167221 0.189023 -0.029067
v 0.160448 0.191123 -0.002255
v 0.160448 0.191123 -0.002255
v 0.167221 0.189023 -0.029067
v 0.070570 0.189023 -0.037523
v 0.072584 0.191123 -0.009943
v 0.072584 0.191123 -0.009943
v 0.070570 0.189023 -0.037523
v 0.070570 0.235223 -0.037523
v 0.072584 0.233123 -0.009943
v 0.072584 0.233123 -0.009943
v 0.070570 0.235223 -0.037523
v 0.167221 0.235223 -0.029067
v 0.160448 0.233123 -0.002255
v 0.041013 0.232305 0.186570
v 0.041013 0.180330 0.186570
v 0.049812 0.175676 0.105426
v 0.049811 0.226057 0.105427
v -0.028654 0.260659 0.181414
v -0.071091 0.260659 0.173931
v -0.058647 0.254828 0.124035
v -0.017344 0.254828 0.096591
v -0.047037 0.254828 0.264990
v -0.112286 0.260659 0.118050
v -0.076462 0.254828 0.225074
v -0.105160 0.260659 0.077634
v -0.136041 0.260659 0.252769
v -0.164738 0.254828 0.105329
v -0.128914 0.260659 0.212353
v -0.194163 0.254828 0.065413
v -0.223856 0.254828 0.233812
v -0.170109 0.260659 0.156472
v -0.182554 0.254828 0.206368
v -0.212546 0.260659 0.148989
vt 0.198608398 0.936035156
vt 0.198608398 0.950683594
vt 0.197998047 0.931640625
vt 0.202636719 0.950683594
vt 0.198608398 0.936035156
vt 0.193725586 0.931640625
vt 0.0617675781 0.903808594
vt 0.0645751953 0.897460938
vt 0.0619506836 0.897460938
vt 0.0643920898 0.903808594
vt 0.0615539551 0.91796875
vt 0.0642089844 0.91796875
vt 0.0615539551 0.920410156
vt 0.0642089844 0.920410156
vt 0.0666503906 0.91796875
vt 0.0666503906 0.919921875
vt 0.189453125 0.93359375
vt 0.196044922 0.93359375
vt 0.196044922 0.93359375
vt 0.189453125 0.93359375
vt 0.196044922 0.93359375
vt 0.196044922 0.93359375
vt 0.0797119141 0.940429688
vt 0.0797119141 0.927246094
vt 0.0757446289 0.927246094
vt 0.0747680664 0.942871094
vt 0.0797119141 0.942871094
vt 0.0736694336 0.95703125
vt 0.0797119141 0.95703125
vt 0.0731201172 0.963378906
vt 0.0797119141 0.963378906
vt 0.0797119141 0.963378906
vt 0.0731201172 0.963378906
vt 0.0731201172 0.963378906
vt 0.0731201172 0.963378906
vt 0.100097656 0.954589844
vt 0.102478027 0.954589844
vt 0.102478027 0.93359375
vt 0.100097656 0.93359375
vt 0.0176391602 0.917480469
vt 0.0176391602 0.922851562
vt 0.0227203369 0.922851562
vt 0.0227203369 0.917480469
vt 0.0176391602 0.894042969
vt 0.0364074707 0.917480469
vt 0.0364074707 0.922851562
vt 0.0407104492 0.917480469
vt 0.0407104492 0.922851562
vt 0.0227203369 0.894042969
vt 0.0176391602 0.889160156
vt 0.0227203369 0.889160156
vt 0.0411987305 0.889160156
vt 0.0411987305 0.894042969
vt 0.0458374023 0.889160156
vt 0.0458374023 0.894042969
vt 0.0741577148 0.921386719
vt 0.0689697266 0.917480469
vt 0.0690307617 0.921386719
vt 0.0740966797 0.917480469
vt 0.0877685547 0.91796875
vt 0.0877685547 0.921875
vt 0.0693969727 0.917480469
vt 0.0733032227 0.917480469
vt 0.0733032227 0.912597656
vt 0.0692749023 0.912597656
vt 0.0729980469 0.895019531
vt 0.0685424805 0.89453125
vt 0.0728759766 0.890625
vt 0.068359375 0.890136719
vt 0.0651245117 0.922363281
vt 0.0689697266 0.917480469
vt 0.0651245117 0.91796875
vt 0.0689697266 0.922363281
vt 0.0651245117 0.9453125
vt 0.0689697266 0.945800781
vt 0.0651245117 0.950683594
vt 0.0689697266 0.951171875
vt 0.0231018066 0.944824219
vt 0.0417175293 0.94921875
vt 0.0417175293 0.9453125
vt 0.0232391357 0.948730469
vt 0.018447876 0.944335938
vt 0.0186157227 0.948730469
vt 0.0917358398 0.947265625
vt 0.0917358398 0.942871094
vt 0.0869750977 0.943359375
vt 0.0869750977 0.947753906
vt 0.0932006836 0.912597656
vt 0.0971679688 0.912597656
vt 0.0971679688 0.889160156
vt 0.0932006836 0.889648438
vt 0.09765625 0.922363281
vt 0.09765625 0.91796875
vt 0.0920410156 0.917480469
vt 0.0921020508 0.921875
vt 0.09765625 0.942871094
vt 0.0924682617 0.942382812
vt 0.0844726562 0.918457031
vt 0.0888061523 0.914550781
vt 0.0844726562 0.914550781
vt 0.0888061523 0.918945312
vt 0.0845336914 0.938964844
vt 0.0888061523 0.939453125
vt 0.0827026367 0.963867188
vt 0.0869750977 0.942871094
vt 0.0827636719 0.943359375
vt 0.0869750977 0.963378906
vt 0.0827026367 0.967773438
vt 0.0869750977 0.967773438
vt 0.0689697266 0.967773438
vt 0.0690307617 0.963867188
vt 0.216674805 0.607910156
vt 0.210327148 0.604003906
vt 0.210327148 0.607910156
vt 0.216674805 0.604003906
vt 0.223022461 0.607910156
vt 0.223022461 0.604003906
vt 0.233520508 0.607910156
vt 0.229125977 0.604003906
vt 0.229125977 0.577636719
vt 0.233520508 0.573730469
vt 0.223876953 0.577636719
vt 0.223876953 0.572753906
vt 0.212646484 0.577636719
vt 0.212646484 0.572753906
vt 0.204223633 0.577636719
vt 0.204223633 0.572753906
vt 0.087890625 0.614257812
vt 0.0932617188 0.614257812
vt 0.0932617188 0.610351562
vt 0.087890625 0.610351562
vt 0.0825805664 0.614257812
vt 0.0825805664 0.610351562
vt 0.0729980469 0.614257812
vt 0.0773925781 0.610351562
vt 0.0773925781 0.583984375
vt 0.0729980469 0.580078125
vt 0.0827636719 0.583984375
vt 0.0827636719 0.579589844
vt 0.0939331055 0.583984375
vt 0.0939331055 0.579589844
vt 0.102355957 0.583984375
vt 0.102355957 0.579589844
vt 0.0613708496 0.625488281
vt 0.0687255859 0.616210938
vt 0.0629882812 0.614746094
vt 0.0672607422 0.625976562
vt 0.0612487793 0.631835938
vt 0.0671386719 0.631835938
vt 0.0618896484 0.638183594
vt 0.0676879883 0.637207031
vt 0.078918457 0.63671875
vt 0.0733032227 0.645996094
vt 0.0791015625 0.645507812
vt 0.073059082 0.637207031
vt 0.0788574219 0.625
vt 0.0729980469 0.625488281
vt 0.0791625977 0.614257812
vt 0.0733032227 0.615234375
vt 0.0495910645 0.614257812
vt 0.0436706543 0.614746094
vt 0.0436706543 0.648925781
vt 0.0495910645 0.649414062
vt 0.245605469 0.607910156
vt 0.239746094 0.607910156
vt 0.239379883 0.618164062
vt 0.245239258 0.618164062
vt 0.239501953 0.630371094
vt 0.245361328 0.629882812
vt 0.239746094 0.639160156
vt 0.245605469 0.638671875
vt 0.216674805 0.631835938
vt 0.222412109 0.631347656
vt 0.221801758 0.625
vt 0.215942383 0.625488281
vt 0.221923828 0.619140625
vt 0.216064453 0.618652344
vt 0.223510742 0.607910156
vt 0.217651367 0.607910156
vt 0.215942383 0.608398438
vt 0.210083008 0.607910156
vt 0.210083008 0.643066406
vt 0.215942383 0.642089844
vt 0.0812988281 0.93359375
vt 0.0666503906 0.93359375
vt 0.0666503906 0.954589844
vt 0.0812988281 0.954589844
vt 0.0875854492 0.934570312
vt 0.0875854492 0.953613281
vt 0.192016602 0.91796875
vt 0.189575195 0.91796875
vt 0.190429688 0.931640625
vt 0.192871094 0.931640625
vt 0.194702148 0.91796875
vt 0.195556641 0.931640625
vt 0.209960938 0.931640625
vt 0.209960938 0.91796875
vt 0.209960938 0.915527344
vt 0.194580078 0.915527344
vt 0.209960938 0.901367188
vt 0.193481445 0.901367188
vt 0.192871094 0.895507812
vt 0.205688477 0.895507812
vt 0.209960938 0.895507812
vt 0.201416016 0.895507812
vt 0.0396118164 0.892089844
vt 0.0396118164 0.892089844
vt 0.0369873047 0.892089844
vt 0.0369873047 0.892089844
vt 0.0368041992 0.897949219
vt 0.0394287109 0.897949219
vt 0.0365905762 0.912597656
vt 0.0392150879 0.912109375
vt 0.0365905762 0.928222656
vt 0.0392150879 0.928222656
vt 0.236206055 0.957519531
vt 0.249755859 0.95703125
vt 0.24987793 0.936523438
vt 0.236450195 0.938476562
vt 0.241455078 0.934082031
vt 0.254882812 0.935546875
vt 0.254882812 0.915527344
vt 0.241210938 0.915039062
vt 0.236206055 0.915039062
vt 0.236450195 0.93359375
vt 0.212890625 0.942382812
vt 0.232177734 0.944335938
vt 0.232177734 0.938964844
vt 0.212890625 0.9375
vt 0.232177734 0.916015625
vt 0.212890625 0.917480469
vt 0.232177734 0.911621094
vt 0.212890625 0.913085938
vt 0.240356445 0.904296875
vt 0.260253906 0.905761719
vt 0.260253906 0.8828125
vt 0.240356445 0.884277344
vt 0.1015625 0.952636719
vt 0.1015625 0.930664062
vt 0.0968017578 0.931152344
vt 0.0968017578 0.952636719
vt 0.189575195 0.916992188
vt 0.190185547 0.937988281
vt 0.208862305 0.938964844
vt 0.208862305 0.919921875
vt 0.0563659668 0.877441406
vt 0.0783691406 0.878417969
vt 0.0781860352 0.874023438
vt 0.0556640625 0.873046875
vt 0.217163086 0.910644531
vt 0.236450195 0.911132812
vt 0.236328125 0.90625
vt 0.216430664 0.905761719
vt 0.235595703 0.888183594
vt 0.213623047 0.887207031
vt 0.0667724609 0.916015625
vt 0.0676269531 0.937988281
vt 0.072265625 0.937988281
vt 0.0715942383 0.916992188
vt 0.206542969 0.950683594
vt 0.206542969 0.931640625
vt 0.197998047 0.931640625
vt 0.202636719 0.950683594
vt 0.198608398 0.950683594
vt 0.193725586 0.931640625
vt 0.198608398 0.936035156
vt 0.196044922 0.93359375
vt 0.189453125 0.93359375
vt 0.189453125 0.931640625
vt 0.0502624512 0.93359375
vt 0.0476074219 0.93359375
vt 0.0476074219 0.952636719
vt 0.0502624512 0.952636719
vt 0.223144531 0.932617188
vt 0.209472656 0.933105469
vt 0.209472656 0.952636719
vt 0.223144531 0.953125
vt 0.243774414 0.914550781
vt 0.243774414 0.895507812
vt 0.241333008 0.895507812
vt 0.241333008 0.914550781
vt 0.0318603516 0.903808594
vt 0.0339355469 0.897460938
vt 0.0313110352 0.897460938
vt 0.0344848633 0.903808594
vt 0.0329589844 0.91796875
vt 0.0355834961 0.91796875
vt 0.0330810547 0.919921875
vt 0.035736084 0.919921875
vt 0.0306549072 0.919921875
vt 0.0305023193 0.91796875
vt 0.0666503906 0.934570312
vt 0.0642089844 0.934570312
vt 0.0642089844 0.955078125
vt 0.0666503906 0.955566406
vt 0.223144531 0.931640625
vt 0.225585938 0.931152344
vt 0.225585938 0.91796875
vt 0.223144531 0.91796875
vt 0.220458984 0.931640625
vt 0.220458984 0.918457031
vt 0.212646484 0.916503906
vt 0.212646484 0.932128906
vt 0.220458984 0.916015625
vt 0.220703125 0.901855469
vt 0.212890625 0.90234375
vt 0.220947266 0.895507812
vt 0.213012695 0.895996094
vt 0.216918945 0.895996094
vt 0.0679931641 0.891113281
vt 0.0531311035 0.891113281
vt 0.0521850586 0.906738281
vt 0.0679931641 0.906738281
vt 0.0521850586 0.921386719
vt 0.0679931641 0.921386719
vt 0.0531311035 0.927246094
vt 0.0679931641 0.927246094
vt 0.0679931641 0.927246094
vt 0.0531311035 0.927246094
vt 0.0783691406 0.931640625
vt 0.0717773438 0.931640625
vt 0.0717773438 0.934082031
vt 0.0783691406 0.934082031
vt 0.0809936523 0.934082031
vt 0.0809936523 0.948730469
vt 0.0783691406 0.948730469
vt 0.196044922 0.93359375
vt 0.196044922 0.93359375
vt 0.198608398 0.936035156
vt 0.198608398 0.936035156
vt 0.198608398 0.936035156
vt 0.198608398 0.936035156
vt 0.198608398 0.950683594
vt 0.198608398 0.950683594
vt 0.14074707 0.067199707
vt 0.0854492188 0.0689086914
vt 0.0839233398 0.0852050781
vt 0.14074707 0.0834960938
vt 0.0854492188 0.101501465
vt 0.14074707 0.0997314453
vt 0.0841064453 0.117797852
vt 0.14074707 0.116027832
vt 0.0854492188 0.134033203
vt 0.14074707 0.132324219
vt 0.0841064453 0.150390625
vt 0.14074707 0.14855957
vt 0.0854492188 0.166625977
vt 0.14074707 0.164916992
vt 0.433105469 0.939941406
vt 0.368408203 0.939941406
vt 0.368408203 0.940917969
vt 0.433105469 0.940917969
vt 0.433105469 0.891601562
vt 0.368408203 0.891601562
vt 0.368408203 0.889160156
vt 0.433105469 0.889160156
vt 0.368408203 0.888183594
vt 0.433105469 0.888183594
vt 0.0854492188 0.0689086914
vt 0.14074707 0.067199707
vt 0.14074707 0.0834960938
vt 0.0839233398 0.0852050781
vt 0.263671875 0.747558594
vt 0.262695312 0.731933594
vt 0.253662109 0.731933594
vt 0.252685547 0.747558594
vt 0.262695312 0.762695312
vt 0.253662109 0.762695312
vt 0.241943359 0.77734375
vt 0.242797852 0.791992188
vt 0.251953125 0.791992188
vt 0.252685547 0.77734375
vt 0.242797852 0.762695312
vt 0.251953125 0.762695312
vt 0.274414062 0.740722656
vt 0.2734375 0.731933594
vt 0.264404297 0.731933594
vt 0.263671875 0.740722656
vt 0.2734375 0.749511719
vt 0.264404297 0.749511719
vt 0.214355469 0.7734375
vt 0.215332031 0.782714844
vt 0.224365234 0.782714844
vt 0.225219727 0.7734375
vt 0.215332031 0.764160156
vt 0.224365234 0.764160156
vt 0.263671875 0.77734375
vt 0.262695312 0.762695312
vt 0.253662109 0.762695312
vt 0.252685547 0.77734375
vt 0.262695312 0.791992188
vt 0.253662109 0.791992188
vt 0.252685547 0.747558594
vt 0.251953125 0.731933594
vt 0.242797852 0.731933594
vt 0.241943359 0.747558594
vt 0.251953125 0.762695312
vt 0.242797852 0.762695312
vt 0.263671875 0.758300781
vt 0.264404297 0.767089844
vt 0.2734375 0.767089844
vt 0.274414062 0.758300781
vt 0.264404297 0.749511719
vt 0.2734375 0.749511719
vt 0.225219727 0.7734375
vt 0.226196289 0.782714844
vt 0.235229492 0.782714844
vt 0.236083984 0.7734375
vt 0.226196289 0.764160156
vt 0.235229492 0.764160156
vt 0.0617675781 0.903808594
vt 0.0619506836 0.897460938
vt 0.0645751953 0.897460938
vt 0.0643920898 0.903808594
vt 0.0615539551 0.91796875
vt 0.0642089844 0.91796875
vt 0.0615539551 0.920410156
vt 0.0642089844 0.920410156
vt 0.0666503906 0.91796875
vt 0.0666503906 0.919921875
vt 0.0731201172 0.963378906
vt 0.0797119141 0.95703125
vt 0.0797119141 0.963378906
vt 0.0736694336 0.95703125
vt 0.0797119141 0.942871094
vt 0.0747680664 0.942871094
vt 0.0797119141 0.940429688
vt 0.0797119141 0.927246094
vt 0.0757446289 0.927246094
vt 0.100097656 0.954589844
vt 0.100097656 0.93359375
vt 0.102478027 0.93359375
vt 0.102478027 0.954589844
vt 0.0176391602 0.917480469
vt 0.0227203369 0.922851562
vt 0.0176391602 0.922851562
vt 0.0227203369 0.917480469
vt 0.0176391602 0.894042969
vt 0.0364074707 0.917480469
vt 0.0364074707 0.922851562
vt 0.0407104492 0.917480469
vt 0.0407104492 0.922851562
vt 0.0227203369 0.894042969
vt 0.0176391602 0.889160156
vt 0.0227203369 0.889160156
vt 0.0411987305 0.889160156
vt 0.0411987305 0.894042969
vt 0.0458374023 0.889160156
vt 0.0458374023 0.894042969
vt 0.0741577148 0.921386719
vt 0.0690307617 0.921386719
vt 0.0689697266 0.917480469
vt 0.0740966797 0.917480469
vt 0.0877685547 0.91796875
vt 0.0877685547 0.921875
vt 0.0693969727 0.917480469
vt 0.0733032227 0.912597656
vt 0.0733032227 0.917480469
vt 0.0692749023 0.912597656
vt 0.0729980469 0.895019531
vt 0.0685424805 0.89453125
vt 0.0728759766 0.890625
vt 0.068359375 0.890136719
vt 0.0651245117 0.922363281
vt 0.0651245117 0.91796875
vt 0.0689697266 0.917480469
vt 0.0689697266 0.922363281
vt 0.0651245117 0.9453125
vt 0.0689697266 0.945800781
vt 0.0651245117 0.950683594
vt 0.0689697266 0.951171875
vt 0.0231018066 0.944824219
vt 0.0417175293 0.9453125
vt 0.0417175293 0.94921875
vt 0.0232391357 0.948730469
vt 0.018447876 0.944335938
vt 0.0186157227 0.948730469
vt 0.0917358398 0.947265625
vt 0.0869750977 0.947753906
vt 0.0869750977 0.943359375
vt 0.0917358398 0.942871094
vt 0.0932006836 0.912597656
vt 0.0932006836 0.889648438
vt 0.0971679688 0.889160156
vt 0.0971679688 0.912597656
vt 0.09765625 0.922363281
vt 0.0920410156 0.917480469
vt 0.09765625 0.91796875
vt 0.0921020508 0.921875
vt 0.09765625 0.942871094
vt 0.0924682617 0.942382812
vt 0.0844726562 0.918457031
vt 0.0844726562 0.914550781
vt 0.0888061523 0.914550781
vt 0.0888061523 0.918945312
vt 0.0845336914 0.938964844
vt 0.0888061523 0.939453125
vt 0.0827026367 0.963867188
vt 0.0827636719 0.943359375
vt 0.0869750977 0.942871094
vt 0.0869750977 0.963378906
vt 0.0827026367 0.967773438
vt 0.0869750977 0.967773438
vt 0.0689697266 0.967773438
vt 0.0690307617 0.963867188
vt 0.216674805 0.607910156
vt 0.210327148 0.607910156
vt 0.210327148 0.604003906
vt 0.216674805 0.604003906
vt 0.223022461 0.607910156
vt 0.223022461 0.604003906
vt 0.233520508 0.607910156
vt 0.229125977 0.604003906
vt 0.229125977 0.577636719
vt 0.233520508 0.573730469
vt 0.223876953 0.577636719
vt 0.223876953 0.572753906
vt 0.212646484 0.577636719
vt 0.212646484 0.572753906
vt 0.204223633 0.577636719
vt 0.204223633 0.572753906
vt 0.087890625 0.614257812
vt 0.0932617188 0.610351562
vt 0.0932617188 0.614257812
vt 0.087890625 0.610351562
vt 0.0825805664 0.614257812
vt 0.0825805664 0.610351562
vt 0.0729980469 0.614257812
vt 0.0773925781 0.610351562
vt 0.0773925781 0.583984375
vt 0.0729980469 0.580078125
vt 0.0827636719 0.583984375
vt 0.0827636719 0.579589844
vt 0.0939331055 0.583984375
vt 0.0939331055 0.579589844
vt 0.102355957 0.583984375
vt 0.102355957 0.579589844
vt 0.0613708496 0.625488281
vt 0.0629882812 0.614746094
vt 0.0687255859 0.616210938
vt 0.0672607422 0.625976562
vt 0.0612487793 0.631835938
vt 0.0671386719 0.631835938
vt 0.0618896484 0.638183594
vt 0.0676879883 0.637207031
vt 0.078918457 0.63671875
vt 0.0791015625 0.645507812
vt 0.0733032227 0.645996094
vt 0.073059082 0.637207031
vt 0.0788574219 0.625
vt 0.0729980469 0.625488281
vt 0.0791625977 0.614257812
vt 0.0733032227 0.615234375
vt 0.0495910645 0.614257812
vt 0.0495910645 0.649414062
vt 0.0436706543 0.648925781
vt 0.0436706543 0.614746094
vt 0.245605469 0.607910156
vt 0.239379883 0.618164062
vt 0.239746094 0.607910156
vt 0.245239258 0.618164062
vt 0.239501953 0.630371094
vt 0.245361328 0.629882812
vt 0.239746094 0.639160156
vt 0.245605469 0.638671875
vt 0.216674805 0.631835938
vt 0.221801758 0.625
vt 0.222412109 0.631347656
vt 0.215942383 0.625488281
vt 0.221923828 0.619140625
vt 0.216064453 0.618652344
vt 0.223510742 0.607910156
vt 0.217651367 0.607910156
vt 0.215942383 0.608398438
vt 0.215942383 0.642089844
vt 0.210083008 0.643066406
vt 0.210083008 0.607910156
vt 0.0812988281 0.93359375
vt 0.0666503906 0.954589844
vt 0.0666503906 0.93359375
vt 0.0812988281 0.954589844
vt 0.0875854492 0.934570312
vt 0.0875854492 0.953613281
vt 0.192016602 0.91796875
vt 0.190429688 0.931640625
vt 0.189575195 0.91796875
vt 0.192871094 0.931640625
vt 0.194702148 0.91796875
vt 0.195556641 0.931640625
vt 0.209960938 0.931640625
vt 0.209960938 0.91796875
vt 0.209960938 0.915527344
vt 0.194580078 0.915527344
vt 0.209960938 0.901367188
vt 0.193481445 0.901367188
vt 0.192871094 0.895507812
vt 0.205688477 0.895507812
vt 0.201416016 0.895507812
vt 0.209960938 0.895507812
vt 0.0396118164 0.892089844
vt 0.0369873047 0.892089844
vt 0.0396118164 0.892089844
vt 0.0369873047 0.892089844
vt 0.0368041992 0.897949219
vt 0.0394287109 0.897949219
vt 0.0365905762 0.912597656
vt 0.0392150879 0.912109375
vt 0.0365905762 0.928222656
vt 0.0392150879 0.928222656
vt 0.236206055 0.957519531
vt 0.236450195 0.938476562
vt 0.24987793 0.936523438
vt 0.249755859 0.95703125
vt 0.241455078 0.934082031
vt 0.254882812 0.915527344
vt 0.254882812 0.935546875
vt 0.241210938 0.915039062
vt 0.236206055 0.915039062
vt 0.236450195 0.93359375
vt 0.212890625 0.942382812
vt 0.232177734 0.938964844
vt 0.232177734 0.944335938
vt 0.212890625 0.9375
vt 0.232177734 0.916015625
vt 0.212890625 0.917480469
vt 0.232177734 0.911621094
vt 0.212890625 0.913085938
vt 0.240356445 0.904296875
vt 0.240356445 0.884277344
vt 0.260253906 0.8828125
vt 0.260253906 0.905761719
vt 0.1015625 0.952636719
vt 0.0968017578 0.952636719
vt 0.0968017578 0.931152344
vt 0.1015625 0.930664062
vt 0.189575195 0.916992188
vt 0.208862305 0.919921875
vt 0.208862305 0.938964844
vt 0.190185547 0.937988281
vt 0.0563659668 0.877441406
vt 0.0556640625 0.873046875
vt 0.0781860352 0.874023438
vt 0.0783691406 0.878417969
vt 0.217163086 0.910644531
vt 0.236328125 0.90625
vt 0.236450195 0.911132812
vt 0.216430664 0.905761719
vt 0.235595703 0.888183594
vt 0.213623047 0.887207031
vt 0.0667724609 0.916015625
vt 0.0715942383 0.916992188
vt 0.072265625 0.937988281
vt 0.0676269531 0.937988281
vt 0.206542969 0.950683594
vt 0.197998047 0.931640625
vt 0.206542969 0.931640625
vt 0.202636719 0.950683594
vt 0.193725586 0.931640625
vt 0.198608398 0.950683594
vt 0.198608398 0.936035156
vt 0.196044922 0.93359375
vt 0.189453125 0.93359375
vt 0.189453125 0.931640625
vt 0.0502624512 0.93359375
vt 0.0502624512 0.952636719
vt 0.0476074219 0.952636719
vt 0.0476074219 0.93359375
vt 0.223144531 0.932617188
vt 0.223144531 0.953125
vt 0.209472656 0.952636719
vt 0.209472656 0.933105469
vt 0.243774414 0.914550781
vt 0.241333008 0.914550781
vt 0.241333008 0.895507812
vt 0.243774414 0.895507812
vt 0.0318603516 0.903808594
vt 0.0313110352 0.897460938
vt 0.0339355469 0.897460938
vt 0.0344848633 0.903808594
vt 0.0329589844 0.91796875
vt 0.0355834961 0.91796875
vt 0.0330810547 0.919921875
vt 0.035736084 0.919921875
vt 0.0306549072 0.919921875
vt 0.0305023193 0.91796875
vt 0.0666503906 0.934570312
vt 0.0666503906 0.955566406
vt 0.0642089844 0.955078125
vt 0.0642089844 0.934570312
vt 0.223144531 0.931640625
vt 0.225585938 0.91796875
vt 0.225585938 0.931152344
vt 0.223144531 0.91796875
vt 0.220458984 0.931640625
vt 0.220458984 0.918457031
vt 0.212646484 0.932128906
vt 0.212646484 0.916503906
vt 0.220458984 0.916015625
vt 0.220703125 0.901855469
vt 0.212890625 0.90234375
vt 0.220947266 0.895507812
vt 0.213012695 0.895996094
vt 0.216918945 0.895996094
vt 0.0679931641 0.891113281
vt 0.0521850586 0.906738281
vt 0.0531311035 0.891113281
vt 0.0679931641 0.906738281
vt 0.0521850586 0.921386719
vt 0.0679931641 0.921386719
vt 0.0531311035 0.927246094
vt 0.0679931641 0.927246094
vt 0.0679931641 0.927246094
vt 0.0531311035 0.927246094
vt 0.0783691406 0.931640625
vt 0.0717773438 0.934082031
vt 0.0717773438 0.931640625
vt 0.0783691406 0.934082031
vt 0.0809936523 0.934082031
vt 0.0809936523 0.948730469
vt 0.0783691406 0.948730469
vt 0.196044922 0.93359375
vt 0.198608398 0.936035156
vt 0.198608398 0.936035156
vt 0.196044922 0.93359375
vt 0.198608398 0.936035156
vt 0.198608398 0.950683594
vt 0.198608398 0.950683594
vt 0.198608398 0.936035156
vt 0.14074707 0.067199707
vt 0.0839233398 0.0852050781
vt 0.0854492188 0.0689086914
vt 0.14074707 0.0834960938
vt 0.0854492188 0.101501465
vt 0.14074707 0.0997314453
vt 0.14074707 0.116027832
vt 0.0841064453 0.117797852
vt 0.0854492188 0.134033203
vt 0.14074707 0.132324219
vt 0.0841064453 0.150390625
vt 0.14074707 0.14855957
vt 0.0854492188 0.166625977
vt 0.14074707 0.164916992
vt 0.433105469 0.939941406
vt 0.433105469 0.940917969
vt 0.368408203 0.940917969
vt 0.368408203 0.939941406
vt 0.433105469 0.891601562
vt 0.368408203 0.889160156
vt 0.368408203 0.891601562
vt 0.433105469 0.889160156
vt 0.368408203 0.888183594
vt 0.433105469 0.888183594
vt 0.0854492188 0.0689086914
vt 0.0839233398 0.0852050781
vt 0.14074707 0.0834960938
vt 0.14074707 0.067199707
vt 0.0912475586 0.620605469
vt 0.0618896484 0.638183594
vt 0.0932617188 0.614257812
vt 0.0971069336 0.62109375
vt 0.107971191 0.93359375
vt 0.0965576172 0.93359375
vt 0.0965576172 0.959472656
vt 0.107971191 0.959472656
vt 0.085144043 0.93359375
vt 0.0965576172 0.93359375
vt 0.0965576172 0.907714844
vt 0.085144043 0.907714844
vt 0.0628662109 0.907714844
vt 0.0628662109 0.936035156
vt 0.0703125 0.935058594
vt 0.0703125 0.909179688
vt 0.120544434 0.931640625
vt 0.107971191 0.931640625
vt 0.108581543 0.939941406
vt 0.119995117 0.939941406
vt 0.0776977539 0.907714844
vt 0.0776977539 0.879394531
vt 0.0703125 0.880859375
vt 0.0703125 0.906738281
vt 0.120544434 0.890136719
vt 0.107971191 0.890136719
vt 0.108581543 0.897949219
vt 0.119995117 0.897949219
vt 0.119995117 0.881835938
vt 0.108581543 0.881835938
vt 0.107971191 0.890136719
vt 0.120544434 0.890136719
vt 0.085144043 0.906738281
vt 0.085144043 0.880859375
vt 0.0776977539 0.879394531
vt 0.0776977539 0.907714844
vt 0.119995117 0.923828125
vt 0.108581543 0.923828125
vt 0.107971191 0.931640625
vt 0.120544434 0.931640625
vt 0.0554199219 0.909179688
vt 0.0554199219 0.935058594
vt 0.0628662109 0.936035156
vt 0.0628662109 0.907714844
vt 0.0965576172 0.881835938
vt 0.085144043 0.881835938
vt 0.085144043 0.907714844
vt 0.0965576172 0.907714844
vt 0.0965576172 0.907714844
vt 0.107971191 0.907714844
vt 0.107971191 0.881835938
vt 0.0965576172 0.881835938
vt 0.0776977539 0.936035156
vt 0.0776977539 0.907714844
vt 0.0703125 0.909179688
vt 0.0703125 0.935058594
vt 0.120544434 0.916015625
vt 0.107971191 0.916015625
vt 0.108581543 0.923828125
vt 0.119995117 0.923828125
vt 0.0480041504 0.936035156
vt 0.0480041504 0.907714844
vt 0.0405578613 0.909179688
vt 0.0405578613 0.935058594
vt 0.0577087402 0.944335938
vt 0.045135498 0.944335938
vt 0.045715332 0.952148438
vt 0.0571289062 0.952148438
vt 0.0571289062 0.936035156
vt 0.045715332 0.936035156
vt 0.045135498 0.944335938
vt 0.0577087402 0.944335938
vt 0.0554199219 0.935058594
vt 0.0554199219 0.909179688
vt 0.0480041504 0.907714844
vt 0.0480041504 0.936035156
vt 0.119995117 0.907714844
vt 0.108581543 0.907714844
vt 0.107971191 0.916015625
vt 0.120544434 0.916015625
vt 0.085144043 0.935058594
vt 0.085144043 0.909179688
vt 0.0776977539 0.907714844
vt 0.0776977539 0.936035156
vt 0.085144043 0.959472656
vt 0.0965576172 0.959472656
vt 0.0965576172 0.93359375
vt 0.085144043 0.93359375
vt 0.107971191 0.907714844
vt 0.0965576172 0.907714844
vt 0.0965576172 0.93359375
vt 0.107971191 0.93359375
vt 0.0480041504 0.879394531
vt 0.0480041504 0.907714844
vt 0.0554199219 0.906738281
vt 0.0554199219 0.880859375
vt 0.0703125 0.944335938
vt 0.0577087402 0.944335938
vt 0.0582885742 0.952148438
vt 0.0697021484 0.952148438
vt 0.0628662109 0.907714844
vt 0.0628662109 0.879394531
vt 0.0554199219 0.880859375
vt 0.0554199219 0.906738281
vt 0.0828857422 0.944335938
vt 0.0703125 0.944335938
vt 0.0708618164 0.952148438
vt 0.0822753906 0.952148438
vt 0.0822753906 0.936035156
vt 0.0708618164 0.936035156
vt 0.0703125 0.944335938
vt 0.0828857422 0.944335938
vt 0.0703125 0.906738281
vt 0.0703125 0.880859375
vt 0.0628662109 0.879394531
vt 0.0628662109 0.907714844
vt 0.0697021484 0.936035156
vt 0.0582885742 0.936035156
vt 0.0577087402 0.944335938
vt 0.0703125 0.944335938
vt 0.0405578613 0.880859375
vt 0.0405578613 0.906738281
vt 0.0480041504 0.907714844
vt 0.0480041504 0.879394531
vt 0.107971191 0.93359375
vt 0.107971191 0.959472656
vt 0.0965576172 0.959472656
vt 0.0965576172 0.93359375
vt 0.085144043 0.93359375
vt 0.085144043 0.907714844
vt 0.0965576172 0.907714844
vt 0.0965576172 0.93359375
vt 0.0628662109 0.907714844
vt 0.0703125 0.909179688
vt 0.0703125 0.935058594
vt 0.0628662109 0.936035156
vt 0.120544434 0.931640625
vt 0.119995117 0.939941406
vt 0.108581543 0.939941406
vt 0.107971191 0.931640625
vt 0.0776977539 0.907714844
vt 0.0703125 0.906738281
vt 0.0703125 0.880859375
vt 0.0776977539 0.879394531
vt 0.120544434 0.890136719
vt 0.119995117 0.897949219
vt 0.108581543 0.897949219
vt 0.107971191 0.890136719
vt 0.119995117 0.881835938
vt 0.120544434 0.890136719
vt 0.107971191 0.890136719
vt 0.108581543 0.881835938
vt 0.085144043 0.906738281
vt 0.0776977539 0.907714844
vt 0.0776977539 0.879394531
vt 0.085144043 0.880859375
vt 0.119995117 0.923828125
vt 0.120544434 0.931640625
vt 0.107971191 0.931640625
vt 0.108581543 0.923828125
vt 0.0554199219 0.909179688
vt 0.0628662109 0.907714844
vt 0.0628662109 0.936035156
vt 0.0554199219 0.935058594
vt 0.0965576172 0.881835938
vt 0.0965576172 0.907714844
vt 0.085144043 0.907714844
vt 0.085144043 0.881835938
vt 0.0965576172 0.907714844
vt 0.0965576172 0.881835938
vt 0.107971191 0.881835938
vt 0.107971191 0.907714844
vt 0.0776977539 0.936035156
vt 0.0703125 0.935058594
vt 0.0703125 0.909179688
vt 0.0776977539 0.907714844
vt 0.120544434 0.916015625
vt 0.119995117 0.923828125
vt 0.108581543 0.923828125
vt 0.107971191 0.916015625
vt 0.0480041504 0.936035156
vt 0.0405578613 0.935058594
vt 0.0405578613 0.909179688
vt 0.0480041504 0.907714844
vt 0.0577087402 0.944335938
vt 0.0571289062 0.952148438
vt 0.045715332 0.952148438
vt 0.045135498 0.944335938
vt 0.0571289062 0.936035156
vt 0.0577087402 0.944335938
vt 0.045135498 0.944335938
vt 0.045715332 0.936035156
vt 0.0554199219 0.935058594
vt 0.0480041504 0.936035156
vt 0.0480041504 0.907714844
vt 0.0554199219 0.909179688
vt 0.119995117 0.907714844
vt 0.120544434 0.916015625
vt 0.107971191 0.916015625
vt 0.108581543 0.907714844
vt 0.085144043 0.935058594
vt 0.0776977539 0.936035156
vt 0.0776977539 0.907714844
vt 0.085144043 0.909179688
vt 0.085144043 0.959472656
vt 0.085144043 0.93359375
vt 0.0965576172 0.93359375
vt 0.0965576172 0.959472656
vt 0.107971191 0.907714844
vt 0.107971191 0.93359375
vt 0.0965576172 0.93359375
vt 0.0965576172 0.907714844
vt 0.0480041504 0.879394531
vt 0.0554199219 0.880859375
vt 0.0554199219 0.906738281
vt 0.0480041504 0.907714844
vt 0.0703125 0.944335938
vt 0.0697021484 0.952148438
vt 0.0582885742 0.952148438
vt 0.0577087402 0.944335938
vt 0.0628662109 0.907714844
vt 0.0554199219 0.906738281
vt 0.0554199219 0.880859375
vt 0.0628662109 0.879394531
vt 0.0828857422 0.944335938
vt 0.0822753906 0.952148438
vt 0.0708618164 0.952148438
vt 0.0703125 0.944335938
vt 0.0822753906 0.936035156
vt 0.0828857422 0.944335938
vt 0.0703125 0.944335938
vt 0.0708618164 0.936035156
vt 0.0703125 0.906738281
vt 0.0628662109 0.907714844
vt 0.0628662109 0.879394531
vt 0.0703125 0.880859375
vt 0.0697021484 0.936035156
vt 0.0703125 0.944335938
vt 0.0577087402 0.944335938
vt 0.0582885742 0.936035156
vt 0.0405578613 0.880859375
vt 0.0480041504 0.879394531
vt 0.0480041504 0.907714844
vt 0.0405578613 0.906738281
vt 0.222412109 0.631347656
vt 0.251708984 0.613769531
vt 0.210327148 0.604003906
vt 0.216674805 0.631835938
vt 0.227661133 0.764160156
vt 0.227905273 0.756835938
vt 0.219970703 0.756835938
vt 0.214355469 0.762695312
vt 0.240844727 0.764160156
vt 0.220703125 0.747558594
vt 0.235839844 0.7578125
vt 0.214355469 0.747558594
vt 0.241943359 0.748535156
vt 0.220581055 0.738769531
vt 0.235595703 0.748535156
vt 0.215454102 0.732421875
vt 0.241943359 0.733398438
vt 0.228515625 0.739746094
vt 0.236450195 0.739257812
vt 0.228759766 0.731933594
vn 0.206177 -0.000000 -0.978515
vn 0.256644 -0.000000 -0.966506
vn 0.000010 -0.000000 -1.000000
vn -0.000010 -0.000000 -1.000000
vn -0.206177 -0.000000 -0.978515
vn -0.124876 -0.000000 -0.992172
vn -0.000000 0.997150 -0.075445
vn -0.000000 0.987663 -0.156596
vn -0.000000 0.988594 -0.150608
vn -0.000000 0.996584 -0.082581
vn -0.000000 0.999525 0.030808
vn -0.000000 0.999182 0.040442
vn -0.000000 0.998102 0.061588
vn -0.000000 0.998102 0.061588
vn -0.000000 0.998102 0.061588
vn -0.000000 0.998102 0.061588
vn -0.000000 -1.000000 0.000000
vn -0.000000 -1.000000 0.000000
vn -0.000000 -1.000000 0.000000
vn -0.000000 -1.000000 0.000000
vn -0.000000 -1.000000 0.000000
vn -0.000000 -1.000000 0.000000
vn -0.000000 1.000000 -0.000000
vn -0.000000 1.000000 -0.000000
vn -0.000000 1.000000 -0.000000
vn -0.000000 1.000000 -0.000000
vn -0.000000 1.000000 -0.000000
vn -0.000000 1.000000 -0.000000
vn -0.000000 1.000000 -0.000000
vn -0.000000 1.000000 -0.000000
vn -0.000000 1.000000 -0.000000
vn -0.000000 1.000000 -0.000000
vn -0.000000 1.000000 -0.000000
vn -0.000000 1.000000 -0.000000
vn -0.000000 1.000000 -0.000000
vn -0.000000 -0.000000 -1.000000
vn -0.000000 -0.000000 -1.000000
vn -0.000000 -0.000000 -1.000000
vn -0.000000 -0.000000 -1.000000
vn -0.145044 0.000000 0.989425
vn -0.145044 0.000000 0.989425
vn -0.136943 0.000000 0.990579
vn -0.139644 0.000000 0.990202
vn -0.145044 0.000000 0.989425
vn -0.128781 0.000000 0.991673
vn -0.128781 0.000000 0.991673
vn -0.128781 0.000000 0.991673
vn -0.128781 0.000000 0.991673
vn -0.214862 0.000000 0.976644
vn -0.145044 0.000000 0.989425
vn -0.255839 0.000000 0.966719
vn -0.241616 0.000000 0.970372
vn -0.247473 0.000000 0.968895
vn -0.127700 0.000000 0.991813
vn -0.127700 0.000000 0.991813
vn 0.008684 0.995783 -0.091325
vn 0.012474 0.995598 -0.092895
vn 0.009186 0.995588 -0.093382
vn 0.011606 0.995793 -0.090898
vn 0.010514 0.996133 -0.087223
vn 0.008110 0.996129 -0.087528
vn 0.008705 -0.996033 -0.088557
vn 0.011825 -0.996044 -0.088069
vn -0.020799 -0.995672 -0.090582
vn -0.018889 -0.995531 -0.092522
vn -0.018938 -0.996198 -0.085031
vn -0.019686 -0.995694 -0.090584
vn 0.009139 -0.996922 -0.077869
vn 0.006921 -0.996244 -0.086317
vn -0.987251 -0.000000 -0.159171
vn -0.987251 -0.000000 -0.159171
vn -0.987251 -0.000000 -0.159171
vn -0.987251 -0.000000 -0.159171
vn -0.987251 -0.000000 -0.159171
vn -0.987251 -0.000000 -0.159171
vn -0.987251 -0.000000 -0.159171
vn -0.987251 -0.000000 -0.159171
vn 0.019686 0.995694 0.090584
vn 0.049613 0.994458 0.092696
vn 0.046331 0.994265 0.096387
vn 0.018938 0.996198 0.085031
vn -0.006921 0.996244 0.086317
vn -0.009139 0.996922 0.077869
vn 0.984758 0.000000 0.173932
vn 0.981778 0.000000 0.190033
vn 0.981778 0.000000 0.190033
vn 0.985091 0.000000 0.172037
vn 0.988000 0.000000 0.154451
vn 0.988000 0.000000 0.154451
vn 0.988000 0.000000 0.154451
vn 0.988000 0.000000 0.154451
vn 0.989766 0.000000 0.142703
vn 0.989766 0.000000 0.142703
vn 0.989766 0.000000 0.142703
vn 0.989766 0.000000 0.142703
vn 0.989766 0.000000 0.142703
vn 0.989766 0.000000 0.142703
vn 0.008110 0.996129 -0.087528
vn 0.010309 0.996283 -0.085526
vn 0.010514 0.996133 -0.087223
vn 0.007906 0.996278 -0.085831
vn 0.005699 0.996124 -0.087771
vn 0.005597 0.996262 -0.086196
vn -0.006580 -0.997452 0.071037
vn -0.004543 -0.997541 0.069945
vn -0.004627 -0.997450 0.071220
vn -0.006412 -0.997552 0.069641
vn -0.008529 -0.997455 0.070793
vn -0.008362 -0.997554 0.069397
vn -0.008696 -0.997357 0.072129
vn -0.006766 -0.997350 0.072434
vn 0.204909 -0.000000 -0.978781
vn 0.277299 -0.000000 -0.960784
vn 0.277299 -0.000000 -0.960784
vn 0.204909 -0.000000 -0.978781
vn 0.067151 0.000780 -0.997743
vn 0.067151 0.000780 -0.997743
vn 0.001179 0.000696 -0.999999
vn 0.001364 0.000806 -0.999999
vn 0.061189 -0.033051 -0.997579
vn 0.055965 -0.030256 -0.997974
vn 0.089890 -0.031947 -0.995439
vn 0.089226 -0.031171 -0.995524
vn 0.049152 -0.000000 -0.998791
vn 0.049152 -0.000000 -0.998791
vn -0.000000 -0.000000 -1.000000
vn -0.000000 -0.000000 -1.000000
vn -0.204909 0.000000 0.978781
vn -0.277299 0.000000 0.960784
vn -0.277299 0.000000 0.960784
vn -0.204909 0.000000 0.978781
vn -0.064384 0.000884 0.997925
vn -0.064384 0.000884 0.997925
vn 0.001339 0.000791 0.999999
vn 0.001550 0.000915 0.999998
vn -0.061189 0.033051 0.997579
vn -0.055965 0.030256 0.997974
vn -0.089890 0.031947 0.995439
vn -0.089226 0.031171 0.995524
vn -0.049152 0.000000 0.998791
vn -0.049152 0.000000 0.998791
vn -0.000000 0.000000 1.000000
vn -0.000000 0.000000 1.000000
vn 0.000206 0.999993 -0.003710
vn 0.000087 0.996892 0.078782
vn 0.000086 1.000000 -0.000503
vn -0.005164 0.996898 0.078539
vn 0.000943 0.999992 -0.003933
vn -0.016217 0.996884 0.077195
vn -0.001358 0.999988 0.004734
vn -0.021846 0.996861 0.076095
vn -0.000075 -1.000000 0.000801
vn -0.000000 -0.995337 0.096457
vn -0.000000 -0.999997 0.002588
vn -0.004781 -0.995332 0.096395
vn -0.038614 -0.999254 0.001126
vn -0.042699 -0.994255 0.098156
vn -0.074958 -0.997167 -0.006222
vn -0.084608 -0.991366 0.100174
vn -1.000000 -0.000000 -0.000522
vn -0.996694 0.000000 0.081247
vn -0.996694 0.000000 0.081247
vn -1.000000 -0.000000 -0.000515
vn -0.065804 -0.992798 -0.100110
vn -0.074958 -0.997167 -0.006222
vn -0.038614 -0.999254 0.001126
vn -0.031099 -0.994668 -0.098331
vn -0.000075 -1.000000 0.000801
vn 0.004842 -0.995355 -0.096153
vn -0.000000 -0.999997 0.002588
vn -0.000000 -0.995377 -0.096047
vn 0.022099 0.996788 -0.076981
vn -0.001358 0.999988 0.004734
vn 0.000943 0.999992 -0.003933
vn 0.016125 0.996829 -0.077923
vn 0.000206 0.999993 -0.003710
vn 0.005431 0.996834 -0.079327
vn 0.000086 1.000000 -0.000503
vn 0.000084 0.996802 -0.079913
vn -0.996604 -0.000000 -0.082338
vn -1.000000 -0.000000 -0.000522
vn -1.000000 -0.000000 -0.000515
vn -0.996604 -0.000000 -0.082338
vn -0.996743 0.000000 0.080640
vn -0.997200 0.000000 0.074778
vn -0.997200 0.000000 0.074778
vn -0.996743 0.000000 0.080640
vn -0.996194 0.000000 0.087167
vn -0.996194 0.000000 0.087167
vn -0.000000 -0.998102 0.061588
vn -0.000000 -0.998102 0.061588
vn -0.000000 -0.998102 0.061588
vn -0.000000 -0.998102 0.061588
vn -0.026078 -0.997101 0.071474
vn -0.018217 -0.996484 0.081779
vn -0.000000 -0.994936 0.100507
vn -0.000000 -0.996629 0.082035
vn -0.000000 -0.999455 0.033018
vn -0.033566 -0.998926 0.031949
vn -0.000000 -0.995832 -0.091207
vn -0.031318 -0.995838 -0.085591
vn -0.030211 -0.984826 -0.170892
vn -0.058938 -0.981092 -0.184351
vn -0.000000 -0.982822 -0.184554
vn -0.058938 -0.981092 -0.184351
vn -0.000000 0.994697 -0.102851
vn -0.000000 1.000000 -0.000000
vn -0.000000 1.000000 -0.000000
vn -0.000000 0.996738 -0.080701
vn -0.000000 0.997218 -0.074535
vn -0.000000 0.997127 -0.075749
vn -0.000000 0.999484 0.032134
vn -0.000000 0.999525 0.030808
vn -0.000000 0.998102 0.061588
vn -0.000000 0.998102 0.061588
vn -0.006766 -0.997350 0.072434
vn -0.006580 -0.997452 0.071037
vn -0.004627 -0.997450 0.071220
vn -0.004725 -0.997340 0.072738
vn 0.005780 0.995782 -0.091569
vn 0.005699 0.996124 -0.087771
vn 0.008110 0.996129 -0.087528
vn 0.008684 0.995783 -0.091325
vn 0.009186 0.995588 -0.093382
vn 0.005729 0.995562 -0.093929
vn -0.987251 -0.000000 -0.159171
vn -0.987251 -0.000000 -0.159171
vn -0.987251 -0.000000 -0.159171
vn -0.987251 -0.000000 -0.159171
vn -0.987251 -0.000000 -0.159171
vn -0.987251 -0.000000 -0.159171
vn -0.987251 -0.000000 -0.159171
vn -0.987251 -0.000000 -0.159171
vn 0.988000 0.000000 0.154451
vn 0.988000 0.000000 0.154451
vn 0.988000 0.000000 0.154451
vn 0.988000 0.000000 0.154451
vn 0.987795 0.000000 0.155762
vn 0.984758 0.000000 0.173932
vn 0.985091 0.000000 0.172037
vn 0.987795 0.000000 0.155762
vn 0.017122 0.995197 0.096382
vn 0.019686 0.995694 0.090584
vn 0.046331 0.994265 0.096387
vn 0.043730 0.994108 0.099179
vn -0.017122 -0.995197 -0.096382
vn -0.019686 -0.995694 -0.090584
vn 0.006921 -0.996244 -0.086317
vn 0.004883 -0.995561 -0.093990
vn 0.005432 -0.996013 -0.089043
vn 0.008705 -0.996033 -0.088557
vn -0.018889 -0.995531 -0.092522
vn -0.021549 -0.995274 -0.094680
vn -0.019686 -0.995694 -0.090584
vn -0.017122 -0.995197 -0.096382
vn -0.004883 0.995561 0.093990
vn -0.006921 0.996244 0.086317
vn 0.019686 0.995694 0.090584
vn 0.017122 0.995197 0.096382
vn -0.129381 -0.000000 -0.991595
vn -0.129381 -0.000000 -0.991595
vn 0.000010 -0.000000 -1.000000
vn 0.000011 -0.000000 -1.000000
vn 0.256644 -0.000000 -0.966506
vn 0.124876 -0.000000 -0.992172
vn 0.206177 -0.000000 -0.978515
vn -0.000000 -0.000000 -1.000000
vn -0.000000 -0.000000 -1.000000
vn -0.000000 -0.000000 -1.000000
vn 0.000012 -0.000000 -1.000000
vn -0.129381 -0.000000 -0.991595
vn -0.129381 -0.000000 -0.991595
vn 0.000012 -0.000000 -1.000000
vn -0.998180 0.000000 0.060311
vn -0.998180 0.000000 0.060311
vn -0.998180 0.000000 0.060311
vn -0.998180 0.000000 0.060311
vn -0.000000 0.000000 1.000000
vn -0.000000 0.000000 1.000000
vn -0.000000 0.000000 1.000000
vn -0.000000 0.000000 1.000000
vn -0.000000 -0.996584 -0.082581
vn -0.030211 -0.984826 -0.170892
vn -0.000000 -0.987663 -0.156596
vn -0.031318 -0.995838 -0.085591
vn -0.000000 -0.999182 0.040442
vn -0.033566 -0.998926 0.031949
vn -0.000000 -0.998102 0.061588
vn -0.026078 -0.997101 0.071474
vn -0.000000 -0.998102 0.061588
vn -0.000000 -0.998102 0.061588
vn -0.998180 0.000000 0.060311
vn -0.998180 0.000000 0.060311
vn -0.998180 0.000000 0.060311
vn -0.998180 0.000000 0.060311
vn -0.000000 0.998102 0.061588
vn -0.000000 0.998102 0.061588
vn -0.000000 0.998102 0.061588
vn -0.000000 0.998102 0.061588
vn -0.000000 0.998102 0.061588
vn -0.000000 0.998102 0.061588
vn -0.000000 0.999525 0.030808
vn -0.000000 0.998102 0.061588
vn -0.000000 0.999525 0.030808
vn -0.000000 0.997150 -0.075445
vn -0.000000 0.997127 -0.075749
vn -0.000000 0.988594 -0.150608
vn -0.000000 0.994697 -0.102851
vn -0.000000 0.989460 -0.144805
vn 0.998180 -0.000000 -0.060311
vn 0.998180 -0.000000 -0.060311
vn 0.997706 -0.000000 -0.067698
vn 0.997718 -0.000000 -0.067516
vn 0.996743 -0.000000 -0.080640
vn 0.996719 -0.000000 -0.080944
vn 0.998956 -0.000000 -0.045682
vn 0.999049 -0.000000 -0.043611
vn 1.000000 0.000000 -0.000000
vn 1.000000 0.000000 -0.000000
vn -0.000000 -0.000000 -1.000000
vn -0.000000 -0.000000 -1.000000
vn -0.000000 -0.000000 -1.000000
vn -0.000000 -0.000000 -1.000000
vn 0.000012 -0.000000 -1.000000
vn 0.000011 -0.000000 -1.000000
vn 0.000011 -0.000000 -1.000000
vn -0.704171 -0.710031 0.000000
vn -0.704171 -0.710031 0.000000
vn -0.704171 -0.710031 0.000000
vn -0.704171 -0.710031 0.000000
vn -1.000000 0.000000 -0.000000
vn -1.000000 0.000000 -0.000000
vn -1.000000 0.000000 -0.000000
vn -1.000000 0.000000 -0.000000
vn -0.000000 0.994634 0.103455
vn -0.003189 0.994629 0.103455
vn 0.000061 0.999998 -0.001976
vn -0.000000 0.999998 0.002148
vn 0.000144 0.999989 -0.004768
vn -0.000000 0.999966 -0.008186
vn 0.000054 0.999998 -0.001741
vn -0.000000 0.999998 0.001874
vn -0.000046 0.999999 0.001484
vn -0.000000 0.999998 -0.002003
vn 0.000053 0.999999 -0.001729
vn -0.000000 0.999998 0.001861
vn 0.002775 0.995953 -0.089831
vn -0.000000 0.995957 -0.089831
vn -0.000000 -0.000000 -1.000000
vn -0.000000 -0.000000 -1.000000
vn 0.031235 -0.000000 -0.999512
vn 0.031235 -0.000000 -0.999512
vn -0.065660 0.000000 0.997842
vn -0.065660 0.000000 0.997842
vn -0.048452 0.000000 0.998825
vn -0.048452 0.000000 0.998825
vn -0.000000 0.000000 1.000000
vn -0.000000 0.000000 1.000000
vn -0.003189 -0.994629 0.103455
vn -0.000000 -0.994634 0.103455
vn -0.000000 -0.994634 0.103455
vn -0.003189 -0.994629 0.103455
vn 0.173695 -0.000000 -0.984800
vn 0.135985 -0.000000 -0.990711
vn 0.135985 -0.000000 -0.990711
vn 0.173695 -0.000000 -0.984800
vn 0.211046 -0.000000 -0.977476
vn 0.211046 -0.000000 -0.977476
vn 0.984800 0.000000 0.173695
vn 0.991223 0.000000 0.132204
vn 0.991223 0.000000 0.132204
vn 0.984800 0.000000 0.173695
vn 0.976644 0.000000 0.214862
vn 0.976644 0.000000 0.214862
vn -0.984800 -0.000000 -0.173695
vn -0.994533 -0.000000 -0.104421
vn -0.994533 -0.000000 -0.104421
vn -0.984800 -0.000000 -0.173695
vn -0.970286 -0.000000 -0.241961
vn -0.970286 -0.000000 -0.241961
vn -0.173695 0.000000 0.984800
vn -0.110921 0.000000 0.993829
vn -0.110921 0.000000 0.993829
vn -0.173695 0.000000 0.984800
vn -0.235750 0.000000 0.971814
vn -0.235750 0.000000 0.971814
vn -0.984800 -0.000000 -0.173695
vn -0.991223 -0.000000 -0.132204
vn -0.991223 -0.000000 -0.132204
vn -0.984800 -0.000000 -0.173695
vn -0.976644 -0.000000 -0.214862
vn -0.976644 -0.000000 -0.214862
vn -0.173695 0.000000 0.984800
vn -0.135985 0.000000 0.990711
vn -0.135985 0.000000 0.990711
vn -0.173695 0.000000 0.984800
vn -0.211046 0.000000 0.977476
vn -0.211046 0.000000 0.977476
vn 0.984800 0.000000 0.173695
vn 0.994533 0.000000 0.104421
vn 0.994533 0.000000 0.104421
vn 0.984800 0.000000 0.173695
vn 0.970286 0.000000 0.241961
vn 0.970286 0.000000 0.241961
vn 0.173695 -0.000000 -0.984800
vn 0.110921 -0.000000 -0.993829
vn 0.110921 -0.000000 -0.993829
vn 0.173695 -0.000000 -0.984800
vn 0.235750 -0.000000 -0.971814
vn 0.235750 -0.000000 -0.971814
vn -0.000000 0.997150 -0.075445
vn -0.000000 0.988594 -0.150608
vn -0.000000 0.987663 -0.156596
vn -0.000000 0.996584 -0.082581
vn -0.000000 0.999525 0.030808
vn -0.000000 0.999182 0.040442
vn -0.000000 0.998102 0.061588
vn -0.000000 0.998102 0.061588
vn -0.000000 0.998102 0.061588
vn -0.000000 0.998102 0.061588
vn -0.000000 1.000000 -0.000000
vn -0.000000 1.000000 -0.000000
vn -0.000000 1.000000 -0.000000
vn -0.000000 1.000000 -0.000000
vn -0.000000 1.000000 -0.000000
vn -0.000000 1.000000 -0.000000
vn -0.000000 1.000000 -0.000000
vn -0.000000 1.000000 -0.000000
vn -0.000000 1.000000 -0.000000
vn -0.000000 -0.000000 -1.000000
vn -0.000000 -0.000000 -1.000000
vn -0.000000 -0.000000 -1.000000
vn -0.000000 -0.000000 -1.000000
vn 0.145044 0.000000 0.989425
vn 0.136943 0.000000 0.990579
vn 0.145044 0.000000 0.989425
vn 0.139644 0.000000 0.990202
vn 0.145044 0.000000 0.989425
vn 0.128781 0.000000 0.991673
vn 0.128781 0.000000 0.991673
vn 0.128781 0.000000 0.991673
vn 0.128781 0.000000 0.991673
vn 0.214862 0.000000 0.976644
vn 0.145044 0.000000 0.989425
vn 0.255839 0.000000 0.966719
vn 0.241616 0.000000 0.970372
vn 0.247473 0.000000 0.968895
vn 0.127700 0.000000 0.991813
vn 0.127700 0.000000 0.991813
vn -0.008684 0.995783 -0.091325
vn -0.009186 0.995588 -0.093382
vn -0.012474 0.995598 -0.092895
vn -0.011606 0.995793 -0.090898
vn -0.010514 0.996133 -0.087223
vn -0.008110 0.996129 -0.087528
vn -0.008705 -0.996033 -0.088557
vn 0.020799 -0.995672 -0.090582
vn -0.011825 -0.996044 -0.088069
vn 0.018889 -0.995531 -0.092522
vn 0.018938 -0.996198 -0.085031
vn 0.019686 -0.995694 -0.090584
vn -0.009139 -0.996922 -0.077869
vn -0.006921 -0.996244 -0.086317
vn 0.987251 -0.000000 -0.159171
vn 0.987251 -0.000000 -0.159171
vn 0.987251 -0.000000 -0.159171
vn 0.987251 -0.000000 -0.159171
vn 0.987251 -0.000000 -0.159171
vn 0.987251 -0.000000 -0.159171
vn 0.987251 -0.000000 -0.159171
vn 0.987251 -0.000000 -0.159171
vn -0.019686 0.995694 0.090584
vn -0.046331 0.994265 0.096387
vn -0.049613 0.994458 0.092696
vn -0.018938 0.996198 0.085031
vn 0.006921 0.996244 0.086317
vn 0.009139 0.996922 0.077869
vn -0.984758 0.000000 0.173932
vn -0.985091 0.000000 0.172037
vn -0.981778 0.000000 0.190033
vn -0.981778 0.000000 0.190033
vn -0.988000 0.000000 0.154451
vn -0.988000 0.000000 0.154451
vn -0.988000 0.000000 0.154451
vn -0.988000 0.000000 0.154451
vn -0.989766 0.000000 0.142703
vn -0.989766 0.000000 0.142703
vn -0.989766 0.000000 0.142703
vn -0.989766 0.000000 0.142703
vn -0.989766 0.000000 0.142703
vn -0.989766 0.000000 0.142703
vn -0.008110 0.996129 -0.087528
vn -0.010514 0.996133 -0.087223
vn -0.010309 0.996283 -0.085526
vn -0.007906 0.996278 -0.085831
vn -0.005699 0.996124 -0.087771
vn -0.005597 0.996262 -0.086196
vn 0.006580 -0.997452 0.071037
vn 0.004627 -0.997450 0.071220
vn 0.004543 -0.997541 0.069945
vn 0.006412 -0.997552 0.069641
vn 0.008529 -0.997455 0.070793
vn 0.008362 -0.997554 0.069397
vn 0.008696 -0.997357 0.072129
vn 0.006766 -0.997350 0.072434
vn -0.204909 -0.000000 -0.978781
vn -0.277299 -0.000000 -0.960784
vn -0.277299 -0.000000 -0.960784
vn -0.204909 -0.000000 -0.978781
vn -0.067151 0.000780 -0.997743
vn -0.067151 0.000780 -0.997743
vn -0.001179 0.000696 -0.999999
vn -0.001364 0.000806 -0.999999
vn -0.061189 -0.033051 -0.997579
vn -0.055965 -0.030256 -0.997974
vn -0.089890 -0.031947 -0.995439
vn -0.089226 -0.031171 -0.995524
vn -0.049152 -0.000000 -0.998791
vn -0.049152 -0.000000 -0.998791
vn -0.000000 -0.000000 -1.000000
vn -0.000000 -0.000000 -1.000000
vn 0.204909 0.000000 0.978781
vn 0.277299 0.000000 0.960784
vn 0.277299 0.000000 0.960784
vn 0.204909 0.000000 0.978781
vn 0.064384 0.000884 0.997925
vn 0.064384 0.000884 0.997925
vn -0.001339 0.000791 0.999999
vn -0.001550 0.000915 0.999998
vn 0.061189 0.033051 0.997579
vn 0.055965 0.030256 0.997974
vn 0.089890 0.031947 0.995439
vn 0.089226 0.031171 0.995524
vn 0.049152 0.000000 0.998791
vn 0.049152 0.000000 0.998791
vn -0.000000 0.000000 1.000000
vn -0.000000 0.000000 1.000000
vn -0.000206 0.999993 -0.003710
vn -0.000086 1.000000 -0.000503
vn -0.000087 0.996892 0.078782
vn 0.005164 0.996898 0.078539
vn -0.000929 0.999992 -0.003983
vn 0.015714 0.996920 0.076832
vn 0.001076 0.999992 0.003883
vn 0.020871 0.996937 0.075368
vn 0.000075 -1.000000 0.000801
vn -0.000000 -0.999997 0.002588
vn -0.000000 -0.995337 0.096457
vn 0.004781 -0.995332 0.096395
vn 0.038614 -0.999254 0.001126
vn 0.042699 -0.994255 0.098156
vn 0.074958 -0.997167 -0.006222
vn 0.084608 -0.991366 0.100174
vn 1.000000 -0.000000 -0.000522
vn 1.000000 -0.000000 -0.000515
vn 0.996694 0.000000 0.081247
vn 0.996694 0.000000 0.081247
vn 0.065804 -0.992798 -0.100110
vn 0.038614 -0.999254 0.001126
vn 0.074958 -0.997167 -0.006222
vn 0.031099 -0.994668 -0.098331
vn 0.000075 -1.000000 0.000801
vn -0.004842 -0.995355 -0.096153
vn -0.000000 -0.999997 0.002588
vn -0.000000 -0.995377 -0.096047
vn -0.021609 0.996718 -0.078014
vn -0.000929 0.999992 -0.003983
vn 0.001076 0.999992 0.003883
vn -0.015903 0.996791 -0.078447
vn -0.000206 0.999993 -0.003710
vn -0.005431 0.996834 -0.079327
vn -0.000086 1.000000 -0.000503
vn -0.000084 0.996802 -0.079913
vn 0.996604 -0.000000 -0.082338
vn 0.996604 -0.000000 -0.082338
vn 1.000000 -0.000000 -0.000515
vn 1.000000 -0.000000 -0.000522
vn 0.996743 0.000000 0.080640
vn 0.997200 0.000000 0.074778
vn 0.997200 0.000000 0.074778
vn 0.996743 0.000000 0.080640
vn 0.996194 0.000000 0.087167
vn 0.996194 0.000000 0.087167
vn -0.000000 -0.998102 0.061588
vn -0.000000 -0.998102 0.061588
vn -0.000000 -0.998102 0.061588
vn -0.000000 -0.998102 0.061588
vn 0.026078 -0.997101 0.071474
vn 0.018217 -0.996484 0.081779
vn -0.000000 -0.994936 0.100507
vn -0.000000 -0.996629 0.082035
vn -0.000000 -0.999455 0.033018
vn 0.033566 -0.998926 0.031949
vn -0.000000 -0.995832 -0.091207
vn 0.031318 -0.995838 -0.085591
vn 0.030211 -0.984826 -0.170892
vn 0.058938 -0.981092 -0.184351
vn 0.058938 -0.981092 -0.184351
vn -0.000000 -0.982822 -0.184554
vn -0.000000 0.994697 -0.102851
vn -0.000000 1.000000 -0.000000
vn -0.000000 1.000000 -0.000000
vn -0.000000 0.996738 -0.080701
vn -0.000000 0.997218 -0.074535
vn -0.000000 0.997127 -0.075749
vn -0.000000 0.999484 0.032134
vn -0.000000 0.999525 0.030808
vn -0.000000 0.998102 0.061588
vn -0.000000 0.998102 0.061588
vn 0.006766 -0.997350 0.072434
vn 0.004725 -0.997340 0.072738
vn 0.004627 -0.997450 0.071220
vn 0.006580 -0.997452 0.071037
vn -0.005780 0.995782 -0.091569
vn -0.008110 0.996129 -0.087528
vn -0.005699 0.996124 -0.087771
vn -0.008684 0.995783 -0.091325
vn -0.009186 0.995588 -0.093382
vn -0.005729 0.995562 -0.093929
vn 0.987251 -0.000000 -0.159171
vn 0.987251 -0.000000 -0.159171
vn 0.987251 -0.000000 -0.159171
vn 0.987251 -0.000000 -0.159171
vn 0.987251 -0.000000 -0.159171
vn 0.987251 -0.000000 -0.159171
vn 0.987251 -0.000000 -0.159171
vn 0.987251 -0.000000 -0.159171
vn -0.988000 0.000000 0.154451
vn -0.988000 0.000000 0.154451
vn -0.988000 0.000000 0.154451
vn -0.988000 0.000000 0.154451
vn -0.987795 0.000000 0.155762
vn -0.987795 0.000000 0.155762
vn -0.985091 0.000000 0.172037
vn -0.984758 0.000000 0.173932
vn -0.017122 0.995197 0.096382
vn -0.043730 0.994108 0.099179
vn -0.046331 0.994265 0.096387
vn -0.019686 0.995694 0.090584
vn 0.017122 -0.995197 -0.096382
vn -0.004883 -0.995561 -0.093990
vn -0.006921 -0.996244 -0.086317
vn 0.019686 -0.995694 -0.090584
vn -0.005432 -0.996013 -0.089043
vn 0.018889 -0.995531 -0.092522
vn -0.008705 -0.996033 -0.088557
vn 0.021549 -0.995274 -0.094680
vn 0.019686 -0.995694 -0.090584
vn 0.017122 -0.995197 -0.096382
vn 0.004883 0.995561 0.093990
vn -0.017122 0.995197 0.096382
vn -0.019686 0.995694 0.090584
vn 0.006921 0.996244 0.086317
vn 0.129381 -0.000000 -0.991595
vn -0.000010 -0.000000 -1.000000
vn 0.129381 -0.000000 -0.991595
vn -0.000010 -0.000000 -1.000000
vn -0.124876 -0.000000 -0.992172
vn -0.256644 -0.000000 -0.966506
vn -0.206177 -0.000000 -0.978515
vn -0.000000 -0.000000 -1.000000
vn -0.000000 -0.000000 -1.000000
vn -0.000000 -0.000000 -1.000000
vn -0.000012 -0.000000 -1.000000
vn -0.000012 -0.000000 -1.000000
vn 0.129381 -0.000000 -0.991595
vn 0.129381 -0.000000 -0.991595
vn 0.998180 0.000000 0.060311
vn 0.998180 0.000000 0.060311
vn 0.998180 0.000000 0.060311
vn 0.998180 0.000000 0.060311
vn -0.000000 0.000000 1.000000
vn -0.000000 0.000000 1.000000
vn -0.000000 0.000000 1.000000
vn -0.000000 0.000000 1.000000
vn -0.000000 -0.996584 -0.082581
vn -0.000000 -0.987663 -0.156596
vn 0.030211 -0.984826 -0.170892
vn 0.031318 -0.995838 -0.085591
vn -0.000000 -0.999182 0.040442
vn 0.033566 -0.998926 0.031949
vn -0.000000 -0.998102 0.061588
vn 0.026078 -0.997101 0.071474
vn -0.000000 -0.998102 0.061588
vn -0.000000 -0.998102 0.061588
vn 0.998180 0.000000 0.060311
vn 0.998180 0.000000 0.060311
vn 0.998180 0.000000 0.060311
vn 0.998180 0.000000 0.060311
vn -0.000000 0.998102 0.061588
vn -0.000000 0.998102 0.061588
vn -0.000000 0.998102 0.061588
vn -0.000000 0.998102 0.061588
vn -0.000000 0.998102 0.061588
vn -0.000000 0.998102 0.061588
vn -0.000000 0.998102 0.061588
vn -0.000000 0.999525 0.030808
vn -0.000000 0.999525 0.030808
vn -0.000000 0.997150 -0.075445
vn -0.000000 0.997127 -0.075749
vn -0.000000 0.988594 -0.150608
vn -0.000000 0.994697 -0.102851
vn -0.000000 0.989460 -0.144805
vn -0.998180 -0.000000 -0.060311
vn -0.997706 -0.000000 -0.067698
vn -0.998180 -0.000000 -0.060311
vn -0.997718 -0.000000 -0.067516
vn -0.996743 -0.000000 -0.080640
vn -0.996719 -0.000000 -0.080944
vn -0.998956 -0.000000 -0.045682
vn -0.999049 -0.000000 -0.043611
vn -1.000000 0.000000 -0.000000
vn -1.000000 0.000000 -0.000000
vn -0.000000 -0.000000 -1.000000
vn -0.000000 -0.000000 -1.000000
vn -0.000000 -0.000000 -1.000000
vn -0.000000 -0.000000 -1.000000
vn -0.000012 -0.000000 -1.000000
vn -0.000011 -0.000000 -1.000000
vn -0.000011 -0.000000 -1.000000
vn 0.704171 -0.710031 0.000000
vn 0.704171 -0.710031 0.000000
vn 0.704171 -0.710031 0.000000
vn 0.704171 -0.710031 0.000000
vn 1.000000 0.000000 -0.000000
vn 1.000000 0.000000 -0.000000
vn 1.000000 0.000000 -0.000000
vn 1.000000 0.000000 -0.000000
vn -0.000000 0.994634 0.103455
vn -0.000061 0.999998 -0.001978
vn 0.003189 0.994629 0.103455
vn -0.000000 0.999998 0.002148
vn -0.000144 0.999989 -0.004768
vn -0.000000 0.999966 -0.008186
vn -0.000000 0.999998 0.001874
vn -0.000054 0.999998 -0.001741
vn 0.000046 0.999999 0.001484
vn -0.000000 0.999998 -0.002003
vn -0.000053 0.999999 -0.001729
vn -0.000000 0.999998 0.001861
vn -0.002775 0.995953 -0.089831
vn -0.000000 0.995957 -0.089831
vn -0.000000 -0.000000 -1.000000
vn -0.031235 -0.000000 -0.999512
vn -0.031235 -0.000000 -0.999512
vn -0.000000 -0.000000 -1.000000
vn 0.065660 0.000000 0.997842
vn 0.048452 0.000000 0.998825
vn 0.065660 0.000000 0.997842
vn 0.048452 0.000000 0.998825
vn -0.000000 0.000000 1.000000
vn -0.000000 0.000000 1.000000
vn 0.003189 -0.994629 0.103455
vn 0.003189 -0.994629 0.103455
vn -0.000000 -0.994634 0.103455
vn -0.000000 -0.994634 0.103455
vn -0.898108 0.000000 0.439775
vn -0.898108 0.000000 0.439775
vn -0.898108 0.000000 0.439775
vn -0.898108 0.000000 0.439775
vn -0.087167 -0.000000 -0.996194
vn -0.087167 -0.000000 -0.996194
vn -0.087167 -0.000000 -0.996194
vn -0.087167 -0.000000 -0.996194
vn 0.087167 0.000000 0.996194
vn 0.087167 0.000000 0.996194
vn 0.087167 0.000000 0.996194
vn 0.087167 0.000000 0.996194
vn -0.006683 0.997054 -0.076415
vn -0.006683 0.997054 -0.076415
vn -0.006683 0.997054 -0.076415
vn -0.006683 0.997054 -0.076415
vn 0.969565 -0.000000 -0.244832
vn 0.969565 -0.000000 -0.244832
vn 0.969565 -0.000000 -0.244832
vn 0.969565 -0.000000 -0.244832
vn -0.006683 -0.997054 -0.076415
vn -0.006683 -0.997054 -0.076415
vn -0.006683 -0.997054 -0.076415
vn -0.006683 -0.997054 -0.076415
vn -0.997347 -0.000000 -0.072799
vn -0.997347 -0.000000 -0.072799
vn -0.997347 -0.000000 -0.072799
vn -0.997347 -0.000000 -0.072799
vn -0.969565 0.000000 0.244832
vn -0.969565 0.000000 0.244832
vn -0.969565 0.000000 0.244832
vn -0.969565 0.000000 0.244832
vn 0.006683 -0.997054 0.076415
vn 0.006683 -0.997054 0.076415
vn 0.006683 -0.997054 0.076415
vn 0.006683 -0.997054 0.076415
vn 0.997347 0.000000 0.072799
vn 0.997347 0.000000 0.072799
vn 0.997347 0.000000 0.072799
vn 0.997347 0.000000 0.072799
vn 0.006683 0.997054 0.076415
vn 0.006683 0.997054 0.076415
vn 0.006683 0.997054 0.076415
vn 0.006683 0.997054 0.076415
vn -0.087167 -0.000000 -0.996194
vn -0.087167 -0.000000 -0.996194
vn -0.087167 -0.000000 -0.996194
vn -0.087167 -0.000000 -0.996194
vn 0.087167 0.000000 0.996194
vn 0.087167 0.000000 0.996194
vn 0.087167 0.000000 0.996194
vn 0.087167 0.000000 0.996194
vn -0.006683 0.997054 -0.076415
vn -0.006683 0.997054 -0.076415
vn -0.006683 0.997054 -0.076415
vn -0.006683 0.997054 -0.076415
vn 0.969565 -0.000000 -0.244832
vn 0.969565 -0.000000 -0.244832
vn 0.969565 -0.000000 -0.244832
vn 0.969565 -0.000000 -0.244832
vn -0.006683 -0.997054 -0.076415
vn -0.006683 -0.997054 -0.076415
vn -0.006683 -0.997054 -0.076415
vn -0.006683 -0.997054 -0.076415
vn -0.997347 -0.000000 -0.072799
vn -0.997347 -0.000000 -0.072799
vn -0.997347 -0.000000 -0.072799
vn -0.997347 -0.000000 -0.072799
vn -0.969565 0.000000 0.244832
vn -0.969565 0.000000 0.244832
vn -0.969565 0.000000 0.244832
vn -0.969565 0.000000 0.244832
vn 0.006683 -0.997054 0.076415
vn 0.006683 -0.997054 0.076415
vn 0.006683 -0.997054 0.076415
vn 0.006683 -0.997054 0.076415
vn 0.997347 0.000000 0.072799
vn 0.997347 0.000000 0.072799
vn 0.997347 0.000000 0.072799
vn 0.997347 0.000000 0.072799
vn 0.006683 0.997054 0.076415
vn 0.006683 0.997054 0.076415
vn 0.006683 0.997054 0.076415
vn 0.006683 0.997054 0.076415
vn -0.087167 -0.000000 -0.996194
vn -0.087167 -0.000000 -0.996194
vn -0.087167 -0.000000 -0.996194
vn -0.087167 -0.000000 -0.996194
vn 0.087167 0.000000 0.996194
vn 0.087167 0.000000 0.996194
vn 0.087167 0.000000 0.996194
vn 0.087167 0.000000 0.996194
vn -0.006683 0.997054 -0.076415
vn -0.006683 0.997054 -0.076415
vn -0.006683 0.997054 -0.076415
vn -0.006683 0.997054 -0.076415
vn 0.969565 -0.000000 -0.244832
vn 0.969565 -0.000000 -0.244832
vn 0.969565 -0.000000 -0.244832
vn 0.969565 -0.000000 -0.244832
vn -0.006683 -0.997054 -0.076415
vn -0.006683 -0.997054 -0.076415
vn -0.006683 -0.997054 -0.076415
vn -0.006683 -0.997054 -0.076415
vn -0.997347 -0.000000 -0.072799
vn -0.997347 -0.000000 -0.072799
vn -0.997347 -0.000000 -0.072799
vn -0.997347 -0.000000 -0.072799
vn -0.969565 0.000000 0.244832
vn -0.969565 0.000000 0.244832
vn -0.969565 0.000000 0.244832
vn -0.969565 0.000000 0.244832
vn 0.006683 -0.997054 0.076415
vn 0.006683 -0.997054 0.076415
vn 0.006683 -0.997054 0.076415
vn 0.006683 -0.997054 0.076415
vn 0.997347 0.000000 0.072799
vn 0.997347 0.000000 0.072799
vn 0.997347 0.000000 0.072799
vn 0.997347 0.000000 0.072799
vn 0.006683 0.997054 0.076415
vn 0.006683 0.997054 0.076415
vn 0.006683 0.997054 0.076415
vn 0.006683 0.997054 0.076415
vn 0.087167 -0.000000 -0.996194
vn 0.087167 -0.000000 -0.996194
vn 0.087167 -0.000000 -0.996194
vn 0.087167 -0.000000 -0.996194
vn -0.087167 0.000000 0.996194
vn -0.087167 0.000000 0.996194
vn -0.087167 0.000000 0.996194
vn -0.087167 0.000000 0.996194
vn 0.006683 0.997054 -0.076415
vn 0.006683 0.997054 -0.076415
vn 0.006683 0.997054 -0.076415
vn 0.006683 0.997054 -0.076415
vn -0.969565 -0.000000 -0.244832
vn -0.969565 -0.000000 -0.244832
vn -0.969565 -0.000000 -0.244832
vn -0.969565 -0.000000 -0.244832
vn 0.006683 -0.997054 -0.076415
vn 0.006683 -0.997054 -0.076415
vn 0.006683 -0.997054 -0.076415
vn 0.006683 -0.997054 -0.076415
vn 0.997347 -0.000000 -0.072799
vn 0.997347 -0.000000 -0.072799
vn 0.997347 -0.000000 -0.072799
vn 0.997347 -0.000000 -0.072799
vn 0.969565 0.000000 0.244832
vn 0.969565 0.000000 0.244832
vn 0.969565 0.000000 0.244832
vn 0.969565 0.000000 0.244832
vn -0.006683 -0.997054 0.076415
vn -0.006683 -0.997054 0.076415
vn -0.006683 -0.997054 0.076415
vn -0.006683 -0.997054 0.076415
vn -0.997347 0.000000 0.072799
vn -0.997347 0.000000 0.072799
vn -0.997347 0.000000 0.072799
vn -0.997347 0.000000 0.072799
vn -0.006683 0.997054 0.076415
vn -0.006683 0.997054 0.076415
vn -0.006683 0.997054 0.076415
vn -0.006683 0.997054 0.076415
vn 0.087167 -0.000000 -0.996194
vn 0.087167 -0.000000 -0.996194
vn 0.087167 -0.000000 -0.996194
vn 0.087167 -0.000000 -0.996194
vn -0.087167 0.000000 0.996194
vn -0.087167 0.000000 0.996194
vn -0.087167 0.000000 0.996194
vn -0.087167 0.000000 0.996194
vn 0.006683 0.997054 -0.076415
vn 0.006683 0.997054 -0.076415
vn 0.006683 0.997054 -0.076415
vn 0.006683 0.997054 -0.076415
vn -0.969565 -0.000000 -0.244832
vn -0.969565 -0.000000 -0.244832
vn -0.969565 -0.000000 -0.244832
vn -0.969565 -0.000000 -0.244832
vn 0.006683 -0.997054 -0.076415
vn 0.006683 -0.997054 -0.076415
vn 0.006683 -0.997054 -0.076415
vn 0.006683 -0.997054 -0.076415
vn 0.997347 -0.000000 -0.072799
vn 0.997347 -0.000000 -0.072799
vn 0.997347 -0.000000 -0.072799
vn 0.997347 -0.000000 -0.072799
vn 0.969565 0.000000 0.244832
vn 0.969565 0.000000 0.244832
vn 0.969565 0.000000 0.244832
vn 0.969565 0.000000 0.244832
vn -0.006683 -0.997054 0.076415
vn -0.006683 -0.997054 0.076415
vn -0.006683 -0.997054 0.076415
vn -0.006683 -0.997054 0.076415
vn -0.997347 0.000000 0.072799
vn -0.997347 0.000000 0.072799
vn -0.997347 0.000000 0.072799
vn -0.997347 0.000000 0.072799
vn -0.006683 0.997054 0.076415
vn -0.006683 0.997054 0.076415
vn -0.006683 0.997054 0.076415
vn -0.006683 0.997054 0.076415
vn 0.087167 -0.000000 -0.996194
vn 0.087167 -0.000000 -0.996194
vn 0.087167 -0.000000 -0.996194
vn 0.087167 -0.000000 -0.996194
vn -0.087167 0.000000 0.996194
vn -0.087167 0.000000 0.996194
vn -0.087167 0.000000 0.996194
vn -0.087167 0.000000 0.996194
vn 0.006683 0.997054 -0.076415
vn 0.006683 0.997054 -0.076415
vn 0.006683 0.997054 -0.076415
vn 0.006683 0.997054 -0.076415
vn -0.969565 -0.000000 -0.244832
vn -0.969565 -0.000000 -0.244832
vn -0.969565 -0.000000 -0.244832
vn -0.969565 -0.000000 -0.244832
vn 0.006683 -0.997054 -0.076415
vn 0.006683 -0.997054 -0.076415
vn 0.006683 -0.997054 -0.076415
vn 0.006683 -0.997054 -0.076415
vn 0.997347 -0.000000 -0.072799
vn 0.997347 -0.000000 -0.072799
vn 0.997347 -0.000000 -0.072799
vn 0.997347 -0.000000 -0.072799
vn 0.969565 0.000000 0.244832
vn 0.969565 0.000000 0.244832
vn 0.969565 0.000000 0.244832
vn 0.969565 0.000000 0.244832
vn -0.006683 -0.997054 0.076415
vn -0.006683 -0.997054 0.076415
vn -0.006683 -0.997054 0.076415
vn -0.006683 -0.997054 0.076415
vn -0.997347 0.000000 0.072799
vn -0.997347 0.000000 0.072799
vn -0.997347 0.000000 0.072799
vn -0.997347 0.000000 0.072799
vn -0.006683 0.997054 0.076415
vn -0.006683 0.997054 0.076415
vn -0.006683 0.997054 0.076415
vn -0.006683 0.997054 0.076415
vn -0.994174 -0.000000 -0.107792
vn -0.994174 -0.000000 -0.107792
vn -0.994174 -0.000000 -0.107792
vn -0.994174 -0.000000 -0.107792
vn -0.036309 0.999320 -0.006404
vn -0.036309 0.999320 -0.006404
vn 0.026244 0.999486 -0.018402
vn 0.024322 0.999477 -0.021301
vn 0.015579 0.999477 0.028335
vn -0.006727 0.999249 0.038156
vn 0.018371 0.999486 0.026275
vn -0.006727 0.999249 0.038156
vn 0.006727 0.999249 -0.038156
vn -0.018371 0.999486 -0.026275
vn 0.006727 0.999249 -0.038156
vn -0.015579 0.999477 -0.028335
vn -0.024322 0.999477 0.021301
vn 0.036309 0.999320 0.006404
vn -0.026244 0.999486 0.018402
vn 0.036309 0.999320 0.006404
f 1/1/1 2/2/2 3/3/3
f 4/4/4 5/5/5 6/6/6
f 7/7/7 8/8/8 9/9/9
f 7/7/7 10/10/10 8/8/8
f 11/11/11 10/10/10 7/7/7
f 11/11/11 12/12/12 10/10/10
f 13/13/13 12/12/12 11/11/11
f 13/13/13 14/14/14 12/12/12
f 14/14/14 15/15/15 12/12/12
f 14/14/14 16/16/16 15/15/15
f 17/17/17 18/18/18 19/19/19
f 17/17/17 20/20/20 18/18/18
f 17/17/17 21/21/21 20/20/20
f 17/17/17 22/22/22 21/21/21
f 23/23/23 24/24/24 25/25/25
f 25/25/25 26/26/26 23/23/23
f 26/26/26 27/27/27 23/23/23
f 28/28/28 27/27/27 26/26/26
f 28/28/28 29/29/29 27/27/27
f 30/30/30 29/29/29 28/28/28
f 30/30/30 31/31/31 29/29/29
f 30/30/30 32/32/32 31/31/31
f 30/30/30 33/33/33 32/32/32
f 34/34/34 31/31/31 32/32/32
f 34/34/34 32/32/32 35/35/35
f 36/36/36 37/37/37 38/38/38
f 36/36/36 38/38/38 39/39/39
f 40/40/40 41/41/41 42/42/42
f 40/40/40 42/42/42 43/43/43
f 44/44/44 40/40/40 43/43/43
f 42/42/42 45/45/45 43/43/43
f 42/42/42 46/46/46 45/45/45
f 46/46/46 47/47/47 45/45/45
f 46/46/46 48/48/48 47/47/47
f 44/44/44 43/43/43 49/49/49
f 50/50/50 44/44/44 49/49/49
f 50/50/50 49/49/49 51/51/51
f 49/49/49 52/52/52 51/51/51
f 49/49/49 53/53/53 52/52/52
f 53/53/53 54/54/54 52/52/52
f 53/53/53 55/55/55 54/54/54
f 56/56/56 57/57/57 58/58/58
f 56/56/56 59/59/59 57/57/57
f 56/56/56 60/60/60 59/59/59
f 56/56/56 61/61/61 60/60/60
f 62/62/62 63/63/63 64/64/64
f 62/62/62 64/64/64 65/65/65
f 65/65/65 64/64/64 66/66/66
f 65/65/65 66/66/66 67/67/67
f 67/67/67 66/66/66 68/68/68
f 67/67/67 68/68/68 69/69/69
f 70/70/70 71/71/71 72/72/72
f 70/70/70 73/73/73 71/71/71
f 74/74/74 73/73/73 70/70/70
f 74/74/74 75/75/75 73/73/73
f 76/76/76 75/75/75 74/74/74
f 76/76/76 77/77/77 75/75/75
f 78/78/78 79/79/79 80/80/80
f 78/78/78 81/81/81 79/79/79
f 82/82/82 81/81/81 78/78/78
f 82/82/82 83/83/83 81/81/81
f 84/84/84 85/85/85 86/86/86
f 84/84/84 86/86/86 87/87/87
f 88/88/88 89/89/89 90/90/90
f 88/88/88 90/90/90 91/91/91
f 92/92/92 93/93/93 94/94/94
f 92/92/92 94/94/94 95/95/95
f 96/96/96 92/92/92 95/95/95
f 96/96/96 95/95/95 97/97/97
f 98/98/98 99/99/99 100/100/100
f 98/98/98 101/101/101 99/99/99
f 102/102/102 101/101/101 98/98/98
f 102/102/102 103/103/103 101/101/101
f 104/104/104 105/105/105 106/106/106
f 104/104/104 107/107/107 105/105/105
f 108/108/108 107/107/107 104/104/104
f 108/108/108 109/109/109 107/107/107
f 110/110/110 108/108/108 104/104/104
f 110/110/110 104/104/104 111/111/111
f 112/112/112 113/113/113 114/114/114
f 112/112/112 115/115/115 113/113/113
f 116/116/116 115/115/115 112/112/112
f 116/116/116 117/117/117 115/115/115
f 118/118/118 117/117/117 116/116/116
f 118/118/118 119/119/119 117/117/117
f 118/118/118 120/120/120 119/119/119
f 118/118/118 121/121/121 120/120/120
f 121/121/121 122/122/122 120/120/120
f 121/121/121 123/123/123 122/122/122
f 123/123/123 124/124/124 122/122/122
f 123/123/123 125/125/125 124/124/124
f 125/125/125 126/126/126 124/124/124
f 125/125/125 127/127/127 126/126/126
f 128/128/128 129/129/129 130/130/130
f 128/128/128 130/130/130 131/131/131
f 132/132/132 128/128/128 131/131/131
f 132/132/132 131/131/131 133/133/133
f 134/134/134 132/132/132 133/133/133
f 134/134/134 133/133/133 135/135/135
f 134/134/134 135/135/135 136/136/136
f 134/134/134 136/136/136 137/137/137
f 137/137/137 136/136/136 138/138/138
f 137/137/137 138/138/138 139/139/139
f 139/139/139 138/138/138 140/140/140
f 139/139/139 140/140/140 141/141/141
f 141/141/141 140/140/140 142/142/142
f 141/141/141 142/142/142 143/143/143
f 144/144/144 145/145/145 146/146/146
f 144/144/144 147/147/147 145/145/145
f 148/148/148 147/147/147 144/144/144
f 148/148/148 149/149/149 147/147/147
f 150/150/150 149/149/149 148/148/148
f 150/150/150 151/151/151 149/149/149
f 152/152/152 153/153/153 154/154/154
f 152/152/152 155/155/155 153/153/153
f 156/156/156 155/155/155 152/152/152
f 156/156/156 157/157/157 155/155/155
f 158/158/158 157/157/157 156/156/156
f 158/158/158 159/159/159 157/157/157
f 160/160/160 161/161/161 162/162/162
f 160/160/160 162/162/162 163/163/163
f 164/164/164 165/165/165 166/166/166
f 164/164/164 166/166/166 167/167/167
f 167/167/167 166/166/166 168/168/168
f 167/167/167 168/168/168 169/169/169
f 169/169/169 168/168/168 170/170/170
f 169/169/169 170/170/170 171/171/171
f 172/172/172 173/173/173 174/174/174
f 172/172/172 174/174/174 175/175/175
f 175/175/175 174/174/174 176/176/176
f 175/175/175 176/176/176 177/177/177
f 177/177/177 176/176/176 178/178/178
f 177/177/177 178/178/178 179/179/179
f 180/180/180 181/181/181 182/182/182
f 180/180/180 182/182/182 183/183/183
f 184/184/184 185/185/185 186/186/186
f 184/184/184 186/186/186 187/187/187
f 188/188/188 184/184/184 187/187/187
f 188/188/188 187/187/187 189/189/189
f 190/190/190 191/191/191 192/192/192
f 190/190/190 192/192/192 193/193/193
f 193/193/193 194/194/194 190/190/190
f 193/193/193 195/195/195 194/194/194
f 194/194/194 195/195/195 196/196/196
f 194/194/194 196/196/196 197/197/197
f 198/198/198 194/194/194 197/197/197
f 198/198/198 199/199/199 194/194/194
f 200/200/200 199/199/199 198/198/198
f 200/200/200 201/201/201 199/199/199
f 202/202/202 201/201/201 200/200/200
f 200/200/200 203/203/203 202/202/202
f 200/200/200 204/204/204 203/203/203
f 203/203/203 205/205/205 202/202/202
f 206/206/206 207/207/207 208/208/208
f 206/206/206 208/208/208 209/209/209
f 210/210/210 206/206/206 209/209/209
f 210/210/210 211/211/211 206/206/206
f 212/212/212 211/211/211 210/210/210
f 212/212/212 213/213/213 211/211/211
f 214/214/214 213/213/213 212/212/212
f 214/214/214 215/215/215 213/213/213
f 216/216/216 217/217/217 218/218/218
f 216/216/216 218/218/218 219/219/219
f 220/220/220 221/221/221 222/222/222
f 220/220/220 222/222/222 223/223/223
f 220/220/220 223/223/223 224/224/224
f 220/220/220 224/224/224 225/225/225
f 226/226/226 227/227/227 228/228/228
f 226/226/226 228/228/228 229/229/229
f 229/229/229 228/228/228 230/230/230
f 229/229/229 230/230/230 231/231/231
f 231/231/231 230/230/230 232/232/232
f 231/231/231 232/232/232 233/233/233
f 234/234/234 235/235/235 236/236/236
f 234/234/234 236/236/236 237/237/237
f 238/238/238 239/239/239 240/240/240
f 238/238/238 240/240/240 241/241/241
f 242/242/242 243/243/243 244/244/244
f 242/242/242 244/244/244 245/245/245
f 246/246/246 247/247/247 248/248/248
f 246/246/246 248/248/248 249/249/249
f 250/250/250 251/251/251 252/252/252
f 250/250/250 252/252/252 253/253/253
f 253/253/253 252/252/252 254/254/254
f 253/253/253 254/254/254 255/255/255
f 256/256/256 257/257/257 258/258/258
f 256/256/256 258/258/258 259/259/259
f 260/260/260 261/261/261 262/262/262
f 260/260/260 262/262/262 263/263/263
f 264/264/264 263/263/263 262/262/262
f 262/262/262 265/265/265 266/266/266
f 267/267/267 266/266/266 265/265/265
f 265/265/265 268/268/268 267/267/267
f 265/265/265 269/269/269 268/268/268
f 270/270/270 271/271/271 272/272/272
f 270/270/270 272/272/272 273/273/273
f 274/274/274 275/275/275 276/276/276
f 274/274/274 276/276/276 277/277/277
f 278/278/278 279/279/279 280/280/280
f 278/278/278 280/280/280 281/281/281
f 282/282/282 283/283/283 284/284/284
f 282/282/282 285/285/285 283/283/283
f 286/286/286 285/285/285 282/282/282
f 286/286/286 287/287/287 285/285/285
f 288/288/288 287/287/287 286/286/286
f 288/288/288 289/289/289 287/287/287
f 286/286/286 290/290/290 288/288/288
f 286/286/286 291/291/291 290/290/290
f 292/292/292 293/293/293 294/294/294
f 292/292/292 294/294/294 295/295/295
f 296/296/296 297/297/297 298/298/298
f 296/296/296 298/298/298 299/299/299
f 300/300/300 296/296/296 299/299/299
f 300/300/300 299/299/299 301/301/301
f 300/300/300 301/301/301 302/302/302
f 302/302/302 303/303/303 300/300/300
f 301/301/301 304/304/304 302/302/302
f 302/302/302 304/304/304 305/305/305
f 302/302/302 305/305/305 306/306/306
f 306/306/306 305/305/305 307/307/307
f 307/307/307 308/308/308 306/306/306
f 307/307/307 309/309/309 308/308/308
f 310/310/310 311/311/311 312/312/312
f 310/310/310 312/312/312 313/313/313
f 313/313/313 312/312/312 314/314/314
f 313/313/313 314/314/314 315/315/315
f 315/315/315 314/314/314 316/316/316
f 315/315/315 316/316/316 317/317/317
f 316/316/316 318/318/318 317/317/317
f 316/316/316 319/319/319 318/318/318
f 320/320/320 321/321/321 322/322/322
f 320/320/320 322/322/322 323/323/323
f 320/320/320 323/323/323 324/324/324
f 323/323/323 325/325/325 324/324/324
f 323/323/323 326/326/326 325/325/325
f 327/327/327 328/328/328 329/329/329
f 327/327/327 329/329/329 330/330/330
f 331/331/331 332/332/332 333/333/333
f 331/331/331 333/333/333 334/334/334
f 335/335/335 336/336/336 337/337/337
f 335/335/335 337/337/337 338/338/338
f 338/338/338 337/337/337 339/339/339
f 338/338/338 339/339/339 340/340/340
f 340/340/340 339/339/339 341/341/341
f 340/340/340 341/341/341 342/342/342
f 342/342/342 341/341/341 343/343/343
f 342/342/342 343/343/343 344/344/344
f 344/344/344 343/343/343 345/345/345
f 344/344/344 345/345/345 346/346/346
f 346/346/346 345/345/345 347/347/347
f 346/346/346 347/347/347 348/348/348
f 349/349/349 350/350/350 351/351/351
f 349/349/349 351/351/351 352/352/352
f 353/353/353 354/354/354 355/355/355
f 353/353/353 355/355/355 356/356/356
f 356/356/356 355/355/355 357/357/357
f 356/356/356 357/357/357 358/358/358
f 359/359/359 360/360/360 361/361/361
f 359/359/359 361/361/361 362/362/362
f 363/363/363 364/364/364 365/365/365
f 363/363/363 365/365/365 366/366/366
f 367/367/367 363/363/363 366/366/366
f 367/367/367 366/366/366 368/368/368
f 369/369/369 370/370/370 371/371/371
f 369/369/369 371/371/371 372/372/372
f 373/373/373 369/369/369 372/372/372
f 373/373/373 372/372/372 374/374/374
f 375/375/375 376/376/376 377/377/377
f 375/375/375 377/377/377 378/378/378
f 379/379/379 375/375/375 378/378/378
f 379/379/379 378/378/378 380/380/380
f 381/381/381 382/382/382 383/383/383
f 381/381/381 383/383/383 384/384/384
f 385/385/385 381/381/381 384/384/384
f 385/385/385 384/384/384 386/386/386
f 387/387/387 388/388/388 389/389/389
f 387/387/387 389/389/389 390/390/390
f 391/391/391 387/387/387 390/390/390
f 391/391/391 390/390/390 392/392/392
f 393/393/393 394/394/394 395/395/395
f 393/393/393 395/395/395 396/396/396
f 397/397/397 393/393/393 396/396/396
f 397/397/397 396/396/396 398/398/398
f 399/399/399 400/400/400 401/401/401
f 399/399/399 401/401/401 402/402/402
f 403/403/403 399/399/399 402/402/402
f 403/403/403 402/402/402 404/404/404
f 405/405/405 406/406/406 407/407/407
f 405/405/405 407/407/407 408/408/408
f 409/409/409 405/405/405 408/408/408
f 409/409/409 408/408/408 410/410/410
f 411/411/411 412/412/412 413/413/413
f 411/411/411 413/413/413 414/414/414
f 415/415/415 411/411/411 414/414/414
f 415/415/415 414/414/414 416/416/416
f 417/417/417 415/415/415 416/416/416
f 417/417/417 416/416/416 418/418/418
f 418/418/418 416/416/416 419/419/419
f 418/418/418 419/419/419 420/420/420
f 421/421/421 422/422/422 423/423/423
f 421/421/421 424/424/424 422/422/422
f 424/424/424 425/425/425 422/422/422
f 424/424/424 426/426/426 425/425/425
f 427/427/427 425/425/425 426/426/426
f 428/428/428 427/427/427 426/426/426
f 426/426/426 429/429/429 428/428/428
f 430/430/430 431/431/431 432/432/432
f 430/430/430 432/432/432 433/433/433
f 434/434/434 435/435/435 436/436/436
f 434/434/434 437/437/437 435/435/435
f 438/438/438 437/437/437 434/434/434
f 435/435/435 437/437/437 439/439/439
f 435/435/435 439/439/439 440/440/440
f 440/440/440 439/439/439 441/441/441
f 440/440/440 441/441/441 442/442/442
f 438/438/438 443/443/443 437/437/437
f 444/444/444 443/443/443 438/438/438
f 444/444/444 445/445/445 443/443/443
f 443/443/443 445/445/445 446/446/446
f 443/443/443 446/446/446 447/447/447
f 447/447/447 446/446/446 448/448/448
f 447/447/447 448/448/448 449/449/449
f 450/450/450 451/451/451 452/452/452
f 450/450/450 452/452/452 453/453/453
f 450/450/450 453/453/453 454/454/454
f 450/450/450 454/454/454 455/455/455
f 456/456/456 457/457/457 458/458/458
f 456/456/456 459/459/459 457/457/457
f 459/459/459 460/460/460 457/457/457
f 459/459/459 461/461/461 460/460/460
f 461/461/461 462/462/462 460/460/460
f 461/461/461 463/463/463 462/462/462
f 464/464/464 465/465/465 466/466/466
f 464/464/464 466/466/466 467/467/467
f 468/468/468 464/464/464 467/467/467
f 468/468/468 467/467/467 469/469/469
f 470/470/470 468/468/468 469/469/469
f 470/470/470 469/469/469 471/471/471
f 472/472/472 473/473/473 474/474/474
f 472/472/472 474/474/474 475/475/475
f 476/476/476 472/472/472 475/475/475
f 476/476/476 475/475/475 477/477/477
f 478/478/478 479/479/479 480/480/480
f 478/478/478 480/480/480 481/481/481
f 482/482/482 483/483/483 484/484/484
f 482/482/482 484/484/484 485/485/485
f 486/486/486 487/487/487 488/488/488
f 486/486/486 489/489/489 487/487/487
f 490/490/490 489/489/489 486/486/486
f 490/490/490 491/491/491 489/489/489
f 492/492/492 493/493/493 494/494/494
f 492/492/492 494/494/494 495/495/495
f 496/496/496 492/492/492 495/495/495
f 496/496/496 495/495/495 497/497/497
f 498/498/498 499/499/499 500/500/500
f 498/498/498 500/500/500 501/501/501
f 502/502/502 498/498/498 501/501/501
f 502/502/502 501/501/501 503/503/503
f 504/504/504 498/498/498 502/502/502
f 504/504/504 505/505/505 498/498/498
f 506/506/506 507/507/507 508/508/508
f 506/506/506 508/508/508 509/509/509
f 510/510/510 506/506/506 509/509/509
f 510/510/510 509/509/509 511/511/511
f 512/512/512 510/510/510 511/511/511
f 512/512/512 511/511/511 513/513/513
f 512/512/512 513/513/513 514/514/514
f 512/512/512 514/514/514 515/515/515
f 515/515/515 514/514/514 516/516/516
f 515/515/515 516/516/516 517/517/517
f 517/517/517 516/516/516 518/518/518
f 517/517/517 518/518/518 519/519/519
f 519/519/519 518/518/518 520/520/520
f 519/519/519 520/520/520 521/521/521
f 522/522/522 523/523/523 524/524/524
f 522/522/522 525/525/525 523/523/523
f 526/526/526 525/525/525 522/522/522
f 526/526/526 527/527/527 525/525/525
f 528/528/528 527/527/527 526/526/526
f 528/528/528 529/529/529 527/527/527
f 528/528/528 530/530/530 529/529/529
f 528/528/528 531/531/531 530/530/530
f 531/531/531 532/532/532 530/530/530
f 531/531/531 533/533/533 532/532/532
f 533/533/533 534/534/534 532/532/532
f 533/533/533 535/535/535 534/534/534
f 535/535/535 536/536/536 534/534/534
f 535/535/535 537/537/537 536/536/536
f 538/538/538 539/539/539 540/540/540
f 538/538/538 540/540/540 541/541/541
f 542/542/542 538/538/538 541/541/541
f 542/542/542 541/541/541 543/543/543
f 544/544/544 542/542/542 543/543/543
f 544/544/544 543/543/543 545/545/545
f 546/546/546 547/547/547 548/548/548
f 546/546/546 548/548/548 549/549/549
f 550/550/550 546/546/546 549/549/549
f 550/550/550 549/549/549 551/551/551
f 552/552/552 550/550/550 551/551/551
f 552/552/552 551/551/551 553/553/553
f 554/554/554 555/555/555 556/556/556
f 554/554/554 556/556/556 557/557/557
f 558/558/558 559/559/559 560/560/560
f 558/558/558 561/561/561 559/559/559
f 561/561/561 562/562/562 559/559/559
f 561/561/561 563/563/563 562/562/562
f 563/563/563 564/564/564 562/562/562
f 563/563/563 565/565/565 564/564/564
f 566/566/566 567/567/567 568/568/568
f 566/566/566 569/569/569 567/567/567
f 569/569/569 570/570/570 567/567/567
f 569/569/569 571/571/571 570/570/570
f 571/571/571 572/572/572 570/570/570
f 571/571/571 573/573/573 572/572/572
f 574/574/574 575/575/575 576/576/576
f 574/574/574 576/576/576 577/577/577
f 578/578/578 579/579/579 580/580/580
f 578/578/578 581/581/581 579/579/579
f 582/582/582 581/581/581 578/578/578
f 582/582/582 583/583/583 581/581/581
f 584/584/584 585/585/585 586/586/586
f 584/584/584 587/587/587 585/585/585
f 587/587/587 584/584/584 588/588/588
f 587/587/587 588/588/588 589/589/589
f 588/588/588 590/590/590 589/589/589
f 588/588/588 591/591/591 590/590/590
f 592/592/592 591/591/591 588/588/588
f 592/592/592 588/588/588 593/593/593
f 594/594/594 592/592/592 593/593/593
f 594/594/594 593/593/593 595/595/595
f 594/594/594 595/595/595 596/596/596
f 596/596/596 597/597/597 594/594/594
f 596/596/596 598/598/598 597/597/597
f 597/597/597 599/599/599 594/594/594
f 600/600/600 601/601/601 602/602/602
f 600/600/600 603/603/603 601/601/601
f 604/604/604 603/603/603 600/600/600
f 604/604/604 600/600/600 605/605/605
f 606/606/606 604/604/604 605/605/605
f 606/606/606 605/605/605 607/607/607
f 608/608/608 606/606/606 607/607/607
f 608/608/608 607/607/607 609/609/609
f 610/610/610 611/611/611 612/612/612
f 610/610/610 612/612/612 613/613/613
f 614/614/614 615/615/615 616/616/616
f 614/614/614 617/617/617 615/615/615
f 614/614/614 618/618/618 617/617/617
f 614/614/614 619/619/619 618/618/618
f 620/620/620 621/621/621 622/622/622
f 620/620/620 623/623/623 621/621/621
f 623/623/623 624/624/624 621/621/621
f 623/623/623 625/625/625 624/624/624
f 625/625/625 626/626/626 624/624/624
f 625/625/625 627/627/627 626/626/626
f 628/628/628 629/629/629 630/630/630
f 628/628/628 630/630/630 631/631/631
f 632/632/632 633/633/633 634/634/634
f 632/632/632 634/634/634 635/635/635
f 636/636/636 637/637/637 638/638/638
f 636/636/636 638/638/638 639/639/639
f 640/640/640 641/641/641 642/642/642
f 640/640/640 642/642/642 643/643/643
f 644/644/644 645/645/645 646/646/646
f 644/644/644 647/647/647 645/645/645
f 647/647/647 648/648/648 645/645/645
f 647/647/647 649/649/649 648/648/648
f 650/650/650 651/651/651 652/652/652
f 650/650/650 652/652/652 653/653/653
f 654/654/654 655/655/655 656/656/656
f 654/654/654 657/657/657 655/655/655
f 658/658/658 655/655/655 657/657/657
f 659/659/659 660/660/660 657/657/657
f 661/661/661 658/658/658 660/660/660
f 658/658/658 661/661/661 662/662/662
f 658/658/658 662/662/662 663/663/663
f 664/664/664 665/665/665 666/666/666
f 664/664/664 666/666/666 667/667/667
f 668/668/668 669/669/669 670/670/670
f 668/668/668 670/670/670 671/671/671
f 672/672/672 673/673/673 674/674/674
f 672/672/672 674/674/674 675/675/675
f 676/676/676 677/677/677 678/678/678
f 676/676/676 678/678/678 679/679/679
f 680/680/680 676/676/676 679/679/679
f 680/680/680 679/679/679 681/681/681
f 682/682/682 680/680/680 681/681/681
f 682/682/682 681/681/681 683/683/683
f 680/680/680 682/682/682 684/684/684
f 680/680/680 684/684/684 685/685/685
f 686/686/686 687/687/687 688/688/688
f 686/686/686 688/688/688 689/689/689
f 690/690/690 691/691/691 692/692/692
f 690/690/690 693/693/693 691/691/691
f 694/694/694 693/693/693 690/690/690
f 694/694/694 695/695/695 693/693/693
f 695/695/695 694/694/694 696/696/696
f 696/696/696 697/697/697 695/695/695
f 697/697/697 698/698/698 695/695/695
f 697/697/697 699/699/699 698/698/698
f 697/697/697 700/700/700 699/699/699
f 701/701/701 699/699/699 700/700/700
f 700/700/700 702/702/702 701/701/701
f 702/702/702 703/703/703 701/701/701
f 704/704/704 705/705/705 706/706/706
f 704/704/704 707/707/707 705/705/705
f 707/707/707 708/708/708 705/705/705
f 707/707/707 709/709/709 708/708/708
f 709/709/709 710/710/710 708/708/708
f 709/709/709 711/711/711 710/710/710
f 710/710/710 711/711/711 712/712/712
f 710/710/710 712/712/712 713/713/713
f 714/714/714 715/715/715 716/716/716
f 714/714/714 717/717/717 715/715/715
f 714/714/714 718/718/718 717/717/717
f 717/717/717 718/718/718 719/719/719
f 717/717/717 719/719/719 720/720/720
f 721/721/721 722/722/722 723/723/723
f 721/721/721 723/723/723 724/724/724
f 725/725/725 726/726/726 727/727/727
f 725/725/725 727/727/727 728/728/728
f 729/729/729 730/730/730 731/731/731
f 729/729/729 732/732/732 730/730/730
f 732/732/732 733/733/733 730/730/730
f 732/732/732 734/734/734 733/733/733
f 733/733/733 734/734/734 735/735/735
f 733/733/733 735/735/735 736/736/736
f 735/735/735 737/737/737 736/736/736
f 735/735/735 738/738/738 737/737/737
f 738/738/738 739/739/739 737/737/737
f 738/738/738 740/740/740 739/739/739
f 740/740/740 741/741/741 739/739/739
f 740/740/740 742/742/742 741/741/741
f 743/743/743 744/744/744 745/745/745
f 743/743/743 745/745/745 746/746/746
f 747/747/747 748/748/748 749/749/749
f 747/747/747 750/750/750 748/748/748
f 750/750/750 751/751/751 748/748/748
f 750/750/750 752/752/752 751/751/751
f 753/753/753 754/754/754 755/755/755
f 753/753/753 755/755/755 756/756/756
f 757/757/757 758/758/758 759/759/759
f 757/757/757 759/759/759 760/760/760
f 761/761/761 762/762/762 763/763/763
f 761/761/761 763/763/763 764/764/764
f 765/765/765 766/766/766 767/767/767
f 765/765/765 767/767/767 768/768/768
f 769/769/769 770/770/770 771/771/771
f 769/769/769 771/771/771 772/772/772
f 773/773/773 774/774/774 775/775/775
f 773/773/773 775/775/775 776/776/776
f 777/777/777 778/778/778 779/779/779
f 777/777/777 779/779/779 780/780/780
f 781/781/781 782/782/782 783/783/783
f 781/781/781 783/783/783 784/784/784
f 785/785/785 786/786/786 787/787/787
f 785/785/785 787/787/787 788/788/788
f 789/789/789 790/790/790 791/791/791
f 789/789/789 791/791/791 792/792/792
f 793/793/793 794/794/794 795/795/795
f 793/793/793 795/795/795 796/796/796
f 797/797/797 798/798/798 799/799/799
f 797/797/797 799/799/799 800/800/800
f 801/801/801 802/802/802 803/803/803
f 801/801/801 803/803/803 804/804/804
f 805/805/805 806/806/806 807/807/807
f 805/805/805 807/807/807 808/808/808
f 809/809/809 810/810/810 811/811/811
f 809/809/809 811/811/811 812/812/812
f 813/813/813 814/814/814 815/815/815
f 813/813/813 815/815/815 816/816/816
f 817/817/817 818/818/818 819/819/819
f 817/817/817 819/819/819 820/820/820
f 821/821/821 822/822/822 823/823/823
f 821/821/821 823/823/823 824/824/824
f 825/825/825 826/826/826 827/827/827
f 825/825/825 827/827/827 828/828/828
f 829/829/829 830/830/830 831/831/831
f 829/829/829 831/831/831 832/832/832
f 833/833/833 834/834/834 835/835/835
f 833/833/833 835/835/835 836/836/836
f 837/837/837 838/838/838 839/839/839
f 837/837/837 839/839/839 840/840/840
f 841/841/841 842/842/842 843/843/843
f 841/841/841 843/843/843 844/844/844
f 845/845/845 846/846/846 847/847/847
f 845/845/845 847/847/847 848/848/848
f 849/849/849 850/850/850 851/851/851
f 849/849/849 851/851/851 852/852/852
f 853/853/853 854/854/854 855/855/855
f 853/853/853 855/855/855 856/856/856
f 857/857/857 858/858/858 859/859/859
f 857/857/857 859/859/859 860/860/860
f 861/861/861 862/862/862 863/863/863
f 861/861/861 863/863/863 864/864/864
f 865/865/865 866/866/866 867/867/867
f 865/865/865 867/867/867 868/868/868
f 869/869/869 870/870/870 871/871/871
f 869/869/869 871/871/871 872/872/872
f 873/873/873 874/874/874 875/875/875
f 873/873/873 875/875/875 876/876/876
f 877/877/877 878/878/878 879/879/879
f 877/877/877 879/879/879 880/880/880
f 881/881/881 882/882/882 883/883/883
f 881/881/881 883/883/883 884/884/884
f 885/885/885 886/886/886 887/887/887
f 885/885/885 887/887/887 888/888/888
f 889/889/889 890/890/890 891/891/891
f 889/889/889 891/891/891 892/892/892
f 893/893/893 894/894/894 895/895/895
f 893/893/893 895/895/895 896/896/896
f 897/897/897 898/898/898 899/899/899
f 897/897/897 899/899/899 900/900/900
f 901/901/901 902/902/902 903/903/903
f 901/901/901 903/903/903 904/904/904
f 905/905/905 906/906/906 907/907/907
f 905/905/905 907/907/907 908/908/908
f 909/909/909 910/910/910 911/911/911
f 909/909/909 911/911/911 912/912/912
f 913/913/913 914/914/914 915/915/915
f 913/913/913 915/915/915 916/916/916
f 917/917/917 918/918/918 919/919/919
f 917/917/917 919/919/919 920/920/920
f 921/921/921 922/922/922 923/923/923
f 921/921/921 923/923/923 924/924/924
f 925/925/925 926/926/926 927/927/927
f 925/925/925 927/927/927 928/928/928
f 929/929/929 930/930/930 931/931/931
f 929/929/929 931/931/931 932/932/932
f 933/933/933 934/934/934 935/935/935
f 933/933/933 935/935/935 936/936/936
f 937/937/937 938/938/938 939/939/939
f 937/937/937 939/939/939 940/940/940
f 941/941/941 942/942/942 943/943/943
f 941/941/941 943/943/943 944/944/944
f 945/945/945 946/946/946 947/947/947
f 945/945/945 947/947/947 948/948/948
f 949/949/949 950/950/950 951/951/951
f 949/949/949 951/951/951 952/952/952
f 953/953/953 954/954/954 955/955/955
f 953/953/953 955/955/955 956/956/956
f 957/957/957 958/958/958 959/959/959
f 957/957/957 959/959/959 960/960/960
f 961/961/961 962/962/962 963/963/963
f 961/961/961 963/963/963 964/964/964
f 965/965/965 966/966/966 967/967/967
f 965/965/965 967/967/967 968/968/968
f 969/969/969 970/970/970 971/971/971
f 969/969/969 971/971/971 972/972/972
f 973/973/973 974/974/974 975/975/975
f 973/973/973 975/975/975 976/976/976
f 977/977/977 978/978/978 979/979/979
f 977/977/977 979/979/979 980/980/980
f 981/981/981 982/982/982 983/983/983
f 981/981/981 983/983/983 984/984/984
f 985/985/985 986/986/986 987/987/987
f 985/985/985 987/987/987 988/988/988
f 989/989/989 990/990/990 991/991/991
f 989/989/989 991/991/991 992/992/992
f 993/993/993 994/994/994 995/995/995
f 993/993/993 995/995/995 996/996/996
f 997/997/997 998/998/998 999/999/999
f 997/997/997 999/999/999 1000/1000/1000
f 1001/1001/1001 1002/1002/1002 1003/1003/1003
f 1001/1001/1001 1003/1003/1003 1004/1004/1004
f 1005/1005/1005 1006/1006/1006 1007/1007/1007
f 1005/1005/1005 1007/1007/1007 1008/1008/1008
f 1009/1009/1009 1006/1006/1006 1005/1005/1005
f 1008/1008/1008 1007/1007/1007 1010/1010/1010
f 1009/1009/1009 1011/1011/1011 1006/1006/1006
f 1008/1008/1008 1010/1010/1010 1012/1012/1012
f 1013/1013/1013 1011/1011/1011 1009/1009/1009
f 1012/1012/1012 1010/1010/1010 1014/1014/1014
f 1013/1013/1013 1015/1015/1015 1011/1011/1011
f 1012/1012/1012 1014/1014/1014 1016/1016/1016
f 1017/1017/1017 1015/1015/1015 1013/1013/1013
f 1016/1016/1016 1014/1014/1014 1018/1018/1018
f 1017/1017/1017 1019/1019/1019 1015/1015/1015
f 1016/1016/1016 1018/1018/1018 1020/1020/1020
f 1020/1020/1020 1019/1019/1019 1017/1017/1017
f 1020/1020/1020 1018/1018/1018 1019/1019/1019
