# Unturned item rip -> Godot (X+Z negated, winding reversed, RH Y-up)
v -0.174229 0.170678 -0.496027
v -0.116153 0.170678 -0.496027
v -0.116153 0.232361 -0.448731
v -0.348458 0.212943 -0.448731
v -0.348458 0.170678 -0.496029
v -0.268040 0.313773 0.084390
v -0.250047 0.281164 0.083456
v -0.268040 0.249706 0.092095
v -0.304026 0.250858 0.101668
v -0.304026 0.314925 0.093964
v -0.322019 0.283467 0.102603
v -0.289885 0.304039 0.003446
v -0.271892 0.271430 0.002512
v -0.289885 0.239972 0.011151
v -0.325871 0.305191 0.013020
v -0.325871 0.241124 0.020724
v -0.343864 0.273733 0.021659
v -0.185990 0.382705 0.284413
v -0.172937 0.394102 0.314848
v -0.267187 0.397117 0.339921
v -0.271672 0.385446 0.307207
v -0.172937 0.394102 0.314848
v -0.125813 0.308697 0.312401
v -0.172938 0.226307 0.335027
v -0.267187 0.397117 0.339921
v -0.267187 0.229322 0.360100
v -0.314312 0.314728 0.362547
v -0.314513 0.310546 0.327776
v -0.314312 0.314728 0.362547
v -0.267187 0.229322 0.360100
v -0.271672 0.232905 0.325552
v -0.271672 0.232905 0.325552
v -0.267187 0.229322 0.360100
v -0.172938 0.226307 0.335027
v -0.185990 0.230164 0.302757
v -0.143149 0.305064 0.282188
v -0.125813 0.308697 0.312401
v -0.172937 0.394102 0.314848
v -0.185990 0.382705 0.284413
v -0.271672 0.385446 0.307207
v -0.267187 0.397117 0.339921
v -0.314312 0.314728 0.362547
v -0.314513 0.310546 0.327776
v -0.185990 0.230164 0.302757
v -0.172938 0.226307 0.335027
v -0.125813 0.308697 0.312401
v -0.143149 0.305064 0.282188
v -0.250047 0.281164 0.083456
v -0.271892 0.271430 0.002512
v -0.289885 0.239972 0.011151
v -0.268040 0.249706 0.092095
v -0.304026 0.314925 0.093964
v -0.325871 0.305191 0.013020
v -0.289885 0.304039 0.003446
v -0.268040 0.313773 0.084390
v -0.304026 0.250858 0.101668
v -0.325871 0.241124 0.020724
v -0.343864 0.273733 0.021659
v -0.322019 0.283467 0.102603
v -0.268040 0.249706 0.092095
v -0.289885 0.239972 0.011151
v -0.325871 0.241124 0.020724
v -0.304026 0.250858 0.101668
v -0.268040 0.313773 0.084390
v -0.289885 0.304039 0.003446
v -0.271892 0.271430 0.002512
v -0.250047 0.281164 0.083456
v -0.322019 0.283467 0.102603
v -0.343864 0.273733 0.021659
v -0.325871 0.305191 0.013020
v -0.304026 0.314925 0.093964
v -0.346440 0.267836 0.280029
v -0.295920 0.249394 0.338280
v -0.325971 0.230740 0.278966
v -0.313199 0.280710 0.339177
v -0.294501 0.247175 0.371728
v -0.313507 0.281622 0.372715
v -0.346440 0.267836 0.280029
v -0.325971 0.230740 0.278966
v -0.319528 0.254325 0.098075
v -0.327445 0.268673 0.098486
v -0.366018 0.249524 0.023989
v -0.358101 0.235176 0.023577
v -0.162221 0.225501 0.235403
v -0.140408 0.275182 0.293209
v -0.141752 0.261288 0.225576
v -0.157687 0.244972 0.301505
v -0.123438 0.275541 0.322150
v -0.142445 0.242311 0.331276
v -0.162221 0.225501 0.235403
v -0.141752 0.261288 0.225576
v -0.248275 0.266140 0.077424
v -0.256192 0.252299 0.081225
v -0.260912 0.232066 -0.002278
v -0.252995 0.245908 -0.006079
v -0.313199 0.280710 0.339177
v -0.346440 0.267836 0.280029
v -0.293092 0.297775 0.262452
v -0.259159 0.311038 0.321372
v -0.313507 0.281622 0.372715
v -0.256731 0.313483 0.354150
v -0.211516 0.278752 0.312397
v -0.198929 0.277795 0.342842
v -0.142445 0.242311 0.331276
v -0.157687 0.244972 0.301505
v -0.162221 0.225501 0.235403
v -0.215359 0.258848 0.246155
v -0.325971 0.230740 0.278966
v -0.241879 0.279723 0.320475
v -0.272624 0.260679 0.261389
v -0.295920 0.249394 0.338280
v -0.237724 0.279036 0.353162
v -0.294501 0.247175 0.371728
v -0.346440 0.267836 0.280029
v -0.297594 0.285382 0.090192
v -0.293092 0.297775 0.262452
v -0.327445 0.268673 0.098486
v -0.313744 0.278185 0.030349
v -0.366018 0.249524 0.023989
v -0.319528 0.254325 0.098075
v -0.325971 0.230740 0.278966
v -0.272624 0.260679 0.261389
v -0.289677 0.271034 0.089780
v -0.358101 0.235176 0.023577
v -0.305827 0.263837 0.029938
v -0.279943 0.323533 0.079069
v -0.301589 0.333977 -0.003556
v -0.295653 0.281624 0.025053
v -0.279503 0.288821 0.084896
v -0.223523 0.346525 0.237814
v -0.223627 0.409671 0.229828
v -0.209419 0.336475 0.304889
v -0.209525 0.400443 0.296799
v -0.199466 0.413328 0.326099
v -0.199319 0.346179 0.334723
v -0.209525 0.400443 0.296799
v -0.199466 0.413328 0.326099
v -0.237480 0.414544 0.336212
v -0.244083 0.401548 0.305992
v -0.223627 0.409671 0.229828
v -0.264565 0.410981 0.240719
v -0.295777 0.324039 0.083281
v -0.279943 0.323533 0.079069
v -0.301589 0.333977 -0.003556
v -0.317423 0.334484 0.000657
v -0.141752 0.261288 0.225576
v -0.194890 0.294634 0.236327
v -0.277246 0.284731 0.084778
v -0.248275 0.266140 0.077424
v -0.252995 0.245908 -0.006079
v -0.293397 0.277534 0.024936
v -0.140408 0.275182 0.293209
v -0.194890 0.294634 0.236327
v -0.141752 0.261288 0.225576
v -0.194237 0.308961 0.304101
v -0.179922 0.311025 0.333716
v -0.123438 0.275541 0.322150
v -0.256192 0.252299 0.081225
v -0.215359 0.258848 0.246155
v -0.162221 0.225501 0.235403
v -0.285163 0.270889 0.088580
v -0.301314 0.263693 0.028737
v -0.260912 0.232066 -0.002278
v -0.294501 0.247175 0.371728
v -0.313507 0.281622 0.372715
v -0.256731 0.313483 0.354150
v -0.237724 0.279036 0.353162
v -0.142445 0.242311 0.331276
v -0.198929 0.277795 0.342842
v -0.179922 0.311025 0.333716
v -0.123438 0.275541 0.322150
v -0.199466 0.413328 0.326099
v -0.199319 0.346179 0.334723
v -0.237334 0.347396 0.344836
v -0.237480 0.414544 0.336212
v -0.243977 0.337581 0.314083
v -0.237334 0.347396 0.344836
v -0.199319 0.346179 0.334723
v -0.209419 0.336475 0.304889
v -0.194237 0.308961 0.304101
v -0.179922 0.311025 0.333716
v -0.198929 0.277795 0.342842
v -0.211516 0.278752 0.312397
v -0.241879 0.279723 0.320475
v -0.237724 0.279036 0.353162
v -0.256731 0.313483 0.354150
v -0.259159 0.311038 0.321372
v -0.244083 0.401548 0.305992
v -0.237480 0.414544 0.336212
v -0.237334 0.347396 0.344836
v -0.243977 0.337581 0.314083
v -0.264460 0.347835 0.248705
v -0.264565 0.410981 0.240719
v -0.295337 0.289328 0.089108
v -0.295777 0.324039 0.083281
v -0.317423 0.334484 0.000657
v -0.311487 0.282131 0.029265
v -0.366018 0.249524 0.023989
v -0.358101 0.235176 0.023577
v -0.305827 0.263837 0.029938
v -0.313744 0.278185 0.030349
v -0.252995 0.245908 -0.006079
v -0.293397 0.277534 0.024936
v -0.301314 0.263693 0.028737
v -0.260912 0.232066 -0.002278
v -0.317423 0.334484 0.000657
v -0.311487 0.282131 0.029265
v -0.295653 0.281624 0.025053
v -0.301589 0.333977 -0.003556
v -0.398852 0.215739 0.179437
v -0.386625 -0.195530 0.119440
v -0.386625 0.209337 0.119440
v -0.398852 -0.201932 0.179437
v -0.386625 0.209337 0.239433
v -0.386625 -0.195530 0.239433
v 0.128875 0.219337 0.139440
v 0.386625 -0.195530 0.119440
v 0.386625 0.209337 0.119440
v 0.128875 -0.205530 0.139440
v -0.128875 0.219337 0.139440
v -0.128875 -0.205530 0.139440
v -0.386625 0.209337 0.119440
v -0.128875 -0.205530 0.139440
v -0.386625 -0.195530 0.119440
v 0.304026 0.314925 0.093964
v 0.322019 0.283467 0.102603
v 0.304026 0.250858 0.101668
v 0.268040 0.313773 0.084390
v 0.268040 0.249706 0.092095
v 0.250047 0.281164 0.083456
v 0.325871 0.305191 0.013020
v 0.343864 0.273733 0.021659
v 0.325871 0.241124 0.020724
v 0.289885 0.304039 0.003446
v 0.289885 0.239972 0.011151
v 0.271892 0.271430 0.002512
v 0.185990 0.382705 0.284413
v 0.271672 0.385446 0.307207
v 0.267187 0.397117 0.339921
v 0.172937 0.394102 0.314848
v 0.267187 0.397117 0.339921
v 0.314312 0.314728 0.362547
v 0.267187 0.229322 0.360100
v 0.172937 0.394102 0.314848
v 0.172938 0.226307 0.335027
v 0.125813 0.308697 0.312401
v 0.314513 0.310546 0.327776
v 0.271672 0.232905 0.325552
v 0.267187 0.229322 0.360100
v 0.314312 0.314728 0.362547
v 0.271672 0.232905 0.325552
v 0.185990 0.230164 0.302757
v 0.172938 0.226307 0.335027
v 0.267187 0.229322 0.360100
v 0.143149 0.305064 0.282188
v 0.185990 0.382705 0.284413
v 0.172937 0.394102 0.314848
v 0.125813 0.308697 0.312401
v 0.271672 0.385446 0.307207
v 0.314513 0.310546 0.327776
v 0.314312 0.314728 0.362547
v 0.267187 0.397117 0.339921
v 0.185990 0.230164 0.302757
v 0.143149 0.305064 0.282188
v 0.125813 0.308697 0.312401
v 0.172938 0.226307 0.335027
v 0.250047 0.281164 0.083456
v 0.268040 0.249706 0.092095
v 0.289885 0.239972 0.011151
v 0.271892 0.271430 0.002512
v 0.304026 0.314925 0.093964
v 0.268040 0.313773 0.084390
v 0.289885 0.304039 0.003446
v 0.325871 0.305191 0.013020
v 0.304026 0.250858 0.101668
v 0.322019 0.283467 0.102603
v 0.343864 0.273733 0.021659
v 0.325871 0.241124 0.020724
v 0.268040 0.249706 0.092095
v 0.304026 0.250858 0.101668
v 0.325871 0.241124 0.020724
v 0.289885 0.239972 0.011151
v 0.268040 0.313773 0.084390
v 0.250047 0.281164 0.083456
v 0.271892 0.271430 0.002512
v 0.289885 0.304039 0.003446
v 0.322019 0.283467 0.102603
v 0.304026 0.314925 0.093964
v 0.325871 0.305191 0.013020
v 0.343864 0.273733 0.021659
v -0.185990 0.230164 0.302757
v -0.143149 0.305064 0.282188
v -0.185990 0.382705 0.284413
v -0.271672 0.385446 0.307207
v -0.271672 0.232905 0.325552
v -0.314513 0.310546 0.327776
v 0.346440 0.267836 0.280029
v 0.325971 0.230740 0.278966
v 0.295920 0.249394 0.338280
v 0.313199 0.280710 0.339177
v 0.294501 0.247175 0.371728
v 0.313507 0.281622 0.372715
v 0.346440 0.267836 0.280029
v 0.319528 0.254325 0.098075
v 0.325971 0.230740 0.278966
v 0.327445 0.268673 0.098486
v 0.366018 0.249524 0.023989
v 0.358101 0.235176 0.023577
v 0.162221 0.225501 0.235403
v 0.141752 0.261288 0.225576
v 0.140408 0.275182 0.293209
v 0.157687 0.244972 0.301505
v 0.123438 0.275541 0.322150
v 0.142445 0.242311 0.331276
v 0.162221 0.225501 0.235403
v 0.248275 0.266140 0.077424
v 0.141752 0.261288 0.225576
v 0.256192 0.252299 0.081225
v 0.260912 0.232066 -0.002278
v 0.252995 0.245908 -0.006079
v 0.313199 0.280710 0.339177
v 0.293092 0.297775 0.262452
v 0.346440 0.267836 0.280029
v 0.259159 0.311038 0.321372
v 0.313507 0.281622 0.372715
v 0.256731 0.313483 0.354150
v 0.211516 0.278752 0.312397
v 0.142445 0.242311 0.331276
v 0.198929 0.277795 0.342842
v 0.157687 0.244972 0.301505
v 0.162221 0.225501 0.235403
v 0.215359 0.258848 0.246155
v 0.325971 0.230740 0.278966
v 0.272624 0.260679 0.261389
v 0.241879 0.279723 0.320475
v 0.295920 0.249394 0.338280
v 0.237724 0.279036 0.353162
v 0.294501 0.247175 0.371728
v 0.346440 0.267836 0.280029
v 0.293092 0.297775 0.262452
v 0.297594 0.285382 0.090192
v 0.327445 0.268673 0.098486
v 0.313744 0.278185 0.030349
v 0.366018 0.249524 0.023989
v 0.319528 0.254325 0.098075
v 0.272624 0.260679 0.261389
v 0.325971 0.230740 0.278966
v 0.289677 0.271034 0.089780
v 0.358101 0.235176 0.023577
v 0.305827 0.263837 0.029938
v 0.279943 0.323533 0.079069
v 0.295653 0.281624 0.025053
v 0.301589 0.333977 -0.003556
v 0.279503 0.288821 0.084896
v 0.223523 0.346525 0.237814
v 0.223627 0.409671 0.229828
v 0.209419 0.336475 0.304889
v 0.209525 0.400443 0.296799
v 0.199466 0.413328 0.326099
v 0.199319 0.346179 0.334723
v 0.209525 0.400443 0.296799
v 0.237480 0.414544 0.336212
v 0.199466 0.413328 0.326099
v 0.244083 0.401548 0.305992
v 0.223627 0.409671 0.229828
v 0.264565 0.410981 0.240719
v 0.295777 0.324039 0.083281
v 0.279943 0.323533 0.079069
v 0.301589 0.333977 -0.003556
v 0.317423 0.334484 0.000657
v 0.141752 0.261288 0.225576
v 0.277246 0.284731 0.084778
v 0.194890 0.294634 0.236327
v 0.248275 0.266140 0.077424
v 0.252995 0.245908 -0.006079
v 0.293397 0.277534 0.024936
v 0.140408 0.275182 0.293209
v 0.141752 0.261288 0.225576
v 0.194890 0.294634 0.236327
v 0.194237 0.308961 0.304101
v 0.179922 0.311025 0.333716
v 0.123438 0.275541 0.322150
v 0.256192 0.252299 0.081225
v 0.162221 0.225501 0.235403
v 0.215359 0.258848 0.246155
v 0.285163 0.270889 0.088580
v 0.301314 0.263693 0.028737
v 0.260912 0.232066 -0.002278
v 0.294501 0.247175 0.371728
v 0.237724 0.279036 0.353162
v 0.256731 0.313483 0.354150
v 0.313507 0.281622 0.372715
v 0.142445 0.242311 0.331276
v 0.123438 0.275541 0.322150
v 0.179922 0.311025 0.333716
v 0.198929 0.277795 0.342842
v 0.199466 0.413328 0.326099
v 0.237480 0.414544 0.336212
v 0.237334 0.347396 0.344836
v 0.199319 0.346179 0.334723
v 0.243977 0.337581 0.314083
v 0.209419 0.336475 0.304889
v 0.199319 0.346179 0.334723
v 0.237334 0.347396 0.344836
v 0.194237 0.308961 0.304101
v 0.211516 0.278752 0.312397
v 0.198929 0.277795 0.342842
v 0.179922 0.311025 0.333716
v 0.241879 0.279723 0.320475
v 0.259159 0.311038 0.321372
v 0.256731 0.313483 0.354150
v 0.237724 0.279036 0.353162
v 0.244083 0.401548 0.305992
v 0.237334 0.347396 0.344836
v 0.237480 0.414544 0.336212
v 0.243977 0.337581 0.314083
v 0.264460 0.347835 0.248705
v 0.264565 0.410981 0.240719
v 0.295337 0.289328 0.089108
v 0.295777 0.324039 0.083281
v 0.317423 0.334484 0.000657
v 0.311487 0.282131 0.029265
v 0.366018 0.249524 0.023989
v 0.313744 0.278185 0.030349
v 0.305827 0.263837 0.029938
v 0.358101 0.235176 0.023577
v 0.252995 0.245908 -0.006079
v 0.260912 0.232066 -0.002278
v 0.301314 0.263693 0.028737
v 0.293397 0.277534 0.024936
v 0.317423 0.334484 0.000657
v 0.301589 0.333977 -0.003556
v 0.295653 0.281624 0.025053
v 0.311487 0.282131 0.029265
v 0.398852 0.215739 0.179437
v 0.386625 0.209337 0.119440
v 0.386625 -0.195530 0.119440
v 0.398852 -0.201932 0.179437
v 0.386625 0.209337 0.239433
v 0.386625 -0.195530 0.239433
v -0.128875 -0.205530 0.259433
v -0.386625 -0.195530 0.239433
v -0.386625 0.209337 0.239433
v -0.128875 0.219337 0.259433
v 0.128875 -0.205530 0.259433
v 0.128875 0.219337 0.259433
v 0.386625 -0.195530 0.239433
v 0.386625 0.209337 0.239433
v 0.096228 0.235635 0.272191
v 0.096228 0.178796 0.272191
v -0.096228 0.178796 0.272191
v -0.096228 0.235635 0.272191
v 0.060624 0.235635 0.240755
v 0.060624 0.183988 0.240755
v 0.060624 0.183988 0.158427
v 0.060624 0.235635 0.158427
v 0.096228 0.235635 0.126991
v 0.096228 0.178796 0.126991
v 0.096228 0.178796 0.272191
v 0.096228 0.235635 0.272191
v -0.096228 0.235635 0.272191
v -0.096228 0.178796 0.272191
v -0.096228 0.178796 0.126991
v -0.096228 0.235635 0.126991
v -0.096228 0.235635 0.126991
v -0.096228 0.178796 0.126991
v 0.096228 0.178796 0.126991
v 0.096228 0.235635 0.126991
v -0.060624 0.235635 0.158427
v -0.060624 0.183988 0.158427
v -0.060624 0.183988 0.240755
v -0.060624 0.235635 0.240755
v 0.060624 0.235635 0.158427
v 0.060624 0.183988 0.158427
v -0.060624 0.183988 0.158427
v -0.060624 0.235635 0.158427
v -0.060624 0.235635 0.240755
v -0.060624 0.183988 0.240755
v 0.060624 0.183988 0.240755
v 0.060624 0.235635 0.240755
v -0.078416 0.244743 0.218801
v -0.078416 0.244743 0.180381
v 0.038416 0.244743 0.180381
v 0.038416 0.244743 0.218801
v 0.038416 0.244743 0.218801
v 0.038416 0.244743 0.180381
v 0.038416 0.178796 0.180381
v 0.038416 0.178796 0.218801
v -0.078416 0.244743 0.180381
v -0.078416 0.244743 0.218801
v -0.078416 0.178796 0.218801
v -0.078416 0.178796 0.180381
v 0.038416 0.244743 0.180381
v -0.078416 0.244743 0.180381
v -0.078416 0.178796 0.180381
v 0.038416 0.178796 0.180381
v -0.078416 0.244743 0.218801
v 0.038416 0.244743 0.218801
v 0.038416 0.178796 0.218801
v -0.078416 0.178796 0.218801
v -0.348458 0.175628 -0.184935
v -0.404008 0.271456 -0.169870
v -0.348458 0.227793 -0.184935
v -0.404008 0.208859 -0.169870
v -0.454008 0.271456 -0.169870
v -0.454008 0.208859 -0.169870
v -0.323021 -0.161739 0.297645
v -0.307639 -0.146889 0.208639
v 0.000000 -0.162617 0.238795
v 0.000000 -0.177467 0.327801
v 0.307639 -0.146889 0.208639
v 0.323021 -0.161739 0.297645
v 0.323021 0.207950 0.297645
v 0.000000 0.208828 0.238795
v 0.307639 0.193100 0.208639
v 0.000000 0.223678 0.327801
v -0.307639 0.193100 0.208639
v -0.323021 0.207950 0.297645
v 0.000000 -0.244482 0.416807
v 0.338403 -0.228754 0.386652
v 0.323021 -0.194104 0.297645
v 0.000000 -0.209832 0.327801
v -0.338403 -0.228754 0.386652
v -0.323021 -0.194104 0.297645
v -0.323021 -0.161739 0.297645
v -0.323021 -0.194104 0.297645
v -0.307639 -0.179254 0.208639
v -0.307639 -0.146889 0.208639
v -0.338403 0.242600 0.386652
v -0.338403 0.210235 0.386652
v -0.323021 0.175585 0.297645
v -0.323021 0.207950 0.297645
v 0.000000 -0.209832 0.327801
v 0.323021 -0.194104 0.297645
v 0.307639 -0.179254 0.208639
v 0.000000 -0.194982 0.238795
v -0.323021 -0.194104 0.297645
v -0.307639 -0.179254 0.208639
v 0.337458 0.173153 -0.376840
v 0.404008 0.202919 -0.466425
v 0.348458 0.170678 -0.448731
v 0.390808 0.205889 -0.376840
v 0.348458 0.175628 -0.184935
v 0.454008 0.202919 -0.466425
v 0.404008 0.208859 -0.169870
v 0.440808 0.205889 -0.376840
v 0.454008 0.208859 -0.169870
v 0.337458 -0.197708 -0.381183
v 0.404008 -0.236174 -0.466425
v 0.348458 -0.195233 -0.448731
v 0.390808 -0.239144 -0.372498
v 0.348458 -0.200183 -0.184935
v 0.454008 -0.236174 -0.466425
v 0.404008 -0.242114 -0.169870
v 0.440808 -0.239144 -0.372498
v 0.454008 -0.242114 -0.169870
v -0.348458 -0.195233 -0.448731
v -0.116153 -0.227274 -0.381183
v -0.116153 -0.195233 -0.448731
v -0.337458 -0.197708 -0.381183
v -0.116153 -0.229997 -0.184935
v -0.348458 -0.200183 -0.184935
v -0.303663 -0.187030 0.175772
v -0.101221 -0.184881 0.175772
v 0.348458 -0.152968 -0.496029
v 0.348458 -0.195233 -0.448731
v 0.404008 -0.236174 -0.466425
v 0.404008 -0.185457 -0.523183
v 0.454008 -0.236174 -0.466425
v 0.454008 -0.185457 -0.523183
v 0.323021 0.175585 0.297645
v 0.323021 0.207950 0.297645
v 0.307639 0.193100 0.208639
v 0.307639 0.160735 0.208639
v 0.323021 -0.194104 0.297645
v 0.323021 -0.161739 0.297645
v 0.307639 -0.146889 0.208639
v 0.307639 -0.179254 0.208639
v -0.116153 -0.155443 -0.381183
v -0.348458 -0.152968 -0.448731
v -0.116153 -0.152968 -0.448731
v -0.337458 -0.155443 -0.381183
v -0.116153 -0.157918 -0.184935
v -0.348458 -0.157918 -0.184935
v -0.303663 -0.154665 0.175772
v -0.101221 -0.133098 0.175772
v -0.116153 0.173153 -0.376837
v -0.116153 0.170678 -0.448731
v -0.348458 0.170678 -0.448731
v -0.337458 0.173153 -0.376840
v -0.104537 0.175628 -0.184935
v -0.348458 0.175628 -0.184935
v -0.303663 0.166217 0.175772
v -0.060733 0.145053 0.175772
v 0.116153 0.170678 -0.448731
v 0.348458 0.170678 -0.448731
v 0.348458 -0.152968 -0.448731
v 0.116153 -0.152968 -0.448731
v 0.303663 -0.187030 0.175772
v 0.303663 -0.154665 0.175772
v 0.348458 -0.157918 -0.184935
v 0.348458 -0.200183 -0.184935
v 0.348458 -0.195233 -0.448731
v 0.116153 -0.195233 -0.448731
v 0.116153 -0.227274 -0.381183
v 0.337458 -0.197708 -0.381183
v 0.116153 -0.229997 -0.184935
v 0.348458 -0.200183 -0.184935
v 0.303663 -0.187030 0.175772
v 0.101221 -0.184881 0.175772
v -0.101221 -0.184881 0.175772
v 0.101221 -0.184881 0.175772
v 0.116153 -0.229997 -0.184935
v -0.116153 -0.229997 -0.184935
v 0.116153 -0.227274 -0.381183
v -0.116153 -0.227274 -0.381183
v 0.116153 -0.195233 -0.448731
v -0.116153 -0.195233 -0.448731
v 0.000000 0.225963 0.416807
v 0.338403 0.242600 0.386652
v 0.338403 0.210235 0.386652
v 0.000000 0.258328 0.416807
v -0.338403 0.210235 0.386652
v -0.338403 0.242600 0.386652
v 0.000000 -0.244482 0.416807
v 0.338403 -0.196389 0.386652
v 0.338403 -0.228754 0.386652
v 0.000000 -0.212117 0.416807
v -0.338403 -0.228754 0.386652
v -0.338403 -0.196389 0.386652
v 0.338403 -0.228754 0.386652
v 0.338403 -0.196389 0.386652
v 0.323021 -0.161739 0.297645
v 0.323021 -0.194104 0.297645
v 0.000000 -0.212117 0.416807
v 0.323021 -0.161739 0.297645
v 0.338403 -0.196389 0.386652
v 0.000000 -0.177467 0.327801
v -0.338403 -0.196389 0.386652
v -0.323021 -0.161739 0.297645
v -0.338403 0.210235 0.386652
v 0.000000 0.191313 0.327801
v -0.323021 0.175585 0.297645
v 0.000000 0.225963 0.416807
v 0.323021 0.175585 0.297645
v 0.338403 0.210235 0.386652
v -0.323021 0.207950 0.297645
v -0.323021 0.175585 0.297645
v -0.307639 0.160735 0.208639
v -0.307639 0.193100 0.208639
v -0.338403 -0.196389 0.386652
v -0.338403 -0.228754 0.386652
v -0.323021 -0.194104 0.297645
v -0.323021 -0.161739 0.297645
v 0.000000 0.191313 0.327801
v 0.323021 0.175585 0.297645
v 0.307639 0.160735 0.208639
v 0.000000 0.176463 0.238795
v -0.323021 0.175585 0.297645
v -0.307639 0.160735 0.208639
v 0.338403 0.210235 0.386652
v 0.338403 0.242600 0.386652
v 0.323021 0.207950 0.297645
v 0.323021 0.175585 0.297645
v 0.000000 0.258328 0.416807
v -0.338403 0.242600 0.386652
v -0.323021 0.207950 0.297645
v 0.000000 0.223678 0.327801
v 0.338403 0.242600 0.386652
v 0.323021 0.207950 0.297645
v -0.348458 -0.200183 -0.184935
v -0.404008 -0.191397 -0.169870
v -0.348458 -0.157918 -0.184935
v -0.404008 -0.242114 -0.169870
v -0.454008 -0.191397 -0.169870
v -0.454008 -0.242114 -0.169870
v -0.303663 -0.154665 0.175772
v -0.303663 -0.187030 0.175772
v -0.348458 -0.200183 -0.184935
v -0.348458 -0.157918 -0.184935
v 0.337458 0.215418 -0.376840
v 0.404008 0.271456 -0.169870
v 0.348458 0.227793 -0.184935
v 0.390808 0.256606 -0.376840
v 0.454008 0.271456 -0.169870
v 0.348458 0.212943 -0.448731
v 0.440808 0.256606 -0.376840
v 0.404008 0.253636 -0.466425
v 0.348458 0.170678 -0.496029
v 0.454008 0.253636 -0.466425
v 0.404008 0.202919 -0.523183
v 0.348458 -0.152968 -0.496029
v 0.454008 0.202919 -0.523183
v 0.404008 -0.185457 -0.523183
v 0.454008 -0.185457 -0.523183
v 0.303663 -0.154665 0.175772
v 0.101221 -0.133098 0.175772
v 0.116153 -0.157918 -0.184935
v 0.348458 -0.157918 -0.184935
v 0.116153 -0.155443 -0.381183
v 0.337458 -0.155443 -0.381183
v 0.116153 -0.152968 -0.448731
v 0.348458 -0.152968 -0.448731
v 0.101221 -0.133098 0.175772
v -0.101221 -0.133098 0.175772
v -0.116153 -0.157918 -0.184935
v 0.116153 -0.157918 -0.184935
v -0.116153 -0.155443 -0.381183
v 0.116153 -0.155443 -0.381183
v -0.116153 -0.152968 -0.448731
v 0.116153 -0.152968 -0.448731
v -0.116153 -0.152968 -0.496027
v 0.116153 -0.152968 -0.496027
v 0.116153 -0.195233 -0.448731
v 0.116153 -0.152968 -0.496027
v -0.116153 -0.152968 -0.496027
v -0.116153 -0.195233 -0.448731
v 0.303663 0.166217 0.175772
v 0.303663 0.198582 0.175772
v 0.348458 0.227793 -0.184935
v 0.348458 0.175628 -0.184935
v -0.348458 0.170678 -0.448731
v -0.116153 0.170678 -0.448731
v -0.116153 -0.152968 -0.448731
v -0.348458 -0.152968 -0.448731
v 0.337458 0.173153 -0.376840
v 0.348458 0.170678 -0.448731
v 0.116153 0.170678 -0.448731
v 0.116153 0.173153 -0.376837
v 0.348458 0.175628 -0.184935
v 0.104537 0.175628 -0.184935
v 0.303663 0.166217 0.175772
v 0.060733 0.145053 0.175772
v -0.348458 -0.152968 -0.496029
v -0.404008 -0.236174 -0.466425
v -0.348458 -0.195233 -0.448731
v -0.404008 -0.185457 -0.523183
v -0.454008 -0.236174 -0.466425
v -0.454008 -0.185457 -0.523183
v -0.116153 0.232361 -0.448731
v -0.116153 0.173153 -0.376837
v -0.116153 0.244984 -0.376837
v -0.116153 0.170678 -0.448731
v -0.116153 0.170678 -0.496027
v 0.116153 0.170678 -0.496027
v 0.116153 0.170678 -0.448731
v 0.116153 -0.152968 -0.448731
v 0.116153 -0.152968 -0.496027
v 0.174229 0.170678 -0.496027
v 0.348458 0.170678 -0.496029
v 0.348458 0.212943 -0.448731
v 0.116153 0.232361 -0.448731
v 0.116153 0.170678 -0.496027
v 0.116153 0.244984 -0.376837
v 0.337458 0.215418 -0.376840
v 0.104537 0.257606 -0.184935
v 0.348458 0.227793 -0.184935
v 0.303663 0.198582 0.175772
v 0.060733 0.196837 0.175772
v 0.404008 -0.185457 -0.466425
v 0.454008 -0.185457 -0.466425
v 0.440808 -0.188427 -0.372498
v 0.390808 -0.188427 -0.372498
v 0.348458 -0.152968 -0.448731
v 0.454008 -0.191397 -0.169870
v 0.337458 -0.155443 -0.381183
v 0.404008 -0.191397 -0.169870
v 0.348458 -0.157918 -0.184935
v 0.348458 -0.157918 -0.184935
v 0.404008 -0.242114 -0.169870
v 0.348458 -0.200183 -0.184935
v 0.404008 -0.191397 -0.169870
v 0.454008 -0.242114 -0.169870
v 0.454008 -0.191397 -0.169870
v 0.348458 0.170678 -0.448731
v 0.404008 -0.185457 -0.466425
v 0.348458 -0.152968 -0.448731
v 0.404008 0.202919 -0.466425
v 0.454008 -0.185457 -0.466425
v 0.454008 0.202919 -0.466425
v 0.348458 0.227793 -0.184935
v 0.404008 0.208859 -0.169870
v 0.348458 0.175628 -0.184935
v 0.404008 0.271456 -0.169870
v 0.454008 0.208859 -0.169870
v 0.454008 0.271456 -0.169870
v -0.116153 0.232361 -0.448731
v -0.348458 0.212943 -0.448731
v -0.174229 0.170678 -0.496027
v -0.116153 0.244984 -0.376837
v -0.337458 0.215418 -0.376840
v -0.104537 0.257606 -0.184935
v -0.348458 0.227793 -0.184935
v -0.303663 0.198582 0.175772
v -0.060733 0.196837 0.175772
v -0.404008 -0.236174 -0.466425
v -0.454008 -0.236174 -0.466425
v -0.440808 -0.239144 -0.372498
v -0.390808 -0.239144 -0.372498
v -0.348458 -0.195233 -0.448731
v -0.454008 -0.242114 -0.169870
v -0.337458 -0.197708 -0.381183
v -0.404008 -0.242114 -0.169870
v -0.348458 -0.200183 -0.184935
v -0.404008 -0.185457 -0.466425
v -0.454008 -0.185457 -0.466425
v -0.454008 0.202919 -0.466425
v -0.404008 0.202919 -0.466425
v -0.348458 -0.152968 -0.448731
v -0.348458 0.170678 -0.448731
v -0.348458 0.170678 -0.496029
v -0.404008 -0.185457 -0.523183
v -0.348458 -0.152968 -0.496029
v -0.404008 0.202919 -0.523183
v -0.454008 -0.185457 -0.523183
v -0.348458 0.212943 -0.448731
v -0.454008 0.202919 -0.523183
v -0.404008 0.253636 -0.466425
v -0.337458 0.215418 -0.376840
v -0.454008 0.253636 -0.466425
v -0.390808 0.256606 -0.376840
v -0.348458 0.227793 -0.184935
v -0.440808 0.256606 -0.376840
v -0.404008 0.271456 -0.169870
v -0.454008 0.271456 -0.169870
v -0.337458 0.173153 -0.376840
v -0.404008 0.208859 -0.169870
v -0.348458 0.175628 -0.184935
v -0.390808 0.205889 -0.376840
v -0.348458 0.170678 -0.448731
v -0.454008 0.208859 -0.169870
v -0.404008 0.202919 -0.466425
v -0.440808 0.205889 -0.376840
v -0.454008 0.202919 -0.466425
v -0.337458 -0.155443 -0.381183
v -0.404008 -0.185457 -0.466425
v -0.348458 -0.152968 -0.448731
v -0.390808 -0.188427 -0.372498
v -0.348458 -0.157918 -0.184935
v -0.454008 -0.185457 -0.466425
v -0.404008 -0.191397 -0.169870
v -0.440808 -0.188427 -0.372498
v -0.454008 -0.191397 -0.169870
v -0.454008 0.271456 -0.169870
v -0.454008 0.208859 -0.169870
v -0.440808 0.205889 -0.376840
v -0.440808 0.256606 -0.376840
v -0.454008 0.202919 -0.466425
v -0.454008 0.253636 -0.466425
v -0.454008 0.202919 -0.523183
v -0.454008 -0.185457 -0.523183
v -0.454008 -0.185457 -0.466425
v -0.454008 -0.236174 -0.466425
v -0.440808 -0.188427 -0.372498
v -0.440808 -0.239144 -0.372498
v -0.454008 -0.191397 -0.169870
v -0.454008 -0.242114 -0.169870
v 0.454008 0.208859 -0.169870
v 0.454008 0.271456 -0.169870
v 0.440808 0.256606 -0.376840
v 0.440808 0.205889 -0.376840
v 0.454008 0.253636 -0.466425
v 0.454008 0.202919 -0.466425
v 0.454008 0.202919 -0.523183
v 0.454008 -0.185457 -0.466425
v 0.454008 -0.185457 -0.523183
v 0.454008 -0.236174 -0.466425
v 0.440808 -0.239144 -0.372498
v 0.440808 -0.188427 -0.372498
v 0.454008 -0.242114 -0.169870
v 0.454008 -0.191397 -0.169870
v 0.116153 0.170678 -0.496027
v 0.116153 0.232361 -0.448731
v 0.116153 0.170678 -0.448731
v 0.116153 0.173153 -0.376837
v 0.116153 0.244984 -0.376837
v 0.104537 0.175628 -0.184935
v 0.104537 0.257606 -0.184935
v -0.116153 -0.152968 -0.496027
v -0.348458 -0.152968 -0.496029
v -0.348458 -0.195233 -0.448731
v -0.116153 -0.195233 -0.448731
v -0.104537 0.257606 -0.184935
v -0.060733 0.145053 0.175772
v -0.060733 0.196837 0.175772
v -0.104537 0.175628 -0.184935
v -0.116153 0.244984 -0.376837
v -0.116153 0.173153 -0.376837
v -0.303663 0.198582 0.175772
v -0.303663 0.166217 0.175772
v -0.348458 0.175628 -0.184935
v -0.348458 0.227793 -0.184935
v 0.104537 0.257606 -0.184935
v 0.060733 0.196837 0.175772
v 0.060733 0.145053 0.175772
v 0.104537 0.175628 -0.184935
v 0.116153 -0.195233 -0.448731
v 0.348458 -0.195233 -0.448731
v 0.348458 -0.152968 -0.496029
v 0.116153 -0.152968 -0.496027
v 0.271672 0.232905 0.325552
v 0.314513 0.310546 0.327776
v 0.271672 0.385446 0.307207
v 0.185990 0.382705 0.284413
v 0.185990 0.230164 0.302757
v 0.143149 0.305064 0.282188
v 0.128875 -0.205530 0.259433
v 0.386625 -0.195530 0.239433
v 0.398852 -0.201932 0.179437
v 0.132951 -0.211932 0.199437
v -0.128875 -0.205530 0.259433
v 0.386625 -0.195530 0.119440
v -0.132951 -0.211932 0.199437
v 0.128875 -0.205530 0.139440
v -0.128875 -0.205530 0.139440
v 0.128875 0.219337 0.259433
v 0.398852 0.215739 0.179437
v 0.386625 0.209337 0.239433
v 0.132951 0.225739 0.199437
v -0.128875 0.219337 0.259433
v 0.386625 0.209337 0.119440
v -0.132951 0.225739 0.199437
v 0.128875 0.219337 0.139440
v -0.128875 0.219337 0.139440
v -0.386625 0.209337 0.239433
v -0.132951 0.225739 0.199437
v -0.128875 0.219337 0.259433
v -0.398852 0.215739 0.179437
v -0.128875 0.219337 0.139440
v -0.386625 0.209337 0.119440
v -0.386625 -0.195530 0.239433
v -0.128875 -0.205530 0.259433
v -0.132951 -0.211932 0.199437
v -0.398852 -0.201932 0.179437
v -0.128875 -0.205530 0.139440
v -0.386625 -0.195530 0.119440
v 0.348458 0.170678 -0.496029
v 0.116153 0.170678 -0.496027
v 0.116153 -0.152968 -0.496027
v 0.348458 -0.152968 -0.496029
v -0.348458 0.170678 -0.496029
v -0.348458 -0.152968 -0.496029
v -0.116153 -0.152968 -0.496027
v -0.116153 0.170678 -0.496027
v -0.096228 0.178796 0.126991
v -0.096228 0.178796 0.272191
v 0.096228 0.178796 0.272191
v 0.096228 0.178796 0.126991
v -0.116153 0.170678 -0.496027
v -0.116153 -0.152968 -0.496027
v -0.116153 -0.152968 -0.448731
v -0.116153 0.170678 -0.448731
v -0.116153 -0.152968 -0.518117
v -0.116153 -0.152968 -0.477936
v -0.116153 0.170678 -0.477936
v -0.116153 0.170678 -0.518117
v -0.116153 0.245759 -0.448732
v -0.116153 0.205578 -0.448732
v -0.086153 0.260768 -0.189901
v -0.086153 0.220588 -0.189901
v -0.066153 0.246114 -0.053521
v -0.066152 0.205934 -0.053521
v -0.046153 0.211540 0.144127
v -0.046152 0.171360 0.144127
v -0.188167 0.170678 -0.477936
v -0.188167 0.205578 -0.448732
v -0.116153 0.205578 -0.448732
v -0.116153 0.170678 -0.477936
v 0.188167 -0.152968 -0.477936
v 0.188167 -0.152968 -0.518117
v 0.116153 -0.213341 -0.518117
v 0.188167 -0.152968 -0.413033
v 0.116153 -0.213341 -0.400933
v -0.116153 -0.213341 -0.400933
v -0.116153 -0.213341 -0.518117
v -0.188167 0.170678 -0.477936
v -0.188167 -0.152968 -0.477936
v -0.188167 -0.152968 -0.518117
v -0.188167 0.170678 -0.518118
v -0.188167 0.205578 -0.448732
v -0.188167 0.245760 -0.448732
v -0.158167 0.220588 -0.189901
v -0.158167 0.260769 -0.189901
v -0.138167 0.205934 -0.053521
v -0.138167 0.246116 -0.053521
v -0.118167 0.171360 0.144127
v -0.118167 0.211541 0.144127
v -0.116153 -0.152968 -0.518117
v 0.116153 -0.213341 -0.518117
v 0.116153 -0.152968 -0.518117
v -0.116153 -0.213341 -0.518117
v -0.188167 -0.152968 -0.518117
v -0.188167 0.170678 -0.518118
v -0.116153 0.170678 -0.518117
v -0.188167 0.245760 -0.448732
v -0.116153 0.245759 -0.448732
v -0.116153 0.245759 -0.448732
v -0.158167 0.260769 -0.189901
v -0.188167 0.245760 -0.448732
v -0.086153 0.260768 -0.189901
v -0.138167 0.246116 -0.053521
v -0.066153 0.246114 -0.053521
v -0.118167 0.211541 0.144127
v -0.046153 0.211540 0.144127
v -0.188167 0.205578 -0.448732
v -0.158167 0.220588 -0.189901
v -0.086153 0.220588 -0.189901
v -0.116153 0.205578 -0.448732
v -0.138167 0.205934 -0.053521
v -0.118167 0.171360 0.144127
v -0.046152 0.171360 0.144127
v -0.066152 0.205934 -0.053521
v -0.158167 0.220588 -0.189901
v -0.138167 0.205934 -0.053521
v -0.066152 0.205934 -0.053521
v -0.086153 0.220588 -0.189901
v -0.188167 -0.152968 -0.413033
v -0.116153 -0.213341 -0.400933
v -0.116153 -0.213341 -0.518117
v -0.188167 -0.152968 -0.477936
v -0.188167 -0.152968 -0.518117
v 0.116153 -0.152968 -0.518117
v 0.116153 0.170678 -0.477936
v 0.116153 -0.152968 -0.477936
v 0.116153 0.170678 -0.518117
v 0.116153 0.245759 -0.448732
v 0.116153 0.205578 -0.448732
v 0.086153 0.260768 -0.189901
v 0.086153 0.220588 -0.189901
v 0.066153 0.246114 -0.053521
v 0.066152 0.205934 -0.053521
v 0.046153 0.211540 0.144127
v 0.046152 0.171360 0.144127
v 0.188167 0.170678 -0.477936
v 0.116153 0.170678 -0.477936
v 0.116153 0.205578 -0.448732
v 0.188167 0.205578 -0.448732
v 0.188167 0.170678 -0.477936
v 0.188167 -0.152968 -0.518117
v 0.188167 -0.152968 -0.477936
v 0.188167 0.170678 -0.518118
v 0.188167 0.205578 -0.448732
v 0.188167 0.245760 -0.448732
v 0.158167 0.220588 -0.189901
v 0.158167 0.260769 -0.189901
v 0.138167 0.205934 -0.053521
v 0.138167 0.246116 -0.053521
v 0.118167 0.171360 0.144127
v 0.118167 0.211541 0.144127
v 0.116153 -0.152968 -0.518117
v 0.116153 -0.213341 -0.518117
v 0.188167 -0.152968 -0.518117
v 0.188167 0.170678 -0.518118
v 0.116153 0.170678 -0.518117
v 0.188167 0.245760 -0.448732
v 0.116153 0.245759 -0.448732
v 0.116153 0.245759 -0.448732
v 0.188167 0.245760 -0.448732
v 0.158167 0.260769 -0.189901
v 0.086153 0.260768 -0.189901
v 0.138167 0.246116 -0.053521
v 0.066153 0.246114 -0.053521
v 0.118167 0.211541 0.144127
v 0.046153 0.211540 0.144127
v 0.188167 0.205578 -0.448732
v 0.116153 0.205578 -0.448732
v 0.086153 0.220588 -0.189901
v 0.158167 0.220588 -0.189901
v 0.138167 0.205934 -0.053521
v 0.066152 0.205934 -0.053521
v 0.046152 0.171360 0.144127
v 0.118167 0.171360 0.144127
v 0.158167 0.220588 -0.189901
v 0.086153 0.220588 -0.189901
v 0.066152 0.205934 -0.053521
v 0.138167 0.205934 -0.053521
v 0.116153 -0.152968 -0.477936
v -0.116153 -0.152968 -0.477936
v -0.116153 -0.152968 -0.518117
v 0.116153 -0.152968 -0.518117
v 0.096228 0.235635 0.272191
v 0.060624 0.235635 0.240755
v 0.060624 0.235635 0.158427
v -0.096228 0.235635 0.272191
v 0.096228 0.235635 0.126991
v -0.060624 0.235635 0.240755
v -0.060624 0.235635 0.158427
v -0.096228 0.235635 0.126991
v 0.278873 0.237568 0.273580
v 0.258821 0.254492 0.322209
v 0.289486 0.310068 0.323801
v 0.315671 0.304258 0.275491
v 0.258821 0.363681 0.309078
v 0.278873 0.368594 0.257823
v 0.306292 0.285591 0.120262
v 0.293413 0.308108 0.114078
v 0.326083 0.247691 -0.001464
v 0.338963 0.271033 -0.000795
v 0.326084 0.293550 -0.006979
v 0.300324 0.292726 -0.013832
v 0.300324 0.246867 -0.008317
v 0.315671 0.304258 0.275491
v 0.306292 0.285591 0.120262
v 0.293412 0.262249 0.119593
v 0.278873 0.237568 0.273580
v 0.267653 0.261425 0.112740
v 0.205276 0.235213 0.254000
v 0.258821 0.254492 0.322209
v 0.197490 0.252530 0.305893
v 0.168477 0.299549 0.236332
v 0.166825 0.306144 0.291169
v 0.306292 0.285591 0.120262
v 0.293413 0.308108 0.114078
v 0.326084 0.293550 -0.006979
v 0.338963 0.271033 -0.000795
v 0.267653 0.261425 0.112740
v 0.326083 0.247691 -0.001464
v 0.300324 0.246867 -0.008317
v 0.293412 0.262249 0.119593
v 0.338963 0.271033 -0.000795
v 0.306292 0.285591 0.120262
v 0.293413 0.308108 0.114078
v 0.300324 0.292726 -0.013832
v 0.326084 0.293550 -0.006979
v 0.267653 0.307284 0.107225
v 0.287445 0.269384 -0.014501
v 0.254774 0.283942 0.106556
v 0.300324 0.246867 -0.008317
v 0.267653 0.261425 0.112740
v 0.278873 0.368594 0.257823
v 0.258821 0.363681 0.309078
v 0.197490 0.361719 0.292762
v 0.205276 0.366240 0.238243
v 0.293413 0.308108 0.114078
v 0.166825 0.306144 0.291169
v 0.267653 0.307284 0.107225
v 0.168477 0.299549 0.236332
v 0.254774 0.283942 0.106556
v 0.205276 0.235213 0.254000
v 0.267653 0.261425 0.112740
v -0.278873 0.237568 0.273580
v -0.289486 0.310068 0.323801
v -0.258821 0.254492 0.322209
v -0.315671 0.304258 0.275491
v -0.258821 0.363681 0.309078
v -0.278873 0.368594 0.257823
v -0.306292 0.285591 0.120262
v -0.293413 0.308108 0.114078
v -0.300324 0.292726 -0.013832
v -0.326083 0.247691 -0.001464
v -0.300324 0.246867 -0.008317
v -0.326084 0.293550 -0.006979
v -0.338963 0.271033 -0.000795
v -0.315671 0.304258 0.275491
v -0.293412 0.262249 0.119593
v -0.306292 0.285591 0.120262
v -0.278873 0.237568 0.273580
v -0.267653 0.261425 0.112740
v -0.205276 0.235213 0.254000
v -0.258821 0.254492 0.322209
v -0.197490 0.252530 0.305893
v -0.168477 0.299549 0.236332
v -0.166825 0.306144 0.291169
v -0.306292 0.285591 0.120262
v -0.338963 0.271033 -0.000795
v -0.326084 0.293550 -0.006979
v -0.293413 0.308108 0.114078
v -0.267653 0.261425 0.112740
v -0.300324 0.246867 -0.008317
v -0.326083 0.247691 -0.001464
v -0.293412 0.262249 0.119593
v -0.338963 0.271033 -0.000795
v -0.306292 0.285591 0.120262
v -0.293413 0.308108 0.114078
v -0.326084 0.293550 -0.006979
v -0.300324 0.292726 -0.013832
v -0.267653 0.307284 0.107225
v -0.287445 0.269384 -0.014501
v -0.254774 0.283942 0.106556
v -0.300324 0.246867 -0.008317
v -0.267653 0.261425 0.112740
v -0.278873 0.368594 0.257823
v -0.197490 0.361719 0.292762
v -0.258821 0.363681 0.309078
v -0.205276 0.366240 0.238243
v -0.293413 0.308108 0.114078
v -0.166825 0.306144 0.291169
v -0.267653 0.307284 0.107225
v -0.168477 0.299549 0.236332
v -0.254774 0.283942 0.106556
v -0.205276 0.235213 0.254000
v -0.267653 0.261425 0.112740
v -0.295386 0.211176 0.273544
v -0.271672 0.232905 0.325552
v -0.185990 0.230164 0.302757
v -0.192568 0.207887 0.246191
v -0.295386 0.211176 0.273544
v -0.192568 0.207887 0.246191
v -0.268040 0.249706 0.092095
v -0.304026 0.250858 0.101668
v -0.141159 0.297766 0.221508
v -0.192568 0.390936 0.224178
v -0.268040 0.313773 0.084390
v -0.250047 0.281164 0.083456
v -0.192568 0.207887 0.246191
v -0.141159 0.297766 0.221508
v -0.250047 0.281164 0.083456
v -0.268040 0.249706 0.092095
v -0.192568 0.390936 0.224178
v -0.295386 0.394225 0.251531
v -0.304026 0.314925 0.093964
v -0.268040 0.313773 0.084390
v -0.141159 0.297766 0.221508
v -0.143149 0.305064 0.282188
v -0.185990 0.382705 0.284413
v -0.192568 0.390936 0.224178
v -0.295386 0.394225 0.251531
v -0.271672 0.385446 0.307207
v -0.314513 0.310546 0.327776
v -0.346795 0.304345 0.276214
v -0.192568 0.207887 0.246191
v -0.185990 0.230164 0.302757
v -0.143149 0.305064 0.282188
v -0.141159 0.297766 0.221508
v -0.192568 0.390936 0.224178
v -0.185990 0.382705 0.284413
v -0.271672 0.385446 0.307207
v -0.295386 0.394225 0.251531
v -0.346795 0.304345 0.276214
v -0.314513 0.310546 0.327776
v -0.271672 0.232905 0.325552
v -0.295386 0.211176 0.273544
v -0.295386 0.394225 0.251531
v -0.346795 0.304345 0.276214
v -0.322019 0.283467 0.102603
v -0.304026 0.314925 0.093964
v -0.289885 0.239972 0.011151
v -0.289616 0.221445 -0.018882
v -0.342119 0.223125 -0.004915
v -0.325871 0.241124 0.020724
v -0.263365 0.267342 -0.031487
v -0.279006 0.265516 -0.046667
v -0.299872 0.229036 -0.036649
v -0.289616 0.221445 -0.018882
v -0.289885 0.304039 0.003446
v -0.289616 0.314918 -0.030123
v -0.263365 0.267342 -0.031487
v -0.271892 0.271430 0.002512
v -0.343864 0.273733 0.021659
v -0.368371 0.270701 -0.003552
v -0.342119 0.316598 -0.016156
v -0.325871 0.305191 0.013020
v -0.271892 0.271430 0.002512
v -0.263365 0.267342 -0.031487
v -0.289616 0.221445 -0.018882
v -0.289885 0.239972 0.011151
v -0.325871 0.305191 0.013020
v -0.342119 0.316598 -0.016156
v -0.289616 0.314918 -0.030123
v -0.289885 0.304039 0.003446
v -0.325871 0.241124 0.020724
v -0.342119 0.223125 -0.004915
v -0.368371 0.270701 -0.003552
v -0.343864 0.273733 0.021659
v -0.342119 0.316598 -0.016156
v -0.341604 0.304667 -0.034482
v -0.299872 0.303332 -0.045584
v -0.289616 0.314918 -0.030123
v -0.342119 0.223125 -0.004915
v -0.341604 0.230371 -0.025547
v -0.362470 0.268186 -0.024463
v -0.368371 0.270701 -0.003552
v -0.289616 0.221445 -0.018882
v -0.299872 0.229036 -0.036649
v -0.341604 0.230371 -0.025547
v -0.342119 0.223125 -0.004915
v -0.289616 0.314918 -0.030123
v -0.299872 0.303332 -0.045584
v -0.279006 0.265516 -0.046667
v -0.263365 0.267342 -0.031487
v -0.368371 0.270701 -0.003552
v -0.362470 0.268186 -0.024463
v -0.341604 0.304667 -0.034482
v -0.342119 0.316598 -0.016156
v -0.338963 0.271033 -0.000795
v -0.326084 0.293550 -0.006979
v -0.341604 0.304667 -0.034482
v -0.362470 0.268186 -0.024463
v -0.346795 0.304345 0.276214
v -0.295386 0.211176 0.273544
v -0.304026 0.250858 0.101668
v -0.322019 0.283467 0.102603
v -0.362470 0.268186 -0.024463
v -0.341604 0.230371 -0.025547
v -0.326083 0.247691 -0.001464
v -0.338963 0.271033 -0.000795
v -0.341604 0.230371 -0.025547
v -0.299872 0.229036 -0.036649
v -0.300324 0.246867 -0.008317
v -0.326083 0.247691 -0.001464
v -0.299872 0.229036 -0.036649
v -0.279006 0.265516 -0.046667
v -0.287445 0.269384 -0.014501
v -0.300324 0.246867 -0.008317
v -0.279006 0.265516 -0.046667
v -0.299872 0.303332 -0.045584
v -0.300324 0.292726 -0.013832
v -0.287445 0.269384 -0.014501
v -0.299872 0.303332 -0.045584
v -0.341604 0.304667 -0.034482
v -0.326084 0.293550 -0.006979
v -0.300324 0.292726 -0.013832
v 0.295386 0.211176 0.273544
v 0.192568 0.207887 0.246191
v 0.185990 0.230164 0.302757
v 0.271672 0.232905 0.325552
v 0.295386 0.211176 0.273544
v 0.304026 0.250858 0.101668
v 0.268040 0.249706 0.092095
v 0.192568 0.207887 0.246191
v 0.141159 0.297766 0.221508
v 0.250047 0.281164 0.083456
v 0.268040 0.313773 0.084390
v 0.192568 0.390936 0.224178
v 0.192568 0.207887 0.246191
v 0.268040 0.249706 0.092095
v 0.250047 0.281164 0.083456
v 0.141159 0.297766 0.221508
v 0.192568 0.390936 0.224178
v 0.268040 0.313773 0.084390
v 0.304026 0.314925 0.093964
v 0.295386 0.394225 0.251531
v 0.141159 0.297766 0.221508
v 0.192568 0.390936 0.224178
v 0.185990 0.382705 0.284413
v 0.143149 0.305064 0.282188
v 0.295386 0.394225 0.251531
v 0.346795 0.304345 0.276214
v 0.314513 0.310546 0.327776
v 0.271672 0.385446 0.307207
v 0.192568 0.207887 0.246191
v 0.141159 0.297766 0.221508
v 0.143149 0.305064 0.282188
v 0.185990 0.230164 0.302757
v 0.192568 0.390936 0.224178
v 0.295386 0.394225 0.251531
v 0.271672 0.385446 0.307207
v 0.185990 0.382705 0.284413
v 0.346795 0.304345 0.276214
v 0.295386 0.211176 0.273544
v 0.271672 0.232905 0.325552
v 0.314513 0.310546 0.327776
v 0.295386 0.394225 0.251531
v 0.304026 0.314925 0.093964
v 0.322019 0.283467 0.102603
v 0.346795 0.304345 0.276214
v 0.289885 0.239972 0.011151
v 0.325871 0.241124 0.020724
v 0.342119 0.223125 -0.004915
v 0.289616 0.221445 -0.018882
v 0.263365 0.267342 -0.031487
v 0.289616 0.221445 -0.018882
v 0.299872 0.229036 -0.036649
v 0.279006 0.265516 -0.046667
v 0.289885 0.304039 0.003446
v 0.271892 0.271430 0.002512
v 0.263365 0.267342 -0.031487
v 0.289616 0.314918 -0.030123
v 0.343864 0.273733 0.021659
v 0.325871 0.305191 0.013020
v 0.342119 0.316598 -0.016156
v 0.368371 0.270701 -0.003552
v 0.271892 0.271430 0.002512
v 0.289885 0.239972 0.011151
v 0.289616 0.221445 -0.018882
v 0.263365 0.267342 -0.031487
v 0.325871 0.305191 0.013020
v 0.289885 0.304039 0.003446
v 0.289616 0.314918 -0.030123
v 0.342119 0.316598 -0.016156
v 0.325871 0.241124 0.020724
v 0.343864 0.273733 0.021659
v 0.368371 0.270701 -0.003552
v 0.342119 0.223125 -0.004915
v 0.342119 0.316598 -0.016156
v 0.289616 0.314918 -0.030123
v 0.299872 0.303332 -0.045584
v 0.341604 0.304667 -0.034482
v 0.342119 0.223125 -0.004915
v 0.368371 0.270701 -0.003552
v 0.362470 0.268186 -0.024463
v 0.341604 0.230371 -0.025547
v 0.289616 0.221445 -0.018882
v 0.342119 0.223125 -0.004915
v 0.341604 0.230371 -0.025547
v 0.299872 0.229036 -0.036649
v 0.289616 0.314918 -0.030123
v 0.263365 0.267342 -0.031487
v 0.279006 0.265516 -0.046667
v 0.299872 0.303332 -0.045584
v 0.368371 0.270701 -0.003552
v 0.342119 0.316598 -0.016156
v 0.341604 0.304667 -0.034482
v 0.362470 0.268186 -0.024463
v 0.338963 0.271033 -0.000795
v 0.362470 0.268186 -0.024463
v 0.341604 0.304667 -0.034482
v 0.326084 0.293550 -0.006979
v 0.346795 0.304345 0.276214
v 0.322019 0.283467 0.102603
v 0.304026 0.250858 0.101668
v 0.295386 0.211176 0.273544
v 0.362470 0.268186 -0.024463
v 0.338963 0.271033 -0.000795
v 0.326083 0.247691 -0.001464
v 0.341604 0.230371 -0.025547
v 0.341604 0.230371 -0.025547
v 0.326083 0.247691 -0.001464
v 0.300324 0.246867 -0.008317
v 0.299872 0.229036 -0.036649
v 0.299872 0.229036 -0.036649
v 0.300324 0.246867 -0.008317
v 0.287445 0.269384 -0.014501
v 0.279006 0.265516 -0.046667
v 0.279006 0.265516 -0.046667
v 0.287445 0.269384 -0.014501
v 0.300324 0.292726 -0.013832
v 0.299872 0.303332 -0.045584
v 0.299872 0.303332 -0.045584
v 0.300324 0.292726 -0.013832
v 0.326084 0.293550 -0.006979
v 0.341604 0.304667 -0.034482
vt 0.0377807617 0.796386719
vt 0.0369567871 0.796386719
vt 0.0361022949 0.791503906
vt 0.0361022949 0.794921875
vt 0.0401916504 0.796386719
vt 0.0511779785 0.900878906
vt 0.0431213379 0.887207031
vt 0.0270233154 0.887207031
vt 0.0189666748 0.900878906
vt 0.0431213379 0.915039062
vt 0.0270233154 0.915039062
vt 0.0166778564 0.902832031
vt 0.0243225098 0.916015625
vt 0.0396118164 0.916015625
vt 0.0243225098 0.889648438
vt 0.0472412109 0.902832031
vt 0.0396118164 0.889648438
vt 0.0264587402 0.909667969
vt 0.0267028809 0.911621094
vt 0.0294647217 0.911132812
vt 0.0289611816 0.909179688
vt 0.0227050781 0.922363281
vt 0.0274810791 0.919433594
vt 0.0274810791 0.9140625
vt 0.0179290771 0.919433594
vt 0.0227050781 0.911621094
vt 0.0179290771 0.9140625
vt 0.0400390625 0.891601562
vt 0.0401000977 0.889648438
vt 0.037322998 0.889648438
vt 0.0375061035 0.891601562
vt 0.0375061035 0.891601562
vt 0.037322998 0.889648438
vt 0.0319213867 0.890625
vt 0.0325927734 0.892578125
vt 0.0214385986 0.909667969
vt 0.021194458 0.911621094
vt 0.0267028809 0.911621094
vt 0.0264587402 0.909667969
vt 0.0422058105 0.909179688
vt 0.0419616699 0.911132812
vt 0.0474853516 0.911132812
vt 0.0472412109 0.909179688
vt 0.0189361572 0.909179688
vt 0.0184326172 0.911132812
vt 0.021194458 0.911621094
vt 0.0214385986 0.909667969
vt 0.0239257812 0.897460938
vt 0.0239257812 0.892578125
vt 0.0228424072 0.892578125
vt 0.0228424072 0.897460938
vt 0.0271759033 0.897460938
vt 0.0271759033 0.892578125
vt 0.0260925293 0.892578125
vt 0.0260925293 0.897460938
vt 0.0402832031 0.904785156
vt 0.0413208008 0.909667969
vt 0.0424194336 0.909667969
vt 0.0413818359 0.904785156
vt 0.0381469727 0.905273438
vt 0.0392150879 0.91015625
vt 0.0413208008 0.909667969
vt 0.0402832031 0.904785156
vt 0.0260925293 0.897460938
vt 0.0260925293 0.892578125
vt 0.0239257812 0.892578125
vt 0.0239257812 0.897460938
vt 0.047454834 0.897460938
vt 0.047454834 0.892578125
vt 0.0452880859 0.892578125
vt 0.0452880859 0.897460938
vt 0.0308380127 0.7890625
vt 0.0310516357 0.793457031
vt 0.0321350098 0.7890625
vt 0.0299682617 0.793457031
vt 0.0310516357 0.793457031
vt 0.0299682617 0.793457031
vt 0.0204315186 0.774414062
vt 0.0191192627 0.774414062
vt 0.0184326172 0.786621094
vt 0.0188903809 0.786621094
vt 0.0188903809 0.786621094
vt 0.0184326172 0.786621094
vt 0.0408630371 0.774414062
vt 0.0397644043 0.770507812
vt 0.039642334 0.774902344
vt 0.040802002 0.770507812
vt 0.0397644043 0.770507812
vt 0.040802002 0.770507812
vt 0.0241241455 0.787109375
vt 0.0254364014 0.787597656
vt 0.0288085938 0.775390625
vt 0.0283508301 0.775390625
vt 0.0283508301 0.775390625
vt 0.0288085938 0.775390625
vt 0.0299682617 0.793457031
vt 0.0308380127 0.7890625
vt 0.0308380127 0.7890625
vt 0.0299682617 0.793457031
vt 0.0299682617 0.793457031
vt 0.0299682617 0.793457031
vt 0.040802002 0.770507812
vt 0.040802002 0.770507812
vt 0.040802002 0.770507812
vt 0.040802002 0.770507812
vt 0.0408630371 0.774414062
vt 0.0408630371 0.774414062
vt 0.0321350098 0.7890625
vt 0.0310516357 0.793457031
vt 0.0321350098 0.7890625
vt 0.0310516357 0.793457031
vt 0.0310516357 0.793457031
vt 0.0310516357 0.793457031
vt 0.0204315186 0.774414062
vt 0.0188903809 0.786621094
vt 0.0204315186 0.774414062
vt 0.0188903809 0.786621094
vt 0.0188903809 0.786621094
vt 0.0188903809 0.786621094
vt 0.0184326172 0.786621094
vt 0.0191192627 0.774414062
vt 0.0191192627 0.774414062
vt 0.0184326172 0.786621094
vt 0.0184326172 0.786621094
vt 0.0184326172 0.786621094
vt 0.0324401855 0.775390625
vt 0.0324401855 0.775390625
vt 0.0324401855 0.775390625
vt 0.0324401855 0.775390625
vt 0.0358276367 0.787597656
vt 0.0358276367 0.787597656
vt 0.034942627 0.791503906
vt 0.034942627 0.791503906
vt 0.034942627 0.791503906
vt 0.034942627 0.791503906
vt 0.034942627 0.791503906
vt 0.034942627 0.791503906
vt 0.0360412598 0.791503906
vt 0.0360412598 0.791503906
vt 0.0358276367 0.787597656
vt 0.037109375 0.787109375
vt 0.0328979492 0.775390625
vt 0.0324401855 0.775390625
vt 0.0324401855 0.775390625
vt 0.0328979492 0.775390625
vt 0.0254364014 0.787597656
vt 0.0254364014 0.787597656
vt 0.0288085938 0.775390625
vt 0.0288085938 0.775390625
vt 0.0288085938 0.775390625
vt 0.0288085938 0.775390625
vt 0.0397644043 0.770507812
vt 0.039642334 0.774902344
vt 0.039642334 0.774902344
vt 0.0397644043 0.770507812
vt 0.0397644043 0.770507812
vt 0.0397644043 0.770507812
vt 0.0283508301 0.775390625
vt 0.0241241455 0.787109375
vt 0.0241241455 0.787109375
vt 0.0283508301 0.775390625
vt 0.0283508301 0.775390625
vt 0.0283508301 0.775390625
vt 0.0310516357 0.793457031
vt 0.0299682617 0.793457031
vt 0.0299682617 0.793457031
vt 0.0310516357 0.793457031
vt 0.040802002 0.770507812
vt 0.040802002 0.770507812
vt 0.0397644043 0.770507812
vt 0.0397644043 0.770507812
vt 0.034942627 0.791503906
vt 0.034942627 0.791503906
vt 0.0360412598 0.791503906
vt 0.0360412598 0.791503906
vt 0.0360412598 0.791503906
vt 0.0360412598 0.791503906
vt 0.034942627 0.791503906
vt 0.034942627 0.791503906
vt 0.0397644043 0.770507812
vt 0.0397644043 0.770507812
vt 0.040802002 0.770507812
vt 0.040802002 0.770507812
vt 0.0310516357 0.793457031
vt 0.0310516357 0.793457031
vt 0.0299682617 0.793457031
vt 0.0299682617 0.793457031
vt 0.0360412598 0.791503906
vt 0.0360412598 0.791503906
vt 0.0360412598 0.791503906
vt 0.0360412598 0.791503906
vt 0.037109375 0.787109375
vt 0.037109375 0.787109375
vt 0.0328979492 0.775390625
vt 0.0328979492 0.775390625
vt 0.0328979492 0.775390625
vt 0.0328979492 0.775390625
vt 0.0188903809 0.786621094
vt 0.0184326172 0.786621094
vt 0.0184326172 0.786621094
vt 0.0188903809 0.786621094
vt 0.0288085938 0.775390625
vt 0.0288085938 0.775390625
vt 0.0283508301 0.775390625
vt 0.0283508301 0.775390625
vt 0.0328979492 0.775390625
vt 0.0328979492 0.775390625
vt 0.0324401855 0.775390625
vt 0.0324401855 0.775390625
vt 0.028793335 0.919433594
vt 0.0265808105 0.904785156
vt 0.0265808105 0.919433594
vt 0.028793335 0.904785156
vt 0.0309906006 0.919433594
vt 0.0309906006 0.904785156
vt 0.0221710205 0.890136719
vt 0.0221710205 0.904785156
vt 0.0221710205 0.890136719
vt 0.0221710205 0.904785156
vt 0.0221710205 0.890136719
vt 0.0221710205 0.904785156
vt 0.0221710205 0.890136719
vt 0.0221710205 0.904785156
vt 0.0221710205 0.904785156
vt 0.0431213379 0.915039062
vt 0.0270233154 0.915039062
vt 0.0189666748 0.900878906
vt 0.0511779785 0.900878906
vt 0.0270233154 0.887207031
vt 0.0431213379 0.887207031
vt 0.0243225098 0.889648438
vt 0.0396118164 0.889648438
vt 0.0472412109 0.902832031
vt 0.0166778564 0.902832031
vt 0.0396118164 0.916015625
vt 0.0243225098 0.916015625
vt 0.0264587402 0.909667969
vt 0.0289611816 0.909179688
vt 0.0294647217 0.911132812
vt 0.0267028809 0.911621094
vt 0.0179290771 0.919433594
vt 0.0179290771 0.9140625
vt 0.0227050781 0.911621094
vt 0.0227050781 0.922363281
vt 0.0274810791 0.9140625
vt 0.0274810791 0.919433594
vt 0.0400390625 0.891601562
vt 0.0375061035 0.891601562
vt 0.037322998 0.889648438
vt 0.0401000977 0.889648438
vt 0.0375061035 0.891601562
vt 0.0325927734 0.892578125
vt 0.0319213867 0.890625
vt 0.037322998 0.889648438
vt 0.0214385986 0.909667969
vt 0.0264587402 0.909667969
vt 0.0267028809 0.911621094
vt 0.021194458 0.911621094
vt 0.0422058105 0.909179688
vt 0.0472412109 0.909179688
vt 0.0474853516 0.911132812
vt 0.0419616699 0.911132812
vt 0.0189361572 0.909179688
vt 0.0214385986 0.909667969
vt 0.021194458 0.911621094
vt 0.0184326172 0.911132812
vt 0.0239257812 0.897460938
vt 0.0228424072 0.897460938
vt 0.0228424072 0.892578125
vt 0.0239257812 0.892578125
vt 0.0271759033 0.897460938
vt 0.0260925293 0.897460938
vt 0.0260925293 0.892578125
vt 0.0271759033 0.892578125
vt 0.0402832031 0.904785156
vt 0.0413818359 0.904785156
vt 0.0424194336 0.909667969
vt 0.0413208008 0.909667969
vt 0.0381469727 0.905273438
vt 0.0402832031 0.904785156
vt 0.0413208008 0.909667969
vt 0.0392150879 0.91015625
vt 0.0260925293 0.897460938
vt 0.0239257812 0.897460938
vt 0.0239257812 0.892578125
vt 0.0260925293 0.892578125
vt 0.047454834 0.897460938
vt 0.0452880859 0.897460938
vt 0.0452880859 0.892578125
vt 0.047454834 0.892578125
vt 0.0166931152 0.902832031
vt 0.0166931152 0.916015625
vt 0.030090332 0.922851562
vt 0.0434875488 0.916015625
vt 0.030090332 0.895996094
vt 0.0434875488 0.902832031
vt 0.0308380127 0.7890625
vt 0.0321350098 0.7890625
vt 0.0310516357 0.793457031
vt 0.0299682617 0.793457031
vt 0.0310516357 0.793457031
vt 0.0299682617 0.793457031
vt 0.0204315186 0.774414062
vt 0.0184326172 0.786621094
vt 0.0191192627 0.774414062
vt 0.0188903809 0.786621094
vt 0.0188903809 0.786621094
vt 0.0184326172 0.786621094
vt 0.0408630371 0.774414062
vt 0.039642334 0.774902344
vt 0.0397644043 0.770507812
vt 0.040802002 0.770507812
vt 0.0397644043 0.770507812
vt 0.040802002 0.770507812
vt 0.0241241455 0.787109375
vt 0.0288085938 0.775390625
vt 0.0254364014 0.787597656
vt 0.0283508301 0.775390625
vt 0.0283508301 0.775390625
vt 0.0288085938 0.775390625
vt 0.0299682617 0.793457031
vt 0.0308380127 0.7890625
vt 0.0308380127 0.7890625
vt 0.0299682617 0.793457031
vt 0.0299682617 0.793457031
vt 0.0299682617 0.793457031
vt 0.040802002 0.770507812
vt 0.040802002 0.770507812
vt 0.040802002 0.770507812
vt 0.040802002 0.770507812
vt 0.0408630371 0.774414062
vt 0.0408630371 0.774414062
vt 0.0321350098 0.7890625
vt 0.0321350098 0.7890625
vt 0.0310516357 0.793457031
vt 0.0310516357 0.793457031
vt 0.0310516357 0.793457031
vt 0.0310516357 0.793457031
vt 0.0204315186 0.774414062
vt 0.0204315186 0.774414062
vt 0.0188903809 0.786621094
vt 0.0188903809 0.786621094
vt 0.0188903809 0.786621094
vt 0.0188903809 0.786621094
vt 0.0184326172 0.786621094
vt 0.0191192627 0.774414062
vt 0.0191192627 0.774414062
vt 0.0184326172 0.786621094
vt 0.0184326172 0.786621094
vt 0.0184326172 0.786621094
vt 0.0324401855 0.775390625
vt 0.0324401855 0.775390625
vt 0.0324401855 0.775390625
vt 0.0324401855 0.775390625
vt 0.0358276367 0.787597656
vt 0.0358276367 0.787597656
vt 0.034942627 0.791503906
vt 0.034942627 0.791503906
vt 0.034942627 0.791503906
vt 0.034942627 0.791503906
vt 0.034942627 0.791503906
vt 0.0360412598 0.791503906
vt 0.034942627 0.791503906
vt 0.0360412598 0.791503906
vt 0.0358276367 0.787597656
vt 0.037109375 0.787109375
vt 0.0328979492 0.775390625
vt 0.0324401855 0.775390625
vt 0.0324401855 0.775390625
vt 0.0328979492 0.775390625
vt 0.0254364014 0.787597656
vt 0.0288085938 0.775390625
vt 0.0254364014 0.787597656
vt 0.0288085938 0.775390625
vt 0.0288085938 0.775390625
vt 0.0288085938 0.775390625
vt 0.0397644043 0.770507812
vt 0.039642334 0.774902344
vt 0.039642334 0.774902344
vt 0.0397644043 0.770507812
vt 0.0397644043 0.770507812
vt 0.0397644043 0.770507812
vt 0.0283508301 0.775390625
vt 0.0241241455 0.787109375
vt 0.0241241455 0.787109375
vt 0.0283508301 0.775390625
vt 0.0283508301 0.775390625
vt 0.0283508301 0.775390625
vt 0.0310516357 0.793457031
vt 0.0310516357 0.793457031
vt 0.0299682617 0.793457031
vt 0.0299682617 0.793457031
vt 0.040802002 0.770507812
vt 0.0397644043 0.770507812
vt 0.0397644043 0.770507812
vt 0.040802002 0.770507812
vt 0.034942627 0.791503906
vt 0.0360412598 0.791503906
vt 0.0360412598 0.791503906
vt 0.034942627 0.791503906
vt 0.0360412598 0.791503906
vt 0.034942627 0.791503906
vt 0.034942627 0.791503906
vt 0.0360412598 0.791503906
vt 0.0397644043 0.770507812
vt 0.040802002 0.770507812
vt 0.040802002 0.770507812
vt 0.0397644043 0.770507812
vt 0.0310516357 0.793457031
vt 0.0299682617 0.793457031
vt 0.0299682617 0.793457031
vt 0.0310516357 0.793457031
vt 0.0360412598 0.791503906
vt 0.0360412598 0.791503906
vt 0.0360412598 0.791503906
vt 0.0360412598 0.791503906
vt 0.037109375 0.787109375
vt 0.037109375 0.787109375
vt 0.0328979492 0.775390625
vt 0.0328979492 0.775390625
vt 0.0328979492 0.775390625
vt 0.0328979492 0.775390625
vt 0.0188903809 0.786621094
vt 0.0188903809 0.786621094
vt 0.0184326172 0.786621094
vt 0.0184326172 0.786621094
vt 0.0288085938 0.775390625
vt 0.0283508301 0.775390625
vt 0.0283508301 0.775390625
vt 0.0288085938 0.775390625
vt 0.0328979492 0.775390625
vt 0.0324401855 0.775390625
vt 0.0324401855 0.775390625
vt 0.0328979492 0.775390625
vt 0.028793335 0.919433594
vt 0.0265808105 0.919433594
vt 0.0265808105 0.904785156
vt 0.028793335 0.904785156
vt 0.0309906006 0.919433594
vt 0.0309906006 0.904785156
vt 0.0366516113 0.890136719
vt 0.0366516113 0.890136719
vt 0.0366516113 0.904785156
vt 0.0366516113 0.904785156
vt 0.0366516113 0.890136719
vt 0.0366516113 0.904785156
vt 0.0366516113 0.890136719
vt 0.0366516113 0.904785156
vt 0.0980224609 0.830566406
vt 0.0934448242 0.830566406
vt 0.0934448242 0.84375
vt 0.0980224609 0.84375
vt 0.0856933594 0.858886719
vt 0.0888671875 0.858886719
vt 0.0888671875 0.853027344
vt 0.0856933594 0.853027344
vt 0.0948486328 0.84375
vt 0.0902709961 0.84375
vt 0.0902709961 0.853027344
vt 0.0948486328 0.853027344
vt 0.0856933594 0.853027344
vt 0.0902709961 0.853027344
vt 0.0902709961 0.84375
vt 0.0856933594 0.84375
vt 0.0754394531 0.857421875
vt 0.0800170898 0.857421875
vt 0.0800170898 0.84375
vt 0.0754394531 0.84375
vt 0.0888671875 0.858886719
vt 0.0921020508 0.858886719
vt 0.0921020508 0.853027344
vt 0.0888671875 0.853027344
vt 0.101989746 0.83984375
vt 0.105224609 0.83984375
vt 0.105224609 0.830566406
vt 0.101989746 0.830566406
vt 0.102050781 0.84375
vt 0.0988769531 0.84375
vt 0.0988769531 0.853027344
vt 0.102050781 0.853027344
vt 0.0948486328 0.860351562
vt 0.0982666016 0.860351562
vt 0.0982666016 0.852050781
vt 0.0948486328 0.852050781
vt 0.101379395 0.838378906
vt 0.0980224609 0.838378906
vt 0.0980224609 0.842773438
vt 0.101379395 0.842773438
vt 0.0800170898 0.857421875
vt 0.0834350586 0.857421875
vt 0.0834350586 0.853027344
vt 0.0800170898 0.853027344
vt 0.0980224609 0.830566406
vt 0.0980224609 0.838378906
vt 0.101989746 0.838378906
vt 0.101989746 0.830566406
vt 0.0988769531 0.852050781
vt 0.0988769531 0.84375
vt 0.0948486328 0.84375
vt 0.0948486328 0.852050781
vt 0.0245819092 0.919921875
vt 0.0235443115 0.918457031
vt 0.0238952637 0.919433594
vt 0.0243835449 0.918945312
vt 0.0237579346 0.91796875
vt 0.0245819092 0.91796875
vt 0.0346984863 0.798339844
vt 0.035949707 0.798339844
vt 0.0355224609 0.793457031
vt 0.0342712402 0.793457031
vt 0.035949707 0.7890625
vt 0.0346984863 0.7890625
vt 0.0291137695 0.777832031
vt 0.0299377441 0.782714844
vt 0.0303649902 0.778320312
vt 0.0286865234 0.782714844
vt 0.0303649902 0.787109375
vt 0.0291137695 0.787597656
vt 0.0306243896 0.908691406
vt 0.031463623 0.919433594
vt 0.0341186523 0.918945312
vt 0.0332946777 0.908691406
vt 0.031463623 0.897460938
vt 0.0341186523 0.897949219
vt 0.0303039551 0.779296875
vt 0.0298614502 0.779296875
vt 0.0298614502 0.780761719
vt 0.0303039551 0.780761719
vt 0.0389404297 0.908203125
vt 0.0377807617 0.908691406
vt 0.0377807617 0.911621094
vt 0.0389404297 0.911132812
vt 0.0298614502 0.772460938
vt 0.0302886963 0.77734375
vt 0.0315551758 0.776855469
vt 0.0311126709 0.772460938
vt 0.0302886963 0.767578125
vt 0.0315551758 0.768066406
vt 0.0218048096 0.90625
vt 0.0196990967 0.905273438
vt 0.0199584961 0.905761719
vt 0.0219268799 0.905273438
vt 0.0236663818 0.905761719
vt 0.0196990967 0.904296875
vt 0.0238647461 0.905273438
vt 0.0219268799 0.904296875
vt 0.0238647461 0.904296875
vt 0.0225067139 0.892578125
vt 0.0204162598 0.891601562
vt 0.0206451416 0.892578125
vt 0.0226287842 0.891601562
vt 0.0243530273 0.892578125
vt 0.0204162598 0.890625
vt 0.0245666504 0.891601562
vt 0.0226287842 0.891113281
vt 0.0245666504 0.890625
vt 0.0186004639 0.78125
vt 0.0204467773 0.777832031
vt 0.0186004639 0.777832031
vt 0.0204467773 0.78125
vt 0.0223083496 0.777832031
vt 0.0222930908 0.78125
vt 0.02734375 0.780761719
vt 0.02734375 0.777832031
vt 0.0469970703 0.91796875
vt 0.0206451416 0.892578125
vt 0.0204162598 0.891601562
vt 0.0477600098 0.918457031
vt 0.0204162598 0.890625
vt 0.0484313965 0.918457031
vt 0.0261993408 0.789550781
vt 0.0266418457 0.789550781
vt 0.0266418457 0.788085938
vt 0.0261993408 0.788085938
vt 0.032043457 0.779296875
vt 0.0316162109 0.779296875
vt 0.0317382812 0.780761719
vt 0.0321655273 0.780761719
vt 0.0342407227 0.777832031
vt 0.0361022949 0.78125
vt 0.0361022949 0.777832031
vt 0.0342407227 0.78125
vt 0.032409668 0.777832031
vt 0.032409668 0.78125
vt 0.02734375 0.780761719
vt 0.02734375 0.777832031
vt 0.0197601318 0.791503906
vt 0.0179138184 0.791503906
vt 0.0179138184 0.794921875
vt 0.0197601318 0.794921875
vt 0.0216064453 0.791503906
vt 0.0216064453 0.794921875
vt 0.0266571045 0.794433594
vt 0.0266571045 0.791503906
vt 0.02734375 0.801757812
vt 0.0306091309 0.801757812
vt 0.0306091309 0.796875
vt 0.02734375 0.796875
vt 0.0269012451 0.798339844
vt 0.02734375 0.798339844
vt 0.02734375 0.79296875
vt 0.0267486572 0.79296875
vt 0.0186004639 0.770996094
vt 0.0186004639 0.774414062
vt 0.0204467773 0.774414062
vt 0.0204467773 0.770996094
vt 0.0223083496 0.774414062
vt 0.0222930908 0.770996094
vt 0.02734375 0.771972656
vt 0.02734375 0.774902344
vt 0.02734375 0.90625
vt 0.02734375 0.903320312
vt 0.0223083496 0.902832031
vt 0.0223083496 0.906738281
vt 0.0204467773 0.902832031
vt 0.0204467773 0.906738281
vt 0.0186004639 0.902832031
vt 0.0186004639 0.906738281
vt 0.0371704102 0.908691406
vt 0.0365600586 0.919433594
vt 0.0377807617 0.919433594
vt 0.035949707 0.908691406
vt 0.0377807617 0.897460938
vt 0.0365600586 0.897460938
vt 0.0341186523 0.908691406
vt 0.035949707 0.897460938
vt 0.0347290039 0.897460938
vt 0.035369873 0.908691406
vt 0.0347290039 0.919433594
vt 0.035949707 0.919433594
vt 0.0389404297 0.901367188
vt 0.0377807617 0.901367188
vt 0.0377807617 0.904785156
vt 0.0389404297 0.904296875
vt 0.0270996094 0.908691406
vt 0.0306243896 0.897949219
vt 0.0279541016 0.897460938
vt 0.0297698975 0.908691406
vt 0.0279541016 0.919433594
vt 0.0306243896 0.918945312
vt 0.0185699463 0.897460938
vt 0.0209197998 0.908691406
vt 0.0222015381 0.897949219
vt 0.017288208 0.908691406
vt 0.0222015381 0.918945312
vt 0.0185699463 0.919433594
vt 0.0273590088 0.789550781
vt 0.0269165039 0.789550781
vt 0.027053833 0.791015625
vt 0.0274963379 0.791015625
vt 0.0377807617 0.907714844
vt 0.0389404297 0.908203125
vt 0.0389404297 0.904785156
vt 0.0377807617 0.904785156
vt 0.0315856934 0.782714844
vt 0.0320129395 0.787597656
vt 0.0332641602 0.787109375
vt 0.0328369141 0.782714844
vt 0.0320129395 0.777832031
vt 0.0332641602 0.778320312
vt 0.0389404297 0.897949219
vt 0.0377807617 0.897460938
vt 0.0377807617 0.900878906
vt 0.0389404297 0.901367188
vt 0.0222015381 0.908691406
vt 0.0234832764 0.919433594
vt 0.0270996094 0.918945312
vt 0.0258178711 0.908691406
vt 0.0234832764 0.897460938
vt 0.0270996094 0.897949219
vt 0.0258026123 0.91796875
vt 0.0261535645 0.918945312
vt 0.0263671875 0.91796875
vt 0.0254821777 0.918945312
vt 0.0263671875 0.919433594
vt 0.025680542 0.919921875
vt 0.0361938477 0.796386719
vt 0.035736084 0.796386719
vt 0.0356140137 0.801757812
vt 0.0361938477 0.801757812
vt 0.036315918 0.90625
vt 0.0342407227 0.905273438
vt 0.0344543457 0.905761719
vt 0.0361633301 0.905273438
vt 0.0342407227 0.904296875
vt 0.0381469727 0.905761719
vt 0.0361633301 0.904296875
vt 0.0383911133 0.905273438
vt 0.0469970703 0.913085938
vt 0.0383911133 0.904296875
vt 0.0477600098 0.912597656
vt 0.0469970703 0.91796875
vt 0.0484313965 0.912597656
vt 0.0477600098 0.918457031
vt 0.0484313965 0.918457031
vt 0.02734375 0.771972656
vt 0.02734375 0.774902344
vt 0.032409668 0.774414062
vt 0.032409668 0.770996094
vt 0.0342407227 0.774414062
vt 0.0342407227 0.771484375
vt 0.0361022949 0.774414062
vt 0.0361022949 0.770996094
vt 0.02734375 0.903320312
vt 0.02734375 0.90625
vt 0.032409668 0.906738281
vt 0.032409668 0.902832031
vt 0.0342407227 0.906738281
vt 0.0342407227 0.902832031
vt 0.0361022949 0.906738281
vt 0.0361022949 0.902832031
vt 0.0367736816 0.906738281
vt 0.0367736816 0.902832031
vt 0.0250854492 0.896484375
vt 0.0490112305 0.918457031
vt 0.0442504883 0.913574219
vt 0.0250854492 0.899902344
vt 0.0356140137 0.796386719
vt 0.03515625 0.796386719
vt 0.0348815918 0.801757812
vt 0.0356140137 0.801757812
vt 0.0385131836 0.782226562
vt 0.0417785645 0.782226562
vt 0.0417785645 0.777832031
vt 0.0385131836 0.777832031
vt 0.0197601318 0.784667969
vt 0.0179138184 0.784667969
vt 0.0179138184 0.788085938
vt 0.0197601318 0.788085938
vt 0.0216064453 0.784667969
vt 0.0216064453 0.788085938
vt 0.0266571045 0.78515625
vt 0.0266571045 0.788085938
vt 0.0422668457 0.913085938
vt 0.0204162598 0.903808594
vt 0.0206451416 0.902832031
vt 0.0430908203 0.912597656
vt 0.0204162598 0.904296875
vt 0.043762207 0.912597656
vt 0.0195007324 0.911132812
vt 0.0176544189 0.910644531
vt 0.0176544189 0.911621094
vt 0.0195007324 0.910644531
vt 0.0201568604 0.910644531
vt 0.0401306152 0.90625
vt 0.0330200195 0.910644531
vt 0.0330200195 0.905761719
vt 0.0401306152 0.901367188
vt 0.0425415039 0.791992188
vt 0.0449523926 0.791992188
vt 0.0361022949 0.784667969
vt 0.0361022949 0.788085938
vt 0.0417175293 0.791992188
vt 0.0342407227 0.788085938
vt 0.0342407227 0.784667969
vt 0.032409668 0.788085938
vt 0.032409668 0.784667969
vt 0.02734375 0.78515625
vt 0.02734375 0.788085938
vt 0.0384216309 0.891601562
vt 0.0384216309 0.890625
vt 0.0361938477 0.891113281
vt 0.0361938477 0.891601562
vt 0.0381469727 0.892578125
vt 0.0342407227 0.890625
vt 0.036315918 0.892578125
vt 0.0342407227 0.891601562
vt 0.0344543457 0.892578125
vt 0.0254821777 0.919921875
vt 0.0245819092 0.918457031
vt 0.0249176025 0.919433594
vt 0.0252685547 0.918945312
vt 0.0247955322 0.91796875
vt 0.0254821777 0.91796875
vt 0.0326538086 0.923339844
vt 0.0334472656 0.91796875
vt 0.0326538086 0.918457031
vt 0.0334472656 0.923828125
vt 0.0341186523 0.91796875
vt 0.0341186523 0.923828125
vt 0.0228424072 0.91796875
vt 0.0233306885 0.918945312
vt 0.0235443115 0.91796875
vt 0.0224914551 0.918945312
vt 0.0235443115 0.919433594
vt 0.0227050781 0.919921875
vt 0.0361022949 0.791503906
vt 0.0361022949 0.794921875
vt 0.0377807617 0.796386719
vt 0.0342407227 0.791503906
vt 0.0342407227 0.794921875
vt 0.032409668 0.791503906
vt 0.032409668 0.794921875
vt 0.02734375 0.794433594
vt 0.02734375 0.791503906
vt 0.0204162598 0.903808594
vt 0.0204162598 0.904296875
vt 0.0226287842 0.904296875
vt 0.0226287842 0.903320312
vt 0.0206451416 0.902832031
vt 0.0245666504 0.904296875
vt 0.0225067139 0.902832031
vt 0.0245666504 0.903808594
vt 0.0243530273 0.902832031
vt 0.0397949219 0.8984375
vt 0.0390930176 0.8984375
vt 0.0390930176 0.904296875
vt 0.0397949219 0.904296875
vt 0.0405578613 0.898925781
vt 0.0405578613 0.903808594
vt 0.0422668457 0.91796875
vt 0.0430908203 0.912597656
vt 0.0422668457 0.913085938
vt 0.0430603027 0.918457031
vt 0.043762207 0.912597656
vt 0.0381469727 0.916503906
vt 0.043762207 0.918457031
vt 0.0383911133 0.916992188
vt 0.036315918 0.916015625
vt 0.0383911133 0.91796875
vt 0.0361633301 0.916992188
vt 0.0344543457 0.916503906
vt 0.0361633301 0.917480469
vt 0.0342407227 0.916992188
vt 0.0342407227 0.91796875
vt 0.0218048096 0.916015625
vt 0.0238647461 0.916992188
vt 0.0236663818 0.916503906
vt 0.0219268799 0.916992188
vt 0.0199584961 0.916503906
vt 0.0238647461 0.91796875
vt 0.0196990967 0.916992188
vt 0.0219268799 0.917480469
vt 0.0196990967 0.91796875
vt 0.036315918 0.902832031
vt 0.0384216309 0.903808594
vt 0.0381469727 0.902832031
vt 0.0361938477 0.903320312
vt 0.0344543457 0.902832031
vt 0.0384216309 0.904296875
vt 0.0342407227 0.903808594
vt 0.0361938477 0.904296875
vt 0.0342407227 0.904296875
vt 0.0390930176 0.890625
vt 0.0390930176 0.891601562
vt 0.0410461426 0.891601562
vt 0.0410461426 0.891113281
vt 0.0432434082 0.891601562
vt 0.0432434082 0.891113281
vt 0.0440368652 0.891601562
vt 0.0440368652 0.897460938
vt 0.0432434082 0.897460938
vt 0.0432434082 0.8984375
vt 0.0410461426 0.897460938
vt 0.0410461426 0.8984375
vt 0.0390930176 0.897460938
vt 0.0390930176 0.8984375
vt 0.0439453125 0.905273438
vt 0.0439453125 0.904296875
vt 0.0420227051 0.904785156
vt 0.0420227051 0.905273438
vt 0.0397949219 0.904785156
vt 0.0397949219 0.905273438
vt 0.0390014648 0.905273438
vt 0.0397949219 0.911132812
vt 0.0390014648 0.911132812
vt 0.0397949219 0.912109375
vt 0.0420227051 0.912109375
vt 0.0420227051 0.911132812
vt 0.0439453125 0.912109375
vt 0.0439453125 0.911132812
vt 0.0385131836 0.918457031
vt 0.0391845703 0.919433594
vt 0.0391845703 0.918457031
vt 0.0410461426 0.918457031
vt 0.0410461426 0.919921875
vt 0.0277709961 0.905273438
vt 0.0385742188 0.905273438
vt 0.0377807617 0.791992188
vt 0.0401916504 0.791992188
vt 0.0186004639 0.78125
vt 0.0186004639 0.777832031
vt 0.032409668 0.900390625
vt 0.0266571045 0.900390625
vt 0.02734375 0.900390625
vt 0.0216064453 0.900390625
vt 0.0176544189 0.911621094
vt 0.0176544189 0.910644531
vt 0.0364990234 0.801757812
vt 0.0369567871 0.801757812
vt 0.0369567871 0.796386719
vt 0.0362243652 0.796386719
vt 0.0385742188 0.905273438
vt 0.0335083008 0.905273438
vt 0.0328369141 0.905273438
vt 0.0277709961 0.905273438
vt 0.0186004639 0.774414062
vt 0.0186004639 0.770996094
vt 0.0449523926 0.796386719
vt 0.0425415039 0.796386719
vt 0.0313110352 0.887695312
vt 0.0129013062 0.896972656
vt 0.0129013062 0.915527344
vt 0.0313110352 0.924804688
vt 0.0497436523 0.896972656
vt 0.0497436523 0.915527344
vt 0.0354003906 0.904785156
vt 0.0354003906 0.904785156
vt 0.0375976562 0.904785156
vt 0.0375976562 0.904785156
vt 0.0354003906 0.904785156
vt 0.0398254395 0.904785156
vt 0.0375976562 0.904785156
vt 0.0398254395 0.904785156
vt 0.0398254395 0.904785156
vt 0.0309906006 0.918945312
vt 0.033203125 0.918945312
vt 0.0309906006 0.918945312
vt 0.033203125 0.918945312
vt 0.0309906006 0.918945312
vt 0.0354003906 0.918945312
vt 0.033203125 0.918945312
vt 0.0354003906 0.918945312
vt 0.0354003906 0.918945312
vt 0.0309906006 0.918945312
vt 0.033203125 0.918945312
vt 0.0309906006 0.918945312
vt 0.033203125 0.918945312
vt 0.0354003906 0.918945312
vt 0.0354003906 0.918945312
vt 0.0354003906 0.904785156
vt 0.0354003906 0.904785156
vt 0.0375976562 0.904785156
vt 0.0375976562 0.904785156
vt 0.0398254395 0.904785156
vt 0.0398254395 0.904785156
vt 0.0293579102 0.793457031
vt 0.0266876221 0.7734375
vt 0.0266876221 0.772460938
vt 0.0293579102 0.794433594
vt 0.0389404297 0.794921875
vt 0.0389404297 0.793945312
vt 0.0338439941 0.766601562
vt 0.0338439941 0.768066406
vt 0.0800170898 0.857421875
vt 0.0934448242 0.84375
vt 0.0902709961 0.853027344
vt 0.0800170898 0.84375
vt 0.0279388428 0.90625
vt 0.0279388428 0.901367188
vt 0.0195007324 0.905761719
vt 0.0195007324 0.910644531
vt 0.0270843506 0.913085938
vt 0.0273590088 0.912597656
vt 0.0222015381 0.909667969
vt 0.0218505859 0.91015625
vt 0.0211181641 0.908203125
vt 0.0217590332 0.908691406
vt 0.0233612061 0.904296875
vt 0.0240020752 0.904296875
vt 0.0250396729 0.901367188
vt 0.025680542 0.901855469
vt 0.0267181396 0.898925781
vt 0.0273590088 0.899414062
vt 0.0218505859 0.914550781
vt 0.0227661133 0.914550781
vt 0.0227661133 0.913085938
vt 0.0218505859 0.913085938
vt 0.0280914307 0.914550781
vt 0.0273590088 0.914550781
vt 0.0273895264 0.913574219
vt 0.0292816162 0.914550781
vt 0.029510498 0.913085938
vt 0.029510498 0.913085938
vt 0.0273895264 0.913574219
vt 0.015914917 0.902832031
vt 0.0211181641 0.899902344
vt 0.0207672119 0.898925781
vt 0.0155563354 0.901855469
vt 0.0154724121 0.903808594
vt 0.014831543 0.904296875
vt 0.0177307129 0.907714844
vt 0.0170898438 0.908203125
vt 0.0194244385 0.91015625
vt 0.0187835693 0.910644531
vt 0.0211181641 0.912597656
vt 0.0204772949 0.913085938
vt 0.0286712646 0.906738281
vt 0.028503418 0.907714844
vt 0.0286712646 0.906738281
vt 0.028503418 0.907714844
vt 0.0273590088 0.906738281
vt 0.0273590088 0.900878906
vt 0.0286712646 0.900878906
vt 0.0273590088 0.898925781
vt 0.0286712646 0.898925781
vt 0.0321350098 0.918457031
vt 0.0308227539 0.9140625
vt 0.0308227539 0.918457031
vt 0.0321350098 0.913574219
vt 0.0308227539 0.910644531
vt 0.0321350098 0.910644531
vt 0.0308227539 0.907714844
vt 0.0321350098 0.907714844
vt 0.0295257568 0.907714844
vt 0.029510498 0.912109375
vt 0.0308227539 0.912597656
vt 0.0308227539 0.907714844
vt 0.0295257568 0.915527344
vt 0.0295257568 0.918457031
vt 0.0308227539 0.918457031
vt 0.0308227539 0.915527344
vt 0.029510498 0.912109375
vt 0.0295257568 0.915527344
vt 0.0308227539 0.915527344
vt 0.0308227539 0.912597656
vt 0.0292816162 0.914550781
vt 0.029510498 0.913085938
vt 0.0273895264 0.913574219
vt 0.0280914307 0.914550781
vt 0.0273590088 0.914550781
vt 0.0270843506 0.913085938
vt 0.0222015381 0.909667969
vt 0.0273590088 0.912597656
vt 0.0218505859 0.91015625
vt 0.0211181641 0.908203125
vt 0.0217590332 0.908691406
vt 0.0233612061 0.904296875
vt 0.0240020752 0.904296875
vt 0.0250396729 0.901367188
vt 0.025680542 0.901855469
vt 0.0267181396 0.898925781
vt 0.0273590088 0.899414062
vt 0.0218505859 0.914550781
vt 0.0218505859 0.913085938
vt 0.0227661133 0.913085938
vt 0.0227661133 0.914550781
vt 0.015914917 0.902832031
vt 0.0207672119 0.898925781
vt 0.0211181641 0.899902344
vt 0.0155563354 0.901855469
vt 0.0154724121 0.903808594
vt 0.014831543 0.904296875
vt 0.0177307129 0.907714844
vt 0.0170898438 0.908203125
vt 0.0194244385 0.91015625
vt 0.0187835693 0.910644531
vt 0.0211181641 0.912597656
vt 0.0204772949 0.913085938
vt 0.0286712646 0.906738281
vt 0.028503418 0.907714844
vt 0.0273590088 0.906738281
vt 0.0273590088 0.900878906
vt 0.0286712646 0.900878906
vt 0.0273590088 0.898925781
vt 0.0286712646 0.898925781
vt 0.0321350098 0.918457031
vt 0.0308227539 0.918457031
vt 0.0308227539 0.9140625
vt 0.0321350098 0.913574219
vt 0.0308227539 0.910644531
vt 0.0321350098 0.910644531
vt 0.0308227539 0.907714844
vt 0.0321350098 0.907714844
vt 0.0295257568 0.907714844
vt 0.0308227539 0.907714844
vt 0.0308227539 0.912597656
vt 0.029510498 0.912109375
vt 0.0295257568 0.915527344
vt 0.0308227539 0.915527344
vt 0.0308227539 0.918457031
vt 0.0295257568 0.918457031
vt 0.029510498 0.912109375
vt 0.0308227539 0.912597656
vt 0.0308227539 0.915527344
vt 0.0295257568 0.915527344
vt 0.0218505859 0.913085938
vt 0.0218505859 0.913085938
vt 0.0211181641 0.913085938
vt 0.0211181641 0.913085938
vt 0.0934448242 0.84375
vt 0.0917358398 0.841796875
vt 0.0861206055 0.841796875
vt 0.0934448242 0.830566406
vt 0.0844116211 0.84375
vt 0.0917358398 0.832519531
vt 0.0861206055 0.832519531
vt 0.0844116211 0.830566406
vt 0.0321458057 0.975031137
vt 0.0319051631 0.975809813
vt 0.0313035622 0.975909352
vt 0.0314238891 0.975150526
vt 0.0301003549 0.975909352
vt 0.0299800411 0.975150526
vt 0.0309546404 0.972910762
vt 0.0304492898 0.972910762
vt 0.0291860607 0.976469874
vt 0.0300919786 0.973967016
vt 0.0297720768 0.973967016
vt 0.0269356295 0.973992646
vt 0.0264557749 0.973966181
vt 0.0299800411 0.972321153
vt 0.0295346752 0.974631608
vt 0.0292787775 0.974644303
vt 0.0292489268 0.972357392
vt 0.0287852343 0.974751234
vt 0.0278387815 0.972662985
vt 0.0289660338 0.971641719
vt 0.0277909189 0.971896529
vt 0.0271597411 0.972932637
vt 0.0272250604 0.972121179
vt 0.0300919786 0.974678099
vt 0.0297720768 0.974678099
vt 0.0297720768 0.973967016
vt 0.0300919786 0.973967016
vt 0.0287186746 0.975843132
vt 0.0291860607 0.976469874
vt 0.0288736224 0.976537645
vt 0.0290311053 0.97577548
vt 0.02934804 0.976461768
vt 0.0291930959 0.975767434
vt 0.0270955786 0.974677145
vt 0.0269356295 0.973992646
vt 0.0270955786 0.973966181
vt 0.0269356295 0.97470361
vt 0.0266157277 0.973992646
vt 0.0266157277 0.97470361
vt 0.0264557749 0.973966181
vt 0.0264557749 0.974677145
vt 0.0271597411 0.97507143
vt 0.0269191004 0.975850105
vt 0.0263174977 0.975949645
vt 0.0264378078 0.975190997
vt 0.0262212325 0.972909272
vt 0.0251142867 0.975949645
vt 0.0259685628 0.972950995
vt 0.024993971 0.975190997
vt 0.0254632141 0.972950995
vt 0.024272047 0.97507143
vt 0.025210537 0.972909272
vt 0.0321458057 0.975031137
vt 0.0313035622 0.975909352
vt 0.0319051631 0.975809813
vt 0.0314238891 0.975150526
vt 0.0301003549 0.975909352
vt 0.0299800411 0.975150526
vt 0.0309546404 0.972910762
vt 0.0304492898 0.972910762
vt 0.0269356295 0.973992646
vt 0.0291860607 0.976469874
vt 0.0264557749 0.973966181
vt 0.0297720768 0.973967016
vt 0.0300919786 0.973967016
vt 0.0299800411 0.972321153
vt 0.0292787775 0.974644303
vt 0.0295346752 0.974631608
vt 0.0292489268 0.972357392
vt 0.0287852343 0.974751234
vt 0.0278387815 0.972662985
vt 0.0289660338 0.971641719
vt 0.0277909189 0.971896529
vt 0.0271597411 0.972932637
vt 0.0272250604 0.972121179
vt 0.0300919786 0.974678099
vt 0.0300919786 0.973967016
vt 0.0297720768 0.973967016
vt 0.0297720768 0.974678099
vt 0.0287186746 0.975843132
vt 0.0288736224 0.976537645
vt 0.0291860607 0.976469874
vt 0.0290311053 0.97577548
vt 0.02934804 0.976461768
vt 0.0291930959 0.975767434
vt 0.0270955786 0.974677145
vt 0.0270955786 0.973966181
vt 0.0269356295 0.973992646
vt 0.0269356295 0.97470361
vt 0.0266157277 0.973992646
vt 0.0266157277 0.97470361
vt 0.0264557749 0.973966181
vt 0.0264557749 0.974677145
vt 0.0271597411 0.97507143
vt 0.0263174977 0.975949645
vt 0.0269191004 0.975850105
vt 0.0264378078 0.975190997
vt 0.0262212325 0.972909272
vt 0.0251142867 0.975949645
vt 0.0259685628 0.972950995
vt 0.024993971 0.975190997
vt 0.0254632141 0.972950995
vt 0.024272047 0.97507143
vt 0.025210537 0.972909272
vt 0.099182792 0.963520467
vt 0.0988559574 0.962693691
vt 0.0974983349 0.962988079
vt 0.0975536332 0.963873565
vt 0.099182792 0.963520467
vt 0.0975536332 0.963873565
vt 0.0986470804 0.966286123
vt 0.0992172733 0.966162562
vt 0.0942669883 0.966794193
vt 0.095935069 0.966794193
vt 0.0953929424 0.964206338
vt 0.0948091149 0.964206338
vt 0.0934329405 0.966656029
vt 0.0942669883 0.966794193
vt 0.0948091149 0.964206338
vt 0.0945171937 0.964158118
vt 0.095935069 0.966794193
vt 0.0967691317 0.966656029
vt 0.0956848562 0.964158118
vt 0.0953929424 0.964206338
vt 0.0942669883 0.966794193
vt 0.0944059938 0.967670679
vt 0.0957960784 0.967670679
vt 0.095935069 0.966794193
vt 0.100027457 0.966747463
vt 0.100166455 0.967624128
vt 0.101556532 0.967624128
vt 0.101695552 0.966747463
vt 0.0975536332 0.963873565
vt 0.0974983349 0.962988079
vt 0.0968445912 0.963247597
vt 0.0967691317 0.964185059
vt 0.095935069 0.966794193
vt 0.0957960784 0.967670679
vt 0.0964911133 0.967555702
vt 0.0967691317 0.966656029
vt 0.101695552 0.966747463
vt 0.101556532 0.967624128
vt 0.102251574 0.967509151
vt 0.102529585 0.966609478
vt 0.100027457 0.966747463
vt 0.101695552 0.966747463
vt 0.101153418 0.964159846
vt 0.100569583 0.964159846
vt 0.0989298671 0.967553556
vt 0.098974742 0.968043566
vt 0.0996680111 0.967893422
vt 0.099500075 0.967429996
vt 0.0947461128 0.962420583
vt 0.0948189199 0.962167501
vt 0.0945368186 0.962120831
vt 0.094391197 0.962361872
vt 0.0953929424 0.962908864
vt 0.0954559371 0.962420583
vt 0.0947461128 0.962420583
vt 0.0948091149 0.962908864
vt 0.101153418 0.962862134
vt 0.101216421 0.962373912
vt 0.100506574 0.962373912
vt 0.100569583 0.962862134
vt 0.0986553133 0.967662513
vt 0.0986409113 0.968176186
vt 0.098974742 0.968043566
vt 0.0989298671 0.967553556
vt 0.0956848562 0.962860525
vt 0.0958108678 0.962361872
vt 0.0954559371 0.962420583
vt 0.0953929424 0.962908864
vt 0.099500075 0.967429996
vt 0.0996680111 0.967893422
vt 0.100027457 0.9678756
vt 0.0997956991 0.967415094
vt 0.0958108678 0.962361872
vt 0.0956652313 0.962120831
vt 0.0953831226 0.962167501
vt 0.0954559371 0.962420583
vt 0.0996680111 0.967893422
vt 0.0996520668 0.96815604
vt 0.0999377668 0.968141854
vt 0.100027457 0.9678756
vt 0.098974742 0.968043566
vt 0.0991010219 0.968275487
vt 0.0996520668 0.96815604
vt 0.0996680111 0.967893422
vt 0.0954559371 0.962420583
vt 0.0953831226 0.962167501
vt 0.0948189199 0.962167501
vt 0.0947461128 0.962420583
vt 0.101216421 0.962373912
vt 0.101143606 0.962120831
vt 0.100579396 0.962120831
vt 0.100506574 0.962373912
vt 0.0976576954 0.96548605
vt 0.0981012136 0.964596987
vt 0.0962993577 0.963974535
vt 0.095700562 0.965174854
vt 0.100027457 0.963478625
vt 0.099182792 0.963520467
vt 0.0992172733 0.966162562
vt 0.0995129198 0.966147959
vt 0.095700562 0.965174854
vt 0.095700562 0.96757549
vt 0.0976576954 0.967264295
vt 0.0976576954 0.96548605
vt 0.095700562 0.96757549
vt 0.0962993503 0.968775809
vt 0.0981012136 0.968153358
vt 0.0976576954 0.967264295
vt 0.0999030918 0.968775809
vt 0.100501873 0.96757549
vt 0.0985447466 0.967264295
vt 0.0981012285 0.968153358
vt 0.100501873 0.96757549
vt 0.100501873 0.965174854
vt 0.0985447466 0.96548605
vt 0.0985447466 0.967264295
vt 0.100501873 0.965174854
vt 0.0999030843 0.963974535
vt 0.0981012136 0.964596987
vt 0.0985447466 0.96548605
vt 0.099182792 0.963520467
vt 0.0975536332 0.963873565
vt 0.0974983349 0.962988079
vt 0.0988559574 0.962693691
vt 0.099182792 0.963520467
vt 0.0992172733 0.966162562
vt 0.0986470804 0.966286123
vt 0.0975536332 0.963873565
vt 0.0942669883 0.966794193
vt 0.0948091149 0.964206338
vt 0.0953929424 0.964206338
vt 0.095935069 0.966794193
vt 0.0934329405 0.966656029
vt 0.0945171937 0.964158118
vt 0.0948091149 0.964206338
vt 0.0942669883 0.966794193
vt 0.095935069 0.966794193
vt 0.0953929424 0.964206338
vt 0.0956848562 0.964158118
vt 0.0967691317 0.966656029
vt 0.0942669883 0.966794193
vt 0.095935069 0.966794193
vt 0.0957960784 0.967670679
vt 0.0944059938 0.967670679
vt 0.100027457 0.966747463
vt 0.101695552 0.966747463
vt 0.101556532 0.967624128
vt 0.100166455 0.967624128
vt 0.0975536332 0.963873565
vt 0.0967691317 0.964185059
vt 0.0968445912 0.963247597
vt 0.0974983349 0.962988079
vt 0.095935069 0.966794193
vt 0.0967691317 0.966656029
vt 0.0964911133 0.967555702
vt 0.0957960784 0.967670679
vt 0.101695552 0.966747463
vt 0.102529585 0.966609478
vt 0.102251574 0.967509151
vt 0.101556532 0.967624128
vt 0.100027457 0.966747463
vt 0.100569583 0.964159846
vt 0.101153418 0.964159846
vt 0.101695552 0.966747463
vt 0.0989298671 0.967553556
vt 0.099500075 0.967429996
vt 0.0996680111 0.967893422
vt 0.098974742 0.968043566
vt 0.0947461128 0.962420583
vt 0.094391197 0.962361872
vt 0.0945368186 0.962120831
vt 0.0948189199 0.962167501
vt 0.0953929424 0.962908864
vt 0.0948091149 0.962908864
vt 0.0947461128 0.962420583
vt 0.0954559371 0.962420583
vt 0.101153418 0.962862134
vt 0.100569583 0.962862134
vt 0.100506574 0.962373912
vt 0.101216421 0.962373912
vt 0.0986553133 0.967662513
vt 0.0989298671 0.967553556
vt 0.098974742 0.968043566
vt 0.0986409113 0.968176186
vt 0.0956848562 0.962860525
vt 0.0953929424 0.962908864
vt 0.0954559371 0.962420583
vt 0.0958108678 0.962361872
vt 0.099500075 0.967429996
vt 0.0997956991 0.967415094
vt 0.100027457 0.9678756
vt 0.0996680111 0.967893422
vt 0.0958108678 0.962361872
vt 0.0954559371 0.962420583
vt 0.0953831226 0.962167501
vt 0.0956652313 0.962120831
vt 0.0996680111 0.967893422
vt 0.100027457 0.9678756
vt 0.0999377668 0.968141854
vt 0.0996520668 0.96815604
vt 0.098974742 0.968043566
vt 0.0996680111 0.967893422
vt 0.0996520668 0.96815604
vt 0.0991010219 0.968275487
vt 0.0954559371 0.962420583
vt 0.0947461128 0.962420583
vt 0.0948189199 0.962167501
vt 0.0953831226 0.962167501
vt 0.101216421 0.962373912
vt 0.100506574 0.962373912
vt 0.100579396 0.962120831
vt 0.101143606 0.962120831
vt 0.0976576954 0.96548605
vt 0.095700562 0.965174854
vt 0.0962993577 0.963974535
vt 0.0981012136 0.964596987
vt 0.100027457 0.963478625
vt 0.0995129198 0.966147959
vt 0.0992172733 0.966162562
vt 0.099182792 0.963520467
vt 0.095700562 0.965174854
vt 0.0976576954 0.96548605
vt 0.0976576954 0.967264295
vt 0.095700562 0.96757549
vt 0.095700562 0.96757549
vt 0.0976576954 0.967264295
vt 0.0981012136 0.968153358
vt 0.0962993503 0.968775809
vt 0.0999030918 0.968775809
vt 0.0981012285 0.968153358
vt 0.0985447466 0.967264295
vt 0.100501873 0.96757549
vt 0.100501873 0.96757549
vt 0.0985447466 0.967264295
vt 0.0985447466 0.96548605
vt 0.100501873 0.965174854
vt 0.100501873 0.965174854
vt 0.0985447466 0.96548605
vt 0.0981012136 0.964596987
vt 0.0999030843 0.963974535
vn -0.028122 0.672844 -0.739250
vn -0.028122 0.672844 -0.739250
vn -0.073493 0.895593 -0.438762
vn 0.340302 0.842698 -0.417199
vn 0.298016 0.328526 -0.896246
vn 0.258798 0.115360 0.959018
vn 0.258798 0.115360 0.959018
vn 0.258798 0.115360 0.959018
vn 0.258798 0.115360 0.959018
vn 0.258798 0.115360 0.959018
vn 0.258798 0.115360 0.959018
vn 0.258798 0.115360 0.959018
vn 0.258798 0.115360 0.959018
vn 0.258798 0.115360 0.959018
vn 0.258798 0.115360 0.959018
vn 0.258798 0.115360 0.959018
vn 0.258798 0.115360 0.959018
vn -0.057213 0.942745 -0.328569
vn -0.057213 0.942745 -0.328569
vn -0.057213 0.942745 -0.328569
vn -0.057213 0.942745 -0.328569
vn 0.258798 0.115360 0.959018
vn 0.258798 0.115360 0.959018
vn 0.258798 0.115360 0.959018
vn 0.258798 0.115360 0.959018
vn 0.258798 0.115360 0.959018
vn 0.258798 0.115360 0.959018
vn -0.872998 -0.483616 0.063168
vn -0.872998 -0.483616 0.063168
vn -0.872998 -0.483616 0.063168
vn -0.872998 -0.483616 0.063168
vn -0.057227 -0.993768 -0.095653
vn -0.057227 -0.993768 -0.095653
vn -0.057227 -0.993768 -0.095653
vn -0.057227 -0.993768 -0.095653
vn 0.758643 0.432534 -0.487211
vn 0.758643 0.432534 -0.487211
vn 0.758643 0.432534 -0.487211
vn 0.758643 0.432534 -0.487211
vn -0.873089 0.484643 -0.053256
vn -0.873089 0.484643 -0.053256
vn -0.873089 0.484643 -0.053256
vn -0.873089 0.484643 -0.053256
vn 0.758711 -0.535590 -0.370812
vn 0.758711 -0.535590 -0.370812
vn 0.758711 -0.535590 -0.370812
vn 0.758711 -0.535590 -0.370812
vn 0.836593 -0.523053 -0.162874
vn 0.836593 -0.523053 -0.162874
vn 0.836593 -0.523053 -0.162874
vn 0.836593 -0.523053 -0.162874
vn -0.000000 0.992846 -0.119405
vn -0.000000 0.992846 -0.119405
vn -0.000000 0.992846 -0.119405
vn -0.000000 0.992846 -0.119405
vn -0.836466 -0.469749 0.282240
vn -0.836466 -0.469749 0.282240
vn -0.836466 -0.469749 0.282240
vn -0.836466 -0.469749 0.282240
vn -0.000000 -0.992846 0.119405
vn -0.000000 -0.992846 0.119405
vn -0.000000 -0.992846 0.119405
vn -0.000000 -0.992846 0.119405
vn 0.836466 0.469749 -0.282240
vn 0.836466 0.469749 -0.282240
vn 0.836466 0.469749 -0.282240
vn 0.836466 0.469749 -0.282240
vn -0.836593 0.523053 0.162874
vn -0.836593 0.523053 0.162874
vn -0.836593 0.523053 0.162874
vn -0.836593 0.523053 0.162874
vn -0.850962 -0.475768 0.222505
vn -0.840329 -0.471434 0.267577
vn -0.850962 -0.475768 0.222505
vn -0.840329 -0.471434 0.267577
vn -0.875513 -0.483168 0.005097
vn -0.875513 -0.483168 0.005097
vn -0.850962 -0.475768 0.222505
vn -0.850962 -0.475768 0.222505
vn -0.854135 -0.477368 0.206331
vn -0.854135 -0.477368 0.206331
vn -0.752099 -0.429527 0.499853
vn -0.752099 -0.429527 0.499853
vn 0.818926 -0.529348 -0.221701
vn 0.832472 -0.524872 -0.177480
vn 0.818926 -0.529348 -0.221701
vn 0.832472 -0.524872 -0.177480
vn 0.731863 -0.534616 -0.422567
vn 0.731863 -0.534616 -0.422567
vn 0.818926 -0.529348 -0.221701
vn 0.818926 -0.529348 -0.221701
vn 0.813548 -0.530809 -0.237448
vn 0.813548 -0.530809 -0.237448
vn 0.873923 -0.481390 0.067253
vn 0.873923 -0.481390 0.067253
vn -0.483637 0.874991 0.022049
vn -0.485031 0.874373 0.014722
vn -0.485624 0.874075 0.012734
vn -0.484026 0.874811 0.020595
vn -0.496154 0.867781 -0.028064
vn -0.496154 0.867781 -0.028064
vn -0.484212 -0.844868 0.227455
vn -0.496892 -0.849233 0.178612
vn -0.496892 -0.849233 0.178612
vn -0.483863 -0.844686 0.228871
vn -0.486118 -0.845273 0.221817
vn -0.486887 -0.845337 0.219880
vn 0.480791 -0.876119 -0.035437
vn 0.481633 -0.875874 -0.029568
vn 0.480175 -0.876375 -0.037411
vn 0.482234 -0.875591 -0.028125
vn 0.468363 -0.880074 -0.078142
vn 0.468363 -0.880074 -0.078142
vn -0.485031 0.874373 0.014722
vn -0.491348 0.870904 -0.010160
vn -0.485624 0.874075 0.012734
vn -0.491916 0.870556 -0.012275
vn -0.482835 0.875352 0.025082
vn -0.482835 0.875352 0.025082
vn 0.473278 -0.878701 -0.062394
vn 0.480791 -0.876119 -0.035437
vn 0.480175 -0.876375 -0.037411
vn 0.473921 -0.878500 -0.060308
vn 0.482835 -0.875352 -0.025082
vn 0.482835 -0.875352 -0.025082
vn 0.955201 -0.036168 -0.293739
vn 0.965891 -0.030901 -0.257099
vn 0.965891 -0.030901 -0.257099
vn 0.955843 -0.035850 -0.291683
vn 0.962551 -0.032995 -0.269085
vn 0.963100 -0.032722 -0.267148
vn 0.964707 -0.031490 -0.261437
vn 0.965114 -0.031304 -0.259951
vn 0.950138 -0.037626 -0.309552
vn 0.950138 -0.037626 -0.309552
vn -0.003968 0.990964 -0.134066
vn -0.071775 0.921848 -0.380848
vn -0.071775 0.921848 -0.380848
vn -0.003968 0.990964 -0.134066
vn -0.015960 0.983840 -0.178336
vn -0.015960 0.983840 -0.178336
vn -0.020245 0.980781 -0.194057
vn -0.020245 0.980781 -0.194057
vn 0.060848 0.992124 0.109490
vn 0.060848 0.992124 0.109490
vn 0.479791 0.843357 -0.241971
vn 0.478999 0.843253 -0.243894
vn 0.472699 0.839920 -0.266626
vn 0.471852 0.839717 -0.268758
vn 0.482974 0.844351 -0.231964
vn 0.482974 0.844351 -0.231964
vn 0.482083 0.844072 -0.234817
vn 0.478999 0.843253 -0.243894
vn 0.479791 0.843357 -0.241971
vn 0.481740 0.843839 -0.236353
vn 0.467551 0.836954 -0.284437
vn 0.467551 0.836954 -0.284437
vn -0.493437 -0.847706 0.194714
vn -0.486887 -0.845337 0.219880
vn -0.486118 -0.845273 0.221817
vn -0.492671 -0.847648 0.196897
vn -0.482974 -0.844351 0.231964
vn -0.482974 -0.844351 0.231964
vn 0.251924 0.111376 0.961316
vn 0.251924 0.111376 0.961316
vn 0.251924 0.111376 0.961316
vn 0.251924 0.111376 0.961316
vn 0.265890 0.110971 0.957595
vn 0.265890 0.110971 0.957595
vn 0.265890 0.110971 0.957595
vn 0.265890 0.110971 0.957595
vn 0.258786 0.123595 0.957995
vn 0.258786 0.123595 0.957995
vn 0.258786 0.123595 0.957995
vn 0.258786 0.123595 0.957995
vn 0.047758 -0.954556 0.294179
vn 0.047758 -0.954556 0.294179
vn 0.047758 -0.954556 0.294179
vn 0.047758 -0.954556 0.294179
vn -0.774359 0.535606 0.336890
vn -0.774359 0.535606 0.336890
vn -0.774359 0.535606 0.336890
vn -0.774359 0.535606 0.336890
vn 0.869944 0.482814 -0.100444
vn 0.869944 0.482814 -0.100444
vn 0.869944 0.482814 -0.100444
vn 0.869944 0.482814 -0.100444
vn -0.966751 0.030486 0.253894
vn -0.978745 0.024084 0.203661
vn -0.978745 0.024084 0.203661
vn -0.967147 0.030300 0.252405
vn -0.969134 0.028790 0.244847
vn -0.968632 0.029064 0.246796
vn -0.974715 0.025897 0.221948
vn -0.975219 0.025607 0.219754
vn -0.965891 0.030901 0.257099
vn -0.965891 0.030901 0.257099
vn 0.080863 0.073113 -0.994040
vn 0.080863 0.073113 -0.994040
vn 0.080863 0.073113 -0.994040
vn 0.080863 0.073113 -0.994040
vn -0.559121 0.093573 -0.823788
vn -0.559121 0.093573 -0.823788
vn -0.559121 0.093573 -0.823788
vn -0.559121 0.093573 -0.823788
vn -0.239153 -0.486362 -0.840391
vn -0.239153 -0.486362 -0.840391
vn -0.239153 -0.486362 -0.840391
vn -0.239153 -0.486362 -0.840391
vn -1.000000 0.000000 -0.000000
vn -0.979861 -0.000000 -0.199683
vn -0.979861 -0.000000 -0.199683
vn -1.000000 0.000000 -0.000000
vn -0.979861 0.000000 0.199683
vn -0.979861 0.000000 0.199683
vn -0.038229 -0.000000 -0.999269
vn -0.077327 -0.000000 -0.997006
vn -0.077327 -0.000000 -0.997006
vn -0.038229 -0.000000 -0.999269
vn 0.038229 -0.000000 -0.999269
vn 0.038229 -0.000000 -0.999269
vn 0.077327 -0.000000 -0.997006
vn 0.038229 -0.000000 -0.999269
vn 0.077327 -0.000000 -0.997006
vn -0.258798 0.115360 0.959018
vn -0.258798 0.115360 0.959018
vn -0.258798 0.115360 0.959018
vn -0.258798 0.115360 0.959018
vn -0.258798 0.115360 0.959018
vn -0.258798 0.115360 0.959018
vn -0.258798 0.115360 0.959018
vn -0.258798 0.115360 0.959018
vn -0.258798 0.115360 0.959018
vn -0.258798 0.115360 0.959018
vn -0.258798 0.115360 0.959018
vn -0.258798 0.115360 0.959018
vn 0.057213 0.942745 -0.328569
vn 0.057213 0.942745 -0.328569
vn 0.057213 0.942745 -0.328569
vn 0.057213 0.942745 -0.328569
vn -0.258798 0.115360 0.959018
vn -0.258798 0.115360 0.959018
vn -0.258798 0.115360 0.959018
vn -0.258798 0.115360 0.959018
vn -0.258798 0.115360 0.959018
vn -0.258798 0.115360 0.959018
vn 0.872998 -0.483616 0.063168
vn 0.872998 -0.483616 0.063168
vn 0.872998 -0.483616 0.063168
vn 0.872998 -0.483616 0.063168
vn 0.057227 -0.993768 -0.095653
vn 0.057227 -0.993768 -0.095653
vn 0.057227 -0.993768 -0.095653
vn 0.057227 -0.993768 -0.095653
vn -0.758643 0.432534 -0.487211
vn -0.758643 0.432534 -0.487211
vn -0.758643 0.432534 -0.487211
vn -0.758643 0.432534 -0.487211
vn 0.873089 0.484643 -0.053256
vn 0.873089 0.484643 -0.053256
vn 0.873089 0.484643 -0.053256
vn 0.873089 0.484643 -0.053256
vn -0.758711 -0.535590 -0.370812
vn -0.758711 -0.535590 -0.370812
vn -0.758711 -0.535590 -0.370812
vn -0.758711 -0.535590 -0.370812
vn -0.836593 -0.523053 -0.162874
vn -0.836593 -0.523053 -0.162874
vn -0.836593 -0.523053 -0.162874
vn -0.836593 -0.523053 -0.162874
vn -0.000000 0.992846 -0.119405
vn -0.000000 0.992846 -0.119405
vn -0.000000 0.992846 -0.119405
vn -0.000000 0.992846 -0.119405
vn 0.836466 -0.469749 0.282240
vn 0.836466 -0.469749 0.282240
vn 0.836466 -0.469749 0.282240
vn 0.836466 -0.469749 0.282240
vn -0.000000 -0.992846 0.119405
vn -0.000000 -0.992846 0.119405
vn -0.000000 -0.992846 0.119405
vn -0.000000 -0.992846 0.119405
vn -0.836466 0.469749 -0.282240
vn -0.836466 0.469749 -0.282240
vn -0.836466 0.469749 -0.282240
vn -0.836466 0.469749 -0.282240
vn 0.836593 0.523053 0.162874
vn 0.836593 0.523053 0.162874
vn 0.836593 0.523053 0.162874
vn 0.836593 0.523053 0.162874
vn -0.258798 -0.115360 -0.959018
vn -0.258798 -0.115360 -0.959018
vn -0.258798 -0.115360 -0.959018
vn -0.258798 -0.115360 -0.959018
vn -0.258798 -0.115360 -0.959018
vn -0.258798 -0.115360 -0.959018
vn 0.850962 -0.475768 0.222505
vn 0.850962 -0.475768 0.222505
vn 0.840329 -0.471434 0.267577
vn 0.840329 -0.471434 0.267577
vn 0.875513 -0.483168 0.005097
vn 0.875513 -0.483168 0.005097
vn 0.850962 -0.475768 0.222505
vn 0.854135 -0.477368 0.206331
vn 0.850962 -0.475768 0.222505
vn 0.854135 -0.477368 0.206331
vn 0.752099 -0.429527 0.499853
vn 0.752099 -0.429527 0.499853
vn -0.818926 -0.529348 -0.221701
vn -0.818926 -0.529348 -0.221701
vn -0.832472 -0.524872 -0.177480
vn -0.832472 -0.524872 -0.177480
vn -0.731863 -0.534616 -0.422567
vn -0.731863 -0.534616 -0.422567
vn -0.818926 -0.529348 -0.221701
vn -0.813548 -0.530809 -0.237448
vn -0.818926 -0.529348 -0.221701
vn -0.813548 -0.530809 -0.237448
vn -0.873923 -0.481390 0.067253
vn -0.873923 -0.481390 0.067253
vn 0.483637 0.874991 0.022049
vn 0.485624 0.874075 0.012734
vn 0.485031 0.874373 0.014722
vn 0.484026 0.874811 0.020595
vn 0.496154 0.867781 -0.028064
vn 0.496154 0.867781 -0.028064
vn 0.484212 -0.844868 0.227455
vn 0.496892 -0.849233 0.178612
vn 0.496892 -0.849233 0.178612
vn 0.483863 -0.844686 0.228871
vn 0.486118 -0.845273 0.221817
vn 0.486887 -0.845337 0.219880
vn -0.480791 -0.876119 -0.035437
vn -0.480175 -0.876375 -0.037411
vn -0.481633 -0.875874 -0.029568
vn -0.482234 -0.875591 -0.028125
vn -0.468363 -0.880074 -0.078142
vn -0.468363 -0.880074 -0.078142
vn 0.485031 0.874373 0.014722
vn 0.485624 0.874075 0.012734
vn 0.491348 0.870904 -0.010160
vn 0.491916 0.870556 -0.012275
vn 0.482835 0.875352 0.025082
vn 0.482835 0.875352 0.025082
vn -0.473278 -0.878701 -0.062394
vn -0.480175 -0.876375 -0.037411
vn -0.480791 -0.876119 -0.035437
vn -0.473921 -0.878500 -0.060308
vn -0.482835 -0.875352 -0.025082
vn -0.482835 -0.875352 -0.025082
vn -0.955201 -0.036168 -0.293739
vn -0.965891 -0.030901 -0.257099
vn -0.965891 -0.030901 -0.257099
vn -0.955843 -0.035850 -0.291683
vn -0.962551 -0.032995 -0.269085
vn -0.963100 -0.032722 -0.267148
vn -0.964707 -0.031490 -0.261437
vn -0.965114 -0.031304 -0.259951
vn -0.950138 -0.037626 -0.309552
vn -0.950138 -0.037626 -0.309552
vn 0.003968 0.990964 -0.134066
vn 0.071775 0.921848 -0.380848
vn 0.071775 0.921848 -0.380848
vn 0.003968 0.990964 -0.134066
vn 0.015960 0.983840 -0.178336
vn 0.015960 0.983840 -0.178336
vn 0.020245 0.980781 -0.194057
vn 0.020245 0.980781 -0.194057
vn -0.060848 0.992124 0.109490
vn -0.060848 0.992124 0.109490
vn -0.479791 0.843357 -0.241971
vn -0.472699 0.839920 -0.266626
vn -0.478999 0.843253 -0.243894
vn -0.471852 0.839717 -0.268758
vn -0.482974 0.844351 -0.231964
vn -0.482974 0.844351 -0.231964
vn -0.482083 0.844072 -0.234817
vn -0.479791 0.843357 -0.241971
vn -0.478999 0.843253 -0.243894
vn -0.481740 0.843839 -0.236353
vn -0.467551 0.836954 -0.284437
vn -0.467551 0.836954 -0.284437
vn 0.493437 -0.847706 0.194714
vn 0.486118 -0.845273 0.221817
vn 0.486887 -0.845337 0.219880
vn 0.492671 -0.847648 0.196897
vn 0.482974 -0.844351 0.231964
vn 0.482974 -0.844351 0.231964
vn -0.251924 0.111376 0.961316
vn -0.251924 0.111376 0.961316
vn -0.251924 0.111376 0.961316
vn -0.251924 0.111376 0.961316
vn -0.265890 0.110971 0.957595
vn -0.265890 0.110971 0.957595
vn -0.265890 0.110971 0.957595
vn -0.265890 0.110971 0.957595
vn -0.258786 0.123595 0.957995
vn -0.258786 0.123595 0.957995
vn -0.258786 0.123595 0.957995
vn -0.258786 0.123595 0.957995
vn -0.047758 -0.954556 0.294179
vn -0.047758 -0.954556 0.294179
vn -0.047758 -0.954556 0.294179
vn -0.047758 -0.954556 0.294179
vn 0.774359 0.535606 0.336890
vn 0.774359 0.535606 0.336890
vn 0.774359 0.535606 0.336890
vn 0.774359 0.535606 0.336890
vn -0.869944 0.482814 -0.100444
vn -0.869944 0.482814 -0.100444
vn -0.869944 0.482814 -0.100444
vn -0.869944 0.482814 -0.100444
vn 0.966751 0.030486 0.253894
vn 0.978745 0.024084 0.203661
vn 0.978745 0.024084 0.203661
vn 0.967147 0.030300 0.252405
vn 0.969134 0.028790 0.244847
vn 0.968632 0.029064 0.246796
vn 0.974715 0.025897 0.221948
vn 0.975219 0.025607 0.219754
vn 0.965891 0.030901 0.257099
vn 0.965891 0.030901 0.257099
vn -0.080863 0.073113 -0.994040
vn -0.080863 0.073113 -0.994040
vn -0.080863 0.073113 -0.994040
vn -0.080863 0.073113 -0.994040
vn 0.559121 0.093573 -0.823788
vn 0.559121 0.093573 -0.823788
vn 0.559121 0.093573 -0.823788
vn 0.559121 0.093573 -0.823788
vn 0.239153 -0.486362 -0.840391
vn 0.239153 -0.486362 -0.840391
vn 0.239153 -0.486362 -0.840391
vn 0.239153 -0.486362 -0.840391
vn 1.000000 0.000000 -0.000000
vn 0.979861 -0.000000 -0.199683
vn 0.979861 -0.000000 -0.199683
vn 1.000000 0.000000 -0.000000
vn 0.979861 0.000000 0.199683
vn 0.979861 0.000000 0.199683
vn -0.038229 0.000000 0.999269
vn -0.077327 0.000000 0.997006
vn -0.077327 0.000000 0.997006
vn -0.038229 0.000000 0.999269
vn 0.038229 0.000000 0.999269
vn 0.038229 0.000000 0.999269
vn 0.077327 0.000000 0.997006
vn 0.077327 0.000000 0.997006
vn -0.000000 0.000000 1.000000
vn -0.000000 0.000000 1.000000
vn -0.000000 0.000000 1.000000
vn -0.000000 0.000000 1.000000
vn -1.000000 0.000000 -0.000000
vn -1.000000 0.000000 -0.000000
vn -1.000000 0.000000 -0.000000
vn -1.000000 0.000000 -0.000000
vn 1.000000 0.000000 -0.000000
vn 1.000000 0.000000 -0.000000
vn 1.000000 0.000000 -0.000000
vn 1.000000 0.000000 -0.000000
vn -1.000000 0.000000 -0.000000
vn -1.000000 0.000000 -0.000000
vn -1.000000 0.000000 -0.000000
vn -1.000000 0.000000 -0.000000
vn -0.000000 -0.000000 -1.000000
vn -0.000000 -0.000000 -1.000000
vn -0.000000 -0.000000 -1.000000
vn -0.000000 -0.000000 -1.000000
vn 1.000000 0.000000 -0.000000
vn 1.000000 0.000000 -0.000000
vn 1.000000 0.000000 -0.000000
vn 1.000000 0.000000 -0.000000
vn -0.000000 0.000000 1.000000
vn -0.000000 0.000000 1.000000
vn -0.000000 0.000000 1.000000
vn -0.000000 0.000000 1.000000
vn -0.000000 -0.000000 -1.000000
vn -0.000000 -0.000000 -1.000000
vn -0.000000 -0.000000 -1.000000
vn -0.000000 -0.000000 -1.000000
vn -0.000000 1.000000 -0.000000
vn -0.000000 1.000000 -0.000000
vn -0.000000 1.000000 -0.000000
vn -0.000000 1.000000 -0.000000
vn 1.000000 0.000000 -0.000000
vn 1.000000 0.000000 -0.000000
vn 1.000000 0.000000 -0.000000
vn 1.000000 0.000000 -0.000000
vn -1.000000 0.000000 -0.000000
vn -1.000000 0.000000 -0.000000
vn -1.000000 0.000000 -0.000000
vn -1.000000 0.000000 -0.000000
vn -0.000000 -0.000000 -1.000000
vn -0.000000 -0.000000 -1.000000
vn -0.000000 -0.000000 -1.000000
vn -0.000000 -0.000000 -1.000000
vn -0.000000 0.000000 1.000000
vn -0.000000 0.000000 1.000000
vn -0.000000 0.000000 1.000000
vn -0.000000 0.000000 1.000000
vn 0.261671 0.000000 0.965157
vn 0.097606 0.000000 0.995225
vn 0.261671 0.000000 0.965157
vn 0.150847 0.000000 0.988557
vn -0.000000 0.000000 1.000000
vn -0.000000 0.000000 1.000000
vn 0.021820 0.962402 0.270752
vn 0.033142 0.985359 0.167238
vn -0.000000 0.985895 0.167368
vn -0.000000 0.961956 0.273205
vn -0.033142 0.985359 0.167238
vn -0.021820 0.962402 0.270752
vn 0.021820 0.962402 -0.270752
vn -0.000000 0.985895 -0.167368
vn 0.033142 0.985359 -0.167238
vn -0.000000 0.961956 -0.273205
vn -0.033142 0.985359 -0.167238
vn -0.021820 0.962402 -0.270752
vn -0.000000 -0.931592 -0.363506
vn 0.011145 -0.931534 -0.363484
vn 0.021820 -0.962402 -0.270752
vn -0.000000 -0.961956 -0.273205
vn -0.011145 -0.931534 -0.363484
vn -0.021820 -0.962402 -0.270752
vn -0.985393 -0.000000 -0.170295
vn -0.985393 -0.000000 -0.170295
vn -0.985393 -0.000000 -0.170295
vn -0.985393 -0.000000 -0.170295
vn -0.985393 -0.000000 -0.170295
vn -0.985393 -0.000000 -0.170295
vn -0.985393 -0.000000 -0.170295
vn -0.985393 -0.000000 -0.170295
vn -0.000000 -0.961956 -0.273205
vn 0.021820 -0.962402 -0.270752
vn 0.033142 -0.985359 -0.167238
vn -0.000000 -0.985895 -0.167368
vn -0.021820 -0.962402 -0.270752
vn -0.033142 -0.985359 -0.167238
vn 0.254900 -0.966374 0.033877
vn 0.222428 -0.972726 0.065801
vn 0.314134 -0.946064 0.079266
vn 0.287386 -0.957141 0.035923
vn 0.207663 -0.978128 -0.011865
vn -0.000000 -0.999451 0.033140
vn 0.237018 -0.971505 -0.000717
vn -0.000000 -0.999713 0.023976
vn -0.000000 -0.999897 0.014349
vn -0.254347 -0.961735 -0.101849
vn -0.297112 -0.879372 -0.372061
vn -0.352572 -0.836991 -0.418496
vn -0.340035 -0.939794 -0.034113
vn -0.166140 -0.985856 0.022034
vn -0.000000 -0.922062 -0.387042
vn -0.285375 -0.958409 0.003645
vn -0.000000 -0.999728 -0.023320
vn -0.000000 -0.999893 -0.014654
vn 0.352572 -0.836991 -0.418496
vn -0.048947 -0.982841 -0.177844
vn -0.016115 -0.858972 -0.511769
vn 0.254347 -0.961735 -0.101849
vn -0.053778 -0.997671 0.041966
vn 0.166140 -0.985856 0.022034
vn -0.038565 -0.994403 0.098366
vn 0.005127 -0.992280 0.123913
vn -0.308279 -0.350018 -0.884563
vn -0.352572 -0.836991 -0.418496
vn -0.297112 -0.879372 -0.372061
vn -0.281494 -0.412842 -0.866212
vn -0.000000 -0.922062 -0.387042
vn -0.000000 -0.408516 -0.912751
vn 0.985393 -0.000000 -0.170295
vn 0.985393 -0.000000 -0.170295
vn 0.985393 -0.000000 -0.170295
vn 0.985393 -0.000000 -0.170295
vn 0.985393 -0.000000 -0.170295
vn 0.985393 -0.000000 -0.170295
vn 0.985393 -0.000000 -0.170295
vn 0.985393 -0.000000 -0.170295
vn -0.000000 0.999697 0.024617
vn -0.313232 0.946289 0.080139
vn -0.000000 0.999702 0.024419
vn -0.254415 0.966386 0.037021
vn -0.008818 0.999811 -0.017300
vn -0.209191 0.977852 -0.006747
vn -0.068304 0.996672 -0.044499
vn -0.051416 0.996464 -0.066459
vn -0.000000 -0.999725 0.023458
vn -0.000000 -0.999408 0.034390
vn -0.314134 -0.946064 0.079266
vn -0.254900 -0.966374 0.033877
vn -0.016971 -0.999711 -0.017047
vn -0.207663 -0.978128 -0.011865
vn -0.054619 -0.996928 -0.056144
vn -0.086536 -0.993517 -0.073720
vn -0.000000 0.000000 1.000000
vn 0.174844 0.000000 0.984596
vn 0.174962 0.000000 0.984575
vn -0.000000 0.000000 1.000000
vn 0.992375 0.000000 0.123253
vn 0.992375 0.000000 0.123253
vn 0.992375 0.000000 0.123253
vn 0.992375 0.000000 0.123253
vn -0.352572 -0.836991 -0.418496
vn 0.016115 -0.858972 -0.511769
vn 0.048947 -0.982841 -0.177844
vn -0.254347 -0.961735 -0.101849
vn 0.053778 -0.997671 0.041966
vn -0.166140 -0.985856 0.022034
vn 0.038565 -0.994403 0.098366
vn -0.005127 -0.992280 0.123913
vn 0.005127 -0.992280 0.123913
vn -0.005127 -0.992280 0.123913
vn 0.053778 -0.997671 0.041966
vn -0.053778 -0.997671 0.041966
vn 0.048947 -0.982841 -0.177844
vn -0.048947 -0.982841 -0.177844
vn 0.016115 -0.858972 -0.511769
vn -0.016115 -0.858972 -0.511769
vn -0.000000 0.000000 1.000000
vn 0.088742 0.000000 0.996055
vn 0.088742 0.000000 0.996055
vn -0.000000 0.000000 1.000000
vn -0.088742 0.000000 0.996055
vn -0.088742 0.000000 0.996055
vn -0.000000 0.000000 1.000000
vn 0.088742 0.000000 0.996055
vn 0.088742 0.000000 0.996055
vn -0.000000 0.000000 1.000000
vn -0.088742 0.000000 0.996055
vn -0.088742 0.000000 0.996055
vn 0.985393 -0.000000 -0.170295
vn 0.985393 -0.000000 -0.170295
vn 0.985393 -0.000000 -0.170295
vn 0.985393 -0.000000 -0.170295
vn -0.000000 0.931592 0.363506
vn -0.021820 0.962402 0.270752
vn -0.011145 0.931534 0.363484
vn -0.000000 0.961956 0.273205
vn 0.011145 0.931534 0.363484
vn 0.021820 0.962402 0.270752
vn 0.011145 -0.931534 0.363484
vn -0.000000 -0.961956 0.273205
vn 0.021820 -0.962402 0.270752
vn -0.000000 -0.931592 0.363506
vn -0.021820 -0.962402 0.270752
vn -0.011145 -0.931534 0.363484
vn -0.985393 -0.000000 -0.170295
vn -0.985393 -0.000000 -0.170295
vn -0.985393 -0.000000 -0.170295
vn -0.985393 -0.000000 -0.170295
vn -0.985393 -0.000000 -0.170295
vn -0.985393 -0.000000 -0.170295
vn -0.985393 -0.000000 -0.170295
vn -0.985393 -0.000000 -0.170295
vn -0.000000 -0.961956 0.273205
vn -0.021820 -0.962402 0.270752
vn -0.033142 -0.985359 0.167238
vn -0.000000 -0.985895 0.167368
vn 0.021820 -0.962402 0.270752
vn 0.033142 -0.985359 0.167238
vn 0.985393 -0.000000 -0.170295
vn 0.985393 -0.000000 -0.170295
vn 0.985393 -0.000000 -0.170295
vn 0.985393 -0.000000 -0.170295
vn -0.000000 0.931592 -0.363506
vn -0.011145 0.931534 -0.363484
vn -0.021820 0.962402 -0.270752
vn -0.000000 0.961956 -0.273205
vn 0.011145 0.931534 -0.363484
vn 0.021820 0.962402 -0.270752
vn 0.261671 0.000000 0.965157
vn 0.150966 0.000000 0.988539
vn 0.261671 0.000000 0.965157
vn 0.098875 0.000000 0.995100
vn -0.000000 0.000000 1.000000
vn -0.000000 0.000000 1.000000
vn -0.992375 0.000000 0.123253
vn -0.992375 0.000000 0.123253
vn -0.992375 0.000000 0.123253
vn -0.992375 0.000000 0.123253
vn -0.243134 0.966677 -0.080129
vn -0.282681 0.957895 -0.050287
vn -0.172747 0.984964 0.002135
vn -0.343708 0.936896 -0.063957
vn -0.000000 0.997434 -0.071585
vn -0.340302 0.842698 -0.417199
vn -0.000000 0.998653 -0.051886
vn -0.296808 0.879196 -0.372719
vn -0.298016 0.328526 -0.896246
vn -0.000000 0.921465 -0.388461
vn -0.280701 0.412752 -0.866512
vn -0.308279 -0.350018 -0.884563
vn -0.000000 0.408516 -0.912751
vn -0.281494 -0.412842 -0.866212
vn -0.000000 -0.408516 -0.912751
vn 0.068304 0.996672 -0.044499
vn 0.051416 0.996464 -0.066459
vn 0.008818 0.999811 -0.017300
vn 0.209191 0.977852 -0.006747
vn -0.000000 0.999697 0.024617
vn 0.254415 0.966386 0.037021
vn -0.000000 0.999702 0.024419
vn 0.313232 0.946289 0.080139
vn 0.051416 0.996464 -0.066459
vn -0.051416 0.996464 -0.066459
vn -0.008818 0.999811 -0.017300
vn 0.008818 0.999811 -0.017300
vn -0.000000 0.999697 0.024617
vn -0.000000 0.999697 0.024617
vn -0.000000 0.999702 0.024419
vn -0.000000 0.999702 0.024419
vn -0.000000 1.000000 -0.000000
vn -0.000000 1.000000 -0.000000
vn 0.016115 -0.858972 -0.511769
vn -0.000000 -0.745548 -0.666452
vn -0.000000 -0.745548 -0.666452
vn -0.016115 -0.858972 -0.511769
vn 0.992375 0.000000 0.123253
vn 0.992375 0.000000 0.123253
vn 0.992375 0.000000 0.123253
vn 0.992375 0.000000 0.123253
vn -0.174844 0.000000 0.984596
vn -0.000000 0.000000 1.000000
vn -0.000000 0.000000 1.000000
vn -0.174962 0.000000 0.984575
vn 0.254900 -0.966374 0.033877
vn 0.314134 -0.946064 0.079266
vn -0.000000 -0.999408 0.034390
vn -0.000000 -0.999725 0.023458
vn 0.207663 -0.978128 -0.011865
vn 0.016971 -0.999711 -0.017047
vn 0.054619 -0.996928 -0.056144
vn 0.086536 -0.993517 -0.073720
vn 0.308279 -0.350018 -0.884563
vn 0.297112 -0.879372 -0.372061
vn 0.352572 -0.836991 -0.418496
vn 0.281494 -0.412842 -0.866212
vn -0.000000 -0.922062 -0.387042
vn -0.000000 -0.408516 -0.912751
vn 1.000000 0.000000 -0.000000
vn 0.999557 -0.000000 -0.029771
vn 0.999469 -0.000000 -0.032591
vn 1.000000 0.000000 -0.000000
vn 1.000000 0.000000 -0.000000
vn -1.000000 0.000000 -0.000000
vn -1.000000 0.000000 -0.000000
vn -1.000000 0.000000 -0.000000
vn -1.000000 0.000000 -0.000000
vn 0.028122 0.672844 -0.739250
vn -0.298016 0.328526 -0.896246
vn -0.340302 0.842698 -0.417199
vn 0.073493 0.895593 -0.438762
vn 0.028122 0.672844 -0.739250
vn 0.116906 0.989947 -0.079606
vn -0.243134 0.966677 -0.080129
vn 0.099109 0.994511 0.033535
vn -0.172747 0.984964 0.002135
vn 0.040166 0.989367 0.139786
vn -0.007083 0.986224 0.165266
vn 0.222094 0.972867 0.064833
vn -0.000000 0.999500 0.031616
vn -0.000000 0.999728 0.023320
vn 0.287286 0.957295 0.032463
vn 0.313232 0.946289 0.080139
vn -0.000000 0.999893 0.014654
vn 0.254415 0.966386 0.037021
vn 0.238858 0.971054 -0.000652
vn 0.209191 0.977852 -0.006747
vn -0.261671 0.000000 0.965157
vn -0.098875 0.000000 0.995100
vn -0.261671 0.000000 0.965157
vn -0.150966 0.000000 0.988539
vn -0.000000 0.000000 1.000000
vn -0.000000 0.000000 1.000000
vn 0.174844 0.000000 0.984596
vn 0.123854 0.000000 0.992300
vn 0.174962 0.000000 0.984575
vn 0.124095 0.000000 0.992270
vn -0.000000 0.000000 1.000000
vn -0.000000 0.000000 1.000000
vn -0.261671 0.000000 0.965157
vn -0.150847 0.000000 0.988557
vn -0.261671 0.000000 0.965157
vn -0.097606 0.000000 0.995225
vn -0.000000 0.000000 1.000000
vn -0.000000 0.000000 1.000000
vn -0.073493 0.895593 -0.438762
vn 0.340302 0.842698 -0.417199
vn -0.028122 0.672844 -0.739250
vn -0.116906 0.989947 -0.079606
vn 0.243134 0.966677 -0.080129
vn -0.099109 0.994511 0.033535
vn 0.172747 0.984964 0.002135
vn -0.040166 0.989367 0.139786
vn 0.007083 0.986224 0.165266
vn 0.297112 -0.879372 -0.372061
vn -0.000000 -0.922062 -0.387042
vn -0.000000 -0.999728 -0.023320
vn 0.340035 -0.939794 -0.034113
vn 0.352572 -0.836991 -0.418496
vn -0.000000 -0.999893 -0.014654
vn 0.254347 -0.961735 -0.101849
vn 0.285375 -0.958409 0.003645
vn 0.166140 -0.985856 0.022034
vn -0.123854 0.000000 0.992300
vn -0.000000 0.000000 1.000000
vn -0.000000 0.000000 1.000000
vn -0.124095 0.000000 0.992270
vn -0.174962 0.000000 0.984575
vn -0.174844 0.000000 0.984596
vn 0.298016 0.328526 -0.896246
vn 0.281494 -0.412842 -0.866212
vn 0.308279 -0.350018 -0.884563
vn 0.280701 0.412752 -0.866512
vn -0.000000 -0.408516 -0.912751
vn 0.340302 0.842698 -0.417199
vn -0.000000 0.408516 -0.912751
vn 0.296808 0.879196 -0.372719
vn 0.243134 0.966677 -0.080129
vn -0.000000 0.921465 -0.388461
vn 0.343708 0.936896 -0.063957
vn 0.172747 0.984964 0.002135
vn -0.000000 0.998653 -0.051886
vn 0.282681 0.957895 -0.050287
vn -0.000000 0.997434 -0.071585
vn -0.254900 -0.966374 0.033877
vn -0.237018 -0.971505 -0.000717
vn -0.207663 -0.978128 -0.011865
vn -0.287386 -0.957141 0.035923
vn -0.314134 -0.946064 0.079266
vn -0.000000 -0.999897 0.014349
vn -0.222428 -0.972726 0.065801
vn -0.000000 -0.999713 0.023976
vn -0.000000 -0.999451 0.033140
vn -0.254415 0.966386 0.037021
vn -0.222094 0.972867 0.064833
vn -0.313232 0.946289 0.080139
vn -0.287286 0.957295 0.032463
vn -0.209191 0.977852 -0.006747
vn -0.000000 0.999500 0.031616
vn -0.238858 0.971054 -0.000652
vn -0.000000 0.999728 0.023320
vn -0.000000 0.999893 0.014654
vn -0.997972 -0.000000 -0.063655
vn -0.997972 -0.000000 -0.063655
vn -0.999082 0.000000 0.042849
vn -0.999284 0.000000 0.037833
vn -0.998846 0.000000 0.048026
vn -0.995400 0.000000 0.095805
vn -1.000000 0.000000 -0.000000
vn -1.000000 0.000000 -0.000000
vn -0.998948 0.000000 0.045864
vn -0.995810 0.000000 0.091449
vn -0.999248 0.000000 0.038766
vn -0.999360 0.000000 0.035761
vn -0.997886 -0.000000 -0.064992
vn -0.997886 -0.000000 -0.064992
vn 0.997972 -0.000000 -0.063655
vn 0.997972 -0.000000 -0.063655
vn 0.999284 0.000000 0.037833
vn 0.999082 0.000000 0.042849
vn 0.995400 0.000000 0.095805
vn 0.998846 0.000000 0.048026
vn 1.000000 0.000000 -0.000000
vn 0.998948 0.000000 0.045864
vn 1.000000 0.000000 -0.000000
vn 0.995810 0.000000 0.091449
vn 0.999360 0.000000 0.035761
vn 0.999248 0.000000 0.038766
vn 0.997886 -0.000000 -0.064992
vn 0.997886 -0.000000 -0.064992
vn -1.000000 0.000000 -0.000000
vn -1.000000 0.000000 -0.000000
vn -1.000000 0.000000 -0.000000
vn -0.999557 -0.000000 -0.029771
vn -0.999469 -0.000000 -0.032591
vn -0.995832 -0.000000 -0.091207
vn -0.995990 -0.000000 -0.089468
vn -0.000000 -0.745548 -0.666452
vn 0.308279 -0.350018 -0.884563
vn 0.352572 -0.836991 -0.418496
vn -0.016115 -0.858972 -0.511769
vn 0.995990 -0.000000 -0.089468
vn 0.992707 -0.000000 -0.120548
vn 0.992707 -0.000000 -0.120548
vn 0.995832 -0.000000 -0.091207
vn 0.999469 -0.000000 -0.032591
vn 0.999557 -0.000000 -0.029771
vn -0.992375 0.000000 0.123253
vn -0.992375 0.000000 0.123253
vn -0.992375 0.000000 0.123253
vn -0.992375 0.000000 0.123253
vn -0.995990 -0.000000 -0.089468
vn -0.992707 -0.000000 -0.120548
vn -0.992707 -0.000000 -0.120548
vn -0.995832 -0.000000 -0.091207
vn 0.016115 -0.858972 -0.511769
vn -0.352572 -0.836991 -0.418496
vn -0.308279 -0.350018 -0.884563
vn -0.000000 -0.745548 -0.666452
vn 0.258798 -0.115360 -0.959018
vn 0.258798 -0.115360 -0.959018
vn 0.258798 -0.115360 -0.959018
vn 0.258798 -0.115360 -0.959018
vn 0.258798 -0.115360 -0.959018
vn 0.258798 -0.115360 -0.959018
vn 0.021671 -0.993803 0.109025
vn 0.046474 -0.992594 0.112234
vn 0.037772 -0.999274 -0.004950
vn 0.020122 -0.999792 0.003236
vn -0.021671 -0.993803 0.109025
vn 0.029536 -0.993489 -0.110028
vn -0.020122 -0.999792 0.003236
vn 0.014525 -0.994042 -0.108022
vn -0.014525 -0.994042 -0.108022
vn 0.021671 0.993803 0.109025
vn 0.037772 0.999274 -0.004950
vn 0.046474 0.992594 0.112234
vn 0.020122 0.999792 0.003236
vn -0.021671 0.993803 0.109025
vn 0.029536 0.993489 -0.110028
vn -0.020122 0.999792 0.003236
vn 0.014525 0.994042 -0.108022
vn -0.014525 0.994042 -0.108022
vn -0.046474 0.992594 0.112234
vn -0.020122 0.999792 0.003236
vn -0.021671 0.993803 0.109025
vn -0.037772 0.999274 -0.004950
vn -0.014525 0.994042 -0.108022
vn -0.029536 0.993489 -0.110028
vn -0.046474 -0.992594 0.112234
vn -0.021671 -0.993803 0.109025
vn -0.020122 -0.999792 0.003236
vn -0.037772 -0.999274 -0.004950
vn -0.014525 -0.994042 -0.108022
vn -0.029536 -0.993489 -0.110028
vn -0.298016 0.328526 -0.896246
vn -0.000000 -0.000000 -1.000000
vn -0.000000 -0.000000 -1.000000
vn -0.308279 -0.350018 -0.884563
vn 0.298016 0.328526 -0.896246
vn 0.308279 -0.350018 -0.884563
vn -0.000000 -0.000000 -1.000000
vn -0.000000 -0.000000 -1.000000
vn -0.000000 -1.000000 0.000000
vn -0.000000 -1.000000 0.000000
vn -0.000000 -1.000000 0.000000
vn -0.000000 -1.000000 0.000000
vn 1.000000 0.000000 -0.000000
vn 1.000000 0.000000 -0.000000
vn 1.000000 0.000000 -0.000000
vn 1.000000 0.000000 -0.000000
vn 1.000000 0.000000 -0.000000
vn 1.000000 0.000000 -0.000000
vn 1.000000 0.000000 -0.000000
vn 1.000000 0.000000 -0.000000
vn 0.996868 -0.000000 -0.079085
vn 0.999027 -0.000000 -0.044098
vn 0.991532 -0.000000 -0.129861
vn 0.991469 -0.000000 -0.130341
vn 0.992165 -0.000000 -0.124936
vn 0.992656 -0.000000 -0.120969
vn 0.994924 -0.000000 -0.100627
vn 0.994924 -0.000000 -0.100627
vn -0.000000 -0.641576 0.767059
vn -0.000000 -0.641576 0.767059
vn -0.000000 -0.641576 0.767059
vn -0.000000 -0.641576 0.767059
vn 0.642631 -0.766176 0.000000
vn 0.642631 -0.766176 0.000000
vn 0.341743 -0.939793 0.000000
vn 0.642631 -0.766176 0.000000
vn 0.327194 -0.944957 0.000000
vn -0.327194 -0.944957 0.000000
vn -0.341743 -0.939793 0.000000
vn -1.000000 0.000000 -0.000000
vn -1.000000 0.000000 -0.000000
vn -1.000000 0.000000 -0.000000
vn -1.000000 0.000000 -0.000000
vn -0.999027 0.000000 0.044098
vn -0.996868 0.000000 0.079085
vn -0.991469 0.000000 0.130341
vn -0.991532 0.000000 0.129861
vn -0.992656 0.000000 0.120969
vn -0.992165 0.000000 0.124936
vn -0.994924 0.000000 0.100627
vn -0.994924 0.000000 0.100627
vn -0.000000 -0.000000 -1.000000
vn -0.000000 -0.000000 -1.000000
vn -0.000000 -0.000000 -1.000000
vn -0.000000 -0.000000 -1.000000
vn -0.000000 -0.000000 -1.000000
vn 0.000010 0.364519 -0.931196
vn 0.000010 0.364519 -0.931196
vn 0.000015 0.897531 -0.440952
vn 0.000015 0.910141 -0.414300
vn 0.000015 0.910141 -0.414300
vn 0.000016 0.999844 0.017652
vn 0.000015 0.897531 -0.440952
vn 0.000016 0.999510 0.031311
vn 0.000016 0.990562 0.137063
vn 0.000016 0.989834 0.142225
vn 0.000016 0.985028 0.172392
vn 0.000016 0.985028 0.172392
vn -0.000000 -0.998324 0.057880
vn -0.000000 -0.998324 0.057880
vn -0.000000 -0.998324 0.057880
vn -0.000000 -0.998324 0.057880
vn -0.000000 -0.985028 -0.172392
vn -0.000000 -0.985028 -0.172392
vn -0.000000 -0.985028 -0.172392
vn -0.000000 -0.985028 -0.172392
vn -0.000000 -0.994278 -0.106826
vn -0.000000 -0.994278 -0.106826
vn -0.000000 -0.994278 -0.106826
vn -0.000000 -0.994278 -0.106826
vn -0.642631 -0.766176 0.000000
vn -0.327194 -0.944957 0.000000
vn -0.341743 -0.939793 0.000000
vn -0.642631 -0.766176 0.000000
vn -0.642631 -0.766176 0.000000
vn -1.000000 0.000000 -0.000000
vn -1.000000 0.000000 -0.000000
vn -1.000000 0.000000 -0.000000
vn -1.000000 0.000000 -0.000000
vn -0.996868 -0.000000 -0.079085
vn -0.999027 -0.000000 -0.044098
vn -0.991532 -0.000000 -0.129861
vn -0.991469 -0.000000 -0.130341
vn -0.992165 -0.000000 -0.124936
vn -0.992656 -0.000000 -0.120969
vn -0.994924 -0.000000 -0.100627
vn -0.994924 -0.000000 -0.100627
vn -0.000000 -0.641576 0.767059
vn -0.000000 -0.641576 0.767059
vn -0.000000 -0.641576 0.767059
vn -0.000000 -0.641576 0.767059
vn 1.000000 0.000000 -0.000000
vn 1.000000 0.000000 -0.000000
vn 1.000000 0.000000 -0.000000
vn 1.000000 0.000000 -0.000000
vn 0.999027 0.000000 0.044098
vn 0.996868 0.000000 0.079085
vn 0.991469 0.000000 0.130341
vn 0.991532 0.000000 0.129861
vn 0.992656 0.000000 0.120969
vn 0.992165 0.000000 0.124936
vn 0.994924 0.000000 0.100627
vn 0.994924 0.000000 0.100627
vn -0.000000 -0.000000 -1.000000
vn -0.000000 -0.000000 -1.000000
vn -0.000000 -0.000000 -1.000000
vn -0.000010 0.364519 -0.931196
vn -0.000010 0.364519 -0.931196
vn -0.000015 0.897531 -0.440952
vn -0.000015 0.910141 -0.414300
vn -0.000015 0.910141 -0.414300
vn -0.000015 0.897531 -0.440952
vn -0.000016 0.999844 0.017652
vn -0.000016 0.999510 0.031311
vn -0.000016 0.990562 0.137063
vn -0.000016 0.989834 0.142225
vn -0.000016 0.985028 0.172392
vn -0.000016 0.985028 0.172392
vn -0.000000 -0.998324 0.057880
vn -0.000000 -0.998324 0.057880
vn -0.000000 -0.998324 0.057880
vn -0.000000 -0.998324 0.057880
vn -0.000000 -0.985028 -0.172392
vn -0.000000 -0.985028 -0.172392
vn -0.000000 -0.985028 -0.172392
vn -0.000000 -0.985028 -0.172392
vn -0.000000 -0.994278 -0.106826
vn -0.000000 -0.994278 -0.106826
vn -0.000000 -0.994278 -0.106826
vn -0.000000 -0.994278 -0.106826
vn -0.000000 1.000000 -0.000000
vn -0.000000 1.000000 -0.000000
vn -0.000000 1.000000 -0.000000
vn -0.000000 1.000000 -0.000000
vn -0.000000 1.000000 -0.000000
vn -0.000000 1.000000 -0.000000
vn -0.000000 1.000000 -0.000000
vn -0.000000 1.000000 -0.000000
vn -0.000000 1.000000 -0.000000
vn -0.000000 1.000000 -0.000000
vn -0.000000 1.000000 -0.000000
vn -0.000000 1.000000 -0.000000
vn 0.493272 -0.848433 0.191946
vn 0.410555 -0.795275 0.446074
vn 0.880592 0.056578 0.470486
vn 0.975821 0.026095 0.217008
vn 0.410556 0.878358 0.244809
vn 0.493272 0.869751 -0.014678
vn 0.995761 0.010978 0.091323
vn 0.519733 0.843234 -0.137233
vn 0.540577 -0.739442 -0.401249
vn 0.923284 -0.045868 -0.381370
vn 0.540578 0.623230 -0.565119
vn -0.224827 0.598738 -0.768743
vn -0.224824 -0.763928 -0.604870
vn 0.975821 0.026095 0.217008
vn 0.995761 0.010978 0.091323
vn 0.519732 -0.851729 0.066600
vn 0.493272 -0.848433 0.191946
vn -0.432318 -0.882186 -0.186677
vn -0.471824 -0.879308 -0.064800
vn 0.410555 -0.795275 0.446074
vn -0.529517 -0.825349 0.195986
vn -0.954371 -0.035654 -0.296486
vn -0.999553 -0.003570 -0.029692
vn 0.995761 0.010978 0.091323
vn 0.519733 0.843234 -0.137233
vn 0.540578 0.623230 -0.565119
vn 0.923284 -0.045868 -0.381370
vn -0.432318 -0.882186 -0.186677
vn 0.540577 -0.739442 -0.401249
vn -0.224824 -0.763928 -0.604870
vn 0.519732 -0.851729 0.066600
vn 0.923284 -0.045868 -0.381370
vn 0.995761 0.010978 0.091323
vn 0.519733 0.843234 -0.137233
vn -0.224827 0.598738 -0.768743
vn 0.540578 0.623230 -0.565119
vn -0.432321 0.812774 -0.390510
vn -0.607528 -0.094836 -0.788616
vn -0.908344 -0.049934 -0.415232
vn -0.224824 -0.763928 -0.604870
vn -0.432318 -0.882186 -0.186677
vn 0.493272 0.869751 -0.014678
vn 0.410556 0.878358 0.244809
vn -0.529518 0.848282 -0.005281
vn -0.471824 0.838875 -0.271425
vn 0.519733 0.843234 -0.137233
vn -0.999553 -0.003570 -0.029692
vn -0.432321 0.812774 -0.390510
vn -0.954371 -0.035654 -0.296486
vn -0.908344 -0.049934 -0.415232
vn -0.471824 -0.879308 -0.064800
vn -0.432318 -0.882186 -0.186677
vn -0.493272 -0.848433 0.191946
vn -0.880592 0.056578 0.470486
vn -0.410555 -0.795275 0.446074
vn -0.975821 0.026095 0.217008
vn -0.410556 0.878358 0.244809
vn -0.493272 0.869751 -0.014678
vn -0.995761 0.010978 0.091323
vn -0.519733 0.843234 -0.137233
vn 0.224827 0.598738 -0.768743
vn -0.540577 -0.739442 -0.401250
vn 0.224824 -0.763928 -0.604870
vn -0.540578 0.623230 -0.565119
vn -0.923284 -0.045868 -0.381370
vn -0.975821 0.026095 0.217008
vn -0.519732 -0.851729 0.066600
vn -0.995761 0.010978 0.091323
vn -0.493272 -0.848433 0.191946
vn 0.432318 -0.882186 -0.186677
vn 0.471824 -0.879308 -0.064800
vn -0.410555 -0.795275 0.446074
vn 0.529517 -0.825349 0.195986
vn 0.954371 -0.035654 -0.296486
vn 0.999553 -0.003570 -0.029692
vn -0.995761 0.010978 0.091323
vn -0.923284 -0.045868 -0.381370
vn -0.540578 0.623230 -0.565119
vn -0.519733 0.843234 -0.137233
vn 0.432318 -0.882186 -0.186677
vn 0.224824 -0.763928 -0.604870
vn -0.540577 -0.739442 -0.401250
vn -0.519732 -0.851729 0.066600
vn -0.923284 -0.045868 -0.381370
vn -0.995761 0.010978 0.091323
vn -0.519733 0.843234 -0.137233
vn -0.540578 0.623230 -0.565119
vn 0.224827 0.598738 -0.768743
vn 0.432321 0.812774 -0.390510
vn 0.607528 -0.094837 -0.788616
vn 0.908344 -0.049934 -0.415232
vn 0.224824 -0.763928 -0.604870
vn 0.432318 -0.882186 -0.186677
vn -0.493272 0.869751 -0.014678
vn 0.529518 0.848282 -0.005281
vn -0.410556 0.878358 0.244809
vn 0.471824 0.838875 -0.271425
vn -0.519733 0.843234 -0.137233
vn 0.999553 -0.003570 -0.029692
vn 0.432321 0.812774 -0.390510
vn 0.954371 -0.035654 -0.296486
vn 0.908344 -0.049934 -0.415232
vn 0.471824 -0.879308 -0.064800
vn 0.432318 -0.882186 -0.186677
vn 0.065724 -0.931016 0.359012
vn 0.065724 -0.931016 0.359012
vn 0.065724 -0.931016 0.359012
vn 0.065724 -0.931016 0.359012
vn -0.089546 -0.971432 -0.219778
vn -0.089546 -0.971432 -0.219778
vn -0.089546 -0.971432 -0.219778
vn -0.089546 -0.971432 -0.219778
vn 0.695307 0.400754 -0.596611
vn 0.695307 0.400754 -0.596611
vn 0.695307 0.400754 -0.596611
vn 0.695307 0.400754 -0.596611
vn 0.695308 -0.530776 -0.484586
vn 0.695308 -0.530776 -0.484586
vn 0.695308 -0.530776 -0.484586
vn 0.695308 -0.530776 -0.484586
vn -0.089546 0.891627 -0.443827
vn -0.089546 0.891627 -0.443827
vn -0.089546 0.891627 -0.443827
vn -0.089546 0.891627 -0.443827
vn 0.874820 0.483552 -0.029458
vn 0.874820 0.483552 -0.029458
vn 0.874820 0.483552 -0.029458
vn 0.874820 0.483552 -0.029458
vn -0.743374 0.535322 0.401031
vn -0.743374 0.535322 0.401031
vn -0.743374 0.535322 0.401031
vn -0.743374 0.535322 0.401031
vn 0.874819 -0.476750 0.086023
vn 0.874819 -0.476750 0.086023
vn 0.874819 -0.476750 0.086023
vn 0.874819 -0.476750 0.086023
vn 0.065725 0.989588 0.128046
vn 0.065725 0.989588 0.128046
vn 0.065725 0.989588 0.128046
vn 0.065725 0.989588 0.128046
vn -0.743372 -0.424981 0.516516
vn -0.743372 -0.424981 0.516516
vn -0.743372 -0.424981 0.516516
vn -0.743372 -0.424981 0.516516
vn -0.874401 0.450972 -0.179016
vn -0.874401 0.450972 -0.179016
vn -0.874401 0.450972 -0.179016
vn -0.874401 0.450972 -0.179016
vn 0.111948 -0.845288 0.522452
vn 0.111948 -0.845288 0.522452
vn 0.111948 -0.845288 0.522452
vn 0.111948 -0.845288 0.522452
vn 0.626052 -0.518123 -0.582758
vn 0.626052 -0.518123 -0.582758
vn 0.626052 -0.518123 -0.582758
vn 0.626052 -0.518123 -0.582758
vn 0.866167 0.473338 0.160330
vn 0.866167 0.473338 0.160330
vn 0.866167 0.473338 0.160330
vn 0.866167 0.473338 0.160330
vn -0.642273 0.521597 0.561624
vn -0.642273 0.521597 0.561624
vn -0.642273 0.521597 0.561624
vn -0.642273 0.521597 0.561624
vn 0.866167 -0.421832 0.267978
vn 0.866167 -0.421832 0.267978
vn 0.866167 -0.421832 0.267978
vn 0.866167 -0.421832 0.267978
vn 0.111949 0.945053 0.307151
vn 0.111949 0.945053 0.307151
vn 0.111949 0.945053 0.307151
vn 0.111949 0.945053 0.307151
vn -0.642272 -0.373575 0.669275
vn -0.642272 -0.373575 0.669275
vn -0.642272 -0.373575 0.669275
vn -0.642272 -0.373575 0.669275
vn -0.118173 0.830654 -0.544104
vn -0.118173 0.830654 -0.544104
vn -0.118173 0.830654 -0.544104
vn -0.118173 0.830654 -0.544104
vn -0.862402 -0.470506 -0.186780
vn -0.862402 -0.470506 -0.186780
vn -0.862402 -0.470506 -0.186780
vn -0.862402 -0.470506 -0.186780
vn -0.118172 -0.935970 -0.331655
vn -0.118172 -0.935970 -0.331655
vn -0.118172 -0.935970 -0.331655
vn -0.118172 -0.935970 -0.331655
vn 0.626055 0.365186 -0.688981
vn 0.626055 0.365186 -0.688981
vn 0.626055 0.365186 -0.688981
vn 0.626055 0.365186 -0.688981
vn -0.862402 0.412808 -0.293005
vn -0.862402 0.412808 -0.293005
vn -0.862402 0.412808 -0.293005
vn -0.862402 0.412808 -0.293005
vn 0.636359 -0.520363 -0.569446
vn 0.636359 -0.520363 -0.569446
vn 0.636359 -0.520363 -0.569446
vn 0.636359 -0.520363 -0.569446
vn -0.874400 -0.480558 -0.066992
vn -0.874400 -0.480558 -0.066992
vn -0.874400 -0.480558 -0.066992
vn -0.874400 -0.480558 -0.066992
vn 0.636353 0.370520 -0.676587
vn 0.636353 0.370520 -0.676587
vn 0.636353 0.370520 -0.676587
vn 0.636353 0.370520 -0.676587
vn -0.114250 0.839970 -0.530469
vn -0.114250 0.839970 -0.530469
vn -0.114250 0.839970 -0.530469
vn -0.114250 0.839970 -0.530469
vn -0.864854 0.418548 -0.277209
vn -0.864854 0.418548 -0.277209
vn -0.864854 0.418548 -0.277209
vn -0.864854 0.418548 -0.277209
vn -0.864855 -0.472334 -0.170080
vn -0.864855 -0.472334 -0.170080
vn -0.864855 -0.472334 -0.170080
vn -0.864855 -0.472334 -0.170080
vn -0.114254 -0.941788 -0.316197
vn -0.114254 -0.941788 -0.316197
vn -0.114254 -0.941788 -0.316197
vn -0.114254 -0.941788 -0.316197
vn -0.065724 -0.931016 0.359012
vn -0.065724 -0.931016 0.359012
vn -0.065724 -0.931016 0.359012
vn -0.065724 -0.931016 0.359012
vn 0.089546 -0.971432 -0.219778
vn 0.089546 -0.971432 -0.219778
vn 0.089546 -0.971432 -0.219778
vn 0.089546 -0.971432 -0.219778
vn -0.695307 0.400754 -0.596611
vn -0.695307 0.400754 -0.596611
vn -0.695307 0.400754 -0.596611
vn -0.695307 0.400754 -0.596611
vn -0.695308 -0.530776 -0.484586
vn -0.695308 -0.530776 -0.484586
vn -0.695308 -0.530776 -0.484586
vn -0.695308 -0.530776 -0.484586
vn 0.089546 0.891627 -0.443827
vn 0.089546 0.891627 -0.443827
vn 0.089546 0.891627 -0.443827
vn 0.089546 0.891627 -0.443827
vn -0.874820 0.483552 -0.029458
vn -0.874820 0.483552 -0.029458
vn -0.874820 0.483552 -0.029458
vn -0.874820 0.483552 -0.029458
vn 0.743374 0.535322 0.401032
vn 0.743374 0.535322 0.401032
vn 0.743374 0.535322 0.401032
vn 0.743374 0.535322 0.401032
vn -0.874820 -0.476750 0.086023
vn -0.874820 -0.476750 0.086023
vn -0.874820 -0.476750 0.086023
vn -0.874820 -0.476750 0.086023
vn -0.065725 0.989588 0.128046
vn -0.065725 0.989588 0.128046
vn -0.065725 0.989588 0.128046
vn -0.065725 0.989588 0.128046
vn 0.743372 -0.424981 0.516516
vn 0.743372 -0.424981 0.516516
vn 0.743372 -0.424981 0.516516
vn 0.743372 -0.424981 0.516516
vn 0.874401 0.450973 -0.179016
vn 0.874401 0.450973 -0.179016
vn 0.874401 0.450973 -0.179016
vn 0.874401 0.450973 -0.179016
vn -0.111948 -0.845288 0.522452
vn -0.111948 -0.845288 0.522452
vn -0.111948 -0.845288 0.522452
vn -0.111948 -0.845288 0.522452
vn -0.626052 -0.518123 -0.582758
vn -0.626052 -0.518123 -0.582758
vn -0.626052 -0.518123 -0.582758
vn -0.626052 -0.518123 -0.582758
vn -0.866167 0.473338 0.160330
vn -0.866167 0.473338 0.160330
vn -0.866167 0.473338 0.160330
vn -0.866167 0.473338 0.160330
vn 0.642273 0.521597 0.561624
vn 0.642273 0.521597 0.561624
vn 0.642273 0.521597 0.561624
vn 0.642273 0.521597 0.561624
vn -0.866167 -0.421831 0.267979
vn -0.866167 -0.421831 0.267979
vn -0.866167 -0.421831 0.267979
vn -0.866167 -0.421831 0.267979
vn -0.111949 0.945053 0.307152
vn -0.111949 0.945053 0.307152
vn -0.111949 0.945053 0.307152
vn -0.111949 0.945053 0.307152
vn 0.642272 -0.373575 0.669275
vn 0.642272 -0.373575 0.669275
vn 0.642272 -0.373575 0.669275
vn 0.642272 -0.373575 0.669275
vn 0.118173 0.830654 -0.544104
vn 0.118173 0.830654 -0.544104
vn 0.118173 0.830654 -0.544104
vn 0.118173 0.830654 -0.544104
vn 0.862402 -0.470506 -0.186780
vn 0.862402 -0.470506 -0.186780
vn 0.862402 -0.470506 -0.186780
vn 0.862402 -0.470506 -0.186780
vn 0.118172 -0.935970 -0.331655
vn 0.118172 -0.935970 -0.331655
vn 0.118172 -0.935970 -0.331655
vn 0.118172 -0.935970 -0.331655
vn -0.626055 0.365186 -0.688981
vn -0.626055 0.365186 -0.688981
vn -0.626055 0.365186 -0.688981
vn -0.626055 0.365186 -0.688981
vn 0.862402 0.412808 -0.293006
vn 0.862402 0.412808 -0.293006
vn 0.862402 0.412808 -0.293006
vn 0.862402 0.412808 -0.293006
vn -0.636360 -0.520363 -0.569446
vn -0.636360 -0.520363 -0.569446
vn -0.636360 -0.520363 -0.569446
vn -0.636360 -0.520363 -0.569446
vn 0.874400 -0.480558 -0.066992
vn 0.874400 -0.480558 -0.066992
vn 0.874400 -0.480558 -0.066992
vn 0.874400 -0.480558 -0.066992
vn -0.636353 0.370520 -0.676587
vn -0.636353 0.370520 -0.676587
vn -0.636353 0.370520 -0.676587
vn -0.636353 0.370520 -0.676587
vn 0.114251 0.839970 -0.530469
vn 0.114251 0.839970 -0.530469
vn 0.114251 0.839970 -0.530469
vn 0.114251 0.839970 -0.530469
vn 0.864854 0.418548 -0.277210
vn 0.864854 0.418548 -0.277210
vn 0.864854 0.418548 -0.277210
vn 0.864854 0.418548 -0.277210
vn 0.864855 -0.472334 -0.170080
vn 0.864855 -0.472334 -0.170080
vn 0.864855 -0.472334 -0.170080
vn 0.864855 -0.472334 -0.170080
vn 0.114254 -0.941788 -0.316197
vn 0.114254 -0.941788 -0.316197
vn 0.114254 -0.941788 -0.316197
vn 0.114254 -0.941788 -0.316197
f 1/1/1 2/2/2 3/3/3
f 4/4/4 5/5/5 1/1/1
f 6/6/6 7/7/7 8/8/8
f 8/8/8 9/9/9 6/6/6
f 9/9/9 10/10/10 6/6/6
f 9/9/9 11/11/11 10/10/10
f 12/12/12 13/13/13 14/14/14
f 14/14/14 15/15/15 12/12/12
f 14/14/14 16/16/16 15/15/15
f 16/16/16 17/17/17 15/15/15
f 18/18/18 19/19/19 20/20/20
f 18/18/18 20/20/20 21/21/21
f 22/22/22 23/23/23 24/24/24
f 24/24/24 25/25/25 22/22/22
f 24/24/24 26/26/26 25/25/25
f 26/26/26 27/27/27 25/25/25
f 28/28/28 29/29/29 30/30/30
f 28/28/28 30/30/30 31/31/31
f 32/32/32 33/33/33 34/34/34
f 32/32/32 34/34/34 35/35/35
f 36/36/36 37/37/37 38/38/38
f 36/36/36 38/38/38 39/39/39
f 40/40/40 41/41/41 42/42/42
f 40/40/40 42/42/42 43/43/43
f 44/44/44 45/45/45 46/46/46
f 44/44/44 46/46/46 47/47/47
f 48/48/48 49/49/49 50/50/50
f 48/48/48 50/50/50 51/51/51
f 52/52/52 53/53/53 54/54/54
f 52/52/52 54/54/54 55/55/55
f 56/56/56 57/57/57 58/58/58
f 56/56/56 58/58/58 59/59/59
f 60/60/60 61/61/61 62/62/62
f 60/60/60 62/62/62 63/63/63
f 64/64/64 65/65/65 66/66/66
f 64/64/64 66/66/66 67/67/67
f 68/68/68 69/69/69 70/70/70
f 68/68/68 70/70/70 71/71/71
f 72/72/72 73/73/73 74/74/74
f 72/72/72 75/75/75 73/73/73
f 75/75/75 76/76/76 73/73/73
f 75/75/75 77/77/77 76/76/76
f 78/78/78 79/79/79 80/80/80
f 78/78/78 80/80/80 81/81/81
f 80/80/80 82/82/82 81/81/81
f 80/80/80 83/83/83 82/82/82
f 84/84/84 85/85/85 86/86/86
f 84/84/84 87/87/87 85/85/85
f 87/87/87 88/88/88 85/85/85
f 87/87/87 89/89/89 88/88/88
f 90/90/90 91/91/91 92/92/92
f 90/90/90 92/92/92 93/93/93
f 92/92/92 94/94/94 93/93/93
f 92/92/92 95/95/95 94/94/94
f 96/96/96 97/97/97 98/98/98
f 96/96/96 98/98/98 99/99/99
f 99/99/99 100/100/100 96/96/96
f 99/99/99 101/101/101 100/100/100
f 102/102/102 103/103/103 104/104/104
f 102/102/102 104/104/104 105/105/105
f 106/106/106 102/102/102 105/105/105
f 106/106/106 107/107/107 102/102/102
f 108/108/108 109/109/109 110/110/110
f 108/108/108 111/111/111 109/109/109
f 111/111/111 112/112/112 109/109/109
f 111/111/111 113/113/113 112/112/112
f 114/114/114 115/115/115 116/116/116
f 114/114/114 117/117/117 115/115/115
f 117/117/117 118/118/118 115/115/115
f 117/117/117 119/119/119 118/118/118
f 120/120/120 121/121/121 122/122/122
f 120/120/120 122/122/122 123/123/123
f 123/123/123 124/124/124 120/120/120
f 123/123/123 125/125/125 124/124/124
f 126/126/126 127/127/127 128/128/128
f 126/126/126 128/128/128 129/129/129
f 126/126/126 129/129/129 130/130/130
f 126/126/126 130/130/130 131/131/131
f 131/131/131 130/130/130 132/132/132
f 131/131/131 132/132/132 133/133/133
f 132/132/132 134/134/134 133/133/133
f 132/132/132 135/135/135 134/134/134
f 136/136/136 137/137/137 138/138/138
f 136/136/136 138/138/138 139/139/139
f 140/140/140 136/136/136 139/139/139
f 140/140/140 139/139/139 141/141/141
f 140/140/140 141/141/141 142/142/142
f 140/140/140 142/142/142 143/143/143
f 142/142/142 144/144/144 143/143/143
f 142/142/142 145/145/145 144/144/144
f 146/146/146 147/147/147 148/148/148
f 146/146/146 148/148/148 149/149/149
f 148/148/148 150/150/150 149/149/149
f 148/148/148 151/151/151 150/150/150
f 152/152/152 153/153/153 154/154/154
f 152/152/152 155/155/155 153/153/153
f 152/152/152 156/156/156 155/155/155
f 152/152/152 157/157/157 156/156/156
f 158/158/158 159/159/159 160/160/160
f 158/158/158 161/161/161 159/159/159
f 158/158/158 162/162/162 161/161/161
f 158/158/158 163/163/163 162/162/162
f 164/164/164 165/165/165 166/166/166
f 164/164/164 166/166/166 167/167/167
f 168/168/168 169/169/169 170/170/170
f 168/168/168 170/170/170 171/171/171
f 172/172/172 173/173/173 174/174/174
f 172/172/172 174/174/174 175/175/175
f 176/176/176 177/177/177 178/178/178
f 176/176/176 178/178/178 179/179/179
f 180/180/180 181/181/181 182/182/182
f 180/180/180 182/182/182 183/183/183
f 184/184/184 185/185/185 186/186/186
f 184/184/184 186/186/186 187/187/187
f 188/188/188 189/189/189 190/190/190
f 188/188/188 190/190/190 191/191/191
f 188/188/188 191/191/191 192/192/192
f 188/188/188 192/192/192 193/193/193
f 193/193/193 192/192/192 194/194/194
f 193/193/193 194/194/194 195/195/195
f 194/194/194 196/196/196 195/195/195
f 194/194/194 197/197/197 196/196/196
f 198/198/198 199/199/199 200/200/200
f 198/198/198 200/200/200 201/201/201
f 202/202/202 203/203/203 204/204/204
f 202/202/202 204/204/204 205/205/205
f 206/206/206 207/207/207 208/208/208
f 206/206/206 208/208/208 209/209/209
f 210/210/210 211/211/211 212/212/212
f 210/210/210 213/213/213 211/211/211
f 214/214/214 213/213/213 210/210/210
f 214/214/214 215/215/215 213/213/213
f 216/216/216 217/217/217 218/218/218
f 216/216/216 219/219/219 217/217/217
f 220/220/220 219/219/219 216/216/216
f 220/220/220 221/221/221 219/219/219
f 222/222/222 223/223/223 220/220/220
f 222/222/222 224/224/224 223/223/223
f 225/225/225 226/226/226 227/227/227
f 227/227/227 228/228/228 225/225/225
f 227/227/227 229/229/229 228/228/228
f 229/229/229 230/230/230 228/228/228
f 231/231/231 232/232/232 233/233/233
f 233/233/233 234/234/234 231/231/231
f 233/233/233 235/235/235 234/234/234
f 235/235/235 236/236/236 234/234/234
f 237/237/237 238/238/238 239/239/239
f 237/237/237 239/239/239 240/240/240
f 241/241/241 242/242/242 243/243/243
f 243/243/243 244/244/244 241/241/241
f 243/243/243 245/245/245 244/244/244
f 245/245/245 246/246/246 244/244/244
f 247/247/247 248/248/248 249/249/249
f 247/247/247 249/249/249 250/250/250
f 251/251/251 252/252/252 253/253/253
f 251/251/251 253/253/253 254/254/254
f 255/255/255 256/256/256 257/257/257
f 255/255/255 257/257/257 258/258/258
f 259/259/259 260/260/260 261/261/261
f 259/259/259 261/261/261 262/262/262
f 263/263/263 264/264/264 265/265/265
f 263/263/263 265/265/265 266/266/266
f 267/267/267 268/268/268 269/269/269
f 267/267/267 269/269/269 270/270/270
f 271/271/271 272/272/272 273/273/273
f 271/271/271 273/273/273 274/274/274
f 275/275/275 276/276/276 277/277/277
f 275/275/275 277/277/277 278/278/278
f 279/279/279 280/280/280 281/281/281
f 279/279/279 281/281/281 282/282/282
f 283/283/283 284/284/284 285/285/285
f 283/283/283 285/285/285 286/286/286
f 287/287/287 288/288/288 289/289/289
f 287/287/287 289/289/289 290/290/290
f 291/291/291 292/292/292 293/293/293
f 293/293/293 294/294/294 291/291/291
f 294/294/294 295/295/295 291/291/291
f 294/294/294 296/296/296 295/295/295
f 297/297/297 298/298/298 299/299/299
f 297/297/297 299/299/299 300/300/300
f 300/300/300 299/299/299 301/301/301
f 300/300/300 301/301/301 302/302/302
f 303/303/303 304/304/304 305/305/305
f 303/303/303 306/306/306 304/304/304
f 304/304/304 306/306/306 307/307/307
f 304/304/304 307/307/307 308/308/308
f 309/309/309 310/310/310 311/311/311
f 309/309/309 311/311/311 312/312/312
f 312/312/312 311/311/311 313/313/313
f 312/312/312 313/313/313 314/314/314
f 315/315/315 316/316/316 317/317/317
f 315/315/315 318/318/318 316/316/316
f 316/316/316 318/318/318 319/319/319
f 316/316/316 319/319/319 320/320/320
f 321/321/321 322/322/322 323/323/323
f 321/321/321 324/324/324 322/322/322
f 324/324/324 321/321/321 325/325/325
f 324/324/324 325/325/325 326/326/326
f 327/327/327 328/328/328 329/329/329
f 327/327/327 330/330/330 328/328/328
f 331/331/331 330/330/330 327/327/327
f 331/331/331 327/327/327 332/332/332
f 333/333/333 334/334/334 335/335/335
f 333/333/333 335/335/335 336/336/336
f 336/336/336 335/335/335 337/337/337
f 336/336/336 337/337/337 338/338/338
f 339/339/339 340/340/340 341/341/341
f 339/339/339 341/341/341 342/342/342
f 342/342/342 341/341/341 343/343/343
f 342/342/342 343/343/343 344/344/344
f 345/345/345 346/346/346 347/347/347
f 345/345/345 348/348/348 346/346/346
f 348/348/348 345/345/345 349/349/349
f 348/348/348 349/349/349 350/350/350
f 351/351/351 352/352/352 353/353/353
f 351/351/351 354/354/354 352/352/352
f 351/351/351 355/355/355 354/354/354
f 351/351/351 356/356/356 355/355/355
f 356/356/356 357/357/357 355/355/355
f 356/356/356 358/358/358 357/357/357
f 357/357/357 358/358/358 359/359/359
f 357/357/357 359/359/359 360/360/360
f 361/361/361 362/362/362 363/363/363
f 361/361/361 364/364/364 362/362/362
f 365/365/365 364/364/364 361/361/361
f 365/365/365 366/366/366 364/364/364
f 365/365/365 367/367/367 366/366/366
f 365/365/365 368/368/368 367/367/367
f 367/367/367 368/368/368 369/369/369
f 367/367/367 369/369/369 370/370/370
f 371/371/371 372/372/372 373/373/373
f 371/371/371 374/374/374 372/372/372
f 372/372/372 374/374/374 375/375/375
f 372/372/372 375/375/375 376/376/376
f 377/377/377 378/378/378 379/379/379
f 377/377/377 379/379/379 380/380/380
f 377/377/377 380/380/380 381/381/381
f 377/377/377 381/381/381 382/382/382
f 383/383/383 384/384/384 385/385/385
f 383/383/383 385/385/385 386/386/386
f 383/383/383 386/386/386 387/387/387
f 383/383/383 387/387/387 388/388/388
f 389/389/389 390/390/390 391/391/391
f 389/389/389 391/391/391 392/392/392
f 393/393/393 394/394/394 395/395/395
f 393/393/393 395/395/395 396/396/396
f 397/397/397 398/398/398 399/399/399
f 397/397/397 399/399/399 400/400/400
f 401/401/401 402/402/402 403/403/403
f 401/401/401 403/403/403 404/404/404
f 405/405/405 406/406/406 407/407/407
f 405/405/405 407/407/407 408/408/408
f 409/409/409 410/410/410 411/411/411
f 409/409/409 411/411/411 412/412/412
f 413/413/413 414/414/414 415/415/415
f 413/413/413 416/416/416 414/414/414
f 413/413/413 417/417/417 416/416/416
f 413/413/413 418/418/418 417/417/417
f 418/418/418 419/419/419 417/417/417
f 418/418/418 420/420/420 419/419/419
f 419/419/419 420/420/420 421/421/421
f 419/419/419 421/421/421 422/422/422
f 423/423/423 424/424/424 425/425/425
f 423/423/423 425/425/425 426/426/426
f 427/427/427 428/428/428 429/429/429
f 427/427/427 429/429/429 430/430/430
f 431/431/431 432/432/432 433/433/433
f 431/431/431 433/433/433 434/434/434
f 435/435/435 436/436/436 437/437/437
f 435/435/435 437/437/437 438/438/438
f 439/439/439 435/435/435 438/438/438
f 439/439/439 438/438/438 440/440/440
f 441/441/441 442/442/442 443/443/443
f 441/441/441 443/443/443 444/444/444
f 445/445/445 441/441/441 444/444/444
f 445/445/445 444/444/444 446/446/446
f 447/447/447 445/445/445 446/446/446
f 447/447/447 446/446/446 448/448/448
f 449/449/449 450/450/450 451/451/451
f 449/449/449 451/451/451 452/452/452
f 453/453/453 454/454/454 455/455/455
f 453/453/453 455/455/455 456/456/456
f 457/457/457 458/458/458 459/459/459
f 457/457/457 459/459/459 460/460/460
f 461/461/461 462/462/462 463/463/463
f 461/461/461 463/463/463 464/464/464
f 465/465/465 466/466/466 467/467/467
f 465/465/465 467/467/467 468/468/468
f 469/469/469 470/470/470 471/471/471
f 469/469/469 471/471/471 472/472/472
f 473/473/473 474/474/474 475/475/475
f 473/473/473 475/475/475 476/476/476
f 477/477/477 478/478/478 479/479/479
f 477/477/477 479/479/479 480/480/480
f 481/481/481 482/482/482 483/483/483
f 481/481/481 483/483/483 484/484/484
f 485/485/485 486/486/486 487/487/487
f 485/485/485 487/487/487 488/488/488
f 489/489/489 490/490/490 491/491/491
f 489/489/489 491/491/491 492/492/492
f 493/493/493 494/494/494 495/495/495
f 493/493/493 495/495/495 496/496/496
f 497/497/497 498/498/498 499/499/499
f 497/497/497 499/499/499 500/500/500
f 501/501/501 502/502/502 503/503/503
f 501/501/501 504/504/504 502/502/502
f 504/504/504 505/505/505 502/502/502
f 504/504/504 506/506/506 505/505/505
f 507/507/507 508/508/508 509/509/509
f 507/507/507 509/509/509 510/510/510
f 510/510/510 509/509/509 511/511/511
f 510/510/510 511/511/511 512/512/512
f 513/513/513 514/514/514 515/515/515
f 513/513/513 516/516/516 514/514/514
f 516/516/516 517/517/517 514/514/514
f 516/516/516 518/518/518 517/517/517
f 519/519/519 520/520/520 521/521/521
f 519/519/519 521/521/521 522/522/522
f 523/523/523 519/519/519 522/522/522
f 523/523/523 522/522/522 524/524/524
f 525/525/525 526/526/526 527/527/527
f 525/525/525 527/527/527 528/528/528
f 529/529/529 530/530/530 531/531/531
f 529/529/529 531/531/531 532/532/532
f 533/533/533 534/534/534 535/535/535
f 533/533/533 535/535/535 536/536/536
f 537/537/537 533/533/533 536/536/536
f 537/537/537 536/536/536 538/538/538
f 539/539/539 540/540/540 541/541/541
f 539/539/539 542/542/542 540/540/540
f 543/543/543 542/542/542 539/539/539
f 542/542/542 544/544/544 540/540/540
f 543/543/543 545/545/545 542/542/542
f 542/542/542 546/546/546 544/544/544
f 545/545/545 546/546/546 542/542/542
f 545/545/545 547/547/547 546/546/546
f 548/548/548 549/549/549 550/550/550
f 548/548/548 551/551/551 549/549/549
f 552/552/552 551/551/551 548/548/548
f 551/551/551 553/553/553 549/549/549
f 552/552/552 554/554/554 551/551/551
f 551/551/551 555/555/555 553/553/553
f 554/554/554 555/555/555 551/551/551
f 554/554/554 556/556/556 555/555/555
f 557/557/557 558/558/558 559/559/559
f 557/557/557 560/560/560 558/558/558
f 560/560/560 561/561/561 558/558/558
f 560/560/560 562/562/562 561/561/561
f 562/562/562 563/563/563 561/561/561
f 563/563/563 564/564/564 561/561/561
f 565/565/565 566/566/566 567/567/567
f 565/565/565 567/567/567 568/568/568
f 568/568/568 567/567/567 569/569/569
f 568/568/568 569/569/569 570/570/570
f 571/571/571 572/572/572 573/573/573
f 571/571/571 573/573/573 574/574/574
f 575/575/575 576/576/576 577/577/577
f 575/575/575 577/577/577 578/578/578
f 579/579/579 580/580/580 581/581/581
f 579/579/579 582/582/582 580/580/580
f 583/583/583 582/582/582 579/579/579
f 583/583/583 584/584/584 582/582/582
f 585/585/585 584/584/584 583/583/583
f 583/583/583 586/586/586 585/585/585
f 587/587/587 588/588/588 589/589/589
f 587/587/587 589/589/589 590/590/590
f 591/591/591 587/587/587 590/590/590
f 591/591/591 590/590/590 592/592/592
f 591/591/591 592/592/592 593/593/593
f 593/593/593 594/594/594 591/591/591
f 595/595/595 596/596/596 597/597/597
f 595/595/595 597/597/597 598/598/598
f 599/599/599 600/600/600 601/601/601
f 599/599/599 601/601/601 602/602/602
f 603/603/603 604/604/604 605/605/605
f 603/603/603 605/605/605 606/606/606
f 606/606/606 605/605/605 607/607/607
f 606/606/606 607/607/607 608/608/608
f 608/608/608 607/607/607 609/609/609
f 607/607/607 610/610/610 609/609/609
f 611/611/611 612/612/612 613/613/613
f 611/611/611 613/613/613 614/614/614
f 614/614/614 613/613/613 615/615/615
f 614/614/614 615/615/615 616/616/616
f 616/616/616 615/615/615 617/617/617
f 616/616/616 617/617/617 618/618/618
f 619/619/619 620/620/620 621/621/621
f 619/619/619 622/622/622 620/620/620
f 623/623/623 622/622/622 619/619/619
f 623/623/623 624/624/624 622/622/622
f 625/625/625 626/626/626 627/627/627
f 625/625/625 628/628/628 626/626/626
f 629/629/629 628/628/628 625/625/625
f 629/629/629 630/630/630 628/628/628
f 631/631/631 632/632/632 633/633/633
f 631/631/631 633/633/633 634/634/634
f 635/635/635 636/636/636 637/637/637
f 635/635/635 638/638/638 636/636/636
f 639/639/639 638/638/638 635/635/635
f 639/639/639 640/640/640 638/638/638
f 641/641/641 642/642/642 643/643/643
f 641/641/641 644/644/644 642/642/642
f 644/644/644 645/645/645 642/642/642
f 644/644/644 646/646/646 645/645/645
f 647/647/647 648/648/648 649/649/649
f 647/647/647 649/649/649 650/650/650
f 651/651/651 652/652/652 653/653/653
f 651/651/651 653/653/653 654/654/654
f 655/655/655 656/656/656 657/657/657
f 655/655/655 657/657/657 658/658/658
f 659/659/659 655/655/655 658/658/658
f 659/659/659 658/658/658 660/660/660
f 661/661/661 662/662/662 663/663/663
f 661/661/661 663/663/663 664/664/664
f 665/665/665 666/666/666 667/667/667
f 665/665/665 667/667/667 668/668/668
f 669/669/669 665/665/665 668/668/668
f 669/669/669 668/668/668 670/670/670
f 671/671/671 672/672/672 673/673/673
f 671/671/671 674/674/674 672/672/672
f 674/674/674 675/675/675 672/672/672
f 674/674/674 676/676/676 675/675/675
f 677/677/677 678/678/678 679/679/679
f 677/677/677 679/679/679 680/680/680
f 681/681/681 682/682/682 683/683/683
f 681/681/681 684/684/684 682/682/682
f 684/684/684 685/685/685 682/682/682
f 686/686/686 684/684/684 681/681/681
f 684/684/684 687/687/687 685/685/685
f 686/686/686 688/688/688 684/684/684
f 688/688/688 687/687/687 684/684/684
f 689/689/689 688/688/688 686/686/686
f 688/688/688 690/690/690 687/687/687
f 689/689/689 691/691/691 688/688/688
f 691/691/691 690/690/690 688/688/688
f 692/692/692 691/691/691 689/689/689
f 691/691/691 693/693/693 690/690/690
f 692/692/692 694/694/694 691/691/691
f 694/694/694 693/693/693 691/691/691
f 694/694/694 695/695/695 693/693/693
f 696/696/696 697/697/697 698/698/698
f 698/698/698 699/699/699 696/696/696
f 699/699/699 698/698/698 700/700/700
f 699/699/699 700/700/700 701/701/701
f 701/701/701 700/700/700 702/702/702
f 701/701/701 702/702/702 703/703/703
f 704/704/704 705/705/705 706/706/706
f 704/704/704 706/706/706 707/707/707
f 707/707/707 706/706/706 708/708/708
f 707/707/707 708/708/708 709/709/709
f 709/709/709 708/708/708 710/710/710
f 709/709/709 710/710/710 711/711/711
f 712/712/712 711/711/711 710/710/710
f 712/712/712 713/713/713 711/711/711
f 714/714/714 715/715/715 716/716/716
f 714/714/714 716/716/716 717/717/717
f 718/718/718 719/719/719 720/720/720
f 718/718/718 720/720/720 721/721/721
f 722/722/722 723/723/723 724/724/724
f 722/722/722 724/724/724 725/725/725
f 726/726/726 727/727/727 728/728/728
f 726/726/726 728/728/728 729/729/729
f 730/730/730 726/726/726 729/729/729
f 730/730/730 729/729/729 731/731/731
f 732/732/732 730/730/730 731/731/731
f 731/731/731 733/733/733 732/732/732
f 734/734/734 735/735/735 736/736/736
f 734/734/734 737/737/737 735/735/735
f 737/737/737 738/738/738 735/735/735
f 737/737/737 739/739/739 738/738/738
f 740/740/740 741/741/741 742/742/742
f 740/740/740 743/743/743 741/741/741
f 743/743/743 740/740/740 744/744/744
f 745/745/745 746/746/746 747/747/747
f 745/745/745 747/747/747 748/748/748
f 749/749/749 750/750/750 751/751/751
f 751/751/751 752/752/752 749/749/749
f 752/752/752 753/753/753 749/749/749
f 751/751/751 754/754/754 752/752/752
f 751/751/751 755/755/755 754/754/754
f 755/755/755 756/756/756 754/754/754
f 755/755/755 757/757/757 756/756/756
f 757/757/757 758/758/758 756/756/756
f 758/758/758 759/759/759 756/756/756
f 760/760/760 761/761/761 762/762/762
f 760/760/760 762/762/762 763/763/763
f 764/764/764 760/760/760 763/763/763
f 763/763/763 762/762/762 765/765/765
f 764/764/764 763/763/763 766/766/766
f 763/763/763 765/765/765 767/767/767
f 766/766/766 763/763/763 767/767/767
f 766/766/766 767/767/767 768/768/768
f 769/769/769 770/770/770 771/771/771
f 769/769/769 772/772/772 770/770/770
f 772/772/772 773/773/773 770/770/770
f 772/772/772 774/774/774 773/773/773
f 775/775/775 776/776/776 777/777/777
f 775/775/775 778/778/778 776/776/776
f 778/778/778 779/779/779 776/776/776
f 778/778/778 780/780/780 779/779/779
f 781/781/781 782/782/782 783/783/783
f 781/781/781 784/784/784 782/782/782
f 784/784/784 785/785/785 782/782/782
f 784/784/784 786/786/786 785/785/785
f 787/787/787 788/788/788 789/789/789
f 788/788/788 787/787/787 790/790/790
f 788/788/788 790/790/790 791/791/791
f 791/791/791 790/790/790 792/792/792
f 791/791/791 792/792/792 793/793/793
f 793/793/793 792/792/792 794/794/794
f 792/792/792 795/795/795 794/794/794
f 796/796/796 797/797/797 798/798/798
f 796/796/796 798/798/798 799/799/799
f 800/800/800 796/796/796 799/799/799
f 799/799/799 798/798/798 801/801/801
f 800/800/800 799/799/799 802/802/802
f 799/799/799 801/801/801 803/803/803
f 802/802/802 799/799/799 803/803/803
f 802/802/802 803/803/803 804/804/804
f 805/805/805 806/806/806 807/807/807
f 805/805/805 807/807/807 808/808/808
f 809/809/809 805/805/805 808/808/808
f 809/809/809 808/808/808 810/810/810
f 811/811/811 812/812/812 813/813/813
f 811/811/811 814/814/814 812/812/812
f 814/814/814 815/815/815 812/812/812
f 816/816/816 814/814/814 811/811/811
f 814/814/814 817/817/817 815/815/815
f 816/816/816 818/818/818 814/814/814
f 818/818/818 817/817/817 814/814/814
f 819/819/819 818/818/818 816/816/816
f 818/818/818 820/820/820 817/817/817
f 819/819/819 821/821/821 818/818/818
f 821/821/821 820/820/820 818/818/818
f 822/822/822 821/821/821 819/819/819
f 821/821/821 823/823/823 820/820/820
f 822/822/822 824/824/824 821/821/821
f 824/824/824 823/823/823 821/821/821
f 824/824/824 825/825/825 823/823/823
f 826/826/826 827/827/827 828/828/828
f 826/826/826 829/829/829 827/827/827
f 830/830/830 829/829/829 826/826/826
f 829/829/829 831/831/831 827/827/827
f 830/830/830 832/832/832 829/829/829
f 829/829/829 833/833/833 831/831/831
f 832/832/832 833/833/833 829/829/829
f 832/832/832 834/834/834 833/833/833
f 835/835/835 836/836/836 837/837/837
f 835/835/835 838/838/838 836/836/836
f 839/839/839 838/838/838 835/835/835
f 838/838/838 840/840/840 836/836/836
f 839/839/839 841/841/841 838/838/838
f 838/838/838 842/842/842 840/840/840
f 841/841/841 842/842/842 838/838/838
f 841/841/841 843/843/843 842/842/842
f 844/844/844 845/845/845 846/846/846
f 844/844/844 846/846/846 847/847/847
f 847/847/847 846/846/846 848/848/848
f 847/847/847 848/848/848 849/849/849
f 849/849/849 848/848/848 850/850/850
f 848/848/848 851/851/851 850/850/850
f 848/848/848 852/852/852 851/851/851
f 852/852/852 853/853/853 851/851/851
f 854/854/854 853/853/853 852/852/852
f 854/854/854 855/855/855 853/853/853
f 856/856/856 855/855/855 854/854/854
f 856/856/856 857/857/857 855/855/855
f 858/858/858 859/859/859 860/860/860
f 858/858/858 860/860/860 861/861/861
f 861/861/861 860/860/860 862/862/862
f 861/861/861 862/862/862 863/863/863
f 863/863/863 862/862/862 864/864/864
f 865/865/865 863/863/863 864/864/864
f 865/865/865 864/864/864 866/866/866
f 867/867/867 865/865/865 866/866/866
f 868/868/868 865/865/865 867/867/867
f 868/868/868 869/869/869 865/865/865
f 870/870/870 869/869/869 868/868/868
f 870/870/870 871/871/871 869/869/869
f 872/872/872 873/873/873 874/874/874
f 873/873/873 875/875/875 874/874/874
f 873/873/873 876/876/876 875/875/875
f 876/876/876 877/877/877 875/875/875
f 876/876/876 878/878/878 877/877/877
f 879/879/879 880/880/880 881/881/881
f 879/879/879 881/881/881 882/882/882
f 883/883/883 884/884/884 885/885/885
f 883/883/883 886/886/886 884/884/884
f 887/887/887 886/886/886 883/883/883
f 887/887/887 888/888/888 886/886/886
f 889/889/889 890/890/890 891/891/891
f 889/889/889 891/891/891 892/892/892
f 893/893/893 894/894/894 895/895/895
f 893/893/893 895/895/895 896/896/896
f 897/897/897 898/898/898 899/899/899
f 897/897/897 899/899/899 900/900/900
f 901/901/901 902/902/902 903/903/903
f 903/903/903 904/904/904 901/901/901
f 904/904/904 905/905/905 901/901/901
f 904/904/904 906/906/906 905/905/905
f 907/907/907 908/908/908 909/909/909
f 907/907/907 909/909/909 910/910/910
f 911/911/911 907/907/907 910/910/910
f 910/910/910 909/909/909 912/912/912
f 911/911/911 910/910/910 913/913/913
f 910/910/910 912/912/912 914/914/914
f 913/913/913 910/910/910 914/914/914
f 913/913/913 914/914/914 915/915/915
f 916/916/916 917/917/917 918/918/918
f 916/916/916 919/919/919 917/917/917
f 920/920/920 919/919/919 916/916/916
f 919/919/919 921/921/921 917/917/917
f 920/920/920 922/922/922 919/919/919
f 919/919/919 923/923/923 921/921/921
f 922/922/922 923/923/923 919/919/919
f 922/922/922 924/924/924 923/923/923
f 925/925/925 926/926/926 927/927/927
f 925/925/925 928/928/928 926/926/926
f 928/928/928 929/929/929 926/926/926
f 928/928/928 930/930/930 929/929/929
f 931/931/931 932/932/932 933/933/933
f 931/931/931 933/933/933 934/934/934
f 934/934/934 933/933/933 935/935/935
f 934/934/934 935/935/935 936/936/936
f 937/937/937 938/938/938 939/939/939
f 937/937/937 939/939/939 940/940/940
f 941/941/941 942/942/942 943/943/943
f 941/941/941 943/943/943 944/944/944
f 945/945/945 946/946/946 947/947/947
f 945/945/945 947/947/947 948/948/948
f 949/949/949 950/950/950 951/951/951
f 949/949/949 951/951/951 952/952/952
f 953/953/953 954/954/954 955/955/955
f 953/953/953 955/955/955 956/956/956
f 955/955/955 957/957/957 956/956/956
f 955/955/955 958/958/958 957/957/957
f 958/958/958 959/959/959 957/957/957
f 958/958/958 960/960/960 959/959/959
f 960/960/960 961/961/961 959/959/959
f 960/960/960 962/962/962 961/961/961
f 962/962/962 963/963/963 961/961/961
f 962/962/962 964/964/964 963/963/963
f 965/965/965 966/966/966 967/967/967
f 965/965/965 967/967/967 968/968/968
f 969/969/969 970/970/970 971/971/971
f 972/972/972 969/969/969 971/971/971
f 971/971/971 973/973/973 972/972/972
f 971/971/971 974/974/974 973/973/973
f 971/971/971 975/975/975 974/974/974
f 976/976/976 977/977/977 978/978/978
f 976/976/976 978/978/978 979/979/979
f 979/979/979 980/980/980 976/976/976
f 979/979/979 981/981/981 980/980/980
f 981/981/981 982/982/982 980/980/980
f 981/981/981 983/983/983 982/982/982
f 983/983/983 984/984/984 982/982/982
f 983/983/983 985/985/985 984/984/984
f 985/985/985 986/986/986 984/984/984
f 985/985/985 987/987/987 986/986/986
f 988/988/988 989/989/989 990/990/990
f 988/988/988 991/991/991 989/989/989
f 988/988/988 992/992/992 991/991/991
f 988/988/988 993/993/993 992/992/992
f 988/988/988 994/994/994 993/993/993
f 994/994/994 995/995/995 993/993/993
f 994/994/994 996/996/996 995/995/995
f 997/997/997 998/998/998 999/999/999
f 997/997/997 1000/1000/1000 998/998/998
f 1000/1000/1000 1001/1001/1001 998/998/998
f 1000/1000/1000 1002/1002/1002 1001/1001/1001
f 1002/1002/1002 1003/1003/1003 1001/1001/1001
f 1002/1002/1002 1004/1004/1004 1003/1003/1003
f 1005/1005/1005 1006/1006/1006 1007/1007/1007
f 1005/1005/1005 1007/1007/1007 1008/1008/1008
f 1009/1009/1009 1010/1010/1010 1011/1011/1011
f 1009/1009/1009 1011/1011/1011 1012/1012/1012
f 1013/1013/1013 1014/1014/1014 1015/1015/1015
f 1013/1013/1013 1015/1015/1015 1016/1016/1016
f 1017/1017/1017 1018/1018/1018 1019/1019/1019
f 1019/1019/1019 1020/1020/1020 1017/1017/1017
f 1019/1019/1019 1021/1021/1021 1020/1020/1020
f 1022/1022/1022 1023/1023/1023 1024/1024/1024
f 1022/1022/1022 1025/1025/1025 1023/1023/1023
f 1023/1023/1023 1025/1025/1025 1026/1026/1026
f 1023/1023/1023 1026/1026/1026 1027/1027/1027
f 1027/1027/1027 1026/1026/1026 1028/1028/1028
f 1027/1027/1027 1028/1028/1028 1029/1029/1029
f 1029/1029/1029 1028/1028/1028 1030/1030/1030
f 1029/1029/1029 1030/1030/1030 1031/1031/1031
f 1031/1031/1031 1030/1030/1030 1032/1032/1032
f 1031/1031/1031 1032/1032/1032 1033/1033/1033
f 1034/1034/1034 1035/1035/1035 1036/1036/1036
f 1034/1034/1034 1036/1036/1036 1037/1037/1037
f 1038/1038/1038 1039/1039/1039 1040/1040/1040
f 1038/1038/1038 1041/1041/1041 1039/1039/1039
f 1041/1041/1041 1038/1038/1038 1042/1042/1042
f 1041/1041/1041 1042/1042/1042 1043/1043/1043
f 1043/1043/1043 1042/1042/1042 1044/1044/1044
f 1043/1043/1043 1044/1044/1044 1045/1045/1045
f 1045/1045/1045 1044/1044/1044 1046/1046/1046
f 1045/1045/1045 1046/1046/1046 1047/1047/1047
f 1047/1047/1047 1046/1046/1046 1048/1048/1048
f 1047/1047/1047 1048/1048/1048 1049/1049/1049
f 1050/1050/1050 1051/1051/1051 1052/1052/1052
f 1050/1050/1050 1052/1052/1052 1053/1053/1053
f 1050/1050/1050 1053/1053/1053 1054/1054/1054
f 1054/1054/1054 1053/1053/1053 1055/1055/1055
f 1054/1054/1054 1055/1055/1055 1056/1056/1056
f 1057/1057/1057 1058/1058/1058 1059/1059/1059
f 1057/1057/1057 1059/1059/1059 1060/1060/1060
f 1060/1060/1060 1059/1059/1059 1061/1061/1061
f 1060/1060/1060 1061/1061/1061 1062/1062/1062
f 1062/1062/1062 1061/1061/1061 1063/1063/1063
f 1062/1062/1062 1063/1063/1063 1064/1064/1064
f 1065/1065/1065 1066/1066/1066 1067/1067/1067
f 1065/1065/1065 1067/1067/1067 1068/1068/1068
f 1069/1069/1069 1070/1070/1070 1071/1071/1071
f 1069/1069/1069 1071/1071/1071 1072/1072/1072
f 1073/1073/1073 1074/1074/1074 1075/1075/1075
f 1073/1073/1073 1075/1075/1075 1076/1076/1076
f 1077/1077/1077 1078/1078/1078 1079/1079/1079
f 1077/1077/1077 1079/1079/1079 1080/1080/1080
f 1081/1081/1081 1082/1082/1082 1083/1083/1083
f 1084/1084/1084 1082/1082/1082 1081/1081/1081
f 1081/1081/1081 1083/1083/1083 1085/1085/1085
f 1084/1084/1084 1086/1086/1086 1082/1082/1082
f 1085/1085/1085 1083/1083/1083 1087/1087/1087
f 1088/1088/1088 1086/1086/1086 1084/1084/1084
f 1085/1085/1085 1087/1087/1087 1088/1088/1088
f 1088/1088/1088 1087/1087/1087 1086/1086/1086
f 1089/1089/1089 1090/1090/1090 1091/1091/1091
f 1089/1089/1089 1091/1091/1091 1092/1092/1092
f 1092/1092/1092 1091/1091/1091 1093/1093/1093
f 1092/1092/1092 1093/1093/1093 1094/1094/1094
f 1094/1094/1094 1095/1095/1095 1092/1092/1092
f 1094/1094/1094 1096/1096/1096 1095/1095/1095
f 1097/1097/1097 1098/1098/1098 1099/1099/1099
f 1099/1099/1099 1100/1100/1100 1097/1097/1097
f 1100/1100/1100 1101/1101/1101 1097/1097/1097
f 1102/1102/1102 1103/1103/1103 1104/1104/1104
f 1102/1102/1102 1104/1104/1104 1105/1105/1105
f 1105/1105/1105 1104/1104/1104 1106/1106/1106
f 1105/1105/1105 1106/1106/1106 1107/1107/1107
f 1107/1107/1107 1108/1108/1108 1105/1105/1105
f 1107/1107/1107 1109/1109/1109 1108/1108/1108
f 1110/1110/1110 1109/1109/1109 1107/1107/1107
f 1110/1110/1110 1111/1111/1111 1109/1109/1109
f 1112/1112/1112 1113/1113/1113 1114/1114/1114
f 1112/1112/1112 1114/1114/1114 1115/1115/1115
f 1116/1116/1116 1117/1117/1117 1118/1118/1118
f 1116/1116/1116 1119/1119/1119 1117/1117/1117
f 1119/1119/1119 1120/1120/1120 1117/1117/1117
f 1119/1119/1119 1121/1121/1121 1120/1120/1120
f 1122/1122/1122 1123/1123/1123 1124/1124/1124
f 1122/1122/1122 1125/1125/1125 1123/1123/1123
f 1125/1125/1125 1126/1126/1126 1123/1123/1123
f 1125/1125/1125 1127/1127/1127 1126/1126/1126
f 1123/1123/1123 1126/1126/1126 1128/1128/1128
f 1127/1127/1127 1128/1128/1128 1126/1126/1126
f 1127/1127/1127 1129/1129/1129 1128/1128/1128
f 1130/1130/1130 1131/1131/1131 1132/1132/1132
f 1130/1130/1130 1132/1132/1132 1133/1133/1133
f 1133/1133/1133 1134/1134/1134 1130/1130/1130
f 1133/1133/1133 1132/1132/1132 1135/1135/1135
f 1133/1133/1133 1136/1136/1136 1134/1134/1134
f 1133/1133/1133 1135/1135/1135 1137/1137/1137
f 1137/1137/1137 1136/1136/1136 1133/1133/1133
f 1137/1137/1137 1138/1138/1138 1136/1136/1136
f 1139/1139/1139 1138/1138/1138 1137/1137/1137
f 1139/1139/1139 1140/1140/1140 1138/1138/1138
f 1141/1141/1141 1142/1142/1142 1143/1143/1143
f 1141/1141/1141 1144/1144/1144 1142/1142/1142
f 1144/1144/1144 1145/1145/1145 1142/1142/1142
f 1144/1144/1144 1146/1146/1146 1145/1145/1145
f 1146/1146/1146 1144/1144/1144 1147/1147/1147
f 1146/1146/1146 1147/1147/1147 1148/1148/1148
f 1149/1149/1149 1150/1150/1150 1151/1151/1151
f 1149/1149/1149 1152/1152/1152 1150/1150/1150
f 1152/1152/1152 1153/1153/1153 1150/1150/1150
f 1154/1154/1154 1155/1155/1155 1156/1156/1156
f 1154/1154/1154 1157/1157/1157 1155/1155/1155
f 1157/1157/1157 1158/1158/1158 1155/1155/1155
f 1157/1157/1157 1159/1159/1159 1158/1158/1158
f 1159/1159/1159 1157/1157/1157 1160/1160/1160
f 1159/1159/1159 1160/1160/1160 1161/1161/1161
f 1162/1162/1162 1159/1159/1159 1161/1161/1161
f 1162/1162/1162 1161/1161/1161 1163/1163/1163
f 1164/1164/1164 1165/1165/1165 1166/1166/1166
f 1164/1164/1164 1166/1166/1166 1167/1167/1167
f 1168/1168/1168 1169/1169/1169 1170/1170/1170
f 1168/1168/1168 1170/1170/1170 1171/1171/1171
f 1171/1171/1171 1170/1170/1170 1172/1172/1172
f 1171/1171/1171 1172/1172/1172 1173/1173/1173
f 1174/1174/1174 1175/1175/1175 1176/1176/1176
f 1174/1174/1174 1176/1176/1176 1177/1177/1177
f 1177/1177/1177 1176/1176/1176 1178/1178/1178
f 1177/1177/1177 1178/1178/1178 1179/1179/1179
f 1180/1180/1180 1178/1178/1178 1176/1176/1176
f 1179/1179/1179 1178/1178/1178 1180/1180/1180
f 1179/1179/1179 1180/1180/1180 1181/1181/1181
f 1182/1182/1182 1183/1183/1183 1184/1184/1184
f 1182/1182/1182 1185/1185/1185 1183/1183/1183
f 1185/1185/1185 1182/1182/1182 1186/1186/1186
f 1185/1185/1185 1187/1187/1187 1183/1183/1183
f 1185/1185/1185 1186/1186/1186 1188/1188/1188
f 1185/1185/1185 1189/1189/1189 1187/1187/1187
f 1189/1189/1189 1185/1185/1185 1188/1188/1188
f 1189/1189/1189 1188/1188/1188 1190/1190/1190
f 1191/1191/1191 1189/1189/1189 1190/1190/1190
f 1191/1191/1191 1190/1190/1190 1192/1192/1192
f 1193/1193/1193 1194/1194/1194 1195/1195/1195
f 1193/1193/1193 1195/1195/1195 1196/1196/1196
f 1197/1197/1197 1198/1198/1198 1199/1199/1199
f 1197/1197/1197 1199/1199/1199 1200/1200/1200
f 1201/1201/1201 1202/1202/1202 1203/1203/1203
f 1201/1201/1201 1203/1203/1203 1204/1204/1204
f 1205/1205/1205 1206/1206/1206 1207/1207/1207
f 1205/1205/1205 1207/1207/1207 1208/1208/1208
f 1209/1209/1209 1210/1210/1210 1211/1211/1211
f 1209/1209/1209 1211/1211/1211 1212/1212/1212
f 1213/1213/1213 1214/1214/1214 1215/1215/1215
f 1213/1213/1213 1215/1215/1215 1216/1216/1216
f 1217/1217/1217 1218/1218/1218 1219/1219/1219
f 1217/1217/1217 1219/1219/1219 1220/1220/1220
f 1221/1221/1221 1222/1222/1222 1223/1223/1223
f 1221/1221/1221 1223/1223/1223 1224/1224/1224
f 1225/1225/1225 1226/1226/1226 1227/1227/1227
f 1225/1225/1225 1227/1227/1227 1228/1228/1228
f 1229/1229/1229 1230/1230/1230 1231/1231/1231
f 1229/1229/1229 1231/1231/1231 1232/1232/1232
f 1233/1233/1233 1234/1234/1234 1235/1235/1235
f 1233/1233/1233 1235/1235/1235 1236/1236/1236
f 1237/1237/1237 1238/1238/1238 1239/1239/1239
f 1237/1237/1237 1239/1239/1239 1240/1240/1240
f 1241/1241/1241 1242/1242/1242 1243/1243/1243
f 1241/1241/1241 1243/1243/1243 1244/1244/1244
f 1245/1245/1245 1246/1246/1246 1247/1247/1247
f 1245/1245/1245 1247/1247/1247 1248/1248/1248
f 1249/1249/1249 1250/1250/1250 1251/1251/1251
f 1249/1249/1249 1251/1251/1251 1252/1252/1252
f 1253/1253/1253 1254/1254/1254 1255/1255/1255
f 1253/1253/1253 1255/1255/1255 1256/1256/1256
f 1257/1257/1257 1258/1258/1258 1259/1259/1259
f 1257/1257/1257 1259/1259/1259 1260/1260/1260
f 1261/1261/1261 1262/1262/1262 1263/1263/1263
f 1261/1261/1261 1263/1263/1263 1264/1264/1264
f 1265/1265/1265 1266/1266/1266 1267/1267/1267
f 1265/1265/1265 1267/1267/1267 1268/1268/1268
f 1269/1269/1269 1270/1270/1270 1271/1271/1271
f 1269/1269/1269 1271/1271/1271 1272/1272/1272
f 1273/1273/1273 1274/1274/1274 1275/1275/1275
f 1273/1273/1273 1275/1275/1275 1276/1276/1276
f 1277/1277/1277 1278/1278/1278 1279/1279/1279
f 1277/1277/1277 1279/1279/1279 1280/1280/1280
f 1281/1281/1281 1282/1282/1282 1283/1283/1283
f 1281/1281/1281 1283/1283/1283 1284/1284/1284
f 1285/1285/1285 1286/1286/1286 1287/1287/1287
f 1285/1285/1285 1287/1287/1287 1288/1288/1288
f 1289/1289/1289 1290/1290/1290 1291/1291/1291
f 1289/1289/1289 1291/1291/1291 1292/1292/1292
f 1293/1293/1293 1294/1294/1294 1295/1295/1295
f 1293/1293/1293 1295/1295/1295 1296/1296/1296
f 1297/1297/1297 1298/1298/1298 1299/1299/1299
f 1297/1297/1297 1299/1299/1299 1300/1300/1300
f 1301/1301/1301 1302/1302/1302 1303/1303/1303
f 1301/1301/1301 1303/1303/1303 1304/1304/1304
f 1305/1305/1305 1306/1306/1306 1307/1307/1307
f 1305/1305/1305 1307/1307/1307 1308/1308/1308
f 1309/1309/1309 1310/1310/1310 1311/1311/1311
f 1309/1309/1309 1311/1311/1311 1312/1312/1312
f 1313/1313/1313 1314/1314/1314 1315/1315/1315
f 1313/1313/1313 1315/1315/1315 1316/1316/1316
f 1317/1317/1317 1318/1318/1318 1319/1319/1319
f 1317/1317/1317 1319/1319/1319 1320/1320/1320
f 1321/1321/1321 1322/1322/1322 1323/1323/1323
f 1321/1321/1321 1323/1323/1323 1324/1324/1324
f 1325/1325/1325 1326/1326/1326 1327/1327/1327
f 1325/1325/1325 1327/1327/1327 1328/1328/1328
f 1329/1329/1329 1330/1330/1330 1331/1331/1331
f 1329/1329/1329 1331/1331/1331 1332/1332/1332
f 1333/1333/1333 1334/1334/1334 1335/1335/1335
f 1333/1333/1333 1335/1335/1335 1336/1336/1336
f 1337/1337/1337 1338/1338/1338 1339/1339/1339
f 1337/1337/1337 1339/1339/1339 1340/1340/1340
f 1341/1341/1341 1342/1342/1342 1343/1343/1343
f 1341/1341/1341 1343/1343/1343 1344/1344/1344
f 1345/1345/1345 1346/1346/1346 1347/1347/1347
f 1345/1345/1345 1347/1347/1347 1348/1348/1348
f 1349/1349/1349 1350/1350/1350 1351/1351/1351
f 1349/1349/1349 1351/1351/1351 1352/1352/1352
f 1353/1353/1353 1354/1354/1354 1355/1355/1355
f 1353/1353/1353 1355/1355/1355 1356/1356/1356
f 1357/1357/1357 1358/1358/1358 1359/1359/1359
f 1357/1357/1357 1359/1359/1359 1360/1360/1360
f 1361/1361/1361 1362/1362/1362 1363/1363/1363
f 1361/1361/1361 1363/1363/1363 1364/1364/1364
f 1365/1365/1365 1366/1366/1366 1367/1367/1367
f 1365/1365/1365 1367/1367/1367 1368/1368/1368
f 1369/1369/1369 1370/1370/1370 1371/1371/1371
f 1369/1369/1369 1371/1371/1371 1372/1372/1372
f 1373/1373/1373 1374/1374/1374 1375/1375/1375
f 1373/1373/1373 1375/1375/1375 1376/1376/1376
f 1377/1377/1377 1378/1378/1378 1379/1379/1379
f 1377/1377/1377 1379/1379/1379 1380/1380/1380
f 1381/1381/1381 1382/1382/1382 1383/1383/1383
f 1381/1381/1381 1383/1383/1383 1384/1384/1384
f 1385/1385/1385 1386/1386/1386 1387/1387/1387
f 1385/1385/1385 1387/1387/1387 1388/1388/1388
f 1389/1389/1389 1390/1390/1390 1391/1391/1391
f 1389/1389/1389 1391/1391/1391 1392/1392/1392
f 1393/1393/1393 1394/1394/1394 1395/1395/1395
f 1393/1393/1393 1395/1395/1395 1396/1396/1396
f 1397/1397/1397 1398/1398/1398 1399/1399/1399
f 1397/1397/1397 1399/1399/1399 1400/1400/1400
f 1401/1401/1401 1402/1402/1402 1403/1403/1403
f 1401/1401/1401 1403/1403/1403 1404/1404/1404
f 1405/1405/1405 1406/1406/1406 1407/1407/1407
f 1405/1405/1405 1407/1407/1407 1408/1408/1408
f 1409/1409/1409 1410/1410/1410 1411/1411/1411
f 1409/1409/1409 1411/1411/1411 1412/1412/1412
f 1413/1413/1413 1414/1414/1414 1415/1415/1415
f 1413/1413/1413 1415/1415/1415 1416/1416/1416
f 1417/1417/1417 1418/1418/1418 1419/1419/1419
f 1417/1417/1417 1419/1419/1419 1420/1420/1420
f 1421/1421/1421 1422/1422/1422 1423/1423/1423
f 1421/1421/1421 1423/1423/1423 1424/1424/1424
f 1425/1425/1425 1426/1426/1426 1427/1427/1427
f 1425/1425/1425 1427/1427/1427 1428/1428/1428
f 1429/1429/1429 1430/1430/1430 1431/1431/1431
f 1429/1429/1429 1431/1431/1431 1432/1432/1432
