# Unturned item rip -> Godot (X+Z negated, winding reversed, RH Y-up)
v -0.262665 -0.195219 -0.319416
v -0.294125 -0.194952 -0.249575
v -0.269008 -0.185361 -0.242439
v -0.089987 -0.321354 -0.260087
v -0.076009 -0.295906 -0.255489
v -0.081966 -0.312799 -0.339054
v -0.185165 -0.258273 -0.245648
v -0.199143 -0.283720 -0.250246
v -0.191121 -0.275166 -0.329213
v 0.056946 0.117549 -0.506881
v 0.138221 0.125992 -0.521535
v 0.150613 0.138463 -0.487716
v 0.147962 0.062747 -0.530881
v 0.071022 0.023264 -0.523290
v 0.164003 0.051527 -0.500563
v -0.174549 0.166320 -0.489680
v -0.081720 0.072020 -0.525447
v -0.086892 0.161147 -0.515016
v -0.136429 0.112981 -0.507082
v -0.084587 0.121441 -0.519663
v -0.209834 0.007400 -0.502078
v -0.140722 0.040206 -0.514234
v -0.076547 -0.017108 -0.535879
v -0.203639 -0.190316 -0.440999
v -0.074794 -0.224440 -0.460875
v 0.029320 -0.252014 -0.476936
v -0.081720 0.072020 -0.525447
v -0.158998 0.116284 -0.537962
v -0.119301 0.135499 -0.555836
v -0.170475 0.150867 -0.596789
v 0.229553 -0.238313 -0.329471
v 0.237398 -0.254685 -0.232197
v 0.226377 -0.235515 -0.236192
v 0.139366 -0.300195 -0.221889
v 0.136952 -0.287388 -0.316297
v 0.128342 -0.281024 -0.225884
v 0.212878 0.066248 -0.416899
v 0.216602 0.148154 -0.435468
v 0.153459 0.091084 -0.305675
v 0.021971 -0.321294 -0.038224
v 0.006737 -0.288838 -0.174778
v 0.021971 -0.270139 -0.038224
v 0.021971 -0.270139 -0.171407
v -0.026198 -0.010567 -0.513323
v -0.076547 -0.017108 -0.535879
v 0.029320 -0.252014 -0.476936
v -0.081720 0.072020 -0.525447
v -0.033254 0.172489 -0.495535
v -0.086892 0.161147 -0.515016
v -0.177424 0.157852 -0.528937
v -0.170475 0.150867 -0.596789
v -0.135071 0.171833 -0.547844
v -0.087489 0.126073 -0.498343
v -0.160503 0.110422 -0.483188
v -0.160503 0.110422 -0.483188
v -0.140722 0.040206 -0.514234
v -0.158998 0.116284 -0.537962
v -0.177424 0.157852 -0.528937
v -0.170475 0.150867 -0.596789
v -0.135071 0.171833 -0.547844
v -0.170475 0.150867 -0.596789
v -0.119301 0.135499 -0.555836
v -0.087489 0.126073 -0.498343
v -0.081720 0.072020 -0.525447
v -0.202674 0.121099 -0.379928
v -0.191230 0.125179 -0.445449
v -0.259398 0.141678 -0.397301
v -0.207417 0.140692 -0.312111
v -0.280274 0.160751 -0.241138
v -0.173132 0.204207 -0.276468
v -0.172659 0.169034 -0.393431
v -0.202674 0.121099 -0.379928
v -0.099239 0.227925 -0.307507
v -0.093270 0.186075 -0.392683
v -0.097835 0.253580 -0.408978
v -0.100222 0.140707 -0.443768
v -0.093270 0.186075 -0.392683
v -0.099239 0.227925 -0.307507
v -0.119073 0.294248 -0.290882
v -0.098562 0.283702 -0.368868
v -0.098562 0.198851 -0.388447
v -0.097835 0.253580 -0.408978
v -0.097975 0.185006 -0.345842
v -0.097975 0.288664 -0.301933
v 0.147104 0.143804 -0.386840
v 0.175814 0.236695 -0.371108
v 0.136433 0.184195 -0.439793
v 0.132904 0.147286 -0.305156
v 0.167842 0.233672 -0.256944
v 0.023314 0.278027 -0.316842
v 0.017024 0.276952 -0.271877
v -0.097975 0.288664 -0.301933
v -0.098562 0.283702 -0.368868
v 0.035620 0.269764 -0.369501
v -0.097835 0.253580 -0.408978
v 0.041479 0.216550 -0.450425
v 0.136433 0.184195 -0.439793
v 0.175814 0.236695 -0.371108
v 0.086391 0.260061 -0.290945
v 0.167842 0.233672 -0.256944
v 0.019582 0.269690 -0.297422
v 0.023314 0.278027 -0.316842
v 0.035620 0.269764 -0.369501
v 0.045046 0.170026 -0.336673
v 0.045763 0.162815 -0.317654
v 0.017024 0.276952 -0.271877
v 0.147104 0.143804 -0.386840
v 0.045046 0.170026 -0.336673
v 0.132904 0.147286 -0.305156
v 0.044797 0.166728 -0.387509
v -0.098562 0.198851 -0.388447
v -0.097975 0.185006 -0.345842
v 0.045763 0.162815 -0.317654
v 0.173974 0.215911 -0.410565
v 0.139353 0.155687 -0.393798
v 0.179456 0.145139 -0.460702
v 0.141621 0.185178 -0.306846
v 0.193303 0.256311 -0.306846
v 0.142185 0.180355 -0.239529
v 0.192052 0.249558 -0.218756
v 0.234577 0.195629 -0.413041
v 0.173974 0.215911 -0.410565
v 0.179456 0.145139 -0.460702
v 0.193303 0.256311 -0.306846
v 0.276926 0.229141 -0.306846
v 0.192052 0.249558 -0.218756
v 0.272792 0.223761 -0.195542
v 0.192104 0.128171 -0.229154
v 0.142185 0.180355 -0.239529
v 0.192052 0.249558 -0.218756
v 0.272823 0.154998 -0.201968
v 0.272792 0.223761 -0.195542
v 0.297573 -0.019860 -0.053674
v 0.277755 -0.139279 -0.022488
v 0.216622 -0.131380 -0.022519
v 0.210857 -0.019860 -0.053674
v 0.186509 0.149084 -0.494130
v 0.193715 0.011285 -0.510896
v 0.238333 -0.024115 -0.314703
v 0.238732 0.145464 -0.288781
v 0.140822 -0.264622 -0.160422
v 0.133568 -0.308896 -0.017711
v 0.133568 -0.246470 -0.017711
v 0.133568 -0.246470 -0.150894
v 0.277535 -0.008433 -0.347711
v 0.312968 -0.027297 -0.252344
v 0.261749 -0.020439 -0.248769
v 0.295006 -0.012892 -0.353588
v 0.228748 0.001752 -0.473568
v 0.193715 0.011285 -0.510896
v 0.190819 0.003097 -0.347711
v 0.137869 0.005002 -0.510896
v 0.274094 0.001205 -0.268995
v 0.210857 -0.000687 -0.190279
v 0.270652 -0.000687 -0.190279
v 0.210857 -0.019860 -0.053674
v 0.297573 -0.019860 -0.053674
v 0.291934 -0.121678 -0.225012
v 0.257970 -0.104273 -0.316862
v 0.240715 -0.114820 -0.221436
v 0.275441 -0.108732 -0.322739
v 0.222553 -0.101354 -0.449990
v 0.196528 -0.095179 -0.479484
v 0.021971 -0.321294 -0.038224
v 0.133568 -0.308896 -0.017711
v 0.140822 -0.264622 -0.160422
v 0.006737 -0.288838 -0.174778
v 0.128342 -0.281024 -0.225884
v 0.174532 -0.260577 -0.218573
v 0.223201 -0.232717 -0.172039
v 0.226377 -0.235515 -0.236192
v 0.134550 -0.289167 -0.040516
v 0.250121 -0.259797 -0.010611
v 0.040371 -0.314803 -0.329471
v 0.136952 -0.287388 -0.316297
v -0.089667 -0.300095 -0.263467
v -0.099215 -0.284345 -0.169758
v 0.022426 -0.299779 -0.065786
v -0.095947 -0.307026 -0.014828
v -0.081966 -0.312799 -0.339054
v -0.149039 -0.279369 -0.256202
v -0.167716 -0.261934 -0.152857
v -0.172354 -0.284280 -0.043204
v -0.236218 -0.239524 -0.135957
v -0.248762 -0.261534 -0.018237
v -0.220812 -0.264929 -0.326536
v -0.191121 -0.275166 -0.329213
v -0.203639 -0.190316 -0.440999
v -0.074794 -0.224440 -0.460875
v 0.029320 -0.252014 -0.476936
v -0.089987 -0.321354 -0.260087
v -0.199143 -0.283720 -0.250246
v 0.199342 -0.201644 -0.448073
v 0.187066 -0.273162 -0.309462
v 0.229553 -0.238313 -0.329471
v 0.139366 -0.300195 -0.221889
v 0.237398 -0.254685 -0.232197
v 0.185556 -0.279748 -0.214578
v 0.216622 -0.131380 -0.022519
v 0.277755 -0.139279 -0.022488
v 0.252285 -0.129557 -0.159024
v 0.191725 -0.115199 -0.394649
v 0.196528 -0.095179 -0.479484
v 0.029320 -0.252014 -0.476936
v 0.199342 -0.201644 -0.448073
v 0.027687 0.002453 -0.538546
v -0.026198 -0.010567 -0.513323
v -0.033254 0.172489 -0.495535
v 0.193715 0.011285 -0.510896
v 0.084043 0.163625 -0.507618
v 0.186509 0.149084 -0.494130
v 0.142185 0.180355 -0.239529
v 0.192104 0.128171 -0.229154
v 0.193303 0.130427 -0.306846
v 0.141621 0.185178 -0.306846
v 0.139353 0.155687 -0.393798
v 0.178559 0.114569 -0.385911
v 0.133568 -0.308896 -0.017711
v 0.021971 -0.321294 -0.038224
v 0.021971 -0.270139 -0.038224
v 0.133568 -0.246470 -0.017711
v 0.252285 -0.129557 -0.159024
v 0.277755 -0.139279 -0.022488
v 0.297573 -0.019860 -0.053674
v 0.270652 -0.000687 -0.190279
v 0.253410 -0.110519 -0.237943
v 0.274094 0.001205 -0.268995
v 0.277535 -0.008433 -0.347711
v 0.226377 -0.235515 -0.236192
v 0.257970 -0.104273 -0.316862
v 0.223201 -0.232717 -0.172039
v 0.274107 -0.158676 -0.024027
v 0.250121 -0.259797 -0.010611
v 0.229553 -0.238313 -0.329471
v 0.199342 -0.201644 -0.448073
v 0.196528 -0.095179 -0.479484
v -0.267464 -0.003219 -0.288649
v -0.206703 -0.003219 -0.288649
v -0.238164 -0.027803 -0.218808
v -0.298924 -0.027803 -0.218808
v 0.192104 0.128171 -0.229154
v 0.272823 0.154998 -0.201968
v 0.276926 0.157598 -0.306846
v 0.193303 0.130427 -0.306846
v 0.237410 0.139254 -0.397804
v 0.178559 0.114569 -0.385911
v 0.179456 0.145139 -0.460702
v 0.234577 0.195629 -0.413041
v 0.276926 0.157598 -0.306846
v 0.276926 0.229141 -0.306846
v 0.272823 0.154998 -0.201968
v 0.272792 0.223761 -0.195542
v -0.189947 -0.024218 -0.244347
v -0.156557 0.115248 -0.388487
v -0.145582 -0.026041 -0.407233
v -0.168388 0.134701 -0.204045
v 0.213547 -0.144318 -0.023552
v 0.191725 -0.115199 -0.394649
v 0.252285 -0.129557 -0.159024
v 0.274107 -0.158676 -0.024027
v 0.147962 0.062747 -0.530881
v 0.138221 0.125992 -0.521535
v 0.056946 0.117549 -0.506881
v 0.071022 0.023264 -0.523290
v 0.045763 0.162815 -0.317654
v -0.097975 0.185006 -0.345842
v -0.097975 0.288664 -0.301933
v 0.017024 0.276952 -0.271877
v 0.138221 0.125992 -0.521535
v 0.147962 0.062747 -0.530881
v 0.164003 0.051527 -0.500563
v 0.150613 0.138463 -0.487716
v -0.298924 -0.027803 -0.218808
v -0.238164 -0.027803 -0.218808
v -0.269008 -0.185361 -0.242439
v -0.294125 -0.194952 -0.249575
v -0.089987 -0.321354 -0.260087
v -0.199143 -0.283720 -0.250246
v -0.185165 -0.258273 -0.245648
v -0.076009 -0.295906 -0.255489
v 0.086391 0.260061 -0.290945
v 0.167842 0.233672 -0.256944
v 0.132904 0.147286 -0.305156
v 0.045046 0.170026 -0.336673
v 0.019582 0.269690 -0.297422
v -0.193608 0.280382 -0.251811
v -0.274792 0.236664 -0.227755
v -0.245125 0.207201 -0.404783
v -0.178341 0.234363 -0.404925
v -0.119073 0.294248 -0.290882
v -0.191230 0.125179 -0.445449
v -0.097835 0.253580 -0.408978
v -0.100222 0.140707 -0.443768
v -0.216487 0.147034 -0.237008
v -0.168388 0.134701 -0.204045
v -0.189947 -0.024218 -0.244347
v -0.251772 -0.011885 -0.277310
v 0.022426 -0.299779 -0.065786
v -0.095947 -0.307026 -0.014828
v -0.095947 -0.255129 -0.014828
v 0.022426 -0.262141 -0.065786
v 0.134550 -0.289167 -0.040516
v 0.193307 -0.212183 -0.025469
v 0.250121 -0.259797 -0.010611
v 0.274107 -0.158676 -0.024027
v 0.213547 -0.144318 -0.023552
v -0.245125 0.207201 -0.404783
v -0.259398 0.141678 -0.397301
v -0.191230 0.125179 -0.445449
v -0.280274 0.160751 -0.241138
v -0.274792 0.236664 -0.227755
v -0.174549 0.166320 -0.489680
v -0.216487 0.147034 -0.237008
v -0.251772 -0.011885 -0.277310
v -0.209834 0.007400 -0.502078
v -0.287895 -0.197514 -0.047742
v -0.282681 -0.003219 -0.101107
v -0.295225 -0.025230 0.016613
v -0.275351 -0.175503 -0.165462
v -0.267464 -0.003219 -0.288649
v -0.269008 -0.185361 -0.242439
v -0.236218 -0.239524 -0.135957
v -0.248762 -0.261534 -0.018237
v -0.220812 -0.264929 -0.326536
v -0.262665 -0.195219 -0.319416
v -0.203639 -0.190316 -0.440999
v -0.209834 0.007400 -0.502078
v -0.267464 -0.003219 -0.288649
v -0.294125 -0.194952 -0.249575
v -0.298924 -0.027803 -0.218808
v 0.261749 -0.020439 -0.248769
v 0.312968 -0.027297 -0.252344
v 0.291934 -0.121678 -0.225012
v 0.240715 -0.114820 -0.221436
v -0.274792 0.236664 -0.227755
v -0.173132 0.204207 -0.276468
v -0.280274 0.160751 -0.241138
v -0.193608 0.280382 -0.251811
v -0.119073 0.294248 -0.290882
v -0.099239 0.227925 -0.307507
v 0.238732 0.145464 -0.288781
v 0.238333 -0.024115 -0.314703
v 0.189754 -0.012586 -0.289843
v 0.179718 0.132000 -0.266757
v -0.095947 -0.307026 -0.014828
v -0.172354 -0.284280 -0.043204
v -0.095947 -0.255129 -0.014828
v -0.150782 -0.230758 -0.049496
v -0.200391 -0.197513 -0.024126
v -0.248762 -0.261534 -0.018237
v -0.287895 -0.197514 -0.047742
v -0.212945 -0.025230 0.016613
v -0.295225 -0.025230 0.016613
v 0.205914 0.044519 -0.293961
v 0.259414 0.066513 -0.369957
v 0.212878 0.066248 -0.416899
v 0.302936 0.075763 -0.262734
v 0.264690 0.078057 -0.106610
v 0.194294 0.062287 -0.083396
v 0.269576 0.142583 -0.100184
v 0.264690 0.078057 -0.106610
v 0.194294 0.062287 -0.083396
v 0.201941 0.173951 -0.072998
v 0.147007 0.108330 -0.062623
v 0.232709 0.166627 -0.257182
v 0.216602 0.148154 -0.435468
v 0.266991 0.143976 -0.384882
v 0.309610 0.149679 -0.276225
v 0.269576 0.142583 -0.100184
v 0.201941 0.173951 -0.072998
v 0.153459 0.091084 -0.305675
v 0.216602 0.148154 -0.435468
v 0.232709 0.166627 -0.257182
v 0.147007 0.108330 -0.062623
v 0.201941 0.173951 -0.072998
v -0.201729 0.184095 -0.306846
v -0.261429 0.129275 -0.378674
v -0.216391 0.126795 -0.428282
v -0.301821 0.138876 -0.232485
v -0.188226 0.172628 -0.056632
v -0.274682 0.146831 -0.079846
v -0.222072 0.037336 -0.245006
v -0.220116 0.038167 -0.425685
v -0.263518 0.038396 -0.372103
v -0.303019 0.050863 -0.231808
v -0.274718 0.061684 -0.073420
v -0.188284 0.034858 -0.046234
v -0.139435 0.108247 -0.306846
v -0.220116 0.038167 -0.425685
v -0.222072 0.037336 -0.245006
v -0.188284 0.034858 -0.046234
v -0.131854 0.103425 -0.035859
v -0.131854 0.103425 -0.035859
v -0.188284 0.034858 -0.046234
v -0.188226 0.172628 -0.056632
v -0.274718 0.061684 -0.073420
v -0.274682 0.146831 -0.079846
v 0.212878 0.066248 -0.416899
v 0.153459 0.091084 -0.305675
v 0.205914 0.044519 -0.293961
v 0.194294 0.062287 -0.083396
v 0.147007 0.108330 -0.062623
v 0.266991 0.143976 -0.384882
v 0.216602 0.148154 -0.435468
v 0.212878 0.066248 -0.416899
v 0.259414 0.066513 -0.369957
v 0.309610 0.149679 -0.276225
v 0.302936 0.075763 -0.262734
v 0.269576 0.142583 -0.100184
v 0.264690 0.078057 -0.106610
v -0.139435 0.108247 -0.306846
v -0.131854 0.103425 -0.035859
v -0.188226 0.172628 -0.056632
v -0.201729 0.184095 -0.306846
v -0.216391 0.126795 -0.428282
v -0.220116 0.038167 -0.425685
v -0.263518 0.038396 -0.372103
v -0.220116 0.038167 -0.425685
v -0.216391 0.126795 -0.428282
v -0.261429 0.129275 -0.378674
v -0.303019 0.050863 -0.231808
v -0.301821 0.138876 -0.232485
v -0.274718 0.061684 -0.073420
v -0.274682 0.146831 -0.079846
v 0.155788 0.071576 -0.460102
v 0.209888 -0.155525 -0.423746
v 0.167507 -0.089664 -0.472850
v 0.145754 0.005662 -0.510896
v 0.234246 -0.083517 -0.455119
v 0.155788 0.071576 -0.460102
v 0.229654 0.016347 -0.482377
v 0.209888 -0.155525 -0.423746
v 0.241890 -0.167881 -0.447341
v 0.209888 -0.155525 -0.423746
v 0.241890 -0.167881 -0.447341
v 0.206239 -0.088933 -0.487864
v 0.167507 -0.089664 -0.472850
v 0.145754 0.005662 -0.510896
v 0.200602 0.008668 -0.519478
v 0.229654 0.016347 -0.482377
v 0.200602 0.008668 -0.519478
v 0.206239 -0.088933 -0.487864
v 0.234246 -0.083517 -0.455119
v 0.241890 -0.167881 -0.447341
v 0.229654 0.016347 -0.482377
v 0.155788 0.071576 -0.460102
v 0.200602 0.008668 -0.519478
v 0.145754 0.005662 -0.510896
v -0.216487 0.147034 -0.237008
v -0.174549 0.166320 -0.489680
v -0.156557 0.115248 -0.388487
v -0.168388 0.134701 -0.204045
v 0.021971 -0.270139 -0.038224
v 0.021971 -0.270139 -0.171407
v 0.133568 -0.246470 -0.150894
v 0.133568 -0.246470 -0.017711
v 0.213547 -0.144318 -0.023552
v 0.193307 -0.212183 -0.025469
v 0.186653 -0.200485 -0.394649
v 0.191725 -0.115199 -0.394649
v -0.200391 -0.197513 -0.024126
v -0.194383 -0.183660 -0.394649
v -0.150782 -0.230758 -0.049496
v -0.032063 -0.207365 -0.394649
v -0.095947 -0.255129 -0.014828
v 0.022426 -0.262141 -0.065786
v 0.186653 -0.200485 -0.394649
v 0.193307 -0.212183 -0.025469
v 0.190819 0.003097 -0.347711
v 0.191725 -0.115199 -0.394649
v 0.137869 0.005002 -0.510896
v 0.210857 -0.000687 -0.190279
v 0.216622 -0.131380 -0.022519
v 0.210857 -0.019860 -0.053674
v -0.157573 0.004598 -0.445745
v -0.194383 -0.183660 -0.394649
v -0.200401 -0.003219 -0.288649
v -0.200401 -0.003219 -0.101107
v -0.200391 -0.197513 -0.024126
v -0.212945 -0.025230 0.016613
v 0.189754 -0.012586 -0.289843
v 0.161464 -0.006116 -0.390987
v 0.148962 0.115494 -0.390987
v 0.179718 0.132000 -0.266757
v 0.161464 -0.006116 -0.390987
v 0.189754 -0.012586 -0.289843
v 0.238333 -0.024115 -0.314703
v 0.193715 0.011285 -0.510896
v 0.148962 0.115494 -0.390987
v 0.186509 0.149084 -0.494130
v 0.238732 0.145464 -0.288781
v 0.179718 0.132000 -0.266757
v -0.209834 0.007400 -0.502078
v -0.157573 0.004598 -0.445745
v -0.267464 -0.003219 -0.288649
v -0.200401 -0.003219 -0.288649
v -0.200401 -0.003219 -0.101107
v -0.282681 -0.003219 -0.101107
v -0.212945 -0.025230 0.016613
v -0.295225 -0.025230 0.016613
v 0.312968 -0.027297 -0.252344
v 0.275441 -0.108732 -0.322739
v 0.291934 -0.121678 -0.225012
v 0.295006 -0.012892 -0.353588
v 0.222553 -0.101354 -0.449990
v 0.228748 0.001752 -0.473568
v 0.196528 -0.095179 -0.479484
v 0.193715 0.011285 -0.510896
v 0.174532 -0.260577 -0.218573
v 0.139366 -0.300195 -0.221889
v 0.128342 -0.281024 -0.225884
v 0.185556 -0.279748 -0.214578
v 0.226377 -0.235515 -0.236192
v 0.237398 -0.254685 -0.232197
v 0.215376 -0.007274 -0.384331
v -0.203096 0.201215 -0.385269
v 0.192667 0.201215 -0.384331
v -0.225805 -0.007274 -0.385269
v 0.192667 -0.215763 -0.384331
v -0.213373 -0.215763 -0.385269
v -0.197778 0.212407 -0.377566
v -0.197778 0.137829 -0.497231
v -0.190007 0.178223 -0.507600
v -0.190007 0.240144 -0.409660
v 0.093735 0.190600 -0.523191
v 0.176044 0.179623 -0.490560
v 0.176044 0.223777 -0.420772
v 0.061516 0.257307 -0.426837
v 0.023015 0.237858 -0.463037
v -0.000000 0.192266 -0.524228
v -0.023015 0.237858 -0.463037
v -0.093735 0.190600 -0.523191
v -0.061516 0.257307 -0.426837
v -0.176044 0.223777 -0.420772
v -0.176044 0.179623 -0.490560
v 0.045040 0.239344 -0.375454
v 0.045040 0.277818 -0.414238
v 0.190007 0.240144 -0.409660
v 0.197778 0.212407 -0.377566
v -0.159764 0.192757 -0.409095
v -0.165764 0.234769 -0.429068
v -0.165764 0.193317 -0.494584
v -0.159764 0.156679 -0.466984
v -0.190007 0.240144 -0.409660
v -0.045040 0.277818 -0.414238
v -0.045040 0.239344 -0.375454
v -0.197778 0.212407 -0.377566
v 0.165764 0.193317 -0.494584
v 0.165764 0.234769 -0.429068
v 0.159764 0.192757 -0.409095
v 0.159764 0.156679 -0.466984
v -0.190007 0.178223 -0.507600
v -0.197778 0.137829 -0.497231
v -0.091194 0.143007 -0.530033
v -0.091194 0.185379 -0.541634
v 0.091194 0.143007 -0.530033
v 0.091194 0.185379 -0.541634
v 0.190007 0.178223 -0.507600
v 0.197778 0.137829 -0.497231
v 0.197778 0.212407 -0.377566
v 0.190007 0.240144 -0.409660
v 0.190007 0.178223 -0.507600
v 0.197778 0.137829 -0.497231
v -0.045040 0.277818 -0.414238
v -0.011783 0.217819 -0.409992
v -0.045040 0.239344 -0.375454
v -0.012615 0.258544 -0.450179
v 0.012615 0.258544 -0.450179
v 0.011783 0.217819 -0.409992
v 0.045040 0.277818 -0.414238
v 0.045040 0.239344 -0.375454
v -0.165764 0.193317 -0.494584
v -0.088180 0.164764 -0.495122
v -0.159764 0.156679 -0.466984
v -0.088261 0.199072 -0.521335
v 0.088180 0.164764 -0.495122
v 0.088261 0.199072 -0.521335
v 0.165764 0.193317 -0.494584
v 0.159764 0.156679 -0.466984
v -0.057966 0.216548 -0.412032
v -0.165764 0.234769 -0.429068
v -0.159764 0.192757 -0.409095
v -0.057923 0.263179 -0.434777
v -0.024350 0.244136 -0.470034
v -0.024407 0.195400 -0.445965
v 0.024407 0.195400 -0.445965
v 0.024350 0.244136 -0.470034
v 0.057966 0.216548 -0.412032
v 0.057923 0.263179 -0.434777
v 0.165764 0.234769 -0.429068
v 0.159764 0.192757 -0.409095
v -0.220556 0.185134 -0.425318
v -0.167942 0.207765 -0.428205
v -0.197487 -0.086173 -0.401768
v -0.240908 0.028835 -0.410770
v -0.220556 0.185134 -0.425318
v -0.211538 0.156123 -0.479309
v -0.161307 0.177084 -0.482779
v -0.167942 0.207765 -0.428205
v -0.211538 0.156123 -0.479309
v -0.225892 0.021166 -0.453472
v -0.185839 -0.081968 -0.444577
v -0.161307 0.177084 -0.482779
v -0.211538 0.156123 -0.479309
v -0.220556 0.185134 -0.425318
v -0.240908 0.028835 -0.410770
v -0.225892 0.021166 -0.453472
v -0.197487 -0.086173 -0.401768
v -0.185839 -0.081968 -0.444577
v 0.179154 -0.051028 -0.450511
v 0.225342 0.043160 -0.466326
v 0.208935 0.166330 -0.481328
v 0.165456 0.184400 -0.483705
v 0.179154 -0.051028 -0.450511
v 0.198597 -0.039704 -0.399683
v 0.225342 0.043160 -0.466326
v 0.250241 0.048021 -0.412373
v 0.208935 0.166330 -0.481328
v 0.233754 0.197647 -0.427172
v 0.198597 -0.039704 -0.399683
v 0.184360 0.217625 -0.429445
v 0.233754 0.197647 -0.427172
v 0.250241 0.048021 -0.412373
v 0.184360 0.217625 -0.429445
v 0.165456 0.184400 -0.483705
v 0.208935 0.166330 -0.481328
v 0.233754 0.197647 -0.427172
v 0.091194 0.143007 -0.530033
v -0.088180 0.164764 -0.495122
v 0.088180 0.164764 -0.495122
v 0.159764 0.156679 -0.466984
v -0.091194 0.143007 -0.530033
v 0.197778 0.137829 -0.497231
v -0.159764 0.156679 -0.466984
v -0.197778 0.137829 -0.497231
v 0.159764 0.192757 -0.409095
v 0.197778 0.212407 -0.377566
v 0.045040 0.239344 -0.375454
v 0.057966 0.216548 -0.412032
v -0.159764 0.192757 -0.409095
v -0.197778 0.212407 -0.377566
v -0.045040 0.239344 -0.375454
v -0.057966 0.216548 -0.412032
v -0.011783 0.217819 -0.409992
v -0.024407 0.195400 -0.445965
v 0.011783 0.217819 -0.409992
v 0.024407 0.195400 -0.445965
v 0.088261 0.199072 -0.521335
v -0.088261 0.199072 -0.521335
v -0.091194 0.185379 -0.541634
v -0.165764 0.193317 -0.494584
v 0.091194 0.185379 -0.541634
v -0.190007 0.178223 -0.507600
v 0.165764 0.193317 -0.494584
v 0.190007 0.178223 -0.507600
v -0.165764 0.234769 -0.429068
v -0.190007 0.240144 -0.409660
v -0.045040 0.277818 -0.414238
v -0.057923 0.263179 -0.434777
v 0.165764 0.234769 -0.429068
v 0.190007 0.240144 -0.409660
v 0.045040 0.277818 -0.414238
v 0.057923 0.263179 -0.434777
v 0.012615 0.258544 -0.450179
v 0.024350 0.244136 -0.470034
v -0.012615 0.258544 -0.450179
v -0.024350 0.244136 -0.470034
v -0.270160 0.002174 -0.287342
v -0.205671 -0.003202 -0.285365
v -0.236974 -0.024278 -0.215873
v -0.236974 -0.024278 -0.215873
v -0.300735 -0.026327 -0.217847
v 0.212114 0.063694 -0.421638
v 0.215993 0.149806 -0.440718
v 0.150232 0.090368 -0.307349
v -0.265098 -0.197628 -0.318570
v -0.296401 -0.197363 -0.247681
v -0.271050 -0.187820 -0.239386
v -0.089537 -0.323133 -0.257389
v -0.075629 -0.297813 -0.252814
v -0.081556 -0.318755 -0.335518
v -0.187626 -0.260367 -0.243022
v -0.201534 -0.285687 -0.247597
v -0.193553 -0.279284 -0.325726
v 0.232845 -0.241324 -0.325983
v 0.239598 -0.256438 -0.229853
v 0.229685 -0.239389 -0.233827
v 0.138670 -0.301720 -0.219596
v 0.136268 -0.292179 -0.312875
v 0.127701 -0.284671 -0.223571
v 0.215376 -0.007274 -0.384331
v -0.203096 0.201215 -0.385269
v 0.192667 0.201215 -0.384331
v -0.225805 -0.007274 -0.385269
v 0.192667 -0.215763 -0.384331
v -0.213373 -0.215763 -0.385269
v 0.020066 -0.325378 -0.036269
v 0.006704 -0.292805 -0.172063
v 0.020066 -0.268648 -0.036269
v 0.021861 -0.268788 -0.168708
v 0.301718 -0.017436 -0.051564
v 0.280793 -0.142027 -0.020539
v 0.215467 -0.134335 -0.020589
v 0.209099 -0.017436 -0.051564
v 0.189658 0.149457 -0.489819
v 0.196828 0.012195 -0.506502
v 0.241222 -0.024772 -0.311288
v 0.241620 0.145855 -0.285496
v 0.141569 -0.268710 -0.157778
v 0.134718 -0.312947 -0.015701
v 0.134718 -0.244916 -0.015701
v 0.132901 -0.245238 -0.148298
v 0.020066 -0.325378 -0.036269
v 0.134718 -0.312947 -0.015701
v 0.141569 -0.268710 -0.157778
v 0.006704 -0.292805 -0.172063
v 0.127701 -0.284671 -0.223571
v 0.173660 -0.264325 -0.216296
v 0.226525 -0.236964 -0.169337
v 0.229685 -0.239389 -0.233827
v 0.133878 -0.293133 -0.038471
v 0.253310 -0.263909 -0.008715
v 0.040169 -0.319458 -0.325983
v 0.136268 -0.292179 -0.312875
v -0.089219 -0.304006 -0.260308
v -0.098719 -0.288335 -0.167067
v 0.023012 -0.303933 -0.063915
v -0.096166 -0.311230 -0.012611
v -0.081556 -0.318755 -0.335518
v -0.148295 -0.283383 -0.253079
v -0.166879 -0.266036 -0.150251
v -0.170772 -0.288926 -0.041273
v -0.238424 -0.243737 -0.133435
v -0.251215 -0.265999 -0.016108
v -0.223095 -0.269833 -0.323063
v -0.193553 -0.279284 -0.325726
v -0.206008 -0.195030 -0.436954
v -0.074420 -0.228984 -0.456730
v 0.029173 -0.256420 -0.472711
v -0.089537 -0.323133 -0.257389
v -0.201534 -0.285687 -0.247597
v 0.202785 -0.204022 -0.443992
v 0.186132 -0.275999 -0.306073
v 0.232845 -0.241324 -0.325983
v 0.138670 -0.301720 -0.219596
v 0.239598 -0.256438 -0.229853
v 0.184629 -0.281375 -0.212322
v 0.215467 -0.134335 -0.020589
v 0.280793 -0.142027 -0.020539
v 0.255464 -0.130824 -0.153343
v 0.190768 -0.114623 -0.389137
v 0.134718 -0.312947 -0.015701
v 0.020066 -0.325378 -0.036269
v 0.020066 -0.268648 -0.036269
v 0.134718 -0.244916 -0.015701
v 0.255464 -0.130824 -0.153343
v 0.280793 -0.142027 -0.020539
v 0.301718 -0.017436 -0.051564
v 0.274372 0.001641 -0.187486
v 0.256583 -0.109966 -0.234912
v 0.278657 0.004531 -0.265809
v 0.281377 -0.004322 -0.344132
v 0.229685 -0.239389 -0.233827
v 0.260178 -0.107137 -0.313436
v 0.226525 -0.236964 -0.169337
v 0.277190 -0.157823 -0.022058
v 0.253310 -0.263909 -0.008715
v 0.232845 -0.241324 -0.325983
v 0.202785 -0.204022 -0.443992
v 0.199043 -0.098089 -0.475247
v -0.185613 -0.024096 -0.241284
v -0.152389 0.115640 -0.384704
v -0.141469 -0.025910 -0.403356
v -0.164161 0.134995 -0.201183
v 0.212553 -0.143370 -0.021567
v 0.190768 -0.114623 -0.389137
v 0.255464 -0.130824 -0.153343
v 0.277190 -0.157823 -0.022058
v -0.217908 0.147266 -0.233981
v -0.164161 0.134995 -0.201183
v -0.185613 -0.024096 -0.241284
v -0.253017 -0.011825 -0.274083
v 0.023012 -0.303933 -0.063915
v -0.096166 -0.311230 -0.012611
v -0.096166 -0.253528 -0.012611
v 0.023012 -0.260588 -0.063915
v 0.133878 -0.293133 -0.038471
v 0.192342 -0.211122 -0.023499
v 0.253310 -0.263909 -0.008715
v 0.277190 -0.157823 -0.022058
v 0.212553 -0.143370 -0.021567
v 0.274372 0.001641 -0.187486
v 0.301718 -0.017436 -0.051564
v 0.209099 -0.017436 -0.051564
v 0.209099 0.001641 -0.187486
v 0.278657 0.004531 -0.265809
v 0.188744 0.006414 -0.344132
v 0.281377 -0.004322 -0.344132
v 0.196828 0.012195 -0.506502
v 0.234100 0.003488 -0.469360
v 0.299455 -0.011083 -0.349979
v 0.316359 -0.026151 -0.249241
v 0.263827 -0.019328 -0.245684
v -0.176179 0.166456 -0.485391
v -0.217908 0.147266 -0.233981
v -0.253017 -0.011825 -0.274083
v -0.214674 0.007364 -0.497727
v -0.290658 -0.196017 -0.045847
v -0.285096 0.000794 -0.098759
v -0.297706 -0.022146 0.019193
v -0.277361 -0.174626 -0.162793
v -0.270160 0.002174 -0.287342
v -0.271050 -0.187820 -0.239386
v -0.238424 -0.243737 -0.133435
v -0.251215 -0.265999 -0.016108
v -0.223095 -0.269833 -0.323063
v -0.265098 -0.197628 -0.318570
v -0.206008 -0.195030 -0.436954
v -0.214674 0.007364 -0.497727
v -0.270160 0.002174 -0.287342
v -0.296401 -0.197363 -0.247681
v -0.300735 -0.026327 -0.217847
v 0.241620 0.145855 -0.285496
v 0.241222 -0.024772 -0.311288
v 0.188806 -0.013300 -0.286553
v 0.178820 0.132458 -0.263582
v -0.096166 -0.311230 -0.012611
v -0.170772 -0.288926 -0.041273
v -0.096166 -0.253528 -0.012611
v -0.150029 -0.229605 -0.047406
v -0.150029 -0.229605 -0.047406
v -0.170772 -0.288926 -0.041273
v -0.195601 -0.196017 -0.022044
v -0.251215 -0.265999 -0.016108
v -0.290658 -0.196017 -0.045847
v -0.208149 -0.022146 0.019193
v -0.297706 -0.022146 0.019193
v 0.226994 -0.104233 -0.445899
v 0.299455 -0.011083 -0.349979
v 0.234100 0.003488 -0.469360
v 0.279046 -0.111574 -0.319284
v 0.316359 -0.026151 -0.249241
v 0.294488 -0.124454 -0.222045
v -0.217908 0.147266 -0.233981
v -0.176179 0.166456 -0.485391
v -0.152389 0.115640 -0.384704
v -0.164161 0.134995 -0.201183
v 0.020066 -0.268648 -0.036269
v 0.021861 -0.268788 -0.168708
v 0.132901 -0.245238 -0.148298
v 0.134718 -0.244916 -0.015701
v 0.212553 -0.143370 -0.021567
v 0.192342 -0.211122 -0.023499
v 0.185721 -0.199483 -0.390835
v 0.190768 -0.114623 -0.389137
v -0.195601 -0.196017 -0.022044
v -0.190026 -0.182742 -0.390835
v -0.150029 -0.229605 -0.047406
v -0.031903 -0.206329 -0.390835
v -0.096166 -0.253528 -0.012611
v 0.023012 -0.260588 -0.063915
v 0.185721 -0.199483 -0.390835
v 0.192342 -0.211122 -0.023499
v 0.188744 0.006414 -0.344132
v 0.190768 -0.114623 -0.389137
v 0.137181 0.004978 -0.506502
v 0.209099 0.001641 -0.187486
v 0.215467 -0.134335 -0.020589
v 0.209099 -0.017436 -0.051564
v -0.153400 0.004576 -0.441676
v -0.190026 -0.182742 -0.390835
v -0.195538 -0.001212 -0.285365
v -0.195538 0.000794 -0.098759
v -0.195601 -0.196017 -0.022044
v -0.208149 -0.022146 0.019193
v 0.188806 -0.013300 -0.286553
v 0.160658 -0.006863 -0.387192
v 0.148218 0.116035 -0.387192
v 0.178820 0.132458 -0.263582
v 0.160658 -0.006863 -0.387192
v 0.188806 -0.013300 -0.286553
v 0.241222 -0.024772 -0.311288
v 0.196828 0.012195 -0.506502
v 0.148218 0.116035 -0.387192
v 0.189658 0.149457 -0.489819
v 0.241620 0.145855 -0.285496
v 0.178820 0.132458 -0.263582
v -0.214674 0.007364 -0.497727
v -0.153400 0.004576 -0.441676
v -0.270160 0.002174 -0.287342
v -0.195538 -0.001212 -0.285365
v -0.195538 0.000794 -0.098759
v -0.285096 0.000794 -0.098759
v -0.208149 -0.022146 0.019193
v -0.297706 -0.022146 0.019193
v 0.260178 -0.107137 -0.313436
v 0.226994 -0.104233 -0.445899
v 0.199043 -0.098089 -0.475247
v 0.279046 -0.111574 -0.319284
v 0.294488 -0.124454 -0.222045
v 0.241956 -0.117630 -0.218488
v 0.172045 0.217954 -0.414094
v 0.135344 0.154411 -0.396690
v 0.177856 0.143281 -0.466133
v 0.137749 0.185527 -0.306439
v 0.192535 0.260581 -0.306439
v 0.138346 0.180439 -0.236568
v 0.191210 0.253456 -0.215007
v 0.236288 0.196555 -0.416664
v 0.172045 0.217954 -0.414094
v 0.177856 0.143281 -0.466133
v 0.192535 0.260581 -0.306439
v 0.281181 0.231913 -0.306439
v 0.191210 0.253456 -0.215007
v 0.276799 0.226237 -0.190912
v 0.191264 0.125379 -0.225799
v 0.138346 0.180439 -0.236568
v 0.191210 0.253456 -0.215007
v 0.276832 0.153684 -0.197582
v 0.276799 0.226237 -0.190912
v 0.138346 0.180439 -0.236568
v 0.191264 0.125379 -0.225799
v 0.192535 0.127759 -0.306439
v 0.137749 0.185527 -0.306439
v 0.135344 0.154411 -0.396690
v 0.176905 0.111026 -0.388504
v 0.191264 0.125379 -0.225799
v 0.276832 0.153684 -0.197582
v 0.281181 0.156427 -0.306439
v 0.192535 0.127759 -0.306439
v 0.239292 0.137072 -0.400849
v 0.176905 0.111026 -0.388504
v 0.177856 0.143281 -0.466133
v 0.236288 0.196555 -0.416664
v 0.281181 0.156427 -0.306439
v 0.281181 0.231913 -0.306439
v 0.276832 0.153684 -0.197582
v 0.276799 0.226237 -0.190912
v 0.204862 0.041063 -0.295312
v 0.260580 0.063970 -0.373402
v 0.212114 0.063694 -0.421638
v 0.305907 0.073603 -0.263225
v 0.266075 0.075993 -0.102800
v 0.192760 0.059569 -0.078946
v 0.271164 0.144004 -0.096196
v 0.266075 0.075993 -0.102800
v 0.192760 0.059569 -0.078946
v 0.200724 0.176673 -0.068262
v 0.143512 0.108330 -0.057601
v 0.232768 0.169045 -0.257520
v 0.215993 0.149806 -0.440718
v 0.268472 0.145455 -0.388738
v 0.312858 0.151394 -0.277087
v 0.271164 0.144004 -0.096196
v 0.200724 0.176673 -0.068262
v 0.150232 0.090368 -0.307349
v 0.215993 0.149806 -0.440718
v 0.232768 0.169045 -0.257520
v 0.143512 0.108330 -0.057601
v 0.200724 0.176673 -0.068262
v -0.200861 0.186980 -0.308269
v -0.262560 0.130325 -0.381427
v -0.216013 0.127762 -0.431954
v -0.304304 0.140247 -0.232531
v -0.186905 0.175129 -0.053422
v -0.276257 0.148468 -0.077066
v -0.221885 0.035307 -0.245284
v -0.219863 0.036166 -0.429309
v -0.264719 0.036403 -0.374735
v -0.305543 0.049287 -0.231842
v -0.276294 0.060470 -0.070520
v -0.186966 0.032746 -0.042831
v -0.136480 0.108593 -0.308269
v -0.219863 0.036166 -0.429309
v -0.221885 0.035307 -0.245284
v -0.186966 0.032746 -0.042831
v -0.128645 0.103609 -0.032264
v -0.128645 0.103609 -0.032264
v -0.186966 0.032746 -0.042831
v -0.186905 0.175129 -0.053422
v -0.276294 0.060470 -0.070520
v -0.276257 0.148468 -0.077066
v 0.212114 0.063694 -0.421638
v 0.150232 0.090368 -0.307349
v 0.204862 0.041063 -0.295312
v 0.192760 0.059569 -0.078946
v 0.143512 0.108330 -0.057601
v 0.268472 0.145455 -0.388738
v 0.215993 0.149806 -0.440718
v 0.212114 0.063694 -0.421638
v 0.260580 0.063970 -0.373402
v 0.312858 0.151394 -0.277087
v 0.305907 0.073603 -0.263225
v 0.271164 0.144004 -0.096196
v 0.266075 0.075993 -0.102800
v -0.136480 0.108593 -0.308269
v -0.128645 0.103609 -0.032264
v -0.186905 0.175129 -0.053422
v -0.200861 0.186980 -0.308269
v -0.216013 0.127762 -0.431954
v -0.219863 0.036166 -0.429309
v -0.264719 0.036403 -0.374735
v -0.219863 0.036166 -0.429309
v -0.216013 0.127762 -0.431954
v -0.262560 0.130325 -0.381427
v -0.305543 0.049287 -0.231842
v -0.304304 0.140247 -0.232531
v -0.276294 0.060470 -0.070520
v -0.276257 0.148468 -0.077066
v -0.300735 -0.026327 -0.217847
v -0.236974 -0.024278 -0.215873
v -0.271050 -0.187820 -0.239386
v -0.296401 -0.197363 -0.247681
v -0.089537 -0.323133 -0.257389
v -0.201534 -0.285687 -0.247597
v -0.187626 -0.260367 -0.243022
v -0.075629 -0.297813 -0.252814
v 0.263827 -0.019328 -0.245684
v 0.316359 -0.026151 -0.249241
v 0.294488 -0.124454 -0.222045
v 0.241956 -0.117630 -0.218488
v 0.173660 -0.264325 -0.216296
v 0.138670 -0.301720 -0.219596
v 0.127701 -0.284671 -0.223571
v 0.184629 -0.281375 -0.212322
v 0.229685 -0.239389 -0.233827
v 0.239598 -0.256438 -0.229853
v -0.100776 0.286692 -0.368493
v -0.100776 0.198434 -0.388419
v -0.098385 0.256883 -0.410189
v -0.100179 0.184344 -0.345060
v -0.100179 0.291741 -0.300373
v 0.149691 0.142413 -0.386783
v 0.178909 0.238853 -0.370773
v 0.138831 0.185423 -0.440674
v 0.135239 0.145957 -0.303654
v 0.170796 0.235776 -0.254588
v 0.023709 0.280916 -0.315546
v 0.017307 0.279822 -0.269784
v -0.100179 0.291741 -0.300373
v -0.100776 0.286692 -0.368493
v 0.036233 0.272507 -0.369138
v -0.098385 0.256883 -0.410189
v 0.042195 0.218351 -0.451495
v 0.138831 0.185423 -0.440674
v 0.178909 0.238853 -0.370773
v 0.087902 0.262632 -0.289191
v 0.170796 0.235776 -0.254588
v 0.019910 0.272431 -0.295782
v 0.023709 0.280916 -0.315546
v 0.036233 0.272507 -0.369138
v 0.045825 0.169099 -0.335728
v 0.046555 0.161760 -0.316373
v 0.017307 0.279822 -0.269784
v 0.149691 0.142413 -0.386783
v 0.045825 0.169099 -0.335728
v 0.135239 0.145957 -0.303654
v 0.045572 0.165743 -0.387465
v -0.100776 0.198434 -0.388419
v -0.100179 0.184344 -0.345060
v 0.046555 0.161760 -0.316373
v 0.046555 0.161760 -0.316373
v -0.100179 0.184344 -0.345060
v -0.100179 0.291741 -0.300373
v 0.017307 0.279822 -0.269784
v 0.087902 0.262632 -0.289191
v 0.170796 0.235776 -0.254588
v 0.135239 0.145957 -0.303654
v 0.045825 0.169099 -0.335728
v 0.019910 0.272431 -0.295782
v -0.202990 0.120044 -0.380374
v -0.191382 0.124181 -0.446830
v -0.260523 0.140916 -0.397994
v -0.207801 0.139916 -0.311589
v -0.281697 0.160261 -0.239604
v -0.173026 0.204336 -0.275438
v -0.172546 0.168663 -0.394069
v -0.202990 0.120044 -0.380374
v -0.098079 0.228393 -0.306920
v -0.092026 0.185947 -0.393311
v -0.098385 0.256883 -0.410189
v -0.099076 0.139931 -0.445124
v -0.092026 0.185947 -0.393311
v -0.098079 0.228393 -0.306920
v -0.118197 0.297565 -0.290058
v -0.193795 0.283502 -0.250430
v -0.276137 0.239160 -0.226031
v -0.246046 0.209277 -0.405584
v -0.178310 0.236826 -0.405727
v -0.118197 0.297565 -0.290058
v -0.191382 0.124181 -0.446830
v -0.098385 0.256883 -0.410189
v -0.099076 0.139931 -0.445124
v -0.246046 0.209277 -0.405584
v -0.260523 0.140916 -0.397994
v -0.191382 0.124181 -0.446830
v -0.281697 0.160261 -0.239604
v -0.276137 0.239160 -0.226031
v -0.276137 0.239160 -0.226031
v -0.173026 0.204336 -0.275438
v -0.281697 0.160261 -0.239604
v -0.193795 0.283502 -0.250430
v -0.118197 0.297565 -0.290058
v -0.098079 0.228393 -0.306920
vt 0.03125 0.4375
vt 0.03125 0.4375
vt 0.03125 0.4375
vt 0.03125 0.4375
vt 0.03125 0.4375
vt 0.03125 0.4375
vt 0.03125 0.4375
vt 0.03125 0.4375
vt 0.03125 0.4375
vt 0.03125 0.4375
vt 0.03125 0.4375
vt 0.03125 0.4375
vt 0.03125 0.4375
vt 0.03125 0.4375
vt 0.03125 0.4375
vt 0.03125 0.4375
vt 0.03125 0.4375
vt 0.03125 0.4375
vt 0.03125 0.4375
vt 0.03125 0.4375
vt 0.03125 0.4375
vt 0.03125 0.4375
vt 0.03125 0.4375
vt 0.03125 0.4375
vt 0.03125 0.4375
vt 0.03125 0.4375
vt 0.03125 0.4375
vt 0.03125 0.4375
vt 0.03125 0.4375
vt 0.03125 0.4375
vt 0.03125 0.4375
vt 0.03125 0.4375
vt 0.03125 0.4375
vt 0.03125 0.4375
vt 0.03125 0.4375
vt 0.03125 0.4375
vt 0.03125 0.4375
vt 0.03125 0.4375
vt 0.03125 0.4375
vt 0.03125 0.4375
vt 0.03125 0.4375
vt 0.03125 0.4375
vt 0.03125 0.4375
vt 0.03125 0.4375
vt 0.03125 0.4375
vt 0.03125 0.4375
vt 0.03125 0.4375
vt 0.03125 0.4375
vt 0.03125 0.4375
vt 0.03125 0.4375
vt 0.03125 0.4375
vt 0.03125 0.4375
vt 0.03125 0.4375
vt 0.03125 0.4375
vt 0.03125 0.4375
vt 0.03125 0.4375
vt 0.03125 0.4375
vt 0.03125 0.4375
vt 0.03125 0.4375
vt 0.03125 0.4375
vt 0.03125 0.4375
vt 0.03125 0.4375
vt 0.03125 0.4375
vt 0.03125 0.4375
vt 0.03125 0.4375
vt 0.03125 0.4375
vt 0.03125 0.4375
vt 0.03125 0.4375
vt 0.03125 0.4375
vt 0.03125 0.4375
vt 0.03125 0.4375
vt 0.03125 0.4375
vt 0.03125 0.4375
vt 0.03125 0.4375
vt 0.03125 0.4375
vt 0.03125 0.4375
vt 0.03125 0.4375
vt 0.03125 0.4375
vt 0.03125 0.4375
vt 0.03125 0.4375
vt 0.03125 0.4375
vt 0.03125 0.4375
vt 0.03125 0.4375
vt 0.03125 0.4375
vt 0.03125 0.4375
vt 0.03125 0.4375
vt 0.03125 0.4375
vt 0.03125 0.4375
vt 0.03125 0.4375
vt 0.03125 0.4375
vt 0.03125 0.4375
vt 0.03125 0.4375
vt 0.03125 0.4375
vt 0.03125 0.4375
vt 0.03125 0.4375
vt 0.03125 0.4375
vt 0.03125 0.4375
vt 0.03125 0.4375
vt 0.03125 0.4375
vt 0.03125 0.4375
vt 0.03125 0.4375
vt 0.03125 0.4375
vt 0.03125 0.4375
vt 0.03125 0.4375
vt 0.03125 0.4375
vt 0.03125 0.4375
vt 0.03125 0.4375
vt 0.03125 0.4375
vt 0.03125 0.4375
vt 0.03125 0.4375
vt 0.03125 0.4375
vt 0.03125 0.4375
vt 0.03125 0.4375
vt 0.03125 0.4375
vt 0.03125 0.4375
vt 0.03125 0.4375
vt 0.03125 0.4375
vt 0.03125 0.4375
vt 0.03125 0.4375
vt 0.03125 0.4375
vt 0.03125 0.4375
vt 0.03125 0.4375
vt 0.03125 0.4375
vt 0.03125 0.4375
vt 0.03125 0.4375
vt 0.03125 0.4375
vt 0.03125 0.4375
vt 0.03125 0.4375
vt 0.03125 0.4375
vt 0.03125 0.4375
vt 0.03125 0.4375
vt 0.03125 0.4375
vt 0.03125 0.4375
vt 0.03125 0.4375
vt 0.03125 0.4375
vt 0.03125 0.4375
vt 0.03125 0.4375
vt 0.03125 0.4375
vt 0.03125 0.4375
vt 0.03125 0.4375
vt 0.03125 0.4375
vt 0.03125 0.4375
vt 0.03125 0.4375
vt 0.03125 0.4375
vt 0.03125 0.4375
vt 0.03125 0.4375
vt 0.03125 0.4375
vt 0.03125 0.4375
vt 0.03125 0.4375
vt 0.03125 0.4375
vt 0.03125 0.4375
vt 0.03125 0.4375
vt 0.03125 0.4375
vt 0.03125 0.4375
vt 0.03125 0.4375
vt 0.03125 0.4375
vt 0.03125 0.4375
vt 0.03125 0.4375
vt 0.03125 0.4375
vt 0.03125 0.4375
vt 0.03125 0.4375
vt 0.03125 0.4375
vt 0.03125 0.4375
vt 0.03125 0.4375
vt 0.03125 0.4375
vt 0.03125 0.4375
vt 0.03125 0.4375
vt 0.03125 0.4375
vt 0.03125 0.4375
vt 0.03125 0.4375
vt 0.03125 0.4375
vt 0.03125 0.4375
vt 0.03125 0.4375
vt 0.03125 0.4375
vt 0.03125 0.4375
vt 0.03125 0.4375
vt 0.03125 0.4375
vt 0.03125 0.4375
vt 0.03125 0.4375
vt 0.03125 0.4375
vt 0.03125 0.4375
vt 0.03125 0.4375
vt 0.03125 0.4375
vt 0.03125 0.4375
vt 0.03125 0.4375
vt 0.03125 0.4375
vt 0.03125 0.4375
vt 0.03125 0.4375
vt 0.03125 0.4375
vt 0.03125 0.4375
vt 0.03125 0.4375
vt 0.03125 0.4375
vt 0.03125 0.4375
vt 0.03125 0.4375
vt 0.03125 0.4375
vt 0.03125 0.4375
vt 0.03125 0.4375
vt 0.03125 0.4375
vt 0.03125 0.4375
vt 0.03125 0.4375
vt 0.03125 0.4375
vt 0.03125 0.4375
vt 0.03125 0.4375
vt 0.03125 0.4375
vt 0.03125 0.4375
vt 0.03125 0.4375
vt 0.03125 0.4375
vt 0.03125 0.4375
vt 0.03125 0.4375
vt 0.03125 0.4375
vt 0.03125 0.4375
vt 0.03125 0.4375
vt 0.03125 0.4375
vt 0.03125 0.4375
vt 0.03125 0.4375
vt 0.03125 0.4375
vt 0.03125 0.4375
vt 0.03125 0.4375
vt 0.03125 0.4375
vt 0.03125 0.4375
vt 0.03125 0.4375
vt 0.03125 0.4375
vt 0.03125 0.4375
vt 0.03125 0.4375
vt 0.03125 0.4375
vt 0.03125 0.4375
vt 0.03125 0.4375
vt 0.03125 0.4375
vt 0.03125 0.4375
vt 0.03125 0.4375
vt 0.03125 0.4375
vt 0.03125 0.4375
vt 0.03125 0.4375
vt 0.03125 0.4375
vt 0.03125 0.4375
vt 0.03125 0.4375
vt 0.03125 0.4375
vt 0.03125 0.4375
vt 0.03125 0.4375
vt 0.03125 0.4375
vt 0.03125 0.4375
vt 0.03125 0.4375
vt 0.03125 0.4375
vt 0.03125 0.4375
vt 0.03125 0.4375
vt 0.03125 0.4375
vt 0.03125 0.4375
vt 0.03125 0.4375
vt 0.03125 0.4375
vt 0.03125 0.4375
vt 0.03125 0.4375
vt 0.03125 0.4375
vt 0.03125 0.4375
vt 0.03125 0.4375
vt 0.03125 0.4375
vt 0.03125 0.4375
vt 0.03125 0.4375
vt 0.03125 0.4375
vt 0.03125 0.4375
vt 0.03125 0.4375
vt 0.03125 0.4375
vt 0.03125 0.4375
vt 0.03125 0.4375
vt 0.03125 0.4375
vt 0.03125 0.4375
vt 0.03125 0.4375
vt 0.03125 0.4375
vt 0.03125 0.4375
vt 0.03125 0.4375
vt 0.03125 0.4375
vt 0.03125 0.4375
vt 0.03125 0.4375
vt 0.03125 0.4375
vt 0.03125 0.4375
vt 0.03125 0.4375
vt 0.03125 0.4375
vt 0.03125 0.4375
vt 0.03125 0.4375
vt 0.03125 0.4375
vt 0.03125 0.4375
vt 0.03125 0.4375
vt 0.03125 0.4375
vt 0.03125 0.4375
vt 0.03125 0.4375
vt 0.03125 0.4375
vt 0.03125 0.4375
vt 0.03125 0.4375
vt 0.03125 0.4375
vt 0.03125 0.4375
vt 0.03125 0.4375
vt 0.03125 0.4375
vt 0.03125 0.4375
vt 0.03125 0.4375
vt 0.03125 0.4375
vt 0.03125 0.4375
vt 0.03125 0.4375
vt 0.03125 0.4375
vt 0.03125 0.4375
vt 0.03125 0.4375
vt 0.03125 0.4375
vt 0.03125 0.4375
vt 0.03125 0.4375
vt 0.03125 0.4375
vt 0.03125 0.4375
vt 0.03125 0.4375
vt 0.03125 0.4375
vt 0.03125 0.4375
vt 0.03125 0.4375
vt 0.03125 0.4375
vt 0.03125 0.4375
vt 0.03125 0.4375
vt 0.03125 0.4375
vt 0.03125 0.4375
vt 0.03125 0.4375
vt 0.03125 0.4375
vt 0.03125 0.4375
vt 0.03125 0.4375
vt 0.03125 0.4375
vt 0.03125 0.4375
vt 0.03125 0.4375
vt 0.03125 0.4375
vt 0.03125 0.4375
vt 0.03125 0.4375
vt 0.03125 0.4375
vt 0.03125 0.4375
vt 0.03125 0.4375
vt 0.03125 0.4375
vt 0.03125 0.4375
vt 0.03125 0.4375
vt 0.03125 0.4375
vt 0.03125 0.4375
vt 0.03125 0.4375
vt 0.03125 0.4375
vt 0.03125 0.4375
vt 0.03125 0.4375
vt 0.03125 0.4375
vt 0.03125 0.4375
vt 0.03125 0.4375
vt 0.03125 0.4375
vt 0.03125 0.4375
vt 0.03125 0.4375
vt 0.03125 0.4375
vt 0.03125 0.4375
vt 0.03125 0.4375
vt 0.03125 0.4375
vt 0.03125 0.4375
vt 0.03125 0.4375
vt 0.03125 0.4375
vt 0.03125 0.4375
vt 0.03125 0.4375
vt 0.03125 0.4375
vt 0.03125 0.4375
vt 0.03125 0.4375
vt 0.03125 0.4375
vt 0.03125 0.4375
vt 0.03125 0.4375
vt 0.03125 0.4375
vt 0.03125 0.4375
vt 0.03125 0.4375
vt 0.03125 0.4375
vt 0.03125 0.4375
vt 0.03125 0.4375
vt 0.03125 0.4375
vt 0.03125 0.4375
vt 0.03125 0.4375
vt 0.03125 0.4375
vt 0.03125 0.4375
vt 0.03125 0.4375
vt 0.03125 0.4375
vt 0.03125 0.4375
vt 0.03125 0.4375
vt 0.03125 0.4375
vt 0.03125 0.4375
vt 0.03125 0.4375
vt 0.03125 0.4375
vt 0.03125 0.4375
vt 0.03125 0.4375
vt 0.03125 0.4375
vt 0.03125 0.4375
vt 0.03125 0.4375
vt 0.03125 0.4375
vt 0.03125 0.4375
vt 0.03125 0.4375
vt 0.03125 0.4375
vt 0.03125 0.4375
vt 0.03125 0.4375
vt 0.03125 0.4375
vt 0.03125 0.4375
vt 0.03125 0.4375
vt 0.03125 0.4375
vt 0.03125 0.4375
vt 0.03125 0.4375
vt 0.03125 0.4375
vt 0.03125 0.4375
vt 0.03125 0.4375
vt 0.03125 0.4375
vt 0.03125 0.4375
vt 0.03125 0.4375
vt 0.03125 0.4375
vt 0.03125 0.4375
vt 0.03125 0.4375
vt 0.03125 0.4375
vt 0.03125 0.4375
vt 0.03125 0.4375
vt 0.03125 0.4375
vt 0.03125 0.4375
vt 0.03125 0.4375
vt 0.03125 0.4375
vt 0.03125 0.4375
vt 0.03125 0.4375
vt 0.03125 0.4375
vt 0.03125 0.4375
vt 0.03125 0.4375
vt 0.03125 0.4375
vt 0.03125 0.4375
vt 0.03125 0.4375
vt 0.03125 0.4375
vt 0.03125 0.4375
vt 0.03125 0.4375
vt 0.03125 0.4375
vt 0.03125 0.4375
vt 0.03125 0.4375
vt 0.03125 0.4375
vt 0.03125 0.4375
vt 0.03125 0.4375
vt 0.03125 0.4375
vt 0.03125 0.4375
vt 0.03125 0.4375
vt 0.03125 0.4375
vt 0.03125 0.4375
vt 0.03125 0.4375
vt 0.03125 0.4375
vt 0.03125 0.4375
vt 0.03125 0.4375
vt 0.03125 0.4375
vt 0.03125 0.4375
vt 0.03125 0.4375
vt 0.03125 0.4375
vt 0.03125 0.4375
vt 0.03125 0.4375
vt 0.03125 0.4375
vt 0.03125 0.4375
vt 0.03125 0.4375
vt 0.03125 0.4375
vt 0.03125 0.4375
vt 0.03125 0.4375
vt 0.03125 0.4375
vt 0.03125 0.4375
vt 0.03125 0.4375
vt 0.03125 0.4375
vt 0.03125 0.4375
vt 0.03125 0.4375
vt 0.03125 0.4375
vt 0.03125 0.4375
vt 0.03125 0.4375
vt 0.03125 0.4375
vt 0.03125 0.4375
vt 0.03125 0.4375
vt 0.03125 0.4375
vt 0.03125 0.4375
vt 0.03125 0.4375
vt 0.03125 0.4375
vt 0.03125 0.4375
vt 0.03125 0.4375
vt 0.03125 0.4375
vt 0.03125 0.4375
vt 0.03125 0.4375
vt 0.03125 0.4375
vt 0.03125 0.4375
vt 0.03125 0.4375
vt 0.03125 0.4375
vt 0.03125 0.4375
vt 0.03125 0.4375
vt 0.03125 0.4375
vt 0.03125 0.4375
vt 0.03125 0.4375
vt 0.03125 0.4375
vt 0.03125 0.4375
vt 0.03125 0.4375
vt 0.03125 0.4375
vt 0.03125 0.4375
vt 0.03125 0.4375
vt 0.03125 0.4375
vt 0.03125 0.4375
vt 0.03125 0.4375
vt 0.03125 0.4375
vt 0.03125 0.4375
vt 0.03125 0.4375
vt 0.03125 0.4375
vt 0.03125 0.4375
vt 0.03125 0.4375
vt 0.03125 0.4375
vt 0.03125 0.4375
vt 0.03125 0.4375
vt 0.03125 0.4375
vt 0.03125 0.4375
vt 0.03125 0.4375
vt 0.03125 0.4375
vt 0.03125 0.4375
vt 0.03125 0.4375
vt 0.03125 0.4375
vt 0.03125 0.4375
vt 0.03125 0.4375
vt 0.03125 0.4375
vt 0.03125 0.4375
vt 0.03125 0.4375
vt 0.03125 0.4375
vt 0.03125 0.4375
vt 0.03125 0.4375
vt 0.03125 0.4375
vt 0.03125 0.4375
vt 0.03125 0.4375
vt 0.03125 0.4375
vt 0.03125 0.4375
vt 0.03125 0.4375
vt 0.03125 0.4375
vt 0.03125 0.4375
vt 0.03125 0.4375
vt 0.03125 0.4375
vt 0.03125 0.4375
vt 0.03125 0.34375
vt 0.03125 0.34375
vt 0.03125 0.34375
vt 0.03125 0.34375
vt 0.03125 0.28125
vt 0.03125 0.28125
vt 0.03125 0.28125
vt 0.03125 0.28125
vt 0.03125 0.28125
vt 0.03125 0.28125
vt 0.03125 0.28125
vt 0.03125 0.28125
vt 0.03125 0.28125
vt 0.03125 0.28125
vt 0.03125 0.28125
vt 0.03125 0.34375
vt 0.03125 0.34375
vt 0.03125 0.34375
vt 0.03125 0.34375
vt 0.03125 0.34375
vt 0.03125 0.34375
vt 0.03125 0.34375
vt 0.03125 0.34375
vt 0.03125 0.34375
vt 0.03125 0.34375
vt 0.03125 0.34375
vt 0.03125 0.34375
vt 0.03125 0.34375
vt 0.03125 0.34375
vt 0.03125 0.34375
vt 0.03125 0.34375
vt 0.03125 0.34375
vt 0.03125 0.34375
vt 0.03125 0.34375
vt 0.03125 0.34375
vt 0.03125 0.34375
vt 0.03125 0.34375
vt 0.03125 0.34375
vt 0.03125 0.34375
vt 0.03125 0.34375
vt 0.03125 0.34375
vt 0.03125 0.34375
vt 0.03125 0.34375
vt 0.03125 0.34375
vt 0.03125 0.34375
vt 0.03125 0.34375
vt 0.03125 0.34375
vt 0.03125 0.34375
vt 0.03125 0.34375
vt 0.03125 0.34375
vt 0.03125 0.34375
vt 0.03125 0.34375
vt 0.03125 0.34375
vt 0.03125 0.34375
vt 0.03125 0.34375
vt 0.03125 0.34375
vt 0.03125 0.34375
vt 0.03125 0.34375
vt 0.03125 0.34375
vt 0.03125 0.34375
vt 0.03125 0.34375
vt 0.03125 0.34375
vt 0.03125 0.34375
vt 0.03125 0.34375
vt 0.03125 0.34375
vt 0.03125 0.34375
vt 0.03125 0.34375
vt 0.03125 0.34375
vt 0.03125 0.34375
vt 0.03125 0.34375
vt 0.03125 0.34375
vt 0.03125 0.21875
vt 0.03125 0.21875
vt 0.03125 0.21875
vt 0.03125 0.21875
vt 0.03125 0.21875
vt 0.03125 0.21875
vt 0.03125 0.21875
vt 0.03125 0.21875
vt 0.03125 0.21875
vt 0.03125 0.21875
vt 0.03125 0.21875
vt 0.03125 0.21875
vt 0.03125 0.21875
vt 0.03125 0.21875
vt 0.03125 0.21875
vt 0.03125 0.21875
vt 0.03125 0.21875
vt 0.03125 0.21875
vt 0.03125 0.21875
vt 0.03125 0.21875
vt 0.03125 0.21875
vt 0.03125 0.21875
vt 0.03125 0.21875
vt 0.03125 0.21875
vt 0.03125 0.21875
vt 0.03125 0.21875
vt 0.03125 0.21875
vt 0.03125 0.21875
vt 0.03125 0.21875
vt 0.03125 0.21875
vt 0.03125 0.21875
vt 0.03125 0.21875
vt 0.03125 0.21875
vt 0.03125 0.21875
vt 0.03125 0.21875
vt 0.03125 0.21875
vt 0.03125 0.34375
vt 0.03125 0.34375
vt 0.03125 0.34375
vt 0.03125 0.34375
vt 0.03125 0.34375
vt 0.03125 0.34375
vt 0.03125 0.34375
vt 0.03125 0.34375
vt 0.03125 0.34375
vt 0.03125 0.34375
vt 0.03125 0.34375
vt 0.03125 0.34375
vt 0.03125 0.34375
vt 0.03125 0.34375
vt 0.03125 0.34375
vt 0.03125 0.34375
vt 0.03125 0.34375
vt 0.03125 0.34375
vt 0.03125 0.34375
vt 0.03125 0.34375
vt 0.03125 0.34375
vt 0.03125 0.34375
vt 0.03125 0.34375
vt 0.03125 0.34375
vt 0.03125 0.34375
vt 0.03125 0.34375
vt 0.03125 0.34375
vt 0.03125 0.34375
vt 0.03125 0.34375
vt 0.03125 0.34375
vt 0.03125 0.34375
vt 0.03125 0.34375
vt 0.03125 0.34375
vt 0.03125 0.34375
vt 0.03125 0.34375
vt 0.03125 0.34375
vt 0.03125 0.34375
vt 0.03125 0.34375
vt 0.03125 0.34375
vt 0.03125 0.34375
vt 0.5 0.647956014
vt 0.5 0.647956014
vt 0.5 0.557430983
vt 0.500033975 0.473398
vt 0.500033975 0.473398
vt 0.500033975 0.81754601
vt 0.500033975 0.84197998
vt 0.500033975 0.632200003
vt 0.500033975 0.687833011
vt 0.500033975 0.541684985
vt 0.500033975 0.525840998
vt 0.500033975 0.565017998
vt 0.500033975 0.554813981
vt 0.500033975 0.713285983
vt 0.500033975 0.532963991
vt 0.500033975 0.543168008
vt 0.500033975 0.700532019
vt 0.500033975 0.700866997
vt 0.500033975 0.50445497
vt 0.500033975 0.512589991
vt 0.500033975 0.483462989
vt 0.500033975 0.683789015
vt 0.500033975 0.49159801
vt 0.5 0.771973014
vt 0.5 0.773186028
vt 0.5 0.771973014
vt 0.5 0.773186028
vt 0.5 0.771973014
vt 0.5 0.773186028
vt 0.5 0.323365986
vt 0.5 0.500360012
vt 0.5 0.323365986
vt 0.5 0.495986998
vt 0.5 0.343389988
vt 0.5 0.302969992
vt 0.5 0.303007007
vt 0.5 0.343389988
vt 0.5 0.914286017
vt 0.5 0.93601799
vt 0.5 0.681721985
vt 0.5 0.648120999
vt 0.5 0.481752008
vt 0.5 0.296779007
vt 0.5 0.296779007
vt 0.5 0.469401002
vt 0.5 0.323365986
vt 0.5 0.296779007
vt 0.5 0.481752008
vt 0.5 0.500360012
vt 0.5 0.566597998
vt 0.5 0.557125986
vt 0.5 0.496811002
vt 0.5 0.579962015
vt 0.5 0.326335996
vt 0.5 0.28757599
vt 0.5 0.700866997
vt 0.5 0.683789015
vt 0.5 0.615312994
vt 0.5 0.493853003
vt 0.5 0.359088987
vt 0.5 0.293040991
vt 0.5 0.713285983
vt 0.5 0.605895996
vt 0.5 0.471944004
vt 0.5 0.329818994
vt 0.5 0.450042009
vt 0.5 0.297455996
vt 0.5 0.697062016
vt 0.5 0.700532019
vt 0.5 0.845420003
vt 0.5 0.871182978
vt 0.5 0.89200002
vt 0.500033975 0.565017998
vt 0.500033975 0.543168008
vt 0.5 0.854587018
vt 0.5 0.674926996
vt 0.5 0.700866997
vt 0.500033975 0.483462989
vt 0.500033975 0.50445497
vt 0.500033975 0.468584001
vt 0.5 0.303007007
vt 0.5 0.302969992
vt 0.5 0.479939997
vt 0.5 0.785341978
vt 0.5 0.296779007
vt 0.5 0.323365986
vt 0.5 0.323365986
vt 0.5 0.296779007
vt 0.5 0.479939997
vt 0.5 0.302969992
vt 0.5 0.343389988
vt 0.5 0.520451009
vt 0.5 0.582230985
vt 0.5 0.622479975
vt 0.5 0.724507987
vt 0.5 0.579962015
vt 0.5 0.684521019
vt 0.5 0.496811002
vt 0.5 0.304964989
vt 0.5 0.28757599
vt 0.5 0.700866997
vt 0.5 0.854587018
vt 0.5 0.895305991
vt 0.5 0.590532005
vt 0.5 0.777357996
vt 0.5 0.801657975
vt 0.5 0.538291991
vt 0.5 0.304349005
vt 0.5 0.785341978
vt 0.5 0.479939997
vt 0.5 0.304964989
vt 0.5 0.581017017
vt 0.5 0.538291991
vt 0.5 0.590532005
vt 0.5 0.633256972
vt 0.5 0.359088987
vt 0.5 0.293040991
vt 0.5 0.293040991
vt 0.5 0.359088987
vt 0.5 0.326335996
vt 0.5 0.306831002
vt 0.5 0.28757599
vt 0.5 0.304964989
vt 0.5 0.304349005
vt 0.5 0.520451009
vt 0.5 0.343389988
vt 0.5 0.343389988
vt 0.5 0.520451009
vt 0.5 0.622479975
vt 0.5 0.724507987
vt 0.5 0.724507987
vt 0.5 0.93601799
vt 0.5 0.887633026
vt 0.5 0.732125998
vt 0.500033975 0.545472026
vt 0.500033975 0.538200021
vt 0.5 0.908517003
vt 0.5 0.581017017
vt 0.5 0.633256972
vt 0.5 0.924588025
vt 0.5 0.335705012
vt 0.5 0.404870003
vt 0.5 0.252285004
vt 0.5 0.488283992
vt 0.5 0.647956014
vt 0.5 0.588056028
vt 0.5 0.450042009
vt 0.5 0.297455996
vt 0.5 0.697062016
vt 0.5 0.687833011
vt 0.5 0.845420003
vt 0.5 0.924588025
vt 0.5 0.647956014
vt 0.500033975 0.541684985
vt 0.500033975 0.473398
vt 0.5 0.648120999
vt 0.5 0.681721985
vt 0.5 0.649498999
vt 0.5 0.619576991
vt 0.5 0.293040991
vt 0.5 0.329818994
vt 0.5 0.293040991
vt 0.5 0.337974012
vt 0.5 0.337974012
vt 0.5 0.329818994
vt 0.5 0.30509299
vt 0.5 0.297455996
vt 0.5 0.335705012
vt 0.5 0.252285004
vt 0.5 0.252285004
vt 0.5 0.857074976
vt 0.5 0.732125998
vt 0.5 0.887633026
vt 0.5 0.69213903
vt 0.500033975 0.545472026
vt 0.500033975 0.48982501
vt 0.5 0.581017017
vt 0.5 0.908517003
vt 0.5 0.777357996
vt 0.5 0.538291991
vt 0.5 0.323365986
vt 0.5 0.495986998
vt 0.5 0.469401002
vt 0.5 0.296779007
vt 0.5 0.304349005
vt 0.5 0.306831002
vt 0.5 0.785341978
vt 0.5 0.785341978
vt 0.5 0.30509299
vt 0.5 0.785341978
vt 0.5 0.337974012
vt 0.5 0.785341978
vt 0.5 0.293040991
vt 0.5 0.359088987
vt 0.5 0.785341978
vt 0.5 0.306831002
vt 0.5 0.724507987
vt 0.5 0.785341978
vt 0.5 0.93601799
vt 0.5 0.520451009
vt 0.5 0.303007007
vt 0.5 0.343389988
vt 0.5 0.851574004
vt 0.5 0.785341978
vt 0.5 0.647956014
vt 0.5 0.404870003
vt 0.5 0.30509299
vt 0.5 0.252285004
vt 0.5 0.649498999
vt 0.5 0.780596972
vt 0.5 0.780596972
vt 0.5 0.619576991
vt 0.5 0.780596972
vt 0.5 0.649498999
vt 0.5 0.681721985
vt 0.5 0.93601799
vt 0.5 0.780596972
vt 0.5 0.914286017
vt 0.5 0.648120999
vt 0.5 0.619576991
vt 0.5 0.924588025
vt 0.5 0.851574004
vt 0.5 0.647956014
vt 0.5 0.647956014
vt 0.5 0.404870003
vt 0.5 0.404870003
vt 0.5 0.252285004
vt 0.5 0.252285004
vt 0.5 0.684521019
vt 0.5 0.857074976
vt 0.5 0.895305991
vt 0.5 0.69213903
vt 0.500033975 0.48982501
vt 0.500033975 0.482542992
vt 0.500033975 0.809970975
vt 0.500033975 0.787519991
vt 0.500033975 0.877111971
vt 0.500033975 0.656906009
vt 0.500033975 0.656906009
vt 0.500033975 0.476612002
vt 0.500033975 0.420973986
vt 0.500033975 0.813288987
vt 0.500033975 0.809970975
vt 0.500033975 0.877111971
vt 0.500033975 0.656906009
vt 0.500033975 0.656906009
vt 0.500033975 0.420973986
vt 0.500033975 0.358810991
vt 0.500033975 0.448823988
vt 0.500033975 0.476612002
vt 0.500033975 0.420973986
vt 0.500033975 0.376011014
vt 0.500033975 0.358810991
vt 0.500033975 0.476612002
vt 0.500033975 0.448823988
vt 0.500033975 0.656906009
vt 0.500033975 0.656906009
vt 0.500033975 0.787519991
vt 0.500033975 0.776956022
vt 0.500033975 0.448823988
vt 0.500033975 0.376011014
vt 0.500033975 0.656906009
vt 0.500033975 0.656906009
vt 0.500033975 0.792881012
vt 0.500033975 0.776956022
vt 0.500033975 0.877111971
vt 0.500033975 0.813288987
vt 0.500033975 0.656906009
vt 0.500033975 0.656906009
vt 0.500033975 0.376011014
vt 0.500033975 0.358810991
vt 0.500033975 0.613955021
vt 0.500033975 0.755784988
vt 0.500033975 0.81754601
vt 0.500033975 0.565321028
vt 0.500033975 0.322167009
vt 0.500033975 0.286017001
vt 0.500033975 0.312159985
vt 0.500033975 0.322167009
vt 0.500033975 0.286017001
vt 0.500033975 0.269823015
vt 0.500033975 0.253657013
vt 0.500033975 0.55667901
vt 0.500033975 0.84197998
vt 0.500033975 0.775425017
vt 0.500033975 0.586338997
vt 0.500033975 0.312159985
vt 0.500033975 0.269823015
vt 0.500033975 0.632200003
vt 0.500033975 0.84197998
vt 0.500033975 0.55667901
vt 0.500033975 0.253657013
vt 0.500033975 0.269823015
vt 0.500033975 0.671536028
vt 0.500033975 0.764635026
vt 0.500033975 0.828939974
vt 0.500033975 0.537253976
vt 0.500033975 0.273517013
vt 0.500033975 0.308331996
vt 0.500033975 0.556034029
vt 0.500033975 0.825573027
vt 0.500033975 0.75612098
vt 0.500033975 0.536238015
vt 0.500033975 0.298691005
vt 0.500033975 0.25792101
vt 0.500033975 0.671536028
vt 0.500033975 0.825573027
vt 0.500033975 0.556034029
vt 0.500033975 0.25792101
vt 0.500033975 0.242358997
vt 0.500033975 0.242358997
vt 0.500033975 0.25792101
vt 0.500033975 0.273517013
vt 0.500033975 0.298691005
vt 0.500033975 0.308331996
vt 0.500033975 0.81754601
vt 0.500033975 0.632200003
vt 0.500033975 0.613955021
vt 0.500033975 0.286017001
vt 0.500033975 0.253657013
vt 0.500033975 0.775425017
vt 0.500033975 0.84197998
vt 0.500033975 0.81754601
vt 0.500033975 0.755784988
vt 0.500033975 0.586338997
vt 0.500033975 0.565321028
vt 0.500033975 0.312159985
vt 0.500033975 0.322167009
vt 0.500033975 0.671536028
vt 0.500033975 0.242358997
vt 0.500033975 0.273517013
vt 0.500033975 0.671536028
vt 0.500033975 0.828939974
vt 0.500033975 0.825573027
vt 0.500033975 0.75612098
vt 0.500033975 0.825573027
vt 0.500033975 0.828939974
vt 0.500033975 0.764635026
vt 0.500033975 0.536238015
vt 0.500033975 0.537253976
vt 0.500033975 0.298691005
vt 0.500033975 0.308331996
vt 0.500033975 0.473398
vt 0.500033975 0.473398
vt 0.500033975 0.525840998
vt 0.500033975 0.541684985
vt 0.500033975 0.565017998
vt 0.500033975 0.543168008
vt 0.500033975 0.532963991
vt 0.500033975 0.554813981
vt 0.500033975 0.538200021
vt 0.500033975 0.545472026
vt 0.500033975 0.48982501
vt 0.500033975 0.482542992
vt 0.500033975 0.476718009
vt 0.500033975 0.483462989
vt 0.500033975 0.49159801
vt 0.500033975 0.468584001
vt 0.500033975 0.512589991
vt 0.500033975 0.50445497
vt 0.500033975 0.751929998
vt 0.500033975 0.77730298
vt 0.500033975 0.803914011
vt 0.500033975 0.664717019
vt 0.500033975 0.575793028
vt 0.500033975 0.775223017
vt 0.500033975 0.754833996
vt 0.500033975 0.843858004
vt 0.500033975 0.582319975
vt 0.500033975 0.484696001
vt 0.500033975 0.605989993
vt 0.500033975 0.514931977
vt 0.500033975 0.575793028
vt 0.500033975 0.751929998
vt 0.500033975 0.752748013
vt 0.500033975 0.803914011
vt 0.500033975 0.857636988
vt 0.500033975 0.843858004
vt 0.500033975 0.754833996
vt 0.500033975 0.553542972
vt 0.500033975 0.484696001
vt 0.500033975 0.56666398
vt 0.500033975 0.605989993
vt 0.500033975 0.752748013
vt 0.500033975 0.646144986
vt 0.500033975 0.607629001
vt 0.500033975 0.514931977
vt 0.500033975 0.775223017
vt 0.500033975 0.646144986
vt 0.500033975 0.582319975
vt 0.500033975 0.776090026
vt 0.500033975 0.77730298
vt 0.500033975 0.664717019
vt 0.500033975 0.607629001
vt 0.500033975 0.607629001
vt 0.500033975 0.664717019
vt 0.500033975 0.575793028
vt 0.500033975 0.514931977
vt 0.500033975 0.553542972
vt 0.500033975 0.484696001
vt 0.500033975 0.582319975
vt 0.500033975 0.646144986
vt 0.500033975 0.56666398
vt 0.500033975 0.766264021
vt 0.500033975 0.851189971
vt 0.500033975 0.788782001
vt 0.500033975 0.64547801
vt 0.500033975 0.516629994
vt 0.500033975 0.580771983
vt 0.500033975 0.783761978
vt 0.500033975 0.766264021
vt 0.500033975 0.637122989
vt 0.500033975 0.782799006
vt 0.500033975 0.803914011
vt 0.500033975 0.849012017
vt 0.500033975 0.782799006
vt 0.500033975 0.637122989
vt 0.500033975 0.606939971
vt 0.500033975 0.536005974
vt 0.500033975 0.492332995
vt 0.500033975 0.798479974
vt 0.500033975 0.79866302
vt 0.500033975 0.606939971
vt 0.500033975 0.851189971
vt 0.500033975 0.803914011
vt 0.500033975 0.849012017
vt 0.500033975 0.798479974
vt 0.500033975 0.788782001
vt 0.500033975 0.851189971
vt 0.500033975 0.516629994
vt 0.500033975 0.492332995
vt 0.500033975 0.492332995
vt 0.500033975 0.580771983
vt 0.500033975 0.516629994
vt 0.500033975 0.536005974
vt 0.500033975 0.606939971
vt 0.500033975 0.637122989
vn 0.316413 -0.937303 0.146103
vn 0.316413 -0.937303 0.146103
vn 0.316413 -0.937303 0.146103
vn 0.873150 -0.486118 0.036029
vn 0.873150 -0.486118 0.036029
vn 0.873150 -0.486118 0.036029
vn -0.873150 0.486118 -0.036029
vn -0.873150 0.486118 -0.036029
vn -0.873150 0.486118 -0.036029
vn -0.150891 0.944174 -0.292861
vn -0.150891 0.944174 -0.292861
vn -0.150891 0.944174 -0.292861
vn 0.360726 -0.796310 -0.485558
vn 0.360726 -0.796310 -0.485558
vn 0.360726 -0.796310 -0.485558
vn -0.271129 0.096358 -0.957708
vn -0.271129 0.096358 -0.957708
vn -0.271129 0.096358 -0.957708
vn -0.249978 0.128310 -0.959712
vn -0.253962 0.131147 -0.958282
vn -0.262938 -0.081642 -0.961352
vn -0.188768 0.028537 -0.981607
vn -0.253362 -0.153544 -0.955108
vn -0.248966 -0.318369 -0.914690
vn -0.229251 -0.332835 -0.914694
vn -0.229250 -0.332836 -0.914694
vn -0.140640 -0.178705 -0.973799
vn 0.008734 -0.606130 -0.795318
vn -0.002747 -0.678050 -0.735011
vn 0.168370 -0.835067 -0.523751
vn 0.865538 0.500634 0.014452
vn 0.865538 0.500634 0.014452
vn 0.865538 0.500634 0.014452
vn -0.861725 -0.505240 -0.046507
vn -0.861725 -0.505240 -0.046507
vn -0.861725 -0.505240 -0.046507
vn -0.886079 -0.063802 -0.459122
vn -0.886079 -0.063802 -0.459122
vn -0.886079 -0.063802 -0.459122
vn -0.993835 0.000000 0.110868
vn -0.859956 0.509699 0.026137
vn -0.992400 0.070142 0.101103
vn -0.775297 0.631597 -0.000000
vn 0.397779 0.038714 -0.916664
vn 0.402706 0.051642 -0.913872
vn 0.413036 -0.042129 -0.909740
vn 0.356709 0.112738 -0.927388
vn 0.330324 0.119411 -0.936284
vn 0.314461 0.128334 -0.940555
vn -0.137860 0.896261 0.421557
vn -0.363418 0.922206 -0.132151
vn -0.148591 0.924577 0.350825
vn 0.017859 0.719211 0.694562
vn 0.000540 0.694344 0.719643
vn -0.951261 -0.302781 -0.058533
vn -0.967065 -0.248909 -0.053201
vn -0.934881 -0.350082 -0.058661
vn -0.917306 -0.393751 -0.059244
vn -0.917145 -0.394978 -0.053265
vn 0.720632 0.432034 -0.542251
vn 0.640649 0.419503 -0.643107
vn 0.778385 0.406552 -0.478364
vn 0.845270 0.340380 -0.411897
vn 0.853993 0.303178 -0.422822
vn -0.359928 -0.930081 0.073497
vn -0.308196 -0.944630 -0.112649
vn -0.302213 -0.951174 0.062734
vn 0.382579 -0.865883 0.322304
vn 0.174517 -0.886009 0.429571
vn 0.560654 -0.736695 0.378084
vn 0.607074 -0.739071 0.291951
vn 0.854875 -0.479445 0.198297
vn 0.319040 -0.886554 0.335015
vn 0.184076 -0.877016 0.443801
vn 0.993224 0.116210 -0.001133
vn 0.986814 0.028256 -0.159376
vn 0.995391 0.047150 -0.083504
vn 0.975778 0.208501 0.066218
vn 0.960321 0.266943 0.080780
vn -0.999998 -0.001256 0.001282
vn -0.999993 -0.000863 0.003739
vn -0.999747 0.005059 -0.021924
vn -0.999930 -0.003288 0.011376
vn -0.999952 -0.003832 0.009046
vn 0.956448 -0.284688 -0.064499
vn 0.943628 -0.329752 -0.028809
vn 0.909374 -0.221424 -0.352152
vn 0.925505 -0.361962 0.111460
vn 0.915036 -0.399835 0.053305
vn 0.094179 0.994082 -0.054134
vn 0.091771 0.995106 0.036635
vn 0.080953 0.995383 -0.051570
vn 0.085445 0.932978 -0.349645
vn 0.157283 0.933244 -0.322984
vn 0.073136 0.811394 -0.579906
vn 0.223777 0.821707 -0.524139
vn 0.227613 0.764050 -0.603672
vn 0.232648 0.918364 -0.320129
vn 0.225922 0.974081 0.011237
vn 0.290609 0.955754 0.045605
vn 0.139531 0.989698 0.032075
vn 0.971388 0.176183 0.159265
vn 0.966790 0.157589 0.201205
vn 0.980256 0.183904 0.072649
vn 0.979860 0.190500 0.059871
vn 0.971994 0.188398 0.140479
vn -0.239912 -0.970603 0.019270
vn -0.171597 -0.979327 -0.107116
vn -0.249844 -0.968284 -0.002147
vn -0.218599 -0.973698 0.064246
vn -0.111955 -0.967215 -0.227949
vn -0.079313 -0.947285 -0.310421
vn -0.075244 -0.933322 -0.351068
vn -0.848431 0.455376 -0.269809
vn -0.857689 0.404797 -0.317031
vn -0.793124 0.309980 -0.524277
vn -0.824334 0.565301 -0.030130
vn -0.811218 0.584622 -0.011962
vn -0.811797 0.582511 0.040817
vn -0.815502 0.577829 0.032721
vn 0.240870 0.784020 -0.572096
vn 0.234005 0.771455 -0.591692
vn 0.161043 0.578799 -0.799410
vn 0.303577 0.938192 -0.166244
vn 0.300380 0.942476 -0.146663
vn 0.297161 0.952577 0.065524
vn 0.288973 0.955643 0.056924
vn -0.289944 -0.081802 0.953541
vn -0.284208 -0.081946 0.955254
vn -0.292771 -0.083858 0.952498
vn -0.296627 -0.084491 0.951248
vn -0.301351 -0.088861 0.949364
vn 0.010070 0.262266 0.964943
vn 0.031506 0.247653 0.968336
vn 0.019594 0.255796 0.966532
vn -0.000000 0.269067 0.963122
vn 0.972682 0.058241 -0.224717
vn 0.975149 0.076298 -0.207999
vn 0.971457 0.050577 -0.231761
vn 0.968696 0.035281 -0.245729
vn 0.964758 0.262673 0.015632
vn 0.998710 0.000000 0.050768
vn 0.998393 0.032147 0.046663
vn 0.928588 0.371113 -0.000000
vn 0.198305 0.980099 0.009038
vn 0.158032 0.978193 0.134773
vn 0.141063 0.979850 0.141406
vn 0.259046 0.965126 0.037777
vn 0.298870 0.953509 -0.038692
vn -0.009266 0.999220 0.038378
vn 0.080616 0.996715 0.007792
vn -0.111664 0.992595 0.047821
vn 0.036133 0.999246 -0.014203
vn -0.000000 0.996841 0.079417
vn -0.000000 0.996450 0.084188
vn -0.000000 0.990294 0.138989
vn -0.000000 0.990294 0.138989
vn -0.158005 -0.979221 -0.127125
vn -0.238564 -0.970520 -0.034335
vn -0.140686 -0.980963 -0.133860
vn -0.253339 -0.967186 -0.019250
vn -0.287733 -0.956096 0.055584
vn -0.290478 -0.955222 0.056334
vn 0.176307 -0.947203 -0.267812
vn 0.157471 -0.945413 -0.285302
vn 0.278788 -0.959811 -0.032260
vn 0.057427 -0.998243 0.014599
vn 0.227194 -0.958270 0.173497
vn 0.398334 -0.908080 0.129306
vn 0.372047 -0.927638 -0.032680
vn 0.451181 -0.890333 0.061172
vn 0.304521 -0.932350 -0.194914
vn 0.290611 -0.934570 -0.205242
vn 0.135594 -0.982626 -0.126730
vn 0.297564 -0.929641 -0.217308
vn -0.115073 -0.981627 0.152203
vn -0.181444 -0.983317 0.012841
vn -0.019242 -0.992002 -0.124743
vn -0.131833 -0.978102 -0.161050
vn -0.199980 -0.943000 -0.266006
vn -0.297311 -0.948112 0.112652
vn -0.306488 -0.951328 -0.032247
vn -0.275779 -0.939081 -0.205119
vn -0.326781 -0.941648 -0.080706
vn -0.340839 -0.916880 -0.207750
vn -0.328729 -0.920895 -0.209499
vn -0.332598 -0.904790 -0.265960
vn -0.295105 -0.776683 -0.556486
vn -0.296260 -0.767942 -0.567886
vn 0.067054 -0.880661 -0.468977
vn -0.333812 -0.932926 -0.134975
vn -0.333812 -0.932926 -0.134976
vn 0.349895 -0.846904 -0.400409
vn 0.411243 -0.878534 -0.243017
vn 0.517667 -0.802091 -0.297775
vn 0.373651 -0.923965 -0.081691
vn 0.471420 -0.876504 -0.097489
vn 0.414981 -0.908079 -0.056422
vn -0.120784 -0.991668 -0.044796
vn -0.127981 -0.990678 -0.046663
vn -0.096650 -0.994572 -0.038530
vn -0.091365 -0.995124 -0.037156
vn 0.202350 -0.254550 -0.945653
vn 0.130552 -0.246032 -0.960429
vn 0.238132 -0.269049 -0.933223
vn -0.112944 -0.047585 -0.992461
vn -0.405212 -0.086196 -0.910150
vn -0.165483 0.185694 -0.968573
vn 0.165921 -0.073340 -0.983408
vn 0.051439 0.168342 -0.984386
vn 0.147154 0.127045 -0.980921
vn -0.722801 -0.690061 -0.037063
vn -0.719147 -0.694155 -0.031252
vn -0.724845 -0.680316 0.108485
vn -0.724009 -0.683427 0.093485
vn -0.714792 -0.651488 0.254235
vn -0.722960 -0.638888 0.262964
vn -0.180781 0.000000 0.983523
vn -0.180781 0.000000 0.983523
vn -0.180781 0.000000 0.983523
vn -0.180781 0.000000 0.983523
vn 0.970399 -0.209949 -0.119364
vn 0.958400 -0.209635 -0.193709
vn 0.958376 -0.199663 -0.204082
vn 0.981732 -0.174333 -0.076221
vn 0.982539 -0.185859 0.008599
vn 0.984443 -0.167553 0.052889
vn 0.984323 -0.164668 0.063191
vn 0.972483 -0.231018 0.030133
vn 0.974920 -0.175628 -0.136695
vn 0.962054 -0.264692 -0.066257
vn 0.947550 -0.247683 -0.201993
vn 0.947038 -0.251180 -0.200068
vn 0.972743 -0.194325 -0.126526
vn 0.936410 -0.118969 -0.330126
vn 0.930927 -0.080501 -0.356223
vn -0.000000 0.943268 0.332033
vn -0.000000 0.943268 0.332033
vn -0.000000 0.943268 0.332033
vn -0.000000 0.943268 0.332033
vn 0.314326 -0.949175 -0.016331
vn 0.318703 -0.947791 -0.011030
vn 0.311959 -0.949979 0.014908
vn 0.328668 -0.943968 0.030016
vn 0.705066 -0.610987 -0.359968
vn 0.366404 -0.924436 -0.105667
vn 0.553031 -0.610743 -0.566701
vn 0.852006 -0.084922 -0.516598
vn 0.983235 -0.009034 -0.182119
vn 0.988364 -0.000618 -0.152103
vn 0.999286 -0.001915 0.037735
vn 0.999312 -0.002992 0.036974
vn 0.984737 -0.071982 0.158466
vn 0.982848 -0.052641 0.176742
vn 0.964189 0.040113 0.262167
vn 0.984915 -0.153750 0.079390
vn 0.165687 0.974155 0.153524
vn -0.087801 0.992669 0.083056
vn -0.041957 0.994462 0.096360
vn 0.228590 0.958597 0.169816
vn -0.178351 0.130887 -0.975223
vn -0.187842 0.115211 -0.975419
vn -0.177688 0.131977 -0.975197
vn -0.170198 0.144242 -0.974796
vn -0.252221 -0.398245 0.881921
vn -0.234100 -0.379208 0.895209
vn -0.249803 -0.395712 0.883748
vn -0.269370 -0.416153 0.868479
vn 0.894848 0.197014 -0.400540
vn 0.894848 0.197014 -0.400540
vn 0.894848 0.197014 -0.400540
vn 0.894848 0.197014 -0.400540
vn -0.021201 -0.152226 0.988118
vn -0.000000 -0.148323 0.988939
vn -0.168383 -0.177399 0.969627
vn -0.203430 -0.182888 0.961857
vn 0.022992 -0.189977 0.981519
vn 0.022992 -0.189977 0.981519
vn 0.022992 -0.189977 0.981519
vn 0.022992 -0.189977 0.981519
vn -0.310188 -0.331549 0.890987
vn -0.447322 -0.291062 0.845687
vn -0.413808 -0.279835 0.866288
vn -0.309222 -0.313924 0.897682
vn -0.144806 -0.394393 0.907461
vn -0.421326 0.866969 -0.266175
vn -0.512690 0.828874 -0.223870
vn -0.322210 0.705215 -0.631548
vn -0.237990 0.692099 -0.681440
vn -0.298806 0.900014 -0.317316
vn -0.078089 0.354988 -0.931604
vn -0.197138 0.676160 -0.709890
vn -0.072058 0.330226 -0.941147
vn -0.558845 -0.121763 0.820284
vn -0.582448 -0.124690 0.803247
vn -0.506390 -0.115104 0.854588
vn -0.484854 -0.112313 0.867354
vn 0.107714 0.000000 0.994182
vn 0.395403 0.000000 0.918508
vn 0.395403 0.000000 0.918508
vn 0.070851 -0.002968 0.997482
vn -0.229738 -0.012397 0.973174
vn -0.166573 0.042664 0.985106
vn -0.182521 0.087812 0.979273
vn -0.059183 0.062511 0.996288
vn 0.001063 -0.028553 0.999592
vn -0.890650 0.127342 -0.436494
vn -0.843559 0.124091 -0.522504
vn -0.571645 0.030893 -0.819919
vn -0.976929 0.122207 -0.175146
vn -0.978126 0.102537 -0.180986
vn -0.960064 0.234882 -0.152009
vn -0.958481 0.248349 -0.140132
vn -0.959461 0.240342 -0.147208
vn -0.960949 0.225836 -0.159922
vn -0.931538 -0.326408 -0.160293
vn -0.995363 -0.006500 -0.095969
vn -0.994317 -0.002548 -0.106430
vn -0.960823 -0.262986 -0.087512
vn -0.996657 -0.012140 -0.080788
vn -0.935304 -0.352537 -0.030388
vn -0.822965 -0.555931 -0.116917
vn -0.795402 -0.574791 -0.192227
vn -0.848155 -0.489824 -0.201759
vn -0.921499 -0.261951 -0.286741
vn -0.871246 -0.232408 -0.432340
vn -0.942237 -0.052536 -0.330800
vn -0.943448 0.031459 -0.330024
vn -0.912294 0.043879 -0.407178
vn -0.916821 0.046672 -0.396562
vn 0.101363 0.255827 0.961394
vn 0.101363 0.255827 0.961394
vn 0.101363 0.255827 0.961394
vn 0.101362 0.255827 0.961394
vn 0.374430 -0.189506 0.907684
vn 0.413558 -0.159912 0.896325
vn 0.375257 -0.187140 0.907833
vn 0.426435 -0.172758 0.887867
vn 0.446766 -0.126445 0.885670
vn 0.413196 -0.103232 0.904772
vn 0.383956 -0.125132 0.914833
vn 0.425114 -0.137751 0.894596
vn 0.414020 -0.134351 0.900299
vn 0.371220 -0.121224 0.920598
vn -0.348143 0.000000 0.937441
vn -0.009365 0.030576 0.999489
vn -0.380551 0.102878 0.919020
vn 0.031903 0.104002 0.994065
vn -0.021878 -0.068498 0.997411
vn 0.014790 0.080507 0.996644
vn -0.217917 -0.061580 0.974023
vn -0.072878 -0.321019 0.944265
vn -0.000000 -0.349927 0.936777
vn 0.274276 -0.961581 -0.011638
vn 0.226629 -0.966537 -0.120187
vn 0.169198 -0.972137 -0.162237
vn 0.295470 -0.954630 0.037125
vn 0.256396 -0.962202 0.091810
vn 0.247342 -0.964258 0.095018
vn 0.329550 -0.112997 0.937352
vn 0.334799 -0.118448 0.934815
vn 0.321755 -0.111901 0.940187
vn 0.320170 -0.109551 0.941005
vn 0.308813 -0.109130 0.944841
vn 0.243722 0.969839 -0.003437
vn 0.199935 0.972576 -0.118836
vn 0.196244 0.973192 -0.119936
vn 0.208194 0.977648 -0.029323
vn 0.390852 0.919149 0.048984
vn 0.432468 0.900914 0.036419
vn -0.676917 0.735037 -0.038784
vn -0.685576 0.727876 -0.013478
vn -0.688132 0.722944 -0.061857
vn -0.736546 0.664684 -0.125281
vn -0.769519 0.619976 -0.153202
vn -0.446847 0.883740 -0.139037
vn -0.419317 0.855328 -0.304281
vn -0.353431 0.861758 -0.363949
vn -0.405601 0.913836 -0.019786
vn -0.323900 0.945685 0.027721
vn -0.286158 0.958182 0.000942
vn -0.163090 -0.985076 0.055022
vn -0.011106 -0.999927 -0.004722
vn -0.043103 -0.999054 0.005719
vn -0.152847 -0.985570 0.072725
vn -0.270975 -0.961113 0.053244
vn -0.307763 -0.950602 0.040465
vn 0.654978 -0.754753 -0.036769
vn 0.652751 -0.757564 0.003580
vn 0.618080 -0.782836 -0.071730
vn 0.735839 -0.675142 -0.052196
vn 0.774150 -0.632146 -0.032907
vn -0.265087 0.072677 0.961482
vn -0.273810 0.072497 0.959048
vn -0.274020 0.072493 0.958988
vn -0.278731 0.072393 0.957637
vn -0.278731 0.072393 0.957637
vn -0.632856 -0.755515 -0.169381
vn -0.657086 -0.751189 -0.062875
vn -0.654827 -0.753236 -0.061940
vn -0.686142 -0.726768 0.031895
vn -0.689763 -0.723282 0.033012
vn 0.816473 -0.181648 -0.548065
vn 0.687663 -0.190117 -0.700696
vn 0.692326 -0.195925 -0.694477
vn 0.830455 -0.180721 -0.526957
vn 0.988326 -0.110651 -0.104730
vn 0.993220 -0.105063 -0.049762
vn 0.968867 -0.083384 0.233117
vn 0.966382 -0.096888 0.238158
vn 0.814260 0.529043 -0.238942
vn 0.776821 0.629633 -0.010527
vn 0.775985 0.630657 -0.010953
vn 0.760158 0.624325 -0.179941
vn 0.843895 0.170210 -0.508792
vn 0.840018 -0.051137 -0.540144
vn -0.884627 -0.001053 -0.466297
vn -0.776947 0.014210 -0.629406
vn -0.756183 -0.012640 -0.654238
vn -0.873729 -0.013630 -0.486222
vn -0.998262 0.011604 -0.057774
vn -0.999106 0.013108 -0.040197
vn -0.984553 0.013961 0.174530
vn -0.984590 0.013574 0.174349
vn -0.914109 -0.097552 0.393559
vn -0.817756 -0.104188 0.566057
vn -0.844382 -0.102937 0.525760
vn -0.946838 -0.093160 0.307928
vn 0.455847 0.225756 0.860952
vn 0.438698 0.249660 0.863258
vn 0.448623 0.254471 0.856728
vn 0.563860 0.162082 0.809809
vn 0.620016 0.127551 0.774152
vn -0.540394 -0.598780 -0.591132
vn -0.620489 -0.561308 -0.547656
vn -0.314801 -0.535306 -0.783804
vn -0.295227 -0.540383 -0.787926
vn -0.179163 -0.339389 -0.923426
vn -0.130129 -0.312320 -0.941022
vn 0.786173 -0.143514 -0.601112
vn 0.793350 -0.145632 -0.591089
vn 0.769025 -0.081901 -0.633950
vn 0.763515 -0.061636 -0.642842
vn 0.759199 0.008787 -0.650799
vn 0.422913 0.762872 -0.489051
vn 0.113163 0.723439 -0.681051
vn 0.173449 0.738525 -0.651534
vn -0.154516 0.617719 -0.771069
vn 0.386570 0.921375 -0.040396
vn 0.767940 0.616293 0.174503
vn 0.726080 0.671871 0.146280
vn 0.299321 0.950702 -0.081068
vn -0.207476 0.978240 -0.000000
vn -0.207476 0.978240 -0.000000
vn -0.207476 0.978240 -0.000000
vn -0.207476 0.978240 -0.000000
vn -0.966745 0.253775 0.031651
vn -0.958163 0.285011 0.026301
vn -0.994535 0.086107 0.059042
vn -0.996239 0.059246 0.063231
vn 0.570271 0.820486 0.039921
vn 0.191254 0.975475 0.108949
vn 0.412019 0.904747 0.108045
vn 0.072757 0.986555 0.146340
vn 0.221761 0.962167 0.158296
vn -0.048983 0.992484 0.112144
vn -0.111581 0.985345 0.129014
vn -0.288142 0.956929 0.035515
vn -0.976946 -0.085161 0.195767
vn -0.977238 -0.068823 0.200674
vn -0.943777 -0.128144 0.304736
vn -0.997811 0.009365 0.065459
vn -0.999533 -0.005515 0.030055
vn -0.998527 -0.053729 -0.007541
vn 0.959502 -0.118210 0.255700
vn 0.992304 -0.040918 0.116869
vn 0.995877 -0.018907 0.088723
vn 0.998592 0.024834 0.046881
vn 0.998529 0.020018 0.050394
vn 0.992421 0.045307 0.114223
vn -0.960867 -0.102928 0.257179
vn -0.959958 -0.098685 0.262186
vn -0.961025 -0.103687 0.256283
vn -0.961708 -0.107043 0.252308
vn -0.102319 -0.986272 -0.129607
vn -0.229919 -0.973208 0.002053
vn -0.181091 -0.982231 -0.049278
vn -0.070037 -0.984354 -0.161684
vn -0.406434 0.909199 0.090379
vn -0.442221 0.887709 0.128112
vn -0.309067 0.951012 -0.007402
vn -0.245838 0.966950 -0.067610
vn -0.000000 0.998765 0.049693
vn -0.000000 0.998764 0.049694
vn -0.000000 0.999759 0.021963
vn -0.000000 0.999641 0.026796
vn -0.000000 0.996021 0.089116
vn -0.000000 0.995217 0.097690
vn -0.000000 0.982966 0.183787
vn -0.000000 0.982966 0.183787
vn 0.944060 -0.262585 -0.199499
vn 0.920437 -0.279304 -0.273470
vn 0.943915 -0.266726 -0.194631
vn 0.904603 -0.252783 -0.343211
vn 0.810120 -0.211788 -0.546673
vn 0.767524 -0.180347 -0.615127
vn 0.708924 -0.194260 -0.678004
vn 0.691908 -0.187430 -0.697233
vn -0.018262 0.193872 0.980857
vn -0.195001 0.091336 0.976541
vn -0.195001 0.091336 0.976541
vn -0.000934 0.203464 0.979082
vn 0.175647 0.296586 0.938714
vn 0.175650 0.296583 0.938715
vn -0.002210 0.000064 0.999998
vn -0.002193 0.000097 0.999998
vn -0.002370 -0.000258 0.999997
vn -0.002191 0.000101 0.999998
vn -0.002177 0.000130 0.999998
vn -0.002310 -0.000138 0.999997
vn -0.981993 0.159840 -0.100705
vn -0.981435 0.162770 -0.101442
vn -0.981558 0.162130 -0.101281
vn -0.982166 0.158917 -0.100473
vn 0.179537 0.823317 -0.538438
vn 0.308792 0.803772 -0.508526
vn 0.285630 0.820420 -0.495304
vn 0.188280 0.835830 -0.515692
vn 0.043750 0.814771 -0.578130
vn -0.000000 0.798827 -0.601561
vn -0.043750 0.814771 -0.578130
vn -0.179537 0.823317 -0.538438
vn -0.188280 0.835830 -0.515693
vn -0.285630 0.820420 -0.495304
vn -0.308792 0.803772 -0.508526
vn 0.157511 0.712082 0.684200
vn 0.160162 0.700776 0.695170
vn 0.146932 0.753905 0.640342
vn 0.143710 0.765680 0.626962
vn 0.991606 0.109421 -0.068878
vn 0.991666 0.108875 -0.068885
vn 0.991557 0.109870 -0.068871
vn 0.991488 0.110494 -0.068862
vn -0.146932 0.753905 0.640342
vn -0.160162 0.700776 0.695170
vn -0.157511 0.712082 0.684200
vn -0.143710 0.765680 0.626962
vn -0.991557 0.109869 -0.068871
vn -0.991666 0.108875 -0.068885
vn -0.991606 0.109421 -0.068878
vn -0.991488 0.110494 -0.068862
vn -0.284701 -0.201881 -0.937118
vn -0.280578 -0.187639 -0.941312
vn -0.154643 -0.253041 -0.955016
vn -0.143423 -0.261332 -0.954534
vn 0.154643 -0.253041 -0.955016
vn 0.143423 -0.261332 -0.954534
vn 0.284701 -0.201881 -0.937118
vn 0.280578 -0.187639 -0.941312
vn 0.981993 0.159840 -0.100705
vn 0.982166 0.158917 -0.100473
vn 0.981558 0.162130 -0.101281
vn 0.981435 0.162770 -0.101442
vn 0.767099 0.457060 0.450173
vn 0.441953 0.633727 0.634876
vn 0.765812 0.456538 0.452885
vn 0.394978 0.649358 0.649867
vn -0.394978 0.649358 0.649867
vn -0.441953 0.633727 0.634876
vn -0.767099 0.457060 0.450173
vn -0.765812 0.456538 0.452885
vn 0.227586 0.603998 0.763800
vn 0.123369 0.605763 0.786022
vn 0.229514 0.609328 0.758974
vn 0.102525 0.604074 0.790306
vn -0.123369 0.605763 0.786022
vn -0.102525 0.604074 0.790305
vn -0.227586 0.603998 0.763800
vn -0.229514 0.609328 0.758974
vn -0.371418 -0.405031 -0.835463
vn 0.070846 -0.424746 -0.902536
vn 0.072020 -0.419850 -0.904731
vn -0.428037 -0.395887 -0.812439
vn -0.425595 -0.399556 -0.811926
vn -0.411279 -0.403233 -0.817467
vn 0.411279 -0.403233 -0.817467
vn 0.425596 -0.399557 -0.811925
vn 0.371419 -0.405031 -0.835463
vn 0.428038 -0.395887 -0.812439
vn -0.070846 -0.424746 -0.902536
vn -0.072020 -0.419850 -0.904731
vn 0.021493 0.088273 0.995864
vn 0.021493 0.088273 0.995864
vn 0.021493 0.088273 0.995864
vn 0.021493 0.088273 0.995864
vn -0.365967 0.792206 -0.488343
vn -0.365967 0.792206 -0.488343
vn -0.365967 0.792206 -0.488343
vn -0.365967 0.792206 -0.488343
vn -0.079397 -0.152278 -0.985143
vn -0.079397 -0.152278 -0.985143
vn -0.079397 -0.152278 -0.985143
vn -0.079397 -0.152278 -0.985143
vn -0.960314 0.077270 -0.268005
vn -0.960314 0.077270 -0.268005
vn -0.953428 -0.128410 -0.272922
vn -0.949177 -0.157185 -0.272683
vn -0.893434 -0.363532 -0.263856
vn -0.893434 -0.363532 -0.263856
vn -0.047018 -0.133905 -0.989878
vn -0.073122 -0.130174 -0.988791
vn -0.012787 -0.138649 -0.990259
vn -0.003994 -0.139841 -0.990166
vn 0.859007 -0.459239 -0.226290
vn 0.840576 -0.477304 -0.256149
vn 0.896020 -0.231894 -0.378647
vn 0.889441 -0.225623 -0.397479
vn 0.898933 0.061003 -0.433818
vn 0.898933 0.061003 -0.433818
vn 0.028058 0.110898 0.993436
vn 0.028058 0.110898 0.993436
vn 0.028058 0.110898 0.993436
vn 0.028058 0.110898 0.993436
vn 0.333991 0.744585 -0.577965
vn 0.333991 0.744585 -0.577965
vn 0.333991 0.744585 -0.577965
vn 0.333991 0.744585 -0.577965
vn -0.119266 -0.860650 0.495033
vn 0.148979 -0.844924 0.513720
vn -0.148979 -0.844925 0.513719
vn -0.088875 -0.878405 0.469581
vn 0.119266 -0.860650 0.495033
vn -0.087743 -0.891162 0.445119
vn 0.088875 -0.878405 0.469581
vn 0.087743 -0.891162 0.445119
vn -0.068745 -0.819274 0.569266
vn -0.066862 -0.808596 0.584552
vn -0.105035 -0.847151 0.520868
vn -0.102700 -0.860072 0.499728
vn 0.068745 -0.819274 0.569266
vn 0.066862 -0.808596 0.584552
vn 0.105035 -0.847151 0.520868
vn 0.102700 -0.860072 0.499728
vn -0.000000 -0.848675 0.528915
vn -0.000000 -0.848675 0.528915
vn -0.000000 -0.848675 0.528915
vn -0.000000 -0.848675 0.528914
vn 0.120823 0.830955 -0.543061
vn -0.120823 0.830955 -0.543061
vn -0.120658 0.831278 -0.542604
vn -0.234914 0.822800 -0.517510
vn 0.120658 0.831278 -0.542603
vn -0.234848 0.822993 -0.517231
vn 0.234914 0.822800 -0.517510
vn 0.234848 0.822993 -0.517231
vn -0.232851 0.824641 -0.515506
vn -0.232324 0.823123 -0.518165
vn -0.166519 0.846885 -0.505031
vn -0.177316 0.849800 -0.496387
vn 0.232851 0.824641 -0.515507
vn 0.232324 0.823122 -0.518166
vn 0.166519 0.846885 -0.505031
vn 0.177316 0.849800 -0.496387
vn 0.049635 0.823010 -0.565855
vn 0.050678 0.822325 -0.566757
vn -0.049635 0.823010 -0.565854
vn -0.050678 0.822325 -0.566756
vn 0.022862 0.940990 0.337660
vn 0.069089 0.945603 0.317902
vn 0.004903 0.938554 0.345098
vn 0.004903 0.938554 0.345098
vn -0.041164 0.930658 0.363567
vn -0.883702 -0.062968 -0.463795
vn -0.883702 -0.062968 -0.463795
vn -0.883702 -0.062968 -0.463795
vn 0.308465 -0.940918 0.139726
vn 0.308465 -0.940918 0.139726
vn 0.308465 -0.940918 0.139726
vn 0.870094 -0.489037 0.061480
vn 0.870094 -0.489037 0.061480
vn 0.870094 -0.489037 0.061480
vn -0.871657 0.487654 -0.049075
vn -0.871657 0.487654 -0.049075
vn -0.871657 0.487654 -0.049075
vn 0.862395 0.505881 0.018948
vn 0.862395 0.505881 0.018948
vn 0.862395 0.505881 0.018948
vn -0.836817 -0.546404 -0.034341
vn -0.836817 -0.546404 -0.034341
vn -0.836817 -0.546404 -0.034341
vn -0.002210 0.000064 0.999998
vn -0.002193 0.000097 0.999998
vn -0.002370 -0.000258 0.999997
vn -0.002191 0.000101 0.999998
vn -0.002177 0.000130 0.999998
vn -0.002310 -0.000138 0.999997
vn -0.995193 0.000000 0.097932
vn -0.909377 0.415682 0.015540
vn -0.993876 0.070238 0.085308
vn -0.844845 0.534877 -0.012015
vn 0.008841 0.250022 0.968200
vn 0.027193 0.237242 0.971070
vn 0.016674 0.244583 0.969485
vn -0.000000 0.256133 0.966642
vn 0.972755 0.057848 -0.224503
vn 0.975293 0.076146 -0.207379
vn 0.971529 0.050296 -0.231519
vn 0.968708 0.034890 -0.245738
vn 0.969360 0.245582 0.005610
vn 0.998840 0.000000 0.048160
vn 0.998371 0.039065 0.041595
vn 0.936183 0.351246 -0.013686
vn 0.173666 -0.947563 -0.268262
vn 0.153994 -0.945483 -0.286963
vn 0.273486 -0.961060 -0.039616
vn 0.057465 -0.998245 0.014297
vn 0.228520 -0.958456 0.170705
vn 0.384953 -0.915902 0.113731
vn 0.354669 -0.934083 -0.041208
vn 0.420247 -0.905763 0.054648
vn 0.294759 -0.935876 -0.193010
vn 0.280353 -0.937948 -0.204098
vn 0.139006 -0.982635 -0.122905
vn 0.311649 -0.927834 -0.204936
vn -0.114340 -0.980537 0.159606
vn -0.181474 -0.983328 0.011576
vn -0.019754 -0.991750 -0.126657
vn -0.131374 -0.977702 -0.163826
vn -0.198514 -0.947305 -0.251406
vn -0.287927 -0.950667 0.115456
vn -0.299414 -0.953533 -0.033546
vn -0.267061 -0.940784 -0.208817
vn -0.312490 -0.946520 -0.080306
vn -0.328292 -0.920820 -0.210512
vn -0.309436 -0.927826 -0.208298
vn -0.321338 -0.911123 -0.258064
vn -0.286768 -0.778828 -0.557845
vn -0.294949 -0.764171 -0.573627
vn 0.070409 -0.877512 -0.474357
vn -0.332786 -0.938160 -0.095445
vn -0.323808 -0.939695 -0.110096
vn 0.351767 -0.845979 -0.400724
vn 0.409382 -0.882884 -0.230048
vn 0.486362 -0.823271 -0.292706
vn 0.382096 -0.921870 -0.064482
vn 0.451483 -0.887846 -0.088842
vn 0.405835 -0.912796 -0.045836
vn -0.107150 -0.992519 -0.058530
vn -0.116670 -0.991273 -0.061365
vn -0.080023 -0.995516 -0.050436
vn -0.073140 -0.996148 -0.048379
vn -0.176575 0.000000 0.984287
vn -0.176575 0.000000 0.984287
vn -0.176575 0.000000 0.984287
vn -0.176575 0.000000 0.984287
vn 0.970782 -0.205908 -0.123223
vn 0.956847 -0.210573 -0.200258
vn 0.956662 -0.201869 -0.209871
vn 0.981192 -0.178414 -0.073697
vn 0.983037 -0.183295 0.006383
vn 0.983107 -0.175751 0.051100
vn 0.983093 -0.174989 0.053912
vn 0.974359 -0.223243 0.028044
vn 0.976436 -0.168219 -0.135183
vn 0.964698 -0.255140 -0.065283
vn 0.950997 -0.235116 -0.200812
vn 0.950511 -0.238936 -0.198593
vn 0.974306 -0.186679 -0.126015
vn 0.937535 -0.111170 -0.329650
vn 0.931682 -0.072141 -0.356040
vn 0.984743 -0.071123 0.158819
vn 0.982922 -0.052747 0.176302
vn 0.964198 0.039839 0.262172
vn 0.985068 -0.152815 0.079301
vn 0.158741 0.976663 0.144672
vn -0.043966 0.995786 0.080485
vn -0.002423 0.995570 0.093992
vn 0.216506 0.962721 0.162155
vn -0.516322 -0.133358 0.845948
vn -0.538593 -0.136934 0.831365
vn -0.472493 -0.126219 0.872249
vn -0.452228 -0.122875 0.883398
vn 0.106149 0.000000 0.994350
vn 0.395403 0.000000 0.918508
vn 0.395403 0.000000 0.918508
vn 0.068749 -0.002568 0.997631
vn -0.230324 -0.011148 0.973050
vn -0.157719 0.036255 0.986818
vn -0.171658 0.076819 0.982157
vn -0.055282 0.061060 0.996602
vn 0.001143 -0.028845 0.999583
vn -0.000000 0.995925 0.090187
vn -0.000000 0.990294 0.138989
vn -0.000000 0.990294 0.138989
vn -0.001651 0.996416 0.084569
vn 0.029742 0.999531 -0.007348
vn 0.085581 0.996328 0.002574
vn 0.236738 0.971562 -0.004798
vn 0.171188 0.985176 0.011075
vn 0.268263 0.962462 -0.041252
vn 0.352593 0.935741 0.008207
vn 0.170125 0.972193 0.160930
vn 0.138395 0.975098 0.173296
vn -0.959094 0.244743 -0.142263
vn -0.958817 0.246956 -0.140294
vn -0.958985 0.245622 -0.141481
vn -0.959277 0.243246 -0.143592
vn -0.938885 -0.304164 -0.161178
vn -0.995305 -0.006948 -0.096538
vn -0.994323 -0.000506 -0.106404
vn -0.966170 -0.243528 -0.084909
vn -0.996746 -0.015175 -0.079170
vn -0.938216 -0.345028 -0.026588
vn -0.842661 -0.526483 -0.112866
vn -0.817769 -0.542542 -0.192098
vn -0.852497 -0.484285 -0.196766
vn -0.921836 -0.259306 -0.288059
vn -0.866146 -0.241408 -0.437622
vn -0.943201 -0.054423 -0.327734
vn -0.946212 0.028857 -0.322259
vn -0.915625 0.040916 -0.399946
vn -0.920990 0.044180 -0.387073
vn 0.361924 -0.126233 0.923621
vn 0.397824 -0.138035 0.907018
vn 0.387473 -0.134634 0.911997
vn 0.350160 -0.122362 0.928663
vn -0.358627 0.000000 0.933481
vn -0.412104 0.139505 0.900394
vn -0.398295 0.101285 0.911648
vn -0.446869 0.245211 0.860337
vn 0.448467 -0.064657 0.891458
vn 0.338479 -0.103125 0.935306
vn -0.008086 -0.074808 0.997165
vn 0.013823 0.073597 0.997192
vn -0.201032 -0.061750 0.977636
vn -0.072189 -0.319217 0.944928
vn -0.000000 -0.350363 0.936614
vn 0.868835 -0.218235 -0.444409
vn 0.907931 -0.246257 -0.339145
vn 0.856907 -0.163031 -0.489010
vn 0.923861 -0.273417 -0.267812
vn 0.947306 -0.257024 -0.191180
vn 0.947165 -0.261943 -0.185107
vn 0.359076 0.932469 -0.039573
vn 0.718274 0.674495 0.170702
vn 0.671198 0.728133 0.138983
vn 0.270148 0.959162 -0.083831
vn -0.204600 0.978844 -0.001526
vn -0.206799 0.978376 -0.003839
vn -0.204940 0.978773 -0.001883
vn -0.202768 0.979227 0.000399
vn -0.966788 0.253606 0.031713
vn -0.958144 0.285077 0.026303
vn -0.994579 0.085424 0.059289
vn -0.996291 0.057977 0.063584
vn 0.606408 0.794257 0.037755
vn 0.195825 0.974432 0.110160
vn 0.430919 0.896023 0.107015
vn 0.073808 0.986474 0.146363
vn 0.220363 0.962607 0.157568
vn -0.049451 0.992523 0.111590
vn -0.111325 0.985405 0.128777
vn -0.288030 0.956963 0.035515
vn -0.976471 -0.089311 0.196286
vn -0.977804 -0.070547 0.197288
vn -0.944953 -0.127800 0.301215
vn -0.997836 0.002384 0.065713
vn -0.999489 -0.009266 0.030587
vn -0.998372 -0.056487 -0.007928
vn 0.959808 -0.118636 0.254350
vn 0.992449 -0.041878 0.115289
vn 0.995954 -0.020584 0.087477
vn 0.998634 0.023649 0.046597
vn 0.998593 0.018981 0.049514
vn 0.992403 0.044406 0.114736
vn -0.961014 -0.101432 0.257223
vn -0.960077 -0.097175 0.262315
vn -0.961195 -0.102277 0.256210
vn -0.961899 -0.105642 0.252169
vn -0.089096 -0.986393 -0.138171
vn -0.214865 -0.976641 -0.002378
vn -0.162833 -0.984855 -0.059543
vn -0.054921 -0.983265 -0.173706
vn -0.384173 0.919503 0.083217
vn -0.420715 0.898838 0.122839
vn -0.295388 0.955337 -0.008834
vn -0.231892 0.970112 -0.071483
vn 0.018471 0.999393 0.029526
vn 0.023265 0.999180 0.033149
vn 0.034522 0.999269 0.016446
vn 0.044767 0.998779 0.020870
vn 0.005690 0.995544 0.094131
vn -0.000000 0.994485 0.104881
vn -0.000000 0.981608 0.190908
vn -0.000000 0.981608 0.190908
vn -0.222570 -0.974092 -0.040097
vn -0.255665 -0.965814 0.042872
vn -0.257735 -0.965240 0.043403
vn -0.236670 -0.971221 -0.026768
vn -0.153049 -0.979867 -0.128208
vn -0.136603 -0.981428 -0.134678
vn -0.846260 0.457628 -0.272801
vn -0.855158 0.405464 -0.322962
vn -0.788116 0.309469 -0.532073
vn -0.823302 0.566759 -0.030951
vn -0.809940 0.586388 -0.012110
vn -0.810431 0.584347 0.041715
vn -0.814204 0.579619 0.033366
vn 0.239009 0.781156 -0.576775
vn 0.231812 0.767670 -0.597449
vn 0.158627 0.572794 -0.804204
vn 0.302140 0.938191 -0.168844
vn 0.298941 0.942658 -0.148427
vn 0.296003 0.952850 0.066771
vn 0.287718 0.955964 0.057885
vn -0.284417 -0.080619 0.955305
vn -0.278771 -0.080756 0.956956
vn -0.287190 -0.082644 0.954302
vn -0.291005 -0.083284 0.953090
vn -0.295653 -0.087590 0.951271
vn -0.721212 -0.691680 -0.037843
vn -0.717507 -0.695823 -0.031846
vn -0.723120 -0.681828 0.110486
vn -0.722299 -0.685015 0.095069
vn -0.712286 -0.652483 0.258677
vn -0.720507 -0.639710 0.267659
vn 0.312934 -0.949628 -0.016691
vn 0.317363 -0.948238 -0.011218
vn 0.310685 -0.950393 0.015086
vn 0.327623 -0.944308 0.030746
vn 0.701840 -0.611882 -0.364720
vn 0.364731 -0.924824 -0.108033
vn 0.546630 -0.611081 -0.572517
vn 0.847980 -0.084263 -0.523287
vn 0.982565 -0.009163 -0.185695
vn 0.987958 -0.000630 -0.154719
vn 0.999255 -0.001910 0.038548
vn 0.999282 -0.003007 0.037761
vn 0.273922 -0.961680 -0.011775
vn 0.227249 -0.966253 -0.121294
vn 0.169141 -0.971788 -0.164378
vn 0.295497 -0.954606 0.037537
vn 0.256490 -0.962062 0.093002
vn 0.247317 -0.964138 0.096295
vn 0.325771 -0.110672 0.938949
vn 0.330653 -0.115678 0.936636
vn 0.317724 -0.109679 0.941819
vn 0.316286 -0.107508 0.942552
vn 0.304272 -0.107055 0.946551
vn 0.244024 0.969762 -0.003731
vn 0.199900 0.972388 -0.120424
vn 0.196160 0.973009 -0.121553
vn 0.208267 0.977629 -0.029422
vn 0.390267 0.919353 0.049821
vn 0.432467 0.900894 0.036912
vn -0.676851 0.735061 -0.039479
vn -0.685581 0.727868 -0.013660
vn -0.688314 0.722695 -0.062742
vn -0.736042 0.664981 -0.126659
vn -0.769279 0.619770 -0.155228
vn -0.446101 0.883903 -0.140391
vn -0.419477 0.854051 -0.307628
vn -0.352740 0.860073 -0.368576
vn -0.405743 0.913753 -0.020693
vn -0.324227 0.945554 0.028368
vn -0.286158 0.958182 0.000956
vn -0.163199 -0.985019 0.055717
vn -0.011106 -0.999927 -0.004792
vn -0.043583 -0.999032 0.005962
vn -0.152839 -0.985494 0.073769
vn -0.270419 -0.961215 0.054215
vn -0.307755 -0.950579 0.041059
vn 0.655172 -0.754544 -0.037591
vn 0.652751 -0.757564 0.003633
vn 0.618163 -0.782698 -0.072511
vn 0.735260 -0.675691 -0.053230
vn 0.774138 -0.632136 -0.033390
vn -0.261532 0.071703 0.962528
vn -0.270160 0.071530 0.960155
vn -0.270363 0.071526 0.960098
vn -0.275022 0.071430 0.958781
vn -0.275022 0.071429 0.958781
vn -0.639090 -0.749876 -0.171025
vn -0.663440 -0.745553 -0.063228
vn -0.660960 -0.747762 -0.063111
vn -0.692241 -0.720971 0.031673
vn -0.695981 -0.717308 0.032864
vn 0.813996 -0.179086 -0.552575
vn 0.683411 -0.187133 -0.705642
vn 0.688145 -0.192881 -0.699467
vn 0.827492 -0.178283 -0.532421
vn 0.988417 -0.109387 -0.105193
vn 0.993235 -0.104230 -0.051195
vn 0.968276 -0.082096 0.236012
vn 0.965746 -0.095672 0.241208
vn 0.813944 0.528038 -0.242222
vn 0.776820 0.629632 -0.010682
vn 0.775970 0.630671 -0.011121
vn 0.759842 0.624065 -0.182160
vn 0.840512 0.171722 -0.513860
vn 0.836413 -0.050917 -0.545730
vn -0.881982 -0.000985 -0.471281
vn -0.772430 0.014128 -0.634943
vn -0.751345 -0.012673 -0.659788
vn -0.871132 -0.013495 -0.490864
vn -0.998207 0.011584 -0.058728
vn -0.999090 0.013107 -0.040587
vn -0.984109 0.013960 0.177017
vn -0.984148 0.013569 0.176831
vn -0.048668 -0.140832 0.988837
vn -0.026252 -0.136898 0.990237
vn -0.208630 -0.166876 0.963652
vn -0.247030 -0.172582 0.953515
vn 0.022406 -0.189669 0.981592
vn 0.022406 -0.189669 0.981592
vn 0.022406 -0.189669 0.981592
vn 0.022406 -0.189669 0.981592
vn 0.097177 0.245236 0.964581
vn 0.097177 0.245236 0.964581
vn 0.097178 0.245236 0.964581
vn 0.097178 0.245236 0.964581
vn -0.038542 0.203266 0.978365
vn -0.198435 0.099626 0.975038
vn -0.198435 0.099627 0.975037
vn -0.007585 0.221407 0.975152
vn 0.156946 0.311599 0.937163
vn 0.158104 0.310451 0.937349
vn -0.999926 0.001771 -0.012013
vn -0.999965 0.001834 -0.008125
vn -0.997553 0.015397 -0.068198
vn -0.999930 -0.003220 0.011405
vn -0.999952 -0.003762 0.009041
vn 0.957993 -0.279783 -0.063017
vn 0.945628 -0.323764 -0.031073
vn 0.909138 -0.216363 -0.355886
vn 0.928063 -0.355045 0.112433
vn 0.918064 -0.392778 0.053704
vn 0.093864 0.994109 -0.054194
vn 0.091435 0.995139 0.036589
vn 0.080651 0.995403 -0.051651
vn 0.085694 0.938243 -0.335195
vn 0.159243 0.933494 -0.321295
vn 0.077225 0.820973 -0.565721
vn 0.227364 0.821130 -0.523499
vn 0.227613 0.764050 -0.603673
vn 0.232648 0.918364 -0.320129
vn 0.225922 0.974081 0.011237
vn 0.290609 0.955754 0.045605
vn 0.139531 0.989698 0.032074
vn 0.971851 0.173320 0.159580
vn 0.967122 0.154882 0.201707
vn 0.980868 0.181130 0.071347
vn 0.980490 0.187585 0.058744
vn 0.972551 0.185495 0.140488
vn -0.239912 -0.970603 0.019270
vn -0.171374 -0.979373 -0.107045
vn -0.249844 -0.968284 -0.002148
vn -0.218280 -0.973769 0.064249
vn -0.111526 -0.967210 -0.228181
vn -0.079070 -0.947305 -0.310420
vn -0.075013 -0.933334 -0.351084
vn -0.251155 -0.392440 0.884823
vn -0.233032 -0.373585 0.897848
vn -0.248959 -0.390161 0.886450
vn -0.268534 -0.410414 0.871464
vn -0.309026 -0.326492 0.893256
vn -0.446609 -0.286273 0.847696
vn -0.412870 -0.275131 0.868241
vn -0.309756 -0.308191 0.899483
vn -0.144167 -0.388060 0.910288
vn -0.359928 -0.930081 0.073497
vn -0.308196 -0.944630 -0.112648
vn -0.302213 -0.951174 0.062734
vn 0.382579 -0.865883 0.322304
vn 0.174517 -0.886009 0.429571
vn 0.560654 -0.736695 0.378084
vn 0.607074 -0.739071 0.291951
vn 0.854875 -0.479445 0.198297
vn 0.319041 -0.886554 0.335015
vn 0.184076 -0.877015 0.443802
vn 0.991337 0.130832 -0.011591
vn 0.983448 0.046499 -0.175120
vn 0.993091 0.065935 -0.097068
vn 0.976234 0.209639 0.054946
vn 0.962309 0.262882 0.069676
vn -0.421326 0.866969 -0.266175
vn -0.512690 0.828874 -0.223870
vn -0.321128 0.702654 -0.634944
vn -0.241626 0.689001 -0.683296
vn -0.302664 0.899520 -0.315052
vn -0.076338 0.349584 -0.933790
vn -0.208624 0.673643 -0.709000
vn -0.073172 0.323713 -0.943322
vn -0.893029 0.124320 -0.432486
vn -0.843524 0.120530 -0.523392
vn -0.571793 0.030072 -0.819847
vn -0.977344 0.119657 -0.174586
vn -0.978453 0.100023 -0.180623
vn 0.372999 -0.185416 0.909116
vn 0.412190 -0.156356 0.897581
vn 0.373958 -0.182779 0.909257
vn 0.425812 -0.169086 0.888872
vn 0.446858 -0.123868 0.885988
vn 0.412613 -0.100696 0.905324
f 1/1/1 2/2/2 3/3/3
f 4/4/4 5/5/5 6/6/6
f 7/7/7 8/8/8 9/9/9
f 10/10/10 11/11/11 12/12/12
f 13/13/13 14/14/14 15/15/15
f 16/16/16 17/17/17 18/18/18
f 16/16/16 19/19/19 20/20/20
f 16/16/16 21/21/21 19/19/19
f 19/19/19 21/21/21 22/22/22
f 22/22/22 21/21/21 23/23/23
f 21/21/21 24/24/24 23/23/23
f 24/24/24 25/25/25 23/23/23
f 23/23/23 25/25/25 26/26/26
f 22/22/22 23/23/23 27/27/27
f 28/28/28 22/22/22 27/27/27
f 28/28/28 27/27/27 29/29/29
f 29/29/29 30/30/30 28/28/28
f 31/31/31 32/32/32 33/33/33
f 34/34/34 35/35/35 36/36/36
f 37/37/37 38/38/38 39/39/39
f 40/40/40 41/41/41 42/42/42
f 42/42/42 41/41/41 43/43/43
f 44/44/44 45/45/45 46/46/46
f 44/44/44 47/47/47 45/45/45
f 48/48/48 47/47/47 44/44/44
f 49/49/49 47/47/47 48/48/48
f 50/50/50 51/51/51 52/52/52
f 53/53/53 50/50/50 52/52/52
f 53/53/53 54/54/54 50/50/50
f 55/55/55 56/56/56 57/57/57
f 58/58/58 55/55/55 57/57/57
f 58/58/58 57/57/57 59/59/59
f 60/60/60 61/61/61 62/62/62
f 63/63/63 60/60/60 62/62/62
f 63/63/63 62/62/62 64/64/64
f 65/65/65 66/66/66 67/67/67
f 67/67/67 68/68/68 65/65/65
f 67/67/67 69/69/69 68/68/68
f 69/69/69 70/70/70 68/68/68
f 71/71/71 68/68/68 70/70/70
f 71/71/71 72/72/72 68/68/68
f 71/71/71 70/70/70 73/73/73
f 71/71/71 73/73/73 74/74/74
f 75/75/75 76/76/76 77/77/77
f 75/75/75 77/77/77 78/78/78
f 75/75/75 78/78/78 79/79/79
f 80/80/80 81/81/81 82/82/82
f 80/80/80 83/83/83 81/81/81
f 80/80/80 84/84/84 83/83/83
f 85/85/85 86/86/86 87/87/87
f 86/86/86 85/85/85 88/88/88
f 86/86/86 88/88/88 89/89/89
f 90/90/90 91/91/91 92/92/92
f 90/90/90 92/92/92 93/93/93
f 90/90/90 93/93/93 94/94/94
f 95/95/95 94/94/94 93/93/93
f 95/95/95 96/96/96 94/94/94
f 97/97/97 94/94/94 96/96/96
f 97/97/97 98/98/98 94/94/94
f 98/98/98 99/99/99 94/94/94
f 99/99/99 98/98/98 100/100/100
f 94/94/94 99/99/99 101/101/101
f 102/102/102 103/103/103 104/104/104
f 105/105/105 102/102/102 104/104/104
f 105/105/105 106/106/106 102/102/102
f 107/107/107 108/108/108 109/109/109
f 110/110/110 108/108/108 107/107/107
f 110/110/110 111/111/111 108/108/108
f 112/112/112 108/108/108 111/111/111
f 112/112/112 113/113/113 108/108/108
f 114/114/114 115/115/115 116/116/116
f 117/117/117 115/115/115 114/114/114
f 117/117/117 114/114/114 118/118/118
f 119/119/119 117/117/117 118/118/118
f 119/119/119 118/118/118 120/120/120
f 121/121/121 122/122/122 123/123/123
f 124/124/124 122/122/122 121/121/121
f 124/124/124 121/121/121 125/125/125
f 126/126/126 124/124/124 125/125/125
f 126/126/126 125/125/125 127/127/127
f 128/128/128 129/129/129 130/130/130
f 130/130/130 131/131/131 128/128/128
f 130/130/130 132/132/132 131/131/131
f 133/133/133 134/134/134 135/135/135
f 133/133/133 135/135/135 136/136/136
f 137/137/137 138/138/138 139/139/139
f 137/137/137 139/139/139 140/140/140
f 141/141/141 142/142/142 143/143/143
f 143/143/143 144/144/144 141/141/141
f 145/145/145 146/146/146 147/147/147
f 145/145/145 148/148/148 146/146/146
f 145/145/145 149/149/149 148/148/148
f 145/145/145 150/150/150 149/149/149
f 150/150/150 145/145/145 151/151/151
f 150/150/150 151/151/151 152/152/152
f 153/153/153 151/151/151 145/145/145
f 154/154/154 151/151/151 153/153/153
f 154/154/154 153/153/153 155/155/155
f 155/155/155 156/156/156 154/154/154
f 155/155/155 157/157/157 156/156/156
f 158/158/158 159/159/159 160/160/160
f 158/158/158 161/161/161 159/159/159
f 159/159/159 161/161/161 162/162/162
f 159/159/159 162/162/162 163/163/163
f 164/164/164 165/165/165 166/166/166
f 164/164/164 166/166/166 167/167/167
f 167/167/167 166/166/166 168/168/168
f 169/169/169 168/168/168 166/166/166
f 169/169/169 166/166/166 170/170/170
f 169/169/169 170/170/170 171/171/171
f 170/170/170 166/166/166 172/172/172
f 170/170/170 172/172/172 173/173/173
f 167/167/167 168/168/168 174/174/174
f 174/174/174 168/168/168 175/175/175
f 174/174/174 176/176/176 167/167/167
f 167/167/167 176/176/176 177/177/177
f 177/177/177 178/178/178 167/167/167
f 177/177/177 179/179/179 178/178/178
f 176/176/176 174/174/174 180/180/180
f 181/181/181 177/177/177 176/176/176
f 179/179/179 177/177/177 182/182/182
f 177/177/177 181/181/181 182/182/182
f 179/179/179 182/182/182 183/183/183
f 184/184/184 183/183/183 182/182/182
f 182/182/182 181/181/181 184/184/184
f 184/184/184 185/185/185 183/183/183
f 184/184/184 181/181/181 186/186/186
f 186/186/186 181/181/181 187/187/187
f 186/186/186 187/187/187 188/188/188
f 188/188/188 187/187/187 189/189/189
f 189/189/189 187/187/187 180/180/180
f 180/180/180 190/190/190 189/189/189
f 180/180/180 174/174/174 190/190/190
f 187/187/187 191/191/191 180/180/180
f 187/187/187 192/192/192 191/191/191
f 175/175/175 190/190/190 174/174/174
f 190/190/190 175/175/175 193/193/193
f 193/193/193 175/175/175 194/194/194
f 193/193/193 194/194/194 195/195/195
f 194/194/194 175/175/175 196/196/196
f 197/197/197 195/195/195 194/194/194
f 194/194/194 196/196/196 198/198/198
f 197/197/197 194/194/194 198/198/198
f 199/199/199 200/200/200 201/201/201
f 199/199/199 201/201/201 202/202/202
f 203/203/203 204/204/204 205/205/205
f 204/204/204 203/203/203 206/206/206
f 207/207/207 204/204/204 206/206/206
f 206/206/206 208/208/208 207/207/207
f 206/206/206 203/203/203 209/209/209
f 206/206/206 210/210/210 208/208/208
f 210/210/210 206/206/206 209/209/209
f 210/210/210 209/209/209 211/211/211
f 212/212/212 213/213/213 214/214/214
f 212/212/212 214/214/214 215/215/215
f 214/214/214 216/216/216 215/215/215
f 214/214/214 217/217/217 216/216/216
f 218/218/218 219/219/219 220/220/220
f 218/218/218 220/220/220 221/221/221
f 222/222/222 223/223/223 224/224/224
f 222/222/222 224/224/224 225/225/225
f 225/225/225 226/226/226 222/222/222
f 227/227/227 226/226/226 225/225/225
f 228/228/228 226/226/226 227/227/227
f 226/226/226 229/229/229 222/222/222
f 226/226/226 230/230/230 229/229/229
f 222/222/222 229/229/229 231/231/231
f 231/231/231 232/232/232 222/222/222
f 231/231/231 233/233/233 232/232/232
f 229/229/229 230/230/230 234/234/234
f 235/235/235 234/234/234 230/230/230
f 230/230/230 236/236/236 235/235/235
f 237/237/237 238/238/238 239/239/239
f 237/237/237 239/239/239 240/240/240
f 241/241/241 242/242/242 243/243/243
f 241/241/241 243/243/243 244/244/244
f 244/244/244 243/243/243 245/245/245
f 244/244/244 245/245/245 246/246/246
f 246/246/246 245/245/245 247/247/247
f 245/245/245 248/248/248 247/247/247
f 249/249/249 248/248/248 245/245/245
f 249/249/249 250/250/250 248/248/248
f 251/251/251 250/250/250 249/249/249
f 251/251/251 252/252/252 250/250/250
f 253/253/253 254/254/254 255/255/255
f 253/253/253 256/256/256 254/254/254
f 257/257/257 258/258/258 259/259/259
f 257/257/257 259/259/259 260/260/260
f 261/261/261 262/262/262 263/263/263
f 261/261/261 263/263/263 264/264/264
f 265/265/265 266/266/266 267/267/267
f 265/265/265 267/267/267 268/268/268
f 269/269/269 270/270/270 271/271/271
f 269/269/269 271/271/271 272/272/272
f 273/273/273 274/274/274 275/275/275
f 273/273/273 275/275/275 276/276/276
f 277/277/277 278/278/278 279/279/279
f 277/277/277 279/279/279 280/280/280
f 281/281/281 282/282/282 283/283/283
f 281/281/281 283/283/283 284/284/284
f 284/284/284 285/285/285 281/281/281
f 286/286/286 287/287/287 288/288/288
f 286/286/286 288/288/288 289/289/289
f 289/289/289 290/290/290 286/286/286
f 288/288/288 291/291/291 289/289/289
f 289/289/289 292/292/292 290/290/290
f 289/289/289 291/291/291 293/293/293
f 289/289/289 293/293/293 292/292/292
f 294/294/294 295/295/295 296/296/296
f 294/294/294 296/296/296 297/297/297
f 298/298/298 299/299/299 300/300/300
f 298/298/298 300/300/300 301/301/301
f 301/301/301 302/302/302 298/298/298
f 303/303/303 302/302/302 301/301/301
f 304/304/304 302/302/302 303/303/303
f 305/305/305 304/304/304 303/303/303
f 305/305/305 303/303/303 306/306/306
f 307/307/307 308/308/308 309/309/309
f 310/310/310 308/308/308 307/307/307
f 310/310/310 307/307/307 311/311/311
f 312/312/312 313/313/313 314/314/314
f 312/312/312 314/314/314 315/315/315
f 316/316/316 317/317/317 318/318/318
f 319/319/319 317/317/317 316/316/316
f 317/317/317 319/319/319 320/320/320
f 320/320/320 319/319/319 321/321/321
f 322/322/322 319/319/319 316/316/316
f 322/322/322 321/321/321 319/319/319
f 322/322/322 316/316/316 323/323/323
f 324/324/324 321/321/321 322/322/322
f 321/321/321 324/324/324 325/325/325
f 326/326/326 325/325/325 324/324/324
f 325/325/325 326/326/326 327/327/327
f 328/328/328 325/325/325 327/327/327
f 329/329/329 325/325/325 328/328/328
f 329/329/329 328/328/328 330/330/330
f 331/331/331 332/332/332 333/333/333
f 331/331/331 333/333/333 334/334/334
f 335/335/335 336/336/336 337/337/337
f 335/335/335 338/338/338 336/336/336
f 336/336/336 338/338/338 339/339/339
f 336/336/336 339/339/339 340/340/340
f 341/341/341 342/342/342 343/343/343
f 341/341/341 343/343/343 344/344/344
f 345/345/345 346/346/346 347/347/347
f 347/347/347 346/346/346 348/348/348
f 348/348/348 346/346/346 349/349/349
f 349/349/349 346/346/346 350/350/350
f 349/349/349 350/350/350 351/351/351
f 352/352/352 349/349/349 351/351/351
f 352/352/352 351/351/351 353/353/353
f 354/354/354 355/355/355 356/356/356
f 357/357/357 355/355/355 354/354/354
f 358/358/358 357/357/357 354/354/354
f 358/358/358 354/354/354 359/359/359
f 360/360/360 361/361/361 362/362/362
f 362/362/362 363/363/363 360/360/360
f 362/362/362 364/364/364 363/363/363
f 365/365/365 366/366/366 367/367/367
f 365/365/365 367/367/367 368/368/368
f 365/365/365 368/368/368 369/369/369
f 365/365/365 369/369/369 370/370/370
f 371/371/371 372/372/372 373/373/373
f 374/374/374 371/371/371 373/373/373
f 374/374/374 373/373/373 375/375/375
f 376/376/376 377/377/377 378/378/378
f 379/379/379 377/377/377 376/376/376
f 379/379/379 376/376/376 380/380/380
f 379/379/379 380/380/380 381/381/381
f 382/382/382 383/383/383 384/384/384
f 382/382/382 384/384/384 385/385/385
f 382/382/382 385/385/385 386/386/386
f 382/382/382 386/386/386 387/387/387
f 388/388/388 389/389/389 390/390/390
f 391/391/391 388/388/388 390/390/390
f 392/392/392 388/388/388 391/391/391
f 393/393/393 394/394/394 395/395/395
f 396/396/396 395/395/395 394/394/394
f 396/396/396 397/397/397 395/395/395
f 398/398/398 399/399/399 400/400/400
f 399/399/399 401/401/401 400/400/400
f 399/399/399 402/402/402 401/401/401
f 403/403/403 404/404/404 405/405/405
f 403/403/403 405/405/405 406/406/406
f 406/406/406 407/407/407 403/403/403
f 406/406/406 408/408/408 407/407/407
f 408/408/408 409/409/409 407/407/407
f 408/408/408 410/410/410 409/409/409
f 411/411/411 412/412/412 413/413/413
f 411/411/411 413/413/413 414/414/414
f 415/415/415 411/411/411 414/414/414
f 415/415/415 416/416/416 411/411/411
f 417/417/417 418/418/418 419/419/419
f 417/417/417 419/419/419 420/420/420
f 420/420/420 421/421/421 417/417/417
f 420/420/420 422/422/422 421/421/421
f 422/422/422 423/423/423 421/421/421
f 422/422/422 424/424/424 423/423/423
f 425/425/425 426/426/426 427/427/427
f 425/425/425 427/427/427 428/428/428
f 429/429/429 430/430/430 431/431/431
f 429/429/429 432/432/432 430/430/430
f 429/429/429 433/433/433 432/432/432
f 434/434/434 435/435/435 436/436/436
f 436/436/436 437/437/437 434/434/434
f 436/436/436 438/438/438 437/437/437
f 439/439/439 438/438/438 436/436/436
f 440/440/440 441/441/441 442/442/442
f 440/440/440 442/442/442 443/443/443
f 442/442/442 444/444/444 443/443/443
f 445/445/445 446/446/446 447/447/447
f 447/447/447 446/446/446 448/448/448
f 449/449/449 450/450/450 451/451/451
f 449/449/449 451/451/451 452/452/452
f 453/453/453 454/454/454 455/455/455
f 453/453/453 455/455/455 456/456/456
f 457/457/457 458/458/458 459/459/459
f 457/457/457 459/459/459 460/460/460
f 461/461/461 462/462/462 463/463/463
f 463/463/463 462/462/462 464/464/464
f 463/463/463 464/464/464 465/465/465
f 465/465/465 464/464/464 466/466/466
f 466/466/466 464/464/464 467/467/467
f 466/466/466 467/467/467 468/468/468
f 469/469/469 470/470/470 471/471/471
f 472/472/472 470/470/470 469/469/469
f 473/473/473 470/470/470 472/472/472
f 473/473/473 472/472/472 474/474/474
f 475/475/475 476/476/476 477/477/477
f 478/478/478 477/477/477 476/476/476
f 478/478/478 476/476/476 479/479/479
f 478/478/478 479/479/479 480/480/480
f 481/481/481 482/482/482 483/483/483
f 481/481/481 483/483/483 484/484/484
f 485/485/485 486/486/486 487/487/487
f 485/485/485 487/487/487 488/488/488
f 489/489/489 490/490/490 491/491/491
f 489/489/489 491/491/491 492/492/492
f 493/493/493 494/494/494 495/495/495
f 496/496/496 495/495/495 494/494/494
f 496/496/496 497/497/497 495/495/495
f 495/495/495 497/497/497 498/498/498
f 498/498/498 497/497/497 499/499/499
f 498/498/498 499/499/499 500/500/500
f 501/501/501 502/502/502 503/503/503
f 501/501/501 504/504/504 502/502/502
f 502/502/502 504/504/504 505/505/505
f 505/505/505 504/504/504 506/506/506
f 507/507/507 505/505/505 506/506/506
f 507/507/507 506/506/506 508/508/508
f 509/509/509 510/510/510 511/511/511
f 509/509/509 512/512/512 510/510/510
f 512/512/512 509/509/509 513/513/513
f 512/512/512 513/513/513 514/514/514
f 515/515/515 516/516/516 517/517/517
f 516/516/516 515/515/515 518/518/518
f 515/515/515 519/519/519 518/518/518
f 518/518/518 519/519/519 520/520/520
f 521/521/521 522/522/522 523/523/523
f 521/521/521 523/523/523 524/524/524
f 525/525/525 526/526/526 527/527/527
f 525/525/525 527/527/527 528/528/528
f 529/529/529 525/525/525 528/528/528
f 530/530/530 525/525/525 529/529/529
f 531/531/531 530/530/530 529/529/529
f 530/530/530 531/531/531 532/532/532
f 531/531/531 533/533/533 532/532/532
f 532/532/532 533/533/533 534/534/534
f 532/532/532 534/534/534 535/535/535
f 536/536/536 537/537/537 538/538/538
f 536/536/536 538/538/538 539/539/539
f 540/540/540 541/541/541 542/542/542
f 540/540/540 542/542/542 543/543/543
f 544/544/544 545/545/545 546/546/546
f 544/544/544 546/546/546 547/547/547
f 548/548/548 549/549/549 550/550/550
f 548/548/548 550/550/550 551/551/551
f 552/552/552 553/553/553 554/554/554
f 552/552/552 554/554/554 555/555/555
f 556/556/556 555/555/555 554/554/554
f 556/556/556 557/557/557 555/555/555
f 558/558/558 557/557/557 556/556/556
f 558/558/558 556/556/556 559/559/559
f 560/560/560 561/561/561 562/562/562
f 560/560/560 562/562/562 563/563/563
f 564/564/564 565/565/565 566/566/566
f 564/564/564 567/567/567 565/565/565
f 568/568/568 565/565/565 567/567/567
f 568/568/568 569/569/569 565/565/565
f 569/569/569 568/568/568 570/570/570
f 569/569/569 570/570/570 571/571/571
f 572/572/572 573/573/573 574/574/574
f 572/572/572 575/575/575 573/573/573
f 576/576/576 573/573/573 575/575/575
f 576/576/576 575/575/575 577/577/577
f 576/576/576 577/577/577 578/578/578
f 576/576/576 578/578/578 579/579/579
f 580/580/580 581/581/581 582/582/582
f 580/580/580 583/583/583 581/581/581
f 580/580/580 584/584/584 583/583/583
f 580/580/580 585/585/585 584/584/584
f 586/586/586 584/584/584 585/585/585
f 586/586/586 587/587/587 584/584/584
f 588/588/588 587/587/587 586/586/586
f 588/588/588 589/589/589 587/587/587
f 590/590/590 589/589/589 588/588/588
f 590/590/590 588/588/588 591/591/591
f 592/592/592 593/593/593 594/594/594
f 592/592/592 594/594/594 595/595/595
f 596/596/596 597/597/597 598/598/598
f 596/596/596 598/598/598 599/599/599
f 600/600/600 601/601/601 602/602/602
f 600/600/600 602/602/602 603/603/603
f 604/604/604 605/605/605 606/606/606
f 604/604/604 606/606/606 607/607/607
f 607/607/607 606/606/606 608/608/608
f 607/607/607 608/608/608 609/609/609
f 610/610/610 611/611/611 612/612/612
f 610/610/610 612/612/612 613/613/613
f 614/614/614 615/615/615 616/616/616
f 617/617/617 616/616/616 615/615/615
f 618/618/618 616/616/616 617/617/617
f 618/618/618 617/617/617 619/619/619
f 620/620/620 621/621/621 622/622/622
f 620/620/620 622/622/622 623/623/623
f 624/624/624 625/625/625 626/626/626
f 624/624/624 626/626/626 627/627/627
f 628/628/628 629/629/629 630/630/630
f 631/631/631 628/628/628 630/630/630
f 628/628/628 632/632/632 629/629/629
f 631/631/631 633/633/633 628/628/628
f 632/632/632 634/634/634 629/629/629
f 632/632/632 635/635/635 634/634/634
f 636/636/636 633/633/633 631/631/631
f 637/637/637 633/633/633 636/636/636
f 636/636/636 638/638/638 637/637/637
f 636/636/636 639/639/639 638/638/638
f 635/635/635 640/640/640 634/634/634
f 640/640/640 635/635/635 641/641/641
f 642/642/642 640/640/640 641/641/641
f 642/642/642 643/643/643 640/640/640
f 643/643/643 642/642/642 644/644/644
f 643/643/643 644/644/644 645/645/645
f 639/639/639 646/646/646 638/638/638
f 646/646/646 645/645/645 644/644/644
f 639/639/639 647/647/647 646/646/646
f 646/646/646 647/647/647 645/645/645
f 648/648/648 649/649/649 650/650/650
f 650/650/650 649/649/649 651/651/651
f 648/648/648 650/650/650 652/652/652
f 650/650/650 651/651/651 653/653/653
f 652/652/652 654/654/654 648/648/648
f 652/652/652 655/655/655 654/654/654
f 656/656/656 653/653/653 651/651/651
f 656/656/656 657/657/657 653/653/653
f 657/657/657 656/656/656 658/658/658
f 658/658/658 656/656/656 659/659/659
f 655/655/655 660/660/660 654/654/654
f 655/655/655 661/661/661 660/660/660
f 660/660/660 661/661/661 662/662/662
f 663/663/663 660/660/660 662/662/662
f 664/664/664 663/663/663 662/662/662
f 664/664/664 665/665/665 663/663/663
f 659/659/659 666/666/666 658/658/658
f 666/666/666 665/665/665 664/664/664
f 659/659/659 667/667/667 666/666/666
f 666/666/666 667/667/667 665/665/665
f 668/668/668 669/669/669 670/670/670
f 668/668/668 671/671/671 672/672/672
f 673/673/673 674/674/674 675/675/675
f 676/676/676 677/677/677 678/678/678
f 679/679/679 680/680/680 681/681/681
f 682/682/682 683/683/683 684/684/684
f 685/685/685 686/686/686 687/687/687
f 688/688/688 689/689/689 690/690/690
f 691/691/691 692/692/692 693/693/693
f 692/692/692 691/691/691 694/694/694
f 691/691/691 695/695/695 694/694/694
f 694/694/694 695/695/695 696/696/696
f 697/697/697 698/698/698 699/699/699
f 699/699/699 698/698/698 700/700/700
f 701/701/701 702/702/702 703/703/703
f 701/701/701 703/703/703 704/704/704
f 705/705/705 706/706/706 707/707/707
f 705/705/705 707/707/707 708/708/708
f 709/709/709 710/710/710 711/711/711
f 711/711/711 712/712/712 709/709/709
f 713/713/713 714/714/714 715/715/715
f 713/713/713 715/715/715 716/716/716
f 716/716/716 715/715/715 717/717/717
f 718/718/718 717/717/717 715/715/715
f 718/718/718 715/715/715 719/719/719
f 718/718/718 719/719/719 720/720/720
f 719/719/719 715/715/715 721/721/721
f 719/719/719 721/721/721 722/722/722
f 716/716/716 717/717/717 723/723/723
f 723/723/723 717/717/717 724/724/724
f 723/723/723 725/725/725 716/716/716
f 716/716/716 725/725/725 726/726/726
f 726/726/726 727/727/727 716/716/716
f 726/726/726 728/728/728 727/727/727
f 725/725/725 723/723/723 729/729/729
f 730/730/730 726/726/726 725/725/725
f 728/728/728 726/726/726 731/731/731
f 726/726/726 730/730/730 731/731/731
f 728/728/728 731/731/731 732/732/732
f 733/733/733 732/732/732 731/731/731
f 731/731/731 730/730/730 733/733/733
f 733/733/733 734/734/734 732/732/732
f 733/733/733 730/730/730 735/735/735
f 735/735/735 730/730/730 736/736/736
f 735/735/735 736/736/736 737/737/737
f 737/737/737 736/736/736 738/738/738
f 738/738/738 736/736/736 729/729/729
f 729/729/729 739/739/739 738/738/738
f 729/729/729 723/723/723 739/739/739
f 736/736/736 740/740/740 729/729/729
f 736/736/736 741/741/741 740/740/740
f 724/724/724 739/739/739 723/723/723
f 739/739/739 724/724/724 742/742/742
f 742/742/742 724/724/724 743/743/743
f 742/742/742 743/743/743 744/744/744
f 743/743/743 724/724/724 745/745/745
f 746/746/746 744/744/744 743/743/743
f 743/743/743 745/745/745 747/747/747
f 746/746/746 743/743/743 747/747/747
f 748/748/748 749/749/749 750/750/750
f 748/748/748 750/750/750 751/751/751
f 752/752/752 753/753/753 754/754/754
f 752/752/752 754/754/754 755/755/755
f 756/756/756 757/757/757 758/758/758
f 756/756/756 758/758/758 759/759/759
f 759/759/759 760/760/760 756/756/756
f 761/761/761 760/760/760 759/759/759
f 762/762/762 760/760/760 761/761/761
f 760/760/760 763/763/763 756/756/756
f 760/760/760 764/764/764 763/763/763
f 756/756/756 763/763/763 765/765/765
f 765/765/765 766/766/766 756/756/756
f 765/765/765 767/767/767 766/766/766
f 763/763/763 764/764/764 768/768/768
f 769/769/769 768/768/768 764/764/764
f 764/764/764 770/770/770 769/769/769
f 771/771/771 772/772/772 773/773/773
f 771/771/771 774/774/774 772/772/772
f 775/775/775 776/776/776 777/777/777
f 775/775/775 777/777/777 778/778/778
f 779/779/779 780/780/780 781/781/781
f 779/779/779 781/781/781 782/782/782
f 783/783/783 784/784/784 785/785/785
f 783/783/783 785/785/785 786/786/786
f 786/786/786 787/787/787 783/783/783
f 788/788/788 787/787/787 786/786/786
f 789/789/789 787/787/787 788/788/788
f 790/790/790 789/789/789 788/788/788
f 790/790/790 788/788/788 791/791/791
f 792/792/792 793/793/793 794/794/794
f 792/792/792 794/794/794 795/795/795
f 795/795/795 796/796/796 792/792/792
f 795/795/795 797/797/797 796/796/796
f 796/796/796 797/797/797 798/798/798
f 799/799/799 798/798/798 797/797/797
f 798/798/798 799/799/799 800/800/800
f 798/798/798 800/800/800 801/801/801
f 798/798/798 801/801/801 802/802/802
f 798/798/798 802/802/802 803/803/803
f 804/804/804 805/805/805 806/806/806
f 804/804/804 806/806/806 807/807/807
f 808/808/808 809/809/809 810/810/810
f 811/811/811 809/809/809 808/808/808
f 809/809/809 811/811/811 812/812/812
f 812/812/812 811/811/811 813/813/813
f 814/814/814 811/811/811 808/808/808
f 814/814/814 813/813/813 811/811/811
f 814/814/814 808/808/808 815/815/815
f 816/816/816 813/813/813 814/814/814
f 813/813/813 816/816/816 817/817/817
f 818/818/818 817/817/817 816/816/816
f 817/817/817 818/818/818 819/819/819
f 820/820/820 817/817/817 819/819/819
f 821/821/821 817/817/817 820/820/820
f 821/821/821 820/820/820 822/822/822
f 823/823/823 824/824/824 825/825/825
f 823/823/823 825/825/825 826/826/826
f 827/827/827 828/828/828 829/829/829
f 829/829/829 828/828/828 830/830/830
f 831/831/831 832/832/832 833/833/833
f 833/833/833 832/832/832 834/834/834
f 833/833/833 834/834/834 835/835/835
f 836/836/836 833/833/833 835/835/835
f 836/836/836 835/835/835 837/837/837
f 838/838/838 839/839/839 840/840/840
f 841/841/841 839/839/839 838/838/838
f 842/842/842 839/839/839 841/841/841
f 842/842/842 841/841/841 843/843/843
f 844/844/844 845/845/845 846/846/846
f 844/844/844 846/846/846 847/847/847
f 848/848/848 849/849/849 850/850/850
f 848/848/848 850/850/850 851/851/851
f 852/852/852 853/853/853 854/854/854
f 852/852/852 854/854/854 855/855/855
f 856/856/856 857/857/857 858/858/858
f 858/858/858 857/857/857 859/859/859
f 858/858/858 859/859/859 860/860/860
f 860/860/860 859/859/859 861/861/861
f 861/861/861 859/859/859 862/862/862
f 861/861/861 862/862/862 863/863/863
f 864/864/864 865/865/865 866/866/866
f 867/867/867 865/865/865 864/864/864
f 868/868/868 865/865/865 867/867/867
f 868/868/868 867/867/867 869/869/869
f 870/870/870 871/871/871 872/872/872
f 873/873/873 872/872/872 871/871/871
f 873/873/873 871/871/871 874/874/874
f 873/873/873 874/874/874 875/875/875
f 876/876/876 877/877/877 878/878/878
f 876/876/876 878/878/878 879/879/879
f 880/880/880 881/881/881 882/882/882
f 880/880/880 882/882/882 883/883/883
f 884/884/884 885/885/885 886/886/886
f 884/884/884 886/886/886 887/887/887
f 888/888/888 889/889/889 890/890/890
f 891/891/891 890/890/890 889/889/889
f 891/891/891 892/892/892 890/890/890
f 890/890/890 892/892/892 893/893/893
f 893/893/893 892/892/892 894/894/894
f 893/893/893 894/894/894 895/895/895
f 896/896/896 897/897/897 898/898/898
f 896/896/896 899/899/899 897/897/897
f 900/900/900 899/899/899 896/896/896
f 900/900/900 896/896/896 901/901/901
f 902/902/902 903/903/903 904/904/904
f 905/905/905 903/903/903 902/902/902
f 905/905/905 902/902/902 906/906/906
f 907/907/907 905/905/905 906/906/906
f 907/907/907 906/906/906 908/908/908
f 909/909/909 910/910/910 911/911/911
f 912/912/912 910/910/910 909/909/909
f 912/912/912 909/909/909 913/913/913
f 914/914/914 912/912/912 913/913/913
f 914/914/914 913/913/913 915/915/915
f 916/916/916 917/917/917 918/918/918
f 918/918/918 919/919/919 916/916/916
f 918/918/918 920/920/920 919/919/919
f 921/921/921 922/922/922 923/923/923
f 921/921/921 923/923/923 924/924/924
f 923/923/923 925/925/925 924/924/924
f 923/923/923 926/926/926 925/925/925
f 927/927/927 928/928/928 929/929/929
f 927/927/927 929/929/929 930/930/930
f 930/930/930 929/929/929 931/931/931
f 930/930/930 931/931/931 932/932/932
f 932/932/932 931/931/931 933/933/933
f 931/931/931 934/934/934 933/933/933
f 935/935/935 934/934/934 931/931/931
f 935/935/935 936/936/936 934/934/934
f 937/937/937 936/936/936 935/935/935
f 937/937/937 938/938/938 936/936/936
f 939/939/939 940/940/940 941/941/941
f 942/942/942 940/940/940 939/939/939
f 943/943/943 942/942/942 939/939/939
f 943/943/943 939/939/939 944/944/944
f 945/945/945 946/946/946 947/947/947
f 947/947/947 948/948/948 945/945/945
f 947/947/947 949/949/949 948/948/948
f 950/950/950 951/951/951 952/952/952
f 950/950/950 952/952/952 953/953/953
f 950/950/950 953/953/953 954/954/954
f 950/950/950 954/954/954 955/955/955
f 956/956/956 957/957/957 958/958/958
f 959/959/959 956/956/956 958/958/958
f 959/959/959 958/958/958 960/960/960
f 961/961/961 962/962/962 963/963/963
f 964/964/964 962/962/962 961/961/961
f 964/964/964 961/961/961 965/965/965
f 964/964/964 965/965/965 966/966/966
f 967/967/967 968/968/968 969/969/969
f 967/967/967 969/969/969 970/970/970
f 967/967/967 970/970/970 971/971/971
f 967/967/967 971/971/971 972/972/972
f 973/973/973 974/974/974 975/975/975
f 976/976/976 973/973/973 975/975/975
f 977/977/977 973/973/973 976/976/976
f 978/978/978 979/979/979 980/980/980
f 981/981/981 980/980/980 979/979/979
f 981/981/981 982/982/982 980/980/980
f 983/983/983 984/984/984 985/985/985
f 984/984/984 986/986/986 985/985/985
f 984/984/984 987/987/987 986/986/986
f 988/988/988 989/989/989 990/990/990
f 988/988/988 990/990/990 991/991/991
f 991/991/991 992/992/992 988/988/988
f 991/991/991 993/993/993 992/992/992
f 993/993/993 994/994/994 992/992/992
f 993/993/993 995/995/995 994/994/994
f 996/996/996 997/997/997 998/998/998
f 996/996/996 998/998/998 999/999/999
f 1000/1000/1000 996/996/996 999/999/999
f 1000/1000/1000 1001/1001/1001 996/996/996
f 1002/1002/1002 1003/1003/1003 1004/1004/1004
f 1002/1002/1002 1004/1004/1004 1005/1005/1005
f 1005/1005/1005 1006/1006/1006 1002/1002/1002
f 1005/1005/1005 1007/1007/1007 1006/1006/1006
f 1007/1007/1007 1008/1008/1008 1006/1006/1006
f 1007/1007/1007 1009/1009/1009 1008/1008/1008
f 1010/1010/1010 1011/1011/1011 1012/1012/1012
f 1010/1010/1010 1012/1012/1012 1013/1013/1013
f 1014/1014/1014 1015/1015/1015 1016/1016/1016
f 1014/1014/1014 1016/1016/1016 1017/1017/1017
f 1018/1018/1018 1019/1019/1019 1020/1020/1020
f 1018/1018/1018 1020/1020/1020 1021/1021/1021
f 1022/1022/1022 1023/1023/1023 1024/1024/1024
f 1022/1022/1022 1025/1025/1025 1023/1023/1023
f 1025/1025/1025 1022/1022/1022 1026/1026/1026
f 1025/1025/1025 1026/1026/1026 1027/1027/1027
f 1028/1028/1028 1029/1029/1029 1030/1030/1030
f 1028/1028/1028 1031/1031/1031 1029/1029/1029
f 1028/1028/1028 1032/1032/1032 1031/1031/1031
f 1033/1033/1033 1034/1034/1034 1035/1035/1035
f 1034/1034/1034 1033/1033/1033 1036/1036/1036
f 1034/1034/1034 1036/1036/1036 1037/1037/1037
f 1038/1038/1038 1039/1039/1039 1040/1040/1040
f 1038/1038/1038 1040/1040/1040 1041/1041/1041
f 1038/1038/1038 1041/1041/1041 1042/1042/1042
f 1043/1043/1043 1042/1042/1042 1041/1041/1041
f 1043/1043/1043 1044/1044/1044 1042/1042/1042
f 1045/1045/1045 1042/1042/1042 1044/1044/1044
f 1045/1045/1045 1046/1046/1046 1042/1042/1042
f 1046/1046/1046 1047/1047/1047 1042/1042/1042
f 1047/1047/1047 1046/1046/1046 1048/1048/1048
f 1042/1042/1042 1047/1047/1047 1049/1049/1049
f 1050/1050/1050 1051/1051/1051 1052/1052/1052
f 1053/1053/1053 1050/1050/1050 1052/1052/1052
f 1053/1053/1053 1054/1054/1054 1050/1050/1050
f 1055/1055/1055 1056/1056/1056 1057/1057/1057
f 1058/1058/1058 1056/1056/1056 1055/1055/1055
f 1058/1058/1058 1059/1059/1059 1056/1056/1056
f 1060/1060/1060 1056/1056/1056 1059/1059/1059
f 1060/1060/1060 1061/1061/1061 1056/1056/1056
f 1062/1062/1062 1063/1063/1063 1064/1064/1064
f 1062/1062/1062 1064/1064/1064 1065/1065/1065
f 1066/1066/1066 1067/1067/1067 1068/1068/1068
f 1066/1066/1066 1068/1068/1068 1069/1069/1069
f 1069/1069/1069 1070/1070/1070 1066/1066/1066
f 1071/1071/1071 1072/1072/1072 1073/1073/1073
f 1073/1073/1073 1074/1074/1074 1071/1071/1071
f 1073/1073/1073 1075/1075/1075 1074/1074/1074
f 1075/1075/1075 1076/1076/1076 1074/1074/1074
f 1077/1077/1077 1074/1074/1074 1076/1076/1076
f 1077/1077/1077 1078/1078/1078 1074/1074/1074
f 1077/1077/1077 1076/1076/1076 1079/1079/1079
f 1077/1077/1077 1079/1079/1079 1080/1080/1080
f 1081/1081/1081 1082/1082/1082 1083/1083/1083
f 1081/1081/1081 1083/1083/1083 1084/1084/1084
f 1081/1081/1081 1084/1084/1084 1085/1085/1085
f 1086/1086/1086 1087/1087/1087 1088/1088/1088
f 1086/1086/1086 1088/1088/1088 1089/1089/1089
f 1089/1089/1089 1090/1090/1090 1086/1086/1086
f 1088/1088/1088 1091/1091/1091 1089/1089/1089
f 1089/1089/1089 1092/1092/1092 1090/1090/1090
f 1089/1089/1089 1091/1091/1091 1093/1093/1093
f 1089/1089/1089 1093/1093/1093 1092/1092/1092
f 1094/1094/1094 1095/1095/1095 1096/1096/1096
f 1097/1097/1097 1095/1095/1095 1094/1094/1094
f 1097/1097/1097 1094/1094/1094 1098/1098/1098
f 1099/1099/1099 1100/1100/1100 1101/1101/1101
f 1099/1099/1099 1102/1102/1102 1100/1100/1100
f 1100/1100/1100 1102/1102/1102 1103/1103/1103
f 1100/1100/1100 1103/1103/1103 1104/1104/1104
