# Unturned item rip -> Godot (X+Z negated, winding reversed, RH Y-up)
v 0.219642 0.108232 -0.128737
v 0.215938 0.192112 0.024499
v 0.308409 0.194456 0.011841
v 0.219642 0.108232 -0.128737
v 0.304241 0.134643 -0.117787
v 0.018099 0.071435 -0.223717
v 0.228601 0.112706 -0.216674
v 0.208752 0.208283 -0.215339
v 0.018099 0.071435 -0.223717
v 0.001029 0.167529 -0.221751
v 0.293933 0.129302 -0.187633
v 0.304241 0.134643 -0.117787
v 0.286300 0.225162 -0.115765
v 0.286300 0.225162 -0.115765
v 0.272754 0.221889 -0.187147
v 0.208752 0.208283 -0.215339
v 0.272754 0.221889 -0.187147
v 0.286300 0.225162 -0.115765
v 0.208752 0.208283 -0.215339
v 0.197338 0.203615 -0.127374
v 0.245249 0.101375 -0.213465
v 0.240151 0.095782 -0.117535
v 0.001327 0.116479 -0.119314
v 0.245249 0.101375 -0.213465
v -0.006079 0.121128 -0.222395
v 0.245249 0.101375 -0.213465
v 0.316649 0.096939 -0.187369
v 0.328641 0.098809 -0.117403
v 0.245249 0.101375 -0.213465
v 0.328641 0.098809 -0.117403
v 0.240151 0.095782 -0.117535
v 0.328641 0.098809 -0.117403
v 0.248233 0.104033 0.093901
v 0.336286 0.093273 0.098524
v 0.083944 -0.222150 -0.122351
v 0.066839 -0.237176 0.050617
v 0.102780 -0.319490 0.044324
v 0.083944 -0.222150 -0.122351
v 0.116723 -0.311367 -0.120826
v 0.007066 -0.041620 -0.206663
v 0.080127 -0.221688 -0.207866
v 0.164123 -0.187537 -0.207734
v 0.007066 -0.041620 -0.206663
v 0.090454 -0.009443 -0.207137
v 0.083944 -0.222150 -0.122351
v 0.116723 -0.311367 -0.120826
v 0.113560 -0.294990 -0.185660
v 0.083944 -0.222150 -0.122351
v 0.080127 -0.221688 -0.207866
v -0.023370 -0.214501 -0.120494
v -0.095119 -0.289577 0.077342
v -0.098820 -0.381737 0.080674
v -0.023370 -0.214501 -0.120494
v -0.027030 -0.321137 -0.119466
v 0.062598 -0.212173 -0.211591
v 0.067165 -0.209951 -0.119895
v 0.064117 -0.009792 -0.117153
v 0.062598 -0.212173 -0.211591
v 0.061118 -0.009436 -0.217725
v -0.040123 -0.011189 -0.213776
v -0.027463 -0.218974 -0.210473
v 0.062598 -0.212173 -0.211591
v -0.040123 -0.011189 -0.213776
v 0.061118 -0.009436 -0.217725
v 0.062598 -0.212173 -0.211591
v 0.069062 -0.300389 -0.187937
v 0.068313 -0.318150 -0.119542
v 0.062598 -0.212173 -0.211591
v 0.067165 -0.209951 -0.119895
v 0.068313 -0.318150 -0.119542
v 0.002931 -0.288348 0.076274
v 0.001820 -0.382917 0.078990
v -0.023370 -0.214501 -0.120494
v -0.027030 -0.321137 -0.119466
v -0.033024 -0.303498 -0.188560
v -0.023370 -0.214501 -0.120494
v -0.027463 -0.218974 -0.210473
v -0.040123 -0.011189 -0.213776
v -0.023370 -0.214501 -0.120494
v -0.036300 -0.011728 -0.113342
v -0.170826 -0.203898 -0.120892
v -0.192980 -0.188472 0.078394
v -0.212309 -0.274311 0.066682
v -0.170826 -0.203898 -0.120892
v -0.191421 -0.283501 -0.118664
v -0.170826 -0.203898 -0.120892
v -0.191421 -0.283501 -0.118664
v -0.192405 -0.267464 -0.184215
v -0.170826 -0.203898 -0.120892
v -0.159746 -0.201673 -0.213061
v -0.214393 -0.095338 -0.121158
v -0.228082 -0.124844 0.025557
v -0.309261 -0.179075 0.019826
v -0.214393 -0.095338 -0.121158
v -0.294587 -0.151080 -0.118424
v -0.214393 -0.095338 -0.121158
v -0.294587 -0.151080 -0.118424
v -0.282865 -0.140507 -0.188787
v -0.214393 -0.095338 -0.121158
v -0.213261 -0.098768 -0.213863
v -0.299758 0.011540 -0.207228
v -0.321642 0.010084 -0.133152
v -0.306920 -0.094956 -0.135280
v -0.306920 -0.094956 -0.135280
v -0.285003 -0.090158 -0.207877
v -0.216049 0.026453 -0.128590
v -0.321642 0.010084 -0.133152
v -0.299758 0.011540 -0.207228
v -0.216049 0.026453 -0.128590
v -0.220070 0.027391 -0.225555
v -0.190049 0.209508 -0.127038
v -0.208395 0.223082 0.087105
v -0.310945 0.241031 0.098816
v -0.190049 0.209508 -0.127038
v -0.297653 0.237352 -0.130260
v 0.020245 0.173016 -0.235895
v -0.203678 0.206644 -0.233161
v -0.223458 0.108210 -0.228556
v 0.020245 0.173016 -0.235895
v 0.003982 0.071911 -0.235553
v -0.287842 0.230413 -0.207047
v -0.297653 0.237352 -0.130260
v -0.323562 0.127340 -0.126710
v -0.323562 0.127340 -0.126710
v -0.309059 0.124115 -0.206718
v -0.223458 0.108210 -0.228556
v -0.309059 0.124115 -0.206718
v -0.323562 0.127340 -0.126710
v -0.223458 0.108210 -0.228556
v -0.213445 0.110873 -0.124929
v -0.190049 0.209508 -0.127038
v -0.297653 0.237352 -0.130260
v -0.287842 0.230413 -0.207047
v -0.190049 0.209508 -0.127038
v -0.203678 0.206644 -0.233161
v 0.020245 0.173016 -0.235895
v -0.190049 0.209508 -0.127038
v 0.026369 0.171015 -0.128004
v -0.010918 0.096352 -0.231915
v -0.213952 0.107697 -0.224913
v -0.220502 0.016539 -0.224035
v -0.010918 0.096352 -0.231915
v -0.025860 -0.003506 -0.232876
v -0.204384 0.113426 -0.130489
v -0.300009 0.127238 -0.133666
v -0.286530 0.124720 -0.204148
v -0.204384 0.113426 -0.130489
v -0.213952 0.107697 -0.224913
v -0.010918 0.096352 -0.231915
v -0.204384 0.113426 -0.130489
v -0.007154 0.094817 -0.131022
v -0.120826 0.445729 0.213257
v -0.218205 0.481362 0.219967
v -0.219150 0.485510 0.190145
v -0.219150 0.485510 0.190145
v -0.121721 0.447570 0.183590
v 0.403086 -0.343082 0.249286
v 0.412976 -0.337375 0.226226
v 0.354740 -0.412082 0.177456
v 0.354740 -0.412082 0.177456
v 0.343660 -0.416129 0.199244
v 0.208752 0.208283 -0.215339
v 0.197338 0.203615 -0.127374
v 0.002875 0.167285 -0.119172
v 0.001029 0.167529 -0.221751
v 0.001029 0.167529 -0.221751
v 0.002875 0.167285 -0.119172
v 0.019962 0.071189 -0.120199
v 0.018099 0.071435 -0.223717
v 0.018099 0.071435 -0.223717
v 0.019962 0.071189 -0.120199
v 0.219642 0.108232 -0.128737
v 0.228601 0.112706 -0.216674
v 0.219642 0.108232 -0.128737
v 0.293933 0.129302 -0.187633
v 0.304241 0.134643 -0.117787
v 0.219642 0.108232 -0.128737
v 0.019962 0.071189 -0.120199
v 0.002875 0.167285 -0.119172
v 0.197338 0.203615 -0.127374
v 0.228601 0.112706 -0.216674
v 0.293933 0.129302 -0.187633
v 0.272754 0.221889 -0.187147
v 0.208752 0.208283 -0.215339
v 0.296557 0.254991 -0.063525
v 0.282490 0.359178 -0.079311
v 0.192491 0.336972 -0.068194
v 0.204087 0.252647 -0.050867
v 0.286300 0.225162 -0.115765
v 0.296557 0.254991 -0.063525
v 0.204087 0.252647 -0.050867
v 0.197338 0.203615 -0.127374
v 0.304241 0.134643 -0.117787
v 0.308409 0.194456 0.011841
v 0.296557 0.254991 -0.063525
v 0.286300 0.225162 -0.115765
v 0.197338 0.203615 -0.127374
v 0.204087 0.252647 -0.050867
v 0.215938 0.192112 0.024499
v 0.219642 0.108232 -0.128737
v 0.228938 0.003685 -0.118662
v 0.236612 0.012472 0.102127
v 0.324665 0.001712 0.106751
v 0.322550 0.008902 -0.119002
v -0.006079 0.121128 -0.222395
v 0.001327 0.116479 -0.119314
v -0.006849 0.019063 -0.119771
v -0.015508 0.021869 -0.216331
v -0.015508 0.021869 -0.216331
v -0.006849 0.019063 -0.119771
v 0.228938 0.003685 -0.118662
v 0.222642 0.006726 -0.211751
v 0.228938 0.003685 -0.118662
v -0.006849 0.019063 -0.119771
v 0.001327 0.116479 -0.119314
v 0.240151 0.095782 -0.117535
v -0.015508 0.021869 -0.216331
v 0.222642 0.006726 -0.211751
v 0.245249 0.101375 -0.213465
v -0.006079 0.121128 -0.222395
v 0.308392 0.009244 -0.187383
v 0.322550 0.008902 -0.119002
v 0.328641 0.098809 -0.117403
v 0.316649 0.096939 -0.187369
v 0.222642 0.006726 -0.211751
v 0.308392 0.009244 -0.187383
v 0.316649 0.096939 -0.187369
v 0.245249 0.101375 -0.213465
v 0.228938 0.003685 -0.118662
v 0.322550 0.008902 -0.119002
v 0.308392 0.009244 -0.187383
v 0.222642 0.006726 -0.211751
v 0.324665 0.001712 0.106751
v 0.322899 0.113552 0.231670
v 0.331945 0.151453 0.147600
v 0.336286 0.093273 0.098524
v 0.322550 0.008902 -0.119002
v 0.324665 0.001712 0.106751
v 0.336286 0.093273 0.098524
v 0.328641 0.098809 -0.117403
v 0.240151 0.095782 -0.117535
v 0.248233 0.104033 0.093901
v 0.236612 0.012472 0.102127
v 0.228938 0.003685 -0.118662
v 0.235793 -0.105481 -0.118596
v 0.251177 -0.110353 0.066390
v 0.340791 -0.101623 0.061013
v 0.331723 -0.100436 -0.118906
v 0.224766 -0.012003 -0.212824
v 0.231934 -0.011324 -0.122060
v 0.035249 -0.018223 -0.117341
v 0.034530 -0.017674 -0.206756
v 0.034530 -0.017674 -0.206756
v 0.035249 -0.018223 -0.117341
v 0.036845 -0.107626 -0.117903
v 0.037866 -0.107622 -0.207154
v 0.037866 -0.107622 -0.207154
v 0.036845 -0.107626 -0.117903
v 0.235793 -0.105481 -0.118596
v 0.229573 -0.105339 -0.209463
v 0.235793 -0.105481 -0.118596
v 0.036845 -0.107626 -0.117903
v 0.035249 -0.018223 -0.117341
v 0.231934 -0.011324 -0.122060
v 0.037866 -0.107622 -0.207154
v 0.229573 -0.105339 -0.209463
v 0.224766 -0.012003 -0.212824
v 0.034530 -0.017674 -0.206756
v 0.308536 -0.102343 -0.193524
v 0.331723 -0.100436 -0.118906
v 0.328463 -0.006872 -0.119401
v 0.305687 -0.007823 -0.193139
v 0.224766 -0.012003 -0.212824
v 0.305687 -0.007823 -0.193139
v 0.328463 -0.006872 -0.119401
v 0.231934 -0.011324 -0.122060
v 0.229573 -0.105339 -0.209463
v 0.308536 -0.102343 -0.193524
v 0.305687 -0.007823 -0.193139
v 0.224766 -0.012003 -0.212824
v 0.235793 -0.105481 -0.118596
v 0.331723 -0.100436 -0.118906
v 0.308536 -0.102343 -0.193524
v 0.229573 -0.105339 -0.209463
v 0.340791 -0.101623 0.061013
v 0.353190 -0.107645 0.110810
v 0.344219 -0.008581 0.106127
v 0.328156 -0.003703 0.073978
v 0.328463 -0.006872 -0.119401
v 0.328156 -0.003703 0.073978
v 0.238352 -0.013594 0.078643
v 0.231934 -0.011324 -0.122060
v 0.331723 -0.100436 -0.118906
v 0.340791 -0.101623 0.061013
v 0.328156 -0.003703 0.073978
v 0.328463 -0.006872 -0.119401
v 0.231934 -0.011324 -0.122060
v 0.238352 -0.013594 0.078643
v 0.251177 -0.110353 0.066390
v 0.235793 -0.105481 -0.118596
v 0.179200 -0.192962 -0.116826
v 0.173403 -0.220394 0.046532
v 0.258593 -0.264503 0.047418
v 0.271433 -0.234401 -0.117728
v 0.211232 -0.104807 -0.212254
v 0.217288 -0.105076 -0.116091
v 0.012617 0.039468 -0.114786
v 0.008973 0.039925 -0.216025
v 0.008973 0.039925 -0.216025
v 0.012617 0.039468 -0.114786
v -0.028408 -0.053152 -0.113727
v -0.032052 -0.052695 -0.214966
v -0.032052 -0.052695 -0.214966
v -0.028408 -0.053152 -0.113727
v 0.179200 -0.192962 -0.116826
v 0.175376 -0.191750 -0.210422
v 0.179200 -0.192962 -0.116826
v -0.028408 -0.053152 -0.113727
v 0.012617 0.039468 -0.114786
v 0.217288 -0.105076 -0.116091
v -0.032052 -0.052695 -0.214966
v 0.175376 -0.191750 -0.210422
v 0.211232 -0.104807 -0.212254
v 0.008973 0.039925 -0.216025
v 0.252016 -0.224169 -0.189625
v 0.271433 -0.234401 -0.117728
v 0.309805 -0.144771 -0.119528
v 0.286528 -0.137451 -0.195653
v 0.211232 -0.104807 -0.212254
v 0.286528 -0.137451 -0.195653
v 0.309805 -0.144771 -0.119528
v 0.217288 -0.105076 -0.116091
v 0.175376 -0.191750 -0.210422
v 0.252016 -0.224169 -0.189625
v 0.286528 -0.137451 -0.195653
v 0.211232 -0.104807 -0.212254
v 0.179200 -0.192962 -0.116826
v 0.271433 -0.234401 -0.117728
v 0.252016 -0.224169 -0.189625
v 0.175376 -0.191750 -0.210422
v 0.307909 -0.170615 0.037060
v 0.324428 -0.212187 0.124554
v 0.247022 -0.175286 0.175295
v 0.219548 -0.124587 0.038376
v 0.309805 -0.144771 -0.119528
v 0.307909 -0.170615 0.037060
v 0.219548 -0.124587 0.038376
v 0.217288 -0.105076 -0.116091
v 0.271433 -0.234401 -0.117728
v 0.258593 -0.264503 0.047418
v 0.307909 -0.170615 0.037060
v 0.309805 -0.144771 -0.119528
v 0.217288 -0.105076 -0.116091
v 0.219548 -0.124587 0.038376
v 0.173403 -0.220394 0.046532
v 0.179200 -0.192962 -0.116826
v 0.164123 -0.187537 -0.207734
v 0.168343 -0.189087 -0.120030
v 0.091173 -0.009991 -0.117759
v 0.090454 -0.009443 -0.207137
v 0.090454 -0.009443 -0.207137
v 0.091173 -0.009991 -0.117759
v 0.007785 -0.042169 -0.117286
v 0.007066 -0.041620 -0.206663
v 0.007066 -0.041620 -0.206663
v 0.007785 -0.042169 -0.117286
v 0.083944 -0.222150 -0.122351
v 0.080127 -0.221688 -0.207866
v 0.083944 -0.222150 -0.122351
v 0.007785 -0.042169 -0.117286
v 0.091173 -0.009991 -0.117759
v 0.168343 -0.189087 -0.120030
v 0.113560 -0.294990 -0.185660
v 0.116723 -0.311367 -0.120826
v 0.203949 -0.277626 -0.118036
v 0.200410 -0.259277 -0.183807
v 0.164123 -0.187537 -0.207734
v 0.200410 -0.259277 -0.183807
v 0.203949 -0.277626 -0.118036
v 0.168343 -0.189087 -0.120030
v 0.080127 -0.221688 -0.207866
v 0.113560 -0.294990 -0.185660
v 0.200410 -0.259277 -0.183807
v 0.164123 -0.187537 -0.207734
v 0.186265 -0.284379 0.065590
v 0.173081 -0.359160 0.109235
v 0.154500 -0.298000 0.172286
v 0.151333 -0.201881 0.071515
v 0.203949 -0.277626 -0.118036
v 0.186265 -0.284379 0.065590
v 0.151333 -0.201881 0.071515
v 0.168343 -0.189087 -0.120030
v 0.116723 -0.311367 -0.120826
v 0.102780 -0.319490 0.044324
v 0.186265 -0.284379 0.065590
v 0.203949 -0.277626 -0.118036
v 0.168343 -0.189087 -0.120030
v 0.151333 -0.201881 0.071515
v 0.066839 -0.237176 0.050617
v 0.083944 -0.222150 -0.122351
v 0.061118 -0.009436 -0.217725
v 0.064117 -0.009792 -0.117153
v -0.036300 -0.011728 -0.113342
v -0.040123 -0.011189 -0.213776
v -0.023370 -0.214501 -0.120494
v -0.036300 -0.011728 -0.113342
v 0.064117 -0.009792 -0.117153
v 0.067165 -0.209951 -0.119895
v -0.033024 -0.303498 -0.188560
v -0.027030 -0.321137 -0.119466
v 0.068313 -0.318150 -0.119542
v 0.069062 -0.300389 -0.187937
v -0.027463 -0.218974 -0.210473
v -0.033024 -0.303498 -0.188560
v 0.069062 -0.300389 -0.187937
v 0.062598 -0.212173 -0.211591
v 0.002931 -0.288348 0.076274
v 0.024689 -0.366580 0.172239
v -0.071872 -0.349598 0.170271
v -0.095119 -0.289577 0.077342
v -0.027030 -0.321137 -0.119466
v -0.098820 -0.381737 0.080674
v 0.001820 -0.382917 0.078990
v 0.068313 -0.318150 -0.119542
v 0.067165 -0.209951 -0.119895
v 0.002931 -0.288348 0.076274
v -0.095119 -0.289577 0.077342
v -0.023370 -0.214501 -0.120494
v -0.081837 -0.237690 -0.209773
v -0.082628 -0.244017 -0.117215
v -0.014434 -0.053968 -0.116868
v -0.013003 -0.053221 -0.208633
v -0.013003 -0.053221 -0.208633
v -0.014434 -0.053968 -0.116868
v -0.099640 -0.019249 -0.120410
v -0.097259 -0.018251 -0.212152
v -0.097259 -0.018251 -0.212152
v -0.099640 -0.019249 -0.120410
v -0.170826 -0.203898 -0.120892
v -0.159746 -0.201673 -0.213061
v -0.170826 -0.203898 -0.120892
v -0.099640 -0.019249 -0.120410
v -0.014434 -0.053968 -0.116868
v -0.082628 -0.244017 -0.117215
v -0.097259 -0.018251 -0.212152
v -0.159746 -0.201673 -0.213061
v -0.081837 -0.237690 -0.209773
v -0.013003 -0.053221 -0.208633
v -0.192405 -0.267464 -0.184215
v -0.191421 -0.283501 -0.118664
v -0.112341 -0.316859 -0.119775
v -0.110937 -0.300663 -0.186392
v -0.081837 -0.237690 -0.209773
v -0.110937 -0.300663 -0.186392
v -0.112341 -0.316859 -0.119775
v -0.082628 -0.244017 -0.117215
v -0.159746 -0.201673 -0.213061
v -0.192405 -0.267464 -0.184215
v -0.110937 -0.300663 -0.186392
v -0.081837 -0.237690 -0.209773
v -0.212309 -0.274311 0.066682
v -0.234681 -0.308075 0.134459
v -0.154565 -0.338548 0.138762
v -0.131796 -0.302841 0.075014
v -0.112341 -0.316859 -0.119775
v -0.131796 -0.302841 0.075014
v -0.105012 -0.218463 0.090019
v -0.082628 -0.244017 -0.117215
v -0.191421 -0.283501 -0.118664
v -0.212309 -0.274311 0.066682
v -0.131796 -0.302841 0.075014
v -0.112341 -0.316859 -0.119775
v -0.082628 -0.244017 -0.117215
v -0.105012 -0.218463 0.090019
v -0.192980 -0.188472 0.078394
v -0.170826 -0.203898 -0.120892
v -0.161546 -0.174007 -0.215749
v -0.161695 -0.176037 -0.118223
v 0.008576 -0.066660 -0.116197
v 0.006156 -0.064769 -0.217572
v 0.006156 -0.064769 -0.217572
v 0.008576 -0.066660 -0.116197
v -0.044089 0.019776 -0.113689
v -0.049971 0.020847 -0.214820
v -0.049971 0.020847 -0.214820
v -0.044089 0.019776 -0.113689
v -0.214393 -0.095338 -0.121158
v -0.213261 -0.098768 -0.213863
v -0.214393 -0.095338 -0.121158
v -0.044089 0.019776 -0.113689
v 0.008576 -0.066660 -0.116197
v -0.161695 -0.176037 -0.118223
v -0.049971 0.020847 -0.214820
v -0.213261 -0.098768 -0.213863
v -0.161546 -0.174007 -0.215749
v 0.006156 -0.064769 -0.217572
v -0.282865 -0.140507 -0.188787
v -0.294587 -0.151080 -0.118424
v -0.242026 -0.233283 -0.116429
v -0.233674 -0.221209 -0.186782
v -0.161546 -0.174007 -0.215749
v -0.233674 -0.221209 -0.186782
v -0.242026 -0.233283 -0.116429
v -0.161695 -0.176037 -0.118223
v -0.213261 -0.098768 -0.213863
v -0.282865 -0.140507 -0.188787
v -0.233674 -0.221209 -0.186782
v -0.161546 -0.174007 -0.215749
v -0.255241 -0.260011 0.012403
v -0.303603 -0.276157 0.054545
v -0.270323 -0.246616 0.139888
v -0.175357 -0.206536 0.017162
v -0.242026 -0.233283 -0.116429
v -0.255241 -0.260011 0.012403
v -0.175357 -0.206536 0.017162
v -0.161695 -0.176037 -0.118223
v -0.294587 -0.151080 -0.118424
v -0.309261 -0.179075 0.019826
v -0.255241 -0.260011 0.012403
v -0.242026 -0.233283 -0.116429
v -0.161695 -0.176037 -0.118223
v -0.175357 -0.206536 0.017162
v -0.228082 -0.124844 0.025557
v -0.214393 -0.095338 -0.121158
v -0.216049 0.026453 -0.128590
v -0.237331 0.001925 0.126490
v -0.330383 -0.018792 0.111993
v -0.321642 0.010084 -0.133152
v -0.200502 -0.072850 -0.229945
v -0.205527 -0.075850 -0.135169
v 0.015689 -0.047835 -0.129792
v 0.013364 -0.045939 -0.236549
v 0.013364 -0.045939 -0.236549
v 0.015689 -0.047835 -0.129792
v 0.004913 0.058397 -0.127670
v -0.001872 0.060122 -0.235004
v -0.001872 0.060122 -0.235004
v 0.004913 0.058397 -0.127670
v -0.216049 0.026453 -0.128590
v -0.220070 0.027391 -0.225555
v -0.216049 0.026453 -0.128590
v 0.004913 0.058397 -0.127670
v 0.015689 -0.047835 -0.129792
v -0.205527 -0.075850 -0.135169
v -0.001872 0.060122 -0.235004
v -0.220070 0.027391 -0.225555
v -0.200502 -0.072850 -0.229945
v 0.013364 -0.045939 -0.236549
v -0.200502 -0.072850 -0.229945
v -0.285003 -0.090158 -0.207877
v -0.306920 -0.094956 -0.135280
v -0.205527 -0.075850 -0.135169
v -0.220070 0.027391 -0.225555
v -0.299758 0.011540 -0.207228
v -0.285003 -0.090158 -0.207877
v -0.200502 -0.072850 -0.229945
v -0.217347 -0.095282 0.109427
v -0.321230 -0.133196 0.206179
v -0.361492 -0.041311 0.214879
v -0.237331 0.001925 0.126490
v -0.306920 -0.094956 -0.135280
v -0.309886 -0.111073 0.093418
v -0.217347 -0.095282 0.109427
v -0.205527 -0.075850 -0.135169
v -0.321642 0.010084 -0.133152
v -0.330383 -0.018792 0.111993
v -0.309886 -0.111073 0.093418
v -0.306920 -0.094956 -0.135280
v -0.205527 -0.075850 -0.135169
v -0.217347 -0.095282 0.109427
v -0.237331 0.001925 0.126490
v -0.216049 0.026453 -0.128590
v -0.223458 0.108210 -0.228556
v -0.213445 0.110873 -0.124929
v 0.008492 0.071436 -0.125806
v 0.003982 0.071911 -0.235553
v 0.003982 0.071911 -0.235553
v 0.008492 0.071436 -0.125806
v 0.026369 0.171015 -0.128004
v 0.020245 0.173016 -0.235895
v -0.190049 0.209508 -0.127038
v 0.026369 0.171015 -0.128004
v 0.008492 0.071436 -0.125806
v -0.213445 0.110873 -0.124929
v -0.203678 0.206644 -0.233161
v -0.287842 0.230413 -0.207047
v -0.309059 0.124115 -0.206718
v -0.223458 0.108210 -0.228556
v -0.327502 0.134067 0.104640
v -0.309522 0.199606 0.240066
v -0.208390 0.177242 0.231701
v -0.225335 0.117728 0.095027
v -0.323562 0.127340 -0.126710
v -0.327502 0.134067 0.104640
v -0.225335 0.117728 0.095027
v -0.213445 0.110873 -0.124929
v -0.297653 0.237352 -0.130260
v -0.310945 0.241031 0.098816
v -0.327502 0.134067 0.104640
v -0.323562 0.127340 -0.126710
v -0.213445 0.110873 -0.124929
v -0.225335 0.117728 0.095027
v -0.208395 0.223082 0.087105
v -0.190049 0.209508 -0.127038
v -0.204384 0.113426 -0.130489
v -0.220249 0.105443 0.084562
v -0.304425 0.120227 0.084585
v -0.300009 0.127238 -0.133666
v -0.220502 0.016539 -0.224035
v -0.221008 0.021562 -0.131283
v -0.022096 -0.005041 -0.131984
v -0.025860 -0.003506 -0.232876
v -0.025860 -0.003506 -0.232876
v -0.022096 -0.005041 -0.131984
v -0.007154 0.094817 -0.131022
v -0.010918 0.096352 -0.231915
v -0.204384 0.113426 -0.130489
v -0.007154 0.094817 -0.131022
v -0.022096 -0.005041 -0.131984
v -0.221008 0.021562 -0.131283
v -0.286530 0.124720 -0.204148
v -0.300009 0.127238 -0.133666
v -0.312853 0.028109 -0.138125
v -0.292034 0.027565 -0.205051
v -0.220502 0.016539 -0.224035
v -0.292034 0.027565 -0.205051
v -0.312853 0.028109 -0.138125
v -0.221008 0.021562 -0.131283
v -0.312853 0.028109 -0.138125
v -0.240783 0.011303 0.079351
v -0.328148 0.022714 0.076205
v -0.213952 0.107697 -0.224913
v -0.286530 0.124720 -0.204148
v -0.292034 0.027565 -0.205051
v -0.220502 0.016539 -0.224035
v -0.220249 0.105443 0.084562
v -0.282385 0.111653 0.199330
v -0.338514 0.124441 0.136162
v -0.304425 0.120227 0.084585
v -0.300009 0.127238 -0.133666
v -0.304425 0.120227 0.084585
v -0.328148 0.022714 0.076205
v -0.312853 0.028109 -0.138125
v -0.221008 0.021562 -0.131283
v -0.240783 0.011303 0.079351
v -0.220249 0.105443 0.084562
v -0.204384 0.113426 -0.130489
v 0.202734 0.343823 0.028414
v 0.177621 0.438414 0.014050
v 0.267620 0.460620 0.002933
v 0.292733 0.366028 0.017297
v 0.204087 0.252647 -0.050867
v 0.192491 0.336972 -0.068194
v 0.202734 0.343823 0.028414
v 0.215938 0.192112 0.024499
v 0.215938 0.192112 0.024499
v 0.202734 0.343823 0.028414
v 0.292733 0.366028 0.017297
v 0.308409 0.194456 0.011841
v 0.308409 0.194456 0.011841
v 0.292733 0.366028 0.017297
v 0.282490 0.359178 -0.079311
v 0.296557 0.254991 -0.063525
v -0.309522 0.199606 0.240066
v -0.255492 0.382335 0.221149
v -0.158121 0.346730 0.214154
v -0.208390 0.177242 0.231701
v -0.225335 0.117728 0.095027
v -0.208390 0.177242 0.231701
v -0.198582 0.247678 0.151753
v -0.208395 0.223082 0.087105
v -0.208395 0.223082 0.087105
v -0.198582 0.247678 0.151753
v -0.299940 0.272667 0.160569
v -0.310945 0.241031 0.098816
v -0.310945 0.241031 0.098816
v -0.299940 0.272667 0.160569
v -0.309522 0.199606 0.240066
v -0.327502 0.134067 0.104640
v -0.255492 0.382335 0.221149
v -0.218205 0.481362 0.219967
v -0.120826 0.445729 0.213257
v -0.158121 0.346730 0.214154
v -0.208390 0.177242 0.231701
v -0.158121 0.346730 0.214154
v -0.161393 0.356308 0.107633
v -0.198582 0.247678 0.151753
v -0.198582 0.247678 0.151753
v -0.161393 0.356308 0.107633
v -0.258845 0.394320 0.113471
v -0.299940 0.272667 0.160569
v -0.299940 0.272667 0.160569
v -0.258845 0.394320 0.113471
v -0.255492 0.382335 0.221149
v -0.309522 0.199606 0.240066
v -0.158121 0.346730 0.214154
v -0.120826 0.445729 0.213257
v -0.121721 0.447570 0.183590
v -0.161393 0.356308 0.107633
v -0.161393 0.356308 0.107633
v -0.121721 0.447570 0.183590
v -0.219150 0.485510 0.190145
v -0.258845 0.394320 0.113471
v -0.258845 0.394320 0.113471
v -0.219150 0.485510 0.190145
v -0.218205 0.481362 0.219967
v -0.255492 0.382335 0.221149
v 0.174389 0.436252 -0.016437
v 0.264388 0.458458 -0.027554
v 0.267620 0.460620 0.002933
v 0.177621 0.438414 0.014050
v 0.292733 0.366028 0.017297
v 0.267620 0.460620 0.002933
v 0.264388 0.458458 -0.027554
v 0.282490 0.359178 -0.079311
v 0.282490 0.359178 -0.079311
v 0.264388 0.458458 -0.027554
v 0.174389 0.436252 -0.016437
v 0.192491 0.336972 -0.068194
v 0.192491 0.336972 -0.068194
v 0.174389 0.436252 -0.016437
v 0.177621 0.438414 0.014050
v 0.202734 0.343823 0.028414
v 0.234846 0.124313 0.227046
v 0.248358 0.232037 0.209318
v 0.336411 0.221277 0.213941
v 0.322899 0.113552 0.231670
v 0.336286 0.093273 0.098524
v 0.331945 0.151453 0.147600
v 0.243892 0.162213 0.142976
v 0.248233 0.104033 0.093901
v 0.248233 0.104033 0.093901
v 0.243892 0.162213 0.142976
v 0.234846 0.124313 0.227046
v 0.236612 0.012472 0.102127
v 0.236612 0.012472 0.102127
v 0.234846 0.124313 0.227046
v 0.322899 0.113552 0.231670
v 0.324665 0.001712 0.106751
v 0.336411 0.221277 0.213941
v 0.332690 0.292482 0.196168
v 0.333722 0.290685 0.172329
v 0.340408 0.214319 0.121628
v 0.322899 0.113552 0.231670
v 0.336411 0.221277 0.213941
v 0.340408 0.214319 0.121628
v 0.331945 0.151453 0.147600
v 0.331945 0.151453 0.147600
v 0.340408 0.214319 0.121628
v 0.252355 0.225079 0.117005
v 0.243892 0.162213 0.142976
v 0.243892 0.162213 0.142976
v 0.252355 0.225079 0.117005
v 0.248358 0.232037 0.209318
v 0.234846 0.124313 0.227046
v 0.245669 0.301445 0.167705
v 0.333722 0.290685 0.172329
v 0.332690 0.292482 0.196168
v 0.244637 0.303242 0.191545
v 0.340408 0.214319 0.121628
v 0.333722 0.290685 0.172329
v 0.245669 0.301445 0.167705
v 0.252355 0.225079 0.117005
v 0.252355 0.225079 0.117005
v 0.245669 0.301445 0.167705
v 0.244637 0.303242 0.191545
v 0.248358 0.232037 0.209318
v 0.248358 0.232037 0.209318
v 0.244637 0.303242 0.191545
v 0.332690 0.292482 0.196168
v 0.336411 0.221277 0.213941
v -0.360814 0.026628 0.127387
v -0.401166 0.034886 0.142334
v -0.440643 0.047471 0.220153
v -0.304342 0.017814 0.194514
v -0.304425 0.120227 0.084585
v -0.338514 0.124441 0.136162
v -0.360814 0.026628 0.127387
v -0.328148 0.022714 0.076205
v -0.328148 0.022714 0.076205
v -0.360814 0.026628 0.127387
v -0.304342 0.017814 0.194514
v -0.240783 0.011303 0.079351
v -0.240783 0.011303 0.079351
v -0.304342 0.017814 0.194514
v -0.282385 0.111653 0.199330
v -0.220249 0.105443 0.084562
v -0.401166 0.034886 0.142334
v -0.508806 0.058527 0.159478
v -0.517830 0.068261 0.178326
v -0.440643 0.047471 0.220153
v -0.304342 0.017814 0.194514
v -0.440643 0.047471 0.220153
v -0.417214 0.140869 0.226394
v -0.282385 0.111653 0.199330
v -0.282385 0.111653 0.199330
v -0.417214 0.140869 0.226394
v -0.380338 0.133140 0.149683
v -0.338514 0.124441 0.136162
v -0.338514 0.124441 0.136162
v -0.380338 0.133140 0.149683
v -0.401166 0.034886 0.142334
v -0.360814 0.026628 0.127387
v -0.517830 0.068261 0.178326
v -0.508806 0.058527 0.159478
v -0.487565 0.156742 0.166026
v -0.494815 0.161698 0.185368
v -0.440643 0.047471 0.220153
v -0.517830 0.068261 0.178326
v -0.494815 0.161698 0.185368
v -0.417214 0.140869 0.226394
v -0.417214 0.140869 0.226394
v -0.494815 0.161698 0.185368
v -0.487565 0.156742 0.166026
v -0.380338 0.133140 0.149683
v -0.380338 0.133140 0.149683
v -0.487565 0.156742 0.166026
v -0.508806 0.058527 0.159478
v -0.401166 0.034886 0.142334
v 0.280214 -0.009068 0.170061
v 0.377826 0.023441 0.212870
v 0.417179 -0.066304 0.204268
v 0.289699 -0.106862 0.174872
v 0.328156 -0.003703 0.073978
v 0.344219 -0.008581 0.106127
v 0.280214 -0.009068 0.170061
v 0.238352 -0.013594 0.078643
v 0.238352 -0.013594 0.078643
v 0.280214 -0.009068 0.170061
v 0.289699 -0.106862 0.174872
v 0.251177 -0.110353 0.066390
v 0.251177 -0.110353 0.066390
v 0.289699 -0.106862 0.174872
v 0.353190 -0.107645 0.110810
v 0.340791 -0.101623 0.061013
v 0.417179 -0.066304 0.204268
v 0.472984 -0.011781 0.184933
v 0.474834 -0.013120 0.165567
v 0.421532 -0.059911 0.114402
v 0.289699 -0.106862 0.174872
v 0.417179 -0.066304 0.204268
v 0.421532 -0.059911 0.114402
v 0.353190 -0.107645 0.110810
v 0.353190 -0.107645 0.110810
v 0.421532 -0.059911 0.114402
v 0.382240 0.031199 0.122844
v 0.344219 -0.008581 0.106127
v 0.344219 -0.008581 0.106127
v 0.382240 0.031199 0.122844
v 0.377826 0.023441 0.212870
v 0.280214 -0.009068 0.170061
v 0.433635 0.077977 0.193414
v 0.435539 0.077976 0.174130
v 0.474834 -0.013120 0.165567
v 0.472984 -0.011781 0.184933
v 0.421532 -0.059911 0.114402
v 0.474834 -0.013120 0.165567
v 0.435539 0.077976 0.174130
v 0.382240 0.031199 0.122844
v 0.382240 0.031199 0.122844
v 0.435539 0.077976 0.174130
v 0.433635 0.077977 0.193414
v 0.377826 0.023441 0.212870
v 0.377826 0.023441 0.212870
v 0.433635 0.077977 0.193414
v 0.472984 -0.011781 0.184933
v 0.417179 -0.066304 0.204268
v 0.192242 -0.262985 0.149167
v 0.276304 -0.359273 0.194432
v 0.318919 -0.339044 0.110895
v 0.267500 -0.299428 0.102137
v 0.219548 -0.124587 0.038376
v 0.247022 -0.175286 0.175295
v 0.192242 -0.262985 0.149167
v 0.173403 -0.220394 0.046532
v 0.173403 -0.220394 0.046532
v 0.192242 -0.262985 0.149167
v 0.267500 -0.299428 0.102137
v 0.258593 -0.264503 0.047418
v 0.258593 -0.264503 0.047418
v 0.267500 -0.299428 0.102137
v 0.324428 -0.212187 0.124554
v 0.307909 -0.170615 0.037060
v 0.318919 -0.339044 0.110895
v 0.354740 -0.412082 0.177456
v 0.412976 -0.337375 0.226226
v 0.377764 -0.264024 0.158473
v 0.267500 -0.299428 0.102137
v 0.318919 -0.339044 0.110895
v 0.377764 -0.264024 0.158473
v 0.324428 -0.212187 0.124554
v 0.324428 -0.212187 0.124554
v 0.377764 -0.264024 0.158473
v 0.335121 -0.286539 0.245667
v 0.247022 -0.175286 0.175295
v 0.247022 -0.175286 0.175295
v 0.335121 -0.286539 0.245667
v 0.276304 -0.359273 0.194432
v 0.192242 -0.262985 0.149167
v 0.377764 -0.264024 0.158473
v 0.412976 -0.337375 0.226226
v 0.403086 -0.343082 0.249286
v 0.335121 -0.286539 0.245667
v 0.335121 -0.286539 0.245667
v 0.403086 -0.343082 0.249286
v 0.343660 -0.416129 0.199244
v 0.276304 -0.359273 0.194432
v 0.276304 -0.359273 0.194432
v 0.343660 -0.416129 0.199244
v 0.354740 -0.412082 0.177456
v 0.318919 -0.339044 0.110895
v 0.173081 -0.359160 0.109235
v 0.143606 -0.381064 0.195114
v 0.140756 -0.368813 0.207708
v 0.154500 -0.298000 0.172286
v 0.151333 -0.201881 0.071515
v 0.154500 -0.298000 0.172286
v 0.065417 -0.295833 0.142601
v 0.066839 -0.237176 0.050617
v 0.066839 -0.237176 0.050617
v 0.065417 -0.295833 0.142601
v 0.085032 -0.356775 0.079289
v 0.102780 -0.319490 0.044324
v 0.102780 -0.319490 0.044324
v 0.085032 -0.356775 0.079289
v 0.173081 -0.359160 0.109235
v 0.186265 -0.284379 0.065590
v 0.140756 -0.368813 0.207708
v 0.143606 -0.381064 0.195114
v 0.055535 -0.378609 0.165242
v 0.051696 -0.366717 0.177949
v 0.154500 -0.298000 0.172286
v 0.140756 -0.368813 0.207708
v 0.051696 -0.366717 0.177949
v 0.065417 -0.295833 0.142601
v 0.065417 -0.295833 0.142601
v 0.051696 -0.366717 0.177949
v 0.055535 -0.378609 0.165242
v 0.085032 -0.356775 0.079289
v 0.085032 -0.356775 0.079289
v 0.055535 -0.378609 0.165242
v 0.143606 -0.381064 0.195114
v 0.173081 -0.359160 0.109235
v 0.010793 -0.439024 0.112987
v -0.006159 -0.500383 0.128930
v -0.017646 -0.497918 0.222813
v 0.024689 -0.366580 0.172239
v -0.095119 -0.289577 0.077342
v -0.071872 -0.349598 0.170271
v -0.088079 -0.420134 0.112997
v -0.098820 -0.381737 0.080674
v -0.098820 -0.381737 0.080674
v -0.088079 -0.420134 0.112997
v 0.010793 -0.439024 0.112987
v 0.001820 -0.382917 0.078990
v 0.001820 -0.382917 0.078990
v 0.010793 -0.439024 0.112987
v 0.024689 -0.366580 0.172239
v 0.002931 -0.288348 0.076274
v -0.097882 -0.443225 0.209129
v -0.129244 -0.491103 0.202682
v -0.128929 -0.490275 0.174716
v -0.089204 -0.444707 0.117255
v 0.024689 -0.366580 0.172239
v -0.017646 -0.497918 0.222813
v -0.097882 -0.443225 0.209129
v -0.071872 -0.349598 0.170271
v -0.071872 -0.349598 0.170271
v -0.097882 -0.443225 0.209129
v -0.089204 -0.444707 0.117255
v -0.088079 -0.420134 0.112997
v -0.088079 -0.420134 0.112997
v -0.089204 -0.444707 0.117255
v -0.006159 -0.500383 0.128930
v 0.010793 -0.439024 0.112987
v -0.048899 -0.545826 0.215538
v -0.045993 -0.545921 0.187219
v -0.128929 -0.490275 0.174716
v -0.129244 -0.491103 0.202682
v -0.089204 -0.444707 0.117255
v -0.128929 -0.490275 0.174716
v -0.045993 -0.545921 0.187219
v -0.006159 -0.500383 0.128930
v -0.006159 -0.500383 0.128930
v -0.045993 -0.545921 0.187219
v -0.048899 -0.545826 0.215538
v -0.017646 -0.497918 0.222813
v -0.017646 -0.497918 0.222813
v -0.048899 -0.545826 0.215538
v -0.129244 -0.491103 0.202682
v -0.097882 -0.443225 0.209129
v -0.154565 -0.338548 0.138762
v -0.168976 -0.368237 0.141829
v -0.160858 -0.379588 0.230528
v -0.138479 -0.282489 0.207033
v -0.131796 -0.302841 0.075014
v -0.154565 -0.338548 0.138762
v -0.138479 -0.282489 0.207033
v -0.105012 -0.218463 0.090019
v -0.105012 -0.218463 0.090019
v -0.138479 -0.282489 0.207033
v -0.225474 -0.248565 0.199673
v -0.192980 -0.188472 0.078394
v -0.192980 -0.188472 0.078394
v -0.225474 -0.248565 0.199673
v -0.234681 -0.308075 0.134459
v -0.212309 -0.274311 0.066682
v -0.250999 -0.356723 0.241704
v -0.263120 -0.404649 0.237035
v -0.257370 -0.405158 0.214166
v -0.251953 -0.349518 0.153238
v -0.138479 -0.282489 0.207033
v -0.160858 -0.379588 0.230528
v -0.250999 -0.356723 0.241704
v -0.225474 -0.248565 0.199673
v -0.225474 -0.248565 0.199673
v -0.250999 -0.356723 0.241704
v -0.251953 -0.349518 0.153238
v -0.234681 -0.308075 0.134459
v -0.234681 -0.308075 0.134459
v -0.251953 -0.349518 0.153238
v -0.168976 -0.368237 0.141829
v -0.154565 -0.338548 0.138762
v -0.173034 -0.427451 0.225326
v -0.174338 -0.423940 0.203290
v -0.257370 -0.405158 0.214166
v -0.263120 -0.404649 0.237035
v -0.251953 -0.349518 0.153238
v -0.257370 -0.405158 0.214166
v -0.174338 -0.423940 0.203290
v -0.168976 -0.368237 0.141829
v -0.168976 -0.368237 0.141829
v -0.174338 -0.423940 0.203290
v -0.173034 -0.427451 0.225326
v -0.160858 -0.379588 0.230528
v -0.160858 -0.379588 0.230528
v -0.173034 -0.427451 0.225326
v -0.263120 -0.404649 0.237035
v -0.250999 -0.356723 0.241704
v -0.270323 -0.246616 0.139888
v -0.341157 -0.265749 0.168182
v -0.373015 -0.175141 0.150899
v -0.301982 -0.155840 0.123117
v -0.175357 -0.206536 0.017162
v -0.270323 -0.246616 0.139888
v -0.301982 -0.155840 0.123117
v -0.228082 -0.124844 0.025557
v -0.228082 -0.124844 0.025557
v -0.301982 -0.155840 0.123117
v -0.335010 -0.185634 0.036023
v -0.309261 -0.179075 0.019826
v -0.309261 -0.179075 0.019826
v -0.335010 -0.185634 0.036023
v -0.303603 -0.276157 0.054545
v -0.255241 -0.260011 0.012403
v -0.341157 -0.265749 0.168182
v -0.349706 -0.274285 0.146544
v -0.380914 -0.183593 0.128534
v -0.373015 -0.175141 0.150899
v -0.301982 -0.155840 0.123117
v -0.373015 -0.175141 0.150899
v -0.380914 -0.183593 0.128534
v -0.335010 -0.185634 0.036023
v -0.335010 -0.185634 0.036023
v -0.380914 -0.183593 0.128534
v -0.349706 -0.274285 0.146544
v -0.303603 -0.276157 0.054545
v -0.303603 -0.276157 0.054545
v -0.349706 -0.274285 0.146544
v -0.341157 -0.265749 0.168182
v -0.270323 -0.246616 0.139888
v -0.341070 -0.132622 0.113039
v -0.408928 -0.171278 0.198021
v -0.405918 -0.172512 0.215158
v -0.321230 -0.133196 0.206179
v -0.237331 0.001925 0.126490
v -0.361492 -0.041311 0.214879
v -0.382040 -0.045774 0.120774
v -0.330383 -0.018792 0.111993
v -0.330383 -0.018792 0.111993
v -0.382040 -0.045774 0.120774
v -0.341070 -0.132622 0.113039
v -0.309886 -0.111073 0.093418
v -0.309886 -0.111073 0.093418
v -0.341070 -0.132622 0.113039
v -0.321230 -0.133196 0.206179
v -0.217347 -0.095282 0.109427
v -0.405918 -0.172512 0.215158
v -0.408928 -0.171278 0.198021
v -0.449798 -0.084426 0.206210
v -0.446281 -0.080630 0.223404
v -0.321230 -0.133196 0.206179
v -0.405918 -0.172512 0.215158
v -0.446281 -0.080630 0.223404
v -0.361492 -0.041311 0.214879
v -0.361492 -0.041311 0.214879
v -0.446281 -0.080630 0.223404
v -0.449798 -0.084426 0.206210
v -0.382040 -0.045774 0.120774
v -0.382040 -0.045774 0.120774
v -0.449798 -0.084426 0.206210
v -0.408928 -0.171278 0.198021
v -0.341070 -0.132622 0.113039
v -0.077684 -0.508355 0.182654
v -0.108583 -0.581949 0.218202
v -0.059660 -0.521476 0.185342
v -0.111452 -0.550095 0.205335
v -0.095708 -0.495234 0.179966
v -0.144631 -0.555707 0.212826
v 0.221203 0.355779 -0.071262
v 0.218516 0.375636 -0.058195
v 0.195373 0.370448 -0.055072
v 0.198061 0.350591 -0.068139
v 0.271569 0.367070 -0.078059
v 0.268881 0.386926 -0.064993
v 0.245739 0.381738 -0.061869
v 0.248427 0.361882 -0.074936
v 0.284111 0.231543 0.122187
v 0.282603 0.251304 0.135584
v 0.258850 0.251411 0.132750
v 0.260358 0.231650 0.119354
v 0.335806 0.231308 0.128354
v 0.334297 0.251069 0.141751
v 0.310544 0.251177 0.138917
v 0.312053 0.231416 0.125521
v 0.401916 0.007478 0.125853
v 0.419831 0.014244 0.140189
v 0.410143 0.036040 0.142009
v 0.392228 0.029274 0.127673
v 0.423002 -0.039957 0.121892
v 0.440916 -0.033191 0.136228
v 0.431228 -0.011395 0.138048
v 0.413313 -0.018161 0.123712
v 0.360819 -0.305998 0.145133
v 0.366932 -0.323986 0.159670
v 0.380617 -0.309051 0.172395
v 0.374504 -0.291063 0.157857
v 0.331035 -0.338502 0.117440
v 0.337149 -0.356489 0.131978
v 0.350834 -0.341554 0.144702
v 0.344720 -0.323567 0.130165
v 0.139422 -0.362902 0.107308
v 0.133524 -0.369129 0.129639
v 0.156680 -0.369590 0.135626
v 0.162578 -0.363363 0.113294
v 0.089027 -0.361899 0.094278
v 0.083130 -0.368126 0.116610
v 0.106286 -0.368587 0.122597
v 0.112183 -0.362360 0.100265
v -0.039840 -0.489350 0.130500
v -0.049511 -0.502960 0.147631
v -0.028754 -0.514589 0.150110
v -0.019083 -0.500979 0.132979
v -0.085015 -0.464041 0.125104
v -0.094686 -0.477651 0.142235
v -0.073929 -0.489280 0.144714
v -0.064257 -0.475670 0.127583
v -0.196428 -0.368803 0.148775
v -0.196948 -0.384420 0.166888
v -0.173922 -0.389645 0.163045
v -0.173402 -0.374028 0.144931
v -0.246539 -0.357433 0.157139
v -0.247059 -0.373049 0.175253
v -0.224033 -0.378274 0.171410
v -0.223514 -0.362657 0.153296
v -0.322411 -0.245414 0.058604
v -0.335178 -0.245595 0.078833
v -0.326818 -0.267425 0.083914
v -0.314052 -0.267244 0.063685
v -0.340605 -0.197905 0.047546
v -0.353372 -0.198086 0.067776
v -0.345012 -0.219916 0.072856
v -0.332245 -0.219735 0.052627
v -0.363880 -0.106687 0.119388
v -0.375515 -0.112496 0.139466
v -0.366248 -0.134527 0.138461
v -0.354613 -0.128717 0.118383
v -0.384048 -0.058740 0.121575
v -0.395683 -0.064550 0.141653
v -0.386416 -0.086581 0.140648
v -0.374781 -0.080771 0.120570
v -0.396278 0.072048 0.142043
v -0.419126 0.077982 0.145916
v -0.425287 0.054887 0.144952
v -0.402439 0.048954 0.141079
v -0.382870 0.122310 0.144141
v -0.405719 0.128243 0.148014
v -0.411879 0.105149 0.147050
v -0.389031 0.099215 0.143177
v -0.212725 0.394277 0.120516
v -0.204578 0.410515 0.136079
v -0.226621 0.419568 0.138172
v -0.234768 0.403330 0.122609
v -0.164751 0.374575 0.115960
v -0.156604 0.390813 0.131523
v -0.178648 0.399866 0.133617
v -0.186794 0.383628 0.118053
v -0.184935 0.430141 0.184250
v -0.180843 0.509853 0.219798
v -0.206342 0.436367 0.186938
v -0.167335 0.480864 0.206931
v -0.163528 0.423915 0.181562
v -0.138029 0.497401 0.214422
vt 0.791006088 0.712261021
vt 0.791006088 0.819268048
vt 0.898013175 0.819268048
vt 0.791006088 0.712261021
vt 0.898013175 0.712261021
vt 0.161045641 0.692574739
vt 0.161045641 0.799581766
vt 0.268052697 0.799581766
vt 0.161045641 0.692574739
vt 0.268052697 0.692574739
vt 0.161045641 0.692574739
vt 0.161045641 0.799581766
vt 0.268052697 0.799581766
vt 0.268052697 0.799581766
vt 0.268052697 0.692574739
vt 0.161045641 0.692574739
vt 0.161045641 0.799581766
vt 0.268052697 0.799581766
vt 0.161045641 0.692574739
vt 0.268052697 0.692574739
vt 0.161045641 0.692574739
vt 0.161045641 0.799581766
vt 0.268052697 0.799581766
vt 0.161045641 0.692574739
vt 0.268052697 0.692574739
vt 0.161045641 0.692574739
vt 0.161045641 0.799581766
vt 0.268052697 0.799581766
vt 0.161045641 0.692574739
vt 0.268052697 0.799581766
vt 0.268052697 0.692574739
vt 0.161045641 0.692574739
vt 0.268052697 0.799581766
vt 0.161045641 0.799581766
vt 0.161045641 0.692574739
vt 0.161045641 0.799581766
vt 0.268052697 0.799581766
vt 0.161045641 0.692574739
vt 0.268052697 0.692574739
vt 0.161045641 0.692574739
vt 0.161045641 0.799581766
vt 0.268052697 0.799581766
vt 0.161045641 0.692574739
vt 0.268052697 0.692574739
vt 0.161045641 0.692574739
vt 0.161045641 0.799581766
vt 0.268052697 0.799581766
vt 0.161045641 0.692574739
vt 0.268052697 0.692574739
vt 0.161045641 0.692574739
vt 0.161045641 0.799581766
vt 0.268052697 0.799581766
vt 0.161045641 0.692574739
vt 0.268052697 0.692574739
vt 0.161045641 0.692574739
vt 0.161045641 0.799581766
vt 0.268052697 0.799581766
vt 0.161045641 0.692574739
vt 0.268052697 0.692574739
vt 0.161045641 0.692574739
vt 0.161045641 0.799581766
vt 0.268052697 0.799581766
vt 0.161045641 0.692574739
vt 0.268052697 0.692574739
vt 0.161045641 0.692574739
vt 0.161045641 0.799581766
vt 0.268052697 0.799581766
vt 0.161045641 0.692574739
vt 0.268052697 0.692574739
vt 0.161045641 0.692574739
vt 0.268052697 0.799581766
vt 0.161045641 0.799581766
vt 0.161045641 0.692574739
vt 0.161045641 0.799581766
vt 0.268052697 0.799581766
vt 0.161045641 0.692574739
vt 0.268052697 0.692574739
vt 0.161045641 0.692574739
vt 0.268052697 0.799581766
vt 0.161045641 0.799581766
vt 0.161045641 0.692574739
vt 0.161045641 0.799581766
vt 0.268052697 0.799581766
vt 0.161045641 0.692574739
vt 0.268052697 0.692574739
vt 0.161045641 0.692574739
vt 0.161045641 0.799581766
vt 0.268052697 0.799581766
vt 0.161045641 0.692574739
vt 0.268052697 0.692574739
vt 0.161045641 0.692574739
vt 0.161045641 0.799581766
vt 0.268052697 0.799581766
vt 0.161045641 0.692574739
vt 0.268052697 0.692574739
vt 0.161045641 0.692574739
vt 0.161045641 0.799581766
vt 0.268052697 0.799581766
vt 0.161045641 0.692574739
vt 0.268052697 0.692574739
vt 0.161045641 0.692574739
vt 0.161045641 0.799581766
vt 0.268052697 0.799581766
vt 0.268052697 0.799581766
vt 0.268052697 0.692574739
vt 0.161045641 0.692574739
vt 0.161045641 0.799581766
vt 0.268052697 0.799581766
vt 0.161045641 0.692574739
vt 0.268052697 0.692574739
vt 0.161045641 0.692574739
vt 0.161045641 0.799581766
vt 0.268052697 0.799581766
vt 0.161045641 0.692574739
vt 0.268052697 0.692574739
vt 0.161045641 0.692574739
vt 0.161045641 0.799581766
vt 0.268052697 0.799581766
vt 0.161045641 0.692574739
vt 0.268052697 0.692574739
vt 0.161045641 0.692574739
vt 0.161045641 0.799581766
vt 0.268052697 0.799581766
vt 0.268052697 0.799581766
vt 0.268052697 0.692574739
vt 0.161045641 0.692574739
vt 0.161045641 0.799581766
vt 0.268052697 0.799581766
vt 0.161045641 0.692574739
vt 0.268052697 0.692574739
vt 0.161045641 0.692574739
vt 0.161045641 0.799581766
vt 0.268052697 0.799581766
vt 0.161045641 0.692574739
vt 0.268052697 0.692574739
vt 0.161045641 0.692574739
vt 0.268052697 0.799581766
vt 0.161045641 0.799581766
vt 0.161045641 0.692574739
vt 0.161045641 0.799581766
vt 0.268052697 0.799581766
vt 0.161045641 0.692574739
vt 0.268052697 0.692574739
vt 0.161045641 0.692574739
vt 0.161045641 0.799581766
vt 0.268052697 0.799581766
vt 0.161045641 0.692574739
vt 0.268052697 0.692574739
vt 0.161045641 0.692574739
vt 0.268052697 0.799581766
vt 0.161045641 0.799581766
vt 0.161045641 0.692574739
vt 0.161045641 0.799581766
vt 0.268052697 0.799581766
vt 0.268052697 0.799581766
vt 0.268052697 0.692574739
vt 0.161045641 0.692574739
vt 0.161045641 0.799581766
vt 0.268052697 0.799581766
vt 0.268052697 0.799581766
vt 0.268052697 0.692574739
vt 0.161045641 0.692574739
vt 0.161045641 0.799581766
vt 0.268052697 0.799581766
vt 0.268052697 0.692574739
vt 0.161045641 0.692574739
vt 0.161045641 0.799581766
vt 0.268052697 0.799581766
vt 0.268052697 0.692574739
vt 0.161045641 0.692574739
vt 0.161045641 0.799581766
vt 0.268052697 0.799581766
vt 0.268052697 0.692574739
vt 0.161045641 0.692574739
vt 0.268052697 0.799581766
vt 0.161045641 0.799581766
vt 0.791006088 0.712261021
vt 0.791006088 0.819268048
vt 0.898013175 0.819268048
vt 0.898013175 0.712261021
vt 0.161045641 0.692574739
vt 0.161045641 0.799581766
vt 0.268052697 0.799581766
vt 0.268052697 0.692574739
vt 0.161045641 0.692574739
vt 0.161045641 0.799581766
vt 0.268052697 0.799581766
vt 0.268052697 0.692574739
vt 0.161045641 0.692574739
vt 0.161045641 0.799581766
vt 0.268052697 0.799581766
vt 0.268052697 0.692574739
vt 0.161045641 0.692574739
vt 0.161045641 0.799581766
vt 0.268052697 0.799581766
vt 0.268052697 0.692574739
vt 0.161045641 0.692574739
vt 0.161045641 0.799581766
vt 0.268052697 0.799581766
vt 0.268052697 0.692574739
vt 0.633515954 0.682731628
vt 0.633515954 0.789738655
vt 0.74052304 0.789738655
vt 0.74052304 0.682731628
vt 0.161045641 0.692574739
vt 0.161045641 0.799581766
vt 0.268052697 0.799581766
vt 0.268052697 0.692574739
vt 0.161045641 0.692574739
vt 0.161045641 0.799581766
vt 0.268052697 0.799581766
vt 0.268052697 0.692574739
vt 0.791006088 0.712261021
vt 0.791006088 0.819268048
vt 0.898013175 0.819268048
vt 0.898013175 0.712261021
vt 0.161045641 0.692574739
vt 0.161045641 0.799581766
vt 0.268052697 0.799581766
vt 0.268052697 0.692574739
vt 0.161045641 0.692574739
vt 0.161045641 0.799581766
vt 0.268052697 0.799581766
vt 0.268052697 0.692574739
vt 0.161045641 0.692574739
vt 0.161045641 0.799581766
vt 0.268052697 0.799581766
vt 0.268052697 0.692574739
vt 0.161045641 0.692574739
vt 0.161045641 0.799581766
vt 0.268052697 0.799581766
vt 0.268052697 0.692574739
vt 0.161045641 0.692574739
vt 0.161045641 0.799581766
vt 0.268052697 0.799581766
vt 0.268052697 0.692574739
vt 0.161045641 0.692574739
vt 0.161045641 0.799581766
vt 0.268052697 0.799581766
vt 0.268052697 0.692574739
vt 0.161045641 0.692574739
vt 0.161045641 0.799581766
vt 0.268052697 0.799581766
vt 0.268052697 0.692574739
vt 0.161045641 0.692574739
vt 0.161045641 0.799581766
vt 0.268052697 0.799581766
vt 0.268052697 0.692574739
vt 0.161045641 0.692574739
vt 0.161045641 0.799581766
vt 0.268052697 0.799581766
vt 0.268052697 0.692574739
vt 0.161045641 0.692574739
vt 0.161045641 0.799581766
vt 0.268052697 0.799581766
vt 0.268052697 0.692574739
vt 0.161045641 0.692574739
vt 0.161045641 0.799581766
vt 0.268052697 0.799581766
vt 0.268052697 0.692574739
vt 0.791006088 0.712261021
vt 0.791006088 0.819268048
vt 0.898013175 0.819268048
vt 0.898013175 0.712261021
vt 0.161045641 0.692574739
vt 0.161045641 0.799581766
vt 0.268052697 0.799581766
vt 0.268052697 0.692574739
vt 0.161045641 0.692574739
vt 0.161045641 0.799581766
vt 0.268052697 0.799581766
vt 0.268052697 0.692574739
vt 0.161045641 0.692574739
vt 0.161045641 0.799581766
vt 0.268052697 0.799581766
vt 0.268052697 0.692574739
vt 0.161045641 0.692574739
vt 0.161045641 0.799581766
vt 0.268052697 0.799581766
vt 0.268052697 0.692574739
vt 0.161045641 0.692574739
vt 0.161045641 0.799581766
vt 0.268052697 0.799581766
vt 0.268052697 0.692574739
vt 0.161045641 0.692574739
vt 0.161045641 0.799581766
vt 0.268052697 0.799581766
vt 0.268052697 0.692574739
vt 0.161045641 0.692574739
vt 0.161045641 0.799581766
vt 0.268052697 0.799581766
vt 0.268052697 0.692574739
vt 0.161045641 0.692574739
vt 0.161045641 0.799581766
vt 0.268052697 0.799581766
vt 0.268052697 0.692574739
vt 0.633515954 0.682731628
vt 0.633515954 0.789738655
vt 0.74052304 0.789738655
vt 0.74052304 0.682731628
vt 0.161045641 0.692574739
vt 0.161045641 0.799581766
vt 0.268052697 0.799581766
vt 0.268052697 0.692574739
vt 0.161045641 0.692574739
vt 0.161045641 0.799581766
vt 0.268052697 0.799581766
vt 0.268052697 0.692574739
vt 0.161045641 0.692574739
vt 0.161045641 0.799581766
vt 0.268052697 0.799581766
vt 0.268052697 0.692574739
vt 0.161045641 0.692574739
vt 0.161045641 0.799581766
vt 0.268052697 0.799581766
vt 0.268052697 0.692574739
vt 0.791006088 0.712261021
vt 0.791006088 0.819268048
vt 0.898013175 0.819268048
vt 0.898013175 0.712261021
vt 0.161045641 0.692574739
vt 0.161045641 0.799581766
vt 0.268052697 0.799581766
vt 0.268052697 0.692574739
vt 0.161045641 0.692574739
vt 0.161045641 0.799581766
vt 0.268052697 0.799581766
vt 0.268052697 0.692574739
vt 0.161045641 0.692574739
vt 0.161045641 0.799581766
vt 0.268052697 0.799581766
vt 0.268052697 0.692574739
vt 0.161045641 0.692574739
vt 0.161045641 0.799581766
vt 0.268052697 0.799581766
vt 0.268052697 0.692574739
vt 0.161045641 0.692574739
vt 0.161045641 0.799581766
vt 0.268052697 0.799581766
vt 0.268052697 0.692574739
vt 0.161045641 0.692574739
vt 0.161045641 0.799581766
vt 0.268052697 0.799581766
vt 0.268052697 0.692574739
vt 0.161045641 0.692574739
vt 0.161045641 0.799581766
vt 0.268052697 0.799581766
vt 0.268052697 0.692574739
vt 0.161045641 0.692574739
vt 0.161045641 0.799581766
vt 0.268052697 0.799581766
vt 0.268052697 0.692574739
vt 0.643359125 0.672888458
vt 0.643359125 0.779895484
vt 0.750366211 0.779895484
vt 0.750366211 0.672888458
vt 0.161045641 0.692574739
vt 0.161045641 0.799581766
vt 0.268052697 0.799581766
vt 0.268052697 0.692574739
vt 0.161045641 0.692574739
vt 0.161045641 0.799581766
vt 0.268052697 0.799581766
vt 0.268052697 0.692574739
vt 0.161045641 0.692574739
vt 0.161045641 0.799581766
vt 0.268052697 0.799581766
vt 0.268052697 0.692574739
vt 0.791006088 0.712261021
vt 0.791006088 0.819268048
vt 0.898013175 0.819268048
vt 0.898013175 0.712261021
vt 0.161045641 0.692574739
vt 0.161045641 0.799581766
vt 0.268052697 0.799581766
vt 0.268052697 0.692574739
vt 0.161045641 0.692574739
vt 0.161045641 0.799581766
vt 0.268052697 0.799581766
vt 0.268052697 0.692574739
vt 0.161045641 0.692574739
vt 0.161045641 0.799581766
vt 0.268052697 0.799581766
vt 0.268052697 0.692574739
vt 0.161045641 0.692574739
vt 0.161045641 0.799581766
vt 0.268052697 0.799581766
vt 0.268052697 0.692574739
vt 0.161045641 0.692574739
vt 0.161045641 0.799581766
vt 0.268052697 0.799581766
vt 0.268052697 0.692574739
vt 0.161045641 0.692574739
vt 0.161045641 0.799581766
vt 0.268052697 0.799581766
vt 0.268052697 0.692574739
vt 0.643359125 0.672888458
vt 0.643359125 0.779895484
vt 0.750366211 0.779895484
vt 0.750366211 0.672888458
vt 0.161045641 0.692574739
vt 0.161045641 0.799581766
vt 0.268052697 0.799581766
vt 0.268052697 0.692574739
vt 0.791006088 0.712261021
vt 0.791006088 0.819268048
vt 0.898013175 0.819268048
vt 0.898013175 0.712261021
vt 0.161045641 0.692574739
vt 0.161045641 0.799581766
vt 0.268052697 0.799581766
vt 0.268052697 0.692574739
vt 0.161045641 0.692574739
vt 0.161045641 0.799581766
vt 0.268052697 0.799581766
vt 0.268052697 0.692574739
vt 0.643359125 0.672888458
vt 0.643359125 0.779895484
vt 0.750366211 0.779895484
vt 0.750366211 0.672888458
vt 0.161045641 0.692574739
vt 0.161045641 0.799581766
vt 0.268052697 0.799581766
vt 0.268052697 0.692574739
vt 0.643359125 0.672888458
vt 0.643359125 0.779895484
vt 0.750366211 0.779895484
vt 0.750366211 0.672888458
vt 0.161045641 0.692574739
vt 0.161045641 0.799581766
vt 0.268052697 0.799581766
vt 0.268052697 0.692574739
vt 0.161045641 0.692574739
vt 0.161045641 0.799581766
vt 0.268052697 0.799581766
vt 0.268052697 0.692574739
vt 0.161045641 0.692574739
vt 0.161045641 0.799581766
vt 0.268052697 0.799581766
vt 0.268052697 0.692574739
vt 0.791006088 0.712261021
vt 0.791006088 0.819268048
vt 0.898013175 0.819268048
vt 0.898013175 0.712261021
vt 0.161045641 0.692574739
vt 0.161045641 0.799581766
vt 0.268052697 0.799581766
vt 0.268052697 0.692574739
vt 0.161045641 0.692574739
vt 0.161045641 0.799581766
vt 0.268052697 0.799581766
vt 0.268052697 0.692574739
vt 0.161045641 0.692574739
vt 0.161045641 0.799581766
vt 0.268052697 0.799581766
vt 0.268052697 0.692574739
vt 0.161045641 0.692574739
vt 0.161045641 0.799581766
vt 0.268052697 0.799581766
vt 0.268052697 0.692574739
vt 0.161045641 0.692574739
vt 0.161045641 0.799581766
vt 0.268052697 0.799581766
vt 0.268052697 0.692574739
vt 0.161045641 0.692574739
vt 0.161045641 0.799581766
vt 0.268052697 0.799581766
vt 0.268052697 0.692574739
vt 0.161045641 0.692574739
vt 0.161045641 0.799581766
vt 0.268052697 0.799581766
vt 0.268052697 0.692574739
vt 0.682731628 0.653202236
vt 0.682731628 0.760209262
vt 0.789738715 0.760209262
vt 0.789738715 0.653202236
vt 0.161045641 0.692574739
vt 0.161045641 0.799581766
vt 0.268052697 0.799581766
vt 0.268052697 0.692574739
vt 0.161045641 0.692574739
vt 0.161045641 0.799581766
vt 0.268052697 0.799581766
vt 0.268052697 0.692574739
vt 0.161045641 0.692574739
vt 0.161045641 0.799581766
vt 0.268052697 0.799581766
vt 0.268052697 0.692574739
vt 0.791006088 0.712261021
vt 0.791006088 0.819268048
vt 0.898013175 0.819268048
vt 0.898013175 0.712261021
vt 0.161045641 0.692574739
vt 0.161045641 0.799581766
vt 0.268052697 0.799581766
vt 0.268052697 0.692574739
vt 0.161045641 0.692574739
vt 0.161045641 0.799581766
vt 0.268052697 0.799581766
vt 0.268052697 0.692574739
vt 0.161045641 0.692574739
vt 0.161045641 0.799581766
vt 0.268052697 0.799581766
vt 0.268052697 0.692574739
vt 0.161045641 0.692574739
vt 0.161045641 0.799581766
vt 0.268052697 0.799581766
vt 0.268052697 0.692574739
vt 0.161045641 0.692574739
vt 0.161045641 0.799581766
vt 0.268052697 0.799581766
vt 0.268052697 0.692574739
vt 0.161045641 0.692574739
vt 0.161045641 0.799581766
vt 0.268052697 0.799581766
vt 0.268052697 0.692574739
vt 0.161045641 0.692574739
vt 0.161045641 0.799581766
vt 0.268052697 0.799581766
vt 0.268052697 0.692574739
vt 0.682731628 0.653202236
vt 0.682731628 0.760209262
vt 0.789738715 0.760209262
vt 0.789738715 0.653202236
vt 0.161045641 0.692574739
vt 0.161045641 0.799581766
vt 0.268052697 0.799581766
vt 0.268052697 0.692574739
vt 0.161045641 0.692574739
vt 0.161045641 0.799581766
vt 0.268052697 0.799581766
vt 0.268052697 0.692574739
vt 0.161045641 0.692574739
vt 0.161045641 0.799581766
vt 0.268052697 0.799581766
vt 0.268052697 0.692574739
vt 0.161045641 0.692574739
vt 0.161045641 0.799581766
vt 0.268052697 0.799581766
vt 0.268052697 0.692574739
vt 0.791006088 0.712261021
vt 0.791006088 0.819268048
vt 0.898013175 0.819268048
vt 0.898013175 0.712261021
vt 0.161045641 0.692574739
vt 0.161045641 0.799581766
vt 0.268052697 0.799581766
vt 0.268052697 0.692574739
vt 0.161045641 0.692574739
vt 0.161045641 0.799581766
vt 0.268052697 0.799581766
vt 0.268052697 0.692574739
vt 0.161045641 0.692574739
vt 0.161045641 0.799581766
vt 0.268052697 0.799581766
vt 0.268052697 0.692574739
vt 0.682731628 0.653202236
vt 0.682731628 0.760209262
vt 0.789738715 0.760209262
vt 0.789738715 0.653202236
vt 0.161045641 0.692574739
vt 0.161045641 0.799581766
vt 0.268052697 0.799581766
vt 0.268052697 0.692574739
vt 0.161045641 0.692574739
vt 0.161045641 0.799581766
vt 0.268052697 0.799581766
vt 0.268052697 0.692574739
vt 0.682731628 0.653202236
vt 0.682731628 0.760209262
vt 0.789738715 0.760209262
vt 0.789738715 0.653202236
vt 0.161045641 0.692574739
vt 0.161045641 0.799581766
vt 0.268052697 0.799581766
vt 0.268052697 0.692574739
vt 0.161045641 0.692574739
vt 0.161045641 0.799581766
vt 0.268052697 0.799581766
vt 0.268052697 0.692574739
vt 0.791006088 0.712261021
vt 0.791006088 0.819268048
vt 0.898013175 0.819268048
vt 0.898013175 0.712261021
vt 0.161045641 0.692574739
vt 0.161045641 0.799581766
vt 0.268052697 0.799581766
vt 0.268052697 0.692574739
vt 0.682731628 0.653202236
vt 0.682731628 0.760209262
vt 0.789738715 0.760209262
vt 0.789738715 0.653202236
vt 0.682731628 0.653202236
vt 0.682731628 0.760209262
vt 0.789738715 0.760209262
vt 0.789738715 0.653202236
vt 0.161045641 0.692574739
vt 0.161045641 0.799581766
vt 0.268052697 0.799581766
vt 0.268052697 0.692574739
vt 0.161045641 0.692574739
vt 0.161045641 0.799581766
vt 0.268052697 0.799581766
vt 0.268052697 0.692574739
vt 0.161045641 0.692574739
vt 0.161045641 0.799581766
vt 0.268052697 0.799581766
vt 0.268052697 0.692574739
vt 0.161045641 0.692574739
vt 0.161045641 0.799581766
vt 0.268052697 0.799581766
vt 0.268052697 0.692574739
vt 0.161045641 0.692574739
vt 0.161045641 0.799581766
vt 0.268052697 0.799581766
vt 0.268052697 0.692574739
vt 0.791006088 0.712261021
vt 0.791006088 0.819268048
vt 0.898013175 0.819268048
vt 0.898013175 0.712261021
vt 0.161045641 0.692574739
vt 0.161045641 0.799581766
vt 0.268052697 0.799581766
vt 0.268052697 0.692574739
vt 0.161045641 0.692574739
vt 0.161045641 0.799581766
vt 0.268052697 0.799581766
vt 0.268052697 0.692574739
vt 0.161045641 0.692574739
vt 0.268052697 0.799581766
vt 0.161045641 0.799581766
vt 0.161045641 0.692574739
vt 0.161045641 0.799581766
vt 0.268052697 0.799581766
vt 0.268052697 0.692574739
vt 0.161045641 0.692574739
vt 0.161045641 0.799581766
vt 0.268052697 0.799581766
vt 0.268052697 0.692574739
vt 0.161045641 0.692574739
vt 0.161045641 0.799581766
vt 0.268052697 0.799581766
vt 0.268052697 0.692574739
vt 0.682731628 0.653202236
vt 0.682731628 0.760209262
vt 0.789738715 0.760209262
vt 0.789738715 0.653202236
vt 0.791006088 0.712261021
vt 0.791006088 0.819268048
vt 0.898013175 0.819268048
vt 0.898013175 0.712261021
vt 0.161045641 0.692574739
vt 0.161045641 0.799581766
vt 0.268052697 0.799581766
vt 0.268052697 0.692574739
vt 0.791006088 0.712261021
vt 0.791006088 0.819268048
vt 0.898013175 0.819268048
vt 0.898013175 0.712261021
vt 0.161045641 0.692574739
vt 0.161045641 0.799581766
vt 0.268052697 0.799581766
vt 0.268052697 0.692574739
vt 0.682731628 0.653202236
vt 0.682731628 0.760209262
vt 0.789738715 0.760209262
vt 0.789738715 0.653202236
vt 0.161045641 0.692574739
vt 0.161045641 0.799581766
vt 0.268052697 0.799581766
vt 0.268052697 0.692574739
vt 0.161045641 0.692574739
vt 0.161045641 0.799581766
vt 0.268052697 0.799581766
vt 0.268052697 0.692574739
vt 0.161045641 0.692574739
vt 0.161045641 0.799581766
vt 0.268052697 0.799581766
vt 0.268052697 0.692574739
vt 0.682731628 0.653202236
vt 0.682731628 0.760209262
vt 0.789738715 0.760209262
vt 0.789738715 0.653202236
vt 0.161045641 0.692574739
vt 0.161045641 0.799581766
vt 0.268052697 0.799581766
vt 0.268052697 0.692574739
vt 0.161045641 0.692574739
vt 0.161045641 0.799581766
vt 0.268052697 0.799581766
vt 0.268052697 0.692574739
vt 0.161045641 0.692574739
vt 0.161045641 0.799581766
vt 0.268052697 0.799581766
vt 0.268052697 0.692574739
vt 0.161045641 0.692574739
vt 0.161045641 0.799581766
vt 0.268052697 0.799581766
vt 0.268052697 0.692574739
vt 0.161045641 0.692574739
vt 0.161045641 0.799581766
vt 0.268052697 0.799581766
vt 0.268052697 0.692574739
vt 0.161045641 0.692574739
vt 0.161045641 0.799581766
vt 0.268052697 0.799581766
vt 0.268052697 0.692574739
vt 0.161045641 0.692574739
vt 0.161045641 0.799581766
vt 0.268052697 0.799581766
vt 0.268052697 0.692574739
vt 0.161045641 0.692574739
vt 0.161045641 0.799581766
vt 0.268052697 0.799581766
vt 0.268052697 0.692574739
vt 0.161045641 0.692574739
vt 0.161045641 0.799581766
vt 0.268052697 0.799581766
vt 0.268052697 0.692574739
vt 0.161045641 0.692574739
vt 0.161045641 0.799581766
vt 0.268052697 0.799581766
vt 0.268052697 0.692574739
vt 0.633515954 0.682731628
vt 0.633515954 0.789738655
vt 0.74052304 0.789738655
vt 0.74052304 0.682731628
vt 0.161045641 0.692574739
vt 0.161045641 0.799581766
vt 0.268052697 0.799581766
vt 0.268052697 0.692574739
vt 0.161045641 0.692574739
vt 0.161045641 0.799581766
vt 0.268052697 0.799581766
vt 0.268052697 0.692574739
vt 0.633515954 0.682731628
vt 0.633515954 0.789738655
vt 0.74052304 0.789738655
vt 0.74052304 0.682731628
vt 0.161045641 0.692574739
vt 0.161045641 0.799581766
vt 0.268052697 0.799581766
vt 0.268052697 0.692574739
vt 0.161045641 0.692574739
vt 0.161045641 0.799581766
vt 0.268052697 0.799581766
vt 0.268052697 0.692574739
vt 0.161045641 0.692574739
vt 0.161045641 0.799581766
vt 0.268052697 0.799581766
vt 0.268052697 0.692574739
vt 0.161045641 0.692574739
vt 0.161045641 0.799581766
vt 0.268052697 0.799581766
vt 0.268052697 0.692574739
vt 0.161045641 0.692574739
vt 0.161045641 0.799581766
vt 0.268052697 0.799581766
vt 0.268052697 0.692574739
vt 0.161045641 0.692574739
vt 0.161045641 0.799581766
vt 0.268052697 0.799581766
vt 0.268052697 0.692574739
vt 0.161045641 0.692574739
vt 0.161045641 0.799581766
vt 0.268052697 0.799581766
vt 0.268052697 0.692574739
vt 0.633515954 0.682731628
vt 0.633515954 0.789738655
vt 0.74052304 0.789738655
vt 0.74052304 0.682731628
vt 0.161045641 0.692574739
vt 0.161045641 0.799581766
vt 0.268052697 0.799581766
vt 0.268052697 0.692574739
vt 0.161045641 0.692574739
vt 0.161045641 0.799581766
vt 0.268052697 0.799581766
vt 0.268052697 0.692574739
vt 0.161045641 0.692574739
vt 0.161045641 0.799581766
vt 0.268052697 0.799581766
vt 0.268052697 0.692574739
vt 0.682731628 0.653202236
vt 0.682731628 0.760209262
vt 0.789738715 0.760209262
vt 0.789738715 0.653202236
vt 0.161045641 0.692574739
vt 0.161045641 0.799581766
vt 0.268052697 0.799581766
vt 0.268052697 0.692574739
vt 0.682731628 0.653202236
vt 0.682731628 0.760209262
vt 0.789738715 0.760209262
vt 0.789738715 0.653202236
vt 0.161045641 0.692574739
vt 0.161045641 0.799581766
vt 0.268052697 0.799581766
vt 0.268052697 0.692574739
vt 0.161045641 0.692574739
vt 0.161045641 0.799581766
vt 0.268052697 0.799581766
vt 0.268052697 0.692574739
vt 0.161045641 0.692574739
vt 0.161045641 0.799581766
vt 0.268052697 0.799581766
vt 0.268052697 0.692574739
vt 0.682731628 0.653202236
vt 0.682731628 0.760209262
vt 0.789738715 0.760209262
vt 0.789738715 0.653202236
vt 0.161045641 0.692574739
vt 0.161045641 0.799581766
vt 0.268052697 0.799581766
vt 0.268052697 0.692574739
vt 0.161045641 0.692574739
vt 0.161045641 0.799581766
vt 0.268052697 0.799581766
vt 0.268052697 0.692574739
vt 0.633515954 0.682731628
vt 0.633515954 0.789738655
vt 0.74052304 0.789738655
vt 0.74052304 0.682731628
vt 0.161045641 0.692574739
vt 0.161045641 0.799581766
vt 0.268052697 0.799581766
vt 0.268052697 0.692574739
vt 0.633515954 0.682731628
vt 0.633515954 0.789738655
vt 0.74052304 0.789738655
vt 0.74052304 0.682731628
vt 0.161045641 0.692574739
vt 0.161045641 0.799581766
vt 0.268052697 0.799581766
vt 0.268052697 0.692574739
vt 0.161045641 0.692574739
vt 0.161045641 0.799581766
vt 0.268052697 0.799581766
vt 0.268052697 0.692574739
vt 0.161045641 0.692574739
vt 0.161045641 0.799581766
vt 0.268052697 0.799581766
vt 0.268052697 0.692574739
vt 0.161045641 0.692574739
vt 0.161045641 0.799581766
vt 0.268052697 0.799581766
vt 0.268052697 0.692574739
vt 0.161045641 0.692574739
vt 0.161045641 0.799581766
vt 0.268052697 0.799581766
vt 0.268052697 0.692574739
vt 0.161045641 0.692574739
vt 0.161045641 0.799581766
vt 0.268052697 0.799581766
vt 0.268052697 0.692574739
vt 0.161045641 0.692574739
vt 0.161045641 0.799581766
vt 0.268052697 0.799581766
vt 0.268052697 0.692574739
vt 0.161045641 0.692574739
vt 0.161045641 0.799581766
vt 0.268052697 0.799581766
vt 0.268052697 0.692574739
vt 0.633515954 0.682731628
vt 0.633515954 0.789738655
vt 0.74052304 0.789738655
vt 0.74052304 0.682731628
vt 0.161045641 0.692574739
vt 0.161045641 0.799581766
vt 0.268052697 0.799581766
vt 0.268052697 0.692574739
vt 0.643359125 0.672888458
vt 0.643359125 0.779895484
vt 0.750366211 0.779895484
vt 0.750366211 0.672888458
vt 0.161045641 0.692574739
vt 0.161045641 0.799581766
vt 0.268052697 0.799581766
vt 0.268052697 0.692574739
vt 0.161045641 0.692574739
vt 0.161045641 0.799581766
vt 0.268052697 0.799581766
vt 0.268052697 0.692574739
vt 0.161045641 0.692574739
vt 0.161045641 0.799581766
vt 0.268052697 0.799581766
vt 0.268052697 0.692574739
vt 0.161045641 0.692574739
vt 0.161045641 0.799581766
vt 0.268052697 0.799581766
vt 0.268052697 0.692574739
vt 0.161045641 0.692574739
vt 0.161045641 0.799581766
vt 0.268052697 0.799581766
vt 0.268052697 0.692574739
vt 0.643359125 0.672888458
vt 0.643359125 0.779895484
vt 0.750366211 0.779895484
vt 0.750366211 0.672888458
vt 0.161045641 0.692574739
vt 0.161045641 0.799581766
vt 0.268052697 0.799581766
vt 0.268052697 0.692574739
vt 0.643359125 0.672888458
vt 0.643359125 0.779895484
vt 0.750366211 0.779895484
vt 0.750366211 0.672888458
vt 0.161045641 0.692574739
vt 0.161045641 0.799581766
vt 0.268052697 0.799581766
vt 0.268052697 0.692574739
vt 0.161045641 0.692574739
vt 0.161045641 0.799581766
vt 0.268052697 0.799581766
vt 0.268052697 0.692574739
vt 0.643359125 0.672888458
vt 0.643359125 0.779895484
vt 0.750366211 0.779895484
vt 0.750366211 0.672888458
vt 0.161045641 0.692574739
vt 0.161045641 0.799581766
vt 0.268052697 0.799581766
vt 0.268052697 0.692574739
vt 0.161045641 0.692574739
vt 0.161045641 0.799581766
vt 0.268052697 0.799581766
vt 0.268052697 0.692574739
vt 0.161045641 0.692574739
vt 0.161045641 0.799581766
vt 0.268052697 0.799581766
vt 0.268052697 0.692574739
vt 0.643359125 0.672888458
vt 0.643359125 0.779895484
vt 0.750366211 0.779895484
vt 0.750366211 0.672888458
vt 0.161045641 0.692574739
vt 0.161045641 0.799581766
vt 0.268052697 0.799581766
vt 0.268052697 0.692574739
vt 0.161045641 0.692574739
vt 0.161045641 0.799581766
vt 0.268052697 0.799581766
vt 0.268052697 0.692574739
vt 0.161045641 0.692574739
vt 0.161045641 0.799581766
vt 0.268052697 0.799581766
vt 0.268052697 0.692574739
vt 0.161045641 0.692574739
vt 0.161045641 0.799581766
vt 0.268052697 0.799581766
vt 0.268052697 0.692574739
vt 0.161045641 0.692574739
vt 0.161045641 0.799581766
vt 0.268052697 0.799581766
vt 0.268052697 0.692574739
vt 0.161045641 0.692574739
vt 0.161045641 0.799581766
vt 0.268052697 0.799581766
vt 0.268052697 0.692574739
vt 0.161045641 0.692574739
vt 0.161045641 0.799581766
vt 0.268052697 0.799581766
vt 0.268052697 0.692574739
vt 0.643359125 0.672888458
vt 0.643359125 0.779895484
vt 0.750366211 0.779895484
vt 0.750366211 0.672888458
vt 0.161045641 0.692574739
vt 0.161045641 0.799581766
vt 0.268052697 0.799581766
vt 0.268052697 0.692574739
vt 0.161045641 0.692574739
vt 0.161045641 0.799581766
vt 0.268052697 0.799581766
vt 0.268052697 0.692574739
vt 0.161045641 0.692574739
vt 0.161045641 0.799581766
vt 0.268052697 0.799581766
vt 0.268052697 0.692574739
vt 0.161045641 0.692574739
vt 0.161045641 0.799581766
vt 0.268052697 0.799581766
vt 0.268052697 0.692574739
vt 0.161045641 0.692574739
vt 0.161045641 0.799581766
vt 0.268052697 0.799581766
vt 0.268052697 0.692574739
vt 0.643359125 0.672888458
vt 0.643359125 0.779895484
vt 0.750366211 0.779895484
vt 0.750366211 0.672888458
vt 0.161045641 0.692574739
vt 0.161045641 0.799581766
vt 0.268052697 0.799581766
vt 0.268052697 0.692574739
vt 0.161045641 0.692574739
vt 0.161045641 0.799581766
vt 0.268052697 0.799581766
vt 0.268052697 0.692574739
vt 0.682731628 0.653202236
vt 0.682731628 0.760209262
vt 0.789738715 0.760209262
vt 0.789738715 0.653202236
vt 0.161045641 0.692574739
vt 0.161045641 0.799581766
vt 0.268052697 0.799581766
vt 0.268052697 0.692574739
vt 0.161045641 0.692574739
vt 0.161045641 0.799581766
vt 0.268052697 0.799581766
vt 0.268052697 0.692574739
vt 0.682731628 0.653202236
vt 0.682731628 0.760209262
vt 0.789738715 0.760209262
vt 0.789738715 0.653202236
vt 0.161045641 0.692574739
vt 0.161045641 0.799581766
vt 0.268052697 0.799581766
vt 0.268052697 0.692574739
vt 0.161045641 0.692574739
vt 0.161045641 0.799581766
vt 0.268052697 0.799581766
vt 0.268052697 0.692574739
vt 0.161045641 0.692574739
vt 0.161045641 0.799581766
vt 0.268052697 0.799581766
vt 0.268052697 0.692574739
vt 0.161045641 0.692574739
vt 0.161045641 0.799581766
vt 0.268052697 0.799581766
vt 0.268052697 0.692574739
vt 0.161045641 0.692574739
vt 0.161045641 0.799581766
vt 0.268052697 0.799581766
vt 0.268052697 0.692574739
vt 0.682731628 0.653202236
vt 0.682731628 0.760209262
vt 0.789738715 0.760209262
vt 0.789738715 0.653202236
vt 0.682731628 0.653202236
vt 0.682731628 0.760209262
vt 0.789738715 0.760209262
vt 0.789738715 0.653202236
vt 0.682731628 0.653202236
vt 0.682731628 0.760209262
vt 0.789738715 0.760209262
vt 0.789738715 0.653202236
vt 0.161045641 0.692574739
vt 0.161045641 0.799581766
vt 0.268052697 0.799581766
vt 0.268052697 0.692574739
vt 0.161045641 0.692574739
vt 0.161045641 0.799581766
vt 0.268052697 0.799581766
vt 0.268052697 0.692574739
vt 0.161045641 0.692574739
vt 0.161045641 0.799581766
vt 0.268052697 0.799581766
vt 0.268052697 0.692574739
vt 0.161045641 0.692574739
vt 0.161045641 0.799581766
vt 0.268052697 0.799581766
vt 0.268052697 0.692574739
vt 0.161045641 0.692574739
vt 0.161045641 0.799581766
vt 0.268052697 0.799581766
vt 0.268052697 0.692574739
vt 0.161045641 0.692574739
vt 0.161045641 0.799581766
vt 0.268052697 0.799581766
vt 0.268052697 0.692574739
vt 0.161045641 0.692574739
vt 0.161045641 0.799581766
vt 0.268052697 0.799581766
vt 0.268052697 0.692574739
vt 0.161045641 0.692574739
vt 0.161045641 0.799581766
vt 0.268052697 0.799581766
vt 0.268052697 0.692574739
vt 0.161045641 0.692574739
vt 0.161045641 0.799581766
vt 0.268052697 0.799581766
vt 0.268052697 0.692574739
vt 0.161045641 0.692574739
vt 0.161045641 0.799581766
vt 0.268052697 0.799581766
vt 0.268052697 0.692574739
vt 0.161045641 0.692574739
vt 0.161045641 0.799581766
vt 0.268052697 0.799581766
vt 0.268052697 0.692574739
vt 0.682731628 0.653202236
vt 0.682731628 0.760209262
vt 0.789738715 0.760209262
vt 0.789738715 0.653202236
vt 0.161045641 0.692574739
vt 0.161045641 0.799581766
vt 0.268052697 0.799581766
vt 0.268052697 0.692574739
vt 0.161045641 0.692574739
vt 0.161045641 0.799581766
vt 0.268052697 0.799581766
vt 0.268052697 0.692574739
vt 0.199050054 0.288320422
vt 0.268146455 0.269945323
vt 0.199050054 0.269945383
vt 0.246742949 0.288320422
vt 0.199050054 0.306695461
vt 0.268146455 0.306695521
vt 0.731733024 0.269619823
vt 0.751307786 0.269619703
vt 0.751307786 0.250045061
vt 0.731733024 0.250045061
vt 0.751325727 0.269619703
vt 0.770900548 0.269619703
vt 0.770900488 0.250045061
vt 0.751325727 0.250045061
vt 0.731733024 0.269619823
vt 0.751307786 0.269619703
vt 0.751307786 0.250045061
vt 0.731733024 0.250045061
vt 0.751325727 0.269619703
vt 0.770900548 0.269619703
vt 0.770900488 0.250045061
vt 0.751325727 0.250045061
vt 0.731733024 0.269619823
vt 0.751307786 0.269619703
vt 0.751307786 0.250045061
vt 0.731733024 0.250045061
vt 0.751325727 0.269619703
vt 0.770900548 0.269619703
vt 0.770900488 0.250045061
vt 0.751325727 0.250045061
vt 0.731733024 0.269619823
vt 0.751307786 0.269619703
vt 0.751307786 0.250045061
vt 0.731733024 0.250045061
vt 0.751325727 0.269619703
vt 0.770900548 0.269619703
vt 0.770900488 0.250045061
vt 0.751325727 0.250045061
vt 0.731733024 0.269619823
vt 0.751307786 0.269619703
vt 0.751307786 0.250045061
vt 0.731733024 0.250045061
vt 0.751325727 0.269619703
vt 0.770900548 0.269619703
vt 0.770900488 0.250045061
vt 0.751325727 0.250045061
vt 0.731733024 0.269619823
vt 0.751307786 0.269619703
vt 0.751307786 0.250045061
vt 0.731733024 0.250045061
vt 0.751325727 0.269619703
vt 0.770900548 0.269619703
vt 0.770900488 0.250045061
vt 0.751325727 0.250045061
vt 0.731733024 0.269619823
vt 0.751307786 0.269619703
vt 0.751307786 0.250045061
vt 0.731733024 0.250045061
vt 0.751325727 0.269619703
vt 0.770900548 0.269619703
vt 0.770900488 0.250045061
vt 0.751325727 0.250045061
vt 0.731733024 0.269619823
vt 0.751307786 0.269619703
vt 0.751307786 0.250045061
vt 0.731733024 0.250045061
vt 0.751325727 0.269619703
vt 0.770900548 0.269619703
vt 0.770900488 0.250045061
vt 0.751325727 0.250045061
vt 0.731733024 0.269619823
vt 0.751307786 0.269619703
vt 0.751307786 0.250045061
vt 0.731733024 0.250045061
vt 0.751325727 0.269619703
vt 0.770900548 0.269619703
vt 0.770900488 0.250045061
vt 0.751325727 0.250045061
vt 0.731733024 0.269619823
vt 0.751307786 0.269619703
vt 0.751307786 0.250045061
vt 0.731733024 0.250045061
vt 0.751325727 0.269619703
vt 0.770900548 0.269619703
vt 0.770900488 0.250045061
vt 0.751325727 0.250045061
vt 0.731733024 0.269619823
vt 0.751307786 0.269619703
vt 0.751307786 0.250045061
vt 0.731733024 0.250045061
vt 0.751325727 0.269619703
vt 0.770900548 0.269619703
vt 0.770900488 0.250045061
vt 0.751325727 0.250045061
vt 0.199050054 0.288320422
vt 0.268146455 0.269945323
vt 0.199050054 0.269945383
vt 0.246742949 0.288320422
vt 0.199050054 0.306695461
vt 0.268146455 0.306695521
vn 0.208693 -0.966674 0.148286
vn 0.147532 -0.881898 0.447761
vn 0.147532 -0.881898 0.447761
vn 0.208693 -0.966674 0.148286
vn 0.217340 -0.948168 0.231822
vn 0.027730 0.022556 -0.999361
vn 0.209905 0.058690 -0.975959
vn 0.209905 0.058690 -0.975959
vn 0.027730 0.022556 -0.999361
vn 0.027730 0.022556 -0.999361
vn 0.962308 0.207988 -0.175225
vn 0.973249 0.167060 -0.157726
vn 0.973249 0.167060 -0.157726
vn 0.973249 0.167060 -0.157726
vn 0.962308 0.207988 -0.175225
vn -0.207521 0.978134 0.013718
vn -0.226817 0.973869 0.011565
vn -0.177804 0.949693 -0.257817
vn -0.207521 0.978134 0.013718
vn -0.182911 0.969072 -0.165656
vn 0.043142 0.998410 0.036290
vn 0.043430 0.998824 0.021535
vn 0.081051 0.995440 0.050293
vn 0.043142 0.998410 0.036290
vn 0.081051 0.995440 0.050293
vn 0.043142 0.998410 0.036290
vn 0.005162 0.999740 0.022227
vn 0.024576 0.999673 0.007133
vn 0.043142 0.998410 0.036290
vn 0.024576 0.999673 0.007133
vn 0.043430 0.998824 0.021535
vn 0.024576 0.999673 0.007133
vn 0.043976 0.999001 -0.007965
vn 0.043976 0.999001 -0.007965
vn -0.925988 -0.376402 -0.029453
vn -0.933476 -0.292557 -0.207442
vn -0.933476 -0.292557 -0.207442
vn -0.925988 -0.376402 -0.029453
vn -0.926329 -0.372671 -0.055058
vn -0.003468 0.003604 -0.999987
vn 0.055740 -0.124970 -0.990593
vn 0.055740 -0.124970 -0.990593
vn -0.003468 0.003604 -0.999987
vn -0.003468 0.003604 -0.999987
vn -0.925988 -0.376402 -0.029453
vn -0.926329 -0.372671 -0.055058
vn -0.926129 -0.377206 0.000000
vn -0.925988 -0.376402 -0.029453
vn -0.924850 -0.380176 0.010870
vn -0.997173 0.007238 -0.074785
vn -0.999264 0.027483 -0.026771
vn -0.999264 0.027483 -0.026771
vn -0.997173 0.007238 -0.074785
vn -0.990024 0.042811 -0.134241
vn 0.999276 0.023572 -0.029867
vn 0.996085 0.017607 0.086627
vn 0.999163 0.010896 -0.039422
vn 0.999276 0.023572 -0.029867
vn 0.999163 0.010896 -0.039422
vn -0.025405 -0.023850 -0.999393
vn -0.007425 -0.140406 -0.990066
vn -0.007425 -0.140406 -0.990066
vn -0.025405 -0.023850 -0.999393
vn -0.025405 -0.023850 -0.999393
vn 0.999276 0.023572 -0.029867
vn 0.999137 0.036242 -0.020305
vn 0.988455 0.020905 0.150063
vn 0.999276 0.023572 -0.029867
vn 0.996085 0.017607 0.086627
vn 0.988455 0.020905 0.150063
vn 0.999154 -0.001099 0.041107
vn 0.999154 -0.001099 0.041107
vn -0.997173 0.007238 -0.074785
vn -0.990024 0.042811 -0.134241
vn -0.996114 0.056192 0.067815
vn -0.997173 0.007238 -0.074785
vn -0.998460 -0.003186 0.055379
vn -0.997126 -0.062552 0.042740
vn -0.997173 0.007238 -0.074785
vn -0.997126 -0.062552 0.042740
vn -0.949073 0.307404 -0.069013
vn -0.958392 0.251873 -0.134332
vn -0.958392 0.251873 -0.134332
vn -0.949073 0.307404 -0.069013
vn -0.954161 0.290467 -0.072153
vn -0.949073 0.307404 -0.069013
vn -0.954161 0.290467 -0.072153
vn -0.940218 0.339936 -0.020826
vn -0.949073 0.307404 -0.069013
vn -0.939321 0.340489 -0.041763
vn -0.561801 0.826494 0.035876
vn -0.535492 0.844211 -0.023597
vn -0.535492 0.844211 -0.023597
vn -0.561801 0.826494 0.035876
vn -0.554668 0.830461 0.051752
vn -0.561801 0.826494 0.035876
vn -0.554668 0.830461 0.051752
vn -0.546251 0.837597 -0.006372
vn -0.561801 0.826494 0.035876
vn -0.560975 0.827832 -0.001113
vn -0.948338 -0.131333 -0.288804
vn -0.974236 -0.152619 -0.166046
vn -0.974236 -0.152619 -0.166046
vn -0.974236 -0.152619 -0.166046
vn -0.948338 -0.131333 -0.288804
vn -0.169585 0.984841 0.036462
vn -0.181700 0.982351 0.044404
vn -0.171625 0.985154 -0.004138
vn -0.169585 0.984841 0.036462
vn -0.158476 0.987329 0.008220
vn 0.209030 0.977353 -0.032970
vn 0.182884 0.956477 -0.227386
vn 0.182884 0.956477 -0.227386
vn 0.209030 0.977353 -0.032970
vn 0.232631 0.971743 -0.039986
vn -0.024695 -0.020319 -0.999489
vn -0.146093 0.004820 -0.989259
vn -0.146093 0.004820 -0.989259
vn -0.024695 -0.020319 -0.999489
vn -0.024695 -0.020319 -0.999489
vn -0.964615 0.207233 -0.163013
vn -0.974634 0.199104 -0.102210
vn -0.974634 0.199104 -0.102210
vn -0.974634 0.199104 -0.102210
vn -0.964615 0.207233 -0.163013
vn -0.163074 -0.986308 0.024557
vn -0.160355 -0.986670 0.027717
vn -0.156076 -0.987401 0.026064
vn -0.163074 -0.986308 0.024557
vn -0.159316 -0.986923 0.024509
vn 0.209030 0.977353 -0.032970
vn 0.232631 0.971743 -0.039986
vn 0.253120 0.965752 -0.057039
vn 0.209030 0.977353 -0.032970
vn 0.207551 0.977486 -0.038009
vn 0.161446 0.986701 -0.018881
vn 0.209030 0.977353 -0.032970
vn 0.161446 0.986701 -0.018881
vn -0.039423 0.004876 -0.999211
vn -0.152083 0.010983 -0.988307
vn -0.152083 0.010983 -0.988307
vn -0.039423 0.004876 -0.999211
vn -0.039423 0.004876 -0.999211
vn 0.135526 0.990723 -0.010026
vn 0.166059 0.986114 -0.001781
vn 0.175573 0.983436 -0.045021
vn 0.135526 0.990723 -0.010026
vn 0.125009 0.991510 -0.035793
vn 0.074106 0.996899 -0.026468
vn 0.135526 0.990723 -0.010026
vn 0.074106 0.996899 -0.026468
vn 0.357026 0.930433 0.082620
vn 0.357026 0.930433 0.082620
vn 0.357026 0.930433 0.082620
vn 0.357026 0.930433 0.082620
vn 0.357026 0.930433 0.082620
vn 0.706500 -0.684029 0.181554
vn 0.706500 -0.684029 0.181554
vn 0.706500 -0.684029 0.181554
vn 0.706500 -0.684029 0.181554
vn 0.706500 -0.684029 0.181554
vn -0.207521 0.978134 0.013718
vn -0.182911 0.969072 -0.165656
vn -0.188143 0.982013 0.015866
vn -0.188143 0.982013 0.015866
vn -0.984377 -0.175220 0.017303
vn -0.984377 -0.175220 0.017303
vn -0.984377 -0.175220 0.017303
vn -0.984377 -0.175220 0.017303
vn 0.187448 -0.982123 -0.017266
vn 0.187448 -0.982123 -0.017266
vn 0.208693 -0.966674 0.148286
vn 0.231470 -0.972815 -0.007178
vn 0.208693 -0.966674 0.148286
vn 0.275000 -0.961440 0.002926
vn 0.217340 -0.948168 0.231822
vn 0.043104 -0.003598 0.999064
vn 0.043104 -0.003598 0.999064
vn 0.043104 -0.003598 0.999064
vn 0.043104 -0.003598 0.999064
vn 0.209905 0.058690 -0.975959
vn 0.384724 0.092768 -0.918358
vn 0.384724 0.092768 -0.918358
vn 0.209905 0.058690 -0.975959
vn -0.102365 -0.185596 -0.977280
vn -0.165842 0.123831 -0.978347
vn -0.165842 0.123831 -0.978347
vn -0.102365 -0.185596 -0.977280
vn -0.177804 0.949693 -0.257817
vn -0.115356 0.853764 -0.507721
vn -0.115356 0.853764 -0.507721
vn -0.182911 0.969072 -0.165656
vn 0.973249 0.167060 -0.157726
vn 0.986448 0.114545 -0.117475
vn 0.986448 0.114545 -0.117475
vn 0.973249 0.167060 -0.157726
vn -0.980615 -0.163694 0.107700
vn -0.986078 -0.131212 0.102143
vn -0.986078 -0.131212 0.102143
vn -0.980615 -0.163694 0.107700
vn -0.015980 -0.999742 -0.016119
vn -0.083333 -0.930818 0.355857
vn -0.083333 -0.930818 0.355857
vn 0.008033 -0.999904 -0.011303
vn -0.992345 0.091207 0.083262
vn -0.992345 0.091207 0.083262
vn -0.992345 0.091207 0.083262
vn -0.992345 0.091207 0.083262
vn -0.063936 -0.997623 -0.025712
vn -0.063936 -0.997623 -0.025712
vn -0.015980 -0.999742 -0.016119
vn -0.008654 -0.999616 -0.026312
vn -0.006669 -0.007675 0.999948
vn -0.006669 -0.007675 0.999948
vn -0.006669 -0.007675 0.999948
vn -0.006669 -0.007675 0.999948
vn 0.024424 -0.044096 -0.998729
vn 0.166159 -0.052789 -0.984685
vn 0.166159 -0.052789 -0.984685
vn 0.024424 -0.044096 -0.998729
vn 0.979803 -0.077477 -0.184343
vn 0.990577 -0.088031 -0.104920
vn 0.990577 -0.088031 -0.104920
vn 0.979803 -0.077477 -0.184343
vn 0.166159 -0.052789 -0.984685
vn 0.304511 -0.060407 -0.950591
vn 0.304511 -0.060407 -0.950591
vn 0.166159 -0.052789 -0.984685
vn -0.015980 -0.999742 -0.016119
vn 0.008033 -0.999904 -0.011303
vn 0.046655 -0.998551 -0.026832
vn -0.008654 -0.999616 -0.026312
vn 0.995125 -0.088515 0.043485
vn 0.991916 -0.096420 0.082503
vn 0.991916 -0.096420 0.082503
vn 0.995125 -0.088515 0.043485
vn 0.990577 -0.088031 -0.104920
vn 0.995125 -0.088515 0.043485
vn 0.995125 -0.088515 0.043485
vn 0.990577 -0.088031 -0.104920
vn -0.991726 0.124510 0.031245
vn -0.993985 0.101842 -0.040277
vn -0.993985 0.101842 -0.040277
vn -0.991726 0.124510 0.031245
vn 0.043479 -0.999032 -0.006693
vn 0.056149 -0.998110 -0.024987
vn 0.056149 -0.998110 -0.024987
vn 0.059541 -0.998181 -0.009471
vn -0.040456 0.999181 -0.000190
vn -0.052566 0.998617 -0.000488
vn -0.032450 0.999473 0.000697
vn -0.032450 0.999473 0.000697
vn -0.999621 -0.027484 -0.001773
vn -0.999621 -0.027484 -0.001773
vn -0.999621 -0.027484 -0.001773
vn -0.999621 -0.027484 -0.001773
vn 0.011326 -0.999935 -0.001135
vn 0.011326 -0.999935 -0.001135
vn 0.043479 -0.999032 -0.006693
vn 0.028517 -0.999593 0.000699
vn 0.013305 0.016201 0.999780
vn 0.013305 0.016201 0.999780
vn 0.013305 0.016201 0.999780
vn 0.013305 0.016201 0.999780
vn -0.021568 -0.017119 -0.999621
vn 0.098814 -0.011942 -0.995034
vn 0.098814 -0.011942 -0.995034
vn -0.021568 -0.017119 -0.999621
vn 0.954585 0.030833 -0.296341
vn 0.985130 0.058114 -0.161684
vn 0.985130 0.058114 -0.161684
vn 0.954585 0.030833 -0.296341
vn -0.040456 0.999181 -0.000190
vn -0.048459 0.998825 -0.001078
vn -0.062617 0.998037 -0.001081
vn -0.052566 0.998617 -0.000488
vn 0.098814 -0.011942 -0.995034
vn 0.217760 -0.006591 -0.975980
vn 0.217760 -0.006591 -0.975980
vn 0.098814 -0.011942 -0.995034
vn 0.043479 -0.999032 -0.006693
vn 0.059541 -0.998181 -0.009471
vn 0.045699 -0.998952 0.002533
vn 0.028517 -0.999593 0.000699
vn 0.980244 0.101501 -0.169764
vn 0.942909 0.116541 -0.311995
vn 0.942909 0.116541 -0.311995
vn 0.980244 0.101501 -0.169764
vn -0.062617 0.998037 -0.001081
vn -0.065717 0.997744 0.013690
vn -0.065717 0.997744 0.013690
vn -0.052566 0.998617 -0.000488
vn 0.985130 0.058114 -0.161684
vn 0.980244 0.101501 -0.169764
vn 0.980244 0.101501 -0.169764
vn 0.985130 0.058114 -0.161684
vn -0.994498 -0.089426 0.054561
vn -0.970275 -0.106050 0.217529
vn -0.970275 -0.106050 0.217529
vn -0.994498 -0.089426 0.054561
vn -0.464807 -0.883520 -0.057855
vn -0.463462 -0.851173 -0.246390
vn -0.463462 -0.851173 -0.246390
vn -0.415263 -0.904864 -0.093693
vn 0.491091 0.870704 -0.026517
vn 0.471320 0.881582 0.025913
vn 0.579312 0.814708 -0.025471
vn 0.579312 0.814708 -0.025471
vn -0.913621 0.405082 0.034712
vn -0.913621 0.405082 0.034712
vn -0.913621 0.405082 0.034712
vn -0.913621 0.405082 0.034712
vn -0.557682 -0.829932 0.014263
vn -0.557682 -0.829932 0.014263
vn -0.464807 -0.883520 -0.057855
vn -0.480810 -0.876817 0.003540
vn 0.009151 -0.002218 0.999956
vn 0.009151 -0.002218 0.999956
vn 0.009151 -0.002218 0.999956
vn 0.009151 -0.002218 0.999956
vn 0.007049 -0.019114 -0.999792
vn 0.098236 -0.070158 -0.992687
vn 0.098236 -0.070158 -0.992687
vn 0.007049 -0.019114 -0.999792
vn 0.877545 -0.375896 -0.297684
vn 0.897480 -0.408062 -0.167374
vn 0.897480 -0.408062 -0.167374
vn 0.877545 -0.375896 -0.297684
vn 0.491091 0.870704 -0.026517
vn 0.397508 0.917193 -0.027274
vn 0.413817 0.908902 0.051506
vn 0.471320 0.881582 0.025913
vn 0.098236 -0.070158 -0.992687
vn 0.188346 -0.120432 -0.974691
vn 0.188346 -0.120432 -0.974691
vn 0.098236 -0.070158 -0.992687
vn -0.464807 -0.883520 -0.057855
vn -0.415263 -0.904864 -0.093693
vn -0.399985 -0.916493 -0.007213
vn -0.480810 -0.876817 0.003540
vn 0.462128 0.866562 0.188438
vn 0.524193 0.787053 0.325222
vn 0.524193 0.787053 0.325222
vn 0.462128 0.866562 0.188438
vn 0.413817 0.908902 0.051506
vn 0.462128 0.866562 0.188438
vn 0.462128 0.866562 0.188438
vn 0.471320 0.881582 0.025913
vn 0.897480 -0.408062 -0.167374
vn 0.868428 -0.447685 -0.213100
vn 0.868428 -0.447685 -0.213100
vn 0.897480 -0.408062 -0.167374
vn -0.906984 0.417988 0.051644
vn -0.882806 0.428366 0.192760
vn -0.882806 0.428366 0.192760
vn -0.906984 0.417988 0.051644
vn 0.916614 0.399712 -0.006998
vn 0.919148 0.392746 0.030297
vn 0.920961 0.389084 -0.021074
vn 0.920961 0.389084 -0.021074
vn -0.359948 0.932933 0.008620
vn -0.359948 0.932933 0.008620
vn -0.359948 0.932933 0.008620
vn -0.359948 0.932933 0.008620
vn -0.923452 -0.383097 0.021738
vn -0.923452 -0.383097 0.021738
vn -0.925988 -0.376402 -0.029453
vn -0.924850 -0.380176 0.010870
vn -0.002628 -0.021546 0.999764
vn -0.002628 -0.021546 0.999764
vn -0.002628 -0.021546 0.999764
vn -0.002628 -0.021546 0.999764
vn 0.364061 -0.895292 -0.256731
vn 0.372392 -0.918610 -0.132213
vn 0.372392 -0.918610 -0.132213
vn 0.364061 -0.895292 -0.256731
vn 0.916614 0.399712 -0.006998
vn 0.911964 0.410208 0.007081
vn 0.917323 0.394187 0.055987
vn 0.919148 0.392746 0.030297
vn 0.055740 -0.124970 -0.990593
vn 0.113827 -0.251030 -0.961263
vn 0.113827 -0.251030 -0.961263
vn 0.055740 -0.124970 -0.990593
vn 0.934078 0.291864 0.205701
vn 0.947959 0.081339 0.307829
vn 0.947959 0.081339 0.307829
vn 0.934078 0.291864 0.205701
vn 0.917323 0.394187 0.055987
vn 0.934078 0.291864 0.205701
vn 0.934078 0.291864 0.205701
vn 0.919148 0.392746 0.030297
vn 0.372392 -0.918610 -0.132213
vn 0.374721 -0.927121 -0.005565
vn 0.374721 -0.927121 -0.005565
vn 0.372392 -0.918610 -0.132213
vn -0.379087 0.924695 0.035096
vn -0.363305 0.871080 0.330498
vn -0.363305 0.871080 0.330498
vn -0.379087 0.924695 0.035096
vn -0.018092 0.999824 0.005062
vn -0.018092 0.999824 0.005062
vn -0.018092 0.999824 0.005062
vn -0.018092 0.999824 0.005062
vn 0.017627 -0.023846 0.999560
vn 0.017627 -0.023846 0.999560
vn 0.017627 -0.023846 0.999560
vn 0.017627 -0.023846 0.999560
vn 0.030575 -0.967681 -0.250316
vn 0.018360 -0.961474 -0.274282
vn 0.018360 -0.961474 -0.274282
vn 0.030575 -0.967681 -0.250316
vn -0.007425 -0.140406 -0.990066
vn 0.010659 -0.254996 -0.966883
vn 0.010659 -0.254996 -0.966883
vn -0.007425 -0.140406 -0.990066
vn 0.017829 0.881729 0.471419
vn 0.064513 0.608831 0.790673
vn 0.064513 0.608831 0.790673
vn 0.017829 0.881729 0.471419
vn 0.018360 -0.961474 -0.274282
vn -0.031295 -0.810681 -0.584651
vn -0.031295 -0.810681 -0.584651
vn 0.018360 -0.961474 -0.274282
vn -0.027760 0.934649 0.354486
vn 0.017829 0.881729 0.471419
vn 0.017829 0.881729 0.471419
vn -0.027760 0.934649 0.354486
vn 0.927371 -0.373427 -0.023137
vn 0.930184 -0.366001 0.028302
vn 0.939116 -0.343595 -0.001867
vn 0.939116 -0.343595 -0.001867
vn 0.379684 0.924966 0.016687
vn 0.379684 0.924966 0.016687
vn 0.379684 0.924966 0.016687
vn 0.379684 0.924966 0.016687
vn -0.938010 0.340893 -0.062682
vn -0.938010 0.340893 -0.062682
vn -0.949073 0.307404 -0.069013
vn -0.939321 0.340489 -0.041763
vn -0.036667 0.011426 0.999262
vn -0.036667 0.011426 0.999262
vn -0.036667 0.011426 0.999262
vn -0.036667 0.011426 0.999262
vn 0.038384 -0.008136 -0.999230
vn -0.047310 -0.165649 -0.985049
vn -0.047310 -0.165649 -0.985049
vn 0.038384 -0.008136 -0.999230
vn -0.377377 -0.899415 -0.220544
vn -0.372528 -0.922421 -0.101792
vn -0.372528 -0.922421 -0.101792
vn -0.377377 -0.899415 -0.220544
vn 0.927371 -0.373427 -0.023137
vn 0.914253 -0.402706 -0.044373
vn 0.925176 -0.377045 0.043435
vn 0.930184 -0.366001 0.028302
vn -0.047310 -0.165649 -0.985049
vn -0.131474 -0.317804 -0.938997
vn -0.131474 -0.317804 -0.938997
vn -0.047310 -0.165649 -0.985049
vn -0.323256 -0.909688 -0.260717
vn -0.201175 -0.569526 -0.796975
vn -0.201175 -0.569526 -0.796975
vn -0.323256 -0.909688 -0.260717
vn 0.925176 -0.377045 0.043435
vn 0.930951 -0.346354 0.115628
vn 0.930951 -0.346354 0.115628
vn 0.930184 -0.366001 0.028302
vn -0.372528 -0.922421 -0.101792
vn -0.323256 -0.909688 -0.260717
vn -0.323256 -0.909688 -0.260717
vn -0.372528 -0.922421 -0.101792
vn 0.373188 0.926270 -0.052486
vn 0.324599 0.916451 0.233992
vn 0.324599 0.916451 0.233992
vn 0.373188 0.926270 -0.052486
vn 0.551055 -0.833855 -0.032010
vn 0.556531 -0.828577 -0.061102
vn 0.542992 -0.839430 -0.022746
vn 0.542992 -0.839430 -0.022746
vn 0.844530 0.534837 -0.026794
vn 0.844530 0.534837 -0.026794
vn 0.844530 0.534837 -0.026794
vn 0.844530 0.534837 -0.026794
vn -0.575508 0.817786 0.004147
vn -0.575508 0.817786 0.004147
vn -0.561801 0.826494 0.035876
vn -0.560975 0.827832 -0.001113
vn -0.020880 -0.010609 0.999726
vn -0.020880 -0.010609 0.999726
vn -0.020880 -0.010609 0.999726
vn -0.020880 -0.010609 0.999726
vn -0.019354 0.015849 -0.999687
vn -0.140180 -0.076718 -0.987149
vn -0.140180 -0.076718 -0.987149
vn -0.019354 0.015849 -0.999687
vn -0.828384 -0.522380 -0.202238
vn -0.826237 -0.527139 -0.198637
vn -0.826237 -0.527139 -0.198637
vn -0.828384 -0.522380 -0.202238
vn 0.551055 -0.833855 -0.032010
vn 0.559017 -0.828129 -0.041268
vn 0.562936 -0.822595 -0.080255
vn 0.556531 -0.828577 -0.061102
vn -0.140180 -0.076718 -0.987149
vn -0.257736 -0.167496 -0.951587
vn -0.257736 -0.167496 -0.951587
vn -0.140180 -0.076718 -0.987149
vn 0.540696 -0.841082 0.015122
vn 0.423039 -0.889401 0.173213
vn 0.423039 -0.889401 0.173213
vn 0.540696 -0.841082 0.015122
vn 0.562936 -0.822595 -0.080255
vn 0.540696 -0.841082 0.015122
vn 0.540696 -0.841082 0.015122
vn 0.556531 -0.828577 -0.061102
vn -0.826237 -0.527139 -0.198637
vn -0.720845 -0.451222 -0.526101
vn -0.720845 -0.451222 -0.526101
vn -0.826237 -0.527139 -0.198637
vn 0.825974 0.529727 0.192759
vn 0.776963 0.460973 0.428756
vn 0.776963 0.460973 0.428756
vn 0.825974 0.529727 0.192759
vn -0.169585 0.984841 0.036462
vn -0.253732 0.961865 0.102152
vn -0.253732 0.961865 0.102152
vn -0.181700 0.982351 0.044404
vn 0.157913 -0.987275 -0.018759
vn 0.166055 -0.985488 -0.035186
vn 0.125154 -0.991884 -0.022425
vn 0.125154 -0.991884 -0.022425
vn 0.991693 0.122203 -0.040133
vn 0.991693 0.122203 -0.040133
vn 0.991693 0.122203 -0.040133
vn 0.991693 0.122203 -0.040133
vn -0.145275 0.989177 0.020575
vn -0.145275 0.989177 0.020575
vn -0.169585 0.984841 0.036462
vn -0.158476 0.987329 0.008220
vn -0.008458 -0.042549 0.999059
vn -0.008458 -0.042549 0.999059
vn -0.008458 -0.042549 0.999059
vn -0.008458 -0.042549 0.999059
vn -0.040147 0.021968 -0.998952
vn -0.138706 0.003080 -0.990329
vn -0.138706 0.003080 -0.990329
vn -0.040147 0.021968 -0.998952
vn 0.157913 -0.987275 -0.018759
vn 0.190498 -0.981572 -0.015073
vn 0.186397 -0.981596 -0.041544
vn 0.166055 -0.985488 -0.035186
vn -0.138706 0.003080 -0.990329
vn -0.235857 -0.015839 -0.971659
vn -0.235857 -0.015839 -0.971659
vn -0.138706 0.003080 -0.990329
vn 0.609153 0.086674 0.788302
vn 0.379072 0.024948 0.925031
vn 0.379072 0.024948 0.925031
vn 0.609153 0.086674 0.788302
vn 0.186397 -0.981596 -0.041544
vn 0.232188 -0.966086 -0.112988
vn 0.232188 -0.966086 -0.112988
vn 0.166055 -0.985488 -0.035186
vn -0.974236 -0.152619 -0.166046
vn -0.984359 -0.171434 -0.040599
vn -0.984359 -0.171434 -0.040599
vn -0.974236 -0.152619 -0.166046
vn 0.986849 0.141669 0.077839
vn 0.986849 0.141669 0.077839
vn 0.986849 0.141669 0.077839
vn 0.986849 0.141669 0.077839
vn -0.163074 -0.986308 0.024557
vn -0.159316 -0.986923 0.024509
vn -0.165790 -0.985929 0.021397
vn -0.165790 -0.985929 0.021397
vn 0.984498 -0.168113 -0.050013
vn 0.984498 -0.168113 -0.050013
vn 0.984498 -0.168113 -0.050013
vn 0.984498 -0.168113 -0.050013
vn 0.007776 0.020106 0.999768
vn 0.007776 0.020106 0.999768
vn 0.007776 0.020106 0.999768
vn 0.007776 0.020106 0.999768
vn -0.146093 0.004820 -0.989259
vn -0.265230 0.029885 -0.963722
vn -0.265230 0.029885 -0.963722
vn -0.146093 0.004820 -0.989259
vn -0.145238 -0.962009 0.231180
vn -0.132369 -0.894082 0.427897
vn -0.132369 -0.894082 0.427897
vn -0.145238 -0.962009 0.231180
vn -0.156076 -0.987401 0.026064
vn -0.145238 -0.962009 0.231180
vn -0.145238 -0.962009 0.231180
vn -0.159316 -0.986923 0.024509
vn -0.974634 0.199104 -0.102210
vn -0.983439 0.180986 0.009578
vn -0.983439 0.180986 0.009578
vn -0.974634 0.199104 -0.102210
vn 0.978801 -0.189746 0.077105
vn 0.982849 -0.184118 0.010398
vn 0.982849 -0.184118 0.010398
vn 0.978801 -0.189746 0.077105
vn 0.135526 0.990723 -0.010026
vn 0.165810 0.985320 0.040638
vn 0.165810 0.985320 0.040638
vn 0.166059 0.986114 -0.001781
vn -0.111309 -0.993580 0.020222
vn -0.106639 -0.994297 -0.001400
vn -0.117207 -0.992909 0.019857
vn -0.117207 -0.992909 0.019857
vn 0.988287 -0.147508 -0.039113
vn 0.988287 -0.147508 -0.039113
vn 0.988287 -0.147508 -0.039113
vn 0.988287 -0.147508 -0.039113
vn 0.002034 -0.009491 0.999953
vn 0.002034 -0.009491 0.999953
vn 0.002034 -0.009491 0.999953
vn 0.002034 -0.009491 0.999953
vn -0.965162 0.096854 -0.243068
vn -0.979625 0.141891 -0.142132
vn -0.979625 0.141891 -0.142132
vn -0.965162 0.096854 -0.243068
vn -0.111309 -0.993580 0.020222
vn -0.105407 -0.994216 0.020586
vn -0.101329 -0.994780 -0.012034
vn -0.106639 -0.994297 -0.001400
vn -0.101329 -0.994780 -0.012034
vn -0.114757 -0.992954 -0.029542
vn -0.114757 -0.992954 -0.029542
vn -0.152083 0.010983 -0.988307
vn -0.262788 0.016949 -0.964705
vn -0.262788 0.016949 -0.964705
vn -0.152083 0.010983 -0.988307
vn 0.165810 0.985320 0.040638
vn 0.193365 0.980856 0.023050
vn 0.193365 0.980856 0.023050
vn 0.165810 0.985320 0.040638
vn -0.979625 0.141891 -0.142132
vn -0.927766 0.219344 -0.301892
vn -0.927766 0.219344 -0.301892
vn -0.979625 0.141891 -0.142132
vn 0.977524 -0.197646 0.073373
vn 0.935629 -0.212590 0.281786
vn 0.935629 -0.212590 0.281786
vn 0.977524 -0.197646 0.073373
vn 0.105883 0.076975 0.991395
vn 0.079329 0.170211 0.982209
vn 0.079329 0.170211 0.982209
vn 0.105883 0.076975 0.991395
vn -0.986078 -0.131212 0.102143
vn -0.979736 -0.168648 0.108052
vn -0.979736 -0.168648 0.108052
vn -0.986078 -0.131212 0.102143
vn 0.131433 -0.016991 0.991179
vn 0.105883 0.076975 0.991395
vn 0.105883 0.076975 0.991395
vn 0.131433 -0.016991 0.991179
vn 0.986448 0.114545 -0.117475
vn 0.979421 0.170953 -0.107286
vn 0.979421 0.170953 -0.107286
vn 0.986448 0.114545 -0.117475
vn 0.098298 0.073635 0.992429
vn 0.081781 0.029831 0.996204
vn 0.081781 0.029831 0.996204
vn 0.098298 0.073635 0.992429
vn 0.982849 -0.184118 0.010398
vn 0.965106 -0.249209 -0.080407
vn 0.965106 -0.249209 -0.080407
vn 0.982849 -0.184118 0.010398
vn 0.182884 0.956477 -0.227386
vn 0.145922 0.894741 -0.422073
vn 0.145922 0.894741 -0.422073
vn 0.182884 0.956477 -0.227386
vn -0.983439 0.180986 0.009578
vn -0.965396 0.245809 0.087109
vn -0.965396 0.245809 0.087109
vn -0.983439 0.180986 0.009578
vn 0.081781 0.029831 0.996204
vn 0.065083 -0.014039 0.997781
vn 0.065083 -0.014039 0.997781
vn 0.081781 0.029831 0.996204
vn 0.965106 -0.249209 -0.080407
vn 0.937986 -0.337039 -0.081164
vn 0.937986 -0.337039 -0.081164
vn 0.965106 -0.249209 -0.080407
vn -0.168116 -0.313104 -0.934721
vn -0.168116 -0.313104 -0.934721
vn -0.168116 -0.313104 -0.934721
vn -0.168116 -0.313104 -0.934721
vn -0.965396 0.245809 0.087109
vn -0.937889 0.334537 0.091922
vn -0.937889 0.334537 0.091922
vn -0.965396 0.245809 0.087109
vn 0.937986 -0.337039 -0.081164
vn 0.933227 -0.354530 -0.058283
vn 0.933227 -0.354530 -0.058283
vn 0.937986 -0.337039 -0.081164
vn 0.177612 0.584843 -0.791462
vn 0.177612 0.584843 -0.791462
vn 0.177612 0.584843 -0.791462
vn 0.177612 0.584843 -0.791462
vn -0.937889 0.334537 0.091922
vn -0.934064 0.350122 0.070278
vn -0.934064 0.350122 0.070278
vn -0.937889 0.334537 0.091922
vn -0.244306 0.968753 -0.042791
vn -0.244306 0.968753 -0.042791
vn -0.244306 0.968753 -0.042791
vn -0.244306 0.968753 -0.042791
vn 0.979421 0.170953 -0.107286
vn 0.963978 0.237842 -0.119073
vn 0.963978 0.237842 -0.119073
vn 0.979421 0.170953 -0.107286
vn -0.165842 0.123831 -0.978347
vn -0.212772 0.420904 -0.881798
vn -0.212772 0.420904 -0.881798
vn -0.165842 0.123831 -0.978347
vn -0.979736 -0.168648 0.108052
vn -0.963977 -0.237842 0.119073
vn -0.963977 -0.237842 0.119073
vn -0.979736 -0.168648 0.108052
vn -0.031450 0.166147 0.985599
vn -0.026489 0.203756 0.978663
vn -0.026489 0.203756 0.978663
vn -0.031450 0.166147 0.985599
vn 0.118490 0.645368 -0.754626
vn 0.118490 0.645368 -0.754626
vn 0.118490 0.645368 -0.754626
vn 0.118490 0.645368 -0.754626
vn -0.993985 0.101842 -0.040277
vn -0.991916 0.096420 -0.082502
vn -0.991916 0.096420 -0.082502
vn -0.993985 0.101842 -0.040277
vn -0.083333 -0.930818 0.355857
vn -0.125134 -0.740053 0.660805
vn -0.125134 -0.740053 0.660805
vn -0.083333 -0.930818 0.355857
vn 0.998590 -0.026297 0.046114
vn 0.997348 0.061740 0.038531
vn 0.997348 0.061740 0.038531
vn 0.998590 -0.026297 0.046114
vn 0.991916 -0.096420 0.082503
vn 0.998590 -0.026297 0.046114
vn 0.998590 -0.026297 0.046114
vn 0.991916 -0.096420 0.082503
vn 0.001841 -0.382036 -0.924146
vn 0.001841 -0.382036 -0.924146
vn 0.001841 -0.382036 -0.924146
vn 0.001841 -0.382036 -0.924146
vn -0.991916 0.096420 -0.082502
vn -0.998590 0.026297 -0.046113
vn -0.998590 0.026297 -0.046113
vn -0.991916 0.096420 -0.082502
vn 0.124588 0.989792 -0.069207
vn 0.124588 0.989792 -0.069207
vn 0.124588 0.989792 -0.069207
vn 0.124588 0.989792 -0.069207
vn 0.111232 0.556419 -0.823423
vn 0.111232 0.556419 -0.823423
vn 0.111232 0.556419 -0.823423
vn 0.111232 0.556419 -0.823423
vn -0.998590 0.026297 -0.046113
vn -0.997348 -0.061740 -0.038530
vn -0.997348 -0.061740 -0.038530
vn -0.998590 0.026297 -0.046113
vn -0.026489 0.203756 0.978663
vn -0.021490 0.241063 0.970272
vn -0.021490 0.241063 0.970272
vn -0.026489 0.203756 0.978663
vn -0.165770 -0.986015 0.017196
vn -0.222140 -0.972182 0.074266
vn -0.222140 -0.972182 0.074266
vn -0.165770 -0.986015 0.017196
vn -0.927766 0.219344 -0.301892
vn -0.583866 0.201386 -0.786476
vn -0.583866 0.201386 -0.786476
vn -0.927766 0.219344 -0.301892
vn -0.114757 -0.992954 -0.029542
vn -0.165770 -0.986015 0.017196
vn -0.165770 -0.986015 0.017196
vn -0.114757 -0.992954 -0.029542
vn 0.935629 -0.212590 0.281786
vn 0.851244 -0.217880 0.477402
vn 0.851244 -0.217880 0.477402
vn 0.935629 -0.212590 0.281786
vn -0.222140 -0.972182 0.074266
vn -0.245131 -0.964354 0.099661
vn -0.245131 -0.964354 0.099661
vn -0.222140 -0.972182 0.074266
vn 0.169139 -0.098908 0.980617
vn -0.154161 -0.025101 0.987727
vn -0.154161 -0.025101 0.987727
vn 0.169139 -0.098908 0.980617
vn 0.193365 0.980856 0.023050
vn 0.223742 0.974625 -0.006759
vn 0.223742 0.974625 -0.006759
vn 0.193365 0.980856 0.023050
vn -0.583866 0.201386 -0.786476
vn -0.215665 0.121038 -0.968937
vn -0.215665 0.121038 -0.968937
vn -0.583866 0.201386 -0.786476
vn -0.859923 0.230856 -0.455234
vn -0.859923 0.230856 -0.455234
vn -0.859923 0.230856 -0.455234
vn -0.859923 0.230856 -0.455234
vn -0.154161 -0.025101 0.987727
vn -0.460500 0.051468 0.886166
vn -0.460500 0.051468 0.886166
vn -0.154161 -0.025101 0.987727
vn 0.223742 0.974625 -0.006759
vn 0.236185 0.971507 -0.019792
vn 0.236185 0.971507 -0.019792
vn 0.223742 0.974625 -0.006759
vn -0.215665 0.121038 -0.968937
vn -0.132166 0.098070 -0.986364
vn -0.132166 0.098070 -0.986364
vn -0.215665 0.121038 -0.968937
vn -0.277113 -0.091501 0.956471
vn 0.009091 -0.027852 0.999571
vn 0.009091 -0.027852 0.999571
vn -0.277113 -0.091501 0.956471
vn -0.065717 0.997744 0.013690
vn -0.241562 0.968778 -0.055831
vn -0.241562 0.968778 -0.055831
vn -0.065717 0.997744 0.013690
vn -0.970275 -0.106050 0.217529
vn -0.919446 -0.119766 0.374533
vn -0.919446 -0.119766 0.374533
vn -0.970275 -0.106050 0.217529
vn 0.056149 -0.998110 -0.024987
vn 0.217647 -0.974437 0.055697
vn 0.217647 -0.974437 0.055697
vn 0.056149 -0.998110 -0.024987
vn 0.542946 -0.836641 0.072401
vn 0.679713 -0.733463 0.004661
vn 0.679713 -0.733463 0.004661
vn 0.542946 -0.836641 0.072401
vn 0.217647 -0.974437 0.055697
vn 0.542946 -0.836641 0.072401
vn 0.542946 -0.836641 0.072401
vn 0.217647 -0.974437 0.055697
vn 0.142793 0.055771 -0.988180
vn 0.337954 0.181465 -0.923503
vn 0.337954 0.181465 -0.923503
vn 0.142793 0.055771 -0.988180
vn -0.241562 0.968778 -0.055831
vn -0.558689 0.826934 -0.063612
vn -0.558689 0.826934 -0.063612
vn -0.241562 0.968778 -0.055831
vn 0.917013 0.391647 0.075496
vn 0.917013 0.391647 0.075496
vn 0.917013 0.391647 0.075496
vn 0.917013 0.391647 0.075496
vn 0.337954 0.181465 -0.923503
vn 0.513491 0.296621 -0.805198
vn 0.513491 0.296621 -0.805198
vn 0.337954 0.181465 -0.923503
vn -0.558689 0.826934 -0.063612
vn -0.682343 0.730926 0.012429
vn -0.682343 0.730926 0.012429
vn -0.558689 0.826934 -0.063612
vn 0.009091 -0.027852 0.999571
vn 0.294496 0.038243 0.954887
vn 0.294496 0.038243 0.954887
vn 0.009091 -0.027852 0.999571
vn -0.528294 -0.767239 -0.363660
vn -0.560792 -0.707115 -0.430698
vn -0.560792 -0.707115 -0.430698
vn -0.528294 -0.767239 -0.363660
vn -0.882806 0.428366 0.192760
vn -0.750144 0.228696 0.620469
vn -0.750144 0.228696 0.620469
vn -0.882806 0.428366 0.192760
vn -0.463462 -0.851173 -0.246390
vn -0.528294 -0.767239 -0.363660
vn -0.528294 -0.767239 -0.363660
vn -0.463462 -0.851173 -0.246390
vn 0.868428 -0.447685 -0.213100
vn 0.806993 -0.447720 -0.385109
vn 0.806993 -0.447720 -0.385109
vn 0.868428 -0.447685 -0.213100
vn 0.617905 -0.061930 -0.783810
vn 0.761084 -0.197568 -0.617834
vn 0.761084 -0.197568 -0.617834
vn 0.617905 -0.061930 -0.783810
vn 0.433669 0.077823 -0.897705
vn 0.617905 -0.061930 -0.783810
vn 0.617905 -0.061930 -0.783810
vn 0.433669 0.077823 -0.897705
vn 0.524193 0.787053 0.325222
vn 0.557178 0.713811 0.424295
vn 0.557178 0.713811 0.424295
vn 0.524193 0.787053 0.325222
vn -0.750144 0.228696 0.620469
vn -0.458124 -0.173623 0.871767
vn -0.458124 -0.173623 0.871767
vn -0.750144 0.228696 0.620469
vn 0.557178 0.713811 0.424295
vn 0.564682 0.693973 0.446694
vn 0.564682 0.693973 0.446694
vn 0.557178 0.713811 0.424295
vn -0.458124 -0.173623 0.871767
vn -0.337260 -0.337102 0.878987
vn -0.337260 -0.337102 0.878987
vn -0.458124 -0.173623 0.871767
vn -0.560792 -0.707115 -0.430698
vn -0.564072 -0.693940 -0.447515
vn -0.564072 -0.693940 -0.447515
vn -0.560792 -0.707115 -0.430698
vn 0.947959 0.081339 0.307829
vn 0.950515 -0.039986 0.308096
vn 0.950515 -0.039986 0.308096
vn 0.947959 0.081339 0.307829
vn -0.363305 0.871080 0.330498
vn -0.296791 0.615462 0.730152
vn -0.296791 0.615462 0.730152
vn -0.363305 0.871080 0.330498
vn -0.933476 -0.292557 -0.207442
vn -0.945385 -0.094394 -0.311987
vn -0.945385 -0.094394 -0.311987
vn -0.933476 -0.292557 -0.207442
vn 0.331734 -0.601402 -0.726820
vn 0.203682 -0.836544 -0.508634
vn 0.203682 -0.836544 -0.508634
vn 0.331734 -0.601402 -0.726820
vn -0.233692 -0.733563 0.638180
vn -0.233692 -0.733563 0.638180
vn -0.233692 -0.733563 0.638180
vn -0.233692 -0.733563 0.638180
vn -0.296791 0.615462 0.730152
vn -0.268952 0.471573 0.839812
vn -0.268952 0.471573 0.839812
vn -0.296791 0.615462 0.730152
vn -0.945385 -0.094394 -0.311987
vn -0.947852 0.026275 -0.317626
vn -0.947852 0.026275 -0.317626
vn -0.945385 -0.094394 -0.311987
vn 0.203682 -0.836544 -0.508634
vn 0.051332 -0.971890 -0.229770
vn 0.051332 -0.971890 -0.229770
vn 0.203682 -0.836544 -0.508634
vn 0.988699 -0.135252 -0.064669
vn 0.902351 -0.416448 0.111062
vn 0.902351 -0.416448 0.111062
vn 0.988699 -0.135252 -0.064669
vn -0.999264 0.027483 -0.026771
vn -0.986172 0.117459 0.116914
vn -0.986172 0.117459 0.116914
vn -0.999264 0.027483 -0.026771
vn -0.031295 -0.810681 -0.584651
vn -0.048144 -0.410813 -0.910448
vn -0.048144 -0.410813 -0.910448
vn -0.031295 -0.810681 -0.584651
vn 0.999154 -0.001099 0.041107
vn 0.988699 -0.135252 -0.064669
vn 0.988699 -0.135252 -0.064669
vn 0.999154 -0.001099 0.041107
vn -0.913541 0.402540 -0.058341
vn -0.810783 0.581835 -0.064023
vn -0.810783 0.581835 -0.064023
vn -0.913541 0.402540 -0.058341
vn 0.064513 0.608831 0.790673
vn -0.060800 0.168749 0.983782
vn -0.060800 0.168749 0.983782
vn 0.064513 0.608831 0.790673
vn -0.986172 0.117459 0.116914
vn -0.913541 0.402540 -0.058341
vn -0.913541 0.402540 -0.058341
vn -0.986172 0.117459 0.116914
vn -0.048144 -0.410813 -0.910448
vn -0.180199 -0.442881 -0.878285
vn -0.180199 -0.442881 -0.878285
vn -0.048144 -0.410813 -0.910448
vn -0.554954 -0.830790 -0.042596
vn -0.469128 -0.784415 -0.405723
vn -0.469128 -0.784415 -0.405723
vn -0.554954 -0.830790 -0.042596
vn -0.180199 -0.442881 -0.878285
vn -0.469128 -0.784415 -0.405723
vn -0.469128 -0.784415 -0.405723
vn -0.180199 -0.442881 -0.878285
vn 0.902351 -0.416448 0.111062
vn 0.818796 -0.563786 0.108250
vn 0.818796 -0.563786 0.108250
vn 0.902351 -0.416448 0.111062
vn -0.060800 0.168749 0.983782
vn -0.178884 -0.023967 0.983578
vn -0.178884 -0.023967 0.983578
vn -0.060800 0.168749 0.983782
vn 0.947684 -0.318702 0.018018
vn 0.962076 -0.257999 -0.088578
vn 0.962076 -0.257999 -0.088578
vn 0.947684 -0.318702 0.018018
vn 0.930951 -0.346354 0.115628
vn 0.947684 -0.318702 0.018018
vn 0.947684 -0.318702 0.018018
vn 0.930951 -0.346354 0.115628
vn 0.324599 0.916451 0.233992
vn 0.192404 0.594625 0.780642
vn 0.192404 0.594625 0.780642
vn 0.324599 0.916451 0.233992
vn -0.958392 0.251873 -0.134332
vn -0.960373 0.265072 -0.086143
vn -0.960373 0.265072 -0.086143
vn -0.958392 0.251873 -0.134332
vn -0.977791 0.207411 -0.030080
vn -0.988251 0.149100 -0.033599
vn -0.988251 0.149100 -0.033599
vn -0.977791 0.207411 -0.030080
vn 0.192404 0.594625 0.780642
vn 0.103950 0.078318 0.991494
vn 0.103950 0.078318 0.991494
vn 0.192404 0.594625 0.780642
vn -0.960373 0.265072 -0.086143
vn -0.977791 0.207411 -0.030080
vn -0.977791 0.207411 -0.030080
vn -0.960373 0.265072 -0.086143
vn -0.201175 -0.569526 -0.796975
vn -0.189782 -0.495068 -0.847874
vn -0.189782 -0.495068 -0.847874
vn -0.201175 -0.569526 -0.796975
vn -0.243567 -0.965821 -0.088681
vn -0.259268 -0.880680 -0.396463
vn -0.259268 -0.880680 -0.396463
vn -0.243567 -0.965821 -0.088681
vn -0.189782 -0.495068 -0.847874
vn -0.259268 -0.880680 -0.396463
vn -0.259268 -0.880680 -0.396463
vn -0.189782 -0.495068 -0.847874
vn 0.962076 -0.257999 -0.088578
vn 0.967828 -0.225034 -0.112552
vn 0.967828 -0.225034 -0.112552
vn 0.962076 -0.257999 -0.088578
vn 0.103950 0.078318 0.991494
vn 0.093602 -0.125522 0.987665
vn 0.093602 -0.125522 0.987665
vn 0.103950 0.078318 0.991494
vn 0.499017 0.328257 0.802016
vn 0.288638 0.273352 0.917587
vn 0.288638 0.273352 0.917587
vn 0.499017 0.328257 0.802016
vn 0.776963 0.460973 0.428756
vn 0.499017 0.328257 0.802016
vn 0.499017 0.328257 0.802016
vn 0.776963 0.460973 0.428756
vn -0.535492 0.844211 -0.023597
vn -0.420162 0.890063 -0.176781
vn -0.420162 0.890063 -0.176781
vn -0.535492 0.844211 -0.023597
vn -0.720845 -0.451222 -0.526101
vn -0.702060 -0.352914 -0.618516
vn -0.702060 -0.352914 -0.618516
vn -0.720845 -0.451222 -0.526101
vn -0.880862 -0.225379 0.416278
vn -0.880862 -0.225379 0.416278
vn -0.880862 -0.225379 0.416278
vn -0.880862 -0.225379 0.416278
vn -0.420162 0.890063 -0.176781
vn -0.337214 0.920868 -0.195676
vn -0.337214 0.920868 -0.195676
vn -0.420162 0.890063 -0.176781
vn -0.702060 -0.352914 -0.618516
vn -0.834310 -0.370567 -0.408176
vn -0.834310 -0.370567 -0.408176
vn -0.702060 -0.352914 -0.618516
vn 0.423039 -0.889401 0.173213
vn 0.337356 -0.920784 0.195826
vn 0.337356 -0.920784 0.195826
vn 0.423039 -0.889401 0.173213
vn 0.343445 -0.930359 -0.128368
vn 0.404062 -0.909398 -0.098640
vn 0.404062 -0.909398 -0.098640
vn 0.343445 -0.930359 -0.128368
vn -0.253732 0.961865 0.102152
vn -0.379121 0.922687 0.070113
vn -0.379121 0.922687 0.070113
vn -0.253732 0.961865 0.102152
vn -0.336216 0.022915 -0.941506
vn -0.533539 -0.125421 -0.836425
vn -0.533539 -0.125421 -0.836425
vn -0.336216 0.022915 -0.941506
vn 0.232188 -0.966086 -0.112988
vn 0.343445 -0.930359 -0.128368
vn 0.343445 -0.930359 -0.128368
vn 0.232188 -0.966086 -0.112988
vn -0.885017 -0.420587 0.199631
vn -0.885017 -0.420587 0.199631
vn -0.885017 -0.420587 0.199631
vn -0.885017 -0.420587 0.199631
vn 0.379072 0.024948 0.925031
vn 0.120393 -0.038660 0.991973
vn 0.120393 -0.038660 0.991973
vn 0.379072 0.024948 0.925031
vn -0.379121 0.922687 0.070113
vn -0.440836 0.897127 0.028755
vn -0.440836 0.897127 0.028755
vn -0.379121 0.922687 0.070113
vn -0.533539 -0.125421 -0.836425
vn -0.692456 -0.264728 -0.671136
vn -0.692456 -0.264728 -0.671136
vn -0.533539 -0.125421 -0.836425
vn -0.141662 -0.381708 -0.913363
vn -0.141663 -0.381707 -0.913363
vn -0.141663 -0.381707 -0.913363
vn -0.141662 -0.381708 -0.913363
vn -0.141661 -0.381708 -0.913362
vn -0.141661 -0.381708 -0.913362
vn -0.226840 0.513773 -0.827394
vn -0.226840 0.513773 -0.827394
vn -0.226840 0.513773 -0.827394
vn -0.226840 0.513773 -0.827394
vn -0.226840 0.513773 -0.827394
vn -0.226840 0.513773 -0.827394
vn -0.226840 0.513773 -0.827394
vn -0.226840 0.513773 -0.827394
vn 0.100375 0.563551 -0.819961
vn 0.100375 0.563551 -0.819961
vn 0.100375 0.563551 -0.819961
vn 0.100375 0.563551 -0.819961
vn 0.100374 0.563551 -0.819961
vn 0.100374 0.563551 -0.819961
vn 0.100374 0.563551 -0.819961
vn 0.100374 0.563551 -0.819961
vn 0.524526 0.299703 -0.796901
vn 0.524526 0.299703 -0.796901
vn 0.524526 0.299703 -0.796901
vn 0.524526 0.299703 -0.796901
vn 0.524526 0.299702 -0.796901
vn 0.524526 0.299702 -0.796901
vn 0.524526 0.299702 -0.796901
vn 0.524526 0.299702 -0.796901
vn 0.779370 -0.211714 -0.589711
vn 0.779370 -0.211714 -0.589711
vn 0.779370 -0.211714 -0.589711
vn 0.779370 -0.211714 -0.589711
vn 0.779370 -0.211714 -0.589712
vn 0.779370 -0.211714 -0.589712
vn 0.779370 -0.211714 -0.589712
vn 0.779370 -0.211714 -0.589712
vn 0.047152 -0.965334 -0.256725
vn 0.047152 -0.965334 -0.256725
vn 0.047152 -0.965334 -0.256725
vn 0.047152 -0.965334 -0.256725
vn 0.047152 -0.965334 -0.256725
vn 0.047152 -0.965334 -0.256725
vn 0.047152 -0.965334 -0.256725
vn 0.047152 -0.965334 -0.256725
vn -0.289163 -0.663307 -0.690224
vn -0.289163 -0.663307 -0.690224
vn -0.289163 -0.663307 -0.690224
vn -0.289163 -0.663307 -0.690224
vn -0.289163 -0.663307 -0.690223
vn -0.289163 -0.663307 -0.690223
vn -0.289163 -0.663307 -0.690223
vn -0.289163 -0.663307 -0.690223
vn -0.270271 -0.725351 -0.633103
vn -0.270271 -0.725351 -0.633103
vn -0.270271 -0.725351 -0.633103
vn -0.270271 -0.725351 -0.633103
vn -0.270271 -0.725351 -0.633103
vn -0.270271 -0.725351 -0.633103
vn -0.270271 -0.725351 -0.633103
vn -0.270271 -0.725351 -0.633103
vn -0.770095 -0.408875 -0.489669
vn -0.770095 -0.408875 -0.489669
vn -0.770095 -0.408875 -0.489669
vn -0.770095 -0.408875 -0.489669
vn -0.770095 -0.408874 -0.489669
vn -0.770095 -0.408874 -0.489669
vn -0.770095 -0.408874 -0.489669
vn -0.770095 -0.408874 -0.489669
vn -0.783182 -0.304709 -0.542014
vn -0.783182 -0.304709 -0.542014
vn -0.783182 -0.304709 -0.542014
vn -0.783182 -0.304709 -0.542014
vn -0.783182 -0.304709 -0.542014
vn -0.783182 -0.304709 -0.542014
vn -0.783182 -0.304709 -0.542014
vn -0.783182 -0.304709 -0.542014
vn -0.146288 0.080179 -0.985987
vn -0.146288 0.080179 -0.985987
vn -0.146288 0.080179 -0.985987
vn -0.146288 0.080179 -0.985987
vn -0.146288 0.080179 -0.985987
vn -0.146288 0.080179 -0.985987
vn -0.146288 0.080179 -0.985987
vn -0.146288 0.080179 -0.985987
vn 0.186813 0.629307 -0.754369
vn 0.186813 0.629307 -0.754369
vn 0.186813 0.629307 -0.754369
vn 0.186813 0.629307 -0.754369
vn 0.186814 0.629308 -0.754369
vn 0.186814 0.629308 -0.754369
vn 0.186814 0.629308 -0.754369
vn 0.186814 0.629308 -0.754369
vn 0.003729 0.407130 -0.913363
vn 0.003731 0.407130 -0.913363
vn 0.003731 0.407130 -0.913363
vn 0.003729 0.407130 -0.913363
vn 0.003728 0.407131 -0.913362
vn 0.003728 0.407131 -0.913362
f 1/1/1 2/2/2 3/3/3
f 4/4/4 3/3/3 5/5/5
f 6/6/6 7/7/7 8/8/8
f 9/9/9 8/8/8 10/10/10
f 11/11/11 12/12/12 13/13/13
f 11/11/11 14/14/14 15/15/15
f 16/16/16 17/17/17 18/18/18
f 19/19/19 18/18/18 20/20/20
f 21/21/21 22/22/22 23/23/23
f 24/24/24 23/23/23 25/25/25
f 26/26/26 27/27/27 28/28/28
f 29/29/29 30/30/30 31/31/31
f 32/32/32 33/33/33 31/31/31
f 32/32/32 34/34/34 33/33/33
f 35/35/35 36/36/36 37/37/37
f 38/38/38 37/37/37 39/39/39
f 40/40/40 41/41/41 42/42/42
f 43/43/43 42/42/42 44/44/44
f 45/45/45 46/46/46 47/47/47
f 48/48/48 47/47/47 49/49/49
f 50/50/50 51/51/51 52/52/52
f 53/53/53 52/52/52 54/54/54
f 55/55/55 56/56/56 57/57/57
f 58/58/58 57/57/57 59/59/59
f 60/60/60 61/61/61 62/62/62
f 63/63/63 62/62/62 64/64/64
f 65/65/65 66/66/66 67/67/67
f 68/68/68 67/67/67 69/69/69
f 70/70/70 71/71/71 69/69/69
f 70/70/70 72/72/72 71/71/71
f 73/73/73 74/74/74 75/75/75
f 76/76/76 75/75/75 77/77/77
f 78/78/78 79/79/79 77/77/77
f 78/78/78 80/80/80 79/79/79
f 81/81/81 82/82/82 83/83/83
f 84/84/84 83/83/83 85/85/85
f 86/86/86 87/87/87 88/88/88
f 89/89/89 88/88/88 90/90/90
f 91/91/91 92/92/92 93/93/93
f 94/94/94 93/93/93 95/95/95
f 96/96/96 97/97/97 98/98/98
f 99/99/99 98/98/98 100/100/100
f 101/101/101 102/102/102 103/103/103
f 101/101/101 104/104/104 105/105/105
f 106/106/106 107/107/107 108/108/108
f 109/109/109 108/108/108 110/110/110
f 111/111/111 112/112/112 113/113/113
f 114/114/114 113/113/113 115/115/115
f 116/116/116 117/117/117 118/118/118
f 119/119/119 118/118/118 120/120/120
f 121/121/121 122/122/122 123/123/123
f 121/121/121 124/124/124 125/125/125
f 126/126/126 127/127/127 128/128/128
f 129/129/129 128/128/128 130/130/130
f 131/131/131 132/132/132 133/133/133
f 134/134/134 133/133/133 135/135/135
f 136/136/136 137/137/137 135/135/135
f 136/136/136 138/138/138 137/137/137
f 139/139/139 140/140/140 141/141/141
f 142/142/142 141/141/141 143/143/143
f 144/144/144 145/145/145 146/146/146
f 147/147/147 146/146/146 148/148/148
f 149/149/149 150/150/150 148/148/148
f 149/149/149 151/151/151 150/150/150
f 152/152/152 153/153/153 154/154/154
f 152/152/152 155/155/155 156/156/156
f 157/157/157 158/158/158 159/159/159
f 157/157/157 160/160/160 161/161/161
f 162/162/162 163/163/163 164/164/164
f 162/162/162 164/164/164 165/165/165
f 166/166/166 167/167/167 168/168/168
f 166/166/166 168/168/168 169/169/169
f 170/170/170 171/171/171 172/172/172
f 170/170/170 172/172/172 173/173/173
f 174/174/174 175/175/175 173/173/173
f 174/174/174 176/176/176 175/175/175
f 177/177/177 178/178/178 179/179/179
f 177/177/177 179/179/179 180/180/180
f 181/181/181 182/182/182 183/183/183
f 181/181/181 183/183/183 184/184/184
f 185/185/185 186/186/186 187/187/187
f 185/185/185 187/187/187 188/188/188
f 189/189/189 190/190/190 191/191/191
f 189/189/189 191/191/191 192/192/192
f 193/193/193 194/194/194 195/195/195
f 193/193/193 195/195/195 196/196/196
f 197/197/197 198/198/198 199/199/199
f 197/197/197 199/199/199 200/200/200
f 201/201/201 202/202/202 203/203/203
f 201/201/201 203/203/203 204/204/204
f 205/205/205 206/206/206 207/207/207
f 205/205/205 207/207/207 208/208/208
f 209/209/209 210/210/210 211/211/211
f 209/209/209 211/211/211 212/212/212
f 213/213/213 214/214/214 215/215/215
f 213/213/213 215/215/215 216/216/216
f 217/217/217 218/218/218 219/219/219
f 217/217/217 219/219/219 220/220/220
f 221/221/221 222/222/222 223/223/223
f 221/221/221 223/223/223 224/224/224
f 225/225/225 226/226/226 227/227/227
f 225/225/225 227/227/227 228/228/228
f 229/229/229 230/230/230 231/231/231
f 229/229/229 231/231/231 232/232/232
f 233/233/233 234/234/234 235/235/235
f 233/233/233 235/235/235 236/236/236
f 237/237/237 238/238/238 239/239/239
f 237/237/237 239/239/239 240/240/240
f 241/241/241 242/242/242 243/243/243
f 241/241/241 243/243/243 244/244/244
f 245/245/245 246/246/246 247/247/247
f 245/245/245 247/247/247 248/248/248
f 249/249/249 250/250/250 251/251/251
f 249/249/249 251/251/251 252/252/252
f 253/253/253 254/254/254 255/255/255
f 253/253/253 255/255/255 256/256/256
f 257/257/257 258/258/258 259/259/259
f 257/257/257 259/259/259 260/260/260
f 261/261/261 262/262/262 263/263/263
f 261/261/261 263/263/263 264/264/264
f 265/265/265 266/266/266 267/267/267
f 265/265/265 267/267/267 268/268/268
f 269/269/269 270/270/270 271/271/271
f 269/269/269 271/271/271 272/272/272
f 273/273/273 274/274/274 275/275/275
f 273/273/273 275/275/275 276/276/276
f 277/277/277 278/278/278 279/279/279
f 277/277/277 279/279/279 280/280/280
f 281/281/281 282/282/282 283/283/283
f 281/281/281 283/283/283 284/284/284
f 285/285/285 286/286/286 287/287/287
f 285/285/285 287/287/287 288/288/288
f 289/289/289 290/290/290 291/291/291
f 289/289/289 291/291/291 292/292/292
f 293/293/293 294/294/294 295/295/295
f 293/293/293 295/295/295 296/296/296
f 297/297/297 298/298/298 299/299/299
f 297/297/297 299/299/299 300/300/300
f 301/301/301 302/302/302 303/303/303
f 301/301/301 303/303/303 304/304/304
f 305/305/305 306/306/306 307/307/307
f 305/305/305 307/307/307 308/308/308
f 309/309/309 310/310/310 311/311/311
f 309/309/309 311/311/311 312/312/312
f 313/313/313 314/314/314 315/315/315
f 313/313/313 315/315/315 316/316/316
f 317/317/317 318/318/318 319/319/319
f 317/317/317 319/319/319 320/320/320
f 321/321/321 322/322/322 323/323/323
f 321/321/321 323/323/323 324/324/324
f 325/325/325 326/326/326 327/327/327
f 325/325/325 327/327/327 328/328/328
f 329/329/329 330/330/330 331/331/331
f 329/329/329 331/331/331 332/332/332
f 333/333/333 334/334/334 335/335/335
f 333/333/333 335/335/335 336/336/336
f 337/337/337 338/338/338 339/339/339
f 337/337/337 339/339/339 340/340/340
f 341/341/341 342/342/342 343/343/343
f 341/341/341 343/343/343 344/344/344
f 345/345/345 346/346/346 347/347/347
f 345/345/345 347/347/347 348/348/348
f 349/349/349 350/350/350 351/351/351
f 349/349/349 351/351/351 352/352/352
f 353/353/353 354/354/354 355/355/355
f 353/353/353 355/355/355 356/356/356
f 357/357/357 358/358/358 359/359/359
f 357/357/357 359/359/359 360/360/360
f 361/361/361 362/362/362 363/363/363
f 361/361/361 363/363/363 364/364/364
f 365/365/365 366/366/366 367/367/367
f 365/365/365 367/367/367 368/368/368
f 369/369/369 370/370/370 371/371/371
f 369/369/369 371/371/371 372/372/372
f 373/373/373 374/374/374 375/375/375
f 373/373/373 375/375/375 376/376/376
f 377/377/377 378/378/378 379/379/379
f 377/377/377 379/379/379 380/380/380
f 381/381/381 382/382/382 383/383/383
f 381/381/381 383/383/383 384/384/384
f 385/385/385 386/386/386 387/387/387
f 385/385/385 387/387/387 388/388/388
f 389/389/389 390/390/390 391/391/391
f 389/389/389 391/391/391 392/392/392
f 393/393/393 394/394/394 395/395/395
f 393/393/393 395/395/395 396/396/396
f 397/397/397 398/398/398 399/399/399
f 397/397/397 399/399/399 400/400/400
f 401/401/401 402/402/402 403/403/403
f 401/401/401 403/403/403 404/404/404
f 405/405/405 406/406/406 407/407/407
f 405/405/405 407/407/407 408/408/408
f 409/409/409 410/410/410 411/411/411
f 409/409/409 411/411/411 412/412/412
f 413/413/413 414/414/414 415/415/415
f 413/413/413 415/415/415 416/416/416
f 417/417/417 418/418/418 419/419/419
f 417/417/417 419/419/419 420/420/420
f 421/421/421 422/422/422 423/423/423
f 421/421/421 423/423/423 424/424/424
f 425/425/425 426/426/426 427/427/427
f 425/425/425 427/427/427 428/428/428
f 429/429/429 430/430/430 431/431/431
f 429/429/429 431/431/431 432/432/432
f 433/433/433 434/434/434 435/435/435
f 433/433/433 435/435/435 436/436/436
f 437/437/437 438/438/438 439/439/439
f 437/437/437 439/439/439 440/440/440
f 441/441/441 442/442/442 443/443/443
f 441/441/441 443/443/443 444/444/444
f 445/445/445 446/446/446 447/447/447
f 445/445/445 447/447/447 448/448/448
f 449/449/449 450/450/450 451/451/451
f 449/449/449 451/451/451 452/452/452
f 453/453/453 454/454/454 455/455/455
f 453/453/453 455/455/455 456/456/456
f 457/457/457 458/458/458 459/459/459
f 457/457/457 459/459/459 460/460/460
f 461/461/461 462/462/462 463/463/463
f 461/461/461 463/463/463 464/464/464
f 465/465/465 466/466/466 467/467/467
f 465/465/465 467/467/467 468/468/468
f 469/469/469 470/470/470 471/471/471
f 469/469/469 471/471/471 472/472/472
f 473/473/473 474/474/474 475/475/475
f 473/473/473 475/475/475 476/476/476
f 477/477/477 478/478/478 479/479/479
f 477/477/477 479/479/479 480/480/480
f 481/481/481 482/482/482 483/483/483
f 481/481/481 483/483/483 484/484/484
f 485/485/485 486/486/486 487/487/487
f 485/485/485 487/487/487 488/488/488
f 489/489/489 490/490/490 491/491/491
f 489/489/489 491/491/491 492/492/492
f 493/493/493 494/494/494 495/495/495
f 493/493/493 495/495/495 496/496/496
f 497/497/497 498/498/498 499/499/499
f 497/497/497 499/499/499 500/500/500
f 501/501/501 502/502/502 503/503/503
f 501/501/501 503/503/503 504/504/504
f 505/505/505 506/506/506 507/507/507
f 505/505/505 507/507/507 508/508/508
f 509/509/509 510/510/510 511/511/511
f 509/509/509 511/511/511 512/512/512
f 513/513/513 514/514/514 515/515/515
f 513/513/513 515/515/515 516/516/516
f 517/517/517 518/518/518 519/519/519
f 517/517/517 519/519/519 520/520/520
f 521/521/521 522/522/522 523/523/523
f 521/521/521 523/523/523 524/524/524
f 525/525/525 526/526/526 527/527/527
f 525/525/525 527/527/527 528/528/528
f 529/529/529 530/530/530 531/531/531
f 529/529/529 531/531/531 532/532/532
f 533/533/533 534/534/534 535/535/535
f 533/533/533 535/535/535 536/536/536
f 537/537/537 538/538/538 539/539/539
f 537/537/537 539/539/539 540/540/540
f 541/541/541 542/542/542 543/543/543
f 541/541/541 543/543/543 544/544/544
f 545/545/545 546/546/546 547/547/547
f 545/545/545 547/547/547 548/548/548
f 549/549/549 550/550/550 551/551/551
f 549/549/549 551/551/551 552/552/552
f 553/553/553 554/554/554 555/555/555
f 553/553/553 555/555/555 556/556/556
f 557/557/557 558/558/558 559/559/559
f 557/557/557 559/559/559 560/560/560
f 561/561/561 562/562/562 563/563/563
f 561/561/561 563/563/563 564/564/564
f 565/565/565 566/566/566 567/567/567
f 565/565/565 567/567/567 568/568/568
f 569/569/569 570/570/570 571/571/571
f 569/569/569 571/571/571 572/572/572
f 573/573/573 574/574/574 575/575/575
f 573/573/573 575/575/575 576/576/576
f 577/577/577 578/578/578 579/579/579
f 577/577/577 579/579/579 580/580/580
f 581/581/581 582/582/582 583/583/583
f 581/581/581 583/583/583 584/584/584
f 585/585/585 586/586/586 587/587/587
f 585/585/585 587/587/587 588/588/588
f 589/589/589 590/590/590 591/591/591
f 589/589/589 591/591/591 592/592/592
f 593/593/593 594/594/594 595/595/595
f 593/593/593 595/595/595 596/596/596
f 597/597/597 598/598/598 599/599/599
f 597/597/597 599/599/599 600/600/600
f 601/601/601 602/602/602 603/603/603
f 601/601/601 603/603/603 604/604/604
f 605/605/605 606/606/606 607/607/607
f 605/605/605 607/607/607 608/608/608
f 609/609/609 610/610/610 611/611/611
f 609/609/609 611/611/611 612/612/612
f 613/613/613 614/614/614 615/615/615
f 613/613/613 615/615/615 616/616/616
f 617/617/617 618/618/618 619/619/619
f 617/617/617 619/619/619 620/620/620
f 621/621/621 622/622/622 623/623/623
f 621/621/621 623/623/623 624/624/624
f 625/625/625 626/626/626 627/627/627
f 625/625/625 627/627/627 628/628/628
f 629/629/629 630/630/630 628/628/628
f 629/629/629 631/631/631 630/630/630
f 632/632/632 633/633/633 634/634/634
f 632/632/632 634/634/634 635/635/635
f 636/636/636 637/637/637 638/638/638
f 636/636/636 638/638/638 639/639/639
f 640/640/640 641/641/641 642/642/642
f 640/640/640 642/642/642 643/643/643
f 644/644/644 645/645/645 646/646/646
f 644/644/644 646/646/646 647/647/647
f 648/648/648 649/649/649 650/650/650
f 648/648/648 650/650/650 651/651/651
f 652/652/652 653/653/653 654/654/654
f 652/652/652 654/654/654 655/655/655
f 656/656/656 657/657/657 658/658/658
f 656/656/656 658/658/658 659/659/659
f 660/660/660 661/661/661 662/662/662
f 660/660/660 662/662/662 663/663/663
f 664/664/664 665/665/665 666/666/666
f 664/664/664 666/666/666 667/667/667
f 668/668/668 669/669/669 670/670/670
f 668/668/668 670/670/670 671/671/671
f 672/672/672 673/673/673 674/674/674
f 672/672/672 674/674/674 675/675/675
f 676/676/676 677/677/677 678/678/678
f 676/676/676 678/678/678 679/679/679
f 680/680/680 681/681/681 682/682/682
f 680/680/680 682/682/682 683/683/683
f 684/684/684 685/685/685 686/686/686
f 684/684/684 686/686/686 687/687/687
f 688/688/688 689/689/689 690/690/690
f 688/688/688 690/690/690 691/691/691
f 692/692/692 693/693/693 694/694/694
f 692/692/692 694/694/694 695/695/695
f 696/696/696 697/697/697 698/698/698
f 696/696/696 698/698/698 699/699/699
f 700/700/700 701/701/701 702/702/702
f 700/700/700 702/702/702 703/703/703
f 704/704/704 705/705/705 706/706/706
f 704/704/704 706/706/706 707/707/707
f 708/708/708 709/709/709 710/710/710
f 708/708/708 710/710/710 711/711/711
f 712/712/712 713/713/713 714/714/714
f 712/712/712 714/714/714 715/715/715
f 716/716/716 717/717/717 718/718/718
f 716/716/716 718/718/718 719/719/719
f 720/720/720 721/721/721 722/722/722
f 720/720/720 722/722/722 723/723/723
f 724/724/724 725/725/725 726/726/726
f 724/724/724 726/726/726 727/727/727
f 728/728/728 729/729/729 730/730/730
f 728/728/728 730/730/730 731/731/731
f 732/732/732 733/733/733 734/734/734
f 732/732/732 734/734/734 735/735/735
f 736/736/736 737/737/737 738/738/738
f 736/736/736 738/738/738 739/739/739
f 740/740/740 741/741/741 742/742/742
f 740/740/740 742/742/742 743/743/743
f 744/744/744 745/745/745 746/746/746
f 744/744/744 746/746/746 747/747/747
f 748/748/748 749/749/749 750/750/750
f 748/748/748 750/750/750 751/751/751
f 752/752/752 753/753/753 754/754/754
f 752/752/752 754/754/754 755/755/755
f 756/756/756 757/757/757 758/758/758
f 756/756/756 758/758/758 759/759/759
f 760/760/760 761/761/761 762/762/762
f 760/760/760 762/762/762 763/763/763
f 764/764/764 765/765/765 766/766/766
f 764/764/764 766/766/766 767/767/767
f 768/768/768 769/769/769 770/770/770
f 768/768/768 770/770/770 771/771/771
f 772/772/772 773/773/773 774/774/774
f 772/772/772 774/774/774 775/775/775
f 776/776/776 777/777/777 778/778/778
f 776/776/776 778/778/778 779/779/779
f 780/780/780 781/781/781 782/782/782
f 780/780/780 782/782/782 783/783/783
f 784/784/784 785/785/785 786/786/786
f 784/784/784 786/786/786 787/787/787
f 788/788/788 789/789/789 790/790/790
f 788/788/788 790/790/790 791/791/791
f 792/792/792 793/793/793 794/794/794
f 792/792/792 794/794/794 795/795/795
f 796/796/796 797/797/797 798/798/798
f 796/796/796 798/798/798 799/799/799
f 800/800/800 801/801/801 802/802/802
f 800/800/800 802/802/802 803/803/803
f 804/804/804 805/805/805 806/806/806
f 804/804/804 806/806/806 807/807/807
f 808/808/808 809/809/809 810/810/810
f 808/808/808 810/810/810 811/811/811
f 812/812/812 813/813/813 814/814/814
f 812/812/812 814/814/814 815/815/815
f 816/816/816 817/817/817 818/818/818
f 816/816/816 818/818/818 819/819/819
f 820/820/820 821/821/821 822/822/822
f 820/820/820 822/822/822 823/823/823
f 824/824/824 825/825/825 826/826/826
f 824/824/824 826/826/826 827/827/827
f 828/828/828 829/829/829 830/830/830
f 828/828/828 830/830/830 831/831/831
f 832/832/832 833/833/833 834/834/834
f 832/832/832 834/834/834 835/835/835
f 836/836/836 837/837/837 838/838/838
f 836/836/836 838/838/838 839/839/839
f 840/840/840 841/841/841 842/842/842
f 840/840/840 842/842/842 843/843/843
f 844/844/844 845/845/845 846/846/846
f 844/844/844 846/846/846 847/847/847
f 848/848/848 849/849/849 850/850/850
f 848/848/848 850/850/850 851/851/851
f 852/852/852 853/853/853 854/854/854
f 852/852/852 854/854/854 855/855/855
f 856/856/856 857/857/857 858/858/858
f 856/856/856 858/858/858 859/859/859
f 860/860/860 861/861/861 862/862/862
f 860/860/860 862/862/862 863/863/863
f 864/864/864 865/865/865 866/866/866
f 864/864/864 866/866/866 867/867/867
f 868/868/868 869/869/869 870/870/870
f 868/868/868 870/870/870 871/871/871
f 872/872/872 873/873/873 874/874/874
f 872/872/872 874/874/874 875/875/875
f 876/876/876 877/877/877 878/878/878
f 876/876/876 878/878/878 879/879/879
f 880/880/880 881/881/881 882/882/882
f 880/880/880 882/882/882 883/883/883
f 884/884/884 885/885/885 886/886/886
f 884/884/884 886/886/886 887/887/887
f 888/888/888 889/889/889 890/890/890
f 888/888/888 890/890/890 891/891/891
f 892/892/892 893/893/893 894/894/894
f 892/892/892 894/894/894 895/895/895
f 896/896/896 897/897/897 898/898/898
f 896/896/896 898/898/898 899/899/899
f 900/900/900 901/901/901 902/902/902
f 900/900/900 902/902/902 903/903/903
f 904/904/904 905/905/905 906/906/906
f 904/904/904 906/906/906 907/907/907
f 908/908/908 909/909/909 910/910/910
f 908/908/908 910/910/910 911/911/911
f 912/912/912 913/913/913 914/914/914
f 912/912/912 914/914/914 915/915/915
f 916/916/916 917/917/917 918/918/918
f 916/916/916 918/918/918 919/919/919
f 920/920/920 921/921/921 922/922/922
f 920/920/920 922/922/922 923/923/923
f 924/924/924 925/925/925 926/926/926
f 924/924/924 926/926/926 927/927/927
f 928/928/928 929/929/929 930/930/930
f 928/928/928 930/930/930 931/931/931
f 932/932/932 933/933/933 934/934/934
f 932/932/932 934/934/934 935/935/935
f 936/936/936 937/937/937 938/938/938
f 936/936/936 938/938/938 939/939/939
f 940/940/940 941/941/941 942/942/942
f 940/940/940 942/942/942 943/943/943
f 944/944/944 945/945/945 946/946/946
f 944/944/944 946/946/946 947/947/947
f 948/948/948 949/949/949 950/950/950
f 948/948/948 950/950/950 951/951/951
f 952/952/952 953/953/953 954/954/954
f 952/952/952 954/954/954 955/955/955
f 956/956/956 957/957/957 958/958/958
f 956/956/956 958/958/958 959/959/959
f 960/960/960 961/961/961 962/962/962
f 960/960/960 962/962/962 963/963/963
f 964/964/964 965/965/965 966/966/966
f 964/964/964 966/966/966 967/967/967
f 968/968/968 969/969/969 970/970/970
f 968/968/968 970/970/970 971/971/971
f 972/972/972 973/973/973 974/974/974
f 972/972/972 974/974/974 975/975/975
f 976/976/976 977/977/977 978/978/978
f 976/976/976 978/978/978 979/979/979
f 980/980/980 981/981/981 982/982/982
f 980/980/980 982/982/982 983/983/983
f 984/984/984 985/985/985 986/986/986
f 984/984/984 986/986/986 987/987/987
f 988/988/988 989/989/989 990/990/990
f 988/988/988 990/990/990 991/991/991
f 992/992/992 993/993/993 994/994/994
f 992/992/992 994/994/994 995/995/995
f 996/996/996 997/997/997 998/998/998
f 996/996/996 998/998/998 999/999/999
f 1000/1000/1000 1001/1001/1001 1002/1002/1002
f 1000/1000/1000 1002/1002/1002 1003/1003/1003
f 1004/1004/1004 1005/1005/1005 1006/1006/1006
f 1004/1004/1004 1006/1006/1006 1007/1007/1007
f 1008/1008/1008 1009/1009/1009 1010/1010/1010
f 1008/1008/1008 1010/1010/1010 1011/1011/1011
f 1012/1012/1012 1013/1013/1013 1014/1014/1014
f 1012/1012/1012 1014/1014/1014 1015/1015/1015
f 1016/1016/1016 1017/1017/1017 1018/1018/1018
f 1016/1016/1016 1018/1018/1018 1019/1019/1019
f 1020/1020/1020 1021/1021/1021 1022/1022/1022
f 1020/1020/1020 1022/1022/1022 1023/1023/1023
f 1024/1024/1024 1025/1025/1025 1026/1026/1026
f 1024/1024/1024 1026/1026/1026 1027/1027/1027
f 1028/1028/1028 1029/1029/1029 1030/1030/1030
f 1028/1028/1028 1030/1030/1030 1031/1031/1031
f 1032/1032/1032 1033/1033/1033 1034/1034/1034
f 1032/1032/1032 1034/1034/1034 1035/1035/1035
f 1036/1036/1036 1037/1037/1037 1038/1038/1038
f 1036/1036/1036 1038/1038/1038 1039/1039/1039
f 1040/1040/1040 1041/1041/1041 1042/1042/1042
f 1040/1040/1040 1042/1042/1042 1043/1043/1043
f 1044/1044/1044 1045/1045/1045 1046/1046/1046
f 1044/1044/1044 1046/1046/1046 1047/1047/1047
f 1048/1048/1048 1049/1049/1049 1050/1050/1050
f 1048/1048/1048 1050/1050/1050 1051/1051/1051
f 1052/1052/1052 1053/1053/1053 1054/1054/1054
f 1052/1052/1052 1054/1054/1054 1055/1055/1055
f 1056/1056/1056 1057/1057/1057 1058/1058/1058
f 1056/1056/1056 1058/1058/1058 1059/1059/1059
f 1060/1060/1060 1061/1061/1061 1062/1062/1062
f 1060/1060/1060 1062/1062/1062 1063/1063/1063
f 1064/1064/1064 1065/1065/1065 1066/1066/1066
f 1064/1064/1064 1066/1066/1066 1067/1067/1067
f 1068/1068/1068 1069/1069/1069 1070/1070/1070
f 1068/1068/1068 1070/1070/1070 1071/1071/1071
f 1072/1072/1072 1073/1073/1073 1074/1074/1074
f 1072/1072/1072 1074/1074/1074 1075/1075/1075
f 1076/1076/1076 1077/1077/1077 1078/1078/1078
f 1076/1076/1076 1078/1078/1078 1079/1079/1079
f 1080/1080/1080 1081/1081/1081 1082/1082/1082
f 1080/1080/1080 1082/1082/1082 1083/1083/1083
f 1084/1084/1084 1085/1085/1085 1086/1086/1086
f 1084/1084/1084 1086/1086/1086 1087/1087/1087
f 1088/1088/1088 1089/1089/1089 1090/1090/1090
f 1088/1088/1088 1090/1090/1090 1091/1091/1091
f 1092/1092/1092 1093/1093/1093 1094/1094/1094
f 1092/1092/1092 1094/1094/1094 1095/1095/1095
f 1096/1096/1096 1097/1097/1097 1098/1098/1098
f 1096/1096/1096 1098/1098/1098 1099/1099/1099
f 1100/1100/1100 1101/1101/1101 1102/1102/1102
f 1100/1100/1100 1102/1102/1102 1103/1103/1103
f 1104/1104/1104 1105/1105/1105 1106/1106/1106
f 1104/1104/1104 1107/1107/1107 1105/1105/1105
f 1108/1108/1108 1107/1107/1107 1104/1104/1104
f 1108/1108/1108 1109/1109/1109 1107/1107/1107
f 1110/1110/1110 1111/1111/1111 1112/1112/1112
f 1110/1110/1110 1112/1112/1112 1113/1113/1113
f 1114/1114/1114 1115/1115/1115 1116/1116/1116
f 1114/1114/1114 1116/1116/1116 1117/1117/1117
f 1118/1118/1118 1119/1119/1119 1120/1120/1120
f 1118/1118/1118 1120/1120/1120 1121/1121/1121
f 1122/1122/1122 1123/1123/1123 1124/1124/1124
f 1122/1122/1122 1124/1124/1124 1125/1125/1125
f 1126/1126/1126 1127/1127/1127 1128/1128/1128
f 1126/1126/1126 1128/1128/1128 1129/1129/1129
f 1130/1130/1130 1131/1131/1131 1132/1132/1132
f 1130/1130/1130 1132/1132/1132 1133/1133/1133
f 1134/1134/1134 1135/1135/1135 1136/1136/1136
f 1134/1134/1134 1136/1136/1136 1137/1137/1137
f 1138/1138/1138 1139/1139/1139 1140/1140/1140
f 1138/1138/1138 1140/1140/1140 1141/1141/1141
f 1142/1142/1142 1143/1143/1143 1144/1144/1144
f 1142/1142/1142 1144/1144/1144 1145/1145/1145
f 1146/1146/1146 1147/1147/1147 1148/1148/1148
f 1146/1146/1146 1148/1148/1148 1149/1149/1149
f 1150/1150/1150 1151/1151/1151 1152/1152/1152
f 1150/1150/1150 1152/1152/1152 1153/1153/1153
f 1154/1154/1154 1155/1155/1155 1156/1156/1156
f 1154/1154/1154 1156/1156/1156 1157/1157/1157
f 1158/1158/1158 1159/1159/1159 1160/1160/1160
f 1158/1158/1158 1160/1160/1160 1161/1161/1161
f 1162/1162/1162 1163/1163/1163 1164/1164/1164
f 1162/1162/1162 1164/1164/1164 1165/1165/1165
f 1166/1166/1166 1167/1167/1167 1168/1168/1168
f 1166/1166/1166 1168/1168/1168 1169/1169/1169
f 1170/1170/1170 1171/1171/1171 1172/1172/1172
f 1170/1170/1170 1172/1172/1172 1173/1173/1173
f 1174/1174/1174 1175/1175/1175 1176/1176/1176
f 1174/1174/1174 1176/1176/1176 1177/1177/1177
f 1178/1178/1178 1179/1179/1179 1180/1180/1180
f 1178/1178/1178 1180/1180/1180 1181/1181/1181
f 1182/1182/1182 1183/1183/1183 1184/1184/1184
f 1182/1182/1182 1184/1184/1184 1185/1185/1185
f 1186/1186/1186 1187/1187/1187 1188/1188/1188
f 1186/1186/1186 1188/1188/1188 1189/1189/1189
f 1190/1190/1190 1191/1191/1191 1192/1192/1192
f 1190/1190/1190 1192/1192/1192 1193/1193/1193
f 1194/1194/1194 1195/1195/1195 1196/1196/1196
f 1194/1194/1194 1196/1196/1196 1197/1197/1197
f 1198/1198/1198 1199/1199/1199 1200/1200/1200
f 1198/1198/1198 1201/1201/1201 1199/1199/1199
f 1202/1202/1202 1201/1201/1201 1198/1198/1198
f 1202/1202/1202 1203/1203/1203 1201/1201/1201
