# Unturned item rip -> Godot (X+Z negated, winding reversed, RH Y-up)
v -0.008516 0.321592 0.224043
v 0.024745 0.359785 0.200341
v -0.045791 0.471582 0.224043
v 0.030909 0.270468 0.224043
v 0.064170 0.308660 0.200341
v -0.008516 0.321592 0.224043
v -0.045791 0.471582 0.224043
v 0.024745 0.359785 0.247745
v -0.008516 0.321592 0.224043
v -0.045791 0.471582 0.224043
v 0.049691 0.388429 0.247745
v 0.024745 0.359785 0.247745
v -0.008516 -0.321592 0.224043
v -0.045791 -0.471582 0.224043
v 0.024745 -0.359785 0.200341
v 0.030909 -0.270468 0.224043
v -0.008516 -0.321592 0.224043
v 0.064170 -0.308660 0.200341
v -0.045791 -0.471582 0.224043
v -0.008516 -0.321592 0.224043
v 0.024745 -0.359785 0.247745
v -0.045791 -0.471582 0.224043
v 0.024745 -0.359785 0.247745
v 0.049691 -0.388429 0.247745
v 0.581563 -0.050400 0.267279
v 0.411775 0.067632 0.267283
v 0.435093 0.100737 0.267281
v 0.604221 -0.016870 0.267277
v 0.365135 0.001420 0.181286
v 0.365138 0.001421 0.267286
v 0.536248 -0.117460 0.267282
v 0.536244 -0.117461 0.181282
v 0.416216 0.114634 0.267280
v 0.397339 0.128531 0.267279
v 0.397335 0.128530 0.181279
v 0.416213 0.114633 0.181280
v 0.365138 0.001421 0.267286
v 0.388456 0.034527 0.267284
v 0.558905 -0.083930 0.267280
v 0.536248 -0.117460 0.267282
v 0.571776 -0.140566 0.267278
v 0.554012 -0.129013 0.267280
v 0.621586 -0.028174 0.267275
v 0.638950 -0.039478 0.267273
v 0.554012 -0.129013 0.267280
v 0.571776 -0.140566 0.267278
v 0.571773 -0.140567 0.181278
v 0.554009 -0.129014 0.181280
v 0.621586 -0.028174 0.267275
v 0.604221 -0.016870 0.267277
v 0.604218 -0.016871 0.181277
v 0.621582 -0.028175 0.181275
v 0.365138 0.001421 0.267286
v 0.346236 0.015343 0.267285
v 0.416216 0.114634 0.267280
v 0.388456 0.034527 0.267284
v 0.411775 0.067632 0.267283
v 0.435093 0.100737 0.267281
v 0.346236 0.015343 0.267285
v 0.365138 0.001421 0.267286
v 0.365135 0.001420 0.181286
v 0.346233 0.015342 0.181285
v 0.876590 -0.149869 0.224043
v 0.851705 -0.190351 0.141736
v 0.903433 -0.222150 0.141736
v 0.928319 -0.181667 0.224043
v 0.851705 -0.190351 0.306350
v 0.903433 -0.222150 0.306350
v 0.801934 -0.271317 0.141736
v 0.828777 -0.343598 0.224043
v 0.853662 -0.303115 0.141736
v 0.777049 -0.311800 0.224043
v 0.853662 -0.303115 0.306350
v 0.801934 -0.271317 0.306350
v 0.801934 -0.271317 0.306350
v 0.851705 -0.190351 0.306350
v 0.903433 -0.222150 0.306350
v 0.853662 -0.303115 0.306350
v 0.851705 -0.190351 0.141736
v 0.801934 -0.271317 0.141736
v 0.853662 -0.303115 0.141736
v 0.903433 -0.222150 0.141736
v 0.851705 -0.190351 0.141736
v 0.876590 -0.149869 0.224043
v 0.851705 -0.190351 0.306350
v 0.801934 -0.271317 0.141736
v 0.801934 -0.271317 0.306350
v 0.777049 -0.311800 0.224043
v 0.903433 -0.222150 0.306350
v 0.928319 -0.181667 0.224043
v 0.903433 -0.222150 0.141736
v 0.853662 -0.303115 0.306350
v 0.853662 -0.303115 0.141736
v 0.828777 -0.343598 0.224043
v 0.771579 -0.196877 0.261302
v 0.820736 -0.158919 0.199203
v 0.820736 -0.158919 0.248882
v 0.771579 -0.196877 0.186783
v 0.759905 -0.257877 0.248882
v 0.759905 -0.257877 0.199203
v 0.759905 -0.257877 0.199203
v 0.818897 -0.287942 0.199203
v 0.846547 -0.242961 0.186783
v 0.771579 -0.196877 0.186783
v 0.874198 -0.197980 0.199203
v 0.820736 -0.158919 0.199203
v 0.771579 -0.196877 0.261302
v 0.818897 -0.287942 0.248882
v 0.759905 -0.257877 0.248882
v 0.846547 -0.242961 0.261302
v 0.820736 -0.158919 0.248882
v 0.874198 -0.197980 0.248882
v 0.759905 -0.257877 0.248882
v 0.818897 -0.287942 0.248882
v 0.818897 -0.287942 0.199203
v 0.759905 -0.257877 0.199203
v 0.820736 -0.158919 0.199203
v 0.874198 -0.197980 0.199203
v 0.874198 -0.197980 0.248882
v 0.820736 -0.158919 0.248882
v 0.909541 -0.304456 0.257644
v 0.923372 -0.262860 0.264364
v 0.929859 -0.271403 0.257644
v 0.898990 -0.302525 0.264364
v 0.882535 -0.237758 0.264364
v 0.858153 -0.277422 0.264364
v 1.079448 -0.408901 0.190442
v 1.110318 -0.377779 0.183722
v 1.099767 -0.375848 0.190442
v 1.085936 -0.417443 0.183722
v 1.165407 -0.411643 0.183722
v 1.141025 -0.451307 0.183722
v 1.109926 -0.359321 0.224043
v 1.110318 -0.377779 0.264364
v 1.099767 -0.375848 0.257644
v 1.122509 -0.357947 0.224043
v 1.099767 -0.375848 0.190442
v 1.165407 -0.411643 0.264364
v 1.110318 -0.377779 0.183722
v 1.177598 -0.391811 0.224043
v 1.165407 -0.411643 0.183722
v 1.069289 -0.425428 0.224043
v 1.085936 -0.417443 0.183722
v 1.079448 -0.408901 0.190442
v 1.073745 -0.437275 0.224043
v 1.079448 -0.408901 0.257644
v 1.141025 -0.451307 0.183722
v 1.085936 -0.417443 0.264364
v 1.128834 -0.471139 0.224043
v 1.141025 -0.451307 0.264364
v 1.099767 -0.375848 0.257644
v 1.085936 -0.417443 0.264364
v 1.079448 -0.408901 0.257644
v 1.110318 -0.377779 0.264364
v 1.141025 -0.451307 0.264364
v 1.165407 -0.411643 0.264364
v 1.165407 -0.411643 0.264364
v 1.177598 -0.391811 0.224043
v 1.165407 -0.411643 0.183722
v 1.141025 -0.451307 0.264364
v 1.141025 -0.451307 0.183722
v 1.128834 -0.471139 0.224043
v 0.940018 -0.254876 0.224043
v 0.923372 -0.262860 0.183722
v 0.929859 -0.271403 0.190442
v 0.935563 -0.243028 0.224043
v 0.929859 -0.271403 0.257644
v 0.882535 -0.237758 0.183722
v 0.923372 -0.262860 0.264364
v 0.894726 -0.217925 0.224043
v 0.882535 -0.237758 0.264364
v 0.899381 -0.320983 0.224043
v 0.898990 -0.302525 0.264364
v 0.909541 -0.304456 0.257644
v 0.886799 -0.322357 0.224043
v 0.909541 -0.304456 0.190442
v 0.858153 -0.277422 0.264364
v 0.898990 -0.302525 0.183722
v 0.845962 -0.297254 0.224043
v 0.858153 -0.277422 0.183722
v 0.929859 -0.271403 0.190442
v 0.898990 -0.302525 0.183722
v 0.909541 -0.304456 0.190442
v 0.923372 -0.262860 0.183722
v 0.858153 -0.277422 0.183722
v 0.882535 -0.237758 0.183722
v 0.661440 -0.179718 0.224043
v 0.774306 -0.248795 0.224043
v 0.799935 -0.213030 0.208203
v 0.683604 -0.141708 0.208203
v 0.683604 -0.141708 0.239883
v 0.799935 -0.213030 0.239883
v 0.774306 -0.248795 0.224043
v 0.661440 -0.179718 0.224043
v 0.799935 -0.213030 0.208203
v 0.825565 -0.177265 0.208203
v 0.705767 -0.103697 0.208203
v 0.683604 -0.141708 0.208203
v 0.799935 -0.213030 0.239883
v 0.683604 -0.141708 0.239883
v 0.705767 -0.103697 0.239883
v 0.825565 -0.177265 0.239883
v 0.776692 -0.137342 0.255182
v 0.775790 -0.136754 0.193809
v 0.747957 -0.184330 0.193877
v 0.748860 -0.184919 0.255251
v 0.720577 -0.232201 0.224632
v 0.264793 0.146413 0.247745
v 0.096520 0.279856 0.247745
v 0.129781 0.318048 0.247745
v 0.294150 0.187643 0.247745
v 0.441050 0.019568 0.247746
v 0.470287 0.060902 0.247746
v 0.264793 0.146413 0.200341
v 0.129781 0.318048 0.200341
v 0.096520 0.279856 0.200341
v 0.294150 0.187643 0.200341
v 0.441050 0.019568 0.200342
v 0.470287 0.060902 0.200342
v 0.063259 0.241663 0.224043
v 0.096520 0.279856 0.200341
v 0.064170 0.308660 0.200341
v 0.030909 0.270468 0.224043
v 0.064170 0.308660 0.247745
v 0.030909 0.270468 0.224043
v -0.008516 0.321592 0.224043
v 0.024745 0.359785 0.247745
v -0.045791 0.471582 0.224043
v 0.024745 0.359785 0.200341
v 0.049691 0.388429 0.200341
v 0.097431 0.346853 0.200341
v 0.064170 0.308660 0.200341
v 0.294150 0.187643 0.247745
v 0.129781 0.318048 0.247745
v 0.129781 0.318048 0.200341
v 0.294150 0.187643 0.200341
v 0.470287 0.060902 0.247746
v 0.470287 0.060902 0.200342
v 0.064170 0.308660 0.247745
v 0.024745 0.359785 0.247745
v 0.049691 0.388429 0.247745
v 0.097431 0.346853 0.247745
v 0.096520 0.279856 0.247745
v 0.064170 0.308660 0.247745
v 0.097431 0.346853 0.247745
v 0.129781 0.318048 0.247745
v 0.096520 0.279856 0.247745
v 0.063259 0.241663 0.224043
v 0.030909 0.270468 0.224043
v 0.064170 0.308660 0.247745
v 0.129781 0.318048 0.200341
v 0.097431 0.346853 0.200341
v 0.064170 0.308660 0.200341
v 0.096520 0.279856 0.200341
v 0.129781 0.318048 0.247745
v 0.097431 0.346853 0.247745
v 0.097431 0.346853 0.200341
v 0.129781 0.318048 0.200341
v 0.049691 0.388429 0.224043
v 0.024745 0.359785 0.200341
v 0.049691 0.388429 0.200341
v 0.016430 0.350237 0.224043
v 0.049691 0.388429 0.247745
v -0.008516 0.321592 0.224043
v 0.024745 0.359785 0.247745
v 0.470287 0.060902 0.200342
v 0.441050 0.019568 0.200342
v 0.602330 -0.088199 0.200332
v 0.629740 -0.045677 0.200332
v 0.629740 -0.045677 0.247736
v 0.602330 -0.088199 0.247736
v 0.441050 0.019568 0.247746
v 0.470287 0.060902 0.247746
v 0.096520 0.279856 0.247745
v 0.235435 0.105183 0.224043
v 0.063259 0.241663 0.224043
v 0.264793 0.146413 0.247745
v 0.411814 -0.021767 0.224044
v 0.441050 0.019568 0.247746
v 0.063259 0.241663 0.224043
v 0.264793 0.146413 0.200341
v 0.096520 0.279856 0.200341
v 0.235435 0.105183 0.224043
v 0.441050 0.019568 0.200342
v 0.411814 -0.021767 0.224044
v 0.825565 -0.177265 0.208203
v 0.825565 -0.177265 0.239883
v 0.705767 -0.103697 0.239883
v 0.705767 -0.103697 0.208203
v 0.704064 -0.154574 0.247727
v 0.686195 -0.209799 0.223598
v 0.678360 -0.198179 0.224025
v 0.715022 -0.162860 0.254232
v 0.729769 -0.110970 0.247727
v 0.720577 -0.232201 0.224632
v 0.743398 -0.115627 0.254180
v 0.748860 -0.184919 0.255251
v 0.776692 -0.137342 0.255182
v 0.642156 -0.174569 0.224028
v 0.678360 -0.198179 0.224025
v 0.704064 -0.154574 0.200323
v 0.668457 -0.131343 0.200326
v 0.668457 -0.131343 0.247730
v 0.704064 -0.154574 0.247727
v 0.678360 -0.198179 0.224025
v 0.642156 -0.174569 0.224028
v 0.686195 -0.209799 0.223598
v 0.720577 -0.232201 0.224632
v 0.747957 -0.184330 0.193877
v 0.714119 -0.162271 0.192859
v 0.678360 -0.198179 0.224025
v 0.704064 -0.154574 0.200323
v 0.742495 -0.115038 0.192807
v 0.775790 -0.136754 0.193809
v 0.729769 -0.110970 0.200323
v 0.776692 -0.137342 0.255182
v 0.742495 -0.115038 0.192807
v 0.775790 -0.136754 0.193809
v 0.743398 -0.115627 0.254180
v 0.729769 -0.110970 0.200323
v 0.729769 -0.110970 0.247727
v 0.441050 0.019568 0.200342
v 0.411814 -0.021767 0.224044
v 0.574919 -0.130721 0.224034
v 0.602330 -0.088199 0.200332
v 0.629740 -0.045677 0.200332
v 0.629740 -0.045677 0.247736
v 0.470287 0.060902 0.247746
v 0.470287 0.060902 0.200342
v 0.668457 -0.131343 0.247730
v 0.602330 -0.088199 0.247736
v 0.629740 -0.045677 0.247736
v 0.694759 -0.088117 0.247730
v 0.668457 -0.131343 0.200326
v 0.694759 -0.088117 0.200326
v 0.629740 -0.045677 0.200332
v 0.602330 -0.088199 0.200332
v 0.694759 -0.088117 0.247730
v 0.629740 -0.045677 0.247736
v 0.629740 -0.045677 0.200332
v 0.694759 -0.088117 0.200326
v 0.411814 -0.021767 0.224044
v 0.441050 0.019568 0.247746
v 0.602330 -0.088199 0.247736
v 0.574919 -0.130721 0.224034
v 1.109926 -0.359321 0.224043
v 0.929859 -0.271403 0.257644
v 0.940018 -0.254876 0.224043
v 1.099767 -0.375848 0.257644
v 0.909541 -0.304456 0.257644
v 1.079448 -0.408901 0.257644
v 0.899381 -0.320983 0.224043
v 1.069289 -0.425428 0.224043
v 0.729769 -0.110970 0.247727
v 0.694759 -0.088117 0.247730
v 0.694759 -0.088117 0.200326
v 0.729769 -0.110970 0.200323
v 0.704064 -0.154574 0.200323
v 0.729769 -0.110970 0.200323
v 0.694759 -0.088117 0.200326
v 0.668457 -0.131343 0.200326
v 0.704064 -0.154574 0.247727
v 0.668457 -0.131343 0.247730
v 0.694759 -0.088117 0.247730
v 0.729769 -0.110970 0.247727
v 0.602330 -0.088199 0.247736
v 0.668457 -0.131343 0.247730
v 0.642156 -0.174569 0.224028
v 0.574919 -0.130721 0.224034
v 0.574919 -0.130721 0.224034
v 0.642156 -0.174569 0.224028
v 0.668457 -0.131343 0.200326
v 0.602330 -0.088199 0.200332
v 0.604221 0.016870 0.257277
v 0.435093 -0.100737 0.257281
v 0.411774 -0.067631 0.257283
v 0.581563 0.050400 0.257279
v 0.397335 0.128530 0.181279
v 0.327331 0.029264 0.181284
v 0.346233 0.015342 0.181285
v 0.416213 0.114633 0.181280
v 0.365138 -0.001421 0.257286
v 0.365134 -0.001420 0.171286
v 0.536244 0.117462 0.171282
v 0.536247 0.117461 0.257282
v 0.416215 -0.114634 0.257280
v 0.416212 -0.114633 0.171280
v 0.397335 -0.128530 0.171279
v 0.397338 -0.128531 0.257279
v 0.365138 -0.001421 0.257286
v 0.536247 0.117461 0.257282
v 0.558905 0.083930 0.257280
v 0.388456 -0.034526 0.257284
v 0.554012 0.129013 0.257280
v 0.554008 0.129014 0.171280
v 0.571773 0.140567 0.171278
v 0.571776 0.140566 0.257278
v 0.621585 0.028174 0.257275
v 0.621582 0.028175 0.171275
v 0.604217 0.016871 0.171277
v 0.604221 0.016870 0.257277
v 0.346236 -0.015343 0.257285
v 0.346232 -0.015342 0.171285
v 0.365134 -0.001420 0.171286
v 0.365138 -0.001421 0.257286
v 0.876590 0.149869 0.224043
v 0.903433 0.222150 0.141736
v 0.851705 0.190351 0.141736
v 0.928319 0.181667 0.224043
v 0.851705 0.190351 0.306350
v 0.903433 0.222150 0.306350
v 0.801934 0.271317 0.141736
v 0.853662 0.303115 0.141736
v 0.828777 0.343598 0.224043
v 0.777049 0.311800 0.224043
v 0.853662 0.303115 0.306350
v 0.801934 0.271317 0.306350
v 0.801934 0.271317 0.306350
v 0.853662 0.303115 0.306350
v 0.903433 0.222150 0.306350
v 0.851705 0.190351 0.306350
v 0.851705 0.190351 0.141736
v 0.903433 0.222150 0.141736
v 0.853662 0.303115 0.141736
v 0.801934 0.271317 0.141736
v 0.801934 0.271317 0.141736
v 0.777049 0.311800 0.224043
v 0.801934 0.271317 0.306350
v 0.851705 0.190351 0.306350
v 0.851705 0.190351 0.141736
v 0.876590 0.149869 0.224043
v 0.853662 0.303115 0.306350
v 0.828777 0.343598 0.224043
v 0.853662 0.303115 0.141736
v 0.903433 0.222150 0.306350
v 0.903433 0.222150 0.141736
v 0.928319 0.181667 0.224043
v 0.771579 0.196877 0.261302
v 0.820736 0.158919 0.248882
v 0.820736 0.158919 0.199203
v 0.771579 0.196877 0.186783
v 0.759905 0.257877 0.248882
v 0.759905 0.257877 0.199203
v 0.759905 0.257877 0.199203
v 0.846547 0.242961 0.186783
v 0.818897 0.287942 0.199203
v 0.771579 0.196877 0.186783
v 0.874198 0.197980 0.199203
v 0.820736 0.158919 0.199203
v 0.771579 0.196877 0.261302
v 0.759905 0.257877 0.248882
v 0.818897 0.287942 0.248882
v 0.846547 0.242961 0.261302
v 0.820736 0.158919 0.248882
v 0.874198 0.197980 0.248882
v 0.759905 0.257877 0.248882
v 0.759905 0.257877 0.199203
v 0.818897 0.287942 0.199203
v 0.818897 0.287942 0.248882
v 0.820736 0.158919 0.199203
v 0.820736 0.158919 0.248882
v 0.874198 0.197980 0.248882
v 0.874198 0.197980 0.199203
v 0.909541 0.304456 0.257644
v 0.929859 0.271403 0.257644
v 0.923372 0.262860 0.264364
v 0.898990 0.302525 0.264364
v 0.882535 0.237758 0.264364
v 0.858153 0.277422 0.264364
v 1.079448 0.408901 0.190442
v 1.099767 0.375848 0.190442
v 1.110318 0.377779 0.183722
v 1.085936 0.417443 0.183722
v 1.165407 0.411643 0.183722
v 1.141025 0.451307 0.183722
v 1.109926 0.359321 0.224043
v 1.099767 0.375848 0.257644
v 1.110318 0.377779 0.264364
v 1.122509 0.357947 0.224043
v 1.099767 0.375848 0.190442
v 1.165407 0.411643 0.264364
v 1.110318 0.377779 0.183722
v 1.177598 0.391811 0.224043
v 1.165407 0.411643 0.183722
v 1.069289 0.425428 0.224043
v 1.079448 0.408901 0.190442
v 1.085936 0.417443 0.183722
v 1.073745 0.437275 0.224043
v 1.079448 0.408901 0.257644
v 1.141025 0.451307 0.183722
v 1.085936 0.417443 0.264364
v 1.128834 0.471139 0.224043
v 1.141025 0.451307 0.264364
v 1.099767 0.375848 0.257644
v 1.079448 0.408901 0.257644
v 1.085936 0.417443 0.264364
v 1.110318 0.377779 0.264364
v 1.141025 0.451307 0.264364
v 1.165407 0.411643 0.264364
v 1.109926 0.359321 0.224043
v 0.929859 0.271403 0.190442
v 0.940018 0.254876 0.224043
v 1.099767 0.375848 0.190442
v 0.909541 0.304456 0.190442
v 1.079448 0.408901 0.190442
v 0.899381 0.320983 0.224043
v 1.069289 0.425428 0.224043
v 1.141025 0.451307 0.264364
v 1.128834 0.471139 0.224043
v 1.141025 0.451307 0.183722
v 1.165407 0.411643 0.264364
v 1.165407 0.411643 0.183722
v 1.177598 0.391811 0.224043
v 0.940018 0.254876 0.224043
v 0.929859 0.271403 0.190442
v 0.923372 0.262860 0.183722
v 0.935563 0.243028 0.224043
v 0.929859 0.271403 0.257644
v 0.882535 0.237758 0.183722
v 0.923372 0.262860 0.264364
v 0.894726 0.217925 0.224043
v 0.882535 0.237758 0.264364
v 0.899381 0.320983 0.224043
v 0.909541 0.304456 0.257644
v 0.898990 0.302525 0.264364
v 0.886799 0.322357 0.224043
v 0.909541 0.304456 0.190442
v 0.858153 0.277422 0.264364
v 0.898990 0.302525 0.183722
v 0.845962 0.297254 0.224043
v 0.858153 0.277422 0.183722
v 0.929859 0.271403 0.190442
v 0.909541 0.304456 0.190442
v 0.898990 0.302525 0.183722
v 0.923372 0.262860 0.183722
v 0.858153 0.277422 0.183722
v 0.882535 0.237758 0.183722
v 1.069289 -0.425428 0.224043
v 0.909541 -0.304456 0.190442
v 0.899381 -0.320983 0.224043
v 1.079448 -0.408901 0.190442
v 0.929859 -0.271403 0.190442
v 1.099767 -0.375848 0.190442
v 0.940018 -0.254876 0.224043
v 1.109926 -0.359321 0.224043
v 0.661440 0.179718 0.224043
v 0.683604 0.141708 0.208203
v 0.799935 0.213030 0.208203
v 0.774306 0.248795 0.224043
v 0.683604 0.141708 0.239883
v 0.661440 0.179718 0.224043
v 0.774306 0.248795 0.224043
v 0.799935 0.213030 0.239883
v 0.799935 0.213030 0.208203
v 0.683604 0.141708 0.208203
v 0.705767 0.103697 0.208203
v 0.825565 0.177265 0.208203
v 0.799935 0.213030 0.239883
v 0.825565 0.177265 0.239883
v 0.705767 0.103697 0.239883
v 0.683604 0.141708 0.239883
v 0.748860 0.184919 0.255251
v 0.720577 0.232201 0.224632
v 0.747957 0.184330 0.193877
v 0.776692 0.137342 0.255182
v 0.775790 0.136754 0.193809
v 0.264793 -0.146413 0.247745
v 0.129781 -0.318048 0.247745
v 0.096520 -0.279856 0.247745
v 0.294150 -0.187643 0.247745
v 0.441050 -0.019568 0.247746
v 0.470287 -0.060902 0.247746
v 0.264793 -0.146413 0.200341
v 0.096520 -0.279856 0.200341
v 0.129781 -0.318048 0.200341
v 0.294150 -0.187643 0.200341
v 0.441050 -0.019568 0.200342
v 0.470287 -0.060902 0.200342
v 0.063259 -0.241663 0.224043
v 0.030909 -0.270468 0.224043
v 0.064170 -0.308660 0.200341
v 0.096520 -0.279856 0.200341
v 0.064170 -0.308660 0.247745
v 0.024745 -0.359785 0.247745
v -0.008516 -0.321592 0.224043
v 0.030909 -0.270468 0.224043
v -0.045791 -0.471582 0.224043
v 0.049691 -0.388429 0.200341
v 0.024745 -0.359785 0.200341
v 0.097431 -0.346853 0.200341
v 0.064170 -0.308660 0.200341
v 0.294150 -0.187643 0.247745
v 0.129781 -0.318048 0.200341
v 0.129781 -0.318048 0.247745
v 0.294150 -0.187643 0.200341
v 0.470287 -0.060902 0.247746
v 0.470287 -0.060902 0.200342
v 0.064170 -0.308660 0.247745
v 0.097431 -0.346853 0.247745
v 0.049691 -0.388429 0.247745
v 0.024745 -0.359785 0.247745
v 0.096520 -0.279856 0.247745
v 0.129781 -0.318048 0.247745
v 0.097431 -0.346853 0.247745
v 0.064170 -0.308660 0.247745
v 0.097431 -0.346853 0.247745
v 0.097431 -0.346853 0.200341
v 0.049691 -0.388429 0.200341
v 0.049691 -0.388429 0.224043
v -0.045791 -0.471582 0.224043
v 0.049691 -0.388429 0.247745
v 0.096520 -0.279856 0.247745
v 0.064170 -0.308660 0.247745
v 0.030909 -0.270468 0.224043
v 0.063259 -0.241663 0.224043
v 0.129781 -0.318048 0.200341
v 0.096520 -0.279856 0.200341
v 0.064170 -0.308660 0.200341
v 0.097431 -0.346853 0.200341
v 0.129781 -0.318048 0.247745
v 0.129781 -0.318048 0.200341
v 0.097431 -0.346853 0.200341
v 0.097431 -0.346853 0.247745
v 0.049691 -0.388429 0.224043
v 0.049691 -0.388429 0.200341
v 0.024745 -0.359785 0.200341
v 0.016430 -0.350237 0.224043
v 0.049691 -0.388429 0.247745
v -0.008516 -0.321592 0.224043
v 0.024745 -0.359785 0.247745
v 0.470287 -0.060902 0.200342
v 0.629740 0.045677 0.200332
v 0.602330 0.088199 0.200332
v 0.441050 -0.019568 0.200342
v 0.629740 0.045677 0.247736
v 0.470287 -0.060902 0.247746
v 0.441050 -0.019568 0.247746
v 0.602330 0.088199 0.247736
v 0.096520 -0.279856 0.247745
v 0.063259 -0.241663 0.224043
v 0.235435 -0.105183 0.224043
v 0.264793 -0.146413 0.247745
v 0.411814 0.021767 0.224044
v 0.441050 -0.019568 0.247746
v 0.063259 -0.241663 0.224043
v 0.096520 -0.279856 0.200341
v 0.264793 -0.146413 0.200341
v 0.235435 -0.105183 0.224043
v 0.441050 -0.019568 0.200342
v 0.411814 0.021767 0.224044
v 0.825565 0.177265 0.208203
v 0.705767 0.103697 0.208203
v 0.705767 0.103697 0.239883
v 0.825565 0.177265 0.239883
v 0.704064 0.154574 0.247727
v 0.678360 0.198179 0.224025
v 0.686195 0.209799 0.223598
v 0.715022 0.162860 0.254232
v 0.729769 0.110970 0.247727
v 0.720577 0.232201 0.224632
v 0.743398 0.115627 0.254180
v 0.748860 0.184919 0.255251
v 0.776692 0.137342 0.255182
v 0.642156 0.174569 0.224028
v 0.668457 0.131343 0.200326
v 0.704064 0.154574 0.200323
v 0.678360 0.198179 0.224025
v 0.668457 0.131343 0.247730
v 0.642156 0.174569 0.224028
v 0.678360 0.198179 0.224025
v 0.704064 0.154574 0.247727
v 0.686195 0.209799 0.223598
v 0.747957 0.184330 0.193877
v 0.720577 0.232201 0.224632
v 0.714119 0.162271 0.192859
v 0.678360 0.198179 0.224025
v 0.704064 0.154574 0.200323
v 0.742495 0.115038 0.192807
v 0.775790 0.136754 0.193809
v 0.729769 0.110970 0.200323
v 0.776692 0.137342 0.255182
v 0.775790 0.136754 0.193809
v 0.742495 0.115038 0.192807
v 0.743398 0.115627 0.254180
v 0.729769 0.110970 0.200323
v 0.729769 0.110970 0.247727
v 0.441050 -0.019568 0.200342
v 0.602330 0.088199 0.200332
v 0.574919 0.130721 0.224034
v 0.411814 0.021767 0.224044
v 0.629740 0.045677 0.200332
v 0.470287 -0.060902 0.200342
v 0.470287 -0.060902 0.247746
v 0.629740 0.045677 0.247736
v 0.668457 0.131343 0.247730
v 0.694759 0.088117 0.247730
v 0.629740 0.045677 0.247736
v 0.602330 0.088199 0.247736
v 0.668457 0.131343 0.200326
v 0.602330 0.088199 0.200332
v 0.629740 0.045677 0.200332
v 0.694759 0.088117 0.200326
v 0.694759 0.088117 0.247730
v 0.694759 0.088117 0.200326
v 0.629740 0.045677 0.200332
v 0.629740 0.045677 0.247736
v 0.411814 0.021767 0.224044
v 0.574919 0.130721 0.224034
v 0.602330 0.088199 0.247736
v 0.441050 -0.019568 0.247746
v 1.069289 0.425428 0.224043
v 0.909541 0.304456 0.257644
v 0.899381 0.320983 0.224043
v 1.079448 0.408901 0.257644
v 0.929859 0.271403 0.257644
v 1.099767 0.375848 0.257644
v 0.940018 0.254876 0.224043
v 1.109926 0.359321 0.224043
v 0.729769 0.110970 0.247727
v 0.729769 0.110970 0.200323
v 0.694759 0.088117 0.200326
v 0.694759 0.088117 0.247730
v 0.704064 0.154574 0.200323
v 0.668457 0.131343 0.200326
v 0.694759 0.088117 0.200326
v 0.729769 0.110970 0.200323
v 0.704064 0.154574 0.247727
v 0.729769 0.110970 0.247727
v 0.694759 0.088117 0.247730
v 0.668457 0.131343 0.247730
v 0.602330 0.088199 0.247736
v 0.574919 0.130721 0.224034
v 0.642156 0.174569 0.224028
v 0.668457 0.131343 0.247730
v 0.574919 0.130721 0.224034
v 0.602330 0.088199 0.200332
v 0.668457 0.131343 0.200326
v 0.642156 0.174569 0.224028
v 0.346233 0.015342 0.181285
v 0.365135 0.001420 0.181286
v 0.435090 0.100736 0.181281
v 0.416213 0.114633 0.181280
v 0.388456 0.034527 0.267284
v 0.411775 0.067632 0.267283
v 0.581563 -0.050400 0.267279
v 0.558905 -0.083930 0.267280
v 0.554009 -0.129014 0.181280
v 0.571773 -0.140567 0.181278
v 0.638947 -0.039479 0.181273
v 0.621582 -0.028175 0.181275
v 0.397335 0.128530 0.181279
v 0.397339 0.128531 0.267279
v 0.327334 0.029265 0.267284
v 0.327331 0.029264 0.181284
v 0.571773 -0.140567 0.181278
v 0.571776 -0.140566 0.267278
v 0.638950 -0.039478 0.267273
v 0.638947 -0.039479 0.181273
v 0.416215 -0.114634 0.257280
v 0.346236 -0.015343 0.257285
v 0.365138 -0.001421 0.257286
v 0.388456 -0.034526 0.257284
v 0.411774 -0.067631 0.257283
v 0.435093 -0.100737 0.257281
v 0.365134 -0.001420 0.171286
v 0.346232 -0.015342 0.171285
v 0.416212 -0.114633 0.171280
v 0.435089 -0.100736 0.171281
v 0.388456 -0.034526 0.257284
v 0.558905 0.083930 0.257280
v 0.581563 0.050400 0.257279
v 0.411774 -0.067631 0.257283
v 0.604217 0.016871 0.171277
v 0.536244 0.117462 0.171282
v 0.365134 -0.001420 0.171286
v 0.435089 -0.100736 0.171281
v 0.571773 0.140567 0.171278
v 0.554008 0.129014 0.171280
v 0.621582 0.028175 0.171275
v 0.638946 0.039479 0.171273
v 0.621585 0.028174 0.257275
v 0.554012 0.129013 0.257280
v 0.571776 0.140566 0.257278
v 0.638950 0.039478 0.257273
v 0.397338 -0.128531 0.257279
v 0.397335 -0.128530 0.171279
v 0.327331 -0.029264 0.171284
v 0.327334 -0.029265 0.257284
v 0.571776 0.140566 0.257278
v 0.571773 0.140567 0.171278
v 0.638946 0.039479 0.171273
v 0.638950 0.039478 0.257273
v 0.536248 -0.117460 0.267282
v 0.554012 -0.129013 0.267280
v 0.554009 -0.129014 0.181280
v 0.536244 -0.117461 0.181282
v 0.536244 -0.117461 0.181282
v 0.554009 -0.129014 0.181280
v 0.621582 -0.028175 0.181275
v 0.604218 -0.016871 0.181277
v 0.638950 -0.039478 0.267273
v 0.621586 -0.028174 0.267275
v 0.621582 -0.028175 0.181275
v 0.638947 -0.039479 0.181273
v 0.554012 -0.129013 0.267280
v 0.536248 -0.117460 0.267282
v 0.558905 -0.083930 0.267280
v 0.621586 -0.028174 0.267275
v 0.581563 -0.050400 0.267279
v 0.604221 -0.016870 0.267277
v 0.327334 0.029265 0.267284
v 0.397339 0.128531 0.267279
v 0.416216 0.114634 0.267280
v 0.346236 0.015343 0.267285
v 0.327334 0.029265 0.267284
v 0.346236 0.015343 0.267285
v 0.346233 0.015342 0.181285
v 0.327331 0.029264 0.181284
v 0.435093 0.100737 0.267281
v 0.416216 0.114634 0.267280
v 0.416213 0.114633 0.181280
v 0.435090 0.100736 0.181281
v 0.327331 -0.029264 0.171284
v 0.397335 -0.128530 0.171279
v 0.416212 -0.114633 0.171280
v 0.346232 -0.015342 0.171285
v 0.327334 -0.029265 0.257284
v 0.346236 -0.015343 0.257285
v 0.416215 -0.114634 0.257280
v 0.397338 -0.128531 0.257279
v 0.327334 -0.029265 0.257284
v 0.327331 -0.029264 0.171284
v 0.346232 -0.015342 0.171285
v 0.346236 -0.015343 0.257285
v 0.435093 -0.100737 0.257281
v 0.435089 -0.100736 0.171281
v 0.416212 -0.114633 0.171280
v 0.416215 -0.114634 0.257280
v 0.558905 0.083930 0.257280
v 0.536247 0.117461 0.257282
v 0.554012 0.129013 0.257280
v 0.621585 0.028174 0.257275
v 0.581563 0.050400 0.257279
v 0.604221 0.016870 0.257277
v 0.536244 0.117462 0.171282
v 0.604217 0.016871 0.171277
v 0.621582 0.028175 0.171275
v 0.554008 0.129014 0.171280
v 0.638950 0.039478 0.257273
v 0.638946 0.039479 0.171273
v 0.621582 0.028175 0.171275
v 0.621585 0.028174 0.257275
v 0.536247 0.117461 0.257282
v 0.536244 0.117462 0.171282
v 0.554008 0.129014 0.171280
v 0.554012 0.129013 0.257280
v 0.604218 -0.016871 0.181277
v 0.604221 -0.016870 0.267277
v 0.435093 0.100737 0.267281
v 0.435090 0.100736 0.181281
v 0.604221 0.016870 0.257277
v 0.604217 0.016871 0.171277
v 0.435089 -0.100736 0.171281
v 0.435093 -0.100737 0.257281
v 0.365135 0.001420 0.181286
v 0.536244 -0.117461 0.181282
v 0.604218 -0.016871 0.181277
v 0.435090 0.100736 0.181281
v -0.045791 0.471582 0.224043
v 0.049691 0.388429 0.200341
v 0.049691 0.388429 0.224043
v 0.049691 0.388429 0.247745
v 0.097431 0.346853 0.200341
v 0.097431 0.346853 0.247745
vt 0.120987743 0.605118036
vt 0.12392953 0.605220437
vt 0.126272142 0.602500796
vt 0.120028079 0.606482089
vt 0.122969866 0.606584311
vt 0.120987743 0.605118036
vt 0.118835926 0.625228047
vt 0.116491884 0.62250793
vt 0.113550097 0.622610748
vt 0.111928523 0.625461698
vt 0.111603469 0.62267518
vt 0.109584481 0.62274164
vt 0.120987743 0.605118036
vt 0.126272142 0.602500796
vt 0.12392953 0.605220437
vt 0.120028079 0.606482089
vt 0.120987743 0.605118036
vt 0.122969866 0.606584311
vt 0.118835926 0.625228047
vt 0.113550097 0.622610748
vt 0.116491884 0.62250793
vt 0.111928523 0.625461698
vt 0.109584481 0.62274164
vt 0.111603469 0.62267518
vt 0.43783468 0.798260689
vt 0.440235257 0.791288078
vt 0.440654308 0.791200519
vt 0.436379641 0.798101902
vt 0.439397156 0.791463256
vt 0.439397156 0.791463256
vt 0.440744728 0.798578322
vt 0.440744728 0.798578322
vt 0.126439422 0.608158648
vt 0.126461983 0.607364357
vt 0.126461983 0.607364357
vt 0.126439422 0.608158648
vt 0.439397156 0.791463256
vt 0.439816177 0.791375637
vt 0.439289689 0.798419476
vt 0.440744728 0.798578322
vt 0.126287133 0.61927706
vt 0.126397222 0.617803872
vt 0.122035295 0.617303789
vt 0.121928424 0.618753016
vt 0.126397222 0.617803872
vt 0.126287133 0.61927706
vt 0.126287133 0.61927706
vt 0.126397222 0.617803872
vt 0.441346943 0.759726286
vt 0.441453844 0.758276999
vt 0.441453844 0.758276999
vt 0.441346943 0.759726286
vt 0.444471359 0.751638293
vt 0.444493532 0.750842214
vt 0.445751071 0.750581145
vt 0.44489038 0.751550674
vt 0.44530946 0.751463056
vt 0.445728511 0.751375496
vt 0.444493532 0.750842214
vt 0.444471359 0.751638293
vt 0.444471359 0.751638293
vt 0.444493532 0.750842214
vt 0.441000581 0.793322325
vt 0.4410851 0.791513443
vt 0.437791467 0.791403711
vt 0.437706977 0.793212712
vt 0.440712988 0.795124531
vt 0.437419385 0.795014739
vt 0.42820555 0.799447834
vt 0.43131566 0.801363468
vt 0.431501746 0.799557626
vt 0.428019464 0.801253796
vt 0.431129634 0.803168654
vt 0.427833438 0.803058863
vt 0.427926242 0.796552956
vt 0.428137153 0.794506133
vt 0.424843222 0.794408262
vt 0.424632311 0.796455145
vt 0.428137153 0.794506133
vt 0.428348064 0.792459607
vt 0.425056338 0.79233849
vt 0.424845427 0.794385433
vt 0.441324353 0.795144856
vt 0.436763942 0.796044886
vt 0.436549366 0.798127592
vt 0.445670217 0.796326876
vt 0.4408952 0.799309731
vt 0.445455641 0.798409224
vt 0.445025325 0.802585006
vt 0.4452402 0.800500214
vt 0.440879524 0.799309254
vt 0.440449864 0.803478599
vt 0.436304092 0.800202847
vt 0.436089218 0.802287996
vt 0.109051637 0.61713922
vt 0.112546287 0.616051972
vt 0.109849446 0.615962207
vt 0.1130969 0.617273808
vt 0.109611861 0.618268073
vt 0.112308703 0.618357658
vt 0.116661809 0.609117329
vt 0.113082446 0.608998239
vt 0.112954892 0.610186815
vt 0.117727362 0.610345662
vt 0.112896182 0.611273646
vt 0.11647553 0.611392856
vt 0.113189407 0.607912958
vt 0.118079014 0.606882691
vt 0.1144998 0.606763542
vt 0.117961682 0.608071804
vt 0.114216365 0.609035969
vt 0.117795579 0.609155059
vt 0.1266682 0.608604908
vt 0.12681739 0.607157111
vt 0.124120548 0.607067466
vt 0.123971358 0.608515322
vt 0.113160603 0.608190596
vt 0.113309689 0.606743693
vt 0.110612832 0.606654108
vt 0.110463761 0.608100712
vt 0.120323591 0.604621112
vt 0.118002452 0.604322255
vt 0.118256785 0.604544759
vt 0.120482661 0.604413509
vt 0.118088134 0.603490829
vt 0.120568313 0.603582203
vt 0.12274377 0.605294764
vt 0.120422311 0.604999185
vt 0.120675497 0.605233073
vt 0.122904301 0.605073094
vt 0.120568357 0.603581965
vt 0.123050332 0.603655815
vt 0.110969312 0.612867951
vt 0.113134302 0.613173425
vt 0.112791754 0.612945497
vt 0.110947378 0.613080561
vt 0.109143667 0.612824023
vt 0.112988241 0.614590704
vt 0.108756624 0.613027811
vt 0.110801332 0.614497781
vt 0.108610563 0.61444515
vt 0.106590487 0.612734497
vt 0.108756728 0.613026679
vt 0.108414523 0.612795115
vt 0.106567882 0.612953961
vt 0.104766466 0.612673819
vt 0.108610563 0.61444515
vt 0.10437905 0.612881005
vt 0.106421731 0.614372432
vt 0.104232885 0.614299536
vt 0.117806412 0.608915448
vt 0.119987108 0.60922271
vt 0.119873218 0.608991683
vt 0.117506899 0.609131217
vt 0.119841076 0.610639811
vt 0.117360868 0.610548437
vt 0.100375555 0.614709675
vt 0.100270323 0.615730882
vt 0.102406539 0.616314232
vt 0.102617048 0.61427176
vt 0.104648001 0.615876496
vt 0.104753233 0.614855289
vt 0.111419819 0.608496368
vt 0.109252267 0.608217776
vt 0.109594159 0.60845232
vt 0.111443035 0.608270407
vt 0.113242246 0.608573556
vt 0.109337948 0.607386231
vt 0.113629945 0.60836339
vt 0.111528732 0.607438743
vt 0.113715626 0.607531846
vt 0.107041337 0.608359396
vt 0.104875095 0.608067214
vt 0.1052173 0.608298719
vt 0.107063942 0.608139932
vt 0.108865358 0.608420074
vt 0.104960836 0.607234955
vt 0.109252773 0.608212829
vt 0.107149683 0.607307911
vt 0.109338515 0.607380629
vt 0.120225064 0.609603882
vt 0.122408718 0.609882355
vt 0.122293405 0.609665632
vt 0.119926758 0.609808326
vt 0.122323059 0.610713661
vt 0.119841076 0.610639811
vt 0.045307979 0.969785154
vt 0.0453186184 0.972690046
vt 0.0478256494 0.972765565
vt 0.0478203446 0.969769955
vt 0.0477889329 0.984063625
vt 0.0477942675 0.981068134
vt 0.0452872366 0.981143892
vt 0.0452765971 0.984048724
vt 0.0361740962 0.884811461
vt 0.0385169163 0.88487196
vt 0.0385169163 0.881785631
vt 0.0361687914 0.881815851
vt 0.0361427143 0.89311403
vt 0.0361373797 0.896109521
vt 0.0384855345 0.89613992
vt 0.0384855345 0.89305383
vt 0.132411927 0.618861377
vt 0.129074275 0.618858755
vt 0.129074275 0.620069802
vt 0.132411927 0.620072603
vt 0.130743116 0.621282399
vt 0.433556378 0.840355515
vt 0.433939725 0.844631672
vt 0.436631739 0.844542861
vt 0.43625623 0.840375364
vt 0.433645844 0.837174594
vt 0.436346442 0.837197959
vt 0.440997958 0.837120593
vt 0.444070995 0.832933187
vt 0.441378921 0.832844436
vt 0.44369787 0.837100744
vt 0.441089243 0.840301812
vt 0.44378987 0.840278149
vt 0.443247378 0.791399658
vt 0.446189165 0.791501999
vt 0.446475774 0.790115714
vt 0.443533987 0.790013433
vt 0.115531474 0.621143997
vt 0.112589687 0.621246815
vt 0.113550097 0.622610748
vt 0.116491884 0.62250793
vt 0.119364738 0.602734447
vt 0.117022127 0.605454087
vt 0.119041175 0.605520368
vt 0.118754566 0.606906772
vt 0.116062462 0.60681802
vt 0.448143959 0.837046862
vt 0.448209882 0.832891524
vt 0.44563219 0.832884848
vt 0.445566297 0.837040126
vt 0.448093534 0.840223372
vt 0.445515841 0.840216875
vt 0.108624071 0.621377766
vt 0.109584481 0.62274164
vt 0.111603469 0.62267518
vt 0.111316055 0.621288776
vt 0.431842566 0.803522825
vt 0.432129979 0.80490905
vt 0.434821963 0.80482018
vt 0.43453458 0.803434014
vt 0.438749969 0.803289175
vt 0.435808212 0.803391993
vt 0.436095595 0.804778099
vt 0.439037383 0.804675281
vt 0.441973835 0.791824341
vt 0.442260474 0.790438116
vt 0.439568371 0.790349305
vt 0.439281762 0.79173559
vt 0.446112722 0.791782677
vt 0.446134567 0.79040432
vt 0.443556875 0.790397584
vt 0.44353503 0.791775942
vt 0.465461671 0.843436718
vt 0.464172781 0.842604637
vt 0.464172781 0.843436718
vt 0.465461671 0.842327058
vt 0.466750532 0.843436718
vt 0.465461671 0.841495097
vt 0.466750532 0.842604637
vt 0.447805643 0.837863982
vt 0.445105016 0.837887466
vt 0.445542485 0.843732238
vt 0.448236704 0.843661129
vt 0.440789789 0.828986704
vt 0.43809557 0.828915536
vt 0.437661618 0.834760249
vt 0.440362215 0.834783614
vt 0.440847129 0.844398022
vt 0.437514126 0.840116143
vt 0.437905371 0.84450084
vt 0.440463781 0.840121686
vt 0.437602878 0.836931705
vt 0.440553248 0.836940765
vt 0.445344537 0.832508504
vt 0.447905362 0.836887062
vt 0.448286325 0.832610846
vt 0.444955766 0.836893082
vt 0.447996646 0.840068042
vt 0.445046335 0.840077937
vt 0.0432661846 0.896140456
vt 0.0449888781 0.896140456
vt 0.0449888781 0.89305383
vt 0.0432661846 0.89305383
vt 0.110119164 0.60818404
vt 0.106923938 0.607793152
vt 0.107182205 0.608083069
vt 0.110175848 0.607878566
vt 0.11280632 0.608299673
vt 0.107052624 0.606892705
vt 0.113102853 0.607994318
vt 0.110302001 0.606992304
vt 0.113226473 0.607122064
vt 0.449861079 0.805023909
vt 0.450037718 0.806377947
vt 0.452974558 0.806276143
vt 0.452801496 0.804944217
vt 0.445353717 0.787463665
vt 0.445525974 0.78613174
vt 0.442589015 0.786030829
vt 0.442413241 0.787384808
vt 0.11438182 0.628720701
vt 0.114489198 0.629619956
vt 0.117736816 0.629496098
vt 0.117631614 0.628610969
vt 0.114630908 0.628430247
vt 0.117567748 0.628328443
vt 0.120559692 0.628495216
vt 0.120662689 0.629366398
vt 0.120254874 0.628213048
vt 0.124040246 0.629348814
vt 0.120662689 0.628443003
vt 0.12070331 0.629316509
vt 0.123999625 0.628475308
vt 0.121075928 0.628161192
vt 0.12365362 0.628167868
vt 0.446384549 0.837491512
vt 0.443434238 0.837501049
vt 0.443878055 0.843393922
vt 0.446822017 0.843336284
vt 0.449439019 0.843604028
vt 0.452016681 0.843610704
vt 0.452109307 0.837809026
vt 0.449531615 0.837802529
vt 0.434252024 0.829997957
vt 0.434079796 0.831329882
vt 0.436774015 0.83140105
vt 0.436942726 0.830091238
vt 0.441699803 0.847478509
vt 0.444390476 0.847385228
vt 0.44422093 0.846075475
vt 0.441526711 0.846146584
vt 0.447979808 0.847337365
vt 0.448000908 0.84602505
vt 0.445423245 0.846018374
vt 0.445402145 0.847330809
vt 0.435990781 0.834354937
vt 0.438941151 0.834364295
vt 0.439375103 0.828519583
vt 0.43643108 0.828462541
vt 0.252073377 0.425100088
vt 0.234573424 0.709190965
vt 0.252073377 0.709190965
vt 0.234573424 0.425100118
vt 0.199573383 0.709190965
vt 0.199573383 0.425100118
vt 0.182073355 0.709190965
vt 0.182073444 0.425100118
vt 0.452153027 0.806349158
vt 0.452174097 0.805036843
vt 0.449596435 0.805030346
vt 0.449575335 0.806342721
vt 0.446067154 0.806509972
vt 0.448754281 0.806394458
vt 0.448584765 0.805084765
vt 0.445894092 0.805177987
vt 0.438618571 0.786365569
vt 0.438446313 0.787697434
vt 0.441137016 0.787790775
vt 0.441305727 0.786480963
vt 0.4409872 0.831096053
vt 0.441159427 0.829764128
vt 0.438218951 0.829685271
vt 0.438043177 0.83103925
vt 0.445490152 0.845970392
vt 0.44566679 0.847324371
vt 0.448607206 0.84724468
vt 0.448434114 0.845912755
vt 0.436379641 0.798101902
vt 0.440654308 0.791200519
vt 0.440235257 0.791288078
vt 0.43783468 0.798260689
vt 0.126461983 0.607364357
vt 0.125204086 0.607623637
vt 0.125181884 0.608419716
vt 0.126439422 0.608158648
vt 0.439397156 0.791463256
vt 0.439397156 0.791463256
vt 0.440744728 0.798578322
vt 0.440744728 0.798578322
vt 0.125390857 0.610541821
vt 0.125390857 0.610541821
vt 0.125413418 0.609747529
vt 0.125413418 0.609747529
vt 0.439397156 0.791463256
vt 0.440744728 0.798578322
vt 0.439289689 0.798419476
vt 0.439816177 0.791375637
vt 0.125348657 0.620187163
vt 0.125348657 0.620187163
vt 0.125238568 0.621660233
vt 0.125238568 0.621660233
vt 0.441346943 0.759726286
vt 0.441346943 0.759726286
vt 0.441453844 0.758276999
vt 0.441453844 0.758276999
vt 0.444493532 0.750842214
vt 0.444493532 0.750842214
vt 0.444471359 0.751638293
vt 0.444471359 0.751638293
vt 0.441000581 0.793322325
vt 0.437791467 0.791403711
vt 0.4410851 0.791513443
vt 0.437706977 0.793212712
vt 0.440712988 0.795124531
vt 0.437419385 0.795014739
vt 0.42820555 0.799447834
vt 0.431501746 0.799557626
vt 0.43131566 0.801363468
vt 0.428019464 0.801253796
vt 0.431129634 0.803168654
vt 0.427833438 0.803058863
vt 0.427926242 0.796552956
vt 0.424632311 0.796455145
vt 0.424843222 0.794408262
vt 0.428137153 0.794506133
vt 0.428137153 0.794506133
vt 0.424845427 0.794385433
vt 0.425056338 0.79233849
vt 0.428348064 0.792459607
vt 0.445670217 0.796326876
vt 0.445455641 0.798409224
vt 0.4408952 0.799309731
vt 0.436549366 0.798127592
vt 0.441324353 0.795144856
vt 0.436763942 0.796044886
vt 0.440449864 0.803478599
vt 0.436089218 0.802287996
vt 0.436304092 0.800202847
vt 0.445025325 0.802585006
vt 0.440879524 0.799309254
vt 0.4452402 0.800500214
vt 0.109051637 0.61713922
vt 0.109849446 0.615962207
vt 0.112546287 0.616051972
vt 0.1130969 0.617273808
vt 0.109611861 0.618268073
vt 0.112308703 0.618357658
vt 0.116661809 0.609117329
vt 0.112954892 0.610186815
vt 0.113082446 0.608998239
vt 0.117727362 0.610345662
vt 0.112896182 0.611273646
vt 0.11647553 0.611392856
vt 0.113189407 0.607912958
vt 0.1144998 0.606763542
vt 0.118079014 0.606882691
vt 0.117961682 0.608071804
vt 0.114216365 0.609035969
vt 0.117795579 0.609155059
vt 0.1266682 0.608604908
vt 0.123971358 0.608515322
vt 0.124120548 0.607067466
vt 0.12681739 0.607157111
vt 0.113160603 0.608190596
vt 0.110463761 0.608100712
vt 0.110612832 0.606654108
vt 0.113309689 0.606743693
vt 0.120323591 0.604621112
vt 0.118256785 0.604544759
vt 0.118002452 0.604322255
vt 0.120482661 0.604413509
vt 0.118088134 0.603490829
vt 0.120568313 0.603582203
vt 0.12274377 0.605294764
vt 0.120675497 0.605233073
vt 0.120422311 0.604999185
vt 0.122904301 0.605073094
vt 0.120568357 0.603581965
vt 0.123050332 0.603655815
vt 0.110969312 0.612867951
vt 0.112791754 0.612945497
vt 0.113134302 0.613173425
vt 0.110947378 0.613080561
vt 0.109143667 0.612824023
vt 0.112988241 0.614590704
vt 0.108756624 0.613027811
vt 0.110801332 0.614497781
vt 0.108610563 0.61444515
vt 0.106590487 0.612734497
vt 0.108414523 0.612795115
vt 0.108756728 0.613026679
vt 0.106567882 0.612953961
vt 0.104766466 0.612673819
vt 0.108610563 0.61444515
vt 0.10437905 0.612881005
vt 0.106421731 0.614372432
vt 0.104232885 0.614299536
vt 0.117806412 0.608915448
vt 0.119873218 0.608991683
vt 0.119987108 0.60922271
vt 0.117506899 0.609131217
vt 0.119841076 0.610639811
vt 0.117360868 0.610548437
vt 0.252073377 0.709190965
vt 0.269573301 0.425100118
vt 0.252073407 0.425100088
vt 0.269573301 0.709190905
vt 0.304573357 0.425100088
vt 0.304573387 0.709190905
vt 0.32207334 0.425100118
vt 0.32207334 0.709190965
vt 0.102617048 0.61427176
vt 0.104753233 0.614855289
vt 0.104648001 0.615876496
vt 0.100375555 0.614709675
vt 0.102406539 0.616314232
vt 0.100270323 0.615730882
vt 0.111419819 0.608496368
vt 0.109594159 0.60845232
vt 0.109252267 0.608217776
vt 0.111443035 0.608270407
vt 0.113242246 0.608573556
vt 0.109337948 0.607386231
vt 0.113629945 0.60836339
vt 0.111528732 0.607438743
vt 0.113715626 0.607531846
vt 0.107041337 0.608359396
vt 0.1052173 0.608298719
vt 0.104875095 0.608067214
vt 0.107063942 0.608139932
vt 0.108865358 0.608420074
vt 0.104960836 0.607234955
vt 0.109252773 0.608212829
vt 0.107149683 0.607307911
vt 0.109338515 0.607380629
vt 0.120225064 0.609603882
vt 0.122293405 0.609665632
vt 0.122408718 0.609882355
vt 0.119926758 0.609808326
vt 0.122323059 0.610713661
vt 0.119841076 0.610639811
vt 0.462073326 0.425100088
vt 0.444573313 0.709190905
vt 0.462073326 0.709190905
vt 0.444573402 0.425100088
vt 0.409573287 0.709190845
vt 0.409573287 0.425100088
vt 0.392073363 0.709190905
vt 0.392073363 0.425100088
vt 0.045307979 0.969785154
vt 0.0478203446 0.969769955
vt 0.0478256494 0.972765565
vt 0.0453186184 0.972690046
vt 0.0477889329 0.984063625
vt 0.0452765971 0.984048724
vt 0.0452872366 0.981143892
vt 0.0477942675 0.981068134
vt 0.0361740962 0.884811461
vt 0.0361687914 0.881815851
vt 0.0385169163 0.881785631
vt 0.0385169163 0.88487196
vt 0.0361427143 0.89311403
vt 0.0384855345 0.89305383
vt 0.0384855345 0.89613992
vt 0.0361373797 0.896109521
vt 0.132411927 0.620072603
vt 0.130743116 0.621282399
vt 0.129074275 0.620069802
vt 0.132411927 0.618861377
vt 0.129074275 0.618858755
vt 0.433556378 0.840355515
vt 0.436631739 0.844542861
vt 0.433939725 0.844631672
vt 0.43625623 0.840375364
vt 0.433645844 0.837174594
vt 0.436346442 0.837197959
vt 0.440997958 0.837120593
vt 0.441378921 0.832844436
vt 0.444070995 0.832933187
vt 0.44369787 0.837100744
vt 0.441089243 0.840301812
vt 0.44378987 0.840278149
vt 0.443247378 0.791399658
vt 0.443533987 0.790013433
vt 0.446475774 0.790115714
vt 0.446189165 0.791501999
vt 0.115531474 0.621143997
vt 0.116491884 0.62250793
vt 0.113550097 0.622610748
vt 0.112589687 0.621246815
vt 0.119364738 0.602734447
vt 0.119041175 0.605520368
vt 0.117022127 0.605454087
vt 0.118754566 0.606906772
vt 0.116062462 0.60681802
vt 0.448143959 0.837046862
vt 0.44563219 0.832884848
vt 0.448209882 0.832891524
vt 0.445566297 0.837040126
vt 0.448093534 0.840223372
vt 0.445515841 0.840216875
vt 0.108624071 0.621377766
vt 0.111316055 0.621288776
vt 0.111603469 0.62267518
vt 0.109584481 0.62274164
vt 0.431842566 0.803522825
vt 0.43453458 0.803434014
vt 0.434821963 0.80482018
vt 0.432129979 0.80490905
vt 0.122628659 0.606872976
vt 0.120050967 0.6068663
vt 0.120072812 0.605487823
vt 0.121361673 0.605491161
vt 0.121405363 0.602734447
vt 0.122650504 0.605494618
vt 0.438749969 0.803289175
vt 0.439037383 0.804675281
vt 0.436095595 0.804778099
vt 0.435808212 0.803391993
vt 0.441973835 0.791824341
vt 0.439281762 0.79173559
vt 0.439568371 0.790349305
vt 0.442260474 0.790438116
vt 0.446112722 0.791782677
vt 0.44353503 0.791775942
vt 0.443556875 0.790397584
vt 0.446134567 0.79040432
vt 0.465461671 0.843436718
vt 0.464172781 0.843436718
vt 0.464172781 0.842604637
vt 0.465461671 0.842327058
vt 0.466750532 0.843436718
vt 0.465461671 0.841495097
vt 0.466750532 0.842604637
vt 0.447805643 0.837863982
vt 0.448236704 0.843661129
vt 0.445542485 0.843732238
vt 0.445105016 0.837887466
vt 0.440789789 0.828986704
vt 0.440362215 0.834783614
vt 0.437661618 0.834760249
vt 0.43809557 0.828915536
vt 0.440847129 0.844398022
vt 0.437905371 0.84450084
vt 0.437514126 0.840116143
vt 0.440463781 0.840121686
vt 0.437602878 0.836931705
vt 0.440553248 0.836940765
vt 0.445344537 0.832508504
vt 0.448286325 0.832610846
vt 0.447905362 0.836887062
vt 0.444955766 0.836893082
vt 0.447996646 0.840068042
vt 0.445046335 0.840077937
vt 0.0432661846 0.896140456
vt 0.0432661846 0.89305383
vt 0.0449888781 0.89305383
vt 0.0449888781 0.896140456
vt 0.110119164 0.60818404
vt 0.107182205 0.608083069
vt 0.106923938 0.607793152
vt 0.110175848 0.607878566
vt 0.11280632 0.608299673
vt 0.107052624 0.606892705
vt 0.113102853 0.607994318
vt 0.110302001 0.606992304
vt 0.113226473 0.607122064
vt 0.449861079 0.805023909
vt 0.452801496 0.804944217
vt 0.452974558 0.806276143
vt 0.450037718 0.806377947
vt 0.445353717 0.787463665
vt 0.442413241 0.787384808
vt 0.442589015 0.786030829
vt 0.445525974 0.78613174
vt 0.11438182 0.628720701
vt 0.117736816 0.629496098
vt 0.114489198 0.629619956
vt 0.117631614 0.628610969
vt 0.114630908 0.628430247
vt 0.117567748 0.628328443
vt 0.120559692 0.628495216
vt 0.120662689 0.629366398
vt 0.120254874 0.628213048
vt 0.124040246 0.629348814
vt 0.12070331 0.629316509
vt 0.120662689 0.628443003
vt 0.123999625 0.628475308
vt 0.121075928 0.628161192
vt 0.12365362 0.628167868
vt 0.446384549 0.837491512
vt 0.446822017 0.843336284
vt 0.443878055 0.843393922
vt 0.443434238 0.837501049
vt 0.449439019 0.843604028
vt 0.449531615 0.837802529
vt 0.452109307 0.837809026
vt 0.452016681 0.843610704
vt 0.434252024 0.829997957
vt 0.436942726 0.830091238
vt 0.436774015 0.83140105
vt 0.434079796 0.831329882
vt 0.441699803 0.847478509
vt 0.441526711 0.846146584
vt 0.44422093 0.846075475
vt 0.444390476 0.847385228
vt 0.447979808 0.847337365
vt 0.445402145 0.847330809
vt 0.445423245 0.846018374
vt 0.448000908 0.84602505
vt 0.435990781 0.834354937
vt 0.43643108 0.828462541
vt 0.439375103 0.828519583
vt 0.438941151 0.834364295
vt 0.392073363 0.425100088
vt 0.37457332 0.709190905
vt 0.392073363 0.709190845
vt 0.37457338 0.425100088
vt 0.339573324 0.709190845
vt 0.339573324 0.425100118
vt 0.32207337 0.709190905
vt 0.32207334 0.425100088
vt 0.452153027 0.806349158
vt 0.449575335 0.806342721
vt 0.449596435 0.805030346
vt 0.452174097 0.805036843
vt 0.446067154 0.806509972
vt 0.445894092 0.805177987
vt 0.448584765 0.805084765
vt 0.448754281 0.806394458
vt 0.438618571 0.786365569
vt 0.441305727 0.786480963
vt 0.441137016 0.787790775
vt 0.438446313 0.787697434
vt 0.4409872 0.831096053
vt 0.438043177 0.83103925
vt 0.438218951 0.829685271
vt 0.441159427 0.829764128
vt 0.445490152 0.845970392
vt 0.448434114 0.845912755
vt 0.448607206 0.84724468
vt 0.44566679 0.847324371
vt 0.444493532 0.750842214
vt 0.444471359 0.751638293
vt 0.445728511 0.751375496
vt 0.445751071 0.750581145
vt 0.439816177 0.750266731
vt 0.440235257 0.750179231
vt 0.43783468 0.757151842
vt 0.439289689 0.757310629
vt 0.126397222 0.617803872
vt 0.126287133 0.61927706
vt 0.121928424 0.618753016
vt 0.122035295 0.617303789
vt 0.126461983 0.607364357
vt 0.126461983 0.607364357
vt 0.125204086 0.607623637
vt 0.125204086 0.607623637
vt 0.126287133 0.61927706
vt 0.126287133 0.61927706
vt 0.121928424 0.618753016
vt 0.121928424 0.618753016
vt 0.445751071 0.750581145
vt 0.444493532 0.750842214
vt 0.444471359 0.751638293
vt 0.44489038 0.751550674
vt 0.44530946 0.751463056
vt 0.445728511 0.751375496
vt 0.444471359 0.751638293
vt 0.444493532 0.750842214
vt 0.445751071 0.750581145
vt 0.445728511 0.751375496
vt 0.439816177 0.750266731
vt 0.439289689 0.757310629
vt 0.43783468 0.757151842
vt 0.440235257 0.750179231
vt 0.436379641 0.798101902
vt 0.440744728 0.798578322
vt 0.439397156 0.791463256
vt 0.440654308 0.791200519
vt 0.125238568 0.621660233
vt 0.125348657 0.620187163
vt 0.12098673 0.619686902
vt 0.120879859 0.621136189
vt 0.12098673 0.619686902
vt 0.125348657 0.620187163
vt 0.125238568 0.621660233
vt 0.120879859 0.621136189
vt 0.125413418 0.609747529
vt 0.125413418 0.609747529
vt 0.124155521 0.610006809
vt 0.124155521 0.610006809
vt 0.125238568 0.621660233
vt 0.125238568 0.621660233
vt 0.120879859 0.621136189
vt 0.120879859 0.621136189
vt 0.445818931 0.7587533
vt 0.445708871 0.760226429
vt 0.445708871 0.760226429
vt 0.445818931 0.7587533
vt 0.445818931 0.7587533
vt 0.445708871 0.760226429
vt 0.441346943 0.759726286
vt 0.441453844 0.758276999
vt 0.121928424 0.618753016
vt 0.122035295 0.617303789
vt 0.122035295 0.617303789
vt 0.121928424 0.618753016
vt 0.445708871 0.760226429
vt 0.445818931 0.7587533
vt 0.444363892 0.758594513
vt 0.441346943 0.759726286
vt 0.442908883 0.758435726
vt 0.441453844 0.758276999
vt 0.125204086 0.607623637
vt 0.126461983 0.607364357
vt 0.126439422 0.608158648
vt 0.125181884 0.608419716
vt 0.125204086 0.607623637
vt 0.125181884 0.608419716
vt 0.125181884 0.608419716
vt 0.125204086 0.607623637
vt 0.445728511 0.751375496
vt 0.445751071 0.750581145
vt 0.445751071 0.750581145
vt 0.445728511 0.751375496
vt 0.124155521 0.610006809
vt 0.125413418 0.609747529
vt 0.125390857 0.610541821
vt 0.124133319 0.610802829
vt 0.124155521 0.610006809
vt 0.124133319 0.610802829
vt 0.125390857 0.610541821
vt 0.125413418 0.609747529
vt 0.124155521 0.610006809
vt 0.124155521 0.610006809
vt 0.124133319 0.610802829
vt 0.124133319 0.610802829
vt 0.445728511 0.751375496
vt 0.445728511 0.751375496
vt 0.445751071 0.750581145
vt 0.445751071 0.750581145
vt 0.444363892 0.758594513
vt 0.445818931 0.7587533
vt 0.445708871 0.760226429
vt 0.441346943 0.759726286
vt 0.442908883 0.758435726
vt 0.441453844 0.758276999
vt 0.445818931 0.7587533
vt 0.441453844 0.758276999
vt 0.441346943 0.759726286
vt 0.445708871 0.760226429
vt 0.120879859 0.621136189
vt 0.120879859 0.621136189
vt 0.12098673 0.619686902
vt 0.12098673 0.619686902
vt 0.445818931 0.7587533
vt 0.445818931 0.7587533
vt 0.445708871 0.760226429
vt 0.445708871 0.760226429
vt 0.436379641 0.798101902
vt 0.436379641 0.798101902
vt 0.440654308 0.791200519
vt 0.440654308 0.791200519
vt 0.436379641 0.798101902
vt 0.436379641 0.798101902
vt 0.440654308 0.791200519
vt 0.440654308 0.791200519
vt 0.439397156 0.791463256
vt 0.440744728 0.798578322
vt 0.436379641 0.798101902
vt 0.440654308 0.791200519
vt 0.121405363 0.602734447
vt 0.120072812 0.605487823
vt 0.121361673 0.605491161
vt 0.122650504 0.605494618
vt 0.120050967 0.6068663
vt 0.122628659 0.606872976
vn -0.481388 -0.119633 -0.868305
vn -0.276465 -0.089486 -0.956849
vn -0.371817 -0.037945 -0.927530
vn -0.315505 -0.286623 -0.904601
vn -0.188468 -0.167528 -0.967685
vn -0.341084 -0.263032 -0.902483
vn -0.371817 -0.037945 0.927530
vn -0.377347 -0.041945 0.925122
vn -0.481388 -0.119633 0.868305
vn -0.371817 -0.037945 0.927530
vn -0.138760 0.120842 0.982926
vn -0.377347 -0.041945 0.925122
vn -0.481388 0.119633 -0.868305
vn -0.371817 0.037945 -0.927530
vn -0.276465 0.089486 -0.956849
vn -0.315505 0.286623 -0.904601
vn -0.341084 0.263032 -0.902483
vn -0.188468 0.167528 -0.967685
vn -0.371817 0.037945 0.927530
vn -0.481388 0.119633 0.868305
vn -0.377347 0.041945 0.925122
vn -0.371817 0.037945 0.927530
vn -0.377347 0.041945 0.925122
vn -0.138760 -0.120842 0.982926
vn -0.000000 0.000000 1.000000
vn -0.000000 0.000000 1.000000
vn -0.000000 0.000000 1.000000
vn -0.000000 0.000000 1.000000
vn -0.572871 -0.819645 -0.000000
vn -0.572871 -0.819645 -0.000000
vn -0.568254 -0.822853 -0.000000
vn -0.568254 -0.822853 -0.000000
vn 0.592860 0.805306 -0.000000
vn 0.592860 0.805306 -0.000000
vn 0.592860 0.805306 -0.000000
vn 0.592860 0.805305 -0.000000
vn -0.000000 0.000000 1.000000
vn -0.000000 0.000000 1.000000
vn -0.000000 0.000000 1.000000
vn -0.000000 0.000000 1.000000
vn -0.000000 0.000000 1.000000
vn -0.000000 0.000000 1.000000
vn -0.000000 0.000000 1.000000
vn -0.000000 0.000000 1.000000
vn -0.545180 -0.838319 -0.000000
vn -0.545180 -0.838319 -0.000000
vn -0.545180 -0.838319 -0.000000
vn -0.545180 -0.838319 -0.000000
vn 0.545573 0.838063 -0.000000
vn 0.568616 0.822603 -0.000000
vn 0.568615 0.822604 -0.000000
vn 0.545573 0.838063 -0.000000
vn -0.000000 0.000000 1.000000
vn -0.000000 0.000000 1.000000
vn -0.000000 0.000000 1.000000
vn -0.000000 0.000000 1.000000
vn -0.000000 0.000000 1.000000
vn -0.000000 0.000000 1.000000
vn -0.593042 -0.805172 -0.000000
vn -0.572871 -0.819645 -0.000000
vn -0.572871 -0.819645 -0.000000
vn -0.593042 -0.805172 -0.000000
vn 0.523684 0.851913 -0.000000
vn 0.261842 0.425956 -0.866026
vn 0.261842 0.425956 -0.866025
vn 0.523684 0.851913 -0.000000
vn 0.261841 0.425956 0.866026
vn 0.261842 0.425956 0.866026
vn -0.261842 -0.425956 -0.866026
vn -0.523684 -0.851913 -0.000000
vn -0.261842 -0.425956 -0.866026
vn -0.523684 -0.851913 -0.000000
vn -0.261842 -0.425956 0.866026
vn -0.261842 -0.425956 0.866025
vn -0.261842 -0.425956 0.866025
vn 0.261841 0.425956 0.866026
vn 0.261842 0.425956 0.866026
vn -0.261842 -0.425956 0.866026
vn 0.261842 0.425956 -0.866026
vn -0.261842 -0.425956 -0.866026
vn -0.261842 -0.425956 -0.866026
vn 0.261842 0.425956 -0.866025
vn -0.851913 0.523684 -0.000000
vn -0.851913 0.523684 -0.000000
vn -0.851913 0.523684 -0.000000
vn -0.851913 0.523684 -0.000000
vn -0.851913 0.523684 -0.000000
vn -0.851913 0.523684 -0.000000
vn 0.851913 -0.523684 -0.000000
vn 0.851913 -0.523684 -0.000000
vn 0.851913 -0.523684 -0.000000
vn 0.851913 -0.523684 -0.000000
vn 0.851913 -0.523684 -0.000000
vn 0.851913 -0.523684 -0.000000
vn -0.851913 0.523684 -0.000000
vn -0.611171 0.791499 -0.000000
vn -0.611171 0.791499 -0.000000
vn -0.851913 0.523684 -0.000000
vn -0.982177 0.187957 -0.000000
vn -0.982177 0.187957 -0.000000
vn -0.107395 -0.188926 -0.976101
vn -0.107395 -0.188926 -0.976101
vn 0.006499 -0.003995 -0.999971
vn 0.006499 -0.003995 -0.999971
vn 0.120083 0.181127 -0.976101
vn 0.120083 0.181127 -0.976101
vn 0.006499 -0.003995 0.999971
vn -0.107395 -0.188926 0.976101
vn -0.107395 -0.188926 0.976101
vn 0.006499 -0.003995 0.999971
vn 0.120082 0.181127 0.976101
vn 0.120082 0.181127 0.976101
vn -0.454080 -0.890961 -0.000000
vn -0.454080 -0.890961 -0.000000
vn -0.454080 -0.890961 -0.000000
vn -0.454080 -0.890961 -0.000000
vn 0.589952 0.807438 -0.000000
vn 0.589952 0.807438 -0.000000
vn 0.589952 0.807438 -0.000000
vn 0.589952 0.807438 -0.000000
vn -0.220603 -0.450628 0.865025
vn 0.347869 0.369977 0.861455
vn 0.302475 0.400301 0.865025
vn -0.173051 -0.477439 0.861456
vn 0.261842 0.425957 0.866025
vn -0.261841 -0.425955 0.866026
vn -0.302474 -0.400300 -0.865025
vn 0.193777 0.465964 -0.863324
vn 0.220604 0.450627 -0.865025
vn -0.328271 -0.383287 -0.863325
vn 0.261841 0.425955 -0.866026
vn -0.261840 -0.425954 -0.866027
vn 0.482143 0.876092 -0.000000
vn 0.193777 0.465964 0.863324
vn 0.220604 0.450628 0.865025
vn 0.454802 0.890593 -0.000000
vn 0.220604 0.450627 -0.865025
vn 0.261841 0.425955 0.866026
vn 0.193777 0.465964 -0.863324
vn 0.523684 0.851913 -0.000000
vn 0.261841 0.425955 -0.866026
vn -0.564015 -0.825765 -0.000000
vn -0.328271 -0.383287 -0.863325
vn -0.302474 -0.400300 -0.865025
vn -0.589297 -0.807916 -0.000000
vn -0.302475 -0.400301 0.865025
vn -0.261840 -0.425954 -0.866027
vn -0.328272 -0.383289 0.863323
vn -0.523684 -0.851913 -0.000000
vn -0.261842 -0.425956 0.866026
vn 0.220604 0.450628 0.865025
vn -0.328272 -0.383289 0.863323
vn -0.302475 -0.400301 0.865025
vn 0.193777 0.465964 0.863324
vn -0.261842 -0.425956 0.866026
vn 0.261841 0.425955 0.866026
vn 0.851913 -0.523684 -0.000000
vn 0.851914 -0.523683 -0.000000
vn 0.851912 -0.523684 -0.000000
vn 0.851912 -0.523685 -0.000000
vn 0.851912 -0.523685 -0.000000
vn 0.851912 -0.523686 -0.000000
vn 0.564015 0.825765 -0.000000
vn 0.347867 0.369975 -0.861456
vn 0.302474 0.400300 -0.865025
vn 0.608329 0.793685 -0.000000
vn 0.302475 0.400301 0.865025
vn 0.261841 0.425954 -0.866027
vn 0.347869 0.369977 0.861455
vn 0.523684 0.851913 -0.000000
vn 0.261842 0.425957 0.866025
vn -0.482144 -0.876092 -0.000000
vn -0.173051 -0.477439 0.861456
vn -0.220603 -0.450628 0.865025
vn -0.433511 -0.901148 -0.000000
vn -0.220604 -0.450627 -0.865025
vn -0.261841 -0.425955 0.866026
vn -0.173052 -0.477439 -0.861455
vn -0.523683 -0.851913 -0.000000
vn -0.261841 -0.425955 -0.866026
vn 0.302474 0.400300 -0.865025
vn -0.173052 -0.477439 -0.861455
vn -0.220604 -0.450627 -0.865025
vn 0.347867 0.369975 -0.861456
vn -0.261841 -0.425955 -0.866026
vn 0.261841 0.425954 -0.866027
vn -0.177154 -0.289197 -0.940735
vn -0.177154 -0.289197 -0.940735
vn -0.087319 -0.142545 -0.985929
vn -0.090077 -0.147047 -0.985019
vn -0.090078 -0.147048 0.985019
vn -0.087320 -0.142546 0.985929
vn -0.177155 -0.289199 0.940734
vn -0.177155 -0.289199 0.940734
vn -0.087319 -0.142545 -0.985929
vn -0.000000 0.000000 -1.000000
vn -0.000000 0.000000 -1.000000
vn -0.090077 -0.147047 -0.985019
vn -0.087320 -0.142546 0.985929
vn -0.090078 -0.147048 0.985019
vn -0.000000 0.000000 1.000000
vn -0.000000 0.000000 1.000000
vn 0.863008 -0.504885 -0.017532
vn 0.863008 -0.504886 -0.017532
vn 0.863008 -0.504886 -0.017532
vn 0.863008 -0.504885 -0.017533
vn 0.863008 -0.504886 -0.017533
vn -0.140127 -0.185293 0.972641
vn -0.147958 -0.183079 0.971901
vn -0.000000 0.000000 1.000000
vn -0.000000 0.000000 1.000000
vn -0.131673 -0.189536 0.973005
vn -0.000000 0.000000 1.000000
vn -0.140121 -0.185297 -0.972641
vn -0.000000 0.000000 -1.000000
vn -0.147958 -0.183079 -0.971900
vn -0.000000 0.000000 -1.000000
vn -0.131708 -0.189515 -0.973004
vn -0.000000 0.000000 -1.000000
vn -0.266764 -0.329870 -0.905551
vn -0.147958 -0.183079 -0.971900
vn -0.188468 -0.167528 -0.967685
vn -0.315505 -0.286623 -0.904601
vn -0.188468 -0.167527 0.967685
vn -0.315505 -0.286623 0.904602
vn -0.341083 -0.263032 0.902483
vn -0.174603 -0.134648 0.975389
vn -0.371817 -0.037945 -0.927530
vn -0.276465 -0.089486 -0.956849
vn -0.064914 0.056532 -0.996288
vn -0.000000 0.000000 -1.000000
vn -0.188468 -0.167528 -0.967685
vn 0.602646 0.798008 -0.000000
vn 0.629108 0.777318 -0.000000
vn 0.629108 0.777318 -0.000000
vn 0.602646 0.798008 -0.000000
vn 0.570842 0.821060 -0.000000
vn 0.570842 0.821060 -0.000000
vn -0.188468 -0.167527 0.967685
vn -0.174603 -0.134648 0.975389
vn -0.000000 0.000000 1.000000
vn -0.000000 0.000000 1.000000
vn -0.147958 -0.183079 0.971901
vn -0.188468 -0.167527 0.967685
vn -0.000000 0.000000 1.000000
vn -0.000000 0.000000 1.000000
vn -0.147958 -0.183079 0.971901
vn -0.266764 -0.329869 0.905551
vn -0.315505 -0.286623 0.904602
vn -0.188468 -0.167527 0.967685
vn -0.000000 0.000000 -1.000000
vn -0.000000 0.000000 -1.000000
vn -0.188468 -0.167528 -0.967685
vn -0.147958 -0.183079 -0.971900
vn 0.629108 0.777318 -0.000000
vn 0.661763 0.749713 -0.000000
vn 0.661763 0.749713 -0.000000
vn 0.629108 0.777318 -0.000000
vn -0.754117 0.656740 -0.000000
vn -0.754117 0.656740 -0.000000
vn -0.754117 0.656740 -0.000000
vn -0.754117 0.656740 -0.000000
vn -0.754117 0.656740 -0.000000
vn -0.754117 0.656741 -0.000000
vn -0.754117 0.656740 -0.000000
vn -0.000000 0.000000 -1.000000
vn -0.131708 -0.189515 -0.973004
vn -0.127640 -0.192260 -0.973008
vn -0.000000 0.000000 -1.000000
vn -0.000000 0.000000 1.000000
vn -0.127544 -0.192325 0.973008
vn -0.131673 -0.189536 0.973005
vn -0.000000 0.000000 1.000000
vn -0.147958 -0.183079 0.971901
vn -0.255568 -0.338482 0.905602
vn -0.266764 -0.329869 0.905551
vn -0.140127 -0.185293 0.972641
vn -0.242030 -0.348219 0.905630
vn -0.131673 -0.189536 0.973005
vn -0.266764 -0.329870 -0.905551
vn -0.140121 -0.185297 -0.972641
vn -0.147958 -0.183079 -0.971900
vn -0.255563 -0.338487 -0.905602
vn -0.131708 -0.189515 -0.973004
vn -0.242062 -0.348198 -0.905629
vn 0.523304 0.852146 -0.000000
vn 0.523304 0.852146 -0.000000
vn 0.523304 0.852146 -0.000000
vn 0.523304 0.852146 -0.000000
vn -0.218152 -0.144210 0.965201
vn -0.326923 -0.361601 0.873136
vn -0.316104 -0.313322 0.895493
vn -0.234559 -0.160107 0.958826
vn -0.108188 0.064564 0.992032
vn -0.284089 -0.395593 0.873384
vn -0.107626 0.065133 0.992056
vn -0.170863 -0.217815 0.960918
vn -0.021100 0.013776 0.999682
vn -0.231890 -0.355381 -0.905501
vn -0.331654 -0.303704 -0.893179
vn -0.236551 -0.135213 -0.962165
vn -0.126356 -0.193581 -0.972913
vn -0.126236 -0.193656 0.972914
vn -0.218152 -0.144210 0.965201
vn -0.316104 -0.313322 0.895493
vn -0.231779 -0.355449 0.905502
vn -0.307371 -0.376734 -0.873839
vn -0.247214 -0.419657 -0.873369
vn -0.132050 -0.246944 -0.959990
vn -0.217954 -0.170830 -0.960892
vn -0.331654 -0.303704 -0.893179
vn -0.236551 -0.135213 -0.962165
vn -0.091020 0.053119 -0.994431
vn 0.021102 -0.013776 -0.999682
vn -0.128062 0.076096 -0.988843
vn 0.546304 0.837587 -0.000000
vn 0.507278 0.861782 -0.000000
vn 0.546304 0.837587 -0.000000
vn 0.507362 0.861733 -0.000000
vn 0.472149 0.881519 -0.000000
vn 0.474419 0.880299 -0.000000
vn -0.131708 -0.189515 -0.973004
vn -0.242062 -0.348198 -0.905629
vn -0.234578 -0.353477 -0.905554
vn -0.127640 -0.192260 -0.973008
vn 0.553084 0.833125 -0.000000
vn 0.553085 0.833125 -0.000000
vn 0.570842 0.821060 -0.000000
vn 0.570842 0.821060 -0.000000
vn -0.126236 -0.193656 0.972914
vn -0.127544 -0.192325 0.973008
vn -0.000000 0.000000 1.000000
vn -0.000000 0.000000 1.000000
vn -0.126356 -0.193581 -0.972913
vn -0.000000 0.000000 -1.000000
vn -0.000000 0.000000 -1.000000
vn -0.127640 -0.192260 -0.973008
vn 0.546602 0.837393 -0.000000
vn 0.553085 0.833125 -0.000000
vn 0.553084 0.833125 -0.000000
vn 0.546602 0.837393 -0.000000
vn -0.242030 -0.348219 0.905630
vn -0.131673 -0.189536 0.973005
vn -0.127544 -0.192325 0.973008
vn -0.234489 -0.353535 0.905554
vn 0.482143 0.876092 -0.000000
vn 0.302475 0.400301 0.865025
vn 0.564015 0.825765 -0.000000
vn 0.220604 0.450628 0.865025
vn -0.220603 -0.450628 0.865025
vn -0.302475 -0.400301 0.865025
vn -0.482144 -0.876092 -0.000000
vn -0.564015 -0.825765 -0.000000
vn 0.474419 0.880299 -0.000000
vn 0.546602 0.837393 -0.000000
vn 0.546602 0.837393 -0.000000
vn 0.472149 0.881519 -0.000000
vn -0.236551 -0.135213 -0.962165
vn -0.128062 0.076096 -0.988843
vn -0.000000 0.000000 -1.000000
vn -0.126356 -0.193581 -0.972913
vn -0.218152 -0.144210 0.965201
vn -0.126236 -0.193656 0.972914
vn -0.000000 0.000000 1.000000
vn -0.108188 0.064564 0.992032
vn -0.127544 -0.192325 0.973008
vn -0.126236 -0.193656 0.972914
vn -0.231779 -0.355449 0.905502
vn -0.234489 -0.353535 0.905554
vn -0.234578 -0.353477 -0.905554
vn -0.231890 -0.355381 -0.905501
vn -0.126356 -0.193581 -0.972913
vn -0.127640 -0.192260 -0.973008
vn -0.000000 0.000000 1.000000
vn -0.000000 0.000000 1.000000
vn -0.000000 0.000000 1.000000
vn -0.000000 0.000000 1.000000
vn -0.000000 0.000000 -1.000000
vn -0.000000 0.000000 -1.000000
vn -0.000000 0.000000 -1.000000
vn -0.000000 0.000000 -1.000000
vn -0.572871 0.819645 -0.000000
vn -0.572871 0.819645 -0.000000
vn -0.568254 0.822853 -0.000000
vn -0.568254 0.822853 -0.000000
vn 0.592860 -0.805305 -0.000000
vn 0.592860 -0.805305 -0.000000
vn 0.592860 -0.805305 -0.000000
vn 0.592860 -0.805305 -0.000000
vn -0.000000 0.000000 1.000000
vn -0.000000 0.000000 1.000000
vn -0.000000 0.000000 1.000000
vn -0.000000 0.000000 1.000000
vn -0.545180 0.838319 -0.000000
vn -0.545180 0.838319 -0.000000
vn -0.545180 0.838319 -0.000000
vn -0.545180 0.838319 -0.000000
vn 0.545573 -0.838063 -0.000000
vn 0.545573 -0.838063 -0.000000
vn 0.568615 -0.822604 -0.000000
vn 0.568616 -0.822603 -0.000000
vn -0.593042 0.805172 -0.000000
vn -0.593042 0.805172 -0.000000
vn -0.572871 0.819645 -0.000000
vn -0.572871 0.819645 -0.000000
vn 0.523684 -0.851913 -0.000000
vn 0.261842 -0.425956 -0.866025
vn 0.261842 -0.425956 -0.866026
vn 0.523684 -0.851913 -0.000000
vn 0.261841 -0.425956 0.866026
vn 0.261842 -0.425956 0.866026
vn -0.261842 0.425956 -0.866026
vn -0.261841 0.425956 -0.866026
vn -0.523684 0.851913 -0.000000
vn -0.523684 0.851913 -0.000000
vn -0.261842 0.425956 0.866026
vn -0.261842 0.425956 0.866025
vn -0.261842 0.425956 0.866025
vn -0.261842 0.425956 0.866026
vn 0.261842 -0.425956 0.866026
vn 0.261841 -0.425956 0.866026
vn 0.261842 -0.425956 -0.866026
vn 0.261842 -0.425956 -0.866025
vn -0.261841 0.425956 -0.866026
vn -0.261842 0.425956 -0.866026
vn -0.851913 -0.523684 -0.000000
vn -0.851913 -0.523684 -0.000000
vn -0.851913 -0.523684 -0.000000
vn -0.851913 -0.523684 -0.000000
vn -0.851913 -0.523684 -0.000000
vn -0.851913 -0.523684 -0.000000
vn 0.851913 0.523684 -0.000000
vn 0.851913 0.523684 -0.000000
vn 0.851913 0.523684 -0.000000
vn 0.851913 0.523684 -0.000000
vn 0.851913 0.523684 -0.000000
vn 0.851913 0.523684 -0.000000
vn -0.851913 -0.523684 -0.000000
vn -0.611171 -0.791499 -0.000000
vn -0.611171 -0.791499 -0.000000
vn -0.851912 -0.523684 -0.000000
vn -0.982177 -0.187957 -0.000000
vn -0.982177 -0.187957 -0.000000
vn -0.107395 0.188926 -0.976101
vn 0.006499 0.003995 -0.999971
vn -0.107395 0.188926 -0.976101
vn 0.006499 0.003995 -0.999971
vn 0.120083 -0.181127 -0.976101
vn 0.120083 -0.181127 -0.976101
vn 0.006499 0.003995 0.999971
vn -0.107395 0.188926 0.976101
vn -0.107395 0.188926 0.976101
vn 0.006499 0.003995 0.999971
vn 0.120082 -0.181127 0.976101
vn 0.120082 -0.181127 0.976101
vn -0.454080 0.890961 -0.000000
vn -0.454080 0.890961 -0.000000
vn -0.454080 0.890961 -0.000000
vn -0.454080 0.890961 -0.000000
vn 0.589952 -0.807438 -0.000000
vn 0.589952 -0.807438 -0.000000
vn 0.589952 -0.807438 -0.000000
vn 0.589952 -0.807438 -0.000000
vn -0.220603 0.450628 0.865025
vn 0.302475 -0.400301 0.865025
vn 0.347869 -0.369977 0.861455
vn -0.173051 0.477439 0.861456
vn 0.261842 -0.425956 0.866025
vn -0.261841 0.425955 0.866026
vn -0.302474 0.400300 -0.865025
vn 0.220604 -0.450627 -0.865025
vn 0.193777 -0.465964 -0.863324
vn -0.328271 0.383287 -0.863325
vn 0.261841 -0.425955 -0.866026
vn -0.261840 0.425954 -0.866027
vn 0.482143 -0.876092 -0.000000
vn 0.220604 -0.450628 0.865025
vn 0.193777 -0.465964 0.863324
vn 0.454802 -0.890593 -0.000000
vn 0.220604 -0.450627 -0.865025
vn 0.261841 -0.425955 0.866026
vn 0.193777 -0.465964 -0.863324
vn 0.523684 -0.851913 -0.000000
vn 0.261841 -0.425955 -0.866026
vn -0.564015 0.825765 -0.000000
vn -0.302474 0.400300 -0.865025
vn -0.328271 0.383287 -0.863325
vn -0.589297 0.807916 -0.000000
vn -0.302475 0.400301 0.865025
vn -0.261840 0.425954 -0.866027
vn -0.328272 0.383289 0.863323
vn -0.523684 0.851913 -0.000000
vn -0.261842 0.425956 0.866026
vn 0.220604 -0.450628 0.865025
vn -0.302475 0.400301 0.865025
vn -0.328272 0.383289 0.863323
vn 0.193777 -0.465964 0.863324
vn -0.261842 0.425956 0.866026
vn 0.261841 -0.425955 0.866026
vn 0.482143 -0.876092 -0.000000
vn 0.302474 -0.400300 -0.865025
vn 0.564015 -0.825765 -0.000000
vn 0.220604 -0.450627 -0.865025
vn -0.220604 0.450627 -0.865025
vn -0.302474 0.400300 -0.865025
vn -0.482143 0.876092 -0.000000
vn -0.564015 0.825765 -0.000000
vn 0.851912 0.523685 -0.000000
vn 0.851912 0.523686 -0.000000
vn 0.851912 0.523685 -0.000000
vn 0.851912 0.523684 -0.000000
vn 0.851912 0.523685 -0.000000
vn 0.851914 0.523683 -0.000000
vn 0.564015 -0.825765 -0.000000
vn 0.302474 -0.400300 -0.865025
vn 0.347867 -0.369976 -0.861456
vn 0.608329 -0.793685 -0.000000
vn 0.302475 -0.400301 0.865025
vn 0.261841 -0.425954 -0.866027
vn 0.347869 -0.369977 0.861455
vn 0.523684 -0.851913 -0.000000
vn 0.261842 -0.425956 0.866025
vn -0.482143 0.876092 -0.000000
vn -0.220603 0.450628 0.865025
vn -0.173051 0.477439 0.861456
vn -0.433511 0.901148 -0.000000
vn -0.220604 0.450627 -0.865025
vn -0.261841 0.425955 0.866026
vn -0.173052 0.477439 -0.861455
vn -0.523684 0.851913 -0.000000
vn -0.261841 0.425955 -0.866026
vn 0.302474 -0.400300 -0.865025
vn -0.220604 0.450627 -0.865025
vn -0.173052 0.477439 -0.861455
vn 0.347867 -0.369976 -0.861456
vn -0.261841 0.425955 -0.866026
vn 0.261841 -0.425954 -0.866027
vn -0.564015 -0.825765 -0.000000
vn -0.220604 -0.450627 -0.865025
vn -0.482144 -0.876092 -0.000000
vn -0.302474 -0.400300 -0.865025
vn 0.302474 0.400300 -0.865025
vn 0.220604 0.450627 -0.865025
vn 0.564015 0.825765 -0.000000
vn 0.482143 0.876092 -0.000000
vn -0.177154 0.289197 -0.940735
vn -0.090077 0.147047 -0.985019
vn -0.087319 0.142545 -0.985929
vn -0.177154 0.289197 -0.940735
vn -0.090078 0.147048 0.985019
vn -0.177155 0.289199 0.940734
vn -0.177155 0.289199 0.940734
vn -0.087320 0.142546 0.985929
vn -0.087319 0.142545 -0.985929
vn -0.090077 0.147047 -0.985019
vn -0.000000 0.000000 -1.000000
vn -0.000000 0.000000 -1.000000
vn -0.087320 0.142546 0.985929
vn -0.000000 0.000000 1.000000
vn -0.000000 0.000000 1.000000
vn -0.090078 0.147048 0.985019
vn 0.863008 0.504885 -0.017533
vn 0.863008 0.504886 -0.017533
vn 0.863008 0.504886 -0.017532
vn 0.863008 0.504885 -0.017532
vn 0.863008 0.504886 -0.017532
vn -0.140127 0.185293 0.972641
vn -0.000000 0.000000 1.000000
vn -0.147958 0.183079 0.971901
vn -0.000000 0.000000 1.000000
vn -0.131673 0.189536 0.973005
vn -0.000000 0.000000 1.000000
vn -0.140121 0.185297 -0.972641
vn -0.147958 0.183079 -0.971900
vn -0.000000 0.000000 -1.000000
vn -0.000000 0.000000 -1.000000
vn -0.131708 0.189515 -0.973004
vn -0.000000 0.000000 -1.000000
vn -0.266764 0.329870 -0.905551
vn -0.315505 0.286623 -0.904601
vn -0.188468 0.167528 -0.967685
vn -0.147958 0.183079 -0.971900
vn -0.188468 0.167527 0.967685
vn -0.174603 0.134648 0.975389
vn -0.341083 0.263032 0.902483
vn -0.315505 0.286623 0.904602
vn -0.371817 0.037945 -0.927530
vn -0.064914 -0.056532 -0.996288
vn -0.276465 0.089486 -0.956849
vn -0.000000 0.000000 -1.000000
vn -0.188468 0.167528 -0.967685
vn 0.602646 -0.798008 -0.000000
vn 0.629108 -0.777318 -0.000000
vn 0.629108 -0.777318 -0.000000
vn 0.602646 -0.798008 -0.000000
vn 0.570842 -0.821060 -0.000000
vn 0.570842 -0.821060 -0.000000
vn -0.188468 0.167527 0.967685
vn -0.000000 0.000000 1.000000
vn -0.000000 0.000000 1.000000
vn -0.174603 0.134648 0.975389
vn -0.147958 0.183079 0.971901
vn -0.000000 0.000000 1.000000
vn -0.000000 0.000000 1.000000
vn -0.188468 0.167527 0.967685
vn 0.661973 -0.749528 -0.000000
vn 0.661522 -0.749926 -0.000000
vn 0.656742 -0.754116 -0.000000
vn 0.656742 -0.754116 -0.000000
vn 0.656741 -0.754116 -0.000000
vn 0.656742 -0.754116 -0.000000
vn -0.147958 0.183079 0.971901
vn -0.188468 0.167527 0.967685
vn -0.315505 0.286623 0.904602
vn -0.266764 0.329869 0.905551
vn -0.000000 0.000000 -1.000000
vn -0.147958 0.183079 -0.971900
vn -0.188468 0.167528 -0.967685
vn -0.000000 0.000000 -1.000000
vn 0.629108 -0.777318 -0.000000
vn 0.629108 -0.777318 -0.000000
vn 0.661522 -0.749926 -0.000000
vn 0.661973 -0.749528 -0.000000
vn -0.754117 -0.656740 -0.000000
vn -0.754117 -0.656740 -0.000000
vn -0.754117 -0.656740 -0.000000
vn -0.754117 -0.656740 -0.000000
vn -0.754117 -0.656740 -0.000000
vn -0.754117 -0.656741 -0.000000
vn -0.754117 -0.656740 -0.000000
vn -0.000000 0.000000 -1.000000
vn -0.000000 0.000000 -1.000000
vn -0.127640 0.192260 -0.973008
vn -0.131708 0.189515 -0.973004
vn -0.000000 0.000000 1.000000
vn -0.000000 0.000000 1.000000
vn -0.131673 0.189536 0.973005
vn -0.127544 0.192324 0.973008
vn -0.147958 0.183079 0.971901
vn -0.266764 0.329869 0.905551
vn -0.255568 0.338482 0.905602
vn -0.140127 0.185293 0.972641
vn -0.242030 0.348219 0.905630
vn -0.131673 0.189536 0.973005
vn -0.266764 0.329870 -0.905551
vn -0.147958 0.183079 -0.971900
vn -0.140121 0.185297 -0.972641
vn -0.255563 0.338487 -0.905602
vn -0.131708 0.189515 -0.973004
vn -0.242062 0.348198 -0.905629
vn 0.523304 -0.852146 -0.000000
vn 0.523304 -0.852146 -0.000000
vn 0.523304 -0.852146 -0.000000
vn 0.523304 -0.852146 -0.000000
vn -0.218152 0.144210 0.965201
vn -0.316104 0.313322 0.895493
vn -0.326923 0.361601 0.873136
vn -0.234559 0.160107 0.958826
vn -0.108188 -0.064564 0.992032
vn -0.284089 0.395593 0.873384
vn -0.107626 -0.065133 0.992056
vn -0.170863 0.217815 0.960918
vn -0.021100 -0.013776 0.999682
vn -0.231890 0.355381 -0.905501
vn -0.126355 0.193581 -0.972913
vn -0.236551 0.135213 -0.962165
vn -0.331654 0.303704 -0.893179
vn -0.126236 0.193656 0.972914
vn -0.231779 0.355449 0.905502
vn -0.316104 0.313322 0.895493
vn -0.218152 0.144210 0.965201
vn -0.307371 0.376734 -0.873839
vn -0.132050 0.246944 -0.959990
vn -0.247214 0.419657 -0.873369
vn -0.217954 0.170830 -0.960892
vn -0.331654 0.303704 -0.893179
vn -0.236551 0.135213 -0.962165
vn -0.091020 -0.053119 -0.994431
vn 0.021102 0.013776 -0.999682
vn -0.128062 -0.076096 -0.988843
vn 0.546304 -0.837587 -0.000000
vn 0.546304 -0.837587 -0.000000
vn 0.507278 -0.861782 -0.000000
vn 0.507362 -0.861733 -0.000000
vn 0.472149 -0.881519 -0.000000
vn 0.474419 -0.880299 -0.000000
vn -0.131708 0.189515 -0.973004
vn -0.127640 0.192260 -0.973008
vn -0.234578 0.353476 -0.905554
vn -0.242062 0.348198 -0.905629
vn 0.553084 -0.833125 -0.000000
vn 0.570842 -0.821060 -0.000000
vn 0.570842 -0.821060 -0.000000
vn 0.553085 -0.833125 -0.000000
vn -0.126236 0.193656 0.972914
vn -0.000000 0.000000 1.000000
vn -0.000000 0.000000 1.000000
vn -0.127544 0.192324 0.973008
vn -0.126355 0.193581 -0.972913
vn -0.127640 0.192260 -0.973008
vn -0.000000 0.000000 -1.000000
vn -0.000000 0.000000 -1.000000
vn 0.546602 -0.837393 -0.000000
vn 0.546602 -0.837393 -0.000000
vn 0.553084 -0.833125 -0.000000
vn 0.553085 -0.833125 -0.000000
vn -0.242030 0.348219 0.905630
vn -0.234489 0.353535 0.905554
vn -0.127544 0.192324 0.973008
vn -0.131673 0.189536 0.973005
vn -0.564015 0.825765 -0.000000
vn -0.220603 0.450628 0.865025
vn -0.482143 0.876092 -0.000000
vn -0.302475 0.400301 0.865025
vn 0.302475 -0.400301 0.865025
vn 0.220604 -0.450628 0.865025
vn 0.564015 -0.825765 -0.000000
vn 0.482143 -0.876092 -0.000000
vn 0.474419 -0.880299 -0.000000
vn 0.472149 -0.881519 -0.000000
vn 0.546602 -0.837393 -0.000000
vn 0.546602 -0.837393 -0.000000
vn -0.236551 0.135213 -0.962165
vn -0.126355 0.193581 -0.972913
vn -0.000000 0.000000 -1.000000
vn -0.128062 -0.076096 -0.988843
vn -0.218152 0.144210 0.965201
vn -0.108188 -0.064564 0.992032
vn -0.000000 0.000000 1.000000
vn -0.126236 0.193656 0.972914
vn -0.127544 0.192324 0.973008
vn -0.234489 0.353535 0.905554
vn -0.231779 0.355449 0.905502
vn -0.126236 0.193656 0.972914
vn -0.234578 0.353476 -0.905554
vn -0.127640 0.192260 -0.973008
vn -0.126355 0.193581 -0.972913
vn -0.231890 0.355381 -0.905501
vn -0.000000 0.000000 -1.000000
vn -0.000000 0.000000 -1.000000
vn -0.000000 0.000000 -1.000000
vn -0.000000 0.000000 -1.000000
vn -0.000000 0.000000 1.000000
vn -0.000000 0.000000 1.000000
vn -0.000000 0.000000 1.000000
vn -0.000000 0.000000 1.000000
vn -0.000000 0.000000 -1.000000
vn -0.000000 0.000000 -1.000000
vn -0.000000 0.000000 -1.000000
vn -0.000000 0.000000 -1.000000
vn -0.817223 0.576321 -0.000000
vn -0.817223 0.576321 -0.000000
vn -0.817223 0.576321 -0.000000
vn -0.817223 0.576321 -0.000000
vn 0.832879 -0.553455 -0.000000
vn 0.832879 -0.553455 -0.000000
vn 0.832879 -0.553455 -0.000000
vn 0.832879 -0.553455 -0.000000
vn -0.000000 0.000000 1.000000
vn -0.000000 0.000000 1.000000
vn -0.000000 0.000000 1.000000
vn -0.000000 0.000000 1.000000
vn -0.000000 0.000000 1.000000
vn -0.000000 0.000000 1.000000
vn -0.000000 0.000000 -1.000000
vn -0.000000 0.000000 -1.000000
vn -0.000000 0.000000 -1.000000
vn -0.000000 0.000000 -1.000000
vn -0.000000 0.000000 1.000000
vn -0.000000 0.000000 1.000000
vn -0.000000 0.000000 1.000000
vn -0.000000 0.000000 1.000000
vn -0.000000 0.000000 -1.000000
vn -0.000000 0.000000 -1.000000
vn -0.000000 0.000000 -1.000000
vn -0.000000 0.000000 -1.000000
vn -0.000000 0.000000 -1.000000
vn -0.000000 0.000000 -1.000000
vn -0.000000 0.000000 -1.000000
vn -0.000000 0.000000 -1.000000
vn -0.000000 0.000000 1.000000
vn -0.000000 0.000000 1.000000
vn -0.000000 0.000000 1.000000
vn -0.000000 0.000000 1.000000
vn -0.817223 -0.576321 -0.000000
vn -0.817223 -0.576321 -0.000000
vn -0.817223 -0.576321 -0.000000
vn -0.817223 -0.576321 -0.000000
vn 0.832879 0.553455 -0.000000
vn 0.832879 0.553455 -0.000000
vn 0.832879 0.553455 -0.000000
vn 0.832879 0.553455 -0.000000
vn -0.568254 -0.822853 -0.000000
vn -0.545180 -0.838319 -0.000000
vn -0.545180 -0.838319 -0.000000
vn -0.568254 -0.822853 -0.000000
vn -0.000000 0.000000 -1.000000
vn -0.000000 0.000000 -1.000000
vn -0.000000 0.000000 -1.000000
vn -0.000000 0.000000 -1.000000
vn 0.545573 0.838063 -0.000000
vn 0.545573 0.838063 -0.000000
vn 0.545573 0.838063 -0.000000
vn 0.545573 0.838063 -0.000000
vn -0.000000 0.000000 1.000000
vn -0.000000 0.000000 1.000000
vn -0.000000 0.000000 1.000000
vn -0.000000 0.000000 1.000000
vn -0.000000 0.000000 1.000000
vn -0.000000 0.000000 1.000000
vn -0.000000 0.000000 1.000000
vn -0.000000 0.000000 1.000000
vn -0.000000 0.000000 1.000000
vn -0.000000 0.000000 1.000000
vn -0.593042 -0.805172 -0.000000
vn -0.593042 -0.805172 -0.000000
vn -0.593042 -0.805172 -0.000000
vn -0.593042 -0.805172 -0.000000
vn 0.573171 0.819436 -0.000000
vn 0.592860 0.805306 -0.000000
vn 0.592860 0.805305 -0.000000
vn 0.573171 0.819436 -0.000000
vn -0.000000 0.000000 -1.000000
vn -0.000000 0.000000 -1.000000
vn -0.000000 0.000000 -1.000000
vn -0.000000 0.000000 -1.000000
vn -0.000000 0.000000 1.000000
vn -0.000000 0.000000 1.000000
vn -0.000000 0.000000 1.000000
vn -0.000000 0.000000 1.000000
vn -0.593042 0.805172 -0.000000
vn -0.593042 0.805172 -0.000000
vn -0.593042 0.805172 -0.000000
vn -0.593042 0.805172 -0.000000
vn 0.573171 -0.819436 -0.000000
vn 0.573171 -0.819436 -0.000000
vn 0.592860 -0.805305 -0.000000
vn 0.592860 -0.805305 -0.000000
vn -0.000000 0.000000 1.000000
vn -0.000000 0.000000 1.000000
vn -0.000000 0.000000 1.000000
vn -0.000000 0.000000 1.000000
vn -0.000000 0.000000 1.000000
vn -0.000000 0.000000 1.000000
vn -0.000000 0.000000 -1.000000
vn -0.000000 0.000000 -1.000000
vn -0.000000 0.000000 -1.000000
vn -0.000000 0.000000 -1.000000
vn 0.545573 -0.838063 -0.000000
vn 0.545573 -0.838063 -0.000000
vn 0.545573 -0.838063 -0.000000
vn 0.545573 -0.838063 -0.000000
vn -0.568254 0.822853 -0.000000
vn -0.568254 0.822853 -0.000000
vn -0.545180 0.838319 -0.000000
vn -0.545180 0.838319 -0.000000
vn 0.568615 0.822604 -0.000000
vn 0.568616 0.822603 -0.000000
vn 0.573171 0.819436 -0.000000
vn 0.573171 0.819436 -0.000000
vn 0.568616 -0.822603 -0.000000
vn 0.568615 -0.822604 -0.000000
vn 0.573171 -0.819436 -0.000000
vn 0.573171 -0.819436 -0.000000
vn -0.000000 0.000000 -1.000000
vn -0.000000 0.000000 -1.000000
vn -0.000000 0.000000 -1.000000
vn -0.000000 0.000000 -1.000000
vn 0.656741 0.754116 -0.000000
vn 0.656742 0.754116 -0.000000
vn 0.656742 0.754116 -0.000000
vn 0.656742 0.754116 -0.000000
vn 0.661763 0.749713 -0.000000
vn 0.661763 0.749713 -0.000000
f 1/1/1 2/2/2 3/3/3
f 4/4/4 5/5/5 2/2/2
f 4/4/4 2/2/2 6/6/6
f 7/7/7 8/8/8 9/9/9
f 10/10/10 11/11/11 12/12/12
f 13/13/13 14/14/14 15/15/15
f 16/16/16 17/17/17 15/15/15
f 16/16/16 15/15/15 18/18/18
f 19/19/19 20/20/20 21/21/21
f 22/22/22 23/23/23 24/24/24
f 25/25/25 26/26/26 27/27/27
f 25/25/25 27/27/27 28/28/28
f 29/29/29 30/30/30 31/31/31
f 29/29/29 31/31/31 32/32/32
f 33/33/33 34/34/34 35/35/35
f 33/33/33 35/35/35 36/36/36
f 37/37/37 38/38/38 39/39/39
f 37/37/37 39/39/39 40/40/40
f 41/41/41 42/42/42 43/43/43
f 41/41/41 43/43/43 44/44/44
f 45/45/45 46/46/46 47/47/47
f 45/45/45 47/47/47 48/48/48
f 49/49/49 50/50/50 51/51/51
f 49/49/49 51/51/51 52/52/52
f 53/53/53 54/54/54 55/55/55
f 55/55/55 56/56/56 53/53/53
f 55/55/55 57/57/57 56/56/56
f 55/55/55 58/58/58 57/57/57
f 59/59/59 60/60/60 61/61/61
f 59/59/59 61/61/61 62/62/62
f 63/63/63 64/64/64 65/65/65
f 63/63/63 65/65/65 66/66/66
f 67/67/67 63/63/63 66/66/66
f 67/67/67 66/66/66 68/68/68
f 69/69/69 70/70/70 71/71/71
f 69/69/69 72/72/72 70/70/70
f 72/72/72 73/73/73 70/70/70
f 72/72/72 74/74/74 73/73/73
f 75/75/75 76/76/76 77/77/77
f 75/75/75 77/77/77 78/78/78
f 79/79/79 80/80/80 81/81/81
f 79/79/79 81/81/81 82/82/82
f 83/83/83 84/84/84 85/85/85
f 85/85/85 86/86/86 83/83/83
f 85/85/85 87/87/87 86/86/86
f 87/87/87 88/88/88 86/86/86
f 89/89/89 90/90/90 91/91/91
f 91/91/91 92/92/92 89/89/89
f 91/91/91 93/93/93 92/92/92
f 93/93/93 94/94/94 92/92/92
f 95/95/95 96/96/96 97/97/97
f 95/95/95 98/98/98 96/96/96
f 99/99/99 98/98/98 95/95/95
f 99/99/99 100/100/100 98/98/98
f 101/101/101 102/102/102 103/103/103
f 101/101/101 103/103/103 104/104/104
f 104/104/104 103/103/103 105/105/105
f 104/104/104 105/105/105 106/106/106
f 107/107/107 108/108/108 109/109/109
f 107/107/107 110/110/110 108/108/108
f 111/111/111 110/110/110 107/107/107
f 111/111/111 112/112/112 110/110/110
f 113/113/113 114/114/114 115/115/115
f 113/113/113 115/115/115 116/116/116
f 117/117/117 118/118/118 119/119/119
f 117/117/117 119/119/119 120/120/120
f 121/121/121 122/122/122 123/123/123
f 121/121/121 124/124/124 122/122/122
f 124/124/124 125/125/125 122/122/122
f 124/124/124 126/126/126 125/125/125
f 127/127/127 128/128/128 129/129/129
f 127/127/127 130/130/130 128/128/128
f 130/130/130 131/131/131 128/128/128
f 130/130/130 132/132/132 131/131/131
f 133/133/133 134/134/134 135/135/135
f 133/133/133 136/136/136 134/134/134
f 137/137/137 136/136/136 133/133/133
f 136/136/136 138/138/138 134/134/134
f 137/137/137 139/139/139 136/136/136
f 136/136/136 140/140/140 138/138/138
f 139/139/139 140/140/140 136/136/136
f 139/139/139 141/141/141 140/140/140
f 142/142/142 143/143/143 144/144/144
f 142/142/142 145/145/145 143/143/143
f 146/146/146 145/145/145 142/142/142
f 145/145/145 147/147/147 143/143/143
f 146/146/146 148/148/148 145/145/145
f 145/145/145 149/149/149 147/147/147
f 148/148/148 149/149/149 145/145/145
f 148/148/148 150/150/150 149/149/149
f 151/151/151 152/152/152 153/153/153
f 151/151/151 154/154/154 152/152/152
f 154/154/154 155/155/155 152/152/152
f 154/154/154 156/156/156 155/155/155
f 157/157/157 158/158/158 159/159/159
f 159/159/159 160/160/160 157/157/157
f 159/159/159 161/161/161 160/160/160
f 161/161/161 162/162/162 160/160/160
f 163/163/163 164/164/164 165/165/165
f 163/163/163 166/166/166 164/164/164
f 167/167/167 166/166/166 163/163/163
f 166/166/166 168/168/168 164/164/164
f 167/167/167 169/169/169 166/166/166
f 166/166/166 170/170/170 168/168/168
f 169/169/169 170/170/170 166/166/166
f 169/169/169 171/171/171 170/170/170
f 172/172/172 173/173/173 174/174/174
f 172/172/172 175/175/175 173/173/173
f 176/176/176 175/175/175 172/172/172
f 175/175/175 177/177/177 173/173/173
f 176/176/176 178/178/178 175/175/175
f 175/175/175 179/179/179 177/177/177
f 178/178/178 179/179/179 175/175/175
f 178/178/178 180/180/180 179/179/179
f 181/181/181 182/182/182 183/183/183
f 181/181/181 184/184/184 182/182/182
f 184/184/184 185/185/185 182/182/182
f 184/184/184 186/186/186 185/185/185
f 187/187/187 188/188/188 189/189/189
f 187/187/187 189/189/189 190/190/190
f 191/191/191 192/192/192 193/193/193
f 191/191/191 193/193/193 194/194/194
f 195/195/195 196/196/196 197/197/197
f 195/195/195 197/197/197 198/198/198
f 199/199/199 200/200/200 201/201/201
f 199/199/199 201/201/201 202/202/202
f 203/203/203 204/204/204 205/205/205
f 205/205/205 206/206/206 203/203/203
f 205/205/205 207/207/207 206/206/206
f 208/208/208 209/209/209 210/210/210
f 208/208/208 210/210/210 211/211/211
f 212/212/212 208/208/208 211/211/211
f 212/212/212 211/211/211 213/213/213
f 214/214/214 215/215/215 216/216/216
f 214/214/214 217/217/217 215/215/215
f 218/218/218 217/217/217 214/214/214
f 218/218/218 219/219/219 217/217/217
f 220/220/220 221/221/221 222/222/222
f 220/220/220 222/222/222 223/223/223
f 224/224/224 225/225/225 226/226/226
f 224/224/224 226/226/226 227/227/227
f 228/228/228 229/229/229 230/230/230
f 231/231/231 230/230/230 229/229/229
f 231/231/231 229/229/229 232/232/232
f 233/233/233 234/234/234 235/235/235
f 233/233/233 235/235/235 236/236/236
f 237/237/237 233/233/233 236/236/236
f 237/237/237 236/236/236 238/238/238
f 239/239/239 240/240/240 241/241/241
f 239/239/239 241/241/241 242/242/242
f 243/243/243 244/244/244 245/245/245
f 243/243/243 245/245/245 246/246/246
f 247/247/247 248/248/248 249/249/249
f 247/247/247 249/249/249 250/250/250
f 251/251/251 252/252/252 253/253/253
f 251/251/251 253/253/253 254/254/254
f 255/255/255 256/256/256 257/257/257
f 255/255/255 257/257/257 258/258/258
f 259/259/259 260/260/260 261/261/261
f 259/259/259 262/262/262 260/260/260
f 263/263/263 262/262/262 259/259/259
f 262/262/262 264/264/264 260/260/260
f 263/263/263 265/265/265 262/262/262
f 265/265/265 264/264/264 262/262/262
f 266/266/266 267/267/267 268/268/268
f 266/266/266 268/268/268 269/269/269
f 270/270/270 271/271/271 272/272/272
f 270/270/270 272/272/272 273/273/273
f 274/274/274 275/275/275 276/276/276
f 274/274/274 277/277/277 275/275/275
f 277/277/277 278/278/278 275/275/275
f 277/277/277 279/279/279 278/278/278
f 280/280/280 281/281/281 282/282/282
f 280/280/280 283/283/283 281/281/281
f 283/283/283 284/284/284 281/281/281
f 283/283/283 285/285/285 284/284/284
f 286/286/286 287/287/287 288/288/288
f 286/286/286 288/288/288 289/289/289
f 290/290/290 291/291/291 292/292/292
f 290/290/290 293/293/293 291/291/291
f 294/294/294 293/293/293 290/290/290
f 293/293/293 295/295/295 291/291/291
f 294/294/294 296/296/296 293/293/293
f 293/293/293 297/297/297 295/295/295
f 297/297/297 293/293/293 296/296/296
f 297/297/297 296/296/296 298/298/298
f 299/299/299 300/300/300 301/301/301
f 299/299/299 301/301/301 302/302/302
f 303/303/303 304/304/304 305/305/305
f 303/303/303 305/305/305 306/306/306
f 307/307/307 308/308/308 309/309/309
f 307/307/307 309/309/309 310/310/310
f 311/311/311 307/307/307 310/310/310
f 311/311/311 310/310/310 312/312/312
f 309/309/309 313/313/313 310/310/310
f 312/312/312 310/310/310 313/313/313
f 309/309/309 314/314/314 313/313/313
f 312/312/312 313/313/313 315/315/315
f 316/316/316 317/317/317 318/318/318
f 316/316/316 319/319/319 317/317/317
f 320/320/320 317/317/317 319/319/319
f 320/320/320 319/319/319 321/321/321
f 322/322/322 323/323/323 324/324/324
f 322/322/322 324/324/324 325/325/325
f 326/326/326 327/327/327 328/328/328
f 326/326/326 328/328/328 329/329/329
f 330/330/330 331/331/331 332/332/332
f 330/330/330 332/332/332 333/333/333
f 334/334/334 335/335/335 336/336/336
f 334/334/334 336/336/336 337/337/337
f 338/338/338 339/339/339 340/340/340
f 338/338/338 340/340/340 341/341/341
f 342/342/342 343/343/343 344/344/344
f 342/342/342 344/344/344 345/345/345
f 346/346/346 347/347/347 348/348/348
f 346/346/346 349/349/349 347/347/347
f 349/349/349 350/350/350 347/347/347
f 349/349/349 351/351/351 350/350/350
f 351/351/351 352/352/352 350/350/350
f 351/351/351 353/353/353 352/352/352
f 354/354/354 355/355/355 356/356/356
f 354/354/354 356/356/356 357/357/357
f 358/358/358 359/359/359 360/360/360
f 358/358/358 360/360/360 361/361/361
f 362/362/362 363/363/363 364/364/364
f 362/362/362 364/364/364 365/365/365
f 366/366/366 367/367/367 368/368/368
f 366/366/366 368/368/368 369/369/369
f 370/370/370 371/371/371 372/372/372
f 370/370/370 372/372/372 373/373/373
f 374/374/374 375/375/375 376/376/376
f 374/374/374 376/376/376 377/377/377
f 378/378/378 379/379/379 380/380/380
f 378/378/378 380/380/380 381/381/381
f 382/382/382 383/383/383 384/384/384
f 382/382/382 384/384/384 385/385/385
f 386/386/386 387/387/387 388/388/388
f 386/386/386 388/388/388 389/389/389
f 390/390/390 391/391/391 392/392/392
f 390/390/390 392/392/392 393/393/393
f 394/394/394 395/395/395 396/396/396
f 394/394/394 396/396/396 397/397/397
f 398/398/398 399/399/399 400/400/400
f 398/398/398 400/400/400 401/401/401
f 402/402/402 403/403/403 404/404/404
f 402/402/402 404/404/404 405/405/405
f 406/406/406 407/407/407 408/408/408
f 406/406/406 409/409/409 407/407/407
f 410/410/410 409/409/409 406/406/406
f 410/410/410 411/411/411 409/409/409
f 412/412/412 413/413/413 414/414/414
f 412/412/412 414/414/414 415/415/415
f 415/415/415 414/414/414 416/416/416
f 415/415/415 416/416/416 417/417/417
f 418/418/418 419/419/419 420/420/420
f 418/418/418 420/420/420 421/421/421
f 422/422/422 423/423/423 424/424/424
f 422/422/422 424/424/424 425/425/425
f 426/426/426 427/427/427 428/428/428
f 428/428/428 429/429/429 426/426/426
f 429/429/429 430/430/430 426/426/426
f 429/429/429 431/431/431 430/430/430
f 432/432/432 433/433/433 434/434/434
f 434/434/434 435/435/435 432/432/432
f 434/434/434 436/436/436 435/435/435
f 436/436/436 437/437/437 435/435/435
f 438/438/438 439/439/439 440/440/440
f 438/438/438 440/440/440 441/441/441
f 442/442/442 438/438/438 441/441/441
f 442/442/442 441/441/441 443/443/443
f 444/444/444 445/445/445 446/446/446
f 444/444/444 447/447/447 445/445/445
f 447/447/447 448/448/448 445/445/445
f 447/447/447 449/449/449 448/448/448
f 450/450/450 451/451/451 452/452/452
f 450/450/450 452/452/452 453/453/453
f 454/454/454 450/450/450 453/453/453
f 454/454/454 453/453/453 455/455/455
f 456/456/456 457/457/457 458/458/458
f 456/456/456 458/458/458 459/459/459
f 460/460/460 461/461/461 462/462/462
f 460/460/460 462/462/462 463/463/463
f 464/464/464 465/465/465 466/466/466
f 464/464/464 466/466/466 467/467/467
f 467/467/467 466/466/466 468/468/468
f 467/467/467 468/468/468 469/469/469
f 470/470/470 471/471/471 472/472/472
f 470/470/470 472/472/472 473/473/473
f 473/473/473 472/472/472 474/474/474
f 473/473/473 474/474/474 475/475/475
f 476/476/476 477/477/477 478/478/478
f 476/476/476 478/478/478 479/479/479
f 480/480/480 476/476/476 479/479/479
f 479/479/479 478/478/478 481/481/481
f 480/480/480 479/479/479 482/482/482
f 479/479/479 481/481/481 483/483/483
f 482/482/482 479/479/479 483/483/483
f 482/482/482 483/483/483 484/484/484
f 485/485/485 486/486/486 487/487/487
f 485/485/485 487/487/487 488/488/488
f 489/489/489 485/485/485 488/488/488
f 488/488/488 487/487/487 490/490/490
f 489/489/489 488/488/488 491/491/491
f 488/488/488 490/490/490 492/492/492
f 491/491/491 488/488/488 492/492/492
f 491/491/491 492/492/492 493/493/493
f 494/494/494 495/495/495 496/496/496
f 494/494/494 496/496/496 497/497/497
f 497/497/497 496/496/496 498/498/498
f 497/497/497 498/498/498 499/499/499
f 500/500/500 501/501/501 502/502/502
f 500/500/500 503/503/503 501/501/501
f 503/503/503 504/504/504 501/501/501
f 503/503/503 505/505/505 504/504/504
f 505/505/505 506/506/506 504/504/504
f 505/505/505 507/507/507 506/506/506
f 508/508/508 509/509/509 510/510/510
f 510/510/510 511/511/511 508/508/508
f 510/510/510 512/512/512 511/511/511
f 512/512/512 513/513/513 511/511/511
f 514/514/514 515/515/515 516/516/516
f 514/514/514 516/516/516 517/517/517
f 518/518/518 514/514/514 517/517/517
f 517/517/517 516/516/516 519/519/519
f 518/518/518 517/517/517 520/520/520
f 517/517/517 519/519/519 521/521/521
f 520/520/520 517/517/517 521/521/521
f 520/520/520 521/521/521 522/522/522
f 523/523/523 524/524/524 525/525/525
f 523/523/523 525/525/525 526/526/526
f 527/527/527 523/523/523 526/526/526
f 526/526/526 525/525/525 528/528/528
f 527/527/527 526/526/526 529/529/529
f 526/526/526 528/528/528 530/530/530
f 529/529/529 526/526/526 530/530/530
f 529/529/529 530/530/530 531/531/531
f 532/532/532 533/533/533 534/534/534
f 532/532/532 534/534/534 535/535/535
f 535/535/535 534/534/534 536/536/536
f 535/535/535 536/536/536 537/537/537
f 538/538/538 539/539/539 540/540/540
f 538/538/538 541/541/541 539/539/539
f 541/541/541 542/542/542 539/539/539
f 541/541/541 543/543/543 542/542/542
f 543/543/543 544/544/544 542/542/542
f 543/543/543 545/545/545 544/544/544
f 546/546/546 547/547/547 548/548/548
f 546/546/546 548/548/548 549/549/549
f 550/550/550 551/551/551 552/552/552
f 550/550/550 552/552/552 553/553/553
f 554/554/554 555/555/555 556/556/556
f 554/554/554 556/556/556 557/557/557
f 558/558/558 559/559/559 560/560/560
f 558/558/558 560/560/560 561/561/561
f 562/562/562 563/563/563 564/564/564
f 564/564/564 565/565/565 562/562/562
f 564/564/564 566/566/566 565/565/565
f 567/567/567 568/568/568 569/569/569
f 567/567/567 570/570/570 568/568/568
f 571/571/571 570/570/570 567/567/567
f 571/571/571 572/572/572 570/570/570
f 573/573/573 574/574/574 575/575/575
f 573/573/573 575/575/575 576/576/576
f 577/577/577 573/573/573 576/576/576
f 577/577/577 576/576/576 578/578/578
f 579/579/579 580/580/580 581/581/581
f 579/579/579 581/581/581 582/582/582
f 583/583/583 584/584/584 585/585/585
f 583/583/583 585/585/585 586/586/586
f 587/587/587 588/588/588 589/589/589
f 590/590/590 589/589/589 588/588/588
f 590/590/590 591/591/591 589/589/589
f 592/592/592 593/593/593 594/594/594
f 592/592/592 595/595/595 593/593/593
f 596/596/596 595/595/595 592/592/592
f 596/596/596 597/597/597 595/595/595
f 598/598/598 599/599/599 600/600/600
f 598/598/598 600/600/600 601/601/601
f 602/602/602 603/603/603 604/604/604
f 602/602/602 604/604/604 605/605/605
f 606/606/606 607/607/607 608/608/608
f 608/608/608 609/609/609 606/606/606
f 610/610/610 609/609/609 608/608/608
f 609/609/609 611/611/611 606/606/606
f 610/610/610 611/611/611 609/609/609
f 612/612/612 613/613/613 614/614/614
f 612/612/612 614/614/614 615/615/615
f 616/616/616 617/617/617 618/618/618
f 616/616/616 618/618/618 619/619/619
f 620/620/620 621/621/621 622/622/622
f 620/620/620 622/622/622 623/623/623
f 624/624/624 625/625/625 626/626/626
f 624/624/624 626/626/626 627/627/627
f 628/628/628 624/624/624 627/627/627
f 627/627/627 626/626/626 629/629/629
f 628/628/628 627/627/627 630/630/630
f 630/630/630 627/627/627 629/629/629
f 631/631/631 632/632/632 633/633/633
f 631/631/631 633/633/633 634/634/634
f 635/635/635 636/636/636 637/637/637
f 635/635/635 637/637/637 638/638/638
f 639/639/639 640/640/640 641/641/641
f 639/639/639 641/641/641 642/642/642
f 642/642/642 641/641/641 643/643/643
f 642/642/642 643/643/643 644/644/644
f 645/645/645 646/646/646 647/647/647
f 645/645/645 647/647/647 648/648/648
f 648/648/648 647/647/647 649/649/649
f 648/648/648 649/649/649 650/650/650
f 651/651/651 652/652/652 653/653/653
f 651/651/651 653/653/653 654/654/654
f 655/655/655 656/656/656 657/657/657
f 655/655/655 657/657/657 658/658/658
f 659/659/659 655/655/655 658/658/658
f 658/658/658 657/657/657 660/660/660
f 659/659/659 658/658/658 661/661/661
f 658/658/658 660/660/660 662/662/662
f 662/662/662 661/661/661 658/658/658
f 662/662/662 663/663/663 661/661/661
f 664/664/664 665/665/665 666/666/666
f 664/664/664 666/666/666 667/667/667
f 668/668/668 669/669/669 670/670/670
f 668/668/668 670/670/670 671/671/671
f 672/672/672 673/673/673 674/674/674
f 672/672/672 675/675/675 673/673/673
f 676/676/676 675/675/675 672/672/672
f 676/676/676 677/677/677 675/675/675
f 673/673/673 675/675/675 678/678/678
f 677/677/677 678/678/678 675/675/675
f 673/673/673 678/678/678 679/679/679
f 677/677/677 680/680/680 678/678/678
f 681/681/681 682/682/682 683/683/683
f 681/681/681 683/683/683 684/684/684
f 685/685/685 684/684/684 683/683/683
f 685/685/685 686/686/686 684/684/684
f 687/687/687 688/688/688 689/689/689
f 687/687/687 689/689/689 690/690/690
f 691/691/691 692/692/692 693/693/693
f 691/691/691 693/693/693 694/694/694
f 695/695/695 696/696/696 697/697/697
f 695/695/695 697/697/697 698/698/698
f 699/699/699 700/700/700 701/701/701
f 699/699/699 701/701/701 702/702/702
f 703/703/703 704/704/704 705/705/705
f 703/703/703 705/705/705 706/706/706
f 707/707/707 708/708/708 709/709/709
f 707/707/707 709/709/709 710/710/710
f 711/711/711 712/712/712 713/713/713
f 711/711/711 714/714/714 712/712/712
f 714/714/714 715/715/715 712/712/712
f 714/714/714 716/716/716 715/715/715
f 716/716/716 717/717/717 715/715/715
f 716/716/716 718/718/718 717/717/717
f 719/719/719 720/720/720 721/721/721
f 719/719/719 721/721/721 722/722/722
f 723/723/723 724/724/724 725/725/725
f 723/723/723 725/725/725 726/726/726
f 727/727/727 728/728/728 729/729/729
f 727/727/727 729/729/729 730/730/730
f 731/731/731 732/732/732 733/733/733
f 731/731/731 733/733/733 734/734/734
f 735/735/735 736/736/736 737/737/737
f 735/735/735 737/737/737 738/738/738
f 739/739/739 740/740/740 741/741/741
f 739/739/739 741/741/741 742/742/742
f 743/743/743 744/744/744 745/745/745
f 743/743/743 745/745/745 746/746/746
f 747/747/747 748/748/748 749/749/749
f 747/747/747 749/749/749 750/750/750
f 751/751/751 752/752/752 753/753/753
f 751/751/751 753/753/753 754/754/754
f 755/755/755 756/756/756 757/757/757
f 755/755/755 757/757/757 758/758/758
f 759/759/759 760/760/760 761/761/761
f 761/761/761 762/762/762 759/759/759
f 762/762/762 763/763/763 759/759/759
f 763/763/763 764/764/764 759/759/759
f 765/765/765 766/766/766 767/767/767
f 765/765/765 767/767/767 768/768/768
f 769/769/769 770/770/770 771/771/771
f 769/769/769 771/771/771 772/772/772
f 773/773/773 774/774/774 775/775/775
f 773/773/773 775/775/775 776/776/776
f 777/777/777 778/778/778 779/779/779
f 777/777/777 779/779/779 780/780/780
f 781/781/781 782/782/782 783/783/783
f 781/781/781 783/783/783 784/784/784
f 785/785/785 786/786/786 787/787/787
f 785/785/785 787/787/787 788/788/788
f 789/789/789 790/790/790 791/791/791
f 789/789/789 791/791/791 792/792/792
f 793/793/793 794/794/794 795/795/795
f 793/793/793 795/795/795 796/796/796
f 797/797/797 798/798/798 799/799/799
f 797/797/797 799/799/799 800/800/800
f 801/801/801 802/802/802 803/803/803
f 801/801/801 803/803/803 804/804/804
f 805/805/805 806/806/806 807/807/807
f 807/807/807 808/808/808 805/805/805
f 807/807/807 809/809/809 808/808/808
f 809/809/809 810/810/810 808/808/808
f 811/811/811 812/812/812 813/813/813
f 811/811/811 813/813/813 814/814/814
f 815/815/815 816/816/816 817/817/817
f 815/815/815 817/817/817 818/818/818
f 819/819/819 820/820/820 821/821/821
f 819/819/819 821/821/821 822/822/822
f 823/823/823 824/824/824 825/825/825
f 823/823/823 825/825/825 826/826/826
f 827/827/827 828/828/828 829/829/829
f 827/827/827 829/829/829 830/830/830
f 831/831/831 832/832/832 833/833/833
f 831/831/831 833/833/833 834/834/834
f 835/835/835 836/836/836 837/837/837
f 835/835/835 837/837/837 838/838/838
f 839/839/839 840/840/840 841/841/841
f 841/841/841 842/842/842 839/839/839
f 842/842/842 843/843/843 839/839/839
f 842/842/842 844/844/844 843/843/843
f 845/845/845 846/846/846 847/847/847
f 845/845/845 847/847/847 848/848/848
f 849/849/849 850/850/850 851/851/851
f 849/849/849 851/851/851 852/852/852
f 853/853/853 854/854/854 855/855/855
f 853/853/853 855/855/855 856/856/856
f 857/857/857 858/858/858 859/859/859
f 857/857/857 859/859/859 860/860/860
f 861/861/861 862/862/862 863/863/863
f 861/861/861 863/863/863 864/864/864
f 865/865/865 866/866/866 867/867/867
f 865/865/865 867/867/867 868/868/868
f 869/869/869 870/870/870 871/871/871
f 869/869/869 871/871/871 872/872/872
f 871/871/871 870/870/870 873/873/873
f 874/874/874 872/872/872 871/871/871
f 873/873/873 874/874/874 871/871/871
