# Unturned item rip -> Godot (X+Z negated, winding reversed, RH Y-up)
v 0.738145 0.000000 -0.226024
v 0.686592 0.213658 0.215184
v 0.728326 0.213658 -0.226024
v 0.692237 0.000000 0.215184
v 0.686592 -0.213658 0.215184
v 0.728326 -0.213658 -0.226024
v 0.589084 0.091656 -0.238376
v 0.704392 0.091657 -0.243893
v 0.704185 0.091657 -0.217419
v 0.588878 0.091656 -0.211902
v 0.576295 0.000000 -0.238376
v 0.589084 0.091656 -0.238376
v 0.588878 0.091656 -0.211902
v 0.576043 0.000000 -0.211902
v 0.588878 -0.091656 -0.211902
v 0.589084 -0.091656 -0.238376
v 0.814764 0.027352 -0.214260
v 0.674552 0.027352 -0.214259
v 0.675272 0.000000 -0.209408
v 0.816506 0.000000 -0.208463
v 0.935509 0.027352 -0.198278
v 0.814764 -0.027352 -0.214260
v 0.674552 -0.027352 -0.214259
v 0.935509 -0.027352 -0.198278
v 0.935367 0.000000 -0.193890
v 1.069686 0.027352 -0.122663
v 1.069686 -0.027352 -0.122663
v 1.066169 0.000000 -0.119345
v 1.126377 0.027352 0.024997
v 1.069686 0.027352 -0.122663
v 1.066169 0.000000 -0.119345
v 1.120563 0.000000 0.024406
v 1.086432 0.027352 0.193353
v 1.081350 0.000000 0.189468
v 1.086432 -0.027352 0.193353
v 1.126377 -0.027352 0.024997
v 1.069686 -0.027352 -0.122663
v 0.978686 0.207172 0.260730
v 1.086432 0.207172 0.193353
v 1.091514 0.169309 0.197237
v 0.981831 0.167864 0.266323
v 1.086432 0.128525 0.193353
v 0.839944 0.197172 0.251204
v 0.978686 0.128525 0.260730
v 0.838906 0.163645 0.256511
v 0.752981 0.187172 0.214166
v 0.839944 0.128525 0.251204
v 0.750607 0.157257 0.219957
v 0.678440 0.177172 0.205800
v 0.752981 0.128525 0.214166
v 0.676335 0.151592 0.209858
v 0.678440 0.128525 0.205800
v 0.978686 0.128525 0.260730
v 1.086432 0.128525 0.193353
v 1.081350 0.105459 0.189468
v 0.975541 0.105459 0.255136
v 1.086432 0.080081 0.193353
v 0.839944 0.128525 0.251204
v 0.978686 0.080081 0.260730
v 0.840982 0.105459 0.245898
v 0.752981 0.128525 0.214166
v 0.839944 0.080081 0.251204
v 0.755354 0.105459 0.208375
v 0.678440 0.128525 0.205800
v 0.752981 0.080081 0.214166
v 0.680545 0.105459 0.201743
v 0.678440 0.080081 0.205800
v 0.978686 0.080081 0.260730
v 1.086432 0.080081 0.193353
v 1.091514 0.054704 0.197237
v 0.981831 0.054704 0.266323
v 1.086432 0.027352 0.193353
v 0.839944 0.080081 0.251204
v 0.978686 0.027352 0.260730
v 0.838906 0.054704 0.256511
v 0.752981 0.080081 0.214166
v 0.839944 0.027352 0.251204
v 0.750607 0.054704 0.219957
v 0.678440 0.080081 0.205800
v 0.752981 0.027352 0.214166
v 0.676335 0.054704 0.209858
v 0.678440 0.027352 0.205800
v 1.126377 0.207172 0.024997
v 1.069686 0.207172 -0.122663
v 1.073202 0.169309 -0.125982
v 1.132190 0.169309 0.025588
v 1.086432 0.207172 0.193353
v 1.069686 0.128525 -0.122663
v 1.091514 0.169309 0.197237
v 1.126377 0.128525 0.024997
v 1.086432 0.128525 0.193353
v 1.126377 0.128525 0.024997
v 1.069686 0.128525 -0.122663
v 1.066169 0.105459 -0.119345
v 1.120563 0.105459 0.024406
v 1.086432 0.128525 0.193353
v 1.069686 0.080081 -0.122663
v 1.081350 0.105459 0.189468
v 1.126377 0.080081 0.024997
v 1.086432 0.080081 0.193353
v 1.126377 0.080081 0.024997
v 1.069686 0.080081 -0.122663
v 1.073202 0.054704 -0.125982
v 1.132190 0.054704 0.025588
v 1.086432 0.080081 0.193353
v 1.069686 0.027352 -0.122663
v 1.091514 0.054704 0.197237
v 1.126377 0.027352 0.024997
v 1.086432 0.027352 0.193353
v 0.814764 0.128525 -0.214260
v 0.674556 0.128525 -0.214259
v 0.675279 0.105459 -0.209408
v 0.816506 0.105459 -0.208463
v 0.674556 0.080081 -0.214259
v 0.935509 0.128525 -0.198278
v 0.814764 0.080081 -0.214260
v 0.935367 0.105459 -0.193890
v 1.069686 0.128525 -0.122663
v 0.935509 0.080081 -0.198278
v 1.066169 0.105459 -0.119345
v 1.069686 0.080081 -0.122663
v 0.978686 0.027352 0.260730
v 1.086432 0.027352 0.193353
v 1.081350 0.000000 0.189468
v 0.975541 0.000000 0.255136
v 0.839944 0.027352 0.251204
v 0.978686 -0.027352 0.260730
v 1.086432 -0.027352 0.193353
v 0.839944 -0.027352 0.251204
v 0.840982 0.000000 0.245898
v 0.752981 0.027352 0.214166
v 0.752981 -0.027352 0.214166
v 0.755354 0.000000 0.208375
v 0.678440 0.027352 0.205800
v 0.678440 -0.027352 0.205800
v 0.680545 0.000000 0.201743
v 0.680550 0.202752 -0.186027
v 0.675272 0.202752 -0.209408
v 0.816506 0.212752 -0.208463
v 0.808502 0.212752 -0.186494
v 0.928576 0.222752 -0.170632
v 0.935367 0.222752 -0.193890
v 1.045459 0.232752 -0.103758
v 1.066169 0.232752 -0.119345
v 1.089144 0.232752 0.024369
v 1.120563 0.232752 0.024406
v 1.057027 0.232752 0.173437
v 1.081350 0.232752 0.189468
v 0.962325 0.232752 0.229049
v 0.975541 0.232752 0.255136
v 0.845005 0.222752 0.220028
v 0.840982 0.222752 0.245898
v 0.762434 0.212752 0.184118
v 0.755354 0.212752 0.208375
v 0.680545 0.202752 0.201743
v 0.680554 0.202752 0.176021
v 0.583562 0.000000 -0.222911
v 0.587796 0.212160 -0.222911
v 0.562436 0.209592 -0.219511
v 0.555666 0.000000 -0.219511
v 0.562436 -0.209592 -0.219511
v 0.587796 -0.212160 -0.222911
v 0.674552 0.177172 -0.214259
v 0.816506 0.212752 -0.208463
v 0.675272 0.202752 -0.209408
v 0.814764 0.187172 -0.214260
v 0.935367 0.222752 -0.193890
v 0.935509 0.197172 -0.198278
v 1.066169 0.232752 -0.119345
v 1.069686 0.207172 -0.122663
v 0.673832 0.151592 -0.219110
v 0.814764 0.187172 -0.214260
v 0.674552 0.177172 -0.214259
v 0.813023 0.157257 -0.220056
v 0.674556 0.128525 -0.214259
v 0.935509 0.197172 -0.198278
v 0.814764 0.128525 -0.214260
v 0.935650 0.162922 -0.202667
v 1.069686 0.207172 -0.122663
v 0.935509 0.128525 -0.198278
v 1.073202 0.169309 -0.125982
v 1.069686 0.128525 -0.122663
v 1.120563 0.232752 0.024406
v 1.066169 0.232752 -0.119345
v 1.069686 0.207172 -0.122663
v 1.126377 0.207172 0.024997
v 1.081350 0.232752 0.189468
v 1.086432 0.207172 0.193353
v 0.975541 0.232752 0.255136
v 1.081350 0.232752 0.189468
v 1.086432 0.207172 0.193353
v 0.978686 0.207172 0.260730
v 0.840982 0.222752 0.245898
v 0.839944 0.197172 0.251204
v 0.755354 0.212752 0.208375
v 0.752981 0.187172 0.214166
v 0.680545 0.202752 0.201743
v 0.678440 0.177172 0.205800
v 0.673832 0.054704 -0.219110
v 0.814764 0.080081 -0.214260
v 0.674556 0.080081 -0.214259
v 0.813023 0.054704 -0.220056
v 0.674552 0.027352 -0.214259
v 0.935509 0.080081 -0.198278
v 0.814764 0.027352 -0.214260
v 0.935650 0.054704 -0.202667
v 1.069686 0.080081 -0.122663
v 0.935509 0.027352 -0.198278
v 1.073202 0.054704 -0.125982
v 1.069686 0.027352 -0.122663
v 0.704392 0.091657 -0.243893
v 0.716974 0.000000 -0.217419
v 0.704185 0.091657 -0.217419
v 0.717227 0.000000 -0.243893
v 0.704392 -0.091657 -0.243893
v 0.704185 -0.091657 -0.217419
v 0.542436 0.209592 0.200941
v 0.555666 0.000000 -0.219511
v 0.562436 0.209592 -0.219511
v 0.533666 0.000000 0.200941
v 0.542436 -0.209592 0.200941
v 0.562436 -0.209592 -0.219511
v 0.679432 0.063436 -0.236196
v 0.614053 0.063435 -0.233069
v 0.606802 0.000000 -0.233069
v 0.686710 0.000000 -0.236196
v 0.679432 -0.063436 -0.236196
v 0.614053 -0.063435 -0.233069
v 0.587796 0.212160 -0.222911
v 0.564338 0.212160 0.207548
v 0.542436 0.209592 0.200941
v 0.562436 0.209592 -0.219511
v 0.703919 0.215006 -0.227469
v 0.665247 0.215006 0.217518
v 0.615443 0.218151 0.222965
v 0.646969 0.218151 -0.230842
v 0.564338 0.212160 0.207548
v 0.587796 0.212160 -0.222911
v 0.728326 0.213658 -0.226024
v 0.686592 0.213658 0.215184
v 0.665247 0.215006 0.217518
v 0.703919 0.215006 -0.227469
v 0.686592 0.213658 0.215184
v 0.668758 0.000000 0.217519
v 0.665247 0.215006 0.217518
v 0.692237 0.000000 0.215184
v 0.686592 -0.213658 0.215184
v 0.665247 -0.215006 0.217518
v 0.728326 0.213658 -0.226024
v 0.703919 0.215006 -0.227469
v 0.711297 0.000000 -0.227469
v 0.738145 0.000000 -0.226024
v 0.728326 -0.213658 -0.226024
v 0.703919 -0.215006 -0.227469
v 0.542436 0.209592 0.200941
v 0.564338 0.212160 0.207548
v 0.557759 0.000000 0.207548
v 0.533666 0.000000 0.200941
v 0.542436 -0.209592 0.200941
v 0.564338 -0.212160 0.207548
v 0.589084 -0.091656 -0.238376
v 0.588878 -0.091656 -0.211902
v 0.704185 -0.091657 -0.217419
v 0.704392 -0.091657 -0.243893
v 0.978686 -0.207172 0.260730
v 1.091514 -0.169309 0.197237
v 1.086432 -0.207172 0.193353
v 0.981831 -0.167864 0.266323
v 1.086432 -0.128525 0.193353
v 0.839944 -0.197172 0.251204
v 0.978686 -0.128525 0.260730
v 0.838906 -0.163645 0.256511
v 0.752981 -0.187172 0.214166
v 0.839944 -0.128525 0.251204
v 0.750607 -0.157257 0.219957
v 0.678440 -0.177172 0.205800
v 0.752981 -0.128525 0.214166
v 0.676335 -0.151592 0.209858
v 0.678440 -0.128525 0.205800
v 0.978686 -0.128525 0.260730
v 1.081350 -0.105459 0.189468
v 1.086432 -0.128525 0.193353
v 0.975541 -0.105459 0.255136
v 1.086432 -0.080081 0.193353
v 0.839944 -0.128525 0.251204
v 0.978686 -0.080081 0.260730
v 0.840982 -0.105459 0.245898
v 0.752981 -0.128525 0.214166
v 0.839944 -0.080081 0.251204
v 0.755354 -0.105459 0.208375
v 0.678440 -0.128525 0.205800
v 0.752981 -0.080081 0.214166
v 0.680545 -0.105459 0.201743
v 0.678440 -0.080081 0.205800
v 0.978686 -0.080081 0.260730
v 1.091514 -0.054704 0.197237
v 1.086432 -0.080081 0.193353
v 0.981831 -0.054704 0.266323
v 1.086432 -0.027352 0.193353
v 0.839944 -0.080081 0.251204
v 0.978686 -0.027352 0.260730
v 0.838906 -0.054704 0.256511
v 0.752981 -0.080081 0.214166
v 0.839944 -0.027352 0.251204
v 0.750607 -0.054704 0.219957
v 0.678440 -0.080081 0.205800
v 0.752981 -0.027352 0.214166
v 0.676335 -0.054704 0.209858
v 0.678440 -0.027352 0.205800
v 1.126377 -0.207172 0.024997
v 1.073202 -0.169309 -0.125982
v 1.069686 -0.207172 -0.122663
v 1.132190 -0.169309 0.025588
v 1.086432 -0.207172 0.193353
v 1.069686 -0.128525 -0.122663
v 1.091514 -0.169309 0.197237
v 1.126377 -0.128525 0.024997
v 1.086432 -0.128525 0.193353
v 1.126377 -0.128525 0.024997
v 1.066169 -0.105459 -0.119345
v 1.069686 -0.128525 -0.122663
v 1.120563 -0.105459 0.024406
v 1.086432 -0.128525 0.193353
v 1.069686 -0.080081 -0.122663
v 1.081350 -0.105459 0.189468
v 1.126377 -0.080081 0.024997
v 1.086432 -0.080081 0.193353
v 1.126377 -0.080081 0.024997
v 1.073202 -0.054704 -0.125982
v 1.069686 -0.080081 -0.122663
v 1.132190 -0.054704 0.025588
v 1.086432 -0.080081 0.193353
v 1.069686 -0.027352 -0.122663
v 1.091514 -0.054704 0.197237
v 1.126377 -0.027352 0.024997
v 1.086432 -0.027352 0.193353
v 0.814764 -0.128525 -0.214260
v 0.675279 -0.105459 -0.209408
v 0.674556 -0.128525 -0.214259
v 0.816506 -0.105459 -0.208463
v 0.674556 -0.080081 -0.214259
v 0.935509 -0.128525 -0.198278
v 0.814764 -0.080081 -0.214260
v 0.935367 -0.105459 -0.193890
v 1.069686 -0.128525 -0.122663
v 0.935509 -0.080081 -0.198278
v 1.066169 -0.105459 -0.119345
v 1.069686 -0.080081 -0.122663
v 0.680550 -0.202752 -0.186027
v 0.816506 -0.212752 -0.208463
v 0.675272 -0.202752 -0.209408
v 0.808502 -0.212752 -0.186494
v 0.928576 -0.222752 -0.170632
v 0.935367 -0.222752 -0.193890
v 1.045459 -0.232752 -0.103758
v 1.066169 -0.232752 -0.119345
v 1.089144 -0.232752 0.024369
v 1.120563 -0.232752 0.024406
v 1.057027 -0.232752 0.173437
v 1.081350 -0.232752 0.189468
v 0.962325 -0.232752 0.229049
v 0.975541 -0.232752 0.255136
v 0.845005 -0.222752 0.220028
v 0.840982 -0.222752 0.245898
v 0.762434 -0.212752 0.184118
v 0.755354 -0.212752 0.208375
v 0.680545 -0.202752 0.201743
v 0.680554 -0.202752 0.176021
v 0.674552 -0.177172 -0.214259
v 0.675272 -0.202752 -0.209408
v 0.816506 -0.212752 -0.208463
v 0.814764 -0.187172 -0.214260
v 0.935367 -0.222752 -0.193890
v 0.935509 -0.197172 -0.198278
v 1.066169 -0.232752 -0.119345
v 1.069686 -0.207172 -0.122663
v 0.673832 -0.151592 -0.219110
v 0.674552 -0.177172 -0.214259
v 0.814764 -0.187172 -0.214260
v 0.813023 -0.157257 -0.220056
v 0.674556 -0.128525 -0.214259
v 0.935509 -0.197172 -0.198278
v 0.814764 -0.128525 -0.214260
v 0.935650 -0.162922 -0.202667
v 1.069686 -0.207172 -0.122663
v 0.935509 -0.128525 -0.198278
v 1.073202 -0.169309 -0.125982
v 1.069686 -0.128525 -0.122663
v 1.120563 -0.232752 0.024406
v 1.069686 -0.207172 -0.122663
v 1.066169 -0.232752 -0.119345
v 1.126377 -0.207172 0.024997
v 1.081350 -0.232752 0.189468
v 1.086432 -0.207172 0.193353
v 0.975541 -0.232752 0.255136
v 1.086432 -0.207172 0.193353
v 1.081350 -0.232752 0.189468
v 0.978686 -0.207172 0.260730
v 0.840982 -0.222752 0.245898
v 0.839944 -0.197172 0.251204
v 0.755354 -0.212752 0.208375
v 0.752981 -0.187172 0.214166
v 0.680545 -0.202752 0.201743
v 0.678440 -0.177172 0.205800
v 0.673832 -0.054704 -0.219110
v 0.674556 -0.080081 -0.214259
v 0.814764 -0.080081 -0.214260
v 0.813023 -0.054704 -0.220056
v 0.674552 -0.027352 -0.214259
v 0.935509 -0.080081 -0.198278
v 0.814764 -0.027352 -0.214260
v 0.935650 -0.054704 -0.202667
v 1.069686 -0.080081 -0.122663
v 0.935509 -0.027352 -0.198278
v 1.073202 -0.054704 -0.125982
v 1.069686 -0.027352 -0.122663
v 0.587796 -0.212160 -0.222911
v 0.562436 -0.209592 -0.219511
v 0.542436 -0.209592 0.200941
v 0.564338 -0.212160 0.207548
v 0.703919 -0.215006 -0.227469
v 0.615443 -0.218151 0.222965
v 0.665247 -0.215006 0.217518
v 0.646969 -0.218151 -0.230842
v 0.564338 -0.212160 0.207548
v 0.587796 -0.212160 -0.222911
v 0.728326 -0.213658 -0.226024
v 0.703919 -0.215006 -0.227469
v 0.665247 -0.215006 0.217518
v 0.686592 -0.213658 0.215184
v 0.773085 0.243777 0.105192
v 0.762936 0.243662 0.117528
v 0.667743 0.244442 0.044048
v 0.682628 0.244611 0.025955
v 0.788529 0.230727 -0.087772
v 0.788205 0.246634 -0.087889
v 0.780088 0.246367 -0.101645
v 0.780411 0.230460 -0.101527
v 0.463837 0.251002 0.071903
v 0.483319 0.251642 0.104916
v 0.484039 0.216193 0.105179
v 0.464558 0.215553 0.072166
v 0.675127 0.225491 -0.043630
v 0.780411 0.230460 -0.101527
v 0.780088 0.246367 -0.101645
v 0.674671 0.247912 -0.043796
v 0.569254 0.249457 0.014054
v 0.584948 0.249973 0.040648
v 0.483319 0.251642 0.104916
v 0.463837 0.251002 0.071903
v 0.585536 0.221038 0.040862
v 0.569842 0.220522 0.014268
v 0.464558 0.215553 0.072166
v 0.484039 0.216193 0.105179
v 0.686577 0.248303 -0.023621
v 0.788205 0.246634 -0.087889
v 0.788529 0.230727 -0.087772
v 0.687032 0.225883 -0.023455
v 0.687032 0.225883 -0.023455
v 0.680982 0.222230 -0.015460
v 0.680380 0.251825 -0.015679
v 0.686577 0.248303 -0.023621
v 0.788529 0.230727 -0.087772
v 0.780411 0.230460 -0.101527
v 0.675127 0.225491 -0.043630
v 0.687032 0.225883 -0.023455
v 0.674671 0.247912 -0.043796
v 0.665266 0.221713 -0.042091
v 0.675127 0.225491 -0.043630
v 0.664665 0.251308 -0.042310
v 0.575454 0.215938 0.005307
v 0.574678 0.254132 0.005024
v 0.483319 0.251642 0.104916
v 0.584948 0.249973 0.040648
v 0.585536 0.221038 0.040862
v 0.484039 0.216193 0.105179
v 0.675127 0.225491 -0.043630
v 0.680982 0.222230 -0.015460
v 0.687032 0.225883 -0.023455
v 0.665266 0.221713 -0.042091
v 0.575454 0.215938 0.005307
v 0.596169 0.216619 0.040411
v 0.585536 0.221038 0.040862
v 0.569842 0.220522 0.014268
v 0.464558 0.215553 0.072166
v 0.569842 0.220522 0.014268
v 0.569254 0.249457 0.014054
v 0.463837 0.251002 0.071903
v 0.686577 0.248303 -0.023621
v 0.664665 0.251308 -0.042310
v 0.674671 0.247912 -0.043796
v 0.680380 0.251825 -0.015679
v 0.595393 0.254813 0.040129
v 0.574678 0.254132 0.005024
v 0.569254 0.249457 0.014054
v 0.584948 0.249973 0.040648
v 0.595393 0.254813 0.040129
v 0.680380 0.251825 -0.015679
v 0.680982 0.222230 -0.015460
v 0.596169 0.216619 0.040411
v 0.584948 0.249973 0.040648
v 0.585536 0.221038 0.040862
v 0.569842 0.220522 0.014268
v 0.575454 0.215938 0.005307
v 0.574678 0.254132 0.005024
v 0.569254 0.249457 0.014054
v 0.763259 0.227756 0.117646
v 0.762936 0.243662 0.117528
v 0.773085 0.243777 0.105192
v 0.773408 0.227871 0.105310
v 0.501714 0.246278 -0.132519
v 0.477358 0.246002 -0.102913
v 0.478078 0.210553 -0.102651
v 0.502434 0.210829 -0.132256
v 0.683084 0.222190 0.026121
v 0.773408 0.227871 0.105310
v 0.773085 0.243777 0.105192
v 0.682628 0.244611 0.025955
v 0.592171 0.245444 -0.053282
v 0.572551 0.245222 -0.029433
v 0.477358 0.246002 -0.102913
v 0.501714 0.246278 -0.132519
v 0.573138 0.216287 -0.029218
v 0.592759 0.216510 -0.053068
v 0.502434 0.210829 -0.132256
v 0.478078 0.210553 -0.102651
v 0.667743 0.244442 0.044048
v 0.762936 0.243662 0.117528
v 0.763259 0.227756 0.117646
v 0.668199 0.222022 0.044214
v 0.668199 0.222022 0.044214
v 0.658091 0.247813 0.040992
v 0.667743 0.244442 0.044048
v 0.658692 0.218217 0.041212
v 0.576515 0.250006 -0.019727
v 0.577291 0.211813 -0.019445
v 0.763259 0.227756 0.117646
v 0.773408 0.227871 0.105310
v 0.683084 0.222190 0.026121
v 0.668199 0.222022 0.044214
v 0.682628 0.244611 0.025955
v 0.677739 0.248035 0.017110
v 0.678340 0.218440 0.017329
v 0.683084 0.222190 0.026121
v 0.477358 0.246002 -0.102913
v 0.572551 0.245222 -0.029433
v 0.573138 0.216287 -0.029218
v 0.478078 0.210553 -0.102651
v 0.683084 0.222190 0.026121
v 0.658692 0.218217 0.041212
v 0.668199 0.222022 0.044214
v 0.678340 0.218440 0.017329
v 0.603191 0.212106 -0.050926
v 0.577291 0.211813 -0.019445
v 0.573138 0.216287 -0.029218
v 0.592759 0.216510 -0.053068
v 0.502434 0.210829 -0.132256
v 0.592759 0.216510 -0.053068
v 0.592171 0.245444 -0.053282
v 0.501714 0.246278 -0.132519
v 0.667743 0.244442 0.044048
v 0.677739 0.248035 0.017110
v 0.682628 0.244611 0.025955
v 0.658091 0.247813 0.040992
v 0.576515 0.250006 -0.019727
v 0.602414 0.250300 -0.051209
v 0.592171 0.245444 -0.053282
v 0.572551 0.245222 -0.029433
v 0.603191 0.212106 -0.050926
v 0.678340 0.218440 0.017329
v 0.677739 0.248035 0.017110
v 0.602414 0.250300 -0.051209
v 0.592759 0.216510 -0.053068
v 0.592171 0.245444 -0.053282
v 0.572551 0.245222 -0.029433
v 0.576515 0.250006 -0.019727
v 0.577291 0.211813 -0.019445
v 0.573138 0.216287 -0.029218
v 0.638534 0.229614 -0.109815
v 0.670155 0.204979 -0.090075
v 0.670155 0.229614 -0.090075
v 0.638534 0.204979 -0.109815
v 0.604310 0.229614 -0.094603
v 0.604310 0.204979 -0.094603
v 0.623857 0.229614 0.100724
v 0.670155 0.229614 -0.090075
v 0.658080 0.229614 0.085512
v 0.638534 0.229614 -0.109815
v 0.592235 0.229614 0.080984
v 0.604310 0.229614 -0.094603
v 0.592235 0.204979 0.080984
v 0.604310 0.204979 -0.094603
v 0.604310 0.229614 -0.094603
v 0.592235 0.229614 0.080984
v 0.658080 0.229614 0.085512
v 0.670155 0.229614 -0.090075
v 0.670155 0.204979 -0.090075
v 0.658080 0.204979 0.085512
v 0.623857 0.204979 0.100724
v 0.658080 0.229614 0.085512
v 0.658080 0.204979 0.085512
v 0.623857 0.229614 0.100724
v 0.592235 0.204979 0.080984
v 0.592235 0.229614 0.080984
v 0.612824 -0.188309 -0.049695
v 0.636733 -0.193639 -0.047704
v 0.698013 -0.205068 -0.090293
v 0.689424 -0.202596 -0.102931
v 0.765897 -0.226006 -0.124907
v 0.774279 -0.228769 -0.146198
v 0.848842 -0.224130 -0.020329
v 0.769435 -0.198953 0.017239
v 0.693226 -0.182961 -0.102729
v 0.778081 -0.209135 -0.145996
v 0.689424 -0.202596 -0.102931
v 0.774279 -0.228769 -0.146198
v 0.778081 -0.209135 -0.145996
v 0.693226 -0.182961 -0.102729
v 0.845039 -0.243764 -0.020531
v 0.765633 -0.218587 0.017037
v 0.769435 -0.198953 0.017239
v 0.848842 -0.224130 -0.020329
v 0.774279 -0.228769 -0.146198
v 0.845039 -0.243764 -0.020531
v 0.848842 -0.224130 -0.020329
v 0.778081 -0.209135 -0.145996
v 0.657055 -0.196790 -0.047504
v 0.751562 -0.201408 -0.028718
v 0.662231 -0.177472 -0.047504
v 0.746386 -0.220726 -0.028718
v 0.838305 -0.235003 0.004517
v 0.833128 -0.254322 0.004517
v 0.833128 -0.254322 0.004517
v 0.794744 -0.244037 0.143963
v 0.799921 -0.224718 0.143963
v 0.838305 -0.235003 0.004517
v 0.794744 -0.244037 0.143963
v 0.720855 -0.193180 0.110727
v 0.799921 -0.224718 0.143963
v 0.715678 -0.212498 0.110727
v 0.648274 -0.173732 0.100612
v 0.643097 -0.193050 0.100612
v 0.799921 -0.224718 0.143963
v 0.720855 -0.193180 0.110727
v 0.751562 -0.201408 -0.028718
v 0.838305 -0.235003 0.004517
v 0.715678 -0.212498 0.110727
v 0.660814 -0.198488 0.089943
v 0.643097 -0.193050 0.100612
v 0.718879 -0.214046 0.098035
v 0.794744 -0.244037 0.143963
v 0.782132 -0.239277 0.124623
v 0.657055 -0.196790 -0.047504
v 0.671980 -0.201480 -0.028550
v 0.743445 -0.220629 -0.013521
v 0.746386 -0.220726 -0.028718
v 0.812839 -0.247505 0.013067
v 0.833128 -0.254322 0.004517
v 0.718879 -0.214046 0.098035
v 0.671980 -0.201480 -0.028550
v 0.660814 -0.198488 0.089943
v 0.743445 -0.220629 -0.013521
v 0.782132 -0.239277 0.124623
v 0.812839 -0.247505 0.013067
v 0.643097 -0.193050 0.100612
v 0.660814 -0.198488 0.089943
v 0.671980 -0.201480 -0.028550
v 0.657055 -0.196790 -0.047504
v 0.833128 -0.254322 0.004517
v 0.812839 -0.247505 0.013067
v 0.782132 -0.239277 0.124623
v 0.794744 -0.244037 0.143963
v 0.822505 -0.238003 -0.024373
v 0.765897 -0.226006 -0.124907
v 0.698013 -0.205068 -0.090293
v 0.758980 -0.217861 0.005681
v 0.636733 -0.193639 -0.047704
v 0.712084 -0.209165 0.043155
v 0.774279 -0.228769 -0.146198
v 0.765897 -0.226006 -0.124907
v 0.822505 -0.238003 -0.024373
v 0.845039 -0.243764 -0.020531
v 0.845039 -0.243764 -0.020531
v 0.822505 -0.238003 -0.024373
v 0.758980 -0.217861 0.005681
v 0.765633 -0.218587 0.017037
v 0.712084 -0.209165 0.043155
v 0.707012 -0.207717 0.063878
v 0.636733 -0.193639 -0.047704
v 0.612824 -0.188309 -0.049695
v 0.612824 0.188309 -0.049695
v 0.698013 0.205068 -0.090293
v 0.636733 0.193639 -0.047704
v 0.689424 0.202596 -0.102931
v 0.765897 0.226006 -0.124907
v 0.774279 0.228769 -0.146198
v 0.848842 0.224130 -0.020329
v 0.778081 0.209135 -0.145996
v 0.693226 0.182961 -0.102729
v 0.769435 0.198953 0.017239
v 0.689424 0.202596 -0.102931
v 0.693226 0.182961 -0.102729
v 0.778081 0.209135 -0.145996
v 0.774279 0.228769 -0.146198
v 0.845039 0.243764 -0.020531
v 0.848842 0.224130 -0.020329
v 0.769435 0.198953 0.017239
v 0.765633 0.218587 0.017037
v 0.774279 0.228769 -0.146198
v 0.778081 0.209135 -0.145996
v 0.848842 0.224130 -0.020329
v 0.845039 0.243764 -0.020531
v 0.657055 0.196790 -0.047504
v 0.662231 0.177472 -0.047504
v 0.751562 0.201408 -0.028718
v 0.746386 0.220726 -0.028718
v 0.838305 0.235003 0.004517
v 0.833128 0.254322 0.004517
v 0.833128 0.254322 0.004517
v 0.838305 0.235003 0.004517
v 0.799921 0.224718 0.143963
v 0.794744 0.244037 0.143963
v 0.794744 0.244037 0.143963
v 0.799921 0.224718 0.143963
v 0.720855 0.193180 0.110727
v 0.715678 0.212498 0.110727
v 0.648274 0.173732 0.100612
v 0.643097 0.193050 0.100612
v 0.799921 0.224718 0.143963
v 0.838305 0.235003 0.004517
v 0.751562 0.201408 -0.028718
v 0.720855 0.193180 0.110727
v 0.715678 0.212498 0.110727
v 0.643097 0.193050 0.100612
v 0.660814 0.198488 0.089943
v 0.718879 0.214046 0.098035
v 0.794744 0.244037 0.143963
v 0.782132 0.239277 0.124623
v 0.657055 0.196790 -0.047504
v 0.743445 0.220629 -0.013521
v 0.671980 0.201480 -0.028550
v 0.746386 0.220726 -0.028718
v 0.812839 0.247505 0.013067
v 0.833128 0.254322 0.004517
v 0.718879 0.214046 0.098035
v 0.660814 0.198488 0.089943
v 0.671980 0.201480 -0.028550
v 0.743445 0.220629 -0.013521
v 0.782132 0.239277 0.124623
v 0.812839 0.247505 0.013067
v 0.643097 0.193050 0.100612
v 0.657055 0.196790 -0.047504
v 0.671980 0.201480 -0.028550
v 0.660814 0.198488 0.089943
v 0.833128 0.254322 0.004517
v 0.794744 0.244037 0.143963
v 0.782132 0.239277 0.124623
v 0.812839 0.247505 0.013067
v 0.822505 0.238003 -0.024373
v 0.698013 0.205068 -0.090293
v 0.765897 0.226006 -0.124907
v 0.758980 0.217861 0.005681
v 0.636733 0.193639 -0.047704
v 0.712084 0.209165 0.043155
v 0.774279 0.228769 -0.146198
v 0.845039 0.243764 -0.020531
v 0.822505 0.238003 -0.024373
v 0.765897 0.226006 -0.124907
v 0.845039 0.243764 -0.020531
v 0.758980 0.217861 0.005681
v 0.822505 0.238003 -0.024373
v 0.765633 0.218587 0.017037
v 0.712084 0.209165 0.043155
v 0.707012 0.207717 0.063878
v 0.636733 0.193639 -0.047704
v 0.612824 0.188309 -0.049695
v 0.393571 0.099493 0.197128
v 0.322407 0.116413 0.223030
v 0.278851 0.022532 0.238883
v 0.364534 0.015021 0.207696
v 0.477882 0.082572 0.185780
v 0.462432 0.007511 0.185780
v 0.553614 0.065652 0.185779
v 0.553614 0.000000 0.185779
v 0.553614 -0.065652 0.185779
v 0.462432 -0.007511 0.185780
v 0.477882 -0.082572 0.185780
v 0.364534 -0.015021 0.207696
v 0.393571 -0.099493 0.197128
v 0.278851 -0.022532 0.238883
v 0.322407 -0.116413 0.223030
v 0.403832 0.099493 0.225319
v 0.289111 0.022532 0.267073
v 0.332667 0.116413 0.251220
v 0.374795 0.015021 0.235887
v 0.477882 0.082572 0.215779
v 0.462432 0.007511 0.215779
v 0.553614 0.065652 0.215779
v 0.553614 0.000000 0.215779
v 0.596537 0.000000 0.215779
v 0.596537 0.065652 0.215779
v 0.553614 -0.065652 0.215779
v 0.596537 -0.065652 0.215779
v 0.462432 -0.007511 0.215779
v 0.477882 -0.082572 0.215779
v 0.374795 -0.015021 0.235887
v 0.403832 -0.099493 0.225319
v 0.289111 -0.022532 0.267073
v 0.332667 -0.116413 0.251220
v 0.462432 0.007511 0.185780
v 0.553614 0.000000 0.215779
v 0.553614 0.000000 0.185779
v 0.462432 0.007511 0.215779
v 0.364534 0.015021 0.207696
v 0.374795 0.015021 0.235887
v 0.278851 0.022532 0.238883
v 0.289111 0.022532 0.267073
v 0.393571 0.099493 0.197128
v 0.332667 0.116413 0.251220
v 0.322407 0.116413 0.223030
v 0.403832 0.099493 0.225319
v 0.477882 0.082572 0.185780
v 0.477882 0.082572 0.215779
v 0.553614 0.065652 0.185779
v 0.553614 0.065652 0.215779
v 0.596537 0.065652 0.215779
v 0.596537 0.065652 0.185779
v 0.322407 0.116413 0.223030
v 0.332667 0.116413 0.251220
v 0.289111 0.022532 0.267073
v 0.278851 0.022532 0.238883
v 0.611397 0.081977 0.238973
v 0.666414 0.074525 0.229754
v 0.686715 0.000000 0.245563
v 0.610179 0.000000 0.252900
v 0.558817 0.074525 0.220340
v 0.536080 0.000000 0.232384
v 0.558817 -0.074525 0.220340
v 0.611397 -0.081977 0.238973
v 0.666414 -0.074525 0.229754
v 0.611397 0.081977 0.238973
v 0.558817 0.074525 0.220340
v 0.563691 0.074525 0.164635
v 0.617489 0.081977 0.169342
v 0.666414 0.074525 0.229754
v 0.671287 0.074525 0.174048
v 0.686715 0.000000 0.245563
v 0.666414 0.074525 0.229754
v 0.671287 0.074525 0.174048
v 0.692807 0.000000 0.175931
v 0.671287 -0.074525 0.174048
v 0.666414 -0.074525 0.229754
v 0.558817 0.074525 0.220340
v 0.542172 0.000000 0.162752
v 0.563691 0.074525 0.164635
v 0.536080 0.000000 0.232384
v 0.558817 -0.074525 0.220340
v 0.563691 -0.074525 0.164635
v 0.462432 -0.007511 0.185780
v 0.553614 0.000000 0.185779
v 0.553614 0.000000 0.215779
v 0.462432 -0.007511 0.215779
v 0.364534 -0.015021 0.207696
v 0.374795 -0.015021 0.235887
v 0.278851 -0.022532 0.238883
v 0.289111 -0.022532 0.267073
v 0.393571 -0.099493 0.197128
v 0.322407 -0.116413 0.223030
v 0.332667 -0.116413 0.251220
v 0.403832 -0.099493 0.225319
v 0.477882 -0.082572 0.185780
v 0.477882 -0.082572 0.215779
v 0.553614 -0.065652 0.185779
v 0.553614 -0.065652 0.215779
v 0.596537 -0.065652 0.215779
v 0.596537 -0.065652 0.185779
v 0.322407 -0.116413 0.223030
v 0.278851 -0.022532 0.238883
v 0.289111 -0.022532 0.267073
v 0.332667 -0.116413 0.251220
v 0.553614 0.000000 0.215779
v 0.553614 0.000000 0.185779
v 0.596537 0.000000 0.185779
v 0.596537 0.000000 0.215779
v 0.611397 -0.081977 0.238973
v 0.563691 -0.074525 0.164635
v 0.558817 -0.074525 0.220340
v 0.617489 -0.081977 0.169342
v 0.666414 -0.074525 0.229754
v 0.671287 -0.074525 0.174048
v 0.780088 0.246367 -0.101645
v 0.788205 0.246634 -0.087889
v 0.686577 0.248303 -0.023621
v 0.674671 0.247912 -0.043796
v 0.646969 0.000000 -0.230842
v 0.583562 0.000000 -0.222911
v 0.587796 -0.212160 -0.222911
v 0.587796 0.212160 -0.222911
v 0.646969 -0.218151 -0.230842
v 0.646969 0.218151 -0.230842
v 0.703919 -0.215006 -0.227469
v 0.703919 0.215006 -0.227469
v 0.711297 0.000000 -0.227469
v 0.808502 -0.212752 -0.158388
v 0.808502 -0.212752 -0.186494
v 0.680550 -0.202752 -0.186027
v 0.680551 -0.202752 -0.158389
v 0.919162 -0.222752 -0.143455
v 0.928576 -0.222752 -0.170632
v 0.768681 -0.212752 0.158424
v 0.680554 -0.202752 0.148108
v 0.680554 -0.202752 0.176021
v 0.762434 -0.212752 0.184118
v 0.845005 -0.222752 0.220028
v 0.850483 -0.222752 0.193399
v 0.962325 -0.232752 0.229049
v 0.950216 -0.232752 0.201466
v 1.057027 -0.232752 0.173437
v 1.022579 -0.232752 -0.086438
v 1.045459 -0.232752 -0.103758
v 1.030908 -0.232752 0.156328
v 1.089144 -0.232752 0.024369
v 1.059030 -0.232752 0.023551
v 0.597431 0.000000 -0.239204
v 0.606802 0.000000 -0.233069
v 0.614053 0.063435 -0.233069
v 0.614053 -0.063435 -0.233069
v 0.606383 0.073120 -0.239204
v 0.679432 0.063436 -0.236196
v 0.606383 -0.073120 -0.239204
v 0.679432 -0.063436 -0.236196
v 0.576295 0.000000 -0.238376
v 0.589084 0.091656 -0.238376
v 0.589084 -0.091656 -0.238376
v 0.687099 0.073121 -0.243065
v 0.704392 0.091657 -0.243893
v 0.686710 0.000000 -0.236196
v 0.687099 -0.073121 -0.243065
v 0.704392 -0.091657 -0.243893
v 0.696083 0.000000 -0.243065
v 0.717227 0.000000 -0.243893
v 0.808502 0.212752 -0.158388
v 0.680551 0.202752 -0.158389
v 0.680550 0.202752 -0.186027
v 0.808502 0.212752 -0.186494
v 0.768681 0.212752 0.158424
v 0.680554 0.202752 0.148108
v 0.680554 0.202752 0.176021
v 0.762434 0.212752 0.184118
v 0.845005 0.222752 0.220028
v 0.850483 0.222752 0.193399
v 0.962325 0.232752 0.229049
v 0.919162 0.222752 -0.143455
v 0.928576 0.222752 -0.170632
v 0.950216 0.232752 0.201466
v 1.057027 0.232752 0.173437
v 1.022579 0.232752 -0.086438
v 1.045459 0.232752 -0.103758
v 1.030908 0.232752 0.156328
v 1.089144 0.232752 0.024369
v 1.059030 0.232752 0.023551
v 0.564338 0.212160 0.207548
v 0.615443 0.000000 0.222965
v 0.557759 0.000000 0.207548
v 0.615443 0.218151 0.222965
v 0.564338 -0.212160 0.207548
v 0.665247 0.215006 0.217518
v 0.615443 -0.218151 0.222965
v 0.668758 0.000000 0.217519
v 0.665247 -0.215006 0.217518
vt 0.0264335684 0.681842029
vt 0.0279922765 0.687128067
vt 0.0279922765 0.68183744
vt 0.0264334306 0.687131643
vt 0.0248739664 0.687131763
vt 0.0248739664 0.681841195
vt 0.0404911786 0.706766009
vt 0.0404911786 0.705378413
vt 0.0402983241 0.705396295
vt 0.0402983241 0.706783772
vt 0.0376249067 0.704288363
vt 0.037629962 0.703182697
vt 0.0374370106 0.70318222
vt 0.0374318846 0.704288006
vt 0.0374370106 0.705385089
vt 0.037629962 0.705385327
vt 0.00418999745 0.807997644
vt 0.00317484257 0.807998002
vt 0.00318453857 0.8083269
vt 0.00420790724 0.808326602
vt 0.00507885311 0.807997644
vt 0.00418999745 0.808655322
vt 0.00317484257 0.80865562
vt 0.00507885311 0.808655322
vt 0.00508183753 0.808326602
vt 0.00611944124 0.807998717
vt 0.00611944124 0.808656335
vt 0.00609700987 0.808327615
vt 0.0105095766 0.81329304
vt 0.00942250714 0.813297093
vt 0.00944614597 0.813626111
vt 0.0105042625 0.813622355
vt 0.0117309159 0.813296378
vt 0.0117016882 0.813625574
vt 0.0117309159 0.813953936
vt 0.0105095766 0.813950717
vt 0.00942250714 0.813954651
vt 0.00679288153 0.862914264
vt 0.00610617269 0.862913549
vt 0.00606465992 0.86336869
vt 0.00676299678 0.863386929
vt 0.00610617269 0.863858998
vt 0.00780161796 0.863034666
vt 0.00679288153 0.863859832
vt 0.00780220423 0.863437712
vt 0.00847407524 0.86315459
vt 0.00780161796 0.863859832
vt 0.00848370139 0.863514364
vt 0.00902030058 0.863274992
vt 0.00847407524 0.863859594
vt 0.0090302052 0.863582551
vt 0.00902030058 0.863859832
vt 0.00716164941 0.806783676
vt 0.00647494057 0.806782782
vt 0.00651652273 0.807060063
vt 0.0071914643 0.807060897
vt 0.00647494057 0.807365298
vt 0.00817035139 0.806783676
vt 0.00716164941 0.807365954
vt 0.00816976372 0.807061136
vt 0.00884284265 0.806783497
vt 0.00817035139 0.807366192
vt 0.00883328356 0.807060778
vt 0.00938903447 0.806783676
vt 0.00884284265 0.807365954
vt 0.00937919971 0.807060897
vt 0.00938903447 0.807365954
vt 0.00679288153 0.86444205
vt 0.00610617269 0.864441335
vt 0.00606465992 0.864746392
vt 0.00676299678 0.864747345
vt 0.00610617269 0.865075171
vt 0.00780161796 0.864442289
vt 0.00679288153 0.865076005
vt 0.00780220423 0.864747465
vt 0.00847407524 0.86444205
vt 0.00780161796 0.865076125
vt 0.00848370139 0.864747107
vt 0.00902030058 0.86444205
vt 0.00847407524 0.865076005
vt 0.0090302052 0.864747345
vt 0.00902030058 0.865076005
vt 0.0101408083 0.868207395
vt 0.00905373879 0.868211448
vt 0.0090302052 0.868666351
vt 0.010146088 0.868662179
vt 0.0113621652 0.868210733
vt 0.00905373879 0.869156897
vt 0.0113913938 0.868665636
vt 0.0101408083 0.869152963
vt 0.0113621652 0.869156182
vt 0.0105095766 0.812076867
vt 0.00942250714 0.81208086
vt 0.00944614597 0.812358379
vt 0.0105042625 0.812354624
vt 0.0117309159 0.812080145
vt 0.00942250714 0.812663078
vt 0.0117016882 0.812357724
vt 0.0105095766 0.812659144
vt 0.0117309159 0.812662542
vt 0.0101408083 0.869735181
vt 0.00905373879 0.869739234
vt 0.0090302052 0.870044053
vt 0.010146088 0.87003988
vt 0.0113621652 0.869738638
vt 0.00905373879 0.870373189
vt 0.0113913938 0.870043218
vt 0.0101408083 0.870369256
vt 0.0113621652 0.870372474
vt 0.00418999745 0.806781471
vt 0.00317494594 0.806781828
vt 0.00318453857 0.807059169
vt 0.00420790724 0.807058871
vt 0.00317494594 0.807364106
vt 0.00507885311 0.806781471
vt 0.00418999745 0.807363868
vt 0.00508183753 0.807058871
vt 0.00611944124 0.806782544
vt 0.00507885311 0.807363868
vt 0.00609700987 0.807059884
vt 0.00611944124 0.807364941
vt 0.00716164941 0.807999909
vt 0.00647494057 0.807999015
vt 0.00651645381 0.808327973
vt 0.0071914643 0.808328629
vt 0.00817035139 0.808000088
vt 0.00716164941 0.808657587
vt 0.00647494057 0.808656693
vt 0.00817035139 0.808657706
vt 0.00816976372 0.808328807
vt 0.00884284265 0.807999909
vt 0.00884284265 0.808657587
vt 0.00883328356 0.808328629
vt 0.00938903447 0.807999909
vt 0.00938903447 0.808657587
vt 0.00937919971 0.808328629
vt 0.00647313008 0.805249214
vt 0.00643342873 0.805529892
vt 0.00746532017 0.805529892
vt 0.00740808761 0.805265188
vt 0.00828622933 0.80508393
vt 0.00833460875 0.805364013
vt 0.00914389081 0.804289281
vt 0.00929424074 0.804478467
vt 0.00946926512 0.802752912
vt 0.00969850179 0.802755117
vt 0.00924265012 0.800958216
vt 0.00942095369 0.800767481
vt 0.00855452847 0.800281465
vt 0.00865232386 0.799968898
vt 0.00769676361 0.800380528
vt 0.00766870892 0.800069332
vt 0.0070911143 0.800806105
vt 0.00704066362 0.800513744
vt 0.00649319729 0.800587893
vt 0.00649192045 0.800897121
vt 0.028350953 0.689728856
vt 0.0283698961 0.692279756
vt 0.028549768 0.692239285
vt 0.028549768 0.689718425
vt 0.0284517296 0.687202513
vt 0.0282707699 0.687181413
vt 0.00317484257 0.806196928
vt 0.00420790724 0.805769026
vt 0.00318453857 0.805889547
vt 0.00418999745 0.806076407
vt 0.00508183753 0.805648863
vt 0.00507885311 0.805956244
vt 0.00609700987 0.805529535
vt 0.00611944124 0.805836976
vt 0.00279651536 0.863580525
vt 0.00382133317 0.863152564
vt 0.0028061436 0.863272965
vt 0.00380338868 0.86351198
vt 0.00280617736 0.863857925
vt 0.00471008476 0.863032401
vt 0.00382133317 0.863857567
vt 0.00470711756 0.86344403
vt 0.00575070735 0.862913072
vt 0.00471008476 0.863857567
vt 0.00577315502 0.863368332
vt 0.00575070735 0.86385864
vt 0.0105042625 0.810824275
vt 0.00944614597 0.810828209
vt 0.00942250714 0.811135292
vt 0.0105095766 0.811131358
vt 0.0117016882 0.810827494
vt 0.0117309159 0.811134636
vt 0.0071914643 0.805530548
vt 0.00651652273 0.805529892
vt 0.00647494057 0.805837512
vt 0.00716164941 0.805838168
vt 0.00816976372 0.805651069
vt 0.00817035139 0.805958569
vt 0.00883328356 0.805771053
vt 0.00884284265 0.806078494
vt 0.00937919971 0.805891216
vt 0.00938903447 0.806198895
vt 0.00279651536 0.8647452
vt 0.00382133317 0.864440024
vt 0.00280617736 0.864440143
vt 0.00380338868 0.864744842
vt 0.0028061436 0.865074098
vt 0.00471008476 0.864440024
vt 0.00382133317 0.86507374
vt 0.00470711756 0.864744842
vt 0.00575070735 0.864440978
vt 0.00471008476 0.86507374
vt 0.00577315502 0.864745915
vt 0.00575070735 0.865074813
vt 0.044629693 0.694310546
vt 0.0444343612 0.693209648
vt 0.0444365814 0.694310546
vt 0.0446274802 0.693209767
vt 0.044629693 0.692106843
vt 0.0444365814 0.692106843
vt 0.025173597 0.681337535
vt 0.0267038699 0.676281393
vt 0.025173597 0.676277459
vt 0.0267042667 0.68134284
vt 0.0282314178 0.681336701
vt 0.0282314178 0.676276505
vt 0.975423336 0.820641339
vt 0.975423098 0.188140407
vt 0.801229537 0.119429186
vt 0.801229537 0.889622629
vt 0.627035499 0.820641339
vt 0.627035797 0.188140407
vt 0.0188239254 0.692764819
vt 0.018837247 0.687582612
vt 0.0186745394 0.687646627
vt 0.018640345 0.692706347
vt 0.0209639631 0.807303369
vt 0.0208727606 0.801935911
vt 0.0205127373 0.80183506
vt 0.0205482133 0.807303369
vt 0.0201330315 0.801984549
vt 0.020119762 0.807166755
vt 0.0198464133 0.692901552
vt 0.0197311919 0.687577248
vt 0.0195768904 0.687534034
vt 0.0196681954 0.692901552
vt 0.0229843613 0.692645013
vt 0.0228998344 0.690072179
vt 0.0228338894 0.692654848
vt 0.0230653677 0.690079212
vt 0.0230653677 0.687509775
vt 0.0229154155 0.687487125
vt 0.0273561906 0.692351699
vt 0.0275345091 0.692358375
vt 0.0274307951 0.689777792
vt 0.027235223 0.689788222
vt 0.027256323 0.687217295
vt 0.0274339356 0.687191725
vt 0.0219316445 0.692550957
vt 0.0220970567 0.692588866
vt 0.0220900364 0.69003737
vt 0.02190849 0.690029621
vt 0.0220112186 0.68751359
vt 0.0221774951 0.687489688
vt 0.037629962 0.705403209
vt 0.0374370627 0.705385327
vt 0.0374370627 0.706770897
vt 0.037629962 0.706788659
vt 0.00679288153 0.867895305
vt 0.00606465992 0.867439449
vt 0.00610617269 0.867894471
vt 0.00676299678 0.86742276
vt 0.00610617269 0.866949141
vt 0.00780161796 0.867775142
vt 0.00679288153 0.866949856
vt 0.00780220423 0.867372334
vt 0.00847407524 0.86765486
vt 0.00780161796 0.866949975
vt 0.00848370139 0.867295206
vt 0.00902030058 0.867534697
vt 0.00847407524 0.866949856
vt 0.0090302052 0.867227256
vt 0.00902030058 0.866949856
vt 0.00716164941 0.80987376
vt 0.00651652273 0.809595704
vt 0.00647494057 0.809873044
vt 0.0071914643 0.80959636
vt 0.00647494057 0.809290648
vt 0.00817035139 0.809873939
vt 0.00716164941 0.809291482
vt 0.00816976372 0.809596539
vt 0.00884284265 0.80987376
vt 0.00817035139 0.809291482
vt 0.00883328356 0.80959636
vt 0.00938903447 0.80987376
vt 0.00884284265 0.809291363
vt 0.00937919971 0.80959636
vt 0.00938903447 0.809291482
vt 0.00679288153 0.866367519
vt 0.00606465992 0.866061628
vt 0.00610617269 0.866366684
vt 0.00676299678 0.866062462
vt 0.00610617269 0.865732729
vt 0.00780161796 0.866367519
vt 0.00679288153 0.865733683
vt 0.00780220423 0.866062462
vt 0.00847407524 0.8663674
vt 0.00780161796 0.865733802
vt 0.00848370139 0.866062343
vt 0.00902030058 0.866367519
vt 0.00847407524 0.865733683
vt 0.0090302052 0.866062343
vt 0.00902030058 0.865733683
vt 0.0101408083 0.873188555
vt 0.0090302052 0.87273711
vt 0.00905373879 0.873192489
vt 0.010146088 0.872732818
vt 0.0113621652 0.873191774
vt 0.00905373879 0.872246921
vt 0.0113913938 0.872736156
vt 0.0101408083 0.872242987
vt 0.0113621652 0.872246325
vt 0.0105095766 0.81516695
vt 0.00944614597 0.814893782
vt 0.00942250714 0.815170884
vt 0.0105042625 0.814890087
vt 0.0117309159 0.815170169
vt 0.00942250714 0.814588606
vt 0.0117016882 0.814893305
vt 0.0105095766 0.814584553
vt 0.0117309159 0.814587951
vt 0.0101408083 0.87166065
vt 0.0090302052 0.871359289
vt 0.00905373879 0.871664703
vt 0.010146088 0.871355236
vt 0.0113621652 0.871663988
vt 0.00905373879 0.871030748
vt 0.0113913938 0.871358454
vt 0.0101408083 0.871026814
vt 0.0113621652 0.871030152
vt 0.00418999745 0.809871554
vt 0.00318453857 0.809594631
vt 0.00317494594 0.809871852
vt 0.00420790724 0.809594333
vt 0.00317494594 0.809289634
vt 0.00507885311 0.809871554
vt 0.00418999745 0.809289277
vt 0.00508183753 0.809594333
vt 0.00611944124 0.809872687
vt 0.00507885311 0.809289277
vt 0.00609700987 0.809595346
vt 0.00611944124 0.80929029
vt 0.00639384752 0.805249035
vt 0.00540022645 0.805529535
vt 0.00643342873 0.805529535
vt 0.00545752654 0.805264831
vt 0.00457765954 0.805083692
vt 0.00452934811 0.805363894
vt 0.00371861877 0.804289162
vt 0.0035685089 0.804478228
vt 0.00339410524 0.802752554
vt 0.00316528347 0.80275476
vt 0.00362075423 0.800958037
vt 0.00344283134 0.800767303
vt 0.0043079108 0.800281465
vt 0.00421035709 0.799968898
vt 0.00516733108 0.800380528
vt 0.00519535271 0.800069153
vt 0.00577487843 0.800805748
vt 0.00582522573 0.800513566
vt 0.00637483317 0.800587535
vt 0.00637600617 0.800896764
vt 0.00317484257 0.810456693
vt 0.00318453857 0.810764372
vt 0.00420790724 0.810884178
vt 0.00418999745 0.810576499
vt 0.00508183753 0.811004341
vt 0.00507885311 0.8106969
vt 0.00609700987 0.811125696
vt 0.00611944124 0.810818076
vt 0.00279651536 0.86722523
vt 0.0028061436 0.86753279
vt 0.00382133317 0.867652714
vt 0.00380338868 0.86729306
vt 0.00280617736 0.866947949
vt 0.00471008476 0.867772996
vt 0.00382133317 0.866947591
vt 0.00470711756 0.867361128
vt 0.00575070735 0.867894113
vt 0.00471008476 0.866947591
vt 0.00577315502 0.867438972
vt 0.00575070735 0.866948903
vt 0.0105042625 0.816420257
vt 0.00942250714 0.816116393
vt 0.00944614597 0.816424012
vt 0.0105095766 0.816112459
vt 0.0117016882 0.816423535
vt 0.0117309159 0.816115737
vt 0.0071914643 0.811126709
vt 0.00647494057 0.810818434
vt 0.00651645381 0.811125815
vt 0.00716164941 0.810819268
vt 0.00816976372 0.811006546
vt 0.00817035139 0.810699105
vt 0.00883328356 0.810886204
vt 0.00884284265 0.810578823
vt 0.00937919971 0.810766041
vt 0.00938903447 0.81045866
vt 0.00279651536 0.866060555
vt 0.00280617736 0.866365731
vt 0.00382133317 0.866365373
vt 0.00380338868 0.866060197
vt 0.0028061436 0.865731776
vt 0.00471008476 0.866365373
vt 0.00382133317 0.865731418
vt 0.00470711756 0.866060197
vt 0.00575070735 0.866366327
vt 0.00471008476 0.865731418
vt 0.00577315502 0.866061151
vt 0.00575070735 0.865732372
vt 0.0208676271 0.692764342
vt 0.0210516751 0.692705631
vt 0.021016337 0.687645733
vt 0.0208530966 0.687582076
vt 0.0213197395 0.807303429
vt 0.0217680857 0.80183506
vt 0.0214096531 0.801935911
vt 0.0217339918 0.807303429
vt 0.0221489687 0.801983833
vt 0.0221634265 0.807166219
vt 0.0198464133 0.692901552
vt 0.0200238694 0.692901552
vt 0.0201137997 0.687534034
vt 0.0199601352 0.687577069
vt 0.0592200607 0.87134999
vt 0.0593366586 0.87134999
vt 0.058999151 0.868202865
vt 0.0588282086 0.868202865
vt 0.0549777709 0.877087057
vt 0.0549777709 0.877278149
vt 0.055079516 0.877275765
vt 0.055079516 0.877084672
vt 0.0552380867 0.87531203
vt 0.0550052822 0.875299394
vt 0.0550052822 0.875725091
vt 0.0552380867 0.875737727
vt 0.0516392961 0.868779242
vt 0.0520261191 0.871651471
vt 0.0521422923 0.871651471
vt 0.0518029295 0.868779242
vt 0.0593239069 0.868202865
vt 0.0590985045 0.868202865
vt 0.0590713322 0.869647384
vt 0.0593511388 0.869647384
vt 0.0557973459 0.868207037
vt 0.0555722192 0.868207157
vt 0.055548992 0.869646311
vt 0.0558284484 0.869646311
vt 0.0590535253 0.864249051
vt 0.0594438799 0.867016375
vt 0.0595599711 0.867016375
vt 0.0592172146 0.864249051
vt 0.0208267141 0.747626066
vt 0.0208837707 0.747671127
vt 0.0208837707 0.747315407
vt 0.0208267141 0.747356534
vt 0.0560999401 0.867031276
vt 0.0559834316 0.867031276
vt 0.0555954948 0.866767943
vt 0.0557662956 0.866767943
vt 0.027788762 0.748183489
vt 0.0279785208 0.748299718
vt 0.0279524345 0.748183489
vt 0.0277624503 0.748299718
vt 0.0280084927 0.749300838
vt 0.0277297013 0.749300838
vt 0.0518537462 0.867661893
vt 0.0518282577 0.866597176
vt 0.0516170524 0.866597176
vt 0.0515950024 0.867661893
vt 0.0239962004 0.750194907
vt 0.0237966068 0.750085592
vt 0.0238254555 0.750194907
vt 0.0240220465 0.750085592
vt 0.0240539666 0.748870969
vt 0.0237569027 0.748870969
vt 0.0237943809 0.748755574
vt 0.024019476 0.748755574
vt 0.0519216023 0.875315011
vt 0.0519436523 0.876484513
vt 0.0521548726 0.876484513
vt 0.0521802902 0.875315011
vt 0.0204660017 0.750204444
vt 0.0202675816 0.750092149
vt 0.0202950165 0.750204444
vt 0.0204932801 0.750092387
vt 0.0205292031 0.748871803
vt 0.0202317107 0.748871803
vt 0.0202677883 0.748759866
vt 0.0204931255 0.748759866
vt 0.0277297013 0.750489235
vt 0.0277625695 0.751374841
vt 0.0279786754 0.751374841
vt 0.0280084927 0.750489235
vt 0.0277634338 0.750365496
vt 0.0279747061 0.750365496
vt 0.0234231781 0.747369051
vt 0.0233554393 0.74731636
vt 0.0233554393 0.747775078
vt 0.0234231781 0.747716546
vt 0.0566010438 0.8708902
vt 0.0566010438 0.870699108
vt 0.0565128252 0.870695651
vt 0.0565128252 0.870886981
vt 0.0550052822 0.87529856
vt 0.0547798946 0.87531203
vt 0.0547798946 0.875737727
vt 0.0550052822 0.875724256
vt 0.0517578982 0.875286758
vt 0.0521481074 0.87818712
vt 0.0522642098 0.87818712
vt 0.0519216023 0.875286758
vt 0.0588010028 0.866758287
vt 0.0590263866 0.866758287
vt 0.0590536296 0.865313828
vt 0.0587737933 0.865313828
vt 0.0558696911 0.866769552
vt 0.0560948849 0.866769552
vt 0.0561254993 0.865331173
vt 0.0558459833 0.865331173
vt 0.0585597418 0.873961091
vt 0.0589471012 0.876946032
vt 0.059063226 0.876946032
vt 0.0587233566 0.873961091
vt 0.0208682436 0.743001699
vt 0.0210581068 0.743121505
vt 0.0210319683 0.743001699
vt 0.0208421052 0.743121505
vt 0.0210885108 0.744215131
vt 0.0208097361 0.744215131
vt 0.0562818721 0.871349037
vt 0.0563983619 0.871349037
vt 0.0560642071 0.868207991
vt 0.05589341 0.868207991
vt 0.0248118136 0.741539121
vt 0.0248769652 0.741580725
vt 0.0248769652 0.741225004
vt 0.0248118136 0.741269588
vt 0.0558732972 0.864048779
vt 0.0558959171 0.865331173
vt 0.0561070964 0.865331173
vt 0.056132149 0.864048779
vt 0.023527462 0.74875474
vt 0.023724312 0.748863578
vt 0.0236983132 0.74875474
vt 0.0234988369 0.748863578
vt 0.0234596357 0.750077367
vt 0.0237569027 0.750077367
vt 0.023722019 0.750193119
vt 0.0234968029 0.750193119
vt 0.0585115552 0.870422781
vt 0.0585369803 0.871620595
vt 0.0587481894 0.871620595
vt 0.0587702878 0.870422781
vt 0.020592561 0.748759866
vt 0.0207908433 0.748872042
vt 0.0207634587 0.748759866
vt 0.0205651242 0.748872042
vt 0.0205292031 0.750092387
vt 0.0208267141 0.750092387
vt 0.0207906887 0.750204444
vt 0.0205652639 0.750204444
vt 0.0210885108 0.745215774
vt 0.0210557785 0.744215131
vt 0.0208397228 0.744215131
vt 0.0208097361 0.745215774
vt 0.0210547596 0.745342135
vt 0.0208435375 0.745342135
vt 0.020879114 0.746598244
vt 0.0208097361 0.74653995
vt 0.0208097361 0.746998668
vt 0.020879114 0.746945858
vt 0.0238011461 0.686129987
vt 0.0239808466 0.685733974
vt 0.0238011461 0.685733855
vt 0.0239808466 0.686129987
vt 0.0238011461 0.686526
vt 0.0239808466 0.68652612
vt 0.0242809448 0.677928984
vt 0.0245216899 0.680044889
vt 0.0245216899 0.677929163
vt 0.0242809448 0.680044711
vt 0.0240401831 0.677928984
vt 0.0240401831 0.680044711
vt 0.024637308 0.688877761
vt 0.024637308 0.690993428
vt 0.0248169918 0.690993488
vt 0.0248169918 0.68887794
vt 0.0248968434 0.680035889
vt 0.0248968434 0.677928984
vt 0.0247170385 0.677929223
vt 0.0247170385 0.680036008
vt 0.0241606161 0.686128259
vt 0.0239808466 0.686522603
vt 0.0241606161 0.686522603
vt 0.0239808466 0.686128259
vt 0.0241606161 0.685733855
vt 0.0239808466 0.685733974
vt 0.091977112 0.871614754
vt 0.091977112 0.871614754
vt 0.0919442549 0.870765865
vt 0.0919442549 0.870765865
vt 0.091977112 0.869769752
vt 0.091977112 0.869769752
vt 0.0920653045 0.862246454
vt 0.0919975415 0.861200452
vt 0.0909625217 0.861180127
vt 0.0910155997 0.862317681
vt 0.0919442549 0.870765865
vt 0.091977112 0.869769752
vt 0.0918315873 0.869787633
vt 0.0917987004 0.870783746
vt 0.0848787352 0.867780626
vt 0.0848206431 0.866874754
vt 0.0846749097 0.866864383
vt 0.0847329795 0.867770374
vt 0.0840219259 0.870015085
vt 0.0840219259 0.871555507
vt 0.0841646269 0.871532142
vt 0.0841646269 0.869991839
vt 0.0931066498 0.859543741
vt 0.0929263905 0.858425677
vt 0.0929609314 0.859555185
vt 0.0930721164 0.858414114
vt 0.0929609314 0.857269585
vt 0.0931066498 0.857257962
vt 0.08546184 0.861892819
vt 0.08546184 0.863562226
vt 0.0856026262 0.863580525
vt 0.0856026262 0.861911118
vt 0.0928234085 0.863616049
vt 0.092647627 0.862528265
vt 0.0926778391 0.863602459
vt 0.0927931815 0.862541735
vt 0.0926778391 0.861618876
vt 0.0928234085 0.861632288
vt 0.0932119414 0.856411278
vt 0.0931309983 0.855396688
vt 0.0920901597 0.855308354
vt 0.0921563283 0.856411278
vt 0.0927931815 0.862541735
vt 0.0928234085 0.861632288
vt 0.0928234085 0.861632288
vt 0.0927931815 0.862541735
vt 0.0928234085 0.863616049
vt 0.0928234085 0.863616049
vt 0.0931066498 0.859543741
vt 0.0931066498 0.859543741
vt 0.0930721164 0.858414114
vt 0.0930721164 0.858414114
vt 0.0931066498 0.857257962
vt 0.0931066498 0.857257962
vt 0.104702719 -0.202249765
vt 0.350012124 -0.587749422
vt 0.105173893 -0.588891208
vt 0.350002855 -0.201396555
vt 0.104410872 0.283564895
vt 0.350251943 0.28359428
vt 0.0856026262 0.861895144
vt 0.0856026262 0.861895144
vt 0.0856026262 0.863682687
vt 0.0856026262 0.863682687
vt 0.08546184 0.861892819
vt 0.08546184 0.861892819
vt 0.08546184 0.863562226
vt 0.08546184 0.863562226
vt 0.361858189 0.980343699
vt 0.614392221 0.979839683
vt 0.614477038 0.482358664
vt 0.362137794 0.48238349
vt 0.614795625 0.0870710313
vt 0.362542421 0.0872764885
vt 0.0840219259 0.870015085
vt 0.0840219259 0.870015085
vt 0.0840219259 0.871555507
vt 0.0840219259 0.871555507
vt 0.0848787352 0.867780626
vt 0.0848787352 0.867780626
vt 0.0848206431 0.866874754
vt 0.0848206431 0.866874754
vt 0.0848269537 0.866266906
vt 0.0848269537 0.866266906
vt 0.0848787352 0.864893138
vt 0.0848787352 0.864893138
vt 0.091977112 0.871614754
vt 0.0919442549 0.870765865
vt 0.091977112 0.871614754
vt 0.0919442549 0.870765865
vt 0.091977112 0.869769752
vt 0.091977112 0.869769752
vt 0.0920653045 0.862246454
vt 0.0910155997 0.862317681
vt 0.0909625217 0.861180127
vt 0.0919975415 0.861200452
vt 0.0919442549 0.870765865
vt 0.0917987004 0.870783746
vt 0.0918315873 0.869787633
vt 0.091977112 0.869769752
vt 0.0848787352 0.867780626
vt 0.0847329795 0.867770374
vt 0.0846749097 0.866864383
vt 0.0848206431 0.866874754
vt 0.0840219259 0.870015085
vt 0.0841646269 0.869991839
vt 0.0841646269 0.871532142
vt 0.0840219259 0.871555507
vt 0.0931066498 0.859543741
vt 0.0929609314 0.859555185
vt 0.0929263905 0.858425677
vt 0.0930721164 0.858414114
vt 0.0929609314 0.857269585
vt 0.0931066498 0.857257962
vt 0.08546184 0.861892819
vt 0.0856026262 0.861911118
vt 0.0856026262 0.863580525
vt 0.08546184 0.863562226
vt 0.0928234085 0.863616049
vt 0.0926778391 0.863602459
vt 0.092647627 0.862528265
vt 0.0927931815 0.862541735
vt 0.0926778391 0.861618876
vt 0.0928234085 0.861632288
vt 0.0932119414 0.856411278
vt 0.0921563283 0.856411278
vt 0.0920901597 0.855308354
vt 0.0931309983 0.855396688
vt 0.0927931815 0.862541735
vt 0.0928234085 0.861632288
vt 0.0928234085 0.861632288
vt 0.0927931815 0.862541735
vt 0.0928234085 0.863616049
vt 0.0928234085 0.863616049
vt 0.0931066498 0.859543741
vt 0.0930721164 0.858414114
vt 0.0931066498 0.859543741
vt 0.0930721164 0.858414114
vt 0.0931066498 0.857257962
vt 0.0931066498 0.857257962
vt 0.104702719 -0.202249765
vt 0.105173893 -0.588891208
vt 0.350012124 -0.587749422
vt 0.350002855 -0.201396555
vt 0.104410872 0.283564895
vt 0.350251943 0.28359428
vt 0.0856026262 0.861895144
vt 0.0856026262 0.863682687
vt 0.0856026262 0.863682687
vt 0.0856026262 0.861895144
vt 0.08546184 0.861892819
vt 0.08546184 0.863562226
vt 0.08546184 0.863562226
vt 0.08546184 0.861892819
vt 0.361858189 0.980343699
vt 0.614477038 0.482358664
vt 0.614392221 0.979839683
vt 0.362137794 0.48238349
vt 0.614795625 0.0870710313
vt 0.362542421 0.0872764885
vt 0.0840219259 0.870015085
vt 0.0840219259 0.871555507
vt 0.0840219259 0.871555507
vt 0.0840219259 0.870015085
vt 0.0848787352 0.867780626
vt 0.0848206431 0.866874754
vt 0.0848787352 0.867780626
vt 0.0848206431 0.866874754
vt 0.0848269537 0.866266906
vt 0.0848269537 0.866266906
vt 0.0848787352 0.864893138
vt 0.0848787352 0.864893138
vt 0.0247224793 0.696136713
vt 0.0247224793 0.696136713
vt 0.0247224793 0.696136713
vt 0.0247224793 0.696136713
vt 0.0247224793 0.696136713
vt 0.0247224793 0.696136713
vt 0.0247224793 0.696136713
vt 0.0247224793 0.696136713
vt 0.0247224793 0.696136713
vt 0.0247224793 0.696136713
vt 0.0247224793 0.696136713
vt 0.0247224793 0.696136713
vt 0.0247224793 0.696136713
vt 0.0247224793 0.696136713
vt 0.0247224793 0.696136713
vt 0.0247224793 0.696136713
vt 0.0247224793 0.696136713
vt 0.0247224793 0.696136713
vt 0.0247224793 0.696136713
vt 0.0247224793 0.696136713
vt 0.0247224793 0.696136713
vt 0.0247224793 0.696136713
vt 0.0247224793 0.696136713
vt 0.0247224793 0.696136713
vt 0.0247224793 0.696136713
vt 0.0247224793 0.696136713
vt 0.0247224793 0.696136713
vt 0.0247224793 0.696136713
vt 0.0247224793 0.696136713
vt 0.0247224793 0.696136713
vt 0.0247224793 0.696136713
vt 0.0247224793 0.696136713
vt 0.0247224793 0.696136713
vt 0.0247224793 0.696136713
vt 0.0247224793 0.696136713
vt 0.0247224793 0.696136713
vt 0.0247224793 0.696136713
vt 0.0247224793 0.696136713
vt 0.0247224793 0.696136713
vt 0.0247224793 0.696136713
vt 0.0247224793 0.696136713
vt 0.0247224793 0.696136713
vt 0.0247224793 0.696136713
vt 0.0247224793 0.696136713
vt 0.0247224793 0.696136713
vt 0.0247224793 0.696136713
vt 0.0247224793 0.696136713
vt 0.0247224793 0.696136713
vt 0.0247224793 0.696136713
vt 0.0247224793 0.696136713
vt 0.0247224793 0.696136713
vt 0.0247224793 0.696136713
vt 0.0247224793 0.696136713
vt 0.0247224793 0.696136713
vt 0.0247224793 0.696136713
vt 0.0247224793 0.696136713
vt 0.0247224793 0.696136713
vt 0.0247224793 0.696136713
vt 0.0247224793 0.696136713
vt 0.0247224793 0.696136713
vt 0.0247224793 0.696136713
vt 0.0247224793 0.696136713
vt 0.0247224793 0.696136713
vt 0.0247224793 0.696136713
vt 0.0247224793 0.696136713
vt 0.0247224793 0.696136713
vt 0.0247224793 0.696136713
vt 0.0247224793 0.696136713
vt 0.0247224793 0.696136713
vt 0.0247224793 0.696136713
vt 0.0247224793 0.696136713
vt 0.0247224793 0.696136713
vt 0.0247224793 0.696136713
vt 0.0247224793 0.696136713
vt 0.0247224793 0.696136713
vt 0.0247224793 0.696136713
vt 0.0247224793 0.696136713
vt 0.0247224793 0.696136713
vt 0.0247224793 0.696136713
vt 0.0247224793 0.696136713
vt 0.0247224793 0.696136713
vt 0.0247224793 0.696136713
vt 0.0247224793 0.696136713
vt 0.0247224793 0.696136713
vt 0.0247224793 0.696136713
vt 0.0247224793 0.696136713
vt 0.0247224793 0.696136713
vt 0.0247224793 0.696136713
vt 0.0247224793 0.696136713
vt 0.0247224793 0.696136713
vt 0.0247224793 0.696136713
vt 0.0247224793 0.696136713
vt 0.0247224793 0.696136713
vt 0.0247224793 0.696136713
vt 0.0247224793 0.696136713
vt 0.0247224793 0.696136713
vt 0.0247224793 0.696136713
vt 0.0247224793 0.696136713
vt 0.0247224793 0.696136713
vt 0.0247224793 0.696136713
vt 0.0247224793 0.696136713
vt 0.0247224793 0.696136713
vt 0.0247224793 0.696136713
vt 0.0247224793 0.696136713
vt 0.0247224793 0.696136713
vt 0.0247224793 0.696136713
vt 0.0247224793 0.696136713
vt 0.0247224793 0.696136713
vt 0.0247224793 0.696136713
vt 0.0247224793 0.696136713
vt 0.0247224793 0.696136713
vt 0.0247224793 0.696136713
vt 0.0247224793 0.696136713
vt 0.0247224793 0.696136713
vt 0.0596342571 0.867016375
vt 0.0595177151 0.867016375
vt 0.059125755 0.866758287
vt 0.0592967272 0.866758287
vt 0.0291951988 0.804154873
vt 0.0296467338 0.804130793
vt 0.0295665357 0.80158329
vt 0.0296657607 0.806681633
vt 0.0291442089 0.801533699
vt 0.029246252 0.806776047
vt 0.0287297722 0.801593542
vt 0.0288302414 0.806760311
vt 0.0287266318 0.804179668
vt 0.00508729136 0.862003028
vt 0.0050887065 0.862340868
vt 0.00602507964 0.862325132
vt 0.00602369802 0.861992776
vt 0.00427611265 0.861832321
vt 0.00420892565 0.862159789
vt 0.00536194071 0.858191311
vt 0.00600868789 0.858308375
vt 0.00600723736 0.857972801
vt 0.00540610962 0.857881844
vt 0.00479856459 0.857456625
vt 0.00475998363 0.857777297
vt 0.00393914199 0.857357562
vt 0.00402876083 0.857688248
vt 0.0032520548 0.858034074
vt 0.00351574784 0.861155093
vt 0.00334988511 0.861365259
vt 0.0034431254 0.858237565
vt 0.00302540627 0.859828651
vt 0.00324477418 0.859836042
vt 0.0448158458 0.691004992
vt 0.0447423942 0.691004872
vt 0.0446897522 0.691767454
vt 0.0446900651 0.69024229
vt 0.0447508618 0.691884041
vt 0.044219289 0.691767454
vt 0.0447511747 0.690125942
vt 0.044219546 0.69024229
vt 0.0449681468 0.691004992
vt 0.0448753536 0.692106843
vt 0.0448757149 0.68990314
vt 0.0441699959 0.691884041
vt 0.0440455601 0.692106843
vt 0.0441667512 0.691004872
vt 0.0441703014 0.690125942
vt 0.0440458879 0.68990314
vt 0.0441051535 0.691004992
vt 0.0439528152 0.691004992
vt 0.00704071764 0.862003267
vt 0.00610579364 0.861993134
vt 0.00610441249 0.862325251
vt 0.00703933556 0.862341225
vt 0.0067665861 0.85819155
vt 0.00612173602 0.858308733
vt 0.00612315023 0.857973158
vt 0.00672231242 0.857882202
vt 0.00732799666 0.857456625
vt 0.00736660976 0.857777297
vt 0.00818576012 0.857357562
vt 0.00785027351 0.86183244
vt 0.00791752897 0.862160027
vt 0.0080960393 0.85768801
vt 0.00887388363 0.858034313
vt 0.00860913936 0.861155331
vt 0.00877512153 0.861365378
vt 0.00868246797 0.858237684
vt 0.00910049677 0.859829009
vt 0.00888075028 0.859836161
vt 0.023392858 0.806990802
vt 0.0238199458 0.804457784
vt 0.0233858358 0.804439187
vt 0.0237785894 0.807079315
vt 0.0234733466 0.801891565
vt 0.0241296552 0.807056785
vt 0.0238613207 0.801836133
vt 0.024195686 0.804473996
vt 0.024211267 0.801889062
vn 0.995104 0.000000 0.098834
vn 0.994459 0.035989 0.098770
vn 0.994459 0.035989 0.098770
vn 0.995104 0.000000 0.098834
vn 0.994459 -0.035989 0.098770
vn 0.994459 -0.035989 0.098770
vn -0.000000 1.000000 -0.000000
vn -0.000000 1.000000 -0.000000
vn -0.000000 1.000000 -0.000000
vn -0.000000 1.000000 -0.000000
vn -0.999963 0.000000 -0.008654
vn -0.990335 0.138432 -0.008571
vn -0.990335 0.138432 -0.008571
vn -0.999963 0.000000 -0.008654
vn -0.990335 -0.138432 -0.008571
vn -0.990335 -0.138432 -0.008571
vn 0.060270 -0.185306 -0.980831
vn -0.000000 -0.191058 -0.981579
vn 0.003354 0.000000 -0.999994
vn 0.063273 0.000000 -0.997996
vn 0.333357 -0.167320 -0.927835
vn 0.060270 0.185306 -0.980831
vn -0.000000 0.191058 -0.981579
vn 0.333357 0.167320 -0.927835
vn 0.342193 0.000000 -0.939630
vn 0.748460 -0.174223 -0.639886
vn 0.748460 0.174223 -0.639886
vn 0.762475 0.000000 -0.647018
vn 0.978284 -0.200635 -0.052011
vn 0.748460 -0.174223 -0.639886
vn 0.762475 0.000000 -0.647018
vn 0.998361 0.000000 -0.057237
vn 0.824823 -0.229526 0.516706
vn 0.847807 0.000000 0.530305
vn 0.824823 0.229526 0.516706
vn 0.978284 0.200635 -0.052011
vn 0.748460 0.174223 -0.639886
vn 0.225516 0.187930 0.955942
vn 0.829699 0.196136 0.522619
vn 0.847142 0.000284 0.531367
vn 0.245849 0.000898 0.969308
vn 0.832523 -0.195693 0.518275
vn -0.204201 0.181834 0.961893
vn 0.232534 -0.190573 0.953735
vn -0.190888 0.001071 0.981611
vn -0.290458 0.195878 0.936625
vn -0.188510 -0.188121 0.963885
vn -0.287475 -0.000961 0.957788
vn -0.133420 0.189870 0.972702
vn -0.268580 -0.207615 0.940617
vn -0.128869 -0.009110 0.991620
vn -0.106303 -0.204859 0.973002
vn 0.232534 -0.190573 0.953735
vn 0.832523 -0.195693 0.518275
vn 0.847895 -0.000702 0.530165
vn 0.216137 -0.000504 0.976363
vn 0.821335 0.246338 0.514516
vn -0.188510 -0.188121 0.963885
vn 0.222066 0.232192 0.946981
vn -0.205889 0.000000 0.978575
vn -0.268580 -0.207615 0.940617
vn -0.197231 0.215680 0.956338
vn -0.271280 0.000000 0.962501
vn -0.106303 -0.204859 0.973002
vn -0.264188 0.213730 0.940492
vn -0.099918 0.000000 0.994996
vn -0.109763 0.198665 0.973902
vn 0.222066 0.232192 0.946981
vn 0.821335 0.246338 0.514516
vn 0.846791 -0.000529 0.531925
vn 0.240934 -0.000380 0.970541
vn 0.824823 -0.229526 0.516706
vn -0.197231 0.215680 0.956338
vn 0.222917 -0.216243 0.950551
vn -0.198549 0.000000 0.980091
vn -0.264188 0.213730 0.940492
vn -0.197877 -0.200761 0.959448
vn -0.270904 0.000000 0.962606
vn -0.109763 0.198665 0.973902
vn -0.265045 -0.198934 0.943492
vn -0.123128 0.000000 0.992391
vn -0.110033 -0.184830 0.976591
vn 0.983605 0.172478 -0.052661
vn 0.752891 0.152385 -0.640261
vn 0.765366 0.001414 -0.643594
vn 0.998752 -0.000136 -0.049941
vn 0.829699 0.196136 0.522619
vn 0.757522 -0.151644 -0.634952
vn 0.847142 0.000284 0.531367
vn 0.983897 -0.170748 -0.052847
vn 0.832523 -0.195693 0.518275
vn 0.983897 -0.170748 -0.052847
vn 0.757522 -0.151644 -0.634952
vn 0.762613 -0.000376 -0.646855
vn 0.998318 -0.000402 -0.057968
vn 0.832523 -0.195693 0.518275
vn 0.746628 0.187320 -0.638324
vn 0.847895 -0.000702 0.530165
vn 0.975116 0.215546 -0.051856
vn 0.821335 0.246338 0.514516
vn 0.975116 0.215546 -0.051856
vn 0.746628 0.187320 -0.638324
vn 0.757887 -0.000272 -0.652386
vn 0.998868 -0.000297 -0.047562
vn 0.821335 0.246338 0.514516
vn 0.748460 -0.174223 -0.639886
vn 0.846791 -0.000529 0.531925
vn 0.978284 -0.200635 -0.052011
vn 0.824823 -0.229526 0.516706
vn 0.066145 -0.195292 -0.978512
vn 0.001927 -0.212194 -0.977226
vn 0.003354 0.000000 -0.999994
vn 0.063630 0.000000 -0.997974
vn -0.000000 0.205319 -0.978695
vn 0.344930 -0.156832 -0.925433
vn 0.060119 0.199171 -0.978119
vn 0.342806 0.000000 -0.939406
vn 0.757522 -0.151644 -0.634952
vn 0.332604 0.179932 -0.925743
vn 0.762613 -0.000376 -0.646855
vn 0.746628 0.187320 -0.638324
vn 0.222917 -0.216243 0.950551
vn 0.824823 -0.229526 0.516706
vn 0.847807 0.000000 0.530305
vn 0.217426 0.000000 0.976077
vn -0.197877 -0.200761 0.959448
vn 0.222917 0.216243 0.950551
vn 0.824823 0.229526 0.516706
vn -0.197877 0.200761 0.959448
vn -0.205778 0.000000 0.978599
vn -0.265045 -0.198934 0.943492
vn -0.265045 0.198934 0.943492
vn -0.270918 0.000000 0.962602
vn -0.110033 -0.184830 0.976591
vn -0.110033 0.184830 0.976591
vn -0.099918 0.000000 0.994996
vn -0.076029 0.997103 -0.002195
vn -0.074086 0.997242 -0.004453
vn -0.077528 0.996846 -0.016941
vn -0.078742 0.996848 -0.009693
vn -0.070453 0.996976 -0.032775
vn -0.067989 0.997111 -0.033871
vn -0.028626 0.999381 -0.020472
vn -0.025153 0.999525 -0.017809
vn -0.000000 1.000000 -0.000000
vn -0.000000 1.000000 -0.000000
vn -0.000000 1.000000 -0.000000
vn -0.000000 1.000000 -0.000000
vn -0.043093 0.999048 0.006805
vn -0.032907 0.999441 0.005822
vn -0.095863 0.995389 -0.003382
vn -0.090906 0.995859 -0.000000
vn -0.113961 0.993284 -0.020008
vn -0.115876 0.993042 -0.020971
vn -0.124954 0.992004 -0.017724
vn -0.119522 0.992714 -0.015294
vn -0.127912 0.000000 -0.991785
vn -0.127971 0.001810 -0.991776
vn -0.126788 0.003308 -0.991924
vn -0.126788 0.000000 -0.991930
vn -0.126788 -0.003308 -0.991924
vn -0.127971 -0.001810 -0.991776
vn -0.012709 0.195896 -0.980542
vn 0.049895 0.197775 -0.978977
vn -0.011232 0.204265 -0.978851
vn 0.051132 0.183062 -0.981771
vn 0.333586 0.178215 -0.925721
vn 0.332282 0.152546 -0.930762
vn 0.750602 0.186582 -0.633865
vn 0.752891 0.152385 -0.640261
vn -0.006758 -0.004954 -0.999965
vn 0.051132 0.183062 -0.981771
vn -0.012709 0.195896 -0.980542
vn 0.061292 0.000223 -0.998120
vn 0.001927 -0.212194 -0.977226
vn 0.332282 0.152546 -0.930762
vn 0.066145 -0.195292 -0.978512
vn 0.345607 0.000000 -0.938379
vn 0.752891 0.152385 -0.640261
vn 0.344930 -0.156832 -0.925433
vn 0.765366 0.001414 -0.643594
vn 0.757522 -0.151644 -0.634952
vn 0.975314 0.213526 -0.056303
vn 0.750602 0.186582 -0.633865
vn 0.752891 0.152385 -0.640261
vn 0.983605 0.172478 -0.052661
vn 0.822121 0.244503 0.514136
vn 0.829699 0.196136 0.522619
vn 0.209178 0.230206 0.950394
vn 0.822121 0.244503 0.514136
vn 0.829699 0.196136 0.522619
vn 0.225516 0.187930 0.955942
vn -0.210038 0.213111 0.954184
vn -0.204201 0.181834 0.961893
vn -0.299971 0.213305 0.929795
vn -0.290458 0.195878 0.936625
vn -0.124159 0.198045 0.972298
vn -0.133420 0.189870 0.972702
vn -0.003387 0.000000 -0.999994
vn 0.060119 0.199171 -0.978119
vn -0.000000 0.205319 -0.978695
vn 0.058410 0.000000 -0.998293
vn -0.000000 -0.191058 -0.981579
vn 0.332604 0.179932 -0.925743
vn 0.060270 -0.185306 -0.980831
vn 0.333764 0.000000 -0.942657
vn 0.746628 0.187320 -0.638324
vn 0.333357 -0.167320 -0.927835
vn 0.757887 -0.000272 -0.652386
vn 0.748460 -0.174223 -0.639886
vn 0.990335 0.138431 0.008572
vn 0.999963 0.000000 0.008655
vn 0.990335 0.138431 0.008572
vn 0.999963 0.000000 0.008655
vn 0.990335 -0.138431 0.008572
vn 0.990335 -0.138431 0.008572
vn -0.998071 0.037000 -0.049850
vn -0.998755 0.000000 -0.049884
vn -0.998071 0.037000 -0.049850
vn -0.998755 0.000000 -0.049884
vn -0.998071 -0.037000 -0.049850
vn -0.998071 -0.037000 -0.049850
vn -0.134315 -0.106562 -0.985192
vn 0.050193 -0.104769 -0.993229
vn 0.052677 0.000000 -0.998612
vn -0.136707 0.000000 -0.990612
vn -0.134315 0.106562 -0.985192
vn 0.050193 0.104769 -0.993229
vn -0.107584 0.994175 -0.006397
vn -0.107583 0.994175 -0.006411
vn -0.107645 0.994174 -0.005498
vn -0.107645 0.994174 -0.005498
vn 0.058915 0.998251 0.004828
vn 0.058915 0.998252 0.004786
vn -0.024148 0.999708 -0.001029
vn -0.019497 0.999810 -0.000714
vn -0.107583 0.994175 -0.006411
vn -0.107584 0.994175 -0.006397
vn 0.058925 0.998248 0.005346
vn 0.058925 0.998248 0.005346
vn 0.058915 0.998252 0.004786
vn 0.058915 0.998251 0.004828
vn 0.103658 0.002214 0.994611
vn 0.104645 0.000000 0.994510
vn 0.104681 0.001233 0.994505
vn 0.103658 0.000000 0.994613
vn 0.103658 -0.002214 0.994611
vn 0.104681 -0.001233 0.994505
vn 0.056379 0.002262 -0.998407
vn 0.055786 0.001304 -0.998442
vn 0.055813 0.000000 -0.998441
vn 0.056379 0.000000 -0.998409
vn 0.056379 -0.002262 -0.998407
vn 0.055786 -0.001304 -0.998442
vn -0.276645 0.010069 0.960920
vn -0.273863 0.005688 0.961752
vn -0.274033 0.000000 0.961720
vn -0.276659 0.000000 0.960968
vn -0.276645 -0.010069 0.960920
vn -0.273863 -0.005688 0.961752
vn -0.000000 -1.000000 -0.000000
vn -0.000000 -1.000000 -0.000000
vn -0.000000 -1.000000 -0.000000
vn -0.000000 -1.000000 -0.000000
vn 0.225516 -0.187930 0.955942
vn 0.847142 -0.000284 0.531367
vn 0.829699 -0.196136 0.522619
vn 0.245849 -0.000898 0.969308
vn 0.832523 0.195693 0.518275
vn -0.204201 -0.181834 0.961893
vn 0.232534 0.190573 0.953735
vn -0.190888 -0.001071 0.981611
vn -0.290458 -0.195878 0.936625
vn -0.188510 0.188121 0.963885
vn -0.287475 0.000961 0.957788
vn -0.133420 -0.189870 0.972702
vn -0.268580 0.207615 0.940617
vn -0.128869 0.009110 0.991620
vn -0.106303 0.204858 0.973002
vn 0.232534 0.190573 0.953735
vn 0.847895 0.000702 0.530165
vn 0.832523 0.195693 0.518275
vn 0.216137 0.000504 0.976363
vn 0.821335 -0.246338 0.514516
vn -0.188510 0.188121 0.963885
vn 0.222066 -0.232192 0.946981
vn -0.205889 0.000000 0.978575
vn -0.268580 0.207615 0.940617
vn -0.197231 -0.215680 0.956338
vn -0.271280 0.000000 0.962501
vn -0.106303 0.204858 0.973002
vn -0.264188 -0.213730 0.940492
vn -0.099918 0.000000 0.994996
vn -0.109763 -0.198665 0.973902
vn 0.222066 -0.232192 0.946981
vn 0.846791 0.000529 0.531925
vn 0.821335 -0.246338 0.514516
vn 0.240934 0.000380 0.970541
vn 0.824823 0.229526 0.516706
vn -0.197231 -0.215680 0.956338
vn 0.222917 0.216243 0.950551
vn -0.198549 0.000000 0.980091
vn -0.264188 -0.213730 0.940492
vn -0.197877 0.200761 0.959448
vn -0.270904 0.000000 0.962606
vn -0.109763 -0.198665 0.973902
vn -0.265045 0.198934 0.943492
vn -0.123128 0.000000 0.992391
vn -0.110033 0.184830 0.976591
vn 0.983605 -0.172478 -0.052661
vn 0.765366 -0.001414 -0.643594
vn 0.752891 -0.152385 -0.640261
vn 0.998752 0.000136 -0.049941
vn 0.829699 -0.196136 0.522619
vn 0.757522 0.151644 -0.634952
vn 0.847142 -0.000284 0.531367
vn 0.983897 0.170748 -0.052847
vn 0.832523 0.195693 0.518275
vn 0.983897 0.170748 -0.052847
vn 0.762613 0.000376 -0.646855
vn 0.757522 0.151644 -0.634952
vn 0.998318 0.000402 -0.057968
vn 0.832523 0.195693 0.518275
vn 0.746628 -0.187320 -0.638324
vn 0.847895 0.000702 0.530165
vn 0.975116 -0.215546 -0.051856
vn 0.821335 -0.246338 0.514516
vn 0.975116 -0.215546 -0.051856
vn 0.757887 0.000272 -0.652386
vn 0.746628 -0.187320 -0.638324
vn 0.998868 0.000297 -0.047562
vn 0.821335 -0.246338 0.514516
vn 0.748460 0.174223 -0.639886
vn 0.846791 0.000529 0.531925
vn 0.978284 0.200635 -0.052011
vn 0.824823 0.229526 0.516706
vn 0.066145 0.195292 -0.978512
vn 0.003354 0.000000 -0.999994
vn 0.001927 0.212194 -0.977226
vn 0.063630 0.000000 -0.997974
vn -0.000000 -0.205319 -0.978695
vn 0.344930 0.156832 -0.925433
vn 0.060119 -0.199171 -0.978119
vn 0.342806 0.000000 -0.939406
vn 0.757522 0.151644 -0.634952
vn 0.332604 -0.179932 -0.925743
vn 0.762613 0.000376 -0.646855
vn 0.746628 -0.187320 -0.638324
vn -0.076029 -0.997103 -0.002195
vn -0.077528 -0.996846 -0.016941
vn -0.074086 -0.997242 -0.004453
vn -0.078742 -0.996848 -0.009693
vn -0.070453 -0.996976 -0.032775
vn -0.067989 -0.997111 -0.033871
vn -0.028626 -0.999381 -0.020472
vn -0.025153 -0.999525 -0.017809
vn -0.000000 -1.000000 -0.000000
vn -0.000000 -1.000000 -0.000000
vn -0.000000 -1.000000 -0.000000
vn -0.000000 -1.000000 -0.000000
vn -0.043093 -0.999048 0.006805
vn -0.032907 -0.999441 0.005822
vn -0.095863 -0.995389 -0.003382
vn -0.090906 -0.995859 -0.000000
vn -0.113961 -0.993284 -0.020008
vn -0.115876 -0.993042 -0.020971
vn -0.124954 -0.992004 -0.017724
vn -0.119522 -0.992714 -0.015294
vn -0.012709 -0.195896 -0.980542
vn -0.011232 -0.204265 -0.978851
vn 0.049895 -0.197775 -0.978977
vn 0.051132 -0.183062 -0.981771
vn 0.333586 -0.178215 -0.925721
vn 0.332282 -0.152546 -0.930762
vn 0.750602 -0.186582 -0.633865
vn 0.752891 -0.152385 -0.640261
vn -0.006758 0.004954 -0.999965
vn -0.012709 -0.195896 -0.980542
vn 0.051132 -0.183062 -0.981771
vn 0.061292 -0.000223 -0.998120
vn 0.001927 0.212194 -0.977226
vn 0.332282 -0.152546 -0.930762
vn 0.066145 0.195292 -0.978512
vn 0.345607 0.000000 -0.938379
vn 0.752891 -0.152385 -0.640261
vn 0.344930 0.156832 -0.925433
vn 0.765366 -0.001414 -0.643594
vn 0.757522 0.151644 -0.634952
vn 0.975314 -0.213526 -0.056303
vn 0.752891 -0.152385 -0.640261
vn 0.750602 -0.186582 -0.633865
vn 0.983605 -0.172478 -0.052661
vn 0.822121 -0.244503 0.514136
vn 0.829699 -0.196136 0.522619
vn 0.209178 -0.230206 0.950394
vn 0.829699 -0.196136 0.522619
vn 0.822121 -0.244503 0.514136
vn 0.225516 -0.187930 0.955942
vn -0.210038 -0.213111 0.954184
vn -0.204201 -0.181834 0.961893
vn -0.299971 -0.213305 0.929795
vn -0.290458 -0.195878 0.936625
vn -0.124159 -0.198045 0.972298
vn -0.133420 -0.189870 0.972702
vn -0.003387 0.000000 -0.999994
vn -0.000000 -0.205319 -0.978695
vn 0.060119 -0.199171 -0.978119
vn 0.058410 0.000000 -0.998293
vn -0.000000 0.191058 -0.981579
vn 0.332604 -0.179932 -0.925743
vn 0.060270 0.185306 -0.980831
vn 0.333764 0.000000 -0.942657
vn 0.746628 -0.187320 -0.638324
vn 0.333357 0.167320 -0.927835
vn 0.757887 0.000272 -0.652386
vn 0.748460 0.174223 -0.639886
vn -0.107584 -0.994175 -0.006397
vn -0.107645 -0.994174 -0.005498
vn -0.107645 -0.994174 -0.005498
vn -0.107583 -0.994175 -0.006411
vn 0.058915 -0.998251 0.004828
vn -0.024148 -0.999708 -0.001029
vn 0.058915 -0.998252 0.004786
vn -0.019497 -0.999810 -0.000714
vn -0.107583 -0.994175 -0.006411
vn -0.107584 -0.994175 -0.006397
vn 0.058925 -0.998248 0.005346
vn 0.058915 -0.998251 0.004828
vn 0.058915 -0.998252 0.004786
vn 0.058925 -0.998248 0.005346
vn -0.000000 0.999952 0.009817
vn -0.000000 0.999952 0.009817
vn 0.033200 0.998778 0.036614
vn 0.033200 0.998778 0.036614
vn 0.861031 0.013735 -0.508367
vn 0.861031 0.013735 -0.508367
vn 0.861031 0.013735 -0.508367
vn 0.861031 0.013735 -0.508367
vn -0.861029 -0.013731 0.508370
vn -0.861029 -0.013731 0.508370
vn -0.861029 -0.013731 0.508370
vn -0.861029 -0.013731 0.508370
vn -0.443339 -0.015650 -0.896217
vn -0.481208 -0.016273 -0.876455
vn -0.481209 -0.016273 -0.876455
vn -0.443339 -0.015650 -0.896217
vn -0.038327 0.999260 0.003233
vn -0.038327 0.999260 0.003233
vn 0.003029 0.999771 -0.021182
vn 0.003029 0.999771 -0.021182
vn 0.002296 -0.999835 0.018041
vn 0.002297 -0.999835 0.018041
vn 0.043647 -0.999027 -0.006376
vn 0.043647 -0.999027 -0.006376
vn 0.570199 0.017673 0.821317
vn 0.534603 0.017125 0.844930
vn 0.534603 0.017125 0.844930
vn 0.570199 0.017673 0.821317
vn 0.570199 0.017673 0.821317
vn 0.564141 0.017580 0.825492
vn 0.564141 0.017580 0.825492
vn 0.570199 0.017673 0.821317
vn 0.043646 -0.999027 -0.006376
vn 0.043646 -0.999027 -0.006376
vn 0.079902 -0.996414 -0.027822
vn 0.079902 -0.996414 -0.027822
vn -0.443339 -0.015650 -0.896217
vn -0.449922 -0.015757 -0.892929
vn -0.443339 -0.015650 -0.896217
vn -0.449922 -0.015757 -0.892929
vn -0.498475 -0.016550 -0.866746
vn -0.498475 -0.016550 -0.866746
vn 0.534603 0.017122 0.844930
vn 0.490659 0.016424 0.871197
vn 0.490659 0.016424 0.871197
vn 0.534603 0.017122 0.844930
vn 0.079902 -0.996414 -0.027822
vn 0.071277 -0.997198 -0.022717
vn 0.079902 -0.996414 -0.027822
vn 0.071277 -0.997198 -0.022717
vn 0.027246 -0.999623 0.003313
vn 0.027246 -0.999623 0.003313
vn 0.002296 -0.999835 0.018041
vn 0.002297 -0.999835 0.018041
vn -0.481209 -0.016271 -0.876455
vn -0.525434 -0.016979 -0.850665
vn -0.525434 -0.016979 -0.850665
vn -0.481209 -0.016271 -0.876455
vn 0.039367 0.998316 -0.042598
vn 0.030716 0.998824 -0.037503
vn 0.039368 0.998316 -0.042598
vn 0.030716 0.998824 -0.037503
vn -0.013385 0.999844 -0.011498
vn -0.013385 0.999844 -0.011498
vn -0.038327 0.999260 0.003233
vn -0.038327 0.999260 0.003233
vn 0.517761 0.016858 0.855359
vn 0.564141 0.017580 0.825492
vn 0.564141 0.017580 0.825492
vn 0.517761 0.016858 0.855359
vn 0.490659 0.016424 0.871197
vn 0.490659 0.016424 0.871197
vn -0.525434 -0.016979 -0.850665
vn -0.498475 -0.016550 -0.866746
vn -0.498475 -0.016550 -0.866746
vn -0.525434 -0.016979 -0.850665
vn 0.771994 0.020394 0.635303
vn 0.771994 0.020394 0.635303
vn 0.771994 0.020394 0.635303
vn 0.771994 0.020394 0.635303
vn -0.771995 -0.020394 -0.635302
vn -0.771995 -0.020394 -0.635302
vn -0.771995 -0.020394 -0.635302
vn -0.771995 -0.020394 -0.635302
vn 0.690450 0.008674 -0.723329
vn 0.658936 0.007820 -0.752159
vn 0.658936 0.007820 -0.752159
vn 0.690450 0.008674 -0.723329
vn -0.036465 0.999121 -0.020696
vn -0.036465 0.999121 -0.020697
vn -0.000000 0.999952 0.009816
vn -0.000000 0.999952 0.009816
vn 0.004159 -0.999974 -0.005889
vn 0.004160 -0.999974 -0.005889
vn 0.041234 -0.998846 0.024622
vn 0.041234 -0.998846 0.024622
vn -0.576708 -0.005669 0.816930
vn -0.611063 -0.006555 0.791555
vn -0.611063 -0.006555 0.791555
vn -0.576709 -0.005669 0.816930
vn -0.576709 -0.005669 0.816930
vn -0.582701 -0.005819 0.812666
vn -0.576708 -0.005669 0.816930
vn -0.582701 -0.005819 0.812665
vn -0.626619 -0.006959 0.779295
vn -0.626619 -0.006959 0.779295
vn 0.041233 -0.998846 0.024623
vn 0.041233 -0.998846 0.024623
vn 0.073736 -0.995953 0.051389
vn 0.073736 -0.995953 0.051389
vn 0.690450 0.008674 -0.723329
vn 0.685110 0.008528 -0.728390
vn 0.685110 0.008528 -0.728390
vn 0.690450 0.008674 -0.723329
vn -0.611063 -0.006554 0.791555
vn -0.650765 -0.007600 0.759241
vn -0.650765 -0.007600 0.759241
vn -0.611063 -0.006554 0.791555
vn 0.073736 -0.995953 0.051389
vn 0.066004 -0.996803 0.045020
vn 0.073736 -0.995953 0.051389
vn 0.066004 -0.996803 0.045020
vn 0.026530 -0.999570 0.012519
vn 0.026530 -0.999570 0.012519
vn 0.004159 -0.999974 -0.005889
vn 0.004160 -0.999974 -0.005889
vn 0.658936 0.007817 -0.752158
vn 0.619587 0.006775 -0.784899
vn 0.619586 0.006775 -0.784899
vn 0.658936 0.007817 -0.752158
vn 0.033200 0.998778 0.036614
vn 0.025442 0.999219 0.030235
vn 0.033200 0.998778 0.036614
vn 0.025442 0.999219 0.030235
vn -0.014102 0.999898 -0.002291
vn -0.014102 0.999898 -0.002292
vn -0.036465 0.999121 -0.020696
vn -0.036465 0.999121 -0.020697
vn 0.643911 0.007419 -0.765064
vn 0.685110 0.008528 -0.728390
vn 0.685110 0.008528 -0.728390
vn 0.643911 0.007419 -0.765064
vn 0.619587 0.006775 -0.784899
vn 0.619586 0.006775 -0.784899
vn -0.650765 -0.007600 0.759241
vn -0.626619 -0.006959 0.779295
vn -0.626619 -0.006959 0.779295
vn -0.650765 -0.007600 0.759241
vn 0.068609 0.000000 -0.997644
vn 0.529551 0.000000 -0.848278
vn 0.529551 0.000000 -0.848278
vn 0.068609 0.000000 -0.997644
vn -0.406173 0.000000 -0.913796
vn -0.406173 0.000000 -0.913796
vn -0.000000 1.000000 -0.000000
vn -0.000000 1.000000 -0.000000
vn -0.000000 1.000000 -0.000000
vn -0.000000 1.000000 -0.000000
vn -0.000000 1.000000 -0.000000
vn -0.000000 1.000000 -0.000000
vn -0.997644 0.000000 -0.068607
vn -0.997644 0.000000 -0.068607
vn -0.997644 0.000000 -0.068607
vn -0.997644 0.000000 -0.068607
vn 0.997644 0.000000 0.068607
vn 0.997644 0.000000 0.068607
vn 0.997644 0.000000 0.068607
vn 0.997644 0.000000 0.068607
vn -0.068607 0.000000 0.997644
vn 0.406173 0.000000 0.913796
vn 0.406173 0.000000 0.913796
vn -0.068607 0.000000 0.997644
vn -0.529550 0.000000 0.848279
vn -0.529550 0.000000 0.848279
vn -0.217159 -0.976123 -0.005125
vn -0.201627 -0.979420 -0.009075
vn -0.237938 -0.971195 0.012867
vn -0.250572 -0.967911 -0.019057
vn -0.273563 -0.961190 0.035731
vn -0.263802 -0.964343 0.021258
vn 0.277764 0.959588 -0.045140
vn 0.277764 0.959588 -0.045140
vn 0.277764 0.959588 -0.045140
vn 0.277764 0.959588 -0.045140
vn -0.429540 0.092421 -0.898306
vn -0.429540 0.092421 -0.898306
vn -0.429540 0.092421 -0.898306
vn -0.429540 0.092421 -0.898306
vn 0.403228 -0.087456 0.910911
vn 0.403228 -0.087456 0.910911
vn 0.403228 -0.087456 0.910911
vn 0.403228 -0.087456 0.910911
vn 0.851882 -0.159838 -0.498747
vn 0.851882 -0.159838 -0.498747
vn 0.851882 -0.159838 -0.498747
vn 0.851882 -0.159838 -0.498747
vn 0.192277 -0.051520 -0.979987
vn 0.259272 -0.069471 -0.963303
vn 0.192277 -0.051520 -0.979987
vn 0.263623 -0.070637 -0.962036
vn 0.326675 -0.087532 -0.941075
vn 0.326675 -0.087532 -0.941075
vn 0.928943 -0.248909 0.274062
vn 0.928943 -0.248909 0.274062
vn 0.928943 -0.248909 0.274062
vn 0.928943 -0.248909 0.274062
vn -0.353431 0.094700 0.930655
vn -0.249020 0.066724 0.966197
vn -0.353430 0.094700 0.930655
vn -0.256839 0.068819 0.964001
vn -0.128866 0.034529 0.991061
vn -0.128866 0.034529 0.991061
vn 0.356355 0.933981 0.026283
vn 0.356355 0.933981 0.026283
vn 0.356355 0.933981 0.026283
vn 0.356355 0.933981 0.026283
vn -0.326342 -0.944679 0.032908
vn -0.268903 -0.963156 0.004638
vn -0.289190 -0.957241 0.007627
vn -0.312715 -0.949797 -0.009708
vn -0.337933 -0.941103 -0.011239
vn -0.351363 -0.936049 -0.018886
vn -0.280753 -0.959641 -0.016347
vn -0.267416 -0.963550 -0.007711
vn -0.307294 -0.951422 -0.019119
vn -0.293813 -0.954517 -0.050714
vn -0.347086 -0.937364 -0.029657
vn -0.330573 -0.943223 -0.032430
vn -0.312715 -0.949797 -0.009708
vn -0.267416 -0.963550 -0.007711
vn -0.268903 -0.963156 0.004638
vn -0.307294 -0.951422 -0.019119
vn -0.351363 -0.936049 -0.018886
vn -0.347086 -0.937364 -0.029657
vn -0.289190 -0.957241 0.007627
vn -0.268903 -0.963156 0.004638
vn -0.267416 -0.963550 -0.007711
vn -0.280753 -0.959641 -0.016347
vn -0.330573 -0.943223 -0.032430
vn -0.347086 -0.937364 -0.029657
vn -0.351363 -0.936049 -0.018886
vn -0.337933 -0.941103 -0.011239
vn -0.269028 -0.962012 0.046446
vn -0.273563 -0.961190 0.035731
vn -0.237938 -0.971195 0.012867
vn -0.235170 -0.971670 0.023483
vn -0.201627 -0.979420 -0.009075
vn -0.194004 -0.981001 0.000633
vn -0.263802 -0.964343 0.021258
vn -0.273563 -0.961190 0.035731
vn -0.269028 -0.962012 0.046446
vn -0.254131 -0.966278 0.041518
vn -0.254131 -0.966278 0.041518
vn -0.269028 -0.962012 0.046446
vn -0.235170 -0.971670 0.023483
vn -0.214882 -0.974568 0.063582
vn -0.194004 -0.981001 0.000633
vn -0.206298 -0.978326 0.017872
vn -0.201627 -0.979420 -0.009075
vn -0.217159 -0.976123 -0.005125
vn -0.217159 0.976123 -0.005125
vn -0.237938 0.971195 0.012867
vn -0.201627 0.979420 -0.009075
vn -0.250572 0.967911 -0.019057
vn -0.273563 0.961190 0.035731
vn -0.263802 0.964343 0.021258
vn 0.277764 -0.959588 -0.045140
vn 0.277764 -0.959588 -0.045140
vn 0.277764 -0.959588 -0.045140
vn 0.277764 -0.959588 -0.045140
vn -0.429540 -0.092421 -0.898306
vn -0.429540 -0.092421 -0.898306
vn -0.429540 -0.092421 -0.898306
vn -0.429540 -0.092421 -0.898306
vn 0.403228 0.087456 0.910911
vn 0.403228 0.087456 0.910911
vn 0.403228 0.087456 0.910911
vn 0.403228 0.087456 0.910911
vn 0.851882 0.159838 -0.498747
vn 0.851882 0.159838 -0.498747
vn 0.851882 0.159838 -0.498747
vn 0.851882 0.159838 -0.498747
vn 0.192277 0.051520 -0.979987
vn 0.192277 0.051520 -0.979987
vn 0.259272 0.069471 -0.963303
vn 0.263623 0.070637 -0.962036
vn 0.326675 0.087532 -0.941075
vn 0.326675 0.087532 -0.941075
vn 0.928943 0.248909 0.274062
vn 0.928943 0.248909 0.274062
vn 0.928943 0.248909 0.274062
vn 0.928943 0.248909 0.274062
vn -0.353431 -0.094700 0.930655
vn -0.353430 -0.094700 0.930655
vn -0.249020 -0.066724 0.966197
vn -0.256839 -0.068819 0.964001
vn -0.128866 -0.034529 0.991061
vn -0.128866 -0.034529 0.991061
vn 0.356355 -0.933981 0.026283
vn 0.356355 -0.933981 0.026283
vn 0.356355 -0.933981 0.026283
vn 0.356355 -0.933981 0.026283
vn -0.326342 0.944679 0.032908
vn -0.289190 0.957241 0.007627
vn -0.268903 0.963156 0.004638
vn -0.312715 0.949797 -0.009708
vn -0.337933 0.941103 -0.011239
vn -0.351363 0.936049 -0.018886
vn -0.280753 0.959641 -0.016347
vn -0.307294 0.951422 -0.019119
vn -0.267416 0.963550 -0.007711
vn -0.293813 0.954517 -0.050714
vn -0.347086 0.937364 -0.029657
vn -0.330573 0.943223 -0.032431
vn -0.312715 0.949797 -0.009708
vn -0.268903 0.963156 0.004638
vn -0.267416 0.963550 -0.007711
vn -0.307294 0.951422 -0.019119
vn -0.351363 0.936049 -0.018886
vn -0.347086 0.937364 -0.029657
vn -0.289190 0.957241 0.007627
vn -0.280753 0.959641 -0.016347
vn -0.267416 0.963550 -0.007711
vn -0.268903 0.963156 0.004638
vn -0.330573 0.943223 -0.032431
vn -0.337933 0.941103 -0.011239
vn -0.351363 0.936049 -0.018886
vn -0.347086 0.937364 -0.029657
vn -0.269028 0.962012 0.046446
vn -0.237938 0.971195 0.012867
vn -0.273563 0.961190 0.035731
vn -0.235170 0.971670 0.023483
vn -0.201627 0.979420 -0.009075
vn -0.194004 0.981001 0.000633
vn -0.263802 0.964343 0.021258
vn -0.254131 0.966278 0.041518
vn -0.269028 0.962012 0.046446
vn -0.273563 0.961190 0.035731
vn -0.254131 0.966278 0.041518
vn -0.235170 0.971670 0.023483
vn -0.269028 0.962012 0.046446
vn -0.214882 0.974568 0.063582
vn -0.194004 0.981001 0.000633
vn -0.206298 0.978326 0.017872
vn -0.201627 0.979420 -0.009075
vn -0.217159 0.976123 -0.005125
vn -0.256849 -0.007819 -0.966420
vn -0.342020 0.000000 -0.939693
vn -0.342020 0.000000 -0.939693
vn -0.277769 -0.005922 -0.960630
vn -0.102816 -0.008236 -0.994666
vn -0.109362 -0.008761 -0.993963
vn -0.000000 0.000000 -1.000000
vn -0.000000 0.000000 -1.000000
vn -0.000000 0.000000 -1.000000
vn -0.109362 0.008761 -0.993963
vn -0.102816 0.008236 -0.994666
vn -0.277769 0.005922 -0.960630
vn -0.256849 0.007819 -0.966420
vn -0.342020 0.000000 -0.939693
vn -0.342020 0.000000 -0.939693
vn 0.262571 0.007204 0.964886
vn 0.342020 0.000000 0.939693
vn 0.342020 0.000000 0.939693
vn 0.282262 0.005439 0.959322
vn 0.098924 0.007733 0.995065
vn 0.104619 0.008178 0.994479
vn -0.000000 0.000000 1.000000
vn -0.000000 0.000000 1.000000
vn -0.000000 0.000000 1.000000
vn -0.000000 0.000000 1.000000
vn -0.000000 0.000000 1.000000
vn -0.000000 0.000000 1.000000
vn 0.104619 -0.008178 0.994479
vn 0.098924 -0.007733 0.995065
vn 0.282262 -0.005439 0.959322
vn 0.262571 -0.007204 0.964886
vn 0.342020 0.000000 0.939693
vn 0.342020 0.000000 0.939693
vn -0.079993 -0.996775 0.006415
vn -0.082091 -0.996625 -0.000000
vn -0.082091 -0.996625 -0.000000
vn -0.079675 -0.996794 0.007386
vn -0.077370 -0.996779 0.021096
vn -0.077389 -0.996790 0.020518
vn -0.077140 -0.996625 0.028077
vn -0.077140 -0.996625 0.028077
vn 0.204652 0.977210 -0.056368
vn 0.204899 0.975938 -0.074577
vn 0.204899 0.975938 -0.074577
vn 0.204611 0.977367 -0.053742
vn 0.211393 0.977244 -0.017540
vn 0.210830 0.977338 -0.019014
vn 0.141174 0.989985 -0.000000
vn 0.141174 0.989985 -0.000000
vn -0.000000 1.000000 -0.000000
vn -0.000000 1.000000 -0.000000
vn -0.842592 0.442704 0.306679
vn -0.842592 0.442704 0.306679
vn -0.842592 0.442704 0.306679
vn -0.842592 0.442704 0.306679
vn -0.085294 0.205603 0.974911
vn 0.133512 0.200678 0.970517
vn 0.136285 0.000000 0.990670
vn -0.087155 0.000000 0.996195
vn -0.300012 0.200676 0.932589
vn -0.306242 0.000000 0.951954
vn -0.300012 -0.200676 0.932589
vn -0.085294 -0.205603 0.974911
vn 0.133512 -0.200678 0.970517
vn -0.000000 1.000000 -0.000000
vn -0.136184 0.990612 -0.011915
vn -0.136184 0.990612 -0.011915
vn -0.000000 1.000000 -0.000000
vn 0.136184 0.990612 0.011915
vn 0.136184 0.990612 0.011915
vn 0.996195 0.000000 0.087155
vn 0.956810 0.278402 0.083709
vn 0.956810 0.278402 0.083709
vn 0.996195 0.000000 0.087155
vn 0.956810 -0.278402 0.083709
vn 0.956810 -0.278402 0.083709
vn -0.956812 0.278394 -0.083711
vn -0.996195 0.000000 -0.087157
vn -0.956812 0.278394 -0.083711
vn -0.996195 0.000000 -0.087157
vn -0.956812 -0.278394 -0.083711
vn -0.956812 -0.278394 -0.083711
vn -0.079993 0.996775 0.006415
vn -0.082091 0.996625 -0.000000
vn -0.082091 0.996625 -0.000000
vn -0.079675 0.996794 0.007386
vn -0.077370 0.996779 0.021096
vn -0.077389 0.996790 0.020518
vn -0.077140 0.996625 0.028077
vn -0.077140 0.996625 0.028077
vn 0.204652 -0.977210 -0.056368
vn 0.204899 -0.975938 -0.074577
vn 0.204899 -0.975938 -0.074577
vn 0.204611 -0.977367 -0.053742
vn 0.211393 -0.977244 -0.017540
vn 0.210830 -0.977338 -0.019014
vn 0.141174 -0.989985 -0.000000
vn 0.141174 -0.989985 -0.000000
vn -0.000000 -1.000000 -0.000000
vn -0.000000 -1.000000 -0.000000
vn -0.842592 -0.442704 0.306679
vn -0.842592 -0.442704 0.306679
vn -0.842592 -0.442704 0.306679
vn -0.842592 -0.442704 0.306679
vn -0.000000 1.000000 -0.000000
vn -0.000000 1.000000 -0.000000
vn -0.000000 1.000000 -0.000000
vn -0.000000 1.000000 -0.000000
vn -0.000000 -1.000000 -0.000000
vn -0.136184 -0.990612 -0.011915
vn -0.136184 -0.990612 -0.011915
vn -0.000000 -1.000000 -0.000000
vn 0.136184 -0.990612 0.011915
vn 0.136184 -0.990612 0.011915
vn 0.003029 0.999771 -0.021182
vn 0.003029 0.999771 -0.021182
vn 0.039367 0.998316 -0.042598
vn 0.039368 0.998316 -0.042598
vn -0.037074 0.000000 -0.999313
vn -0.127912 0.000000 -0.991785
vn -0.127971 -0.001810 -0.991776
vn -0.127971 0.001810 -0.991776
vn -0.035684 -0.001108 -0.999363
vn -0.035684 0.001108 -0.999363
vn 0.055786 -0.001304 -0.998442
vn 0.055786 0.001304 -0.998442
vn 0.055813 0.000000 -0.998441
vn -0.083797 -0.996404 -0.012544
vn -0.078742 -0.996848 -0.009693
vn -0.076029 -0.997103 -0.002195
vn -0.081538 -0.996644 -0.007236
vn -0.085106 -0.996142 -0.021398
vn -0.070453 -0.996976 -0.032775
vn -0.108885 -0.994002 -0.010218
vn -0.113089 -0.993583 -0.001727
vn -0.119522 -0.992714 -0.015294
vn -0.113961 -0.993284 -0.020008
vn -0.095863 -0.995389 -0.003382
vn -0.101898 -0.994669 -0.015831
vn -0.043093 -0.999048 0.006805
vn -0.069771 -0.997503 -0.010955
vn -0.000000 -1.000000 -0.000000
vn -0.063367 -0.997785 -0.020254
vn -0.028626 -0.999381 -0.020472
vn -0.000000 -1.000000 -0.000000
vn -0.000000 -1.000000 -0.000000
vn -0.000000 -1.000000 -0.000000
vn 0.131718 0.000000 -0.991287
vn 0.052677 0.000000 -0.998612
vn 0.050193 -0.104769 -0.993229
vn 0.050193 0.104769 -0.993229
vn -0.001903 -0.053907 -0.998544
vn -0.134315 -0.106562 -0.985192
vn -0.001903 0.053907 -0.998544
vn -0.134315 0.106562 -0.985192
vn -0.040447 0.000000 -0.999182
vn -0.044104 0.002673 -0.999023
vn -0.044104 -0.002673 -0.999023
vn -0.087342 -0.056969 -0.994548
vn -0.044099 -0.002691 -0.999024
vn -0.136707 0.000000 -0.990612
vn -0.087342 0.056969 -0.994548
vn -0.044099 0.002691 -0.999024
vn -0.209246 0.000000 -0.977863
vn -0.040438 0.000000 -0.999182
vn -0.083797 0.996404 -0.012544
vn -0.081538 0.996644 -0.007236
vn -0.076029 0.997103 -0.002195
vn -0.078742 0.996848 -0.009693
vn -0.108885 0.994002 -0.010218
vn -0.113089 0.993583 -0.001727
vn -0.119522 0.992714 -0.015294
vn -0.113961 0.993284 -0.020008
vn -0.095863 0.995389 -0.003382
vn -0.101898 0.994669 -0.015831
vn -0.043093 0.999048 0.006805
vn -0.085106 0.996142 -0.021398
vn -0.070453 0.996976 -0.032775
vn -0.069771 0.997503 -0.010955
vn -0.000000 1.000000 -0.000000
vn -0.063367 0.997785 -0.020254
vn -0.028626 0.999381 -0.020472
vn -0.000000 1.000000 -0.000000
vn -0.000000 1.000000 -0.000000
vn -0.000000 1.000000 -0.000000
vn -0.273863 0.005688 0.961752
vn -0.093107 0.000000 0.995656
vn -0.274033 0.000000 0.961720
vn -0.089929 0.002598 0.995945
vn -0.273863 -0.005688 0.961752
vn 0.104681 0.001233 0.994505
vn -0.089929 -0.002598 0.995945
vn 0.104645 0.000000 0.994510
vn 0.104681 -0.001233 0.994505
f 1/1/1 2/2/2 3/3/3
f 1/1/1 4/4/4 2/2/2
f 1/1/1 5/5/5 4/4/4
f 1/1/1 6/6/6 5/5/5
f 7/7/7 8/8/8 9/9/9
f 7/7/7 9/9/9 10/10/10
f 11/11/11 12/12/12 13/13/13
f 11/11/11 13/13/13 14/14/14
f 11/11/11 14/14/14 15/15/15
f 11/11/11 15/15/15 16/16/16
f 17/17/17 18/18/18 19/19/19
f 17/17/17 19/19/19 20/20/20
f 21/21/21 17/17/17 20/20/20
f 22/22/22 20/20/20 19/19/19
f 22/22/22 19/19/19 23/23/23
f 24/24/24 20/20/20 22/22/22
f 21/21/21 20/20/20 25/25/25
f 24/24/24 25/25/25 20/20/20
f 26/26/26 21/21/21 25/25/25
f 27/27/27 25/25/25 24/24/24
f 26/26/26 25/25/25 28/28/28
f 27/27/27 28/28/28 25/25/25
f 29/29/29 30/30/30 31/31/31
f 29/29/29 31/31/31 32/32/32
f 33/33/33 29/29/29 32/32/32
f 33/33/33 32/32/32 34/34/34
f 35/35/35 34/34/34 32/32/32
f 35/35/35 32/32/32 36/36/36
f 36/36/36 32/32/32 31/31/31
f 36/36/36 31/31/31 37/37/37
f 38/38/38 39/39/39 40/40/40
f 38/38/38 40/40/40 41/41/41
f 41/41/41 40/40/40 42/42/42
f 43/43/43 38/38/38 41/41/41
f 41/41/41 42/42/42 44/44/44
f 43/43/43 41/41/41 45/45/45
f 45/45/45 41/41/41 44/44/44
f 46/46/46 43/43/43 45/45/45
f 45/45/45 44/44/44 47/47/47
f 46/46/46 45/45/45 48/48/48
f 48/48/48 45/45/45 47/47/47
f 49/49/49 46/46/46 48/48/48
f 48/48/48 47/47/47 50/50/50
f 49/49/49 48/48/48 51/51/51
f 51/51/51 48/48/48 50/50/50
f 51/51/51 50/50/50 52/52/52
f 53/53/53 54/54/54 55/55/55
f 53/53/53 55/55/55 56/56/56
f 56/56/56 55/55/55 57/57/57
f 58/58/58 53/53/53 56/56/56
f 56/56/56 57/57/57 59/59/59
f 58/58/58 56/56/56 60/60/60
f 60/60/60 56/56/56 59/59/59
f 61/61/61 58/58/58 60/60/60
f 60/60/60 59/59/59 62/62/62
f 61/61/61 60/60/60 63/63/63
f 63/63/63 60/60/60 62/62/62
f 64/64/64 61/61/61 63/63/63
f 63/63/63 62/62/62 65/65/65
f 64/64/64 63/63/63 66/66/66
f 66/66/66 63/63/63 65/65/65
f 66/66/66 65/65/65 67/67/67
f 68/68/68 69/69/69 70/70/70
f 68/68/68 70/70/70 71/71/71
f 71/71/71 70/70/70 72/72/72
f 73/73/73 68/68/68 71/71/71
f 71/71/71 72/72/72 74/74/74
f 73/73/73 71/71/71 75/75/75
f 75/75/75 71/71/71 74/74/74
f 76/76/76 73/73/73 75/75/75
f 75/75/75 74/74/74 77/77/77
f 76/76/76 75/75/75 78/78/78
f 78/78/78 75/75/75 77/77/77
f 79/79/79 76/76/76 78/78/78
f 78/78/78 77/77/77 80/80/80
f 79/79/79 78/78/78 81/81/81
f 81/81/81 78/78/78 80/80/80
f 81/81/81 80/80/80 82/82/82
f 83/83/83 84/84/84 85/85/85
f 83/83/83 85/85/85 86/86/86
f 87/87/87 83/83/83 86/86/86
f 86/86/86 85/85/85 88/88/88
f 87/87/87 86/86/86 89/89/89
f 86/86/86 88/88/88 90/90/90
f 89/89/89 86/86/86 90/90/90
f 89/89/89 90/90/90 91/91/91
f 92/92/92 93/93/93 94/94/94
f 92/92/92 94/94/94 95/95/95
f 96/96/96 92/92/92 95/95/95
f 95/95/95 94/94/94 97/97/97
f 96/96/96 95/95/95 98/98/98
f 95/95/95 97/97/97 99/99/99
f 98/98/98 95/95/95 99/99/99
f 98/98/98 99/99/99 100/100/100
f 101/101/101 102/102/102 103/103/103
f 101/101/101 103/103/103 104/104/104
f 105/105/105 101/101/101 104/104/104
f 104/104/104 103/103/103 106/106/106
f 105/105/105 104/104/104 107/107/107
f 104/104/104 106/106/106 108/108/108
f 107/107/107 104/104/104 108/108/108
f 107/107/107 108/108/108 109/109/109
f 110/110/110 111/111/111 112/112/112
f 110/110/110 112/112/112 113/113/113
f 114/114/114 113/113/113 112/112/112
f 115/115/115 110/110/110 113/113/113
f 114/114/114 116/116/116 113/113/113
f 115/115/115 113/113/113 117/117/117
f 117/117/117 113/113/113 116/116/116
f 118/118/118 115/115/115 117/117/117
f 117/117/117 116/116/116 119/119/119
f 118/118/118 117/117/117 120/120/120
f 120/120/120 117/117/117 119/119/119
f 120/120/120 119/119/119 121/121/121
f 122/122/122 123/123/123 124/124/124
f 122/122/122 124/124/124 125/125/125
f 126/126/126 122/122/122 125/125/125
f 127/127/127 125/125/125 124/124/124
f 127/127/127 124/124/124 128/128/128
f 129/129/129 125/125/125 127/127/127
f 126/126/126 125/125/125 130/130/130
f 129/129/129 130/130/130 125/125/125
f 131/131/131 126/126/126 130/130/130
f 132/132/132 130/130/130 129/129/129
f 131/131/131 130/130/130 133/133/133
f 132/132/132 133/133/133 130/130/130
f 134/134/134 131/131/131 133/133/133
f 135/135/135 133/133/133 132/132/132
f 134/134/134 133/133/133 136/136/136
f 135/135/135 136/136/136 133/133/133
f 137/137/137 138/138/138 139/139/139
f 137/137/137 139/139/139 140/140/140
f 139/139/139 141/141/141 140/140/140
f 139/139/139 142/142/142 141/141/141
f 143/143/143 141/141/141 142/142/142
f 143/143/143 142/142/142 144/144/144
f 144/144/144 145/145/145 143/143/143
f 144/144/144 146/146/146 145/145/145
f 146/146/146 147/147/147 145/145/145
f 146/146/146 148/148/148 147/147/147
f 148/148/148 149/149/149 147/147/147
f 148/148/148 150/150/150 149/149/149
f 150/150/150 151/151/151 149/149/149
f 150/150/150 152/152/152 151/151/151
f 152/152/152 153/153/153 151/151/151
f 152/152/152 154/154/154 153/153/153
f 153/153/153 154/154/154 155/155/155
f 153/153/153 155/155/155 156/156/156
f 157/157/157 158/158/158 159/159/159
f 157/157/157 159/159/159 160/160/160
f 157/157/157 160/160/160 161/161/161
f 157/157/157 161/161/161 162/162/162
f 163/163/163 164/164/164 165/165/165
f 163/163/163 166/166/166 164/164/164
f 167/167/167 164/164/164 166/166/166
f 167/167/167 166/166/166 168/168/168
f 169/169/169 167/167/167 168/168/168
f 169/169/169 168/168/168 170/170/170
f 171/171/171 172/172/172 173/173/173
f 171/171/171 174/174/174 172/172/172
f 174/174/174 171/171/171 175/175/175
f 176/176/176 172/172/172 174/174/174
f 174/174/174 175/175/175 177/177/177
f 176/176/176 174/174/174 178/178/178
f 178/178/178 174/174/174 177/177/177
f 179/179/179 176/176/176 178/178/178
f 178/178/178 177/177/177 180/180/180
f 179/179/179 178/178/178 181/181/181
f 181/181/181 178/178/178 180/180/180
f 181/181/181 180/180/180 182/182/182
f 183/183/183 184/184/184 185/185/185
f 183/183/183 185/185/185 186/186/186
f 187/187/187 183/183/183 186/186/186
f 187/187/187 186/186/186 188/188/188
f 189/189/189 190/190/190 191/191/191
f 189/189/189 191/191/191 192/192/192
f 193/193/193 189/189/189 192/192/192
f 193/193/193 192/192/192 194/194/194
f 195/195/195 193/193/193 194/194/194
f 195/195/195 194/194/194 196/196/196
f 197/197/197 195/195/195 196/196/196
f 197/197/197 196/196/196 198/198/198
f 199/199/199 200/200/200 201/201/201
f 199/199/199 202/202/202 200/200/200
f 202/202/202 199/199/199 203/203/203
f 204/204/204 200/200/200 202/202/202
f 202/202/202 203/203/203 205/205/205
f 204/204/204 202/202/202 206/206/206
f 206/206/206 202/202/202 205/205/205
f 207/207/207 204/204/204 206/206/206
f 206/206/206 205/205/205 208/208/208
f 207/207/207 206/206/206 209/209/209
f 209/209/209 206/206/206 208/208/208
f 209/209/209 208/208/208 210/210/210
f 211/211/211 212/212/212 213/213/213
f 211/211/211 214/214/214 212/212/212
f 215/215/215 212/212/212 214/214/214
f 215/215/215 216/216/216 212/212/212
f 217/217/217 218/218/218 219/219/219
f 217/217/217 220/220/220 218/218/218
f 221/221/221 218/218/218 220/220/220
f 221/221/221 222/222/222 218/218/218
f 223/223/223 224/224/224 225/225/225
f 223/223/223 225/225/225 226/226/226
f 227/227/227 226/226/226 225/225/225
f 227/227/227 225/225/225 228/228/228
f 229/229/229 230/230/230 231/231/231
f 229/229/229 231/231/231 232/232/232
f 233/233/233 234/234/234 235/235/235
f 233/233/233 235/235/235 236/236/236
f 236/236/236 235/235/235 237/237/237
f 236/236/236 237/237/237 238/238/238
f 239/239/239 240/240/240 241/241/241
f 239/239/239 241/241/241 242/242/242
f 243/243/243 244/244/244 245/245/245
f 243/243/243 246/246/246 244/244/244
f 247/247/247 244/244/244 246/246/246
f 247/247/247 248/248/248 244/244/244
f 249/249/249 250/250/250 251/251/251
f 249/249/249 251/251/251 252/252/252
f 253/253/253 252/252/252 251/251/251
f 253/253/253 251/251/251 254/254/254
f 255/255/255 256/256/256 257/257/257
f 255/255/255 257/257/257 258/258/258
f 259/259/259 258/258/258 257/257/257
f 259/259/259 257/257/257 260/260/260
f 261/261/261 262/262/262 263/263/263
f 261/261/261 263/263/263 264/264/264
f 265/265/265 266/266/266 267/267/267
f 265/265/265 268/268/268 266/266/266
f 268/268/268 269/269/269 266/266/266
f 270/270/270 268/268/268 265/265/265
f 268/268/268 271/271/271 269/269/269
f 270/270/270 272/272/272 268/268/268
f 272/272/272 271/271/271 268/268/268
f 273/273/273 272/272/272 270/270/270
f 272/272/272 274/274/274 271/271/271
f 273/273/273 275/275/275 272/272/272
f 275/275/275 274/274/274 272/272/272
f 276/276/276 275/275/275 273/273/273
f 275/275/275 277/277/277 274/274/274
f 276/276/276 278/278/278 275/275/275
f 278/278/278 277/277/277 275/275/275
f 278/278/278 279/279/279 277/277/277
f 280/280/280 281/281/281 282/282/282
f 280/280/280 283/283/283 281/281/281
f 283/283/283 284/284/284 281/281/281
f 285/285/285 283/283/283 280/280/280
f 283/283/283 286/286/286 284/284/284
f 285/285/285 287/287/287 283/283/283
f 287/287/287 286/286/286 283/283/283
f 288/288/288 287/287/287 285/285/285
f 287/287/287 289/289/289 286/286/286
f 288/288/288 290/290/290 287/287/287
f 290/290/290 289/289/289 287/287/287
f 291/291/291 290/290/290 288/288/288
f 290/290/290 292/292/292 289/289/289
f 291/291/291 293/293/293 290/290/290
f 293/293/293 292/292/292 290/290/290
f 293/293/293 294/294/294 292/292/292
f 295/295/295 296/296/296 297/297/297
f 295/295/295 298/298/298 296/296/296
f 298/298/298 299/299/299 296/296/296
f 300/300/300 298/298/298 295/295/295
f 298/298/298 301/301/301 299/299/299
f 300/300/300 302/302/302 298/298/298
f 302/302/302 301/301/301 298/298/298
f 303/303/303 302/302/302 300/300/300
f 302/302/302 304/304/304 301/301/301
f 303/303/303 305/305/305 302/302/302
f 305/305/305 304/304/304 302/302/302
f 306/306/306 305/305/305 303/303/303
f 305/305/305 307/307/307 304/304/304
f 306/306/306 308/308/308 305/305/305
f 308/308/308 307/307/307 305/305/305
f 308/308/308 309/309/309 307/307/307
f 310/310/310 311/311/311 312/312/312
f 310/310/310 313/313/313 311/311/311
f 314/314/314 313/313/313 310/310/310
f 313/313/313 315/315/315 311/311/311
f 314/314/314 316/316/316 313/313/313
f 313/313/313 317/317/317 315/315/315
f 316/316/316 317/317/317 313/313/313
f 316/316/316 318/318/318 317/317/317
f 319/319/319 320/320/320 321/321/321
f 319/319/319 322/322/322 320/320/320
f 323/323/323 322/322/322 319/319/319
f 322/322/322 324/324/324 320/320/320
f 323/323/323 325/325/325 322/322/322
f 322/322/322 326/326/326 324/324/324
f 325/325/325 326/326/326 322/322/322
f 325/325/325 327/327/327 326/326/326
f 328/328/328 329/329/329 330/330/330
f 328/328/328 331/331/331 329/329/329
f 332/332/332 331/331/331 328/328/328
f 331/331/331 333/333/333 329/329/329
f 332/332/332 334/334/334 331/331/331
f 331/331/331 335/335/335 333/333/333
f 334/334/334 335/335/335 331/331/331
f 334/334/334 336/336/336 335/335/335
f 337/337/337 338/338/338 339/339/339
f 337/337/337 340/340/340 338/338/338
f 341/341/341 338/338/338 340/340/340
f 342/342/342 340/340/340 337/337/337
f 341/341/341 340/340/340 343/343/343
f 342/342/342 344/344/344 340/340/340
f 344/344/344 343/343/343 340/340/340
f 345/345/345 344/344/344 342/342/342
f 344/344/344 346/346/346 343/343/343
f 345/345/345 347/347/347 344/344/344
f 347/347/347 346/346/346 344/344/344
f 347/347/347 348/348/348 346/346/346
f 349/349/349 350/350/350 351/351/351
f 349/349/349 352/352/352 350/350/350
f 350/350/350 352/352/352 353/353/353
f 350/350/350 353/353/353 354/354/354
f 355/355/355 354/354/354 353/353/353
f 355/355/355 356/356/356 354/354/354
f 356/356/356 355/355/355 357/357/357
f 356/356/356 357/357/357 358/358/358
f 358/358/358 357/357/357 359/359/359
f 358/358/358 359/359/359 360/360/360
f 360/360/360 359/359/359 361/361/361
f 360/360/360 361/361/361 362/362/362
f 362/362/362 361/361/361 363/363/363
f 362/362/362 363/363/363 364/364/364
f 364/364/364 363/363/363 365/365/365
f 364/364/364 365/365/365 366/366/366
f 365/365/365 367/367/367 366/366/366
f 365/365/365 368/368/368 367/367/367
f 369/369/369 370/370/370 371/371/371
f 369/369/369 371/371/371 372/372/372
f 373/373/373 372/372/372 371/371/371
f 373/373/373 374/374/374 372/372/372
f 375/375/375 374/374/374 373/373/373
f 375/375/375 376/376/376 374/374/374
f 377/377/377 378/378/378 379/379/379
f 377/377/377 379/379/379 380/380/380
f 380/380/380 381/381/381 377/377/377
f 382/382/382 380/380/380 379/379/379
f 380/380/380 383/383/383 381/381/381
f 382/382/382 384/384/384 380/380/380
f 384/384/384 383/383/383 380/380/380
f 385/385/385 384/384/384 382/382/382
f 384/384/384 386/386/386 383/383/383
f 385/385/385 387/387/387 384/384/384
f 387/387/387 386/386/386 384/384/384
f 387/387/387 388/388/388 386/386/386
f 389/389/389 390/390/390 391/391/391
f 389/389/389 392/392/392 390/390/390
f 393/393/393 392/392/392 389/389/389
f 393/393/393 394/394/394 392/392/392
f 395/395/395 396/396/396 397/397/397
f 395/395/395 398/398/398 396/396/396
f 399/399/399 398/398/398 395/395/395
f 399/399/399 400/400/400 398/398/398
f 401/401/401 400/400/400 399/399/399
f 401/401/401 402/402/402 400/400/400
f 403/403/403 402/402/402 401/401/401
f 403/403/403 404/404/404 402/402/402
f 405/405/405 406/406/406 407/407/407
f 405/405/405 407/407/407 408/408/408
f 408/408/408 409/409/409 405/405/405
f 410/410/410 408/408/408 407/407/407
f 408/408/408 411/411/411 409/409/409
f 410/410/410 412/412/412 408/408/408
f 412/412/412 411/411/411 408/408/408
f 413/413/413 412/412/412 410/410/410
f 412/412/412 414/414/414 411/411/411
f 413/413/413 415/415/415 412/412/412
f 415/415/415 414/414/414 412/412/412
f 415/415/415 416/416/416 414/414/414
f 417/417/417 418/418/418 419/419/419
f 417/417/417 419/419/419 420/420/420
f 421/421/421 422/422/422 423/423/423
f 421/421/421 424/424/424 422/422/422
f 424/424/424 425/425/425 422/422/422
f 424/424/424 426/426/426 425/425/425
f 427/427/427 428/428/428 429/429/429
f 427/427/427 429/429/429 430/430/430
f 431/431/431 432/432/432 433/433/433
f 431/431/431 433/433/433 434/434/434
f 435/435/435 436/436/436 437/437/437
f 435/435/435 437/437/437 438/438/438
f 439/439/439 440/440/440 441/441/441
f 439/439/439 441/441/441 442/442/442
f 443/443/443 444/444/444 445/445/445
f 443/443/443 445/445/445 446/446/446
f 447/447/447 448/448/448 449/449/449
f 447/447/447 449/449/449 450/450/450
f 451/451/451 452/452/452 453/453/453
f 451/451/451 453/453/453 454/454/454
f 455/455/455 456/456/456 457/457/457
f 455/455/455 457/457/457 458/458/458
f 459/459/459 460/460/460 461/461/461
f 459/459/459 461/461/461 462/462/462
f 463/463/463 464/464/464 465/465/465
f 463/463/463 465/465/465 466/466/466
f 467/467/467 468/468/468 469/469/469
f 467/467/467 470/470/470 468/468/468
f 471/471/471 468/468/468 470/470/470
f 471/471/471 470/470/470 472/472/472
f 473/473/473 474/474/474 475/475/475
f 473/473/473 475/475/475 476/476/476
f 477/477/477 478/478/478 479/479/479
f 477/477/477 480/480/480 478/478/478
f 478/478/478 480/480/480 481/481/481
f 478/478/478 481/481/481 482/482/482
f 483/483/483 482/482/482 481/481/481
f 483/483/483 481/481/481 484/484/484
f 485/485/485 486/486/486 487/487/487
f 485/485/485 487/487/487 488/488/488
f 489/489/489 490/490/490 491/491/491
f 489/489/489 492/492/492 490/490/490
f 490/490/490 492/492/492 493/493/493
f 490/490/490 493/493/493 494/494/494
f 495/495/495 494/494/494 493/493/493
f 495/495/495 493/493/493 496/496/496
f 497/497/497 498/498/498 499/499/499
f 497/497/497 499/499/499 500/500/500
f 501/501/501 497/497/497 500/500/500
f 501/501/501 500/500/500 502/502/502
f 503/503/503 504/504/504 505/505/505
f 503/503/503 505/505/505 506/506/506
f 507/507/507 508/508/508 509/509/509
f 507/507/507 509/509/509 510/510/510
f 511/511/511 512/512/512 513/513/513
f 511/511/511 513/513/513 514/514/514
f 515/515/515 516/516/516 517/517/517
f 515/515/515 517/517/517 518/518/518
f 519/519/519 520/520/520 521/521/521
f 519/519/519 521/521/521 522/522/522
f 523/523/523 524/524/524 525/525/525
f 523/523/523 525/525/525 526/526/526
f 527/527/527 528/528/528 529/529/529
f 527/527/527 529/529/529 530/530/530
f 531/531/531 532/532/532 533/533/533
f 531/531/531 534/534/534 532/532/532
f 535/535/535 532/532/532 534/534/534
f 535/535/535 534/534/534 536/536/536
f 537/537/537 538/538/538 539/539/539
f 537/537/537 539/539/539 540/540/540
f 541/541/541 542/542/542 543/543/543
f 541/541/541 543/543/543 544/544/544
f 545/545/545 546/546/546 547/547/547
f 545/545/545 547/547/547 548/548/548
f 549/549/549 550/550/550 551/551/551
f 549/549/549 552/552/552 550/550/550
f 550/550/550 552/552/552 553/553/553
f 550/550/550 553/553/553 554/554/554
f 555/555/555 554/554/554 553/553/553
f 555/555/555 553/553/553 556/556/556
f 557/557/557 558/558/558 559/559/559
f 557/557/557 559/559/559 560/560/560
f 561/561/561 562/562/562 563/563/563
f 561/561/561 564/564/564 562/562/562
f 562/562/562 564/564/564 565/565/565
f 562/562/562 565/565/565 566/566/566
f 567/567/567 566/566/566 565/565/565
f 567/567/567 565/565/565 568/568/568
f 569/569/569 570/570/570 571/571/571
f 569/569/569 571/571/571 572/572/572
f 573/573/573 569/569/569 572/572/572
f 573/573/573 572/572/572 574/574/574
f 575/575/575 576/576/576 577/577/577
f 575/575/575 577/577/577 578/578/578
f 579/579/579 580/580/580 581/581/581
f 579/579/579 582/582/582 580/580/580
f 583/583/583 582/582/582 579/579/579
f 583/583/583 584/584/584 582/582/582
f 585/585/585 586/586/586 587/587/587
f 585/585/585 588/588/588 586/586/586
f 589/589/589 588/588/588 585/585/585
f 589/589/589 590/590/590 588/588/588
f 591/591/591 592/592/592 593/593/593
f 591/591/591 593/593/593 594/594/594
f 595/595/595 596/596/596 597/597/597
f 595/595/595 597/597/597 598/598/598
f 599/599/599 600/600/600 601/601/601
f 599/599/599 602/602/602 600/600/600
f 603/603/603 602/602/602 599/599/599
f 603/603/603 604/604/604 602/602/602
f 605/605/605 606/606/606 607/607/607
f 605/605/605 607/607/607 608/608/608
f 608/608/608 607/607/607 609/609/609
f 608/608/608 609/609/609 610/610/610
f 611/611/611 612/612/612 613/613/613
f 611/611/611 613/613/613 614/614/614
f 615/615/615 616/616/616 617/617/617
f 615/615/615 617/617/617 618/618/618
f 619/619/619 620/620/620 621/621/621
f 619/619/619 621/621/621 622/622/622
f 623/623/623 624/624/624 625/625/625
f 623/623/623 625/625/625 626/626/626
f 627/627/627 628/628/628 629/629/629
f 627/627/627 630/630/630 628/628/628
f 630/630/630 631/631/631 628/628/628
f 630/630/630 632/632/632 631/631/631
f 633/633/633 634/634/634 635/635/635
f 633/633/633 635/635/635 636/636/636
f 637/637/637 638/638/638 639/639/639
f 637/637/637 640/640/640 638/638/638
f 640/640/640 641/641/641 638/638/638
f 640/640/640 642/642/642 641/641/641
f 643/643/643 644/644/644 645/645/645
f 643/643/643 645/645/645 646/646/646
f 647/647/647 648/648/648 649/649/649
f 647/647/647 650/650/650 648/648/648
f 651/651/651 650/650/650 647/647/647
f 651/651/651 652/652/652 650/650/650
f 653/653/653 654/654/654 655/655/655
f 653/653/653 655/655/655 656/656/656
f 656/656/656 655/655/655 657/657/657
f 656/656/656 657/657/657 658/658/658
f 659/659/659 660/660/660 661/661/661
f 659/659/659 662/662/662 660/660/660
f 663/663/663 662/662/662 659/659/659
f 663/663/663 664/664/664 662/662/662
f 665/665/665 666/666/666 667/667/667
f 665/665/665 667/667/667 668/668/668
f 669/669/669 670/670/670 671/671/671
f 669/669/669 671/671/671 672/672/672
f 673/673/673 674/674/674 675/675/675
f 673/673/673 675/675/675 676/676/676
f 676/676/676 675/675/675 677/677/677
f 676/676/676 677/677/677 678/678/678
f 679/679/679 680/680/680 681/681/681
f 679/679/679 681/681/681 682/682/682
f 683/683/683 684/684/684 685/685/685
f 683/683/683 685/685/685 686/686/686
f 686/686/686 685/685/685 687/687/687
f 686/686/686 687/687/687 688/688/688
f 688/688/688 687/687/687 689/689/689
f 688/688/688 689/689/689 690/690/690
f 691/691/691 692/692/692 693/693/693
f 691/691/691 694/694/694 692/692/692
f 694/694/694 695/695/695 692/692/692
f 694/694/694 696/696/696 695/695/695
f 697/697/697 698/698/698 699/699/699
f 697/697/697 699/699/699 700/700/700
f 701/701/701 702/702/702 703/703/703
f 701/701/701 703/703/703 704/704/704
f 705/705/705 706/706/706 707/707/707
f 705/705/705 707/707/707 708/708/708
f 709/709/709 710/710/710 711/711/711
f 709/709/709 711/711/711 712/712/712
f 713/713/713 714/714/714 715/715/715
f 713/713/713 715/715/715 716/716/716
f 716/716/716 715/715/715 717/717/717
f 716/716/716 717/717/717 718/718/718
f 719/719/719 720/720/720 721/721/721
f 719/719/719 721/721/721 722/722/722
f 723/723/723 724/724/724 725/725/725
f 723/723/723 725/725/725 726/726/726
f 726/726/726 725/725/725 727/727/727
f 726/726/726 727/727/727 728/728/728
f 729/729/729 730/730/730 731/731/731
f 729/729/729 731/731/731 732/732/732
f 733/733/733 734/734/734 735/735/735
f 733/733/733 735/735/735 736/736/736
f 737/737/737 733/733/733 736/736/736
f 737/737/737 736/736/736 738/738/738
f 739/739/739 740/740/740 741/741/741
f 739/739/739 742/742/742 740/740/740
f 742/742/742 743/743/743 740/740/740
f 742/742/742 744/744/744 743/743/743
f 745/745/745 746/746/746 747/747/747
f 745/745/745 747/747/747 748/748/748
f 749/749/749 745/745/745 748/748/748
f 749/749/749 748/748/748 750/750/750
f 751/751/751 752/752/752 753/753/753
f 751/751/751 753/753/753 754/754/754
f 755/755/755 756/756/756 757/757/757
f 755/755/755 757/757/757 758/758/758
f 759/759/759 760/760/760 761/761/761
f 759/759/759 762/762/762 760/760/760
f 762/762/762 763/763/763 760/760/760
f 762/762/762 764/764/764 763/763/763
f 765/765/765 766/766/766 767/767/767
f 765/765/765 767/767/767 768/768/768
f 769/769/769 770/770/770 771/771/771
f 769/769/769 772/772/772 770/770/770
f 772/772/772 773/773/773 770/770/770
f 772/772/772 774/774/774 773/773/773
f 774/774/774 775/775/775 773/773/773
f 774/774/774 776/776/776 775/775/775
f 777/777/777 778/778/778 779/779/779
f 777/777/777 779/779/779 780/780/780
f 781/781/781 777/777/777 780/780/780
f 781/781/781 780/780/780 782/782/782
f 783/783/783 781/781/781 782/782/782
f 783/783/783 782/782/782 784/784/784
f 785/785/785 784/784/784 786/786/786
f 785/785/785 786/786/786 787/787/787
f 787/787/787 786/786/786 788/788/788
f 787/787/787 788/788/788 789/789/789
f 789/789/789 788/788/788 790/790/790
f 789/789/789 790/790/790 791/791/791
f 792/792/792 793/793/793 794/794/794
f 792/792/792 795/795/795 793/793/793
f 796/796/796 795/795/795 792/792/792
f 796/796/796 797/797/797 795/795/795
f 798/798/798 797/797/797 796/796/796
f 798/798/798 799/799/799 797/797/797
f 798/798/798 800/800/800 799/799/799
f 798/798/798 801/801/801 800/800/800
f 802/802/802 799/799/799 800/800/800
f 802/802/802 800/800/800 803/803/803
f 802/802/802 804/804/804 799/799/799
f 802/802/802 805/805/805 804/804/804
f 805/805/805 806/806/806 804/804/804
f 805/805/805 807/807/807 806/806/806
f 807/807/807 808/808/808 806/806/806
f 807/807/807 809/809/809 808/808/808
f 810/810/810 811/811/811 812/812/812
f 810/810/810 813/813/813 811/811/811
f 814/814/814 813/813/813 810/810/810
f 814/814/814 815/815/815 813/813/813
f 816/816/816 815/815/815 814/814/814
f 816/816/816 817/817/817 815/815/815
f 818/818/818 819/819/819 820/820/820
f 818/818/818 821/821/821 819/819/819
f 822/822/822 821/821/821 818/818/818
f 822/822/822 823/823/823 821/821/821
f 824/824/824 823/823/823 822/822/822
f 824/824/824 825/825/825 823/823/823
f 824/824/824 826/826/826 825/825/825
f 824/824/824 827/827/827 826/826/826
f 828/828/828 829/829/829 830/830/830
f 828/828/828 830/830/830 831/831/831
f 832/832/832 833/833/833 834/834/834
f 832/832/832 834/834/834 835/835/835
f 836/836/836 832/832/832 835/835/835
f 836/836/836 835/835/835 837/837/837
f 838/838/838 837/837/837 835/835/835
f 838/838/838 835/835/835 839/839/839
f 839/839/839 835/835/835 834/834/834
f 839/839/839 834/834/834 840/840/840
f 841/841/841 842/842/842 843/843/843
f 841/841/841 843/843/843 844/844/844
f 845/845/845 841/841/841 844/844/844
f 845/845/845 844/844/844 846/846/846
f 847/847/847 848/848/848 849/849/849
f 847/847/847 849/849/849 850/850/850
f 847/847/847 850/850/850 851/851/851
f 847/847/847 851/851/851 852/852/852
f 853/853/853 854/854/854 855/855/855
f 853/853/853 856/856/856 854/854/854
f 857/857/857 854/854/854 856/856/856
f 857/857/857 858/858/858 854/854/854
f 859/859/859 860/860/860 861/861/861
f 859/859/859 861/861/861 862/862/862
f 863/863/863 859/859/859 862/862/862
f 863/863/863 862/862/862 864/864/864
f 865/865/865 863/863/863 864/864/864
f 865/865/865 864/864/864 866/866/866
f 867/867/867 868/868/868 869/869/869
f 867/867/867 869/869/869 870/870/870
f 871/871/871 867/867/867 870/870/870
f 871/871/871 870/870/870 872/872/872
f 873/873/873 871/871/871 872/872/872
f 873/873/873 872/872/872 874/874/874
f 873/873/873 874/874/874 875/875/875
f 873/873/873 875/875/875 876/876/876
f 877/877/877 878/878/878 879/879/879
f 877/877/877 879/879/879 880/880/880
f 881/881/881 882/882/882 883/883/883
f 881/881/881 883/883/883 884/884/884
f 885/885/885 886/886/886 887/887/887
f 885/885/885 888/888/888 886/886/886
f 889/889/889 888/888/888 885/885/885
f 889/889/889 890/890/890 888/888/888
f 891/891/891 892/892/892 893/893/893
f 891/891/891 893/893/893 894/894/894
f 895/895/895 896/896/896 897/897/897
f 895/895/895 898/898/898 896/896/896
f 895/895/895 897/897/897 899/899/899
f 895/895/895 900/900/900 898/898/898
f 901/901/901 895/895/895 899/899/899
f 902/902/902 900/900/900 895/895/895
f 901/901/901 903/903/903 895/895/895
f 902/902/902 895/895/895 903/903/903
f 904/904/904 905/905/905 906/906/906
f 904/904/904 906/906/906 907/907/907
f 905/905/905 904/904/904 908/908/908
f 905/905/905 908/908/908 909/909/909
f 907/907/907 910/910/910 904/904/904
f 910/910/910 907/907/907 911/911/911
f 912/912/912 910/910/910 911/911/911
f 912/912/912 913/913/913 910/910/910
f 914/914/914 910/910/910 913/913/913
f 915/915/915 904/904/904 910/910/910
f 914/914/914 915/915/915 910/910/910
f 904/904/904 915/915/915 908/908/908
f 916/916/916 915/915/915 914/914/914
f 916/916/916 917/917/917 915/915/915
f 917/917/917 908/908/908 915/915/915
f 918/918/918 917/917/917 916/916/916
f 909/909/909 908/908/908 919/919/919
f 908/908/908 917/917/917 919/919/919
f 909/909/909 919/919/919 920/920/920
f 918/918/918 921/921/921 917/917/917
f 921/921/921 919/919/919 917/917/917
f 922/922/922 921/921/921 918/918/918
f 920/920/920 919/919/919 923/923/923
f 920/920/920 923/923/923 922/922/922
f 922/922/922 923/923/923 921/921/921
f 919/919/919 921/921/921 923/923/923
f 924/924/924 925/925/925 926/926/926
f 924/924/924 927/927/927 925/925/925
f 924/924/924 926/926/926 928/928/928
f 928/928/928 926/926/926 929/929/929
f 924/924/924 930/930/930 927/927/927
f 930/930/930 931/931/931 927/927/927
f 932/932/932 924/924/924 928/928/928
f 932/932/932 930/930/930 924/924/924
f 932/932/932 928/928/928 933/933/933
f 932/932/932 934/934/934 930/930/930
f 928/928/928 929/929/929 935/935/935
f 933/933/933 928/928/928 935/935/935
f 933/933/933 935/935/935 936/936/936
f 935/935/935 929/929/929 937/937/937
f 930/930/930 938/938/938 931/931/931
f 934/934/934 938/938/938 930/930/930
f 938/938/938 937/937/937 931/931/931
f 934/934/934 939/939/939 938/938/938
f 936/936/936 935/935/935 940/940/940
f 935/935/935 937/937/937 940/940/940
f 938/938/938 940/940/940 937/937/937
f 939/939/939 940/940/940 938/938/938
f 936/936/936 940/940/940 941/941/941
f 939/939/939 941/941/941 940/940/940
f 942/942/942 943/943/943 944/944/944
f 942/942/942 944/944/944 945/945/945
f 943/943/943 942/942/942 946/946/946
f 946/946/946 947/947/947 943/943/943
f 948/948/948 947/947/947 946/946/946
f 948/948/948 946/946/946 949/949/949
f 950/950/950 949/949/949 946/946/946
f 950/950/950 946/946/946 951/951/951
f 951/951/951 946/946/946 942/942/942
f 952/952/952 950/950/950 951/951/951
f 945/945/945 953/953/953 942/942/942
f 942/942/942 953/953/953 951/951/951
f 945/945/945 954/954/954 953/953/953
f 952/952/952 951/951/951 955/955/955
f 955/955/955 951/951/951 953/953/953
f 956/956/956 952/952/952 955/955/955
f 954/954/954 957/957/957 953/953/953
f 953/953/953 957/957/957 955/955/955
f 954/954/954 958/958/958 957/957/957
f 956/956/956 955/955/955 959/959/959
f 959/959/959 955/955/955 957/957/957
f 960/960/960 956/956/956 959/959/959
f 958/958/958 960/960/960 961/961/961
f 958/958/958 961/961/961 957/957/957
f 960/960/960 959/959/959 961/961/961
f 957/957/957 961/961/961 959/959/959
f 962/962/962 963/963/963 964/964/964
f 962/962/962 965/965/965 963/963/963
f 966/966/966 964/964/964 963/963/963
f 967/967/967 963/963/963 965/965/965
f 966/966/966 963/963/963 968/968/968
f 967/967/967 969/969/969 963/963/963
f 970/970/970 968/968/968 963/963/963
f 970/970/970 963/963/963 969/969/969
