# Unturned item rip -> Godot (X+Z negated, winding reversed, RH Y-up)
v 0.356637 -0.215715 0.054811
v 0.410320 -0.072495 0.099939
v 0.366527 -0.078840 0.099939
v 0.356637 -0.215715 0.054811
v 0.403834 -0.233037 0.079829
v 0.354034 -0.268713 0.055436
v 0.356637 -0.215715 0.054811
v 0.242134 -0.274676 -0.116487
v 0.242134 -0.210622 -0.116487
v 0.172590 -0.268188 -0.357468
v 0.172590 -0.210617 -0.357468
v 0.223236 -0.225159 -0.480928
v 0.210172 -0.186802 -0.451523
v -0.356637 -0.215715 0.054811
v -0.366527 -0.078840 0.099939
v -0.410320 -0.072495 0.099939
v -0.403834 -0.233037 0.079829
v -0.356637 -0.215715 0.054811
v -0.354034 -0.268713 0.055436
v -0.356637 -0.215715 0.054811
v -0.242134 -0.274676 -0.116487
v -0.242134 -0.210622 -0.116487
v -0.172590 -0.268188 -0.357468
v -0.172590 -0.210617 -0.357468
v -0.223236 -0.225159 -0.480928
v -0.210172 -0.186802 -0.451523
v -0.132322 -0.168508 -0.558260
v -0.132097 -0.168508 -0.380411
v -0.132097 0.168508 -0.380411
v -0.132322 0.168508 -0.558260
v 0.183490 0.262328 -0.431749
v 0.176001 0.262328 -0.278877
v 0.176001 0.179267 -0.278877
v 0.183490 0.179267 -0.431749
v 0.213838 0.262328 -0.529607
v 0.222722 0.093366 -0.558254
v 0.183490 -0.179276 -0.431749
v 0.222722 -0.093375 -0.558254
v 0.215734 -0.254173 -0.535720
v 0.183490 -0.262337 -0.431749
v 0.176001 -0.179276 -0.278877
v 0.176001 -0.243291 -0.278877
v -0.141245 0.225497 -0.479832
v -0.141245 0.187223 -0.479832
v -0.000000 0.187223 -0.421944
v -0.000000 0.225497 -0.421944
v 0.141245 0.225497 -0.479832
v 0.141245 0.187223 -0.479832
v -0.403834 -0.078839 0.041572
v -0.403834 -0.240725 0.041572
v -0.403834 -0.240727 -0.019254
v -0.403834 -0.073083 -0.019254
v -0.176001 -0.179276 -0.278877
v -0.176001 -0.243291 -0.278877
v -0.345151 -0.243291 -0.226420
v -0.345151 -0.179276 -0.226420
v 0.360648 0.374600 -0.070556
v 0.203390 0.391662 -0.077448
v 0.192541 0.288584 -0.085077
v 0.349799 0.271523 -0.078184
v -0.167100 0.286658 0.159479
v -0.178569 0.389828 0.155613
v -0.194451 0.391662 -0.076928
v -0.183785 0.288584 -0.084809
v -0.167906 -0.225159 -0.503685
v -0.223236 -0.225159 -0.480928
v -0.172590 -0.268188 -0.357468
v -0.115019 -0.268188 -0.380225
v -0.115019 -0.268188 -0.322654
v -0.242134 -0.274676 -0.116487
v 0.115019 -0.268188 -0.380225
v -0.176702 -0.274674 -0.095204
v -0.354034 -0.268713 0.055436
v -0.322714 -0.268704 0.112493
v -0.403834 -0.233034 0.140655
v -0.403834 -0.233037 0.079829
v 0.115019 -0.268188 -0.322654
v 0.172590 -0.268188 -0.357468
v 0.167906 -0.225159 -0.503685
v 0.223236 -0.225159 -0.480928
v 0.242134 -0.274676 -0.116487
v 0.176702 -0.274674 -0.095204
v 0.354034 -0.268713 0.055436
v 0.322714 -0.268704 0.112493
v 0.403834 -0.233034 0.140655
v 0.403834 -0.233037 0.079829
v 0.243488 0.160520 -0.380411
v 0.198744 0.246582 -0.380411
v 0.199083 0.246582 -0.558272
v 0.243904 0.160520 -0.558285
v 0.243904 -0.160521 -0.558285
v 0.243488 -0.160521 -0.380411
v 0.199083 -0.246583 -0.558272
v 0.198744 -0.246583 -0.380411
v 0.277013 0.393081 0.064836
v 0.349796 0.387225 -0.092678
v 0.343335 0.386086 0.051915
v 0.218564 0.401463 -0.098430
v 0.212103 0.400325 0.046163
v -0.403834 -0.233034 0.140655
v -0.403834 -0.233037 0.079829
v -0.410320 -0.072495 0.099939
v -0.410319 -0.072495 0.160765
v -0.002068 0.407352 0.168081
v 0.002729 0.300998 0.174314
v -0.159523 0.293951 0.178949
v -0.164320 0.400306 0.172716
v 0.345151 0.179267 -0.226420
v 0.345151 0.262328 -0.226420
v 0.425475 0.262328 -0.356705
v 0.425475 0.179267 -0.356705
v 0.455823 0.262328 -0.454563
v 0.464707 0.093366 -0.483210
v 0.425475 -0.179276 -0.356705
v 0.464707 -0.093375 -0.483210
v 0.457719 -0.254173 -0.460676
v 0.425475 -0.262337 -0.356705
v 0.345151 -0.179276 -0.226420
v 0.345151 -0.243291 -0.226420
v -0.167100 0.286658 0.159479
v -0.324152 0.269597 0.170071
v -0.335620 0.372767 0.166205
v -0.178569 0.389828 0.155613
v -0.183490 -0.262337 -0.431749
v -0.176001 -0.243291 -0.278877
v -0.176001 -0.179276 -0.278877
v -0.183490 -0.179276 -0.431749
v -0.215734 -0.254173 -0.535720
v -0.222722 -0.093375 -0.558254
v -0.183490 0.179267 -0.431749
v -0.222722 0.093366 -0.558254
v -0.213838 0.262328 -0.529607
v -0.183490 0.262328 -0.431749
v -0.176001 0.179267 -0.278877
v -0.176001 0.262328 -0.278877
v -0.425475 -0.262337 -0.356705
v -0.345151 -0.243291 -0.226420
v -0.176001 -0.243291 -0.278877
v -0.183490 -0.262337 -0.431749
v -0.457719 -0.254173 -0.460676
v -0.215734 -0.254173 -0.535720
v 0.425475 -0.179276 -0.356705
v 0.183490 -0.179276 -0.431749
v 0.183490 0.179267 -0.431749
v 0.425475 0.179267 -0.356705
v 0.415659 -0.076702 0.168670
v 0.376437 -0.076702 0.172564
v 0.376437 0.216170 0.172564
v 0.415659 0.266686 0.168670
v 0.209581 0.297097 0.185529
v 0.209581 0.216170 0.185529
v -0.000000 0.216170 0.191824
v -0.000000 0.307453 0.191824
v -0.209581 0.297097 0.185529
v -0.209581 0.216170 0.185529
v -0.376437 0.216170 0.172564
v -0.415659 0.266686 0.168670
v -0.415659 -0.076702 0.168670
v -0.376437 -0.076702 0.172564
v -0.376063 -0.187231 -0.109016
v -0.375621 0.187223 -0.109016
v -0.394752 0.187223 -0.109016
v -0.394752 -0.187231 -0.109016
v 0.394752 0.187223 -0.109016
v 0.375621 0.187223 -0.109016
v 0.376063 -0.187231 -0.109016
v 0.394752 -0.187231 -0.109016
v 0.132322 -0.246583 -0.558260
v 0.198744 -0.246583 -0.380411
v 0.199083 -0.246583 -0.558272
v -0.000000 -0.246583 -0.353681
v -0.000000 -0.246583 -0.528308
v -0.132322 -0.246583 -0.558260
v -0.198744 -0.246583 -0.380411
v -0.199083 -0.246583 -0.558272
v 0.183490 -0.179276 -0.431749
v 0.425475 -0.179276 -0.356705
v 0.345151 -0.179276 -0.226420
v 0.176001 -0.179276 -0.278877
v 0.183490 0.179267 -0.431749
v 0.176001 0.179267 -0.278877
v 0.345151 0.179267 -0.226420
v 0.425475 0.179267 -0.356705
v -0.186778 0.275113 0.044947
v -0.200252 0.400325 0.046855
v -0.210115 0.401463 -0.097546
v -0.197401 0.276339 -0.110580
v -0.199083 0.246583 -0.558272
v -0.132322 0.246583 -0.558260
v -0.198744 0.246583 -0.380411
v -0.000000 0.254813 -0.505430
v -0.000000 0.254813 -0.331683
v 0.198744 0.246582 -0.380411
v 0.132322 0.246583 -0.558260
v 0.199083 0.246582 -0.558272
v 0.132097 -0.168509 -0.380411
v -0.000000 -0.168508 -0.528308
v 0.132322 -0.168509 -0.558260
v -0.000000 -0.168508 -0.353681
v -0.132097 -0.168508 -0.380411
v -0.132322 -0.168508 -0.558260
v 0.175617 0.379165 -0.082237
v 0.017963 0.393788 -0.082237
v 0.008383 0.290497 -0.088562
v 0.166036 0.275874 -0.088562
v 0.020402 0.278227 0.040790
v 0.020402 0.278227 -0.133725
v 0.032034 0.403638 -0.121241
v 0.032034 0.403638 0.040790
v 0.151965 0.266025 -0.133725
v 0.163597 0.391435 -0.121241
v 0.032034 0.403638 -0.121241
v 0.020402 0.278227 -0.133725
v -0.164320 0.400306 0.172716
v -0.159523 0.293951 0.178949
v -0.167245 0.294263 -0.090897
v -0.171671 0.400603 -0.084154
v 0.425475 0.262328 -0.356705
v 0.213838 0.262328 -0.529607
v 0.455823 0.262328 -0.454563
v 0.183490 0.262328 -0.431749
v 0.176001 0.262328 -0.278877
v 0.345151 0.262328 -0.226420
v 0.141245 -0.187231 -0.479832
v 0.141245 0.187223 -0.479832
v 0.301098 0.187223 -0.479832
v 0.301098 -0.187231 -0.479832
v -0.301098 -0.218858 -0.501618
v -0.141245 -0.218858 -0.501618
v -0.141245 0.225497 -0.501618
v -0.301098 0.225497 -0.501618
v 0.181611 0.286658 0.159537
v 0.192541 0.288584 -0.085077
v 0.203390 0.391662 -0.077448
v 0.192985 0.389828 0.155402
v -0.159884 0.412619 -0.124517
v -0.086963 0.415348 0.055968
v -0.155128 0.412427 0.041683
v -0.024483 0.418499 -0.128386
v -0.019727 0.418307 0.037815
v -0.341176 0.387225 -0.088707
v -0.264705 0.393081 0.067050
v -0.331313 0.386086 0.055694
v -0.210115 0.401463 -0.097546
v -0.200252 0.400325 0.046855
v -0.183490 0.179267 -0.431749
v -0.425475 0.179267 -0.356705
v -0.345151 0.179267 -0.226420
v -0.176001 0.179267 -0.278877
v 0.176001 0.262328 -0.278877
v 0.345151 0.262328 -0.226420
v 0.345151 0.179267 -0.226420
v 0.176001 0.179267 -0.278877
v 0.343335 0.386086 0.051915
v 0.329820 0.260875 0.050325
v 0.263498 0.267870 0.063246
v 0.277013 0.393081 0.064836
v 0.212103 0.400325 0.046163
v 0.198587 0.275113 0.044573
v -0.171671 0.400603 -0.084154
v -0.167245 0.294263 -0.090897
v -0.004993 0.301310 -0.095532
v -0.009419 0.407649 -0.088789
v 0.163597 0.391435 0.040790
v 0.151965 0.266025 0.040790
v 0.086184 0.272126 0.056603
v 0.097816 0.397536 0.056603
v 0.020402 0.278227 0.040790
v 0.032034 0.403638 0.040790
v 0.002729 0.300998 0.174314
v -0.002068 0.407352 0.168081
v -0.009419 0.407649 -0.088789
v -0.004993 0.301310 -0.095532
v 0.176001 -0.179276 -0.278877
v 0.345151 -0.179276 -0.226420
v 0.345151 -0.243291 -0.226420
v 0.176001 -0.243291 -0.278877
v 0.455823 0.262328 -0.454563
v 0.213838 0.262328 -0.529607
v 0.222722 0.093366 -0.558254
v 0.464707 0.093366 -0.483210
v 0.222722 -0.093375 -0.558254
v 0.464707 -0.093375 -0.483210
v 0.457719 -0.254173 -0.460676
v 0.215734 -0.254173 -0.535720
v -0.176001 0.262328 -0.278877
v -0.176001 0.179267 -0.278877
v -0.345151 0.179267 -0.226420
v -0.345151 0.262328 -0.226420
v 0.403834 -0.078839 0.041572
v 0.403834 -0.073083 -0.019254
v 0.403834 -0.240727 -0.019254
v 0.403834 -0.240725 0.041572
v -0.159884 0.412619 -0.124517
v -0.155128 0.412427 0.041683
v -0.149529 0.283306 0.041373
v -0.154652 0.283513 -0.137633
v -0.340837 0.271523 -0.074217
v -0.183785 0.288584 -0.084809
v -0.194451 0.391662 -0.076928
v -0.351503 0.374600 -0.066335
v 0.132097 0.168508 -0.380411
v 0.132322 0.168508 -0.558260
v -0.000000 0.176739 -0.505430
v -0.000000 0.176739 -0.331683
v -0.132097 0.168508 -0.380411
v -0.132322 0.168508 -0.558260
v 0.017963 0.393788 -0.082237
v 0.017963 0.393788 0.168189
v 0.008383 0.290497 0.174515
v 0.008383 0.290497 -0.088562
v -0.425475 0.262328 -0.356705
v -0.345151 0.262328 -0.226420
v -0.345151 0.179267 -0.226420
v -0.425475 0.179267 -0.356705
v -0.455823 0.262328 -0.454563
v -0.464707 0.093366 -0.483210
v -0.425475 -0.179276 -0.356705
v -0.464707 -0.093375 -0.483210
v -0.457719 -0.254173 -0.460676
v -0.425475 -0.262337 -0.356705
v -0.345151 -0.179276 -0.226420
v -0.345151 -0.243291 -0.226420
v -0.178569 0.389828 0.155613
v -0.335620 0.372767 0.166205
v -0.351503 0.374600 -0.066335
v -0.194451 0.391662 -0.076928
v -0.425475 -0.179276 -0.356705
v -0.425475 0.179267 -0.356705
v -0.183490 0.179267 -0.431749
v -0.183490 -0.179276 -0.431749
v -0.345151 -0.179276 -0.226420
v -0.425475 -0.179276 -0.356705
v -0.183490 -0.179276 -0.431749
v -0.176001 -0.179276 -0.278877
v 0.376063 -0.187231 -0.109016
v 0.375621 0.187223 -0.109016
v 0.375621 0.187222 0.217856
v 0.376063 -0.187232 0.217856
v -0.351503 0.374600 -0.066335
v -0.335620 0.372767 0.166205
v -0.324152 0.269597 0.170071
v -0.340837 0.271523 -0.074217
v -0.229437 0.187274 -0.314553
v -0.324567 0.187274 -0.285051
v -0.324567 0.265113 -0.285051
v -0.229437 0.265113 -0.314553
v -0.291379 0.265113 -0.514288
v -0.229437 0.265113 -0.314553
v -0.324567 0.265113 -0.285051
v -0.386509 0.265113 -0.484787
v -0.386509 -0.265122 -0.484787
v -0.291379 -0.265122 -0.514288
v -0.299868 -0.088377 -0.541663
v -0.394998 -0.088377 -0.512162
v -0.299868 0.088368 -0.541663
v -0.394998 0.088368 -0.512162
v -0.291379 0.265113 -0.514288
v -0.386509 0.265113 -0.484787
v -0.324567 -0.265122 -0.285051
v -0.324567 -0.187283 -0.285051
v -0.229437 -0.187283 -0.314553
v -0.229437 -0.265122 -0.314553
v -0.324567 -0.265122 -0.285051
v -0.229437 -0.265122 -0.314553
v -0.291379 -0.265122 -0.514288
v -0.386509 -0.265122 -0.484787
v -0.380328 -0.187283 -0.464857
v -0.380328 0.187274 -0.464857
v -0.285198 0.187274 -0.494358
v -0.285198 -0.187283 -0.494358
v -0.250926 0.280065 0.255052
v -0.245887 0.280065 0.155753
v -0.182378 0.280065 0.159819
v -0.187417 0.280065 0.259118
v -0.187417 0.280065 0.259118
v -0.187417 0.216426 0.259118
v -0.250926 0.216426 0.255052
v -0.250926 0.280065 0.255052
v -0.250926 0.280065 0.255052
v -0.250926 0.216426 0.255052
v -0.245887 0.216426 0.155753
v -0.245887 0.280065 0.155753
v -0.182378 0.280065 0.159819
v -0.182378 0.216426 0.159819
v -0.187417 0.216426 0.259118
v -0.187417 0.280065 0.259118
v 0.250926 0.280065 0.255052
v 0.187417 0.280065 0.259118
v 0.182378 0.280065 0.159819
v 0.245887 0.280065 0.155753
v 0.250926 0.216426 0.255052
v 0.187417 0.216426 0.259118
v 0.187417 0.280065 0.259118
v 0.250926 0.280065 0.255052
v 0.245887 0.216426 0.155753
v 0.250926 0.216426 0.255052
v 0.250926 0.280065 0.255052
v 0.245887 0.280065 0.155753
v 0.187417 0.216426 0.259118
v 0.182378 0.216426 0.159819
v 0.182378 0.280065 0.159819
v 0.187417 0.280065 0.259118
v -0.461759 0.026942 0.059941
v -0.453916 0.020189 0.229362
v -0.394800 0.020368 0.226633
v -0.402643 0.027120 0.057212
v -0.394965 0.161133 0.232251
v -0.454081 0.160955 0.234981
v -0.461924 0.167708 0.065560
v -0.402808 0.167886 0.062830
v -0.470396 0.022585 0.040304
v -0.466087 0.018875 0.133383
v -0.393162 0.019095 0.130016
v -0.397471 0.022805 0.036937
v -0.393339 0.170106 0.136043
v -0.466264 0.169886 0.139410
v -0.470573 0.173596 0.046332
v -0.397648 0.173816 0.042964
v -0.466264 0.169886 0.139410
v -0.393339 0.170106 0.136043
v -0.393162 0.019095 0.130016
v -0.466087 0.018875 0.133383
v -0.470396 0.022585 0.040304
v -0.470573 0.173596 0.046332
v -0.466264 0.169886 0.139410
v -0.466087 0.018875 0.133383
v -0.394800 0.020368 0.226633
v -0.453916 0.020189 0.229362
v -0.454081 0.160955 0.234981
v -0.394965 0.161133 0.232251
v -0.461759 0.026942 0.059941
v -0.461924 0.167708 0.065560
v -0.454081 0.160955 0.234981
v -0.453916 0.020189 0.229362
v -0.397648 0.173816 0.042964
v -0.470573 0.173596 0.046332
v -0.470396 0.022585 0.040304
v -0.397471 0.022805 0.036937
v -0.397648 0.173816 0.042964
v -0.397471 0.022805 0.036937
v -0.393162 0.019095 0.130016
v -0.393339 0.170106 0.136043
v -0.402643 0.027120 0.057212
v -0.394800 0.020368 0.226633
v -0.394965 0.161133 0.232251
v -0.402808 0.167886 0.062830
v 0.198587 0.275113 0.044573
v 0.205546 0.276339 -0.111161
v 0.218564 0.401463 -0.098430
v 0.212103 0.400325 0.046163
v 0.097816 0.397536 0.056603
v 0.163597 0.391435 -0.121241
v 0.163597 0.391435 0.040790
v 0.032034 0.403638 -0.121241
v 0.032034 0.403638 0.040790
v 0.376437 -0.105521 0.069464
v 0.376437 -0.076702 0.172564
v 0.415659 -0.076702 0.168670
v 0.415659 -0.105521 0.072082
v 0.415659 -0.076702 -0.024506
v 0.376437 -0.076702 -0.033637
v 0.415659 0.266686 -0.065026
v 0.376437 -0.076702 -0.033637
v 0.415659 -0.076702 -0.024506
v 0.376437 0.216170 -0.074157
v 0.174359 0.216170 -0.204007
v 0.174359 0.297097 -0.204007
v -0.174359 0.216170 -0.204007
v -0.174359 0.297097 -0.204007
v -0.415659 0.266686 -0.065026
v -0.376437 0.216170 -0.074157
v -0.376437 -0.076702 -0.033637
v -0.415659 -0.076702 -0.024506
v 0.115019 -0.210617 -0.380225
v -0.115019 -0.210617 -0.380225
v -0.115019 -0.268188 -0.380225
v 0.115019 -0.268188 -0.380225
v 0.415659 0.266686 0.168670
v 0.209581 0.297097 0.185529
v 0.415659 0.266686 -0.065026
v 0.174359 0.297097 -0.204007
v -0.000000 0.307453 0.191824
v -0.174359 0.297097 -0.204007
v -0.209581 0.297097 0.185529
v -0.415659 0.266686 -0.065026
v -0.415659 0.266686 0.168670
v 0.115019 -0.210617 -0.380225
v 0.167906 -0.225159 -0.503685
v 0.154070 -0.186802 -0.474280
v 0.115019 -0.268188 -0.380225
v 0.410319 -0.072495 0.160765
v 0.335326 -0.210622 0.140655
v 0.335326 -0.078839 0.160765
v 0.403834 -0.233034 0.140655
v 0.322714 -0.268704 0.112493
v -0.019251 0.289394 -0.141501
v -0.024483 0.418499 -0.128386
v -0.159884 0.412619 -0.124517
v -0.154652 0.283513 -0.137633
v -0.200252 0.400325 0.046855
v -0.186778 0.275113 0.044947
v -0.251231 0.267870 0.065142
v -0.264705 0.393081 0.067050
v -0.331313 0.386086 0.055694
v -0.317839 0.260875 0.053787
v 0.115019 -0.268188 -0.322654
v -0.115019 -0.268188 -0.322654
v -0.115019 -0.210617 -0.322654
v 0.115019 -0.210617 -0.322654
v 0.176702 -0.274674 -0.095204
v 0.335326 -0.210622 0.140655
v 0.322714 -0.268704 0.112493
v 0.176702 -0.210622 -0.095204
v 0.115019 -0.268188 -0.322654
v 0.115019 -0.210617 -0.322654
v 0.336779 0.262101 -0.105409
v 0.349796 0.387225 -0.092678
v 0.218564 0.401463 -0.098430
v 0.205546 0.276339 -0.111161
v -0.376437 -0.105521 0.069464
v -0.415659 -0.076702 0.168670
v -0.376437 -0.076702 0.172564
v -0.415659 -0.105521 0.072082
v -0.415659 -0.076702 -0.024506
v -0.376437 -0.076702 -0.033637
v -0.115019 -0.210617 -0.380225
v -0.154070 -0.186802 -0.474280
v -0.167906 -0.225159 -0.503685
v -0.115019 -0.268188 -0.380225
v -0.410319 -0.072495 0.160765
v -0.335326 -0.078839 0.160765
v -0.335326 -0.210622 0.140655
v -0.403834 -0.233034 0.140655
v -0.322714 -0.268704 0.112493
v 0.415659 -0.076702 0.168670
v 0.415659 -0.076702 -0.024506
v 0.415659 -0.105521 0.072082
v 0.415659 0.266686 0.168670
v 0.415659 0.266686 -0.065026
v -0.176702 -0.274674 -0.095204
v -0.322714 -0.268704 0.112493
v -0.335326 -0.210622 0.140655
v -0.176702 -0.210622 -0.095204
v -0.115019 -0.268188 -0.322654
v -0.115019 -0.210617 -0.322654
v -0.415659 0.266686 0.168670
v -0.415659 -0.076702 -0.024506
v -0.415659 0.266686 -0.065026
v -0.415659 -0.076702 0.168670
v -0.415659 -0.105521 0.072082
v 0.403834 -0.233034 0.140655
v 0.410319 -0.072495 0.160765
v 0.410320 -0.072495 0.099939
v 0.403834 -0.233037 0.079829
v 0.175617 0.379165 -0.082237
v 0.175617 0.379165 0.168189
v 0.017963 0.393788 0.168189
v 0.017963 0.393788 -0.082237
v 0.132097 0.168508 -0.380411
v 0.132097 -0.168509 -0.380411
v 0.132322 -0.168509 -0.558260
v 0.132322 0.168508 -0.558260
v 0.151965 0.266025 0.040790
v 0.163597 0.391435 0.040790
v 0.163597 0.391435 -0.121241
v 0.151965 0.266025 -0.133725
v 0.338868 0.269597 0.166429
v 0.350243 0.372767 0.162295
v 0.360648 0.374600 -0.070556
v 0.349799 0.271523 -0.078184
v -0.141245 -0.187231 -0.479832
v -0.301098 -0.187231 -0.479832
v -0.301098 0.187223 -0.479832
v -0.141245 0.187223 -0.479832
v 0.175617 0.379165 0.168189
v 0.166036 0.275874 0.174515
v 0.008383 0.290497 0.174515
v 0.017963 0.393788 0.168189
v 0.360648 0.374600 -0.070556
v 0.350243 0.372767 0.162295
v 0.192985 0.389828 0.155402
v 0.203390 0.391662 -0.077448
v -0.197401 0.276339 -0.110580
v -0.210115 0.401463 -0.097546
v -0.341176 0.387225 -0.088707
v -0.328462 0.262101 -0.101740
v 0.166036 0.275874 -0.088562
v 0.166036 0.275874 0.174515
v 0.175617 0.379165 0.168189
v 0.175617 0.379165 -0.082237
v -0.341176 0.387225 -0.088707
v -0.331313 0.386086 0.055694
v -0.317839 0.260875 0.053787
v -0.328462 0.262101 -0.101740
v 0.141245 -0.218858 -0.501618
v 0.301098 -0.218858 -0.501618
v 0.301098 0.225497 -0.501618
v 0.141245 0.225497 -0.501618
v 0.141245 -0.218858 -0.455816
v 0.141245 -0.187231 -0.455816
v -0.000000 -0.187231 -0.421944
v -0.000000 -0.218858 -0.421944
v -0.141245 -0.218858 -0.455816
v -0.141245 -0.187231 -0.455816
v -0.375621 0.187222 0.217856
v -0.375621 0.187223 -0.109016
v -0.376063 -0.187231 -0.109016
v -0.376063 -0.187232 0.217856
v 0.329820 0.260875 0.050325
v 0.343335 0.386086 0.051915
v 0.349796 0.387225 -0.092678
v 0.336779 0.262101 -0.105409
v -0.014128 0.289187 0.037505
v -0.019727 0.418307 0.037815
v -0.024483 0.418499 -0.128386
v -0.019251 0.289394 -0.141501
v -0.171671 0.400603 -0.084154
v -0.009419 0.407649 -0.088789
v -0.002068 0.407352 0.168081
v -0.164320 0.400306 0.172716
v 0.192985 0.389828 0.155402
v 0.350243 0.372767 0.162295
v 0.338868 0.269597 0.166429
v 0.181611 0.286658 0.159537
v -0.246285 0.219460 -0.201746
v -0.246285 0.270436 -0.201746
v -0.389177 0.263174 -0.059676
v -0.389178 0.205605 -0.059676
v -0.285913 0.189303 -0.513705
v -0.228998 0.189303 -0.524101
v -0.238495 0.277031 -0.502081
v -0.298092 0.277031 -0.491684
v 0.188714 0.277031 -0.233895
v 0.188714 0.219460 -0.233895
v 0.222717 0.174477 -0.484207
v 0.238495 0.277031 -0.502081
v 0.231198 0.209622 -0.519001
v 0.279588 0.174477 -0.475253
v 0.246285 0.219460 -0.201746
v 0.246285 0.270436 -0.201746
v 0.298092 0.277031 -0.491684
v 0.288734 0.209622 -0.508604
v -0.188714 0.277031 -0.233895
v -0.222717 0.174477 -0.484207
v -0.188714 0.219460 -0.233895
v -0.238495 0.277031 -0.502081
v -0.228998 0.189303 -0.524101
v -0.279588 0.174477 -0.475253
v -0.246285 0.270436 -0.201746
v -0.246285 0.219460 -0.201746
v -0.298092 0.277031 -0.491684
v -0.285913 0.189303 -0.513705
v -0.188714 0.219460 -0.233895
v 0.188714 0.219460 -0.233895
v 0.188714 0.277031 -0.233895
v -0.188714 0.277031 -0.233895
v -0.280005 0.286714 -0.335936
v -0.204005 0.286714 -0.347902
v -0.189176 0.286714 -0.253714
v -0.265176 0.286714 -0.241748
v 0.225500 0.286714 -0.484431
v 0.225500 0.209777 -0.484431
v 0.301500 0.209777 -0.472465
v 0.301500 0.286714 -0.472465
v -0.265176 0.209777 -0.241748
v -0.280005 0.209777 -0.335936
v -0.280005 0.286714 -0.335936
v -0.265176 0.286714 -0.241748
v -0.298092 0.277031 -0.491684
v -0.238495 0.277031 -0.502081
v -0.188714 0.277031 -0.233895
v -0.246285 0.270436 -0.201746
v -0.389177 0.263174 -0.059676
v 0.389177 0.263174 -0.059676
v 0.188714 0.277031 -0.233895
v 0.246285 0.270436 -0.201746
v 0.298092 0.277031 -0.491684
v 0.238495 0.277031 -0.502081
v 0.286671 0.209777 -0.378278
v 0.286671 0.286714 -0.378278
v 0.301500 0.286714 -0.472465
v 0.301500 0.209777 -0.472465
v 0.246285 0.219460 -0.201746
v 0.389178 0.205605 -0.059676
v 0.389177 0.263174 -0.059676
v 0.246285 0.270436 -0.201746
v 0.210671 0.209777 -0.390243
v 0.210671 0.286714 -0.390243
v 0.286671 0.286714 -0.378278
v 0.286671 0.209777 -0.378278
v 0.288734 0.209622 -0.508604
v 0.298092 0.277031 -0.491684
v 0.238495 0.277031 -0.502081
v 0.231198 0.209622 -0.519001
v 0.210671 0.286714 -0.390243
v 0.225500 0.286714 -0.484431
v 0.301500 0.286714 -0.472465
v 0.286671 0.286714 -0.378278
v -0.189176 0.209777 -0.253714
v -0.265176 0.209777 -0.241748
v -0.265176 0.286714 -0.241748
v -0.189176 0.286714 -0.253714
v -0.189176 0.286714 -0.253714
v -0.204005 0.286714 -0.347902
v -0.204005 0.209777 -0.347902
v -0.189176 0.209777 -0.253714
v 0.210671 0.286714 -0.390243
v 0.210671 0.209777 -0.390243
v 0.225500 0.209777 -0.484431
v 0.225500 0.286714 -0.484431
v -0.204005 0.286714 -0.347902
v -0.280005 0.286714 -0.335936
v -0.280005 0.209777 -0.335936
v -0.204005 0.209777 -0.347902
v -0.157889 -0.228244 -0.388897
v -0.203073 -0.208165 -0.388897
v -0.203073 -0.208165 0.146293
v -0.157889 -0.250565 0.102844
v 0.157889 -0.228244 -0.388897
v 0.157889 -0.250565 0.102844
v 0.203073 -0.208165 -0.388897
v 0.203073 -0.208165 0.146293
v -0.157889 -0.250565 0.102844
v -0.203073 -0.208165 0.146293
v 0.203073 -0.208165 0.146293
v 0.157889 -0.250565 0.102844
v -0.199083 -0.246583 -0.558272
v -0.243488 -0.160521 -0.380411
v -0.198744 -0.246583 -0.380411
v -0.243904 -0.160521 -0.558285
v -0.243904 0.160521 -0.558285
v -0.243488 0.160521 -0.380411
v -0.199083 0.246583 -0.558272
v -0.198744 0.246583 -0.380411
v -0.222722 -0.093375 -0.558254
v -0.457719 -0.254173 -0.460676
v -0.215734 -0.254173 -0.535720
v -0.464707 -0.093375 -0.483210
v -0.464707 0.093366 -0.483210
v -0.222722 0.093366 -0.558254
v -0.455823 0.262328 -0.454563
v -0.213838 0.262328 -0.529607
v 0.394752 -0.218859 0.217856
v -0.394752 -0.218858 -0.109016
v -0.394752 -0.218859 0.217856
v 0.394752 -0.218858 -0.109016
v -0.301098 -0.218858 -0.272215
v 0.301098 -0.218858 -0.272215
v -0.000000 -0.218858 -0.421944
v -0.141245 -0.218858 -0.455816
v -0.301098 -0.218858 -0.501618
v -0.141245 -0.218858 -0.501618
v 0.141245 -0.218858 -0.455816
v 0.301098 -0.218858 -0.501618
v 0.141245 -0.218858 -0.501618
v 0.183490 -0.262337 -0.431749
v 0.457719 -0.254173 -0.460676
v 0.215734 -0.254173 -0.535720
v 0.425475 -0.262337 -0.356705
v 0.176001 -0.243291 -0.278877
v 0.345151 -0.243291 -0.226420
v 0.394752 0.225497 0.217856
v -0.394752 0.225497 0.217856
v 0.394752 0.225497 -0.109016
v -0.394752 0.225497 -0.109016
v 0.301098 0.225497 -0.272215
v -0.301098 0.225497 -0.272215
v -0.000000 0.225497 -0.421944
v 0.141245 0.225497 -0.479832
v 0.301098 0.225497 -0.501618
v 0.141245 0.225497 -0.501618
v -0.141245 0.225497 -0.479832
v -0.301098 0.225497 -0.501618
v -0.141245 0.225497 -0.501618
v 0.301098 -0.187231 -0.479832
v 0.141245 -0.187231 -0.455816
v 0.141245 -0.187231 -0.479832
v 0.301098 -0.187231 -0.272215
v -0.000000 -0.187231 -0.421944
v -0.301098 -0.187231 -0.272215
v -0.141245 -0.187231 -0.455816
v -0.301098 -0.187231 -0.479832
v -0.141245 -0.187231 -0.479832
v 0.376063 -0.187231 -0.109016
v 0.394752 -0.187231 -0.109016
v -0.376063 -0.187231 -0.109016
v -0.394752 -0.187231 -0.109016
v -0.376063 -0.187232 0.217856
v 0.376063 -0.187232 0.217856
v 0.141245 0.187223 -0.479832
v 0.141245 0.225497 -0.501618
v 0.141245 0.225497 -0.479832
v 0.141245 -0.218858 -0.501618
v 0.141245 -0.187231 -0.479832
v 0.141245 -0.218858 -0.455816
v 0.141245 -0.187231 -0.455816
v -0.351948 -0.275878 0.041572
v -0.403834 -0.240727 -0.019254
v -0.403834 -0.240725 0.041572
v -0.351948 -0.275881 -0.019254
v -0.000000 -0.297490 0.041572
v -0.000000 -0.297492 -0.019254
v 0.351948 -0.275881 -0.019254
v 0.351948 -0.275878 0.041572
v 0.403834 -0.240727 -0.019254
v 0.403834 -0.240725 0.041572
v -0.141245 -0.187231 -0.455816
v -0.141245 -0.187231 -0.479832
v -0.141245 -0.218858 -0.455816
v -0.141245 -0.218858 -0.501618
v -0.141245 0.187223 -0.479832
v -0.141245 0.225497 -0.501618
v -0.141245 0.225497 -0.479832
v -0.086963 0.415348 0.055968
v -0.149529 0.283306 0.041373
v -0.155128 0.412427 0.041683
v -0.081364 0.286228 0.055659
v -0.014128 0.289187 0.037505
v -0.019727 0.418307 0.037815
v -0.229437 -0.187283 -0.314553
v -0.285198 -0.187283 -0.494358
v -0.229437 -0.265122 -0.314553
v -0.291379 -0.265122 -0.514288
v -0.299868 -0.088377 -0.541663
v -0.299868 0.088368 -0.541663
v -0.285198 0.187274 -0.494358
v -0.291379 0.265113 -0.514288
v -0.229437 0.265113 -0.314553
v -0.229437 0.187274 -0.314553
v -0.324567 -0.265122 -0.285051
v -0.380328 -0.187283 -0.464857
v -0.324567 -0.187283 -0.285051
v -0.386509 -0.265122 -0.484787
v -0.394998 -0.088377 -0.512162
v -0.380328 0.187274 -0.464857
v -0.394998 0.088368 -0.512162
v -0.386509 0.265113 -0.484787
v -0.324567 0.265113 -0.285051
v -0.324567 0.187274 -0.285051
v -0.403834 -0.073083 -0.019254
v -0.366527 -0.210622 -0.019254
v -0.366527 -0.073083 -0.019254
v -0.403834 -0.240727 -0.019254
v -0.351948 -0.275881 -0.019254
v -0.000000 -0.297492 -0.019254
v 0.366527 -0.210622 -0.019254
v 0.351948 -0.275881 -0.019254
v 0.403834 -0.240727 -0.019254
v 0.403834 -0.073083 -0.019254
v 0.366527 -0.073083 -0.019254
v -0.213838 0.262328 -0.529607
v -0.425475 0.262328 -0.356705
v -0.455823 0.262328 -0.454563
v -0.183490 0.262328 -0.431749
v -0.176001 0.262328 -0.278877
v -0.345151 0.262328 -0.226420
v 0.403834 -0.078839 0.041572
v 0.335326 -0.210622 0.041572
v 0.335326 -0.078839 0.041572
v 0.403834 -0.240725 0.041572
v 0.351948 -0.275878 0.041572
v -0.000000 -0.297490 0.041572
v -0.335326 -0.210622 0.041572
v -0.351948 -0.275878 0.041572
v -0.403834 -0.240725 0.041572
v -0.403834 -0.078839 0.041572
v -0.335326 -0.078839 0.041572
v 0.141245 0.187223 -0.479832
v 0.301098 0.187223 -0.272215
v 0.301098 0.187223 -0.479832
v -0.000000 0.187223 -0.421944
v -0.301098 0.187223 -0.272215
v -0.141245 0.187223 -0.479832
v -0.301098 0.187223 -0.479832
v 0.375621 0.187223 -0.109016
v 0.394752 0.187223 -0.109016
v -0.375621 0.187223 -0.109016
v -0.394752 0.187223 -0.109016
v -0.375621 0.187222 0.217856
v 0.375621 0.187222 0.217856
v -0.132322 -0.168508 -0.558260
v -0.000000 -0.246583 -0.528308
v -0.000000 -0.168508 -0.528308
v 0.132322 -0.168509 -0.558260
v -0.132322 -0.246583 -0.558260
v 0.132322 -0.246583 -0.558260
v 0.199083 -0.246583 -0.558272
v 0.243904 -0.160521 -0.558285
v -0.199083 -0.246583 -0.558272
v -0.243904 -0.160521 -0.558285
v -0.243904 0.160521 -0.558285
v 0.132322 0.168508 -0.558260
v -0.132322 0.168508 -0.558260
v -0.199083 0.246583 -0.558272
v -0.132322 0.246583 -0.558260
v 0.243904 0.160520 -0.558285
v 0.199083 0.246582 -0.558272
v 0.132322 0.246583 -0.558260
v -0.000000 0.176739 -0.505430
v -0.000000 0.254813 -0.505430
v -0.394752 -0.218859 0.217856
v -0.394752 0.187223 -0.109016
v -0.394752 0.225497 0.217856
v -0.394752 0.225497 -0.109016
v -0.301098 0.187223 -0.272215
v -0.301098 0.225497 -0.272215
v -0.394752 -0.187231 -0.109016
v -0.394752 -0.218858 -0.109016
v -0.301098 0.187223 -0.479832
v -0.301098 0.225497 -0.501618
v -0.301098 -0.218858 -0.501618
v -0.301098 -0.187231 -0.479832
v -0.301098 -0.218858 -0.272215
v -0.301098 -0.187231 -0.272215
v 0.301098 -0.187231 -0.272215
v 0.301098 -0.187231 -0.479832
v 0.301098 -0.218858 -0.272215
v 0.394752 -0.187231 -0.109016
v 0.301098 -0.218858 -0.501618
v 0.394752 -0.218858 -0.109016
v 0.394752 -0.218859 0.217856
v 0.301098 0.187223 -0.479832
v 0.301098 0.225497 -0.501618
v 0.394752 0.187223 -0.109016
v 0.301098 0.225497 -0.272215
v 0.301098 0.187223 -0.272215
v 0.394752 0.225497 0.217856
v 0.394752 0.225497 -0.109016
v 0.132097 -0.168509 -0.380411
v 0.243488 -0.160521 -0.380411
v 0.198744 -0.246583 -0.380411
v 0.243488 0.160520 -0.380411
v -0.000000 -0.199682 -0.353681
v -0.000000 -0.246583 -0.353681
v -0.000000 -0.168508 -0.353681
v 0.132097 0.168508 -0.380411
v -0.132097 -0.168508 -0.380411
v 0.198744 0.246582 -0.380411
v -0.198744 -0.246583 -0.380411
v -0.243488 -0.160521 -0.380411
v -0.243488 0.160521 -0.380411
v -0.132097 0.168508 -0.380411
v -0.000000 0.254813 -0.331683
v -0.198744 0.246583 -0.380411
v -0.000000 0.207912 -0.331683
v -0.000000 0.176739 -0.331683
v -0.394752 -0.218859 0.217856
v -0.376063 -0.187232 0.217856
v 0.376063 -0.187232 0.217856
v -0.375621 0.187222 0.217856
v 0.394752 -0.218859 0.217856
v -0.394752 0.225497 0.217856
v 0.375621 0.187222 0.217856
v 0.394752 0.225497 0.217856
vt 0.345227987 0.369780004
vt 0.345227987 0.369780004
vt 0.345227987 0.369780004
vt 0.345227987 0.369780004
vt 0.345227987 0.369780004
vt 0.345227987 0.369780004
vt 0.345227987 0.369780004
vt 0.345227987 0.369780004
vt 0.345227987 0.369780004
vt 0.345227987 0.369780004
vt 0.345227987 0.369780004
vt 0.345227987 0.369780004
vt 0.345227987 0.369780004
vt 0.345227987 0.369780004
vt 0.345227987 0.369780004
vt 0.345227987 0.369780004
vt 0.345227987 0.369780004
vt 0.345227987 0.369780004
vt 0.345227987 0.369780004
vt 0.345227987 0.369780004
vt 0.345227987 0.369780004
vt 0.345227987 0.369780004
vt 0.345227987 0.369780004
vt 0.345227987 0.369780004
vt 0.345227987 0.369780004
vt 0.345227987 0.369780004
vt 0.190027997 0.897980988
vt 0.190027997 0.897980988
vt 0.190027997 0.897980988
vt 0.190027997 0.897980988
vt 0.190027997 0.897980988
vt 0.190027997 0.897980988
vt 0.190027997 0.897980988
vt 0.190027997 0.897980988
vt 0.190027997 0.897980988
vt 0.190027997 0.897980988
vt 0.190027997 0.897980988
vt 0.190027997 0.897980988
vt 0.190027997 0.897980988
vt 0.190027997 0.897980988
vt 0.190027997 0.897980988
vt 0.190027997 0.897980988
vt 0.190027997 0.647980988
vt 0.190027997 0.647980988
vt 0.190027997 0.647980988
vt 0.190027997 0.647980988
vt 0.190027997 0.647980988
vt 0.190027997 0.647980988
vt 0.345227987 0.369780004
vt 0.345227987 0.369780004
vt 0.345227987 0.369780004
vt 0.345227987 0.369780004
vt 0.190027997 0.897980988
vt 0.190027997 0.897980988
vt 0.190027997 0.897980988
vt 0.190027997 0.897980988
vt 0.0718749985 0.362500012
vt 0.0718749985 0.362500012
vt 0.0718749985 0.362500012
vt 0.0718749985 0.362500012
vt 0.0718749985 0.362500012
vt 0.0718749985 0.362500012
vt 0.0718749985 0.362500012
vt 0.0718749985 0.362500012
vt 0.345227987 0.369780004
vt 0.345227987 0.369780004
vt 0.345227987 0.369780004
vt 0.345227987 0.369780004
vt 0.345227987 0.369780004
vt 0.345227987 0.369780004
vt 0.345227987 0.369780004
vt 0.345227987 0.369780004
vt 0.345227987 0.369780004
vt 0.345227987 0.369780004
vt 0.345227987 0.369780004
vt 0.345227987 0.369780004
vt 0.345227987 0.369780004
vt 0.345227987 0.369780004
vt 0.345227987 0.369780004
vt 0.345227987 0.369780004
vt 0.345227987 0.369780004
vt 0.345227987 0.369780004
vt 0.345227987 0.369780004
vt 0.345227987 0.369780004
vt 0.345227987 0.369780004
vt 0.345227987 0.369780004
vt 0.190027997 0.897980988
vt 0.190027997 0.897980988
vt 0.190027997 0.897980988
vt 0.190027997 0.897980988
vt 0.190027997 0.897980988
vt 0.190027997 0.897980988
vt 0.190027997 0.897980988
vt 0.190027997 0.897980988
vt 0.193749994 0.368750006
vt 0.193749994 0.368750006
vt 0.193749994 0.368750006
vt 0.193749994 0.368750006
vt 0.193749994 0.368750006
vt 0.345227987 0.369780004
vt 0.345227987 0.369780004
vt 0.345227987 0.369780004
vt 0.345227987 0.369780004
vt 0.0718749985 0.362500012
vt 0.0718749985 0.362500012
vt 0.0718749985 0.362500012
vt 0.0718749985 0.362500012
vt 0.190027997 0.897980988
vt 0.190027997 0.897980988
vt 0.190027997 0.897980988
vt 0.190027997 0.897980988
vt 0.190027997 0.897980988
vt 0.190027997 0.897980988
vt 0.190027997 0.897980988
vt 0.190027997 0.897980988
vt 0.190027997 0.897980988
vt 0.190027997 0.897980988
vt 0.190027997 0.897980988
vt 0.190027997 0.897980988
vt 0.0718749985 0.362500012
vt 0.0718749985 0.362500012
vt 0.0718749985 0.362500012
vt 0.0718749985 0.362500012
vt 0.190027997 0.897980988
vt 0.190027997 0.897980988
vt 0.190027997 0.897980988
vt 0.190027997 0.897980988
vt 0.190027997 0.897980988
vt 0.190027997 0.897980988
vt 0.190027997 0.897980988
vt 0.190027997 0.897980988
vt 0.190027997 0.897980988
vt 0.190027997 0.897980988
vt 0.190027997 0.897980988
vt 0.190027997 0.897980988
vt 0.190027997 0.897980988
vt 0.190027997 0.897980988
vt 0.190027997 0.897980988
vt 0.190027997 0.897980988
vt 0.190027997 0.897980988
vt 0.190027997 0.897980988
vt 0.190027997 0.897980988
vt 0.190027997 0.897980988
vt 0.190027997 0.897980988
vt 0.190027997 0.897980988
vt 0.168750003 0.462500006
vt 0.168750003 0.462500006
vt 0.168750003 0.462500006
vt 0.168750003 0.462500006
vt 0.168750003 0.462500006
vt 0.168750003 0.462500006
vt 0.168750003 0.462500006
vt 0.168750003 0.462500006
vt 0.168750003 0.462500006
vt 0.168750003 0.462500006
vt 0.168750003 0.462500006
vt 0.168750003 0.462500006
vt 0.168750003 0.462500006
vt 0.168750003 0.462500006
vt 0.190027997 0.647980988
vt 0.190027997 0.647980988
vt 0.190027997 0.647980988
vt 0.190027997 0.647980988
vt 0.190027997 0.647980988
vt 0.190027997 0.647980988
vt 0.190027997 0.647980988
vt 0.190027997 0.647980988
vt 0.190027997 0.897980988
vt 0.190027997 0.897980988
vt 0.190027997 0.897980988
vt 0.190027997 0.897980988
vt 0.190027997 0.897980988
vt 0.190027997 0.897980988
vt 0.190027997 0.897980988
vt 0.190027997 0.897980988
vt 0.190027997 0.897980988
vt 0.190027997 0.897980988
vt 0.190027997 0.897980988
vt 0.190027997 0.897980988
vt 0.190027997 0.897980988
vt 0.190027997 0.897980988
vt 0.190027997 0.897980988
vt 0.190027997 0.897980988
vt 0.193749994 0.368750006
vt 0.193749994 0.368750006
vt 0.193749994 0.368750006
vt 0.193749994 0.368750006
vt 0.190027997 0.897980988
vt 0.190027997 0.897980988
vt 0.190027997 0.897980988
vt 0.190027997 0.897980988
vt 0.190027997 0.897980988
vt 0.190027997 0.897980988
vt 0.190027997 0.897980988
vt 0.190027997 0.897980988
vt 0.190027997 0.897980988
vt 0.190027997 0.897980988
vt 0.190027997 0.897980988
vt 0.190027997 0.897980988
vt 0.190027997 0.897980988
vt 0.190027997 0.897980988
vt 0.0718749985 0.362500012
vt 0.0718749985 0.362500012
vt 0.0718749985 0.362500012
vt 0.0718749985 0.362500012
vt 0.193749994 0.368750006
vt 0.193749994 0.368750006
vt 0.193749994 0.368750006
vt 0.193749994 0.368750006
vt 0.193749994 0.368750006
vt 0.193749994 0.368750006
vt 0.193749994 0.368750006
vt 0.193749994 0.368750006
vt 0.0718749985 0.362500012
vt 0.0718749985 0.362500012
vt 0.0718749985 0.362500012
vt 0.0718749985 0.362500012
vt 0.190027997 0.897980988
vt 0.190027997 0.897980988
vt 0.190027997 0.897980988
vt 0.190027997 0.897980988
vt 0.190027997 0.897980988
vt 0.190027997 0.897980988
vt 0.190027997 0.647980988
vt 0.190027997 0.647980988
vt 0.190027997 0.647980988
vt 0.190027997 0.647980988
vt 0.190027997 0.647980988
vt 0.190027997 0.647980988
vt 0.190027997 0.647980988
vt 0.190027997 0.647980988
vt 0.0718749985 0.362500012
vt 0.0718749985 0.362500012
vt 0.0718749985 0.362500012
vt 0.0718749985 0.362500012
vt 0.193749994 0.368750006
vt 0.193749994 0.368750006
vt 0.193749994 0.368750006
vt 0.193749994 0.368750006
vt 0.193749994 0.368750006
vt 0.193749994 0.368750006
vt 0.193749994 0.368750006
vt 0.193749994 0.368750006
vt 0.193749994 0.368750006
vt 0.193749994 0.368750006
vt 0.190027997 0.897980988
vt 0.190027997 0.897980988
vt 0.190027997 0.897980988
vt 0.190027997 0.897980988
vt 0.190027997 0.897980988
vt 0.190027997 0.897980988
vt 0.190027997 0.897980988
vt 0.190027997 0.897980988
vt 0.193749994 0.368750006
vt 0.193749994 0.368750006
vt 0.193749994 0.368750006
vt 0.193749994 0.368750006
vt 0.193749994 0.368750006
vt 0.193749994 0.368750006
vt 0.0718749985 0.362500012
vt 0.0718749985 0.362500012
vt 0.0718749985 0.362500012
vt 0.0718749985 0.362500012
vt 0.193749994 0.368750006
vt 0.193749994 0.368750006
vt 0.193749994 0.368750006
vt 0.193749994 0.368750006
vt 0.193749994 0.368750006
vt 0.193749994 0.368750006
vt 0.0718749985 0.362500012
vt 0.0718749985 0.362500012
vt 0.0718749985 0.362500012
vt 0.0718749985 0.362500012
vt 0.190027997 0.897980988
vt 0.190027997 0.897980988
vt 0.190027997 0.897980988
vt 0.190027997 0.897980988
vt 0.190027997 0.897980988
vt 0.190027997 0.897980988
vt 0.190027997 0.897980988
vt 0.190027997 0.897980988
vt 0.190027997 0.897980988
vt 0.190027997 0.897980988
vt 0.190027997 0.897980988
vt 0.190027997 0.897980988
vt 0.190027997 0.897980988
vt 0.190027997 0.897980988
vt 0.190027997 0.897980988
vt 0.190027997 0.897980988
vt 0.345227987 0.369780004
vt 0.345227987 0.369780004
vt 0.345227987 0.369780004
vt 0.345227987 0.369780004
vt 0.193749994 0.368750006
vt 0.193749994 0.368750006
vt 0.193749994 0.368750006
vt 0.193749994 0.368750006
vt 0.0718749985 0.362500012
vt 0.0718749985 0.362500012
vt 0.0718749985 0.362500012
vt 0.0718749985 0.362500012
vt 0.190027997 0.897980988
vt 0.190027997 0.897980988
vt 0.190027997 0.897980988
vt 0.190027997 0.897980988
vt 0.190027997 0.897980988
vt 0.190027997 0.897980988
vt 0.0718749985 0.362500012
vt 0.0718749985 0.362500012
vt 0.0718749985 0.362500012
vt 0.0718749985 0.362500012
vt 0.190027997 0.897980988
vt 0.190027997 0.897980988
vt 0.190027997 0.897980988
vt 0.190027997 0.897980988
vt 0.190027997 0.897980988
vt 0.190027997 0.897980988
vt 0.190027997 0.897980988
vt 0.190027997 0.897980988
vt 0.190027997 0.897980988
vt 0.190027997 0.897980988
vt 0.190027997 0.897980988
vt 0.190027997 0.897980988
vt 0.0718749985 0.362500012
vt 0.0718749985 0.362500012
vt 0.0718749985 0.362500012
vt 0.0718749985 0.362500012
vt 0.190027997 0.897980988
vt 0.190027997 0.897980988
vt 0.190027997 0.897980988
vt 0.190027997 0.897980988
vt 0.190027997 0.897980988
vt 0.190027997 0.897980988
vt 0.190027997 0.897980988
vt 0.190027997 0.897980988
vt 0.190027997 0.647980988
vt 0.190027997 0.647980988
vt 0.190027997 0.647980988
vt 0.190027997 0.647980988
vt 0.0718749985 0.362500012
vt 0.0718749985 0.362500012
vt 0.0718749985 0.362500012
vt 0.0718749985 0.362500012
vt 0.0650279969 0.897980988
vt 0.0650279969 0.897980988
vt 0.0650279969 0.897980988
vt 0.0650279969 0.897980988
vt 0.0650279969 0.897980988
vt 0.0650279969 0.897980988
vt 0.0650279969 0.897980988
vt 0.0650279969 0.897980988
vt 0.0650279969 0.897980988
vt 0.0650279969 0.897980988
vt 0.0650279969 0.897980988
vt 0.0650279969 0.897980988
vt 0.0650279969 0.897980988
vt 0.0650279969 0.897980988
vt 0.0650279969 0.897980988
vt 0.0650279969 0.897980988
vt 0.0650279969 0.897980988
vt 0.0650279969 0.897980988
vt 0.0650279969 0.897980988
vt 0.0650279969 0.897980988
vt 0.0650279969 0.897980988
vt 0.0650279969 0.897980988
vt 0.0650279969 0.897980988
vt 0.0650279969 0.897980988
vt 0.0650279969 0.897980988
vt 0.0650279969 0.897980988
vt 0.0650279969 0.897980988
vt 0.0650279969 0.897980988
vt 0.307727993 0.407279998
vt 0.307727993 0.407279998
vt 0.307727993 0.407279998
vt 0.307727993 0.407279998
vt 0.307727993 0.407279998
vt 0.307727993 0.407279998
vt 0.307727993 0.407279998
vt 0.307727993 0.407279998
vt 0.307727993 0.407279998
vt 0.307727993 0.407279998
vt 0.307727993 0.407279998
vt 0.307727993 0.407279998
vt 0.307727993 0.407279998
vt 0.307727993 0.407279998
vt 0.307727993 0.407279998
vt 0.307727993 0.407279998
vt 0.307727993 0.407279998
vt 0.307727993 0.407279998
vt 0.307727993 0.407279998
vt 0.307727993 0.407279998
vt 0.307727993 0.407279998
vt 0.307727993 0.407279998
vt 0.307727993 0.407279998
vt 0.307727993 0.407279998
vt 0.307727993 0.407279998
vt 0.307727993 0.407279998
vt 0.307727993 0.407279998
vt 0.307727993 0.407279998
vt 0.307727993 0.407279998
vt 0.307727993 0.407279998
vt 0.307727993 0.407279998
vt 0.307727993 0.407279998
vt 0.0638630018 0.363597006
vt 0.0638630018 0.363597006
vt 0.0638640001 0.363597006
vt 0.0638640001 0.363597006
vt 0.0638630018 0.363597006
vt 0.0638640001 0.363597006
vt 0.0638640001 0.363597006
vt 0.0638630018 0.363597006
vt 0.207417995 0.363597006
vt 0.207417995 0.363597006
vt 0.207417995 0.363597006
vt 0.207417995 0.363597006
vt 0.207414001 0.363597006
vt 0.207414001 0.363597006
vt 0.207414001 0.363597006
vt 0.207414001 0.363597006
vt 0.207415 0.363597006
vt 0.207414001 0.363597006
vt 0.207417995 0.363597006
vt 0.207417995 0.363597006
vt 0.207416996 0.363597006
vt 0.207416996 0.363597006
vt 0.207416996 0.363597006
vt 0.207416996 0.363597006
vt 0.0638680011 0.363597006
vt 0.0638689995 0.363597006
vt 0.0638689995 0.363597006
vt 0.0638680011 0.363597006
vt 0.0638640001 0.363597006
vt 0.0638640001 0.363597006
vt 0.0638640001 0.363597006
vt 0.0638640001 0.363597006
vt 0.207420006 0.363597006
vt 0.207420006 0.363597006
vt 0.207420006 0.363597006
vt 0.207420006 0.363597006
vt 0.207420006 0.363597006
vt 0.207420006 0.363597006
vt 0.207417995 0.363597006
vt 0.207414001 0.363597006
vt 0.0638640001 0.363597006
vt 0.0638680011 0.363597006
vt 0.0638680011 0.363597006
vt 0.0638630018 0.363597006
vt 0.193749994 0.368750006
vt 0.193749994 0.368750006
vt 0.193749994 0.368750006
vt 0.193749994 0.368750006
vt 0.193749994 0.368750006
vt 0.193749994 0.368750006
vt 0.193749994 0.368750006
vt 0.193749994 0.368750006
vt 0.193749994 0.368750006
vt 0.168750003 0.462500006
vt 0.168750003 0.462500006
vt 0.168750003 0.462500006
vt 0.168750003 0.462500006
vt 0.168750003 0.462500006
vt 0.168750003 0.462500006
vt 0.168750003 0.462500006
vt 0.168750003 0.462500006
vt 0.168750003 0.462500006
vt 0.168750003 0.462500006
vt 0.168750003 0.462500006
vt 0.168750003 0.462500006
vt 0.168750003 0.462500006
vt 0.168750003 0.462500006
vt 0.168750003 0.462500006
vt 0.168750003 0.462500006
vt 0.168750003 0.462500006
vt 0.168750003 0.462500006
vt 0.345227987 0.369780004
vt 0.345227987 0.369780004
vt 0.345227987 0.369780004
vt 0.345227987 0.369780004
vt 0.168750003 0.462500006
vt 0.168750003 0.462500006
vt 0.168750003 0.462500006
vt 0.168750003 0.462500006
vt 0.168750003 0.462500006
vt 0.168750003 0.462500006
vt 0.168750003 0.462500006
vt 0.168750003 0.462500006
vt 0.168750003 0.462500006
vt 0.345227987 0.369780004
vt 0.345227987 0.369780004
vt 0.345227987 0.369780004
vt 0.345227987 0.369780004
vt 0.345227987 0.369780004
vt 0.345227987 0.369780004
vt 0.345227987 0.369780004
vt 0.345227987 0.369780004
vt 0.345227987 0.369780004
vt 0.193749994 0.368750006
vt 0.193749994 0.368750006
vt 0.193749994 0.368750006
vt 0.193749994 0.368750006
vt 0.193749994 0.368750006
vt 0.193749994 0.368750006
vt 0.193749994 0.368750006
vt 0.193749994 0.368750006
vt 0.193749994 0.368750006
vt 0.193749994 0.368750006
vt 0.345227987 0.369780004
vt 0.345227987 0.369780004
vt 0.345227987 0.369780004
vt 0.345227987 0.369780004
vt 0.345227987 0.369780004
vt 0.345227987 0.369780004
vt 0.345227987 0.369780004
vt 0.345227987 0.369780004
vt 0.345227987 0.369780004
vt 0.345227987 0.369780004
vt 0.193749994 0.368750006
vt 0.193749994 0.368750006
vt 0.193749994 0.368750006
vt 0.193749994 0.368750006
vt 0.168750003 0.462500006
vt 0.168750003 0.462500006
vt 0.168750003 0.462500006
vt 0.168750003 0.462500006
vt 0.168750003 0.462500006
vt 0.168750003 0.462500006
vt 0.345227987 0.369780004
vt 0.345227987 0.369780004
vt 0.345227987 0.369780004
vt 0.345227987 0.369780004
vt 0.345227987 0.369780004
vt 0.345227987 0.369780004
vt 0.345227987 0.369780004
vt 0.345227987 0.369780004
vt 0.345227987 0.369780004
vt 0.168750003 0.462500006
vt 0.168750003 0.462500006
vt 0.168750003 0.462500006
vt 0.168750003 0.462500006
vt 0.168750003 0.462500006
vt 0.345227987 0.369780004
vt 0.345227987 0.369780004
vt 0.345227987 0.369780004
vt 0.345227987 0.369780004
vt 0.345227987 0.369780004
vt 0.345227987 0.369780004
vt 0.168750003 0.462500006
vt 0.168750003 0.462500006
vt 0.168750003 0.462500006
vt 0.168750003 0.462500006
vt 0.168750003 0.462500006
vt 0.345227987 0.369780004
vt 0.345227987 0.369780004
vt 0.345227987 0.369780004
vt 0.345227987 0.369780004
vt 0.0718749985 0.362500012
vt 0.0718749985 0.362500012
vt 0.0718749985 0.362500012
vt 0.0718749985 0.362500012
vt 0.190027997 0.897980988
vt 0.190027997 0.897980988
vt 0.190027997 0.897980988
vt 0.190027997 0.897980988
vt 0.193749994 0.368750006
vt 0.193749994 0.368750006
vt 0.193749994 0.368750006
vt 0.193749994 0.368750006
vt 0.0718749985 0.362500012
vt 0.0718749985 0.362500012
vt 0.0718749985 0.362500012
vt 0.0718749985 0.362500012
vt 0.190027997 0.647980988
vt 0.190027997 0.647980988
vt 0.190027997 0.647980988
vt 0.190027997 0.647980988
vt 0.0718749985 0.362500012
vt 0.0718749985 0.362500012
vt 0.0718749985 0.362500012
vt 0.0718749985 0.362500012
vt 0.0718749985 0.362500012
vt 0.0718749985 0.362500012
vt 0.0718749985 0.362500012
vt 0.0718749985 0.362500012
vt 0.193749994 0.368750006
vt 0.193749994 0.368750006
vt 0.193749994 0.368750006
vt 0.193749994 0.368750006
vt 0.0718749985 0.362500012
vt 0.0718749985 0.362500012
vt 0.0718749985 0.362500012
vt 0.0718749985 0.362500012
vt 0.193749994 0.368750006
vt 0.193749994 0.368750006
vt 0.193749994 0.368750006
vt 0.193749994 0.368750006
vt 0.190027997 0.647980988
vt 0.190027997 0.647980988
vt 0.190027997 0.647980988
vt 0.190027997 0.647980988
vt 0.190027997 0.647980988
vt 0.190027997 0.647980988
vt 0.190027997 0.647980988
vt 0.190027997 0.647980988
vt 0.190027997 0.647980988
vt 0.190027997 0.647980988
vt 0.190027997 0.647980988
vt 0.190027997 0.647980988
vt 0.190027997 0.647980988
vt 0.190027997 0.647980988
vt 0.193749994 0.368750006
vt 0.193749994 0.368750006
vt 0.193749994 0.368750006
vt 0.193749994 0.368750006
vt 0.193749994 0.368750006
vt 0.193749994 0.368750006
vt 0.193749994 0.368750006
vt 0.193749994 0.368750006
vt 0.0718749985 0.362500012
vt 0.0718749985 0.362500012
vt 0.0718749985 0.362500012
vt 0.0718749985 0.362500012
vt 0.0718749985 0.362500012
vt 0.0718749985 0.362500012
vt 0.0718749985 0.362500012
vt 0.0718749985 0.362500012
vt 0.332727998 0.388529986
vt 0.332727998 0.388529986
vt 0.332727998 0.388529986
vt 0.332727998 0.388529986
vt 0.332727998 0.388529986
vt 0.332727998 0.388529986
vt 0.332727998 0.388529986
vt 0.332727998 0.388529986
vt 0.332727998 0.388529986
vt 0.332727998 0.388529986
vt 0.332727998 0.388529986
vt 0.332727998 0.388529986
vt 0.332727998 0.388529986
vt 0.332727998 0.388529986
vt 0.332727998 0.388529986
vt 0.332727998 0.388529986
vt 0.332727998 0.388529986
vt 0.332727998 0.388529986
vt 0.332727998 0.388529986
vt 0.332727998 0.388529986
vt 0.332727998 0.388529986
vt 0.332727998 0.388529986
vt 0.332727998 0.388529986
vt 0.332727998 0.388529986
vt 0.332727998 0.388529986
vt 0.332727998 0.388529986
vt 0.332727998 0.388529986
vt 0.332727998 0.388529986
vt 0.332727998 0.388529986
vt 0.332727998 0.388529986
vt 0.332727998 0.388529986
vt 0.332727998 0.388529986
vt 0.313977987 0.61352998
vt 0.313977987 0.61352998
vt 0.313977987 0.61352998
vt 0.313977987 0.61352998
vt 0.313977987 0.61352998
vt 0.313977987 0.61352998
vt 0.313977987 0.61352998
vt 0.313977987 0.61352998
vt 0.313977987 0.61352998
vt 0.313977987 0.61352998
vt 0.313977987 0.61352998
vt 0.313977987 0.61352998
vt 0.332727998 0.388529986
vt 0.332727998 0.388529986
vt 0.332727998 0.388529986
vt 0.332727998 0.388529986
vt 0.332727998 0.388529986
vt 0.332727998 0.388529986
vt 0.332727998 0.388529986
vt 0.332727998 0.388529986
vt 0.332727998 0.388529986
vt 0.332727998 0.388529986
vt 0.313977987 0.61352998
vt 0.313977987 0.61352998
vt 0.313977987 0.61352998
vt 0.313977987 0.61352998
vt 0.332727998 0.388529986
vt 0.332727998 0.388529986
vt 0.332727998 0.388529986
vt 0.332727998 0.388529986
vt 0.313977987 0.61352998
vt 0.313977987 0.61352998
vt 0.313977987 0.61352998
vt 0.313977987 0.61352998
vt 0.332727998 0.388529986
vt 0.332727998 0.388529986
vt 0.332727998 0.388529986
vt 0.332727998 0.388529986
vt 0.313977987 0.61352998
vt 0.313977987 0.61352998
vt 0.313977987 0.61352998
vt 0.313977987 0.61352998
vt 0.313977987 0.61352998
vt 0.313977987 0.61352998
vt 0.313977987 0.61352998
vt 0.313977987 0.61352998
vt 0.313977987 0.61352998
vt 0.313977987 0.61352998
vt 0.313977987 0.61352998
vt 0.313977987 0.61352998
vt 0.313977987 0.61352998
vt 0.313977987 0.61352998
vt 0.313977987 0.61352998
vt 0.313977987 0.61352998
vt 0.313977987 0.61352998
vt 0.313977987 0.61352998
vt 0.313977987 0.61352998
vt 0.313977987 0.61352998
vt 0.0650279969 0.897980988
vt 0.0650279969 0.897980988
vt 0.0650279969 0.897980988
vt 0.0650279969 0.897980988
vt 0.0650279969 0.897980988
vt 0.0650279969 0.897980988
vt 0.0650279969 0.897980988
vt 0.0650279969 0.897980988
vt 0.0650279969 0.897980988
vt 0.0650279969 0.897980988
vt 0.0650279969 0.897980988
vt 0.0650279969 0.897980988
vt 0.190027997 0.897980988
vt 0.190027997 0.897980988
vt 0.190027997 0.897980988
vt 0.190027997 0.897980988
vt 0.190027997 0.897980988
vt 0.190027997 0.897980988
vt 0.190027997 0.897980988
vt 0.190027997 0.897980988
vt 0.190027997 0.897980988
vt 0.190027997 0.897980988
vt 0.190027997 0.897980988
vt 0.190027997 0.897980988
vt 0.190027997 0.897980988
vt 0.190027997 0.897980988
vt 0.190027997 0.897980988
vt 0.190027997 0.897980988
vt 0.190027997 0.647980988
vt 0.190027997 0.647980988
vt 0.190027997 0.647980988
vt 0.190027997 0.647980988
vt 0.190027997 0.647980988
vt 0.190027997 0.647980988
vt 0.190027997 0.647980988
vt 0.190027997 0.647980988
vt 0.190027997 0.647980988
vt 0.190027997 0.647980988
vt 0.190027997 0.647980988
vt 0.190027997 0.647980988
vt 0.190027997 0.647980988
vt 0.190027997 0.897980988
vt 0.190027997 0.897980988
vt 0.190027997 0.897980988
vt 0.190027997 0.897980988
vt 0.190027997 0.897980988
vt 0.190027997 0.897980988
vt 0.190027997 0.647980988
vt 0.190027997 0.647980988
vt 0.190027997 0.647980988
vt 0.190027997 0.647980988
vt 0.190027997 0.647980988
vt 0.190027997 0.647980988
vt 0.190027997 0.647980988
vt 0.190027997 0.647980988
vt 0.190027997 0.647980988
vt 0.190027997 0.647980988
vt 0.190027997 0.647980988
vt 0.190027997 0.647980988
vt 0.190027997 0.647980988
vt 0.190027997 0.647980988
vt 0.190027997 0.647980988
vt 0.190027997 0.647980988
vt 0.190027997 0.647980988
vt 0.190027997 0.647980988
vt 0.190027997 0.647980988
vt 0.190027997 0.647980988
vt 0.190027997 0.647980988
vt 0.190027997 0.647980988
vt 0.190027997 0.647980988
vt 0.190027997 0.647980988
vt 0.190027997 0.647980988
vt 0.190027997 0.647980988
vt 0.190027997 0.647980988
vt 0.190027997 0.647980988
vt 0.190027997 0.647980988
vt 0.190027997 0.647980988
vt 0.190027997 0.647980988
vt 0.190027997 0.647980988
vt 0.190027997 0.647980988
vt 0.190027997 0.647980988
vt 0.190027997 0.647980988
vt 0.345227987 0.369780004
vt 0.345227987 0.369780004
vt 0.345227987 0.369780004
vt 0.345227987 0.369780004
vt 0.345227987 0.369780004
vt 0.345227987 0.369780004
vt 0.345227987 0.369780004
vt 0.345227987 0.369780004
vt 0.345227987 0.369780004
vt 0.345227987 0.369780004
vt 0.190027997 0.647980988
vt 0.190027997 0.647980988
vt 0.190027997 0.647980988
vt 0.190027997 0.647980988
vt 0.190027997 0.647980988
vt 0.190027997 0.647980988
vt 0.190027997 0.647980988
vt 0.193749994 0.368750006
vt 0.193749994 0.368750006
vt 0.193749994 0.368750006
vt 0.193749994 0.368750006
vt 0.193749994 0.368750006
vt 0.193749994 0.368750006
vt 0.0650279969 0.897980988
vt 0.0650279969 0.897980988
vt 0.0650279969 0.897980988
vt 0.0650279969 0.897980988
vt 0.0650279969 0.897980988
vt 0.0650279969 0.897980988
vt 0.0650279969 0.897980988
vt 0.0650279969 0.897980988
vt 0.0650279969 0.897980988
vt 0.0650279969 0.897980988
vt 0.0650279969 0.897980988
vt 0.0650279969 0.897980988
vt 0.0650279969 0.897980988
vt 0.0650279969 0.897980988
vt 0.0650279969 0.897980988
vt 0.0650279969 0.897980988
vt 0.0650279969 0.897980988
vt 0.0650279969 0.897980988
vt 0.0650279969 0.897980988
vt 0.0650279969 0.897980988
vt 0.345227987 0.369780004
vt 0.345227987 0.369780004
vt 0.345227987 0.369780004
vt 0.345227987 0.369780004
vt 0.345227987 0.369780004
vt 0.345227987 0.369780004
vt 0.345227987 0.369780004
vt 0.345227987 0.369780004
vt 0.345227987 0.369780004
vt 0.345227987 0.369780004
vt 0.345227987 0.369780004
vt 0.190027997 0.897980988
vt 0.190027997 0.897980988
vt 0.190027997 0.897980988
vt 0.190027997 0.897980988
vt 0.190027997 0.897980988
vt 0.190027997 0.897980988
vt 0.345227987 0.369780004
vt 0.345227987 0.369780004
vt 0.345227987 0.369780004
vt 0.345227987 0.369780004
vt 0.345227987 0.369780004
vt 0.345227987 0.369780004
vt 0.345227987 0.369780004
vt 0.345227987 0.369780004
vt 0.345227987 0.369780004
vt 0.345227987 0.369780004
vt 0.345227987 0.369780004
vt 0.190027997 0.647980988
vt 0.190027997 0.647980988
vt 0.190027997 0.647980988
vt 0.190027997 0.647980988
vt 0.190027997 0.647980988
vt 0.190027997 0.647980988
vt 0.190027997 0.647980988
vt 0.190027997 0.647980988
vt 0.190027997 0.647980988
vt 0.190027997 0.647980988
vt 0.190027997 0.647980988
vt 0.190027997 0.647980988
vt 0.190027997 0.647980988
vt 0.190027997 0.897980988
vt 0.190027997 0.897980988
vt 0.190027997 0.897980988
vt 0.190027997 0.897980988
vt 0.190027997 0.897980988
vt 0.190027997 0.897980988
vt 0.190027997 0.897980988
vt 0.190027997 0.897980988
vt 0.190027997 0.897980988
vt 0.190027997 0.897980988
vt 0.190027997 0.897980988
vt 0.190027997 0.897980988
vt 0.190027997 0.897980988
vt 0.190027997 0.897980988
vt 0.190027997 0.897980988
vt 0.190027997 0.897980988
vt 0.190027997 0.897980988
vt 0.190027997 0.897980988
vt 0.190027997 0.897980988
vt 0.190027997 0.897980988
vt 0.190027997 0.647980988
vt 0.190027997 0.647980988
vt 0.190027997 0.647980988
vt 0.190027997 0.647980988
vt 0.190027997 0.647980988
vt 0.190027997 0.647980988
vt 0.190027997 0.647980988
vt 0.190027997 0.647980988
vt 0.190027997 0.647980988
vt 0.190027997 0.647980988
vt 0.190027997 0.647980988
vt 0.190027997 0.647980988
vt 0.190027997 0.647980988
vt 0.190027997 0.647980988
vt 0.190027997 0.647980988
vt 0.190027997 0.647980988
vt 0.190027997 0.647980988
vt 0.190027997 0.647980988
vt 0.190027997 0.647980988
vt 0.190027997 0.647980988
vt 0.190027997 0.647980988
vt 0.190027997 0.647980988
vt 0.190027997 0.647980988
vt 0.190027997 0.647980988
vt 0.190027997 0.647980988
vt 0.190027997 0.647980988
vt 0.190027997 0.647980988
vt 0.190027997 0.647980988
vt 0.190027997 0.897980988
vt 0.190027997 0.897980988
vt 0.190027997 0.897980988
vt 0.190027997 0.897980988
vt 0.190027997 0.897980988
vt 0.190027997 0.897980988
vt 0.190027997 0.897980988
vt 0.190027997 0.897980988
vt 0.190027997 0.897980988
vt 0.190027997 0.897980988
vt 0.190027997 0.897980988
vt 0.190027997 0.897980988
vt 0.190027997 0.897980988
vt 0.190027997 0.897980988
vt 0.190027997 0.897980988
vt 0.190027997 0.897980988
vt 0.190027997 0.897980988
vt 0.190027997 0.897980988
vt 0.190027997 0.647980988
vt 0.190027997 0.647980988
vt 0.190027997 0.647980988
vt 0.190027997 0.647980988
vt 0.190027997 0.647980988
vt 0.190027997 0.647980988
vt 0.190027997 0.647980988
vt 0.190027997 0.647980988
vn 0.314796 0.129257 -0.940317
vn 0.233330 0.211597 -0.949096
vn -0.045751 0.315775 -0.947731
vn 0.559261 0.070369 -0.826000
vn 0.476133 0.027880 -0.878931
vn 0.670652 -0.041673 -0.740600
vn 0.676241 0.002086 -0.736677
vn 0.885848 -0.016021 -0.463700
vn 0.927417 -0.000000 -0.374028
vn 0.998116 -0.000000 -0.061363
vn 0.985758 0.009316 0.167910
vn 0.925647 0.013288 0.378155
vn 0.925948 0.026574 0.376714
vn -0.314796 0.129257 -0.940317
vn 0.045751 0.315775 -0.947731
vn -0.233330 0.211597 -0.949096
vn -0.476133 0.027880 -0.878931
vn -0.559261 0.070369 -0.826000
vn -0.670652 -0.041673 -0.740600
vn -0.676241 0.002086 -0.736677
vn -0.885848 -0.016021 -0.463700
vn -0.927417 -0.000000 -0.374028
vn -0.998116 -0.000000 -0.061363
vn -0.985758 0.009316 0.167910
vn -0.925647 0.013288 0.378155
vn -0.925948 0.026574 0.376714
vn 0.999999 -0.000000 -0.001265
vn 0.999999 -0.000000 -0.001265
vn 0.999999 -0.000000 -0.001265
vn 0.999999 -0.000000 -0.001265
vn -0.991212 -0.000000 -0.132285
vn -0.998802 -0.000000 -0.048930
vn -0.998802 -0.000000 -0.048930
vn -0.971805 -0.000000 -0.235785
vn -0.955124 -0.000000 -0.296206
vn -0.955124 -0.000000 -0.296205
vn -0.968759 -0.000000 -0.248005
vn -0.955124 -0.000000 -0.296206
vn -0.955124 -0.000000 -0.296207
vn -0.991212 -0.000000 -0.132286
vn -0.998802 -0.000000 -0.048930
vn -0.998802 -0.000000 -0.048930
vn 0.379227 -0.000000 -0.925303
vn 0.379227 -0.000000 -0.925303
vn -0.000000 -0.000000 -1.000000
vn -0.000000 -0.000000 -1.000000
vn -0.379227 -0.000000 -0.925303
vn -0.379227 -0.000000 -0.925303
vn -1.000000 0.000000 -0.000000
vn -1.000000 0.000000 -0.000000
vn -1.000000 0.000000 -0.000000
vn -1.000000 0.000000 -0.000000
vn 0.296204 0.000000 0.955125
vn 0.296204 0.000000 0.955125
vn 0.296204 0.000000 0.955125
vn 0.296204 0.000000 0.955125
vn 0.051086 0.068361 -0.996352
vn 0.051084 0.068365 -0.996352
vn 0.051086 0.068361 -0.996352
vn 0.051089 0.068356 -0.996352
vn 0.991924 0.107758 -0.066898
vn 0.991924 0.107762 -0.066896
vn 0.991924 0.107758 -0.066898
vn 0.991924 0.107754 -0.066899
vn -0.114465 -0.952018 -0.283828
vn -0.116734 -0.951745 -0.283821
vn -0.054395 -0.987285 -0.149362
vn -0.037802 -0.994699 -0.095631
vn 0.004481 -0.999942 -0.009821
vn 0.004376 -0.999967 -0.006827
vn 0.028303 -0.997032 -0.071602
vn -0.007856 -0.999956 0.005044
vn -0.247314 -0.967129 0.059128
vn -0.184768 -0.977519 0.101578
vn -0.467532 -0.878886 0.094732
vn -0.582355 -0.812934 0.000000
vn -0.005602 -0.999909 -0.012277
vn 0.054395 -0.987285 -0.149362
vn 0.114465 -0.952018 -0.283828
vn 0.116734 -0.951745 -0.283821
vn -0.004376 -0.999967 -0.006827
vn 0.007856 -0.999956 0.005044
vn 0.247314 -0.967129 0.059128
vn 0.184768 -0.977519 0.101578
vn 0.467532 -0.878886 0.094732
vn 0.582355 -0.812934 0.000000
vn 0.971360 0.237603 0.002173
vn 0.887250 0.461285 0.001691
vn 0.887088 0.461597 0.001883
vn 0.971318 0.237774 0.002272
vn 0.987438 -0.157991 0.002309
vn 0.948838 -0.315756 0.002088
vn 0.887088 -0.461597 0.001883
vn 0.887250 -0.461285 0.001691
vn 0.107312 0.994145 0.012623
vn 0.107310 0.994145 0.012625
vn 0.107313 0.994145 0.012626
vn 0.107312 0.994145 0.012622
vn 0.107317 0.994145 0.012620
vn -0.999185 -0.040366 0.000000
vn -0.999185 -0.040368 0.000000
vn -0.999185 -0.040366 0.000000
vn -0.999185 -0.040364 0.000000
vn 0.025916 0.059651 0.997883
vn 0.025915 0.059651 0.997883
vn 0.025916 0.059651 0.997883
vn 0.025916 0.059650 0.997883
vn 0.851225 0.000000 0.524801
vn 0.851225 0.000000 0.524801
vn 0.892130 0.000000 0.451779
vn 0.934691 0.000000 0.355462
vn 0.955124 0.000000 0.296206
vn 0.955124 0.000000 0.296205
vn 0.939093 0.000000 0.343663
vn 0.955124 0.000000 0.296206
vn 0.955124 0.000000 0.296207
vn 0.892130 0.000000 0.451780
vn 0.851225 0.000000 0.524801
vn 0.851225 0.000000 0.524802
vn 0.062432 0.044302 0.997065
vn 0.062432 0.044302 0.997065
vn 0.062432 0.044302 0.997065
vn 0.062432 0.044303 0.997065
vn 0.991212 -0.000000 -0.132286
vn 0.998802 -0.000000 -0.048930
vn 0.998802 -0.000000 -0.048930
vn 0.971805 -0.000000 -0.235785
vn 0.955124 -0.000000 -0.296207
vn 0.955124 -0.000000 -0.296206
vn 0.968759 -0.000000 -0.248004
vn 0.955124 -0.000000 -0.296205
vn 0.955124 -0.000000 -0.296206
vn 0.991212 -0.000000 -0.132285
vn 0.998802 -0.000000 -0.048930
vn 0.998802 -0.000000 -0.048930
vn 0.017863 -0.998180 0.057600
vn 0.037749 -0.991846 0.121722
vn 0.037749 -0.991846 0.121722
vn -0.002195 -0.999973 -0.007079
vn -0.022152 -0.997199 -0.071432
vn -0.022152 -0.997199 -0.071432
vn -0.296202 0.000000 0.955125
vn -0.296202 0.000000 0.955125
vn -0.296202 0.000000 0.955125
vn -0.296202 0.000000 0.955125
vn 0.098795 0.000000 0.995108
vn 0.098795 0.000000 0.995108
vn 0.089597 0.003032 0.995973
vn 0.091056 0.006064 0.995827
vn 0.055224 0.003033 0.998469
vn 0.053761 0.000000 0.998554
vn -0.000000 0.000000 1.000000
vn -0.000000 0.000000 1.000000
vn -0.055224 0.003033 0.998469
vn -0.053761 0.000000 0.998554
vn -0.089597 0.003032 0.995973
vn -0.091056 0.006064 0.995827
vn -0.098795 0.000000 0.995108
vn -0.098795 0.000000 0.995108
vn -0.000000 -0.000000 -1.000000
vn -0.000000 -0.000000 -1.000000
vn -0.000000 -0.000000 -1.000000
vn -0.000000 -0.000000 -1.000000
vn -0.000000 -0.000000 -1.000000
vn -0.000000 -0.000000 -1.000000
vn -0.000000 -0.000000 -1.000000
vn -0.000000 -0.000000 -1.000000
vn -0.000000 -1.000000 0.000000
vn -0.000000 -1.000000 0.000000
vn -0.000000 -1.000000 0.000000
vn -0.000000 -1.000000 0.000000
vn -0.000000 -1.000000 0.000000
vn -0.000000 -1.000000 0.000000
vn -0.000000 -1.000000 0.000000
vn -0.000000 -1.000000 0.000000
vn -0.000000 1.000000 -0.000000
vn -0.000000 1.000000 -0.000000
vn -0.000000 1.000000 -0.000000
vn -0.000000 1.000000 -0.000000
vn -0.000000 -1.000000 0.000000
vn -0.000000 -1.000000 0.000000
vn -0.000000 -1.000000 0.000000
vn -0.000000 -1.000000 0.000000
vn 0.991923 0.107760 -0.066902
vn 0.991923 0.107760 -0.066902
vn 0.991923 0.107760 -0.066902
vn 0.991923 0.107760 -0.066902
vn -0.000000 1.000000 -0.000000
vn -0.027029 0.999584 -0.010095
vn -0.031813 0.999471 -0.006729
vn -0.000000 0.999949 -0.010101
vn -0.000000 1.000000 -0.000000
vn 0.031816 0.999471 -0.006727
vn 0.027030 0.999584 -0.010092
vn -0.000000 1.000000 -0.000000
vn -0.000000 1.000000 -0.000000
vn -0.000000 1.000000 -0.000000
vn -0.000000 1.000000 -0.000000
vn -0.000000 1.000000 -0.000000
vn -0.000000 1.000000 -0.000000
vn -0.000000 1.000000 -0.000000
vn 0.005621 0.060600 -0.998146
vn 0.005621 0.060600 -0.998146
vn 0.005621 0.060600 -0.998146
vn 0.005621 0.060600 -0.998146
vn -0.995726 0.092355 -0.000000
vn -0.995726 0.092355 -0.000000
vn -0.995726 0.092355 -0.000000
vn -0.995726 0.092355 -0.000000
vn 0.009109 0.098215 -0.995124
vn 0.009110 0.098215 -0.995124
vn 0.009109 0.098215 -0.995124
vn 0.009109 0.098214 -0.995124
vn -0.998652 -0.043373 0.028528
vn -0.998652 -0.043371 0.028528
vn -0.998652 -0.043373 0.028528
vn -0.998651 -0.043374 0.028529
vn -0.000000 1.000000 -0.000000
vn -0.000000 1.000000 -0.000000
vn -0.000000 1.000000 -0.000000
vn -0.000000 1.000000 -0.000000
vn -0.000000 1.000000 -0.000000
vn -0.000000 1.000000 -0.000000
vn -0.000000 0.000000 1.000000
vn -0.000000 0.000000 1.000000
vn -0.000000 0.000000 1.000000
vn -0.000000 0.000000 1.000000
vn -0.000000 -0.000000 -1.000000
vn -0.000000 -0.000000 -1.000000
vn -0.000000 -0.000000 -1.000000
vn -0.000000 -0.000000 -1.000000
vn -0.993224 0.107756 -0.043533
vn -0.993224 0.107759 -0.043531
vn -0.993224 0.107756 -0.043533
vn -0.993224 0.107753 -0.043534
vn -0.043315 0.999059 0.002394
vn -0.043317 0.999058 0.002394
vn -0.043313 0.999059 0.002394
vn -0.043319 0.999058 0.002394
vn -0.043322 0.999058 0.002394
vn -0.106982 0.994146 0.015147
vn -0.106985 0.994145 0.015146
vn -0.106986 0.994145 0.015149
vn -0.106984 0.994145 0.015144
vn -0.106989 0.994145 0.015142
vn -0.000000 -1.000000 0.000000
vn -0.000000 -1.000000 0.000000
vn -0.000000 -1.000000 0.000000
vn -0.000000 -1.000000 0.000000
vn -0.296204 0.000000 0.955125
vn -0.296204 0.000000 0.955125
vn -0.296204 0.000000 0.955125
vn -0.296204 0.000000 0.955125
vn 0.187797 -0.032736 0.981662
vn 0.187797 -0.032736 0.981662
vn -0.044639 -0.007867 0.998972
vn -0.044640 -0.007867 0.998972
vn -0.274622 0.017435 0.961394
vn -0.274620 0.017436 0.961395
vn -0.031189 0.061959 -0.997591
vn -0.031189 0.061959 -0.997591
vn -0.031189 0.061959 -0.997591
vn -0.031189 0.061960 -0.997591
vn 0.231791 -0.021499 0.972528
vn 0.231791 -0.021499 0.972528
vn 0.079196 -0.007346 0.996832
vn -0.079192 0.007345 0.996832
vn -0.231787 0.021499 0.972529
vn -0.231787 0.021499 0.972529
vn 0.998652 0.043373 -0.028528
vn 0.998652 0.043371 -0.028529
vn 0.998652 0.043373 -0.028528
vn 0.998652 0.043374 -0.028528
vn -0.296204 0.000000 0.955125
vn -0.296204 0.000000 0.955125
vn -0.296204 0.000000 0.955125
vn -0.296204 0.000000 0.955125
vn 0.291643 0.174781 -0.940423
vn 0.291643 0.174781 -0.940423
vn 0.294170 0.116921 -0.948574
vn 0.295695 0.058460 -0.953492
vn 0.295416 -0.072777 -0.952593
vn 0.295417 -0.072777 -0.952593
vn 0.293064 -0.145168 -0.945008
vn 0.293064 -0.145168 -0.945008
vn 0.296204 0.000000 0.955125
vn 0.296204 0.000000 0.955125
vn 0.296204 0.000000 0.955125
vn 0.296204 0.000000 0.955125
vn 1.000000 0.000000 -0.000000
vn 1.000000 0.000000 -0.000000
vn 1.000000 0.000000 -0.000000
vn 1.000000 0.000000 -0.000000
vn -0.998652 -0.043371 0.028529
vn -0.998652 -0.043373 0.028527
vn -0.998652 -0.043371 0.028529
vn -0.998652 -0.043369 0.028530
vn -0.074526 0.068358 -0.994873
vn -0.074522 0.068354 -0.994874
vn -0.074526 0.068358 -0.994873
vn -0.074530 0.068363 -0.994873
vn -0.062153 -0.998067 0.000000
vn -0.062116 -0.998069 0.000000
vn -0.000000 -1.000000 0.000000
vn -0.000000 -1.000000 0.000000
vn 0.062153 -0.998067 0.000000
vn 0.062116 -0.998069 0.000000
vn -0.995726 0.092351 -0.000000
vn -0.995726 0.092351 -0.000000
vn -0.995726 0.092351 -0.000000
vn -0.995726 0.092351 -0.000000
vn -0.892130 0.000000 0.451779
vn -0.851225 0.000000 0.524801
vn -0.851225 0.000000 0.524801
vn -0.934691 0.000000 0.355462
vn -0.955124 0.000000 0.296206
vn -0.955124 0.000000 0.296205
vn -0.939093 0.000000 0.343663
vn -0.955124 0.000000 0.296206
vn -0.955124 0.000000 0.296207
vn -0.892130 0.000000 0.451780
vn -0.851225 0.000000 0.524801
vn -0.851225 0.000000 0.524801
vn -0.106979 0.994146 0.015145
vn -0.106976 0.994146 0.015143
vn -0.106979 0.994146 0.015145
vn -0.106982 0.994146 0.015147
vn 0.296202 0.000000 0.955125
vn 0.296202 0.000000 0.955125
vn 0.296202 0.000000 0.955125
vn 0.296202 0.000000 0.955125
vn -0.000000 1.000000 -0.000000
vn -0.000000 1.000000 -0.000000
vn -0.000000 1.000000 -0.000000
vn -0.000000 1.000000 -0.000000
vn -0.999999 -0.001180 0.000000
vn -0.999999 -0.001180 0.000000
vn -0.999999 -0.001180 0.000000
vn -0.999999 -0.001180 0.000000
vn -0.991924 -0.107754 0.066900
vn -0.991924 -0.107752 0.066901
vn -0.991924 -0.107754 0.066900
vn -0.991924 -0.107756 0.066899
vn 0.296206 0.000000 0.955124
vn 0.296206 0.000000 0.955124
vn 0.296206 0.000000 0.955124
vn 0.296206 0.000000 0.955124
vn -0.000000 1.000000 -0.000000
vn -0.000000 1.000000 -0.000000
vn -0.000000 1.000000 -0.000000
vn -0.000000 1.000000 -0.000000
vn -0.292377 -0.160069 -0.942811
vn -0.292378 -0.160069 -0.942811
vn -0.294495 -0.107020 -0.949642
vn -0.295772 -0.053510 -0.953759
vn -0.295772 0.053510 -0.953759
vn -0.294495 0.107020 -0.949642
vn -0.292377 0.160069 -0.942811
vn -0.292378 0.160070 -0.942811
vn 0.296206 0.000000 0.955124
vn 0.296206 0.000000 0.955124
vn 0.296206 0.000000 0.955124
vn 0.296206 0.000000 0.955124
vn -0.000000 -1.000000 0.000000
vn -0.000000 -1.000000 0.000000
vn -0.000000 -1.000000 0.000000
vn -0.000000 -1.000000 0.000000
vn 0.296197 0.000000 0.955127
vn 0.296197 0.000000 0.955127
vn 0.296197 0.000000 0.955127
vn 0.296197 0.000000 0.955127
vn -0.000000 1.000000 -0.000000
vn -0.000000 1.000000 -0.000000
vn -0.000000 1.000000 -0.000000
vn -0.000000 1.000000 -0.000000
vn -0.063891 0.000000 0.997957
vn -0.063891 0.000000 0.997957
vn -0.063891 0.000000 0.997957
vn -0.063891 0.000000 0.997957
vn -0.998715 -0.000000 -0.050680
vn -0.998715 -0.000000 -0.050680
vn -0.998715 -0.000000 -0.050680
vn -0.998715 -0.000000 -0.050680
vn 0.998715 0.000000 0.050681
vn 0.998715 0.000000 0.050681
vn 0.998715 0.000000 0.050681
vn 0.998715 0.000000 0.050681
vn -0.000000 1.000000 -0.000000
vn -0.000000 1.000000 -0.000000
vn -0.000000 1.000000 -0.000000
vn -0.000000 1.000000 -0.000000
vn 0.063891 0.000000 0.997957
vn 0.063891 0.000000 0.997957
vn 0.063891 0.000000 0.997957
vn 0.063891 0.000000 0.997957
vn 0.998715 -0.000000 -0.050680
vn 0.998715 -0.000000 -0.050680
vn 0.998715 -0.000000 -0.050680
vn 0.998715 -0.000000 -0.050680
vn -0.998715 0.000000 0.050681
vn -0.998715 0.000000 0.050681
vn -0.998715 0.000000 0.050681
vn -0.998715 0.000000 0.050681
vn 0.001176 -0.999204 -0.039879
vn 0.001184 -0.999204 -0.039882
vn 0.001176 -0.999204 -0.039879
vn 0.001168 -0.999204 -0.039876
vn -0.001167 0.999204 0.039882
vn -0.001167 0.999204 0.039882
vn -0.001167 0.999204 0.039882
vn -0.001167 0.999204 0.039882
vn -0.000000 -0.999204 -0.039881
vn -0.000000 -0.999204 -0.039881
vn -0.000000 -0.999204 -0.039881
vn -0.000000 -0.999204 -0.039881
vn -0.000000 0.999204 0.039881
vn -0.000000 0.999204 0.039882
vn -0.000000 0.999204 0.039881
vn -0.000000 0.999204 0.039881
vn 0.046205 -0.039783 0.998139
vn 0.046205 -0.039783 0.998139
vn 0.046205 -0.039783 0.998139
vn 0.046205 -0.039783 0.998139
vn -0.998931 -0.003012 0.046125
vn -0.998931 -0.003012 0.046125
vn -0.998931 -0.003012 0.046125
vn -0.998931 -0.003012 0.046124
vn 0.046206 -0.039786 0.998139
vn 0.046198 -0.039789 0.998140
vn 0.046206 -0.039786 0.998139
vn 0.046214 -0.039782 0.998139
vn -0.998931 -0.003012 0.046123
vn -0.998931 -0.003012 0.046123
vn -0.998931 -0.003012 0.046123
vn -0.998931 -0.003012 0.046123
vn -0.046212 0.039786 -0.998139
vn -0.046219 0.039789 -0.998139
vn -0.046212 0.039786 -0.998139
vn -0.046205 0.039783 -0.998139
vn 0.998931 0.003012 -0.046124
vn 0.998931 0.003012 -0.046124
vn 0.998931 0.003012 -0.046124
vn 0.998931 0.003012 -0.046124
vn 0.998931 0.003012 -0.046123
vn 0.998931 0.003012 -0.046123
vn 0.998931 0.003012 -0.046123
vn 0.998931 0.003012 -0.046124
vn -0.993223 0.107766 -0.043534
vn -0.993223 0.107765 -0.043534
vn -0.993223 0.107766 -0.043534
vn -0.993223 0.107766 -0.043533
vn 0.092358 0.995726 -0.000000
vn 0.092354 0.995726 -0.000000
vn 0.092351 0.995727 -0.000000
vn 0.092361 0.995726 -0.000000
vn 0.092364 0.995725 -0.000000
vn 0.023239 -0.999730 0.000113
vn 0.026717 -0.962739 0.269109
vn 0.003819 -0.960698 0.277569
vn -0.000000 -1.000000 0.000000
vn 0.040826 -0.959902 -0.277346
vn 0.062549 -0.961198 -0.268676
vn 0.411214 -0.126550 -0.902712
vn 0.302135 -0.120944 -0.945562
vn 0.225257 -0.114176 -0.967586
vn 0.452437 -0.193947 -0.870451
vn 0.354754 -0.089811 -0.930636
vn 0.171532 -0.000000 -0.985179
vn -0.266863 -0.067560 -0.961364
vn -0.258318 -0.000000 -0.966060
vn -0.411214 -0.126550 -0.902712
vn -0.452437 -0.193947 -0.870451
vn -0.302135 -0.120944 -0.945562
vn -0.225257 -0.114176 -0.967586
vn -0.000000 -0.000000 -1.000000
vn -0.000000 -0.000000 -1.000000
vn -0.000000 -0.000000 -1.000000
vn -0.000000 -0.000000 -1.000000
vn 0.145989 0.989286 -0.000000
vn 0.109099 0.994016 -0.005461
vn 0.138893 0.990289 -0.005958
vn 0.060427 0.998072 -0.014195
vn -0.000000 0.999932 -0.011695
vn -0.060427 0.998072 -0.014195
vn -0.109099 0.994016 -0.005461
vn -0.138893 0.990289 -0.005958
vn -0.145989 0.989286 -0.000000
vn -0.919784 -0.016347 -0.392086
vn -0.919784 -0.016347 -0.392086
vn -0.920107 -0.032689 -0.390299
vn -0.919211 -0.000000 -0.393766
vn -0.013680 -0.136781 0.990507
vn -0.054284 -0.229919 0.971695
vn 0.012760 -0.150841 0.988476
vn -0.087998 -0.268988 0.959115
vn -0.133708 -0.408712 0.902816
vn -0.032743 0.099700 -0.994479
vn -0.032746 0.099696 -0.994479
vn -0.032743 0.099700 -0.994479
vn -0.032740 0.099703 -0.994478
vn 0.297166 0.017431 0.954667
vn 0.297166 0.017431 0.954667
vn 0.068142 -0.007868 0.997645
vn 0.068138 -0.007870 0.997645
vn -0.164626 -0.032734 0.985813
vn -0.164620 -0.032729 0.985814
vn -0.000000 0.000000 1.000000
vn -0.000000 0.000000 1.000000
vn -0.000000 0.000000 1.000000
vn -0.000000 0.000000 1.000000
vn -0.881367 -0.034458 0.471173
vn -0.822240 -0.051038 0.566848
vn -0.812433 -0.101937 0.574074
vn -0.931069 0.000000 0.364844
vn -0.965139 0.000000 0.261739
vn -0.965139 0.000000 0.261739
vn 0.053930 0.095522 -0.993965
vn 0.053930 0.095523 -0.993965
vn 0.053930 0.095522 -0.993965
vn 0.053930 0.095522 -0.993965
vn -0.023239 -0.999730 0.000113
vn -0.003819 -0.960698 0.277569
vn -0.026717 -0.962739 0.269109
vn -0.000000 -1.000000 0.000000
vn -0.040826 -0.959902 -0.277346
vn -0.062549 -0.961198 -0.268676
vn 0.919784 -0.016347 -0.392086
vn 0.920107 -0.032689 -0.390299
vn 0.919784 -0.016347 -0.392086
vn 0.919211 -0.000000 -0.393766
vn 0.013680 -0.136781 0.990507
vn -0.012760 -0.150841 0.988476
vn 0.054284 -0.229919 0.971695
vn 0.087998 -0.268988 0.959115
vn 0.133708 -0.408712 0.902816
vn 1.000000 0.000000 -0.000000
vn 1.000000 0.000000 -0.000000
vn 1.000000 0.000000 -0.000000
vn 1.000000 0.000000 -0.000000
vn 1.000000 0.000000 -0.000000
vn 0.881367 -0.034458 0.471173
vn 0.812433 -0.101937 0.574074
vn 0.822240 -0.051038 0.566848
vn 0.931069 0.000000 0.364844
vn 0.965139 0.000000 0.261739
vn 0.965139 0.000000 0.261739
vn -1.000000 0.000000 -0.000000
vn -1.000000 0.000000 -0.000000
vn -1.000000 0.000000 -0.000000
vn -1.000000 0.000000 -0.000000
vn -1.000000 0.000000 -0.000000
vn 0.999185 -0.040366 0.000000
vn 0.999185 -0.040364 0.000000
vn 0.999185 -0.040366 0.000000
vn 0.999185 -0.040368 0.000000
vn 0.092357 0.995726 -0.000000
vn 0.092357 0.995726 -0.000000
vn 0.092357 0.995726 -0.000000
vn 0.092357 0.995726 -0.000000
vn -0.999999 -0.000000 -0.001265
vn -0.999999 -0.000000 -0.001265
vn -0.999999 -0.000000 -0.001265
vn -0.999999 -0.000000 -0.001265
vn 0.995726 -0.092355 0.000000
vn 0.995726 -0.092355 0.000000
vn 0.995726 -0.092355 0.000000
vn 0.995726 -0.092355 0.000000
vn 0.993223 -0.107762 0.043535
vn 0.993223 -0.107763 0.043534
vn 0.993223 -0.107762 0.043535
vn 0.993223 -0.107760 0.043536
vn -0.000000 0.000000 1.000000
vn -0.000000 0.000000 1.000000
vn -0.000000 0.000000 1.000000
vn -0.000000 0.000000 1.000000
vn 0.005622 0.060609 0.998146
vn 0.005622 0.060609 0.998146
vn 0.005622 0.060609 0.998146
vn 0.005622 0.060609 0.998146
vn 0.107305 0.994146 0.012623
vn 0.107302 0.994146 0.012621
vn 0.107305 0.994146 0.012623
vn 0.107308 0.994146 0.012625
vn -0.077311 0.095520 -0.992421
vn -0.077308 0.095524 -0.992421
vn -0.077311 0.095520 -0.992421
vn -0.077315 0.095515 -0.992421
vn 0.995726 -0.092361 0.000000
vn 0.995726 -0.092361 0.000000
vn 0.995726 -0.092361 0.000000
vn 0.995726 -0.092361 0.000000
vn -0.991923 -0.107760 0.066902
vn -0.991923 -0.107760 0.066901
vn -0.991923 -0.107760 0.066902
vn -0.991923 -0.107759 0.066902
vn -0.000000 -0.000000 -1.000000
vn -0.000000 -0.000000 -1.000000
vn -0.000000 -0.000000 -1.000000
vn -0.000000 -0.000000 -1.000000
vn -0.233199 -0.000000 -0.972429
vn -0.233199 -0.000000 -0.972429
vn -0.000000 -0.000000 -1.000000
vn -0.000000 -0.000000 -1.000000
vn 0.233199 -0.000000 -0.972429
vn 0.233199 -0.000000 -0.972429
vn 0.999999 -0.001180 0.000000
vn 0.999999 -0.001180 0.000000
vn 0.999999 -0.001180 0.000000
vn 0.999999 -0.001180 0.000000
vn 0.993224 -0.107758 0.043533
vn 0.993223 -0.107759 0.043532
vn 0.993224 -0.107758 0.043533
vn 0.993224 -0.107757 0.043534
vn 0.998652 0.043371 -0.028529
vn 0.998652 0.043373 -0.028527
vn 0.998652 0.043371 -0.028529
vn 0.998652 0.043369 -0.028530
vn -0.043317 0.999059 0.002395
vn -0.043317 0.999059 0.002395
vn -0.043317 0.999059 0.002395
vn -0.043317 0.999059 0.002395
vn -0.038947 0.044299 0.998259
vn -0.038951 0.044295 0.998259
vn -0.038947 0.044299 0.998259
vn -0.038944 0.044303 0.998259
vn -0.705063 -0.000000 -0.709144
vn -0.705064 -0.000000 -0.709144
vn -0.705063 -0.000000 -0.709144
vn -0.705062 -0.000000 -0.709145
vn -0.171469 0.219925 -0.960329
vn -0.175210 0.221801 -0.959222
vn -0.171469 0.219925 -0.960329
vn -0.167724 0.218045 -0.961418
vn -0.985611 0.059430 -0.158237
vn -0.990899 -0.000000 -0.134606
vn -0.986455 0.084129 -0.140816
vn -0.981590 0.126000 -0.143546
vn -0.985441 0.133195 -0.105661
vn 0.985998 -0.103547 0.130711
vn 0.992668 0.000000 0.120870
vn 0.986446 -0.074437 0.146228
vn 0.978644 -0.154933 0.135102
vn 0.981901 -0.161249 0.099348
vn 0.985611 0.059430 -0.158237
vn 0.986455 0.084130 -0.140812
vn 0.990899 -0.000000 -0.134606
vn 0.981591 0.126001 -0.143540
vn 0.985442 0.133198 -0.105649
vn -0.985999 -0.103547 0.130708
vn -0.986446 -0.074437 0.146228
vn -0.992668 0.000000 0.120870
vn -0.978644 -0.154933 0.135098
vn -0.981901 -0.161250 0.099340
vn -0.000000 -0.000000 -1.000000
vn -0.000000 -0.000000 -1.000000
vn -0.000000 -0.000000 -1.000000
vn -0.000000 -0.000000 -1.000000
vn -0.000000 1.000000 -0.000000
vn -0.000000 1.000000 -0.000000
vn -0.000000 1.000000 -0.000000
vn -0.000000 1.000000 -0.000000
vn 0.155531 -0.000000 -0.987831
vn 0.155531 -0.000000 -0.987831
vn 0.155531 -0.000000 -0.987831
vn 0.155531 -0.000000 -0.987831
vn -0.987832 0.000000 0.155525
vn -0.987832 0.000000 0.155525
vn -0.987832 0.000000 0.155525
vn -0.987832 0.000000 0.155525
vn -0.046131 0.998744 0.019573
vn -0.000000 1.000000 -0.000000
vn -0.056908 0.998317 0.011196
vn -0.142136 0.988493 -0.051753
vn -0.096337 0.994843 -0.031721
vn 0.064146 0.997925 0.005564
vn 0.071159 0.997447 -0.005955
vn 0.142136 0.988493 -0.051753
vn 0.046131 0.998744 0.019573
vn -0.000000 1.000000 -0.000000
vn 0.987832 0.000000 0.155526
vn 0.987832 0.000000 0.155526
vn 0.987832 0.000000 0.155526
vn 0.987832 0.000000 0.155526
vn 0.705063 -0.000000 -0.709144
vn 0.705062 -0.000000 -0.709145
vn 0.705063 -0.000000 -0.709144
vn 0.705064 -0.000000 -0.709144
vn -0.155519 0.000000 0.987833
vn -0.155519 0.000000 0.987833
vn -0.155519 0.000000 0.987833
vn -0.155519 0.000000 0.987833
vn 0.170556 0.220054 -0.960462
vn 0.167724 0.218037 -0.961420
vn 0.170556 0.220054 -0.960462
vn 0.173384 0.222069 -0.959491
vn -0.000000 1.000000 -0.000000
vn -0.000000 1.000000 -0.000000
vn -0.000000 1.000000 -0.000000
vn -0.000000 1.000000 -0.000000
vn 0.155531 0.000000 0.987831
vn 0.155531 0.000000 0.987831
vn 0.155531 0.000000 0.987831
vn 0.155531 0.000000 0.987831
vn 0.987832 -0.000000 -0.155525
vn 0.987832 -0.000000 -0.155525
vn 0.987832 -0.000000 -0.155525
vn 0.987832 -0.000000 -0.155525
vn -0.987832 -0.000000 -0.155525
vn -0.987832 -0.000000 -0.155525
vn -0.987832 -0.000000 -0.155525
vn -0.987832 -0.000000 -0.155525
vn -0.155531 -0.000000 -0.987831
vn -0.155531 -0.000000 -0.987831
vn -0.155531 -0.000000 -0.987831
vn -0.155531 -0.000000 -0.987831
vn -0.388134 -0.921199 -0.027263
vn -0.406092 -0.913832 0.000000
vn -0.562258 -0.826798 -0.016450
vn -0.249862 -0.967285 -0.043907
vn 0.137909 -0.989426 -0.044912
vn 0.381310 -0.923949 -0.030361
vn 0.552886 -0.832992 -0.021022
vn 0.684285 -0.729215 0.000000
vn -0.000000 -0.715694 0.698414
vn -0.000000 -0.715694 0.698414
vn -0.000000 -0.715694 0.698414
vn -0.000000 -0.715694 0.698414
vn -0.887088 -0.461597 0.001883
vn -0.971360 -0.237603 0.002173
vn -0.887250 -0.461285 0.001691
vn -0.971318 -0.237774 0.002272
vn -0.987438 0.157991 0.002309
vn -0.948838 0.315756 0.002088
vn -0.887088 0.461597 0.001883
vn -0.887250 0.461285 0.001691
vn -0.295416 -0.072777 -0.952593
vn -0.293064 -0.145168 -0.945008
vn -0.293064 -0.145168 -0.945008
vn -0.295417 -0.072777 -0.952593
vn -0.295695 0.058460 -0.953492
vn -0.294170 0.116921 -0.948574
vn -0.291643 0.174781 -0.940423
vn -0.291643 0.174781 -0.940423
vn -0.000000 -1.000000 0.000000
vn -0.000000 -1.000000 0.000000
vn -0.000000 -1.000000 0.000000
vn -0.000000 -1.000000 0.000000
vn -0.000000 -1.000000 0.000000
vn -0.000000 -1.000000 0.000000
vn -0.000000 -1.000000 0.000000
vn -0.000000 -1.000000 0.000000
vn -0.000000 -1.000000 0.000000
vn -0.000000 -1.000000 0.000000
vn -0.000000 -1.000000 0.000000
vn -0.000000 -1.000000 0.000000
vn -0.000000 -1.000000 0.000000
vn 0.002195 -0.999973 -0.007079
vn 0.022152 -0.997199 -0.071432
vn 0.022152 -0.997199 -0.071432
vn -0.017863 -0.998180 0.057600
vn -0.037749 -0.991846 0.121722
vn -0.037749 -0.991846 0.121722
vn -0.000000 1.000000 -0.000000
vn -0.000000 1.000000 -0.000000
vn -0.000000 1.000000 -0.000000
vn -0.000000 1.000000 -0.000000
vn -0.000000 1.000000 -0.000000
vn -0.000000 1.000000 -0.000000
vn -0.000000 1.000000 -0.000000
vn -0.000000 1.000000 -0.000000
vn -0.000000 1.000000 -0.000000
vn -0.000000 1.000000 -0.000000
vn -0.000000 1.000000 -0.000000
vn -0.000000 1.000000 -0.000000
vn -0.000000 1.000000 -0.000000
vn -0.000000 1.000000 -0.000000
vn -0.000000 1.000000 -0.000000
vn -0.000000 1.000000 -0.000000
vn -0.000000 1.000000 -0.000000
vn -0.000000 1.000000 -0.000000
vn -0.000000 1.000000 -0.000000
vn -0.000000 1.000000 -0.000000
vn -0.000000 1.000000 -0.000000
vn -0.000000 1.000000 -0.000000
vn -0.000000 1.000000 -0.000000
vn -0.000000 1.000000 -0.000000
vn -0.000000 1.000000 -0.000000
vn -0.000000 1.000000 -0.000000
vn -0.000000 1.000000 -0.000000
vn -0.000000 1.000000 -0.000000
vn -1.000000 0.000000 -0.000000
vn -1.000000 0.000000 -0.000000
vn -1.000000 0.000000 -0.000000
vn -1.000000 0.000000 -0.000000
vn -1.000000 0.000000 -0.000000
vn -1.000000 0.000000 -0.000000
vn -1.000000 0.000000 -0.000000
vn -0.407170 -0.913352 0.000000
vn -0.560902 -0.827882 0.000000
vn -0.560897 -0.827886 0.000000
vn -0.235227 -0.971940 0.000000
vn -0.000000 -1.000000 0.000000
vn -0.000000 -1.000000 0.000000
vn 0.235227 -0.971940 0.000000
vn 0.407170 -0.913352 0.000000
vn 0.560902 -0.827882 0.000000
vn 0.560897 -0.827886 0.000000
vn 1.000000 0.000000 -0.000000
vn 1.000000 0.000000 -0.000000
vn 1.000000 0.000000 -0.000000
vn 1.000000 0.000000 -0.000000
vn 1.000000 0.000000 -0.000000
vn 1.000000 0.000000 -0.000000
vn 1.000000 0.000000 -0.000000
vn 0.028607 -0.001156 0.999590
vn -0.204643 -0.011220 0.978772
vn -0.204636 -0.011223 0.978774
vn 0.028606 -0.001152 0.999590
vn 0.260284 0.008972 0.965490
vn 0.260278 0.008968 0.965492
vn 0.955125 -0.000000 -0.296203
vn 0.955125 -0.000000 -0.296202
vn 0.955125 -0.000000 -0.296203
vn 0.955124 -0.000000 -0.296205
vn 0.955125 -0.000000 -0.296202
vn 0.955126 -0.000000 -0.296201
vn 0.955125 -0.000000 -0.296203
vn 0.955124 -0.000000 -0.296205
vn 0.955125 -0.000000 -0.296203
vn 0.955125 -0.000000 -0.296203
vn -0.955125 0.000000 0.296202
vn -0.955125 0.000000 0.296202
vn -0.955126 0.000000 0.296201
vn -0.955125 0.000000 0.296204
vn -0.955126 0.000000 0.296201
vn -0.955125 0.000000 0.296202
vn -0.955125 0.000000 0.296202
vn -0.955125 0.000000 0.296204
vn -0.955125 0.000000 0.296202
vn -0.955126 0.000000 0.296201
vn -0.000000 -0.000000 -1.000000
vn -0.000000 -0.000000 -1.000000
vn -0.000000 -0.000000 -1.000000
vn -0.000000 -0.000000 -1.000000
vn -0.000000 -0.000000 -1.000000
vn -0.000000 -0.000000 -1.000000
vn -0.000000 -0.000000 -1.000000
vn -0.000000 -0.000000 -1.000000
vn -0.000000 -0.000000 -1.000000
vn -0.000000 -0.000000 -1.000000
vn -0.000000 -0.000000 -1.000000
vn -0.000000 1.000000 -0.000000
vn -0.000000 1.000000 -0.000000
vn -0.000000 1.000000 -0.000000
vn -0.000000 1.000000 -0.000000
vn -0.000000 1.000000 -0.000000
vn -0.000000 1.000000 -0.000000
vn -0.000000 0.000000 1.000000
vn -0.000000 0.000000 1.000000
vn -0.000000 0.000000 1.000000
vn -0.000000 0.000000 1.000000
vn -0.000000 0.000000 1.000000
vn -0.000000 0.000000 1.000000
vn -0.000000 0.000000 1.000000
vn -0.000000 0.000000 1.000000
vn -0.000000 0.000000 1.000000
vn -0.000000 0.000000 1.000000
vn -0.000000 0.000000 1.000000
vn -0.000000 -1.000000 0.000000
vn -0.000000 -1.000000 0.000000
vn -0.000000 -1.000000 0.000000
vn -0.000000 -1.000000 0.000000
vn -0.000000 -1.000000 0.000000
vn -0.000000 -1.000000 0.000000
vn -0.000000 -1.000000 0.000000
vn -0.000000 -1.000000 0.000000
vn -0.000000 -1.000000 0.000000
vn -0.000000 -1.000000 0.000000
vn -0.000000 -1.000000 0.000000
vn -0.000000 -1.000000 0.000000
vn -0.000000 -1.000000 0.000000
vn 0.073998 -0.000000 -0.997258
vn -0.000000 -0.000000 -1.000000
vn -0.000000 -0.000000 -1.000000
vn -0.088836 -0.000000 -0.996046
vn 0.111073 -0.000000 -0.993812
vn -0.111073 -0.000000 -0.993812
vn -0.000000 -0.000000 -1.000000
vn -0.000000 -0.000000 -1.000000
vn -0.000000 -0.000000 -1.000000
vn -0.000000 -0.000000 -1.000000
vn -0.000000 -0.000000 -1.000000
vn -0.075019 -0.000000 -0.997182
vn 0.093963 -0.000000 -0.995576
vn -0.000000 -0.000000 -1.000000
vn 0.251207 -0.000000 -0.967933
vn -0.000000 -0.000000 -1.000000
vn -0.000000 -0.000000 -1.000000
vn -0.251207 -0.000000 -0.967933
vn -0.000000 -0.000000 -1.000000
vn -0.000000 -0.000000 -1.000000
vn -1.000000 0.000000 -0.000000
vn -0.991819 -0.000000 -0.127648
vn -1.000000 0.000000 -0.000000
vn -0.939679 -0.000000 -0.342058
vn -0.939679 -0.000000 -0.342058
vn -0.985266 -0.000000 -0.171029
vn -0.966264 -0.000000 -0.257554
vn -0.966264 -0.000000 -0.257554
vn -1.000000 0.000000 -0.000000
vn -1.000000 0.000000 -0.000000
vn -1.000000 0.000000 -0.000000
vn -1.000000 0.000000 -0.000000
vn -0.966264 -0.000000 -0.257554
vn -0.966264 -0.000000 -0.257554
vn 0.966264 -0.000000 -0.257554
vn 1.000000 0.000000 -0.000000
vn 0.966264 -0.000000 -0.257554
vn 0.966264 -0.000000 -0.257554
vn 1.000000 0.000000 -0.000000
vn 0.966264 -0.000000 -0.257554
vn 1.000000 0.000000 -0.000000
vn 1.000000 0.000000 -0.000000
vn 1.000000 0.000000 -0.000000
vn 0.978604 -0.000000 -0.205751
vn 0.966264 -0.000000 -0.257554
vn 0.966264 -0.000000 -0.257554
vn 1.000000 0.000000 -0.000000
vn 0.966264 -0.000000 -0.257554
vn 0.072967 0.028234 0.996935
vn -0.000000 0.000000 1.000000
vn 0.099722 0.047016 0.993904
vn -0.000000 0.000000 1.000000
vn 0.020241 0.028584 0.999386
vn -0.066610 0.038134 0.997050
vn -0.000000 0.000000 1.000000
vn 0.186584 -0.039218 0.981656
vn -0.088634 0.018938 0.995884
vn 0.114351 -0.097614 0.988633
vn -0.066474 0.056744 0.996173
vn -0.000000 0.000000 1.000000
vn -0.000000 0.000000 1.000000
vn -0.157951 -0.059607 0.985646
vn 0.115588 -0.066783 0.991050
vn -0.173207 -0.079137 0.981701
vn -0.035174 -0.049520 0.998154
vn -0.000000 0.000000 1.000000
vn -0.000000 0.000000 1.000000
vn -0.000000 0.000000 1.000000
vn -0.000000 0.000000 1.000000
vn -0.000000 0.000000 1.000000
vn -0.000000 0.000000 1.000000
vn -0.000000 0.000000 1.000000
vn -0.000000 0.000000 1.000000
vn -0.000000 0.000000 1.000000
f 1/1/1 2/2/2 3/3/3
f 2/2/2 4/4/4 5/5/5
f 5/5/5 4/4/4 6/6/6
f 7/7/7 8/8/8 6/6/6
f 7/7/7 9/9/9 8/8/8
f 9/9/9 10/10/10 8/8/8
f 9/9/9 11/11/11 10/10/10
f 11/11/11 12/12/12 10/10/10
f 11/11/11 13/13/13 12/12/12
f 14/14/14 15/15/15 16/16/16
f 16/16/16 17/17/17 18/18/18
f 17/17/17 19/19/19 18/18/18
f 20/20/20 19/19/19 21/21/21
f 20/20/20 21/21/21 22/22/22
f 23/23/23 22/22/22 21/21/21
f 23/23/23 24/24/24 22/22/22
f 24/24/24 23/23/23 25/25/25
f 24/24/24 25/25/25 26/26/26
f 27/27/27 28/28/28 29/29/29
f 27/27/27 29/29/29 30/30/30
f 31/31/31 32/32/32 33/33/33
f 31/31/31 33/33/33 34/34/34
f 31/31/31 34/34/34 35/35/35
f 35/35/35 34/34/34 36/36/36
f 37/37/37 36/36/36 34/34/34
f 36/36/36 37/37/37 38/38/38
f 38/38/38 37/37/37 39/39/39
f 39/39/39 37/37/37 40/40/40
f 40/40/40 37/37/37 41/41/41
f 40/40/40 41/41/41 42/42/42
f 43/43/43 44/44/44 45/45/45
f 43/43/43 45/45/45 46/46/46
f 47/47/47 46/46/46 45/45/45
f 47/47/47 45/45/45 48/48/48
f 49/49/49 50/50/50 51/51/51
f 49/49/49 51/51/51 52/52/52
f 53/53/53 54/54/54 55/55/55
f 53/53/53 55/55/55 56/56/56
f 57/57/57 58/58/58 59/59/59
f 57/57/57 59/59/59 60/60/60
f 61/61/61 62/62/62 63/63/63
f 61/61/61 63/63/63 64/64/64
f 65/65/65 66/66/66 67/67/67
f 65/65/65 67/67/67 68/68/68
f 69/69/69 68/68/68 67/67/67
f 69/69/69 67/67/67 70/70/70
f 68/68/68 69/69/69 71/71/71
f 69/69/69 70/70/70 72/72/72
f 70/70/70 73/73/73 72/72/72
f 74/74/74 72/72/72 73/73/73
f 75/75/75 74/74/74 73/73/73
f 73/73/73 76/76/76 75/75/75
f 69/69/69 77/77/77 71/71/71
f 71/71/71 77/77/77 78/78/78
f 79/79/79 71/71/71 78/78/78
f 79/79/79 78/78/78 80/80/80
f 81/81/81 78/78/78 77/77/77
f 81/81/81 77/77/77 82/82/82
f 81/81/81 82/82/82 83/83/83
f 84/84/84 83/83/83 82/82/82
f 85/85/85 83/83/83 84/84/84
f 83/83/83 85/85/85 86/86/86
f 87/87/87 88/88/88 89/89/89
f 87/87/87 89/89/89 90/90/90
f 91/91/91 87/87/87 90/90/90
f 91/91/91 92/92/92 87/87/87
f 93/93/93 92/92/92 91/91/91
f 93/93/93 94/94/94 92/92/92
f 95/95/95 96/96/96 97/97/97
f 96/96/96 95/95/95 98/98/98
f 98/98/98 95/95/95 99/99/99
f 100/100/100 101/101/101 102/102/102
f 100/100/100 102/102/102 103/103/103
f 104/104/104 105/105/105 106/106/106
f 104/104/104 106/106/106 107/107/107
f 108/108/108 109/109/109 110/110/110
f 108/108/108 110/110/110 111/111/111
f 112/112/112 111/111/111 110/110/110
f 113/113/113 111/111/111 112/112/112
f 111/111/111 113/113/113 114/114/114
f 115/115/115 114/114/114 113/113/113
f 116/116/116 114/114/114 115/115/115
f 114/114/114 116/116/116 117/117/117
f 117/117/117 118/118/118 114/114/114
f 117/117/117 119/119/119 118/118/118
f 120/120/120 121/121/121 122/122/122
f 120/120/120 122/122/122 123/123/123
f 124/124/124 125/125/125 126/126/126
f 124/124/124 126/126/126 127/127/127
f 124/124/124 127/127/127 128/128/128
f 128/128/128 127/127/127 129/129/129
f 130/130/130 129/129/129 127/127/127
f 129/129/129 130/130/130 131/131/131
f 131/131/131 130/130/130 132/132/132
f 132/132/132 130/130/130 133/133/133
f 134/134/134 133/133/133 130/130/130
f 134/134/134 135/135/135 133/133/133
f 136/136/136 137/137/137 138/138/138
f 136/136/136 138/138/138 139/139/139
f 140/140/140 136/136/136 139/139/139
f 140/140/140 139/139/139 141/141/141
f 142/142/142 143/143/143 144/144/144
f 142/142/142 144/144/144 145/145/145
f 146/146/146 147/147/147 148/148/148
f 146/146/146 148/148/148 149/149/149
f 148/148/148 150/150/150 149/149/149
f 148/148/148 151/151/151 150/150/150
f 152/152/152 150/150/150 151/151/151
f 152/152/152 153/153/153 150/150/150
f 154/154/154 153/153/153 152/152/152
f 154/154/154 152/152/152 155/155/155
f 154/154/154 155/155/155 156/156/156
f 154/154/154 156/156/156 157/157/157
f 156/156/156 158/158/158 157/157/157
f 156/156/156 159/159/159 158/158/158
f 160/160/160 161/161/161 162/162/162
f 160/160/160 162/162/162 163/163/163
f 164/164/164 165/165/165 166/166/166
f 164/164/164 166/166/166 167/167/167
f 168/168/168 169/169/169 170/170/170
f 169/169/169 168/168/168 171/171/171
f 172/172/172 171/171/171 168/168/168
f 172/172/172 173/173/173 171/171/171
f 171/171/171 173/173/173 174/174/174
f 174/174/174 173/173/173 175/175/175
f 176/176/176 177/177/177 178/178/178
f 176/176/176 178/178/178 179/179/179
f 180/180/180 181/181/181 182/182/182
f 180/180/180 182/182/182 183/183/183
f 184/184/184 185/185/185 186/186/186
f 184/184/184 186/186/186 187/187/187
f 188/188/188 189/189/189 190/190/190
f 191/191/191 190/190/190 189/189/189
f 190/190/190 191/191/191 192/192/192
f 192/192/192 191/191/191 193/193/193
f 191/191/191 194/194/194 193/193/193
f 193/193/193 194/194/194 195/195/195
f 196/196/196 197/197/197 198/198/198
f 199/199/199 197/197/197 196/196/196
f 200/200/200 197/197/197 199/199/199
f 197/197/197 200/200/200 201/201/201
f 202/202/202 203/203/203 204/204/204
f 202/202/202 204/204/204 205/205/205
f 206/206/206 207/207/207 208/208/208
f 206/206/206 208/208/208 209/209/209
f 210/210/210 211/211/211 212/212/212
f 210/210/210 212/212/212 213/213/213
f 214/214/214 215/215/215 216/216/216
f 214/214/214 216/216/216 217/217/217
f 218/218/218 219/219/219 220/220/220
f 219/219/219 218/218/218 221/221/221
f 221/221/221 218/218/218 222/222/222
f 222/222/222 218/218/218 223/223/223
f 224/224/224 225/225/225 226/226/226
f 224/224/224 226/226/226 227/227/227
f 228/228/228 229/229/229 230/230/230
f 228/228/228 230/230/230 231/231/231
f 232/232/232 233/233/233 234/234/234
f 232/232/232 234/234/234 235/235/235
f 236/236/236 237/237/237 238/238/238
f 239/239/239 237/237/237 236/236/236
f 240/240/240 237/237/237 239/239/239
f 241/241/241 242/242/242 243/243/243
f 244/244/244 242/242/242 241/241/241
f 245/245/245 242/242/242 244/244/244
f 246/246/246 247/247/247 248/248/248
f 246/246/246 248/248/248 249/249/249
f 250/250/250 251/251/251 252/252/252
f 250/250/250 252/252/252 253/253/253
f 254/254/254 255/255/255 256/256/256
f 254/254/254 256/256/256 257/257/257
f 258/258/258 257/257/257 256/256/256
f 258/258/258 256/256/256 259/259/259
f 260/260/260 261/261/261 262/262/262
f 260/260/260 262/262/262 263/263/263
f 264/264/264 265/265/265 266/266/266
f 264/264/264 266/266/266 267/267/267
f 267/267/267 266/266/266 268/268/268
f 267/267/267 268/268/268 269/269/269
f 270/270/270 271/271/271 272/272/272
f 270/270/270 272/272/272 273/273/273
f 274/274/274 275/275/275 276/276/276
f 274/274/274 276/276/276 277/277/277
f 278/278/278 279/279/279 280/280/280
f 278/278/278 280/280/280 281/281/281
f 282/282/282 281/281/281 280/280/280
f 282/282/282 283/283/283 281/281/281
f 284/284/284 283/283/283 282/282/282
f 284/284/284 282/282/282 285/285/285
f 286/286/286 287/287/287 288/288/288
f 286/286/286 288/288/288 289/289/289
f 290/290/290 291/291/291 292/292/292
f 290/290/290 292/292/292 293/293/293
f 294/294/294 295/295/295 296/296/296
f 294/294/294 296/296/296 297/297/297
f 298/298/298 299/299/299 300/300/300
f 298/298/298 300/300/300 301/301/301
f 302/302/302 303/303/303 304/304/304
f 302/302/302 304/304/304 305/305/305
f 306/306/306 305/305/305 304/304/304
f 306/306/306 304/304/304 307/307/307
f 308/308/308 309/309/309 310/310/310
f 308/308/308 310/310/310 311/311/311
f 312/312/312 313/313/313 314/314/314
f 312/312/312 314/314/314 315/315/315
f 315/315/315 316/316/316 312/312/312
f 315/315/315 317/317/317 316/316/316
f 318/318/318 317/317/317 315/315/315
f 317/317/317 318/318/318 319/319/319
f 320/320/320 319/319/319 318/318/318
f 320/320/320 318/318/318 321/321/321
f 322/322/322 321/321/321 318/318/318
f 322/322/322 323/323/323 321/321/321
f 324/324/324 325/325/325 326/326/326
f 324/324/324 326/326/326 327/327/327
f 328/328/328 329/329/329 330/330/330
f 328/328/328 330/330/330 331/331/331
f 332/332/332 333/333/333 334/334/334
f 332/332/332 334/334/334 335/335/335
f 336/336/336 337/337/337 338/338/338
f 336/336/336 338/338/338 339/339/339
f 340/340/340 341/341/341 342/342/342
f 340/340/340 342/342/342 343/343/343
f 344/344/344 345/345/345 346/346/346
f 344/344/344 346/346/346 347/347/347
f 348/348/348 349/349/349 350/350/350
f 348/348/348 350/350/350 351/351/351
f 352/352/352 353/353/353 354/354/354
f 352/352/352 354/354/354 355/355/355
f 355/355/355 354/354/354 356/356/356
f 355/355/355 356/356/356 357/357/357
f 357/357/357 356/356/356 358/358/358
f 357/357/357 358/358/358 359/359/359
f 360/360/360 361/361/361 362/362/362
f 360/360/360 362/362/362 363/363/363
f 364/364/364 365/365/365 366/366/366
f 364/364/364 366/366/366 367/367/367
f 368/368/368 369/369/369 370/370/370
f 368/368/368 370/370/370 371/371/371
f 372/372/372 373/373/373 374/374/374
f 372/372/372 374/374/374 375/375/375
f 376/376/376 377/377/377 378/378/378
f 376/376/376 378/378/378 379/379/379
f 380/380/380 381/381/381 382/382/382
f 380/380/380 382/382/382 383/383/383
f 384/384/384 385/385/385 386/386/386
f 384/384/384 386/386/386 387/387/387
f 388/388/388 389/389/389 390/390/390
f 388/388/388 390/390/390 391/391/391
f 392/392/392 393/393/393 394/394/394
f 392/392/392 394/394/394 395/395/395
f 396/396/396 397/397/397 398/398/398
f 396/396/396 398/398/398 399/399/399
f 400/400/400 401/401/401 402/402/402
f 400/400/400 402/402/402 403/403/403
f 404/404/404 405/405/405 406/406/406
f 404/404/404 406/406/406 407/407/407
f 408/408/408 409/409/409 410/410/410
f 408/408/408 410/410/410 411/411/411
f 412/412/412 413/413/413 414/414/414
f 412/412/412 414/414/414 415/415/415
f 416/416/416 417/417/417 418/418/418
f 416/416/416 418/418/418 419/419/419
f 420/420/420 421/421/421 422/422/422
f 420/420/420 422/422/422 423/423/423
f 424/424/424 425/425/425 426/426/426
f 424/424/424 426/426/426 427/427/427
f 428/428/428 429/429/429 430/430/430
f 428/428/428 430/430/430 431/431/431
f 432/432/432 433/433/433 434/434/434
f 432/432/432 434/434/434 435/435/435
f 436/436/436 437/437/437 438/438/438
f 436/436/436 438/438/438 439/439/439
f 440/440/440 441/441/441 442/442/442
f 440/440/440 442/442/442 443/443/443
f 444/444/444 445/445/445 446/446/446
f 444/444/444 446/446/446 447/447/447
f 448/448/448 449/449/449 450/450/450
f 448/448/448 450/450/450 451/451/451
f 452/452/452 453/453/453 454/454/454
f 453/453/453 452/452/452 455/455/455
f 455/455/455 452/452/452 456/456/456
f 457/457/457 458/458/458 459/459/459
f 457/457/457 459/459/459 460/460/460
f 457/457/457 460/460/460 461/461/461
f 457/457/457 461/461/461 462/462/462
f 463/463/463 464/464/464 465/465/465
f 463/463/463 466/466/466 464/464/464
f 463/463/463 467/467/467 466/466/466
f 463/463/463 468/468/468 467/467/467
f 468/468/468 469/469/469 467/467/467
f 468/468/468 470/470/470 469/469/469
f 471/471/471 469/469/469 470/470/470
f 471/471/471 472/472/472 469/469/469
f 471/471/471 473/473/473 472/472/472
f 471/471/471 474/474/474 473/473/473
f 475/475/475 476/476/476 477/477/477
f 475/475/475 477/477/477 478/478/478
f 479/479/479 480/480/480 481/481/481
f 481/481/481 480/480/480 482/482/482
f 483/483/483 482/482/482 480/480/480
f 482/482/482 483/483/483 484/484/484
f 483/483/483 485/485/485 484/484/484
f 486/486/486 484/484/484 485/485/485
f 487/487/487 486/486/486 485/485/485
f 488/488/488 489/489/489 490/490/490
f 488/488/488 491/491/491 489/489/489
f 492/492/492 493/493/493 494/494/494
f 495/495/495 493/493/493 492/492/492
f 496/496/496 493/493/493 495/495/495
f 497/497/497 498/498/498 499/499/499
f 497/497/497 499/499/499 500/500/500
f 501/501/501 502/502/502 503/503/503
f 501/501/501 503/503/503 504/504/504
f 503/503/503 505/505/505 504/504/504
f 503/503/503 506/506/506 505/505/505
f 507/507/507 508/508/508 509/509/509
f 507/507/507 509/509/509 510/510/510
f 511/511/511 512/512/512 513/513/513
f 511/511/511 514/514/514 512/512/512
f 515/515/515 514/514/514 511/511/511
f 515/515/515 516/516/516 514/514/514
f 517/517/517 518/518/518 519/519/519
f 517/517/517 519/519/519 520/520/520
f 521/521/521 522/522/522 523/523/523
f 521/521/521 524/524/524 522/522/522
f 521/521/521 525/525/525 524/524/524
f 521/521/521 526/526/526 525/525/525
f 527/527/527 528/528/528 529/529/529
f 527/527/527 529/529/529 530/530/530
f 531/531/531 532/532/532 533/533/533
f 534/534/534 531/531/531 533/533/533
f 535/535/535 534/534/534 533/533/533
f 536/536/536 537/537/537 538/538/538
f 539/539/539 537/537/537 536/536/536
f 540/540/540 537/537/537 539/539/539
f 541/541/541 542/542/542 543/543/543
f 541/541/541 543/543/543 544/544/544
f 545/545/545 541/541/541 544/544/544
f 545/545/545 544/544/544 546/546/546
f 547/547/547 548/548/548 549/549/549
f 550/550/550 548/548/548 547/547/547
f 551/551/551 548/548/548 550/550/550
f 552/552/552 553/553/553 554/554/554
f 552/552/552 554/554/554 555/555/555
f 556/556/556 557/557/557 558/558/558
f 556/556/556 558/558/558 559/559/559
f 560/560/560 561/561/561 562/562/562
f 560/560/560 562/562/562 563/563/563
f 564/564/564 565/565/565 566/566/566
f 564/564/564 566/566/566 567/567/567
f 568/568/568 569/569/569 570/570/570
f 568/568/568 570/570/570 571/571/571
f 572/572/572 573/573/573 574/574/574
f 572/572/572 574/574/574 575/575/575
f 576/576/576 577/577/577 578/578/578
f 576/576/576 578/578/578 579/579/579
f 580/580/580 581/581/581 582/582/582
f 580/580/580 582/582/582 583/583/583
f 584/584/584 585/585/585 586/586/586
f 584/584/584 586/586/586 587/587/587
f 588/588/588 589/589/589 590/590/590
f 588/588/588 590/590/590 591/591/591
f 592/592/592 593/593/593 594/594/594
f 592/592/592 594/594/594 595/595/595
f 596/596/596 597/597/597 598/598/598
f 596/596/596 598/598/598 599/599/599
f 600/600/600 601/601/601 602/602/602
f 600/600/600 602/602/602 603/603/603
f 604/604/604 603/603/603 602/602/602
f 604/604/604 602/602/602 605/605/605
f 606/606/606 607/607/607 608/608/608
f 606/606/606 608/608/608 609/609/609
f 610/610/610 611/611/611 612/612/612
f 610/610/610 612/612/612 613/613/613
f 614/614/614 615/615/615 616/616/616
f 614/614/614 616/616/616 617/617/617
f 618/618/618 619/619/619 620/620/620
f 618/618/618 620/620/620 621/621/621
f 622/622/622 623/623/623 624/624/624
f 622/622/622 624/624/624 625/625/625
f 626/626/626 627/627/627 628/628/628
f 626/626/626 628/628/628 629/629/629
f 630/630/630 631/631/631 632/632/632
f 630/630/630 632/632/632 633/633/633
f 634/634/634 635/635/635 636/636/636
f 634/634/634 636/636/636 637/637/637
f 637/637/637 636/636/636 638/638/638
f 639/639/639 640/640/640 641/641/641
f 639/639/639 641/641/641 642/642/642
f 639/639/639 642/642/642 643/643/643
f 644/644/644 645/645/645 646/646/646
f 644/644/644 647/647/647 645/645/645
f 647/647/647 648/648/648 645/645/645
f 649/649/649 650/650/650 651/651/651
f 649/649/649 652/652/652 650/650/650
f 649/649/649 653/653/653 652/652/652
f 654/654/654 655/655/655 656/656/656
f 654/654/654 656/656/656 657/657/657
f 658/658/658 659/659/659 660/660/660
f 658/658/658 660/660/660 661/661/661
f 662/662/662 663/663/663 664/664/664
f 662/662/662 664/664/664 665/665/665
f 666/666/666 667/667/667 668/668/668
f 666/666/666 668/668/668 669/669/669
f 670/670/670 671/671/671 672/672/672
f 670/670/670 672/672/672 673/673/673
f 674/674/674 673/673/673 672/672/672
f 672/672/672 675/675/675 674/674/674
f 672/672/672 676/676/676 675/675/675
f 675/675/675 676/676/676 677/677/677
f 676/676/676 678/678/678 677/677/677
f 676/676/676 679/679/679 678/678/678
f 680/680/680 681/681/681 682/682/682
f 680/680/680 682/682/682 683/683/683
f 684/684/684 685/685/685 686/686/686
f 684/684/684 686/686/686 687/687/687
f 688/688/688 689/689/689 690/690/690
f 688/688/688 690/690/690 691/691/691
f 692/692/692 693/693/693 694/694/694
f 692/692/692 694/694/694 695/695/695
f 696/696/696 697/697/697 698/698/698
f 696/696/696 698/698/698 699/699/699
f 700/700/700 701/701/701 702/702/702
f 700/700/700 702/702/702 703/703/703
f 704/704/704 705/705/705 706/706/706
f 704/704/704 706/706/706 707/707/707
f 708/708/708 709/709/709 710/710/710
f 708/708/708 710/710/710 711/711/711
f 712/712/712 713/713/713 714/714/714
f 712/712/712 714/714/714 715/715/715
f 716/716/716 717/717/717 718/718/718
f 716/716/716 718/718/718 719/719/719
f 719/719/719 720/720/720 716/716/716
f 719/719/719 721/721/721 720/720/720
f 722/722/722 720/720/720 721/721/721
f 722/722/722 721/721/721 723/723/723
f 724/724/724 725/725/725 726/726/726
f 724/724/724 726/726/726 727/727/727
f 728/728/728 729/729/729 730/730/730
f 728/728/728 731/731/731 729/729/729
f 729/729/729 731/731/731 732/732/732
f 729/729/729 732/732/732 733/733/733
f 733/733/733 732/732/732 734/734/734
f 733/733/733 734/734/734 735/735/735
f 736/736/736 737/737/737 738/738/738
f 736/736/736 739/739/739 737/737/737
f 736/736/736 740/740/740 739/739/739
f 736/736/736 741/741/741 740/740/740
f 742/742/742 740/740/740 741/741/741
f 742/742/742 741/741/741 743/743/743
f 744/744/744 745/745/745 746/746/746
f 747/747/747 745/745/745 744/744/744
f 748/748/748 745/745/745 747/747/747
f 749/749/749 748/748/748 747/747/747
f 748/748/748 749/749/749 750/750/750
f 748/748/748 750/750/750 751/751/751
f 748/748/748 751/751/751 752/752/752
f 752/752/752 751/751/751 753/753/753
f 750/750/750 749/749/749 754/754/754
f 755/755/755 754/754/754 749/749/749
f 756/756/756 754/754/754 755/755/755
f 757/757/757 758/758/758 759/759/759
f 757/757/757 760/760/760 758/758/758
f 760/760/760 757/757/757 761/761/761
f 760/760/760 761/761/761 762/762/762
f 763/763/763 764/764/764 765/765/765
f 764/764/764 766/766/766 765/765/765
f 765/765/765 766/766/766 767/767/767
f 768/768/768 767/767/767 766/766/766
f 767/767/767 768/768/768 769/769/769
f 767/767/767 769/769/769 770/770/770
f 767/767/767 770/770/770 771/771/771
f 771/771/771 770/770/770 772/772/772
f 769/769/769 768/768/768 773/773/773
f 774/774/774 773/773/773 768/768/768
f 775/775/775 773/773/773 774/774/774
f 776/776/776 777/777/777 778/778/778
f 779/779/779 777/777/777 776/776/776
f 779/779/779 780/780/780 777/777/777
f 779/779/779 781/781/781 780/780/780
f 780/780/780 781/781/781 782/782/782
f 783/783/783 782/782/782 781/781/781
f 784/784/784 782/782/782 783/783/783
f 785/785/785 781/781/781 779/779/779
f 785/785/785 779/779/779 786/786/786
f 781/781/781 785/785/785 787/787/787
f 781/781/781 787/787/787 788/788/788
f 787/787/787 785/785/785 789/789/789
f 789/789/789 785/785/785 790/790/790
f 791/791/791 792/792/792 793/793/793
f 791/791/791 794/794/794 792/792/792
f 795/795/795 794/794/794 791/791/791
f 794/794/794 795/795/795 796/796/796
f 796/796/796 795/795/795 797/797/797
f 798/798/798 799/799/799 800/800/800
f 798/798/798 801/801/801 799/799/799
f 801/801/801 798/798/798 802/802/802
f 801/801/801 802/802/802 803/803/803
f 804/804/804 803/803/803 802/802/802
f 804/804/804 802/802/802 805/805/805
f 806/806/806 804/804/804 805/805/805
f 806/806/806 805/805/805 807/807/807
f 808/808/808 809/809/809 810/810/810
f 810/810/810 809/809/809 811/811/811
f 811/811/811 809/809/809 812/812/812
f 811/811/811 812/812/812 813/813/813
f 813/813/813 812/812/812 814/814/814
f 815/815/815 816/816/816 817/817/817
f 815/815/815 818/818/818 816/816/816
f 819/819/819 818/818/818 815/815/815
f 819/819/819 815/815/815 820/820/820
f 821/821/821 822/822/822 823/823/823
f 823/823/823 822/822/822 824/824/824
f 824/824/824 822/822/822 825/825/825
f 825/825/825 822/822/822 826/826/826
f 822/822/822 827/827/827 826/826/826
f 826/826/826 827/827/827 828/828/828
f 828/828/828 827/827/827 829/829/829
f 829/829/829 827/827/827 830/830/830
f 831/831/831 832/832/832 833/833/833
f 834/834/834 832/832/832 831/831/831
f 835/835/835 832/832/832 834/834/834
f 836/836/836 832/832/832 835/835/835
f 837/837/837 836/836/836 835/835/835
f 838/838/838 836/836/836 837/837/837
f 839/839/839 836/836/836 838/838/838
f 840/840/840 836/836/836 839/839/839
f 841/841/841 842/842/842 843/843/843
f 844/844/844 842/842/842 841/841/841
f 845/845/845 842/842/842 844/844/844
f 846/846/846 842/842/842 845/845/845
f 842/842/842 846/846/846 847/847/847
f 848/848/848 847/847/847 846/846/846
f 849/849/849 847/847/847 848/848/848
f 850/850/850 847/847/847 849/849/849
f 851/851/851 847/847/847 850/850/850
f 852/852/852 853/853/853 854/854/854
f 855/855/855 853/853/853 852/852/852
f 856/856/856 853/853/853 855/855/855
f 853/853/853 856/856/856 857/857/857
f 858/858/858 859/859/859 860/860/860
f 861/861/861 859/859/859 858/858/858
f 862/862/862 859/859/859 861/861/861
f 863/863/863 859/859/859 862/862/862
f 864/864/864 859/859/859 863/863/863
f 865/865/865 864/864/864 863/863/863
f 866/866/866 864/864/864 865/865/865
f 864/864/864 866/866/866 867/867/867
f 864/864/864 867/867/867 868/868/868
f 869/869/869 870/870/870 871/871/871
f 872/872/872 870/870/870 869/869/869
f 872/872/872 873/873/873 870/870/870
f 874/874/874 873/873/873 872/872/872
f 875/875/875 873/873/873 874/874/874
f 870/870/870 873/873/873 876/876/876
f 870/870/870 876/876/876 877/877/877
f 878/878/878 876/876/876 873/873/873
f 878/878/878 873/873/873 879/879/879
f 880/880/880 876/876/876 878/878/878
f 876/876/876 880/880/880 881/881/881
f 882/882/882 883/883/883 884/884/884
f 883/883/883 885/885/885 884/884/884
f 882/882/882 886/886/886 883/883/883
f 883/883/883 887/887/887 885/885/885
f 888/888/888 885/885/885 887/887/887
f 889/889/889 885/885/885 888/888/888
f 882/882/882 890/890/890 886/886/886
f 890/890/890 882/882/882 891/891/891
f 891/891/891 882/882/882 892/892/892
f 885/885/885 889/889/889 893/893/893
f 894/894/894 892/892/892 882/882/882
f 892/892/892 894/894/894 895/895/895
f 895/895/895 894/894/894 896/896/896
f 897/897/897 893/893/893 889/889/889
f 898/898/898 893/893/893 897/897/897
f 893/893/893 898/898/898 899/899/899
f 900/900/900 896/896/896 894/894/894
f 900/900/900 893/893/893 899/899/899
f 900/900/900 901/901/901 896/896/896
f 900/900/900 899/899/899 901/901/901
f 902/902/902 903/903/903 904/904/904
f 904/904/904 903/903/903 905/905/905
f 905/905/905 903/903/903 906/906/906
f 905/905/905 906/906/906 907/907/907
f 903/903/903 902/902/902 908/908/908
f 908/908/908 902/902/902 909/909/909
f 906/906/906 910/910/910 907/907/907
f 907/907/907 910/910/910 911/911/911
f 911/911/911 910/910/910 912/912/912
f 912/912/912 910/910/910 913/913/913
f 908/908/908 909/909/909 914/914/914
f 912/912/912 913/913/913 914/914/914
f 908/908/908 914/914/914 915/915/915
f 914/914/914 913/913/913 915/915/915
f 916/916/916 917/917/917 918/918/918
f 918/918/918 919/919/919 916/916/916
f 918/918/918 917/917/917 920/920/920
f 918/918/918 921/921/921 919/919/919
f 922/922/922 919/919/919 921/921/921
f 923/923/923 920/920/920 917/917/917
f 924/924/924 920/920/920 923/923/923
f 922/922/922 925/925/925 919/919/919
f 924/924/924 923/923/923 926/926/926
f 926/926/926 923/923/923 927/927/927
f 926/926/926 927/927/927 925/925/925
f 928/928/928 925/925/925 922/922/922
f 926/926/926 925/925/925 929/929/929
f 929/929/929 925/925/925 928/928/928
f 930/930/930 931/931/931 932/932/932
f 933/933/933 931/931/931 930/930/930
f 930/930/930 932/932/932 934/934/934
f 934/934/934 932/932/932 935/935/935
f 930/930/930 934/934/934 936/936/936
f 937/937/937 933/933/933 930/930/930
f 938/938/938 936/936/936 934/934/934
f 938/938/938 934/934/934 935/935/935
f 933/933/933 937/937/937 939/939/939
f 935/935/935 940/940/940 938/938/938
f 940/940/940 941/941/941 938/938/938
f 942/942/942 938/938/938 941/941/941
f 938/938/938 942/942/942 943/943/943
f 944/944/944 939/939/939 937/937/937
f 943/943/943 942/942/942 945/945/945
f 946/946/946 945/945/945 944/944/944
f 937/937/937 946/946/946 944/944/944
f 946/946/946 943/943/943 945/945/945
f 937/937/937 947/947/947 946/946/946
f 946/946/946 947/947/947 943/943/943
f 948/948/948 949/949/949 950/950/950
f 949/949/949 948/948/948 951/951/951
f 948/948/948 950/950/950 952/952/952
f 951/951/951 948/948/948 953/953/953
f 950/950/950 954/954/954 952/952/952
f 951/951/951 953/953/953 954/954/954
f 952/952/952 954/954/954 955/955/955
f 955/955/955 954/954/954 953/953/953
