# Spike-free cactus model. Native +Y up, metre scale; ground datum Y=0.
# Slight buried root skirt; no auto recentre / rescale.
s off
v 0.390000000 -0.080000000 0.000000000
v 0.307352416 -0.080000000 -0.177450000
v 0.401922390 0.170000000 -0.232050000
v 0.390000000 -0.080000000 0.000000000
v 0.401922390 0.170000000 -0.232050000
v 0.510000000 0.170000000 0.000000000
v 0.307352416 -0.080000000 -0.177450000
v 0.195000000 -0.080000000 -0.337749907
v 0.255000000 0.170000000 -0.441672956
v 0.307352416 -0.080000000 -0.177450000
v 0.255000000 0.170000000 -0.441672956
v 0.401922390 0.170000000 -0.232050000
v 0.195000000 -0.080000000 -0.337749907
v 0.000000000 -0.080000000 -0.354900000
v 0.000000000 0.170000000 -0.464100000
v 0.195000000 -0.080000000 -0.337749907
v 0.000000000 0.170000000 -0.464100000
v 0.255000000 0.170000000 -0.441672956
v 0.000000000 -0.080000000 -0.354900000
v -0.195000000 -0.080000000 -0.337749907
v -0.255000000 0.170000000 -0.441672956
v 0.000000000 -0.080000000 -0.354900000
v -0.255000000 0.170000000 -0.441672956
v 0.000000000 0.170000000 -0.464100000
v -0.195000000 -0.080000000 -0.337749907
v -0.307352416 -0.080000000 -0.177450000
v -0.401922390 0.170000000 -0.232050000
v -0.195000000 -0.080000000 -0.337749907
v -0.401922390 0.170000000 -0.232050000
v -0.255000000 0.170000000 -0.441672956
v -0.307352416 -0.080000000 -0.177450000
v -0.390000000 -0.080000000 -0.000000000
v -0.510000000 0.170000000 -0.000000000
v -0.307352416 -0.080000000 -0.177450000
v -0.510000000 0.170000000 -0.000000000
v -0.401922390 0.170000000 -0.232050000
v -0.390000000 -0.080000000 -0.000000000
v -0.307352416 -0.080000000 0.177450000
v -0.401922390 0.170000000 0.232050000
v -0.390000000 -0.080000000 -0.000000000
v -0.401922390 0.170000000 0.232050000
v -0.510000000 0.170000000 -0.000000000
v -0.307352416 -0.080000000 0.177450000
v -0.195000000 -0.080000000 0.337749907
v -0.255000000 0.170000000 0.441672956
v -0.307352416 -0.080000000 0.177450000
v -0.255000000 0.170000000 0.441672956
v -0.401922390 0.170000000 0.232050000
v -0.195000000 -0.080000000 0.337749907
v -0.000000000 -0.080000000 0.354900000
v -0.000000000 0.170000000 0.464100000
v -0.195000000 -0.080000000 0.337749907
v -0.000000000 0.170000000 0.464100000
v -0.255000000 0.170000000 0.441672956
v -0.000000000 -0.080000000 0.354900000
v 0.195000000 -0.080000000 0.337749907
v 0.255000000 0.170000000 0.441672956
v -0.000000000 -0.080000000 0.354900000
v 0.255000000 0.170000000 0.441672956
v -0.000000000 0.170000000 0.464100000
v 0.195000000 -0.080000000 0.337749907
v 0.307352416 -0.080000000 0.177450000
v 0.401922390 0.170000000 0.232050000
v 0.195000000 -0.080000000 0.337749907
v 0.401922390 0.170000000 0.232050000
v 0.255000000 0.170000000 0.441672956
v 0.307352416 -0.080000000 0.177450000
v 0.390000000 -0.080000000 0.000000000
v 0.510000000 0.170000000 0.000000000
v 0.307352416 -0.080000000 0.177450000
v 0.510000000 0.170000000 0.000000000
v 0.401922390 0.170000000 0.232050000
v 0.510000000 0.170000000 0.000000000
v 0.401922390 0.170000000 -0.232050000
v 0.370374316 2.695718216 -0.213850000
v 0.510000000 0.170000000 0.000000000
v 0.370374316 2.695718216 -0.213850000
v 0.469968595 2.694566837 0.000000000
v 0.401922390 0.170000000 -0.232050000
v 0.255000000 0.170000000 -0.441672956
v 0.234984298 2.697283419 -0.407031940
v 0.401922390 0.170000000 -0.232050000
v 0.234984298 2.697283419 -0.407031940
v 0.370374316 2.695718216 -0.213850000
v 0.255000000 0.170000000 -0.441672956
v 0.000000000 0.170000000 -0.464100000
v 0.000000000 2.700000000 -0.427700000
v 0.255000000 0.170000000 -0.441672956
v 0.000000000 2.700000000 -0.427700000
v 0.234984298 2.697283419 -0.407031940
v 0.000000000 0.170000000 -0.464100000
v -0.255000000 0.170000000 -0.441672956
v -0.234984298 2.702716581 -0.407031940
v 0.000000000 0.170000000 -0.464100000
v -0.234984298 2.702716581 -0.407031940
v 0.000000000 2.700000000 -0.427700000
v -0.255000000 0.170000000 -0.441672956
v -0.401922390 0.170000000 -0.232050000
v -0.370374316 2.704281784 -0.213850000
v -0.255000000 0.170000000 -0.441672956
v -0.370374316 2.704281784 -0.213850000
v -0.234984298 2.702716581 -0.407031940
v -0.401922390 0.170000000 -0.232050000
v -0.510000000 0.170000000 -0.000000000
v -0.469968595 2.705433163 -0.000000000
v -0.401922390 0.170000000 -0.232050000
v -0.469968595 2.705433163 -0.000000000
v -0.370374316 2.704281784 -0.213850000
v -0.510000000 0.170000000 -0.000000000
v -0.401922390 0.170000000 0.232050000
v -0.370374316 2.704281784 0.213850000
v -0.510000000 0.170000000 -0.000000000
v -0.370374316 2.704281784 0.213850000
v -0.469968595 2.705433163 -0.000000000
v -0.401922390 0.170000000 0.232050000
v -0.255000000 0.170000000 0.441672956
v -0.234984298 2.702716581 0.407031940
v -0.401922390 0.170000000 0.232050000
v -0.234984298 2.702716581 0.407031940
v -0.370374316 2.704281784 0.213850000
v -0.255000000 0.170000000 0.441672956
v -0.000000000 0.170000000 0.464100000
v -0.000000000 2.700000000 0.427700000
v -0.255000000 0.170000000 0.441672956
v -0.000000000 2.700000000 0.427700000
v -0.234984298 2.702716581 0.407031940
v -0.000000000 0.170000000 0.464100000
v 0.255000000 0.170000000 0.441672956
v 0.234984298 2.697283419 0.407031940
v -0.000000000 0.170000000 0.464100000
v 0.234984298 2.697283419 0.407031940
v -0.000000000 2.700000000 0.427700000
v 0.255000000 0.170000000 0.441672956
v 0.401922390 0.170000000 0.232050000
v 0.370374316 2.695718216 0.213850000
v 0.255000000 0.170000000 0.441672956
v 0.370374316 2.695718216 0.213850000
v 0.234984298 2.697283419 0.407031940
v 0.401922390 0.170000000 0.232050000
v 0.510000000 0.170000000 0.000000000
v 0.469968595 2.694566837 0.000000000
v 0.401922390 0.170000000 0.232050000
v 0.469968595 2.694566837 0.000000000
v 0.370374316 2.695718216 0.213850000
v 0.469968595 2.694566837 0.000000000
v 0.370374316 2.695718216 -0.213850000
v 0.331431556 3.620365899 -0.168350000
v 0.469968595 2.694566837 0.000000000
v 0.331431556 3.620365899 -0.168350000
v 0.409797994 3.617775273 0.000000000
v 0.370374316 2.695718216 -0.213850000
v 0.234984298 2.697283419 -0.407031940
v 0.224898997 3.623887636 -0.320429399
v 0.370374316 2.695718216 -0.213850000
v 0.224898997 3.623887636 -0.320429399
v 0.331431556 3.620365899 -0.168350000
v 0.234984298 2.697283419 -0.407031940
v 0.000000000 2.700000000 -0.427700000
v 0.040000000 3.630000000 -0.336700000
v 0.234984298 2.697283419 -0.407031940
v 0.040000000 3.630000000 -0.336700000
v 0.224898997 3.623887636 -0.320429399
v 0.000000000 2.700000000 -0.427700000
v -0.234984298 2.702716581 -0.407031940
v -0.144898997 3.636112364 -0.320429399
v 0.000000000 2.700000000 -0.427700000
v -0.144898997 3.636112364 -0.320429399
v 0.040000000 3.630000000 -0.336700000
v -0.234984298 2.702716581 -0.407031940
v -0.370374316 2.704281784 -0.213850000
v -0.251431556 3.639634101 -0.168350000
v -0.234984298 2.702716581 -0.407031940
v -0.251431556 3.639634101 -0.168350000
v -0.144898997 3.636112364 -0.320429399
v -0.370374316 2.704281784 -0.213850000
v -0.469968595 2.705433163 -0.000000000
v -0.329797994 3.642224727 -0.000000000
v -0.370374316 2.704281784 -0.213850000
v -0.329797994 3.642224727 -0.000000000
v -0.251431556 3.639634101 -0.168350000
v -0.469968595 2.705433163 -0.000000000
v -0.370374316 2.704281784 0.213850000
v -0.251431556 3.639634101 0.168350000
v -0.469968595 2.705433163 -0.000000000
v -0.251431556 3.639634101 0.168350000
v -0.329797994 3.642224727 -0.000000000
v -0.370374316 2.704281784 0.213850000
v -0.234984298 2.702716581 0.407031940
v -0.144898997 3.636112364 0.320429399
v -0.370374316 2.704281784 0.213850000
v -0.144898997 3.636112364 0.320429399
v -0.251431556 3.639634101 0.168350000
v -0.234984298 2.702716581 0.407031940
v -0.000000000 2.700000000 0.427700000
v 0.040000000 3.630000000 0.336700000
v -0.234984298 2.702716581 0.407031940
v 0.040000000 3.630000000 0.336700000
v -0.144898997 3.636112364 0.320429399
v -0.000000000 2.700000000 0.427700000
v 0.234984298 2.697283419 0.407031940
v 0.224898997 3.623887636 0.320429399
v -0.000000000 2.700000000 0.427700000
v 0.224898997 3.623887636 0.320429399
v 0.040000000 3.630000000 0.336700000
v 0.234984298 2.697283419 0.407031940
v 0.370374316 2.695718216 0.213850000
v 0.331431556 3.620365899 0.168350000
v 0.234984298 2.697283419 0.407031940
v 0.331431556 3.620365899 0.168350000
v 0.224898997 3.623887636 0.320429399
v 0.370374316 2.695718216 0.213850000
v 0.469968595 2.694566837 0.000000000
v 0.409797994 3.617775273 0.000000000
v 0.370374316 2.695718216 0.213850000
v 0.409797994 3.617775273 0.000000000
v 0.331431556 3.620365899 0.168350000
v 0.409797994 3.617775273 0.000000000
v 0.331431556 3.620365899 -0.168350000
v 0.205497455 3.910000000 -0.095550000
v 0.409797994 3.617775273 0.000000000
v 0.205497455 3.910000000 -0.095550000
v 0.250000000 3.910000000 0.000000000
v 0.331431556 3.620365899 -0.168350000
v 0.224898997 3.623887636 -0.320429399
v 0.145000000 3.910000000 -0.181865335
v 0.331431556 3.620365899 -0.168350000
v 0.145000000 3.910000000 -0.181865335
v 0.205497455 3.910000000 -0.095550000
v 0.224898997 3.623887636 -0.320429399
v 0.040000000 3.630000000 -0.336700000
v 0.040000000 3.910000000 -0.191100000
v 0.224898997 3.623887636 -0.320429399
v 0.040000000 3.910000000 -0.191100000
v 0.145000000 3.910000000 -0.181865335
v 0.040000000 3.630000000 -0.336700000
v -0.144898997 3.636112364 -0.320429399
v -0.065000000 3.910000000 -0.181865335
v 0.040000000 3.630000000 -0.336700000
v -0.065000000 3.910000000 -0.181865335
v 0.040000000 3.910000000 -0.191100000
v -0.144898997 3.636112364 -0.320429399
v -0.251431556 3.639634101 -0.168350000
v -0.125497455 3.910000000 -0.095550000
v -0.144898997 3.636112364 -0.320429399
v -0.125497455 3.910000000 -0.095550000
v -0.065000000 3.910000000 -0.181865335
v -0.251431556 3.639634101 -0.168350000
v -0.329797994 3.642224727 -0.000000000
v -0.170000000 3.910000000 -0.000000000
v -0.251431556 3.639634101 -0.168350000
v -0.170000000 3.910000000 -0.000000000
v -0.125497455 3.910000000 -0.095550000
v -0.329797994 3.642224727 -0.000000000
v -0.251431556 3.639634101 0.168350000
v -0.125497455 3.910000000 0.095550000
v -0.329797994 3.642224727 -0.000000000
v -0.125497455 3.910000000 0.095550000
v -0.170000000 3.910000000 -0.000000000
v -0.251431556 3.639634101 0.168350000
v -0.144898997 3.636112364 0.320429399
v -0.065000000 3.910000000 0.181865335
v -0.251431556 3.639634101 0.168350000
v -0.065000000 3.910000000 0.181865335
v -0.125497455 3.910000000 0.095550000
v -0.144898997 3.636112364 0.320429399
v 0.040000000 3.630000000 0.336700000
v 0.040000000 3.910000000 0.191100000
v -0.144898997 3.636112364 0.320429399
v 0.040000000 3.910000000 0.191100000
v -0.065000000 3.910000000 0.181865335
v 0.040000000 3.630000000 0.336700000
v 0.224898997 3.623887636 0.320429399
v 0.145000000 3.910000000 0.181865335
v 0.040000000 3.630000000 0.336700000
v 0.145000000 3.910000000 0.181865335
v 0.040000000 3.910000000 0.191100000
v 0.224898997 3.623887636 0.320429399
v 0.331431556 3.620365899 0.168350000
v 0.205497455 3.910000000 0.095550000
v 0.224898997 3.623887636 0.320429399
v 0.205497455 3.910000000 0.095550000
v 0.145000000 3.910000000 0.181865335
v 0.331431556 3.620365899 0.168350000
v 0.409797994 3.617775273 0.000000000
v 0.250000000 3.910000000 0.000000000
v 0.331431556 3.620365899 0.168350000
v 0.250000000 3.910000000 0.000000000
v 0.205497455 3.910000000 0.095550000
v 0.000000000 -0.080000000 0.000000000
v 0.307352416 -0.080000000 -0.177450000
v 0.390000000 -0.080000000 0.000000000
v 0.000000000 -0.080000000 0.000000000
v 0.195000000 -0.080000000 -0.337749907
v 0.307352416 -0.080000000 -0.177450000
v 0.000000000 -0.080000000 0.000000000
v 0.000000000 -0.080000000 -0.354900000
v 0.195000000 -0.080000000 -0.337749907
v 0.000000000 -0.080000000 0.000000000
v -0.195000000 -0.080000000 -0.337749907
v 0.000000000 -0.080000000 -0.354900000
v 0.000000000 -0.080000000 0.000000000
v -0.307352416 -0.080000000 -0.177450000
v -0.195000000 -0.080000000 -0.337749907
v 0.000000000 -0.080000000 0.000000000
v -0.390000000 -0.080000000 -0.000000000
v -0.307352416 -0.080000000 -0.177450000
v 0.000000000 -0.080000000 0.000000000
v -0.307352416 -0.080000000 0.177450000
v -0.390000000 -0.080000000 -0.000000000
v 0.000000000 -0.080000000 0.000000000
v -0.195000000 -0.080000000 0.337749907
v -0.307352416 -0.080000000 0.177450000
v 0.000000000 -0.080000000 0.000000000
v -0.000000000 -0.080000000 0.354900000
v -0.195000000 -0.080000000 0.337749907
v 0.000000000 -0.080000000 0.000000000
v 0.195000000 -0.080000000 0.337749907
v -0.000000000 -0.080000000 0.354900000
v 0.000000000 -0.080000000 0.000000000
v 0.307352416 -0.080000000 0.177450000
v 0.195000000 -0.080000000 0.337749907
v 0.000000000 -0.080000000 0.000000000
v 0.390000000 -0.080000000 0.000000000
v 0.307352416 -0.080000000 0.177450000
v 0.250000000 3.910000000 0.000000000
v 0.205497455 3.910000000 -0.095550000
v 0.040000000 4.010000000 0.000000000
v 0.205497455 3.910000000 -0.095550000
v 0.145000000 3.910000000 -0.181865335
v 0.040000000 4.010000000 0.000000000
v 0.145000000 3.910000000 -0.181865335
v 0.040000000 3.910000000 -0.191100000
v 0.040000000 4.010000000 0.000000000
v 0.040000000 3.910000000 -0.191100000
v -0.065000000 3.910000000 -0.181865335
v 0.040000000 4.010000000 0.000000000
v -0.065000000 3.910000000 -0.181865335
v -0.125497455 3.910000000 -0.095550000
v 0.040000000 4.010000000 0.000000000
v -0.125497455 3.910000000 -0.095550000
v -0.170000000 3.910000000 -0.000000000
v 0.040000000 4.010000000 0.000000000
v -0.170000000 3.910000000 -0.000000000
v -0.125497455 3.910000000 0.095550000
v 0.040000000 4.010000000 0.000000000
v -0.125497455 3.910000000 0.095550000
v -0.065000000 3.910000000 0.181865335
v 0.040000000 4.010000000 0.000000000
v -0.065000000 3.910000000 0.181865335
v 0.040000000 3.910000000 0.191100000
v 0.040000000 4.010000000 0.000000000
v 0.040000000 3.910000000 0.191100000
v 0.145000000 3.910000000 0.181865335
v 0.040000000 4.010000000 0.000000000
v 0.145000000 3.910000000 0.181865335
v 0.205497455 3.910000000 0.095550000
v 0.040000000 4.010000000 0.000000000
v 0.205497455 3.910000000 0.095550000
v 0.250000000 3.910000000 0.000000000
v 0.040000000 4.010000000 0.000000000
v 0.272065447 0.990975672 0.000000000
v 0.264198391 1.079761020 -0.160866793
v 1.105330030 1.128350648 -0.193040151
v 0.272065447 0.990975672 0.000000000
v 1.105330030 1.128350648 -0.193040151
v 1.141528148 1.027702223 0.000000000
v 0.264198391 1.079761020 -0.160866793
v 0.250000000 1.240000000 -0.250000000
v 1.040000000 1.310000000 -0.300000000
v 0.264198391 1.079761020 -0.160866793
v 1.040000000 1.310000000 -0.300000000
v 1.105330030 1.128350648 -0.193040151
v 0.250000000 1.240000000 -0.250000000
v 0.235801609 1.400238980 -0.160866793
v 0.974669970 1.491649352 -0.193040151
v 0.250000000 1.240000000 -0.250000000
v 0.974669970 1.491649352 -0.193040151
v 1.040000000 1.310000000 -0.300000000
v 0.235801609 1.400238980 -0.160866793
v 0.227934553 1.489024328 -0.000000000
v 0.938471852 1.592297777 -0.000000000
v 0.235801609 1.400238980 -0.160866793
v 0.938471852 1.592297777 -0.000000000
v 0.974669970 1.491649352 -0.193040151
v 0.227934553 1.489024328 -0.000000000
v 0.235801609 1.400238980 0.160866793
v 0.974669970 1.491649352 0.193040151
v 0.227934553 1.489024328 -0.000000000
v 0.974669970 1.491649352 0.193040151
v 0.938471852 1.592297777 -0.000000000
v 0.235801609 1.400238980 0.160866793
v 0.250000000 1.240000000 0.250000000
v 1.040000000 1.310000000 0.300000000
v 0.235801609 1.400238980 0.160866793
v 1.040000000 1.310000000 0.300000000
v 0.974669970 1.491649352 0.193040151
v 0.250000000 1.240000000 0.250000000
v 0.264198391 1.079761020 0.160866793
v 1.105330030 1.128350648 0.193040151
v 0.250000000 1.240000000 0.250000000
v 1.105330030 1.128350648 0.193040151
v 1.040000000 1.310000000 0.300000000
v 0.264198391 1.079761020 0.160866793
v 0.272065447 0.990975672 0.000000000
v 1.141528148 1.027702223 0.000000000
v 0.264198391 1.079761020 0.160866793
v 1.141528148 1.027702223 0.000000000
v 1.105330030 1.128350648 0.193040151
v 1.141528148 1.027702223 0.000000000
v 1.105330030 1.128350648 -0.193040151
v 1.561764439 1.595607928 -0.180170808
v 1.141528148 1.027702223 0.000000000
v 1.561764439 1.595607928 -0.180170808
v 1.656935823 1.565470323 0.000000000
v 1.105330030 1.128350648 -0.193040151
v 1.040000000 1.310000000 -0.300000000
v 1.390000000 1.650000000 -0.280000000
v 1.105330030 1.128350648 -0.193040151
v 1.390000000 1.650000000 -0.280000000
v 1.561764439 1.595607928 -0.180170808
v 1.040000000 1.310000000 -0.300000000
v 0.974669970 1.491649352 -0.193040151
v 1.218235561 1.704392072 -0.180170808
v 1.040000000 1.310000000 -0.300000000
v 1.218235561 1.704392072 -0.180170808
v 1.390000000 1.650000000 -0.280000000
v 0.974669970 1.491649352 -0.193040151
v 0.938471852 1.592297777 -0.000000000
v 1.123064177 1.734529677 -0.000000000
v 0.974669970 1.491649352 -0.193040151
v 1.123064177 1.734529677 -0.000000000
v 1.218235561 1.704392072 -0.180170808
v 0.938471852 1.592297777 -0.000000000
v 0.974669970 1.491649352 0.193040151
v 1.218235561 1.704392072 0.180170808
v 0.938471852 1.592297777 -0.000000000
v 1.218235561 1.704392072 0.180170808
v 1.123064177 1.734529677 -0.000000000
v 0.974669970 1.491649352 0.193040151
v 1.040000000 1.310000000 0.300000000
v 1.390000000 1.650000000 0.280000000
v 0.974669970 1.491649352 0.193040151
v 1.390000000 1.650000000 0.280000000
v 1.218235561 1.704392072 0.180170808
v 1.040000000 1.310000000 0.300000000
v 1.105330030 1.128350648 0.193040151
v 1.561764439 1.595607928 0.180170808
v 1.040000000 1.310000000 0.300000000
v 1.561764439 1.595607928 0.180170808
v 1.390000000 1.650000000 0.280000000
v 1.105330030 1.128350648 0.193040151
v 1.141528148 1.027702223 0.000000000
v 1.656935823 1.565470323 0.000000000
v 1.105330030 1.128350648 0.193040151
v 1.656935823 1.565470323 0.000000000
v 1.561764439 1.595607928 0.180170808
v 1.656935823 1.565470323 0.000000000
v 1.561764439 1.595607928 -0.180170808
v 1.567943426 2.506001529 -0.147997449
v 1.656935823 1.565470323 0.000000000
v 1.567943426 2.506001529 -0.147997449
v 1.649916043 2.503786053 0.000000000
v 1.561764439 1.595607928 -0.180170808
v 1.390000000 1.650000000 -0.280000000
v 1.420000000 2.510000000 -0.230000000
v 1.561764439 1.595607928 -0.180170808
v 1.420000000 2.510000000 -0.230000000
v 1.567943426 2.506001529 -0.147997449
v 1.390000000 1.650000000 -0.280000000
v 1.218235561 1.704392072 -0.180170808
v 1.272056574 2.513998471 -0.147997449
v 1.390000000 1.650000000 -0.280000000
v 1.272056574 2.513998471 -0.147997449
v 1.420000000 2.510000000 -0.230000000
v 1.218235561 1.704392072 -0.180170808
v 1.123064177 1.734529677 -0.000000000
v 1.190083957 2.516213947 -0.000000000
v 1.218235561 1.704392072 -0.180170808
v 1.190083957 2.516213947 -0.000000000
v 1.272056574 2.513998471 -0.147997449
v 1.123064177 1.734529677 -0.000000000
v 1.218235561 1.704392072 0.180170808
v 1.272056574 2.513998471 0.147997449
v 1.123064177 1.734529677 -0.000000000
v 1.272056574 2.513998471 0.147997449
v 1.190083957 2.516213947 -0.000000000
v 1.218235561 1.704392072 0.180170808
v 1.390000000 1.650000000 0.280000000
v 1.420000000 2.510000000 0.230000000
v 1.218235561 1.704392072 0.180170808
v 1.420000000 2.510000000 0.230000000
v 1.272056574 2.513998471 0.147997449
v 1.390000000 1.650000000 0.280000000
v 1.561764439 1.595607928 0.180170808
v 1.567943426 2.506001529 0.147997449
v 1.390000000 1.650000000 0.280000000
v 1.567943426 2.506001529 0.147997449
v 1.420000000 2.510000000 0.230000000
v 1.561764439 1.595607928 0.180170808
v 1.656935823 1.565470323 0.000000000
v 1.649916043 2.503786053 0.000000000
v 1.561764439 1.595607928 0.180170808
v 1.649916043 2.503786053 0.000000000
v 1.567943426 2.506001529 0.147997449
v 1.649916043 2.503786053 0.000000000
v 1.567943426 2.506001529 -0.147997449
v 1.497216061 2.760000000 -0.077216061
v 1.649916043 2.503786053 0.000000000
v 1.497216061 2.760000000 -0.077216061
v 1.540000000 2.760000000 0.000000000
v 1.567943426 2.506001529 -0.147997449
v 1.420000000 2.510000000 -0.230000000
v 1.420000000 2.760000000 -0.120000000
v 1.567943426 2.506001529 -0.147997449
v 1.420000000 2.760000000 -0.120000000
v 1.497216061 2.760000000 -0.077216061
v 1.420000000 2.510000000 -0.230000000
v 1.272056574 2.513998471 -0.147997449
v 1.342783939 2.760000000 -0.077216061
v 1.420000000 2.510000000 -0.230000000
v 1.342783939 2.760000000 -0.077216061
v 1.420000000 2.760000000 -0.120000000
v 1.272056574 2.513998471 -0.147997449
v 1.190083957 2.516213947 -0.000000000
v 1.300000000 2.760000000 -0.000000000
v 1.272056574 2.513998471 -0.147997449
v 1.300000000 2.760000000 -0.000000000
v 1.342783939 2.760000000 -0.077216061
v 1.190083957 2.516213947 -0.000000000
v 1.272056574 2.513998471 0.147997449
v 1.342783939 2.760000000 0.077216061
v 1.190083957 2.516213947 -0.000000000
v 1.342783939 2.760000000 0.077216061
v 1.300000000 2.760000000 -0.000000000
v 1.272056574 2.513998471 0.147997449
v 1.420000000 2.510000000 0.230000000
v 1.420000000 2.760000000 0.120000000
v 1.272056574 2.513998471 0.147997449
v 1.420000000 2.760000000 0.120000000
v 1.342783939 2.760000000 0.077216061
v 1.420000000 2.510000000 0.230000000
v 1.567943426 2.506001529 0.147997449
v 1.497216061 2.760000000 0.077216061
v 1.420000000 2.510000000 0.230000000
v 1.497216061 2.760000000 0.077216061
v 1.420000000 2.760000000 0.120000000
v 1.567943426 2.506001529 0.147997449
v 1.649916043 2.503786053 0.000000000
v 1.540000000 2.760000000 0.000000000
v 1.567943426 2.506001529 0.147997449
v 1.540000000 2.760000000 0.000000000
v 1.497216061 2.760000000 0.077216061
v 0.250000000 1.240000000 0.000000000
v 0.264198391 1.079761020 -0.160866793
v 0.272065447 0.990975672 0.000000000
v 0.250000000 1.240000000 0.000000000
v 0.250000000 1.240000000 -0.250000000
v 0.264198391 1.079761020 -0.160866793
v 0.250000000 1.240000000 0.000000000
v 0.235801609 1.400238980 -0.160866793
v 0.250000000 1.240000000 -0.250000000
v 0.250000000 1.240000000 0.000000000
v 0.227934553 1.489024328 -0.000000000
v 0.235801609 1.400238980 -0.160866793
v 0.250000000 1.240000000 0.000000000
v 0.235801609 1.400238980 0.160866793
v 0.227934553 1.489024328 -0.000000000
v 0.250000000 1.240000000 0.000000000
v 0.250000000 1.240000000 0.250000000
v 0.235801609 1.400238980 0.160866793
v 0.250000000 1.240000000 0.000000000
v 0.264198391 1.079761020 0.160866793
v 0.250000000 1.240000000 0.250000000
v 0.250000000 1.240000000 0.000000000
v 0.272065447 0.990975672 0.000000000
v 0.264198391 1.079761020 0.160866793
v 1.540000000 2.760000000 0.000000000
v 1.497216061 2.760000000 -0.077216061
v 1.420000000 2.820000000 0.000000000
v 1.497216061 2.760000000 -0.077216061
v 1.420000000 2.760000000 -0.120000000
v 1.420000000 2.820000000 0.000000000
v 1.420000000 2.760000000 -0.120000000
v 1.342783939 2.760000000 -0.077216061
v 1.420000000 2.820000000 0.000000000
v 1.342783939 2.760000000 -0.077216061
v 1.300000000 2.760000000 -0.000000000
v 1.420000000 2.820000000 0.000000000
v 1.300000000 2.760000000 -0.000000000
v 1.342783939 2.760000000 0.077216061
v 1.420000000 2.820000000 0.000000000
v 1.342783939 2.760000000 0.077216061
v 1.420000000 2.760000000 0.120000000
v 1.420000000 2.820000000 0.000000000
v 1.420000000 2.760000000 0.120000000
v 1.497216061 2.760000000 0.077216061
v 1.420000000 2.820000000 0.000000000
v 1.497216061 2.760000000 0.077216061
v 1.540000000 2.760000000 0.000000000
v 1.420000000 2.820000000 0.000000000
v -0.237197820 2.357838691 0.035000000
v -0.248892874 2.269476062 -0.125866793
v -0.878492513 2.358338007 -0.138736136
v -0.237197820 2.357838691 0.035000000
v -0.878492513 2.358338007 -0.138736136
v -0.838871585 2.446070062 0.035000000
v -0.248892874 2.269476062 -0.125866793
v -0.270000000 2.110000000 -0.215000000
v -0.950000000 2.200000000 -0.235000000
v -0.248892874 2.269476062 -0.125866793
v -0.950000000 2.200000000 -0.235000000
v -0.878492513 2.358338007 -0.138736136
v -0.270000000 2.110000000 -0.215000000
v -0.291107126 1.950523938 -0.125866793
v -1.021507487 2.041661993 -0.138736136
v -0.270000000 2.110000000 -0.215000000
v -1.021507487 2.041661993 -0.138736136
v -0.950000000 2.200000000 -0.235000000
v -0.291107126 1.950523938 -0.125866793
v -0.302802180 1.862161309 0.035000000
v -1.061128415 1.953929938 0.035000000
v -0.291107126 1.950523938 -0.125866793
v -1.061128415 1.953929938 0.035000000
v -1.021507487 2.041661993 -0.138736136
v -0.302802180 1.862161309 0.035000000
v -0.291107126 1.950523938 0.195866793
v -1.021507487 2.041661993 0.208736136
v -0.302802180 1.862161309 0.035000000
v -1.021507487 2.041661993 0.208736136
v -1.061128415 1.953929938 0.035000000
v -0.291107126 1.950523938 0.195866793
v -0.270000000 2.110000000 0.285000000
v -0.950000000 2.200000000 0.305000000
v -0.291107126 1.950523938 0.195866793
v -0.950000000 2.200000000 0.305000000
v -1.021507487 2.041661993 0.208736136
v -0.270000000 2.110000000 0.285000000
v -0.248892874 2.269476062 0.195866793
v -0.878492513 2.358338007 0.208736136
v -0.270000000 2.110000000 0.285000000
v -0.878492513 2.358338007 0.208736136
v -0.950000000 2.200000000 0.305000000
v -0.248892874 2.269476062 0.195866793
v -0.237197820 2.357838691 0.035000000
v -0.838871585 2.446070062 0.035000000
v -0.248892874 2.269476062 0.195866793
v -0.838871585 2.446070062 0.035000000
v -0.878492513 2.358338007 0.208736136
v -0.838871585 2.446070062 0.035000000
v -0.878492513 2.358338007 -0.138736136
v -1.042626415 2.563341861 -0.125866793
v -0.838871585 2.446070062 0.035000000
v -1.042626415 2.563341861 -0.125866793
v -0.955428727 2.581815948 0.035000000
v -0.878492513 2.358338007 -0.138736136
v -0.950000000 2.200000000 -0.235000000
v -1.200000000 2.530000000 -0.215000000
v -0.878492513 2.358338007 -0.138736136
v -1.200000000 2.530000000 -0.215000000
v -1.042626415 2.563341861 -0.125866793
v -0.950000000 2.200000000 -0.235000000
v -1.021507487 2.041661993 -0.138736136
v -1.357373585 2.496658139 -0.125866793
v -0.950000000 2.200000000 -0.235000000
v -1.357373585 2.496658139 -0.125866793
v -1.200000000 2.530000000 -0.215000000
v -1.021507487 2.041661993 -0.138736136
v -1.061128415 1.953929938 0.035000000
v -1.444571273 2.478184052 0.035000000
v -1.021507487 2.041661993 -0.138736136
v -1.444571273 2.478184052 0.035000000
v -1.357373585 2.496658139 -0.125866793
v -1.061128415 1.953929938 0.035000000
v -1.021507487 2.041661993 0.208736136
v -1.357373585 2.496658139 0.195866793
v -1.061128415 1.953929938 0.035000000
v -1.357373585 2.496658139 0.195866793
v -1.444571273 2.478184052 0.035000000
v -1.021507487 2.041661993 0.208736136
v -0.950000000 2.200000000 0.305000000
v -1.200000000 2.530000000 0.285000000
v -1.021507487 2.041661993 0.208736136
v -1.200000000 2.530000000 0.285000000
v -1.357373585 2.496658139 0.195866793
v -0.950000000 2.200000000 0.305000000
v -0.878492513 2.358338007 0.208736136
v -1.042626415 2.563341861 0.195866793
v -0.950000000 2.200000000 0.305000000
v -1.042626415 2.563341861 0.195866793
v -1.200000000 2.530000000 0.285000000
v -0.878492513 2.358338007 0.208736136
v -0.838871585 2.446070062 0.035000000
v -0.955428727 2.581815948 0.035000000
v -0.878492513 2.358338007 0.208736136
v -0.955428727 2.581815948 0.035000000
v -1.042626415 2.563341861 0.195866793
v -0.955428727 2.581815948 0.035000000
v -1.042626415 2.563341861 -0.125866793
v -1.064871894 3.380000000 -0.100128106
v -0.955428727 2.581815948 0.035000000
v -1.064871894 3.380000000 -0.100128106
v -0.990000000 3.380000000 0.035000000
v -1.042626415 2.563341861 -0.125866793
v -1.200000000 2.530000000 -0.215000000
v -1.200000000 3.380000000 -0.175000000
v -1.042626415 2.563341861 -0.125866793
v -1.200000000 3.380000000 -0.175000000
v -1.064871894 3.380000000 -0.100128106
v -1.200000000 2.530000000 -0.215000000
v -1.357373585 2.496658139 -0.125866793
v -1.335128106 3.380000000 -0.100128106
v -1.200000000 2.530000000 -0.215000000
v -1.335128106 3.380000000 -0.100128106
v -1.200000000 3.380000000 -0.175000000
v -1.357373585 2.496658139 -0.125866793
v -1.444571273 2.478184052 0.035000000
v -1.410000000 3.380000000 0.035000000
v -1.357373585 2.496658139 -0.125866793
v -1.410000000 3.380000000 0.035000000
v -1.335128106 3.380000000 -0.100128106
v -1.444571273 2.478184052 0.035000000
v -1.357373585 2.496658139 0.195866793
v -1.335128106 3.380000000 0.170128106
v -1.444571273 2.478184052 0.035000000
v -1.335128106 3.380000000 0.170128106
v -1.410000000 3.380000000 0.035000000
v -1.357373585 2.496658139 0.195866793
v -1.200000000 2.530000000 0.285000000
v -1.200000000 3.380000000 0.245000000
v -1.357373585 2.496658139 0.195866793
v -1.200000000 3.380000000 0.245000000
v -1.335128106 3.380000000 0.170128106
v -1.200000000 2.530000000 0.285000000
v -1.042626415 2.563341861 0.195866793
v -1.064871894 3.380000000 0.170128106
v -1.200000000 2.530000000 0.285000000
v -1.064871894 3.380000000 0.170128106
v -1.200000000 3.380000000 0.245000000
v -1.042626415 2.563341861 0.195866793
v -0.955428727 2.581815948 0.035000000
v -0.990000000 3.380000000 0.035000000
v -1.042626415 2.563341861 0.195866793
v -0.990000000 3.380000000 0.035000000
v -1.064871894 3.380000000 0.170128106
v -0.990000000 3.380000000 0.035000000
v -1.064871894 3.380000000 -0.100128106
v -1.129218611 3.590000000 -0.035781389
v -0.990000000 3.380000000 0.035000000
v -1.129218611 3.590000000 -0.035781389
v -1.090000000 3.590000000 0.035000000
v -1.064871894 3.380000000 -0.100128106
v -1.200000000 3.380000000 -0.175000000
v -1.200000000 3.590000000 -0.075000000
v -1.064871894 3.380000000 -0.100128106
v -1.200000000 3.590000000 -0.075000000
v -1.129218611 3.590000000 -0.035781389
v -1.200000000 3.380000000 -0.175000000
v -1.335128106 3.380000000 -0.100128106
v -1.270781389 3.590000000 -0.035781389
v -1.200000000 3.380000000 -0.175000000
v -1.270781389 3.590000000 -0.035781389
v -1.200000000 3.590000000 -0.075000000
v -1.335128106 3.380000000 -0.100128106
v -1.410000000 3.380000000 0.035000000
v -1.310000000 3.590000000 0.035000000
v -1.335128106 3.380000000 -0.100128106
v -1.310000000 3.590000000 0.035000000
v -1.270781389 3.590000000 -0.035781389
v -1.410000000 3.380000000 0.035000000
v -1.335128106 3.380000000 0.170128106
v -1.270781389 3.590000000 0.105781389
v -1.410000000 3.380000000 0.035000000
v -1.270781389 3.590000000 0.105781389
v -1.310000000 3.590000000 0.035000000
v -1.335128106 3.380000000 0.170128106
v -1.200000000 3.380000000 0.245000000
v -1.200000000 3.590000000 0.145000000
v -1.335128106 3.380000000 0.170128106
v -1.200000000 3.590000000 0.145000000
v -1.270781389 3.590000000 0.105781389
v -1.200000000 3.380000000 0.245000000
v -1.064871894 3.380000000 0.170128106
v -1.129218611 3.590000000 0.105781389
v -1.200000000 3.380000000 0.245000000
v -1.129218611 3.590000000 0.105781389
v -1.200000000 3.590000000 0.145000000
v -1.064871894 3.380000000 0.170128106
v -0.990000000 3.380000000 0.035000000
v -1.090000000 3.590000000 0.035000000
v -1.064871894 3.380000000 0.170128106
v -1.090000000 3.590000000 0.035000000
v -1.129218611 3.590000000 0.105781389
v -0.270000000 2.110000000 0.035000000
v -0.248892874 2.269476062 -0.125866793
v -0.237197820 2.357838691 0.035000000
v -0.270000000 2.110000000 0.035000000
v -0.270000000 2.110000000 -0.215000000
v -0.248892874 2.269476062 -0.125866793
v -0.270000000 2.110000000 0.035000000
v -0.291107126 1.950523938 -0.125866793
v -0.270000000 2.110000000 -0.215000000
v -0.270000000 2.110000000 0.035000000
v -0.302802180 1.862161309 0.035000000
v -0.291107126 1.950523938 -0.125866793
v -0.270000000 2.110000000 0.035000000
v -0.291107126 1.950523938 0.195866793
v -0.302802180 1.862161309 0.035000000
v -0.270000000 2.110000000 0.035000000
v -0.270000000 2.110000000 0.285000000
v -0.291107126 1.950523938 0.195866793
v -0.270000000 2.110000000 0.035000000
v -0.248892874 2.269476062 0.195866793
v -0.270000000 2.110000000 0.285000000
v -0.270000000 2.110000000 0.035000000
v -0.237197820 2.357838691 0.035000000
v -0.248892874 2.269476062 0.195866793
v -1.090000000 3.590000000 0.035000000
v -1.129218611 3.590000000 -0.035781389
v -1.200000000 3.650000000 0.035000000
v -1.129218611 3.590000000 -0.035781389
v -1.200000000 3.590000000 -0.075000000
v -1.200000000 3.650000000 0.035000000
v -1.200000000 3.590000000 -0.075000000
v -1.270781389 3.590000000 -0.035781389
v -1.200000000 3.650000000 0.035000000
v -1.270781389 3.590000000 -0.035781389
v -1.310000000 3.590000000 0.035000000
v -1.200000000 3.650000000 0.035000000
v -1.310000000 3.590000000 0.035000000
v -1.270781389 3.590000000 0.105781389
v -1.200000000 3.650000000 0.035000000
v -1.270781389 3.590000000 0.105781389
v -1.200000000 3.590000000 0.145000000
v -1.200000000 3.650000000 0.035000000
v -1.200000000 3.590000000 0.145000000
v -1.129218611 3.590000000 0.105781389
v -1.200000000 3.650000000 0.035000000
v -1.129218611 3.590000000 0.105781389
v -1.090000000 3.590000000 0.035000000
v -1.200000000 3.650000000 0.035000000
v 0.224737991 1.919513100 0.240000000
v 0.156612369 2.056309166 0.217391562
v 0.200886188 2.152784943 0.767069126
v 0.224737991 1.919513100 0.240000000
v 0.200886188 2.152784943 0.767069126
v 0.267282894 1.993241732 0.830000000
v 0.156612369 2.056309166 0.217391562
v 0.025339078 2.136781555 0.204864660
v 0.053828864 2.257575995 0.732200335
v 0.156612369 2.056309166 0.217391562
v 0.053828864 2.257575995 0.732200335
v 0.200886188 2.152784943 0.767069126
v 0.025339078 2.136781555 0.204864660
v -0.113306655 2.069805118 0.217391562
v -0.117350661 2.200090420 0.767069126
v 0.025339078 2.136781555 0.204864660
v -0.117350661 2.200090420 0.767069126
v 0.053828864 2.257575995 0.732200335
v -0.113306655 2.069805118 0.217391562
v -0.194737991 1.940486900 0.240000000
v -0.227282894 2.066758268 0.830000000
v -0.113306655 2.069805118 0.217391562
v -0.227282894 2.066758268 0.830000000
v -0.117350661 2.200090420 0.767069126
v -0.194737991 1.940486900 0.240000000
v -0.126612369 1.803690834 0.262608438
v -0.160886188 1.907215057 0.892930874
v -0.194737991 1.940486900 0.240000000
v -0.160886188 1.907215057 0.892930874
v -0.227282894 2.066758268 0.830000000
v -0.126612369 1.803690834 0.262608438
v 0.004660922 1.723218445 0.275135340
v -0.013828864 1.802424005 0.927799665
v -0.126612369 1.803690834 0.262608438
v -0.013828864 1.802424005 0.927799665
v -0.160886188 1.907215057 0.892930874
v 0.004660922 1.723218445 0.275135340
v 0.143306655 1.790194882 0.262608438
v 0.157350661 1.859909580 0.892930874
v 0.004660922 1.723218445 0.275135340
v 0.157350661 1.859909580 0.892930874
v -0.013828864 1.802424005 0.927799665
v 0.143306655 1.790194882 0.262608438
v 0.224737991 1.919513100 0.240000000
v 0.267282894 1.993241732 0.830000000
v 0.143306655 1.790194882 0.262608438
v 0.267282894 1.993241732 0.830000000
v 0.157350661 1.859909580 0.892930874
v 0.267282894 1.993241732 0.830000000
v 0.200886188 2.152784943 0.767069126
v 0.220143217 2.338284051 0.979295217
v 0.267282894 1.993241732 0.830000000
v 0.220143217 2.338284051 0.979295217
v 0.299701229 2.288280550 1.120000000
v 0.200886188 2.152784943 0.767069126
v 0.053828864 2.257575995 0.732200335
v 0.073633467 2.371215960 0.901333393
v 0.200886188 2.152784943 0.767069126
v 0.073633467 2.371215960 0.901333393
v 0.220143217 2.338284051 0.979295217
v 0.053828864 2.257575995 0.732200335
v -0.117350661 2.200090420 0.767069126
v -0.075467183 2.353366214 0.979295217
v 0.053828864 2.257575995 0.732200335
v -0.075467183 2.353366214 0.979295217
v 0.073633467 2.371215960 0.901333393
v -0.117350661 2.200090420 0.767069126
v -0.227282894 2.066758268 0.830000000
v -0.159701229 2.311719450 1.120000000
v -0.117350661 2.200090420 0.767069126
v -0.159701229 2.311719450 1.120000000
v -0.075467183 2.353366214 0.979295217
v -0.227282894 2.066758268 0.830000000
v -0.160886188 1.907215057 0.892930874
v -0.080143217 2.261715949 1.260704783
v -0.227282894 2.066758268 0.830000000
v -0.080143217 2.261715949 1.260704783
v -0.159701229 2.311719450 1.120000000
v -0.160886188 1.907215057 0.892930874
v -0.013828864 1.802424005 0.927799665
v 0.066366533 2.228784040 1.338666607
v -0.160886188 1.907215057 0.892930874
v 0.066366533 2.228784040 1.338666607
v -0.080143217 2.261715949 1.260704783
v -0.013828864 1.802424005 0.927799665
v 0.157350661 1.859909580 0.892930874
v 0.215467183 2.246633786 1.260704783
v -0.013828864 1.802424005 0.927799665
v 0.215467183 2.246633786 1.260704783
v 0.066366533 2.228784040 1.338666607
v 0.157350661 1.859909580 0.892930874
v 0.267282894 1.993241732 0.830000000
v 0.299701229 2.288280550 1.120000000
v 0.157350661 1.859909580 0.892930874
v 0.299701229 2.288280550 1.120000000
v 0.215467183 2.246633786 1.260704783
v 0.299701229 2.288280550 1.120000000
v 0.220143217 2.338284051 0.979295217
v 0.192258762 3.014118743 1.027810635
v 0.299701229 2.288280550 1.120000000
v 0.192258762 3.014118743 1.027810635
v 0.260000000 3.010000000 1.150000000
v 0.220143217 2.338284051 0.979295217
v 0.073633467 2.371215960 0.901333393
v 0.070000000 3.016400859 0.960107849
v 0.220143217 2.338284051 0.979295217
v 0.070000000 3.016400859 0.960107849
v 0.192258762 3.014118743 1.027810635
v 0.073633467 2.371215960 0.901333393
v -0.075467183 2.353366214 0.979295217
v -0.052258762 3.014118743 1.027810635
v 0.073633467 2.371215960 0.901333393
v -0.052258762 3.014118743 1.027810635
v 0.070000000 3.016400859 0.960107849
v -0.075467183 2.353366214 0.979295217
v -0.159701229 2.311719450 1.120000000
v -0.120000000 3.010000000 1.150000000
v -0.075467183 2.353366214 0.979295217
v -0.120000000 3.010000000 1.150000000
v -0.052258762 3.014118743 1.027810635
v -0.159701229 2.311719450 1.120000000
v -0.080143217 2.261715949 1.260704783
v -0.052258762 3.005881257 1.272189365
v -0.159701229 2.311719450 1.120000000
v -0.052258762 3.005881257 1.272189365
v -0.120000000 3.010000000 1.150000000
v -0.080143217 2.261715949 1.260704783
v 0.066366533 2.228784040 1.338666607
v 0.070000000 3.003599141 1.339892151
v -0.080143217 2.261715949 1.260704783
v 0.070000000 3.003599141 1.339892151
v -0.052258762 3.005881257 1.272189365
v 0.066366533 2.228784040 1.338666607
v 0.215467183 2.246633786 1.260704783
v 0.192258762 3.005881257 1.272189365
v 0.066366533 2.228784040 1.338666607
v 0.192258762 3.005881257 1.272189365
v 0.070000000 3.003599141 1.339892151
v 0.215467183 2.246633786 1.260704783
v 0.299701229 2.288280550 1.120000000
v 0.260000000 3.010000000 1.150000000
v 0.215467183 2.246633786 1.260704783
v 0.260000000 3.010000000 1.150000000
v 0.192258762 3.005881257 1.272189365
v 0.260000000 3.010000000 1.150000000
v 0.192258762 3.014118743 1.027810635
v 0.134346717 3.190000000 1.085653283
v 0.260000000 3.010000000 1.150000000
v 0.134346717 3.190000000 1.085653283
v 0.170000000 3.190000000 1.150000000
v 0.192258762 3.014118743 1.027810635
v 0.070000000 3.016400859 0.960107849
v 0.070000000 3.190000000 1.050000000
v 0.192258762 3.014118743 1.027810635
v 0.070000000 3.190000000 1.050000000
v 0.134346717 3.190000000 1.085653283
v 0.070000000 3.016400859 0.960107849
v -0.052258762 3.014118743 1.027810635
v 0.005653283 3.190000000 1.085653283
v 0.070000000 3.016400859 0.960107849
v 0.005653283 3.190000000 1.085653283
v 0.070000000 3.190000000 1.050000000
v -0.052258762 3.014118743 1.027810635
v -0.120000000 3.010000000 1.150000000
v -0.030000000 3.190000000 1.150000000
v -0.052258762 3.014118743 1.027810635
v -0.030000000 3.190000000 1.150000000
v 0.005653283 3.190000000 1.085653283
v -0.120000000 3.010000000 1.150000000
v -0.052258762 3.005881257 1.272189365
v 0.005653283 3.190000000 1.214346717
v -0.120000000 3.010000000 1.150000000
v 0.005653283 3.190000000 1.214346717
v -0.030000000 3.190000000 1.150000000
v -0.052258762 3.005881257 1.272189365
v 0.070000000 3.003599141 1.339892151
v 0.070000000 3.190000000 1.250000000
v -0.052258762 3.005881257 1.272189365
v 0.070000000 3.190000000 1.250000000
v 0.005653283 3.190000000 1.214346717
v 0.070000000 3.003599141 1.339892151
v 0.192258762 3.005881257 1.272189365
v 0.134346717 3.190000000 1.214346717
v 0.070000000 3.003599141 1.339892151
v 0.134346717 3.190000000 1.214346717
v 0.070000000 3.190000000 1.250000000
v 0.192258762 3.005881257 1.272189365
v 0.260000000 3.010000000 1.150000000
v 0.170000000 3.190000000 1.150000000
v 0.192258762 3.005881257 1.272189365
v 0.170000000 3.190000000 1.150000000
v 0.134346717 3.190000000 1.214346717
v 0.015000000 1.930000000 0.240000000
v 0.156612369 2.056309166 0.217391562
v 0.224737991 1.919513100 0.240000000
v 0.015000000 1.930000000 0.240000000
v 0.025339078 2.136781555 0.204864660
v 0.156612369 2.056309166 0.217391562
v 0.015000000 1.930000000 0.240000000
v -0.113306655 2.069805118 0.217391562
v 0.025339078 2.136781555 0.204864660
v 0.015000000 1.930000000 0.240000000
v -0.194737991 1.940486900 0.240000000
v -0.113306655 2.069805118 0.217391562
v 0.015000000 1.930000000 0.240000000
v -0.126612369 1.803690834 0.262608438
v -0.194737991 1.940486900 0.240000000
v 0.015000000 1.930000000 0.240000000
v 0.004660922 1.723218445 0.275135340
v -0.126612369 1.803690834 0.262608438
v 0.015000000 1.930000000 0.240000000
v 0.143306655 1.790194882 0.262608438
v 0.004660922 1.723218445 0.275135340
v 0.015000000 1.930000000 0.240000000
v 0.224737991 1.919513100 0.240000000
v 0.143306655 1.790194882 0.262608438
v 0.170000000 3.190000000 1.150000000
v 0.134346717 3.190000000 1.085653283
v 0.070000000 3.250000000 1.150000000
v 0.134346717 3.190000000 1.085653283
v 0.070000000 3.190000000 1.050000000
v 0.070000000 3.250000000 1.150000000
v 0.070000000 3.190000000 1.050000000
v 0.005653283 3.190000000 1.085653283
v 0.070000000 3.250000000 1.150000000
v 0.005653283 3.190000000 1.085653283
v -0.030000000 3.190000000 1.150000000
v 0.070000000 3.250000000 1.150000000
v -0.030000000 3.190000000 1.150000000
v 0.005653283 3.190000000 1.214346717
v 0.070000000 3.250000000 1.150000000
v 0.005653283 3.190000000 1.214346717
v 0.070000000 3.190000000 1.250000000
v 0.070000000 3.250000000 1.150000000
v 0.070000000 3.190000000 1.250000000
v 0.134346717 3.190000000 1.214346717
v 0.070000000 3.250000000 1.150000000
v 0.134346717 3.190000000 1.214346717
v 0.170000000 3.190000000 1.150000000
v 0.070000000 3.250000000 1.150000000
vt 0.062500000 0.500000000
vt 0.062500000 0.500000000
vt 0.062500000 0.500000000
vt 0.062500000 0.500000000
vt 0.062500000 0.500000000
vt 0.062500000 0.500000000
vt 0.312500000 0.500000000
vt 0.312500000 0.500000000
vt 0.312500000 0.500000000
vt 0.312500000 0.500000000
vt 0.312500000 0.500000000
vt 0.312500000 0.500000000
vt 0.187500000 0.500000000
vt 0.187500000 0.500000000
vt 0.187500000 0.500000000
vt 0.187500000 0.500000000
vt 0.187500000 0.500000000
vt 0.187500000 0.500000000
vt 0.312500000 0.500000000
vt 0.312500000 0.500000000
vt 0.312500000 0.500000000
vt 0.312500000 0.500000000
vt 0.312500000 0.500000000
vt 0.312500000 0.500000000
vt 0.062500000 0.500000000
vt 0.062500000 0.500000000
vt 0.062500000 0.500000000
vt 0.062500000 0.500000000
vt 0.062500000 0.500000000
vt 0.062500000 0.500000000
vt 0.437500000 0.500000000
vt 0.437500000 0.500000000
vt 0.437500000 0.500000000
vt 0.437500000 0.500000000
vt 0.437500000 0.500000000
vt 0.437500000 0.500000000
vt 0.062500000 0.500000000
vt 0.062500000 0.500000000
vt 0.062500000 0.500000000
vt 0.062500000 0.500000000
vt 0.062500000 0.500000000
vt 0.062500000 0.500000000
vt 0.312500000 0.500000000
vt 0.312500000 0.500000000
vt 0.312500000 0.500000000
vt 0.312500000 0.500000000
vt 0.312500000 0.500000000
vt 0.312500000 0.500000000
vt 0.187500000 0.500000000
vt 0.187500000 0.500000000
vt 0.187500000 0.500000000
vt 0.187500000 0.500000000
vt 0.187500000 0.500000000
vt 0.187500000 0.500000000
vt 0.312500000 0.500000000
vt 0.312500000 0.500000000
vt 0.312500000 0.500000000
vt 0.312500000 0.500000000
vt 0.312500000 0.500000000
vt 0.312500000 0.500000000
vt 0.062500000 0.500000000
vt 0.062500000 0.500000000
vt 0.062500000 0.500000000
vt 0.062500000 0.500000000
vt 0.062500000 0.500000000
vt 0.062500000 0.500000000
vt 0.437500000 0.500000000
vt 0.437500000 0.500000000
vt 0.437500000 0.500000000
vt 0.437500000 0.500000000
vt 0.437500000 0.500000000
vt 0.437500000 0.500000000
vt 0.062500000 0.500000000
vt 0.062500000 0.500000000
vt 0.062500000 0.500000000
vt 0.062500000 0.500000000
vt 0.062500000 0.500000000
vt 0.062500000 0.500000000
vt 0.312500000 0.500000000
vt 0.312500000 0.500000000
vt 0.312500000 0.500000000
vt 0.312500000 0.500000000
vt 0.312500000 0.500000000
vt 0.312500000 0.500000000
vt 0.187500000 0.500000000
vt 0.187500000 0.500000000
vt 0.187500000 0.500000000
vt 0.187500000 0.500000000
vt 0.187500000 0.500000000
vt 0.187500000 0.500000000
vt 0.312500000 0.500000000
vt 0.312500000 0.500000000
vt 0.312500000 0.500000000
vt 0.312500000 0.500000000
vt 0.312500000 0.500000000
vt 0.312500000 0.500000000
vt 0.062500000 0.500000000
vt 0.062500000 0.500000000
vt 0.062500000 0.500000000
vt 0.062500000 0.500000000
vt 0.062500000 0.500000000
vt 0.062500000 0.500000000
vt 0.437500000 0.500000000
vt 0.437500000 0.500000000
vt 0.437500000 0.500000000
vt 0.437500000 0.500000000
vt 0.437500000 0.500000000
vt 0.437500000 0.500000000
vt 0.062500000 0.500000000
vt 0.062500000 0.500000000
vt 0.062500000 0.500000000
vt 0.062500000 0.500000000
vt 0.062500000 0.500000000
vt 0.062500000 0.500000000
vt 0.312500000 0.500000000
vt 0.312500000 0.500000000
vt 0.312500000 0.500000000
vt 0.312500000 0.500000000
vt 0.312500000 0.500000000
vt 0.312500000 0.500000000
vt 0.187500000 0.500000000
vt 0.187500000 0.500000000
vt 0.187500000 0.500000000
vt 0.187500000 0.500000000
vt 0.187500000 0.500000000
vt 0.187500000 0.500000000
vt 0.312500000 0.500000000
vt 0.312500000 0.500000000
vt 0.312500000 0.500000000
vt 0.312500000 0.500000000
vt 0.312500000 0.500000000
vt 0.312500000 0.500000000
vt 0.062500000 0.500000000
vt 0.062500000 0.500000000
vt 0.062500000 0.500000000
vt 0.062500000 0.500000000
vt 0.062500000 0.500000000
vt 0.062500000 0.500000000
vt 0.437500000 0.500000000
vt 0.437500000 0.500000000
vt 0.437500000 0.500000000
vt 0.437500000 0.500000000
vt 0.437500000 0.500000000
vt 0.437500000 0.500000000
vt 0.062500000 0.500000000
vt 0.062500000 0.500000000
vt 0.062500000 0.500000000
vt 0.062500000 0.500000000
vt 0.062500000 0.500000000
vt 0.062500000 0.500000000
vt 0.312500000 0.500000000
vt 0.312500000 0.500000000
vt 0.312500000 0.500000000
vt 0.312500000 0.500000000
vt 0.312500000 0.500000000
vt 0.312500000 0.500000000
vt 0.187500000 0.500000000
vt 0.187500000 0.500000000
vt 0.187500000 0.500000000
vt 0.187500000 0.500000000
vt 0.187500000 0.500000000
vt 0.187500000 0.500000000
vt 0.312500000 0.500000000
vt 0.312500000 0.500000000
vt 0.312500000 0.500000000
vt 0.312500000 0.500000000
vt 0.312500000 0.500000000
vt 0.312500000 0.500000000
vt 0.062500000 0.500000000
vt 0.062500000 0.500000000
vt 0.062500000 0.500000000
vt 0.062500000 0.500000000
vt 0.062500000 0.500000000
vt 0.062500000 0.500000000
vt 0.437500000 0.500000000
vt 0.437500000 0.500000000
vt 0.437500000 0.500000000
vt 0.437500000 0.500000000
vt 0.437500000 0.500000000
vt 0.437500000 0.500000000
vt 0.062500000 0.500000000
vt 0.062500000 0.500000000
vt 0.062500000 0.500000000
vt 0.062500000 0.500000000
vt 0.062500000 0.500000000
vt 0.062500000 0.500000000
vt 0.312500000 0.500000000
vt 0.312500000 0.500000000
vt 0.312500000 0.500000000
vt 0.312500000 0.500000000
vt 0.312500000 0.500000000
vt 0.312500000 0.500000000
vt 0.187500000 0.500000000
vt 0.187500000 0.500000000
vt 0.187500000 0.500000000
vt 0.187500000 0.500000000
vt 0.187500000 0.500000000
vt 0.187500000 0.500000000
vt 0.312500000 0.500000000
vt 0.312500000 0.500000000
vt 0.312500000 0.500000000
vt 0.312500000 0.500000000
vt 0.312500000 0.500000000
vt 0.312500000 0.500000000
vt 0.062500000 0.500000000
vt 0.062500000 0.500000000
vt 0.062500000 0.500000000
vt 0.062500000 0.500000000
vt 0.062500000 0.500000000
vt 0.062500000 0.500000000
vt 0.437500000 0.500000000
vt 0.437500000 0.500000000
vt 0.437500000 0.500000000
vt 0.437500000 0.500000000
vt 0.437500000 0.500000000
vt 0.437500000 0.500000000
vt 0.062500000 0.500000000
vt 0.062500000 0.500000000
vt 0.062500000 0.500000000
vt 0.062500000 0.500000000
vt 0.062500000 0.500000000
vt 0.062500000 0.500000000
vt 0.312500000 0.500000000
vt 0.312500000 0.500000000
vt 0.312500000 0.500000000
vt 0.312500000 0.500000000
vt 0.312500000 0.500000000
vt 0.312500000 0.500000000
vt 0.187500000 0.500000000
vt 0.187500000 0.500000000
vt 0.187500000 0.500000000
vt 0.187500000 0.500000000
vt 0.187500000 0.500000000
vt 0.187500000 0.500000000
vt 0.312500000 0.500000000
vt 0.312500000 0.500000000
vt 0.312500000 0.500000000
vt 0.312500000 0.500000000
vt 0.312500000 0.500000000
vt 0.312500000 0.500000000
vt 0.062500000 0.500000000
vt 0.062500000 0.500000000
vt 0.062500000 0.500000000
vt 0.062500000 0.500000000
vt 0.062500000 0.500000000
vt 0.062500000 0.500000000
vt 0.437500000 0.500000000
vt 0.437500000 0.500000000
vt 0.437500000 0.500000000
vt 0.437500000 0.500000000
vt 0.437500000 0.500000000
vt 0.437500000 0.500000000
vt 0.062500000 0.500000000
vt 0.062500000 0.500000000
vt 0.062500000 0.500000000
vt 0.062500000 0.500000000
vt 0.062500000 0.500000000
vt 0.062500000 0.500000000
vt 0.312500000 0.500000000
vt 0.312500000 0.500000000
vt 0.312500000 0.500000000
vt 0.312500000 0.500000000
vt 0.312500000 0.500000000
vt 0.312500000 0.500000000
vt 0.187500000 0.500000000
vt 0.187500000 0.500000000
vt 0.187500000 0.500000000
vt 0.187500000 0.500000000
vt 0.187500000 0.500000000
vt 0.187500000 0.500000000
vt 0.312500000 0.500000000
vt 0.312500000 0.500000000
vt 0.312500000 0.500000000
vt 0.312500000 0.500000000
vt 0.312500000 0.500000000
vt 0.312500000 0.500000000
vt 0.062500000 0.500000000
vt 0.062500000 0.500000000
vt 0.062500000 0.500000000
vt 0.062500000 0.500000000
vt 0.062500000 0.500000000
vt 0.062500000 0.500000000
vt 0.437500000 0.500000000
vt 0.437500000 0.500000000
vt 0.437500000 0.500000000
vt 0.437500000 0.500000000
vt 0.437500000 0.500000000
vt 0.437500000 0.500000000
vt 0.812500000 0.500000000
vt 0.812500000 0.500000000
vt 0.812500000 0.500000000
vt 0.812500000 0.500000000
vt 0.812500000 0.500000000
vt 0.812500000 0.500000000
vt 0.812500000 0.500000000
vt 0.812500000 0.500000000
vt 0.812500000 0.500000000
vt 0.812500000 0.500000000
vt 0.812500000 0.500000000
vt 0.812500000 0.500000000
vt 0.812500000 0.500000000
vt 0.812500000 0.500000000
vt 0.812500000 0.500000000
vt 0.812500000 0.500000000
vt 0.812500000 0.500000000
vt 0.812500000 0.500000000
vt 0.812500000 0.500000000
vt 0.812500000 0.500000000
vt 0.812500000 0.500000000
vt 0.812500000 0.500000000
vt 0.812500000 0.500000000
vt 0.812500000 0.500000000
vt 0.812500000 0.500000000
vt 0.812500000 0.500000000
vt 0.812500000 0.500000000
vt 0.812500000 0.500000000
vt 0.812500000 0.500000000
vt 0.812500000 0.500000000
vt 0.812500000 0.500000000
vt 0.812500000 0.500000000
vt 0.812500000 0.500000000
vt 0.812500000 0.500000000
vt 0.812500000 0.500000000
vt 0.812500000 0.500000000
vt 0.937500000 0.500000000
vt 0.937500000 0.500000000
vt 0.937500000 0.500000000
vt 0.562500000 0.500000000
vt 0.562500000 0.500000000
vt 0.562500000 0.500000000
vt 0.937500000 0.500000000
vt 0.937500000 0.500000000
vt 0.937500000 0.500000000
vt 0.562500000 0.500000000
vt 0.562500000 0.500000000
vt 0.562500000 0.500000000
vt 0.937500000 0.500000000
vt 0.937500000 0.500000000
vt 0.937500000 0.500000000
vt 0.562500000 0.500000000
vt 0.562500000 0.500000000
vt 0.562500000 0.500000000
vt 0.937500000 0.500000000
vt 0.937500000 0.500000000
vt 0.937500000 0.500000000
vt 0.562500000 0.500000000
vt 0.562500000 0.500000000
vt 0.562500000 0.500000000
vt 0.937500000 0.500000000
vt 0.937500000 0.500000000
vt 0.937500000 0.500000000
vt 0.562500000 0.500000000
vt 0.562500000 0.500000000
vt 0.562500000 0.500000000
vt 0.937500000 0.500000000
vt 0.937500000 0.500000000
vt 0.937500000 0.500000000
vt 0.562500000 0.500000000
vt 0.562500000 0.500000000
vt 0.562500000 0.500000000
vt 0.062500000 0.500000000
vt 0.062500000 0.500000000
vt 0.062500000 0.500000000
vt 0.062500000 0.500000000
vt 0.062500000 0.500000000
vt 0.062500000 0.500000000
vt 0.312500000 0.500000000
vt 0.312500000 0.500000000
vt 0.312500000 0.500000000
vt 0.312500000 0.500000000
vt 0.312500000 0.500000000
vt 0.312500000 0.500000000
vt 0.187500000 0.500000000
vt 0.187500000 0.500000000
vt 0.187500000 0.500000000
vt 0.187500000 0.500000000
vt 0.187500000 0.500000000
vt 0.187500000 0.500000000
vt 0.312500000 0.500000000
vt 0.312500000 0.500000000
vt 0.312500000 0.500000000
vt 0.312500000 0.500000000
vt 0.312500000 0.500000000
vt 0.312500000 0.500000000
vt 0.062500000 0.500000000
vt 0.062500000 0.500000000
vt 0.062500000 0.500000000
vt 0.062500000 0.500000000
vt 0.062500000 0.500000000
vt 0.062500000 0.500000000
vt 0.437500000 0.500000000
vt 0.437500000 0.500000000
vt 0.437500000 0.500000000
vt 0.437500000 0.500000000
vt 0.437500000 0.500000000
vt 0.437500000 0.500000000
vt 0.062500000 0.500000000
vt 0.062500000 0.500000000
vt 0.062500000 0.500000000
vt 0.062500000 0.500000000
vt 0.062500000 0.500000000
vt 0.062500000 0.500000000
vt 0.312500000 0.500000000
vt 0.312500000 0.500000000
vt 0.312500000 0.500000000
vt 0.312500000 0.500000000
vt 0.312500000 0.500000000
vt 0.312500000 0.500000000
vt 0.062500000 0.500000000
vt 0.062500000 0.500000000
vt 0.062500000 0.500000000
vt 0.062500000 0.500000000
vt 0.062500000 0.500000000
vt 0.062500000 0.500000000
vt 0.312500000 0.500000000
vt 0.312500000 0.500000000
vt 0.312500000 0.500000000
vt 0.312500000 0.500000000
vt 0.312500000 0.500000000
vt 0.312500000 0.500000000
vt 0.187500000 0.500000000
vt 0.187500000 0.500000000
vt 0.187500000 0.500000000
vt 0.187500000 0.500000000
vt 0.187500000 0.500000000
vt 0.187500000 0.500000000
vt 0.312500000 0.500000000
vt 0.312500000 0.500000000
vt 0.312500000 0.500000000
vt 0.312500000 0.500000000
vt 0.312500000 0.500000000
vt 0.312500000 0.500000000
vt 0.062500000 0.500000000
vt 0.062500000 0.500000000
vt 0.062500000 0.500000000
vt 0.062500000 0.500000000
vt 0.062500000 0.500000000
vt 0.062500000 0.500000000
vt 0.437500000 0.500000000
vt 0.437500000 0.500000000
vt 0.437500000 0.500000000
vt 0.437500000 0.500000000
vt 0.437500000 0.500000000
vt 0.437500000 0.500000000
vt 0.062500000 0.500000000
vt 0.062500000 0.500000000
vt 0.062500000 0.500000000
vt 0.062500000 0.500000000
vt 0.062500000 0.500000000
vt 0.062500000 0.500000000
vt 0.312500000 0.500000000
vt 0.312500000 0.500000000
vt 0.312500000 0.500000000
vt 0.312500000 0.500000000
vt 0.312500000 0.500000000
vt 0.312500000 0.500000000
vt 0.062500000 0.500000000
vt 0.062500000 0.500000000
vt 0.062500000 0.500000000
vt 0.062500000 0.500000000
vt 0.062500000 0.500000000
vt 0.062500000 0.500000000
vt 0.312500000 0.500000000
vt 0.312500000 0.500000000
vt 0.312500000 0.500000000
vt 0.312500000 0.500000000
vt 0.312500000 0.500000000
vt 0.312500000 0.500000000
vt 0.187500000 0.500000000
vt 0.187500000 0.500000000
vt 0.187500000 0.500000000
vt 0.187500000 0.500000000
vt 0.187500000 0.500000000
vt 0.187500000 0.500000000
vt 0.312500000 0.500000000
vt 0.312500000 0.500000000
vt 0.312500000 0.500000000
vt 0.312500000 0.500000000
vt 0.312500000 0.500000000
vt 0.312500000 0.500000000
vt 0.062500000 0.500000000
vt 0.062500000 0.500000000
vt 0.062500000 0.500000000
vt 0.062500000 0.500000000
vt 0.062500000 0.500000000
vt 0.062500000 0.500000000
vt 0.437500000 0.500000000
vt 0.437500000 0.500000000
vt 0.437500000 0.500000000
vt 0.437500000 0.500000000
vt 0.437500000 0.500000000
vt 0.437500000 0.500000000
vt 0.062500000 0.500000000
vt 0.062500000 0.500000000
vt 0.062500000 0.500000000
vt 0.062500000 0.500000000
vt 0.062500000 0.500000000
vt 0.062500000 0.500000000
vt 0.312500000 0.500000000
vt 0.312500000 0.500000000
vt 0.312500000 0.500000000
vt 0.312500000 0.500000000
vt 0.312500000 0.500000000
vt 0.312500000 0.500000000
vt 0.062500000 0.500000000
vt 0.062500000 0.500000000
vt 0.062500000 0.500000000
vt 0.062500000 0.500000000
vt 0.062500000 0.500000000
vt 0.062500000 0.500000000
vt 0.312500000 0.500000000
vt 0.312500000 0.500000000
vt 0.312500000 0.500000000
vt 0.312500000 0.500000000
vt 0.312500000 0.500000000
vt 0.312500000 0.500000000
vt 0.187500000 0.500000000
vt 0.187500000 0.500000000
vt 0.187500000 0.500000000
vt 0.187500000 0.500000000
vt 0.187500000 0.500000000
vt 0.187500000 0.500000000
vt 0.312500000 0.500000000
vt 0.312500000 0.500000000
vt 0.312500000 0.500000000
vt 0.312500000 0.500000000
vt 0.312500000 0.500000000
vt 0.312500000 0.500000000
vt 0.062500000 0.500000000
vt 0.062500000 0.500000000
vt 0.062500000 0.500000000
vt 0.062500000 0.500000000
vt 0.062500000 0.500000000
vt 0.062500000 0.500000000
vt 0.437500000 0.500000000
vt 0.437500000 0.500000000
vt 0.437500000 0.500000000
vt 0.437500000 0.500000000
vt 0.437500000 0.500000000
vt 0.437500000 0.500000000
vt 0.062500000 0.500000000
vt 0.062500000 0.500000000
vt 0.062500000 0.500000000
vt 0.062500000 0.500000000
vt 0.062500000 0.500000000
vt 0.062500000 0.500000000
vt 0.312500000 0.500000000
vt 0.312500000 0.500000000
vt 0.312500000 0.500000000
vt 0.312500000 0.500000000
vt 0.312500000 0.500000000
vt 0.312500000 0.500000000
vt 0.812500000 0.500000000
vt 0.812500000 0.500000000
vt 0.812500000 0.500000000
vt 0.812500000 0.500000000
vt 0.812500000 0.500000000
vt 0.812500000 0.500000000
vt 0.812500000 0.500000000
vt 0.812500000 0.500000000
vt 0.812500000 0.500000000
vt 0.812500000 0.500000000
vt 0.812500000 0.500000000
vt 0.812500000 0.500000000
vt 0.812500000 0.500000000
vt 0.812500000 0.500000000
vt 0.812500000 0.500000000
vt 0.812500000 0.500000000
vt 0.812500000 0.500000000
vt 0.812500000 0.500000000
vt 0.812500000 0.500000000
vt 0.812500000 0.500000000
vt 0.812500000 0.500000000
vt 0.812500000 0.500000000
vt 0.812500000 0.500000000
vt 0.812500000 0.500000000
vt 0.937500000 0.500000000
vt 0.937500000 0.500000000
vt 0.937500000 0.500000000
vt 0.562500000 0.500000000
vt 0.562500000 0.500000000
vt 0.562500000 0.500000000
vt 0.937500000 0.500000000
vt 0.937500000 0.500000000
vt 0.937500000 0.500000000
vt 0.562500000 0.500000000
vt 0.562500000 0.500000000
vt 0.562500000 0.500000000
vt 0.937500000 0.500000000
vt 0.937500000 0.500000000
vt 0.937500000 0.500000000
vt 0.562500000 0.500000000
vt 0.562500000 0.500000000
vt 0.562500000 0.500000000
vt 0.937500000 0.500000000
vt 0.937500000 0.500000000
vt 0.937500000 0.500000000
vt 0.562500000 0.500000000
vt 0.562500000 0.500000000
vt 0.562500000 0.500000000
vt 0.062500000 0.500000000
vt 0.062500000 0.500000000
vt 0.062500000 0.500000000
vt 0.062500000 0.500000000
vt 0.062500000 0.500000000
vt 0.062500000 0.500000000
vt 0.312500000 0.500000000
vt 0.312500000 0.500000000
vt 0.312500000 0.500000000
vt 0.312500000 0.500000000
vt 0.312500000 0.500000000
vt 0.312500000 0.500000000
vt 0.187500000 0.500000000
vt 0.187500000 0.500000000
vt 0.187500000 0.500000000
vt 0.187500000 0.500000000
vt 0.187500000 0.500000000
vt 0.187500000 0.500000000
vt 0.312500000 0.500000000
vt 0.312500000 0.500000000
vt 0.312500000 0.500000000
vt 0.312500000 0.500000000
vt 0.312500000 0.500000000
vt 0.312500000 0.500000000
vt 0.062500000 0.500000000
vt 0.062500000 0.500000000
vt 0.062500000 0.500000000
vt 0.062500000 0.500000000
vt 0.062500000 0.500000000
vt 0.062500000 0.500000000
vt 0.437500000 0.500000000
vt 0.437500000 0.500000000
vt 0.437500000 0.500000000
vt 0.437500000 0.500000000
vt 0.437500000 0.500000000
vt 0.437500000 0.500000000
vt 0.062500000 0.500000000
vt 0.062500000 0.500000000
vt 0.062500000 0.500000000
vt 0.062500000 0.500000000
vt 0.062500000 0.500000000
vt 0.062500000 0.500000000
vt 0.312500000 0.500000000
vt 0.312500000 0.500000000
vt 0.312500000 0.500000000
vt 0.312500000 0.500000000
vt 0.312500000 0.500000000
vt 0.312500000 0.500000000
vt 0.062500000 0.500000000
vt 0.062500000 0.500000000
vt 0.062500000 0.500000000
vt 0.062500000 0.500000000
vt 0.062500000 0.500000000
vt 0.062500000 0.500000000
vt 0.312500000 0.500000000
vt 0.312500000 0.500000000
vt 0.312500000 0.500000000
vt 0.312500000 0.500000000
vt 0.312500000 0.500000000
vt 0.312500000 0.500000000
vt 0.187500000 0.500000000
vt 0.187500000 0.500000000
vt 0.187500000 0.500000000
vt 0.187500000 0.500000000
vt 0.187500000 0.500000000
vt 0.187500000 0.500000000
vt 0.312500000 0.500000000
vt 0.312500000 0.500000000
vt 0.312500000 0.500000000
vt 0.312500000 0.500000000
vt 0.312500000 0.500000000
vt 0.312500000 0.500000000
vt 0.062500000 0.500000000
vt 0.062500000 0.500000000
vt 0.062500000 0.500000000
vt 0.062500000 0.500000000
vt 0.062500000 0.500000000
vt 0.062500000 0.500000000
vt 0.437500000 0.500000000
vt 0.437500000 0.500000000
vt 0.437500000 0.500000000
vt 0.437500000 0.500000000
vt 0.437500000 0.500000000
vt 0.437500000 0.500000000
vt 0.062500000 0.500000000
vt 0.062500000 0.500000000
vt 0.062500000 0.500000000
vt 0.062500000 0.500000000
vt 0.062500000 0.500000000
vt 0.062500000 0.500000000
vt 0.312500000 0.500000000
vt 0.312500000 0.500000000
vt 0.312500000 0.500000000
vt 0.312500000 0.500000000
vt 0.312500000 0.500000000
vt 0.312500000 0.500000000
vt 0.062500000 0.500000000
vt 0.062500000 0.500000000
vt 0.062500000 0.500000000
vt 0.062500000 0.500000000
vt 0.062500000 0.500000000
vt 0.062500000 0.500000000
vt 0.312500000 0.500000000
vt 0.312500000 0.500000000
vt 0.312500000 0.500000000
vt 0.312500000 0.500000000
vt 0.312500000 0.500000000
vt 0.312500000 0.500000000
vt 0.187500000 0.500000000
vt 0.187500000 0.500000000
vt 0.187500000 0.500000000
vt 0.187500000 0.500000000
vt 0.187500000 0.500000000
vt 0.187500000 0.500000000
vt 0.312500000 0.500000000
vt 0.312500000 0.500000000
vt 0.312500000 0.500000000
vt 0.312500000 0.500000000
vt 0.312500000 0.500000000
vt 0.312500000 0.500000000
vt 0.062500000 0.500000000
vt 0.062500000 0.500000000
vt 0.062500000 0.500000000
vt 0.062500000 0.500000000
vt 0.062500000 0.500000000
vt 0.062500000 0.500000000
vt 0.437500000 0.500000000
vt 0.437500000 0.500000000
vt 0.437500000 0.500000000
vt 0.437500000 0.500000000
vt 0.437500000 0.500000000
vt 0.437500000 0.500000000
vt 0.062500000 0.500000000
vt 0.062500000 0.500000000
vt 0.062500000 0.500000000
vt 0.062500000 0.500000000
vt 0.062500000 0.500000000
vt 0.062500000 0.500000000
vt 0.312500000 0.500000000
vt 0.312500000 0.500000000
vt 0.312500000 0.500000000
vt 0.312500000 0.500000000
vt 0.312500000 0.500000000
vt 0.312500000 0.500000000
vt 0.062500000 0.500000000
vt 0.062500000 0.500000000
vt 0.062500000 0.500000000
vt 0.062500000 0.500000000
vt 0.062500000 0.500000000
vt 0.062500000 0.500000000
vt 0.312500000 0.500000000
vt 0.312500000 0.500000000
vt 0.312500000 0.500000000
vt 0.312500000 0.500000000
vt 0.312500000 0.500000000
vt 0.312500000 0.500000000
vt 0.187500000 0.500000000
vt 0.187500000 0.500000000
vt 0.187500000 0.500000000
vt 0.187500000 0.500000000
vt 0.187500000 0.500000000
vt 0.187500000 0.500000000
vt 0.312500000 0.500000000
vt 0.312500000 0.500000000
vt 0.312500000 0.500000000
vt 0.312500000 0.500000000
vt 0.312500000 0.500000000
vt 0.312500000 0.500000000
vt 0.062500000 0.500000000
vt 0.062500000 0.500000000
vt 0.062500000 0.500000000
vt 0.062500000 0.500000000
vt 0.062500000 0.500000000
vt 0.062500000 0.500000000
vt 0.437500000 0.500000000
vt 0.437500000 0.500000000
vt 0.437500000 0.500000000
vt 0.437500000 0.500000000
vt 0.437500000 0.500000000
vt 0.437500000 0.500000000
vt 0.062500000 0.500000000
vt 0.062500000 0.500000000
vt 0.062500000 0.500000000
vt 0.062500000 0.500000000
vt 0.062500000 0.500000000
vt 0.062500000 0.500000000
vt 0.312500000 0.500000000
vt 0.312500000 0.500000000
vt 0.312500000 0.500000000
vt 0.312500000 0.500000000
vt 0.312500000 0.500000000
vt 0.312500000 0.500000000
vt 0.812500000 0.500000000
vt 0.812500000 0.500000000
vt 0.812500000 0.500000000
vt 0.812500000 0.500000000
vt 0.812500000 0.500000000
vt 0.812500000 0.500000000
vt 0.812500000 0.500000000
vt 0.812500000 0.500000000
vt 0.812500000 0.500000000
vt 0.812500000 0.500000000
vt 0.812500000 0.500000000
vt 0.812500000 0.500000000
vt 0.812500000 0.500000000
vt 0.812500000 0.500000000
vt 0.812500000 0.500000000
vt 0.812500000 0.500000000
vt 0.812500000 0.500000000
vt 0.812500000 0.500000000
vt 0.812500000 0.500000000
vt 0.812500000 0.500000000
vt 0.812500000 0.500000000
vt 0.812500000 0.500000000
vt 0.812500000 0.500000000
vt 0.812500000 0.500000000
vt 0.937500000 0.500000000
vt 0.937500000 0.500000000
vt 0.937500000 0.500000000
vt 0.562500000 0.500000000
vt 0.562500000 0.500000000
vt 0.562500000 0.500000000
vt 0.937500000 0.500000000
vt 0.937500000 0.500000000
vt 0.937500000 0.500000000
vt 0.562500000 0.500000000
vt 0.562500000 0.500000000
vt 0.562500000 0.500000000
vt 0.937500000 0.500000000
vt 0.937500000 0.500000000
vt 0.937500000 0.500000000
vt 0.562500000 0.500000000
vt 0.562500000 0.500000000
vt 0.562500000 0.500000000
vt 0.937500000 0.500000000
vt 0.937500000 0.500000000
vt 0.937500000 0.500000000
vt 0.562500000 0.500000000
vt 0.562500000 0.500000000
vt 0.562500000 0.500000000
vt 0.062500000 0.500000000
vt 0.062500000 0.500000000
vt 0.062500000 0.500000000
vt 0.062500000 0.500000000
vt 0.062500000 0.500000000
vt 0.062500000 0.500000000
vt 0.312500000 0.500000000
vt 0.312500000 0.500000000
vt 0.312500000 0.500000000
vt 0.312500000 0.500000000
vt 0.312500000 0.500000000
vt 0.312500000 0.500000000
vt 0.187500000 0.500000000
vt 0.187500000 0.500000000
vt 0.187500000 0.500000000
vt 0.187500000 0.500000000
vt 0.187500000 0.500000000
vt 0.187500000 0.500000000
vt 0.312500000 0.500000000
vt 0.312500000 0.500000000
vt 0.312500000 0.500000000
vt 0.312500000 0.500000000
vt 0.312500000 0.500000000
vt 0.312500000 0.500000000
vt 0.062500000 0.500000000
vt 0.062500000 0.500000000
vt 0.062500000 0.500000000
vt 0.062500000 0.500000000
vt 0.062500000 0.500000000
vt 0.062500000 0.500000000
vt 0.437500000 0.500000000
vt 0.437500000 0.500000000
vt 0.437500000 0.500000000
vt 0.437500000 0.500000000
vt 0.437500000 0.500000000
vt 0.437500000 0.500000000
vt 0.062500000 0.500000000
vt 0.062500000 0.500000000
vt 0.062500000 0.500000000
vt 0.062500000 0.500000000
vt 0.062500000 0.500000000
vt 0.062500000 0.500000000
vt 0.312500000 0.500000000
vt 0.312500000 0.500000000
vt 0.312500000 0.500000000
vt 0.312500000 0.500000000
vt 0.312500000 0.500000000
vt 0.312500000 0.500000000
vt 0.062500000 0.500000000
vt 0.062500000 0.500000000
vt 0.062500000 0.500000000
vt 0.062500000 0.500000000
vt 0.062500000 0.500000000
vt 0.062500000 0.500000000
vt 0.312500000 0.500000000
vt 0.312500000 0.500000000
vt 0.312500000 0.500000000
vt 0.312500000 0.500000000
vt 0.312500000 0.500000000
vt 0.312500000 0.500000000
vt 0.187500000 0.500000000
vt 0.187500000 0.500000000
vt 0.187500000 0.500000000
vt 0.187500000 0.500000000
vt 0.187500000 0.500000000
vt 0.187500000 0.500000000
vt 0.312500000 0.500000000
vt 0.312500000 0.500000000
vt 0.312500000 0.500000000
vt 0.312500000 0.500000000
vt 0.312500000 0.500000000
vt 0.312500000 0.500000000
vt 0.062500000 0.500000000
vt 0.062500000 0.500000000
vt 0.062500000 0.500000000
vt 0.062500000 0.500000000
vt 0.062500000 0.500000000
vt 0.062500000 0.500000000
vt 0.437500000 0.500000000
vt 0.437500000 0.500000000
vt 0.437500000 0.500000000
vt 0.437500000 0.500000000
vt 0.437500000 0.500000000
vt 0.437500000 0.500000000
vt 0.062500000 0.500000000
vt 0.062500000 0.500000000
vt 0.062500000 0.500000000
vt 0.062500000 0.500000000
vt 0.062500000 0.500000000
vt 0.062500000 0.500000000
vt 0.312500000 0.500000000
vt 0.312500000 0.500000000
vt 0.312500000 0.500000000
vt 0.312500000 0.500000000
vt 0.312500000 0.500000000
vt 0.312500000 0.500000000
vt 0.062500000 0.500000000
vt 0.062500000 0.500000000
vt 0.062500000 0.500000000
vt 0.062500000 0.500000000
vt 0.062500000 0.500000000
vt 0.062500000 0.500000000
vt 0.312500000 0.500000000
vt 0.312500000 0.500000000
vt 0.312500000 0.500000000
vt 0.312500000 0.500000000
vt 0.312500000 0.500000000
vt 0.312500000 0.500000000
vt 0.187500000 0.500000000
vt 0.187500000 0.500000000
vt 0.187500000 0.500000000
vt 0.187500000 0.500000000
vt 0.187500000 0.500000000
vt 0.187500000 0.500000000
vt 0.312500000 0.500000000
vt 0.312500000 0.500000000
vt 0.312500000 0.500000000
vt 0.312500000 0.500000000
vt 0.312500000 0.500000000
vt 0.312500000 0.500000000
vt 0.062500000 0.500000000
vt 0.062500000 0.500000000
vt 0.062500000 0.500000000
vt 0.062500000 0.500000000
vt 0.062500000 0.500000000
vt 0.062500000 0.500000000
vt 0.437500000 0.500000000
vt 0.437500000 0.500000000
vt 0.437500000 0.500000000
vt 0.437500000 0.500000000
vt 0.437500000 0.500000000
vt 0.437500000 0.500000000
vt 0.062500000 0.500000000
vt 0.062500000 0.500000000
vt 0.062500000 0.500000000
vt 0.062500000 0.500000000
vt 0.062500000 0.500000000
vt 0.062500000 0.500000000
vt 0.312500000 0.500000000
vt 0.312500000 0.500000000
vt 0.312500000 0.500000000
vt 0.312500000 0.500000000
vt 0.312500000 0.500000000
vt 0.312500000 0.500000000
vt 0.062500000 0.500000000
vt 0.062500000 0.500000000
vt 0.062500000 0.500000000
vt 0.062500000 0.500000000
vt 0.062500000 0.500000000
vt 0.062500000 0.500000000
vt 0.312500000 0.500000000
vt 0.312500000 0.500000000
vt 0.312500000 0.500000000
vt 0.312500000 0.500000000
vt 0.312500000 0.500000000
vt 0.312500000 0.500000000
vt 0.187500000 0.500000000
vt 0.187500000 0.500000000
vt 0.187500000 0.500000000
vt 0.187500000 0.500000000
vt 0.187500000 0.500000000
vt 0.187500000 0.500000000
vt 0.312500000 0.500000000
vt 0.312500000 0.500000000
vt 0.312500000 0.500000000
vt 0.312500000 0.500000000
vt 0.312500000 0.500000000
vt 0.312500000 0.500000000
vt 0.062500000 0.500000000
vt 0.062500000 0.500000000
vt 0.062500000 0.500000000
vt 0.062500000 0.500000000
vt 0.062500000 0.500000000
vt 0.062500000 0.500000000
vt 0.437500000 0.500000000
vt 0.437500000 0.500000000
vt 0.437500000 0.500000000
vt 0.437500000 0.500000000
vt 0.437500000 0.500000000
vt 0.437500000 0.500000000
vt 0.062500000 0.500000000
vt 0.062500000 0.500000000
vt 0.062500000 0.500000000
vt 0.062500000 0.500000000
vt 0.062500000 0.500000000
vt 0.062500000 0.500000000
vt 0.312500000 0.500000000
vt 0.312500000 0.500000000
vt 0.312500000 0.500000000
vt 0.312500000 0.500000000
vt 0.312500000 0.500000000
vt 0.312500000 0.500000000
vt 0.812500000 0.500000000
vt 0.812500000 0.500000000
vt 0.812500000 0.500000000
vt 0.812500000 0.500000000
vt 0.812500000 0.500000000
vt 0.812500000 0.500000000
vt 0.812500000 0.500000000
vt 0.812500000 0.500000000
vt 0.812500000 0.500000000
vt 0.812500000 0.500000000
vt 0.812500000 0.500000000
vt 0.812500000 0.500000000
vt 0.812500000 0.500000000
vt 0.812500000 0.500000000
vt 0.812500000 0.500000000
vt 0.812500000 0.500000000
vt 0.812500000 0.500000000
vt 0.812500000 0.500000000
vt 0.812500000 0.500000000
vt 0.812500000 0.500000000
vt 0.812500000 0.500000000
vt 0.812500000 0.500000000
vt 0.812500000 0.500000000
vt 0.812500000 0.500000000
vt 0.937500000 0.500000000
vt 0.937500000 0.500000000
vt 0.937500000 0.500000000
vt 0.562500000 0.500000000
vt 0.562500000 0.500000000
vt 0.562500000 0.500000000
vt 0.937500000 0.500000000
vt 0.937500000 0.500000000
vt 0.937500000 0.500000000
vt 0.562500000 0.500000000
vt 0.562500000 0.500000000
vt 0.562500000 0.500000000
vt 0.937500000 0.500000000
vt 0.937500000 0.500000000
vt 0.937500000 0.500000000
vt 0.562500000 0.500000000
vt 0.562500000 0.500000000
vt 0.562500000 0.500000000
vt 0.937500000 0.500000000
vt 0.937500000 0.500000000
vt 0.937500000 0.500000000
vt 0.562500000 0.500000000
vt 0.562500000 0.500000000
vt 0.562500000 0.500000000
vn 0.831222068 -0.398986592 -0.387142834
vn 0.831222068 -0.398986592 -0.387142834
vn 0.831222068 -0.398986592 -0.387142834
vn 0.831222068 -0.398986592 -0.387142834
vn 0.831222068 -0.398986592 -0.387142834
vn 0.831222068 -0.398986592 -0.387142834
vn 0.750886562 -0.398986592 -0.526288010
vn 0.750886562 -0.398986592 -0.526288010
vn 0.750886562 -0.398986592 -0.526288010
vn 0.750886562 -0.398986592 -0.526288010
vn 0.750886562 -0.398986592 -0.526288010
vn 0.750886562 -0.398986592 -0.526288010
vn 0.080335505 -0.398986592 -0.913430843
vn 0.080335505 -0.398986592 -0.913430843
vn 0.080335505 -0.398986592 -0.913430843
vn 0.080335505 -0.398986592 -0.913430843
vn 0.080335505 -0.398986592 -0.913430843
vn 0.080335505 -0.398986592 -0.913430843
vn -0.080335505 -0.398986592 -0.913430843
vn -0.080335505 -0.398986592 -0.913430843
vn -0.080335505 -0.398986592 -0.913430843
vn -0.080335505 -0.398986592 -0.913430843
vn -0.080335505 -0.398986592 -0.913430843
vn -0.080335505 -0.398986592 -0.913430843
vn -0.750886562 -0.398986592 -0.526288010
vn -0.750886562 -0.398986592 -0.526288010
vn -0.750886562 -0.398986592 -0.526288010
vn -0.750886562 -0.398986592 -0.526288010
vn -0.750886562 -0.398986592 -0.526288010
vn -0.750886562 -0.398986592 -0.526288010
vn -0.831222068 -0.398986592 -0.387142834
vn -0.831222068 -0.398986592 -0.387142834
vn -0.831222068 -0.398986592 -0.387142834
vn -0.831222068 -0.398986592 -0.387142834
vn -0.831222068 -0.398986592 -0.387142834
vn -0.831222068 -0.398986592 -0.387142834
vn -0.831222068 -0.398986592 0.387142834
vn -0.831222068 -0.398986592 0.387142834
vn -0.831222068 -0.398986592 0.387142834
vn -0.831222068 -0.398986592 0.387142834
vn -0.831222068 -0.398986592 0.387142834
vn -0.831222068 -0.398986592 0.387142834
vn -0.750886562 -0.398986592 0.526288010
vn -0.750886562 -0.398986592 0.526288010
vn -0.750886562 -0.398986592 0.526288010
vn -0.750886562 -0.398986592 0.526288010
vn -0.750886562 -0.398986592 0.526288010
vn -0.750886562 -0.398986592 0.526288010
vn -0.080335505 -0.398986592 0.913430843
vn -0.080335505 -0.398986592 0.913430843
vn -0.080335505 -0.398986592 0.913430843
vn -0.080335505 -0.398986592 0.913430843
vn -0.080335505 -0.398986592 0.913430843
vn -0.080335505 -0.398986592 0.913430843
vn 0.080335505 -0.398986592 0.913430843
vn 0.080335505 -0.398986592 0.913430843
vn 0.080335505 -0.398986592 0.913430843
vn 0.080335505 -0.398986592 0.913430843
vn 0.080335505 -0.398986592 0.913430843
vn 0.080335505 -0.398986592 0.913430843
vn 0.750886562 -0.398986592 0.526288010
vn 0.750886562 -0.398986592 0.526288010
vn 0.750886562 -0.398986592 0.526288010
vn 0.750886562 -0.398986592 0.526288010
vn 0.750886562 -0.398986592 0.526288010
vn 0.750886562 -0.398986592 0.526288010
vn 0.831222068 -0.398986592 0.387142834
vn 0.831222068 -0.398986592 0.387142834
vn 0.831222068 -0.398986592 0.387142834
vn 0.831222068 -0.398986592 0.387142834
vn 0.831222068 -0.398986592 0.387142834
vn 0.831222068 -0.398986592 0.387142834
vn 0.906407316 0.014363726 -0.422160468
vn 0.906407316 0.014363726 -0.422160468
vn 0.906407316 0.014363726 -0.422160468
vn 0.906447602 0.014373306 -0.422073635
vn 0.906447602 0.014373306 -0.422073635
vn 0.906447602 0.014373306 -0.422073635
vn 0.818805497 0.014351044 -0.573891633
vn 0.818805497 0.014351044 -0.573891633
vn 0.818805497 0.014351044 -0.573891633
vn 0.818878069 0.014363029 -0.573787776
vn 0.818878069 0.014363029 -0.573787776
vn 0.818878069 0.014363029 -0.573787776
vn 0.087602010 0.014330557 -0.996052470
vn 0.087602010 0.014330557 -0.996052470
vn 0.087602010 0.014330557 -0.996052470
vn 0.087772392 0.014347646 -0.996037224
vn 0.087772392 0.014347646 -0.996037224
vn 0.087772392 0.014347646 -0.996037224
vn -0.087602029 0.014315733 -0.996052682
vn -0.087602029 0.014315733 -0.996052682
vn -0.087602029 0.014315733 -0.996052682
vn -0.087443416 0.014330758 -0.996066403
vn -0.087443416 0.014330758 -0.996066403
vn -0.087443416 0.014330758 -0.996066403
vn -0.818805927 0.014314345 -0.573891935
vn -0.818805927 0.014314345 -0.573891935
vn -0.818805927 0.014314345 -0.573891935
vn -0.818769339 0.014320689 -0.573943975
vn -0.818769339 0.014320689 -0.573943975
vn -0.818769339 0.014320689 -0.573943975
vn -0.906408001 0.014311079 -0.422160786
vn -0.906408001 0.014311079 -0.422160786
vn -0.906408001 0.014311079 -0.422160786
vn -0.906389243 0.014315256 -0.422200917
vn -0.906389243 0.014315256 -0.422200917
vn -0.906389243 0.014315256 -0.422200917
vn -0.906407947 0.014315200 0.422160761
vn -0.906407947 0.014315200 0.422160761
vn -0.906407947 0.014315200 0.422160761
vn -0.906389310 0.014310784 0.422200924
vn -0.906389310 0.014310784 0.422200924
vn -0.906389310 0.014310784 0.422200924
vn -0.818805858 0.014320265 0.573891886
vn -0.818805858 0.014320265 0.573891886
vn -0.818805858 0.014320265 0.573891886
vn -0.818769439 0.014314264 0.573943993
vn -0.818769439 0.014314264 0.573943993
vn -0.818769439 0.014314264 0.573943993
vn -0.087602010 0.014330557 0.996052470
vn -0.087602010 0.014330557 0.996052470
vn -0.087602010 0.014330557 0.996052470
vn -0.087443621 0.014314671 0.996066616
vn -0.087443621 0.014314671 0.996066616
vn -0.087443621 0.014314671 0.996066616
vn 0.087601990 0.014346502 0.996052242
vn 0.087601990 0.014346502 0.996052242
vn 0.087601990 0.014346502 0.996052242
vn 0.087772215 0.014330342 0.996037489
vn 0.087772215 0.014330342 0.996037489
vn 0.087772215 0.014330342 0.996037489
vn 0.818805358 0.014362868 0.573891535
vn 0.818805358 0.014362868 0.573891535
vn 0.818805358 0.014362868 0.573891535
vn 0.818878171 0.014350199 0.573787951
vn 0.818878171 0.014350199 0.573787951
vn 0.818878171 0.014350199 0.573787951
vn 0.906407200 0.014372665 0.422160413
vn 0.906407200 0.014372665 0.422160413
vn 0.906407200 0.014372665 0.422160413
vn 0.906447708 0.014363606 0.422073737
vn 0.906447708 0.014363606 0.422073737
vn 0.906447708 0.014363606 0.422073737
vn 0.905062046 0.058843721 -0.421188923
vn 0.905062046 0.058843721 -0.421188923
vn 0.905062046 0.058843721 -0.421188923
vn 0.905356467 0.059007090 -0.420532795
vn 0.905356467 0.059007090 -0.420532795
vn 0.905356467 0.059007090 -0.420532795
vn 0.817549414 0.062402436 -0.572467372
vn 0.817549414 0.062402436 -0.572467372
vn 0.817549414 0.062402436 -0.572467372
vn 0.818111952 0.062585245 -0.571643176
vn 0.818111952 0.062585245 -0.571643176
vn 0.818111952 0.062585245 -0.571643176
vn 0.088304725 0.093241206 -0.991719896
vn 0.088304725 0.093241206 -0.991719896
vn 0.088304725 0.093241206 -0.991719896
vn 0.090344938 0.093650942 -0.991497500
vn 0.090344938 0.093650942 -0.991497500
vn 0.090344938 0.093650942 -0.991497500
vn -0.086024870 0.100271485 -0.991234256
vn -0.086024870 0.100271485 -0.991234256
vn -0.086024870 0.100271485 -0.991234256
vn -0.083912620 0.100615192 -0.991380480
vn -0.083912620 0.100615192 -0.991380480
vn -0.083912620 0.100615192 -0.991380480
vn -0.811364097 0.130888828 -0.569698531
vn -0.811364097 0.130888828 -0.569698531
vn -0.811364097 0.130888828 -0.569698531
vn -0.810528363 0.131188710 -0.570818093
vn -0.810528363 0.131188710 -0.570818093
vn -0.810528363 0.131188710 -0.570818093
vn -0.898013821 0.134368351 -0.418946684
vn -0.898013821 0.134368351 -0.418946684
vn -0.898013821 0.134368351 -0.418946684
vn -0.897550121 0.134560550 -0.419877647
vn -0.897550121 0.134560550 -0.419877647
vn -0.897550121 0.134560550 -0.419877647
vn -0.897988537 0.134570494 0.418935998
vn -0.897988537 0.134570494 0.418935998
vn -0.897988537 0.134570494 0.418935998
vn -0.897583201 0.134303918 0.419889097
vn -0.897583201 0.134303918 0.419889097
vn -0.897583201 0.134303918 0.419889097
vn -0.811333627 0.131160776 0.569679380
vn -0.811333627 0.131160776 0.569679380
vn -0.811333627 0.131160776 0.569679380
vn -0.810569527 0.130843262 0.570838929
vn -0.810569527 0.130843262 0.570838929
vn -0.810569527 0.130843262 0.570838929
vn -0.086016420 0.100687317 0.991192837
vn -0.086016420 0.100687317 0.991192837
vn -0.086016420 0.100687317 0.991192837
vn -0.083934576 0.100088088 0.991431975
vn -0.083934576 0.100088088 0.991431975
vn -0.083934576 0.100088088 0.991431975
vn 0.088306040 0.093645961 0.991681641
vn 0.088306040 0.093645961 0.991681641
vn 0.088306040 0.093645961 0.991681641
vn 0.090332312 0.093137085 0.991547052
vn 0.090332312 0.093137085 0.991547052
vn 0.090332312 0.093137085 0.991547052
vn 0.817539972 0.062601308 0.572459144
vn 0.817539972 0.062601308 0.572459144
vn 0.817539972 0.062601308 0.572459144
vn 0.818122147 0.062332852 0.571656162
vn 0.818122147 0.062332852 0.571656162
vn 0.818122147 0.062332852 0.571656162
vn 0.905054654 0.058987420 0.421184706
vn 0.905054654 0.058987420 0.421184706
vn 0.905054654 0.058987420 0.421184706
vn 0.905365161 0.058824538 0.420539652
vn 0.905365161 0.058824538 0.420539652
vn 0.905365161 0.058824538 0.420539652
vn 0.813510017 0.447171381 -0.371805337
vn 0.813510017 0.447171381 -0.371805337
vn 0.813510017 0.447171381 -0.371805337
vn 0.812189803 0.444131824 -0.378278530
vn 0.812189803 0.444131824 -0.378278530
vn 0.812189803 0.444131824 -0.378278530
vn 0.736173448 0.450282309 -0.505266758
vn 0.736173448 0.450282309 -0.505266758
vn 0.736173448 0.450282309 -0.505266758
vn 0.732343529 0.447442610 -0.513291405
vn 0.732343529 0.447442610 -0.513291405
vn 0.732343529 0.447442610 -0.513291405
vn 0.092920196 0.459356722 -0.883378311
vn 0.092920196 0.459356722 -0.883378311
vn 0.092920196 0.459356722 -0.883378311
vn 0.078144698 0.452132694 -0.888520924
vn 0.078144698 0.452132694 -0.888520924
vn 0.078144698 0.452132694 -0.888520924
vn -0.062341658 0.464974074 -0.883126621
vn -0.062341658 0.464974074 -0.883126621
vn -0.062341658 0.464974074 -0.883126621
vn -0.077793531 0.459954603 -0.884528083
vn -0.077793531 0.459954603 -0.884528083
vn -0.077793531 0.459954603 -0.884528083
vn -0.716859032 0.472065376 -0.513095907
vn -0.716859032 0.472065376 -0.513095907
vn -0.716859032 0.472065376 -0.513095907
vn -0.723770730 0.467782070 -0.507282826
vn -0.723770730 0.467782070 -0.507282826
vn -0.723770730 0.467782070 -0.507282826
vn -0.795193556 0.474540959 -0.377462695
vn -0.795193556 0.474540959 -0.377462695
vn -0.795193556 0.474540959 -0.377462695
vn -0.798992267 0.472365654 -0.372131759
vn -0.798992267 0.472365654 -0.372131759
vn -0.798992267 0.472365654 -0.372131759
vn -0.796155232 0.472592084 0.377880362
vn -0.796155232 0.472592084 0.377880362
vn -0.796155232 0.472592084 0.377880362
vn -0.797313121 0.475805834 0.371349695
vn -0.797313121 0.475805834 0.371349695
vn -0.797313121 0.475805834 0.371349695
vn -0.718036795 0.469436887 0.513860069
vn -0.718036795 0.469436887 0.513860069
vn -0.718036795 0.469436887 0.513860069
vn -0.721756188 0.472400977 0.505870855
vn -0.721756188 0.472400977 0.505870855
vn -0.721756188 0.472400977 0.505870855
vn -0.062697699 0.460445055 0.885471259
vn -0.062697699 0.460445055 0.885471259
vn -0.062697699 0.460445055 0.885471259
vn -0.077425814 0.467968236 0.880347076
vn -0.077425814 0.467968236 0.880347076
vn -0.077425814 0.467968236 0.880347076
vn 0.092975075 0.454897033 0.885677325
vn 0.092975075 0.454897033 0.885677325
vn 0.092975075 0.454897033 0.885677325
vn 0.077793531 0.459954603 0.884528083
vn 0.077793531 0.459954603 0.884528083
vn 0.077793531 0.459954603 0.884528083
vn 0.737196333 0.447730577 0.506042386
vn 0.737196333 0.447730577 0.506042386
vn 0.737196333 0.447730577 0.506042386
vn 0.730485378 0.451949474 0.511989048
vn 0.730485378 0.451949474 0.511989048
vn 0.730485378 0.451949474 0.511989048
vn 0.814341418 0.445308396 0.372221020
vn 0.814341418 0.445308396 0.372221020
vn 0.814341418 0.445308396 0.372221020
vn 0.810710782 0.447408165 0.377589674
vn 0.810710782 0.447408165 0.377589674
vn 0.810710782 0.447408165 0.377589674
vn 0.000000000 -1.000000000 -0.000000000
vn 0.000000000 -1.000000000 -0.000000000
vn 0.000000000 -1.000000000 -0.000000000
vn -0.000000000 -1.000000000 -0.000000000
vn -0.000000000 -1.000000000 -0.000000000
vn -0.000000000 -1.000000000 -0.000000000
vn -0.000000000 -1.000000000 -0.000000000
vn -0.000000000 -1.000000000 -0.000000000
vn -0.000000000 -1.000000000 -0.000000000
vn -0.000000000 -1.000000000 -0.000000000
vn -0.000000000 -1.000000000 -0.000000000
vn -0.000000000 -1.000000000 -0.000000000
vn -0.000000000 -1.000000000 -0.000000000
vn -0.000000000 -1.000000000 -0.000000000
vn -0.000000000 -1.000000000 -0.000000000
vn -0.000000000 -1.000000000 -0.000000000
vn -0.000000000 -1.000000000 -0.000000000
vn -0.000000000 -1.000000000 -0.000000000
vn -0.000000000 -1.000000000 -0.000000000
vn -0.000000000 -1.000000000 -0.000000000
vn -0.000000000 -1.000000000 -0.000000000
vn -0.000000000 -1.000000000 -0.000000000
vn -0.000000000 -1.000000000 -0.000000000
vn -0.000000000 -1.000000000 -0.000000000
vn -0.000000000 -1.000000000 -0.000000000
vn -0.000000000 -1.000000000 -0.000000000
vn -0.000000000 -1.000000000 -0.000000000
vn -0.000000000 -1.000000000 0.000000000
vn -0.000000000 -1.000000000 0.000000000
vn -0.000000000 -1.000000000 0.000000000
vn -0.000000000 -1.000000000 -0.000000000
vn -0.000000000 -1.000000000 -0.000000000
vn -0.000000000 -1.000000000 -0.000000000
vn -0.000000000 -1.000000000 -0.000000000
vn -0.000000000 -1.000000000 -0.000000000
vn -0.000000000 -1.000000000 -0.000000000
vn 0.421564917 0.885286326 -0.196344446
vn 0.421564917 0.885286326 -0.196344446
vn 0.421564917 0.885286326 -0.196344446
vn 0.380821737 0.885286326 -0.266913704
vn 0.380821737 0.885286326 -0.266913704
vn 0.380821737 0.885286326 -0.266913704
vn 0.040743180 0.885286326 -0.463258151
vn 0.040743180 0.885286326 -0.463258151
vn 0.040743180 0.885286326 -0.463258151
vn -0.040743180 0.885286326 -0.463258151
vn -0.040743180 0.885286326 -0.463258151
vn -0.040743180 0.885286326 -0.463258151
vn -0.380821737 0.885286326 -0.266913704
vn -0.380821737 0.885286326 -0.266913704
vn -0.380821737 0.885286326 -0.266913704
vn -0.421564917 0.885286326 -0.196344446
vn -0.421564917 0.885286326 -0.196344446
vn -0.421564917 0.885286326 -0.196344446
vn -0.421564917 0.885286326 0.196344446
vn -0.421564917 0.885286326 0.196344446
vn -0.421564917 0.885286326 0.196344446
vn -0.380821737 0.885286326 0.266913704
vn -0.380821737 0.885286326 0.266913704
vn -0.380821737 0.885286326 0.266913704
vn -0.040743180 0.885286326 0.463258151
vn -0.040743180 0.885286326 0.463258151
vn -0.040743180 0.885286326 0.463258151
vn 0.040743180 0.885286326 0.463258151
vn 0.040743180 0.885286326 0.463258151
vn 0.040743180 0.885286326 0.463258151
vn 0.380821737 0.885286326 0.266913704
vn 0.380821737 0.885286326 0.266913704
vn 0.380821737 0.885286326 0.266913704
vn 0.421564917 0.885286326 0.196344446
vn 0.421564917 0.885286326 0.196344446
vn 0.421564917 0.885286326 0.196344446
vn 0.031992013 -0.874394871 -0.484159190
vn 0.031992013 -0.874394871 -0.484159190
vn 0.031992013 -0.874394871 -0.484159190
vn 0.037307287 -0.883211015 -0.467489539
vn 0.037307287 -0.883211015 -0.467489539
vn 0.037307287 -0.883211015 -0.467489539
vn -0.012134642 -0.486892891 -0.873377389
vn -0.012134642 -0.486892891 -0.873377389
vn -0.012134642 -0.486892891 -0.873377389
vn -0.003573052 -0.508348855 -0.861143818
vn -0.003573052 -0.508348855 -0.861143818
vn -0.003573052 -0.508348855 -0.861143818
vn -0.097072705 0.477229341 -0.873400851
vn -0.097072705 0.477229341 -0.873400851
vn -0.097072705 0.477229341 -0.873400851
vn -0.097638176 0.478665474 -0.872551517
vn -0.097638176 0.478665474 -0.872551517
vn -0.097638176 0.478665474 -0.872551517
vn -0.125858677 0.865927161 -0.484076176
vn -0.125858677 0.865927161 -0.484076176
vn -0.125858677 0.865927161 -0.484076176
vn -0.128332606 0.869312505 -0.477311755
vn -0.128332606 0.869312505 -0.477311755
vn -0.128332606 0.869312505 -0.477311755
vn -0.128167871 0.865620027 0.484019592
vn -0.128167871 0.865620027 0.484019592
vn -0.128167871 0.865620027 0.484019592
vn -0.126405049 0.869686283 0.477145190
vn -0.126405049 0.869686283 0.477145190
vn -0.126405049 0.869686283 0.477145190
vn -0.097558226 0.477173270 0.873377389
vn -0.097558226 0.477173270 0.873377389
vn -0.097558226 0.477173270 0.873377389
vn -0.097228535 0.478797185 0.872524996
vn -0.097228535 0.478797185 0.872524996
vn -0.097228535 0.478797185 0.872524996
vn -0.005317219 -0.486460651 0.873686306
vn -0.005317219 -0.486460651 0.873686306
vn -0.005317219 -0.486460651 0.873686306
vn -0.009267400 -0.509849235 0.860213853
vn -0.009267400 -0.509849235 0.860213853
vn -0.009267400 -0.509849235 0.860213853
vn 0.036924277 -0.874143667 0.484261755
vn 0.036924277 -0.874143667 0.484261755
vn 0.036924277 -0.874143667 0.484261755
vn 0.033185469 -0.883660332 0.466950900
vn 0.033185469 -0.883660332 0.466950900
vn 0.033185469 -0.883660332 0.466950900
vn 0.646911245 -0.619687261 -0.444402452
vn 0.646911245 -0.619687261 -0.444402452
vn 0.646911245 -0.619687261 -0.444402452
vn 0.646485997 -0.619605077 -0.445135265
vn 0.646485997 -0.619605077 -0.445135265
vn 0.646485997 -0.619605077 -0.445135265
vn 0.394794352 -0.356597471 -0.846744154
vn 0.394794352 -0.356597471 -0.846744154
vn 0.394794352 -0.356597471 -0.846744154
vn 0.384480805 -0.352071799 -0.853358048
vn 0.384480805 -0.352071799 -0.853358048
vn 0.384480805 -0.352071799 -0.853358048
vn -0.303668918 0.399976777 -0.864756478
vn -0.303668918 0.399976777 -0.864756478
vn -0.303668918 0.399976777 -0.864756478
vn -0.355338585 0.415056407 -0.837533682
vn -0.355338585 0.415056407 -0.837533682
vn -0.355338585 0.415056407 -0.837533682
vn -0.539857304 0.700641101 -0.466536320
vn -0.539857304 0.700641101 -0.466536320
vn -0.539857304 0.700641101 -0.466536320
vn -0.583006689 0.693117427 -0.423900263
vn -0.583006689 0.693117427 -0.423900263
vn -0.583006689 0.693117427 -0.423900263
vn -0.569670131 0.680118688 0.461426604
vn -0.569670131 0.680118688 0.461426604
vn -0.569670131 0.680118688 0.461426604
vn -0.555568048 0.721030920 0.414075544
vn -0.555568048 0.721030920 0.414075544
vn -0.555568048 0.721030920 0.414075544
vn -0.328447406 0.388743737 0.860813922
vn -0.328447406 0.388743737 0.860813922
vn -0.328447406 0.388743737 0.860813922
vn -0.342089211 0.441819836 0.829319121
vn -0.342089211 0.441819836 0.829319121
vn -0.342089211 0.441819836 0.829319121
vn 0.390949179 -0.358546052 0.847704824
vn 0.390949179 -0.358546052 0.847704824
vn 0.390949179 -0.358546052 0.847704824
vn 0.386458565 -0.347571525 0.854308968
vn 0.386458565 -0.347571525 0.854308968
vn 0.386458565 -0.347571525 0.854308968
vn 0.646732064 -0.619840912 0.444448964
vn 0.646732064 -0.619840912 0.444448964
vn 0.646732064 -0.619840912 0.444448964
vn 0.646643857 -0.619404510 0.445185102
vn 0.646643857 -0.619404510 0.445185102
vn 0.646643857 -0.619404510 0.445185102
vn 0.884892768 0.010451160 -0.465677530
vn 0.884892768 0.010451160 -0.465677530
vn 0.884892768 0.010451160 -0.465677530
vn 0.874802120 0.006544618 -0.484436186
vn 0.874802120 0.006544618 -0.484436186
vn 0.874802120 0.006544618 -0.484436186
vn 0.509834107 0.032195907 -0.859670057
vn 0.509834107 0.032195907 -0.859670057
vn 0.509834107 0.032195907 -0.859670057
vn 0.485178100 0.027593514 -0.873979868
vn 0.485178100 0.027593514 -0.873979868
vn 0.485178100 0.027593514 -0.873979868
vn -0.485443684 0.066912395 -0.871703597
vn -0.485443684 0.066912395 -0.871703597
vn -0.485443684 0.066912395 -0.871703597
vn -0.482284924 0.067603079 -0.873402013
vn -0.482284924 0.067603079 -0.873402013
vn -0.482284924 0.067603079 -0.873402013
vn -0.876473885 0.075146820 -0.475548614
vn -0.876473885 0.075146820 -0.475548614
vn -0.876473885 0.075146820 -0.475548614
vn -0.871679882 0.077179872 -0.483960175
vn -0.871679882 0.077179872 -0.483960175
vn -0.871679882 0.077179872 -0.483960175
vn -0.876196789 0.077153398 0.475737890
vn -0.876196789 0.077153398 0.475737890
vn -0.876196789 0.077153398 0.475737890
vn -0.871857194 0.074750996 0.484022026
vn -0.871857194 0.074750996 0.484022026
vn -0.871857194 0.074750996 0.484022026
vn -0.485252899 0.067610911 0.871755923
vn -0.485252899 0.067610911 0.871755923
vn -0.485252899 0.067610911 0.871755923
vn -0.482329125 0.066774403 0.873441351
vn -0.482329125 0.066774403 0.873441351
vn -0.482329125 0.066774403 0.873441351
vn 0.508678162 0.026958858 0.860534571
vn 0.508678162 0.026958858 0.860534571
vn 0.508678162 0.026958858 0.860534571
vn 0.485214271 0.033872697 0.873738949
vn 0.485214271 0.033872697 0.873738949
vn 0.485214271 0.033872697 0.873738949
vn 0.884657548 0.006618349 0.466194403
vn 0.884657548 0.006618349 0.466194403
vn 0.884657548 0.006618349 0.466194403
vn 0.874795587 0.011180043 0.484363177
vn 0.874795587 0.011180043 0.484363177
vn 0.874795587 0.011180043 0.484363177
vn 0.820487739 0.353635499 -0.449156771
vn 0.820487739 0.353635499 -0.449156771
vn 0.820487739 0.353635499 -0.449156771
vn 0.818944119 0.351327857 -0.453761244
vn 0.818944119 0.351327857 -0.453761244
vn 0.818944119 0.351327857 -0.453761244
vn 0.460114248 0.357575392 -0.812671346
vn 0.460114248 0.357575392 -0.812671346
vn 0.460114248 0.357575392 -0.812671346
vn 0.453243457 0.354161867 -0.818009622
vn 0.453243457 0.354161867 -0.818009622
vn 0.453243457 0.354161867 -0.818009622
vn -0.444129700 0.363335202 -0.818984945
vn -0.444129700 0.363335202 -0.818984945
vn -0.444129700 0.363335202 -0.818984945
vn -0.452313816 0.359185998 -0.816331814
vn -0.452313816 0.359185998 -0.816331814
vn -0.452313816 0.359185998 -0.816331814
vn -0.811751336 0.365995075 -0.455090512
vn -0.811751336 0.365995075 -0.455090512
vn -0.811751336 0.365995075 -0.455090512
vn -0.814664596 0.364099747 -0.451390042
vn -0.814664596 0.364099747 -0.451390042
vn -0.814664596 0.364099747 -0.451390042
vn -0.812257692 0.364546929 0.455349293
vn -0.812257692 0.364546929 0.455349293
vn -0.812257692 0.364546929 0.455349293
vn -0.813710280 0.366878306 0.450861274
vn -0.813710280 0.366878306 0.450861274
vn -0.813710280 0.366878306 0.450861274
vn -0.444674399 0.360729872 0.819840618
vn -0.444674399 0.360729872 0.819840618
vn -0.444674399 0.360729872 0.819840618
vn -0.451376930 0.364168946 0.814640931
vn -0.451376930 0.364168946 0.814640931
vn -0.451376930 0.364168946 0.814640931
vn 0.460544098 0.354958827 0.813574437
vn 0.460544098 0.354958827 0.813574437
vn 0.460544098 0.354958827 0.813574437
vn 0.452313816 0.359185998 0.816331814
vn 0.452313816 0.359185998 0.816331814
vn 0.452313816 0.359185998 0.816331814
vn 0.820955376 0.352190689 0.449437414
vn 0.820955376 0.352190689 0.449437414
vn 0.820955376 0.352190689 0.449437414
vn 0.818032097 0.354094012 0.453255909
vn 0.818032097 0.354094012 0.453255909
vn 0.818032097 0.354094012 0.453255909
vn -0.996097313 -0.088261787 0.000000000
vn -0.996097313 -0.088261787 0.000000000
vn -0.996097313 -0.088261787 0.000000000
vn -0.996097313 -0.088261787 -0.000000000
vn -0.996097313 -0.088261787 -0.000000000
vn -0.996097313 -0.088261787 -0.000000000
vn -0.996097313 -0.088261787 -0.000000000
vn -0.996097313 -0.088261787 -0.000000000
vn -0.996097313 -0.088261787 -0.000000000
vn -0.996097313 -0.088261787 0.000000000
vn -0.996097313 -0.088261787 0.000000000
vn -0.996097313 -0.088261787 0.000000000
vn -0.996097313 -0.088261787 0.000000000
vn -0.996097313 -0.088261787 0.000000000
vn -0.996097313 -0.088261787 0.000000000
vn -0.996097313 -0.088261787 0.000000000
vn -0.996097313 -0.088261787 0.000000000
vn -0.996097313 -0.088261787 0.000000000
vn -0.996097313 -0.088261787 0.000000000
vn -0.996097313 -0.088261787 0.000000000
vn -0.996097313 -0.088261787 0.000000000
vn -0.996097313 -0.088261787 -0.000000000
vn -0.996097313 -0.088261787 -0.000000000
vn -0.996097313 -0.088261787 -0.000000000
vn 0.434085449 0.868170898 -0.240518429
vn 0.434085449 0.868170898 -0.240518429
vn 0.434085449 0.868170898 -0.240518429
vn 0.240518429 0.868170898 -0.434085449
vn 0.240518429 0.868170898 -0.434085449
vn 0.240518429 0.868170898 -0.434085449
vn -0.240518429 0.868170898 -0.434085449
vn -0.240518429 0.868170898 -0.434085449
vn -0.240518429 0.868170898 -0.434085449
vn -0.434085449 0.868170898 -0.240518429
vn -0.434085449 0.868170898 -0.240518429
vn -0.434085449 0.868170898 -0.240518429
vn -0.434085449 0.868170898 0.240518429
vn -0.434085449 0.868170898 0.240518429
vn -0.434085449 0.868170898 0.240518429
vn -0.240518429 0.868170898 0.434085449
vn -0.240518429 0.868170898 0.434085449
vn -0.240518429 0.868170898 0.434085449
vn 0.240518429 0.868170898 0.434085449
vn 0.240518429 0.868170898 0.434085449
vn 0.240518429 0.868170898 0.434085449
vn 0.434085449 0.868170898 0.240518429
vn 0.434085449 0.868170898 0.240518429
vn 0.434085449 0.868170898 0.240518429
vn 0.131954181 0.864734931 -0.484583938
vn 0.131954181 0.864734931 -0.484583938
vn 0.131954181 0.864734931 -0.484583938
vn 0.128054588 0.873239139 -0.470165320
vn 0.128054588 0.873239139 -0.470165320
vn 0.128054588 0.873239139 -0.470165320
vn 0.088846018 0.476965469 -0.874419994
vn 0.088846018 0.476965469 -0.874419994
vn 0.088846018 0.476965469 -0.874419994
vn 0.086713830 0.488649468 -0.868160359
vn 0.086713830 0.488649468 -0.868160359
vn 0.086713830 0.488649468 -0.868160359
vn -0.044841394 -0.482861191 -0.874548066
vn -0.044841394 -0.482861191 -0.874548066
vn -0.044841394 -0.482861191 -0.874548066
vn -0.041524262 -0.505284076 -0.861953443
vn -0.041524262 -0.505284076 -0.861953443
vn -0.041524262 -0.505284076 -0.861953443
vn -0.105086960 -0.868381706 -0.484633824
vn -0.105086960 -0.868381706 -0.484633824
vn -0.105086960 -0.868381706 -0.484633824
vn -0.101399400 -0.878547906 -0.466767327
vn -0.101399400 -0.878547906 -0.466767327
vn -0.101399400 -0.878547906 -0.466767327
vn -0.099895247 -0.869011737 0.484602456
vn -0.099895247 -0.869011737 0.484602456
vn -0.099895247 -0.869011737 0.484602456
vn -0.106207366 -0.877640129 0.467405392
vn -0.106207366 -0.877640129 0.467405392
vn -0.106207366 -0.877640129 0.467405392
vn -0.038295064 -0.483656036 0.874419994
vn -0.038295064 -0.483656036 0.874419994
vn -0.038295064 -0.483656036 0.874419994
vn -0.047575421 -0.503127710 0.862901551
vn -0.047575421 -0.503127710 0.862901551
vn -0.047575421 -0.503127710 0.862901551
vn 0.085266996 0.477481047 0.874494933
vn 0.085266996 0.477481047 0.874494933
vn 0.085266996 0.477481047 0.874494933
vn 0.090050427 0.487372468 0.868538426
vn 0.090050427 0.487372468 0.868538426
vn 0.090050427 0.487372468 0.868538426
vn 0.126915062 0.865468402 0.484620482
vn 0.126915062 0.865468402 0.484620482
vn 0.126915062 0.865468402 0.484620482
vn 0.132729949 0.872238300 0.470726151
vn 0.132729949 0.872238300 0.470726151
vn 0.132729949 0.872238300 0.470726151
vn 0.684413294 0.576025751 -0.446959480
vn 0.684413294 0.576025751 -0.446959480
vn 0.684413294 0.576025751 -0.446959480
vn 0.682358337 0.585901644 -0.437157139
vn 0.682358337 0.585901644 -0.437157139
vn 0.682358337 0.585901644 -0.437157139
vn 0.387056914 0.345046825 -0.855061187
vn 0.387056914 0.345046825 -0.855061187
vn 0.387056914 0.345046825 -0.855061187
vn 0.397044195 0.370598690 -0.839650236
vn 0.397044195 0.370598690 -0.839650236
vn 0.397044195 0.370598690 -0.839650236
vn -0.448718578 -0.307498505 -0.839104467
vn -0.448718578 -0.307498505 -0.839104467
vn -0.448718578 -0.307498505 -0.839104467
vn -0.429578555 -0.273275427 -0.860687403
vn -0.429578555 -0.273275427 -0.860687403
vn -0.429578555 -0.273275427 -0.860687403
vn -0.727040373 -0.531762042 -0.434328707
vn -0.727040373 -0.531762042 -0.434328707
vn -0.727040373 -0.531762042 -0.434328707
vn -0.723671676 -0.521406575 -0.452144323
vn -0.723671676 -0.521406575 -0.452144323
vn -0.723671676 -0.521406575 -0.452144323
vn -0.731013763 -0.527367354 0.433015649
vn -0.731013763 -0.527367354 0.433015649
vn -0.731013763 -0.527367354 0.433015649
vn -0.720396963 -0.526903009 0.451000483
vn -0.720396963 -0.526903009 0.451000483
vn -0.720396963 -0.526903009 0.451000483
vn -0.461710069 -0.299170824 0.835057262
vn -0.461710069 -0.299170824 0.835057262
vn -0.461710069 -0.299170824 0.835057262
vn -0.424644030 -0.289194842 0.857929945
vn -0.424644030 -0.289194842 0.857929945
vn -0.424644030 -0.289194842 0.857929945
vn 0.373495368 0.352889441 0.857887086
vn 0.373495368 0.352889441 0.857887086
vn 0.373495368 0.352889441 0.857887086
vn 0.402325568 0.355912174 0.843481275
vn 0.402325568 0.355912174 0.843481275
vn 0.402325568 0.355912174 0.843481275
vn 0.678057520 0.582208781 0.448632294
vn 0.678057520 0.582208781 0.448632294
vn 0.678057520 0.582208781 0.448632294
vn 0.687674291 0.578146256 0.439148011
vn 0.687674291 0.578146256 0.439148011
vn 0.687674291 0.578146256 0.439148011
vn 0.876599485 0.038995057 -0.479638122
vn 0.876599485 0.038995057 -0.479638122
vn 0.876599485 0.038995057 -0.479638122
vn 0.874077274 0.037858391 -0.484309468
vn 0.874077274 0.037858391 -0.484309468
vn 0.874077274 0.037858391 -0.484309468
vn 0.485802559 0.041087170 -0.873102353
vn 0.485802559 0.041087170 -0.873102353
vn 0.485802559 0.041087170 -0.873102353
vn 0.484254616 0.040736175 -0.873978278
vn 0.484254616 0.040736175 -0.873978278
vn 0.484254616 0.040736175 -0.873978278
vn -0.498521299 0.037789358 -0.866053393
vn -0.498521299 0.037789358 -0.866053393
vn -0.498521299 0.037789358 -0.866053393
vn -0.484246842 0.041127729 -0.873964247
vn -0.484246842 0.041127729 -0.873964247
vn -0.484246842 0.041127729 -0.873964247
vn -0.880268925 0.033745264 -0.473273575
vn -0.880268925 0.033745264 -0.473273575
vn -0.880268925 0.033745264 -0.473273575
vn -0.874133361 0.036126223 -0.484340545
vn -0.874133361 0.036126223 -0.484340545
vn -0.874133361 0.036126223 -0.484340545
vn -0.880306765 0.035952434 0.473040613
vn -0.880306765 0.035952434 0.473040613
vn -0.880306765 0.035952434 0.473040613
vn -0.874212997 0.033513109 0.484384670
vn -0.874212997 0.033513109 0.484384670
vn -0.874212997 0.033513109 0.484384670
vn -0.498935234 0.040737942 0.865681265
vn -0.498935234 0.040737942 0.865681265
vn -0.498935234 0.040737942 0.865681265
vn -0.484313000 0.037665531 0.874083649
vn -0.484313000 0.037665531 0.874083649
vn -0.484313000 0.037665531 0.874083649
vn 0.485863350 0.040751819 0.873084242
vn 0.485863350 0.040751819 0.873084242
vn 0.485863350 0.040751819 0.873084242
vn 0.484246842 0.041127729 0.873964247
vn 0.484246842 0.041127729 0.873964247
vn 0.484246842 0.041127729 0.873964247
vn 0.876683758 0.037971284 0.479566231
vn 0.876683758 0.037971284 0.479566231
vn 0.876683758 0.037971284 0.479566231
vn 0.874036420 0.039071754 0.484286832
vn 0.874036420 0.039071754 0.484286832
vn 0.874036420 0.039071754 0.484286832
vn 0.807459744 0.384504640 -0.447397971
vn 0.807459744 0.384504640 -0.447397971
vn 0.807459744 0.384504640 -0.447397971
vn 0.807459744 0.384504640 -0.447397971
vn 0.807459744 0.384504640 -0.447397971
vn 0.807459744 0.384504640 -0.447397971
vn 0.447397971 0.384504640 -0.807459744
vn 0.447397971 0.384504640 -0.807459744
vn 0.447397971 0.384504640 -0.807459744
vn 0.447397971 0.384504640 -0.807459744
vn 0.447397971 0.384504640 -0.807459744
vn 0.447397971 0.384504640 -0.807459744
vn -0.447397971 0.384504640 -0.807459744
vn -0.447397971 0.384504640 -0.807459744
vn -0.447397971 0.384504640 -0.807459744
vn -0.447397971 0.384504640 -0.807459744
vn -0.447397971 0.384504640 -0.807459744
vn -0.447397971 0.384504640 -0.807459744
vn -0.807459744 0.384504640 -0.447397971
vn -0.807459744 0.384504640 -0.447397971
vn -0.807459744 0.384504640 -0.447397971
vn -0.807459744 0.384504640 -0.447397971
vn -0.807459744 0.384504640 -0.447397971
vn -0.807459744 0.384504640 -0.447397971
vn -0.807459744 0.384504640 0.447397971
vn -0.807459744 0.384504640 0.447397971
vn -0.807459744 0.384504640 0.447397971
vn -0.807459744 0.384504640 0.447397971
vn -0.807459744 0.384504640 0.447397971
vn -0.807459744 0.384504640 0.447397971
vn -0.447397971 0.384504640 0.807459744
vn -0.447397971 0.384504640 0.807459744
vn -0.447397971 0.384504640 0.807459744
vn -0.447397971 0.384504640 0.807459744
vn -0.447397971 0.384504640 0.807459744
vn -0.447397971 0.384504640 0.807459744
vn 0.447397971 0.384504640 0.807459744
vn 0.447397971 0.384504640 0.807459744
vn 0.447397971 0.384504640 0.807459744
vn 0.447397971 0.384504640 0.807459744
vn 0.447397971 0.384504640 0.807459744
vn 0.447397971 0.384504640 0.807459744
vn 0.807459744 0.384504640 0.447397971
vn 0.807459744 0.384504640 0.447397971
vn 0.807459744 0.384504640 0.447397971
vn 0.807459744 0.384504640 0.447397971
vn 0.807459744 0.384504640 0.447397971
vn 0.807459744 0.384504640 0.447397971
vn 0.991354766 -0.131208719 -0.000000000
vn 0.991354766 -0.131208719 -0.000000000
vn 0.991354766 -0.131208719 -0.000000000
vn 0.991354766 -0.131208719 -0.000000000
vn 0.991354766 -0.131208719 -0.000000000
vn 0.991354766 -0.131208719 -0.000000000
vn 0.991354766 -0.131208719 -0.000000000
vn 0.991354766 -0.131208719 -0.000000000
vn 0.991354766 -0.131208719 -0.000000000
vn 0.991354766 -0.131208719 -0.000000000
vn 0.991354766 -0.131208719 -0.000000000
vn 0.991354766 -0.131208719 -0.000000000
vn 0.991354766 -0.131208719 -0.000000000
vn 0.991354766 -0.131208719 -0.000000000
vn 0.991354766 -0.131208719 -0.000000000
vn 0.991354766 -0.131208719 -0.000000000
vn 0.991354766 -0.131208719 -0.000000000
vn 0.991354766 -0.131208719 -0.000000000
vn 0.991354766 -0.131208719 -0.000000000
vn 0.991354766 -0.131208719 -0.000000000
vn 0.991354766 -0.131208719 -0.000000000
vn 0.991354766 -0.131208719 0.000000000
vn 0.991354766 -0.131208719 0.000000000
vn 0.991354766 -0.131208719 0.000000000
vn 0.462838149 0.848536607 -0.256449750
vn 0.462838149 0.848536607 -0.256449750
vn 0.462838149 0.848536607 -0.256449750
vn 0.256449750 0.848536607 -0.462838149
vn 0.256449750 0.848536607 -0.462838149
vn 0.256449750 0.848536607 -0.462838149
vn -0.256449750 0.848536607 -0.462838149
vn -0.256449750 0.848536607 -0.462838149
vn -0.256449750 0.848536607 -0.462838149
vn -0.462838149 0.848536607 -0.256449750
vn -0.462838149 0.848536607 -0.256449750
vn -0.462838149 0.848536607 -0.256449750
vn -0.462838149 0.848536607 0.256449750
vn -0.462838149 0.848536607 0.256449750
vn -0.462838149 0.848536607 0.256449750
vn -0.256449750 0.848536607 0.462838149
vn -0.256449750 0.848536607 0.462838149
vn -0.256449750 0.848536607 0.462838149
vn 0.256449750 0.848536607 0.462838149
vn 0.256449750 0.848536607 0.462838149
vn 0.256449750 0.848536607 0.462838149
vn 0.462838149 0.848536607 0.256449750
vn 0.462838149 0.848536607 0.256449750
vn 0.462838149 0.848536607 0.256449750
vn 0.894959832 0.421556023 -0.146073333
vn 0.894959832 0.421556023 -0.146073333
vn 0.894959832 0.421556023 -0.146073333
vn 0.932290206 0.344491070 -0.110276358
vn 0.932290206 0.344491070 -0.110276358
vn 0.932290206 0.344491070 -0.110276358
vn 0.525151366 0.822910952 -0.216872333
vn 0.525151366 0.822910952 -0.216872333
vn 0.525151366 0.822910952 -0.216872333
vn 0.599019434 0.779073756 -0.184985945
vn 0.599019434 0.779073756 -0.184985945
vn 0.599019434 0.779073756 -0.184985945
vn -0.440598121 0.872770563 -0.210106735
vn -0.440598121 0.872770563 -0.210106735
vn -0.440598121 0.872770563 -0.210106735
vn -0.347292018 0.917991978 -0.191517579
vn -0.347292018 0.917991978 -0.191517579
vn -0.347292018 0.917991978 -0.191517579
vn -0.847959855 0.506817268 -0.155242849
vn -0.847959855 0.506817268 -0.155242849
vn -0.847959855 0.506817268 -0.155242849
vn -0.795928974 0.587729215 -0.145160046
vn -0.795928974 0.587729215 -0.145160046
vn -0.795928974 0.587729215 -0.145160046
vn -0.896455285 -0.442487634 0.023929408
vn -0.896455285 -0.442487634 0.023929408
vn -0.896455285 -0.442487634 0.023929408
vn -0.926856197 -0.374296304 0.028980443
vn -0.926856197 -0.374296304 0.028980443
vn -0.926856197 -0.374296304 0.028980443
vn -0.526686466 -0.845524621 0.087689688
vn -0.526686466 -0.845524621 0.087689688
vn -0.526686466 -0.845524621 0.087689688
vn -0.592933557 -0.799141269 0.099010250
vn -0.592933557 -0.799141269 0.099010250
vn -0.592933557 -0.799141269 0.099010250
vn 0.439764634 -0.893687886 0.089045098
vn 0.439764634 -0.893687886 0.089045098
vn 0.439764634 -0.893687886 0.089045098
vn 0.338329407 -0.932979769 0.122808648
vn 0.338329407 -0.932979769 0.122808648
vn 0.338329407 -0.932979769 0.122808648
vn 0.846623879 -0.532163783 0.005451147
vn 0.846623879 -0.532163783 0.005451147
vn 0.846623879 -0.532163783 0.005451147
vn 0.782284147 -0.620811323 0.051232938
vn 0.782284147 -0.620811323 0.051232938
vn 0.782284147 -0.620811323 0.051232938
vn 0.915072362 0.258833931 -0.309269412
vn 0.915072362 0.258833931 -0.309269412
vn 0.915072362 0.258833931 -0.309269412
vn 0.873739026 0.288734146 -0.391423949
vn 0.873739026 0.288734146 -0.391423949
vn 0.873739026 0.288734146 -0.391423949
vn 0.577938886 0.644446344 -0.500675097
vn 0.577938886 0.644446344 -0.500675097
vn 0.577938886 0.644446344 -0.500675097
vn 0.467062652 0.644322032 -0.605558914
vn 0.467062652 0.644322032 -0.605558914
vn 0.467062652 0.644322032 -0.605558914
vn -0.365533845 0.787326084 -0.496490328
vn -0.365533845 0.787326084 -0.496490328
vn -0.365533845 0.787326084 -0.496490328
vn -0.352970259 0.795225764 -0.492978682
vn -0.352970259 0.795225764 -0.492978682
vn -0.352970259 0.795225764 -0.492978682
vn -0.801628460 0.535585363 -0.265593922
vn -0.801628460 0.535585363 -0.265593922
vn -0.801628460 0.535585363 -0.265593922
vn -0.756783866 0.591631433 -0.277939610
vn -0.756783866 0.591631433 -0.277939610
vn -0.756783866 0.591631433 -0.277939610
vn -0.891134033 -0.212786971 0.400751595
vn -0.891134033 -0.212786971 0.400751595
vn -0.891134033 -0.212786971 0.400751595
vn -0.878818232 -0.243406834 0.410404226
vn -0.878818232 -0.243406834 0.410404226
vn -0.878818232 -0.243406834 0.410404226
vn -0.534775090 -0.532031483 0.656473994
vn -0.534775090 -0.532031483 0.656473994
vn -0.534775090 -0.532031483 0.656473994
vn -0.481130737 -0.576010341 0.660851950
vn -0.481130737 -0.576010341 0.660851950
vn -0.481130737 -0.576010341 0.660851950
vn 0.357660933 -0.671208210 0.649275131
vn 0.357660933 -0.671208210 0.649275131
vn 0.357660933 -0.671208210 0.649275131
vn 0.404415363 -0.672928323 0.619367165
vn 0.404415363 -0.672928323 0.619367165
vn 0.404415363 -0.672928323 0.619367165
vn 0.792425291 -0.469646109 0.389223188
vn 0.792425291 -0.469646109 0.389223188
vn 0.792425291 -0.469646109 0.389223188
vn 0.815860950 -0.458137041 0.352819163
vn 0.815860950 -0.458137041 0.352819163
vn 0.815860950 -0.458137041 0.352819163
vn 0.878815742 0.070140679 -0.471977941
vn 0.878815742 0.070140679 -0.471977941
vn 0.878815742 0.070140679 -0.471977941
vn 0.873529532 0.068087080 -0.481985795
vn 0.873529532 0.068087080 -0.481985795
vn 0.873529532 0.068087080 -0.481985795
vn 0.482500136 0.082157054 -0.872034310
vn 0.482500136 0.082157054 -0.872034310
vn 0.482500136 0.082157054 -0.872034310
vn 0.483972868 0.082507174 -0.871184727
vn 0.483972868 0.082507174 -0.871184727
vn 0.483972868 0.082507174 -0.871184727
vn -0.469438747 0.081046245 -0.879237607
vn -0.469438747 0.081046245 -0.879237607
vn -0.469438747 0.081046245 -0.879237607
vn -0.484115151 0.076677311 -0.871638176
vn -0.484115151 0.076677311 -0.871638176
vn -0.484115151 0.076677311 -0.871638176
vn -0.864925717 0.070524979 -0.496920247
vn -0.864925717 0.070524979 -0.496920247
vn -0.864925717 0.070524979 -0.496920247
vn -0.873618821 0.066083339 -0.482102839
vn -0.873618821 0.066083339 -0.482102839
vn -0.873618821 0.066083339 -0.482102839
vn -0.866421374 0.024769147 0.498698798
vn -0.866421374 0.024769147 0.498698798
vn -0.866421374 0.024769147 0.498698798
vn -0.873811810 0.028826710 0.485409046
vn -0.873811810 0.028826710 0.485409046
vn -0.873811810 0.028826710 0.485409046
vn -0.469617748 0.000805799 0.882869481
vn -0.469617748 0.000805799 0.882869481
vn -0.469617748 0.000805799 0.882869481
vn -0.484374744 0.004648508 0.874848272
vn -0.484374744 0.004648508 0.874848272
vn -0.484374744 0.004648508 0.874848272
vn 0.463289586 0.000756679 0.886206627
vn 0.463289586 0.000756679 0.886206627
vn 0.463289586 0.000756679 0.886206627
vn 0.484495371 -0.003655694 0.874786186
vn 0.484495371 -0.003655694 0.874786186
vn 0.484495371 -0.003655694 0.874786186
vn 0.854388637 0.025425273 0.519012151
vn 0.854388637 0.025425273 0.519012151
vn 0.854388637 0.025425273 0.519012151
vn 0.874146211 0.019380190 0.485276014
vn 0.874146211 0.019380190 0.485276014
vn 0.874146211 0.019380190 0.485276014
vn 0.804581903 0.407106046 -0.432333933
vn 0.804581903 0.407106046 -0.432333933
vn 0.804581903 0.407106046 -0.432333933
vn 0.801410293 0.400705147 -0.444046087
vn 0.801410293 0.400705147 -0.444046087
vn 0.801410293 0.400705147 -0.444046087
vn 0.447451950 0.411224612 -0.794154312
vn 0.447451950 0.411224612 -0.794154312
vn 0.447451950 0.411224612 -0.794154312
vn 0.442423394 0.408275101 -0.798481673
vn 0.442423394 0.408275101 -0.798481673
vn 0.442423394 0.408275101 -0.798481673
vn -0.447913301 0.408958705 -0.795063804
vn -0.447913301 0.408958705 -0.795063804
vn -0.447913301 0.408958705 -0.795063804
vn -0.441482920 0.412586464 -0.796784313
vn -0.441482920 0.412586464 -0.796784313
vn -0.441482920 0.412586464 -0.796784313
vn -0.806097564 0.403048782 -0.433310970
vn -0.806097564 0.403048782 -0.433310970
vn -0.806097564 0.403048782 -0.433310970
vn -0.798435869 0.408392162 -0.442398015
vn -0.798435869 0.408392162 -0.442398015
vn -0.798435869 0.408392162 -0.442398015
vn -0.798070409 0.394195391 0.455734150
vn -0.798070409 0.394195391 0.455734150
vn -0.798070409 0.394195391 0.455734150
vn -0.801410293 0.400705147 0.444046087
vn -0.801410293 0.400705147 0.444046087
vn -0.801410293 0.400705147 0.444046087
vn -0.440511700 0.389962215 0.808627796
vn -0.440511700 0.389962215 0.808627796
vn -0.440511700 0.389962215 0.808627796
vn -0.445684738 0.392883812 0.804367717
vn -0.445684738 0.392883812 0.804367717
vn -0.445684738 0.392883812 0.804367717
vn 0.440021890 0.392186664 0.807818270
vn 0.440021890 0.392186664 0.807818270
vn 0.440021890 0.392186664 0.807818270
vn 0.446553066 0.388663545 0.805934866
vn 0.446553066 0.388663545 0.805934866
vn 0.446553066 0.388663545 0.805934866
vn 0.796483875 0.398241938 0.454990984
vn 0.796483875 0.398241938 0.454990984
vn 0.796483875 0.398241938 0.454990984
vn 0.804324989 0.392998129 0.445661064
vn 0.804324989 0.392998129 0.445661064
vn 0.804324989 0.392998129 0.445661064
vn -0.008355120 -0.167102397 -0.985904144
vn -0.008355120 -0.167102397 -0.985904144
vn -0.008355120 -0.167102397 -0.985904144
vn -0.008355120 -0.167102397 -0.985904144
vn -0.008355120 -0.167102397 -0.985904144
vn -0.008355120 -0.167102397 -0.985904144
vn -0.008355120 -0.167102397 -0.985904144
vn -0.008355120 -0.167102397 -0.985904144
vn -0.008355120 -0.167102397 -0.985904144
vn -0.008355120 -0.167102397 -0.985904144
vn -0.008355120 -0.167102397 -0.985904144
vn -0.008355120 -0.167102397 -0.985904144
vn -0.008355120 -0.167102397 -0.985904144
vn -0.008355120 -0.167102397 -0.985904144
vn -0.008355120 -0.167102397 -0.985904144
vn -0.008355120 -0.167102397 -0.985904144
vn -0.008355120 -0.167102397 -0.985904144
vn -0.008355120 -0.167102397 -0.985904144
vn -0.008355120 -0.167102397 -0.985904144
vn -0.008355120 -0.167102397 -0.985904144
vn -0.008355120 -0.167102397 -0.985904144
vn -0.008355120 -0.167102397 -0.985904144
vn -0.008355120 -0.167102397 -0.985904144
vn -0.008355120 -0.167102397 -0.985904144
vn 0.494783817 0.824639694 -0.274150232
vn 0.494783817 0.824639694 -0.274150232
vn 0.494783817 0.824639694 -0.274150232
vn 0.274150232 0.824639694 -0.494783817
vn 0.274150232 0.824639694 -0.494783817
vn 0.274150232 0.824639694 -0.494783817
vn -0.274150232 0.824639694 -0.494783817
vn -0.274150232 0.824639694 -0.494783817
vn -0.274150232 0.824639694 -0.494783817
vn -0.494783817 0.824639694 -0.274150232
vn -0.494783817 0.824639694 -0.274150232
vn -0.494783817 0.824639694 -0.274150232
vn -0.494783817 0.824639694 0.274150232
vn -0.494783817 0.824639694 0.274150232
vn -0.494783817 0.824639694 0.274150232
vn -0.274150232 0.824639694 0.494783817
vn -0.274150232 0.824639694 0.494783817
vn -0.274150232 0.824639694 0.494783817
vn 0.274150232 0.824639694 0.494783817
vn 0.274150232 0.824639694 0.494783817
vn 0.274150232 0.824639694 0.494783817
vn 0.494783817 0.824639694 0.274150232
vn 0.494783817 0.824639694 0.274150232
vn 0.494783817 0.824639694 0.274150232
o trunk
f 1/1/1 2/2/2 3/3/3
f 4/4/4 5/5/5 6/6/6
f 7/7/7 8/8/8 9/9/9
f 10/10/10 11/11/11 12/12/12
f 13/13/13 14/14/14 15/15/15
f 16/16/16 17/17/17 18/18/18
f 19/19/19 20/20/20 21/21/21
f 22/22/22 23/23/23 24/24/24
f 25/25/25 26/26/26 27/27/27
f 28/28/28 29/29/29 30/30/30
f 31/31/31 32/32/32 33/33/33
f 34/34/34 35/35/35 36/36/36
f 37/37/37 38/38/38 39/39/39
f 40/40/40 41/41/41 42/42/42
f 43/43/43 44/44/44 45/45/45
f 46/46/46 47/47/47 48/48/48
f 49/49/49 50/50/50 51/51/51
f 52/52/52 53/53/53 54/54/54
f 55/55/55 56/56/56 57/57/57
f 58/58/58 59/59/59 60/60/60
f 61/61/61 62/62/62 63/63/63
f 64/64/64 65/65/65 66/66/66
f 67/67/67 68/68/68 69/69/69
f 70/70/70 71/71/71 72/72/72
f 73/73/73 74/74/74 75/75/75
f 76/76/76 77/77/77 78/78/78
f 79/79/79 80/80/80 81/81/81
f 82/82/82 83/83/83 84/84/84
f 85/85/85 86/86/86 87/87/87
f 88/88/88 89/89/89 90/90/90
f 91/91/91 92/92/92 93/93/93
f 94/94/94 95/95/95 96/96/96
f 97/97/97 98/98/98 99/99/99
f 100/100/100 101/101/101 102/102/102
f 103/103/103 104/104/104 105/105/105
f 106/106/106 107/107/107 108/108/108
f 109/109/109 110/110/110 111/111/111
f 112/112/112 113/113/113 114/114/114
f 115/115/115 116/116/116 117/117/117
f 118/118/118 119/119/119 120/120/120
f 121/121/121 122/122/122 123/123/123
f 124/124/124 125/125/125 126/126/126
f 127/127/127 128/128/128 129/129/129
f 130/130/130 131/131/131 132/132/132
f 133/133/133 134/134/134 135/135/135
f 136/136/136 137/137/137 138/138/138
f 139/139/139 140/140/140 141/141/141
f 142/142/142 143/143/143 144/144/144
f 145/145/145 146/146/146 147/147/147
f 148/148/148 149/149/149 150/150/150
f 151/151/151 152/152/152 153/153/153
f 154/154/154 155/155/155 156/156/156
f 157/157/157 158/158/158 159/159/159
f 160/160/160 161/161/161 162/162/162
f 163/163/163 164/164/164 165/165/165
f 166/166/166 167/167/167 168/168/168
f 169/169/169 170/170/170 171/171/171
f 172/172/172 173/173/173 174/174/174
f 175/175/175 176/176/176 177/177/177
f 178/178/178 179/179/179 180/180/180
f 181/181/181 182/182/182 183/183/183
f 184/184/184 185/185/185 186/186/186
f 187/187/187 188/188/188 189/189/189
f 190/190/190 191/191/191 192/192/192
f 193/193/193 194/194/194 195/195/195
f 196/196/196 197/197/197 198/198/198
f 199/199/199 200/200/200 201/201/201
f 202/202/202 203/203/203 204/204/204
f 205/205/205 206/206/206 207/207/207
f 208/208/208 209/209/209 210/210/210
f 211/211/211 212/212/212 213/213/213
f 214/214/214 215/215/215 216/216/216
f 217/217/217 218/218/218 219/219/219
f 220/220/220 221/221/221 222/222/222
f 223/223/223 224/224/224 225/225/225
f 226/226/226 227/227/227 228/228/228
f 229/229/229 230/230/230 231/231/231
f 232/232/232 233/233/233 234/234/234
f 235/235/235 236/236/236 237/237/237
f 238/238/238 239/239/239 240/240/240
f 241/241/241 242/242/242 243/243/243
f 244/244/244 245/245/245 246/246/246
f 247/247/247 248/248/248 249/249/249
f 250/250/250 251/251/251 252/252/252
f 253/253/253 254/254/254 255/255/255
f 256/256/256 257/257/257 258/258/258
f 259/259/259 260/260/260 261/261/261
f 262/262/262 263/263/263 264/264/264
f 265/265/265 266/266/266 267/267/267
f 268/268/268 269/269/269 270/270/270
f 271/271/271 272/272/272 273/273/273
f 274/274/274 275/275/275 276/276/276
f 277/277/277 278/278/278 279/279/279
f 280/280/280 281/281/281 282/282/282
f 283/283/283 284/284/284 285/285/285
f 286/286/286 287/287/287 288/288/288
f 289/289/289 290/290/290 291/291/291
f 292/292/292 293/293/293 294/294/294
f 295/295/295 296/296/296 297/297/297
f 298/298/298 299/299/299 300/300/300
f 301/301/301 302/302/302 303/303/303
f 304/304/304 305/305/305 306/306/306
f 307/307/307 308/308/308 309/309/309
f 310/310/310 311/311/311 312/312/312
f 313/313/313 314/314/314 315/315/315
f 316/316/316 317/317/317 318/318/318
f 319/319/319 320/320/320 321/321/321
f 322/322/322 323/323/323 324/324/324
f 325/325/325 326/326/326 327/327/327
f 328/328/328 329/329/329 330/330/330
f 331/331/331 332/332/332 333/333/333
f 334/334/334 335/335/335 336/336/336
f 337/337/337 338/338/338 339/339/339
f 340/340/340 341/341/341 342/342/342
f 343/343/343 344/344/344 345/345/345
f 346/346/346 347/347/347 348/348/348
f 349/349/349 350/350/350 351/351/351
f 352/352/352 353/353/353 354/354/354
f 355/355/355 356/356/356 357/357/357
f 358/358/358 359/359/359 360/360/360
o arm_left
f 361/361/361 362/362/362 363/363/363
f 364/364/364 365/365/365 366/366/366
f 367/367/367 368/368/368 369/369/369
f 370/370/370 371/371/371 372/372/372
f 373/373/373 374/374/374 375/375/375
f 376/376/376 377/377/377 378/378/378
f 379/379/379 380/380/380 381/381/381
f 382/382/382 383/383/383 384/384/384
f 385/385/385 386/386/386 387/387/387
f 388/388/388 389/389/389 390/390/390
f 391/391/391 392/392/392 393/393/393
f 394/394/394 395/395/395 396/396/396
f 397/397/397 398/398/398 399/399/399
f 400/400/400 401/401/401 402/402/402
f 403/403/403 404/404/404 405/405/405
f 406/406/406 407/407/407 408/408/408
f 409/409/409 410/410/410 411/411/411
f 412/412/412 413/413/413 414/414/414
f 415/415/415 416/416/416 417/417/417
f 418/418/418 419/419/419 420/420/420
f 421/421/421 422/422/422 423/423/423
f 424/424/424 425/425/425 426/426/426
f 427/427/427 428/428/428 429/429/429
f 430/430/430 431/431/431 432/432/432
f 433/433/433 434/434/434 435/435/435
f 436/436/436 437/437/437 438/438/438
f 439/439/439 440/440/440 441/441/441
f 442/442/442 443/443/443 444/444/444
f 445/445/445 446/446/446 447/447/447
f 448/448/448 449/449/449 450/450/450
f 451/451/451 452/452/452 453/453/453
f 454/454/454 455/455/455 456/456/456
f 457/457/457 458/458/458 459/459/459
f 460/460/460 461/461/461 462/462/462
f 463/463/463 464/464/464 465/465/465
f 466/466/466 467/467/467 468/468/468
f 469/469/469 470/470/470 471/471/471
f 472/472/472 473/473/473 474/474/474
f 475/475/475 476/476/476 477/477/477
f 478/478/478 479/479/479 480/480/480
f 481/481/481 482/482/482 483/483/483
f 484/484/484 485/485/485 486/486/486
f 487/487/487 488/488/488 489/489/489
f 490/490/490 491/491/491 492/492/492
f 493/493/493 494/494/494 495/495/495
f 496/496/496 497/497/497 498/498/498
f 499/499/499 500/500/500 501/501/501
f 502/502/502 503/503/503 504/504/504
f 505/505/505 506/506/506 507/507/507
f 508/508/508 509/509/509 510/510/510
f 511/511/511 512/512/512 513/513/513
f 514/514/514 515/515/515 516/516/516
f 517/517/517 518/518/518 519/519/519
f 520/520/520 521/521/521 522/522/522
f 523/523/523 524/524/524 525/525/525
f 526/526/526 527/527/527 528/528/528
f 529/529/529 530/530/530 531/531/531
f 532/532/532 533/533/533 534/534/534
f 535/535/535 536/536/536 537/537/537
f 538/538/538 539/539/539 540/540/540
f 541/541/541 542/542/542 543/543/543
f 544/544/544 545/545/545 546/546/546
f 547/547/547 548/548/548 549/549/549
f 550/550/550 551/551/551 552/552/552
f 553/553/553 554/554/554 555/555/555
f 556/556/556 557/557/557 558/558/558
f 559/559/559 560/560/560 561/561/561
f 562/562/562 563/563/563 564/564/564
f 565/565/565 566/566/566 567/567/567
f 568/568/568 569/569/569 570/570/570
f 571/571/571 572/572/572 573/573/573
f 574/574/574 575/575/575 576/576/576
f 577/577/577 578/578/578 579/579/579
f 580/580/580 581/581/581 582/582/582
f 583/583/583 584/584/584 585/585/585
f 586/586/586 587/587/587 588/588/588
f 589/589/589 590/590/590 591/591/591
f 592/592/592 593/593/593 594/594/594
f 595/595/595 596/596/596 597/597/597
f 598/598/598 599/599/599 600/600/600
o arm_right
f 601/601/601 602/602/602 603/603/603
f 604/604/604 605/605/605 606/606/606
f 607/607/607 608/608/608 609/609/609
f 610/610/610 611/611/611 612/612/612
f 613/613/613 614/614/614 615/615/615
f 616/616/616 617/617/617 618/618/618
f 619/619/619 620/620/620 621/621/621
f 622/622/622 623/623/623 624/624/624
f 625/625/625 626/626/626 627/627/627
f 628/628/628 629/629/629 630/630/630
f 631/631/631 632/632/632 633/633/633
f 634/634/634 635/635/635 636/636/636
f 637/637/637 638/638/638 639/639/639
f 640/640/640 641/641/641 642/642/642
f 643/643/643 644/644/644 645/645/645
f 646/646/646 647/647/647 648/648/648
f 649/649/649 650/650/650 651/651/651
f 652/652/652 653/653/653 654/654/654
f 655/655/655 656/656/656 657/657/657
f 658/658/658 659/659/659 660/660/660
f 661/661/661 662/662/662 663/663/663
f 664/664/664 665/665/665 666/666/666
f 667/667/667 668/668/668 669/669/669
f 670/670/670 671/671/671 672/672/672
f 673/673/673 674/674/674 675/675/675
f 676/676/676 677/677/677 678/678/678
f 679/679/679 680/680/680 681/681/681
f 682/682/682 683/683/683 684/684/684
f 685/685/685 686/686/686 687/687/687
f 688/688/688 689/689/689 690/690/690
f 691/691/691 692/692/692 693/693/693
f 694/694/694 695/695/695 696/696/696
f 697/697/697 698/698/698 699/699/699
f 700/700/700 701/701/701 702/702/702
f 703/703/703 704/704/704 705/705/705
f 706/706/706 707/707/707 708/708/708
f 709/709/709 710/710/710 711/711/711
f 712/712/712 713/713/713 714/714/714
f 715/715/715 716/716/716 717/717/717
f 718/718/718 719/719/719 720/720/720
f 721/721/721 722/722/722 723/723/723
f 724/724/724 725/725/725 726/726/726
f 727/727/727 728/728/728 729/729/729
f 730/730/730 731/731/731 732/732/732
f 733/733/733 734/734/734 735/735/735
f 736/736/736 737/737/737 738/738/738
f 739/739/739 740/740/740 741/741/741
f 742/742/742 743/743/743 744/744/744
f 745/745/745 746/746/746 747/747/747
f 748/748/748 749/749/749 750/750/750
f 751/751/751 752/752/752 753/753/753
f 754/754/754 755/755/755 756/756/756
f 757/757/757 758/758/758 759/759/759
f 760/760/760 761/761/761 762/762/762
f 763/763/763 764/764/764 765/765/765
f 766/766/766 767/767/767 768/768/768
f 769/769/769 770/770/770 771/771/771
f 772/772/772 773/773/773 774/774/774
f 775/775/775 776/776/776 777/777/777
f 778/778/778 779/779/779 780/780/780
f 781/781/781 782/782/782 783/783/783
f 784/784/784 785/785/785 786/786/786
f 787/787/787 788/788/788 789/789/789
f 790/790/790 791/791/791 792/792/792
f 793/793/793 794/794/794 795/795/795
f 796/796/796 797/797/797 798/798/798
f 799/799/799 800/800/800 801/801/801
f 802/802/802 803/803/803 804/804/804
f 805/805/805 806/806/806 807/807/807
f 808/808/808 809/809/809 810/810/810
f 811/811/811 812/812/812 813/813/813
f 814/814/814 815/815/815 816/816/816
f 817/817/817 818/818/818 819/819/819
f 820/820/820 821/821/821 822/822/822
f 823/823/823 824/824/824 825/825/825
f 826/826/826 827/827/827 828/828/828
f 829/829/829 830/830/830 831/831/831
f 832/832/832 833/833/833 834/834/834
f 835/835/835 836/836/836 837/837/837
f 838/838/838 839/839/839 840/840/840
o arm_forward
f 841/841/841 842/842/842 843/843/843
f 844/844/844 845/845/845 846/846/846
f 847/847/847 848/848/848 849/849/849
f 850/850/850 851/851/851 852/852/852
f 853/853/853 854/854/854 855/855/855
f 856/856/856 857/857/857 858/858/858
f 859/859/859 860/860/860 861/861/861
f 862/862/862 863/863/863 864/864/864
f 865/865/865 866/866/866 867/867/867
f 868/868/868 869/869/869 870/870/870
f 871/871/871 872/872/872 873/873/873
f 874/874/874 875/875/875 876/876/876
f 877/877/877 878/878/878 879/879/879
f 880/880/880 881/881/881 882/882/882
f 883/883/883 884/884/884 885/885/885
f 886/886/886 887/887/887 888/888/888
f 889/889/889 890/890/890 891/891/891
f 892/892/892 893/893/893 894/894/894
f 895/895/895 896/896/896 897/897/897
f 898/898/898 899/899/899 900/900/900
f 901/901/901 902/902/902 903/903/903
f 904/904/904 905/905/905 906/906/906
f 907/907/907 908/908/908 909/909/909
f 910/910/910 911/911/911 912/912/912
f 913/913/913 914/914/914 915/915/915
f 916/916/916 917/917/917 918/918/918
f 919/919/919 920/920/920 921/921/921
f 922/922/922 923/923/923 924/924/924
f 925/925/925 926/926/926 927/927/927
f 928/928/928 929/929/929 930/930/930
f 931/931/931 932/932/932 933/933/933
f 934/934/934 935/935/935 936/936/936
f 937/937/937 938/938/938 939/939/939
f 940/940/940 941/941/941 942/942/942
f 943/943/943 944/944/944 945/945/945
f 946/946/946 947/947/947 948/948/948
f 949/949/949 950/950/950 951/951/951
f 952/952/952 953/953/953 954/954/954
f 955/955/955 956/956/956 957/957/957
f 958/958/958 959/959/959 960/960/960
f 961/961/961 962/962/962 963/963/963
f 964/964/964 965/965/965 966/966/966
f 967/967/967 968/968/968 969/969/969
f 970/970/970 971/971/971 972/972/972
f 973/973/973 974/974/974 975/975/975
f 976/976/976 977/977/977 978/978/978
f 979/979/979 980/980/980 981/981/981
f 982/982/982 983/983/983 984/984/984
f 985/985/985 986/986/986 987/987/987
f 988/988/988 989/989/989 990/990/990
f 991/991/991 992/992/992 993/993/993
f 994/994/994 995/995/995 996/996/996
f 997/997/997 998/998/998 999/999/999
f 1000/1000/1000 1001/1001/1001 1002/1002/1002
f 1003/1003/1003 1004/1004/1004 1005/1005/1005
f 1006/1006/1006 1007/1007/1007 1008/1008/1008
f 1009/1009/1009 1010/1010/1010 1011/1011/1011
f 1012/1012/1012 1013/1013/1013 1014/1014/1014
f 1015/1015/1015 1016/1016/1016 1017/1017/1017
f 1018/1018/1018 1019/1019/1019 1020/1020/1020
f 1021/1021/1021 1022/1022/1022 1023/1023/1023
f 1024/1024/1024 1025/1025/1025 1026/1026/1026
f 1027/1027/1027 1028/1028/1028 1029/1029/1029
f 1030/1030/1030 1031/1031/1031 1032/1032/1032
f 1033/1033/1033 1034/1034/1034 1035/1035/1035
f 1036/1036/1036 1037/1037/1037 1038/1038/1038
f 1039/1039/1039 1040/1040/1040 1041/1041/1041
f 1042/1042/1042 1043/1043/1043 1044/1044/1044
f 1045/1045/1045 1046/1046/1046 1047/1047/1047
f 1048/1048/1048 1049/1049/1049 1050/1050/1050
f 1051/1051/1051 1052/1052/1052 1053/1053/1053
f 1054/1054/1054 1055/1055/1055 1056/1056/1056
f 1057/1057/1057 1058/1058/1058 1059/1059/1059
f 1060/1060/1060 1061/1061/1061 1062/1062/1062
f 1063/1063/1063 1064/1064/1064 1065/1065/1065
f 1066/1066/1066 1067/1067/1067 1068/1068/1068
f 1069/1069/1069 1070/1070/1070 1071/1071/1071
f 1072/1072/1072 1073/1073/1073 1074/1074/1074
f 1075/1075/1075 1076/1076/1076 1077/1077/1077
f 1078/1078/1078 1079/1079/1079 1080/1080/1080
