v 2.250003 6.999998 1.000000
v 1.250003 6.999998 2.750000
v 1.250003 6.999998 0.000000
v -1.249997 6.999998 2.750000
v 2.250003 6.999998 5.750000
v -2.249997 6.999998 3.750000
v -2.249997 6.999998 1.000000
v -8.999999 7.000000 5.750000
v -2.249997 6.999998 3.750000
v -2.249997 6.999998 3.750000
v -7.499999 7.000000 3.750000
v 7.599204 -7.099998 3.866812
v 2.323994 -7.099998 3.666812
v 2.144134 -7.099998 3.866812
v 7.419343 -7.099998 3.666812
v 7.599204 -7.099998 1.092637
v 7.419343 -7.099998 1.092637
v 7.599204 -7.099998 1.092637
v 7.599204 -6.399998 3.866812
v 7.599204 -6.399998 1.092637
v 7.599204 -6.399998 0.934387
v 7.599204 -7.099998 0.934387
v -7.599204 -6.399998 3.666812
v -7.599204 -7.099998 3.866812
v -7.599204 -7.099998 3.666812
v -7.599204 -7.099998 0.934387
v -7.599204 -6.399998 0.934387
v 1.249997 -6.500001 2.750000
v -2.250003 -6.500001 4.250000
v -1.250003 -6.500001 2.750000
v 2.249997 -6.500001 3.750000
v 1.249997 -6.500001 2.750000
v 2.249997 -6.500001 1.000000
v 1.249997 -6.500001 -0.000000
v 8.499996 -6.500004 4.250000
v 7.499996 -6.500004 3.750000
v 7.499996 -6.500004 1.000000
v -1.250003 -7.000001 2.750000
v -2.250003 -7.000001 1.000000
v -2.250003 -7.000001 3.750000
v -2.250003 -7.000001 5.750000
v -1.250003 -7.000001 5.750000
v -1.250003 -7.000001 2.750000
v -2.250003 -7.000001 3.750000
v 1.319327 6.399998 2.863779
v 1.139467 6.399998 2.663779
v -1.139467 6.399998 2.663779
v -1.319327 6.399998 2.863779
v -1.319327 6.399998 -0.077734
v -1.139467 6.399998 -0.077734
v -1.250003 -7.000001 2.750000
v 1.249997 -6.500001 2.750000
v -1.250003 -6.500001 2.750000
v -1.249997 6.499998 2.750000
v 1.250003 6.999998 2.750000
v -1.249997 6.999998 2.750000
v -1.089374 7.100000 4.966143
v -1.200625 7.100000 4.698643
v -1.089375 7.100000 4.404893
v 0.876876 7.100000 5.136139
v 1.009376 7.100000 5.136139
v 0.943126 7.100000 5.202389
v 0.720625 7.100000 4.404890
v 0.720626 7.100000 4.966140
v 0.609376 7.100000 4.698640
v 0.129375 7.100000 4.518641
v 0.240626 7.100000 4.966141
v 0.129376 7.100000 4.866141
v -1.319327 7.099998 2.863779
v -1.139467 7.099998 2.663779
v 1.139467 7.099998 2.663779
v 2.323994 -7.099998 1.092637
v 7.419343 -7.099998 1.092637
v 7.599204 -7.099998 0.934387
v -2.144134 -6.399998 0.934387
v -2.323994 -7.099998 0.934387
v -2.144134 -7.099998 0.934387
v 2.323994 6.399998 0.934387
v 7.419343 6.399998 1.092637
v 7.599204 6.399998 0.934387
v 2.144134 6.399998 0.934387
v 2.323994 6.399998 1.092637
v 2.323994 6.399998 3.666812
v 2.144134 6.399998 3.866812
v 7.419343 6.399998 3.666812
v 7.599204 6.399998 3.866812
v -7.599204 7.099998 0.934387
v -7.419343 7.099998 1.092637
v -7.419343 7.099998 3.666812
v -7.419343 7.099998 3.866812
v -7.599204 7.099998 3.866812
v -1.139456 -7.100000 2.663779
v 1.319338 -7.099996 2.863779
v 1.139478 -7.099996 2.663779
v -1.319316 -7.100000 2.863779
v -1.319316 -7.100000 -0.077734
v -1.139456 -7.100000 -0.077734
v 1.139477 -6.399996 2.663779
v -1.319317 -6.400000 2.863779
v -1.139457 -6.400000 2.663779
v 2.323994 -7.099998 3.666812
v 7.599204 -7.099998 3.866812
v 7.419343 -7.099998 3.666812
v 2.144134 -7.099998 1.092637
v 2.323994 -7.099998 1.092637
v 2.144134 -7.099998 3.866812
v 7.599204 -6.399998 3.866812
v 7.599204 -7.099998 1.092637
v 7.599204 -7.099998 3.866812
v 7.599204 -6.399998 0.934387
v 7.599204 -6.399998 1.092637
v -8.999997 7.000002 -5.000000
v -7.499999 7.000000 1.000000
v -8.999999 7.000000 0.000000
v -8.999997 7.000002 -5.000000
v -1.249997 6.999998 0.000000
v 2.323994 -6.399998 3.866812
v 2.144134 -6.399998 3.866812
v 2.323994 -6.399998 3.666812
v 2.323994 -6.399998 1.092637
v 2.144134 -6.399998 0.934387
v 7.599204 -6.399998 0.934387
v 7.419343 -6.399998 1.092637
v 7.599204 -6.399998 1.092637
v 7.419343 -6.399998 1.092637
v 7.599204 -6.399998 0.934387
v 2.144134 -6.399998 0.934387
v 2.323994 -6.399998 3.666812
v 2.144134 -6.399998 3.866812
v -8.500002 -6.499998 4.250000
v -7.500002 -6.499998 3.750000
v -2.250003 -6.500001 4.250000
v -2.250003 -6.500001 4.250000
v -7.500002 -6.499998 3.750000
v -2.250003 -6.500001 3.750000
v -8.500002 -6.499998 4.250000
v -7.500002 -6.499998 1.000000
v -8.500002 -6.499998 -0.000000
v -2.250003 -6.500001 -0.000000
v -2.250003 -6.500001 1.000000
v -1.250003 -6.500001 -0.000000
v -1.250003 -6.500001 2.750000
v -2.250003 -6.500001 3.750000
v -2.250003 -6.500001 4.250000
v 2.249997 -6.500001 3.750000
v 8.499996 -6.500004 4.250000
v 1.249997 -6.500001 2.750000
v 2.249997 -6.500001 1.000000
v 1.249997 -6.500001 -0.000000
v 2.249997 -6.500001 -0.000000
v 7.499996 -6.500004 1.000000
v 8.499996 -6.500004 -0.000000
v 7.499996 -6.500004 -0.000000
v -7.599204 -7.099998 3.866812
v -7.599204 -6.399998 3.666812
v -7.599204 -6.399998 3.866812
v -7.599204 -7.099998 0.934387
v -7.599204 -7.099998 3.666812
v -2.323994 -7.099998 1.092637
v -2.144134 -7.099998 0.934387
v -2.323994 -7.099998 0.934387
v -2.323994 -7.099998 3.666812
v -2.144134 -7.099998 3.866812
v -2.323994 -7.099998 3.666812
v -2.144134 -7.099998 0.934387
v -2.323994 -7.099998 1.092637
v -2.144134 -7.099998 3.866812
v -7.599204 -7.099998 3.866812
v -7.419343 -7.099998 3.666812
v -7.599204 -7.099998 3.666812
v -9.000002 -6.999998 5.750000
v -8.999999 7.000000 0.000000
v -8.999999 7.000000 5.750000
v 1.205625 7.100000 4.404889
v 1.319376 7.100000 4.656138
v 1.080625 7.100000 4.404889
v 1.369376 7.100000 4.766138
v 1.080625 7.100000 4.404889
v 1.506876 7.100000 5.074888
v 1.506876 7.100000 5.074888
v 1.461877 7.100001 5.262388
v 2.249997 -7.000001 3.750000
v 8.999996 -7.000004 5.750000
v 7.499996 -7.000004 3.750000
v 2.249997 -7.000001 3.750000
v -1.250003 -7.000001 5.750000
v -1.250003 -7.000001 2.750000
v 1.249997 -7.000001 2.750000
v 2.249997 -7.000001 3.750000
v 2.249997 -7.000001 1.000000
v -2.250003 -7.000001 1.000000
v -1.250003 -7.000001 -0.000000
v -2.250001 -6.999999 -5.000000
v -7.500002 -6.999998 1.000000
v 1.249997 -7.000001 -0.000000
v -9.000001 -6.999998 -5.000000
v -9.000002 -6.999998 5.750000
v 9.000000 -7.000000 -5.000000
v 7.499996 -7.000004 1.000000
v 8.999996 -7.000004 -0.000000
v -2.249997 6.499998 3.750000
v -7.499999 6.500000 3.750000
v -2.249997 6.499998 4.250000
v -7.499999 6.500000 3.750000
v -8.499999 6.500000 4.250000
v -7.499999 6.500000 1.000000
v -2.249997 6.499998 1.000000
v -1.249997 6.499998 2.750000
v -1.249997 6.499998 0.000000
v -2.249997 6.499998 4.250000
v 1.250003 6.499998 2.750000
v 2.250003 6.499998 3.750000
v 2.250003 6.499998 1.000000
v 8.500004 6.499997 4.250000
v 2.250003 6.499998 3.750000
v 7.500004 6.499997 3.750000
v 1.319327 6.399998 2.863779
v -1.139467 6.399998 2.663779
v -1.319327 6.399998 2.863779
v 1.139467 6.399998 2.663779
v 1.319327 6.399998 -0.077734
v 1.139467 6.399998 -0.077734
v 1.249997 -7.000001 2.750000
v 1.249997 -6.500001 2.750000
v -1.250003 -7.000001 2.750000
v 1.250003 6.499998 2.750000
v 1.250003 6.999998 2.750000
v -1.249997 6.499998 2.750000
v -1.498124 7.100000 4.878644
v -1.706874 7.100000 4.966145
v -1.498124 7.100000 4.866144
v -1.706874 7.100000 4.966145
v -1.498124 7.100000 4.878644
v -1.706874 7.100000 5.082395
v -1.884374 7.100000 4.866145
v -1.498124 7.100000 4.866144
v -1.884374 7.100000 4.966145
v -1.706874 7.100000 4.866144
v -1.498124 7.100000 4.866144
v -1.595624 7.100000 4.866144
v -1.706875 7.100000 4.578644
v -1.706874 7.100000 4.866144
v -1.595625 7.100000 4.569894
v -1.786875 7.100000 4.493645
v -1.913125 7.100000 4.431145
v -1.913125 7.100000 4.534895
v -1.778125 7.100000 4.393644
v 0.240626 7.100000 4.966141
v 0.048126 7.100000 4.966141
v 0.129376 7.100000 4.866141
v 0.240624 7.100000 4.117391
v 0.129375 7.100000 4.518641
v 0.048126 7.100000 4.966141
v 0.028126 7.100000 4.866141
v 0.129376 7.100000 4.866141
v 0.024375 7.100000 4.493641
v 0.129375 7.100000 4.418641
v 0.129375 7.100000 4.518641
v -1.440624 7.100000 4.816144
v -1.336874 7.100000 4.871144
v -1.499374 7.100000 4.912394
v -1.200625 7.100000 4.698643
v -1.203124 7.100000 4.837393
v -1.200624 7.100000 4.837393
v -1.089374 7.100000 4.966143
v -1.200624 7.100000 4.966144
v -1.089375 7.100000 4.404893
v -1.200625 7.100000 4.404893
v -1.336874 7.100000 4.871144
v -1.365624 7.100000 4.977394
v -1.499374 7.100000 4.912394
v -1.336874 7.100000 4.871144
v -1.203124 7.100000 4.837393
v -1.365624 7.100000 4.977394
v 0.943126 7.100000 5.069889
v 1.009376 7.100000 5.136139
v 0.876876 7.100000 5.136139
v -1.595625 7.100000 4.569894
v -1.786875 7.100000 4.493645
v -1.778125 7.100000 4.393644
v 0.310626 7.100000 4.912390
v 0.473126 7.100000 4.871140
v 0.444376 7.100000 4.977390
v 0.473126 7.100000 4.871140
v 0.310626 7.100000 4.912390
v 0.369376 7.100000 4.816140
v 0.609376 7.100000 4.698640
v 0.606876 7.100000 4.837390
v 0.609376 7.100000 4.837390
v 0.720626 7.100000 4.966140
v 0.609376 7.100000 4.966140
v 0.720625 7.100000 4.404890
v 0.609375 7.100000 4.404890
v 0.473126 7.100000 4.871140
v 0.606876 7.100000 4.837390
v 0.444376 7.100000 4.977390
v 1.461877 7.100001 5.262388
v 1.506876 7.100000 5.074888
v 1.548127 7.100001 5.262388
v 1.634376 7.100000 4.766138
v 1.914375 7.100000 4.404887
v 1.634376 7.100000 4.766138
v 1.548127 7.100001 5.262388
v 1.506876 7.100000 5.074888
v -0.653124 7.100000 4.877392
v -0.654374 7.100000 4.977392
v -0.958125 7.100000 4.691143
v 7.599204 7.099998 0.934387
v 7.419343 7.099998 0.934387
v 7.599204 6.399998 0.934387
v 2.323994 6.399998 0.934387
v 2.144134 7.099998 0.934387
v 2.144134 6.399998 0.934387
v -2.323994 -6.399998 3.866812
v -7.419343 -6.399998 3.666812
v -2.323994 -6.399998 3.666812
v 7.599204 6.399998 3.866812
v 7.599204 7.099998 3.866812
v 7.599204 6.399998 1.092637
v 7.500004 6.499997 5.750000
v 2.250003 6.999998 5.750000
v 7.500004 6.999997 5.750000
v -7.500002 -6.999998 5.750000
v -8.500002 -6.499998 5.750000
v -2.250003 -7.000001 5.750000
v -9.000002 -6.999998 5.750000
v -8.500002 -6.499998 5.750000
v -8.999999 7.000000 5.750000
v -8.499999 6.500000 5.750000
v 2.250003 6.999998 5.750000
v 7.500004 6.499997 5.750000
v -2.250003 -7.000001 5.750000
v -1.250003 -6.500001 5.750000
v -1.250003 -7.000001 5.750000
v -1.319327 7.099998 2.863779
v 1.139467 7.099998 2.663779
v 1.319327 7.099998 2.863779
v -1.139467 7.099998 2.663779
v -1.319327 7.099998 -0.077734
v -1.139467 7.099998 -0.077734
v -2.323994 6.399998 1.092637
v -2.144134 6.399998 0.934387
v -2.323994 6.399998 0.934387
v -2.323994 6.399998 3.666812
v -2.144134 6.399998 3.866812
v -2.323994 6.399998 3.666812
v -2.144134 6.399998 0.934387
v -2.323994 6.399998 1.092637
v -2.144134 6.399998 3.866812
v -7.599204 6.399998 3.866812
v -7.419343 6.399998 3.666812
v -7.599204 6.399998 3.666812
v -2.144134 6.399998 3.866812
v -7.419343 7.099998 3.866812
v -2.144134 7.099998 3.866812
v 2.323994 7.099998 1.092637
v 7.419343 7.099998 0.934387
v 7.419343 7.099998 1.092637
v 2.144134 6.399998 3.866812
v 2.144134 7.099998 1.092637
v 2.144134 7.099998 3.866812
v 7.599204 -7.099998 3.866812
v 2.323994 -6.399998 3.866812
v 7.599204 -6.399998 3.866812
v 2.144134 -6.399998 0.934387
v 2.144134 -7.099998 1.092637
v 2.144134 -7.099998 0.934387
v -7.599204 7.099998 0.934387
v -7.599204 6.399998 3.666812
v -7.599204 6.399998 0.934387
v 7.599204 -7.099998 1.092637
v 7.599204 -7.099998 0.934387
v 7.419343 -7.099998 1.092637
v -2.144134 -7.099998 3.866812
v -2.323994 -6.399998 3.866812
v -2.144134 -6.399998 3.866812
v -7.599204 -6.399998 3.666812
v -7.419343 -6.399998 1.092637
v -7.419343 -6.399998 3.666812
v -2.323994 -6.399998 1.092637
v -2.144134 -6.399998 0.934387
v -2.323994 -6.399998 3.666812
v 7.599204 6.399998 1.092637
v 7.599204 6.399998 0.934387
v 7.419343 6.399998 1.092637
v 2.323994 6.399998 1.092637
v 7.419343 6.399998 1.092637
v 2.323994 6.399998 0.934387
v -2.144134 6.399998 0.934387
v -2.144134 7.099998 1.092637
v -2.144134 7.099998 0.934387
v -7.599204 7.099998 0.934387
v -7.419343 7.099998 3.666812
v -7.599204 7.099998 3.866812
v -7.419343 7.099998 1.092637
v -2.144134 7.099998 0.934387
v -2.144134 7.099998 1.092637
v -2.323994 7.099998 1.092637
v -7.419343 7.099998 1.092637
v -2.144134 7.099998 0.934387
v -2.323994 7.099998 1.092637
v 1.319338 -7.099996 2.863779
v -1.139456 -7.100000 2.663779
v -1.319316 -7.100000 2.863779
v 1.139478 -7.099996 2.663779
v 1.319338 -7.099996 -0.077734
v 1.139478 -7.099996 -0.077734
v -1.319317 -6.400000 2.863779
v 1.139477 -6.399996 2.663779
v 1.319337 -6.399996 2.863779
v -1.139457 -6.400000 2.663779
v -1.319317 -6.400000 -0.077734
v -1.139457 -6.400000 -0.077734
v -2.250003 -7.000001 3.750000
v -2.250003 -6.500001 1.000000
v -2.250003 -6.500001 3.750000
v -2.250003 -7.000001 1.000000
v -8.999997 7.000002 -5.000000
v 9.000000 7.000000 -5.000000
v -1.249997 6.999998 0.000000
v 1.250003 6.999998 0.000000
v 9.000004 6.999997 0.000000
v 2.249997 -6.500001 3.750000
v 2.249997 -7.000001 1.000000
v 2.249997 -7.000001 3.750000
v 2.249997 -6.500001 1.000000
v 8.999996 -7.000004 -0.000000
v 9.000004 6.999997 0.000000
v 9.000000 -7.000000 -5.000000
v 9.000000 7.000000 -5.000000
v 2.250003 6.999998 3.750000
v 2.250003 6.499998 1.000000
v 2.250003 6.499998 3.750000
v 2.250003 6.999998 1.000000
v -7.499999 7.000000 3.750000
v -7.499999 6.500000 1.000000
v -7.499999 6.500000 3.750000
v -7.499999 7.000000 1.000000
v -7.500002 -6.499998 1.000000
v -2.250003 -7.000001 1.000000
v -7.500002 -6.999998 1.000000
v -2.250003 -6.500001 1.000000
v -7.499999 7.000000 1.000000
v -2.249997 6.499998 1.000000
v -7.499999 6.500000 1.000000
v -2.249997 6.999998 1.000000
v -8.499999 6.500000 4.250000
v -8.500002 -6.499998 -0.000000
v -8.500002 -6.499998 4.250000
v -8.499999 6.500000 0.000000
v 2.249997 -6.500001 1.000000
v 7.499996 -7.000004 1.000000
v 2.249997 -7.000001 1.000000
v 7.499996 -6.500004 1.000000
v 2.250003 6.999998 1.000000
v 7.500004 6.499997 1.000000
v 2.250003 6.499998 1.000000
v 7.500004 6.999997 1.000000
v 2.250003 6.999998 3.750000
v 7.500004 6.999997 5.750000
v 2.250003 6.999998 5.750000
v 7.500004 6.999997 3.750000
v 8.499996 -6.500004 4.250000
v 8.500004 6.499997 0.000000
v 8.500004 6.499997 4.250000
v 8.499996 -6.500004 -0.000000
v -7.500002 -6.499998 3.750000
v -7.500002 -6.999998 1.000000
v -7.500002 -6.999998 3.750000
v -7.500002 -6.499998 1.000000
v -8.999999 7.000000 0.000000
v -9.000002 -6.999998 5.750000
v -9.000001 -6.999998 -5.000000
v -8.999997 7.000002 -5.000000
v 0.888125 7.100000 4.404889
v 0.999376 7.100000 4.966139
v 0.888126 7.100000 4.966139
v 0.999375 7.100000 4.404889
v -1.319327 7.099998 2.863779
v 1.319327 6.399998 2.863779
v -1.319327 6.399998 2.863779
v 1.319327 7.099998 2.863779
v 1.249997 -7.000001 2.750000
v 1.249997 -6.500001 -0.000000
v 1.249997 -6.500001 2.750000
v 1.249997 -7.000001 -0.000000
v 2.144134 7.099998 3.866812
v 7.599204 6.399998 3.866812
v 2.144134 6.399998 3.866812
v 7.599204 7.099998 3.866812
v -2.249997 6.499998 1.000000
v -2.249997 6.999998 3.750000
v -2.249997 6.499998 3.750000
v -2.249997 6.999998 1.000000
v 7.500004 6.499997 1.000000
v 7.500004 6.999997 3.750000
v 7.500004 6.499997 3.750000
v 7.500004 6.999997 1.000000
v 8.499996 -6.500004 4.750000
v 8.500004 6.499997 5.750000
v 8.499996 -6.500004 5.750000
v 8.500004 6.499997 4.750000
v 7.500004 6.499997 5.750000
v -8.499999 6.500000 4.750000
v -8.499999 6.500000 5.750000
v 8.500004 6.499997 4.750000
v 8.500004 6.499997 5.750000
v 8.499996 -6.500004 4.750000
v -8.499999 6.500000 4.750000
v 8.500004 6.499997 4.750000
v -8.500002 -6.499998 4.750000
v -8.499999 6.500000 4.750000
v -8.500002 -6.499998 5.750000
v -8.499999 6.500000 5.750000
v -8.500002 -6.499998 4.750000
v 2.249997 -7.000001 3.750000
v 7.499996 -6.500004 3.750000
v 2.249997 -6.500001 3.750000
v 7.499996 -7.000004 3.750000
v -7.500002 -6.999998 3.750000
v -2.250003 -6.500001 3.750000
v -7.500002 -6.499998 3.750000
v -2.250003 -7.000001 3.750000
v 2.250003 6.499998 3.750000
v 7.500004 6.999997 3.750000
v 2.250003 6.999998 3.750000
v 7.500004 6.499997 3.750000
v -7.499999 6.500000 3.750000
v -2.249997 6.999998 3.750000
v -7.499999 7.000000 3.750000
v -2.249997 6.499998 3.750000
v -2.323994 6.399998 0.934387
v -7.419343 6.399998 1.092637
v -2.323994 6.399998 1.092637
v -7.599204 6.399998 0.934387
v 1.205625 7.100000 4.404889
v 1.319376 6.900000 4.656138
v 1.319376 7.100000 4.656138
v 1.205625 6.900000 4.404889
v 1.681875 7.100000 4.656137
v 1.319376 6.900000 4.656138
v 1.681875 6.900000 4.656137
v 1.319376 7.100000 4.656138
v 1.681875 7.100000 4.656137
v 1.789375 6.900000 4.404888
v 1.789375 7.100000 4.404887
v 1.681875 6.900000 4.656137
v 1.914375 7.100000 4.404887
v 1.789375 6.900000 4.404888
v 1.914375 6.900000 4.404887
v 1.789375 7.100000 4.404887
v 1.548127 7.100001 5.262388
v 1.914375 6.900000 4.404887
v 1.548127 6.900001 5.262388
v 1.914375 7.100000 4.404887
v 1.461877 7.100001 5.262388
v 1.548127 6.900001 5.262388
v 1.461877 6.900001 5.262388
v 1.548127 7.100001 5.262388
v 1.080625 7.100000 4.404889
v 1.461877 6.900001 5.262388
v 1.080625 6.900000 4.404889
v 1.461877 7.100001 5.262388
v 1.205625 7.100000 4.404889
v 1.080625 6.900000 4.404889
v 1.205625 6.900000 4.404889
v 1.080625 7.100000 4.404889
v 1.506876 7.100000 5.074888
v 1.369376 6.900001 4.766139
v 1.506876 6.900001 5.074888
v 1.369376 7.100000 4.766138
v 1.506876 7.100000 5.074888
v 1.634376 6.900001 4.766138
v 1.634376 7.100000 4.766138
v 1.506876 6.900001 5.074888
v 1.369376 7.100000 4.766138
v 1.634376 6.900001 4.766138
v 1.369376 6.900001 4.766139
v 1.634376 7.100000 4.766138
v 0.999376 7.100000 4.966139
v 0.999375 6.900000 4.404889
v 0.999376 6.900001 4.966139
v 0.999375 7.100000 4.404889
v 0.888126 7.100000 4.966139
v 0.999376 6.900001 4.966139
v 0.888126 6.900001 4.966139
v 0.999376 7.100000 4.966139
v 0.888125 7.100000 4.404889
v 0.888126 6.900001 4.966139
v 0.888125 6.900000 4.404889
v 0.888126 7.100000 4.966139
v 0.999375 7.100000 4.404889
v 0.888125 6.900000 4.404889
v 0.999375 6.900000 4.404889
v 0.888125 7.100000 4.404889
v 0.943126 7.100000 5.202389
v 1.009376 6.900001 5.136139
v 0.943126 6.900001 5.202389
v 1.009376 7.100000 5.136139
v 0.876876 7.100000 5.136139
v 0.943126 6.900001 5.202389
v 0.876876 6.900001 5.136139
v 0.943126 7.100000 5.202389
v 0.943126 7.100000 5.069889
v 0.876876 6.900001 5.136139
v 0.943126 6.900001 5.069889
v 0.876876 7.100000 5.136139
v 1.009376 7.100000 5.136139
v 0.943126 6.900001 5.069889
v 1.009376 6.900001 5.136139
v 0.943126 7.100000 5.069889
v 0.606876 7.100000 4.837390
v 0.609376 6.900000 4.837390
v 0.606876 6.900000 4.837390
v 0.609376 7.100000 4.837390
v 0.606876 7.100000 4.837390
v 0.444376 6.900001 4.977390
v 0.444376 7.100000 4.977390
v 0.606876 6.900000 4.837390
v 0.444376 7.100000 4.977390
v 0.310626 6.900001 4.912391
v 0.310626 7.100000 4.912390
v 0.444376 6.900001 4.977390
v 0.369376 7.100000 4.816140
v 0.310626 6.900001 4.912391
v 0.369376 6.900000 4.816140
v 0.310626 7.100000 4.912390
v 0.369376 7.100000 4.816140
v 0.473126 6.900001 4.871140
v 0.473126 7.100000 4.871140
v 0.369376 6.900000 4.816140
v 0.609376 7.100000 4.698640
v 0.473126 6.900001 4.871140
v 0.609376 6.900000 4.698640
v 0.473126 7.100000 4.871140
v 0.609376 7.100000 4.698640
v 0.609375 6.900000 4.404890
v 0.609375 7.100000 4.404890
v 0.609376 6.900000 4.698640
v 0.720625 7.100000 4.404890
v 0.609375 6.900000 4.404890
v 0.720625 6.900000 4.404890
v 0.609375 7.100000 4.404890
v 0.720625 7.100000 4.404890
v 0.720626 6.900001 4.966140
v 0.720626 7.100000 4.966140
v 0.720625 6.900000 4.404890
v 0.609376 7.100000 4.966140
v 0.720626 6.900001 4.966140
v 0.609376 6.900001 4.966140
v 0.720626 7.100000 4.966140
v 0.609376 7.100000 4.837390
v 0.609376 6.900001 4.966140
v 0.609376 6.900000 4.837390
v 0.609376 7.100000 4.966140
v 0.240624 7.100000 4.117391
v 0.240626 6.900001 4.966141
v 0.240626 7.100000 4.966141
v 0.240624 6.900000 4.117391
v 0.048126 7.100000 4.966141
v 0.240626 6.900001 4.966141
v 0.048126 6.900001 4.966141
v 0.240626 7.100000 4.966141
v 0.048126 7.100000 4.966141
v -0.268125 6.900000 4.681142
v -0.268125 7.100000 4.681141
v 0.048126 6.900001 4.966141
v 0.016875 7.100000 4.393641
v -0.268125 6.900000 4.681142
v 0.016875 6.900000 4.393641
v -0.268125 7.100000 4.681141
v 0.016875 7.100000 4.393641
v 0.129375 6.900000 4.418641
v 0.129375 7.100000 4.418641
v 0.016875 6.900000 4.393641
v 0.129374 7.100000 4.117391
v 0.129375 6.900000 4.418641
v 0.129374 6.900000 4.117391
v 0.129375 7.100000 4.418641
v 0.240624 7.100000 4.117391
v 0.129374 6.900000 4.117391
v 0.240624 6.900000 4.117391
v 0.129374 7.100000 4.117391
v 0.024375 7.100000 4.493641
v -0.154375 6.900000 4.682391
v -0.154375 7.100000 4.682391
v 0.024375 6.900000 4.493641
v 0.028126 7.100000 4.866141
v -0.154375 6.900000 4.682391
v 0.028126 6.900000 4.866141
v -0.154375 7.100000 4.682391
v 0.129376 7.100000 4.866141
v 0.028126 6.900000 4.866141
v 0.129376 6.900000 4.866141
v 0.028126 7.100000 4.866141
v 0.129375 7.100000 4.518641
v 0.129376 6.900000 4.866141
v 0.129375 6.900000 4.518641
v 0.129376 7.100000 4.866141
v 0.129375 7.100000 4.518641
v 0.024375 6.900000 4.493641
v 0.024375 7.100000 4.493641
v 0.129375 6.900000 4.518641
v -0.654375 7.100000 4.393642
v -0.358125 6.900000 4.691142
v -0.358125 7.100000 4.691142
v -0.654375 6.900000 4.393642
v -0.654374 7.100000 4.977392
v -0.358125 6.900000 4.691142
v -0.654374 6.900000 4.977392
v -0.358125 7.100000 4.691142
v -0.958125 7.100000 4.691143
v -0.654374 6.900000 4.977392
v -0.958125 6.900000 4.691143
v -0.654374 7.100000 4.977392
v -0.654375 7.100000 4.393642
v -0.958125 6.900000 4.691143
v -0.654375 6.900000 4.393642
v -0.958125 7.100000 4.691143
v -0.844375 7.100000 4.689893
v -0.653125 6.900000 4.493642
v -0.844375 6.900000 4.689893
v -0.653125 7.100000 4.493642
v -0.844375 7.100000 4.689893
v -0.653124 6.900000 4.877392
v -0.653124 7.100000 4.877392
v -0.844375 6.900000 4.689893
v -0.471875 7.100000 4.691142
v -0.653124 6.900000 4.877392
v -0.471875 6.900000 4.691142
v -0.653124 7.100000 4.877392
v -0.653125 7.100000 4.493642
v -0.471875 6.900000 4.691142
v -0.653125 6.900000 4.493642
v -0.471875 7.100000 4.691142
v -1.203124 7.100000 4.837393
v -1.200624 6.900000 4.837393
v -1.203124 6.900000 4.837393
v -1.200624 7.100000 4.837393
v -1.365624 7.100000 4.977394
v -1.203124 6.900000 4.837393
v -1.365624 6.900000 4.977394
v -1.203124 7.100000 4.837393
v -1.499374 7.100000 4.912394
v -1.365624 6.900000 4.977394
v -1.499374 6.900000 4.912394
v -1.365624 7.100000 4.977394
v -1.440624 7.100000 4.816144
v -1.499374 6.900000 4.912394
v -1.440624 6.900000 4.816144
v -1.499374 7.100000 4.912394
v -1.440624 7.100000 4.816144
v -1.336874 6.900000 4.871144
v -1.336874 7.100000 4.871144
v -1.440624 6.900000 4.816144
v -1.200625 7.100000 4.698643
v -1.336874 6.900000 4.871144
v -1.200625 6.900000 4.698644
v -1.336874 7.100000 4.871144
v -1.200625 7.100000 4.698643
v -1.200625 6.900000 4.404893
v -1.200625 7.100000 4.404893
v -1.200625 6.900000 4.698644
v -1.089375 7.100000 4.404893
v -1.200625 6.900000 4.404893
v -1.089375 6.900000 4.404893
v -1.200625 7.100000 4.404893
v -1.089374 7.100000 4.966143
v -1.089375 6.900000 4.404893
v -1.089374 6.900000 4.966143
v -1.089375 7.100000 4.404893
v -1.200624 7.100000 4.966144
v -1.089374 6.900000 4.966143
v -1.200624 6.900000 4.966144
v -1.089374 7.100000 4.966143
v -1.200624 7.100000 4.837393
v -1.200624 6.900000 4.966144
v -1.200624 6.900000 4.837393
v -1.200624 7.100000 4.966144
v -1.884374 7.100000 4.866145
v -1.884374 6.900000 4.966145
v -1.884374 6.900000 4.866145
v -1.884374 7.100000 4.966145
v -1.884374 7.100000 4.866145
v -1.706874 6.900000 4.866145
v -1.706874 7.100000 4.866144
v -1.884374 6.900000 4.866145
v -1.706874 7.100000 4.866144
v -1.706875 6.900000 4.578644
v -1.706875 7.100000 4.578644
v -1.706874 6.900000 4.866145
v -1.786875 7.100000 4.493645
v -1.706875 6.900000 4.578644
v -1.786875 6.900000 4.493645
v -1.706875 7.100000 4.578644
v -1.913125 7.100000 4.534895
v -1.786875 6.900000 4.493645
v -1.913125 6.900000 4.534895
v -1.786875 7.100000 4.493645
v -1.913125 7.100000 4.431145
v -1.913125 6.900000 4.534895
v -1.913125 6.900000 4.431145
v -1.913125 7.100000 4.534895
v -1.913125 7.100000 4.431145
v -1.778125 6.900000 4.393645
v -1.778125 7.100000 4.393644
v -1.913125 6.900000 4.431145
v -1.778125 7.100000 4.393644
v -1.595625 6.900000 4.569894
v -1.595625 7.100000 4.569894
v -1.778125 6.900000 4.393645
v -1.595625 7.100000 4.569894
v -1.595624 6.900000 4.866144
v -1.595624 7.100000 4.866144
v -1.595625 6.900000 4.569894
v -1.498124 7.100000 4.866144
v -1.595624 6.900000 4.866144
v -1.498124 6.900000 4.866144
v -1.595624 7.100000 4.866144
v -1.498124 7.100000 4.878644
v -1.498124 6.900000 4.866144
v -1.498124 6.900000 4.878644
v -1.498124 7.100000 4.866144
v -1.706874 7.100000 5.082395
v -1.498124 6.900000 4.878644
v -1.706874 6.900000 5.082395
v -1.498124 7.100000 4.878644
v -1.706874 7.100000 4.966145
v -1.706874 6.900000 5.082395
v -1.706874 6.900000 4.966145
v -1.706874 7.100000 5.082395
v -1.884374 7.100000 4.966145
v -1.706874 6.900000 4.966145
v -1.884374 6.900000 4.966145
v -1.706874 7.100000 4.966145
v 2.323994 6.399998 3.666812
v 2.323994 7.099998 1.092637
v 2.323994 6.399998 1.092637
v 2.323994 7.099998 3.666812
v -2.250003 -7.000001 5.750000
v -7.500002 -6.999998 3.750000
v -7.500002 -6.999998 5.750000
v -2.250003 -7.000001 3.750000
v 7.419343 7.099998 3.666812
v 7.419343 6.399998 1.092637
v 7.419343 7.099998 1.092637
v 7.419343 6.399998 3.666812
v 2.323994 7.099998 3.666812
v 7.419343 6.399998 3.666812
v 7.419343 7.099998 3.666812
v 2.323994 6.399998 3.666812
v 7.599204 6.399998 0.934387
v 7.419343 7.099998 0.934387
v 2.323994 6.399998 0.934387
v 2.144134 7.099998 0.934387
v 7.419343 6.399998 1.092637
v 2.323994 7.099998 1.092637
v 7.419343 7.099998 1.092637
v 2.323994 6.399998 1.092637
v -1.249997 6.999998 2.750000
v -1.249997 6.499998 0.000000
v -1.249997 6.499998 2.750000
v -1.249997 6.999998 0.000000
v 1.319327 6.399998 -0.077734
v 1.319327 7.099998 2.863779
v 1.319327 7.099998 -0.077734
v 1.319327 6.399998 2.863779
v -2.144134 -7.099998 0.934387
v -2.144134 -6.399998 3.866812
v -2.144134 -6.399998 0.934387
v -2.144134 -7.099998 3.866812
v -2.323994 -6.399998 3.866812
v -7.599204 -6.399998 3.866812
v -7.419343 -6.399998 3.666812
v -7.599204 -6.399998 3.666812
v 7.599204 7.099998 0.934387
v 7.599204 6.399998 1.092637
v 7.599204 7.099998 3.866812
v 7.599204 6.399998 0.934387
v -1.139467 6.399998 2.663779
v -1.139467 7.099998 -0.077734
v -1.139467 6.399998 -0.077734
v -1.139467 7.099998 2.663779
v 1.139467 7.099998 2.663779
v 1.139467 6.399998 -0.077734
v 1.139467 7.099998 -0.077734
v 1.139467 6.399998 2.663779
v -1.139467 7.099998 2.663779
v 1.139467 6.399998 2.663779
v 1.139467 7.099998 2.663779
v -1.139467 6.399998 2.663779
v 1.139467 7.099998 -0.077734
v 1.319327 6.399998 -0.077734
v 1.319327 7.099998 -0.077734
v 1.139467 6.399998 -0.077734
v -1.319327 7.099998 -0.077734
v -1.139467 6.399998 -0.077734
v -1.139467 7.099998 -0.077734
v -1.319327 6.399998 -0.077734
v -2.323994 7.099998 1.092637
v -2.323994 6.399998 3.666812
v -2.323994 6.399998 1.092637
v -2.323994 7.099998 3.666812
v -2.144134 7.099998 3.866812
v -7.419343 7.099998 3.866812
v -2.323994 7.099998 3.666812
v -7.419343 7.099998 3.666812
v -7.419343 6.399998 1.092637
v -7.419343 7.099998 3.666812
v -7.419343 7.099998 1.092637
v -7.419343 6.399998 3.666812
v -7.419343 6.399998 3.666812
v -2.323994 7.099998 3.666812
v -7.419343 7.099998 3.666812
v -2.323994 6.399998 3.666812
v -2.144134 6.399998 3.866812
v -7.599204 6.399998 3.866812
v -7.419343 7.099998 3.866812
v -7.599204 7.099998 3.866812
v -2.323994 7.099998 1.092637
v -7.419343 6.399998 1.092637
v -7.419343 7.099998 1.092637
v -2.323994 6.399998 1.092637
v -1.250003 -6.500001 5.750000
v 8.499996 -6.500004 4.750000
v 8.499996 -6.500004 5.750000
v -8.500002 -6.499998 4.750000
v -8.500002 -6.499998 5.750000
v 2.144134 7.099998 0.934387
v 2.323994 7.099998 1.092637
v 2.144134 7.099998 1.092637
v 7.419343 7.099998 0.934387
v 2.144134 7.099998 1.092637
v 2.144134 6.399998 3.866812
v 2.144134 6.399998 0.934387
v 2.144134 7.099998 0.934387
v 7.499996 -7.000004 3.750000
v 7.499996 -6.500004 1.000000
v 7.499996 -6.500004 3.750000
v 7.499996 -7.000004 1.000000
v 2.323994 -7.099998 1.092637
v 2.323994 -6.399998 3.666812
v 2.323994 -6.399998 1.092637
v 2.323994 -7.099998 3.666812
v 2.323994 -6.399998 3.866812
v 7.599204 -7.099998 3.866812
v 2.144134 -7.099998 3.866812
v 2.144134 -6.399998 3.866812
v 7.599204 -6.399998 3.866812
v 2.323994 -6.399998 3.866812
v 7.419343 -6.399998 3.666812
v 2.323994 -6.399998 3.666812
v 7.419343 -6.399998 1.092637
v 7.419343 -7.099998 3.666812
v 7.419343 -7.099998 1.092637
v 7.419343 -6.399998 3.666812
v 7.419343 -6.399998 3.666812
v 2.323994 -7.099998 3.666812
v 7.419343 -7.099998 3.666812
v 2.323994 -6.399998 3.666812
v -1.319317 -6.400000 -0.077734
v -1.319316 -7.100000 2.863779
v -1.319316 -7.100000 -0.077734
v -1.319317 -6.400000 2.863779
v 7.599204 -6.399998 0.934387
v 2.144134 -7.099998 0.934387
v 7.599204 -7.099998 0.934387
v 2.144134 -6.399998 0.934387
v 2.323994 -7.099998 1.092637
v 7.419343 -6.399998 1.092637
v 7.419343 -7.099998 1.092637
v 2.323994 -6.399998 1.092637
v 2.144134 -6.399998 0.934387
v 2.144134 -6.399998 3.866812
v 2.144134 -7.099998 1.092637
v 2.144134 -7.099998 3.866812
v -7.599204 7.099998 0.934387
v -7.599204 7.099998 3.866812
v -7.599204 6.399998 3.666812
v -7.599204 6.399998 3.866812
v -1.250003 -7.000001 2.750000
v -1.250003 -6.500001 -0.000000
v -1.250003 -7.000001 -0.000000
v -1.250003 -6.500001 2.750000
v -2.323994 -6.399998 3.666812
v -2.323994 -7.099998 1.092637
v -2.323994 -6.399998 1.092637
v -2.323994 -7.099998 3.666812
v 1.250003 6.499998 0.000000
v 1.250003 6.999998 2.750000
v 1.250003 6.499998 2.750000
v 1.250003 6.999998 0.000000
v 1.319338 -7.099996 -0.077734
v 1.319337 -6.399996 2.863779
v 1.319337 -6.399996 -0.077734
v 1.319338 -7.099996 2.863779
v -7.419343 -7.099998 3.666812
v -7.419343 -6.399998 1.092637
v -7.419343 -7.099998 1.092637
v -7.419343 -6.399998 3.666812
v -2.323994 -7.099998 3.666812
v -7.419343 -6.399998 3.666812
v -7.419343 -7.099998 3.666812
v -2.323994 -6.399998 3.666812
v -2.144134 -7.099998 3.866812
v -7.599204 -7.099998 3.866812
v -2.323994 -6.399998 3.866812
v -7.599204 -6.399998 3.866812
v -7.419343 -6.399998 1.092637
v -2.323994 -7.099998 1.092637
v -7.419343 -7.099998 1.092637
v -2.323994 -6.399998 1.092637
v -7.419343 -6.399998 1.092637
v -2.144134 -6.399998 0.934387
v -2.323994 -6.399998 1.092637
v -7.599204 -6.399998 0.934387
v -7.599204 -6.399998 3.666812
v -2.323994 -6.399998 3.666812
v -2.144134 -6.399998 3.866812
v -2.323994 -6.399998 3.866812
v -2.323994 -7.099998 0.934387
v -7.419343 -7.099998 1.092637
v -2.323994 -7.099998 1.092637
v -7.599204 -7.099998 0.934387
v -2.144134 6.399998 0.934387
v -2.144134 6.399998 3.866812
v -2.144134 7.099998 1.092637
v -2.144134 7.099998 3.866812
v -1.319327 7.099998 -0.077734
v -1.319327 6.399998 2.863779
v -1.319327 6.399998 -0.077734
v -1.319327 7.099998 2.863779
v 1.139477 -6.399996 2.663779
v 1.139478 -7.099996 -0.077734
v 1.139477 -6.399996 -0.077734
v 1.139478 -7.099996 2.663779
v 1.319338 -7.099996 2.863779
v -1.319317 -6.400000 2.863779
v 1.319337 -6.399996 2.863779
v -1.319316 -7.100000 2.863779
v -1.139456 -7.100000 2.663779
v -1.139457 -6.400000 -0.077734
v -1.139456 -7.100000 -0.077734
v -1.139457 -6.400000 2.663779
v 1.139478 -7.099996 2.663779
v -1.139457 -6.400000 2.663779
v -1.139456 -7.100000 2.663779
v 1.139477 -6.399996 2.663779
v -1.139457 -6.400000 -0.077734
v -1.319316 -7.100000 -0.077734
v -1.139456 -7.100000 -0.077734
v -1.319317 -6.400000 -0.077734
v 1.319337 -6.399996 -0.077734
v 1.139478 -7.099996 -0.077734
v 1.319338 -7.099996 -0.077734
v 1.139477 -6.399996 -0.077734
v -1.249997 6.999998 0.000000
v -1.249997 6.999998 2.750000
v -2.249997 6.999998 1.000000
v -7.499999 7.000000 1.000000
v -7.499999 7.000000 3.750000
v -8.999999 7.000000 0.000000
v -8.999999 7.000000 5.750000
v 7.500004 6.999997 3.750000
v 9.000004 6.999997 5.750000
v 7.500004 6.999997 5.750000
v 9.000004 6.999997 0.000000
v 7.500004 6.999997 1.000000
v 1.250003 6.999998 0.000000
v 2.250003 6.999998 1.000000
v 1.250003 6.999998 2.750000
v 2.250003 6.999998 3.750000
v 2.250003 6.999998 5.750000
v 9.000004 6.999997 0.000000
v 8.999996 -7.000004 5.750000
v 9.000004 6.999997 5.750000
v 8.999996 -7.000004 -0.000000
v 2.323994 7.099998 1.092637
v 2.323994 7.099998 3.666812
v 2.144134 7.099998 1.092637
v 2.144134 7.099998 3.866812
v 7.599204 7.099998 0.934387
v 7.419343 7.099998 1.092637
v 7.419343 7.099998 0.934387
v 7.419343 7.099998 3.666812
v 7.599204 7.099998 3.866812
v 2.323994 7.099998 3.666812
v 2.144134 7.099998 3.866812
v 8.499996 -6.500004 -0.000000
v 7.500004 6.499997 0.000000
v 8.500004 6.499997 0.000000
v 7.499996 -6.500004 -0.000000
v 2.250003 6.499998 0.000000
v 2.249997 -6.500001 -0.000000
v 1.249997 -6.500001 -0.000000
v 1.250003 6.499998 0.000000
v -1.249997 6.499998 0.000000
v -1.249997 6.999998 0.000000
v 1.250003 6.999998 0.000000
v -1.250003 -6.500001 -0.000000
v -1.250003 -7.000001 -0.000000
v 1.249997 -7.000001 -0.000000
v -2.250003 -6.500001 -0.000000
v -2.249997 6.499998 0.000000
v -8.499999 6.500000 0.000000
v -8.500002 -6.499998 -0.000000
v 7.419343 6.399998 1.092637
v 7.419343 6.399998 3.666812
v 7.599204 6.399998 1.092637
v 7.599204 6.399998 3.866812
v 1.249997 -7.000001 2.750000
v 2.249997 -7.000001 1.000000
v 1.249997 -7.000001 -0.000000
v 7.499996 -7.000004 1.000000
v 7.499996 -7.000004 3.750000
v 8.999996 -7.000004 -0.000000
v 8.999996 -7.000004 5.750000
v -7.500002 -6.999998 5.750000
v -7.500002 -6.999998 3.750000
v -9.000002 -6.999998 5.750000
v -7.500002 -6.999998 1.000000
v -8.499999 6.500000 4.250000
v -7.499999 6.500000 1.000000
v -8.499999 6.500000 0.000000
v -2.249997 6.499998 0.000000
v -2.249997 6.499998 1.000000
v -1.249997 6.499998 0.000000
v -2.249997 6.499998 3.750000
v -1.249997 6.499998 2.750000
v -2.249997 6.499998 4.250000
v 1.250003 6.499998 2.750000
v 2.250003 6.499998 1.000000
v 1.250003 6.499998 0.000000
v 2.250003 6.499998 0.000000
v 7.500004 6.499997 0.000000
v 7.500004 6.499997 1.000000
v 8.500004 6.499997 0.000000
v 8.500004 6.499997 4.250000
v 7.500004 6.499997 3.750000
v 8.500004 6.499997 4.250000
v -2.249997 6.499998 4.250000
v 8.499996 -6.500004 4.250000
v -2.250003 -6.500001 4.250000
v -8.499999 6.500000 4.250000
v -8.500002 -6.499998 4.250000
v 0.240624 7.100000 4.117391
v 0.129375 7.100000 4.418641
v 0.129374 7.100000 4.117391
v 0.129375 7.100000 4.518641
v 0.024375 7.100000 4.493641
v 0.016875 7.100000 4.393641
v -0.154375 7.100000 4.682391
v -0.268125 7.100000 4.681141
v 0.028126 7.100000 4.866141
v 0.048126 7.100000 4.966141
v -0.958125 7.100000 4.691143
v -0.844375 7.100000 4.689893
v -0.653124 7.100000 4.877392
v -0.654375 7.100000 4.393642
v -0.653125 7.100000 4.493642
v -0.358125 7.100000 4.691142
v -0.471875 7.100000 4.691142
v -0.358125 7.100000 4.691142
v -0.653124 7.100000 4.877392
v -0.654374 7.100000 4.977392
v 1.681875 7.100000 4.656137
v 1.369376 7.100000 4.766138
v 1.319376 7.100000 4.656138
v 1.634376 7.100000 4.766138
v 1.914375 7.100000 4.404887
v 1.789375 7.100000 4.404887
v -7.419343 6.399998 3.666812
v -7.419343 6.399998 1.092637
v -7.599204 6.399998 3.666812
v -7.599204 6.399998 0.934387
v 8.499996 -6.500004 5.750000
v -1.250003 -7.000001 5.750000
v -1.250003 -6.500001 5.750000
v 8.999996 -7.000004 5.750000
v 8.500004 6.499997 5.750000
v 9.000004 6.999997 5.750000
v 7.500004 6.999997 5.750000
v 7.500004 6.499997 5.750000
v 1.319327 7.099998 2.863779
v 1.139467 7.099998 2.663779
v 1.319327 7.099998 -0.077734
v 1.139467 7.099998 -0.077734
v -2.144134 7.099998 3.866812
v -2.323994 7.099998 3.666812
v -2.144134 7.099998 1.092637
v -2.323994 7.099998 1.092637
v -2.144134 7.099998 0.934387
v -2.323994 6.399998 0.934387
v -2.144134 6.399998 0.934387
v -7.599204 7.099998 0.934387
v -7.599204 6.399998 0.934387
v 7.599204 -6.399998 3.866812
v 7.419343 -6.399998 3.666812
v 7.599204 -6.399998 1.092637
v 7.419343 -6.399998 1.092637
v 2.323994 -7.099998 1.092637
v 2.144134 -7.099998 0.934387
v 2.144134 -7.099998 1.092637
v 7.599204 -7.099998 0.934387
v -2.323994 -7.099998 0.934387
v -7.599204 -6.399998 0.934387
v -7.599204 -7.099998 0.934387
v -2.144134 -6.399998 0.934387
v -7.419343 -7.099998 3.666812
v -7.419343 -7.099998 1.092637
v -7.599204 -7.099998 3.666812
v -7.599204 -7.099998 0.934387
v 1.319337 -6.399996 2.863779
v 1.139477 -6.399996 2.663779
v 1.319337 -6.399996 -0.077734
v 1.139477 -6.399996 -0.077734
vt 0.118970811 0.734373212
vt 0.0929683447 0.67255336
vt 0.118970811 0.735574067
vt 0.118970811 0.737975776
vt 0.118970811 0.734373212
vt 0.0929683447 0.67255336
vt 0.118970811 0.739176631
vt 0.118970811 0.749984324
vt 0.0929683447 0.67255336
vt 0.0929683447 0.67255336
vt 0.118970811 0.739777029
vt 0.607867599 0.818621039
vt 0.707940638 0.718548
vt 0.607867599 0.718548
vt 0.607867599 0.718548
vt 0.707940638 0.818621039
vt 0.707940638 0.718548
vt 0.607867599 0.718548
vt 0.607867599 0.818621039
vt 0.707940638 0.818621039
vt 0.707940638 0.818621039
vt 0.707940638 0.718548
vt 0.707940638 0.718548
vt 0.607867599 0.718548
vt 0.607867599 0.818621039
vt 0.607867599 0.818621039
vt 0.707940638 0.818621039
vt 0.804274619 0.681407809
vt 0.868960559 0.731219172
vt 0.868960559 0.732420027
vt 0.868960559 0.736022532
vt 0.804274619 0.681407809
vt 0.868960559 0.736022532
vt 0.868960559 0.734821677
vt 0.868960559 0.739625096
vt 0.804274619 0.681407809
vt 0.868960559 0.737223387
vt 0.0929683447 0.67255336
vt 0.137383878 0.672745466
vt 0.137383878 0.672745466
vt 0.137383878 0.672745466
vt 0.136583328 0.672745466
vt 0.0929683447 0.67255336
vt 0.137383878 0.672745466
vt 0.607867599 0.718548
vt 0.707940638 0.718548
vt 0.707940638 0.818621039
vt 0.707940638 0.718548
vt 0.707940638 0.818621039
vt 0.607867599 0.818621039
vt 0.605032861 0.710597098
vt 0.605081618 0.710606217
vt 0.604786336 0.710402668
vt 0.604984045 0.710597098
vt 0.605008423 0.710606217
vt 0.602075636 0.710368931
vt 0.680552125 0.795659781
vt 0.680552125 0.700188518
vt 0.585080862 0.700188518
vt 0.680552125 0.700188518
vt 0.680552125 0.795659781
vt 0.680552125 0.795659781
vt 0.585080862 0.700188518
vt 0.680552125 0.795659781
vt 0.680552125 0.700188518
vt 0.680552125 0.700188518
vt 0.680552125 0.795659781
vt 0.680552125 0.700188518
vt 0.607867599 0.718548
vt 0.707940638 0.718548
vt 0.707940638 0.818621039
vt 0.607867599 0.818621039
vt 0.607867599 0.718548
vt 0.707940638 0.818621039
vt 0.607867599 0.718548
vt 0.707940638 0.718548
vt 0.707940638 0.718548
vt 0.607867599 0.818621039
vt 0.707940638 0.718548
vt 0.607867599 0.818621039
vt 0.707940638 0.818621039
vt 0.607867599 0.818621039
vt 0.707940638 0.818621039
vt 0.707940638 0.718548
vt 0.707940638 0.718548
vt 0.607867599 0.718548
vt 0.707940638 0.818621039
vt 0.607867599 0.718548
vt 0.607867599 0.718548
vt 0.607867599 0.718548
vt 0.607867599 0.818621039
vt 0.707940638 0.818621039
vt 0.607867599 0.718548
vt 0.707940638 0.718548
vt 0.707940638 0.718548
vt 0.707940638 0.818621039
vt 0.607867599 0.818621039
vt 0.707940638 0.818621039
vt 0.607867599 0.718548
vt 0.707940638 0.718548
vt 0.707940638 0.718548
vt 0.607867599 0.818621039
vt 0.607867599 0.718548
vt 0.707940638 0.718548
vt 0.707940638 0.818621039
vt 0.607867599 0.718548
vt 0.607867599 0.818621039
vt 0.607867599 0.718548
vt 0.607867599 0.718548
vt 0.707940638 0.818621039
vt 0.707940638 0.818621039
vt 0.144589007 0.749984264
vt 0.118970811 0.739777029
vt 0.118970811 0.749984324
vt 0.144589007 0.749984264
vt 0.118970811 0.737975776
vt 0.607867599 0.718548
vt 0.607867599 0.818621039
vt 0.607867599 0.718548
vt 0.707940638 0.818621039
vt 0.707940638 0.818621039
vt 0.707940638 0.718548
vt 0.607867599 0.818621039
vt 0.607867599 0.718548
vt 0.607867599 0.818621039
vt 0.707940638 0.718548
vt 0.707940638 0.818621039
vt 0.607867599 0.718548
vt 0.607867599 0.818621039
vt 0.868960559 0.730018318
vt 0.868960559 0.730618715
vt 0.804274619 0.681407809
vt 0.804274619 0.681407809
vt 0.868960559 0.730618715
vt 0.804274619 0.681407809
vt 0.868960559 0.730018318
vt 0.868960559 0.730618715
vt 0.868960559 0.730018318
vt 0.868960559 0.731219172
vt 0.868960559 0.731219172
vt 0.868960559 0.732420027
vt 0.868960559 0.732420027
vt 0.868960559 0.731219172
vt 0.868960559 0.731219172
vt 0.868960559 0.736022532
vt 0.868960559 0.739625096
vt 0.804274619 0.681407809
vt 0.868960559 0.736022532
vt 0.868960559 0.734821677
vt 0.868960559 0.736022532
vt 0.868960559 0.737223387
vt 0.868960559 0.739625096
vt 0.868960559 0.737223387
vt 0.607867599 0.718548
vt 0.707940638 0.718548
vt 0.707940638 0.718548
vt 0.607867599 0.818621039
vt 0.607867599 0.818621039
vt 0.707940638 0.718548
vt 0.607867599 0.818621039
vt 0.707940638 0.818621039
vt 0.707940638 0.718548
vt 0.607867599 0.718548
vt 0.707940638 0.718548
vt 0.607867599 0.818621039
vt 0.707940638 0.718548
vt 0.607867599 0.718548
vt 0.707940638 0.718548
vt 0.707940638 0.818621039
vt 0.707940638 0.818621039
vt 0.170463383 0.672745466
vt 0.170463383 0.71117276
vt 0.170463383 0.71117276
vt 0.585080862 0.700188518
vt 0.680552125 0.795659781
vt 0.680552125 0.700188518
vt 0.680552125 0.795659781
vt 0.680552125 0.700188518
vt 0.680552125 0.795659781
vt 0.585080862 0.700188518
vt 0.680552125 0.700188518
vt 0.0929683447 0.67255336
vt 0.118970811 0.672745466
vt 0.133381069 0.672745466
vt 0.0929683447 0.67255336
vt 0.136583328 0.672745466
vt 0.0929683447 0.67255336
vt 0.134982169 0.672745466
vt 0.0929683447 0.67255336
vt 0.134181619 0.672745466
vt 0.137383878 0.672745466
vt 0.136583328 0.672745466
vt 0.137383878 0.71117276
vt 0.137784183 0.672745466
vt 0.134982169 0.672745466
vt 0.144589007 0.71117276
vt 0.144589007 0.672745466
vt 0.118970811 0.71117276
vt 0.133381069 0.672745466
vt 0.118970811 0.672745466
vt 0.86255604 0.731219172
vt 0.804274619 0.681407809
vt 0.856151462 0.730618715
vt 0.804274619 0.681407809
vt 0.86255604 0.730018318
vt 0.86255604 0.730618715
vt 0.86255604 0.731219172
vt 0.804274619 0.681407809
vt 0.86255604 0.732420027
vt 0.86255604 0.731219172
vt 0.86255604 0.734821677
vt 0.804274619 0.681407809
vt 0.86255604 0.736022532
vt 0.86255604 0.739625096
vt 0.804274619 0.681407809
vt 0.86255604 0.737223387
vt 0.607867599 0.718548
vt 0.707940638 0.818621039
vt 0.707940638 0.718548
vt 0.707940638 0.718548
vt 0.607867599 0.818621039
vt 0.707940638 0.818621039
vt 0.602075636 0.710368931
vt 0.605081618 0.710606217
vt 0.605032861 0.710597098
vt 0.604786336 0.710402668
vt 0.605008423 0.710606217
vt 0.604984045 0.710597098
vt 0.680552125 0.795659781
vt 0.680552125 0.700188518
vt 0.585080862 0.700188518
vt 0.680552125 0.700188518
vt 0.680552125 0.795659781
vt 0.680552125 0.795659781
vt 0.680552125 0.700188518
vt 0.585080862 0.700188518
vt 0.680552125 0.700188518
vt 0.585080862 0.700188518
vt 0.680552125 0.795659781
vt 0.680552125 0.795659781
vt 0.680552125 0.700188518
vt 0.680552125 0.700188518
vt 0.680552125 0.795659781
vt 0.680552125 0.700188518
vt 0.680552125 0.700188518
vt 0.680552125 0.795659781
vt 0.585080862 0.700188518
vt 0.680552125 0.795659781
vt 0.680552125 0.700188518
vt 0.585080862 0.700188518
vt 0.585080862 0.700188518
vt 0.680552125 0.700188518
vt 0.680552125 0.700188518
vt 0.680552125 0.795659781
vt 0.585080862 0.700188518
vt 0.680552125 0.700188518
vt 0.585080862 0.700188518
vt 0.680552125 0.795659781
vt 0.680552125 0.700188518
vt 0.585080862 0.700188518
vt 0.680552125 0.700188518
vt 0.680552125 0.700188518
vt 0.680552125 0.700188518
vt 0.680552125 0.700188518
vt 0.680552125 0.795659781
vt 0.680552125 0.700188518
vt 0.585080862 0.700188518
vt 0.680552125 0.700188518
vt 0.585080862 0.700188518
vt 0.680552125 0.795659781
vt 0.680552125 0.700188518
vt 0.585080862 0.700188518
vt 0.680552125 0.700188518
vt 0.680552125 0.795659781
vt 0.585080862 0.700188518
vt 0.680552125 0.795659781
vt 0.680552125 0.700188518
vt 0.680552125 0.795659781
vt 0.680552125 0.700188518
vt 0.585080862 0.700188518
vt 0.680552125 0.700188518
vt 0.585080862 0.700188518
vt 0.680552125 0.795659781
vt 0.585080862 0.700188518
vt 0.680552125 0.700188518
vt 0.680552125 0.700188518
vt 0.680552125 0.700188518
vt 0.680552125 0.700188518
vt 0.680552125 0.700188518
vt 0.680552125 0.795659781
vt 0.680552125 0.700188518
vt 0.585080862 0.700188518
vt 0.680552125 0.700188518
vt 0.585080862 0.700188518
vt 0.680552125 0.700188518
vt 0.680552125 0.795659781
vt 0.680552125 0.700188518
vt 0.585080862 0.700188518
vt 0.680552125 0.795659781
vt 0.680552125 0.700188518
vt 0.585080862 0.700188518
vt 0.680552125 0.700188518
vt 0.680552125 0.795659781
vt 0.585080862 0.700188518
vt 0.585080862 0.700188518
vt 0.680552125 0.795659781
vt 0.680552125 0.700188518
vt 0.707940638 0.818621039
vt 0.707940638 0.718548
vt 0.607867599 0.818621039
vt 0.607867599 0.818621039
vt 0.707940638 0.718548
vt 0.607867599 0.718548
vt 0.707940638 0.718548
vt 0.707940638 0.818621039
vt 0.707940638 0.818621039
vt 0.707940638 0.718548
vt 0.607867599 0.718548
vt 0.707940638 0.718548
vt 0.0929683447 0.67255336
vt 0.144845188 0.727168083
vt 0.151249766 0.728368938
vt 0.157654285 0.721764266
vt 0.157654285 0.721163869
vt 0.170463383 0.722364724
vt 0.170463383 0.711557031
vt 0.157654285 0.721163869
vt 0.144845188 0.711557031
vt 0.151249766 0.721163869
vt 0.144845188 0.727168083
vt 0.0929683447 0.67255336
vt 0.170463383 0.722364724
vt 0.157654285 0.723565578
vt 0.170463383 0.723565578
vt 0.607867599 0.718548
vt 0.707940638 0.818621039
vt 0.707940638 0.718548
vt 0.707940638 0.718548
vt 0.607867599 0.818621039
vt 0.707940638 0.818621039
vt 0.607867599 0.718548
vt 0.707940638 0.818621039
vt 0.707940638 0.718548
vt 0.607867599 0.718548
vt 0.607867599 0.818621039
vt 0.607867599 0.718548
vt 0.707940638 0.818621039
vt 0.607867599 0.718548
vt 0.607867599 0.818621039
vt 0.607867599 0.718548
vt 0.707940638 0.718548
vt 0.707940638 0.718548
vt 0.707940638 0.718548
vt 0.707940638 0.818621039
vt 0.707940638 0.818621039
vt 0.607867599 0.818621039
vt 0.707940638 0.718548
vt 0.607867599 0.718548
vt 0.607867599 0.718548
vt 0.707940638 0.718548
vt 0.707940638 0.718548
vt 0.607867599 0.818621039
vt 0.607867599 0.718548
vt 0.607867599 0.718548
vt 0.707940638 0.718548
vt 0.707940638 0.818621039
vt 0.707940638 0.818621039
vt 0.707940638 0.718548
vt 0.707940638 0.818621039
vt 0.707940638 0.818621039
vt 0.607867599 0.818621039
vt 0.707940638 0.818621039
vt 0.607867599 0.718548
vt 0.707940638 0.818621039
vt 0.607867599 0.818621039
vt 0.607867599 0.818621039
vt 0.607867599 0.718548
vt 0.707940638 0.718548
vt 0.707940638 0.718548
vt 0.607867599 0.818621039
vt 0.707940638 0.818621039
vt 0.607867599 0.818621039
vt 0.607867599 0.718548
vt 0.607867599 0.818621039
vt 0.707940638 0.718548
vt 0.707940638 0.818621039
vt 0.707940638 0.718548
vt 0.607867599 0.818621039
vt 0.707940638 0.718548
vt 0.707940638 0.818621039
vt 0.707940638 0.818621039
vt 0.707940638 0.818621039
vt 0.607867599 0.718548
vt 0.607867599 0.818621039
vt 0.607867599 0.718548
vt 0.707940638 0.718548
vt 0.607867599 0.718548
vt 0.607867599 0.818621039
vt 0.607867599 0.718548
vt 0.707940638 0.718548
vt 0.607867599 0.818621039
vt 0.607867599 0.718548
vt 0.707940638 0.818621039
vt 0.707940638 0.718548
vt 0.707940638 0.718548
vt 0.607867599 0.818621039
vt 0.707940638 0.818621039
vt 0.607867599 0.718548
vt 0.707940638 0.818621039
vt 0.707940638 0.718548
vt 0.707940638 0.718548
vt 0.607867599 0.818621039
vt 0.707940638 0.818621039
vt 0.636441886 0.715262413
vt 0.634705305 0.715262413
vt 0.634705305 0.715262413
vt 0.636441886 0.715262413
vt 0.144589007 0.749984264
vt 0.144589007 0.711557031
vt 0.118970811 0.737975776
vt 0.118970811 0.735574067
vt 0.118970811 0.711557031
vt 0.634705305 0.715913594
vt 0.636441886 0.715913594
vt 0.636441886 0.715913594
vt 0.634705305 0.715913594
vt 0.118714631 0.672745466
vt 0.0930964351 0.672745466
vt 0.118714631 0.71117276
vt 0.0930964351 0.71117276
vt 0.632968724 0.715913594
vt 0.633837044 0.715913594
vt 0.633837044 0.715913594
vt 0.632968724 0.715913594
vt 0.632968724 0.715180993
vt 0.633837044 0.715180993
vt 0.633837044 0.715180993
vt 0.632968724 0.715180993
vt 0.634705305 0.715180993
vt 0.636441886 0.715262413
vt 0.636441886 0.715180993
vt 0.634705305 0.715262413
vt 0.632968724 0.715180993
vt 0.633837044 0.715262413
vt 0.633837044 0.715180993
vt 0.632968724 0.715262413
vt 0.86255604 0.730018318
vt 0.868960559 0.730018318
vt 0.868960559 0.730018318
vt 0.86255604 0.730018318
vt 0.634705305 0.715913594
vt 0.636441886 0.716076434
vt 0.636441886 0.715913594
vt 0.634705305 0.716076434
vt 0.632968724 0.715913594
vt 0.633837044 0.716076434
vt 0.633837044 0.715913594
vt 0.632968724 0.716076434
vt 0.0929683447 0.67255336
vt 0.0929683447 0.67255336
vt 0.151249766 0.728368938
vt 0.0929683447 0.67255336
vt 0.868960559 0.739625096
vt 0.86255604 0.739625096
vt 0.86255604 0.739625096
vt 0.868960559 0.739625096
vt 0.634705305 0.715180993
vt 0.636441886 0.715180993
vt 0.636441886 0.715180993
vt 0.634705305 0.715180993
vt 0.170463383 0.71117276
vt 0.170463383 0.672745466
vt 0.144845188 0.672745466
vt 0.144845188 0.71117276
vt 0.680552125 0.700188518
vt 0.680552125 0.795659781
vt 0.680552125 0.700188518
vt 0.585080862 0.700188518
vt 0.707940638 0.818621039
vt 0.607867599 0.718548
vt 0.607867599 0.818621039
vt 0.707940638 0.718548
vt 0.636441886 0.715750813
vt 0.634705305 0.715750813
vt 0.634705305 0.715750813
vt 0.636441886 0.715750813
vt 0.707940638 0.818621039
vt 0.607867599 0.718548
vt 0.607867599 0.818621039
vt 0.707940638 0.718548
vt 0.633837044 0.715262413
vt 0.632968724 0.715262413
vt 0.633837044 0.715262413
vt 0.632968724 0.715262413
vt 0.633837044 0.716076434
vt 0.632968724 0.716076434
vt 0.633837044 0.716076434
vt 0.632968724 0.716076434
vt 0.157654285 0.730770648
vt 0.151249766 0.730770648
vt 0.157654285 0.730770648
vt 0.151249766 0.730770648
vt 0.151249766 0.728368938
vt 0.151249766 0.721163869
vt 0.151249766 0.721163869
vt 0.151249766 0.730770648
vt 0.151249766 0.730770648
vt 0.346548915 0.751430988
vt 0.340144396 0.74182421
vt 0.340144396 0.751430988
vt 0.346548915 0.74182421
vt 0.151249766 0.721163869
vt 0.157654285 0.721163869
vt 0.151249766 0.721163869
vt 0.157654285 0.721163869
vt 0.605032861 0.710610807
vt 0.605081618 0.710615396
vt 0.604786336 0.710402668
vt 0.602075636 0.710368931
vt 0.605032861 0.710590243
vt 0.605081618 0.710592508
vt 0.604786336 0.710402668
vt 0.602075636 0.710368931
vt 0.604984045 0.710610807
vt 0.605008423 0.710615396
vt 0.602075636 0.710368931
vt 0.604786336 0.710402668
vt 0.604984045 0.710590243
vt 0.605008423 0.710592508
vt 0.602075636 0.710368931
vt 0.604786336 0.710402668
vt 0.707940638 0.718548
vt 0.707940638 0.818621039
vt 0.707940638 0.818621039
vt 0.707940638 0.718548
vt 0.585080862 0.700188518
vt 0.680552125 0.795659781
vt 0.680552125 0.700188518
vt 0.585080862 0.795659781
vt 0.680552125 0.700188518
vt 0.585080862 0.795659781
vt 0.680552125 0.795659781
vt 0.585080862 0.700188518
vt 0.585080862 0.700188518
vt 0.680552125 0.795659781
vt 0.680552125 0.700188518
vt 0.585080862 0.795659781
vt 0.680552125 0.700188518
vt 0.585080862 0.795659781
vt 0.680552125 0.795659781
vt 0.585080862 0.700188518
vt 0.680552125 0.700188518
vt 0.585080862 0.795659781
vt 0.680552125 0.795659781
vt 0.585080862 0.700188518
vt 0.680552125 0.700188518
vt 0.585080862 0.795659781
vt 0.680552125 0.795659781
vt 0.585080862 0.700188518
vt 0.680552125 0.700188518
vt 0.585080862 0.795659781
vt 0.680552125 0.795659781
vt 0.585080862 0.700188518
vt 0.680552125 0.700188518
vt 0.585080862 0.795659781
vt 0.680552125 0.795659781
vt 0.585080862 0.700188518
vt 0.680552125 0.700188518
vt 0.585080862 0.795659781
vt 0.680552125 0.795659781
vt 0.585080862 0.700188518
vt 0.585080862 0.700188518
vt 0.680552125 0.795659781
vt 0.680552125 0.700188518
vt 0.585080862 0.795659781
vt 0.680552125 0.700188518
vt 0.585080862 0.795659781
vt 0.680552125 0.795659781
vt 0.585080862 0.700188518
vt 0.680552125 0.700188518
vt 0.585080862 0.795659781
vt 0.680552125 0.795659781
vt 0.585080862 0.700188518
vt 0.680552125 0.700188518
vt 0.585080862 0.795659781
vt 0.680552125 0.795659781
vt 0.585080862 0.700188518
vt 0.680552125 0.700188518
vt 0.585080862 0.795659781
vt 0.680552125 0.795659781
vt 0.585080862 0.700188518
vt 0.680552125 0.700188518
vt 0.585080862 0.795659781
vt 0.680552125 0.795659781
vt 0.585080862 0.700188518
vt 0.680552125 0.700188518
vt 0.585080862 0.795659781
vt 0.680552125 0.795659781
vt 0.585080862 0.700188518
vt 0.680552125 0.700188518
vt 0.585080862 0.795659781
vt 0.680552125 0.795659781
vt 0.585080862 0.700188518
vt 0.680552125 0.700188518
vt 0.585080862 0.795659781
vt 0.680552125 0.795659781
vt 0.585080862 0.700188518
vt 0.680552125 0.700188518
vt 0.585080862 0.795659781
vt 0.680552125 0.795659781
vt 0.585080862 0.700188518
vt 0.680552125 0.700188518
vt 0.585080862 0.795659781
vt 0.680552125 0.795659781
vt 0.585080862 0.700188518
vt 0.585080862 0.700188518
vt 0.680552125 0.795659781
vt 0.680552125 0.700188518
vt 0.585080862 0.795659781
vt 0.585080862 0.700188518
vt 0.680552125 0.795659781
vt 0.680552125 0.700188518
vt 0.585080862 0.795659781
vt 0.680552125 0.700188518
vt 0.585080862 0.795659781
vt 0.680552125 0.795659781
vt 0.585080862 0.700188518
vt 0.585080862 0.700188518
vt 0.680552125 0.795659781
vt 0.680552125 0.700188518
vt 0.585080862 0.795659781
vt 0.680552125 0.700188518
vt 0.585080862 0.795659781
vt 0.680552125 0.795659781
vt 0.585080862 0.700188518
vt 0.585080862 0.700188518
vt 0.680552125 0.795659781
vt 0.680552125 0.700188518
vt 0.585080862 0.795659781
vt 0.680552125 0.700188518
vt 0.585080862 0.795659781
vt 0.680552125 0.795659781
vt 0.585080862 0.700188518
vt 0.585080862 0.700188518
vt 0.680552125 0.795659781
vt 0.680552125 0.700188518
vt 0.585080862 0.795659781
vt 0.680552125 0.700188518
vt 0.585080862 0.795659781
vt 0.680552125 0.795659781
vt 0.585080862 0.700188518
vt 0.680552125 0.700188518
vt 0.585080862 0.795659781
vt 0.680552125 0.795659781
vt 0.585080862 0.700188518
vt 0.585080862 0.700188518
vt 0.680552125 0.795659781
vt 0.680552125 0.700188518
vt 0.585080862 0.795659781
vt 0.680552125 0.700188518
vt 0.585080862 0.795659781
vt 0.680552125 0.795659781
vt 0.585080862 0.700188518
vt 0.585080862 0.700188518
vt 0.680552125 0.795659781
vt 0.680552125 0.700188518
vt 0.585080862 0.795659781
vt 0.680552125 0.700188518
vt 0.585080862 0.795659781
vt 0.680552125 0.795659781
vt 0.585080862 0.700188518
vt 0.585080862 0.700188518
vt 0.680552125 0.795659781
vt 0.680552125 0.700188518
vt 0.585080862 0.795659781
vt 0.680552125 0.700188518
vt 0.585080862 0.795659781
vt 0.680552125 0.795659781
vt 0.585080862 0.700188518
vt 0.680552125 0.700188518
vt 0.585080862 0.795659781
vt 0.680552125 0.795659781
vt 0.585080862 0.700188518
vt 0.585080862 0.700188518
vt 0.680552125 0.795659781
vt 0.680552125 0.700188518
vt 0.585080862 0.795659781
vt 0.680552125 0.700188518
vt 0.585080862 0.795659781
vt 0.680552125 0.795659781
vt 0.585080862 0.700188518
vt 0.680552125 0.700188518
vt 0.585080862 0.795659781
vt 0.680552125 0.795659781
vt 0.585080862 0.700188518
vt 0.680552125 0.700188518
vt 0.585080862 0.795659781
vt 0.680552125 0.795659781
vt 0.585080862 0.700188518
vt 0.585080862 0.700188518
vt 0.680552125 0.795659781
vt 0.680552125 0.700188518
vt 0.585080862 0.795659781
vt 0.585080862 0.700188518
vt 0.680552125 0.795659781
vt 0.680552125 0.700188518
vt 0.585080862 0.795659781
vt 0.680552125 0.700188518
vt 0.585080862 0.795659781
vt 0.680552125 0.795659781
vt 0.585080862 0.700188518
vt 0.680552125 0.700188518
vt 0.585080862 0.795659781
vt 0.680552125 0.795659781
vt 0.585080862 0.700188518
vt 0.680552125 0.700188518
vt 0.585080862 0.795659781
vt 0.680552125 0.795659781
vt 0.585080862 0.700188518
vt 0.680552125 0.700188518
vt 0.585080862 0.795659781
vt 0.680552125 0.795659781
vt 0.585080862 0.700188518
vt 0.585080862 0.700188518
vt 0.680552125 0.795659781
vt 0.680552125 0.700188518
vt 0.585080862 0.795659781
vt 0.680552125 0.700188518
vt 0.585080862 0.795659781
vt 0.680552125 0.795659781
vt 0.585080862 0.700188518
vt 0.680552125 0.700188518
vt 0.585080862 0.795659781
vt 0.680552125 0.795659781
vt 0.585080862 0.700188518
vt 0.680552125 0.700188518
vt 0.585080862 0.795659781
vt 0.680552125 0.795659781
vt 0.585080862 0.700188518
vt 0.680552125 0.700188518
vt 0.585080862 0.795659781
vt 0.680552125 0.795659781
vt 0.585080862 0.700188518
vt 0.680552125 0.700188518
vt 0.585080862 0.795659781
vt 0.680552125 0.795659781
vt 0.585080862 0.700188518
vt 0.680552125 0.700188518
vt 0.585080862 0.795659781
vt 0.680552125 0.795659781
vt 0.585080862 0.700188518
vt 0.585080862 0.700188518
vt 0.680552125 0.795659781
vt 0.680552125 0.700188518
vt 0.585080862 0.795659781
vt 0.680552125 0.700188518
vt 0.585080862 0.795659781
vt 0.680552125 0.795659781
vt 0.585080862 0.700188518
vt 0.585080862 0.700188518
vt 0.680552125 0.795659781
vt 0.680552125 0.700188518
vt 0.585080862 0.795659781
vt 0.680552125 0.700188518
vt 0.585080862 0.795659781
vt 0.680552125 0.795659781
vt 0.585080862 0.700188518
vt 0.680552125 0.700188518
vt 0.585080862 0.795659781
vt 0.680552125 0.795659781
vt 0.585080862 0.700188518
vt 0.680552125 0.700188518
vt 0.585080862 0.795659781
vt 0.680552125 0.795659781
vt 0.585080862 0.700188518
vt 0.680552125 0.700188518
vt 0.585080862 0.795659781
vt 0.680552125 0.795659781
vt 0.585080862 0.700188518
vt 0.680552125 0.700188518
vt 0.585080862 0.795659781
vt 0.680552125 0.795659781
vt 0.585080862 0.700188518
vt 0.585080862 0.700188518
vt 0.680552125 0.795659781
vt 0.680552125 0.700188518
vt 0.585080862 0.795659781
vt 0.585080862 0.700188518
vt 0.680552125 0.795659781
vt 0.680552125 0.700188518
vt 0.585080862 0.795659781
vt 0.680552125 0.700188518
vt 0.585080862 0.795659781
vt 0.680552125 0.795659781
vt 0.585080862 0.700188518
vt 0.680552125 0.700188518
vt 0.585080862 0.795659781
vt 0.680552125 0.795659781
vt 0.585080862 0.700188518
vt 0.680552125 0.700188518
vt 0.585080862 0.795659781
vt 0.680552125 0.795659781
vt 0.585080862 0.700188518
vt 0.585080862 0.700188518
vt 0.680552125 0.795659781
vt 0.680552125 0.700188518
vt 0.585080862 0.795659781
vt 0.585080862 0.700188518
vt 0.680552125 0.795659781
vt 0.680552125 0.700188518
vt 0.585080862 0.795659781
vt 0.585080862 0.700188518
vt 0.680552125 0.795659781
vt 0.680552125 0.700188518
vt 0.585080862 0.795659781
vt 0.680552125 0.700188518
vt 0.585080862 0.795659781
vt 0.680552125 0.795659781
vt 0.585080862 0.700188518
vt 0.680552125 0.700188518
vt 0.585080862 0.795659781
vt 0.680552125 0.795659781
vt 0.585080862 0.700188518
vt 0.680552125 0.700188518
vt 0.585080862 0.795659781
vt 0.680552125 0.795659781
vt 0.585080862 0.700188518
vt 0.680552125 0.700188518
vt 0.585080862 0.795659781
vt 0.680552125 0.795659781
vt 0.585080862 0.700188518
vt 0.680552125 0.700188518
vt 0.585080862 0.795659781
vt 0.680552125 0.795659781
vt 0.585080862 0.700188518
vt 0.707940638 0.718548
vt 0.607867599 0.818621039
vt 0.707940638 0.818621039
vt 0.607867599 0.718548
vt 0.157654285 0.721764266
vt 0.0929683447 0.67255336
vt 0.0929683447 0.67255336
vt 0.0929683447 0.67255336
vt 0.707940638 0.718548
vt 0.607867599 0.818621039
vt 0.707940638 0.818621039
vt 0.607867599 0.718548
vt 0.707940638 0.718548
vt 0.607867599 0.818621039
vt 0.707940638 0.818621039
vt 0.607867599 0.718548
vt 0.607867599 0.818621039
vt 0.707940638 0.718548
vt 0.607867599 0.818621039
vt 0.707940638 0.718548
vt 0.707940638 0.718548
vt 0.607867599 0.818621039
vt 0.707940638 0.818621039
vt 0.607867599 0.718548
vt 0.632968724 0.715425193
vt 0.633837044 0.715425193
vt 0.633837044 0.715425193
vt 0.632968724 0.715425193
vt 0.707940638 0.818621039
vt 0.607867599 0.718548
vt 0.607867599 0.818621039
vt 0.707940638 0.718548
vt 0.707940638 0.818621039
vt 0.607867599 0.718548
vt 0.607867599 0.818621039
vt 0.707940638 0.718548
vt 0.707940638 0.718548
vt 0.607867599 0.718548
vt 0.707940638 0.818621039
vt 0.607867599 0.818621039
vt 0.607867599 0.818621039
vt 0.707940638 0.718548
vt 0.607867599 0.718548
vt 0.707940638 0.818621039
vt 0.707940638 0.718548
vt 0.607867599 0.818621039
vt 0.707940638 0.818621039
vt 0.607867599 0.718548
vt 0.707940638 0.718548
vt 0.607867599 0.818621039
vt 0.707940638 0.818621039
vt 0.607867599 0.718548
vt 0.707940638 0.718548
vt 0.607867599 0.818621039
vt 0.707940638 0.818621039
vt 0.607867599 0.718548
vt 0.707940638 0.718548
vt 0.607867599 0.818621039
vt 0.707940638 0.818621039
vt 0.607867599 0.718548
vt 0.707940638 0.718548
vt 0.607867599 0.818621039
vt 0.707940638 0.818621039
vt 0.607867599 0.718548
vt 0.707940638 0.718548
vt 0.607867599 0.818621039
vt 0.707940638 0.818621039
vt 0.607867599 0.718548
vt 0.607867599 0.718548
vt 0.607867599 0.818621039
vt 0.707940638 0.718548
vt 0.707940638 0.818621039
vt 0.707940638 0.718548
vt 0.607867599 0.818621039
vt 0.707940638 0.818621039
vt 0.607867599 0.718548
vt 0.707940638 0.718548
vt 0.607867599 0.818621039
vt 0.707940638 0.818621039
vt 0.607867599 0.718548
vt 0.707940638 0.718548
vt 0.607867599 0.718548
vt 0.707940638 0.818621039
vt 0.607867599 0.818621039
vt 0.707940638 0.718548
vt 0.607867599 0.818621039
vt 0.707940638 0.818621039
vt 0.607867599 0.718548
vt 0.157654285 0.723565578
vt 0.157654285 0.730770648
vt 0.157654285 0.730770648
vt 0.157654285 0.721163869
vt 0.157654285 0.721163869
vt 0.607867599 0.818621039
vt 0.607867599 0.818621039
vt 0.607867599 0.718548
vt 0.707940638 0.718548
vt 0.707940638 0.718548
vt 0.607867599 0.718548
vt 0.607867599 0.818621039
vt 0.707940638 0.818621039
vt 0.636441886 0.716076434
vt 0.634705305 0.716076434
vt 0.634705305 0.716076434
vt 0.636441886 0.716076434
vt 0.707940638 0.718548
vt 0.607867599 0.818621039
vt 0.707940638 0.818621039
vt 0.607867599 0.718548
vt 0.607867599 0.718548
vt 0.607867599 0.818621039
vt 0.707940638 0.818621039
vt 0.707940638 0.718548
vt 0.607867599 0.718548
vt 0.607867599 0.818621039
vt 0.707940638 0.718548
vt 0.707940638 0.818621039
vt 0.707940638 0.718548
vt 0.607867599 0.818621039
vt 0.707940638 0.818621039
vt 0.607867599 0.718548
vt 0.707940638 0.718548
vt 0.607867599 0.818621039
vt 0.707940638 0.818621039
vt 0.607867599 0.718548
vt 0.707940638 0.818621039
vt 0.607867599 0.718548
vt 0.607867599 0.818621039
vt 0.707940638 0.718548
vt 0.707940638 0.718548
vt 0.607867599 0.818621039
vt 0.707940638 0.818621039
vt 0.607867599 0.718548
vt 0.707940638 0.718548
vt 0.607867599 0.818621039
vt 0.707940638 0.818621039
vt 0.607867599 0.718548
vt 0.707940638 0.718548
vt 0.607867599 0.718548
vt 0.707940638 0.818621039
vt 0.607867599 0.818621039
vt 0.707940638 0.718548
vt 0.607867599 0.718548
vt 0.707940638 0.818621039
vt 0.607867599 0.818621039
vt 0.636441886 0.715425193
vt 0.634705305 0.715425193
vt 0.636441886 0.715425193
vt 0.634705305 0.715425193
vt 0.707940638 0.718548
vt 0.607867599 0.818621039
vt 0.707940638 0.818621039
vt 0.607867599 0.718548
vt 0.633837044 0.715750813
vt 0.632968724 0.715750813
vt 0.633837044 0.715750813
vt 0.632968724 0.715750813
vt 0.707940638 0.818621039
vt 0.607867599 0.718548
vt 0.607867599 0.818621039
vt 0.707940638 0.718548
vt 0.707940638 0.718548
vt 0.607867599 0.818621039
vt 0.707940638 0.818621039
vt 0.607867599 0.718548
vt 0.707940638 0.718548
vt 0.607867599 0.818621039
vt 0.707940638 0.818621039
vt 0.607867599 0.718548
vt 0.707940638 0.818621039
vt 0.707940638 0.718548
vt 0.607867599 0.818621039
vt 0.607867599 0.718548
vt 0.707940638 0.718548
vt 0.607867599 0.818621039
vt 0.707940638 0.818621039
vt 0.607867599 0.718548
vt 0.707940638 0.718548
vt 0.707940638 0.818621039
vt 0.607867599 0.818621039
vt 0.607867599 0.818621039
vt 0.607867599 0.718548
vt 0.607867599 0.818621039
vt 0.707940638 0.718548
vt 0.607867599 0.718548
vt 0.707940638 0.818621039
vt 0.607867599 0.818621039
vt 0.607867599 0.818621039
vt 0.707940638 0.818621039
vt 0.707940638 0.718548
vt 0.607867599 0.718548
vt 0.707940638 0.818621039
vt 0.607867599 0.818621039
vt 0.707940638 0.818621039
vt 0.607867599 0.718548
vt 0.607867599 0.818621039
vt 0.707940638 0.718548
vt 0.707940638 0.718548
vt 0.607867599 0.818621039
vt 0.707940638 0.818621039
vt 0.607867599 0.718548
vt 0.707940638 0.818621039
vt 0.607867599 0.718548
vt 0.607867599 0.818621039
vt 0.707940638 0.718548
vt 0.707940638 0.718548
vt 0.607867599 0.818621039
vt 0.707940638 0.818621039
vt 0.607867599 0.718548
vt 0.707940638 0.718548
vt 0.607867599 0.818621039
vt 0.707940638 0.818621039
vt 0.607867599 0.718548
vt 0.607867599 0.718548
vt 0.707940638 0.818621039
vt 0.707940638 0.718548
vt 0.607867599 0.818621039
vt 0.607867599 0.718548
vt 0.707940638 0.818621039
vt 0.707940638 0.718548
vt 0.607867599 0.818621039
vt 0.118970811 0.737975776
vt 0.118970811 0.737975776
vt 0.118970811 0.739176631
vt 0.118970811 0.739777029
vt 0.118970811 0.739777029
vt 0.118970811 0.749984324
vt 0.118970811 0.749984324
vt 0.118970811 0.733172357
vt 0.118970811 0.711557031
vt 0.118970811 0.733172357
vt 0.118970811 0.711557031
vt 0.118970811 0.733172357
vt 0.118970811 0.735574067
vt 0.118970811 0.734373212
vt 0.0929683447 0.67255336
vt 0.118970811 0.734373212
vt 0.118970811 0.734373212
vt 0.0930964351 0.672745466
vt 0.118714631 0.672745466
vt 0.0930964351 0.672745466
vt 0.118714631 0.672745466
vt 0.707940638 0.818621039
vt 0.707940638 0.718548
vt 0.607867599 0.818621039
vt 0.607867599 0.718548
vt 0.707940638 0.818621039
vt 0.607867599 0.818621039
vt 0.607867599 0.818621039
vt 0.707940638 0.818621039
vt 0.707940638 0.718548
vt 0.707940638 0.718548
vt 0.607867599 0.718548
vt 0.129615307 0.317563683
vt 0.123210788 0.315161973
vt 0.123210788 0.317563683
vt 0.129615307 0.315161973
vt 0.123210788 0.313961118
vt 0.129615307 0.313961118
vt 0.129615307 0.312760264
vt 0.123210788 0.312760264
vt 0.123210788 0.310358614
vt 0.116806209 0.310358554
vt 0.116806209 0.312760264
vt 0.129615307 0.310358614
vt 0.142424405 0.310358614
vt 0.142424405 0.312760264
vt 0.129615307 0.309157759
vt 0.123210788 0.309157759
vt 0.123210788 0.307956904
vt 0.129615307 0.307956904
vt 0.707940638 0.818621039
vt 0.707940638 0.718548
vt 0.607867599 0.818621039
vt 0.607867599 0.718548
vt 0.134982169 0.672745466
vt 0.134181619 0.672745466
vt 0.134982169 0.672745466
vt 0.133381069 0.672745466
vt 0.133381069 0.672745466
vt 0.118970811 0.672745466
vt 0.118970811 0.672745466
vt 0.137784183 0.672745466
vt 0.137784183 0.672745466
vt 0.144589007 0.672745466
vt 0.137784183 0.672745466
vt 0.86255604 0.730018318
vt 0.86255604 0.730618715
vt 0.86255604 0.730018318
vt 0.86255604 0.731219172
vt 0.86255604 0.731219172
vt 0.86255604 0.732420027
vt 0.86255604 0.731219172
vt 0.804274619 0.681407809
vt 0.86255604 0.731219172
vt 0.86255604 0.734821677
vt 0.86255604 0.736022532
vt 0.86255604 0.734821677
vt 0.86255604 0.736022532
vt 0.86255604 0.737223387
vt 0.86255604 0.737223387
vt 0.86255604 0.739625096
vt 0.86255604 0.739625096
vt 0.86255604 0.737223387
vt 0.345073164 0.246728241
vt 0.338668644 0.239523172
vt 0.345073164 0.244326532
vt 0.357882261 0.238322318
vt 0.338668644 0.23772186
vt 0.338668644 0.237121463
vt 0.585080862 0.700188518
vt 0.585080862 0.700188518
vt 0.680552125 0.700188518
vt 0.680552125 0.795659781
vt 0.680552125 0.700188518
vt 0.680552125 0.700188518
vt 0.680552125 0.795659781
vt 0.680552125 0.700188518
vt 0.680552125 0.795659781
vt 0.680552125 0.700188518
vt 0.680552125 0.700188518
vt 0.680552125 0.795659781
vt 0.680552125 0.795659781
vt 0.680552125 0.700188518
vt 0.680552125 0.700188518
vt 0.680552125 0.795659781
vt 0.680552125 0.700188518
vt 0.585080862 0.700188518
vt 0.585080862 0.700188518
vt 0.680552125 0.795659781
vt 0.585080862 0.700188518
vt 0.680552125 0.700188518
vt 0.680552125 0.700188518
vt 0.680552125 0.700188518
vt 0.585080862 0.700188518
vt 0.680552125 0.700188518
vt 0.607867599 0.818621039
vt 0.707940638 0.818621039
vt 0.607867599 0.718548
vt 0.707940638 0.718548
vt 0.157654285 0.730770648
vt 0.157654285 0.723565578
vt 0.0929683447 0.67255336
vt 0.170463383 0.749984264
vt 0.151249766 0.730770648
vt 0.144845188 0.749984324
vt 0.144845188 0.728368938
vt 0.151249766 0.728368938
vt 0.707940638 0.718548
vt 0.707940638 0.818621039
vt 0.707940638 0.818621039
vt 0.607867599 0.818621039
vt 0.607867599 0.718548
vt 0.707940638 0.718548
vt 0.707940638 0.718548
vt 0.707940638 0.818621039
vt 0.607867599 0.818621039
vt 0.607867599 0.718548
vt 0.607867599 0.718548
vt 0.707940638 0.818621039
vt 0.707940638 0.718548
vt 0.607867599 0.718548
vt 0.707940638 0.718548
vt 0.707940638 0.718548
vt 0.707940638 0.818621039
vt 0.607867599 0.818621039
vt 0.707940638 0.718548
vt 0.607867599 0.718548
vt 0.707940638 0.818621039
vt 0.707940638 0.718548
vt 0.607867599 0.818621039
vt 0.707940638 0.818621039
vt 0.607867599 0.718548
vt 0.607867599 0.718548
vt 0.607867599 0.818621039
vt 0.707940638 0.718548
vt 0.707940638 0.818621039
vt 0.707940638 0.718548
vt 0.707940638 0.818621039
vt 0.707940638 0.818621039
vt 0.607867599 0.818621039
vn 0.000000 1.000000 0.000000
vn 0.000000 1.000000 0.000000
vn 0.000000 1.000000 0.000000
vn 0.000000 1.000000 0.000000
vn 0.000000 1.000000 0.000000
vn 0.000000 1.000000 0.000000
vn 0.000000 1.000000 0.000000
vn 0.000000 1.000000 0.000000
vn 0.000000 1.000000 0.000000
vn 0.000000 1.000000 0.000000
vn 0.000000 1.000000 0.000000
vn 0.000000 -1.000000 -0.000000
vn 0.000000 -1.000000 -0.000000
vn 0.000000 -1.000000 -0.000000
vn 0.000000 -1.000000 -0.000000
vn 0.000000 -1.000000 -0.000000
vn 0.000000 -1.000000 -0.000000
vn 1.000000 0.000000 0.000000
vn 1.000000 0.000000 0.000000
vn 1.000000 0.000000 0.000000
vn 1.000000 0.000000 0.000000
vn 1.000000 0.000000 0.000000
vn -1.000000 0.000000 0.000000
vn -1.000000 0.000000 0.000000
vn -1.000000 0.000000 0.000000
vn -1.000000 0.000000 0.000000
vn -1.000000 0.000000 0.000000
vn 0.000000 1.000000 0.000000
vn 0.000000 1.000000 0.000000
vn 0.000000 1.000000 0.000000
vn 0.000000 1.000000 0.000000
vn 0.000000 1.000000 0.000000
vn 0.000000 1.000000 0.000000
vn 0.000000 1.000000 0.000000
vn 0.000000 1.000000 0.000000
vn 0.000000 1.000000 0.000000
vn 0.000000 1.000000 0.000000
vn 0.000000 -1.000000 -0.000000
vn 0.000000 -1.000000 -0.000000
vn 0.000000 -1.000000 -0.000000
vn 0.000000 -1.000000 -0.000000
vn 0.000000 -1.000000 -0.000000
vn 0.000000 -1.000000 -0.000000
vn 0.000000 -1.000000 -0.000000
vn 0.000000 -1.000000 -0.000000
vn 0.000000 -1.000000 -0.000000
vn 0.000000 -1.000000 -0.000000
vn 0.000000 -1.000000 -0.000000
vn 0.000000 -1.000000 -0.000000
vn 0.000000 -1.000000 -0.000000
vn 0.000000 0.000000 -1.000000
vn 0.000000 0.000000 -1.000000
vn 0.000000 0.000000 -1.000000
vn 0.000000 0.000000 -1.000000
vn 0.000000 0.000000 -1.000000
vn 0.000000 0.000000 -1.000000
vn 0.000000 1.000000 0.000000
vn 0.000000 1.000000 0.000000
vn 0.000000 1.000000 0.000000
vn 0.000000 1.000000 0.000000
vn 0.000000 1.000000 0.000000
vn 0.000000 1.000000 0.000000
vn 0.000000 1.000000 0.000000
vn 0.000000 1.000000 0.000000
vn 0.000000 1.000000 0.000000
vn 0.000000 1.000000 0.000000
vn 0.000000 1.000000 0.000000
vn 0.000000 1.000000 0.000000
vn 0.000000 1.000000 0.000000
vn 0.000000 1.000000 0.000000
vn 0.000000 1.000000 0.000000
vn 0.000000 -1.000000 -0.000000
vn 0.000000 -1.000000 -0.000000
vn 0.000000 -1.000000 -0.000000
vn 0.000000 0.000000 -1.000000
vn 0.000000 0.000000 -1.000000
vn 0.000000 0.000000 -1.000000
vn 0.000000 -1.000000 -0.000000
vn 0.000000 -1.000000 -0.000000
vn 0.000000 -1.000000 -0.000000
vn 0.000000 -1.000000 -0.000000
vn 0.000000 -1.000000 -0.000000
vn 0.000000 -1.000000 -0.000000
vn 0.000000 -1.000000 -0.000000
vn 0.000000 -1.000000 -0.000000
vn 0.000000 -1.000000 -0.000000
vn 0.000000 1.000000 0.000000
vn 0.000000 1.000000 0.000000
vn 0.000000 1.000000 0.000000
vn 0.000000 1.000000 0.000000
vn 0.000000 1.000000 0.000000
vn 0.000000 -1.000000 -0.000000
vn 0.000000 -1.000000 -0.000000
vn 0.000000 -1.000000 -0.000000
vn 0.000000 -1.000000 -0.000000
vn 0.000000 -1.000000 -0.000000
vn 0.000000 -1.000000 -0.000000
vn 0.000000 1.000000 0.000000
vn 0.000000 1.000000 0.000000
vn 0.000000 1.000000 0.000000
vn 0.000000 -1.000000 -0.000000
vn 0.000000 -1.000000 -0.000000
vn 0.000000 -1.000000 -0.000000
vn 0.000000 -1.000000 -0.000000
vn 0.000000 -1.000000 -0.000000
vn 0.000000 -1.000000 -0.000000
vn 1.000000 0.000000 0.000000
vn 1.000000 0.000000 0.000000
vn 1.000000 0.000000 0.000000
vn 1.000000 0.000000 0.000000
vn 1.000000 0.000000 0.000000
vn 0.000000 1.000000 0.000000
vn 0.000000 1.000000 0.000000
vn 0.000000 1.000000 0.000000
vn 0.000000 1.000000 0.000000
vn 0.000000 1.000000 0.000000
vn 0.000000 1.000000 0.000000
vn 0.000000 1.000000 0.000000
vn 0.000000 1.000000 0.000000
vn 0.000000 1.000000 0.000000
vn 0.000000 1.000000 0.000000
vn 0.000000 1.000000 0.000000
vn 0.000000 1.000000 0.000000
vn 0.000000 1.000000 0.000000
vn 0.000000 1.000000 0.000000
vn 0.000000 1.000000 0.000000
vn 0.000000 1.000000 0.000000
vn 0.000000 1.000000 0.000000
vn 0.000000 1.000000 0.000000
vn 0.000000 1.000000 0.000000
vn 0.000000 1.000000 0.000000
vn 0.000000 1.000000 0.000000
vn 0.000000 1.000000 0.000000
vn 0.000000 1.000000 0.000000
vn 0.000000 1.000000 0.000000
vn 0.000000 1.000000 0.000000
vn 0.000000 1.000000 0.000000
vn 0.000000 1.000000 0.000000
vn 0.000000 1.000000 0.000000
vn 0.000000 1.000000 0.000000
vn 0.000000 1.000000 0.000000
vn 0.000000 1.000000 0.000000
vn 0.000000 1.000000 0.000000
vn 0.000000 1.000000 0.000000
vn 0.000000 1.000000 0.000000
vn 0.000000 1.000000 0.000000
vn 0.000000 1.000000 0.000000
vn 0.000000 1.000000 0.000000
vn 0.000000 1.000000 0.000000
vn 0.000000 1.000000 0.000000
vn 0.000000 1.000000 0.000000
vn 0.000000 1.000000 0.000000
vn 0.000000 1.000000 0.000000
vn -1.000000 0.000000 0.000000
vn -1.000000 0.000000 0.000000
vn -1.000000 0.000000 0.000000
vn -1.000000 0.000000 0.000000
vn -1.000000 0.000000 0.000000
vn 0.000000 -1.000000 -0.000000
vn 0.000000 -1.000000 -0.000000
vn 0.000000 -1.000000 -0.000000
vn 0.000000 -1.000000 -0.000000
vn 0.000000 -1.000000 -0.000000
vn 0.000000 -1.000000 -0.000000
vn 0.000000 -1.000000 -0.000000
vn 0.000000 -1.000000 -0.000000
vn 0.000000 -1.000000 -0.000000
vn 0.000000 -1.000000 -0.000000
vn 0.000000 -1.000000 -0.000000
vn 0.000000 -1.000000 -0.000000
vn -1.000000 0.000000 0.000000
vn -1.000000 0.000000 0.000000
vn -1.000000 0.000000 0.000000
vn 0.000000 1.000000 0.000000
vn 0.000000 1.000000 0.000000
vn 0.000000 1.000000 0.000000
vn 0.000000 1.000000 0.000000
vn 0.000000 1.000000 0.000000
vn 0.000000 1.000000 0.000000
vn 0.000000 1.000000 0.000000
vn 0.000000 1.000000 0.000000
vn 0.000000 -1.000000 -0.000000
vn 0.000000 -1.000000 -0.000000
vn 0.000000 -1.000000 -0.000000
vn 0.000000 -1.000000 -0.000000
vn 0.000000 -1.000000 -0.000000
vn 0.000000 -1.000000 -0.000000
vn 0.000000 -1.000000 -0.000000
vn 0.000000 -1.000000 -0.000000
vn 0.000000 -1.000000 -0.000000
vn 0.000000 -1.000000 -0.000000
vn 0.000000 -1.000000 -0.000000
vn 0.000000 -1.000000 -0.000000
vn 0.000000 -1.000000 -0.000000
vn 0.000000 -1.000000 -0.000000
vn 0.000000 -1.000000 -0.000000
vn 0.000000 -1.000000 -0.000000
vn 0.000000 -1.000000 -0.000000
vn 0.000000 -1.000000 -0.000000
vn 0.000000 -1.000000 -0.000000
vn 0.000000 -1.000000 -0.000000
vn 0.000000 -1.000000 -0.000000
vn 0.000000 -1.000000 -0.000000
vn 0.000000 -1.000000 -0.000000
vn 0.000000 -1.000000 -0.000000
vn 0.000000 -1.000000 -0.000000
vn 0.000000 -1.000000 -0.000000
vn 0.000000 -1.000000 -0.000000
vn 0.000000 -1.000000 -0.000000
vn 0.000000 -1.000000 -0.000000
vn 0.000000 -1.000000 -0.000000
vn 0.000000 -1.000000 -0.000000
vn 0.000000 -1.000000 -0.000000
vn 0.000000 -1.000000 -0.000000
vn 0.000000 -1.000000 -0.000000
vn 0.000000 -1.000000 -0.000000
vn 0.000000 -1.000000 -0.000000
vn 0.000000 -1.000000 -0.000000
vn 0.000000 -1.000000 -0.000000
vn 0.000000 -1.000000 -0.000000
vn 0.000000 -1.000000 -0.000000
vn 0.000000 -1.000000 -0.000000
vn 0.000000 0.000000 -1.000000
vn 0.000000 0.000000 -1.000000
vn 0.000000 0.000000 -1.000000
vn 0.000000 0.000000 -1.000000
vn 0.000000 0.000000 -1.000000
vn 0.000000 0.000000 -1.000000
vn 0.000000 1.000000 0.000000
vn 0.000000 1.000000 0.000000
vn 0.000000 1.000000 0.000000
vn 0.000000 1.000000 0.000000
vn 0.000000 1.000000 0.000000
vn 0.000000 1.000000 0.000000
vn 0.000000 1.000000 0.000000
vn 0.000000 1.000000 0.000000
vn 0.000000 1.000000 0.000000
vn 0.000000 1.000000 0.000000
vn 0.000000 1.000000 0.000000
vn 0.000000 1.000000 0.000000
vn 0.000000 1.000000 0.000000
vn 0.000000 1.000000 0.000000
vn 0.000000 1.000000 0.000000
vn 0.000000 1.000000 0.000000
vn 0.000000 1.000000 0.000000
vn 0.000000 1.000000 0.000000
vn 0.000000 1.000000 0.000000
vn 0.000000 1.000000 0.000000
vn 0.000000 1.000000 0.000000
vn 0.000000 1.000000 0.000000
vn 0.000000 1.000000 0.000000
vn 0.000000 1.000000 0.000000
vn 0.000000 1.000000 0.000000
vn 0.000000 1.000000 0.000000
vn 0.000000 1.000000 0.000000
vn 0.000000 1.000000 0.000000
vn 0.000000 1.000000 0.000000
vn 0.000000 1.000000 0.000000
vn 0.000000 1.000000 0.000000
vn 0.000000 1.000000 0.000000
vn 0.000000 1.000000 0.000000
vn 0.000000 1.000000 0.000000
vn 0.000000 1.000000 0.000000
vn 0.000000 1.000000 0.000000
vn 0.000000 1.000000 0.000000
vn 0.000000 1.000000 0.000000
vn 0.000000 1.000000 0.000000
vn 0.000000 1.000000 0.000000
vn 0.000000 1.000000 0.000000
vn 0.000000 1.000000 0.000000
vn 0.000000 1.000000 0.000000
vn 0.000000 1.000000 0.000000
vn 0.000000 1.000000 0.000000
vn 0.000000 1.000000 0.000000
vn 0.000000 1.000000 0.000000
vn 0.000000 1.000000 0.000000
vn 0.000000 1.000000 0.000000
vn 0.000000 1.000000 0.000000
vn 0.000000 1.000000 0.000000
vn 0.000000 1.000000 0.000000
vn 0.000000 1.000000 0.000000
vn 0.000000 1.000000 0.000000
vn 0.000000 1.000000 0.000000
vn 0.000000 1.000000 0.000000
vn 0.000000 1.000000 0.000000
vn 0.000000 1.000000 0.000000
vn 0.000000 1.000000 0.000000
vn 0.000000 1.000000 0.000000
vn 0.000000 1.000000 0.000000
vn 0.000000 1.000000 0.000000
vn 0.000000 1.000000 0.000000
vn 0.000000 1.000000 0.000000
vn 0.000000 1.000000 0.000000
vn 0.000000 1.000000 0.000000
vn 0.000000 1.000000 0.000000
vn 0.000000 1.000000 0.000000
vn 0.000000 1.000000 0.000000
vn 0.000000 1.000000 0.000000
vn 0.000000 1.000000 0.000000
vn 0.000000 1.000000 0.000000
vn 0.000000 1.000000 0.000000
vn 0.000000 1.000000 0.000000
vn 0.000000 1.000000 0.000000
vn 0.000000 1.000000 0.000000
vn 0.000000 1.000000 0.000000
vn 0.000000 1.000000 0.000000
vn 0.000000 1.000000 0.000000
vn 0.000000 0.000000 -1.000000
vn 0.000000 0.000000 -1.000000
vn 0.000000 0.000000 -1.000000
vn 0.000000 0.000000 -1.000000
vn 0.000000 0.000000 -1.000000
vn 0.000000 0.000000 -1.000000
vn 0.000000 1.000000 0.000000
vn 0.000000 1.000000 0.000000
vn 0.000000 1.000000 0.000000
vn 1.000000 0.000000 0.000000
vn 1.000000 0.000000 0.000000
vn 1.000000 0.000000 0.000000
vn 0.000000 -0.000000 1.000000
vn 0.000000 -0.000000 1.000000
vn 0.000000 -0.000000 1.000000
vn 0.000000 -0.000000 1.000000
vn 0.000000 -0.000000 1.000000
vn 0.000000 -0.000000 1.000000
vn 0.000000 -0.000000 1.000000
vn 0.000000 -0.000000 1.000000
vn 0.000000 -0.000000 1.000000
vn 0.000000 -0.000000 1.000000
vn 0.000000 -0.000000 1.000000
vn 0.000000 -0.000000 1.000000
vn 0.000000 -0.000000 1.000000
vn 0.000000 -0.000000 1.000000
vn 0.000000 -0.000000 1.000000
vn 0.000000 1.000000 0.000000
vn 0.000000 1.000000 0.000000
vn 0.000000 1.000000 0.000000
vn 0.000000 1.000000 0.000000
vn 0.000000 1.000000 0.000000
vn 0.000000 1.000000 0.000000
vn 0.000000 -1.000000 -0.000000
vn 0.000000 -1.000000 -0.000000
vn 0.000000 -1.000000 -0.000000
vn 0.000000 -1.000000 -0.000000
vn 0.000000 -1.000000 -0.000000
vn 0.000000 -1.000000 -0.000000
vn 0.000000 -1.000000 -0.000000
vn 0.000000 -1.000000 -0.000000
vn 0.000000 -1.000000 -0.000000
vn 0.000000 -1.000000 -0.000000
vn 0.000000 -1.000000 -0.000000
vn 0.000000 -1.000000 -0.000000
vn 0.000000 -0.000000 1.000000
vn 0.000000 -0.000000 1.000000
vn 0.000000 -0.000000 1.000000
vn 0.000000 1.000000 0.000000
vn 0.000000 1.000000 0.000000
vn 0.000000 1.000000 0.000000
vn -1.000000 0.000000 0.000000
vn -1.000000 0.000000 0.000000
vn -1.000000 0.000000 0.000000
vn 0.000000 -0.000000 1.000000
vn 0.000000 -0.000000 1.000000
vn 0.000000 -0.000000 1.000000
vn -1.000000 0.000000 0.000000
vn -1.000000 0.000000 0.000000
vn -1.000000 0.000000 0.000000
vn -1.000000 0.000000 0.000000
vn -1.000000 0.000000 0.000000
vn -1.000000 0.000000 0.000000
vn 0.000000 -1.000000 -0.000000
vn 0.000000 -1.000000 -0.000000
vn 0.000000 -1.000000 -0.000000
vn 0.000000 -0.000000 1.000000
vn 0.000000 -0.000000 1.000000
vn 0.000000 -0.000000 1.000000
vn 0.000000 1.000000 0.000000
vn 0.000000 1.000000 0.000000
vn 0.000000 1.000000 0.000000
vn 0.000000 1.000000 0.000000
vn 0.000000 1.000000 0.000000
vn 0.000000 1.000000 0.000000
vn 0.000000 -1.000000 -0.000000
vn 0.000000 -1.000000 -0.000000
vn 0.000000 -1.000000 -0.000000
vn 0.000000 -1.000000 -0.000000
vn 0.000000 -1.000000 -0.000000
vn 0.000000 -1.000000 -0.000000
vn 1.000000 0.000000 0.000000
vn 1.000000 0.000000 0.000000
vn 1.000000 0.000000 0.000000
vn 0.000000 1.000000 0.000000
vn 0.000000 1.000000 0.000000
vn 0.000000 1.000000 0.000000
vn 0.000000 1.000000 0.000000
vn 0.000000 1.000000 0.000000
vn 0.000000 1.000000 0.000000
vn 0.000000 1.000000 0.000000
vn 0.000000 1.000000 0.000000
vn 0.000000 1.000000 0.000000
vn 0.000000 1.000000 0.000000
vn 0.000000 -1.000000 -0.000000
vn 0.000000 -1.000000 -0.000000
vn 0.000000 -1.000000 -0.000000
vn 0.000000 -1.000000 -0.000000
vn 0.000000 -1.000000 -0.000000
vn 0.000000 -1.000000 -0.000000
vn 0.000000 1.000000 0.000000
vn 0.000000 1.000000 0.000000
vn 0.000000 1.000000 0.000000
vn 0.000000 1.000000 0.000000
vn 0.000000 1.000000 0.000000
vn 0.000000 1.000000 0.000000
vn -1.000000 0.000000 0.000000
vn -1.000000 0.000000 0.000000
vn -1.000000 0.000000 0.000000
vn -1.000000 0.000000 0.000000
vn 0.000000 1.000000 0.000000
vn 0.000000 1.000000 0.000000
vn 0.000000 1.000000 0.000000
vn 0.000000 1.000000 0.000000
vn 0.000000 1.000000 0.000000
vn 1.000000 0.000000 0.000000
vn 1.000000 0.000000 0.000000
vn 1.000000 0.000000 0.000000
vn 1.000000 0.000000 0.000000
vn 1.000000 0.000000 0.000000
vn 1.000000 0.000000 0.000000
vn 1.000000 0.000000 0.000000
vn 1.000000 0.000000 0.000000
vn 1.000000 0.000000 0.000000
vn 1.000000 0.000000 0.000000
vn 1.000000 0.000000 0.000000
vn 1.000000 0.000000 0.000000
vn 1.000000 0.000000 0.000000
vn 1.000000 0.000000 0.000000
vn 1.000000 0.000000 0.000000
vn 1.000000 0.000000 0.000000
vn 0.000000 -0.000000 1.000000
vn 0.000000 -0.000000 1.000000
vn 0.000000 -0.000000 1.000000
vn 0.000000 -0.000000 1.000000
vn 0.000000 -0.000000 1.000000
vn 0.000000 -0.000000 1.000000
vn 0.000000 -0.000000 1.000000
vn 0.000000 -0.000000 1.000000
vn 1.000000 0.000000 0.000000
vn 1.000000 0.000000 0.000000
vn 1.000000 0.000000 0.000000
vn 1.000000 0.000000 0.000000
vn 0.000000 -0.000000 1.000000
vn 0.000000 -0.000000 1.000000
vn 0.000000 -0.000000 1.000000
vn 0.000000 -0.000000 1.000000
vn 0.000000 -0.000000 1.000000
vn 0.000000 -0.000000 1.000000
vn 0.000000 -0.000000 1.000000
vn 0.000000 -0.000000 1.000000
vn 0.000000 1.000000 0.000000
vn 0.000000 1.000000 0.000000
vn 0.000000 1.000000 0.000000
vn 0.000000 1.000000 0.000000
vn -1.000000 0.000000 0.000000
vn -1.000000 0.000000 0.000000
vn -1.000000 0.000000 0.000000
vn -1.000000 0.000000 0.000000
vn 1.000000 0.000000 0.000000
vn 1.000000 0.000000 0.000000
vn 1.000000 0.000000 0.000000
vn 1.000000 0.000000 0.000000
vn -1.000000 0.000000 0.000000
vn -1.000000 0.000000 0.000000
vn -1.000000 0.000000 0.000000
vn -1.000000 0.000000 0.000000
vn 0.000000 1.000000 0.000000
vn 0.000000 1.000000 0.000000
vn 0.000000 1.000000 0.000000
vn 0.000000 1.000000 0.000000
vn 0.000000 -0.000000 1.000000
vn 0.000000 -0.000000 1.000000
vn 0.000000 -0.000000 1.000000
vn 0.000000 -0.000000 1.000000
vn -1.000000 0.000000 0.000000
vn -1.000000 0.000000 0.000000
vn -1.000000 0.000000 0.000000
vn -1.000000 0.000000 0.000000
vn 0.000000 -0.000000 1.000000
vn 0.000000 -0.000000 1.000000
vn 0.000000 -0.000000 1.000000
vn 0.000000 -0.000000 1.000000
vn -1.000000 0.000000 0.000000
vn -1.000000 0.000000 0.000000
vn -1.000000 0.000000 0.000000
vn -1.000000 0.000000 0.000000
vn -1.000000 0.000000 0.000000
vn -1.000000 0.000000 0.000000
vn -1.000000 0.000000 0.000000
vn -1.000000 0.000000 0.000000
vn -1.000000 0.000000 0.000000
vn -1.000000 0.000000 0.000000
vn -1.000000 0.000000 0.000000
vn -1.000000 0.000000 0.000000
vn 0.000000 -1.000000 -0.000000
vn 0.000000 -1.000000 -0.000000
vn 0.000000 -1.000000 -0.000000
vn 0.000000 -1.000000 -0.000000
vn 0.000000 -1.000000 -0.000000
vn 0.000000 -0.000000 1.000000
vn 0.000000 -0.000000 1.000000
vn 0.000000 -0.000000 1.000000
vn 0.000000 -0.000000 1.000000
vn 1.000000 0.000000 0.000000
vn 1.000000 0.000000 0.000000
vn 1.000000 0.000000 0.000000
vn 1.000000 0.000000 0.000000
vn 0.000000 0.000000 -1.000000
vn 0.000000 0.000000 -1.000000
vn 0.000000 0.000000 -1.000000
vn 0.000000 0.000000 -1.000000
vn 0.000000 0.000000 -1.000000
vn 0.000000 0.000000 -1.000000
vn 0.000000 0.000000 -1.000000
vn 0.000000 0.000000 -1.000000
vn 0.000000 0.000000 -1.000000
vn 0.000000 0.000000 -1.000000
vn 0.000000 0.000000 -1.000000
vn 0.000000 0.000000 -1.000000
vn 0.000000 0.000000 -1.000000
vn 0.000000 0.000000 -1.000000
vn 0.000000 0.000000 -1.000000
vn 0.000000 0.000000 -1.000000
vn 0.000000 -1.000000 -0.000000
vn 0.000000 -1.000000 -0.000000
vn 0.000000 -1.000000 -0.000000
vn 0.000000 -1.000000 -0.000000
vn 0.910985 0.000000 -0.412439
vn 0.910985 0.000000 -0.412439
vn 0.910985 0.000000 -0.412439
vn 0.910985 0.000000 -0.412439
vn 0.000000 0.000000 -1.000000
vn 0.000000 0.000000 -1.000000
vn 0.000000 0.000000 -1.000000
vn 0.000000 0.000000 -1.000000
vn -0.919382 0.000000 -0.393366
vn -0.919382 0.000000 -0.393366
vn -0.919382 0.000000 -0.393365
vn -0.919382 0.000000 -0.393366
vn 0.000000 0.000000 -1.000000
vn 0.000000 0.000000 -1.000000
vn 0.000000 0.000000 -1.000000
vn 0.000000 0.000000 -1.000000
vn 0.919631 -0.000000 0.392785
vn 0.919631 -0.000000 0.392785
vn 0.919631 -0.000000 0.392784
vn 0.919630 -0.000000 0.392785
vn 0.000000 -0.000000 1.000000
vn 0.000000 -0.000000 1.000000
vn 0.000000 -0.000000 1.000000
vn 0.000000 -0.000000 1.000000
vn -0.913756 -0.000000 0.406264
vn -0.913756 -0.000000 0.406264
vn -0.913756 -0.000000 0.406264
vn -0.913756 -0.000000 0.406264
vn 0.000000 0.000000 -1.000000
vn 0.000000 0.000000 -1.000000
vn 0.000000 0.000000 -1.000000
vn 0.000000 0.000000 -1.000000
vn 0.913506 0.000000 -0.406826
vn 0.913506 0.000000 -0.406826
vn 0.913505 0.000000 -0.406827
vn 0.913506 0.000000 -0.406826
vn -0.924291 0.000000 -0.381689
vn -0.924291 0.000000 -0.381689
vn -0.924291 0.000000 -0.381688
vn -0.924291 0.000000 -0.381689
vn 0.000000 -0.000000 1.000000
vn 0.000000 -0.000000 1.000000
vn 0.000000 -0.000000 1.000000
vn 0.000000 -0.000000 1.000000
vn 1.000000 0.000000 0.000000
vn 1.000000 0.000000 0.000000
vn 1.000000 0.000000 0.000000
vn 1.000000 0.000000 0.000000
vn 0.000000 -0.000000 1.000000
vn 0.000000 -0.000000 1.000000
vn 0.000000 -0.000000 1.000000
vn 0.000000 -0.000000 1.000000
vn -1.000000 0.000000 0.000000
vn -1.000000 0.000000 0.000000
vn -1.000000 0.000000 0.000000
vn -1.000000 0.000000 0.000000
vn 0.000000 0.000000 -1.000000
vn 0.000000 0.000000 -1.000000
vn 0.000000 0.000000 -1.000000
vn 0.000000 0.000000 -1.000000
vn 0.707109 -0.000000 0.707105
vn 0.707109 -0.000000 0.707105
vn 0.707109 -0.000000 0.707105
vn 0.707109 -0.000000 0.707105
vn -0.707105 -0.000000 0.707108
vn -0.707105 -0.000000 0.707108
vn -0.707105 -0.000000 0.707108
vn -0.707105 -0.000000 0.707108
vn -0.707109 0.000000 -0.707104
vn -0.707109 0.000000 -0.707104
vn -0.707109 0.000000 -0.707104
vn -0.707109 0.000000 -0.707104
vn 0.707105 0.000000 -0.707109
vn 0.707105 0.000000 -0.707109
vn 0.707105 0.000000 -0.707109
vn 0.707105 0.000000 -0.707109
vn 0.348133 -0.000000 0.937445
vn 0.000000 -0.000000 1.000000
vn 0.348133 -0.000000 0.937445
vn 0.000000 -0.000000 1.000000
vn 0.348133 -0.000000 0.937445
vn 0.652711 -0.000000 0.757607
vn 0.652711 -0.000000 0.757607
vn 0.348133 -0.000000 0.937445
vn -0.437097 -0.000000 0.899414
vn -0.437097 -0.000000 0.899414
vn -0.437098 -0.000000 0.899414
vn -0.437096 -0.000000 0.899415
vn -0.853557 0.000000 -0.520999
vn -0.853557 0.000000 -0.520999
vn -0.853558 0.000000 -0.520998
vn -0.853557 0.000000 -0.521000
vn 0.468375 0.000000 -0.883530
vn 0.468375 0.000000 -0.883530
vn 0.468375 0.000000 -0.883530
vn 0.468375 0.000000 -0.883530
vn -0.944653 0.000000 -0.328072
vn -0.784738 0.000000 -0.619827
vn -0.944653 0.000000 -0.328072
vn -0.784738 0.000000 -0.619827
vn -0.944653 0.000000 -0.328072
vn -1.000000 0.000000 0.000000
vn -1.000000 0.000000 0.000000
vn -0.944653 0.000000 -0.328072
vn 0.000000 0.000000 -1.000000
vn 0.000000 0.000000 -1.000000
vn 0.000000 0.000000 -1.000000
vn 0.000000 0.000000 -1.000000
vn 1.000000 0.000000 0.000000
vn 1.000000 0.000000 0.000000
vn 1.000000 0.000000 0.000000
vn 1.000000 0.000000 0.000000
vn 0.000000 -0.000000 1.000000
vn 0.000000 -0.000000 1.000000
vn 0.000000 -0.000000 1.000000
vn 0.000000 -0.000000 1.000000
vn -1.000000 0.000000 0.000000
vn -1.000000 0.000000 0.000000
vn -1.000000 0.000000 0.000000
vn -1.000000 0.000000 0.000000
vn 1.000000 0.000000 0.000000
vn 1.000000 0.000000 0.000000
vn 1.000000 0.000000 0.000000
vn 1.000000 0.000000 0.000000
vn -0.358568 -0.000000 0.933504
vn 0.000000 -0.000000 1.000000
vn -0.358568 -0.000000 0.933504
vn 0.000000 -0.000000 1.000000
vn -0.358568 -0.000000 0.933504
vn -0.669449 -0.000000 0.742858
vn -0.669450 -0.000000 0.742857
vn -0.358568 -0.000000 0.933504
vn -0.710189 0.000000 -0.704011
vn -0.710189 0.000000 -0.704011
vn -0.710190 0.000000 -0.704011
vn -0.710189 0.000000 -0.704011
vn 0.216927 0.000000 -0.976188
vn 0.216927 0.000000 -0.976188
vn 0.216927 0.000000 -0.976188
vn 0.216927 0.000000 -0.976188
vn -1.000000 0.000000 0.000000
vn -1.000000 0.000000 0.000000
vn -1.000000 0.000000 0.000000
vn -1.000000 0.000000 0.000000
vn 0.000000 0.000000 -1.000000
vn 0.000000 0.000000 -1.000000
vn 0.000000 0.000000 -1.000000
vn 0.000000 0.000000 -1.000000
vn 0.726080 -0.000000 0.687610
vn 0.726080 -0.000000 0.687610
vn 0.726080 -0.000000 0.687610
vn 0.726080 -0.000000 0.687610
vn 0.709515 0.000000 -0.704691
vn 0.709515 0.000000 -0.704691
vn 0.709515 0.000000 -0.704691
vn 0.709515 0.000000 -0.704691
vn 0.000000 0.000000 -1.000000
vn 0.000000 0.000000 -1.000000
vn 0.000000 0.000000 -1.000000
vn 0.000000 0.000000 -1.000000
vn -1.000000 0.000000 0.000000
vn -1.000000 0.000000 0.000000
vn -1.000000 0.000000 0.000000
vn -1.000000 0.000000 0.000000
vn -0.231619 -0.000000 0.972807
vn -0.231619 -0.000000 0.972807
vn -0.231617 -0.000000 0.972807
vn -0.231621 -0.000000 0.972806
vn 0.708592 0.000000 -0.705618
vn 0.708592 0.000000 -0.705618
vn 0.708592 0.000000 -0.705618
vn 0.708592 0.000000 -0.705618
vn 0.694867 -0.000000 0.719139
vn 0.694867 -0.000000 0.719139
vn 0.694867 -0.000000 0.719139
vn 0.694867 -0.000000 0.719139
vn -0.685830 -0.000000 0.727762
vn -0.685830 -0.000000 0.727762
vn -0.685830 -0.000000 0.727762
vn -0.685830 -0.000000 0.727762
vn -0.699720 0.000000 -0.714417
vn -0.699720 0.000000 -0.714417
vn -0.699720 0.000000 -0.714417
vn -0.699720 0.000000 -0.714417
vn 0.716173 -0.000000 0.697923
vn 0.716173 -0.000000 0.697923
vn 0.716173 -0.000000 0.697923
vn 0.716173 -0.000000 0.697923
vn 0.700070 0.000000 -0.714074
vn 0.700070 0.000000 -0.714074
vn 0.700070 0.000000 -0.714074
vn 0.700070 0.000000 -0.714074
vn -0.716662 0.000000 -0.697421
vn -0.716662 0.000000 -0.697421
vn -0.716662 0.000000 -0.697421
vn -0.716662 0.000000 -0.697421
vn -0.736766 -0.000000 0.676148
vn -0.736766 -0.000000 0.676148
vn -0.736766 -0.000000 0.676148
vn -0.736766 -0.000000 0.676148
vn 0.230330 -0.000000 0.973112
vn 0.000000 -0.000000 1.000000
vn 0.460661 -0.000000 0.887576
vn 0.000000 -0.000000 1.000000
vn 0.652711 -0.000000 0.757607
vn 0.460661 -0.000000 0.887576
vn 0.652712 -0.000000 0.757606
vn 0.230330 -0.000000 0.973112
vn -0.437097 -0.000000 0.899414
vn -0.437097 -0.000000 0.899414
vn -0.437098 -0.000000 0.899414
vn -0.437096 -0.000000 0.899415
vn -0.853557 0.000000 -0.521000
vn -0.853557 0.000000 -0.521000
vn -0.853557 0.000000 -0.521000
vn -0.853557 0.000000 -0.521000
vn 0.468375 0.000000 -0.883530
vn 0.468375 0.000000 -0.883530
vn 0.468375 0.000000 -0.883530
vn 0.468375 0.000000 -0.883530
vn -0.944653 0.000000 -0.328071
vn -0.784739 0.000000 -0.619827
vn -0.944653 0.000000 -0.328072
vn -0.784739 0.000000 -0.619826
vn -0.944653 0.000000 -0.328071
vn -1.000000 0.000000 0.000000
vn -1.000000 0.000000 0.000000
vn -0.944653 0.000000 -0.328072
vn 0.000000 0.000000 -1.000000
vn 0.000000 0.000000 -1.000000
vn 0.000000 0.000000 -1.000000
vn 0.000000 0.000000 -1.000000
vn 1.000000 0.000000 0.000000
vn 1.000000 0.000000 0.000000
vn 1.000000 0.000000 0.000000
vn 1.000000 0.000000 0.000000
vn 0.000000 -0.000000 1.000000
vn 0.000000 -0.000000 1.000000
vn 0.000000 -0.000000 1.000000
vn 0.000000 -0.000000 1.000000
vn -1.000000 0.000000 0.000000
vn -1.000000 0.000000 0.000000
vn -1.000000 0.000000 0.000000
vn -1.000000 0.000000 0.000000
vn -1.000000 0.000000 0.000000
vn -1.000000 0.000000 0.000000
vn -1.000000 0.000000 0.000000
vn -1.000000 0.000000 0.000000
vn 0.000000 0.000000 -1.000000
vn 0.000000 0.000000 -1.000000
vn 0.000000 0.000000 -1.000000
vn 0.000000 0.000000 -1.000000
vn -1.000000 0.000000 0.000000
vn -0.929569 -0.000000 0.368648
vn -0.929569 -0.000000 0.368648
vn -1.000000 0.000000 0.000000
vn -0.728197 -0.000000 0.685368
vn -0.929569 -0.000000 0.368648
vn -0.728197 -0.000000 0.685368
vn -0.929569 -0.000000 0.368648
vn 0.310577 -0.000000 0.950548
vn 0.310577 -0.000000 0.950548
vn 0.310577 -0.000000 0.950548
vn 0.310577 -0.000000 0.950548
vn -1.000000 0.000000 0.000000
vn -1.000000 0.000000 0.000000
vn -1.000000 0.000000 0.000000
vn -1.000000 0.000000 0.000000
vn -0.267645 0.000000 -0.963518
vn -0.267645 0.000000 -0.963518
vn -0.267646 0.000000 -0.963517
vn -0.267643 0.000000 -0.963518
vn 0.694681 0.000000 -0.719318
vn 0.694681 0.000000 -0.719318
vn 0.694681 0.000000 -0.719318
vn 0.694680 0.000000 -0.719318
vn 1.000000 0.000000 0.000000
vn 1.000000 0.000000 0.000000
vn 1.000000 0.000000 0.000000
vn 1.000000 0.000000 0.000000
vn 0.000000 0.000000 -1.000000
vn 0.000000 0.000000 -1.000000
vn 0.000000 0.000000 -1.000000
vn 0.000000 0.000000 -1.000000
vn 1.000000 0.000000 0.000000
vn 1.000000 0.000000 0.000000
vn 1.000000 0.000000 0.000000
vn 1.000000 0.000000 0.000000
vn 0.698486 -0.000000 0.715624
vn 0.698486 -0.000000 0.715624
vn 0.698486 -0.000000 0.715624
vn 0.698486 -0.000000 0.715624
vn -1.000000 0.000000 0.000000
vn -1.000000 0.000000 0.000000
vn -1.000000 0.000000 0.000000
vn -1.000000 0.000000 0.000000
vn 0.000000 -0.000000 1.000000
vn 0.000000 -0.000000 1.000000
vn 0.000000 -0.000000 1.000000
vn 0.000000 -0.000000 1.000000
vn 1.000000 0.000000 0.000000
vn 1.000000 0.000000 0.000000
vn 1.000000 0.000000 0.000000
vn 1.000000 0.000000 0.000000
vn 0.000000 -1.000000 -0.000000
vn 0.000000 -1.000000 -0.000000
vn 0.000000 -1.000000 -0.000000
vn 0.000000 -1.000000 -0.000000
vn -1.000000 0.000000 0.000000
vn -1.000000 0.000000 0.000000
vn -1.000000 0.000000 0.000000
vn -1.000000 0.000000 0.000000
vn 0.000000 0.000000 -1.000000
vn 0.000000 0.000000 -1.000000
vn 0.000000 0.000000 -1.000000
vn 0.000000 0.000000 -1.000000
vn 0.000000 0.000000 -1.000000
vn 0.000000 0.000000 -1.000000
vn 0.000000 0.000000 -1.000000
vn 0.000000 0.000000 -1.000000
vn 0.000000 -0.000000 1.000000
vn 0.000000 -0.000000 1.000000
vn 0.000000 -0.000000 1.000000
vn 0.000000 -0.000000 1.000000
vn 1.000000 0.000000 0.000000
vn 1.000000 0.000000 0.000000
vn 1.000000 0.000000 0.000000
vn 1.000000 0.000000 0.000000
vn 1.000000 0.000000 0.000000
vn 1.000000 0.000000 0.000000
vn 1.000000 0.000000 0.000000
vn 1.000000 0.000000 0.000000
vn 1.000000 0.000000 0.000000
vn 1.000000 0.000000 0.000000
vn 1.000000 0.000000 0.000000
vn 1.000000 0.000000 0.000000
vn 0.000000 1.000000 0.000000
vn 0.000000 1.000000 0.000000
vn 0.000000 1.000000 0.000000
vn 0.000000 1.000000 0.000000
vn 1.000000 0.000000 0.000000
vn 1.000000 0.000000 0.000000
vn 1.000000 0.000000 0.000000
vn 1.000000 0.000000 0.000000
vn 1.000000 0.000000 0.000000
vn 1.000000 0.000000 0.000000
vn 1.000000 0.000000 0.000000
vn 1.000000 0.000000 0.000000
vn -1.000000 0.000000 0.000000
vn -1.000000 0.000000 0.000000
vn -1.000000 0.000000 0.000000
vn -1.000000 0.000000 0.000000
vn 0.000000 0.000000 -1.000000
vn 0.000000 0.000000 -1.000000
vn 0.000000 0.000000 -1.000000
vn 0.000000 0.000000 -1.000000
vn 0.000000 0.000000 -1.000000
vn 0.000000 0.000000 -1.000000
vn 0.000000 0.000000 -1.000000
vn 0.000000 0.000000 -1.000000
vn 0.000000 0.000000 -1.000000
vn 0.000000 0.000000 -1.000000
vn 0.000000 0.000000 -1.000000
vn 0.000000 0.000000 -1.000000
vn -1.000000 0.000000 0.000000
vn -1.000000 0.000000 0.000000
vn -1.000000 0.000000 0.000000
vn -1.000000 0.000000 0.000000
vn 0.000000 1.000000 0.000000
vn 0.000000 1.000000 0.000000
vn 0.000000 1.000000 0.000000
vn 0.000000 1.000000 0.000000
vn 1.000000 0.000000 0.000000
vn 1.000000 0.000000 0.000000
vn 1.000000 0.000000 0.000000
vn 1.000000 0.000000 0.000000
vn 0.000000 0.000000 -1.000000
vn 0.000000 0.000000 -1.000000
vn 0.000000 0.000000 -1.000000
vn 0.000000 0.000000 -1.000000
vn 0.000000 -0.000000 1.000000
vn 0.000000 -0.000000 1.000000
vn 0.000000 -0.000000 1.000000
vn 0.000000 -0.000000 1.000000
vn 0.000000 -0.000000 1.000000
vn 0.000000 -0.000000 1.000000
vn 0.000000 -0.000000 1.000000
vn 0.000000 -0.000000 1.000000
vn 0.000000 1.000000 0.000000
vn 0.000000 1.000000 0.000000
vn 0.000000 1.000000 0.000000
vn 0.000000 1.000000 0.000000
vn 0.000000 1.000000 0.000000
vn 0.000000 1.000000 0.000000
vn 0.000000 1.000000 0.000000
vn 0.000000 1.000000 0.000000
vn 0.000000 1.000000 0.000000
vn -1.000000 0.000000 0.000000
vn -1.000000 0.000000 0.000000
vn -1.000000 0.000000 0.000000
vn -1.000000 0.000000 0.000000
vn -1.000000 0.000000 0.000000
vn -1.000000 0.000000 0.000000
vn -1.000000 0.000000 0.000000
vn -1.000000 0.000000 0.000000
vn 1.000000 0.000000 0.000000
vn 1.000000 0.000000 0.000000
vn 1.000000 0.000000 0.000000
vn 1.000000 0.000000 0.000000
vn 0.000000 -0.000000 1.000000
vn 0.000000 -0.000000 1.000000
vn 0.000000 -0.000000 1.000000
vn 0.000000 -0.000000 1.000000
vn 0.000000 1.000000 0.000000
vn 0.000000 1.000000 0.000000
vn 0.000000 1.000000 0.000000
vn 0.000000 1.000000 0.000000
vn -1.000000 0.000000 0.000000
vn -1.000000 0.000000 0.000000
vn -1.000000 0.000000 0.000000
vn -1.000000 0.000000 0.000000
vn 0.000000 0.000000 -1.000000
vn 0.000000 0.000000 -1.000000
vn 0.000000 0.000000 -1.000000
vn 0.000000 0.000000 -1.000000
vn -1.000000 0.000000 0.000000
vn -1.000000 0.000000 0.000000
vn -1.000000 0.000000 0.000000
vn -1.000000 0.000000 0.000000
vn 0.000000 0.000000 -1.000000
vn 0.000000 0.000000 -1.000000
vn 0.000000 0.000000 -1.000000
vn 0.000000 0.000000 -1.000000
vn 0.000000 -0.000000 1.000000
vn 0.000000 -0.000000 1.000000
vn 0.000000 -0.000000 1.000000
vn 0.000000 -0.000000 1.000000
vn -1.000000 0.000000 0.000000
vn -1.000000 0.000000 0.000000
vn -1.000000 0.000000 0.000000
vn -1.000000 0.000000 0.000000
vn -1.000000 0.000000 0.000000
vn -1.000000 0.000000 0.000000
vn -1.000000 0.000000 0.000000
vn -1.000000 0.000000 0.000000
vn 1.000000 0.000000 0.000000
vn 1.000000 0.000000 0.000000
vn 1.000000 0.000000 0.000000
vn 1.000000 0.000000 0.000000
vn -1.000000 0.000000 0.000000
vn -1.000000 0.000000 0.000000
vn -1.000000 0.000000 0.000000
vn -1.000000 0.000000 0.000000
vn -1.000000 0.000000 0.000000
vn -1.000000 0.000000 0.000000
vn -1.000000 0.000000 0.000000
vn -1.000000 0.000000 0.000000
vn 1.000000 0.000000 0.000000
vn 1.000000 0.000000 0.000000
vn 1.000000 0.000000 0.000000
vn 1.000000 0.000000 0.000000
vn 1.000000 0.000000 0.000000
vn 1.000000 0.000000 0.000000
vn 1.000000 0.000000 0.000000
vn 1.000000 0.000000 0.000000
vn 0.000000 0.000000 -1.000000
vn 0.000000 0.000000 -1.000000
vn 0.000000 0.000000 -1.000000
vn 0.000000 0.000000 -1.000000
vn 0.000000 -0.000000 1.000000
vn 0.000000 -0.000000 1.000000
vn 0.000000 -0.000000 1.000000
vn 0.000000 -0.000000 1.000000
vn 0.000000 -0.000000 1.000000
vn 0.000000 -0.000000 1.000000
vn 0.000000 -0.000000 1.000000
vn 0.000000 -0.000000 1.000000
vn 0.000000 1.000000 0.000000
vn 0.000000 1.000000 0.000000
vn 0.000000 1.000000 0.000000
vn 0.000000 1.000000 0.000000
vn 0.000000 1.000000 0.000000
vn 0.000000 1.000000 0.000000
vn 0.000000 1.000000 0.000000
vn 0.000000 1.000000 0.000000
vn 0.000000 -1.000000 -0.000000
vn 0.000000 -1.000000 -0.000000
vn 0.000000 -1.000000 -0.000000
vn 0.000000 -1.000000 -0.000000
vn 1.000000 0.000000 0.000000
vn 1.000000 0.000000 0.000000
vn 1.000000 0.000000 0.000000
vn 1.000000 0.000000 0.000000
vn -1.000000 0.000000 0.000000
vn -1.000000 0.000000 0.000000
vn -1.000000 0.000000 0.000000
vn -1.000000 0.000000 0.000000
vn -1.000000 0.000000 0.000000
vn -1.000000 0.000000 0.000000
vn -1.000000 0.000000 0.000000
vn -1.000000 0.000000 0.000000
vn 0.000000 -0.000000 1.000000
vn 0.000000 -0.000000 1.000000
vn 0.000000 -0.000000 1.000000
vn 0.000000 -0.000000 1.000000
vn 1.000000 0.000000 0.000000
vn 1.000000 0.000000 0.000000
vn 1.000000 0.000000 0.000000
vn 1.000000 0.000000 0.000000
vn 0.000000 0.000000 -1.000000
vn 0.000000 0.000000 -1.000000
vn 0.000000 0.000000 -1.000000
vn 0.000000 0.000000 -1.000000
vn 0.000000 0.000000 -1.000000
vn 0.000000 0.000000 -1.000000
vn 0.000000 0.000000 -1.000000
vn 0.000000 0.000000 -1.000000
vn 0.000000 0.000000 -1.000000
vn 0.000000 0.000000 -1.000000
vn 0.000000 0.000000 -1.000000
vn 0.000000 0.000000 -1.000000
vn 0.000000 1.000000 0.000000
vn 0.000000 1.000000 0.000000
vn 0.000000 1.000000 0.000000
vn 0.000000 1.000000 0.000000
vn 0.000000 1.000000 0.000000
vn 0.000000 1.000000 0.000000
vn 0.000000 1.000000 0.000000
vn 0.000000 1.000000 0.000000
vn 0.000000 1.000000 0.000000
vn 0.000000 1.000000 0.000000
vn 0.000000 1.000000 0.000000
vn 0.000000 1.000000 0.000000
vn 0.000000 1.000000 0.000000
vn 0.000000 1.000000 0.000000
vn 0.000000 1.000000 0.000000
vn 0.000000 1.000000 0.000000
vn 0.000000 1.000000 0.000000
vn 1.000000 0.000000 0.000000
vn 1.000000 0.000000 0.000000
vn 1.000000 0.000000 0.000000
vn 1.000000 0.000000 0.000000
vn 0.000000 1.000000 0.000000
vn 0.000000 1.000000 0.000000
vn 0.000000 1.000000 0.000000
vn 0.000000 1.000000 0.000000
vn 0.000000 1.000000 0.000000
vn 0.000000 1.000000 0.000000
vn 0.000000 1.000000 0.000000
vn 0.000000 1.000000 0.000000
vn 0.000000 1.000000 0.000000
vn 0.000000 1.000000 0.000000
vn 0.000000 1.000000 0.000000
vn 0.000000 -0.000000 1.000000
vn 0.000000 -0.000000 1.000000
vn 0.000000 -0.000000 1.000000
vn 0.000000 -0.000000 1.000000
vn 0.000000 -0.000000 1.000000
vn 0.000000 -0.000000 1.000000
vn 0.000000 -0.000000 1.000000
vn 0.000000 -0.000000 1.000000
vn 0.000000 -0.000000 1.000000
vn 0.000000 -0.000000 1.000000
vn 0.000000 -0.000000 1.000000
vn 0.000000 -0.000000 1.000000
vn 0.000000 -0.000000 1.000000
vn 0.000000 -0.000000 1.000000
vn 0.000000 -0.000000 1.000000
vn 0.000000 -0.000000 1.000000
vn 0.000000 -0.000000 1.000000
vn 0.000000 -0.000000 1.000000
vn 0.000000 -1.000000 -0.000000
vn 0.000000 -1.000000 -0.000000
vn 0.000000 -1.000000 -0.000000
vn 0.000000 -1.000000 -0.000000
vn 0.000000 -1.000000 -0.000000
vn 0.000000 -1.000000 -0.000000
vn 0.000000 -1.000000 -0.000000
vn 0.000000 -1.000000 -0.000000
vn 0.000000 -1.000000 -0.000000
vn 0.000000 -1.000000 -0.000000
vn 0.000000 -1.000000 -0.000000
vn 0.000000 -1.000000 -0.000000
vn 0.000000 -1.000000 -0.000000
vn 0.000000 -1.000000 -0.000000
vn 0.000000 -1.000000 -0.000000
vn 0.000000 -1.000000 -0.000000
vn 0.000000 -1.000000 -0.000000
vn 0.000000 -1.000000 -0.000000
vn 0.000000 -1.000000 -0.000000
vn 0.000000 -1.000000 -0.000000
vn 0.000000 -1.000000 -0.000000
vn 0.000000 -1.000000 -0.000000
vn 0.000000 -1.000000 -0.000000
vn 0.000000 -1.000000 -0.000000
vn 0.000000 -1.000000 -0.000000
vn 0.000000 -1.000000 -0.000000
vn 0.000000 -1.000000 -0.000000
vn 0.000000 -1.000000 -0.000000
vn 0.000000 -1.000000 -0.000000
vn 0.000000 -1.000000 -0.000000
vn 0.000000 -1.000000 -0.000000
vn 0.000000 -1.000000 -0.000000
vn 0.000000 -1.000000 -0.000000
vn 0.000000 0.000000 -1.000000
vn 0.000000 0.000000 -1.000000
vn 0.000000 0.000000 -1.000000
vn 0.000000 0.000000 -1.000000
vn 0.000000 0.000000 -1.000000
vn 0.000000 0.000000 -1.000000
vn 0.000000 1.000000 0.000000
vn 0.000000 1.000000 0.000000
vn 0.000000 1.000000 0.000000
vn 0.000000 1.000000 0.000000
vn 0.000000 1.000000 0.000000
vn 0.000000 1.000000 0.000000
vn 0.000000 1.000000 0.000000
vn 0.000000 1.000000 0.000000
vn 0.000000 1.000000 0.000000
vn 0.000000 1.000000 0.000000
vn 0.000000 1.000000 0.000000
vn 0.000000 1.000000 0.000000
vn 0.000000 1.000000 0.000000
vn 0.000000 1.000000 0.000000
vn 0.000000 1.000000 0.000000
vn 0.000000 1.000000 0.000000
vn 0.000000 1.000000 0.000000
vn 0.000000 1.000000 0.000000
vn 0.000000 1.000000 0.000000
vn 0.000000 1.000000 0.000000
vn 0.000000 1.000000 0.000000
vn 0.000000 1.000000 0.000000
vn 0.000000 1.000000 0.000000
vn 0.000000 1.000000 0.000000
vn 0.000000 1.000000 0.000000
vn 0.000000 1.000000 0.000000
vn 0.000000 -1.000000 -0.000000
vn 0.000000 -1.000000 -0.000000
vn 0.000000 -1.000000 -0.000000
vn 0.000000 -1.000000 -0.000000
vn 0.000000 -0.000000 1.000000
vn 0.000000 -0.000000 1.000000
vn 0.000000 -0.000000 1.000000
vn 0.000000 -0.000000 1.000000
vn 0.000000 -0.000000 1.000000
vn 0.000000 -0.000000 1.000000
vn 0.000000 -0.000000 1.000000
vn 0.000000 -0.000000 1.000000
vn 0.000000 1.000000 0.000000
vn 0.000000 1.000000 0.000000
vn 0.000000 1.000000 0.000000
vn 0.000000 1.000000 0.000000
vn 0.000000 1.000000 0.000000
vn 0.000000 1.000000 0.000000
vn 0.000000 1.000000 0.000000
vn 0.000000 1.000000 0.000000
vn 0.000000 0.000000 -1.000000
vn 0.000000 0.000000 -1.000000
vn 0.000000 0.000000 -1.000000
vn 0.000000 0.000000 -1.000000
vn 0.000000 0.000000 -1.000000
vn 0.000000 1.000000 0.000000
vn 0.000000 1.000000 0.000000
vn 0.000000 1.000000 0.000000
vn 0.000000 1.000000 0.000000
vn 0.000000 -1.000000 -0.000000
vn 0.000000 -1.000000 -0.000000
vn 0.000000 -1.000000 -0.000000
vn 0.000000 -1.000000 -0.000000
vn 0.000000 0.000000 -1.000000
vn 0.000000 0.000000 -1.000000
vn 0.000000 0.000000 -1.000000
vn 0.000000 0.000000 -1.000000
vn 0.000000 -1.000000 -0.000000
vn 0.000000 -1.000000 -0.000000
vn 0.000000 -1.000000 -0.000000
vn 0.000000 -1.000000 -0.000000
vn 0.000000 1.000000 0.000000
vn 0.000000 1.000000 0.000000
vn 0.000000 1.000000 0.000000
vn 0.000000 1.000000 0.000000
f 3/3/3 2/2/2 1/1/1
f 5/5/5 2/2/2 4/4/4
f 5/5/5 4/4/4 6/6/6
f 7/7/7 6/6/6 4/4/4
f 5/5/5 9/9/9 8/8/8
f 11/11/11 8/8/8 10/10/10
f 14/14/14 13/13/13 12/12/12
f 16/16/16 12/12/12 15/15/15
f 17/17/17 16/16/16 15/15/15
f 20/20/20 19/19/19 18/18/18
f 22/22/22 21/21/21 18/18/18
f 25/25/25 24/24/24 23/23/23
f 27/27/27 26/26/26 23/23/23
f 30/30/30 29/29/29 28/28/28
f 32/32/32 29/29/29 31/31/31
f 34/34/34 32/32/32 33/33/33
f 36/36/36 31/31/31 35/35/35
f 37/37/37 36/36/36 35/35/35
f 40/40/40 39/39/39 38/38/38
f 40/40/40 42/42/42 41/41/41
f 42/42/42 44/44/44 43/43/43
f 47/47/47 46/46/46 45/45/45
f 49/49/49 47/47/47 48/48/48
f 50/50/50 47/47/47 49/49/49
f 53/53/53 52/52/52 51/51/51
f 56/56/56 55/55/55 54/54/54
f 59/59/59 58/58/58 57/57/57
f 62/62/62 61/61/61 60/60/60
f 65/65/65 64/64/64 63/63/63
f 68/68/68 67/67/67 66/66/66
f 71/71/71 70/70/70 69/69/69
f 74/74/74 73/73/73 72/72/72
f 77/77/77 76/76/76 75/75/75
f 80/80/80 79/79/79 78/78/78
f 78/78/78 82/82/82 81/81/81
f 82/82/82 83/83/83 81/81/81
f 81/81/81 83/83/83 84/84/84
f 83/83/83 85/85/85 84/84/84
f 86/86/86 84/84/84 85/85/85
f 89/89/89 88/88/88 87/87/87
f 89/89/89 91/91/91 90/90/90
f 94/94/94 93/93/93 92/92/92
f 96/96/96 92/92/92 95/95/95
f 97/97/97 92/92/92 96/96/96
f 100/100/100 99/99/99 98/98/98
f 103/103/103 102/102/102 101/101/101
f 105/105/105 101/101/101 104/104/104
f 104/104/104 101/101/101 106/106/106
f 109/109/109 108/108/108 107/107/107
f 111/111/111 108/108/108 110/110/110
f 114/114/114 113/113/113 112/112/112
f 113/113/113 116/116/116 115/115/115
f 119/119/119 118/118/118 117/117/117
f 121/121/121 119/119/119 120/120/120
f 122/122/122 121/121/121 120/120/120
f 123/123/123 122/122/122 120/120/120
f 126/126/126 125/125/125 124/124/124
f 129/129/129 128/128/128 127/127/127
f 132/132/132 131/131/131 130/130/130
f 135/135/135 134/134/134 133/133/133
f 134/134/134 137/137/137 136/136/136
f 136/136/136 137/137/137 138/138/138
f 139/139/139 138/138/138 137/137/137
f 139/139/139 137/137/137 140/140/140
f 140/140/140 141/141/141 139/139/139
f 141/141/141 140/140/140 142/142/142
f 140/140/140 143/143/143 142/142/142
f 144/144/144 142/142/142 143/143/143
f 146/146/146 145/145/145 144/144/144
f 148/148/148 147/147/147 145/145/145
f 150/150/150 149/149/149 148/148/148
f 148/148/148 151/151/151 150/150/150
f 151/151/151 146/146/146 152/152/152
f 150/150/150 151/151/151 153/153/153
f 151/151/151 152/152/152 153/153/153
f 156/156/156 155/155/155 154/154/154
f 158/158/158 155/155/155 157/157/157
f 161/161/161 160/160/160 159/159/159
f 160/160/160 163/163/163 162/162/162
f 166/166/166 165/165/165 164/164/164
f 168/168/168 164/164/164 167/167/167
f 168/168/168 169/169/169 164/164/164
f 169/169/169 168/168/168 170/170/170
f 173/173/173 172/172/172 171/171/171
f 176/176/176 175/175/175 174/174/174
f 175/175/175 178/178/178 177/177/177
f 177/177/177 178/178/178 179/179/179
f 178/178/178 181/181/181 180/180/180
f 184/184/184 183/183/183 182/182/182
f 186/186/186 185/185/185 183/183/183
f 188/188/188 186/186/186 187/187/187
f 186/186/186 188/188/188 189/189/189
f 190/190/190 189/189/189 188/188/188
f 192/192/192 187/187/187 191/191/191
f 193/193/193 192/192/192 191/191/191
f 193/193/193 191/191/191 194/194/194
f 192/192/192 193/193/193 195/195/195
f 193/193/193 194/194/194 196/196/196
f 197/197/197 196/196/196 194/194/194
f 198/198/198 195/195/195 193/193/193
f 199/199/199 195/195/195 198/198/198
f 199/199/199 198/198/198 200/200/200
f 203/203/203 202/202/202 201/201/201
f 203/203/203 205/205/205 204/204/204
f 206/206/206 204/204/204 205/205/205
f 209/209/209 208/208/208 207/207/207
f 211/211/211 210/210/210 208/208/208
f 211/211/211 212/212/212 210/210/210
f 213/213/213 212/212/212 211/211/211
f 210/210/210 212/212/212 214/214/214
f 216/216/216 214/214/214 215/215/215
f 219/219/219 218/218/218 217/217/217
f 221/221/221 217/217/217 220/220/220
f 221/221/221 220/220/220 222/222/222
f 225/225/225 224/224/224 223/223/223
f 228/228/228 227/227/227 226/226/226
f 231/231/231 230/230/230 229/229/229
f 234/234/234 233/233/233 232/232/232
f 232/232/232 236/236/236 235/235/235
f 237/237/237 232/232/232 235/235/235
f 235/235/235 239/239/239 238/238/238
f 238/238/238 239/239/239 240/240/240
f 242/242/242 240/240/240 241/241/241
f 240/240/240 243/243/243 241/241/241
f 241/241/241 243/243/243 244/244/244
f 246/246/246 244/244/244 245/245/245
f 245/245/245 244/244/244 247/247/247
f 250/250/250 249/249/249 248/248/248
f 252/252/252 248/248/248 251/251/251
f 255/255/255 254/254/254 253/253/253
f 258/258/258 257/257/257 256/256/256
f 261/261/261 260/260/260 259/259/259
f 260/260/260 263/263/263 262/262/262
f 264/264/264 262/262/262 263/263/263
f 265/265/265 262/262/262 264/264/264
f 266/266/266 265/265/265 264/264/264
f 268/268/268 262/262/262 267/267/267
f 271/271/271 270/270/270 269/269/269
f 274/274/274 273/273/273 272/272/272
f 277/277/277 276/276/276 275/275/275
f 280/280/280 279/279/279 278/278/278
f 283/283/283 282/282/282 281/281/281
f 286/286/286 285/285/285 284/284/284
f 284/284/284 288/288/288 287/287/287
f 289/289/289 287/287/287 288/288/288
f 290/290/290 287/287/287 289/289/289
f 291/291/291 290/290/290 289/289/289
f 293/293/293 287/287/287 292/292/292
f 296/296/296 295/295/295 294/294/294
f 299/299/299 298/298/298 297/297/297
f 301/301/301 300/300/300 299/299/299
f 304/304/304 303/303/303 302/302/302
f 307/307/307 306/306/306 305/305/305
f 310/310/310 309/309/309 308/308/308
f 313/313/313 312/312/312 311/311/311
f 316/316/316 315/315/315 314/314/314
f 319/319/319 318/318/318 317/317/317
f 322/322/322 321/321/321 320/320/320
f 325/325/325 324/324/324 323/323/323
f 323/323/323 327/327/327 326/326/326
f 328/328/328 326/326/326 327/327/327
f 329/329/329 328/328/328 327/327/327
f 330/330/330 328/328/328 329/329/329
f 331/331/331 330/330/330 329/329/329
f 333/333/333 327/327/327 332/332/332
f 333/333/333 332/332/332 334/334/334
f 337/337/337 336/336/336 335/335/335
f 339/339/339 335/335/335 338/338/338
f 339/339/339 338/338/338 340/340/340
f 343/343/343 342/342/342 341/341/341
f 342/342/342 345/345/345 344/344/344
f 348/348/348 347/347/347 346/346/346
f 350/350/350 346/346/346 349/349/349
f 351/351/351 346/346/346 350/350/350
f 351/351/351 350/350/350 352/352/352
f 355/355/355 354/354/354 353/353/353
f 358/358/358 357/357/357 356/356/356
f 361/361/361 360/360/360 359/359/359
f 364/364/364 363/363/363 362/362/362
f 367/367/367 366/366/366 365/365/365
f 370/370/370 369/369/369 368/368/368
f 373/373/373 372/372/372 371/371/371
f 376/376/376 375/375/375 374/374/374
f 379/379/379 378/378/378 377/377/377
f 382/382/382 381/381/381 380/380/380
f 385/385/385 384/384/384 383/383/383
f 388/388/388 387/387/387 386/386/386
f 391/391/391 390/390/390 389/389/389
f 394/394/394 393/393/393 392/392/392
f 396/396/396 392/392/392 395/395/395
f 396/396/396 398/398/398 397/397/397
f 401/401/401 400/400/400 399/399/399
f 404/404/404 403/403/403 402/402/402
f 406/406/406 402/402/402 405/405/405
f 406/406/406 405/405/405 407/407/407
f 410/410/410 409/409/409 408/408/408
f 412/412/412 408/408/408 411/411/411
f 412/412/412 411/411/411 413/413/413
f 416/416/416 415/415/415 414/414/414
f 414/414/414 415/415/415 417/417/417
f 420/420/420 419/419/419 418/418/418
f 421/421/421 419/419/419 420/420/420
f 419/419/419 421/421/421 422/422/422
f 425/425/425 424/424/424 423/423/423
f 423/423/423 424/424/424 426/426/426
f 429/429/429 428/428/428 427/427/427
f 430/430/430 428/428/428 429/429/429
f 433/433/433 432/432/432 431/431/431
f 431/431/431 432/432/432 434/434/434
f 437/437/437 436/436/436 435/435/435
f 435/435/435 436/436/436 438/438/438
f 441/441/441 440/440/440 439/439/439
f 439/439/439 440/440/440 442/442/442
f 445/445/445 444/444/444 443/443/443
f 443/443/443 444/444/444 446/446/446
f 449/449/449 448/448/448 447/447/447
f 447/447/447 448/448/448 450/450/450
f 453/453/453 452/452/452 451/451/451
f 451/451/451 452/452/452 454/454/454
f 457/457/457 456/456/456 455/455/455
f 455/455/455 456/456/456 458/458/458
f 461/461/461 460/460/460 459/459/459
f 459/459/459 460/460/460 462/462/462
f 465/465/465 464/464/464 463/463/463
f 463/463/463 464/464/464 466/466/466
f 469/469/469 468/468/468 467/467/467
f 467/467/467 468/468/468 470/470/470
f 473/473/473 472/472/472 471/471/471
f 474/474/474 473/473/473 471/471/471
f 477/477/477 476/476/476 475/475/475
f 475/475/475 476/476/476 478/478/478
f 481/481/481 480/480/480 479/479/479
f 479/479/479 480/480/480 482/482/482
f 485/485/485 484/484/484 483/483/483
f 483/483/483 484/484/484 486/486/486
f 489/489/489 488/488/488 487/487/487
f 487/487/487 488/488/488 490/490/490
f 493/493/493 492/492/492 491/491/491
f 491/491/491 492/492/492 494/494/494
f 497/497/497 496/496/496 495/495/495
f 495/495/495 496/496/496 498/498/498
f 501/501/501 500/500/500 499/499/499
f 499/499/499 500/500/500 502/502/502
f 505/505/505 504/504/504 503/503/503
f 506/506/506 503/503/503 504/504/504
f 503/503/503 506/506/506 507/507/507
f 510/510/510 509/509/509 508/508/508
f 508/508/508 509/509/509 511/511/511
f 514/514/514 513/513/513 512/512/512
f 512/512/512 513/513/513 515/515/515
f 518/518/518 517/517/517 516/516/516
f 516/516/516 517/517/517 519/519/519
f 522/522/522 521/521/521 520/520/520
f 520/520/520 521/521/521 523/523/523
f 526/526/526 525/525/525 524/524/524
f 524/524/524 525/525/525 527/527/527
f 530/530/530 529/529/529 528/528/528
f 528/528/528 529/529/529 531/531/531
f 534/534/534 533/533/533 532/532/532
f 532/532/532 533/533/533 535/535/535
f 538/538/538 537/537/537 536/536/536
f 536/536/536 537/537/537 539/539/539
f 542/542/542 541/541/541 540/540/540
f 540/540/540 541/541/541 543/543/543
f 546/546/546 545/545/545 544/544/544
f 544/544/544 545/545/545 547/547/547
f 550/550/550 549/549/549 548/548/548
f 548/548/548 549/549/549 551/551/551
f 554/554/554 553/553/553 552/552/552
f 552/552/552 553/553/553 555/555/555
f 558/558/558 557/557/557 556/556/556
f 556/556/556 557/557/557 559/559/559
f 562/562/562 561/561/561 560/560/560
f 560/560/560 561/561/561 563/563/563
f 566/566/566 565/565/565 564/564/564
f 564/564/564 565/565/565 567/567/567
f 570/570/570 569/569/569 568/568/568
f 568/568/568 569/569/569 571/571/571
f 574/574/574 573/573/573 572/572/572
f 572/572/572 573/573/573 575/575/575
f 578/578/578 577/577/577 576/576/576
f 576/576/576 577/577/577 579/579/579
f 582/582/582 581/581/581 580/580/580
f 580/580/580 581/581/581 583/583/583
f 586/586/586 585/585/585 584/584/584
f 584/584/584 585/585/585 587/587/587
f 590/590/590 589/589/589 588/588/588
f 588/588/588 589/589/589 591/591/591
f 594/594/594 593/593/593 592/592/592
f 592/592/592 593/593/593 595/595/595
f 598/598/598 597/597/597 596/596/596
f 596/596/596 597/597/597 599/599/599
f 602/602/602 601/601/601 600/600/600
f 600/600/600 601/601/601 603/603/603
f 606/606/606 605/605/605 604/604/604
f 604/604/604 605/605/605 607/607/607
f 610/610/610 609/609/609 608/608/608
f 608/608/608 609/609/609 611/611/611
f 614/614/614 613/613/613 612/612/612
f 612/612/612 613/613/613 615/615/615
f 618/618/618 617/617/617 616/616/616
f 616/616/616 617/617/617 619/619/619
f 622/622/622 621/621/621 620/620/620
f 620/620/620 621/621/621 623/623/623
f 626/626/626 625/625/625 624/624/624
f 624/624/624 625/625/625 627/627/627
f 630/630/630 629/629/629 628/628/628
f 628/628/628 629/629/629 631/631/631
f 634/634/634 633/633/633 632/632/632
f 632/632/632 633/633/633 635/635/635
f 638/638/638 637/637/637 636/636/636
f 636/636/636 637/637/637 639/639/639
f 642/642/642 641/641/641 640/640/640
f 640/640/640 641/641/641 643/643/643
f 646/646/646 645/645/645 644/644/644
f 644/644/644 645/645/645 647/647/647
f 650/650/650 649/649/649 648/648/648
f 648/648/648 649/649/649 651/651/651
f 654/654/654 653/653/653 652/652/652
f 652/652/652 653/653/653 655/655/655
f 658/658/658 657/657/657 656/656/656
f 656/656/656 657/657/657 659/659/659
f 662/662/662 661/661/661 660/660/660
f 660/660/660 661/661/661 663/663/663
f 666/666/666 665/665/665 664/664/664
f 664/664/664 665/665/665 667/667/667
f 670/670/670 669/669/669 668/668/668
f 668/668/668 669/669/669 671/671/671
f 674/674/674 673/673/673 672/672/672
f 672/672/672 673/673/673 675/675/675
f 678/678/678 677/677/677 676/676/676
f 676/676/676 677/677/677 679/679/679
f 682/682/682 681/681/681 680/680/680
f 680/680/680 681/681/681 683/683/683
f 686/686/686 685/685/685 684/684/684
f 684/684/684 685/685/685 687/687/687
f 690/690/690 689/689/689 688/688/688
f 688/688/688 689/689/689 691/691/691
f 694/694/694 693/693/693 692/692/692
f 692/692/692 693/693/693 695/695/695
f 698/698/698 697/697/697 696/696/696
f 696/696/696 697/697/697 699/699/699
f 702/702/702 701/701/701 700/700/700
f 700/700/700 701/701/701 703/703/703
f 706/706/706 705/705/705 704/704/704
f 704/704/704 705/705/705 707/707/707
f 710/710/710 709/709/709 708/708/708
f 708/708/708 709/709/709 711/711/711
f 714/714/714 713/713/713 712/712/712
f 712/712/712 713/713/713 715/715/715
f 718/718/718 717/717/717 716/716/716
f 716/716/716 717/717/717 719/719/719
f 722/722/722 721/721/721 720/720/720
f 720/720/720 721/721/721 723/723/723
f 726/726/726 725/725/725 724/724/724
f 724/724/724 725/725/725 727/727/727
f 730/730/730 729/729/729 728/728/728
f 728/728/728 729/729/729 731/731/731
f 734/734/734 733/733/733 732/732/732
f 732/732/732 733/733/733 735/735/735
f 738/738/738 737/737/737 736/736/736
f 736/736/736 737/737/737 739/739/739
f 742/742/742 741/741/741 740/740/740
f 740/740/740 741/741/741 743/743/743
f 746/746/746 745/745/745 744/744/744
f 744/744/744 745/745/745 747/747/747
f 750/750/750 749/749/749 748/748/748
f 748/748/748 749/749/749 751/751/751
f 754/754/754 753/753/753 752/752/752
f 752/752/752 753/753/753 755/755/755
f 758/758/758 757/757/757 756/756/756
f 756/756/756 757/757/757 759/759/759
f 762/762/762 761/761/761 760/760/760
f 760/760/760 761/761/761 763/763/763
f 766/766/766 765/765/765 764/764/764
f 764/764/764 765/765/765 767/767/767
f 770/770/770 769/769/769 768/768/768
f 768/768/768 769/769/769 771/771/771
f 774/774/774 773/773/773 772/772/772
f 772/772/772 773/773/773 775/775/775
f 778/778/778 777/777/777 776/776/776
f 776/776/776 777/777/777 779/779/779
f 782/782/782 781/781/781 780/780/780
f 780/780/780 781/781/781 783/783/783
f 786/786/786 785/785/785 784/784/784
f 784/784/784 785/785/785 787/787/787
f 790/790/790 789/789/789 788/788/788
f 788/788/788 789/789/789 791/791/791
f 794/794/794 793/793/793 792/792/792
f 792/792/792 793/793/793 795/795/795
f 798/798/798 797/797/797 796/796/796
f 796/796/796 797/797/797 799/799/799
f 802/802/802 801/801/801 800/800/800
f 800/800/800 801/801/801 803/803/803
f 806/806/806 805/805/805 804/804/804
f 804/804/804 805/805/805 807/807/807
f 810/810/810 809/809/809 808/808/808
f 808/808/808 809/809/809 811/811/811
f 814/814/814 813/813/813 812/812/812
f 812/812/812 813/813/813 815/815/815
f 818/818/818 817/817/817 816/816/816
f 816/816/816 817/817/817 819/819/819
f 822/822/822 821/821/821 820/820/820
f 820/820/820 821/821/821 823/823/823
f 826/826/826 825/825/825 824/824/824
f 824/824/824 825/825/825 827/827/827
f 830/830/830 829/829/829 828/828/828
f 828/828/828 829/829/829 831/831/831
f 834/834/834 833/833/833 832/832/832
f 832/832/832 833/833/833 835/835/835
f 838/838/838 837/837/837 836/836/836
f 836/836/836 837/837/837 839/839/839
f 842/842/842 841/841/841 840/840/840
f 840/840/840 841/841/841 843/843/843
f 846/846/846 845/845/845 844/844/844
f 844/844/844 845/845/845 847/847/847
f 850/850/850 849/849/849 848/848/848
f 848/848/848 849/849/849 851/851/851
f 854/854/854 853/853/853 852/852/852
f 853/853/853 854/854/854 855/855/855
f 858/858/858 857/857/857 856/856/856
f 856/856/856 857/857/857 859/859/859
f 862/862/862 861/861/861 860/860/860
f 860/860/860 861/861/861 863/863/863
f 866/866/866 865/865/865 864/864/864
f 864/864/864 865/865/865 867/867/867
f 870/870/870 869/869/869 868/868/868
f 868/868/868 869/869/869 871/871/871
f 874/874/874 873/873/873 872/872/872
f 873/873/873 874/874/874 875/875/875
f 878/878/878 877/877/877 876/876/876
f 876/876/876 877/877/877 879/879/879
f 882/882/882 881/881/881 880/880/880
f 880/880/880 881/881/881 883/883/883
f 886/886/886 885/885/885 884/884/884
f 884/884/884 885/885/885 887/887/887
f 890/890/890 889/889/889 888/888/888
f 888/888/888 889/889/889 891/891/891
f 894/894/894 893/893/893 892/892/892
f 892/892/892 893/893/893 895/895/895
f 898/898/898 897/897/897 896/896/896
f 896/896/896 897/897/897 899/899/899
f 902/902/902 901/901/901 900/900/900
f 900/900/900 901/901/901 903/903/903
f 906/906/906 905/905/905 904/904/904
f 905/905/905 906/906/906 907/907/907
f 910/910/910 909/909/909 908/908/908
f 908/908/908 909/909/909 911/911/911
f 914/914/914 913/913/913 912/912/912
f 912/912/912 913/913/913 915/915/915
f 918/918/918 917/917/917 916/916/916
f 917/917/917 918/918/918 919/919/919
f 922/922/922 921/921/921 920/920/920
f 920/920/920 921/921/921 923/923/923
f 926/926/926 925/925/925 924/924/924
f 927/927/927 924/924/924 925/925/925
f 924/924/924 927/927/927 928/928/928
f 931/931/931 930/930/930 929/929/929
f 929/929/929 930/930/930 932/932/932
f 935/935/935 934/934/934 933/933/933
f 936/936/936 935/935/935 933/933/933
f 939/939/939 938/938/938 937/937/937
f 937/937/937 938/938/938 940/940/940
f 943/943/943 942/942/942 941/941/941
f 941/941/941 942/942/942 944/944/944
f 947/947/947 946/946/946 945/945/945
f 948/948/948 947/947/947 945/945/945
f 951/951/951 950/950/950 949/949/949
f 950/950/950 951/951/951 952/952/952
f 955/955/955 954/954/954 953/953/953
f 953/953/953 954/954/954 956/956/956
f 959/959/959 958/958/958 957/957/957
f 957/957/957 958/958/958 960/960/960
f 963/963/963 962/962/962 961/961/961
f 961/961/961 962/962/962 964/964/964
f 967/967/967 966/966/966 965/965/965
f 965/965/965 966/966/966 968/968/968
f 971/971/971 970/970/970 969/969/969
f 969/969/969 970/970/970 972/972/972
f 975/975/975 974/974/974 973/973/973
f 974/974/974 975/975/975 976/976/976
f 979/979/979 978/978/978 977/977/977
f 978/978/978 979/979/979 980/980/980
f 983/983/983 982/982/982 981/981/981
f 981/981/981 982/982/982 984/984/984
f 987/987/987 986/986/986 985/985/985
f 985/985/985 986/986/986 988/988/988
f 991/991/991 990/990/990 989/989/989
f 989/989/989 990/990/990 992/992/992
f 995/995/995 994/994/994 993/993/993
f 993/993/993 994/994/994 996/996/996
f 999/999/999 998/998/998 997/997/997
f 997/997/997 998/998/998 1000/1000/1000
f 1003/1003/1003 1002/1002/1002 1001/1001/1001
f 1001/1001/1001 1002/1002/1002 1004/1004/1004
f 1007/1007/1007 1006/1006/1006 1005/1005/1005
f 1006/1006/1006 1007/1007/1007 1008/1008/1008
f 1011/1011/1011 1010/1010/1010 1009/1009/1009
f 1009/1009/1009 1010/1010/1010 1012/1012/1012
f 1015/1015/1015 1014/1014/1014 1013/1013/1013
f 1016/1016/1016 1013/1013/1013 1014/1014/1014
f 1017/1017/1017 1013/1013/1013 1016/1016/1016
f 1019/1019/1019 1014/1014/1014 1018/1018/1018
f 1019/1019/1019 1018/1018/1018 1020/1020/1020
f 1023/1023/1023 1022/1022/1022 1021/1021/1021
f 1021/1021/1021 1022/1022/1022 1024/1024/1024
f 1027/1027/1027 1026/1026/1026 1025/1025/1025
f 1026/1026/1026 1027/1027/1027 1028/1028/1028
f 1031/1031/1031 1030/1030/1030 1029/1029/1029
f 1029/1029/1029 1030/1030/1030 1032/1032/1032
f 1035/1035/1035 1034/1034/1034 1033/1033/1033
f 1033/1033/1033 1034/1034/1034 1036/1036/1036
f 1039/1039/1039 1038/1038/1038 1037/1037/1037
f 1037/1037/1037 1038/1038/1038 1040/1040/1040
f 1043/1043/1043 1042/1042/1042 1041/1041/1041
f 1041/1041/1041 1042/1042/1042 1044/1044/1044
f 1047/1047/1047 1046/1046/1046 1045/1045/1045
f 1045/1045/1045 1046/1046/1046 1048/1048/1048
f 1051/1051/1051 1050/1050/1050 1049/1049/1049
f 1049/1049/1049 1050/1050/1050 1052/1052/1052
f 1055/1055/1055 1054/1054/1054 1053/1053/1053
f 1053/1053/1053 1054/1054/1054 1056/1056/1056
f 1059/1059/1059 1058/1058/1058 1057/1057/1057
f 1059/1059/1059 1057/1057/1057 1060/1060/1060
f 1062/1062/1062 1061/1061/1061 1060/1060/1060
f 1062/1062/1062 1063/1063/1063 1061/1061/1061
f 1066/1066/1066 1065/1065/1065 1064/1064/1064
f 1065/1065/1065 1067/1067/1067 1064/1064/1064
f 1064/1064/1064 1067/1067/1067 1068/1068/1068
f 1067/1067/1067 1069/1069/1069 1068/1068/1068
f 1068/1068/1068 1069/1069/1069 1070/1070/1070
f 1072/1072/1072 1070/1070/1070 1071/1071/1071
f 1073/1073/1073 1072/1072/1072 1071/1071/1071
f 1076/1076/1076 1075/1075/1075 1074/1074/1074
f 1077/1077/1077 1074/1074/1074 1075/1075/1075
f 1080/1080/1080 1079/1079/1079 1078/1078/1078
f 1080/1080/1080 1081/1081/1081 1079/1079/1079
f 1084/1084/1084 1083/1083/1083 1082/1082/1082
f 1083/1083/1083 1085/1085/1085 1082/1082/1082
f 1082/1082/1082 1085/1085/1085 1086/1086/1086
f 1085/1085/1085 1087/1087/1087 1086/1086/1086
f 1088/1088/1088 1086/1086/1086 1087/1087/1087
f 1091/1091/1091 1090/1090/1090 1089/1089/1089
f 1089/1089/1089 1090/1090/1090 1092/1092/1092
f 1093/1093/1093 1092/1092/1092 1090/1090/1090
f 1092/1092/1092 1093/1093/1093 1094/1094/1094
f 1094/1094/1094 1093/1093/1093 1095/1095/1095
f 1093/1093/1093 1096/1096/1096 1095/1095/1095
f 1097/1097/1097 1095/1095/1095 1096/1096/1096
f 1098/1098/1098 1097/1097/1097 1096/1096/1096
f 1099/1099/1099 1098/1098/1098 1096/1096/1096
f 1095/1095/1095 1097/1097/1097 1100/1100/1100
f 1101/1101/1101 1095/1095/1095 1100/1100/1100
f 1102/1102/1102 1095/1095/1095 1101/1101/1101
f 1100/1100/1100 1097/1097/1097 1103/1103/1103
f 1104/1104/1104 1103/1103/1103 1097/1097/1097
f 1105/1105/1105 1103/1103/1103 1104/1104/1104
f 1106/1106/1106 1103/1103/1103 1105/1105/1105
f 1109/1109/1109 1108/1108/1108 1107/1107/1107
f 1109/1109/1109 1110/1110/1110 1108/1108/1108
f 1113/1113/1113 1112/1112/1112 1111/1111/1111
f 1113/1113/1113 1114/1114/1114 1112/1112/1112
f 1114/1114/1114 1116/1116/1116 1115/1115/1115
f 1116/1116/1116 1117/1117/1117 1115/1115/1115
f 1120/1120/1120 1119/1119/1119 1118/1118/1118
f 1120/1120/1120 1121/1121/1121 1119/1119/1119
f 1124/1124/1124 1123/1123/1123 1122/1122/1122
f 1125/1125/1125 1123/1123/1123 1124/1124/1124
f 1126/1126/1126 1123/1123/1123 1125/1125/1125
f 1127/1127/1127 1126/1126/1126 1125/1125/1125
f 1126/1126/1126 1129/1129/1129 1128/1128/1128
f 1129/1129/1129 1130/1130/1130 1128/1128/1128
f 1133/1133/1133 1132/1132/1132 1131/1131/1131
f 1134/1134/1134 1132/1132/1132 1133/1133/1133
f 1135/1135/1135 1132/1132/1132 1134/1134/1134
f 1136/1136/1136 1132/1132/1132 1135/1135/1135
f 1137/1137/1137 1136/1136/1136 1135/1135/1135
f 1137/1137/1137 1138/1138/1138 1136/1136/1136
f 1136/1136/1136 1138/1138/1138 1139/1139/1139
f 1142/1142/1142 1141/1141/1141 1140/1140/1140
f 1142/1142/1142 1143/1143/1143 1141/1141/1141
f 1144/1144/1144 1141/1141/1141 1143/1143/1143
f 1145/1145/1145 1144/1144/1144 1143/1143/1143
f 1148/1148/1148 1147/1147/1147 1146/1146/1146
f 1146/1146/1146 1147/1147/1147 1149/1149/1149
f 1147/1147/1147 1151/1151/1151 1150/1150/1150
f 1150/1150/1150 1151/1151/1151 1152/1152/1152
f 1151/1151/1151 1153/1153/1153 1152/1152/1152
f 1154/1154/1154 1152/1152/1152 1153/1153/1153
f 1154/1154/1154 1153/1153/1153 1155/1155/1155
f 1158/1158/1158 1157/1157/1157 1156/1156/1156
f 1157/1157/1157 1159/1159/1159 1156/1156/1156
f 1159/1159/1159 1157/1157/1157 1160/1160/1160
f 1161/1161/1161 1159/1159/1159 1160/1160/1160
f 1162/1162/1162 1161/1161/1161 1160/1160/1160
f 1164/1164/1164 1163/1163/1163 1162/1162/1162
f 1163/1163/1163 1164/1164/1164 1165/1165/1165
f 1168/1168/1168 1167/1167/1167 1166/1166/1166
f 1167/1167/1167 1169/1169/1169 1166/1166/1166
f 1169/1169/1169 1170/1170/1170 1166/1166/1166
f 1171/1171/1171 1166/1166/1166 1170/1170/1170
f 1174/1174/1174 1173/1173/1173 1172/1172/1172
f 1174/1174/1174 1175/1175/1175 1173/1173/1173
f 1178/1178/1178 1177/1177/1177 1176/1176/1176
f 1177/1177/1177 1179/1179/1179 1176/1176/1176
f 1176/1176/1176 1179/1179/1179 1180/1180/1180
f 1181/1181/1181 1180/1180/1180 1179/1179/1179
f 1182/1182/1182 1180/1180/1180 1181/1181/1181
f 1183/1183/1183 1180/1180/1180 1182/1182/1182
f 1186/1186/1186 1185/1185/1185 1184/1184/1184
f 1187/1187/1187 1185/1185/1185 1186/1186/1186
f 1190/1190/1190 1189/1189/1189 1188/1188/1188
f 1191/1191/1191 1189/1189/1189 1190/1190/1190
f 1194/1194/1194 1193/1193/1193 1192/1192/1192
f 1195/1195/1195 1192/1192/1192 1193/1193/1193
f 1196/1196/1196 1195/1195/1195 1193/1193/1193
f 1199/1199/1199 1198/1198/1198 1197/1197/1197
f 1200/1200/1200 1198/1198/1198 1199/1199/1199
f 1203/1203/1203 1202/1202/1202 1201/1201/1201
f 1204/1204/1204 1201/1201/1201 1202/1202/1202
f 1207/1207/1207 1206/1206/1206 1205/1205/1205
f 1208/1208/1208 1205/1205/1205 1206/1206/1206
f 1211/1211/1211 1210/1210/1210 1209/1209/1209
f 1211/1211/1211 1212/1212/1212 1210/1210/1210
f 1215/1215/1215 1214/1214/1214 1213/1213/1213
f 1216/1216/1216 1214/1214/1214 1215/1215/1215
