v 10.000000 11.000000 -5.000000
v 10.000000 11.000000 2.750000
v 8.500000 11.000000 1.000000
v 10.000000 4.000000 -5.000000
v 10.000000 5.500000 1.000000
v 10.000000 10.500000 -5.000000
v 8.500000 10.500000 1.000000
v -0.500000 11.000000 1.000000
v 8.500000 11.000000 1.000000
v 9.500000 3.500000 4.250000
v 9.500000 2.000000 1.000000
v 9.500000 3.500000 0.000000
v 9.500000 2.000000 3.750000
v 9.500000 -3.500000 4.250000
v 9.500000 -2.000000 3.750000
v 9.500000 -3.500000 3.750000
v -0.500000 10.500000 8.500000
v 8.500000 11.000000 8.500000
v -0.500000 11.000000 8.500000
v 10.000000 -5.500000 3.750000
v 9.500000 -5.500000 2.750000
v 9.500000 -5.500000 3.750000
v 10.000000 -9.500000 3.750000
v 10.000000 -9.500000 5.750000
v 10.000000 -5.500000 5.750000
v 9.500000 10.500000 4.250000
v 8.500000 10.500000 3.750000
v -0.500000 10.500000 3.750000
v 9.500000 5.500000 8.500000
v 10.000000 5.500000 7.500000
v 10.000000 5.500000 8.500000
v -1.500000 -9.500000 -0.000000
v -1.500000 -7.000000 -0.000000
v 2.000000 -4.000000 -0.000000
v -2.000000 -9.500000 2.750000
v -2.000000 -7.000000 2.750000
v -2.000000 -10.500000 4.250000
v -1.500000 -3.500000 9.000000
v -0.500000 -3.500000 7.500000
v 2.000000 -3.500000 7.500000
v -5.000000 -0.500000 4.250000
v -2.000000 10.500000 4.250000
v -5.000000 5.500000 4.250000
v -1.500000 4.000000 0.000000
v -1.500000 10.500000 2.750000
v -1.500000 10.500000 0.000000
v 9.500000 5.500000 3.750000
v 9.500000 5.500000 2.750000
v 10.000000 5.500000 2.750000
v 9.500000 5.500000 1.000000
v 10.000000 5.500000 1.000000
v 10.000000 5.500000 2.750000
v 9.500000 5.500000 2.750000
v 9.500000 5.500000 3.750000
v 10.000000 5.500000 3.750000
v 9.500000 -2.000000 5.750000
v 9.500000 -3.500000 4.750000
v 9.500000 3.500000 4.750000
v 9.500000 3.500000 5.750000
v 9.500000 2.000000 5.750000
v 10.000000 11.000000 10.500000
v 10.000000 5.500000 8.500000
v 10.000000 2.000000 8.500000
v 10.000000 9.500000 8.500000
v 10.000000 11.000000 5.750000
v 10.000000 9.500000 5.750000
v 9.500000 9.500000 5.750000
v 9.500000 5.500000 5.750000
v 9.500000 10.500000 4.750000
v 9.500000 -9.500000 8.500000
v 9.500000 -5.500000 8.500000
v 9.500000 -10.500000 9.000000
v 8.500000 10.500000 1.000000
v 8.500000 11.000000 2.750000
v 8.500000 10.500000 3.750000
v -2.000000 -7.000000 7.500000
v -2.000000 -10.500000 9.000000
v -2.000000 -9.500000 7.500000
v -9.500000 10.500000 9.500000
v 9.500000 -10.500000 9.500000
v -9.500000 -10.500000 9.500000
v 9.500000 10.500000 10.500000
v -9.500000 10.500000 10.500000
v -5.000000 11.000000 10.500000
v -4.400000 6.100000 5.637567
v -4.400000 -0.600000 5.837567
v -4.400000 6.100000 5.837567
v 9.400000 -5.618779 5.653832
v 10.100008 -9.588221 5.653832
v 10.099999 -5.618779 5.653832
v 10.099999 -5.411839 5.653832
v 9.399999 -5.411839 5.653832
v 9.400000 -5.618779 5.653832
v 10.099999 -5.618779 5.653832
v 10.100008 -9.588221 5.653832
v 9.400007 -9.588223 5.653832
v -0.638357 11.100000 3.873134
v -0.431415 11.100000 1.120075
v -0.431415 11.100000 3.673134
v 9.399999 2.048486 5.653832
v 9.399999 2.048486 8.606970
v 9.400000 1.841546 5.853911
v 9.400000 1.841544 8.606970
v 9.400000 1.841546 8.406969
v 9.400007 -9.588223 8.606970
v 9.400007 -9.381281 5.853911
v 9.400007 -9.381281 8.406969
v 9.399999 -5.411839 5.653832
v 9.399999 -5.411839 8.606970
v 9.400000 -5.618779 5.853911
v 9.400000 -5.618781 8.606970
v 9.400000 -5.618779 8.406969
v 10.100008 -9.588221 8.606970
v 10.100008 -9.381281 8.406969
v 10.100008 -9.381281 5.853911
v -0.638357 10.400000 5.653831
v -0.431415 11.100000 5.653831
v -0.638357 11.100000 5.653831
v 9.400000 -5.618781 8.606970
v 10.099999 -5.411839 8.606970
v 10.099999 -5.618779 8.606970
v 10.100008 -9.588221 8.606970
v 9.400007 -9.588223 8.606970
v -0.638357 11.100000 3.873134
v 8.428592 11.100000 3.873134
v 8.428593 10.400000 3.873134
v 8.635532 11.100000 3.873134
v 8.635532 10.400000 3.873134
v 10.100008 5.589334 8.406969
v 10.099999 9.558777 8.606970
v 10.099999 9.351837 8.406969
v -9.608031 6.100000 5.637567
v -4.400000 6.100000 5.837567
v -9.608031 6.100000 5.837567
v 9.399999 9.558777 5.653832
v 9.399999 9.558777 8.606970
v 9.400000 9.351837 5.853911
v 9.400000 9.351835 8.606970
v 9.400000 9.351837 8.406969
v -0.431415 11.100000 5.653831
v 8.635532 11.100000 5.653831
v 8.428593 11.100000 5.853910
v 10.100008 5.589334 3.673134
v 10.099999 9.558777 3.873134
v 10.099999 9.351837 3.673134
v 9.400007 -2.127897 8.606970
v 9.400007 -1.920956 5.853911
v 9.400007 -1.920956 8.406969
v 10.100008 -1.920957 8.406969
v 10.099999 2.048486 8.606970
v 10.099999 1.841546 8.406969
v 10.100008 -9.381281 3.673134
v 10.099999 -5.411839 3.873134
v 10.099999 -5.618779 3.673134
v 10.100008 -1.920957 3.673134
v 10.099999 2.048486 3.873134
v 10.099999 1.841546 3.673134
v 10.000000 9.500000 1.000000
v 9.500000 9.500000 1.000000
v 10.000000 9.500000 2.750000
v 9.500000 -9.500000 4.750000
v 9.500000 -5.500000 5.750000
v 9.500000 -9.500000 5.750000
v 10.000000 11.000000 -5.000000
v 8.500000 11.000000 1.000000
v 2.000000 11.000000 -5.000000
v 8.500000 11.000000 2.750000
v 8.500000 11.000000 1.000000
v 10.000000 11.000000 2.750000
v 2.000000 11.000000 -5.000000
v 8.500000 11.000000 1.000000
v -0.500000 11.000000 1.000000
v 10.000000 5.500000 1.000000
v 10.000000 4.000000 -5.000000
v 10.000000 5.500000 2.750000
v 10.000000 10.500000 -5.000000
v 10.000000 9.500000 1.000000
v 10.000000 9.500000 2.750000
v 10.000000 9.500000 1.000000
v 10.000000 10.500000 -5.000000
v 10.000000 5.500000 1.000000
v 9.500000 -5.500000 2.750000
v 9.500000 -4.000000 2.750000
v 9.500000 -5.500000 3.750000
v 8.500000 11.000000 5.750000
v 10.000000 11.000000 5.750000
v 8.500000 11.000000 8.500000
v 8.500000 11.000000 5.750000
v 8.500000 11.000000 3.750000
v 10.000000 11.000000 5.750000
v 9.500000 10.500000 0.000000
v 9.500000 5.500000 1.000000
v 9.500000 4.000000 0.000000
v 9.500000 9.500000 1.000000
v 9.500000 10.500000 4.250000
v 9.500000 5.500000 3.750000
v 9.500000 4.000000 4.250000
v 9.500000 4.000000 3.750000
v 9.500000 9.500000 3.750000
v 9.500000 10.500000 4.250000
v 9.500000 5.500000 3.750000
v 9.500000 10.500000 0.000000
v 9.500000 9.500000 1.000000
v 9.500000 5.500000 1.000000
v 9.500000 9.500000 3.750000
v 9.500000 9.500000 1.000000
v 9.500000 10.500000 4.250000
v 10.000000 -9.500000 8.500000
v 9.500000 -9.500000 8.500000
v 10.000000 -9.500000 7.500000
v 9.500000 -3.500000 2.750000
v 2.000000 -3.500000 -0.000000
v 9.500000 -3.500000 -0.000000
v 9.500000 -3.500000 3.750000
v 2.000000 -3.500000 2.750000
v 9.500000 -3.500000 4.250000
v -1.500000 -3.500000 4.250000
v 2.000000 -3.500000 2.750000
v -0.500000 -3.500000 2.750000
v -1.500000 -3.500000 -0.000000
v -0.500000 -3.500000 -0.000000
v 9.500000 -3.500000 2.750000
v 2.000000 -3.500000 2.750000
v 2.000000 -3.500000 -0.000000
v -0.500000 -3.500000 2.750000
v 2.000000 -3.500000 2.750000
v -1.500000 -3.500000 4.250000
v -0.500000 10.500000 1.000000
v -0.500000 11.000000 1.000000
v 8.500000 10.500000 1.000000
v 10.000000 -11.000000 -5.000000
v -10.000000 -11.000000 -5.000000
v 10.000000 -11.000000 2.750000
v 8.500000 10.500000 5.750000
v 8.500000 11.000000 5.750000
v 8.500000 10.500000 7.500000
v 9.500000 2.000000 3.750000
v 9.500000 -3.500000 4.250000
v 9.500000 -2.000000 3.750000
v 9.500000 2.000000 1.000000
v 9.500000 3.500000 4.250000
v 9.500000 2.000000 3.750000
v 8.500000 10.500000 8.500000
v 8.500000 11.000000 8.500000
v -0.500000 10.500000 8.500000
v 9.500000 10.500000 4.250000
v -0.500000 10.500000 3.750000
v -1.500000 10.500000 4.250000
v 8.500000 10.500000 1.000000
v 9.500000 10.500000 0.000000
v 8.500000 10.500000 0.000000
v 8.500000 10.500000 3.750000
v 9.500000 10.500000 4.250000
v 8.500000 10.500000 1.000000
v 2.000000 4.000000 2.750000
v -1.500000 4.000000 4.250000
v -0.500000 4.000000 2.750000
v -0.500000 3.500000 0.000000
v -1.500000 -3.500000 -0.000000
v -1.500000 3.500000 0.000000
v -0.500000 3.500000 0.000000
v -0.500000 -3.500000 -0.000000
v -1.500000 -3.500000 -0.000000
v -6.000000 10.500000 0.000000
v -8.500000 11.000000 0.000000
v -6.000000 11.000000 0.000000
v -2.000000 10.500000 0.000000
v -9.500000 5.500000 0.000000
v -6.000000 10.500000 0.000000
v -6.000000 10.500000 0.000000
v -8.500000 10.500000 0.000000
v -8.500000 11.000000 0.000000
v -9.500000 5.500000 0.000000
v -9.500000 10.500000 0.000000
v -6.000000 10.500000 0.000000
v -9.500000 5.500000 0.000000
v -8.500000 10.500000 0.000000
v 9.500000 10.500000 0.000000
v 9.500000 4.000000 0.000000
v 8.500000 10.500000 0.000000
v -1.500000 -10.500000 -0.000000
v -1.500000 -9.500000 -0.000000
v 9.500000 -10.500000 -0.000000
v 2.000000 -4.000000 -0.000000
v 9.500000 -4.000000 2.750000
v 9.500000 -4.000000 -0.000000
v -2.000000 10.500000 4.250000
v -2.000000 -10.500000 4.250000
v -2.000000 -7.000000 2.750000
v -2.000000 -9.500000 2.750000
v -2.000000 -10.500000 -0.000000
v -2.000000 -9.500000 -0.000000
v 10.000000 4.000000 -5.000000
v 10.000000 2.000000 1.000000
v 10.000000 5.500000 2.750000
v 10.000000 -2.000000 1.000000
v 10.000000 -11.000000 -5.000000
v 10.000000 -9.500000 2.750000
v 10.000000 -9.500000 1.000000
v 10.000000 -11.000000 2.750000
v 10.000000 -5.500000 1.000000
v 10.000000 -11.000000 -5.000000
v 10.000000 -2.000000 1.000000
v 10.000000 -5.500000 3.750000
v 10.000000 -2.000000 3.750000
v 10.000000 9.500000 3.750000
v 10.000000 11.000000 2.750000
v 10.000000 9.500000 2.750000
v 10.000000 9.500000 3.750000
v 10.000000 11.000000 5.750000
v 10.000000 -9.500000 1.000000
v 10.000000 -11.000000 -5.000000
v 10.000000 -11.000000 2.750000
v 10.000000 9.500000 2.750000
v 10.000000 11.000000 2.750000
v 10.000000 10.500000 -5.000000
v 10.000000 10.500000 -5.000000
v 10.000000 11.000000 2.750000
v 10.000000 11.000000 -5.000000
v 10.000000 -5.500000 3.750000
v 10.000000 -2.000000 1.000000
v 10.000000 -5.500000 1.000000
v 10.000000 9.500000 3.750000
v 10.000000 9.500000 5.750000
v 10.000000 11.000000 5.750000
v 10.000000 2.000000 1.000000
v 10.000000 4.000000 -5.000000
v 10.000000 -2.000000 1.000000
v 10.000000 5.500000 5.750000
v 10.000000 2.000000 7.500000
v 10.000000 5.500000 7.500000
v 10.000000 2.000000 5.750000
v 10.000000 2.000000 3.750000
v 10.000000 -2.000000 5.750000
v 10.000000 5.500000 5.750000
v 10.000000 2.000000 5.750000
v 10.000000 2.000000 7.500000
v 10.000000 2.000000 5.750000
v 9.500000 2.000000 5.750000
v 10.000000 2.000000 7.500000
v -8.500000 10.500000 5.750000
v -9.500000 10.500000 9.000000
v -8.500000 10.500000 8.500000
v -8.500000 10.500000 5.750000
v -9.500000 10.500000 4.750000
v -9.500000 10.500000 9.000000
v -8.500000 10.500000 8.500000
v -6.000000 10.500000 9.000000
v -6.000000 10.500000 8.500000
v 2.000000 -4.000000 4.750000
v 9.500000 -4.000000 5.750000
v 9.500000 -4.000000 4.750000
v 8.500000 10.500000 8.500000
v 9.500000 10.500000 7.500000
v 8.500000 10.500000 7.500000
v 9.500000 10.500000 9.000000
v 9.500000 10.500000 8.500000
v 9.500000 10.500000 7.500000
v 8.500000 10.500000 8.500000
v 9.500000 10.500000 8.500000
v -1.500000 10.500000 9.000000
v -0.500000 10.500000 8.500000
v 9.500000 10.500000 9.000000
v -1.500000 10.500000 9.000000
v -0.500000 10.500000 5.750000
v -1.500000 10.500000 4.750000
v -1.500000 10.500000 4.750000
v -0.500000 10.500000 5.750000
v -0.500000 10.500000 4.750000
v -1.500000 10.500000 9.000000
v -0.500000 10.500000 8.500000
v -0.500000 10.500000 5.750000
v -2.000000 10.500000 4.250000
v -5.000000 -0.500000 4.250000
v -2.000000 -10.500000 4.250000
v -5.000000 5.500000 4.250000
v -9.500000 10.500000 4.250000
v -9.500000 5.500000 4.250000
v 10.000000 -9.500000 3.750000
v 9.500000 -9.500000 3.750000
v 10.000000 -9.500000 2.750000
v -3.000000 11.000000 5.750000
v -3.000000 10.500000 7.500000
v -3.000000 10.500000 5.750000
v 9.500000 -2.000000 1.000000
v 10.000000 -2.000000 1.000000
v 9.500000 -2.000000 2.750000
v 9.500000 -2.000000 5.750000
v 9.500000 3.500000 4.750000
v 9.500000 2.000000 5.750000
v 9.500000 -3.500000 4.750000
v 9.500000 -3.500000 9.000000
v 9.500000 -2.000000 8.500000
v 9.500000 -2.000000 9.000000
v 10.000000 5.500000 8.500000
v 10.000000 11.000000 10.500000
v 10.000000 9.500000 8.500000
v 2.000000 4.000000 7.500000
v -1.500000 4.000000 9.000000
v -0.500000 4.000000 7.500000
v 9.500000 9.500000 8.500000
v 9.500000 10.500000 7.500000
v 9.500000 10.500000 8.500000
v 9.500000 4.000000 4.750000
v 9.500000 10.500000 4.750000
v 9.500000 5.500000 5.750000
v 9.500000 9.500000 5.750000
v 9.500000 10.500000 7.500000
v 9.500000 9.500000 8.500000
v 9.500000 -9.500000 8.500000
v 9.500000 -10.500000 9.000000
v 9.500000 -9.500000 5.750000
v 9.500000 -4.000000 9.000000
v 9.500000 -10.500000 9.000000
v 9.500000 -5.500000 8.500000
v 9.500000 -9.500000 5.750000
v 9.500000 -10.500000 4.750000
v 9.500000 -9.500000 4.750000
v 8.500000 11.000000 3.750000
v 8.500000 10.500000 3.750000
v 8.500000 11.000000 2.750000
v 8.500000 11.000000 1.000000
v 8.500000 11.000000 2.750000
v 8.500000 10.500000 1.000000
v -0.500000 -4.000000 4.750000
v -1.500000 -7.000000 4.750000
v -1.500000 -4.000000 4.750000
v 2.000000 -4.000000 4.750000
v -1.500000 -7.000000 4.750000
v -1.500000 -9.500000 4.750000
v -2.000000 -9.500000 4.750000
v 2.000000 -4.000000 4.750000
v 2.000000 -3.500000 4.750000
v -0.500000 -3.500000 4.750000
v 2.000000 3.500000 4.750000
v 2.000000 -3.500000 4.750000
v -0.500000 3.500000 4.750000
v 2.000000 3.500000 4.750000
v -0.500000 -3.500000 4.750000
v -1.500000 -7.000000 4.750000
v -2.000000 -9.500000 4.750000
v -2.000000 -7.000000 4.750000
v -1.500000 -9.500000 4.750000
v 9.500000 -10.500000 4.750000
v -1.500000 -10.500000 4.750000
v -1.500000 -9.500000 4.750000
v 9.500000 -9.500000 4.750000
v -1.500000 -9.500000 4.750000
v 2.000000 -4.000000 4.750000
v -1.500000 -7.000000 4.750000
v 2.000000 -4.000000 4.750000
v -1.500000 -9.500000 4.750000
v -0.500000 10.500000 4.750000
v 2.000000 4.000000 4.750000
v -0.500000 4.000000 4.750000
v 2.000000 3.500000 4.750000
v -0.500000 4.000000 4.750000
v -0.500000 3.500000 4.750000
v 9.500000 -3.500000 4.750000
v 2.000000 3.500000 4.750000
v 9.500000 3.500000 4.750000
v 2.000000 -3.500000 4.750000
v 2.000000 3.500000 4.750000
v 9.500000 -9.500000 4.750000
v 2.000000 -4.000000 4.750000
v 9.500000 -4.000000 4.750000
v -2.000000 -10.500000 9.000000
v -2.000000 -7.000000 7.500000
v -2.000000 10.500000 9.000000
v -2.000000 -9.500000 7.500000
v -2.000000 -10.500000 4.750000
v -2.000000 -9.500000 4.750000
v -2.000000 10.500000 7.500000
v -2.000000 -7.000000 4.750000
v -2.000000 10.500000 4.750000
v -2.000000 10.500000 7.500000
v -2.000000 -7.000000 7.500000
v -2.000000 -7.000000 4.750000
v -2.000000 10.500000 7.500000
v -2.000000 10.500000 9.000000
v -2.000000 -7.000000 7.500000
v 2.000000 3.500000 4.750000
v 9.500000 3.500000 5.750000
v 9.500000 3.500000 4.750000
v -3.000000 10.500000 8.500000
v -3.000000 11.000000 8.500000
v -6.000000 10.500000 8.500000
v -9.500000 5.500000 0.000000
v -9.500000 -0.500000 4.250000
v -9.500000 5.500000 4.250000
v -9.500000 5.500000 5.750000
v -9.500000 10.500000 9.000000
v -9.500000 6.000000 5.750000
v -9.500000 10.500000 9.000000
v -9.500000 5.500000 5.750000
v -9.500000 -0.500000 4.750000
v -9.500000 6.000000 5.750000
v -9.500000 10.500000 4.750000
v -9.500000 6.000000 4.750000
v -8.500000 11.000000 -5.000000
v -8.500000 11.000000 0.000000
v -10.000000 11.000000 -5.000000
v -0.500000 11.000000 8.500000
v -3.000000 11.000000 5.750000
v -0.500000 11.000000 5.750000
v -5.000000 11.000000 10.500000
v -3.000000 11.000000 8.500000
v -8.500000 11.000000 8.500000
v -10.000000 11.000000 10.500000
v -8.500000 11.000000 5.750000
v -8.500000 11.000000 2.750000
v -10.000000 11.000000 -5.000000
v -8.500000 11.000000 0.000000
v -6.000000 11.000000 2.750000
v -5.000000 11.000000 5.750000
v -0.500000 11.000000 8.500000
v -3.000000 11.000000 8.500000
v -3.000000 11.000000 5.750000
v -5.000000 11.000000 -5.000000
v -6.000000 11.000000 0.000000
v -6.000000 11.000000 -5.000000
v -8.500000 11.000000 -5.000000
v -6.000000 11.000000 -5.000000
v -8.500000 11.000000 0.000000
v -8.500000 11.000000 5.750000
v -8.500000 11.000000 2.750000
v -6.000000 11.000000 2.750000
v -0.500000 10.500000 1.000000
v -0.500000 10.500000 2.750000
v -0.500000 11.000000 1.000000
v -5.000000 -0.500000 4.750000
v -5.000000 5.500000 5.750000
v -5.000000 -0.500000 5.750000
v 9.500000 10.500000 9.500000
v 9.500000 -10.500000 9.500000
v -9.500000 10.500000 9.500000
v -10.000000 11.000000 10.500000
v -5.000000 11.000000 10.500000
v -9.500000 10.500000 10.500000
v 9.500000 10.500000 10.500000
v 10.000000 -11.000000 10.500000
v 9.500000 -10.500000 10.500000
v 10.000000 11.000000 10.500000
v 9.500000 10.500000 10.500000
v -5.000000 11.000000 10.500000
v 9.500000 10.500000 10.500000
v 10.000000 11.000000 10.500000
v 10.000000 -11.000000 10.500000
v 9.500000 -10.500000 10.500000
v -2.000000 -11.000000 10.500000
v -2.000000 -10.500000 10.500000
v -5.100000 -0.600000 5.837567
v -5.100000 5.400000 5.837567
v -4.400000 -0.600000 5.837567
v -4.400000 -0.600000 5.637567
v -4.400000 -0.600000 5.837567
v -4.400000 6.100000 5.637567
v -0.638357 11.100000 0.919996
v -0.638357 10.400000 1.120075
v -0.638357 10.400000 0.919996
v -2.862508 10.400000 8.606970
v -2.862508 11.100000 8.606970
v -2.862508 10.400000 8.406969
v 10.099999 9.558777 8.606970
v 9.400000 9.351835 8.606970
v 9.399999 9.558777 8.606970
v -2.862508 11.100000 8.606970
v -2.862508 10.400000 8.606970
v -3.069448 11.100000 8.606970
v -8.588772 11.100000 8.606970
v -8.381830 10.400000 8.606970
v -8.588772 10.400000 8.606970
v -8.588772 11.100000 8.606970
v -8.588772 10.400000 8.606970
v -8.588772 11.100000 8.406969
v -8.381830 10.400000 8.606970
v -8.381832 10.400000 8.406969
v -8.588772 10.400000 8.606970
v -8.381832 10.400000 5.853910
v -8.588772 10.400000 5.653831
v -3.069448 10.400000 5.853910
v -2.862508 10.400000 5.653831
v -2.862508 10.400000 8.406969
v -2.862508 10.400000 8.406969
v -3.069448 10.400000 5.853910
v -3.069448 10.400000 8.406969
v -8.381832 10.400000 8.406969
v -8.381832 10.400000 5.853910
v -8.588772 10.400000 8.606970
v -4.400000 -0.600000 5.637567
v -5.100000 5.400000 5.637567
v -5.100000 -0.600000 5.637567
v -5.100000 5.400000 5.637567
v -9.608031 6.100000 5.637567
v -9.608031 5.400000 5.637567
v 9.399999 -5.411839 0.919996
v 9.400000 -5.618779 1.120075
v 9.400000 -5.618779 0.919996
v 9.399999 2.048486 5.653832
v 9.400000 1.841546 5.853911
v 9.400000 1.841546 5.653832
v 9.400000 1.841546 8.406969
v 9.399999 2.048486 8.606970
v 9.400000 -5.618779 5.853911
v 9.400007 -9.381281 5.853911
v 9.400000 -5.618779 5.653832
v 9.400007 5.589335 1.120075
v 9.400000 9.351837 0.919996
v 9.400000 9.351837 1.120075
v 9.400007 5.589335 3.673134
v 9.400007 5.382394 3.873134
v 9.400007 5.589335 1.120075
v -0.431415 10.400000 8.606970
v -0.431417 10.400000 8.406969
v -0.638357 10.400000 8.606970
v -0.431417 10.400000 5.853910
v -0.638357 10.400000 5.653831
v 8.428592 10.400000 5.853910
v 8.635532 10.400000 5.653831
v 8.635532 10.400000 8.406969
v 8.635532 10.400000 8.406969
v 8.428592 10.400000 5.853910
v 8.428592 10.400000 8.406969
v -0.431417 10.400000 8.406969
v -0.431417 10.400000 5.853910
v -0.638357 10.400000 8.606970
v -0.431415 10.400000 8.606970
v 8.428592 10.400000 8.406969
v -0.431417 10.400000 8.406969
v 9.399999 -5.411839 5.653832
v 9.400000 -5.618779 5.853911
v 9.400000 -5.618779 5.653832
v 9.400000 -5.618779 8.406969
v 9.399999 -5.411839 8.606970
v 10.100008 -9.588221 5.653832
v 10.100008 -9.381281 5.853911
v 10.099999 -5.618779 5.653832
v 10.099999 -5.618779 5.653832
v 10.100008 -9.381281 5.853911
v 10.099999 -5.618779 5.853911
v 10.100008 -9.588221 8.606970
v 10.100008 -9.381281 5.853911
v 10.100008 -9.588221 5.653832
v 10.100008 -9.381281 8.406969
v 10.099999 -5.618779 8.606970
v 10.099999 -5.618779 8.406969
v 10.099999 -5.411839 8.606970
v 9.400000 -5.618781 8.606970
v 9.399999 -5.411839 8.606970
v 10.099999 -5.618779 8.606970
v 10.100008 -9.588221 8.606970
v 8.635532 10.400000 8.606970
v 8.635532 11.100000 8.606970
v 8.635532 10.400000 8.406969
v 8.635532 10.400000 5.653831
v 8.635532 11.100000 5.853910
v 8.635532 11.100000 5.653831
v -0.638357 11.100000 8.606970
v -0.431415 10.400000 8.606970
v -0.638357 10.400000 8.606970
v 8.635532 11.100000 3.873134
v 8.428593 10.400000 3.873134
v 8.428592 11.100000 3.873134
v -0.638357 11.100000 3.873134
v -0.638357 10.400000 3.873134
v 10.099999 2.048486 8.606970
v 9.400000 1.841544 8.606970
v 9.399999 2.048486 8.606970
v 10.100008 5.382395 8.606970
v 10.100008 5.589334 5.853911
v 10.100008 5.382395 5.653832
v 10.099999 9.558777 8.606970
v 10.100008 5.589334 8.406969
v 10.099999 9.351837 5.853911
v 10.099999 9.558777 5.653832
v 10.099999 9.351837 5.653832
v 10.100008 5.382395 5.653832
v 10.100008 5.589334 5.853911
v 10.100008 5.589334 5.653832
v 10.100008 5.382395 8.606970
v 10.100008 5.589334 8.406969
v 10.100008 5.589334 5.853911
v 10.099999 9.351837 8.406969
v 10.099999 9.558777 8.606970
v 10.099999 9.351837 5.853911
v -4.400000 6.100000 5.637567
v -4.400000 6.100000 5.837567
v -9.608031 6.100000 5.637567
v 8.428592 10.400000 1.120075
v -0.638357 10.400000 0.919996
v -0.431417 10.400000 1.120075
v -0.638357 10.400000 1.120075
v -0.431417 10.400000 1.120075
v -0.638357 10.400000 0.919996
v 8.428592 10.400000 1.120075
v 8.635532 10.400000 0.919996
v 8.635532 10.400000 3.873134
v 9.400007 5.589335 5.853911
v 9.400000 9.351837 5.653832
v 9.400000 9.351837 5.853911
v 9.400007 5.589335 8.406969
v 9.400007 5.382394 8.606970
v 9.400007 5.589335 5.853911
v 9.399999 9.558777 0.919996
v 9.400000 9.351837 1.120075
v 9.400000 9.351837 0.919996
v 9.399999 9.558777 5.653832
v 9.400000 9.351837 5.853911
v 9.400000 9.351837 5.653832
v 9.400000 9.351837 8.406969
v 9.399999 9.558777 8.606970
v 8.635532 11.100000 5.853910
v 8.428593 11.100000 5.853910
v 8.635532 11.100000 5.653831
v -0.431415 11.100000 5.653831
v 8.428593 11.100000 5.853910
v -0.431415 11.100000 5.853910
v 10.100008 5.382395 3.873134
v 10.100008 5.589334 1.120075
v 10.100008 5.382395 0.919996
v 10.099999 9.558777 3.873134
v 10.100008 5.589334 3.673134
v 10.099999 9.351837 1.120075
v 10.099999 9.558777 0.919996
v 10.099999 9.351837 0.919996
v 10.100008 5.382395 0.919996
v 10.100008 5.589334 1.120075
v 10.100008 5.589334 0.919996
v 10.100008 5.382395 3.873134
v 10.100008 5.589334 3.673134
v 10.100008 5.589334 1.120075
v 10.099999 9.351837 3.673134
v 10.099999 9.558777 3.873134
v 10.099999 9.351837 1.120075
v 9.400000 1.841546 5.853911
v 9.400007 -1.920956 5.853911
v 9.400000 1.841546 5.653832
v 9.399999 2.048486 0.919996
v 9.400000 1.841546 1.120075
v 9.400000 1.841546 0.919996
v 10.100008 -2.127896 8.606970
v 10.100008 -1.920957 5.853911
v 10.100008 -2.127896 5.653832
v 10.099999 2.048486 8.606970
v 10.100008 -1.920957 8.406969
v 10.099999 1.841546 5.853911
v 10.099999 2.048486 5.653832
v 10.099999 1.841546 5.653832
v 10.100008 -2.127896 5.653832
v 10.100008 -1.920957 5.853911
v 10.100008 -1.920957 5.653832
v 10.100008 -2.127896 8.606970
v 10.100008 -1.920957 8.406969
v 10.100008 -1.920957 5.853911
v 10.099999 1.841546 8.406969
v 10.099999 2.048486 8.606970
v 10.099999 1.841546 5.853911
v 10.100008 -9.588221 3.873134
v 10.100008 -9.381281 1.120075
v 10.100008 -9.588221 0.919996
v 10.099999 -5.411839 3.873134
v 10.100008 -9.381281 3.673134
v 10.099999 -5.618779 1.120075
v 10.099999 -5.411839 0.919996
v 10.099999 -5.618779 0.919996
v 10.100008 -9.588221 0.919996
v 10.100008 -9.381281 1.120075
v 10.100008 -9.381281 0.919996
v 10.100008 -9.588221 3.873134
v 10.100008 -9.381281 3.673134
v 10.100008 -9.381281 1.120075
v 10.099999 -5.618779 3.673134
v 10.099999 -5.411839 3.873134
v 10.099999 -5.618779 1.120075
v 10.099999 -5.411839 0.919996
v 9.399999 -5.411839 3.673134
v 9.399999 -5.411839 0.919996
v 8.635532 11.100000 1.120075
v 8.428593 11.100000 3.673134
v 8.428593 11.100000 1.120075
v 8.635532 10.400000 0.919996
v 8.635532 11.100000 1.120075
v 8.635532 11.100000 0.919996
v -8.381830 10.400000 8.606970
v -3.069448 10.400000 8.406969
v -8.381832 10.400000 8.406969
v -3.069448 11.100000 8.606970
v -3.069448 11.100000 8.406969
v -2.862508 11.100000 8.606970
v -3.069448 11.100000 5.853910
v -2.862508 11.100000 5.653831
v -8.588772 11.100000 8.406969
v -8.381830 11.100000 5.853910
v -8.381830 11.100000 8.406969
v -3.069448 11.100000 8.406969
v -3.069448 11.100000 5.853910
v -2.862508 11.100000 8.606970
v -8.381830 11.100000 5.853910
v -2.862508 11.100000 5.653831
v -8.588772 11.100000 5.653831
v -8.588772 11.100000 8.406969
v 9.400007 -1.920956 1.120075
v 9.400000 1.841546 0.919996
v 9.400000 1.841546 1.120075
v 9.400007 -1.920956 3.673134
v 9.400007 -2.127897 3.873134
v 9.400007 -1.920956 1.120075
v -3.069448 11.100000 8.606970
v -8.381830 11.100000 8.406969
v -3.069448 11.100000 8.406969
v 10.099999 9.558777 0.919996
v 9.399999 9.558777 3.673134
v 9.399999 9.558777 0.919996
v 9.400007 -9.381281 1.120075
v 9.400000 -5.618779 0.919996
v 9.400000 -5.618779 1.120075
v 9.400007 -9.381281 3.673134
v 9.400007 -9.588223 3.873134
v 9.400007 -9.381281 1.120075
v 10.100008 -2.127896 3.873134
v 10.100008 -1.920957 1.120075
v 10.100008 -2.127896 0.919996
v 10.099999 2.048486 3.873134
v 10.100008 -1.920957 3.673134
v 10.099999 1.841546 1.120075
v 10.099999 2.048486 0.919996
v 10.099999 1.841546 0.919996
v 10.100008 -2.127896 0.919996
v 10.100008 -1.920957 1.120075
v 10.100008 -1.920957 0.919996
v 10.100008 -2.127896 3.873134
v 10.100008 -1.920957 3.673134
v 10.100008 -1.920957 1.120075
v 10.099999 1.841546 3.673134
v 10.099999 2.048486 3.873134
v 10.099999 1.841546 1.120075
v 10.099999 2.048486 0.919996
v 9.399999 2.048486 3.673134
v 9.399999 2.048486 0.919996
v 2.000000 4.000000 2.750000
v 2.000000 3.500000 0.000000
v 2.000000 4.000000 0.000000
v 2.000000 3.500000 2.750000
v 10.000000 -5.500000 1.000000
v 9.500000 -9.500000 1.000000
v 9.500000 -5.500000 1.000000
v 10.000000 -9.500000 1.000000
v 9.500000 9.500000 3.750000
v 10.000000 9.500000 2.750000
v 9.500000 9.500000 1.000000
v 10.000000 9.500000 3.750000
v 2.000000 -3.500000 2.750000
v 2.000000 -4.000000 -0.000000
v 2.000000 -3.500000 -0.000000
v 2.000000 -4.000000 2.750000
v 9.500000 -9.500000 4.750000
v 9.500000 -4.000000 4.750000
v 9.500000 -5.500000 5.750000
v 9.500000 -4.000000 5.750000
v 10.000000 2.000000 3.750000
v 9.500000 2.000000 1.000000
v 9.500000 2.000000 3.750000
v 10.000000 2.000000 1.000000
v -0.500000 10.500000 3.750000
v 8.500000 11.000000 3.750000
v -0.500000 11.000000 3.750000
v 8.500000 10.500000 3.750000
v -1.500000 -7.000000 2.750000
v -2.000000 -7.000000 -0.000000
v -2.000000 -7.000000 2.750000
v -1.500000 -7.000000 -0.000000
v 9.500000 -4.000000 4.250000
v 9.500000 -5.500000 3.750000
v 9.500000 -4.000000 2.750000
v 9.500000 -5.500000 4.250000
v -1.500000 -7.000000 7.500000
v -2.000000 -7.000000 4.750000
v -2.000000 -7.000000 7.500000
v -1.500000 -7.000000 4.750000
v 9.500000 -10.500000 -0.000000
v -1.500000 -10.500000 4.250000
v -1.500000 -10.500000 -0.000000
v 9.500000 -10.500000 4.250000
v 9.500000 -3.500000 2.750000
v 9.500000 -2.000000 3.750000
v 9.500000 -3.500000 3.750000
v 9.500000 -2.000000 2.750000
v 10.000000 -9.500000 7.500000
v 9.500000 -9.500000 5.750000
v 10.000000 -9.500000 5.750000
v 9.500000 -9.500000 8.500000
v 9.500000 4.000000 2.750000
v 9.500000 5.500000 3.750000
v 9.500000 4.000000 3.750000
v 9.500000 5.500000 2.750000
v -1.500000 10.500000 0.000000
v -1.500000 10.500000 2.750000
v -0.500000 10.500000 1.000000
v -0.500000 10.500000 2.750000
v 8.500000 11.000000 8.500000
v 8.500000 10.500000 7.500000
v 8.500000 11.000000 5.750000
v 8.500000 10.500000 8.500000
v 2.000000 -4.000000 7.500000
v 2.000000 -3.500000 4.750000
v 2.000000 -3.500000 7.500000
v 2.000000 -4.000000 4.750000
v -0.500000 4.000000 7.500000
v -0.500000 3.500000 4.750000
v -0.500000 3.500000 7.500000
v -0.500000 4.000000 4.750000
v -2.000000 -9.500000 7.500000
v -1.500000 -9.500000 4.750000
v -1.500000 -9.500000 7.500000
v -2.000000 -9.500000 4.750000
v -9.500000 -10.500000 4.750000
v -2.000000 -10.500000 9.000000
v -9.500000 -10.500000 9.000000
v -2.000000 -10.500000 4.750000
v -1.500000 4.000000 4.750000
v -1.500000 10.500000 9.000000
v -1.500000 10.500000 4.750000
v -1.500000 4.000000 9.000000
v -0.500000 -3.500000 -0.000000
v -0.500000 -4.000000 2.750000
v -0.500000 -3.500000 2.750000
v -0.500000 -4.000000 -0.000000
v -8.500000 11.000000 2.750000
v -8.500000 10.500000 0.000000
v -8.500000 10.500000 2.750000
v -8.500000 11.000000 0.000000
v 2.000000 4.000000 7.500000
v 2.000000 3.500000 4.750000
v 2.000000 4.000000 4.750000
v 2.000000 3.500000 7.500000
v 9.500000 -4.000000 4.250000
v 2.000000 -4.000000 2.750000
v -1.500000 -4.000000 4.250000
v -0.500000 -4.000000 2.750000
v -1.500000 -4.000000 -0.000000
v -0.500000 -4.000000 -0.000000
v 10.000000 9.500000 3.750000
v 9.500000 5.500000 3.750000
v 10.000000 5.500000 3.750000
v 9.500000 9.500000 3.750000
v 9.500000 2.000000 3.750000
v 10.000000 -2.000000 3.750000
v 10.000000 2.000000 3.750000
v 9.500000 -2.000000 3.750000
v 10.000000 -5.500000 3.750000
v 9.500000 -9.500000 3.750000
v 10.000000 -9.500000 3.750000
v 9.500000 -5.500000 3.750000
v -8.500000 11.000000 2.750000
v -6.000000 10.500000 2.750000
v -6.000000 11.000000 2.750000
v -8.500000 10.500000 2.750000
v -2.000000 -7.000000 2.750000
v -1.500000 -9.500000 2.750000
v -1.500000 -7.000000 2.750000
v -2.000000 -9.500000 2.750000
v -0.500000 -3.500000 2.750000
v 2.000000 -4.000000 2.750000
v 2.000000 -3.500000 2.750000
v -0.500000 -4.000000 2.750000
v -0.500000 4.000000 2.750000
v 2.000000 3.500000 2.750000
v 2.000000 4.000000 2.750000
v -0.500000 3.500000 2.750000
v 10.000000 9.500000 8.500000
v 9.500000 9.500000 5.750000
v 9.500000 9.500000 8.500000
v 10.000000 9.500000 5.750000
v 10.000000 5.500000 5.750000
v 10.000000 5.500000 3.750000
v 10.000000 2.000000 3.750000
v 10.000000 2.000000 5.750000
v 10.000000 2.000000 7.500000
v 9.500000 2.000000 8.500000
v 10.000000 2.000000 8.500000
v 9.500000 2.000000 5.750000
v -9.500000 10.500000 4.750000
v -8.500000 10.500000 5.750000
v -2.000000 10.500000 4.750000
v -3.000000 10.500000 5.750000
v -2.000000 10.500000 7.500000
v -3.000000 10.500000 7.500000
v -1.500000 -4.000000 9.000000
v 9.500000 -4.000000 9.000000
v 2.000000 -4.000000 7.500000
v -0.500000 -4.000000 7.500000
v -1.500000 -4.000000 4.750000
v -0.500000 -4.000000 4.750000
v 9.500000 10.500000 4.750000
v -0.500000 10.500000 4.750000
v 8.500000 10.500000 5.750000
v -0.500000 10.500000 5.750000
v -0.500000 4.000000 2.750000
v -0.500000 3.500000 0.000000
v -0.500000 3.500000 2.750000
v -0.500000 4.000000 0.000000
v 9.500000 -2.000000 8.500000
v 10.000000 -2.000000 5.750000
v 10.000000 -2.000000 8.500000
v 9.500000 -2.000000 5.750000
v 10.000000 -9.500000 2.750000
v 9.500000 -9.500000 1.000000
v 10.000000 -9.500000 1.000000
v 9.500000 -9.500000 3.750000
v 8.500000 11.000000 5.750000
v -0.500000 10.500000 5.750000
v -0.500000 11.000000 5.750000
v 8.500000 10.500000 5.750000
v -1.500000 -10.500000 9.000000
v 9.500000 -10.500000 4.750000
v 9.500000 -10.500000 9.000000
v -1.500000 -10.500000 4.750000
v -3.000000 11.000000 5.750000
v -3.000000 11.000000 8.500000
v -3.000000 10.500000 7.500000
v -3.000000 10.500000 8.500000
v -5.000000 5.500000 4.250000
v -9.500000 5.500000 5.750000
v -5.000000 5.500000 5.750000
v -9.500000 5.500000 4.250000
v -1.500000 -4.000000 4.250000
v 9.500000 -5.500000 4.250000
v 9.500000 -4.000000 4.250000
v -1.500000 -10.500000 4.250000
v 9.500000 -10.500000 4.250000
v 9.500000 3.500000 4.250000
v -1.500000 -3.500000 4.250000
v 9.500000 -3.500000 4.250000
v -1.500000 3.500000 4.250000
v 10.000000 -2.000000 3.750000
v 9.500000 -2.000000 2.750000
v 10.000000 -2.000000 1.000000
v 9.500000 -2.000000 3.750000
v -9.500000 -0.500000 4.250000
v -5.000000 5.500000 -0.500000
v -9.500000 5.500000 -0.500000
v -5.000000 -0.500000 4.250000
v 9.500000 4.000000 4.250000
v -1.500000 10.500000 4.250000
v -1.500000 4.000000 4.250000
v 9.500000 10.500000 4.250000
v -5.000000 -0.500000 4.250000
v -5.000000 5.500000 0.000000
v -5.000000 5.500000 -0.500000
v -5.000000 -0.500000 4.750000
v -5.000000 5.500000 0.000000
v -9.500000 -0.500000 4.750000
v -9.500000 5.500000 0.000000
v -5.000000 -0.500000 4.750000
v -1.500000 3.500000 9.000000
v -1.500000 -3.500000 4.750000
v -1.500000 -3.500000 9.000000
v -1.500000 3.500000 4.750000
v 10.000000 9.500000 1.000000
v 9.500000 5.500000 1.000000
v 9.500000 9.500000 1.000000
v 10.000000 5.500000 1.000000
v 10.000000 5.500000 5.750000
v 9.500000 9.500000 5.750000
v 10.000000 9.500000 5.750000
v 9.500000 5.500000 5.750000
v 9.500000 2.000000 5.750000
v 10.000000 -2.000000 5.750000
v 9.500000 -2.000000 5.750000
v 10.000000 2.000000 5.750000
v 10.000000 -9.500000 5.750000
v 9.500000 -5.500000 5.750000
v 10.000000 -5.500000 5.750000
v 9.500000 -9.500000 5.750000
v -4.500000 6.000000 5.750000
v -4.500000 -0.500000 5.750000
v -5.000000 5.500000 5.750000
v -5.000000 -0.500000 5.750000
v -4.500000 6.000000 5.750000
v -4.500000 -0.500000 4.750000
v -4.500000 -0.500000 5.750000
v -4.500000 6.000000 4.750000
v 10.000000 -5.500000 8.500000
v 9.500000 -5.500000 5.750000
v 9.500000 -5.500000 8.500000
v 10.000000 -5.500000 5.750000
v -9.500000 6.000000 4.750000
v -4.500000 6.000000 5.750000
v -9.500000 6.000000 5.750000
v -4.500000 6.000000 4.750000
v -9.500000 -10.500000 10.500000
v -2.000000 -11.000000 10.500000
v -10.000000 -11.000000 10.500000
v -2.000000 -10.500000 10.500000
v -4.500000 -0.500000 4.750000
v -5.000000 -0.500000 5.750000
v -4.500000 -0.500000 5.750000
v -5.000000 -0.500000 4.750000
v -8.500000 11.000000 5.750000
v -8.500000 10.500000 8.500000
v -8.500000 11.000000 8.500000
v -8.500000 10.500000 5.750000
v -6.000000 10.500000 2.750000
v -6.000000 11.000000 0.000000
v -6.000000 11.000000 2.750000
v -6.000000 10.500000 0.000000
v -1.500000 -7.000000 7.500000
v -1.500000 -10.500000 9.000000
v -1.500000 -4.000000 9.000000
v -1.500000 -9.500000 7.500000
v -1.500000 -10.500000 4.750000
v -1.500000 -9.500000 4.750000
v -6.000000 10.500000 9.000000
v -3.000000 10.500000 8.500000
v -6.000000 10.500000 8.500000
v -2.000000 10.500000 9.000000
v -2.000000 -9.500000 2.750000
v -1.500000 -9.500000 -0.000000
v -1.500000 -9.500000 2.750000
v -2.000000 -9.500000 -0.000000
v 9.500000 2.000000 8.500000
v 9.500000 3.500000 5.750000
v 9.500000 3.500000 9.000000
v 9.500000 2.000000 5.750000
v 2.000000 3.500000 7.500000
v -1.500000 3.500000 9.000000
v 9.500000 3.500000 9.000000
v -0.500000 3.500000 7.500000
v -1.500000 3.500000 4.750000
v -0.500000 3.500000 4.750000
v -6.000000 10.500000 8.500000
v -8.500000 11.000000 8.500000
v -8.500000 10.500000 8.500000
v -3.000000 11.000000 8.500000
v -9.500000 5.500000 5.750000
v -9.500000 5.500000 4.250000
v -9.500000 -0.500000 4.750000
v -9.500000 -0.500000 4.250000
v -9.500000 -10.500000 -0.000000
v -9.500000 -10.500000 4.250000
v -9.500000 5.500000 0.000000
v -9.500000 10.500000 4.250000
v -9.500000 10.500000 0.000000
v -9.500000 10.500000 9.000000
v -9.500000 -10.500000 9.000000
v -9.500000 -10.500000 4.750000
v 9.500000 5.500000 8.500000
v 9.500000 9.500000 8.500000
v 9.500000 10.500000 9.000000
v 9.500000 10.500000 8.500000
v 10.000000 2.000000 1.000000
v 9.500000 -2.000000 1.000000
v 9.500000 2.000000 1.000000
v 10.000000 -2.000000 1.000000
v 10.000000 9.500000 8.500000
v 9.500000 5.500000 8.500000
v 10.000000 5.500000 8.500000
v 9.500000 9.500000 8.500000
v 9.500000 2.000000 8.500000
v 10.000000 -2.000000 8.500000
v 10.000000 2.000000 8.500000
v 9.500000 -2.000000 8.500000
v 10.000000 -5.500000 8.500000
v 9.500000 -9.500000 8.500000
v 10.000000 -9.500000 8.500000
v 9.500000 -5.500000 8.500000
v -0.500000 -3.500000 7.500000
v 2.000000 -4.000000 7.500000
v 2.000000 -3.500000 7.500000
v -0.500000 -4.000000 7.500000
v -1.500000 -7.000000 7.500000
v -2.000000 -9.500000 7.500000
v -1.500000 -9.500000 7.500000
v -2.000000 -7.000000 7.500000
v -0.500000 4.000000 7.500000
v 2.000000 3.500000 7.500000
v 2.000000 4.000000 7.500000
v -0.500000 3.500000 7.500000
v -0.500000 11.000000 1.000000
v -0.500000 10.500000 2.750000
v -0.500000 11.000000 3.750000
v -0.500000 10.500000 3.750000
v -0.500000 11.000000 8.500000
v -0.500000 10.500000 5.750000
v -0.500000 10.500000 8.500000
v -0.500000 11.000000 5.750000
v -5.000000 -0.500000 4.750000
v -5.000000 5.500000 4.250000
v -5.000000 5.500000 5.750000
v -5.000000 -0.500000 4.250000
v -9.500000 -10.500000 4.250000
v -2.000000 -10.500000 -0.000000
v -2.000000 -10.500000 4.250000
v -9.500000 -10.500000 -0.000000
v -9.500000 2.000000 10.500000
v -9.500000 -10.500000 9.500000
v -9.500000 -10.500000 10.500000
v -9.500000 10.500000 9.500000
v -9.500000 10.500000 10.500000
v 9.500000 -10.500000 9.500000
v 9.500000 10.500000 10.500000
v 9.500000 -10.500000 10.500000
v 9.500000 10.500000 9.500000
v -5.000000 11.000000 5.750000
v -8.500000 10.500000 5.750000
v -8.500000 11.000000 5.750000
v -3.000000 10.500000 5.750000
v -3.000000 11.000000 5.750000
v 9.500000 10.500000 9.500000
v -9.500000 10.500000 10.500000
v 9.500000 10.500000 10.500000
v -9.500000 10.500000 9.500000
v -1.500000 3.500000 4.250000
v -1.500000 -3.500000 -0.000000
v -1.500000 -3.500000 4.250000
v -1.500000 3.500000 0.000000
v -0.500000 -3.500000 7.500000
v -0.500000 -4.000000 4.750000
v -0.500000 -4.000000 7.500000
v -0.500000 -3.500000 4.750000
v 9.500000 4.000000 9.000000
v -1.500000 10.500000 9.000000
v -1.500000 4.000000 9.000000
v 9.500000 10.500000 9.000000
v 9.500000 -2.000000 9.000000
v -1.500000 -3.500000 9.000000
v 9.500000 -3.500000 9.000000
v -1.500000 3.500000 9.000000
v 9.500000 3.500000 9.000000
v -1.500000 -10.500000 9.000000
v 9.500000 -4.000000 9.000000
v -1.500000 -4.000000 9.000000
v 9.500000 -10.500000 9.000000
v -5.100000 5.400000 5.837567
v -5.100000 -0.600000 5.637567
v -5.100000 5.400000 5.637567
v -5.100000 -0.600000 5.837567
v -5.100000 -0.600000 5.837567
v -4.400000 -0.600000 5.637567
v -5.100000 -0.600000 5.637567
v -4.400000 -0.600000 5.837567
v -9.608031 6.100000 5.837567
v -5.100000 5.400000 5.837567
v -9.608031 5.400000 5.837567
v -4.400000 6.100000 5.837567
v -4.400000 -0.600000 5.837567
v -0.619267 4.100001 7.649993
v 2.079384 3.400000 7.649993
v -0.619267 3.400000 7.649993
v 2.079384 4.100001 7.649993
v -5.100000 5.400000 5.837567
v -9.608031 5.400000 5.637567
v -9.608031 5.400000 5.837567
v -5.100000 5.400000 5.637567
v -0.638357 11.100000 0.919996
v -0.638357 11.100000 3.873134
v -0.638357 10.400000 1.120075
v -0.638357 10.400000 3.873134
v -1.399999 -9.366198 7.414272
v -2.100000 -9.366197 4.701622
v -1.399999 -9.366198 4.701622
v -2.100000 -9.366197 7.414272
v 2.079384 3.400000 -0.063734
v 2.079384 4.100001 2.848917
v 2.079384 4.100001 -0.063734
v 2.079384 3.400000 2.848917
v 9.400007 -9.588223 0.919996
v 10.100008 -9.588221 3.873134
v 10.100008 -9.588221 0.919996
v 9.400007 -9.588223 3.873134
v -2.100002 -7.081428 7.414272
v -1.400001 -7.081429 4.701622
v -2.100002 -7.081428 4.701622
v -1.400001 -7.081429 7.414272
v -2.100000 -9.366197 7.414272
v -1.400001 -7.081429 7.414272
v -2.100002 -7.081428 7.414272
v -1.399999 -9.366198 7.414272
v -1.400001 -6.874487 7.614272
v -1.400001 -7.081429 7.414272
v -1.399999 -9.573137 7.614272
v -1.399999 -9.366198 7.414272
v -1.399999 -9.573137 4.701622
v -1.399999 -9.366198 4.701622
v -2.100002 -7.081428 4.701622
v -1.400001 -6.874487 4.701622
v -2.100002 -6.874488 4.701622
v -1.400001 -7.081429 4.701622
v -2.100000 -9.573138 4.701622
v -1.399999 -9.366198 4.701622
v -2.100000 -9.366197 4.701622
v -1.399999 -9.573137 4.701622
v 2.079384 3.400000 4.737343
v 2.079384 4.100001 7.649993
v 2.079384 4.100001 4.737343
v 2.079384 3.400000 7.649993
v -2.862508 11.100000 5.653831
v -2.862508 10.400000 8.406969
v -2.862508 11.100000 8.606970
v -2.862508 10.400000 5.653831
v -8.393726 10.400000 2.648917
v -8.393724 11.100000 -0.063734
v -8.393726 10.400000 -0.063734
v -8.393724 11.100000 2.648917
v -8.600666 11.100000 2.848917
v -5.902016 10.400000 2.848917
v -8.600666 10.400000 2.848917
v -5.902016 11.100000 2.848917
v -6.108955 11.100000 2.648917
v -6.108957 10.400000 -0.063734
v -6.108955 11.100000 -0.063734
v -6.108957 10.400000 2.648917
v -8.393724 11.100000 2.648917
v -6.108957 10.400000 2.648917
v -6.108955 11.100000 2.648917
v -8.393726 10.400000 2.648917
v -6.108955 11.100000 -0.063734
v -5.902016 10.400000 -0.063734
v -5.902016 11.100000 -0.063734
v -6.108957 10.400000 -0.063734
v -8.600666 11.100000 -0.063734
v -8.393726 10.400000 -0.063734
v -8.393724 11.100000 -0.063734
v -8.600666 10.400000 -0.063734
v -0.619267 4.100001 4.737343
v -0.619267 3.400000 7.649993
v -0.619267 3.400000 4.737343
v -0.619267 4.100001 7.649993
v -0.619267 -3.399999 -0.063734
v -0.619267 -4.100000 2.848917
v -0.619267 -4.100000 -0.063734
v -0.619267 -3.399999 2.848917
v -0.412327 3.400000 2.648917
v -0.412325 4.100001 -0.063734
v -0.412327 3.400000 -0.063734
v -0.412325 4.100001 2.648917
v 1.872444 4.100001 2.648917
v 1.872442 3.400000 -0.063734
v 1.872444 4.100001 -0.063734
v 1.872442 3.400000 2.648917
v -0.412325 4.100001 2.648917
v 1.872442 3.400000 2.648917
v 1.872444 4.100001 2.648917
v -0.412327 3.400000 2.648917
v -0.619267 4.100001 2.848917
v 2.079384 3.400000 2.848917
v -0.619267 3.400000 2.848917
v 2.079384 4.100001 2.848917
v 1.872444 4.100001 -0.063734
v 2.079384 3.400000 -0.063734
v 2.079384 4.100001 -0.063734
v 1.872442 3.400000 -0.063734
v -0.619267 4.100001 -0.063734
v -0.412327 3.400000 -0.063734
v -0.412325 4.100001 -0.063734
v -0.619267 3.400000 -0.063734
v 2.079384 -4.100000 -0.063734
v 2.079384 -3.399999 2.848917
v 2.079384 -3.399999 -0.063734
v 2.079384 -4.100000 2.848917
v 10.099999 9.558777 5.653832
v 9.399999 9.558777 8.606970
v 9.399999 9.558777 5.653832
v 10.099999 9.558777 8.606970
v -0.412327 -4.100000 2.648917
v -0.412325 -3.399999 -0.063734
v -0.412327 -4.100000 -0.063734
v -0.412325 -3.399999 2.648917
v 1.872444 -3.399999 2.648917
v 1.872442 -4.100000 -0.063734
v 1.872444 -3.399999 -0.063734
v 1.872442 -4.100000 2.648917
v -0.412325 -3.399999 2.648917
v 1.872442 -4.100000 2.648917
v 1.872444 -3.399999 2.648917
v -0.412327 -4.100000 2.648917
v -0.619267 -3.399999 2.848917
v 2.079384 -4.100000 2.848917
v -0.619267 -4.100000 2.848917
v 2.079384 -3.399999 2.848917
v 1.872444 -3.399999 -0.063734
v 2.079384 -4.100000 -0.063734
v 2.079384 -3.399999 -0.063734
v 1.872442 -4.100000 -0.063734
v -0.619267 -3.399999 -0.063734
v -0.412327 -4.100000 -0.063734
v -0.412325 -3.399999 -0.063734
v -0.619267 -4.100000 -0.063734
v 9.400000 9.351835 8.606970
v 10.099999 9.558777 8.606970
v 10.100008 5.382395 8.606970
v 9.400007 5.382394 8.606970
v -2.100000 -9.573138 4.701622
v -1.399999 -9.573137 7.614272
v -1.399999 -9.573137 4.701622
v -2.100000 -9.573138 7.614272
v -2.100000 -9.573138 2.848917
v -2.100000 -9.366197 2.648917
v -2.100002 -6.874488 2.848917
v -2.100002 -7.081428 2.648917
v -2.100002 -6.874488 -0.063734
v -2.100002 -7.081428 -0.063734
v -1.400001 -6.874487 4.701622
v -2.100002 -6.874488 7.614272
v -2.100002 -6.874488 4.701622
v -1.400001 -6.874487 7.614272
v -1.400001 -6.874487 2.848917
v -1.400001 -7.081429 2.648917
v -1.399999 -9.573137 2.848917
v -1.399999 -9.366198 2.648917
v -1.399999 -9.573137 -0.063734
v -1.399999 -9.366198 -0.063734
v -1.399999 -9.366198 2.648917
v -2.100000 -9.366197 -0.063734
v -1.399999 -9.366198 -0.063734
v -2.100000 -9.366197 2.648917
v -2.100002 -7.081428 2.648917
v -1.400001 -7.081429 -0.063734
v -2.100002 -7.081428 -0.063734
v -1.400001 -7.081429 2.648917
v -2.100000 -9.366197 2.648917
v -1.400001 -7.081429 2.648917
v -2.100002 -7.081428 2.648917
v -1.399999 -9.366198 2.648917
v -2.100002 -7.081428 -0.063734
v -1.400001 -6.874487 -0.063734
v -2.100002 -6.874488 -0.063734
v -1.400001 -7.081429 -0.063734
v -2.100000 -9.573138 -0.063734
v -1.399999 -9.366198 -0.063734
v -2.100000 -9.366197 -0.063734
v -1.399999 -9.573137 -0.063734
v -8.381832 10.400000 8.406969
v -8.381830 11.100000 5.853910
v -8.381832 10.400000 5.853910
v -8.381830 11.100000 8.406969
v -8.588772 11.100000 8.606970
v -3.069448 11.100000 8.606970
v -8.381830 10.400000 8.606970
v -2.862508 10.400000 8.606970
v -3.069448 11.100000 8.406969
v -3.069448 10.400000 5.853910
v -3.069448 11.100000 5.853910
v -3.069448 10.400000 8.406969
v -8.381830 11.100000 8.406969
v -3.069448 10.400000 8.406969
v -3.069448 11.100000 8.406969
v -8.381832 10.400000 8.406969
v -3.069448 10.400000 5.853910
v -8.381830 11.100000 5.853910
v -3.069448 11.100000 5.853910
v -8.381832 10.400000 5.853910
v -8.588772 10.400000 5.653831
v -8.588772 11.100000 8.406969
v -8.588772 10.400000 8.606970
v -8.588772 11.100000 5.653831
v 2.079384 -4.100000 4.737343
v 2.079384 -3.399999 7.649993
v 2.079384 -3.399999 4.737343
v 2.079384 -4.100000 7.649993
v -0.412327 -4.100000 7.449993
v -0.412325 -3.399999 4.737343
v -0.412327 -4.100000 4.737343
v -0.412325 -3.399999 7.449993
v 9.400007 -9.588223 3.873134
v 10.099999 -5.411839 3.873134
v 10.100008 -9.588221 3.873134
v 9.399999 -5.411839 3.873134
v 1.872444 -3.399999 7.449993
v 1.872442 -4.100000 4.737343
v 1.872444 -3.399999 4.737343
v 1.872442 -4.100000 7.449993
v -0.412325 -3.399999 7.449993
v 1.872442 -4.100000 7.449993
v 1.872444 -3.399999 7.449993
v -0.412327 -4.100000 7.449993
v -0.619267 -3.399999 7.649993
v 2.079384 -4.100000 7.649993
v -0.619267 -4.100000 7.649993
v 2.079384 -3.399999 7.649993
v 1.872444 -3.399999 4.737343
v 2.079384 -4.100000 4.737343
v 2.079384 -3.399999 4.737343
v 1.872442 -4.100000 4.737343
v -0.619267 -3.399999 4.737343
v -0.412327 -4.100000 4.737343
v -0.412325 -3.399999 4.737343
v -0.619267 -4.100000 4.737343
v 2.079384 3.400000 7.649993
v 1.872442 3.400000 7.449993
v -0.619267 3.400000 7.649993
v -0.412327 3.400000 7.449993
v -0.619267 3.400000 4.737343
v -0.412327 3.400000 4.737343
v 9.400007 -2.127897 3.873134
v 10.099999 2.048486 3.873134
v 10.100008 -2.127896 3.873134
v 9.399999 2.048486 3.873134
v -0.412327 3.400000 7.449993
v -0.412325 4.100001 4.737343
v -0.412327 3.400000 4.737343
v -0.412325 4.100001 7.449993
v -5.100000 5.400000 5.637567
v -4.400000 6.100000 5.637567
v -9.608031 6.100000 5.637567
v -4.400000 -0.600000 5.637567
v -1.400001 -6.874487 -0.063734
v -2.100002 -6.874488 2.848917
v -2.100002 -6.874488 -0.063734
v -1.400001 -6.874487 2.848917
v 1.872444 4.100001 7.449993
v 1.872442 3.400000 4.737343
v 1.872444 4.100001 4.737343
v 1.872442 3.400000 7.449993
v -0.412325 4.100001 7.449993
v 1.872442 3.400000 7.449993
v 1.872444 4.100001 7.449993
v -0.412327 3.400000 7.449993
v 1.872444 4.100001 4.737343
v 2.079384 3.400000 4.737343
v 2.079384 4.100001 4.737343
v 1.872442 3.400000 4.737343
v -0.619267 4.100001 4.737343
v -0.412327 3.400000 4.737343
v -0.412325 4.100001 4.737343
v -0.619267 3.400000 4.737343
v 9.399999 -5.411839 0.919996
v 9.399999 -5.411839 3.673134
v 9.400000 -5.618779 1.120075
v 9.400000 -5.618779 3.673134
v -8.588772 11.100000 5.653831
v -2.862508 10.400000 5.653831
v -2.862508 11.100000 5.653831
v -8.588772 10.400000 5.653831
v 10.100008 -9.381281 8.406969
v 9.400007 -9.381281 5.853911
v 10.100008 -9.381281 5.853911
v 9.400007 -9.381281 8.406969
v 9.400000 -5.618779 8.406969
v 10.099999 -5.618779 5.853911
v 9.400000 -5.618779 5.853911
v 10.099999 -5.618779 8.406969
v 9.400007 -9.381281 8.406969
v 10.099999 -5.618779 8.406969
v 9.400000 -5.618779 8.406969
v 10.100008 -9.381281 8.406969
v 10.099999 -5.618779 5.853911
v 9.400007 -9.381281 5.853911
v 9.400000 -5.618779 5.853911
v 10.100008 -9.381281 5.853911
v 10.099999 -5.411839 5.653832
v 10.099999 -5.618779 5.853911
v 10.099999 -5.411839 8.606970
v 10.099999 -5.618779 5.653832
v -0.431415 10.400000 8.606970
v 8.635532 10.400000 8.606970
v 8.428592 10.400000 8.406969
v 8.635532 10.400000 8.406969
v -0.431417 10.400000 8.406969
v -0.431415 11.100000 5.853910
v -0.431417 10.400000 5.853910
v -0.431415 11.100000 8.406969
v 8.428593 11.100000 8.406969
v 8.428592 10.400000 5.853910
v 8.428593 11.100000 5.853910
v 8.428592 10.400000 8.406969
v -0.431415 11.100000 8.406969
v 8.428592 10.400000 8.406969
v 8.428593 11.100000 8.406969
v -0.431417 10.400000 8.406969
v 8.635532 10.400000 5.653831
v 8.635532 10.400000 8.406969
v 8.635532 11.100000 5.853910
v 8.635532 11.100000 8.606970
v 8.428592 10.400000 5.853910
v -0.431415 11.100000 5.853910
v 8.428593 11.100000 5.853910
v -0.431417 10.400000 5.853910
v -0.638357 11.100000 8.606970
v 8.635532 11.100000 8.606970
v -0.431415 10.400000 8.606970
v 8.635532 10.400000 8.606970
v -0.619267 4.100001 -0.063734
v -0.619267 3.400000 2.848917
v -0.619267 3.400000 -0.063734
v -0.619267 4.100001 2.848917
v 10.099999 2.048486 5.653832
v 9.399999 2.048486 8.606970
v 9.399999 2.048486 5.653832
v 10.099999 2.048486 8.606970
v -0.638357 11.100000 5.653831
v -0.638357 10.400000 8.606970
v -0.638357 10.400000 5.653831
v -0.638357 11.100000 8.606970
v 10.100008 5.589334 8.406969
v 9.400007 5.589335 5.853911
v 10.100008 5.589334 5.853911
v 9.400007 5.589335 8.406969
v -5.902016 10.400000 -0.063734
v -5.902016 11.100000 2.848917
v -5.902016 11.100000 -0.063734
v -5.902016 10.400000 2.848917
v 9.400000 9.351837 8.406969
v 10.099999 9.351837 5.853911
v 9.400000 9.351837 5.853911
v 10.099999 9.351837 8.406969
v 9.400007 5.589335 8.406969
v 10.099999 9.351837 8.406969
v 9.400000 9.351837 8.406969
v 10.100008 5.589334 8.406969
v 9.400000 1.841544 8.606970
v 10.099999 2.048486 8.606970
v 10.100008 -2.127896 8.606970
v 9.400007 -2.127897 8.606970
v 10.099999 9.351837 5.853911
v 9.400007 5.589335 5.853911
v 9.400000 9.351837 5.853911
v 10.100008 5.589334 5.853911
v 9.400007 5.382394 0.919996
v 10.100008 5.382395 3.873134
v 10.100008 5.382395 0.919996
v 9.400007 5.382394 3.873134
v 10.099999 9.351837 5.853911
v 10.100008 5.589334 5.653832
v 10.100008 5.589334 5.853911
v 10.099999 9.351837 5.653832
v 9.399999 9.558777 0.919996
v 9.399999 9.558777 3.673134
v 9.400000 9.351837 1.120075
v 9.400000 9.351837 3.673134
v -0.638357 10.400000 3.873134
v 8.428593 10.400000 3.873134
v -0.431417 10.400000 3.673134
v 8.428592 10.400000 3.673134
v 10.100008 -1.920957 8.406969
v 9.400007 -1.920956 5.853911
v 10.100008 -1.920957 5.853911
v 9.400007 -1.920956 8.406969
v 9.400000 1.841546 8.406969
v 10.099999 1.841546 5.853911
v 9.400000 1.841546 5.853911
v 10.099999 1.841546 8.406969
v 9.400007 -1.920956 8.406969
v 10.099999 1.841546 8.406969
v 9.400000 1.841546 8.406969
v 10.100008 -1.920957 8.406969
v -2.100000 -9.573138 7.614272
v -1.400001 -6.874487 7.614272
v -1.399999 -9.573137 7.614272
v -2.100002 -6.874488 7.614272
v 10.099999 1.841546 5.853911
v 9.400007 -1.920956 5.853911
v 9.400000 1.841546 5.853911
v 10.100008 -1.920957 5.853911
v 10.099999 -5.411839 5.653832
v 9.399999 -5.411839 8.606970
v 9.399999 -5.411839 5.653832
v 10.099999 -5.411839 8.606970
v 9.400007 5.382394 5.653832
v 10.100008 5.382395 8.606970
v 10.100008 5.382395 5.653832
v 9.400007 5.382394 8.606970
v 10.099999 1.841546 5.853911
v 10.100008 -1.920957 5.653832
v 10.100008 -1.920957 5.853911
v 10.099999 1.841546 5.653832
v 10.100008 -9.381281 3.673134
v 9.400007 -9.381281 1.120075
v 10.100008 -9.381281 1.120075
v 9.400007 -9.381281 3.673134
v 9.399999 2.048486 0.919996
v 9.399999 2.048486 3.673134
v 9.400000 1.841546 1.120075
v 9.400000 1.841546 3.673134
v 9.400000 -5.618779 3.673134
v 10.099999 -5.618779 1.120075
v 9.400000 -5.618779 1.120075
v 10.099999 -5.618779 3.673134
v 9.400007 -9.381281 3.673134
v 10.099999 -5.618779 3.673134
v 9.400000 -5.618779 3.673134
v 10.100008 -9.381281 3.673134
v -2.100000 -9.573138 2.848917
v -1.400001 -6.874487 2.848917
v -1.399999 -9.573137 2.848917
v -2.100002 -6.874488 2.848917
v 10.099999 -5.618779 1.120075
v 9.400007 -9.381281 1.120075
v 9.400000 -5.618779 1.120075
v 10.100008 -9.381281 1.120075
v 10.099999 -5.411839 0.919996
v 10.099999 -5.411839 3.873134
v 9.399999 -5.411839 3.673134
v 9.399999 -5.411839 3.873134
v 9.400007 -2.127897 5.653832
v 10.100008 -2.127896 8.606970
v 10.100008 -2.127896 5.653832
v 9.400007 -2.127897 8.606970
v 10.099999 -5.618779 1.120075
v 10.100008 -9.381281 0.919996
v 10.100008 -9.381281 1.120075
v 10.099999 -5.618779 0.919996
v 8.635532 11.100000 1.120075
v 8.635532 11.100000 3.873134
v 8.428593 11.100000 3.673134
v 8.428592 11.100000 3.873134
v -0.431417 10.400000 3.673134
v -0.431415 11.100000 1.120075
v -0.431417 10.400000 1.120075
v -0.431415 11.100000 3.673134
v -8.600666 11.100000 -0.063734
v -8.600666 10.400000 2.848917
v -8.600666 10.400000 -0.063734
v -8.600666 11.100000 2.848917
v 8.428593 11.100000 3.673134
v 8.428592 10.400000 1.120075
v 8.428593 11.100000 1.120075
v 8.428592 10.400000 3.673134
v -0.431415 11.100000 3.673134
v 8.428592 10.400000 3.673134
v 8.428593 11.100000 3.673134
v -0.431417 10.400000 3.673134
v 8.635532 10.400000 0.919996
v 8.635532 10.400000 3.873134
v 8.635532 11.100000 1.120075
v 8.635532 11.100000 3.873134
v 8.428592 10.400000 1.120075
v -0.431415 11.100000 1.120075
v 8.428593 11.100000 1.120075
v -0.431417 10.400000 1.120075
v 8.635532 10.400000 0.919996
v -0.638357 11.100000 0.919996
v -0.638357 10.400000 0.919996
v 8.635532 11.100000 0.919996
v -8.381830 10.400000 8.606970
v -2.862508 10.400000 8.606970
v -3.069448 10.400000 8.406969
v -2.862508 10.400000 8.406969
v 9.400007 -2.127897 0.919996
v 10.100008 -2.127896 3.873134
v 10.100008 -2.127896 0.919996
v 9.400007 -2.127897 3.873134
v 10.100008 5.589334 3.673134
v 9.400007 5.589335 1.120075
v 10.100008 5.589334 1.120075
v 9.400007 5.589335 3.673134
v -3.069448 11.100000 8.606970
v -8.588772 11.100000 8.606970
v -8.381830 11.100000 8.406969
v -8.588772 11.100000 8.406969
v 9.400000 9.351837 3.673134
v 10.099999 9.351837 1.120075
v 9.400000 9.351837 1.120075
v 10.099999 9.351837 3.673134
v 9.400007 5.589335 3.673134
v 10.099999 9.351837 3.673134
v 9.400000 9.351837 3.673134
v 10.100008 5.589334 3.673134
v 9.400007 5.382394 3.873134
v 10.099999 9.558777 3.873134
v 10.100008 5.382395 3.873134
v 9.399999 9.558777 3.873134
v 10.099999 9.351837 1.120075
v 9.400007 5.589335 1.120075
v 9.400000 9.351837 1.120075
v 10.100008 5.589334 1.120075
v 10.099999 9.558777 0.919996
v 10.099999 9.558777 3.873134
v 9.399999 9.558777 3.673134
v 9.399999 9.558777 3.873134
v -2.100000 -9.573138 7.614272
v -2.100000 -9.366197 7.414272
v -2.100002 -6.874488 7.614272
v -2.100002 -7.081428 7.414272
v -2.100002 -6.874488 4.701622
v -2.100002 -7.081428 4.701622
v 10.099999 9.351837 1.120075
v 10.100008 5.589334 0.919996
v 10.100008 5.589334 1.120075
v 10.099999 9.351837 0.919996
v 9.400007 -9.588223 5.653832
v 10.100008 -9.588221 8.606970
v 10.100008 -9.588221 5.653832
v 9.400007 -9.588223 8.606970
v 10.100008 -1.920957 3.673134
v 9.400007 -1.920956 1.120075
v 10.100008 -1.920957 1.120075
v 9.400007 -1.920956 3.673134
v -0.619267 -3.399999 4.737343
v -0.619267 -4.100000 7.649993
v -0.619267 -4.100000 4.737343
v -0.619267 -3.399999 7.649993
v 9.400000 1.841546 3.673134
v 10.099999 1.841546 1.120075
v 9.400000 1.841546 1.120075
v 10.099999 1.841546 3.673134
v 9.400007 -1.920956 3.673134
v 10.099999 1.841546 3.673134
v 9.400000 1.841546 3.673134
v 10.100008 -1.920957 3.673134
v 10.099999 1.841546 1.120075
v 9.400007 -1.920956 1.120075
v 9.400000 1.841546 1.120075
v 10.100008 -1.920957 1.120075
v 10.099999 2.048486 0.919996
v 10.099999 2.048486 3.873134
v 9.399999 2.048486 3.673134
v 9.399999 2.048486 3.873134
v -2.100000 -9.573138 -0.063734
v -1.399999 -9.573137 2.848917
v -1.399999 -9.573137 -0.063734
v -2.100000 -9.573138 2.848917
v -0.619267 4.100001 7.649993
v -0.412325 4.100001 7.449993
v 2.079384 4.100001 7.649993
v 1.872444 4.100001 7.449993
v 2.079384 4.100001 4.737343
v 1.872444 4.100001 4.737343
v 10.099999 1.841546 1.120075
v 10.100008 -1.920957 0.919996
v 10.100008 -1.920957 1.120075
v 10.099999 1.841546 0.919996
v 2.000000 11.000000 -5.000000
v -0.500000 11.000000 1.000000
v -5.000000 11.000000 -5.000000
v -5.000000 11.000000 5.750000
v -3.000000 11.000000 5.750000
v -0.500000 11.000000 3.750000
v -0.500000 11.000000 5.750000
v -0.500000 11.000000 8.500000
v 10.000000 11.000000 10.500000
v -5.000000 11.000000 10.500000
v 8.500000 11.000000 8.500000
v 10.000000 11.000000 5.750000
v 8.500000 11.000000 3.750000
v 10.000000 11.000000 2.750000
v 8.500000 11.000000 2.750000
v -0.500000 11.000000 3.750000
v 8.500000 11.000000 5.750000
v -0.500000 11.000000 5.750000
v 8.500000 11.000000 3.750000
v 9.500000 4.000000 0.000000
v 9.500000 5.500000 1.000000
v 9.500000 4.000000 2.750000
v 9.500000 5.500000 2.750000
v -1.500000 10.500000 0.000000
v -0.500000 10.500000 1.000000
v 8.500000 10.500000 0.000000
v 8.500000 10.500000 1.000000
v -10.000000 -11.000000 10.500000
v -2.000000 -11.000000 10.500000
v -10.000000 -11.000000 -5.000000
v 10.000000 -11.000000 2.750000
v 10.000000 -11.000000 5.750000
v 10.000000 -11.000000 10.500000
v 9.500000 -3.500000 2.750000
v 9.500000 -2.000000 1.000000
v 9.500000 -2.000000 2.750000
v 9.500000 -3.500000 -0.000000
v 9.500000 2.000000 1.000000
v 9.500000 3.500000 0.000000
v 9.500000 -5.500000 2.750000
v 10.000000 -5.500000 1.000000
v 9.500000 -5.500000 1.000000
v 10.000000 -5.500000 3.750000
v -1.500000 -7.000000 -0.000000
v -1.500000 -7.000000 2.750000
v -1.500000 -4.000000 -0.000000
v -1.500000 -4.000000 4.250000
v -1.500000 -10.500000 -0.000000
v -1.500000 -9.500000 2.750000
v -1.500000 -9.500000 -0.000000
v -1.500000 -10.500000 4.250000
v -1.500000 -7.000000 2.750000
v -1.500000 -4.000000 4.250000
v 10.000000 -11.000000 2.750000
v 10.000000 -9.500000 3.750000
v 10.000000 -9.500000 2.750000
v 10.000000 -11.000000 5.750000
v 10.000000 -5.500000 5.750000
v 10.000000 -5.500000 3.750000
v 10.000000 -2.000000 5.750000
v 10.000000 -5.500000 8.500000
v 10.000000 -2.000000 3.750000
v 10.000000 2.000000 3.750000
v 10.000000 -9.500000 7.500000
v 10.000000 -9.500000 5.750000
v 10.000000 -11.000000 5.750000
v 10.000000 -9.500000 3.750000
v -1.500000 10.500000 4.250000
v -0.500000 10.500000 3.750000
v -1.500000 10.500000 2.750000
v -0.500000 10.500000 2.750000
v 9.500000 -5.500000 1.000000
v 9.500000 -4.000000 2.750000
v 9.500000 -5.500000 2.750000
v 9.500000 -4.000000 -0.000000
v 9.500000 -5.500000 4.250000
v 9.500000 -9.500000 3.750000
v 9.500000 -5.500000 3.750000
v 9.500000 -10.500000 4.250000
v 9.500000 -9.500000 1.000000
v 9.500000 -10.500000 -0.000000
v 9.500000 -5.500000 1.000000
v 9.500000 -4.000000 -0.000000
v 10.000000 5.500000 7.500000
v 9.500000 5.500000 5.750000
v 10.000000 5.500000 5.750000
v 9.500000 5.500000 8.500000
v -0.500000 4.000000 0.000000
v -0.500000 4.000000 2.750000
v -1.500000 4.000000 0.000000
v -1.500000 4.000000 4.250000
v 2.000000 4.000000 2.750000
v 9.500000 4.000000 4.250000
v 2.000000 4.000000 2.750000
v 9.500000 4.000000 3.750000
v 9.500000 4.000000 2.750000
v 9.500000 4.000000 0.000000
v 2.000000 4.000000 0.000000
v -0.500000 -4.000000 -0.000000
v -1.500000 -7.000000 -0.000000
v -1.500000 -4.000000 -0.000000
v 2.000000 -4.000000 -0.000000
v 9.500000 -10.500000 -0.000000
v 9.500000 -4.000000 -0.000000
v -1.500000 -9.500000 -0.000000
v -0.500000 -3.500000 -0.000000
v 2.000000 -3.500000 -0.000000
v 2.000000 -4.000000 -0.000000
v 2.000000 3.500000 0.000000
v 9.500000 -3.500000 -0.000000
v 9.500000 3.500000 0.000000
v 2.000000 4.000000 0.000000
v -0.500000 3.500000 0.000000
v -0.500000 4.000000 0.000000
v -1.500000 10.500000 0.000000
v -1.500000 4.000000 0.000000
v 2.000000 4.000000 0.000000
v -2.000000 -7.000000 -0.000000
v -9.500000 5.500000 0.000000
v -2.000000 10.500000 0.000000
v -9.500000 -10.500000 -0.000000
v -0.500000 3.500000 0.000000
v 2.000000 3.500000 0.000000
v -0.500000 -3.500000 -0.000000
v 2.000000 -3.500000 -0.000000
v 8.500000 10.500000 0.000000
v 2.000000 4.000000 0.000000
v -1.500000 10.500000 0.000000
v 9.500000 4.000000 0.000000
v -1.500000 -7.000000 -0.000000
v -2.000000 -9.500000 -0.000000
v -2.000000 -7.000000 -0.000000
v -1.500000 -9.500000 -0.000000
v -9.500000 -10.500000 -0.000000
v -2.000000 -9.500000 -0.000000
v -2.000000 -10.500000 -0.000000
v -2.000000 -7.000000 -0.000000
v 9.500000 -4.000000 2.750000
v 2.000000 -4.000000 2.750000
v 9.500000 -4.000000 4.250000
v 2.000000 -4.000000 -0.000000
v -6.000000 10.500000 0.000000
v -6.000000 10.500000 2.750000
v -2.000000 10.500000 0.000000
v -2.000000 10.500000 4.250000
v -9.500000 10.500000 0.000000
v -8.500000 10.500000 2.750000
v -8.500000 10.500000 0.000000
v -9.500000 10.500000 4.250000
v -6.000000 10.500000 2.750000
v -2.000000 10.500000 4.250000
v -2.000000 10.500000 4.250000
v -2.000000 -7.000000 2.750000
v -2.000000 10.500000 0.000000
v -2.000000 -7.000000 -0.000000
v 10.000000 5.500000 3.750000
v 10.000000 9.500000 5.750000
v 10.000000 9.500000 3.750000
v 10.000000 5.500000 5.750000
v 10.000000 5.500000 2.750000
v 10.000000 2.000000 1.000000
v 10.000000 2.000000 3.750000
v 10.000000 5.500000 3.750000
v 9.500000 -4.000000 5.750000
v 2.000000 -4.000000 7.500000
v 9.500000 -4.000000 9.000000
v 2.000000 -4.000000 4.750000
v 9.500000 10.500000 4.750000
v 8.500000 10.500000 5.750000
v 9.500000 10.500000 7.500000
v 8.500000 10.500000 7.500000
v 2.000000 3.500000 0.000000
v 2.000000 3.500000 2.750000
v 9.500000 3.500000 0.000000
v 9.500000 3.500000 4.250000
v -1.500000 3.500000 0.000000
v -0.500000 3.500000 2.750000
v -0.500000 3.500000 0.000000
v -1.500000 3.500000 4.250000
v 2.000000 3.500000 2.750000
v 9.500000 3.500000 4.250000
v -0.500000 -3.500000 4.750000
v -0.500000 -3.500000 7.500000
v -1.500000 -3.500000 4.750000
v -1.500000 -3.500000 9.000000
v 2.000000 -3.500000 7.500000
v 9.500000 -3.500000 9.000000
v 2.000000 -3.500000 7.500000
v 9.500000 -3.500000 4.750000
v 2.000000 -3.500000 4.750000
v -2.000000 -10.500000 4.250000
v -5.000000 -0.500000 4.250000
v -9.500000 -10.500000 4.250000
v -9.500000 -0.500000 4.250000
v -1.500000 10.500000 2.750000
v -1.500000 4.000000 4.250000
v -1.500000 10.500000 4.250000
v -1.500000 4.000000 0.000000
v -4.500000 6.000000 5.750000
v -5.000000 5.500000 5.750000
v -9.500000 6.000000 5.750000
v -9.500000 5.500000 5.750000
v -9.500000 -10.500000 10.500000
v -10.000000 2.000000 10.500000
v -9.500000 2.000000 10.500000
v -10.000000 -11.000000 10.500000
v 10.000000 -11.000000 5.750000
v 10.000000 -9.500000 8.500000
v 10.000000 -9.500000 7.500000
v 10.000000 -11.000000 10.500000
v 10.000000 -5.500000 8.500000
v 10.000000 -2.000000 8.500000
v 10.000000 -2.000000 5.750000
v 10.000000 2.000000 8.500000
v 10.000000 11.000000 10.500000
v 10.000000 5.500000 8.500000
v 10.000000 2.000000 7.500000
v 10.000000 5.500000 7.500000
v -0.500000 4.000000 4.750000
v -0.500000 4.000000 7.500000
v -1.500000 4.000000 4.750000
v -1.500000 4.000000 9.000000
v 2.000000 4.000000 7.500000
v 9.500000 4.000000 9.000000
v 2.000000 4.000000 7.500000
v 9.500000 4.000000 8.500000
v 9.500000 4.000000 4.750000
v 2.000000 4.000000 4.750000
v 9.500000 4.000000 8.500000
v 9.500000 5.500000 5.750000
v 9.500000 5.500000 8.500000
v 9.500000 4.000000 4.750000
v 9.500000 -4.000000 9.000000
v 9.500000 -5.500000 8.500000
v 9.500000 -4.000000 5.750000
v 9.500000 -5.500000 5.750000
v -4.500000 -0.500000 4.750000
v -2.000000 -7.000000 4.750000
v -5.000000 -0.500000 4.750000
v -9.500000 -0.500000 4.750000
v -9.500000 10.500000 4.750000
v -4.500000 6.000000 4.750000
v -9.500000 6.000000 4.750000
v -2.000000 10.500000 4.750000
v -4.500000 -0.500000 4.750000
v -2.000000 -7.000000 4.750000
v -9.500000 -0.500000 4.750000
v -9.500000 -10.500000 4.750000
v -2.000000 -9.500000 4.750000
v -2.000000 -10.500000 4.750000
v -1.500000 3.500000 4.750000
v -0.500000 -3.500000 4.750000
v -1.500000 -3.500000 4.750000
v -0.500000 3.500000 4.750000
v -1.500000 10.500000 4.750000
v -0.500000 4.000000 4.750000
v -1.500000 4.000000 4.750000
v -0.500000 10.500000 4.750000
v 2.000000 4.000000 4.750000
v 9.500000 10.500000 4.750000
v 9.500000 4.000000 4.750000
v -1.500000 -7.000000 7.500000
v -1.500000 -4.000000 4.750000
v -1.500000 -7.000000 4.750000
v -1.500000 -4.000000 9.000000
v -3.000000 10.500000 7.500000
v -3.000000 10.500000 8.500000
v -2.000000 10.500000 7.500000
v -2.000000 10.500000 9.000000
v 9.500000 2.000000 8.500000
v 9.500000 -2.000000 9.000000
v 9.500000 -2.000000 8.500000
v 9.500000 3.500000 9.000000
v 2.000000 3.500000 7.500000
v 9.500000 3.500000 5.750000
v 2.000000 3.500000 4.750000
v 9.500000 3.500000 9.000000
v 9.500000 5.500000 8.500000
v 9.500000 4.000000 9.000000
v 9.500000 4.000000 8.500000
v 9.500000 10.500000 9.000000
v -10.000000 -11.000000 -5.000000
v -10.000000 2.000000 10.500000
v -10.000000 -11.000000 10.500000
v -10.000000 11.000000 -5.000000
v -10.000000 11.000000 10.500000
v -5.000000 11.000000 5.750000
v -6.000000 11.000000 0.000000
v -5.000000 11.000000 -5.000000
v -6.000000 11.000000 2.750000
v -10.000000 2.000000 10.500000
v -9.500000 10.500000 10.500000
v -9.500000 2.000000 10.500000
v -10.000000 11.000000 10.500000
v 9.500000 -10.500000 10.500000
v -2.000000 -10.500000 10.500000
v 9.500000 -10.500000 9.500000
v -9.500000 -10.500000 9.500000
v -9.500000 -10.500000 10.500000
v -9.500000 -10.500000 9.000000
v -6.000000 10.500000 9.000000
v -9.500000 10.500000 9.000000
v -2.000000 -10.500000 9.000000
v -2.000000 10.500000 9.000000
v 1.872442 3.400000 -0.063734
v 1.872442 3.400000 2.648917
v 2.079384 3.400000 -0.063734
v 2.079384 3.400000 2.848917
v -0.619267 3.400000 -0.063734
v -0.412327 3.400000 2.648917
v -0.412327 3.400000 -0.063734
v -0.619267 3.400000 2.848917
v 1.872442 3.400000 2.648917
v 2.079384 3.400000 2.848917
v -1.400001 -7.081429 7.414272
v -1.400001 -6.874487 4.701622
v -1.400001 -7.081429 4.701622
v -1.400001 -6.874487 7.614272
v 9.400000 9.351837 5.653832
v 10.099999 9.558777 5.653832
v 9.399999 9.558777 5.653832
v 10.099999 9.351837 5.653832
v 10.100008 5.589334 5.653832
v 9.400007 5.382394 5.653832
v 10.100008 5.382395 5.653832
v -0.412325 -3.399999 -0.063734
v -0.412325 -3.399999 2.648917
v -0.619267 -3.399999 -0.063734
v -0.619267 -3.399999 2.848917
v 2.079384 -3.399999 -0.063734
v 1.872444 -3.399999 2.648917
v 1.872444 -3.399999 -0.063734
v 2.079384 -3.399999 2.848917
v -0.412325 -3.399999 2.648917
v -0.619267 -3.399999 2.848917
v -2.100000 -9.366197 2.648917
v -2.100000 -9.573138 -0.063734
v -2.100000 -9.366197 -0.063734
v -2.100000 -9.573138 2.848917
v -1.400001 -7.081429 2.648917
v -1.400001 -6.874487 -0.063734
v -1.400001 -7.081429 -0.063734
v -1.400001 -6.874487 2.848917
v 8.635532 11.100000 1.120075
v 8.428593 11.100000 1.120075
v 8.635532 11.100000 0.919996
v -0.638357 11.100000 0.919996
v 8.428592 11.100000 3.873134
v -0.431415 11.100000 3.673134
v 8.428593 11.100000 3.673134
v -0.638357 11.100000 3.873134
v -0.638357 11.100000 0.919996
v -0.431415 11.100000 1.120075
v 8.428593 11.100000 1.120075
v -6.108957 10.400000 -0.063734
v -6.108957 10.400000 2.648917
v -5.902016 10.400000 -0.063734
v -5.902016 10.400000 2.848917
v -8.600666 10.400000 -0.063734
v -8.393726 10.400000 2.648917
v -8.393726 10.400000 -0.063734
v -8.600666 10.400000 2.848917
v -6.108957 10.400000 2.648917
v -5.902016 10.400000 2.848917
v 1.872442 3.400000 7.449993
v 2.079384 3.400000 4.737343
v 1.872442 3.400000 4.737343
v 2.079384 3.400000 7.649993
v 1.872442 -4.100000 4.737343
v 1.872442 -4.100000 7.449993
v 2.079384 -4.100000 4.737343
v 2.079384 -4.100000 7.649993
v -0.619267 -4.100000 4.737343
v -0.412327 -4.100000 7.449993
v -0.412327 -4.100000 4.737343
v -0.619267 -4.100000 7.649993
v 1.872442 -4.100000 7.449993
v 2.079384 -4.100000 7.649993
v -0.412325 4.100001 -0.063734
v -0.412325 4.100001 2.648917
v -0.619267 4.100001 -0.063734
v -0.619267 4.100001 2.848917
v 2.079384 4.100001 -0.063734
v 1.872444 4.100001 2.648917
v 1.872444 4.100001 -0.063734
v 2.079384 4.100001 2.848917
v -0.412325 4.100001 2.648917
v -0.619267 4.100001 2.848917
v 9.400000 -5.618781 8.606970
v 9.400007 -9.381281 8.406969
v 9.400000 -5.618779 8.406969
v 9.400007 -9.588223 8.606970
v 9.400007 -9.588223 5.653832
v 9.400007 -9.381281 5.853911
v 9.400000 -5.618779 5.653832
v 9.399999 9.558777 3.673134
v 9.399999 9.558777 3.873134
v 9.400000 9.351837 3.673134
v 9.400007 5.589335 3.673134
v 9.400007 5.382394 3.873134
v 9.400007 5.589335 1.120075
v 9.400007 5.382394 0.919996
v 9.400000 9.351837 0.919996
v 10.099999 -5.411839 8.606970
v 10.099999 -5.618779 8.406969
v 10.099999 -5.618779 8.606970
v 10.099999 -5.618779 5.853911
v -0.431415 11.100000 5.653831
v 8.635532 10.400000 5.653831
v 8.635532 11.100000 5.653831
v -0.638357 10.400000 5.653831
v -0.431415 11.100000 8.406969
v -0.638357 11.100000 8.606970
v -0.431415 11.100000 5.853910
v 8.635532 11.100000 8.606970
v 8.428593 11.100000 8.406969
v 8.635532 11.100000 5.853910
v 8.428593 11.100000 5.853910
v -0.431415 11.100000 5.653831
v -0.431415 11.100000 5.853910
v -0.638357 11.100000 5.653831
v -0.638357 11.100000 8.606970
v -8.393724 11.100000 -0.063734
v -8.393724 11.100000 2.648917
v -8.600666 11.100000 -0.063734
v -8.600666 11.100000 2.848917
v -5.902016 11.100000 -0.063734
v -6.108955 11.100000 2.648917
v -6.108955 11.100000 -0.063734
v -5.902016 11.100000 2.848917
v -8.393724 11.100000 2.648917
v -8.600666 11.100000 2.848917
v 9.400000 1.841546 5.653832
v 10.099999 2.048486 5.653832
v 9.399999 2.048486 5.653832
v 10.099999 1.841546 5.653832
v 10.100008 -1.920957 5.653832
v 9.400007 -2.127897 5.653832
v 10.100008 -2.127896 5.653832
v 8.428593 10.400000 3.873134
v 8.635532 10.400000 3.873134
v 8.428592 10.400000 3.673134
v 8.428592 10.400000 1.120075
v 9.400000 9.351835 8.606970
v 9.400007 5.589335 8.406969
v 9.400000 9.351837 8.406969
v 9.400007 5.382394 8.606970
v 9.400007 5.589335 5.853911
v 9.400007 5.382394 5.653832
v 9.400000 9.351837 5.653832
v -0.638357 10.400000 3.873134
v -0.431417 10.400000 3.673134
v -0.638357 10.400000 1.120075
v -0.431417 10.400000 1.120075
v 9.400000 1.841544 8.606970
v 9.400007 -1.920956 8.406969
v 9.400000 1.841546 8.406969
v 9.400007 -2.127897 8.606970
v 9.400007 -2.127897 5.653832
v 9.400007 -1.920956 5.853911
v 9.400000 1.841546 5.653832
v 9.400000 -5.618779 0.919996
v 10.099999 -5.411839 0.919996
v 9.399999 -5.411839 0.919996
v 10.099999 -5.618779 0.919996
v 10.100008 -9.381281 0.919996
v 9.400007 -9.588223 0.919996
v 10.100008 -9.588221 0.919996
v 1.872442 -4.100000 -0.063734
v 1.872442 -4.100000 2.648917
v 2.079384 -4.100000 -0.063734
v 2.079384 -4.100000 2.848917
v -0.619267 -4.100000 -0.063734
v -0.412327 -4.100000 2.648917
v -0.412327 -4.100000 -0.063734
v -0.619267 -4.100000 2.848917
v 1.872442 -4.100000 2.648917
v 2.079384 -4.100000 2.848917
v 9.400000 9.351837 0.919996
v 10.099999 9.558777 0.919996
v 9.399999 9.558777 0.919996
v 10.099999 9.351837 0.919996
v 10.100008 5.589334 0.919996
v 9.400007 5.382394 0.919996
v 10.100008 5.382395 0.919996
v 9.399999 2.048486 3.673134
v 9.399999 2.048486 3.873134
v 9.400000 1.841546 3.673134
v 9.400007 -1.920956 3.673134
v 9.400007 -2.127897 3.873134
v 9.400007 -1.920956 1.120075
v 9.400007 -2.127897 0.919996
v 9.400000 1.841546 0.919996
v 9.400000 1.841546 0.919996
v 10.099999 2.048486 0.919996
v 9.399999 2.048486 0.919996
v 10.099999 1.841546 0.919996
v 10.100008 -1.920957 0.919996
v 9.400007 -2.127897 0.919996
v 10.100008 -2.127896 0.919996
v -2.100000 -9.366197 7.414272
v -2.100000 -9.573138 4.701622
v -2.100000 -9.366197 4.701622
v -2.100000 -9.573138 7.614272
v 9.399999 -5.411839 3.673134
v 9.399999 -5.411839 3.873134
v 9.400000 -5.618779 3.673134
v 9.400007 -9.381281 3.673134
v 9.400007 -9.588223 3.873134
v 9.400007 -9.381281 1.120075
v 9.400007 -9.588223 0.919996
v 9.400000 -5.618779 0.919996
v -0.412325 -3.399999 4.737343
v -0.412325 -3.399999 7.449993
v -0.619267 -3.399999 4.737343
v -0.619267 -3.399999 7.649993
v 2.079384 -3.399999 4.737343
v 1.872444 -3.399999 7.449993
v 1.872444 -3.399999 4.737343
v 2.079384 -3.399999 7.649993
v -0.412325 -3.399999 7.449993
v -0.619267 -3.399999 7.649993
v -0.412325 4.100001 7.449993
v -0.619267 4.100001 4.737343
v -0.412325 4.100001 4.737343
v -0.619267 4.100001 7.649993
vt 0.165651441 0.772549212
vt 0.114925623 0.772549212
vt 0.165651441 0.721823394
vt 0.165651441 0.772549212
vt 0.165651441 0.721823394
vt 0.114925623 0.772549212
vt 0.585317492 0.692308605
vt 0.585317492 0.743034422
vt 0.63604331 0.692308605
vt 0.828814507 0.779927909
vt 0.879540324 0.729202092
vt 0.828814507 0.729202092
vt 0.828814507 0.729202092
vt 0.879540324 0.779927909
vt 0.828814507 0.729202092
vt 0.879540324 0.729202092
vt 0.585317492 0.692308605
vt 0.585317492 0.743034422
vt 0.63604331 0.692308605
vt 0.63604331 0.743034422
vt 0.585317492 0.743034422
vt 0.585317492 0.743034422
vt 0.114925623 0.721823394
vt 0.165651441 0.721823394
vt 0.165651441 0.772549212
vt 0.879540324 0.779927909
vt 0.828814507 0.779927909
vt 0.828814507 0.729202092
vt 0.604683876 0.772549212
vt 0.553958058 0.772549212
vt 0.553958058 0.772549212
vt 0.154583424 0.20807904
vt 0.154583424 0.157353222
vt 0.103857577 0.157353222
vt 0.828814507 0.779927909
vt 0.828814507 0.729202092
vt 0.879540324 0.779927909
vt 0.879540324 0.779927909
vt 0.828814507 0.779927909
vt 0.828814507 0.729202092
vt 0.299393058 0.315070093
vt 0.350118876 0.264344275
vt 0.350118876 0.315070093
vt 0.828814507 0.729202092
vt 0.879540324 0.729202092
vt 0.879540324 0.729202092
vt 0.63604331 0.743034422
vt 0.63604331 0.692308605
vt 0.585317492 0.743034422
vt 0.63604331 0.692308605
vt 0.585317492 0.692308605
vt 0.585317492 0.743034422
vt 0.63604331 0.692308605
vt 0.63604331 0.743034422
vt 0.585317492 0.743034422
vt 0.879540324 0.779927909
vt 0.879540324 0.729202092
vt 0.828814507 0.729202092
vt 0.828814507 0.779927909
vt 0.879540324 0.779927909
vt 0.165651441 0.772549212
vt 0.114925623 0.721823394
vt 0.114925623 0.772549212
vt 0.114925623 0.772549212
vt 0.165651441 0.721823394
vt 0.114925623 0.721823394
vt 0.879540324 0.729202092
vt 0.879540324 0.779927909
vt 0.828814507 0.729202092
vt 0.828814507 0.779927909
vt 0.828814507 0.729202092
vt 0.879540324 0.779927909
vt 0.63604331 0.743034422
vt 0.585317492 0.692308605
vt 0.63604331 0.743034422
vt 0.828814507 0.729202092
vt 0.879540324 0.779927909
vt 0.828814507 0.779927909
vt 0.402510554 0.761168897
vt 0.408858955 0.75928843
vt 0.416477203 0.718183935
vt 0.165651441 0.772549212
vt 0.114925623 0.772549212
vt 0.165651441 0.721823394
vt 0.65682286 0.889251709
vt 0.65682286 0.841239095
vt 0.608810246 0.889251709
vt 0.65682286 0.841239095
vt 0.608810246 0.841239095
vt 0.608810246 0.889251709
vt 0.608810246 0.889251709
vt 0.65682286 0.889251709
vt 0.65682286 0.841239095
vt 0.608810246 0.889251709
vt 0.608810246 0.841239095
vt 0.65682286 0.841239095
vt 0.608810246 0.841239095
vt 0.608810246 0.889251709
vt 0.65682286 0.841239095
vt 0.65682286 0.889251709
vt 0.65682286 0.841239095
vt 0.608810246 0.889251709
vt 0.608810246 0.841239095
vt 0.608810246 0.889251709
vt 0.608810246 0.841239095
vt 0.608810246 0.889251709
vt 0.65682286 0.841239095
vt 0.65682286 0.889251709
vt 0.65682286 0.841239095
vt 0.608810246 0.889251709
vt 0.608810246 0.841239095
vt 0.608810246 0.889251709
vt 0.65682286 0.841239095
vt 0.65682286 0.889251709
vt 0.608810246 0.889251709
vt 0.608810246 0.841239095
vt 0.65682286 0.841239095
vt 0.65682286 0.841239095
vt 0.65682286 0.841239095
vt 0.608810246 0.841239095
vt 0.608810246 0.889251709
vt 0.608810246 0.889251709
vt 0.65682286 0.889251709
vt 0.65682286 0.889251709
vt 0.65682286 0.841239095
vt 0.608810246 0.889251709
vt 0.65682286 0.841239095
vt 0.608810246 0.841239095
vt 0.65682286 0.889251709
vt 0.608810246 0.841239095
vt 0.65682286 0.841239095
vt 0.65682286 0.889251709
vt 0.65682286 0.841239095
vt 0.608810246 0.889251709
vt 0.65682286 0.889251709
vt 0.65682286 0.841239095
vt 0.608810246 0.889251709
vt 0.608810246 0.841239095
vt 0.608810246 0.889251709
vt 0.65682286 0.889251709
vt 0.65682286 0.889251709
vt 0.608810246 0.841239095
vt 0.65682286 0.889251709
vt 0.608810246 0.841239095
vt 0.65682286 0.841239095
vt 0.608810246 0.841239095
vt 0.608810246 0.889251709
vt 0.65682286 0.841239095
vt 0.65682286 0.889251709
vt 0.608810246 0.841239095
vt 0.65682286 0.841239095
vt 0.65682286 0.889251709
vt 0.608810246 0.841239095
vt 0.65682286 0.841239095
vt 0.65682286 0.889251709
vt 0.608810246 0.841239095
vt 0.65682286 0.841239095
vt 0.63604331 0.692308605
vt 0.585317492 0.692308605
vt 0.63604331 0.692308605
vt 0.879540324 0.729202092
vt 0.879540324 0.779927909
vt 0.879540324 0.779927909
vt 0.165651441 0.772549212
vt 0.165651441 0.721823394
vt 0.114925623 0.772549212
vt 0.165651441 0.772549212
vt 0.165651441 0.721823394
vt 0.114925623 0.772549212
vt 0.114925623 0.772549212
vt 0.165651441 0.721823394
vt 0.165651441 0.772549212
vt 0.165651441 0.721823394
vt 0.165651441 0.772549212
vt 0.165651441 0.772549212
vt 0.114925623 0.772549212
vt 0.165651441 0.772549212
vt 0.114925623 0.772549212
vt 0.165651441 0.772549212
vt 0.114925623 0.772549212
vt 0.165651441 0.721823394
vt 0.879540324 0.729202092
vt 0.828814507 0.729202092
vt 0.879540324 0.729202092
vt 0.165651441 0.721823394
vt 0.114925623 0.772549212
vt 0.114925623 0.721823394
vt 0.165651441 0.721823394
vt 0.114925623 0.721823394
vt 0.114925623 0.772549212
vt 0.828814507 0.729202092
vt 0.879540324 0.779927909
vt 0.879540324 0.729202092
vt 0.879540324 0.729202092
vt 0.828814507 0.779927909
vt 0.828814507 0.729202092
vt 0.879540324 0.779927909
vt 0.879540324 0.729202092
vt 0.828814507 0.729202092
vt 0.828814507 0.779927909
vt 0.828814507 0.729202092
vt 0.828814507 0.729202092
vt 0.879540324 0.729202092
vt 0.879540324 0.779927909
vt 0.828814507 0.729202092
vt 0.879540324 0.729202092
vt 0.828814507 0.779927909
vt 0.585317492 0.743034422
vt 0.63604331 0.743034422
vt 0.585317492 0.743034422
vt 0.828814507 0.779927909
vt 0.879540324 0.729202092
vt 0.828814507 0.729202092
vt 0.828814507 0.779927909
vt 0.828814507 0.729202092
vt 0.828814507 0.779927909
vt 0.879540324 0.779927909
vt 0.828814507 0.729202092
vt 0.828814507 0.779927909
vt 0.879540324 0.729202092
vt 0.828814507 0.729202092
vt 0.828814507 0.779927909
vt 0.828814507 0.729202092
vt 0.879540324 0.729202092
vt 0.828814507 0.779927909
vt 0.828814507 0.729202092
vt 0.879540324 0.779927909
vt 0.585317492 0.692308605
vt 0.585317492 0.743034422
vt 0.585317492 0.692308605
vt 0.114925623 0.772549212
vt 0.165651441 0.772549212
vt 0.165651441 0.721823394
vt 0.63604331 0.692308605
vt 0.585317492 0.692308605
vt 0.63604331 0.692308605
vt 0.828814507 0.729202092
vt 0.879540324 0.779927909
vt 0.828814507 0.729202092
vt 0.879540324 0.729202092
vt 0.828814507 0.779927909
vt 0.828814507 0.729202092
vt 0.585317492 0.692308605
vt 0.585317492 0.743034422
vt 0.585317492 0.692308605
vt 0.879540324 0.779927909
vt 0.828814507 0.729202092
vt 0.828814507 0.779927909
vt 0.828814507 0.779927909
vt 0.879540324 0.729202092
vt 0.828814507 0.729202092
vt 0.828814507 0.779927909
vt 0.879540324 0.779927909
vt 0.828814507 0.779927909
vt 0.828814507 0.729202092
vt 0.879540324 0.779927909
vt 0.828814507 0.779927909
vt 0.154583424 0.157353222
vt 0.103857577 0.20807904
vt 0.154583424 0.20807904
vt 0.154583424 0.157353222
vt 0.154583424 0.20807904
vt 0.103857577 0.20807904
vt 0.103857577 0.157353222
vt 0.154583424 0.20807904
vt 0.154583424 0.157353222
vt 0.154583424 0.157353222
vt 0.154583424 0.20807904
vt 0.103857577 0.157353222
vt 0.103857577 0.157353222
vt 0.154583424 0.157353222
vt 0.154583424 0.20807904
vt 0.154583424 0.20807904
vt 0.154583424 0.20807904
vt 0.103857577 0.157353222
vt 0.154583424 0.20807904
vt 0.154583424 0.157353222
vt 0.154583424 0.157353222
vt 0.103857577 0.157353222
vt 0.154583424 0.157353222
vt 0.103857577 0.20807904
vt 0.154583424 0.20807904
vt 0.103857577 0.157353222
vt 0.828814507 0.729202092
vt 0.879540324 0.729202092
vt 0.879540324 0.729202092
vt 0.828814507 0.779927909
vt 0.879540324 0.779927909
vt 0.828814507 0.729202092
vt 0.828814507 0.779927909
vt 0.879540324 0.729202092
vt 0.828814507 0.729202092
vt 0.114925623 0.772549212
vt 0.165651441 0.772549212
vt 0.165651441 0.721823394
vt 0.165651441 0.721823394
vt 0.165651441 0.772549212
vt 0.165651441 0.772549212
vt 0.165651441 0.721823394
vt 0.114925623 0.772549212
vt 0.165651441 0.772549212
vt 0.165651441 0.772549212
vt 0.165651441 0.721823394
vt 0.114925623 0.772549212
vt 0.165651441 0.772549212
vt 0.114925623 0.772549212
vt 0.165651441 0.721823394
vt 0.114925623 0.721823394
vt 0.114925623 0.772549212
vt 0.165651441 0.772549212
vt 0.165651441 0.721823394
vt 0.165651441 0.772549212
vt 0.114925623 0.772549212
vt 0.114925623 0.721823394
vt 0.165651441 0.721823394
vt 0.165651441 0.772549212
vt 0.165651441 0.772549212
vt 0.165651441 0.721823394
vt 0.114925623 0.772549212
vt 0.114925623 0.772549212
vt 0.165651441 0.721823394
vt 0.165651441 0.772549212
vt 0.114925623 0.772549212
vt 0.165651441 0.772549212
vt 0.165651441 0.772549212
vt 0.165651441 0.772549212
vt 0.114925623 0.772549212
vt 0.165651441 0.721823394
vt 0.165651441 0.721823394
vt 0.114925623 0.772549212
vt 0.165651441 0.772549212
vt 0.165651441 0.772549212
vt 0.114925623 0.772549212
vt 0.114925623 0.772549212
vt 0.165651441 0.721823394
vt 0.165651441 0.772549212
vt 0.114925623 0.772549212
vt 0.63604331 0.692308605
vt 0.585317492 0.692308605
vt 0.63604331 0.692308605
vt 0.879540324 0.729202092
vt 0.828814507 0.779927909
vt 0.828814507 0.729202092
vt 0.879540324 0.729202092
vt 0.828814507 0.729202092
vt 0.828814507 0.779927909
vt 0.828814507 0.729202092
vt 0.879540324 0.779927909
vt 0.879540324 0.729202092
vt 0.828814507 0.729202092
vt 0.879540324 0.729202092
vt 0.879540324 0.729202092
vt 0.828814507 0.779927909
vt 0.879540324 0.729202092
vt 0.828814507 0.729202092
vt 0.879540324 0.779927909
vt 0.879540324 0.729202092
vt 0.879540324 0.729202092
vt 0.828814507 0.779927909
vt 0.879540324 0.729202092
vt 0.828814507 0.779927909
vt 0.828814507 0.729202092
vt 0.879540324 0.779927909
vt 0.828814507 0.779927909
vt 0.879540324 0.729202092
vt 0.828814507 0.729202092
vt 0.828814507 0.729202092
vt 0.879540324 0.729202092
vt 0.879540324 0.729202092
vt 0.828814507 0.779927909
vt 0.828814507 0.729202092
vt 0.879540324 0.729202092
vt 0.350118876 0.264344275
vt 0.299393058 0.315070093
vt 0.350118876 0.315070093
vt 0.350118876 0.315070093
vt 0.299393058 0.264344275
vt 0.299393058 0.315070093
vt 0.585317492 0.743034422
vt 0.63604331 0.743034422
vt 0.585317492 0.743034422
vt 0.63604331 0.692308605
vt 0.63604331 0.743034422
vt 0.63604331 0.743034422
vt 0.63604331 0.692308605
vt 0.585317492 0.692308605
vt 0.63604331 0.692308605
vt 0.879540324 0.779927909
vt 0.828814507 0.729202092
vt 0.879540324 0.779927909
vt 0.879540324 0.729202092
vt 0.879540324 0.779927909
vt 0.828814507 0.779927909
vt 0.828814507 0.779927909
vt 0.114925623 0.721823394
vt 0.165651441 0.772549212
vt 0.114925623 0.772549212
vt 0.828814507 0.729202092
vt 0.879540324 0.779927909
vt 0.828814507 0.779927909
vt 0.879540324 0.779927909
vt 0.828814507 0.779927909
vt 0.828814507 0.779927909
vt 0.879540324 0.729202092
vt 0.828814507 0.729202092
vt 0.879540324 0.779927909
vt 0.879540324 0.729202092
vt 0.828814507 0.779927909
vt 0.879540324 0.779927909
vt 0.828814507 0.779927909
vt 0.879540324 0.779927909
vt 0.828814507 0.779927909
vt 0.828814507 0.779927909
vt 0.879540324 0.779927909
vt 0.828814507 0.729202092
vt 0.828814507 0.779927909
vt 0.879540324 0.729202092
vt 0.828814507 0.729202092
vt 0.585317492 0.743034422
vt 0.63604331 0.743034422
vt 0.585317492 0.692308605
vt 0.63604331 0.692308605
vt 0.585317492 0.692308605
vt 0.63604331 0.743034422
vt 0.134493724 0.157907426
vt 0.103857577 0.157353222
vt 0.123947233 0.157907426
vt 0.103857577 0.20807904
vt 0.103857577 0.157353222
vt 0.1039965 0.180064976
vt 0.154583424 0.20807904
vt 0.103857577 0.20807904
vt 0.154444486 0.180064976
vt 0.154583424 0.157353222
vt 0.154583424 0.20807904
vt 0.154444486 0.180064976
vt 0.105098918 0.190553725
vt 0.154583424 0.20807904
vt 0.154583424 0.157353222
vt 0.103857577 0.157353222
vt 0.154583424 0.20807904
vt 0.103857577 0.20807904
vt 0.1039965 0.180064976
vt 0.139536515 0.205886304
vt 0.105098918 0.190553725
vt 0.1039965 0.180064976
vt 0.148068815 0.199687243
vt 0.1039965 0.180064976
vt 0.103857577 0.20807904
vt 0.103857577 0.157353222
vt 0.103857577 0.20807904
vt 0.1039965 0.180064976
vt 0.148068815 0.199687243
vt 0.11431253 0.162197113
vt 0.103857577 0.157353222
vt 0.154583424 0.20807904
vt 0.103857577 0.157353222
vt 0.105098918 0.190553725
vt 0.144128442 0.162197113
vt 0.154583424 0.20807904
vt 0.11431253 0.162197113
vt 0.154444486 0.180064976
vt 0.154583424 0.20807904
vt 0.148068815 0.199687243
vt 0.103857577 0.20807904
vt 0.154444486 0.180064976
vt 0.879540324 0.779927909
vt 0.828814507 0.729202092
vt 0.828814507 0.779927909
vt 0.828814507 0.779927909
vt 0.879540324 0.729202092
vt 0.828814507 0.729202092
vt 0.828814507 0.779927909
vt 0.879540324 0.729202092
vt 0.828814507 0.729202092
vt 0.828814507 0.779927909
vt 0.828814507 0.729202092
vt 0.879540324 0.729202092
vt 0.828814507 0.779927909
vt 0.828814507 0.779927909
vt 0.828814507 0.729202092
vt 0.828814507 0.729202092
vt 0.879540324 0.729202092
vt 0.879540324 0.729202092
vt 0.63604331 0.692308605
vt 0.585317492 0.692308605
vt 0.63604331 0.692308605
vt 0.828814507 0.729202092
vt 0.879540324 0.779927909
vt 0.828814507 0.779927909
vt 0.828814507 0.729202092
vt 0.879540324 0.779927909
vt 0.828814507 0.779927909
vt 0.879540324 0.779927909
vt 0.828814507 0.729202092
vt 0.828814507 0.779927909
vt 0.828814507 0.779927909
vt 0.879540324 0.729202092
vt 0.828814507 0.729202092
vt 0.165651441 0.772549212
vt 0.165651441 0.721823394
vt 0.114925623 0.772549212
vt 0.114925623 0.772549212
vt 0.165651441 0.721823394
vt 0.114925623 0.772549212
vt 0.114925623 0.772549212
vt 0.114925623 0.721823394
vt 0.114925623 0.772549212
vt 0.165651441 0.772549212
vt 0.165651441 0.772549212
vt 0.114925623 0.772549212
vt 0.114925623 0.772549212
vt 0.165651441 0.721823394
vt 0.114925623 0.721823394
vt 0.114925623 0.772549212
vt 0.114925623 0.772549212
vt 0.114925623 0.721823394
vt 0.165651441 0.721823394
vt 0.165651441 0.772549212
vt 0.165651441 0.721823394
vt 0.114925623 0.772549212
vt 0.114925623 0.772549212
vt 0.165651441 0.772549212
vt 0.114925623 0.721823394
vt 0.165651441 0.772549212
vt 0.114925623 0.772549212
vt 0.114925623 0.721823394
vt 0.63604331 0.743034422
vt 0.63604331 0.692308605
vt 0.585317492 0.743034422
vt 0.879540324 0.729202092
vt 0.828814507 0.779927909
vt 0.879540324 0.779927909
vt 0.388226897 0.75928843
vt 0.408858955 0.75928843
vt 0.402510554 0.761168897
vt 0.165651441 0.772549212
vt 0.165651441 0.721823394
vt 0.114925623 0.772549212
vt 0.165651441 0.772549212
vt 0.114925623 0.721823394
vt 0.165651441 0.721823394
vt 0.165651441 0.721823394
vt 0.165651441 0.772549212
vt 0.165651441 0.721823394
vt 0.165651441 0.772549212
vt 0.165651441 0.721823394
vt 0.114925623 0.721823394
vt 0.165651441 0.721823394
vt 0.114925623 0.772549212
vt 0.165651441 0.772549212
vt 0.608810246 0.889251709
vt 0.65682286 0.889251709
vt 0.608810246 0.841239095
vt 0.65682286 0.889251709
vt 0.65682286 0.841239095
vt 0.65682286 0.889251709
vt 0.65682286 0.889251709
vt 0.608810246 0.889251709
vt 0.608810246 0.889251709
vt 0.65682286 0.841239095
vt 0.608810246 0.841239095
vt 0.65682286 0.841239095
vt 0.608810246 0.841239095
vt 0.65682286 0.841239095
vt 0.65682286 0.841239095
vt 0.65682286 0.841239095
vt 0.608810246 0.841239095
vt 0.65682286 0.841239095
vt 0.65682286 0.889251709
vt 0.608810246 0.889251709
vt 0.608810246 0.889251709
vt 0.65682286 0.841239095
vt 0.608810246 0.841239095
vt 0.65682286 0.841239095
vt 0.608810246 0.841239095
vt 0.608810246 0.889251709
vt 0.65682286 0.841239095
vt 0.608810246 0.889251709
vt 0.65682286 0.889251709
vt 0.65682286 0.841239095
vt 0.608810246 0.889251709
vt 0.608810246 0.841239095
vt 0.608810246 0.841239095
vt 0.65682286 0.841239095
vt 0.65682286 0.841239095
vt 0.608810246 0.889251709
vt 0.608810246 0.889251709
vt 0.65682286 0.841239095
vt 0.608810246 0.889251709
vt 0.65682286 0.841239095
vt 0.608810246 0.841239095
vt 0.65682286 0.841239095
vt 0.608810246 0.889251709
vt 0.65682286 0.889251709
vt 0.65682286 0.889251709
vt 0.608810246 0.889251709
vt 0.608810246 0.889251709
vt 0.65682286 0.889251709
vt 0.608810246 0.889251709
vt 0.608810246 0.889251709
vt 0.608810246 0.889251709
vt 0.65682286 0.841239095
vt 0.608810246 0.841239095
vt 0.608810246 0.889251709
vt 0.65682286 0.841239095
vt 0.608810246 0.889251709
vt 0.65682286 0.841239095
vt 0.608810246 0.841239095
vt 0.65682286 0.841239095
vt 0.608810246 0.841239095
vt 0.608810246 0.889251709
vt 0.608810246 0.841239095
vt 0.608810246 0.889251709
vt 0.65682286 0.841239095
vt 0.608810246 0.889251709
vt 0.65682286 0.889251709
vt 0.65682286 0.841239095
vt 0.608810246 0.889251709
vt 0.608810246 0.841239095
vt 0.608810246 0.841239095
vt 0.65682286 0.841239095
vt 0.65682286 0.841239095
vt 0.608810246 0.889251709
vt 0.608810246 0.889251709
vt 0.65682286 0.841239095
vt 0.65682286 0.841239095
vt 0.65682286 0.889251709
vt 0.65682286 0.889251709
vt 0.65682286 0.889251709
vt 0.608810246 0.889251709
vt 0.608810246 0.889251709
vt 0.608810246 0.889251709
vt 0.65682286 0.841239095
vt 0.65682286 0.889251709
vt 0.608810246 0.889251709
vt 0.608810246 0.841239095
vt 0.608810246 0.841239095
vt 0.608810246 0.889251709
vt 0.65682286 0.841239095
vt 0.65682286 0.841239095
vt 0.608810246 0.889251709
vt 0.65682286 0.889251709
vt 0.65682286 0.889251709
vt 0.608810246 0.841239095
vt 0.608810246 0.889251709
vt 0.608810246 0.841239095
vt 0.65682286 0.841239095
vt 0.65682286 0.841239095
vt 0.608810246 0.889251709
vt 0.608810246 0.889251709
vt 0.65682286 0.841239095
vt 0.608810246 0.841239095
vt 0.65682286 0.841239095
vt 0.65682286 0.889251709
vt 0.608810246 0.889251709
vt 0.608810246 0.889251709
vt 0.65682286 0.889251709
vt 0.608810246 0.889251709
vt 0.608810246 0.889251709
vt 0.65682286 0.841239095
vt 0.608810246 0.889251709
vt 0.65682286 0.841239095
vt 0.65682286 0.889251709
vt 0.608810246 0.889251709
vt 0.608810246 0.841239095
vt 0.65682286 0.841239095
vt 0.65682286 0.841239095
vt 0.65682286 0.841239095
vt 0.608810246 0.889251709
vt 0.65682286 0.889251709
vt 0.608810246 0.841239095
vt 0.65682286 0.889251709
vt 0.65682286 0.841239095
vt 0.608810246 0.889251709
vt 0.65682286 0.889251709
vt 0.65682286 0.889251709
vt 0.608810246 0.889251709
vt 0.608810246 0.889251709
vt 0.65682286 0.841239095
vt 0.65682286 0.889251709
vt 0.608810246 0.889251709
vt 0.65682286 0.841239095
vt 0.608810246 0.841239095
vt 0.65682286 0.841239095
vt 0.65682286 0.889251709
vt 0.65682286 0.841239095
vt 0.65682286 0.889251709
vt 0.65682286 0.841239095
vt 0.65682286 0.889251709
vt 0.608810246 0.841239095
vt 0.65682286 0.841239095
vt 0.608810246 0.841239095
vt 0.65682286 0.889251709
vt 0.65682286 0.841239095
vt 0.608810246 0.889251709
vt 0.608810246 0.841239095
vt 0.608810246 0.889251709
vt 0.65682286 0.841239095
vt 0.608810246 0.841239095
vt 0.65682286 0.841239095
vt 0.608810246 0.841239095
vt 0.608810246 0.889251709
vt 0.65682286 0.889251709
vt 0.608810246 0.889251709
vt 0.608810246 0.889251709
vt 0.65682286 0.889251709
vt 0.608810246 0.889251709
vt 0.608810246 0.889251709
vt 0.608810246 0.889251709
vt 0.65682286 0.841239095
vt 0.65682286 0.841239095
vt 0.608810246 0.841239095
vt 0.65682286 0.889251709
vt 0.65682286 0.889251709
vt 0.608810246 0.841239095
vt 0.608810246 0.889251709
vt 0.65682286 0.841239095
vt 0.608810246 0.889251709
vt 0.65682286 0.889251709
vt 0.608810246 0.841239095
vt 0.65682286 0.889251709
vt 0.65682286 0.841239095
vt 0.608810246 0.889251709
vt 0.65682286 0.889251709
vt 0.65682286 0.889251709
vt 0.608810246 0.889251709
vt 0.608810246 0.889251709
vt 0.65682286 0.841239095
vt 0.65682286 0.889251709
vt 0.608810246 0.889251709
vt 0.65682286 0.841239095
vt 0.608810246 0.841239095
vt 0.65682286 0.841239095
vt 0.608810246 0.841239095
vt 0.608810246 0.889251709
vt 0.65682286 0.841239095
vt 0.65682286 0.889251709
vt 0.608810246 0.889251709
vt 0.608810246 0.889251709
vt 0.65682286 0.841239095
vt 0.608810246 0.889251709
vt 0.65682286 0.889251709
vt 0.608810246 0.841239095
vt 0.65682286 0.889251709
vt 0.65682286 0.841239095
vt 0.608810246 0.889251709
vt 0.65682286 0.889251709
vt 0.65682286 0.889251709
vt 0.608810246 0.889251709
vt 0.608810246 0.889251709
vt 0.65682286 0.841239095
vt 0.65682286 0.889251709
vt 0.608810246 0.889251709
vt 0.65682286 0.841239095
vt 0.608810246 0.841239095
vt 0.65682286 0.841239095
vt 0.65682286 0.841239095
vt 0.608810246 0.889251709
vt 0.65682286 0.889251709
vt 0.608810246 0.841239095
vt 0.65682286 0.889251709
vt 0.65682286 0.841239095
vt 0.608810246 0.889251709
vt 0.65682286 0.889251709
vt 0.65682286 0.889251709
vt 0.608810246 0.889251709
vt 0.608810246 0.889251709
vt 0.65682286 0.841239095
vt 0.65682286 0.889251709
vt 0.608810246 0.889251709
vt 0.65682286 0.841239095
vt 0.608810246 0.841239095
vt 0.65682286 0.841239095
vt 0.65682286 0.889251709
vt 0.608810246 0.889251709
vt 0.608810246 0.889251709
vt 0.65682286 0.889251709
vt 0.608810246 0.889251709
vt 0.608810246 0.889251709
vt 0.65682286 0.889251709
vt 0.608810246 0.889251709
vt 0.608810246 0.889251709
vt 0.65682286 0.841239095
vt 0.65682286 0.889251709
vt 0.65682286 0.889251709
vt 0.608810246 0.841239095
vt 0.608810246 0.889251709
vt 0.65682286 0.841239095
vt 0.608810246 0.889251709
vt 0.65682286 0.889251709
vt 0.608810246 0.841239095
vt 0.608810246 0.889251709
vt 0.65682286 0.841239095
vt 0.608810246 0.889251709
vt 0.608810246 0.889251709
vt 0.65682286 0.841239095
vt 0.608810246 0.889251709
vt 0.65682286 0.889251709
vt 0.608810246 0.889251709
vt 0.608810246 0.841239095
vt 0.608810246 0.889251709
vt 0.65682286 0.841239095
vt 0.608810246 0.841239095
vt 0.65682286 0.841239095
vt 0.608810246 0.841239095
vt 0.608810246 0.889251709
vt 0.65682286 0.841239095
vt 0.65682286 0.889251709
vt 0.65682286 0.889251709
vt 0.65682286 0.889251709
vt 0.608810246 0.889251709
vt 0.608810246 0.889251709
vt 0.608810246 0.889251709
vt 0.65682286 0.841239095
vt 0.608810246 0.841239095
vt 0.65682286 0.841239095
vt 0.608810246 0.841239095
vt 0.608810246 0.889251709
vt 0.65682286 0.841239095
vt 0.608810246 0.889251709
vt 0.65682286 0.889251709
vt 0.608810246 0.841239095
vt 0.65682286 0.889251709
vt 0.65682286 0.841239095
vt 0.608810246 0.889251709
vt 0.65682286 0.889251709
vt 0.65682286 0.889251709
vt 0.608810246 0.889251709
vt 0.608810246 0.889251709
vt 0.65682286 0.841239095
vt 0.65682286 0.889251709
vt 0.608810246 0.889251709
vt 0.65682286 0.841239095
vt 0.608810246 0.841239095
vt 0.65682286 0.841239095
vt 0.65682286 0.889251709
vt 0.608810246 0.889251709
vt 0.608810246 0.889251709
vt 0.585317492 0.743034422
vt 0.63604331 0.692308605
vt 0.585317492 0.692308605
vt 0.63604331 0.743034422
vt 0.63604331 0.692308605
vt 0.585317492 0.743034422
vt 0.63604331 0.743034422
vt 0.585317492 0.692308605
vt 0.585317492 0.743034422
vt 0.63604331 0.692308605
vt 0.585317492 0.692308605
vt 0.63604331 0.743034422
vt 0.585317492 0.743034422
vt 0.63604331 0.692308605
vt 0.585317492 0.692308605
vt 0.63604331 0.743034422
vt 0.879540324 0.729202092
vt 0.828814507 0.729202092
vt 0.879540324 0.779927909
vt 0.828814507 0.779927909
vt 0.63604331 0.743034422
vt 0.585317492 0.692308605
vt 0.585317492 0.743034422
vt 0.63604331 0.692308605
vt 0.63604331 0.743034422
vt 0.585317492 0.692308605
vt 0.585317492 0.743034422
vt 0.63604331 0.692308605
vt 0.63604331 0.743034422
vt 0.585317492 0.692308605
vt 0.585317492 0.743034422
vt 0.63604331 0.692308605
vt 0.828814507 0.779927909
vt 0.879540324 0.729202092
vt 0.828814507 0.729202092
vt 0.879540324 0.779927909
vt 0.63604331 0.743034422
vt 0.585317492 0.692308605
vt 0.585317492 0.743034422
vt 0.63604331 0.692308605
vt 0.828814507 0.729202092
vt 0.879540324 0.779927909
vt 0.879540324 0.729202092
vt 0.828814507 0.779927909
vt 0.879540324 0.729202092
vt 0.828814507 0.779927909
vt 0.879540324 0.779927909
vt 0.828814507 0.729202092
vt 0.585317492 0.743034422
vt 0.63604331 0.692308605
vt 0.585317492 0.692308605
vt 0.63604331 0.743034422
vt 0.879540324 0.729202092
vt 0.828814507 0.779927909
vt 0.879540324 0.779927909
vt 0.828814507 0.729202092
vt 0.828814507 0.729202092
vt 0.828814507 0.779927909
vt 0.879540324 0.729202092
vt 0.879540324 0.779927909
vt 0.585317492 0.743034422
vt 0.63604331 0.692308605
vt 0.585317492 0.692308605
vt 0.63604331 0.743034422
vt 0.63604331 0.743034422
vt 0.585317492 0.692308605
vt 0.585317492 0.743034422
vt 0.63604331 0.692308605
vt 0.63604331 0.743034422
vt 0.585317492 0.692308605
vt 0.585317492 0.743034422
vt 0.63604331 0.692308605
vt 0.63604331 0.743034422
vt 0.585317492 0.692308605
vt 0.585317492 0.743034422
vt 0.63604331 0.692308605
vt 0.879540324 0.729202092
vt 0.828814507 0.779927909
vt 0.879540324 0.779927909
vt 0.828814507 0.729202092
vt 0.828814507 0.729202092
vt 0.879540324 0.779927909
vt 0.879540324 0.729202092
vt 0.828814507 0.779927909
vt 0.63604331 0.692308605
vt 0.585317492 0.743034422
vt 0.63604331 0.743034422
vt 0.585317492 0.692308605
vt 0.63604331 0.743034422
vt 0.585317492 0.692308605
vt 0.585317492 0.743034422
vt 0.63604331 0.692308605
vt 0.585317492 0.743034422
vt 0.63604331 0.692308605
vt 0.585317492 0.692308605
vt 0.63604331 0.743034422
vt 0.879540324 0.779927909
vt 0.828814507 0.779927909
vt 0.828814507 0.779927909
vt 0.828814507 0.729202092
vt 0.828814507 0.729202092
vt 0.879540324 0.729202092
vt 0.63604331 0.692308605
vt 0.585317492 0.743034422
vt 0.63604331 0.743034422
vt 0.585317492 0.692308605
vt 0.63604331 0.692308605
vt 0.585317492 0.743034422
vt 0.63604331 0.743034422
vt 0.585317492 0.692308605
vt 0.63604331 0.692308605
vt 0.585317492 0.743034422
vt 0.63604331 0.743034422
vt 0.585317492 0.692308605
vt 0.63604331 0.692308605
vt 0.585317492 0.743034422
vt 0.63604331 0.743034422
vt 0.585317492 0.692308605
vt 0.63604331 0.692308605
vt 0.585317492 0.743034422
vt 0.63604331 0.743034422
vt 0.585317492 0.692308605
vt 0.63604331 0.692308605
vt 0.585317492 0.743034422
vt 0.63604331 0.743034422
vt 0.585317492 0.692308605
vt 0.63604331 0.692308605
vt 0.585317492 0.743034422
vt 0.63604331 0.743034422
vt 0.585317492 0.692308605
vt 0.604683876 0.772549212
vt 0.553958058 0.721823394
vt 0.553958058 0.772549212
vt 0.604683876 0.721823394
vt 0.165651441 0.721823394
vt 0.114925623 0.721823394
vt 0.114925623 0.772549212
vt 0.165651441 0.772549212
vt 0.63604331 0.692308605
vt 0.585317492 0.743034422
vt 0.63604331 0.743034422
vt 0.585317492 0.692308605
vt 0.828814507 0.729202092
vt 0.879540324 0.729202092
vt 0.879540324 0.729202092
vt 0.879540324 0.779927909
vt 0.879540324 0.779927909
vt 0.828814507 0.779927909
vt 0.828814507 0.779927909
vt 0.879540324 0.779927909
vt 0.828814507 0.779927909
vt 0.828814507 0.729202092
vt 0.828814507 0.729202092
vt 0.879540324 0.729202092
vt 0.879540324 0.729202092
vt 0.828814507 0.729202092
vt 0.879540324 0.779927909
vt 0.828814507 0.779927909
vt 0.63604331 0.743034422
vt 0.585317492 0.692308605
vt 0.585317492 0.743034422
vt 0.63604331 0.692308605
vt 0.63604331 0.743034422
vt 0.585317492 0.692308605
vt 0.585317492 0.743034422
vt 0.63604331 0.692308605
vt 0.585317492 0.743034422
vt 0.63604331 0.692308605
vt 0.585317492 0.692308605
vt 0.63604331 0.743034422
vt 0.63604331 0.692308605
vt 0.585317492 0.743034422
vt 0.63604331 0.743034422
vt 0.585317492 0.692308605
vt 0.879540324 0.779927909
vt 0.828814507 0.729202092
vt 0.828814507 0.779927909
vt 0.879540324 0.729202092
vt 0.63604331 0.692308605
vt 0.585317492 0.692308605
vt 0.63604331 0.743034422
vt 0.585317492 0.743034422
vt 0.879540324 0.729202092
vt 0.828814507 0.779927909
vt 0.879540324 0.779927909
vt 0.828814507 0.729202092
vt 0.33002919 0.264898479
vt 0.300634384 0.297544777
vt 0.299531966 0.287056029
vt 0.348877549 0.297544777
vt 0.314439952 0.312877357
vt 0.339663923 0.269188166
vt 0.305907667 0.306678295
vt 0.309848011 0.269188166
vt 0.343604267 0.306678295
vt 0.585317492 0.743034422
vt 0.63604331 0.692308605
vt 0.585317492 0.692308605
vt 0.63604331 0.743034422
vt 0.350118876 0.264344275
vt 0.299393058 0.315070093
vt 0.350118876 0.315070093
vt 0.299393058 0.264344275
vt 0.349979937 0.287056029
vt 0.300634384 0.297544777
vt 0.319482684 0.264898479
vt 0.335071981 0.312877357
vt 0.114000589 0.253276259
vt 0.0632747412 0.304002076
vt 0.114000589 0.304002076
vt 0.0632747412 0.253276259
vt 0.154583424 0.20807904
vt 0.103857577 0.157353222
vt 0.103857577 0.20807904
vt 0.154583424 0.157353222
vt 0.879540324 0.779927909
vt 0.828814507 0.729202092
vt 0.828814507 0.779927909
vt 0.879540324 0.729202092
vt 0.63604331 0.692308605
vt 0.585317492 0.743034422
vt 0.63604331 0.743034422
vt 0.585317492 0.692308605
vt 0.604683876 0.721823394
vt 0.553958058 0.772549212
vt 0.604683876 0.772549212
vt 0.553958058 0.721823394
vt 0.63604331 0.692308605
vt 0.585317492 0.743034422
vt 0.63604331 0.743034422
vt 0.585317492 0.692308605
vt 0.63604331 0.692308605
vt 0.585317492 0.743034422
vt 0.63604331 0.743034422
vt 0.585317492 0.692308605
vt 0.585317492 0.692308605
vt 0.585317492 0.743034422
vt 0.63604331 0.692308605
vt 0.63604331 0.743034422
vt 0.879540324 0.779927909
vt 0.828814507 0.729202092
vt 0.828814507 0.779927909
vt 0.879540324 0.729202092
vt 0.63604331 0.743034422
vt 0.585317492 0.692308605
vt 0.585317492 0.743034422
vt 0.63604331 0.692308605
vt 0.879540324 0.729202092
vt 0.828814507 0.779927909
vt 0.879540324 0.779927909
vt 0.828814507 0.729202092
vt 0.114925623 0.721823394
vt 0.114925623 0.721823394
vt 0.114925623 0.772549212
vt 0.165651441 0.721823394
vt 0.879540324 0.729202092
vt 0.828814507 0.779927909
vt 0.879540324 0.779927909
vt 0.828814507 0.729202092
vt 0.63604331 0.692308605
vt 0.63604331 0.692308605
vt 0.585317492 0.692308605
vt 0.585317492 0.692308605
vt 0.63604331 0.743034422
vt 0.585317492 0.692308605
vt 0.585317492 0.743034422
vt 0.63604331 0.692308605
vt 0.828814507 0.779927909
vt 0.828814507 0.779927909
vt 0.879540324 0.779927909
vt 0.828814507 0.729202092
vt 0.828814507 0.729202092
vt 0.879540324 0.729202092
vt 0.828814507 0.779927909
vt 0.828814507 0.779927909
vt 0.828814507 0.729202092
vt 0.879540324 0.779927909
vt 0.63604331 0.743034422
vt 0.585317492 0.692308605
vt 0.585317492 0.743034422
vt 0.63604331 0.692308605
vt 0.828814507 0.729202092
vt 0.828814507 0.729202092
vt 0.828814507 0.779927909
vt 0.879540324 0.729202092
vt 0.828814507 0.779927909
vt 0.828814507 0.779927909
vt 0.879540324 0.779927909
vt 0.828814507 0.729202092
vt 0.828814507 0.729202092
vt 0.879540324 0.729202092
vt 0.63604331 0.692308605
vt 0.585317492 0.743034422
vt 0.63604331 0.743034422
vt 0.585317492 0.692308605
vt 0.828814507 0.729202092
vt 0.828814507 0.779927909
vt 0.828814507 0.779927909
vt 0.879540324 0.779927909
vt 0.828814507 0.729202092
vt 0.828814507 0.779927909
vt 0.828814507 0.729202092
vt 0.879540324 0.779927909
vt 0.879540324 0.729202092
vt 0.879540324 0.779927909
vt 0.828814507 0.779927909
vt 0.828814507 0.729202092
vt 0.828814507 0.729202092
vt 0.828814507 0.729202092
vt 0.828814507 0.779927909
vt 0.828814507 0.729202092
vt 0.63604331 0.692308605
vt 0.585317492 0.743034422
vt 0.63604331 0.743034422
vt 0.585317492 0.692308605
vt 0.604683876 0.721823394
vt 0.553958058 0.772549212
vt 0.604683876 0.772549212
vt 0.553958058 0.721823394
vt 0.63604331 0.692308605
vt 0.585317492 0.743034422
vt 0.63604331 0.743034422
vt 0.585317492 0.692308605
vt 0.63604331 0.692308605
vt 0.585317492 0.743034422
vt 0.63604331 0.743034422
vt 0.585317492 0.692308605
vt 0.63604331 0.692308605
vt 0.585317492 0.743034422
vt 0.63604331 0.743034422
vt 0.585317492 0.692308605
vt 0.63604331 0.692308605
vt 0.585317492 0.743034422
vt 0.63604331 0.743034422
vt 0.585317492 0.692308605
vt 0.63604331 0.692308605
vt 0.585317492 0.743034422
vt 0.63604331 0.743034422
vt 0.585317492 0.692308605
vt 0.585317492 0.743034422
vt 0.63604331 0.692308605
vt 0.63604331 0.692308605
vt 0.63604331 0.743034422
vt 0.63604331 0.743034422
vt 0.585317492 0.692308605
vt 0.585317492 0.743034422
vt 0.63604331 0.692308605
vt 0.879540324 0.729202092
vt 0.879540324 0.729202092
vt 0.828814507 0.779927909
vt 0.879540324 0.779927909
vt 0.879540324 0.779927909
vt 0.828814507 0.729202092
vt 0.828814507 0.779927909
vt 0.879540324 0.729202092
vt 0.165651441 0.772549212
vt 0.114925623 0.721823394
vt 0.114925623 0.772549212
vt 0.165651441 0.721823394
vt 0.165651441 0.772549212
vt 0.165651441 0.721823394
vt 0.114925623 0.772549212
vt 0.165651441 0.772549212
vt 0.114925623 0.721823394
vt 0.63604331 0.743034422
vt 0.63604331 0.743034422
vt 0.63604331 0.692308605
vt 0.63604331 0.692308605
vt 0.63604331 0.743034422
vt 0.165651441 0.721823394
vt 0.114925623 0.772549212
vt 0.165651441 0.772549212
vt 0.114925623 0.721823394
vt 0.879540324 0.779927909
vt 0.828814507 0.729202092
vt 0.828814507 0.779927909
vt 0.879540324 0.729202092
vt 0.63604331 0.743034422
vt 0.585317492 0.692308605
vt 0.585317492 0.743034422
vt 0.63604331 0.692308605
vt 0.349979937 0.287056029
vt 0.300634384 0.297544777
vt 0.319482684 0.264898479
vt 0.335071981 0.312877357
vt 0.319482684 0.264898479
vt 0.305907667 0.306678295
vt 0.309848011 0.269188166
vt 0.343604267 0.306678295
vt 0.339663923 0.269188166
vt 0.348877549 0.297544777
vt 0.299531966 0.287056029
vt 0.33002919 0.264898479
vt 0.314439952 0.312877357
vt 0.65682286 0.841239095
vt 0.608810246 0.889251709
vt 0.65682286 0.889251709
vt 0.608810246 0.841239095
vt 0.65682286 0.841239095
vt 0.608810246 0.889251709
vt 0.65682286 0.889251709
vt 0.608810246 0.841239095
vt 0.65682286 0.889251709
vt 0.65682286 0.889251709
vt 0.608810246 0.889251709
vt 0.65682286 0.889251709
vt 0.608810246 0.841239095
vt 0.65682286 0.889251709
vt 0.608810246 0.841239095
vt 0.608810246 0.889251709
vt 0.65682286 0.841239095
vt 0.65682286 0.841239095
vt 0.608810246 0.889251709
vt 0.65682286 0.889251709
vt 0.608810246 0.841239095
vt 0.65682286 0.889251709
vt 0.65682286 0.841239095
vt 0.608810246 0.889251709
vt 0.608810246 0.841239095
vt 0.65682286 0.841239095
vt 0.608810246 0.889251709
vt 0.65682286 0.889251709
vt 0.608810246 0.841239095
vt 0.65682286 0.889251709
vt 0.608810246 0.841239095
vt 0.608810246 0.889251709
vt 0.65682286 0.841239095
vt 0.65682286 0.889251709
vt 0.608810246 0.841239095
vt 0.608810246 0.889251709
vt 0.65682286 0.841239095
vt 0.65682286 0.841239095
vt 0.608810246 0.889251709
vt 0.65682286 0.889251709
vt 0.608810246 0.841239095
vt 0.65682286 0.841239095
vt 0.608810246 0.889251709
vt 0.65682286 0.889251709
vt 0.608810246 0.841239095
vt 0.608810246 0.841239095
vt 0.65682286 0.841239095
vt 0.65682286 0.841239095
vt 0.65682286 0.889251709
vt 0.65682286 0.889251709
vt 0.608810246 0.889251709
vt 0.65682286 0.841239095
vt 0.608810246 0.889251709
vt 0.65682286 0.889251709
vt 0.608810246 0.841239095
vt 0.65682286 0.841239095
vt 0.608810246 0.889251709
vt 0.65682286 0.889251709
vt 0.608810246 0.841239095
vt 0.65682286 0.889251709
vt 0.608810246 0.841239095
vt 0.608810246 0.889251709
vt 0.65682286 0.841239095
vt 0.608810246 0.889251709
vt 0.65682286 0.841239095
vt 0.608810246 0.841239095
vt 0.65682286 0.889251709
vt 0.65682286 0.841239095
vt 0.608810246 0.889251709
vt 0.65682286 0.889251709
vt 0.608810246 0.841239095
vt 0.65682286 0.889251709
vt 0.608810246 0.841239095
vt 0.608810246 0.889251709
vt 0.65682286 0.841239095
vt 0.65682286 0.841239095
vt 0.608810246 0.889251709
vt 0.65682286 0.889251709
vt 0.608810246 0.841239095
vt 0.65682286 0.841239095
vt 0.608810246 0.889251709
vt 0.65682286 0.889251709
vt 0.608810246 0.841239095
vt 0.65682286 0.841239095
vt 0.608810246 0.889251709
vt 0.65682286 0.889251709
vt 0.608810246 0.841239095
vt 0.65682286 0.841239095
vt 0.608810246 0.889251709
vt 0.65682286 0.889251709
vt 0.608810246 0.841239095
vt 0.65682286 0.889251709
vt 0.608810246 0.841239095
vt 0.608810246 0.889251709
vt 0.65682286 0.841239095
vt 0.65682286 0.889251709
vt 0.608810246 0.841239095
vt 0.608810246 0.889251709
vt 0.65682286 0.841239095
vt 0.65682286 0.841239095
vt 0.608810246 0.889251709
vt 0.65682286 0.889251709
vt 0.608810246 0.841239095
vt 0.65682286 0.841239095
vt 0.608810246 0.889251709
vt 0.65682286 0.889251709
vt 0.608810246 0.841239095
vt 0.65682286 0.841239095
vt 0.608810246 0.889251709
vt 0.65682286 0.889251709
vt 0.608810246 0.841239095
vt 0.65682286 0.889251709
vt 0.608810246 0.841239095
vt 0.608810246 0.889251709
vt 0.65682286 0.841239095
vt 0.65682286 0.841239095
vt 0.608810246 0.889251709
vt 0.65682286 0.889251709
vt 0.608810246 0.841239095
vt 0.65682286 0.841239095
vt 0.608810246 0.889251709
vt 0.65682286 0.889251709
vt 0.608810246 0.841239095
vt 0.65682286 0.889251709
vt 0.608810246 0.841239095
vt 0.608810246 0.889251709
vt 0.65682286 0.841239095
vt 0.65682286 0.889251709
vt 0.608810246 0.841239095
vt 0.608810246 0.889251709
vt 0.65682286 0.841239095
vt 0.65682286 0.841239095
vt 0.608810246 0.889251709
vt 0.65682286 0.889251709
vt 0.608810246 0.841239095
vt 0.65682286 0.841239095
vt 0.608810246 0.889251709
vt 0.65682286 0.889251709
vt 0.608810246 0.841239095
vt 0.65682286 0.841239095
vt 0.608810246 0.889251709
vt 0.65682286 0.889251709
vt 0.608810246 0.841239095
vt 0.65682286 0.889251709
vt 0.608810246 0.841239095
vt 0.608810246 0.889251709
vt 0.65682286 0.841239095
vt 0.65682286 0.841239095
vt 0.608810246 0.889251709
vt 0.65682286 0.889251709
vt 0.608810246 0.841239095
vt 0.65682286 0.841239095
vt 0.608810246 0.889251709
vt 0.65682286 0.889251709
vt 0.608810246 0.841239095
vt 0.65682286 0.841239095
vt 0.608810246 0.841239095
vt 0.608810246 0.889251709
vt 0.65682286 0.889251709
vt 0.65682286 0.889251709
vt 0.608810246 0.841239095
vt 0.608810246 0.889251709
vt 0.65682286 0.841239095
vt 0.608810246 0.841239095
vt 0.65682286 0.841239095
vt 0.65682286 0.841239095
vt 0.65682286 0.889251709
vt 0.65682286 0.889251709
vt 0.608810246 0.889251709
vt 0.65682286 0.889251709
vt 0.608810246 0.841239095
vt 0.608810246 0.889251709
vt 0.65682286 0.841239095
vt 0.608810246 0.841239095
vt 0.65682286 0.841239095
vt 0.65682286 0.841239095
vt 0.65682286 0.889251709
vt 0.65682286 0.889251709
vt 0.608810246 0.889251709
vt 0.65682286 0.841239095
vt 0.608810246 0.889251709
vt 0.65682286 0.889251709
vt 0.608810246 0.841239095
vt 0.65682286 0.841239095
vt 0.608810246 0.889251709
vt 0.65682286 0.889251709
vt 0.608810246 0.841239095
vt 0.65682286 0.841239095
vt 0.608810246 0.889251709
vt 0.65682286 0.889251709
vt 0.608810246 0.841239095
vt 0.65682286 0.841239095
vt 0.608810246 0.889251709
vt 0.65682286 0.889251709
vt 0.608810246 0.841239095
vt 0.65682286 0.841239095
vt 0.608810246 0.889251709
vt 0.65682286 0.889251709
vt 0.608810246 0.841239095
vt 0.65682286 0.841239095
vt 0.608810246 0.889251709
vt 0.65682286 0.889251709
vt 0.608810246 0.841239095
vt 0.65682286 0.889251709
vt 0.65682286 0.841239095
vt 0.608810246 0.889251709
vt 0.608810246 0.841239095
vt 0.65682286 0.841239095
vt 0.608810246 0.889251709
vt 0.65682286 0.889251709
vt 0.608810246 0.841239095
vt 0.65682286 0.841239095
vt 0.608810246 0.889251709
vt 0.65682286 0.889251709
vt 0.608810246 0.841239095
vt 0.65682286 0.841239095
vt 0.608810246 0.889251709
vt 0.65682286 0.889251709
vt 0.608810246 0.841239095
vt 0.608810246 0.889251709
vt 0.65682286 0.841239095
vt 0.608810246 0.841239095
vt 0.65682286 0.889251709
vt 0.65682286 0.889251709
vt 0.608810246 0.841239095
vt 0.608810246 0.889251709
vt 0.65682286 0.841239095
vt 0.65682286 0.841239095
vt 0.608810246 0.889251709
vt 0.65682286 0.889251709
vt 0.608810246 0.841239095
vt 0.65682286 0.889251709
vt 0.608810246 0.841239095
vt 0.608810246 0.889251709
vt 0.65682286 0.841239095
vt 0.65682286 0.841239095
vt 0.608810246 0.889251709
vt 0.65682286 0.889251709
vt 0.608810246 0.841239095
vt 0.65682286 0.841239095
vt 0.608810246 0.889251709
vt 0.65682286 0.889251709
vt 0.608810246 0.841239095
vt 0.65682286 0.889251709
vt 0.608810246 0.841239095
vt 0.608810246 0.889251709
vt 0.65682286 0.841239095
vt 0.65682286 0.841239095
vt 0.608810246 0.889251709
vt 0.65682286 0.889251709
vt 0.608810246 0.841239095
vt 0.65682286 0.841239095
vt 0.608810246 0.889251709
vt 0.65682286 0.889251709
vt 0.608810246 0.841239095
vt 0.608810246 0.841239095
vt 0.65682286 0.841239095
vt 0.65682286 0.841239095
vt 0.65682286 0.889251709
vt 0.65682286 0.889251709
vt 0.608810246 0.889251709
vt 0.65682286 0.889251709
vt 0.608810246 0.841239095
vt 0.608810246 0.889251709
vt 0.65682286 0.841239095
vt 0.65682286 0.841239095
vt 0.608810246 0.889251709
vt 0.65682286 0.889251709
vt 0.608810246 0.841239095
vt 0.65682286 0.841239095
vt 0.608810246 0.889251709
vt 0.608810246 0.889251709
vt 0.608810246 0.889251709
vt 0.65682286 0.889251709
vt 0.608810246 0.841239095
vt 0.608810246 0.889251709
vt 0.65682286 0.841239095
vt 0.65682286 0.841239095
vt 0.608810246 0.889251709
vt 0.65682286 0.889251709
vt 0.608810246 0.841239095
vt 0.65682286 0.841239095
vt 0.608810246 0.889251709
vt 0.65682286 0.889251709
vt 0.608810246 0.841239095
vt 0.65682286 0.841239095
vt 0.608810246 0.889251709
vt 0.65682286 0.889251709
vt 0.608810246 0.841239095
vt 0.65682286 0.841239095
vt 0.608810246 0.889251709
vt 0.65682286 0.889251709
vt 0.608810246 0.841239095
vt 0.65682286 0.889251709
vt 0.65682286 0.841239095
vt 0.608810246 0.889251709
vt 0.608810246 0.841239095
vt 0.65682286 0.841239095
vt 0.608810246 0.889251709
vt 0.65682286 0.889251709
vt 0.608810246 0.841239095
vt 0.65682286 0.841239095
vt 0.608810246 0.889251709
vt 0.65682286 0.889251709
vt 0.608810246 0.841239095
vt 0.65682286 0.841239095
vt 0.608810246 0.889251709
vt 0.65682286 0.889251709
vt 0.608810246 0.841239095
vt 0.65682286 0.841239095
vt 0.608810246 0.889251709
vt 0.65682286 0.889251709
vt 0.608810246 0.841239095
vt 0.65682286 0.841239095
vt 0.608810246 0.889251709
vt 0.65682286 0.889251709
vt 0.608810246 0.841239095
vt 0.608810246 0.889251709
vt 0.65682286 0.841239095
vt 0.608810246 0.841239095
vt 0.65682286 0.889251709
vt 0.65682286 0.841239095
vt 0.608810246 0.841239095
vt 0.65682286 0.889251709
vt 0.608810246 0.889251709
vt 0.65682286 0.841239095
vt 0.608810246 0.889251709
vt 0.65682286 0.889251709
vt 0.608810246 0.841239095
vt 0.65682286 0.841239095
vt 0.608810246 0.889251709
vt 0.65682286 0.889251709
vt 0.608810246 0.841239095
vt 0.65682286 0.841239095
vt 0.608810246 0.889251709
vt 0.65682286 0.889251709
vt 0.608810246 0.841239095
vt 0.65682286 0.889251709
vt 0.65682286 0.841239095
vt 0.608810246 0.889251709
vt 0.608810246 0.841239095
vt 0.65682286 0.841239095
vt 0.608810246 0.889251709
vt 0.65682286 0.889251709
vt 0.608810246 0.841239095
vt 0.65682286 0.889251709
vt 0.65682286 0.841239095
vt 0.608810246 0.889251709
vt 0.608810246 0.841239095
vt 0.65682286 0.889251709
vt 0.608810246 0.841239095
vt 0.608810246 0.889251709
vt 0.65682286 0.841239095
vt 0.65682286 0.889251709
vt 0.608810246 0.841239095
vt 0.608810246 0.889251709
vt 0.65682286 0.841239095
vt 0.65682286 0.889251709
vt 0.608810246 0.841239095
vt 0.608810246 0.889251709
vt 0.65682286 0.841239095
vt 0.65682286 0.841239095
vt 0.608810246 0.889251709
vt 0.65682286 0.889251709
vt 0.608810246 0.841239095
vt 0.65682286 0.889251709
vt 0.608810246 0.841239095
vt 0.608810246 0.889251709
vt 0.65682286 0.841239095
vt 0.65682286 0.841239095
vt 0.608810246 0.889251709
vt 0.65682286 0.889251709
vt 0.608810246 0.841239095
vt 0.65682286 0.841239095
vt 0.608810246 0.889251709
vt 0.65682286 0.889251709
vt 0.608810246 0.841239095
vt 0.65682286 0.841239095
vt 0.608810246 0.841239095
vt 0.608810246 0.889251709
vt 0.65682286 0.889251709
vt 0.65682286 0.841239095
vt 0.608810246 0.889251709
vt 0.65682286 0.889251709
vt 0.608810246 0.841239095
vt 0.65682286 0.889251709
vt 0.608810246 0.841239095
vt 0.608810246 0.889251709
vt 0.65682286 0.841239095
vt 0.65682286 0.841239095
vt 0.608810246 0.889251709
vt 0.65682286 0.889251709
vt 0.608810246 0.841239095
vt 0.65682286 0.889251709
vt 0.65682286 0.841239095
vt 0.608810246 0.889251709
vt 0.608810246 0.841239095
vt 0.65682286 0.841239095
vt 0.608810246 0.841239095
vt 0.65682286 0.889251709
vt 0.608810246 0.889251709
vt 0.65682286 0.841239095
vt 0.608810246 0.889251709
vt 0.65682286 0.889251709
vt 0.608810246 0.841239095
vt 0.65682286 0.841239095
vt 0.608810246 0.889251709
vt 0.65682286 0.889251709
vt 0.608810246 0.841239095
vt 0.65682286 0.841239095
vt 0.608810246 0.889251709
vt 0.65682286 0.889251709
vt 0.608810246 0.841239095
vt 0.65682286 0.889251709
vt 0.608810246 0.841239095
vt 0.608810246 0.889251709
vt 0.65682286 0.841239095
vt 0.65682286 0.841239095
vt 0.608810246 0.889251709
vt 0.65682286 0.889251709
vt 0.608810246 0.841239095
vt 0.65682286 0.889251709
vt 0.608810246 0.841239095
vt 0.608810246 0.889251709
vt 0.65682286 0.841239095
vt 0.65682286 0.889251709
vt 0.608810246 0.841239095
vt 0.608810246 0.889251709
vt 0.65682286 0.841239095
vt 0.65682286 0.841239095
vt 0.608810246 0.889251709
vt 0.65682286 0.889251709
vt 0.608810246 0.841239095
vt 0.65682286 0.841239095
vt 0.608810246 0.889251709
vt 0.65682286 0.889251709
vt 0.608810246 0.841239095
vt 0.65682286 0.889251709
vt 0.65682286 0.841239095
vt 0.608810246 0.889251709
vt 0.608810246 0.841239095
vt 0.65682286 0.841239095
vt 0.608810246 0.889251709
vt 0.65682286 0.889251709
vt 0.608810246 0.841239095
vt 0.65682286 0.841239095
vt 0.608810246 0.889251709
vt 0.65682286 0.889251709
vt 0.608810246 0.841239095
vt 0.65682286 0.889251709
vt 0.608810246 0.841239095
vt 0.608810246 0.889251709
vt 0.65682286 0.841239095
vt 0.65682286 0.841239095
vt 0.608810246 0.889251709
vt 0.65682286 0.889251709
vt 0.608810246 0.841239095
vt 0.65682286 0.889251709
vt 0.65682286 0.841239095
vt 0.608810246 0.889251709
vt 0.608810246 0.841239095
vt 0.65682286 0.889251709
vt 0.608810246 0.841239095
vt 0.608810246 0.889251709
vt 0.65682286 0.841239095
vt 0.65682286 0.841239095
vt 0.608810246 0.889251709
vt 0.65682286 0.889251709
vt 0.608810246 0.841239095
vt 0.65682286 0.889251709
vt 0.65682286 0.841239095
vt 0.608810246 0.889251709
vt 0.608810246 0.841239095
vt 0.65682286 0.841239095
vt 0.608810246 0.889251709
vt 0.65682286 0.889251709
vt 0.608810246 0.841239095
vt 0.65682286 0.889251709
vt 0.608810246 0.841239095
vt 0.608810246 0.889251709
vt 0.65682286 0.841239095
vt 0.65682286 0.841239095
vt 0.608810246 0.889251709
vt 0.65682286 0.889251709
vt 0.608810246 0.841239095
vt 0.65682286 0.841239095
vt 0.608810246 0.889251709
vt 0.65682286 0.889251709
vt 0.608810246 0.841239095
vt 0.65682286 0.889251709
vt 0.65682286 0.841239095
vt 0.608810246 0.889251709
vt 0.608810246 0.841239095
vt 0.65682286 0.841239095
vt 0.608810246 0.889251709
vt 0.65682286 0.889251709
vt 0.608810246 0.841239095
vt 0.608810246 0.889251709
vt 0.65682286 0.841239095
vt 0.608810246 0.841239095
vt 0.65682286 0.889251709
vt 0.65682286 0.841239095
vt 0.608810246 0.841239095
vt 0.65682286 0.889251709
vt 0.608810246 0.889251709
vt 0.65682286 0.889251709
vt 0.608810246 0.841239095
vt 0.608810246 0.889251709
vt 0.65682286 0.841239095
vt 0.65682286 0.841239095
vt 0.608810246 0.889251709
vt 0.65682286 0.889251709
vt 0.608810246 0.841239095
vt 0.65682286 0.841239095
vt 0.608810246 0.841239095
vt 0.65682286 0.889251709
vt 0.608810246 0.889251709
vt 0.65682286 0.841239095
vt 0.608810246 0.889251709
vt 0.65682286 0.889251709
vt 0.608810246 0.841239095
vt 0.65682286 0.841239095
vt 0.608810246 0.889251709
vt 0.65682286 0.889251709
vt 0.608810246 0.841239095
vt 0.65682286 0.889251709
vt 0.608810246 0.841239095
vt 0.608810246 0.889251709
vt 0.65682286 0.841239095
vt 0.65682286 0.841239095
vt 0.608810246 0.889251709
vt 0.65682286 0.889251709
vt 0.608810246 0.841239095
vt 0.65682286 0.889251709
vt 0.65682286 0.841239095
vt 0.608810246 0.889251709
vt 0.608810246 0.841239095
vt 0.608810246 0.841239095
vt 0.65682286 0.841239095
vt 0.65682286 0.841239095
vt 0.65682286 0.889251709
vt 0.65682286 0.889251709
vt 0.608810246 0.889251709
vt 0.65682286 0.841239095
vt 0.608810246 0.889251709
vt 0.65682286 0.889251709
vt 0.608810246 0.841239095
vt 0.65682286 0.889251709
vt 0.608810246 0.841239095
vt 0.608810246 0.889251709
vt 0.65682286 0.841239095
vt 0.65682286 0.841239095
vt 0.608810246 0.889251709
vt 0.65682286 0.889251709
vt 0.608810246 0.841239095
vt 0.65682286 0.889251709
vt 0.608810246 0.841239095
vt 0.608810246 0.889251709
vt 0.65682286 0.841239095
vt 0.65682286 0.841239095
vt 0.608810246 0.889251709
vt 0.65682286 0.889251709
vt 0.608810246 0.841239095
vt 0.65682286 0.841239095
vt 0.608810246 0.889251709
vt 0.65682286 0.889251709
vt 0.608810246 0.841239095
vt 0.65682286 0.841239095
vt 0.608810246 0.889251709
vt 0.65682286 0.889251709
vt 0.608810246 0.841239095
vt 0.65682286 0.889251709
vt 0.65682286 0.841239095
vt 0.608810246 0.889251709
vt 0.608810246 0.841239095
vt 0.65682286 0.889251709
vt 0.608810246 0.841239095
vt 0.608810246 0.889251709
vt 0.65682286 0.841239095
vt 0.608810246 0.841239095
vt 0.65682286 0.841239095
vt 0.65682286 0.841239095
vt 0.65682286 0.889251709
vt 0.65682286 0.889251709
vt 0.608810246 0.889251709
vt 0.65682286 0.841239095
vt 0.608810246 0.889251709
vt 0.65682286 0.889251709
vt 0.608810246 0.841239095
vt 0.165651441 0.772549212
vt 0.114925623 0.772549212
vt 0.114925623 0.772549212
vt 0.165651441 0.772549212
vt 0.114925623 0.772549212
vt 0.114925623 0.772549212
vt 0.165651441 0.772549212
vt 0.114925623 0.721823394
vt 0.114925623 0.772549212
vt 0.165651441 0.772549212
vt 0.114925623 0.721823394
vt 0.114925623 0.772549212
vt 0.114925623 0.721823394
vt 0.114925623 0.721823394
vt 0.165651441 0.721823394
vt 0.114925623 0.772549212
vt 0.165651441 0.721823394
vt 0.165651441 0.772549212
vt 0.114925623 0.721823394
vt 0.879540324 0.729202092
vt 0.879540324 0.779927909
vt 0.879540324 0.779927909
vt 0.828814507 0.779927909
vt 0.828814507 0.729202092
vt 0.879540324 0.729202092
vt 0.879540324 0.729202092
vt 0.879540324 0.779927909
vt 0.114925623 0.772549212
vt 0.165651441 0.772549212
vt 0.165651441 0.772549212
vt 0.165651441 0.721823394
vt 0.165651441 0.721823394
vt 0.165651441 0.772549212
vt 0.879540324 0.779927909
vt 0.879540324 0.779927909
vt 0.828814507 0.779927909
vt 0.879540324 0.729202092
vt 0.879540324 0.729202092
vt 0.828814507 0.729202092
vt 0.585317492 0.743034422
vt 0.63604331 0.692308605
vt 0.585317492 0.692308605
vt 0.63604331 0.743034422
vt 0.828814507 0.729202092
vt 0.828814507 0.779927909
vt 0.879540324 0.729202092
vt 0.879540324 0.779927909
vt 0.828814507 0.729202092
vt 0.828814507 0.729202092
vt 0.879540324 0.729202092
vt 0.828814507 0.779927909
vt 0.828814507 0.779927909
vt 0.879540324 0.779927909
vt 0.114925623 0.721823394
vt 0.114925623 0.721823394
vt 0.165651441 0.721823394
vt 0.114925623 0.772549212
vt 0.165651441 0.772549212
vt 0.114925623 0.721823394
vt 0.165651441 0.772549212
vt 0.114925623 0.772549212
vt 0.114925623 0.721823394
vt 0.165651441 0.721823394
vt 0.165651441 0.772549212
vt 0.165651441 0.721823394
vt 0.114925623 0.772549212
vt 0.114925623 0.721823394
vt 0.828814507 0.779927909
vt 0.828814507 0.729202092
vt 0.828814507 0.729202092
vt 0.879540324 0.729202092
vt 0.879540324 0.729202092
vt 0.828814507 0.779927909
vt 0.879540324 0.779927909
vt 0.828814507 0.729202092
vt 0.828814507 0.779927909
vt 0.828814507 0.779927909
vt 0.828814507 0.729202092
vt 0.879540324 0.779927909
vt 0.879540324 0.779927909
vt 0.879540324 0.729202092
vt 0.879540324 0.729202092
vt 0.828814507 0.729202092
vt 0.553958058 0.772549212
vt 0.604683876 0.721823394
vt 0.553958058 0.721823394
vt 0.604683876 0.772549212
vt 0.828814507 0.729202092
vt 0.828814507 0.779927909
vt 0.879540324 0.729202092
vt 0.879540324 0.779927909
vt 0.828814507 0.729202092
vt 0.828814507 0.779927909
vt 0.828814507 0.729202092
vt 0.828814507 0.779927909
vt 0.828814507 0.779927909
vt 0.828814507 0.729202092
vt 0.879540324 0.729202092
vt 0.154583424 0.157353222
vt 0.154583424 0.157353222
vt 0.154583424 0.20807904
vt 0.103857577 0.157353222
vt 0.103857577 0.157353222
vt 0.154583424 0.157353222
vt 0.154583424 0.20807904
vt 0.154583424 0.20807904
vt 0.103857577 0.20807904
vt 0.103857577 0.157353222
vt 0.103857577 0.157353222
vt 0.103857577 0.157353222
vt 0.154583424 0.157353222
vt 0.103857577 0.20807904
vt 0.154583424 0.157353222
vt 0.154583424 0.20807904
vt 0.154583424 0.20807904
vt 0.103857577 0.20807904
vt 0.103857577 0.20807904
vt 0.103857577 0.157353222
vt 0.154583424 0.20807904
vt 0.154583424 0.157353222
vt 0.103857577 0.20807904
vt 0.154583424 0.157353222
vt 0.103857577 0.157353222
vt 0.154583424 0.20807904
vt 0.103857577 0.20807904
vt 0.154583424 0.157353222
vt 0.103857577 0.20807904
vt 0.154583424 0.20807904
vt 0.103857577 0.157353222
vt 0.154583424 0.157353222
vt 0.103857577 0.20807904
vt 0.103857577 0.157353222
vt 0.154583424 0.20807904
vt 0.103857577 0.20807904
vt 0.103857577 0.20807904
vt 0.103857577 0.157353222
vt 0.103857577 0.157353222
vt 0.879540324 0.729202092
vt 0.828814507 0.779927909
vt 0.879540324 0.779927909
vt 0.828814507 0.729202092
vt 0.828814507 0.729202092
vt 0.828814507 0.779927909
vt 0.879540324 0.729202092
vt 0.879540324 0.779927909
vt 0.828814507 0.729202092
vt 0.828814507 0.729202092
vt 0.879540324 0.729202092
vt 0.828814507 0.779927909
vt 0.828814507 0.779927909
vt 0.879540324 0.779927909
vt 0.828814507 0.779927909
vt 0.828814507 0.729202092
vt 0.828814507 0.729202092
vt 0.879540324 0.729202092
vt 0.114925623 0.721823394
vt 0.165651441 0.772549212
vt 0.114925623 0.772549212
vt 0.165651441 0.721823394
vt 0.165651441 0.721823394
vt 0.165651441 0.772549212
vt 0.114925623 0.772549212
vt 0.114925623 0.721823394
vt 0.879540324 0.729202092
vt 0.828814507 0.779927909
vt 0.879540324 0.779927909
vt 0.828814507 0.729202092
vt 0.879540324 0.729202092
vt 0.879540324 0.779927909
vt 0.879540324 0.779927909
vt 0.828814507 0.779927909
vt 0.828814507 0.729202092
vt 0.828814507 0.779927909
vt 0.879540324 0.729202092
vt 0.879540324 0.779927909
vt 0.828814507 0.729202092
vt 0.828814507 0.729202092
vt 0.879540324 0.729202092
vt 0.828814507 0.779927909
vt 0.828814507 0.779927909
vt 0.879540324 0.779927909
vt 0.828814507 0.729202092
vt 0.828814507 0.779927909
vt 0.879540324 0.729202092
vt 0.879540324 0.779927909
vt 0.828814507 0.729202092
vt 0.828814507 0.779927909
vt 0.828814507 0.729202092
vt 0.828814507 0.729202092
vt 0.879540324 0.729202092
vt 0.350118876 0.315070093
vt 0.299393058 0.315070093
vt 0.350118876 0.315070093
vt 0.299393058 0.315070093
vt 0.879540324 0.729202092
vt 0.828814507 0.779927909
vt 0.879540324 0.779927909
vt 0.828814507 0.729202092
vt 0.585317492 0.692308605
vt 0.63604331 0.692308605
vt 0.63604331 0.692308605
vt 0.63604331 0.743034422
vt 0.114925623 0.721823394
vt 0.165651441 0.772549212
vt 0.165651441 0.721823394
vt 0.114925623 0.772549212
vt 0.114925623 0.721823394
vt 0.114925623 0.721823394
vt 0.165651441 0.721823394
vt 0.114925623 0.772549212
vt 0.114925623 0.721823394
vt 0.114925623 0.721823394
vt 0.165651441 0.721823394
vt 0.114925623 0.772549212
vt 0.165651441 0.772549212
vt 0.114925623 0.721823394
vt 0.114925623 0.721823394
vt 0.165651441 0.721823394
vt 0.828814507 0.729202092
vt 0.828814507 0.779927909
vt 0.879540324 0.729202092
vt 0.879540324 0.779927909
vt 0.828814507 0.729202092
vt 0.828814507 0.779927909
vt 0.828814507 0.729202092
vt 0.828814507 0.779927909
vt 0.828814507 0.729202092
vt 0.879540324 0.729202092
vt 0.879540324 0.779927909
vt 0.879540324 0.779927909
vt 0.828814507 0.779927909
vt 0.879540324 0.729202092
vt 0.828814507 0.779927909
vt 0.828814507 0.729202092
vt 0.828814507 0.729202092
vt 0.879540324 0.729202092
vt 0.103857577 0.157353222
vt 0.103857577 0.20807904
vt 0.154583424 0.157353222
vt 0.154583424 0.20807904
vt 0.154583424 0.157353222
vt 0.154583424 0.157353222
vt 0.154583424 0.20807904
vt 0.103857577 0.157353222
vt 0.103857577 0.157353222
vt 0.103857577 0.20807904
vt 0.154583424 0.20807904
vt 0.103857577 0.20807904
vt 0.154583424 0.20807904
vt 0.103857577 0.20807904
vt 0.110372186 0.199687243
vt 0.154583424 0.157353222
vt 0.148068815 0.199687243
vt 0.105098918 0.190553725
vt 0.153342068 0.190553725
vt 0.103857577 0.157353222
vt 0.134493724 0.157907426
vt 0.148068815 0.199687243
vt 0.11431253 0.162197113
vt 0.118904471 0.205886304
vt 0.1039965 0.180064976
vt 0.828814507 0.779927909
vt 0.879540324 0.729202092
vt 0.828814507 0.729202092
vt 0.879540324 0.779927909
vt 0.828814507 0.729202092
vt 0.828814507 0.779927909
vt 0.879540324 0.729202092
vt 0.879540324 0.779927909
vt 0.828814507 0.729202092
vt 0.879540324 0.779927909
vt 0.879540324 0.729202092
vt 0.828814507 0.779927909
vt 0.828814507 0.779927909
vt 0.879540324 0.729202092
vt 0.828814507 0.729202092
vt 0.879540324 0.779927909
vt 0.828814507 0.729202092
vt 0.879540324 0.779927909
vt 0.879540324 0.729202092
vt 0.828814507 0.779927909
vt 0.114925623 0.772549212
vt 0.165651441 0.772549212
vt 0.165651441 0.772549212
vt 0.165651441 0.772549212
vt 0.114925623 0.772549212
vt 0.114925623 0.772549212
vt 0.165651441 0.721823394
vt 0.165651441 0.772549212
vt 0.114925623 0.721823394
vt 0.114925623 0.772549212
vt 0.114925623 0.772549212
vt 0.114925623 0.721823394
vt 0.165651441 0.772549212
vt 0.114925623 0.772549212
vt 0.165651441 0.772549212
vt 0.114925623 0.721823394
vt 0.165651441 0.721823394
vt 0.165651441 0.772549212
vt 0.306821644 0.271772921
vt 0.32872358 0.314757824
vt 0.320788383 0.314757884
vt 0.32872358 0.264656484
vt 0.342690259 0.307641506
vt 0.65682286 0.889251709
vt 0.65682286 0.841239095
vt 0.608810246 0.889251709
vt 0.608810246 0.841239095
vt 0.65682286 0.889251709
vt 0.65682286 0.889251709
vt 0.608810246 0.889251709
vt 0.65682286 0.841239095
vt 0.65682286 0.841239095
vt 0.608810246 0.841239095
vt 0.65682286 0.841239095
vt 0.608810246 0.889251709
vt 0.65682286 0.889251709
vt 0.608810246 0.841239095
vt 0.65682286 0.841239095
vt 0.608810246 0.889251709
vt 0.65682286 0.889251709
vt 0.608810246 0.889251709
vt 0.608810246 0.889251709
vt 0.65682286 0.841239095
vt 0.608810246 0.841239095
vt 0.65682286 0.889251709
vt 0.65682286 0.841239095
vt 0.608810246 0.889251709
vt 0.608810246 0.841239095
vt 0.65682286 0.889251709
vt 0.65682286 0.889251709
vt 0.608810246 0.889251709
vt 0.65682286 0.841239095
vt 0.65682286 0.841239095
vt 0.608810246 0.841239095
vt 0.65682286 0.841239095
vt 0.608810246 0.889251709
vt 0.65682286 0.889251709
vt 0.608810246 0.841239095
vt 0.65682286 0.841239095
vt 0.608810246 0.889251709
vt 0.65682286 0.889251709
vt 0.608810246 0.841239095
vt 0.65682286 0.841239095
vt 0.608810246 0.841239095
vt 0.65682286 0.889251709
vt 0.608810246 0.889251709
vt 0.65682286 0.841239095
vt 0.65682286 0.841239095
vt 0.65682286 0.889251709
vt 0.608810246 0.841239095
vt 0.608810246 0.889251709
vt 0.608810246 0.889251709
vt 0.608810246 0.841239095
vt 0.65682286 0.889251709
vt 0.65682286 0.841239095
vt 0.608810246 0.889251709
vt 0.608810246 0.841239095
vt 0.65682286 0.889251709
vt 0.65682286 0.889251709
vt 0.608810246 0.889251709
vt 0.65682286 0.841239095
vt 0.65682286 0.841239095
vt 0.608810246 0.841239095
vt 0.65682286 0.841239095
vt 0.608810246 0.889251709
vt 0.65682286 0.889251709
vt 0.608810246 0.841239095
vt 0.65682286 0.889251709
vt 0.65682286 0.841239095
vt 0.608810246 0.889251709
vt 0.608810246 0.841239095
vt 0.65682286 0.889251709
vt 0.65682286 0.889251709
vt 0.608810246 0.889251709
vt 0.65682286 0.841239095
vt 0.65682286 0.841239095
vt 0.608810246 0.841239095
vt 0.65682286 0.889251709
vt 0.65682286 0.841239095
vt 0.608810246 0.889251709
vt 0.608810246 0.841239095
vt 0.65682286 0.889251709
vt 0.65682286 0.889251709
vt 0.608810246 0.889251709
vt 0.65682286 0.841239095
vt 0.65682286 0.841239095
vt 0.608810246 0.841239095
vt 0.65682286 0.841239095
vt 0.65682286 0.841239095
vt 0.65682286 0.889251709
vt 0.608810246 0.841239095
vt 0.608810246 0.889251709
vt 0.608810246 0.889251709
vt 0.65682286 0.841239095
vt 0.65682286 0.889251709
vt 0.65682286 0.841239095
vt 0.65682286 0.889251709
vt 0.65682286 0.841239095
vt 0.608810246 0.841239095
vt 0.608810246 0.889251709
vt 0.608810246 0.889251709
vt 0.65682286 0.841239095
vt 0.608810246 0.841239095
vt 0.65682286 0.841239095
vt 0.65682286 0.841239095
vt 0.65682286 0.841239095
vt 0.65682286 0.841239095
vt 0.608810246 0.889251709
vt 0.65682286 0.889251709
vt 0.608810246 0.841239095
vt 0.65682286 0.841239095
vt 0.608810246 0.841239095
vt 0.65682286 0.841239095
vt 0.65682286 0.841239095
vt 0.65682286 0.889251709
vt 0.65682286 0.889251709
vt 0.608810246 0.889251709
vt 0.65682286 0.889251709
vt 0.65682286 0.841239095
vt 0.608810246 0.889251709
vt 0.608810246 0.841239095
vt 0.65682286 0.889251709
vt 0.65682286 0.841239095
vt 0.608810246 0.889251709
vt 0.608810246 0.841239095
vt 0.65682286 0.889251709
vt 0.65682286 0.889251709
vt 0.608810246 0.889251709
vt 0.65682286 0.841239095
vt 0.65682286 0.841239095
vt 0.608810246 0.841239095
vt 0.65682286 0.841239095
vt 0.608810246 0.889251709
vt 0.65682286 0.889251709
vt 0.608810246 0.889251709
vt 0.608810246 0.889251709
vt 0.65682286 0.841239095
vt 0.608810246 0.841239095
vt 0.65682286 0.841239095
vt 0.608810246 0.841239095
vt 0.65682286 0.841239095
vt 0.65682286 0.841239095
vt 0.65682286 0.841239095
vt 0.65682286 0.841239095
vt 0.65682286 0.889251709
vt 0.608810246 0.841239095
vt 0.608810246 0.889251709
vt 0.608810246 0.889251709
vt 0.65682286 0.841239095
vt 0.65682286 0.841239095
vt 0.65682286 0.889251709
vt 0.65682286 0.889251709
vt 0.608810246 0.889251709
vt 0.65682286 0.841239095
vt 0.65682286 0.841239095
vt 0.65682286 0.889251709
vt 0.608810246 0.841239095
vt 0.608810246 0.889251709
vt 0.608810246 0.889251709
vt 0.65682286 0.841239095
vt 0.65682286 0.841239095
vt 0.608810246 0.889251709
vt 0.65682286 0.889251709
vt 0.608810246 0.889251709
vt 0.608810246 0.889251709
vt 0.65682286 0.841239095
vt 0.608810246 0.841239095
vt 0.65682286 0.889251709
vt 0.65682286 0.841239095
vt 0.608810246 0.889251709
vt 0.608810246 0.841239095
vt 0.65682286 0.889251709
vt 0.65682286 0.889251709
vt 0.608810246 0.889251709
vt 0.65682286 0.841239095
vt 0.65682286 0.841239095
vt 0.608810246 0.841239095
vt 0.65682286 0.841239095
vt 0.608810246 0.889251709
vt 0.65682286 0.889251709
vt 0.608810246 0.889251709
vt 0.608810246 0.889251709
vt 0.65682286 0.841239095
vt 0.608810246 0.841239095
vt 0.65682286 0.889251709
vt 0.65682286 0.841239095
vt 0.65682286 0.889251709
vt 0.65682286 0.841239095
vt 0.608810246 0.841239095
vt 0.608810246 0.889251709
vt 0.608810246 0.889251709
vt 0.65682286 0.841239095
vt 0.65682286 0.841239095
vt 0.608810246 0.889251709
vt 0.65682286 0.889251709
vt 0.608810246 0.889251709
vt 0.608810246 0.889251709
vt 0.65682286 0.841239095
vt 0.608810246 0.841239095
vt 0.65682286 0.841239095
vt 0.608810246 0.889251709
vt 0.65682286 0.889251709
vt 0.608810246 0.841239095
vt 0.65682286 0.889251709
vt 0.65682286 0.841239095
vt 0.65682286 0.889251709
vt 0.65682286 0.841239095
vt 0.608810246 0.841239095
vt 0.608810246 0.889251709
vt 0.608810246 0.889251709
vt 0.65682286 0.841239095
vt 0.65682286 0.889251709
vt 0.65682286 0.841239095
vt 0.608810246 0.889251709
vt 0.608810246 0.841239095
vt 0.65682286 0.889251709
vt 0.65682286 0.889251709
vt 0.608810246 0.889251709
vt 0.65682286 0.841239095
vt 0.65682286 0.841239095
vt 0.608810246 0.841239095
vt 0.65682286 0.841239095
vt 0.608810246 0.889251709
vt 0.65682286 0.889251709
vt 0.608810246 0.841239095
vn 0.000000 1.000000 0.000000
vn 0.000000 1.000000 0.000000
vn 0.000000 1.000000 0.000000
vn 1.000000 0.000000 0.000000
vn 1.000000 0.000000 0.000000
vn 1.000000 0.000000 0.000000
vn 0.000000 -0.000000 1.000000
vn 0.000000 -0.000000 1.000000
vn 0.000000 -0.000000 1.000000
vn -1.000000 0.000000 0.000000
vn -1.000000 0.000000 0.000000
vn -1.000000 0.000000 0.000000
vn -1.000000 0.000000 0.000000
vn -1.000000 0.000000 0.000000
vn -1.000000 0.000000 0.000000
vn -1.000000 0.000000 0.000000
vn 0.000000 0.000000 -1.000000
vn 0.000000 0.000000 -1.000000
vn 0.000000 0.000000 -1.000000
vn 0.000000 -1.000000 -0.000000
vn 0.000000 -1.000000 -0.000000
vn 0.000000 -1.000000 -0.000000
vn 1.000000 0.000000 0.000000
vn 1.000000 0.000000 0.000000
vn 1.000000 0.000000 0.000000
vn 0.000000 -1.000000 -0.000000
vn 0.000000 -1.000000 -0.000000
vn 0.000000 -1.000000 -0.000000
vn 0.000000 1.000000 0.000000
vn 0.000000 1.000000 0.000000
vn 0.000000 1.000000 0.000000
vn 0.000000 -0.000000 1.000000
vn 0.000000 -0.000000 1.000000
vn 0.000000 -0.000000 1.000000
vn -1.000000 0.000000 0.000000
vn -1.000000 0.000000 0.000000
vn -1.000000 0.000000 0.000000
vn 0.000000 1.000000 0.000000
vn 0.000000 1.000000 0.000000
vn 0.000000 1.000000 0.000000
vn 0.000000 -0.128666 -0.991688
vn 0.000000 0.000000 -1.000000
vn 0.000000 0.000000 -1.000000
vn 1.000000 0.000000 0.000000
vn 1.000000 0.000000 0.000000
vn 1.000000 0.000000 0.000000
vn 0.000000 1.000000 0.000000
vn 0.000000 1.000000 0.000000
vn 0.000000 1.000000 0.000000
vn 0.000000 1.000000 0.000000
vn 0.000000 1.000000 0.000000
vn 0.000000 1.000000 0.000000
vn 0.000000 1.000000 0.000000
vn 0.000000 1.000000 0.000000
vn 0.000000 1.000000 0.000000
vn -1.000000 0.000000 0.000000
vn -1.000000 0.000000 0.000000
vn -1.000000 0.000000 0.000000
vn -1.000000 0.000000 0.000000
vn -1.000000 0.000000 0.000000
vn 1.000000 0.000000 0.000000
vn 1.000000 0.000000 0.000000
vn 1.000000 0.000000 0.000000
vn 1.000000 0.000000 0.000000
vn 1.000000 0.000000 0.000000
vn 1.000000 0.000000 0.000000
vn -1.000000 0.000000 0.000000
vn -1.000000 0.000000 0.000000
vn -1.000000 0.000000 0.000000
vn -1.000000 0.000000 0.000000
vn -1.000000 0.000000 0.000000
vn -1.000000 0.000000 0.000000
vn -1.000000 0.000000 0.000000
vn -1.000000 0.000000 0.000000
vn -1.000000 0.000000 0.000000
vn -1.000000 0.000000 0.000000
vn -1.000000 0.000000 0.000000
vn -1.000000 0.000000 0.000000
vn 0.000000 -0.000000 1.000000
vn 0.000000 -0.000000 1.000000
vn 0.000000 -0.000000 1.000000
vn 0.000000 -0.000000 1.000000
vn 0.000000 -0.000000 1.000000
vn 0.000000 -0.000000 1.000000
vn 1.000000 0.000000 0.000000
vn 1.000000 0.000000 0.000000
vn 1.000000 0.000000 0.000000
vn 0.000000 0.000000 -1.000000
vn 0.000000 0.000000 -1.000000
vn 0.000000 0.000000 -1.000000
vn 0.000000 0.000000 -1.000000
vn 0.000000 0.000000 -1.000000
vn 0.000000 0.000000 -1.000000
vn 0.000000 0.000000 -1.000000
vn 0.000000 0.000000 -1.000000
vn 0.000000 0.000000 -1.000000
vn 0.000000 1.000000 0.000000
vn 0.000000 1.000000 0.000000
vn 0.000000 1.000000 0.000000
vn -1.000000 0.000000 0.000000
vn -1.000000 0.000000 0.000000
vn -1.000000 0.000000 0.000000
vn -1.000000 0.000000 0.000000
vn -1.000000 0.000000 0.000000
vn -1.000000 0.000000 0.000000
vn -1.000000 0.000000 0.000000
vn -1.000000 0.000000 0.000000
vn -1.000000 0.000000 0.000000
vn -1.000000 0.000000 0.000000
vn -1.000000 0.000000 0.000000
vn -1.000000 0.000000 0.000000
vn -1.000000 0.000000 0.000000
vn 1.000000 0.000000 0.000000
vn 1.000000 0.000000 0.000000
vn 1.000000 0.000000 0.000000
vn 0.000000 0.000000 -1.000000
vn 0.000000 0.000000 -1.000000
vn 0.000000 0.000000 -1.000000
vn 0.000000 -0.000000 1.000000
vn 0.000000 -0.000000 1.000000
vn 0.000000 -0.000000 1.000000
vn 0.000000 -0.000000 1.000000
vn 0.000000 -0.000000 1.000000
vn 0.000000 -0.000000 1.000000
vn 0.000000 -0.000000 1.000000
vn 0.000000 -0.000000 1.000000
vn 0.000000 -0.000000 1.000000
vn 0.000000 -0.000000 1.000000
vn 1.000000 0.000000 0.000000
vn 1.000000 0.000000 0.000000
vn 1.000000 0.000000 0.000000
vn 0.000000 1.000000 0.000000
vn 0.000000 1.000000 0.000000
vn 0.000000 1.000000 0.000000
vn -1.000000 0.000000 0.000000
vn -1.000000 0.000000 0.000000
vn -1.000000 0.000000 0.000000
vn -1.000000 0.000000 0.000000
vn -1.000000 0.000000 0.000000
vn 0.000000 1.000000 0.000000
vn 0.000000 1.000000 0.000000
vn 0.000000 1.000000 0.000000
vn 1.000000 0.000000 0.000000
vn 1.000000 0.000000 0.000000
vn 1.000000 0.000000 0.000000
vn -1.000000 0.000000 0.000000
vn -1.000000 0.000000 0.000000
vn -1.000000 0.000000 0.000000
vn 1.000000 0.000000 0.000000
vn 1.000000 0.000000 0.000000
vn 1.000000 0.000000 0.000000
vn 1.000000 0.000000 0.000000
vn 1.000000 0.000000 0.000000
vn 1.000000 0.000000 0.000000
vn 1.000000 0.000000 0.000000
vn 1.000000 0.000000 0.000000
vn 1.000000 0.000000 0.000000
vn 0.000000 -1.000000 -0.000000
vn 0.000000 -1.000000 -0.000000
vn 0.000000 -1.000000 -0.000000
vn -1.000000 0.000000 0.000000
vn -1.000000 0.000000 0.000000
vn -1.000000 0.000000 0.000000
vn 0.000000 1.000000 0.000000
vn 0.000000 1.000000 0.000000
vn 0.000000 1.000000 0.000000
vn 0.000000 1.000000 0.000000
vn 0.000000 1.000000 0.000000
vn 0.000000 1.000000 0.000000
vn 0.000000 1.000000 0.000000
vn 0.000000 1.000000 0.000000
vn 0.000000 1.000000 0.000000
vn 1.000000 0.000000 0.000000
vn 1.000000 0.000000 0.000000
vn 1.000000 0.000000 0.000000
vn 1.000000 0.000000 0.000000
vn 1.000000 0.000000 0.000000
vn 1.000000 0.000000 0.000000
vn 1.000000 0.000000 0.000000
vn 1.000000 0.000000 0.000000
vn 1.000000 0.000000 0.000000
vn -1.000000 0.000000 0.000000
vn -1.000000 0.000000 0.000000
vn -1.000000 0.000000 0.000000
vn 0.000000 1.000000 0.000000
vn 0.000000 1.000000 0.000000
vn 0.000000 1.000000 0.000000
vn 0.000000 1.000000 0.000000
vn 0.000000 1.000000 0.000000
vn 0.000000 1.000000 0.000000
vn -1.000000 0.000000 0.000000
vn -1.000000 0.000000 0.000000
vn -1.000000 0.000000 0.000000
vn -1.000000 0.000000 0.000000
vn -1.000000 0.000000 0.000000
vn -1.000000 0.000000 0.000000
vn -1.000000 0.000000 0.000000
vn -1.000000 0.000000 0.000000
vn -1.000000 0.000000 0.000000
vn -1.000000 0.000000 0.000000
vn -1.000000 0.000000 0.000000
vn -1.000000 0.000000 0.000000
vn -1.000000 0.000000 0.000000
vn -1.000000 0.000000 0.000000
vn -1.000000 0.000000 0.000000
vn -1.000000 0.000000 0.000000
vn -1.000000 0.000000 0.000000
vn 0.000000 1.000000 0.000000
vn 0.000000 1.000000 0.000000
vn 0.000000 1.000000 0.000000
vn 0.000000 1.000000 0.000000
vn 0.000000 1.000000 0.000000
vn 0.000000 1.000000 0.000000
vn 0.000000 1.000000 0.000000
vn 0.000000 1.000000 0.000000
vn 0.000000 1.000000 0.000000
vn 0.000000 1.000000 0.000000
vn 0.000000 1.000000 0.000000
vn 0.000000 1.000000 0.000000
vn 0.000000 1.000000 0.000000
vn 0.000000 1.000000 0.000000
vn 0.000000 1.000000 0.000000
vn 0.000000 1.000000 0.000000
vn 0.000000 1.000000 0.000000
vn 0.000000 1.000000 0.000000
vn 0.000000 1.000000 0.000000
vn 0.000000 1.000000 0.000000
vn 0.000000 -0.000000 1.000000
vn 0.000000 -0.000000 1.000000
vn 0.000000 -0.000000 1.000000
vn 0.000000 -1.000000 -0.000000
vn 0.000000 -1.000000 -0.000000
vn 0.000000 -1.000000 -0.000000
vn -1.000000 0.000000 0.000000
vn -1.000000 0.000000 0.000000
vn -1.000000 0.000000 0.000000
vn -1.000000 0.000000 0.000000
vn -1.000000 0.000000 0.000000
vn -1.000000 0.000000 0.000000
vn -1.000000 0.000000 0.000000
vn -1.000000 0.000000 0.000000
vn -1.000000 0.000000 0.000000
vn 0.000000 0.000000 -1.000000
vn 0.000000 0.000000 -1.000000
vn 0.000000 0.000000 -1.000000
vn 0.000000 -1.000000 -0.000000
vn 0.000000 -1.000000 -0.000000
vn 0.000000 -1.000000 -0.000000
vn 0.000000 -1.000000 -0.000000
vn 0.000000 -1.000000 -0.000000
vn 0.000000 -1.000000 -0.000000
vn 0.000000 -1.000000 -0.000000
vn 0.000000 -1.000000 -0.000000
vn 0.000000 -1.000000 -0.000000
vn 0.000000 1.000000 0.000000
vn 0.000000 1.000000 0.000000
vn 0.000000 1.000000 0.000000
vn 0.000000 -0.000000 1.000000
vn 0.000000 -0.000000 1.000000
vn 0.000000 -0.000000 1.000000
vn 0.000000 -0.000000 1.000000
vn 0.000000 -0.000000 1.000000
vn 0.000000 -0.000000 1.000000
vn 0.000000 -0.000000 1.000000
vn 0.000000 -0.000000 1.000000
vn 0.000000 -0.000000 1.000000
vn 0.000000 -0.000000 1.000000
vn 0.000000 0.106700 0.994291
vn 0.000000 -0.000000 1.000000
vn 0.000000 -0.000000 1.000000
vn 0.000000 -0.000000 1.000000
vn 0.000000 -0.000000 1.000000
vn 0.000000 0.106700 0.994291
vn 0.000000 -0.000000 1.000000
vn 0.000000 -0.000000 1.000000
vn 0.000000 0.106700 0.994291
vn 0.000000 -0.000000 1.000000
vn 0.000000 -0.000000 1.000000
vn 0.000000 -0.000000 1.000000
vn 0.000000 -0.000000 1.000000
vn 0.000000 -0.000000 1.000000
vn 0.000000 -0.000000 1.000000
vn 0.000000 -0.000000 1.000000
vn 0.000000 -1.000000 -0.000000
vn 0.000000 -1.000000 -0.000000
vn 0.000000 -1.000000 -0.000000
vn -1.000000 0.000000 0.000000
vn -1.000000 0.000000 0.000000
vn -1.000000 0.000000 0.000000
vn -1.000000 0.000000 0.000000
vn -1.000000 0.000000 0.000000
vn -1.000000 0.000000 0.000000
vn 1.000000 0.000000 0.000000
vn 1.000000 0.000000 0.000000
vn 1.000000 0.000000 0.000000
vn 1.000000 0.000000 0.000000
vn 1.000000 0.000000 0.000000
vn 1.000000 0.000000 0.000000
vn 1.000000 0.000000 0.000000
vn 1.000000 0.000000 0.000000
vn 1.000000 0.000000 0.000000
vn 1.000000 0.000000 0.000000
vn 1.000000 0.000000 0.000000
vn 1.000000 0.000000 0.000000
vn 1.000000 0.000000 0.000000
vn 1.000000 0.000000 0.000000
vn 1.000000 0.000000 0.000000
vn 1.000000 0.000000 0.000000
vn 1.000000 0.000000 0.000000
vn 1.000000 0.000000 0.000000
vn 1.000000 0.000000 0.000000
vn 1.000000 0.000000 0.000000
vn 1.000000 0.000000 0.000000
vn 1.000000 0.000000 0.000000
vn 1.000000 0.000000 0.000000
vn 1.000000 0.000000 0.000000
vn 1.000000 0.000000 0.000000
vn 1.000000 0.000000 0.000000
vn 1.000000 0.000000 0.000000
vn 1.000000 0.000000 0.000000
vn 1.000000 0.000000 0.000000
vn 1.000000 0.000000 0.000000
vn 1.000000 0.000000 0.000000
vn 1.000000 0.000000 0.000000
vn 1.000000 0.000000 0.000000
vn 1.000000 0.000000 0.000000
vn 1.000000 0.000000 0.000000
vn 1.000000 0.000000 0.000000
vn 1.000000 0.000000 0.000000
vn 1.000000 0.000000 0.000000
vn 1.000000 0.000000 0.000000
vn 1.000000 0.000000 0.000000
vn 1.000000 0.000000 0.000000
vn 1.000000 0.000000 0.000000
vn 1.000000 0.000000 0.000000
vn 1.000000 0.000000 0.000000
vn 1.000000 0.000000 0.000000
vn 0.000000 -1.000000 -0.000000
vn 0.000000 -1.000000 -0.000000
vn 0.000000 -1.000000 -0.000000
vn 0.000000 -1.000000 -0.000000
vn 0.000000 -1.000000 -0.000000
vn 0.000000 -1.000000 -0.000000
vn 0.000000 -1.000000 -0.000000
vn 0.000000 -1.000000 -0.000000
vn 0.000000 -1.000000 -0.000000
vn 0.000000 -1.000000 -0.000000
vn 0.000000 -1.000000 -0.000000
vn 0.000000 -1.000000 -0.000000
vn 0.000000 -1.000000 -0.000000
vn 0.000000 -1.000000 -0.000000
vn 0.000000 -1.000000 -0.000000
vn 0.000000 -1.000000 -0.000000
vn 0.000000 -1.000000 -0.000000
vn 0.000000 -1.000000 -0.000000
vn 0.000000 -1.000000 -0.000000
vn 0.000000 -1.000000 -0.000000
vn 0.000000 -1.000000 -0.000000
vn 0.000000 -1.000000 -0.000000
vn 0.000000 -1.000000 -0.000000
vn 0.000000 -1.000000 -0.000000
vn 0.000000 -1.000000 -0.000000
vn 0.000000 -1.000000 -0.000000
vn 0.000000 -1.000000 -0.000000
vn 0.000000 -1.000000 -0.000000
vn 0.000000 -1.000000 -0.000000
vn 0.000000 -1.000000 -0.000000
vn 0.000000 -1.000000 -0.000000
vn 0.000000 -1.000000 -0.000000
vn 0.000000 -1.000000 -0.000000
vn 0.000000 -1.000000 -0.000000
vn 0.000000 -1.000000 -0.000000
vn 0.000000 0.000000 -1.000000
vn 0.000000 -0.128666 -0.991688
vn 0.000000 0.000000 -1.000000
vn 0.000000 0.000000 -1.000000
vn 0.000000 0.000000 -1.000000
vn 0.000000 0.000000 -1.000000
vn 0.000000 1.000000 0.000000
vn 0.000000 1.000000 0.000000
vn 0.000000 1.000000 0.000000
vn -1.000000 0.000000 0.000000
vn -1.000000 0.000000 0.000000
vn -1.000000 0.000000 0.000000
vn 0.000000 1.000000 0.000000
vn 0.000000 1.000000 0.000000
vn 0.000000 1.000000 0.000000
vn -1.000000 0.000000 0.000000
vn -1.000000 0.000000 0.000000
vn -1.000000 0.000000 0.000000
vn -1.000000 0.000000 0.000000
vn -1.000000 0.000000 0.000000
vn -1.000000 0.000000 0.000000
vn -1.000000 0.000000 0.000000
vn 1.000000 0.000000 0.000000
vn 1.000000 0.000000 0.000000
vn 1.000000 0.000000 0.000000
vn 0.000000 1.000000 0.000000
vn 0.000000 1.000000 0.000000
vn 0.000000 1.000000 0.000000
vn -1.000000 0.000000 0.000000
vn -1.000000 0.000000 0.000000
vn -1.000000 0.000000 0.000000
vn -1.000000 0.000000 0.000000
vn -1.000000 0.000000 0.000000
vn -1.000000 0.000000 0.000000
vn -1.000000 0.000000 0.000000
vn -1.000000 0.000000 0.000000
vn -1.000000 0.000000 0.000000
vn -1.000000 0.000000 0.000000
vn -1.000000 0.000000 0.000000
vn -1.000000 0.000000 0.000000
vn -1.000000 0.000000 0.000000
vn -1.000000 0.000000 0.000000
vn -1.000000 0.000000 0.000000
vn -1.000000 0.000000 0.000000
vn -1.000000 0.000000 0.000000
vn -1.000000 0.000000 0.000000
vn -1.000000 0.000000 0.000000
vn -1.000000 0.000000 0.000000
vn -1.000000 0.000000 0.000000
vn -1.000000 0.000000 0.000000
vn -1.000000 0.000000 0.000000
vn -1.000000 0.000000 0.000000
vn 0.000000 -0.000000 1.000000
vn 0.000000 -0.000000 1.000000
vn 0.000000 -0.000000 1.000000
vn 0.000000 -0.000000 1.000000
vn 0.000000 -0.000000 1.000000
vn 0.000000 -0.000000 1.000000
vn 0.000000 -0.000000 1.000000
vn 0.000000 -0.000000 1.000000
vn 0.000000 -0.000000 1.000000
vn 0.000000 -0.000000 1.000000
vn 0.000000 -0.000000 1.000000
vn 0.000000 -0.000000 1.000000
vn 0.000000 -0.000000 1.000000
vn 0.000000 -0.000000 1.000000
vn 0.000000 -0.000000 1.000000
vn 0.000000 -0.000000 1.000000
vn 0.000000 -0.000000 1.000000
vn 0.000000 -0.000000 1.000000
vn 0.000000 -0.000000 1.000000
vn 0.000000 -0.000000 1.000000
vn 0.000000 -0.000000 1.000000
vn 0.000000 -0.000000 1.000000
vn 0.000000 -0.000000 1.000000
vn 0.000000 -0.000000 1.000000
vn 0.000000 -0.000000 1.000000
vn 0.000000 -0.000000 1.000000
vn 0.000000 -0.000000 1.000000
vn 0.000000 -0.000000 1.000000
vn 0.000000 -0.000000 1.000000
vn 0.000000 -0.000000 1.000000
vn 0.000000 -0.000000 1.000000
vn 0.000000 -0.000000 1.000000
vn 0.000000 -0.000000 1.000000
vn 0.000000 -0.000000 1.000000
vn 0.000000 -0.000000 1.000000
vn 0.000000 -0.000000 1.000000
vn 0.000000 -0.000000 1.000000
vn 0.000000 -0.000000 1.000000
vn 0.000000 -0.000000 1.000000
vn 0.000000 -0.000000 1.000000
vn 0.000000 -0.000000 1.000000
vn 0.000000 -0.000000 1.000000
vn -1.000000 0.000000 0.000000
vn -1.000000 0.000000 0.000000
vn -1.000000 0.000000 0.000000
vn -1.000000 0.000000 0.000000
vn -1.000000 0.000000 0.000000
vn -1.000000 0.000000 0.000000
vn -1.000000 0.000000 0.000000
vn -1.000000 0.000000 0.000000
vn -1.000000 0.000000 0.000000
vn -1.000000 0.000000 0.000000
vn -1.000000 0.000000 0.000000
vn -1.000000 0.000000 0.000000
vn -1.000000 0.000000 0.000000
vn -1.000000 0.000000 0.000000
vn -1.000000 0.000000 0.000000
vn 0.000000 -1.000000 -0.000000
vn 0.000000 -1.000000 -0.000000
vn 0.000000 -1.000000 -0.000000
vn 0.000000 0.000000 -1.000000
vn 0.000000 0.000000 -1.000000
vn 0.000000 0.000000 -1.000000
vn 1.000000 0.000000 0.000000
vn 1.000000 0.000000 0.000000
vn 1.000000 0.000000 0.000000
vn 1.000000 0.000000 0.000000
vn 1.000000 0.000000 0.000000
vn 1.000000 0.000000 0.000000
vn 1.000000 0.000000 0.000000
vn 1.000000 0.000000 0.000000
vn 1.000000 0.000000 0.000000
vn 1.000000 0.000000 0.000000
vn 1.000000 0.000000 0.000000
vn 1.000000 0.000000 0.000000
vn 0.000000 1.000000 0.000000
vn 0.000000 1.000000 0.000000
vn 0.000000 1.000000 0.000000
vn 0.000000 1.000000 0.000000
vn 0.000000 1.000000 0.000000
vn 0.000000 1.000000 0.000000
vn 0.000000 1.000000 0.000000
vn 0.000000 1.000000 0.000000
vn 0.000000 1.000000 0.000000
vn 0.000000 1.000000 0.000000
vn 0.000000 1.000000 0.000000
vn 0.000000 1.000000 0.000000
vn 0.000000 1.000000 0.000000
vn 0.000000 1.000000 0.000000
vn 0.000000 1.000000 0.000000
vn 0.000000 1.000000 0.000000
vn 0.000000 1.000000 0.000000
vn 0.000000 1.000000 0.000000
vn 0.000000 1.000000 0.000000
vn 0.000000 1.000000 0.000000
vn 0.000000 1.000000 0.000000
vn 0.000000 1.000000 0.000000
vn 0.000000 1.000000 0.000000
vn 0.000000 1.000000 0.000000
vn 0.000000 1.000000 0.000000
vn 0.000000 1.000000 0.000000
vn 0.000000 1.000000 0.000000
vn 0.000000 1.000000 0.000000
vn 1.000000 0.000000 0.000000
vn 1.000000 0.000000 0.000000
vn 1.000000 0.000000 0.000000
vn -1.000000 0.000000 0.000000
vn -1.000000 0.000000 0.000000
vn -1.000000 0.000000 0.000000
vn 0.000000 -0.000000 1.000000
vn 0.000000 -0.000000 1.000000
vn 0.000000 -0.000000 1.000000
vn 0.000000 -0.000000 1.000000
vn 0.000000 -0.000000 1.000000
vn 0.000000 -0.000000 1.000000
vn 0.000000 -0.000000 1.000000
vn 0.000000 -0.000000 1.000000
vn 0.000000 -0.000000 1.000000
vn 0.000000 -0.000000 1.000000
vn 0.000000 -0.000000 1.000000
vn 0.000000 -0.000000 1.000000
vn 0.000000 -0.000000 1.000000
vn 0.000000 -0.000000 1.000000
vn 0.000000 -0.000000 1.000000
vn 0.000000 -0.000000 1.000000
vn 0.000000 -0.000000 1.000000
vn 0.000000 -0.000000 1.000000
vn 0.000000 -0.000000 1.000000
vn 0.000000 -0.000000 1.000000
vn 0.000000 -0.000000 1.000000
vn 1.000000 0.000000 0.000000
vn 1.000000 0.000000 0.000000
vn 1.000000 0.000000 0.000000
vn -1.000000 0.000000 0.000000
vn -1.000000 0.000000 0.000000
vn -1.000000 0.000000 0.000000
vn 1.000000 0.000000 0.000000
vn 1.000000 0.000000 0.000000
vn 1.000000 0.000000 0.000000
vn 0.000000 -0.000000 1.000000
vn 0.000000 -0.000000 1.000000
vn 0.000000 -0.000000 1.000000
vn 0.000000 -0.000000 1.000000
vn 0.000000 -0.000000 1.000000
vn 0.000000 -0.000000 1.000000
vn 0.000000 -0.000000 1.000000
vn 0.000000 -0.000000 1.000000
vn 0.000000 -0.000000 1.000000
vn -1.000000 0.000000 0.000000
vn -1.000000 0.000000 0.000000
vn -1.000000 0.000000 0.000000
vn 0.000000 -1.000000 -0.000000
vn 0.000000 -1.000000 -0.000000
vn 0.000000 -1.000000 -0.000000
vn 0.000000 -1.000000 -0.000000
vn 0.000000 -1.000000 -0.000000
vn 0.000000 -1.000000 -0.000000
vn 0.000000 -1.000000 -0.000000
vn 0.000000 -1.000000 -0.000000
vn 0.000000 -1.000000 -0.000000
vn 0.000000 -1.000000 -0.000000
vn 0.000000 -1.000000 -0.000000
vn 0.000000 -1.000000 -0.000000
vn 0.000000 -1.000000 -0.000000
vn 0.000000 -1.000000 -0.000000
vn 0.000000 0.000000 -1.000000
vn 0.000000 0.000000 -1.000000
vn 0.000000 0.000000 -1.000000
vn 0.000000 0.000000 -1.000000
vn 0.000000 0.000000 -1.000000
vn 0.000000 0.000000 -1.000000
vn -1.000000 0.000000 0.000000
vn -1.000000 0.000000 0.000000
vn -1.000000 0.000000 0.000000
vn -1.000000 0.000000 0.000000
vn -1.000000 0.000000 0.000000
vn -1.000000 0.000000 0.000000
vn -1.000000 0.000000 0.000000
vn -1.000000 0.000000 0.000000
vn -1.000000 0.000000 0.000000
vn -1.000000 0.000000 0.000000
vn -1.000000 0.000000 0.000000
vn -1.000000 0.000000 0.000000
vn -1.000000 0.000000 0.000000
vn -1.000000 0.000000 0.000000
vn -1.000000 0.000000 0.000000
vn -1.000000 0.000000 0.000000
vn -1.000000 0.000000 0.000000
vn 0.000000 -1.000000 -0.000000
vn 0.000000 -1.000000 -0.000000
vn 0.000000 -1.000000 -0.000000
vn 0.000000 -1.000000 -0.000000
vn 0.000000 -1.000000 -0.000000
vn 0.000000 -1.000000 -0.000000
vn 0.000000 -1.000000 -0.000000
vn 0.000000 -1.000000 -0.000000
vn 0.000000 -1.000000 -0.000000
vn 0.000000 -1.000000 -0.000000
vn 0.000000 -1.000000 -0.000000
vn 0.000000 -1.000000 -0.000000
vn 0.000000 -1.000000 -0.000000
vn 0.000000 -1.000000 -0.000000
vn 0.000000 -1.000000 -0.000000
vn 0.000000 -1.000000 -0.000000
vn 0.000000 -1.000000 -0.000000
vn -1.000000 0.000000 0.000000
vn -1.000000 0.000000 0.000000
vn -1.000000 0.000000 0.000000
vn -1.000000 0.000000 0.000000
vn -1.000000 0.000000 0.000000
vn 1.000000 0.000000 0.000000
vn 1.000000 0.000000 0.000000
vn 1.000000 0.000000 0.000000
vn 1.000000 0.000000 0.000000
vn 1.000000 0.000000 0.000000
vn 1.000000 0.000000 0.000000
vn 1.000000 0.000000 0.000000
vn 1.000000 0.000000 0.000000
vn 1.000000 0.000000 0.000000
vn 1.000000 0.000000 0.000000
vn 1.000000 0.000000 0.000000
vn 1.000000 0.000000 0.000000
vn 0.000000 -0.000000 1.000000
vn 0.000000 -0.000000 1.000000
vn 0.000000 -0.000000 1.000000
vn 0.000000 -0.000000 1.000000
vn 0.000000 -0.000000 1.000000
vn 1.000000 0.000000 0.000000
vn 1.000000 0.000000 0.000000
vn 1.000000 0.000000 0.000000
vn 1.000000 0.000000 0.000000
vn 1.000000 0.000000 0.000000
vn 1.000000 0.000000 0.000000
vn 0.000000 -0.000000 1.000000
vn 0.000000 -0.000000 1.000000
vn 0.000000 -0.000000 1.000000
vn 0.000000 -0.000000 1.000000
vn 0.000000 -0.000000 1.000000
vn 0.000000 -0.000000 1.000000
vn 0.000000 -0.000000 1.000000
vn 0.000000 -0.000000 1.000000
vn 0.000000 -0.000000 1.000000
vn 0.000000 -0.000000 1.000000
vn 0.000000 -0.000000 1.000000
vn 1.000000 0.000000 0.000000
vn 1.000000 0.000000 0.000000
vn 1.000000 0.000000 0.000000
vn 1.000000 0.000000 0.000000
vn 1.000000 0.000000 0.000000
vn 1.000000 0.000000 0.000000
vn 1.000000 0.000000 0.000000
vn 1.000000 0.000000 0.000000
vn 1.000000 0.000000 0.000000
vn 1.000000 0.000000 0.000000
vn 1.000000 0.000000 0.000000
vn 1.000000 0.000000 0.000000
vn 1.000000 0.000000 0.000000
vn 1.000000 0.000000 0.000000
vn 1.000000 0.000000 0.000000
vn 1.000000 0.000000 0.000000
vn 1.000000 0.000000 0.000000
vn 0.000000 1.000000 0.000000
vn 0.000000 1.000000 0.000000
vn 0.000000 1.000000 0.000000
vn 0.000000 -1.000000 -0.000000
vn 0.000000 -1.000000 -0.000000
vn 0.000000 -1.000000 -0.000000
vn 0.000000 -1.000000 -0.000000
vn 0.000000 -1.000000 -0.000000
vn 0.000000 -1.000000 -0.000000
vn 0.000000 -1.000000 -0.000000
vn 0.000000 -1.000000 -0.000000
vn 0.000000 -1.000000 -0.000000
vn -1.000000 0.000000 0.000000
vn -1.000000 0.000000 0.000000
vn -1.000000 0.000000 0.000000
vn -1.000000 0.000000 0.000000
vn -1.000000 0.000000 0.000000
vn -1.000000 0.000000 0.000000
vn -1.000000 0.000000 0.000000
vn -1.000000 0.000000 0.000000
vn -1.000000 0.000000 0.000000
vn -1.000000 0.000000 0.000000
vn -1.000000 0.000000 0.000000
vn -1.000000 0.000000 0.000000
vn -1.000000 0.000000 0.000000
vn -1.000000 0.000000 0.000000
vn 0.000000 1.000000 0.000000
vn 0.000000 1.000000 0.000000
vn 0.000000 1.000000 0.000000
vn 0.000000 1.000000 0.000000
vn 0.000000 1.000000 0.000000
vn 0.000000 1.000000 0.000000
vn 1.000000 0.000000 0.000000
vn 1.000000 0.000000 0.000000
vn 1.000000 0.000000 0.000000
vn 1.000000 0.000000 0.000000
vn 1.000000 0.000000 0.000000
vn 1.000000 0.000000 0.000000
vn 1.000000 0.000000 0.000000
vn 1.000000 0.000000 0.000000
vn 1.000000 0.000000 0.000000
vn 1.000000 0.000000 0.000000
vn 1.000000 0.000000 0.000000
vn 1.000000 0.000000 0.000000
vn 1.000000 0.000000 0.000000
vn 1.000000 0.000000 0.000000
vn 1.000000 0.000000 0.000000
vn 1.000000 0.000000 0.000000
vn 1.000000 0.000000 0.000000
vn -1.000000 0.000000 0.000000
vn -1.000000 0.000000 0.000000
vn -1.000000 0.000000 0.000000
vn -1.000000 0.000000 0.000000
vn -1.000000 0.000000 0.000000
vn -1.000000 0.000000 0.000000
vn 1.000000 0.000000 0.000000
vn 1.000000 0.000000 0.000000
vn 1.000000 0.000000 0.000000
vn 1.000000 0.000000 0.000000
vn 1.000000 0.000000 0.000000
vn 1.000000 0.000000 0.000000
vn 1.000000 0.000000 0.000000
vn 1.000000 0.000000 0.000000
vn 1.000000 0.000000 0.000000
vn 1.000000 0.000000 0.000000
vn 1.000000 0.000000 0.000000
vn 1.000000 0.000000 0.000000
vn 1.000000 0.000000 0.000000
vn 1.000000 0.000000 0.000000
vn 1.000000 0.000000 0.000000
vn 1.000000 0.000000 0.000000
vn 1.000000 0.000000 0.000000
vn 1.000000 0.000000 0.000000
vn 1.000000 0.000000 0.000000
vn 1.000000 0.000000 0.000000
vn 1.000000 0.000000 0.000000
vn 1.000000 0.000000 0.000000
vn 1.000000 0.000000 0.000000
vn 1.000000 0.000000 0.000000
vn 1.000000 0.000000 0.000000
vn 1.000000 0.000000 0.000000
vn 1.000000 0.000000 0.000000
vn 1.000000 0.000000 0.000000
vn 1.000000 0.000000 0.000000
vn 1.000000 0.000000 0.000000
vn 1.000000 0.000000 0.000000
vn 1.000000 0.000000 0.000000
vn 1.000000 0.000000 0.000000
vn 1.000000 0.000000 0.000000
vn 0.000000 1.000000 0.000000
vn 0.000000 1.000000 0.000000
vn 0.000000 1.000000 0.000000
vn 0.000000 1.000000 0.000000
vn 0.000000 1.000000 0.000000
vn 0.000000 1.000000 0.000000
vn 1.000000 0.000000 0.000000
vn 1.000000 0.000000 0.000000
vn 1.000000 0.000000 0.000000
vn 0.000000 -1.000000 -0.000000
vn 0.000000 -1.000000 -0.000000
vn 0.000000 -1.000000 -0.000000
vn 0.000000 1.000000 0.000000
vn 0.000000 1.000000 0.000000
vn 0.000000 1.000000 0.000000
vn 0.000000 1.000000 0.000000
vn 0.000000 1.000000 0.000000
vn 0.000000 1.000000 0.000000
vn 0.000000 1.000000 0.000000
vn 0.000000 1.000000 0.000000
vn 0.000000 1.000000 0.000000
vn 0.000000 1.000000 0.000000
vn 0.000000 1.000000 0.000000
vn 0.000000 1.000000 0.000000
vn 0.000000 1.000000 0.000000
vn 0.000000 1.000000 0.000000
vn 0.000000 1.000000 0.000000
vn -1.000000 0.000000 0.000000
vn -1.000000 0.000000 0.000000
vn -1.000000 0.000000 0.000000
vn -1.000000 0.000000 0.000000
vn -1.000000 0.000000 0.000000
vn -1.000000 0.000000 0.000000
vn 0.000000 1.000000 0.000000
vn 0.000000 1.000000 0.000000
vn 0.000000 1.000000 0.000000
vn 0.000000 1.000000 0.000000
vn 0.000000 1.000000 0.000000
vn 0.000000 1.000000 0.000000
vn -1.000000 0.000000 0.000000
vn -1.000000 0.000000 0.000000
vn -1.000000 0.000000 0.000000
vn -1.000000 0.000000 0.000000
vn -1.000000 0.000000 0.000000
vn -1.000000 0.000000 0.000000
vn 1.000000 0.000000 0.000000
vn 1.000000 0.000000 0.000000
vn 1.000000 0.000000 0.000000
vn 1.000000 0.000000 0.000000
vn 1.000000 0.000000 0.000000
vn 1.000000 0.000000 0.000000
vn 1.000000 0.000000 0.000000
vn 1.000000 0.000000 0.000000
vn 1.000000 0.000000 0.000000
vn 1.000000 0.000000 0.000000
vn 1.000000 0.000000 0.000000
vn 1.000000 0.000000 0.000000
vn 1.000000 0.000000 0.000000
vn 1.000000 0.000000 0.000000
vn 1.000000 0.000000 0.000000
vn 1.000000 0.000000 0.000000
vn 1.000000 0.000000 0.000000
vn 0.000000 1.000000 0.000000
vn 0.000000 1.000000 0.000000
vn 0.000000 1.000000 0.000000
vn -1.000000 0.000000 0.000000
vn -1.000000 0.000000 0.000000
vn -1.000000 0.000000 0.000000
vn -1.000000 0.000000 0.000000
vn 0.000000 -0.000000 1.000000
vn 0.000000 -0.000000 1.000000
vn 0.000000 -0.000000 1.000000
vn 0.000000 -0.000000 1.000000
vn 0.000000 -1.000000 -0.000000
vn 0.000000 -1.000000 -0.000000
vn 0.000000 -1.000000 -0.000000
vn 0.000000 -1.000000 -0.000000
vn -1.000000 0.000000 0.000000
vn -1.000000 0.000000 0.000000
vn -1.000000 0.000000 0.000000
vn -1.000000 0.000000 0.000000
vn -1.000000 0.000000 0.000000
vn -1.000000 0.000000 0.000000
vn -1.000000 0.000000 0.000000
vn -1.000000 0.000000 0.000000
vn 0.000000 -1.000000 -0.000000
vn 0.000000 -1.000000 -0.000000
vn 0.000000 -1.000000 -0.000000
vn 0.000000 -1.000000 -0.000000
vn 0.000000 0.000000 -1.000000
vn 0.000000 0.000000 -1.000000
vn 0.000000 0.000000 -1.000000
vn 0.000000 0.000000 -1.000000
vn 0.000000 -1.000000 -0.000000
vn 0.000000 -1.000000 -0.000000
vn 0.000000 -1.000000 -0.000000
vn 0.000000 -1.000000 -0.000000
vn -1.000000 0.000000 0.000000
vn -1.000000 0.000000 0.000000
vn -1.000000 0.000000 0.000000
vn -1.000000 0.000000 0.000000
vn 0.000000 -1.000000 -0.000000
vn 0.000000 -1.000000 -0.000000
vn 0.000000 -1.000000 -0.000000
vn 0.000000 -1.000000 -0.000000
vn 0.000000 1.000000 0.000000
vn 0.000000 1.000000 0.000000
vn 0.000000 1.000000 0.000000
vn 0.000000 1.000000 0.000000
vn -1.000000 0.000000 0.000000
vn -1.000000 0.000000 0.000000
vn -1.000000 0.000000 0.000000
vn -1.000000 0.000000 0.000000
vn 0.000000 1.000000 0.000000
vn 0.000000 1.000000 0.000000
vn 0.000000 1.000000 0.000000
vn 0.000000 1.000000 0.000000
vn -1.000000 0.000000 0.000000
vn -1.000000 0.000000 0.000000
vn -1.000000 0.000000 0.000000
vn -1.000000 0.000000 0.000000
vn 0.000000 -1.000000 -0.000000
vn 0.000000 -1.000000 -0.000000
vn 0.000000 -1.000000 -0.000000
vn 0.000000 -1.000000 -0.000000
vn -1.000000 0.000000 0.000000
vn -1.000000 0.000000 0.000000
vn -1.000000 0.000000 0.000000
vn -1.000000 0.000000 0.000000
vn -1.000000 0.000000 0.000000
vn -1.000000 0.000000 0.000000
vn -1.000000 0.000000 0.000000
vn -1.000000 0.000000 0.000000
vn 1.000000 0.000000 0.000000
vn 1.000000 0.000000 0.000000
vn 1.000000 0.000000 0.000000
vn 1.000000 0.000000 0.000000
vn 0.000000 1.000000 0.000000
vn 0.000000 1.000000 0.000000
vn 0.000000 1.000000 0.000000
vn 0.000000 1.000000 0.000000
vn 0.000000 1.000000 0.000000
vn 0.000000 1.000000 0.000000
vn 0.000000 1.000000 0.000000
vn 0.000000 1.000000 0.000000
vn 1.000000 0.000000 0.000000
vn 1.000000 0.000000 0.000000
vn 1.000000 0.000000 0.000000
vn 1.000000 0.000000 0.000000
vn 1.000000 0.000000 0.000000
vn 1.000000 0.000000 0.000000
vn 1.000000 0.000000 0.000000
vn 1.000000 0.000000 0.000000
vn 1.000000 0.000000 0.000000
vn 1.000000 0.000000 0.000000
vn 1.000000 0.000000 0.000000
vn 1.000000 0.000000 0.000000
vn -1.000000 0.000000 0.000000
vn -1.000000 0.000000 0.000000
vn -1.000000 0.000000 0.000000
vn -1.000000 0.000000 0.000000
vn 0.000000 -1.000000 -0.000000
vn 0.000000 -1.000000 -0.000000
vn 0.000000 -1.000000 -0.000000
vn 0.000000 -1.000000 -0.000000
vn 0.000000 -1.000000 -0.000000
vn 0.000000 -1.000000 -0.000000
vn 0.000000 0.000000 -1.000000
vn 0.000000 0.000000 -1.000000
vn 0.000000 0.000000 -1.000000
vn 0.000000 0.000000 -1.000000
vn 0.000000 0.000000 -1.000000
vn 0.000000 0.000000 -1.000000
vn 0.000000 0.000000 -1.000000
vn 0.000000 0.000000 -1.000000
vn 0.000000 0.000000 -1.000000
vn 0.000000 0.000000 -1.000000
vn 0.000000 0.000000 -1.000000
vn 0.000000 0.000000 -1.000000
vn 0.000000 0.000000 -1.000000
vn 0.000000 0.000000 -1.000000
vn 0.000000 0.000000 -1.000000
vn 0.000000 0.000000 -1.000000
vn 0.000000 0.000000 -1.000000
vn 0.000000 0.000000 -1.000000
vn 0.000000 0.000000 -1.000000
vn 0.000000 0.000000 -1.000000
vn 0.000000 0.000000 -1.000000
vn 0.000000 0.000000 -1.000000
vn 0.000000 0.000000 -1.000000
vn 0.000000 0.000000 -1.000000
vn 0.000000 0.000000 -1.000000
vn 0.000000 0.000000 -1.000000
vn 0.000000 0.000000 -1.000000
vn 0.000000 0.000000 -1.000000
vn 0.000000 -1.000000 -0.000000
vn 0.000000 -1.000000 -0.000000
vn 0.000000 -1.000000 -0.000000
vn 0.000000 -1.000000 -0.000000
vn 1.000000 0.000000 0.000000
vn 1.000000 0.000000 0.000000
vn 1.000000 0.000000 0.000000
vn 1.000000 0.000000 0.000000
vn 0.000000 -1.000000 -0.000000
vn 0.000000 -1.000000 -0.000000
vn 0.000000 -1.000000 -0.000000
vn 0.000000 -1.000000 -0.000000
vn 0.000000 -1.000000 -0.000000
vn 0.000000 -1.000000 -0.000000
vn 0.000000 -1.000000 -0.000000
vn 0.000000 -1.000000 -0.000000
vn 0.000000 -1.000000 -0.000000
vn 0.000000 -1.000000 -0.000000
vn 0.000000 -1.000000 -0.000000
vn 0.000000 -1.000000 -0.000000
vn 0.000000 -1.000000 -0.000000
vn 0.000000 -1.000000 -0.000000
vn 0.000000 -1.000000 -0.000000
vn 0.000000 -1.000000 -0.000000
vn 0.000000 -1.000000 -0.000000
vn 0.000000 -1.000000 -0.000000
vn 0.000000 -1.000000 -0.000000
vn 0.000000 -1.000000 -0.000000
vn 1.000000 0.000000 0.000000
vn 1.000000 0.000000 0.000000
vn 1.000000 0.000000 0.000000
vn 1.000000 0.000000 0.000000
vn 0.000000 1.000000 0.000000
vn 0.000000 1.000000 0.000000
vn 0.000000 1.000000 0.000000
vn 0.000000 1.000000 0.000000
vn 0.000000 1.000000 0.000000
vn 0.000000 1.000000 0.000000
vn 0.000000 1.000000 0.000000
vn 0.000000 1.000000 0.000000
vn 0.000000 -0.000000 1.000000
vn 0.000000 -0.000000 1.000000
vn 0.000000 -0.000000 1.000000
vn 0.000000 -0.000000 1.000000
vn 0.000000 1.000000 0.000000
vn 0.000000 1.000000 0.000000
vn 0.000000 1.000000 0.000000
vn 0.000000 1.000000 0.000000
vn -1.000000 0.000000 0.000000
vn -1.000000 0.000000 0.000000
vn -1.000000 0.000000 0.000000
vn -1.000000 0.000000 0.000000
vn 0.000000 -1.000000 -0.000000
vn 0.000000 -1.000000 -0.000000
vn 0.000000 -1.000000 -0.000000
vn 0.000000 -1.000000 -0.000000
vn 0.000000 0.000000 -1.000000
vn 0.000000 0.000000 -1.000000
vn 0.000000 0.000000 -1.000000
vn 0.000000 0.000000 -1.000000
vn 0.000000 0.000000 -1.000000
vn 0.000000 0.000000 -1.000000
vn 0.000000 0.000000 -1.000000
vn 0.000000 0.000000 -1.000000
vn 0.000000 0.000000 -1.000000
vn 0.000000 1.000000 0.000000
vn 0.000000 1.000000 0.000000
vn 0.000000 1.000000 0.000000
vn 0.000000 1.000000 0.000000
vn 0.000000 -0.435215 -0.900327
vn 0.000000 -0.620703 -0.784046
vn 0.000000 -0.620703 -0.784046
vn 0.000000 -0.128666 -0.991688
vn 0.000000 0.000000 -1.000000
vn 0.000000 0.000000 -1.000000
vn 0.000000 0.000000 -1.000000
vn 0.000000 0.000000 -1.000000
vn 1.000000 0.000000 0.000000
vn 1.000000 0.000000 0.000000
vn 1.000000 0.000000 0.000000
vn 1.000000 0.000000 0.000000
vn 0.000000 0.620703 0.784046
vn 0.000000 0.328599 0.944470
vn 0.000000 0.106700 0.994291
vn 0.000000 0.217607 0.976036
vn 1.000000 0.000000 0.000000
vn 1.000000 0.000000 0.000000
vn 1.000000 0.000000 0.000000
vn 1.000000 0.000000 0.000000
vn 0.000000 -0.000000 1.000000
vn 0.000000 -0.000000 1.000000
vn 0.000000 -0.000000 1.000000
vn 0.000000 -0.000000 1.000000
vn 0.000000 -0.000000 1.000000
vn 0.000000 -0.000000 1.000000
vn 0.000000 -0.000000 1.000000
vn 0.000000 -0.000000 1.000000
vn 0.000000 -0.000000 1.000000
vn 0.000000 -0.000000 1.000000
vn 0.000000 -0.000000 1.000000
vn 0.000000 -0.000000 1.000000
vn 0.000000 -0.000000 1.000000
vn 0.000000 -0.000000 1.000000
vn 0.000000 -0.000000 1.000000
vn 0.000000 -0.000000 1.000000
vn 0.000000 -0.000000 1.000000
vn 0.000000 -0.000000 1.000000
vn 0.000000 -0.000000 1.000000
vn 0.000000 -0.000000 1.000000
vn 1.000000 0.000000 0.000000
vn 1.000000 0.000000 0.000000
vn 1.000000 0.000000 0.000000
vn 1.000000 0.000000 0.000000
vn 0.000000 -1.000000 -0.000000
vn 0.000000 -1.000000 -0.000000
vn 0.000000 -1.000000 -0.000000
vn 0.000000 -1.000000 -0.000000
vn 0.000000 1.000000 0.000000
vn 0.000000 1.000000 0.000000
vn 0.000000 1.000000 0.000000
vn 0.000000 1.000000 0.000000
vn 0.000000 -0.000000 1.000000
vn 0.000000 -0.000000 1.000000
vn 0.000000 -0.000000 1.000000
vn 0.000000 -0.000000 1.000000
vn 0.000000 -1.000000 -0.000000
vn 0.000000 -1.000000 -0.000000
vn 0.000000 -1.000000 -0.000000
vn 0.000000 -1.000000 -0.000000
vn 1.000000 0.000000 0.000000
vn 1.000000 0.000000 0.000000
vn 1.000000 0.000000 0.000000
vn 1.000000 0.000000 0.000000
vn -1.000000 0.000000 0.000000
vn -1.000000 0.000000 0.000000
vn -1.000000 0.000000 0.000000
vn -1.000000 0.000000 0.000000
vn 1.000000 0.000000 0.000000
vn 1.000000 0.000000 0.000000
vn 1.000000 0.000000 0.000000
vn 1.000000 0.000000 0.000000
vn 1.000000 0.000000 0.000000
vn 1.000000 0.000000 0.000000
vn 0.000000 -1.000000 -0.000000
vn 0.000000 -1.000000 -0.000000
vn 0.000000 -1.000000 -0.000000
vn 0.000000 -1.000000 -0.000000
vn 0.000000 1.000000 0.000000
vn 0.000000 1.000000 0.000000
vn 0.000000 1.000000 0.000000
vn 0.000000 1.000000 0.000000
vn -1.000000 0.000000 0.000000
vn -1.000000 0.000000 0.000000
vn -1.000000 0.000000 0.000000
vn -1.000000 0.000000 0.000000
vn 0.000000 -1.000000 -0.000000
vn 0.000000 -1.000000 -0.000000
vn 0.000000 -1.000000 -0.000000
vn 0.000000 -1.000000 -0.000000
vn 0.000000 -1.000000 -0.000000
vn 0.000000 -1.000000 -0.000000
vn 0.000000 0.000000 -1.000000
vn 0.000000 0.000000 -1.000000
vn 0.000000 0.000000 -1.000000
vn 0.000000 0.000000 -1.000000
vn 1.000000 0.000000 0.000000
vn 1.000000 0.000000 0.000000
vn 1.000000 0.000000 0.000000
vn 1.000000 0.000000 0.000000
vn 1.000000 0.000000 0.000000
vn 1.000000 0.000000 0.000000
vn 1.000000 0.000000 0.000000
vn 1.000000 0.000000 0.000000
vn 1.000000 0.000000 0.000000
vn 1.000000 0.000000 0.000000
vn 1.000000 0.000000 0.000000
vn 1.000000 0.000000 0.000000
vn -1.000000 0.000000 0.000000
vn -1.000000 0.000000 0.000000
vn -1.000000 0.000000 0.000000
vn -1.000000 0.000000 0.000000
vn 0.000000 -0.000000 1.000000
vn 0.000000 -0.000000 1.000000
vn 0.000000 -0.000000 1.000000
vn 0.000000 -0.000000 1.000000
vn 0.000000 0.000000 -1.000000
vn 0.000000 0.000000 -1.000000
vn 0.000000 0.000000 -1.000000
vn 0.000000 0.000000 -1.000000
vn 0.000000 0.000000 -1.000000
vn 0.000000 0.000000 -1.000000
vn 0.000000 0.000000 -1.000000
vn 0.000000 0.000000 -1.000000
vn 0.000000 0.000000 -1.000000
vn 0.000000 0.000000 -1.000000
vn 0.000000 0.000000 -1.000000
vn 0.000000 0.000000 -1.000000
vn 0.000000 0.000000 -1.000000
vn 0.000000 0.000000 -1.000000
vn 0.000000 0.000000 -1.000000
vn 0.000000 0.000000 -1.000000
vn 0.000000 0.000000 -1.000000
vn 0.000000 0.000000 -1.000000
vn 0.000000 0.000000 -1.000000
vn 0.000000 0.000000 -1.000000
vn 0.000000 0.000000 -1.000000
vn 0.000000 0.000000 -1.000000
vn 0.000000 0.000000 -1.000000
vn 0.000000 0.000000 -1.000000
vn 1.000000 0.000000 0.000000
vn 1.000000 0.000000 0.000000
vn 1.000000 0.000000 0.000000
vn 1.000000 0.000000 0.000000
vn 1.000000 0.000000 0.000000
vn 1.000000 0.000000 0.000000
vn 1.000000 0.000000 0.000000
vn 1.000000 0.000000 0.000000
vn -1.000000 0.000000 0.000000
vn -1.000000 0.000000 0.000000
vn -1.000000 0.000000 0.000000
vn -1.000000 0.000000 0.000000
vn 0.000000 1.000000 0.000000
vn 0.000000 1.000000 0.000000
vn 0.000000 1.000000 0.000000
vn 0.000000 1.000000 0.000000
vn 1.000000 0.000000 0.000000
vn 1.000000 0.000000 0.000000
vn 1.000000 0.000000 0.000000
vn 1.000000 0.000000 0.000000
vn 1.000000 0.000000 0.000000
vn -1.000000 0.000000 0.000000
vn -1.000000 0.000000 0.000000
vn -1.000000 0.000000 0.000000
vn -1.000000 0.000000 0.000000
vn 0.000000 -0.000000 1.000000
vn 0.000000 -0.000000 1.000000
vn 0.000000 -0.000000 1.000000
vn 0.000000 -0.000000 1.000000
vn 0.000000 -0.000000 1.000000
vn 0.000000 -1.000000 -0.000000
vn 0.000000 -1.000000 -0.000000
vn 0.000000 -1.000000 -0.000000
vn 0.000000 -1.000000 -0.000000
vn 1.000000 0.000000 0.000000
vn 1.000000 0.000000 0.000000
vn 1.000000 0.000000 0.000000
vn 1.000000 0.000000 0.000000
vn 1.000000 0.000000 0.000000
vn 1.000000 0.000000 0.000000
vn 1.000000 0.000000 0.000000
vn 1.000000 0.000000 0.000000
vn 0.000000 0.000000 -1.000000
vn 0.000000 0.000000 -1.000000
vn 0.000000 0.000000 -1.000000
vn 0.000000 0.000000 -1.000000
vn 0.000000 0.000000 -1.000000
vn 0.000000 0.000000 -1.000000
vn 0.000000 0.000000 -1.000000
vn 0.000000 0.000000 -1.000000
vn 0.000000 0.000000 -1.000000
vn 0.000000 0.000000 -1.000000
vn 0.000000 0.000000 -1.000000
vn 0.000000 0.000000 -1.000000
vn 0.000000 0.000000 -1.000000
vn -1.000000 0.000000 0.000000
vn -1.000000 0.000000 0.000000
vn -1.000000 0.000000 0.000000
vn -1.000000 0.000000 0.000000
vn 0.000000 -1.000000 -0.000000
vn 0.000000 -1.000000 -0.000000
vn 0.000000 -1.000000 -0.000000
vn 0.000000 -1.000000 -0.000000
vn 0.000000 -0.000000 1.000000
vn 0.000000 -0.000000 1.000000
vn 0.000000 -0.000000 1.000000
vn 0.000000 -0.000000 1.000000
vn 0.000000 -0.000000 1.000000
vn 0.000000 -0.000000 1.000000
vn 0.000000 -0.000000 1.000000
vn 0.000000 -0.000000 1.000000
vn 0.000000 -0.000000 1.000000
vn 0.000000 -1.000000 -0.000000
vn 0.000000 -1.000000 -0.000000
vn 0.000000 -1.000000 -0.000000
vn 0.000000 -1.000000 -0.000000
vn -1.000000 0.000000 0.000000
vn -1.000000 0.000000 0.000000
vn -1.000000 0.000000 0.000000
vn -1.000000 0.000000 0.000000
vn 0.000000 1.000000 0.000000
vn 0.000000 1.000000 0.000000
vn 0.000000 1.000000 0.000000
vn 0.000000 1.000000 0.000000
vn 1.000000 0.000000 0.000000
vn 1.000000 0.000000 0.000000
vn 1.000000 0.000000 0.000000
vn 1.000000 0.000000 0.000000
vn 0.000000 -1.000000 -0.000000
vn 0.000000 -1.000000 -0.000000
vn 0.000000 -1.000000 -0.000000
vn 0.000000 -1.000000 -0.000000
vn 0.000000 -1.000000 -0.000000
vn 0.000000 -1.000000 -0.000000
vn 0.000000 -1.000000 -0.000000
vn 0.000000 -1.000000 -0.000000
vn 0.000000 0.000000 -1.000000
vn 0.000000 0.000000 -1.000000
vn 0.000000 0.000000 -1.000000
vn 0.000000 0.000000 -1.000000
vn 1.000000 0.000000 0.000000
vn 1.000000 0.000000 0.000000
vn 1.000000 0.000000 0.000000
vn 1.000000 0.000000 0.000000
vn 1.000000 0.000000 0.000000
vn 1.000000 0.000000 0.000000
vn 0.000000 0.000000 -1.000000
vn 0.000000 0.000000 -1.000000
vn 0.000000 0.000000 -1.000000
vn 0.000000 0.000000 -1.000000
vn 0.000000 0.000000 -1.000000
vn 0.000000 0.000000 -1.000000
vn 0.000000 0.000000 -1.000000
vn 0.000000 0.000000 -1.000000
vn 1.000000 0.000000 0.000000
vn 1.000000 0.000000 0.000000
vn 1.000000 0.000000 0.000000
vn 1.000000 0.000000 0.000000
vn 1.000000 0.000000 0.000000
vn 1.000000 0.000000 0.000000
vn 1.000000 0.000000 0.000000
vn 1.000000 0.000000 0.000000
vn 1.000000 0.000000 0.000000
vn 1.000000 0.000000 0.000000
vn 1.000000 0.000000 0.000000
vn 1.000000 0.000000 0.000000
vn 0.000000 -0.000000 1.000000
vn 0.000000 -0.000000 1.000000
vn 0.000000 -0.000000 1.000000
vn 0.000000 -0.000000 1.000000
vn -1.000000 0.000000 0.000000
vn -1.000000 0.000000 0.000000
vn -1.000000 0.000000 0.000000
vn -1.000000 0.000000 0.000000
vn 0.000000 0.000000 -1.000000
vn 0.000000 0.000000 -1.000000
vn 0.000000 0.000000 -1.000000
vn 0.000000 0.000000 -1.000000
vn 0.000000 0.000000 -1.000000
vn 0.000000 0.000000 -1.000000
vn 0.000000 0.000000 -1.000000
vn 0.000000 0.000000 -1.000000
vn 0.000000 0.000000 -1.000000
vn 0.000000 0.000000 -1.000000
vn 0.000000 0.000000 -1.000000
vn 0.000000 0.000000 -1.000000
vn -1.000000 0.000000 0.000000
vn -1.000000 0.000000 0.000000
vn -1.000000 0.000000 0.000000
vn -1.000000 0.000000 0.000000
vn -1.000000 0.000000 0.000000
vn -1.000000 0.000000 0.000000
vn -1.000000 0.000000 0.000000
vn -1.000000 0.000000 0.000000
vn 1.000000 0.000000 0.000000
vn 1.000000 0.000000 0.000000
vn 1.000000 0.000000 0.000000
vn 1.000000 0.000000 0.000000
vn -1.000000 0.000000 0.000000
vn -1.000000 0.000000 0.000000
vn -1.000000 0.000000 0.000000
vn -1.000000 0.000000 0.000000
vn 0.000000 0.000000 -1.000000
vn 0.000000 0.000000 -1.000000
vn 0.000000 0.000000 -1.000000
vn 0.000000 0.000000 -1.000000
vn 0.000000 -0.000000 1.000000
vn 0.000000 -0.000000 1.000000
vn 0.000000 -0.000000 1.000000
vn 0.000000 -0.000000 1.000000
vn 0.000000 0.000000 -1.000000
vn 0.000000 0.000000 -1.000000
vn 0.000000 0.000000 -1.000000
vn 0.000000 0.000000 -1.000000
vn 0.000000 0.000000 -1.000000
vn 0.000000 0.000000 -1.000000
vn 0.000000 0.000000 -1.000000
vn 0.000000 0.000000 -1.000000
vn 1.000000 0.000000 0.000000
vn 1.000000 0.000000 0.000000
vn 1.000000 0.000000 0.000000
vn 1.000000 0.000000 0.000000
vn 0.000000 1.000000 0.000000
vn 0.000000 1.000000 0.000000
vn 0.000000 1.000000 0.000000
vn 0.000000 1.000000 0.000000
vn 1.000000 0.000000 0.000000
vn 1.000000 0.000000 0.000000
vn 1.000000 0.000000 0.000000
vn 1.000000 0.000000 0.000000
vn -1.000000 0.000000 0.000000
vn -1.000000 0.000000 0.000000
vn -1.000000 0.000000 0.000000
vn -1.000000 0.000000 0.000000
vn 0.000000 0.000000 -1.000000
vn 0.000000 0.000000 -1.000000
vn 0.000000 0.000000 -1.000000
vn 0.000000 0.000000 -1.000000
vn 0.000000 -0.000000 1.000000
vn 0.000000 -0.000000 1.000000
vn 0.000000 -0.000000 1.000000
vn 0.000000 -0.000000 1.000000
vn 0.000000 0.000000 -1.000000
vn 0.000000 0.000000 -1.000000
vn 0.000000 0.000000 -1.000000
vn 0.000000 0.000000 -1.000000
vn 0.000000 0.000000 -1.000000
vn 0.000000 0.000000 -1.000000
vn 0.000000 0.000000 -1.000000
vn 0.000000 0.000000 -1.000000
vn 0.000000 -0.000000 1.000000
vn 0.000000 -0.000000 1.000000
vn 0.000000 -0.000000 1.000000
vn 0.000000 -0.000000 1.000000
vn 0.000000 -1.000000 -0.000000
vn 0.000000 -1.000000 -0.000000
vn 0.000000 -1.000000 -0.000000
vn 0.000000 -1.000000 -0.000000
vn -1.000000 0.000000 0.000000
vn -1.000000 0.000000 0.000000
vn -1.000000 0.000000 0.000000
vn -1.000000 0.000000 0.000000
vn -1.000000 0.000000 0.000000
vn -1.000000 0.000000 0.000000
vn 0.000000 1.000000 0.000000
vn 0.000000 1.000000 0.000000
vn 0.000000 1.000000 0.000000
vn 0.000000 1.000000 0.000000
vn 1.000000 0.000000 0.000000
vn 1.000000 0.000000 0.000000
vn 1.000000 0.000000 0.000000
vn 1.000000 0.000000 0.000000
vn 1.000000 0.000000 0.000000
vn 1.000000 0.000000 0.000000
vn 0.000000 1.000000 0.000000
vn 0.000000 1.000000 0.000000
vn 0.000000 1.000000 0.000000
vn 0.000000 1.000000 0.000000
vn 0.000000 -1.000000 -0.000000
vn 0.000000 -1.000000 -0.000000
vn 0.000000 -1.000000 -0.000000
vn 0.000000 -1.000000 -0.000000
vn 0.000000 0.000000 -1.000000
vn 0.000000 0.000000 -1.000000
vn 0.000000 0.000000 -1.000000
vn 0.000000 0.000000 -1.000000
vn 0.000000 0.000000 -1.000000
vn 0.000000 0.000000 -1.000000
vn 0.000000 0.000000 -1.000000
vn 0.000000 0.000000 -1.000000
vn 0.000000 0.000000 -1.000000
vn 0.000000 0.000000 -1.000000
vn 0.000000 0.000000 -1.000000
vn 0.000000 0.000000 -1.000000
vn 1.000000 0.000000 0.000000
vn 1.000000 0.000000 0.000000
vn 1.000000 0.000000 0.000000
vn 1.000000 0.000000 0.000000
vn 0.000000 -0.000000 1.000000
vn 0.000000 -0.000000 1.000000
vn 0.000000 -0.000000 1.000000
vn 0.000000 -0.000000 1.000000
vn -1.000000 0.000000 0.000000
vn -1.000000 0.000000 0.000000
vn -1.000000 0.000000 0.000000
vn -1.000000 0.000000 0.000000
vn 0.000000 0.000000 -1.000000
vn 0.000000 0.000000 -1.000000
vn 0.000000 0.000000 -1.000000
vn 0.000000 0.000000 -1.000000
vn 0.000000 -0.000000 1.000000
vn 0.000000 -0.000000 1.000000
vn 0.000000 -0.000000 1.000000
vn 0.000000 -0.000000 1.000000
vn -1.000000 0.000000 0.000000
vn -1.000000 0.000000 0.000000
vn -1.000000 0.000000 0.000000
vn -1.000000 0.000000 0.000000
vn 1.000000 0.000000 0.000000
vn 1.000000 0.000000 0.000000
vn 1.000000 0.000000 0.000000
vn 1.000000 0.000000 0.000000
vn 1.000000 0.000000 0.000000
vn 1.000000 0.000000 0.000000
vn 1.000000 0.000000 0.000000
vn 1.000000 0.000000 0.000000
vn 0.000000 -0.000000 1.000000
vn 0.000000 -0.000000 1.000000
vn 0.000000 -0.000000 1.000000
vn 0.000000 -0.000000 1.000000
vn -1.000000 0.000000 0.000000
vn -1.000000 0.000000 0.000000
vn -1.000000 0.000000 0.000000
vn -1.000000 0.000000 0.000000
vn 0.000000 0.000000 -1.000000
vn 0.000000 0.000000 -1.000000
vn 0.000000 0.000000 -1.000000
vn 0.000000 0.000000 -1.000000
vn 0.000000 -0.000000 1.000000
vn 0.000000 -0.000000 1.000000
vn 0.000000 -0.000000 1.000000
vn 0.000000 -0.000000 1.000000
vn 0.000000 0.000000 -1.000000
vn 0.000000 0.000000 -1.000000
vn 0.000000 0.000000 -1.000000
vn 0.000000 0.000000 -1.000000
vn 0.000000 0.000000 -1.000000
vn 0.000000 0.000000 -1.000000
vn 0.000000 0.000000 -1.000000
vn 0.000000 0.000000 -1.000000
vn 0.000000 -1.000000 -0.000000
vn 0.000000 -1.000000 -0.000000
vn 0.000000 -1.000000 -0.000000
vn 0.000000 -1.000000 -0.000000
vn 0.000000 -1.000000 -0.000000
vn 0.000000 -1.000000 -0.000000
vn 0.000000 -0.000000 1.000000
vn 0.000000 -0.000000 1.000000
vn 0.000000 -0.000000 1.000000
vn 0.000000 -0.000000 1.000000
vn 1.000000 0.000000 0.000000
vn 1.000000 0.000000 0.000000
vn 1.000000 0.000000 0.000000
vn 1.000000 0.000000 0.000000
vn 0.000000 0.000000 -1.000000
vn 0.000000 0.000000 -1.000000
vn 0.000000 0.000000 -1.000000
vn 0.000000 0.000000 -1.000000
vn 0.000000 1.000000 0.000000
vn 0.000000 1.000000 0.000000
vn 0.000000 1.000000 0.000000
vn 0.000000 1.000000 0.000000
vn -1.000000 0.000000 0.000000
vn -1.000000 0.000000 0.000000
vn -1.000000 0.000000 0.000000
vn -1.000000 0.000000 0.000000
vn 0.000000 0.000000 -1.000000
vn 0.000000 0.000000 -1.000000
vn 0.000000 0.000000 -1.000000
vn 0.000000 0.000000 -1.000000
vn 0.000000 0.000000 -1.000000
vn 0.000000 0.000000 -1.000000
vn 0.000000 0.000000 -1.000000
vn 0.000000 0.000000 -1.000000
vn 0.000000 0.000000 -1.000000
vn 0.000000 0.000000 -1.000000
vn 0.000000 0.000000 -1.000000
vn 0.000000 0.000000 -1.000000
vn -1.000000 0.000000 0.000000
vn -1.000000 0.000000 0.000000
vn -1.000000 0.000000 0.000000
vn -1.000000 0.000000 0.000000
vn 0.000000 0.000000 -1.000000
vn 0.000000 0.000000 -1.000000
vn 0.000000 0.000000 -1.000000
vn 0.000000 0.000000 -1.000000
vn 0.000000 1.000000 0.000000
vn 0.000000 1.000000 0.000000
vn 0.000000 1.000000 0.000000
vn 0.000000 1.000000 0.000000
vn 0.000000 -1.000000 -0.000000
vn 0.000000 -1.000000 -0.000000
vn 0.000000 -1.000000 -0.000000
vn 0.000000 -1.000000 -0.000000
vn 0.000000 0.000000 -1.000000
vn 0.000000 0.000000 -1.000000
vn 0.000000 0.000000 -1.000000
vn 0.000000 0.000000 -1.000000
vn 0.000000 -0.000000 1.000000
vn 0.000000 -0.000000 1.000000
vn 0.000000 -0.000000 1.000000
vn 0.000000 -0.000000 1.000000
vn 1.000000 0.000000 0.000000
vn 1.000000 0.000000 0.000000
vn 1.000000 0.000000 0.000000
vn 1.000000 0.000000 0.000000
vn 0.000000 -1.000000 -0.000000
vn 0.000000 -1.000000 -0.000000
vn 0.000000 -1.000000 -0.000000
vn 0.000000 -1.000000 -0.000000
vn 1.000000 0.000000 0.000000
vn 1.000000 0.000000 0.000000
vn 1.000000 0.000000 0.000000
vn 1.000000 0.000000 0.000000
vn -1.000000 0.000000 0.000000
vn -1.000000 0.000000 0.000000
vn -1.000000 0.000000 0.000000
vn -1.000000 0.000000 0.000000
vn 0.000000 0.000000 -1.000000
vn 0.000000 0.000000 -1.000000
vn 0.000000 0.000000 -1.000000
vn 0.000000 0.000000 -1.000000
vn 1.000000 0.000000 0.000000
vn 1.000000 0.000000 0.000000
vn 1.000000 0.000000 0.000000
vn 1.000000 0.000000 0.000000
vn 0.000000 -0.000000 1.000000
vn 0.000000 -0.000000 1.000000
vn 0.000000 -0.000000 1.000000
vn 0.000000 -0.000000 1.000000
vn 0.000000 -0.000000 1.000000
vn 0.000000 -0.000000 1.000000
vn 0.000000 -0.000000 1.000000
vn 0.000000 -0.000000 1.000000
vn -1.000000 0.000000 0.000000
vn -1.000000 0.000000 0.000000
vn -1.000000 0.000000 0.000000
vn -1.000000 0.000000 0.000000
vn 0.000000 1.000000 0.000000
vn 0.000000 1.000000 0.000000
vn 0.000000 1.000000 0.000000
vn 0.000000 1.000000 0.000000
vn -1.000000 0.000000 0.000000
vn -1.000000 0.000000 0.000000
vn -1.000000 0.000000 0.000000
vn -1.000000 0.000000 0.000000
vn 0.000000 1.000000 0.000000
vn 0.000000 1.000000 0.000000
vn 0.000000 1.000000 0.000000
vn 0.000000 1.000000 0.000000
vn 1.000000 0.000000 0.000000
vn 1.000000 0.000000 0.000000
vn 1.000000 0.000000 0.000000
vn 1.000000 0.000000 0.000000
vn 0.000000 -1.000000 -0.000000
vn 0.000000 -1.000000 -0.000000
vn 0.000000 -1.000000 -0.000000
vn 0.000000 -1.000000 -0.000000
vn 0.000000 0.000000 -1.000000
vn 0.000000 0.000000 -1.000000
vn 0.000000 0.000000 -1.000000
vn 0.000000 0.000000 -1.000000
vn 0.000000 -0.000000 1.000000
vn 0.000000 -0.000000 1.000000
vn 0.000000 -0.000000 1.000000
vn 0.000000 -0.000000 1.000000
vn 0.000000 -0.000000 1.000000
vn 0.000000 -0.000000 1.000000
vn 0.000000 -0.000000 1.000000
vn 0.000000 -0.000000 1.000000
vn 0.000000 -1.000000 -0.000000
vn 0.000000 -1.000000 -0.000000
vn 0.000000 -1.000000 -0.000000
vn 0.000000 -1.000000 -0.000000
vn 1.000000 0.000000 0.000000
vn 1.000000 0.000000 0.000000
vn 1.000000 0.000000 0.000000
vn 1.000000 0.000000 0.000000
vn -1.000000 0.000000 0.000000
vn -1.000000 0.000000 0.000000
vn -1.000000 0.000000 0.000000
vn -1.000000 0.000000 0.000000
vn 0.000000 -1.000000 -0.000000
vn 0.000000 -1.000000 -0.000000
vn 0.000000 -1.000000 -0.000000
vn 0.000000 -1.000000 -0.000000
vn 0.000000 1.000000 0.000000
vn 0.000000 1.000000 0.000000
vn 0.000000 1.000000 0.000000
vn 0.000000 1.000000 0.000000
vn 0.000000 -1.000000 -0.000000
vn 0.000000 -1.000000 -0.000000
vn 0.000000 -1.000000 -0.000000
vn 0.000000 -1.000000 -0.000000
vn 0.000000 0.000000 -1.000000
vn 0.000000 0.000000 -1.000000
vn 0.000000 0.000000 -1.000000
vn 0.000000 0.000000 -1.000000
vn 0.000000 -0.000000 1.000000
vn 0.000000 -0.000000 1.000000
vn 0.000000 -0.000000 1.000000
vn 0.000000 -0.000000 1.000000
vn 0.000000 -0.000000 1.000000
vn 0.000000 -0.000000 1.000000
vn 0.000000 -0.000000 1.000000
vn 0.000000 -0.000000 1.000000
vn 0.000000 1.000000 0.000000
vn 0.000000 1.000000 0.000000
vn 0.000000 1.000000 0.000000
vn 0.000000 1.000000 0.000000
vn 0.000000 -1.000000 -0.000000
vn 0.000000 -1.000000 -0.000000
vn 0.000000 -1.000000 -0.000000
vn 0.000000 -1.000000 -0.000000
vn 1.000000 0.000000 0.000000
vn 1.000000 0.000000 0.000000
vn 1.000000 0.000000 0.000000
vn 1.000000 0.000000 0.000000
vn 0.000000 1.000000 0.000000
vn 0.000000 1.000000 0.000000
vn 0.000000 1.000000 0.000000
vn 0.000000 1.000000 0.000000
vn -1.000000 0.000000 0.000000
vn -1.000000 0.000000 0.000000
vn -1.000000 0.000000 0.000000
vn -1.000000 0.000000 0.000000
vn 0.000000 -1.000000 -0.000000
vn 0.000000 -1.000000 -0.000000
vn 0.000000 -1.000000 -0.000000
vn 0.000000 -1.000000 -0.000000
vn 0.000000 0.000000 -1.000000
vn 0.000000 0.000000 -1.000000
vn 0.000000 0.000000 -1.000000
vn 0.000000 0.000000 -1.000000
vn 0.000000 -0.000000 1.000000
vn 0.000000 -0.000000 1.000000
vn 0.000000 -0.000000 1.000000
vn 0.000000 -0.000000 1.000000
vn 0.000000 -0.000000 1.000000
vn 0.000000 -0.000000 1.000000
vn 0.000000 -0.000000 1.000000
vn 0.000000 -0.000000 1.000000
vn 0.000000 1.000000 0.000000
vn 0.000000 1.000000 0.000000
vn 0.000000 1.000000 0.000000
vn 0.000000 1.000000 0.000000
vn 0.000000 -1.000000 -0.000000
vn 0.000000 -1.000000 -0.000000
vn 0.000000 -1.000000 -0.000000
vn 0.000000 -1.000000 -0.000000
vn 1.000000 0.000000 0.000000
vn 1.000000 0.000000 0.000000
vn 1.000000 0.000000 0.000000
vn 1.000000 0.000000 0.000000
vn 0.000000 1.000000 0.000000
vn 0.000000 1.000000 0.000000
vn 0.000000 1.000000 0.000000
vn 0.000000 1.000000 0.000000
vn 1.000000 0.000000 0.000000
vn 1.000000 0.000000 0.000000
vn 1.000000 0.000000 0.000000
vn 1.000000 0.000000 0.000000
vn -1.000000 0.000000 0.000000
vn -1.000000 0.000000 0.000000
vn -1.000000 0.000000 0.000000
vn -1.000000 0.000000 0.000000
vn -1.000000 0.000000 0.000000
vn -1.000000 0.000000 0.000000
vn -1.000000 0.000000 0.000000
vn -1.000000 0.000000 0.000000
vn 0.000000 0.000000 -1.000000
vn 0.000000 0.000000 -1.000000
vn 0.000000 0.000000 -1.000000
vn 0.000000 0.000000 -1.000000
vn 1.000000 0.000000 0.000000
vn 1.000000 0.000000 0.000000
vn 1.000000 0.000000 0.000000
vn 1.000000 0.000000 0.000000
vn 0.000000 -0.000000 1.000000
vn 0.000000 -0.000000 1.000000
vn 0.000000 -0.000000 1.000000
vn 0.000000 -0.000000 1.000000
vn 0.000000 0.000000 -1.000000
vn 0.000000 0.000000 -1.000000
vn 0.000000 0.000000 -1.000000
vn 0.000000 0.000000 -1.000000
vn 0.000000 -1.000000 -0.000000
vn 0.000000 -1.000000 -0.000000
vn 0.000000 -1.000000 -0.000000
vn 0.000000 -1.000000 -0.000000
vn 0.000000 -1.000000 -0.000000
vn 0.000000 -1.000000 -0.000000
vn 0.000000 -1.000000 -0.000000
vn 0.000000 -1.000000 -0.000000
vn 0.000000 1.000000 0.000000
vn 0.000000 1.000000 0.000000
vn 0.000000 1.000000 0.000000
vn 0.000000 1.000000 0.000000
vn 0.000000 1.000000 0.000000
vn 0.000000 1.000000 0.000000
vn 0.000000 1.000000 0.000000
vn 0.000000 1.000000 0.000000
vn 0.000000 -1.000000 -0.000000
vn 0.000000 -1.000000 -0.000000
vn 0.000000 -1.000000 -0.000000
vn 0.000000 -1.000000 -0.000000
vn 0.000000 0.000000 -1.000000
vn 0.000000 0.000000 -1.000000
vn 0.000000 0.000000 -1.000000
vn 0.000000 0.000000 -1.000000
vn 0.000000 -0.000000 1.000000
vn 0.000000 -0.000000 1.000000
vn 0.000000 -0.000000 1.000000
vn 0.000000 -0.000000 1.000000
vn 0.000000 -0.000000 1.000000
vn 0.000000 -0.000000 1.000000
vn 0.000000 -0.000000 1.000000
vn 0.000000 -0.000000 1.000000
vn 0.000000 1.000000 0.000000
vn 0.000000 1.000000 0.000000
vn 0.000000 1.000000 0.000000
vn 0.000000 1.000000 0.000000
vn -1.000000 0.000000 0.000000
vn -1.000000 0.000000 0.000000
vn -1.000000 0.000000 0.000000
vn -1.000000 0.000000 0.000000
vn -1.000000 0.000000 0.000000
vn -1.000000 0.000000 0.000000
vn 1.000000 0.000000 0.000000
vn 1.000000 0.000000 0.000000
vn 1.000000 0.000000 0.000000
vn 1.000000 0.000000 0.000000
vn 0.000000 -1.000000 -0.000000
vn 0.000000 -1.000000 -0.000000
vn 0.000000 -1.000000 -0.000000
vn 0.000000 -1.000000 -0.000000
vn 0.000000 1.000000 0.000000
vn 0.000000 1.000000 0.000000
vn 0.000000 1.000000 0.000000
vn 0.000000 1.000000 0.000000
vn -1.000000 0.000000 0.000000
vn -1.000000 0.000000 0.000000
vn -1.000000 0.000000 0.000000
vn -1.000000 0.000000 0.000000
vn 0.000000 -1.000000 -0.000000
vn 0.000000 -1.000000 -0.000000
vn 0.000000 -1.000000 -0.000000
vn 0.000000 -1.000000 -0.000000
vn 0.000000 0.000000 -1.000000
vn 0.000000 0.000000 -1.000000
vn 0.000000 0.000000 -1.000000
vn 0.000000 0.000000 -1.000000
vn 0.000000 -0.000000 1.000000
vn 0.000000 -0.000000 1.000000
vn 0.000000 -0.000000 1.000000
vn 0.000000 -0.000000 1.000000
vn 0.000000 1.000000 0.000000
vn 0.000000 1.000000 0.000000
vn 0.000000 1.000000 0.000000
vn 0.000000 1.000000 0.000000
vn 0.000000 -1.000000 -0.000000
vn 0.000000 -1.000000 -0.000000
vn 0.000000 -1.000000 -0.000000
vn 0.000000 -1.000000 -0.000000
vn 0.000000 1.000000 0.000000
vn 0.000000 1.000000 0.000000
vn 0.000000 1.000000 0.000000
vn 0.000000 1.000000 0.000000
vn 0.000000 1.000000 0.000000
vn 0.000000 1.000000 0.000000
vn 1.000000 0.000000 0.000000
vn 1.000000 0.000000 0.000000
vn 1.000000 0.000000 0.000000
vn 1.000000 0.000000 0.000000
vn 0.000000 1.000000 0.000000
vn 0.000000 1.000000 0.000000
vn 0.000000 1.000000 0.000000
vn 0.000000 1.000000 0.000000
vn 0.000000 1.000000 0.000000
vn 0.000000 1.000000 0.000000
vn 0.000000 1.000000 0.000000
vn 0.000000 1.000000 0.000000
vn 0.000000 1.000000 0.000000
vn 0.000000 1.000000 0.000000
vn 0.000000 1.000000 0.000000
vn 0.000000 1.000000 0.000000
vn 0.000000 1.000000 0.000000
vn 0.000000 1.000000 0.000000
vn 0.000000 1.000000 0.000000
vn 0.000000 1.000000 0.000000
vn 0.000000 1.000000 0.000000
vn 0.000000 1.000000 0.000000
vn 0.000000 1.000000 0.000000
vn -1.000000 0.000000 0.000000
vn -1.000000 0.000000 0.000000
vn -1.000000 0.000000 0.000000
vn -1.000000 0.000000 0.000000
vn 0.000000 -1.000000 -0.000000
vn 0.000000 -1.000000 -0.000000
vn 0.000000 -1.000000 -0.000000
vn 0.000000 -1.000000 -0.000000
vn 0.000000 -1.000000 -0.000000
vn 0.000000 -1.000000 -0.000000
vn 0.000000 -1.000000 -0.000000
vn 0.000000 -1.000000 -0.000000
vn 0.000000 -1.000000 -0.000000
vn 0.000000 -1.000000 -0.000000
vn -1.000000 0.000000 0.000000
vn -1.000000 0.000000 0.000000
vn -1.000000 0.000000 0.000000
vn -1.000000 0.000000 0.000000
vn -1.000000 0.000000 0.000000
vn -1.000000 0.000000 0.000000
vn 0.000000 -1.000000 -0.000000
vn 0.000000 -1.000000 -0.000000
vn 0.000000 -1.000000 -0.000000
vn 0.000000 -1.000000 -0.000000
vn 1.000000 0.000000 0.000000
vn 1.000000 0.000000 0.000000
vn 1.000000 0.000000 0.000000
vn 1.000000 0.000000 0.000000
vn 1.000000 0.000000 0.000000
vn 1.000000 0.000000 0.000000
vn 1.000000 0.000000 0.000000
vn 1.000000 0.000000 0.000000
vn 1.000000 0.000000 0.000000
vn 1.000000 0.000000 0.000000
vn 1.000000 0.000000 0.000000
vn 1.000000 0.000000 0.000000
vn 1.000000 0.000000 0.000000
vn 1.000000 0.000000 0.000000
vn 1.000000 0.000000 0.000000
vn 1.000000 0.000000 0.000000
vn 1.000000 0.000000 0.000000
vn 1.000000 0.000000 0.000000
vn 1.000000 0.000000 0.000000
vn 1.000000 0.000000 0.000000
vn 1.000000 0.000000 0.000000
vn 1.000000 0.000000 0.000000
vn 1.000000 0.000000 0.000000
vn 1.000000 0.000000 0.000000
vn 0.000000 -1.000000 -0.000000
vn 0.000000 -1.000000 -0.000000
vn 0.000000 -1.000000 -0.000000
vn 0.000000 -1.000000 -0.000000
vn -1.000000 0.000000 0.000000
vn -1.000000 0.000000 0.000000
vn -1.000000 0.000000 0.000000
vn -1.000000 0.000000 0.000000
vn -1.000000 0.000000 0.000000
vn -1.000000 0.000000 0.000000
vn -1.000000 0.000000 0.000000
vn -1.000000 0.000000 0.000000
vn -1.000000 0.000000 0.000000
vn -1.000000 0.000000 0.000000
vn -1.000000 0.000000 0.000000
vn -1.000000 0.000000 0.000000
vn 0.000000 1.000000 0.000000
vn 0.000000 1.000000 0.000000
vn 0.000000 1.000000 0.000000
vn 0.000000 1.000000 0.000000
vn 0.000000 1.000000 0.000000
vn 0.000000 1.000000 0.000000
vn 0.000000 1.000000 0.000000
vn 0.000000 1.000000 0.000000
vn 0.000000 1.000000 0.000000
vn 0.000000 1.000000 0.000000
vn 0.000000 1.000000 0.000000
vn 0.000000 1.000000 0.000000
vn 0.000000 1.000000 0.000000
vn 0.000000 1.000000 0.000000
vn 0.000000 1.000000 0.000000
vn 0.000000 -0.000000 1.000000
vn 0.000000 -0.000000 1.000000
vn 0.000000 -0.000000 1.000000
vn 0.000000 -0.000000 1.000000
vn 0.000000 -0.000000 1.000000
vn 0.000000 -0.000000 1.000000
vn 0.000000 -0.000000 1.000000
vn 0.000000 -0.000000 1.000000
vn 0.000000 -0.000000 1.000000
vn 0.000000 -0.000000 1.000000
vn 0.000000 -0.000000 1.000000
vn 0.000000 -0.000000 1.000000
vn 0.000000 -0.000000 1.000000
vn 0.000000 -0.000000 1.000000
vn 0.000000 -0.000000 1.000000
vn 0.000000 -0.000000 1.000000
vn 0.000000 -0.000000 1.000000
vn 0.000000 -0.000000 1.000000
vn 0.000000 -0.000000 1.000000
vn 0.000000 -0.000000 1.000000
vn 0.000000 0.106700 0.994291
vn 0.000000 -0.000000 1.000000
vn 0.000000 -0.000000 1.000000
vn 0.000000 -0.000000 1.000000
vn 0.000000 -0.000000 1.000000
vn 0.000000 -0.000000 1.000000
vn 0.000000 -0.000000 1.000000
vn 0.000000 -0.000000 1.000000
vn 0.000000 -0.000000 1.000000
vn 0.000000 -0.000000 1.000000
vn 0.000000 -0.000000 1.000000
vn 0.000000 -0.000000 1.000000
vn 0.000000 -0.000000 1.000000
vn 0.000000 -0.000000 1.000000
vn 0.000000 -0.000000 1.000000
vn 0.000000 -0.000000 1.000000
vn 0.000000 -0.000000 1.000000
vn 0.000000 -0.000000 1.000000
vn 0.000000 -0.000000 1.000000
vn 0.000000 -1.000000 -0.000000
vn 0.000000 -1.000000 -0.000000
vn 0.000000 -1.000000 -0.000000
vn 0.000000 -1.000000 -0.000000
vn 0.000000 -1.000000 -0.000000
vn 0.000000 -1.000000 -0.000000
vn 0.000000 -1.000000 -0.000000
vn 0.000000 -1.000000 -0.000000
vn 0.000000 -1.000000 -0.000000
vn 0.000000 -1.000000 -0.000000
vn 0.000000 -1.000000 -0.000000
vn 0.000000 -1.000000 -0.000000
vn 0.000000 -1.000000 -0.000000
vn 0.000000 -1.000000 -0.000000
vn -1.000000 0.000000 0.000000
vn -1.000000 0.000000 0.000000
vn -1.000000 0.000000 0.000000
vn -1.000000 0.000000 0.000000
vn 1.000000 0.000000 0.000000
vn 1.000000 0.000000 0.000000
vn 1.000000 0.000000 0.000000
vn 1.000000 0.000000 0.000000
vn 1.000000 0.000000 0.000000
vn 1.000000 0.000000 0.000000
vn 1.000000 0.000000 0.000000
vn 1.000000 0.000000 0.000000
vn 0.000000 -1.000000 -0.000000
vn 0.000000 -1.000000 -0.000000
vn 0.000000 -1.000000 -0.000000
vn 0.000000 -1.000000 -0.000000
vn 0.000000 -1.000000 -0.000000
vn 0.000000 -1.000000 -0.000000
vn 0.000000 -1.000000 -0.000000
vn 0.000000 -1.000000 -0.000000
vn 0.000000 -1.000000 -0.000000
vn 0.000000 -1.000000 -0.000000
vn 0.000000 -1.000000 -0.000000
vn 0.000000 -1.000000 -0.000000
vn 0.000000 -1.000000 -0.000000
vn 0.000000 -1.000000 -0.000000
vn 0.000000 -1.000000 -0.000000
vn 0.000000 -1.000000 -0.000000
vn 0.000000 -1.000000 -0.000000
vn 0.000000 -1.000000 -0.000000
vn 0.000000 1.000000 0.000000
vn 0.000000 1.000000 0.000000
vn 0.000000 1.000000 0.000000
vn 0.000000 1.000000 0.000000
vn 0.000000 1.000000 0.000000
vn 0.000000 1.000000 0.000000
vn 0.000000 1.000000 0.000000
vn 0.000000 1.000000 0.000000
vn 0.000000 1.000000 0.000000
vn 0.000000 0.000000 -1.000000
vn 0.000000 -0.128666 -0.991688
vn 0.000000 0.000000 -1.000000
vn 0.000000 -0.435215 -0.900327
vn 1.000000 0.000000 0.000000
vn 1.000000 0.000000 0.000000
vn 1.000000 0.000000 0.000000
vn 1.000000 0.000000 0.000000
vn 0.000000 -0.000000 1.000000
vn 0.000000 -0.000000 1.000000
vn 0.000000 -0.000000 1.000000
vn 0.000000 -0.000000 1.000000
vn 0.000000 -0.000000 1.000000
vn 0.000000 -0.000000 1.000000
vn 0.000000 -0.000000 1.000000
vn 0.000000 -0.000000 1.000000
vn 1.000000 0.000000 0.000000
vn 1.000000 0.000000 0.000000
vn 1.000000 0.000000 0.000000
vn 1.000000 0.000000 0.000000
vn 1.000000 0.000000 0.000000
vn 1.000000 0.000000 0.000000
vn 1.000000 0.000000 0.000000
vn 1.000000 0.000000 0.000000
vn 1.000000 0.000000 0.000000
vn 1.000000 0.000000 0.000000
vn 1.000000 0.000000 0.000000
vn 1.000000 0.000000 0.000000
vn 0.000000 1.000000 0.000000
vn 0.000000 1.000000 0.000000
vn 0.000000 1.000000 0.000000
vn 0.000000 1.000000 0.000000
vn 0.000000 1.000000 0.000000
vn 0.000000 1.000000 0.000000
vn 0.000000 1.000000 0.000000
vn 0.000000 1.000000 0.000000
vn 0.000000 1.000000 0.000000
vn 0.000000 1.000000 0.000000
vn -1.000000 0.000000 0.000000
vn -1.000000 0.000000 0.000000
vn -1.000000 0.000000 0.000000
vn -1.000000 0.000000 0.000000
vn -1.000000 0.000000 0.000000
vn -1.000000 0.000000 0.000000
vn -1.000000 0.000000 0.000000
vn -1.000000 0.000000 0.000000
vn 0.000000 -0.000000 1.000000
vn 0.000000 -0.000000 1.000000
vn 0.000000 0.217607 0.976036
vn 0.000000 0.328599 0.944470
vn 0.000000 -0.000000 1.000000
vn 0.000000 -0.000000 1.000000
vn 0.000000 -0.000000 1.000000
vn 0.000000 -0.000000 1.000000
vn 0.000000 -0.000000 1.000000
vn 0.000000 -0.000000 1.000000
vn 0.000000 0.328599 0.944470
vn 0.000000 -0.000000 1.000000
vn 0.000000 -0.000000 1.000000
vn 0.000000 -0.000000 1.000000
vn 0.000000 -0.000000 1.000000
vn 0.000000 -0.000000 1.000000
vn 0.000000 -0.000000 1.000000
vn 0.000000 -0.000000 1.000000
vn 0.000000 -0.000000 1.000000
vn 0.000000 -0.000000 1.000000
vn 0.000000 -0.000000 1.000000
vn 0.000000 -0.000000 1.000000
vn 0.000000 -0.000000 1.000000
vn 0.000000 -0.000000 1.000000
vn 0.000000 -0.000000 1.000000
vn 1.000000 0.000000 0.000000
vn 1.000000 0.000000 0.000000
vn 1.000000 0.000000 0.000000
vn 1.000000 0.000000 0.000000
vn 0.000000 -1.000000 -0.000000
vn 0.000000 -1.000000 -0.000000
vn 0.000000 -1.000000 -0.000000
vn 0.000000 -1.000000 -0.000000
vn -1.000000 0.000000 0.000000
vn -1.000000 0.000000 0.000000
vn -1.000000 0.000000 0.000000
vn -1.000000 0.000000 0.000000
vn 0.000000 -1.000000 -0.000000
vn 0.000000 -1.000000 -0.000000
vn 0.000000 -1.000000 -0.000000
vn 0.000000 -1.000000 -0.000000
vn -1.000000 0.000000 0.000000
vn -1.000000 0.000000 0.000000
vn -1.000000 0.000000 0.000000
vn -1.000000 0.000000 0.000000
vn -1.000000 0.000000 0.000000
vn -1.000000 0.000000 0.000000
vn -1.000000 0.000000 0.000000
vn -1.000000 0.000000 0.000000
vn -1.000000 0.000000 0.000000
vn 0.000000 1.000000 0.000000
vn 0.000000 1.000000 0.000000
vn 0.000000 1.000000 0.000000
vn 0.000000 1.000000 0.000000
vn 0.000000 -0.000000 1.000000
vn 0.000000 -0.000000 1.000000
vn 0.000000 -0.000000 1.000000
vn 0.000000 -0.000000 1.000000
vn 0.000000 1.000000 0.000000
vn 0.000000 1.000000 0.000000
vn 0.000000 1.000000 0.000000
vn 0.000000 1.000000 0.000000
vn 0.000000 1.000000 0.000000
vn 0.000000 0.000000 -1.000000
vn 0.000000 0.000000 -1.000000
vn 0.000000 0.000000 -1.000000
vn 0.000000 0.000000 -1.000000
vn 0.000000 0.000000 -1.000000
vn 0.000000 -1.000000 -0.000000
vn 0.000000 -1.000000 -0.000000
vn 0.000000 -1.000000 -0.000000
vn 0.000000 -1.000000 -0.000000
vn 0.000000 -1.000000 -0.000000
vn 0.000000 -1.000000 -0.000000
vn 0.000000 -1.000000 -0.000000
vn 0.000000 -1.000000 -0.000000
vn 0.000000 -1.000000 -0.000000
vn 0.000000 -1.000000 -0.000000
vn 1.000000 0.000000 0.000000
vn 1.000000 0.000000 0.000000
vn 1.000000 0.000000 0.000000
vn 1.000000 0.000000 0.000000
vn 0.000000 0.000000 -1.000000
vn 0.000000 0.000000 -1.000000
vn 0.000000 0.000000 -1.000000
vn 0.000000 0.000000 -1.000000
vn 0.000000 0.000000 -1.000000
vn 0.000000 0.000000 -1.000000
vn 0.000000 0.000000 -1.000000
vn 0.000000 1.000000 0.000000
vn 0.000000 1.000000 0.000000
vn 0.000000 1.000000 0.000000
vn 0.000000 1.000000 0.000000
vn 0.000000 1.000000 0.000000
vn 0.000000 1.000000 0.000000
vn 0.000000 1.000000 0.000000
vn 0.000000 1.000000 0.000000
vn 0.000000 1.000000 0.000000
vn 0.000000 1.000000 0.000000
vn -1.000000 0.000000 0.000000
vn -1.000000 0.000000 0.000000
vn -1.000000 0.000000 0.000000
vn -1.000000 0.000000 0.000000
vn 1.000000 0.000000 0.000000
vn 1.000000 0.000000 0.000000
vn 1.000000 0.000000 0.000000
vn 1.000000 0.000000 0.000000
vn 0.000000 1.000000 0.000000
vn 0.000000 1.000000 0.000000
vn 0.000000 1.000000 0.000000
vn 0.000000 1.000000 0.000000
vn 0.000000 1.000000 0.000000
vn 0.000000 1.000000 0.000000
vn 0.000000 1.000000 0.000000
vn 0.000000 1.000000 0.000000
vn 0.000000 1.000000 0.000000
vn 0.000000 1.000000 0.000000
vn 0.000000 1.000000 0.000000
vn 0.000000 -1.000000 -0.000000
vn 0.000000 -1.000000 -0.000000
vn 0.000000 -1.000000 -0.000000
vn 0.000000 -1.000000 -0.000000
vn 0.000000 -1.000000 -0.000000
vn 0.000000 -1.000000 -0.000000
vn 0.000000 -1.000000 -0.000000
vn 0.000000 -1.000000 -0.000000
vn 0.000000 -1.000000 -0.000000
vn 0.000000 -1.000000 -0.000000
vn 0.000000 -1.000000 -0.000000
vn 0.000000 -1.000000 -0.000000
vn 0.000000 -1.000000 -0.000000
vn 0.000000 -1.000000 -0.000000
vn 0.000000 -1.000000 -0.000000
vn 0.000000 -1.000000 -0.000000
vn 0.000000 -1.000000 -0.000000
vn 0.000000 -1.000000 -0.000000
vn 0.000000 -1.000000 -0.000000
vn 0.000000 -1.000000 -0.000000
vn 0.000000 -1.000000 -0.000000
vn 0.000000 -1.000000 -0.000000
vn 0.000000 -1.000000 -0.000000
vn 0.000000 -1.000000 -0.000000
vn 0.000000 1.000000 0.000000
vn 0.000000 1.000000 0.000000
vn 0.000000 1.000000 0.000000
vn 0.000000 1.000000 0.000000
vn 0.000000 1.000000 0.000000
vn 0.000000 1.000000 0.000000
vn 0.000000 1.000000 0.000000
vn 0.000000 1.000000 0.000000
vn 0.000000 1.000000 0.000000
vn 0.000000 1.000000 0.000000
vn -1.000000 0.000000 0.000000
vn -1.000000 0.000000 0.000000
vn -1.000000 0.000000 0.000000
vn -1.000000 0.000000 0.000000
vn -1.000000 0.000000 0.000000
vn -1.000000 0.000000 0.000000
vn -1.000000 0.000000 0.000000
vn -1.000000 0.000000 0.000000
vn -1.000000 0.000000 0.000000
vn -1.000000 0.000000 0.000000
vn -1.000000 0.000000 0.000000
vn -1.000000 0.000000 0.000000
vn -1.000000 0.000000 0.000000
vn -1.000000 0.000000 0.000000
vn -1.000000 0.000000 0.000000
vn 1.000000 0.000000 0.000000
vn 1.000000 0.000000 0.000000
vn 1.000000 0.000000 0.000000
vn 1.000000 0.000000 0.000000
vn 0.000000 0.000000 -1.000000
vn 0.000000 0.000000 -1.000000
vn 0.000000 0.000000 -1.000000
vn 0.000000 0.000000 -1.000000
vn 0.000000 1.000000 0.000000
vn 0.000000 1.000000 0.000000
vn 0.000000 1.000000 0.000000
vn 0.000000 1.000000 0.000000
vn 0.000000 1.000000 0.000000
vn 0.000000 1.000000 0.000000
vn 0.000000 1.000000 0.000000
vn 0.000000 1.000000 0.000000
vn 0.000000 1.000000 0.000000
vn 0.000000 1.000000 0.000000
vn 0.000000 1.000000 0.000000
vn 0.000000 1.000000 0.000000
vn 0.000000 1.000000 0.000000
vn 0.000000 1.000000 0.000000
vn 0.000000 1.000000 0.000000
vn 0.000000 1.000000 0.000000
vn 0.000000 1.000000 0.000000
vn 0.000000 1.000000 0.000000
vn 0.000000 1.000000 0.000000
vn 0.000000 1.000000 0.000000
vn 0.000000 1.000000 0.000000
vn 0.000000 0.000000 -1.000000
vn 0.000000 0.000000 -1.000000
vn 0.000000 0.000000 -1.000000
vn 0.000000 0.000000 -1.000000
vn 0.000000 0.000000 -1.000000
vn 0.000000 0.000000 -1.000000
vn 0.000000 0.000000 -1.000000
vn 0.000000 -1.000000 -0.000000
vn 0.000000 -1.000000 -0.000000
vn 0.000000 -1.000000 -0.000000
vn 0.000000 -1.000000 -0.000000
vn -1.000000 0.000000 0.000000
vn -1.000000 0.000000 0.000000
vn -1.000000 0.000000 0.000000
vn -1.000000 0.000000 0.000000
vn -1.000000 0.000000 0.000000
vn -1.000000 0.000000 0.000000
vn -1.000000 0.000000 0.000000
vn 0.000000 -1.000000 -0.000000
vn 0.000000 -1.000000 -0.000000
vn 0.000000 -1.000000 -0.000000
vn 0.000000 -1.000000 -0.000000
vn -1.000000 0.000000 0.000000
vn -1.000000 0.000000 0.000000
vn -1.000000 0.000000 0.000000
vn -1.000000 0.000000 0.000000
vn -1.000000 0.000000 0.000000
vn -1.000000 0.000000 0.000000
vn -1.000000 0.000000 0.000000
vn 0.000000 0.000000 -1.000000
vn 0.000000 0.000000 -1.000000
vn 0.000000 0.000000 -1.000000
vn 0.000000 0.000000 -1.000000
vn 0.000000 0.000000 -1.000000
vn 0.000000 0.000000 -1.000000
vn 0.000000 0.000000 -1.000000
vn 0.000000 -1.000000 -0.000000
vn 0.000000 -1.000000 -0.000000
vn 0.000000 -1.000000 -0.000000
vn 0.000000 -1.000000 -0.000000
vn 0.000000 -1.000000 -0.000000
vn 0.000000 -1.000000 -0.000000
vn 0.000000 -1.000000 -0.000000
vn 0.000000 -1.000000 -0.000000
vn 0.000000 -1.000000 -0.000000
vn 0.000000 -1.000000 -0.000000
vn 0.000000 0.000000 -1.000000
vn 0.000000 0.000000 -1.000000
vn 0.000000 0.000000 -1.000000
vn 0.000000 0.000000 -1.000000
vn 0.000000 0.000000 -1.000000
vn 0.000000 0.000000 -1.000000
vn 0.000000 0.000000 -1.000000
vn -1.000000 0.000000 0.000000
vn -1.000000 0.000000 0.000000
vn -1.000000 0.000000 0.000000
vn -1.000000 0.000000 0.000000
vn -1.000000 0.000000 0.000000
vn -1.000000 0.000000 0.000000
vn -1.000000 0.000000 0.000000
vn -1.000000 0.000000 0.000000
vn 0.000000 0.000000 -1.000000
vn 0.000000 0.000000 -1.000000
vn 0.000000 0.000000 -1.000000
vn 0.000000 0.000000 -1.000000
vn 0.000000 0.000000 -1.000000
vn 0.000000 0.000000 -1.000000
vn 0.000000 0.000000 -1.000000
vn -1.000000 0.000000 0.000000
vn -1.000000 0.000000 0.000000
vn -1.000000 0.000000 0.000000
vn -1.000000 0.000000 0.000000
vn -1.000000 0.000000 0.000000
vn -1.000000 0.000000 0.000000
vn -1.000000 0.000000 0.000000
vn -1.000000 0.000000 0.000000
vn -1.000000 0.000000 0.000000
vn -1.000000 0.000000 0.000000
vn -1.000000 0.000000 0.000000
vn -1.000000 0.000000 0.000000
vn 0.000000 1.000000 0.000000
vn 0.000000 1.000000 0.000000
vn 0.000000 1.000000 0.000000
vn 0.000000 1.000000 0.000000
vn 0.000000 1.000000 0.000000
vn 0.000000 1.000000 0.000000
vn 0.000000 1.000000 0.000000
vn 0.000000 1.000000 0.000000
vn 0.000000 1.000000 0.000000
vn 0.000000 1.000000 0.000000
vn 0.000000 1.000000 0.000000
vn 0.000000 1.000000 0.000000
vn 0.000000 1.000000 0.000000
vn 0.000000 1.000000 0.000000
f 3/3/3 2/2/2 1/1/1
f 6/6/6 5/5/5 4/4/4
f 9/9/9 8/8/8 7/7/7
f 12/12/12 11/11/11 10/10/10
f 14/14/14 10/10/10 13/13/13
f 16/16/16 14/14/14 15/15/15
f 19/19/19 18/18/18 17/17/17
f 22/22/22 21/21/21 20/20/20
f 25/25/25 24/24/24 23/23/23
f 28/28/28 27/27/27 26/26/26
f 31/31/31 30/30/30 29/29/29
f 34/34/34 33/33/33 32/32/32
f 37/37/37 36/36/36 35/35/35
f 40/40/40 39/39/39 38/38/38
f 43/43/43 42/42/42 41/41/41
f 46/46/46 45/45/45 44/44/44
f 49/49/49 48/48/48 47/47/47
f 51/51/51 50/50/50 49/49/49
f 53/53/53 52/52/52 50/50/50
f 55/55/55 52/52/52 54/54/54
f 58/58/58 57/57/57 56/56/56
f 58/58/58 60/60/60 59/59/59
f 63/63/63 62/62/62 61/61/61
f 65/65/65 61/61/61 64/64/64
f 65/65/65 64/64/64 66/66/66
f 69/69/69 68/68/68 67/67/67
f 72/72/72 71/71/71 70/70/70
f 75/75/75 74/74/74 73/73/73
f 78/78/78 77/77/77 76/76/76
f 81/81/81 80/80/80 79/79/79
f 84/84/84 83/83/83 82/82/82
f 87/87/87 86/86/86 85/85/85
f 90/90/90 89/89/89 88/88/88
f 92/92/92 91/91/91 88/88/88
f 91/91/91 94/94/94 93/93/93
f 96/96/96 93/93/93 95/95/95
f 99/99/99 98/98/98 97/97/97
f 102/102/102 101/101/101 100/100/100
f 101/101/101 104/104/104 103/103/103
f 107/107/107 106/106/106 105/105/105
f 110/110/110 109/109/109 108/108/108
f 109/109/109 112/112/112 111/111/111
f 115/115/115 114/114/114 113/113/113
f 118/118/118 117/117/117 116/116/116
f 121/121/121 120/120/120 119/119/119
f 123/123/123 122/122/122 119/119/119
f 126/126/126 125/125/125 124/124/124
f 128/128/128 127/127/127 126/126/126
f 131/131/131 130/130/130 129/129/129
f 134/134/134 133/133/133 132/132/132
f 137/137/137 136/136/136 135/135/135
f 136/136/136 139/139/139 138/138/138
f 142/142/142 141/141/141 140/140/140
f 145/145/145 144/144/144 143/143/143
f 148/148/148 147/147/147 146/146/146
f 151/151/151 150/150/150 149/149/149
f 154/154/154 153/153/153 152/152/152
f 157/157/157 156/156/156 155/155/155
f 160/160/160 159/159/159 158/158/158
f 163/163/163 162/162/162 161/161/161
f 166/166/166 165/165/165 164/164/164
f 169/169/169 168/168/168 167/167/167
f 172/172/172 171/171/171 170/170/170
f 175/175/175 174/174/174 173/173/173
f 178/178/178 177/177/177 176/176/176
f 181/181/181 180/180/180 179/179/179
f 184/184/184 183/183/183 182/182/182
f 187/187/187 186/186/186 185/185/185
f 190/190/190 189/189/189 188/188/188
f 193/193/193 192/192/192 191/191/191
f 195/195/195 191/191/191 194/194/194
f 197/197/197 195/195/195 196/196/196
f 197/197/197 196/196/196 198/198/198
f 201/201/201 200/200/200 199/199/199
f 204/204/204 203/203/203 202/202/202
f 207/207/207 206/206/206 205/205/205
f 210/210/210 209/209/209 208/208/208
f 213/213/213 212/212/212 211/211/211
f 215/215/215 214/214/214 211/211/211
f 214/214/214 215/215/215 216/216/216
f 216/216/216 218/218/218 217/217/217
f 220/220/220 217/217/217 219/219/219
f 221/221/221 220/220/220 219/219/219
f 224/224/224 223/223/223 222/222/222
f 227/227/227 226/226/226 225/225/225
f 230/230/230 229/229/229 228/228/228
f 233/233/233 232/232/232 231/231/231
f 236/236/236 235/235/235 234/234/234
f 239/239/239 238/238/238 237/237/237
f 242/242/242 241/241/241 240/240/240
f 245/245/245 244/244/244 243/243/243
f 248/248/248 247/247/247 246/246/246
f 250/250/250 246/246/246 249/249/249
f 250/250/250 249/249/249 251/251/251
f 254/254/254 253/253/253 252/252/252
f 257/257/257 256/256/256 255/255/255
f 260/260/260 259/259/259 258/258/258
f 263/263/263 262/262/262 261/261/261
f 266/266/266 265/265/265 264/264/264
f 269/269/269 268/268/268 267/267/267
f 272/272/272 271/271/271 270/270/270
f 274/274/274 273/273/273 271/271/271
f 277/277/277 276/276/276 275/275/275
f 280/280/280 279/279/279 278/278/278
f 283/283/283 282/282/282 281/281/281
f 286/286/286 285/285/285 284/284/284
f 289/289/289 288/288/288 287/287/287
f 291/291/291 288/288/288 290/290/290
f 292/292/292 291/291/291 290/290/290
f 295/295/295 294/294/294 293/293/293
f 297/297/297 293/293/293 296/296/296
f 300/300/300 299/299/299 298/298/298
f 302/302/302 301/301/301 299/299/299
f 302/302/302 303/303/303 301/301/301
f 305/305/305 304/304/304 303/303/303
f 308/308/308 307/307/307 306/306/306
f 307/307/307 310/310/310 309/309/309
f 313/313/313 312/312/312 311/311/311
f 316/316/316 315/315/315 314/314/314
f 319/319/319 318/318/318 317/317/317
f 322/322/322 321/321/321 320/320/320
f 325/325/325 324/324/324 323/323/323
f 328/328/328 327/327/327 326/326/326
f 331/331/331 330/330/330 329/329/329
f 334/334/334 333/333/333 332/332/332
f 337/337/337 336/336/336 335/335/335
f 340/340/340 339/339/339 338/338/338
f 343/343/343 342/342/342 341/341/341
f 346/346/346 345/345/345 344/344/344
f 348/348/348 346/346/346 347/347/347
f 349/349/349 348/348/348 347/347/347
f 352/352/352 351/351/351 350/350/350
f 355/355/355 354/354/354 353/353/353
f 357/357/357 356/356/356 353/353/353
f 360/360/360 359/359/359 358/358/358
f 362/362/362 359/359/359 361/361/361
f 363/363/363 361/361/361 359/359/359
f 366/366/366 365/365/365 364/364/364
f 369/369/369 368/368/368 367/367/367
f 372/372/372 371/371/371 370/370/370
f 375/375/375 374/374/374 373/373/373
f 377/377/377 373/373/373 376/376/376
f 377/377/377 376/376/376 378/378/378
f 381/381/381 380/380/380 379/379/379
f 384/384/384 383/383/383 382/382/382
f 387/387/387 386/386/386 385/385/385
f 390/390/390 389/389/389 388/388/388
f 392/392/392 388/388/388 391/391/391
f 393/393/393 388/388/388 392/392/392
f 393/393/393 392/392/392 394/394/394
f 397/397/397 396/396/396 395/395/395
f 400/400/400 399/399/399 398/398/398
f 403/403/403 402/402/402 401/401/401
f 406/406/406 405/405/405 404/404/404
f 408/408/408 405/405/405 407/407/407
f 409/409/409 408/408/408 407/407/407
f 412/412/412 411/411/411 410/410/410
f 415/415/415 414/414/414 413/413/413
f 417/417/417 414/414/414 416/416/416
f 418/418/418 417/417/417 416/416/416
f 421/421/421 420/420/420 419/419/419
f 424/424/424 423/423/423 422/422/422
f 427/427/427 426/426/426 425/425/425
f 429/429/429 428/428/428 425/425/425
f 431/431/431 430/430/430 429/429/429
f 433/433/433 425/425/425 432/432/432
f 434/434/434 425/425/425 433/433/433
f 434/434/434 436/436/436 435/435/435
f 439/439/439 438/438/438 437/437/437
f 442/442/442 441/441/441 440/440/440
f 445/445/445 444/444/444 443/443/443
f 444/444/444 447/447/447 446/446/446
f 447/447/447 449/449/449 448/448/448
f 452/452/452 451/451/451 450/450/450
f 455/455/455 454/454/454 453/453/453
f 454/454/454 457/457/457 456/456/456
f 458/458/458 456/456/456 457/457/457
f 461/461/461 460/460/460 459/459/459
f 459/459/459 463/463/463 462/462/462
f 466/466/466 465/465/465 464/464/464
f 469/469/469 468/468/468 467/467/467
f 471/471/471 467/467/467 470/470/470
f 472/472/472 471/471/471 470/470/470
f 475/475/475 474/474/474 473/473/473
f 478/478/478 477/477/477 476/476/476
f 481/481/481 480/480/480 479/479/479
f 484/484/484 483/483/483 482/482/482
f 487/487/487 486/486/486 485/485/485
f 490/490/490 489/489/489 488/488/488
f 493/493/493 492/492/492 491/491/491
f 496/496/496 495/495/495 494/494/494
f 498/498/498 494/494/494 497/497/497
f 499/499/499 498/498/498 497/497/497
f 502/502/502 501/501/501 500/500/500
f 505/505/505 504/504/504 503/503/503
f 507/507/507 506/506/506 503/503/503
f 507/507/507 508/508/508 506/506/506
f 506/506/506 508/508/508 509/509/509
f 508/508/508 510/510/510 509/509/509
f 510/510/510 511/511/511 509/509/509
f 512/512/512 509/509/509 511/511/511
f 512/512/512 511/511/511 513/513/513
f 515/515/515 514/514/514 510/510/510
f 518/518/518 517/517/517 516/516/516
f 521/521/521 520/520/520 519/519/519
f 523/523/523 522/522/522 520/520/520
f 520/520/520 522/522/522 524/524/524
f 527/527/527 526/526/526 525/525/525
f 530/530/530 529/529/529 528/528/528
f 533/533/533 532/532/532 531/531/531
f 536/536/536 535/535/535 534/534/534
f 539/539/539 538/538/538 537/537/537
f 542/542/542 541/541/541 540/540/540
f 545/545/545 544/544/544 543/543/543
f 548/548/548 547/547/547 546/546/546
f 550/550/550 548/548/548 549/549/549
f 551/551/551 550/550/550 549/549/549
f 554/554/554 553/553/553 552/552/552
f 557/557/557 556/556/556 555/555/555
f 560/560/560 559/559/559 558/558/558
f 563/563/563 562/562/562 561/561/561
f 566/566/566 565/565/565 564/564/564
f 569/569/569 568/568/568 567/567/567
f 572/572/572 571/571/571 570/570/570
f 575/575/575 574/574/574 573/573/573
f 578/578/578 577/577/577 576/576/576
f 578/578/578 580/580/580 579/579/579
f 579/579/579 580/580/580 581/581/581
f 582/582/582 581/581/581 580/580/580
f 583/583/583 581/581/581 582/582/582
f 586/586/586 585/585/585 584/584/584
f 589/589/589 588/588/588 587/587/587
f 592/592/592 591/591/591 590/590/590
f 595/595/595 594/594/594 593/593/593
f 598/598/598 597/597/597 596/596/596
f 601/601/601 600/600/600 599/599/599
f 603/603/603 600/600/600 602/602/602
f 606/606/606 605/605/605 604/604/604
f 609/609/609 608/608/608 607/607/607
f 612/612/612 611/611/611 610/610/610
f 615/615/615 614/614/614 613/613/613
f 615/615/615 617/617/617 616/616/616
f 616/616/616 617/617/617 618/618/618
f 619/619/619 618/618/618 617/617/617
f 620/620/620 618/618/618 619/619/619
f 623/623/623 622/622/622 621/621/621
f 626/626/626 625/625/625 624/624/624
f 629/629/629 628/628/628 627/627/627
f 632/632/632 631/631/631 630/630/630
f 634/634/634 631/631/631 633/633/633
f 637/637/637 636/636/636 635/635/635
f 640/640/640 639/639/639 638/638/638
f 643/643/643 642/642/642 641/641/641
f 645/645/645 641/641/641 644/644/644
f 645/645/645 644/644/644 646/646/646
f 649/649/649 648/648/648 647/647/647
f 651/651/651 650/650/650 648/648/648
f 654/654/654 653/653/653 652/652/652
f 657/657/657 656/656/656 655/655/655
f 660/660/660 659/659/659 658/658/658
f 663/663/663 662/662/662 661/661/661
f 665/665/665 662/662/662 664/664/664
f 668/668/668 667/667/667 666/666/666
f 671/671/671 670/670/670 669/669/669
f 669/669/669 673/673/673 672/672/672
f 675/675/675 672/672/672 674/674/674
f 675/675/675 674/674/674 676/676/676
f 679/679/679 678/678/678 677/677/677
f 682/682/682 681/681/681 680/680/680
f 685/685/685 684/684/684 683/683/683
f 688/688/688 687/687/687 686/686/686
f 691/691/691 690/690/690 689/689/689
f 694/694/694 693/693/693 692/692/692
f 694/694/694 696/696/696 695/695/695
f 697/697/697 695/695/695 696/696/696
f 700/700/700 699/699/699 698/698/698
f 703/703/703 702/702/702 701/701/701
f 706/706/706 705/705/705 704/704/704
f 709/709/709 708/708/708 707/707/707
f 711/711/711 708/708/708 710/710/710
f 714/714/714 713/713/713 712/712/712
f 717/717/717 716/716/716 715/715/715
f 720/720/720 719/719/719 718/718/718
f 718/718/718 722/722/722 721/721/721
f 724/724/724 721/721/721 723/723/723
f 724/724/724 723/723/723 725/725/725
f 728/728/728 727/727/727 726/726/726
f 731/731/731 730/730/730 729/729/729
f 734/734/734 733/733/733 732/732/732
f 737/737/737 736/736/736 735/735/735
f 740/740/740 739/739/739 738/738/738
f 743/743/743 742/742/742 741/741/741
f 741/741/741 745/745/745 744/744/744
f 747/747/747 744/744/744 746/746/746
f 747/747/747 746/746/746 748/748/748
f 751/751/751 750/750/750 749/749/749
f 754/754/754 753/753/753 752/752/752
f 757/757/757 756/756/756 755/755/755
f 760/760/760 759/759/759 758/758/758
f 758/758/758 762/762/762 761/761/761
f 764/764/764 761/761/761 763/763/763
f 764/764/764 763/763/763 765/765/765
f 768/768/768 767/767/767 766/766/766
f 771/771/771 770/770/770 769/769/769
f 774/774/774 773/773/773 772/772/772
f 777/777/777 776/776/776 775/775/775
f 780/780/780 779/779/779 778/778/778
f 783/783/783 782/782/782 781/781/781
f 786/786/786 785/785/785 784/784/784
f 789/789/789 788/788/788 787/787/787
f 789/789/789 791/791/791 790/790/790
f 794/794/794 793/793/793 792/792/792
f 797/797/797 796/796/796 795/795/795
f 796/796/796 799/799/799 798/798/798
f 800/800/800 798/798/798 799/799/799
f 801/801/801 798/798/798 800/800/800
f 804/804/804 803/803/803 802/802/802
f 807/807/807 806/806/806 805/805/805
f 810/810/810 809/809/809 808/808/808
f 813/813/813 812/812/812 811/811/811
f 816/816/816 815/815/815 814/814/814
f 819/819/819 818/818/818 817/817/817
f 822/822/822 821/821/821 820/820/820
f 820/820/820 824/824/824 823/823/823
f 826/826/826 823/823/823 825/825/825
f 826/826/826 825/825/825 827/827/827
f 830/830/830 829/829/829 828/828/828
f 833/833/833 832/832/832 831/831/831
f 836/836/836 835/835/835 834/834/834
f 839/839/839 838/838/838 837/837/837
f 842/842/842 841/841/841 840/840/840
f 840/840/840 841/841/841 843/843/843
f 846/846/846 845/845/845 844/844/844
f 844/844/844 845/845/845 847/847/847
f 850/850/850 849/849/849 848/848/848
f 848/848/848 849/849/849 851/851/851
f 854/854/854 853/853/853 852/852/852
f 852/852/852 853/853/853 855/855/855
f 858/858/858 857/857/857 856/856/856
f 857/857/857 858/858/858 859/859/859
f 862/862/862 861/861/861 860/860/860
f 860/860/860 861/861/861 863/863/863
f 866/866/866 865/865/865 864/864/864
f 864/864/864 865/865/865 867/867/867
f 870/870/870 869/869/869 868/868/868
f 868/868/868 869/869/869 871/871/871
f 874/874/874 873/873/873 872/872/872
f 872/872/872 873/873/873 875/875/875
f 878/878/878 877/877/877 876/876/876
f 876/876/876 877/877/877 879/879/879
f 882/882/882 881/881/881 880/880/880
f 880/880/880 881/881/881 883/883/883
f 886/886/886 885/885/885 884/884/884
f 884/884/884 885/885/885 887/887/887
f 890/890/890 889/889/889 888/888/888
f 891/891/891 888/888/888 889/889/889
f 894/894/894 893/893/893 892/892/892
f 892/892/892 893/893/893 895/895/895
f 898/898/898 897/897/897 896/896/896
f 897/897/897 898/898/898 899/899/899
f 902/902/902 901/901/901 900/900/900
f 900/900/900 901/901/901 903/903/903
f 906/906/906 905/905/905 904/904/904
f 904/904/904 905/905/905 907/907/907
f 910/910/910 909/909/909 908/908/908
f 908/908/908 909/909/909 911/911/911
f 914/914/914 913/913/913 912/912/912
f 912/912/912 913/913/913 915/915/915
f 918/918/918 917/917/917 916/916/916
f 916/916/916 917/917/917 919/919/919
f 922/922/922 921/921/921 920/920/920
f 920/920/920 921/921/921 923/923/923
f 926/926/926 925/925/925 924/924/924
f 924/924/924 925/925/925 927/927/927
f 930/930/930 929/929/929 928/928/928
f 928/928/928 929/929/929 931/931/931
f 934/934/934 933/933/933 932/932/932
f 932/932/932 933/933/933 935/935/935
f 938/938/938 937/937/937 936/936/936
f 937/937/937 938/938/938 939/939/939
f 940/940/940 939/939/939 938/938/938
f 941/941/941 939/939/939 940/940/940
f 944/944/944 943/943/943 942/942/942
f 942/942/942 943/943/943 945/945/945
f 948/948/948 947/947/947 946/946/946
f 946/946/946 947/947/947 949/949/949
f 952/952/952 951/951/951 950/950/950
f 950/950/950 951/951/951 953/953/953
f 956/956/956 955/955/955 954/954/954
f 954/954/954 955/955/955 957/957/957
f 960/960/960 959/959/959 958/958/958
f 958/958/958 959/959/959 961/961/961
f 964/964/964 963/963/963 962/962/962
f 962/962/962 963/963/963 965/965/965
f 968/968/968 967/967/967 966/966/966
f 966/966/966 967/967/967 969/969/969
f 972/972/972 971/971/971 970/970/970
f 970/970/970 971/971/971 973/973/973
f 976/976/976 975/975/975 974/974/974
f 976/976/976 974/974/974 977/977/977
f 980/980/980 979/979/979 978/978/978
f 981/981/981 978/978/978 979/979/979
f 984/984/984 983/983/983 982/982/982
f 985/985/985 983/983/983 984/984/984
f 986/986/986 985/985/985 984/984/984
f 987/987/987 985/985/985 986/986/986
f 990/990/990 989/989/989 988/988/988
f 991/991/991 990/990/990 988/988/988
f 992/992/992 991/991/991 988/988/988
f 993/993/993 991/991/991 992/992/992
f 996/996/996 995/995/995 994/994/994
f 995/995/995 996/996/996 997/997/997
f 1000/1000/1000 999/999/999 998/998/998
f 998/998/998 999/999/999 1001/1001/1001
f 1004/1004/1004 1003/1003/1003 1002/1002/1002
f 1002/1002/1002 1003/1003/1003 1005/1005/1005
f 1008/1008/1008 1007/1007/1007 1006/1006/1006
f 1009/1009/1009 1006/1006/1006 1007/1007/1007
f 1012/1012/1012 1011/1011/1011 1010/1010/1010
f 1010/1010/1010 1011/1011/1011 1013/1013/1013
f 1016/1016/1016 1015/1015/1015 1014/1014/1014
f 1014/1014/1014 1015/1015/1015 1017/1017/1017
f 1020/1020/1020 1019/1019/1019 1018/1018/1018
f 1019/1019/1019 1020/1020/1020 1021/1021/1021
f 1024/1024/1024 1023/1023/1023 1022/1022/1022
f 1022/1022/1022 1023/1023/1023 1025/1025/1025
f 1028/1028/1028 1027/1027/1027 1026/1026/1026
f 1026/1026/1026 1027/1027/1027 1029/1029/1029
f 1030/1030/1030 1029/1029/1029 1027/1027/1027
f 1033/1033/1033 1032/1032/1032 1031/1031/1031
f 1031/1031/1031 1032/1032/1032 1034/1034/1034
f 1037/1037/1037 1036/1036/1036 1035/1035/1035
f 1035/1035/1035 1036/1036/1036 1038/1038/1038
f 1041/1041/1041 1040/1040/1040 1039/1039/1039
f 1039/1039/1039 1040/1040/1040 1042/1042/1042
f 1045/1045/1045 1044/1044/1044 1043/1043/1043
f 1043/1043/1043 1044/1044/1044 1046/1046/1046
f 1049/1049/1049 1048/1048/1048 1047/1047/1047
f 1047/1047/1047 1048/1048/1048 1050/1050/1050
f 1053/1053/1053 1052/1052/1052 1051/1051/1051
f 1051/1051/1051 1052/1052/1052 1054/1054/1054
f 1057/1057/1057 1056/1056/1056 1055/1055/1055
f 1055/1055/1055 1056/1056/1056 1058/1058/1058
f 1061/1061/1061 1060/1060/1060 1059/1059/1059
f 1059/1059/1059 1060/1060/1060 1062/1062/1062
f 1065/1065/1065 1064/1064/1064 1063/1063/1063
f 1063/1063/1063 1064/1064/1064 1066/1066/1066
f 1069/1069/1069 1068/1068/1068 1067/1067/1067
f 1067/1067/1067 1068/1068/1068 1070/1070/1070
f 1073/1073/1073 1072/1072/1072 1071/1071/1071
f 1071/1071/1071 1072/1072/1072 1074/1074/1074
f 1077/1077/1077 1076/1076/1076 1075/1075/1075
f 1076/1076/1076 1077/1077/1077 1078/1078/1078
f 1081/1081/1081 1080/1080/1080 1079/1079/1079
f 1079/1079/1079 1080/1080/1080 1082/1082/1082
f 1085/1085/1085 1084/1084/1084 1083/1083/1083
f 1083/1083/1083 1084/1084/1084 1086/1086/1086
f 1089/1089/1089 1088/1088/1088 1087/1087/1087
f 1087/1087/1087 1088/1088/1088 1090/1090/1090
f 1093/1093/1093 1092/1092/1092 1091/1091/1091
f 1094/1094/1094 1091/1091/1091 1092/1092/1092
f 1097/1097/1097 1096/1096/1096 1095/1095/1095
f 1095/1095/1095 1096/1096/1096 1098/1098/1098
f 1101/1101/1101 1100/1100/1100 1099/1099/1099
f 1099/1099/1099 1100/1100/1100 1102/1102/1102
f 1105/1105/1105 1104/1104/1104 1103/1103/1103
f 1103/1103/1103 1104/1104/1104 1106/1106/1106
f 1109/1109/1109 1108/1108/1108 1107/1107/1107
f 1110/1110/1110 1107/1107/1107 1108/1108/1108
f 1111/1111/1111 1110/1110/1110 1108/1108/1108
f 1112/1112/1112 1110/1110/1110 1111/1111/1111
f 1115/1115/1115 1114/1114/1114 1113/1113/1113
f 1113/1113/1113 1114/1114/1114 1116/1116/1116
f 1119/1119/1119 1118/1118/1118 1117/1117/1117
f 1117/1117/1117 1118/1118/1118 1120/1120/1120
f 1123/1123/1123 1122/1122/1122 1121/1121/1121
f 1124/1124/1124 1121/1121/1121 1122/1122/1122
f 1127/1127/1127 1126/1126/1126 1125/1125/1125
f 1128/1128/1128 1125/1125/1125 1126/1126/1126
f 1129/1129/1129 1128/1128/1128 1126/1126/1126
f 1130/1130/1130 1128/1128/1128 1129/1129/1129
f 1133/1133/1133 1132/1132/1132 1131/1131/1131
f 1134/1134/1134 1131/1131/1131 1132/1132/1132
f 1137/1137/1137 1136/1136/1136 1135/1135/1135
f 1136/1136/1136 1137/1137/1137 1138/1138/1138
f 1140/1140/1140 1139/1139/1139 1138/1138/1138
f 1139/1139/1139 1141/1141/1141 1138/1138/1138
f 1142/1142/1142 1136/1136/1136 1141/1141/1141
f 1143/1143/1143 1142/1142/1142 1141/1141/1141
f 1145/1145/1145 1137/1137/1137 1144/1144/1144
f 1146/1146/1146 1137/1137/1137 1145/1145/1145
f 1149/1149/1149 1148/1148/1148 1147/1147/1147
f 1148/1148/1148 1149/1149/1149 1150/1150/1150
f 1153/1153/1153 1152/1152/1152 1151/1151/1151
f 1151/1151/1151 1152/1152/1152 1154/1154/1154
f 1157/1157/1157 1156/1156/1156 1155/1155/1155
f 1155/1155/1155 1156/1156/1156 1158/1158/1158
f 1161/1161/1161 1160/1160/1160 1159/1159/1159
f 1159/1159/1159 1160/1160/1160 1162/1162/1162
f 1165/1165/1165 1164/1164/1164 1163/1163/1163
f 1163/1163/1163 1164/1164/1164 1166/1166/1166
f 1169/1169/1169 1168/1168/1168 1167/1167/1167
f 1167/1167/1167 1168/1168/1168 1170/1170/1170
f 1173/1173/1173 1172/1172/1172 1171/1171/1171
f 1171/1171/1171 1172/1172/1172 1174/1174/1174
f 1177/1177/1177 1176/1176/1176 1175/1175/1175
f 1175/1175/1175 1176/1176/1176 1178/1178/1178
f 1181/1181/1181 1180/1180/1180 1179/1179/1179
f 1180/1180/1180 1181/1181/1181 1182/1182/1182
f 1185/1185/1185 1184/1184/1184 1183/1183/1183
f 1183/1183/1183 1184/1184/1184 1186/1186/1186
f 1189/1189/1189 1188/1188/1188 1187/1187/1187
f 1190/1190/1190 1187/1187/1187 1188/1188/1188
f 1193/1193/1193 1192/1192/1192 1191/1191/1191
f 1191/1191/1191 1192/1192/1192 1194/1194/1194
f 1197/1197/1197 1196/1196/1196 1195/1195/1195
f 1198/1198/1198 1195/1195/1195 1196/1196/1196
f 1195/1195/1195 1198/1198/1198 1199/1199/1199
f 1202/1202/1202 1201/1201/1201 1200/1200/1200
f 1200/1200/1200 1201/1201/1201 1203/1203/1203
f 1206/1206/1206 1205/1205/1205 1204/1204/1204
f 1207/1207/1207 1204/1204/1204 1205/1205/1205
f 1204/1204/1204 1207/1207/1207 1208/1208/1208
f 1211/1211/1211 1210/1210/1210 1209/1209/1209
f 1209/1209/1209 1210/1210/1210 1212/1212/1212
f 1215/1215/1215 1214/1214/1214 1213/1213/1213
f 1213/1213/1213 1214/1214/1214 1216/1216/1216
f 1219/1219/1219 1218/1218/1218 1217/1217/1217
f 1217/1217/1217 1218/1218/1218 1220/1220/1220
f 1223/1223/1223 1222/1222/1222 1221/1221/1221
f 1221/1221/1221 1222/1222/1222 1224/1224/1224
f 1227/1227/1227 1226/1226/1226 1225/1225/1225
f 1228/1228/1228 1225/1225/1225 1226/1226/1226
f 1225/1225/1225 1228/1228/1228 1229/1229/1229
f 1232/1232/1232 1231/1231/1231 1230/1230/1230
f 1230/1230/1230 1231/1231/1231 1233/1233/1233
f 1236/1236/1236 1235/1235/1235 1234/1234/1234
f 1234/1234/1234 1235/1235/1235 1237/1237/1237
f 1240/1240/1240 1239/1239/1239 1238/1238/1238
f 1238/1238/1238 1239/1239/1239 1241/1241/1241
f 1244/1244/1244 1243/1243/1243 1242/1242/1242
f 1242/1242/1242 1243/1243/1243 1245/1245/1245
f 1246/1246/1246 1245/1245/1245 1243/1243/1243
f 1249/1249/1249 1248/1248/1248 1247/1247/1247
f 1247/1247/1247 1248/1248/1248 1250/1250/1250
f 1253/1253/1253 1252/1252/1252 1251/1251/1251
f 1251/1251/1251 1252/1252/1252 1254/1254/1254
f 1257/1257/1257 1256/1256/1256 1255/1255/1255
f 1256/1256/1256 1257/1257/1257 1258/1258/1258
f 1261/1261/1261 1260/1260/1260 1259/1259/1259
f 1259/1259/1259 1260/1260/1260 1262/1262/1262
f 1265/1265/1265 1264/1264/1264 1263/1263/1263
f 1263/1263/1263 1264/1264/1264 1266/1266/1266
f 1269/1269/1269 1268/1268/1268 1267/1267/1267
f 1267/1267/1267 1268/1268/1268 1270/1270/1270
f 1273/1273/1273 1272/1272/1272 1271/1271/1271
f 1271/1271/1271 1272/1272/1272 1274/1274/1274
f 1277/1277/1277 1276/1276/1276 1275/1275/1275
f 1275/1275/1275 1276/1276/1276 1278/1278/1278
f 1281/1281/1281 1280/1280/1280 1279/1279/1279
f 1280/1280/1280 1281/1281/1281 1282/1282/1282
f 1283/1283/1283 1282/1282/1282 1281/1281/1281
f 1284/1284/1284 1282/1282/1282 1283/1283/1283
f 1287/1287/1287 1286/1286/1286 1285/1285/1285
f 1285/1285/1285 1286/1286/1286 1288/1288/1288
f 1291/1291/1291 1290/1290/1290 1289/1289/1289
f 1289/1289/1289 1290/1290/1290 1292/1292/1292
f 1295/1295/1295 1294/1294/1294 1293/1293/1293
f 1293/1293/1293 1294/1294/1294 1296/1296/1296
f 1299/1299/1299 1298/1298/1298 1297/1297/1297
f 1297/1297/1297 1298/1298/1298 1300/1300/1300
f 1303/1303/1303 1302/1302/1302 1301/1301/1301
f 1301/1301/1301 1302/1302/1302 1304/1304/1304
f 1307/1307/1307 1306/1306/1306 1305/1305/1305
f 1305/1305/1305 1306/1306/1306 1308/1308/1308
f 1311/1311/1311 1310/1310/1310 1309/1309/1309
f 1309/1309/1309 1310/1310/1310 1312/1312/1312
f 1315/1315/1315 1314/1314/1314 1313/1313/1313
f 1313/1313/1313 1314/1314/1314 1316/1316/1316
f 1319/1319/1319 1318/1318/1318 1317/1317/1317
f 1317/1317/1317 1318/1318/1318 1320/1320/1320
f 1323/1323/1323 1322/1322/1322 1321/1321/1321
f 1321/1321/1321 1322/1322/1322 1324/1324/1324
f 1327/1327/1327 1326/1326/1326 1325/1325/1325
f 1325/1325/1325 1326/1326/1326 1328/1328/1328
f 1331/1331/1331 1330/1330/1330 1329/1329/1329
f 1329/1329/1329 1330/1330/1330 1332/1332/1332
f 1335/1335/1335 1334/1334/1334 1333/1333/1333
f 1333/1333/1333 1334/1334/1334 1336/1336/1336
f 1339/1339/1339 1338/1338/1338 1337/1337/1337
f 1337/1337/1337 1338/1338/1338 1340/1340/1340
f 1343/1343/1343 1342/1342/1342 1341/1341/1341
f 1341/1341/1341 1342/1342/1342 1344/1344/1344
f 1347/1347/1347 1346/1346/1346 1345/1345/1345
f 1345/1345/1345 1346/1346/1346 1348/1348/1348
f 1351/1351/1351 1350/1350/1350 1349/1349/1349
f 1349/1349/1349 1350/1350/1350 1352/1352/1352
f 1355/1355/1355 1354/1354/1354 1353/1353/1353
f 1353/1353/1353 1354/1354/1354 1356/1356/1356
f 1359/1359/1359 1358/1358/1358 1357/1357/1357
f 1357/1357/1357 1358/1358/1358 1360/1360/1360
f 1363/1363/1363 1362/1362/1362 1361/1361/1361
f 1361/1361/1361 1362/1362/1362 1364/1364/1364
f 1367/1367/1367 1366/1366/1366 1365/1365/1365
f 1365/1365/1365 1366/1366/1366 1368/1368/1368
f 1371/1371/1371 1370/1370/1370 1369/1369/1369
f 1369/1369/1369 1370/1370/1370 1372/1372/1372
f 1375/1375/1375 1374/1374/1374 1373/1373/1373
f 1373/1373/1373 1374/1374/1374 1376/1376/1376
f 1379/1379/1379 1378/1378/1378 1377/1377/1377
f 1377/1377/1377 1378/1378/1378 1380/1380/1380
f 1383/1383/1383 1382/1382/1382 1381/1381/1381
f 1381/1381/1381 1382/1382/1382 1384/1384/1384
f 1387/1387/1387 1386/1386/1386 1385/1385/1385
f 1385/1385/1385 1386/1386/1386 1388/1388/1388
f 1391/1391/1391 1390/1390/1390 1389/1389/1389
f 1392/1392/1392 1391/1391/1391 1389/1389/1389
f 1395/1395/1395 1394/1394/1394 1393/1393/1393
f 1393/1393/1393 1394/1394/1394 1396/1396/1396
f 1399/1399/1399 1398/1398/1398 1397/1397/1397
f 1398/1398/1398 1399/1399/1399 1400/1400/1400
f 1401/1401/1401 1400/1400/1400 1399/1399/1399
f 1402/1402/1402 1400/1400/1400 1401/1401/1401
f 1405/1405/1405 1404/1404/1404 1403/1403/1403
f 1403/1403/1403 1404/1404/1404 1406/1406/1406
f 1409/1409/1409 1408/1408/1408 1407/1407/1407
f 1408/1408/1408 1409/1409/1409 1410/1410/1410
f 1411/1411/1411 1410/1410/1410 1409/1409/1409
f 1412/1412/1412 1410/1410/1410 1411/1411/1411
f 1415/1415/1415 1414/1414/1414 1413/1413/1413
f 1413/1413/1413 1414/1414/1414 1416/1416/1416
f 1419/1419/1419 1418/1418/1418 1417/1417/1417
f 1417/1417/1417 1418/1418/1418 1420/1420/1420
f 1423/1423/1423 1422/1422/1422 1421/1421/1421
f 1421/1421/1421 1422/1422/1422 1424/1424/1424
f 1427/1427/1427 1426/1426/1426 1425/1425/1425
f 1425/1425/1425 1426/1426/1426 1428/1428/1428
f 1431/1431/1431 1430/1430/1430 1429/1429/1429
f 1429/1429/1429 1430/1430/1430 1432/1432/1432
f 1435/1435/1435 1434/1434/1434 1433/1433/1433
f 1433/1433/1433 1434/1434/1434 1436/1436/1436
f 1439/1439/1439 1438/1438/1438 1437/1437/1437
f 1440/1440/1440 1438/1438/1438 1439/1439/1439
f 1443/1443/1443 1442/1442/1442 1441/1441/1441
f 1441/1441/1441 1442/1442/1442 1444/1444/1444
f 1447/1447/1447 1446/1446/1446 1445/1445/1445
f 1445/1445/1445 1446/1446/1446 1448/1448/1448
f 1451/1451/1451 1450/1450/1450 1449/1449/1449
f 1449/1449/1449 1450/1450/1450 1452/1452/1452
f 1455/1455/1455 1454/1454/1454 1453/1453/1453
f 1453/1453/1453 1454/1454/1454 1456/1456/1456
f 1459/1459/1459 1458/1458/1458 1457/1457/1457
f 1457/1457/1457 1458/1458/1458 1460/1460/1460
f 1463/1463/1463 1462/1462/1462 1461/1461/1461
f 1461/1461/1461 1462/1462/1462 1464/1464/1464
f 1467/1467/1467 1466/1466/1466 1465/1465/1465
f 1465/1465/1465 1466/1466/1466 1468/1468/1468
f 1471/1471/1471 1470/1470/1470 1469/1469/1469
f 1469/1469/1469 1470/1470/1470 1472/1472/1472
f 1475/1475/1475 1474/1474/1474 1473/1473/1473
f 1473/1473/1473 1474/1474/1474 1476/1476/1476
f 1479/1479/1479 1478/1478/1478 1477/1477/1477
f 1477/1477/1477 1478/1478/1478 1480/1480/1480
f 1483/1483/1483 1482/1482/1482 1481/1481/1481
f 1481/1481/1481 1482/1482/1482 1484/1484/1484
f 1487/1487/1487 1486/1486/1486 1485/1485/1485
f 1485/1485/1485 1486/1486/1486 1488/1488/1488
f 1491/1491/1491 1490/1490/1490 1489/1489/1489
f 1490/1490/1490 1491/1491/1491 1492/1492/1492
f 1493/1493/1493 1492/1492/1492 1491/1491/1491
f 1494/1494/1494 1492/1492/1492 1493/1493/1493
f 1497/1497/1497 1496/1496/1496 1495/1495/1495
f 1495/1495/1495 1496/1496/1496 1498/1498/1498
f 1501/1501/1501 1500/1500/1500 1499/1499/1499
f 1499/1499/1499 1500/1500/1500 1502/1502/1502
f 1505/1505/1505 1504/1504/1504 1503/1503/1503
f 1506/1506/1506 1503/1503/1503 1504/1504/1504
f 1509/1509/1509 1508/1508/1508 1507/1507/1507
f 1507/1507/1507 1508/1508/1508 1510/1510/1510
f 1513/1513/1513 1512/1512/1512 1511/1511/1511
f 1511/1511/1511 1512/1512/1512 1514/1514/1514
f 1517/1517/1517 1516/1516/1516 1515/1515/1515
f 1515/1515/1515 1516/1516/1516 1518/1518/1518
f 1521/1521/1521 1520/1520/1520 1519/1519/1519
f 1519/1519/1519 1520/1520/1520 1522/1522/1522
f 1525/1525/1525 1524/1524/1524 1523/1523/1523
f 1523/1523/1523 1524/1524/1524 1526/1526/1526
f 1529/1529/1529 1528/1528/1528 1527/1527/1527
f 1528/1528/1528 1529/1529/1529 1530/1530/1530
f 1533/1533/1533 1532/1532/1532 1531/1531/1531
f 1531/1531/1531 1532/1532/1532 1534/1534/1534
f 1537/1537/1537 1536/1536/1536 1535/1535/1535
f 1535/1535/1535 1536/1536/1536 1538/1538/1538
f 1541/1541/1541 1540/1540/1540 1539/1539/1539
f 1539/1539/1539 1540/1540/1540 1542/1542/1542
f 1545/1545/1545 1544/1544/1544 1543/1543/1543
f 1543/1543/1543 1544/1544/1544 1546/1546/1546
f 1549/1549/1549 1548/1548/1548 1547/1547/1547
f 1547/1547/1547 1548/1548/1548 1550/1550/1550
f 1553/1553/1553 1552/1552/1552 1551/1551/1551
f 1554/1554/1554 1551/1551/1551 1552/1552/1552
f 1557/1557/1557 1556/1556/1556 1555/1555/1555
f 1556/1556/1556 1557/1557/1557 1558/1558/1558
f 1561/1561/1561 1560/1560/1560 1559/1559/1559
f 1559/1559/1559 1560/1560/1560 1562/1562/1562
f 1565/1565/1565 1564/1564/1564 1563/1563/1563
f 1563/1563/1563 1564/1564/1564 1566/1566/1566
f 1569/1569/1569 1568/1568/1568 1567/1567/1567
f 1567/1567/1567 1568/1568/1568 1570/1570/1570
f 1573/1573/1573 1572/1572/1572 1571/1571/1571
f 1574/1574/1574 1572/1572/1572 1573/1573/1573
f 1577/1577/1577 1576/1576/1576 1575/1575/1575
f 1575/1575/1575 1576/1576/1576 1578/1578/1578
f 1581/1581/1581 1580/1580/1580 1579/1579/1579
f 1580/1580/1580 1581/1581/1581 1582/1582/1582
f 1585/1585/1585 1584/1584/1584 1583/1583/1583
f 1583/1583/1583 1584/1584/1584 1586/1586/1586
f 1589/1589/1589 1588/1588/1588 1587/1587/1587
f 1587/1587/1587 1588/1588/1588 1590/1590/1590
f 1593/1593/1593 1592/1592/1592 1591/1591/1591
f 1591/1591/1591 1592/1592/1592 1594/1594/1594
f 1597/1597/1597 1596/1596/1596 1595/1595/1595
f 1595/1595/1595 1596/1596/1596 1598/1598/1598
f 1601/1601/1601 1600/1600/1600 1599/1599/1599
f 1599/1599/1599 1600/1600/1600 1602/1602/1602
f 1605/1605/1605 1604/1604/1604 1603/1603/1603
f 1603/1603/1603 1604/1604/1604 1606/1606/1606
f 1609/1609/1609 1608/1608/1608 1607/1607/1607
f 1607/1607/1607 1608/1608/1608 1610/1610/1610
f 1613/1613/1613 1612/1612/1612 1611/1611/1611
f 1614/1614/1614 1613/1613/1613 1611/1611/1611
f 1617/1617/1617 1616/1616/1616 1615/1615/1615
f 1615/1615/1615 1616/1616/1616 1618/1618/1618
f 1621/1621/1621 1620/1620/1620 1619/1619/1619
f 1619/1619/1619 1620/1620/1620 1622/1622/1622
f 1625/1625/1625 1624/1624/1624 1623/1623/1623
f 1623/1623/1623 1624/1624/1624 1626/1626/1626
f 1629/1629/1629 1628/1628/1628 1627/1627/1627
f 1628/1628/1628 1629/1629/1629 1630/1630/1630
f 1633/1633/1633 1632/1632/1632 1631/1631/1631
f 1632/1632/1632 1633/1633/1633 1634/1634/1634
f 1637/1637/1637 1636/1636/1636 1635/1635/1635
f 1635/1635/1635 1636/1636/1636 1638/1638/1638
f 1641/1641/1641 1640/1640/1640 1639/1639/1639
f 1639/1639/1639 1640/1640/1640 1642/1642/1642
f 1645/1645/1645 1644/1644/1644 1643/1643/1643
f 1643/1643/1643 1644/1644/1644 1646/1646/1646
f 1649/1649/1649 1648/1648/1648 1647/1647/1647
f 1647/1647/1647 1648/1648/1648 1650/1650/1650
f 1653/1653/1653 1652/1652/1652 1651/1651/1651
f 1651/1651/1651 1652/1652/1652 1654/1654/1654
f 1657/1657/1657 1656/1656/1656 1655/1655/1655
f 1655/1655/1655 1656/1656/1656 1658/1658/1658
f 1661/1661/1661 1660/1660/1660 1659/1659/1659
f 1659/1659/1659 1660/1660/1660 1662/1662/1662
f 1665/1665/1665 1664/1664/1664 1663/1663/1663
f 1663/1663/1663 1664/1664/1664 1666/1666/1666
f 1669/1669/1669 1668/1668/1668 1667/1667/1667
f 1667/1667/1667 1668/1668/1668 1670/1670/1670
f 1673/1673/1673 1672/1672/1672 1671/1671/1671
f 1672/1672/1672 1673/1673/1673 1674/1674/1674
f 1677/1677/1677 1676/1676/1676 1675/1675/1675
f 1675/1675/1675 1676/1676/1676 1678/1678/1678
f 1681/1681/1681 1680/1680/1680 1679/1679/1679
f 1679/1679/1679 1680/1680/1680 1682/1682/1682
f 1685/1685/1685 1684/1684/1684 1683/1683/1683
f 1683/1683/1683 1684/1684/1684 1686/1686/1686
f 1689/1689/1689 1688/1688/1688 1687/1687/1687
f 1687/1687/1687 1688/1688/1688 1690/1690/1690
f 1693/1693/1693 1692/1692/1692 1691/1691/1691
f 1692/1692/1692 1693/1693/1693 1694/1694/1694
f 1697/1697/1697 1696/1696/1696 1695/1695/1695
f 1695/1695/1695 1696/1696/1696 1698/1698/1698
f 1701/1701/1701 1700/1700/1700 1699/1699/1699
f 1699/1699/1699 1700/1700/1700 1702/1702/1702
f 1705/1705/1705 1704/1704/1704 1703/1703/1703
f 1704/1704/1704 1705/1705/1705 1706/1706/1706
f 1709/1709/1709 1708/1708/1708 1707/1707/1707
f 1707/1707/1707 1708/1708/1708 1710/1710/1710
f 1713/1713/1713 1712/1712/1712 1711/1711/1711
f 1711/1711/1711 1712/1712/1712 1714/1714/1714
f 1717/1717/1717 1716/1716/1716 1715/1715/1715
f 1715/1715/1715 1716/1716/1716 1718/1718/1718
f 1721/1721/1721 1720/1720/1720 1719/1719/1719
f 1719/1719/1719 1720/1720/1720 1722/1722/1722
f 1725/1725/1725 1724/1724/1724 1723/1723/1723
f 1724/1724/1724 1725/1725/1725 1726/1726/1726
f 1729/1729/1729 1728/1728/1728 1727/1727/1727
f 1727/1727/1727 1728/1728/1728 1730/1730/1730
f 1733/1733/1733 1732/1732/1732 1731/1731/1731
f 1731/1731/1731 1732/1732/1732 1734/1734/1734
f 1737/1737/1737 1736/1736/1736 1735/1735/1735
f 1736/1736/1736 1737/1737/1737 1738/1738/1738
f 1741/1741/1741 1740/1740/1740 1739/1739/1739
f 1739/1739/1739 1740/1740/1740 1742/1742/1742
f 1745/1745/1745 1744/1744/1744 1743/1743/1743
f 1743/1743/1743 1744/1744/1744 1746/1746/1746
f 1749/1749/1749 1748/1748/1748 1747/1747/1747
f 1748/1748/1748 1749/1749/1749 1750/1750/1750
f 1753/1753/1753 1752/1752/1752 1751/1751/1751
f 1751/1751/1751 1752/1752/1752 1754/1754/1754
f 1757/1757/1757 1756/1756/1756 1755/1755/1755
f 1755/1755/1755 1756/1756/1756 1758/1758/1758
f 1761/1761/1761 1760/1760/1760 1759/1759/1759
f 1759/1759/1759 1760/1760/1760 1762/1762/1762
f 1765/1765/1765 1764/1764/1764 1763/1763/1763
f 1763/1763/1763 1764/1764/1764 1766/1766/1766
f 1769/1769/1769 1768/1768/1768 1767/1767/1767
f 1768/1768/1768 1769/1769/1769 1770/1770/1770
f 1773/1773/1773 1772/1772/1772 1771/1771/1771
f 1772/1772/1772 1773/1773/1773 1774/1774/1774
f 1775/1775/1775 1774/1774/1774 1773/1773/1773
f 1776/1776/1776 1774/1774/1774 1775/1775/1775
f 1779/1779/1779 1778/1778/1778 1777/1777/1777
f 1777/1777/1777 1778/1778/1778 1780/1780/1780
f 1783/1783/1783 1782/1782/1782 1781/1781/1781
f 1781/1781/1781 1782/1782/1782 1784/1784/1784
f 1787/1787/1787 1786/1786/1786 1785/1785/1785
f 1785/1785/1785 1786/1786/1786 1788/1788/1788
f 1791/1791/1791 1790/1790/1790 1789/1789/1789
f 1789/1789/1789 1790/1790/1790 1792/1792/1792
f 1795/1795/1795 1794/1794/1794 1793/1793/1793
f 1793/1793/1793 1794/1794/1794 1796/1796/1796
f 1799/1799/1799 1798/1798/1798 1797/1797/1797
f 1797/1797/1797 1798/1798/1798 1800/1800/1800
f 1803/1803/1803 1802/1802/1802 1801/1801/1801
f 1801/1801/1801 1802/1802/1802 1804/1804/1804
f 1807/1807/1807 1806/1806/1806 1805/1805/1805
f 1806/1806/1806 1807/1807/1807 1808/1808/1808
f 1811/1811/1811 1810/1810/1810 1809/1809/1809
f 1809/1809/1809 1810/1810/1810 1812/1812/1812
f 1815/1815/1815 1814/1814/1814 1813/1813/1813
f 1814/1814/1814 1815/1815/1815 1816/1816/1816
f 1817/1817/1817 1816/1816/1816 1815/1815/1815
f 1818/1818/1818 1816/1816/1816 1817/1817/1817
f 1821/1821/1821 1820/1820/1820 1819/1819/1819
f 1819/1819/1819 1820/1820/1820 1822/1822/1822
f 1825/1825/1825 1824/1824/1824 1823/1823/1823
f 1825/1825/1825 1826/1826/1826 1824/1824/1824
f 1827/1827/1827 1824/1824/1824 1826/1826/1826
f 1824/1824/1824 1827/1827/1827 1828/1828/1828
f 1829/1829/1829 1828/1828/1828 1827/1827/1827
f 1832/1832/1832 1831/1831/1831 1830/1830/1830
f 1830/1830/1830 1831/1831/1831 1833/1833/1833
f 1831/1831/1831 1834/1834/1834 1833/1833/1833
f 1836/1836/1836 1835/1835/1835 1834/1834/1834
f 1837/1837/1837 1835/1835/1835 1836/1836/1836
f 1840/1840/1840 1839/1839/1839 1838/1838/1838
f 1838/1838/1838 1839/1839/1839 1841/1841/1841
f 1844/1844/1844 1843/1843/1843 1842/1842/1842
f 1845/1845/1845 1843/1843/1843 1844/1844/1844
f 1848/1848/1848 1847/1847/1847 1846/1846/1846
f 1849/1849/1849 1847/1847/1847 1848/1848/1848
f 1852/1852/1852 1851/1851/1851 1850/1850/1850
f 1852/1852/1852 1853/1853/1853 1851/1851/1851
f 1854/1854/1854 1851/1851/1851 1853/1853/1853
f 1855/1855/1855 1851/1851/1851 1854/1854/1854
f 1858/1858/1858 1857/1857/1857 1856/1856/1856
f 1856/1856/1856 1857/1857/1857 1859/1859/1859
f 1857/1857/1857 1860/1860/1860 1859/1859/1859
f 1859/1859/1859 1860/1860/1860 1861/1861/1861
f 1864/1864/1864 1863/1863/1863 1862/1862/1862
f 1865/1865/1865 1862/1862/1862 1863/1863/1863
f 1868/1868/1868 1867/1867/1867 1866/1866/1866
f 1868/1868/1868 1869/1869/1869 1867/1867/1867
f 1872/1872/1872 1871/1871/1871 1870/1870/1870
f 1870/1870/1870 1871/1871/1871 1873/1873/1873
f 1871/1871/1871 1874/1874/1874 1873/1873/1873
f 1873/1873/1873 1874/1874/1874 1875/1875/1875
f 1878/1878/1878 1877/1877/1877 1876/1876/1876
f 1876/1876/1876 1877/1877/1877 1879/1879/1879
f 1881/1881/1881 1880/1880/1880 1877/1877/1877
f 1880/1880/1880 1881/1881/1881 1882/1882/1882
f 1883/1883/1883 1880/1880/1880 1882/1882/1882
f 1884/1884/1884 1882/1882/1882 1881/1881/1881
f 1885/1885/1885 1882/1882/1882 1884/1884/1884
f 1888/1888/1888 1887/1887/1887 1886/1886/1886
f 1888/1888/1888 1889/1889/1889 1887/1887/1887
f 1892/1892/1892 1891/1891/1891 1890/1890/1890
f 1893/1893/1893 1891/1891/1891 1892/1892/1892
f 1896/1896/1896 1895/1895/1895 1894/1894/1894
f 1895/1895/1895 1897/1897/1897 1894/1894/1894
f 1900/1900/1900 1899/1899/1899 1898/1898/1898
f 1898/1898/1898 1899/1899/1899 1901/1901/1901
f 1899/1899/1899 1902/1902/1902 1901/1901/1901
f 1901/1901/1901 1902/1902/1902 1903/1903/1903
f 1904/1904/1904 1903/1903/1903 1902/1902/1902
f 1905/1905/1905 1903/1903/1903 1904/1904/1904
f 1908/1908/1908 1907/1907/1907 1906/1906/1906
f 1909/1909/1909 1906/1906/1906 1907/1907/1907
f 1912/1912/1912 1911/1911/1911 1910/1910/1910
f 1912/1912/1912 1913/1913/1913 1911/1911/1911
f 1915/1915/1915 1914/1914/1914 1913/1913/1913
f 1917/1917/1917 1916/1916/1916 1915/1915/1915
f 1918/1918/1918 1916/1916/1916 1917/1917/1917
f 1919/1919/1919 1916/1916/1916 1918/1918/1918
f 1920/1920/1920 1916/1916/1916 1919/1919/1919
f 1923/1923/1923 1922/1922/1922 1921/1921/1921
f 1922/1922/1922 1924/1924/1924 1921/1921/1921
f 1926/1926/1926 1924/1924/1924 1925/1925/1925
f 1925/1925/1925 1924/1924/1924 1927/1927/1927
f 1921/1921/1921 1929/1929/1929 1928/1928/1928
f 1929/1929/1929 1921/1921/1921 1930/1930/1930
f 1932/1932/1932 1931/1931/1931 1929/1929/1929
f 1933/1933/1933 1931/1931/1931 1932/1932/1932
f 1935/1935/1935 1931/1931/1931 1934/1934/1934
f 1935/1935/1935 1934/1934/1934 1936/1936/1936
f 1938/1938/1938 1936/1936/1936 1937/1937/1937
f 1937/1937/1937 1936/1936/1936 1939/1939/1939
f 1942/1942/1942 1941/1941/1941 1940/1940/1940
f 1941/1941/1941 1943/1943/1943 1940/1940/1940
f 1946/1946/1946 1945/1945/1945 1944/1944/1944
f 1946/1946/1946 1947/1947/1947 1945/1945/1945
f 1950/1950/1950 1949/1949/1949 1948/1948/1948
f 1951/1951/1951 1948/1948/1948 1949/1949/1949
f 1954/1954/1954 1953/1953/1953 1952/1952/1952
f 1953/1953/1953 1955/1955/1955 1952/1952/1952
f 1958/1958/1958 1957/1957/1957 1956/1956/1956
f 1956/1956/1956 1957/1957/1957 1959/1959/1959
f 1962/1962/1962 1961/1961/1961 1960/1960/1960
f 1963/1963/1963 1960/1960/1960 1961/1961/1961
f 1966/1966/1966 1965/1965/1965 1964/1964/1964
f 1966/1966/1966 1967/1967/1967 1965/1965/1965
f 1970/1970/1970 1969/1969/1969 1968/1968/1968
f 1968/1968/1968 1969/1969/1969 1971/1971/1971
f 1969/1969/1969 1972/1972/1972 1971/1971/1971
f 1973/1973/1973 1971/1971/1971 1972/1972/1972
f 1976/1976/1976 1975/1975/1975 1974/1974/1974
f 1977/1977/1977 1975/1975/1975 1976/1976/1976
f 1980/1980/1980 1979/1979/1979 1978/1978/1978
f 1979/1979/1979 1981/1981/1981 1978/1978/1978
f 1984/1984/1984 1983/1983/1983 1982/1982/1982
f 1985/1985/1985 1984/1984/1984 1982/1982/1982
f 1988/1988/1988 1987/1987/1987 1986/1986/1986
f 1989/1989/1989 1986/1986/1986 1987/1987/1987
f 1992/1992/1992 1991/1991/1991 1990/1990/1990
f 1993/1993/1993 1991/1991/1991 1992/1992/1992
f 1996/1996/1996 1995/1995/1995 1994/1994/1994
f 1996/1996/1996 1997/1997/1997 1995/1995/1995
f 2000/2000/2000 1999/1999/1999 1998/1998/1998
f 1998/1998/1998 1999/1999/1999 2001/2001/2001
f 1999/1999/1999 2002/2002/2002 2001/2001/2001
f 2003/2003/2003 2001/2001/2001 2002/2002/2002
f 2006/2006/2006 2005/2005/2005 2004/2004/2004
f 2006/2006/2006 2007/2007/2007 2005/2005/2005
f 2009/2009/2009 2008/2008/2008 2007/2007/2007
f 2011/2011/2011 2010/2010/2010 2009/2009/2009
f 2012/2012/2012 2010/2010/2010 2011/2011/2011
f 2015/2015/2015 2014/2014/2014 2013/2013/2013
f 2016/2016/2016 2014/2014/2014 2015/2015/2015
f 2019/2019/2019 2018/2018/2018 2017/2017/2017
f 2020/2020/2020 2017/2017/2017 2018/2018/2018
f 2023/2023/2023 2022/2022/2022 2021/2021/2021
f 2024/2024/2024 2022/2022/2022 2023/2023/2023
f 2027/2027/2027 2026/2026/2026 2025/2025/2025
f 2026/2026/2026 2028/2028/2028 2025/2025/2025
f 2031/2031/2031 2030/2030/2030 2029/2029/2029
f 2029/2029/2029 2030/2030/2030 2032/2032/2032
f 2030/2030/2030 2033/2033/2033 2032/2032/2032
f 2034/2034/2034 2032/2032/2032 2033/2033/2033
f 2035/2035/2035 2034/2034/2034 2033/2033/2033
f 2034/2034/2034 2036/2036/2036 2032/2032/2032
f 2032/2032/2032 2036/2036/2036 2037/2037/2037
f 2039/2039/2039 2038/2038/2038 2036/2036/2036
f 2040/2040/2040 2038/2038/2038 2039/2039/2039
f 2043/2043/2043 2042/2042/2042 2041/2041/2041
f 2043/2043/2043 2044/2044/2044 2042/2042/2042
f 2046/2046/2046 2045/2045/2045 2044/2044/2044
f 2048/2048/2048 2047/2047/2047 2046/2046/2046
f 2049/2049/2049 2047/2047/2047 2048/2048/2048
f 2050/2050/2050 2047/2047/2047 2049/2049/2049
f 2053/2053/2053 2052/2052/2052 2051/2051/2051
f 2051/2051/2051 2052/2052/2052 2054/2054/2054
f 2057/2057/2057 2056/2056/2056 2055/2055/2055
f 2058/2058/2058 2056/2056/2056 2057/2057/2057
f 2061/2061/2061 2060/2060/2060 2059/2059/2059
f 2062/2062/2062 2060/2060/2060 2061/2061/2061
f 2065/2065/2065 2064/2064/2064 2063/2063/2063
f 2063/2063/2063 2064/2064/2064 2066/2066/2066
f 2064/2064/2064 2067/2067/2067 2066/2066/2066
f 2066/2066/2066 2067/2067/2067 2068/2068/2068
f 2070/2070/2070 2068/2068/2068 2069/2069/2069
f 2070/2070/2070 2071/2071/2071 2068/2068/2068
f 2072/2072/2072 2071/2071/2071 2070/2070/2070
f 2075/2075/2075 2074/2074/2074 2073/2073/2073
f 2073/2073/2073 2074/2074/2074 2076/2076/2076
f 2079/2079/2079 2078/2078/2078 2077/2077/2077
f 2077/2077/2077 2078/2078/2078 2080/2080/2080
f 2082/2082/2082 2080/2080/2080 2081/2081/2081
f 2082/2082/2082 2081/2081/2081 2083/2083/2083
f 2086/2086/2086 2085/2085/2085 2084/2084/2084
f 2085/2085/2085 2087/2087/2087 2084/2084/2084
f 2090/2090/2090 2089/2089/2089 2088/2088/2088
f 2090/2090/2090 2091/2091/2091 2089/2089/2089
f 2094/2094/2094 2093/2093/2093 2092/2092/2092
f 2093/2093/2093 2095/2095/2095 2092/2092/2092
f 2098/2098/2098 2097/2097/2097 2096/2096/2096
f 2099/2099/2099 2096/2096/2096 2097/2097/2097
f 2102/2102/2102 2101/2101/2101 2100/2100/2100
f 2103/2103/2103 2100/2100/2100 2101/2101/2101
f 2106/2106/2106 2105/2105/2105 2104/2104/2104
f 2107/2107/2107 2104/2104/2104 2105/2105/2105
f 2108/2108/2108 2107/2107/2107 2105/2105/2105
f 2111/2111/2111 2110/2110/2110 2109/2109/2109
f 2110/2110/2110 2112/2112/2112 2109/2109/2109
f 2115/2115/2115 2114/2114/2114 2113/2113/2113
f 2113/2113/2113 2114/2114/2114 2116/2116/2116
f 2119/2119/2119 2118/2118/2118 2117/2117/2117
f 2118/2118/2118 2119/2119/2119 2120/2120/2120
f 2121/2121/2121 2118/2118/2118 2120/2120/2120
f 2124/2124/2124 2123/2123/2123 2122/2122/2122
f 2125/2125/2125 2122/2122/2122 2123/2123/2123
f 2126/2126/2126 2125/2125/2125 2123/2123/2123
f 2129/2129/2129 2128/2128/2128 2127/2127/2127
f 2129/2129/2129 2130/2130/2130 2128/2128/2128
f 2133/2133/2133 2132/2132/2132 2131/2131/2131
f 2131/2131/2131 2132/2132/2132 2134/2134/2134
f 2135/2135/2135 2134/2134/2134 2132/2132/2132
f 2134/2134/2134 2135/2135/2135 2136/2136/2136
f 2139/2139/2139 2138/2138/2138 2137/2137/2137
f 2138/2138/2138 2140/2140/2140 2137/2137/2137
f 2143/2143/2143 2142/2142/2142 2141/2141/2141
f 2142/2142/2142 2144/2144/2144 2141/2141/2141
f 2145/2145/2145 2141/2141/2141 2144/2144/2144
f 2145/2145/2145 2146/2146/2146 2141/2141/2141
f 2146/2146/2146 2145/2145/2145 2147/2147/2147
f 2150/2150/2150 2149/2149/2149 2148/2148/2148
f 2150/2150/2150 2151/2151/2151 2149/2149/2149
f 2154/2154/2154 2153/2153/2153 2152/2152/2152
f 2152/2152/2152 2153/2153/2153 2155/2155/2155
f 2153/2153/2153 2156/2156/2156 2155/2155/2155
f 2155/2155/2155 2156/2156/2156 2157/2157/2157
f 2160/2160/2160 2159/2159/2159 2158/2158/2158
f 2159/2159/2159 2161/2161/2161 2158/2158/2158
f 2164/2164/2164 2163/2163/2163 2162/2162/2162
f 2163/2163/2163 2165/2165/2165 2162/2162/2162
f 2168/2168/2168 2167/2167/2167 2166/2166/2166
f 2168/2168/2168 2169/2169/2169 2167/2167/2167
f 2172/2172/2172 2171/2171/2171 2170/2170/2170
f 2170/2170/2170 2171/2171/2171 2173/2173/2173
f 2173/2173/2173 2175/2175/2175 2174/2174/2174
f 2176/2176/2176 2174/2174/2174 2175/2175/2175
f 2179/2179/2179 2178/2178/2178 2177/2177/2177
f 2179/2179/2179 2180/2180/2180 2178/2178/2178
f 2183/2183/2183 2182/2182/2182 2181/2181/2181
f 2181/2181/2181 2182/2182/2182 2184/2184/2184
f 2182/2182/2182 2185/2185/2185 2184/2184/2184
f 2184/2184/2184 2185/2185/2185 2186/2186/2186
f 2189/2189/2189 2188/2188/2188 2187/2187/2187
f 2188/2188/2188 2190/2190/2190 2187/2187/2187
f 2193/2193/2193 2192/2192/2192 2191/2191/2191
f 2193/2193/2193 2194/2194/2194 2192/2192/2192
f 2197/2197/2197 2196/2196/2196 2195/2195/2195
f 2195/2195/2195 2196/2196/2196 2198/2198/2198
f 2196/2196/2196 2199/2199/2199 2198/2198/2198
f 2198/2198/2198 2199/2199/2199 2200/2200/2200
f 2203/2203/2203 2202/2202/2202 2201/2201/2201
f 2203/2203/2203 2204/2204/2204 2202/2202/2202
f 2207/2207/2207 2206/2206/2206 2205/2205/2205
f 2205/2205/2205 2206/2206/2206 2208/2208/2208
f 2209/2209/2209 2208/2208/2208 2206/2206/2206
f 2208/2208/2208 2209/2209/2209 2210/2210/2210
f 2213/2213/2213 2212/2212/2212 2211/2211/2211
f 2211/2211/2211 2212/2212/2212 2214/2214/2214
f 2214/2214/2214 2216/2216/2216 2215/2215/2215
f 2217/2217/2217 2215/2215/2215 2216/2216/2216
f 2220/2220/2220 2219/2219/2219 2218/2218/2218
f 2220/2220/2220 2221/2221/2221 2219/2219/2219
f 2219/2219/2219 2221/2221/2221 2222/2222/2222
f 2224/2224/2224 2222/2222/2222 2223/2223/2223
f 2225/2225/2225 2224/2224/2224 2223/2223/2223
f 2228/2228/2228 2227/2227/2227 2226/2226/2226
f 2229/2229/2229 2226/2226/2226 2227/2227/2227
f 2232/2232/2232 2231/2231/2231 2230/2230/2230
f 2233/2233/2233 2230/2230/2230 2231/2231/2231
f 2236/2236/2236 2235/2235/2235 2234/2234/2234
f 2235/2235/2235 2237/2237/2237 2234/2234/2234
f 2238/2238/2238 2234/2234/2234 2237/2237/2237
f 2239/2239/2239 2238/2238/2238 2237/2237/2237
f 2240/2240/2240 2238/2238/2238 2239/2239/2239
f 2243/2243/2243 2242/2242/2242 2241/2241/2241
f 2243/2243/2243 2244/2244/2244 2242/2242/2242
f 2247/2247/2247 2246/2246/2246 2245/2245/2245
f 2247/2247/2247 2248/2248/2248 2246/2246/2246
f 2251/2251/2251 2250/2250/2250 2249/2249/2249
f 2249/2249/2249 2250/2250/2250 2252/2252/2252
f 2253/2253/2253 2252/2252/2252 2250/2250/2250
f 2252/2252/2252 2253/2253/2253 2254/2254/2254
f 2257/2257/2257 2256/2256/2256 2255/2255/2255
f 2256/2256/2256 2258/2258/2258 2255/2255/2255
f 2259/2259/2259 2255/2255/2255 2258/2258/2258
f 2259/2259/2259 2260/2260/2260 2255/2255/2255
f 2260/2260/2260 2259/2259/2259 2261/2261/2261
f 2264/2264/2264 2263/2263/2263 2262/2262/2262
f 2264/2264/2264 2265/2265/2265 2263/2263/2263
f 2268/2268/2268 2267/2267/2267 2266/2266/2266
f 2266/2266/2266 2267/2267/2267 2269/2269/2269
f 2271/2271/2271 2269/2269/2269 2270/2270/2270
f 2272/2272/2272 2271/2271/2271 2270/2270/2270
f 2275/2275/2275 2274/2274/2274 2273/2273/2273
f 2276/2276/2276 2274/2274/2274 2275/2275/2275
f 2279/2279/2279 2278/2278/2278 2277/2277/2277
f 2277/2277/2277 2278/2278/2278 2280/2280/2280
f 2280/2280/2280 2282/2282/2282 2281/2281/2281
f 2283/2283/2283 2281/2281/2281 2282/2282/2282
f 2286/2286/2286 2285/2285/2285 2284/2284/2284
f 2285/2285/2285 2287/2287/2287 2284/2284/2284
f 2288/2288/2288 2284/2284/2284 2287/2287/2287
f 2288/2288/2288 2289/2289/2289 2284/2284/2284
f 2289/2289/2289 2288/2288/2288 2290/2290/2290
f 2293/2293/2293 2292/2292/2292 2291/2291/2291
f 2293/2293/2293 2294/2294/2294 2292/2292/2292
f 2297/2297/2297 2296/2296/2296 2295/2295/2295
f 2295/2295/2295 2296/2296/2296 2298/2298/2298
f 2299/2299/2299 2298/2298/2298 2296/2296/2296
f 2298/2298/2298 2299/2299/2299 2300/2300/2300
f 2303/2303/2303 2302/2302/2302 2301/2301/2301
f 2302/2302/2302 2304/2304/2304 2301/2301/2301
f 2305/2305/2305 2301/2301/2301 2304/2304/2304
f 2305/2305/2305 2306/2306/2306 2301/2301/2301
f 2306/2306/2306 2305/2305/2305 2307/2307/2307
f 2310/2310/2310 2309/2309/2309 2308/2308/2308
f 2310/2310/2310 2311/2311/2311 2309/2309/2309
f 2309/2309/2309 2311/2311/2311 2312/2312/2312
f 2314/2314/2314 2312/2312/2312 2313/2313/2313
f 2315/2315/2315 2314/2314/2314 2313/2313/2313
f 2318/2318/2318 2317/2317/2317 2316/2316/2316
f 2317/2317/2317 2319/2319/2319 2316/2316/2316
f 2320/2320/2320 2316/2316/2316 2319/2319/2319
f 2320/2320/2320 2321/2321/2321 2316/2316/2316
f 2321/2321/2321 2320/2320/2320 2322/2322/2322
f 2325/2325/2325 2324/2324/2324 2323/2323/2323
f 2324/2324/2324 2326/2326/2326 2323/2323/2323
f 2329/2329/2329 2328/2328/2328 2327/2327/2327
f 2329/2329/2329 2330/2330/2330 2328/2328/2328
f 2328/2328/2328 2330/2330/2330 2331/2331/2331
f 2333/2333/2333 2331/2331/2331 2332/2332/2332
f 2334/2334/2334 2333/2333/2333 2332/2332/2332
f 2337/2337/2337 2336/2336/2336 2335/2335/2335
f 2337/2337/2337 2338/2338/2338 2336/2336/2336
f 2341/2341/2341 2340/2340/2340 2339/2339/2339
f 2339/2339/2339 2340/2340/2340 2342/2342/2342
f 2340/2340/2340 2343/2343/2343 2342/2342/2342
f 2342/2342/2342 2343/2343/2343 2344/2344/2344
f 2347/2347/2347 2346/2346/2346 2345/2345/2345
f 2346/2346/2346 2348/2348/2348 2345/2345/2345
