v 7.749491 7.501390 3.750000
v 7.749925 7.500523 1.000000
v 6.749925 7.500523 1.000000
v -2.749998 3.999998 0.000000
v -1.249998 7.499998 0.000000
v 0.250002 2.999998 0.000000
v 7.749482 -7.498610 3.750000
v -7.750516 -7.498603 3.750000
v -7.750082 -7.499471 1.000000
v 3.249449 -2.498338 4.250000
v -3.249998 -2.500002 -0.000000
v -3.250551 -2.498338 4.250000
v -7.750698 4.002631 5.749999
v -7.750698 3.002631 5.749999
v -7.751376 3.003989 8.499999
v 7.748627 4.003984 8.499999
v 7.748627 3.003985 8.499999
v 7.749305 4.002627 5.749999
v -3.250599 7.501981 4.750000
v -7.750600 7.501983 4.750000
v -4.250696 7.502629 5.749999
v 8.249925 6.500523 1.000000
v 8.249491 6.501390 3.750000
v 8.249306 8.002626 5.749999
v 8.249306 6.502627 5.749999
v 8.248627 6.503984 8.499999
v 8.248627 8.003984 8.499999
v 8.248530 8.004626 9.499999
v 8.248627 4.003984 8.499999
v 8.248530 3.004628 10.499999
v 8.248627 3.003985 8.499999
v 8.248530 3.004628 10.499999
v 8.248530 4.004627 10.499999
v 8.248530 3.004628 13.249999
v 8.248530 4.004627 13.249999
v 8.248530 8.004626 10.499999
v 8.248530 6.504627 10.499999
v 8.248530 6.504627 13.249999
v 8.248530 6.504627 10.499999
v 8.248530 8.004626 13.749999
v 8.248530 8.004626 14.249999
v 3.248528 -2.495370 9.499999
v 7.748530 6.504627 9.499999
v 7.748522 -7.495374 9.499999
v -0.251086 0.503409 7.124999
v -0.250551 0.501662 2.375000
v -0.250599 3.001981 4.750000
v -2.750551 -1.998338 4.250000
v 2.749133 -1.997030 6.624760
v -2.750867 -1.997030 6.624760
v -8.250697 6.502631 5.749999
v -8.250697 4.002631 5.749999
v -8.250512 6.501394 3.750000
v -2.751423 3.004306 9.499999
v -2.751472 0.504629 11.624999
v -2.751472 3.004306 13.749999
v -2.751061 0.503409 7.124760
v -2.751423 3.004306 8.999999
v -2.751184 4.003603 7.499999
v -8.251472 8.004630 9.499999
v -8.251472 6.504631 10.499999
v -8.251472 4.004631 10.499999
v -8.251472 3.004632 10.499999
v -8.251472 8.004630 9.499999
v -8.251472 4.004631 13.249999
v -8.251472 3.004632 13.249999
v -8.251472 8.004630 14.249999
v -8.251472 0.504631 13.249999
v -8.251472 -0.495369 13.249999
v -8.251472 -0.495369 10.499999
v -8.251476 -7.995366 14.249999
v -8.251472 -2.995368 10.499999
v -8.251472 -2.995368 13.249999
v -8.251472 -3.995368 13.249999
v -8.251476 -6.495366 13.249999
v -8.251476 -6.495366 10.499999
v -8.251472 -3.995368 10.499999
v -8.251376 3.003989 8.499999
v -8.251376 3.003989 8.499999
v -8.251376 0.503988 8.499999
v -8.251376 -0.496012 8.499999
v -8.251376 -2.996011 8.499999
v -8.251376 -3.996011 8.499999
v -8.251376 4.003988 8.499999
v -8.251472 8.004630 9.499999
v -8.251376 6.503988 8.499999
v -8.250697 3.002631 5.749999
v -8.250697 4.002631 5.749999
v -8.250512 4.001394 3.750000
v 2.748528 7.504629 13.749999
v 2.748528 4.004629 12.249999
v 2.748528 6.504629 12.249999
v -2.749998 3.999998 0.000000
v -3.249998 3.999998 0.000000
v -0.249998 3.999998 0.000000
v -7.751472 -3.995368 13.749999
v -7.751476 -7.495366 13.749999
v -3.251472 -2.495370 13.749999
v -6.751472 7.504631 13.749999
v -7.751472 7.504631 13.749999
v -6.251472 -2.995368 16.250000
v -6.251472 6.004630 16.250000
v -5.751472 5.504631 16.250000
v -8.251476 -7.995366 14.249999
v -8.251472 8.004630 14.249999
v -6.251472 -2.995368 16.250000
v 0.248577 3.004306 8.999999
v 2.748576 7.504310 8.999999
v -0.251423 3.004306 8.999999
v 0.248577 3.004306 13.749999
v 2.748528 7.504629 13.749999
v -0.251471 3.004306 13.749999
v -2.751472 7.504629 13.749999
v -0.251471 3.004306 13.749999
v 2.748528 3.004306 13.749999
v 0.248577 3.004306 13.749999
v -7.649924 -2.898253 1.078351
v -7.649925 -3.083967 0.878351
v -7.649925 -3.083967 3.849999
v -7.649924 -2.898253 3.650000
v -7.649922 -0.568788 3.849999
v -7.649922 -0.568788 3.650000
v -8.349923 6.415701 0.878351
v -8.349925 4.086237 0.878351
v -7.649922 6.601415 0.878351
v -8.349925 3.900523 0.878351
v -7.649925 3.900522 0.878351
v 2.650002 3.899997 2.849999
v 2.650000 6.348873 2.650000
v 2.650000 6.534588 2.849999
v 2.650002 4.085711 2.650000
v 2.650002 3.899997 -0.065588
v 2.650002 4.085711 -0.065588
v 1.317295 7.399998 2.849999
v -1.131581 7.399998 2.650000
v -1.317295 7.399998 2.849999
v 1.131581 7.399998 2.650000
v 1.317295 7.399998 -0.065588
v 1.131581 7.399998 -0.065588
v -1.317295 8.099998 2.849999
v -1.131581 8.099998 2.650000
v 1.131581 8.099998 2.650000
v 4.149489 7.399998 3.849999
v 6.850383 7.399998 3.849999
v 4.335204 7.399998 3.650000
v 6.850383 7.399998 3.650000
v 6.664669 7.399998 3.650000
v -8.349923 -0.568788 5.603570
v -7.649925 -3.083967 5.603570
v -7.649922 -0.568788 5.603570
v -7.649922 -0.383074 5.603570
v -8.349923 -0.383073 5.603570
v 7.649922 6.601415 3.849999
v 7.649922 6.415701 3.650000
v 7.649922 6.415701 1.078351
v 8.349923 -3.897043 5.603570
v 7.649922 -3.897044 5.603570
v 8.349925 -6.412222 5.603570
v 7.649922 3.091225 3.849999
v 7.649922 2.905511 3.650000
v 7.649922 2.905511 1.078351
v -7.649922 -3.897044 0.878351
v -7.649922 -4.082757 3.650000
v -7.649922 -3.897044 3.849999
v -7.649922 -4.082757 0.878351
v -7.649922 -4.082757 1.078351
v 7.649924 4.086236 3.849999
v 8.349923 6.601416 3.849999
v 8.349925 4.086237 3.849999
v 8.349925 3.900523 3.849999
v 7.649925 3.900522 3.849999
v -8.349923 2.905511 3.849999
v -7.649922 3.091225 3.849999
v -7.649922 2.905511 3.849999
v -8.349925 -6.597936 3.849999
v -8.349923 -4.082757 3.650000
v -8.349923 -3.897043 3.849999
v -8.349925 -6.412222 1.078351
v -8.349925 -6.597936 0.878351
v -8.349925 -6.412222 0.878351
v -7.649925 -6.597937 3.849999
v -7.649924 -6.412223 3.650000
v -7.649924 -6.412223 1.078351
v 7.649922 -0.383074 5.603570
v 7.649922 -0.383074 8.575218
v 7.649922 -0.568788 5.803571
v 7.649922 -0.568788 8.375219
v 7.649924 -2.898253 8.575218
v 7.649924 -2.898253 8.375219
v 8.349925 3.900523 0.878351
v 7.649924 4.086236 0.878351
v 7.649925 3.900522 0.878351
v -8.349925 -3.083966 8.575218
v -8.349923 -0.568788 8.575218
v -7.649922 -0.568788 8.575218
v -8.349923 -0.383073 8.575218
v -7.649922 -0.383074 8.575218
v -8.349925 3.900523 3.849999
v -8.349923 6.415701 3.650000
v -8.349923 6.601416 3.849999
v -8.349925 4.086237 3.650000
v -8.349925 3.900523 0.878351
v -8.349925 4.086237 1.078351
v -8.349925 4.086237 0.878351
v -8.349923 -0.568788 0.878351
v -8.349925 -2.898252 0.878351
v -7.649922 -0.383074 0.878351
v -8.349925 -3.083966 0.878351
v -7.649925 -3.083967 0.878351
v -7.649925 0.390331 3.849999
v -7.649924 0.576046 3.650000
v -7.649924 0.576046 1.078351
v -8.349925 -3.083966 3.849999
v -8.349923 -0.568788 3.650000
v -8.349923 -0.383073 3.849999
v -8.349925 -2.898252 1.078351
v -8.349925 -3.083966 0.878351
v -8.349925 -2.898252 0.878351
v -1.350696 8.099998 13.320778
v -1.164982 8.099998 10.549129
v -1.164982 8.099998 13.120778
v 4.149489 8.099998 10.349130
v 4.149489 8.099998 13.120778
v 4.149489 7.399998 13.120778
v 4.149489 8.099998 13.320778
v 4.149489 7.399998 13.320778
v 7.649924 4.086236 8.575218
v 8.349923 6.601416 8.575218
v 8.349925 4.086237 8.575218
v 8.349925 3.900523 8.575218
v 7.649925 3.900522 8.575218
v 2.650002 3.899997 12.350000
v 2.650000 6.348873 12.150001
v 2.650000 6.534588 12.350000
v 2.650002 4.085711 12.150001
v 2.650002 3.899997 9.434413
v 2.650002 4.085711 9.434413
v 8.349923 6.415701 5.803571
v 8.349923 6.601416 8.575218
v 8.349923 6.601416 5.603570
v -1.164982 8.099998 8.575218
v 1.350197 7.399998 8.575218
v -1.164982 7.399998 8.575218
v -1.350696 7.399998 8.575218
v -1.350696 8.099998 8.575218
v 1.350197 8.099998 5.603570
v 1.164483 7.399998 5.603570
v 1.350197 7.399998 5.603570
v -6.850383 7.399998 13.320778
v -6.664669 7.399998 10.549129
v -6.850383 7.399998 10.349130
v 7.649922 -3.897044 5.603570
v 7.649922 -3.897044 8.575218
v 7.649922 -4.082757 5.803571
v 7.649922 -4.082757 8.375219
v 7.649924 -6.412223 8.575218
v 7.649924 -6.412223 8.375219
v -8.349923 -3.897043 5.603570
v -8.349923 -3.897043 8.575218
v -8.349923 -4.082757 5.803571
v -8.349923 -4.082757 8.575218
v -8.349923 -4.082757 8.375219
v 7.649924 0.576046 5.603570
v 8.349923 2.905511 5.603570
v 7.649922 3.091225 5.603570
v 7.649922 6.601415 5.603570
v 7.649922 6.601415 8.575218
v 7.649922 6.415701 5.803571
v 7.649922 6.415701 8.375219
v 7.649924 4.086236 8.575218
v 7.649924 4.086236 8.375219
v 7.649922 3.091225 8.575218
v 7.649922 2.905511 8.375219
v 7.649922 2.905511 5.803571
v 7.649924 -6.412223 8.575218
v 8.349923 -3.897043 8.575218
v 8.349925 -6.412222 8.575218
v 8.349925 -6.597936 8.575218
v 7.649925 -6.597937 8.575218
v -1.350696 7.399998 5.603570
v -1.350696 7.399998 8.575218
v -1.164982 7.399998 5.803571
v -1.164982 7.399998 8.575218
v -1.164982 7.399998 8.375219
v -8.349923 6.415701 5.603570
v -7.649925 3.900522 5.603570
v -7.649922 6.415701 5.603570
v -7.649922 6.601415 5.603570
v -8.349923 6.601416 5.603570
v -7.649925 -6.597937 8.575218
v -7.649924 -6.412223 8.375219
v -7.649924 -6.412223 5.803571
v -8.349925 -6.597936 8.575218
v -8.349925 -6.412222 5.803571
v -8.349925 -6.412222 8.375219
v -8.349923 2.905511 5.603570
v -7.649925 0.390331 5.603570
v -7.649922 2.905511 5.603570
v -7.649922 3.091225 5.603570
v -8.349923 3.091226 5.603570
v -8.349923 -0.383073 5.603570
v -8.349923 -0.383073 8.575218
v -8.349923 -0.568788 5.803571
v -8.349923 -0.568788 8.575218
v -8.349923 -0.568788 8.375219
v -8.349925 3.900523 8.575218
v -8.349923 6.415701 8.575218
v -7.649922 6.415701 8.575218
v -8.349923 6.601416 8.575218
v -7.649922 6.601415 8.575218
v 8.349923 6.601416 5.603570
v 7.649922 6.601415 5.603570
v 8.349925 4.086237 5.603570
v 8.349925 -6.597936 5.603570
v 8.349925 -6.597936 8.575218
v 8.349925 -6.412222 5.803571
v 8.349925 -6.412222 8.575218
v 8.349925 -6.412222 8.375219
v 8.349923 -4.082757 5.803571
v 8.349923 -3.897043 8.575218
v 8.349923 -3.897043 5.603570
v -7.649925 3.900522 8.575218
v -7.649924 4.086236 8.375219
v -7.649924 4.086236 5.803571
v -8.349925 0.390332 8.575218
v -8.349923 2.905511 8.575218
v -7.649922 2.905511 8.575218
v -8.349923 3.091226 8.575218
v -7.649922 3.091225 8.575218
v -7.649925 0.390331 8.575218
v -7.649924 0.576046 8.375219
v -7.649924 0.576046 5.803571
v -4.335204 7.399998 0.878351
v -6.850383 7.399998 0.878351
v -6.664669 7.399998 1.078351
v -8.349925 0.390332 8.575218
v -8.349925 0.576046 5.803571
v -8.349925 0.576046 8.375219
v -8.349923 6.601416 5.603570
v -8.349923 6.601416 8.575218
v -8.349923 6.415701 5.803571
v -8.349923 6.415701 8.575218
v -8.349923 6.415701 8.375219
v -8.349925 -6.597936 8.575218
v -8.349923 -4.082757 8.575218
v -7.649922 -4.082757 8.575218
v -8.349923 -3.897043 8.575218
v -7.649922 -3.897044 8.575218
v -7.649925 -3.083967 8.575218
v -7.649924 -2.898253 8.375219
v -7.649924 -2.898253 5.803571
v -8.349923 -4.082757 5.603570
v -7.649925 -6.597937 5.603570
v -7.649922 -4.082757 5.603570
v -7.649922 -3.897044 5.603570
v -8.349923 -3.897043 5.603570
v 8.349925 3.900523 5.603570
v 8.349925 3.900523 8.575218
v 8.349925 4.086237 5.803571
v 8.349925 4.086237 8.575218
v 8.349925 4.086237 8.375219
v -8.349923 3.091226 5.603570
v -8.349923 3.091226 8.575218
v -8.349923 2.905511 5.803571
v -8.349923 2.905511 8.575218
v -8.349923 2.905511 8.375219
v -6.850383 7.399998 5.603570
v -6.850383 7.399998 8.575218
v -6.664669 7.399998 5.803571
v -6.664669 7.399998 8.575218
v -6.664669 7.399998 8.375219
v -4.149489 8.099998 5.603570
v -4.149489 8.099998 8.575218
v -4.335204 8.099998 5.803571
v -4.335204 8.099998 8.575218
v -4.335204 8.099998 8.375219
v 4.335204 8.099998 8.575218
v 6.850383 7.399998 8.575218
v 4.335204 7.399998 8.575218
v 4.149489 7.399998 8.575218
v 4.149489 8.099998 8.575218
v 7.649924 4.086236 13.320778
v 8.349923 6.601416 13.320778
v 8.349925 4.086237 13.320778
v 8.349925 3.900523 13.320778
v 7.649925 3.900522 13.320778
v 7.649922 -3.897044 13.320778
v 7.649922 -4.082757 13.120778
v 7.649922 -4.082757 10.549129
v 1.350197 8.099998 10.349130
v 1.350197 8.099998 13.320778
v 1.164483 8.099998 10.549129
v 1.164483 8.099998 13.320778
v 1.164483 8.099998 13.120778
v 7.649922 6.601415 13.320778
v 7.649922 6.415701 13.120778
v 7.649922 6.415701 10.549129
v 3.350000 6.534588 2.849999
v 3.350002 4.085712 2.650000
v 3.350002 3.899998 2.849999
v 3.350000 6.348874 2.650000
v 3.350000 6.534588 -0.065588
v 3.350000 6.348874 -0.065588
v 7.649924 4.086236 3.650000
v 7.649925 3.900522 3.849999
v 7.649925 3.900522 0.878351
v 7.649924 4.086236 0.878351
v 7.649924 4.086236 1.078351
v 7.649922 3.091225 13.320778
v 7.649922 2.905511 13.120778
v 7.649922 2.905511 10.549129
v 8.349923 3.091226 13.320778
v 8.349925 0.576046 13.120778
v 8.349925 0.390332 13.320778
v 8.349923 2.905511 10.549129
v 8.349923 3.091226 10.349130
v 8.349923 2.905511 10.349130
v 7.649922 -0.383074 13.320778
v 7.649922 -0.568788 13.120778
v 7.649922 -0.568788 10.549129
v 7.649924 -6.412223 13.320778
v 8.349923 -3.897043 13.320778
v 8.349925 -6.412222 13.320778
v 8.349925 -6.597936 13.320778
v 7.649925 -6.597937 13.320778
v -7.649924 4.086236 10.549129
v -7.649925 3.900522 10.349130
v -7.649925 3.900522 13.320778
v -7.649924 4.086236 13.120778
v -7.649922 6.415701 13.320778
v -7.649922 6.415701 13.120778
v 3.350000 6.534588 12.350000
v 3.350002 4.085712 12.150001
v 3.350002 3.899998 12.350000
v 3.350000 6.348874 12.150001
v 3.350000 6.534588 9.434413
v 3.350000 6.348874 9.434413
v -7.649924 -2.898253 10.549129
v -7.649925 -3.083967 10.349130
v -7.649925 -3.083967 13.320778
v -7.649924 -2.898253 13.120778
v -7.649922 -0.568788 13.320778
v -7.649922 -0.568788 13.120778
v -7.649924 -6.412223 13.120778
v -7.649922 -3.897044 13.320778
v -7.649922 -4.082757 13.120778
v -8.349925 -6.597936 13.320778
v -8.349923 -4.082757 13.120778
v -8.349923 -3.897043 13.320778
v -8.349925 -6.412222 13.120778
v -8.349925 -6.597936 10.349130
v -8.349925 -6.412222 10.549129
v -8.349925 -6.412222 10.349130
v 7.649925 0.390331 10.349130
v 7.649924 0.576046 13.120778
v 7.649925 0.390331 13.320778
v 7.649924 0.576046 10.349130
v 7.649924 0.576046 10.549129
v -8.349925 3.900523 13.320778
v -8.349923 6.415701 13.120778
v -8.349923 6.601416 13.320778
v -8.349925 4.086237 13.120778
v -8.349925 3.900523 10.349130
v -8.349925 4.086237 10.549129
v -8.349925 4.086237 10.349130
v 8.349925 0.390332 0.878351
v 7.649924 0.576046 0.878351
v 7.649925 0.390331 0.878351
v 7.649922 -0.383074 0.878351
v 7.649922 -0.383074 3.849999
v 7.649922 -0.568788 1.078351
v 7.649922 -0.568788 3.849999
v 7.649922 -0.568788 3.650000
v -7.649924 0.576046 13.120778
v -7.649922 3.091225 13.320778
v -7.649922 2.905511 13.120778
v -8.349925 0.390332 10.349130
v -8.349925 0.576046 13.120778
v -8.349925 0.390332 13.320778
v -8.349925 0.576046 10.349130
v -8.349925 0.576046 10.549129
v -7.649924 4.086236 1.078351
v -7.649925 3.900522 0.878351
v -7.649925 3.900522 3.849999
v -7.649924 4.086236 3.650000
v -7.649922 6.415701 3.849999
v -7.649922 6.415701 3.650000
v 7.649924 4.086236 13.120778
v 7.649925 3.900522 13.320778
v 7.649925 3.900522 10.349130
v 7.649924 4.086236 10.549129
v 7.649924 4.086236 10.349130
v 4.335204 8.099998 0.878351
v 6.850383 8.099998 0.878351
v 6.664669 8.099998 1.078351
v 6.850383 7.399998 5.803571
v 6.850383 8.099998 8.575218
v 6.850383 8.099998 5.803571
v 6.850383 8.099998 5.603570
v 6.850383 7.399998 5.603570
v -8.349925 -3.083966 13.320778
v -8.349923 -0.568788 13.120778
v -8.349923 -0.383073 13.320778
v -8.349925 -2.898252 13.120778
v -8.349925 -3.083966 10.349130
v -8.349925 -2.898252 10.549129
v -8.349925 -2.898252 10.349130
v 6.850383 8.099998 13.320778
v 4.149489 8.099998 13.320778
v 6.664669 8.099998 13.120778
v 4.149489 8.099998 13.120778
v 4.335204 8.099998 13.120778
v 6.850383 8.099998 10.349130
v 6.664669 7.399998 10.349130
v 6.850383 7.399998 10.349130
v -3.350002 3.899998 7.599999
v -3.350000 6.348874 7.399999
v -3.350000 6.534588 7.599999
v -3.350002 4.085712 7.399999
v -3.350002 3.899998 4.684412
v -3.350002 4.085712 4.684412
v 4.249489 8.001392 3.750000
v 1.249644 8.001082 2.750000
v 4.249923 8.000525 1.000000
v -4.250511 8.001392 3.750000
v -1.250356 8.001082 2.750000
v -4.250077 8.000525 1.000000
v -1.249998 7.999998 0.000000
v -8.249999 8.000000 0.000000
v -6.750078 8.000526 1.000000
v -8.250512 8.001394 3.750000
v -6.750512 8.001394 3.750000
v -8.250697 8.002630 5.749999
v -6.750698 8.002630 5.749999
v -8.251039 8.003313 6.874999
v -6.751039 8.003313 6.874999
v -6.751376 8.003987 8.499999
v -8.251376 8.003987 8.499999
v -8.251472 8.004630 9.499999
v -6.751472 8.004630 10.499999
v -8.251472 8.004630 13.749999
v -6.751472 8.004630 13.249999
v -8.251472 8.004630 14.249999
v 4.249923 8.000525 1.000000
v 1.249644 8.001082 2.750000
v 1.250002 7.999998 0.000000
v 4.249489 8.001392 3.750000
v -1.250356 8.001082 2.750000
v 1.249304 8.002628 5.749999
v -4.250511 8.001392 3.750000
v -4.250696 8.002628 5.749999
v -6.750512 8.001394 3.750000
v -1.250696 8.002628 5.749999
v -1.251375 8.003985 8.499999
v -4.251375 8.003985 8.499999
v -4.251471 8.004628 10.499999
v 1.248625 8.003985 8.499999
v -6.751376 8.003987 8.499999
v 4.248625 8.003985 8.499999
v 1.248962 8.003311 6.874999
v -6.751472 8.004630 10.499999
v -8.251472 8.004630 9.499999
v 4.248625 8.003985 8.499999
v -1.251472 8.004628 10.499999
v -2.749998 7.499998 0.000000
v -1.249998 7.499998 0.000000
v -2.749998 3.999998 0.000000
v 1.250002 7.499998 0.000000
v -1.249998 7.999998 0.000000
v 1.250002 7.999998 0.000000
v 0.250002 2.999998 0.000000
v 2.750002 3.999998 0.000000
v 2.750002 2.999998 0.000000
v 2.750002 6.499998 0.000000
v 2.750002 7.499998 0.000000
v 3.250002 3.999998 0.000000
v 3.250002 6.499998 0.000000
v 7.750004 7.499996 0.000000
v 3.250002 7.499998 0.000000
v 3.250002 -2.500002 -0.000000
v 7.749995 -7.500005 -0.000000
v -2.749998 2.999998 0.000000
v -2.749998 3.999998 0.000000
v 0.250002 2.999998 0.000000
v 3.248528 -2.495370 13.749999
v 3.248528 4.004629 12.249999
v 3.248528 -2.495370 9.499999
v 3.248528 -2.495370 9.499999
v 3.248528 4.004629 12.249999
v 3.248528 4.004629 9.499999
v 3.248528 6.504629 12.249999
v 3.248528 7.504629 13.749999
v 3.248528 -2.495370 13.749999
v -7.751472 6.504631 10.499999
v -7.751472 7.504631 9.499999
v -7.751472 4.004631 9.499999
v -7.751476 -7.495366 9.499999
v -7.751472 -0.495369 10.499999
v -7.751472 -2.995368 10.499999
v -7.751472 -3.995368 10.499999
v -7.751476 -6.495366 10.499999
v 3.250002 -2.500002 -0.000000
v -3.249998 -2.500002 -0.000000
v 3.249449 -2.498338 4.250000
v -2.749998 7.499998 0.000000
v -1.250356 7.501083 2.750000
v -1.249998 7.499998 0.000000
v -2.750551 7.501662 4.250000
v -2.749998 7.499998 0.000000
v 2.749449 7.501662 4.250000
v 1.249644 7.501083 2.750000
v -3.251184 4.003603 7.499999
v -3.251424 7.504310 8.999999
v -3.251424 -2.495689 8.999999
v 0.249401 3.001981 4.750000
v 2.749401 7.501981 4.750000
v 2.749401 3.001981 4.750000
v 0.249401 3.001981 4.750000
v -2.750599 6.501981 4.750000
v -2.750599 7.501981 4.750000
v -0.250599 3.001981 4.750000
v 0.249401 3.001981 4.750000
v -2.750599 4.001981 4.750000
v -2.750599 3.001981 4.750000
v -3.250599 6.501981 4.750000
v -3.250599 4.001981 4.750000
v -0.250551 3.001662 4.250000
v -2.750551 7.501662 4.250000
v -2.750551 3.001662 4.250000
v -2.750551 7.501662 4.250000
v -0.250551 3.001662 4.250000
v 2.749449 7.501662 4.250000
v -0.250551 3.001662 4.250000
v 0.249449 3.001662 4.250000
v 2.749449 3.001662 4.250000
v -3.249998 3.999998 0.000000
v -3.250551 -2.498338 4.250000
v -3.249998 -2.500002 -0.000000
v -7.751376 4.003988 8.499999
v -7.751425 7.504312 8.999999
v -7.751376 6.503988 8.499999
v -7.751376 4.003988 8.499999
v -7.751376 3.003989 8.499999
v -7.751376 0.503988 8.499999
v -7.751429 -7.495685 8.999999
v -7.751376 -0.496012 8.499999
v -7.751376 -2.996011 8.499999
v -7.751376 -3.996011 8.499999
v -7.751380 -6.496009 8.499999
v -7.750600 7.501983 4.750000
v -7.750698 4.002631 5.749999
v -7.750698 6.502631 5.749999
v -7.750698 3.002631 5.749999
v -7.750698 0.502631 5.749999
v -7.751429 -7.495685 8.999999
v -7.751380 -6.496009 8.499999
v -7.751380 -7.496009 8.499999
v -7.750701 -6.497366 5.749999
v -7.751380 -6.496009 8.499999
v -7.750701 -7.497366 5.749999
v -7.750604 -7.498014 4.750000
v -7.750698 -0.497369 5.749999
v -7.750600 7.501983 4.750000
v -7.751376 -0.496012 8.499999
v -7.750698 0.502631 5.749999
v -7.751376 0.503988 8.499999
v -7.750698 7.502631 5.749999
v -7.750698 6.502631 5.749999
v -7.751039 7.503313 6.874999
v -7.751376 6.503988 8.499999
v -7.751376 7.503988 8.499999
v -7.751425 7.504312 8.999999
v -7.750698 3.002631 5.749999
v -7.750698 4.002631 5.749999
v -7.750600 7.501983 4.750000
v -7.750698 0.502631 5.749999
v -7.750698 -0.497369 5.749999
v -7.750604 -7.498014 4.750000
v -7.750698 -2.997369 5.749999
v -7.750698 -3.997369 5.749999
v -7.750701 -6.497366 5.749999
v -7.750698 -2.997369 5.749999
v -7.750698 4.002631 5.749999
v -7.751376 3.003989 8.499999
v -7.751376 4.003988 8.499999
v 7.749305 -2.997373 5.749999
v 7.749394 -7.498022 4.750000
v 7.749305 -0.497373 5.749999
v 7.749403 7.501979 4.750000
v 7.749305 0.502627 5.749999
v 7.749305 4.002627 5.749999
v 7.749305 3.002627 5.749999
v 7.749403 7.501979 4.750000
v 7.749305 3.002627 5.749999
v 7.749305 0.502627 5.749999
v 7.749305 4.002627 5.749999
v 7.749305 6.502627 5.749999
v 7.749394 -7.498022 4.750000
v 7.749305 -0.497373 5.749999
v 7.749305 -3.997373 5.749999
v 7.749305 -2.997373 5.749999
v 7.749297 -6.497374 5.749999
v 7.749305 3.002627 5.749999
v 7.749305 4.002627 5.749999
v 7.748627 3.003985 8.499999
v -6.750698 7.502631 5.749999
v -4.250696 7.502629 5.749999
v -7.750600 7.501983 4.750000
v 8.249306 0.502627 5.749999
v 8.249491 0.501390 3.750000
v 8.249306 -0.497373 5.749999
v 8.249491 3.001390 3.750000
v 8.249491 0.501390 3.750000
v 8.249306 3.002627 5.749999
v 8.249306 3.002627 5.749999
v 8.249491 4.001390 3.750000
v 8.248627 3.003985 8.499999
v 8.249306 4.002627 5.749999
v 8.248627 4.003984 8.499999
v 8.249491 4.001390 3.750000
v 8.249306 3.002627 5.749999
v 8.249491 6.501390 3.750000
v 8.249491 4.001390 3.750000
v 8.249306 6.502627 5.749999
v 8.248530 0.504627 10.499999
v 8.248627 0.503985 8.499999
v 8.248530 3.004628 10.499999
v 8.248530 8.004626 9.499999
v 8.248627 6.503984 8.499999
v 8.248530 4.004627 10.499999
v 8.248530 6.504627 10.499999
v 8.248530 3.004628 10.499999
v 8.248530 4.004627 13.249999
v 8.248530 -0.495373 10.499999
v 8.248530 0.504627 13.249999
v 8.248530 6.504627 13.249999
v 8.248530 8.004626 14.249999
v 8.248530 3.004628 13.249999
v 8.248522 -7.995374 14.249999
v 8.248530 -0.495373 13.249999
v 8.248530 -2.995372 13.249999
v 8.248530 -3.995372 13.249999
v 8.248522 -6.495374 13.249999
v 8.248522 -6.495374 10.499999
v 8.249306 -2.997373 5.749999
v 8.249491 -2.998610 3.750000
v 8.249306 -3.997373 5.749999
v 8.249306 -0.497373 5.749999
v 8.249491 -0.498610 3.750000
v 8.249306 -0.497373 5.749999
v 8.249491 0.501390 3.750000
v 8.249306 -3.997373 5.749999
v 8.249491 -3.998610 3.750000
v 8.249297 -6.497374 5.749999
v 8.249306 -3.997373 5.749999
v 8.249491 -2.998610 3.750000
v 8.248522 -7.995374 9.499999
v 8.248530 -3.995372 10.499999
v 8.248618 -6.496016 8.499999
v 8.248522 -6.495374 10.499999
v 8.248530 -3.995372 10.499999
v 8.249297 -6.497374 5.749999
v 8.249482 -6.498610 3.750000
v 8.249297 -7.997374 5.749999
v 8.249306 6.502627 5.749999
v 8.249306 8.002626 5.749999
v 8.249491 6.501390 3.750000
v 2.748528 6.504629 9.499999
v -2.751472 7.504629 9.499999
v 2.748528 7.504629 9.499999
v 7.748530 6.504627 9.499999
v 3.248528 -2.495370 9.499999
v 3.248528 4.004629 9.499999
v 7.748522 -7.495374 9.499999
v -3.251472 -2.495370 9.499999
v -7.751476 -7.495366 9.499999
v -7.751472 4.004631 9.499999
v 7.749925 -0.499478 1.000000
v 7.749925 0.500522 1.000000
v 7.749491 -0.498610 3.750000
v -7.750078 -2.999474 1.000000
v -7.750512 -3.998606 3.750000
v -7.750512 -2.998606 3.750000
v 8.248522 -7.995374 14.249999
v 8.248522 -6.495374 10.499999
v 8.248522 -7.995374 9.499999
v 8.248618 -7.996016 8.499999
v 8.248618 -6.496016 8.499999
v 8.249297 -6.497374 5.749999
v 8.248618 -6.496016 8.499999
v 8.249297 -7.997374 5.749999
v 8.249482 -6.498610 3.750000
v 8.249482 -7.998610 3.750000
v 8.249491 -3.998610 3.750000
v 8.249916 -6.499478 1.000000
v 8.249482 -6.498610 3.750000
v 8.249916 -7.999478 1.000000
v 8.249925 -2.999478 1.000000
v 8.249491 -2.998610 3.750000
v 8.249925 -3.999478 1.000000
v 8.248530 -3.995372 10.499999
v 8.248627 -3.996015 8.499999
v 8.248627 -2.996015 8.499999
v 8.248530 -2.995372 10.499999
v 8.248627 -0.496015 8.499999
v 8.248530 -2.995372 13.249999
v 8.248530 -3.995372 13.249999
v 8.248530 -0.495373 10.499999
v 8.248627 0.503985 8.499999
v 8.248530 0.504627 10.499999
v 8.249306 0.502627 5.749999
v 8.248627 0.503985 8.499999
v 8.249306 -0.497373 5.749999
v 8.249306 -2.997373 5.749999
v 8.248627 -2.996015 8.499999
v 8.249306 -3.997373 5.749999
v 8.249491 -0.498610 3.750000
v 8.249491 -2.998610 3.750000
v 8.249925 0.500522 1.000000
v 8.249491 0.501390 3.750000
v 8.249925 -0.499478 1.000000
v 8.248530 -0.495373 13.249999
v 8.248530 0.504627 13.249999
v 8.248530 -0.495373 10.499999
v 3.248963 7.503311 6.874999
v 4.248625 7.503986 8.499999
v 4.248962 7.503311 6.874999
v 7.748578 7.504308 8.999999
v 6.748627 7.503984 8.500000
v 3.248576 7.504310 8.999999
v 7.748578 7.504308 8.999999
v 4.248625 7.503986 8.499999
v 3.248963 7.503311 6.874999
v 4.248962 7.503311 6.874999
v 3.249133 7.502970 6.624760
v 4.249133 7.502970 6.624760
v 4.249304 7.502629 5.749999
v 3.249401 7.501981 4.750000
v 6.749305 7.502627 5.749999
v 7.749403 7.501979 4.750000
v 7.749305 7.502627 5.749999
v 7.748627 7.503984 8.499999
v 6.748627 7.503984 8.500000
v 7.748578 7.504308 8.999999
v 4.249304 7.502629 5.749999
v 6.749305 7.502627 5.749999
v 3.249401 7.501981 4.750000
v 2.749449 -1.998338 4.250000
v 2.749133 -1.997030 6.624760
v -2.750551 -1.998338 4.250000
v -2.750551 -1.998338 2.375000
v 2.749449 -1.998338 4.250000
v 2.749449 -1.998338 2.375000
v 2.749644 4.001083 2.750000
v 2.750002 2.999998 0.000000
v 2.750002 3.999998 0.000000
v 2.750002 7.499998 0.000000
v 2.749644 6.501083 2.750000
v 2.750002 6.499998 0.000000
v 2.749449 7.501662 4.250000
v 2.749449 3.001662 4.250000
v 2.749644 4.001083 2.750000
v 2.749714 0.500943 2.375000
v 2.749644 4.001083 2.750000
v 2.749133 0.502970 6.624760
v 2.749449 -1.998338 4.250000
v 2.749133 -1.997030 6.624760
v 2.749449 7.501662 4.250000
v 2.749644 6.501083 2.750000
v 2.750002 7.499998 0.000000
v 2.750002 2.999998 0.000000
v 2.749714 0.500943 2.375000
v 2.750002 0.499998 0.000000
v 2.749644 4.001083 2.750000
v 2.749714 0.500943 2.375000
v 2.749133 0.502970 6.624760
v 2.749449 -1.998338 4.250000
v 2.749714 0.500943 2.375000
v 2.749449 -1.998338 4.250000
v 2.749449 -1.998338 2.375000
v 2.748576 3.004311 8.999999
v 2.749401 3.001981 4.750000
v 2.748963 7.503311 6.874999
v -8.250697 -0.497369 5.749999
v -8.250512 -0.498606 3.750000
v -8.250512 0.501394 3.750000
v -8.250697 -2.997369 5.749999
v -8.250512 -2.998606 3.750000
v -8.250512 -0.498606 3.750000
v -8.250697 -3.997369 5.749999
v -8.250512 -3.998606 3.750000
v -8.250512 -2.998606 3.750000
v -8.250701 -6.497366 5.749999
v -8.250516 -6.498603 3.750000
v -8.250512 -3.998606 3.750000
v -8.250701 -7.997366 5.749999
v -8.250516 -6.498603 3.750000
v -8.250701 -6.497366 5.749999
v -8.250701 -6.497366 5.749999
v -8.250512 -3.998606 3.750000
v -8.250697 -3.997369 5.749999
v -8.251472 4.004631 13.249999
v -8.251472 3.004632 10.499999
v -8.251472 4.004631 10.499999
v -8.251472 8.004630 14.249999
v -8.251472 8.004630 13.749999
v -8.251472 6.504631 13.249999
v -8.251472 4.004631 13.249999
v -8.251472 6.504631 10.499999
v -8.251472 8.004630 9.499999
v -8.251376 6.503988 8.499999
v -8.251376 8.003987 8.499999
v -8.251476 -7.995366 14.249999
v -8.251472 0.504631 13.249999
v -8.251472 -0.495369 10.499999
v -8.251472 0.504631 10.499999
v -8.251376 6.503988 8.499999
v -8.251039 8.003313 6.874999
v -8.250697 6.502631 5.749999
v -8.250697 8.002630 5.749999
v -8.250512 8.001394 3.750000
v -8.249999 8.000000 0.000000
v -8.250078 6.500526 1.000000
v -8.250078 4.000526 1.000000
v -8.250512 3.001394 3.750000
v -8.250078 3.000526 1.000000
v -8.250512 4.001394 3.750000
v -8.250697 -3.997369 5.749999
v -8.250512 -2.998606 3.750000
v -8.250697 -2.997369 5.749999
v -8.250697 -2.997369 5.749999
v -8.250512 -0.498606 3.750000
v -8.250697 -0.497369 5.749999
v -8.250697 -0.497369 5.749999
v -8.250512 0.501394 3.750000
v -8.250697 0.502631 5.749999
v -8.250512 0.501394 3.750000
v -8.250512 3.001394 3.750000
v -8.250697 0.502631 5.749999
v -8.250512 3.001394 3.750000
v -8.250697 3.002631 5.749999
v -8.250697 0.502631 5.749999
v -8.250512 4.001394 3.750000
v -8.250697 3.002631 5.749999
v -8.250512 3.001394 3.750000
v -8.251380 -6.496009 8.499999
v -8.251476 -6.495366 10.499999
v -8.251380 -7.996009 8.499999
v -8.250082 -7.999471 1.000000
v -8.250001 -7.999998 -5.000000
v -8.250082 -6.499471 1.000000
v -8.250082 -6.499471 1.000000
v -8.250078 -3.999474 1.000000
v -8.250078 -2.999474 1.000000
v -8.250078 -0.499474 1.000000
v -8.249996 8.000003 -5.000000
v -8.249999 8.000000 0.000000
v -8.250078 4.000526 1.000000
v -8.250078 3.000526 1.000000
v -8.250078 0.500526 1.000000
v -8.249996 8.000003 -5.000000
v -8.250078 -0.499474 1.000000
v -8.250512 8.001394 3.750000
v -8.250512 6.501394 3.750000
v -8.250078 6.500526 1.000000
v -8.250512 4.001394 3.750000
v -8.250697 4.002631 5.749999
v -8.251376 3.003989 8.499999
v -8.250697 4.002631 5.749999
v -8.251376 4.003988 8.499999
v -8.250512 8.001394 3.750000
v -8.250697 6.502631 5.749999
v -8.250512 6.501394 3.750000
v -2.750551 3.001662 4.250000
v -2.751013 0.503090 6.624760
v -2.750599 3.001981 4.750000
v 2.748528 7.504629 13.749999
v 1.248528 7.504629 13.249999
v -2.751472 7.504629 13.749999
v 1.248528 7.504629 10.499999
v 2.748528 7.504629 9.499999
v -2.751472 7.504629 9.499999
v 3.250002 -2.500002 -0.000000
v 3.249644 4.001083 2.750000
v 3.250002 3.999998 0.000000
v 3.249644 6.501083 2.750000
v 3.249490 7.501392 3.750000
v 3.249923 7.500525 1.000000
v -7.751425 7.504312 8.999999
v -3.251424 -2.495689 8.999999
v -3.251424 7.504310 8.999999
v -8.251472 -3.995368 10.499999
v -8.251472 -2.995368 13.249999
v -8.251472 -3.995368 13.249999
v -8.251376 -3.996011 8.499999
v -8.251476 -6.495366 10.499999
v -8.251380 -6.496009 8.499999
v -8.251380 -7.996009 8.499999
v -8.250701 -6.497366 5.749999
v -8.250701 -7.997366 5.749999
v -8.250516 -7.998603 3.750000
v -8.250516 -6.498603 3.750000
v -8.250082 -6.499471 1.000000
v -8.250082 -7.999471 1.000000
v -8.251472 6.504631 13.249999
v -8.251472 6.504631 10.499999
v -8.251472 8.004630 13.749999
v 1.249304 8.002628 5.749999
v 4.249304 8.002628 5.749999
v 4.249133 8.002970 6.624760
v 4.249489 8.001392 3.750000
v 6.750197 8.018195 5.750000
v 1.249304 8.002628 5.749999
v 4.249489 8.001392 3.750000
v 4.249304 8.002628 5.749999
v -8.250697 8.002630 5.749999
v -6.750698 8.002630 5.749999
v -6.751039 8.003313 6.874999
v -6.750512 8.001394 3.750000
v -4.250696 8.002628 5.749999
v -8.250512 8.001394 3.750000
v 7.748522 -7.495374 13.749999
v 7.748522 -6.495374 13.249999
v 7.748530 -3.995372 13.749999
v 2.748528 7.504629 13.749999
v 2.748528 6.504629 12.249999
v 2.748528 7.504629 9.499999
v 2.748528 7.504629 9.499999
v 2.748528 6.504629 12.249999
v 2.748528 6.504629 9.499999
v 2.748528 3.004306 13.749999
v 2.748528 4.004629 12.249999
v 2.748528 7.504629 13.749999
v -5.751476 -5.495366 16.250000
v -5.751476 -4.495366 15.250000
v -5.751476 -5.495366 15.250000
v -5.751472 5.504631 15.250000
v -5.751472 4.504631 15.250000
v -5.751472 5.504631 16.250000
v 5.748530 5.504627 15.250000
v 4.748530 5.504627 15.250000
v 5.748530 5.504627 16.250000
v 2.748528 5.504629 15.250000
v 3.248528 5.504629 15.250000
v 1.248528 5.504629 15.250000
v 5.748522 -5.495374 15.250000
v 5.748522 -4.495374 15.250000
v 5.748522 -5.495374 16.250000
v 5.748530 5.504627 16.250000
v 5.748530 4.504627 15.250000
v 5.748530 5.504627 15.250000
v 7.748530 -3.995372 13.749999
v 3.248528 -2.495370 13.749999
v 7.748522 -7.495374 13.749999
v -3.251472 -2.495370 13.749999
v -7.751476 -7.495366 13.749999
v -4.251471 7.504629 13.749999
v -3.251472 7.504629 13.749999
v 7.748522 -7.495374 13.749999
v 3.248528 -2.495370 13.749999
v -3.251472 -2.495370 13.749999
v -7.751472 -3.995368 13.749999
v -6.751472 7.504631 13.749999
v -4.251471 7.504629 13.749999
v -4.250511 7.501392 3.750000
v -3.250551 7.501662 4.250000
v -3.250216 7.500804 2.125000
v -7.750078 7.500526 1.000000
v -6.750512 7.501394 3.750000
v -6.750078 7.500526 1.000000
v 6.749423 8.020195 14.250000
v 4.248529 8.004628 13.249999
v 6.749423 8.020195 13.250000
v 1.248528 8.004628 10.499999
v 4.248529 8.004628 10.499999
v 1.248528 8.004628 13.249999
v 6.749423 8.020195 14.250000
v -1.251472 8.004628 13.249999
v -4.251471 8.004628 13.249999
v -4.251471 8.004628 11.874999
v -8.251472 8.004630 14.249999
v -6.751472 8.004630 13.249999
v -8.251472 8.004630 14.249999
v -1.251472 8.004628 13.249999
v 6.749423 8.020195 14.250000
v -1.251472 8.004628 11.874999
v -4.251471 8.004628 11.874999
v -1.251472 8.004628 11.374999
v -4.251471 8.004628 11.374999
v -4.251471 8.004628 10.499999
v -4.251471 8.004628 10.499999
v -1.251472 8.004628 10.499999
v -1.251472 8.004628 11.374999
v 4.248625 8.003985 8.499999
v 1.248528 8.004628 10.499999
v -5.751476 -5.495366 16.250000
v 5.748522 -5.495374 16.250000
v -6.251476 -5.995366 16.250000
v -6.251476 -5.995366 16.250000
v -6.251472 -2.995368 16.250000
v -5.751472 -2.995368 16.250000
v -6.251472 -2.995368 16.250000
v -5.751472 5.504631 16.250000
v -5.751472 6.004630 16.250000
v -6.251472 6.004630 16.250000
v 5.748530 5.504627 16.250000
v 6.248530 6.004626 16.250000
v 6.248522 -5.995374 16.250000
v 5.748522 -5.495374 16.250000
v -6.251476 -5.995366 16.250000
v -6.251472 6.004630 16.250000
v -6.251472 -2.995368 16.250000
v -8.251472 8.004630 14.249999
v -8.251476 -7.995366 14.249999
v -6.251476 -5.995366 16.250000
v 5.748530 0.504627 15.250000
v 2.748528 5.504629 15.250000
v 5.748530 3.004628 15.250000
v 4.248529 5.504629 15.250000
v 5.748530 4.004627 15.250000
v 5.748530 4.504627 15.250000
v 4.748530 5.504627 15.250000
v 5.748530 5.504627 15.250000
v -5.751476 -4.495366 15.250000
v -4.751476 -5.495366 15.250000
v -5.751476 -5.495366 15.250000
v 0.248522 -5.495370 15.250000
v -1.251472 5.504629 15.250000
v 1.248528 5.504629 15.250000
v 5.748530 0.504627 15.250000
v 5.748530 -0.495373 15.250000
v 1.248522 -5.495370 15.250000
v 2.748522 -5.495370 15.250000
v 5.748530 -2.995372 15.250000
v 3.248522 -5.495370 15.250000
v 4.248523 -5.495370 15.250000
v 5.748530 -3.995372 15.250000
v 5.748522 -4.495374 15.250000
v 4.748522 -5.495374 15.250000
v 5.748522 -5.495374 15.250000
v -0.251478 -5.495370 15.250000
v -1.251472 5.504629 15.250000
v -5.751472 0.504631 15.250000
v -2.751472 5.504629 15.250000
v -5.751472 -0.495369 15.250000
v -1.251478 -5.495370 15.250000
v -2.751478 -5.495370 15.250000
v -5.751472 -2.995368 15.250000
v -3.251478 -5.495370 15.250000
v -5.751472 3.004632 15.250000
v -3.251472 5.504629 15.250000
v -4.251471 5.504629 15.250000
v -5.751472 4.004631 15.250000
v -5.751472 4.504631 15.250000
v -4.751472 5.504631 15.250000
v -5.751472 5.504631 15.250000
v 2.748576 3.004311 8.999999
v 2.748576 7.504310 8.999999
v 0.248577 3.004306 8.999999
v -2.751424 7.504310 8.999999
v -0.251423 3.004306 8.999999
v -2.751423 3.004306 8.999999
v -0.251471 3.004306 13.749999
v -2.751472 7.504629 13.749999
v -2.751472 3.004306 13.749999
v 4.149489 8.099998 13.120778
v 4.335204 8.099998 10.549129
v 4.335204 8.099998 13.120778
v 8.349923 3.091226 3.849999
v 8.349923 2.905511 3.849999
v 7.649922 3.091225 3.849999
v 7.649924 0.576046 3.849999
v 8.349925 0.390332 3.849999
v 7.649925 0.390331 3.849999
v -7.649922 -0.383074 1.078351
v -7.649922 -0.383074 0.878351
v -7.649922 -0.568788 1.078351
v -7.649924 -2.898253 1.078351
v -7.649925 -3.083967 3.849999
v -7.649924 -2.898253 3.650000
v -8.349923 6.415701 0.878351
v -7.649922 6.601415 0.878351
v -8.349923 6.601416 0.878351
v -8.349925 4.086237 0.878351
v -7.649925 3.900522 0.878351
v 8.349923 -0.568788 1.078351
v 8.349925 -3.083966 0.878351
v 8.349925 -2.898252 1.078351
v 8.349925 -2.898252 1.078351
v 8.349925 -3.083966 0.878351
v 8.349925 -3.083966 1.078351
v 8.349923 -0.568788 1.078351
v 8.349923 -0.383073 0.878351
v 8.349923 -0.383073 3.849999
v 7.649925 -6.597937 0.878351
v 7.649924 -6.412223 3.650000
v 7.649925 -6.597937 3.849999
v 7.649925 -6.597937 3.849999
v 7.649924 -6.412223 3.650000
v 7.649924 -6.412223 3.849999
v 7.649925 -6.597937 0.878351
v 7.649924 -6.412223 1.078351
v 7.649922 -3.897044 0.878351
v 7.649922 -4.082757 1.078351
v 7.649922 -4.082757 3.650000
v 8.349923 -3.897043 0.878351
v 8.349923 -4.082757 3.650000
v 8.349923 -3.897043 3.849999
v 8.349925 -6.597936 0.878351
v 8.349923 -4.082757 1.078351
v 8.349925 -6.412222 1.078351
v 8.349925 -6.412222 3.650000
v 8.349925 -6.597936 3.849999
v 8.349925 -6.412222 3.849999
v 8.349923 -3.897043 3.849999
v 8.349923 -4.082757 3.650000
v 8.349923 -4.082757 3.849999
v 8.349923 -3.897043 0.878351
v 8.349923 -4.082757 1.078351
v 8.349925 -6.412222 1.078351
v 8.349925 -6.597936 0.878351
v 8.349925 -6.412222 3.650000
v 1.350197 7.399998 13.320778
v 1.350197 8.099998 13.320778
v 1.350197 7.399998 13.120778
v 2.650000 6.348873 2.650000
v 2.650002 3.899997 2.849999
v 2.650002 4.085711 2.650000
v 2.650000 6.534588 -0.065588
v 2.650000 6.348873 -0.065588
v 2.650000 6.534588 2.849999
v 1.350197 7.399998 5.603570
v 1.350197 8.099998 5.803571
v 1.350197 8.099998 5.603570
v 1.350197 7.399998 13.120778
v 1.164483 7.399998 10.549129
v 1.164483 7.399998 13.120778
v -1.164982 7.399998 10.549129
v -1.350696 7.399998 10.349130
v -1.164982 7.399998 13.120778
v -1.131581 7.399998 2.650000
v 1.317295 7.399998 2.849999
v 1.131581 7.399998 2.650000
v -1.317295 7.399998 -0.065588
v -1.131581 7.399998 -0.065588
v -1.317295 7.399998 2.849999
v 4.149489 7.399998 10.349130
v 4.335204 7.399998 10.549129
v 6.664669 7.399998 10.349130
v 6.664669 7.399998 10.349130
v 4.335204 7.399998 10.549129
v 6.664669 7.399998 10.549129
v -1.317295 8.099998 2.849999
v 1.131581 8.099998 2.650000
v 1.317295 8.099998 2.849999
v -1.131581 8.099998 2.650000
v -1.317295 8.099998 -0.065588
v -1.131581 8.099998 -0.065588
v 6.850383 7.399998 10.349130
v 6.850383 8.099998 13.120778
v 6.850383 8.099998 10.349130
v 4.335204 8.099998 1.078351
v 4.149489 8.099998 0.878351
v 4.335204 8.099998 0.878351
v 4.335204 8.099998 3.650000
v 4.149489 8.099998 3.849999
v 4.335204 8.099998 3.650000
v 4.149489 8.099998 0.878351
v 4.335204 8.099998 1.078351
v 4.149489 8.099998 3.849999
v 6.850383 8.099998 3.849999
v 6.664669 8.099998 3.650000
v 6.850383 8.099998 1.078351
v 6.664669 8.099998 1.078351
v 4.149489 7.399998 3.849999
v 4.335204 7.399998 3.650000
v 4.149489 7.399998 3.650000
v 6.850383 7.399998 3.849999
v 6.664669 7.399998 3.650000
v 6.850383 7.399998 3.849999
v 6.850383 8.099998 3.849999
v 6.850383 7.399998 3.650000
v 6.850383 7.399998 0.878351
v 6.850383 8.099998 1.078351
v 6.850383 8.099998 0.878351
v -7.649922 6.601415 3.849999
v -7.649922 6.415701 3.650000
v -7.649922 6.415701 3.849999
v -8.349923 -0.383073 3.849999
v -7.649922 -0.383074 1.078351
v -7.649922 -0.383074 3.849999
v -1.350696 8.099998 10.349130
v -1.350696 7.399998 10.349130
v 1.164483 8.099998 10.349130
v -7.649925 -3.083967 5.603570
v -8.349923 -0.568788 5.603570
v -8.349925 -3.083966 5.603570
v -7.649922 -0.383074 5.603570
v -7.649922 -0.568788 5.603570
v 7.649922 6.601415 3.849999
v 7.649922 6.415701 1.078351
v 7.649922 6.601415 0.878351
v 7.649922 6.415701 3.650000
v 7.649924 4.086236 3.849999
v 7.649924 4.086236 3.650000
v -7.649925 -6.597937 0.878351
v -8.349925 -6.412222 0.878351
v -8.349925 -6.597936 0.878351
v -8.349923 -4.082757 0.878351
v -7.649922 -4.082757 0.878351
v -7.649922 -3.897044 0.878351
v -8.349923 -4.082757 0.878351
v -7.649922 -3.897044 0.878351
v -8.349923 -3.897043 0.878351
v -7.649925 -6.597937 0.878351
v -7.649922 -4.082757 0.878351
v -8.349925 -6.412222 0.878351
v 7.649925 3.900522 10.349130
v 8.349925 3.900523 10.549129
v 8.349925 3.900523 10.349130
v -7.649922 3.091225 0.878351
v -8.349923 3.091226 0.878351
v -7.649922 2.905511 0.878351
v 7.649922 3.091225 3.849999
v 7.649922 2.905511 1.078351
v 7.649922 3.091225 0.878351
v 7.649922 2.905511 3.650000
v 7.649924 0.576046 3.849999
v 7.649924 0.576046 3.650000
v 8.349923 3.091226 0.878351
v 8.349923 2.905511 3.650000
v 8.349923 3.091226 3.849999
v 8.349925 0.390332 0.878351
v 8.349923 2.905511 1.078351
v 8.349925 0.576046 1.078351
v 8.349925 0.576046 3.650000
v 8.349925 0.390332 3.849999
v 8.349925 0.576046 3.849999
v 8.349923 3.091226 3.849999
v 8.349923 2.905511 3.650000
v 8.349923 2.905511 3.849999
v 8.349923 3.091226 0.878351
v 8.349923 2.905511 1.078351
v 8.349925 0.576046 1.078351
v 8.349925 0.390332 0.878351
v 8.349925 0.576046 3.650000
v -7.649922 -4.082757 3.650000
v -7.649922 -3.897044 0.878351
v -7.649922 -4.082757 1.078351
v -7.649922 -3.897044 3.849999
v -7.649922 -4.082757 3.849999
v 1.164483 7.399998 8.375219
v 1.350197 7.399998 5.603570
v 1.164483 7.399998 5.803571
v -1.164982 7.399998 8.575218
v -1.164982 7.399998 8.375219
v 1.350197 7.399998 8.575218
v 1.164483 7.399998 5.603570
v 1.164483 7.399998 5.803571
v 1.350197 7.399998 5.603570
v 1.164483 7.399998 8.375219
v 1.350197 7.399998 8.575218
v 8.349923 6.601416 3.849999
v 7.649924 4.086236 3.849999
v 7.649922 6.601415 3.849999
v 8.349925 3.900523 3.849999
v 8.349925 4.086237 3.849999
v 7.649925 -3.083967 0.878351
v 8.349925 -3.083966 0.878351
v 7.649922 -0.568788 0.878351
v 7.649924 4.086236 8.575218
v 7.649925 3.900522 8.575218
v 7.649924 4.086236 8.375219
v -7.649922 -0.568788 3.849999
v -7.649922 -0.383074 3.849999
v -7.649922 -0.568788 3.650000
v 7.649924 -2.898253 1.078351
v 7.649922 -0.568788 0.878351
v 7.649922 -0.568788 1.078351
v 7.649924 -2.898253 3.650000
v 7.649925 -3.083967 3.849999
v 7.649924 -2.898253 1.078351
v 4.149489 8.099998 0.878351
v 4.149489 7.399998 0.878351
v 4.335204 8.099998 0.878351
v -8.349923 6.601416 3.849999
v -7.649922 6.601415 1.078351
v -7.649922 6.601415 3.849999
v -4.149489 7.399998 3.849999
v -6.664669 8.099998 3.849999
v -4.149489 8.099998 3.849999
v -8.349925 0.576046 3.849999
v -7.649925 0.390331 3.849999
v -8.349925 0.390332 3.849999
v -7.649922 3.091225 3.849999
v -8.349923 2.905511 3.849999
v -8.349923 3.091226 3.849999
v -7.649922 2.905511 3.849999
v -8.349925 0.576046 3.849999
v -7.649925 0.390331 3.849999
v -8.349923 6.601416 13.320778
v -7.649922 6.601415 10.549129
v -7.649922 6.601415 13.320778
v -7.649925 -6.597937 0.878351
v -7.649924 -6.412223 1.078351
v -7.649922 -4.082757 0.878351
v -7.649922 -4.082757 0.878351
v -7.649924 -6.412223 1.078351
v -7.649922 -4.082757 1.078351
v -7.649925 -6.597937 3.849999
v -7.649924 -6.412223 1.078351
v -7.649925 -6.597937 0.878351
v -7.649924 -6.412223 3.650000
v -7.649922 -4.082757 3.849999
v -7.649922 -4.082757 3.650000
v 7.649922 -0.568788 8.375219
v 7.649922 -0.568788 5.803571
v 7.649922 -0.383074 8.575218
v 7.649925 -6.597937 10.349130
v 8.349925 -6.597936 10.549129
v 8.349925 -6.597936 10.349130
v -8.349923 -0.383073 8.575218
v -7.649922 -0.568788 8.575218
v -8.349923 -0.568788 8.575218
v -8.349925 -3.083966 8.575218
v -7.649925 -3.083967 8.575218
v -8.349925 4.086237 3.650000
v -8.349925 3.900523 0.878351
v -8.349925 4.086237 1.078351
v -8.349923 6.415701 3.650000
v -8.349925 3.900523 3.849999
v -8.349923 6.601416 0.878351
v -8.349923 6.415701 1.078351
v -8.349923 6.415701 0.878351
v -8.349923 6.601416 0.878351
v -8.349923 6.601416 3.849999
v -8.349923 6.415701 1.078351
v -8.349923 6.601416 3.849999
v -8.349923 6.415701 3.650000
v -8.349923 6.415701 1.078351
v 7.649925 -3.083967 0.878351
v 8.349925 -3.083966 1.078351
v 8.349925 -3.083966 0.878351
v -8.349925 3.900523 3.849999
v -7.649922 6.415701 3.849999
v -7.649925 3.900522 3.849999
v -6.664669 8.099998 8.375219
v -6.850383 8.099998 5.603570
v -6.664669 8.099998 5.803571
v -4.335204 8.099998 8.575218
v -4.335204 8.099998 8.375219
v -6.850383 8.099998 8.575218
v -6.664669 8.099998 5.603570
v -6.664669 8.099998 5.803571
v -6.850383 8.099998 5.603570
v -6.664669 8.099998 8.375219
v -6.850383 8.099998 8.575218
v -8.349923 -0.568788 0.878351
v -7.649922 -0.383074 0.878351
v -8.349923 -0.383073 0.878351
v -8.349925 -2.898252 0.878351
v -7.649925 -3.083967 0.878351
v 8.349923 6.415701 1.078351
v 8.349925 3.900523 0.878351
v 8.349925 4.086237 1.078351
v 8.349925 4.086237 1.078351
v 8.349925 3.900523 0.878351
v 8.349925 3.900523 1.078351
v 8.349923 6.415701 1.078351
v 8.349923 6.601416 0.878351
v 8.349923 6.601416 3.849999
v -7.649925 0.390331 0.878351
v -7.649924 0.576046 1.078351
v -7.649922 2.905511 0.878351
v -7.649922 2.905511 0.878351
v -7.649924 0.576046 1.078351
v -7.649922 2.905511 1.078351
v -7.649925 0.390331 3.849999
v -7.649924 0.576046 1.078351
v -7.649925 0.390331 0.878351
v -7.649924 0.576046 3.650000
v -7.649922 2.905511 3.849999
v -7.649922 2.905511 3.650000
v -8.349925 0.390332 0.878351
v -8.349925 0.576046 3.650000
v -8.349925 0.390332 3.849999
v -8.349925 0.390332 3.849999
v -8.349925 0.576046 3.650000
v -8.349925 0.576046 3.849999
v -8.349925 0.390332 0.878351
v -8.349925 0.576046 1.078351
v -8.349923 2.905511 1.078351
v -8.349923 3.091226 0.878351
v -8.349923 2.905511 3.650000
v 8.349925 3.900523 8.575218
v 7.649925 3.900522 5.803571
v 7.649925 3.900522 8.575218
v -6.850383 8.099998 0.878351
v -6.850383 7.399998 1.078351
v -6.850383 7.399998 0.878351
v -4.335204 7.399998 1.078351
v -4.149489 7.399998 0.878351
v -4.335204 7.399998 0.878351
v -4.335204 7.399998 3.650000
v -4.149489 7.399998 3.849999
v -4.335204 7.399998 3.650000
v -4.149489 7.399998 0.878351
v -4.335204 7.399998 1.078351
v -4.149489 7.399998 3.849999
v -6.850383 7.399998 3.849999
v -6.664669 7.399998 3.650000
v -6.850383 7.399998 1.078351
v -6.664669 7.399998 1.078351
v -1.164982 8.099998 10.549129
v 1.164483 8.099998 10.349130
v 1.164483 8.099998 10.549129
v 8.349925 3.900523 10.549129
v 8.349925 4.086237 13.120778
v 8.349925 4.086237 10.549129
v 4.149489 8.099998 13.320778
v 4.149489 7.399998 13.120778
v 4.149489 8.099998 13.120778
v 4.149489 8.099998 10.349130
v 4.149489 7.399998 10.349130
v 8.349925 -3.083966 1.078351
v 8.349925 -2.898252 3.650000
v 8.349925 -2.898252 1.078351
v -7.649922 -0.383074 13.320778
v -7.649922 -0.568788 13.120778
v -7.649922 -0.568788 13.320778
v 8.349923 6.601416 8.575218
v 7.649924 4.086236 8.575218
v 7.649922 6.601415 8.575218
v 8.349925 3.900523 8.575218
v 8.349925 4.086237 8.575218
v -8.349925 -3.083966 13.320778
v -7.649922 -0.568788 13.320778
v -7.649925 -3.083967 13.320778
v 7.649925 -3.083967 5.603570
v 8.349923 -0.568788 5.603570
v 7.649922 -0.383074 5.603570
v 8.349925 -2.898252 5.603570
v 8.349925 -3.083966 5.603570
v 8.349923 -0.568788 5.603570
v 7.649925 -3.083967 5.603570
v 7.649922 -0.383074 5.603570
v 8.349923 -0.383073 5.603570
v 2.650000 6.348873 12.150001
v 2.650002 3.899997 12.350000
v 2.650002 4.085711 12.150001
v 2.650000 6.534588 9.434413
v 2.650000 6.348873 9.434413
v 2.650000 6.534588 12.350000
v 8.349923 6.415701 5.803571
v 8.349925 4.086237 5.603570
v 8.349925 4.086237 5.803571
v 8.349925 -6.597936 8.575218
v 7.649925 -6.597937 5.803571
v 7.649925 -6.597937 8.575218
v 8.349925 -6.597936 10.549129
v 8.349925 -6.412222 13.120778
v 8.349925 -6.412222 10.549129
v -1.164982 8.099998 8.575218
v -1.350696 8.099998 8.575218
v -1.164982 8.099998 8.375219
v -1.350696 8.099998 5.603570
v -1.164982 8.099998 5.803571
v 1.350197 8.099998 5.603570
v -1.350696 8.099998 8.575218
v -1.164982 8.099998 5.803571
v -1.164982 8.099998 8.375219
v 1.350197 8.099998 5.603570
v 1.164483 8.099998 5.803571
v 1.350197 8.099998 5.803571
v 1.350197 7.399998 8.575218
v -1.164982 8.099998 8.575218
v 1.350197 8.099998 8.575218
v -1.350696 7.399998 8.575218
v -1.164982 7.399998 8.575218
v -6.664669 7.399998 10.549129
v -6.850383 7.399998 13.320778
v -6.664669 7.399998 13.120778
v 8.349923 6.415701 10.549129
v 8.349925 3.900523 10.349130
v 8.349925 4.086237 10.549129
v 8.349925 4.086237 10.549129
v 8.349925 3.900523 10.349130
v 8.349925 3.900523 10.549129
v 8.349923 6.415701 10.549129
v 8.349923 6.601416 10.349130
v 8.349923 6.601416 13.320778
v 8.349923 -0.383073 8.575218
v 7.649924 -2.898253 8.575218
v 7.649922 -0.383074 8.575218
v 7.649922 -4.082757 8.375219
v 7.649922 -4.082757 5.803571
v 7.649922 -3.897044 8.575218
v 7.649922 -0.383074 3.849999
v 8.349923 -0.383073 3.849999
v 7.649922 -0.568788 3.849999
v 7.649925 -3.083967 3.849999
v 8.349925 -2.898252 3.849999
v 8.349925 -3.083966 3.849999
v -4.149489 8.099998 13.120778
v -4.149489 8.099998 13.320778
v -4.335204 8.099998 13.120778
v -8.349923 -3.897043 5.603570
v -8.349923 -4.082757 5.803571
v -8.349923 -4.082757 5.603570
v -8.349923 -3.897043 8.575218
v -8.349923 -4.082757 8.375219
v 7.649922 3.091225 5.603570
v 8.349923 2.905511 5.603570
v 8.349923 3.091226 5.603570
v 7.649924 0.576046 5.603570
v 8.349925 0.576046 5.603570
v 7.649925 0.390331 5.603570
v 8.349925 0.390332 5.603570
v -7.649922 6.415701 13.320778
v -7.649922 6.601415 13.320778
v -7.649922 6.415701 13.120778
v 7.649922 6.415701 8.375219
v 7.649922 6.415701 5.803571
v 7.649922 6.601415 8.575218
v 8.349925 -3.083966 8.575218
v 7.649925 -3.083967 5.803571
v 7.649925 -3.083967 8.575218
v 7.649922 3.091225 8.575218
v 7.649922 2.905511 5.803571
v 7.649922 3.091225 5.603570
v 7.649922 2.905511 8.375219
v 7.649924 0.576046 8.575218
v 7.649924 0.576046 8.375219
v -6.850383 8.099998 13.320778
v -6.664669 8.099998 13.320778
v -6.850383 7.399998 13.320778
v -4.335204 7.399998 13.320778
v -4.149489 8.099998 13.320778
v -4.149489 7.399998 13.320778
v 8.349923 -3.897043 8.575218
v 7.649924 -6.412223 8.575218
v 7.649922 -3.897044 8.575218
v 8.349925 -6.597936 8.575218
v 8.349925 -6.412222 8.575218
v -1.350696 7.399998 5.603570
v -1.164982 7.399998 5.803571
v 1.164483 7.399998 5.603570
v -1.164982 7.399998 5.803571
v -1.350696 7.399998 8.575218
v -1.164982 7.399998 8.375219
v 1.164483 7.399998 5.603570
v -1.164982 7.399998 5.803571
v 1.164483 7.399998 5.803571
v -7.649925 3.900522 5.603570
v -8.349923 6.415701 5.603570
v -8.349925 3.900523 5.603570
v -7.649922 6.601415 5.603570
v -7.649922 6.415701 5.603570
v 8.349923 3.091226 13.320778
v 7.649924 0.576046 13.320778
v 7.649922 3.091225 13.320778
v -7.649925 -6.597937 5.603570
v -7.649924 -6.412223 5.803571
v -7.649922 -4.082757 5.603570
v -7.649922 -4.082757 5.603570
v -7.649924 -6.412223 5.803571
v -7.649922 -4.082757 5.803571
v -7.649925 -6.597937 8.575218
v -7.649924 -6.412223 5.803571
v -7.649925 -6.597937 5.603570
v -7.649924 -6.412223 8.375219
v -7.649922 -4.082757 8.575218
v -7.649922 -4.082757 8.375219
v -8.349923 -4.082757 5.803571
v -8.349925 -6.412222 5.803571
v -8.349923 -4.082757 5.603570
v -7.649925 0.390331 5.603570
v -8.349923 2.905511 5.603570
v -8.349925 0.390332 5.603570
v -7.649922 3.091225 5.603570
v -7.649922 2.905511 5.603570
v -8.349923 -0.383073 5.603570
v -8.349923 -0.568788 5.803571
v -8.349923 -0.568788 5.603570
v -8.349923 -0.383073 8.575218
v -8.349923 -0.568788 8.375219
v 8.349923 -0.383073 13.320778
v 8.349923 -0.568788 13.320778
v 7.649922 -0.383074 13.320778
v 7.649924 -2.898253 13.320778
v 8.349925 -3.083966 13.320778
v 7.649925 -3.083967 13.320778
v -8.349923 6.601416 8.575218
v -7.649922 6.415701 8.575218
v -8.349923 6.415701 8.575218
v -8.349925 3.900523 8.575218
v -7.649925 3.900522 8.575218
v -8.349925 4.086237 5.803571
v -8.349923 6.415701 5.603570
v -8.349923 6.415701 5.803571
v -8.349925 4.086237 8.375219
v -8.349925 3.900523 8.575218
v -8.349925 4.086237 5.803571
v 8.349923 2.905511 8.375219
v 8.349923 3.091226 5.603570
v 8.349923 2.905511 5.803571
v 8.349923 3.091226 8.575218
v 8.349925 0.390332 8.575218
v 8.349925 0.576046 8.375219
v 8.349925 0.390332 5.603570
v 8.349925 0.576046 5.803571
v 8.349925 0.576046 5.603570
v 8.349923 2.905511 5.803571
v 8.349923 3.091226 5.603570
v 8.349923 2.905511 5.603570
v 8.349923 2.905511 8.375219
v 8.349923 3.091226 8.575218
v 7.649924 -6.412223 8.575218
v 7.649925 -6.597937 8.575218
v 7.649924 -6.412223 8.375219
v 8.349925 -6.412222 5.803571
v 8.349925 -6.597936 8.575218
v 8.349925 -6.412222 8.375219
v 8.349925 -6.597936 5.603570
v 8.349925 -6.412222 5.603570
v 8.349923 -4.082757 5.803571
v 8.349923 -3.897043 5.603570
v 8.349923 -4.082757 8.375219
v 8.349923 -3.897043 8.575218
v 8.349925 -6.412222 8.575218
v 8.349925 -6.412222 8.375219
v 8.349923 -4.082757 5.803571
v 8.349925 -6.412222 5.603570
v 8.349925 -6.412222 5.803571
v 7.649925 3.900522 0.878351
v 8.349925 3.900523 1.078351
v 8.349925 3.900523 0.878351
v -7.649925 3.900522 5.603570
v -7.649924 4.086236 5.803571
v -7.649922 6.415701 5.603570
v -7.649922 6.415701 5.603570
v -7.649924 4.086236 5.803571
v -7.649922 6.415701 5.803571
v -7.649925 3.900522 8.575218
v -7.649924 4.086236 5.803571
v -7.649925 3.900522 5.603570
v -7.649924 4.086236 8.375219
v -7.649922 6.415701 8.575218
v -7.649922 6.415701 8.375219
v 1.350197 8.099998 13.320778
v 1.350197 7.399998 13.320778
v 1.164483 8.099998 13.320778
v -1.350696 8.099998 13.320778
v -1.164982 7.399998 13.320778
v -1.350696 7.399998 13.320778
v -8.349923 3.091226 8.575218
v -7.649922 2.905511 8.575218
v -8.349923 2.905511 8.575218
v -8.349925 0.390332 8.575218
v -7.649925 0.390331 8.575218
v -7.649925 0.390331 5.603570
v -7.649924 0.576046 5.803571
v -7.649922 2.905511 5.603570
v -7.649922 2.905511 5.603570
v -7.649924 0.576046 5.803571
v -7.649922 2.905511 5.803571
v -7.649925 0.390331 8.575218
v -7.649924 0.576046 5.803571
v -7.649925 0.390331 5.603570
v -7.649924 0.576046 8.375219
v -7.649922 2.905511 8.575218
v -7.649922 2.905511 8.375219
v -6.850383 7.399998 1.078351
v -6.664669 7.399998 1.078351
v -6.850383 7.399998 0.878351
v -4.335204 7.399998 0.878351
v -6.664669 7.399998 1.078351
v -4.335204 7.399998 1.078351
v -8.349923 2.905511 5.803571
v -8.349925 0.576046 5.803571
v -8.349923 2.905511 5.603570
v -8.349923 6.601416 5.603570
v -8.349923 6.415701 5.803571
v -8.349923 6.415701 5.603570
v -8.349923 6.601416 8.575218
v -8.349923 6.415701 8.375219
v -8.349923 -3.897043 8.575218
v -7.649922 -4.082757 8.575218
v -8.349923 -4.082757 8.575218
v -8.349925 -6.597936 8.575218
v -7.649925 -6.597937 8.575218
v -7.649925 -3.083967 5.603570
v -7.649924 -2.898253 5.803571
v -7.649922 -0.568788 5.603570
v -7.649922 -0.568788 5.603570
v -7.649924 -2.898253 5.803571
v -7.649922 -0.568788 5.803571
v -7.649925 -3.083967 8.575218
v -7.649924 -2.898253 5.803571
v -7.649925 -3.083967 5.603570
v -7.649924 -2.898253 8.375219
v -7.649922 -0.568788 8.575218
v -7.649922 -0.568788 8.375219
v -8.349925 -2.898252 5.803571
v -8.349923 -0.568788 5.603570
v -8.349923 -0.568788 5.803571
v -8.349925 -2.898252 8.375219
v -8.349925 -3.083966 8.575218
v -8.349925 -2.898252 5.803571
v -7.649925 -6.597937 5.603570
v -8.349923 -4.082757 5.603570
v -8.349925 -6.597936 5.603570
v -7.649922 -3.897044 5.603570
v -7.649922 -4.082757 5.603570
v 8.349925 4.086237 5.803571
v 8.349925 3.900523 8.575218
v 8.349925 4.086237 8.375219
v 8.349925 3.900523 5.603570
v 8.349925 4.086237 5.603570
v 8.349923 6.415701 5.803571
v 8.349923 6.601416 5.603570
v 8.349923 6.415701 8.375219
v 8.349923 6.601416 8.575218
v 8.349925 4.086237 8.575218
v 8.349925 4.086237 8.375219
v -8.349923 3.091226 5.603570
v -8.349923 2.905511 5.803571
v -8.349923 2.905511 5.603570
v -8.349923 3.091226 8.575218
v -8.349923 2.905511 8.375219
v 6.850383 7.399998 0.878351
v 6.664669 7.399998 1.078351
v 6.850383 7.399998 3.650000
v 6.850383 7.399998 3.650000
v 6.664669 7.399998 1.078351
v 6.664669 7.399998 3.650000
v 6.850383 7.399998 0.878351
v 4.335204 7.399998 1.078351
v 4.149489 7.399998 0.878351
v -6.664669 8.099998 1.078351
v -4.149489 8.099998 0.878351
v -4.335204 8.099998 1.078351
v -4.149489 8.099998 1.078351
v -4.335204 8.099998 1.078351
v -4.149489 8.099998 0.878351
v -6.664669 8.099998 1.078351
v -6.850383 8.099998 0.878351
v -6.850383 8.099998 3.849999
v -6.850383 7.399998 8.575218
v -6.850383 8.099998 8.575218
v -6.664669 7.399998 8.575218
v -4.149489 7.399998 8.575218
v -4.335204 8.099998 8.575218
v -4.149489 8.099998 8.575218
v -6.664669 7.399998 5.803571
v -6.850383 7.399998 8.575218
v -6.664669 7.399998 8.375219
v -6.850383 7.399998 5.603570
v -4.335204 7.399998 5.603570
v -4.335204 7.399998 5.803571
v 8.349923 3.091226 8.575218
v 7.649924 0.576046 8.575218
v 7.649922 3.091225 8.575218
v -4.149489 8.099998 5.603570
v -4.335204 8.099998 5.803571
v -6.664669 8.099998 5.603570
v -4.335204 8.099998 5.803571
v -4.149489 8.099998 8.575218
v -4.335204 8.099998 8.375219
v -6.664669 8.099998 5.603570
v -4.335204 8.099998 5.803571
v -6.664669 8.099998 5.803571
v 6.850383 7.399998 5.803571
v 6.850383 7.399998 5.603570
v 6.664669 7.399998 5.803571
v 4.335204 7.399998 5.803571
v 4.149489 7.399998 8.575218
v 4.335204 7.399998 8.375219
v 6.664669 7.399998 5.803571
v 6.850383 7.399998 5.603570
v 4.149489 7.399998 5.603570
v 4.335204 7.399998 8.575218
v 4.335204 7.399998 8.375219
v 4.149489 7.399998 8.575218
v 4.335204 7.399998 5.803571
v 4.149489 7.399998 5.603570
v 6.850383 7.399998 8.575218
v 4.335204 8.099998 8.575218
v 6.850383 8.099998 8.575218
v 4.149489 7.399998 8.575218
v 4.335204 7.399998 8.575218
v 4.335204 8.099998 8.575218
v 4.149489 8.099998 8.575218
v 4.335204 8.099998 8.375219
v 4.149489 8.099998 5.603570
v 4.335204 8.099998 5.803571
v 6.850383 8.099998 5.603570
v 4.149489 8.099998 8.575218
v 4.335204 8.099998 5.803571
v 4.335204 8.099998 8.375219
v 6.850383 8.099998 5.603570
v 6.664669 8.099998 5.803571
v 6.850383 8.099998 5.803571
v 8.349925 3.900523 1.078351
v 8.349925 4.086237 3.650000
v 8.349925 4.086237 1.078351
v 7.649924 -6.412223 3.849999
v 8.349925 -6.597936 3.849999
v 7.649925 -6.597937 3.849999
v 8.349923 -4.082757 3.849999
v 7.649922 -3.897044 3.849999
v 8.349923 -3.897043 3.849999
v 8.349923 6.601416 13.320778
v 7.649924 4.086236 13.320778
v 7.649922 6.601415 13.320778
v 8.349925 3.900523 13.320778
v 8.349925 4.086237 13.320778
v 7.649922 -3.897044 13.320778
v 7.649922 -4.082757 10.549129
v 7.649922 -3.897044 10.349130
v 7.649922 -4.082757 13.120778
v 7.649924 -6.412223 13.320778
v 7.649924 -6.412223 13.120778
v -1.164982 7.399998 13.320778
v 1.164483 7.399998 13.120778
v -1.164982 7.399998 13.120778
v 1.350197 8.099998 10.349130
v 1.164483 8.099998 10.549129
v 1.164483 8.099998 10.349130
v 1.350197 8.099998 13.320778
v 1.164483 8.099998 13.120778
v -4.149489 7.399998 0.878351
v -4.149489 8.099998 1.078351
v -4.149489 8.099998 0.878351
v 7.649922 6.601415 13.320778
v 7.649922 6.415701 10.549129
v 7.649922 6.601415 10.349130
v 7.649922 6.415701 13.120778
v 7.649924 4.086236 13.320778
v 7.649924 4.086236 13.120778
v 3.350002 4.085712 2.650000
v 3.350000 6.534588 2.849999
v 3.350000 6.348874 2.650000
v 7.649925 3.900522 10.349130
v 8.349925 3.900523 10.349130
v 7.649924 4.086236 10.349130
v 7.649924 0.576046 10.349130
v 8.349923 2.905511 10.349130
v 7.649922 3.091225 10.349130
v 7.649922 3.091225 10.349130
v 8.349923 2.905511 10.349130
v 8.349923 3.091226 10.349130
v 7.649924 0.576046 10.349130
v 8.349925 0.576046 10.349130
v 7.649925 0.390331 10.349130
v 8.349925 0.390332 10.349130
v 7.649924 4.086236 3.650000
v 7.649925 3.900522 0.878351
v 7.649924 4.086236 1.078351
v 7.649925 3.900522 3.849999
v 7.649924 4.086236 3.849999
v 7.649922 3.091225 13.320778
v 7.649922 2.905511 10.549129
v 7.649922 3.091225 10.349130
v 7.649922 2.905511 13.120778
v 7.649924 0.576046 13.320778
v 7.649924 0.576046 13.120778
v 8.349923 2.905511 13.120778
v 8.349923 3.091226 13.320778
v 8.349923 2.905511 10.549129
v 8.349925 0.576046 13.120778
v 8.349923 3.091226 13.320778
v 8.349923 2.905511 13.120778
v 7.649922 -0.383074 13.320778
v 7.649922 -0.568788 10.549129
v 7.649922 -0.383074 10.349130
v 7.649922 -0.568788 13.120778
v 7.649924 -2.898253 13.320778
v 7.649924 -2.898253 13.120778
v 8.349923 -3.897043 13.320778
v 7.649924 -6.412223 13.320778
v 7.649922 -3.897044 13.320778
v 8.349925 -6.597936 13.320778
v 8.349925 -6.412222 13.320778
v 7.649925 -3.083967 10.349130
v 8.349925 -3.083966 10.349130
v 7.649924 -2.898253 10.349130
v -8.349923 -0.383073 13.320778
v -7.649922 -0.383074 10.549129
v -7.649922 -0.383074 13.320778
v -7.649922 6.601415 10.549129
v -7.649922 6.601415 10.349130
v -7.649922 6.415701 10.549129
v -7.649924 4.086236 10.549129
v -7.649925 3.900522 13.320778
v -7.649924 4.086236 13.120778
v 3.350002 4.085712 12.150001
v 3.350000 6.534588 12.350000
v 3.350000 6.348874 12.150001
v 8.349923 -0.383073 10.349130
v 8.349923 -0.568788 13.120778
v 8.349923 -0.383073 13.320778
v 8.349923 -0.383073 13.320778
v 8.349923 -0.568788 13.120778
v 8.349923 -0.568788 13.320778
v 8.349923 -0.383073 10.349130
v 8.349923 -0.568788 10.549129
v 8.349925 -2.898252 10.549129
v 8.349925 -3.083966 10.349130
v 8.349925 -2.898252 13.120778
v -7.649922 -0.383074 10.549129
v -7.649922 -0.383074 10.349130
v -7.649922 -0.568788 10.549129
v -7.649924 -2.898253 10.549129
v -7.649925 -3.083967 13.320778
v -7.649924 -2.898253 13.120778
v -7.649925 -6.597937 13.320778
v -7.649924 -6.412223 10.549129
v -7.649925 -6.597937 10.349130
v -7.649922 -3.897044 13.320778
v -7.649924 -6.412223 13.120778
v -7.649922 -4.082757 10.549129
v -7.649922 -3.897044 10.349130
v -7.649922 -4.082757 10.349130
v -7.649925 -6.597937 10.349130
v -7.649924 -6.412223 10.549129
v -7.649924 -6.412223 10.349130
v -7.649925 -6.597937 13.320778
v -7.649924 -6.412223 13.120778
v -7.649924 -6.412223 10.549129
v -7.649922 -4.082757 13.120778
v -7.649922 -3.897044 13.320778
v -7.649922 -4.082757 10.549129
v -7.649922 3.091225 13.320778
v -8.349925 0.576046 13.320778
v -8.349923 3.091226 13.320778
v 4.149489 8.099998 0.878351
v 4.149489 7.399998 3.650000
v 4.149489 7.399998 0.878351
v -8.349925 -6.412222 13.120778
v -8.349925 -6.597936 10.349130
v -8.349925 -6.412222 10.549129
v -8.349923 -4.082757 13.120778
v -8.349925 -6.597936 13.320778
v -8.349923 -3.897043 13.320778
v -8.349923 -3.897043 10.349130
v -8.349923 -4.082757 10.549129
v -8.349923 -4.082757 10.349130
v 7.649925 -3.083967 8.575218
v 7.649924 -2.898253 8.375219
v 7.649924 -2.898253 8.575218
v 7.649924 0.576046 13.120778
v 7.649925 0.390331 10.349130
v 7.649924 0.576046 10.549129
v 7.649925 0.390331 13.320778
v 7.649924 0.576046 13.320778
v -8.349925 4.086237 13.120778
v -8.349925 3.900523 10.349130
v -8.349925 4.086237 10.549129
v -8.349923 6.415701 13.120778
v -8.349925 3.900523 13.320778
v -8.349923 6.601416 13.320778
v -8.349923 6.601416 10.349130
v -8.349923 6.415701 10.549129
v -8.349923 6.415701 10.349130
v -8.349925 -3.083966 3.849999
v -7.649922 -0.568788 3.849999
v -7.649925 -3.083967 3.849999
v -8.349925 -6.597936 3.849999
v -7.649922 -4.082757 3.849999
v -7.649925 -6.597937 3.849999
v -7.649925 0.390331 10.349130
v -8.349925 0.576046 10.349130
v -8.349925 0.390332 10.349130
v -7.649924 0.576046 10.349130
v -7.649922 2.905511 10.349130
v -7.649922 3.091225 10.349130
v -8.349923 3.091226 10.349130
v -8.349925 0.576046 10.349130
v -7.649922 2.905511 10.349130
v -8.349923 3.091226 10.349130
v -7.649924 0.576046 10.349130
v -7.649925 0.390331 10.349130
v 7.649922 -0.383074 0.878351
v 7.649922 -0.568788 1.078351
v 7.649922 -0.568788 0.878351
v 7.649922 -0.383074 3.849999
v 7.649922 -0.568788 3.650000
v 8.349923 -4.082757 10.549129
v 8.349925 -6.597936 10.349130
v 8.349925 -6.412222 10.549129
v 8.349925 -6.412222 10.549129
v 8.349925 -6.597936 10.349130
v 8.349925 -6.597936 10.549129
v 8.349923 -4.082757 10.549129
v 8.349923 -3.897043 10.349130
v 8.349923 -3.897043 13.320778
v -7.649925 0.390331 13.320778
v -7.649924 0.576046 10.549129
v -7.649925 0.390331 10.349130
v -7.649922 3.091225 13.320778
v -7.649924 0.576046 13.120778
v -7.649922 2.905511 10.549129
v -7.649922 3.091225 10.349130
v -7.649922 2.905511 10.349130
v -7.649925 0.390331 10.349130
v -7.649924 0.576046 10.549129
v -7.649924 0.576046 10.349130
v -7.649925 0.390331 13.320778
v -7.649924 0.576046 13.120778
v -7.649924 0.576046 10.549129
v -7.649922 2.905511 13.120778
v -7.649922 3.091225 13.320778
v -7.649922 2.905511 10.549129
v -8.349925 0.576046 13.120778
v -8.349925 0.390332 10.349130
v -8.349925 0.576046 10.549129
v -8.349925 0.390332 13.320778
v -8.349925 0.576046 13.320778
v -8.349925 3.900523 13.320778
v -7.649922 6.415701 13.320778
v -7.649925 3.900522 13.320778
v -7.649922 6.601415 1.078351
v -7.649922 6.601415 0.878351
v -7.649922 6.415701 1.078351
v -7.649924 4.086236 1.078351
v -7.649925 3.900522 3.849999
v -7.649924 4.086236 3.650000
v 7.649925 3.900522 13.320778
v 7.649924 4.086236 13.120778
v 7.649924 4.086236 13.320778
v 7.649925 3.900522 10.349130
v 7.649924 4.086236 10.549129
v 6.850383 8.099998 1.078351
v 6.664669 8.099998 1.078351
v 6.850383 8.099998 0.878351
v 4.335204 8.099998 0.878351
v 6.664669 8.099998 1.078351
v 4.335204 8.099998 1.078351
v -7.649925 -6.597937 10.349130
v -8.349925 -6.412222 10.349130
v -8.349925 -6.597936 10.349130
v -7.649924 -6.412223 10.349130
v -8.349923 -4.082757 10.349130
v -7.649922 -4.082757 10.349130
v -7.649922 -3.897044 10.349130
v -8.349923 -4.082757 10.349130
v -7.649922 -3.897044 10.349130
v -8.349923 -3.897043 10.349130
v -7.649925 -6.597937 10.349130
v -7.649924 -6.412223 10.349130
v -8.349925 -6.412222 10.349130
v 6.850383 8.099998 8.575218
v 6.850383 7.399998 5.803571
v 6.850383 7.399998 8.575218
v 6.850383 8.099998 5.603570
v 6.850383 8.099998 5.803571
v -6.850383 8.099998 10.349130
v -6.664669 8.099998 13.120778
v -6.850383 8.099998 13.320778
v -6.850383 8.099998 13.320778
v -6.664669 8.099998 13.120778
v -6.664669 8.099998 13.320778
v -6.850383 8.099998 10.349130
v -6.664669 8.099998 10.549129
v -4.335204 8.099998 10.549129
v -4.149489 8.099998 10.349130
v 7.649925 -6.597937 10.349130
v 8.349925 -6.597936 10.349130
v 7.649924 -6.412223 10.349130
v -4.149489 7.399998 10.349130
v -4.149489 8.099998 13.120778
v -4.149489 8.099998 10.349130
v -8.349925 -2.898252 13.120778
v -8.349925 -3.083966 10.349130
v -8.349925 -2.898252 10.549129
v -8.349923 -0.568788 13.120778
v -8.349925 -3.083966 13.320778
v -8.349923 -0.383073 13.320778
v -8.349923 -0.383073 10.349130
v -8.349923 -0.568788 10.549129
v -8.349923 -0.568788 10.349130
v 6.850383 8.099998 13.320778
v 6.664669 8.099998 13.120778
v 6.850383 8.099998 13.120778
v 4.149489 8.099998 13.320778
v 4.335204 8.099998 13.120778
v -3.350000 6.348874 7.399999
v -3.350002 3.899998 7.599999
v -3.350002 4.085712 7.399999
v -3.350000 6.534588 4.684412
v -3.350000 6.348874 4.684412
v -3.350000 6.534588 7.599999
v 8.248530 3.004628 13.249999
v 7.748530 3.004628 10.499999
v 7.748530 3.004628 13.249999
v 8.248530 3.004628 10.499999
v -1.250696 8.002628 5.749999
v -1.251375 7.503986 8.499999
v -1.251375 8.003985 8.499999
v -1.250696 7.502629 5.749999
v 1.249644 7.501083 2.750000
v 1.250002 7.999998 0.000000
v 1.249644 8.001082 2.750000
v 1.250002 7.499998 0.000000
v 6.748627 7.503984 8.500000
v 6.750197 8.018195 5.750000
v 6.749519 8.019552 8.500000
v 6.749305 7.502627 5.749999
v -7.750512 6.501394 3.750000
v -8.250078 6.500526 1.000000
v -8.250512 6.501394 3.750000
v -7.750078 6.500526 1.000000
v 4.249489 7.501392 3.750000
v 4.249923 8.000525 1.000000
v 4.249923 7.500525 1.000000
v 4.249489 8.001392 3.750000
v 7.749925 0.500522 1.000000
v 8.249491 0.501390 3.750000
v 7.749491 0.501390 3.750000
v 8.249925 0.500522 1.000000
v -8.250078 6.500526 1.000000
v -7.750078 4.000526 1.000000
v -8.250078 4.000526 1.000000
v -7.750078 6.500526 1.000000
v 7.749925 6.500523 1.000000
v 8.249925 4.000523 1.000000
v 7.749925 4.000523 1.000000
v 8.249925 6.500523 1.000000
v -4.250077 8.000525 1.000000
v -6.750078 7.500526 1.000000
v -6.750078 8.000526 1.000000
v -4.250077 7.500525 1.000000
v 4.249923 8.000525 1.000000
v 6.749925 7.500523 1.000000
v 4.249923 7.500525 1.000000
v 6.750817 8.016091 1.000000
v 8.249491 -0.498610 3.750000
v 7.749925 -0.499478 1.000000
v 7.749491 -0.498610 3.750000
v 8.249925 -0.499478 1.000000
v -8.250078 3.000526 1.000000
v -7.750078 0.500526 1.000000
v -8.250078 0.500526 1.000000
v -7.750078 3.000526 1.000000
v 7.749925 3.000522 1.000000
v 8.249925 0.500522 1.000000
v 7.749925 0.500522 1.000000
v 8.249925 3.000522 1.000000
v -8.250078 0.500526 1.000000
v -7.750512 0.501394 3.750000
v -8.250512 0.501394 3.750000
v -7.750078 0.500526 1.000000
v -7.750512 -0.498606 3.750000
v -8.250078 -0.499474 1.000000
v -8.250512 -0.498606 3.750000
v -7.750078 -0.499474 1.000000
v 7.749925 -2.999478 1.000000
v 8.249491 -2.998610 3.750000
v 7.749491 -2.998610 3.750000
v 8.249925 -2.999478 1.000000
v -8.250078 -2.999474 1.000000
v -7.750078 -0.499474 1.000000
v -7.750078 -2.999474 1.000000
v -8.250078 -0.499474 1.000000
v -8.250078 -3.999474 1.000000
v -7.750082 -6.499471 1.000000
v -8.250082 -6.499471 1.000000
v -7.750078 -3.999474 1.000000
v 7.749925 -3.999478 1.000000
v 8.249916 -6.499478 1.000000
v 7.749916 -6.499478 1.000000
v 8.249925 -3.999478 1.000000
v 7.749925 4.000523 1.000000
v 8.249491 4.001390 3.750000
v 7.749491 4.001390 3.750000
v 8.249925 4.000523 1.000000
v -7.750082 -6.499471 1.000000
v -7.750516 -7.498603 3.750000
v -7.750516 -6.498603 3.750000
v -7.750082 -7.499471 1.000000
v -7.750003 -7.499997 -0.000000
v -7.750078 -3.999474 1.000000
v -7.750078 -2.999474 1.000000
v -7.750512 -3.998606 3.750000
v -7.750078 -0.499474 1.000000
v -7.749999 7.500000 0.000000
v -7.750078 0.500526 1.000000
v -7.750512 -0.498606 3.750000
v -7.750512 0.501394 3.750000
v -7.750078 3.000526 1.000000
v -7.750078 4.000526 1.000000
v -7.750512 3.001394 3.750000
v -7.750512 4.001394 3.750000
v -7.750078 6.500526 1.000000
v -7.750078 7.500526 1.000000
v -7.750512 6.501394 3.750000
v -7.750512 7.501394 3.750000
v -7.750556 -7.498333 4.250000
v -7.750516 -6.498603 3.750000
v -7.750516 -7.498603 3.750000
v -7.750512 -2.998606 3.750000
v -7.750512 -0.498606 3.750000
v -7.750512 0.501394 3.750000
v -7.750553 7.501664 4.250000
v -7.750512 3.001394 3.750000
v -7.750512 4.001394 3.750000
v -7.750512 6.501394 3.750000
v -7.750512 7.501394 3.750000
v 8.249491 -3.998610 3.750000
v 7.749925 -3.999478 1.000000
v 7.749491 -3.998610 3.750000
v 8.249925 -3.999478 1.000000
v -8.250082 -6.499471 1.000000
v -7.750516 -6.498603 3.750000
v -8.250516 -6.498603 3.750000
v -7.750082 -6.499471 1.000000
v -6.750512 7.501394 3.750000
v -6.750078 8.000526 1.000000
v -6.750078 7.500526 1.000000
v -6.750512 8.001394 3.750000
v -7.750512 -3.998606 3.750000
v -8.250078 -3.999474 1.000000
v -8.250512 -3.998606 3.750000
v -7.750078 -3.999474 1.000000
v 3.249644 6.501083 2.750000
v 2.750002 6.499998 0.000000
v 2.749644 6.501083 2.750000
v 3.250002 6.499998 0.000000
v -6.751472 8.004630 13.249999
v -6.751472 7.504631 10.499999
v -6.751472 7.504631 13.249999
v -6.751472 8.004630 10.499999
v -8.250512 -3.998606 3.750000
v -8.250078 -2.999474 1.000000
v -8.250512 -2.998606 3.750000
v -8.250078 -3.999474 1.000000
v -8.250078 4.000526 1.000000
v -7.750512 4.001394 3.750000
v -8.250512 4.001394 3.750000
v -7.750078 4.000526 1.000000
v 8.249491 6.501390 3.750000
v 7.749925 6.500523 1.000000
v 7.749491 6.501390 3.750000
v 8.249925 6.500523 1.000000
v 7.749916 -6.499478 1.000000
v 8.249482 -6.498610 3.750000
v 7.749482 -6.498610 3.750000
v 8.249916 -6.499478 1.000000
v 7.749491 -3.998610 3.750000
v 7.749925 -2.999478 1.000000
v 7.749491 -2.998610 3.750000
v 7.749925 -3.999478 1.000000
v 7.749995 -7.500005 -0.000000
v 7.749925 -0.499478 1.000000
v 7.749916 -6.499478 1.000000
v 7.749916 -7.499478 1.000000
v 7.749482 -7.498610 3.750000
v 7.749482 -6.498610 3.750000
v 7.750004 7.499996 0.000000
v 7.749925 0.500522 1.000000
v 7.749925 3.000522 1.000000
v 7.749925 4.000523 1.000000
v 7.749491 3.001390 3.750000
v 7.749491 4.001390 3.750000
v 7.749925 6.500523 1.000000
v 7.749925 7.500523 1.000000
v 7.749491 6.501390 3.750000
v 7.749491 7.501390 3.750000
v 7.749491 -0.498610 3.750000
v 7.749491 0.501390 3.750000
v 7.749442 -7.498341 4.250000
v 7.749491 -2.998610 3.750000
v 7.749491 -3.998610 3.750000
v 7.749482 -6.498610 3.750000
v 7.749482 -7.498610 3.750000
v 7.749450 7.501660 4.250000
v 7.749491 3.001390 3.750000
v 7.749491 4.001390 3.750000
v 7.749491 6.501390 3.750000
v 7.749491 7.501390 3.750000
v -8.250512 -0.498606 3.750000
v -8.250078 0.500526 1.000000
v -8.250512 0.501394 3.750000
v -8.250078 -0.499474 1.000000
v -7.751376 -2.996011 8.499999
v -8.250697 -2.997369 5.749999
v -7.750698 -2.997369 5.749999
v -8.251376 -2.996011 8.499999
v -0.251423 3.004306 9.499999
v 0.248577 3.004306 13.749999
v -0.251471 3.004306 13.749999
v 0.248577 3.004306 9.499999
v 2.748528 3.004306 11.624999
v 2.748528 3.004306 9.499999
v 0.248577 3.004306 13.749999
v 2.748528 3.004306 13.749999
v -7.750512 3.001394 3.750000
v -8.250078 3.000526 1.000000
v -8.250512 3.001394 3.750000
v -7.750078 3.000526 1.000000
v 8.249491 3.001390 3.750000
v 7.749925 3.000522 1.000000
v 7.749491 3.001390 3.750000
v 8.249925 3.000522 1.000000
v 6.749491 7.501390 3.750000
v 6.750817 8.016091 1.000000
v 6.750383 8.016959 3.750000
v 6.749925 7.500523 1.000000
v 0.250002 2.999998 0.000000
v -2.750286 3.000943 2.375000
v -2.749998 2.999998 0.000000
v -0.250551 3.001662 4.250000
v -2.750551 3.001662 4.250000
v 0.249449 3.001662 4.250000
v 3.249644 6.501083 2.750000
v 2.749644 4.001083 2.750000
v 3.249644 4.001083 2.750000
v 2.749644 6.501083 2.750000
v -1.250356 7.501083 2.750000
v 1.249644 8.001082 2.750000
v -1.250356 8.001082 2.750000
v 1.249644 7.501083 2.750000
v -2.751472 0.504629 11.624999
v -0.251471 3.004306 13.749999
v -2.751472 3.004306 13.749999
v -0.251423 0.504305 11.624999
v -2.751472 -1.995371 11.624999
v 2.748528 -1.995371 11.624999
v 0.248577 0.504305 11.624999
v 2.748528 0.504629 11.624999
v -7.750516 -6.498603 3.750000
v -8.250512 -3.998606 3.750000
v -8.250516 -6.498603 3.750000
v -7.750512 -3.998606 3.750000
v -7.750512 -2.998606 3.750000
v -8.250512 -0.498606 3.750000
v -8.250512 -2.998606 3.750000
v -7.750512 -0.498606 3.750000
v -7.750512 0.501394 3.750000
v -8.250512 3.001394 3.750000
v -8.250512 0.501394 3.750000
v -7.750512 3.001394 3.750000
v -7.750512 4.001394 3.750000
v -8.250512 6.501394 3.750000
v -8.250512 4.001394 3.750000
v -7.750512 6.501394 3.750000
v -6.750512 7.501394 3.750000
v -4.250511 8.001392 3.750000
v -6.750512 8.001394 3.750000
v -4.250511 7.501392 3.750000
v 4.249489 8.001392 3.750000
v 6.749491 7.501390 3.750000
v 6.750383 8.016959 3.750000
v 4.249489 7.501392 3.750000
v 8.249491 4.001390 3.750000
v 7.749491 6.501390 3.750000
v 7.749491 4.001390 3.750000
v 8.249491 6.501390 3.750000
v 8.249491 0.501390 3.750000
v 7.749491 3.001390 3.750000
v 7.749491 0.501390 3.750000
v 8.249491 3.001390 3.750000
v 8.249491 -2.998610 3.750000
v 7.749491 -0.498610 3.750000
v 7.749491 -2.998610 3.750000
v 8.249491 -0.498610 3.750000
v 8.249482 -6.498610 3.750000
v 7.749491 -3.998610 3.750000
v 7.749482 -6.498610 3.750000
v 8.249491 -3.998610 3.750000
v -1.249998 7.999998 0.000000
v -1.250356 7.501083 2.750000
v -1.250356 8.001082 2.750000
v -1.249998 7.499998 0.000000
v 2.748528 0.504629 11.624999
v 0.248577 3.004306 8.999999
v 0.248577 0.504305 11.624999
v 2.748576 3.004311 8.999999
v -8.251472 -2.995368 13.249999
v -7.751472 -2.995368 10.499999
v -7.751472 -2.995368 13.249999
v -8.251472 -2.995368 10.499999
v -0.250599 3.001981 4.750000
v 0.248577 3.004306 8.999999
v -0.251423 3.004306 8.999999
v 0.249401 3.001981 4.750000
v -0.251086 0.503409 7.124999
v -0.251423 3.004306 8.999999
v -0.250989 0.503090 6.624999
v -0.251423 3.004306 9.499999
v 8.249925 4.000523 1.000000
v 8.249491 3.001390 3.750000
v 8.249491 4.001390 3.750000
v 8.249925 3.000522 1.000000
v -7.751376 6.503988 8.499999
v -8.250697 6.502631 5.749999
v -8.251376 6.503988 8.499999
v -7.750698 6.502631 5.749999
v 8.248627 6.503984 8.499999
v 7.749305 6.502627 5.749999
v 7.748627 6.503984 8.499999
v 8.249306 6.502627 5.749999
v 8.248627 3.003985 8.499999
v 7.749305 3.002627 5.749999
v 7.748627 3.003985 8.499999
v 8.249306 3.002627 5.749999
v 7.749297 -6.497374 5.749999
v 8.248618 -6.496016 8.499999
v 7.748618 -6.496016 8.499999
v 8.249297 -6.497374 5.749999
v 7.749305 0.502627 5.749999
v 8.248627 0.503985 8.499999
v 7.748627 0.503985 8.499999
v 8.249306 0.502627 5.749999
v -8.250697 0.502631 5.749999
v -7.751376 0.503988 8.499999
v -8.251376 0.503988 8.499999
v -7.750698 0.502631 5.749999
v -7.751376 3.003989 8.499999
v -8.250697 3.002631 5.749999
v -8.251376 3.003989 8.499999
v -7.750698 3.002631 5.749999
v -8.250697 4.002631 5.749999
v -7.751376 4.003988 8.499999
v -8.251376 4.003988 8.499999
v -7.750698 4.002631 5.749999
v -3.250599 4.001981 4.750000
v -2.751184 4.003603 7.499999
v -3.251184 4.003603 7.499999
v -2.750599 4.001981 4.750000
v -8.250701 -6.497366 5.749999
v -7.751380 -6.496009 8.499999
v -8.251380 -6.496009 8.499999
v -7.750701 -6.497366 5.749999
v 1.249304 7.502629 5.749999
v -1.250696 8.002628 5.749999
v 1.249304 8.002628 5.749999
v -1.250696 7.502629 5.749999
v 8.248627 -0.496015 8.499999
v 7.749305 -0.497373 5.749999
v 7.748627 -0.496015 8.499999
v 8.249306 -0.497373 5.749999
v 6.749305 7.502627 5.749999
v 4.249304 8.002628 5.749999
v 6.750197 8.018195 5.750000
v 4.249304 7.502629 5.749999
v 8.249306 4.002627 5.749999
v 7.749305 6.502627 5.749999
v 8.249306 6.502627 5.749999
v 7.749305 4.002627 5.749999
v 8.249306 0.502627 5.749999
v 7.749305 3.002627 5.749999
v 8.249306 3.002627 5.749999
v 7.749305 0.502627 5.749999
v 8.249306 -2.997373 5.749999
v 7.749305 -0.497373 5.749999
v 8.249306 -0.497373 5.749999
v 7.749305 -2.997373 5.749999
v 8.249297 -6.497374 5.749999
v 7.749305 -3.997373 5.749999
v 8.249306 -3.997373 5.749999
v 7.749297 -6.497374 5.749999
v -4.250696 8.002628 5.749999
v -6.750698 7.502631 5.749999
v -6.750698 8.002630 5.749999
v -4.250696 7.502629 5.749999
v -8.250697 6.502631 5.749999
v -7.750698 4.002631 5.749999
v -8.250697 4.002631 5.749999
v -7.750698 6.502631 5.749999
v -8.250697 3.002631 5.749999
v -7.750698 0.502631 5.749999
v -8.250697 0.502631 5.749999
v -7.750698 3.002631 5.749999
v -8.250697 -0.497369 5.749999
v -7.750698 -2.997369 5.749999
v -8.250697 -2.997369 5.749999
v -7.750698 -0.497369 5.749999
v -7.750701 -6.497366 5.749999
v -8.250697 -3.997369 5.749999
v -7.750698 -3.997369 5.749999
v -8.250701 -6.497366 5.749999
v 8.248627 -3.996015 8.499999
v 7.749305 -3.997373 5.749999
v 7.748627 -3.996015 8.499999
v 8.249306 -3.997373 5.749999
v -4.251375 7.503986 8.499999
v -4.250696 8.002628 5.749999
v -4.251375 8.003985 8.499999
v -4.250696 7.502629 5.749999
v -8.251376 -3.996011 8.499999
v -8.250697 -2.997369 5.749999
v -8.251376 -2.996011 8.499999
v -8.250697 -3.997369 5.749999
v -7.751376 -3.996011 8.499999
v -8.250697 -3.997369 5.749999
v -8.251376 -3.996011 8.499999
v -7.750698 -3.997369 5.749999
v 7.749305 -2.997373 5.749999
v 8.248627 -2.996015 8.499999
v 7.748627 -2.996015 8.499999
v 8.249306 -2.997373 5.749999
v -7.751376 -3.996011 8.499999
v -7.750698 -2.997369 5.749999
v -7.750698 -3.997369 5.749999
v -7.751376 -2.996011 8.499999
v -7.751376 -0.496012 8.499999
v -8.250697 -0.497369 5.749999
v -8.251376 -0.496012 8.499999
v -7.750698 -0.497369 5.749999
v -8.251472 -0.495369 13.249999
v -7.751472 -0.495369 10.499999
v -8.251472 -0.495369 10.499999
v -7.751472 -0.495369 13.249999
v -2.750989 0.503090 6.624999
v -0.251423 3.004306 8.999999
v -2.751423 3.004306 8.999999
v -0.250989 0.503090 6.624999
v 7.749305 4.002627 5.749999
v 8.248627 4.003984 8.499999
v 7.748627 4.003984 8.499999
v 8.249306 4.002627 5.749999
v 7.748627 -3.996015 8.499999
v 7.749305 -2.997373 5.749999
v 7.748627 -2.996015 8.499999
v 7.749305 -3.997373 5.749999
v 0.249449 3.001662 4.250000
v 2.749133 0.502970 6.624760
v 2.749449 3.001662 4.250000
v 0.249449 0.503090 6.624999
v 2.749133 -1.997030 6.624760
v -0.250989 0.503090 6.624999
v -2.750867 -1.997030 6.624760
v -2.750989 0.503090 6.624999
v -7.751472 6.504631 13.249999
v -8.251472 6.504631 10.499999
v -8.251472 6.504631 13.249999
v -7.751472 6.504631 10.499999
v -8.251472 0.504631 13.249999
v -7.751472 0.504631 10.499999
v -7.751472 0.504631 13.249999
v -8.251472 0.504631 10.499999
v -7.751472 -3.995368 13.249999
v -8.251472 -3.995368 10.499999
v -8.251472 -3.995368 13.249999
v -7.751472 -3.995368 10.499999
v -0.250551 0.501662 2.375000
v 0.248914 0.503409 7.124999
v 0.249714 0.500943 2.375000
v -0.251086 0.503409 7.124999
v 0.248577 0.504305 11.624999
v -0.251423 0.504305 11.624999
v -0.251423 0.504305 13.749999
v 0.248577 0.504305 13.749999
v 3.248528 6.504629 12.249999
v 2.748528 6.504629 9.499999
v 2.748528 6.504629 12.249999
v 3.248528 6.504629 9.499999
v 2.750002 3.999998 0.000000
v 3.249644 4.001083 2.750000
v 2.749644 4.001083 2.750000
v 3.250002 3.999998 0.000000
v 7.748530 4.004627 13.249999
v 8.248530 4.004627 10.499999
v 8.248530 4.004627 13.249999
v 7.748530 4.004627 10.499999
v -8.251476 -6.495366 13.249999
v -7.751476 -6.495366 10.499999
v -7.751476 -6.495366 13.249999
v -8.251476 -6.495366 10.499999
v -0.250599 3.001981 4.750000
v -2.750551 0.501662 2.375000
v -2.750599 3.001981 4.750000
v -0.250551 0.501662 2.375000
v -2.750551 -1.998338 2.375000
v 0.249714 0.500943 2.375000
v 2.749449 -1.998338 2.375000
v 2.749714 0.500943 2.375000
v 0.250002 2.999998 0.000000
v 2.750002 2.999998 0.000000
v -3.251184 4.003603 7.499999
v -2.751184 6.503603 7.499999
v -3.251184 6.503603 7.499999
v -2.751184 4.003603 7.499999
v -2.751184 6.503603 7.499999
v -3.250599 6.501981 4.750000
v -3.251184 6.503603 7.499999
v -2.750599 6.501981 4.750000
v -8.251376 -0.496012 8.499999
v -8.250697 0.502631 5.749999
v -8.251376 0.503988 8.499999
v -8.250697 -0.497369 5.749999
v -3.250599 -2.498019 4.750000
v 3.248576 -2.495689 8.999999
v 3.249401 -2.498019 4.750000
v -3.251424 -2.495689 8.999999
v 4.248625 8.003985 8.499999
v 6.748627 7.503984 8.500000
v 6.749519 8.019552 8.500000
v 4.248625 7.503986 8.499999
v -1.251375 7.503986 8.499999
v 1.248625 8.003985 8.499999
v -1.251375 8.003985 8.499999
v 1.248625 7.503986 8.499999
v -6.751376 7.503988 8.499999
v -4.251375 8.003985 8.499999
v -6.751376 8.003987 8.499999
v -4.251375 7.503986 8.499999
v -7.751376 4.003988 8.499999
v -8.251376 6.503988 8.499999
v -8.251376 4.003988 8.499999
v -7.751376 6.503988 8.499999
v -7.751376 0.503988 8.499999
v -8.251376 3.003989 8.499999
v -8.251376 0.503988 8.499999
v -7.751376 3.003989 8.499999
v -7.751376 -2.996011 8.499999
v -8.251376 -0.496012 8.499999
v -8.251376 -2.996011 8.499999
v -7.751376 -0.496012 8.499999
v -7.751380 -6.496009 8.499999
v -8.251376 -3.996011 8.499999
v -8.251380 -6.496009 8.499999
v -7.751376 -3.996011 8.499999
v 8.248627 4.003984 8.499999
v 7.748627 6.503984 8.499999
v 7.748627 4.003984 8.499999
v 8.248627 6.503984 8.499999
v 8.248627 0.503985 8.499999
v 7.748627 3.003985 8.499999
v 7.748627 0.503985 8.499999
v 8.248627 3.003985 8.499999
v 8.248627 -2.996015 8.499999
v 7.748627 -0.496015 8.499999
v 7.748627 -2.996015 8.499999
v 8.248627 -0.496015 8.499999
v 8.248618 -6.496016 8.499999
v 7.748627 -3.996015 8.499999
v 7.748618 -6.496016 8.499999
v 8.248627 -3.996015 8.499999
v 8.248530 -3.995372 13.249999
v 7.748530 -3.995372 10.499999
v 7.748530 -3.995372 13.249999
v 8.248530 -3.995372 10.499999
v -7.751472 7.504631 9.499999
v -4.251471 7.504629 10.499999
v -3.251472 7.504629 9.499999
v -6.751472 7.504631 10.499999
v -2.751086 -1.996591 7.124999
v 2.748528 -1.995371 11.624999
v -2.751472 -1.995371 11.624999
v 2.748914 -1.996591 7.124999
v 0.249401 3.001981 4.750000
v 0.249449 0.503090 6.624999
v 0.249449 3.001662 4.250000
v 0.248914 0.503409 7.124999
v 2.749401 3.001981 4.750000
v 2.749133 0.502970 6.624760
v 2.748914 0.503409 7.124999
v 2.749449 3.001662 4.250000
v 0.248914 0.503409 7.124999
v -0.250989 0.503090 6.624999
v 0.249449 0.503090 6.624999
v -0.251086 0.503409 7.124999
v -4.251471 8.004628 11.374999
v -4.251471 7.504629 10.499999
v -4.251471 8.004628 10.499999
v -4.251471 8.004628 11.874999
v -4.251471 7.504629 13.249999
v -4.251471 8.004628 13.249999
v 7.748522 -7.495374 9.499999
v -7.751476 -7.495366 13.749999
v -7.751476 -7.495366 9.499999
v 7.748522 -7.495374 13.749999
v 1.248528 8.004628 10.499999
v -1.251472 7.504629 10.499999
v -1.251472 8.004628 10.499999
v 1.248528 7.504629 10.499999
v 6.748530 7.504627 10.499999
v 4.248529 8.004628 10.499999
v 6.749423 8.020195 10.500000
v 4.248529 7.504629 10.499999
v 8.248530 4.004627 10.499999
v 7.748530 6.504627 10.499999
v 8.248530 6.504627 10.499999
v 7.748530 4.004627 10.499999
v 8.248530 3.004628 10.499999
v 7.748530 0.504627 10.499999
v 7.748530 3.004628 10.499999
v 8.248530 0.504627 10.499999
v 8.248530 -2.995372 10.499999
v 7.748530 -0.495373 10.499999
v 8.248530 -0.495373 10.499999
v 7.748530 -2.995372 10.499999
v 7.748530 -3.995372 10.499999
v 8.248522 -6.495374 10.499999
v 7.748522 -6.495374 10.499999
v 8.248530 -3.995372 10.499999
v -8.251472 6.504631 10.499999
v -7.751472 4.004631 10.499999
v -8.251472 4.004631 10.499999
v -7.751472 6.504631 10.499999
v -4.251471 8.004628 10.499999
v -6.751472 7.504631 10.499999
v -6.751472 8.004630 10.499999
v -4.251471 7.504629 10.499999
v -7.751472 3.004632 10.499999
v -8.251472 0.504631 10.499999
v -8.251472 3.004632 10.499999
v -7.751472 0.504631 10.499999
v -7.751472 -0.495369 10.499999
v -8.251472 -2.995368 10.499999
v -8.251472 -0.495369 10.499999
v -7.751472 -2.995368 10.499999
v -8.251472 -3.995368 10.499999
v -7.751476 -6.495366 10.499999
v -8.251476 -6.495366 10.499999
v -7.751472 -3.995368 10.499999
v 7.748522 -6.495374 13.249999
v 8.248522 -6.495374 10.499999
v 8.248522 -6.495374 13.249999
v 7.748522 -6.495374 10.499999
v 8.248530 -0.495373 13.249999
v 7.748530 -0.495373 10.499999
v 7.748530 -0.495373 13.249999
v 8.248530 -0.495373 10.499999
v 7.748530 0.504627 13.249999
v 8.248530 0.504627 10.499999
v 8.248530 0.504627 13.249999
v 7.748530 0.504627 10.499999
v 6.748530 7.504627 13.249999
v 6.749423 8.020195 10.500000
v 6.749423 8.020195 13.250000
v 6.748530 7.504627 10.499999
v -3.251472 -2.495370 9.499999
v -3.251472 7.504629 13.749999
v -3.251472 -2.495370 13.749999
v -3.251472 7.504629 9.499999
v 1.248528 7.504629 13.249999
v 1.248528 8.004628 10.499999
v 1.248528 8.004628 13.249999
v 1.248528 7.504629 10.499999
v 3.248528 6.504629 12.249999
v 2.748528 4.004629 12.249999
v 3.248528 4.004629 12.249999
v 2.748528 6.504629 12.249999
v 6.748530 7.504627 13.249999
v 4.248529 7.504629 13.749999
v 6.748530 7.504627 13.749999
v 4.248529 7.504629 13.249999
v 3.248528 7.504629 13.749999
v 4.248529 7.504629 10.499999
v 3.248528 7.504629 9.499999
v 6.748530 7.504627 13.749999
v 7.748530 7.504627 13.749999
v 7.748530 7.504627 12.249999
v 6.748530 7.504627 10.499999
v 7.748530 7.504627 9.499999
v -8.251472 8.004630 14.249999
v -5.751472 6.004630 16.250000
v -6.251472 6.004630 16.250000
v 6.749423 8.020195 14.250000
v 6.749423 8.020195 14.250000
v 6.248530 6.004626 16.250000
v 8.248530 8.004626 14.249999
v 3.248528 -2.495370 13.749999
v -3.251472 -2.495370 9.499999
v -3.251472 -2.495370 13.749999
v 3.248528 -2.495370 9.499999
v -5.751472 -3.995368 15.250000
v -5.751472 -2.995368 16.250000
v -5.751472 -2.995368 15.250000
v -5.751472 -0.495369 15.250000
v -5.751472 5.504631 16.250000
v 5.748530 5.504627 16.250000
v -1.251472 5.504629 15.250000
v -2.751472 5.504629 15.250000
v 5.748530 5.504627 16.250000
v 1.248528 5.504629 15.250000
v 4.248529 5.504629 15.250000
v 4.748530 5.504627 15.250000
v 3.248528 5.504629 15.250000
v -4.751472 5.504631 15.250000
v -5.751472 5.504631 15.250000
v -4.251471 5.504629 15.250000
v -3.251472 5.504629 15.250000
v -2.751472 5.504629 15.250000
v 8.248522 -7.995374 14.249999
v 6.248530 6.004626 16.250000
v 8.248530 8.004626 14.249999
v 6.248522 -5.995374 16.250000
v 7.748530 -2.995372 13.249999
v 8.248530 -2.995372 10.499999
v 8.248530 -2.995372 13.249999
v 7.748530 -2.995372 10.499999
v 2.748528 4.004629 12.249999
v 3.248528 4.004629 9.499999
v 3.248528 4.004629 12.249999
v 2.748528 4.004629 9.499999
v -2.751061 0.503409 7.124760
v -2.751423 3.004306 8.999999
v -2.751423 3.004306 9.499999
v -2.751013 0.503090 6.624760
v 4.248529 8.004628 13.249999
v 4.248529 7.504629 10.499999
v 4.248529 7.504629 13.249999
v 4.248529 8.004628 10.499999
v -2.751061 0.503409 7.124760
v -0.251423 3.004306 9.499999
v -0.251086 0.503409 7.124999
v -2.751423 3.004306 9.499999
v -0.251086 0.503409 7.124999
v -2.751086 -0.496591 7.124999
v -2.751086 -1.996591 7.124999
v 2.748914 -1.996591 7.124999
v 0.248914 0.503409 7.124999
v 2.748914 0.503409 7.124999
v 0.249401 3.001981 4.750000
v 2.749401 3.001981 4.750000
v 7.749925 -2.999478 1.000000
v 8.249925 -0.499478 1.000000
v 8.249925 -2.999478 1.000000
v 7.749925 -0.499478 1.000000
v -8.250078 -2.999474 1.000000
v -7.750512 -2.998606 3.750000
v -8.250512 -2.998606 3.750000
v -7.750078 -2.999474 1.000000
v 8.248522 -7.995374 14.249999
v -6.251476 -5.995366 16.250000
v 6.248522 -5.995374 16.250000
v -8.251476 -7.995366 14.249999
v -1.251472 7.504629 13.249999
v 1.248528 8.004628 13.249999
v -1.251472 8.004628 13.249999
v 1.248528 7.504629 13.249999
v 4.248529 8.004628 13.249999
v 6.748530 7.504627 13.249999
v 6.749423 8.020195 13.250000
v 4.248529 7.504629 13.249999
v -6.751472 7.504631 13.249999
v -4.251471 8.004628 13.249999
v -6.751472 8.004630 13.249999
v -4.251471 7.504629 13.249999
v -7.751472 4.004631 13.249999
v -8.251472 6.504631 13.249999
v -8.251472 4.004631 13.249999
v -7.751472 6.504631 13.249999
v -7.751472 0.504631 13.249999
v -8.251472 3.004632 13.249999
v -8.251472 0.504631 13.249999
v -7.751472 3.004632 13.249999
v -7.751472 -2.995368 13.249999
v -8.251472 -0.495369 13.249999
v -8.251472 -2.995368 13.249999
v -7.751472 -0.495369 13.249999
v -7.751476 -6.495366 13.249999
v -8.251472 -3.995368 13.249999
v -8.251476 -6.495366 13.249999
v -7.751472 -3.995368 13.249999
v 8.248530 -2.995372 13.249999
v 7.748530 -0.495373 13.249999
v 7.748530 -2.995372 13.249999
v 8.248530 -0.495373 13.249999
v 8.248522 -6.495374 13.249999
v 7.748530 -3.995372 13.249999
v 7.748522 -6.495374 13.249999
v 8.248530 -3.995372 13.249999
v 8.248530 0.504627 13.249999
v 7.748530 3.004628 13.249999
v 7.748530 0.504627 13.249999
v 8.248530 3.004628 13.249999
v 8.248530 4.004627 13.249999
v 7.748530 6.504627 13.249999
v 7.748530 4.004627 13.249999
v 8.248530 6.504627 13.249999
v -4.149489 8.099998 10.349130
v -4.335204 7.399998 10.349130
v -4.149489 7.399998 10.349130
v -6.850383 8.099998 10.349130
v -6.850383 7.399998 10.349130
v -4.149489 7.399998 5.603570
v -4.149489 8.099998 8.575218
v -4.149489 8.099998 5.603570
v -4.149489 7.399998 8.575218
v -1.317295 8.099998 -0.065588
v -1.317295 7.399998 2.849999
v -1.317295 7.399998 -0.065588
v -1.317295 8.099998 2.849999
v 3.350002 4.085712 12.150001
v 2.650002 4.085711 9.434413
v 3.350002 4.085712 9.434413
v 2.650002 4.085711 12.150001
v 4.335204 8.099998 10.549129
v 6.850383 8.099998 10.349130
v 6.664669 8.099998 10.549129
v 4.149489 8.099998 10.349130
v 4.149489 8.099998 13.120778
v 2.650000 6.348873 12.150001
v 3.350000 6.348874 9.434413
v 2.650000 6.348873 9.434413
v 3.350000 6.348874 12.150001
v 2.650002 4.085711 12.150001
v 3.350000 6.348874 12.150001
v 2.650000 6.348873 12.150001
v 3.350002 4.085712 12.150001
v 2.650000 6.348873 9.434413
v 3.350000 6.534588 9.434413
v 2.650000 6.534588 9.434413
v 3.350000 6.348874 9.434413
v 2.650002 3.899997 9.434413
v 3.350002 4.085712 9.434413
v 2.650002 4.085711 9.434413
v 3.350002 3.899998 9.434413
v -8.349925 0.390332 0.878351
v -7.649925 0.390331 3.849999
v -7.649925 0.390331 0.878351
v -8.349925 0.390332 3.849999
v -7.649922 2.905511 1.078351
v -7.649922 2.905511 3.650000
v -7.649922 3.091225 3.849999
v -7.649922 2.905511 3.849999
v -7.649922 3.091225 0.878351
v -8.349923 3.091226 3.849999
v -8.349923 3.091226 0.878351
v -7.649922 3.091225 3.849999
v 8.349925 -6.412222 3.650000
v 7.649924 -6.412223 1.078351
v 8.349925 -6.412222 1.078351
v 7.649924 -6.412223 3.650000
v 7.649922 -4.082757 3.849999
v 7.649924 -6.412223 3.650000
v 7.649922 -4.082757 3.650000
v 7.649924 -6.412223 3.849999
v 8.349925 -6.412222 3.849999
v 8.349923 -4.082757 3.650000
v 8.349925 -6.412222 3.650000
v 8.349923 -4.082757 3.849999
v 7.649922 -4.082757 3.650000
v 8.349923 -4.082757 1.078351
v 7.649922 -4.082757 1.078351
v 8.349923 -4.082757 3.650000
v 7.649924 -6.412223 3.650000
v 8.349923 -4.082757 3.650000
v 7.649922 -4.082757 3.650000
v 8.349925 -6.412222 3.650000
v -6.850383 8.099998 5.603570
v -6.850383 7.399998 8.575218
v -6.850383 7.399998 5.603570
v -6.850383 8.099998 8.575218
v -1.350696 8.099998 10.349130
v -1.350696 7.399998 13.320778
v -1.350696 7.399998 10.349130
v -1.350696 8.099998 13.320778
v 8.349923 -4.082757 1.078351
v 7.649924 -6.412223 1.078351
v 7.649922 -4.082757 1.078351
v 8.349925 -6.412222 1.078351
v -3.350002 3.899998 4.684412
v -2.650002 3.899997 7.599999
v -2.650002 3.899997 4.684412
v -3.350002 3.899998 7.599999
v 3.350002 4.085712 2.650000
v 2.650002 4.085711 -0.065588
v 3.350002 4.085712 -0.065588
v 2.650002 4.085711 2.650000
v 1.350197 8.099998 10.349130
v 1.350197 7.399998 13.120778
v 1.350197 8.099998 13.320778
v 1.350197 7.399998 10.349130
v 2.650000 6.348873 2.650000
v 3.350000 6.348874 -0.065588
v 2.650000 6.348873 -0.065588
v 3.350000 6.348874 2.650000
v 2.650002 4.085711 2.650000
v 3.350000 6.348874 2.650000
v 2.650000 6.348873 2.650000
v 3.350002 4.085712 2.650000
v 2.650000 6.348873 -0.065588
v 3.350000 6.534588 -0.065588
v 2.650000 6.534588 -0.065588
v 3.350000 6.348874 -0.065588
v 2.650002 3.899997 -0.065588
v 3.350002 4.085712 -0.065588
v 2.650002 4.085711 -0.065588
v 3.350002 3.899998 -0.065588
v 1.350197 7.399998 5.603570
v 1.350197 7.399998 8.575218
v 1.350197 8.099998 5.803571
v 1.350197 8.099998 8.575218
v -2.650002 4.085711 4.684412
v -3.350002 4.085712 7.399999
v -3.350002 4.085712 4.684412
v -2.650002 4.085711 7.399999
v 1.164483 7.399998 10.549129
v -1.350696 7.399998 10.349130
v -1.164982 7.399998 10.549129
v 1.350197 7.399998 10.349130
v 1.350197 7.399998 13.120778
v -1.164982 7.399998 13.120778
v -1.350696 7.399998 13.320778
v -1.164982 7.399998 13.320778
v -2.650000 6.534588 7.599999
v -2.650000 6.348873 7.399999
v -2.650002 3.899997 7.599999
v -2.650002 4.085711 7.399999
v -2.650002 3.899997 4.684412
v -2.650002 4.085711 4.684412
v -3.350000 6.348874 4.684412
v -2.650000 6.348873 7.399999
v -2.650000 6.348873 4.684412
v -3.350000 6.348874 7.399999
v -3.350000 6.348874 7.399999
v -2.650002 4.085711 7.399999
v -2.650000 6.348873 7.399999
v -3.350002 4.085712 7.399999
v -3.350000 6.534588 4.684412
v -2.650000 6.348873 4.684412
v -2.650000 6.534588 4.684412
v -3.350000 6.348874 4.684412
v -3.350002 4.085712 4.684412
v -2.650002 3.899997 4.684412
v -2.650002 4.085711 4.684412
v -3.350002 3.899998 4.684412
v -1.131581 7.399998 2.650000
v -1.131581 8.099998 -0.065588
v -1.131581 7.399998 -0.065588
v -1.131581 8.099998 2.650000
v 4.335204 7.399998 10.549129
v 4.149489 7.399998 10.349130
v 4.149489 7.399998 13.120778
v 4.335204 7.399998 13.120778
v 1.131581 8.099998 2.650000
v 1.131581 7.399998 -0.065588
v 1.131581 8.099998 -0.065588
v 1.131581 7.399998 2.650000
v -1.131581 8.099998 2.650000
v 1.131581 7.399998 2.650000
v 1.131581 8.099998 2.650000
v -1.131581 7.399998 2.650000
v -1.317295 8.099998 2.849999
v 1.317295 7.399998 2.849999
v -1.317295 7.399998 2.849999
v 1.317295 8.099998 2.849999
v 1.131581 8.099998 -0.065588
v 1.317295 7.399998 -0.065588
v 1.317295 8.099998 -0.065588
v 1.131581 7.399998 -0.065588
v -1.317295 8.099998 -0.065588
v -1.131581 7.399998 -0.065588
v -1.131581 8.099998 -0.065588
v -1.317295 7.399998 -0.065588
v 6.850383 7.399998 10.349130
v 6.850383 7.399998 13.320778
v 6.850383 8.099998 13.120778
v 6.850383 8.099998 13.320778
v 4.335204 7.399998 3.650000
v 4.335204 8.099998 1.078351
v 4.335204 7.399998 1.078351
v 4.335204 8.099998 3.650000
v 6.664669 8.099998 3.650000
v 6.664669 7.399998 1.078351
v 6.664669 8.099998 1.078351
v 6.664669 7.399998 3.650000
v 4.335204 8.099998 3.650000
v 6.664669 7.399998 3.650000
v 6.664669 8.099998 3.650000
v 4.335204 7.399998 3.650000
v 6.664669 7.399998 1.078351
v 4.335204 8.099998 1.078351
v 6.664669 8.099998 1.078351
v 4.335204 7.399998 1.078351
v 7.649925 -3.083967 10.349130
v 8.349925 -3.083966 13.320778
v 8.349925 -3.083966 10.349130
v 7.649925 -3.083967 13.320778
v 6.850383 7.399998 0.878351
v 6.850383 7.399998 3.650000
v 6.850383 8.099998 1.078351
v 6.850383 8.099998 3.849999
v -7.649922 6.415701 3.650000
v -7.649922 6.601415 3.849999
v -7.649922 6.601415 1.078351
v -7.649922 6.415701 1.078351
v -7.649922 -0.383074 1.078351
v -8.349923 -0.383073 3.849999
v -8.349923 -0.383073 0.878351
v -7.649922 -0.383074 0.878351
v 1.350197 7.399998 10.349130
v 1.164483 8.099998 10.349130
v -1.350696 7.399998 10.349130
v 1.350197 8.099998 10.349130
v 8.349925 4.086237 3.650000
v 7.649924 4.086236 1.078351
v 8.349925 4.086237 1.078351
v 7.649924 4.086236 3.650000
v 7.649922 6.415701 3.650000
v 8.349923 6.415701 1.078351
v 7.649922 6.415701 1.078351
v 8.349923 6.415701 3.650000
v 7.649924 4.086236 3.650000
v 8.349923 6.415701 3.650000
v 7.649922 6.415701 3.650000
v 8.349925 4.086237 3.650000
v 8.349923 6.415701 1.078351
v 7.649924 4.086236 1.078351
v 7.649922 6.415701 1.078351
v 8.349925 4.086237 1.078351
v 7.649924 0.576046 1.078351
v 7.649924 0.576046 3.650000
v 7.649925 0.390331 3.849999
v 7.649924 0.576046 3.849999
v 8.349923 3.091226 5.603570
v 7.649922 3.091225 8.575218
v 7.649922 3.091225 5.603570
v 8.349923 3.091226 8.575218
v 7.649925 3.900522 10.349130
v 7.649925 3.900522 13.320778
v 8.349925 3.900523 10.549129
v 8.349925 3.900523 13.320778
v 8.349925 0.576046 3.650000
v 7.649924 0.576046 1.078351
v 8.349925 0.576046 1.078351
v 7.649924 0.576046 3.650000
v 8.349923 3.091226 0.878351
v 7.649922 3.091225 3.849999
v 7.649922 3.091225 0.878351
v 8.349923 3.091226 3.849999
v 8.349925 0.576046 3.849999
v 8.349923 2.905511 3.650000
v 8.349925 0.576046 3.650000
v 8.349923 2.905511 3.849999
v 7.649922 2.905511 3.650000
v 8.349923 2.905511 1.078351
v 7.649922 2.905511 1.078351
v 8.349923 2.905511 3.650000
v 7.649924 0.576046 3.650000
v 8.349923 2.905511 3.650000
v 7.649922 2.905511 3.650000
v 8.349925 0.576046 3.650000
v 8.349923 2.905511 1.078351
v 7.649924 0.576046 1.078351
v 7.649922 2.905511 1.078351
v 8.349925 0.576046 1.078351
v -7.649922 2.905511 0.878351
v -8.349925 0.390332 0.878351
v -7.649925 0.390331 0.878351
v -8.349923 3.091226 0.878351
v 7.649925 0.390331 0.878351
v 8.349925 0.390332 3.849999
v 8.349925 0.390332 0.878351
v 7.649925 0.390331 3.849999
v 8.349923 -3.897043 5.603570
v 7.649922 -3.897044 8.575218
v 7.649922 -3.897044 5.603570
v 8.349923 -3.897043 8.575218
v 8.349925 -2.898252 3.650000
v 7.649924 -2.898253 1.078351
v 8.349925 -2.898252 1.078351
v 7.649924 -2.898253 3.650000
v 7.649922 -0.568788 3.650000
v 8.349923 -0.568788 1.078351
v 7.649922 -0.568788 1.078351
v 8.349923 -0.568788 3.650000
v 7.649924 -2.898253 3.650000
v 8.349923 -0.568788 3.650000
v 7.649922 -0.568788 3.650000
v 8.349925 -2.898252 3.650000
v 7.649922 -0.568788 0.878351
v 8.349923 -0.383073 0.878351
v 7.649922 -0.383074 0.878351
v 8.349925 -3.083966 0.878351
v 8.349923 -0.568788 1.078351
v 7.649924 -2.898253 1.078351
v 7.649922 -0.568788 1.078351
v 8.349925 -2.898252 1.078351
v 7.649925 3.900522 5.803571
v 7.649924 4.086236 8.375219
v 7.649925 3.900522 8.575218
v 7.649924 4.086236 5.803571
v -7.649922 -0.383074 1.078351
v -7.649922 -0.568788 3.650000
v -7.649922 -0.383074 3.849999
v -7.649922 -0.568788 1.078351
v 4.335204 8.099998 0.878351
v 6.850383 7.399998 0.878351
v 6.850383 8.099998 0.878351
v 4.149489 7.399998 0.878351
v -7.649922 6.601415 1.078351
v -8.349923 6.601416 3.849999
v -8.349923 6.601416 0.878351
v -7.649922 6.601415 0.878351
v -4.149489 7.399998 3.849999
v -6.850383 7.399998 3.849999
v -6.664669 8.099998 3.849999
v -6.850383 8.099998 3.849999
v -7.649924 -6.412223 1.078351
v -8.349925 -6.412222 3.650000
v -8.349925 -6.412222 1.078351
v -7.649924 -6.412223 3.650000
v -8.349923 -4.082757 1.078351
v -7.649922 -4.082757 3.650000
v -7.649922 -4.082757 1.078351
v -8.349923 -4.082757 3.650000
v -8.349923 -4.082757 3.650000
v -7.649924 -6.412223 3.650000
v -7.649922 -4.082757 3.650000
v -8.349925 -6.412222 3.650000
v -7.649924 -6.412223 1.078351
v -8.349923 -4.082757 1.078351
v -7.649922 -4.082757 1.078351
v -8.349925 -6.412222 1.078351
v -7.649922 6.601415 10.549129
v -8.349923 6.601416 13.320778
v -8.349923 6.601416 10.349130
v -7.649922 6.601415 10.349130
v 6.850383 8.099998 8.575218
v 4.335204 8.099998 8.575218
v 6.664669 8.099998 8.375219
v 4.335204 8.099998 8.375219
v 7.649925 0.390331 5.603570
v 8.349925 0.390332 8.575218
v 8.349925 0.390332 5.603570
v 7.649925 0.390331 8.575218
v -8.349925 -6.412222 0.878351
v -8.349923 -4.082757 1.078351
v -8.349925 -6.412222 1.078351
v -8.349923 -4.082757 0.878351
v 7.649925 -6.597937 0.878351
v 8.349925 -6.597936 3.849999
v 8.349925 -6.597936 0.878351
v 7.649925 -6.597937 3.849999
v 8.349923 -0.383073 0.878351
v 7.649922 -0.383074 3.849999
v 7.649922 -0.383074 0.878351
v 8.349923 -0.383073 3.849999
v -7.649924 4.086236 1.078351
v -8.349925 4.086237 3.650000
v -8.349925 4.086237 1.078351
v -7.649924 4.086236 3.650000
v 7.649925 -6.597937 10.349130
v 7.649925 -6.597937 13.320778
v 8.349925 -6.597936 10.549129
v 8.349925 -6.597936 13.320778
v -8.349923 6.415701 1.078351
v -7.649922 6.415701 3.650000
v -7.649922 6.415701 1.078351
v -8.349923 6.415701 3.650000
v -8.349923 6.415701 3.650000
v -7.649924 4.086236 3.650000
v -7.649922 6.415701 3.650000
v -8.349925 4.086237 3.650000
v -7.649924 4.086236 1.078351
v -8.349923 6.415701 1.078351
v -7.649922 6.415701 1.078351
v -8.349925 4.086237 1.078351
v -7.649922 -4.082757 5.803571
v -7.649922 -4.082757 8.375219
v -7.649922 -3.897044 8.575218
v -7.649922 -4.082757 8.575218
v -8.349925 4.086237 0.878351
v -8.349923 6.415701 1.078351
v -8.349925 4.086237 1.078351
v -8.349923 6.415701 0.878351
v 7.649925 -3.083967 0.878351
v 7.649925 -3.083967 3.849999
v 8.349925 -3.083966 1.078351
v 8.349925 -3.083966 3.849999
v -7.649922 3.091225 10.349130
v -8.349923 3.091226 13.320778
v -8.349923 3.091226 10.349130
v -7.649922 3.091225 13.320778
v -7.649924 0.576046 1.078351
v -8.349925 0.576046 3.650000
v -8.349925 0.576046 1.078351
v -7.649924 0.576046 3.650000
v -8.349925 3.900523 3.849999
v -8.349923 6.601416 3.849999
v -7.649922 6.415701 3.849999
v -7.649922 6.601415 3.849999
v -8.349923 2.905511 3.650000
v -8.349925 0.576046 3.849999
v -8.349925 0.576046 3.650000
v -8.349923 2.905511 3.849999
v -8.349923 2.905511 1.078351
v -7.649922 2.905511 3.650000
v -7.649922 2.905511 1.078351
v -8.349923 2.905511 3.650000
v -8.349923 2.905511 3.650000
v -7.649924 0.576046 3.650000
v -7.649922 2.905511 3.650000
v -8.349925 0.576046 3.650000
v -7.649924 0.576046 1.078351
v -8.349923 2.905511 1.078351
v -7.649922 2.905511 1.078351
v -8.349925 0.576046 1.078351
v 8.349923 -3.897043 0.878351
v 7.649922 -3.897044 3.849999
v 7.649922 -3.897044 0.878351
v 8.349923 -3.897043 3.849999
v -8.349925 -3.083966 10.349130
v -7.649925 -3.083967 13.320778
v -7.649925 -3.083967 10.349130
v -8.349925 -3.083966 13.320778
v -7.649924 -2.898253 1.078351
v -8.349925 -2.898252 3.650000
v -8.349925 -2.898252 1.078351
v -7.649924 -2.898253 3.650000
v -8.349923 -0.568788 1.078351
v -7.649922 -0.568788 3.650000
v -7.649922 -0.568788 1.078351
v -8.349923 -0.568788 3.650000
v -8.349923 -0.568788 3.650000
v -7.649924 -2.898253 3.650000
v -7.649922 -0.568788 3.650000
v -8.349925 -2.898252 3.650000
v -8.349923 -0.568788 10.349130
v -7.649925 -3.083967 10.349130
v -7.649922 -0.383074 10.349130
v -8.349923 -0.383073 10.349130
v -7.649924 -2.898253 1.078351
v -8.349923 -0.568788 1.078351
v -7.649922 -0.568788 1.078351
v -8.349925 -2.898252 1.078351
v 8.349923 3.091226 10.349130
v 7.649922 3.091225 13.320778
v 7.649922 3.091225 10.349130
v 8.349923 3.091226 13.320778
v 7.649922 -3.897044 0.878351
v 8.349925 -6.597936 0.878351
v 8.349923 -3.897043 0.878351
v 7.649925 -6.597937 0.878351
v 7.649925 3.900522 5.803571
v 8.349925 3.900523 8.575218
v 8.349925 3.900523 5.603570
v 7.649925 3.900522 5.603570
v -8.349925 -2.898252 0.878351
v -8.349923 -0.568788 1.078351
v -8.349925 -2.898252 1.078351
v -8.349923 -0.568788 0.878351
v -6.850383 8.099998 0.878351
v -6.850383 8.099998 3.849999
v -6.850383 7.399998 1.078351
v -6.850383 7.399998 3.849999
v -4.335204 8.099998 1.078351
v -4.335204 7.399998 3.650000
v -4.335204 7.399998 1.078351
v -4.335204 8.099998 3.650000
v -4.149489 8.099998 3.849999
v -6.664669 8.099998 3.849999
v -4.335204 8.099998 3.650000
v -6.664669 8.099998 3.650000
v -6.664669 7.399998 1.078351
v -6.664669 8.099998 3.650000
v -6.664669 8.099998 1.078351
v -6.664669 7.399998 3.650000
v -6.664669 7.399998 3.650000
v -4.335204 8.099998 3.650000
v -6.664669 8.099998 3.650000
v -4.335204 7.399998 3.650000
v -4.335204 8.099998 1.078351
v -6.664669 7.399998 1.078351
v -6.664669 8.099998 1.078351
v -4.335204 7.399998 1.078351
v 8.349925 3.900523 10.549129
v 8.349925 3.900523 13.320778
v 8.349925 4.086237 13.120778
v 8.349925 4.086237 13.320778
v 8.349925 -3.083966 1.078351
v 8.349925 -3.083966 3.849999
v 8.349925 -2.898252 3.650000
v 8.349925 -2.898252 3.849999
v 8.349925 -6.412222 8.375219
v 7.649924 -6.412223 5.803571
v 8.349925 -6.412222 5.803571
v 7.649924 -6.412223 8.375219
v -7.649922 -0.568788 13.120778
v -7.649922 -0.383074 13.320778
v -7.649922 -0.383074 10.549129
v -7.649922 -0.568788 10.549129
v 7.649922 -4.082757 8.375219
v 8.349923 -4.082757 5.803571
v 7.649922 -4.082757 5.803571
v 8.349923 -4.082757 8.375219
v 7.649924 -6.412223 8.375219
v 8.349923 -4.082757 8.375219
v 7.649922 -4.082757 8.375219
v 8.349925 -6.412222 8.375219
v 8.349923 -4.082757 5.803571
v 7.649924 -6.412223 5.803571
v 7.649922 -4.082757 5.803571
v 8.349925 -6.412222 5.803571
v -8.349925 -3.083966 13.320778
v -8.349923 -0.383073 13.320778
v -7.649922 -0.568788 13.320778
v -7.649922 -0.383074 13.320778
v 8.349923 6.601416 5.603570
v 7.649922 6.601415 8.575218
v 7.649922 6.601415 5.603570
v 8.349923 6.601416 8.575218
v 7.649925 -6.597937 5.803571
v 8.349925 -6.597936 8.575218
v 8.349925 -6.597936 5.603570
v 7.649925 -6.597937 5.603570
v 4.149489 8.099998 3.849999
v 6.850383 7.399998 3.849999
v 4.149489 7.399998 3.849999
v 6.850383 8.099998 3.849999
v -2.650000 6.534588 4.684412
v -3.350000 6.534588 7.599999
v -3.350000 6.534588 4.684412
v -2.650000 6.534588 7.599999
v 8.349925 -6.597936 10.549129
v 8.349925 -6.597936 13.320778
v 8.349925 -6.412222 13.120778
v 8.349925 -6.412222 13.320778
v -1.164982 7.399998 8.375219
v -1.164982 8.099998 5.803571
v -1.164982 7.399998 5.803571
v -1.164982 8.099998 8.375219
v 8.349923 -3.897043 10.349130
v 7.649922 -3.897044 13.320778
v 7.649922 -3.897044 10.349130
v 8.349923 -3.897043 13.320778
v 1.350197 8.099998 8.575218
v -1.164982 8.099998 8.575218
v 1.164483 8.099998 8.375219
v -1.164982 8.099998 8.375219
v 1.164483 8.099998 8.375219
v 1.164483 7.399998 5.803571
v 1.164483 8.099998 5.803571
v 1.164483 7.399998 8.375219
v -1.164982 8.099998 8.375219
v 1.164483 7.399998 8.375219
v 1.164483 8.099998 8.375219
v -1.164982 7.399998 8.375219
v 1.164483 7.399998 5.803571
v -1.164982 8.099998 5.803571
v 1.164483 8.099998 5.803571
v -1.164982 7.399998 5.803571
v -6.850383 8.099998 10.349130
v -6.850383 7.399998 13.320778
v -6.850383 7.399998 10.349130
v -6.850383 8.099998 13.320778
v 8.349925 4.086237 8.375219
v 7.649924 4.086236 5.803571
v 8.349925 4.086237 5.803571
v 7.649924 4.086236 8.375219
v 7.649922 6.415701 8.375219
v 8.349923 6.415701 5.803571
v 7.649922 6.415701 5.803571
v 8.349923 6.415701 8.375219
v 7.649924 4.086236 8.375219
v 8.349923 6.415701 8.375219
v 7.649922 6.415701 8.375219
v 8.349925 4.086237 8.375219
v 8.349923 6.415701 5.803571
v 7.649924 4.086236 5.803571
v 7.649922 6.415701 5.803571
v 8.349925 4.086237 5.803571
v 7.649924 -2.898253 8.575218
v 8.349923 -0.383073 8.575218
v 8.349925 -3.083966 8.575218
v 7.649925 -3.083967 8.575218
v -7.649922 -3.897044 10.349130
v -8.349923 -3.897043 13.320778
v -8.349923 -3.897043 10.349130
v -7.649922 -3.897044 13.320778
v -8.349925 -6.597936 0.878351
v -7.649925 -6.597937 3.849999
v -7.649925 -6.597937 0.878351
v -8.349925 -6.597936 3.849999
v 7.649925 -3.083967 3.849999
v 7.649922 -0.568788 3.849999
v 8.349925 -2.898252 3.849999
v 8.349923 -0.383073 3.849999
v -6.664669 8.099998 13.320778
v -4.335204 8.099998 13.120778
v -4.149489 8.099998 13.320778
v -6.664669 8.099998 13.120778
v 8.349923 -0.383073 5.603570
v 7.649922 -0.383074 8.575218
v 7.649922 -0.383074 5.603570
v 8.349923 -0.383073 8.575218
v 8.349925 0.576046 8.375219
v 7.649924 0.576046 5.803571
v 8.349925 0.576046 5.803571
v 7.649924 0.576046 8.375219
v 7.649922 2.905511 8.375219
v 8.349923 2.905511 5.803571
v 7.649922 2.905511 5.803571
v 8.349923 2.905511 8.375219
v 7.649924 0.576046 8.375219
v 8.349923 2.905511 8.375219
v 7.649922 2.905511 8.375219
v 8.349925 0.576046 8.375219
v 8.349923 2.905511 5.803571
v 7.649924 0.576046 5.803571
v 7.649922 2.905511 5.803571
v 8.349925 0.576046 5.803571
v -7.649922 6.601415 10.549129
v -7.649922 6.415701 13.120778
v -7.649922 6.601415 13.320778
v -7.649922 6.415701 10.549129
v 7.649925 -3.083967 5.803571
v 8.349925 -3.083966 8.575218
v 8.349925 -3.083966 5.603570
v 7.649925 -3.083967 5.603570
v 8.349923 2.905511 5.803571
v 8.349925 0.576046 5.603570
v 8.349925 0.576046 5.803571
v 8.349923 2.905511 5.603570
v -7.649922 -3.897044 5.603570
v -8.349923 -3.897043 8.575218
v -8.349923 -3.897043 5.603570
v -7.649922 -3.897044 8.575218
v 8.349925 -2.898252 8.375219
v 7.649924 -2.898253 5.803571
v 8.349925 -2.898252 5.803571
v 7.649924 -2.898253 8.375219
v 3.350000 6.534588 -0.065588
v 2.650000 6.534588 2.849999
v 2.650000 6.534588 -0.065588
v 3.350000 6.534588 2.849999
v -4.335204 7.399998 13.320778
v -6.850383 7.399998 13.320778
v -6.664669 8.099998 13.320778
v -4.149489 8.099998 13.320778
v 7.649922 -0.568788 8.375219
v 8.349923 -0.568788 5.803571
v 7.649922 -0.568788 5.803571
v 8.349923 -0.568788 8.375219
v 7.649924 -2.898253 8.375219
v 8.349923 -0.568788 8.375219
v 7.649922 -0.568788 8.375219
v 8.349925 -2.898252 8.375219
v 8.349923 -0.568788 5.803571
v 7.649924 -2.898253 5.803571
v 7.649922 -0.568788 5.803571
v 8.349925 -2.898252 5.803571
v -8.349925 3.900523 0.878351
v -7.649925 3.900522 3.849999
v -7.649925 3.900522 0.878351
v -8.349925 3.900523 3.849999
v 8.349923 -0.568788 5.803571
v 8.349925 -2.898252 5.603570
v 8.349925 -2.898252 5.803571
v 8.349923 -0.568788 5.603570
v -1.350696 8.099998 5.603570
v -1.350696 7.399998 8.575218
v -1.350696 7.399998 5.603570
v -1.350696 8.099998 8.575218
v -7.649922 6.601415 5.603570
v -8.349923 6.601416 8.575218
v -8.349923 6.601416 5.603570
v -7.649922 6.601415 8.575218
v -7.649924 -6.412223 5.803571
v -8.349925 -6.412222 8.375219
v -8.349925 -6.412222 5.803571
v -7.649924 -6.412223 8.375219
v 7.649924 0.576046 13.320778
v 8.349923 3.091226 13.320778
v 8.349925 0.390332 13.320778
v 7.649925 0.390331 13.320778
v -8.349923 -4.082757 5.803571
v -7.649922 -4.082757 8.375219
v -7.649922 -4.082757 5.803571
v -8.349923 -4.082757 8.375219
v -8.349923 -4.082757 8.375219
v -7.649924 -6.412223 8.375219
v -7.649922 -4.082757 8.375219
v -8.349925 -6.412222 8.375219
v -7.649924 -6.412223 5.803571
v -8.349923 -4.082757 5.803571
v -7.649922 -4.082757 5.803571
v -8.349925 -6.412222 5.803571
v -7.649922 -0.568788 5.803571
v -7.649922 -0.568788 8.375219
v -7.649922 -0.383074 8.575218
v -7.649922 -0.568788 8.575218
v -8.349925 -3.083966 0.878351
v -7.649925 -3.083967 3.849999
v -7.649925 -3.083967 0.878351
v -8.349925 -3.083966 3.849999
v -7.649924 4.086236 5.803571
v -8.349925 4.086237 8.375219
v -8.349925 4.086237 5.803571
v -7.649924 4.086236 8.375219
v -8.349923 6.415701 5.803571
v -7.649922 6.415701 8.375219
v -7.649922 6.415701 5.803571
v -8.349923 6.415701 8.375219
v -8.349923 6.415701 8.375219
v -7.649924 4.086236 8.375219
v -7.649922 6.415701 8.375219
v -8.349925 4.086237 8.375219
v -7.649924 4.086236 5.803571
v -8.349923 6.415701 5.803571
v -7.649922 6.415701 5.803571
v -8.349925 4.086237 5.803571
v 7.649925 -6.597937 5.803571
v 7.649924 -6.412223 8.375219
v 7.649925 -6.597937 8.575218
v 7.649924 -6.412223 5.803571
v 7.649925 3.900522 0.878351
v 7.649925 3.900522 3.849999
v 8.349925 3.900523 1.078351
v 8.349925 3.900523 3.849999
v -7.649922 3.091225 5.603570
v -8.349923 3.091226 8.575218
v -8.349923 3.091226 5.603570
v -7.649922 3.091225 8.575218
v -1.350696 8.099998 13.320778
v 1.164483 8.099998 13.320778
v -1.164982 7.399998 13.320778
v 1.350197 7.399998 13.320778
v -7.649924 0.576046 5.803571
v -8.349925 0.576046 8.375219
v -8.349925 0.576046 5.803571
v -7.649924 0.576046 8.375219
v -8.349923 2.905511 5.803571
v -7.649922 2.905511 8.375219
v -7.649922 2.905511 5.803571
v -8.349923 2.905511 8.375219
v -8.349923 2.905511 8.375219
v -7.649924 0.576046 8.375219
v -7.649922 2.905511 8.375219
v -8.349925 0.576046 8.375219
v -7.649924 0.576046 5.803571
v -8.349923 2.905511 5.803571
v -7.649922 2.905511 5.803571
v -8.349925 0.576046 5.803571
v 2.650002 3.899997 2.849999
v 3.350000 6.534588 2.849999
v 3.350002 3.899998 2.849999
v 2.650000 6.534588 2.849999
v -7.649922 6.415701 5.803571
v -7.649922 6.601415 8.575218
v -7.649922 6.601415 5.603570
v -7.649922 6.415701 5.603570
v -8.349925 3.900523 5.603570
v -7.649925 3.900522 8.575218
v -7.649925 3.900522 5.603570
v -8.349925 3.900523 8.575218
v 8.349923 6.601416 10.349130
v 7.649922 6.601415 13.320778
v 7.649922 6.601415 10.349130
v 8.349923 6.601416 13.320778
v -7.649922 -0.383074 5.603570
v -8.349923 -0.383073 8.575218
v -8.349923 -0.383073 5.603570
v -7.649922 -0.383074 8.575218
v -7.649924 -2.898253 5.803571
v -8.349925 -2.898252 8.375219
v -8.349925 -2.898252 5.803571
v -7.649924 -2.898253 8.375219
v -8.349923 -0.568788 5.803571
v -7.649922 -0.568788 8.375219
v -7.649922 -0.568788 5.803571
v -8.349923 -0.568788 8.375219
v -8.349923 -0.568788 8.375219
v -7.649924 -2.898253 8.375219
v -7.649922 -0.568788 8.375219
v -8.349925 -2.898252 8.375219
v -7.649924 -2.898253 5.803571
v -8.349923 -0.568788 5.803571
v -7.649922 -0.568788 5.803571
v -8.349925 -2.898252 5.803571
v -7.649922 2.905511 5.803571
v -7.649922 2.905511 8.375219
v -7.649922 3.091225 8.575218
v -7.649922 2.905511 8.575218
v -4.335204 8.099998 5.803571
v -4.335204 7.399998 8.375219
v -4.335204 7.399998 5.803571
v -4.335204 8.099998 8.375219
v -6.664669 7.399998 5.803571
v -6.664669 8.099998 8.375219
v -6.664669 8.099998 5.803571
v -6.664669 7.399998 8.375219
v -6.664669 7.399998 8.375219
v -4.335204 8.099998 8.375219
v -6.664669 8.099998 8.375219
v -4.335204 7.399998 8.375219
v -4.149489 7.399998 8.575218
v -6.664669 7.399998 8.575218
v -4.335204 8.099998 8.575218
v -6.850383 8.099998 8.575218
v -4.335204 8.099998 5.803571
v -6.664669 7.399998 5.803571
v -6.664669 8.099998 5.803571
v -4.335204 7.399998 5.803571
v 7.649924 0.576046 8.575218
v 8.349923 3.091226 8.575218
v 8.349925 0.390332 8.575218
v 7.649925 0.390331 8.575218
v -8.349925 -3.083966 5.603570
v -7.649925 -3.083967 8.575218
v -7.649925 -3.083967 5.603570
v -8.349925 -3.083966 8.575218
v 4.335204 7.399998 8.375219
v 4.335204 8.099998 5.803571
v 4.335204 7.399998 5.803571
v 4.335204 8.099998 8.375219
v 2.650002 3.899997 9.434413
v 3.350002 3.899998 12.350000
v 3.350002 3.899998 9.434413
v 2.650002 3.899997 12.350000
v 6.664669 8.099998 8.375219
v 6.664669 7.399998 5.803571
v 6.664669 8.099998 5.803571
v 6.664669 7.399998 8.375219
v 4.335204 8.099998 8.375219
v 6.664669 7.399998 8.375219
v 6.664669 8.099998 8.375219
v 4.335204 7.399998 8.375219
v 4.149489 8.099998 5.603570
v 6.850383 7.399998 5.603570
v 6.850383 8.099998 5.603570
v 4.149489 7.399998 5.603570
v 6.664669 7.399998 5.803571
v 4.335204 8.099998 5.803571
v 6.664669 8.099998 5.803571
v 4.335204 7.399998 5.803571
v 8.349925 3.900523 1.078351
v 8.349925 3.900523 3.849999
v 8.349925 4.086237 3.650000
v 8.349925 4.086237 3.849999
v 8.349925 -6.412222 13.120778
v 7.649924 -6.412223 10.549129
v 8.349925 -6.412222 10.549129
v 7.649924 -6.412223 13.120778
v 7.649922 -4.082757 13.120778
v 8.349923 -4.082757 10.549129
v 7.649922 -4.082757 10.549129
v 8.349923 -4.082757 13.120778
v 7.649924 -6.412223 13.120778
v 8.349923 -4.082757 13.120778
v 7.649922 -4.082757 13.120778
v 8.349925 -6.412222 13.120778
v 8.349923 -4.082757 10.549129
v 7.649924 -6.412223 10.549129
v 7.649922 -4.082757 10.549129
v 8.349925 -6.412222 10.549129
v 3.350000 6.534588 9.434413
v 2.650000 6.534588 12.350000
v 2.650000 6.534588 9.434413
v 3.350000 6.534588 12.350000
v 7.649924 -2.898253 10.549129
v 7.649924 -2.898253 13.120778
v 7.649925 -3.083967 13.320778
v 7.649924 -2.898253 13.320778
v -1.164982 7.399998 13.320778
v 1.350197 7.399998 13.320778
v 1.164483 7.399998 13.120778
v 1.350197 7.399998 13.120778
v -1.164982 7.399998 13.120778
v -1.164982 8.099998 10.549129
v -1.164982 7.399998 10.549129
v -1.164982 8.099998 13.120778
v 1.164483 8.099998 13.120778
v 1.164483 7.399998 10.549129
v 1.164483 8.099998 10.549129
v 1.164483 7.399998 13.120778
v -1.164982 8.099998 13.120778
v 1.164483 7.399998 13.120778
v 1.164483 8.099998 13.120778
v -1.164982 7.399998 13.120778
v 1.164483 7.399998 10.549129
v -1.164982 8.099998 10.549129
v 1.164483 8.099998 10.549129
v -1.164982 7.399998 10.549129
v 4.149489 8.099998 5.603570
v 4.149489 7.399998 8.575218
v 4.149489 7.399998 5.603570
v 4.149489 8.099998 8.575218
v -4.149489 7.399998 0.878351
v -4.149489 7.399998 3.849999
v -4.149489 8.099998 1.078351
v -4.149489 8.099998 3.849999
v 8.349925 4.086237 13.120778
v 7.649924 4.086236 10.549129
v 8.349925 4.086237 10.549129
v 7.649924 4.086236 13.120778
v 7.649922 6.415701 13.120778
v 8.349923 6.415701 10.549129
v 7.649922 6.415701 10.549129
v 8.349923 6.415701 13.120778
v 7.649924 4.086236 13.120778
v 8.349923 6.415701 13.120778
v 7.649922 6.415701 13.120778
v 8.349925 4.086237 13.120778
v 2.650002 3.899997 12.350000
v 3.350000 6.534588 12.350000
v 3.350002 3.899998 12.350000
v 2.650000 6.534588 12.350000
v 7.649924 4.086236 10.349130
v 8.349923 6.601416 10.349130
v 7.649922 6.601415 10.349130
v 8.349925 3.900523 10.349130
v 8.349923 6.415701 10.549129
v 7.649924 4.086236 10.549129
v 7.649922 6.415701 10.549129
v 8.349925 4.086237 10.549129
v -8.349925 -6.597936 5.603570
v -7.649925 -6.597937 8.575218
v -7.649925 -6.597937 5.603570
v -8.349925 -6.597936 8.575218
v 7.649924 -6.412223 10.549129
v 7.649924 -6.412223 13.120778
v 7.649925 -6.597937 13.320778
v 7.649924 -6.412223 13.320778
v -8.349925 -6.597936 10.349130
v -7.649925 -6.597937 13.320778
v -7.649925 -6.597937 10.349130
v -8.349925 -6.597936 13.320778
v 8.349925 0.576046 13.120778
v 7.649924 0.576046 10.549129
v 8.349925 0.576046 10.549129
v 7.649924 0.576046 13.120778
v 7.649922 2.905511 13.120778
v 8.349923 2.905511 10.549129
v 7.649922 2.905511 10.549129
v 8.349923 2.905511 13.120778
v 7.649924 0.576046 13.120778
v 8.349923 2.905511 13.120778
v 7.649922 2.905511 13.120778
v 8.349925 0.576046 13.120778
v 8.349923 2.905511 10.549129
v 7.649924 0.576046 10.549129
v 7.649922 2.905511 10.549129
v 8.349925 0.576046 10.549129
v 6.664669 7.399998 8.375219
v 4.335204 7.399998 8.575218
v 6.850383 7.399998 8.575218
v 4.335204 7.399998 8.375219
v 8.349923 2.905511 10.549129
v 8.349925 0.576046 10.349130
v 8.349925 0.576046 10.549129
v 8.349923 2.905511 10.349130
v -8.349925 0.390332 10.349130
v -7.649925 0.390331 13.320778
v -7.649925 0.390331 10.349130
v -8.349925 0.390332 13.320778
v 1.317295 7.399998 -0.065588
v 1.317295 8.099998 2.849999
v 1.317295 8.099998 -0.065588
v 1.317295 7.399998 2.849999
v 8.349925 -2.898252 13.120778
v 7.649924 -2.898253 10.549129
v 8.349925 -2.898252 10.549129
v 7.649924 -2.898253 13.120778
v 8.349925 -2.898252 13.320778
v 8.349923 -0.568788 13.120778
v 8.349925 -2.898252 13.120778
v 8.349923 -0.568788 13.320778
v 7.649922 -0.568788 13.120778
v 8.349923 -0.568788 10.549129
v 7.649922 -0.568788 10.549129
v 8.349923 -0.568788 13.120778
v 7.649924 -2.898253 13.120778
v 8.349923 -0.568788 13.120778
v 7.649922 -0.568788 13.120778
v 8.349925 -2.898252 13.120778
v 7.649924 -2.898253 10.349130
v 8.349923 -0.383073 10.349130
v 7.649922 -0.383074 10.349130
v 8.349925 -3.083966 10.349130
v 8.349923 -0.568788 10.549129
v 7.649924 -2.898253 10.549129
v 7.649922 -0.568788 10.549129
v 8.349925 -2.898252 10.549129
v -7.649922 -0.383074 10.549129
v -8.349923 -0.383073 13.320778
v -8.349923 -0.383073 10.349130
v -7.649922 -0.383074 10.349130
v 8.349923 -0.383073 10.349130
v 7.649922 -0.383074 13.320778
v 7.649922 -0.383074 10.349130
v 8.349923 -0.383073 13.320778
v 8.349923 6.601416 0.878351
v 7.649922 6.601415 3.849999
v 7.649922 6.601415 0.878351
v 8.349923 6.601416 3.849999
v -7.649924 -6.412223 10.549129
v -8.349925 -6.412222 13.120778
v -8.349925 -6.412222 10.549129
v -7.649924 -6.412223 13.120778
v -8.349923 -4.082757 10.549129
v -7.649922 -4.082757 13.120778
v -7.649922 -4.082757 10.549129
v -8.349923 -4.082757 13.120778
v -8.349923 -4.082757 13.120778
v -7.649924 -6.412223 13.120778
v -7.649922 -4.082757 13.120778
v -8.349925 -6.412222 13.120778
v -8.349925 0.576046 13.320778
v -7.649922 3.091225 13.320778
v -7.649925 0.390331 13.320778
v -8.349925 0.390332 13.320778
v -7.649924 -6.412223 10.549129
v -8.349923 -4.082757 10.549129
v -7.649922 -4.082757 10.549129
v -8.349925 -6.412222 10.549129
v 2.650002 3.899997 -0.065588
v 3.350002 3.899998 2.849999
v 3.350002 3.899998 -0.065588
v 2.650002 3.899997 2.849999
v 4.149489 8.099998 0.878351
v 4.149489 8.099998 3.849999
v 4.149489 7.399998 3.650000
v 4.149489 7.399998 3.849999
v -8.349923 6.415701 10.349130
v -7.649925 3.900522 10.349130
v -7.649922 6.601415 10.349130
v -8.349923 6.601416 10.349130
v -7.649924 -6.412223 10.549129
v -7.649922 -4.082757 10.349130
v -7.649924 -6.412223 10.349130
v -7.649922 -4.082757 10.549129
v -8.349925 -6.412222 10.349130
v -8.349923 -4.082757 10.549129
v -8.349925 -6.412222 10.549129
v -8.349923 -4.082757 10.349130
v 7.649924 -2.898253 8.375219
v 7.649925 -3.083967 8.575218
v 7.649925 -3.083967 5.803571
v 7.649924 -2.898253 5.803571
v -7.649924 4.086236 10.549129
v -8.349925 4.086237 13.120778
v -8.349925 4.086237 10.549129
v -7.649924 4.086236 13.120778
v -8.349923 6.415701 10.549129
v -7.649922 6.415701 13.120778
v -7.649922 6.415701 10.549129
v -8.349923 6.415701 13.120778
v -8.349923 6.415701 13.120778
v -7.649924 4.086236 13.120778
v -7.649922 6.415701 13.120778
v -8.349925 4.086237 13.120778
v -8.349925 -3.083966 3.849999
v -8.349923 -0.383073 3.849999
v -7.649922 -0.568788 3.849999
v -7.649922 -0.383074 3.849999
v -7.649924 4.086236 10.549129
v -8.349923 6.415701 10.549129
v -7.649922 6.415701 10.549129
v -8.349925 4.086237 10.549129
v -8.349925 -6.597936 3.849999
v -8.349923 -3.897043 3.849999
v -7.649922 -4.082757 3.849999
v -7.649922 -3.897044 3.849999
v 7.649925 0.390331 10.349130
v 8.349925 0.390332 13.320778
v 8.349925 0.390332 10.349130
v 7.649925 0.390331 13.320778
v -8.349925 4.086237 10.349130
v -8.349923 6.415701 10.549129
v -8.349925 4.086237 10.549129
v -8.349923 6.415701 10.349130
v -8.349925 0.390332 5.603570
v -7.649925 0.390331 8.575218
v -7.649925 0.390331 5.603570
v -8.349925 0.390332 8.575218
v -7.649924 0.576046 10.549129
v -8.349925 0.576046 13.120778
v -8.349925 0.576046 10.549129
v -7.649924 0.576046 13.120778
v -8.349923 2.905511 10.549129
v -7.649922 2.905511 13.120778
v -7.649922 2.905511 10.549129
v -8.349923 2.905511 13.120778
v -8.349923 2.905511 13.120778
v -7.649924 0.576046 13.120778
v -7.649922 2.905511 13.120778
v -8.349925 0.576046 13.120778
v 7.649924 0.576046 5.803571
v 7.649924 0.576046 8.375219
v 7.649925 0.390331 8.575218
v 7.649924 0.576046 8.575218
v -7.649924 0.576046 10.549129
v -8.349923 2.905511 10.549129
v -7.649922 2.905511 10.549129
v -8.349925 0.576046 10.549129
v -7.649922 -3.897044 0.878351
v -8.349923 -3.897043 3.849999
v -8.349923 -3.897043 0.878351
v -7.649922 -3.897044 3.849999
v -8.349925 3.900523 13.320778
v -8.349923 6.601416 13.320778
v -7.649922 6.415701 13.320778
v -7.649922 6.601415 13.320778
v -7.649924 0.576046 10.549129
v -7.649922 2.905511 10.349130
v -7.649924 0.576046 10.349130
v -7.649922 2.905511 10.549129
v -7.649924 -2.898253 10.549129
v -8.349925 -2.898252 13.120778
v -8.349925 -2.898252 10.549129
v -7.649924 -2.898253 13.120778
v -8.349923 -0.568788 10.549129
v -7.649922 -0.568788 13.120778
v -7.649922 -0.568788 10.549129
v -8.349923 -0.568788 13.120778
v -8.349923 -0.568788 13.120778
v -7.649924 -2.898253 13.120778
v -7.649922 -0.568788 13.120778
v -8.349925 -2.898252 13.120778
v -8.349925 -6.597936 13.320778
v -7.649922 -3.897044 13.320778
v -7.649925 -6.597937 13.320778
v -8.349923 -3.897043 13.320778
v -7.649924 -2.898253 10.549129
v -8.349923 -0.568788 10.549129
v -7.649922 -0.568788 10.549129
v -8.349925 -2.898252 10.549129
v -3.350000 6.534588 7.599999
v -2.650002 3.899997 7.599999
v -3.350002 3.899998 7.599999
v -2.650000 6.534588 7.599999
v -4.149489 7.399998 5.603570
v -4.335204 7.399998 5.803571
v -4.149489 7.399998 8.575218
v -4.335204 7.399998 5.603570
v -8.349925 -2.898252 10.349130
v -8.349923 -0.568788 10.549129
v -8.349925 -2.898252 10.549129
v -8.349923 -0.568788 10.349130
v -4.335204 8.099998 10.549129
v -4.335204 7.399998 13.120778
v -4.335204 7.399998 10.549129
v -4.335204 8.099998 13.120778
v -4.335204 7.399998 10.549129
v -4.335204 7.399998 13.120778
v -4.149489 7.399998 13.320778
v -4.335204 7.399998 13.320778
v 7.649924 -6.412223 10.349130
v 8.349923 -3.897043 10.349130
v 7.649922 -3.897044 10.349130
v 8.349925 -6.597936 10.349130
v -6.664669 7.399998 10.549129
v -6.664669 8.099998 13.120778
v -6.664669 8.099998 10.549129
v -6.664669 7.399998 13.120778
v -6.664669 7.399998 13.120778
v -4.335204 8.099998 13.120778
v -6.664669 8.099998 13.120778
v -4.335204 7.399998 13.120778
v -4.335204 8.099998 10.549129
v -6.664669 7.399998 10.549129
v -6.664669 8.099998 10.549129
v -4.335204 7.399998 10.549129
v -4.149489 7.399998 10.349130
v -4.149489 7.399998 13.320778
v -4.149489 8.099998 13.120778
v -4.149489 8.099998 13.320778
v 6.850383 7.399998 13.320778
v 6.664669 7.399998 10.549129
v 6.664669 7.399998 13.120778
v 4.149489 7.399998 13.320778
v 4.335204 7.399998 13.120778
v 4.149489 7.399998 13.120778
v 4.335204 7.399998 13.120778
v 4.335204 8.099998 10.549129
v 4.335204 7.399998 10.549129
v 4.335204 8.099998 13.120778
v 6.664669 8.099998 13.120778
v 6.664669 7.399998 10.549129
v 6.664669 8.099998 10.549129
v 6.664669 7.399998 13.120778
v 4.335204 8.099998 13.120778
v 6.664669 7.399998 13.120778
v 6.664669 8.099998 13.120778
v 4.335204 7.399998 13.120778
v 4.149489 8.099998 13.320778
v 6.850383 7.399998 13.320778
v 4.149489 7.399998 13.320778
v 6.850383 8.099998 13.320778
v 6.664669 7.399998 10.549129
v 4.335204 8.099998 10.549129
v 6.664669 8.099998 10.549129
v 4.335204 7.399998 10.549129
v -8.349925 3.900523 10.349130
v -7.649925 3.900522 13.320778
v -7.649925 3.900522 10.349130
v -8.349925 3.900523 13.320778
v 7.750004 7.499996 0.000000
v 6.749925 7.500523 1.000000
v 7.749925 7.500523 1.000000
v 3.250002 7.499998 0.000000
v 4.249923 7.500525 1.000000
v 3.249923 7.500525 1.000000
v 4.249489 7.501392 3.750000
v 3.249490 7.501392 3.750000
v 7.749491 7.501390 3.750000
v 6.749491 7.501390 3.750000
v 7.749450 7.501660 4.250000
v 4.249489 7.501392 3.750000
v 3.249449 7.501662 4.250000
v 3.249490 7.501392 3.750000
v -7.751472 4.004631 10.499999
v -7.751472 4.004631 12.249999
v -8.251472 4.004631 10.499999
v -8.251472 4.004631 13.249999
v -7.751472 4.004631 13.249999
v -8.249999 8.000000 0.000000
v -8.249996 8.000003 -5.000000
v -1.249998 7.999998 0.000000
v 4.250001 8.000002 -5.000000
v 1.250002 7.999998 0.000000
v 4.249923 8.000525 1.000000
v 6.750000 8.000000 -5.000000
v 6.750817 8.016091 1.000000
v 8.250000 8.000000 -5.000000
v 8.249306 8.002626 5.749999
v -3.249998 7.499998 0.000000
v -3.249998 3.999998 0.000000
v -7.749999 7.500000 0.000000
v -3.249998 -2.500002 -0.000000
v -7.750003 -7.499997 -0.000000
v -3.249998 -2.500002 -0.000000
v 7.749995 -7.500005 -0.000000
v -7.750003 -7.499997 -0.000000
v 3.250002 -2.500002 -0.000000
v 3.248528 6.504629 12.249999
v 3.248528 7.504629 9.499999
v 3.248528 6.504629 9.499999
v 3.248528 7.504629 13.749999
v 7.749995 -7.500005 -0.000000
v 7.749916 -7.499478 1.000000
v -7.750003 -7.499997 -0.000000
v -7.750082 -7.499471 1.000000
v 7.749482 -7.498610 3.750000
v 7.749442 -7.498341 4.250000
v -7.750516 -7.498603 3.750000
v -7.750556 -7.498333 4.250000
v -7.751472 -3.995368 13.249999
v -7.751472 -2.995368 10.499999
v -7.751472 -3.995368 10.499999
v -7.751472 -2.995368 13.249999
v -7.751472 -3.995368 13.749999
v -7.751476 -6.495366 13.249999
v -7.751472 -3.995368 13.749999
v -7.751476 -7.495366 13.749999
v -7.751476 -6.495366 10.499999
v -7.751476 -7.495366 9.499999
v -7.751472 6.504631 10.499999
v -7.751472 7.504631 13.749999
v -7.751472 7.504631 9.499999
v -7.751472 6.504631 13.249999
v -7.751472 4.004631 10.499999
v -7.751472 4.004631 9.499999
v -7.751472 3.004632 10.499999
v -7.751472 4.004631 12.249999
v -7.751472 3.004632 12.249999
v -7.751472 4.004631 13.249999
v -7.751472 3.004632 13.249999
v -7.751472 0.504631 10.499999
v -7.751472 -0.495369 10.499999
v -7.751472 -0.495369 13.249999
v -7.751472 0.504631 13.249999
v -7.751472 -3.995368 13.749999
v -7.751472 -0.495369 13.249999
v -7.751472 -2.995368 13.249999
v -7.751472 0.504631 13.249999
v -7.751472 7.504631 13.749999
v -7.751472 3.004632 13.249999
v -7.751472 4.004631 13.249999
v -7.751472 6.504631 13.249999
v 1.249644 7.501083 2.750000
v 2.750002 7.499998 0.000000
v 1.250002 7.499998 0.000000
v 2.749449 7.501662 4.250000
v -3.250599 -2.498019 4.750000
v -3.251184 4.003603 7.499999
v -3.251424 -2.495689 8.999999
v -3.250599 4.001981 4.750000
v -3.251424 7.504310 8.999999
v -3.251184 6.503603 7.499999
v -3.250599 7.501981 4.750000
v -3.250599 6.501981 4.750000
v -3.250599 7.501981 4.750000
v -3.250599 6.501981 4.750000
v -7.750600 7.501983 4.750000
v -3.250599 4.001981 4.750000
v -7.750600 7.501983 4.750000
v -3.250599 -2.498019 4.750000
v -7.750604 -7.498014 4.750000
v -3.250599 -2.498019 4.750000
v 7.749394 -7.498022 4.750000
v 3.249401 -2.498019 4.750000
v 7.749403 7.501979 4.750000
v 3.249401 7.501981 4.750000
v -2.750599 4.001981 4.750000
v -2.750599 6.501981 4.750000
v -0.250599 3.001981 4.750000
v -3.250599 6.501981 4.750000
v 3.249449 7.501662 4.250000
v 3.249449 -2.498338 4.250000
v 7.749450 7.501660 4.250000
v 7.749442 -7.498341 4.250000
v -3.250551 -2.498338 4.250000
v -7.750556 -7.498333 4.250000
v -7.750553 7.501664 4.250000
v -3.250551 7.501662 4.250000
v -2.749998 7.499998 0.000000
v -2.749998 3.999998 0.000000
v -2.750551 7.501662 4.250000
v -2.750286 3.000943 2.375000
v -2.749998 2.999998 0.000000
v -2.750551 3.001662 4.250000
v -2.750551 0.501662 2.375000
v -2.751013 0.503090 6.624760
v -2.750551 -1.998338 4.250000
v -2.750551 -1.998338 2.375000
v -2.750867 -1.997030 6.624760
v -2.750599 3.001981 4.750000
v -2.751184 4.003603 7.499999
v -2.750599 4.001981 4.750000
v -2.751061 0.503409 7.124760
v -2.751423 3.004306 8.999999
v -2.751184 6.503603 7.499999
v -2.751424 7.504310 8.999999
v -2.750599 7.501981 4.750000
v -2.750599 6.501981 4.750000
v -2.751472 0.504629 11.624999
v -2.751086 -0.496591 7.124999
v -2.751423 3.004306 9.499999
v -2.751472 -1.995371 11.624999
v -2.751086 -1.996591 7.124999
v -2.751472 3.004306 13.749999
v -2.751472 0.504629 13.749999
v -2.751472 7.504629 11.874999
v -2.751472 7.504629 13.749999
v -2.751472 7.504629 11.374999
v -2.751472 7.504629 9.499999
v -4.250077 7.500525 1.000000
v -4.250077 8.000525 1.000000
v -4.250216 7.500804 2.125000
v -4.250511 8.001392 3.750000
v -4.250511 7.501392 3.750000
v -1.251472 8.004628 11.874999
v -1.251472 7.504629 13.249999
v -1.251472 8.004628 13.249999
v -1.251472 7.504629 11.874999
v -1.251472 7.504629 11.374999
v -1.251472 8.004628 11.374999
v -1.251472 8.004628 10.499999
v -1.251472 7.504629 10.499999
v -3.250551 -2.498338 4.250000
v -3.249998 3.999998 0.000000
v -3.250551 7.501662 4.250000
v -3.250216 7.500804 2.125000
v -3.250077 7.500525 1.000000
v -3.249998 7.499998 0.000000
v 8.250000 -8.000000 -5.000000
v -8.250001 -7.999998 -5.000000
v 8.249916 -7.999478 1.000000
v -8.250082 -7.999471 1.000000
v 8.248522 -7.995374 9.499999
v -8.251476 -7.995366 14.249999
v 8.248522 -7.995374 14.249999
v -8.251380 -7.996009 8.499999
v 8.248618 -7.996016 8.499999
v -8.250701 -7.997366 5.749999
v 8.249297 -7.997374 5.749999
v -8.250516 -7.998603 3.750000
v 8.249482 -7.998610 3.750000
v -8.250082 -7.999471 1.000000
v 8.249916 -7.999478 1.000000
v -6.751376 8.003987 8.499999
v -6.751039 8.003313 6.874999
v -6.751376 7.503988 8.499999
v -6.751039 7.503313 6.874999
v -6.750698 8.002630 5.749999
v -6.750698 7.502631 5.749999
v 4.248625 8.003985 8.499999
v 4.248962 8.003311 6.874999
v 4.248625 7.503986 8.499999
v 4.248962 7.503311 6.874999
v 4.249133 8.002970 6.624760
v 4.249133 7.502970 6.624760
v 4.249304 8.002628 5.749999
v 4.249304 7.502629 5.749999
v 1.249304 7.502629 5.749999
v 1.249304 8.002628 5.749999
v 1.249133 7.502970 6.624760
v 1.249133 8.002970 6.624760
v 1.248962 7.503311 6.874999
v 1.248962 8.003311 6.874999
v 1.248625 7.503986 8.499999
v 1.248625 8.003985 8.499999
v 7.748627 -3.996015 8.499999
v 7.748569 -7.495693 8.999999
v 7.748618 -6.496016 8.499999
v 7.748627 -2.996015 8.499999
v 7.748627 -0.496015 8.499999
v 7.748627 0.503985 8.499999
v 7.748627 3.003985 8.499999
v 7.748578 7.504308 8.999999
v 7.748627 4.003984 8.499999
v 7.748627 6.503984 8.499999
v 7.749297 -7.497374 5.749999
v 7.749394 -7.498022 4.750000
v 7.749297 -6.497374 5.749999
v 7.748618 -7.496016 8.499999
v 7.748618 -6.496016 8.499999
v 7.748569 -7.495693 8.999999
v 7.748627 0.503985 8.499999
v 7.748578 7.504308 8.999999
v 7.748627 6.503984 8.499999
v 7.748627 7.503984 8.499999
v 7.748627 -0.496015 8.499999
v 7.749305 0.502627 5.749999
v 7.749305 -0.497373 5.749999
v 7.748627 6.503984 8.499999
v 7.749305 7.502627 5.749999
v 7.749305 6.502627 5.749999
v 7.749403 7.501979 4.750000
v -7.750698 7.502631 5.749999
v -6.750698 7.502631 5.749999
v -7.750600 7.501983 4.750000
v -6.751039 7.503313 6.874999
v -7.751039 7.503313 6.874999
v -6.751376 7.503988 8.499999
v -7.751376 7.503988 8.499999
v -7.751425 7.504312 8.999999
v -6.751376 7.503988 8.499999
v -3.251424 7.504310 8.999999
v -4.251375 7.503986 8.499999
v -4.250696 7.502629 5.749999
v -3.250599 7.501981 4.750000
v 7.749394 -7.498022 4.750000
v 7.749297 -7.497374 5.749999
v -7.750604 -7.498014 4.750000
v -7.750701 -7.497366 5.749999
v 7.748618 -7.496016 8.499999
v -7.751380 -7.496009 8.499999
v 7.748569 -7.495693 8.999999
v -7.751429 -7.495685 8.999999
v 8.249916 -6.499478 1.000000
v 8.250000 -8.000000 -5.000000
v 8.249916 -7.999478 1.000000
v 8.249925 -3.999478 1.000000
v 8.249925 -2.999478 1.000000
v 8.249925 -0.499478 1.000000
v 8.250000 8.000000 -5.000000
v 8.249925 0.500522 1.000000
v 8.249925 3.000522 1.000000
v 8.249925 4.000523 1.000000
v 8.249925 6.500523 1.000000
v 8.249306 8.002626 5.749999
v 3.248576 7.504310 8.999999
v 3.248963 7.503311 6.874999
v 3.248576 -2.495689 8.999999
v 3.249401 -2.498019 4.750000
v 3.249133 7.502970 6.624760
v 3.249401 7.501981 4.750000
v 7.748530 7.504627 9.499999
v 3.248528 6.504629 9.499999
v 3.248528 7.504629 9.499999
v 7.748530 6.504627 9.499999
v 3.248528 4.004629 9.499999
v 2.748528 4.004629 9.499999
v 2.748528 6.504629 9.499999
v 0.248577 3.004306 9.499999
v 2.748528 3.004306 9.499999
v -0.251423 3.004306 9.499999
v -2.751472 7.504629 9.499999
v -2.751423 3.004306 9.499999
v -3.251472 -2.495370 9.499999
v -7.751472 4.004631 9.499999
v -3.251472 7.504629 9.499999
v -7.751472 7.504631 9.499999
v -0.251423 0.504305 11.624999
v -0.251471 3.004306 13.749999
v -0.251423 0.504305 13.749999
v -0.251423 3.004306 9.499999
v -0.251086 0.503409 7.124999
v -0.251423 3.004306 8.999999
v -0.250599 3.001981 4.750000
v -0.250551 3.001662 4.250000
v -0.250551 0.501662 2.375000
v -0.250286 3.000943 2.375000
v 7.748530 6.504627 10.499999
v 7.748530 6.504627 12.249999
v 8.248530 6.504627 10.499999
v 8.248530 6.504627 13.249999
v 7.748530 6.504627 13.249999
v 2.749133 7.502970 6.624760
v 2.749401 3.001981 4.750000
v 2.749401 7.501981 4.750000
v 2.748963 7.503311 6.874999
v 2.748576 7.504310 8.999999
v 2.748576 3.004311 8.999999
v 2.748914 0.503409 7.124999
v 2.748528 3.004306 9.499999
v 2.749133 0.502970 6.624760
v 2.749449 3.001662 4.250000
v 2.748528 0.504629 11.624999
v 2.748528 -1.995371 11.624999
v 2.748914 -1.996591 7.124999
v 2.748528 3.004306 11.624999
v 2.748528 4.004629 9.499999
v 2.748528 4.004629 12.249999
v 2.748528 3.004306 13.749999
v 0.248577 3.004306 13.749999
v 0.248577 0.504305 11.624999
v 0.248577 0.504305 13.749999
v 0.248577 3.004306 9.499999
v 0.248914 0.503409 7.124999
v 0.248577 3.004306 8.999999
v 0.249401 3.001981 4.750000
v 0.249714 0.500943 2.375000
v 0.249449 3.001662 4.250000
v 0.250002 2.999998 0.000000
v 0.250002 0.499998 0.000000
v 4.248529 7.504629 10.499999
v 7.748530 7.504627 9.499999
v 3.248528 7.504629 9.499999
v 6.748530 7.504627 10.499999
v -6.751472 7.504631 10.499999
v -7.751472 7.504631 9.499999
v -7.751472 7.504631 13.749999
v -6.751472 7.504631 13.249999
v -6.751472 7.504631 13.749999
v -4.251471 7.504629 13.249999
v -4.251471 7.504629 13.749999
v -3.251472 7.504629 13.749999
v -4.251471 7.504629 13.249999
v -4.251471 7.504629 10.499999
v -3.251472 7.504629 9.499999
v 2.748528 7.504629 9.499999
v 1.248528 7.504629 10.499999
v 2.748528 7.504629 13.749999
v 1.248528 7.504629 13.249999
v -2.751472 7.504629 13.749999
v -1.251472 7.504629 13.249999
v -2.751472 7.504629 11.874999
v -1.251472 7.504629 11.874999
v -2.751472 7.504629 11.374999
v -1.251472 7.504629 11.374999
v -1.251472 7.504629 10.499999
v -2.751472 7.504629 9.499999
v 3.250002 7.499998 0.000000
v 3.250002 6.499998 0.000000
v 3.249923 7.500525 1.000000
v 3.249644 6.501083 2.750000
v 3.249490 7.501392 3.750000
v 3.249449 7.501662 4.250000
v 3.249644 4.001083 2.750000
v 3.249449 -2.498338 4.250000
v 3.250002 -2.500002 -0.000000
v -7.751429 -7.495685 8.999999
v -3.251424 -2.495689 8.999999
v -7.751425 7.504312 8.999999
v 7.748569 -7.495693 8.999999
v 3.248576 -2.495689 8.999999
v 7.748578 7.504308 8.999999
v 3.248576 7.504310 8.999999
v 7.748530 -2.995372 10.499999
v 7.748530 -3.995372 13.249999
v 7.748530 -3.995372 10.499999
v 7.748530 -2.995372 13.249999
v 7.748530 -3.995372 13.749999
v 7.748522 -6.495374 13.249999
v 7.748530 -0.495373 13.249999
v 7.748530 3.004628 13.749999
v 7.748530 0.504627 13.249999
v 7.748530 -0.495373 10.499999
v 7.748530 0.504627 10.499999
v 7.748530 3.004628 13.249999
v 7.748530 6.504627 9.499999
v 7.748522 -7.495374 9.499999
v 7.748530 3.004628 10.499999
v 7.748530 4.004627 13.249999
v 7.748530 4.004627 10.499999
v 7.748530 6.504627 13.249999
v 7.748530 7.504627 13.749999
v 7.748530 6.504627 10.499999
v 7.748530 7.504627 9.499999
v 7.748530 7.504627 12.249999
v 7.748530 6.504627 12.249999
v 7.748522 -6.495374 10.499999
v 7.748522 -7.495374 13.749999
v -8.251472 0.504631 10.499999
v -8.251472 8.004630 9.499999
v -8.251472 3.004632 10.499999
v -8.251472 -0.495369 10.499999
v 6.750383 8.016959 3.750000
v 6.750197 8.018195 5.750000
v 4.249489 8.001392 3.750000
v 8.249306 8.002626 5.749999
v 6.750817 8.016091 1.000000
v 8.248627 8.003984 8.499999
v 6.750197 8.018195 5.750000
v 8.249306 8.002626 5.749999
v 6.749519 8.019552 8.500000
v 8.248530 8.004626 9.499999
v 6.749423 8.020195 10.500000
v 8.248530 8.004626 10.499999
v 6.749423 8.020195 13.250000
v 8.248530 8.004626 13.749999
v 6.749423 8.020195 14.250000
v 8.248530 8.004626 14.249999
v 4.248625 8.003985 8.499999
v 6.749519 8.019552 8.500000
v 4.248529 8.004628 10.499999
v 1.248528 8.004628 10.499999
v 4.248962 8.003311 6.874999
v 4.248625 8.003985 8.499999
v 1.248962 8.003311 6.874999
v 1.249133 8.002970 6.624760
v 4.249133 8.002970 6.624760
v 1.249304 8.002628 5.749999
v -1.250696 8.002628 5.749999
v -4.250511 8.001392 3.750000
v -4.250696 8.002628 5.749999
v 7.748530 -2.995372 10.499999
v 7.748522 -7.495374 9.499999
v 7.748530 -0.495373 10.499999
v 7.748530 -3.995372 10.499999
v 7.748522 -6.495374 10.499999
v -7.751472 3.004632 10.499999
v -8.251472 3.004632 10.499999
v -7.751472 3.004632 12.249999
v -8.251472 3.004632 13.249999
v -7.751472 3.004632 13.249999
v 5.748522 -5.495374 15.250000
v 5.748522 -5.495374 16.250000
v 4.748522 -5.495374 15.250000
v 4.248523 -5.495370 15.250000
v 3.248522 -5.495370 15.250000
v 2.748522 -5.495370 15.250000
v 1.248522 -5.495370 15.250000
v 0.248522 -5.495370 15.250000
v -5.751476 -5.495366 16.250000
v -0.251478 -5.495370 15.250000
v -1.251478 -5.495370 15.250000
v -2.751478 -5.495370 15.250000
v -3.251478 -5.495370 15.250000
v -4.251477 -5.495370 15.250000
v -4.751476 -5.495366 15.250000
v -5.751476 -5.495366 15.250000
v -5.751476 -4.495366 15.250000
v -5.751472 -2.995368 16.250000
v -5.751472 -3.995368 15.250000
v -5.751476 -5.495366 16.250000
v -5.751472 -0.495369 15.250000
v -5.751472 0.504631 15.250000
v -5.751472 5.504631 16.250000
v -5.751472 3.004632 15.250000
v -5.751472 4.004631 15.250000
v -5.751472 4.504631 15.250000
v 5.748530 4.504627 15.250000
v 5.748530 5.504627 16.250000
v 5.748530 4.004627 15.250000
v 5.748530 3.004628 15.250000
v 5.748530 0.504627 15.250000
v 5.748530 -0.495373 15.250000
v 5.748522 -5.495374 16.250000
v 5.748530 -2.995372 15.250000
v 5.748530 -3.995372 15.250000
v 5.748522 -4.495374 15.250000
v 7.748530 7.504627 13.749999
v 6.748530 7.504627 13.749999
v 7.748530 3.004628 13.749999
v 4.248529 7.504629 13.749999
v 3.248528 7.504629 13.749999
v 3.248528 -2.495370 13.749999
v 7.748530 -3.995372 13.749999
v 5.748530 4.504627 15.250000
v 5.748530 4.004627 15.250000
v 4.748530 5.504627 15.250000
v 4.248529 5.504629 15.250000
v 4.248529 5.504629 15.250000
v 5.748530 3.004628 15.250000
v 3.248528 5.504629 15.250000
v 2.748528 5.504629 15.250000
v 2.748528 5.504629 15.250000
v 5.748530 0.504627 15.250000
v 1.248528 5.504629 15.250000
v 0.248522 -5.495370 15.250000
v -5.751472 -3.995368 15.250000
v -4.751476 -5.495366 15.250000
v -5.751476 -4.495366 15.250000
v -4.251477 -5.495370 15.250000
v -3.251478 -5.495370 15.250000
v -5.751472 -2.995368 15.250000
v 6.664669 8.099998 13.120778
v 6.664669 8.099998 10.549129
v 6.850383 8.099998 13.120778
v 6.850383 8.099998 10.349130
v -7.649922 2.905511 1.078351
v -7.649922 3.091225 0.878351
v -7.649922 2.905511 0.878351
v -7.649922 3.091225 3.849999
v 8.349925 0.390332 3.849999
v 7.649924 0.576046 3.849999
v 8.349925 0.576046 3.849999
v 8.349923 2.905511 3.849999
v 7.649922 3.091225 3.849999
v -7.649922 -0.383074 0.878351
v -7.649924 -2.898253 1.078351
v -7.649922 -0.568788 1.078351
v -7.649925 -3.083967 0.878351
v 8.349925 -2.898252 3.849999
v 8.349923 -0.568788 3.650000
v 8.349925 -2.898252 3.650000
v 8.349923 -0.383073 3.849999
v 8.349923 -0.568788 1.078351
v 7.649922 -4.082757 3.849999
v 7.649922 -4.082757 3.650000
v 7.649922 -3.897044 3.849999
v 7.649922 -3.897044 0.878351
v -2.650000 6.348873 7.399999
v -2.650000 6.534588 4.684412
v -2.650000 6.348873 4.684412
v -2.650000 6.534588 7.599999
v 1.317295 8.099998 2.849999
v 1.131581 8.099998 2.650000
v 1.317295 8.099998 -0.065588
v 1.131581 8.099998 -0.065588
v 7.649924 0.576046 1.078351
v 7.649925 0.390331 0.878351
v 7.649924 0.576046 0.878351
v 7.649925 0.390331 3.849999
v 7.649922 6.601415 0.878351
v 7.649922 6.415701 1.078351
v 7.649924 4.086236 0.878351
v 7.649924 4.086236 1.078351
v 7.649925 -6.597937 5.603570
v 8.349925 -6.412222 5.603570
v 7.649922 -3.897044 5.603570
v 8.349925 -6.597936 5.603570
v 7.649922 3.091225 0.878351
v 7.649922 2.905511 1.078351
v 7.649924 0.576046 0.878351
v 7.649924 0.576046 1.078351
v 7.649922 -0.568788 3.849999
v 7.649924 -2.898253 3.650000
v 7.649922 -0.568788 3.650000
v 7.649925 -3.083967 3.849999
v 7.649924 -2.898253 1.078351
v 7.649925 -3.083967 0.878351
v 7.649922 -0.568788 0.878351
v -8.349923 -4.082757 0.878351
v -8.349923 -3.897043 0.878351
v -8.349923 -4.082757 1.078351
v -8.349923 -4.082757 3.650000
v -8.349923 -3.897043 3.849999
v -8.349925 -6.597936 3.849999
v -8.349925 -6.412222 3.650000
v -8.349925 -6.412222 1.078351
v 6.850383 8.099998 8.575218
v 6.664669 8.099998 8.375219
v 6.850383 8.099998 5.803571
v 6.664669 8.099998 5.803571
v 7.649925 -3.083967 5.603570
v 7.649924 -2.898253 5.803571
v 7.649925 -3.083967 5.803571
v 7.649922 -0.383074 5.603570
v 7.649922 -0.568788 5.803571
v 7.649924 4.086236 0.878351
v 8.349923 6.601416 0.878351
v 7.649922 6.601415 0.878351
v 8.349925 3.900523 0.878351
v -7.649922 -4.082757 5.803571
v -7.649922 -3.897044 5.603570
v -7.649922 -4.082757 5.603570
v -7.649922 -3.897044 8.575218
v 8.349925 4.086237 3.849999
v 8.349923 6.415701 3.650000
v 8.349925 4.086237 3.650000
v 8.349923 6.601416 3.849999
v 8.349923 6.415701 1.078351
v -8.349923 2.905511 3.849999
v -8.349923 2.905511 3.650000
v -8.349923 3.091226 3.849999
v -8.349923 3.091226 0.878351
v -7.649925 -3.083967 10.349130
v -8.349925 -2.898252 10.349130
v -8.349925 -3.083966 10.349130
v -8.349923 -0.568788 10.349130
v -8.349923 -0.568788 0.878351
v -8.349923 -0.383073 0.878351
v -8.349923 -0.568788 1.078351
v -8.349923 -0.568788 3.650000
v -8.349923 -0.383073 3.849999
v -8.349925 -3.083966 3.849999
v -8.349925 -2.898252 3.650000
v -8.349925 -2.898252 1.078351
v -4.149489 8.099998 3.849999
v -4.335204 8.099998 3.650000
v -4.149489 8.099998 1.078351
v -4.335204 8.099998 1.078351
v -4.149489 8.099998 0.878351
v -4.335204 7.399998 0.878351
v -4.149489 7.399998 0.878351
v -6.850383 8.099998 0.878351
v -6.850383 7.399998 0.878351
v -1.164982 8.099998 10.549129
v -1.350696 8.099998 10.349130
v 1.164483 8.099998 10.349130
v -1.350696 8.099998 13.320778
v -1.164982 8.099998 13.120778
v 1.164483 8.099998 13.320778
v 1.164483 8.099998 13.120778
v 1.350197 8.099998 8.575218
v 1.164483 8.099998 8.375219
v 1.350197 8.099998 5.803571
v 1.164483 8.099998 5.803571
v 1.164483 7.399998 5.603570
v -1.350696 8.099998 5.603570
v -1.350696 7.399998 5.603570
v 1.350197 8.099998 5.603570
v -6.664669 7.399998 13.120778
v -4.335204 7.399998 13.320778
v -4.335204 7.399998 13.120778
v -6.850383 7.399998 13.320778
v -4.335204 7.399998 10.349130
v -6.664669 7.399998 10.549129
v -4.335204 7.399998 10.549129
v -6.850383 7.399998 10.349130
v 8.349925 4.086237 13.320778
v 8.349923 6.415701 13.120778
v 8.349925 4.086237 13.120778
v 8.349923 6.601416 13.320778
v 8.349923 6.415701 10.549129
v 7.649925 -6.597937 5.603570
v 7.649924 -6.412223 5.803571
v 7.649925 -6.597937 5.803571
v 7.649922 -3.897044 5.603570
v 7.649922 -4.082757 5.803571
v 7.649925 3.900522 5.603570
v 7.649924 4.086236 5.803571
v 7.649925 3.900522 5.803571
v 7.649922 6.601415 5.603570
v 7.649922 6.415701 5.803571
v 7.649922 3.091225 5.603570
v 7.649922 2.905511 5.803571
v 7.649924 0.576046 5.603570
v 7.649924 0.576046 5.803571
v 8.349923 -0.568788 5.803571
v 8.349923 -0.383073 5.603570
v 8.349923 -0.568788 5.603570
v 8.349923 -0.383073 8.575218
v 8.349925 -2.898252 5.603570
v 8.349925 -3.083966 5.603570
v 8.349925 -2.898252 5.803571
v 8.349925 -2.898252 8.375219
v 8.349925 -3.083966 8.575218
v 8.349923 -0.568788 8.375219
v 8.349923 -0.383073 8.575218
v 8.349923 -0.568788 5.803571
v -8.349923 -4.082757 8.575218
v -8.349925 -6.412222 8.375219
v -8.349923 -4.082757 8.375219
v -8.349925 -6.597936 8.575218
v -8.349925 -6.597936 5.603570
v -8.349925 -6.412222 5.803571
v -8.349923 -4.082757 5.603570
v -7.649922 -0.568788 5.803571
v -7.649922 -0.383074 5.603570
v -7.649922 -0.568788 5.603570
v -7.649922 -0.383074 8.575218
v 8.349925 -3.083966 13.320778
v 7.649924 -2.898253 13.320778
v 8.349925 -2.898252 13.320778
v 8.349923 -0.568788 13.320778
v 7.649922 -0.383074 13.320778
v -8.349923 6.415701 8.575218
v -8.349925 4.086237 8.375219
v -8.349923 6.415701 8.375219
v -8.349925 3.900523 8.575218
v -8.349925 4.086237 5.803571
v -8.349925 3.900523 5.603570
v -8.349923 6.415701 5.603570
v 7.649925 3.900522 5.603570
v 8.349925 4.086237 5.603570
v 7.649922 6.601415 5.603570
v 8.349925 3.900523 5.603570
v -8.349923 2.905511 8.575218
v -8.349925 0.576046 8.375219
v -8.349923 2.905511 8.375219
v -8.349925 0.390332 8.575218
v -8.349925 0.390332 5.603570
v -8.349925 0.576046 5.803571
v -8.349923 2.905511 5.603570
v -7.649922 6.601415 8.575218
v -7.649922 6.415701 8.375219
v -7.649922 6.415701 8.575218
v -7.649922 6.415701 5.803571
v -8.349923 -0.568788 8.575218
v -8.349925 -2.898252 8.375219
v -8.349923 -0.568788 8.375219
v -8.349925 -3.083966 8.575218
v -8.349925 -2.898252 5.803571
v -8.349925 -3.083966 5.603570
v -8.349923 -0.568788 5.603570
v -7.649922 2.905511 5.803571
v -7.649922 3.091225 5.603570
v -7.649922 2.905511 5.603570
v -7.649922 3.091225 8.575218
v 4.335204 7.399998 3.650000
v 4.335204 7.399998 1.078351
v 4.149489 7.399998 3.650000
v 4.149489 7.399998 0.878351
v -6.664669 8.099998 3.849999
v -6.850383 8.099998 3.849999
v -6.664669 8.099998 3.650000
v -6.664669 8.099998 1.078351
v -4.149489 8.099998 5.603570
v -4.335204 7.399998 5.603570
v -4.149489 7.399998 5.603570
v -6.664669 8.099998 5.603570
v -6.850383 7.399998 5.603570
v -6.850383 8.099998 5.603570
v 7.649922 -3.897044 3.849999
v 8.349923 -4.082757 3.849999
v 7.649922 -4.082757 3.849999
v 7.649924 -6.412223 3.849999
v 8.349925 -6.412222 3.849999
v 8.349925 -6.597936 3.849999
v 7.649924 -2.898253 10.549129
v 7.649925 -3.083967 10.349130
v 7.649924 -2.898253 10.349130
v 7.649925 -3.083967 13.320778
v 7.649922 -3.897044 10.349130
v 7.649922 -4.082757 10.549129
v 7.649924 -6.412223 10.349130
v 7.649924 -6.412223 10.549129
v 7.649922 6.601415 10.349130
v 7.649922 6.415701 10.549129
v 7.649924 4.086236 10.349130
v 7.649924 4.086236 10.549129
v 3.350002 3.899998 -0.065588
v 3.350002 4.085712 2.650000
v 3.350002 4.085712 -0.065588
v 3.350002 3.899998 2.849999
v 7.649924 -6.412223 10.549129
v 7.649925 -6.597937 10.349130
v 7.649924 -6.412223 10.349130
v 7.649925 -6.597937 13.320778
v 7.649922 3.091225 10.349130
v 7.649922 2.905511 10.549129
v 7.649924 0.576046 10.349130
v 7.649924 0.576046 10.549129
v 8.349925 0.576046 10.349130
v 8.349925 0.390332 10.349130
v 8.349925 0.576046 10.549129
v 8.349925 0.576046 13.120778
v 8.349925 0.390332 13.320778
v 6.664669 7.399998 8.375219
v 6.850383 7.399998 5.803571
v 6.664669 7.399998 5.803571
v 6.850383 7.399998 8.575218
v 7.649922 -0.383074 10.349130
v 7.649922 -0.568788 10.549129
v 7.649924 -2.898253 10.349130
v 7.649924 -2.898253 10.549129
v -7.649922 6.601415 10.349130
v -7.649924 4.086236 10.549129
v -7.649922 6.415701 10.549129
v -7.649925 3.900522 10.349130
v 3.350002 3.899998 9.434413
v 3.350002 4.085712 12.150001
v 3.350002 4.085712 9.434413
v 3.350002 3.899998 12.350000
v 8.349925 -2.898252 13.320778
v 8.349925 -2.898252 13.120778
v 8.349925 -3.083966 13.320778
v 8.349925 -3.083966 10.349130
v -7.649922 -0.383074 10.349130
v -7.649924 -2.898253 10.549129
v -7.649922 -0.568788 10.549129
v -7.649925 -3.083967 10.349130
v -7.649925 3.900522 10.349130
v -8.349925 4.086237 10.349130
v -8.349925 3.900523 10.349130
v -8.349923 6.415701 10.349130
v 7.649924 0.576046 0.878351
v 8.349923 3.091226 0.878351
v 7.649922 3.091225 0.878351
v 8.349925 0.390332 0.878351
v 8.349925 -6.412222 13.320778
v 8.349923 -4.082757 13.120778
v 8.349925 -6.412222 13.120778
v 8.349923 -3.897043 13.320778
v 8.349923 -4.082757 10.549129
v -8.349925 0.576046 13.120778
v -8.349923 2.905511 13.120778
v -8.349925 0.576046 13.320778
v -8.349923 3.091226 13.320778
v -8.349925 0.576046 10.349130
v -8.349923 2.905511 10.549129
v -8.349925 0.576046 10.549129
v -8.349923 3.091226 10.349130
v -8.349923 2.905511 13.120778
v -8.349923 3.091226 13.320778
v 7.649924 0.576046 5.803571
v 7.649925 0.390331 5.603570
v 7.649924 0.576046 5.603570
v 7.649925 0.390331 8.575218
v -7.649922 6.601415 0.878351
v -7.649924 4.086236 1.078351
v -7.649922 6.415701 1.078351
v -7.649925 3.900522 0.878351
v -6.664669 7.399998 8.575218
v -4.335204 7.399998 8.375219
v -6.664669 7.399998 8.375219
v -4.149489 7.399998 8.575218
v -4.335204 7.399998 5.803571
v -4.335204 8.099998 13.120778
v -4.335204 8.099998 10.549129
v -4.149489 8.099998 13.120778
v -4.149489 8.099998 10.349130
v -4.335204 7.399998 10.549129
v -4.149489 7.399998 10.349130
v -4.335204 7.399998 10.349130
v -4.149489 7.399998 13.320778
v 6.664669 7.399998 10.349130
v 6.664669 7.399998 10.549129
v 6.850383 7.399998 10.349130
v 6.850383 7.399998 13.320778
v 6.664669 7.399998 10.349130
v 4.149489 8.099998 10.349130
v 4.149489 7.399998 10.349130
v 6.850383 8.099998 10.349130
v -6.750512 7.501394 3.750000
v -7.750553 7.501664 4.250000
v -3.250551 7.501662 4.250000
v -4.250511 7.501392 3.750000
v -7.750512 7.501394 3.750000
v -7.750078 7.500526 1.000000
v -3.250216 7.500804 2.125000
v -4.250216 7.500804 2.125000
v -4.250077 7.500525 1.000000
v -3.250077 7.500525 1.000000
v -3.249998 7.499998 0.000000
v -7.749999 7.500000 0.000000
v -6.750078 7.500526 1.000000
v 2.749401 7.501981 4.750000
v 1.249304 7.502629 5.749999
v 2.749133 7.502970 6.624760
v -2.750599 7.501981 4.750000
v 1.249133 7.502970 6.624760
v -1.250696 7.502629 5.749999
v -2.751424 7.504310 8.999999
v -1.251375 7.503986 8.499999
v 2.748576 7.504310 8.999999
v 1.248625 7.503986 8.499999
v 2.748963 7.503311 6.874999
v 1.248962 7.503311 6.874999
vt 0.839157701 0.718860745
vt 0.874381542 0.754045844
vt 0.874381542 0.753864408
vt 0.164502382 0.278906196
vt 0.161599338 0.277091771
vt 0.164986193 0.278906196
vt 0.878252268 0.754045844
vt 0.839157701 0.718860745
vt 0.878252268 0.748239696
vt 0.839157701 0.718860745
vt 0.87817663 0.748602629
vt 0.839157701 0.718860745
vt 0.877284586 0.742433608
vt 0.877768397 0.748239696
vt 0.877768397 0.748239696
vt 0.877284586 0.754045844
vt 0.839157701 0.718860745
vt 0.877284586 0.754045844
vt 0.839157701 0.718860745
vt 0.874381542 0.748239696
vt 0.874381542 0.748421133
vt 0.114550292 0.73373431
vt 0.114550292 0.73373431
vt 0.108744204 0.73373431
vt 0.114550292 0.73373431
vt 0.114550292 0.73373431
vt 0.108744204 0.73373431
vt 0.108744204 0.73373431
vt 0.108666718 0.73361814
vt 0.108666718 0.73361814
vt 0.116001785 0.73373431
vt 0.116001785 0.73373431
vt 0.115517974 0.73373431
vt 0.116001785 0.73373431
vt 0.108666718 0.73361814
vt 0.108744204 0.73373431
vt 0.108666718 0.73361814
vt 0.114550292 0.73373431
vt 0.114550292 0.73373431
vt 0.108744204 0.73373431
vt 0.108744204 0.73373431
vt 0.165394425 0.281083494
vt 0.126375496 0.246624142
vt 0.165470064 0.281809241
vt 0.877768397 0.749691248
vt 0.878010333 0.749691248
vt 0.839157701 0.718860745
vt 0.87816155 0.748965502
vt 0.839157701 0.718860745
vt 0.87816155 0.749328375
vt 0.155502737 0.74824959
vt 0.145825922 0.762997091
vt 0.108666718 0.73361814
vt 0.839157701 0.718860745
vt 0.878010333 0.748965502
vt 0.877768397 0.748965502
vt 0.878010333 0.748965502
vt 0.877768397 0.748965502
vt 0.839157701 0.718860745
vt 0.155502737 0.756958783
vt 0.155502737 0.74824959
vt 0.108666718 0.73361814
vt 0.155502737 0.746072292
vt 0.155502737 0.756958783
vt 0.155502737 0.746798038
vt 0.108666718 0.73361814
vt 0.155502737 0.756958783
vt 0.155502737 0.745709419
vt 0.108666718 0.73361814
vt 0.155502737 0.745527983
vt 0.155502737 0.73373431
vt 0.108666718 0.73361814
vt 0.155502737 0.745437264
vt 0.108666718 0.73361814
vt 0.155502737 0.745369196
vt 0.108666718 0.73361814
vt 0.155502737 0.745391905
vt 0.108666718 0.73361814
vt 0.108666718 0.73361814
vt 0.155502737 0.745709419
vt 0.108666718 0.73361814
vt 0.155502737 0.745437264
vt 0.108666718 0.73361814
vt 0.155502737 0.746798038
vt 0.155502737 0.756958783
vt 0.108666718 0.73361814
vt 0.155502737 0.746072292
vt 0.145825922 0.762997091
vt 0.155502737 0.746798038
vt 0.874381542 0.751868546
vt 0.876316905 0.753320098
vt 0.839157701 0.718860745
vt 0.877284586 0.749328375
vt 0.877284586 0.749328375
vt 0.877284586 0.749328375
vt 0.346260697 0.223012298
vt 0.346260697 0.223012298
vt 0.385279626 0.253117055
vt 0.381484538 0.252481967
vt 0.346260697 0.223012298
vt 0.586806297 0.208254874
vt 0.618159294 0.231827736
vt 0.622030139 0.237633824
vt 0.631428719 0.178856254
vt 0.631428719 0.202080727
vt 0.5845927 0.178740084
vt 0.384871393 0.255294353
vt 0.381484538 0.256745845
vt 0.384871393 0.255294353
vt 0.384871393 0.255294353
vt 0.381484538 0.256745845
vt 0.346260697 0.223012298
vt 0.381484538 0.253117055
vt 0.346260697 0.223012298
vt 0.384871393 0.255294353
vt 0.384871393 0.255294353
vt 0.628584385 0.734837651
vt 0.628584385 0.678369403
vt 0.572116137 0.678369403
vt 0.628584385 0.678369403
vt 0.572116137 0.734837651
vt 0.628584385 0.734837651
vt 0.572116137 0.678369403
vt 0.572116137 0.678369403
vt 0.628584385 0.734837651
vt 0.572116137 0.678369403
vt 0.572116137 0.734837651
vt 0.572116137 0.678369403
vt 0.628584385 0.734837651
vt 0.628584385 0.678369403
vt 0.628584385 0.678369403
vt 0.572116137 0.734837651
vt 0.628584385 0.734837651
vt 0.572116137 0.678369403
vt 0.628584385 0.734837651
vt 0.628584385 0.678369403
vt 0.628584385 0.678369403
vt 0.572116137 0.734837651
vt 0.628584385 0.734837651
vt 0.572116137 0.678369403
vt 0.628584385 0.678369403
vt 0.628584385 0.734837651
vt 0.628584385 0.678369403
vt 0.572116137 0.678369403
vt 0.628584385 0.734837651
vt 0.572116137 0.734837651
vt 0.628584385 0.734837651
vt 0.572116137 0.678369403
vt 0.572116137 0.734837651
vt 0.628584385 0.734837651
vt 0.628584385 0.734837651
vt 0.628584385 0.678369403
vt 0.628584385 0.678369403
vt 0.628584385 0.734837651
vt 0.572116137 0.734837651
vt 0.572116137 0.734837651
vt 0.628584385 0.734837651
vt 0.572116137 0.734837651
vt 0.628584385 0.678369403
vt 0.628584385 0.734837651
vt 0.572116137 0.734837651
vt 0.628584385 0.734837651
vt 0.572116137 0.678369403
vt 0.572116137 0.734837651
vt 0.628584385 0.678369403
vt 0.572116137 0.678369403
vt 0.628584385 0.678369403
vt 0.572116137 0.678369403
vt 0.572116137 0.734837651
vt 0.572116137 0.734837651
vt 0.628584385 0.734837651
vt 0.572116137 0.678369403
vt 0.572116137 0.734837651
vt 0.628584385 0.734837651
vt 0.572116137 0.734837651
vt 0.628584385 0.678369403
vt 0.572116137 0.678369403
vt 0.572116137 0.678369403
vt 0.628584385 0.734837651
vt 0.628584385 0.678369403
vt 0.572116137 0.678369403
vt 0.628584385 0.678369403
vt 0.628584385 0.734837651
vt 0.628584385 0.734837651
vt 0.628584385 0.678369403
vt 0.572116137 0.734837651
vt 0.628584385 0.734837651
vt 0.572116137 0.678369403
vt 0.572116137 0.734837651
vt 0.572116137 0.678369403
vt 0.628584385 0.678369403
vt 0.628584385 0.678369403
vt 0.628584385 0.678369403
vt 0.572116137 0.678369403
vt 0.628584385 0.734837651
vt 0.572116137 0.678369403
vt 0.572116137 0.734837651
vt 0.572116137 0.734837651
vt 0.628584385 0.678369403
vt 0.572116137 0.678369403
vt 0.572116137 0.678369403
vt 0.628584385 0.734837651
vt 0.572116137 0.678369403
vt 0.628584385 0.678369403
vt 0.572116137 0.678369403
vt 0.572116137 0.678369403
vt 0.628584385 0.734837651
vt 0.572116137 0.678369403
vt 0.572116137 0.734837651
vt 0.572116137 0.678369403
vt 0.628584385 0.678369403
vt 0.628584385 0.734837651
vt 0.572116137 0.734837651
vt 0.628584385 0.678369403
vt 0.572116137 0.678369403
vt 0.572116137 0.678369403
vt 0.628584385 0.734837651
vt 0.628584385 0.678369403
vt 0.572116137 0.678369403
vt 0.572116137 0.734837651
vt 0.628584385 0.678369403
vt 0.628584385 0.734837651
vt 0.628584385 0.678369403
vt 0.572116137 0.734837651
vt 0.628584385 0.678369403
vt 0.572116137 0.678369403
vt 0.628584385 0.678369403
vt 0.572116137 0.678369403
vt 0.572116137 0.734837651
vt 0.572116137 0.734837651
vt 0.628584385 0.734837651
vt 0.572116137 0.678369403
vt 0.628584385 0.734837651
vt 0.628584385 0.678369403
vt 0.628584385 0.678369403
vt 0.572116137 0.734837651
vt 0.628584385 0.734837651
vt 0.628584385 0.678369403
vt 0.572116137 0.678369403
vt 0.572116137 0.734837651
vt 0.628584385 0.678369403
vt 0.572116137 0.678369403
vt 0.572116137 0.734837651
vt 0.572116137 0.734837651
vt 0.628584385 0.734837651
vt 0.628584385 0.734837651
vt 0.572116137 0.734837651
vt 0.572116137 0.734837651
vt 0.572116137 0.678369403
vt 0.628584385 0.734837651
vt 0.628584385 0.678369403
vt 0.628584385 0.734837651
vt 0.628584385 0.678369403
vt 0.572116137 0.734837651
vt 0.628584385 0.734837651
vt 0.572116137 0.678369403
vt 0.572116137 0.734837651
vt 0.628584385 0.678369403
vt 0.572116137 0.678369403
vt 0.628584385 0.734837651
vt 0.572116137 0.734837651
vt 0.628584385 0.734837651
vt 0.628584385 0.678369403
vt 0.572116137 0.734837651
vt 0.628584385 0.734837651
vt 0.628584385 0.734837651
vt 0.628584385 0.678369403
vt 0.572116137 0.734837651
vt 0.628584385 0.734837651
vt 0.572116137 0.678369403
vt 0.572116137 0.734837651
vt 0.628584385 0.678369403
vt 0.628584385 0.734837651
vt 0.572116137 0.734837651
vt 0.628584385 0.678369403
vt 0.572116137 0.678369403
vt 0.572116137 0.734837651
vt 0.572116137 0.734837651
vt 0.628584385 0.734837651
vt 0.628584385 0.734837651
vt 0.628584385 0.678369403
vt 0.572116137 0.734837651
vt 0.572116137 0.678369403
vt 0.572116137 0.734837651
vt 0.572116137 0.678369403
vt 0.572116137 0.734837651
vt 0.628584385 0.734837651
vt 0.628584385 0.734837651
vt 0.628584385 0.678369403
vt 0.572116137 0.678369403
vt 0.628584385 0.678369403
vt 0.628584385 0.734837651
vt 0.572116137 0.734837651
vt 0.628584385 0.734837651
vt 0.572116137 0.678369403
vt 0.572116137 0.678369403
vt 0.572116137 0.734837651
vt 0.628584385 0.734837651
vt 0.628584385 0.734837651
vt 0.628584385 0.678369403
vt 0.628584385 0.678369403
vt 0.572116137 0.678369403
vt 0.628584385 0.734837651
vt 0.572116137 0.734837651
vt 0.628584385 0.734837651
vt 0.628584385 0.678369403
vt 0.572116137 0.678369403
vt 0.628584385 0.734837651
vt 0.572116137 0.678369403
vt 0.572116137 0.734837651
vt 0.572116137 0.734837651
vt 0.628584385 0.734837651
vt 0.572116137 0.734837651
vt 0.628584385 0.734837651
vt 0.628584385 0.678369403
vt 0.572116137 0.734837651
vt 0.572116137 0.678369403
vt 0.572116137 0.734837651
vt 0.628584385 0.678369403
vt 0.572116137 0.678369403
vt 0.572116137 0.734837651
vt 0.572116137 0.678369403
vt 0.628584385 0.678369403
vt 0.628584385 0.734837651
vt 0.628584385 0.678369403
vt 0.572116137 0.678369403
vt 0.628584385 0.734837651
vt 0.572116137 0.678369403
vt 0.572116137 0.734837651
vt 0.572116137 0.678369403
vt 0.628584385 0.678369403
vt 0.628584385 0.734837651
vt 0.628584385 0.678369403
vt 0.628584385 0.678369403
vt 0.572116137 0.734837651
vt 0.572116137 0.734837651
vt 0.628584385 0.734837651
vt 0.572116137 0.678369403
vt 0.628584385 0.678369403
vt 0.572116137 0.678369403
vt 0.628584385 0.734837651
vt 0.572116137 0.734837651
vt 0.628584385 0.734837651
vt 0.628584385 0.678369403
vt 0.572116137 0.678369403
vt 0.628584385 0.734837651
vt 0.572116137 0.678369403
vt 0.572116137 0.734837651
vt 0.572116137 0.678369403
vt 0.628584385 0.678369403
vt 0.628584385 0.734837651
vt 0.572116137 0.678369403
vt 0.572116137 0.734837651
vt 0.628584385 0.734837651
vt 0.628584385 0.734837651
vt 0.628584385 0.678369403
vt 0.628584385 0.734837651
vt 0.628584385 0.678369403
vt 0.572116137 0.734837651
vt 0.572116137 0.678369403
vt 0.572116137 0.734837651
vt 0.628584385 0.678369403
vt 0.572116137 0.678369403
vt 0.628584385 0.734837651
vt 0.572116137 0.734837651
vt 0.628584385 0.734837651
vt 0.628584385 0.678369403
vt 0.572116137 0.678369403
vt 0.628584385 0.734837651
vt 0.572116137 0.734837651
vt 0.628584385 0.734837651
vt 0.628584385 0.678369403
vt 0.572116137 0.678369403
vt 0.628584385 0.734837651
vt 0.572116137 0.734837651
vt 0.628584385 0.734837651
vt 0.628584385 0.678369403
vt 0.572116137 0.678369403
vt 0.572116137 0.734837651
vt 0.572116137 0.734837651
vt 0.628584385 0.734837651
vt 0.628584385 0.678369403
vt 0.572116137 0.678369403
vt 0.572116137 0.734837651
vt 0.572116137 0.734837651
vt 0.628584385 0.734837651
vt 0.628584385 0.678369403
vt 0.628584385 0.734837651
vt 0.572116137 0.734837651
vt 0.628584385 0.734837651
vt 0.628584385 0.678369403
vt 0.572116137 0.734837651
vt 0.572116137 0.678369403
vt 0.572116137 0.734837651
vt 0.628584385 0.678369403
vt 0.628584385 0.734837651
vt 0.572116137 0.734837651
vt 0.572116137 0.678369403
vt 0.628584385 0.734837651
vt 0.628584385 0.678369403
vt 0.628584385 0.678369403
vt 0.572116137 0.734837651
vt 0.628584385 0.734837651
vt 0.628584385 0.678369403
vt 0.572116137 0.678369403
vt 0.572116137 0.734837651
vt 0.628584385 0.734837651
vt 0.628584385 0.678369403
vt 0.628584385 0.678369403
vt 0.628584385 0.734837651
vt 0.572116137 0.734837651
vt 0.572116137 0.678369403
vt 0.628584385 0.734837651
vt 0.628584385 0.678369403
vt 0.628584385 0.678369403
vt 0.572116137 0.734837651
vt 0.628584385 0.734837651
vt 0.628584385 0.678369403
vt 0.628584385 0.734837651
vt 0.572116137 0.734837651
vt 0.628584385 0.678369403
vt 0.572116137 0.678369403
vt 0.572116137 0.734837651
vt 0.572116137 0.734837651
vt 0.628584385 0.734837651
vt 0.628584385 0.734837651
vt 0.628584385 0.678369403
vt 0.572116137 0.678369403
vt 0.628584385 0.678369403
vt 0.572116137 0.734837651
vt 0.628584385 0.734837651
vt 0.572116137 0.678369403
vt 0.628584385 0.734837651
vt 0.628584385 0.678369403
vt 0.628584385 0.678369403
vt 0.572116137 0.734837651
vt 0.628584385 0.734837651
vt 0.628584385 0.734837651
vt 0.628584385 0.678369403
vt 0.572116137 0.678369403
vt 0.628584385 0.678369403
vt 0.572116137 0.734837651
vt 0.628584385 0.734837651
vt 0.628584385 0.678369403
vt 0.572116137 0.734837651
vt 0.572116137 0.678369403
vt 0.572116137 0.734837651
vt 0.628584385 0.678369403
vt 0.572116137 0.678369403
vt 0.572116137 0.678369403
vt 0.628584385 0.734837651
vt 0.572116137 0.678369403
vt 0.628584385 0.678369403
vt 0.572116137 0.734837651
vt 0.628584385 0.678369403
vt 0.572116137 0.678369403
vt 0.628584385 0.734837651
vt 0.628584385 0.678369403
vt 0.572116137 0.734837651
vt 0.628584385 0.678369403
vt 0.572116137 0.678369403
vt 0.572116137 0.678369403
vt 0.628584385 0.734837651
vt 0.572116137 0.678369403
vt 0.628584385 0.678369403
vt 0.572116137 0.678369403
vt 0.628584385 0.678369403
vt 0.628584385 0.678369403
vt 0.628584385 0.734837651
vt 0.628584385 0.678369403
vt 0.572116137 0.734837651
vt 0.572116137 0.678369403
vt 0.572116137 0.734837651
vt 0.628584385 0.678369403
vt 0.572116137 0.734837651
vt 0.572116137 0.678369403
vt 0.628584385 0.734837651
vt 0.572116137 0.678369403
vt 0.572116137 0.734837651
vt 0.628584385 0.678369403
vt 0.572116137 0.678369403
vt 0.628584385 0.734837651
vt 0.628584385 0.678369403
vt 0.572116137 0.678369403
vt 0.628584385 0.678369403
vt 0.572116137 0.734837651
vt 0.628584385 0.734837651
vt 0.628584385 0.678369403
vt 0.572116137 0.678369403
vt 0.572116137 0.734837651
vt 0.628584385 0.678369403
vt 0.628584385 0.734837651
vt 0.628584385 0.734837651
vt 0.628584385 0.734837651
vt 0.572116137 0.678369403
vt 0.628584385 0.678369403
vt 0.572116137 0.678369403
vt 0.572116137 0.734837651
vt 0.572116137 0.734837651
vt 0.628584385 0.734837651
vt 0.572116137 0.734837651
vt 0.628584385 0.678369403
vt 0.572116137 0.678369403
vt 0.572116137 0.678369403
vt 0.628584385 0.734837651
vt 0.572116137 0.678369403
vt 0.628584385 0.678369403
vt 0.628584385 0.678369403
vt 0.572116137 0.678369403
vt 0.628584385 0.734837651
vt 0.572116137 0.734837651
vt 0.628584385 0.734837651
vt 0.628584385 0.734837651
vt 0.572116137 0.734837651
vt 0.572116137 0.734837651
vt 0.572116137 0.734837651
vt 0.628584385 0.678369403
vt 0.572116137 0.678369403
vt 0.572116137 0.678369403
vt 0.628584385 0.734837651
vt 0.628584385 0.678369403
vt 0.124381959 0.769166112
vt 0.108666718 0.73361814
vt 0.124381959 0.769166112
vt 0.124381959 0.774427891
vt 0.124381959 0.773520708
vt 0.124381959 0.774427891
vt 0.124381959 0.773520708
vt 0.124381959 0.780415475
vt 0.124381959 0.774518609
vt 0.124381959 0.780415475
vt 0.124381959 0.774518609
vt 0.124381959 0.780415475
vt 0.14389056 0.763178527
vt 0.124381959 0.780415475
vt 0.124381959 0.774518609
vt 0.124381959 0.774518609
vt 0.124381959 0.780415475
vt 0.124381959 0.780415475
vt 0.124381959 0.774518609
vt 0.124381959 0.780415475
vt 0.124381959 0.774518609
vt 0.124381959 0.780415475
vt 0.124381959 0.769166112
vt 0.108666718 0.73361814
vt 0.124381959 0.770980537
vt 0.124381959 0.769166112
vt 0.124381959 0.773520708
vt 0.124381959 0.770980537
vt 0.108666718 0.73361814
vt 0.124381959 0.774427891
vt 0.124381959 0.774518609
vt 0.108666718 0.73361814
vt 0.124381959 0.773520708
vt 0.108666718 0.73361814
vt 0.124381959 0.774427891
vt 0.108666718 0.73361814
vt 0.124381959 0.774518609
vt 0.124381959 0.769166112
vt 0.124381959 0.770980537
vt 0.108666718 0.73361814
vt 0.124381959 0.780415475
vt 0.108666718 0.73361814
vt 0.140019774 0.766625941
vt 0.161599338 0.276728898
vt 0.161599338 0.277091771
vt 0.164502382 0.278906196
vt 0.161599338 0.279631943
vt 0.157728553 0.277091771
vt 0.157728553 0.279631943
vt 0.164986193 0.278906196
vt 0.164502382 0.280357689
vt 0.164986193 0.280357689
vt 0.163534701 0.280357689
vt 0.161599338 0.280357689
vt 0.164502382 0.281083494
vt 0.163534701 0.281083494
vt 0.161599338 0.281809241
vt 0.161599338 0.281083494
vt 0.165394425 0.281083494
vt 0.0946345925 0.311324
vt 0.164986193 0.278906196
vt 0.164502382 0.278906196
vt 0.164986193 0.278906196
vt 0.87817663 0.753320098
vt 0.839157701 0.718860745
vt 0.87817663 0.753320098
vt 0.87817663 0.753320098
vt 0.839157701 0.718860745
vt 0.877284586 0.752594292
vt 0.876316905 0.753320098
vt 0.874381542 0.753320098
vt 0.87817663 0.753320098
vt 0.876316905 0.748239696
vt 0.874381542 0.748239696
vt 0.839157701 0.718860745
vt 0.878252268 0.748239696
vt 0.87813127 0.748239696
vt 0.839157701 0.718860745
vt 0.878221989 0.748239696
vt 0.839157701 0.718860745
vt 0.87817663 0.753320098
vt 0.87817663 0.748602629
vt 0.839157701 0.718860745
vt 0.874381542 0.748965502
vt 0.839157701 0.718860745
vt 0.874381542 0.749328375
vt 0.874381542 0.748965502
vt 0.874381542 0.748965502
vt 0.874381542 0.752594292
vt 0.874381542 0.751868546
vt 0.877768397 0.748602629
vt 0.839157701 0.718860745
vt 0.87817663 0.748602629
vt 0.126375496 0.246624142
vt 0.161599338 0.279631943
vt 0.164502382 0.280357689
vt 0.126375496 0.246624142
vt 0.164986193 0.276366025
vt 0.126375496 0.246624142
vt 0.164986193 0.278906196
vt 0.126375496 0.246624142
vt 0.164986193 0.276728898
vt 0.126375496 0.246624142
vt 0.164986193 0.276366025
vt 0.126375496 0.246624142
vt 0.384871393 0.253842801
vt 0.384871393 0.253117055
vt 0.384871393 0.253117055
vt 0.384871393 0.253117055
vt 0.384871393 0.253842801
vt 0.381484538 0.256745845
vt 0.384871393 0.253842801
vt 0.346260697 0.223012298
vt 0.384871393 0.256745845
vt 0.877768397 0.748602629
vt 0.839157701 0.718860745
vt 0.87817663 0.748602629
vt 0.839157701 0.718860745
vt 0.874381542 0.748239696
vt 0.876316905 0.748239696
vt 0.839157701 0.718860745
vt 0.877768397 0.748239696
vt 0.839157701 0.718860745
vt 0.878252268 0.748239696
vt 0.87813127 0.748239696
vt 0.839157701 0.718860745
vt 0.878221989 0.748239696
vt 0.839157701 0.718860745
vt 0.874381542 0.748239696
vt 0.877284586 0.742433608
vt 0.876316905 0.748239696
vt 0.877768397 0.748239696
vt 0.878010333 0.742433608
vt 0.878252268 0.748239696
vt 0.839157701 0.718860745
vt 0.878252268 0.748239696
vt 0.878237128 0.742433608
vt 0.878237128 0.742433608
vt 0.878252268 0.748239696
vt 0.878252268 0.748239696
vt 0.87813127 0.748239696
vt 0.874381542 0.748239696
vt 0.87813127 0.748239696
vt 0.878010333 0.742433608
vt 0.878010333 0.742433608
vt 0.874381542 0.748239696
vt 0.876316905 0.748239696
vt 0.874381542 0.748239696
vt 0.876316905 0.748239696
vt 0.874381542 0.748239696
vt 0.874381542 0.748239696
vt 0.877768397 0.748239696
vt 0.877284586 0.742433608
vt 0.874381542 0.748239696
vt 0.878010333 0.742433608
vt 0.87813127 0.748239696
vt 0.878252268 0.748239696
vt 0.878191769 0.742433608
vt 0.878221989 0.748239696
vt 0.878237128 0.742433608
vt 0.878191769 0.742433608
vt 0.877284586 0.742433608
vt 0.877768397 0.748239696
vt 0.839157701 0.718860745
vt 0.878191769 0.754045844
vt 0.878252268 0.754045844
vt 0.87813127 0.765658081
vt 0.874381542 0.754045844
vt 0.878010333 0.754045844
vt 0.877284586 0.754045844
vt 0.877768397 0.765658081
vt 0.874381542 0.754045844
vt 0.877768397 0.765658081
vt 0.878010333 0.754045844
vt 0.877284586 0.754045844
vt 0.876316905 0.765658081
vt 0.878252268 0.754045844
vt 0.87813127 0.765658081
vt 0.878221989 0.765658081
vt 0.878191769 0.754045844
vt 0.878237128 0.754045844
vt 0.877768397 0.765658081
vt 0.877284586 0.754045844
vt 0.839157701 0.718860745
vt 0.870510757 0.748330414
vt 0.874381542 0.748421133
vt 0.874381542 0.748239696
vt 0.11624372 0.73373431
vt 0.108666718 0.73361814
vt 0.147700787 0.768803239
vt 0.116001785 0.73373431
vt 0.108666718 0.73361814
vt 0.14751935 0.768803239
vt 0.14751935 0.768803239
vt 0.108666718 0.73361814
vt 0.116001785 0.73373431
vt 0.115517974 0.73373431
vt 0.108666718 0.73361814
vt 0.108666718 0.73361814
vt 0.14751935 0.768803239
vt 0.114550292 0.73373431
vt 0.108666718 0.73361814
vt 0.146793604 0.768803239
vt 0.11624372 0.73373431
vt 0.108666718 0.73361814
vt 0.108666718 0.73361814
vt 0.108744204 0.73373431
vt 0.114550292 0.73373431
vt 0.115517974 0.73373431
vt 0.108666718 0.73361814
vt 0.116001785 0.73373431
vt 0.108666718 0.73361814
vt 0.116364658 0.73373431
vt 0.108666718 0.73361814
vt 0.114550292 0.73373431
vt 0.108744204 0.73373431
vt 0.116001785 0.73373431
vt 0.124227107 0.73373431
vt 0.116364658 0.73373431
vt 0.108666718 0.73361814
vt 0.116455376 0.73373431
vt 0.108666718 0.73361814
vt 0.116470516 0.73373431
vt 0.116425216 0.73373425
vt 0.108666718 0.73361814
vt 0.147746146 0.768803239
vt 0.147700787 0.768803239
vt 0.116364658 0.73373431
vt 0.147700787 0.768803239
vt 0.108666718 0.73361814
vt 0.147746146 0.768803239
vt 0.116455376 0.73373431
vt 0.116470516 0.73373431
vt 0.147746146 0.768803239
vt 0.108666718 0.73361814
vt 0.124227107 0.73373431
vt 0.116455376 0.73373431
vt 0.108666718 0.73361814
vt 0.116470516 0.73373431
vt 0.108666718 0.73361814
vt 0.116470516 0.73373431
vt 0.108666718 0.73361814
vt 0.124227107 0.73373431
vt 0.146793604 0.768803239
vt 0.108744204 0.73373431
vt 0.114550292 0.73373431
vt 0.163534701 0.281083494
vt 0.126375496 0.246624142
vt 0.161599338 0.279631943
vt 0.126375496 0.246624142
vt 0.165394425 0.281083494
vt 0.164502382 0.280357689
vt 0.165470064 0.281809241
vt 0.165394425 0.276366025
vt 0.165470064 0.276003093
vt 0.126375496 0.246624142
vt 0.87813127 0.754045844
vt 0.878010333 0.754045844
vt 0.839157701 0.718860745
vt 0.878191769 0.748239696
vt 0.878221989 0.748239696
vt 0.839157701 0.718860745
vt 0.124227107 0.73373431
vt 0.116470516 0.73373431
vt 0.124227107 0.73373431
vt 0.124227107 0.73373431
vt 0.108666718 0.73361814
vt 0.116470516 0.73373431
vt 0.116470516 0.73373431
vt 0.124227107 0.73373431
vt 0.108666718 0.73361814
vt 0.124227107 0.73373431
vt 0.116455376 0.73373431
vt 0.116470516 0.73373431
vt 0.116470516 0.73373431
vt 0.124227107 0.73373431
vt 0.116425216 0.73373425
vt 0.116425216 0.73373425
vt 0.116455376 0.73373431
vt 0.116455376 0.73373431
vt 0.116455376 0.73373431
vt 0.108666718 0.73361814
vt 0.116425216 0.73373425
vt 0.116364658 0.73373431
vt 0.116425216 0.73373425
vt 0.116455376 0.73373431
vt 0.108666718 0.73361814
vt 0.108666718 0.73361814
vt 0.11624372 0.73373431
vt 0.11624372 0.73373431
vt 0.11624372 0.73373431
vt 0.116364658 0.73373431
vt 0.116425216 0.73373425
vt 0.116425216 0.73373425
vt 0.116455376 0.73373431
vt 0.116364658 0.73373431
vt 0.108666718 0.73361814
vt 0.11624372 0.73373431
vt 0.11624372 0.73373431
vt 0.116364658 0.73373431
vt 0.116364658 0.73373431
vt 0.108666718 0.73361814
vt 0.116364658 0.73373431
vt 0.874381542 0.753320098
vt 0.839157701 0.718860745
vt 0.870510757 0.753682971
vt 0.874381542 0.754045844
vt 0.874381542 0.753864408
vt 0.874381542 0.753320098
vt 0.874381542 0.754045844
vt 0.839157701 0.718860745
vt 0.874381542 0.753320098
vt 0.870510757 0.753682971
vt 0.874381542 0.753320098
vt 0.870510757 0.753682971
vt 0.870510757 0.753682971
vt 0.874381542 0.753320098
vt 0.874381542 0.753864408
vt 0.874381542 0.754045844
vt 0.874381542 0.754045844
vt 0.874381542 0.754045844
vt 0.874381542 0.753864408
vt 0.874381542 0.754045844
vt 0.870510757 0.753682971
vt 0.874381542 0.753864408
vt 0.874381542 0.753320098
vt 0.839157701 0.718860745
vt 0.839157701 0.718860745
vt 0.87816155 0.748965502
vt 0.87816155 0.748965502
vt 0.87816155 0.748965502
vt 0.87816155 0.748965502
vt 0.877284586 0.752594292
vt 0.877768397 0.752594292
vt 0.877284586 0.752594292
vt 0.874381542 0.752594292
vt 0.839157701 0.718860745
vt 0.876316905 0.752594292
vt 0.874381542 0.752594292
vt 0.877768397 0.752594292
vt 0.877284586 0.752594292
vt 0.87816155 0.748965502
vt 0.877284586 0.752594292
vt 0.878010333 0.752594292
vt 0.839157701 0.718860745
vt 0.87813127 0.752594292
vt 0.874381542 0.752594292
vt 0.839157701 0.718860745
vt 0.874381542 0.752594292
vt 0.877768397 0.752594292
vt 0.87816155 0.748965502
vt 0.878010333 0.752594292
vt 0.877284586 0.752594292
vt 0.87816155 0.748965502
vt 0.878010333 0.752594292
vt 0.839157701 0.718860745
vt 0.87816155 0.748965502
vt 0.839157701 0.718860745
vt 0.87816155 0.748965502
vt 0.877284586 0.752594292
vt 0.877768397 0.752594292
vt 0.874381542 0.751868546
vt 0.155502737 0.745527983
vt 0.108666718 0.73361814
vt 0.155502737 0.745709419
vt 0.147640288 0.762997091
vt 0.155502737 0.745437264
vt 0.108666718 0.73361814
vt 0.155502737 0.745391905
vt 0.108666718 0.73361814
vt 0.155502737 0.745437264
vt 0.147731006 0.762997091
vt 0.155502737 0.745369196
vt 0.108666718 0.73361814
vt 0.155502737 0.73373431
vt 0.155502737 0.745369196
vt 0.147731006 0.762997091
vt 0.147731006 0.762997091
vt 0.108666718 0.73361814
vt 0.155502737 0.745391905
vt 0.155502737 0.746798038
vt 0.155502737 0.746072292
vt 0.155502737 0.746798038
vt 0.155502737 0.756958783
vt 0.155502737 0.756958783
vt 0.108666718 0.73361814
vt 0.108666718 0.73361814
vt 0.155502737 0.74824959
vt 0.155502737 0.756958783
vt 0.108666718 0.73361814
vt 0.155502737 0.756958783
vt 0.155502737 0.73373431
vt 0.155502737 0.745709419
vt 0.155502737 0.745527983
vt 0.155502737 0.745709419
vt 0.155502737 0.74824959
vt 0.155502737 0.756958783
vt 0.155502737 0.74824959
vt 0.155502737 0.756958783
vt 0.155502737 0.756958783
vt 0.155502737 0.756958783
vt 0.155502737 0.74824959
vt 0.155502737 0.746798038
vt 0.155502737 0.746072292
vt 0.155502737 0.746072292
vt 0.155502737 0.746798038
vt 0.155502737 0.745391905
vt 0.155502737 0.745437264
vt 0.147640288 0.762997091
vt 0.147640288 0.762997091
vt 0.108666718 0.73361814
vt 0.155502737 0.745527983
vt 0.155502737 0.745527983
vt 0.155502737 0.745709419
vt 0.147277415 0.762997091
vt 0.155502737 0.745709419
vt 0.108666718 0.73361814
vt 0.147277415 0.762997091
vt 0.108666718 0.73361814
vt 0.155502737 0.746072292
vt 0.147277415 0.762997091
vt 0.155502737 0.746798038
vt 0.155502737 0.746072292
vt 0.108666718 0.73361814
vt 0.155502737 0.745369196
vt 0.108666718 0.73361814
vt 0.155502737 0.73373431
vt 0.155502737 0.73373431
vt 0.140019774 0.73373431
vt 0.155502737 0.745369196
vt 0.155502737 0.745369196
vt 0.155502737 0.745391905
vt 0.155502737 0.745437264
vt 0.155502737 0.745527983
vt 0.140019774 0.756958783
vt 0.155502737 0.756958783
vt 0.155502737 0.746798038
vt 0.155502737 0.746072292
vt 0.155502737 0.745709419
vt 0.140019774 0.756958783
vt 0.155502737 0.745527983
vt 0.155502737 0.756958783
vt 0.108666718 0.73361814
vt 0.155502737 0.74824959
vt 0.155502737 0.746798038
vt 0.145825922 0.762997091
vt 0.108666718 0.73361814
vt 0.145825922 0.762997091
vt 0.155502737 0.746798038
vt 0.155502737 0.756958783
vt 0.155502737 0.74824959
vt 0.108666718 0.73361814
vt 0.877768397 0.748965502
vt 0.878010333 0.748965502
vt 0.839157701 0.718860745
vt 0.874381542 0.751868546
vt 0.870510757 0.749328375
vt 0.839157701 0.718860745
vt 0.870510757 0.749328375
vt 0.874381542 0.751868546
vt 0.839157701 0.718860745
vt 0.87817663 0.753320098
vt 0.839157701 0.718860745
vt 0.877284586 0.753320098
vt 0.876316905 0.753320098
vt 0.839157701 0.718860745
vt 0.874381542 0.753320098
vt 0.377613753 0.252481967
vt 0.385279626 0.253117055
vt 0.384871393 0.252754182
vt 0.155502737 0.745391905
vt 0.155502737 0.745437264
vt 0.155502737 0.745391905
vt 0.108666718 0.73361814
vt 0.108666718 0.73361814
vt 0.155502737 0.745369196
vt 0.155502737 0.73373431
vt 0.155502737 0.745369196
vt 0.155502737 0.73373431
vt 0.155502737 0.73373431
vt 0.155502737 0.745369196
vt 0.155502737 0.745369196
vt 0.155502737 0.73373431
vt 0.108666718 0.73361814
vt 0.155502737 0.74824959
vt 0.155502737 0.756958783
vt 0.124381959 0.770980537
vt 0.14389056 0.768621802
vt 0.124381959 0.769166112
vt 0.124381959 0.769166112
vt 0.124381959 0.768984675
vt 0.124381959 0.770980537
vt 0.124381959 0.769166112
vt 0.14389056 0.768621802
vt 0.124381959 0.780415475
vt 0.14389056 0.763178527
vt 0.124381959 0.774518609
vt 0.124381959 0.774518609
vt 0.124381959 0.774427891
vt 0.124381959 0.780415475
vt 0.878252268 0.754045844
vt 0.878237128 0.754045844
vt 0.839157701 0.718860745
vt 0.874381542 0.751868546
vt 0.839157701 0.718860745
vt 0.874381542 0.751868546
vt 0.874381542 0.751868546
vt 0.839157701 0.718860745
vt 0.874381542 0.752594292
vt 0.877284586 0.752594292
vt 0.876316905 0.753320098
vt 0.874381542 0.751868546
vt 0.625900865 0.237633824
vt 0.586806297 0.208254874
vt 0.625900865 0.237633824
vt 0.622030139 0.237633824
vt 0.623965502 0.237633824
vt 0.622030139 0.237633824
vt 0.622030139 0.243439972
vt 0.622030139 0.243258536
vt 0.622030139 0.243439972
vt 0.622030139 0.24198842
vt 0.622030139 0.242714226
vt 0.622030139 0.241262674
vt 0.625900865 0.243439972
vt 0.625885725 0.243439972
vt 0.625900865 0.243439972
vt 0.622030139 0.243439972
vt 0.586806297 0.208254874
vt 0.622030139 0.243439972
vt 0.346260697 0.223012298
vt 0.385264546 0.257471651
vt 0.385355264 0.25801596
vt 0.385279626 0.253117055
vt 0.346260697 0.223012298
vt 0.346260697 0.223012298
vt 0.384871393 0.252754182
vt 0.385355264 0.25801596
vt 0.385264546 0.257471651
vt 0.385279626 0.253117055
vt 0.346260697 0.223012298
vt 0.381484538 0.252481967
vt 0.346260697 0.223012298
vt 0.874381542 0.748421133
vt 0.839157701 0.718860745
vt 0.874381542 0.748602629
vt 0.874381542 0.748239696
vt 0.839157701 0.718860745
vt 0.874381542 0.748330414
vt 0.124381959 0.768984675
vt 0.124381959 0.769166112
vt 0.108666718 0.73361814
vt 0.124381959 0.770980537
vt 0.108666718 0.73361814
vt 0.108666718 0.73361814
vt 0.124381959 0.768984675
vt 0.124381959 0.773520708
vt 0.108666718 0.73361814
vt 0.124381959 0.774427891
vt 0.124381959 0.780415475
vt 0.124381959 0.774518609
vt 0.124381959 0.780415475
vt 0.124381959 0.773520708
vt 0.124381959 0.768984675
vt 0.124381959 0.773520708
vt 0.124381959 0.774427891
vt 0.124381959 0.773520708
vt 0.124381959 0.774427891
vt 0.124381959 0.774427891
vt 0.124381959 0.774427891
vt 0.140019774 0.766625941
vt 0.124381959 0.773520708
vt 0.108666718 0.73361814
vt 0.124381959 0.770980537
vt 0.625900865 0.237633824
vt 0.625900865 0.243439972
vt 0.633642316 0.231827736
vt 0.633642316 0.231827736
vt 0.625840306 0.231827736
vt 0.625840306 0.237633824
vt 0.586806297 0.208254874
vt 0.622030139 0.237633824
vt 0.618159294 0.237633824
vt 0.618159294 0.231827736
vt 0.622030139 0.243439972
vt 0.618159294 0.255052209
vt 0.633642316 0.255052209
vt 0.625900865 0.243439972
vt 0.633642316 0.231827736
vt 0.631428719 0.202080727
vt 0.5845927 0.178740084
vt 0.631428719 0.202080727
vt 0.631428719 0.178856254
vt 0.631428719 0.178856254
vt 0.349950135 0.710006237
vt 0.385173976 0.743014038
vt 0.388077021 0.745191336
vt 0.385173976 0.74446559
vt 0.349950135 0.710006237
vt 0.385173976 0.745191336
vt 0.349950135 0.710006237
vt 0.385173976 0.745009899
vt 0.389044702 0.739385188
vt 0.389044702 0.739566624
vt 0.389044702 0.739475906
vt 0.389044702 0.743014038
vt 0.385173976 0.740110993
vt 0.349950135 0.710006237
vt 0.349950135 0.710006237
vt 0.388802767 0.745191336
vt 0.389044702 0.743739784
vt 0.389044702 0.74446559
vt 0.349950135 0.710006237
vt 0.389044702 0.744828463
vt 0.389044702 0.745009899
vt 0.388984203 0.745191336
vt 0.349950135 0.710006237
vt 0.389044702 0.745191336
vt 0.389029562 0.745191336
vt 0.389044702 0.742288291
vt 0.385173976 0.740110993
vt 0.388923705 0.739385188
vt 0.385173976 0.73974812
vt 0.388984203 0.739385188
vt 0.389044702 0.74083674
vt 0.389044702 0.740473866
vt 0.389014423 0.739385188
vt 0.389044702 0.740110993
vt 0.349950135 0.710006237
vt 0.385173976 0.739566624
vt 0.385173976 0.739475906
vt 0.388560832 0.739385188
vt 0.349950135 0.710006237
vt 0.385173976 0.739385188
vt 0.387109339 0.739385188
vt 0.365324169 0.239879102
vt 0.381484538 0.256745845
vt 0.384871393 0.255294353
vt 0.381484538 0.253117055
vt 0.384871393 0.255294353
vt 0.384871393 0.253117055
vt 0.346260697 0.223012298
vt 0.381484538 0.253117055
vt 0.384871393 0.253117055
vt 0.572116137 0.678369403
vt 0.572116137 0.734837651
vt 0.628584385 0.678369403
vt 0.572116137 0.678369403
vt 0.572116137 0.734837651
vt 0.628584385 0.678369403
vt 0.628584385 0.678369403
vt 0.572116137 0.734837651
vt 0.628584385 0.734837651
vt 0.572116137 0.734837651
vt 0.628584385 0.734837651
vt 0.572116137 0.678369403
vt 0.628584385 0.734837651
vt 0.572116137 0.678369403
vt 0.628584385 0.678369403
vt 0.572116137 0.678369403
vt 0.628584385 0.734837651
vt 0.628584385 0.678369403
vt 0.572116137 0.678369403
vt 0.572116137 0.734837651
vt 0.628584385 0.678369403
vt 0.628584385 0.734837651
vt 0.572116137 0.678369403
vt 0.572116137 0.678369403
vt 0.628584385 0.734837651
vt 0.628584385 0.678369403
vt 0.628584385 0.678369403
vt 0.572116137 0.734837651
vt 0.572116137 0.678369403
vt 0.572116137 0.734837651
vt 0.628584385 0.678369403
vt 0.572116137 0.678369403
vt 0.572116137 0.678369403
vt 0.628584385 0.678369403
vt 0.628584385 0.678369403
vt 0.572116137 0.734837651
vt 0.572116137 0.734837651
vt 0.628584385 0.734837651
vt 0.572116137 0.734837651
vt 0.572116137 0.734837651
vt 0.572116137 0.734837651
vt 0.628584385 0.678369403
vt 0.572116137 0.678369403
vt 0.628584385 0.734837651
vt 0.628584385 0.678369403
vt 0.572116137 0.734837651
vt 0.572116137 0.734837651
vt 0.628584385 0.678369403
vt 0.572116137 0.678369403
vt 0.572116137 0.678369403
vt 0.628584385 0.678369403
vt 0.628584385 0.678369403
vt 0.572116137 0.734837651
vt 0.628584385 0.678369403
vt 0.572116137 0.734837651
vt 0.628584385 0.734837651
vt 0.572116137 0.734837651
vt 0.628584385 0.678369403
vt 0.572116137 0.678369403
vt 0.628584385 0.678369403
vt 0.628584385 0.734837651
vt 0.572116137 0.678369403
vt 0.628584385 0.678369403
vt 0.628584385 0.734837651
vt 0.572116137 0.734837651
vt 0.628584385 0.678369403
vt 0.628584385 0.734837651
vt 0.572116137 0.734837651
vt 0.572116137 0.734837651
vt 0.572116137 0.678369403
vt 0.628584385 0.678369403
vt 0.628584385 0.678369403
vt 0.572116137 0.734837651
vt 0.628584385 0.734837651
vt 0.572116137 0.734837651
vt 0.628584385 0.734837651
vt 0.572116137 0.678369403
vt 0.628584385 0.678369403
vt 0.628584385 0.734837651
vt 0.572116137 0.734837651
vt 0.628584385 0.678369403
vt 0.628584385 0.734837651
vt 0.572116137 0.734837651
vt 0.572116137 0.678369403
vt 0.572116137 0.678369403
vt 0.572116137 0.734837651
vt 0.628584385 0.678369403
vt 0.572116137 0.678369403
vt 0.628584385 0.734837651
vt 0.628584385 0.678369403
vt 0.628584385 0.678369403
vt 0.572116137 0.734837651
vt 0.628584385 0.734837651
vt 0.628584385 0.734837651
vt 0.572116137 0.734837651
vt 0.572116137 0.734837651
vt 0.628584385 0.678369403
vt 0.572116137 0.734837651
vt 0.628584385 0.734837651
vt 0.628584385 0.678369403
vt 0.572116137 0.678369403
vt 0.628584385 0.678369403
vt 0.572116137 0.734837651
vt 0.628584385 0.678369403
vt 0.572116137 0.678369403
vt 0.628584385 0.678369403
vt 0.628584385 0.734837651
vt 0.628584385 0.734837651
vt 0.572116137 0.734837651
vt 0.628584385 0.678369403
vt 0.628584385 0.734837651
vt 0.628584385 0.734837651
vt 0.572116137 0.678369403
vt 0.628584385 0.734837651
vt 0.628584385 0.678369403
vt 0.572116137 0.678369403
vt 0.628584385 0.678369403
vt 0.628584385 0.734837651
vt 0.572116137 0.734837651
vt 0.572116137 0.734837651
vt 0.572116137 0.734837651
vt 0.572116137 0.678369403
vt 0.572116137 0.678369403
vt 0.572116137 0.734837651
vt 0.572116137 0.678369403
vt 0.572116137 0.678369403
vt 0.628584385 0.678369403
vt 0.572116137 0.678369403
vt 0.628584385 0.678369403
vt 0.572116137 0.734837651
vt 0.572116137 0.678369403
vt 0.572116137 0.678369403
vt 0.628584385 0.734837651
vt 0.628584385 0.734837651
vt 0.628584385 0.678369403
vt 0.572116137 0.734837651
vt 0.628584385 0.734837651
vt 0.628584385 0.734837651
vt 0.572116137 0.678369403
vt 0.572116137 0.734837651
vt 0.572116137 0.734837651
vt 0.572116137 0.678369403
vt 0.572116137 0.678369403
vt 0.572116137 0.678369403
vt 0.628584385 0.734837651
vt 0.628584385 0.734837651
vt 0.572116137 0.678369403
vt 0.628584385 0.734837651
vt 0.628584385 0.678369403
vt 0.572116137 0.734837651
vt 0.628584385 0.734837651
vt 0.572116137 0.678369403
vt 0.628584385 0.734837651
vt 0.572116137 0.734837651
vt 0.572116137 0.734837651
vt 0.628584385 0.734837651
vt 0.628584385 0.678369403
vt 0.628584385 0.734837651
vt 0.628584385 0.678369403
vt 0.572116137 0.734837651
vt 0.628584385 0.734837651
vt 0.628584385 0.734837651
vt 0.572116137 0.678369403
vt 0.572116137 0.734837651
vt 0.572116137 0.734837651
vt 0.628584385 0.678369403
vt 0.572116137 0.678369403
vt 0.628584385 0.734837651
vt 0.628584385 0.678369403
vt 0.572116137 0.734837651
vt 0.572116137 0.734837651
vt 0.628584385 0.678369403
vt 0.572116137 0.678369403
vt 0.572116137 0.678369403
vt 0.628584385 0.678369403
vt 0.628584385 0.678369403
vt 0.572116137 0.734837651
vt 0.628584385 0.678369403
vt 0.572116137 0.734837651
vt 0.628584385 0.734837651
vt 0.572116137 0.734837651
vt 0.572116137 0.678369403
vt 0.628584385 0.734837651
vt 0.572116137 0.678369403
vt 0.572116137 0.734837651
vt 0.572116137 0.678369403
vt 0.628584385 0.678369403
vt 0.572116137 0.734837651
vt 0.628584385 0.678369403
vt 0.628584385 0.678369403
vt 0.628584385 0.734837651
vt 0.572116137 0.678369403
vt 0.628584385 0.734837651
vt 0.628584385 0.678369403
vt 0.572116137 0.734837651
vt 0.628584385 0.678369403
vt 0.572116137 0.678369403
vt 0.572116137 0.678369403
vt 0.628584385 0.678369403
vt 0.628584385 0.678369403
vt 0.572116137 0.734837651
vt 0.572116137 0.734837651
vt 0.628584385 0.678369403
vt 0.572116137 0.678369403
vt 0.628584385 0.678369403
vt 0.628584385 0.678369403
vt 0.572116137 0.678369403
vt 0.628584385 0.678369403
vt 0.572116137 0.678369403
vt 0.572116137 0.734837651
vt 0.572116137 0.678369403
vt 0.572116137 0.734837651
vt 0.628584385 0.678369403
vt 0.572116137 0.678369403
vt 0.628584385 0.678369403
vt 0.572116137 0.678369403
vt 0.572116137 0.734837651
vt 0.628584385 0.678369403
vt 0.572116137 0.678369403
vt 0.628584385 0.678369403
vt 0.572116137 0.734837651
vt 0.572116137 0.678369403
vt 0.572116137 0.678369403
vt 0.628584385 0.678369403
vt 0.628584385 0.734837651
vt 0.628584385 0.734837651
vt 0.572116137 0.678369403
vt 0.628584385 0.734837651
vt 0.628584385 0.678369403
vt 0.572116137 0.734837651
vt 0.572116137 0.678369403
vt 0.572116137 0.678369403
vt 0.628584385 0.734837651
vt 0.572116137 0.678369403
vt 0.628584385 0.734837651
vt 0.572116137 0.734837651
vt 0.572116137 0.678369403
vt 0.572116137 0.678369403
vt 0.628584385 0.678369403
vt 0.628584385 0.734837651
vt 0.572116137 0.734837651
vt 0.572116137 0.734837651
vt 0.628584385 0.734837651
vt 0.572116137 0.678369403
vt 0.572116137 0.678369403
vt 0.628584385 0.734837651
vt 0.628584385 0.678369403
vt 0.628584385 0.678369403
vt 0.572116137 0.734837651
vt 0.628584385 0.734837651
vt 0.628584385 0.734837651
vt 0.572116137 0.734837651
vt 0.628584385 0.678369403
vt 0.628584385 0.734837651
vt 0.572116137 0.734837651
vt 0.572116137 0.734837651
vt 0.572116137 0.678369403
vt 0.628584385 0.734837651
vt 0.572116137 0.678369403
vt 0.628584385 0.678369403
vt 0.628584385 0.734837651
vt 0.572116137 0.678369403
vt 0.628584385 0.734837651
vt 0.572116137 0.678369403
vt 0.628584385 0.678369403
vt 0.572116137 0.734837651
vt 0.628584385 0.678369403
vt 0.628584385 0.734837651
vt 0.628584385 0.734837651
vt 0.628584385 0.678369403
vt 0.572116137 0.678369403
vt 0.628584385 0.734837651
vt 0.572116137 0.678369403
vt 0.628584385 0.678369403
vt 0.628584385 0.734837651
vt 0.628584385 0.734837651
vt 0.572116137 0.734837651
vt 0.572116137 0.734837651
vt 0.628584385 0.678369403
vt 0.628584385 0.734837651
vt 0.628584385 0.734837651
vt 0.572116137 0.678369403
vt 0.628584385 0.734837651
vt 0.572116137 0.678369403
vt 0.572116137 0.678369403
vt 0.628584385 0.678369403
vt 0.572116137 0.734837651
vt 0.628584385 0.678369403
vt 0.572116137 0.678369403
vt 0.628584385 0.734837651
vt 0.572116137 0.678369403
vt 0.572116137 0.734837651
vt 0.572116137 0.678369403
vt 0.628584385 0.734837651
vt 0.628584385 0.678369403
vt 0.572116137 0.678369403
vt 0.572116137 0.734837651
vt 0.628584385 0.678369403
vt 0.628584385 0.734837651
vt 0.572116137 0.678369403
vt 0.572116137 0.678369403
vt 0.628584385 0.734837651
vt 0.628584385 0.678369403
vt 0.628584385 0.678369403
vt 0.572116137 0.734837651
vt 0.572116137 0.678369403
vt 0.628584385 0.678369403
vt 0.628584385 0.734837651
vt 0.572116137 0.734837651
vt 0.572116137 0.734837651
vt 0.628584385 0.734837651
vt 0.572116137 0.678369403
vt 0.572116137 0.678369403
vt 0.628584385 0.734837651
vt 0.628584385 0.678369403
vt 0.628584385 0.678369403
vt 0.572116137 0.734837651
vt 0.628584385 0.734837651
vt 0.628584385 0.734837651
vt 0.572116137 0.678369403
vt 0.572116137 0.734837651
vt 0.572116137 0.734837651
vt 0.572116137 0.678369403
vt 0.572116137 0.678369403
vt 0.628584385 0.734837651
vt 0.628584385 0.734837651
vt 0.628584385 0.734837651
vt 0.628584385 0.678369403
vt 0.628584385 0.734837651
vt 0.572116137 0.678369403
vt 0.628584385 0.678369403
vt 0.628584385 0.678369403
vt 0.628584385 0.678369403
vt 0.628584385 0.734837651
vt 0.628584385 0.734837651
vt 0.572116137 0.678369403
vt 0.628584385 0.734837651
vt 0.628584385 0.678369403
vt 0.572116137 0.678369403
vt 0.572116137 0.734837651
vt 0.572116137 0.678369403
vt 0.628584385 0.734837651
vt 0.572116137 0.678369403
vt 0.572116137 0.734837651
vt 0.572116137 0.678369403
vt 0.628584385 0.678369403
vt 0.628584385 0.678369403
vt 0.628584385 0.734837651
vt 0.572116137 0.734837651
vt 0.628584385 0.678369403
vt 0.572116137 0.678369403
vt 0.628584385 0.734837651
vt 0.572116137 0.734837651
vt 0.572116137 0.734837651
vt 0.628584385 0.678369403
vt 0.572116137 0.734837651
vt 0.628584385 0.678369403
vt 0.628584385 0.734837651
vt 0.572116137 0.734837651
vt 0.628584385 0.734837651
vt 0.572116137 0.734837651
vt 0.572116137 0.734837651
vt 0.572116137 0.734837651
vt 0.572116137 0.678369403
vt 0.572116137 0.678369403
vt 0.572116137 0.678369403
vt 0.628584385 0.678369403
vt 0.628584385 0.678369403
vt 0.572116137 0.734837651
vt 0.572116137 0.734837651
vt 0.628584385 0.678369403
vt 0.628584385 0.734837651
vt 0.628584385 0.734837651
vt 0.628584385 0.678369403
vt 0.572116137 0.734837651
vt 0.628584385 0.734837651
vt 0.572116137 0.734837651
vt 0.572116137 0.678369403
vt 0.572116137 0.734837651
vt 0.628584385 0.678369403
vt 0.628584385 0.734837651
vt 0.572116137 0.734837651
vt 0.628584385 0.734837651
vt 0.572116137 0.678369403
vt 0.628584385 0.678369403
vt 0.628584385 0.734837651
vt 0.572116137 0.734837651
vt 0.628584385 0.678369403
vt 0.628584385 0.678369403
vt 0.572116137 0.734837651
vt 0.628584385 0.734837651
vt 0.572116137 0.678369403
vt 0.628584385 0.678369403
vt 0.628584385 0.678369403
vt 0.628584385 0.734837651
vt 0.572116137 0.734837651
vt 0.572116137 0.734837651
vt 0.628584385 0.678369403
vt 0.572116137 0.678369403
vt 0.628584385 0.678369403
vt 0.572116137 0.734837651
vt 0.572116137 0.734837651
vt 0.628584385 0.734837651
vt 0.572116137 0.678369403
vt 0.572116137 0.734837651
vt 0.628584385 0.678369403
vt 0.628584385 0.734837651
vt 0.572116137 0.678369403
vt 0.628584385 0.678369403
vt 0.572116137 0.678369403
vt 0.628584385 0.678369403
vt 0.628584385 0.678369403
vt 0.572116137 0.734837651
vt 0.572116137 0.734837651
vt 0.628584385 0.734837651
vt 0.572116137 0.678369403
vt 0.628584385 0.678369403
vt 0.628584385 0.678369403
vt 0.628584385 0.734837651
vt 0.572116137 0.678369403
vt 0.572116137 0.678369403
vt 0.628584385 0.734837651
vt 0.628584385 0.678369403
vt 0.628584385 0.678369403
vt 0.572116137 0.734837651
vt 0.572116137 0.678369403
vt 0.572116137 0.678369403
vt 0.628584385 0.678369403
vt 0.628584385 0.678369403
vt 0.628584385 0.734837651
vt 0.572116137 0.734837651
vt 0.628584385 0.678369403
vt 0.628584385 0.678369403
vt 0.572116137 0.678369403
vt 0.628584385 0.678369403
vt 0.628584385 0.734837651
vt 0.572116137 0.734837651
vt 0.572116137 0.734837651
vt 0.628584385 0.678369403
vt 0.572116137 0.678369403
vt 0.628584385 0.678369403
vt 0.628584385 0.678369403
vt 0.628584385 0.734837651
vt 0.628584385 0.734837651
vt 0.572116137 0.678369403
vt 0.628584385 0.734837651
vt 0.628584385 0.734837651
vt 0.572116137 0.734837651
vt 0.572116137 0.734837651
vt 0.628584385 0.678369403
vt 0.572116137 0.734837651
vt 0.628584385 0.678369403
vt 0.572116137 0.678369403
vt 0.572116137 0.678369403
vt 0.572116137 0.734837651
vt 0.572116137 0.678369403
vt 0.628584385 0.734837651
vt 0.572116137 0.734837651
vt 0.628584385 0.678369403
vt 0.572116137 0.678369403
vt 0.628584385 0.678369403
vt 0.628584385 0.678369403
vt 0.628584385 0.678369403
vt 0.572116137 0.734837651
vt 0.628584385 0.734837651
vt 0.628584385 0.734837651
vt 0.572116137 0.678369403
vt 0.572116137 0.734837651
vt 0.572116137 0.734837651
vt 0.628584385 0.734837651
vt 0.572116137 0.678369403
vt 0.572116137 0.678369403
vt 0.628584385 0.734837651
vt 0.628584385 0.678369403
vt 0.572116137 0.678369403
vt 0.628584385 0.678369403
vt 0.628584385 0.678369403
vt 0.572116137 0.734837651
vt 0.572116137 0.734837651
vt 0.628584385 0.734837651
vt 0.572116137 0.734837651
vt 0.572116137 0.678369403
vt 0.572116137 0.734837651
vt 0.628584385 0.678369403
vt 0.572116137 0.734837651
vt 0.572116137 0.678369403
vt 0.572116137 0.734837651
vt 0.628584385 0.678369403
vt 0.572116137 0.734837651
vt 0.572116137 0.678369403
vt 0.572116137 0.678369403
vt 0.628584385 0.734837651
vt 0.628584385 0.734837651
vt 0.572116137 0.678369403
vt 0.628584385 0.678369403
vt 0.628584385 0.678369403
vt 0.628584385 0.678369403
vt 0.628584385 0.734837651
vt 0.572116137 0.734837651
vt 0.572116137 0.734837651
vt 0.628584385 0.734837651
vt 0.572116137 0.678369403
vt 0.572116137 0.678369403
vt 0.628584385 0.734837651
vt 0.628584385 0.678369403
vt 0.628584385 0.678369403
vt 0.572116137 0.734837651
vt 0.628584385 0.734837651
vt 0.572116137 0.734837651
vt 0.628584385 0.734837651
vt 0.572116137 0.678369403
vt 0.572116137 0.734837651
vt 0.572116137 0.678369403
vt 0.572116137 0.678369403
vt 0.628584385 0.734837651
vt 0.628584385 0.734837651
vt 0.628584385 0.678369403
vt 0.628584385 0.734837651
vt 0.628584385 0.734837651
vt 0.572116137 0.678369403
vt 0.628584385 0.734837651
vt 0.572116137 0.678369403
vt 0.572116137 0.734837651
vt 0.628584385 0.678369403
vt 0.628584385 0.678369403
vt 0.572116137 0.734837651
vt 0.628584385 0.734837651
vt 0.572116137 0.678369403
vt 0.628584385 0.734837651
vt 0.572116137 0.678369403
vt 0.628584385 0.678369403
vt 0.628584385 0.734837651
vt 0.628584385 0.734837651
vt 0.572116137 0.678369403
vt 0.572116137 0.734837651
vt 0.572116137 0.678369403
vt 0.572116137 0.734837651
vt 0.628584385 0.734837651
vt 0.628584385 0.678369403
vt 0.572116137 0.734837651
vt 0.628584385 0.678369403
vt 0.572116137 0.678369403
vt 0.628584385 0.678369403
vt 0.628584385 0.734837651
vt 0.628584385 0.734837651
vt 0.572116137 0.734837651
vt 0.572116137 0.734837651
vt 0.628584385 0.678369403
vt 0.572116137 0.734837651
vt 0.628584385 0.734837651
vt 0.628584385 0.678369403
vt 0.572116137 0.678369403
vt 0.628584385 0.678369403
vt 0.572116137 0.678369403
vt 0.628584385 0.678369403
vt 0.572116137 0.734837651
vt 0.628584385 0.678369403
vt 0.572116137 0.734837651
vt 0.628584385 0.734837651
vt 0.572116137 0.734837651
vt 0.628584385 0.678369403
vt 0.572116137 0.734837651
vt 0.628584385 0.678369403
vt 0.572116137 0.678369403
vt 0.628584385 0.678369403
vt 0.628584385 0.734837651
vt 0.628584385 0.678369403
vt 0.572116137 0.734837651
vt 0.628584385 0.734837651
vt 0.628584385 0.734837651
vt 0.572116137 0.734837651
vt 0.572116137 0.734837651
vt 0.628584385 0.678369403
vt 0.628584385 0.734837651
vt 0.572116137 0.734837651
vt 0.572116137 0.734837651
vt 0.628584385 0.734837651
vt 0.572116137 0.678369403
vt 0.572116137 0.678369403
vt 0.628584385 0.734837651
vt 0.628584385 0.678369403
vt 0.628584385 0.678369403
vt 0.572116137 0.734837651
vt 0.628584385 0.734837651
vt 0.628584385 0.678369403
vt 0.572116137 0.678369403
vt 0.628584385 0.678369403
vt 0.628584385 0.734837651
vt 0.572116137 0.734837651
vt 0.572116137 0.734837651
vt 0.572116137 0.678369403
vt 0.628584385 0.734837651
vt 0.572116137 0.678369403
vt 0.628584385 0.678369403
vt 0.628584385 0.734837651
vt 0.628584385 0.678369403
vt 0.628584385 0.734837651
vt 0.572116137 0.734837651
vt 0.572116137 0.734837651
vt 0.628584385 0.734837651
vt 0.572116137 0.678369403
vt 0.572116137 0.678369403
vt 0.628584385 0.734837651
vt 0.628584385 0.678369403
vt 0.628584385 0.678369403
vt 0.572116137 0.734837651
vt 0.628584385 0.734837651
vt 0.572116137 0.678369403
vt 0.572116137 0.734837651
vt 0.628584385 0.678369403
vt 0.628584385 0.678369403
vt 0.572116137 0.734837651
vt 0.628584385 0.734837651
vt 0.572116137 0.734837651
vt 0.628584385 0.734837651
vt 0.572116137 0.678369403
vt 0.628584385 0.678369403
vt 0.628584385 0.734837651
vt 0.628584385 0.734837651
vt 0.572116137 0.678369403
vt 0.628584385 0.734837651
vt 0.572116137 0.678369403
vt 0.628584385 0.734837651
vt 0.572116137 0.678369403
vt 0.628584385 0.678369403
vt 0.628584385 0.734837651
vt 0.628584385 0.678369403
vt 0.628584385 0.734837651
vt 0.572116137 0.734837651
vt 0.572116137 0.734837651
vt 0.628584385 0.734837651
vt 0.572116137 0.678369403
vt 0.572116137 0.678369403
vt 0.628584385 0.734837651
vt 0.628584385 0.678369403
vt 0.628584385 0.678369403
vt 0.572116137 0.734837651
vt 0.628584385 0.734837651
vt 0.628584385 0.734837651
vt 0.572116137 0.678369403
vt 0.572116137 0.734837651
vt 0.572116137 0.678369403
vt 0.572116137 0.734837651
vt 0.628584385 0.734837651
vt 0.572116137 0.734837651
vt 0.572116137 0.678369403
vt 0.572116137 0.678369403
vt 0.628584385 0.734837651
vt 0.628584385 0.734837651
vt 0.572116137 0.734837651
vt 0.628584385 0.678369403
vt 0.572116137 0.734837651
vt 0.628584385 0.734837651
vt 0.572116137 0.734837651
vt 0.628584385 0.678369403
vt 0.572116137 0.734837651
vt 0.628584385 0.678369403
vt 0.572116137 0.678369403
vt 0.628584385 0.678369403
vt 0.628584385 0.734837651
vt 0.628584385 0.678369403
vt 0.628584385 0.734837651
vt 0.628584385 0.734837651
vt 0.572116137 0.678369403
vt 0.628584385 0.734837651
vt 0.572116137 0.734837651
vt 0.628584385 0.678369403
vt 0.572116137 0.678369403
vt 0.572116137 0.678369403
vt 0.628584385 0.678369403
vt 0.628584385 0.678369403
vt 0.572116137 0.734837651
vt 0.572116137 0.734837651
vt 0.628584385 0.734837651
vt 0.572116137 0.678369403
vt 0.628584385 0.678369403
vt 0.572116137 0.734837651
vt 0.572116137 0.678369403
vt 0.572116137 0.734837651
vt 0.628584385 0.678369403
vt 0.572116137 0.678369403
vt 0.628584385 0.734837651
vt 0.572116137 0.734837651
vt 0.572116137 0.678369403
vt 0.572116137 0.734837651
vt 0.572116137 0.678369403
vt 0.628584385 0.678369403
vt 0.628584385 0.734837651
vt 0.628584385 0.734837651
vt 0.628584385 0.734837651
vt 0.572116137 0.678369403
vt 0.628584385 0.734837651
vt 0.628584385 0.678369403
vt 0.628584385 0.678369403
vt 0.628584385 0.734837651
vt 0.572116137 0.678369403
vt 0.628584385 0.678369403
vt 0.628584385 0.678369403
vt 0.628584385 0.678369403
vt 0.628584385 0.734837651
vt 0.572116137 0.734837651
vt 0.628584385 0.734837651
vt 0.572116137 0.678369403
vt 0.628584385 0.734837651
vt 0.572116137 0.734837651
vt 0.628584385 0.734837651
vt 0.572116137 0.678369403
vt 0.572116137 0.678369403
vt 0.572116137 0.734837651
vt 0.628584385 0.678369403
vt 0.572116137 0.734837651
vt 0.628584385 0.678369403
vt 0.572116137 0.734837651
vt 0.628584385 0.678369403
vt 0.572116137 0.734837651
vt 0.628584385 0.734837651
vt 0.572116137 0.678369403
vt 0.572116137 0.734837651
vt 0.628584385 0.678369403
vt 0.572116137 0.734837651
vt 0.628584385 0.734837651
vt 0.572116137 0.678369403
vt 0.628584385 0.678369403
vt 0.628584385 0.678369403
vt 0.572116137 0.734837651
vt 0.572116137 0.734837651
vt 0.628584385 0.678369403
vt 0.572116137 0.678369403
vt 0.628584385 0.678369403
vt 0.572116137 0.734837651
vt 0.572116137 0.734837651
vt 0.628584385 0.734837651
vt 0.572116137 0.678369403
vt 0.572116137 0.734837651
vt 0.628584385 0.678369403
vt 0.628584385 0.734837651
vt 0.572116137 0.678369403
vt 0.628584385 0.678369403
vt 0.628584385 0.734837651
vt 0.572116137 0.734837651
vt 0.572116137 0.734837651
vt 0.628584385 0.678369403
vt 0.572116137 0.734837651
vt 0.628584385 0.734837651
vt 0.572116137 0.734837651
vt 0.628584385 0.678369403
vt 0.572116137 0.678369403
vt 0.572116137 0.678369403
vt 0.628584385 0.678369403
vt 0.628584385 0.678369403
vt 0.572116137 0.734837651
vt 0.572116137 0.734837651
vt 0.628584385 0.678369403
vt 0.572116137 0.734837651
vt 0.628584385 0.734837651
vt 0.628584385 0.734837651
vt 0.572116137 0.678369403
vt 0.572116137 0.734837651
vt 0.628584385 0.678369403
vt 0.628584385 0.734837651
vt 0.628584385 0.734837651
vt 0.628584385 0.734837651
vt 0.572116137 0.734837651
vt 0.572116137 0.734837651
vt 0.628584385 0.678369403
vt 0.572116137 0.734837651
vt 0.628584385 0.678369403
vt 0.628584385 0.734837651
vt 0.628584385 0.734837651
vt 0.628584385 0.678369403
vt 0.572116137 0.734837651
vt 0.628584385 0.734837651
vt 0.628584385 0.734837651
vt 0.572116137 0.678369403
vt 0.572116137 0.734837651
vt 0.628584385 0.734837651
vt 0.572116137 0.678369403
vt 0.628584385 0.678369403
vt 0.628584385 0.678369403
vt 0.572116137 0.678369403
vt 0.628584385 0.678369403
vt 0.628584385 0.678369403
vt 0.572116137 0.734837651
vt 0.628584385 0.734837651
vt 0.628584385 0.734837651
vt 0.572116137 0.734837651
vt 0.572116137 0.734837651
vt 0.628584385 0.678369403
vt 0.572116137 0.734837651
vt 0.628584385 0.678369403
vt 0.572116137 0.678369403
vt 0.628584385 0.678369403
vt 0.572116137 0.734837651
vt 0.628584385 0.678369403
vt 0.572116137 0.678369403
vt 0.628584385 0.678369403
vt 0.628584385 0.678369403
vt 0.572116137 0.734837651
vt 0.628584385 0.734837651
vt 0.628584385 0.734837651
vt 0.572116137 0.678369403
vt 0.572116137 0.734837651
vt 0.628584385 0.678369403
vt 0.572116137 0.678369403
vt 0.628584385 0.678369403
vt 0.628584385 0.734837651
vt 0.572116137 0.678369403
vt 0.628584385 0.678369403
vt 0.628584385 0.678369403
vt 0.572116137 0.734837651
vt 0.628584385 0.734837651
vt 0.628584385 0.734837651
vt 0.572116137 0.678369403
vt 0.572116137 0.734837651
vt 0.572116137 0.678369403
vt 0.628584385 0.678369403
vt 0.628584385 0.678369403
vt 0.572116137 0.734837651
vt 0.572116137 0.734837651
vt 0.628584385 0.678369403
vt 0.572116137 0.678369403
vt 0.628584385 0.678369403
vt 0.572116137 0.734837651
vt 0.572116137 0.678369403
vt 0.572116137 0.678369403
vt 0.572116137 0.734837651
vt 0.628584385 0.734837651
vt 0.572116137 0.678369403
vt 0.628584385 0.734837651
vt 0.572116137 0.678369403
vt 0.628584385 0.678369403
vt 0.628584385 0.734837651
vt 0.572116137 0.678369403
vt 0.628584385 0.678369403
vt 0.572116137 0.734837651
vt 0.628584385 0.678369403
vt 0.572116137 0.678369403
vt 0.572116137 0.678369403
vt 0.628584385 0.678369403
vt 0.628584385 0.678369403
vt 0.572116137 0.734837651
vt 0.628584385 0.678369403
vt 0.572116137 0.734837651
vt 0.628584385 0.734837651
vt 0.572116137 0.734837651
vt 0.572116137 0.734837651
vt 0.628584385 0.734837651
vt 0.572116137 0.678369403
vt 0.628584385 0.734837651
vt 0.572116137 0.678369403
vt 0.628584385 0.678369403
vt 0.572116137 0.678369403
vt 0.628584385 0.734837651
vt 0.628584385 0.678369403
vt 0.572116137 0.734837651
vt 0.628584385 0.678369403
vt 0.572116137 0.678369403
vt 0.628584385 0.734837651
vt 0.628584385 0.678369403
vt 0.628584385 0.678369403
vt 0.628584385 0.734837651
vt 0.628584385 0.734837651
vt 0.572116137 0.678369403
vt 0.628584385 0.678369403
vt 0.628584385 0.734837651
vt 0.572116137 0.678369403
vt 0.572116137 0.734837651
vt 0.572116137 0.678369403
vt 0.572116137 0.734837651
vt 0.572116137 0.678369403
vt 0.572116137 0.678369403
vt 0.628584385 0.734837651
vt 0.572116137 0.734837651
vt 0.572116137 0.734837651
vt 0.572116137 0.678369403
vt 0.628584385 0.734837651
vt 0.572116137 0.678369403
vt 0.628584385 0.678369403
vt 0.572116137 0.734837651
vt 0.572116137 0.678369403
vt 0.628584385 0.678369403
vt 0.628584385 0.734837651
vt 0.628584385 0.734837651
vt 0.572116137 0.678369403
vt 0.628584385 0.678369403
vt 0.628584385 0.678369403
vt 0.628584385 0.678369403
vt 0.572116137 0.734837651
vt 0.628584385 0.678369403
vt 0.572116137 0.678369403
vt 0.628584385 0.678369403
vt 0.572116137 0.678369403
vt 0.628584385 0.734837651
vt 0.572116137 0.678369403
vt 0.628584385 0.678369403
vt 0.572116137 0.734837651
vt 0.572116137 0.678369403
vt 0.628584385 0.678369403
vt 0.628584385 0.734837651
vt 0.628584385 0.734837651
vt 0.628584385 0.678369403
vt 0.628584385 0.734837651
vt 0.628584385 0.734837651
vt 0.628584385 0.678369403
vt 0.628584385 0.734837651
vt 0.628584385 0.734837651
vt 0.572116137 0.734837651
vt 0.572116137 0.678369403
vt 0.572116137 0.678369403
vt 0.628584385 0.734837651
vt 0.628584385 0.734837651
vt 0.628584385 0.734837651
vt 0.628584385 0.678369403
vt 0.572116137 0.678369403
vt 0.628584385 0.734837651
vt 0.628584385 0.678369403
vt 0.628584385 0.734837651
vt 0.572116137 0.734837651
vt 0.628584385 0.734837651
vt 0.572116137 0.734837651
vt 0.572116137 0.734837651
vt 0.628584385 0.678369403
vt 0.572116137 0.734837651
vt 0.628584385 0.678369403
vt 0.628584385 0.734837651
vt 0.572116137 0.678369403
vt 0.572116137 0.678369403
vt 0.628584385 0.734837651
vt 0.628584385 0.678369403
vt 0.628584385 0.678369403
vt 0.572116137 0.734837651
vt 0.572116137 0.678369403
vt 0.572116137 0.678369403
vt 0.628584385 0.734837651
vt 0.628584385 0.678369403
vt 0.572116137 0.734837651
vt 0.628584385 0.678369403
vt 0.572116137 0.678369403
vt 0.628584385 0.734837651
vt 0.628584385 0.678369403
vt 0.628584385 0.678369403
vt 0.628584385 0.734837651
vt 0.628584385 0.734837651
vt 0.572116137 0.678369403
vt 0.628584385 0.678369403
vt 0.628584385 0.734837651
vt 0.572116137 0.678369403
vt 0.572116137 0.734837651
vt 0.572116137 0.678369403
vt 0.572116137 0.678369403
vt 0.628584385 0.734837651
vt 0.572116137 0.678369403
vt 0.572116137 0.734837651
vt 0.572116137 0.678369403
vt 0.628584385 0.678369403
vt 0.628584385 0.734837651
vt 0.628584385 0.734837651
vt 0.572116137 0.734837651
vt 0.628584385 0.734837651
vt 0.572116137 0.678369403
vt 0.628584385 0.734837651
vt 0.572116137 0.678369403
vt 0.628584385 0.678369403
vt 0.572116137 0.678369403
vt 0.628584385 0.678369403
vt 0.628584385 0.678369403
vt 0.572116137 0.734837651
vt 0.628584385 0.678369403
vt 0.628584385 0.678369403
vt 0.572116137 0.678369403
vt 0.628584385 0.734837651
vt 0.628584385 0.734837651
vt 0.572116137 0.678369403
vt 0.572116137 0.734837651
vt 0.572116137 0.734837651
vt 0.572116137 0.678369403
vt 0.572116137 0.678369403
vt 0.628584385 0.734837651
vt 0.572116137 0.678369403
vt 0.628584385 0.734837651
vt 0.628584385 0.734837651
vt 0.572116137 0.678369403
vt 0.628584385 0.734837651
vt 0.628584385 0.678369403
vt 0.572116137 0.734837651
vt 0.628584385 0.734837651
vt 0.572116137 0.678369403
vt 0.572116137 0.678369403
vt 0.628584385 0.678369403
vt 0.628584385 0.678369403
vt 0.572116137 0.734837651
vt 0.572116137 0.734837651
vt 0.628584385 0.734837651
vt 0.572116137 0.678369403
vt 0.572116137 0.734837651
vt 0.572116137 0.734837651
vt 0.572116137 0.678369403
vt 0.572116137 0.678369403
vt 0.628584385 0.734837651
vt 0.572116137 0.678369403
vt 0.628584385 0.734837651
vt 0.628584385 0.678369403
vt 0.628584385 0.678369403
vt 0.572116137 0.678369403
vt 0.628584385 0.678369403
vt 0.628584385 0.678369403
vt 0.628584385 0.734837651
vt 0.628584385 0.734837651
vt 0.572116137 0.678369403
vt 0.628584385 0.734837651
vt 0.572116137 0.678369403
vt 0.628584385 0.678369403
vt 0.572116137 0.734837651
vt 0.572116137 0.678369403
vt 0.628584385 0.678369403
vt 0.628584385 0.734837651
vt 0.628584385 0.734837651
vt 0.628584385 0.678369403
vt 0.628584385 0.734837651
vt 0.628584385 0.734837651
vt 0.572116137 0.678369403
vt 0.628584385 0.734837651
vt 0.628584385 0.678369403
vt 0.572116137 0.734837651
vt 0.572116137 0.678369403
vt 0.628584385 0.678369403
vt 0.628584385 0.734837651
vt 0.572116137 0.678369403
vt 0.613369584 0.715909243
vt 0.613369584 0.715909243
vt 0.613369584 0.715909243
vt 0.613369584 0.715909243
vt 0.618159294 0.775891662
vt 0.586806297 0.745424032
vt 0.618159294 0.775891662
vt 0.586806297 0.745424032
vt 0.622030139 0.778431833
vt 0.618159294 0.778431833
vt 0.618159294 0.778431833
vt 0.622030139 0.778431833
vt 0.586806297 0.745424032
vt 0.622030139 0.780427694
vt 0.622030139 0.780427694
vt 0.586806297 0.745424032
vt 0.628392696 0.765948594
vt 0.628392696 0.760142505
vt 0.628392696 0.760142505
vt 0.628392696 0.765948594
vt 0.622030139 0.780246258
vt 0.618159294 0.780246258
vt 0.622030139 0.780246258
vt 0.618159294 0.780246258
vt 0.683212698 0.807172477
vt 0.683212698 0.818784714
vt 0.683212698 0.807172477
vt 0.683212698 0.818784714
vt 0.628392696 0.760142505
vt 0.629360378 0.765948594
vt 0.629360378 0.760142505
vt 0.628392696 0.765948594
vt 0.68151927 0.807172477
vt 0.682486951 0.818784714
vt 0.682486951 0.807172477
vt 0.68151927 0.818784714
vt 0.618159294 0.774984419
vt 0.622030139 0.774893701
vt 0.618159294 0.774893701
vt 0.622030139 0.774984419
vt 0.618159294 0.780246258
vt 0.622030139 0.780427694
vt 0.622030139 0.780246258
vt 0.618159294 0.780427694
vt 0.683333635 0.818784714
vt 0.683333635 0.807172477
vt 0.683333635 0.807172477
vt 0.683333635 0.818784714
vt 0.629844189 0.760142505
vt 0.630086124 0.765948594
vt 0.630086124 0.760142505
vt 0.629844189 0.765948594
vt 0.682970762 0.807172477
vt 0.683212698 0.818784714
vt 0.683212698 0.807172477
vt 0.682970762 0.818784714
vt 0.630086124 0.760142505
vt 0.630086124 0.765948594
vt 0.630086124 0.760142505
vt 0.630086124 0.765948594
vt 0.630207062 0.765948594
vt 0.630207062 0.760142505
vt 0.630207062 0.760142505
vt 0.630207062 0.765948594
vt 0.683394134 0.807172477
vt 0.683394134 0.818784714
vt 0.683394134 0.807172477
vt 0.683394134 0.818784714
vt 0.63026756 0.760142505
vt 0.630207062 0.765948594
vt 0.63026756 0.765948594
vt 0.630207062 0.760142505
vt 0.63029778 0.760142505
vt 0.63031292 0.765948594
vt 0.63031292 0.760142505
vt 0.63029778 0.765948594
vt 0.683424354 0.807172477
vt 0.683439493 0.818784714
vt 0.683439493 0.807172477
vt 0.683424354 0.818784714
vt 0.682486951 0.807172477
vt 0.682486951 0.818784714
vt 0.682486951 0.807172477
vt 0.682486951 0.818784714
vt 0.878237128 0.748239696
vt 0.878252268 0.748239696
vt 0.878237128 0.748239696
vt 0.878252268 0.748239696
vt 0.878252268 0.748239696
vt 0.878221989 0.748239696
vt 0.878191769 0.748239696
vt 0.878221989 0.748239696
vt 0.87813127 0.748239696
vt 0.874381542 0.748239696
vt 0.878010333 0.748239696
vt 0.87813127 0.748239696
vt 0.878010333 0.748239696
vt 0.877768397 0.748239696
vt 0.877284586 0.748239696
vt 0.877768397 0.748239696
vt 0.877284586 0.748239696
vt 0.876316905 0.748239696
vt 0.874381542 0.748239696
vt 0.876316905 0.748239696
vt 0.874381542 0.748239696
vt 0.839157701 0.718860745
vt 0.839157701 0.718860745
vt 0.839157701 0.718860745
vt 0.839157701 0.718860745
vt 0.839157701 0.718860745
vt 0.839157701 0.718860745
vt 0.839157701 0.718860745
vt 0.839157701 0.718860745
vt 0.839157701 0.718860745
vt 0.839157701 0.718860745
vt 0.839157701 0.718860745
vt 0.683424354 0.818784714
vt 0.683424354 0.807172477
vt 0.683424354 0.807172477
vt 0.683424354 0.818784714
vt 0.63031292 0.760142505
vt 0.63031292 0.765948594
vt 0.63031292 0.760142505
vt 0.63031292 0.765948594
vt 0.622030139 0.774893701
vt 0.618159294 0.774893701
vt 0.622030139 0.774893701
vt 0.618159294 0.774893701
vt 0.63029778 0.765948594
vt 0.63029778 0.760142505
vt 0.63029778 0.760142505
vt 0.63029778 0.765948594
vt 0.650528789 0.771028996
vt 0.650528789 0.77030319
vt 0.650528789 0.77030319
vt 0.650528789 0.771028996
vt 0.622030139 0.774893701
vt 0.586806297 0.745424032
vt 0.586806297 0.745424032
vt 0.622030139 0.774893701
vt 0.155502737 0.745391905
vt 0.155502737 0.745437264
vt 0.155502737 0.745437264
vt 0.155502737 0.745391905
vt 0.629360378 0.760142505
vt 0.629360378 0.765948594
vt 0.629360378 0.760142505
vt 0.629360378 0.765948594
vt 0.68151927 0.818784714
vt 0.68151927 0.807172477
vt 0.68151927 0.807172477
vt 0.68151927 0.818784714
vt 0.683439493 0.807172477
vt 0.683439493 0.818784714
vt 0.683439493 0.807172477
vt 0.683439493 0.818784714
vt 0.878221989 0.754045844
vt 0.878191769 0.754045844
vt 0.878191769 0.754045844
vt 0.878221989 0.754045844
vt 0.878252268 0.754045844
vt 0.87813127 0.754045844
vt 0.878237128 0.754045844
vt 0.878252268 0.754045844
vt 0.878252268 0.754045844
vt 0.878237128 0.754045844
vt 0.874381542 0.754045844
vt 0.878010333 0.754045844
vt 0.877768397 0.754045844
vt 0.877284586 0.754045844
vt 0.877768397 0.754045844
vt 0.877284586 0.754045844
vt 0.876316905 0.754045844
vt 0.874381542 0.754045844
vt 0.876316905 0.754045844
vt 0.874381542 0.754045844
vt 0.839157701 0.718860745
vt 0.878010333 0.754045844
vt 0.839157701 0.718860745
vt 0.839157701 0.718860745
vt 0.839157701 0.718860745
vt 0.839157701 0.718860745
vt 0.839157701 0.718860745
vt 0.839157701 0.718860745
vt 0.839157701 0.718860745
vt 0.839157701 0.718860745
vt 0.839157701 0.718860745
vt 0.839157701 0.718860745
vt 0.155502737 0.745527983
vt 0.155502737 0.745709419
vt 0.155502737 0.745709419
vt 0.155502737 0.745527983
vt 0.622888803 0.736530662
vt 0.583854795 0.712957799
vt 0.622888803 0.736530662
vt 0.583854795 0.712957799
vt 0.877768397 0.7511428
vt 0.839157701 0.718860745
vt 0.877768397 0.7511428
vt 0.839157701 0.718860745
vt 0.839157701 0.718860745
vt 0.839157701 0.718860745
vt 0.877768397 0.7511428
vt 0.877768397 0.7511428
vt 0.629844189 0.765948594
vt 0.629844189 0.760142505
vt 0.629844189 0.760142505
vt 0.629844189 0.765948594
vt 0.682970762 0.818784714
vt 0.682970762 0.807172477
vt 0.682970762 0.807172477
vt 0.682970762 0.818784714
vt 0.622030139 0.780427694
vt 0.618159294 0.780427694
vt 0.618159294 0.780427694
vt 0.622030139 0.780427694
vt 0.877768397 0.7511428
vt 0.877768397 0.748965502
vt 0.877768397 0.748965502
vt 0.877768397 0.749691248
vt 0.877768397 0.748965502
vt 0.877768397 0.7511428
vt 0.650528789 0.771028996
vt 0.65149647 0.77030319
vt 0.613369584 0.736569643
vt 0.613369584 0.736569643
vt 0.618159294 0.775891662
vt 0.622030139 0.778431833
vt 0.586806297 0.745424032
vt 0.586806297 0.745424032
vt 0.377251238 0.190546036
vt 0.377251238 0.190546036
vt 0.377251238 0.190546036
vt 0.377251238 0.190546036
vt 0.377251238 0.190546036
vt 0.415378124 0.224279583
vt 0.377251238 0.190546036
vt 0.415378124 0.224279583
vt 0.63031292 0.760142505
vt 0.63029778 0.765948594
vt 0.591233492 0.736569643
vt 0.591233492 0.736569643
vt 0.63026756 0.760142505
vt 0.630207062 0.765948594
vt 0.591233492 0.736569643
vt 0.591233492 0.736569643
vt 0.630086124 0.760142505
vt 0.629844189 0.765948594
vt 0.591233492 0.736569643
vt 0.591233492 0.736569643
vt 0.629360378 0.760142505
vt 0.628392696 0.765948594
vt 0.591233492 0.736569643
vt 0.591233492 0.736569643
vt 0.618159294 0.774893701
vt 0.622030139 0.774984419
vt 0.586806297 0.745424032
vt 0.586806297 0.745424032
vt 0.618159294 0.780246258
vt 0.622030139 0.780427694
vt 0.586806297 0.745424032
vt 0.586806297 0.745424032
vt 0.682486951 0.807172477
vt 0.68151927 0.818784714
vt 0.644360065 0.771987379
vt 0.644360065 0.771987379
vt 0.683212698 0.807172477
vt 0.682970762 0.818784714
vt 0.644360065 0.771987379
vt 0.644360065 0.771987379
vt 0.683394134 0.807172477
vt 0.683333635 0.818784714
vt 0.644360065 0.771987379
vt 0.644360065 0.771987379
vt 0.683439493 0.807172477
vt 0.683424354 0.818784714
vt 0.644360065 0.771987379
vt 0.644360065 0.771987379
vt 0.618159294 0.775891662
vt 0.622030139 0.775891662
vt 0.618159294 0.775891662
vt 0.622030139 0.775891662
vt 0.415378124 0.224279583
vt 0.377251238 0.190546036
vt 0.377251238 0.190546036
vt 0.415378124 0.224279583
vt 0.587471068 0.810220778
vt 0.548436999 0.780841827
vt 0.548436999 0.780841827
vt 0.587471068 0.810220778
vt 0.877768397 0.7511428
vt 0.839157701 0.718860745
vt 0.877768397 0.7511428
vt 0.839157701 0.718860745
vt 0.877768397 0.7511428
vt 0.877768397 0.7511428
vt 0.877768397 0.7511428
vt 0.877768397 0.7511428
vt 0.115517974 0.73373431
vt 0.116001785 0.73373431
vt 0.115517974 0.73373431
vt 0.116001785 0.73373431
vt 0.583854795 0.712957799
vt 0.621013999 0.74233675
vt 0.621013999 0.74233675
vt 0.583854795 0.712957799
vt 0.5587672 0.745424032
vt 0.595926404 0.792221367
vt 0.595926404 0.792221367
vt 0.5587672 0.745424032
vt 0.5587672 0.745424032
vt 0.597377896 0.792221367
vt 0.597377896 0.792221367
vt 0.5587672 0.745424032
vt 0.5587672 0.745424032
vt 0.597846627 0.780609131
vt 0.5587672 0.745424032
vt 0.597846627 0.780609131
vt 0.5587672 0.745424032
vt 0.597619832 0.780609131
vt 0.5587672 0.745424032
vt 0.597619832 0.780609131
vt 0.583854795 0.712957799
vt 0.622707367 0.736530662
vt 0.583854795 0.712957799
vt 0.622707367 0.736530662
vt 0.583854795 0.712957799
vt 0.622465491 0.74233675
vt 0.622465491 0.74233675
vt 0.583854795 0.712957799
vt 0.583854795 0.712957799
vt 0.621981621 0.736530662
vt 0.583854795 0.712957799
vt 0.621981621 0.736530662
vt 0.613369584 0.736569643
vt 0.651980281 0.766674399
vt 0.613369584 0.736569643
vt 0.651980281 0.766674399
vt 0.583854795 0.712957799
vt 0.622934222 0.736530662
vt 0.583854795 0.712957799
vt 0.622934222 0.736530662
vt 0.618159294 0.778431833
vt 0.618159294 0.775891662
vt 0.586806297 0.745424032
vt 0.586806297 0.745424032
vt 0.5587672 0.745424032
vt 0.597740769 0.792221367
vt 0.597740769 0.792221367
vt 0.5587672 0.745424032
vt 0.586806297 0.745424032
vt 0.586806297 0.745424032
vt 0.622030139 0.780427694
vt 0.618159294 0.780246258
vt 0.596894085 0.780609131
vt 0.595926404 0.792221367
vt 0.5587672 0.745424032
vt 0.5587672 0.745424032
vt 0.597619832 0.780609131
vt 0.597377896 0.792221367
vt 0.5587672 0.745424032
vt 0.5587672 0.745424032
vt 0.597801268 0.780609131
vt 0.597740769 0.792221367
vt 0.5587672 0.745424032
vt 0.5587672 0.745424032
vt 0.597846627 0.780609131
vt 0.597831488 0.792221367
vt 0.5587672 0.745424032
vt 0.5587672 0.745424032
vt 0.622030139 0.774984419
vt 0.618159294 0.774893701
vt 0.586806297 0.745424032
vt 0.586806297 0.745424032
vt 0.621013999 0.74233675
vt 0.621981621 0.736530662
vt 0.583854795 0.712957799
vt 0.583854795 0.712957799
vt 0.622465491 0.74233675
vt 0.622707367 0.736530662
vt 0.583854795 0.712957799
vt 0.583854795 0.712957799
vt 0.622828364 0.74233675
vt 0.622888803 0.736530662
vt 0.583854795 0.712957799
vt 0.583854795 0.712957799
vt 0.622934222 0.736530662
vt 0.622919083 0.74233675
vt 0.583854795 0.712957799
vt 0.583854795 0.712957799
vt 0.5587672 0.745424032
vt 0.597831488 0.792221367
vt 0.597831488 0.792221367
vt 0.5587672 0.745424032
vt 0.586806297 0.745424032
vt 0.622030139 0.774984419
vt 0.622030139 0.774984419
vt 0.586806297 0.745424032
vt 0.155502737 0.745391905
vt 0.155502737 0.745437264
vt 0.155502737 0.745437264
vt 0.155502737 0.745391905
vt 0.583854795 0.712957799
vt 0.622919083 0.74233675
vt 0.622919083 0.74233675
vt 0.583854795 0.712957799
vt 0.5587672 0.745424032
vt 0.597801268 0.780609131
vt 0.5587672 0.745424032
vt 0.597801268 0.780609131
vt 0.878221989 0.748239696
vt 0.878191769 0.742433608
vt 0.878221989 0.748239696
vt 0.878191769 0.742433608
vt 0.583854795 0.712957799
vt 0.622828364 0.74233675
vt 0.622828364 0.74233675
vt 0.583854795 0.712957799
vt 0.548436999 0.780841827
vt 0.548436999 0.780841827
vt 0.548436999 0.780841827
vt 0.548436999 0.780841827
vt 0.415861934 0.22282809
vt 0.415861934 0.22282809
vt 0.415861934 0.22282809
vt 0.415861934 0.22282809
vt 0.5587672 0.745424032
vt 0.596894085 0.780609131
vt 0.5587672 0.745424032
vt 0.596894085 0.780609131
vt 0.878221989 0.765658081
vt 0.878191769 0.754045844
vt 0.878191769 0.754045844
vt 0.878221989 0.765658081
vt 0.377251238 0.190546036
vt 0.415861934 0.224279583
vt 0.415861934 0.224279583
vt 0.377251238 0.190546036
vt 0.415861934 0.224279583
vt 0.377251238 0.190546036
vt 0.377251238 0.190546036
vt 0.377251238 0.190546036
vt 0.548436999 0.780841827
vt 0.548436999 0.780841827
vt 0.548436999 0.780841827
vt 0.548436999 0.780841827
vt 0.548436999 0.780841827
vt 0.548436999 0.780841827
vt 0.548436999 0.780841827
vt 0.548436999 0.780841827
vt 0.548436999 0.780841827
vt 0.548436999 0.780841827
vt 0.548436999 0.780841827
vt 0.548436999 0.780841827
vt 0.878010333 0.749691248
vt 0.878010333 0.7511428
vt 0.878010333 0.7511428
vt 0.878010333 0.749691248
vt 0.878010333 0.7511428
vt 0.878010333 0.749691248
vt 0.878010333 0.749691248
vt 0.878010333 0.7511428
vt 0.613369584 0.736569643
vt 0.650528789 0.771028996
vt 0.650528789 0.771028996
vt 0.613369584 0.736569643
vt 0.65149647 0.77030319
vt 0.65149647 0.771028996
vt 0.65149647 0.77030319
vt 0.65149647 0.771028996
vt 0.613369584 0.715909243
vt 0.613369584 0.715909243
vt 0.613369584 0.715909243
vt 0.613369584 0.715909243
vt 0.548436999 0.780841827
vt 0.548436999 0.780841827
vt 0.548436999 0.780841827
vt 0.548436999 0.780841827
vt 0.12047261 0.208254874
vt 0.12047261 0.208254874
vt 0.12047261 0.208254874
vt 0.12047261 0.208254874
vt 0.12047261 0.208254874
vt 0.12047261 0.208254874
vt 0.12047261 0.208254874
vt 0.12047261 0.208254874
vt 0.159083307 0.240536928
vt 0.12047261 0.208254874
vt 0.613369584 0.736569643
vt 0.651980281 0.766311526
vt 0.613369584 0.736569643
vt 0.613369584 0.736569643
vt 0.651980281 0.766311526
vt 0.651980281 0.766311526
vt 0.651980281 0.766311526
vt 0.651980281 0.766311526
vt 0.155502737 0.745527983
vt 0.155502737 0.745709419
vt 0.155502737 0.745709419
vt 0.155502737 0.745527983
vt 0.87817663 0.748602629
vt 0.87817663 0.753320098
vt 0.87817663 0.753320098
vt 0.87817663 0.748602629
vt 0.586806297 0.745424032
vt 0.586806297 0.745424032
vt 0.586806297 0.745424032
vt 0.586806297 0.745424032
vt 0.618159294 0.775891662
vt 0.618159294 0.778431833
vt 0.586806297 0.745424032
vt 0.586806297 0.745424032
vt 0.586806297 0.745424032
vt 0.586806297 0.745424032
vt 0.586806297 0.745424032
vt 0.586806297 0.745424032
vt 0.583854795 0.712957799
vt 0.583854795 0.712957799
vt 0.583854795 0.712957799
vt 0.583854795 0.712957799
vt 0.583854795 0.712957799
vt 0.583854795 0.712957799
vt 0.583854795 0.712957799
vt 0.583854795 0.712957799
vt 0.583854795 0.712957799
vt 0.583854795 0.712957799
vt 0.583854795 0.712957799
vt 0.583854795 0.712957799
vt 0.583854795 0.712957799
vt 0.583854795 0.712957799
vt 0.583854795 0.712957799
vt 0.583854795 0.712957799
vt 0.5587672 0.745424032
vt 0.5587672 0.745424032
vt 0.5587672 0.745424032
vt 0.5587672 0.745424032
vt 0.5587672 0.745424032
vt 0.5587672 0.745424032
vt 0.5587672 0.745424032
vt 0.5587672 0.745424032
vt 0.5587672 0.745424032
vt 0.5587672 0.745424032
vt 0.5587672 0.745424032
vt 0.5587672 0.745424032
vt 0.5587672 0.745424032
vt 0.5587672 0.745424032
vt 0.5587672 0.745424032
vt 0.5587672 0.745424032
vt 0.613369584 0.715909243
vt 0.613369584 0.715909243
vt 0.613369584 0.715909243
vt 0.613369584 0.715909243
vt 0.874381542 0.748239696
vt 0.874381542 0.748421133
vt 0.839157701 0.718860745
vt 0.839157701 0.718860745
vt 0.87816155 0.749328375
vt 0.839157701 0.718860745
vt 0.87816155 0.749328375
vt 0.839157701 0.718860745
vt 0.877768397 0.7511428
vt 0.877768397 0.7511428
vt 0.877768397 0.7511428
vt 0.877768397 0.7511428
vt 0.877768397 0.752594292
vt 0.877768397 0.752594292
vt 0.877768397 0.752594292
vt 0.877768397 0.752594292
vt 0.877768397 0.7511428
vt 0.877768397 0.7511428
vt 0.877768397 0.7511428
vt 0.877768397 0.7511428
vt 0.586806297 0.745424032
vt 0.618159294 0.774984419
vt 0.586806297 0.745424032
vt 0.586806297 0.745424032
vt 0.618159294 0.774984419
vt 0.586806297 0.745424032
vt 0.878252268 0.754045844
vt 0.878252268 0.748239696
vt 0.878252268 0.748239696
vt 0.878252268 0.754045844
vt 0.618159294 0.778431833
vt 0.618159294 0.775891662
vt 0.586806297 0.745424032
vt 0.586806297 0.745424032
vt 0.586806297 0.745424032
vt 0.586806297 0.745424032
vt 0.586806297 0.745424032
vt 0.586806297 0.745424032
vt 0.613369584 0.715909243
vt 0.613369584 0.715909243
vt 0.613369584 0.715909243
vt 0.613369584 0.715909243
vt 0.613369584 0.715909243
vt 0.613369584 0.715909243
vt 0.613369584 0.715909243
vt 0.613369584 0.715909243
vt 0.613369584 0.715909243
vt 0.613369584 0.715909243
vt 0.613369584 0.715909243
vt 0.613369584 0.715909243
vt 0.613369584 0.715909243
vt 0.613369584 0.715909243
vt 0.613369584 0.715909243
vt 0.613369584 0.715909243
vt 0.548436999 0.780841827
vt 0.548436999 0.780841827
vt 0.548436999 0.780841827
vt 0.548436999 0.780841827
vt 0.586806297 0.745424032
vt 0.586806297 0.745424032
vt 0.622030139 0.774893701
vt 0.618159294 0.774984419
vt 0.548436999 0.780841827
vt 0.548436999 0.780841827
vt 0.587047696 0.80441469
vt 0.548436999 0.780841827
vt 0.548436999 0.780841827
vt 0.587471068 0.810220778
vt 0.548436999 0.780841827
vt 0.548436999 0.780841827
vt 0.548436999 0.780841827
vt 0.548436999 0.780841827
vt 0.548436999 0.780841827
vt 0.548436999 0.780841827
vt 0.613369584 0.715909243
vt 0.613369584 0.715909243
vt 0.613369584 0.715909243
vt 0.613369584 0.715909243
vt 0.613369584 0.715909243
vt 0.613369584 0.715909243
vt 0.613369584 0.715909243
vt 0.613369584 0.715909243
vt 0.613369584 0.715909243
vt 0.613369584 0.715909243
vt 0.613369584 0.715909243
vt 0.613369584 0.715909243
vt 0.586806297 0.745424032
vt 0.586806297 0.745424032
vt 0.586806297 0.745424032
vt 0.586806297 0.745424032
vt 0.87817663 0.748602629
vt 0.839157701 0.718860745
vt 0.87817663 0.748602629
vt 0.839157701 0.718860745
vt 0.586806297 0.745424032
vt 0.618159294 0.778431833
vt 0.618159294 0.778431833
vt 0.586806297 0.745424032
vt 0.613369584 0.736569643
vt 0.613369584 0.736569643
vt 0.613369584 0.736569643
vt 0.613369584 0.736569643
vt 0.874381542 0.753864408
vt 0.839157701 0.718860745
vt 0.839157701 0.718860745
vt 0.839157701 0.718860745
vt 0.874381542 0.753320098
vt 0.839157701 0.718860745
vt 0.874381542 0.753320098
vt 0.874381542 0.753864408
vt 0.874381542 0.754045844
vt 0.874381542 0.754045844
vt 0.874381542 0.753864408
vt 0.874381542 0.754045844
vt 0.600307941 0.225537419
vt 0.600307941 0.219731271
vt 0.600307941 0.225537419
vt 0.600307941 0.214106619
vt 0.600307941 0.214106619
vt 0.600307941 0.202312946
vt 0.600307941 0.202312946
vt 0.87817663 0.753320098
vt 0.87817663 0.748602629
vt 0.87817663 0.748602629
vt 0.87817663 0.753320098
vt 0.625870585 0.237633824
vt 0.625840306 0.237633824
vt 0.625840306 0.237633824
vt 0.625779867 0.237633824
vt 0.622030139 0.237633824
vt 0.622030139 0.243439972
vt 0.586806297 0.208254874
vt 0.622030139 0.23835963
vt 0.622030139 0.243439972
vt 0.622030139 0.241262674
vt 0.586806297 0.208254874
vt 0.622030139 0.243258536
vt 0.622030139 0.242714226
vt 0.622030139 0.237724543
vt 0.622030139 0.237633824
vt 0.622030139 0.237815261
vt 0.622030139 0.237996757
vt 0.622030139 0.23835963
vt 0.600153089 0.178856254
vt 0.584670186 0.178856254
vt 0.584670186 0.178856254
vt 0.600153089 0.178856254
vt 0.613369584 0.715909243
vt 0.613369584 0.715909243
vt 0.613369584 0.715909243
vt 0.613369584 0.715909243
vt 0.613369584 0.736569643
vt 0.65149647 0.77030319
vt 0.65149647 0.77030319
vt 0.613369584 0.736569643
vt 0.877768397 0.7511428
vt 0.877768397 0.7511428
vt 0.877768397 0.7511428
vt 0.877768397 0.7511428
vt 0.586806297 0.745424032
vt 0.586806297 0.745424032
vt 0.586806297 0.745424032
vt 0.586806297 0.745424032
vt 0.12047261 0.208254874
vt 0.12047261 0.208254874
vt 0.159083307 0.240536928
vt 0.159083307 0.240536928
vt 0.12047261 0.208254874
vt 0.12047261 0.208254874
vt 0.12047261 0.208254874
vt 0.158599496 0.24198842
vt 0.12047261 0.208254874
vt 0.158599496 0.24198842
vt 0.12047261 0.208254874
vt 0.158599496 0.24198842
vt 0.683394134 0.807172477
vt 0.683333635 0.818784714
vt 0.683394134 0.818784714
vt 0.683333635 0.807172477
vt 0.63026756 0.760142505
vt 0.63026756 0.765948594
vt 0.63026756 0.760142505
vt 0.63026756 0.765948594
vt 0.600307941 0.178856254
vt 0.615790844 0.178856254
vt 0.600307941 0.178856254
vt 0.615790844 0.178856254
vt 0.586806297 0.745424032
vt 0.586806297 0.745424032
vt 0.586806297 0.745424032
vt 0.586806297 0.745424032
vt 0.586806297 0.745424032
vt 0.586806297 0.745424032
vt 0.586806297 0.745424032
vt 0.586806297 0.745424032
vt 0.622030139 0.774893701
vt 0.618159294 0.774984419
vt 0.586806297 0.745424032
vt 0.586806297 0.745424032
vt 0.548436999 0.780841827
vt 0.548436999 0.780841827
vt 0.548436999 0.780841827
vt 0.548436999 0.780841827
vt 0.548436999 0.780841827
vt 0.548436999 0.780841827
vt 0.548436999 0.780841827
vt 0.548436999 0.780841827
vt 0.587471068 0.810220778
vt 0.548436999 0.780841827
vt 0.548436999 0.780841827
vt 0.548436999 0.780841827
vt 0.548436999 0.780841827
vt 0.548436999 0.780841827
vt 0.548436999 0.780841827
vt 0.548436999 0.780841827
vt 0.613369584 0.715909243
vt 0.613369584 0.715909243
vt 0.613369584 0.715909243
vt 0.613369584 0.715909243
vt 0.613369584 0.715909243
vt 0.613369584 0.715909243
vt 0.613369584 0.715909243
vt 0.613369584 0.715909243
vt 0.613369584 0.715909243
vt 0.613369584 0.715909243
vt 0.613369584 0.715909243
vt 0.613369584 0.715909243
vt 0.613369584 0.715909243
vt 0.613369584 0.715909243
vt 0.613369584 0.715909243
vt 0.613369584 0.715909243
vt 0.572116137 0.734837651
vt 0.572116137 0.678369403
vt 0.572116137 0.678369403
vt 0.628584385 0.734837651
vt 0.628584385 0.678369403
vt 0.628584385 0.678369403
vt 0.572116137 0.734837651
vt 0.628584385 0.734837651
vt 0.572116137 0.678369403
vt 0.628584385 0.734837651
vt 0.572116137 0.678369403
vt 0.572116137 0.734837651
vt 0.628584385 0.678369403
vt 0.628584385 0.678369403
vt 0.572116137 0.734837651
vt 0.628584385 0.734837651
vt 0.572116137 0.678369403
vt 0.572116137 0.734837651
vt 0.628584385 0.734837651
vt 0.572116137 0.734837651
vt 0.572116137 0.734837651
vt 0.572116137 0.678369403
vt 0.628584385 0.678369403
vt 0.572116137 0.734837651
vt 0.628584385 0.734837651
vt 0.572116137 0.678369403
vt 0.628584385 0.678369403
vt 0.572116137 0.734837651
vt 0.628584385 0.734837651
vt 0.572116137 0.678369403
vt 0.628584385 0.678369403
vt 0.572116137 0.734837651
vt 0.628584385 0.734837651
vt 0.572116137 0.678369403
vt 0.628584385 0.678369403
vt 0.572116137 0.734837651
vt 0.628584385 0.734837651
vt 0.572116137 0.678369403
vt 0.628584385 0.678369403
vt 0.572116137 0.734837651
vt 0.628584385 0.734837651
vt 0.572116137 0.678369403
vt 0.572116137 0.678369403
vt 0.572116137 0.678369403
vt 0.572116137 0.734837651
vt 0.572116137 0.678369403
vt 0.628584385 0.678369403
vt 0.572116137 0.734837651
vt 0.628584385 0.734837651
vt 0.572116137 0.678369403
vt 0.628584385 0.678369403
vt 0.572116137 0.734837651
vt 0.628584385 0.734837651
vt 0.572116137 0.678369403
vt 0.628584385 0.678369403
vt 0.572116137 0.734837651
vt 0.628584385 0.734837651
vt 0.572116137 0.678369403
vt 0.628584385 0.678369403
vt 0.572116137 0.734837651
vt 0.628584385 0.734837651
vt 0.572116137 0.678369403
vt 0.628584385 0.678369403
vt 0.572116137 0.734837651
vt 0.628584385 0.734837651
vt 0.572116137 0.678369403
vt 0.628584385 0.678369403
vt 0.572116137 0.734837651
vt 0.628584385 0.734837651
vt 0.572116137 0.678369403
vt 0.628584385 0.678369403
vt 0.572116137 0.734837651
vt 0.628584385 0.734837651
vt 0.572116137 0.678369403
vt 0.628584385 0.734837651
vt 0.572116137 0.678369403
vt 0.572116137 0.734837651
vt 0.628584385 0.678369403
vt 0.628584385 0.678369403
vt 0.572116137 0.734837651
vt 0.628584385 0.734837651
vt 0.572116137 0.678369403
vt 0.628584385 0.678369403
vt 0.572116137 0.734837651
vt 0.628584385 0.734837651
vt 0.572116137 0.678369403
vt 0.628584385 0.678369403
vt 0.572116137 0.734837651
vt 0.628584385 0.734837651
vt 0.572116137 0.678369403
vt 0.572116137 0.734837651
vt 0.628584385 0.678369403
vt 0.572116137 0.678369403
vt 0.628584385 0.734837651
vt 0.628584385 0.678369403
vt 0.572116137 0.734837651
vt 0.628584385 0.734837651
vt 0.572116137 0.678369403
vt 0.628584385 0.678369403
vt 0.572116137 0.734837651
vt 0.628584385 0.734837651
vt 0.572116137 0.678369403
vt 0.628584385 0.678369403
vt 0.572116137 0.734837651
vt 0.628584385 0.734837651
vt 0.572116137 0.678369403
vt 0.628584385 0.678369403
vt 0.572116137 0.734837651
vt 0.628584385 0.734837651
vt 0.572116137 0.678369403
vt 0.628584385 0.734837651
vt 0.628584385 0.678369403
vt 0.572116137 0.734837651
vt 0.572116137 0.678369403
vt 0.628584385 0.678369403
vt 0.572116137 0.734837651
vt 0.628584385 0.734837651
vt 0.572116137 0.678369403
vt 0.628584385 0.678369403
vt 0.628584385 0.734837651
vt 0.572116137 0.734837651
vt 0.572116137 0.734837651
vt 0.572116137 0.678369403
vt 0.572116137 0.734837651
vt 0.628584385 0.678369403
vt 0.572116137 0.678369403
vt 0.572116137 0.734837651
vt 0.572116137 0.678369403
vt 0.572116137 0.678369403
vt 0.628584385 0.678369403
vt 0.628584385 0.678369403
vt 0.628584385 0.734837651
vt 0.628584385 0.678369403
vt 0.572116137 0.734837651
vt 0.628584385 0.734837651
vt 0.572116137 0.678369403
vt 0.628584385 0.678369403
vt 0.572116137 0.734837651
vt 0.628584385 0.734837651
vt 0.572116137 0.678369403
vt 0.628584385 0.678369403
vt 0.572116137 0.734837651
vt 0.628584385 0.734837651
vt 0.572116137 0.678369403
vt 0.628584385 0.678369403
vt 0.572116137 0.734837651
vt 0.628584385 0.734837651
vt 0.572116137 0.678369403
vt 0.628584385 0.678369403
vt 0.572116137 0.734837651
vt 0.628584385 0.734837651
vt 0.572116137 0.678369403
vt 0.572116137 0.734837651
vt 0.628584385 0.734837651
vt 0.628584385 0.678369403
vt 0.572116137 0.678369403
vt 0.628584385 0.678369403
vt 0.572116137 0.734837651
vt 0.628584385 0.734837651
vt 0.572116137 0.678369403
vt 0.628584385 0.678369403
vt 0.572116137 0.734837651
vt 0.628584385 0.734837651
vt 0.572116137 0.678369403
vt 0.628584385 0.734837651
vt 0.572116137 0.678369403
vt 0.572116137 0.734837651
vt 0.628584385 0.678369403
vt 0.628584385 0.678369403
vt 0.572116137 0.734837651
vt 0.628584385 0.734837651
vt 0.572116137 0.678369403
vt 0.628584385 0.678369403
vt 0.572116137 0.734837651
vt 0.628584385 0.734837651
vt 0.572116137 0.678369403
vt 0.628584385 0.734837651
vt 0.628584385 0.678369403
vt 0.572116137 0.734837651
vt 0.572116137 0.678369403
vt 0.628584385 0.678369403
vt 0.572116137 0.734837651
vt 0.628584385 0.734837651
vt 0.572116137 0.678369403
vt 0.628584385 0.678369403
vt 0.572116137 0.734837651
vt 0.628584385 0.734837651
vt 0.572116137 0.678369403
vt 0.628584385 0.678369403
vt 0.572116137 0.734837651
vt 0.628584385 0.734837651
vt 0.572116137 0.678369403
vt 0.628584385 0.678369403
vt 0.572116137 0.734837651
vt 0.628584385 0.734837651
vt 0.572116137 0.678369403
vt 0.628584385 0.734837651
vt 0.572116137 0.678369403
vt 0.572116137 0.734837651
vt 0.628584385 0.678369403
vt 0.628584385 0.734837651
vt 0.628584385 0.678369403
vt 0.572116137 0.734837651
vt 0.572116137 0.678369403
vt 0.572116137 0.678369403
vt 0.572116137 0.734837651
vt 0.628584385 0.734837651
vt 0.628584385 0.678369403
vt 0.572116137 0.678369403
vt 0.572116137 0.734837651
vt 0.628584385 0.734837651
vt 0.628584385 0.678369403
vt 0.572116137 0.734837651
vt 0.628584385 0.678369403
vt 0.572116137 0.678369403
vt 0.628584385 0.734837651
vt 0.628584385 0.678369403
vt 0.572116137 0.734837651
vt 0.628584385 0.734837651
vt 0.572116137 0.678369403
vt 0.628584385 0.678369403
vt 0.572116137 0.734837651
vt 0.628584385 0.734837651
vt 0.572116137 0.678369403
vt 0.628584385 0.678369403
vt 0.572116137 0.734837651
vt 0.628584385 0.734837651
vt 0.572116137 0.678369403
vt 0.628584385 0.678369403
vt 0.572116137 0.734837651
vt 0.628584385 0.734837651
vt 0.572116137 0.678369403
vt 0.628584385 0.678369403
vt 0.628584385 0.678369403
vt 0.572116137 0.678369403
vt 0.628584385 0.678369403
vt 0.628584385 0.734837651
vt 0.572116137 0.678369403
vt 0.572116137 0.734837651
vt 0.628584385 0.678369403
vt 0.628584385 0.734837651
vt 0.628584385 0.678369403
vt 0.572116137 0.734837651
vt 0.572116137 0.678369403
vt 0.628584385 0.678369403
vt 0.572116137 0.734837651
vt 0.628584385 0.734837651
vt 0.572116137 0.678369403
vt 0.628584385 0.734837651
vt 0.572116137 0.678369403
vt 0.572116137 0.734837651
vt 0.628584385 0.678369403
vt 0.628584385 0.678369403
vt 0.572116137 0.734837651
vt 0.628584385 0.734837651
vt 0.572116137 0.678369403
vt 0.628584385 0.678369403
vt 0.572116137 0.734837651
vt 0.628584385 0.734837651
vt 0.572116137 0.678369403
vt 0.628584385 0.678369403
vt 0.572116137 0.734837651
vt 0.628584385 0.734837651
vt 0.572116137 0.678369403
vt 0.628584385 0.678369403
vt 0.572116137 0.734837651
vt 0.628584385 0.734837651
vt 0.572116137 0.678369403
vt 0.628584385 0.734837651
vt 0.572116137 0.678369403
vt 0.572116137 0.734837651
vt 0.628584385 0.678369403
vt 0.628584385 0.734837651
vt 0.572116137 0.678369403
vt 0.572116137 0.734837651
vt 0.628584385 0.678369403
vt 0.628584385 0.734837651
vt 0.572116137 0.678369403
vt 0.572116137 0.734837651
vt 0.628584385 0.678369403
vt 0.628584385 0.678369403
vt 0.572116137 0.734837651
vt 0.628584385 0.734837651
vt 0.572116137 0.678369403
vt 0.628584385 0.678369403
vt 0.572116137 0.734837651
vt 0.628584385 0.734837651
vt 0.572116137 0.678369403
vt 0.628584385 0.678369403
vt 0.572116137 0.734837651
vt 0.628584385 0.734837651
vt 0.572116137 0.678369403
vt 0.628584385 0.678369403
vt 0.572116137 0.734837651
vt 0.628584385 0.734837651
vt 0.572116137 0.678369403
vt 0.628584385 0.678369403
vt 0.572116137 0.734837651
vt 0.628584385 0.734837651
vt 0.572116137 0.678369403
vt 0.572116137 0.734837651
vt 0.628584385 0.678369403
vt 0.572116137 0.678369403
vt 0.628584385 0.734837651
vt 0.628584385 0.734837651
vt 0.572116137 0.678369403
vt 0.572116137 0.734837651
vt 0.628584385 0.678369403
vt 0.628584385 0.678369403
vt 0.572116137 0.734837651
vt 0.628584385 0.734837651
vt 0.572116137 0.678369403
vt 0.572116137 0.678369403
vt 0.572116137 0.734837651
vt 0.628584385 0.734837651
vt 0.628584385 0.678369403
vt 0.628584385 0.678369403
vt 0.572116137 0.678369403
vt 0.628584385 0.734837651
vt 0.572116137 0.734837651
vt 0.628584385 0.678369403
vt 0.572116137 0.734837651
vt 0.628584385 0.734837651
vt 0.572116137 0.678369403
vt 0.628584385 0.678369403
vt 0.572116137 0.734837651
vt 0.628584385 0.734837651
vt 0.572116137 0.678369403
vt 0.628584385 0.678369403
vt 0.572116137 0.734837651
vt 0.628584385 0.734837651
vt 0.572116137 0.678369403
vt 0.628584385 0.678369403
vt 0.572116137 0.734837651
vt 0.628584385 0.734837651
vt 0.572116137 0.678369403
vt 0.572116137 0.678369403
vt 0.572116137 0.734837651
vt 0.628584385 0.734837651
vt 0.628584385 0.678369403
vt 0.628584385 0.678369403
vt 0.572116137 0.678369403
vt 0.628584385 0.734837651
vt 0.572116137 0.734837651
vt 0.628584385 0.734837651
vt 0.572116137 0.678369403
vt 0.572116137 0.734837651
vt 0.628584385 0.678369403
vt 0.628584385 0.678369403
vt 0.572116137 0.734837651
vt 0.628584385 0.734837651
vt 0.572116137 0.678369403
vt 0.628584385 0.734837651
vt 0.572116137 0.678369403
vt 0.572116137 0.734837651
vt 0.628584385 0.678369403
vt 0.628584385 0.734837651
vt 0.572116137 0.678369403
vt 0.572116137 0.734837651
vt 0.628584385 0.678369403
vt 0.628584385 0.678369403
vt 0.572116137 0.734837651
vt 0.628584385 0.734837651
vt 0.572116137 0.678369403
vt 0.628584385 0.734837651
vt 0.628584385 0.678369403
vt 0.572116137 0.734837651
vt 0.572116137 0.678369403
vt 0.628584385 0.678369403
vt 0.572116137 0.734837651
vt 0.628584385 0.734837651
vt 0.572116137 0.678369403
vt 0.628584385 0.678369403
vt 0.572116137 0.734837651
vt 0.628584385 0.734837651
vt 0.572116137 0.678369403
vt 0.628584385 0.678369403
vt 0.572116137 0.734837651
vt 0.628584385 0.734837651
vt 0.572116137 0.678369403
vt 0.572116137 0.678369403
vt 0.572116137 0.678369403
vt 0.572116137 0.734837651
vt 0.572116137 0.678369403
vt 0.628584385 0.678369403
vt 0.572116137 0.734837651
vt 0.628584385 0.734837651
vt 0.572116137 0.678369403
vt 0.628584385 0.734837651
vt 0.628584385 0.678369403
vt 0.572116137 0.734837651
vt 0.572116137 0.678369403
vt 0.628584385 0.678369403
vt 0.572116137 0.734837651
vt 0.628584385 0.734837651
vt 0.572116137 0.678369403
vt 0.628584385 0.678369403
vt 0.572116137 0.734837651
vt 0.628584385 0.734837651
vt 0.572116137 0.678369403
vt 0.628584385 0.678369403
vt 0.572116137 0.678369403
vt 0.628584385 0.734837651
vt 0.572116137 0.734837651
vt 0.628584385 0.678369403
vt 0.572116137 0.734837651
vt 0.628584385 0.734837651
vt 0.572116137 0.678369403
vt 0.628584385 0.678369403
vt 0.572116137 0.734837651
vt 0.628584385 0.734837651
vt 0.572116137 0.678369403
vt 0.628584385 0.678369403
vt 0.572116137 0.734837651
vt 0.628584385 0.734837651
vt 0.572116137 0.678369403
vt 0.628584385 0.678369403
vt 0.572116137 0.734837651
vt 0.628584385 0.734837651
vt 0.572116137 0.678369403
vt 0.628584385 0.734837651
vt 0.572116137 0.678369403
vt 0.572116137 0.734837651
vt 0.628584385 0.678369403
vt 0.628584385 0.678369403
vt 0.572116137 0.734837651
vt 0.628584385 0.734837651
vt 0.572116137 0.678369403
vt 0.628584385 0.678369403
vt 0.572116137 0.734837651
vt 0.628584385 0.734837651
vt 0.572116137 0.678369403
vt 0.628584385 0.678369403
vt 0.572116137 0.734837651
vt 0.628584385 0.734837651
vt 0.572116137 0.678369403
vt 0.628584385 0.678369403
vt 0.572116137 0.734837651
vt 0.628584385 0.734837651
vt 0.572116137 0.678369403
vt 0.572116137 0.678369403
vt 0.572116137 0.734837651
vt 0.628584385 0.734837651
vt 0.628584385 0.678369403
vt 0.628584385 0.678369403
vt 0.572116137 0.734837651
vt 0.628584385 0.734837651
vt 0.572116137 0.678369403
vt 0.628584385 0.734837651
vt 0.572116137 0.678369403
vt 0.572116137 0.734837651
vt 0.628584385 0.678369403
vt 0.628584385 0.734837651
vt 0.572116137 0.678369403
vt 0.572116137 0.734837651
vt 0.628584385 0.678369403
vt 0.628584385 0.678369403
vt 0.572116137 0.678369403
vt 0.572116137 0.734837651
vt 0.628584385 0.734837651
vt 0.628584385 0.678369403
vt 0.572116137 0.734837651
vt 0.628584385 0.734837651
vt 0.572116137 0.678369403
vt 0.628584385 0.678369403
vt 0.572116137 0.678369403
vt 0.628584385 0.734837651
vt 0.572116137 0.734837651
vt 0.628584385 0.678369403
vt 0.572116137 0.734837651
vt 0.628584385 0.734837651
vt 0.572116137 0.678369403
vt 0.572116137 0.678369403
vt 0.572116137 0.734837651
vt 0.628584385 0.678369403
vt 0.628584385 0.734837651
vt 0.628584385 0.678369403
vt 0.572116137 0.734837651
vt 0.628584385 0.734837651
vt 0.572116137 0.678369403
vt 0.628584385 0.678369403
vt 0.572116137 0.734837651
vt 0.628584385 0.734837651
vt 0.572116137 0.678369403
vt 0.628584385 0.678369403
vt 0.572116137 0.734837651
vt 0.628584385 0.734837651
vt 0.572116137 0.678369403
vt 0.628584385 0.734837651
vt 0.628584385 0.678369403
vt 0.572116137 0.734837651
vt 0.572116137 0.678369403
vt 0.628584385 0.734837651
vt 0.628584385 0.678369403
vt 0.572116137 0.734837651
vt 0.572116137 0.678369403
vt 0.628584385 0.678369403
vt 0.572116137 0.734837651
vt 0.628584385 0.734837651
vt 0.572116137 0.678369403
vt 0.572116137 0.678369403
vt 0.572116137 0.734837651
vt 0.628584385 0.734837651
vt 0.628584385 0.678369403
vt 0.628584385 0.678369403
vt 0.572116137 0.734837651
vt 0.628584385 0.734837651
vt 0.572116137 0.678369403
vt 0.628584385 0.678369403
vt 0.572116137 0.734837651
vt 0.628584385 0.734837651
vt 0.572116137 0.678369403
vt 0.628584385 0.678369403
vt 0.572116137 0.734837651
vt 0.628584385 0.734837651
vt 0.572116137 0.678369403
vt 0.628584385 0.678369403
vt 0.572116137 0.678369403
vt 0.628584385 0.734837651
vt 0.572116137 0.734837651
vt 0.628584385 0.734837651
vt 0.572116137 0.678369403
vt 0.572116137 0.734837651
vt 0.628584385 0.678369403
vt 0.628584385 0.678369403
vt 0.572116137 0.678369403
vt 0.572116137 0.734837651
vt 0.628584385 0.734837651
vt 0.628584385 0.734837651
vt 0.572116137 0.678369403
vt 0.572116137 0.734837651
vt 0.628584385 0.678369403
vt 0.628584385 0.678369403
vt 0.572116137 0.734837651
vt 0.628584385 0.734837651
vt 0.572116137 0.678369403
vt 0.628584385 0.734837651
vt 0.628584385 0.678369403
vt 0.572116137 0.734837651
vt 0.572116137 0.678369403
vt 0.628584385 0.678369403
vt 0.572116137 0.734837651
vt 0.628584385 0.734837651
vt 0.572116137 0.678369403
vt 0.628584385 0.734837651
vt 0.572116137 0.678369403
vt 0.572116137 0.734837651
vt 0.628584385 0.678369403
vt 0.628584385 0.678369403
vt 0.572116137 0.678369403
vt 0.628584385 0.734837651
vt 0.572116137 0.734837651
vt 0.628584385 0.678369403
vt 0.572116137 0.734837651
vt 0.628584385 0.734837651
vt 0.572116137 0.678369403
vt 0.628584385 0.678369403
vt 0.572116137 0.734837651
vt 0.628584385 0.734837651
vt 0.572116137 0.678369403
vt 0.628584385 0.678369403
vt 0.572116137 0.734837651
vt 0.628584385 0.734837651
vt 0.572116137 0.678369403
vt 0.628584385 0.678369403
vt 0.572116137 0.734837651
vt 0.628584385 0.734837651
vt 0.572116137 0.678369403
vt 0.628584385 0.678369403
vt 0.572116137 0.734837651
vt 0.628584385 0.734837651
vt 0.572116137 0.678369403
vt 0.628584385 0.678369403
vt 0.572116137 0.734837651
vt 0.628584385 0.734837651
vt 0.572116137 0.678369403
vt 0.628584385 0.678369403
vt 0.572116137 0.734837651
vt 0.628584385 0.734837651
vt 0.572116137 0.678369403
vt 0.628584385 0.678369403
vt 0.572116137 0.734837651
vt 0.628584385 0.734837651
vt 0.572116137 0.678369403
vt 0.628584385 0.678369403
vt 0.572116137 0.678369403
vt 0.572116137 0.734837651
vt 0.628584385 0.734837651
vt 0.628584385 0.678369403
vt 0.572116137 0.734837651
vt 0.628584385 0.734837651
vt 0.572116137 0.678369403
vt 0.628584385 0.678369403
vt 0.572116137 0.734837651
vt 0.628584385 0.734837651
vt 0.572116137 0.678369403
vt 0.628584385 0.734837651
vt 0.628584385 0.678369403
vt 0.572116137 0.734837651
vt 0.572116137 0.678369403
vt 0.572116137 0.734837651
vt 0.628584385 0.678369403
vt 0.572116137 0.678369403
vt 0.628584385 0.734837651
vt 0.628584385 0.734837651
vt 0.572116137 0.678369403
vt 0.572116137 0.734837651
vt 0.628584385 0.678369403
vt 0.628584385 0.678369403
vt 0.572116137 0.734837651
vt 0.628584385 0.734837651
vt 0.572116137 0.678369403
vt 0.628584385 0.678369403
vt 0.572116137 0.734837651
vt 0.628584385 0.734837651
vt 0.572116137 0.678369403
vt 0.628584385 0.678369403
vt 0.572116137 0.734837651
vt 0.628584385 0.734837651
vt 0.572116137 0.678369403
vt 0.628584385 0.678369403
vt 0.572116137 0.734837651
vt 0.628584385 0.734837651
vt 0.572116137 0.678369403
vt 0.628584385 0.734837651
vt 0.572116137 0.678369403
vt 0.572116137 0.734837651
vt 0.628584385 0.678369403
vt 0.628584385 0.678369403
vt 0.572116137 0.678369403
vt 0.572116137 0.734837651
vt 0.628584385 0.734837651
vt 0.628584385 0.678369403
vt 0.572116137 0.734837651
vt 0.628584385 0.734837651
vt 0.572116137 0.678369403
vt 0.628584385 0.678369403
vt 0.572116137 0.734837651
vt 0.628584385 0.734837651
vt 0.572116137 0.678369403
vt 0.628584385 0.678369403
vt 0.572116137 0.734837651
vt 0.628584385 0.734837651
vt 0.572116137 0.678369403
vt 0.628584385 0.734837651
vt 0.572116137 0.678369403
vt 0.572116137 0.734837651
vt 0.628584385 0.678369403
vt 0.572116137 0.678369403
vt 0.572116137 0.678369403
vt 0.628584385 0.734837651
vt 0.628584385 0.734837651
vt 0.628584385 0.678369403
vt 0.572116137 0.734837651
vt 0.628584385 0.734837651
vt 0.572116137 0.678369403
vt 0.628584385 0.678369403
vt 0.572116137 0.734837651
vt 0.628584385 0.734837651
vt 0.572116137 0.678369403
vt 0.628584385 0.678369403
vt 0.572116137 0.734837651
vt 0.628584385 0.734837651
vt 0.572116137 0.678369403
vt 0.628584385 0.678369403
vt 0.572116137 0.734837651
vt 0.628584385 0.734837651
vt 0.572116137 0.678369403
vt 0.628584385 0.678369403
vt 0.572116137 0.734837651
vt 0.628584385 0.734837651
vt 0.572116137 0.678369403
vt 0.628584385 0.734837651
vt 0.572116137 0.678369403
vt 0.572116137 0.734837651
vt 0.628584385 0.678369403
vt 0.628584385 0.678369403
vt 0.572116137 0.734837651
vt 0.628584385 0.734837651
vt 0.572116137 0.678369403
vt 0.628584385 0.678369403
vt 0.572116137 0.734837651
vt 0.628584385 0.734837651
vt 0.572116137 0.678369403
vt 0.628584385 0.678369403
vt 0.572116137 0.678369403
vt 0.572116137 0.734837651
vt 0.628584385 0.734837651
vt 0.628584385 0.678369403
vt 0.572116137 0.734837651
vt 0.628584385 0.734837651
vt 0.572116137 0.678369403
vt 0.628584385 0.678369403
vt 0.572116137 0.734837651
vt 0.628584385 0.734837651
vt 0.572116137 0.678369403
vt 0.628584385 0.678369403
vt 0.572116137 0.734837651
vt 0.628584385 0.734837651
vt 0.572116137 0.678369403
vt 0.572116137 0.678369403
vt 0.572116137 0.678369403
vt 0.572116137 0.734837651
vt 0.572116137 0.678369403
vt 0.628584385 0.678369403
vt 0.572116137 0.734837651
vt 0.628584385 0.734837651
vt 0.572116137 0.678369403
vt 0.628584385 0.678369403
vt 0.572116137 0.734837651
vt 0.628584385 0.734837651
vt 0.572116137 0.678369403
vt 0.628584385 0.678369403
vt 0.572116137 0.734837651
vt 0.628584385 0.734837651
vt 0.572116137 0.678369403
vt 0.628584385 0.678369403
vt 0.572116137 0.734837651
vt 0.628584385 0.734837651
vt 0.572116137 0.678369403
vt 0.628584385 0.678369403
vt 0.572116137 0.734837651
vt 0.628584385 0.734837651
vt 0.572116137 0.678369403
vt 0.572116137 0.734837651
vt 0.628584385 0.678369403
vt 0.572116137 0.678369403
vt 0.628584385 0.734837651
vt 0.628584385 0.734837651
vt 0.628584385 0.678369403
vt 0.572116137 0.734837651
vt 0.572116137 0.678369403
vt 0.628584385 0.678369403
vt 0.572116137 0.734837651
vt 0.628584385 0.734837651
vt 0.572116137 0.678369403
vt 0.628584385 0.734837651
vt 0.628584385 0.678369403
vt 0.572116137 0.734837651
vt 0.572116137 0.678369403
vt 0.628584385 0.678369403
vt 0.572116137 0.734837651
vt 0.628584385 0.734837651
vt 0.572116137 0.678369403
vt 0.628584385 0.678369403
vt 0.572116137 0.734837651
vt 0.628584385 0.734837651
vt 0.572116137 0.678369403
vt 0.628584385 0.678369403
vt 0.572116137 0.734837651
vt 0.628584385 0.734837651
vt 0.572116137 0.678369403
vt 0.628584385 0.678369403
vt 0.572116137 0.734837651
vt 0.628584385 0.734837651
vt 0.572116137 0.678369403
vt 0.628584385 0.734837651
vt 0.572116137 0.678369403
vt 0.572116137 0.734837651
vt 0.628584385 0.678369403
vt 0.572116137 0.678369403
vt 0.572116137 0.734837651
vt 0.628584385 0.734837651
vt 0.628584385 0.678369403
vt 0.628584385 0.678369403
vt 0.572116137 0.734837651
vt 0.628584385 0.734837651
vt 0.572116137 0.678369403
vt 0.628584385 0.734837651
vt 0.572116137 0.678369403
vt 0.572116137 0.734837651
vt 0.628584385 0.678369403
vt 0.628584385 0.678369403
vt 0.572116137 0.734837651
vt 0.628584385 0.734837651
vt 0.572116137 0.678369403
vt 0.628584385 0.678369403
vt 0.572116137 0.734837651
vt 0.628584385 0.734837651
vt 0.572116137 0.678369403
vt 0.628584385 0.678369403
vt 0.572116137 0.734837651
vt 0.628584385 0.734837651
vt 0.572116137 0.678369403
vt 0.628584385 0.678369403
vt 0.572116137 0.734837651
vt 0.628584385 0.734837651
vt 0.572116137 0.678369403
vt 0.628584385 0.678369403
vt 0.572116137 0.734837651
vt 0.628584385 0.734837651
vt 0.572116137 0.678369403
vt 0.572116137 0.678369403
vt 0.572116137 0.678369403
vt 0.572116137 0.734837651
vt 0.572116137 0.678369403
vt 0.628584385 0.678369403
vt 0.572116137 0.734837651
vt 0.628584385 0.734837651
vt 0.572116137 0.678369403
vt 0.628584385 0.678369403
vt 0.572116137 0.734837651
vt 0.628584385 0.734837651
vt 0.572116137 0.678369403
vt 0.628584385 0.678369403
vt 0.572116137 0.734837651
vt 0.628584385 0.734837651
vt 0.572116137 0.678369403
vt 0.628584385 0.678369403
vt 0.572116137 0.678369403
vt 0.628584385 0.734837651
vt 0.572116137 0.734837651
vt 0.628584385 0.678369403
vt 0.572116137 0.734837651
vt 0.628584385 0.734837651
vt 0.572116137 0.678369403
vt 0.628584385 0.678369403
vt 0.572116137 0.678369403
vt 0.572116137 0.734837651
vt 0.628584385 0.734837651
vt 0.628584385 0.678369403
vt 0.572116137 0.734837651
vt 0.628584385 0.734837651
vt 0.572116137 0.678369403
vt 0.628584385 0.678369403
vt 0.572116137 0.734837651
vt 0.628584385 0.734837651
vt 0.572116137 0.678369403
vt 0.628584385 0.734837651
vt 0.572116137 0.678369403
vt 0.572116137 0.734837651
vt 0.628584385 0.678369403
vt 0.628584385 0.678369403
vt 0.572116137 0.734837651
vt 0.628584385 0.734837651
vt 0.572116137 0.678369403
vt 0.628584385 0.678369403
vt 0.572116137 0.734837651
vt 0.628584385 0.734837651
vt 0.572116137 0.678369403
vt 0.628584385 0.678369403
vt 0.572116137 0.734837651
vt 0.628584385 0.734837651
vt 0.572116137 0.678369403
vt 0.628584385 0.678369403
vt 0.572116137 0.734837651
vt 0.628584385 0.734837651
vt 0.572116137 0.678369403
vt 0.628584385 0.734837651
vt 0.628584385 0.678369403
vt 0.572116137 0.734837651
vt 0.572116137 0.678369403
vt 0.628584385 0.678369403
vt 0.572116137 0.734837651
vt 0.628584385 0.734837651
vt 0.572116137 0.678369403
vt 0.628584385 0.678369403
vt 0.572116137 0.734837651
vt 0.628584385 0.734837651
vt 0.572116137 0.678369403
vt 0.628584385 0.678369403
vt 0.572116137 0.734837651
vt 0.628584385 0.734837651
vt 0.572116137 0.678369403
vt 0.628584385 0.678369403
vt 0.572116137 0.734837651
vt 0.628584385 0.734837651
vt 0.572116137 0.678369403
vt 0.628584385 0.734837651
vt 0.572116137 0.678369403
vt 0.572116137 0.734837651
vt 0.628584385 0.678369403
vt 0.628584385 0.678369403
vt 0.628584385 0.678369403
vt 0.572116137 0.678369403
vt 0.628584385 0.678369403
vt 0.628584385 0.678369403
vt 0.572116137 0.678369403
vt 0.628584385 0.734837651
vt 0.572116137 0.734837651
vt 0.628584385 0.678369403
vt 0.572116137 0.734837651
vt 0.628584385 0.734837651
vt 0.572116137 0.678369403
vt 0.628584385 0.678369403
vt 0.572116137 0.734837651
vt 0.628584385 0.734837651
vt 0.572116137 0.678369403
vt 0.628584385 0.678369403
vt 0.572116137 0.734837651
vt 0.628584385 0.734837651
vt 0.572116137 0.678369403
vt 0.628584385 0.678369403
vt 0.572116137 0.734837651
vt 0.628584385 0.734837651
vt 0.572116137 0.678369403
vt 0.628584385 0.734837651
vt 0.572116137 0.678369403
vt 0.572116137 0.734837651
vt 0.628584385 0.678369403
vt 0.628584385 0.678369403
vt 0.572116137 0.678369403
vt 0.628584385 0.734837651
vt 0.572116137 0.734837651
vt 0.628584385 0.678369403
vt 0.572116137 0.734837651
vt 0.628584385 0.734837651
vt 0.572116137 0.678369403
vt 0.628584385 0.678369403
vt 0.572116137 0.734837651
vt 0.628584385 0.734837651
vt 0.572116137 0.678369403
vt 0.628584385 0.678369403
vt 0.572116137 0.734837651
vt 0.628584385 0.734837651
vt 0.572116137 0.678369403
vt 0.628584385 0.734837651
vt 0.572116137 0.678369403
vt 0.572116137 0.734837651
vt 0.628584385 0.678369403
vt 0.628584385 0.678369403
vt 0.572116137 0.734837651
vt 0.628584385 0.734837651
vt 0.572116137 0.678369403
vt 0.628584385 0.678369403
vt 0.572116137 0.734837651
vt 0.628584385 0.734837651
vt 0.572116137 0.678369403
vt 0.628584385 0.678369403
vt 0.572116137 0.734837651
vt 0.628584385 0.734837651
vt 0.572116137 0.678369403
vt 0.628584385 0.678369403
vt 0.628584385 0.678369403
vt 0.572116137 0.678369403
vt 0.628584385 0.678369403
vt 0.628584385 0.678369403
vt 0.572116137 0.734837651
vt 0.628584385 0.734837651
vt 0.572116137 0.678369403
vt 0.628584385 0.678369403
vt 0.572116137 0.734837651
vt 0.628584385 0.734837651
vt 0.572116137 0.678369403
vt 0.628584385 0.678369403
vt 0.572116137 0.734837651
vt 0.628584385 0.734837651
vt 0.572116137 0.678369403
vt 0.628584385 0.678369403
vt 0.572116137 0.734837651
vt 0.628584385 0.734837651
vt 0.572116137 0.678369403
vt 0.628584385 0.678369403
vt 0.572116137 0.734837651
vt 0.628584385 0.734837651
vt 0.572116137 0.678369403
vt 0.628584385 0.678369403
vt 0.628584385 0.678369403
vt 0.572116137 0.678369403
vt 0.628584385 0.734837651
vt 0.628584385 0.678369403
vt 0.572116137 0.734837651
vt 0.628584385 0.734837651
vt 0.572116137 0.678369403
vt 0.628584385 0.678369403
vt 0.572116137 0.734837651
vt 0.628584385 0.734837651
vt 0.572116137 0.678369403
vt 0.628584385 0.734837651
vt 0.572116137 0.678369403
vt 0.572116137 0.734837651
vt 0.628584385 0.678369403
vt 0.628584385 0.678369403
vt 0.572116137 0.734837651
vt 0.628584385 0.734837651
vt 0.572116137 0.678369403
vt 0.628584385 0.678369403
vt 0.572116137 0.734837651
vt 0.628584385 0.734837651
vt 0.572116137 0.678369403
vt 0.628584385 0.678369403
vt 0.572116137 0.734837651
vt 0.628584385 0.734837651
vt 0.572116137 0.678369403
vt 0.628584385 0.678369403
vt 0.572116137 0.734837651
vt 0.628584385 0.734837651
vt 0.572116137 0.678369403
vt 0.628584385 0.678369403
vt 0.572116137 0.734837651
vt 0.628584385 0.734837651
vt 0.572116137 0.678369403
vt 0.628584385 0.678369403
vt 0.572116137 0.734837651
vt 0.628584385 0.734837651
vt 0.572116137 0.678369403
vt 0.572116137 0.678369403
vt 0.572116137 0.734837651
vt 0.628584385 0.734837651
vt 0.628584385 0.678369403
vt 0.628584385 0.734837651
vt 0.572116137 0.678369403
vt 0.572116137 0.734837651
vt 0.628584385 0.678369403
vt 0.628584385 0.734837651
vt 0.572116137 0.678369403
vt 0.572116137 0.734837651
vt 0.628584385 0.678369403
vt 0.628584385 0.678369403
vt 0.572116137 0.734837651
vt 0.628584385 0.734837651
vt 0.572116137 0.678369403
vt 0.628584385 0.678369403
vt 0.572116137 0.734837651
vt 0.628584385 0.734837651
vt 0.572116137 0.678369403
vt 0.628584385 0.678369403
vt 0.572116137 0.734837651
vt 0.628584385 0.734837651
vt 0.572116137 0.678369403
vt 0.572116137 0.678369403
vt 0.572116137 0.734837651
vt 0.628584385 0.734837651
vt 0.628584385 0.678369403
vt 0.628584385 0.678369403
vt 0.572116137 0.734837651
vt 0.628584385 0.734837651
vt 0.572116137 0.678369403
vt 0.628584385 0.734837651
vt 0.572116137 0.678369403
vt 0.572116137 0.734837651
vt 0.628584385 0.678369403
vt 0.628584385 0.734837651
vt 0.628584385 0.678369403
vt 0.572116137 0.734837651
vt 0.572116137 0.678369403
vt 0.572116137 0.678369403
vt 0.572116137 0.734837651
vt 0.628584385 0.734837651
vt 0.628584385 0.678369403
vt 0.628584385 0.678369403
vt 0.572116137 0.734837651
vt 0.628584385 0.734837651
vt 0.572116137 0.678369403
vt 0.628584385 0.678369403
vt 0.572116137 0.734837651
vt 0.628584385 0.734837651
vt 0.572116137 0.678369403
vt 0.628584385 0.678369403
vt 0.572116137 0.678369403
vt 0.572116137 0.734837651
vt 0.628584385 0.734837651
vt 0.628584385 0.678369403
vt 0.572116137 0.734837651
vt 0.628584385 0.734837651
vt 0.572116137 0.678369403
vt 0.628584385 0.678369403
vt 0.572116137 0.734837651
vt 0.628584385 0.734837651
vt 0.572116137 0.678369403
vt 0.628584385 0.678369403
vt 0.572116137 0.734837651
vt 0.628584385 0.734837651
vt 0.572116137 0.678369403
vt 0.628584385 0.678369403
vt 0.572116137 0.678369403
vt 0.628584385 0.734837651
vt 0.572116137 0.734837651
vt 0.628584385 0.678369403
vt 0.572116137 0.734837651
vt 0.628584385 0.734837651
vt 0.572116137 0.678369403
vt 0.628584385 0.678369403
vt 0.572116137 0.678369403
vt 0.628584385 0.734837651
vt 0.572116137 0.734837651
vt 0.628584385 0.734837651
vt 0.572116137 0.678369403
vt 0.572116137 0.734837651
vt 0.628584385 0.678369403
vt 0.628584385 0.678369403
vt 0.572116137 0.734837651
vt 0.628584385 0.734837651
vt 0.572116137 0.678369403
vt 0.628584385 0.678369403
vt 0.572116137 0.734837651
vt 0.628584385 0.734837651
vt 0.572116137 0.678369403
vt 0.628584385 0.678369403
vt 0.572116137 0.734837651
vt 0.628584385 0.734837651
vt 0.572116137 0.678369403
vt 0.628584385 0.678369403
vt 0.572116137 0.734837651
vt 0.628584385 0.734837651
vt 0.572116137 0.678369403
vt 0.628584385 0.678369403
vt 0.572116137 0.734837651
vt 0.628584385 0.734837651
vt 0.572116137 0.678369403
vt 0.628584385 0.678369403
vt 0.628584385 0.678369403
vt 0.572116137 0.678369403
vt 0.628584385 0.678369403
vt 0.628584385 0.678369403
vt 0.572116137 0.734837651
vt 0.628584385 0.734837651
vt 0.572116137 0.678369403
vt 0.628584385 0.678369403
vt 0.572116137 0.734837651
vt 0.628584385 0.734837651
vt 0.572116137 0.678369403
vt 0.628584385 0.678369403
vt 0.572116137 0.678369403
vt 0.628584385 0.734837651
vt 0.572116137 0.734837651
vt 0.628584385 0.678369403
vt 0.572116137 0.734837651
vt 0.628584385 0.734837651
vt 0.572116137 0.678369403
vt 0.628584385 0.678369403
vt 0.572116137 0.734837651
vt 0.628584385 0.734837651
vt 0.572116137 0.678369403
vt 0.628584385 0.678369403
vt 0.572116137 0.734837651
vt 0.628584385 0.734837651
vt 0.572116137 0.678369403
vt 0.628584385 0.678369403
vt 0.572116137 0.734837651
vt 0.628584385 0.734837651
vt 0.572116137 0.678369403
vt 0.628584385 0.678369403
vt 0.572116137 0.734837651
vt 0.628584385 0.734837651
vt 0.572116137 0.678369403
vt 0.628584385 0.678369403
vt 0.572116137 0.734837651
vt 0.628584385 0.734837651
vt 0.572116137 0.678369403
vt 0.572116137 0.678369403
vt 0.628584385 0.734837651
vt 0.628584385 0.678369403
vt 0.572116137 0.734837651
vt 0.628584385 0.734837651
vt 0.572116137 0.678369403
vt 0.572116137 0.734837651
vt 0.628584385 0.678369403
vt 0.628584385 0.678369403
vt 0.572116137 0.734837651
vt 0.628584385 0.734837651
vt 0.572116137 0.678369403
vt 0.628584385 0.678369403
vt 0.572116137 0.734837651
vt 0.628584385 0.734837651
vt 0.572116137 0.678369403
vt 0.572116137 0.678369403
vt 0.572116137 0.678369403
vt 0.572116137 0.734837651
vt 0.572116137 0.678369403
vt 0.628584385 0.678369403
vt 0.572116137 0.734837651
vt 0.628584385 0.734837651
vt 0.572116137 0.678369403
vt 0.628584385 0.678369403
vt 0.572116137 0.734837651
vt 0.628584385 0.734837651
vt 0.572116137 0.678369403
vt 0.628584385 0.678369403
vt 0.572116137 0.734837651
vt 0.628584385 0.734837651
vt 0.572116137 0.678369403
vt 0.628584385 0.678369403
vt 0.572116137 0.734837651
vt 0.628584385 0.734837651
vt 0.572116137 0.678369403
vt 0.628584385 0.678369403
vt 0.572116137 0.678369403
vt 0.628584385 0.734837651
vt 0.572116137 0.734837651
vt 0.572116137 0.678369403
vt 0.628584385 0.678369403
vt 0.628584385 0.678369403
vt 0.628584385 0.678369403
vt 0.628584385 0.734837651
vt 0.628584385 0.734837651
vt 0.628584385 0.678369403
vt 0.572116137 0.734837651
vt 0.628584385 0.734837651
vt 0.572116137 0.678369403
vt 0.628584385 0.678369403
vt 0.572116137 0.734837651
vt 0.628584385 0.734837651
vt 0.572116137 0.678369403
vt 0.628584385 0.678369403
vt 0.572116137 0.734837651
vt 0.628584385 0.734837651
vt 0.572116137 0.678369403
vt 0.628584385 0.734837651
vt 0.572116137 0.678369403
vt 0.572116137 0.734837651
vt 0.628584385 0.678369403
vt 0.628584385 0.678369403
vt 0.572116137 0.734837651
vt 0.628584385 0.734837651
vt 0.572116137 0.678369403
vt 0.628584385 0.678369403
vt 0.572116137 0.734837651
vt 0.628584385 0.734837651
vt 0.572116137 0.678369403
vt 0.874381542 0.754045844
vt 0.874381542 0.753864408
vt 0.874381542 0.754045844
vt 0.874381542 0.753320098
vt 0.874381542 0.753682971
vt 0.874381542 0.753320098
vt 0.874381542 0.753682971
vt 0.874381542 0.753320098
vt 0.839157701 0.718860745
vt 0.874381542 0.753864408
vt 0.839157701 0.718860745
vt 0.839157701 0.718860745
vt 0.839157701 0.718860745
vt 0.839157701 0.718860745
vt 0.548436999 0.780841827
vt 0.548436999 0.780841827
vt 0.548436999 0.780841827
vt 0.548436999 0.780841827
vt 0.548436999 0.780841827
vt 0.124381959 0.780415475
vt 0.139864981 0.780415475
vt 0.124381959 0.773520708
vt 0.139864981 0.769166112
vt 0.124381959 0.770980537
vt 0.124381959 0.769166112
vt 0.139864981 0.768984675
vt 0.124381959 0.768984675
vt 0.139864981 0.757191002
vt 0.124381959 0.757191002
vt 0.161599338 0.276366025
vt 0.164502382 0.276366025
vt 0.161599338 0.276003093
vt 0.165394425 0.276366025
vt 0.165470064 0.276003093
vt 0.165394425 0.276366025
vt 0.0946345925 0.311324
vt 0.165470064 0.276003093
vt 0.165394425 0.281083494
vt 0.876316905 0.753320098
vt 0.874381542 0.753320098
vt 0.876316905 0.753320098
vt 0.874381542 0.753320098
vt 0.878252268 0.754045844
vt 0.878252268 0.754045844
vt 0.878252268 0.748239696
vt 0.878252268 0.748239696
vt 0.878252268 0.754045844
vt 0.839157701 0.718860745
vt 0.839157701 0.718860745
vt 0.839157701 0.718860745
vt 0.878221989 0.748239696
vt 0.839157701 0.718860745
vt 0.878221989 0.748239696
vt 0.839157701 0.718860745
vt 0.878221989 0.748239696
vt 0.839157701 0.718860745
vt 0.839157701 0.718860745
vt 0.878252268 0.748239696
vt 0.839157701 0.718860745
vt 0.878252268 0.748239696
vt 0.876316905 0.748239696
vt 0.874381542 0.748239696
vt 0.874381542 0.748239696
vt 0.876316905 0.748239696
vt 0.839157701 0.718860745
vt 0.839157701 0.718860745
vt 0.877768397 0.748239696
vt 0.839157701 0.718860745
vt 0.877768397 0.748239696
vt 0.839157701 0.718860745
vt 0.877768397 0.748239696
vt 0.839157701 0.718860745
vt 0.87813127 0.748239696
vt 0.87813127 0.748239696
vt 0.839157701 0.718860745
vt 0.878221989 0.748239696
vt 0.87813127 0.748239696
vt 0.839157701 0.718860745
vt 0.839157701 0.718860745
vt 0.874381542 0.748239696
vt 0.877768397 0.748239696
vt 0.839157701 0.718860745
vt 0.876316905 0.748239696
vt 0.874381542 0.751868546
vt 0.874381542 0.752594292
vt 0.874381542 0.751868546
vt 0.874381542 0.752594292
vt 0.87817663 0.748602629
vt 0.877768397 0.748602629
vt 0.87817663 0.748602629
vt 0.877768397 0.748602629
vt 0.839157701 0.718860745
vt 0.839157701 0.718860745
vt 0.839157701 0.718860745
vt 0.877768397 0.748602629
vt 0.126375496 0.246624142
vt 0.164986193 0.276366025
vt 0.161599338 0.276003093
vt 0.126375496 0.246624142
vt 0.161599338 0.276003093
vt 0.165394425 0.276366025
vt 0.165470064 0.276003093
vt 0.165394425 0.276366025
vt 0.165470064 0.281809241
vt 0.165394425 0.281083494
vt 0.161599338 0.281809241
vt 0.161599338 0.281083494
vt 0.164986193 0.276728898
vt 0.164986193 0.276366025
vt 0.164986193 0.278906196
vt 0.164986193 0.276366025
vt 0.346260697 0.223012298
vt 0.346260697 0.223012298
vt 0.346260697 0.223012298
vt 0.346260697 0.223012298
vt 0.346260697 0.223012298
vt 0.346260697 0.223012298
vt 0.346260697 0.223012298
vt 0.346260697 0.223012298
vt 0.877768397 0.748965502
vt 0.877768397 0.748965502
vt 0.877768397 0.748965502
vt 0.877768397 0.748965502
vt 0.877768397 0.748965502
vt 0.877768397 0.748965502
vt 0.878010333 0.748965502
vt 0.878010333 0.748965502
vt 0.87816155 0.748965502
vt 0.87816155 0.748965502
vt 0.87816155 0.748965502
vt 0.839157701 0.718860745
vt 0.839157701 0.718860745
vt 0.877768397 0.748965502
vt 0.878010333 0.748965502
vt 0.877768397 0.748965502
vt 0.877768397 0.748965502
vt 0.839157701 0.718860745
vt 0.839157701 0.718860745
vt 0.877768397 0.748965502
vt 0.878010333 0.748965502
vt 0.87813127 0.748965502
vt 0.839157701 0.718860745
vt 0.87816155 0.748965502
vt 0.87816155 0.748965502
vt 0.877768397 0.748965502
vt 0.878010333 0.748965502
vt 0.839157701 0.718860745
vt 0.839157701 0.718860745
vt 0.839157701 0.718860745
vt 0.839157701 0.718860745
vt 0.622030139 0.774984419
vt 0.618159294 0.774984419
vt 0.622030139 0.774984419
vt 0.618159294 0.774984419
vt 0.622030139 0.774984419
vt 0.586806297 0.745424032
vt 0.618159294 0.775891662
vt 0.586806297 0.745424032
vt 0.618159294 0.775891662
vt 0.618159294 0.775891662
vt 0.586806297 0.745424032
vt 0.586806297 0.745424032
vt 0.618159294 0.775891662
vt 0.839157701 0.718860745
vt 0.877768397 0.748602629
vt 0.839157701 0.718860745
vt 0.877768397 0.748602629
vt 0.877768397 0.748602629
vt 0.877768397 0.748602629
vt 0.124381959 0.756958783
vt 0.139864981 0.756958783
vt 0.124381959 0.73373431
vt 0.139864922 0.73373431
vt 0.124381959 0.73373431
vt 0.139864922 0.73373431
vt 0.124381959 0.73373431
vt 0.139864922 0.73373431
vt 0.124381959 0.73373431
vt 0.139864922 0.73373431
vt 0.124381959 0.73373431
vt 0.139864922 0.73373431
vt 0.124381959 0.73373431
vt 0.139864922 0.73373431
vt 0.124381959 0.73373431
vt 0.586806297 0.745424032
vt 0.586806297 0.745424032
vt 0.618159294 0.774893701
vt 0.618159294 0.774893701
vt 0.586806297 0.745424032
vt 0.618159294 0.774893701
vt 0.586806297 0.745424032
vt 0.586806297 0.745424032
vt 0.618159294 0.780246258
vt 0.618159294 0.780246258
vt 0.586806297 0.745424032
vt 0.618159294 0.780246258
vt 0.586806297 0.745424032
vt 0.618159294 0.780246258
vt 0.618159294 0.778431833
vt 0.586806297 0.745424032
vt 0.618159294 0.778431833
vt 0.586806297 0.745424032
vt 0.618159294 0.778431833
vt 0.586806297 0.745424032
vt 0.618159294 0.778431833
vt 0.586806297 0.745424032
vt 0.839157701 0.718860745
vt 0.878252268 0.754045844
vt 0.878237128 0.754045844
vt 0.878191769 0.754045844
vt 0.839157701 0.718860745
vt 0.878010333 0.754045844
vt 0.839157701 0.718860745
vt 0.874381542 0.754045844
vt 0.877284586 0.754045844
vt 0.839157701 0.718860745
vt 0.878252268 0.754045844
vt 0.878252268 0.754045844
vt 0.878237128 0.754045844
vt 0.878252268 0.754045844
vt 0.878237128 0.754045844
vt 0.878252268 0.754045844
vt 0.878010333 0.754045844
vt 0.874381542 0.754045844
vt 0.839157701 0.718860745
vt 0.874381542 0.754045844
vt 0.87813127 0.765658081
vt 0.878010333 0.754045844
vt 0.87813127 0.765658081
vt 0.876316905 0.765658081
vt 0.874381542 0.754045844
vt 0.876316905 0.765658081
vt 0.874381542 0.754045844
vt 0.874381542 0.748239696
vt 0.870510757 0.748330414
vt 0.874381542 0.748239696
vt 0.870510757 0.748330414
vt 0.874381542 0.748239696
vt 0.870510757 0.748330414
vt 0.874381542 0.748239696
vt 0.874381542 0.748239696
vt 0.839157701 0.718860745
vt 0.839157701 0.718860745
vt 0.874381542 0.748421133
vt 0.874381542 0.748421133
vt 0.839157701 0.718860745
vt 0.878252268 0.754045844
vt 0.878252268 0.754045844
vt 0.878252268 0.748239696
vt 0.878252268 0.748239696
vt 0.878252268 0.754045844
vt 0.878252268 0.748239696
vt 0.878252268 0.754045844
vt 0.878252268 0.748239696
vt 0.116470516 0.73373431
vt 0.124227107 0.756958783
vt 0.124227107 0.73373431
vt 0.116455376 0.73373431
vt 0.116425216 0.73373425
vt 0.116364658 0.73373431
vt 0.108744204 0.756958783
vt 0.11624372 0.73373431
vt 0.116001785 0.73373431
vt 0.115517974 0.73373431
vt 0.114550292 0.73373431
vt 0.108744204 0.73373431
vt 0.874381542 0.753320098
vt 0.874381542 0.753320098
vt 0.87817663 0.753320098
vt 0.87817663 0.753320098
vt 0.874381542 0.753320098
vt 0.874381542 0.753320098
vt 0.161599338 0.281809241
vt 0.126375496 0.246624142
vt 0.161599338 0.281083494
vt 0.126375496 0.246624142
vt 0.164502382 0.280357689
vt 0.126375496 0.246624142
vt 0.163534701 0.281083494
vt 0.126375496 0.246624142
vt 0.126375496 0.246624142
vt 0.126375496 0.246624142
vt 0.126375496 0.246624142
vt 0.126375496 0.246624142
vt 0.165394425 0.276366025
vt 0.126375496 0.246624142
vt 0.126375496 0.246624142
vt 0.161599338 0.276003093
vt 0.877768397 0.749691248
vt 0.839157701 0.718860745
vt 0.877768397 0.749691248
vt 0.839157701 0.718860745
vt 0.877768397 0.749691248
vt 0.839157701 0.718860745
vt 0.839157701 0.718860745
vt 0.878010333 0.749691248
vt 0.878010333 0.749691248
vt 0.878010333 0.749691248
vt 0.613369584 0.715909243
vt 0.613369584 0.715909243
vt 0.613369584 0.715909243
vt 0.613369584 0.715909243
vt 0.613369584 0.715909243
vt 0.874381542 0.751868546
vt 0.877768397 0.752594292
vt 0.874381542 0.751868546
vt 0.874381542 0.751868546
vt 0.874381542 0.751868546
vt 0.877284586 0.752594292
vt 0.878010333 0.752594292
vt 0.877768397 0.752594292
vt 0.878010333 0.752594292
vt 0.877768397 0.752594292
vt 0.878010333 0.752594292
vt 0.87813127 0.752594292
vt 0.87813127 0.752594292
vt 0.877768397 0.752594292
vt 0.876316905 0.753320098
vt 0.876316905 0.753320098
vt 0.877284586 0.752594292
vt 0.877768397 0.7511428
vt 0.878010333 0.7511428
vt 0.878010333 0.7511428
vt 0.877768397 0.7511428
vt 0.878010333 0.7511428
vt 0.877768397 0.7511428
vt 0.877768397 0.7511428
vt 0.878010333 0.7511428
vt 0.877768397 0.7511428
vt 0.877768397 0.7511428
vt 0.878010333 0.7511428
vt 0.839157701 0.718860745
vt 0.874381542 0.754045844
vt 0.874381542 0.753320098
vt 0.874381542 0.753864408
vt 0.839157701 0.718860745
vt 0.874381542 0.748239696
vt 0.874381542 0.748239696
vt 0.839157701 0.718860745
vt 0.839157701 0.718860745
vt 0.839157701 0.718860745
vt 0.874381542 0.748330414
vt 0.839157701 0.718860745
vt 0.874381542 0.748421133
vt 0.874381542 0.748421133
vt 0.839157701 0.718860745
vt 0.874381542 0.751868546
vt 0.870510757 0.749328375
vt 0.874381542 0.751868546
vt 0.870510757 0.749328375
vt 0.839157701 0.718860745
vt 0.839157701 0.718860745
vt 0.839157701 0.718860745
vt 0.874381542 0.748965502
vt 0.839157701 0.718860745
vt 0.874381542 0.748965502
vt 0.874381542 0.748965502
vt 0.839157701 0.718860745
vt 0.874381542 0.753320098
vt 0.876316905 0.753320098
vt 0.874381542 0.753320098
vt 0.876316905 0.753320098
vt 0.839157701 0.718860745
vt 0.839157701 0.718860745
vt 0.839157701 0.718860745
vt 0.839157701 0.718860745
vt 0.87817663 0.753320098
vt 0.385340124 0.24658516
vt 0.385279626 0.253117055
vt 0.377613753 0.252481967
vt 0.385355264 0.25801596
vt 0.385264546 0.257471651
vt 0.383419901 0.269809633
vt 0.377613753 0.257834524
vt 0.878191769 0.754045844
vt 0.839157701 0.718860745
vt 0.839157701 0.718860745
vt 0.878191769 0.754045844
vt 0.839157701 0.718860745
vt 0.878237128 0.754045844
vt 0.839157701 0.718860745
vt 0.839157701 0.718860745
vt 0.878010333 0.754045844
vt 0.839157701 0.718860745
vt 0.878010333 0.754045844
vt 0.839157701 0.718860745
vt 0.839157701 0.718860745
vt 0.878252268 0.754045844
vt 0.839157701 0.718860745
vt 0.877284586 0.754045844
vt 0.877284586 0.754045844
vt 0.839157701 0.718860745
vt 0.874381542 0.754045844
vt 0.839157701 0.718860745
vt 0.874381542 0.754045844
vt 0.874381542 0.754045844
vt 0.839157701 0.718860745
vt 0.878237128 0.754045844
vt 0.878252268 0.754045844
vt 0.147277415 0.757191002
vt 0.155502737 0.756958783
vt 0.155502737 0.746072292
vt 0.155502737 0.745527983
vt 0.108666718 0.73361814
vt 0.124381959 0.768984675
vt 0.124381959 0.769166112
vt 0.124381959 0.757191002
vt 0.124381959 0.768984675
vt 0.124381959 0.757191002
vt 0.124381959 0.768984675
vt 0.124381959 0.757191002
vt 0.124381959 0.768984675
vt 0.124381959 0.757191002
vt 0.124381959 0.768984675
vt 0.124381959 0.757191002
vt 0.124381959 0.768984675
vt 0.124381959 0.757191002
vt 0.124381959 0.768984675
vt 0.124381959 0.757191002
vt 0.108666718 0.73361814
vt 0.108666718 0.73361814
vt 0.108666718 0.73361814
vt 0.124381959 0.770980537
vt 0.124381959 0.769166112
vt 0.124381959 0.769166112
vt 0.124381959 0.770980537
vt 0.124381959 0.770980537
vt 0.124381959 0.769166112
vt 0.124381959 0.770980537
vt 0.108666718 0.73361814
vt 0.108666718 0.73361814
vt 0.124381959 0.774427891
vt 0.878191769 0.754045844
vt 0.878252268 0.754045844
vt 0.839157701 0.718860745
vt 0.839157701 0.718860745
vt 0.878237128 0.754045844
vt 0.548436999 0.780841827
vt 0.587047696 0.80441469
vt 0.548436999 0.780841827
vt 0.587047696 0.80441469
vt 0.548436999 0.780841827
vt 0.625900865 0.243439972
vt 0.625900865 0.243439972
vt 0.625900865 0.243258536
vt 0.625900865 0.243077099
vt 0.625900865 0.242714226
vt 0.625900865 0.24198842
vt 0.625900865 0.241262674
vt 0.625900865 0.240536928
vt 0.625900865 0.237633824
vt 0.625900865 0.239085376
vt 0.625900865 0.238722503
vt 0.625900865 0.23835963
vt 0.625900865 0.237996757
vt 0.625900865 0.237815261
vt 0.625900865 0.237724543
vt 0.625900865 0.237633824
vt 0.586806297 0.208254874
vt 0.625840306 0.237633824
vt 0.625870585 0.237633824
vt 0.625900865 0.237633824
vt 0.625779867 0.237633824
vt 0.586806297 0.208254874
vt 0.622030139 0.237633824
vt 0.625416994 0.237633824
vt 0.586806297 0.208254874
vt 0.623965502 0.237633824
vt 0.586806297 0.208254874
vt 0.622030139 0.243439972
vt 0.624933124 0.243439972
vt 0.586806297 0.208254874
vt 0.62565887 0.243439972
vt 0.586806297 0.208254874
vt 0.625900865 0.243439972
vt 0.625840306 0.243439972
vt 0.586806297 0.208254874
vt 0.625885725 0.243439972
vt 0.346260697 0.223012298
vt 0.381484538 0.258197397
vt 0.346260697 0.223012298
vt 0.346260697 0.223012298
vt 0.346260697 0.223012298
vt 0.385264546 0.257471651
vt 0.346260697 0.223012298
vt 0.385173976 0.745191336
vt 0.349950135 0.710006237
vt 0.349950135 0.710006237
vt 0.385173976 0.74446559
vt 0.385173976 0.74446559
vt 0.388077021 0.745191336
vt 0.385173976 0.743739784
vt 0.385173976 0.743014038
vt 0.385173976 0.743014038
vt 0.349950135 0.710006237
vt 0.349950135 0.710006237
vt 0.389044702 0.743014038
vt 0.349950135 0.710006237
vt 0.389044702 0.739566624
vt 0.389044702 0.739385188
vt 0.389044702 0.73974812
vt 0.389044702 0.740110993
vt 0.389014423 0.739385188
vt 0.572116137 0.678369403
vt 0.572116137 0.734837651
vt 0.628584385 0.678369403
vt 0.628584385 0.734837651
vt 0.572116137 0.678369403
vt 0.628584385 0.734837651
vt 0.628584385 0.678369403
vt 0.572116137 0.734837651
vt 0.572116137 0.734837651
vt 0.628584385 0.678369403
vt 0.572116137 0.734837651
vt 0.572116137 0.734837651
vt 0.628584385 0.678369403
vt 0.628584385 0.734837651
vt 0.628584385 0.734837651
vt 0.572116137 0.678369403
vt 0.628584385 0.678369403
vt 0.628584385 0.678369403
vt 0.628584385 0.678369403
vt 0.628584385 0.734837651
vt 0.572116137 0.678369403
vt 0.628584385 0.678369403
vt 0.572116137 0.678369403
vt 0.572116137 0.734837651
vt 0.628584385 0.678369403
vt 0.628584385 0.734837651
vt 0.572116137 0.678369403
vt 0.628584385 0.734837651
vt 0.628584385 0.678369403
vt 0.572116137 0.734837651
vt 0.628584385 0.678369403
vt 0.628584385 0.734837651
vt 0.628584385 0.734837651
vt 0.572116137 0.734837651
vt 0.628584385 0.678369403
vt 0.572116137 0.734837651
vt 0.628584385 0.734837651
vt 0.572116137 0.678369403
vt 0.628584385 0.734837651
vt 0.572116137 0.734837651
vt 0.628584385 0.734837651
vt 0.572116137 0.734837651
vt 0.628584385 0.678369403
vt 0.572116137 0.734837651
vt 0.628584385 0.734837651
vt 0.572116137 0.678369403
vt 0.628584385 0.734837651
vt 0.572116137 0.734837651
vt 0.628584385 0.734837651
vt 0.572116137 0.734837651
vt 0.628584385 0.678369403
vt 0.628584385 0.678369403
vt 0.628584385 0.734837651
vt 0.572116137 0.678369403
vt 0.572116137 0.734837651
vt 0.572116137 0.734837651
vt 0.628584385 0.678369403
vt 0.628584385 0.734837651
vt 0.628584385 0.678369403
vt 0.628584385 0.734837651
vt 0.628584385 0.678369403
vt 0.572116137 0.678369403
vt 0.572116137 0.734837651
vt 0.572116137 0.678369403
vt 0.572116137 0.678369403
vt 0.628584385 0.678369403
vt 0.628584385 0.734837651
vt 0.628584385 0.734837651
vt 0.572116137 0.734837651
vt 0.572116137 0.734837651
vt 0.572116137 0.734837651
vt 0.572116137 0.678369403
vt 0.628584385 0.734837651
vt 0.572116137 0.734837651
vt 0.628584385 0.678369403
vt 0.572116137 0.734837651
vt 0.628584385 0.734837651
vt 0.572116137 0.678369403
vt 0.572116137 0.678369403
vt 0.628584385 0.734837651
vt 0.628584385 0.678369403
vt 0.572116137 0.734837651
vt 0.628584385 0.678369403
vt 0.628584385 0.678369403
vt 0.628584385 0.734837651
vt 0.572116137 0.678369403
vt 0.628584385 0.678369403
vt 0.572116137 0.734837651
vt 0.628584385 0.734837651
vt 0.572116137 0.678369403
vt 0.628584385 0.678369403
vt 0.572116137 0.734837651
vt 0.572116137 0.678369403
vt 0.572116137 0.678369403
vt 0.572116137 0.678369403
vt 0.628584385 0.734837651
vt 0.628584385 0.678369403
vt 0.628584385 0.734837651
vt 0.628584385 0.678369403
vt 0.572116137 0.678369403
vt 0.572116137 0.734837651
vt 0.572116137 0.678369403
vt 0.572116137 0.678369403
vt 0.572116137 0.678369403
vt 0.628584385 0.678369403
vt 0.628584385 0.678369403
vt 0.628584385 0.734837651
vt 0.572116137 0.734837651
vt 0.572116137 0.678369403
vt 0.572116137 0.678369403
vt 0.628584385 0.734837651
vt 0.628584385 0.678369403
vt 0.572116137 0.734837651
vt 0.572116137 0.734837651
vt 0.628584385 0.678369403
vt 0.572116137 0.678369403
vt 0.628584385 0.678369403
vt 0.628584385 0.678369403
vt 0.628584385 0.734837651
vt 0.628584385 0.678369403
vt 0.628584385 0.734837651
vt 0.628584385 0.734837651
vt 0.572116137 0.734837651
vt 0.572116137 0.734837651
vt 0.628584385 0.678369403
vt 0.572116137 0.678369403
vt 0.628584385 0.734837651
vt 0.628584385 0.678369403
vt 0.572116137 0.734837651
vt 0.628584385 0.734837651
vt 0.572116137 0.678369403
vt 0.628584385 0.678369403
vt 0.628584385 0.734837651
vt 0.628584385 0.734837651
vt 0.628584385 0.678369403
vt 0.628584385 0.678369403
vt 0.628584385 0.678369403
vt 0.628584385 0.734837651
vt 0.572116137 0.678369403
vt 0.628584385 0.678369403
vt 0.572116137 0.734837651
vt 0.572116137 0.734837651
vt 0.572116137 0.678369403
vt 0.628584385 0.734837651
vt 0.572116137 0.734837651
vt 0.572116137 0.734837651
vt 0.572116137 0.734837651
vt 0.572116137 0.678369403
vt 0.628584385 0.734837651
vt 0.572116137 0.734837651
vt 0.628584385 0.734837651
vt 0.572116137 0.734837651
vt 0.628584385 0.734837651
vt 0.572116137 0.734837651
vt 0.628584385 0.678369403
vt 0.572116137 0.734837651
vt 0.628584385 0.734837651
vt 0.572116137 0.678369403
vt 0.572116137 0.734837651
vt 0.628584385 0.734837651
vt 0.572116137 0.734837651
vt 0.628584385 0.734837651
vt 0.628584385 0.678369403
vt 0.628584385 0.678369403
vt 0.572116137 0.678369403
vt 0.628584385 0.678369403
vt 0.572116137 0.678369403
vt 0.572116137 0.678369403
vt 0.628584385 0.678369403
vt 0.572116137 0.734837651
vt 0.628584385 0.734837651
vt 0.628584385 0.734837651
vt 0.572116137 0.678369403
vt 0.572116137 0.678369403
vt 0.628584385 0.734837651
vt 0.628584385 0.678369403
vt 0.572116137 0.734837651
vt 0.572116137 0.734837651
vt 0.628584385 0.678369403
vt 0.572116137 0.734837651
vt 0.572116137 0.734837651
vt 0.628584385 0.678369403
vt 0.572116137 0.678369403
vt 0.572116137 0.678369403
vt 0.628584385 0.678369403
vt 0.572116137 0.734837651
vt 0.628584385 0.734837651
vt 0.628584385 0.734837651
vt 0.572116137 0.678369403
vt 0.628584385 0.678369403
vt 0.572116137 0.734837651
vt 0.628584385 0.734837651
vt 0.572116137 0.678369403
vt 0.572116137 0.678369403
vt 0.572116137 0.678369403
vt 0.628584385 0.678369403
vt 0.572116137 0.734837651
vt 0.628584385 0.734837651
vt 0.628584385 0.734837651
vt 0.572116137 0.678369403
vt 0.572116137 0.734837651
vt 0.572116137 0.678369403
vt 0.572116137 0.678369403
vt 0.572116137 0.678369403
vt 0.572116137 0.678369403
vt 0.572116137 0.678369403
vt 0.628584385 0.678369403
vt 0.572116137 0.734837651
vt 0.628584385 0.734837651
vt 0.628584385 0.734837651
vt 0.572116137 0.678369403
vt 0.572116137 0.678369403
vt 0.628584385 0.734837651
vt 0.628584385 0.678369403
vt 0.572116137 0.734837651
vt 0.572116137 0.678369403
vt 0.572116137 0.734837651
vt 0.628584385 0.678369403
vt 0.628584385 0.734837651
vt 0.572116137 0.678369403
vt 0.572116137 0.734837651
vt 0.572116137 0.678369403
vt 0.572116137 0.678369403
vt 0.572116137 0.734837651
vt 0.572116137 0.678369403
vt 0.572116137 0.678369403
vt 0.628584385 0.734837651
vt 0.628584385 0.678369403
vt 0.628584385 0.734837651
vt 0.628584385 0.678369403
vt 0.572116137 0.734837651
vt 0.628584385 0.678369403
vt 0.628584385 0.678369403
vt 0.572116137 0.734837651
vt 0.572116137 0.734837651
vt 0.628584385 0.678369403
vt 0.572116137 0.734837651
vt 0.628584385 0.734837651
vt 0.572116137 0.678369403
vt 0.628584385 0.734837651
vt 0.572116137 0.734837651
vt 0.628584385 0.734837651
vt 0.572116137 0.734837651
vt 0.628584385 0.734837651
vt 0.572116137 0.734837651
vt 0.628584385 0.734837651
vt 0.572116137 0.734837651
vt 0.628584385 0.734837651
vt 0.628584385 0.734837651
vt 0.572116137 0.734837651
vt 0.628584385 0.678369403
vt 0.628584385 0.678369403
vt 0.572116137 0.734837651
vt 0.628584385 0.734837651
vt 0.572116137 0.678369403
vt 0.628584385 0.734837651
vt 0.572116137 0.734837651
vt 0.628584385 0.734837651
vt 0.572116137 0.734837651
vt 0.572116137 0.734837651
vt 0.628584385 0.734837651
vt 0.572116137 0.734837651
vt 0.628584385 0.734837651
vt 0.628584385 0.678369403
vt 0.628584385 0.678369403
vt 0.572116137 0.734837651
vt 0.628584385 0.734837651
vt 0.572116137 0.678369403
vt 0.628584385 0.734837651
vt 0.572116137 0.734837651
vt 0.628584385 0.734837651
vt 0.572116137 0.734837651
vt 0.628584385 0.734837651
vt 0.628584385 0.734837651
vt 0.572116137 0.678369403
vt 0.628584385 0.678369403
vt 0.628584385 0.734837651
vt 0.628584385 0.734837651
vt 0.572116137 0.734837651
vt 0.628584385 0.678369403
vt 0.572116137 0.678369403
vt 0.572116137 0.734837651
vt 0.628584385 0.678369403
vt 0.628584385 0.734837651
vt 0.628584385 0.734837651
vt 0.628584385 0.734837651
vt 0.572116137 0.678369403
vt 0.628584385 0.678369403
vt 0.572116137 0.734837651
vt 0.572116137 0.678369403
vt 0.572116137 0.678369403
vt 0.572116137 0.678369403
vt 0.628584385 0.678369403
vt 0.572116137 0.734837651
vt 0.628584385 0.734837651
vt 0.572116137 0.678369403
vt 0.628584385 0.678369403
vt 0.628584385 0.678369403
vt 0.628584385 0.734837651
vt 0.572116137 0.678369403
vt 0.628584385 0.678369403
vt 0.628584385 0.734837651
vt 0.628584385 0.678369403
vt 0.572116137 0.734837651
vt 0.572116137 0.678369403
vt 0.628584385 0.678369403
vt 0.628584385 0.734837651
vt 0.628584385 0.734837651
vt 0.628584385 0.678369403
vt 0.628584385 0.678369403
vt 0.572116137 0.678369403
vt 0.628584385 0.678369403
vt 0.572116137 0.734837651
vt 0.628584385 0.734837651
vt 0.572116137 0.678369403
vt 0.628584385 0.734837651
vt 0.628584385 0.734837651
vt 0.572116137 0.678369403
vt 0.628584385 0.678369403
vt 0.572116137 0.678369403
vt 0.572116137 0.678369403
vt 0.628584385 0.678369403
vt 0.572116137 0.734837651
vt 0.572116137 0.678369403
vt 0.572116137 0.734837651
vt 0.628584385 0.734837651
vt 0.572116137 0.678369403
vt 0.628584385 0.678369403
vt 0.572116137 0.678369403
vt 0.628584385 0.734837651
vt 0.628584385 0.678369403
vt 0.572116137 0.734837651
vt 0.628584385 0.734837651
vt 0.628584385 0.678369403
vt 0.572116137 0.734837651
vt 0.572116137 0.678369403
vt 0.572116137 0.734837651
vt 0.628584385 0.678369403
vt 0.572116137 0.678369403
vt 0.628584385 0.734837651
vt 0.839157701 0.718860745
vt 0.839157701 0.718860745
vt 0.839157701 0.718860745
vt 0.874381542 0.748421133
vt 0.874381542 0.748239696
vt 0.874381542 0.748239696
vt 0.874381542 0.748602629
vt 0.874381542 0.748421133
vt 0.874381542 0.748421133
vt 0.874381542 0.748602629
vt 0.874381542 0.748602629
vt 0.874381542 0.748239696
vt 0.874381542 0.748330414
vt 0.874381542 0.751868546
vt 0.839157701 0.718860745
vt 0.874381542 0.751868546
vt 0.839157701 0.718860745
vt 0.839157701 0.718860745
vt 0.874381542 0.748965502
vt 0.839157701 0.718860745
vt 0.839157701 0.718860745
vt 0.874381542 0.751868546
vt 0.839157701 0.718860745
vt 0.874381542 0.751868546
vt 0.839157701 0.718860745
vn 0.000000 -1.000000 0.000390
vn 0.000000 -1.000000 0.000421
vn 0.000000 -1.000000 0.000442
vn 0.000000 -0.000000 1.000000
vn 0.000000 -0.000000 1.000000
vn 0.000000 0.208904 0.977936
vn 0.000000 1.000000 -0.000390
vn 0.000000 1.000000 -0.000465
vn 0.000000 1.000000 -0.000386
vn 0.000000 -1.000000 0.000392
vn 0.000000 -1.000000 0.000392
vn 0.000000 -1.000000 0.000392
vn 1.000000 -0.000000 0.000172
vn 1.000000 -0.000000 0.000147
vn 1.000000 -0.000000 0.000172
vn -1.000000 0.000000 -0.000147
vn -1.000000 0.000000 -0.000172
vn -1.000000 0.000000 -0.000172
vn -0.000050 -1.000000 0.000598
vn 0.000000 -1.000000 0.000648
vn 0.000000 -1.000000 0.000584
vn 1.000000 0.000040 0.000078
vn 1.000000 -0.000022 0.000109
vn 1.000000 0.000024 0.000162
vn 1.000000 -0.000000 0.000144
vn 1.000000 -0.000000 0.000142
vn 1.000000 -0.000000 0.000172
vn 1.000000 -0.000000 0.000034
vn 1.000000 -0.000000 0.000114
vn 1.000000 -0.000000 0.000031
vn 1.000000 -0.000000 0.000128
vn 1.000000 -0.000000 0.000031
vn 1.000000 0.000000 0.000000
vn 1.000000 0.000000 0.000000
vn 1.000000 0.000000 0.000000
vn 1.000000 0.000000 0.000000
vn 1.000000 0.000000 0.000000
vn 1.000000 0.000000 0.000000
vn 1.000000 0.000000 0.000000
vn 1.000000 0.000000 0.000000
vn 0.992412 -0.000000 0.122960
vn 0.000000 -0.000000 1.000000
vn 0.000000 -0.000000 1.000000
vn 0.000000 -0.000000 1.000000
vn -1.000000 -0.000025 -0.000095
vn -1.000000 0.000089 -0.000117
vn -1.000000 0.000057 -0.000134
vn 0.000000 1.000000 -0.000367
vn 0.000000 1.000000 -0.000551
vn 0.000000 1.000000 -0.000551
vn -1.000000 0.000000 -0.000166
vn -1.000000 0.000000 -0.000154
vn -1.000000 0.000000 -0.000109
vn 1.000000 0.000037 0.000019
vn 1.000000 -0.000000 0.000056
vn 1.000000 0.000000 0.000000
vn 1.000000 0.000044 0.000090
vn 1.000000 0.000040 0.000123
vn 1.000000 -0.000000 0.000171
vn -1.000000 0.000000 -0.000032
vn -1.000000 0.000000 0.000000
vn -1.000000 0.000000 0.000000
vn -1.000000 0.000000 0.000000
vn -1.000000 0.000000 -0.000032
vn -1.000000 0.000000 0.000000
vn -1.000000 0.000000 0.000000
vn -0.967538 -0.000000 0.252724
vn -1.000000 0.000000 0.000000
vn -1.000000 0.000000 0.000000
vn -1.000000 0.000000 0.000000
vn -0.986168 -0.000000 0.165747
vn -1.000000 0.000000 0.000000
vn -1.000000 0.000000 0.000000
vn -1.000000 0.000000 0.000000
vn -1.000000 0.000000 0.000000
vn -1.000000 0.000000 -0.000032
vn -1.000000 0.000000 -0.000034
vn -1.000000 0.000000 -0.000141
vn -1.000000 0.000000 -0.000141
vn -1.000000 0.000000 -0.000114
vn -1.000000 0.000000 -0.000148
vn -1.000000 0.000000 -0.000114
vn -1.000000 0.000000 -0.000128
vn -1.000000 0.000000 -0.000147
vn -1.000000 0.000000 -0.000032
vn -1.000000 -0.000011 -0.000162
vn -1.000000 0.000000 -0.000131
vn -1.000000 0.000000 -0.000154
vn -1.000000 0.000000 -0.000109
vn -1.000000 0.000000 0.000000
vn -1.000000 0.000000 0.000000
vn -1.000000 0.000000 0.000000
vn 0.000000 1.000000 0.000000
vn 0.000000 1.000000 0.000000
vn 0.000000 1.000000 0.000000
vn 0.000000 0.000000 -1.000000
vn 0.000000 0.000000 -1.000000
vn 0.000000 0.000000 -1.000000
vn 0.000000 0.000000 -1.000000
vn 0.000000 0.000000 -1.000000
vn -0.327442 -0.000000 0.944871
vn -0.198757 0.198757 0.959683
vn 0.000000 -0.000000 1.000000
vn -0.986168 -0.000000 0.165747
vn -0.967538 -0.000000 0.252724
vn -0.327442 -0.000000 0.944871
vn 0.000000 0.000000 -1.000000
vn 0.000000 0.000000 -1.000000
vn 0.000000 0.295618 -0.955306
vn 0.000000 0.000000 -1.000000
vn 0.000000 0.000000 -1.000000
vn 0.000018 0.275275 -0.961365
vn 0.000000 0.000000 -1.000000
vn 0.000018 0.275275 -0.961365
vn 0.000000 0.000000 -1.000000
vn 0.000000 0.000000 -1.000000
vn 1.000000 0.000000 0.000000
vn 1.000000 0.000000 0.000000
vn 1.000000 0.000000 0.000000
vn 1.000000 0.000000 0.000000
vn 1.000000 0.000000 0.000000
vn 1.000000 0.000000 0.000000
vn 0.000000 0.000000 -1.000000
vn 0.000000 0.000000 -1.000000
vn 0.000000 0.000000 -1.000000
vn 0.000000 0.000000 -1.000000
vn 0.000000 0.000000 -1.000000
vn -1.000000 0.000000 0.000000
vn -1.000000 0.000000 0.000000
vn -1.000000 0.000000 0.000000
vn -1.000000 0.000000 0.000000
vn -1.000000 0.000000 0.000000
vn -1.000000 0.000000 0.000000
vn 0.000000 -1.000000 -0.000000
vn 0.000000 -1.000000 -0.000000
vn 0.000000 -1.000000 -0.000000
vn 0.000000 -1.000000 -0.000000
vn 0.000000 -1.000000 -0.000000
vn 0.000000 -1.000000 -0.000000
vn 0.000000 1.000000 0.000000
vn 0.000000 1.000000 0.000000
vn 0.000000 1.000000 0.000000
vn 0.000000 -1.000000 -0.000000
vn 0.000000 -1.000000 -0.000000
vn 0.000000 -1.000000 -0.000000
vn 0.000000 -1.000000 -0.000000
vn 0.000000 -1.000000 -0.000000
vn 0.000000 0.000000 -1.000000
vn 0.000000 0.000000 -1.000000
vn 0.000000 0.000000 -1.000000
vn 0.000000 0.000000 -1.000000
vn 0.000000 0.000000 -1.000000
vn -1.000000 0.000000 0.000000
vn -1.000000 0.000000 0.000000
vn -1.000000 0.000000 0.000000
vn 0.000000 0.000000 -1.000000
vn 0.000000 0.000000 -1.000000
vn 0.000000 0.000000 -1.000000
vn -1.000000 0.000000 0.000000
vn -1.000000 0.000000 0.000000
vn -1.000000 0.000000 0.000000
vn 1.000000 0.000000 0.000000
vn 1.000000 0.000000 0.000000
vn 1.000000 0.000000 0.000000
vn 1.000000 0.000000 0.000000
vn 1.000000 0.000000 0.000000
vn 0.000000 -0.000000 1.000000
vn 0.000000 -0.000000 1.000000
vn 0.000000 -0.000000 1.000000
vn 0.000000 -0.000000 1.000000
vn 0.000000 -0.000000 1.000000
vn 0.000000 -0.000000 1.000000
vn 0.000000 -0.000000 1.000000
vn 0.000000 -0.000000 1.000000
vn -1.000000 0.000000 0.000000
vn -1.000000 0.000000 0.000000
vn -1.000000 0.000000 0.000000
vn -1.000000 0.000000 0.000000
vn -1.000000 0.000000 0.000000
vn -1.000000 0.000000 0.000000
vn 1.000000 0.000000 0.000000
vn 1.000000 0.000000 0.000000
vn 1.000000 0.000000 0.000000
vn -1.000000 0.000000 0.000000
vn -1.000000 0.000000 0.000000
vn -1.000000 0.000000 0.000000
vn -1.000000 0.000000 0.000000
vn -1.000000 0.000000 0.000000
vn -1.000000 0.000000 0.000000
vn 0.000000 0.000000 -1.000000
vn 0.000000 0.000000 -1.000000
vn 0.000000 0.000000 -1.000000
vn 0.000000 -0.000000 1.000000
vn 0.000000 -0.000000 1.000000
vn 0.000000 -0.000000 1.000000
vn 0.000000 -0.000000 1.000000
vn 0.000000 -0.000000 1.000000
vn -1.000000 0.000000 0.000000
vn -1.000000 0.000000 0.000000
vn -1.000000 0.000000 0.000000
vn -1.000000 0.000000 0.000000
vn -1.000000 0.000000 0.000000
vn -1.000000 0.000000 0.000000
vn -1.000000 0.000000 0.000000
vn 0.000000 0.000000 -1.000000
vn 0.000000 0.000000 -1.000000
vn 0.000000 0.000000 -1.000000
vn 0.000000 0.000000 -1.000000
vn 0.000000 0.000000 -1.000000
vn 1.000000 0.000000 0.000000
vn 1.000000 0.000000 0.000000
vn 1.000000 0.000000 0.000000
vn -1.000000 0.000000 0.000000
vn -1.000000 0.000000 0.000000
vn -1.000000 0.000000 0.000000
vn -1.000000 0.000000 0.000000
vn -1.000000 0.000000 0.000000
vn -1.000000 0.000000 0.000000
vn 0.000000 1.000000 0.000000
vn 0.000000 1.000000 0.000000
vn 0.000000 1.000000 0.000000
vn -1.000000 0.000000 0.000000
vn -1.000000 0.000000 0.000000
vn -1.000000 0.000000 0.000000
vn -1.000000 0.000000 0.000000
vn -1.000000 0.000000 0.000000
vn 0.000000 -0.000000 1.000000
vn 0.000000 -0.000000 1.000000
vn 0.000000 -0.000000 1.000000
vn 0.000000 -0.000000 1.000000
vn 0.000000 -0.000000 1.000000
vn -1.000000 0.000000 0.000000
vn -1.000000 0.000000 0.000000
vn -1.000000 0.000000 0.000000
vn -1.000000 0.000000 0.000000
vn -1.000000 0.000000 0.000000
vn -1.000000 0.000000 0.000000
vn 1.000000 0.000000 0.000000
vn 1.000000 0.000000 0.000000
vn 1.000000 0.000000 0.000000
vn 0.000000 -0.000000 1.000000
vn 0.000000 -0.000000 1.000000
vn 0.000000 -0.000000 1.000000
vn 0.000000 -0.000000 1.000000
vn 0.000000 -0.000000 1.000000
vn 0.000000 0.000000 -1.000000
vn 0.000000 0.000000 -1.000000
vn 0.000000 0.000000 -1.000000
vn 0.000000 -1.000000 -0.000000
vn 0.000000 -1.000000 -0.000000
vn 0.000000 -1.000000 -0.000000
vn -1.000000 0.000000 0.000000
vn -1.000000 0.000000 0.000000
vn -1.000000 0.000000 0.000000
vn -1.000000 0.000000 0.000000
vn -1.000000 0.000000 0.000000
vn -1.000000 0.000000 0.000000
vn -1.000000 0.000000 0.000000
vn -1.000000 0.000000 0.000000
vn -1.000000 0.000000 0.000000
vn -1.000000 0.000000 0.000000
vn -1.000000 0.000000 0.000000
vn 0.000000 0.000000 -1.000000
vn 0.000000 0.000000 -1.000000
vn 0.000000 0.000000 -1.000000
vn -1.000000 0.000000 0.000000
vn -1.000000 0.000000 0.000000
vn -1.000000 0.000000 0.000000
vn -1.000000 0.000000 0.000000
vn -1.000000 0.000000 0.000000
vn -1.000000 0.000000 0.000000
vn -1.000000 0.000000 0.000000
vn -1.000000 0.000000 0.000000
vn -1.000000 0.000000 0.000000
vn 0.000000 -0.000000 1.000000
vn 0.000000 -0.000000 1.000000
vn 0.000000 -0.000000 1.000000
vn 0.000000 -0.000000 1.000000
vn 0.000000 -0.000000 1.000000
vn 0.000000 -1.000000 -0.000000
vn 0.000000 -1.000000 -0.000000
vn 0.000000 -1.000000 -0.000000
vn 0.000000 -1.000000 -0.000000
vn 0.000000 -1.000000 -0.000000
vn 0.000000 0.000000 -1.000000
vn 0.000000 0.000000 -1.000000
vn 0.000000 0.000000 -1.000000
vn 0.000000 0.000000 -1.000000
vn 0.000000 0.000000 -1.000000
vn 1.000000 0.000000 0.000000
vn 1.000000 0.000000 0.000000
vn 1.000000 0.000000 0.000000
vn -1.000000 0.000000 0.000000
vn -1.000000 0.000000 0.000000
vn -1.000000 0.000000 0.000000
vn 0.000000 0.000000 -1.000000
vn 0.000000 0.000000 -1.000000
vn 0.000000 0.000000 -1.000000
vn 0.000000 0.000000 -1.000000
vn 0.000000 0.000000 -1.000000
vn -1.000000 0.000000 0.000000
vn -1.000000 0.000000 0.000000
vn -1.000000 0.000000 0.000000
vn -1.000000 0.000000 0.000000
vn -1.000000 0.000000 0.000000
vn 0.000000 -0.000000 1.000000
vn 0.000000 -0.000000 1.000000
vn 0.000000 -0.000000 1.000000
vn 0.000000 -0.000000 1.000000
vn 0.000000 -0.000000 1.000000
vn 0.000000 0.000000 -1.000000
vn 0.000000 0.000000 -1.000000
vn 0.000000 0.000000 -1.000000
vn 1.000000 0.000000 0.000000
vn 1.000000 0.000000 0.000000
vn 1.000000 0.000000 0.000000
vn 1.000000 0.000000 0.000000
vn 1.000000 0.000000 0.000000
vn 1.000000 0.000000 0.000000
vn 1.000000 0.000000 0.000000
vn 1.000000 0.000000 0.000000
vn 1.000000 0.000000 0.000000
vn 1.000000 0.000000 0.000000
vn 1.000000 0.000000 0.000000
vn 0.000000 -0.000000 1.000000
vn 0.000000 -0.000000 1.000000
vn 0.000000 -0.000000 1.000000
vn 0.000000 -0.000000 1.000000
vn 0.000000 -0.000000 1.000000
vn 1.000000 0.000000 0.000000
vn 1.000000 0.000000 0.000000
vn 1.000000 0.000000 0.000000
vn 0.000000 -1.000000 -0.000000
vn 0.000000 -1.000000 -0.000000
vn 0.000000 -1.000000 -0.000000
vn -1.000000 0.000000 0.000000
vn -1.000000 0.000000 0.000000
vn -1.000000 0.000000 0.000000
vn -1.000000 0.000000 0.000000
vn -1.000000 0.000000 0.000000
vn -1.000000 0.000000 0.000000
vn -1.000000 0.000000 0.000000
vn -1.000000 0.000000 0.000000
vn 0.000000 -0.000000 1.000000
vn 0.000000 -0.000000 1.000000
vn 0.000000 -0.000000 1.000000
vn 0.000000 -0.000000 1.000000
vn 0.000000 -0.000000 1.000000
vn 1.000000 0.000000 0.000000
vn 1.000000 0.000000 0.000000
vn 1.000000 0.000000 0.000000
vn 0.000000 0.000000 -1.000000
vn 0.000000 0.000000 -1.000000
vn 0.000000 0.000000 -1.000000
vn 0.000000 0.000000 -1.000000
vn 0.000000 0.000000 -1.000000
vn 1.000000 0.000000 0.000000
vn 1.000000 0.000000 0.000000
vn 1.000000 0.000000 0.000000
vn 1.000000 0.000000 0.000000
vn 1.000000 0.000000 0.000000
vn -1.000000 0.000000 0.000000
vn -1.000000 0.000000 0.000000
vn -1.000000 0.000000 0.000000
vn -1.000000 0.000000 0.000000
vn -1.000000 0.000000 0.000000
vn 0.000000 -1.000000 -0.000000
vn 0.000000 -1.000000 -0.000000
vn 0.000000 -1.000000 -0.000000
vn 0.000000 -1.000000 -0.000000
vn 0.000000 -1.000000 -0.000000
vn 0.000000 1.000000 0.000000
vn 0.000000 1.000000 0.000000
vn 0.000000 1.000000 0.000000
vn 0.000000 1.000000 0.000000
vn 0.000000 1.000000 0.000000
vn 0.000000 -0.000000 1.000000
vn 0.000000 -0.000000 1.000000
vn 0.000000 -0.000000 1.000000
vn 0.000000 -0.000000 1.000000
vn 0.000000 -0.000000 1.000000
vn 0.000000 -0.000000 1.000000
vn 0.000000 -0.000000 1.000000
vn 0.000000 -0.000000 1.000000
vn 0.000000 -0.000000 1.000000
vn 0.000000 -0.000000 1.000000
vn -1.000000 0.000000 0.000000
vn -1.000000 0.000000 0.000000
vn -1.000000 0.000000 0.000000
vn 0.000000 1.000000 0.000000
vn 0.000000 1.000000 0.000000
vn 0.000000 1.000000 0.000000
vn 0.000000 1.000000 0.000000
vn 0.000000 1.000000 0.000000
vn -1.000000 0.000000 0.000000
vn -1.000000 0.000000 0.000000
vn -1.000000 0.000000 0.000000
vn 1.000000 0.000000 0.000000
vn 1.000000 0.000000 0.000000
vn 1.000000 0.000000 0.000000
vn 1.000000 0.000000 0.000000
vn 1.000000 0.000000 0.000000
vn 1.000000 0.000000 0.000000
vn -1.000000 0.000000 0.000000
vn -1.000000 0.000000 0.000000
vn -1.000000 0.000000 0.000000
vn -1.000000 0.000000 0.000000
vn -1.000000 0.000000 0.000000
vn -1.000000 0.000000 0.000000
vn -1.000000 0.000000 0.000000
vn -1.000000 0.000000 0.000000
vn 1.000000 0.000000 0.000000
vn 1.000000 0.000000 0.000000
vn 1.000000 0.000000 0.000000
vn 1.000000 0.000000 0.000000
vn 1.000000 0.000000 0.000000
vn 1.000000 0.000000 0.000000
vn -1.000000 0.000000 0.000000
vn -1.000000 0.000000 0.000000
vn -1.000000 0.000000 0.000000
vn 0.000000 -0.000000 1.000000
vn 0.000000 -0.000000 1.000000
vn 0.000000 -0.000000 1.000000
vn 0.000000 -0.000000 1.000000
vn 0.000000 -0.000000 1.000000
vn 1.000000 0.000000 0.000000
vn 1.000000 0.000000 0.000000
vn 1.000000 0.000000 0.000000
vn 1.000000 0.000000 0.000000
vn 1.000000 0.000000 0.000000
vn 1.000000 0.000000 0.000000
vn 1.000000 0.000000 0.000000
vn 1.000000 0.000000 0.000000
vn 1.000000 0.000000 0.000000
vn 1.000000 0.000000 0.000000
vn 1.000000 0.000000 0.000000
vn 1.000000 0.000000 0.000000
vn 1.000000 0.000000 0.000000
vn 1.000000 0.000000 0.000000
vn 1.000000 0.000000 0.000000
vn 1.000000 0.000000 0.000000
vn 1.000000 0.000000 0.000000
vn 1.000000 0.000000 0.000000
vn 1.000000 0.000000 0.000000
vn 1.000000 0.000000 0.000000
vn 1.000000 0.000000 0.000000
vn -1.000000 0.000000 0.000000
vn -1.000000 0.000000 0.000000
vn -1.000000 0.000000 0.000000
vn -1.000000 0.000000 0.000000
vn -1.000000 0.000000 0.000000
vn -1.000000 0.000000 0.000000
vn -1.000000 0.000000 0.000000
vn -1.000000 0.000000 0.000000
vn -1.000000 0.000000 0.000000
vn -1.000000 0.000000 0.000000
vn -1.000000 0.000000 0.000000
vn -1.000000 0.000000 0.000000
vn -1.000000 0.000000 0.000000
vn -1.000000 0.000000 0.000000
vn -1.000000 0.000000 0.000000
vn -1.000000 0.000000 0.000000
vn -1.000000 0.000000 0.000000
vn -1.000000 0.000000 0.000000
vn -1.000000 0.000000 0.000000
vn 0.000000 0.000000 -1.000000
vn 0.000000 0.000000 -1.000000
vn 0.000000 0.000000 -1.000000
vn -1.000000 0.000000 0.000000
vn -1.000000 0.000000 0.000000
vn -1.000000 0.000000 0.000000
vn -1.000000 0.000000 0.000000
vn -1.000000 0.000000 0.000000
vn 1.000000 0.000000 0.000000
vn 1.000000 0.000000 0.000000
vn 1.000000 0.000000 0.000000
vn -1.000000 0.000000 0.000000
vn -1.000000 0.000000 0.000000
vn -1.000000 0.000000 0.000000
vn -1.000000 0.000000 0.000000
vn -1.000000 0.000000 0.000000
vn 1.000000 0.000000 0.000000
vn 1.000000 0.000000 0.000000
vn 1.000000 0.000000 0.000000
vn 1.000000 0.000000 0.000000
vn 1.000000 0.000000 0.000000
vn 1.000000 0.000000 0.000000
vn -1.000000 0.000000 0.000000
vn -1.000000 0.000000 0.000000
vn -1.000000 0.000000 0.000000
vn -1.000000 0.000000 0.000000
vn -1.000000 0.000000 0.000000
vn 0.000000 1.000000 0.000000
vn 0.000000 1.000000 0.000000
vn 0.000000 1.000000 0.000000
vn 1.000000 0.000000 0.000000
vn 1.000000 0.000000 0.000000
vn 1.000000 0.000000 0.000000
vn 1.000000 0.000000 0.000000
vn 1.000000 0.000000 0.000000
vn -1.000000 0.000000 0.000000
vn -1.000000 0.000000 0.000000
vn -1.000000 0.000000 0.000000
vn -1.000000 0.000000 0.000000
vn -1.000000 0.000000 0.000000
vn -1.000000 0.000000 0.000000
vn -1.000000 0.000000 0.000000
vn 0.000000 1.000000 0.000000
vn 0.000000 1.000000 0.000000
vn 0.000000 1.000000 0.000000
vn 0.000000 1.000000 0.000000
vn 0.000000 1.000000 0.000000
vn 0.000000 0.000000 -1.000000
vn 0.000000 0.000000 -1.000000
vn 0.000000 0.000000 -1.000000
vn -1.000000 0.000000 0.000000
vn -1.000000 0.000000 0.000000
vn -1.000000 0.000000 0.000000
vn -1.000000 0.000000 0.000000
vn -1.000000 0.000000 0.000000
vn -1.000000 0.000000 0.000000
vn -0.001778 0.999998 -0.000487
vn -0.000014 1.000000 -0.000340
vn -0.001282 0.999999 -0.000713
vn 0.000000 1.000000 -0.000516
vn 0.000011 1.000000 -0.000332
vn 0.000011 1.000000 -0.000441
vn 0.000000 1.000000 -0.000184
vn -0.000026 1.000000 -0.000356
vn -0.000034 1.000000 -0.000405
vn -0.000026 1.000000 -0.000481
vn 0.000000 1.000000 -0.000542
vn 0.000000 1.000000 -0.000611
vn 0.000000 1.000000 -0.000615
vn 0.000000 1.000000 -0.000479
vn 0.000000 1.000000 -0.000543
vn 0.000036 1.000000 -0.000406
vn 0.000000 1.000000 -0.000529
vn 0.000071 1.000000 -0.000321
vn 0.000054 1.000000 -0.000161
vn 0.000000 1.000000 0.000000
vn 0.000000 1.000000 0.000000
vn -0.000317 0.967830 0.251607
vn -0.001282 0.999999 -0.000713
vn -0.000014 1.000000 -0.000340
vn -0.000063 1.000000 -0.000160
vn -0.001778 0.999998 -0.000487
vn 0.000011 1.000000 -0.000332
vn 0.000000 1.000000 -0.000527
vn 0.000000 1.000000 -0.000516
vn 0.000000 1.000000 -0.000568
vn 0.000000 1.000000 -0.000542
vn 0.000000 1.000000 -0.000576
vn 0.000000 1.000000 -0.000407
vn 0.000000 1.000000 -0.000379
vn 0.000000 1.000000 -0.000241
vn 0.000000 1.000000 -0.000353
vn 0.000036 1.000000 -0.000406
vn -0.001556 0.999999 -0.000345
vn 0.000000 1.000000 -0.000731
vn 0.000054 1.000000 -0.000161
vn 0.000071 1.000000 -0.000321
vn -0.001556 0.999999 -0.000345
vn 0.000000 1.000000 -0.000214
vn 0.000000 -0.000000 1.000000
vn 0.000000 -0.000000 1.000000
vn 0.000000 -0.000000 1.000000
vn 0.000000 -0.000000 1.000000
vn 0.000000 -0.000000 1.000000
vn 0.000000 -0.000000 1.000000
vn 0.000000 0.208904 0.977936
vn 0.000000 -0.000000 1.000000
vn 0.000000 0.370898 0.928674
vn 0.000000 -0.000000 1.000000
vn 0.000000 -0.000000 1.000000
vn 0.000000 -0.000000 1.000000
vn 0.000000 -0.000000 1.000000
vn 0.000000 -0.000000 1.000000
vn 0.000000 -0.000000 1.000000
vn 0.000000 -0.000000 1.000000
vn 0.000000 -0.000000 1.000000
vn 0.000000 -0.000000 1.000000
vn 0.000000 -0.000000 1.000000
vn 0.000000 0.208904 0.977936
vn 1.000000 0.000000 0.000000
vn 1.000000 0.000000 0.000000
vn 1.000000 0.000000 0.000000
vn 1.000000 0.000000 0.000000
vn 1.000000 0.000000 0.000000
vn 1.000000 0.000000 0.000000
vn 1.000000 0.000000 0.000000
vn 1.000000 0.000000 0.000000
vn 1.000000 0.000000 0.000000
vn 1.000000 0.000000 0.000000
vn 1.000000 0.000000 0.000000
vn 1.000000 0.000000 0.000000
vn 1.000000 0.000000 0.000000
vn 1.000000 0.000000 0.000000
vn 1.000000 0.000000 0.000000
vn 1.000000 0.000000 0.000000
vn 1.000000 0.000000 0.000000
vn 0.000000 -1.000000 0.000392
vn 0.000000 -1.000000 0.000392
vn 0.000000 -1.000000 0.000392
vn 0.000000 -1.000000 0.000393
vn 0.000000 -1.000000 0.000390
vn 0.000000 -1.000000 0.000394
vn 0.000000 -1.000000 0.000389
vn 0.000000 -1.000000 0.000393
vn 0.000000 -1.000000 0.000388
vn 0.000000 -1.000000 0.000391
vn -1.000000 0.000000 -0.000182
vn -1.000000 0.000017 -0.000171
vn -1.000000 0.000000 -0.000177
vn 0.000000 0.295812 0.955246
vn 0.000000 -0.000000 1.000000
vn 0.000000 0.370943 0.928656
vn 0.000000 0.295812 0.955246
vn 0.000000 -0.000000 1.000000
vn 0.000000 -0.000000 1.000000
vn 0.000000 -0.295683 0.955286
vn 0.000000 0.295812 0.955246
vn 0.000000 -0.000000 1.000000
vn 0.000000 -0.370781 0.928720
vn 0.000000 -0.000000 1.000000
vn 0.000000 -0.000000 1.000000
vn 0.000000 0.000000 -1.000000
vn 0.000000 0.000000 -1.000000
vn 0.000000 0.000000 -1.000000
vn 0.000000 0.000000 -1.000000
vn 0.000000 0.000000 -1.000000
vn 0.000000 0.000000 -1.000000
vn 0.000000 0.000000 -1.000000
vn -0.000028 -0.370925 -0.928663
vn 0.000000 -0.370908 -0.928670
vn -1.000000 0.000000 -0.000124
vn -1.000000 0.000000 -0.000130
vn -1.000000 0.000000 -0.000130
vn 1.000000 -0.000000 0.000147
vn 1.000000 -0.000000 0.000098
vn 1.000000 0.000016 0.000162
vn 1.000000 -0.000000 0.000147
vn 1.000000 -0.000000 0.000172
vn 1.000000 -0.000000 0.000137
vn 1.000000 -0.000000 0.000101
vn 1.000000 -0.000000 0.000176
vn 1.000000 -0.000000 0.000152
vn 1.000000 -0.000000 0.000173
vn 1.000000 -0.000000 0.000146
vn 1.000000 -0.000000 0.000097
vn 1.000000 -0.000000 0.000172
vn 1.000000 0.000016 0.000186
vn 1.000000 -0.000000 0.000147
vn 1.000000 -0.000000 0.000172
vn 1.000000 -0.000000 0.000101
vn 1.000000 -0.000000 0.000146
vn 1.000000 -0.000000 0.000197
vn 1.000000 -0.000000 0.000172
vn 1.000000 -0.000000 0.000146
vn 1.000000 -0.000000 0.000172
vn 1.000000 -0.000000 0.000096
vn 1.000000 -0.000000 0.000133
vn 1.000000 -0.000000 0.000097
vn 1.000000 -0.000000 0.000176
vn 1.000000 -0.000000 0.000172
vn 1.000000 -0.000000 0.000137
vn 1.000000 -0.000000 0.000200
vn 1.000000 0.000016 0.000186
vn 1.000000 0.000021 0.000253
vn 1.000000 0.000016 0.000162
vn 1.000000 -0.000000 0.000152
vn 1.000000 -0.000000 0.000098
vn 1.000000 -0.000000 0.000147
vn 1.000000 -0.000000 0.000172
vn 1.000000 -0.000000 0.000097
vn 1.000000 -0.000000 0.000172
vn 1.000000 -0.000000 0.000133
vn 1.000000 -0.000000 0.000096
vn 1.000000 -0.000000 0.000170
vn 1.000000 -0.000000 0.000146
vn 1.000000 -0.000000 0.000172
vn 1.000000 -0.000000 0.000170
vn 1.000000 -0.000000 0.000172
vn 1.000000 -0.000000 0.000172
vn 1.000000 -0.000000 0.000147
vn -1.000000 0.000000 -0.000168
vn -1.000000 0.000000 -0.000094
vn -1.000000 0.000000 -0.000131
vn -1.000000 0.000000 -0.000097
vn -1.000000 0.000000 -0.000172
vn -1.000000 0.000000 -0.000172
vn -1.000000 0.000000 -0.000147
vn -1.000000 0.000000 -0.000097
vn -1.000000 0.000000 -0.000147
vn -1.000000 0.000000 -0.000172
vn -1.000000 0.000000 -0.000172
vn -1.000000 0.000000 -0.000147
vn -1.000000 0.000000 -0.000094
vn -1.000000 0.000000 -0.000131
vn -1.000000 0.000000 -0.000145
vn -1.000000 0.000000 -0.000168
vn -1.000000 0.000000 -0.000173
vn -1.000000 0.000000 -0.000147
vn -1.000000 0.000000 -0.000172
vn -1.000000 0.000000 -0.000172
vn 0.000000 -1.000000 0.000634
vn 0.000000 -1.000000 0.000584
vn 0.000000 -1.000000 0.000648
vn 1.000000 -0.000000 0.000154
vn 1.000000 -0.000000 0.000109
vn 1.000000 -0.000000 0.000131
vn 1.000000 -0.000000 0.000119
vn 1.000000 -0.000000 0.000109
vn 1.000000 -0.000000 0.000131
vn 1.000000 -0.000000 0.000131
vn 1.000000 -0.000000 0.000109
vn 1.000000 -0.000000 0.000128
vn 1.000000 -0.000000 0.000154
vn 1.000000 -0.000000 0.000114
vn 1.000000 -0.000000 0.000109
vn 1.000000 -0.000000 0.000131
vn 1.000000 -0.000022 0.000109
vn 1.000000 -0.000000 0.000109
vn 1.000000 -0.000000 0.000144
vn 1.000000 -0.000000 0.000036
vn 1.000000 -0.000000 0.000098
vn 1.000000 -0.000000 0.000031
vn 1.000000 -0.000000 0.000034
vn 1.000000 -0.000000 0.000142
vn 1.000000 0.000000 0.000000
vn 1.000000 0.000000 0.000000
vn 1.000000 -0.000000 0.000031
vn 1.000000 0.000000 0.000000
vn 1.000000 -0.000000 0.000029
vn 1.000000 0.000000 0.000000
vn 1.000000 0.000000 0.000000
vn 0.992412 -0.000000 0.122960
vn 1.000000 0.000000 0.000000
vn 0.986168 -0.000000 0.165750
vn 1.000000 0.000000 0.000000
vn 1.000000 0.000000 0.000000
vn 1.000000 0.000000 0.000000
vn 1.000000 0.000000 0.000000
vn 1.000000 0.000000 0.000000
vn 1.000000 -0.000000 0.000154
vn 1.000000 -0.000000 0.000109
vn 1.000000 -0.000000 0.000131
vn 1.000000 -0.000000 0.000131
vn 1.000000 -0.000000 0.000119
vn 1.000000 -0.000000 0.000131
vn 1.000000 -0.000000 0.000109
vn 1.000000 -0.000000 0.000131
vn 1.000000 -0.000000 0.000119
vn 1.000000 -0.000000 0.000154
vn 1.000000 -0.000000 0.000131
vn 1.000000 -0.000000 0.000109
vn 1.000000 -0.000000 0.000042
vn 1.000000 -0.000000 0.000031
vn 1.000000 -0.000000 0.000115
vn 1.000000 0.000000 0.000000
vn 1.000000 -0.000000 0.000031
vn 1.000000 -0.000000 0.000154
vn 1.000000 -0.000000 0.000109
vn 1.000000 -0.000000 0.000144
vn 1.000000 -0.000000 0.000144
vn 1.000000 0.000024 0.000162
vn 1.000000 -0.000022 0.000109
vn 0.000000 -0.000000 1.000000
vn 0.000000 -0.000000 1.000000
vn 0.000000 -0.000000 1.000000
vn 0.000000 -0.000000 1.000000
vn 0.000000 -0.000000 1.000000
vn 0.000000 -0.000000 1.000000
vn 0.000000 -0.000000 1.000000
vn 0.000000 -0.000000 1.000000
vn 0.000000 -0.000000 1.000000
vn 0.000000 -0.000000 1.000000
vn -1.000000 0.000000 -0.000096
vn -1.000000 0.000000 -0.000118
vn -1.000000 0.000000 -0.000128
vn 1.000000 -0.000000 0.000117
vn 1.000000 -0.000000 0.000121
vn 1.000000 -0.000000 0.000112
vn 0.986168 -0.000000 0.165750
vn 1.000000 0.000000 0.000000
vn 1.000000 -0.000000 0.000042
vn 1.000000 -0.000000 0.000197
vn 1.000000 -0.000000 0.000115
vn 1.000000 -0.000000 0.000154
vn 1.000000 -0.000000 0.000115
vn 1.000000 -0.000000 0.000144
vn 1.000000 -0.000000 0.000109
vn 1.000000 -0.000000 0.000136
vn 1.000000 -0.000000 0.000119
vn 1.000000 -0.000000 0.000086
vn 1.000000 -0.000000 0.000109
vn 1.000000 -0.000000 0.000086
vn 1.000000 -0.000000 0.000085
vn 1.000000 -0.000000 0.000109
vn 1.000000 -0.000000 0.000062
vn 1.000000 -0.000000 0.000031
vn 1.000000 -0.000000 0.000148
vn 1.000000 -0.000000 0.000098
vn 1.000000 -0.000000 0.000036
vn 1.000000 -0.000000 0.000128
vn 1.000000 0.000000 0.000000
vn 1.000000 0.000000 0.000000
vn 1.000000 -0.000000 0.000029
vn 1.000000 -0.000000 0.000098
vn 1.000000 -0.000000 0.000036
vn 1.000000 -0.000000 0.000154
vn 1.000000 -0.000000 0.000098
vn 1.000000 -0.000000 0.000131
vn 1.000000 -0.000000 0.000154
vn 1.000000 -0.000000 0.000098
vn 1.000000 -0.000000 0.000131
vn 1.000000 -0.000000 0.000119
vn 1.000000 -0.000000 0.000109
vn 1.000000 -0.000000 0.000085
vn 1.000000 -0.000000 0.000109
vn 1.000000 -0.000000 0.000049
vn 1.000000 0.000000 0.000000
vn 1.000000 0.000000 0.000000
vn 1.000000 -0.000000 0.000029
vn -0.000030 -1.000000 0.000750
vn -0.000022 -1.000000 0.000545
vn 0.000000 -0.999999 0.001048
vn 0.000000 -1.000000 0.000648
vn 0.000000 -1.000000 0.000597
vn -0.000044 -1.000000 0.000558
vn 0.000000 -1.000000 0.000648
vn -0.000022 -1.000000 0.000545
vn -0.000030 -1.000000 0.000750
vn 0.000000 -0.999999 0.001048
vn 0.000030 -1.000000 0.000911
vn 0.000000 -1.000000 0.000877
vn 0.000040 -1.000000 0.000522
vn 0.000040 -1.000000 0.000608
vn 0.000000 -1.000000 0.000586
vn 0.000000 -1.000000 0.000647
vn 0.000000 -1.000000 0.000571
vn 0.000000 -1.000000 0.000545
vn 0.000000 -1.000000 0.000597
vn 0.000000 -1.000000 0.000648
vn 0.000040 -1.000000 0.000522
vn 0.000000 -1.000000 0.000586
vn 0.000040 -1.000000 0.000608
vn 0.000000 1.000000 -0.000184
vn 0.000000 1.000000 -0.000551
vn 0.000000 1.000000 -0.000367
vn 0.000000 1.000000 0.000000
vn 0.000000 1.000000 -0.000184
vn 0.000000 1.000000 0.000000
vn -1.000000 0.000000 -0.000131
vn -1.000000 0.000000 -0.000127
vn -1.000000 0.000000 -0.000130
vn -1.000000 0.000000 -0.000130
vn -1.000000 0.000000 -0.000130
vn -1.000000 0.000000 -0.000130
vn -1.000000 0.000000 -0.000130
vn -1.000000 0.000000 -0.000125
vn -1.000000 0.000000 -0.000131
vn -1.000000 0.000016 -0.000109
vn -1.000000 0.000000 -0.000131
vn -1.000000 -0.000037 -0.000188
vn -1.000000 0.000037 -0.000090
vn -1.000000 0.000000 -0.000133
vn -1.000000 0.000000 -0.000130
vn -1.000000 0.000000 -0.000130
vn -1.000000 0.000000 -0.000130
vn -1.000000 0.000000 -0.000127
vn -1.000000 0.000016 -0.000109
vn -1.000000 0.000000 -0.000121
vn -1.000000 0.000000 -0.000131
vn -1.000000 0.000016 -0.000109
vn -1.000000 -0.000037 -0.000188
vn -1.000000 0.000037 -0.000090
vn -1.000000 0.000016 -0.000109
vn -1.000000 0.000037 -0.000090
vn -1.000000 0.000106 0.000000
vn -1.000000 -0.000015 -0.000166
vn -1.000000 0.000000 -0.000291
vn -1.000000 0.000073 -0.000352
vn -1.000000 0.000000 -0.000131
vn -1.000000 0.000000 -0.000119
vn -1.000000 0.000000 -0.000109
vn -1.000000 0.000000 -0.000154
vn -1.000000 0.000000 -0.000109
vn -1.000000 0.000000 -0.000119
vn -1.000000 0.000000 -0.000131
vn -1.000000 0.000000 -0.000119
vn -1.000000 0.000000 -0.000109
vn -1.000000 0.000000 -0.000154
vn -1.000000 0.000000 -0.000109
vn -1.000000 0.000000 -0.000119
vn -1.000000 0.000000 -0.000144
vn -1.000000 0.000000 -0.000109
vn -1.000000 0.000000 -0.000154
vn -1.000000 0.000000 -0.000154
vn -1.000000 0.000000 -0.000119
vn -1.000000 0.000000 -0.000131
vn -1.000000 0.000000 0.000000
vn -1.000000 0.000000 0.000000
vn -1.000000 0.000000 0.000000
vn -0.967538 -0.000000 0.252724
vn -1.000000 0.000000 0.000000
vn -1.000000 0.000000 0.000000
vn -1.000000 0.000000 0.000000
vn -1.000000 0.000000 0.000000
vn -1.000000 0.000000 -0.000032
vn -1.000000 -0.000011 -0.000162
vn -1.000000 0.000000 -0.000152
vn -0.986168 -0.000000 0.165747
vn -1.000000 0.000000 0.000000
vn -1.000000 0.000000 0.000000
vn -1.000000 0.000000 0.000000
vn -1.000000 -0.000011 -0.000162
vn -1.000000 -0.000014 -0.000253
vn -1.000000 0.000000 -0.000166
vn -1.000000 0.000000 -0.000198
vn -1.000000 0.000000 -0.000120
vn -1.000000 0.000000 -0.000072
vn -1.000000 -0.000013 -0.000125
vn -1.000000 0.000000 -0.000082
vn -1.000000 0.000000 -0.000119
vn -1.000000 0.000000 -0.000062
vn -1.000000 0.000000 -0.000109
vn -1.000000 0.000000 -0.000131
vn -1.000000 0.000000 -0.000109
vn -1.000000 0.000000 -0.000154
vn -1.000000 0.000000 -0.000154
vn -1.000000 0.000000 -0.000119
vn -1.000000 0.000000 -0.000131
vn -1.000000 0.000000 -0.000131
vn -1.000000 0.000000 -0.000109
vn -1.000000 0.000000 -0.000154
vn -1.000000 0.000000 -0.000109
vn -1.000000 0.000000 -0.000119
vn -1.000000 0.000000 -0.000154
vn -1.000000 0.000000 -0.000119
vn -1.000000 0.000000 -0.000131
vn -1.000000 0.000000 -0.000154
vn -1.000000 0.000000 -0.000109
vn -1.000000 0.000000 -0.000131
vn -1.000000 0.000000 -0.000119
vn -1.000000 0.000000 -0.000114
vn -1.000000 0.000000 -0.000032
vn -1.000000 -0.000010 -0.000140
vn -1.000000 0.000000 -0.000086
vn -1.000000 0.000000 -0.000013
vn -1.000000 0.000000 -0.000086
vn -1.000000 0.000000 -0.000086
vn -1.000000 0.000000 -0.000062
vn -1.000000 0.000000 -0.000085
vn -1.000000 0.000000 -0.000049
vn -1.000000 0.000000 -0.000011
vn -1.000000 0.000000 -0.000072
vn -1.000000 0.000000 -0.000082
vn -1.000000 0.000000 -0.000062
vn -1.000000 0.000000 -0.000086
vn -1.000000 0.000000 -0.000011
vn -1.000000 0.000000 -0.000049
vn -1.000000 0.000000 -0.000120
vn -1.000000 0.000000 -0.000109
vn -1.000000 -0.000013 -0.000125
vn -1.000000 0.000000 -0.000109
vn -1.000000 0.000000 -0.000154
vn -1.000000 0.000000 -0.000141
vn -1.000000 0.000000 -0.000154
vn -1.000000 0.000000 -0.000147
vn -1.000000 0.000000 -0.000120
vn -1.000000 0.000000 -0.000166
vn -1.000000 0.000000 -0.000109
vn 1.000000 -0.000070 0.000122
vn 1.000000 -0.000000 0.000126
vn 1.000000 -0.000033 0.000174
vn 0.000000 -1.000000 -0.000000
vn 0.000000 -1.000000 -0.000000
vn 0.000000 -1.000000 -0.000000
vn 0.000000 -1.000000 -0.000000
vn 0.000000 -1.000000 -0.000000
vn 0.000000 -1.000000 -0.000000
vn 1.000000 -0.000000 0.000130
vn 1.000000 -0.000000 0.000130
vn 1.000000 -0.000000 0.000130
vn 1.000000 -0.000000 0.000125
vn 1.000000 0.000037 0.000119
vn 1.000000 -0.000017 0.000122
vn 0.000000 0.000000 -1.000000
vn 0.000000 0.000000 -1.000000
vn 0.000000 0.000000 -1.000000
vn -1.000000 0.000000 -0.000034
vn -1.000000 0.000000 0.000000
vn -1.000000 0.000000 0.000000
vn -1.000000 0.000000 -0.000128
vn -1.000000 0.000000 -0.000032
vn -1.000000 0.000000 -0.000114
vn -1.000000 -0.000010 -0.000140
vn -1.000000 0.000000 -0.000154
vn -1.000000 0.000000 -0.000144
vn -1.000000 0.000000 -0.000136
vn -1.000000 0.000000 -0.000109
vn -1.000000 0.000000 -0.000086
vn -1.000000 0.000000 -0.000086
vn -1.000000 0.000000 0.000000
vn -1.000000 0.000000 0.000000
vn -1.000000 0.000000 0.000000
vn 0.000000 1.000000 -0.000527
vn -0.002075 0.999998 -0.000542
vn 0.000000 1.000000 -0.000715
vn -0.001778 0.999998 -0.000487
vn 0.003741 0.999993 -0.000567
vn 0.000000 1.000000 -0.000527
vn -0.001778 0.999998 -0.000487
vn -0.002075 0.999998 -0.000542
vn 0.000000 1.000000 -0.000611
vn 0.000000 1.000000 -0.000615
vn 0.000000 1.000000 -0.000543
vn 0.000000 1.000000 -0.000542
vn 0.000000 1.000000 -0.000568
vn -0.000026 1.000000 -0.000481
vn -1.000000 0.000000 0.000000
vn -1.000000 0.000000 0.000000
vn -1.000000 0.000000 0.000000
vn -1.000000 0.000000 0.000000
vn -1.000000 0.000000 0.000000
vn -1.000000 0.000000 0.000000
vn -1.000000 0.000000 0.000000
vn -1.000000 0.000000 0.000000
vn -1.000000 0.000000 0.000000
vn -1.000000 0.000000 0.000000
vn -1.000000 0.000000 0.000000
vn -1.000000 0.000000 0.000000
vn 1.000000 0.000000 0.000000
vn 1.000000 0.000000 0.000000
vn 1.000000 0.000000 0.000000
vn 1.000000 0.000000 0.000000
vn 1.000000 0.000000 0.000000
vn 1.000000 0.000000 0.000000
vn 0.000000 -1.000000 -0.000000
vn 0.000000 -1.000000 -0.000000
vn 0.000000 -1.000000 -0.000000
vn 0.000000 -1.000000 -0.000000
vn 0.000000 -1.000000 -0.000000
vn 0.000000 -1.000000 -0.000000
vn -1.000000 0.000000 0.000000
vn -1.000000 0.000000 0.000000
vn -1.000000 0.000000 0.000000
vn -1.000000 0.000000 0.000000
vn -1.000000 0.000000 0.000000
vn -1.000000 0.000000 0.000000
vn 0.000000 0.000000 -1.000000
vn 0.000000 0.000000 -1.000000
vn 0.000000 0.000000 -1.000000
vn 0.000000 0.000000 -1.000000
vn 0.000000 0.000000 -1.000000
vn 0.000000 0.000000 -1.000000
vn 0.000000 0.000000 -1.000000
vn 0.000000 0.000000 -1.000000
vn 0.000000 0.000000 -1.000000
vn 0.000000 0.000000 -1.000000
vn 0.000000 0.000000 -1.000000
vn 0.000000 0.000000 -1.000000
vn 0.000000 0.000000 -1.000000
vn 0.000023 -1.000000 0.000436
vn 0.000023 -1.000000 0.000495
vn 0.000017 -1.000000 0.000316
vn 0.000000 -1.000000 0.000386
vn 0.000000 -1.000000 0.000450
vn 0.000000 -1.000000 0.000456
vn 0.001895 0.995057 0.099290
vn -0.001556 0.999991 -0.003891
vn 0.006233 0.999981 0.000000
vn 0.000000 1.000000 -0.000161
vn -0.002075 0.999998 -0.000214
vn 0.000000 0.999946 -0.010377
vn 0.002251 0.999977 -0.006399
vn -0.000208 0.999990 -0.004566
vn 0.000000 1.000000 0.000000
vn 0.000000 1.000000 0.000000
vn -0.000317 0.967830 0.251607
vn 0.000000 1.000000 0.000000
vn -0.000259 0.999998 -0.001816
vn -0.000208 0.999990 -0.004566
vn 0.002251 0.999977 -0.006399
vn 0.000000 1.000000 0.000000
vn 0.000000 1.000000 0.000000
vn 0.000000 1.000000 0.000000
vn 0.000000 1.000000 0.000000
vn 0.000000 1.000000 -0.000241
vn 0.000000 1.000000 -0.000241
vn 0.000000 1.000000 -0.000214
vn 0.000000 1.000000 0.000000
vn -0.001556 0.999999 -0.000345
vn 0.000000 1.000000 -0.000161
vn 0.000000 -0.000000 1.000000
vn 0.000000 -0.000000 1.000000
vn -0.131927 -0.263854 0.955498
vn -0.131927 -0.263854 0.955498
vn -0.327442 -0.000000 0.944871
vn 0.000000 -0.000000 1.000000
vn -0.327442 -0.000000 0.944871
vn 0.000000 -0.000000 1.000000
vn -0.000132 0.381986 0.924168
vn -0.198757 0.198757 0.959683
vn 0.000000 -0.000000 1.000000
vn 0.271678 0.269053 0.924014
vn 0.156230 -0.156230 0.975287
vn 0.000000 -0.000000 1.000000
vn -0.131927 -0.263854 0.955498
vn -0.252725 -0.000000 0.967538
vn -0.327442 -0.000000 0.944871
vn -0.967538 -0.000000 0.252724
vn -0.986168 -0.000000 0.165747
vn -0.187366 -0.000000 0.982290
vn 0.000000 -0.000000 1.000000
vn 0.000000 -0.000000 1.000000
vn 0.000000 -0.000000 1.000000
vn 0.000000 -0.000000 1.000000
vn 0.000000 -0.000000 1.000000
vn 0.000000 -0.000000 1.000000
vn 0.000000 -0.000000 1.000000
vn 0.000000 -0.000000 1.000000
vn 0.000000 -0.000000 1.000000
vn 0.000000 -0.000000 1.000000
vn 0.000000 -0.000000 1.000000
vn 0.000000 -0.000000 1.000000
vn 0.000000 -0.000000 1.000000
vn 0.000000 -0.000000 1.000000
vn 0.000000 -0.000000 1.000000
vn 0.000000 -0.000000 1.000000
vn 0.000000 -0.000000 1.000000
vn 0.000000 -0.000000 1.000000
vn 0.000000 -0.000000 1.000000
vn 0.000000 -0.000000 1.000000
vn 0.000000 -0.000000 1.000000
vn 0.000000 -0.000000 1.000000
vn 0.000000 -0.000000 1.000000
vn 0.000000 -0.000000 1.000000
vn 0.000000 -0.000000 1.000000
vn 0.000000 -0.000000 1.000000
vn 0.000000 -0.000000 1.000000
vn 0.000000 -0.000000 1.000000
vn 0.000000 -0.000000 1.000000
vn 0.000000 -0.000000 1.000000
vn 0.000000 -0.000000 1.000000
vn 0.000000 -0.000000 1.000000
vn 0.000000 -0.000000 1.000000
vn 0.000000 -0.000000 1.000000
vn 0.000000 -0.000000 1.000000
vn 0.000000 -0.000000 1.000000
vn 0.000000 -0.000000 1.000000
vn 0.000000 -0.000000 1.000000
vn 0.000000 -0.000000 1.000000
vn 0.000000 -0.000000 1.000000
vn 0.000000 -0.000000 1.000000
vn 0.000000 0.000000 -1.000000
vn 0.000000 0.000000 -1.000000
vn 0.000000 0.000000 -1.000000
vn 0.000000 0.000000 -1.000000
vn 0.000000 0.295618 -0.955306
vn 0.000000 0.370698 -0.928754
vn 0.000018 0.275275 -0.961365
vn 0.000000 0.000000 -1.000000
vn 0.000000 0.345038 -0.938589
vn 0.000000 1.000000 0.000000
vn 0.000000 1.000000 0.000000
vn 0.000000 1.000000 0.000000
vn 0.000000 -0.000000 1.000000
vn 0.000000 -0.000000 1.000000
vn 0.000000 -0.000000 1.000000
vn 0.000000 -0.000000 1.000000
vn 0.000000 -0.000000 1.000000
vn 0.000000 -0.000000 1.000000
vn 1.000000 0.000000 0.000000
vn 1.000000 0.000000 0.000000
vn 1.000000 0.000000 0.000000
vn 1.000000 0.000000 0.000000
vn 1.000000 0.000000 0.000000
vn 1.000000 0.000000 0.000000
vn 0.000000 0.000000 -1.000000
vn 0.000000 0.000000 -1.000000
vn 0.000000 0.000000 -1.000000
vn 0.000000 0.000000 -1.000000
vn 0.000000 0.000000 -1.000000
vn 1.000000 0.000000 0.000000
vn 1.000000 0.000000 0.000000
vn 1.000000 0.000000 0.000000
vn 1.000000 0.000000 0.000000
vn 1.000000 0.000000 0.000000
vn 1.000000 0.000000 0.000000
vn 1.000000 0.000000 0.000000
vn 1.000000 0.000000 0.000000
vn 1.000000 0.000000 0.000000
vn -1.000000 0.000000 0.000000
vn -1.000000 0.000000 0.000000
vn -1.000000 0.000000 0.000000
vn -1.000000 0.000000 0.000000
vn -1.000000 0.000000 0.000000
vn -1.000000 0.000000 0.000000
vn -1.000000 0.000000 0.000000
vn -1.000000 0.000000 0.000000
vn -1.000000 0.000000 0.000000
vn -1.000000 0.000000 0.000000
vn -1.000000 0.000000 0.000000
vn 1.000000 0.000000 0.000000
vn 1.000000 0.000000 0.000000
vn 1.000000 0.000000 0.000000
vn 1.000000 0.000000 0.000000
vn 1.000000 0.000000 0.000000
vn 1.000000 0.000000 0.000000
vn 1.000000 0.000000 0.000000
vn 1.000000 0.000000 0.000000
vn 1.000000 0.000000 0.000000
vn 1.000000 0.000000 0.000000
vn 1.000000 0.000000 0.000000
vn 1.000000 0.000000 0.000000
vn 1.000000 0.000000 0.000000
vn 1.000000 0.000000 0.000000
vn 1.000000 0.000000 0.000000
vn 1.000000 0.000000 0.000000
vn 1.000000 0.000000 0.000000
vn 1.000000 0.000000 0.000000
vn 1.000000 0.000000 0.000000
vn 1.000000 0.000000 0.000000
vn -1.000000 0.000000 0.000000
vn -1.000000 0.000000 0.000000
vn -1.000000 0.000000 0.000000
vn -1.000000 0.000000 0.000000
vn -1.000000 0.000000 0.000000
vn -1.000000 0.000000 0.000000
vn 1.000000 0.000000 0.000000
vn 1.000000 0.000000 0.000000
vn 1.000000 0.000000 0.000000
vn 0.000000 -1.000000 -0.000000
vn 0.000000 -1.000000 -0.000000
vn 0.000000 -1.000000 -0.000000
vn 0.000000 -1.000000 -0.000000
vn 0.000000 -1.000000 -0.000000
vn 0.000000 -1.000000 -0.000000
vn 0.000000 -1.000000 -0.000000
vn 0.000000 -1.000000 -0.000000
vn 0.000000 -1.000000 -0.000000
vn 0.000000 -1.000000 -0.000000
vn 0.000000 -1.000000 -0.000000
vn 0.000000 -1.000000 -0.000000
vn 0.000000 -1.000000 -0.000000
vn 0.000000 -1.000000 -0.000000
vn 0.000000 -1.000000 -0.000000
vn 0.000000 -1.000000 -0.000000
vn 0.000000 -1.000000 -0.000000
vn 0.000000 -1.000000 -0.000000
vn 0.000000 1.000000 0.000000
vn 0.000000 1.000000 0.000000
vn 0.000000 1.000000 0.000000
vn 0.000000 1.000000 0.000000
vn 0.000000 1.000000 0.000000
vn 0.000000 1.000000 0.000000
vn 1.000000 0.000000 0.000000
vn 1.000000 0.000000 0.000000
vn 1.000000 0.000000 0.000000
vn 0.000000 1.000000 0.000000
vn 0.000000 1.000000 0.000000
vn 0.000000 1.000000 0.000000
vn 0.000000 1.000000 0.000000
vn 0.000000 1.000000 0.000000
vn 0.000000 1.000000 0.000000
vn 0.000000 1.000000 0.000000
vn 0.000000 1.000000 0.000000
vn 0.000000 1.000000 0.000000
vn 0.000000 1.000000 0.000000
vn 0.000000 1.000000 0.000000
vn 0.000000 1.000000 0.000000
vn 0.000000 1.000000 0.000000
vn 0.000000 -1.000000 -0.000000
vn 0.000000 -1.000000 -0.000000
vn 0.000000 -1.000000 -0.000000
vn 0.000000 -1.000000 -0.000000
vn 0.000000 -1.000000 -0.000000
vn 1.000000 0.000000 0.000000
vn 1.000000 0.000000 0.000000
vn 1.000000 0.000000 0.000000
vn 1.000000 0.000000 0.000000
vn 1.000000 0.000000 0.000000
vn 1.000000 0.000000 0.000000
vn 1.000000 0.000000 0.000000
vn 1.000000 0.000000 0.000000
vn 1.000000 0.000000 0.000000
vn 0.000000 1.000000 0.000000
vn 0.000000 1.000000 0.000000
vn 0.000000 1.000000 0.000000
vn 0.000000 0.000000 -1.000000
vn 0.000000 0.000000 -1.000000
vn 0.000000 0.000000 -1.000000
vn 0.000000 0.000000 -1.000000
vn 0.000000 0.000000 -1.000000
vn 0.000000 0.000000 -1.000000
vn 0.000000 0.000000 -1.000000
vn 0.000000 0.000000 -1.000000
vn -1.000000 0.000000 0.000000
vn -1.000000 0.000000 0.000000
vn -1.000000 0.000000 0.000000
vn -1.000000 0.000000 0.000000
vn -1.000000 0.000000 0.000000
vn -1.000000 0.000000 0.000000
vn 0.000000 0.000000 -1.000000
vn 0.000000 0.000000 -1.000000
vn 0.000000 0.000000 -1.000000
vn 0.000000 0.000000 -1.000000
vn 0.000000 0.000000 -1.000000
vn 0.000000 0.000000 -1.000000
vn 0.000000 0.000000 -1.000000
vn 0.000000 0.000000 -1.000000
vn 0.000000 0.000000 -1.000000
vn 0.000000 0.000000 -1.000000
vn 0.000000 0.000000 -1.000000
vn 0.000000 0.000000 -1.000000
vn 0.000000 -1.000000 -0.000000
vn 0.000000 -1.000000 -0.000000
vn 0.000000 -1.000000 -0.000000
vn 0.000000 0.000000 -1.000000
vn 0.000000 0.000000 -1.000000
vn 0.000000 0.000000 -1.000000
vn -1.000000 0.000000 0.000000
vn -1.000000 0.000000 0.000000
vn -1.000000 0.000000 0.000000
vn -1.000000 0.000000 0.000000
vn -1.000000 0.000000 0.000000
vn -1.000000 0.000000 0.000000
vn 1.000000 0.000000 0.000000
vn 1.000000 0.000000 0.000000
vn 1.000000 0.000000 0.000000
vn 1.000000 0.000000 0.000000
vn 1.000000 0.000000 0.000000
vn 1.000000 0.000000 0.000000
vn 1.000000 0.000000 0.000000
vn 1.000000 0.000000 0.000000
vn 1.000000 0.000000 0.000000
vn 1.000000 0.000000 0.000000
vn 1.000000 0.000000 0.000000
vn 1.000000 0.000000 0.000000
vn 1.000000 0.000000 0.000000
vn 1.000000 0.000000 0.000000
vn 1.000000 0.000000 0.000000
vn 1.000000 0.000000 0.000000
vn 1.000000 0.000000 0.000000
vn 1.000000 0.000000 0.000000
vn 1.000000 0.000000 0.000000
vn 1.000000 0.000000 0.000000
vn 1.000000 0.000000 0.000000
vn 1.000000 0.000000 0.000000
vn 0.000000 -1.000000 -0.000000
vn 0.000000 -1.000000 -0.000000
vn 0.000000 -1.000000 -0.000000
vn 0.000000 -1.000000 -0.000000
vn 0.000000 -1.000000 -0.000000
vn 0.000000 -1.000000 -0.000000
vn 0.000000 -1.000000 -0.000000
vn 0.000000 -1.000000 -0.000000
vn 0.000000 -1.000000 -0.000000
vn 0.000000 -1.000000 -0.000000
vn 0.000000 -1.000000 -0.000000
vn 0.000000 -0.000000 1.000000
vn 0.000000 -0.000000 1.000000
vn 0.000000 -0.000000 1.000000
vn 0.000000 -0.000000 1.000000
vn 0.000000 -0.000000 1.000000
vn 0.000000 0.000000 -1.000000
vn 0.000000 0.000000 -1.000000
vn 0.000000 0.000000 -1.000000
vn -1.000000 0.000000 0.000000
vn -1.000000 0.000000 0.000000
vn -1.000000 0.000000 0.000000
vn 1.000000 0.000000 0.000000
vn 1.000000 0.000000 0.000000
vn 1.000000 0.000000 0.000000
vn -1.000000 0.000000 0.000000
vn -1.000000 0.000000 0.000000
vn -1.000000 0.000000 0.000000
vn -1.000000 0.000000 0.000000
vn -1.000000 0.000000 0.000000
vn -1.000000 0.000000 0.000000
vn 0.000000 0.000000 -1.000000
vn 0.000000 0.000000 -1.000000
vn 0.000000 0.000000 -1.000000
vn 0.000000 1.000000 0.000000
vn 0.000000 1.000000 0.000000
vn 0.000000 1.000000 0.000000
vn 0.000000 -0.000000 1.000000
vn 0.000000 -0.000000 1.000000
vn 0.000000 -0.000000 1.000000
vn 0.000000 -0.000000 1.000000
vn 0.000000 -0.000000 1.000000
vn 0.000000 -0.000000 1.000000
vn 0.000000 -0.000000 1.000000
vn 0.000000 -0.000000 1.000000
vn 0.000000 -0.000000 1.000000
vn 0.000000 -0.000000 1.000000
vn 0.000000 -0.000000 1.000000
vn 0.000000 -0.000000 1.000000
vn 0.000000 1.000000 0.000000
vn 0.000000 1.000000 0.000000
vn 0.000000 1.000000 0.000000
vn 1.000000 0.000000 0.000000
vn 1.000000 0.000000 0.000000
vn 1.000000 0.000000 0.000000
vn 1.000000 0.000000 0.000000
vn 1.000000 0.000000 0.000000
vn 1.000000 0.000000 0.000000
vn 1.000000 0.000000 0.000000
vn 1.000000 0.000000 0.000000
vn 1.000000 0.000000 0.000000
vn 1.000000 0.000000 0.000000
vn 1.000000 0.000000 0.000000
vn 1.000000 0.000000 0.000000
vn -1.000000 0.000000 0.000000
vn -1.000000 0.000000 0.000000
vn -1.000000 0.000000 0.000000
vn 0.000000 -1.000000 -0.000000
vn 0.000000 -1.000000 -0.000000
vn 0.000000 -1.000000 -0.000000
vn 0.000000 -0.000000 1.000000
vn 0.000000 -0.000000 1.000000
vn 0.000000 -0.000000 1.000000
vn 0.000000 -0.000000 1.000000
vn 0.000000 -0.000000 1.000000
vn -1.000000 0.000000 0.000000
vn -1.000000 0.000000 0.000000
vn -1.000000 0.000000 0.000000
vn -1.000000 0.000000 0.000000
vn -1.000000 0.000000 0.000000
vn -1.000000 0.000000 0.000000
vn -1.000000 0.000000 0.000000
vn -1.000000 0.000000 0.000000
vn -1.000000 0.000000 0.000000
vn -1.000000 0.000000 0.000000
vn -1.000000 0.000000 0.000000
vn -1.000000 0.000000 0.000000
vn -1.000000 0.000000 0.000000
vn -1.000000 0.000000 0.000000
vn 0.000000 -1.000000 -0.000000
vn 0.000000 -1.000000 -0.000000
vn 0.000000 -1.000000 -0.000000
vn 0.000000 -0.000000 1.000000
vn 0.000000 -0.000000 1.000000
vn 0.000000 -0.000000 1.000000
vn 0.000000 1.000000 0.000000
vn 0.000000 1.000000 0.000000
vn 0.000000 1.000000 0.000000
vn 0.000000 1.000000 0.000000
vn 0.000000 1.000000 0.000000
vn 0.000000 1.000000 0.000000
vn 0.000000 1.000000 0.000000
vn 0.000000 1.000000 0.000000
vn 0.000000 1.000000 0.000000
vn 0.000000 1.000000 0.000000
vn 0.000000 1.000000 0.000000
vn 0.000000 0.000000 -1.000000
vn 0.000000 0.000000 -1.000000
vn 0.000000 0.000000 -1.000000
vn 0.000000 0.000000 -1.000000
vn 0.000000 0.000000 -1.000000
vn 1.000000 0.000000 0.000000
vn 1.000000 0.000000 0.000000
vn 1.000000 0.000000 0.000000
vn 1.000000 0.000000 0.000000
vn 1.000000 0.000000 0.000000
vn 1.000000 0.000000 0.000000
vn 1.000000 0.000000 0.000000
vn 1.000000 0.000000 0.000000
vn 1.000000 0.000000 0.000000
vn 1.000000 0.000000 0.000000
vn 1.000000 0.000000 0.000000
vn 1.000000 0.000000 0.000000
vn 1.000000 0.000000 0.000000
vn 1.000000 0.000000 0.000000
vn 1.000000 0.000000 0.000000
vn 1.000000 0.000000 0.000000
vn 1.000000 0.000000 0.000000
vn 1.000000 0.000000 0.000000
vn 1.000000 0.000000 0.000000
vn 1.000000 0.000000 0.000000
vn 1.000000 0.000000 0.000000
vn -1.000000 0.000000 0.000000
vn -1.000000 0.000000 0.000000
vn -1.000000 0.000000 0.000000
vn -1.000000 0.000000 0.000000
vn -1.000000 0.000000 0.000000
vn -1.000000 0.000000 0.000000
vn -1.000000 0.000000 0.000000
vn -1.000000 0.000000 0.000000
vn -1.000000 0.000000 0.000000
vn -1.000000 0.000000 0.000000
vn -1.000000 0.000000 0.000000
vn 0.000000 -1.000000 -0.000000
vn 0.000000 -1.000000 -0.000000
vn 0.000000 -1.000000 -0.000000
vn -1.000000 0.000000 0.000000
vn -1.000000 0.000000 0.000000
vn -1.000000 0.000000 0.000000
vn 0.000000 -1.000000 -0.000000
vn 0.000000 -1.000000 -0.000000
vn 0.000000 -1.000000 -0.000000
vn 0.000000 -1.000000 -0.000000
vn 0.000000 -1.000000 -0.000000
vn 0.000000 -1.000000 -0.000000
vn 0.000000 -1.000000 -0.000000
vn 0.000000 -1.000000 -0.000000
vn 0.000000 -1.000000 -0.000000
vn 0.000000 -1.000000 -0.000000
vn 0.000000 -1.000000 -0.000000
vn 0.000000 -1.000000 -0.000000
vn 0.000000 -1.000000 -0.000000
vn 0.000000 1.000000 0.000000
vn 0.000000 1.000000 0.000000
vn 0.000000 1.000000 0.000000
vn 1.000000 0.000000 0.000000
vn 1.000000 0.000000 0.000000
vn 1.000000 0.000000 0.000000
vn -1.000000 0.000000 0.000000
vn -1.000000 0.000000 0.000000
vn -1.000000 0.000000 0.000000
vn -1.000000 0.000000 0.000000
vn -1.000000 0.000000 0.000000
vn 1.000000 0.000000 0.000000
vn 1.000000 0.000000 0.000000
vn 1.000000 0.000000 0.000000
vn 1.000000 0.000000 0.000000
vn 1.000000 0.000000 0.000000
vn 1.000000 0.000000 0.000000
vn 0.000000 -0.000000 1.000000
vn 0.000000 -0.000000 1.000000
vn 0.000000 -0.000000 1.000000
vn 0.000000 -0.000000 1.000000
vn 0.000000 -0.000000 1.000000
vn 0.000000 -0.000000 1.000000
vn 0.000000 -0.000000 1.000000
vn 0.000000 -0.000000 1.000000
vn 0.000000 0.000000 -1.000000
vn 0.000000 0.000000 -1.000000
vn 0.000000 0.000000 -1.000000
vn 0.000000 0.000000 -1.000000
vn 0.000000 0.000000 -1.000000
vn 0.000000 0.000000 -1.000000
vn 0.000000 0.000000 -1.000000
vn 0.000000 0.000000 -1.000000
vn 0.000000 0.000000 -1.000000
vn -1.000000 0.000000 0.000000
vn -1.000000 0.000000 0.000000
vn -1.000000 0.000000 0.000000
vn -1.000000 0.000000 0.000000
vn -1.000000 0.000000 0.000000
vn -1.000000 0.000000 0.000000
vn 1.000000 0.000000 0.000000
vn 1.000000 0.000000 0.000000
vn 1.000000 0.000000 0.000000
vn 0.000000 -1.000000 -0.000000
vn 0.000000 -1.000000 -0.000000
vn 0.000000 -1.000000 -0.000000
vn 1.000000 0.000000 0.000000
vn 1.000000 0.000000 0.000000
vn 1.000000 0.000000 0.000000
vn 0.000000 1.000000 0.000000
vn 0.000000 1.000000 0.000000
vn 0.000000 1.000000 0.000000
vn 0.000000 1.000000 0.000000
vn 0.000000 1.000000 0.000000
vn 0.000000 1.000000 0.000000
vn 0.000000 1.000000 0.000000
vn 0.000000 1.000000 0.000000
vn 0.000000 1.000000 0.000000
vn 0.000000 1.000000 0.000000
vn 0.000000 1.000000 0.000000
vn 0.000000 1.000000 0.000000
vn 0.000000 -0.000000 1.000000
vn 0.000000 -0.000000 1.000000
vn 0.000000 -0.000000 1.000000
vn 0.000000 -0.000000 1.000000
vn 0.000000 -0.000000 1.000000
vn 0.000000 -1.000000 -0.000000
vn 0.000000 -1.000000 -0.000000
vn 0.000000 -1.000000 -0.000000
vn 1.000000 0.000000 0.000000
vn 1.000000 0.000000 0.000000
vn 1.000000 0.000000 0.000000
vn 1.000000 0.000000 0.000000
vn 1.000000 0.000000 0.000000
vn 1.000000 0.000000 0.000000
vn 1.000000 0.000000 0.000000
vn 1.000000 0.000000 0.000000
vn 1.000000 0.000000 0.000000
vn 0.000000 -0.000000 1.000000
vn 0.000000 -0.000000 1.000000
vn 0.000000 -0.000000 1.000000
vn -1.000000 0.000000 0.000000
vn -1.000000 0.000000 0.000000
vn -1.000000 0.000000 0.000000
vn 0.000000 -0.000000 1.000000
vn 0.000000 -0.000000 1.000000
vn 0.000000 -0.000000 1.000000
vn 0.000000 -0.000000 1.000000
vn 0.000000 -0.000000 1.000000
vn 0.000000 -0.000000 1.000000
vn 0.000000 1.000000 0.000000
vn 0.000000 1.000000 0.000000
vn 0.000000 1.000000 0.000000
vn -1.000000 0.000000 0.000000
vn -1.000000 0.000000 0.000000
vn -1.000000 0.000000 0.000000
vn -1.000000 0.000000 0.000000
vn -1.000000 0.000000 0.000000
vn 0.000000 0.000000 -1.000000
vn 0.000000 0.000000 -1.000000
vn 0.000000 0.000000 -1.000000
vn 0.000000 0.000000 -1.000000
vn 0.000000 0.000000 -1.000000
vn 0.000000 0.000000 -1.000000
vn 0.000000 0.000000 -1.000000
vn 1.000000 0.000000 0.000000
vn 1.000000 0.000000 0.000000
vn 1.000000 0.000000 0.000000
vn -1.000000 0.000000 0.000000
vn -1.000000 0.000000 0.000000
vn -1.000000 0.000000 0.000000
vn 0.000000 -1.000000 -0.000000
vn 0.000000 -1.000000 -0.000000
vn 0.000000 -1.000000 -0.000000
vn -1.000000 0.000000 0.000000
vn -1.000000 0.000000 0.000000
vn -1.000000 0.000000 0.000000
vn -1.000000 0.000000 0.000000
vn -1.000000 0.000000 0.000000
vn -1.000000 0.000000 0.000000
vn 0.000000 -0.000000 1.000000
vn 0.000000 -0.000000 1.000000
vn 0.000000 -0.000000 1.000000
vn 0.000000 -0.000000 1.000000
vn 0.000000 -0.000000 1.000000
vn 0.000000 -0.000000 1.000000
vn 0.000000 -0.000000 1.000000
vn 0.000000 -0.000000 1.000000
vn 0.000000 -0.000000 1.000000
vn 0.000000 -0.000000 1.000000
vn 0.000000 -0.000000 1.000000
vn 0.000000 -1.000000 -0.000000
vn 0.000000 -1.000000 -0.000000
vn 0.000000 -1.000000 -0.000000
vn 0.000000 -1.000000 -0.000000
vn 0.000000 -1.000000 -0.000000
vn 0.000000 -1.000000 -0.000000
vn 0.000000 -1.000000 -0.000000
vn 0.000000 -1.000000 -0.000000
vn 0.000000 -1.000000 -0.000000
vn 0.000000 0.000000 -1.000000
vn 0.000000 0.000000 -1.000000
vn 0.000000 0.000000 -1.000000
vn 0.000000 0.000000 -1.000000
vn 0.000000 0.000000 -1.000000
vn 0.000000 -0.000000 1.000000
vn 0.000000 -0.000000 1.000000
vn 0.000000 -0.000000 1.000000
vn 1.000000 0.000000 0.000000
vn 1.000000 0.000000 0.000000
vn 1.000000 0.000000 0.000000
vn 1.000000 0.000000 0.000000
vn 1.000000 0.000000 0.000000
vn 1.000000 0.000000 0.000000
vn 1.000000 0.000000 0.000000
vn 1.000000 0.000000 0.000000
vn 1.000000 0.000000 0.000000
vn 1.000000 0.000000 0.000000
vn 1.000000 0.000000 0.000000
vn 1.000000 0.000000 0.000000
vn -1.000000 0.000000 0.000000
vn -1.000000 0.000000 0.000000
vn -1.000000 0.000000 0.000000
vn 0.000000 0.000000 -1.000000
vn 0.000000 0.000000 -1.000000
vn 0.000000 0.000000 -1.000000
vn 0.000000 0.000000 -1.000000
vn 0.000000 0.000000 -1.000000
vn -1.000000 0.000000 0.000000
vn -1.000000 0.000000 0.000000
vn -1.000000 0.000000 0.000000
vn -1.000000 0.000000 0.000000
vn -1.000000 0.000000 0.000000
vn 0.000000 -0.000000 1.000000
vn 0.000000 -0.000000 1.000000
vn 0.000000 -0.000000 1.000000
vn 0.000000 -0.000000 1.000000
vn 0.000000 -0.000000 1.000000
vn 0.000000 -0.000000 1.000000
vn 0.000000 -0.000000 1.000000
vn 0.000000 -0.000000 1.000000
vn 0.000000 -0.000000 1.000000
vn 0.000000 -0.000000 1.000000
vn 0.000000 -0.000000 1.000000
vn -1.000000 0.000000 0.000000
vn -1.000000 0.000000 0.000000
vn -1.000000 0.000000 0.000000
vn -1.000000 0.000000 0.000000
vn -1.000000 0.000000 0.000000
vn -1.000000 0.000000 0.000000
vn 1.000000 0.000000 0.000000
vn 1.000000 0.000000 0.000000
vn 1.000000 0.000000 0.000000
vn 1.000000 0.000000 0.000000
vn 1.000000 0.000000 0.000000
vn 1.000000 0.000000 0.000000
vn 1.000000 0.000000 0.000000
vn 1.000000 0.000000 0.000000
vn 1.000000 0.000000 0.000000
vn 1.000000 0.000000 0.000000
vn 1.000000 0.000000 0.000000
vn 1.000000 0.000000 0.000000
vn 1.000000 0.000000 0.000000
vn 1.000000 0.000000 0.000000
vn -1.000000 0.000000 0.000000
vn -1.000000 0.000000 0.000000
vn -1.000000 0.000000 0.000000
vn 1.000000 0.000000 0.000000
vn 1.000000 0.000000 0.000000
vn 1.000000 0.000000 0.000000
vn 1.000000 0.000000 0.000000
vn 1.000000 0.000000 0.000000
vn 1.000000 0.000000 0.000000
vn 1.000000 0.000000 0.000000
vn 1.000000 0.000000 0.000000
vn 1.000000 0.000000 0.000000
vn 1.000000 0.000000 0.000000
vn 1.000000 0.000000 0.000000
vn 1.000000 0.000000 0.000000
vn 1.000000 0.000000 0.000000
vn 1.000000 0.000000 0.000000
vn 0.000000 -1.000000 -0.000000
vn 0.000000 -1.000000 -0.000000
vn 0.000000 -1.000000 -0.000000
vn 1.000000 0.000000 0.000000
vn 1.000000 0.000000 0.000000
vn 1.000000 0.000000 0.000000
vn 1.000000 0.000000 0.000000
vn 1.000000 0.000000 0.000000
vn 1.000000 0.000000 0.000000
vn 1.000000 0.000000 0.000000
vn 1.000000 0.000000 0.000000
vn 1.000000 0.000000 0.000000
vn 1.000000 0.000000 0.000000
vn 1.000000 0.000000 0.000000
vn 1.000000 0.000000 0.000000
vn 0.000000 -0.000000 1.000000
vn 0.000000 -0.000000 1.000000
vn 0.000000 -0.000000 1.000000
vn 0.000000 -0.000000 1.000000
vn 0.000000 -0.000000 1.000000
vn 0.000000 -0.000000 1.000000
vn 0.000000 -0.000000 1.000000
vn 0.000000 -0.000000 1.000000
vn 0.000000 -0.000000 1.000000
vn 0.000000 -0.000000 1.000000
vn 0.000000 -0.000000 1.000000
vn 1.000000 0.000000 0.000000
vn 1.000000 0.000000 0.000000
vn 1.000000 0.000000 0.000000
vn 1.000000 0.000000 0.000000
vn 1.000000 0.000000 0.000000
vn 1.000000 0.000000 0.000000
vn 1.000000 0.000000 0.000000
vn 1.000000 0.000000 0.000000
vn 1.000000 0.000000 0.000000
vn 1.000000 0.000000 0.000000
vn 1.000000 0.000000 0.000000
vn 1.000000 0.000000 0.000000
vn 0.000000 -1.000000 -0.000000
vn 0.000000 -1.000000 -0.000000
vn 0.000000 -1.000000 -0.000000
vn 0.000000 -1.000000 -0.000000
vn 0.000000 -1.000000 -0.000000
vn 0.000000 -1.000000 -0.000000
vn -1.000000 0.000000 0.000000
vn -1.000000 0.000000 0.000000
vn -1.000000 0.000000 0.000000
vn -1.000000 0.000000 0.000000
vn -1.000000 0.000000 0.000000
vn -1.000000 0.000000 0.000000
vn -1.000000 0.000000 0.000000
vn -1.000000 0.000000 0.000000
vn 0.000000 -0.000000 1.000000
vn 0.000000 -0.000000 1.000000
vn 0.000000 -0.000000 1.000000
vn 0.000000 -0.000000 1.000000
vn 0.000000 -0.000000 1.000000
vn 1.000000 0.000000 0.000000
vn 1.000000 0.000000 0.000000
vn 1.000000 0.000000 0.000000
vn 1.000000 0.000000 0.000000
vn 1.000000 0.000000 0.000000
vn 1.000000 0.000000 0.000000
vn 1.000000 0.000000 0.000000
vn 1.000000 0.000000 0.000000
vn 1.000000 0.000000 0.000000
vn 1.000000 0.000000 0.000000
vn 1.000000 0.000000 0.000000
vn 1.000000 0.000000 0.000000
vn -1.000000 0.000000 0.000000
vn -1.000000 0.000000 0.000000
vn -1.000000 0.000000 0.000000
vn -1.000000 0.000000 0.000000
vn -1.000000 0.000000 0.000000
vn -1.000000 0.000000 0.000000
vn 0.000000 0.000000 -1.000000
vn 0.000000 0.000000 -1.000000
vn 0.000000 0.000000 -1.000000
vn 0.000000 0.000000 -1.000000
vn 0.000000 0.000000 -1.000000
vn 1.000000 0.000000 0.000000
vn 1.000000 0.000000 0.000000
vn 1.000000 0.000000 0.000000
vn 1.000000 0.000000 0.000000
vn 1.000000 0.000000 0.000000
vn 1.000000 0.000000 0.000000
vn 1.000000 0.000000 0.000000
vn 1.000000 0.000000 0.000000
vn 1.000000 0.000000 0.000000
vn 1.000000 0.000000 0.000000
vn 1.000000 0.000000 0.000000
vn -1.000000 0.000000 0.000000
vn -1.000000 0.000000 0.000000
vn -1.000000 0.000000 0.000000
vn -1.000000 0.000000 0.000000
vn -1.000000 0.000000 0.000000
vn 0.000000 -1.000000 -0.000000
vn 0.000000 -1.000000 -0.000000
vn 0.000000 -1.000000 -0.000000
vn 0.000000 -1.000000 -0.000000
vn 0.000000 -1.000000 -0.000000
vn 0.000000 -1.000000 -0.000000
vn 0.000000 -1.000000 -0.000000
vn 0.000000 -1.000000 -0.000000
vn 0.000000 -1.000000 -0.000000
vn 0.000000 1.000000 0.000000
vn 0.000000 1.000000 0.000000
vn 0.000000 1.000000 0.000000
vn 0.000000 1.000000 0.000000
vn 0.000000 1.000000 0.000000
vn 0.000000 1.000000 0.000000
vn 0.000000 1.000000 0.000000
vn 0.000000 1.000000 0.000000
vn 0.000000 1.000000 0.000000
vn 0.000000 -0.000000 1.000000
vn 0.000000 -0.000000 1.000000
vn 0.000000 -0.000000 1.000000
vn 0.000000 -0.000000 1.000000
vn 0.000000 -0.000000 1.000000
vn 0.000000 -0.000000 1.000000
vn 0.000000 -1.000000 -0.000000
vn 0.000000 -1.000000 -0.000000
vn 0.000000 -1.000000 -0.000000
vn 0.000000 -1.000000 -0.000000
vn 0.000000 -1.000000 -0.000000
vn 0.000000 -1.000000 -0.000000
vn 0.000000 -0.000000 1.000000
vn 0.000000 -0.000000 1.000000
vn 0.000000 -0.000000 1.000000
vn 0.000000 1.000000 0.000000
vn 0.000000 1.000000 0.000000
vn 0.000000 1.000000 0.000000
vn 0.000000 1.000000 0.000000
vn 0.000000 1.000000 0.000000
vn 0.000000 1.000000 0.000000
vn 0.000000 1.000000 0.000000
vn 0.000000 1.000000 0.000000
vn 0.000000 1.000000 0.000000
vn 0.000000 -1.000000 -0.000000
vn 0.000000 -1.000000 -0.000000
vn 0.000000 -1.000000 -0.000000
vn 0.000000 -1.000000 -0.000000
vn 0.000000 -1.000000 -0.000000
vn 0.000000 -1.000000 -0.000000
vn 0.000000 -1.000000 -0.000000
vn 0.000000 -1.000000 -0.000000
vn 0.000000 -1.000000 -0.000000
vn 0.000000 -1.000000 -0.000000
vn 0.000000 -1.000000 -0.000000
vn 0.000000 -1.000000 -0.000000
vn 0.000000 -1.000000 -0.000000
vn 0.000000 -1.000000 -0.000000
vn 0.000000 -0.000000 1.000000
vn 0.000000 -0.000000 1.000000
vn 0.000000 -0.000000 1.000000
vn 0.000000 -0.000000 1.000000
vn 0.000000 -0.000000 1.000000
vn 0.000000 1.000000 0.000000
vn 0.000000 1.000000 0.000000
vn 0.000000 1.000000 0.000000
vn 0.000000 1.000000 0.000000
vn 0.000000 1.000000 0.000000
vn 0.000000 1.000000 0.000000
vn 0.000000 1.000000 0.000000
vn 0.000000 1.000000 0.000000
vn 0.000000 1.000000 0.000000
vn 0.000000 1.000000 0.000000
vn 0.000000 1.000000 0.000000
vn 0.000000 1.000000 0.000000
vn 1.000000 0.000000 0.000000
vn 1.000000 0.000000 0.000000
vn 1.000000 0.000000 0.000000
vn 0.000000 -0.000000 1.000000
vn 0.000000 -0.000000 1.000000
vn 0.000000 -0.000000 1.000000
vn 0.000000 -0.000000 1.000000
vn 0.000000 -0.000000 1.000000
vn 0.000000 -0.000000 1.000000
vn 0.000000 -0.000000 1.000000
vn 0.000000 -0.000000 1.000000
vn 0.000000 -0.000000 1.000000
vn 0.000000 -0.000000 1.000000
vn 0.000000 -0.000000 1.000000
vn -1.000000 0.000000 0.000000
vn -1.000000 0.000000 0.000000
vn -1.000000 0.000000 0.000000
vn -1.000000 0.000000 0.000000
vn -1.000000 0.000000 0.000000
vn -1.000000 0.000000 0.000000
vn 0.000000 -1.000000 -0.000000
vn 0.000000 -1.000000 -0.000000
vn 0.000000 -1.000000 -0.000000
vn 0.000000 1.000000 0.000000
vn 0.000000 1.000000 0.000000
vn 0.000000 1.000000 0.000000
vn 0.000000 1.000000 0.000000
vn 0.000000 1.000000 0.000000
vn 1.000000 0.000000 0.000000
vn 1.000000 0.000000 0.000000
vn 1.000000 0.000000 0.000000
vn -1.000000 0.000000 0.000000
vn -1.000000 0.000000 0.000000
vn -1.000000 0.000000 0.000000
vn -1.000000 0.000000 0.000000
vn -1.000000 0.000000 0.000000
vn -1.000000 0.000000 0.000000
vn 1.000000 0.000000 0.000000
vn 1.000000 0.000000 0.000000
vn 1.000000 0.000000 0.000000
vn 0.000000 0.000000 -1.000000
vn 0.000000 0.000000 -1.000000
vn 0.000000 0.000000 -1.000000
vn 0.000000 0.000000 -1.000000
vn 0.000000 0.000000 -1.000000
vn 0.000000 0.000000 -1.000000
vn 0.000000 0.000000 -1.000000
vn 0.000000 0.000000 -1.000000
vn 0.000000 0.000000 -1.000000
vn 0.000000 0.000000 -1.000000
vn 0.000000 0.000000 -1.000000
vn 0.000000 0.000000 -1.000000
vn 0.000000 0.000000 -1.000000
vn -1.000000 0.000000 0.000000
vn -1.000000 0.000000 0.000000
vn -1.000000 0.000000 0.000000
vn -1.000000 0.000000 0.000000
vn -1.000000 0.000000 0.000000
vn -1.000000 0.000000 0.000000
vn -1.000000 0.000000 0.000000
vn -1.000000 0.000000 0.000000
vn -1.000000 0.000000 0.000000
vn -1.000000 0.000000 0.000000
vn -1.000000 0.000000 0.000000
vn 1.000000 0.000000 0.000000
vn 1.000000 0.000000 0.000000
vn 1.000000 0.000000 0.000000
vn 1.000000 0.000000 0.000000
vn 1.000000 0.000000 0.000000
vn 1.000000 0.000000 0.000000
vn -1.000000 0.000000 0.000000
vn -1.000000 0.000000 0.000000
vn -1.000000 0.000000 0.000000
vn -1.000000 0.000000 0.000000
vn -1.000000 0.000000 0.000000
vn -1.000000 0.000000 0.000000
vn 0.000000 -0.000000 1.000000
vn 0.000000 -0.000000 1.000000
vn 0.000000 -0.000000 1.000000
vn 0.000000 -0.000000 1.000000
vn 0.000000 -0.000000 1.000000
vn 0.000000 0.000000 -1.000000
vn 0.000000 0.000000 -1.000000
vn 0.000000 0.000000 -1.000000
vn 0.000000 1.000000 0.000000
vn 0.000000 1.000000 0.000000
vn 0.000000 1.000000 0.000000
vn 1.000000 0.000000 0.000000
vn 1.000000 0.000000 0.000000
vn 1.000000 0.000000 0.000000
vn 1.000000 0.000000 0.000000
vn 1.000000 0.000000 0.000000
vn 1.000000 0.000000 0.000000
vn 1.000000 0.000000 0.000000
vn 1.000000 0.000000 0.000000
vn 1.000000 0.000000 0.000000
vn 1.000000 0.000000 0.000000
vn 1.000000 0.000000 0.000000
vn 1.000000 0.000000 0.000000
vn 1.000000 0.000000 0.000000
vn 1.000000 0.000000 0.000000
vn 1.000000 0.000000 0.000000
vn 1.000000 0.000000 0.000000
vn 1.000000 0.000000 0.000000
vn 1.000000 0.000000 0.000000
vn 1.000000 0.000000 0.000000
vn 1.000000 0.000000 0.000000
vn 1.000000 0.000000 0.000000
vn 1.000000 0.000000 0.000000
vn 1.000000 0.000000 0.000000
vn 1.000000 0.000000 0.000000
vn 1.000000 0.000000 0.000000
vn 1.000000 0.000000 0.000000
vn 1.000000 0.000000 0.000000
vn 1.000000 0.000000 0.000000
vn 1.000000 0.000000 0.000000
vn 1.000000 0.000000 0.000000
vn 1.000000 0.000000 0.000000
vn 1.000000 0.000000 0.000000
vn 1.000000 0.000000 0.000000
vn 1.000000 0.000000 0.000000
vn 1.000000 0.000000 0.000000
vn 1.000000 0.000000 0.000000
vn 1.000000 0.000000 0.000000
vn 1.000000 0.000000 0.000000
vn 1.000000 0.000000 0.000000
vn 1.000000 0.000000 0.000000
vn 1.000000 0.000000 0.000000
vn 1.000000 0.000000 0.000000
vn 1.000000 0.000000 0.000000
vn 0.000000 -0.000000 1.000000
vn 0.000000 -0.000000 1.000000
vn 0.000000 -0.000000 1.000000
vn -1.000000 0.000000 0.000000
vn -1.000000 0.000000 0.000000
vn -1.000000 0.000000 0.000000
vn -1.000000 0.000000 0.000000
vn -1.000000 0.000000 0.000000
vn -1.000000 0.000000 0.000000
vn -1.000000 0.000000 0.000000
vn -1.000000 0.000000 0.000000
vn -1.000000 0.000000 0.000000
vn -1.000000 0.000000 0.000000
vn -1.000000 0.000000 0.000000
vn -1.000000 0.000000 0.000000
vn -1.000000 0.000000 0.000000
vn -1.000000 0.000000 0.000000
vn -1.000000 0.000000 0.000000
vn -1.000000 0.000000 0.000000
vn -1.000000 0.000000 0.000000
vn -1.000000 0.000000 0.000000
vn -1.000000 0.000000 0.000000
vn -1.000000 0.000000 0.000000
vn -1.000000 0.000000 0.000000
vn -1.000000 0.000000 0.000000
vn -1.000000 0.000000 0.000000
vn -1.000000 0.000000 0.000000
vn -1.000000 0.000000 0.000000
vn -1.000000 0.000000 0.000000
vn -1.000000 0.000000 0.000000
vn -1.000000 0.000000 0.000000
vn -1.000000 0.000000 0.000000
vn 0.000000 -0.000000 1.000000
vn 0.000000 -0.000000 1.000000
vn 0.000000 -0.000000 1.000000
vn 0.000000 -0.000000 1.000000
vn 0.000000 -0.000000 1.000000
vn 0.000000 -0.000000 1.000000
vn 0.000000 0.000000 -1.000000
vn 0.000000 0.000000 -1.000000
vn 0.000000 0.000000 -1.000000
vn 0.000000 0.000000 -1.000000
vn 0.000000 0.000000 -1.000000
vn 0.000000 0.000000 -1.000000
vn 0.000000 0.000000 -1.000000
vn 0.000000 0.000000 -1.000000
vn 0.000000 0.000000 -1.000000
vn 0.000000 0.000000 -1.000000
vn 0.000000 0.000000 -1.000000
vn 0.000000 0.000000 -1.000000
vn -1.000000 0.000000 0.000000
vn -1.000000 0.000000 0.000000
vn -1.000000 0.000000 0.000000
vn -1.000000 0.000000 0.000000
vn -1.000000 0.000000 0.000000
vn 1.000000 0.000000 0.000000
vn 1.000000 0.000000 0.000000
vn 1.000000 0.000000 0.000000
vn 1.000000 0.000000 0.000000
vn 1.000000 0.000000 0.000000
vn 1.000000 0.000000 0.000000
vn 1.000000 0.000000 0.000000
vn 1.000000 0.000000 0.000000
vn 1.000000 0.000000 0.000000
vn 1.000000 0.000000 0.000000
vn 1.000000 0.000000 0.000000
vn 1.000000 0.000000 0.000000
vn 1.000000 0.000000 0.000000
vn 1.000000 0.000000 0.000000
vn 1.000000 0.000000 0.000000
vn 1.000000 0.000000 0.000000
vn 1.000000 0.000000 0.000000
vn 1.000000 0.000000 0.000000
vn 1.000000 0.000000 0.000000
vn 1.000000 0.000000 0.000000
vn 1.000000 0.000000 0.000000
vn 1.000000 0.000000 0.000000
vn 1.000000 0.000000 0.000000
vn 1.000000 0.000000 0.000000
vn 1.000000 0.000000 0.000000
vn 1.000000 0.000000 0.000000
vn -1.000000 0.000000 0.000000
vn -1.000000 0.000000 0.000000
vn -1.000000 0.000000 0.000000
vn -1.000000 0.000000 0.000000
vn -1.000000 0.000000 0.000000
vn 0.000000 -0.000000 1.000000
vn 0.000000 -0.000000 1.000000
vn 0.000000 -0.000000 1.000000
vn 1.000000 0.000000 0.000000
vn 1.000000 0.000000 0.000000
vn 1.000000 0.000000 0.000000
vn 1.000000 0.000000 0.000000
vn 1.000000 0.000000 0.000000
vn 1.000000 0.000000 0.000000
vn -1.000000 0.000000 0.000000
vn -1.000000 0.000000 0.000000
vn -1.000000 0.000000 0.000000
vn -1.000000 0.000000 0.000000
vn -1.000000 0.000000 0.000000
vn 0.000000 1.000000 0.000000
vn 0.000000 1.000000 0.000000
vn 0.000000 1.000000 0.000000
vn 0.000000 1.000000 0.000000
vn 0.000000 1.000000 0.000000
vn 0.000000 1.000000 0.000000
vn 0.000000 0.000000 -1.000000
vn 0.000000 0.000000 -1.000000
vn 0.000000 0.000000 -1.000000
vn 0.000000 0.000000 -1.000000
vn 0.000000 0.000000 -1.000000
vn 0.000000 0.000000 -1.000000
vn 0.000000 0.000000 -1.000000
vn 0.000000 0.000000 -1.000000
vn 0.000000 0.000000 -1.000000
vn 0.000000 0.000000 -1.000000
vn 0.000000 0.000000 -1.000000
vn 0.000000 0.000000 -1.000000
vn 0.000000 0.000000 -1.000000
vn 1.000000 0.000000 0.000000
vn 1.000000 0.000000 0.000000
vn 1.000000 0.000000 0.000000
vn 1.000000 0.000000 0.000000
vn 1.000000 0.000000 0.000000
vn 0.000000 1.000000 0.000000
vn 0.000000 1.000000 0.000000
vn 0.000000 1.000000 0.000000
vn 0.000000 1.000000 0.000000
vn 0.000000 1.000000 0.000000
vn 0.000000 1.000000 0.000000
vn 0.000000 1.000000 0.000000
vn 0.000000 1.000000 0.000000
vn 0.000000 1.000000 0.000000
vn 0.000000 1.000000 0.000000
vn 0.000000 0.000000 -1.000000
vn 0.000000 0.000000 -1.000000
vn 0.000000 0.000000 -1.000000
vn 1.000000 0.000000 0.000000
vn 1.000000 0.000000 0.000000
vn 1.000000 0.000000 0.000000
vn -1.000000 0.000000 0.000000
vn -1.000000 0.000000 0.000000
vn -1.000000 0.000000 0.000000
vn -1.000000 0.000000 0.000000
vn -1.000000 0.000000 0.000000
vn -1.000000 0.000000 0.000000
vn -1.000000 0.000000 0.000000
vn -1.000000 0.000000 0.000000
vn -1.000000 0.000000 0.000000
vn 0.000000 1.000000 0.000000
vn 0.000000 1.000000 0.000000
vn 0.000000 1.000000 0.000000
vn 0.000000 1.000000 0.000000
vn 0.000000 1.000000 0.000000
vn -1.000000 0.000000 0.000000
vn -1.000000 0.000000 0.000000
vn -1.000000 0.000000 0.000000
vn -1.000000 0.000000 0.000000
vn -1.000000 0.000000 0.000000
vn -1.000000 0.000000 0.000000
vn 0.000000 -1.000000 -0.000000
vn 0.000000 -1.000000 -0.000000
vn 0.000000 -1.000000 -0.000000
vn 0.000000 -1.000000 -0.000000
vn 1.000000 -0.000000 0.000247
vn 1.000000 -0.000000 0.000247
vn 1.000000 -0.000000 0.000247
vn 1.000000 -0.000000 0.000247
vn -1.000000 0.000000 -0.000130
vn -1.000000 0.000000 -0.000130
vn -1.000000 0.000000 -0.000130
vn -1.000000 0.000000 -0.000130
vn -0.999998 0.001730 -0.000248
vn -0.999998 0.001730 -0.000248
vn -0.999998 0.001730 -0.000248
vn -0.999998 0.001730 -0.000248
vn 0.000000 -1.000000 0.000316
vn 0.000000 -1.000000 0.000316
vn 0.000000 -1.000000 0.000316
vn 0.000000 -1.000000 0.000316
vn 1.000000 -0.000000 0.000158
vn 1.000000 -0.000000 0.000158
vn 1.000000 -0.000000 0.000158
vn 1.000000 -0.000000 0.000158
vn 0.000000 1.000000 -0.000316
vn 0.000000 1.000000 -0.000316
vn 0.000000 1.000000 -0.000316
vn 0.000000 1.000000 -0.000316
vn 0.000000 -0.000000 1.000000
vn 0.000000 -0.000000 1.000000
vn 0.000000 -0.000000 1.000000
vn 0.000000 -0.000000 1.000000
vn 0.000000 -0.000000 1.000000
vn 0.000000 -0.000000 1.000000
vn 0.000000 -0.000000 1.000000
vn 0.000000 -0.000000 1.000000
vn 0.000000 -0.000000 1.000000
vn 0.000000 -0.000000 1.000000
vn 0.000000 -0.000000 1.000000
vn 0.000000 -0.000000 1.000000
vn 0.000000 -0.000000 1.000000
vn 0.000000 -0.000000 1.000000
vn 0.000000 -0.000000 1.000000
vn 0.000000 -0.000000 1.000000
vn 0.000000 -1.000000 0.000316
vn 0.000000 -1.000000 0.000316
vn 0.000000 -1.000000 0.000316
vn 0.000000 -1.000000 0.000316
vn 0.000000 -0.000000 1.000000
vn 0.000000 -0.000000 1.000000
vn 0.000000 -0.000000 1.000000
vn 0.000000 -0.000000 1.000000
vn 0.000000 -0.000000 1.000000
vn 0.000000 -0.000000 1.000000
vn 0.000000 -0.000000 1.000000
vn 0.000000 -0.000000 1.000000
vn 0.000000 1.000000 -0.000316
vn 0.000000 1.000000 -0.000316
vn 0.000000 1.000000 -0.000316
vn 0.000000 1.000000 -0.000316
vn 0.000000 -1.000000 0.000316
vn 0.000000 -1.000000 0.000316
vn 0.000000 -1.000000 0.000316
vn 0.000000 -1.000000 0.000316
vn 0.000000 1.000000 -0.000316
vn 0.000000 1.000000 -0.000316
vn 0.000000 1.000000 -0.000316
vn 0.000000 1.000000 -0.000316
vn 0.000000 -0.000000 1.000000
vn 0.000000 -0.000000 1.000000
vn 0.000000 -0.000000 1.000000
vn 0.000000 -0.000000 1.000000
vn 0.000000 -0.000000 1.000000
vn 0.000000 -0.000000 1.000000
vn 0.000000 -0.000000 1.000000
vn 0.000000 -0.000000 1.000000
vn 0.000000 -0.000000 1.000000
vn 0.000000 -0.000000 1.000000
vn 0.000000 -0.000000 1.000000
vn 0.000000 -0.000000 1.000000
vn 0.000000 1.000000 -0.000316
vn 0.000000 1.000000 -0.000316
vn 0.000000 1.000000 -0.000316
vn 0.000000 1.000000 -0.000316
vn 1.000000 -0.000000 0.000119
vn 1.000000 -0.000000 0.000132
vn 1.000000 -0.000000 0.000106
vn 1.000000 -0.000000 0.000118
vn 1.000000 -0.000000 0.000078
vn 1.000000 -0.000000 0.000105
vn 1.000000 -0.000000 0.000117
vn 1.000000 -0.000000 0.000121
vn 1.000000 -0.000000 0.000097
vn 1.000000 -0.000000 0.000079
vn 1.000000 -0.000000 0.000118
vn 1.000000 -0.000000 0.000123
vn 1.000000 -0.000000 0.000103
vn 1.000000 -0.000000 0.000105
vn 1.000000 -0.000000 0.000118
vn 1.000000 -0.000000 0.000119
vn 1.000000 -0.000000 0.000107
vn 1.000000 -0.000000 0.000105
vn 1.000000 -0.000000 0.000132
vn 1.000000 -0.000000 0.000119
vn 1.000000 -0.000000 0.000119
vn 1.000000 -0.000000 0.000085
vn 1.000000 -0.000000 0.000106
vn 1.000000 -0.000000 0.000132
vn 1.000000 -0.000000 0.000112
vn 1.000000 -0.000000 0.000123
vn 1.000000 -0.000000 0.000103
vn 1.000000 -0.000000 0.000082
vn 1.000000 -0.000000 0.000119
vn 1.000000 -0.000000 0.000107
vn 1.000000 -0.000000 0.000119
vn 1.000000 -0.000000 0.000119
vn 0.000000 -1.000000 0.000316
vn 0.000000 -1.000000 0.000316
vn 0.000000 -1.000000 0.000316
vn 0.000000 -1.000000 0.000316
vn 0.000000 1.000000 -0.000316
vn 0.000000 1.000000 -0.000316
vn 0.000000 1.000000 -0.000316
vn 0.000000 1.000000 -0.000316
vn 1.000000 -0.000000 0.000158
vn 1.000000 -0.000000 0.000158
vn 1.000000 -0.000000 0.000158
vn 1.000000 -0.000000 0.000158
vn 0.000000 -1.000000 0.000316
vn 0.000000 -1.000000 0.000316
vn 0.000000 -1.000000 0.000316
vn 0.000000 -1.000000 0.000316
vn 0.000000 -1.000000 0.000394
vn 0.000000 -1.000000 0.000394
vn 0.000000 -1.000000 0.000394
vn 0.000000 -1.000000 0.000394
vn 1.000000 0.000000 0.000000
vn 1.000000 0.000000 0.000000
vn 1.000000 0.000000 0.000000
vn 1.000000 0.000000 0.000000
vn -1.000000 0.000000 -0.000119
vn -1.000000 0.000000 -0.000085
vn -1.000000 0.000000 -0.000109
vn -1.000000 0.000000 -0.000062
vn 0.000000 1.000000 -0.000316
vn 0.000000 1.000000 -0.000316
vn 0.000000 1.000000 -0.000316
vn 0.000000 1.000000 -0.000316
vn 0.000000 -1.000000 0.000316
vn 0.000000 -1.000000 0.000316
vn 0.000000 -1.000000 0.000316
vn 0.000000 -1.000000 0.000316
vn 0.000000 1.000000 -0.000316
vn 0.000000 1.000000 -0.000316
vn 0.000000 1.000000 -0.000316
vn 0.000000 1.000000 -0.000316
vn -1.000000 0.000000 -0.000122
vn -1.000000 0.000000 -0.000114
vn -1.000000 0.000000 -0.000118
vn -1.000000 0.000000 -0.000104
vn -1.000000 0.000000 -0.000075
vn -1.000000 0.000000 -0.000096
vn -1.000000 0.000000 -0.000119
vn -1.000000 0.000000 -0.000118
vn -1.000000 0.000000 -0.000132
vn -1.000000 0.000000 -0.000104
vn -1.000000 0.000000 -0.000078
vn -1.000000 0.000000 -0.000118
vn -1.000000 0.000000 -0.000105
vn -1.000000 0.000000 -0.000118
vn -1.000000 0.000000 -0.000119
vn -1.000000 0.000000 -0.000107
vn -1.000000 0.000000 -0.000105
vn -1.000000 0.000000 -0.000132
vn -1.000000 0.000000 -0.000119
vn -1.000000 0.000000 -0.000119
vn -1.000000 0.000000 -0.000128
vn -1.000000 0.000000 -0.000107
vn -1.000000 0.000000 -0.000090
vn -1.000000 0.000000 -0.000118
vn -1.000000 0.000000 -0.000122
vn -1.000000 0.000000 -0.000104
vn -1.000000 0.000000 -0.000132
vn -1.000000 0.000000 -0.000083
vn -1.000000 0.000000 -0.000119
vn -1.000000 0.000000 -0.000107
vn -1.000000 0.000000 -0.000119
vn -1.000000 0.000000 -0.000119
vn -1.000000 0.000000 -0.000119
vn -1.000000 0.000000 -0.000086
vn -1.000000 0.000000 -0.000109
vn -1.000000 0.000000 -0.000049
vn 0.000000 1.000000 -0.000494
vn 0.000000 1.000000 -0.000494
vn 0.000000 1.000000 -0.000494
vn 0.000000 1.000000 -0.000494
vn 0.000000 1.000000 0.000000
vn 0.000000 1.000000 0.000000
vn 0.000000 1.000000 0.000000
vn 0.000000 1.000000 0.000000
vn 0.000000 1.000000 0.000000
vn 0.000000 1.000000 0.000000
vn 0.000000 1.000000 0.000000
vn 0.000000 1.000000 0.000000
vn 0.000000 -1.000000 0.000316
vn 0.000000 -1.000000 0.000316
vn 0.000000 -1.000000 0.000316
vn 0.000000 -1.000000 0.000316
vn 0.000000 -1.000000 0.000316
vn 0.000000 -1.000000 0.000316
vn 0.000000 -1.000000 0.000316
vn 0.000000 -1.000000 0.000316
vn -0.999998 0.001730 -0.000158
vn -0.999998 0.001730 -0.000158
vn -0.999998 0.001730 -0.000158
vn -0.999998 0.001730 -0.000158
vn 0.000000 1.000000 -0.000393
vn 0.000000 1.000000 -0.000391
vn 0.000000 1.000000 -0.000398
vn 0.000000 1.000000 -0.000389
vn 0.000000 1.000000 -0.000384
vn 0.000000 1.000000 -0.000392
vn 0.000000 0.000000 -1.000000
vn 0.000000 0.000000 -1.000000
vn 0.000000 0.000000 -1.000000
vn 0.000000 0.000000 -1.000000
vn 0.000000 0.000000 -1.000000
vn 0.000000 0.000000 -1.000000
vn 0.000000 0.000000 -1.000000
vn 0.000000 0.000000 -1.000000
vn 0.000030 0.456615 -0.889664
vn 0.000018 0.275275 -0.961365
vn 0.000000 0.345038 -0.938589
vn 0.000022 0.169662 -0.985502
vn 0.000000 0.000000 -1.000000
vn 0.000000 0.000000 -1.000000
vn 0.000000 0.000000 -1.000000
vn 0.000000 0.000000 -1.000000
vn 0.000000 0.000000 -1.000000
vn 0.000000 0.000000 -1.000000
vn 0.000000 0.000000 -1.000000
vn 0.000000 0.000000 -1.000000
vn 0.000000 0.000000 -1.000000
vn 0.000000 0.000000 -1.000000
vn 0.000000 0.000000 -1.000000
vn 0.000000 0.000000 -1.000000
vn 0.000000 0.000000 -1.000000
vn 0.000000 0.000000 -1.000000
vn 0.000000 0.000000 -1.000000
vn 0.000000 0.000000 -1.000000
vn 0.000000 0.000000 -1.000000
vn 0.000000 0.000000 -1.000000
vn 0.000000 0.000000 -1.000000
vn 0.000000 0.000000 -1.000000
vn 0.000000 0.000000 -1.000000
vn 0.000000 0.000000 -1.000000
vn 0.000000 0.000000 -1.000000
vn 0.000000 0.000000 -1.000000
vn 0.000000 0.000000 -1.000000
vn 0.000000 0.000000 -1.000000
vn 0.000000 0.000000 -1.000000
vn 0.000000 0.000000 -1.000000
vn 0.000000 0.000000 -1.000000
vn 0.000000 0.000000 -1.000000
vn 0.000000 0.000000 -1.000000
vn 0.000000 0.000000 -1.000000
vn 0.000000 0.000000 -1.000000
vn 0.000000 0.000000 -1.000000
vn 0.000000 0.000000 -1.000000
vn 0.000000 0.000000 -1.000000
vn 0.000000 0.000000 -1.000000
vn 0.000000 0.000000 -1.000000
vn 0.000000 0.000000 -1.000000
vn 0.000000 0.000000 -1.000000
vn 0.000000 0.000000 -1.000000
vn 0.000000 0.000000 -1.000000
vn 0.000000 0.000000 -1.000000
vn 0.000000 0.000000 -1.000000
vn 1.000000 -0.000000 0.000130
vn 1.000000 -0.000000 0.000130
vn 1.000000 -0.000000 0.000130
vn 1.000000 -0.000000 0.000130
vn 0.000048 -0.724160 -0.689632
vn 0.000048 -0.724160 -0.689632
vn 0.000020 -0.989523 -0.144373
vn 0.000000 -0.724182 -0.689609
vn 0.000000 1.000000 0.000000
vn 0.000000 1.000000 0.000000
vn 0.000000 1.000000 0.000000
vn 0.000000 1.000000 0.000000
vn 0.000000 1.000000 -0.000547
vn 0.000000 1.000000 -0.000547
vn 0.000000 1.000000 -0.000547
vn 0.000000 1.000000 -0.000547
vn 1.000000 0.000062 0.000097
vn 1.000000 0.000062 0.000097
vn 1.000000 -0.000010 0.000193
vn 1.000000 0.000135 0.000000
vn 1.000000 -0.000000 0.000085
vn 1.000000 -0.000000 0.000119
vn 1.000000 -0.000000 0.000109
vn 1.000000 -0.000000 0.000061
vn 0.000000 -1.000000 0.000494
vn 0.000000 -1.000000 0.000494
vn 0.000000 -1.000000 0.000494
vn 0.000000 -1.000000 0.000494
vn 0.000000 -1.000000 0.000494
vn 0.000000 -1.000000 0.000494
vn 0.000000 -1.000000 0.000494
vn 0.000000 -1.000000 0.000494
vn 0.000000 -1.000000 0.000494
vn 0.000000 -1.000000 0.000494
vn 0.000000 -1.000000 0.000494
vn 0.000000 -1.000000 0.000494
vn 0.000000 1.000000 -0.000494
vn 0.000000 1.000000 -0.000494
vn 0.000000 1.000000 -0.000494
vn 0.000000 1.000000 -0.000494
vn 0.000000 1.000000 -0.000494
vn 0.000000 1.000000 -0.000494
vn 0.000000 1.000000 -0.000494
vn 0.000000 1.000000 -0.000494
vn 0.000000 1.000000 -0.000494
vn 0.000000 1.000000 -0.000494
vn 0.000000 1.000000 -0.000494
vn 0.000000 1.000000 -0.000494
vn 0.000000 -1.000000 0.000494
vn 0.000000 -1.000000 0.000494
vn 0.000000 -1.000000 0.000494
vn 0.000000 -1.000000 0.000494
vn 0.000000 1.000000 -0.000494
vn 0.000000 1.000000 -0.000494
vn 0.000000 1.000000 -0.000494
vn 0.000000 1.000000 -0.000494
vn 0.000000 1.000000 -0.000590
vn 0.000000 1.000000 -0.000590
vn 0.000000 1.000000 -0.000590
vn 0.000000 1.000000 -0.000590
vn 0.000000 1.000000 -0.000494
vn 0.000000 1.000000 -0.000494
vn 0.000000 1.000000 -0.000494
vn 0.000000 1.000000 -0.000494
vn 0.000000 -0.000000 1.000000
vn 0.000000 -0.000000 1.000000
vn 0.000000 -0.000000 1.000000
vn 0.000000 -0.000000 1.000000
vn 0.000000 -1.000000 0.000494
vn 0.000000 -1.000000 0.000494
vn 0.000000 -1.000000 0.000494
vn 0.000000 -1.000000 0.000494
vn 0.000000 -0.000000 1.000000
vn 0.000000 -0.000000 1.000000
vn 0.000000 -0.000000 1.000000
vn 0.000000 -0.000000 1.000000
vn 0.000000 -0.000000 1.000000
vn 0.000000 -0.000000 1.000000
vn 0.000000 -0.000000 1.000000
vn 0.000000 -0.000000 1.000000
vn 0.000000 -0.000000 1.000000
vn 0.000000 -0.000000 1.000000
vn 0.000000 -0.000000 1.000000
vn 0.000000 -0.000000 1.000000
vn 0.000000 -0.000000 1.000000
vn 0.000000 -0.000000 1.000000
vn 0.000000 -0.000000 1.000000
vn 0.000000 -0.000000 1.000000
vn 0.000000 -0.000000 1.000000
vn 0.000000 -0.000000 1.000000
vn 0.000000 -0.000000 1.000000
vn 0.000000 -0.000000 1.000000
vn 0.000000 -0.000000 1.000000
vn 0.000000 -0.000000 1.000000
vn 0.000000 -0.000000 1.000000
vn 0.000000 -0.000000 1.000000
vn 0.000000 -0.000000 1.000000
vn 0.000000 -0.000000 1.000000
vn 0.000000 -0.000000 1.000000
vn 0.000000 -0.000000 1.000000
vn 0.000000 -0.000000 1.000000
vn 0.000000 -0.000000 1.000000
vn 0.000000 -0.000000 1.000000
vn 0.000000 -0.000000 1.000000
vn 0.000000 -0.000000 1.000000
vn 0.000000 -0.000000 1.000000
vn 0.000000 -0.000000 1.000000
vn 0.000000 -0.000000 1.000000
vn 0.000000 -0.000000 1.000000
vn 0.000000 -0.000000 1.000000
vn 0.000000 -0.000000 1.000000
vn 0.000000 -0.000000 1.000000
vn 0.000000 -1.000000 0.000494
vn 0.000000 -1.000000 0.000494
vn 0.000000 -1.000000 0.000494
vn 0.000000 -1.000000 0.000494
vn -1.000000 0.000000 -0.000247
vn -1.000000 0.000000 -0.000247
vn -1.000000 0.000000 -0.000247
vn -1.000000 0.000000 -0.000247
vn -1.000000 0.000000 -0.000128
vn -1.000000 0.000000 -0.000154
vn -1.000000 0.000000 -0.000114
vn -1.000000 0.000000 -0.000131
vn 0.000000 -1.000000 0.000494
vn 0.000000 -1.000000 0.000494
vn 0.000000 -1.000000 0.000494
vn 0.000000 -1.000000 0.000494
vn 0.000000 1.000000 -0.000494
vn 0.000000 1.000000 -0.000494
vn 0.000000 1.000000 -0.000494
vn 0.000000 1.000000 -0.000494
vn 1.000000 -0.000000 0.000173
vn 1.000000 -0.000000 0.000170
vn 1.000000 -0.000000 0.000146
vn 1.000000 -0.000000 0.000152
vn 0.000000 -1.000000 0.000494
vn 0.000000 -1.000000 0.000494
vn 0.000000 -1.000000 0.000494
vn 0.000000 -1.000000 0.000494
vn 0.000000 -1.000000 -0.000000
vn 0.000000 -1.000000 -0.000000
vn 0.000000 -1.000000 -0.000000
vn 0.000000 -1.000000 -0.000000
vn 0.000000 0.489972 -0.871738
vn 0.000000 0.295618 -0.955306
vn 0.000000 0.370698 -0.928754
vn 0.000000 0.181838 -0.983329
vn 0.000000 1.000000 -0.000494
vn 0.000000 1.000000 -0.000494
vn 0.000000 1.000000 -0.000494
vn 0.000000 1.000000 -0.000494
vn -1.000000 0.000000 -0.000175
vn -1.000000 0.000000 -0.000168
vn -1.000000 0.000000 -0.000159
vn -1.000000 0.000000 -0.000145
vn -0.000028 -0.370925 -0.928663
vn -0.000070 -0.490241 -0.871587
vn 0.000000 -0.370908 -0.928670
vn -0.000070 -0.245100 -0.969498
vn -0.000032 0.000064 -1.000000
vn 0.000000 0.181838 -0.983329
vn 0.000000 0.000096 -1.000000
vn 0.000000 0.489972 -0.871738
vn 0.000000 -1.000000 -0.000000
vn 0.000000 -1.000000 -0.000000
vn 0.000000 -1.000000 -0.000000
vn 0.000000 -1.000000 -0.000000
vn 0.000000 1.000000 0.000000
vn 0.000000 1.000000 0.000000
vn 0.000000 1.000000 0.000000
vn 0.000000 1.000000 0.000000
vn 0.000000 -1.000000 -0.000000
vn 0.000000 -1.000000 -0.000000
vn 0.000000 -1.000000 -0.000000
vn 0.000000 -1.000000 -0.000000
vn -0.000719 -1.000000 0.000443
vn -0.000479 -1.000000 0.000362
vn -0.001437 -0.999999 0.000519
vn 0.000000 -1.000000 0.000255
vn 0.000020 -0.989523 -0.144373
vn 0.000000 -1.000000 0.000100
vn 0.000000 -1.000000 -0.000000
vn 0.000000 -1.000000 -0.000000
vn 0.000000 -1.000000 -0.000000
vn 0.000000 -1.000000 -0.000000
vn 0.000000 -1.000000 -0.000000
vn 0.000000 -1.000000 -0.000000
vn 0.000000 1.000000 -0.000394
vn 0.000000 1.000000 -0.000394
vn 0.000000 1.000000 -0.000394
vn 0.000000 1.000000 -0.000394
vn 0.000000 1.000000 0.000000
vn 0.000000 1.000000 0.000000
vn 0.000000 1.000000 0.000000
vn 0.000000 1.000000 0.000000
vn 0.000000 1.000000 0.000000
vn 0.000000 1.000000 0.000000
vn 0.000000 1.000000 0.000000
vn 0.000000 1.000000 0.000000
vn 0.000000 -0.295683 0.955286
vn 0.000000 -0.490054 0.871692
vn 0.000000 -0.370781 0.928720
vn 0.000000 -0.245027 0.969516
vn 0.000000 -0.000000 1.000000
vn 0.000000 0.181858 0.983325
vn 0.000000 -0.000000 1.000000
vn 0.000000 0.490206 0.871607
vn 0.000000 0.208904 0.977936
vn 0.000000 0.370898 0.928674
vn 0.000000 0.000000 -1.000000
vn 0.000000 0.000000 -1.000000
vn 0.000000 0.000000 -1.000000
vn 0.000000 0.000000 -1.000000
vn 0.000000 -1.000000 0.000590
vn 0.000000 -1.000000 0.000590
vn 0.000000 -1.000000 0.000590
vn 0.000000 -1.000000 0.000590
vn -1.000000 0.000000 -0.000148
vn -1.000000 0.000000 -0.000154
vn -1.000000 0.000000 -0.000114
vn -1.000000 0.000000 -0.000131
vn 0.000000 -1.000000 0.000548
vn 0.000000 -1.000000 0.000548
vn 0.000000 -1.000000 0.000548
vn 0.000000 -1.000000 0.000548
vn 0.000000 0.000000 -1.000000
vn 0.000000 0.000000 -1.000000
vn 0.000000 0.000000 -1.000000
vn 0.000000 0.000000 -1.000000
vn 0.000000 0.000000 -1.000000
vn 0.000000 0.000000 -1.000000
vn 0.000000 0.000000 -1.000000
vn 0.000000 0.000000 -1.000000
vn 0.000000 0.000000 -1.000000
vn 0.000000 0.000000 -1.000000
vn 0.000000 0.000000 -1.000000
vn 0.000000 0.000000 -1.000000
vn 0.000000 0.000000 -1.000000
vn 0.000000 0.000000 -1.000000
vn 0.000000 0.000000 -1.000000
vn 0.000000 0.000000 -1.000000
vn 0.000000 0.000000 -1.000000
vn 0.000000 0.000000 -1.000000
vn 0.000000 0.000000 -1.000000
vn 0.000000 0.000000 -1.000000
vn 0.000000 0.000000 -1.000000
vn 0.000000 0.000000 -1.000000
vn 0.000000 0.000000 -1.000000
vn 0.000000 0.000000 -1.000000
vn 0.000000 0.000000 -1.000000
vn 0.000000 0.000000 -1.000000
vn 0.000000 0.000000 -1.000000
vn 0.000000 0.000000 -1.000000
vn 0.000000 0.000000 -1.000000
vn 0.000000 0.000000 -1.000000
vn 0.000000 0.000000 -1.000000
vn 0.000000 0.000000 -1.000000
vn 0.000000 0.000000 -1.000000
vn 0.000000 0.000000 -1.000000
vn 0.000000 0.000000 -1.000000
vn 0.000000 0.000000 -1.000000
vn 0.000000 0.000000 -1.000000
vn 0.000000 0.000000 -1.000000
vn 0.000000 0.000000 -1.000000
vn 0.000000 0.000000 -1.000000
vn 0.000000 0.000000 -1.000000
vn 0.000000 0.000000 -1.000000
vn 0.000000 0.000000 -1.000000
vn 0.000000 0.000000 -1.000000
vn 0.000000 -1.000000 -0.000000
vn 0.000000 -1.000000 -0.000000
vn 0.000000 -1.000000 -0.000000
vn 0.000000 -1.000000 -0.000000
vn 0.000000 -1.000000 -0.000000
vn 0.000000 -1.000000 -0.000000
vn 0.000000 -1.000000 -0.000000
vn 0.000000 -1.000000 -0.000000
vn 0.000000 1.000000 -0.000271
vn 0.000000 1.000000 -0.000271
vn 0.000000 1.000000 -0.000271
vn 0.000000 1.000000 -0.000271
vn -1.000000 -0.000456 -0.000583
vn -1.000000 -0.000456 -0.000583
vn -1.000000 -0.000091 -0.000096
vn -0.999999 -0.000822 -0.001070
vn 1.000000 0.000093 0.000267
vn 1.000000 0.000093 0.000267
vn 1.000000 0.000221 0.000438
vn 1.000000 -0.000035 0.000096
vn 0.000000 1.000000 -0.000638
vn 0.000000 1.000000 -0.000638
vn 0.000000 1.000000 -0.000638
vn 0.000000 1.000000 -0.000638
vn -1.000000 0.000000 0.000000
vn -1.000000 0.000000 0.000000
vn -1.000000 0.000000 0.000000
vn -1.000000 0.000000 0.000000
vn -1.000000 0.000000 0.000000
vn -1.000000 0.000000 0.000000
vn 0.000000 1.000000 0.000000
vn 0.000000 1.000000 0.000000
vn 0.000000 1.000000 0.000000
vn 0.000000 1.000000 0.000000
vn 0.000000 -0.000000 1.000000
vn 0.000000 -0.000000 1.000000
vn 0.000000 -0.000000 1.000000
vn 0.000000 -0.000000 1.000000
vn 0.000000 -0.000000 1.000000
vn 0.000000 -0.000000 1.000000
vn 0.000000 -0.000000 1.000000
vn 0.000000 -0.000000 1.000000
vn 0.000000 -0.000000 1.000000
vn 0.000000 -0.000000 1.000000
vn 0.000000 -0.000000 1.000000
vn 0.000000 -0.000000 1.000000
vn 0.000000 -0.000000 1.000000
vn 0.000000 -0.000000 1.000000
vn 0.000000 -0.000000 1.000000
vn 0.000000 -0.000000 1.000000
vn 0.000000 -0.000000 1.000000
vn 0.000000 -0.000000 1.000000
vn 0.000000 -0.000000 1.000000
vn 0.000000 -0.000000 1.000000
vn 0.000000 -0.000000 1.000000
vn 0.000000 -0.000000 1.000000
vn 0.000000 -0.000000 1.000000
vn 0.000000 -0.000000 1.000000
vn 0.000000 -0.000000 1.000000
vn 0.000000 -0.000000 1.000000
vn 0.000000 -0.000000 1.000000
vn 0.000000 -0.000000 1.000000
vn 0.000000 -0.000000 1.000000
vn 0.000000 -0.000000 1.000000
vn 0.000000 -0.000000 1.000000
vn 0.000000 -0.000000 1.000000
vn 0.000000 -0.000000 1.000000
vn 0.000000 -0.000000 1.000000
vn 0.000000 -0.000000 1.000000
vn 0.000000 -0.000000 1.000000
vn 0.000000 -0.000000 1.000000
vn 0.000000 -0.000000 1.000000
vn 0.000000 -0.000000 1.000000
vn 0.000000 -0.000000 1.000000
vn 0.000000 -0.000000 1.000000
vn 0.000000 -0.000000 1.000000
vn 0.000000 -0.000000 1.000000
vn 0.000000 -0.000000 1.000000
vn 0.000000 1.000000 0.000000
vn 0.000000 1.000000 0.000000
vn 0.000000 1.000000 0.000000
vn 0.000000 1.000000 0.000000
vn 0.000000 -1.000000 -0.000000
vn 0.000000 -1.000000 -0.000000
vn 0.000000 -1.000000 -0.000000
vn 0.000000 -1.000000 -0.000000
vn 0.000000 1.000000 0.000000
vn 0.000000 1.000000 0.000000
vn 0.000000 1.000000 0.000000
vn 0.000000 1.000000 0.000000
vn -0.999999 0.001730 0.000000
vn -0.999999 0.001730 0.000000
vn -0.999999 0.001730 0.000000
vn -0.999999 0.001730 0.000000
vn -1.000000 0.000000 0.000000
vn -1.000000 0.000000 0.000000
vn -1.000000 0.000000 0.000000
vn -1.000000 0.000000 0.000000
vn -1.000000 0.000000 0.000000
vn -1.000000 0.000000 0.000000
vn -1.000000 0.000000 0.000000
vn -1.000000 0.000000 0.000000
vn 0.000000 0.000000 -1.000000
vn 0.000000 0.000000 -1.000000
vn 0.000000 0.000000 -1.000000
vn 0.000000 0.000000 -1.000000
vn 0.000000 -1.000000 -0.000000
vn 0.000000 -1.000000 -0.000000
vn 0.000000 -1.000000 -0.000000
vn 0.000000 -1.000000 -0.000000
vn 0.000000 -1.000000 -0.000000
vn 0.000000 -1.000000 -0.000000
vn 0.000000 -1.000000 -0.000000
vn 0.000000 -1.000000 -0.000000
vn 0.000000 -1.000000 -0.000000
vn 0.000000 -1.000000 -0.000000
vn 0.000000 -1.000000 -0.000000
vn 0.000000 -1.000000 -0.000000
vn -0.000158 0.952282 0.305220
vn -0.000132 0.381986 0.924168
vn 0.000000 0.252725 0.967538
vn 0.003812 0.923251 0.384178
vn 0.002191 0.704817 0.709386
vn 0.001975 0.380590 0.924742
vn 0.007306 0.703426 0.710731
vn 0.000000 -1.000000 -0.000000
vn 0.000000 -1.000000 -0.000000
vn 0.000000 -1.000000 -0.000000
vn 0.000000 -1.000000 -0.000000
vn 1.000000 0.000000 0.000000
vn 1.000000 0.000000 0.000000
vn 1.000000 0.000000 0.000000
vn 1.000000 0.000000 0.000000
vn 0.000000 -1.000000 -0.000000
vn 0.000000 -1.000000 -0.000000
vn 0.000000 -1.000000 -0.000000
vn 0.000000 -1.000000 -0.000000
vn 0.000000 -1.000000 -0.000000
vn 0.000000 -1.000000 -0.000000
vn 0.000000 -1.000000 -0.000000
vn 0.000000 -1.000000 -0.000000
vn 0.000000 -1.000000 -0.000000
vn 0.000000 -1.000000 -0.000000
vn 0.000000 -1.000000 -0.000000
vn 0.000000 -1.000000 -0.000000
vn 0.000000 -1.000000 -0.000000
vn 0.000000 -1.000000 -0.000000
vn 0.986168 -0.000000 0.165750
vn 0.382684 -0.000000 0.923879
vn 0.992412 -0.000000 0.122960
vn 0.187366 -0.000000 0.982290
vn 0.000000 1.000000 0.000000
vn 0.000000 1.000000 0.000000
vn 0.000000 1.000000 0.000000
vn 0.000000 1.000000 0.000000
vn 0.000000 1.000000 0.000000
vn 0.000000 1.000000 0.000000
vn 0.000000 1.000000 0.000000
vn 0.000000 1.000000 0.000000
vn -1.000000 -0.000109 -0.000048
vn -1.000000 -0.000109 -0.000048
vn -1.000000 -0.000145 -0.000000
vn -1.000000 -0.000073 -0.000096
vn 1.000000 0.000000 0.000000
vn 1.000000 0.000000 0.000000
vn 1.000000 0.000000 0.000000
vn 1.000000 0.000000 0.000000
vn -0.000059 -0.489935 0.871759
vn -0.000015 -0.295650 0.955296
vn -0.000035 -0.144163 0.989554
vn 0.000000 -0.370750 0.928733
vn -0.000035 -0.144163 0.989554
vn -0.000048 0.000120 1.000000
vn 0.000000 -0.000000 1.000000
vn 0.000000 -0.000000 1.000000
vn 0.000000 0.245132 0.969490
vn 0.000000 0.490264 0.871574
vn 0.000000 0.295812 0.955246
vn 0.000000 0.370943 0.928656
vn 0.000000 -0.000000 1.000000
vn 0.000000 -0.000000 1.000000
vn 0.000000 -0.000000 1.000000
vn 0.000000 -0.000000 1.000000
vn 0.000000 1.000000 -0.000316
vn 0.000000 1.000000 -0.000316
vn 0.000000 1.000000 -0.000316
vn 0.000000 1.000000 -0.000316
vn 0.000000 -0.862856 0.505449
vn 0.000000 -0.305102 0.952320
vn 0.000000 -0.187366 0.982290
vn 0.000011 -0.967528 0.252762
vn 0.000000 0.000000 -1.000000
vn 0.000000 0.000000 -1.000000
vn 0.000000 0.000000 -1.000000
vn 0.000000 0.000000 -1.000000
vn 0.000000 0.000000 -1.000000
vn 0.000000 0.000000 -1.000000
vn 0.000000 0.000000 -1.000000
vn 0.000000 0.000000 -1.000000
vn 0.000000 0.000000 -1.000000
vn 0.000000 0.000000 -1.000000
vn 0.000000 0.000000 -1.000000
vn 0.000000 0.000000 -1.000000
vn 0.000000 0.000000 -1.000000
vn 0.000000 0.000000 -1.000000
vn 0.000000 0.000000 -1.000000
vn 0.000000 0.000000 -1.000000
vn 0.000000 0.000000 -1.000000
vn 0.000000 0.000000 -1.000000
vn 0.000000 0.000000 -1.000000
vn 0.000000 0.000000 -1.000000
vn 0.000000 0.000000 -1.000000
vn 0.000000 0.000000 -1.000000
vn 0.000000 0.000000 -1.000000
vn 0.000000 0.000000 -1.000000
vn 0.000000 0.000000 -1.000000
vn 0.000000 0.000000 -1.000000
vn 0.000000 0.000000 -1.000000
vn 0.000000 0.000000 -1.000000
vn 0.000000 0.000000 -1.000000
vn 0.000000 0.000000 -1.000000
vn 0.000000 0.000000 -1.000000
vn 0.000000 0.000000 -1.000000
vn 0.000000 0.000000 -1.000000
vn 0.000000 0.000000 -1.000000
vn 0.000000 0.000000 -1.000000
vn 0.000000 0.000000 -1.000000
vn 0.000000 0.000000 -1.000000
vn 0.000000 0.000000 -1.000000
vn 0.000000 0.000000 -1.000000
vn 0.000000 0.000000 -1.000000
vn 0.000000 0.000000 -1.000000
vn 0.000000 0.000000 -1.000000
vn 0.000000 0.000000 -1.000000
vn 0.000000 0.000000 -1.000000
vn 0.000000 0.000000 -1.000000
vn 0.000000 0.000000 -1.000000
vn 0.000000 0.000000 -1.000000
vn 0.000000 0.000000 -1.000000
vn 0.000000 0.000000 -1.000000
vn 1.000000 0.000000 0.000000
vn 1.000000 0.000000 0.000000
vn 1.000000 0.000000 0.000000
vn 1.000000 0.000000 0.000000
vn -1.000000 0.000000 0.000000
vn -1.000000 0.000000 0.000000
vn -1.000000 0.000000 0.000000
vn -1.000000 0.000000 0.000000
vn 0.000000 1.000000 0.000000
vn 0.000000 1.000000 0.000000
vn 0.000000 1.000000 0.000000
vn 0.000000 1.000000 0.000000
vn 0.000000 1.000000 0.000000
vn 0.000000 1.000000 0.000000
vn 0.000000 1.000000 0.000000
vn 0.000000 1.000000 0.000000
vn 0.000000 1.000000 0.000000
vn 0.000000 -1.000000 -0.000000
vn 0.000000 -1.000000 -0.000000
vn 0.000000 -1.000000 -0.000000
vn 0.000000 -1.000000 -0.000000
vn 0.000000 0.000000 -1.000000
vn 0.000000 0.000000 -1.000000
vn 0.000000 0.000000 -1.000000
vn 0.000000 0.000000 -1.000000
vn 0.000000 0.000000 -1.000000
vn 0.000000 0.000000 -1.000000
vn 0.000000 0.000000 -1.000000
vn 0.000000 0.000000 -1.000000
vn 0.000000 0.000000 -1.000000
vn 0.000000 0.000000 -1.000000
vn 0.000000 0.000000 -1.000000
vn 0.000000 0.000000 -1.000000
vn 0.000000 -1.000000 -0.000000
vn 0.000000 -1.000000 -0.000000
vn 0.000000 -1.000000 -0.000000
vn 0.000000 -1.000000 -0.000000
vn 1.000000 0.000000 0.000000
vn 1.000000 0.000000 0.000000
vn 1.000000 0.000000 0.000000
vn 1.000000 0.000000 0.000000
vn 0.000000 1.000000 0.000000
vn 0.000000 1.000000 0.000000
vn 0.000000 1.000000 0.000000
vn 0.000000 1.000000 0.000000
vn 0.000000 1.000000 0.000000
vn 0.000000 1.000000 0.000000
vn 0.000000 1.000000 0.000000
vn 0.000000 1.000000 0.000000
vn -1.000000 0.000000 0.000000
vn -1.000000 0.000000 0.000000
vn -1.000000 0.000000 0.000000
vn -1.000000 0.000000 0.000000
vn 1.000000 0.000000 0.000000
vn 1.000000 0.000000 0.000000
vn 1.000000 0.000000 0.000000
vn 1.000000 0.000000 0.000000
vn 0.000000 -1.000000 -0.000000
vn 0.000000 -1.000000 -0.000000
vn 0.000000 -1.000000 -0.000000
vn 0.000000 -1.000000 -0.000000
vn 0.000000 0.000000 -1.000000
vn 0.000000 0.000000 -1.000000
vn 0.000000 0.000000 -1.000000
vn 0.000000 0.000000 -1.000000
vn -1.000000 0.000000 0.000000
vn -1.000000 0.000000 0.000000
vn -1.000000 0.000000 0.000000
vn -1.000000 0.000000 0.000000
vn -1.000000 0.000000 0.000000
vn -1.000000 0.000000 0.000000
vn -1.000000 0.000000 0.000000
vn -1.000000 0.000000 0.000000
vn 0.000000 -0.000000 1.000000
vn 0.000000 -0.000000 1.000000
vn 0.000000 -0.000000 1.000000
vn 0.000000 -0.000000 1.000000
vn 0.000000 -1.000000 -0.000000
vn 0.000000 -1.000000 -0.000000
vn 0.000000 -1.000000 -0.000000
vn 0.000000 -1.000000 -0.000000
vn 0.000000 1.000000 0.000000
vn 0.000000 1.000000 0.000000
vn 0.000000 1.000000 0.000000
vn 0.000000 1.000000 0.000000
vn 1.000000 0.000000 0.000000
vn 1.000000 0.000000 0.000000
vn 1.000000 0.000000 0.000000
vn 1.000000 0.000000 0.000000
vn 0.000000 -1.000000 -0.000000
vn 0.000000 -1.000000 -0.000000
vn 0.000000 -1.000000 -0.000000
vn 0.000000 -1.000000 -0.000000
vn 0.000000 0.000000 -1.000000
vn 0.000000 0.000000 -1.000000
vn 0.000000 0.000000 -1.000000
vn 0.000000 0.000000 -1.000000
vn 0.000000 0.000000 -1.000000
vn 0.000000 0.000000 -1.000000
vn 0.000000 0.000000 -1.000000
vn 0.000000 0.000000 -1.000000
vn 0.000000 0.000000 -1.000000
vn 0.000000 0.000000 -1.000000
vn 0.000000 0.000000 -1.000000
vn 0.000000 0.000000 -1.000000
vn 1.000000 0.000000 0.000000
vn 1.000000 0.000000 0.000000
vn 1.000000 0.000000 0.000000
vn 1.000000 0.000000 0.000000
vn 0.000000 1.000000 0.000000
vn 0.000000 1.000000 0.000000
vn 0.000000 1.000000 0.000000
vn 0.000000 1.000000 0.000000
vn 0.000000 -1.000000 -0.000000
vn 0.000000 -1.000000 -0.000000
vn 0.000000 -1.000000 -0.000000
vn 0.000000 -1.000000 -0.000000
vn 0.000000 -1.000000 -0.000000
vn 0.000000 -1.000000 -0.000000
vn 0.000000 -1.000000 -0.000000
vn 0.000000 -1.000000 -0.000000
vn 1.000000 0.000000 0.000000
vn 1.000000 0.000000 0.000000
vn 1.000000 0.000000 0.000000
vn 1.000000 0.000000 0.000000
vn 1.000000 0.000000 0.000000
vn 1.000000 0.000000 0.000000
vn 0.000000 -1.000000 -0.000000
vn 0.000000 -1.000000 -0.000000
vn 0.000000 -1.000000 -0.000000
vn 0.000000 -1.000000 -0.000000
vn 0.000000 0.000000 -1.000000
vn 0.000000 0.000000 -1.000000
vn 0.000000 0.000000 -1.000000
vn 0.000000 0.000000 -1.000000
vn 0.000000 0.000000 -1.000000
vn 0.000000 0.000000 -1.000000
vn 0.000000 0.000000 -1.000000
vn 0.000000 0.000000 -1.000000
vn 0.000000 0.000000 -1.000000
vn 0.000000 0.000000 -1.000000
vn 0.000000 0.000000 -1.000000
vn 0.000000 0.000000 -1.000000
vn 1.000000 0.000000 0.000000
vn 1.000000 0.000000 0.000000
vn 1.000000 0.000000 0.000000
vn 1.000000 0.000000 0.000000
vn 0.000000 -1.000000 -0.000000
vn 0.000000 -1.000000 -0.000000
vn 0.000000 -1.000000 -0.000000
vn 0.000000 -1.000000 -0.000000
vn -1.000000 0.000000 0.000000
vn -1.000000 0.000000 0.000000
vn -1.000000 0.000000 0.000000
vn -1.000000 0.000000 0.000000
vn 0.000000 0.000000 -1.000000
vn 0.000000 0.000000 -1.000000
vn 0.000000 0.000000 -1.000000
vn 0.000000 0.000000 -1.000000
vn 0.000000 -0.000000 1.000000
vn 0.000000 -0.000000 1.000000
vn 0.000000 -0.000000 1.000000
vn 0.000000 -0.000000 1.000000
vn 0.000000 0.000000 -1.000000
vn 0.000000 0.000000 -1.000000
vn 0.000000 0.000000 -1.000000
vn 0.000000 0.000000 -1.000000
vn 0.000000 0.000000 -1.000000
vn 0.000000 0.000000 -1.000000
vn 0.000000 0.000000 -1.000000
vn 0.000000 0.000000 -1.000000
vn 1.000000 0.000000 0.000000
vn 1.000000 0.000000 0.000000
vn 1.000000 0.000000 0.000000
vn 1.000000 0.000000 0.000000
vn 1.000000 0.000000 0.000000
vn 1.000000 0.000000 0.000000
vn 1.000000 0.000000 0.000000
vn 1.000000 0.000000 0.000000
vn -1.000000 0.000000 0.000000
vn -1.000000 0.000000 0.000000
vn -1.000000 0.000000 0.000000
vn -1.000000 0.000000 0.000000
vn 0.000000 0.000000 -1.000000
vn 0.000000 0.000000 -1.000000
vn 0.000000 0.000000 -1.000000
vn 0.000000 0.000000 -1.000000
vn 0.000000 -0.000000 1.000000
vn 0.000000 -0.000000 1.000000
vn 0.000000 -0.000000 1.000000
vn 0.000000 -0.000000 1.000000
vn 0.000000 -1.000000 -0.000000
vn 0.000000 -1.000000 -0.000000
vn 0.000000 -1.000000 -0.000000
vn 0.000000 -1.000000 -0.000000
vn 1.000000 0.000000 0.000000
vn 1.000000 0.000000 0.000000
vn 1.000000 0.000000 0.000000
vn 1.000000 0.000000 0.000000
vn 1.000000 0.000000 0.000000
vn 1.000000 0.000000 0.000000
vn 1.000000 0.000000 0.000000
vn 1.000000 0.000000 0.000000
vn 0.000000 1.000000 0.000000
vn 0.000000 1.000000 0.000000
vn 0.000000 1.000000 0.000000
vn 0.000000 1.000000 0.000000
vn 0.000000 0.000000 -1.000000
vn 0.000000 0.000000 -1.000000
vn 0.000000 0.000000 -1.000000
vn 0.000000 0.000000 -1.000000
vn 0.000000 1.000000 0.000000
vn 0.000000 1.000000 0.000000
vn 0.000000 1.000000 0.000000
vn 0.000000 1.000000 0.000000
vn 0.000000 -1.000000 -0.000000
vn 0.000000 -1.000000 -0.000000
vn 0.000000 -1.000000 -0.000000
vn 0.000000 -1.000000 -0.000000
vn 0.000000 0.000000 -1.000000
vn 0.000000 0.000000 -1.000000
vn 0.000000 0.000000 -1.000000
vn 0.000000 0.000000 -1.000000
vn 0.000000 -0.000000 1.000000
vn 0.000000 -0.000000 1.000000
vn 0.000000 -0.000000 1.000000
vn 0.000000 -0.000000 1.000000
vn -1.000000 0.000000 0.000000
vn -1.000000 0.000000 0.000000
vn -1.000000 0.000000 0.000000
vn -1.000000 0.000000 0.000000
vn 0.000000 1.000000 0.000000
vn 0.000000 1.000000 0.000000
vn 0.000000 1.000000 0.000000
vn 0.000000 1.000000 0.000000
vn 0.000000 -1.000000 -0.000000
vn 0.000000 -1.000000 -0.000000
vn 0.000000 -1.000000 -0.000000
vn 0.000000 -1.000000 -0.000000
vn 0.000000 1.000000 0.000000
vn 0.000000 1.000000 0.000000
vn 0.000000 1.000000 0.000000
vn 0.000000 1.000000 0.000000
vn 0.000000 1.000000 0.000000
vn 0.000000 1.000000 0.000000
vn 0.000000 1.000000 0.000000
vn 0.000000 1.000000 0.000000
vn 1.000000 0.000000 0.000000
vn 1.000000 0.000000 0.000000
vn 1.000000 0.000000 0.000000
vn 1.000000 0.000000 0.000000
vn 0.000000 -1.000000 -0.000000
vn 0.000000 -1.000000 -0.000000
vn 0.000000 -1.000000 -0.000000
vn 0.000000 -1.000000 -0.000000
vn 0.000000 0.000000 -1.000000
vn 0.000000 0.000000 -1.000000
vn 0.000000 0.000000 -1.000000
vn 0.000000 0.000000 -1.000000
vn 0.000000 -0.000000 1.000000
vn 0.000000 -0.000000 1.000000
vn 0.000000 -0.000000 1.000000
vn 0.000000 -0.000000 1.000000
vn 0.000000 0.000000 -1.000000
vn 0.000000 0.000000 -1.000000
vn 0.000000 0.000000 -1.000000
vn 0.000000 0.000000 -1.000000
vn 0.000000 -1.000000 -0.000000
vn 0.000000 -1.000000 -0.000000
vn 0.000000 -1.000000 -0.000000
vn 0.000000 -1.000000 -0.000000
vn 0.000000 1.000000 0.000000
vn 0.000000 1.000000 0.000000
vn 0.000000 1.000000 0.000000
vn 0.000000 1.000000 0.000000
vn 0.000000 1.000000 0.000000
vn 0.000000 1.000000 0.000000
vn 0.000000 1.000000 0.000000
vn 0.000000 1.000000 0.000000
vn 0.000000 -1.000000 -0.000000
vn 0.000000 -1.000000 -0.000000
vn 0.000000 -1.000000 -0.000000
vn 0.000000 -1.000000 -0.000000
vn 0.000000 0.000000 -1.000000
vn 0.000000 0.000000 -1.000000
vn 0.000000 0.000000 -1.000000
vn 0.000000 0.000000 -1.000000
vn 0.000000 0.000000 -1.000000
vn 0.000000 0.000000 -1.000000
vn 0.000000 0.000000 -1.000000
vn 0.000000 0.000000 -1.000000
vn 0.000000 -0.000000 1.000000
vn 0.000000 -0.000000 1.000000
vn 0.000000 -0.000000 1.000000
vn 0.000000 -0.000000 1.000000
vn -1.000000 0.000000 0.000000
vn -1.000000 0.000000 0.000000
vn -1.000000 0.000000 0.000000
vn -1.000000 0.000000 0.000000
vn 1.000000 0.000000 0.000000
vn 1.000000 0.000000 0.000000
vn 1.000000 0.000000 0.000000
vn 1.000000 0.000000 0.000000
vn 0.000000 0.000000 -1.000000
vn 0.000000 0.000000 -1.000000
vn 0.000000 0.000000 -1.000000
vn 0.000000 0.000000 -1.000000
vn 0.000000 1.000000 0.000000
vn 0.000000 1.000000 0.000000
vn 0.000000 1.000000 0.000000
vn 0.000000 1.000000 0.000000
vn 0.000000 -0.000000 1.000000
vn 0.000000 -0.000000 1.000000
vn 0.000000 -0.000000 1.000000
vn 0.000000 -0.000000 1.000000
vn 0.000000 1.000000 0.000000
vn 0.000000 1.000000 0.000000
vn 0.000000 1.000000 0.000000
vn 0.000000 1.000000 0.000000
vn 0.000000 -1.000000 -0.000000
vn 0.000000 -1.000000 -0.000000
vn 0.000000 -1.000000 -0.000000
vn 0.000000 -1.000000 -0.000000
vn 0.000000 0.000000 -1.000000
vn 0.000000 0.000000 -1.000000
vn 0.000000 0.000000 -1.000000
vn 0.000000 0.000000 -1.000000
vn 0.000000 -0.000000 1.000000
vn 0.000000 -0.000000 1.000000
vn 0.000000 -0.000000 1.000000
vn 0.000000 -0.000000 1.000000
vn 0.000000 1.000000 0.000000
vn 0.000000 1.000000 0.000000
vn 0.000000 1.000000 0.000000
vn 0.000000 1.000000 0.000000
vn 0.000000 1.000000 0.000000
vn 0.000000 1.000000 0.000000
vn 0.000000 1.000000 0.000000
vn 0.000000 1.000000 0.000000
vn 0.000000 -1.000000 -0.000000
vn 0.000000 -1.000000 -0.000000
vn 0.000000 -1.000000 -0.000000
vn 0.000000 -1.000000 -0.000000
vn -1.000000 0.000000 0.000000
vn -1.000000 0.000000 0.000000
vn -1.000000 0.000000 0.000000
vn -1.000000 0.000000 0.000000
vn 0.000000 -1.000000 -0.000000
vn 0.000000 -1.000000 -0.000000
vn 0.000000 -1.000000 -0.000000
vn 0.000000 -1.000000 -0.000000
vn 0.000000 1.000000 0.000000
vn 0.000000 1.000000 0.000000
vn 0.000000 1.000000 0.000000
vn 0.000000 1.000000 0.000000
vn 0.000000 1.000000 0.000000
vn 0.000000 1.000000 0.000000
vn 0.000000 1.000000 0.000000
vn 0.000000 1.000000 0.000000
vn 0.000000 -1.000000 -0.000000
vn 0.000000 -1.000000 -0.000000
vn 0.000000 -1.000000 -0.000000
vn 0.000000 -1.000000 -0.000000
vn 0.000000 -1.000000 -0.000000
vn 0.000000 -1.000000 -0.000000
vn 0.000000 -1.000000 -0.000000
vn 0.000000 -1.000000 -0.000000
vn 0.000000 0.000000 -1.000000
vn 0.000000 0.000000 -1.000000
vn 0.000000 0.000000 -1.000000
vn 0.000000 0.000000 -1.000000
vn 0.000000 -0.000000 1.000000
vn 0.000000 -0.000000 1.000000
vn 0.000000 -0.000000 1.000000
vn 0.000000 -0.000000 1.000000
vn 1.000000 0.000000 0.000000
vn 1.000000 0.000000 0.000000
vn 1.000000 0.000000 0.000000
vn 1.000000 0.000000 0.000000
vn -1.000000 0.000000 0.000000
vn -1.000000 0.000000 0.000000
vn -1.000000 0.000000 0.000000
vn -1.000000 0.000000 0.000000
vn 0.000000 -1.000000 -0.000000
vn 0.000000 -1.000000 -0.000000
vn 0.000000 -1.000000 -0.000000
vn 0.000000 -1.000000 -0.000000
vn 0.000000 1.000000 0.000000
vn 0.000000 1.000000 0.000000
vn 0.000000 1.000000 0.000000
vn 0.000000 1.000000 0.000000
vn 0.000000 1.000000 0.000000
vn 0.000000 1.000000 0.000000
vn 0.000000 1.000000 0.000000
vn 0.000000 1.000000 0.000000
vn 0.000000 -0.000000 1.000000
vn 0.000000 -0.000000 1.000000
vn 0.000000 -0.000000 1.000000
vn 0.000000 -0.000000 1.000000
vn -1.000000 0.000000 0.000000
vn -1.000000 0.000000 0.000000
vn -1.000000 0.000000 0.000000
vn -1.000000 0.000000 0.000000
vn 0.000000 -1.000000 -0.000000
vn 0.000000 -1.000000 -0.000000
vn 0.000000 -1.000000 -0.000000
vn 0.000000 -1.000000 -0.000000
vn 0.000000 0.000000 -1.000000
vn 0.000000 0.000000 -1.000000
vn 0.000000 0.000000 -1.000000
vn 0.000000 0.000000 -1.000000
vn 0.000000 -0.000000 1.000000
vn 0.000000 -0.000000 1.000000
vn 0.000000 -0.000000 1.000000
vn 0.000000 -0.000000 1.000000
vn 0.000000 1.000000 0.000000
vn 0.000000 1.000000 0.000000
vn 0.000000 1.000000 0.000000
vn 0.000000 1.000000 0.000000
vn 0.000000 -1.000000 -0.000000
vn 0.000000 -1.000000 -0.000000
vn 0.000000 -1.000000 -0.000000
vn 0.000000 -1.000000 -0.000000
vn 0.000000 1.000000 0.000000
vn 0.000000 1.000000 0.000000
vn 0.000000 1.000000 0.000000
vn 0.000000 1.000000 0.000000
vn 0.000000 -1.000000 -0.000000
vn 0.000000 -1.000000 -0.000000
vn 0.000000 -1.000000 -0.000000
vn 0.000000 -1.000000 -0.000000
vn 0.000000 0.000000 -1.000000
vn 0.000000 0.000000 -1.000000
vn 0.000000 0.000000 -1.000000
vn 0.000000 0.000000 -1.000000
vn 0.000000 0.000000 -1.000000
vn 0.000000 0.000000 -1.000000
vn 0.000000 0.000000 -1.000000
vn 0.000000 0.000000 -1.000000
vn 0.000000 -0.000000 1.000000
vn 0.000000 -0.000000 1.000000
vn 0.000000 -0.000000 1.000000
vn 0.000000 -0.000000 1.000000
vn 0.000000 1.000000 0.000000
vn 0.000000 1.000000 0.000000
vn 0.000000 1.000000 0.000000
vn 0.000000 1.000000 0.000000
vn 0.000000 0.000000 -1.000000
vn 0.000000 0.000000 -1.000000
vn 0.000000 0.000000 -1.000000
vn 0.000000 0.000000 -1.000000
vn 0.000000 -1.000000 -0.000000
vn 0.000000 -1.000000 -0.000000
vn 0.000000 -1.000000 -0.000000
vn 0.000000 -1.000000 -0.000000
vn -1.000000 0.000000 0.000000
vn -1.000000 0.000000 0.000000
vn -1.000000 0.000000 0.000000
vn -1.000000 0.000000 0.000000
vn -1.000000 0.000000 0.000000
vn -1.000000 0.000000 0.000000
vn -1.000000 0.000000 0.000000
vn -1.000000 0.000000 0.000000
vn -1.000000 0.000000 0.000000
vn -1.000000 0.000000 0.000000
vn -1.000000 0.000000 0.000000
vn -1.000000 0.000000 0.000000
vn 0.000000 1.000000 0.000000
vn 0.000000 1.000000 0.000000
vn 0.000000 1.000000 0.000000
vn 0.000000 1.000000 0.000000
vn 1.000000 0.000000 0.000000
vn 1.000000 0.000000 0.000000
vn 1.000000 0.000000 0.000000
vn 1.000000 0.000000 0.000000
vn 0.000000 0.000000 -1.000000
vn 0.000000 0.000000 -1.000000
vn 0.000000 0.000000 -1.000000
vn 0.000000 0.000000 -1.000000
vn 0.000000 -0.000000 1.000000
vn 0.000000 -0.000000 1.000000
vn 0.000000 -0.000000 1.000000
vn 0.000000 -0.000000 1.000000
vn 1.000000 0.000000 0.000000
vn 1.000000 0.000000 0.000000
vn 1.000000 0.000000 0.000000
vn 1.000000 0.000000 0.000000
vn 1.000000 0.000000 0.000000
vn 1.000000 0.000000 0.000000
vn 1.000000 0.000000 0.000000
vn 1.000000 0.000000 0.000000
vn 0.000000 1.000000 0.000000
vn 0.000000 1.000000 0.000000
vn 0.000000 1.000000 0.000000
vn 0.000000 1.000000 0.000000
vn 1.000000 0.000000 0.000000
vn 1.000000 0.000000 0.000000
vn 1.000000 0.000000 0.000000
vn 1.000000 0.000000 0.000000
vn 0.000000 -1.000000 -0.000000
vn 0.000000 -1.000000 -0.000000
vn 0.000000 -1.000000 -0.000000
vn 0.000000 -1.000000 -0.000000
vn 0.000000 0.000000 -1.000000
vn 0.000000 0.000000 -1.000000
vn 0.000000 0.000000 -1.000000
vn 0.000000 0.000000 -1.000000
vn 0.000000 -0.000000 1.000000
vn 0.000000 -0.000000 1.000000
vn 0.000000 -0.000000 1.000000
vn 0.000000 -0.000000 1.000000
vn 0.000000 -0.000000 1.000000
vn 0.000000 -0.000000 1.000000
vn 0.000000 -0.000000 1.000000
vn 0.000000 -0.000000 1.000000
vn 0.000000 1.000000 0.000000
vn 0.000000 1.000000 0.000000
vn 0.000000 1.000000 0.000000
vn 0.000000 1.000000 0.000000
vn 0.000000 -1.000000 -0.000000
vn 0.000000 -1.000000 -0.000000
vn 0.000000 -1.000000 -0.000000
vn 0.000000 -1.000000 -0.000000
vn 0.000000 -0.000000 1.000000
vn 0.000000 -0.000000 1.000000
vn 0.000000 -0.000000 1.000000
vn 0.000000 -0.000000 1.000000
vn 0.000000 1.000000 0.000000
vn 0.000000 1.000000 0.000000
vn 0.000000 1.000000 0.000000
vn 0.000000 1.000000 0.000000
vn 1.000000 0.000000 0.000000
vn 1.000000 0.000000 0.000000
vn 1.000000 0.000000 0.000000
vn 1.000000 0.000000 0.000000
vn 1.000000 0.000000 0.000000
vn 1.000000 0.000000 0.000000
vn 1.000000 0.000000 0.000000
vn 1.000000 0.000000 0.000000
vn 0.000000 1.000000 0.000000
vn 0.000000 1.000000 0.000000
vn 0.000000 1.000000 0.000000
vn 0.000000 1.000000 0.000000
vn 0.000000 1.000000 0.000000
vn 0.000000 1.000000 0.000000
vn 0.000000 1.000000 0.000000
vn 0.000000 1.000000 0.000000
vn -1.000000 0.000000 0.000000
vn -1.000000 0.000000 0.000000
vn -1.000000 0.000000 0.000000
vn -1.000000 0.000000 0.000000
vn 0.000000 0.000000 -1.000000
vn 0.000000 0.000000 -1.000000
vn 0.000000 0.000000 -1.000000
vn 0.000000 0.000000 -1.000000
vn 0.000000 -0.000000 1.000000
vn 0.000000 -0.000000 1.000000
vn 0.000000 -0.000000 1.000000
vn 0.000000 -0.000000 1.000000
vn -1.000000 0.000000 0.000000
vn -1.000000 0.000000 0.000000
vn -1.000000 0.000000 0.000000
vn -1.000000 0.000000 0.000000
vn 0.000000 1.000000 0.000000
vn 0.000000 1.000000 0.000000
vn 0.000000 1.000000 0.000000
vn 0.000000 1.000000 0.000000
vn 0.000000 -1.000000 -0.000000
vn 0.000000 -1.000000 -0.000000
vn 0.000000 -1.000000 -0.000000
vn 0.000000 -1.000000 -0.000000
vn 0.000000 0.000000 -1.000000
vn 0.000000 0.000000 -1.000000
vn 0.000000 0.000000 -1.000000
vn 0.000000 0.000000 -1.000000
vn 0.000000 -0.000000 1.000000
vn 0.000000 -0.000000 1.000000
vn 0.000000 -0.000000 1.000000
vn 0.000000 -0.000000 1.000000
vn 0.000000 -0.000000 1.000000
vn 0.000000 -0.000000 1.000000
vn 0.000000 -0.000000 1.000000
vn 0.000000 -0.000000 1.000000
vn 0.000000 1.000000 0.000000
vn 0.000000 1.000000 0.000000
vn 0.000000 1.000000 0.000000
vn 0.000000 1.000000 0.000000
vn 0.000000 -1.000000 -0.000000
vn 0.000000 -1.000000 -0.000000
vn 0.000000 -1.000000 -0.000000
vn 0.000000 -1.000000 -0.000000
vn 0.000000 -0.000000 1.000000
vn 0.000000 -0.000000 1.000000
vn 0.000000 -0.000000 1.000000
vn 0.000000 -0.000000 1.000000
vn 0.000000 1.000000 0.000000
vn 0.000000 1.000000 0.000000
vn 0.000000 1.000000 0.000000
vn 0.000000 1.000000 0.000000
vn 0.000000 1.000000 0.000000
vn 0.000000 1.000000 0.000000
vn 0.000000 1.000000 0.000000
vn 0.000000 1.000000 0.000000
vn 0.000000 1.000000 0.000000
vn 0.000000 1.000000 0.000000
vn 0.000000 1.000000 0.000000
vn 0.000000 1.000000 0.000000
vn 0.000000 -1.000000 -0.000000
vn 0.000000 -1.000000 -0.000000
vn 0.000000 -1.000000 -0.000000
vn 0.000000 -1.000000 -0.000000
vn 0.000000 0.000000 -1.000000
vn 0.000000 0.000000 -1.000000
vn 0.000000 0.000000 -1.000000
vn 0.000000 0.000000 -1.000000
vn 0.000000 -0.000000 1.000000
vn 0.000000 -0.000000 1.000000
vn 0.000000 -0.000000 1.000000
vn 0.000000 -0.000000 1.000000
vn 1.000000 0.000000 0.000000
vn 1.000000 0.000000 0.000000
vn 1.000000 0.000000 0.000000
vn 1.000000 0.000000 0.000000
vn 0.000000 -1.000000 -0.000000
vn 0.000000 -1.000000 -0.000000
vn 0.000000 -1.000000 -0.000000
vn 0.000000 -1.000000 -0.000000
vn 1.000000 0.000000 0.000000
vn 1.000000 0.000000 0.000000
vn 1.000000 0.000000 0.000000
vn 1.000000 0.000000 0.000000
vn 0.000000 1.000000 0.000000
vn 0.000000 1.000000 0.000000
vn 0.000000 1.000000 0.000000
vn 0.000000 1.000000 0.000000
vn 0.000000 1.000000 0.000000
vn 0.000000 1.000000 0.000000
vn 0.000000 1.000000 0.000000
vn 0.000000 1.000000 0.000000
vn 0.000000 1.000000 0.000000
vn 0.000000 1.000000 0.000000
vn 0.000000 1.000000 0.000000
vn 0.000000 1.000000 0.000000
vn 0.000000 -0.000000 1.000000
vn 0.000000 -0.000000 1.000000
vn 0.000000 -0.000000 1.000000
vn 0.000000 -0.000000 1.000000
vn 0.000000 -1.000000 -0.000000
vn 0.000000 -1.000000 -0.000000
vn 0.000000 -1.000000 -0.000000
vn 0.000000 -1.000000 -0.000000
vn 0.000000 0.000000 -1.000000
vn 0.000000 0.000000 -1.000000
vn 0.000000 0.000000 -1.000000
vn 0.000000 0.000000 -1.000000
vn 0.000000 -0.000000 1.000000
vn 0.000000 -0.000000 1.000000
vn 0.000000 -0.000000 1.000000
vn 0.000000 -0.000000 1.000000
vn 0.000000 -1.000000 -0.000000
vn 0.000000 -1.000000 -0.000000
vn 0.000000 -1.000000 -0.000000
vn 0.000000 -1.000000 -0.000000
vn 1.000000 0.000000 0.000000
vn 1.000000 0.000000 0.000000
vn 1.000000 0.000000 0.000000
vn 1.000000 0.000000 0.000000
vn -1.000000 0.000000 0.000000
vn -1.000000 0.000000 0.000000
vn -1.000000 0.000000 0.000000
vn -1.000000 0.000000 0.000000
vn 0.000000 1.000000 0.000000
vn 0.000000 1.000000 0.000000
vn 0.000000 1.000000 0.000000
vn 0.000000 1.000000 0.000000
vn 0.000000 1.000000 0.000000
vn 0.000000 1.000000 0.000000
vn 0.000000 1.000000 0.000000
vn 0.000000 1.000000 0.000000
vn 0.000000 -0.000000 1.000000
vn 0.000000 -0.000000 1.000000
vn 0.000000 -0.000000 1.000000
vn 0.000000 -0.000000 1.000000
vn 0.000000 -1.000000 -0.000000
vn 0.000000 -1.000000 -0.000000
vn 0.000000 -1.000000 -0.000000
vn 0.000000 -1.000000 -0.000000
vn 0.000000 0.000000 -1.000000
vn 0.000000 0.000000 -1.000000
vn 0.000000 0.000000 -1.000000
vn 0.000000 0.000000 -1.000000
vn 0.000000 -0.000000 1.000000
vn 0.000000 -0.000000 1.000000
vn 0.000000 -0.000000 1.000000
vn 0.000000 -0.000000 1.000000
vn 1.000000 0.000000 0.000000
vn 1.000000 0.000000 0.000000
vn 1.000000 0.000000 0.000000
vn 1.000000 0.000000 0.000000
vn 0.000000 -1.000000 -0.000000
vn 0.000000 -1.000000 -0.000000
vn 0.000000 -1.000000 -0.000000
vn 0.000000 -1.000000 -0.000000
vn 0.000000 1.000000 0.000000
vn 0.000000 1.000000 0.000000
vn 0.000000 1.000000 0.000000
vn 0.000000 1.000000 0.000000
vn 0.000000 -1.000000 -0.000000
vn 0.000000 -1.000000 -0.000000
vn 0.000000 -1.000000 -0.000000
vn 0.000000 -1.000000 -0.000000
vn 0.000000 0.000000 -1.000000
vn 0.000000 0.000000 -1.000000
vn 0.000000 0.000000 -1.000000
vn 0.000000 0.000000 -1.000000
vn 0.000000 -0.000000 1.000000
vn 0.000000 -0.000000 1.000000
vn 0.000000 -0.000000 1.000000
vn 0.000000 -0.000000 1.000000
vn -1.000000 0.000000 0.000000
vn -1.000000 0.000000 0.000000
vn -1.000000 0.000000 0.000000
vn -1.000000 0.000000 0.000000
vn 0.000000 -1.000000 -0.000000
vn 0.000000 -1.000000 -0.000000
vn 0.000000 -1.000000 -0.000000
vn 0.000000 -1.000000 -0.000000
vn 0.000000 1.000000 0.000000
vn 0.000000 1.000000 0.000000
vn 0.000000 1.000000 0.000000
vn 0.000000 1.000000 0.000000
vn 0.000000 -0.000000 1.000000
vn 0.000000 -0.000000 1.000000
vn 0.000000 -0.000000 1.000000
vn 0.000000 -0.000000 1.000000
vn 0.000000 1.000000 0.000000
vn 0.000000 1.000000 0.000000
vn 0.000000 1.000000 0.000000
vn 0.000000 1.000000 0.000000
vn 0.000000 -1.000000 -0.000000
vn 0.000000 -1.000000 -0.000000
vn 0.000000 -1.000000 -0.000000
vn 0.000000 -1.000000 -0.000000
vn 0.000000 0.000000 -1.000000
vn 0.000000 0.000000 -1.000000
vn 0.000000 0.000000 -1.000000
vn 0.000000 0.000000 -1.000000
vn 0.000000 -0.000000 1.000000
vn 0.000000 -0.000000 1.000000
vn 0.000000 -0.000000 1.000000
vn 0.000000 -0.000000 1.000000
vn 0.000000 -0.000000 1.000000
vn 0.000000 -0.000000 1.000000
vn 0.000000 -0.000000 1.000000
vn 0.000000 -0.000000 1.000000
vn 1.000000 0.000000 0.000000
vn 1.000000 0.000000 0.000000
vn 1.000000 0.000000 0.000000
vn 1.000000 0.000000 0.000000
vn 0.000000 -1.000000 -0.000000
vn 0.000000 -1.000000 -0.000000
vn 0.000000 -1.000000 -0.000000
vn 0.000000 -1.000000 -0.000000
vn 0.000000 1.000000 0.000000
vn 0.000000 1.000000 0.000000
vn 0.000000 1.000000 0.000000
vn 0.000000 1.000000 0.000000
vn 0.000000 1.000000 0.000000
vn 0.000000 1.000000 0.000000
vn 0.000000 1.000000 0.000000
vn 0.000000 1.000000 0.000000
vn 0.000000 1.000000 0.000000
vn 0.000000 1.000000 0.000000
vn 0.000000 1.000000 0.000000
vn 0.000000 1.000000 0.000000
vn 0.000000 -1.000000 -0.000000
vn 0.000000 -1.000000 -0.000000
vn 0.000000 -1.000000 -0.000000
vn 0.000000 -1.000000 -0.000000
vn 0.000000 0.000000 -1.000000
vn 0.000000 0.000000 -1.000000
vn 0.000000 0.000000 -1.000000
vn 0.000000 0.000000 -1.000000
vn 0.000000 -0.000000 1.000000
vn 0.000000 -0.000000 1.000000
vn 0.000000 -0.000000 1.000000
vn 0.000000 -0.000000 1.000000
vn 1.000000 0.000000 0.000000
vn 1.000000 0.000000 0.000000
vn 1.000000 0.000000 0.000000
vn 1.000000 0.000000 0.000000
vn -1.000000 0.000000 0.000000
vn -1.000000 0.000000 0.000000
vn -1.000000 0.000000 0.000000
vn -1.000000 0.000000 0.000000
vn 1.000000 0.000000 0.000000
vn 1.000000 0.000000 0.000000
vn 1.000000 0.000000 0.000000
vn 1.000000 0.000000 0.000000
vn 0.000000 0.000000 -1.000000
vn 0.000000 0.000000 -1.000000
vn 0.000000 0.000000 -1.000000
vn 0.000000 0.000000 -1.000000
vn 0.000000 -0.000000 1.000000
vn 0.000000 -0.000000 1.000000
vn 0.000000 -0.000000 1.000000
vn 0.000000 -0.000000 1.000000
vn 0.000000 -0.000000 1.000000
vn 0.000000 -0.000000 1.000000
vn 0.000000 -0.000000 1.000000
vn 0.000000 -0.000000 1.000000
vn 0.000000 -0.000000 1.000000
vn 0.000000 -0.000000 1.000000
vn 0.000000 -0.000000 1.000000
vn 0.000000 -0.000000 1.000000
vn 0.000000 -1.000000 -0.000000
vn 0.000000 -1.000000 -0.000000
vn 0.000000 -1.000000 -0.000000
vn 0.000000 -1.000000 -0.000000
vn 1.000000 0.000000 0.000000
vn 1.000000 0.000000 0.000000
vn 1.000000 0.000000 0.000000
vn 1.000000 0.000000 0.000000
vn 0.000000 -1.000000 -0.000000
vn 0.000000 -1.000000 -0.000000
vn 0.000000 -1.000000 -0.000000
vn 0.000000 -1.000000 -0.000000
vn -1.000000 0.000000 0.000000
vn -1.000000 0.000000 0.000000
vn -1.000000 0.000000 0.000000
vn -1.000000 0.000000 0.000000
vn 0.000000 0.000000 -1.000000
vn 0.000000 0.000000 -1.000000
vn 0.000000 0.000000 -1.000000
vn 0.000000 0.000000 -1.000000
vn 0.000000 0.000000 -1.000000
vn 0.000000 0.000000 -1.000000
vn 0.000000 0.000000 -1.000000
vn 0.000000 0.000000 -1.000000
vn 0.000000 -0.000000 1.000000
vn 0.000000 -0.000000 1.000000
vn 0.000000 -0.000000 1.000000
vn 0.000000 -0.000000 1.000000
vn 1.000000 0.000000 0.000000
vn 1.000000 0.000000 0.000000
vn 1.000000 0.000000 0.000000
vn 1.000000 0.000000 0.000000
vn 0.000000 1.000000 0.000000
vn 0.000000 1.000000 0.000000
vn 0.000000 1.000000 0.000000
vn 0.000000 1.000000 0.000000
vn 0.000000 -1.000000 -0.000000
vn 0.000000 -1.000000 -0.000000
vn 0.000000 -1.000000 -0.000000
vn 0.000000 -1.000000 -0.000000
vn 0.000000 0.000000 -1.000000
vn 0.000000 0.000000 -1.000000
vn 0.000000 0.000000 -1.000000
vn 0.000000 0.000000 -1.000000
vn 0.000000 -0.000000 1.000000
vn 0.000000 -0.000000 1.000000
vn 0.000000 -0.000000 1.000000
vn 0.000000 -0.000000 1.000000
vn 0.000000 1.000000 0.000000
vn 0.000000 1.000000 0.000000
vn 0.000000 1.000000 0.000000
vn 0.000000 1.000000 0.000000
vn -1.000000 0.000000 0.000000
vn -1.000000 0.000000 0.000000
vn -1.000000 0.000000 0.000000
vn -1.000000 0.000000 0.000000
vn 0.000000 -1.000000 -0.000000
vn 0.000000 -1.000000 -0.000000
vn 0.000000 -1.000000 -0.000000
vn 0.000000 -1.000000 -0.000000
vn 1.000000 0.000000 0.000000
vn 1.000000 0.000000 0.000000
vn 1.000000 0.000000 0.000000
vn 1.000000 0.000000 0.000000
vn -1.000000 0.000000 0.000000
vn -1.000000 0.000000 0.000000
vn -1.000000 0.000000 0.000000
vn -1.000000 0.000000 0.000000
vn 0.000000 0.000000 -1.000000
vn 0.000000 0.000000 -1.000000
vn 0.000000 0.000000 -1.000000
vn 0.000000 0.000000 -1.000000
vn 0.000000 -0.000000 1.000000
vn 0.000000 -0.000000 1.000000
vn 0.000000 -0.000000 1.000000
vn 0.000000 -0.000000 1.000000
vn -1.000000 0.000000 0.000000
vn -1.000000 0.000000 0.000000
vn -1.000000 0.000000 0.000000
vn -1.000000 0.000000 0.000000
vn 1.000000 0.000000 0.000000
vn 1.000000 0.000000 0.000000
vn 1.000000 0.000000 0.000000
vn 1.000000 0.000000 0.000000
vn 0.000000 1.000000 0.000000
vn 0.000000 1.000000 0.000000
vn 0.000000 1.000000 0.000000
vn 0.000000 1.000000 0.000000
vn 0.000000 -1.000000 -0.000000
vn 0.000000 -1.000000 -0.000000
vn 0.000000 -1.000000 -0.000000
vn 0.000000 -1.000000 -0.000000
vn 0.000000 0.000000 -1.000000
vn 0.000000 0.000000 -1.000000
vn 0.000000 0.000000 -1.000000
vn 0.000000 0.000000 -1.000000
vn 0.000000 -0.000000 1.000000
vn 0.000000 -0.000000 1.000000
vn 0.000000 -0.000000 1.000000
vn 0.000000 -0.000000 1.000000
vn 0.000000 0.000000 -1.000000
vn 0.000000 0.000000 -1.000000
vn 0.000000 0.000000 -1.000000
vn 0.000000 0.000000 -1.000000
vn 0.000000 -0.000000 1.000000
vn 0.000000 -0.000000 1.000000
vn 0.000000 -0.000000 1.000000
vn 0.000000 -0.000000 1.000000
vn 0.000000 -1.000000 -0.000000
vn 0.000000 -1.000000 -0.000000
vn 0.000000 -1.000000 -0.000000
vn 0.000000 -1.000000 -0.000000
vn -1.000000 0.000000 0.000000
vn -1.000000 0.000000 0.000000
vn -1.000000 0.000000 0.000000
vn -1.000000 0.000000 0.000000
vn 0.000000 -1.000000 -0.000000
vn 0.000000 -1.000000 -0.000000
vn 0.000000 -1.000000 -0.000000
vn 0.000000 -1.000000 -0.000000
vn 0.000000 1.000000 0.000000
vn 0.000000 1.000000 0.000000
vn 0.000000 1.000000 0.000000
vn 0.000000 1.000000 0.000000
vn 0.000000 -1.000000 -0.000000
vn 0.000000 -1.000000 -0.000000
vn 0.000000 -1.000000 -0.000000
vn 0.000000 -1.000000 -0.000000
vn 0.000000 0.000000 -1.000000
vn 0.000000 0.000000 -1.000000
vn 0.000000 0.000000 -1.000000
vn 0.000000 0.000000 -1.000000
vn 0.000000 -0.000000 1.000000
vn 0.000000 -0.000000 1.000000
vn 0.000000 -0.000000 1.000000
vn 0.000000 -0.000000 1.000000
vn 0.000000 -1.000000 -0.000000
vn 0.000000 -1.000000 -0.000000
vn 0.000000 -1.000000 -0.000000
vn 0.000000 -1.000000 -0.000000
vn 1.000000 0.000000 0.000000
vn 1.000000 0.000000 0.000000
vn 1.000000 0.000000 0.000000
vn 1.000000 0.000000 0.000000
vn 0.000000 -1.000000 -0.000000
vn 0.000000 -1.000000 -0.000000
vn 0.000000 -1.000000 -0.000000
vn 0.000000 -1.000000 -0.000000
vn 1.000000 0.000000 0.000000
vn 1.000000 0.000000 0.000000
vn 1.000000 0.000000 0.000000
vn 1.000000 0.000000 0.000000
vn 0.000000 1.000000 0.000000
vn 0.000000 1.000000 0.000000
vn 0.000000 1.000000 0.000000
vn 0.000000 1.000000 0.000000
vn 1.000000 0.000000 0.000000
vn 1.000000 0.000000 0.000000
vn 1.000000 0.000000 0.000000
vn 1.000000 0.000000 0.000000
vn 0.000000 -1.000000 -0.000000
vn 0.000000 -1.000000 -0.000000
vn 0.000000 -1.000000 -0.000000
vn 0.000000 -1.000000 -0.000000
vn 0.000000 0.000000 -1.000000
vn 0.000000 0.000000 -1.000000
vn 0.000000 0.000000 -1.000000
vn 0.000000 0.000000 -1.000000
vn 0.000000 0.000000 -1.000000
vn 0.000000 0.000000 -1.000000
vn 0.000000 0.000000 -1.000000
vn 0.000000 0.000000 -1.000000
vn 0.000000 -0.000000 1.000000
vn 0.000000 -0.000000 1.000000
vn 0.000000 -0.000000 1.000000
vn 0.000000 -0.000000 1.000000
vn 0.000000 1.000000 0.000000
vn 0.000000 1.000000 0.000000
vn 0.000000 1.000000 0.000000
vn 0.000000 1.000000 0.000000
vn 0.000000 1.000000 0.000000
vn 0.000000 1.000000 0.000000
vn 0.000000 1.000000 0.000000
vn 0.000000 1.000000 0.000000
vn 0.000000 1.000000 0.000000
vn 0.000000 1.000000 0.000000
vn 0.000000 1.000000 0.000000
vn 0.000000 1.000000 0.000000
vn 0.000000 1.000000 0.000000
vn 0.000000 1.000000 0.000000
vn 0.000000 1.000000 0.000000
vn 0.000000 1.000000 0.000000
vn 0.000000 -1.000000 -0.000000
vn 0.000000 -1.000000 -0.000000
vn 0.000000 -1.000000 -0.000000
vn 0.000000 -1.000000 -0.000000
vn 0.000000 0.000000 -1.000000
vn 0.000000 0.000000 -1.000000
vn 0.000000 0.000000 -1.000000
vn 0.000000 0.000000 -1.000000
vn 0.000000 -0.000000 1.000000
vn 0.000000 -0.000000 1.000000
vn 0.000000 -0.000000 1.000000
vn 0.000000 -0.000000 1.000000
vn 0.000000 -0.000000 1.000000
vn 0.000000 -0.000000 1.000000
vn 0.000000 -0.000000 1.000000
vn 0.000000 -0.000000 1.000000
vn 0.000000 -1.000000 -0.000000
vn 0.000000 -1.000000 -0.000000
vn 0.000000 -1.000000 -0.000000
vn 0.000000 -1.000000 -0.000000
vn -1.000000 0.000000 0.000000
vn -1.000000 0.000000 0.000000
vn -1.000000 0.000000 0.000000
vn -1.000000 0.000000 0.000000
vn 0.000000 0.000000 -1.000000
vn 0.000000 0.000000 -1.000000
vn 0.000000 0.000000 -1.000000
vn 0.000000 0.000000 -1.000000
vn 1.000000 0.000000 0.000000
vn 1.000000 0.000000 0.000000
vn 1.000000 0.000000 0.000000
vn 1.000000 0.000000 0.000000
vn -1.000000 0.000000 0.000000
vn -1.000000 0.000000 0.000000
vn -1.000000 0.000000 0.000000
vn -1.000000 0.000000 0.000000
vn -1.000000 0.000000 0.000000
vn -1.000000 0.000000 0.000000
vn -1.000000 0.000000 0.000000
vn -1.000000 0.000000 0.000000
vn 0.000000 1.000000 0.000000
vn 0.000000 1.000000 0.000000
vn 0.000000 1.000000 0.000000
vn 0.000000 1.000000 0.000000
vn 0.000000 -1.000000 -0.000000
vn 0.000000 -1.000000 -0.000000
vn 0.000000 -1.000000 -0.000000
vn 0.000000 -1.000000 -0.000000
vn 0.000000 0.000000 -1.000000
vn 0.000000 0.000000 -1.000000
vn 0.000000 0.000000 -1.000000
vn 0.000000 0.000000 -1.000000
vn 0.000000 -0.000000 1.000000
vn 0.000000 -0.000000 1.000000
vn 0.000000 -0.000000 1.000000
vn 0.000000 -0.000000 1.000000
vn 0.000000 -0.000000 1.000000
vn 0.000000 -0.000000 1.000000
vn 0.000000 -0.000000 1.000000
vn 0.000000 -0.000000 1.000000
vn 0.000000 -0.000000 1.000000
vn 0.000000 -0.000000 1.000000
vn 0.000000 -0.000000 1.000000
vn 0.000000 -0.000000 1.000000
vn 0.000000 -1.000000 -0.000000
vn 0.000000 -1.000000 -0.000000
vn 0.000000 -1.000000 -0.000000
vn 0.000000 -1.000000 -0.000000
vn -1.000000 0.000000 0.000000
vn -1.000000 0.000000 0.000000
vn -1.000000 0.000000 0.000000
vn -1.000000 0.000000 0.000000
vn 0.000000 -1.000000 -0.000000
vn 0.000000 -1.000000 -0.000000
vn 0.000000 -1.000000 -0.000000
vn 0.000000 -1.000000 -0.000000
vn 0.000000 1.000000 0.000000
vn 0.000000 1.000000 0.000000
vn 0.000000 1.000000 0.000000
vn 0.000000 1.000000 0.000000
vn 0.000000 -1.000000 -0.000000
vn 0.000000 -1.000000 -0.000000
vn 0.000000 -1.000000 -0.000000
vn 0.000000 -1.000000 -0.000000
vn 0.000000 0.000000 -1.000000
vn 0.000000 0.000000 -1.000000
vn 0.000000 0.000000 -1.000000
vn 0.000000 0.000000 -1.000000
vn -1.000000 0.000000 0.000000
vn -1.000000 0.000000 0.000000
vn -1.000000 0.000000 0.000000
vn -1.000000 0.000000 0.000000
vn 0.000000 -0.000000 1.000000
vn 0.000000 -0.000000 1.000000
vn 0.000000 -0.000000 1.000000
vn 0.000000 -0.000000 1.000000
vn 0.000000 1.000000 0.000000
vn 0.000000 1.000000 0.000000
vn 0.000000 1.000000 0.000000
vn 0.000000 1.000000 0.000000
vn 0.000000 -0.000000 1.000000
vn 0.000000 -0.000000 1.000000
vn 0.000000 -0.000000 1.000000
vn 0.000000 -0.000000 1.000000
vn 1.000000 0.000000 0.000000
vn 1.000000 0.000000 0.000000
vn 1.000000 0.000000 0.000000
vn 1.000000 0.000000 0.000000
vn 0.000000 1.000000 0.000000
vn 0.000000 1.000000 0.000000
vn 0.000000 1.000000 0.000000
vn 0.000000 1.000000 0.000000
vn 0.000000 -1.000000 -0.000000
vn 0.000000 -1.000000 -0.000000
vn 0.000000 -1.000000 -0.000000
vn 0.000000 -1.000000 -0.000000
vn 0.000000 0.000000 -1.000000
vn 0.000000 0.000000 -1.000000
vn 0.000000 0.000000 -1.000000
vn 0.000000 0.000000 -1.000000
vn 0.000000 -0.000000 1.000000
vn 0.000000 -0.000000 1.000000
vn 0.000000 -0.000000 1.000000
vn 0.000000 -0.000000 1.000000
vn 0.000000 -0.000000 1.000000
vn 0.000000 -0.000000 1.000000
vn 0.000000 -0.000000 1.000000
vn 0.000000 -0.000000 1.000000
vn 0.000000 -0.000000 1.000000
vn 0.000000 -0.000000 1.000000
vn 0.000000 -0.000000 1.000000
vn 0.000000 -0.000000 1.000000
vn 0.000000 -1.000000 -0.000000
vn 0.000000 -1.000000 -0.000000
vn 0.000000 -1.000000 -0.000000
vn 0.000000 -1.000000 -0.000000
vn -1.000000 0.000000 0.000000
vn -1.000000 0.000000 0.000000
vn -1.000000 0.000000 0.000000
vn -1.000000 0.000000 0.000000
vn -1.000000 0.000000 0.000000
vn -1.000000 0.000000 0.000000
vn -1.000000 0.000000 0.000000
vn -1.000000 0.000000 0.000000
vn 0.000000 -1.000000 -0.000000
vn 0.000000 -1.000000 -0.000000
vn 0.000000 -1.000000 -0.000000
vn 0.000000 -1.000000 -0.000000
vn 0.000000 0.000000 -1.000000
vn 0.000000 0.000000 -1.000000
vn 0.000000 0.000000 -1.000000
vn 0.000000 0.000000 -1.000000
vn 1.000000 0.000000 0.000000
vn 1.000000 0.000000 0.000000
vn 1.000000 0.000000 0.000000
vn 1.000000 0.000000 0.000000
vn 0.000000 0.000000 -1.000000
vn 0.000000 0.000000 -1.000000
vn 0.000000 0.000000 -1.000000
vn 0.000000 0.000000 -1.000000
vn 0.000000 -0.000000 1.000000
vn 0.000000 -0.000000 1.000000
vn 0.000000 -0.000000 1.000000
vn 0.000000 -0.000000 1.000000
vn 1.000000 0.000000 0.000000
vn 1.000000 0.000000 0.000000
vn 1.000000 0.000000 0.000000
vn 1.000000 0.000000 0.000000
vn 0.000000 -1.000000 -0.000000
vn 0.000000 -1.000000 -0.000000
vn 0.000000 -1.000000 -0.000000
vn 0.000000 -1.000000 -0.000000
vn 0.000000 -1.000000 -0.000000
vn 0.000000 -1.000000 -0.000000
vn 1.000000 0.000000 0.000000
vn 1.000000 0.000000 0.000000
vn 1.000000 0.000000 0.000000
vn 1.000000 0.000000 0.000000
vn -1.000000 0.000000 0.000000
vn -1.000000 0.000000 0.000000
vn -1.000000 0.000000 0.000000
vn -1.000000 0.000000 0.000000
vn 0.000000 0.000000 -1.000000
vn 0.000000 0.000000 -1.000000
vn 0.000000 0.000000 -1.000000
vn 0.000000 0.000000 -1.000000
vn 0.000000 -0.000000 1.000000
vn 0.000000 -0.000000 1.000000
vn 0.000000 -0.000000 1.000000
vn 0.000000 -0.000000 1.000000
vn 0.000000 -0.000000 1.000000
vn 0.000000 -0.000000 1.000000
vn 0.000000 -0.000000 1.000000
vn 0.000000 -0.000000 1.000000
vn 0.000000 -1.000000 -0.000000
vn 0.000000 -1.000000 -0.000000
vn 0.000000 -1.000000 -0.000000
vn 0.000000 -1.000000 -0.000000
vn 0.000000 -1.000000 0.000526
vn 0.000000 -1.000000 0.000442
vn 0.000000 -1.000000 0.000421
vn 0.000000 -1.000000 0.000527
vn 0.000000 -1.000000 0.000456
vn 0.000000 -1.000000 0.000386
vn 0.000000 -1.000000 0.000450
vn 0.000000 -1.000000 0.000428
vn 0.000000 -1.000000 0.000390
vn 0.000000 -1.000000 0.000466
vn 0.000000 -1.000000 0.000540
vn 0.000000 -1.000000 0.000450
vn 0.000000 -1.000000 0.000539
vn 0.000000 -1.000000 0.000428
vn 0.000000 1.000000 0.000000
vn 0.000000 1.000000 0.000000
vn 0.000000 1.000000 0.000000
vn 0.000000 1.000000 0.000000
vn 0.000000 1.000000 0.000000
vn -0.000026 1.000000 -0.000356
vn 0.000000 1.000000 0.000000
vn 0.000000 1.000000 -0.000184
vn -0.000036 1.000000 -0.000043
vn -0.000063 1.000000 -0.000160
vn -0.001282 0.999999 -0.000713
vn -0.002075 0.999996 -0.001817
vn 0.003379 0.999993 -0.001480
vn 0.004879 0.999987 -0.001463
vn 0.010127 0.999949 -0.000416
vn 0.000000 -0.000000 1.000000
vn 0.000000 -0.000000 1.000000
vn 0.000000 -0.000000 1.000000
vn 0.000000 -0.000000 1.000000
vn 0.000000 -0.000000 1.000000
vn 0.000000 -0.000000 1.000000
vn 0.000000 -0.000000 1.000000
vn 0.000000 -0.000000 1.000000
vn 0.000000 -0.000000 1.000000
vn 1.000000 0.000000 0.000000
vn 1.000000 0.000000 0.000000
vn 1.000000 0.000000 0.000000
vn 1.000000 0.000000 0.000000
vn 0.000000 1.000000 -0.000526
vn 0.000000 1.000000 -0.000456
vn 0.000000 1.000000 -0.000526
vn 0.000000 1.000000 -0.000386
vn 0.000000 1.000000 -0.000390
vn 0.000000 1.000000 -0.000540
vn 0.000000 1.000000 -0.000465
vn 0.000000 1.000000 -0.000540
vn 1.000000 0.000000 0.000000
vn 1.000000 0.000000 0.000000
vn 1.000000 0.000000 0.000000
vn 1.000000 0.000000 0.000000
vn 1.000000 0.000000 0.000000
vn 1.000000 0.000000 0.000000
vn 1.000000 0.000000 0.000000
vn 1.000000 0.000000 0.000000
vn 1.000000 0.000000 0.000000
vn 1.000000 0.000000 0.000000
vn 1.000000 0.000000 0.000000
vn 1.000000 0.000000 0.000000
vn 1.000000 0.000000 0.000000
vn 1.000000 0.000000 0.000000
vn 1.000000 0.000000 0.000000
vn 1.000000 0.000000 0.000000
vn 1.000000 0.000000 0.000000
vn 1.000000 0.000000 0.000000
vn 1.000000 0.000000 0.000000
vn 1.000000 0.000000 0.000000
vn 1.000000 0.000000 0.000000
vn 1.000000 0.000000 0.000000
vn 1.000000 0.000000 0.000000
vn 1.000000 0.000000 0.000000
vn 1.000000 0.000000 0.000000
vn 1.000000 0.000000 0.000000
vn 1.000000 0.000000 0.000000
vn 1.000000 0.000000 0.000000
vn 1.000000 0.000000 0.000000
vn 1.000000 0.000000 0.000000
vn 1.000000 0.000000 0.000000
vn 1.000000 0.000000 0.000000
vn 1.000000 0.000000 0.000000
vn 0.000000 -1.000000 0.000391
vn 0.000000 -1.000000 0.000393
vn 0.000000 -1.000000 0.000394
vn 0.000000 -1.000000 0.000388
vn -1.000000 0.000000 -0.000203
vn -1.000000 0.000000 -0.000182
vn -1.000000 0.000000 -0.000177
vn -1.000000 0.000000 -0.000213
vn -1.000000 0.000017 -0.000171
vn -1.000000 0.000017 -0.000189
vn -1.000000 0.000025 -0.000203
vn -1.000000 0.000000 -0.000213
vn 0.000000 -0.000000 1.000000
vn 0.000000 -0.000000 1.000000
vn 0.000000 -0.000000 1.000000
vn 0.000000 -0.000000 1.000000
vn 0.000000 -0.000000 1.000000
vn 0.000000 -0.000000 1.000000
vn 0.000000 -0.000000 1.000000
vn 0.000000 -0.000000 1.000000
vn 0.000000 -0.000000 1.000000
vn 0.000000 -0.000000 1.000000
vn 0.000000 -0.000000 1.000000
vn 0.000000 -0.000000 1.000000
vn 0.000000 -0.000000 1.000000
vn 0.000000 -0.000000 1.000000
vn 0.000000 -0.295683 0.955286
vn 0.000000 -0.000000 1.000000
vn 0.000000 0.000000 -1.000000
vn 0.000000 0.000000 -1.000000
vn 0.000000 0.000000 -1.000000
vn 0.000000 0.000000 -1.000000
vn 0.000000 0.000000 -1.000000
vn 0.000000 0.000000 -1.000000
vn 0.000000 0.000000 -1.000000
vn 0.000000 0.000000 -1.000000
vn 1.000000 -0.000000 0.000130
vn 1.000000 -0.000000 0.000125
vn 1.000000 -0.000000 0.000132
vn 1.000000 -0.000025 0.000132
vn 1.000000 -0.000000 0.000121
vn 1.000000 -0.000070 0.000122
vn 1.000000 -0.000027 0.000090
vn 1.000000 -0.000000 0.000126
vn 1.000000 0.000047 0.000081
vn 1.000000 0.000000 0.000000
vn 1.000000 0.000059 0.000133
vn 1.000000 -0.000033 0.000174
vn 1.000000 -0.000000 0.000171
vn 1.000000 -0.000000 0.000213
vn 1.000000 0.000044 0.000090
vn 1.000000 0.000040 0.000123
vn 1.000000 -0.000013 0.000182
vn 1.000000 -0.000025 0.000177
vn 1.000000 -0.000025 0.000203
vn 1.000000 -0.000000 0.000213
vn 1.000000 -0.000000 0.000056
vn 1.000000 -0.000000 0.000088
vn 1.000000 0.000037 0.000019
vn 1.000000 -0.000000 0.000086
vn 1.000000 -0.000000 0.000086
vn 1.000000 0.000000 0.000000
vn 1.000000 0.000000 0.000000
vn 1.000000 0.000000 0.000000
vn 1.000000 0.000000 0.000000
vn 1.000000 0.000011 0.000000
vn 1.000000 0.000011 0.000000
vn -1.000000 0.000000 -0.000124
vn -1.000000 -0.000038 -0.000141
vn -1.000000 -0.000025 -0.000154
vn -1.000000 -0.000038 -0.000169
vn -1.000000 0.000000 -0.000181
vn 1.000000 0.000000 0.000000
vn 1.000000 0.000000 0.000000
vn 1.000000 0.000000 0.000000
vn 1.000000 0.000000 0.000000
vn 1.000000 0.000000 0.000000
vn 1.000000 0.000000 0.000000
vn 1.000000 0.000000 0.000000
vn 1.000000 0.000000 0.000000
vn -1.000000 0.000000 -0.000130
vn -1.000000 0.000000 -0.000124
vn -1.000000 0.000017 -0.000144
vn -1.000000 0.000023 -0.000141
vn -1.000000 0.000000 -0.000101
vn -1.000000 0.000000 -0.000079
vn 0.000000 -1.000000 0.000087
vn 0.000000 -1.000000 0.000087
vn 0.000000 -1.000000 0.000163
vn 0.000000 -1.000000 0.000240
vn 0.000010 -1.000000 0.000252
vn 0.000011 -0.967528 0.252762
vn 0.000000 -0.862856 0.505449
vn 0.000010 -1.000000 0.000416
vn 0.000000 -1.000000 0.000543
vn 0.000000 -1.000000 0.000535
vn 0.000000 -1.000000 0.000577
vn 0.000000 -1.000000 0.000517
vn 0.000000 -1.000000 0.000416
vn 0.000000 -1.000000 0.000240
vn 0.000000 -1.000000 0.000163
vn 1.000000 -0.000000 0.000207
vn 1.000000 -0.000000 0.000239
vn 1.000000 -0.000000 0.000207
vn 1.000000 -0.000000 0.000271
vn 1.000000 -0.000000 0.000303
vn 1.000000 -0.000000 0.000303
vn 1.000000 -0.000000 0.000207
vn 1.000000 -0.000000 0.000366
vn 1.000000 -0.000000 0.000207
vn 1.000000 -0.000000 0.000524
vn 1.000000 -0.000000 0.000520
vn 1.000000 -0.000000 0.000357
vn 1.000000 -0.000000 0.000195
vn 1.000000 -0.000000 0.000195
vn -1.000000 0.000000 -0.000195
vn -1.000000 0.000000 -0.000195
vn -1.000000 0.000000 -0.000357
vn -1.000000 0.000000 -0.000519
vn -1.000000 0.000000 -0.000524
vn -1.000000 0.000000 -0.000366
vn -1.000000 0.000000 -0.000208
vn -1.000000 0.000000 -0.000208
vn -1.000000 0.000000 -0.000175
vn -1.000000 0.000000 -0.000106
vn -1.000000 0.000000 -0.000145
vn -1.000000 0.000000 -0.000159
vn -1.000000 0.000000 -0.000181
vn -1.000000 0.000000 -0.000141
vn -1.000000 0.000000 -0.000172
vn -1.000000 0.000000 -0.000099
vn -1.000000 0.000000 -0.000147
vn -1.000000 0.000000 -0.000172
vn -1.000000 0.000000 -0.000172
vn -1.000000 0.000000 -0.000094
vn -1.000000 0.000000 -0.000173
vn -1.000000 0.000000 -0.000197
vn -1.000000 0.000000 -0.000145
vn -1.000000 0.000000 -0.000106
vn -1.000000 0.000000 -0.000141
vn -1.000000 0.000000 -0.000099
vn -1.000000 0.000000 -0.000172
vn -1.000000 0.000000 -0.000172
vn -1.000000 0.000000 -0.000181
vn -1.000000 0.000000 -0.000172
vn -1.000000 0.000000 -0.000131
vn -1.000000 0.000000 -0.000172
vn -1.000000 0.000000 -0.000197
vn -1.000000 0.000000 -0.000147
vn -1.000000 0.000000 -0.000097
vn 0.000000 -1.000000 0.000620
vn 0.000000 -1.000000 0.000634
vn 0.000000 -1.000000 0.000648
vn 0.000000 -1.000000 0.000543
vn 0.000000 -1.000000 0.000479
vn 0.000000 -1.000000 0.000555
vn 0.000000 -1.000000 0.000532
vn 0.000000 -1.000000 0.000647
vn 0.000000 -1.000000 0.000555
vn 0.000000 -1.000000 0.000584
vn 0.000038 -1.000000 0.000571
vn 0.000000 -1.000000 0.000584
vn -0.000050 -1.000000 0.000598
vn 0.000000 1.000000 -0.000648
vn 0.000000 1.000000 -0.000596
vn 0.000000 1.000000 -0.000648
vn 0.000000 1.000000 -0.000545
vn 0.000000 1.000000 -0.000545
vn 0.000000 1.000000 -0.000596
vn 0.000000 1.000000 -0.000648
vn 0.000000 1.000000 -0.000648
vn 1.000000 -0.000000 0.000086
vn 1.000000 -0.000000 0.000013
vn 1.000000 -0.000000 0.000086
vn 1.000000 -0.000000 0.000062
vn 1.000000 -0.000000 0.000085
vn 1.000000 -0.000000 0.000049
vn 1.000000 0.000035 0.000021
vn 1.000000 -0.000000 0.000085
vn 1.000000 -0.000000 0.000061
vn 1.000000 -0.000000 0.000085
vn 1.000000 0.000040 0.000078
vn 1.000000 0.000024 0.000162
vn 1.000000 -0.000000 0.000182
vn 1.000000 -0.000033 0.000352
vn 1.000000 -0.000000 0.000188
vn 1.000000 -0.000033 0.000339
vn 1.000000 -0.000050 0.000412
vn 1.000000 -0.000000 0.000143
vn 0.000000 -0.000000 1.000000
vn 0.000000 -0.000000 1.000000
vn 0.000000 -0.000000 1.000000
vn 0.000000 -0.000000 1.000000
vn 0.000000 -0.000000 1.000000
vn 0.000000 -0.000000 1.000000
vn 0.000000 -0.000000 1.000000
vn 0.000000 -0.000000 1.000000
vn 0.000000 -0.000000 1.000000
vn -0.000015 -0.295650 0.955296
vn 0.000000 -0.000000 1.000000
vn 0.000000 -0.370750 0.928733
vn 0.000000 -0.000000 1.000000
vn 0.000000 -0.000000 1.000000
vn 0.000000 -0.000000 1.000000
vn 0.000000 -0.000000 1.000000
vn -1.000000 -0.000031 -0.000029
vn -1.000000 -0.000015 -0.000000
vn -1.000000 -0.000019 -0.000000
vn -1.000000 -0.000069 -0.000029
vn -1.000000 -0.000025 -0.000095
vn -1.000000 -0.000062 -0.000097
vn -1.000000 0.000057 -0.000134
vn -1.000000 0.000089 -0.000119
vn -1.000000 0.000089 -0.000117
vn -1.000000 0.000106 -0.000141
vn 0.000000 -1.000000 -0.000000
vn 0.000000 -1.000000 -0.000000
vn 0.000000 -1.000000 -0.000000
vn 0.000000 -1.000000 -0.000000
vn 0.000000 -1.000000 -0.000000
vn -1.000000 0.000112 -0.000412
vn -1.000000 0.000000 -0.000291
vn -1.000000 0.000000 -0.000143
vn -1.000000 0.000073 -0.000352
vn -1.000000 0.000000 -0.000182
vn -1.000000 -0.000015 -0.000166
vn -1.000000 -0.000058 -0.000164
vn -1.000000 -0.000034 -0.000045
vn -1.000000 -0.000037 -0.000188
vn -1.000000 0.000000 -0.000125
vn -1.000000 -0.000024 -0.000057
vn -1.000000 0.000000 -0.000086
vn -1.000000 0.000000 -0.000086
vn -1.000000 0.000000 0.000000
vn -1.000000 0.000000 0.000000
vn -1.000000 0.000000 0.000000
vn -1.000000 0.000000 0.000000
vn 1.000000 0.000000 0.000000
vn 1.000000 0.000021 0.000025
vn 1.000000 0.000000 0.000000
vn 1.000000 0.000066 0.000025
vn 1.000000 0.000038 0.000109
vn 1.000000 0.000062 0.000097
vn 1.000000 -0.000000 0.000153
vn 1.000000 -0.000000 0.000129
vn 1.000000 0.000021 0.000113
vn 1.000000 -0.000000 0.000126
vn 1.000000 -0.000000 0.000121
vn 0.000000 -1.000000 -0.000000
vn 0.000000 -1.000000 -0.000000
vn 0.000000 -1.000000 -0.000000
vn 0.000000 -1.000000 -0.000000
vn 0.000000 -1.000000 -0.000000
vn 0.000000 -1.000000 -0.000000
vn 0.000000 -1.000000 -0.000000
vn 0.000000 -1.000000 -0.000000
vn 0.000000 -1.000000 -0.000000
vn 0.000000 -1.000000 -0.000000
vn 0.000000 -1.000000 -0.000000
vn 0.000000 -1.000000 -0.000000
vn 0.000000 -1.000000 -0.000000
vn 0.000000 -1.000000 -0.000000
vn 0.000000 -1.000000 -0.000000
vn 0.000000 -1.000000 -0.000000
vn 0.000000 -1.000000 -0.000000
vn 0.000000 -1.000000 -0.000000
vn 0.000000 -1.000000 -0.000000
vn 0.000000 -1.000000 -0.000000
vn 0.000000 -1.000000 -0.000000
vn 0.000000 -1.000000 -0.000000
vn 0.000000 -1.000000 -0.000000
vn 0.000000 -1.000000 -0.000000
vn 0.000000 -1.000000 -0.000000
vn 0.000000 -1.000000 -0.000000
vn 0.000000 -1.000000 -0.000000
vn 1.000000 -0.000000 0.000079
vn 1.000000 -0.000026 0.000105
vn 1.000000 -0.000017 0.000122
vn 1.000000 -0.000000 0.000125
vn 1.000000 0.000037 0.000119
vn 1.000000 0.000025 0.000114
vn 1.000000 -0.000000 0.000130
vn 1.000000 -0.000000 0.000130
vn 1.000000 -0.000000 0.000130
vn 0.000000 0.000000 -1.000000
vn 0.000000 0.000000 -1.000000
vn 0.000000 0.000000 -1.000000
vn 0.000000 0.000000 -1.000000
vn 0.000000 0.000000 -1.000000
vn 0.000000 0.000000 -1.000000
vn 0.000000 0.000000 -1.000000
vn -1.000000 0.000000 0.000000
vn -1.000000 0.000000 0.000000
vn -1.000000 0.000000 0.000000
vn -1.000000 0.000000 0.000000
vn -1.000000 0.000000 0.000000
vn -1.000000 0.000000 0.000000
vn -1.000000 0.000000 0.000000
vn -1.000000 0.000000 0.000000
vn -1.000000 0.000000 0.000000
vn -1.000000 0.000000 0.000000
vn -1.000000 0.000000 0.000000
vn -1.000000 0.000000 0.000000
vn -1.000000 0.000000 0.000000
vn -1.000000 0.000000 0.000000
vn -1.000000 0.000000 0.000000
vn -1.000000 0.000000 0.000000
vn -1.000000 0.000000 0.000000
vn -1.000000 0.000000 0.000000
vn -1.000000 0.000000 0.000000
vn -1.000000 0.000000 0.000000
vn -1.000000 0.000000 0.000000
vn -1.000000 0.000000 0.000000
vn -1.000000 0.000000 0.000000
vn -1.000000 0.000000 0.000000
vn -1.000000 0.000000 0.000000
vn -1.000000 0.000000 0.000000
vn -1.000000 0.000000 -0.000032
vn -1.000000 0.000000 0.000000
vn -1.000000 0.000000 0.000000
vn 0.004714 0.999989 -0.000517
vn 0.003741 0.999993 -0.000567
vn -0.001778 0.999998 -0.000487
vn 0.010127 0.999949 -0.000416
vn 0.003379 0.999993 -0.001480
vn 0.010385 0.999946 -0.000541
vn 0.003741 0.999993 -0.000567
vn 0.010127 0.999949 -0.000416
vn 0.006179 0.999981 -0.000444
vn 0.010313 0.999947 -0.000321
vn 0.003698 0.999993 -0.000193
vn 0.010385 0.999946 0.000000
vn 0.006233 0.999981 0.000000
vn 0.010385 0.999946 0.000000
vn 0.001895 0.995057 0.099290
vn 0.010385 0.999946 0.000000
vn -0.001556 0.999999 -0.000345
vn 0.006179 0.999981 -0.000444
vn -0.002075 0.999998 -0.000214
vn 0.000000 1.000000 -0.000161
vn 0.000000 0.999999 -0.001048
vn -0.001556 0.999999 -0.000345
vn 0.000000 1.000000 -0.000731
vn 0.000000 0.999999 -0.001040
vn 0.000000 1.000000 -0.000715
vn 0.000000 1.000000 -0.000527
vn 0.000000 1.000000 -0.000576
vn 0.000000 1.000000 -0.000516
vn 0.000000 1.000000 -0.000568
vn -1.000000 0.000000 0.000000
vn -1.000000 0.000000 0.000000
vn -1.000000 0.000000 0.000000
vn -1.000000 0.000000 0.000000
vn -1.000000 0.000000 0.000000
vn 0.000000 -1.000000 -0.000000
vn 0.000000 -1.000000 -0.000000
vn 0.000000 -1.000000 -0.000000
vn 0.000000 -1.000000 -0.000000
vn 0.000000 -1.000000 -0.000000
vn 0.000000 1.000000 0.000000
vn 0.000000 1.000000 0.000000
vn 0.000000 1.000000 0.000000
vn 0.000000 1.000000 0.000000
vn 0.000000 1.000000 0.000000
vn 0.000000 1.000000 0.000000
vn 0.000000 1.000000 0.000000
vn 0.000000 1.000000 0.000000
vn 0.000000 1.000000 0.000000
vn 0.000000 1.000000 0.000000
vn 0.000000 1.000000 0.000000
vn 0.000000 1.000000 0.000000
vn 0.000000 1.000000 0.000000
vn 0.000000 1.000000 0.000000
vn 0.000000 1.000000 0.000000
vn 0.000000 1.000000 0.000000
vn 1.000000 0.000000 0.000000
vn 1.000000 0.000000 0.000000
vn 1.000000 0.000000 0.000000
vn 1.000000 0.000000 0.000000
vn 1.000000 0.000000 0.000000
vn 1.000000 0.000000 0.000000
vn 1.000000 0.000000 0.000000
vn 1.000000 0.000000 0.000000
vn 1.000000 0.000000 0.000000
vn 1.000000 0.000000 0.000000
vn -1.000000 0.000000 0.000000
vn -1.000000 0.000000 0.000000
vn -1.000000 0.000000 0.000000
vn -1.000000 0.000000 0.000000
vn -1.000000 0.000000 0.000000
vn -1.000000 0.000000 0.000000
vn -1.000000 0.000000 0.000000
vn -1.000000 0.000000 0.000000
vn -1.000000 0.000000 0.000000
vn -1.000000 0.000000 0.000000
vn 0.000000 0.000000 -1.000000
vn 0.000000 0.000000 -1.000000
vn 0.000000 0.000000 -1.000000
vn 0.000000 0.000000 -1.000000
vn 0.000000 0.000000 -1.000000
vn 0.000000 0.000000 -1.000000
vn 0.000000 0.000000 -1.000000
vn 0.000000 -0.000000 1.000000
vn 0.000000 -0.000000 1.000000
vn 0.000000 -0.000000 1.000000
vn 0.000000 -0.000000 1.000000
vn 0.000000 -0.000000 1.000000
vn 0.000000 -0.000000 1.000000
vn 0.000000 -0.000000 1.000000
vn 0.000000 -0.000000 1.000000
vn 0.000000 -0.000000 1.000000
vn 0.000000 -0.000000 1.000000
vn 0.000000 -0.000000 1.000000
vn 0.000000 -0.000000 1.000000
vn 0.000000 -0.000000 1.000000
vn 0.000000 -0.000000 1.000000
vn 0.000000 -0.000000 1.000000
vn 0.000000 -0.000000 1.000000
vn 0.000000 -0.000000 1.000000
vn 0.000000 -0.000000 1.000000
vn 0.000000 1.000000 0.000000
vn 0.000000 1.000000 0.000000
vn 0.000000 1.000000 0.000000
vn 0.000000 1.000000 0.000000
vn 1.000000 0.000000 0.000000
vn 1.000000 0.000000 0.000000
vn 1.000000 0.000000 0.000000
vn 1.000000 0.000000 0.000000
vn 0.000000 -0.000000 1.000000
vn 0.000000 -0.000000 1.000000
vn 0.000000 -0.000000 1.000000
vn 0.000000 -0.000000 1.000000
vn 0.000000 -0.000000 1.000000
vn 1.000000 0.000000 0.000000
vn 1.000000 0.000000 0.000000
vn 1.000000 0.000000 0.000000
vn 1.000000 0.000000 0.000000
vn 1.000000 0.000000 0.000000
vn 1.000000 0.000000 0.000000
vn 1.000000 0.000000 0.000000
vn 1.000000 0.000000 0.000000
vn 1.000000 0.000000 0.000000
vn -1.000000 0.000000 0.000000
vn -1.000000 0.000000 0.000000
vn -1.000000 0.000000 0.000000
vn -1.000000 0.000000 0.000000
vn 1.000000 0.000000 0.000000
vn 1.000000 0.000000 0.000000
vn 1.000000 0.000000 0.000000
vn 1.000000 0.000000 0.000000
vn 0.000000 1.000000 0.000000
vn 0.000000 1.000000 0.000000
vn 0.000000 1.000000 0.000000
vn 0.000000 1.000000 0.000000
vn -1.000000 0.000000 0.000000
vn -1.000000 0.000000 0.000000
vn -1.000000 0.000000 0.000000
vn -1.000000 0.000000 0.000000
vn -1.000000 0.000000 0.000000
vn -1.000000 0.000000 0.000000
vn -1.000000 0.000000 0.000000
vn -1.000000 0.000000 0.000000
vn 0.000000 0.000000 -1.000000
vn 0.000000 0.000000 -1.000000
vn 0.000000 0.000000 -1.000000
vn 0.000000 0.000000 -1.000000
vn -1.000000 0.000000 0.000000
vn -1.000000 0.000000 0.000000
vn -1.000000 0.000000 0.000000
vn -1.000000 0.000000 0.000000
vn -1.000000 0.000000 0.000000
vn -1.000000 0.000000 0.000000
vn -1.000000 0.000000 0.000000
vn -1.000000 0.000000 0.000000
vn -1.000000 0.000000 0.000000
vn -1.000000 0.000000 0.000000
vn -1.000000 0.000000 0.000000
vn -1.000000 0.000000 0.000000
vn -1.000000 0.000000 0.000000
vn -1.000000 0.000000 0.000000
vn -1.000000 0.000000 0.000000
vn -1.000000 0.000000 0.000000
vn -1.000000 0.000000 0.000000
vn -1.000000 0.000000 0.000000
vn -1.000000 0.000000 0.000000
vn 0.000000 1.000000 0.000000
vn 0.000000 1.000000 0.000000
vn 0.000000 1.000000 0.000000
vn 0.000000 1.000000 0.000000
vn -1.000000 0.000000 0.000000
vn -1.000000 0.000000 0.000000
vn -1.000000 0.000000 0.000000
vn -1.000000 0.000000 0.000000
vn -1.000000 0.000000 0.000000
vn 0.000000 0.000000 -1.000000
vn 0.000000 0.000000 -1.000000
vn 0.000000 0.000000 -1.000000
vn 0.000000 0.000000 -1.000000
vn 1.000000 0.000000 0.000000
vn 1.000000 0.000000 0.000000
vn 1.000000 0.000000 0.000000
vn 1.000000 0.000000 0.000000
vn 1.000000 0.000000 0.000000
vn 1.000000 0.000000 0.000000
vn 1.000000 0.000000 0.000000
vn 1.000000 0.000000 0.000000
vn 1.000000 0.000000 0.000000
vn -1.000000 0.000000 0.000000
vn -1.000000 0.000000 0.000000
vn -1.000000 0.000000 0.000000
vn -1.000000 0.000000 0.000000
vn 0.000000 0.000000 -1.000000
vn 0.000000 0.000000 -1.000000
vn 0.000000 0.000000 -1.000000
vn 0.000000 0.000000 -1.000000
vn -1.000000 0.000000 0.000000
vn -1.000000 0.000000 0.000000
vn -1.000000 0.000000 0.000000
vn -1.000000 0.000000 0.000000
vn -1.000000 0.000000 0.000000
vn -1.000000 0.000000 0.000000
vn -1.000000 0.000000 0.000000
vn -1.000000 0.000000 0.000000
vn 0.000000 1.000000 0.000000
vn 0.000000 1.000000 0.000000
vn 0.000000 1.000000 0.000000
vn 0.000000 1.000000 0.000000
vn 0.000000 0.000000 -1.000000
vn 0.000000 0.000000 -1.000000
vn 0.000000 0.000000 -1.000000
vn 0.000000 0.000000 -1.000000
vn 0.000000 0.000000 -1.000000
vn 0.000000 1.000000 0.000000
vn 0.000000 1.000000 0.000000
vn 0.000000 1.000000 0.000000
vn 0.000000 1.000000 0.000000
vn 0.000000 1.000000 0.000000
vn 0.000000 1.000000 0.000000
vn 0.000000 1.000000 0.000000
vn 0.000000 1.000000 0.000000
vn 0.000000 1.000000 0.000000
vn 0.000000 1.000000 0.000000
vn 0.000000 1.000000 0.000000
vn 0.000000 0.000000 -1.000000
vn 0.000000 0.000000 -1.000000
vn 0.000000 0.000000 -1.000000
vn 0.000000 0.000000 -1.000000
vn 0.000000 -1.000000 -0.000000
vn 0.000000 -1.000000 -0.000000
vn 0.000000 -1.000000 -0.000000
vn 0.000000 -1.000000 -0.000000
vn 0.000000 -1.000000 -0.000000
vn 0.000000 -1.000000 -0.000000
vn 0.000000 -1.000000 -0.000000
vn 0.000000 -1.000000 -0.000000
vn 1.000000 0.000000 0.000000
vn 1.000000 0.000000 0.000000
vn 1.000000 0.000000 0.000000
vn 1.000000 0.000000 0.000000
vn 1.000000 0.000000 0.000000
vn -1.000000 0.000000 0.000000
vn -1.000000 0.000000 0.000000
vn -1.000000 0.000000 0.000000
vn -1.000000 0.000000 0.000000
vn -1.000000 0.000000 0.000000
vn -1.000000 0.000000 0.000000
vn -1.000000 0.000000 0.000000
vn -1.000000 0.000000 0.000000
vn -1.000000 0.000000 0.000000
vn -1.000000 0.000000 0.000000
vn -1.000000 0.000000 0.000000
vn -1.000000 0.000000 0.000000
vn -1.000000 0.000000 0.000000
vn -1.000000 0.000000 0.000000
vn 1.000000 0.000000 0.000000
vn 1.000000 0.000000 0.000000
vn 1.000000 0.000000 0.000000
vn 1.000000 0.000000 0.000000
vn 1.000000 0.000000 0.000000
vn 1.000000 0.000000 0.000000
vn 1.000000 0.000000 0.000000
vn 1.000000 0.000000 0.000000
vn 1.000000 0.000000 0.000000
vn 1.000000 0.000000 0.000000
vn 1.000000 0.000000 0.000000
vn 1.000000 0.000000 0.000000
vn -1.000000 0.000000 0.000000
vn -1.000000 0.000000 0.000000
vn -1.000000 0.000000 0.000000
vn -1.000000 0.000000 0.000000
vn -1.000000 0.000000 0.000000
vn -1.000000 0.000000 0.000000
vn -1.000000 0.000000 0.000000
vn 1.000000 0.000000 0.000000
vn 1.000000 0.000000 0.000000
vn 1.000000 0.000000 0.000000
vn 1.000000 0.000000 0.000000
vn 0.000000 -0.000000 1.000000
vn 0.000000 -0.000000 1.000000
vn 0.000000 -0.000000 1.000000
vn 0.000000 -0.000000 1.000000
vn 0.000000 -0.000000 1.000000
vn -1.000000 0.000000 0.000000
vn -1.000000 0.000000 0.000000
vn -1.000000 0.000000 0.000000
vn -1.000000 0.000000 0.000000
vn -1.000000 0.000000 0.000000
vn -1.000000 0.000000 0.000000
vn -1.000000 0.000000 0.000000
vn 0.000000 0.000000 -1.000000
vn 0.000000 0.000000 -1.000000
vn 0.000000 0.000000 -1.000000
vn 0.000000 0.000000 -1.000000
vn -1.000000 0.000000 0.000000
vn -1.000000 0.000000 0.000000
vn -1.000000 0.000000 0.000000
vn -1.000000 0.000000 0.000000
vn -1.000000 0.000000 0.000000
vn -1.000000 0.000000 0.000000
vn -1.000000 0.000000 0.000000
vn 1.000000 0.000000 0.000000
vn 1.000000 0.000000 0.000000
vn 1.000000 0.000000 0.000000
vn 1.000000 0.000000 0.000000
vn -1.000000 0.000000 0.000000
vn -1.000000 0.000000 0.000000
vn -1.000000 0.000000 0.000000
vn -1.000000 0.000000 0.000000
vn -1.000000 0.000000 0.000000
vn -1.000000 0.000000 0.000000
vn -1.000000 0.000000 0.000000
vn 1.000000 0.000000 0.000000
vn 1.000000 0.000000 0.000000
vn 1.000000 0.000000 0.000000
vn 1.000000 0.000000 0.000000
vn 0.000000 -1.000000 -0.000000
vn 0.000000 -1.000000 -0.000000
vn 0.000000 -1.000000 -0.000000
vn 0.000000 -1.000000 -0.000000
vn 0.000000 1.000000 0.000000
vn 0.000000 1.000000 0.000000
vn 0.000000 1.000000 0.000000
vn 0.000000 1.000000 0.000000
vn 0.000000 0.000000 -1.000000
vn 0.000000 0.000000 -1.000000
vn 0.000000 0.000000 -1.000000
vn 0.000000 0.000000 -1.000000
vn 0.000000 0.000000 -1.000000
vn 0.000000 0.000000 -1.000000
vn 0.000000 -0.000000 1.000000
vn 0.000000 -0.000000 1.000000
vn 0.000000 -0.000000 1.000000
vn 0.000000 -0.000000 1.000000
vn 0.000000 -0.000000 1.000000
vn 0.000000 -0.000000 1.000000
vn -1.000000 0.000000 0.000000
vn -1.000000 0.000000 0.000000
vn -1.000000 0.000000 0.000000
vn -1.000000 0.000000 0.000000
vn -1.000000 0.000000 0.000000
vn -1.000000 0.000000 0.000000
vn -1.000000 0.000000 0.000000
vn -1.000000 0.000000 0.000000
vn -1.000000 0.000000 0.000000
vn -1.000000 0.000000 0.000000
vn -1.000000 0.000000 0.000000
vn -1.000000 0.000000 0.000000
vn 1.000000 0.000000 0.000000
vn 1.000000 0.000000 0.000000
vn 1.000000 0.000000 0.000000
vn 1.000000 0.000000 0.000000
vn -1.000000 0.000000 0.000000
vn -1.000000 0.000000 0.000000
vn -1.000000 0.000000 0.000000
vn -1.000000 0.000000 0.000000
vn -1.000000 0.000000 0.000000
vn -1.000000 0.000000 0.000000
vn -1.000000 0.000000 0.000000
vn -1.000000 0.000000 0.000000
vn 1.000000 0.000000 0.000000
vn 1.000000 0.000000 0.000000
vn 1.000000 0.000000 0.000000
vn 1.000000 0.000000 0.000000
vn 1.000000 0.000000 0.000000
vn 0.000000 -1.000000 -0.000000
vn 0.000000 -1.000000 -0.000000
vn 0.000000 -1.000000 -0.000000
vn 0.000000 -1.000000 -0.000000
vn -1.000000 0.000000 0.000000
vn -1.000000 0.000000 0.000000
vn -1.000000 0.000000 0.000000
vn -1.000000 0.000000 0.000000
vn 1.000000 0.000000 0.000000
vn 1.000000 0.000000 0.000000
vn 1.000000 0.000000 0.000000
vn 1.000000 0.000000 0.000000
vn 1.000000 0.000000 0.000000
vn 1.000000 0.000000 0.000000
vn 1.000000 0.000000 0.000000
vn 1.000000 0.000000 0.000000
vn 1.000000 0.000000 0.000000
vn 1.000000 0.000000 0.000000
vn 1.000000 0.000000 0.000000
vn 1.000000 0.000000 0.000000
vn 1.000000 0.000000 0.000000
vn 1.000000 0.000000 0.000000
vn 1.000000 0.000000 0.000000
vn 1.000000 0.000000 0.000000
vn 0.000000 0.000000 -1.000000
vn 0.000000 0.000000 -1.000000
vn 0.000000 0.000000 -1.000000
vn 0.000000 0.000000 -1.000000
vn 0.000000 0.000000 -1.000000
vn 0.000000 0.000000 -1.000000
vn 0.000000 0.000000 -1.000000
vn 0.000000 0.000000 -1.000000
vn 1.000000 0.000000 0.000000
vn 1.000000 0.000000 0.000000
vn 1.000000 0.000000 0.000000
vn 1.000000 0.000000 0.000000
vn 1.000000 0.000000 0.000000
vn -1.000000 0.000000 0.000000
vn -1.000000 0.000000 0.000000
vn -1.000000 0.000000 0.000000
vn -1.000000 0.000000 0.000000
vn -1.000000 0.000000 0.000000
vn -1.000000 0.000000 0.000000
vn -1.000000 0.000000 0.000000
vn -1.000000 0.000000 0.000000
vn -1.000000 0.000000 0.000000
vn -1.000000 0.000000 0.000000
vn -1.000000 0.000000 0.000000
vn -1.000000 0.000000 0.000000
vn -1.000000 0.000000 0.000000
vn -1.000000 0.000000 0.000000
vn 1.000000 0.000000 0.000000
vn 1.000000 0.000000 0.000000
vn 1.000000 0.000000 0.000000
vn 1.000000 0.000000 0.000000
vn 0.000000 -1.000000 -0.000000
vn 0.000000 -1.000000 -0.000000
vn 0.000000 -1.000000 -0.000000
vn 0.000000 -1.000000 -0.000000
vn 0.000000 -1.000000 -0.000000
vn 0.000000 1.000000 0.000000
vn 0.000000 1.000000 0.000000
vn 0.000000 1.000000 0.000000
vn 0.000000 1.000000 0.000000
vn 0.000000 -1.000000 -0.000000
vn 0.000000 -1.000000 -0.000000
vn 0.000000 -1.000000 -0.000000
vn 0.000000 -1.000000 -0.000000
vn 0.000000 -1.000000 -0.000000
vn 0.000000 -1.000000 -0.000000
vn 0.000000 -1.000000 -0.000000
vn 0.000000 -1.000000 -0.000000
vn 0.000000 0.000000 -1.000000
vn 0.000000 0.000000 -1.000000
vn 0.000000 0.000000 -1.000000
vn 0.000000 0.000000 -1.000000
vn 0.000000 -1.000000 0.000450
vn 0.000000 -1.000000 0.000539
vn 0.000023 -1.000000 0.000495
vn 0.000023 -1.000000 0.000436
vn 0.000000 -1.000000 0.000428
vn 0.000000 -1.000000 0.000386
vn 0.000017 -1.000000 0.000316
vn 0.000000 -1.000000 0.000305
vn 0.000000 -1.000000 0.000415
vn 0.000000 -1.000000 0.000387
vn 0.000000 -1.000000 0.000526
vn 0.000000 -1.000000 0.000527
vn 0.000000 -1.000000 0.000456
vn -0.000040 -1.000000 0.000587
vn -0.000020 -1.000000 0.000553
vn -0.000027 -1.000000 0.000760
vn 0.000022 -1.000000 0.000614
vn 0.000000 -0.999999 0.001039
vn 0.000000 -1.000000 0.000563
vn 0.000000 -1.000000 0.000563
vn -0.000017 -1.000000 0.000596
vn 0.000020 -1.000000 0.000588
vn 0.000020 -1.000000 0.000511
vn 0.000015 -1.000000 0.000904
vn 0.000000 -1.000000 0.000890
f 3/3/3 2/2/2 1/1/1
f 6/6/6 5/5/5 4/4/4
f 9/9/9 8/8/8 7/7/7
f 12/12/12 11/11/11 10/10/10
f 15/15/15 14/14/14 13/13/13
f 18/18/18 17/17/17 16/16/16
f 21/21/21 20/20/20 19/19/19
f 24/24/24 23/23/23 22/22/22
f 24/24/24 26/26/26 25/25/25
f 27/27/27 26/26/26 24/24/24
f 27/27/27 28/28/28 26/26/26
f 26/26/26 30/30/30 29/29/29
f 30/30/30 31/31/31 29/29/29
f 28/28/28 33/33/33 32/32/32
f 32/32/32 35/35/35 34/34/34
f 37/37/37 28/28/28 36/36/36
f 39/39/39 36/36/36 38/38/38
f 38/38/38 36/36/36 40/40/40
f 41/41/41 38/38/38 40/40/40
f 44/44/44 43/43/43 42/42/42
f 47/47/47 46/46/46 45/45/45
f 50/50/50 49/49/49 48/48/48
f 53/53/53 52/52/52 51/51/51
f 56/56/56 55/55/55 54/54/54
f 58/58/58 54/54/54 57/57/57
f 58/58/58 57/57/57 59/59/59
f 62/62/62 61/61/61 60/60/60
f 62/62/62 64/64/64 63/63/63
f 63/63/63 66/66/66 65/65/65
f 65/65/65 66/66/66 67/67/67
f 66/66/66 68/68/68 67/67/67
f 70/70/70 69/69/69 68/68/68
f 68/68/68 69/69/69 71/71/71
f 70/70/70 64/64/64 72/72/72
f 69/69/69 73/73/73 71/71/71
f 73/73/73 74/74/74 71/71/71
f 74/74/74 75/75/75 71/71/71
f 75/75/75 76/76/76 71/71/71
f 73/73/73 72/72/72 77/77/77
f 77/77/77 72/72/72 64/64/64
f 77/77/77 64/64/64 78/78/78
f 80/80/80 77/77/77 79/79/79
f 81/81/81 77/77/77 80/80/80
f 82/82/82 77/77/77 81/81/81
f 83/83/83 77/77/77 82/82/82
f 85/85/85 84/84/84 78/78/78
f 86/86/86 84/84/84 85/85/85
f 78/78/78 88/88/88 87/87/87
f 87/87/87 88/88/88 89/89/89
f 92/92/92 91/91/91 90/90/90
f 95/95/95 94/94/94 93/93/93
f 98/98/98 97/97/97 96/96/96
f 100/100/100 99/99/99 96/96/96
f 103/103/103 102/102/102 101/101/101
f 106/106/106 105/105/105 104/104/104
f 109/109/109 108/108/108 107/107/107
f 112/112/112 111/111/111 110/110/110
f 111/111/111 114/114/114 113/113/113
f 116/116/116 111/111/111 115/115/115
f 119/119/119 118/118/118 117/117/117
f 121/121/121 119/119/119 120/120/120
f 122/122/122 121/121/121 120/120/120
f 125/125/125 124/124/124 123/123/123
f 124/124/124 127/127/127 126/126/126
f 130/130/130 129/129/129 128/128/128
f 132/132/132 128/128/128 131/131/131
f 133/133/133 132/132/132 131/131/131
f 136/136/136 135/135/135 134/134/134
f 138/138/138 134/134/134 137/137/137
f 139/139/139 138/138/138 137/137/137
f 142/142/142 141/141/141 140/140/140
f 145/145/145 144/144/144 143/143/143
f 144/144/144 147/147/147 146/146/146
f 150/150/150 149/149/149 148/148/148
f 152/152/152 151/151/151 148/148/148
f 155/155/155 154/154/154 153/153/153
f 158/158/158 157/157/157 156/156/156
f 161/161/161 160/160/160 159/159/159
f 164/164/164 163/163/163 162/162/162
f 162/162/162 166/166/166 165/165/165
f 169/169/169 168/168/168 167/167/167
f 171/171/171 170/170/170 167/167/167
f 174/174/174 173/173/173 172/172/172
f 177/177/177 176/176/176 175/175/175
f 179/179/179 175/175/175 178/178/178
f 180/180/180 179/179/179 178/178/178
f 183/183/183 182/182/182 181/181/181
f 186/186/186 185/185/185 184/184/184
f 188/188/188 185/185/185 187/187/187
f 188/188/188 187/187/187 189/189/189
f 192/192/192 191/191/191 190/190/190
f 195/195/195 194/194/194 193/193/193
f 197/197/197 196/196/196 195/195/195
f 200/200/200 199/199/199 198/198/198
f 202/202/202 198/198/198 201/201/201
f 204/204/204 202/202/202 203/203/203
f 207/207/207 206/206/206 205/205/205
f 206/206/206 209/209/209 208/208/208
f 212/212/212 211/211/211 210/210/210
f 215/215/215 214/214/214 213/213/213
f 217/217/217 213/213/213 216/216/216
f 218/218/218 217/217/217 216/216/216
f 221/221/221 220/220/220 219/219/219
f 224/224/224 223/223/223 222/222/222
f 226/226/226 225/225/225 224/224/224
f 229/229/229 228/228/228 227/227/227
f 231/231/231 230/230/230 227/227/227
f 234/234/234 233/233/233 232/232/232
f 236/236/236 232/232/232 235/235/235
f 237/237/237 236/236/236 235/235/235
f 240/240/240 239/239/239 238/238/238
f 243/243/243 242/242/242 241/241/241
f 245/245/245 244/244/244 241/241/241
f 248/248/248 247/247/247 246/246/246
f 251/251/251 250/250/250 249/249/249
f 254/254/254 253/253/253 252/252/252
f 256/256/256 253/253/253 255/255/255
f 256/256/256 255/255/255 257/257/257
f 260/260/260 259/259/259 258/258/258
f 259/259/259 262/262/262 261/261/261
f 265/265/265 264/264/264 263/263/263
f 268/268/268 267/267/267 266/266/266
f 270/270/270 267/267/267 269/269/269
f 270/270/270 269/269/269 271/271/271
f 274/274/274 273/273/273 272/272/272
f 277/277/277 276/276/276 275/275/275
f 279/279/279 278/278/278 275/275/275
f 282/282/282 281/281/281 280/280/280
f 281/281/281 284/284/284 283/283/283
f 287/287/287 286/286/286 285/285/285
f 289/289/289 288/288/288 285/285/285
f 292/292/292 291/291/291 290/290/290
f 295/295/295 294/294/294 293/293/293
f 298/298/298 297/297/297 296/296/296
f 300/300/300 299/299/299 296/296/296
f 303/303/303 302/302/302 301/301/301
f 302/302/302 305/305/305 304/304/304
f 308/308/308 307/307/307 306/306/306
f 310/310/310 309/309/309 308/308/308
f 313/313/313 312/312/312 311/311/311
f 316/316/316 315/315/315 314/314/314
f 315/315/315 318/318/318 317/317/317
f 321/321/321 320/320/320 319/319/319
f 324/324/324 323/323/323 322/322/322
f 327/327/327 326/326/326 325/325/325
f 329/329/329 328/328/328 327/327/327
f 332/332/332 331/331/331 330/330/330
f 335/335/335 334/334/334 333/333/333
f 338/338/338 337/337/337 336/336/336
f 341/341/341 340/340/340 339/339/339
f 340/340/340 343/343/343 342/342/342
f 346/346/346 345/345/345 344/344/344
f 348/348/348 347/347/347 346/346/346
f 351/351/351 350/350/350 349/349/349
f 354/354/354 353/353/353 352/352/352
f 356/356/356 355/355/355 352/352/352
f 359/359/359 358/358/358 357/357/357
f 358/358/358 361/361/361 360/360/360
f 364/364/364 363/363/363 362/362/362
f 363/363/363 366/366/366 365/365/365
f 369/369/369 368/368/368 367/367/367
f 368/368/368 371/371/371 370/370/370
f 374/374/374 373/373/373 372/372/372
f 373/373/373 376/376/376 375/375/375
f 379/379/379 378/378/378 377/377/377
f 381/381/381 380/380/380 377/377/377
f 384/384/384 383/383/383 382/382/382
f 386/386/386 385/385/385 382/382/382
f 389/389/389 388/388/388 387/387/387
f 392/392/392 391/391/391 390/390/390
f 391/391/391 394/394/394 393/393/393
f 397/397/397 396/396/396 395/395/395
f 400/400/400 399/399/399 398/398/398
f 402/402/402 398/398/398 401/401/401
f 403/403/403 402/402/402 401/401/401
f 406/406/406 405/405/405 404/404/404
f 406/406/406 408/408/408 407/407/407
f 411/411/411 410/410/410 409/409/409
f 414/414/414 413/413/413 412/412/412
f 416/416/416 412/412/412 415/415/415
f 417/417/417 416/416/416 415/415/415
f 420/420/420 419/419/419 418/418/418
f 423/423/423 422/422/422 421/421/421
f 425/425/425 424/424/424 421/421/421
f 428/428/428 427/427/427 426/426/426
f 430/430/430 428/428/428 429/429/429
f 431/431/431 430/430/430 429/429/429
f 434/434/434 433/433/433 432/432/432
f 436/436/436 432/432/432 435/435/435
f 437/437/437 436/436/436 435/435/435
f 440/440/440 439/439/439 438/438/438
f 442/442/442 440/440/440 441/441/441
f 443/443/443 442/442/442 441/441/441
f 446/446/446 445/445/445 444/444/444
f 449/449/449 448/448/448 447/447/447
f 451/451/451 447/447/447 450/450/450
f 453/453/453 451/451/451 452/452/452
f 456/456/456 455/455/455 454/454/454
f 454/454/454 458/458/458 457/457/457
f 461/461/461 460/460/460 459/459/459
f 463/463/463 459/459/459 462/462/462
f 465/465/465 463/463/463 464/464/464
f 468/468/468 467/467/467 466/466/466
f 471/471/471 470/470/470 469/469/469
f 470/470/470 473/473/473 472/472/472
f 476/476/476 475/475/475 474/474/474
f 479/479/479 478/478/478 477/477/477
f 477/477/477 481/481/481 480/480/480
f 484/484/484 483/483/483 482/482/482
f 486/486/486 484/484/484 485/485/485
f 487/487/487 486/486/486 485/485/485
f 490/490/490 489/489/489 488/488/488
f 492/492/492 490/490/490 491/491/491
f 495/495/495 494/494/494 493/493/493
f 498/498/498 497/497/497 496/496/496
f 500/500/500 499/499/499 496/496/496
f 503/503/503 502/502/502 501/501/501
f 505/505/505 501/501/501 504/504/504
f 507/507/507 505/505/505 506/506/506
f 510/510/510 509/509/509 508/508/508
f 509/509/509 512/512/512 511/511/511
f 515/515/515 514/514/514 513/513/513
f 518/518/518 517/517/517 516/516/516
f 520/520/520 516/516/516 519/519/519
f 521/521/521 520/520/520 519/519/519
f 524/524/524 523/523/523 522/522/522
f 522/522/522 526/526/526 525/525/525
f 527/527/527 525/525/525 526/526/526
f 527/527/527 526/526/526 528/528/528
f 529/529/529 527/527/527 528/528/528
f 530/530/530 527/527/527 529/529/529
f 531/531/531 530/530/530 529/529/529
f 532/532/532 530/530/530 531/531/531
f 534/534/534 531/531/531 533/533/533
f 536/536/536 533/533/533 535/535/535
f 535/535/535 537/537/537 536/536/536
f 538/538/538 537/537/537 535/535/535
f 538/538/538 539/539/539 537/537/537
f 539/539/539 541/541/541 540/540/540
f 540/540/540 541/541/541 542/542/542
f 543/543/543 542/542/542 541/541/541
f 546/546/546 545/545/545 544/544/544
f 548/548/548 547/547/547 545/545/545
f 550/550/550 549/549/549 547/547/547
f 552/552/552 551/551/551 550/550/550
f 554/554/554 553/553/553 551/551/551
f 554/554/554 551/551/551 555/555/555
f 554/554/554 555/555/555 556/556/556
f 557/557/557 554/554/554 556/556/556
f 558/558/558 556/556/556 555/555/555
f 557/557/557 556/556/556 559/559/559
f 560/560/560 557/557/557 559/559/559
f 561/561/561 556/556/556 558/558/558
f 561/561/561 558/558/558 562/562/562
f 556/556/556 564/564/564 563/563/563
f 567/567/567 566/566/566 565/565/565
f 569/569/569 566/566/566 568/568/568
f 570/570/570 569/569/569 568/568/568
f 566/566/566 571/571/571 568/568/568
f 568/568/568 571/571/571 572/572/572
f 573/573/573 572/572/572 571/571/571
f 568/568/568 572/572/572 574/574/574
f 575/575/575 568/568/568 574/574/574
f 576/576/576 574/574/574 572/572/572
f 577/577/577 574/574/574 576/576/576
f 577/577/577 576/576/576 578/578/578
f 579/579/579 577/577/577 578/578/578
f 580/580/580 578/578/578 576/576/576
f 578/578/578 580/580/580 581/581/581
f 584/584/584 583/583/583 582/582/582
f 587/587/587 586/586/586 585/585/585
f 590/590/590 589/589/589 588/588/588
f 592/592/592 589/589/589 591/591/591
f 589/589/589 592/592/592 593/593/593
f 596/596/596 595/595/595 594/594/594
f 596/596/596 598/598/598 597/597/597
f 599/599/599 597/597/597 598/598/598
f 600/600/600 597/597/597 599/599/599
f 600/600/600 601/601/601 597/597/597
f 604/604/604 603/603/603 602/602/602
f 607/607/607 606/606/606 605/605/605
f 609/609/609 606/606/606 608/608/608
f 610/610/610 608/608/608 606/606/606
f 611/611/611 610/610/610 606/606/606
f 614/614/614 613/613/613 612/612/612
f 617/617/617 616/616/616 615/615/615
f 616/616/616 619/619/619 618/618/618
f 620/620/620 619/619/619 616/616/616
f 622/622/622 619/619/619 621/621/621
f 624/624/624 621/621/621 623/623/623
f 626/626/626 623/623/623 625/625/625
f 629/629/629 628/628/628 627/627/627
f 632/632/632 631/631/631 630/630/630
f 634/634/634 633/633/633 632/632/632
f 634/634/634 632/632/632 635/635/635
f 638/638/638 637/637/637 636/636/636
f 641/641/641 640/640/640 639/639/639
f 640/640/640 643/643/643 642/642/642
f 644/644/644 643/643/643 640/640/640
f 644/644/644 640/640/640 645/645/645
f 646/646/646 644/644/644 645/645/645
f 647/647/647 646/646/646 645/645/645
f 648/648/648 647/647/647 645/645/645
f 649/649/649 648/648/648 645/645/645
f 652/652/652 651/651/651 650/650/650
f 654/654/654 650/650/650 653/653/653
f 657/657/657 656/656/656 655/655/655
f 659/659/659 657/657/657 658/658/658
f 658/658/658 657/657/657 660/660/660
f 660/660/660 661/661/661 658/658/658
f 663/663/663 662/662/662 661/661/661
f 662/662/662 665/665/665 664/664/664
f 664/664/664 665/665/665 666/666/666
f 668/668/668 663/663/663 667/667/667
f 669/669/669 668/668/668 667/667/667
f 668/668/668 669/669/669 670/670/670
f 670/670/670 669/669/669 671/671/671
f 671/671/671 672/672/672 670/670/670
f 675/675/675 674/674/674 673/673/673
f 677/677/677 675/675/675 676/676/676
f 679/679/679 678/678/678 677/677/677
f 681/681/681 678/678/678 680/680/680
f 680/680/680 678/678/678 682/682/682
f 685/685/685 684/684/684 683/683/683
f 688/688/688 687/687/687 686/686/686
f 690/690/690 689/689/689 688/688/688
f 689/689/689 692/692/692 691/691/691
f 695/695/695 694/694/694 693/693/693
f 697/697/697 693/693/693 696/696/696
f 699/699/699 693/693/693 698/698/698
f 701/701/701 698/698/698 700/700/700
f 700/700/700 698/698/698 702/702/702
f 705/705/705 704/704/704 703/703/703
f 708/708/708 707/707/707 706/706/706
f 711/711/711 710/710/710 709/709/709
f 713/713/713 712/712/712 709/709/709
f 709/709/709 712/712/712 714/714/714
f 712/712/712 716/716/716 715/715/715
f 714/714/714 718/718/718 717/717/717
f 717/717/717 718/718/718 719/719/719
f 721/721/721 720/720/720 718/718/718
f 723/723/723 722/722/722 718/718/718
f 718/718/718 722/722/722 724/724/724
f 726/726/726 717/717/717 725/725/725
f 725/725/725 717/717/717 727/727/727
f 727/727/727 729/729/729 728/728/728
f 731/731/731 730/730/730 728/728/728
f 730/730/730 733/733/733 732/732/732
f 725/725/725 735/735/735 734/734/734
f 737/737/737 733/733/733 736/736/736
f 737/737/737 738/738/738 733/733/733
f 737/737/737 735/735/735 738/738/738
f 735/735/735 737/737/737 739/739/739
f 740/740/740 735/735/735 739/739/739
f 741/741/741 740/740/740 739/739/739
f 742/742/742 741/741/741 739/739/739
f 742/742/742 739/739/739 743/743/743
f 744/744/744 743/743/743 739/739/739
f 747/747/747 746/746/746 745/745/745
f 745/745/745 749/749/749 748/748/748
f 749/749/749 751/751/751 750/750/750
f 754/754/754 753/753/753 752/752/752
f 753/753/753 756/756/756 755/755/755
f 759/759/759 758/758/758 757/757/757
f 761/761/761 760/760/760 757/757/757
f 764/764/764 763/763/763 762/762/762
f 767/767/767 766/766/766 765/765/765
f 770/770/770 769/769/769 768/768/768
f 773/773/773 772/772/772 771/771/771
f 775/775/775 774/774/774 772/772/772
f 776/776/776 774/774/774 775/775/775
f 777/777/777 776/776/776 775/775/775
f 780/780/780 779/779/779 778/778/778
f 783/783/783 782/782/782 781/781/781
f 786/786/786 785/785/785 784/784/784
f 788/788/788 786/786/786 787/787/787
f 790/790/790 787/787/787 789/789/789
f 789/789/789 787/787/787 791/791/791
f 793/793/793 792/792/792 791/791/791
f 792/792/792 794/794/794 789/789/789
f 796/796/796 793/793/793 795/795/795
f 795/795/795 793/793/793 797/797/797
f 799/799/799 794/794/794 798/798/798
f 798/798/798 794/794/794 800/800/800
f 802/802/802 801/801/801 788/788/788
f 803/803/803 801/801/801 802/802/802
f 803/803/803 804/804/804 801/801/801
f 805/805/805 804/804/804 803/803/803
f 806/806/806 801/801/801 804/804/804
f 807/807/807 801/801/801 806/806/806
f 805/805/805 808/808/808 804/804/804
f 809/809/809 808/808/808 805/805/805
f 809/809/809 810/810/810 808/808/808
f 812/812/812 805/805/805 811/811/811
f 811/811/811 805/805/805 813/813/813
f 815/815/815 802/802/802 814/814/814
f 814/814/814 802/802/802 816/816/816
f 818/818/818 817/817/817 814/814/814
f 820/820/820 817/817/817 819/819/819
f 819/819/819 817/817/817 821/821/821
f 824/824/824 823/823/823 822/822/822
f 827/827/827 826/826/826 825/825/825
f 826/826/826 829/829/829 828/828/828
f 826/826/826 831/831/831 830/830/830
f 833/833/833 832/832/832 830/830/830
f 835/835/835 834/834/834 833/833/833
f 836/836/836 834/834/834 835/835/835
f 835/835/835 837/837/837 836/836/836
f 835/835/835 838/838/838 837/837/837
f 838/838/838 840/840/840 839/839/839
f 841/841/841 839/839/839 840/840/840
f 841/841/841 842/842/842 839/839/839
f 843/843/843 839/839/839 842/842/842
f 844/844/844 843/843/843 842/842/842
f 847/847/847 846/846/846 845/845/845
f 850/850/850 849/849/849 848/848/848
f 852/852/852 851/851/851 850/850/850
f 853/853/853 851/851/851 852/852/852
f 856/856/856 855/855/855 854/854/854
f 859/859/859 858/858/858 857/857/857
f 858/858/858 861/861/861 860/860/860
f 858/858/858 862/862/862 861/861/861
f 864/864/864 863/863/863 861/861/861
f 865/865/865 861/861/861 863/863/863
f 867/867/867 865/865/865 866/866/866
f 870/870/870 869/869/869 868/868/868
f 873/873/873 872/872/872 871/871/871
f 871/871/871 875/875/875 874/874/874
f 877/877/877 876/876/876 875/875/875
f 880/880/880 879/879/879 878/878/878
f 883/883/883 882/882/882 881/881/881
f 886/886/886 885/885/885 884/884/884
f 889/889/889 888/888/888 887/887/887
f 892/892/892 891/891/891 890/890/890
f 895/895/895 894/894/894 893/893/893
f 898/898/898 897/897/897 896/896/896
f 901/901/901 900/900/900 899/899/899
f 904/904/904 903/903/903 902/902/902
f 906/906/906 902/902/902 905/905/905
f 908/908/908 906/906/906 907/907/907
f 906/906/906 910/910/910 909/909/909
f 912/912/912 911/911/911 910/910/910
f 905/905/905 914/914/914 913/913/913
f 916/916/916 915/915/915 914/914/914
f 912/912/912 918/918/918 917/917/917
f 918/918/918 919/919/919 917/917/917
f 919/919/919 918/918/918 920/920/920
f 920/920/920 921/921/921 919/919/919
f 923/923/923 921/921/921 922/922/922
f 923/923/923 922/922/922 924/924/924
f 926/926/926 925/925/925 924/924/924
f 924/924/924 925/925/925 927/927/927
f 930/930/930 929/929/929 928/928/928
f 933/933/933 932/932/932 931/931/931
f 936/936/936 935/935/935 934/934/934
f 939/939/939 938/938/938 937/937/937
f 942/942/942 941/941/941 940/940/940
f 945/945/945 944/944/944 943/943/943
f 948/948/948 947/947/947 946/946/946
f 951/951/951 950/950/950 949/949/949
f 953/953/953 950/950/950 952/952/952
f 954/954/954 950/950/950 953/953/953
f 955/955/955 950/950/950 954/954/954
f 955/955/955 956/956/956 950/950/950
f 958/958/958 957/957/957 956/956/956
f 958/958/958 956/956/956 959/959/959
f 959/959/959 961/961/961 960/960/960
f 960/960/960 961/961/961 962/962/962
f 965/965/965 964/964/964 963/963/963
f 967/967/967 964/964/964 966/966/966
f 970/970/970 969/969/969 968/968/968
f 973/973/973 972/972/972 971/971/971
f 976/976/976 975/975/975 974/974/974
f 979/979/979 978/978/978 977/977/977
f 982/982/982 981/981/981 980/980/980
f 985/985/985 984/984/984 983/983/983
f 988/988/988 987/987/987 986/986/986
f 991/991/991 990/990/990 989/989/989
f 994/994/994 993/993/993 992/992/992
f 996/996/996 992/992/992 995/995/995
f 997/997/997 996/996/996 995/995/995
f 913/913/913 996/996/996 998/998/998
f 997/997/997 999/999/999 998/998/998
f 998/998/998 999/999/999 1000/1000/1000
f 1002/1002/1002 1001/1001/1001 1000/1000/1000
f 1003/1003/1003 1001/1001/1001 1002/1002/1002
f 1004/1004/1004 1001/1001/1001 1003/1003/1003
f 1007/1007/1007 1006/1006/1006 1005/1005/1005
f 1010/1010/1010 1009/1009/1009 1008/1008/1008
f 1012/1012/1012 1011/1011/1011 1009/1009/1009
f 1015/1015/1015 1014/1014/1014 1013/1013/1013
f 1018/1018/1018 1017/1017/1017 1016/1016/1016
f 1020/1020/1020 1019/1019/1019 1017/1017/1017
f 1017/1017/1017 1019/1019/1019 1021/1021/1021
f 1024/1024/1024 1023/1023/1023 1022/1022/1022
f 1027/1027/1027 1026/1026/1026 1025/1025/1025
f 1030/1030/1030 1029/1029/1029 1028/1028/1028
f 1033/1033/1033 1032/1032/1032 1031/1031/1031
f 1036/1036/1036 1035/1035/1035 1034/1034/1034
f 1039/1039/1039 1038/1038/1038 1037/1037/1037
f 1042/1042/1042 1041/1041/1041 1040/1040/1040
f 1044/1044/1044 1042/1042/1042 1043/1043/1043
f 1043/1043/1043 1042/1042/1042 1045/1045/1045
f 1048/1048/1048 1047/1047/1047 1046/1046/1046
f 1051/1051/1051 1050/1050/1050 1049/1049/1049
f 1054/1054/1054 1053/1053/1053 1052/1052/1052
f 1056/1056/1056 1055/1055/1055 1054/1054/1054
f 1058/1058/1058 1055/1055/1055 1057/1057/1057
f 1061/1061/1061 1060/1060/1060 1059/1059/1059
f 1063/1063/1063 1061/1061/1061 1062/1062/1062
f 1064/1064/1064 1061/1061/1061 1063/1063/1063
f 1067/1067/1067 1066/1066/1066 1065/1065/1065
f 1070/1070/1070 1069/1069/1069 1068/1068/1068
f 1073/1073/1073 1072/1072/1072 1071/1071/1071
f 1075/1075/1075 1074/1074/1074 1072/1072/1072
f 1074/1074/1074 1076/1076/1076 1072/1072/1072
f 1077/1077/1077 1072/1072/1072 1076/1076/1076
f 1078/1078/1078 1077/1077/1077 1076/1076/1076
f 1080/1080/1080 1079/1079/1079 1078/1078/1078
f 1079/1079/1079 1081/1081/1081 1078/1078/1078
f 1082/1082/1082 1081/1081/1081 1079/1079/1079
f 1085/1085/1085 1084/1084/1084 1083/1083/1083
f 1087/1087/1087 1084/1084/1084 1086/1086/1086
f 1086/1086/1086 1088/1088/1088 1087/1087/1087
f 1087/1087/1087 1088/1088/1088 1089/1089/1089
f 1088/1088/1088 1090/1090/1090 1089/1089/1089
f 1093/1093/1093 1092/1092/1092 1091/1091/1091
f 1092/1092/1092 1095/1095/1095 1094/1094/1094
f 1098/1098/1098 1097/1097/1097 1096/1096/1096
f 1100/1100/1100 1099/1099/1099 1096/1096/1096
f 1100/1100/1100 1096/1096/1096 1101/1101/1101
f 1101/1101/1101 1103/1103/1103 1102/1102/1102
f 1105/1105/1105 1103/1103/1103 1104/1104/1104
f 1103/1103/1103 1106/1106/1106 1104/1104/1104
f 1104/1104/1104 1106/1106/1106 1107/1107/1107
f 1107/1107/1107 1106/1106/1106 1108/1108/1108
f 1106/1106/1106 1109/1109/1109 1108/1108/1108
f 1109/1109/1109 1110/1110/1110 1108/1108/1108
f 1113/1113/1113 1112/1112/1112 1111/1111/1111
f 1115/1115/1115 1112/1112/1112 1114/1114/1114
f 1118/1118/1118 1117/1117/1117 1116/1116/1116
f 1120/1120/1120 1119/1119/1119 1118/1118/1118
f 1123/1123/1123 1122/1122/1122 1121/1121/1121
f 1126/1126/1126 1125/1125/1125 1124/1124/1124
f 1129/1129/1129 1128/1128/1128 1127/1127/1127
f 1131/1131/1131 1130/1130/1130 1127/1127/1127
f 1127/1127/1127 1132/1132/1132 1131/1131/1131
f 1132/1132/1132 1133/1133/1133 1131/1131/1131
f 1131/1131/1131 1133/1133/1133 1134/1134/1134
f 1135/1135/1135 1134/1134/1134 1133/1133/1133
f 1136/1136/1136 1134/1134/1134 1135/1135/1135
f 1134/1134/1134 1136/1136/1136 1137/1137/1137
f 1137/1137/1137 1136/1136/1136 1138/1138/1138
f 1139/1139/1139 1138/1138/1138 1136/1136/1136
f 1140/1140/1140 1138/1138/1138 1139/1139/1139
f 1127/1127/1127 1142/1142/1142 1141/1141/1141
f 1142/1142/1142 1143/1143/1143 1141/1141/1141
f 1144/1144/1144 1143/1143/1143 1142/1142/1142
f 1145/1145/1145 1141/1141/1141 1143/1143/1143
f 1141/1141/1141 1145/1145/1145 1146/1146/1146
f 1147/1147/1147 1146/1146/1146 1145/1145/1145
f 1147/1147/1147 1145/1145/1145 1148/1148/1148
f 1147/1147/1147 1148/1148/1148 1149/1149/1149
f 1150/1150/1150 1143/1143/1143 1144/1144/1144
f 1150/1150/1150 1144/1144/1144 1151/1151/1151
f 1151/1151/1151 1152/1152/1152 1150/1150/1150
f 1150/1150/1150 1152/1152/1152 1153/1153/1153
f 1153/1153/1153 1152/1152/1152 1154/1154/1154
f 1155/1155/1155 1154/1154/1154 1152/1152/1152
f 1156/1156/1156 1154/1154/1154 1155/1155/1155
f 1159/1159/1159 1158/1158/1158 1157/1157/1157
f 1158/1158/1158 1161/1161/1161 1160/1160/1160
f 1162/1162/1162 1160/1160/1160 1161/1161/1161
f 1165/1165/1165 1164/1164/1164 1163/1163/1163
f 1168/1168/1168 1167/1167/1167 1166/1166/1166
f 1171/1171/1171 1170/1170/1170 1169/1169/1169
f 1174/1174/1174 1173/1173/1173 1172/1172/1172
f 1177/1177/1177 1176/1176/1176 1175/1175/1175
f 1180/1180/1180 1179/1179/1179 1178/1178/1178
f 1183/1183/1183 1182/1182/1182 1181/1181/1181
f 1185/1185/1185 1184/1184/1184 1182/1182/1182
f 1188/1188/1188 1187/1187/1187 1186/1186/1186
f 1191/1191/1191 1190/1190/1190 1189/1189/1189
f 1190/1190/1190 1193/1193/1193 1192/1192/1192
f 1193/1193/1193 1194/1194/1194 1192/1192/1192
f 1197/1197/1197 1196/1196/1196 1195/1195/1195
f 1200/1200/1200 1199/1199/1199 1198/1198/1198
f 1199/1199/1199 1202/1202/1202 1201/1201/1201
f 1201/1201/1201 1202/1202/1202 1203/1203/1203
f 1204/1204/1204 1203/1203/1203 1202/1202/1202
f 1205/1205/1205 1203/1203/1203 1204/1204/1204
f 1208/1208/1208 1207/1207/1207 1206/1206/1206
f 1210/1210/1210 1209/1209/1209 1206/1206/1206
f 1209/1209/1209 1210/1210/1210 1211/1211/1211
f 1213/1213/1213 1209/1209/1209 1212/1212/1212
f 1213/1213/1213 1212/1212/1212 1214/1214/1214
f 1217/1217/1217 1216/1216/1216 1215/1215/1215
f 1216/1216/1216 1219/1219/1219 1218/1218/1218
f 1222/1222/1222 1221/1221/1221 1220/1220/1220
f 1225/1225/1225 1224/1224/1224 1223/1223/1223
f 1228/1228/1228 1227/1227/1227 1226/1226/1226
f 1230/1230/1230 1226/1226/1226 1229/1229/1229
f 1229/1229/1229 1226/1226/1226 1231/1231/1231
f 1234/1234/1234 1233/1233/1233 1232/1232/1232
f 1237/1237/1237 1236/1236/1236 1235/1235/1235
f 1240/1240/1240 1239/1239/1239 1238/1238/1238
f 1243/1243/1243 1242/1242/1242 1241/1241/1241
f 1245/1245/1245 1241/1241/1241 1244/1244/1244
f 1244/1244/1244 1241/1241/1241 1246/1246/1246
f 1249/1249/1249 1248/1248/1248 1247/1247/1247
f 1252/1252/1252 1251/1251/1251 1250/1250/1250
f 1255/1255/1255 1254/1254/1254 1253/1253/1253
f 1257/1257/1257 1253/1253/1253 1256/1256/1256
f 1257/1257/1257 1256/1256/1256 1258/1258/1258
f 1261/1261/1261 1260/1260/1260 1259/1259/1259
f 1264/1264/1264 1263/1263/1263 1262/1262/1262
f 1263/1263/1263 1266/1266/1266 1265/1265/1265
f 1269/1269/1269 1268/1268/1268 1267/1267/1267
f 1271/1271/1271 1267/1267/1267 1270/1270/1270
f 1272/1272/1272 1267/1267/1267 1271/1271/1271
f 1273/1273/1273 1272/1272/1272 1271/1271/1271
f 1274/1274/1274 1272/1272/1272 1273/1273/1273
f 1277/1277/1277 1276/1276/1276 1275/1275/1275
f 1279/1279/1279 1278/1278/1278 1276/1276/1276
f 1282/1282/1282 1281/1281/1281 1280/1280/1280
f 1285/1285/1285 1284/1284/1284 1283/1283/1283
f 1288/1288/1288 1287/1287/1287 1286/1286/1286
f 1291/1291/1291 1290/1290/1290 1289/1289/1289
f 1294/1294/1294 1293/1293/1293 1292/1292/1292
f 1297/1297/1297 1296/1296/1296 1295/1295/1295
f 1299/1299/1299 1296/1296/1296 1298/1298/1298
f 1302/1302/1302 1301/1301/1301 1300/1300/1300
f 1304/1304/1304 1300/1300/1300 1303/1303/1303
f 1304/1304/1304 1303/1303/1303 1305/1305/1305
f 1308/1308/1308 1307/1307/1307 1306/1306/1306
f 1310/1310/1310 1307/1307/1307 1309/1309/1309
f 1310/1310/1310 1309/1309/1309 1311/1311/1311
f 1314/1314/1314 1313/1313/1313 1312/1312/1312
f 1317/1317/1317 1316/1316/1316 1315/1315/1315
f 1320/1320/1320 1319/1319/1319 1318/1318/1318
f 1323/1323/1323 1322/1322/1322 1321/1321/1321
f 1326/1326/1326 1325/1325/1325 1324/1324/1324
f 1328/1328/1328 1324/1324/1324 1327/1327/1327
f 1328/1328/1328 1327/1327/1327 1329/1329/1329
f 1332/1332/1332 1331/1331/1331 1330/1330/1330
f 1334/1334/1334 1333/1333/1333 1330/1330/1330
f 1333/1333/1333 1334/1334/1334 1335/1335/1335
f 1337/1337/1337 1333/1333/1333 1336/1336/1336
f 1337/1337/1337 1336/1336/1336 1338/1338/1338
f 1341/1341/1341 1340/1340/1340 1339/1339/1339
f 1340/1340/1340 1343/1343/1343 1342/1342/1342
f 1346/1346/1346 1345/1345/1345 1344/1344/1344
f 1349/1349/1349 1348/1348/1348 1347/1347/1347
f 1351/1351/1351 1347/1347/1347 1350/1350/1350
f 1354/1354/1354 1353/1353/1353 1352/1352/1352
f 1356/1356/1356 1352/1352/1352 1355/1355/1355
f 1355/1355/1355 1352/1352/1352 1357/1357/1357
f 1360/1360/1360 1359/1359/1359 1358/1358/1358
f 1360/1360/1360 1362/1362/1362 1361/1361/1361
f 1365/1365/1365 1364/1364/1364 1363/1363/1363
f 1367/1367/1367 1364/1364/1364 1366/1366/1366
f 1370/1370/1370 1369/1369/1369 1368/1368/1368
f 1373/1373/1373 1372/1372/1372 1371/1371/1371
f 1376/1376/1376 1375/1375/1375 1374/1374/1374
f 1379/1379/1379 1378/1378/1378 1377/1377/1377
f 1382/1382/1382 1381/1381/1381 1380/1380/1380
f 1385/1385/1385 1384/1384/1384 1383/1383/1383
f 1388/1388/1388 1387/1387/1387 1386/1386/1386
f 1391/1391/1391 1390/1390/1390 1389/1389/1389
f 1394/1394/1394 1393/1393/1393 1392/1392/1392
f 1397/1397/1397 1396/1396/1396 1395/1395/1395
f 1399/1399/1399 1398/1398/1398 1396/1396/1396
f 1398/1398/1398 1399/1399/1399 1400/1400/1400
f 1403/1403/1403 1402/1402/1402 1401/1401/1401
f 1406/1406/1406 1405/1405/1405 1404/1404/1404
f 1409/1409/1409 1408/1408/1408 1407/1407/1407
f 1412/1412/1412 1411/1411/1411 1410/1410/1410
f 1414/1414/1414 1410/1410/1410 1413/1413/1413
f 1414/1414/1414 1413/1413/1413 1415/1415/1415
f 1418/1418/1418 1417/1417/1417 1416/1416/1416
f 1421/1421/1421 1420/1420/1420 1419/1419/1419
f 1424/1424/1424 1423/1423/1423 1422/1422/1422
f 1426/1426/1426 1423/1423/1423 1425/1425/1425
f 1429/1429/1429 1428/1428/1428 1427/1427/1427
f 1427/1427/1427 1431/1431/1431 1430/1430/1430
f 1434/1434/1434 1433/1433/1433 1432/1432/1432
f 1437/1437/1437 1436/1436/1436 1435/1435/1435
f 1440/1440/1440 1439/1439/1439 1438/1438/1438
f 1443/1443/1443 1442/1442/1442 1441/1441/1441
f 1446/1446/1446 1445/1445/1445 1444/1444/1444
f 1449/1449/1449 1448/1448/1448 1447/1447/1447
f 1451/1451/1451 1447/1447/1447 1450/1450/1450
f 1450/1450/1450 1447/1447/1447 1452/1452/1452
f 1455/1455/1455 1454/1454/1454 1453/1453/1453
f 1455/1455/1455 1457/1457/1457 1456/1456/1456
f 1460/1460/1460 1459/1459/1459 1458/1458/1458
f 1462/1462/1462 1461/1461/1461 1459/1459/1459
f 1465/1465/1465 1464/1464/1464 1463/1463/1463
f 1468/1468/1468 1467/1467/1467 1466/1466/1466
f 1467/1467/1467 1470/1470/1470 1469/1469/1469
f 1470/1470/1470 1471/1471/1471 1469/1469/1469
f 1474/1474/1474 1473/1473/1473 1472/1472/1472
f 1477/1477/1477 1476/1476/1476 1475/1475/1475
f 1480/1480/1480 1479/1479/1479 1478/1478/1478
f 1482/1482/1482 1478/1478/1478 1481/1481/1481
f 1482/1482/1482 1481/1481/1481 1483/1483/1483
f 1486/1486/1486 1485/1485/1485 1484/1484/1484
f 1489/1489/1489 1488/1488/1488 1487/1487/1487
f 1488/1488/1488 1491/1491/1491 1490/1490/1490
f 1491/1491/1491 1492/1492/1492 1490/1490/1490
f 1493/1493/1493 1490/1490/1490 1492/1492/1492
f 1494/1494/1494 1493/1493/1493 1492/1492/1492
f 1497/1497/1497 1496/1496/1496 1495/1495/1495
f 1500/1500/1500 1499/1499/1499 1498/1498/1498
f 1503/1503/1503 1502/1502/1502 1501/1501/1501
f 1502/1502/1502 1505/1505/1505 1504/1504/1504
f 1508/1508/1508 1507/1507/1507 1506/1506/1506
f 1510/1510/1510 1506/1506/1506 1509/1509/1509
f 1511/1511/1511 1506/1506/1506 1510/1510/1510
f 1512/1512/1512 1511/1511/1511 1510/1510/1510
f 1513/1513/1513 1511/1511/1511 1512/1512/1512
f 1516/1516/1516 1515/1515/1515 1514/1514/1514
f 1519/1519/1519 1518/1518/1518 1517/1517/1517
f 1522/1522/1522 1521/1521/1521 1520/1520/1520
f 1524/1524/1524 1521/1521/1521 1523/1523/1523
f 1527/1527/1527 1526/1526/1526 1525/1525/1525
f 1530/1530/1530 1529/1529/1529 1528/1528/1528
f 1533/1533/1533 1532/1532/1532 1531/1531/1531
f 1535/1535/1535 1532/1532/1532 1534/1534/1534
f 1538/1538/1538 1537/1537/1537 1536/1536/1536
f 1541/1541/1541 1540/1540/1540 1539/1539/1539
f 1543/1543/1543 1539/1539/1539 1542/1542/1542
f 1542/1542/1542 1545/1545/1545 1544/1544/1544
f 1547/1547/1547 1544/1544/1544 1546/1546/1546
f 1550/1550/1550 1549/1549/1549 1548/1548/1548
f 1552/1552/1552 1548/1548/1548 1551/1551/1551
f 1551/1551/1551 1548/1548/1548 1553/1553/1553
f 1556/1556/1556 1555/1555/1555 1554/1554/1554
f 1559/1559/1559 1558/1558/1558 1557/1557/1557
f 1562/1562/1562 1561/1561/1561 1560/1560/1560
f 1565/1565/1565 1564/1564/1564 1563/1563/1563
f 1564/1564/1564 1567/1567/1567 1566/1566/1566
f 1567/1567/1567 1568/1568/1568 1566/1566/1566
f 1571/1571/1571 1570/1570/1570 1569/1569/1569
f 1573/1573/1573 1572/1572/1572 1570/1570/1570
f 1572/1572/1572 1573/1573/1573 1574/1574/1574
f 1577/1577/1577 1576/1576/1576 1575/1575/1575
f 1579/1579/1579 1576/1576/1576 1578/1578/1578
f 1582/1582/1582 1581/1581/1581 1580/1580/1580
f 1585/1585/1585 1584/1584/1584 1583/1583/1583
f 1588/1588/1588 1587/1587/1587 1586/1586/1586
f 1587/1587/1587 1590/1590/1590 1589/1589/1589
f 1590/1590/1590 1591/1591/1591 1589/1589/1589
f 1594/1594/1594 1593/1593/1593 1592/1592/1592
f 1597/1597/1597 1596/1596/1596 1595/1595/1595
f 1600/1600/1600 1599/1599/1599 1598/1598/1598
f 1603/1603/1603 1602/1602/1602 1601/1601/1601
f 1606/1606/1606 1605/1605/1605 1604/1604/1604
f 1609/1609/1609 1608/1608/1608 1607/1607/1607
f 1611/1611/1611 1610/1610/1610 1608/1608/1608
f 1614/1614/1614 1613/1613/1613 1612/1612/1612
f 1616/1616/1616 1615/1615/1615 1613/1613/1613
f 1615/1615/1615 1616/1616/1616 1617/1617/1617
f 1618/1618/1618 1617/1617/1617 1616/1616/1616
f 1621/1621/1621 1620/1620/1620 1619/1619/1619
f 1624/1624/1624 1623/1623/1623 1622/1622/1622
f 1627/1627/1627 1626/1626/1626 1625/1625/1625
f 1630/1630/1630 1629/1629/1629 1628/1628/1628
f 1632/1632/1632 1628/1628/1628 1631/1631/1631
f 1632/1632/1632 1631/1631/1631 1633/1633/1633
f 1636/1636/1636 1635/1635/1635 1634/1634/1634
f 1639/1639/1639 1638/1638/1638 1637/1637/1637
f 1642/1642/1642 1641/1641/1641 1640/1640/1640
f 1644/1644/1644 1641/1641/1641 1643/1643/1643
f 1647/1647/1647 1646/1646/1646 1645/1645/1645
f 1650/1650/1650 1649/1649/1649 1648/1648/1648
f 1653/1653/1653 1652/1652/1652 1651/1651/1651
f 1656/1656/1656 1655/1655/1655 1654/1654/1654
f 1658/1658/1658 1655/1655/1655 1657/1657/1657
f 1661/1661/1661 1660/1660/1660 1659/1659/1659
f 1664/1664/1664 1663/1663/1663 1662/1662/1662
f 1667/1667/1667 1666/1666/1666 1665/1665/1665
f 1670/1670/1670 1669/1669/1669 1668/1668/1668
f 1672/1672/1672 1668/1668/1668 1671/1671/1671
f 1672/1672/1672 1671/1671/1671 1673/1673/1673
f 1676/1676/1676 1675/1675/1675 1674/1674/1674
f 1679/1679/1679 1678/1678/1678 1677/1677/1677
f 1681/1681/1681 1678/1678/1678 1680/1680/1680
f 1684/1684/1684 1683/1683/1683 1682/1682/1682
f 1686/1686/1686 1685/1685/1685 1683/1683/1683
f 1689/1689/1689 1688/1688/1688 1687/1687/1687
f 1692/1692/1692 1691/1691/1691 1690/1690/1690
f 1695/1695/1695 1694/1694/1694 1693/1693/1693
f 1697/1697/1697 1694/1694/1694 1696/1696/1696
f 1700/1700/1700 1699/1699/1699 1698/1698/1698
f 1703/1703/1703 1702/1702/1702 1701/1701/1701
f 1706/1706/1706 1705/1705/1705 1704/1704/1704
f 1708/1708/1708 1704/1704/1704 1707/1707/1707
f 1704/1704/1704 1708/1708/1708 1709/1709/1709
f 1710/1710/1710 1709/1709/1709 1708/1708/1708
f 1711/1711/1711 1709/1709/1709 1710/1710/1710
f 1711/1711/1711 1710/1710/1710 1712/1712/1712
f 1715/1715/1715 1714/1714/1714 1713/1713/1713
f 1714/1714/1714 1717/1717/1717 1716/1716/1716
f 1720/1720/1720 1719/1719/1719 1718/1718/1718
f 1723/1723/1723 1722/1722/1722 1721/1721/1721
f 1725/1725/1725 1721/1721/1721 1724/1724/1724
f 1725/1725/1725 1727/1727/1727 1726/1726/1726
f 1726/1726/1726 1729/1729/1729 1728/1728/1728
f 1730/1730/1730 1728/1728/1728 1729/1729/1729
f 1731/1731/1731 1728/1728/1728 1730/1730/1730
f 1734/1734/1734 1733/1733/1733 1732/1732/1732
f 1737/1737/1737 1736/1736/1736 1735/1735/1735
f 1740/1740/1740 1739/1739/1739 1738/1738/1738
f 1743/1743/1743 1742/1742/1742 1741/1741/1741
f 1746/1746/1746 1745/1745/1745 1744/1744/1744
f 1748/1748/1748 1744/1744/1744 1747/1747/1747
f 1748/1748/1748 1747/1747/1747 1749/1749/1749
f 1752/1752/1752 1751/1751/1751 1750/1750/1750
f 1755/1755/1755 1754/1754/1754 1753/1753/1753
f 1758/1758/1758 1757/1757/1757 1756/1756/1756
f 1760/1760/1760 1757/1757/1757 1759/1759/1759
f 1763/1763/1763 1762/1762/1762 1761/1761/1761
f 1766/1766/1766 1765/1765/1765 1764/1764/1764
f 1769/1769/1769 1768/1768/1768 1767/1767/1767
f 1771/1771/1771 1767/1767/1767 1770/1770/1770
f 1771/1771/1771 1770/1770/1770 1772/1772/1772
f 1775/1775/1775 1774/1774/1774 1773/1773/1773
f 1778/1778/1778 1777/1777/1777 1776/1776/1776
f 1781/1781/1781 1780/1780/1780 1779/1779/1779
f 1784/1784/1784 1783/1783/1783 1782/1782/1782
f 1786/1786/1786 1785/1785/1785 1783/1783/1783
f 1789/1789/1789 1788/1788/1788 1787/1787/1787
f 1791/1791/1791 1788/1788/1788 1790/1790/1790
f 1794/1794/1794 1793/1793/1793 1792/1792/1792
f 1797/1797/1797 1796/1796/1796 1795/1795/1795
f 1800/1800/1800 1799/1799/1799 1798/1798/1798
f 1802/1802/1802 1798/1798/1798 1801/1801/1801
f 1802/1802/1802 1801/1801/1801 1803/1803/1803
f 1806/1806/1806 1805/1805/1805 1804/1804/1804
f 1809/1809/1809 1808/1808/1808 1807/1807/1807
f 1812/1812/1812 1811/1811/1811 1810/1810/1810
f 1814/1814/1814 1811/1811/1811 1813/1813/1813
f 1817/1817/1817 1816/1816/1816 1815/1815/1815
f 1819/1819/1819 1815/1815/1815 1818/1818/1818
f 1819/1819/1819 1821/1821/1821 1820/1820/1820
f 1820/1820/1820 1823/1823/1823 1822/1822/1822
f 1824/1824/1824 1822/1822/1822 1823/1823/1823
f 1825/1825/1825 1822/1822/1822 1824/1824/1824
f 1828/1828/1828 1827/1827/1827 1826/1826/1826
f 1830/1830/1830 1829/1829/1829 1827/1827/1827
f 1833/1833/1833 1832/1832/1832 1831/1831/1831
f 1836/1836/1836 1835/1835/1835 1834/1834/1834
f 1835/1835/1835 1838/1838/1838 1837/1837/1837
f 1839/1839/1839 1837/1837/1837 1838/1838/1838
f 1842/1842/1842 1841/1841/1841 1840/1840/1840
f 1845/1845/1845 1844/1844/1844 1843/1843/1843
f 1845/1845/1845 1847/1847/1847 1846/1846/1846
f 1848/1848/1848 1846/1846/1846 1847/1847/1847
f 1851/1851/1851 1850/1850/1850 1849/1849/1849
f 1854/1854/1854 1853/1853/1853 1852/1852/1852
f 1857/1857/1857 1856/1856/1856 1855/1855/1855
f 1859/1859/1859 1855/1855/1855 1858/1858/1858
f 1860/1860/1860 1855/1855/1855 1859/1859/1859
f 1863/1863/1863 1862/1862/1862 1861/1861/1861
f 1866/1866/1866 1865/1865/1865 1864/1864/1864
f 1869/1869/1869 1868/1868/1868 1867/1867/1867
f 1872/1872/1872 1871/1871/1871 1870/1870/1870
f 1875/1875/1875 1874/1874/1874 1873/1873/1873
f 1878/1878/1878 1877/1877/1877 1876/1876/1876
f 1880/1880/1880 1879/1879/1879 1876/1876/1876
f 1880/1880/1880 1876/1876/1876 1881/1881/1881
f 1884/1884/1884 1883/1883/1883 1882/1882/1882
f 1884/1884/1884 1886/1886/1886 1885/1885/1885
f 1889/1889/1889 1888/1888/1888 1887/1887/1887
f 1891/1891/1891 1888/1888/1888 1890/1890/1890
f 1894/1894/1894 1893/1893/1893 1892/1892/1892
f 1893/1893/1893 1896/1896/1896 1895/1895/1895
f 1896/1896/1896 1897/1897/1897 1895/1895/1895
f 1900/1900/1900 1899/1899/1899 1898/1898/1898
f 1902/1902/1902 1901/1901/1901 1899/1899/1899
f 1901/1901/1901 1902/1902/1902 1903/1903/1903
f 1906/1906/1906 1905/1905/1905 1904/1904/1904
f 1909/1909/1909 1908/1908/1908 1907/1907/1907
f 1912/1912/1912 1911/1911/1911 1910/1910/1910
f 1915/1915/1915 1914/1914/1914 1913/1913/1913
f 1917/1917/1917 1914/1914/1914 1916/1916/1916
f 1920/1920/1920 1919/1919/1919 1918/1918/1918
f 1922/1922/1922 1918/1918/1918 1921/1921/1921
f 1922/1922/1922 1921/1921/1921 1923/1923/1923
f 1926/1926/1926 1925/1925/1925 1924/1924/1924
f 1929/1929/1929 1928/1928/1928 1927/1927/1927
f 1931/1931/1931 1930/1930/1930 1928/1928/1928
f 1934/1934/1934 1933/1933/1933 1932/1932/1932
f 1937/1937/1937 1936/1936/1936 1935/1935/1935
f 1939/1939/1939 1935/1935/1935 1938/1938/1938
f 1939/1939/1939 1938/1938/1938 1940/1940/1940
f 1943/1943/1943 1942/1942/1942 1941/1941/1941
f 1946/1946/1946 1945/1945/1945 1944/1944/1944
f 1949/1949/1949 1948/1948/1948 1947/1947/1947
f 1952/1952/1952 1951/1951/1951 1950/1950/1950
f 1954/1954/1954 1953/1953/1953 1951/1951/1951
f 1955/1955/1955 1953/1953/1953 1954/1954/1954
f 1956/1956/1956 1955/1955/1955 1954/1954/1954
f 1959/1959/1959 1958/1958/1958 1957/1957/1957
f 1961/1961/1961 1957/1957/1957 1960/1960/1960
f 1964/1964/1964 1963/1963/1963 1962/1962/1962
f 1966/1966/1966 1962/1962/1962 1965/1965/1965
f 1966/1966/1966 1965/1965/1965 1967/1967/1967
f 1970/1970/1970 1969/1969/1969 1968/1968/1968
f 1973/1973/1973 1972/1972/1972 1971/1971/1971
f 1976/1976/1976 1975/1975/1975 1974/1974/1974
f 1978/1978/1978 1974/1974/1974 1977/1977/1977
f 1978/1978/1978 1977/1977/1977 1979/1979/1979
f 1982/1982/1982 1981/1981/1981 1980/1980/1980
f 1984/1984/1984 1981/1981/1981 1983/1983/1983
f 1987/1987/1987 1986/1986/1986 1985/1985/1985
f 1990/1990/1990 1989/1989/1989 1988/1988/1988
f 1993/1993/1993 1992/1992/1992 1991/1991/1991
f 1996/1996/1996 1995/1995/1995 1994/1994/1994
f 1999/1999/1999 1998/1998/1998 1997/1997/1997
f 2002/2002/2002 2001/2001/2001 2000/2000/2000
f 2005/2005/2005 2004/2004/2004 2003/2003/2003
f 2004/2004/2004 2007/2007/2007 2006/2006/2006
f 2007/2007/2007 2008/2008/2008 2006/2006/2006
f 2009/2009/2009 2006/2006/2006 2008/2008/2008
f 2010/2010/2010 2009/2009/2009 2008/2008/2008
f 2013/2013/2013 2012/2012/2012 2011/2011/2011
f 2016/2016/2016 2015/2015/2015 2014/2014/2014
f 2019/2019/2019 2018/2018/2018 2017/2017/2017
f 2017/2017/2017 2021/2021/2021 2020/2020/2020
f 2023/2023/2023 2020/2020/2020 2022/2022/2022
f 2023/2023/2023 2022/2022/2022 2024/2024/2024
f 2027/2027/2027 2026/2026/2026 2025/2025/2025
f 2030/2030/2030 2029/2029/2029 2028/2028/2028
f 2033/2033/2033 2032/2032/2032 2031/2031/2031
f 2036/2036/2036 2035/2035/2035 2034/2034/2034
f 2039/2039/2039 2038/2038/2038 2037/2037/2037
f 2042/2042/2042 2041/2041/2041 2040/2040/2040
f 2040/2040/2040 2044/2044/2044 2043/2043/2043
f 2046/2046/2046 2043/2043/2043 2045/2045/2045
f 2047/2047/2047 2043/2043/2043 2046/2046/2046
f 2047/2047/2047 2046/2046/2046 2048/2048/2048
f 2051/2051/2051 2050/2050/2050 2049/2049/2049
f 2054/2054/2054 2053/2053/2053 2052/2052/2052
f 2056/2056/2056 2052/2052/2052 2055/2055/2055
f 2059/2059/2059 2058/2058/2058 2057/2057/2057
f 2057/2057/2057 2061/2061/2061 2060/2060/2060
f 2063/2063/2063 2060/2060/2060 2062/2062/2062
f 2064/2064/2064 2060/2060/2060 2063/2063/2063
f 2064/2064/2064 2063/2063/2063 2065/2065/2065
f 2068/2068/2068 2067/2067/2067 2066/2066/2066
f 2071/2071/2071 2070/2070/2070 2069/2069/2069
f 2074/2074/2074 2073/2073/2073 2072/2072/2072
f 2076/2076/2076 2075/2075/2075 2073/2073/2073
f 2076/2076/2076 2078/2078/2078 2077/2077/2077
f 2081/2081/2081 2080/2080/2080 2079/2079/2079
f 2083/2083/2083 2079/2079/2079 2082/2082/2082
f 2086/2086/2086 2085/2085/2085 2084/2084/2084
f 2088/2088/2088 2087/2087/2087 2085/2085/2085
f 2091/2091/2091 2090/2090/2090 2089/2089/2089
f 2094/2094/2094 2093/2093/2093 2092/2092/2092
f 2093/2093/2093 2096/2096/2096 2095/2095/2095
f 2096/2096/2096 2097/2097/2097 2095/2095/2095
f 2100/2100/2100 2099/2099/2099 2098/2098/2098
f 2098/2098/2098 2102/2102/2102 2101/2101/2101
f 2104/2104/2104 2101/2101/2101 2103/2103/2103
f 2104/2104/2104 2103/2103/2103 2105/2105/2105
f 2108/2108/2108 2107/2107/2107 2106/2106/2106
f 2111/2111/2111 2110/2110/2110 2109/2109/2109
f 2114/2114/2114 2113/2113/2113 2112/2112/2112
f 2117/2117/2117 2116/2116/2116 2115/2115/2115
f 2119/2119/2119 2115/2115/2115 2118/2118/2118
f 2122/2122/2122 2121/2121/2121 2120/2120/2120
f 2125/2125/2125 2124/2124/2124 2123/2123/2123
f 2128/2128/2128 2127/2127/2127 2126/2126/2126
f 2131/2131/2131 2130/2130/2130 2129/2129/2129
f 2133/2133/2133 2132/2132/2132 2130/2130/2130
f 2136/2136/2136 2135/2135/2135 2134/2134/2134
f 2139/2139/2139 2138/2138/2138 2137/2137/2137
f 2142/2142/2142 2141/2141/2141 2140/2140/2140
f 2141/2141/2141 2144/2144/2144 2143/2143/2143
f 2145/2145/2145 2143/2143/2143 2144/2144/2144
f 2145/2145/2145 2144/2144/2144 2146/2146/2146
f 2149/2149/2149 2148/2148/2148 2147/2147/2147
f 2152/2152/2152 2151/2151/2151 2150/2150/2150
f 2155/2155/2155 2154/2154/2154 2153/2153/2153
f 2157/2157/2157 2154/2154/2154 2156/2156/2156
f 2160/2160/2160 2159/2159/2159 2158/2158/2158
f 2163/2163/2163 2162/2162/2162 2161/2161/2161
f 2162/2162/2162 2165/2165/2165 2164/2164/2164
f 2165/2165/2165 2166/2166/2166 2164/2164/2164
f 2167/2167/2167 2164/2164/2164 2166/2166/2166
f 2170/2170/2170 2169/2169/2169 2168/2168/2168
f 2173/2173/2173 2172/2172/2172 2171/2171/2171
f 2176/2176/2176 2175/2175/2175 2174/2174/2174
f 2174/2174/2174 2178/2178/2178 2177/2177/2177
f 2180/2180/2180 2177/2177/2177 2179/2179/2179
f 2181/2181/2181 2177/2177/2177 2180/2180/2180
f 2181/2181/2181 2180/2180/2180 2182/2182/2182
f 2185/2185/2185 2184/2184/2184 2183/2183/2183
f 2187/2187/2187 2186/2186/2186 2184/2184/2184
f 2190/2190/2190 2189/2189/2189 2188/2188/2188
f 2192/2192/2192 2188/2188/2188 2191/2191/2191
f 2191/2191/2191 2188/2188/2188 2193/2193/2193
f 2196/2196/2196 2195/2195/2195 2194/2194/2194
f 2194/2194/2194 2195/2195/2195 2197/2197/2197
f 2200/2200/2200 2199/2199/2199 2198/2198/2198
f 2198/2198/2198 2199/2199/2199 2201/2201/2201
f 2204/2204/2204 2203/2203/2203 2202/2202/2202
f 2202/2202/2202 2203/2203/2203 2205/2205/2205
f 2208/2208/2208 2207/2207/2207 2206/2206/2206
f 2206/2206/2206 2207/2207/2207 2209/2209/2209
f 2212/2212/2212 2211/2211/2211 2210/2210/2210
f 2210/2210/2210 2211/2211/2211 2213/2213/2213
f 2216/2216/2216 2215/2215/2215 2214/2214/2214
f 2214/2214/2214 2215/2215/2215 2217/2217/2217
f 2220/2220/2220 2219/2219/2219 2218/2218/2218
f 2218/2218/2218 2219/2219/2219 2221/2221/2221
f 2224/2224/2224 2223/2223/2223 2222/2222/2222
f 2222/2222/2222 2223/2223/2223 2225/2225/2225
f 2228/2228/2228 2227/2227/2227 2226/2226/2226
f 2226/2226/2226 2227/2227/2227 2229/2229/2229
f 2232/2232/2232 2231/2231/2231 2230/2230/2230
f 2230/2230/2230 2231/2231/2231 2233/2233/2233
f 2236/2236/2236 2235/2235/2235 2234/2234/2234
f 2234/2234/2234 2235/2235/2235 2237/2237/2237
f 2240/2240/2240 2239/2239/2239 2238/2238/2238
f 2238/2238/2238 2239/2239/2239 2241/2241/2241
f 2244/2244/2244 2243/2243/2243 2242/2242/2242
f 2242/2242/2242 2243/2243/2243 2245/2245/2245
f 2248/2248/2248 2247/2247/2247 2246/2246/2246
f 2246/2246/2246 2247/2247/2247 2249/2249/2249
f 2252/2252/2252 2251/2251/2251 2250/2250/2250
f 2250/2250/2250 2251/2251/2251 2253/2253/2253
f 2256/2256/2256 2255/2255/2255 2254/2254/2254
f 2254/2254/2254 2255/2255/2255 2257/2257/2257
f 2260/2260/2260 2259/2259/2259 2258/2258/2258
f 2258/2258/2258 2259/2259/2259 2261/2261/2261
f 2264/2264/2264 2263/2263/2263 2262/2262/2262
f 2262/2262/2262 2263/2263/2263 2265/2265/2265
f 2268/2268/2268 2267/2267/2267 2266/2266/2266
f 2266/2266/2266 2267/2267/2267 2269/2269/2269
f 2272/2272/2272 2271/2271/2271 2270/2270/2270
f 2270/2270/2270 2271/2271/2271 2273/2273/2273
f 2276/2276/2276 2275/2275/2275 2274/2274/2274
f 2274/2274/2274 2275/2275/2275 2277/2277/2277
f 2280/2280/2280 2279/2279/2279 2278/2278/2278
f 2278/2278/2278 2279/2279/2279 2281/2281/2281
f 2281/2281/2281 2282/2282/2282 2278/2278/2278
f 2278/2278/2278 2282/2282/2282 2283/2283/2283
f 2282/2282/2282 2284/2284/2284 2283/2283/2283
f 2285/2285/2285 2283/2283/2283 2284/2284/2284
f 2286/2286/2286 2284/2284/2284 2282/2282/2282
f 2286/2286/2286 2282/2282/2282 2287/2287/2287
f 2286/2286/2286 2287/2287/2287 2288/2288/2288
f 2288/2288/2288 2289/2289/2289 2286/2286/2286
f 2290/2290/2290 2289/2289/2289 2288/2288/2288
f 2288/2288/2288 2287/2287/2287 2291/2291/2291
f 2291/2291/2291 2287/2287/2287 2292/2292/2292
f 2292/2292/2292 2293/2293/2293 2291/2291/2291
f 2294/2294/2294 2293/2293/2293 2292/2292/2292
f 2292/2292/2292 2287/2287/2287 2295/2295/2295
f 2295/2295/2295 2287/2287/2287 2296/2296/2296
f 2296/2296/2296 2297/2297/2297 2295/2295/2295
f 2298/2298/2298 2297/2297/2297 2296/2296/2296
f 2300/2300/2300 2285/2285/2285 2299/2299/2299
f 2301/2301/2301 2300/2300/2300 2299/2299/2299
f 2299/2299/2299 2285/2285/2285 2302/2302/2302
f 2303/2303/2303 2299/2299/2299 2302/2302/2302
f 2304/2304/2304 2299/2299/2299 2303/2303/2303
f 2305/2305/2305 2299/2299/2299 2304/2304/2304
f 2306/2306/2306 2305/2305/2305 2304/2304/2304
f 2307/2307/2307 2305/2305/2305 2306/2306/2306
f 2308/2308/2308 2305/2305/2305 2307/2307/2307
f 2309/2309/2309 2305/2305/2305 2308/2308/2308
f 2312/2312/2312 2311/2311/2311 2310/2310/2310
f 2310/2310/2310 2311/2311/2311 2313/2313/2313
f 2316/2316/2316 2315/2315/2315 2314/2314/2314
f 2314/2314/2314 2315/2315/2315 2317/2317/2317
f 2320/2320/2320 2319/2319/2319 2318/2318/2318
f 2318/2318/2318 2319/2319/2319 2321/2321/2321
f 2324/2324/2324 2323/2323/2323 2322/2322/2322
f 2322/2322/2322 2323/2323/2323 2325/2325/2325
f 2328/2328/2328 2327/2327/2327 2326/2326/2326
f 2326/2326/2326 2327/2327/2327 2329/2329/2329
f 2332/2332/2332 2331/2331/2331 2330/2330/2330
f 2330/2330/2330 2331/2331/2331 2333/2333/2333
f 2336/2336/2336 2335/2335/2335 2334/2334/2334
f 2334/2334/2334 2335/2335/2335 2337/2337/2337
f 2340/2340/2340 2339/2339/2339 2338/2338/2338
f 2338/2338/2338 2339/2339/2339 2341/2341/2341
f 2344/2344/2344 2343/2343/2343 2342/2342/2342
f 2342/2342/2342 2343/2343/2343 2345/2345/2345
f 2348/2348/2348 2347/2347/2347 2346/2346/2346
f 2346/2346/2346 2347/2347/2347 2349/2349/2349
f 2352/2352/2352 2351/2351/2351 2350/2350/2350
f 2350/2350/2350 2351/2351/2351 2353/2353/2353
f 2351/2351/2351 2354/2354/2354 2353/2353/2353
f 2351/2351/2351 2355/2355/2355 2354/2354/2354
f 2353/2353/2353 2354/2354/2354 2356/2356/2356
f 2356/2356/2356 2354/2354/2354 2357/2357/2357
f 2358/2358/2358 2356/2356/2356 2357/2357/2357
f 2359/2359/2359 2356/2356/2356 2358/2358/2358
f 2354/2354/2354 2355/2355/2355 2360/2360/2360
f 2360/2360/2360 2355/2355/2355 2361/2361/2361
f 2362/2362/2362 2360/2360/2360 2361/2361/2361
f 2363/2363/2363 2360/2360/2360 2362/2362/2362
f 2364/2364/2364 2363/2363/2363 2362/2362/2362
f 2365/2365/2365 2363/2363/2363 2364/2364/2364
f 2366/2366/2366 2360/2360/2360 2363/2363/2363
f 2367/2367/2367 2360/2360/2360 2366/2366/2366
f 2368/2368/2368 2367/2367/2367 2366/2366/2366
f 2369/2369/2369 2367/2367/2367 2368/2368/2368
f 2371/2371/2371 2361/2361/2361 2370/2370/2370
f 2372/2372/2372 2371/2371/2371 2370/2370/2370
f 2373/2373/2373 2372/2372/2372 2370/2370/2370
f 2374/2374/2374 2372/2372/2372 2373/2373/2373
f 2375/2375/2375 2372/2372/2372 2374/2374/2374
f 2376/2376/2376 2372/2372/2372 2375/2375/2375
f 2377/2377/2377 2371/2371/2371 2372/2372/2372
f 2378/2378/2378 2371/2371/2371 2377/2377/2377
f 2379/2379/2379 2378/2378/2378 2377/2377/2377
f 2380/2380/2380 2379/2379/2379 2377/2377/2377
f 2381/2381/2381 2380/2380/2380 2377/2377/2377
f 2384/2384/2384 2383/2383/2383 2382/2382/2382
f 2382/2382/2382 2383/2383/2383 2385/2385/2385
f 2388/2388/2388 2387/2387/2387 2386/2386/2386
f 2386/2386/2386 2387/2387/2387 2389/2389/2389
f 2392/2392/2392 2391/2391/2391 2390/2390/2390
f 2390/2390/2390 2391/2391/2391 2393/2393/2393
f 2395/2395/2395 2393/2393/2393 2394/2394/2394
f 2396/2396/2396 2394/2394/2394 2393/2393/2393
f 2394/2394/2394 2396/2396/2396 2397/2397/2397
f 2400/2400/2400 2399/2399/2399 2398/2398/2398
f 2398/2398/2398 2399/2399/2399 2401/2401/2401
f 2404/2404/2404 2403/2403/2403 2402/2402/2402
f 2402/2402/2402 2403/2403/2403 2405/2405/2405
f 2408/2408/2408 2407/2407/2407 2406/2406/2406
f 2406/2406/2406 2407/2407/2407 2409/2409/2409
f 2412/2412/2412 2411/2411/2411 2410/2410/2410
f 2413/2413/2413 2410/2410/2410 2411/2411/2411
f 2413/2413/2413 2411/2411/2411 2414/2414/2414
f 2410/2410/2410 2413/2413/2413 2415/2415/2415
f 2418/2418/2418 2417/2417/2417 2416/2416/2416
f 2416/2416/2416 2417/2417/2417 2419/2419/2419
f 2422/2422/2422 2421/2421/2421 2420/2420/2420
f 2420/2420/2420 2421/2421/2421 2423/2423/2423
f 2426/2426/2426 2425/2425/2425 2424/2424/2424
f 2424/2424/2424 2425/2425/2425 2427/2427/2427
f 2424/2424/2424 2427/2427/2427 2428/2428/2428
f 2428/2428/2428 2427/2427/2427 2429/2429/2429
f 2430/2430/2430 2429/2429/2429 2427/2427/2427
f 2431/2431/2431 2429/2429/2429 2430/2430/2430
f 2434/2434/2434 2433/2433/2433 2432/2432/2432
f 2432/2432/2432 2433/2433/2433 2435/2435/2435
f 2438/2438/2438 2437/2437/2437 2436/2436/2436
f 2436/2436/2436 2437/2437/2437 2439/2439/2439
f 2442/2442/2442 2441/2441/2441 2440/2440/2440
f 2440/2440/2440 2441/2441/2441 2443/2443/2443
f 2446/2446/2446 2445/2445/2445 2444/2444/2444
f 2444/2444/2444 2445/2445/2445 2447/2447/2447
f 2450/2450/2450 2449/2449/2449 2448/2448/2448
f 2448/2448/2448 2449/2449/2449 2451/2451/2451
f 2454/2454/2454 2453/2453/2453 2452/2452/2452
f 2452/2452/2452 2453/2453/2453 2455/2455/2455
f 2458/2458/2458 2457/2457/2457 2456/2456/2456
f 2456/2456/2456 2457/2457/2457 2459/2459/2459
f 2462/2462/2462 2461/2461/2461 2460/2460/2460
f 2460/2460/2460 2461/2461/2461 2463/2463/2463
f 2466/2466/2466 2465/2465/2465 2464/2464/2464
f 2464/2464/2464 2465/2465/2465 2467/2467/2467
f 2470/2470/2470 2469/2469/2469 2468/2468/2468
f 2468/2468/2468 2469/2469/2469 2471/2471/2471
f 2474/2474/2474 2473/2473/2473 2472/2472/2472
f 2472/2472/2472 2473/2473/2473 2475/2475/2475
f 2478/2478/2478 2477/2477/2477 2476/2476/2476
f 2476/2476/2476 2477/2477/2477 2479/2479/2479
f 2482/2482/2482 2481/2481/2481 2480/2480/2480
f 2480/2480/2480 2481/2481/2481 2483/2483/2483
f 2486/2486/2486 2485/2485/2485 2484/2484/2484
f 2484/2484/2484 2485/2485/2485 2487/2487/2487
f 2490/2490/2490 2489/2489/2489 2488/2488/2488
f 2488/2488/2488 2489/2489/2489 2491/2491/2491
f 2494/2494/2494 2493/2493/2493 2492/2492/2492
f 2492/2492/2492 2493/2493/2493 2495/2495/2495
f 2498/2498/2498 2497/2497/2497 2496/2496/2496
f 2496/2496/2496 2497/2497/2497 2499/2499/2499
f 2502/2502/2502 2501/2501/2501 2500/2500/2500
f 2500/2500/2500 2501/2501/2501 2503/2503/2503
f 2506/2506/2506 2505/2505/2505 2504/2504/2504
f 2504/2504/2504 2505/2505/2505 2507/2507/2507
f 2510/2510/2510 2509/2509/2509 2508/2508/2508
f 2508/2508/2508 2509/2509/2509 2511/2511/2511
f 2514/2514/2514 2513/2513/2513 2512/2512/2512
f 2512/2512/2512 2513/2513/2513 2515/2515/2515
f 2518/2518/2518 2517/2517/2517 2516/2516/2516
f 2516/2516/2516 2517/2517/2517 2519/2519/2519
f 2522/2522/2522 2521/2521/2521 2520/2520/2520
f 2520/2520/2520 2521/2521/2521 2523/2523/2523
f 2526/2526/2526 2525/2525/2525 2524/2524/2524
f 2524/2524/2524 2525/2525/2525 2527/2527/2527
f 2530/2530/2530 2529/2529/2529 2528/2528/2528
f 2528/2528/2528 2529/2529/2529 2531/2531/2531
f 2534/2534/2534 2533/2533/2533 2532/2532/2532
f 2532/2532/2532 2533/2533/2533 2535/2535/2535
f 2538/2538/2538 2537/2537/2537 2536/2536/2536
f 2536/2536/2536 2537/2537/2537 2539/2539/2539
f 2542/2542/2542 2541/2541/2541 2540/2540/2540
f 2540/2540/2540 2541/2541/2541 2543/2543/2543
f 2546/2546/2546 2545/2545/2545 2544/2544/2544
f 2544/2544/2544 2545/2545/2545 2547/2547/2547
f 2550/2550/2550 2549/2549/2549 2548/2548/2548
f 2548/2548/2548 2549/2549/2549 2551/2551/2551
f 2554/2554/2554 2553/2553/2553 2552/2552/2552
f 2552/2552/2552 2553/2553/2553 2555/2555/2555
f 2558/2558/2558 2557/2557/2557 2556/2556/2556
f 2556/2556/2556 2557/2557/2557 2559/2559/2559
f 2562/2562/2562 2561/2561/2561 2560/2560/2560
f 2560/2560/2560 2561/2561/2561 2563/2563/2563
f 2566/2566/2566 2565/2565/2565 2564/2564/2564
f 2564/2564/2564 2565/2565/2565 2567/2567/2567
f 2570/2570/2570 2569/2569/2569 2568/2568/2568
f 2568/2568/2568 2569/2569/2569 2571/2571/2571
f 2574/2574/2574 2573/2573/2573 2572/2572/2572
f 2572/2572/2572 2573/2573/2573 2575/2575/2575
f 2578/2578/2578 2577/2577/2577 2576/2576/2576
f 2576/2576/2576 2577/2577/2577 2579/2579/2579
f 2582/2582/2582 2581/2581/2581 2580/2580/2580
f 2580/2580/2580 2581/2581/2581 2583/2583/2583
f 2586/2586/2586 2585/2585/2585 2584/2584/2584
f 2584/2584/2584 2585/2585/2585 2587/2587/2587
f 2590/2590/2590 2589/2589/2589 2588/2588/2588
f 2588/2588/2588 2589/2589/2589 2591/2591/2591
f 2594/2594/2594 2593/2593/2593 2592/2592/2592
f 2592/2592/2592 2593/2593/2593 2595/2595/2595
f 2598/2598/2598 2597/2597/2597 2596/2596/2596
f 2596/2596/2596 2597/2597/2597 2599/2599/2599
f 2602/2602/2602 2601/2601/2601 2600/2600/2600
f 2600/2600/2600 2601/2601/2601 2603/2603/2603
f 2606/2606/2606 2605/2605/2605 2604/2604/2604
f 2604/2604/2604 2605/2605/2605 2607/2607/2607
f 2610/2610/2610 2609/2609/2609 2608/2608/2608
f 2608/2608/2608 2609/2609/2609 2611/2611/2611
f 2614/2614/2614 2613/2613/2613 2612/2612/2612
f 2612/2612/2612 2613/2613/2613 2615/2615/2615
f 2618/2618/2618 2617/2617/2617 2616/2616/2616
f 2616/2616/2616 2617/2617/2617 2619/2619/2619
f 2622/2622/2622 2621/2621/2621 2620/2620/2620
f 2620/2620/2620 2621/2621/2621 2623/2623/2623
f 2626/2626/2626 2625/2625/2625 2624/2624/2624
f 2624/2624/2624 2625/2625/2625 2627/2627/2627
f 2630/2630/2630 2629/2629/2629 2628/2628/2628
f 2628/2628/2628 2629/2629/2629 2631/2631/2631
f 2632/2632/2632 2631/2631/2631 2629/2629/2629
f 2631/2631/2631 2632/2632/2632 2633/2633/2633
f 2634/2634/2634 2633/2633/2633 2632/2632/2632
f 2635/2635/2635 2633/2633/2633 2634/2634/2634
f 2638/2638/2638 2637/2637/2637 2636/2636/2636
f 2636/2636/2636 2637/2637/2637 2639/2639/2639
f 2642/2642/2642 2641/2641/2641 2640/2640/2640
f 2640/2640/2640 2641/2641/2641 2643/2643/2643
f 2646/2646/2646 2645/2645/2645 2644/2644/2644
f 2644/2644/2644 2645/2645/2645 2647/2647/2647
f 2650/2650/2650 2649/2649/2649 2648/2648/2648
f 2648/2648/2648 2649/2649/2649 2651/2651/2651
f 2652/2652/2652 2651/2651/2651 2649/2649/2649
f 2653/2653/2653 2651/2651/2651 2652/2652/2652
f 2653/2653/2653 2652/2652/2652 2654/2654/2654
f 2654/2654/2654 2652/2652/2652 2655/2655/2655
f 2658/2658/2658 2657/2657/2657 2656/2656/2656
f 2656/2656/2656 2657/2657/2657 2659/2659/2659
f 2662/2662/2662 2661/2661/2661 2660/2660/2660
f 2660/2660/2660 2661/2661/2661 2663/2663/2663
f 2666/2666/2666 2665/2665/2665 2664/2664/2664
f 2664/2664/2664 2665/2665/2665 2667/2667/2667
f 2670/2670/2670 2669/2669/2669 2668/2668/2668
f 2668/2668/2668 2669/2669/2669 2671/2671/2671
f 2674/2674/2674 2673/2673/2673 2672/2672/2672
f 2672/2672/2672 2673/2673/2673 2675/2675/2675
f 2676/2676/2676 2675/2675/2675 2673/2673/2673
f 2675/2675/2675 2676/2676/2676 2677/2677/2677
f 2676/2676/2676 2678/2678/2678 2677/2677/2677
f 2679/2679/2679 2677/2677/2677 2678/2678/2678
f 2677/2677/2677 2679/2679/2679 2680/2680/2680
f 2680/2680/2680 2679/2679/2679 2681/2681/2681
f 2684/2684/2684 2683/2683/2683 2682/2682/2682
f 2682/2682/2682 2683/2683/2683 2685/2685/2685
f 2688/2688/2688 2687/2687/2687 2686/2686/2686
f 2686/2686/2686 2687/2687/2687 2689/2689/2689
f 2692/2692/2692 2691/2691/2691 2690/2690/2690
f 2690/2690/2690 2691/2691/2691 2693/2693/2693
f 2696/2696/2696 2695/2695/2695 2694/2694/2694
f 2694/2694/2694 2695/2695/2695 2697/2697/2697
f 2700/2700/2700 2699/2699/2699 2698/2698/2698
f 2698/2698/2698 2699/2699/2699 2701/2701/2701
f 2704/2704/2704 2703/2703/2703 2702/2702/2702
f 2702/2702/2702 2703/2703/2703 2705/2705/2705
f 2708/2708/2708 2707/2707/2707 2706/2706/2706
f 2706/2706/2706 2707/2707/2707 2709/2709/2709
f 2712/2712/2712 2711/2711/2711 2710/2710/2710
f 2710/2710/2710 2711/2711/2711 2713/2713/2713
f 2716/2716/2716 2715/2715/2715 2714/2714/2714
f 2714/2714/2714 2715/2715/2715 2717/2717/2717
f 2720/2720/2720 2719/2719/2719 2718/2718/2718
f 2718/2718/2718 2719/2719/2719 2721/2721/2721
f 2724/2724/2724 2723/2723/2723 2722/2722/2722
f 2722/2722/2722 2723/2723/2723 2725/2725/2725
f 2728/2728/2728 2727/2727/2727 2726/2726/2726
f 2726/2726/2726 2727/2727/2727 2729/2729/2729
f 2732/2732/2732 2731/2731/2731 2730/2730/2730
f 2730/2730/2730 2731/2731/2731 2733/2733/2733
f 2736/2736/2736 2735/2735/2735 2734/2734/2734
f 2734/2734/2734 2735/2735/2735 2737/2737/2737
f 2740/2740/2740 2739/2739/2739 2738/2738/2738
f 2738/2738/2738 2739/2739/2739 2741/2741/2741
f 2744/2744/2744 2743/2743/2743 2742/2742/2742
f 2742/2742/2742 2743/2743/2743 2745/2745/2745
f 2748/2748/2748 2747/2747/2747 2746/2746/2746
f 2749/2749/2749 2746/2746/2746 2747/2747/2747
f 2752/2752/2752 2751/2751/2751 2750/2750/2750
f 2750/2750/2750 2751/2751/2751 2753/2753/2753
f 2756/2756/2756 2755/2755/2755 2754/2754/2754
f 2754/2754/2754 2755/2755/2755 2757/2757/2757
f 2760/2760/2760 2759/2759/2759 2758/2758/2758
f 2758/2758/2758 2759/2759/2759 2761/2761/2761
f 2764/2764/2764 2763/2763/2763 2762/2762/2762
f 2762/2762/2762 2763/2763/2763 2765/2765/2765
f 2768/2768/2768 2767/2767/2767 2766/2766/2766
f 2766/2766/2766 2767/2767/2767 2769/2769/2769
f 2770/2770/2770 2769/2769/2769 2767/2767/2767
f 2771/2771/2771 2769/2769/2769 2770/2770/2770
f 2774/2774/2774 2773/2773/2773 2772/2772/2772
f 2772/2772/2772 2773/2773/2773 2775/2775/2775
f 2778/2778/2778 2777/2777/2777 2776/2776/2776
f 2776/2776/2776 2777/2777/2777 2779/2779/2779
f 2782/2782/2782 2781/2781/2781 2780/2780/2780
f 2780/2780/2780 2781/2781/2781 2783/2783/2783
f 2786/2786/2786 2785/2785/2785 2784/2784/2784
f 2784/2784/2784 2785/2785/2785 2787/2787/2787
f 2790/2790/2790 2789/2789/2789 2788/2788/2788
f 2788/2788/2788 2789/2789/2789 2791/2791/2791
f 2794/2794/2794 2793/2793/2793 2792/2792/2792
f 2792/2792/2792 2793/2793/2793 2795/2795/2795
f 2798/2798/2798 2797/2797/2797 2796/2796/2796
f 2796/2796/2796 2797/2797/2797 2799/2799/2799
f 2802/2802/2802 2801/2801/2801 2800/2800/2800
f 2800/2800/2800 2801/2801/2801 2803/2803/2803
f 2806/2806/2806 2805/2805/2805 2804/2804/2804
f 2804/2804/2804 2805/2805/2805 2807/2807/2807
f 2810/2810/2810 2809/2809/2809 2808/2808/2808
f 2808/2808/2808 2809/2809/2809 2811/2811/2811
f 2814/2814/2814 2813/2813/2813 2812/2812/2812
f 2812/2812/2812 2813/2813/2813 2815/2815/2815
f 2818/2818/2818 2817/2817/2817 2816/2816/2816
f 2816/2816/2816 2817/2817/2817 2819/2819/2819
f 2822/2822/2822 2821/2821/2821 2820/2820/2820
f 2820/2820/2820 2821/2821/2821 2823/2823/2823
f 2826/2826/2826 2825/2825/2825 2824/2824/2824
f 2824/2824/2824 2825/2825/2825 2827/2827/2827
f 2830/2830/2830 2829/2829/2829 2828/2828/2828
f 2828/2828/2828 2829/2829/2829 2831/2831/2831
f 2834/2834/2834 2833/2833/2833 2832/2832/2832
f 2832/2832/2832 2833/2833/2833 2835/2835/2835
f 2838/2838/2838 2837/2837/2837 2836/2836/2836
f 2836/2836/2836 2837/2837/2837 2839/2839/2839
f 2842/2842/2842 2841/2841/2841 2840/2840/2840
f 2840/2840/2840 2841/2841/2841 2843/2843/2843
f 2846/2846/2846 2845/2845/2845 2844/2844/2844
f 2844/2844/2844 2845/2845/2845 2847/2847/2847
f 2850/2850/2850 2849/2849/2849 2848/2848/2848
f 2848/2848/2848 2849/2849/2849 2851/2851/2851
f 2852/2852/2852 2851/2851/2851 2849/2849/2849
f 2851/2851/2851 2852/2852/2852 2853/2853/2853
f 2852/2852/2852 2854/2854/2854 2853/2853/2853
f 2848/2848/2848 2856/2856/2856 2855/2855/2855
f 2856/2856/2856 2848/2848/2848 2857/2857/2857
f 2848/2848/2848 2858/2858/2858 2857/2857/2857
f 2857/2857/2857 2858/2858/2858 2859/2859/2859
f 2862/2862/2862 2861/2861/2861 2860/2860/2860
f 2860/2860/2860 2861/2861/2861 2863/2863/2863
f 2865/2865/2865 2864/2864/2864 2861/2861/2861
f 2866/2866/2866 2864/2864/2864 2865/2865/2865
f 2869/2869/2869 2868/2868/2868 2867/2867/2867
f 2867/2867/2867 2868/2868/2868 2870/2870/2870
f 2873/2873/2873 2872/2872/2872 2871/2871/2871
f 2874/2874/2874 2872/2872/2872 2873/2873/2873
f 2877/2877/2877 2876/2876/2876 2875/2875/2875
f 2878/2878/2878 2877/2877/2877 2875/2875/2875
f 2880/2880/2880 2879/2879/2879 2877/2877/2877
f 2882/2882/2882 2879/2879/2879 2881/2881/2881
f 2879/2879/2879 2883/2883/2883 2881/2881/2881
f 2885/2885/2885 2884/2884/2884 2875/2875/2875
f 2886/2886/2886 2875/2875/2875 2884/2884/2884
f 2886/2886/2886 2887/2887/2887 2875/2875/2875
f 2888/2888/2888 2875/2875/2875 2887/2887/2887
f 2891/2891/2891 2890/2890/2890 2889/2889/2889
f 2889/2889/2889 2890/2890/2890 2892/2892/2892
f 2895/2895/2895 2894/2894/2894 2893/2893/2893
f 2893/2893/2893 2894/2894/2894 2896/2896/2896
f 2899/2899/2899 2898/2898/2898 2897/2897/2897
f 2897/2897/2897 2898/2898/2898 2900/2900/2900
f 2903/2903/2903 2902/2902/2902 2901/2901/2901
f 2901/2901/2901 2902/2902/2902 2904/2904/2904
f 2907/2907/2907 2906/2906/2906 2905/2905/2905
f 2905/2905/2905 2906/2906/2906 2908/2908/2908
f 2911/2911/2911 2910/2910/2910 2909/2909/2909
f 2909/2909/2909 2910/2910/2910 2912/2912/2912
f 2909/2909/2909 2914/2914/2914 2913/2913/2913
f 2915/2915/2915 2913/2913/2913 2914/2914/2914
f 2915/2915/2915 2916/2916/2916 2913/2913/2913
f 2917/2917/2917 2913/2913/2913 2916/2916/2916
f 2917/2917/2917 2916/2916/2916 2918/2918/2918
f 2917/2917/2917 2918/2918/2918 2919/2919/2919
f 2919/2919/2919 2918/2918/2918 2920/2920/2920
f 2923/2923/2923 2922/2922/2922 2921/2921/2921
f 2921/2921/2921 2922/2922/2922 2924/2924/2924
f 2927/2927/2927 2926/2926/2926 2925/2925/2925
f 2925/2925/2925 2926/2926/2926 2928/2928/2928
f 2931/2931/2931 2930/2930/2930 2929/2929/2929
f 2929/2929/2929 2930/2930/2930 2932/2932/2932
f 2935/2935/2935 2934/2934/2934 2933/2933/2933
f 2933/2933/2933 2934/2934/2934 2936/2936/2936
f 2939/2939/2939 2938/2938/2938 2937/2937/2937
f 2937/2937/2937 2938/2938/2938 2940/2940/2940
f 2943/2943/2943 2942/2942/2942 2941/2941/2941
f 2941/2941/2941 2942/2942/2942 2944/2944/2944
f 2947/2947/2947 2946/2946/2946 2945/2945/2945
f 2945/2945/2945 2946/2946/2946 2948/2948/2948
f 2951/2951/2951 2950/2950/2950 2949/2949/2949
f 2949/2949/2949 2950/2950/2950 2952/2952/2952
f 2955/2955/2955 2954/2954/2954 2953/2953/2953
f 2953/2953/2953 2954/2954/2954 2956/2956/2956
f 2959/2959/2959 2958/2958/2958 2957/2957/2957
f 2957/2957/2957 2958/2958/2958 2960/2960/2960
f 2963/2963/2963 2962/2962/2962 2961/2961/2961
f 2961/2961/2961 2962/2962/2962 2964/2964/2964
f 2967/2967/2967 2966/2966/2966 2965/2965/2965
f 2965/2965/2965 2966/2966/2966 2968/2968/2968
f 2971/2971/2971 2970/2970/2970 2969/2969/2969
f 2969/2969/2969 2970/2970/2970 2972/2972/2972
f 2975/2975/2975 2974/2974/2974 2973/2973/2973
f 2973/2973/2973 2974/2974/2974 2976/2976/2976
f 2979/2979/2979 2978/2978/2978 2977/2977/2977
f 2977/2977/2977 2978/2978/2978 2980/2980/2980
f 2981/2981/2981 2980/2980/2980 2978/2978/2978
f 2984/2984/2984 2983/2983/2983 2982/2982/2982
f 2982/2982/2982 2983/2983/2983 2985/2985/2985
f 2988/2988/2988 2987/2987/2987 2986/2986/2986
f 2986/2986/2986 2987/2987/2987 2989/2989/2989
f 2992/2992/2992 2991/2991/2991 2990/2990/2990
f 2990/2990/2990 2991/2991/2991 2993/2993/2993
f 2996/2996/2996 2995/2995/2995 2994/2994/2994
f 2997/2997/2997 2994/2994/2994 2995/2995/2995
f 2998/2998/2998 2994/2994/2994 2997/2997/2997
f 3001/3001/3001 3000/3000/3000 2999/2999/2999
f 2999/2999/2999 3000/3000/3000 3002/3002/3002
f 3005/3005/3005 3004/3004/3004 3003/3003/3003
f 3003/3003/3003 3004/3004/3004 3006/3006/3006
f 3009/3009/3009 3008/3008/3008 3007/3007/3007
f 3007/3007/3007 3008/3008/3008 3010/3010/3010
f 3013/3013/3013 3012/3012/3012 3011/3011/3011
f 3011/3011/3011 3012/3012/3012 3014/3014/3014
f 3017/3017/3017 3016/3016/3016 3015/3015/3015
f 3015/3015/3015 3016/3016/3016 3018/3018/3018
f 3021/3021/3021 3020/3020/3020 3019/3019/3019
f 3020/3020/3020 3021/3021/3021 3022/3022/3022
f 3025/3025/3025 3024/3024/3024 3023/3023/3023
f 3023/3023/3023 3024/3024/3024 3026/3026/3026
f 3029/3029/3029 3028/3028/3028 3027/3027/3027
f 3027/3027/3027 3028/3028/3028 3030/3030/3030
f 3033/3033/3033 3032/3032/3032 3031/3031/3031
f 3031/3031/3031 3032/3032/3032 3034/3034/3034
f 3037/3037/3037 3036/3036/3036 3035/3035/3035
f 3035/3035/3035 3036/3036/3036 3038/3038/3038
f 3041/3041/3041 3040/3040/3040 3039/3039/3039
f 3039/3039/3039 3040/3040/3040 3042/3042/3042
f 3045/3045/3045 3044/3044/3044 3043/3043/3043
f 3043/3043/3043 3044/3044/3044 3046/3046/3046
f 3049/3049/3049 3048/3048/3048 3047/3047/3047
f 3047/3047/3047 3048/3048/3048 3050/3050/3050
f 3053/3053/3053 3052/3052/3052 3051/3051/3051
f 3051/3051/3051 3052/3052/3052 3054/3054/3054
f 3057/3057/3057 3056/3056/3056 3055/3055/3055
f 3055/3055/3055 3056/3056/3056 3058/3058/3058
f 3061/3061/3061 3060/3060/3060 3059/3059/3059
f 3059/3059/3059 3060/3060/3060 3062/3062/3062
f 3065/3065/3065 3064/3064/3064 3063/3063/3063
f 3063/3063/3063 3064/3064/3064 3066/3066/3066
f 3069/3069/3069 3068/3068/3068 3067/3067/3067
f 3067/3067/3067 3068/3068/3068 3070/3070/3070
f 3073/3073/3073 3072/3072/3072 3071/3071/3071
f 3071/3071/3071 3072/3072/3072 3074/3074/3074
f 3077/3077/3077 3076/3076/3076 3075/3075/3075
f 3075/3075/3075 3076/3076/3076 3078/3078/3078
f 3081/3081/3081 3080/3080/3080 3079/3079/3079
f 3079/3079/3079 3080/3080/3080 3082/3082/3082
f 3085/3085/3085 3084/3084/3084 3083/3083/3083
f 3083/3083/3083 3084/3084/3084 3086/3086/3086
f 3089/3089/3089 3088/3088/3088 3087/3087/3087
f 3088/3088/3088 3089/3089/3089 3090/3090/3090
f 3093/3093/3093 3092/3092/3092 3091/3091/3091
f 3091/3091/3091 3092/3092/3092 3094/3094/3094
f 3097/3097/3097 3096/3096/3096 3095/3095/3095
f 3098/3098/3098 3095/3095/3095 3096/3096/3096
f 3099/3099/3099 3095/3095/3095 3098/3098/3098
f 3101/3101/3101 3096/3096/3096 3100/3100/3100
f 3101/3101/3101 3100/3100/3100 3102/3102/3102
f 3105/3105/3105 3104/3104/3104 3103/3103/3103
f 3104/3104/3104 3105/3105/3105 3106/3106/3106
f 3107/3107/3107 3106/3106/3106 3105/3105/3105
f 3108/3108/3108 3106/3106/3106 3107/3107/3107
f 3111/3111/3111 3110/3110/3110 3109/3109/3109
f 3109/3109/3109 3110/3110/3110 3112/3112/3112
f 3115/3115/3115 3114/3114/3114 3113/3113/3113
f 3113/3113/3113 3114/3114/3114 3116/3116/3116
f 3119/3119/3119 3118/3118/3118 3117/3117/3117
f 3117/3117/3117 3118/3118/3118 3120/3120/3120
f 3123/3123/3123 3122/3122/3122 3121/3121/3121
f 3121/3121/3121 3122/3122/3122 3124/3124/3124
f 3127/3127/3127 3126/3126/3126 3125/3125/3125
f 3125/3125/3125 3126/3126/3126 3128/3128/3128
f 3131/3131/3131 3130/3130/3130 3129/3129/3129
f 3132/3132/3132 3131/3131/3131 3129/3129/3129
f 3135/3135/3135 3134/3134/3134 3133/3133/3133
f 3133/3133/3133 3134/3134/3134 3136/3136/3136
f 3139/3139/3139 3138/3138/3138 3137/3137/3137
f 3137/3137/3137 3138/3138/3138 3140/3140/3140
f 3143/3143/3143 3142/3142/3142 3141/3141/3141
f 3141/3141/3141 3142/3142/3142 3144/3144/3144
f 3147/3147/3147 3146/3146/3146 3145/3145/3145
f 3145/3145/3145 3146/3146/3146 3148/3148/3148
f 3151/3151/3151 3150/3150/3150 3149/3149/3149
f 3149/3149/3149 3150/3150/3150 3152/3152/3152
f 3155/3155/3155 3154/3154/3154 3153/3153/3153
f 3154/3154/3154 3155/3155/3155 3156/3156/3156
f 3159/3159/3159 3158/3158/3158 3157/3157/3157
f 3157/3157/3157 3158/3158/3158 3160/3160/3160
f 3163/3163/3163 3162/3162/3162 3161/3161/3161
f 3161/3161/3161 3162/3162/3162 3164/3164/3164
f 3167/3167/3167 3166/3166/3166 3165/3165/3165
f 3165/3165/3165 3166/3166/3166 3168/3168/3168
f 3171/3171/3171 3170/3170/3170 3169/3169/3169
f 3169/3169/3169 3170/3170/3170 3172/3172/3172
f 3175/3175/3175 3174/3174/3174 3173/3173/3173
f 3173/3173/3173 3174/3174/3174 3176/3176/3176
f 3179/3179/3179 3178/3178/3178 3177/3177/3177
f 3180/3180/3180 3178/3178/3178 3179/3179/3179
f 3183/3183/3183 3182/3182/3182 3181/3181/3181
f 3184/3184/3184 3183/3183/3183 3181/3181/3181
f 3187/3187/3187 3186/3186/3186 3185/3185/3185
f 3188/3188/3188 3187/3187/3187 3185/3185/3185
f 3191/3191/3191 3190/3190/3190 3189/3189/3189
f 3189/3189/3189 3190/3190/3190 3192/3192/3192
f 3195/3195/3195 3194/3194/3194 3193/3193/3193
f 3193/3193/3193 3194/3194/3194 3196/3196/3196
f 3199/3199/3199 3198/3198/3198 3197/3197/3197
f 3197/3197/3197 3198/3198/3198 3200/3200/3200
f 3203/3203/3203 3202/3202/3202 3201/3201/3201
f 3201/3201/3201 3202/3202/3202 3204/3204/3204
f 3207/3207/3207 3206/3206/3206 3205/3205/3205
f 3205/3205/3205 3206/3206/3206 3208/3208/3208
f 3211/3211/3211 3210/3210/3210 3209/3209/3209
f 3210/3210/3210 3211/3211/3211 3212/3212/3212
f 3215/3215/3215 3214/3214/3214 3213/3213/3213
f 3213/3213/3213 3214/3214/3214 3216/3216/3216
f 3219/3219/3219 3218/3218/3218 3217/3217/3217
f 3218/3218/3218 3219/3219/3219 3220/3220/3220
f 3223/3223/3223 3222/3222/3222 3221/3221/3221
f 3221/3221/3221 3222/3222/3222 3224/3224/3224
f 3227/3227/3227 3226/3226/3226 3225/3225/3225
f 3225/3225/3225 3226/3226/3226 3228/3228/3228
f 3231/3231/3231 3230/3230/3230 3229/3229/3229
f 3229/3229/3229 3230/3230/3230 3232/3232/3232
f 3235/3235/3235 3234/3234/3234 3233/3233/3233
f 3233/3233/3233 3234/3234/3234 3236/3236/3236
f 3239/3239/3239 3238/3238/3238 3237/3237/3237
f 3237/3237/3237 3238/3238/3238 3240/3240/3240
f 3243/3243/3243 3242/3242/3242 3241/3241/3241
f 3241/3241/3241 3242/3242/3242 3244/3244/3244
f 3247/3247/3247 3246/3246/3246 3245/3245/3245
f 3248/3248/3248 3245/3245/3245 3246/3246/3246
f 3251/3251/3251 3250/3250/3250 3249/3249/3249
f 3249/3249/3249 3250/3250/3250 3252/3252/3252
f 3255/3255/3255 3254/3254/3254 3253/3253/3253
f 3253/3253/3253 3254/3254/3254 3256/3256/3256
f 3259/3259/3259 3258/3258/3258 3257/3257/3257
f 3257/3257/3257 3258/3258/3258 3260/3260/3260
f 3263/3263/3263 3262/3262/3262 3261/3261/3261
f 3261/3261/3261 3262/3262/3262 3264/3264/3264
f 3267/3267/3267 3266/3266/3266 3265/3265/3265
f 3265/3265/3265 3266/3266/3266 3268/3268/3268
f 3271/3271/3271 3270/3270/3270 3269/3269/3269
f 3272/3272/3272 3269/3269/3269 3270/3270/3270
f 3275/3275/3275 3274/3274/3274 3273/3273/3273
f 3273/3273/3273 3274/3274/3274 3276/3276/3276
f 3279/3279/3279 3278/3278/3278 3277/3277/3277
f 3277/3277/3277 3278/3278/3278 3280/3280/3280
f 3283/3283/3283 3282/3282/3282 3281/3281/3281
f 3281/3281/3281 3282/3282/3282 3284/3284/3284
f 3287/3287/3287 3286/3286/3286 3285/3285/3285
f 3288/3288/3288 3285/3285/3285 3286/3286/3286
f 3291/3291/3291 3290/3290/3290 3289/3289/3289
f 3292/3292/3292 3291/3291/3291 3289/3289/3289
f 3295/3295/3295 3294/3294/3294 3293/3293/3293
f 3294/3294/3294 3295/3295/3295 3296/3296/3296
f 3299/3299/3299 3298/3298/3298 3297/3297/3297
f 3297/3297/3297 3298/3298/3298 3300/3300/3300
f 3303/3303/3303 3302/3302/3302 3301/3301/3301
f 3301/3301/3301 3302/3302/3302 3304/3304/3304
f 3307/3307/3307 3306/3306/3306 3305/3305/3305
f 3305/3305/3305 3306/3306/3306 3308/3308/3308
f 3311/3311/3311 3310/3310/3310 3309/3309/3309
f 3309/3309/3309 3310/3310/3310 3312/3312/3312
f 3315/3315/3315 3314/3314/3314 3313/3313/3313
f 3316/3316/3316 3315/3315/3315 3313/3313/3313
f 3319/3319/3319 3318/3318/3318 3317/3317/3317
f 3318/3318/3318 3319/3319/3319 3320/3320/3320
f 3323/3323/3323 3322/3322/3322 3321/3321/3321
f 3321/3321/3321 3322/3322/3322 3324/3324/3324
f 3327/3327/3327 3326/3326/3326 3325/3325/3325
f 3325/3325/3325 3326/3326/3326 3328/3328/3328
f 3331/3331/3331 3330/3330/3330 3329/3329/3329
f 3329/3329/3329 3330/3330/3330 3332/3332/3332
f 3335/3335/3335 3334/3334/3334 3333/3333/3333
f 3333/3333/3333 3334/3334/3334 3336/3336/3336
f 3339/3339/3339 3338/3338/3338 3337/3337/3337
f 3337/3337/3337 3338/3338/3338 3340/3340/3340
f 3343/3343/3343 3342/3342/3342 3341/3341/3341
f 3342/3342/3342 3343/3343/3343 3344/3344/3344
f 3347/3347/3347 3346/3346/3346 3345/3345/3345
f 3345/3345/3345 3346/3346/3346 3348/3348/3348
f 3351/3351/3351 3350/3350/3350 3349/3349/3349
f 3349/3349/3349 3350/3350/3350 3352/3352/3352
f 3355/3355/3355 3354/3354/3354 3353/3353/3353
f 3353/3353/3353 3354/3354/3354 3356/3356/3356
f 3359/3359/3359 3358/3358/3358 3357/3357/3357
f 3358/3358/3358 3359/3359/3359 3360/3360/3360
f 3363/3363/3363 3362/3362/3362 3361/3361/3361
f 3361/3361/3361 3362/3362/3362 3364/3364/3364
f 3367/3367/3367 3366/3366/3366 3365/3365/3365
f 3366/3366/3366 3367/3367/3367 3368/3368/3368
f 3371/3371/3371 3370/3370/3370 3369/3369/3369
f 3369/3369/3369 3370/3370/3370 3372/3372/3372
f 3375/3375/3375 3374/3374/3374 3373/3373/3373
f 3373/3373/3373 3374/3374/3374 3376/3376/3376
f 3379/3379/3379 3378/3378/3378 3377/3377/3377
f 3378/3378/3378 3379/3379/3379 3380/3380/3380
f 3383/3383/3383 3382/3382/3382 3381/3381/3381
f 3381/3381/3381 3382/3382/3382 3384/3384/3384
f 3387/3387/3387 3386/3386/3386 3385/3385/3385
f 3385/3385/3385 3386/3386/3386 3388/3388/3388
f 3391/3391/3391 3390/3390/3390 3389/3389/3389
f 3389/3389/3389 3390/3390/3390 3392/3392/3392
f 3395/3395/3395 3394/3394/3394 3393/3393/3393
f 3393/3393/3393 3394/3394/3394 3396/3396/3396
f 3399/3399/3399 3398/3398/3398 3397/3397/3397
f 3397/3397/3397 3398/3398/3398 3400/3400/3400
f 3403/3403/3403 3402/3402/3402 3401/3401/3401
f 3401/3401/3401 3402/3402/3402 3404/3404/3404
f 3407/3407/3407 3406/3406/3406 3405/3405/3405
f 3405/3405/3405 3406/3406/3406 3408/3408/3408
f 3411/3411/3411 3410/3410/3410 3409/3409/3409
f 3409/3409/3409 3410/3410/3410 3412/3412/3412
f 3415/3415/3415 3414/3414/3414 3413/3413/3413
f 3413/3413/3413 3414/3414/3414 3416/3416/3416
f 3419/3419/3419 3418/3418/3418 3417/3417/3417
f 3420/3420/3420 3419/3419/3419 3417/3417/3417
f 3423/3423/3423 3422/3422/3422 3421/3421/3421
f 3421/3421/3421 3422/3422/3422 3424/3424/3424
f 3427/3427/3427 3426/3426/3426 3425/3425/3425
f 3425/3425/3425 3426/3426/3426 3428/3428/3428
f 3431/3431/3431 3430/3430/3430 3429/3429/3429
f 3429/3429/3429 3430/3430/3430 3432/3432/3432
f 3435/3435/3435 3434/3434/3434 3433/3433/3433
f 3436/3436/3436 3435/3435/3435 3433/3433/3433
f 3439/3439/3439 3438/3438/3438 3437/3437/3437
f 3437/3437/3437 3438/3438/3438 3440/3440/3440
f 3443/3443/3443 3442/3442/3442 3441/3441/3441
f 3442/3442/3442 3443/3443/3443 3444/3444/3444
f 3447/3447/3447 3446/3446/3446 3445/3445/3445
f 3445/3445/3445 3446/3446/3446 3448/3448/3448
f 3451/3451/3451 3450/3450/3450 3449/3449/3449
f 3450/3450/3450 3451/3451/3451 3452/3452/3452
f 3455/3455/3455 3454/3454/3454 3453/3453/3453
f 3453/3453/3453 3454/3454/3454 3456/3456/3456
f 3459/3459/3459 3458/3458/3458 3457/3457/3457
f 3457/3457/3457 3458/3458/3458 3460/3460/3460
f 3463/3463/3463 3462/3462/3462 3461/3461/3461
f 3461/3461/3461 3462/3462/3462 3464/3464/3464
f 3467/3467/3467 3466/3466/3466 3465/3465/3465
f 3466/3466/3466 3467/3467/3467 3468/3468/3468
f 3471/3471/3471 3470/3470/3470 3469/3469/3469
f 3470/3470/3470 3471/3471/3471 3472/3472/3472
f 3475/3475/3475 3474/3474/3474 3473/3473/3473
f 3473/3473/3473 3474/3474/3474 3476/3476/3476
f 3479/3479/3479 3478/3478/3478 3477/3477/3477
f 3480/3480/3480 3479/3479/3479 3477/3477/3477
f 3483/3483/3483 3482/3482/3482 3481/3481/3481
f 3481/3481/3481 3482/3482/3482 3484/3484/3484
f 3487/3487/3487 3486/3486/3486 3485/3485/3485
f 3485/3485/3485 3486/3486/3486 3488/3488/3488
f 3491/3491/3491 3490/3490/3490 3489/3489/3489
f 3489/3489/3489 3490/3490/3490 3492/3492/3492
f 3495/3495/3495 3494/3494/3494 3493/3493/3493
f 3494/3494/3494 3495/3495/3495 3496/3496/3496
f 3499/3499/3499 3498/3498/3498 3497/3497/3497
f 3497/3497/3497 3498/3498/3498 3500/3500/3500
f 3503/3503/3503 3502/3502/3502 3501/3501/3501
f 3504/3504/3504 3503/3503/3503 3501/3501/3501
f 3507/3507/3507 3506/3506/3506 3505/3505/3505
f 3505/3505/3505 3506/3506/3506 3508/3508/3508
f 3511/3511/3511 3510/3510/3510 3509/3509/3509
f 3509/3509/3509 3510/3510/3510 3512/3512/3512
f 3515/3515/3515 3514/3514/3514 3513/3513/3513
f 3514/3514/3514 3515/3515/3515 3516/3516/3516
f 3519/3519/3519 3518/3518/3518 3517/3517/3517
f 3517/3517/3517 3518/3518/3518 3520/3520/3520
f 3523/3523/3523 3522/3522/3522 3521/3521/3521
f 3521/3521/3521 3522/3522/3522 3524/3524/3524
f 3527/3527/3527 3526/3526/3526 3525/3525/3525
f 3526/3526/3526 3527/3527/3527 3528/3528/3528
f 3531/3531/3531 3530/3530/3530 3529/3529/3529
f 3529/3529/3529 3530/3530/3530 3532/3532/3532
f 3535/3535/3535 3534/3534/3534 3533/3533/3533
f 3533/3533/3533 3534/3534/3534 3536/3536/3536
f 3539/3539/3539 3538/3538/3538 3537/3537/3537
f 3537/3537/3537 3538/3538/3538 3540/3540/3540
f 3543/3543/3543 3542/3542/3542 3541/3541/3541
f 3541/3541/3541 3542/3542/3542 3544/3544/3544
f 3547/3547/3547 3546/3546/3546 3545/3545/3545
f 3545/3545/3545 3546/3546/3546 3548/3548/3548
f 3551/3551/3551 3550/3550/3550 3549/3549/3549
f 3549/3549/3549 3550/3550/3550 3552/3552/3552
f 3555/3555/3555 3554/3554/3554 3553/3553/3553
f 3553/3553/3553 3554/3554/3554 3556/3556/3556
f 3559/3559/3559 3558/3558/3558 3557/3557/3557
f 3557/3557/3557 3558/3558/3558 3560/3560/3560
f 3563/3563/3563 3562/3562/3562 3561/3561/3561
f 3564/3564/3564 3563/3563/3563 3561/3561/3561
f 3567/3567/3567 3566/3566/3566 3565/3565/3565
f 3565/3565/3565 3566/3566/3566 3568/3568/3568
f 3571/3571/3571 3570/3570/3570 3569/3569/3569
f 3569/3569/3569 3570/3570/3570 3572/3572/3572
f 3575/3575/3575 3574/3574/3574 3573/3573/3573
f 3576/3576/3576 3574/3574/3574 3575/3575/3575
f 3579/3579/3579 3578/3578/3578 3577/3577/3577
f 3577/3577/3577 3578/3578/3578 3580/3580/3580
f 3583/3583/3583 3582/3582/3582 3581/3581/3581
f 3581/3581/3581 3582/3582/3582 3584/3584/3584
f 3587/3587/3587 3586/3586/3586 3585/3585/3585
f 3585/3585/3585 3586/3586/3586 3588/3588/3588
f 3591/3591/3591 3590/3590/3590 3589/3589/3589
f 3589/3589/3589 3590/3590/3590 3592/3592/3592
f 3595/3595/3595 3594/3594/3594 3593/3593/3593
f 3593/3593/3593 3594/3594/3594 3596/3596/3596
f 3599/3599/3599 3598/3598/3598 3597/3597/3597
f 3597/3597/3597 3598/3598/3598 3600/3600/3600
f 3603/3603/3603 3602/3602/3602 3601/3601/3601
f 3601/3601/3601 3602/3602/3602 3604/3604/3604
f 3607/3607/3607 3606/3606/3606 3605/3605/3605
f 3608/3608/3608 3607/3607/3607 3605/3605/3605
f 3611/3611/3611 3610/3610/3610 3609/3609/3609
f 3609/3609/3609 3610/3610/3610 3612/3612/3612
f 3615/3615/3615 3614/3614/3614 3613/3613/3613
f 3613/3613/3613 3614/3614/3614 3616/3616/3616
f 3619/3619/3619 3618/3618/3618 3617/3617/3617
f 3617/3617/3617 3618/3618/3618 3620/3620/3620
f 3623/3623/3623 3622/3622/3622 3621/3621/3621
f 3621/3621/3621 3622/3622/3622 3624/3624/3624
f 3627/3627/3627 3626/3626/3626 3625/3625/3625
f 3627/3627/3627 3625/3625/3625 3628/3628/3628
f 3631/3631/3631 3630/3630/3630 3629/3629/3629
f 3629/3629/3629 3630/3630/3630 3632/3632/3632
f 3635/3635/3635 3634/3634/3634 3633/3633/3633
f 3633/3633/3633 3634/3634/3634 3636/3636/3636
f 3639/3639/3639 3638/3638/3638 3637/3637/3637
f 3637/3637/3637 3638/3638/3638 3640/3640/3640
f 3643/3643/3643 3642/3642/3642 3641/3641/3641
f 3641/3641/3641 3642/3642/3642 3644/3644/3644
f 3647/3647/3647 3646/3646/3646 3645/3645/3645
f 3645/3645/3645 3646/3646/3646 3648/3648/3648
f 3651/3651/3651 3650/3650/3650 3649/3649/3649
f 3649/3649/3649 3650/3650/3650 3652/3652/3652
f 3655/3655/3655 3654/3654/3654 3653/3653/3653
f 3653/3653/3653 3654/3654/3654 3656/3656/3656
f 3659/3659/3659 3658/3658/3658 3657/3657/3657
f 3657/3657/3657 3658/3658/3658 3660/3660/3660
f 3663/3663/3663 3662/3662/3662 3661/3661/3661
f 3664/3664/3664 3663/3663/3663 3661/3661/3661
f 3667/3667/3667 3666/3666/3666 3665/3665/3665
f 3665/3665/3665 3666/3666/3666 3668/3668/3668
f 3671/3671/3671 3670/3670/3670 3669/3669/3669
f 3669/3669/3669 3670/3670/3670 3672/3672/3672
f 3675/3675/3675 3674/3674/3674 3673/3673/3673
f 3673/3673/3673 3674/3674/3674 3676/3676/3676
f 3679/3679/3679 3678/3678/3678 3677/3677/3677
f 3678/3678/3678 3679/3679/3679 3680/3680/3680
f 3683/3683/3683 3682/3682/3682 3681/3681/3681
f 3681/3681/3681 3682/3682/3682 3684/3684/3684
f 3687/3687/3687 3686/3686/3686 3685/3685/3685
f 3685/3685/3685 3686/3686/3686 3688/3688/3688
f 3691/3691/3691 3690/3690/3690 3689/3689/3689
f 3689/3689/3689 3690/3690/3690 3692/3692/3692
f 3695/3695/3695 3694/3694/3694 3693/3693/3693
f 3693/3693/3693 3694/3694/3694 3696/3696/3696
f 3699/3699/3699 3698/3698/3698 3697/3697/3697
f 3697/3697/3697 3698/3698/3698 3700/3700/3700
f 3703/3703/3703 3702/3702/3702 3701/3701/3701
f 3701/3701/3701 3702/3702/3702 3704/3704/3704
f 3707/3707/3707 3706/3706/3706 3705/3705/3705
f 3706/3706/3706 3707/3707/3707 3708/3708/3708
f 3711/3711/3711 3710/3710/3710 3709/3709/3709
f 3709/3709/3709 3710/3710/3710 3712/3712/3712
f 3715/3715/3715 3714/3714/3714 3713/3713/3713
f 3716/3716/3716 3714/3714/3714 3715/3715/3715
f 3719/3719/3719 3718/3718/3718 3717/3717/3717
f 3717/3717/3717 3718/3718/3718 3720/3720/3720
f 3723/3723/3723 3722/3722/3722 3721/3721/3721
f 3721/3721/3721 3722/3722/3722 3724/3724/3724
f 3727/3727/3727 3726/3726/3726 3725/3725/3725
f 3725/3725/3725 3726/3726/3726 3728/3728/3728
f 3731/3731/3731 3730/3730/3730 3729/3729/3729
f 3729/3729/3729 3730/3730/3730 3732/3732/3732
f 3735/3735/3735 3734/3734/3734 3733/3733/3733
f 3733/3733/3733 3734/3734/3734 3736/3736/3736
f 3739/3739/3739 3738/3738/3738 3737/3737/3737
f 3740/3740/3740 3739/3739/3739 3737/3737/3737
f 3743/3743/3743 3742/3742/3742 3741/3741/3741
f 3741/3741/3741 3742/3742/3742 3744/3744/3744
f 3747/3747/3747 3746/3746/3746 3745/3745/3745
f 3745/3745/3745 3746/3746/3746 3748/3748/3748
f 3751/3751/3751 3750/3750/3750 3749/3749/3749
f 3749/3749/3749 3750/3750/3750 3752/3752/3752
f 3755/3755/3755 3754/3754/3754 3753/3753/3753
f 3753/3753/3753 3754/3754/3754 3756/3756/3756
f 3759/3759/3759 3758/3758/3758 3757/3757/3757
f 3757/3757/3757 3758/3758/3758 3760/3760/3760
f 3763/3763/3763 3762/3762/3762 3761/3761/3761
f 3761/3761/3761 3762/3762/3762 3764/3764/3764
f 3767/3767/3767 3766/3766/3766 3765/3765/3765
f 3765/3765/3765 3766/3766/3766 3768/3768/3768
f 3771/3771/3771 3770/3770/3770 3769/3769/3769
f 3770/3770/3770 3771/3771/3771 3772/3772/3772
f 3775/3775/3775 3774/3774/3774 3773/3773/3773
f 3773/3773/3773 3774/3774/3774 3776/3776/3776
f 3779/3779/3779 3778/3778/3778 3777/3777/3777
f 3777/3777/3777 3778/3778/3778 3780/3780/3780
f 3783/3783/3783 3782/3782/3782 3781/3781/3781
f 3781/3781/3781 3782/3782/3782 3784/3784/3784
f 3787/3787/3787 3786/3786/3786 3785/3785/3785
f 3788/3788/3788 3786/3786/3786 3787/3787/3787
f 3791/3791/3791 3790/3790/3790 3789/3789/3789
f 3789/3789/3789 3790/3790/3790 3792/3792/3792
f 3795/3795/3795 3794/3794/3794 3793/3793/3793
f 3796/3796/3796 3795/3795/3795 3793/3793/3793
f 3799/3799/3799 3798/3798/3798 3797/3797/3797
f 3797/3797/3797 3798/3798/3798 3800/3800/3800
f 3803/3803/3803 3802/3802/3802 3801/3801/3801
f 3801/3801/3801 3802/3802/3802 3804/3804/3804
f 3807/3807/3807 3806/3806/3806 3805/3805/3805
f 3805/3805/3805 3806/3806/3806 3808/3808/3808
f 3811/3811/3811 3810/3810/3810 3809/3809/3809
f 3809/3809/3809 3810/3810/3810 3812/3812/3812
f 3815/3815/3815 3814/3814/3814 3813/3813/3813
f 3813/3813/3813 3814/3814/3814 3816/3816/3816
f 3819/3819/3819 3818/3818/3818 3817/3817/3817
f 3817/3817/3817 3818/3818/3818 3820/3820/3820
f 3823/3823/3823 3822/3822/3822 3821/3821/3821
f 3821/3821/3821 3822/3822/3822 3824/3824/3824
f 3827/3827/3827 3826/3826/3826 3825/3825/3825
f 3826/3826/3826 3827/3827/3827 3828/3828/3828
f 3831/3831/3831 3830/3830/3830 3829/3829/3829
f 3829/3829/3829 3830/3830/3830 3832/3832/3832
f 3835/3835/3835 3834/3834/3834 3833/3833/3833
f 3833/3833/3833 3834/3834/3834 3836/3836/3836
f 3839/3839/3839 3838/3838/3838 3837/3837/3837
f 3837/3837/3837 3838/3838/3838 3840/3840/3840
f 3843/3843/3843 3842/3842/3842 3841/3841/3841
f 3841/3841/3841 3842/3842/3842 3844/3844/3844
f 3847/3847/3847 3846/3846/3846 3845/3845/3845
f 3845/3845/3845 3846/3846/3846 3848/3848/3848
f 3851/3851/3851 3850/3850/3850 3849/3849/3849
f 3850/3850/3850 3851/3851/3851 3852/3852/3852
f 3855/3855/3855 3854/3854/3854 3853/3853/3853
f 3854/3854/3854 3855/3855/3855 3856/3856/3856
f 3859/3859/3859 3858/3858/3858 3857/3857/3857
f 3857/3857/3857 3858/3858/3858 3860/3860/3860
f 3863/3863/3863 3862/3862/3862 3861/3861/3861
f 3861/3861/3861 3862/3862/3862 3864/3864/3864
f 3867/3867/3867 3866/3866/3866 3865/3865/3865
f 3865/3865/3865 3866/3866/3866 3868/3868/3868
f 3871/3871/3871 3870/3870/3870 3869/3869/3869
f 3869/3869/3869 3870/3870/3870 3872/3872/3872
f 3875/3875/3875 3874/3874/3874 3873/3873/3873
f 3873/3873/3873 3874/3874/3874 3876/3876/3876
f 3879/3879/3879 3878/3878/3878 3877/3877/3877
f 3878/3878/3878 3879/3879/3879 3880/3880/3880
f 3883/3883/3883 3882/3882/3882 3881/3881/3881
f 3881/3881/3881 3882/3882/3882 3884/3884/3884
f 3887/3887/3887 3886/3886/3886 3885/3885/3885
f 3885/3885/3885 3886/3886/3886 3888/3888/3888
f 3891/3891/3891 3890/3890/3890 3889/3889/3889
f 3889/3889/3889 3890/3890/3890 3892/3892/3892
f 3895/3895/3895 3894/3894/3894 3893/3893/3893
f 3893/3893/3893 3894/3894/3894 3896/3896/3896
f 3899/3899/3899 3898/3898/3898 3897/3897/3897
f 3900/3900/3900 3897/3897/3897 3898/3898/3898
f 3903/3903/3903 3902/3902/3902 3901/3901/3901
f 3901/3901/3901 3902/3902/3902 3904/3904/3904
f 3907/3907/3907 3906/3906/3906 3905/3905/3905
f 3905/3905/3905 3906/3906/3906 3908/3908/3908
f 3911/3911/3911 3910/3910/3910 3909/3909/3909
f 3910/3910/3910 3911/3911/3911 3912/3912/3912
f 3915/3915/3915 3914/3914/3914 3913/3913/3913
f 3913/3913/3913 3914/3914/3914 3916/3916/3916
f 3919/3919/3919 3918/3918/3918 3917/3917/3917
f 3917/3917/3917 3918/3918/3918 3920/3920/3920
f 3923/3923/3923 3922/3922/3922 3921/3921/3921
f 3921/3921/3921 3922/3922/3922 3924/3924/3924
f 3927/3927/3927 3926/3926/3926 3925/3925/3925
f 3925/3925/3925 3926/3926/3926 3928/3928/3928
f 3931/3931/3931 3930/3930/3930 3929/3929/3929
f 3929/3929/3929 3930/3930/3930 3932/3932/3932
f 3935/3935/3935 3934/3934/3934 3933/3933/3933
f 3936/3936/3936 3933/3933/3933 3934/3934/3934
f 3939/3939/3939 3938/3938/3938 3937/3937/3937
f 3937/3937/3937 3938/3938/3938 3940/3940/3940
f 3943/3943/3943 3942/3942/3942 3941/3941/3941
f 3941/3941/3941 3942/3942/3942 3944/3944/3944
f 3947/3947/3947 3946/3946/3946 3945/3945/3945
f 3945/3945/3945 3946/3946/3946 3948/3948/3948
f 3951/3951/3951 3950/3950/3950 3949/3949/3949
f 3949/3949/3949 3950/3950/3950 3952/3952/3952
f 3955/3955/3955 3954/3954/3954 3953/3953/3953
f 3953/3953/3953 3954/3954/3954 3956/3956/3956
f 3959/3959/3959 3958/3958/3958 3957/3957/3957
f 3957/3957/3957 3958/3958/3958 3960/3960/3960
f 3963/3963/3963 3962/3962/3962 3961/3961/3961
f 3961/3961/3961 3962/3962/3962 3964/3964/3964
f 3967/3967/3967 3966/3966/3966 3965/3965/3965
f 3968/3968/3968 3965/3965/3965 3966/3966/3966
f 3971/3971/3971 3970/3970/3970 3969/3969/3969
f 3969/3969/3969 3970/3970/3970 3972/3972/3972
f 3975/3975/3975 3974/3974/3974 3973/3973/3973
f 3976/3976/3976 3975/3975/3975 3973/3973/3973
f 3979/3979/3979 3978/3978/3978 3977/3977/3977
f 3977/3977/3977 3978/3978/3978 3980/3980/3980
f 3983/3983/3983 3982/3982/3982 3981/3981/3981
f 3981/3981/3981 3982/3982/3982 3984/3984/3984
f 3987/3987/3987 3986/3986/3986 3985/3985/3985
f 3985/3985/3985 3986/3986/3986 3988/3988/3988
f 3991/3991/3991 3990/3990/3990 3989/3989/3989
f 3989/3989/3989 3990/3990/3990 3992/3992/3992
f 3995/3995/3995 3994/3994/3994 3993/3993/3993
f 3993/3993/3993 3994/3994/3994 3996/3996/3996
f 3999/3999/3999 3998/3998/3998 3997/3997/3997
f 4000/4000/4000 3999/3999/3999 3997/3997/3997
f 4003/4003/4003 4002/4002/4002 4001/4001/4001
f 4001/4001/4001 4002/4002/4002 4004/4004/4004
f 4007/4007/4007 4006/4006/4006 4005/4005/4005
f 4005/4005/4005 4006/4006/4006 4008/4008/4008
f 4011/4011/4011 4010/4010/4010 4009/4009/4009
f 4010/4010/4010 4011/4011/4011 4012/4012/4012
f 4015/4015/4015 4014/4014/4014 4013/4013/4013
f 4016/4016/4016 4015/4015/4015 4013/4013/4013
f 4019/4019/4019 4018/4018/4018 4017/4017/4017
f 4017/4017/4017 4018/4018/4018 4020/4020/4020
f 4023/4023/4023 4022/4022/4022 4021/4021/4021
f 4021/4021/4021 4022/4022/4022 4024/4024/4024
f 4027/4027/4027 4026/4026/4026 4025/4025/4025
f 4028/4028/4028 4027/4027/4027 4025/4025/4025
f 4031/4031/4031 4030/4030/4030 4029/4029/4029
f 4029/4029/4029 4030/4030/4030 4032/4032/4032
f 4035/4035/4035 4034/4034/4034 4033/4033/4033
f 4033/4033/4033 4034/4034/4034 4036/4036/4036
f 4039/4039/4039 4038/4038/4038 4037/4037/4037
f 4037/4037/4037 4038/4038/4038 4040/4040/4040
f 4043/4043/4043 4042/4042/4042 4041/4041/4041
f 4042/4042/4042 4043/4043/4043 4044/4044/4044
f 4047/4047/4047 4046/4046/4046 4045/4045/4045
f 4045/4045/4045 4046/4046/4046 4048/4048/4048
f 4051/4051/4051 4050/4050/4050 4049/4049/4049
f 4050/4050/4050 4051/4051/4051 4052/4052/4052
f 4055/4055/4055 4054/4054/4054 4053/4053/4053
f 4053/4053/4053 4054/4054/4054 4056/4056/4056
f 4059/4059/4059 4058/4058/4058 4057/4057/4057
f 4057/4057/4057 4058/4058/4058 4060/4060/4060
f 4063/4063/4063 4062/4062/4062 4061/4061/4061
f 4061/4061/4061 4062/4062/4062 4064/4064/4064
f 4067/4067/4067 4066/4066/4066 4065/4065/4065
f 4065/4065/4065 4066/4066/4066 4068/4068/4068
f 4071/4071/4071 4070/4070/4070 4069/4069/4069
f 4069/4069/4069 4070/4070/4070 4072/4072/4072
f 4075/4075/4075 4074/4074/4074 4073/4073/4073
f 4073/4073/4073 4074/4074/4074 4076/4076/4076
f 4079/4079/4079 4078/4078/4078 4077/4077/4077
f 4078/4078/4078 4079/4079/4079 4080/4080/4080
f 4083/4083/4083 4082/4082/4082 4081/4081/4081
f 4081/4081/4081 4082/4082/4082 4084/4084/4084
f 4087/4087/4087 4086/4086/4086 4085/4085/4085
f 4085/4085/4085 4086/4086/4086 4088/4088/4088
f 4091/4091/4091 4090/4090/4090 4089/4089/4089
f 4090/4090/4090 4091/4091/4091 4092/4092/4092
f 4095/4095/4095 4094/4094/4094 4093/4093/4093
f 4093/4093/4093 4094/4094/4094 4096/4096/4096
f 4099/4099/4099 4098/4098/4098 4097/4097/4097
f 4097/4097/4097 4098/4098/4098 4100/4100/4100
f 4103/4103/4103 4102/4102/4102 4101/4101/4101
f 4101/4101/4101 4102/4102/4102 4104/4104/4104
f 4107/4107/4107 4106/4106/4106 4105/4105/4105
f 4105/4105/4105 4106/4106/4106 4108/4108/4108
f 4111/4111/4111 4110/4110/4110 4109/4109/4109
f 4109/4109/4109 4110/4110/4110 4112/4112/4112
f 4115/4115/4115 4114/4114/4114 4113/4113/4113
f 4113/4113/4113 4114/4114/4114 4116/4116/4116
f 4119/4119/4119 4118/4118/4118 4117/4117/4117
f 4117/4117/4117 4118/4118/4118 4120/4120/4120
f 4123/4123/4123 4122/4122/4122 4121/4121/4121
f 4124/4124/4124 4121/4121/4121 4122/4122/4122
f 4127/4127/4127 4126/4126/4126 4125/4125/4125
f 4125/4125/4125 4126/4126/4126 4128/4128/4128
f 4131/4131/4131 4130/4130/4130 4129/4129/4129
f 4129/4129/4129 4130/4130/4130 4132/4132/4132
f 4135/4135/4135 4134/4134/4134 4133/4133/4133
f 4134/4134/4134 4135/4135/4135 4136/4136/4136
f 4139/4139/4139 4138/4138/4138 4137/4137/4137
f 4140/4140/4140 4137/4137/4137 4138/4138/4138
f 4143/4143/4143 4142/4142/4142 4141/4141/4141
f 4141/4141/4141 4142/4142/4142 4144/4144/4144
f 4147/4147/4147 4146/4146/4146 4145/4145/4145
f 4145/4145/4145 4146/4146/4146 4148/4148/4148
f 4151/4151/4151 4150/4150/4150 4149/4149/4149
f 4149/4149/4149 4150/4150/4150 4152/4152/4152
f 4155/4155/4155 4154/4154/4154 4153/4153/4153
f 4154/4154/4154 4155/4155/4155 4156/4156/4156
f 4159/4159/4159 4158/4158/4158 4157/4157/4157
f 4160/4160/4160 4159/4159/4159 4157/4157/4157
f 4161/4161/4161 4159/4159/4159 4160/4160/4160
f 4161/4161/4161 4160/4160/4160 4162/4162/4162
f 4165/4165/4165 4164/4164/4164 4163/4163/4163
f 4163/4163/4163 4164/4164/4164 4166/4166/4166
f 4169/4169/4169 4168/4168/4168 4167/4167/4167
f 4167/4167/4167 4168/4168/4168 4170/4170/4170
f 4173/4173/4173 4172/4172/4172 4171/4171/4171
f 4171/4171/4171 4172/4172/4172 4174/4174/4174
f 4177/4177/4177 4176/4176/4176 4175/4175/4175
f 4175/4175/4175 4176/4176/4176 4178/4178/4178
f 4181/4181/4181 4180/4180/4180 4179/4179/4179
f 4179/4179/4179 4180/4180/4180 4182/4182/4182
f 4185/4185/4185 4184/4184/4184 4183/4183/4183
f 4183/4183/4183 4184/4184/4184 4186/4186/4186
f 4189/4189/4189 4188/4188/4188 4187/4187/4187
f 4190/4190/4190 4187/4187/4187 4188/4188/4188
f 4191/4191/4191 4190/4190/4190 4188/4188/4188
f 4192/4192/4192 4190/4190/4190 4191/4191/4191
f 4191/4191/4191 4193/4193/4193 4192/4192/4192
f 4192/4192/4192 4193/4193/4193 4194/4194/4194
f 4196/4196/4196 4188/4188/4188 4195/4195/4195
f 4197/4197/4197 4196/4196/4196 4195/4195/4195
f 4198/4198/4198 4196/4196/4196 4197/4197/4197
f 4198/4198/4198 4197/4197/4197 4199/4199/4199
f 4200/4200/4200 4198/4198/4198 4199/4199/4199
f 4203/4203/4203 4202/4202/4202 4201/4201/4201
f 4202/4202/4202 4203/4203/4203 4204/4204/4204
f 4205/4205/4205 4202/4202/4202 4204/4204/4204
f 4208/4208/4208 4207/4207/4207 4206/4206/4206
f 4207/4207/4207 4208/4208/4208 4209/4209/4209
f 4210/4210/4210 4209/4209/4209 4208/4208/4208
f 4209/4209/4209 4210/4210/4210 4211/4211/4211
f 4212/4212/4212 4209/4209/4209 4211/4211/4211
f 4213/4213/4213 4212/4212/4212 4211/4211/4211
f 4212/4212/4212 4213/4213/4213 4214/4214/4214
f 4213/4213/4213 4215/4215/4215 4214/4214/4214
f 4218/4218/4218 4217/4217/4217 4216/4216/4216
f 4218/4218/4218 4219/4219/4219 4217/4217/4217
f 4218/4218/4218 4220/4220/4220 4219/4219/4219
f 4223/4223/4223 4222/4222/4222 4221/4221/4221
f 4221/4221/4221 4222/4222/4222 4224/4224/4224
f 4227/4227/4227 4226/4226/4226 4225/4225/4225
f 4226/4226/4226 4228/4228/4228 4225/4225/4225
f 4231/4231/4231 4230/4230/4230 4229/4229/4229
f 4230/4230/4230 4231/4231/4231 4232/4232/4232
f 4233/4233/4233 4230/4230/4230 4232/4232/4232
f 4235/4235/4235 4234/4234/4234 4233/4233/4233
f 4234/4234/4234 4235/4235/4235 4236/4236/4236
f 4239/4239/4239 4238/4238/4238 4237/4237/4237
f 4238/4238/4238 4240/4240/4240 4237/4237/4237
f 4237/4237/4237 4240/4240/4240 4241/4241/4241
f 4237/4237/4237 4243/4243/4243 4242/4242/4242
f 4243/4243/4243 4244/4244/4244 4242/4242/4242
f 4242/4242/4242 4244/4244/4244 4245/4245/4245
f 4244/4244/4244 4246/4246/4246 4245/4245/4245
f 4249/4249/4249 4248/4248/4248 4247/4247/4247
f 4247/4247/4247 4248/4248/4248 4250/4250/4250
f 4252/4252/4252 4247/4247/4247 4251/4251/4251
f 4251/4251/4251 4253/4253/4253 4252/4252/4252
f 4254/4254/4254 4253/4253/4253 4251/4251/4251
f 4255/4255/4255 4253/4253/4253 4254/4254/4254
f 4254/4254/4254 4256/4256/4256 4255/4255/4255
f 4255/4255/4255 4256/4256/4256 4257/4257/4257
f 4258/4258/4258 4252/4252/4252 4253/4253/4253
f 4259/4259/4259 4252/4252/4252 4258/4258/4258
f 4259/4259/4259 4258/4258/4258 4260/4260/4260
f 4258/4258/4258 4261/4261/4261 4260/4260/4260
f 4264/4264/4264 4263/4263/4263 4262/4262/4262
f 4263/4263/4263 4265/4265/4265 4262/4262/4262
f 4262/4262/4262 4265/4265/4265 4266/4266/4266
f 4265/4265/4265 4267/4267/4267 4266/4266/4266
f 4268/4268/4268 4266/4266/4266 4267/4267/4267
f 4269/4269/4269 4266/4266/4266 4268/4268/4268
f 4272/4272/4272 4271/4271/4271 4270/4270/4270
f 4271/4271/4271 4273/4273/4273 4270/4270/4270
f 4276/4276/4276 4275/4275/4275 4274/4274/4274
f 4277/4277/4277 4274/4274/4274 4275/4275/4275
f 4279/4279/4279 4275/4275/4275 4278/4278/4278
f 4280/4280/4280 4279/4279/4279 4278/4278/4278
f 4281/4281/4281 4279/4279/4279 4280/4280/4280
f 4284/4284/4284 4283/4283/4283 4282/4282/4282
f 4284/4284/4284 4285/4285/4285 4283/4283/4283
f 4287/4287/4287 4285/4285/4285 4286/4286/4286
f 4289/4289/4289 4286/4286/4286 4288/4288/4288
f 4290/4290/4290 4289/4289/4289 4288/4288/4288
f 4291/4291/4291 4289/4289/4289 4290/4290/4290
f 4292/4292/4292 4291/4291/4291 4290/4290/4290
f 4293/4293/4293 4291/4291/4291 4292/4292/4292
f 4296/4296/4296 4295/4295/4295 4294/4294/4294
f 4297/4297/4297 4294/4294/4294 4295/4295/4295
f 4300/4300/4300 4299/4299/4299 4298/4298/4298
f 4300/4300/4300 4301/4301/4301 4299/4299/4299
f 4302/4302/4302 4299/4299/4299 4301/4301/4301
f 4303/4303/4303 4302/4302/4302 4301/4301/4301
f 4304/4304/4304 4302/4302/4302 4303/4303/4303
f 4305/4305/4305 4302/4302/4302 4304/4304/4304
f 4308/4308/4308 4307/4307/4307 4306/4306/4306
f 4307/4307/4307 4308/4308/4308 4309/4309/4309
f 4310/4310/4310 4307/4307/4307 4309/4309/4309
f 4311/4311/4311 4309/4309/4309 4308/4308/4308
f 4309/4309/4309 4311/4311/4311 4312/4312/4312
f 4311/4311/4311 4313/4313/4313 4312/4312/4312
f 4314/4314/4314 4312/4312/4312 4313/4313/4313
f 4315/4315/4315 4312/4312/4312 4314/4314/4314
f 4316/4316/4316 4314/4314/4314 4313/4313/4313
f 4318/4318/4318 4313/4313/4313 4317/4317/4317
f 4319/4319/4319 4318/4318/4318 4317/4317/4317
f 4313/4313/4313 4318/4318/4318 4320/4320/4320
f 4322/4322/4322 4321/4321/4321 4318/4318/4318
f 4323/4323/4323 4321/4321/4321 4322/4322/4322
f 4324/4324/4324 4323/4323/4323 4322/4322/4322
f 4325/4325/4325 4324/4324/4324 4322/4322/4322
f 4327/4327/4327 4320/4320/4320 4326/4326/4326
f 4320/4320/4320 4328/4328/4328 4326/4326/4326
f 4327/4327/4327 4326/4326/4326 4329/4329/4329
f 4330/4330/4330 4327/4327/4327 4329/4329/4329
f 4332/4332/4332 4326/4326/4326 4331/4331/4331
f 4333/4333/4333 4331/4331/4331 4328/4328/4328
f 4334/4334/4334 4331/4331/4331 4333/4333/4333
f 4335/4335/4335 4333/4333/4333 4328/4328/4328
f 4336/4336/4336 4335/4335/4335 4328/4328/4328
f 4339/4339/4339 4338/4338/4338 4337/4337/4337
f 4338/4338/4338 4339/4339/4339 4340/4340/4340
f 4340/4340/4340 4339/4339/4339 4341/4341/4341
f 4344/4344/4344 4343/4343/4343 4342/4342/4342
f 4345/4345/4345 4342/4342/4342 4343/4343/4343
f 4346/4346/4346 4342/4342/4342 4345/4345/4345
f 4342/4342/4342 4346/4346/4346 4347/4347/4347
f 4347/4347/4347 4346/4346/4346 4348/4348/4348
f 4349/4349/4349 4348/4348/4348 4346/4346/4346
f 4352/4352/4352 4351/4351/4351 4350/4350/4350
f 4353/4353/4353 4351/4351/4351 4352/4352/4352
f 4354/4354/4354 4351/4351/4351 4353/4353/4353
f 4351/4351/4351 4354/4354/4354 4355/4355/4355
f 4358/4358/4358 4357/4357/4357 4356/4356/4356
f 4357/4357/4357 4358/4358/4358 4359/4359/4359
f 4362/4362/4362 4361/4361/4361 4360/4360/4360
f 4363/4363/4363 4360/4360/4360 4361/4361/4361
f 4360/4360/4360 4363/4363/4363 4364/4364/4364
f 4365/4365/4365 4364/4364/4364 4363/4363/4363
f 4366/4366/4366 4364/4364/4364 4365/4365/4365
f 4367/4367/4367 4366/4366/4366 4365/4365/4365
f 4366/4366/4366 4367/4367/4367 4368/4368/4368
f 4367/4367/4367 4369/4369/4369 4368/4368/4368
f 4368/4368/4368 4369/4369/4369 4370/4370/4370
f 4373/4373/4373 4372/4372/4372 4371/4371/4371
f 4374/4374/4374 4372/4372/4372 4373/4373/4373
f 4372/4372/4372 4374/4374/4374 4375/4375/4375
f 4376/4376/4376 4375/4375/4375 4374/4374/4374
f 4379/4379/4379 4378/4378/4378 4377/4377/4377
f 4379/4379/4379 4380/4380/4380 4378/4378/4378
f 4378/4378/4378 4380/4380/4380 4381/4381/4381
f 4382/4382/4382 4381/4381/4381 4380/4380/4380
f 4383/4383/4383 4381/4381/4381 4382/4382/4382
f 4383/4383/4383 4382/4382/4382 4384/4384/4384
f 4387/4387/4387 4386/4386/4386 4385/4385/4385
f 4386/4386/4386 4387/4387/4387 4388/4388/4388
f 4389/4389/4389 4388/4388/4388 4387/4387/4387
f 4388/4388/4388 4389/4389/4389 4390/4390/4390
f 4391/4391/4391 4390/4390/4390 4389/4389/4389
f 4390/4390/4390 4391/4391/4391 4392/4392/4392
f 4395/4395/4395 4394/4394/4394 4393/4393/4393
f 4393/4393/4393 4394/4394/4394 4396/4396/4396
f 4396/4396/4396 4394/4394/4394 4397/4397/4397
f 4394/4394/4394 4398/4398/4398 4397/4397/4397
f 4398/4398/4398 4400/4400/4400 4399/4399/4399
f 4400/4400/4400 4401/4401/4401 4399/4399/4399
f 4402/4402/4402 4401/4401/4401 4400/4400/4400
f 4405/4405/4405 4404/4404/4404 4403/4403/4403
f 4406/4406/4406 4405/4405/4405 4403/4403/4403
f 4407/4407/4407 4405/4405/4405 4406/4406/4406
f 4406/4406/4406 4408/4408/4408 4407/4407/4407
f 4408/4408/4408 4410/4410/4410 4409/4409/4409
f 4412/4412/4412 4411/4411/4411 4410/4410/4410
f 4409/4409/4409 4414/4414/4414 4413/4413/4413
f 4413/4413/4413 4414/4414/4414 4415/4415/4415
f 4412/4412/4412 4417/4417/4417 4416/4416/4416
f 4416/4416/4416 4417/4417/4417 4418/4418/4418
f 4417/4417/4417 4419/4419/4419 4418/4418/4418
f 4422/4422/4422 4421/4421/4421 4420/4420/4420
f 4423/4423/4423 4420/4420/4420 4421/4421/4421
f 4424/4424/4424 4420/4420/4420 4423/4423/4423
f 4425/4425/4425 4424/4424/4424 4423/4423/4423
f 4426/4426/4426 4424/4424/4424 4425/4425/4425
f 4426/4426/4426 4428/4428/4428 4427/4427/4427
f 4427/4427/4427 4428/4428/4428 4429/4429/4429
f 4428/4428/4428 4430/4430/4430 4429/4429/4429
f 4430/4430/4430 4431/4431/4431 4429/4429/4429
f 4429/4429/4429 4431/4431/4431 4432/4432/4432
f 4435/4435/4435 4434/4434/4434 4433/4433/4433
f 4434/4434/4434 4435/4435/4435 4436/4436/4436
f 4437/4437/4437 4434/4434/4434 4436/4436/4436
f 4436/4436/4436 4438/4438/4438 4437/4437/4437
f 4438/4438/4438 4439/4439/4439 4437/4437/4437
f 4439/4439/4439 4438/4438/4438 4440/4440/4440
f 4443/4443/4443 4442/4442/4442 4441/4441/4441
f 4441/4441/4441 4442/4442/4442 4444/4444/4444
f 4442/4442/4442 4445/4445/4445 4444/4444/4444
f 4442/4442/4442 4446/4446/4446 4445/4445/4445
f 4442/4442/4442 4447/4447/4447 4446/4446/4446
f 4446/4446/4446 4447/4447/4447 4448/4448/4448
f 4448/4448/4448 4447/4447/4447 4449/4449/4449
f 4449/4449/4449 4447/4447/4447 4450/4450/4450
f 4450/4450/4450 4447/4447/4447 4451/4451/4451
f 4452/4452/4452 4451/4451/4451 4447/4447/4447
f 4455/4455/4455 4454/4454/4454 4453/4453/4453
f 4456/4456/4456 4454/4454/4454 4455/4455/4455
f 4454/4454/4454 4456/4456/4456 4457/4457/4457
f 4458/4458/4458 4457/4457/4457 4456/4456/4456
f 4461/4461/4461 4460/4460/4460 4459/4459/4459
f 4459/4459/4459 4460/4460/4460 4462/4462/4462
f 4460/4460/4460 4463/4463/4463 4462/4462/4462
f 4464/4464/4464 4463/4463/4463 4460/4460/4460
f 4465/4465/4465 4464/4464/4464 4460/4460/4460
f 4466/4466/4466 4464/4464/4464 4465/4465/4465
f 4467/4467/4467 4464/4464/4464 4466/4466/4466
f 4468/4468/4468 4466/4466/4466 4465/4465/4465
f 4465/4465/4465 4469/4469/4469 4468/4468/4468
f 4468/4468/4468 4469/4469/4469 4470/4470/4470
f 4473/4473/4473 4472/4472/4472 4471/4471/4471
f 4474/4474/4474 4472/4472/4472 4473/4473/4473
f 4477/4477/4477 4476/4476/4476 4475/4475/4475
f 4478/4478/4478 4475/4475/4475 4476/4476/4476
f 4478/4478/4478 4479/4479/4479 4475/4475/4475
f 4478/4478/4478 4480/4480/4480 4479/4479/4479
f 4481/4481/4481 4479/4479/4479 4480/4480/4480
f 4483/4483/4483 4481/4481/4481 4482/4482/4482
f 4483/4483/4483 4482/4482/4482 4484/4484/4484
f 4487/4487/4487 4486/4486/4486 4485/4485/4485
f 4486/4486/4486 4487/4487/4487 4488/4488/4488
f 4489/4489/4489 4486/4486/4486 4488/4488/4488
f 4492/4492/4492 4491/4491/4491 4490/4490/4490
f 4490/4490/4490 4491/4491/4491 4493/4493/4493
f 4493/4493/4493 4495/4495/4495 4494/4494/4494
f 4495/4495/4495 4491/4491/4491 4496/4496/4496
f 4495/4495/4495 4496/4496/4496 4497/4497/4497
f 4498/4498/4498 4496/4496/4496 4491/4491/4491
f 4499/4499/4499 4498/4498/4498 4491/4491/4491
f 4500/4500/4500 4497/4497/4497 4496/4496/4496
f 4501/4501/4501 4500/4500/4500 4496/4496/4496
f 4502/4502/4502 4501/4501/4501 4496/4496/4496
f 4503/4503/4503 4497/4497/4497 4500/4500/4500
f 4497/4497/4497 4503/4503/4503 4504/4504/4504
f 4503/4503/4503 4505/4505/4505 4504/4504/4504
f 4503/4503/4503 4506/4506/4506 4505/4505/4505
f 4509/4509/4509 4508/4508/4508 4507/4507/4507
f 4507/4507/4507 4508/4508/4508 4510/4510/4510
f 4508/4508/4508 4511/4511/4511 4510/4510/4510
f 4511/4511/4511 4512/4512/4512 4510/4510/4510
f 4512/4512/4512 4511/4511/4511 4513/4513/4513
f 4514/4514/4514 4513/4513/4513 4511/4511/4511
f 4513/4513/4513 4514/4514/4514 4515/4515/4515
f 4516/4516/4516 4515/4515/4515 4514/4514/4514
f 4517/4517/4517 4516/4516/4516 4514/4514/4514
f 4520/4520/4520 4519/4519/4519 4518/4518/4518
f 4518/4518/4518 4519/4519/4519 4521/4521/4521
f 4524/4524/4524 4523/4523/4523 4522/4522/4522
f 4525/4525/4525 4524/4524/4524 4522/4522/4522
f 4526/4526/4526 4524/4524/4524 4525/4525/4525
f 4527/4527/4527 4526/4526/4526 4525/4525/4525
f 4528/4528/4528 4526/4526/4526 4527/4527/4527
f 4530/4530/4530 4529/4529/4529 4528/4528/4528
f 4530/4530/4530 4531/4531/4531 4529/4529/4529
f 4529/4529/4529 4531/4531/4531 4532/4532/4532
f 4535/4535/4535 4534/4534/4534 4533/4533/4533
f 4534/4534/4534 4535/4535/4535 4536/4536/4536
f 4538/4538/4538 4536/4536/4536 4537/4537/4537
f 4539/4539/4539 4538/4538/4538 4537/4537/4537
f 4540/4540/4540 4538/4538/4538 4539/4539/4539
f 4539/4539/4539 4541/4541/4541 4540/4540/4540
f 4540/4540/4540 4541/4541/4541 4542/4542/4542
f 4541/4541/4541 4543/4543/4543 4542/4542/4542
f 4544/4544/4544 4534/4534/4534 4543/4543/4543
f 4541/4541/4541 4544/4544/4544 4543/4543/4543
f 4547/4547/4547 4546/4546/4546 4545/4545/4545
f 4546/4546/4546 4547/4547/4547 4548/4548/4548
f 4550/4550/4550 4548/4548/4548 4549/4549/4549
f 4551/4551/4551 4548/4548/4548 4550/4550/4550
f 4551/4551/4551 4550/4550/4550 4552/4552/4552
f 4553/4553/4553 4551/4551/4551 4552/4552/4552
f 4556/4556/4556 4555/4555/4555 4554/4554/4554
f 4554/4554/4554 4555/4555/4555 4557/4557/4557
f 4555/4555/4555 4558/4558/4558 4557/4557/4557
f 4559/4559/4559 4557/4557/4557 4558/4558/4558
f 4559/4559/4559 4558/4558/4558 4560/4560/4560
f 4563/4563/4563 4562/4562/4562 4561/4561/4561
f 4561/4561/4561 4562/4562/4562 4564/4564/4564
f 4565/4565/4565 4564/4564/4564 4562/4562/4562
f 4562/4562/4562 4566/4566/4566 4565/4565/4565
f 4567/4567/4567 4564/4564/4564 4565/4565/4565
f 4567/4567/4567 4565/4565/4565 4568/4568/4568
f 4567/4567/4567 4568/4568/4568 4569/4569/4569
f 4569/4569/4569 4570/4570/4570 4567/4567/4567
f 4569/4569/4569 4571/4571/4571 4570/4570/4570
f 4572/4572/4572 4569/4569/4569 4568/4568/4568
f 4571/4571/4571 4573/4573/4573 4570/4570/4570
f 4573/4573/4573 4574/4574/4574 4570/4570/4570
f 4571/4571/4571 4575/4575/4575 4573/4573/4573
f 4568/4568/4568 4576/4576/4576 4572/4572/4572
f 4572/4572/4572 4576/4576/4576 4575/4575/4575
f 4576/4576/4576 4577/4577/4577 4575/4575/4575
f 4573/4573/4573 4575/4575/4575 4577/4577/4577
f 4578/4578/4578 4576/4576/4576 4568/4568/4568
f 4579/4579/4579 4578/4578/4578 4568/4568/4568
f 4580/4580/4580 4573/4573/4573 4577/4577/4577
f 4573/4573/4573 4580/4580/4580 4581/4581/4581
f 4582/4582/4582 4578/4578/4578 4579/4579/4579
f 4582/4582/4582 4581/4581/4581 4580/4580/4580
f 4583/4583/4583 4578/4578/4578 4582/4582/4582
f 4583/4583/4583 4582/4582/4582 4580/4580/4580
f 4585/4585/4585 4584/4584/4584 4574/4574/4574
f 4566/4566/4566 4584/4584/4584 4585/4585/4585
f 4588/4588/4588 4587/4587/4587 4586/4586/4586
f 4589/4589/4589 4586/4586/4586 4587/4587/4587
f 4592/4592/4592 4591/4591/4591 4590/4590/4590
f 4593/4593/4593 4590/4590/4590 4591/4591/4591
f 4594/4594/4594 4590/4590/4590 4593/4593/4593
f 4597/4597/4597 4596/4596/4596 4595/4595/4595
f 4598/4598/4598 4595/4595/4595 4596/4596/4596
f 4595/4595/4595 4598/4598/4598 4599/4599/4599
f 4600/4600/4600 4599/4599/4599 4598/4598/4598
f 4601/4601/4601 4599/4599/4599 4600/4600/4600
f 4602/4602/4602 4601/4601/4601 4600/4600/4600
f 4601/4601/4601 4602/4602/4602 4603/4603/4603
f 4603/4603/4603 4602/4602/4602 4604/4604/4604
f 4603/4603/4603 4604/4604/4604 4605/4605/4605
f 4607/4607/4607 4606/4606/4606 4600/4600/4600
f 4600/4600/4600 4606/4606/4606 4608/4608/4608
f 4606/4606/4606 4609/4609/4609 4608/4608/4608
f 4612/4612/4612 4611/4611/4611 4610/4610/4610
f 4612/4612/4612 4610/4610/4610 4613/4613/4613
f 4613/4613/4613 4610/4610/4610 4614/4614/4614
f 4614/4614/4614 4615/4615/4615 4613/4613/4613
f 4615/4615/4615 4617/4617/4617 4616/4616/4616
f 4617/4617/4617 4618/4618/4618 4616/4616/4616
f 4621/4621/4621 4620/4620/4620 4619/4619/4619
f 4619/4619/4619 4620/4620/4620 4622/4622/4622
f 4622/4622/4622 4620/4620/4620 4623/4623/4623
f 4626/4626/4626 4625/4625/4625 4624/4624/4624
f 4625/4625/4625 4626/4626/4626 4627/4627/4627
f 4627/4627/4627 4626/4626/4626 4628/4628/4628
f 4631/4631/4631 4630/4630/4630 4629/4629/4629
f 4631/4631/4631 4632/4632/4632 4630/4630/4630
f 4633/4633/4633 4630/4630/4630 4632/4632/4632
f 4634/4634/4634 4630/4630/4630 4633/4633/4633
f 4635/4635/4635 4630/4630/4630 4634/4634/4634
f 4635/4635/4635 4636/4636/4636 4630/4630/4630
f 4630/4630/4630 4636/4636/4636 4637/4637/4637
f 4638/4638/4638 4637/4637/4637 4636/4636/4636
f 4639/4639/4639 4637/4637/4637 4638/4638/4638
f 4640/4640/4640 4637/4637/4637 4639/4639/4639
f 4641/4641/4641 4637/4637/4637 4640/4640/4640
f 4642/4642/4642 4637/4637/4637 4641/4641/4641
f 4643/4643/4643 4637/4637/4637 4642/4642/4642
f 4644/4644/4644 4637/4637/4637 4643/4643/4643
f 4647/4647/4647 4646/4646/4646 4645/4645/4645
f 4645/4645/4645 4646/4646/4646 4648/4648/4648
f 4650/4650/4650 4646/4646/4646 4649/4649/4649
f 4646/4646/4646 4650/4650/4650 4651/4651/4651
f 4652/4652/4652 4651/4651/4651 4650/4650/4650
f 4652/4652/4652 4653/4653/4653 4651/4651/4651
f 4654/4654/4654 4651/4651/4651 4653/4653/4653
f 4657/4657/4657 4656/4656/4656 4655/4655/4655
f 4657/4657/4657 4658/4658/4658 4656/4656/4656
f 4659/4659/4659 4656/4656/4656 4658/4658/4658
f 4660/4660/4660 4656/4656/4656 4659/4659/4659
f 4660/4660/4660 4661/4661/4661 4656/4656/4656
f 4662/4662/4662 4661/4661/4661 4660/4660/4660
f 4661/4661/4661 4662/4662/4662 4663/4663/4663
f 4664/4664/4664 4661/4661/4661 4663/4663/4663
f 4667/4667/4667 4666/4666/4666 4665/4665/4665
f 4667/4667/4667 4668/4668/4668 4666/4666/4666
f 4668/4668/4668 4667/4667/4667 4669/4669/4669
f 4667/4667/4667 4670/4670/4670 4669/4669/4669
f 4667/4667/4667 4671/4671/4671 4670/4670/4670
f 4674/4674/4674 4673/4673/4673 4672/4672/4672
f 4674/4674/4674 4675/4675/4675 4673/4673/4673
f 4678/4678/4678 4677/4677/4677 4676/4676/4676
f 4679/4679/4679 4677/4677/4677 4678/4678/4678
f 4682/4682/4682 4681/4681/4681 4680/4680/4680
f 4683/4683/4683 4681/4681/4681 4682/4682/4682
f 4686/4686/4686 4685/4685/4685 4684/4684/4684
f 4687/4687/4687 4684/4684/4684 4685/4685/4685
f 4688/4688/4688 4684/4684/4684 4687/4687/4687
f 4688/4688/4688 4689/4689/4689 4684/4684/4684
f 4692/4692/4692 4691/4691/4691 4690/4690/4690
f 4692/4692/4692 4693/4693/4693 4691/4691/4691
f 4696/4696/4696 4695/4695/4695 4694/4694/4694
f 4697/4697/4697 4694/4694/4694 4695/4695/4695
f 4700/4700/4700 4699/4699/4699 4698/4698/4698
f 4700/4700/4700 4701/4701/4701 4699/4699/4699
f 4702/4702/4702 4699/4699/4699 4701/4701/4701
f 4705/4705/4705 4704/4704/4704 4703/4703/4703
f 4703/4703/4703 4704/4704/4704 4706/4706/4706
f 4709/4709/4709 4708/4708/4708 4707/4707/4707
f 4707/4707/4707 4708/4708/4708 4710/4710/4710
f 4708/4708/4708 4711/4711/4711 4710/4710/4710
f 4714/4714/4714 4713/4713/4713 4712/4712/4712
f 4714/4714/4714 4715/4715/4715 4713/4713/4713
f 4718/4718/4718 4717/4717/4717 4716/4716/4716
f 4717/4717/4717 4719/4719/4719 4716/4716/4716
f 4722/4722/4722 4721/4721/4721 4720/4720/4720
f 4723/4723/4723 4721/4721/4721 4722/4722/4722
f 4726/4726/4726 4725/4725/4725 4724/4724/4724
f 4727/4727/4727 4724/4724/4724 4725/4725/4725
f 4730/4730/4730 4729/4729/4729 4728/4728/4728
f 4731/4731/4731 4729/4729/4729 4730/4730/4730
f 4734/4734/4734 4733/4733/4733 4732/4732/4732
f 4735/4735/4735 4732/4732/4732 4733/4733/4733
f 4738/4738/4738 4737/4737/4737 4736/4736/4736
f 4739/4739/4739 4737/4737/4737 4738/4738/4738
f 4742/4742/4742 4741/4741/4741 4740/4740/4740
f 4740/4740/4740 4741/4741/4741 4743/4743/4743
f 4745/4745/4745 4743/4743/4743 4744/4744/4744
f 4746/4746/4746 4745/4745/4745 4744/4744/4744
f 4749/4749/4749 4748/4748/4748 4747/4747/4747
f 4749/4749/4749 4750/4750/4750 4748/4748/4748
f 4748/4748/4748 4750/4750/4750 4751/4751/4751
f 4753/4753/4753 4752/4752/4752 4750/4750/4750
f 4754/4754/4754 4752/4752/4752 4753/4753/4753
f 4757/4757/4757 4756/4756/4756 4755/4755/4755
f 4758/4758/4758 4756/4756/4756 4757/4757/4757
f 4761/4761/4761 4760/4760/4760 4759/4759/4759
f 4759/4759/4759 4760/4760/4760 4762/4762/4762
f 4760/4760/4760 4763/4763/4763 4762/4762/4762
f 4766/4766/4766 4765/4765/4765 4764/4764/4764
f 4767/4767/4767 4764/4764/4764 4765/4765/4765
f 4770/4770/4770 4769/4769/4769 4768/4768/4768
f 4771/4771/4771 4768/4768/4768 4769/4769/4769
f 4774/4774/4774 4773/4773/4773 4772/4772/4772
f 4772/4772/4772 4773/4773/4773 4775/4775/4775
f 4773/4773/4773 4776/4776/4776 4775/4775/4775
f 4779/4779/4779 4778/4778/4778 4777/4777/4777
f 4779/4779/4779 4780/4780/4780 4778/4778/4778
f 4783/4783/4783 4782/4782/4782 4781/4781/4781
f 4782/4782/4782 4784/4784/4784 4781/4781/4781
f 4787/4787/4787 4786/4786/4786 4785/4785/4785
f 4787/4787/4787 4788/4788/4788 4786/4786/4786
f 4786/4786/4786 4788/4788/4788 4789/4789/4789
f 4791/4791/4791 4790/4790/4790 4788/4788/4788
f 4792/4792/4792 4790/4790/4790 4791/4791/4791
f 4795/4795/4795 4794/4794/4794 4793/4793/4793
f 4796/4796/4796 4794/4794/4794 4795/4795/4795
f 4799/4799/4799 4798/4798/4798 4797/4797/4797
f 4800/4800/4800 4797/4797/4797 4798/4798/4798
f 4801/4801/4801 4800/4800/4800 4798/4798/4798
f 4804/4804/4804 4803/4803/4803 4802/4802/4802
f 4803/4803/4803 4805/4805/4805 4802/4802/4802
f 4807/4807/4807 4806/4806/4806 4805/4805/4805
f 4808/4808/4808 4806/4806/4806 4807/4807/4807
f 4811/4811/4811 4810/4810/4810 4809/4809/4809
f 4812/4812/4812 4810/4810/4810 4811/4811/4811
f 4815/4815/4815 4814/4814/4814 4813/4813/4813
f 4816/4816/4816 4813/4813/4813 4814/4814/4814
f 4819/4819/4819 4818/4818/4818 4817/4817/4817
f 4818/4818/4818 4820/4820/4820 4817/4817/4817
f 4823/4823/4823 4822/4822/4822 4821/4821/4821
f 4821/4821/4821 4822/4822/4822 4824/4824/4824
f 4827/4827/4827 4826/4826/4826 4825/4825/4825
f 4825/4825/4825 4826/4826/4826 4828/4828/4828
f 4826/4826/4826 4829/4829/4829 4828/4828/4828
f 4832/4832/4832 4831/4831/4831 4830/4830/4830
f 4830/4830/4830 4831/4831/4831 4833/4833/4833
f 4831/4831/4831 4834/4834/4834 4833/4833/4833
f 4837/4837/4837 4836/4836/4836 4835/4835/4835
f 4835/4835/4835 4836/4836/4836 4838/4838/4838
f 4836/4836/4836 4839/4839/4839 4838/4838/4838
f 4842/4842/4842 4841/4841/4841 4840/4840/4840
f 4843/4843/4843 4841/4841/4841 4842/4842/4842
f 4846/4846/4846 4845/4845/4845 4844/4844/4844
f 4845/4845/4845 4847/4847/4847 4844/4844/4844
f 4850/4850/4850 4849/4849/4849 4848/4848/4848
f 4850/4850/4850 4851/4851/4851 4849/4849/4849
f 4849/4849/4849 4851/4851/4851 4852/4852/4852
f 4853/4853/4853 4852/4852/4852 4851/4851/4851
f 4852/4852/4852 4853/4853/4853 4854/4854/4854
f 4855/4855/4855 4854/4854/4854 4853/4853/4853
f 4858/4858/4858 4857/4857/4857 4856/4856/4856
f 4856/4856/4856 4857/4857/4857 4859/4859/4859
f 4859/4859/4859 4861/4861/4861 4860/4860/4860
f 4862/4862/4862 4860/4860/4860 4861/4861/4861
f 4865/4865/4865 4864/4864/4864 4863/4863/4863
f 4866/4866/4866 4863/4863/4863 4864/4864/4864
f 4869/4869/4869 4868/4868/4868 4867/4867/4867
f 4869/4869/4869 4870/4870/4870 4868/4868/4868
f 4871/4871/4871 4868/4868/4868 4870/4870/4870
f 4874/4874/4874 4873/4873/4873 4872/4872/4872
f 4872/4872/4872 4873/4873/4873 4875/4875/4875
f 4877/4877/4877 4875/4875/4875 4876/4876/4876
f 4878/4878/4878 4877/4877/4877 4876/4876/4876
f 4881/4881/4881 4880/4880/4880 4879/4879/4879
f 4882/4882/4882 4879/4879/4879 4880/4880/4880
f 4885/4885/4885 4884/4884/4884 4883/4883/4883
f 4883/4883/4883 4884/4884/4884 4886/4886/4886
f 4886/4886/4886 4888/4888/4888 4887/4887/4887
f 4889/4889/4889 4887/4887/4887 4888/4888/4888
f 4892/4892/4892 4891/4891/4891 4890/4890/4890
f 4893/4893/4893 4890/4890/4890 4891/4891/4891
f 4896/4896/4896 4895/4895/4895 4894/4894/4894
f 4894/4894/4894 4895/4895/4895 4897/4897/4897
f 4899/4899/4899 4897/4897/4897 4898/4898/4898
f 4900/4900/4900 4899/4899/4899 4898/4898/4898
f 4903/4903/4903 4902/4902/4902 4901/4901/4901
f 4904/4904/4904 4901/4901/4901 4902/4902/4902
f 4907/4907/4907 4906/4906/4906 4905/4905/4905
f 4907/4907/4907 4908/4908/4908 4906/4906/4906
f 4911/4911/4911 4910/4910/4910 4909/4909/4909
f 4911/4911/4911 4912/4912/4912 4910/4910/4910
f 4915/4915/4915 4914/4914/4914 4913/4913/4913
f 4916/4916/4916 4913/4913/4913 4914/4914/4914
f 4917/4917/4917 4916/4916/4916 4914/4914/4914
f 4916/4916/4916 4917/4917/4917 4918/4918/4918
f 4921/4921/4921 4920/4920/4920 4919/4919/4919
f 4922/4922/4922 4920/4920/4920 4921/4921/4921
f 4920/4920/4920 4922/4922/4922 4923/4923/4923
f 4923/4923/4923 4922/4922/4922 4924/4924/4924
f 4927/4927/4927 4926/4926/4926 4925/4925/4925
f 4928/4928/4928 4925/4925/4925 4926/4926/4926
f 4931/4931/4931 4930/4930/4930 4929/4929/4929
f 4932/4932/4932 4930/4930/4930 4931/4931/4931
f 4935/4935/4935 4934/4934/4934 4933/4933/4933
f 4936/4936/4936 4934/4934/4934 4935/4935/4935
f 4939/4939/4939 4938/4938/4938 4937/4937/4937
f 4937/4937/4937 4938/4938/4938 4940/4940/4940
f 4943/4943/4943 4942/4942/4942 4941/4941/4941
f 4944/4944/4944 4941/4941/4941 4942/4942/4942
f 4947/4947/4947 4946/4946/4946 4945/4945/4945
f 4948/4948/4948 4946/4946/4946 4947/4947/4947
f 4951/4951/4951 4950/4950/4950 4949/4949/4949
f 4951/4951/4951 4952/4952/4952 4950/4950/4950
f 4950/4950/4950 4952/4952/4952 4953/4953/4953
f 4956/4956/4956 4955/4955/4955 4954/4954/4954
f 4955/4955/4955 4957/4957/4957 4954/4954/4954
f 4960/4960/4960 4959/4959/4959 4958/4958/4958
f 4961/4961/4961 4959/4959/4959 4960/4960/4960
f 4964/4964/4964 4963/4963/4963 4962/4962/4962
f 4962/4962/4962 4963/4963/4963 4965/4965/4965
f 4968/4968/4968 4967/4967/4967 4966/4966/4966
f 4966/4966/4966 4967/4967/4967 4969/4969/4969
f 4972/4972/4972 4971/4971/4971 4970/4970/4970
f 4972/4972/4972 4973/4973/4973 4971/4971/4971
f 4976/4976/4976 4975/4975/4975 4974/4974/4974
f 4974/4974/4974 4975/4975/4975 4977/4977/4977
f 4980/4980/4980 4979/4979/4979 4978/4978/4978
f 4979/4979/4979 4981/4981/4981 4978/4978/4978
f 4984/4984/4984 4983/4983/4983 4982/4982/4982
f 4985/4985/4985 4982/4982/4982 4983/4983/4983
f 4988/4988/4988 4987/4987/4987 4986/4986/4986
f 4986/4986/4986 4987/4987/4987 4989/4989/4989
f 4987/4987/4987 4990/4990/4990 4989/4989/4989
f 4993/4993/4993 4992/4992/4992 4991/4991/4991
f 4993/4993/4993 4994/4994/4994 4992/4992/4992
f 4997/4997/4997 4996/4996/4996 4995/4995/4995
f 4995/4995/4995 4996/4996/4996 4998/4998/4998
f 4996/4996/4996 4999/4999/4999 4998/4998/4998
f 4998/4998/4998 4999/4999/4999 5000/5000/5000
f 5003/5003/5003 5002/5002/5002 5001/5001/5001
f 5004/5004/5004 5001/5001/5001 5002/5002/5002
f 5007/5007/5007 5006/5006/5006 5005/5005/5005
f 5005/5005/5005 5006/5006/5006 5008/5008/5008
f 5011/5011/5011 5010/5010/5010 5009/5009/5009
f 5009/5009/5009 5010/5010/5010 5012/5012/5012
f 5013/5013/5013 5012/5012/5012 5010/5010/5010
f 5016/5016/5016 5015/5015/5015 5014/5014/5014
f 5016/5016/5016 5017/5017/5017 5015/5015/5015
f 5020/5020/5020 5019/5019/5019 5018/5018/5018
f 5021/5021/5021 5018/5018/5018 5019/5019/5019
f 5024/5024/5024 5023/5023/5023 5022/5022/5022
f 5024/5024/5024 5025/5025/5025 5023/5023/5023
f 5028/5028/5028 5027/5027/5027 5026/5026/5026
f 5029/5029/5029 5026/5026/5026 5027/5027/5027
f 5032/5032/5032 5031/5031/5031 5030/5030/5030
f 5033/5033/5033 5032/5032/5032 5030/5030/5030
f 5034/5034/5034 5030/5030/5030 5031/5031/5031
f 5034/5034/5034 5035/5035/5035 5030/5030/5030
f 5037/5037/5037 5036/5036/5036 5033/5033/5033
f 5038/5038/5038 5036/5036/5036 5037/5037/5037
f 5039/5039/5039 5036/5036/5036 5038/5038/5038
f 5039/5039/5039 5038/5038/5038 5040/5040/5040
f 5038/5038/5038 5041/5041/5041 5040/5040/5040
f 5042/5042/5042 5035/5035/5035 5041/5041/5041
f 5038/5038/5038 5042/5042/5042 5041/5041/5041
f 5045/5045/5045 5044/5044/5044 5043/5043/5043
f 5044/5044/5044 5046/5046/5046 5043/5043/5043
f 5047/5047/5047 5044/5044/5044 5045/5045/5045
f 5044/5044/5044 5048/5048/5048 5046/5046/5046
f 5049/5049/5049 5046/5046/5046 5048/5048/5048
f 5050/5050/5050 5049/5049/5049 5048/5048/5048
f 5051/5051/5051 5049/5049/5049 5050/5050/5050
f 5052/5052/5052 5051/5051/5051 5050/5050/5050
f 5045/5045/5045 5053/5053/5053 5047/5047/5047
f 5053/5053/5053 5051/5051/5051 5052/5052/5052
f 5047/5047/5047 5053/5053/5053 5054/5054/5054
f 5054/5054/5054 5053/5053/5053 5052/5052/5052
