v 3.249999 0.249998 9.000000
v 3.249999 3.749998 7.500000
v 3.249999 1.249998 7.500000
v 3.249999 0.249998 4.750000
v 3.249999 1.249998 4.750000
v 8.499999 -1.250005 3.750000
v 8.999996 -3.750002 3.750000
v 8.999999 -1.250005 3.750000
v 8.499995 -6.250002 13.250000
v 8.999994 -10.250006 13.250000
v 8.999995 -6.250002 13.250000
v 9.000002 5.249996 10.500000
v 8.500002 5.249996 13.250000
v 9.000002 5.249996 13.250000
v 8.499995 -6.250002 3.750000
v 8.999994 -10.250006 3.750000
v 8.999995 -6.250002 3.750000
v 8.999995 -6.250002 3.750000
v 8.499998 -6.250002 1.000000
v 8.499995 -6.250002 3.750000
v -0.250001 -4.750002 10.500000
v -0.250005 -4.750002 9.000000
v -2.750005 -4.750002 9.500000
v 8.999995 -6.250002 8.500000
v 8.499998 -6.250002 5.750000
v 8.499995 -6.250002 8.500000
v 8.499999 -1.250005 8.500000
v 8.999996 -3.750002 8.500000
v 8.999999 -1.250005 8.500000
v -9.000003 -10.249997 10.500000
v -9.000002 -8.750002 8.500000
v -9.000002 -8.749998 10.500000
v 8.499994 -10.250006 3.750000
v 8.499995 -6.250002 3.750000
v 8.499994 -11.250006 4.250000
v 8.499999 -0.250005 4.250000
v 8.499996 -5.250002 3.750000
v 8.499999 -1.250005 3.750000
v 8.499999 -1.250005 1.000000
v 9.000003 6.249996 3.750000
v 8.500004 10.249996 3.750000
v 8.500003 6.249996 3.750000
v -8.500000 6.249998 3.750000
v -8.999999 10.250000 3.750000
v -9.000000 6.249998 3.750000
v -9.000000 6.249998 13.250000
v -8.500000 6.250000 10.500000
v -8.500000 6.249998 13.250000
v 8.500003 6.249996 3.750000
v 9.000004 6.249996 1.000000
v 9.000003 6.249996 3.750000
v -8.500001 1.250001 13.250000
v -8.500000 5.249996 13.250000
v -9.000000 3.749998 13.250000
v 8.500003 6.249996 8.500000
v 9.000004 6.249996 5.750000
v 9.000003 6.249996 8.500000
v 8.500002 5.249996 4.250000
v 3.250003 11.249998 4.250000
v 3.249999 0.249998 4.250000
v 3.250003 11.249998 4.250000
v 8.500003 6.249996 4.250000
v 3.250003 11.249998 4.250000
v 8.500004 11.249996 4.250000
v -9.000002 -8.750002 13.250000
v -8.500003 -10.249997 13.250000
v -8.500002 -6.250002 13.250000
v 8.499999 -1.250005 13.250000
v 8.999996 -3.750002 13.250000
v 8.999999 -1.250005 13.250000
v 9.000003 6.249996 13.250000
v 8.500004 10.249996 13.250000
v 8.500003 6.249996 13.250000
v -8.500000 6.249998 13.250000
v -8.999999 10.250000 13.250000
v -9.000000 6.249998 13.250000
v -9.000000 6.249998 8.500000
v -8.500000 6.250000 5.750000
v -8.500000 6.249998 8.500000
v -8.500000 5.249999 5.750000
v -9.000000 5.249996 8.500000
v -8.500000 5.249996 8.500000
v -3.250001 0.249998 13.750000
v -8.500000 6.249998 13.750000
v -8.500001 0.250001 13.750000
v -3.249997 11.249998 13.750000
v -8.499999 11.250000 13.750000
v 8.500002 5.249996 13.750000
v 3.250003 11.249998 13.750000
v 3.249999 0.249998 13.750000
v 3.250003 11.249998 13.750000
v 8.500003 6.249996 13.750000
v 3.250003 11.249998 13.750000
v 8.500004 11.249996 13.750000
v -8.500000 5.249999 10.500000
v -9.000000 5.249996 13.250000
v -8.500000 5.249996 13.250000
v 8.500004 11.249996 15.250000
v 9.000004 11.749996 15.250000
v 9.000003 6.249996 15.250000
v -8.499999 11.250000 14.250000
v -8.500003 -11.249997 14.250000
v -8.500002 -5.250002 15.250000
v 9.000002 5.249996 1.000000
v 8.500002 5.249996 3.750000
v 9.000002 5.249996 3.750000
v 9.000002 5.249996 5.750000
v 8.500002 5.249996 8.500000
v 9.000002 5.249996 8.500000
v 8.499995 -6.250002 8.500000
v 8.999994 -10.250006 8.500000
v 8.999995 -6.250002 8.500000
v 8.500003 6.249996 13.250000
v 9.000004 6.249996 10.500000
v 9.000003 6.249996 13.250000
v -8.500001 1.250001 8.500000
v -8.500000 5.249996 8.500000
v -9.000000 3.749998 8.500000
v 9.000003 6.249996 8.500000
v 8.500004 10.249996 8.500000
v 8.500003 6.249996 8.500000
v -8.500000 6.249998 8.500000
v -8.999999 10.250000 8.500000
v -9.000000 6.249998 8.500000
v -8.500000 5.249999 1.000000
v -9.000000 5.249996 3.750000
v -8.500000 5.249996 3.750000
v 3.249999 0.249998 4.250000
v 3.249999 3.749998 2.750000
v 3.249999 1.249998 2.750000
v 3.249999 0.249998 0.000000
v 3.249999 1.249998 0.000000
v -3.250001 0.249998 9.000000
v -8.500000 6.249998 9.000000
v -8.500001 0.250001 9.000000
v -3.249997 11.249998 9.000000
v -8.499999 11.250000 9.000000
v 8.500002 5.249996 9.000000
v 3.250003 11.249998 9.000000
v 3.249999 0.249998 9.000000
v 3.250003 11.249998 9.000000
v 8.500003 6.249996 9.000000
v 3.250003 11.249998 9.000000
v 8.500004 11.249996 9.000000
v -9.000003 -10.249997 5.750000
v -9.000002 -8.750002 3.750000
v -9.000002 -8.749998 5.750000
v -9.000000 6.249998 3.750000
v -8.500000 6.250000 1.000000
v -8.500000 6.249998 3.750000
v 3.249999 0.249998 13.750000
v 3.249999 3.749998 12.250000
v 3.249999 1.249998 12.250000
v 3.249999 0.249998 9.500000
v 3.249999 1.249998 9.500000
v -3.250001 -0.250002 13.750000
v -3.250001 -3.750002 12.250000
v -3.250001 -1.250002 12.250000
v -3.250001 -0.250002 9.500000
v -3.250001 -1.250002 9.500000
v -3.250001 -0.250002 4.250000
v -3.250001 -3.750002 2.750000
v -3.250001 -1.250002 2.750000
v -3.250001 -0.250002 -0.000000
v -3.250001 -1.250002 -0.000000
v 8.999995 -6.250002 13.250000
v 8.499998 -6.250002 10.500000
v 8.499995 -6.250002 13.250000
v -3.250001 -0.250002 9.000000
v -3.250001 -3.750002 7.500000
v -3.250001 -1.250002 7.500000
v -3.250001 -0.250002 4.750000
v -3.250001 -1.250002 4.750000
v -9.100002 5.372346 3.697514
v -8.400002 5.372346 0.893821
v -8.400002 5.372346 3.859026
v -9.100002 -1.317350 3.697514
v -9.100002 -1.317350 1.093821
v -9.100002 -1.124884 3.859026
v -9.100002 -5.372346 3.859026
v -9.100002 -5.179881 3.697514
v -9.100002 -10.340337 8.453693
v -9.100002 -10.340337 5.650000
v -9.100002 -10.147872 5.850000
v 9.100002 -1.124884 13.353947
v 8.400002 -1.124884 10.588740
v 9.100002 -1.124884 10.388741
v 9.100002 1.124884 13.353947
v 9.100002 1.317350 13.192434
v 9.100002 1.317350 10.588740
v 9.100002 -6.092875 13.192434
v 9.100002 -6.092875 10.388741
v 9.100002 -6.285341 10.588740
v -9.100002 -5.179881 5.850000
v -9.100002 -5.372346 8.453693
v -9.100002 -5.372346 5.650000
v 3.349999 -3.632349 7.400429
v 3.349997 -1.123476 7.600429
v 3.349997 -1.318480 7.400429
v -8.400002 -1.124884 8.615206
v -8.400002 -1.124884 5.650000
v -8.400002 -1.317351 5.850000
v -8.400002 -1.317351 8.453693
v -8.400002 -1.317351 5.850000
v -9.100002 -6.092875 13.192434
v -8.400002 -6.092875 10.388741
v -8.400002 -6.092875 13.353947
v -9.100002 -10.147872 1.093821
v -9.100002 -10.340337 3.859026
v -9.100002 -10.340337 0.893821
v 9.100002 1.124884 3.697514
v 8.400002 1.124884 0.893821
v 8.400002 1.124884 3.859026
v 9.100002 1.317350 1.093821
v 9.100002 1.124884 0.893821
v 9.100002 1.124884 3.697514
v -9.100002 -5.179881 10.588740
v -9.100002 -5.179881 13.192434
v -9.100002 -5.372346 13.353947
v 9.100002 5.372346 8.453693
v 9.100002 5.372346 5.650000
v 9.100002 5.179881 5.850000
v -9.100002 -6.092875 3.697514
v -8.400002 -6.092875 0.893821
v -8.400002 -6.092875 3.859026
v -8.400002 -6.092875 3.859026
v -8.400002 -6.285341 1.093821
v -8.400002 -6.285341 3.697514
v -8.400002 5.372346 8.615206
v -9.100002 5.372346 5.850000
v -8.400002 5.372346 5.650000
v 9.100002 -6.092875 8.615206
v 8.400002 -6.092875 5.850000
v 9.100002 -6.092875 5.650000
v 9.100002 -5.372346 8.453693
v 8.400002 -5.372346 5.650000
v 8.400002 -5.372346 8.453693
v -8.400002 10.340337 8.453693
v -8.400002 10.340337 5.650000
v -8.400002 10.147872 5.850000
v -9.100002 -6.285341 1.093821
v -9.100002 -6.092875 0.893821
v -9.100002 -6.092875 3.697514
v 8.400002 -1.124884 3.859026
v 9.100002 -1.124884 3.859026
v 8.400002 -5.179881 3.859026
v -2.649998 -3.632350 12.179079
v -2.649996 -1.123477 12.379080
v -2.649996 -1.318481 12.179079
v -9.100002 6.285341 8.615206
v -9.100002 10.147872 8.615206
v -8.400002 6.092875 8.615206
v -2.649996 3.887495 2.864515
v -2.649998 1.378621 2.664515
v -2.649998 1.183617 2.864515
v -2.649996 3.692491 2.664515
v -2.649996 3.887495 -0.095359
v -2.649996 3.692491 -0.095359
v 3.349999 1.378622 12.179079
v 3.349997 3.887496 12.379080
v 3.349997 3.692492 12.179079
v -2.850001 -4.150002 10.388168
v 0.349999 -4.150002 10.588169
v -2.850001 -4.150002 10.588169
v -9.100002 1.124884 8.615206
v -9.100002 1.317350 5.850000
v -9.100002 1.317350 8.453693
v 2.649996 -1.318481 2.664515
v 2.649998 -3.827354 2.864515
v 2.649998 -3.632350 2.664515
v 2.649996 -1.123477 2.864515
v 2.649996 -1.123477 -0.095359
v 2.649996 -1.318481 -0.095359
v 2.649996 -1.318481 7.400429
v 2.649998 -3.827354 7.600429
v 2.649998 -3.632350 7.400429
v 2.649996 -1.123477 7.600429
v 2.649996 -1.123477 4.640555
v 2.649996 -1.318481 4.640555
v -9.100002 6.092875 3.859026
v -8.400002 6.092875 1.093821
v -9.100002 6.092875 0.893821
v -8.400002 -10.340337 3.697514
v -8.400002 -10.147872 1.093821
v -8.400002 -10.340337 0.893821
v -8.400002 5.372346 0.893821
v -8.400002 1.124884 0.893821
v -8.400002 5.179881 1.093821
v -8.400002 1.124884 1.093821
v -8.400002 1.317351 1.093821
v -8.400002 10.340337 13.192434
v -8.400002 10.340337 10.388741
v -8.400002 10.147872 10.588740
v -9.100002 1.124884 13.353947
v -9.100002 1.317350 10.588740
v -9.100002 1.317350 13.192434
v -9.100002 5.372346 13.192434
v -8.400002 5.372346 10.388741
v -8.400002 5.372346 13.353947
v 8.400002 -1.124884 5.650000
v 8.400002 -5.179881 5.650000
v 9.100002 -5.179881 5.650000
v 8.400002 -5.372346 5.650000
v 9.100002 -5.372346 5.650000
v 9.100002 -5.179881 5.650000
v 8.400002 -5.179881 5.650000
v 8.400002 -1.124884 5.650000
v 9.100002 -1.124884 5.650000
v 9.100002 -10.340337 8.453693
v 8.400002 -10.340337 5.650000
v 8.400002 -10.340337 8.453693
v -9.100002 5.372346 13.353947
v -8.400002 5.179881 13.353947
v -8.400002 1.317351 13.353947
v -8.400002 10.340337 0.893821
v -8.400002 6.092875 0.893821
v -8.400002 10.147872 1.093821
v -8.400002 6.092875 1.093821
v -8.400002 6.285341 1.093821
v -9.100002 10.340337 3.697514
v -9.100002 10.147872 1.093821
v -9.100002 10.340337 0.893821
v -9.100002 1.124884 3.859026
v -9.100002 1.317350 1.093821
v -9.100002 1.317350 3.697514
v -9.100002 10.340337 3.697514
v -8.400002 10.340337 0.893821
v -8.400002 10.340337 3.697514
v -9.100002 5.372346 3.697514
v -9.100002 5.179881 1.093821
v -9.100002 5.372346 0.893821
v 9.100002 1.317351 0.893821
v 8.400002 5.372346 0.893821
v 8.400002 1.317350 0.893821
v 8.400002 1.124884 0.893821
v 9.100002 1.124884 0.893821
v 8.400002 -5.372346 0.893821
v 8.400002 -1.124884 0.893821
v 8.400002 -5.179881 1.093821
v 8.400002 -1.124884 1.093821
v 8.400002 -1.317351 1.093821
v 9.100002 6.092875 13.353947
v 9.100002 6.285341 10.588740
v 9.100002 6.092875 10.388741
v 8.400002 -6.092875 3.697514
v 9.100002 -6.092875 0.893821
v 9.100002 -6.092875 3.859026
v 8.400002 -10.340337 5.650000
v 8.400002 -6.092875 5.650000
v 8.400002 -10.147872 5.850000
v 8.400002 -6.092875 5.850000
v 8.400002 -6.285341 5.850000
v -9.100002 1.124884 3.859026
v -8.400002 5.179881 3.859026
v -8.400002 1.124884 3.859026
v 9.100002 -5.372346 8.453693
v 9.100002 -5.179881 5.850000
v 9.100002 -5.372346 5.650000
v 9.100002 -10.340337 8.453693
v 9.100002 -10.147872 5.850000
v 9.100002 -10.340337 5.650000
v 8.400002 -5.372346 8.453693
v 8.400002 -5.372346 5.650000
v 8.400002 -5.179881 5.850000
v 8.400002 -10.340337 13.192434
v 8.400002 -10.340337 10.388741
v 8.400002 -10.147872 10.588740
v 8.400002 -6.285341 13.192434
v 8.400002 -6.285341 10.588740
v 8.400002 -6.092875 13.353947
v -8.400002 -5.179881 5.850000
v -8.400002 -5.372346 5.650000
v -8.400002 -5.372346 8.453693
v -8.400002 -6.092875 5.650000
v -8.400002 -6.285341 5.850000
v -8.400002 -6.092875 8.615206
v 9.100002 -1.124884 13.353947
v 9.100002 -1.317350 10.588740
v 9.100002 -1.317350 13.192434
v 9.100002 -6.092875 8.615206
v 9.100002 -6.285341 5.850000
v 9.100002 -6.285341 8.453693
v 9.100002 -5.372346 13.192434
v 9.100002 -5.179881 10.588740
v 9.100002 -5.372346 10.388741
v 9.100002 -1.124884 8.615206
v 9.100002 -1.317350 5.850000
v 9.100002 -1.317350 8.453693
v 9.100002 -5.372346 13.192434
v 8.400002 -5.372346 10.388741
v 8.400002 -5.372346 13.353947
v 8.400002 -5.372346 13.353947
v 8.400002 -5.179881 10.588740
v 8.400002 -5.179881 13.192434
v 9.100002 -10.340337 3.697514
v 9.100002 -10.147872 1.093821
v 9.100002 -10.340337 0.893821
v -9.100002 1.124884 3.859026
v -8.400002 1.124884 1.093821
v -9.100002 1.124884 0.893821
v 9.100002 -10.340337 3.697514
v 8.400002 -10.340337 0.893821
v 8.400002 -10.340337 3.859026
v 8.400002 -6.092875 3.697514
v 8.400002 -6.285341 1.093821
v 8.400002 -6.092875 0.893821
v 9.100002 -5.372346 3.697514
v 9.100002 -5.179881 1.093821
v 9.100002 -5.372346 0.893821
v -9.100002 6.092875 13.353947
v -9.100002 6.285341 10.588740
v -9.100002 6.285341 13.192434
v 9.100002 1.124884 8.615206
v 9.100002 1.124884 5.650000
v 8.400002 1.124884 5.850000
v 9.100002 -1.124884 3.859026
v 9.100002 -1.317350 1.093821
v 9.100002 -1.317350 3.697514
v 9.100002 -5.372346 3.697514
v 8.400002 -5.372346 0.893821
v 8.400002 -5.372346 3.859026
v 9.100002 10.147872 5.850000
v 9.100002 10.340337 5.650000
v 9.100002 6.092875 5.650000
v 9.100002 6.092875 5.850000
v 9.100002 6.285341 5.850000
v -9.100002 5.372346 13.192434
v -9.100002 5.179881 10.588740
v -9.100002 5.372346 10.388741
v 8.400002 -10.147872 1.093821
v 8.400002 -10.340337 3.859026
v 8.400002 -10.340337 0.893821
v 9.100002 1.124884 8.615206
v 9.100002 1.317350 8.453693
v 9.100002 1.317350 5.850000
v 9.100002 5.372346 13.192434
v 9.100002 5.372346 10.388741
v 9.100002 5.179881 10.588740
v 9.100002 1.124884 13.353947
v 9.100002 1.124884 10.388741
v 8.400002 1.124884 10.588740
v 8.400002 5.372346 13.192434
v 9.100002 5.372346 10.388741
v 9.100002 5.372346 13.192434
v 2.649996 3.692491 2.664515
v 2.649998 1.183617 2.864515
v 2.649998 1.378621 2.664515
v 2.649996 3.887495 2.864515
v 2.649996 3.887495 -0.095359
v 2.649996 3.692491 -0.095359
v 9.100002 10.147872 1.093821
v 9.100002 10.340337 0.893821
v 9.100002 6.092875 0.893821
v 9.100002 6.092875 1.093821
v 9.100002 6.285341 1.093821
v 0.349999 -4.150002 10.388168
v 0.349999 -8.850002 10.588169
v 0.349999 -4.150002 10.588169
v 8.400002 5.179881 1.093821
v 8.400002 5.372346 0.893821
v 8.400002 5.372346 3.859026
v -9.100002 -5.372346 3.697514
v -9.100002 -5.372346 0.893821
v -9.100002 -5.179881 1.093821
v 8.400002 1.124884 3.859026
v 8.400002 1.124884 0.893821
v 8.400002 1.317351 1.093821
v 8.400002 1.317351 3.697514
v 8.400002 1.317351 1.093821
v -2.649996 -1.123477 7.600429
v -2.649998 -3.632350 7.400429
v -2.649998 -3.827354 7.600429
v -2.649996 -1.318481 7.400429
v -2.649996 -1.123477 4.640555
v -2.649996 -1.318481 4.640555
v -3.349999 -3.827354 7.600429
v -3.349997 -1.318480 7.400429
v -3.349997 -1.123476 7.600429
v -3.349999 -3.632349 7.400429
v -3.349999 -3.827354 4.640555
v -3.349999 -3.632349 4.640555
v -8.400002 -5.372346 8.453693
v -9.100002 -5.372346 5.650000
v -9.100002 -5.372346 8.453693
v -9.100002 -10.147872 10.588740
v -9.100002 -10.340337 13.353947
v -9.100002 -10.340337 10.388741
v 1.351939 11.149998 2.864515
v 1.156935 11.149998 2.664515
v -1.156935 11.149998 2.664515
v -1.351939 11.149998 2.864515
v -1.351939 11.149998 -0.095359
v -1.156935 11.149998 -0.095359
v -1.351939 11.849998 2.864515
v -1.156935 11.849998 2.664515
v 1.156935 11.849998 2.664515
v 3.349999 1.378622 2.664515
v 3.349997 3.887496 2.864515
v 3.349997 3.692492 2.664515
v -3.349997 -1.318480 12.179079
v -3.349999 -3.827354 12.379080
v -3.349999 -3.632349 12.179079
v -3.349997 -1.123476 12.379080
v -3.349997 -1.123476 9.419206
v -3.349997 -1.318480 9.419206
v 8.400002 6.092875 3.859026
v 9.100002 6.092875 1.093821
v 8.400002 6.092875 0.893821
v 3.349999 -3.632349 2.664515
v 3.349997 -1.123476 2.864515
v 3.349997 -1.318480 2.664515
v -9.100002 6.092875 3.859026
v -9.100002 6.285341 1.093821
v -9.100002 6.285341 3.697514
v 3.349999 1.378622 7.400429
v 3.349997 3.887496 7.600429
v 3.349997 3.692492 7.400429
v 2.649998 1.183617 12.379080
v 2.649996 3.692491 12.179079
v 2.649996 3.887495 12.379080
v 2.649998 1.378621 12.179079
v 2.649998 1.183617 9.419206
v 2.649998 1.378621 9.419206
v -9.100002 -6.092875 8.615206
v -9.100002 -6.285341 8.453693
v -9.100002 -6.285341 5.850000
v -9.100002 -6.092875 8.615206
v -9.100002 -10.147872 8.453693
v -9.100002 -1.124884 8.615206
v -9.100002 -1.317350 8.453693
v -9.100002 -1.317350 5.850000
v -9.100002 -5.372346 8.615206
v -9.100002 -5.179881 8.453693
v -8.400002 -10.340337 3.697514
v -9.100002 -10.340337 0.893821
v -9.100002 -10.340337 3.859026
v 2.649996 3.692491 7.400429
v 2.649998 1.183617 7.600429
v 2.649998 1.378621 7.400429
v 2.649996 3.887495 7.600429
v 2.649996 3.887495 4.640555
v 2.649996 3.692491 4.640555
v -9.100002 -1.317351 5.650000
v -8.400002 -5.372346 5.650000
v -8.400002 -1.317350 5.650000
v -8.400002 -1.124884 5.650000
v -9.100002 -1.124884 5.650000
v 8.400002 5.372346 8.453693
v 9.100002 5.372346 5.650000
v 9.100002 5.372346 8.453693
v -2.649998 1.378621 12.179079
v -2.649996 3.887495 12.379080
v -2.649996 3.692491 12.179079
v 9.100002 -1.124884 3.859026
v 8.400002 -1.124884 1.093821
v 9.100002 -1.124884 0.893821
v -2.649996 -1.123477 2.864515
v -2.649998 -3.632350 2.664515
v -2.649998 -3.827354 2.864515
v -2.649996 -1.318481 2.664515
v -2.649996 -1.123477 -0.095359
v -2.649996 -1.318481 -0.095359
v -2.649996 3.887495 7.600429
v -2.649998 1.378621 7.400429
v -2.649998 1.183617 7.600429
v -2.649996 3.692491 7.400429
v -2.649996 3.887495 4.640555
v -2.649996 3.692491 4.640555
v -3.349999 -3.827354 2.864515
v -3.349997 -1.318480 2.664515
v -3.349997 -1.123476 2.864515
v -3.349999 -3.632349 2.664515
v -3.349999 -3.827354 -0.095359
v -3.349999 -3.632349 -0.095359
v -8.400002 -1.317351 13.353947
v -9.100002 -5.179881 13.353947
v -9.100002 -1.124884 13.353947
v 2.649998 -3.827354 12.379080
v 2.649996 -1.318481 12.179079
v 2.649996 -1.123477 12.379080
v 2.649998 -3.632350 12.179079
v 2.649998 -3.827354 9.419206
v 2.649998 -3.632350 9.419206
v 9.100002 -6.092875 3.859026
v 9.100002 -6.285341 1.093821
v 9.100002 -6.285341 3.697514
v 3.349999 -3.632349 12.179079
v 3.349997 -1.123476 12.379080
v 3.349997 -1.318480 12.179079
v -9.100002 -6.285341 10.588740
v -9.100002 -6.092875 10.388741
v -9.100002 -6.092875 13.192434
v -9.000000 6.250000 1.000000
v -9.000000 5.249999 1.000000
v -8.999999 10.250000 1.000000
v -8.999999 10.250000 3.750000
v -8.999999 10.250000 5.750000
v -9.000000 6.250000 5.750000
v 3.249999 0.249998 9.000000
v 3.249999 1.249998 7.500000
v 3.249999 0.249998 4.750000
v 3.249999 3.749998 7.500000
v 3.250003 11.249998 9.000000
v 3.250003 11.249998 4.750000
v 3.249999 3.749998 4.750000
v 1.250002 11.749998 0.000000
v 9.000004 11.749996 15.250000
v 3.250002 11.749998 15.250000
v -8.999999 11.750000 8.500000
v -8.999999 11.750000 15.250000
v -1.249998 11.749998 2.750000
v -8.999999 11.750000 0.000000
v -1.249998 11.749998 0.000000
v 8.499994 -10.250006 13.250000
v 8.999994 -10.250006 13.250000
v 8.499995 -6.250002 13.250000
v -3.249997 11.249998 9.500000
v -3.250001 3.749998 12.250000
v -3.250001 3.749998 9.500000
v -3.250001 1.249998 12.250000
v -3.250001 0.249998 13.750000
v -3.249997 11.249998 13.750000
v -3.249997 11.249998 13.750000
v -3.250001 3.749998 12.250000
v -3.249997 11.249998 9.500000
v 8.500002 5.249996 10.500000
v 8.500002 5.249996 13.250000
v 9.000002 5.249996 10.500000
v 8.499994 -10.250006 3.750000
v 8.999994 -10.250006 3.750000
v 8.499995 -6.250002 3.750000
v 3.249995 -11.250002 -0.000000
v 3.249999 -3.750002 2.750000
v 3.249999 -3.750002 -0.000000
v 3.249999 -0.250002 4.250000
v 3.249999 -1.250002 2.750000
v 3.249995 -11.250002 4.250000
v 3.249995 -11.250002 4.250000
v 3.249999 -3.750002 2.750000
v 3.249995 -11.250002 -0.000000
v 8.999998 -6.250002 1.000000
v 8.499998 -6.250002 1.000000
v 8.999995 -6.250002 3.750000
v -2.750005 -4.750002 9.000000
v -2.750005 -4.750002 9.500000
v -0.250005 -4.750002 9.000000
v -0.250001 -4.750002 10.500000
v -2.750005 -4.750002 9.500000
v -2.750001 -4.750002 10.500000
v 8.999998 -6.250002 5.750000
v 8.499998 -6.250002 5.750000
v 8.999995 -6.250002 8.500000
v -3.249997 11.249998 4.750000
v -3.250001 3.749998 7.500000
v -3.250001 3.749998 4.750000
v -3.250001 0.249998 9.000000
v -3.250001 1.249998 7.500000
v -3.249997 11.249998 9.000000
v -3.249997 11.249998 9.000000
v -3.250001 3.749998 7.500000
v -3.249997 11.249998 4.750000
v -8.500002 -5.250002 3.750000
v -8.500001 -0.249999 4.250000
v -8.500001 -1.249999 3.750000
v -8.500002 -6.250002 3.750000
v -8.500002 -5.250002 1.000000
v -8.500002 -6.250002 1.000000
v -9.000002 -8.750002 8.500000
v -8.500002 -6.250002 8.500000
v -9.000002 -6.250002 8.500000
v -8.500003 -10.249997 8.500000
v -9.000002 -8.750002 8.500000
v -9.000003 -10.249997 8.500000
v 9.000004 10.249996 3.750000
v 8.500004 10.249996 3.750000
v 9.000003 6.249996 3.750000
v -8.499999 10.250000 3.750000
v -8.999999 10.250000 3.750000
v -8.500000 6.249998 3.750000
v 9.000004 11.749996 15.250000
v 9.000004 10.249996 13.250000
v 9.000003 6.249996 15.250000
v 9.000000 11.750000 -5.000000
v 9.000004 10.249996 5.750000
v 9.000003 6.249996 3.750000
v 9.000004 6.249996 5.750000
v 8.999999 3.749995 1.000000
v 9.000004 6.249996 1.000000
v 8.999999 1.249995 1.000000
v 9.000000 -11.750000 -5.000000
v 8.999999 -1.250005 1.000000
v 9.000000 11.750000 -5.000000
v 9.000004 10.249996 1.000000
v 8.999999 -1.250005 3.750000
v 8.999999 1.249995 3.750000
v 8.999998 -6.250002 1.000000
v 8.999998 -5.250002 1.000000
v 8.999999 1.249995 5.750000
v 8.999999 3.749995 5.750000
v 8.999999 -1.250005 5.750000
v 8.999999 -1.250005 8.500000
v 8.999999 1.249995 8.500000
v 8.999998 -6.250002 1.000000
v 8.999994 -10.250006 1.000000
v 8.999994 -11.750006 -0.000000
v 8.999994 -10.250006 3.750000
v 8.999999 -1.250005 10.500000
v 8.999999 1.249995 10.500000
v 8.999999 3.749995 10.500000
v 8.999999 -1.250005 13.250000
v 8.999999 1.249995 13.250000
v 9.000003 6.249996 15.250000
v 9.000004 10.249996 13.250000
v 9.000003 6.249996 13.250000
v 9.000004 10.249996 10.500000
v 9.000003 6.249996 8.500000
v 9.000004 6.249996 10.500000
v 8.999998 -5.250002 1.000000
v 8.999999 -1.250005 1.000000
v 9.000000 -11.750000 -5.000000
v 8.999999 -1.250005 3.750000
v 8.999999 1.249995 1.000000
v 8.999999 -1.250005 1.000000
v 8.999999 -1.250005 5.750000
v 8.999999 1.249995 3.750000
v 8.999996 -3.750002 3.750000
v 8.999998 -5.250002 5.750000
v 8.999995 -6.250002 4.250000
v 8.999998 -6.250002 5.750000
v 8.999996 -5.250002 3.750000
v 8.999995 -6.250002 3.750000
v 8.999998 -6.250002 1.000000
v 8.999998 -5.250002 1.000000
v 8.999996 -8.750006 5.750000
v 8.999995 -6.250002 3.750000
v 8.999994 -10.250006 3.750000
v 8.999994 -10.250006 5.750000
v 8.999999 -1.250005 8.500000
v 8.999999 1.249995 5.750000
v 8.999996 -5.250002 8.500000
v 8.999998 -5.250002 5.750000
v 8.999995 -6.250002 8.500000
v 8.999996 -8.750006 10.500000
v 8.999994 -10.250006 8.500000
v 8.999994 -10.250006 10.500000
v 8.999996 -3.750002 8.500000
v 8.999998 -6.250002 10.500000
v 8.999998 -5.250002 10.500000
v 8.999999 -1.250005 10.500000
v 8.999999 1.249995 8.500000
v 8.999994 -11.750006 15.250000
v 8.999994 -11.750006 -0.000000
v 8.999999 -1.250005 13.250000
v 8.999999 1.249995 10.500000
v 8.999996 -5.250002 13.250000
v 8.999998 -5.250002 10.500000
v 8.999995 -6.250002 13.250000
v 8.999994 -10.250006 13.250000
v 8.999996 -3.750002 15.250000
v 8.999996 -3.750002 13.250000
v 8.999999 1.249995 13.250000
v 9.000002 5.249996 15.250000
v 9.000002 5.249996 13.250000
v 9.000003 6.249996 13.250000
v 9.000003 6.249996 15.250000
v 9.000002 5.249996 10.500000
v 9.000004 6.249996 10.500000
v 9.000003 6.249996 8.500000
v 9.000002 5.249996 8.500000
v 8.999999 3.749995 10.500000
v 9.000002 5.249996 5.750000
v 9.000004 6.249996 5.750000
v 9.000002 5.249996 3.750000
v 8.999999 3.749995 5.750000
v 9.000003 6.249996 3.750000
v 9.000002 5.249996 1.000000
v 9.000004 6.249996 1.000000
v 9.000004 10.249996 10.500000
v 9.000004 10.249996 8.500000
v 9.000004 11.749996 15.250000
v 9.000004 10.249996 13.250000
v 9.000004 10.249996 5.750000
v 9.000004 10.249996 3.750000
v 9.000000 11.750000 -5.000000
v 9.000004 10.249996 1.000000
v -9.000000 6.250000 10.500000
v -8.500000 6.250000 10.500000
v -9.000000 6.249998 13.250000
v 8.500004 6.249996 1.000000
v 9.000004 6.249996 1.000000
v 8.500003 6.249996 3.750000
v -2.750005 -1.250002 9.500000
v -2.750001 1.249998 12.250000
v -2.750005 1.249998 9.500000
v -2.750001 3.749998 12.250000
v -2.750005 11.249998 13.750000
v -2.750005 -11.250002 13.750000
v -2.750001 -1.250002 12.250000
v -2.750001 -3.750002 12.250000
v -2.750001 -4.750002 10.500000
v -2.750001 -4.250002 10.500000
v -2.750005 -3.750002 9.500000
v -2.750001 -4.250002 10.500000
v -2.750005 -3.750002 9.500000
v -2.750005 -4.250002 9.500000
v -2.750001 -1.250002 12.250000
v -2.750001 1.249998 12.250000
v -2.750005 -1.250002 9.500000
v -9.000000 5.249996 13.250000
v -9.000000 3.749998 13.250000
v -8.500000 5.249996 13.250000
v -8.500001 1.250001 13.250000
v -9.000000 3.749998 13.250000
v -9.000001 1.250001 13.250000
v 8.500004 6.249996 5.750000
v 9.000004 6.249996 5.750000
v 8.500003 6.249996 8.500000
v -8.500003 -11.249997 15.250000
v -9.000002 -8.750002 15.250000
v -8.500002 -5.250002 15.250000
v -8.500003 -11.249997 15.250000
v -9.000003 -10.249997 15.250000
v -8.500003 -11.249997 15.250000
v -9.000003 -11.249997 15.250000
v -9.000003 -11.749997 15.250000
v 8.499994 -11.250006 15.250000
v 8.999994 -11.750006 15.250000
v 2.749995 11.249998 9.000000
v 2.749999 3.749998 7.500000
v 2.749995 11.249998 4.750000
v 2.749995 -11.250002 9.000000
v 2.749999 1.249998 7.500000
v 2.749995 -1.250002 4.750000
v 2.749995 1.249998 4.750000
v 2.749999 -3.750002 7.500000
v 2.749995 -11.250002 4.750000
v 2.749995 -3.750002 4.750000
v 2.749995 11.249998 4.750000
v 2.749999 3.749998 7.500000
v 2.749995 3.749998 4.750000
v 2.749995 11.249998 9.000000
v 2.749999 1.249998 7.500000
v 2.749999 -1.250002 7.500000
v 2.749995 -1.250002 4.750000
v 2.749995 -11.250002 9.000000
v 2.749999 -3.750002 7.500000
v -3.250001 -0.250002 4.750000
v -2.750005 1.249998 4.750000
v -2.750005 -1.250002 4.750000
v 2.749995 3.749998 4.750000
v 2.749995 1.249998 4.750000
v -2.750005 3.749998 4.750000
v 2.749995 11.249998 4.750000
v -2.750005 11.249998 4.750000
v 2.749995 11.249998 4.750000
v 3.249999 3.749998 4.750000
v 3.250003 11.249998 4.750000
v -3.250005 -11.250002 4.250000
v -8.500003 -10.249997 4.250000
v -8.500003 -11.249997 4.250000
v -8.500002 -8.750002 4.250000
v -3.250001 -0.250002 4.250000
v -8.500003 -10.249997 4.250000
v -8.500002 -8.750002 4.250000
v -3.250001 -0.250002 4.250000
v -8.500001 -0.249999 4.250000
v 8.500002 5.249996 4.250000
v 3.249999 0.249998 4.250000
v 8.499999 0.249995 4.250000
v -9.000002 -8.750002 13.250000
v -8.500002 -6.250002 13.250000
v -9.000002 -6.250002 13.250000
v -8.500003 -10.249997 13.250000
v -9.000002 -8.750002 13.250000
v -9.000003 -10.249997 13.250000
v -0.250005 -8.750002 4.250000
v -0.250005 -4.750002 4.750000
v -0.250005 -8.750002 4.750000
v -0.250005 -4.750002 4.750000
v -0.250005 -8.750002 4.250000
v -0.250005 -4.750002 4.250000
v -0.250005 -8.750002 5.750000
v -0.250005 -8.750002 4.750000
v -0.250005 -4.750002 5.750000
v -8.500002 -6.250002 10.500000
v -8.500002 -5.250002 13.250000
v -8.500002 -5.250002 10.500000
v -8.500001 -0.249999 13.750000
v -8.500001 -1.249999 13.250000
v -8.500003 -11.249997 13.750000
v -8.500003 -10.249997 13.250000
v -8.500003 -10.249997 10.500000
v 8.500002 5.249996 13.250000
v 8.500003 6.249996 13.750000
v 8.500002 5.249996 13.750000
v 2.749995 11.249998 13.750000
v 2.749999 3.749998 12.250000
v 2.749995 11.249998 9.500000
v 2.749995 -11.250002 13.750000
v 2.749999 1.249998 12.250000
v 2.749995 -1.250002 9.500000
v 2.749995 1.249998 9.500000
v 2.749999 -3.750002 12.250000
v 2.749995 -11.250002 9.500000
v 2.749995 -3.750002 9.500000
v 2.749995 11.249998 9.500000
v 2.749999 3.749998 12.250000
v 2.749995 3.749998 9.500000
v 2.749995 11.249998 13.750000
v 2.749999 1.249998 12.250000
v 2.749999 -1.250002 12.250000
v 2.749995 -1.250002 9.500000
v 2.749995 -11.250002 13.750000
v 2.749999 -3.750002 12.250000
v -8.499999 11.250000 13.750000
v -8.499999 10.250000 13.250000
v -8.500000 6.249998 13.750000
v -8.500000 5.249996 13.250000
v -8.500001 0.250001 13.750000
v -8.500001 1.250001 13.250000
v -8.500001 1.250001 10.500000
v -8.500000 6.250000 10.500000
v -8.500000 5.249999 10.500000
v -8.500000 6.249998 13.250000
v 2.749995 3.749998 9.500000
v -2.750005 11.249998 9.500000
v 2.749995 11.249998 9.500000
v 2.749995 1.249998 9.500000
v -2.750005 3.749998 9.500000
v 3.249999 3.749998 9.500000
v 3.249999 1.249998 9.500000
v -2.750005 1.249998 9.500000
v 8.499999 3.749995 9.500000
v 8.500004 6.249996 9.500000
v 8.500004 11.249996 9.500000
v 3.250003 11.249998 9.500000
v 3.249999 3.749998 9.500000
v 3.250003 11.249998 9.500000
v -3.250001 0.249998 9.500000
v -3.250001 1.249998 9.500000
v -3.250001 -0.250002 9.500000
v -8.500001 -0.249999 9.500000
v -8.500001 0.250001 9.500000
v -3.250001 -1.250002 9.500000
v -2.750005 -1.250002 9.500000
v -8.500002 -3.750002 9.500000
v -8.500001 -0.249999 9.500000
v -3.250001 -3.750002 9.500000
v 3.249999 1.249998 9.500000
v 8.499999 3.749995 9.500000
v 8.499999 0.249995 9.500000
v 3.249999 0.249998 9.500000
v 2.749995 1.249998 9.500000
v 3.249999 -0.250002 9.500000
v 2.749995 -1.250002 9.500000
v 8.499999 0.249995 9.500000
v 8.499999 -0.250005 9.500000
v -2.750005 -1.250002 9.500000
v -3.250001 -3.750002 9.500000
v -2.750005 -3.750002 9.500000
v -8.500002 -3.750002 9.500000
v -8.500002 -4.750002 9.500000
v -8.500002 -8.750002 9.500000
v -3.250005 -11.250002 9.500000
v 0.249995 -4.250002 9.500000
v -2.750005 -4.250002 9.500000
v -3.250001 -3.750002 9.500000
v -2.750005 -4.750002 9.500000
v -2.750005 -8.750002 9.500000
v 2.749995 -3.750002 9.500000
v 0.249995 -8.750002 9.500000
v -0.250005 -8.750002 9.500000
v -2.750005 -11.250002 9.500000
v 2.749995 -11.250002 9.500000
v 2.749995 3.749998 9.500000
v -2.750005 3.749998 9.500000
v -2.750005 11.249998 9.500000
v -2.750005 1.249998 9.500000
v -3.250001 3.749998 9.500000
v -3.250001 1.249998 9.500000
v -8.500001 1.250001 9.500000
v -8.500001 0.250001 9.500000
v 2.749995 -1.250002 9.500000
v 2.749995 1.249998 9.500000
v -2.750005 -1.250002 9.500000
v 0.249995 -4.250002 9.500000
v -2.750005 -3.750002 9.500000
v 2.749995 -1.250002 9.500000
v 2.749995 -3.750002 9.500000
v 8.499996 -8.750006 9.500000
v 3.249999 -3.750002 9.500000
v 8.499998 -4.750005 9.500000
v 8.499994 -11.250006 9.500000
v 3.249995 -11.250002 9.500000
v 3.249999 -3.750002 9.500000
v 3.249995 -11.250002 9.500000
v 2.749995 -1.250002 9.500000
v 3.249999 -1.250002 9.500000
v 2.749995 -3.750002 9.500000
v 2.749995 -11.250002 9.500000
v 0.249995 -8.750002 9.500000
v -3.249997 11.249998 9.500000
v -8.500000 6.249998 9.500000
v -8.499999 11.250000 9.500000
v -3.250001 3.749998 9.500000
v -8.500000 5.249996 9.500000
v -3.250001 3.749998 9.500000
v -8.500001 1.250001 9.500000
v -3.250001 1.249998 9.500000
v -8.500001 0.250001 9.500000
v -3.250001 1.249998 9.500000
v -3.250001 0.249998 9.500000
v 8.999994 -11.750006 -0.000000
v -9.000003 -11.749997 15.250000
v 8.999994 -11.750006 15.250000
v 9.000004 10.249996 13.250000
v 8.500004 10.249996 13.250000
v 9.000003 6.249996 13.250000
v 8.500002 5.249996 3.750000
v 8.500003 6.249996 4.250000
v 8.500002 5.249996 4.250000
v -8.499999 10.250000 13.250000
v -8.999999 10.250000 13.250000
v -8.500000 6.249998 13.250000
v -9.000000 6.250000 5.750000
v -8.500000 6.250000 5.750000
v -9.000000 6.249998 8.500000
v -9.000000 5.249999 5.750000
v -9.000000 5.249996 8.500000
v -8.500000 5.249999 5.750000
v 3.249995 -11.250002 9.500000
v 3.249999 -3.750002 12.250000
v 3.249999 -3.750002 9.500000
v 3.249999 -0.250002 13.750000
v 3.249999 -1.250002 12.250000
v 3.249995 -11.250002 13.750000
v 3.249995 -11.250002 13.750000
v 3.249999 -3.750002 12.250000
v 3.249995 -11.250002 9.500000
v 8.499995 -6.250002 13.250000
v 8.499994 -11.250006 13.750000
v 8.499994 -10.250006 13.250000
v 8.499996 -5.250002 13.250000
v 8.499999 -0.250005 13.750000
v 8.499999 -1.250005 13.250000
v 8.499999 -1.250005 10.500000
v -2.750005 -4.750002 4.250000
v -2.750005 -8.750002 4.750000
v -2.750005 -4.750002 4.750000
v -2.750005 -4.750002 -0.000000
v -2.750001 -3.750002 2.750000
v -2.750005 -8.750002 4.250000
v -2.750005 -11.250002 -0.000000
v -2.750005 -11.250002 4.250000
v -2.750005 11.249998 4.250000
v -2.750001 3.749998 2.750000
v -2.749997 11.249998 0.000000
v -2.750001 3.749998 0.000000
v -2.750005 -4.750002 4.250000
v -2.750005 -8.750002 4.250000
v -2.750005 -8.750002 4.750000
v -2.750001 3.749998 2.750000
v -2.750001 1.249998 2.750000
v -2.750001 -1.250002 2.750000
v -2.750001 -3.750002 2.750000
v -2.750001 -1.250002 -0.000000
v -2.750001 1.249998 0.000000
v -2.750005 -4.750002 -0.000000
v -2.750001 -3.750002 -0.000000
v -2.750001 -1.250002 2.750000
v -2.750001 1.249998 2.750000
v -2.750001 -1.250002 -0.000000
v -3.249997 11.249998 13.750000
v -8.500000 6.249998 13.750000
v -3.250001 0.249998 13.750000
v 8.500002 5.249996 13.750000
v 3.249999 0.249998 13.750000
v 8.499999 0.249995 13.750000
v -9.000000 5.249999 10.500000
v -9.000000 5.249996 13.250000
v -8.500000 5.249999 10.500000
v 8.499994 -11.250006 15.250000
v -9.000003 -11.749997 15.250000
v -8.500003 -11.249997 15.250000
v 8.999996 -3.750002 15.250000
v 8.999994 -11.750006 15.250000
v 8.500004 11.249996 15.250000
v 9.000002 5.249996 15.250000
v -8.999999 10.250000 15.250000
v -8.499999 11.250000 15.250000
v -9.000000 3.749998 15.250000
v -8.999999 11.750000 15.250000
v -8.999999 11.250000 15.250000
v 3.250002 11.749998 15.250000
v -8.499999 11.250000 15.250000
v 8.500004 11.249996 15.250000
v 8.999996 -3.750002 15.250000
v 8.499994 -11.250006 15.250000
v 9.000002 5.249996 15.250000
v 9.000003 6.249996 15.250000
v 9.000004 11.749996 15.250000
v 3.250002 11.749998 15.250000
v -8.499999 11.250000 15.250000
v -8.999999 11.250000 15.250000
v -8.499999 11.250000 15.250000
v -8.999999 10.250000 15.250000
v -3.249997 11.249998 0.000000
v -3.250001 3.749998 2.750000
v -3.250001 3.749998 0.000000
v -3.250001 0.249998 4.250000
v -3.250001 1.249998 2.750000
v -3.249997 11.249998 4.250000
v -3.249997 11.249998 4.250000
v -3.250001 3.749998 2.750000
v -3.249997 11.249998 0.000000
v -8.500003 -11.249997 15.250000
v -8.500002 -5.250002 15.250000
v -8.500003 -11.249997 14.250000
v -8.499999 11.250000 14.250000
v -8.499999 11.250000 15.250000
v 8.500002 5.249996 1.000000
v 8.500002 5.249996 3.750000
v 9.000002 5.249996 1.000000
v -3.249997 11.249998 4.750000
v -8.500000 6.249998 4.750000
v -8.499999 11.250000 4.750000
v -3.250001 3.749998 4.750000
v -8.500000 5.249996 4.750000
v -3.250001 3.749998 4.750000
v -8.500001 1.250001 4.750000
v -3.250001 1.249998 4.750000
v 2.749995 3.749998 4.750000
v -2.750005 3.749998 4.750000
v 2.749995 11.249998 4.750000
v 3.249999 3.749998 4.750000
v 2.749995 1.249998 4.750000
v 3.249999 1.249998 4.750000
v 8.499999 3.749995 4.750000
v 8.500003 6.249996 4.750000
v 8.500004 11.249996 4.750000
v 3.250003 11.249998 4.750000
v 3.249999 3.749998 4.750000
v 3.250003 11.249998 4.750000
v 3.249999 1.249998 4.750000
v 8.499999 3.749995 4.750000
v 8.499999 0.249995 4.750000
v 3.249999 0.249998 4.750000
v 2.749995 1.249998 4.750000
v 3.249999 -0.250002 4.750000
v 8.499999 0.249995 4.750000
v 8.499999 -0.250005 4.750000
v 2.749995 -1.250002 4.750000
v 2.749995 -3.750002 4.750000
v 0.249995 -4.750002 4.750000
v -2.750005 -1.250002 4.750000
v -0.250005 -4.750002 4.750000
v -8.500001 1.250001 4.750000
v -3.250001 1.249998 4.750000
v -8.500001 0.250001 4.750000
v -3.250001 3.749998 4.750000
v -2.750005 1.249998 4.750000
v -2.750005 3.749998 4.750000
v -8.500001 0.250001 4.750000
v -3.250001 1.249998 4.750000
v -3.250001 0.249998 4.750000
v -8.500002 -3.750002 4.750000
v -3.250001 -3.750002 4.750000
v -8.500002 -4.750002 4.750000
v -2.750005 -1.250002 4.750000
v -3.250001 -1.250002 4.750000
v -2.750005 -3.750002 4.750000
v -0.250005 -4.750002 4.750000
v -2.750005 -4.750002 4.750000
v -3.250001 -3.750002 4.750000
v -2.750005 -8.750002 4.750000
v -0.250005 -8.750002 4.750000
v -2.750005 -11.250002 4.750000
v 2.749995 -11.250002 4.750000
v 0.249995 -8.750002 4.750000
v 0.249995 -4.750002 4.750000
v 2.749995 -3.750002 4.750000
v -8.500002 -3.750002 4.750000
v -8.500001 -0.249999 4.750000
v -3.250001 -3.750002 4.750000
v -8.500002 -4.750002 4.750000
v -3.250005 -11.250002 4.750000
v -8.500003 -11.249997 4.750000
v -3.250001 -0.250002 4.750000
v -2.750005 -1.250002 4.750000
v -8.500001 -0.249999 4.750000
v -3.250001 0.249998 4.750000
v -8.500001 0.250001 4.750000
v -2.750005 1.249998 4.750000
v -3.250001 1.249998 4.750000
v 2.749995 -1.250002 4.750000
v 3.249999 -0.250002 4.750000
v 3.249999 -1.250002 4.750000
v 8.499999 -0.250005 4.750000
v 3.249999 -1.250002 4.750000
v 8.499998 -4.750005 4.750000
v 3.249999 -3.750002 4.750000
v 3.249999 -1.250002 4.750000
v 8.499994 -11.250006 4.750000
v 3.249995 -11.250002 4.750000
v 8.499996 -8.750006 4.750000
v 3.249999 -3.750002 4.750000
v 8.499998 -4.750005 4.750000
v 3.249999 -3.750002 4.750000
v 3.249995 -11.250002 4.750000
v 2.749995 -1.250002 4.750000
v 3.249999 -1.250002 4.750000
v 2.749995 -3.750002 4.750000
v 0.249995 -8.750002 4.750000
v 2.749995 -11.250002 4.750000
v -9.000001 -1.249999 13.250000
v -9.000002 -3.750002 13.250000
v -8.500001 -1.249999 13.250000
v 8.500002 5.249996 5.750000
v 8.500002 5.249996 8.500000
v 9.000002 5.249996 5.750000
v 8.499994 -10.250006 8.500000
v 8.999994 -10.250006 8.500000
v 8.499995 -6.250002 8.500000
v 8.500004 6.249996 10.500000
v 9.000004 6.249996 10.500000
v 8.500003 6.249996 13.250000
v -9.000002 -8.750002 3.750000
v -8.500002 -6.250002 3.750000
v -9.000002 -6.250002 3.750000
v -8.500003 -10.249997 3.750000
v -9.000002 -8.750002 3.750000
v -9.000003 -10.249997 3.750000
v -9.000000 5.249996 8.500000
v -9.000000 3.749998 8.500000
v -8.500000 5.249996 8.500000
v -8.500001 1.250001 8.500000
v -9.000000 3.749998 8.500000
v -9.000001 1.250001 8.500000
v 9.000004 10.249996 8.500000
v 8.500004 10.249996 8.500000
v 9.000003 6.249996 8.500000
v 8.500002 5.249996 9.000000
v 8.500003 6.249996 8.500000
v 8.500003 6.249996 9.000000
v -9.000001 -1.249999 15.250000
v -9.000001 1.250001 13.250000
v -9.000000 3.749998 15.250000
v -9.000002 -5.250002 10.500000
v -9.000002 -5.250002 8.500000
v -9.000001 -1.249999 10.500000
v -9.000001 1.250001 10.500000
v -9.000001 -1.249999 8.500000
v -9.000000 5.249999 10.500000
v -9.000000 3.749998 8.500000
v -9.000002 -5.250002 5.750000
v -9.000002 -5.250002 3.750000
v -9.000002 -4.249998 5.750000
v -9.000001 -3.749999 1.000000
v -9.000001 -11.749998 -5.000000
v -9.000001 3.750001 1.000000
v -9.000002 -5.250002 1.000000
v -9.000001 -11.749998 -5.000000
v -9.000002 -6.250002 1.000000
v -9.000003 -10.249997 1.000000
v -9.000003 -10.249997 5.750000
v -9.000003 -11.749997 15.250000
v -9.000001 -11.749998 -5.000000
v -9.000001 3.750001 1.000000
v -8.999996 11.750003 -5.000000
v -9.000000 5.249999 1.000000
v -8.999999 10.250000 1.000000
v -8.999999 11.750000 0.000000
v -8.999999 10.250000 1.000000
v -8.499999 10.250000 8.500000
v -8.999999 10.250000 8.500000
v -8.500000 6.249998 8.500000
v -9.000000 5.249999 1.000000
v -9.000000 5.249996 3.750000
v -8.500000 5.249999 1.000000
v 8.499999 -0.250005 9.000000
v 8.499999 -1.250005 8.500000
v 8.499999 -1.250005 5.750000
v 8.499994 -11.250006 9.000000
v 8.499995 -6.250002 8.500000
v 8.499994 -10.250006 8.500000
v 3.249999 0.249998 4.250000
v 3.249999 1.249998 2.750000
v 3.249999 0.249998 0.000000
v 3.249999 3.749998 2.750000
v 3.250003 11.249998 4.250000
v 3.250003 11.249998 0.000000
v 3.249999 3.749998 0.000000
v 2.749995 11.249998 4.250000
v 2.749999 3.749998 2.750000
v 2.750003 11.249998 0.000000
v 2.749995 -11.250002 4.250000
v 2.749999 1.249998 2.750000
v 2.749999 -1.250002 -0.000000
v 2.749999 1.249998 0.000000
v 2.749999 -3.750002 2.750000
v 2.749995 -11.250002 -0.000000
v 2.749999 -3.750002 -0.000000
v 2.750003 11.249998 0.000000
v 2.749999 3.749998 2.750000
v 2.749999 3.749998 0.000000
v 2.749995 11.249998 4.250000
v 2.749999 1.249998 2.750000
v 2.749999 -1.250002 2.750000
v 2.749999 -1.250002 -0.000000
v 2.749995 -11.250002 4.250000
v 2.749999 -3.750002 2.750000
v -3.249997 11.249998 9.000000
v -8.500000 6.249998 9.000000
v -3.250001 0.249998 9.000000
v -3.250005 -11.250002 9.000000
v -8.500003 -10.249997 9.000000
v -8.500003 -11.249997 9.000000
v -8.500002 -8.750002 9.000000
v -3.250001 -0.250002 9.000000
v -8.500003 -10.249997 9.000000
v -8.500002 -8.750002 9.000000
v -3.250001 -0.250002 9.000000
v -8.500001 -0.249999 9.000000
v 8.500002 5.249996 9.000000
v 3.249999 0.249998 9.000000
v 8.499999 0.249995 9.000000
v -2.749997 11.249998 0.000000
v -1.249997 11.249998 2.750000
v -1.249997 11.249998 0.000000
v -2.750005 11.249998 4.250000
v -2.749997 11.249998 0.000000
v 2.749995 11.249998 4.250000
v 1.250003 11.249998 2.750000
v -9.000000 6.250000 1.000000
v -8.500000 6.250000 1.000000
v -9.000000 6.249998 3.750000
v 3.249999 0.249998 13.750000
v 3.249999 1.249998 12.250000
v 3.249999 0.249998 9.500000
v 3.249999 3.749998 12.250000
v 3.250003 11.249998 13.750000
v 3.250003 11.249998 9.500000
v 3.249999 3.749998 9.500000
v -2.750005 -4.750002 9.000000
v -2.750005 -8.750002 9.500000
v -2.750005 -4.750002 9.500000
v -2.750001 -3.750002 7.500000
v -2.750005 -4.750002 4.750000
v -2.750005 -8.750002 9.000000
v -2.750005 -8.750002 4.750000
v -2.750005 -11.250002 4.750000
v -2.750005 -11.250002 9.000000
v -2.750005 11.249998 9.000000
v -2.750001 3.749998 7.500000
v -2.750005 11.249998 4.750000
v -2.750005 3.749998 4.750000
v -2.750005 -4.750002 9.000000
v -2.750005 -8.750002 9.000000
v -2.750005 -8.750002 9.500000
v -2.750001 1.249998 7.500000
v -2.750001 3.749998 7.500000
v -2.750001 -1.250002 7.500000
v -2.750005 1.249998 4.750000
v -2.750001 -3.750002 7.500000
v -2.750005 -4.750002 4.750000
v -2.750005 -3.750002 4.750000
v -2.750001 -1.250002 7.500000
v -2.750005 1.249998 4.750000
v -2.750005 -1.250002 4.750000
v -3.250001 -0.250002 13.750000
v -3.250001 -1.250002 12.250000
v -3.250001 -0.250002 9.500000
v -3.250001 -3.750002 12.250000
v -3.250005 -11.250002 13.750000
v -3.250005 -11.250002 9.500000
v -3.250001 -3.750002 9.500000
v -3.250001 -0.250002 4.250000
v -3.250001 -1.250002 2.750000
v -3.250001 -0.250002 -0.000000
v -3.250001 -3.750002 2.750000
v -3.250005 -11.250002 4.250000
v -3.250005 -11.250002 -0.000000
v -3.250001 -3.750002 -0.000000
v -8.499999 11.250000 9.000000
v -8.499999 10.250000 8.500000
v -8.500000 6.249998 9.000000
v -8.500000 5.249996 8.500000
v -8.500001 0.250001 9.000000
v -8.500001 1.250001 8.500000
v -8.500001 1.250001 5.750000
v -8.500000 6.250000 5.750000
v -8.500000 5.249999 5.750000
v -8.500000 6.249998 8.500000
v 2.749995 -1.250002 9.500000
v 3.249999 -0.250002 9.500000
v 3.249999 -1.250002 9.500000
v 8.499999 -0.250005 9.500000
v 3.249999 -1.250002 9.500000
v 8.499998 -4.750005 9.500000
v 3.249999 -3.750002 9.500000
v 3.249999 -1.250002 9.500000
v 3.249995 -11.250002 4.750000
v 3.249999 -3.750002 7.500000
v 3.249999 -3.750002 4.750000
v 3.249999 -0.250002 9.000000
v 3.249999 -1.250002 7.500000
v 3.249995 -11.250002 9.000000
v 3.249995 -11.250002 9.000000
v 3.249999 -3.750002 7.500000
v 3.249995 -11.250002 4.750000
v -8.500002 -6.250002 8.500000
v -8.500002 -5.250002 5.750000
v -8.500002 -6.250002 5.750000
v -8.500002 -5.250002 8.500000
v -8.500001 -0.249999 9.000000
v -8.500001 -1.249999 8.500000
v 8.999998 -6.250002 10.500000
v 8.499998 -6.250002 10.500000
v 8.999995 -6.250002 13.250000
v -3.250001 -0.250002 9.000000
v -3.250001 -1.250002 7.500000
v -3.250001 -0.250002 4.750000
v -3.250001 -3.750002 7.500000
v -3.250005 -11.250002 9.000000
v -3.250005 -11.250002 4.750000
v -3.250001 -3.750002 4.750000
v 9.000002 5.249996 1.000000
v 9.000004 6.249996 1.000000
v 8.999999 3.749995 1.000000
v -3.250001 -0.250002 9.500000
v -2.750005 1.249998 9.500000
v -2.750005 -1.250002 9.500000
v -9.100002 5.372346 3.697514
v -8.400002 5.372346 3.859026
v -9.100002 5.372346 3.859026
v -8.400002 5.372346 0.893821
v -9.100002 5.372346 3.697514
v -9.100002 5.372346 0.893821
v -9.100002 -10.340337 5.650000
v -8.400002 -10.340337 5.650000
v -9.100002 -10.147872 5.650000
v -9.100002 -5.179881 3.697514
v -9.100002 -5.372346 3.859026
v -9.100002 -5.372346 3.697514
v -9.100002 -1.317350 3.697514
v -9.100002 -1.124884 3.859026
v -9.100002 -1.124884 0.893821
v -9.100002 -1.124884 3.859026
v -9.100002 -1.317350 1.093821
v -9.100002 -10.147872 5.650000
v -9.100002 -10.147872 5.850000
v -9.100002 -10.340337 5.650000
v -9.100002 -10.340337 8.453693
v -9.100002 -10.147872 5.850000
v -9.100002 -10.147872 8.453693
v 8.400002 -1.124884 10.388741
v 9.100002 -1.124884 10.388741
v 8.400002 -1.124884 10.588740
v 8.400002 -1.124884 13.353947
v 8.400002 -1.124884 10.588740
v 9.100002 -1.124884 13.353947
v 9.100002 10.340337 3.859026
v 8.400002 10.147872 3.859026
v 8.400002 10.340337 3.859026
v 8.400002 6.285341 3.859026
v 9.100002 6.092875 3.859026
v 8.400002 6.092875 3.859026
v 9.100002 10.340337 3.859026
v 8.400002 6.285341 3.859026
v 8.400002 10.147872 3.859026
v -8.400002 -10.340337 8.453693
v -9.100002 -10.340337 8.615206
v -8.400002 -10.340337 8.615206
v -8.400002 -10.340337 5.650000
v -9.100002 -10.340337 5.650000
v -8.400002 -10.340337 5.850000
v -9.100002 -10.340337 8.453693
v -8.400002 -10.340337 5.850000
v -9.100002 -10.340337 5.650000
v 9.100002 1.124884 13.353947
v 9.100002 1.317350 10.588740
v 9.100002 1.124884 10.388741
v 9.100002 1.317350 13.192434
v 9.100002 1.124884 13.353947
v 9.100002 5.179881 13.192434
v 9.100002 -6.285341 10.388741
v 9.100002 -6.285341 10.588740
v 9.100002 -6.092875 10.388741
v 9.100002 -6.092875 13.192434
v 9.100002 -6.285341 10.588740
v 9.100002 -6.285341 13.192434
v -9.100002 -5.372346 8.453693
v -9.100002 -5.179881 5.850000
v -9.100002 -5.179881 8.453693
v 9.100002 10.340337 3.697514
v 9.100002 10.147872 3.697514
v 9.100002 10.340337 3.859026
v 9.100002 6.092875 3.859026
v 9.100002 6.285341 3.697514
v 9.100002 6.092875 1.093821
v 9.100002 6.285341 3.697514
v 9.100002 10.340337 3.859026
v 9.100002 10.147872 3.697514
v 9.100002 6.092875 1.093821
v 9.100002 6.285341 3.697514
v 9.100002 6.285341 1.093821
v 3.349997 -1.123476 7.600429
v 3.349999 -3.632349 7.400429
v 3.349999 -3.827354 7.600429
v 3.349997 -1.318480 7.400429
v 3.349997 -1.123476 4.640555
v 3.349997 -1.318480 4.640555
v 9.100002 5.372346 10.388741
v 8.400002 5.372346 10.388741
v 9.100002 5.179881 10.388741
v -8.400002 -1.317350 5.650000
v -8.400002 -1.317351 5.850000
v -8.400002 -1.124884 5.650000
v -8.400002 -6.092875 10.388741
v -9.100002 -6.092875 13.192434
v -9.100002 -6.092875 10.388741
v -9.100002 -6.092875 13.192434
v -8.400002 -6.092875 13.353947
v -9.100002 -6.092875 13.353947
v -8.400002 -10.340337 10.388741
v -8.400002 -10.147872 10.388741
v -9.100002 -10.340337 10.388741
v -9.100002 -6.285341 10.388741
v -8.400002 -6.092875 10.388741
v -9.100002 -6.092875 10.388741
v -9.100002 -6.092875 3.697514
v -9.100002 -6.092875 3.859026
v -9.100002 -6.285341 3.697514
v -9.100002 -10.147872 3.697514
v -9.100002 -10.340337 3.859026
v -9.100002 -10.147872 1.093821
v -8.400002 -10.340337 13.353947
v -8.400002 -10.147872 10.588740
v -8.400002 -10.340337 10.388741
v -8.400002 -6.285341 10.388741
v -8.400002 -6.285341 10.588740
v -8.400002 -6.092875 10.388741
v -8.400002 -10.340337 10.388741
v -8.400002 -10.147872 10.588740
v -8.400002 -10.147872 10.388741
v -8.400002 -6.285341 10.588740
v -8.400002 -10.147872 10.388741
v -8.400002 -6.285341 10.388741
v -8.400002 -6.285341 10.588740
v -8.400002 -6.092875 13.353947
v -8.400002 -6.092875 10.388741
v -8.400002 -6.285341 13.192434
v -8.400002 -6.285341 10.588740
v 9.100002 1.124884 3.697514
v 8.400002 1.124884 3.859026
v 9.100002 1.124884 3.859026
v 8.400002 1.124884 0.893821
v 9.100002 1.124884 3.697514
v 9.100002 1.124884 0.893821
v 9.100002 1.317350 1.093821
v 9.100002 1.124884 3.697514
v 9.100002 1.317350 3.697514
v 9.100002 1.124884 0.893821
v 9.100002 1.317350 1.093821
v 9.100002 1.317351 0.893821
v 9.100002 5.179881 1.093821
v 9.100002 1.317351 0.893821
v 9.100002 5.372346 0.893821
v -9.100002 -5.179881 13.353947
v -9.100002 -5.372346 13.353947
v -9.100002 -5.179881 13.192434
v -9.100002 -1.317350 13.192434
v -9.100002 -1.124884 13.353947
v -9.100002 -1.317350 10.588740
v -9.100002 -5.372346 10.388741
v -9.100002 -5.179881 10.588740
v -9.100002 -5.372346 13.353947
v -8.400002 -1.124884 10.388741
v -8.400002 -1.317351 10.588740
v -8.400002 -1.124884 13.353947
v -8.400002 -5.179881 10.588740
v -8.400002 -5.372346 10.388741
v -8.400002 -5.372346 13.353947
v -8.400002 -1.124884 13.353947
v -8.400002 -1.317351 13.192434
v -8.400002 -1.317351 13.353947
v -8.400002 -1.124884 13.353947
v -8.400002 -1.317351 10.588740
v -8.400002 -1.317351 13.192434
v 9.100002 5.179881 5.650000
v 9.100002 5.179881 5.850000
v 9.100002 5.372346 5.650000
v 9.100002 5.372346 8.453693
v 9.100002 5.179881 5.850000
v 9.100002 5.179881 8.453693
v 8.400002 -10.340337 10.388741
v 9.100002 -10.340337 10.388741
v 8.400002 -10.147872 10.388741
v 8.400002 -6.092875 10.388741
v 9.100002 -6.285341 10.388741
v 9.100002 -6.092875 10.388741
v -9.100002 -6.092875 3.697514
v -8.400002 -6.092875 3.859026
v -9.100002 -6.092875 3.859026
v -8.400002 -6.092875 0.893821
v -9.100002 -6.092875 3.697514
v -9.100002 -6.092875 0.893821
v 8.400002 6.092875 0.893821
v 8.400002 6.285341 1.093821
v 8.400002 6.092875 3.859026
v 8.400002 10.147872 3.859026
v 8.400002 10.147872 3.697514
v 8.400002 10.340337 3.859026
v 8.400002 6.092875 3.859026
v 8.400002 6.285341 3.697514
v 8.400002 6.285341 3.859026
v 8.400002 10.147872 3.697514
v 8.400002 10.147872 1.093821
v 8.400002 10.340337 3.859026
v 8.400002 6.092875 3.859026
v 8.400002 6.285341 1.093821
v 8.400002 6.285341 3.697514
v 8.400002 10.147872 1.093821
v 8.400002 10.340337 0.893821
v 8.400002 10.340337 3.859026
v -8.400002 -6.285341 1.093821
v -8.400002 -6.092875 3.859026
v -8.400002 -6.092875 0.893821
v -8.400002 10.340337 10.388741
v -9.100002 10.340337 10.388741
v -8.400002 10.147872 10.388741
v -9.100002 5.372346 5.650000
v -8.400002 5.372346 5.650000
v -9.100002 5.372346 5.850000
v -9.100002 5.372346 8.615206
v -9.100002 5.372346 5.850000
v -8.400002 5.372346 8.615206
v 8.400002 -6.092875 5.650000
v 9.100002 -6.092875 5.650000
v 8.400002 -6.092875 5.850000
v 8.400002 -6.092875 8.615206
v 8.400002 -6.092875 5.850000
v 9.100002 -6.092875 8.615206
v -8.400002 -1.124884 0.893821
v -8.400002 -1.317351 1.093821
v -8.400002 -1.124884 3.859026
v -8.400002 -5.179881 1.093821
v -8.400002 -5.372346 0.893821
v -8.400002 -5.372346 3.859026
v -8.400002 -1.124884 3.859026
v -8.400002 -1.317351 3.697514
v -8.400002 -1.317351 3.859026
v -8.400002 -1.124884 3.859026
v -8.400002 -1.317351 1.093821
v -8.400002 -1.317351 3.697514
v 9.100002 -5.372346 8.453693
v 8.400002 -5.372346 8.615206
v 9.100002 -5.372346 8.615206
v 8.400002 -5.372346 5.650000
v 9.100002 -5.372346 8.453693
v 9.100002 -5.372346 5.650000
v 8.400002 -5.372346 8.615206
v 9.100002 -5.372346 8.453693
v 8.400002 -5.372346 8.453693
v -8.400002 10.147872 5.650000
v -8.400002 10.147872 5.850000
v -8.400002 10.340337 5.650000
v -8.400002 10.340337 8.453693
v -8.400002 10.147872 5.850000
v -8.400002 10.147872 8.453693
v -9.100002 -6.285341 1.093821
v -9.100002 -6.092875 3.697514
v -9.100002 -6.285341 3.697514
v -9.100002 -6.092875 0.893821
v -9.100002 -6.285341 1.093821
v -9.100002 -6.285341 0.893821
v -9.100002 -10.147872 1.093821
v -9.100002 -6.285341 0.893821
v -9.100002 -10.340337 0.893821
v -2.649996 -1.123477 12.379080
v -2.649998 -3.632350 12.179079
v -2.649998 -3.827354 12.379080
v -2.649996 -1.318481 12.179079
v -2.649996 -1.123477 9.419206
v -2.649996 -1.318481 9.419206
v -8.400002 6.285341 8.453693
v -8.400002 10.340337 8.615206
v -8.400002 10.147872 8.453693
v -8.400002 10.147872 8.453693
v -8.400002 10.340337 8.615206
v -8.400002 10.340337 8.453693
v -8.400002 6.285341 8.453693
v -8.400002 6.092875 8.615206
v -8.400002 6.285341 5.850000
v -8.400002 6.092875 5.650000
v -8.400002 6.092875 8.615206
v -8.400002 6.285341 5.850000
v -8.400002 6.285341 13.192434
v -8.400002 10.340337 13.353947
v -8.400002 10.147872 13.192434
v -8.400002 10.147872 13.192434
v -8.400002 10.340337 13.353947
v -8.400002 10.340337 13.192434
v -8.400002 6.285341 13.192434
v -8.400002 6.092875 13.353947
v -8.400002 6.285341 10.588740
v -8.400002 6.092875 10.388741
v -8.400002 6.092875 13.353947
v -8.400002 6.285341 10.588740
v -9.100002 6.285341 8.615206
v -8.400002 6.092875 8.615206
v -9.100002 6.092875 8.615206
v -2.649998 1.378621 2.664515
v -2.649996 3.887495 2.864515
v -2.649996 3.692491 2.664515
v 3.349997 3.887496 12.379080
v 3.349999 1.378622 12.179079
v 3.349999 1.183618 12.379080
v 3.349997 3.692492 12.179079
v 3.349997 3.887496 9.419206
v 3.349997 3.692492 9.419206
v 8.400002 -6.285341 8.453693
v 8.400002 -10.340337 8.615206
v 8.400002 -10.147872 8.453693
v 8.400002 -6.092875 5.850000
v 8.400002 -6.285341 8.453693
v 8.400002 -6.285341 5.850000
v 8.400002 -10.340337 8.453693
v 8.400002 -10.147872 8.453693
v 8.400002 -10.340337 8.615206
v 8.400002 -6.285341 8.453693
v 8.400002 -6.092875 8.615206
v 8.400002 -6.092875 5.850000
v 8.400002 -1.124884 3.859026
v 8.400002 -1.317351 3.697514
v 8.400002 -1.124884 1.093821
v 8.400002 -5.179881 3.697514
v 8.400002 -1.317351 3.697514
v 8.400002 -5.179881 3.859026
v 8.400002 -1.124884 1.093821
v 8.400002 -1.317351 3.697514
v 8.400002 -1.317351 1.093821
v 8.400002 -1.124884 3.859026
v 8.400002 -5.179881 3.859026
v 8.400002 -5.372346 3.859026
v 8.400002 -5.179881 3.697514
v 0.349999 -4.150002 10.388168
v 0.349999 -4.150002 10.588169
v -2.850001 -4.150002 10.388168
v -9.100002 1.124884 5.650000
v -9.100002 1.317350 5.850000
v -9.100002 1.124884 8.615206
v -9.100002 1.317350 5.850000
v -9.100002 1.124884 5.650000
v -9.100002 5.179881 5.850000
v -8.400002 5.372346 5.650000
v -8.400002 5.179881 5.850000
v -8.400002 5.372346 8.615206
v -8.400002 1.317351 8.615206
v -8.400002 1.317351 8.453693
v -8.400002 1.124884 8.615206
v -8.400002 5.372346 8.615206
v -8.400002 5.179881 8.453693
v -8.400002 5.179881 8.615206
v -8.400002 5.179881 8.453693
v -8.400002 1.317351 8.615206
v -8.400002 1.317351 8.453693
v -8.400002 1.317351 5.850000
v -8.400002 1.124884 8.615206
v -8.400002 5.372346 8.615206
v -8.400002 5.179881 5.850000
v -8.400002 5.179881 8.453693
v -8.400002 1.317351 5.850000
v -8.400002 1.124884 5.650000
v -8.400002 1.124884 8.615206
v -8.400002 1.124884 10.388741
v -9.100002 5.179881 10.388741
v -9.100002 1.124884 10.388741
v -8.400002 5.179881 8.615206
v -9.100002 5.372346 8.615206
v -8.400002 5.372346 8.615206
v -9.100002 5.372346 8.615206
v -8.400002 5.179881 8.615206
v -9.100002 5.179881 8.615206
v -8.400002 1.317351 8.615206
v -9.100002 5.179881 8.615206
v -8.400002 5.179881 8.615206
v 2.649998 -3.827354 2.864515
v 2.649996 -1.318481 2.664515
v 2.649996 -1.123477 2.864515
v 2.649998 -3.632350 2.664515
v 2.649998 -3.827354 -0.095359
v 2.649998 -3.632350 -0.095359
v 2.649998 -3.827354 7.600429
v 2.649996 -1.318481 7.400429
v 2.649996 -1.123477 7.600429
v 2.649998 -3.632350 7.400429
v 2.649998 -3.827354 4.640555
v 2.649998 -3.632350 4.640555
v -8.400002 6.092875 0.893821
v -9.100002 6.092875 0.893821
v -8.400002 6.092875 1.093821
v -8.400002 6.092875 3.859026
v -8.400002 6.092875 1.093821
v -9.100002 6.092875 3.859026
v -8.400002 -10.147872 0.893821
v -8.400002 -10.340337 0.893821
v -8.400002 -10.147872 1.093821
v -8.400002 -6.285341 1.093821
v -8.400002 -10.147872 0.893821
v -8.400002 -6.092875 0.893821
v -8.400002 -10.147872 3.697514
v -8.400002 -10.147872 1.093821
v -8.400002 -10.340337 3.697514
v -9.100002 10.340337 10.388741
v -8.400002 10.340337 10.388741
v -9.100002 10.340337 10.588740
v -9.100002 10.340337 13.192434
v -8.400002 10.340337 13.353947
v -9.100002 10.340337 13.353947
v -8.400002 10.340337 10.388741
v -8.400002 10.340337 13.192434
v -9.100002 10.340337 10.588740
v -8.400002 5.372346 0.893821
v -8.400002 5.179881 1.093821
v -8.400002 5.372346 3.859026
v -8.400002 5.179881 3.859026
v -8.400002 5.372346 3.859026
v -8.400002 5.179881 3.697514
v -8.400002 1.124884 3.859026
v -8.400002 1.317351 3.697514
v -8.400002 5.179881 3.697514
v -8.400002 1.124884 1.093821
v -8.400002 1.317351 1.093821
v -8.400002 5.179881 1.093821
v -8.400002 1.124884 0.893821
v -8.400002 1.317351 1.093821
v -8.400002 5.372346 3.859026
v -8.400002 5.179881 1.093821
v -8.400002 5.179881 3.697514
v -8.400002 10.147872 10.388741
v -8.400002 10.147872 10.588740
v -8.400002 10.340337 10.388741
v -8.400002 10.340337 13.192434
v -8.400002 10.147872 10.588740
v -8.400002 10.147872 13.192434
v -9.100002 1.317350 10.588740
v -9.100002 1.124884 13.353947
v -9.100002 1.124884 10.388741
v -8.400002 5.372346 10.388741
v -9.100002 5.372346 13.192434
v -9.100002 5.372346 10.388741
v -9.100002 5.372346 13.192434
v -8.400002 5.372346 13.353947
v -9.100002 5.372346 13.353947
v 9.100002 6.285341 8.453693
v 9.100002 10.340337 8.615206
v 9.100002 10.147872 8.453693
v 9.100002 6.092875 5.850000
v 9.100002 6.285341 8.453693
v 9.100002 6.285341 5.850000
v 9.100002 10.340337 8.453693
v 9.100002 10.147872 8.453693
v 9.100002 10.340337 8.615206
v 9.100002 6.285341 8.453693
v 9.100002 6.092875 8.615206
v 9.100002 6.092875 5.850000
v -8.400002 5.372346 10.388741
v -8.400002 5.179881 10.588740
v -8.400002 5.372346 13.353947
v -8.400002 1.317351 13.353947
v -8.400002 1.317351 13.192434
v -8.400002 1.124884 13.353947
v -8.400002 5.372346 13.353947
v -8.400002 5.179881 13.192434
v -8.400002 5.179881 13.353947
v -8.400002 5.179881 13.192434
v -8.400002 1.317351 13.353947
v -8.400002 1.317351 13.192434
v -8.400002 1.317351 10.588740
v -8.400002 1.124884 13.353947
v -8.400002 5.372346 13.353947
v -8.400002 5.179881 10.588740
v -8.400002 5.179881 13.192434
v -8.400002 1.317351 10.588740
v -8.400002 1.124884 10.388741
v -8.400002 1.124884 13.353947
v 9.100002 -10.340337 8.453693
v 8.400002 -10.340337 8.615206
v 9.100002 -10.340337 8.615206
v 8.400002 -10.340337 5.650000
v 9.100002 -10.340337 8.453693
v 9.100002 -10.340337 5.650000
v 8.400002 -10.340337 8.615206
v 9.100002 -10.340337 8.453693
v 8.400002 -10.340337 8.453693
v -8.400002 5.179881 13.353947
v -9.100002 5.372346 13.353947
v -8.400002 5.372346 13.353947
v -8.400002 10.340337 0.893821
v -8.400002 10.147872 1.093821
v -8.400002 10.340337 3.697514
v -8.400002 10.147872 1.093821
v -8.400002 6.092875 0.893821
v -8.400002 6.285341 1.093821
v -8.400002 10.340337 3.697514
v -8.400002 10.147872 1.093821
v -8.400002 10.147872 3.697514
v -9.100002 10.147872 0.893821
v -9.100002 10.340337 0.893821
v -9.100002 10.147872 1.093821
v -9.100002 6.285341 1.093821
v -9.100002 10.147872 0.893821
v -9.100002 6.092875 0.893821
v -9.100002 10.147872 3.697514
v -9.100002 10.147872 1.093821
v -9.100002 10.340337 3.697514
v -9.100002 1.317350 1.093821
v -9.100002 1.124884 3.859026
v -9.100002 1.124884 0.893821
v -9.100002 10.340337 3.697514
v -8.400002 10.340337 3.859026
v -9.100002 10.340337 3.859026
v -8.400002 10.340337 0.893821
v -9.100002 10.340337 3.697514
v -9.100002 10.340337 0.893821
v -8.400002 10.340337 3.859026
v -9.100002 10.340337 3.697514
v -8.400002 10.340337 3.697514
v -9.100002 5.179881 0.893821
v -9.100002 5.372346 0.893821
v -9.100002 5.179881 1.093821
v -9.100002 1.317350 1.093821
v -9.100002 5.179881 0.893821
v -9.100002 1.124884 0.893821
v -9.100002 5.179881 3.697514
v -9.100002 5.179881 1.093821
v -9.100002 5.372346 3.697514
v 8.400002 5.372346 0.893821
v 9.100002 1.317351 0.893821
v 9.100002 5.372346 0.893821
v 8.400002 1.124884 0.893821
v 8.400002 1.317350 0.893821
v -8.400002 1.124884 3.859026
v -8.400002 1.317351 3.697514
v -8.400002 1.124884 1.093821
v 8.400002 -5.372346 0.893821
v 8.400002 -5.179881 1.093821
v 8.400002 -5.372346 3.859026
v 8.400002 -5.179881 1.093821
v 8.400002 -1.124884 0.893821
v 8.400002 -1.317351 1.093821
v 8.400002 -5.372346 3.859026
v 8.400002 -5.179881 1.093821
v 8.400002 -5.179881 3.697514
v 9.100002 6.285341 13.192434
v 9.100002 10.340337 13.353947
v 9.100002 10.147872 13.192434
v 9.100002 10.340337 10.588740
v 9.100002 10.340337 10.388741
v 9.100002 10.147872 10.588740
v 9.100002 10.147872 13.192434
v 9.100002 10.340337 10.588740
v 9.100002 10.340337 13.192434
v 9.100002 10.147872 13.192434
v 9.100002 10.340337 13.353947
v 9.100002 10.340337 13.192434
v 9.100002 6.285341 13.192434
v 9.100002 6.092875 13.353947
v 9.100002 6.285341 10.588740
v 8.400002 -6.092875 3.697514
v 9.100002 -6.092875 3.859026
v 8.400002 -6.092875 3.859026
v 9.100002 -6.092875 0.893821
v 8.400002 -6.092875 3.697514
v 8.400002 -6.092875 0.893821
v 8.400002 -10.340337 5.650000
v 8.400002 -10.147872 5.850000
v 8.400002 -10.340337 8.453693
v 8.400002 -10.147872 5.850000
v 8.400002 -6.092875 5.650000
v 8.400002 -6.285341 5.850000
v 8.400002 -10.340337 8.453693
v 8.400002 -10.147872 5.850000
v 8.400002 -10.147872 8.453693
v -8.400002 10.340337 5.650000
v -9.100002 10.340337 5.650000
v -8.400002 10.147872 5.650000
v 9.100002 -5.179881 5.650000
v 9.100002 -5.372346 5.650000
v 9.100002 -5.179881 5.850000
v 9.100002 -1.317350 5.850000
v 9.100002 -5.179881 5.650000
v 9.100002 -1.124884 5.650000
v 9.100002 -5.179881 8.453693
v 9.100002 -5.179881 5.850000
v 9.100002 -5.372346 8.453693
v 9.100002 -10.147872 5.650000
v 9.100002 -10.340337 5.650000
v 9.100002 -10.147872 5.850000
v 9.100002 -6.285341 5.850000
v 9.100002 -10.147872 5.650000
v 9.100002 -6.092875 5.650000
v 9.100002 -10.147872 8.453693
v 9.100002 -10.147872 5.850000
v 9.100002 -10.340337 8.453693
v 8.400002 -5.179881 5.650000
v 8.400002 -5.179881 5.850000
v 8.400002 -5.372346 5.650000
v 8.400002 -5.372346 8.453693
v 8.400002 -5.179881 5.850000
v 8.400002 -5.179881 8.453693
v 8.400002 -1.124884 8.615206
v 8.400002 -1.317351 5.850000
v 8.400002 -1.124884 5.650000
v 8.400002 -1.317351 5.850000
v 8.400002 -1.317351 8.453693
v 8.400002 -1.124884 8.615206
v 8.400002 -5.179881 8.453693
v 8.400002 -5.179881 8.453693
v 8.400002 -5.372346 8.615206
v 8.400002 -5.372346 8.453693
v 8.400002 -10.147872 10.388741
v 8.400002 -10.147872 10.588740
v 8.400002 -10.340337 10.388741
v 8.400002 -10.340337 13.192434
v 8.400002 -10.147872 10.588740
v 8.400002 -10.147872 13.192434
v 8.400002 -6.285341 13.192434
v 8.400002 -10.340337 13.353947
v 8.400002 -10.147872 13.192434
v 8.400002 -10.147872 13.192434
v 8.400002 -10.340337 13.353947
v 8.400002 -10.340337 13.192434
v 8.400002 -6.285341 13.192434
v 8.400002 -6.092875 13.353947
v 8.400002 -6.092875 10.388741
v 8.400002 -6.092875 13.353947
v 8.400002 -6.285341 10.588740
v -8.400002 -5.179881 5.850000
v -8.400002 -5.372346 8.453693
v -8.400002 -5.179881 8.453693
v -8.400002 -6.285341 5.850000
v -8.400002 -10.340337 5.650000
v -8.400002 -10.147872 5.850000
v -8.400002 -10.147872 5.850000
v -8.400002 -10.340337 5.650000
v -8.400002 -10.340337 5.850000
v -8.400002 -6.285341 5.850000
v -8.400002 -6.092875 5.650000
v -8.400002 -6.285341 8.453693
v -8.400002 -6.092875 8.615206
v -8.400002 -6.285341 5.850000
v 9.100002 -1.317350 10.588740
v 9.100002 -1.124884 13.353947
v 9.100002 -1.124884 10.388741
v 9.100002 -6.285341 5.850000
v 9.100002 -6.092875 8.615206
v 9.100002 -6.092875 5.650000
v 9.100002 -5.179881 10.388741
v 9.100002 -5.372346 10.388741
v 9.100002 -5.179881 10.588740
v 9.100002 -1.317350 10.588740
v 9.100002 -5.179881 10.388741
v 9.100002 -1.124884 10.388741
v 9.100002 -5.179881 13.192434
v 9.100002 -5.179881 10.588740
v 9.100002 -5.372346 13.192434
v 8.400002 -1.124884 10.588740
v 8.400002 -1.317351 13.192434
v 8.400002 -1.317351 10.588740
v 8.400002 -1.317351 13.353947
v 9.100002 -5.372346 13.353947
v 8.400002 -5.372346 13.353947
v 9.100002 -1.317350 5.850000
v 9.100002 -1.124884 8.615206
v 9.100002 -1.124884 5.650000
v 8.400002 -5.372346 10.388741
v 9.100002 -5.372346 13.192434
v 9.100002 -5.372346 10.388741
v 9.100002 -5.372346 13.192434
v 8.400002 -5.372346 13.353947
v 9.100002 -5.372346 13.353947
v 8.400002 -5.372346 13.353947
v 8.400002 -5.179881 13.192434
v 8.400002 -1.317351 13.353947
v 8.400002 -5.372346 10.388741
v 8.400002 -5.179881 10.588740
v 8.400002 -1.317351 13.353947
v 8.400002 -5.179881 13.192434
v 8.400002 -1.317351 13.192434
v 8.400002 -5.179881 10.588740
v 8.400002 -5.372346 10.388741
v 8.400002 -1.317351 10.588740
v 9.100002 -10.147872 0.893821
v 9.100002 -10.340337 0.893821
v 9.100002 -10.147872 1.093821
v 9.100002 -6.285341 1.093821
v 9.100002 -10.147872 0.893821
v 9.100002 -6.092875 0.893821
v 9.100002 -10.147872 3.697514
v 9.100002 -10.147872 1.093821
v 9.100002 -10.340337 3.697514
v -8.400002 1.124884 0.893821
v -9.100002 1.124884 0.893821
v -8.400002 1.124884 1.093821
v -8.400002 1.124884 3.859026
v -8.400002 1.124884 1.093821
v -9.100002 1.124884 3.859026
v 9.100002 -10.340337 3.697514
v 8.400002 -10.340337 3.859026
v 9.100002 -10.340337 3.859026
v 8.400002 -10.340337 0.893821
v 9.100002 -10.340337 3.697514
v 9.100002 -10.340337 0.893821
v 8.400002 -6.285341 0.893821
v 8.400002 -6.092875 0.893821
v 8.400002 -6.285341 1.093821
v 8.400002 -10.147872 1.093821
v 8.400002 -6.285341 0.893821
v 8.400002 -10.340337 0.893821
v 8.400002 -6.285341 3.697514
v 8.400002 -6.285341 1.093821
v 8.400002 -6.092875 3.697514
v 9.100002 -5.179881 0.893821
v 9.100002 -5.372346 0.893821
v 9.100002 -5.179881 1.093821
v 9.100002 -1.317350 1.093821
v 9.100002 -5.179881 0.893821
v 9.100002 -1.124884 0.893821
v 9.100002 -5.179881 3.697514
v 9.100002 -5.179881 1.093821
v 9.100002 -5.372346 3.697514
v -9.100002 6.285341 10.588740
v -9.100002 6.092875 10.388741
v -9.100002 10.147872 10.588740
v -9.100002 6.092875 10.388741
v -9.100002 6.285341 10.588740
v -9.100002 6.092875 13.353947
v 8.400002 1.124884 5.650000
v 8.400002 1.124884 5.850000
v 9.100002 1.124884 5.650000
v 9.100002 1.124884 8.615206
v 8.400002 1.124884 5.850000
v 8.400002 1.124884 8.615206
v 9.100002 -1.317350 1.093821
v 9.100002 -1.124884 3.859026
v 9.100002 -1.124884 0.893821
v 8.400002 -1.124884 0.893821
v 9.100002 -5.179881 0.893821
v 9.100002 -1.124884 0.893821
v 8.400002 6.092875 5.850000
v 8.400002 6.092875 5.650000
v 8.400002 6.285341 5.850000
v 8.400002 1.124884 10.588740
v 8.400002 1.124884 10.388741
v 8.400002 1.317351 10.588740
v 8.400002 5.179881 10.588740
v 8.400002 5.372346 13.192434
v 8.400002 5.179881 13.192434
v 8.400002 5.179881 10.588740
v 8.400002 5.372346 10.388741
v 8.400002 5.372346 13.192434
v 9.100002 -5.372346 3.697514
v 8.400002 -5.372346 3.859026
v 9.100002 -5.372346 3.859026
v 8.400002 -5.372346 0.893821
v 9.100002 -5.372346 3.697514
v 9.100002 -5.372346 0.893821
v 9.100002 6.092875 5.650000
v 8.400002 10.147872 5.650000
v 8.400002 6.092875 5.650000
v 9.100002 10.147872 5.850000
v 9.100002 6.092875 5.650000
v 9.100002 6.285341 5.850000
v 9.100002 10.340337 8.453693
v 9.100002 10.147872 8.453693
v 9.100002 10.340337 5.650000
v 9.100002 10.147872 5.850000
v 9.100002 10.340337 8.453693
v -9.100002 5.179881 10.388741
v -9.100002 5.372346 10.388741
v -9.100002 5.179881 10.588740
v -9.100002 1.317350 10.588740
v -9.100002 5.179881 10.388741
v -9.100002 1.124884 10.388741
v -9.100002 5.179881 13.192434
v -9.100002 5.179881 10.588740
v -9.100002 5.372346 13.192434
v 8.400002 10.340337 8.615206
v 8.400002 10.147872 5.850000
v 8.400002 10.340337 5.650000
v 8.400002 10.340337 5.650000
v 8.400002 10.147872 5.850000
v 8.400002 10.147872 5.650000
v 8.400002 6.285341 5.850000
v 8.400002 10.147872 5.650000
v 8.400002 6.092875 5.650000
v 8.400002 -6.092875 3.697514
v 8.400002 -6.092875 3.859026
v 8.400002 -6.285341 3.697514
v 8.400002 -10.147872 3.697514
v 8.400002 -10.340337 3.859026
v 8.400002 -10.147872 1.093821
v 8.400002 -6.092875 5.650000
v 9.100002 -10.147872 5.650000
v 9.100002 -6.092875 5.650000
v 9.100002 1.124884 8.615206
v 9.100002 1.317350 5.850000
v 9.100002 1.124884 5.650000
v 9.100002 1.317350 8.453693
v 9.100002 1.124884 8.615206
v 9.100002 5.179881 8.453693
v 8.400002 1.317351 5.850000
v 8.400002 1.317351 8.453693
v 8.400002 1.124884 5.850000
v 8.400002 1.124884 8.615206
v 8.400002 1.124884 5.850000
v 9.100002 10.340337 10.388741
v 9.100002 10.340337 10.588740
v 8.400002 10.340337 10.388741
v 8.400002 10.340337 13.353947
v 9.100002 10.340337 13.192434
v 9.100002 10.340337 13.353947
v 9.100002 5.179881 10.388741
v 9.100002 5.179881 10.588740
v 9.100002 5.372346 10.388741
v 9.100002 5.372346 13.192434
v 9.100002 5.179881 10.588740
v 9.100002 5.179881 13.192434
v 8.400002 10.340337 13.353947
v 8.400002 10.147872 10.588740
v 8.400002 10.340337 10.388741
v 8.400002 6.285341 10.388741
v 8.400002 6.285341 10.588740
v 8.400002 6.092875 10.388741
v 8.400002 10.340337 10.388741
v 8.400002 10.147872 10.588740
v 8.400002 10.147872 10.388741
v 8.400002 6.285341 10.588740
v 8.400002 10.147872 10.388741
v 8.400002 6.285341 10.388741
v 8.400002 6.285341 10.588740
v 8.400002 6.092875 13.353947
v 8.400002 6.092875 10.388741
v 8.400002 6.285341 13.192434
v 8.400002 6.285341 10.588740
v 8.400002 1.124884 10.388741
v 8.400002 1.124884 10.588740
v 9.100002 1.124884 10.388741
v 9.100002 1.124884 13.353947
v 8.400002 1.124884 10.588740
v 8.400002 1.124884 13.353947
v 9.100002 5.372346 10.388741
v 8.400002 5.372346 13.192434
v 8.400002 5.372346 10.388741
v 8.400002 1.124884 5.850000
v 8.400002 1.124884 5.650000
v 8.400002 1.317351 5.850000
v 8.400002 5.179881 5.850000
v 8.400002 5.372346 8.453693
v 8.400002 5.179881 8.453693
v 8.400002 5.179881 5.850000
v 8.400002 5.372346 5.650000
v 8.400002 5.372346 8.453693
v 2.649998 1.183617 2.864515
v 2.649996 3.692491 2.664515
v 2.649996 3.887495 2.864515
v 2.649998 1.378621 2.664515
v 2.649998 1.183617 -0.095359
v 2.649998 1.378621 -0.095359
v 8.400002 1.317351 10.588740
v 8.400002 1.317351 13.192434
v 8.400002 1.124884 10.588740
v 8.400002 1.124884 13.353947
v 8.400002 1.124884 10.588740
v -8.400002 -10.340337 0.893821
v -8.400002 -10.147872 0.893821
v -9.100002 -10.340337 0.893821
v -9.100002 -6.285341 0.893821
v -8.400002 -6.092875 0.893821
v -9.100002 -6.092875 0.893821
v 9.100002 10.147872 1.093821
v 9.100002 6.092875 0.893821
v 9.100002 6.285341 1.093821
v 9.100002 10.340337 3.697514
v 9.100002 10.147872 3.697514
v 9.100002 10.340337 0.893821
v 9.100002 10.147872 1.093821
v 9.100002 10.340337 3.697514
v 0.349999 -8.850002 10.388168
v 0.349999 -8.850002 10.588169
v 0.349999 -4.150002 10.388168
v 8.400002 5.179881 3.859026
v 9.100002 1.124884 3.859026
v 8.400002 1.124884 3.859026
v 9.100002 5.372346 5.650000
v 8.400002 5.372346 5.650000
v 9.100002 5.179881 5.650000
v -8.400002 6.285341 3.697514
v -8.400002 10.340337 3.859026
v -8.400002 10.147872 3.697514
v -8.400002 6.092875 1.093821
v -8.400002 6.285341 3.697514
v -8.400002 6.285341 1.093821
v -8.400002 10.340337 3.697514
v -8.400002 10.147872 3.697514
v -8.400002 10.340337 3.859026
v -8.400002 6.285341 3.697514
v -8.400002 6.092875 3.859026
v -8.400002 6.092875 1.093821
v 8.400002 5.179881 1.093821
v 8.400002 5.372346 3.859026
v 8.400002 5.179881 3.697514
v 8.400002 5.179881 3.859026
v 8.400002 5.179881 3.697514
v 8.400002 5.372346 3.859026
v -9.100002 -5.179881 0.893821
v -9.100002 -5.179881 1.093821
v -9.100002 -5.372346 0.893821
v -9.100002 -5.372346 3.697514
v -9.100002 -5.179881 1.093821
v -9.100002 -5.179881 3.697514
v 9.100002 5.179881 1.093821
v 9.100002 5.372346 3.859026
v 9.100002 5.372346 0.893821
v 8.400002 1.317350 0.893821
v 8.400002 1.317351 1.093821
v 8.400002 1.124884 0.893821
v -2.649998 -3.632350 7.400429
v -2.649996 -1.123477 7.600429
v -2.649996 -1.318481 7.400429
v -3.349997 -1.318480 7.400429
v -3.349999 -3.827354 7.600429
v -3.349999 -3.632349 7.400429
v -3.349997 -1.123476 4.640555
v -3.349997 -1.318480 4.640555
v -3.349997 -1.123476 7.600429
v -8.400002 -5.372346 8.453693
v -9.100002 -5.372346 8.615206
v -8.400002 -5.372346 8.615206
v -9.100002 -5.372346 5.650000
v -8.400002 -5.372346 8.453693
v -8.400002 -5.372346 5.650000
v -9.100002 -5.372346 8.615206
v -8.400002 -5.372346 8.453693
v -9.100002 -5.372346 8.453693
v 9.100002 6.092875 8.615206
v 8.400002 6.092875 5.850000
v 8.400002 6.092875 8.615206
v 8.400002 6.092875 5.850000
v 9.100002 6.092875 5.650000
v 8.400002 6.092875 5.650000
v -9.100002 -6.092875 13.192434
v -9.100002 -6.092875 13.353947
v -9.100002 -6.285341 13.192434
v -9.100002 -10.147872 13.192434
v -9.100002 -10.340337 13.353947
v -9.100002 -10.147872 10.588740
v 1.351939 11.149998 2.864515
v -1.156935 11.149998 2.664515
v -1.351939 11.149998 2.864515
v 1.156935 11.149998 2.664515
v 1.351939 11.149998 -0.095359
v 1.156935 11.149998 -0.095359
v -1.351939 11.849998 2.864515
v 1.156935 11.849998 2.664515
v 1.351939 11.849998 2.864515
v -1.156935 11.849998 2.664515
v -1.351939 11.849998 -0.095359
v -1.156935 11.849998 -0.095359
v -0.350001 -4.850002 10.388168
v -2.850001 -4.150002 10.388168
v -2.850001 -4.850002 10.388168
v 0.349999 -8.850002 10.388168
v -0.350001 -4.850002 10.388168
v -0.350001 -8.850002 10.388168
v -0.350001 -8.850002 10.588169
v -0.350001 -4.850002 10.588169
v 0.349999 -8.850002 10.588169
v 3.349997 3.887496 2.864515
v 3.349999 1.378622 2.664515
v 3.349999 1.183618 2.864515
v 3.349997 3.692492 2.664515
v 3.349997 3.887496 -0.095359
v 3.349997 3.692492 -0.095359
v -9.100002 6.092875 5.650000
v -9.100002 6.285341 5.850000
v -9.100002 6.092875 8.615206
v -9.100002 10.147872 8.615206
v -9.100002 10.147872 8.453693
v -9.100002 10.340337 8.615206
v -9.100002 6.092875 8.615206
v -9.100002 6.285341 8.453693
v -9.100002 6.285341 8.615206
v -9.100002 10.147872 8.453693
v -9.100002 10.147872 5.850000
v -9.100002 10.340337 8.615206
v -9.100002 6.092875 8.615206
v -9.100002 6.285341 5.850000
v -9.100002 6.285341 8.453693
v -9.100002 10.147872 5.850000
v -9.100002 10.340337 5.650000
v -9.100002 10.340337 8.615206
v -3.349999 -3.827354 12.379080
v -3.349997 -1.318480 12.179079
v -3.349997 -1.123476 12.379080
v -3.349999 -3.632349 12.179079
v -3.349999 -3.827354 9.419206
v -3.349999 -3.632349 9.419206
v -8.400002 6.092875 0.893821
v -9.100002 10.147872 0.893821
v -9.100002 6.092875 0.893821
v -9.100002 5.179881 5.850000
v -9.100002 5.372346 5.850000
v -9.100002 5.179881 8.453693
v 9.100002 6.092875 0.893821
v 8.400002 6.092875 0.893821
v 9.100002 6.092875 1.093821
v 9.100002 6.092875 3.859026
v 9.100002 6.092875 1.093821
v 8.400002 6.092875 3.859026
v 3.349997 -1.123476 2.864515
v 3.349999 -3.632349 2.664515
v 3.349999 -3.827354 2.864515
v 3.349997 -1.318480 2.664515
v 3.349997 -1.123476 -0.095359
v 3.349997 -1.318480 -0.095359
v -9.100002 -5.372346 0.893821
v -8.400002 -5.372346 0.893821
v -9.100002 -5.179881 0.893821
v -9.100002 6.285341 1.093821
v -9.100002 6.092875 3.859026
v -9.100002 6.092875 0.893821
v 3.349997 3.887496 7.600429
v 3.349999 1.378622 7.400429
v 3.349999 1.183618 7.600429
v 3.349997 3.692492 7.400429
v 3.349997 3.887496 4.640555
v 3.349997 3.692492 4.640555
v 2.649996 3.692491 12.179079
v 2.649998 1.183617 12.379080
v 2.649998 1.378621 12.179079
v 2.649996 3.887495 9.419206
v 2.649996 3.692491 9.419206
v 2.649996 3.887495 12.379080
v -9.100002 -6.092875 8.615206
v -9.100002 -6.285341 5.850000
v -9.100002 -6.092875 5.650000
v -9.100002 -1.124884 8.615206
v -9.100002 -1.317350 5.850000
v -9.100002 -1.124884 5.650000
v -9.100002 -5.372346 8.453693
v -9.100002 -5.179881 8.453693
v -9.100002 -5.372346 8.615206
v -9.100002 -1.317350 8.453693
v -9.100002 -1.124884 8.615206
v -9.100002 -1.124884 5.650000
v -9.100002 -1.317350 5.850000
v -9.100002 -1.317351 5.650000
v -9.100002 -5.179881 5.850000
v -9.100002 -1.317351 5.650000
v -9.100002 -5.372346 5.650000
v -8.400002 -10.340337 3.697514
v -9.100002 -10.340337 3.859026
v -8.400002 -10.340337 3.859026
v -9.100002 -10.340337 0.893821
v -8.400002 -10.340337 3.697514
v -8.400002 -10.340337 0.893821
v 2.649998 1.183617 7.600429
v 2.649996 3.692491 7.400429
v 2.649996 3.887495 7.600429
v 2.649998 1.378621 7.400429
v 2.649998 1.183617 4.640555
v 2.649998 1.378621 4.640555
v -8.400002 -5.372346 5.650000
v -9.100002 -1.317351 5.650000
v -9.100002 -5.372346 5.650000
v -8.400002 -1.124884 5.650000
v -8.400002 -1.317350 5.650000
v 9.100002 5.372346 5.650000
v 8.400002 5.372346 8.453693
v 8.400002 5.372346 5.650000
v -2.649996 3.887495 12.379080
v -2.649998 1.378621 12.179079
v -2.649998 1.183617 12.379080
v -2.649996 3.692491 12.179079
v -2.649996 3.887495 9.419206
v -2.649996 3.692491 9.419206
v 8.400002 -1.124884 0.893821
v 9.100002 -1.124884 0.893821
v 8.400002 -1.124884 1.093821
v 8.400002 -1.124884 3.859026
v 8.400002 -1.124884 1.093821
v 9.100002 -1.124884 3.859026
v -2.649998 -3.632350 2.664515
v -2.649996 -1.123477 2.864515
v -2.649996 -1.318481 2.664515
v -2.649998 1.378621 7.400429
v -2.649996 3.887495 7.600429
v -2.649996 3.692491 7.400429
v -9.100002 -1.317350 13.192434
v -9.100002 -5.179881 13.353947
v -9.100002 -5.179881 13.192434
v -9.100002 -1.124884 10.388741
v -9.100002 -1.317350 10.588740
v -9.100002 -1.317351 10.388741
v -9.100002 -5.179881 10.588740
v -9.100002 -1.317351 10.388741
v -9.100002 -5.372346 10.388741
v -9.100002 -1.124884 10.388741
v -9.100002 -1.124884 13.353947
v -9.100002 -1.317350 10.588740
v -3.349997 -1.318480 2.664515
v -3.349999 -3.827354 2.864515
v -3.349999 -3.632349 2.664515
v -3.349997 -1.123476 -0.095359
v -3.349997 -1.318480 -0.095359
v -3.349997 -1.123476 2.864515
v 9.100002 -10.340337 13.353947
v 9.100002 -10.147872 10.588740
v 9.100002 -10.340337 10.388741
v 9.100002 -6.285341 13.192434
v 9.100002 -6.092875 13.353947
v 9.100002 -6.092875 13.192434
v -8.400002 -5.179881 13.353947
v -9.100002 -5.179881 13.353947
v -8.400002 -1.317351 13.353947
v -8.400002 -1.124884 13.353947
v -8.400002 -1.317351 13.353947
v -9.100002 -1.124884 13.353947
v -8.400002 1.124884 0.893821
v -9.100002 5.179881 0.893821
v -9.100002 1.124884 0.893821
v 2.649996 -1.318481 12.179079
v 2.649998 -3.827354 12.379080
v 2.649998 -3.632350 12.179079
v 2.649996 -1.123477 9.419206
v 2.649996 -1.318481 9.419206
v 2.649996 -1.123477 12.379080
v 9.100002 -6.285341 1.093821
v 9.100002 -6.092875 3.859026
v 9.100002 -6.092875 0.893821
v -8.400002 -5.179881 3.859026
v -9.100002 -5.372346 3.859026
v -8.400002 -1.317351 3.859026
v -9.100002 -5.372346 3.859026
v -8.400002 -5.179881 3.859026
v -8.400002 -5.372346 3.859026
v -9.100002 -1.124884 3.859026
v -8.400002 -1.317351 3.859026
v -8.400002 -1.124884 3.859026
v -8.400002 -5.372346 10.388741
v -9.100002 -1.317351 10.388741
v -9.100002 -5.372346 10.388741
v 3.349997 -1.123476 12.379080
v 3.349999 -3.632349 12.179079
v 3.349999 -3.827354 12.379080
v 3.349997 -1.318480 12.179079
v 3.349997 -1.123476 9.419206
v 3.349997 -1.318480 9.419206
v 8.400002 -1.124884 10.388741
v 9.100002 -5.179881 10.388741
v 9.100002 -1.124884 10.388741
v -9.100002 -6.285341 10.588740
v -9.100002 -6.092875 13.192434
v -9.100002 -6.285341 13.192434
v -9.100002 -6.092875 10.388741
v -9.100002 -6.285341 10.588740
v -9.100002 -6.285341 10.388741
v -9.100002 -10.147872 10.588740
v -9.100002 -6.285341 10.388741
v -9.100002 -10.340337 10.388741
v 8.500004 10.249996 8.500000
v 9.000004 10.249996 5.750000
v 8.500004 10.249996 5.750000
v 9.000004 10.249996 8.500000
v -9.000001 -3.749999 1.000000
v -9.000001 3.750001 1.000000
v -9.000001 -1.249999 1.000000
v -9.000001 1.250001 1.000000
v -3.250001 -0.250002 4.250000
v -8.500001 -0.249999 -0.000000
v -8.500001 -0.249999 4.250000
v -3.250001 -0.250002 -0.000000
v -8.500002 -5.250002 5.750000
v -9.000002 -5.250002 8.500000
v -9.000002 -5.250002 5.750000
v -8.500002 -5.250002 8.500000
v -8.500001 -1.249999 3.750000
v -9.000002 -5.250002 3.750000
v -8.500002 -5.250002 3.750000
v -9.000001 -1.249999 3.750000
v -9.000002 -6.250002 3.750000
v -8.500002 -6.250002 1.000000
v -9.000002 -6.250002 1.000000
v -8.500002 -6.250002 3.750000
v 3.249995 -11.250002 13.750000
v 8.499994 -11.250006 9.500000
v 8.499994 -11.250006 13.750000
v 3.249995 -11.250002 9.500000
v -8.500002 -5.250002 10.500000
v -9.000002 -5.250002 13.250000
v -9.000002 -5.250002 10.500000
v -8.500002 -5.250002 13.250000
v -8.500001 0.250001 4.750000
v -3.250001 0.249998 9.000000
v -8.500001 0.250001 9.000000
v -3.250001 0.249998 4.750000
v 8.499999 -0.250005 4.250000
v 3.249999 -0.250002 -0.000000
v 3.249999 -0.250002 4.250000
v 8.499999 -0.250005 -0.000000
v 3.249999 0.249998 4.250000
v 8.499999 0.249995 0.000000
v 8.499999 0.249995 4.250000
v 3.249999 0.249998 0.000000
v 1.250003 11.249998 2.750000
v 1.250002 11.749998 0.000000
v 1.250002 11.749998 2.750000
v 1.250003 11.249998 0.000000
v -8.500002 -5.250002 1.000000
v -9.000002 -5.250002 3.750000
v -9.000002 -5.250002 1.000000
v -8.500002 -5.250002 3.750000
v -2.750005 1.249998 4.750000
v -3.250001 1.249998 7.500000
v -3.250001 1.249998 4.750000
v -2.750001 1.249998 7.500000
v 3.249995 -11.250002 4.250000
v 8.499994 -11.250006 -0.000000
v 8.499994 -11.250006 4.250000
v 3.249995 -11.250002 -0.000000
v -3.250001 1.249998 2.750000
v -2.750001 3.749998 2.750000
v -3.250001 3.749998 2.750000
v -2.750001 1.249998 2.750000
v -2.750001 -3.750002 2.750000
v -3.250001 -1.250002 2.750000
v -3.250001 -3.750002 2.750000
v -2.750001 -1.250002 2.750000
v 3.249999 -1.250002 2.750000
v 2.749999 -3.750002 2.750000
v 3.249999 -3.750002 2.750000
v 2.749999 -1.250002 2.750000
v 2.749999 3.749998 2.750000
v 3.249999 1.249998 2.750000
v 3.249999 3.749998 2.750000
v 2.749999 1.249998 2.750000
v -1.249997 11.249998 2.750000
v 1.250002 11.749998 2.750000
v -1.249998 11.749998 2.750000
v 1.250003 11.249998 2.750000
v 8.499999 0.249995 4.250000
v 8.499999 1.249995 1.000000
v 8.499999 1.249995 3.750000
v 8.499999 0.249995 0.000000
v 8.499999 3.749995 0.000000
v 8.499999 3.749995 1.000000
v 8.500002 5.249996 1.000000
v 8.500004 6.249996 0.000000
v 8.500004 6.249996 1.000000
v 8.500004 10.249996 1.000000
v 8.500004 11.249996 0.000000
v 8.500004 11.249996 4.250000
v -3.249997 11.249998 9.500000
v -8.499999 11.250000 13.750000
v -3.249997 11.249998 13.750000
v -8.499999 11.250000 9.500000
v 3.249999 1.249998 4.750000
v 2.749999 1.249998 7.500000
v 2.749995 1.249998 4.750000
v 3.249999 1.249998 7.500000
v -8.500000 5.249999 1.000000
v -8.500000 6.249998 3.750000
v -8.500000 6.250000 1.000000
v -8.500000 5.249996 3.750000
v -8.500001 0.250001 4.250000
v -8.500001 1.250001 3.750000
v -8.500001 1.250001 1.000000
v -8.499999 11.250000 4.250000
v -8.499999 10.250000 3.750000
v 8.499998 -6.250002 1.000000
v 8.999994 -10.250006 1.000000
v 8.499994 -10.250006 1.000000
v 8.999998 -6.250002 1.000000
v -2.750001 3.749998 2.750000
v -3.250001 3.749998 0.000000
v -3.250001 3.749998 2.750000
v -2.750001 3.749998 0.000000
v 8.500004 11.249996 14.250000
v -8.500003 -11.249997 14.250000
v -8.499999 11.250000 14.250000
v 8.499994 -11.250006 14.250000
v 2.749999 -3.750002 -0.000000
v 3.249999 -3.750002 2.750000
v 2.749999 -3.750002 2.750000
v 3.249999 -3.750002 -0.000000
v -0.250005 -8.750002 4.250000
v -0.250005 -4.750002 -0.000000
v -0.250005 -4.750002 -0.500000
v -0.250005 -8.750002 4.750000
v 3.249999 3.749998 4.750000
v 2.749999 3.749998 7.500000
v 3.249999 3.749998 7.500000
v 2.749995 3.749998 4.750000
v 8.500004 10.249996 1.000000
v 9.000004 6.249996 1.000000
v 8.500004 6.249996 1.000000
v 9.000004 10.249996 1.000000
v -9.000002 -8.750002 8.500000
v -8.500003 -10.249997 8.500000
v -8.500002 -8.750002 8.500000
v -8.500002 -6.250002 8.500000
v -3.250001 -3.750002 2.750000
v -2.750001 -3.750002 -0.000000
v -2.750001 -3.750002 2.750000
v -3.250001 -3.750002 -0.000000
v -8.999999 10.250000 1.000000
v -8.500000 6.250000 1.000000
v -9.000000 6.250000 1.000000
v -8.499999 10.250000 1.000000
v -8.500003 -11.249997 4.250000
v -3.250005 -11.250002 -0.000000
v -3.250005 -11.250002 4.250000
v -8.500003 -11.249997 -0.000000
v 0.249995 -4.750002 4.750000
v 0.249995 -8.750002 5.750000
v 0.249995 -4.750002 5.750000
v 0.249995 -8.750002 4.750000
v -0.250005 -4.750002 4.750000
v 0.249995 -4.750002 5.750000
v -0.250005 -4.750002 5.750000
v 0.249995 -4.750002 4.750000
v 8.999999 1.249995 8.500000
v 8.500002 5.249996 8.500000
v 8.499999 1.249995 8.500000
v 9.000002 5.249996 8.500000
v 8.500004 11.249996 9.000000
v 3.250003 11.249998 4.750000
v 3.250003 11.249998 9.000000
v 8.500004 11.249996 4.750000
v -2.750001 -1.250002 -0.000000
v -3.250001 -1.250002 2.750000
v -2.750001 -1.250002 2.750000
v -3.250001 -1.250002 -0.000000
v 8.499994 -10.250006 8.500000
v 8.999994 -10.250006 5.750000
v 8.999994 -10.250006 8.500000
v 8.499994 -10.250006 5.750000
v -2.750005 -3.750002 4.750000
v -3.250001 -3.750002 7.500000
v -3.250001 -3.750002 4.750000
v -2.750001 -3.750002 7.500000
v -2.750005 -11.250002 9.500000
v 2.749995 -11.250002 13.750000
v -2.750005 -11.250002 13.750000
v 2.749995 -11.250002 9.500000
v -3.249997 11.249998 4.250000
v -8.500001 0.250001 4.250000
v -3.250001 0.249998 4.250000
v -8.499999 11.250000 4.250000
v 3.249995 -11.250002 4.250000
v 8.499999 -0.250005 4.250000
v 3.249999 -0.250002 4.250000
v 8.499994 -11.250006 4.250000
v -9.000002 -5.250002 8.500000
v -8.500001 -1.249999 8.500000
v -9.000001 -1.249999 8.500000
v -8.500002 -5.250002 8.500000
v -1.249998 11.749998 2.750000
v -1.249997 11.249998 0.000000
v -1.249997 11.249998 2.750000
v -1.249998 11.749998 0.000000
v 3.249999 1.249998 9.500000
v 2.749999 1.249998 12.250000
v 2.749995 1.249998 9.500000
v 3.249999 1.249998 12.250000
v 8.499994 -10.250006 13.250000
v 8.999994 -10.250006 10.500000
v 8.999994 -10.250006 13.250000
v 8.499994 -10.250006 10.500000
v -3.250001 -0.250002 9.500000
v -8.500001 -0.249999 13.750000
v -3.250001 -0.250002 13.750000
v -8.500001 -0.249999 9.500000
v 8.500004 11.249996 4.250000
v 3.250003 11.249998 0.000000
v 3.250003 11.249998 4.250000
v 8.500004 11.249996 0.000000
v -2.750005 1.249998 9.500000
v -3.250001 1.249998 12.250000
v -3.250001 1.249998 9.500000
v -2.750001 1.249998 12.250000
v -2.750005 -4.750002 4.250000
v -0.250005 -8.750002 9.000000
v -0.250005 -4.750002 4.250000
v -2.750005 -8.750002 9.000000
v 8.500004 11.249996 13.750000
v 3.250003 11.249998 9.500000
v 3.250003 11.249998 13.750000
v 8.500004 11.249996 9.500000
v 8.499999 1.249995 8.500000
v 8.999999 1.249995 5.750000
v 8.999999 1.249995 8.500000
v 8.499999 1.249995 5.750000
v 8.500002 5.249996 10.500000
v 8.500004 6.249996 10.500000
v 8.500003 6.249996 13.250000
v 8.500002 5.249996 13.250000
v 8.500003 6.249996 13.750000
v 8.500004 10.249996 13.250000
v 8.500004 11.249996 13.750000
v 8.500004 10.249996 10.500000
v 8.500002 5.249996 13.750000
v 8.499999 1.249995 13.250000
v 8.499999 0.249995 13.750000
v -8.500003 -11.249997 9.000000
v -3.250005 -11.250002 4.750000
v -3.250005 -11.250002 9.000000
v -8.500003 -11.249997 4.750000
v 3.249999 0.249998 9.500000
v 8.499999 0.249995 13.750000
v 3.249999 0.249998 13.750000
v 8.499999 0.249995 9.500000
v 3.249999 -3.750002 4.750000
v 2.749999 -3.750002 7.500000
v 2.749995 -3.750002 4.750000
v 3.249999 -3.750002 7.500000
v 8.499999 -0.250005 9.500000
v 3.249999 -0.250002 13.750000
v 8.499999 -0.250005 13.750000
v 3.249999 -0.250002 9.500000
v -9.000002 -6.250002 5.750000
v -8.500002 -6.250002 5.750000
v -9.000002 -8.749998 5.750000
v -8.500003 -10.249997 5.750000
v -9.000003 -10.249997 5.750000
v -8.500001 -1.249999 8.500000
v -9.000001 -1.249999 5.750000
v -9.000001 -1.249999 8.500000
v -8.500001 -1.249999 5.750000
v 8.500004 11.249996 9.000000
v 8.500004 10.249996 5.750000
v 8.500004 11.249996 4.750000
v 8.500003 6.249996 4.750000
v 8.500004 6.249996 5.750000
v 8.500002 5.249996 5.750000
v 8.499999 3.749995 4.750000
v 8.499999 3.749995 5.750000
v 8.499999 1.249995 5.750000
v 8.499999 0.249995 4.750000
v 8.499999 0.249995 9.000000
v 8.499999 1.249995 8.500000
v -2.750005 3.749998 9.500000
v -3.250001 3.749998 12.250000
v -2.750001 3.749998 12.250000
v -3.250001 3.749998 9.500000
v -3.250001 1.249998 12.250000
v -2.750001 3.749998 12.250000
v -3.250001 3.749998 12.250000
v -2.750001 1.249998 12.250000
v -2.750001 -3.750002 12.250000
v -3.250001 -1.250002 12.250000
v -3.250001 -3.750002 12.250000
v -2.750001 -1.250002 12.250000
v 3.249999 -1.250002 12.250000
v 2.749999 -3.750002 12.250000
v 3.249999 -3.750002 12.250000
v 2.749999 -1.250002 12.250000
v 2.749999 3.749998 12.250000
v 3.249999 1.249998 12.250000
v 3.249999 3.749998 12.250000
v 2.749999 1.249998 12.250000
v 8.499999 1.249995 13.250000
v 8.499999 0.249995 13.750000
v 8.499999 1.249995 10.500000
v 8.499999 0.249995 9.500000
v 8.499999 3.749995 9.500000
v 8.499999 3.749995 10.500000
v 8.500002 5.249996 10.500000
v 8.500004 6.249996 9.500000
v 8.500004 6.249996 10.500000
v 8.500004 10.249996 10.500000
v 8.500004 11.249996 9.500000
v 8.500004 11.249996 13.750000
v -9.000000 5.249999 10.500000
v -8.500001 1.250001 10.500000
v -9.000001 1.250001 10.500000
v -8.500000 5.249999 10.500000
v -9.000001 -11.749998 -5.000000
v 8.999994 -11.750006 -0.000000
v 9.000000 -11.750000 -5.000000
v -9.000003 -11.749997 15.250000
v 8.499996 -5.250002 3.750000
v 8.499998 -6.250002 1.000000
v 8.499998 -5.250002 1.000000
v 8.499995 -6.250002 3.750000
v 8.499994 -11.250006 4.250000
v 8.499999 -1.250005 3.750000
v 8.499999 -0.250005 4.250000
v 8.499994 -10.250006 3.750000
v 8.499994 -10.250006 1.000000
v 8.499994 -11.250006 -0.000000
v 8.499998 -4.250005 -0.000000
v 8.499998 -5.250002 1.000000
v 8.499998 -4.250005 1.000000
v 8.499999 -3.750005 1.000000
v 8.499999 -3.750005 -0.000000
v 8.499999 -1.250005 1.000000
v 8.499999 -0.250005 -0.000000
v -2.750005 11.249998 13.750000
v 2.749995 11.249998 9.500000
v -2.750005 11.249998 9.500000
v 2.749995 11.249998 13.750000
v 2.749995 11.249998 9.000000
v -2.750005 11.249998 4.750000
v -2.750005 11.249998 9.000000
v 2.749995 11.249998 4.750000
v -2.750005 -1.250002 9.500000
v -3.250001 -1.250002 12.250000
v -2.750001 -1.250002 12.250000
v -3.250001 -1.250002 9.500000
v -2.750005 -1.250002 4.750000
v -3.250001 -1.250002 7.500000
v -2.750001 -1.250002 7.500000
v -3.250001 -1.250002 4.750000
v 8.500004 10.249996 3.750000
v 9.000004 10.249996 1.000000
v 8.500004 10.249996 1.000000
v 9.000004 10.249996 3.750000
v 8.500004 10.249996 10.500000
v 9.000004 6.249996 10.500000
v 8.500004 6.249996 10.500000
v 9.000004 10.249996 10.500000
v -2.750005 3.749998 4.750000
v -3.250001 3.749998 7.500000
v -2.750001 3.749998 7.500000
v -3.250001 3.749998 4.750000
v -8.999999 10.250000 10.500000
v -8.500000 6.250000 10.500000
v -9.000000 6.250000 10.500000
v -8.499999 10.250000 10.500000
v -2.750005 3.749998 9.500000
v -3.249997 11.249998 9.500000
v -2.750005 11.249998 9.500000
v -3.250001 3.749998 9.500000
v -8.500000 6.249998 9.500000
v 3.249999 -1.250002 -0.000000
v 2.749999 -1.250002 2.750000
v 3.249999 -1.250002 2.750000
v 2.749999 -1.250002 -0.000000
v -9.000001 1.250001 8.500000
v -8.500001 1.250001 5.750000
v -8.500001 1.250001 8.500000
v -9.000001 1.250001 5.750000
v -3.249997 11.249998 9.000000
v -8.499999 11.250000 4.750000
v -8.499999 11.250000 9.000000
v -3.249997 11.249998 4.750000
v 8.999996 -5.250002 3.750000
v 8.499998 -5.250002 1.000000
v 8.999998 -5.250002 1.000000
v 8.499996 -5.250002 3.750000
v 8.499994 -11.250006 15.250000
v 8.500004 11.249996 14.250000
v 8.500004 11.249996 15.250000
v 8.499994 -11.250006 14.250000
v 0.249995 -4.250002 9.500000
v -2.750001 -4.250002 10.500000
v -2.750005 -4.250002 9.500000
v 0.249999 -4.250002 10.500000
v 3.249999 3.749998 9.500000
v 2.749999 3.749998 12.250000
v 3.249999 3.749998 12.250000
v 2.749995 3.749998 9.500000
v -9.000001 1.250001 3.750000
v -8.500001 1.250001 1.000000
v -8.500001 1.250001 3.750000
v -9.000001 1.250001 1.000000
v 8.499999 1.249995 3.750000
v 8.999999 1.249995 1.000000
v 8.999999 1.249995 3.750000
v 8.499999 1.249995 1.000000
v -2.750005 11.249998 13.750000
v 2.749995 -11.250002 13.750000
v 2.749995 11.249998 13.750000
v -2.750005 -11.250002 13.750000
v 8.499999 -1.250005 13.250000
v 8.999999 -1.250005 10.500000
v 8.499999 -1.250005 10.500000
v 8.999999 -1.250005 13.250000
v -8.500003 -11.249997 13.750000
v -3.250001 -0.250002 13.750000
v -8.500001 -0.249999 13.750000
v -3.250005 -11.250002 13.750000
v 3.249995 -11.250002 13.750000
v 8.499999 -0.250005 13.750000
v 3.249999 -0.250002 13.750000
v 8.499994 -11.250006 13.750000
v -9.000003 -10.249997 5.750000
v -8.500003 -10.249997 8.500000
v -9.000003 -10.249997 8.500000
v -8.500003 -10.249997 5.750000
v -8.500003 -11.249997 13.750000
v -3.250005 -11.250002 9.500000
v -3.250005 -11.250002 13.750000
v -8.500003 -11.249997 9.500000
v -8.500001 -1.249999 3.750000
v -9.000001 -1.249999 1.000000
v -9.000001 -1.249999 3.750000
v -8.500001 -1.249999 1.000000
v 8.499999 -1.250005 3.750000
v 8.999999 -1.250005 1.000000
v 8.499999 -1.250005 1.000000
v 8.999999 -1.250005 3.750000
v 8.500004 11.249996 15.250000
v -8.499999 11.250000 14.250000
v -8.499999 11.250000 15.250000
v 8.500004 11.249996 14.250000
v 8.499999 -1.250005 8.500000
v 8.999999 -1.250005 5.750000
v 8.499999 -1.250005 5.750000
v 8.999999 -1.250005 8.500000
v -8.500003 -11.249997 14.250000
v 8.499994 -11.250006 15.250000
v -8.500003 -11.249997 15.250000
v 8.499994 -11.250006 14.250000
v 0.249995 -4.250002 9.500000
v 0.249999 -8.750002 10.500000
v 0.249999 -4.250002 10.500000
v 0.249995 -8.750002 9.500000
v 3.249999 -1.250002 4.750000
v 2.749999 -1.250002 7.500000
v 3.249999 -1.250002 7.500000
v 2.749995 -1.250002 4.750000
v -9.000002 -6.250002 13.250000
v -8.500002 -6.250002 10.500000
v -9.000002 -6.250002 10.500000
v -8.500002 -6.250002 13.250000
v 8.500004 10.249996 13.250000
v 9.000004 10.249996 10.500000
v 8.500004 10.249996 10.500000
v 9.000004 10.249996 13.250000
v -3.250001 -0.250002 9.000000
v -8.500001 -0.249999 4.750000
v -8.500001 -0.249999 9.000000
v -3.250001 -0.250002 4.750000
v -8.500001 -1.249999 13.250000
v -9.000002 -3.750002 13.250000
v -8.500002 -5.250002 13.250000
v -9.000002 -5.250002 13.250000
v 2.749999 1.249998 0.000000
v 3.249999 1.249998 2.750000
v 2.749999 1.249998 2.750000
v 3.249999 1.249998 0.000000
v 8.499999 -0.250005 9.000000
v 3.249999 -0.250002 4.750000
v 3.249999 -0.250002 9.000000
v 8.499999 -0.250005 4.750000
v -2.750005 -3.750002 9.500000
v -3.250001 -3.750002 12.250000
v -3.250001 -3.750002 9.500000
v -2.750001 -3.750002 12.250000
v 8.999996 -5.250002 8.500000
v 8.499998 -5.250002 5.750000
v 8.999998 -5.250002 5.750000
v 8.499996 -5.250002 8.500000
v 3.249999 0.249998 9.000000
v 8.499999 0.249995 4.750000
v 8.499999 0.249995 9.000000
v 3.249999 0.249998 4.750000
v -9.000003 -10.249997 10.500000
v -8.500003 -10.249997 13.250000
v -9.000003 -10.249997 13.250000
v -8.500003 -10.249997 10.500000
v 8.999999 1.249995 3.750000
v 8.500002 5.249996 3.750000
v 8.499999 1.249995 3.750000
v 9.000002 5.249996 3.750000
v -3.250001 1.249998 7.500000
v -2.750001 3.749998 7.500000
v -3.250001 3.749998 7.500000
v -2.750001 1.249998 7.500000
v -2.750001 -3.750002 7.500000
v -3.250001 -1.250002 7.500000
v -3.250001 -3.750002 7.500000
v -2.750001 -1.250002 7.500000
v 3.249999 -1.250002 7.500000
v 2.749999 -3.750002 7.500000
v 3.249999 -3.750002 7.500000
v 2.749999 -1.250002 7.500000
v 2.749999 3.749998 7.500000
v 3.249999 1.249998 7.500000
v 3.249999 3.749998 7.500000
v 2.749999 1.249998 7.500000
v -9.000001 1.250001 13.250000
v -8.500001 1.250001 10.500000
v -8.500001 1.250001 13.250000
v -9.000001 1.250001 10.500000
v -8.500001 -1.249999 13.250000
v -9.000001 -1.249999 10.500000
v -9.000001 -1.249999 13.250000
v -8.500001 -1.249999 10.500000
v -9.000002 -8.750002 3.750000
v -8.500003 -10.249997 3.750000
v -8.500002 -8.750002 3.750000
v -8.500002 -6.250002 3.750000
v 2.749995 -11.250002 9.500000
v 3.249999 -3.750002 9.500000
v 3.249995 -11.250002 9.500000
v 2.749995 -3.750002 9.500000
v 3.249999 -3.750002 9.500000
v 2.749999 -3.750002 12.250000
v 2.749995 -3.750002 9.500000
v 3.249999 -3.750002 12.250000
v -2.750005 -11.250002 4.250000
v 2.749995 -11.250002 -0.000000
v 2.749995 -11.250002 4.250000
v -2.750005 -11.250002 -0.000000
v -0.250005 -8.750002 4.750000
v -2.750005 -4.750002 -0.000000
v -0.250005 -4.750002 -0.000000
v -2.750005 -8.750002 4.750000
v -0.250005 -8.750002 9.000000
v -0.250005 -4.750002 4.750000
v -0.250005 -4.750002 4.250000
v -0.250005 -8.750002 9.500000
v 8.500004 10.249996 5.750000
v 9.000004 6.249996 5.750000
v 8.500004 6.249996 5.750000
v 9.000004 10.249996 5.750000
v -9.000002 -6.250002 1.000000
v -8.500003 -10.249997 1.000000
v -9.000003 -10.249997 1.000000
v -8.500002 -6.250002 1.000000
v -8.999999 10.250000 5.750000
v -8.500000 6.250000 5.750000
v -9.000000 6.250000 5.750000
v -8.499999 10.250000 5.750000
v 8.499999 1.249995 13.250000
v 8.999999 1.249995 10.500000
v 8.999999 1.249995 13.250000
v 8.499999 1.249995 10.500000
v 3.249999 -1.250002 9.500000
v 2.749999 -1.250002 12.250000
v 3.249999 -1.250002 12.250000
v 2.749995 -1.250002 9.500000
v -3.250001 1.249998 2.750000
v -2.750001 1.249998 0.000000
v -2.750001 1.249998 2.750000
v -3.250001 1.249998 0.000000
v -9.000002 -6.250002 8.500000
v -8.500002 -6.250002 5.750000
v -9.000002 -6.250002 5.750000
v -8.500002 -6.250002 8.500000
v -8.499999 10.250000 8.500000
v -8.999999 10.250000 5.750000
v -8.999999 10.250000 8.500000
v -8.499999 10.250000 5.750000
v 8.999999 1.249995 13.250000
v 8.500002 5.249996 13.250000
v 8.499999 1.249995 13.250000
v 9.000002 5.249996 13.250000
v 2.749995 -11.250002 4.750000
v 3.249999 -3.750002 4.750000
v 3.249995 -11.250002 4.750000
v 2.749995 -3.750002 4.750000
v -2.750005 -11.250002 9.000000
v 2.749995 -11.250002 4.750000
v 2.749995 -11.250002 9.000000
v -2.750005 -11.250002 4.750000
v 8.999996 -5.250002 13.250000
v 8.499998 -5.250002 10.500000
v 8.999998 -5.250002 10.500000
v 8.499996 -5.250002 13.250000
v 3.249995 -11.250002 9.000000
v 8.499994 -11.250006 4.750000
v 8.499994 -11.250006 9.000000
v 3.249995 -11.250002 4.750000
v 0.249995 -8.750002 9.500000
v -0.250001 -8.750002 10.500000
v 0.249999 -8.750002 10.500000
v -0.250005 -8.750002 9.500000
v -0.250005 -8.750002 9.500000
v -2.750005 -4.750002 4.750000
v -0.250005 -4.750002 4.750000
v -2.750005 -8.750002 9.500000
v 3.249995 -11.250002 9.000000
v 8.499999 -0.250005 9.000000
v 3.249999 -0.250002 9.000000
v 8.499994 -11.250006 9.000000
v -9.000003 -10.249997 1.000000
v -8.500003 -10.249997 3.750000
v -9.000003 -10.249997 3.750000
v -8.500003 -10.249997 1.000000
v -2.750005 3.749998 4.750000
v -3.249997 11.249998 4.750000
v -2.750005 11.249998 4.750000
v -3.250001 3.749998 4.750000
v -8.500000 6.249998 4.750000
v -0.250005 -8.750002 9.500000
v -0.250001 -4.750002 10.500000
v -0.250001 -8.750002 10.500000
v -0.250005 -4.750002 9.000000
v -0.250005 -8.750002 9.000000
v -8.500001 0.250001 9.500000
v -3.250001 0.249998 13.750000
v -8.500001 0.250001 13.750000
v -3.250001 0.249998 9.500000
v -8.500001 0.250001 0.000000
v -3.250001 0.249998 4.250000
v -8.500001 0.250001 4.250000
v -3.250001 0.249998 0.000000
v -9.000002 -3.750002 15.250000
v -9.000001 -1.249999 13.250000
v -9.000001 -1.249999 15.250000
v -9.000002 -3.750002 13.250000
v -9.000002 -5.250002 13.250000
v -9.000002 -5.250002 15.250000
v -9.000002 -6.250002 13.250000
v -9.000002 -8.750002 15.250000
v -9.000002 -5.250002 10.500000
v -9.000002 -8.750002 13.250000
v -9.000003 -10.249997 15.250000
v -9.000003 -10.249997 13.250000
v -9.000002 -6.250002 10.500000
v -9.000002 -6.250002 8.500000
v -9.000002 -8.749998 10.500000
v -9.000002 -8.750002 8.500000
v -9.000002 -5.250002 8.500000
v -9.000002 -6.250002 5.750000
v -9.000002 -5.250002 5.750000
v -9.000002 -5.250002 3.750000
v -9.000002 -6.250002 3.750000
v -9.000002 -8.749998 5.750000
v -9.000002 -8.750002 3.750000
v -9.000002 -5.250002 1.000000
v -9.000002 -6.250002 1.000000
v -9.000002 -4.249998 5.750000
v -9.000001 -1.249999 3.750000
v -9.000003 -10.249997 8.500000
v -9.000003 -10.249997 10.500000
v -9.000003 -10.249997 3.750000
v -9.000003 -10.249997 5.750000
v -9.000001 -1.249999 10.500000
v -9.000001 -1.249999 8.500000
v -9.000001 1.250001 8.500000
v -9.000001 1.250001 10.500000
v -9.000001 1.250001 13.250000
v -9.000001 -1.249999 13.250000
v -9.000001 -1.249999 15.250000
v -9.000000 3.749998 8.500000
v -9.000001 -1.249999 5.750000
v -9.000001 -1.249999 8.500000
v -9.000001 1.250001 5.750000
v -9.000001 -1.249999 3.750000
v -9.000001 1.250001 3.750000
v -9.000001 -1.249999 1.000000
v -9.000001 1.250001 1.000000
v -9.000000 5.249996 3.750000
v -9.000000 5.249999 5.750000
v -9.000000 6.249998 3.750000
v -9.000000 5.249999 1.000000
v -9.000000 6.250000 1.000000
v -9.000000 6.250000 5.750000
v -8.999999 10.250000 3.750000
v -9.000000 6.249998 8.500000
v -9.000000 5.249996 8.500000
v -9.000000 5.249999 10.500000
v -9.000000 6.250000 10.500000
v -8.999999 10.250000 8.500000
v -9.000000 6.249998 13.250000
v -9.000000 5.249996 13.250000
v -8.999999 10.250000 15.250000
v -8.999999 10.250000 13.250000
v -9.000000 3.749998 15.250000
v -8.999999 10.250000 13.250000
v -8.999999 11.250000 15.250000
v -8.999999 10.250000 12.250000
v -8.999999 11.750000 15.250000
v -8.999999 11.750000 8.500000
v -8.999999 10.250000 10.500000
v -8.999999 10.250000 5.750000
v -8.999999 10.250000 8.500000
v -8.999999 10.250000 3.750000
v -8.999999 11.750000 0.000000
v -8.999999 10.250000 1.000000
v 8.999994 -10.250006 3.750000
v 8.999994 -11.750006 -0.000000
v 8.999994 -10.250006 5.750000
v 8.999994 -10.250006 8.500000
v -8.500001 1.250001 3.750000
v -9.000000 5.249996 3.750000
v -9.000001 1.250001 3.750000
v -8.500000 5.249996 3.750000
v 8.499994 -10.250006 3.750000
v 8.999994 -10.250006 1.000000
v 8.999994 -10.250006 3.750000
v 8.499994 -10.250006 1.000000
v 3.249999 3.749998 2.750000
v 2.749999 3.749998 0.000000
v 2.749999 3.749998 2.750000
v 3.249999 3.749998 0.000000
v -9.000000 5.249999 5.750000
v -8.500001 1.250001 5.750000
v -9.000001 1.250001 5.750000
v -8.500000 5.249999 5.750000
v 3.249999 3.749998 9.500000
v 2.749995 11.249998 9.500000
v 3.250003 11.249998 9.500000
v 2.749995 3.749998 9.500000
v -2.750005 -4.750002 -0.500000
v -0.250005 -8.750002 4.250000
v -0.250005 -4.750002 -0.500000
v -2.750005 -8.750002 4.250000
v 0.249995 -4.750002 5.750000
v -0.250005 -8.750002 5.750000
v -0.250005 -4.750002 5.750000
v 0.249995 -8.750002 5.750000
v 0.249995 -8.750002 4.750000
v -0.250005 -8.750002 5.750000
v 0.249995 -8.750002 5.750000
v -0.250005 -8.750002 4.750000
v -8.400002 -6.092875 5.650000
v -9.100002 -10.147872 5.650000
v -8.400002 -10.340337 5.650000
v -9.100002 -6.092875 5.650000
v -9.100002 -10.147872 5.850000
v -8.400002 -10.147872 8.453693
v -9.100002 -10.147872 8.453693
v -8.400002 -10.147872 5.850000
v -8.400002 -6.285341 5.850000
v -9.100002 -6.285341 8.453693
v -8.400002 -6.285341 8.453693
v -9.100002 -6.285341 5.850000
v -8.400002 -6.285341 5.850000
v -9.100002 -10.147872 5.850000
v -9.100002 -6.285341 5.850000
v -8.400002 -10.147872 5.850000
v -9.100002 -10.147872 8.453693
v -8.400002 -6.285341 8.453693
v -9.100002 -6.285341 8.453693
v -8.400002 -10.147872 8.453693
v -9.100002 -6.092875 8.615206
v -8.400002 -10.340337 8.615206
v -9.100002 -10.340337 8.615206
v -8.400002 -6.092875 8.615206
v -8.400002 -10.147872 5.850000
v -8.400002 -10.340337 8.453693
v -8.400002 -10.147872 8.453693
v -8.400002 -10.340337 5.850000
v -8.400002 -10.340337 8.453693
v -8.400002 -10.340337 5.850000
v -9.100002 -10.340337 8.453693
v -9.100002 -10.340337 8.615206
v 3.349997 3.887496 -0.095359
v 2.649996 3.887495 2.864515
v 2.649996 3.887495 -0.095359
v 3.349997 3.887496 2.864515
v -9.100002 -5.179881 5.850000
v -8.400002 -5.179881 8.453693
v -9.100002 -5.179881 8.453693
v -8.400002 -5.179881 5.850000
v 8.400002 -1.124884 8.615206
v 9.100002 -1.124884 5.650000
v 9.100002 -1.124884 8.615206
v 8.400002 -1.124884 5.650000
v -8.400002 -1.317351 5.850000
v -9.100002 -1.317350 8.453693
v -8.400002 -1.317351 8.453693
v -9.100002 -1.317350 5.850000
v -8.400002 -1.317351 5.850000
v -9.100002 -5.179881 5.850000
v -9.100002 -1.317350 5.850000
v -8.400002 -5.179881 5.850000
v -9.100002 -5.179881 8.453693
v -8.400002 -1.317351 8.453693
v -9.100002 -1.317350 8.453693
v -8.400002 -5.179881 8.453693
v 8.400002 1.124884 10.388741
v 9.100002 5.179881 10.388741
v 8.400002 5.372346 10.388741
v 9.100002 1.124884 10.388741
v -8.400002 -10.340337 13.353947
v -9.100002 -10.340337 10.388741
v -9.100002 -10.340337 13.353947
v -8.400002 -10.340337 10.388741
v -9.100002 -10.147872 10.588740
v -8.400002 -10.147872 13.192434
v -9.100002 -10.147872 13.192434
v -8.400002 -10.147872 10.588740
v -8.400002 -6.285341 10.588740
v -9.100002 -6.285341 13.192434
v -8.400002 -6.285341 13.192434
v -9.100002 -6.285341 10.588740
v -8.400002 -6.285341 10.588740
v -9.100002 -10.147872 10.588740
v -9.100002 -6.285341 10.588740
v -8.400002 -10.147872 10.588740
v -9.100002 -6.092875 13.353947
v -8.400002 -10.340337 13.353947
v -9.100002 -10.340337 13.353947
v -8.400002 -6.092875 13.353947
v -9.100002 -10.147872 13.192434
v -8.400002 -6.285341 13.192434
v -9.100002 -6.285341 13.192434
v -8.400002 -10.147872 13.192434
v 2.649998 1.183617 4.640555
v 3.349999 1.183618 7.600429
v 3.349999 1.183618 4.640555
v 2.649998 1.183617 7.600429
v -8.400002 -5.372346 13.353947
v -9.100002 -5.372346 10.388741
v -9.100002 -5.372346 13.353947
v -8.400002 -5.372346 10.388741
v -9.100002 -5.179881 10.588740
v -8.400002 -5.179881 13.192434
v -9.100002 -5.179881 13.192434
v -8.400002 -5.179881 10.588740
v -8.400002 -1.124884 10.388741
v -8.400002 -5.372346 10.388741
v -8.400002 -1.317351 10.588740
v -8.400002 -5.179881 10.588740
v 2.649998 -3.827354 -0.095359
v 3.349999 -3.827354 2.864515
v 3.349999 -3.827354 -0.095359
v 2.649998 -3.827354 2.864515
v -8.400002 -1.317351 10.588740
v -9.100002 -1.317350 13.192434
v -8.400002 -1.317351 13.192434
v -9.100002 -1.317350 10.588740
v -8.400002 -1.317351 10.588740
v -9.100002 -5.179881 10.588740
v -9.100002 -1.317350 10.588740
v -8.400002 -5.179881 10.588740
v 2.649998 1.183617 -0.095359
v 3.349999 1.183618 2.864515
v 3.349999 1.183618 -0.095359
v 2.649998 1.183617 2.864515
v -9.100002 -5.179881 13.192434
v -8.400002 -1.317351 13.192434
v -9.100002 -1.317350 13.192434
v -8.400002 -5.179881 13.192434
v 8.400002 -6.092875 10.388741
v 8.400002 -10.147872 10.388741
v 9.100002 -6.285341 10.388741
v 9.100002 -10.340337 10.388741
v -8.400002 -1.317351 13.353947
v -8.400002 -5.179881 13.192434
v -8.400002 -5.179881 13.353947
v -8.400002 -1.317351 13.192434
v 2.649998 -3.827354 2.864515
v 3.349997 -1.123476 2.864515
v 3.349999 -3.827354 2.864515
v 2.649996 -1.123477 2.864515
v -9.100002 -10.147872 1.093821
v -8.400002 -10.147872 3.697514
v -9.100002 -10.147872 3.697514
v -8.400002 -10.147872 1.093821
v 8.400002 6.285341 1.093821
v 8.400002 10.340337 0.893821
v 8.400002 10.147872 1.093821
v 8.400002 6.092875 0.893821
v -8.400002 -6.285341 1.093821
v -9.100002 -6.285341 3.697514
v -8.400002 -6.285341 3.697514
v -9.100002 -6.285341 1.093821
v -8.400002 -6.285341 1.093821
v -9.100002 -10.147872 1.093821
v -9.100002 -6.285341 1.093821
v -8.400002 -10.147872 1.093821
v -9.100002 -10.147872 3.697514
v -8.400002 -6.285341 3.697514
v -9.100002 -6.285341 3.697514
v -8.400002 -10.147872 3.697514
v -9.100002 6.092875 10.388741
v -8.400002 10.147872 10.388741
v -9.100002 10.340337 10.388741
v -8.400002 6.092875 10.388741
v -3.349999 1.183618 -0.095359
v -2.649998 1.183617 2.864515
v -2.649998 1.183617 -0.095359
v -3.349999 1.183618 2.864515
v -9.100002 -5.179881 1.093821
v -8.400002 -5.179881 3.697514
v -9.100002 -5.179881 3.697514
v -8.400002 -5.179881 1.093821
v -8.400002 -1.124884 0.893821
v -8.400002 -5.372346 0.893821
v -8.400002 -1.317351 1.093821
v -8.400002 -5.179881 1.093821
v -8.400002 -1.317351 1.093821
v -9.100002 -1.317350 3.697514
v -8.400002 -1.317351 3.697514
v -9.100002 -1.317350 1.093821
v -8.400002 -1.317351 1.093821
v -9.100002 -5.179881 1.093821
v -9.100002 -1.317350 1.093821
v -8.400002 -5.179881 1.093821
v -9.100002 -5.179881 3.697514
v -8.400002 -1.317351 3.697514
v -9.100002 -1.317350 3.697514
v -8.400002 -5.179881 3.697514
v -8.400002 -1.317351 3.859026
v -8.400002 -5.179881 3.697514
v -8.400002 -5.179881 3.859026
v -8.400002 -1.317351 3.697514
v -2.649996 -1.123477 -0.095359
v -3.349997 -1.123476 2.864515
v -3.349997 -1.123476 -0.095359
v -2.649996 -1.123477 2.864515
v -8.400002 10.147872 8.453693
v -9.100002 10.147872 5.850000
v -9.100002 10.147872 8.453693
v -8.400002 10.147872 5.850000
v -9.100002 6.285341 8.453693
v -8.400002 6.285341 5.850000
v -8.400002 6.285341 8.453693
v -9.100002 6.285341 5.850000
v -9.100002 10.147872 5.850000
v -8.400002 6.285341 5.850000
v -9.100002 6.285341 5.850000
v -8.400002 10.147872 5.850000
v -9.100002 10.147872 8.453693
v -8.400002 6.285341 8.453693
v -8.400002 10.147872 8.453693
v -9.100002 6.285341 8.453693
v 2.649998 -3.827354 12.379080
v 3.349997 -1.123476 12.379080
v 3.349999 -3.827354 12.379080
v 2.649996 -1.123477 12.379080
v -9.100002 10.147872 8.615206
v -9.100002 6.285341 8.453693
v -9.100002 10.147872 8.453693
v -9.100002 6.285341 8.615206
v -8.400002 5.179881 8.453693
v -9.100002 5.179881 5.850000
v -9.100002 5.179881 8.453693
v -8.400002 5.179881 5.850000
v -8.400002 5.179881 5.850000
v -8.400002 1.124884 5.650000
v -8.400002 1.317351 5.850000
v -8.400002 5.372346 5.650000
v -8.400002 1.124884 10.388741
v -8.400002 5.372346 10.388741
v -9.100002 5.179881 10.388741
v -9.100002 5.372346 10.388741
v -9.100002 1.317350 8.453693
v -8.400002 1.317351 5.850000
v -8.400002 1.317351 8.453693
v -9.100002 1.317350 5.850000
v -9.100002 5.179881 5.850000
v -8.400002 1.317351 5.850000
v -9.100002 1.317350 5.850000
v -8.400002 5.179881 5.850000
v -9.100002 5.179881 8.615206
v -8.400002 1.317351 8.615206
v -9.100002 1.124884 8.615206
v -8.400002 1.124884 8.615206
v -9.100002 5.179881 8.453693
v -8.400002 1.317351 8.453693
v -8.400002 5.179881 8.453693
v -9.100002 1.317350 8.453693
v -8.400002 6.092875 13.353947
v -9.100002 6.092875 10.388741
v -9.100002 6.092875 13.353947
v -8.400002 6.092875 10.388741
v -9.100002 10.340337 13.192434
v -9.100002 10.340337 10.588740
v -8.400002 10.340337 13.192434
v -8.400002 10.340337 13.353947
v -8.400002 10.147872 13.192434
v -9.100002 10.147872 10.588740
v -9.100002 10.147872 13.192434
v -8.400002 10.147872 10.588740
v -9.100002 6.285341 13.192434
v -8.400002 6.285341 10.588740
v -8.400002 6.285341 13.192434
v -9.100002 6.285341 10.588740
v -9.100002 10.147872 10.588740
v -8.400002 6.285341 10.588740
v -9.100002 6.285341 10.588740
v -8.400002 10.147872 10.588740
v -9.100002 10.340337 13.353947
v -8.400002 6.092875 13.353947
v -9.100002 6.092875 13.353947
v -8.400002 10.340337 13.353947
v -9.100002 10.147872 13.192434
v -8.400002 6.285341 13.192434
v -8.400002 10.147872 13.192434
v -9.100002 6.285341 13.192434
v -9.100002 10.147872 13.192434
v -9.100002 10.340337 10.588740
v -9.100002 10.340337 13.192434
v -9.100002 10.147872 10.588740
v -2.649996 -1.123477 4.640555
v -3.349997 -1.123476 7.600429
v -3.349997 -1.123476 4.640555
v -2.649996 -1.123477 7.600429
v -8.400002 1.124884 13.353947
v -9.100002 1.124884 10.388741
v -9.100002 1.124884 13.353947
v -8.400002 1.124884 10.388741
v -8.400002 5.179881 13.192434
v -9.100002 5.179881 10.588740
v -9.100002 5.179881 13.192434
v -8.400002 5.179881 10.588740
v -8.400002 5.179881 10.588740
v -8.400002 1.124884 10.388741
v -8.400002 1.317351 10.588740
v -8.400002 5.372346 10.388741
v -9.100002 1.317350 13.192434
v -8.400002 1.317351 10.588740
v -8.400002 1.317351 13.192434
v -9.100002 1.317350 10.588740
v -9.100002 5.179881 10.588740
v -8.400002 1.317351 10.588740
v -9.100002 1.317350 10.588740
v -8.400002 5.179881 10.588740
v -9.100002 5.179881 13.192434
v -8.400002 1.317351 13.192434
v -8.400002 5.179881 13.192434
v -9.100002 1.317350 13.192434
v -8.400002 1.124884 5.650000
v -9.100002 5.372346 5.650000
v -9.100002 1.124884 5.650000
v -8.400002 5.372346 5.650000
v -8.400002 10.147872 3.697514
v -9.100002 10.147872 1.093821
v -9.100002 10.147872 3.697514
v -8.400002 10.147872 1.093821
v -3.349999 -3.827354 -0.095359
v -2.649998 -3.827354 2.864515
v -2.649998 -3.827354 -0.095359
v -3.349999 -3.827354 2.864515
v -9.100002 6.285341 3.697514
v -8.400002 6.285341 1.093821
v -8.400002 6.285341 3.697514
v -9.100002 6.285341 1.093821
v -9.100002 10.147872 1.093821
v -8.400002 6.285341 1.093821
v -9.100002 6.285341 1.093821
v -8.400002 10.147872 1.093821
v -9.100002 10.147872 3.697514
v -8.400002 6.285341 3.697514
v -8.400002 10.147872 3.697514
v -9.100002 6.285341 3.697514
v -8.400002 5.179881 3.697514
v -9.100002 5.179881 1.093821
v -9.100002 5.179881 3.697514
v -8.400002 5.179881 1.093821
v -8.400002 6.092875 3.859026
v -9.100002 10.340337 3.859026
v -8.400002 10.340337 3.859026
v -9.100002 6.092875 3.859026
v -9.100002 1.317350 3.697514
v -8.400002 1.317351 1.093821
v -8.400002 1.317351 3.697514
v -9.100002 1.317350 1.093821
v -9.100002 5.179881 1.093821
v -8.400002 1.317351 1.093821
v -9.100002 1.317350 1.093821
v -8.400002 5.179881 1.093821
v -9.100002 5.179881 3.697514
v -8.400002 1.317351 3.697514
v -8.400002 5.179881 3.697514
v -9.100002 1.317350 3.697514
v 3.349997 -1.123476 4.640555
v 2.649996 -1.123477 7.600429
v 2.649996 -1.123477 4.640555
v 3.349997 -1.123476 7.600429
v 8.400002 -10.147872 8.453693
v 9.100002 -10.147872 5.850000
v 9.100002 -10.147872 8.453693
v 8.400002 -10.147872 5.850000
v -9.100002 6.092875 5.650000
v -8.400002 10.147872 5.650000
v -9.100002 10.340337 5.650000
v -8.400002 6.092875 5.650000
v 9.100002 -6.285341 8.453693
v 8.400002 -6.285341 5.850000
v 8.400002 -6.285341 8.453693
v 9.100002 -6.285341 5.850000
v 9.100002 -10.147872 5.850000
v 8.400002 -6.285341 5.850000
v 9.100002 -6.285341 5.850000
v 8.400002 -10.147872 5.850000
v 9.100002 -10.147872 8.453693
v 8.400002 -6.285341 8.453693
v 8.400002 -10.147872 8.453693
v 9.100002 -6.285341 8.453693
v 9.100002 -10.340337 8.615206
v 8.400002 -6.092875 8.615206
v 9.100002 -6.092875 8.615206
v 8.400002 -10.340337 8.615206
v 1.351939 11.149998 -0.095359
v 1.351939 11.849998 2.864515
v 1.351939 11.849998 -0.095359
v 1.351939 11.149998 2.864515
v 8.400002 -5.179881 8.453693
v 9.100002 -5.179881 5.850000
v 9.100002 -5.179881 8.453693
v 8.400002 -5.179881 5.850000
v 9.100002 1.124884 8.615206
v 8.400002 5.372346 8.615206
v 9.100002 5.372346 8.615206
v 8.400002 1.124884 8.615206
v 9.100002 -1.317350 8.453693
v 8.400002 -1.317351 5.850000
v 8.400002 -1.317351 8.453693
v 9.100002 -1.317350 5.850000
v 9.100002 -5.179881 5.850000
v 8.400002 -1.317351 5.850000
v 9.100002 -1.317350 5.850000
v 8.400002 -5.179881 5.850000
v 9.100002 -5.179881 8.453693
v 8.400002 -1.317351 8.453693
v 8.400002 -5.179881 8.453693
v 9.100002 -1.317350 8.453693
v 8.400002 -6.092875 13.353947
v 9.100002 -10.340337 13.353947
v 8.400002 -10.340337 13.353947
v 9.100002 -6.092875 13.353947
v 9.100002 -5.372346 8.615206
v 8.400002 -1.124884 8.615206
v 9.100002 -1.124884 8.615206
v 8.400002 -5.372346 8.615206
v 9.100002 6.092875 10.388741
v 8.400002 10.147872 10.388741
v 8.400002 6.285341 10.388741
v 8.400002 6.092875 10.388741
v 8.400002 -10.147872 13.192434
v 9.100002 -10.147872 10.588740
v 9.100002 -10.147872 13.192434
v 8.400002 -10.147872 10.588740
v 9.100002 -6.285341 13.192434
v 8.400002 -6.285341 10.588740
v 8.400002 -6.285341 13.192434
v 9.100002 -6.285341 10.588740
v 9.100002 -10.147872 10.588740
v 8.400002 -6.285341 10.588740
v 9.100002 -6.285341 10.588740
v 8.400002 -10.147872 10.588740
v 9.100002 -10.147872 13.192434
v 8.400002 -6.285341 13.192434
v 8.400002 -10.147872 13.192434
v 9.100002 -6.285341 13.192434
v 8.400002 6.092875 13.353947
v 9.100002 10.340337 13.353947
v 9.100002 6.092875 13.353947
v 8.400002 10.340337 13.353947
v 8.400002 -5.179881 13.192434
v 9.100002 -5.179881 10.588740
v 9.100002 -5.179881 13.192434
v 8.400002 -5.179881 10.588740
v 9.100002 -1.317350 13.192434
v 8.400002 -1.317351 10.588740
v 8.400002 -1.317351 13.192434
v 9.100002 -1.317350 10.588740
v 9.100002 -5.179881 10.588740
v 8.400002 -1.317351 10.588740
v 9.100002 -1.317350 10.588740
v 8.400002 -5.179881 10.588740
v 8.400002 -1.317351 13.192434
v 8.400002 -1.124884 10.588740
v 8.400002 -1.124884 13.353947
v 8.400002 -1.317351 13.353947
v 9.100002 -5.179881 13.192434
v 8.400002 -1.317351 13.192434
v 8.400002 -5.179881 13.192434
v 9.100002 -1.317350 13.192434
v 9.100002 -1.124884 13.353947
v 8.400002 -1.317351 13.353947
v 8.400002 -1.124884 13.353947
v 9.100002 -5.372346 13.353947
v 8.400002 -10.147872 3.697514
v 9.100002 -10.147872 1.093821
v 9.100002 -10.147872 3.697514
v 8.400002 -10.147872 1.093821
v 9.100002 6.092875 0.893821
v 8.400002 10.340337 0.893821
v 8.400002 6.092875 0.893821
v 9.100002 10.340337 0.893821
v 9.100002 -6.285341 3.697514
v 8.400002 -6.285341 1.093821
v 8.400002 -6.285341 3.697514
v 9.100002 -6.285341 1.093821
v 9.100002 -10.147872 1.093821
v 8.400002 -6.285341 1.093821
v 9.100002 -6.285341 1.093821
v 8.400002 -10.147872 1.093821
v 9.100002 -10.147872 3.697514
v 8.400002 -6.285341 3.697514
v 8.400002 -10.147872 3.697514
v 9.100002 -6.285341 3.697514
v -8.400002 1.124884 8.615206
v -9.100002 1.124884 5.650000
v -9.100002 1.124884 8.615206
v -8.400002 1.124884 5.650000
v 9.100002 -10.340337 3.859026
v 8.400002 -6.092875 3.859026
v 9.100002 -6.092875 3.859026
v 8.400002 -10.340337 3.859026
v 8.400002 -5.179881 3.697514
v 9.100002 -5.179881 1.093821
v 9.100002 -5.179881 3.697514
v 8.400002 -5.179881 1.093821
v 9.100002 -1.317350 3.697514
v 8.400002 -1.317351 1.093821
v 8.400002 -1.317351 3.697514
v 9.100002 -1.317350 1.093821
v 9.100002 -5.179881 1.093821
v 8.400002 -1.317351 1.093821
v 9.100002 -1.317350 1.093821
v 8.400002 -5.179881 1.093821
v 9.100002 -5.179881 3.697514
v 8.400002 -1.317351 3.697514
v 8.400002 -5.179881 3.697514
v 9.100002 -1.317350 3.697514
v 3.349997 -1.123476 9.419206
v 2.649996 -1.123477 12.379080
v 2.649996 -1.123477 9.419206
v 3.349997 -1.123476 12.379080
v 8.400002 -1.124884 0.893821
v 8.400002 -5.372346 0.893821
v 9.100002 -5.179881 0.893821
v 9.100002 -5.372346 0.893821
v 8.400002 5.179881 10.588740
v 8.400002 1.317351 10.588740
v 8.400002 1.124884 10.388741
v 8.400002 5.372346 10.388741
v 9.100002 6.092875 5.650000
v 9.100002 10.340337 5.650000
v 8.400002 10.147872 5.650000
v 8.400002 10.340337 5.650000
v 9.100002 10.147872 5.850000
v 8.400002 10.147872 8.453693
v 9.100002 10.147872 8.453693
v 8.400002 10.147872 5.850000
v 8.400002 6.285341 5.850000
v 9.100002 6.285341 8.453693
v 8.400002 6.285341 8.453693
v 9.100002 6.285341 5.850000
v 8.400002 6.285341 5.850000
v 9.100002 10.147872 5.850000
v 9.100002 6.285341 5.850000
v 8.400002 10.147872 5.850000
v 9.100002 6.092875 8.615206
v 8.400002 10.340337 8.615206
v 9.100002 10.340337 8.615206
v 8.400002 6.092875 8.615206
v 9.100002 10.147872 8.453693
v 8.400002 6.285341 8.453693
v 9.100002 6.285341 8.453693
v 8.400002 10.147872 8.453693
v 8.400002 -6.092875 5.650000
v 8.400002 -10.340337 5.650000
v 9.100002 -10.147872 5.650000
v 9.100002 -10.340337 5.650000
v 9.100002 5.179881 5.850000
v 8.400002 5.179881 8.453693
v 9.100002 5.179881 8.453693
v 8.400002 5.179881 5.850000
v 8.400002 1.317351 5.850000
v 9.100002 1.317350 8.453693
v 8.400002 1.317351 8.453693
v 9.100002 1.317350 5.850000
v 8.400002 1.317351 5.850000
v 9.100002 5.179881 5.850000
v 9.100002 1.317350 5.850000
v 8.400002 5.179881 5.850000
v 9.100002 5.179881 8.453693
v 8.400002 1.317351 8.453693
v 9.100002 1.317350 8.453693
v 8.400002 5.179881 8.453693
v 9.100002 6.092875 13.353947
v 8.400002 6.092875 10.388741
v 8.400002 6.092875 13.353947
v 9.100002 6.092875 10.388741
v 8.400002 10.340337 13.353947
v 8.400002 10.340337 10.388741
v 9.100002 10.340337 10.588740
v 9.100002 10.340337 13.192434
v -3.349999 -3.827354 12.379080
v -2.649996 -1.123477 12.379080
v -2.649998 -3.827354 12.379080
v -3.349997 -1.123476 12.379080
v 9.100002 10.147872 10.588740
v 8.400002 10.147872 13.192434
v 9.100002 10.147872 13.192434
v 8.400002 10.147872 10.588740
v 8.400002 6.285341 10.588740
v 9.100002 6.285341 13.192434
v 8.400002 6.285341 13.192434
v 9.100002 6.285341 10.588740
v 8.400002 6.285341 10.588740
v 9.100002 10.147872 10.588740
v 9.100002 6.285341 10.588740
v 8.400002 10.147872 10.588740
v 9.100002 10.147872 13.192434
v 8.400002 6.285341 13.192434
v 9.100002 6.285341 13.192434
v 8.400002 10.147872 13.192434
v -9.100002 -1.124884 8.615206
v -8.400002 -1.124884 5.650000
v -8.400002 -1.124884 8.615206
v -9.100002 -1.124884 5.650000
v 8.400002 5.372346 3.859026
v 9.100002 5.372346 0.893821
v 9.100002 5.372346 3.859026
v 8.400002 5.372346 0.893821
v 9.100002 5.179881 10.588740
v 8.400002 5.179881 13.192434
v 9.100002 5.179881 13.192434
v 8.400002 5.179881 10.588740
v 8.400002 5.179881 5.850000
v 8.400002 1.317351 5.850000
v 8.400002 1.124884 5.650000
v 8.400002 5.372346 5.650000
v 3.349997 -1.123476 -0.095359
v 2.649996 -1.123477 2.864515
v 2.649996 -1.123477 -0.095359
v 3.349997 -1.123476 2.864515
v 8.400002 1.317351 10.588740
v 9.100002 1.317350 13.192434
v 8.400002 1.317351 13.192434
v 9.100002 1.317350 10.588740
v 8.400002 1.317351 10.588740
v 9.100002 5.179881 10.588740
v 9.100002 1.317350 10.588740
v 8.400002 5.179881 10.588740
v 9.100002 5.179881 13.192434
v 8.400002 1.317351 13.192434
v 9.100002 1.317350 13.192434
v 8.400002 5.179881 13.192434
v -9.100002 -1.124884 13.353947
v -8.400002 -1.124884 10.388741
v -8.400002 -1.124884 13.353947
v -9.100002 -1.124884 10.388741
v 3.349997 3.887496 4.640555
v 2.649996 3.887495 7.600429
v 2.649996 3.887495 4.640555
v 3.349997 3.887496 7.600429
v -3.349999 1.183618 4.640555
v -2.649998 1.183617 7.600429
v -2.649998 1.183617 4.640555
v -3.349999 1.183618 7.600429
v -9.100002 -6.285341 0.893821
v -9.100002 -10.340337 0.893821
v -8.400002 -10.147872 0.893821
v -8.400002 -6.092875 0.893821
v 9.100002 10.147872 1.093821
v 8.400002 10.147872 3.697514
v 9.100002 10.147872 3.697514
v 8.400002 10.147872 1.093821
v 8.400002 6.285341 1.093821
v 9.100002 6.285341 3.697514
v 8.400002 6.285341 3.697514
v 9.100002 6.285341 1.093821
v 8.400002 6.285341 1.093821
v 9.100002 10.147872 1.093821
v 9.100002 6.285341 1.093821
v 8.400002 10.147872 1.093821
v 9.100002 10.147872 3.697514
v 8.400002 6.285341 3.697514
v 9.100002 6.285341 3.697514
v 8.400002 10.147872 3.697514
v 8.400002 5.179881 3.859026
v 9.100002 5.372346 3.859026
v 9.100002 1.124884 3.859026
v 8.400002 5.372346 3.859026
v 8.400002 1.124884 5.650000
v 9.100002 5.179881 5.650000
v 8.400002 5.372346 5.650000
v 9.100002 1.124884 5.650000
v 8.400002 6.285341 3.859026
v 8.400002 10.147872 3.697514
v 8.400002 10.147872 3.859026
v 8.400002 6.285341 3.697514
v 2.649998 -3.827354 4.640555
v 3.349999 -3.827354 7.600429
v 3.349999 -3.827354 4.640555
v 2.649998 -3.827354 7.600429
v 9.100002 5.179881 1.093821
v 8.400002 5.179881 3.697514
v 9.100002 5.179881 3.697514
v 8.400002 5.179881 1.093821
v 9.100002 5.372346 3.859026
v 9.100002 5.179881 1.093821
v 9.100002 5.179881 3.697514
v 9.100002 1.317350 3.697514
v 9.100002 1.124884 3.859026
v 9.100002 1.124884 3.697514
v 8.400002 1.317351 1.093821
v 9.100002 1.317350 3.697514
v 8.400002 1.317351 3.697514
v 9.100002 1.317350 1.093821
v 8.400002 1.317351 1.093821
v 9.100002 5.179881 1.093821
v 9.100002 1.317350 1.093821
v 8.400002 5.179881 1.093821
v 9.100002 5.179881 3.697514
v 8.400002 1.317351 3.697514
v 9.100002 1.317350 3.697514
v 8.400002 5.179881 3.697514
v 9.100002 6.092875 8.615206
v 9.100002 6.092875 5.850000
v 8.400002 6.092875 5.850000
v 9.100002 6.092875 5.650000
v -1.156935 11.149998 2.664515
v -1.156935 11.849998 -0.095359
v -1.156935 11.149998 -0.095359
v -1.156935 11.849998 2.664515
v -9.100002 -1.124884 3.859026
v -8.400002 -1.124884 0.893821
v -8.400002 -1.124884 3.859026
v -9.100002 -1.124884 0.893821
v 1.156935 11.849998 2.664515
v 1.156935 11.149998 -0.095359
v 1.156935 11.849998 -0.095359
v 1.156935 11.149998 2.664515
v -1.156935 11.849998 2.664515
v 1.156935 11.149998 2.664515
v 1.156935 11.849998 2.664515
v -1.156935 11.149998 2.664515
v 1.156935 11.849998 -0.095359
v 1.351939 11.149998 -0.095359
v 1.351939 11.849998 -0.095359
v 1.156935 11.149998 -0.095359
v -1.351939 11.849998 -0.095359
v -1.156935 11.149998 -0.095359
v -1.156935 11.849998 -0.095359
v -1.351939 11.149998 -0.095359
v -0.350001 -4.850002 10.588169
v -0.350001 -8.850002 10.388168
v -0.350001 -4.850002 10.388168
v -0.350001 -8.850002 10.588169
v -0.350001 -4.850002 10.388168
v 0.349999 -8.850002 10.388168
v 0.349999 -4.150002 10.388168
v -2.850001 -4.150002 10.388168
v -0.350001 -8.850002 10.588169
v 0.349999 -8.850002 10.388168
v -0.350001 -8.850002 10.388168
v 0.349999 -8.850002 10.588169
v 0.349999 -4.150002 10.588169
v 0.349999 -8.850002 10.588169
v -0.350001 -4.850002 10.588169
v -2.850001 -4.150002 10.588169
v -2.850001 -4.850002 10.588169
v -0.350001 -4.850002 10.588169
v -2.850001 -4.850002 10.388168
v -2.850001 -4.850002 10.588169
v -0.350001 -4.850002 10.388168
v -1.351939 11.849998 -0.095359
v -1.351939 11.149998 2.864515
v -1.351939 11.149998 -0.095359
v -1.351939 11.849998 2.864515
v 3.349999 -3.632349 2.664515
v 2.649998 -3.632350 -0.095359
v 3.349999 -3.632349 -0.095359
v 2.649998 -3.632350 2.664515
v 2.649998 1.183617 2.864515
v 3.349997 3.887496 2.864515
v 3.349999 1.183618 2.864515
v 2.649996 3.887495 2.864515
v -3.349999 1.183618 9.419206
v -2.649998 1.183617 12.379080
v -2.649998 1.183617 9.419206
v -3.349999 1.183618 12.379080
v 2.649996 -1.318481 2.664515
v 3.349997 -1.318480 -0.095359
v 2.649996 -1.318481 -0.095359
v 3.349997 -1.318480 2.664515
v 3.349999 -3.632349 2.664515
v 2.649996 -1.318481 2.664515
v 2.649998 -3.632350 2.664515
v 3.349997 -1.318480 2.664515
v -9.100002 6.285341 5.850000
v -9.100002 10.340337 5.650000
v -9.100002 10.147872 5.850000
v -9.100002 6.092875 5.650000
v 2.649996 -1.318481 -0.095359
v 3.349997 -1.123476 -0.095359
v 2.649996 -1.123477 -0.095359
v 3.349997 -1.318480 -0.095359
v 2.649998 -3.827354 -0.095359
v 3.349999 -3.632349 -0.095359
v 2.649998 -3.632350 -0.095359
v 3.349999 -3.827354 -0.095359
v 3.349999 1.378622 2.664515
v 2.649998 1.378621 -0.095359
v 3.349999 1.378622 -0.095359
v 2.649998 1.378621 2.664515
v -8.400002 6.092875 0.893821
v -8.400002 10.340337 0.893821
v -9.100002 10.147872 0.893821
v -9.100002 10.340337 0.893821
v -9.100002 5.372346 8.615206
v -9.100002 5.179881 8.453693
v -9.100002 5.372346 5.850000
v -9.100002 5.179881 8.615206
v 2.649996 3.692491 2.664515
v 3.349997 3.692492 -0.095359
v 2.649996 3.692491 -0.095359
v 3.349997 3.692492 2.664515
v 3.349999 1.378622 2.664515
v 2.649996 3.692491 2.664515
v 2.649998 1.378621 2.664515
v 3.349997 3.692492 2.664515
v 2.649996 3.692491 -0.095359
v 3.349997 3.887496 -0.095359
v 2.649996 3.887495 -0.095359
v 3.349997 3.692492 -0.095359
v 2.649998 1.183617 -0.095359
v 3.349999 1.378622 -0.095359
v 2.649998 1.378621 -0.095359
v 3.349999 1.183618 -0.095359
v 3.349999 -3.632349 7.400429
v 2.649998 -3.632350 4.640555
v 3.349999 -3.632349 4.640555
v 2.649998 -3.632350 7.400429
v 2.649998 1.183617 7.600429
v 3.349997 3.887496 7.600429
v 3.349999 1.183618 7.600429
v 2.649996 3.887495 7.600429
v 2.649996 -1.318481 7.400429
v 3.349997 -1.318480 4.640555
v 2.649996 -1.318481 4.640555
v 3.349997 -1.318480 7.400429
v 3.349999 -3.632349 7.400429
v 2.649996 -1.318481 7.400429
v 2.649998 -3.632350 7.400429
v 3.349997 -1.318480 7.400429
v -2.649996 3.887495 -0.095359
v -3.349997 3.887496 2.864515
v -3.349997 3.887496 -0.095359
v -2.649996 3.887495 2.864515
v 2.649996 -1.318481 4.640555
v 3.349997 -1.123476 4.640555
v 2.649996 -1.123477 4.640555
v 3.349997 -1.318480 4.640555
v 2.649998 -3.827354 4.640555
v 3.349999 -3.632349 4.640555
v 2.649998 -3.632350 4.640555
v 3.349999 -3.827354 4.640555
v -2.649996 3.887495 4.640555
v -3.349997 3.887496 7.600429
v -3.349997 3.887496 4.640555
v -2.649996 3.887495 7.600429
v 2.649998 -3.827354 9.419206
v 3.349999 -3.827354 12.379080
v 3.349999 -3.827354 9.419206
v 2.649998 -3.827354 12.379080
v -8.400002 -1.124884 0.893821
v -9.100002 -5.179881 0.893821
v -8.400002 -5.372346 0.893821
v -9.100002 -1.124884 0.893821
v 3.349999 1.378622 7.400429
v 2.649998 1.378621 4.640555
v 3.349999 1.378622 4.640555
v 2.649998 1.378621 7.400429
v -3.349999 1.183618 7.600429
v -2.649996 3.887495 7.600429
v -2.649998 1.183617 7.600429
v -3.349997 3.887496 7.600429
v -8.400002 -1.124884 8.615206
v -9.100002 -5.372346 8.615206
v -9.100002 -1.124884 8.615206
v -8.400002 -5.372346 8.615206
v -9.100002 -6.092875 3.859026
v -8.400002 -10.340337 3.859026
v -9.100002 -10.340337 3.859026
v -8.400002 -6.092875 3.859026
v 2.649996 3.692491 7.400429
v 3.349997 3.692492 4.640555
v 2.649996 3.692491 4.640555
v 3.349997 3.692492 7.400429
v 3.349999 1.378622 7.400429
v 2.649996 3.692491 7.400429
v 2.649998 1.378621 7.400429
v 3.349997 3.692492 7.400429
v 2.649996 3.692491 4.640555
v 3.349997 3.887496 4.640555
v 2.649996 3.887495 4.640555
v 3.349997 3.692492 4.640555
v 2.649998 1.183617 4.640555
v 3.349999 1.378622 4.640555
v 2.649998 1.378621 4.640555
v 3.349999 1.183618 4.640555
v 3.349997 3.887496 9.419206
v 2.649996 3.887495 12.379080
v 2.649996 3.887495 9.419206
v 3.349997 3.887496 12.379080
v 3.349999 -3.632349 12.179079
v 2.649998 -3.632350 9.419206
v 3.349999 -3.632349 9.419206
v 2.649998 -3.632350 12.179079
v 2.649996 -1.318481 12.179079
v 3.349997 -1.318480 9.419206
v 2.649996 -1.318481 9.419206
v 3.349997 -1.318480 12.179079
v 3.349999 -3.632349 12.179079
v 2.649996 -1.318481 12.179079
v 2.649998 -3.632350 12.179079
v 3.349997 -1.318480 12.179079
v 2.649998 1.183617 12.379080
v 3.349997 3.887496 12.379080
v 3.349999 1.183618 12.379080
v 2.649996 3.887495 12.379080
v 2.649996 -1.318481 9.419206
v 3.349997 -1.123476 9.419206
v 2.649996 -1.123477 9.419206
v 3.349997 -1.318480 9.419206
v 2.649998 -3.827354 9.419206
v 3.349999 -3.632349 9.419206
v 2.649998 -3.632350 9.419206
v 3.349999 -3.827354 9.419206
v -3.349999 1.183618 2.864515
v -3.349999 1.378622 2.664515
v -3.349997 3.887496 2.864515
v -3.349997 3.692492 2.664515
v -3.349997 3.887496 -0.095359
v -3.349997 3.692492 -0.095359
v -3.349999 -3.827354 9.419206
v -2.649998 -3.827354 12.379080
v -2.649998 -3.827354 9.419206
v -3.349999 -3.827354 12.379080
v -2.649996 -1.123477 9.419206
v -3.349997 -1.123476 12.379080
v -3.349997 -1.123476 9.419206
v -2.649996 -1.123477 12.379080
v 3.349999 1.378622 12.179079
v 2.649998 1.378621 9.419206
v 3.349999 1.378622 9.419206
v 2.649998 1.378621 12.179079
v 2.649996 3.692491 12.179079
v 3.349997 3.692492 9.419206
v 2.649996 3.692491 9.419206
v 3.349997 3.692492 12.179079
v 3.349999 1.378622 12.179079
v 2.649996 3.692491 12.179079
v 2.649998 1.378621 12.179079
v 3.349997 3.692492 12.179079
v 2.649998 -3.827354 7.600429
v 3.349997 -1.123476 7.600429
v 3.349999 -3.827354 7.600429
v 2.649996 -1.123477 7.600429
v 2.649996 3.692491 9.419206
v 3.349997 3.887496 9.419206
v 2.649996 3.887495 9.419206
v 3.349997 3.692492 9.419206
v 2.649998 1.183617 9.419206
v 3.349999 1.378622 9.419206
v 2.649998 1.378621 9.419206
v 3.349999 1.183618 9.419206
v -9.100002 -6.092875 8.615206
v -8.400002 -6.092875 5.650000
v -8.400002 -6.092875 8.615206
v -9.100002 -6.092875 5.650000
v -2.649998 -3.632350 -0.095359
v -3.349999 -3.632349 2.664515
v -3.349999 -3.632349 -0.095359
v -2.649998 -3.632350 2.664515
v -3.349999 1.183618 7.600429
v -3.349999 1.378622 7.400429
v -3.349997 3.887496 7.600429
v -3.349997 3.692492 7.400429
v -3.349997 3.887496 4.640555
v -3.349997 3.692492 4.640555
v -3.349997 -1.318480 -0.095359
v -2.649996 -1.318481 2.664515
v -2.649996 -1.318481 -0.095359
v -3.349997 -1.318480 2.664515
v -3.349999 -3.632349 2.664515
v -2.649996 -1.318481 2.664515
v -3.349997 -1.318480 2.664515
v -2.649998 -3.632350 2.664515
v -3.349999 -3.827354 2.864515
v -2.649996 -1.123477 2.864515
v -2.649998 -3.827354 2.864515
v -3.349997 -1.123476 2.864515
v -3.349997 -1.123476 -0.095359
v -2.649996 -1.318481 -0.095359
v -2.649996 -1.123477 -0.095359
v -3.349997 -1.318480 -0.095359
v -3.349999 -3.632349 -0.095359
v -2.649998 -3.827354 -0.095359
v -2.649998 -3.632350 -0.095359
v -3.349999 -3.827354 -0.095359
v -2.649998 1.378621 -0.095359
v -3.349999 1.378622 2.664515
v -3.349999 1.378622 -0.095359
v -2.649998 1.378621 2.664515
v -3.349999 1.183618 2.864515
v -2.649996 3.887495 2.864515
v -2.649998 1.183617 2.864515
v -3.349997 3.887496 2.864515
v -3.349997 3.692492 -0.095359
v -2.649996 3.692491 2.664515
v -2.649996 3.692491 -0.095359
v -3.349997 3.692492 2.664515
v -3.349999 1.378622 2.664515
v -2.649996 3.692491 2.664515
v -3.349997 3.692492 2.664515
v -2.649998 1.378621 2.664515
v -3.349997 3.887496 -0.095359
v -2.649996 3.692491 -0.095359
v -2.649996 3.887495 -0.095359
v -3.349997 3.692492 -0.095359
v -3.349999 1.378622 -0.095359
v -2.649998 1.183617 -0.095359
v -2.649998 1.378621 -0.095359
v -3.349999 1.183618 -0.095359
v -3.349999 -3.827354 4.640555
v -2.649998 -3.827354 7.600429
v -2.649998 -3.827354 4.640555
v -3.349999 -3.827354 7.600429
v -2.649998 -3.632350 4.640555
v -3.349999 -3.632349 7.400429
v -3.349999 -3.632349 4.640555
v -2.649998 -3.632350 7.400429
v -3.349999 -3.827354 7.600429
v -2.649996 -1.123477 7.600429
v -2.649998 -3.827354 7.600429
v -3.349997 -1.123476 7.600429
v -3.349997 -1.318480 4.640555
v -2.649996 -1.318481 7.400429
v -2.649996 -1.318481 4.640555
v -3.349997 -1.318480 7.400429
v -3.349999 -3.632349 7.400429
v -2.649996 -1.318481 7.400429
v -3.349997 -1.318480 7.400429
v -2.649998 -3.632350 7.400429
v -3.349997 -1.123476 4.640555
v -2.649996 -1.318481 4.640555
v -2.649996 -1.123477 4.640555
v -3.349997 -1.318480 4.640555
v -3.349999 -3.632349 4.640555
v -2.649998 -3.827354 4.640555
v -2.649998 -3.632350 4.640555
v -3.349999 -3.827354 4.640555
v -1.351939 11.849998 2.864515
v 1.351939 11.149998 2.864515
v -1.351939 11.149998 2.864515
v 1.351939 11.849998 2.864515
v -8.400002 6.092875 8.615206
v -9.100002 6.092875 5.650000
v -9.100002 6.092875 8.615206
v -8.400002 6.092875 5.650000
v -2.649998 1.378621 4.640555
v -3.349999 1.378622 7.400429
v -3.349999 1.378622 4.640555
v -2.649998 1.378621 7.400429
v 9.100002 -10.147872 10.588740
v 9.100002 -10.340337 13.353947
v 9.100002 -10.147872 13.192434
v 9.100002 -6.285341 13.192434
v -3.349997 3.692492 4.640555
v -2.649996 3.692491 7.400429
v -2.649996 3.692491 4.640555
v -3.349997 3.692492 7.400429
v -3.349999 1.378622 7.400429
v -2.649996 3.692491 7.400429
v -3.349997 3.692492 7.400429
v -2.649998 1.378621 7.400429
v -3.349997 3.887496 4.640555
v -2.649996 3.692491 4.640555
v -2.649996 3.887495 4.640555
v -3.349997 3.692492 4.640555
v -3.349999 1.378622 4.640555
v -2.649998 1.183617 4.640555
v -2.649998 1.378621 4.640555
v -3.349999 1.183618 4.640555
v -8.400002 1.124884 0.893821
v -8.400002 5.372346 0.893821
v -9.100002 5.179881 0.893821
v -9.100002 5.372346 0.893821
v -2.649996 3.887495 9.419206
v -3.349997 3.887496 12.379080
v -3.349997 3.887496 9.419206
v -2.649996 3.887495 12.379080
v -2.649998 -3.632350 9.419206
v -3.349999 -3.632349 12.179079
v -3.349999 -3.632349 9.419206
v -2.649998 -3.632350 12.179079
v -3.349999 1.183618 12.379080
v -2.649996 3.887495 12.379080
v -2.649998 1.183617 12.379080
v -3.349997 3.887496 12.379080
v 9.100002 1.124884 13.353947
v 8.400002 5.372346 13.353947
v 9.100002 5.372346 13.353947
v 8.400002 1.124884 13.353947
v -3.349997 -1.318480 9.419206
v -2.649996 -1.318481 12.179079
v -2.649996 -1.318481 9.419206
v -3.349997 -1.318480 12.179079
v -3.349999 -3.632349 12.179079
v -2.649996 -1.318481 12.179079
v -3.349997 -1.318480 12.179079
v -2.649998 -3.632350 12.179079
v -9.100002 -1.317351 10.388741
v -8.400002 -5.372346 10.388741
v -8.400002 -1.124884 10.388741
v -9.100002 -1.124884 10.388741
v -3.349997 -1.123476 9.419206
v -2.649996 -1.318481 9.419206
v -2.649996 -1.123477 9.419206
v -3.349997 -1.318480 9.419206
v -3.349999 -3.632349 9.419206
v -2.649998 -3.827354 9.419206
v -2.649998 -3.632350 9.419206
v -3.349999 -3.827354 9.419206
v 2.649998 1.183617 9.419206
v 3.349999 1.183618 12.379080
v 3.349999 1.183618 9.419206
v 2.649998 1.183617 12.379080
v -2.649998 1.378621 9.419206
v -3.349999 1.378622 12.179079
v -3.349999 1.378622 9.419206
v -2.649998 1.378621 12.179079
v 8.400002 -1.124884 10.388741
v 8.400002 -5.372346 10.388741
v 9.100002 -5.179881 10.388741
v 9.100002 -5.372346 10.388741
v -3.349997 3.692492 9.419206
v -2.649996 3.692491 12.179079
v -2.649996 3.692491 9.419206
v -3.349997 3.692492 12.179079
v -3.349999 1.378622 12.179079
v -2.649996 3.692491 12.179079
v -3.349997 3.692492 12.179079
v -2.649998 1.378621 12.179079
v -3.349997 3.887496 9.419206
v -2.649996 3.692491 9.419206
v -2.649996 3.887495 9.419206
v -3.349997 3.692492 9.419206
v -3.349999 1.378622 9.419206
v -2.649998 1.183617 9.419206
v -2.649998 1.378621 9.419206
v -3.349999 1.183618 9.419206
v -0.350001 -4.650002 5.850001
v -0.350001 -8.850002 5.650000
v -0.350001 -4.650002 5.650000
v -0.350001 -8.850002 5.850001
v 0.349999 -8.850002 5.850001
v 0.349999 -4.650002 5.650000
v 0.349999 -8.850002 5.650000
v 0.349999 -4.650002 5.850001
v -0.350001 -8.850002 5.850001
v 0.349999 -8.850002 5.650000
v -0.350001 -8.850002 5.650000
v 0.349999 -8.850002 5.850001
v -0.350001 -4.650002 5.650000
v 0.349999 -8.850002 5.650000
v 0.349999 -4.650002 5.650000
v -0.350001 -8.850002 5.650000
v 0.349999 -4.650002 5.850001
v -0.350001 -8.850002 5.850001
v -0.350001 -4.650002 5.850001
v 0.349999 -8.850002 5.850001
v -0.350001 -4.650002 5.850001
v 0.349999 -4.650002 5.650000
v 0.349999 -4.650002 5.850001
v -0.350001 -4.650002 5.650000
v -2.750005 -11.250002 -0.000000
v -2.750005 -4.750002 -0.000000
v 2.749995 -11.250002 -0.000000
v 2.749999 -3.750002 -0.000000
v -2.750001 -3.750002 -0.000000
v 2.749999 -1.250002 -0.000000
v -2.750001 -1.250002 -0.000000
v 2.749999 1.249998 0.000000
v -2.750001 1.249998 0.000000
v 2.749999 3.749998 0.000000
v -2.750001 3.749998 0.000000
v -1.249997 11.249998 0.000000
v -2.749997 11.249998 0.000000
v 1.250003 11.249998 0.000000
v 2.750003 11.249998 0.000000
v 1.250002 11.749998 0.000000
v -1.249998 11.749998 0.000000
v 3.249999 -3.750002 -0.000000
v 8.499998 -4.250005 -0.000000
v 3.249995 -11.250002 -0.000000
v 8.499994 -11.250006 -0.000000
v -2.750001 -3.750002 -0.000000
v 2.749999 -3.750002 -0.000000
v -2.750005 -4.750002 -0.000000
v -3.250001 -3.750002 -0.000000
v -2.750001 -1.250002 -0.000000
v -3.250001 -1.250002 -0.000000
v -8.500001 -3.749999 -0.000000
v -8.500002 -4.249998 -0.000000
v -8.500001 -0.249999 -0.000000
v -3.250001 -0.250002 -0.000000
v 2.749999 -1.250002 -0.000000
v 3.249999 -3.750002 -0.000000
v 3.249999 -1.250002 -0.000000
v 8.499999 -3.750005 -0.000000
v 8.499998 -4.250005 -0.000000
v 8.499999 -0.250005 -0.000000
v 3.249999 -0.250002 -0.000000
v -8.500003 -11.249997 -0.000000
v -8.500002 -4.249998 -0.000000
v -3.250005 -11.250002 -0.000000
v -3.250001 -3.750002 -0.000000
v 3.249999 1.249998 0.000000
v 8.499999 0.249995 0.000000
v 3.249999 0.249998 0.000000
v 8.499999 3.749995 0.000000
v 8.500004 6.249996 0.000000
v 3.250003 11.249998 0.000000
v 8.500004 11.249996 0.000000
v 3.249999 3.749998 0.000000
v 8.499999 3.749995 0.000000
v 3.249999 3.749998 0.000000
v 8.500004 6.249996 0.000000
v 3.249999 1.249998 0.000000
v 2.749999 1.249998 0.000000
v 2.749999 3.749998 0.000000
v -8.500001 0.250001 0.000000
v -3.250001 1.249998 0.000000
v -3.250001 0.249998 0.000000
v -8.500001 3.750001 0.000000
v -3.250001 3.749998 0.000000
v -8.500000 5.249999 0.000000
v -8.500000 6.250000 0.000000
v -2.750001 3.749998 0.000000
v -2.750001 1.249998 0.000000
v -3.250001 3.749998 0.000000
v -8.500000 6.250000 0.000000
v -3.249997 11.249998 0.000000
v -8.499999 11.250000 0.000000
v -8.999999 11.750000 8.500000
v -8.999999 10.250000 10.500000
v -8.999999 10.250000 8.500000
v -9.000000 6.250000 10.500000
v -9.000000 5.249996 13.250000
v -9.000000 6.249998 13.250000
v -9.000000 3.749998 15.250000
v -9.000000 3.749998 13.250000
v -9.000001 1.250001 13.250000
v 8.999996 -3.750002 3.750000
v 8.499996 -5.250002 3.750000
v 8.999996 -5.250002 3.750000
v 8.499999 -1.250005 3.750000
v 1.250002 11.749998 0.000000
v 9.000000 11.750000 -5.000000
v 9.000004 11.749996 15.250000
v -8.999996 11.750003 -5.000000
v -1.249998 11.749998 0.000000
v -8.999999 11.750000 0.000000
v -3.250001 1.249998 12.250000
v -3.250001 0.249998 9.500000
v -3.250001 1.249998 9.500000
v -3.250001 0.249998 13.750000
v 3.249999 -1.250002 2.750000
v 3.249999 -0.250002 -0.000000
v 3.249999 -1.250002 -0.000000
v 3.249999 -0.250002 4.250000
v -8.500002 -8.749998 10.500000
v -9.000002 -6.250002 10.500000
v -8.500002 -6.250002 10.500000
v -9.000002 -8.749998 10.500000
v -8.500003 -10.249997 10.500000
v -9.000003 -10.249997 10.500000
v -9.000001 -1.249999 5.750000
v -8.500001 -1.249999 5.750000
v -8.500001 -3.749999 5.750000
v -9.000002 -4.249998 5.750000
v -8.500002 -4.249998 5.750000
v -9.000002 -5.250002 5.750000
v -8.500002 -5.250002 5.750000
v 8.499999 0.249995 4.250000
v 8.499999 1.249995 3.750000
v 8.500002 5.249996 4.250000
v 8.500002 5.249996 3.750000
v 8.500002 5.249996 1.000000
v 8.500003 6.249996 3.750000
v 8.500004 6.249996 1.000000
v 8.500003 6.249996 4.250000
v 8.500004 10.249996 3.750000
v 8.500004 11.249996 4.250000
v 8.500004 10.249996 1.000000
v 8.999996 -3.750002 8.500000
v 8.499996 -5.250002 8.500000
v 8.999996 -5.250002 8.500000
v 8.499999 -1.250005 8.500000
v -8.499999 10.250000 3.750000
v -8.499999 11.250000 4.250000
v -8.499999 11.250000 2.750000
v -8.499999 10.250000 2.750000
v -8.499999 10.250000 1.000000
v -8.499999 11.250000 0.000000
v -8.500000 6.250000 0.000000
v -8.500000 6.250000 1.000000
v -8.500000 5.249999 1.000000
v -8.500000 5.249999 0.000000
v -8.500001 3.750001 1.000000
v -8.500001 3.750001 0.000000
v -8.500001 1.250001 1.000000
v -8.500001 0.250001 0.000000
v -8.500001 0.250001 4.250000
v -3.250001 1.249998 4.750000
v -3.250001 1.249998 7.500000
v -3.250001 0.249998 4.750000
v -3.250001 0.249998 9.000000
v -8.500003 -10.249997 3.750000
v -8.500003 -11.249997 4.250000
v -8.500003 -10.249997 4.250000
v -8.500003 -10.249997 1.000000
v -8.500003 -11.249997 -0.000000
v -8.500002 -6.250002 1.000000
v -8.500002 -4.249998 -0.000000
v -8.500002 -5.250002 1.000000
v -8.500002 -4.249998 1.000000
v -8.500001 -3.749999 -0.000000
v -8.500001 -3.749999 1.000000
v -8.500001 -1.249999 1.000000
v -8.500001 -0.249999 -0.000000
v -8.500001 -0.249999 4.250000
v -8.500001 -1.249999 3.750000
v -8.500002 -6.250002 3.750000
v -8.500002 -5.250002 3.750000
v -8.500002 -8.750002 4.250000
v -8.500002 -8.750002 3.750000
v -8.500003 -10.249997 4.250000
v -8.500003 -10.249997 3.750000
v -0.250001 -8.750002 10.500000
v -0.250001 -4.750002 10.500000
v 0.249999 -8.750002 10.500000
v 0.249999 -4.250002 10.500000
v -2.750001 -4.250002 10.500000
v -2.750001 -4.750002 10.500000
v -2.750005 -11.250002 13.750000
v -2.750005 -8.750002 9.500000
v -2.750005 -11.250002 9.500000
v -2.750001 -4.750002 10.500000
v -2.750005 -4.750002 9.500000
v -2.750005 3.749998 9.500000
v -2.750001 3.749998 12.250000
v -2.750005 11.249998 9.500000
v -2.750005 11.249998 13.750000
v 8.499998 -5.250002 1.000000
v 8.499998 -4.250005 1.000000
v 8.999998 -5.250002 1.000000
v 8.499999 -3.750005 1.000000
v 8.999999 -1.250005 1.000000
v 8.499999 -1.250005 1.000000
v -8.500002 -5.250002 15.250000
v -9.000002 -8.750002 15.250000
v -9.000002 -5.250002 15.250000
v -9.000002 -3.750002 15.250000
v -9.000001 -1.249999 15.250000
v -9.000000 3.749998 15.250000
v -8.499999 11.250000 15.250000
v -8.499999 10.250000 2.750000
v -8.999999 10.250000 3.750000
v -8.499999 10.250000 3.750000
v -8.999999 10.250000 1.000000
v -8.499999 10.250000 1.000000
v -8.500001 -1.249999 13.250000
v -8.500001 -0.249999 13.750000
v -8.500001 -1.249999 10.500000
v -8.500001 -0.249999 9.500000
v -8.500002 -3.750002 9.500000
v -8.500001 -3.749999 10.500000
v -8.500002 -4.249998 10.500000
v -8.500002 -4.249998 9.500000
v -8.500002 -4.750002 9.500000
v -8.500002 -5.250002 10.500000
v -8.500002 -6.250002 10.500000
v -8.500002 -8.750002 9.500000
v -8.500002 -8.749998 10.500000
v -8.500003 -10.249997 10.500000
v -8.500003 -10.249997 9.500000
v -8.500003 -11.249997 9.500000
v -8.500003 -11.249997 13.750000
v -8.500002 -6.250002 13.250000
v -8.500002 -5.250002 13.250000
v -8.500003 -10.249997 13.250000
v 8.500004 10.249996 5.750000
v 8.500004 11.249996 9.000000
v 8.500004 10.249996 8.500000
v 8.500003 6.249996 9.000000
v 8.500003 6.249996 8.500000
v 8.500002 5.249996 8.500000
v 8.500004 6.249996 5.750000
v 8.500002 5.249996 5.750000
v 8.500002 5.249996 9.000000
v 8.499999 1.249995 8.500000
v 8.499999 0.249995 9.000000
v 3.250002 11.749998 15.250000
v 1.250002 11.749998 2.750000
v 1.250002 11.749998 0.000000
v -1.249998 11.749998 2.750000
v -8.500003 -11.249997 9.500000
v -8.500003 -10.249997 9.500000
v -3.250005 -11.250002 9.500000
v -8.500002 -8.750002 9.500000
v -8.500000 6.249998 13.250000
v -8.500000 5.249996 13.250000
v -8.500000 6.249998 13.750000
v -8.499999 10.250000 13.250000
v -8.499999 11.250000 13.750000
v -8.499999 10.250000 10.500000
v -8.499999 11.250000 9.500000
v -8.500000 6.249998 9.500000
v -8.500000 6.250000 10.500000
v -8.500000 5.249999 10.500000
v -8.500000 5.249996 9.500000
v -8.500001 1.250001 10.500000
v -8.500001 1.250001 9.500000
v -8.500001 0.250001 9.500000
v -8.500001 0.250001 13.750000
v 8.999996 -3.750002 13.250000
v 8.499996 -5.250002 13.250000
v 8.999996 -5.250002 13.250000
v 8.499999 -1.250005 13.250000
v 8.999996 -8.750006 5.750000
v 8.499998 -6.250002 5.750000
v 8.999998 -6.250002 5.750000
v 8.499996 -8.750006 5.750000
v 8.999994 -10.250006 5.750000
v 8.499994 -10.250006 5.750000
v -0.250005 -4.750002 4.250000
v -2.750005 11.249998 4.250000
v -2.750005 -4.750002 4.250000
v 2.749995 11.249998 4.250000
v 2.749995 -11.250002 4.250000
v -0.250005 -8.750002 4.250000
v -2.750005 -11.250002 4.250000
v -2.750005 -8.750002 4.250000
v 8.999999 -1.250005 10.500000
v 8.499998 -4.750005 10.500000
v 8.499999 -1.250005 10.500000
v 8.999998 -5.250002 10.500000
v 8.499998 -5.250002 10.500000
v -8.500001 -1.249999 10.500000
v -8.500001 -3.749999 10.500000
v -9.000001 -1.249999 10.500000
v -9.000002 -5.250002 10.500000
v -8.500002 -4.249998 10.500000
v -8.500002 -5.250002 10.500000
v 3.249999 -1.250002 12.250000
v 3.249999 -0.250002 9.500000
v 3.249999 -1.250002 9.500000
v 3.249999 -0.250002 13.750000
v 8.499994 -10.250006 13.250000
v 8.499994 -11.250006 13.750000
v 8.499994 -10.250006 10.500000
v 8.499994 -11.250006 9.500000
v 8.499996 -8.750006 9.500000
v 8.499996 -8.750006 10.500000
v 8.499998 -6.250002 10.500000
v 8.499998 -4.750005 9.500000
v 8.499998 -5.250002 10.500000
v 8.499998 -4.750005 10.500000
v 8.499999 -1.250005 10.500000
v 8.499999 -0.250005 9.500000
v 8.499999 -0.250005 13.750000
v 8.499999 -1.250005 13.250000
v 8.499996 -5.250002 13.250000
v 8.499995 -6.250002 13.250000
v 8.499998 -5.250002 10.500000
v -3.250001 1.249998 0.000000
v -3.250001 1.249998 2.750000
v -3.250001 0.249998 0.000000
v -3.250001 0.249998 4.250000
v 8.999999 3.749995 5.750000
v 8.500002 5.249996 5.750000
v 9.000002 5.249996 5.750000
v 8.499999 3.749995 5.750000
v 8.499999 1.249995 5.750000
v 8.999999 1.249995 5.750000
v -3.250001 -3.750002 9.500000
v -2.750005 -8.750002 9.500000
v -3.250005 -11.250002 9.500000
v -2.750005 -11.250002 9.500000
v -8.500000 6.249998 8.500000
v -8.500000 5.249996 8.500000
v -8.500000 6.249998 9.000000
v -8.499999 10.250000 8.500000
v -8.499999 11.250000 9.000000
v -8.499999 10.250000 5.750000
v -8.499999 11.250000 4.750000
v -8.500000 6.249998 4.750000
v -8.500000 6.250000 5.750000
v -8.500000 5.249999 5.750000
v -8.500000 5.249996 4.750000
v -8.500001 1.250001 5.750000
v -8.500001 1.250001 4.750000
v -8.500001 0.250001 4.750000
v -8.500001 0.250001 9.000000
v 8.999999 3.749995 10.500000
v 8.500002 5.249996 10.500000
v 9.000002 5.249996 10.500000
v 8.499999 3.749995 10.500000
v 8.499999 1.249995 10.500000
v 8.999999 1.249995 10.500000
v -8.500003 -10.249997 8.500000
v -8.500003 -10.249997 9.000000
v -8.500002 -8.750002 8.500000
v -8.500002 -8.750002 9.000000
v -8.500002 -6.250002 8.500000
v -8.500002 -5.250002 8.500000
v -8.500001 -0.249999 9.000000
v -8.500002 -5.250002 5.750000
v -8.500001 -1.249999 8.500000
v -8.500001 -1.249999 5.750000
v -8.500001 -0.249999 4.750000
v -8.500002 -3.750002 4.750000
v -8.500001 -3.749999 5.750000
v -8.500002 -4.249998 5.750000
v -8.500002 -4.249998 4.750000
v -8.500002 -4.750002 4.750000
v -8.500002 -6.250002 5.750000
v -8.500003 -11.249997 4.750000
v -8.500003 -10.249997 5.750000
v -8.500003 -11.249997 9.000000
v -8.500003 -10.249997 8.500000
v -8.500003 -10.249997 9.000000
v -9.000003 -11.249997 15.250000
v -9.000003 -10.249997 13.250000
v -9.000003 -10.249997 15.250000
v -9.000003 -11.749997 15.250000
v -9.000003 -10.249997 8.500000
v -9.000001 -11.749998 -5.000000
v -9.000003 -10.249997 3.750000
v -9.000003 -10.249997 1.000000
v -0.250005 -4.750002 9.000000
v -2.750005 11.249998 9.000000
v -2.750005 -4.750002 9.000000
v 2.749995 11.249998 9.000000
v 2.749995 -11.250002 9.000000
v -0.250005 -8.750002 9.000000
v -2.750005 -11.250002 9.000000
v -2.750005 -8.750002 9.000000
v 8.999999 3.749995 1.000000
v 8.500002 5.249996 1.000000
v 9.000002 5.249996 1.000000
v 8.499999 3.749995 1.000000
v 8.499999 1.249995 1.000000
v 8.999999 1.249995 1.000000
v -8.500001 -1.249999 1.000000
v -9.000001 -3.749999 1.000000
v -9.000001 -1.249999 1.000000
v -8.500001 -3.749999 1.000000
v -8.500002 -4.249998 1.000000
v -9.000002 -5.250002 1.000000
v -8.500002 -5.250002 1.000000
v 8.499996 -5.250002 8.500000
v 8.499998 -6.250002 5.750000
v 8.499998 -5.250002 5.750000
v 8.499995 -6.250002 8.500000
v 8.499999 -0.250005 9.000000
v 8.499999 -1.250005 8.500000
v 8.499999 -0.250005 4.750000
v 8.499999 -1.250005 5.750000
v 8.499998 -4.750005 4.750000
v 8.499998 -4.750005 5.750000
v 8.499998 -5.250002 5.750000
v 8.499996 -8.750006 4.750000
v 8.499996 -8.750006 5.750000
v 8.499994 -10.250006 5.750000
v 8.499994 -11.250006 4.750000
v 8.499994 -11.250006 9.000000
v 8.499994 -10.250006 8.500000
v 8.999999 -1.250005 5.750000
v 8.499998 -4.750005 5.750000
v 8.499999 -1.250005 5.750000
v 8.999998 -5.250002 5.750000
v 8.499998 -5.250002 5.750000
v 8.999996 -8.750006 10.500000
v 8.499998 -6.250002 10.500000
v 8.999998 -6.250002 10.500000
v 8.499996 -8.750006 10.500000
v 8.999994 -10.250006 10.500000
v 8.499994 -10.250006 10.500000
v -8.500001 3.750001 1.000000
v -9.000000 5.249999 1.000000
v -8.500000 5.249999 1.000000
v -9.000001 3.750001 1.000000
v -9.000001 1.250001 1.000000
v -8.500001 1.250001 1.000000
v -3.250001 -3.750002 4.750000
v -2.750005 -8.750002 4.750000
v -3.250005 -11.250002 4.750000
v -2.750005 -11.250002 4.750000
v 1.250003 11.249998 0.000000
v 1.250003 11.249998 2.750000
v 2.750003 11.249998 0.000000
v 2.749995 11.249998 4.250000
v -8.499999 11.250000 0.000000
v -8.499999 11.250000 2.750000
v -3.249997 11.249998 0.000000
v -3.249997 11.249998 4.250000
v -8.499999 11.250000 4.250000
v 8.999994 -10.250006 10.500000
v 8.999994 -11.750006 15.250000
v 8.999994 -10.250006 13.250000
v 8.999994 -10.250006 8.500000
v 3.249999 -1.250002 4.750000
v 3.249999 -1.250002 7.500000
v 3.249999 -0.250002 4.750000
v 3.249999 -0.250002 9.000000
v -8.999999 10.250000 10.500000
v -8.999999 10.250000 12.250000
v -8.499999 10.250000 10.500000
v -8.499999 10.250000 13.250000
v -8.999999 10.250000 13.250000
v -9.100002 -5.179881 0.893821
v -9.100002 -1.317350 1.093821
v -9.100002 -5.179881 1.093821
v -9.100002 -1.124884 0.893821
v 9.100002 1.124884 10.388741
v 9.100002 1.317350 10.588740
v 9.100002 5.179881 10.388741
v 9.100002 5.179881 10.588740
v 9.100002 5.372346 13.192434
v 9.100002 5.179881 13.192434
v 9.100002 5.372346 13.353947
v 9.100002 1.124884 13.353947
v 8.400002 -10.340337 10.388741
v 8.400002 -10.340337 13.192434
v 9.100002 -10.340337 10.388741
v 9.100002 -10.340337 13.353947
v 8.400002 -10.340337 13.353947
v 3.349999 -3.827354 7.600429
v 3.349999 -3.632349 7.400429
v 3.349999 -3.827354 4.640555
v 3.349999 -3.632349 4.640555
v -8.400002 -1.124884 8.615206
v -8.400002 -1.317351 8.453693
v -8.400002 -5.372346 8.615206
v -8.400002 -5.179881 8.453693
v -8.400002 -5.372346 8.453693
v -8.400002 -6.092875 10.388741
v -9.100002 -6.285341 10.388741
v -8.400002 -6.285341 10.388741
v -8.400002 -10.147872 10.388741
v -9.100002 -10.340337 10.388741
v -9.100002 -6.092875 3.859026
v -9.100002 -10.147872 3.697514
v -9.100002 -6.285341 3.697514
v -9.100002 -10.340337 3.859026
v -8.400002 -10.340337 13.353947
v -8.400002 -10.147872 13.192434
v -8.400002 -10.147872 10.588740
v -8.400002 -6.285341 13.192434
v -8.400002 -6.092875 13.353947
v -8.400002 -5.179881 10.588740
v -8.400002 -5.372346 13.353947
v -8.400002 -5.179881 13.192434
v -8.400002 -5.179881 13.353947
v -3.349999 1.378622 9.419206
v -3.349999 1.378622 12.179079
v -3.349999 1.183618 9.419206
v -3.349999 1.183618 12.379080
v -3.349997 3.887496 9.419206
v -3.349997 3.692492 12.179079
v -3.349997 3.692492 9.419206
v -3.349997 3.887496 12.379080
v -3.349999 1.378622 12.179079
v -3.349999 1.183618 12.379080
v -8.400002 -10.340337 3.859026
v -8.400002 -10.147872 3.697514
v -8.400002 -10.340337 3.697514
v -8.400002 -6.092875 3.859026
v -8.400002 -6.285341 3.697514
v -8.400002 -5.179881 1.093821
v -8.400002 -5.372346 3.859026
v -8.400002 -5.179881 3.697514
v -8.400002 -5.179881 3.859026
v 9.100002 -5.372346 3.859026
v 8.400002 -5.179881 3.859026
v 9.100002 -1.124884 3.859026
v 8.400002 -5.372346 3.859026
v -2.649998 -3.827354 12.379080
v -2.649998 -3.632350 12.179079
v -2.649998 -3.827354 9.419206
v -2.649998 -3.632350 9.419206
v -8.400002 10.147872 5.650000
v -8.400002 6.285341 5.850000
v -8.400002 10.147872 5.850000
v -8.400002 6.092875 5.650000
v -8.400002 10.147872 10.388741
v -8.400002 6.285341 10.588740
v -8.400002 10.147872 10.588740
v -8.400002 6.092875 10.388741
v -9.100002 10.340337 8.615206
v -8.400002 10.340337 8.615206
v -9.100002 10.147872 8.615206
v -8.400002 6.092875 8.615206
v -2.649998 1.183617 -0.095359
v -2.649998 1.378621 2.664515
v -2.649998 1.378621 -0.095359
v -2.649998 1.183617 2.864515
v 3.349999 1.183618 12.379080
v 3.349999 1.378622 12.179079
v 3.349999 1.183618 9.419206
v 3.349999 1.378622 9.419206
v -9.100002 1.124884 8.615206
v -9.100002 1.317350 8.453693
v -9.100002 5.179881 8.615206
v -9.100002 5.179881 8.453693
v -9.100002 5.372346 5.850000
v -9.100002 5.179881 5.850000
v -9.100002 5.372346 5.650000
v -9.100002 1.124884 5.650000
v -9.100002 5.372346 13.353947
v -9.100002 5.179881 13.192434
v -9.100002 5.372346 13.192434
v -9.100002 1.124884 13.353947
v -9.100002 1.317350 13.192434
v -9.100002 5.372346 13.353947
v -8.400002 1.317351 13.353947
v -9.100002 1.124884 13.353947
v -8.400002 1.124884 13.353947
v -9.100002 5.372346 3.859026
v -9.100002 5.179881 3.697514
v -9.100002 5.372346 3.697514
v -9.100002 1.124884 3.859026
v -9.100002 1.317350 3.697514
v -8.400002 10.340337 5.650000
v -8.400002 10.340337 8.453693
v -9.100002 10.340337 5.650000
v -9.100002 10.340337 8.615206
v -8.400002 10.340337 8.615206
v 9.100002 10.340337 10.388741
v 9.100002 6.285341 10.588740
v 9.100002 10.147872 10.588740
v 9.100002 6.092875 10.388741
v -8.400002 5.179881 3.859026
v -9.100002 5.372346 3.859026
v -8.400002 5.372346 3.859026
v -9.100002 1.124884 3.859026
v 8.400002 -1.124884 5.650000
v 8.400002 -1.317351 5.850000
v 8.400002 -5.179881 5.650000
v 8.400002 -5.179881 5.850000
v 8.400002 -10.147872 10.388741
v 8.400002 -6.285341 10.588740
v 8.400002 -10.147872 10.588740
v 8.400002 -6.092875 10.388741
v -8.400002 -1.317350 5.650000
v -8.400002 -5.179881 5.850000
v -8.400002 -1.317351 5.850000
v -8.400002 -5.372346 5.650000
v 8.400002 10.340337 10.388741
v 8.400002 10.147872 10.388741
v 9.100002 10.340337 10.388741
v 9.100002 6.092875 10.388741
v 9.100002 -6.092875 10.388741
v 9.100002 -6.092875 13.192434
v 8.400002 -6.092875 10.388741
v 8.400002 -6.092875 13.353947
v 9.100002 -6.092875 13.353947
v -8.400002 -10.340337 8.453693
v -8.400002 -10.340337 8.615206
v -8.400002 -10.147872 8.453693
v -8.400002 -6.285341 8.453693
v -8.400002 -6.092875 8.615206
v 9.100002 -5.372346 13.353947
v 9.100002 -5.179881 13.192434
v 9.100002 -5.372346 13.192434
v 9.100002 -1.124884 13.353947
v 9.100002 -1.317350 13.192434
v 9.100002 -10.340337 8.615206
v 9.100002 -10.147872 8.453693
v 9.100002 -10.340337 8.453693
v 9.100002 -6.092875 8.615206
v 9.100002 -6.285341 8.453693
v 9.100002 -5.372346 8.615206
v 9.100002 -5.179881 8.453693
v 9.100002 -5.372346 8.453693
v 9.100002 -1.124884 8.615206
v 9.100002 -1.317350 8.453693
v 8.400002 -1.124884 10.588740
v 8.400002 -1.317351 10.588740
v 8.400002 -1.124884 10.388741
v 8.400002 -5.372346 10.388741
v -9.100002 10.340337 10.588740
v -9.100002 10.147872 10.588740
v -9.100002 10.340337 10.388741
v -9.100002 6.092875 10.388741
v -9.100002 10.340337 13.353947
v -9.100002 10.147872 13.192434
v -9.100002 10.340337 13.192434
v -9.100002 6.092875 13.353947
v -9.100002 6.285341 13.192434
v 9.100002 -5.372346 3.859026
v 9.100002 -5.179881 3.697514
v 9.100002 -5.372346 3.697514
v 9.100002 -1.124884 3.859026
v 9.100002 -1.317350 3.697514
v 9.100002 -10.340337 0.893821
v 9.100002 -10.147872 0.893821
v 8.400002 -10.340337 0.893821
v 8.400002 -6.285341 0.893821
v 9.100002 -6.092875 0.893821
v 8.400002 -6.092875 0.893821
v 9.100002 10.340337 0.893821
v 9.100002 10.340337 3.697514
v 8.400002 10.340337 0.893821
v 8.400002 10.340337 3.859026
v 9.100002 10.340337 3.859026
v 8.400002 6.285341 5.850000
v 8.400002 6.285341 8.453693
v 8.400002 6.092875 5.850000
v 8.400002 6.092875 8.615206
v 8.400002 10.340337 8.615206
v 8.400002 10.147872 8.453693
v 8.400002 10.147872 5.850000
v 8.400002 6.285341 8.453693
v 8.400002 6.092875 8.615206
v 8.400002 -6.092875 3.859026
v 8.400002 -10.147872 3.697514
v 8.400002 -6.285341 3.697514
v 8.400002 -10.340337 3.859026
v 9.100002 10.340337 5.650000
v 9.100002 10.340337 8.453693
v 8.400002 10.340337 5.650000
v 8.400002 10.340337 8.615206
v 9.100002 10.340337 8.615206
v 9.100002 1.124884 5.650000
v 9.100002 1.317350 5.850000
v 9.100002 5.179881 5.650000
v 9.100002 5.179881 5.850000
v 9.100002 5.372346 8.453693
v 9.100002 5.179881 8.453693
v 9.100002 5.372346 8.615206
v 9.100002 1.124884 8.615206
v 8.400002 1.124884 8.615206
v 8.400002 1.317351 8.453693
v 8.400002 5.372346 8.615206
v 8.400002 5.179881 8.453693
v 8.400002 5.372346 8.453693
v 8.400002 10.340337 13.353947
v 8.400002 10.147872 13.192434
v 8.400002 10.147872 10.588740
v 8.400002 6.285341 13.192434
v 8.400002 6.092875 13.353947
v -9.100002 -5.372346 0.893821
v -9.100002 -5.372346 3.697514
v -8.400002 -5.372346 0.893821
v -8.400002 -5.372346 3.859026
v -9.100002 -5.372346 3.859026
v 8.400002 5.372346 13.192434
v 9.100002 5.372346 13.353947
v 8.400002 5.372346 13.353947
v 9.100002 5.372346 13.192434
v 8.400002 1.124884 13.353947
v 8.400002 1.317351 13.192434
v 8.400002 5.372346 13.353947
v 8.400002 5.179881 13.192434
v 8.400002 5.372346 13.192434
v 8.400002 1.317350 0.893821
v 8.400002 5.179881 1.093821
v 8.400002 1.317351 1.093821
v 8.400002 5.372346 0.893821
v 8.400002 1.124884 3.859026
v 8.400002 1.317351 3.697514
v 8.400002 5.179881 3.859026
v 8.400002 5.179881 3.697514
v -2.649998 -3.827354 4.640555
v -2.649998 -3.632350 7.400429
v -2.649998 -3.632350 4.640555
v -2.649998 -3.827354 7.600429
v -9.100002 -6.092875 13.353947
v -9.100002 -10.147872 13.192434
v -9.100002 -6.285341 13.192434
v -9.100002 -10.340337 13.353947
v 1.351939 11.849998 2.864515
v 1.156935 11.849998 2.664515
v 1.351939 11.849998 -0.095359
v 1.156935 11.849998 -0.095359
v 3.349999 1.183618 2.864515
v 3.349999 1.378622 2.664515
v 3.349999 1.183618 -0.095359
v 3.349999 1.378622 -0.095359
v 3.349999 -3.827354 2.864515
v 3.349999 -3.632349 2.664515
v 3.349999 -3.827354 -0.095359
v 3.349999 -3.632349 -0.095359
v -9.100002 10.340337 3.859026
v -9.100002 10.147872 3.697514
v -9.100002 10.340337 3.697514
v -9.100002 6.092875 3.859026
v -9.100002 6.285341 3.697514
v 3.349999 1.183618 7.600429
v 3.349999 1.378622 7.400429
v 3.349999 1.183618 4.640555
v 3.349999 1.378622 4.640555
v -9.100002 -6.092875 5.650000
v -9.100002 -6.285341 5.850000
v -9.100002 -10.147872 5.650000
v -9.100002 -10.147872 5.850000
v -9.100002 -10.340337 8.453693
v -9.100002 -10.147872 8.453693
v -9.100002 -10.340337 8.615206
v -9.100002 -6.092875 8.615206
v -3.349999 1.378622 2.664515
v -3.349999 1.183618 -0.095359
v -3.349999 1.378622 -0.095359
v -3.349999 1.183618 2.864515
v -3.349999 1.378622 7.400429
v -3.349999 1.183618 4.640555
v -3.349999 1.378622 4.640555
v -3.349999 1.183618 7.600429
v 8.400002 5.372346 8.453693
v 9.100002 5.372346 8.615206
v 8.400002 5.372346 8.615206
v 9.100002 5.372346 8.453693
v -2.649998 1.183617 12.379080
v -2.649998 1.378621 12.179079
v -2.649998 1.183617 9.419206
v -2.649998 1.378621 9.419206
v -2.649998 -3.827354 -0.095359
v -2.649998 -3.632350 2.664515
v -2.649998 -3.632350 -0.095359
v -2.649998 -3.827354 2.864515
v -2.649998 1.183617 4.640555
v -2.649998 1.378621 7.400429
v -2.649998 1.378621 4.640555
v -2.649998 1.183617 7.600429
v 9.100002 -10.340337 10.388741
v 9.100002 -10.147872 10.588740
v 9.100002 -6.285341 10.388741
v 9.100002 -6.285341 10.588740
v -9.100002 -5.372346 13.353947
v -8.400002 -5.179881 13.353947
v -8.400002 -5.372346 13.353947
v -9.100002 -5.179881 13.353947
v 9.100002 -10.340337 3.859026
v 9.100002 -10.147872 3.697514
v 9.100002 -10.340337 3.697514
v 9.100002 -6.092875 3.859026
v 9.100002 -6.285341 3.697514
v 3.349999 -3.827354 12.379080
v 3.349999 -3.632349 12.179079
v 3.349999 -3.827354 9.419206
v 3.349999 -3.632349 9.419206
vt 0.884433985 0.760659933
vt 0.883958697 0.760659933
vt 0.835134149 0.707925558
vt 0.884433985 0.760659933
vt 0.884117126 0.760659933
vt 0.575726807 0.713690162
vt 0.600614369 0.744334698
vt 0.625501931 0.774979174
vt 0.606935203 0.747243226
vt 0.575726807 0.713690162
vt 0.594392478 0.736673534
vt 0.624511778 0.774979174
vt 0.606143177 0.751995802
vt 0.575726807 0.713690162
vt 0.606935203 0.747243226
vt 0.575726807 0.713690162
vt 0.594392478 0.736673534
vt 0.575726807 0.713690162
vt 0.625600874 0.767375052
vt 0.606935203 0.747243226
vt 0.886335015 0.756857932
vt 0.835134149 0.707925558
vt 0.884993434 0.754956901
vt 0.575726807 0.713690162
vt 0.625600874 0.767375052
vt 0.606935203 0.747243226
vt 0.575726807 0.713690162
vt 0.600614369 0.744334698
vt 0.625501931 0.774979174
vt 0.144768924 0.762080312
vt 0.0834293067 0.744819045
vt 0.144768924 0.762139797
vt 0.885067701 0.761610448
vt 0.835134149 0.707925558
vt 0.886335015 0.761610448
vt 0.884750843 0.761610448
vt 0.835134149 0.707925558
vt 0.835134149 0.707925558
vt 0.884909272 0.761610448
vt 0.587972522 0.727111399
vt 0.624392927 0.774979174
vt 0.612226427 0.759656906
vt 0.581849635 0.717549205
vt 0.624392927 0.759770989
vt 0.618309677 0.754010856
vt 0.581849635 0.717549205
vt 0.624432623 0.744562805
vt 0.624432623 0.759770989
vt 0.587972522 0.727111399
vt 0.624472201 0.767375052
vt 0.575726807 0.713690162
vt 0.624709785 0.744562805
vt 0.587972522 0.721408308
vt 0.600059867 0.736730576
vt 0.587972522 0.727111399
vt 0.624472201 0.767375052
vt 0.575726807 0.713690162
vt 0.348492384 0.192433774
vt 0.370290816 0.21927619
vt 0.373142302 0.218325675
vt 0.370290816 0.21927619
vt 0.354575694 0.199144363
vt 0.370290816 0.21927619
vt 0.372825444 0.21927619
vt 0.613176882 0.736844659
vt 0.575726807 0.713690162
vt 0.591281474 0.728090405
vt 0.575726807 0.713690162
vt 0.600614369 0.744334698
vt 0.625501931 0.774979174
vt 0.587972522 0.727111399
vt 0.624392927 0.774979174
vt 0.612226427 0.759656906
vt 0.581849635 0.717549205
vt 0.624392927 0.759770989
vt 0.618309677 0.754010856
vt 0.581849635 0.717549205
vt 0.624432623 0.744562805
vt 0.624432623 0.759770989
vt 0.624472201 0.759770989
vt 0.612226427 0.748250782
vt 0.612226427 0.748250782
vt 0.37345916 0.212147355
vt 0.324159324 0.1655913
vt 0.37345916 0.211672127
vt 0.370290816 0.212147355
vt 0.370290816 0.211672127
vt 0.348492384 0.192433774
vt 0.370290816 0.21927619
vt 0.373142302 0.218325675
vt 0.370290816 0.21927619
vt 0.354575694 0.199144363
vt 0.370290816 0.21927619
vt 0.372825444 0.21927619
vt 0.624472201 0.759770989
vt 0.612226427 0.748250782
vt 0.612226427 0.748250782
vt 0.129560798 0.798503935
vt 0.124491423 0.806108057
vt 0.119928926 0.785082757
vt 0.132095426 0.790899873
vt 0.134630173 0.791375101
vt 0.0989839733 0.759219289
vt 0.624511778 0.774979174
vt 0.606143177 0.751995802
vt 0.575726807 0.713690162
vt 0.624511778 0.774979174
vt 0.606143177 0.751995802
vt 0.575726807 0.713690162
vt 0.606935203 0.747243226
vt 0.575726807 0.713690162
vt 0.594392478 0.736673534
vt 0.587972522 0.727111399
vt 0.624472201 0.767375052
vt 0.575726807 0.713690162
vt 0.624709785 0.744562805
vt 0.587972522 0.721408308
vt 0.600059867 0.736730576
vt 0.587972522 0.727111399
vt 0.624392927 0.774979174
vt 0.612226427 0.759656906
vt 0.581849635 0.717549205
vt 0.624392927 0.759770989
vt 0.618309677 0.754010856
vt 0.624472201 0.759770989
vt 0.612226427 0.748250782
vt 0.612226427 0.748250782
vt 0.884433985 0.760659933
vt 0.883958697 0.760659933
vt 0.835134149 0.707925558
vt 0.884433985 0.760659933
vt 0.884117126 0.760659933
vt 0.37345916 0.212147355
vt 0.324159324 0.1655913
vt 0.37345916 0.211672127
vt 0.370290816 0.212147355
vt 0.370290816 0.211672127
vt 0.348492384 0.192433774
vt 0.370290816 0.21927619
vt 0.373142302 0.218325675
vt 0.370290816 0.21927619
vt 0.354575694 0.199144363
vt 0.370290816 0.21927619
vt 0.372825444 0.21927619
vt 0.144768924 0.762080312
vt 0.0834293067 0.744819045
vt 0.144768924 0.762139797
vt 0.581849635 0.717549205
vt 0.624432623 0.744562805
vt 0.624432623 0.759770989
vt 0.884433985 0.760659933
vt 0.883958697 0.760659933
vt 0.835134149 0.707925558
vt 0.884433985 0.760659933
vt 0.884117126 0.760659933
vt 0.884750843 0.754481614
vt 0.884988427 0.754481614
vt 0.835134149 0.707925558
vt 0.884750843 0.754481614
vt 0.884909272 0.754481614
vt 0.884750843 0.754481614
vt 0.884988427 0.754481614
vt 0.835134149 0.707925558
vt 0.884750843 0.754481614
vt 0.884909272 0.754481614
vt 0.575726807 0.713690162
vt 0.625600874 0.767375052
vt 0.606935203 0.747243226
vt 0.884750843 0.754481614
vt 0.884988427 0.754481614
vt 0.835134149 0.707925558
vt 0.884750843 0.754481614
vt 0.884909272 0.754481614
vt 0.613036573 0.745853126
vt 0.682111323 0.745853126
vt 0.682111323 0.814927876
vt 0.682111323 0.745853126
vt 0.682111323 0.745853126
vt 0.613036573 0.814927876
vt 0.682111323 0.814927876
vt 0.613036573 0.745853126
vt 0.682111323 0.814927876
vt 0.613036573 0.814927876
vt 0.682111323 0.745853126
vt 0.682111323 0.814927876
vt 0.613036573 0.745853126
vt 0.682111323 0.745853126
vt 0.613036573 0.814927876
vt 0.682111323 0.745853126
vt 0.682111323 0.745853126
vt 0.682111323 0.745853126
vt 0.682111323 0.814927876
vt 0.613036573 0.745853126
vt 0.613036573 0.745853126
vt 0.682111323 0.814927876
vt 0.613036573 0.814927876
vt 0.682111323 0.814927876
vt 0.613036573 0.745853126
vt 0.682111323 0.745853126
vt 0.682111323 0.814927876
vt 0.613036573 0.814927876
vt 0.682111323 0.745853126
vt 0.613036573 0.814927876
vt 0.682111323 0.745853126
vt 0.682111323 0.745853126
vt 0.682111323 0.814927876
vt 0.613036573 0.814927876
vt 0.613036573 0.745853126
vt 0.682111323 0.814927876
vt 0.613036573 0.814927876
vt 0.682111323 0.745853126
vt 0.682111323 0.814927876
vt 0.613036573 0.814927876
vt 0.682111323 0.745853126
vt 0.682111323 0.814927876
vt 0.613036573 0.814927876
vt 0.613036573 0.745853126
vt 0.613036573 0.814927876
vt 0.682111323 0.814927876
vt 0.682111323 0.814927876
vt 0.613036573 0.814927876
vt 0.682111323 0.745853126
vt 0.682111323 0.745853126
vt 0.682111323 0.814927876
vt 0.613036573 0.814927876
vt 0.682111323 0.814927876
vt 0.613036573 0.745853126
vt 0.613036573 0.814927876
vt 0.682111323 0.814927876
vt 0.613036573 0.745853126
vt 0.682111323 0.745853126
vt 0.682111323 0.814927876
vt 0.613036573 0.745853126
vt 0.682111323 0.745853126
vt 0.613036573 0.745853126
vt 0.682111323 0.745853126
vt 0.682111323 0.814927876
vt 0.682111323 0.745853126
vt 0.682111323 0.814927876
vt 0.613036573 0.745853126
vt 0.682111323 0.745853126
vt 0.682111323 0.814927876
vt 0.613036573 0.814927876
vt 0.613036573 0.814927876
vt 0.682111323 0.814927876
vt 0.613036573 0.814927876
vt 0.682111323 0.745853126
vt 0.613036573 0.814927876
vt 0.613036573 0.745853126
vt 0.682111323 0.745853126
vt 0.613036573 0.745853126
vt 0.613036573 0.814927876
vt 0.613036573 0.814927876
vt 0.682111323 0.745853126
vt 0.613036573 0.745853126
vt 0.613036573 0.745853126
vt 0.682111323 0.814927876
vt 0.682111323 0.745853126
vt 0.682111323 0.814927876
vt 0.613036573 0.745853126
vt 0.682111323 0.745853126
vt 0.682111323 0.814927876
vt 0.682111323 0.745853126
vt 0.613036573 0.814927876
vt 0.682111323 0.745853126
vt 0.613036573 0.814927876
vt 0.682111323 0.814927876
vt 0.682111323 0.814927876
vt 0.613036573 0.745853126
vt 0.682111323 0.745853126
vt 0.682111323 0.745853126
vt 0.682111323 0.814927876
vt 0.613036573 0.814927876
vt 0.682111323 0.814927876
vt 0.613036573 0.745853126
vt 0.682111323 0.745853126
vt 0.682111323 0.745853126
vt 0.682111323 0.814927876
vt 0.613036573 0.814927876
vt 0.682111323 0.814927876
vt 0.613036573 0.745853126
vt 0.682111323 0.745853126
vt 0.613036573 0.814927876
vt 0.682111323 0.745853126
vt 0.682111323 0.814927876
vt 0.682111323 0.814927876
vt 0.682111323 0.745853126
vt 0.613036573 0.814927876
vt 0.613036573 0.745853126
vt 0.613036573 0.814927876
vt 0.682111323 0.745853126
vt 0.682111323 0.814927876
vt 0.613036573 0.745853126
vt 0.682111323 0.745853126
vt 0.613036573 0.814927876
vt 0.682111323 0.814927876
vt 0.613036573 0.745853126
vt 0.682111323 0.745853126
vt 0.682111323 0.814927876
vt 0.682111323 0.814927876
vt 0.682111323 0.745853126
vt 0.613036573 0.814927876
vt 0.682111323 0.745853126
vt 0.613036573 0.745853126
vt 0.613036573 0.814927876
vt 0.682111323 0.745853126
vt 0.682111323 0.814927876
vt 0.613036573 0.814927876
vt 0.613036573 0.745853126
vt 0.682111323 0.745853126
vt 0.682111323 0.814927876
vt 0.682111323 0.745853126
vt 0.613036573 0.814927876
vt 0.682111323 0.814927876
vt 0.682111323 0.814927876
vt 0.682111323 0.745853126
vt 0.613036573 0.814927876
vt 0.613036573 0.745853126
vt 0.613036573 0.814927876
vt 0.682111323 0.814927876
vt 0.613036573 0.745853126
vt 0.682111323 0.745853126
vt 0.682111323 0.745853126
vt 0.613036573 0.814927876
vt 0.682111323 0.814927876
vt 0.613036573 0.745853126
vt 0.682111323 0.745853126
vt 0.682111323 0.814927876
vt 0.682111323 0.814927876
vt 0.613036573 0.745853126
vt 0.682111323 0.745853126
vt 0.613036573 0.745853126
vt 0.613036573 0.814927876
vt 0.682111323 0.814927876
vt 0.682111323 0.814927876
vt 0.682111323 0.745853126
vt 0.682111323 0.814927876
vt 0.682111323 0.745853126
vt 0.613036573 0.814927876
vt 0.613036573 0.745853126
vt 0.613036573 0.814927876
vt 0.613036573 0.814927876
vt 0.682111323 0.745853126
vt 0.682111323 0.814927876
vt 0.613036573 0.745853126
vt 0.682111323 0.745853126
vt 0.682111323 0.814927876
vt 0.682111323 0.814927876
vt 0.682111323 0.745853126
vt 0.613036573 0.814927876
vt 0.613036573 0.745853126
vt 0.613036573 0.814927876
vt 0.682111323 0.814927876
vt 0.613036573 0.814927876
vt 0.613036573 0.814927876
vt 0.682111323 0.814927876
vt 0.613036573 0.745853126
vt 0.682111323 0.745853126
vt 0.682111323 0.814927876
vt 0.613036573 0.745853126
vt 0.682111323 0.745853126
vt 0.682111323 0.745853126
vt 0.682111323 0.814927876
vt 0.613036573 0.745853126
vt 0.682111323 0.745853126
vt 0.682111323 0.814927876
vt 0.613036573 0.745853126
vt 0.613036573 0.745853126
vt 0.613036573 0.745853126
vt 0.682111323 0.814927876
vt 0.682111323 0.745853126
vt 0.682111323 0.814927876
vt 0.613036573 0.814927876
vt 0.613036573 0.814927876
vt 0.613036573 0.745853126
vt 0.682111323 0.814927876
vt 0.682111323 0.745853126
vt 0.613036573 0.814927876
vt 0.682111323 0.814927876
vt 0.682111323 0.745853126
vt 0.613036573 0.814927876
vt 0.682111323 0.814927876
vt 0.682111323 0.814927876
vt 0.613036573 0.745853126
vt 0.682111323 0.745853126
vt 0.682111323 0.745853126
vt 0.613036573 0.814927876
vt 0.682111323 0.814927876
vt 0.613036573 0.745853126
vt 0.682111323 0.745853126
vt 0.682111323 0.814927876
vt 0.682111323 0.745853126
vt 0.613036573 0.814927876
vt 0.682111323 0.814927876
vt 0.682111323 0.814927876
vt 0.613036573 0.745853126
vt 0.682111323 0.745853126
vt 0.682111323 0.814927876
vt 0.613036573 0.745853126
vt 0.682111323 0.745853126
vt 0.613036573 0.745853126
vt 0.682111323 0.745853126
vt 0.682111323 0.814927876
vt 0.682111323 0.814927876
vt 0.613036573 0.745853126
vt 0.682111323 0.745853126
vt 0.682111323 0.814927876
vt 0.613036573 0.745853126
vt 0.682111323 0.745853126
vt 0.682111323 0.745853126
vt 0.613036573 0.814927876
vt 0.682111323 0.814927876
vt 0.682111323 0.814927876
vt 0.613036573 0.814927876
vt 0.682111323 0.745853126
vt 0.682111323 0.745853126
vt 0.613036573 0.814927876
vt 0.682111323 0.814927876
vt 0.613036573 0.745853126
vt 0.682111323 0.745853126
vt 0.682111323 0.814927876
vt 0.613036573 0.745853126
vt 0.613036573 0.814927876
vt 0.682111323 0.814927876
vt 0.682111323 0.745853126
vt 0.613036573 0.745853126
vt 0.682111323 0.814927876
vt 0.613036573 0.745853126
vt 0.682111323 0.745853126
vt 0.613036573 0.814927876
vt 0.682111323 0.745853126
vt 0.682111323 0.814927876
vt 0.613036573 0.814927876
vt 0.682111323 0.745853126
vt 0.682111323 0.745853126
vt 0.682111323 0.814927876
vt 0.613036573 0.814927876
vt 0.682111323 0.745853126
vt 0.682111323 0.814927876
vt 0.613036573 0.814927876
vt 0.682111323 0.745853126
vt 0.682111323 0.745853126
vt 0.682111323 0.814927876
vt 0.613036573 0.814927876
vt 0.682111323 0.814927876
vt 0.613036573 0.745853126
vt 0.682111323 0.745853126
vt 0.682111323 0.745853126
vt 0.682111323 0.814927876
vt 0.613036573 0.814927876
vt 0.613036573 0.745853126
vt 0.613036573 0.814927876
vt 0.682111323 0.814927876
vt 0.682111323 0.745853126
vt 0.613036573 0.745853126
vt 0.682111323 0.814927876
vt 0.682111323 0.745853126
vt 0.613036573 0.814927876
vt 0.682111323 0.745853126
vt 0.682111323 0.814927876
vt 0.613036573 0.814927876
vt 0.682111323 0.814927876
vt 0.613036573 0.814927876
vt 0.682111323 0.745853126
vt 0.682111323 0.814927876
vt 0.613036573 0.814927876
vt 0.682111323 0.745853126
vt 0.613036573 0.814927876
vt 0.682111323 0.745853126
vt 0.613036573 0.814927876
vt 0.682111323 0.745853126
vt 0.613036573 0.745853126
vt 0.613036573 0.745853126
vt 0.682111323 0.814927876
vt 0.682111323 0.745853126
vt 0.613036573 0.814927876
vt 0.682111323 0.745853126
vt 0.613036573 0.745853126
vt 0.613036573 0.745853126
vt 0.682111323 0.814927876
vt 0.682111323 0.745853126
vt 0.682111323 0.745853126
vt 0.682111323 0.814927876
vt 0.613036573 0.814927876
vt 0.613036573 0.745853126
vt 0.682111323 0.814927876
vt 0.613036573 0.814927876
vt 0.613036573 0.745853126
vt 0.682111323 0.745853126
vt 0.682111323 0.814927876
vt 0.682111323 0.745853126
vt 0.682111323 0.814927876
vt 0.613036573 0.814927876
vt 0.613036573 0.745853126
vt 0.682111323 0.745853126
vt 0.682111323 0.814927876
vt 0.682111323 0.814927876
vt 0.613036573 0.745853126
vt 0.682111323 0.745853126
vt 0.682111323 0.745853126
vt 0.613036573 0.814927876
vt 0.613036573 0.745853126
vt 0.613036573 0.745853126
vt 0.682111323 0.745853126
vt 0.682111323 0.814927876
vt 0.613036573 0.814927876
vt 0.682111323 0.745853126
vt 0.682111323 0.814927876
vt 0.682111323 0.814927876
vt 0.613036573 0.745853126
vt 0.682111323 0.745853126
vt 0.682111323 0.745853126
vt 0.613036573 0.814927876
vt 0.682111323 0.814927876
vt 0.682111323 0.814927876
vt 0.613036573 0.745853126
vt 0.682111323 0.745853126
vt 0.613036573 0.745853126
vt 0.682111323 0.814927876
vt 0.682111323 0.745853126
vt 0.682111323 0.745853126
vt 0.613036573 0.814927876
vt 0.682111323 0.814927876
vt 0.613036573 0.814927876
vt 0.682111323 0.745853126
vt 0.682111323 0.745853126
vt 0.613036573 0.814927876
vt 0.613036573 0.745853126
vt 0.613036573 0.814927876
vt 0.682111323 0.745853126
vt 0.682111323 0.745853126
vt 0.682111323 0.814927876
vt 0.613036573 0.745853126
vt 0.682111323 0.745853126
vt 0.682111323 0.814927876
vt 0.613036573 0.814927876
vt 0.682111323 0.814927876
vt 0.613036573 0.745853126
vt 0.682111323 0.745853126
vt 0.682111323 0.745853126
vt 0.682111323 0.814927876
vt 0.613036573 0.814927876
vt 0.613036573 0.745853126
vt 0.613036573 0.814927876
vt 0.682111323 0.814927876
vt 0.682111323 0.814927876
vt 0.682111323 0.745853126
vt 0.682111323 0.745853126
vt 0.682111323 0.814927876
vt 0.613036573 0.814927876
vt 0.682111323 0.745853126
vt 0.613036573 0.814927876
vt 0.613036573 0.745853126
vt 0.682111323 0.814927876
vt 0.613036573 0.745853126
vt 0.682111323 0.745853126
vt 0.613036573 0.814927876
vt 0.682111323 0.745853126
vt 0.613036573 0.745853126
vt 0.613036573 0.745853126
vt 0.682111323 0.814927876
vt 0.682111323 0.745853126
vt 0.613036573 0.814927876
vt 0.682111323 0.745853126
vt 0.613036573 0.745853126
vt 0.613036573 0.745853126
vt 0.682111323 0.814927876
vt 0.682111323 0.745853126
vt 0.613036573 0.814927876
vt 0.682111323 0.745853126
vt 0.613036573 0.745853126
vt 0.613036573 0.745853126
vt 0.682111323 0.814927876
vt 0.682111323 0.745853126
vt 0.613036573 0.745853126
vt 0.682111323 0.814927876
vt 0.682111323 0.814927876
vt 0.613036573 0.745853126
vt 0.682111323 0.814927876
vt 0.682111323 0.745853126
vt 0.682111323 0.745853126
vt 0.613036573 0.814927876
vt 0.682111323 0.814927876
vt 0.682111323 0.745853126
vt 0.613036573 0.814927876
vt 0.682111323 0.814927876
vt 0.682111323 0.814927876
vt 0.613036573 0.745853126
vt 0.682111323 0.745853126
vt 0.682111323 0.745853126
vt 0.682111323 0.814927876
vt 0.613036573 0.814927876
vt 0.144768924 0.763921976
vt 0.0834293067 0.744819045
vt 0.144768924 0.763981342
vt 0.0834293067 0.744819045
vt 0.144768924 0.763981342
vt 0.144768924 0.763921976
vt 0.884433985 0.760659933
vt 0.835134149 0.707925558
vt 0.884433985 0.760659933
vt 0.883958697 0.760659933
vt 0.88126564 0.760659933
vt 0.88126564 0.760659933
vt 0.883958697 0.760659933
vt 0.104011029 0.787097812
vt 0.104011029 0.775691688
vt 0.104011029 0.784246266
vt 0.104011029 0.806108057
vt 0.104011029 0.806108057
vt 0.104011029 0.788998842
vt 0.104011029 0.806108057
vt 0.104011029 0.788998842
vt 0.62566036 0.767375052
vt 0.575726807 0.713690162
vt 0.606935203 0.747243226
vt 0.88126564 0.754481614
vt 0.835134149 0.707925558
vt 0.883958697 0.754481614
vt 0.884117126 0.754481614
vt 0.884433985 0.754481614
vt 0.88126564 0.754481614
vt 0.88126564 0.754481614
vt 0.835134149 0.707925558
vt 0.88126564 0.754481614
vt 0.624511778 0.767375052
vt 0.606143177 0.751995802
vt 0.624511778 0.774979174
vt 0.62566036 0.767375052
vt 0.575726807 0.713690162
vt 0.606935203 0.747243226
vt 0.886335015 0.760659933
vt 0.835134149 0.707925558
vt 0.884988427 0.760659933
vt 0.884750843 0.760659933
vt 0.884909272 0.760659933
vt 0.886335015 0.760659933
vt 0.886335015 0.760659933
vt 0.835134149 0.707925558
vt 0.886335015 0.760659933
vt 0.625600874 0.774979174
vt 0.625600874 0.767375052
vt 0.575726807 0.713690162
vt 0.886335015 0.756857932
vt 0.884993434 0.754956901
vt 0.835134149 0.707925558
vt 0.886335015 0.756857932
vt 0.884993434 0.754956901
vt 0.884993434 0.754956901
vt 0.625600874 0.774979174
vt 0.625600874 0.767375052
vt 0.575726807 0.713690162
vt 0.88126564 0.754481614
vt 0.835134149 0.707925558
vt 0.883958697 0.754481614
vt 0.884433985 0.754481614
vt 0.884117126 0.754481614
vt 0.88126564 0.754481614
vt 0.88126564 0.754481614
vt 0.835134149 0.707925558
vt 0.88126564 0.754481614
vt 0.835134149 0.707925558
vt 0.884750843 0.754006386
vt 0.884909272 0.754006386
vt 0.835134149 0.707925558
vt 0.885008216 0.754006386
vt 0.88501811 0.754006386
vt 0.613176882 0.736844659
vt 0.591281474 0.728090405
vt 0.610056102 0.734915137
vt 0.575726807 0.713690162
vt 0.613176882 0.736844659
vt 0.62566036 0.744562805
vt 0.575726807 0.713690162
vt 0.624392927 0.774979174
vt 0.587972522 0.727111399
vt 0.575726807 0.713690162
vt 0.624392927 0.759770989
vt 0.581849635 0.717549205
vt 0.0835306346 0.744971156
vt 0.0911347568 0.744971156
vt 0.0854348838 0.744857073
vt 0.0835306346 0.775387526
vt 0.0911347568 0.744971156
vt 0.0834293067 0.744819045
vt 0.0912139714 0.744971156
vt 0.0912931859 0.744971156
vt 0.0912139714 0.744971156
vt 0.0914516151 0.744971156
vt 0.103808254 0.775387526
vt 0.0922436416 0.744971156
vt 0.0835306346 0.775387526
vt 0.0911347568 0.744971156
vt 0.0922436416 0.744971156
vt 0.0834293067 0.744819045
vt 0.0923427045 0.744971156
vt 0.0834293067 0.744819045
vt 0.0914516151 0.744971156
vt 0.0912931859 0.744971156
vt 0.0922436416 0.744971156
vt 0.0922436416 0.744971156
vt 0.0834293067 0.744819045
vt 0.0923427045 0.744971156
vt 0.0924020708 0.744971156
vt 0.103808254 0.744971156
vt 0.0834293067 0.744819045
vt 0.0922436416 0.744971156
vt 0.0914516151 0.744971156
vt 0.0912931859 0.744971156
vt 0.0922436416 0.744971156
vt 0.0834293067 0.744819045
vt 0.0854348838 0.744857073
vt 0.0911347568 0.744971156
vt 0.0834293067 0.744819045
vt 0.0911347568 0.744971156
vt 0.0834293067 0.744819045
vt 0.0912139714 0.744971156
vt 0.0834293067 0.744819045
vt 0.0922436416 0.744971156
vt 0.103808254 0.775387526
vt 0.0922436416 0.744971156
vt 0.0914516151 0.744971156
vt 0.0922436416 0.744971156
vt 0.0922436416 0.744971156
vt 0.0834293067 0.744819045
vt 0.0878364742 0.744895101
vt 0.0923328102 0.744971156
vt 0.0834293067 0.744819045
vt 0.0923427045 0.744971156
vt 0.0872856081 0.744885564
vt 0.0834293067 0.744819045
vt 0.0923427045 0.744971156
vt 0.0834293067 0.744819045
vt 0.0923624933 0.744971156
vt 0.0867346823 0.744876087
vt 0.0834293067 0.744819045
vt 0.0924020708 0.744971156
vt 0.0922436416 0.744971156
vt 0.0914516151 0.744971156
vt 0.0872856081 0.744885564
vt 0.0834293067 0.744819045
vt 0.0834293067 0.744819045
vt 0.0923624933 0.744971156
vt 0.0834293067 0.744819045
vt 0.0924020708 0.744971156
vt 0.0878364742 0.744895101
vt 0.0923427045 0.744971156
vt 0.0923328102 0.744971156
vt 0.0922436416 0.744971156
vt 0.0834293067 0.744819045
vt 0.103808254 0.744971156
vt 0.103808254 0.744971156
vt 0.0922436416 0.744971156
vt 0.0914516151 0.744971156
vt 0.0872856081 0.744885564
vt 0.0834293067 0.744819045
vt 0.0834293067 0.744819045
vt 0.0834293067 0.744819045
vt 0.0834293067 0.744819045
vt 0.0878364742 0.744895101
vt 0.0834293067 0.744819045
vt 0.0864376724 0.744876087
vt 0.0834293067 0.744819045
vt 0.0834293067 0.744819045
vt 0.0854348838 0.744857073
vt 0.0912536085 0.744971156
vt 0.0834293067 0.744819045
vt 0.0834293067 0.744819045
vt 0.0834293067 0.744819045
vt 0.0912931859 0.744971156
vt 0.0912536085 0.744971156
vt 0.0834293067 0.744819045
vt 0.0834293067 0.744819045
vt 0.0912931859 0.744971156
vt 0.0834293067 0.744819045
vt 0.0912536085 0.744971156
vt 0.0834293067 0.744819045
vt 0.0911347568 0.744971156
vt 0.0911347568 0.744971156
vt 0.0835306346 0.744971156
vt 0.0911347568 0.744971156
vt 0.0911347568 0.744971156
vt 0.0911347568 0.744971156
vt 0.0835306346 0.775387526
vt 0.0911347568 0.744971156
vt 0.575726807 0.713690162
vt 0.624432623 0.744562805
vt 0.581849635 0.717549205
vt 0.587972522 0.727111399
vt 0.624472201 0.767375052
vt 0.587972522 0.727111399
vt 0.884909272 0.754956901
vt 0.835134149 0.707925558
vt 0.884117126 0.754956901
vt 0.883958697 0.754956901
vt 0.88126564 0.754956901
vt 0.886335015 0.754956901
vt 0.884909272 0.754956901
vt 0.835134149 0.707925558
vt 0.884993434 0.754956901
vt 0.884990931 0.754956901
vt 0.884988427 0.754956901
vt 0.884990931 0.754956901
vt 0.884988427 0.754956901
vt 0.884990931 0.754956901
vt 0.884909272 0.754956901
vt 0.835134149 0.707925558
vt 0.884909272 0.754956901
vt 0.612226427 0.748250782
vt 0.600059867 0.736730576
vt 0.587972522 0.721408308
vt 0.624709785 0.744562805
vt 0.600059867 0.736730576
vt 0.575726807 0.713690162
vt 0.587972522 0.727111399
vt 0.624472201 0.767375052
vt 0.587972522 0.727111399
vt 0.134630173 0.790899873
vt 0.120879382 0.779379666
vt 0.102094978 0.762099385
vt 0.134630173 0.790899873
vt 0.133362859 0.775691688
vt 0.134630173 0.790899873
vt 0.134630173 0.775691688
vt 0.144768924 0.775691688
vt 0.134630173 0.798503935
vt 0.144768924 0.806108057
vt 0.88126564 0.759709477
vt 0.835134149 0.707925558
vt 0.88126564 0.759709477
vt 0.886335015 0.759709477
vt 0.884117126 0.759709477
vt 0.884909272 0.759709477
vt 0.884117126 0.759709477
vt 0.884988427 0.759709477
vt 0.886335015 0.759709477
vt 0.884988427 0.759709477
vt 0.88126564 0.759709477
vt 0.835134149 0.707925558
vt 0.883958697 0.759709477
vt 0.88126564 0.759709477
vt 0.884117126 0.759709477
vt 0.835134149 0.707925558
vt 0.884909272 0.759709477
vt 0.886335015 0.759709477
vt 0.884988427 0.759709477
vt 0.123349085 0.290174752
vt 0.123219483 0.290271938
vt 0.123381481 0.290271938
vt 0.12318708 0.291243881
vt 0.113202058 0.280653656
vt 0.113202058 0.280653656
vt 0.123673059 0.291243881
vt 0.123673059 0.290660739
vt 0.122636333 0.291243881
vt 0.12318708 0.291438282
vt 0.122636333 0.291438282
vt 0.375360191 0.212147355
vt 0.374092877 0.211672127
vt 0.375360191 0.211672127
vt 0.324159324 0.1655913
vt 0.373776019 0.212147355
vt 0.374092877 0.211672127
vt 0.324159324 0.1655913
vt 0.373776019 0.212147355
vt 0.373776019 0.211672127
vt 0.348492384 0.192433774
vt 0.373142302 0.218325675
vt 0.37345916 0.218325675
vt 0.613176882 0.736844659
vt 0.591281474 0.728090405
vt 0.610056102 0.734915137
vt 0.575726807 0.713690162
vt 0.613176882 0.736844659
vt 0.62566036 0.744562805
vt 0.886335015 0.756857932
vt 0.835134149 0.707925558
vt 0.885589004 0.738451421
vt 0.835134149 0.707925558
vt 0.886335015 0.756857932
vt 0.886335015 0.756857932
vt 0.885589004 0.738451421
vt 0.885589004 0.738451421
vt 0.885589004 0.738451421
vt 0.88501811 0.754006386
vt 0.835134149 0.707925558
vt 0.885008216 0.754006386
vt 0.884750843 0.754006386
vt 0.884909272 0.754006386
vt 0.886335015 0.754006386
vt 0.835134149 0.707925558
vt 0.885067701 0.754006386
vt 0.85350275 0.728057384
vt 0.871633768 0.74818927
vt 0.865550518 0.741478622
vt 0.88126564 0.759709477
vt 0.835134149 0.707925558
vt 0.88126564 0.759709477
vt 0.886335015 0.759709477
vt 0.884117126 0.759709477
vt 0.884909272 0.759709477
vt 0.884117126 0.759709477
vt 0.884988427 0.759709477
vt 0.886335015 0.759709477
vt 0.884988427 0.759709477
vt 0.88126564 0.759709477
vt 0.835134149 0.707925558
vt 0.883958697 0.759709477
vt 0.88126564 0.759709477
vt 0.884117126 0.759709477
vt 0.835134149 0.707925558
vt 0.884909272 0.759709477
vt 0.886335015 0.759709477
vt 0.884988427 0.759709477
vt 0.88126564 0.754006386
vt 0.883800268 0.754006386
vt 0.835134149 0.707925558
vt 0.871633768 0.742486179
vt 0.884433985 0.754006386
vt 0.835134149 0.707925558
vt 0.884117126 0.754006386
vt 0.883839965 0.754006386
vt 0.883879542 0.754006386
vt 0.877717018 0.748246253
vt 0.123673059 0.291243881
vt 0.123673059 0.290660739
vt 0.123673059 0.291243881
vt 0.113202058 0.280653656
vt 0.113202058 0.280653656
vt 0.113202058 0.280653656
vt 0.123219483 0.291243881
vt 0.123219483 0.290271938
vt 0.11821077 0.286920726
vt 0.115706407 0.283787191
vt 0.122636333 0.291632652
vt 0.122636333 0.291438282
vt 0.113202058 0.280653656
vt 0.122636333 0.291438282
vt 0.12328428 0.290174752
vt 0.123219483 0.290174752
vt 0.123349085 0.290174752
vt 0.123381481 0.290077567
vt 0.12328428 0.290077567
vt 0.123349085 0.290174752
vt 0.123381481 0.290271938
vt 0.117655545 0.284776628
vt 0.123381481 0.290077567
vt 0.113202058 0.280653656
vt 0.123219483 0.291243881
vt 0.11821077 0.286920726
vt 0.12328428 0.291632652
vt 0.12328428 0.291438282
vt 0.123219483 0.291243881
vt 0.123349085 0.291438282
vt 0.123381481 0.291243881
vt 0.12328428 0.291632652
vt 0.123349085 0.291632652
vt 0.113202058 0.280653656
vt 0.113202058 0.280653656
vt 0.123673059 0.290660739
vt 0.117655545 0.284776628
vt 0.11701934 0.284187615
vt 0.113202058 0.280653656
vt 0.123413883 0.290174752
vt 0.123673059 0.290757924
vt 0.123673059 0.290660739
vt 0.123397671 0.290174752
vt 0.123399697 0.290271938
vt 0.123405792 0.290271938
vt 0.113202058 0.280653656
vt 0.123673059 0.290757924
vt 0.123673059 0.290660739
vt 0.123673059 0.290271938
vt 0.123673059 0.291243881
vt 0.123673059 0.291243881
vt 0.113202058 0.280653656
vt 0.123673059 0.290660739
vt 0.123673059 0.290660739
vt 0.123170897 0.290174752
vt 0.113202058 0.280653656
vt 0.12328428 0.290077567
vt 0.12328428 0.290174752
vt 0.123673059 0.291243881
vt 0.113202058 0.280653656
vt 0.113202058 0.280653656
vt 0.123673059 0.290757924
vt 0.123673059 0.290660739
vt 0.123673059 0.291243881
vt 0.113202058 0.280653656
vt 0.120860912 0.290054232
vt 0.123397671 0.291243881
vt 0.118627086 0.287312388
vt 0.123673059 0.291632652
vt 0.123673059 0.291438282
vt 0.123397671 0.291243881
vt 0.123673059 0.291438282
vt 0.123673059 0.291243881
vt 0.113202058 0.280653656
vt 0.113202058 0.280653656
vt 0.123673059 0.291243881
vt 0.123673059 0.290757924
vt 0.122636333 0.290077567
vt 0.120666534 0.285388947
vt 0.123154685 0.290077567
vt 0.123170897 0.290174752
vt 0.118178375 0.283810496
vt 0.123170897 0.290174752
vt 0.12328428 0.290077567
vt 0.113202058 0.280653656
vt 0.12328428 0.290174752
vt 0.113202058 0.280653656
vt 0.123219483 0.290174752
vt 0.104011029 0.744971156
vt 0.124288648 0.744971156
vt 0.104011029 0.744971156
vt 0.575726807 0.713690162
vt 0.624392927 0.774979174
vt 0.587972522 0.727111399
vt 0.85350275 0.728057384
vt 0.871633768 0.74818927
vt 0.865550518 0.741478622
vt 0.575726807 0.713690162
vt 0.624392927 0.759770989
vt 0.581849635 0.717549205
vt 0.575726807 0.713690162
vt 0.624432623 0.744562805
vt 0.581849635 0.717549205
vt 0.575726807 0.713690162
vt 0.612226427 0.748250782
vt 0.624472201 0.759770989
vt 0.886335015 0.760659933
vt 0.835134149 0.707925558
vt 0.884988427 0.760659933
vt 0.884750843 0.760659933
vt 0.884909272 0.760659933
vt 0.886335015 0.760659933
vt 0.886335015 0.760659933
vt 0.835134149 0.707925558
vt 0.886335015 0.760659933
vt 0.835134149 0.707925558
vt 0.886335015 0.761610448
vt 0.885067701 0.761610448
vt 0.835134149 0.707925558
vt 0.884750843 0.761610448
vt 0.835134149 0.707925558
vt 0.884909272 0.761610448
vt 0.884993434 0.754956901
vt 0.835134149 0.707925558
vt 0.835134149 0.707925558
vt 0.884993434 0.754956901
vt 0.835134149 0.707925558
vt 0.885028124 0.754956901
vt 0.886335015 0.754956901
vt 0.886335015 0.754956901
vt 0.88126564 0.754956901
vt 0.883958697 0.754956901
vt 0.88126564 0.754956901
vt 0.883958697 0.754956901
vt 0.884993434 0.754956901
vt 0.885028124 0.754956901
vt 0.835134149 0.707925558
vt 0.883958697 0.754956901
vt 0.835134149 0.707925558
vt 0.884909272 0.754956901
vt 0.835134149 0.707925558
vt 0.884909272 0.754956901
vt 0.884117126 0.754956901
vt 0.884993434 0.754956901
vt 0.884988427 0.754956901
vt 0.884909272 0.754956901
vt 0.835134149 0.707925558
vt 0.884909272 0.754956901
vt 0.370290816 0.212147355
vt 0.324159324 0.1655913
vt 0.37345916 0.212147355
vt 0.348492384 0.192433774
vt 0.373142302 0.218325675
vt 0.37345916 0.218325675
vt 0.575726807 0.713690162
vt 0.612226427 0.748250782
vt 0.624472201 0.759770989
vt 0.134630173 0.798503935
vt 0.144768924 0.775691688
vt 0.134630173 0.790899873
vt 0.108316869 0.77166152
vt 0.144768924 0.806108057
vt 0.129560798 0.798503935
vt 0.113845676 0.778372109
vt 0.0834293067 0.744819045
vt 0.129560798 0.790899873
vt 0.107920796 0.760255337
vt 0.124491423 0.775691688
vt 0.129560798 0.775691688
vt 0.124491423 0.79755342
vt 0.129560798 0.790899873
vt 0.129560798 0.798503935
vt 0.108316869 0.77166152
vt 0.134630173 0.798503935
vt 0.113845676 0.778372109
vt 0.119928926 0.785082757
vt 0.124491423 0.806108057
vt 0.124491423 0.79755342
vt 0.129560798 0.790899873
vt 0.129560798 0.775691688
vt 0.129560798 0.790899873
vt 0.0834293067 0.744819045
vt 0.88126564 0.754481614
vt 0.835134149 0.707925558
vt 0.883958697 0.754481614
vt 0.884433985 0.754481614
vt 0.884117126 0.754481614
vt 0.88126564 0.754481614
vt 0.88126564 0.754481614
vt 0.835134149 0.707925558
vt 0.88126564 0.754481614
vt 0.134630173 0.791375101
vt 0.0989839733 0.759219289
vt 0.134630173 0.791375101
vt 0.132095426 0.790899873
vt 0.132095426 0.790899873
vt 0.624511778 0.767375052
vt 0.606143177 0.751995802
vt 0.624511778 0.774979174
vt 0.122636333 0.290077567
vt 0.120666534 0.285388947
vt 0.123154685 0.290077567
vt 0.123170897 0.290174752
vt 0.118178375 0.283810496
vt 0.123170897 0.290174752
vt 0.12328428 0.290077567
vt 0.113202058 0.280653656
vt 0.123673059 0.291243881
vt 0.113202058 0.280653656
vt 0.123673059 0.291243881
vt 0.113202058 0.280653656
vt 0.113202058 0.280653656
vt 0.123219483 0.291243881
vt 0.11821077 0.286920726
vt 0.115706407 0.283787191
vt 0.122636333 0.291632652
vt 0.122636333 0.291438282
vt 0.113202058 0.280653656
vt 0.122636333 0.291438282
vt 0.123219483 0.291438282
vt 0.11821077 0.286920726
vt 0.12328428 0.291632652
vt 0.12328428 0.291438282
vt 0.123219483 0.291243881
vt 0.123349085 0.291438282
vt 0.12328428 0.291632652
vt 0.123349085 0.291632652
vt 0.123381481 0.291243881
vt 0.113202058 0.280653656
vt 0.123673059 0.290757924
vt 0.113202058 0.280653656
vt 0.123673059 0.290660739
vt 0.12328428 0.290077567
vt 0.113202058 0.280653656
vt 0.12328428 0.290174752
vt 0.123170897 0.290174752
vt 0.123673059 0.290660739
vt 0.113202058 0.280653656
vt 0.12328428 0.290174752
vt 0.113202058 0.280653656
vt 0.123219483 0.290174752
vt 0.117655545 0.284776628
vt 0.113202058 0.280653656
vt 0.11701934 0.284187615
vt 0.113202058 0.280653656
vt 0.123381481 0.290174752
vt 0.123673059 0.290660739
vt 0.123673059 0.290660739
vt 0.123399697 0.290271938
vt 0.123397671 0.290174752
vt 0.123405792 0.290271938
vt 0.123673059 0.290660739
vt 0.123673059 0.290271938
vt 0.123673059 0.291243881
vt 0.123673059 0.290757924
vt 0.123673059 0.290757924
vt 0.113202058 0.280653656
vt 0.117655545 0.284776628
vt 0.123381481 0.290077567
vt 0.113202058 0.280653656
vt 0.11701934 0.284187615
vt 0.123413883 0.290174752
vt 0.123673059 0.290174752
vt 0.123349085 0.290174752
vt 0.123381481 0.290271938
vt 0.123349085 0.290077567
vt 0.12328428 0.290174752
vt 0.12328428 0.290077567
vt 0.123219483 0.290271938
vt 0.123219483 0.290174752
vt 0.123381481 0.291243881
vt 0.123349085 0.291438282
vt 0.123381481 0.291438282
vt 0.123349085 0.291632652
vt 0.113202058 0.280653656
vt 0.118627086 0.287312388
vt 0.123397671 0.291243881
vt 0.113202058 0.280653656
vt 0.123673059 0.291632652
vt 0.123673059 0.291438282
vt 0.120860912 0.290054232
vt 0.123397671 0.291243881
vt 0.118627086 0.287312388
vt 0.123397671 0.291243881
vt 0.123673059 0.291438282
vt 0.123673059 0.291243881
vt 0.113202058 0.280653656
vt 0.113202058 0.280653656
vt 0.123673059 0.290757924
vt 0.123673059 0.291243881
vt 0.575726807 0.713690162
vt 0.600693524 0.729126453
vt 0.625501931 0.759770989
vt 0.624511778 0.767375052
vt 0.606143177 0.751995802
vt 0.624511778 0.774979174
vt 0.62566036 0.767375052
vt 0.575726807 0.713690162
vt 0.606935203 0.747243226
vt 0.587972522 0.727111399
vt 0.624472201 0.767375052
vt 0.587972522 0.727111399
vt 0.613176882 0.736844659
vt 0.591281474 0.728090405
vt 0.610056102 0.734915137
vt 0.575726807 0.713690162
vt 0.613176882 0.736844659
vt 0.62566036 0.744562805
vt 0.612226427 0.748250782
vt 0.600059867 0.736730576
vt 0.587972522 0.721408308
vt 0.624709785 0.744562805
vt 0.600059867 0.736730576
vt 0.575726807 0.713690162
vt 0.575726807 0.713690162
vt 0.624392927 0.774979174
vt 0.587972522 0.727111399
vt 0.865550518 0.741478622
vt 0.847379863 0.721346796
vt 0.871633768 0.74818927
vt 0.144768924 0.762318015
vt 0.144768924 0.763506114
vt 0.114099115 0.754400194
vt 0.144768924 0.76216948
vt 0.0834293067 0.744819045
vt 0.144768924 0.762318015
vt 0.144768924 0.763506114
vt 0.0834293067 0.744819045
vt 0.144768924 0.76386255
vt 0.114099115 0.75416255
vt 0.144768924 0.76216948
vt 0.0834293067 0.744819045
vt 0.144768924 0.762191772
vt 0.144768924 0.762199163
vt 0.124491423 0.744971156
vt 0.144768924 0.763743758
vt 0.144768924 0.76216948
vt 0.124491423 0.744971156
vt 0.0834293067 0.744819045
vt 0.144768924 0.762080312
vt 0.144768924 0.762080312
vt 0.144768924 0.744971156
vt 0.124491423 0.744971156
vt 0.144768924 0.763743758
vt 0.124491423 0.775387526
vt 0.144768924 0.76386255
vt 0.144768924 0.763981342
vt 0.144768924 0.775387526
vt 0.144768924 0.763981342
vt 0.575726807 0.713690162
vt 0.624392927 0.759770989
vt 0.581849635 0.717549205
vt 0.575726807 0.713690162
vt 0.612226427 0.748250782
vt 0.624472201 0.759770989
vt 0.884750843 0.761610448
vt 0.835134149 0.707925558
vt 0.884909272 0.761610448
vt 0.886335015 0.761610448
vt 0.835134149 0.707925558
vt 0.885067701 0.761610448
vt 0.884433985 0.760659933
vt 0.835134149 0.707925558
vt 0.884433985 0.760659933
vt 0.883958697 0.760659933
vt 0.88126564 0.760659933
vt 0.88126564 0.760659933
vt 0.883958697 0.760659933
vt 0.88126564 0.759709477
vt 0.835134149 0.707925558
vt 0.88126564 0.759709477
vt 0.886335015 0.759709477
vt 0.884117126 0.759709477
vt 0.884909272 0.759709477
vt 0.884117126 0.759709477
vt 0.884988427 0.759709477
vt 0.886335015 0.759709477
vt 0.884988427 0.759709477
vt 0.88126564 0.759709477
vt 0.835134149 0.707925558
vt 0.883958697 0.759709477
vt 0.88126564 0.759709477
vt 0.884117126 0.759709477
vt 0.835134149 0.707925558
vt 0.884909272 0.759709477
vt 0.886335015 0.759709477
vt 0.884988427 0.759709477
vt 0.370290816 0.212147355
vt 0.324159324 0.1655913
vt 0.37345916 0.212147355
vt 0.375360191 0.212147355
vt 0.374092877 0.211672127
vt 0.375360191 0.211672127
vt 0.324159324 0.1655913
vt 0.373776019 0.212147355
vt 0.374092877 0.211672127
vt 0.324159324 0.1655913
vt 0.373776019 0.212147355
vt 0.373776019 0.211672127
vt 0.348492384 0.192433774
vt 0.373142302 0.218325675
vt 0.37345916 0.218325675
vt 0.88126564 0.754956901
vt 0.835134149 0.707925558
vt 0.88126564 0.755907416
vt 0.88126564 0.754956901
vt 0.88126564 0.754956901
vt 0.88126564 0.759709477
vt 0.88126564 0.757808447
vt 0.575726807 0.713690162
vt 0.624432623 0.744562805
vt 0.581849635 0.717549205
vt 0.884433985 0.760659933
vt 0.835134149 0.707925558
vt 0.884433985 0.760659933
vt 0.883958697 0.760659933
vt 0.88126564 0.760659933
vt 0.88126564 0.760659933
vt 0.883958697 0.760659933
vt 0.884993434 0.754956901
vt 0.835134149 0.707925558
vt 0.835134149 0.707925558
vt 0.835134149 0.707925558
vt 0.884993434 0.754956901
vt 0.885028124 0.754956901
vt 0.885028124 0.754956901
vt 0.886335015 0.754956901
vt 0.886335015 0.754956901
vt 0.88126564 0.754956901
vt 0.883958697 0.754956901
vt 0.88126564 0.754956901
vt 0.883958697 0.754956901
vt 0.884993434 0.754956901
vt 0.885028124 0.754956901
vt 0.835134149 0.707925558
vt 0.835134149 0.707925558
vt 0.883958697 0.754956901
vt 0.884909272 0.754956901
vt 0.884117126 0.754956901
vt 0.835134149 0.707925558
vt 0.884993434 0.754956901
vt 0.884988427 0.754956901
vt 0.884909272 0.754956901
vt 0.884117126 0.754956901
vt 0.884909272 0.754956901
vt 0.884750843 0.754481614
vt 0.835134149 0.707925558
vt 0.884750843 0.754481614
vt 0.884988427 0.754481614
vt 0.886335015 0.754481614
vt 0.886335015 0.754481614
vt 0.884988427 0.754481614
vt 0.884750843 0.754481614
vt 0.835134149 0.707925558
vt 0.884750843 0.754481614
vt 0.884988427 0.754481614
vt 0.886335015 0.754481614
vt 0.886335015 0.754481614
vt 0.884988427 0.754481614
vt 0.88126564 0.754006386
vt 0.883800268 0.754006386
vt 0.835134149 0.707925558
vt 0.871633768 0.742486179
vt 0.884433985 0.754006386
vt 0.835134149 0.707925558
vt 0.884117126 0.754006386
vt 0.883839965 0.754006386
vt 0.883879542 0.754006386
vt 0.877717018 0.748246253
vt 0.123381481 0.291243881
vt 0.123349085 0.291438282
vt 0.123381481 0.291438282
vt 0.123349085 0.291632652
vt 0.113202058 0.280653656
vt 0.118627086 0.287312388
vt 0.123397671 0.291243881
vt 0.113202058 0.280653656
vt 0.886335015 0.760659933
vt 0.835134149 0.707925558
vt 0.884988427 0.760659933
vt 0.884750843 0.760659933
vt 0.884909272 0.760659933
vt 0.886335015 0.760659933
vt 0.886335015 0.760659933
vt 0.835134149 0.707925558
vt 0.886335015 0.760659933
vt 0.835134149 0.707925558
vt 0.885008216 0.754006386
vt 0.88501811 0.754006386
vt 0.835134149 0.707925558
vt 0.884750843 0.754006386
vt 0.884909272 0.754006386
vt 0.625600874 0.774979174
vt 0.625600874 0.767375052
vt 0.575726807 0.713690162
vt 0.884750843 0.754481614
vt 0.835134149 0.707925558
vt 0.884750843 0.754481614
vt 0.884988427 0.754481614
vt 0.886335015 0.754481614
vt 0.886335015 0.754481614
vt 0.884988427 0.754481614
vt 0.0912536085 0.744971156
vt 0.0834293067 0.744819045
vt 0.0912931859 0.744971156
vt 0.123349085 0.290174752
vt 0.123219483 0.290271938
vt 0.123381481 0.290271938
vt 0.613036573 0.745853126
vt 0.682111323 0.814927876
vt 0.682111323 0.745853126
vt 0.682111323 0.745853126
vt 0.613036573 0.745853126
vt 0.682111323 0.814927876
vt 0.613036573 0.745853126
vt 0.613036573 0.814927876
vt 0.613036573 0.745853126
vt 0.613036573 0.745853126
vt 0.682111323 0.814927876
vt 0.682111323 0.745853126
vt 0.682111323 0.745853126
vt 0.613036573 0.814927876
vt 0.682111323 0.814927876
vt 0.613036573 0.814927876
vt 0.682111323 0.745853126
vt 0.682111323 0.814927876
vt 0.682111323 0.745853126
vt 0.613036573 0.814927876
vt 0.682111323 0.814927876
vt 0.682111323 0.745853126
vt 0.613036573 0.814927876
vt 0.682111323 0.814927876
vt 0.682111323 0.745853126
vt 0.613036573 0.745853126
vt 0.682111323 0.745853126
vt 0.613036573 0.745853126
vt 0.682111323 0.814927876
vt 0.613036573 0.814927876
vt 0.682111323 0.745853126
vt 0.613036573 0.745853126
vt 0.613036573 0.745853126
vt 0.682111323 0.814927876
vt 0.682111323 0.745853126
vt 0.613036573 0.814927876
vt 0.613036573 0.745853126
vt 0.682111323 0.745853126
vt 0.682111323 0.745853126
vt 0.613036573 0.814927876
vt 0.682111323 0.814927876
vt 0.613036573 0.814927876
vt 0.682111323 0.814927876
vt 0.682111323 0.745853126
vt 0.613036573 0.814927876
vt 0.682111323 0.745853126
vt 0.682111323 0.814927876
vt 0.613036573 0.814927876
vt 0.682111323 0.745853126
vt 0.682111323 0.814927876
vt 0.682111323 0.745853126
vt 0.613036573 0.814927876
vt 0.613036573 0.745853126
vt 0.682111323 0.745853126
vt 0.613036573 0.745853126
vt 0.682111323 0.814927876
vt 0.682111323 0.745853126
vt 0.613036573 0.745853126
vt 0.682111323 0.814927876
vt 0.682111323 0.814927876
vt 0.613036573 0.745853126
vt 0.613036573 0.814927876
vt 0.682111323 0.745853126
vt 0.613036573 0.745853126
vt 0.682111323 0.814927876
vt 0.613036573 0.814927876
vt 0.682111323 0.745853126
vt 0.613036573 0.745853126
vt 0.682111323 0.745853126
vt 0.682111323 0.814927876
vt 0.613036573 0.745853126
vt 0.613036573 0.745853126
vt 0.682111323 0.745853126
vt 0.682111323 0.745853126
vt 0.613036573 0.745853126
vt 0.682111323 0.814927876
vt 0.682111323 0.745853126
vt 0.682111323 0.745853126
vt 0.613036573 0.814927876
vt 0.682111323 0.814927876
vt 0.613036573 0.745853126
vt 0.613036573 0.814927876
vt 0.613036573 0.745853126
vt 0.682111323 0.814927876
vt 0.682111323 0.745853126
vt 0.613036573 0.814927876
vt 0.682111323 0.814927876
vt 0.682111323 0.745853126
vt 0.613036573 0.814927876
vt 0.682111323 0.745853126
vt 0.613036573 0.814927876
vt 0.682111323 0.814927876
vt 0.613036573 0.814927876
vt 0.682111323 0.814927876
vt 0.613036573 0.745853126
vt 0.613036573 0.745853126
vt 0.682111323 0.814927876
vt 0.682111323 0.745853126
vt 0.613036573 0.745853126
vt 0.613036573 0.814927876
vt 0.682111323 0.745853126
vt 0.613036573 0.814927876
vt 0.682111323 0.814927876
vt 0.613036573 0.745853126
vt 0.613036573 0.814927876
vt 0.682111323 0.745853126
vt 0.682111323 0.814927876
vt 0.682111323 0.814927876
vt 0.682111323 0.745853126
vt 0.613036573 0.814927876
vt 0.682111323 0.814927876
vt 0.682111323 0.745853126
vt 0.613036573 0.814927876
vt 0.613036573 0.745853126
vt 0.682111323 0.814927876
vt 0.613036573 0.814927876
vt 0.682111323 0.745853126
vt 0.682111323 0.814927876
vt 0.613036573 0.814927876
vt 0.613036573 0.814927876
vt 0.682111323 0.745853126
vt 0.682111323 0.745853126
vt 0.613036573 0.814927876
vt 0.682111323 0.814927876
vt 0.682111323 0.814927876
vt 0.682111323 0.745853126
vt 0.613036573 0.814927876
vt 0.682111323 0.745853126
vt 0.613036573 0.814927876
vt 0.682111323 0.814927876
vt 0.682111323 0.814927876
vt 0.682111323 0.745853126
vt 0.613036573 0.814927876
vt 0.613036573 0.745853126
vt 0.682111323 0.814927876
vt 0.613036573 0.814927876
vt 0.613036573 0.814927876
vt 0.682111323 0.814927876
vt 0.613036573 0.814927876
vt 0.682111323 0.745853126
vt 0.613036573 0.814927876
vt 0.682111323 0.745853126
vt 0.613036573 0.814927876
vt 0.613036573 0.745853126
vt 0.682111323 0.814927876
vt 0.613036573 0.814927876
vt 0.613036573 0.745853126
vt 0.682111323 0.814927876
vt 0.682111323 0.745853126
vt 0.682111323 0.814927876
vt 0.613036573 0.814927876
vt 0.682111323 0.814927876
vt 0.613036573 0.814927876
vt 0.613036573 0.814927876
vt 0.682111323 0.814927876
vt 0.613036573 0.745853126
vt 0.613036573 0.814927876
vt 0.682111323 0.814927876
vt 0.682111323 0.745853126
vt 0.613036573 0.814927876
vt 0.682111323 0.814927876
vt 0.682111323 0.745853126
vt 0.613036573 0.814927876
vt 0.682111323 0.745853126
vt 0.613036573 0.745853126
vt 0.682111323 0.745853126
vt 0.682111323 0.814927876
vt 0.613036573 0.814927876
vt 0.613036573 0.814927876
vt 0.682111323 0.745853126
vt 0.613036573 0.814927876
vt 0.682111323 0.814927876
vt 0.682111323 0.814927876
vt 0.682111323 0.745853126
vt 0.613036573 0.814927876
vt 0.613036573 0.814927876
vt 0.613036573 0.745853126
vt 0.682111323 0.814927876
vt 0.682111323 0.814927876
vt 0.682111323 0.745853126
vt 0.613036573 0.814927876
vt 0.682111323 0.814927876
vt 0.613036573 0.814927876
vt 0.613036573 0.814927876
vt 0.682111323 0.745853126
vt 0.682111323 0.745853126
vt 0.613036573 0.814927876
vt 0.682111323 0.814927876
vt 0.613036573 0.745853126
vt 0.613036573 0.814927876
vt 0.682111323 0.745853126
vt 0.682111323 0.814927876
vt 0.613036573 0.814927876
vt 0.613036573 0.745853126
vt 0.682111323 0.814927876
vt 0.613036573 0.814927876
vt 0.682111323 0.745853126
vt 0.613036573 0.745853126
vt 0.682111323 0.745853126
vt 0.682111323 0.814927876
vt 0.682111323 0.745853126
vt 0.613036573 0.745853126
vt 0.682111323 0.745853126
vt 0.613036573 0.745853126
vt 0.682111323 0.814927876
vt 0.682111323 0.814927876
vt 0.682111323 0.745853126
vt 0.613036573 0.745853126
vt 0.682111323 0.745853126
vt 0.613036573 0.745853126
vt 0.682111323 0.814927876
vt 0.613036573 0.814927876
vt 0.613036573 0.745853126
vt 0.682111323 0.814927876
vt 0.682111323 0.745853126
vt 0.682111323 0.814927876
vt 0.613036573 0.814927876
vt 0.682111323 0.814927876
vt 0.613036573 0.814927876
vt 0.613036573 0.814927876
vt 0.682111323 0.814927876
vt 0.613036573 0.745853126
vt 0.613036573 0.814927876
vt 0.613036573 0.745853126
vt 0.682111323 0.814927876
vt 0.682111323 0.745853126
vt 0.682111323 0.745853126
vt 0.613036573 0.745853126
vt 0.682111323 0.814927876
vt 0.682111323 0.814927876
vt 0.613036573 0.745853126
vt 0.682111323 0.814927876
vt 0.682111323 0.745853126
vt 0.613036573 0.745853126
vt 0.682111323 0.814927876
vt 0.682111323 0.745853126
vt 0.613036573 0.745853126
vt 0.682111323 0.814927876
vt 0.682111323 0.745853126
vt 0.613036573 0.814927876
vt 0.682111323 0.814927876
vt 0.682111323 0.814927876
vt 0.682111323 0.745853126
vt 0.613036573 0.814927876
vt 0.613036573 0.745853126
vt 0.682111323 0.814927876
vt 0.613036573 0.814927876
vt 0.613036573 0.814927876
vt 0.682111323 0.745853126
vt 0.613036573 0.745853126
vt 0.613036573 0.745853126
vt 0.682111323 0.814927876
vt 0.682111323 0.745853126
vt 0.613036573 0.745853126
vt 0.682111323 0.745853126
vt 0.613036573 0.814927876
vt 0.613036573 0.814927876
vt 0.682111323 0.745853126
vt 0.613036573 0.745853126
vt 0.613036573 0.745853126
vt 0.682111323 0.814927876
vt 0.613036573 0.745853126
vt 0.682111323 0.745853126
vt 0.682111323 0.814927876
vt 0.613036573 0.745853126
vt 0.613036573 0.745853126
vt 0.682111323 0.745853126
vt 0.613036573 0.814927876
vt 0.613036573 0.814927876
vt 0.682111323 0.745853126
vt 0.613036573 0.745853126
vt 0.613036573 0.745853126
vt 0.682111323 0.814927876
vt 0.613036573 0.745853126
vt 0.682111323 0.745853126
vt 0.682111323 0.814927876
vt 0.613036573 0.745853126
vt 0.682111323 0.745853126
vt 0.613036573 0.814927876
vt 0.682111323 0.814927876
vt 0.682111323 0.745853126
vt 0.613036573 0.814927876
vt 0.613036573 0.745853126
vt 0.613036573 0.745853126
vt 0.682111323 0.814927876
vt 0.682111323 0.745853126
vt 0.682111323 0.745853126
vt 0.613036573 0.814927876
vt 0.682111323 0.814927876
vt 0.613036573 0.745853126
vt 0.682111323 0.745853126
vt 0.613036573 0.814927876
vt 0.613036573 0.814927876
vt 0.613036573 0.745853126
vt 0.613036573 0.745853126
vt 0.613036573 0.745853126
vt 0.613036573 0.814927876
vt 0.682111323 0.745853126
vt 0.613036573 0.745853126
vt 0.682111323 0.814927876
vt 0.613036573 0.814927876
vt 0.682111323 0.814927876
vt 0.613036573 0.745853126
vt 0.613036573 0.814927876
vt 0.682111323 0.745853126
vt 0.613036573 0.745853126
vt 0.682111323 0.814927876
vt 0.613036573 0.814927876
vt 0.613036573 0.745853126
vt 0.613036573 0.745853126
vt 0.682111323 0.814927876
vt 0.682111323 0.814927876
vt 0.682111323 0.745853126
vt 0.682111323 0.814927876
vt 0.682111323 0.814927876
vt 0.682111323 0.745853126
vt 0.682111323 0.814927876
vt 0.682111323 0.814927876
vt 0.613036573 0.814927876
vt 0.682111323 0.745853126
vt 0.613036573 0.814927876
vt 0.682111323 0.814927876
vt 0.613036573 0.814927876
vt 0.682111323 0.814927876
vt 0.613036573 0.814927876
vt 0.682111323 0.745853126
vt 0.682111323 0.745853126
vt 0.613036573 0.745853126
vt 0.682111323 0.814927876
vt 0.682111323 0.745853126
vt 0.682111323 0.814927876
vt 0.682111323 0.814927876
vt 0.682111323 0.745853126
vt 0.613036573 0.814927876
vt 0.613036573 0.745853126
vt 0.613036573 0.745853126
vt 0.682111323 0.814927876
vt 0.682111323 0.745853126
vt 0.613036573 0.814927876
vt 0.682111323 0.814927876
vt 0.613036573 0.745853126
vt 0.682111323 0.745853126
vt 0.682111323 0.814927876
vt 0.682111323 0.814927876
vt 0.613036573 0.814927876
vt 0.613036573 0.814927876
vt 0.613036573 0.814927876
vt 0.682111323 0.745853126
vt 0.613036573 0.745853126
vt 0.682111323 0.745853126
vt 0.613036573 0.814927876
vt 0.613036573 0.745853126
vt 0.682111323 0.814927876
vt 0.613036573 0.745853126
vt 0.613036573 0.814927876
vt 0.613036573 0.745853126
vt 0.682111323 0.814927876
vt 0.682111323 0.745853126
vt 0.682111323 0.745853126
vt 0.613036573 0.814927876
vt 0.682111323 0.814927876
vt 0.613036573 0.745853126
vt 0.682111323 0.814927876
vt 0.682111323 0.745853126
vt 0.682111323 0.745853126
vt 0.613036573 0.814927876
vt 0.682111323 0.814927876
vt 0.682111323 0.814927876
vt 0.682111323 0.745853126
vt 0.613036573 0.745853126
vt 0.682111323 0.745853126
vt 0.613036573 0.745853126
vt 0.682111323 0.814927876
vt 0.613036573 0.814927876
vt 0.682111323 0.814927876
vt 0.682111323 0.745853126
vt 0.613036573 0.745853126
vt 0.682111323 0.814927876
vt 0.613036573 0.814927876
vt 0.682111323 0.814927876
vt 0.682111323 0.745853126
vt 0.613036573 0.814927876
vt 0.682111323 0.814927876
vt 0.682111323 0.745853126
vt 0.613036573 0.745853126
vt 0.613036573 0.745853126
vt 0.682111323 0.814927876
vt 0.682111323 0.745853126
vt 0.682111323 0.745853126
vt 0.682111323 0.814927876
vt 0.613036573 0.745853126
vt 0.682111323 0.814927876
vt 0.613036573 0.814927876
vt 0.682111323 0.745853126
vt 0.682111323 0.814927876
vt 0.682111323 0.745853126
vt 0.682111323 0.814927876
vt 0.682111323 0.814927876
vt 0.613036573 0.745853126
vt 0.682111323 0.745853126
vt 0.613036573 0.814927876
vt 0.613036573 0.745853126
vt 0.613036573 0.814927876
vt 0.682111323 0.745853126
vt 0.613036573 0.814927876
vt 0.682111323 0.745853126
vt 0.613036573 0.814927876
vt 0.682111323 0.814927876
vt 0.682111323 0.745853126
vt 0.613036573 0.745853126
vt 0.682111323 0.814927876
vt 0.682111323 0.745853126
vt 0.613036573 0.745853126
vt 0.682111323 0.814927876
vt 0.613036573 0.814927876
vt 0.682111323 0.745853126
vt 0.682111323 0.814927876
vt 0.682111323 0.745853126
vt 0.613036573 0.745853126
vt 0.682111323 0.814927876
vt 0.613036573 0.745853126
vt 0.682111323 0.814927876
vt 0.682111323 0.745853126
vt 0.682111323 0.745853126
vt 0.682111323 0.814927876
vt 0.613036573 0.745853126
vt 0.613036573 0.745853126
vt 0.682111323 0.745853126
vt 0.682111323 0.745853126
vt 0.682111323 0.745853126
vt 0.613036573 0.745853126
vt 0.682111323 0.814927876
vt 0.682111323 0.745853126
vt 0.613036573 0.814927876
vt 0.613036573 0.745853126
vt 0.682111323 0.814927876
vt 0.613036573 0.814927876
vt 0.682111323 0.745853126
vt 0.682111323 0.745853126
vt 0.613036573 0.745853126
vt 0.682111323 0.814927876
vt 0.682111323 0.745853126
vt 0.682111323 0.814927876
vt 0.682111323 0.814927876
vt 0.682111323 0.745853126
vt 0.613036573 0.814927876
vt 0.613036573 0.745853126
vt 0.613036573 0.745853126
vt 0.682111323 0.814927876
vt 0.682111323 0.745853126
vt 0.613036573 0.814927876
vt 0.682111323 0.814927876
vt 0.613036573 0.745853126
vt 0.682111323 0.745853126
vt 0.682111323 0.814927876
vt 0.613036573 0.745853126
vt 0.682111323 0.814927876
vt 0.682111323 0.745853126
vt 0.682111323 0.745853126
vt 0.613036573 0.745853126
vt 0.682111323 0.814927876
vt 0.682111323 0.814927876
vt 0.613036573 0.745853126
vt 0.682111323 0.814927876
vt 0.613036573 0.814927876
vt 0.682111323 0.745853126
vt 0.613036573 0.745853126
vt 0.682111323 0.814927876
vt 0.613036573 0.814927876
vt 0.682111323 0.745853126
vt 0.613036573 0.814927876
vt 0.682111323 0.745853126
vt 0.613036573 0.814927876
vt 0.682111323 0.745853126
vt 0.613036573 0.814927876
vt 0.682111323 0.814927876
vt 0.682111323 0.814927876
vt 0.682111323 0.745853126
vt 0.613036573 0.745853126
vt 0.613036573 0.814927876
vt 0.682111323 0.745853126
vt 0.682111323 0.814927876
vt 0.682111323 0.745853126
vt 0.613036573 0.745853126
vt 0.682111323 0.814927876
vt 0.613036573 0.814927876
vt 0.682111323 0.745853126
vt 0.682111323 0.814927876
vt 0.613036573 0.745853126
vt 0.682111323 0.814927876
vt 0.682111323 0.745853126
vt 0.682111323 0.745853126
vt 0.613036573 0.745853126
vt 0.682111323 0.814927876
vt 0.682111323 0.814927876
vt 0.613036573 0.745853126
vt 0.682111323 0.814927876
vt 0.682111323 0.814927876
vt 0.682111323 0.745853126
vt 0.613036573 0.745853126
vt 0.613036573 0.814927876
vt 0.682111323 0.745853126
vt 0.682111323 0.814927876
vt 0.682111323 0.745853126
vt 0.613036573 0.745853126
vt 0.682111323 0.814927876
vt 0.613036573 0.814927876
vt 0.613036573 0.745853126
vt 0.613036573 0.745853126
vt 0.682111323 0.814927876
vt 0.682111323 0.814927876
vt 0.682111323 0.814927876
vt 0.613036573 0.745853126
vt 0.613036573 0.814927876
vt 0.682111323 0.814927876
vt 0.613036573 0.814927876
vt 0.682111323 0.745853126
vt 0.613036573 0.814927876
vt 0.682111323 0.745853126
vt 0.613036573 0.814927876
vt 0.682111323 0.745853126
vt 0.613036573 0.814927876
vt 0.682111323 0.814927876
vt 0.682111323 0.745853126
vt 0.682111323 0.814927876
vt 0.613036573 0.745853126
vt 0.613036573 0.745853126
vt 0.613036573 0.814927876
vt 0.613036573 0.745853126
vt 0.613036573 0.814927876
vt 0.682111323 0.745853126
vt 0.682111323 0.814927876
vt 0.613036573 0.745853126
vt 0.682111323 0.814927876
vt 0.682111323 0.745853126
vt 0.682111323 0.745853126
vt 0.613036573 0.814927876
vt 0.682111323 0.745853126
vt 0.613036573 0.745853126
vt 0.682111323 0.814927876
vt 0.682111323 0.745853126
vt 0.682111323 0.745853126
vt 0.613036573 0.745853126
vt 0.682111323 0.814927876
vt 0.682111323 0.814927876
vt 0.613036573 0.814927876
vt 0.682111323 0.745853126
vt 0.613036573 0.814927876
vt 0.682111323 0.745853126
vt 0.613036573 0.814927876
vt 0.682111323 0.745853126
vt 0.613036573 0.814927876
vt 0.682111323 0.814927876
vt 0.682111323 0.745853126
vt 0.613036573 0.745853126
vt 0.682111323 0.745853126
vt 0.682111323 0.814927876
vt 0.682111323 0.745853126
vt 0.613036573 0.745853126
vt 0.613036573 0.814927876
vt 0.682111323 0.745853126
vt 0.682111323 0.814927876
vt 0.682111323 0.745853126
vt 0.613036573 0.745853126
vt 0.682111323 0.814927876
vt 0.682111323 0.814927876
vt 0.682111323 0.745853126
vt 0.613036573 0.745853126
vt 0.613036573 0.814927876
vt 0.682111323 0.745853126
vt 0.682111323 0.814927876
vt 0.682111323 0.745853126
vt 0.613036573 0.745853126
vt 0.682111323 0.814927876
vt 0.682111323 0.745853126
vt 0.613036573 0.745853126
vt 0.682111323 0.814927876
vt 0.682111323 0.745853126
vt 0.613036573 0.745853126
vt 0.682111323 0.814927876
vt 0.682111323 0.814927876
vt 0.613036573 0.745853126
vt 0.682111323 0.745853126
vt 0.613036573 0.745853126
vt 0.613036573 0.745853126
vt 0.682111323 0.814927876
vt 0.613036573 0.814927876
vt 0.613036573 0.814927876
vt 0.682111323 0.745853126
vt 0.613036573 0.745853126
vt 0.682111323 0.745853126
vt 0.613036573 0.745853126
vt 0.682111323 0.814927876
vt 0.682111323 0.745853126
vt 0.613036573 0.745853126
vt 0.682111323 0.814927876
vt 0.613036573 0.745853126
vt 0.682111323 0.745853126
vt 0.613036573 0.814927876
vt 0.613036573 0.814927876
vt 0.682111323 0.745853126
vt 0.613036573 0.745853126
vt 0.613036573 0.745853126
vt 0.682111323 0.814927876
vt 0.682111323 0.745853126
vt 0.682111323 0.814927876
vt 0.613036573 0.745853126
vt 0.682111323 0.745853126
vt 0.613036573 0.814927876
vt 0.682111323 0.814927876
vt 0.613036573 0.745853126
vt 0.682111323 0.814927876
vt 0.613036573 0.745853126
vt 0.613036573 0.745853126
vt 0.682111323 0.814927876
vt 0.682111323 0.745853126
vt 0.613036573 0.745853126
vt 0.613036573 0.814927876
vt 0.613036573 0.814927876
vt 0.682111323 0.814927876
vt 0.613036573 0.745853126
vt 0.613036573 0.814927876
vt 0.682111323 0.745853126
vt 0.682111323 0.814927876
vt 0.613036573 0.814927876
vt 0.682111323 0.745853126
vt 0.682111323 0.814927876
vt 0.682111323 0.814927876
vt 0.682111323 0.745853126
vt 0.613036573 0.745853126
vt 0.613036573 0.814927876
vt 0.682111323 0.745853126
vt 0.682111323 0.814927876
vt 0.682111323 0.745853126
vt 0.613036573 0.745853126
vt 0.682111323 0.814927876
vt 0.613036573 0.814927876
vt 0.613036573 0.745853126
vt 0.613036573 0.745853126
vt 0.682111323 0.814927876
vt 0.682111323 0.745853126
vt 0.613036573 0.745853126
vt 0.613036573 0.814927876
vt 0.682111323 0.745853126
vt 0.682111323 0.814927876
vt 0.682111323 0.745853126
vt 0.613036573 0.745853126
vt 0.682111323 0.814927876
vt 0.613036573 0.745853126
vt 0.682111323 0.814927876
vt 0.682111323 0.745853126
vt 0.682111323 0.745853126
vt 0.682111323 0.814927876
vt 0.613036573 0.814927876
vt 0.682111323 0.814927876
vt 0.613036573 0.814927876
vt 0.613036573 0.814927876
vt 0.682111323 0.814927876
vt 0.613036573 0.745853126
vt 0.613036573 0.814927876
vt 0.682111323 0.814927876
vt 0.613036573 0.814927876
vt 0.682111323 0.814927876
vt 0.682111323 0.745853126
vt 0.613036573 0.745853126
vt 0.613036573 0.814927876
vt 0.682111323 0.745853126
vt 0.682111323 0.814927876
vt 0.682111323 0.745853126
vt 0.613036573 0.745853126
vt 0.682111323 0.814927876
vt 0.682111323 0.814927876
vt 0.682111323 0.745853126
vt 0.613036573 0.745853126
vt 0.682111323 0.745853126
vt 0.613036573 0.745853126
vt 0.682111323 0.814927876
vt 0.613036573 0.745853126
vt 0.682111323 0.814927876
vt 0.682111323 0.745853126
vt 0.682111323 0.745853126
vt 0.613036573 0.745853126
vt 0.682111323 0.814927876
vt 0.682111323 0.814927876
vt 0.682111323 0.745853126
vt 0.613036573 0.745853126
vt 0.613036573 0.814927876
vt 0.682111323 0.745853126
vt 0.682111323 0.814927876
vt 0.682111323 0.745853126
vt 0.613036573 0.745853126
vt 0.682111323 0.814927876
vt 0.682111323 0.814927876
vt 0.682111323 0.745853126
vt 0.613036573 0.745853126
vt 0.613036573 0.814927876
vt 0.682111323 0.745853126
vt 0.682111323 0.814927876
vt 0.682111323 0.745853126
vt 0.613036573 0.745853126
vt 0.682111323 0.814927876
vt 0.613036573 0.814927876
vt 0.682111323 0.814927876
vt 0.613036573 0.814927876
vt 0.682111323 0.814927876
vt 0.613036573 0.814927876
vt 0.682111323 0.745853126
vt 0.682111323 0.814927876
vt 0.682111323 0.745853126
vt 0.613036573 0.814927876
vt 0.682111323 0.814927876
vt 0.682111323 0.745853126
vt 0.613036573 0.814927876
vt 0.613036573 0.814927876
vt 0.682111323 0.745853126
vt 0.682111323 0.814927876
vt 0.682111323 0.814927876
vt 0.613036573 0.814927876
vt 0.613036573 0.814927876
vt 0.613036573 0.745853126
vt 0.613036573 0.814927876
vt 0.613036573 0.745853126
vt 0.613036573 0.745853126
vt 0.613036573 0.814927876
vt 0.613036573 0.745853126
vt 0.682111323 0.745853126
vt 0.613036573 0.814927876
vt 0.682111323 0.814927876
vt 0.682111323 0.745853126
vt 0.682111323 0.814927876
vt 0.613036573 0.814927876
vt 0.613036573 0.745853126
vt 0.682111323 0.814927876
vt 0.682111323 0.745853126
vt 0.682111323 0.745853126
vt 0.613036573 0.745853126
vt 0.682111323 0.814927876
vt 0.682111323 0.745853126
vt 0.682111323 0.814927876
vt 0.682111323 0.814927876
vt 0.613036573 0.745853126
vt 0.682111323 0.814927876
vt 0.613036573 0.745853126
vt 0.682111323 0.814927876
vt 0.613036573 0.814927876
vt 0.613036573 0.814927876
vt 0.613036573 0.745853126
vt 0.682111323 0.814927876
vt 0.682111323 0.814927876
vt 0.682111323 0.745853126
vt 0.613036573 0.745853126
vt 0.613036573 0.814927876
vt 0.682111323 0.745853126
vt 0.682111323 0.814927876
vt 0.682111323 0.745853126
vt 0.613036573 0.745853126
vt 0.682111323 0.814927876
vt 0.613036573 0.814927876
vt 0.682111323 0.745853126
vt 0.682111323 0.814927876
vt 0.682111323 0.814927876
vt 0.682111323 0.745853126
vt 0.613036573 0.814927876
vt 0.613036573 0.745853126
vt 0.682111323 0.814927876
vt 0.613036573 0.814927876
vt 0.613036573 0.814927876
vt 0.682111323 0.814927876
vt 0.613036573 0.745853126
vt 0.682111323 0.814927876
vt 0.682111323 0.745853126
vt 0.613036573 0.814927876
vt 0.682111323 0.814927876
vt 0.613036573 0.814927876
vt 0.613036573 0.814927876
vt 0.613036573 0.814927876
vt 0.682111323 0.745853126
vt 0.682111323 0.814927876
vt 0.682111323 0.745853126
vt 0.613036573 0.814927876
vt 0.613036573 0.745853126
vt 0.613036573 0.745853126
vt 0.613036573 0.814927876
vt 0.682111323 0.745853126
vt 0.682111323 0.814927876
vt 0.682111323 0.745853126
vt 0.682111323 0.814927876
vt 0.682111323 0.745853126
vt 0.613036573 0.814927876
vt 0.682111323 0.814927876
vt 0.613036573 0.814927876
vt 0.613036573 0.814927876
vt 0.682111323 0.814927876
vt 0.682111323 0.745853126
vt 0.613036573 0.814927876
vt 0.682111323 0.814927876
vt 0.682111323 0.745853126
vt 0.613036573 0.814927876
vt 0.613036573 0.814927876
vt 0.682111323 0.745853126
vt 0.682111323 0.814927876
vt 0.682111323 0.814927876
vt 0.682111323 0.745853126
vt 0.613036573 0.814927876
vt 0.682111323 0.814927876
vt 0.682111323 0.745853126
vt 0.613036573 0.814927876
vt 0.613036573 0.745853126
vt 0.682111323 0.814927876
vt 0.613036573 0.814927876
vt 0.682111323 0.745853126
vt 0.682111323 0.814927876
vt 0.613036573 0.814927876
vt 0.613036573 0.814927876
vt 0.682111323 0.745853126
vt 0.682111323 0.814927876
vt 0.682111323 0.745853126
vt 0.613036573 0.814927876
vt 0.682111323 0.814927876
vt 0.682111323 0.745853126
vt 0.613036573 0.814927876
vt 0.682111323 0.814927876
vt 0.682111323 0.745853126
vt 0.613036573 0.814927876
vt 0.613036573 0.745853126
vt 0.613036573 0.814927876
vt 0.613036573 0.745853126
vt 0.682111323 0.745853126
vt 0.613036573 0.814927876
vt 0.682111323 0.814927876
vt 0.682111323 0.745853126
vt 0.682111323 0.814927876
vt 0.613036573 0.814927876
vt 0.613036573 0.745853126
vt 0.682111323 0.814927876
vt 0.682111323 0.745853126
vt 0.682111323 0.745853126
vt 0.613036573 0.814927876
vt 0.682111323 0.814927876
vt 0.613036573 0.745853126
vt 0.613036573 0.814927876
vt 0.682111323 0.745853126
vt 0.682111323 0.814927876
vt 0.682111323 0.745853126
vt 0.613036573 0.814927876
vt 0.682111323 0.814927876
vt 0.613036573 0.745853126
vt 0.613036573 0.745853126
vt 0.682111323 0.814927876
vt 0.682111323 0.745853126
vt 0.613036573 0.745853126
vt 0.682111323 0.814927876
vt 0.613036573 0.745853126
vt 0.682111323 0.814927876
vt 0.613036573 0.814927876
vt 0.613036573 0.814927876
vt 0.613036573 0.745853126
vt 0.682111323 0.814927876
vt 0.682111323 0.814927876
vt 0.682111323 0.745853126
vt 0.682111323 0.814927876
vt 0.682111323 0.745853126
vt 0.682111323 0.814927876
vt 0.682111323 0.745853126
vt 0.613036573 0.745853126
vt 0.613036573 0.814927876
vt 0.613036573 0.745853126
vt 0.613036573 0.745853126
vt 0.682111323 0.745853126
vt 0.613036573 0.814927876
vt 0.613036573 0.814927876
vt 0.613036573 0.745853126
vt 0.613036573 0.745853126
vt 0.613036573 0.745853126
vt 0.613036573 0.814927876
vt 0.682111323 0.745853126
vt 0.613036573 0.745853126
vt 0.682111323 0.814927876
vt 0.613036573 0.814927876
vt 0.682111323 0.745853126
vt 0.613036573 0.814927876
vt 0.682111323 0.745853126
vt 0.682111323 0.814927876
vt 0.682111323 0.745853126
vt 0.613036573 0.814927876
vt 0.682111323 0.814927876
vt 0.682111323 0.745853126
vt 0.613036573 0.814927876
vt 0.682111323 0.814927876
vt 0.682111323 0.745853126
vt 0.613036573 0.814927876
vt 0.613036573 0.745853126
vt 0.682111323 0.814927876
vt 0.613036573 0.814927876
vt 0.682111323 0.814927876
vt 0.682111323 0.745853126
vt 0.613036573 0.814927876
vt 0.682111323 0.745853126
vt 0.613036573 0.814927876
vt 0.613036573 0.745853126
vt 0.682111323 0.745853126
vt 0.613036573 0.814927876
vt 0.613036573 0.745853126
vt 0.682111323 0.745853126
vt 0.682111323 0.814927876
vt 0.613036573 0.745853126
vt 0.682111323 0.745853126
vt 0.613036573 0.814927876
vt 0.682111323 0.814927876
vt 0.682111323 0.814927876
vt 0.682111323 0.745853126
vt 0.613036573 0.814927876
vt 0.613036573 0.814927876
vt 0.682111323 0.745853126
vt 0.613036573 0.814927876
vt 0.682111323 0.814927876
vt 0.682111323 0.745853126
vt 0.613036573 0.814927876
vt 0.682111323 0.745853126
vt 0.613036573 0.814927876
vt 0.682111323 0.814927876
vt 0.613036573 0.745853126
vt 0.613036573 0.814927876
vt 0.682111323 0.745853126
vt 0.613036573 0.814927876
vt 0.682111323 0.814927876
vt 0.613036573 0.745853126
vt 0.613036573 0.745853126
vt 0.682111323 0.814927876
vt 0.682111323 0.745853126
vt 0.682111323 0.745853126
vt 0.613036573 0.814927876
vt 0.682111323 0.814927876
vt 0.613036573 0.745853126
vt 0.682111323 0.814927876
vt 0.682111323 0.745853126
vt 0.682111323 0.745853126
vt 0.613036573 0.814927876
vt 0.682111323 0.814927876
vt 0.682111323 0.745853126
vt 0.613036573 0.814927876
vt 0.682111323 0.814927876
vt 0.613036573 0.814927876
vt 0.682111323 0.745853126
vt 0.613036573 0.745853126
vt 0.613036573 0.814927876
vt 0.682111323 0.814927876
vt 0.613036573 0.745853126
vt 0.613036573 0.745853126
vt 0.682111323 0.814927876
vt 0.682111323 0.745853126
vt 0.682111323 0.745853126
vt 0.613036573 0.814927876
vt 0.682111323 0.814927876
vt 0.682111323 0.814927876
vt 0.613036573 0.814927876
vt 0.682111323 0.745853126
vt 0.682111323 0.745853126
vt 0.613036573 0.745853126
vt 0.682111323 0.814927876
vt 0.682111323 0.745853126
vt 0.682111323 0.814927876
vt 0.682111323 0.814927876
vt 0.613036573 0.745853126
vt 0.613036573 0.745853126
vt 0.682111323 0.814927876
vt 0.682111323 0.745853126
vt 0.613036573 0.814927876
vt 0.682111323 0.814927876
vt 0.613036573 0.745853126
vt 0.682111323 0.745853126
vt 0.682111323 0.814927876
vt 0.613036573 0.814927876
vt 0.682111323 0.745853126
vt 0.613036573 0.745853126
vt 0.613036573 0.745853126
vt 0.682111323 0.814927876
vt 0.682111323 0.745853126
vt 0.682111323 0.814927876
vt 0.613036573 0.814927876
vt 0.613036573 0.814927876
vt 0.613036573 0.745853126
vt 0.613036573 0.814927876
vt 0.613036573 0.745853126
vt 0.613036573 0.814927876
vt 0.682111323 0.814927876
vt 0.682111323 0.745853126
vt 0.682111323 0.814927876
vt 0.682111323 0.745853126
vt 0.613036573 0.814927876
vt 0.613036573 0.745853126
vt 0.682111323 0.814927876
vt 0.682111323 0.745853126
vt 0.682111323 0.745853126
vt 0.613036573 0.814927876
vt 0.682111323 0.814927876
vt 0.613036573 0.745853126
vt 0.613036573 0.814927876
vt 0.613036573 0.745853126
vt 0.613036573 0.814927876
vt 0.682111323 0.745853126
vt 0.682111323 0.814927876
vt 0.613036573 0.745853126
vt 0.682111323 0.814927876
vt 0.682111323 0.745853126
vt 0.682111323 0.745853126
vt 0.613036573 0.814927876
vt 0.682111323 0.814927876
vt 0.682111323 0.814927876
vt 0.613036573 0.745853126
vt 0.682111323 0.745853126
vt 0.682111323 0.814927876
vt 0.613036573 0.814927876
vt 0.682111323 0.745853126
vt 0.613036573 0.814927876
vt 0.682111323 0.745853126
vt 0.682111323 0.814927876
vt 0.613036573 0.814927876
vt 0.682111323 0.745853126
vt 0.682111323 0.814927876
vt 0.682111323 0.745853126
vt 0.613036573 0.745853126
vt 0.682111323 0.814927876
vt 0.682111323 0.745853126
vt 0.613036573 0.814927876
vt 0.682111323 0.814927876
vt 0.682111323 0.745853126
vt 0.613036573 0.814927876
vt 0.613036573 0.745853126
vt 0.682111323 0.814927876
vt 0.613036573 0.814927876
vt 0.682111323 0.745853126
vt 0.613036573 0.814927876
vt 0.682111323 0.814927876
vt 0.682111323 0.814927876
vt 0.682111323 0.745853126
vt 0.613036573 0.814927876
vt 0.613036573 0.745853126
vt 0.682111323 0.814927876
vt 0.682111323 0.745853126
vt 0.682111323 0.745853126
vt 0.613036573 0.814927876
vt 0.682111323 0.814927876
vt 0.613036573 0.814927876
vt 0.613036573 0.745853126
vt 0.613036573 0.745853126
vt 0.682111323 0.814927876
vt 0.682111323 0.814927876
vt 0.682111323 0.814927876
vt 0.682111323 0.745853126
vt 0.613036573 0.814927876
vt 0.613036573 0.814927876
vt 0.682111323 0.745853126
vt 0.613036573 0.745853126
vt 0.613036573 0.745853126
vt 0.682111323 0.814927876
vt 0.682111323 0.745853126
vt 0.682111323 0.814927876
vt 0.682111323 0.745853126
vt 0.613036573 0.745853126
vt 0.682111323 0.745853126
vt 0.613036573 0.745853126
vt 0.682111323 0.814927876
vt 0.682111323 0.745853126
vt 0.613036573 0.814927876
vt 0.613036573 0.745853126
vt 0.682111323 0.745853126
vt 0.613036573 0.814927876
vt 0.613036573 0.745853126
vt 0.682111323 0.745853126
vt 0.613036573 0.814927876
vt 0.682111323 0.814927876
vt 0.682111323 0.814927876
vt 0.682111323 0.745853126
vt 0.613036573 0.814927876
vt 0.613036573 0.745853126
vt 0.682111323 0.814927876
vt 0.613036573 0.814927876
vt 0.682111323 0.814927876
vt 0.613036573 0.814927876
vt 0.682111323 0.745853126
vt 0.682111323 0.745853126
vt 0.613036573 0.814927876
vt 0.613036573 0.745853126
vt 0.682111323 0.745853126
vt 0.682111323 0.814927876
vt 0.613036573 0.745853126
vt 0.682111323 0.814927876
vt 0.613036573 0.745853126
vt 0.682111323 0.745853126
vt 0.613036573 0.814927876
vt 0.682111323 0.745853126
vt 0.613036573 0.745853126
vt 0.682111323 0.745853126
vt 0.682111323 0.814927876
vt 0.613036573 0.745853126
vt 0.682111323 0.745853126
vt 0.613036573 0.745853126
vt 0.682111323 0.814927876
vt 0.682111323 0.814927876
vt 0.613036573 0.814927876
vt 0.613036573 0.814927876
vt 0.682111323 0.814927876
vt 0.613036573 0.745853126
vt 0.682111323 0.745853126
vt 0.682111323 0.814927876
vt 0.613036573 0.814927876
vt 0.682111323 0.745853126
vt 0.613036573 0.814927876
vt 0.682111323 0.745853126
vt 0.682111323 0.814927876
vt 0.682111323 0.745853126
vt 0.613036573 0.814927876
vt 0.613036573 0.745853126
vt 0.613036573 0.814927876
vt 0.682111323 0.745853126
vt 0.613036573 0.745853126
vt 0.682111323 0.814927876
vt 0.613036573 0.745853126
vt 0.682111323 0.745853126
vt 0.613036573 0.814927876
vt 0.613036573 0.745853126
vt 0.613036573 0.745853126
vt 0.613036573 0.745853126
vt 0.682111323 0.814927876
vt 0.682111323 0.745853126
vt 0.682111323 0.745853126
vt 0.613036573 0.814927876
vt 0.682111323 0.814927876
vt 0.682111323 0.814927876
vt 0.613036573 0.814927876
vt 0.613036573 0.814927876
vt 0.682111323 0.745853126
vt 0.613036573 0.814927876
vt 0.682111323 0.814927876
vt 0.682111323 0.814927876
vt 0.682111323 0.745853126
vt 0.613036573 0.814927876
vt 0.613036573 0.745853126
vt 0.682111323 0.814927876
vt 0.613036573 0.814927876
vt 0.624392927 0.767375052
vt 0.624392927 0.774979174
vt 0.624392927 0.767375052
vt 0.624392927 0.774979174
vt 0.144768924 0.762199163
vt 0.144768924 0.763743758
vt 0.144768924 0.762318015
vt 0.144768924 0.763506114
vt 0.884750843 0.754481614
vt 0.884750843 0.754006386
vt 0.884750843 0.754006386
vt 0.884750843 0.754481614
vt 0.625600874 0.744562805
vt 0.594392478 0.730970502
vt 0.575726807 0.713690162
vt 0.625600874 0.759770989
vt 0.625501931 0.759770989
vt 0.606935203 0.732985556
vt 0.594392478 0.730970502
vt 0.575726807 0.713690162
vt 0.610056102 0.734915137
vt 0.625610769 0.759770989
vt 0.575726807 0.713690162
vt 0.575726807 0.713690162
vt 0.886335015 0.760659933
vt 0.886335015 0.761610448
vt 0.886335015 0.761610448
vt 0.886335015 0.760659933
vt 0.625600874 0.744562805
vt 0.594392478 0.730970502
vt 0.575726807 0.713690162
vt 0.625600874 0.759770989
vt 0.884433985 0.754006386
vt 0.884433985 0.754481614
vt 0.884433985 0.754006386
vt 0.884433985 0.754481614
vt 0.884750843 0.761610448
vt 0.884750843 0.760659933
vt 0.884750843 0.760659933
vt 0.884750843 0.761610448
vt 0.884433985 0.760659933
vt 0.884433985 0.761610448
vt 0.884433985 0.761610448
vt 0.884433985 0.760659933
vt 0.578623772 0.786631465
vt 0.573554397 0.786631465
vt 0.573554397 0.786631465
vt 0.578623772 0.786631465
vt 0.625600874 0.744562805
vt 0.594392478 0.730970502
vt 0.575726807 0.713690162
vt 0.625600874 0.759770989
vt 0.642628312 0.69064492
vt 0.642628312 0.690582991
vt 0.642628312 0.690582991
vt 0.642628312 0.69064492
vt 0.886335015 0.760659933
vt 0.886335015 0.761610448
vt 0.886335015 0.761610448
vt 0.886335015 0.760659933
vt 0.581475258 0.783304632
vt 0.581316829 0.783779919
vt 0.53249228 0.736748576
vt 0.53249228 0.736748576
vt 0.582346559 0.783304632
vt 0.582267404 0.783779919
vt 0.53249228 0.736748576
vt 0.53249228 0.736748576
vt 0.582267404 0.789482951
vt 0.582346559 0.788532495
vt 0.53249228 0.736748576
vt 0.53249228 0.736748576
vt 0.581316829 0.789482951
vt 0.581475258 0.788532495
vt 0.53249228 0.736748576
vt 0.53249228 0.736748576
vt 0.573554397 0.784730434
vt 0.578623772 0.786631465
vt 0.53249228 0.736748576
vt 0.53249228 0.736748576
vt 0.884433985 0.761610448
vt 0.884117126 0.761610448
vt 0.884117126 0.761610448
vt 0.884433985 0.761610448
vt 0.883958697 0.761610448
vt 0.883958697 0.761610448
vt 0.88391912 0.761610448
vt 0.883879542 0.761610448
vt 0.883879542 0.761610448
vt 0.883800268 0.761610448
vt 0.88126564 0.761610448
vt 0.88126564 0.761610448
vt 0.88126564 0.754481614
vt 0.88126564 0.754006386
vt 0.88126564 0.754481614
vt 0.88126564 0.754006386
vt 0.636238992 0.726072311
vt 0.636238992 0.725121856
vt 0.636238992 0.725121856
vt 0.636238992 0.726072311
vt 0.883879542 0.754006386
vt 0.877717018 0.748246253
vt 0.883839965 0.754006386
vt 0.871633768 0.742486179
vt 0.884433985 0.754006386
vt 0.835134149 0.707925558
vt 0.884117126 0.754006386
vt 0.88126564 0.754006386
vt 0.883800268 0.754006386
vt 0.625600874 0.767375052
vt 0.62566036 0.774979174
vt 0.62566036 0.767375052
vt 0.625600874 0.774979174
vt 0.581316829 0.783779919
vt 0.581316829 0.783304632
vt 0.581316829 0.783304632
vt 0.581316829 0.783779919
vt 0.373980165 0.77083385
vt 0.37904954 0.763705015
vt 0.376514792 0.763229728
vt 0.37904954 0.77083385
vt 0.582346559 0.788532495
vt 0.582346559 0.789482951
vt 0.582346559 0.788532495
vt 0.582346559 0.789482951
vt 0.185358703 0.314136058
vt 0.185358703 0.314136058
vt 0.134157836 0.265203685
vt 0.134157836 0.265203685
vt 0.636080563 0.726072311
vt 0.636080563 0.725121856
vt 0.636080563 0.726072311
vt 0.636080563 0.725121856
vt 0.624392927 0.767375052
vt 0.624472201 0.774979174
vt 0.624472201 0.767375052
vt 0.624392927 0.774979174
vt 0.613176882 0.736844659
vt 0.575726807 0.713690162
vt 0.588170588 0.725210369
vt 0.591281474 0.728090405
vt 0.582346559 0.783304632
vt 0.582346559 0.783779919
vt 0.582346559 0.783779919
vt 0.582346559 0.783304632
vt 0.624392927 0.744562805
vt 0.624432623 0.759770989
vt 0.624432623 0.744562805
vt 0.624392927 0.759770989
vt 0.886335015 0.754006386
vt 0.886335015 0.754481614
vt 0.886335015 0.754481614
vt 0.886335015 0.754006386
vt 0.835635304 0.709160924
vt 0.835635304 0.709160924
vt 0.835635304 0.709160924
vt 0.835635304 0.709160924
vt 0.835635304 0.709154069
vt 0.835635304 0.709160924
vt 0.835635304 0.709154069
vt 0.835635304 0.709160924
vt 0.624709785 0.767375052
vt 0.606143177 0.751995802
vt 0.575726807 0.713690162
vt 0.594095409 0.733821988
vt 0.88126564 0.761610448
vt 0.88126564 0.760659933
vt 0.88126564 0.760659933
vt 0.88126564 0.761610448
vt 0.582267404 0.783779919
vt 0.582267404 0.783304632
vt 0.582267404 0.783779919
vt 0.582267404 0.783304632
vt 0.62566036 0.767375052
vt 0.62566036 0.774979174
vt 0.62566036 0.774979174
vt 0.62566036 0.767375052
vt 0.610424876 0.68613559
vt 0.610424876 0.686073661
vt 0.610424876 0.686073661
vt 0.610424876 0.68613559
vt 0.886335015 0.754956901
vt 0.886335015 0.759709477
vt 0.886335015 0.754956901
vt 0.886335015 0.759709477
vt 0.370290816 0.212147355
vt 0.37345916 0.211672127
vt 0.37345916 0.212147355
vt 0.370290816 0.211672127
vt 0.374092877 0.218325675
vt 0.373934448 0.21927619
vt 0.373776019 0.21927619
vt 0.375360191 0.218325675
vt 0.606935203 0.732985556
vt 0.625501931 0.759770989
vt 0.575726807 0.713690162
vt 0.594392478 0.730970502
vt 0.573554397 0.784730434
vt 0.578623772 0.784730434
vt 0.578623772 0.784730434
vt 0.573554397 0.784730434
vt 0.587239861 0.783718348
vt 0.587239861 0.782767892
vt 0.587239861 0.782767892
vt 0.587239861 0.783718348
vt 0.62566036 0.767375052
vt 0.62566036 0.774979174
vt 0.62566036 0.774979174
vt 0.62566036 0.767375052
vt 0.884750843 0.754481614
vt 0.884750843 0.754006386
vt 0.884750843 0.754481614
vt 0.884750843 0.754006386
vt 0.88126564 0.761610448
vt 0.88126564 0.760659933
vt 0.88126564 0.760659933
vt 0.88126564 0.761610448
vt 0.587239861 0.778015316
vt 0.587239861 0.777540028
vt 0.587239861 0.777540028
vt 0.587239861 0.778015316
vt 0.355068803 0.220739186
vt 0.355068803 0.222640216
vt 0.355068803 0.222640216
vt 0.355068803 0.220739186
vt 0.88126564 0.761610448
vt 0.88126564 0.760659933
vt 0.88126564 0.760659933
vt 0.88126564 0.761610448
vt 0.624709785 0.767375052
vt 0.624709785 0.774979174
vt 0.624709785 0.774979174
vt 0.624709785 0.767375052
vt 0.88391912 0.761610448
vt 0.883879542 0.761610448
vt 0.847379863 0.721346796
vt 0.85350275 0.728057384
vt 0.871633768 0.74818927
vt 0.835134149 0.707925558
vt 0.88126564 0.761610448
vt 0.883800268 0.761610448
vt 0.865550518 0.741478622
vt 0.884117126 0.761610448
vt 0.884433985 0.761610448
vt 0.886335015 0.754006386
vt 0.886335015 0.754481614
vt 0.886335015 0.754481614
vt 0.886335015 0.754006386
vt 0.884433985 0.760659933
vt 0.884433985 0.761610448
vt 0.884433985 0.760659933
vt 0.884433985 0.761610448
vt 0.637110293 0.726072311
vt 0.637110293 0.725121856
vt 0.637110293 0.725121856
vt 0.637110293 0.726072311
vt 0.884750843 0.761610448
vt 0.884750843 0.760659933
vt 0.884750843 0.761610448
vt 0.884750843 0.760659933
vt 0.625610769 0.744562805
vt 0.625610769 0.759770989
vt 0.625620782 0.744562805
vt 0.62566036 0.759770989
vt 0.62566036 0.744562805
vt 0.625501931 0.759770989
vt 0.625501931 0.744562805
vt 0.625501931 0.744562805
vt 0.625501931 0.759770989
vt 0.88126564 0.761610448
vt 0.883800268 0.761610448
vt 0.88126564 0.761610448
vt 0.883879542 0.761610448
vt 0.883879542 0.761610448
vt 0.88391912 0.761610448
vt 0.883958697 0.761610448
vt 0.883958697 0.761610448
vt 0.884117126 0.761610448
vt 0.884433985 0.761610448
vt 0.884433985 0.761610448
vt 0.884117126 0.761610448
vt 0.587081432 0.778015316
vt 0.587081432 0.777540028
vt 0.587081432 0.778015316
vt 0.587081432 0.777540028
vt 0.587239861 0.777540028
vt 0.587081432 0.778015316
vt 0.538256884 0.730983973
vt 0.538256884 0.730983973
vt 0.588111162 0.777540028
vt 0.588032007 0.778015316
vt 0.538256884 0.730983973
vt 0.538256884 0.730983973
vt 0.588032007 0.783718348
vt 0.588111162 0.782767892
vt 0.538256884 0.730983973
vt 0.538256884 0.730983973
vt 0.587081432 0.783718348
vt 0.587239861 0.782767892
vt 0.538256884 0.730983973
vt 0.538256884 0.730983973
vt 0.884117126 0.761610448
vt 0.884433985 0.761610448
vt 0.884117126 0.761610448
vt 0.884433985 0.761610448
vt 0.883958697 0.761610448
vt 0.883958697 0.761610448
vt 0.88391912 0.761610448
vt 0.883879542 0.761610448
vt 0.883879542 0.761610448
vt 0.883800268 0.761610448
vt 0.88126564 0.761610448
vt 0.88126564 0.761610448
vt 0.624472201 0.744562805
vt 0.624709785 0.759770989
vt 0.624709785 0.744562805
vt 0.624472201 0.759770989
vt 0.124288648 0.775387526
vt 0.104011029 0.744971156
vt 0.104011029 0.775387526
vt 0.124288648 0.744971156
vt 0.835134149 0.707925558
vt 0.885008216 0.761610448
vt 0.835134149 0.707925558
vt 0.835134149 0.707925558
vt 0.886335015 0.761610448
vt 0.835134149 0.707925558
vt 0.884750843 0.761610448
vt 0.885067701 0.761610448
vt 0.885067701 0.761610448
vt 0.886335015 0.761610448
vt 0.884990931 0.761610448
vt 0.884998322 0.761610448
vt 0.884990931 0.761610448
vt 0.884988427 0.761610448
vt 0.884988427 0.761610448
vt 0.884909272 0.761610448
vt 0.884750843 0.761610448
vt 0.88126564 0.754956901
vt 0.88126564 0.759709477
vt 0.88126564 0.754956901
vt 0.88126564 0.759709477
vt 0.88126564 0.759709477
vt 0.88126564 0.754956901
vt 0.88126564 0.754956901
vt 0.88126564 0.759709477
vt 0.588032007 0.778015316
vt 0.588032007 0.777540028
vt 0.588032007 0.778015316
vt 0.588032007 0.777540028
vt 0.610414565 0.68613559
vt 0.610414565 0.686073661
vt 0.610414565 0.68613559
vt 0.610414565 0.686073661
vt 0.624392927 0.767375052
vt 0.624392927 0.774979174
vt 0.624392927 0.767375052
vt 0.624392927 0.774979174
vt 0.624392927 0.767375052
vt 0.624472201 0.774979174
vt 0.624472201 0.767375052
vt 0.624392927 0.774979174
vt 0.642607629 0.69064492
vt 0.642607629 0.690582991
vt 0.642607629 0.69064492
vt 0.642607629 0.690582991
vt 0.624392927 0.744562805
vt 0.624432623 0.759770989
vt 0.624432623 0.744562805
vt 0.624392927 0.759770989
vt 0.12318708 0.290271938
vt 0.122636333 0.290174752
vt 0.122636333 0.290271938
vt 0.123170897 0.290174752
vt 0.120666534 0.285388947
vt 0.582267404 0.789482951
vt 0.582267404 0.788532495
vt 0.582267404 0.789482951
vt 0.582267404 0.788532495
vt 0.624709785 0.744562805
vt 0.624709785 0.759770989
vt 0.624709785 0.759770989
vt 0.624709785 0.744562805
vt 0.88126564 0.754481614
vt 0.88126564 0.754006386
vt 0.88126564 0.754006386
vt 0.88126564 0.754481614
vt 0.575726807 0.713690162
vt 0.575726807 0.713690162
vt 0.62559098 0.767375052
vt 0.597503364 0.740504146
vt 0.134630173 0.798503935
vt 0.129560798 0.798503935
vt 0.129560798 0.798503935
vt 0.134630173 0.798503935
vt 0.886335015 0.757333159
vt 0.886335015 0.756857932
vt 0.886335015 0.756857932
vt 0.886335015 0.757333159
vt 0.587081432 0.783718348
vt 0.587081432 0.782767892
vt 0.587081432 0.783718348
vt 0.587081432 0.782767892
vt 0.624709785 0.744562805
vt 0.624709785 0.759770989
vt 0.624709785 0.759770989
vt 0.624709785 0.744562805
vt 0.624709785 0.767375052
vt 0.624709785 0.774979174
vt 0.624709785 0.774979174
vt 0.624709785 0.767375052
vt 0.375360191 0.214523673
vt 0.375360191 0.217375219
vt 0.375360191 0.217375219
vt 0.375360191 0.212622643
vt 0.625501931 0.767375052
vt 0.625501931 0.774979174
vt 0.625501931 0.767375052
vt 0.625501931 0.774979174
vt 0.375360191 0.211672127
vt 0.373776019 0.212147355
vt 0.373776019 0.211672127
vt 0.375360191 0.212147355
vt 0.374092877 0.218325675
vt 0.373934448 0.21927619
vt 0.373776019 0.21927619
vt 0.375360191 0.218325675
vt 0.62566036 0.744562805
vt 0.62566036 0.759770989
vt 0.62566036 0.744562805
vt 0.62566036 0.759770989
vt 0.886335015 0.754006386
vt 0.886335015 0.754481614
vt 0.886335015 0.754481614
vt 0.886335015 0.754006386
vt 0.625501931 0.759770989
vt 0.625501931 0.744562805
vt 0.625501931 0.744562805
vt 0.625501931 0.759770989
vt 0.625501931 0.767375052
vt 0.625501931 0.774979174
vt 0.625501931 0.767375052
vt 0.625501931 0.774979174
vt 0.129560798 0.798503935
vt 0.132095426 0.790899873
vt 0.132095426 0.790899873
vt 0.129560798 0.798503935
vt 0.625501931 0.767375052
vt 0.625501931 0.774979174
vt 0.625501931 0.767375052
vt 0.625501931 0.774979174
vt 0.134630173 0.791375101
vt 0.134630173 0.798503935
vt 0.134630173 0.791375101
vt 0.134630173 0.798503935
vt 0.886335015 0.757333159
vt 0.886335015 0.757333159
vt 0.886335015 0.757333159
vt 0.886335015 0.757333159
vt 0.637031138 0.726072311
vt 0.637031138 0.725121856
vt 0.637031138 0.726072311
vt 0.637031138 0.725121856
vt 0.610056102 0.734915137
vt 0.625610769 0.759770989
vt 0.575726807 0.713690162
vt 0.575726807 0.713690162
vt 0.624392927 0.767375052
vt 0.624392927 0.774979174
vt 0.624392927 0.767375052
vt 0.624392927 0.774979174
vt 0.884750843 0.754481614
vt 0.884750843 0.754006386
vt 0.884750843 0.754006386
vt 0.884750843 0.754481614
vt 0.625501931 0.759770989
vt 0.600693524 0.729126453
vt 0.594392478 0.730970502
vt 0.606935203 0.732985556
vt 0.581475258 0.788532495
vt 0.581475258 0.789482951
vt 0.581475258 0.788532495
vt 0.581475258 0.789482951
vt 0.884750843 0.761610448
vt 0.884750843 0.760659933
vt 0.884750843 0.760659933
vt 0.884750843 0.761610448
vt 0.588111162 0.778015316
vt 0.588111162 0.777540028
vt 0.588111162 0.777540028
vt 0.588111162 0.778015316
vt 0.575726807 0.713690162
vt 0.575726807 0.713690162
vt 0.62559098 0.767375052
vt 0.597503364 0.740504146
vt 0.884433985 0.760659933
vt 0.884433985 0.761610448
vt 0.884433985 0.761610448
vt 0.884433985 0.760659933
vt 0.62566036 0.744562805
vt 0.62566036 0.759770989
vt 0.62566036 0.744562805
vt 0.62566036 0.759770989
vt 0.624709785 0.767375052
vt 0.606143177 0.751995802
vt 0.575726807 0.713690162
vt 0.594095409 0.733821988
vt 0.642628312 0.690582991
vt 0.642607629 0.69064492
vt 0.636242151 0.684513271
vt 0.636242151 0.684513271
vt 0.610424876 0.686073661
vt 0.610414565 0.68613559
vt 0.603925109 0.680003881
vt 0.603925109 0.680003881
vt 0.637031138 0.726072311
vt 0.637110293 0.725121856
vt 0.587256014 0.673337936
vt 0.587256014 0.673337936
vt 0.636080563 0.726072311
vt 0.636238992 0.725121856
vt 0.587256014 0.673337936
vt 0.587256014 0.673337936
vt 0.624709785 0.744562805
vt 0.624709785 0.759770989
vt 0.624709785 0.759770989
vt 0.624709785 0.744562805
vt 0.625501931 0.759770989
vt 0.625501931 0.744562805
vt 0.625501931 0.744562805
vt 0.625501931 0.759770989
vt 0.613176882 0.736844659
vt 0.575726807 0.713690162
vt 0.588170588 0.725210369
vt 0.591281474 0.728090405
vt 0.123673059 0.291243881
vt 0.123397671 0.291438282
vt 0.123673059 0.291438282
vt 0.123397671 0.291243881
vt 0.588111162 0.783718348
vt 0.588111162 0.782767892
vt 0.588111162 0.782767892
vt 0.588111162 0.783718348
vt 0.886335015 0.754956901
vt 0.886335015 0.759709477
vt 0.886335015 0.759709477
vt 0.886335015 0.754956901
vt 0.0982900858 0.231494665
vt 0.0982900858 0.229593635
vt 0.0982900858 0.231494665
vt 0.0982900858 0.229593635
vt 0.185358703 0.314136058
vt 0.185358703 0.314136058
vt 0.134157836 0.265203685
vt 0.134157836 0.265203685
vt 0.624392927 0.767375052
vt 0.624472201 0.774979174
vt 0.624472201 0.767375052
vt 0.624392927 0.774979174
vt 0.625610769 0.744562805
vt 0.62566036 0.759770989
vt 0.62566036 0.744562805
vt 0.625610769 0.759770989
vt 0.624392927 0.744562805
vt 0.624432623 0.759770989
vt 0.624432623 0.744562805
vt 0.624392927 0.759770989
vt 0.624709785 0.767375052
vt 0.624709785 0.774979174
vt 0.624709785 0.774979174
vt 0.624709785 0.767375052
vt 0.588032007 0.783718348
vt 0.588032007 0.782767892
vt 0.588032007 0.783718348
vt 0.588032007 0.782767892
vt 0.581475258 0.783304632
vt 0.581475258 0.783779919
vt 0.581475258 0.783779919
vt 0.581475258 0.783304632
vt 0.610056102 0.734915137
vt 0.625610769 0.759770989
vt 0.575726807 0.713690162
vt 0.575726807 0.713690162
vt 0.624392927 0.759770989
vt 0.624392927 0.744562805
vt 0.624392927 0.744562805
vt 0.624392927 0.759770989
vt 0.624709785 0.767375052
vt 0.606143177 0.751995802
vt 0.575726807 0.713690162
vt 0.594095409 0.733821988
vt 0.123673059 0.291243881
vt 0.123397671 0.291438282
vt 0.123673059 0.291438282
vt 0.123397671 0.291243881
vt 0.886335015 0.754956901
vt 0.886335015 0.759709477
vt 0.886335015 0.759709477
vt 0.886335015 0.754956901
vt 0.575726807 0.713690162
vt 0.575726807 0.713690162
vt 0.62559098 0.767375052
vt 0.597503364 0.740504146
vt 0.886335015 0.760659933
vt 0.886335015 0.761610448
vt 0.886335015 0.761610448
vt 0.886335015 0.760659933
vt 0.886335015 0.757333159
vt 0.886335015 0.756857932
vt 0.886335015 0.757333159
vt 0.886335015 0.756857932
vt 0.0982900858 0.231494665
vt 0.0982900858 0.229593635
vt 0.0982900858 0.231494665
vt 0.0982900858 0.229593635
vt 0.374092877 0.218325675
vt 0.373934448 0.21927619
vt 0.373776019 0.21927619
vt 0.375360191 0.218325675
vt 0.62566036 0.744562805
vt 0.62566036 0.759770989
vt 0.62566036 0.744562805
vt 0.62566036 0.759770989
vt 0.12318708 0.290271938
vt 0.122636333 0.290174752
vt 0.122636333 0.290271938
vt 0.123170897 0.290174752
vt 0.120666534 0.285388947
vt 0.835134149 0.707925558
vt 0.835134149 0.707925558
vt 0.835134149 0.707925558
vt 0.886335015 0.756857932
vt 0.886335015 0.756857932
vt 0.884433985 0.754006386
vt 0.884433985 0.754481614
vt 0.884433985 0.754006386
vt 0.884433985 0.754481614
vt 0.884433985 0.754006386
vt 0.884433985 0.754481614
vt 0.884433985 0.754006386
vt 0.884433985 0.754481614
vt 0.0834293067 0.744819045
vt 0.0834293067 0.744819045
vt 0.0834293067 0.744819045
vt 0.0834293067 0.744819045
vt 0.0834293067 0.744819045
vt 0.0834293067 0.744819045
vt 0.0834293067 0.744819045
vt 0.0834293067 0.744819045
vt 0.144768924 0.76216948
vt 0.0834293067 0.744819045
vt 0.0834293067 0.744819045
vt 0.0834293067 0.744819045
vt 0.0834293067 0.744819045
vt 0.0834293067 0.744819045
vt 0.144768924 0.762139797
vt 0.0834293067 0.744819045
vt 0.0834293067 0.744819045
vt 0.0834293067 0.744819045
vt 0.144768924 0.76216948
vt 0.0834293067 0.744819045
vt 0.0834293067 0.744819045
vt 0.144768924 0.762139797
vt 0.0834293067 0.744819045
vt 0.144768924 0.76216948
vt 0.0834293067 0.744819045
vt 0.144768924 0.762191772
vt 0.0834293067 0.744819045
vt 0.0834293067 0.744819045
vt 0.144768924 0.762080312
vt 0.0834293067 0.744819045
vt 0.144768924 0.762080312
vt 0.144768924 0.762318015
vt 0.0834293067 0.744819045
vt 0.144768924 0.763506114
vt 0.144768924 0.763506114
vt 0.144768924 0.763506114
vt 0.144768924 0.762318015
vt 0.144768924 0.762318015
vt 0.114099115 0.75416255
vt 0.144768924 0.762318015
vt 0.144768924 0.762318015
vt 0.144768924 0.763506114
vt 0.144768924 0.762318015
vt 0.144768924 0.763506114
vt 0.144768924 0.762318015
vt 0.144768924 0.763506114
vt 0.0987641513 0.749490857
vt 0.0834293067 0.744819045
vt 0.0834293067 0.744819045
vt 0.0834293067 0.744819045
vt 0.144768924 0.763921976
vt 0.144768924 0.763921976
vt 0.0834293067 0.744819045
vt 0.0834293067 0.744819045
vt 0.0987641513 0.749490857
vt 0.0834293067 0.744819045
vt 0.144768924 0.763921976
vt 0.0834293067 0.744819045
vt 0.0834293067 0.744819045
vt 0.0987641513 0.749490857
vt 0.144768924 0.763981342
vt 0.0834293067 0.744819045
vt 0.114099115 0.754400194
vt 0.144768924 0.763981342
vt 0.144768924 0.767783403
vt 0.144768924 0.763981342
vt 0.144768924 0.775387526
vt 0.144768924 0.775387526
vt 0.144768924 0.763981342
vt 0.144768924 0.763981342
vt 0.144768924 0.763981342
vt 0.144768924 0.763981342
vt 0.144768924 0.775387526
vt 0.144768924 0.763981342
vt 0.0834293067 0.744819045
vt 0.103808254 0.744971156
vt 0.0924020708 0.744971156
vt 0.0834293067 0.744819045
vt 0.624709785 0.744562805
vt 0.612226427 0.748250782
vt 0.575726807 0.713690162
vt 0.587972522 0.721408308
vt 0.62566036 0.767375052
vt 0.62566036 0.774979174
vt 0.62566036 0.774979174
vt 0.62566036 0.767375052
vt 0.581316829 0.789482951
vt 0.581316829 0.788532495
vt 0.581316829 0.788532495
vt 0.581316829 0.789482951
vt 0.624472201 0.744562805
vt 0.624709785 0.759770989
vt 0.624709785 0.744562805
vt 0.624472201 0.759770989
vt 0.12318708 0.291438282
vt 0.122636333 0.291243881
vt 0.122636333 0.291438282
vt 0.12318708 0.291243881
vt 0.355068803 0.220739186
vt 0.355068803 0.222640216
vt 0.355068803 0.222640216
vt 0.355068803 0.220739186
vt 0.677075386 0.786514163
vt 0.677075386 0.786416948
vt 0.677075386 0.786416948
vt 0.677075386 0.786514163
vt 0.835635304 0.709160924
vt 0.835635304 0.709154069
vt 0.835635304 0.709160924
vt 0.835635304 0.709154069
vt 0.682111323 0.814927876
vt 0.613036573 0.745853126
vt 0.613036573 0.814927876
vt 0.682111323 0.745853126
vt 0.682111323 0.745853126
vt 0.613036573 0.814927876
vt 0.682111323 0.814927876
vt 0.613036573 0.745853126
vt 0.682111323 0.745853126
vt 0.613036573 0.814927876
vt 0.682111323 0.814927876
vt 0.613036573 0.745853126
vt 0.682111323 0.745853126
vt 0.613036573 0.814927876
vt 0.682111323 0.814927876
vt 0.613036573 0.745853126
vt 0.613036573 0.745853126
vt 0.682111323 0.814927876
vt 0.682111323 0.745853126
vt 0.613036573 0.814927876
vt 0.682111323 0.814927876
vt 0.613036573 0.745853126
vt 0.613036573 0.814927876
vt 0.682111323 0.745853126
vt 0.682111323 0.745853126
vt 0.613036573 0.814927876
vt 0.682111323 0.814927876
vt 0.613036573 0.745853126
vt 0.682111323 0.745853126
vt 0.682111323 0.745853126
vt 0.613036573 0.814927876
vt 0.613036573 0.814927876
vt 0.682111323 0.814927876
vt 0.613036573 0.745853126
vt 0.613036573 0.814927876
vt 0.682111323 0.745853126
vt 0.682111323 0.745853126
vt 0.613036573 0.814927876
vt 0.682111323 0.814927876
vt 0.613036573 0.745853126
vt 0.682111323 0.745853126
vt 0.682111323 0.745853126
vt 0.682111323 0.814927876
vt 0.682111323 0.814927876
vt 0.682111323 0.745853126
vt 0.613036573 0.814927876
vt 0.682111323 0.814927876
vt 0.613036573 0.745853126
vt 0.682111323 0.745853126
vt 0.613036573 0.814927876
vt 0.682111323 0.814927876
vt 0.613036573 0.745853126
vt 0.613036573 0.745853126
vt 0.682111323 0.814927876
vt 0.682111323 0.745853126
vt 0.613036573 0.814927876
vt 0.682111323 0.814927876
vt 0.613036573 0.745853126
vt 0.613036573 0.814927876
vt 0.682111323 0.745853126
vt 0.682111323 0.814927876
vt 0.682111323 0.814927876
vt 0.613036573 0.814927876
vt 0.613036573 0.814927876
vt 0.682111323 0.745853126
vt 0.613036573 0.814927876
vt 0.682111323 0.814927876
vt 0.613036573 0.745853126
vt 0.682111323 0.745853126
vt 0.613036573 0.814927876
vt 0.682111323 0.814927876
vt 0.613036573 0.745853126
vt 0.682111323 0.745853126
vt 0.613036573 0.814927876
vt 0.682111323 0.814927876
vt 0.613036573 0.745853126
vt 0.682111323 0.814927876
vt 0.613036573 0.745853126
vt 0.613036573 0.814927876
vt 0.682111323 0.745853126
vt 0.613036573 0.745853126
vt 0.682111323 0.814927876
vt 0.682111323 0.745853126
vt 0.613036573 0.814927876
vt 0.682111323 0.814927876
vt 0.613036573 0.745853126
vt 0.613036573 0.814927876
vt 0.682111323 0.745853126
vt 0.682111323 0.814927876
vt 0.682111323 0.814927876
vt 0.613036573 0.814927876
vt 0.613036573 0.814927876
vt 0.682111323 0.745853126
vt 0.613036573 0.814927876
vt 0.682111323 0.814927876
vt 0.613036573 0.745853126
vt 0.613036573 0.814927876
vt 0.682111323 0.814927876
vt 0.613036573 0.745853126
vt 0.682111323 0.745853126
vt 0.682111323 0.814927876
vt 0.613036573 0.745853126
vt 0.613036573 0.814927876
vt 0.682111323 0.745853126
vt 0.682111323 0.745853126
vt 0.613036573 0.814927876
vt 0.682111323 0.814927876
vt 0.613036573 0.745853126
vt 0.682111323 0.745853126
vt 0.613036573 0.814927876
vt 0.682111323 0.814927876
vt 0.613036573 0.745853126
vt 0.682111323 0.814927876
vt 0.613036573 0.745853126
vt 0.613036573 0.814927876
vt 0.682111323 0.745853126
vt 0.613036573 0.745853126
vt 0.682111323 0.814927876
vt 0.682111323 0.745853126
vt 0.613036573 0.814927876
vt 0.682111323 0.814927876
vt 0.682111323 0.745853126
vt 0.613036573 0.814927876
vt 0.613036573 0.745853126
vt 0.682111323 0.745853126
vt 0.613036573 0.814927876
vt 0.682111323 0.814927876
vt 0.613036573 0.745853126
vt 0.682111323 0.814927876
vt 0.613036573 0.745853126
vt 0.613036573 0.814927876
vt 0.682111323 0.745853126
vt 0.682111323 0.745853126
vt 0.613036573 0.814927876
vt 0.682111323 0.814927876
vt 0.613036573 0.745853126
vt 0.613036573 0.745853126
vt 0.682111323 0.814927876
vt 0.682111323 0.745853126
vt 0.613036573 0.814927876
vt 0.682111323 0.745853126
vt 0.613036573 0.814927876
vt 0.682111323 0.814927876
vt 0.613036573 0.745853126
vt 0.682111323 0.745853126
vt 0.613036573 0.814927876
vt 0.682111323 0.814927876
vt 0.613036573 0.745853126
vt 0.613036573 0.745853126
vt 0.682111323 0.814927876
vt 0.682111323 0.745853126
vt 0.613036573 0.814927876
vt 0.613036573 0.814927876
vt 0.682111323 0.745853126
vt 0.613036573 0.745853126
vt 0.682111323 0.814927876
vt 0.682111323 0.745853126
vt 0.613036573 0.814927876
vt 0.682111323 0.814927876
vt 0.613036573 0.745853126
vt 0.682111323 0.745853126
vt 0.613036573 0.814927876
vt 0.682111323 0.814927876
vt 0.613036573 0.745853126
vt 0.613036573 0.814927876
vt 0.682111323 0.814927876
vt 0.613036573 0.745853126
vt 0.682111323 0.745853126
vt 0.682111323 0.745853126
vt 0.613036573 0.814927876
vt 0.682111323 0.814927876
vt 0.613036573 0.745853126
vt 0.682111323 0.745853126
vt 0.613036573 0.814927876
vt 0.682111323 0.814927876
vt 0.613036573 0.745853126
vt 0.613036573 0.745853126
vt 0.682111323 0.814927876
vt 0.682111323 0.745853126
vt 0.613036573 0.814927876
vt 0.682111323 0.745853126
vt 0.613036573 0.814927876
vt 0.682111323 0.814927876
vt 0.613036573 0.745853126
vt 0.682111323 0.745853126
vt 0.613036573 0.814927876
vt 0.682111323 0.814927876
vt 0.613036573 0.745853126
vt 0.682111323 0.745853126
vt 0.613036573 0.814927876
vt 0.682111323 0.814927876
vt 0.613036573 0.745853126
vt 0.682111323 0.745853126
vt 0.613036573 0.814927876
vt 0.682111323 0.814927876
vt 0.613036573 0.745853126
vt 0.682111323 0.745853126
vt 0.613036573 0.814927876
vt 0.682111323 0.814927876
vt 0.613036573 0.745853126
vt 0.613036573 0.745853126
vt 0.682111323 0.814927876
vt 0.682111323 0.745853126
vt 0.613036573 0.814927876
vt 0.682111323 0.814927876
vt 0.613036573 0.745853126
vt 0.613036573 0.814927876
vt 0.682111323 0.745853126
vt 0.682111323 0.745853126
vt 0.613036573 0.814927876
vt 0.682111323 0.814927876
vt 0.613036573 0.745853126
vt 0.682111323 0.745853126
vt 0.613036573 0.814927876
vt 0.682111323 0.814927876
vt 0.613036573 0.745853126
vt 0.613036573 0.814927876
vt 0.682111323 0.745853126
vt 0.613036573 0.745853126
vt 0.682111323 0.814927876
vt 0.682111323 0.814927876
vt 0.682111323 0.745853126
vt 0.613036573 0.814927876
vt 0.613036573 0.745853126
vt 0.682111323 0.745853126
vt 0.613036573 0.814927876
vt 0.682111323 0.814927876
vt 0.613036573 0.745853126
vt 0.682111323 0.745853126
vt 0.613036573 0.814927876
vt 0.682111323 0.814927876
vt 0.613036573 0.745853126
vt 0.613036573 0.745853126
vt 0.682111323 0.814927876
vt 0.682111323 0.814927876
vt 0.613036573 0.814927876
vt 0.613036573 0.745853126
vt 0.682111323 0.814927876
vt 0.682111323 0.745853126
vt 0.613036573 0.814927876
vt 0.682111323 0.745853126
vt 0.682111323 0.745853126
vt 0.682111323 0.814927876
vt 0.682111323 0.814927876
vt 0.613036573 0.745853126
vt 0.613036573 0.745853126
vt 0.682111323 0.814927876
vt 0.682111323 0.814927876
vt 0.682111323 0.745853126
vt 0.613036573 0.814927876
vt 0.682111323 0.814927876
vt 0.613036573 0.745853126
vt 0.682111323 0.745853126
vt 0.613036573 0.814927876
vt 0.682111323 0.814927876
vt 0.613036573 0.745853126
vt 0.682111323 0.745853126
vt 0.613036573 0.814927876
vt 0.682111323 0.814927876
vt 0.613036573 0.745853126
vt 0.682111323 0.745853126
vt 0.613036573 0.814927876
vt 0.682111323 0.814927876
vt 0.613036573 0.745853126
vt 0.613036573 0.745853126
vt 0.682111323 0.814927876
vt 0.682111323 0.745853126
vt 0.613036573 0.814927876
vt 0.682111323 0.745853126
vt 0.613036573 0.814927876
vt 0.682111323 0.814927876
vt 0.613036573 0.745853126
vt 0.682111323 0.745853126
vt 0.613036573 0.814927876
vt 0.682111323 0.814927876
vt 0.613036573 0.745853126
vt 0.682111323 0.745853126
vt 0.682111323 0.745853126
vt 0.682111323 0.814927876
vt 0.682111323 0.814927876
vt 0.682111323 0.745853126
vt 0.613036573 0.814927876
vt 0.682111323 0.814927876
vt 0.613036573 0.745853126
vt 0.613036573 0.814927876
vt 0.682111323 0.745853126
vt 0.613036573 0.745853126
vt 0.682111323 0.814927876
vt 0.682111323 0.745853126
vt 0.613036573 0.814927876
vt 0.682111323 0.814927876
vt 0.613036573 0.745853126
vt 0.682111323 0.745853126
vt 0.613036573 0.814927876
vt 0.682111323 0.814927876
vt 0.613036573 0.745853126
vt 0.613036573 0.745853126
vt 0.682111323 0.814927876
vt 0.682111323 0.745853126
vt 0.613036573 0.814927876
vt 0.682111323 0.814927876
vt 0.613036573 0.745853126
vt 0.613036573 0.814927876
vt 0.682111323 0.745853126
vt 0.682111323 0.745853126
vt 0.613036573 0.814927876
vt 0.682111323 0.814927876
vt 0.613036573 0.745853126
vt 0.682111323 0.745853126
vt 0.613036573 0.814927876
vt 0.682111323 0.814927876
vt 0.613036573 0.745853126
vt 0.682111323 0.745853126
vt 0.613036573 0.814927876
vt 0.682111323 0.814927876
vt 0.613036573 0.745853126
vt 0.682111323 0.745853126
vt 0.613036573 0.814927876
vt 0.682111323 0.814927876
vt 0.613036573 0.745853126
vt 0.613036573 0.745853126
vt 0.682111323 0.814927876
vt 0.682111323 0.745853126
vt 0.613036573 0.814927876
vt 0.682111323 0.745853126
vt 0.613036573 0.814927876
vt 0.682111323 0.814927876
vt 0.613036573 0.745853126
vt 0.613036573 0.814927876
vt 0.682111323 0.745853126
vt 0.613036573 0.745853126
vt 0.682111323 0.814927876
vt 0.682111323 0.745853126
vt 0.613036573 0.814927876
vt 0.682111323 0.814927876
vt 0.613036573 0.745853126
vt 0.682111323 0.745853126
vt 0.613036573 0.814927876
vt 0.682111323 0.814927876
vt 0.613036573 0.745853126
vt 0.613036573 0.745853126
vt 0.682111323 0.814927876
vt 0.682111323 0.745853126
vt 0.613036573 0.814927876
vt 0.682111323 0.814927876
vt 0.613036573 0.745853126
vt 0.613036573 0.814927876
vt 0.682111323 0.745853126
vt 0.682111323 0.745853126
vt 0.613036573 0.814927876
vt 0.682111323 0.814927876
vt 0.613036573 0.745853126
vt 0.613036573 0.814927876
vt 0.682111323 0.745853126
vt 0.613036573 0.745853126
vt 0.682111323 0.814927876
vt 0.682111323 0.745853126
vt 0.613036573 0.814927876
vt 0.682111323 0.814927876
vt 0.613036573 0.745853126
vt 0.682111323 0.745853126
vt 0.613036573 0.814927876
vt 0.682111323 0.814927876
vt 0.613036573 0.745853126
vt 0.613036573 0.745853126
vt 0.682111323 0.814927876
vt 0.682111323 0.745853126
vt 0.613036573 0.814927876
vt 0.682111323 0.745853126
vt 0.613036573 0.814927876
vt 0.682111323 0.814927876
vt 0.613036573 0.745853126
vt 0.682111323 0.814927876
vt 0.613036573 0.745853126
vt 0.613036573 0.814927876
vt 0.682111323 0.745853126
vt 0.682111323 0.745853126
vt 0.613036573 0.814927876
vt 0.682111323 0.814927876
vt 0.613036573 0.745853126
vt 0.682111323 0.814927876
vt 0.613036573 0.745853126
vt 0.613036573 0.814927876
vt 0.682111323 0.745853126
vt 0.682111323 0.745853126
vt 0.613036573 0.814927876
vt 0.682111323 0.814927876
vt 0.613036573 0.745853126
vt 0.682111323 0.745853126
vt 0.613036573 0.814927876
vt 0.682111323 0.814927876
vt 0.613036573 0.745853126
vt 0.613036573 0.745853126
vt 0.682111323 0.814927876
vt 0.682111323 0.745853126
vt 0.613036573 0.814927876
vt 0.613036573 0.814927876
vt 0.682111323 0.745853126
vt 0.613036573 0.745853126
vt 0.682111323 0.814927876
vt 0.682111323 0.745853126
vt 0.613036573 0.814927876
vt 0.682111323 0.814927876
vt 0.613036573 0.745853126
vt 0.682111323 0.745853126
vt 0.682111323 0.814927876
vt 0.682111323 0.814927876
vt 0.682111323 0.814927876
vt 0.682111323 0.745853126
vt 0.613036573 0.814927876
vt 0.682111323 0.814927876
vt 0.613036573 0.745853126
vt 0.682111323 0.745853126
vt 0.613036573 0.814927876
vt 0.682111323 0.814927876
vt 0.613036573 0.745853126
vt 0.682111323 0.745853126
vt 0.613036573 0.814927876
vt 0.682111323 0.814927876
vt 0.613036573 0.745853126
vt 0.613036573 0.745853126
vt 0.682111323 0.814927876
vt 0.682111323 0.745853126
vt 0.613036573 0.814927876
vt 0.682111323 0.745853126
vt 0.613036573 0.814927876
vt 0.682111323 0.814927876
vt 0.613036573 0.745853126
vt 0.682111323 0.745853126
vt 0.613036573 0.814927876
vt 0.682111323 0.814927876
vt 0.613036573 0.745853126
vt 0.682111323 0.745853126
vt 0.613036573 0.814927876
vt 0.682111323 0.814927876
vt 0.613036573 0.745853126
vt 0.682111323 0.745853126
vt 0.613036573 0.814927876
vt 0.682111323 0.814927876
vt 0.613036573 0.745853126
vt 0.613036573 0.745853126
vt 0.613036573 0.814927876
vt 0.682111323 0.814927876
vt 0.682111323 0.745853126
vt 0.613036573 0.745853126
vt 0.682111323 0.814927876
vt 0.682111323 0.745853126
vt 0.613036573 0.814927876
vt 0.682111323 0.814927876
vt 0.682111323 0.814927876
vt 0.613036573 0.814927876
vt 0.682111323 0.745853126
vt 0.682111323 0.745853126
vt 0.613036573 0.814927876
vt 0.682111323 0.814927876
vt 0.613036573 0.745853126
vt 0.682111323 0.745853126
vt 0.613036573 0.814927876
vt 0.682111323 0.814927876
vt 0.613036573 0.745853126
vt 0.682111323 0.745853126
vt 0.613036573 0.814927876
vt 0.682111323 0.814927876
vt 0.613036573 0.745853126
vt 0.682111323 0.745853126
vt 0.613036573 0.814927876
vt 0.682111323 0.814927876
vt 0.613036573 0.745853126
vt 0.613036573 0.745853126
vt 0.682111323 0.814927876
vt 0.682111323 0.745853126
vt 0.613036573 0.814927876
vt 0.682111323 0.745853126
vt 0.682111323 0.745853126
vt 0.682111323 0.814927876
vt 0.682111323 0.814927876
vt 0.682111323 0.745853126
vt 0.613036573 0.814927876
vt 0.682111323 0.814927876
vt 0.613036573 0.745853126
vt 0.682111323 0.745853126
vt 0.613036573 0.814927876
vt 0.682111323 0.814927876
vt 0.613036573 0.745853126
vt 0.682111323 0.745853126
vt 0.613036573 0.814927876
vt 0.682111323 0.814927876
vt 0.613036573 0.745853126
vt 0.682111323 0.745853126
vt 0.613036573 0.814927876
vt 0.682111323 0.814927876
vt 0.613036573 0.745853126
vt 0.613036573 0.745853126
vt 0.682111323 0.814927876
vt 0.682111323 0.745853126
vt 0.613036573 0.814927876
vt 0.682111323 0.814927876
vt 0.613036573 0.745853126
vt 0.613036573 0.814927876
vt 0.682111323 0.745853126
vt 0.682111323 0.814927876
vt 0.682111323 0.745853126
vt 0.613036573 0.814927876
vt 0.613036573 0.745853126
vt 0.682111323 0.745853126
vt 0.613036573 0.745853126
vt 0.613036573 0.814927876
vt 0.682111323 0.814927876
vt 0.682111323 0.745853126
vt 0.613036573 0.745853126
vt 0.682111323 0.814927876
vt 0.613036573 0.814927876
vt 0.682111323 0.745853126
vt 0.613036573 0.814927876
vt 0.682111323 0.814927876
vt 0.613036573 0.745853126
vt 0.682111323 0.745853126
vt 0.613036573 0.814927876
vt 0.682111323 0.814927876
vt 0.613036573 0.745853126
vt 0.682111323 0.745853126
vt 0.613036573 0.814927876
vt 0.682111323 0.814927876
vt 0.613036573 0.745853126
vt 0.682111323 0.814927876
vt 0.613036573 0.745853126
vt 0.613036573 0.814927876
vt 0.682111323 0.745853126
vt 0.613036573 0.745853126
vt 0.682111323 0.814927876
vt 0.682111323 0.745853126
vt 0.613036573 0.814927876
vt 0.682111323 0.814927876
vt 0.682111323 0.745853126
vt 0.613036573 0.814927876
vt 0.613036573 0.745853126
vt 0.682111323 0.745853126
vt 0.613036573 0.814927876
vt 0.682111323 0.814927876
vt 0.613036573 0.745853126
vt 0.682111323 0.745853126
vt 0.613036573 0.814927876
vt 0.682111323 0.814927876
vt 0.613036573 0.745853126
vt 0.682111323 0.745853126
vt 0.613036573 0.814927876
vt 0.682111323 0.814927876
vt 0.613036573 0.745853126
vt 0.613036573 0.745853126
vt 0.682111323 0.814927876
vt 0.682111323 0.745853126
vt 0.613036573 0.814927876
vt 0.682111323 0.814927876
vt 0.682111323 0.814927876
vt 0.613036573 0.814927876
vt 0.613036573 0.814927876
vt 0.682111323 0.814927876
vt 0.613036573 0.814927876
vt 0.682111323 0.745853126
vt 0.613036573 0.814927876
vt 0.682111323 0.745853126
vt 0.613036573 0.814927876
vt 0.682111323 0.814927876
vt 0.613036573 0.745853126
vt 0.682111323 0.745853126
vt 0.613036573 0.814927876
vt 0.682111323 0.814927876
vt 0.613036573 0.745853126
vt 0.682111323 0.745853126
vt 0.613036573 0.814927876
vt 0.682111323 0.814927876
vt 0.613036573 0.745853126
vt 0.682111323 0.745853126
vt 0.613036573 0.814927876
vt 0.682111323 0.814927876
vt 0.613036573 0.745853126
vt 0.613036573 0.745853126
vt 0.682111323 0.814927876
vt 0.682111323 0.745853126
vt 0.613036573 0.814927876
vt 0.682111323 0.814927876
vt 0.682111323 0.814927876
vt 0.613036573 0.814927876
vt 0.613036573 0.814927876
vt 0.682111323 0.814927876
vt 0.682111323 0.814927876
vt 0.613036573 0.814927876
vt 0.613036573 0.814927876
vt 0.682111323 0.745853126
vt 0.613036573 0.814927876
vt 0.682111323 0.814927876
vt 0.613036573 0.745853126
vt 0.682111323 0.745853126
vt 0.613036573 0.745853126
vt 0.613036573 0.814927876
vt 0.682111323 0.814927876
vt 0.682111323 0.814927876
vt 0.613036573 0.745853126
vt 0.613036573 0.814927876
vt 0.682111323 0.745853126
vt 0.682111323 0.745853126
vt 0.613036573 0.814927876
vt 0.682111323 0.814927876
vt 0.613036573 0.745853126
vt 0.682111323 0.745853126
vt 0.613036573 0.814927876
vt 0.682111323 0.814927876
vt 0.613036573 0.745853126
vt 0.613036573 0.745853126
vt 0.682111323 0.814927876
vt 0.682111323 0.745853126
vt 0.613036573 0.814927876
vt 0.682111323 0.814927876
vt 0.682111323 0.814927876
vt 0.613036573 0.814927876
vt 0.613036573 0.814927876
vt 0.682111323 0.814927876
vt 0.613036573 0.745853126
vt 0.613036573 0.814927876
vt 0.682111323 0.745853126
vt 0.682111323 0.745853126
vt 0.613036573 0.814927876
vt 0.682111323 0.814927876
vt 0.613036573 0.745853126
vt 0.613036573 0.745853126
vt 0.613036573 0.745853126
vt 0.682111323 0.814927876
vt 0.682111323 0.814927876
vt 0.682111323 0.745853126
vt 0.613036573 0.814927876
vt 0.682111323 0.814927876
vt 0.613036573 0.745853126
vt 0.682111323 0.745853126
vt 0.613036573 0.814927876
vt 0.682111323 0.814927876
vt 0.613036573 0.745853126
vt 0.682111323 0.745853126
vt 0.613036573 0.814927876
vt 0.682111323 0.814927876
vt 0.613036573 0.745853126
vt 0.613036573 0.745853126
vt 0.682111323 0.814927876
vt 0.682111323 0.745853126
vt 0.613036573 0.814927876
vt 0.682111323 0.745853126
vt 0.613036573 0.814927876
vt 0.682111323 0.814927876
vt 0.613036573 0.745853126
vt 0.682111323 0.814927876
vt 0.613036573 0.745853126
vt 0.613036573 0.814927876
vt 0.682111323 0.745853126
vt 0.682111323 0.745853126
vt 0.613036573 0.814927876
vt 0.682111323 0.814927876
vt 0.613036573 0.745853126
vt 0.682111323 0.814927876
vt 0.613036573 0.745853126
vt 0.613036573 0.814927876
vt 0.682111323 0.745853126
vt 0.682111323 0.745853126
vt 0.613036573 0.814927876
vt 0.682111323 0.814927876
vt 0.613036573 0.745853126
vt 0.682111323 0.814927876
vt 0.613036573 0.745853126
vt 0.613036573 0.814927876
vt 0.682111323 0.745853126
vt 0.613036573 0.814927876
vt 0.613036573 0.745853126
vt 0.682111323 0.745853126
vt 0.613036573 0.814927876
vt 0.682111323 0.814927876
vt 0.613036573 0.745853126
vt 0.682111323 0.745853126
vt 0.613036573 0.814927876
vt 0.682111323 0.814927876
vt 0.613036573 0.745853126
vt 0.613036573 0.745853126
vt 0.682111323 0.814927876
vt 0.682111323 0.745853126
vt 0.613036573 0.814927876
vt 0.682111323 0.814927876
vt 0.682111323 0.745853126
vt 0.682111323 0.745853126
vt 0.613036573 0.814927876
vt 0.682111323 0.745853126
vt 0.613036573 0.814927876
vt 0.682111323 0.814927876
vt 0.613036573 0.745853126
vt 0.682111323 0.814927876
vt 0.682111323 0.814927876
vt 0.613036573 0.814927876
vt 0.613036573 0.814927876
vt 0.682111323 0.745853126
vt 0.613036573 0.814927876
vt 0.682111323 0.814927876
vt 0.613036573 0.745853126
vt 0.682111323 0.745853126
vt 0.613036573 0.814927876
vt 0.682111323 0.814927876
vt 0.613036573 0.745853126
vt 0.682111323 0.745853126
vt 0.613036573 0.814927876
vt 0.682111323 0.814927876
vt 0.613036573 0.745853126
vt 0.682111323 0.745853126
vt 0.613036573 0.814927876
vt 0.682111323 0.814927876
vt 0.613036573 0.745853126
vt 0.682111323 0.745853126
vt 0.613036573 0.814927876
vt 0.682111323 0.814927876
vt 0.613036573 0.745853126
vt 0.682111323 0.745853126
vt 0.613036573 0.814927876
vt 0.613036573 0.814927876
vt 0.613036573 0.814927876
vt 0.682111323 0.745853126
vt 0.613036573 0.814927876
vt 0.682111323 0.814927876
vt 0.613036573 0.745853126
vt 0.682111323 0.814927876
vt 0.613036573 0.745853126
vt 0.682111323 0.814927876
vt 0.682111323 0.814927876
vt 0.613036573 0.814927876
vt 0.682111323 0.745853126
vt 0.613036573 0.814927876
vt 0.682111323 0.814927876
vt 0.613036573 0.745853126
vt 0.682111323 0.814927876
vt 0.613036573 0.745853126
vt 0.613036573 0.814927876
vt 0.682111323 0.745853126
vt 0.682111323 0.745853126
vt 0.613036573 0.814927876
vt 0.682111323 0.814927876
vt 0.613036573 0.745853126
vt 0.682111323 0.814927876
vt 0.613036573 0.745853126
vt 0.613036573 0.814927876
vt 0.682111323 0.745853126
vt 0.682111323 0.745853126
vt 0.613036573 0.814927876
vt 0.682111323 0.814927876
vt 0.613036573 0.745853126
vt 0.682111323 0.745853126
vt 0.613036573 0.814927876
vt 0.682111323 0.814927876
vt 0.613036573 0.745853126
vt 0.613036573 0.745853126
vt 0.682111323 0.814927876
vt 0.682111323 0.745853126
vt 0.613036573 0.814927876
vt 0.613036573 0.814927876
vt 0.682111323 0.745853126
vt 0.613036573 0.745853126
vt 0.682111323 0.814927876
vt 0.682111323 0.745853126
vt 0.613036573 0.814927876
vt 0.682111323 0.814927876
vt 0.613036573 0.745853126
vt 0.682111323 0.745853126
vt 0.613036573 0.814927876
vt 0.682111323 0.814927876
vt 0.613036573 0.745853126
vt 0.682111323 0.745853126
vt 0.613036573 0.814927876
vt 0.682111323 0.814927876
vt 0.613036573 0.745853126
vt 0.682111323 0.814927876
vt 0.682111323 0.745853126
vt 0.613036573 0.814927876
vt 0.613036573 0.745853126
vt 0.682111323 0.814927876
vt 0.613036573 0.745853126
vt 0.613036573 0.814927876
vt 0.682111323 0.745853126
vt 0.682111323 0.745853126
vt 0.613036573 0.814927876
vt 0.682111323 0.814927876
vt 0.613036573 0.745853126
vt 0.613036573 0.745853126
vt 0.682111323 0.814927876
vt 0.682111323 0.745853126
vt 0.613036573 0.814927876
vt 0.682111323 0.745853126
vt 0.613036573 0.814927876
vt 0.682111323 0.814927876
vt 0.613036573 0.745853126
vt 0.682111323 0.745853126
vt 0.613036573 0.814927876
vt 0.682111323 0.814927876
vt 0.613036573 0.745853126
vt 0.682111323 0.745853126
vt 0.613036573 0.814927876
vt 0.682111323 0.814927876
vt 0.613036573 0.745853126
vt 0.682111323 0.814927876
vt 0.613036573 0.745853126
vt 0.613036573 0.814927876
vt 0.682111323 0.745853126
vt 0.682111323 0.745853126
vt 0.613036573 0.814927876
vt 0.682111323 0.814927876
vt 0.613036573 0.745853126
vt 0.613036573 0.745853126
vt 0.682111323 0.814927876
vt 0.682111323 0.745853126
vt 0.613036573 0.814927876
vt 0.682111323 0.745853126
vt 0.613036573 0.814927876
vt 0.682111323 0.814927876
vt 0.613036573 0.745853126
vt 0.682111323 0.745853126
vt 0.613036573 0.814927876
vt 0.682111323 0.814927876
vt 0.613036573 0.745853126
vt 0.682111323 0.745853126
vt 0.613036573 0.814927876
vt 0.682111323 0.814927876
vt 0.613036573 0.745853126
vt 0.682111323 0.745853126
vt 0.613036573 0.814927876
vt 0.682111323 0.814927876
vt 0.613036573 0.745853126
vt 0.682111323 0.814927876
vt 0.613036573 0.745853126
vt 0.613036573 0.814927876
vt 0.682111323 0.745853126
vt 0.682111323 0.814927876
vt 0.613036573 0.745853126
vt 0.613036573 0.814927876
vt 0.682111323 0.745853126
vt 0.682111323 0.745853126
vt 0.613036573 0.814927876
vt 0.682111323 0.814927876
vt 0.613036573 0.745853126
vt 0.682111323 0.745853126
vt 0.613036573 0.814927876
vt 0.682111323 0.814927876
vt 0.613036573 0.745853126
vt 0.682111323 0.745853126
vt 0.613036573 0.814927876
vt 0.682111323 0.814927876
vt 0.613036573 0.745853126
vt 0.682111323 0.814927876
vt 0.613036573 0.745853126
vt 0.613036573 0.814927876
vt 0.682111323 0.745853126
vt 0.682111323 0.745853126
vt 0.613036573 0.814927876
vt 0.682111323 0.814927876
vt 0.613036573 0.745853126
vt 0.613036573 0.745853126
vt 0.682111323 0.814927876
vt 0.682111323 0.745853126
vt 0.613036573 0.814927876
vt 0.682111323 0.745853126
vt 0.613036573 0.814927876
vt 0.682111323 0.814927876
vt 0.613036573 0.745853126
vt 0.682111323 0.745853126
vt 0.613036573 0.814927876
vt 0.682111323 0.814927876
vt 0.613036573 0.745853126
vt 0.682111323 0.814927876
vt 0.613036573 0.745853126
vt 0.613036573 0.814927876
vt 0.682111323 0.745853126
vt 0.682111323 0.745853126
vt 0.613036573 0.814927876
vt 0.682111323 0.814927876
vt 0.613036573 0.745853126
vt 0.682111323 0.745853126
vt 0.613036573 0.814927876
vt 0.682111323 0.814927876
vt 0.613036573 0.745853126
vt 0.613036573 0.745853126
vt 0.682111323 0.814927876
vt 0.682111323 0.745853126
vt 0.613036573 0.814927876
vt 0.682111323 0.814927876
vt 0.613036573 0.745853126
vt 0.613036573 0.814927876
vt 0.682111323 0.745853126
vt 0.682111323 0.745853126
vt 0.613036573 0.814927876
vt 0.682111323 0.814927876
vt 0.613036573 0.745853126
vt 0.682111323 0.745853126
vt 0.613036573 0.814927876
vt 0.682111323 0.814927876
vt 0.613036573 0.745853126
vt 0.613036573 0.814927876
vt 0.613036573 0.745853126
vt 0.613036573 0.745853126
vt 0.682111323 0.745853126
vt 0.682111323 0.745853126
vt 0.682111323 0.814927876
vt 0.682111323 0.745853126
vt 0.613036573 0.814927876
vt 0.682111323 0.814927876
vt 0.613036573 0.745853126
vt 0.682111323 0.745853126
vt 0.613036573 0.814927876
vt 0.682111323 0.814927876
vt 0.613036573 0.745853126
vt 0.682111323 0.745853126
vt 0.613036573 0.814927876
vt 0.682111323 0.814927876
vt 0.613036573 0.745853126
vt 0.682111323 0.745853126
vt 0.613036573 0.814927876
vt 0.682111323 0.814927876
vt 0.613036573 0.745853126
vt 0.613036573 0.745853126
vt 0.682111323 0.814927876
vt 0.682111323 0.745853126
vt 0.613036573 0.814927876
vt 0.682111323 0.814927876
vt 0.613036573 0.745853126
vt 0.613036573 0.814927876
vt 0.682111323 0.745853126
vt 0.682111323 0.745853126
vt 0.613036573 0.814927876
vt 0.682111323 0.814927876
vt 0.613036573 0.745853126
vt 0.682111323 0.745853126
vt 0.613036573 0.814927876
vt 0.682111323 0.814927876
vt 0.613036573 0.745853126
vt 0.682111323 0.814927876
vt 0.682111323 0.814927876
vt 0.613036573 0.814927876
vt 0.613036573 0.814927876
vt 0.682111323 0.745853126
vt 0.613036573 0.814927876
vt 0.682111323 0.814927876
vt 0.613036573 0.745853126
vt 0.613036573 0.814927876
vt 0.613036573 0.745853126
vt 0.613036573 0.745853126
vt 0.682111323 0.745853126
vt 0.682111323 0.745853126
vt 0.682111323 0.814927876
vt 0.682111323 0.745853126
vt 0.613036573 0.814927876
vt 0.682111323 0.814927876
vt 0.613036573 0.745853126
vt 0.613036573 0.745853126
vt 0.682111323 0.814927876
vt 0.682111323 0.745853126
vt 0.613036573 0.814927876
vt 0.682111323 0.745853126
vt 0.613036573 0.814927876
vt 0.682111323 0.814927876
vt 0.613036573 0.745853126
vt 0.682111323 0.745853126
vt 0.613036573 0.814927876
vt 0.682111323 0.814927876
vt 0.613036573 0.745853126
vt 0.682111323 0.745853126
vt 0.613036573 0.814927876
vt 0.682111323 0.814927876
vt 0.613036573 0.745853126
vt 0.682111323 0.745853126
vt 0.613036573 0.814927876
vt 0.682111323 0.814927876
vt 0.613036573 0.745853126
vt 0.682111323 0.745853126
vt 0.613036573 0.814927876
vt 0.682111323 0.814927876
vt 0.613036573 0.745853126
vt 0.682111323 0.745853126
vt 0.613036573 0.814927876
vt 0.682111323 0.814927876
vt 0.613036573 0.745853126
vt 0.613036573 0.745853126
vt 0.682111323 0.814927876
vt 0.682111323 0.745853126
vt 0.613036573 0.814927876
vt 0.682111323 0.745853126
vt 0.613036573 0.814927876
vt 0.682111323 0.814927876
vt 0.613036573 0.745853126
vt 0.682111323 0.745853126
vt 0.613036573 0.814927876
vt 0.682111323 0.814927876
vt 0.613036573 0.745853126
vt 0.682111323 0.745853126
vt 0.613036573 0.814927876
vt 0.682111323 0.814927876
vt 0.613036573 0.745853126
vt 0.682111323 0.745853126
vt 0.613036573 0.814927876
vt 0.682111323 0.814927876
vt 0.613036573 0.745853126
vt 0.682111323 0.745853126
vt 0.613036573 0.814927876
vt 0.682111323 0.814927876
vt 0.613036573 0.745853126
vt 0.682111323 0.745853126
vt 0.613036573 0.814927876
vt 0.682111323 0.814927876
vt 0.613036573 0.745853126
vt 0.613036573 0.745853126
vt 0.682111323 0.814927876
vt 0.682111323 0.745853126
vt 0.613036573 0.814927876
vt 0.682111323 0.745853126
vt 0.613036573 0.814927876
vt 0.682111323 0.814927876
vt 0.613036573 0.745853126
vt 0.682111323 0.745853126
vt 0.613036573 0.814927876
vt 0.682111323 0.814927876
vt 0.613036573 0.745853126
vt 0.682111323 0.814927876
vt 0.613036573 0.745853126
vt 0.613036573 0.814927876
vt 0.682111323 0.745853126
vt 0.682111323 0.745853126
vt 0.682111323 0.745853126
vt 0.682111323 0.814927876
vt 0.682111323 0.814927876
vt 0.682111323 0.745853126
vt 0.613036573 0.814927876
vt 0.682111323 0.814927876
vt 0.613036573 0.745853126
vt 0.613036573 0.745853126
vt 0.682111323 0.814927876
vt 0.682111323 0.814927876
vt 0.613036573 0.814927876
vt 0.682111323 0.745853126
vt 0.613036573 0.814927876
vt 0.682111323 0.814927876
vt 0.613036573 0.745853126
vt 0.613036573 0.745853126
vt 0.682111323 0.814927876
vt 0.682111323 0.745853126
vt 0.613036573 0.814927876
vt 0.682111323 0.745853126
vt 0.613036573 0.814927876
vt 0.682111323 0.814927876
vt 0.613036573 0.745853126
vt 0.682111323 0.745853126
vt 0.613036573 0.814927876
vt 0.682111323 0.814927876
vt 0.613036573 0.745853126
vt 0.682111323 0.814927876
vt 0.682111323 0.745853126
vt 0.613036573 0.814927876
vt 0.613036573 0.745853126
vt 0.682111323 0.745853126
vt 0.613036573 0.814927876
vt 0.682111323 0.814927876
vt 0.613036573 0.745853126
vt 0.682111323 0.745853126
vt 0.613036573 0.814927876
vt 0.682111323 0.814927876
vt 0.613036573 0.745853126
vt 0.682111323 0.745853126
vt 0.613036573 0.814927876
vt 0.682111323 0.814927876
vt 0.613036573 0.745853126
vt 0.682111323 0.814927876
vt 0.613036573 0.745853126
vt 0.613036573 0.814927876
vt 0.682111323 0.745853126
vt 0.682111323 0.745853126
vt 0.613036573 0.814927876
vt 0.682111323 0.814927876
vt 0.613036573 0.745853126
vt 0.613036573 0.745853126
vt 0.682111323 0.814927876
vt 0.682111323 0.745853126
vt 0.613036573 0.814927876
vt 0.613036573 0.745853126
vt 0.613036573 0.814927876
vt 0.682111323 0.814927876
vt 0.682111323 0.745853126
vt 0.682111323 0.745853126
vt 0.613036573 0.814927876
vt 0.682111323 0.814927876
vt 0.613036573 0.745853126
vt 0.682111323 0.745853126
vt 0.613036573 0.814927876
vt 0.682111323 0.814927876
vt 0.613036573 0.745853126
vt 0.682111323 0.814927876
vt 0.613036573 0.745853126
vt 0.613036573 0.814927876
vt 0.682111323 0.745853126
vt 0.682111323 0.745853126
vt 0.613036573 0.814927876
vt 0.682111323 0.814927876
vt 0.613036573 0.745853126
vt 0.682111323 0.814927876
vt 0.682111323 0.745853126
vt 0.613036573 0.814927876
vt 0.613036573 0.745853126
vt 0.682111323 0.745853126
vt 0.613036573 0.814927876
vt 0.682111323 0.814927876
vt 0.613036573 0.745853126
vt 0.613036573 0.745853126
vt 0.682111323 0.814927876
vt 0.682111323 0.745853126
vt 0.613036573 0.814927876
vt 0.682111323 0.745853126
vt 0.613036573 0.814927876
vt 0.682111323 0.814927876
vt 0.613036573 0.745853126
vt 0.682111323 0.745853126
vt 0.613036573 0.814927876
vt 0.682111323 0.814927876
vt 0.613036573 0.745853126
vt 0.652608871 0.775355577
vt 0.642539024 0.785425425
vt 0.652608871 0.785425425
vt 0.642539024 0.775355577
vt 0.652608871 0.775355577
vt 0.642539024 0.785425425
vt 0.652608871 0.785425425
vt 0.642539024 0.775355577
vt 0.652608871 0.775355577
vt 0.642539024 0.785425425
vt 0.652608871 0.785425425
vt 0.642539024 0.775355577
vt 0.652608871 0.775355577
vt 0.642539024 0.785425425
vt 0.652608871 0.785425425
vt 0.642539024 0.775355577
vt 0.652608871 0.775355577
vt 0.642539024 0.785425425
vt 0.652608871 0.785425425
vt 0.642539024 0.775355577
vt 0.652608871 0.775355577
vt 0.642539024 0.785425425
vt 0.652608871 0.775355577
vt 0.652608871 0.775355577
vt 0.123673059 0.290271938
vt 0.123398691 0.290271938
vt 0.123673059 0.291243881
vt 0.123397671 0.291243881
vt 0.123397671 0.290271938
vt 0.123381481 0.291243881
vt 0.123381481 0.290271938
vt 0.123219483 0.291243881
vt 0.123219483 0.290271938
vt 0.12318708 0.291243881
vt 0.12318708 0.290271938
vt 0.122636333 0.290466338
vt 0.122636333 0.290271938
vt 0.122636333 0.29085511
vt 0.122636333 0.291243881
vt 0.1215996 0.29085511
vt 0.1215996 0.290466338
vt 0.123397671 0.291438282
vt 0.123398185 0.291632652
vt 0.123673059 0.291438282
vt 0.123673059 0.291632652
vt 0.123397671 0.290271938
vt 0.123397671 0.291243881
vt 0.123398691 0.290271938
vt 0.123397671 0.290174752
vt 0.123381481 0.290271938
vt 0.123381481 0.290174752
vt 0.123397671 0.290077567
vt 0.123398691 0.290077567
vt 0.123349085 0.290077567
vt 0.123349085 0.290174752
vt 0.123381481 0.291243881
vt 0.123397671 0.291438282
vt 0.123381481 0.291438282
vt 0.123397671 0.291632652
vt 0.123398185 0.291632652
vt 0.123349085 0.291632652
vt 0.123349085 0.291438282
vt 0.123673059 0.290077567
vt 0.123398691 0.290077567
vt 0.123673059 0.290174752
vt 0.123397671 0.290174752
vt 0.123219483 0.291438282
vt 0.12328428 0.291632652
vt 0.12328428 0.291438282
vt 0.12318708 0.291632652
vt 0.123170897 0.291632652
vt 0.122636333 0.291438282
vt 0.122636333 0.291632652
vt 0.12318708 0.291438282
vt 0.12318708 0.291632652
vt 0.12318708 0.291438282
vt 0.123170897 0.291632652
vt 0.123219483 0.291438282
vt 0.123219483 0.291243881
vt 0.12318708 0.291243881
vt 0.12328428 0.290077567
vt 0.123219483 0.290174752
vt 0.12328428 0.290174752
vt 0.12318708 0.290077567
vt 0.12318708 0.290174752
vt 0.123170897 0.290077567
vt 0.123162799 0.290077567
vt 0.12318708 0.290271938
vt 0.123219483 0.290271938
vt 0.12318708 0.290174752
vt 0.123162799 0.290077567
vt 0.122636333 0.290174752
vt 0.122636333 0.290077567
vt 0.144768924 0.775387526
vt 0.144768924 0.763981342
vt 0.0834293067 0.744819045
vt 0.144768924 0.763921976
vt 0.0987641513 0.749490857
vt 0.0834293067 0.744819045
vt 0.114099115 0.754400194
vt 0.114099115 0.75416255
vt 0.144768924 0.763506114
vt 0.600614369 0.744334698
vt 0.603814423 0.743887901
vt 0.597503364 0.740504146
vt 0.575726807 0.713690162
vt 0.104011029 0.787097812
vt 0.124288648 0.775691688
vt 0.104011029 0.775691688
vt 0.124288648 0.806108057
vt 0.104011029 0.788998842
vt 0.104011029 0.806108057
vt 0.884117126 0.754481614
vt 0.884433985 0.754481614
vt 0.884117126 0.754481614
vt 0.884433985 0.754481614
vt 0.884909272 0.760659933
vt 0.884750843 0.760659933
vt 0.884909272 0.760659933
vt 0.884750843 0.760659933
vt 0.625620782 0.759770989
vt 0.625610769 0.744562805
vt 0.625610769 0.759770989
vt 0.625620782 0.744562805
vt 0.62566036 0.759770989
vt 0.62566036 0.744562805
vt 0.625501931 0.744562805
vt 0.625501931 0.759770989
vt 0.625581086 0.759770989
vt 0.625586092 0.744562805
vt 0.625586092 0.759770989
vt 0.625600874 0.744562805
vt 0.625600874 0.759770989
vt 0.884433985 0.761610448
vt 0.884117126 0.761610448
vt 0.865550518 0.741478622
vt 0.85350275 0.728057384
vt 0.88391912 0.761610448
vt 0.847379863 0.721346796
vt 0.883879542 0.761610448
vt 0.871633768 0.74818927
vt 0.835134149 0.707925558
vt 0.88126564 0.761610448
vt 0.883800268 0.761610448
vt 0.600614369 0.744334698
vt 0.603814423 0.743887901
vt 0.597503364 0.740504146
vt 0.575726807 0.713690162
vt 0.883800268 0.754006386
vt 0.88126564 0.754006386
vt 0.88126564 0.754006386
vt 0.883800268 0.754006386
vt 0.883800268 0.754006386
vt 0.88126564 0.754006386
vt 0.883839965 0.754006386
vt 0.883839965 0.754006386
vt 0.883879542 0.754006386
vt 0.883879542 0.754006386
vt 0.883958697 0.754006386
vt 0.883958697 0.754006386
vt 0.884117126 0.754006386
vt 0.884433985 0.754006386
vt 0.884433985 0.754006386
vt 0.884117126 0.754481614
vt 0.884117126 0.754481614
vt 0.884433985 0.754481614
vt 0.884433985 0.754481614
vt 0.885067701 0.754006386
vt 0.886335015 0.754006386
vt 0.885067701 0.754006386
vt 0.885067701 0.754006386
vt 0.886335015 0.754006386
vt 0.88501811 0.754006386
vt 0.884993434 0.754006386
vt 0.885008216 0.754006386
vt 0.884993434 0.754006386
vt 0.884988427 0.754006386
vt 0.884988427 0.754006386
vt 0.884909272 0.754006386
vt 0.884750843 0.754006386
vt 0.884750843 0.754006386
vt 0.884909272 0.754006386
vt 0.835134149 0.707925558
vt 0.835134149 0.707925558
vt 0.835134149 0.707925558
vt 0.835134149 0.707925558
vt 0.835134149 0.707925558
vt 0.835134149 0.707925558
vt 0.615398467 0.774151742
vt 0.615398467 0.774151742
vt 0.615398467 0.77462697
vt 0.615398467 0.77462697
vt 0.615398467 0.774151742
vt 0.615398467 0.774151742
vt 0.886335015 0.754956901
vt 0.885028124 0.754956901
vt 0.886335015 0.754956901
vt 0.884993434 0.754956901
vt 0.884993434 0.754956901
vt 0.883958697 0.754956901
vt 0.883958697 0.754956901
vt 0.88126564 0.754956901
vt 0.88126564 0.754956901
vt 0.62559098 0.767375052
vt 0.625583589 0.767375052
vt 0.62559098 0.774979174
vt 0.625581086 0.767375052
vt 0.625501931 0.774979174
vt 0.625501931 0.767375052
vt 0.102094978 0.762099385
vt 0.120879382 0.779379666
vt 0.114637703 0.773619533
vt 0.108396024 0.767859459
vt 0.0834293067 0.744819045
vt 0.107920796 0.760255337
vt 0.129560798 0.790899873
vt 0.624392927 0.759770989
vt 0.624392927 0.744562805
vt 0.624392927 0.759770989
vt 0.624392927 0.744562805
vt 0.624392927 0.759770989
vt 0.884909272 0.754006386
vt 0.884750843 0.754006386
vt 0.884909272 0.754006386
vt 0.884750843 0.754006386
vt 0.884988427 0.754006386
vt 0.884988427 0.754006386
vt 0.884993434 0.754006386
vt 0.884993434 0.754006386
vt 0.884998322 0.754006386
vt 0.885008216 0.754006386
vt 0.88501811 0.754006386
vt 0.885028124 0.754006386
vt 0.885028124 0.754006386
vt 0.885067701 0.754006386
vt 0.885067701 0.754006386
vt 0.886335015 0.754006386
vt 0.886335015 0.754006386
vt 0.835134149 0.707925558
vt 0.835134149 0.707925558
vt 0.835134149 0.707925558
vt 0.883800268 0.761610448
vt 0.88126564 0.761610448
vt 0.835134149 0.707925558
vt 0.871633768 0.74818927
vt 0.847379863 0.721346796
vt 0.85350275 0.728057384
vt 0.883879542 0.761610448
vt 0.88391912 0.761610448
vt 0.865550518 0.741478622
vt 0.884117126 0.761610448
vt 0.884433985 0.761610448
vt 0.104011029 0.784246266
vt 0.0834293067 0.744819045
vt 0.104011029 0.787097812
vt 0.104011029 0.788998842
vt 0.123673059 0.290174752
vt 0.123673059 0.290077567
vt 0.123413883 0.290174752
vt 0.113202058 0.280653656
vt 0.877717018 0.748246253
vt 0.871633768 0.742486179
vt 0.835134149 0.707925558
vt 0.883800268 0.754006386
vt 0.88126564 0.754006386
vt 0.883800268 0.754006386
vt 0.88126564 0.754006386
vt 0.883839965 0.754006386
vt 0.883839965 0.754006386
vt 0.883879542 0.754006386
vt 0.883879542 0.754006386
vt 0.884117126 0.754006386
vt 0.884117126 0.754006386
vt 0.884433985 0.754006386
vt 0.884433985 0.754006386
vt 0.600614369 0.744334698
vt 0.603814423 0.743887901
vt 0.597503364 0.740504146
vt 0.575726807 0.713690162
vt 0.625620782 0.774979174
vt 0.625600874 0.767375052
vt 0.625600874 0.774979174
vt 0.625620782 0.767375052
vt 0.62566036 0.774979174
vt 0.62566036 0.767375052
vt 0.375360191 0.214523673
vt 0.375360191 0.214523673
vt 0.375360191 0.214523673
vt 0.375360191 0.217375219
vt 0.375360191 0.217375219
vt 0.375360191 0.214523673
vt 0.375360191 0.212622643
vt 0.375360191 0.212622643
vt 0.625501931 0.774979174
vt 0.625586092 0.767375052
vt 0.625501931 0.767375052
vt 0.62559098 0.774979174
vt 0.62559098 0.767375052
vt 0.625501931 0.759770989
vt 0.625581086 0.759770989
vt 0.625501931 0.744562805
vt 0.625600874 0.744562805
vt 0.625586092 0.759770989
vt 0.625600874 0.759770989
vt 0.884909272 0.760659933
vt 0.884750843 0.760659933
vt 0.884909272 0.760659933
vt 0.884750843 0.760659933
vt 0.885067701 0.761610448
vt 0.886335015 0.761610448
vt 0.885067701 0.761610448
vt 0.886335015 0.761610448
vt 0.885028124 0.761610448
vt 0.885028124 0.761610448
vt 0.885008216 0.761610448
vt 0.884993434 0.761610448
vt 0.884998322 0.761610448
vt 0.884993434 0.761610448
vt 0.884909272 0.761610448
vt 0.884750843 0.761610448
vt 0.884750843 0.761610448
vt 0.835134149 0.707925558
vt 0.835134149 0.707925558
vt 0.835134149 0.707925558
vt 0.835134149 0.707925558
vt 0.884117126 0.754481614
vt 0.884117126 0.754481614
vt 0.884433985 0.754481614
vt 0.884433985 0.754481614
vt 0.624551356 0.774979174
vt 0.624511778 0.767375052
vt 0.624511778 0.774979174
vt 0.624551356 0.767375052
vt 0.624709785 0.767375052
vt 0.624709785 0.774979174
vt 0.123397671 0.290174752
vt 0.123405792 0.290271938
vt 0.123673059 0.290174752
vt 0.123673059 0.290271938
vt 0.877717018 0.748246253
vt 0.871633768 0.742486179
vt 0.835134149 0.707925558
vt 0.883800268 0.754006386
vt 0.88126564 0.754006386
vt 0.883800268 0.754006386
vt 0.88126564 0.754006386
vt 0.883839965 0.754006386
vt 0.883839965 0.754006386
vt 0.883879542 0.754006386
vt 0.883879542 0.754006386
vt 0.884117126 0.754006386
vt 0.884117126 0.754006386
vt 0.884433985 0.754006386
vt 0.884433985 0.754006386
vt 0.624551356 0.774979174
vt 0.624511778 0.767375052
vt 0.624511778 0.774979174
vt 0.624551356 0.767375052
vt 0.624709785 0.767375052
vt 0.624709785 0.774979174
vt 0.835134149 0.707925558
vt 0.835134149 0.707925558
vt 0.835134149 0.707925558
vt 0.835134149 0.707925558
vt 0.835134149 0.707925558
vt 0.835134149 0.707925558
vt 0.884750843 0.754006386
vt 0.885008216 0.754006386
vt 0.884909272 0.754006386
vt 0.884909272 0.754006386
vt 0.884750843 0.754006386
vt 0.884988427 0.754006386
vt 0.884988427 0.754006386
vt 0.884993434 0.754006386
vt 0.884993434 0.754006386
vt 0.884998322 0.754006386
vt 0.88501811 0.754006386
vt 0.886335015 0.754006386
vt 0.885067701 0.754006386
vt 0.886335015 0.754006386
vt 0.885067701 0.754006386
vt 0.885067701 0.754006386
vt 0.144768924 0.760179281
vt 0.144768924 0.762080312
vt 0.144768924 0.762080312
vt 0.144768924 0.744971156
vt 0.144768924 0.762080312
vt 0.124491423 0.744971156
vt 0.144768924 0.762080312
vt 0.144768924 0.762080312
vt 0.375360191 0.214523673
vt 0.375360191 0.214523673
vt 0.375360191 0.214523673
vt 0.375360191 0.217375219
vt 0.375360191 0.217375219
vt 0.375360191 0.214523673
vt 0.375360191 0.212622643
vt 0.375360191 0.212622643
vt 0.624551356 0.774979174
vt 0.624511778 0.767375052
vt 0.624511778 0.774979174
vt 0.624551356 0.767375052
vt 0.624709785 0.767375052
vt 0.624709785 0.774979174
vt 0.625501931 0.759770989
vt 0.625581086 0.744562805
vt 0.625501931 0.744562805
vt 0.625581086 0.759770989
vt 0.625586092 0.759770989
vt 0.625600874 0.744562805
vt 0.625600874 0.759770989
vt 0.835134149 0.707925558
vt 0.885008216 0.761610448
vt 0.835134149 0.707925558
vt 0.835134149 0.707925558
vt 0.884750843 0.761610448
vt 0.835134149 0.707925558
vt 0.884750843 0.761610448
vt 0.884909272 0.761610448
vt 0.884993434 0.761610448
vt 0.884993434 0.761610448
vt 0.884998322 0.761610448
vt 0.885028124 0.761610448
vt 0.885028124 0.761610448
vt 0.885067701 0.761610448
vt 0.886335015 0.761610448
vt 0.886335015 0.761610448
vt 0.885067701 0.761610448
vt 0.625501931 0.774979174
vt 0.625586092 0.767375052
vt 0.625501931 0.767375052
vt 0.62559098 0.774979174
vt 0.62559098 0.767375052
vt 0.625620782 0.774979174
vt 0.625600874 0.767375052
vt 0.625600874 0.774979174
vt 0.625620782 0.767375052
vt 0.62566036 0.774979174
vt 0.62566036 0.767375052
vt 0.624551356 0.759770989
vt 0.624472201 0.744562805
vt 0.624472201 0.759770989
vt 0.624551356 0.744562805
vt 0.624709785 0.744562805
vt 0.624709785 0.759770989
vt 0.123397671 0.290174752
vt 0.123405792 0.290271938
vt 0.123673059 0.290174752
vt 0.123673059 0.290271938
vt 0.88126564 0.757808447
vt 0.88126564 0.757808447
vt 0.88126564 0.759709477
vt 0.88126564 0.759709477
vt 0.88126564 0.754006386
vt 0.88126564 0.754006386
vt 0.88126564 0.754481614
vt 0.88126564 0.754481614
vt 0.88126564 0.754006386
vt 0.0924020708 0.744971156
vt 0.103808254 0.744971156
vt 0.0834293067 0.744819045
vt 0.0834293067 0.744819045
vt 0.884909272 0.760659933
vt 0.884909272 0.760659933
vt 0.884750843 0.760659933
vt 0.884750843 0.760659933
vt 0.624392927 0.744562805
vt 0.624392927 0.744562805
vt 0.624392927 0.759770989
vt 0.624392927 0.759770989
vt 0.624392927 0.744562805
vt 0.613036573 0.814927876
vt 0.682111323 0.745853126
vt 0.613036573 0.745853126
vt 0.682111323 0.814927876
vt 0.682111323 0.814927876
vt 0.682111323 0.745853126
vt 0.613036573 0.814927876
vt 0.613036573 0.745853126
vt 0.682111323 0.745853126
vt 0.613036573 0.745853126
vt 0.682111323 0.814927876
vt 0.613036573 0.814927876
vt 0.682111323 0.745853126
vt 0.682111323 0.814927876
vt 0.682111323 0.814927876
vt 0.682111323 0.745853126
vt 0.682111323 0.814927876
vt 0.682111323 0.745853126
vt 0.682111323 0.814927876
vt 0.682111323 0.814927876
vt 0.613036573 0.814927876
vt 0.682111323 0.814927876
vt 0.613036573 0.814927876
vt 0.613036573 0.814927876
vt 0.613036573 0.814927876
vt 0.613036573 0.745853126
vt 0.682111323 0.814927876
vt 0.613036573 0.745853126
vt 0.682111323 0.814927876
vt 0.682111323 0.814927876
vt 0.613036573 0.745853126
vt 0.613036573 0.814927876
vt 0.613036573 0.814927876
vt 0.682111323 0.745853126
vt 0.682111323 0.814927876
vt 0.613036573 0.814927876
vt 0.613036573 0.814927876
vt 0.682111323 0.745853126
vt 0.613036573 0.814927876
vt 0.682111323 0.814927876
vt 0.682111323 0.745853126
vt 0.613036573 0.814927876
vt 0.682111323 0.745853126
vt 0.682111323 0.814927876
vt 0.682111323 0.745853126
vt 0.613036573 0.745853126
vt 0.682111323 0.814927876
vt 0.613036573 0.814927876
vt 0.682111323 0.745853126
vt 0.682111323 0.745853126
vt 0.682111323 0.814927876
vt 0.613036573 0.745853126
vt 0.613036573 0.745853126
vt 0.613036573 0.814927876
vt 0.613036573 0.814927876
vt 0.613036573 0.814927876
vt 0.613036573 0.745853126
vt 0.682111323 0.814927876
vt 0.613036573 0.814927876
vt 0.682111323 0.745853126
vt 0.613036573 0.814927876
vt 0.682111323 0.745853126
vt 0.682111323 0.814927876
vt 0.682111323 0.745853126
vt 0.613036573 0.814927876
vt 0.682111323 0.814927876
vt 0.613036573 0.745853126
vt 0.613036573 0.745853126
vt 0.682111323 0.745853126
vt 0.682111323 0.745853126
vt 0.682111323 0.814927876
vt 0.682111323 0.814927876
vt 0.613036573 0.745853126
vt 0.613036573 0.814927876
vt 0.682111323 0.745853126
vt 0.682111323 0.814927876
vt 0.613036573 0.745853126
vt 0.613036573 0.814927876
vt 0.682111323 0.745853126
vt 0.682111323 0.745853126
vt 0.613036573 0.745853126
vt 0.613036573 0.745853126
vt 0.613036573 0.814927876
vt 0.682111323 0.745853126
vt 0.682111323 0.745853126
vt 0.682111323 0.814927876
vt 0.613036573 0.745853126
vt 0.682111323 0.745853126
vt 0.682111323 0.814927876
vt 0.682111323 0.814927876
vt 0.613036573 0.814927876
vt 0.682111323 0.745853126
vt 0.682111323 0.814927876
vt 0.682111323 0.745853126
vt 0.682111323 0.814927876
vt 0.613036573 0.745853126
vt 0.613036573 0.814927876
vt 0.682111323 0.745853126
vt 0.682111323 0.814927876
vt 0.682111323 0.814927876
vt 0.682111323 0.814927876
vt 0.613036573 0.814927876
vt 0.682111323 0.745853126
vt 0.682111323 0.814927876
vt 0.682111323 0.745853126
vt 0.682111323 0.814927876
vt 0.682111323 0.814927876
vt 0.613036573 0.814927876
vt 0.682111323 0.814927876
vt 0.682111323 0.814927876
vt 0.613036573 0.814927876
vt 0.682111323 0.745853126
vt 0.682111323 0.814927876
vt 0.682111323 0.745853126
vt 0.682111323 0.814927876
vt 0.682111323 0.814927876
vt 0.682111323 0.745853126
vt 0.682111323 0.814927876
vt 0.613036573 0.814927876
vt 0.682111323 0.745853126
vt 0.613036573 0.745853126
vt 0.682111323 0.814927876
vt 0.613036573 0.814927876
vt 0.682111323 0.745853126
vt 0.613036573 0.745853126
vt 0.682111323 0.814927876
vt 0.682111323 0.745853126
vt 0.613036573 0.745853126
vt 0.682111323 0.814927876
vt 0.613036573 0.814927876
vt 0.682111323 0.814927876
vt 0.613036573 0.745853126
vt 0.613036573 0.814927876
vt 0.682111323 0.745853126
vt 0.613036573 0.814927876
vt 0.682111323 0.745853126
vt 0.613036573 0.745853126
vt 0.682111323 0.814927876
vt 0.613036573 0.814927876
vt 0.682111323 0.814927876
vt 0.613036573 0.745853126
vt 0.682111323 0.745853126
vt 0.682111323 0.745853126
vt 0.682111323 0.814927876
vt 0.682111323 0.814927876
vt 0.682111323 0.745853126
vt 0.682111323 0.814927876
vt 0.613036573 0.745853126
vt 0.613036573 0.814927876
vt 0.613036573 0.814927876
vt 0.613036573 0.814927876
vt 0.682111323 0.814927876
vt 0.682111323 0.814927876
vt 0.682111323 0.814927876
vt 0.613036573 0.814927876
vt 0.682111323 0.745853126
vt 0.682111323 0.814927876
vt 0.682111323 0.814927876
vt 0.682111323 0.814927876
vt 0.613036573 0.814927876
vt 0.682111323 0.745853126
vt 0.682111323 0.814927876
vt 0.682111323 0.814927876
vt 0.682111323 0.814927876
vt 0.613036573 0.814927876
vt 0.682111323 0.745853126
vt 0.682111323 0.814927876
vt 0.613036573 0.745853126
vt 0.613036573 0.814927876
vt 0.682111323 0.745853126
vt 0.682111323 0.814927876
vt 0.613036573 0.745853126
vt 0.613036573 0.814927876
vt 0.682111323 0.745853126
vt 0.682111323 0.814927876
vt 0.682111323 0.814927876
vt 0.682111323 0.814927876
vt 0.613036573 0.814927876
vt 0.682111323 0.745853126
vt 0.682111323 0.814927876
vt 0.682111323 0.814927876
vt 0.682111323 0.814927876
vt 0.613036573 0.814927876
vt 0.682111323 0.745853126
vt 0.682111323 0.814927876
vt 0.613036573 0.745853126
vt 0.613036573 0.814927876
vt 0.682111323 0.745853126
vt 0.682111323 0.745853126
vt 0.613036573 0.814927876
vt 0.682111323 0.814927876
vt 0.682111323 0.814927876
vt 0.613036573 0.814927876
vt 0.613036573 0.814927876
vt 0.682111323 0.814927876
vt 0.613036573 0.814927876
vt 0.613036573 0.745853126
vt 0.613036573 0.814927876
vt 0.682111323 0.745853126
vt 0.682111323 0.814927876
vt 0.613036573 0.814927876
vt 0.613036573 0.814927876
vt 0.682111323 0.745853126
vt 0.613036573 0.814927876
vt 0.682111323 0.814927876
vt 0.682111323 0.814927876
vt 0.682111323 0.814927876
vt 0.613036573 0.745853126
vt 0.682111323 0.745853126
vt 0.682111323 0.814927876
vt 0.613036573 0.814927876
vt 0.613036573 0.814927876
vt 0.682111323 0.814927876
vt 0.613036573 0.814927876
vt 0.682111323 0.814927876
vt 0.682111323 0.745853126
vt 0.613036573 0.814927876
vt 0.613036573 0.745853126
vt 0.682111323 0.745853126
vt 0.613036573 0.745853126
vt 0.682111323 0.814927876
vt 0.613036573 0.814927876
vt 0.682111323 0.814927876
vt 0.613036573 0.814927876
vt 0.613036573 0.814927876
vt 0.613036573 0.814927876
vt 0.613036573 0.745853126
vt 0.613036573 0.814927876
vt 0.613036573 0.814927876
vt 0.682111323 0.745853126
vt 0.613036573 0.814927876
vt 0.682111323 0.814927876
vt 0.682111323 0.814927876
vt 0.613036573 0.814927876
vt 0.613036573 0.814927876
vt 0.682111323 0.814927876
vt 0.613036573 0.814927876
vt 0.682111323 0.745853126
vt 0.613036573 0.814927876
vt 0.682111323 0.814927876
vt 0.613036573 0.814927876
vt 0.682111323 0.814927876
vt 0.613036573 0.814927876
vt 0.613036573 0.814927876
vt 0.613036573 0.814927876
vt 0.613036573 0.745853126
vt 0.613036573 0.814927876
vt 0.682111323 0.745853126
vt 0.613036573 0.745853126
vt 0.682111323 0.814927876
vt 0.682111323 0.814927876
vt 0.613036573 0.814927876
vt 0.682111323 0.814927876
vt 0.613036573 0.814927876
vt 0.682111323 0.745853126
vt 0.682111323 0.745853126
vt 0.682111323 0.814927876
vt 0.613036573 0.745853126
vt 0.613036573 0.814927876
vt 0.613036573 0.814927876
vt 0.682111323 0.745853126
vt 0.682111323 0.814927876
vt 0.682111323 0.745853126
vt 0.682111323 0.814927876
vt 0.682111323 0.814927876
vt 0.613036573 0.814927876
vt 0.682111323 0.745853126
vt 0.682111323 0.814927876
vt 0.682111323 0.814927876
vt 0.613036573 0.814927876
vt 0.682111323 0.745853126
vt 0.682111323 0.814927876
vt 0.682111323 0.814927876
vt 0.613036573 0.814927876
vt 0.682111323 0.814927876
vt 0.682111323 0.814927876
vt 0.613036573 0.814927876
vt 0.682111323 0.745853126
vt 0.682111323 0.814927876
vt 0.682111323 0.745853126
vt 0.682111323 0.814927876
vt 0.682111323 0.814927876
vt 0.613036573 0.814927876
vt 0.682111323 0.814927876
vt 0.682111323 0.745853126
vt 0.613036573 0.814927876
vt 0.613036573 0.745853126
vt 0.682111323 0.745853126
vt 0.613036573 0.745853126
vt 0.682111323 0.814927876
vt 0.613036573 0.814927876
vt 0.613036573 0.745853126
vt 0.682111323 0.814927876
vt 0.682111323 0.745853126
vt 0.613036573 0.814927876
vt 0.613036573 0.745853126
vt 0.682111323 0.814927876
vt 0.682111323 0.745853126
vt 0.613036573 0.814927876
vt 0.682111323 0.745853126
vt 0.613036573 0.814927876
vt 0.682111323 0.814927876
vt 0.613036573 0.814927876
vt 0.613036573 0.745853126
vt 0.682111323 0.745853126
vt 0.682111323 0.745853126
vt 0.682111323 0.814927876
vt 0.682111323 0.745853126
vt 0.682111323 0.745853126
vt 0.682111323 0.814927876
vt 0.613036573 0.745853126
vt 0.682111323 0.745853126
vt 0.682111323 0.745853126
vt 0.682111323 0.814927876
vt 0.613036573 0.745853126
vt 0.682111323 0.745853126
vt 0.613036573 0.745853126
vt 0.682111323 0.814927876
vt 0.613036573 0.814927876
vt 0.613036573 0.814927876
vt 0.682111323 0.745853126
vt 0.613036573 0.745853126
vt 0.682111323 0.814927876
vt 0.682111323 0.814927876
vt 0.682111323 0.814927876
vt 0.613036573 0.814927876
vt 0.682111323 0.745853126
vt 0.682111323 0.814927876
vt 0.682111323 0.745853126
vt 0.682111323 0.814927876
vt 0.682111323 0.814927876
vt 0.613036573 0.814927876
vn 1.000000 0.000000 0.000000
vn 1.000000 0.000000 0.000000
vn 1.000000 0.000000 0.000000
vn 1.000000 0.000000 0.000000
vn 1.000000 0.000000 0.000000
vn 0.000000 0.000000 -1.000000
vn 0.000000 0.000000 -1.000000
vn 0.000000 0.000000 -1.000000
vn 0.000000 0.000000 -1.000000
vn 0.000000 0.000000 -1.000000
vn 0.000000 0.000000 -1.000000
vn 0.000000 -1.000000 -0.000000
vn 0.000000 -1.000000 -0.000000
vn 0.000000 -1.000000 -0.000000
vn 0.000000 0.000000 -1.000000
vn 0.000000 0.000000 -1.000000
vn 0.000000 0.000000 -1.000000
vn 0.000000 -1.000000 -0.000000
vn 0.000000 -1.000000 -0.000000
vn 0.000000 -1.000000 -0.000000
vn 0.000000 -1.000000 -0.000000
vn 0.000000 -1.000000 -0.000000
vn 0.000000 -1.000000 -0.000000
vn 0.000000 -1.000000 -0.000000
vn 0.000000 -1.000000 -0.000000
vn 0.000000 -1.000000 -0.000000
vn 0.000000 0.000000 -1.000000
vn 0.000000 0.000000 -1.000000
vn 0.000000 0.000000 -1.000000
vn -1.000000 0.000000 0.000000
vn -1.000000 0.000000 0.000000
vn -1.000000 0.000000 0.000000
vn -1.000000 0.000000 0.000000
vn -1.000000 0.000000 0.000000
vn -1.000000 0.000000 0.000000
vn -1.000000 0.000000 0.000000
vn -1.000000 0.000000 0.000000
vn -1.000000 0.000000 0.000000
vn -1.000000 0.000000 0.000000
vn 0.000000 0.000000 -1.000000
vn 0.000000 0.000000 -1.000000
vn 0.000000 0.000000 -1.000000
vn 0.000000 0.000000 -1.000000
vn 0.000000 0.000000 -1.000000
vn 0.000000 0.000000 -1.000000
vn 0.000000 1.000000 0.000000
vn 0.000000 1.000000 0.000000
vn 0.000000 1.000000 0.000000
vn 0.000000 1.000000 0.000000
vn 0.000000 1.000000 0.000000
vn 0.000000 1.000000 0.000000
vn 0.000000 0.000000 -1.000000
vn 0.000000 0.000000 -1.000000
vn 0.000000 0.000000 -1.000000
vn 0.000000 1.000000 0.000000
vn 0.000000 1.000000 0.000000
vn 0.000000 1.000000 0.000000
vn 0.000000 0.000000 -1.000000
vn 0.000000 0.000000 -1.000000
vn 0.000000 0.000000 -1.000000
vn 0.000000 0.000000 -1.000000
vn 0.000000 0.000000 -1.000000
vn 0.000000 0.000000 -1.000000
vn 0.000000 0.000000 -1.000000
vn 0.000000 0.000000 -1.000000
vn 0.000000 0.000000 -1.000000
vn 0.000000 0.000000 -1.000000
vn 0.000000 0.000000 -1.000000
vn 0.000000 0.000000 -1.000000
vn 0.000000 0.000000 -1.000000
vn 0.000000 0.000000 -1.000000
vn 0.000000 0.000000 -1.000000
vn 0.000000 0.000000 -1.000000
vn 0.000000 0.000000 -1.000000
vn 0.000000 0.000000 -1.000000
vn 0.000000 0.000000 -1.000000
vn 0.000000 1.000000 0.000000
vn 0.000000 1.000000 0.000000
vn 0.000000 1.000000 0.000000
vn 0.000000 -1.000000 -0.000000
vn 0.000000 -1.000000 -0.000000
vn 0.000000 -1.000000 -0.000000
vn 0.000000 0.000000 -1.000000
vn 0.000000 0.000000 -1.000000
vn 0.000000 0.000000 -1.000000
vn 0.000000 0.000000 -1.000000
vn 0.000000 0.000000 -1.000000
vn 0.000000 0.000000 -1.000000
vn 0.000000 0.000000 -1.000000
vn 0.000000 0.000000 -1.000000
vn 0.000000 0.000000 -1.000000
vn 0.000000 0.000000 -1.000000
vn 0.000000 0.000000 -1.000000
vn 0.000000 0.000000 -1.000000
vn 0.000000 -1.000000 -0.000000
vn 0.000000 -1.000000 -0.000000
vn 0.000000 -1.000000 -0.000000
vn 0.000000 -0.000000 1.000000
vn 0.000000 -0.000000 1.000000
vn 0.000000 -0.000000 1.000000
vn 1.000000 0.000000 0.000000
vn 1.000000 0.000000 0.000000
vn 1.000000 0.000000 0.000000
vn 0.000000 -1.000000 -0.000000
vn 0.000000 -1.000000 -0.000000
vn 0.000000 -1.000000 -0.000000
vn 0.000000 -1.000000 -0.000000
vn 0.000000 -1.000000 -0.000000
vn 0.000000 -1.000000 -0.000000
vn 0.000000 0.000000 -1.000000
vn 0.000000 0.000000 -1.000000
vn 0.000000 0.000000 -1.000000
vn 0.000000 1.000000 0.000000
vn 0.000000 1.000000 0.000000
vn 0.000000 1.000000 0.000000
vn 0.000000 0.000000 -1.000000
vn 0.000000 0.000000 -1.000000
vn 0.000000 0.000000 -1.000000
vn 0.000000 0.000000 -1.000000
vn 0.000000 0.000000 -1.000000
vn 0.000000 0.000000 -1.000000
vn 0.000000 0.000000 -1.000000
vn 0.000000 0.000000 -1.000000
vn 0.000000 0.000000 -1.000000
vn 0.000000 -1.000000 -0.000000
vn 0.000000 -1.000000 -0.000000
vn 0.000000 -1.000000 -0.000000
vn 1.000000 0.000000 0.000000
vn 1.000000 0.000000 0.000000
vn 1.000000 0.000000 0.000000
vn 1.000000 0.000000 0.000000
vn 1.000000 0.000000 0.000000
vn 0.000000 0.000000 -1.000000
vn 0.000000 0.000000 -1.000000
vn 0.000000 0.000000 -1.000000
vn 0.000000 0.000000 -1.000000
vn 0.000000 0.000000 -1.000000
vn 0.000000 0.000000 -1.000000
vn 0.000000 0.000000 -1.000000
vn 0.000000 0.000000 -1.000000
vn 0.000000 0.000000 -1.000000
vn 0.000000 0.000000 -1.000000
vn 0.000000 0.000000 -1.000000
vn 0.000000 0.000000 -1.000000
vn -1.000000 0.000000 0.000000
vn -1.000000 0.000000 0.000000
vn -1.000000 0.000000 0.000000
vn 0.000000 1.000000 0.000000
vn 0.000000 1.000000 0.000000
vn 0.000000 1.000000 0.000000
vn 1.000000 0.000000 0.000000
vn 1.000000 0.000000 0.000000
vn 1.000000 0.000000 0.000000
vn 1.000000 0.000000 0.000000
vn 1.000000 0.000000 0.000000
vn -1.000000 0.000000 0.000000
vn -1.000000 0.000000 0.000000
vn -1.000000 0.000000 0.000000
vn -1.000000 0.000000 0.000000
vn -1.000000 0.000000 0.000000
vn -1.000000 0.000000 0.000000
vn -1.000000 0.000000 0.000000
vn -1.000000 0.000000 0.000000
vn -1.000000 0.000000 0.000000
vn -1.000000 0.000000 0.000000
vn 0.000000 -1.000000 -0.000000
vn 0.000000 -1.000000 -0.000000
vn 0.000000 -1.000000 -0.000000
vn -1.000000 0.000000 0.000000
vn -1.000000 0.000000 0.000000
vn -1.000000 0.000000 0.000000
vn -1.000000 0.000000 0.000000
vn -1.000000 0.000000 0.000000
vn 0.000000 1.000000 0.000000
vn 0.000000 1.000000 0.000000
vn 0.000000 1.000000 0.000000
vn -1.000000 0.000000 0.000000
vn -1.000000 0.000000 0.000000
vn -1.000000 0.000000 0.000000
vn -1.000000 0.000000 0.000000
vn -1.000000 0.000000 0.000000
vn -1.000000 0.000000 0.000000
vn -1.000000 0.000000 0.000000
vn -1.000000 0.000000 0.000000
vn 0.000000 1.000000 0.000000
vn 0.000000 1.000000 0.000000
vn 0.000000 1.000000 0.000000
vn 1.000000 0.000000 0.000000
vn 1.000000 0.000000 0.000000
vn 1.000000 0.000000 0.000000
vn 1.000000 0.000000 0.000000
vn 1.000000 0.000000 0.000000
vn 1.000000 0.000000 0.000000
vn -1.000000 0.000000 0.000000
vn -1.000000 0.000000 0.000000
vn -1.000000 0.000000 0.000000
vn 1.000000 0.000000 0.000000
vn 1.000000 0.000000 0.000000
vn 1.000000 0.000000 0.000000
vn 1.000000 0.000000 0.000000
vn 1.000000 0.000000 0.000000
vn 1.000000 0.000000 0.000000
vn 1.000000 0.000000 0.000000
vn 1.000000 0.000000 0.000000
vn 0.000000 1.000000 0.000000
vn 0.000000 1.000000 0.000000
vn 0.000000 1.000000 0.000000
vn -1.000000 0.000000 0.000000
vn -1.000000 0.000000 0.000000
vn -1.000000 0.000000 0.000000
vn 0.000000 -1.000000 -0.000000
vn 0.000000 -1.000000 -0.000000
vn 0.000000 -1.000000 -0.000000
vn 1.000000 0.000000 0.000000
vn 1.000000 0.000000 0.000000
vn 1.000000 0.000000 0.000000
vn -1.000000 0.000000 0.000000
vn -1.000000 0.000000 0.000000
vn -1.000000 0.000000 0.000000
vn 1.000000 0.000000 0.000000
vn 1.000000 0.000000 0.000000
vn 1.000000 0.000000 0.000000
vn 0.000000 1.000000 0.000000
vn 0.000000 1.000000 0.000000
vn 0.000000 1.000000 0.000000
vn 1.000000 0.000000 0.000000
vn 1.000000 0.000000 0.000000
vn 1.000000 0.000000 0.000000
vn 0.000000 1.000000 0.000000
vn 0.000000 1.000000 0.000000
vn 0.000000 1.000000 0.000000
vn 0.000000 1.000000 0.000000
vn 0.000000 1.000000 0.000000
vn 0.000000 1.000000 0.000000
vn 0.000000 -1.000000 -0.000000
vn 0.000000 -1.000000 -0.000000
vn 0.000000 -1.000000 -0.000000
vn 1.000000 0.000000 0.000000
vn 1.000000 0.000000 0.000000
vn 1.000000 0.000000 0.000000
vn -1.000000 0.000000 0.000000
vn -1.000000 0.000000 0.000000
vn -1.000000 0.000000 0.000000
vn 0.000000 -0.000000 1.000000
vn 0.000000 -0.000000 1.000000
vn 0.000000 -0.000000 1.000000
vn 1.000000 0.000000 0.000000
vn 1.000000 0.000000 0.000000
vn 1.000000 0.000000 0.000000
vn 0.000000 -0.000000 1.000000
vn 0.000000 -0.000000 1.000000
vn 0.000000 -0.000000 1.000000
vn 1.000000 0.000000 0.000000
vn 1.000000 0.000000 0.000000
vn 1.000000 0.000000 0.000000
vn 1.000000 0.000000 0.000000
vn 1.000000 0.000000 0.000000
vn 1.000000 0.000000 0.000000
vn 1.000000 0.000000 0.000000
vn 1.000000 0.000000 0.000000
vn 1.000000 0.000000 0.000000
vn 0.000000 1.000000 0.000000
vn 0.000000 1.000000 0.000000
vn 0.000000 1.000000 0.000000
vn -1.000000 0.000000 0.000000
vn -1.000000 0.000000 0.000000
vn -1.000000 0.000000 0.000000
vn -1.000000 0.000000 0.000000
vn -1.000000 0.000000 0.000000
vn -1.000000 0.000000 0.000000
vn -1.000000 0.000000 0.000000
vn -1.000000 0.000000 0.000000
vn -1.000000 0.000000 0.000000
vn -1.000000 0.000000 0.000000
vn -1.000000 0.000000 0.000000
vn -1.000000 0.000000 0.000000
vn -1.000000 0.000000 0.000000
vn -1.000000 0.000000 0.000000
vn -1.000000 0.000000 0.000000
vn 0.000000 -1.000000 -0.000000
vn 0.000000 -1.000000 -0.000000
vn 0.000000 -1.000000 -0.000000
vn 1.000000 0.000000 0.000000
vn 1.000000 0.000000 0.000000
vn 1.000000 0.000000 0.000000
vn 1.000000 0.000000 0.000000
vn 1.000000 0.000000 0.000000
vn 1.000000 0.000000 0.000000
vn 1.000000 0.000000 0.000000
vn 1.000000 0.000000 0.000000
vn 1.000000 0.000000 0.000000
vn 1.000000 0.000000 0.000000
vn 1.000000 0.000000 0.000000
vn -1.000000 0.000000 0.000000
vn -1.000000 0.000000 0.000000
vn -1.000000 0.000000 0.000000
vn 0.000000 1.000000 0.000000
vn 0.000000 1.000000 0.000000
vn 0.000000 1.000000 0.000000
vn 0.000000 0.000000 -1.000000
vn 0.000000 0.000000 -1.000000
vn 0.000000 0.000000 -1.000000
vn 0.000000 0.000000 -1.000000
vn 0.000000 0.000000 -1.000000
vn 0.000000 0.000000 -1.000000
vn 0.000000 0.000000 -1.000000
vn 0.000000 0.000000 -1.000000
vn 0.000000 0.000000 -1.000000
vn 0.000000 -1.000000 -0.000000
vn 0.000000 -1.000000 -0.000000
vn 0.000000 -1.000000 -0.000000
vn 0.000000 -0.000000 1.000000
vn 0.000000 -0.000000 1.000000
vn 0.000000 -0.000000 1.000000
vn 1.000000 0.000000 0.000000
vn 1.000000 0.000000 0.000000
vn 1.000000 0.000000 0.000000
vn 1.000000 0.000000 0.000000
vn 1.000000 0.000000 0.000000
vn -1.000000 0.000000 0.000000
vn -1.000000 0.000000 0.000000
vn -1.000000 0.000000 0.000000
vn -1.000000 0.000000 0.000000
vn -1.000000 0.000000 0.000000
vn -1.000000 0.000000 0.000000
vn 0.000000 1.000000 0.000000
vn 0.000000 1.000000 0.000000
vn 0.000000 1.000000 0.000000
vn -1.000000 0.000000 0.000000
vn -1.000000 0.000000 0.000000
vn -1.000000 0.000000 0.000000
vn 0.000000 0.000000 -1.000000
vn 0.000000 0.000000 -1.000000
vn 0.000000 0.000000 -1.000000
vn 0.000000 0.000000 -1.000000
vn 0.000000 0.000000 -1.000000
vn -1.000000 0.000000 0.000000
vn -1.000000 0.000000 0.000000
vn -1.000000 0.000000 0.000000
vn -1.000000 0.000000 0.000000
vn -1.000000 0.000000 0.000000
vn 1.000000 0.000000 0.000000
vn 1.000000 0.000000 0.000000
vn 1.000000 0.000000 0.000000
vn 0.000000 1.000000 0.000000
vn 0.000000 1.000000 0.000000
vn 0.000000 1.000000 0.000000
vn -1.000000 0.000000 0.000000
vn -1.000000 0.000000 0.000000
vn -1.000000 0.000000 0.000000
vn -1.000000 0.000000 0.000000
vn -1.000000 0.000000 0.000000
vn 0.000000 -0.000000 1.000000
vn 0.000000 -0.000000 1.000000
vn 0.000000 -0.000000 1.000000
vn 1.000000 0.000000 0.000000
vn 1.000000 0.000000 0.000000
vn 1.000000 0.000000 0.000000
vn 1.000000 0.000000 0.000000
vn 1.000000 0.000000 0.000000
vn 1.000000 0.000000 0.000000
vn -1.000000 0.000000 0.000000
vn -1.000000 0.000000 0.000000
vn -1.000000 0.000000 0.000000
vn -1.000000 0.000000 0.000000
vn -1.000000 0.000000 0.000000
vn -1.000000 0.000000 0.000000
vn -1.000000 0.000000 0.000000
vn -1.000000 0.000000 0.000000
vn -1.000000 0.000000 0.000000
vn 1.000000 0.000000 0.000000
vn 1.000000 0.000000 0.000000
vn 1.000000 0.000000 0.000000
vn 1.000000 0.000000 0.000000
vn 1.000000 0.000000 0.000000
vn 1.000000 0.000000 0.000000
vn 1.000000 0.000000 0.000000
vn 1.000000 0.000000 0.000000
vn 1.000000 0.000000 0.000000
vn 1.000000 0.000000 0.000000
vn 1.000000 0.000000 0.000000
vn 1.000000 0.000000 0.000000
vn 1.000000 0.000000 0.000000
vn 1.000000 0.000000 0.000000
vn 1.000000 0.000000 0.000000
vn 1.000000 0.000000 0.000000
vn 1.000000 0.000000 0.000000
vn 1.000000 0.000000 0.000000
vn 0.000000 -1.000000 -0.000000
vn 0.000000 -1.000000 -0.000000
vn 0.000000 -1.000000 -0.000000
vn -1.000000 0.000000 0.000000
vn -1.000000 0.000000 0.000000
vn -1.000000 0.000000 0.000000
vn 1.000000 0.000000 0.000000
vn 1.000000 0.000000 0.000000
vn 1.000000 0.000000 0.000000
vn 0.000000 -1.000000 -0.000000
vn 0.000000 -1.000000 -0.000000
vn 0.000000 -1.000000 -0.000000
vn 0.000000 -1.000000 -0.000000
vn 0.000000 -1.000000 -0.000000
vn 0.000000 -1.000000 -0.000000
vn -1.000000 0.000000 0.000000
vn -1.000000 0.000000 0.000000
vn -1.000000 0.000000 0.000000
vn 1.000000 0.000000 0.000000
vn 1.000000 0.000000 0.000000
vn 1.000000 0.000000 0.000000
vn -1.000000 0.000000 0.000000
vn -1.000000 0.000000 0.000000
vn -1.000000 0.000000 0.000000
vn 0.000000 -1.000000 -0.000000
vn 0.000000 -1.000000 -0.000000
vn 0.000000 -1.000000 -0.000000
vn 1.000000 0.000000 0.000000
vn 1.000000 0.000000 0.000000
vn 1.000000 0.000000 0.000000
vn 0.000000 -1.000000 -0.000000
vn 0.000000 -1.000000 -0.000000
vn 0.000000 -1.000000 -0.000000
vn 1.000000 0.000000 0.000000
vn 1.000000 0.000000 0.000000
vn 1.000000 0.000000 0.000000
vn 1.000000 0.000000 0.000000
vn 1.000000 0.000000 0.000000
vn -1.000000 0.000000 0.000000
vn -1.000000 0.000000 0.000000
vn -1.000000 0.000000 0.000000
vn -1.000000 0.000000 0.000000
vn -1.000000 0.000000 0.000000
vn -1.000000 0.000000 0.000000
vn 1.000000 0.000000 0.000000
vn 1.000000 0.000000 0.000000
vn 1.000000 0.000000 0.000000
vn 1.000000 0.000000 0.000000
vn 1.000000 0.000000 0.000000
vn 1.000000 0.000000 0.000000
vn 0.000000 -1.000000 -0.000000
vn 0.000000 -1.000000 -0.000000
vn 0.000000 -1.000000 -0.000000
vn 0.000000 1.000000 0.000000
vn 0.000000 1.000000 0.000000
vn 0.000000 1.000000 0.000000
vn -1.000000 0.000000 0.000000
vn -1.000000 0.000000 0.000000
vn -1.000000 0.000000 0.000000
vn -1.000000 0.000000 0.000000
vn -1.000000 0.000000 0.000000
vn -1.000000 0.000000 0.000000
vn 1.000000 0.000000 0.000000
vn 1.000000 0.000000 0.000000
vn 1.000000 0.000000 0.000000
vn 1.000000 0.000000 0.000000
vn 1.000000 0.000000 0.000000
vn 1.000000 0.000000 0.000000
vn 1.000000 0.000000 0.000000
vn 1.000000 0.000000 0.000000
vn -1.000000 0.000000 0.000000
vn -1.000000 0.000000 0.000000
vn -1.000000 0.000000 0.000000
vn -1.000000 0.000000 0.000000
vn -1.000000 0.000000 0.000000
vn -1.000000 0.000000 0.000000
vn -1.000000 0.000000 0.000000
vn -1.000000 0.000000 0.000000
vn -1.000000 0.000000 0.000000
vn -1.000000 0.000000 0.000000
vn -1.000000 0.000000 0.000000
vn 1.000000 0.000000 0.000000
vn 1.000000 0.000000 0.000000
vn 1.000000 0.000000 0.000000
vn 1.000000 0.000000 0.000000
vn 1.000000 0.000000 0.000000
vn 1.000000 0.000000 0.000000
vn -1.000000 0.000000 0.000000
vn -1.000000 0.000000 0.000000
vn -1.000000 0.000000 0.000000
vn -1.000000 0.000000 0.000000
vn -1.000000 0.000000 0.000000
vn -1.000000 0.000000 0.000000
vn 0.000000 -1.000000 -0.000000
vn 0.000000 -1.000000 -0.000000
vn 0.000000 -1.000000 -0.000000
vn -1.000000 0.000000 0.000000
vn -1.000000 0.000000 0.000000
vn -1.000000 0.000000 0.000000
vn 0.000000 -1.000000 -0.000000
vn 0.000000 -1.000000 -0.000000
vn 0.000000 -1.000000 -0.000000
vn 0.000000 -1.000000 -0.000000
vn 0.000000 -1.000000 -0.000000
vn 0.000000 -1.000000 -0.000000
vn 0.000000 1.000000 0.000000
vn 0.000000 1.000000 0.000000
vn 0.000000 1.000000 0.000000
vn 1.000000 0.000000 0.000000
vn 1.000000 0.000000 0.000000
vn 1.000000 0.000000 0.000000
vn -1.000000 0.000000 0.000000
vn -1.000000 0.000000 0.000000
vn -1.000000 0.000000 0.000000
vn -1.000000 0.000000 0.000000
vn -1.000000 0.000000 0.000000
vn -1.000000 0.000000 0.000000
vn 0.000000 -1.000000 -0.000000
vn 0.000000 -1.000000 -0.000000
vn 0.000000 -1.000000 -0.000000
vn 1.000000 0.000000 0.000000
vn 1.000000 0.000000 0.000000
vn 1.000000 0.000000 0.000000
vn -1.000000 0.000000 0.000000
vn -1.000000 0.000000 0.000000
vn -1.000000 0.000000 0.000000
vn 1.000000 0.000000 0.000000
vn 1.000000 0.000000 0.000000
vn 1.000000 0.000000 0.000000
vn -1.000000 0.000000 0.000000
vn -1.000000 0.000000 0.000000
vn -1.000000 0.000000 0.000000
vn -1.000000 0.000000 0.000000
vn -1.000000 0.000000 0.000000
vn -1.000000 0.000000 0.000000
vn -1.000000 0.000000 0.000000
vn -1.000000 0.000000 0.000000
vn -1.000000 0.000000 0.000000
vn -1.000000 0.000000 0.000000
vn -1.000000 0.000000 0.000000
vn -1.000000 0.000000 0.000000
vn -1.000000 0.000000 0.000000
vn -1.000000 0.000000 0.000000
vn -1.000000 0.000000 0.000000
vn -1.000000 0.000000 0.000000
vn 0.000000 -1.000000 -0.000000
vn 0.000000 -1.000000 -0.000000
vn 0.000000 -1.000000 -0.000000
vn -1.000000 0.000000 0.000000
vn -1.000000 0.000000 0.000000
vn -1.000000 0.000000 0.000000
vn -1.000000 0.000000 0.000000
vn -1.000000 0.000000 0.000000
vn -1.000000 0.000000 0.000000
vn 0.000000 0.000000 -1.000000
vn 0.000000 0.000000 -1.000000
vn 0.000000 0.000000 -1.000000
vn 0.000000 0.000000 -1.000000
vn 0.000000 0.000000 -1.000000
vn 0.000000 1.000000 0.000000
vn 0.000000 1.000000 0.000000
vn 0.000000 1.000000 0.000000
vn 1.000000 0.000000 0.000000
vn 1.000000 0.000000 0.000000
vn 1.000000 0.000000 0.000000
vn 0.000000 1.000000 0.000000
vn 0.000000 1.000000 0.000000
vn 0.000000 1.000000 0.000000
vn 1.000000 0.000000 0.000000
vn 1.000000 0.000000 0.000000
vn 1.000000 0.000000 0.000000
vn 1.000000 0.000000 0.000000
vn 1.000000 0.000000 0.000000
vn 1.000000 0.000000 0.000000
vn 1.000000 0.000000 0.000000
vn 1.000000 0.000000 0.000000
vn 1.000000 0.000000 0.000000
vn 1.000000 0.000000 0.000000
vn 1.000000 0.000000 0.000000
vn 1.000000 0.000000 0.000000
vn -1.000000 0.000000 0.000000
vn -1.000000 0.000000 0.000000
vn -1.000000 0.000000 0.000000
vn -1.000000 0.000000 0.000000
vn -1.000000 0.000000 0.000000
vn -1.000000 0.000000 0.000000
vn 0.000000 -0.000000 1.000000
vn 0.000000 -0.000000 1.000000
vn 0.000000 -0.000000 1.000000
vn -1.000000 0.000000 0.000000
vn -1.000000 0.000000 0.000000
vn -1.000000 0.000000 0.000000
vn -1.000000 0.000000 0.000000
vn -1.000000 0.000000 0.000000
vn -1.000000 0.000000 0.000000
vn 1.000000 0.000000 0.000000
vn 1.000000 0.000000 0.000000
vn 1.000000 0.000000 0.000000
vn 1.000000 0.000000 0.000000
vn 1.000000 0.000000 0.000000
vn 1.000000 0.000000 0.000000
vn -1.000000 0.000000 0.000000
vn -1.000000 0.000000 0.000000
vn -1.000000 0.000000 0.000000
vn 0.000000 1.000000 0.000000
vn 0.000000 1.000000 0.000000
vn 0.000000 1.000000 0.000000
vn -1.000000 0.000000 0.000000
vn -1.000000 0.000000 0.000000
vn -1.000000 0.000000 0.000000
vn 1.000000 0.000000 0.000000
vn 1.000000 0.000000 0.000000
vn 1.000000 0.000000 0.000000
vn 1.000000 0.000000 0.000000
vn 1.000000 0.000000 0.000000
vn 1.000000 0.000000 0.000000
vn 1.000000 0.000000 0.000000
vn 0.000000 1.000000 0.000000
vn 0.000000 1.000000 0.000000
vn 0.000000 1.000000 0.000000
vn 0.000000 1.000000 0.000000
vn 0.000000 1.000000 0.000000
vn 0.000000 1.000000 0.000000
vn 0.000000 1.000000 0.000000
vn 0.000000 1.000000 0.000000
vn 0.000000 0.000000 -1.000000
vn 0.000000 0.000000 -1.000000
vn 0.000000 0.000000 -1.000000
vn -1.000000 0.000000 0.000000
vn -1.000000 0.000000 0.000000
vn -1.000000 0.000000 0.000000
vn -1.000000 0.000000 0.000000
vn -1.000000 0.000000 0.000000
vn -1.000000 0.000000 0.000000
vn -1.000000 0.000000 0.000000
vn -1.000000 0.000000 0.000000
vn -1.000000 0.000000 0.000000
vn 0.000000 -1.000000 -0.000000
vn 0.000000 -1.000000 -0.000000
vn 0.000000 -1.000000 -0.000000
vn 0.000000 0.000000 -1.000000
vn 0.000000 0.000000 -1.000000
vn 0.000000 0.000000 -1.000000
vn 1.000000 0.000000 0.000000
vn 1.000000 0.000000 0.000000
vn 1.000000 0.000000 0.000000
vn 1.000000 0.000000 0.000000
vn 1.000000 0.000000 0.000000
vn 1.000000 0.000000 0.000000
vn 1.000000 0.000000 0.000000
vn 1.000000 0.000000 0.000000
vn 1.000000 0.000000 0.000000
vn 0.000000 -1.000000 -0.000000
vn 0.000000 -1.000000 -0.000000
vn 0.000000 -1.000000 -0.000000
vn 0.000000 -1.000000 -0.000000
vn 0.000000 -1.000000 -0.000000
vn 0.000000 -1.000000 -0.000000
vn 0.000000 -1.000000 -0.000000
vn 0.000000 -1.000000 -0.000000
vn 0.000000 -1.000000 -0.000000
vn 0.000000 -1.000000 -0.000000
vn 0.000000 -1.000000 -0.000000
vn 0.000000 -1.000000 -0.000000
vn -1.000000 0.000000 0.000000
vn -1.000000 0.000000 0.000000
vn -1.000000 0.000000 0.000000
vn -1.000000 0.000000 0.000000
vn -1.000000 0.000000 0.000000
vn -1.000000 0.000000 0.000000
vn -1.000000 0.000000 0.000000
vn -1.000000 0.000000 0.000000
vn -1.000000 0.000000 0.000000
vn 1.000000 0.000000 0.000000
vn 1.000000 0.000000 0.000000
vn 1.000000 0.000000 0.000000
vn 1.000000 0.000000 0.000000
vn 1.000000 0.000000 0.000000
vn 1.000000 0.000000 0.000000
vn 0.000000 0.000000 -1.000000
vn 0.000000 0.000000 -1.000000
vn 0.000000 0.000000 -1.000000
vn 0.000000 0.000000 -1.000000
vn 0.000000 0.000000 -1.000000
vn 0.000000 0.000000 -1.000000
vn 0.000000 0.000000 -1.000000
vn 0.000000 0.000000 -1.000000
vn 0.000000 0.000000 -1.000000
vn 0.000000 0.000000 -1.000000
vn 0.000000 0.000000 -1.000000
vn 0.000000 0.000000 -1.000000
vn 1.000000 0.000000 0.000000
vn 1.000000 0.000000 0.000000
vn 1.000000 0.000000 0.000000
vn 1.000000 0.000000 0.000000
vn 1.000000 0.000000 0.000000
vn 1.000000 0.000000 0.000000
vn 1.000000 0.000000 0.000000
vn 1.000000 0.000000 0.000000
vn 1.000000 0.000000 0.000000
vn 1.000000 0.000000 0.000000
vn 1.000000 0.000000 0.000000
vn 1.000000 0.000000 0.000000
vn 1.000000 0.000000 0.000000
vn 1.000000 0.000000 0.000000
vn 1.000000 0.000000 0.000000
vn 1.000000 0.000000 0.000000
vn 1.000000 0.000000 0.000000
vn 1.000000 0.000000 0.000000
vn 1.000000 0.000000 0.000000
vn 1.000000 0.000000 0.000000
vn 1.000000 0.000000 0.000000
vn 1.000000 0.000000 0.000000
vn 1.000000 0.000000 0.000000
vn 1.000000 0.000000 0.000000
vn 1.000000 0.000000 0.000000
vn 1.000000 0.000000 0.000000
vn 1.000000 0.000000 0.000000
vn 1.000000 0.000000 0.000000
vn 1.000000 0.000000 0.000000
vn 1.000000 0.000000 0.000000
vn 1.000000 0.000000 0.000000
vn 1.000000 0.000000 0.000000
vn 1.000000 0.000000 0.000000
vn 1.000000 0.000000 0.000000
vn 1.000000 0.000000 0.000000
vn 1.000000 0.000000 0.000000
vn 1.000000 0.000000 0.000000
vn 1.000000 0.000000 0.000000
vn 1.000000 0.000000 0.000000
vn 1.000000 0.000000 0.000000
vn 1.000000 0.000000 0.000000
vn 1.000000 0.000000 0.000000
vn 1.000000 0.000000 0.000000
vn 1.000000 0.000000 0.000000
vn 1.000000 0.000000 0.000000
vn 1.000000 0.000000 0.000000
vn 1.000000 0.000000 0.000000
vn 1.000000 0.000000 0.000000
vn 1.000000 0.000000 0.000000
vn 1.000000 0.000000 0.000000
vn 1.000000 0.000000 0.000000
vn 1.000000 0.000000 0.000000
vn 1.000000 0.000000 0.000000
vn 1.000000 0.000000 0.000000
vn 1.000000 0.000000 0.000000
vn 1.000000 0.000000 0.000000
vn 1.000000 0.000000 0.000000
vn 1.000000 0.000000 0.000000
vn 1.000000 0.000000 0.000000
vn 1.000000 0.000000 0.000000
vn 1.000000 0.000000 0.000000
vn 1.000000 0.000000 0.000000
vn 1.000000 0.000000 0.000000
vn 1.000000 0.000000 0.000000
vn 1.000000 0.000000 0.000000
vn 1.000000 0.000000 0.000000
vn 1.000000 0.000000 0.000000
vn 1.000000 0.000000 0.000000
vn 1.000000 0.000000 0.000000
vn 1.000000 0.000000 0.000000
vn 1.000000 0.000000 0.000000
vn 1.000000 0.000000 0.000000
vn 1.000000 0.000000 0.000000
vn 1.000000 0.000000 0.000000
vn 1.000000 0.000000 0.000000
vn 1.000000 0.000000 0.000000
vn 1.000000 0.000000 0.000000
vn 1.000000 0.000000 0.000000
vn 1.000000 0.000000 0.000000
vn 1.000000 0.000000 0.000000
vn 1.000000 0.000000 0.000000
vn 1.000000 0.000000 0.000000
vn 1.000000 0.000000 0.000000
vn 1.000000 0.000000 0.000000
vn 1.000000 0.000000 0.000000
vn 1.000000 0.000000 0.000000
vn 1.000000 0.000000 0.000000
vn 1.000000 0.000000 0.000000
vn 1.000000 0.000000 0.000000
vn 1.000000 0.000000 0.000000
vn 1.000000 0.000000 0.000000
vn 1.000000 0.000000 0.000000
vn 1.000000 0.000000 0.000000
vn 1.000000 0.000000 0.000000
vn 1.000000 0.000000 0.000000
vn 1.000000 0.000000 0.000000
vn 1.000000 0.000000 0.000000
vn 1.000000 0.000000 0.000000
vn 1.000000 0.000000 0.000000
vn 1.000000 0.000000 0.000000
vn 1.000000 0.000000 0.000000
vn 1.000000 0.000000 0.000000
vn 1.000000 0.000000 0.000000
vn 1.000000 0.000000 0.000000
vn 1.000000 0.000000 0.000000
vn 1.000000 0.000000 0.000000
vn 0.000000 1.000000 0.000000
vn 0.000000 1.000000 0.000000
vn 0.000000 1.000000 0.000000
vn 0.000000 1.000000 0.000000
vn 0.000000 1.000000 0.000000
vn 0.000000 1.000000 0.000000
vn 1.000000 0.000000 0.000000
vn 1.000000 0.000000 0.000000
vn 1.000000 0.000000 0.000000
vn 1.000000 0.000000 0.000000
vn 1.000000 0.000000 0.000000
vn 1.000000 0.000000 0.000000
vn 1.000000 0.000000 0.000000
vn 1.000000 0.000000 0.000000
vn 1.000000 0.000000 0.000000
vn 1.000000 0.000000 0.000000
vn 1.000000 0.000000 0.000000
vn 1.000000 0.000000 0.000000
vn 1.000000 0.000000 0.000000
vn 1.000000 0.000000 0.000000
vn 1.000000 0.000000 0.000000
vn 1.000000 0.000000 0.000000
vn 1.000000 0.000000 0.000000
vn 0.000000 0.000000 -1.000000
vn 0.000000 0.000000 -1.000000
vn 0.000000 0.000000 -1.000000
vn 0.000000 0.000000 -1.000000
vn 0.000000 0.000000 -1.000000
vn 0.000000 0.000000 -1.000000
vn 0.000000 1.000000 0.000000
vn 0.000000 1.000000 0.000000
vn 0.000000 1.000000 0.000000
vn 0.000000 -0.000000 1.000000
vn 0.000000 -0.000000 1.000000
vn 0.000000 -0.000000 1.000000
vn 0.000000 -0.000000 1.000000
vn 0.000000 -0.000000 1.000000
vn 0.000000 -0.000000 1.000000
vn 0.000000 -0.000000 1.000000
vn 0.000000 -0.000000 1.000000
vn 0.000000 -0.000000 1.000000
vn 0.000000 -0.000000 1.000000
vn -1.000000 0.000000 0.000000
vn -1.000000 0.000000 0.000000
vn -1.000000 0.000000 0.000000
vn -1.000000 0.000000 0.000000
vn -1.000000 0.000000 0.000000
vn -1.000000 0.000000 0.000000
vn -1.000000 0.000000 0.000000
vn -1.000000 0.000000 0.000000
vn -1.000000 0.000000 0.000000
vn -1.000000 0.000000 0.000000
vn -1.000000 0.000000 0.000000
vn -1.000000 0.000000 0.000000
vn -1.000000 0.000000 0.000000
vn -1.000000 0.000000 0.000000
vn -1.000000 0.000000 0.000000
vn -1.000000 0.000000 0.000000
vn -1.000000 0.000000 0.000000
vn -1.000000 0.000000 0.000000
vn -1.000000 0.000000 0.000000
vn 0.000000 -0.000000 1.000000
vn 0.000000 -0.000000 1.000000
vn 0.000000 -0.000000 1.000000
vn 0.000000 -0.000000 1.000000
vn 0.000000 -0.000000 1.000000
vn 0.000000 -0.000000 1.000000
vn 0.000000 -0.000000 1.000000
vn 0.000000 -0.000000 1.000000
vn 0.000000 -0.000000 1.000000
vn 0.000000 -0.000000 1.000000
vn 0.000000 -0.000000 1.000000
vn 0.000000 0.000000 -1.000000
vn 0.000000 0.000000 -1.000000
vn 0.000000 0.000000 -1.000000
vn 0.000000 0.000000 -1.000000
vn 0.000000 0.000000 -1.000000
vn 0.000000 0.000000 -1.000000
vn 0.000000 0.000000 -1.000000
vn 0.000000 0.000000 -1.000000
vn 0.000000 0.000000 -1.000000
vn 0.000000 0.000000 -1.000000
vn 0.000000 0.000000 -1.000000
vn 0.000000 0.000000 -1.000000
vn 0.000000 0.000000 -1.000000
vn 0.000000 0.000000 -1.000000
vn 0.000000 0.000000 -1.000000
vn 0.000000 0.000000 -1.000000
vn 0.000000 0.000000 -1.000000
vn 0.000000 0.000000 -1.000000
vn -1.000000 0.000000 0.000000
vn -1.000000 0.000000 0.000000
vn -1.000000 0.000000 0.000000
vn -1.000000 0.000000 0.000000
vn -1.000000 0.000000 0.000000
vn -1.000000 0.000000 0.000000
vn -1.000000 0.000000 0.000000
vn -1.000000 0.000000 0.000000
vn -1.000000 0.000000 0.000000
vn 1.000000 0.000000 0.000000
vn 1.000000 0.000000 0.000000
vn 1.000000 0.000000 0.000000
vn 1.000000 0.000000 0.000000
vn 1.000000 0.000000 0.000000
vn 1.000000 0.000000 0.000000
vn 1.000000 0.000000 0.000000
vn 1.000000 0.000000 0.000000
vn -1.000000 0.000000 0.000000
vn -1.000000 0.000000 0.000000
vn -1.000000 0.000000 0.000000
vn -1.000000 0.000000 0.000000
vn -1.000000 0.000000 0.000000
vn -1.000000 0.000000 0.000000
vn -1.000000 0.000000 0.000000
vn -1.000000 0.000000 0.000000
vn -1.000000 0.000000 0.000000
vn -1.000000 0.000000 0.000000
vn -1.000000 0.000000 0.000000
vn -1.000000 0.000000 0.000000
vn -1.000000 0.000000 0.000000
vn -1.000000 0.000000 0.000000
vn -1.000000 0.000000 0.000000
vn -1.000000 0.000000 0.000000
vn -1.000000 0.000000 0.000000
vn -1.000000 0.000000 0.000000
vn -1.000000 0.000000 0.000000
vn -1.000000 0.000000 0.000000
vn -1.000000 0.000000 0.000000
vn -1.000000 0.000000 0.000000
vn 1.000000 0.000000 0.000000
vn 1.000000 0.000000 0.000000
vn 1.000000 0.000000 0.000000
vn 1.000000 0.000000 0.000000
vn 1.000000 0.000000 0.000000
vn 1.000000 0.000000 0.000000
vn 1.000000 0.000000 0.000000
vn 1.000000 0.000000 0.000000
vn 1.000000 0.000000 0.000000
vn 1.000000 0.000000 0.000000
vn 0.000000 -0.000000 1.000000
vn 0.000000 -0.000000 1.000000
vn 0.000000 -0.000000 1.000000
vn 0.000000 -0.000000 1.000000
vn 0.000000 -0.000000 1.000000
vn 0.000000 -0.000000 1.000000
vn 0.000000 -0.000000 1.000000
vn 0.000000 -0.000000 1.000000
vn 0.000000 -0.000000 1.000000
vn 0.000000 -0.000000 1.000000
vn 0.000000 -0.000000 1.000000
vn 0.000000 -0.000000 1.000000
vn 0.000000 -0.000000 1.000000
vn 0.000000 -0.000000 1.000000
vn 0.000000 -0.000000 1.000000
vn 0.000000 -0.000000 1.000000
vn 0.000000 -0.000000 1.000000
vn 0.000000 -0.000000 1.000000
vn 0.000000 -0.000000 1.000000
vn 0.000000 -0.000000 1.000000
vn 0.000000 -0.000000 1.000000
vn 0.000000 -0.000000 1.000000
vn 0.000000 -0.000000 1.000000
vn 0.000000 -0.000000 1.000000
vn 0.000000 -0.000000 1.000000
vn 0.000000 -0.000000 1.000000
vn 0.000000 -0.000000 1.000000
vn 0.000000 -0.000000 1.000000
vn 0.000000 -0.000000 1.000000
vn 0.000000 -0.000000 1.000000
vn 0.000000 -0.000000 1.000000
vn 0.000000 -0.000000 1.000000
vn 0.000000 -0.000000 1.000000
vn 0.000000 -0.000000 1.000000
vn 0.000000 -0.000000 1.000000
vn 0.000000 -0.000000 1.000000
vn 0.000000 -0.000000 1.000000
vn 0.000000 -0.000000 1.000000
vn 0.000000 -0.000000 1.000000
vn 0.000000 -0.000000 1.000000
vn 0.000000 -0.000000 1.000000
vn 0.000000 -0.000000 1.000000
vn 0.000000 -0.000000 1.000000
vn 0.000000 -0.000000 1.000000
vn 0.000000 -0.000000 1.000000
vn 0.000000 -0.000000 1.000000
vn 0.000000 -0.000000 1.000000
vn 0.000000 -0.000000 1.000000
vn 0.000000 -0.000000 1.000000
vn 0.000000 -0.000000 1.000000
vn 0.000000 -0.000000 1.000000
vn 0.000000 -0.000000 1.000000
vn 0.000000 -0.000000 1.000000
vn 0.000000 -0.000000 1.000000
vn 0.000000 -0.000000 1.000000
vn 0.000000 -0.000000 1.000000
vn 0.000000 -0.000000 1.000000
vn 0.000000 -0.000000 1.000000
vn 0.000000 -0.000000 1.000000
vn 0.000000 -0.000000 1.000000
vn 0.000000 -0.000000 1.000000
vn 0.000000 -0.000000 1.000000
vn 0.000000 -0.000000 1.000000
vn 0.000000 -0.000000 1.000000
vn 0.000000 -0.000000 1.000000
vn 0.000000 -0.000000 1.000000
vn 0.000000 -0.000000 1.000000
vn 0.000000 -0.000000 1.000000
vn 0.000000 -0.000000 1.000000
vn 0.000000 -0.000000 1.000000
vn 0.000000 -0.000000 1.000000
vn 0.000000 -0.000000 1.000000
vn 0.000000 -0.000000 1.000000
vn 0.000000 -0.000000 1.000000
vn 0.000000 -0.000000 1.000000
vn 0.000000 -0.000000 1.000000
vn 0.000000 -0.000000 1.000000
vn 0.000000 -0.000000 1.000000
vn 0.000000 -0.000000 1.000000
vn 0.000000 -0.000000 1.000000
vn 0.000000 -0.000000 1.000000
vn 0.000000 -0.000000 1.000000
vn 0.000000 -0.000000 1.000000
vn 0.000000 -0.000000 1.000000
vn 0.000000 -0.000000 1.000000
vn 0.000000 -0.000000 1.000000
vn 0.000000 -0.000000 1.000000
vn 0.000000 -0.000000 1.000000
vn 0.000000 -1.000000 -0.000000
vn 0.000000 -1.000000 -0.000000
vn 0.000000 -1.000000 -0.000000
vn 0.000000 0.000000 -1.000000
vn 0.000000 0.000000 -1.000000
vn 0.000000 0.000000 -1.000000
vn -1.000000 0.000000 0.000000
vn -1.000000 0.000000 0.000000
vn -1.000000 0.000000 0.000000
vn 0.000000 0.000000 -1.000000
vn 0.000000 0.000000 -1.000000
vn 0.000000 0.000000 -1.000000
vn 0.000000 1.000000 0.000000
vn 0.000000 1.000000 0.000000
vn 0.000000 1.000000 0.000000
vn 0.000000 -1.000000 -0.000000
vn 0.000000 -1.000000 -0.000000
vn 0.000000 -1.000000 -0.000000
vn 1.000000 0.000000 0.000000
vn 1.000000 0.000000 0.000000
vn 1.000000 0.000000 0.000000
vn 1.000000 0.000000 0.000000
vn 1.000000 0.000000 0.000000
vn 1.000000 0.000000 0.000000
vn 1.000000 0.000000 0.000000
vn 1.000000 0.000000 0.000000
vn 1.000000 0.000000 0.000000
vn -1.000000 0.000000 0.000000
vn -1.000000 0.000000 0.000000
vn -1.000000 0.000000 0.000000
vn -1.000000 0.000000 0.000000
vn -1.000000 0.000000 0.000000
vn -1.000000 0.000000 0.000000
vn -1.000000 0.000000 0.000000
vn 1.000000 0.000000 0.000000
vn 1.000000 0.000000 0.000000
vn 1.000000 0.000000 0.000000
vn 1.000000 0.000000 0.000000
vn 1.000000 0.000000 0.000000
vn 1.000000 0.000000 0.000000
vn 1.000000 0.000000 0.000000
vn 1.000000 0.000000 0.000000
vn 1.000000 0.000000 0.000000
vn 1.000000 0.000000 0.000000
vn 1.000000 0.000000 0.000000
vn 1.000000 0.000000 0.000000
vn 1.000000 0.000000 0.000000
vn 1.000000 0.000000 0.000000
vn 1.000000 0.000000 0.000000
vn 1.000000 0.000000 0.000000
vn 1.000000 0.000000 0.000000
vn 1.000000 0.000000 0.000000
vn 1.000000 0.000000 0.000000
vn 1.000000 0.000000 0.000000
vn 1.000000 0.000000 0.000000
vn 1.000000 0.000000 0.000000
vn 1.000000 0.000000 0.000000
vn 1.000000 0.000000 0.000000
vn 1.000000 0.000000 0.000000
vn 1.000000 0.000000 0.000000
vn 0.000000 0.000000 -1.000000
vn 0.000000 0.000000 -1.000000
vn 0.000000 0.000000 -1.000000
vn 0.000000 0.000000 -1.000000
vn 0.000000 0.000000 -1.000000
vn 0.000000 0.000000 -1.000000
vn 0.000000 -1.000000 -0.000000
vn 0.000000 -1.000000 -0.000000
vn 0.000000 -1.000000 -0.000000
vn 0.000000 -0.000000 1.000000
vn 0.000000 -0.000000 1.000000
vn 0.000000 -0.000000 1.000000
vn 0.000000 -0.000000 1.000000
vn 0.000000 -0.000000 1.000000
vn 0.000000 -0.000000 1.000000
vn 0.000000 -0.000000 1.000000
vn 0.000000 -0.000000 1.000000
vn 0.000000 -0.000000 1.000000
vn 0.000000 -0.000000 1.000000
vn 0.000000 -0.000000 1.000000
vn 0.000000 -0.000000 1.000000
vn 0.000000 -0.000000 1.000000
vn 0.000000 -0.000000 1.000000
vn 0.000000 -0.000000 1.000000
vn 0.000000 -0.000000 1.000000
vn 0.000000 -0.000000 1.000000
vn 0.000000 -0.000000 1.000000
vn 0.000000 -0.000000 1.000000
vn 0.000000 -0.000000 1.000000
vn 0.000000 -0.000000 1.000000
vn 0.000000 -0.000000 1.000000
vn 0.000000 -0.000000 1.000000
vn 0.000000 -0.000000 1.000000
vn 0.000000 -0.000000 1.000000
vn -1.000000 0.000000 0.000000
vn -1.000000 0.000000 0.000000
vn -1.000000 0.000000 0.000000
vn -1.000000 0.000000 0.000000
vn -1.000000 0.000000 0.000000
vn -1.000000 0.000000 0.000000
vn -1.000000 0.000000 0.000000
vn -1.000000 0.000000 0.000000
vn -1.000000 0.000000 0.000000
vn 1.000000 0.000000 0.000000
vn 1.000000 0.000000 0.000000
vn 1.000000 0.000000 0.000000
vn 1.000000 0.000000 0.000000
vn 1.000000 0.000000 0.000000
vn 0.000000 -1.000000 -0.000000
vn 0.000000 -1.000000 -0.000000
vn 0.000000 -1.000000 -0.000000
vn 0.000000 -0.000000 1.000000
vn 0.000000 -0.000000 1.000000
vn 0.000000 -0.000000 1.000000
vn 0.000000 -0.000000 1.000000
vn 0.000000 -0.000000 1.000000
vn 0.000000 -0.000000 1.000000
vn 0.000000 -0.000000 1.000000
vn 0.000000 -0.000000 1.000000
vn 0.000000 -0.000000 1.000000
vn 0.000000 -0.000000 1.000000
vn 0.000000 -0.000000 1.000000
vn 0.000000 -0.000000 1.000000
vn 0.000000 -0.000000 1.000000
vn 0.000000 -0.000000 1.000000
vn 0.000000 -0.000000 1.000000
vn 0.000000 -0.000000 1.000000
vn 0.000000 -0.000000 1.000000
vn 0.000000 -0.000000 1.000000
vn 0.000000 -0.000000 1.000000
vn 0.000000 -0.000000 1.000000
vn 0.000000 -0.000000 1.000000
vn 0.000000 -0.000000 1.000000
vn 0.000000 -0.000000 1.000000
vn 0.000000 -0.000000 1.000000
vn 0.000000 -0.000000 1.000000
vn 0.000000 -0.000000 1.000000
vn 0.000000 -0.000000 1.000000
vn 0.000000 -0.000000 1.000000
vn 0.000000 -0.000000 1.000000
vn 0.000000 -0.000000 1.000000
vn 0.000000 -0.000000 1.000000
vn 0.000000 -0.000000 1.000000
vn 0.000000 -0.000000 1.000000
vn 0.000000 -0.000000 1.000000
vn 0.000000 -0.000000 1.000000
vn 0.000000 -0.000000 1.000000
vn 0.000000 -0.000000 1.000000
vn 0.000000 -0.000000 1.000000
vn 0.000000 -0.000000 1.000000
vn 0.000000 -0.000000 1.000000
vn 0.000000 -0.000000 1.000000
vn 0.000000 -0.000000 1.000000
vn 0.000000 -0.000000 1.000000
vn 0.000000 -0.000000 1.000000
vn 0.000000 -0.000000 1.000000
vn 0.000000 -0.000000 1.000000
vn 0.000000 -0.000000 1.000000
vn 0.000000 -0.000000 1.000000
vn 0.000000 -0.000000 1.000000
vn 0.000000 -0.000000 1.000000
vn 0.000000 -0.000000 1.000000
vn 0.000000 -0.000000 1.000000
vn 0.000000 -0.000000 1.000000
vn 0.000000 -0.000000 1.000000
vn 0.000000 -0.000000 1.000000
vn 0.000000 -0.000000 1.000000
vn 0.000000 -0.000000 1.000000
vn 0.000000 -0.000000 1.000000
vn 0.000000 -0.000000 1.000000
vn 0.000000 -0.000000 1.000000
vn 0.000000 -0.000000 1.000000
vn 0.000000 -0.000000 1.000000
vn 0.000000 -0.000000 1.000000
vn 0.000000 -0.000000 1.000000
vn 0.000000 -0.000000 1.000000
vn 0.000000 -0.000000 1.000000
vn 0.000000 -0.000000 1.000000
vn 0.000000 -0.000000 1.000000
vn 0.000000 -0.000000 1.000000
vn 0.000000 -0.000000 1.000000
vn 0.000000 -0.000000 1.000000
vn 0.000000 -0.000000 1.000000
vn 0.000000 -0.000000 1.000000
vn 0.000000 -0.000000 1.000000
vn 0.000000 -0.000000 1.000000
vn 0.000000 -0.000000 1.000000
vn 0.000000 -0.000000 1.000000
vn 0.000000 -0.000000 1.000000
vn 0.000000 -0.000000 1.000000
vn 0.000000 -0.000000 1.000000
vn 0.000000 -0.000000 1.000000
vn 0.000000 -0.000000 1.000000
vn 0.000000 -0.000000 1.000000
vn 0.000000 -0.000000 1.000000
vn 0.000000 -0.000000 1.000000
vn 0.000000 -0.000000 1.000000
vn 0.000000 -0.000000 1.000000
vn 0.000000 -0.000000 1.000000
vn 0.000000 -0.000000 1.000000
vn 0.000000 -0.000000 1.000000
vn 0.000000 -0.000000 1.000000
vn 0.000000 0.000000 -1.000000
vn 0.000000 0.000000 -1.000000
vn 0.000000 0.000000 -1.000000
vn 0.000000 -1.000000 -0.000000
vn 0.000000 -1.000000 -0.000000
vn 0.000000 -1.000000 -0.000000
vn 0.000000 0.000000 -1.000000
vn 0.000000 0.000000 -1.000000
vn 0.000000 0.000000 -1.000000
vn 0.000000 1.000000 0.000000
vn 0.000000 1.000000 0.000000
vn 0.000000 1.000000 0.000000
vn 0.000000 0.000000 -1.000000
vn 0.000000 0.000000 -1.000000
vn 0.000000 0.000000 -1.000000
vn 0.000000 0.000000 -1.000000
vn 0.000000 0.000000 -1.000000
vn 0.000000 0.000000 -1.000000
vn 0.000000 0.000000 -1.000000
vn 0.000000 0.000000 -1.000000
vn 0.000000 0.000000 -1.000000
vn 0.000000 0.000000 -1.000000
vn 0.000000 0.000000 -1.000000
vn 0.000000 0.000000 -1.000000
vn 0.000000 0.000000 -1.000000
vn 0.000000 0.000000 -1.000000
vn 0.000000 0.000000 -1.000000
vn -1.000000 0.000000 0.000000
vn -1.000000 0.000000 0.000000
vn -1.000000 0.000000 0.000000
vn -1.000000 0.000000 0.000000
vn -1.000000 0.000000 0.000000
vn -1.000000 0.000000 0.000000
vn -1.000000 0.000000 0.000000
vn -1.000000 0.000000 0.000000
vn -1.000000 0.000000 0.000000
vn -1.000000 0.000000 0.000000
vn -1.000000 0.000000 0.000000
vn -1.000000 0.000000 0.000000
vn -1.000000 0.000000 0.000000
vn -1.000000 0.000000 0.000000
vn -1.000000 0.000000 0.000000
vn -1.000000 0.000000 0.000000
vn -1.000000 0.000000 0.000000
vn -1.000000 0.000000 0.000000
vn -1.000000 0.000000 0.000000
vn -1.000000 0.000000 0.000000
vn -1.000000 0.000000 0.000000
vn -1.000000 0.000000 0.000000
vn -1.000000 0.000000 0.000000
vn -1.000000 0.000000 0.000000
vn -1.000000 0.000000 0.000000
vn -1.000000 0.000000 0.000000
vn -1.000000 0.000000 0.000000
vn -1.000000 0.000000 0.000000
vn -1.000000 0.000000 0.000000
vn -1.000000 0.000000 0.000000
vn -1.000000 0.000000 0.000000
vn -1.000000 0.000000 0.000000
vn 0.000000 0.000000 -1.000000
vn 0.000000 0.000000 -1.000000
vn 0.000000 0.000000 -1.000000
vn 0.000000 -1.000000 -0.000000
vn 0.000000 -1.000000 -0.000000
vn 0.000000 -1.000000 -0.000000
vn -1.000000 0.000000 0.000000
vn -1.000000 0.000000 0.000000
vn -1.000000 0.000000 0.000000
vn -1.000000 0.000000 0.000000
vn -1.000000 0.000000 0.000000
vn -1.000000 0.000000 0.000000
vn 1.000000 0.000000 0.000000
vn 1.000000 0.000000 0.000000
vn 1.000000 0.000000 0.000000
vn 1.000000 0.000000 0.000000
vn 1.000000 0.000000 0.000000
vn 1.000000 0.000000 0.000000
vn 1.000000 0.000000 0.000000
vn -1.000000 0.000000 0.000000
vn -1.000000 0.000000 0.000000
vn -1.000000 0.000000 0.000000
vn -1.000000 0.000000 0.000000
vn -1.000000 0.000000 0.000000
vn -1.000000 0.000000 0.000000
vn -1.000000 0.000000 0.000000
vn -1.000000 0.000000 0.000000
vn -1.000000 0.000000 0.000000
vn -1.000000 0.000000 0.000000
vn -1.000000 0.000000 0.000000
vn -1.000000 0.000000 0.000000
vn -1.000000 0.000000 0.000000
vn -1.000000 0.000000 0.000000
vn -1.000000 0.000000 0.000000
vn -1.000000 0.000000 0.000000
vn -1.000000 0.000000 0.000000
vn -1.000000 0.000000 0.000000
vn -1.000000 0.000000 0.000000
vn 0.000000 0.000000 -1.000000
vn 0.000000 0.000000 -1.000000
vn 0.000000 0.000000 -1.000000
vn 0.000000 0.000000 -1.000000
vn 0.000000 0.000000 -1.000000
vn 0.000000 0.000000 -1.000000
vn 0.000000 0.000000 -1.000000
vn 0.000000 0.000000 -1.000000
vn 0.000000 0.000000 -1.000000
vn 0.000000 0.000000 -1.000000
vn 0.000000 0.000000 -1.000000
vn 0.000000 0.000000 -1.000000
vn 0.000000 0.000000 -1.000000
vn 0.000000 0.000000 -1.000000
vn 0.000000 0.000000 -1.000000
vn 0.000000 -1.000000 -0.000000
vn 0.000000 -1.000000 -0.000000
vn 0.000000 -1.000000 -0.000000
vn 0.000000 -1.000000 -0.000000
vn 0.000000 -1.000000 -0.000000
vn 0.000000 -1.000000 -0.000000
vn 0.000000 -1.000000 -0.000000
vn 0.000000 1.000000 0.000000
vn 0.000000 1.000000 0.000000
vn 0.000000 1.000000 0.000000
vn 1.000000 0.000000 0.000000
vn 1.000000 0.000000 0.000000
vn 1.000000 0.000000 0.000000
vn 1.000000 0.000000 0.000000
vn 1.000000 0.000000 0.000000
vn 1.000000 0.000000 0.000000
vn 1.000000 0.000000 0.000000
vn 1.000000 0.000000 0.000000
vn 1.000000 0.000000 0.000000
vn 1.000000 0.000000 0.000000
vn 1.000000 0.000000 0.000000
vn 1.000000 0.000000 0.000000
vn 1.000000 0.000000 0.000000
vn 1.000000 0.000000 0.000000
vn 1.000000 0.000000 0.000000
vn 1.000000 0.000000 0.000000
vn 1.000000 0.000000 0.000000
vn 1.000000 0.000000 0.000000
vn 1.000000 0.000000 0.000000
vn 1.000000 0.000000 0.000000
vn 1.000000 0.000000 0.000000
vn 1.000000 0.000000 0.000000
vn 1.000000 0.000000 0.000000
vn 1.000000 0.000000 0.000000
vn 1.000000 0.000000 0.000000
vn 1.000000 0.000000 0.000000
vn 1.000000 0.000000 0.000000
vn 1.000000 0.000000 0.000000
vn 1.000000 0.000000 0.000000
vn 1.000000 0.000000 0.000000
vn 1.000000 0.000000 0.000000
vn 1.000000 0.000000 0.000000
vn 1.000000 0.000000 0.000000
vn -1.000000 0.000000 0.000000
vn -1.000000 0.000000 0.000000
vn -1.000000 0.000000 0.000000
vn -1.000000 0.000000 0.000000
vn -1.000000 0.000000 0.000000
vn -1.000000 0.000000 0.000000
vn -1.000000 0.000000 0.000000
vn -1.000000 0.000000 0.000000
vn -1.000000 0.000000 0.000000
vn -1.000000 0.000000 0.000000
vn -1.000000 0.000000 0.000000
vn -1.000000 0.000000 0.000000
vn -1.000000 0.000000 0.000000
vn -1.000000 0.000000 0.000000
vn 1.000000 0.000000 0.000000
vn 1.000000 0.000000 0.000000
vn 1.000000 0.000000 0.000000
vn 1.000000 0.000000 0.000000
vn 1.000000 0.000000 0.000000
vn 1.000000 0.000000 0.000000
vn 1.000000 0.000000 0.000000
vn 1.000000 0.000000 0.000000
vn 1.000000 0.000000 0.000000
vn 1.000000 0.000000 0.000000
vn 0.000000 -0.000000 1.000000
vn 0.000000 -0.000000 1.000000
vn 0.000000 -0.000000 1.000000
vn 0.000000 -0.000000 1.000000
vn 0.000000 -0.000000 1.000000
vn 0.000000 -0.000000 1.000000
vn 0.000000 -0.000000 1.000000
vn 0.000000 -0.000000 1.000000
vn 1.000000 0.000000 0.000000
vn 1.000000 0.000000 0.000000
vn 1.000000 0.000000 0.000000
vn 1.000000 0.000000 0.000000
vn 1.000000 0.000000 0.000000
vn 1.000000 0.000000 0.000000
vn 1.000000 0.000000 0.000000
vn 1.000000 0.000000 0.000000
vn 1.000000 0.000000 0.000000
vn 1.000000 0.000000 0.000000
vn 1.000000 0.000000 0.000000
vn 1.000000 0.000000 0.000000
vn 1.000000 0.000000 0.000000
vn 1.000000 0.000000 0.000000
vn 1.000000 0.000000 0.000000
vn 0.000000 -1.000000 -0.000000
vn 0.000000 -1.000000 -0.000000
vn 0.000000 -1.000000 -0.000000
vn -1.000000 0.000000 0.000000
vn -1.000000 0.000000 0.000000
vn -1.000000 0.000000 0.000000
vn -1.000000 0.000000 0.000000
vn -1.000000 0.000000 0.000000
vn -1.000000 0.000000 0.000000
vn -1.000000 0.000000 0.000000
vn 0.000000 1.000000 0.000000
vn 0.000000 1.000000 0.000000
vn 0.000000 1.000000 0.000000
vn 0.000000 -0.000000 1.000000
vn 0.000000 -0.000000 1.000000
vn 0.000000 -0.000000 1.000000
vn 0.000000 1.000000 0.000000
vn 0.000000 1.000000 0.000000
vn 0.000000 1.000000 0.000000
vn 0.000000 1.000000 0.000000
vn 0.000000 1.000000 0.000000
vn 0.000000 1.000000 0.000000
vn 0.000000 0.000000 -1.000000
vn 0.000000 0.000000 -1.000000
vn 0.000000 0.000000 -1.000000
vn -1.000000 0.000000 0.000000
vn -1.000000 0.000000 0.000000
vn -1.000000 0.000000 0.000000
vn -1.000000 0.000000 0.000000
vn -1.000000 0.000000 0.000000
vn -1.000000 0.000000 0.000000
vn -1.000000 0.000000 0.000000
vn -1.000000 0.000000 0.000000
vn -1.000000 0.000000 0.000000
vn -1.000000 0.000000 0.000000
vn -1.000000 0.000000 0.000000
vn -1.000000 0.000000 0.000000
vn -1.000000 0.000000 0.000000
vn -1.000000 0.000000 0.000000
vn 0.000000 1.000000 0.000000
vn 0.000000 1.000000 0.000000
vn 0.000000 1.000000 0.000000
vn 0.000000 1.000000 0.000000
vn 0.000000 1.000000 0.000000
vn 0.000000 1.000000 0.000000
vn 0.000000 -0.000000 1.000000
vn 0.000000 -0.000000 1.000000
vn 0.000000 -0.000000 1.000000
vn 0.000000 -0.000000 1.000000
vn 0.000000 -0.000000 1.000000
vn 0.000000 -0.000000 1.000000
vn 0.000000 -0.000000 1.000000
vn 0.000000 -0.000000 1.000000
vn 0.000000 -0.000000 1.000000
vn 0.000000 -1.000000 -0.000000
vn 0.000000 -1.000000 -0.000000
vn 0.000000 -1.000000 -0.000000
vn 0.000000 -1.000000 -0.000000
vn 0.000000 -1.000000 -0.000000
vn 0.000000 -1.000000 -0.000000
vn 0.000000 -1.000000 -0.000000
vn 0.000000 -1.000000 -0.000000
vn 0.000000 -1.000000 -0.000000
vn 1.000000 0.000000 0.000000
vn 1.000000 0.000000 0.000000
vn 1.000000 0.000000 0.000000
vn 1.000000 0.000000 0.000000
vn 1.000000 0.000000 0.000000
vn 1.000000 0.000000 0.000000
vn 1.000000 0.000000 0.000000
vn 1.000000 0.000000 0.000000
vn 1.000000 0.000000 0.000000
vn 1.000000 0.000000 0.000000
vn 1.000000 0.000000 0.000000
vn 1.000000 0.000000 0.000000
vn -1.000000 0.000000 0.000000
vn -1.000000 0.000000 0.000000
vn -1.000000 0.000000 0.000000
vn 1.000000 0.000000 0.000000
vn 1.000000 0.000000 0.000000
vn 1.000000 0.000000 0.000000
vn 1.000000 0.000000 0.000000
vn 1.000000 0.000000 0.000000
vn 1.000000 0.000000 0.000000
vn 1.000000 0.000000 0.000000
vn 1.000000 0.000000 0.000000
vn 1.000000 0.000000 0.000000
vn 1.000000 0.000000 0.000000
vn 1.000000 0.000000 0.000000
vn 1.000000 0.000000 0.000000
vn 1.000000 0.000000 0.000000
vn 1.000000 0.000000 0.000000
vn 1.000000 0.000000 0.000000
vn 1.000000 0.000000 0.000000
vn 1.000000 0.000000 0.000000
vn 1.000000 0.000000 0.000000
vn 0.000000 0.000000 -1.000000
vn 0.000000 0.000000 -1.000000
vn 0.000000 0.000000 -1.000000
vn 1.000000 0.000000 0.000000
vn 1.000000 0.000000 0.000000
vn 1.000000 0.000000 0.000000
vn 0.000000 1.000000 0.000000
vn 0.000000 1.000000 0.000000
vn 0.000000 1.000000 0.000000
vn 0.000000 1.000000 0.000000
vn 0.000000 1.000000 0.000000
vn 0.000000 1.000000 0.000000
vn 0.000000 0.000000 -1.000000
vn 0.000000 0.000000 -1.000000
vn 0.000000 0.000000 -1.000000
vn 0.000000 0.000000 -1.000000
vn 0.000000 0.000000 -1.000000
vn 0.000000 0.000000 -1.000000
vn -1.000000 0.000000 0.000000
vn -1.000000 0.000000 0.000000
vn -1.000000 0.000000 0.000000
vn -1.000000 0.000000 0.000000
vn -1.000000 0.000000 0.000000
vn -1.000000 0.000000 0.000000
vn 1.000000 0.000000 0.000000
vn 1.000000 0.000000 0.000000
vn 1.000000 0.000000 0.000000
vn 1.000000 0.000000 0.000000
vn 1.000000 0.000000 0.000000
vn 1.000000 0.000000 0.000000
vn 1.000000 0.000000 0.000000
vn 1.000000 0.000000 0.000000
vn 1.000000 0.000000 0.000000
vn 1.000000 0.000000 0.000000
vn 1.000000 0.000000 0.000000
vn 1.000000 0.000000 0.000000
vn 1.000000 0.000000 0.000000
vn 1.000000 0.000000 0.000000
vn 1.000000 0.000000 0.000000
vn 1.000000 0.000000 0.000000
vn 1.000000 0.000000 0.000000
vn 0.000000 -1.000000 -0.000000
vn 0.000000 -1.000000 -0.000000
vn 0.000000 -1.000000 -0.000000
vn 0.000000 -1.000000 -0.000000
vn 0.000000 -1.000000 -0.000000
vn 0.000000 -1.000000 -0.000000
vn 1.000000 0.000000 0.000000
vn 1.000000 0.000000 0.000000
vn 1.000000 0.000000 0.000000
vn 1.000000 0.000000 0.000000
vn 1.000000 0.000000 0.000000
vn 1.000000 0.000000 0.000000
vn 1.000000 0.000000 0.000000
vn 1.000000 0.000000 0.000000
vn 1.000000 0.000000 0.000000
vn -1.000000 0.000000 0.000000
vn -1.000000 0.000000 0.000000
vn -1.000000 0.000000 0.000000
vn -1.000000 0.000000 0.000000
vn -1.000000 0.000000 0.000000
vn -1.000000 0.000000 0.000000
vn -1.000000 0.000000 0.000000
vn -1.000000 0.000000 0.000000
vn -1.000000 0.000000 0.000000
vn 1.000000 0.000000 0.000000
vn 1.000000 0.000000 0.000000
vn 1.000000 0.000000 0.000000
vn 1.000000 0.000000 0.000000
vn 1.000000 0.000000 0.000000
vn 1.000000 0.000000 0.000000
vn 1.000000 0.000000 0.000000
vn 1.000000 0.000000 0.000000
vn 1.000000 0.000000 0.000000
vn 1.000000 0.000000 0.000000
vn 1.000000 0.000000 0.000000
vn 1.000000 0.000000 0.000000
vn 1.000000 0.000000 0.000000
vn 1.000000 0.000000 0.000000
vn 1.000000 0.000000 0.000000
vn 1.000000 0.000000 0.000000
vn 1.000000 0.000000 0.000000
vn 1.000000 0.000000 0.000000
vn 0.000000 0.000000 -1.000000
vn 0.000000 0.000000 -1.000000
vn 0.000000 0.000000 -1.000000
vn 0.000000 0.000000 -1.000000
vn 0.000000 0.000000 -1.000000
vn 0.000000 0.000000 -1.000000
vn 0.000000 1.000000 0.000000
vn 0.000000 1.000000 0.000000
vn 0.000000 1.000000 0.000000
vn 0.000000 1.000000 0.000000
vn 0.000000 1.000000 0.000000
vn 0.000000 1.000000 0.000000
vn -1.000000 0.000000 0.000000
vn -1.000000 0.000000 0.000000
vn -1.000000 0.000000 0.000000
vn -1.000000 0.000000 0.000000
vn -1.000000 0.000000 0.000000
vn -1.000000 0.000000 0.000000
vn -1.000000 0.000000 0.000000
vn -1.000000 0.000000 0.000000
vn -1.000000 0.000000 0.000000
vn -1.000000 0.000000 0.000000
vn -1.000000 0.000000 0.000000
vn -1.000000 0.000000 0.000000
vn -1.000000 0.000000 0.000000
vn -1.000000 0.000000 0.000000
vn -1.000000 0.000000 0.000000
vn -1.000000 0.000000 0.000000
vn -1.000000 0.000000 0.000000
vn -1.000000 0.000000 0.000000
vn 1.000000 0.000000 0.000000
vn 1.000000 0.000000 0.000000
vn 1.000000 0.000000 0.000000
vn 0.000000 0.000000 -1.000000
vn 0.000000 0.000000 -1.000000
vn 0.000000 0.000000 -1.000000
vn 0.000000 1.000000 0.000000
vn 0.000000 1.000000 0.000000
vn 0.000000 1.000000 0.000000
vn 0.000000 1.000000 0.000000
vn 0.000000 1.000000 0.000000
vn 0.000000 1.000000 0.000000
vn 0.000000 1.000000 0.000000
vn 0.000000 1.000000 0.000000
vn 0.000000 1.000000 0.000000
vn 0.000000 1.000000 0.000000
vn 0.000000 1.000000 0.000000
vn 0.000000 1.000000 0.000000
vn 1.000000 0.000000 0.000000
vn 1.000000 0.000000 0.000000
vn 1.000000 0.000000 0.000000
vn 1.000000 0.000000 0.000000
vn 1.000000 0.000000 0.000000
vn 1.000000 0.000000 0.000000
vn 1.000000 0.000000 0.000000
vn 1.000000 0.000000 0.000000
vn 1.000000 0.000000 0.000000
vn 1.000000 0.000000 0.000000
vn 1.000000 0.000000 0.000000
vn 1.000000 0.000000 0.000000
vn 0.000000 -1.000000 -0.000000
vn 0.000000 -1.000000 -0.000000
vn 0.000000 -1.000000 -0.000000
vn 0.000000 -1.000000 -0.000000
vn 0.000000 -1.000000 -0.000000
vn 0.000000 -1.000000 -0.000000
vn 0.000000 -1.000000 -0.000000
vn 0.000000 -1.000000 -0.000000
vn 0.000000 -1.000000 -0.000000
vn 1.000000 0.000000 0.000000
vn 1.000000 0.000000 0.000000
vn 1.000000 0.000000 0.000000
vn 1.000000 0.000000 0.000000
vn 1.000000 0.000000 0.000000
vn 1.000000 0.000000 0.000000
vn -1.000000 0.000000 0.000000
vn -1.000000 0.000000 0.000000
vn -1.000000 0.000000 0.000000
vn -1.000000 0.000000 0.000000
vn -1.000000 0.000000 0.000000
vn -1.000000 0.000000 0.000000
vn -1.000000 0.000000 0.000000
vn -1.000000 0.000000 0.000000
vn -1.000000 0.000000 0.000000
vn 1.000000 0.000000 0.000000
vn 1.000000 0.000000 0.000000
vn 1.000000 0.000000 0.000000
vn 1.000000 0.000000 0.000000
vn 1.000000 0.000000 0.000000
vn 1.000000 0.000000 0.000000
vn 1.000000 0.000000 0.000000
vn 1.000000 0.000000 0.000000
vn 1.000000 0.000000 0.000000
vn 1.000000 0.000000 0.000000
vn 1.000000 0.000000 0.000000
vn 1.000000 0.000000 0.000000
vn 1.000000 0.000000 0.000000
vn 1.000000 0.000000 0.000000
vn 1.000000 0.000000 0.000000
vn 1.000000 0.000000 0.000000
vn 1.000000 0.000000 0.000000
vn 1.000000 0.000000 0.000000
vn 1.000000 0.000000 0.000000
vn 1.000000 0.000000 0.000000
vn 1.000000 0.000000 0.000000
vn 1.000000 0.000000 0.000000
vn 1.000000 0.000000 0.000000
vn 1.000000 0.000000 0.000000
vn 1.000000 0.000000 0.000000
vn 1.000000 0.000000 0.000000
vn 1.000000 0.000000 0.000000
vn 1.000000 0.000000 0.000000
vn 1.000000 0.000000 0.000000
vn 1.000000 0.000000 0.000000
vn 0.000000 -0.000000 1.000000
vn 0.000000 -0.000000 1.000000
vn 0.000000 -0.000000 1.000000
vn 1.000000 0.000000 0.000000
vn 1.000000 0.000000 0.000000
vn 1.000000 0.000000 0.000000
vn 1.000000 0.000000 0.000000
vn 1.000000 0.000000 0.000000
vn 1.000000 0.000000 0.000000
vn 1.000000 0.000000 0.000000
vn 1.000000 0.000000 0.000000
vn 1.000000 0.000000 0.000000
vn -1.000000 0.000000 0.000000
vn -1.000000 0.000000 0.000000
vn -1.000000 0.000000 0.000000
vn -1.000000 0.000000 0.000000
vn -1.000000 0.000000 0.000000
vn -1.000000 0.000000 0.000000
vn -1.000000 0.000000 0.000000
vn -1.000000 0.000000 0.000000
vn -1.000000 0.000000 0.000000
vn -1.000000 0.000000 0.000000
vn -1.000000 0.000000 0.000000
vn -1.000000 0.000000 0.000000
vn -1.000000 0.000000 0.000000
vn -1.000000 0.000000 0.000000
vn -1.000000 0.000000 0.000000
vn -1.000000 0.000000 0.000000
vn -1.000000 0.000000 0.000000
vn -1.000000 0.000000 0.000000
vn -1.000000 0.000000 0.000000
vn -1.000000 0.000000 0.000000
vn -1.000000 0.000000 0.000000
vn -1.000000 0.000000 0.000000
vn -1.000000 0.000000 0.000000
vn -1.000000 0.000000 0.000000
vn -1.000000 0.000000 0.000000
vn 0.000000 1.000000 0.000000
vn 0.000000 1.000000 0.000000
vn 0.000000 1.000000 0.000000
vn -1.000000 0.000000 0.000000
vn -1.000000 0.000000 0.000000
vn -1.000000 0.000000 0.000000
vn -1.000000 0.000000 0.000000
vn -1.000000 0.000000 0.000000
vn -1.000000 0.000000 0.000000
vn 1.000000 0.000000 0.000000
vn 1.000000 0.000000 0.000000
vn 1.000000 0.000000 0.000000
vn 1.000000 0.000000 0.000000
vn 1.000000 0.000000 0.000000
vn 1.000000 0.000000 0.000000
vn 1.000000 0.000000 0.000000
vn 1.000000 0.000000 0.000000
vn 1.000000 0.000000 0.000000
vn 1.000000 0.000000 0.000000
vn 1.000000 0.000000 0.000000
vn 1.000000 0.000000 0.000000
vn 1.000000 0.000000 0.000000
vn 1.000000 0.000000 0.000000
vn 1.000000 0.000000 0.000000
vn 1.000000 0.000000 0.000000
vn 1.000000 0.000000 0.000000
vn 1.000000 0.000000 0.000000
vn 1.000000 0.000000 0.000000
vn 1.000000 0.000000 0.000000
vn 0.000000 0.000000 -1.000000
vn 0.000000 0.000000 -1.000000
vn 0.000000 0.000000 -1.000000
vn 0.000000 -0.000000 1.000000
vn 0.000000 -0.000000 1.000000
vn 0.000000 -0.000000 1.000000
vn 0.000000 -0.000000 1.000000
vn 0.000000 -0.000000 1.000000
vn 0.000000 -0.000000 1.000000
vn 0.000000 -0.000000 1.000000
vn 0.000000 -0.000000 1.000000
vn 0.000000 -0.000000 1.000000
vn -1.000000 0.000000 0.000000
vn -1.000000 0.000000 0.000000
vn -1.000000 0.000000 0.000000
vn -1.000000 0.000000 0.000000
vn -1.000000 0.000000 0.000000
vn -1.000000 0.000000 0.000000
vn -1.000000 0.000000 0.000000
vn -1.000000 0.000000 0.000000
vn -1.000000 0.000000 0.000000
vn -1.000000 0.000000 0.000000
vn -1.000000 0.000000 0.000000
vn -1.000000 0.000000 0.000000
vn 0.000000 -1.000000 -0.000000
vn 0.000000 -1.000000 -0.000000
vn 0.000000 -1.000000 -0.000000
vn 0.000000 -1.000000 -0.000000
vn 0.000000 -1.000000 -0.000000
vn 0.000000 -1.000000 -0.000000
vn 1.000000 0.000000 0.000000
vn 1.000000 0.000000 0.000000
vn 1.000000 0.000000 0.000000
vn 1.000000 0.000000 0.000000
vn 1.000000 0.000000 0.000000
vn 1.000000 0.000000 0.000000
vn 1.000000 0.000000 0.000000
vn 1.000000 0.000000 0.000000
vn 1.000000 0.000000 0.000000
vn 0.000000 1.000000 0.000000
vn 0.000000 1.000000 0.000000
vn 0.000000 1.000000 0.000000
vn 0.000000 1.000000 0.000000
vn 0.000000 1.000000 0.000000
vn 0.000000 1.000000 0.000000
vn 0.000000 1.000000 0.000000
vn 0.000000 1.000000 0.000000
vn 0.000000 1.000000 0.000000
vn 1.000000 0.000000 0.000000
vn 1.000000 0.000000 0.000000
vn 1.000000 0.000000 0.000000
vn 1.000000 0.000000 0.000000
vn 1.000000 0.000000 0.000000
vn 1.000000 0.000000 0.000000
vn 1.000000 0.000000 0.000000
vn 1.000000 0.000000 0.000000
vn 1.000000 0.000000 0.000000
vn 1.000000 0.000000 0.000000
vn 1.000000 0.000000 0.000000
vn 1.000000 0.000000 0.000000
vn 1.000000 0.000000 0.000000
vn 1.000000 0.000000 0.000000
vn 1.000000 0.000000 0.000000
vn 1.000000 0.000000 0.000000
vn 1.000000 0.000000 0.000000
vn 1.000000 0.000000 0.000000
vn 1.000000 0.000000 0.000000
vn 1.000000 0.000000 0.000000
vn 1.000000 0.000000 0.000000
vn 1.000000 0.000000 0.000000
vn 1.000000 0.000000 0.000000
vn -1.000000 0.000000 0.000000
vn -1.000000 0.000000 0.000000
vn -1.000000 0.000000 0.000000
vn 0.000000 1.000000 0.000000
vn 0.000000 1.000000 0.000000
vn 0.000000 1.000000 0.000000
vn 0.000000 1.000000 0.000000
vn 0.000000 1.000000 0.000000
vn 0.000000 1.000000 0.000000
vn 1.000000 0.000000 0.000000
vn 1.000000 0.000000 0.000000
vn 1.000000 0.000000 0.000000
vn 1.000000 0.000000 0.000000
vn 1.000000 0.000000 0.000000
vn 1.000000 0.000000 0.000000
vn 1.000000 0.000000 0.000000
vn 1.000000 0.000000 0.000000
vn 1.000000 0.000000 0.000000
vn 1.000000 0.000000 0.000000
vn 1.000000 0.000000 0.000000
vn 1.000000 0.000000 0.000000
vn 1.000000 0.000000 0.000000
vn 1.000000 0.000000 0.000000
vn 1.000000 0.000000 0.000000
vn 1.000000 0.000000 0.000000
vn 1.000000 0.000000 0.000000
vn 1.000000 0.000000 0.000000
vn 1.000000 0.000000 0.000000
vn 1.000000 0.000000 0.000000
vn 1.000000 0.000000 0.000000
vn 1.000000 0.000000 0.000000
vn 1.000000 0.000000 0.000000
vn 1.000000 0.000000 0.000000
vn 1.000000 0.000000 0.000000
vn 1.000000 0.000000 0.000000
vn 1.000000 0.000000 0.000000
vn 1.000000 0.000000 0.000000
vn 1.000000 0.000000 0.000000
vn 1.000000 0.000000 0.000000
vn 1.000000 0.000000 0.000000
vn 1.000000 0.000000 0.000000
vn 0.000000 -1.000000 -0.000000
vn 0.000000 -1.000000 -0.000000
vn 0.000000 -1.000000 -0.000000
vn 0.000000 -1.000000 -0.000000
vn 0.000000 -1.000000 -0.000000
vn 0.000000 -1.000000 -0.000000
vn 0.000000 -1.000000 -0.000000
vn 0.000000 -1.000000 -0.000000
vn 0.000000 -1.000000 -0.000000
vn 0.000000 -0.000000 1.000000
vn 0.000000 -0.000000 1.000000
vn 0.000000 -0.000000 1.000000
vn 1.000000 0.000000 0.000000
vn 1.000000 0.000000 0.000000
vn 1.000000 0.000000 0.000000
vn 1.000000 0.000000 0.000000
vn 1.000000 0.000000 0.000000
vn 1.000000 0.000000 0.000000
vn 1.000000 0.000000 0.000000
vn 1.000000 0.000000 0.000000
vn 1.000000 0.000000 0.000000
vn -1.000000 0.000000 0.000000
vn -1.000000 0.000000 0.000000
vn -1.000000 0.000000 0.000000
vn -1.000000 0.000000 0.000000
vn -1.000000 0.000000 0.000000
vn -1.000000 0.000000 0.000000
vn -1.000000 0.000000 0.000000
vn -1.000000 0.000000 0.000000
vn -1.000000 0.000000 0.000000
vn -1.000000 0.000000 0.000000
vn -1.000000 0.000000 0.000000
vn -1.000000 0.000000 0.000000
vn 0.000000 1.000000 0.000000
vn 0.000000 1.000000 0.000000
vn 0.000000 1.000000 0.000000
vn 0.000000 1.000000 0.000000
vn 0.000000 1.000000 0.000000
vn 0.000000 1.000000 0.000000
vn 0.000000 1.000000 0.000000
vn 0.000000 1.000000 0.000000
vn 0.000000 1.000000 0.000000
vn -1.000000 0.000000 0.000000
vn -1.000000 0.000000 0.000000
vn -1.000000 0.000000 0.000000
vn -1.000000 0.000000 0.000000
vn -1.000000 0.000000 0.000000
vn -1.000000 0.000000 0.000000
vn -1.000000 0.000000 0.000000
vn -1.000000 0.000000 0.000000
vn -1.000000 0.000000 0.000000
vn 0.000000 0.000000 -1.000000
vn 0.000000 0.000000 -1.000000
vn 0.000000 0.000000 -1.000000
vn 0.000000 0.000000 -1.000000
vn 0.000000 0.000000 -1.000000
vn 1.000000 0.000000 0.000000
vn 1.000000 0.000000 0.000000
vn 1.000000 0.000000 0.000000
vn -1.000000 0.000000 0.000000
vn -1.000000 0.000000 0.000000
vn -1.000000 0.000000 0.000000
vn -1.000000 0.000000 0.000000
vn -1.000000 0.000000 0.000000
vn -1.000000 0.000000 0.000000
vn -1.000000 0.000000 0.000000
vn -1.000000 0.000000 0.000000
vn -1.000000 0.000000 0.000000
vn 1.000000 0.000000 0.000000
vn 1.000000 0.000000 0.000000
vn 1.000000 0.000000 0.000000
vn 1.000000 0.000000 0.000000
vn 1.000000 0.000000 0.000000
vn 1.000000 0.000000 0.000000
vn 1.000000 0.000000 0.000000
vn 1.000000 0.000000 0.000000
vn 1.000000 0.000000 0.000000
vn 1.000000 0.000000 0.000000
vn 1.000000 0.000000 0.000000
vn 1.000000 0.000000 0.000000
vn 1.000000 0.000000 0.000000
vn 1.000000 0.000000 0.000000
vn 1.000000 0.000000 0.000000
vn 0.000000 1.000000 0.000000
vn 0.000000 1.000000 0.000000
vn 0.000000 1.000000 0.000000
vn 0.000000 1.000000 0.000000
vn 0.000000 1.000000 0.000000
vn 0.000000 1.000000 0.000000
vn -1.000000 0.000000 0.000000
vn -1.000000 0.000000 0.000000
vn -1.000000 0.000000 0.000000
vn -1.000000 0.000000 0.000000
vn -1.000000 0.000000 0.000000
vn -1.000000 0.000000 0.000000
vn -1.000000 0.000000 0.000000
vn -1.000000 0.000000 0.000000
vn -1.000000 0.000000 0.000000
vn 0.000000 0.000000 -1.000000
vn 0.000000 0.000000 -1.000000
vn 0.000000 0.000000 -1.000000
vn 1.000000 0.000000 0.000000
vn 1.000000 0.000000 0.000000
vn 1.000000 0.000000 0.000000
vn 1.000000 0.000000 0.000000
vn 1.000000 0.000000 0.000000
vn 1.000000 0.000000 0.000000
vn 1.000000 0.000000 0.000000
vn 1.000000 0.000000 0.000000
vn 1.000000 0.000000 0.000000
vn 1.000000 0.000000 0.000000
vn 1.000000 0.000000 0.000000
vn 1.000000 0.000000 0.000000
vn 1.000000 0.000000 0.000000
vn 1.000000 0.000000 0.000000
vn 1.000000 0.000000 0.000000
vn 1.000000 0.000000 0.000000
vn 1.000000 0.000000 0.000000
vn 1.000000 0.000000 0.000000
vn -1.000000 0.000000 0.000000
vn -1.000000 0.000000 0.000000
vn -1.000000 0.000000 0.000000
vn -1.000000 0.000000 0.000000
vn -1.000000 0.000000 0.000000
vn -1.000000 0.000000 0.000000
vn -1.000000 0.000000 0.000000
vn -1.000000 0.000000 0.000000
vn -1.000000 0.000000 0.000000
vn -1.000000 0.000000 0.000000
vn -1.000000 0.000000 0.000000
vn -1.000000 0.000000 0.000000
vn -1.000000 0.000000 0.000000
vn -1.000000 0.000000 0.000000
vn -1.000000 0.000000 0.000000
vn -1.000000 0.000000 0.000000
vn -1.000000 0.000000 0.000000
vn -1.000000 0.000000 0.000000
vn -1.000000 0.000000 0.000000
vn -1.000000 0.000000 0.000000
vn -1.000000 0.000000 0.000000
vn -1.000000 0.000000 0.000000
vn -1.000000 0.000000 0.000000
vn -1.000000 0.000000 0.000000
vn -1.000000 0.000000 0.000000
vn -1.000000 0.000000 0.000000
vn -1.000000 0.000000 0.000000
vn -1.000000 0.000000 0.000000
vn -1.000000 0.000000 0.000000
vn -1.000000 0.000000 0.000000
vn -1.000000 0.000000 0.000000
vn -1.000000 0.000000 0.000000
vn -1.000000 0.000000 0.000000
vn 1.000000 0.000000 0.000000
vn 1.000000 0.000000 0.000000
vn 1.000000 0.000000 0.000000
vn 1.000000 0.000000 0.000000
vn 1.000000 0.000000 0.000000
vn 1.000000 0.000000 0.000000
vn 1.000000 0.000000 0.000000
vn 1.000000 0.000000 0.000000
vn 1.000000 0.000000 0.000000
vn 1.000000 0.000000 0.000000
vn 1.000000 0.000000 0.000000
vn 1.000000 0.000000 0.000000
vn 1.000000 0.000000 0.000000
vn 1.000000 0.000000 0.000000
vn 1.000000 0.000000 0.000000
vn 1.000000 0.000000 0.000000
vn 1.000000 0.000000 0.000000
vn 1.000000 0.000000 0.000000
vn 1.000000 0.000000 0.000000
vn 1.000000 0.000000 0.000000
vn 1.000000 0.000000 0.000000
vn 1.000000 0.000000 0.000000
vn 1.000000 0.000000 0.000000
vn 1.000000 0.000000 0.000000
vn 1.000000 0.000000 0.000000
vn 1.000000 0.000000 0.000000
vn 1.000000 0.000000 0.000000
vn 1.000000 0.000000 0.000000
vn 1.000000 0.000000 0.000000
vn -1.000000 0.000000 0.000000
vn -1.000000 0.000000 0.000000
vn -1.000000 0.000000 0.000000
vn 0.000000 -0.000000 1.000000
vn 0.000000 -0.000000 1.000000
vn 0.000000 -0.000000 1.000000
vn 1.000000 0.000000 0.000000
vn 1.000000 0.000000 0.000000
vn 1.000000 0.000000 0.000000
vn 0.000000 -1.000000 -0.000000
vn 0.000000 -1.000000 -0.000000
vn 0.000000 -1.000000 -0.000000
vn 0.000000 -1.000000 -0.000000
vn 0.000000 -1.000000 -0.000000
vn 0.000000 -1.000000 -0.000000
vn -1.000000 0.000000 0.000000
vn -1.000000 0.000000 0.000000
vn -1.000000 0.000000 0.000000
vn -1.000000 0.000000 0.000000
vn -1.000000 0.000000 0.000000
vn -1.000000 0.000000 0.000000
vn -1.000000 0.000000 0.000000
vn -1.000000 0.000000 0.000000
vn -1.000000 0.000000 0.000000
vn -1.000000 0.000000 0.000000
vn -1.000000 0.000000 0.000000
vn 1.000000 0.000000 0.000000
vn 1.000000 0.000000 0.000000
vn 1.000000 0.000000 0.000000
vn 1.000000 0.000000 0.000000
vn 1.000000 0.000000 0.000000
vn 1.000000 0.000000 0.000000
vn 1.000000 0.000000 0.000000
vn 1.000000 0.000000 0.000000
vn 1.000000 0.000000 0.000000
vn 0.000000 -1.000000 -0.000000
vn 0.000000 -1.000000 -0.000000
vn 0.000000 -1.000000 -0.000000
vn 0.000000 -1.000000 -0.000000
vn 0.000000 -1.000000 -0.000000
vn 0.000000 -1.000000 -0.000000
vn 0.000000 -1.000000 -0.000000
vn 0.000000 -1.000000 -0.000000
vn 0.000000 -1.000000 -0.000000
vn 0.000000 -1.000000 -0.000000
vn 0.000000 -1.000000 -0.000000
vn 0.000000 -1.000000 -0.000000
vn -1.000000 0.000000 0.000000
vn -1.000000 0.000000 0.000000
vn -1.000000 0.000000 0.000000
vn -1.000000 0.000000 0.000000
vn -1.000000 0.000000 0.000000
vn -1.000000 0.000000 0.000000
vn -1.000000 0.000000 0.000000
vn -1.000000 0.000000 0.000000
vn -1.000000 0.000000 0.000000
vn 1.000000 0.000000 0.000000
vn 1.000000 0.000000 0.000000
vn 1.000000 0.000000 0.000000
vn 1.000000 0.000000 0.000000
vn 1.000000 0.000000 0.000000
vn 1.000000 0.000000 0.000000
vn 1.000000 0.000000 0.000000
vn 1.000000 0.000000 0.000000
vn 1.000000 0.000000 0.000000
vn -1.000000 0.000000 0.000000
vn -1.000000 0.000000 0.000000
vn -1.000000 0.000000 0.000000
vn -1.000000 0.000000 0.000000
vn -1.000000 0.000000 0.000000
vn -1.000000 0.000000 0.000000
vn 0.000000 -1.000000 -0.000000
vn 0.000000 -1.000000 -0.000000
vn 0.000000 -1.000000 -0.000000
vn 0.000000 -1.000000 -0.000000
vn 0.000000 -1.000000 -0.000000
vn 0.000000 -1.000000 -0.000000
vn 1.000000 0.000000 0.000000
vn 1.000000 0.000000 0.000000
vn 1.000000 0.000000 0.000000
vn 0.000000 0.000000 -1.000000
vn 0.000000 0.000000 -1.000000
vn 0.000000 0.000000 -1.000000
vn -1.000000 0.000000 0.000000
vn -1.000000 0.000000 0.000000
vn -1.000000 0.000000 0.000000
vn -1.000000 0.000000 0.000000
vn -1.000000 0.000000 0.000000
vn -1.000000 0.000000 0.000000
vn -1.000000 0.000000 0.000000
vn -1.000000 0.000000 0.000000
vn -1.000000 0.000000 0.000000
vn -1.000000 0.000000 0.000000
vn -1.000000 0.000000 0.000000
vn -1.000000 0.000000 0.000000
vn 0.000000 -1.000000 -0.000000
vn 0.000000 -1.000000 -0.000000
vn 0.000000 -1.000000 -0.000000
vn 0.000000 -1.000000 -0.000000
vn 0.000000 -1.000000 -0.000000
vn 0.000000 -1.000000 -0.000000
vn 0.000000 0.000000 -1.000000
vn 0.000000 0.000000 -1.000000
vn 0.000000 0.000000 -1.000000
vn 1.000000 0.000000 0.000000
vn 1.000000 0.000000 0.000000
vn 1.000000 0.000000 0.000000
vn 1.000000 0.000000 0.000000
vn 1.000000 0.000000 0.000000
vn 1.000000 0.000000 0.000000
vn 1.000000 0.000000 0.000000
vn 1.000000 0.000000 0.000000
vn -1.000000 0.000000 0.000000
vn -1.000000 0.000000 0.000000
vn -1.000000 0.000000 0.000000
vn -1.000000 0.000000 0.000000
vn -1.000000 0.000000 0.000000
vn -1.000000 0.000000 0.000000
vn -1.000000 0.000000 0.000000
vn -1.000000 0.000000 0.000000
vn -1.000000 0.000000 0.000000
vn -1.000000 0.000000 0.000000
vn -1.000000 0.000000 0.000000
vn -1.000000 0.000000 0.000000
vn -1.000000 0.000000 0.000000
vn -1.000000 0.000000 0.000000
vn -1.000000 0.000000 0.000000
vn -1.000000 0.000000 0.000000
vn -1.000000 0.000000 0.000000
vn -1.000000 0.000000 0.000000
vn -1.000000 0.000000 0.000000
vn -1.000000 0.000000 0.000000
vn -1.000000 0.000000 0.000000
vn -1.000000 0.000000 0.000000
vn -1.000000 0.000000 0.000000
vn -1.000000 0.000000 0.000000
vn 0.000000 0.000000 -1.000000
vn 0.000000 0.000000 -1.000000
vn 0.000000 0.000000 -1.000000
vn 1.000000 0.000000 0.000000
vn 1.000000 0.000000 0.000000
vn 1.000000 0.000000 0.000000
vn 1.000000 0.000000 0.000000
vn 1.000000 0.000000 0.000000
vn 1.000000 0.000000 0.000000
vn -1.000000 0.000000 0.000000
vn -1.000000 0.000000 0.000000
vn -1.000000 0.000000 0.000000
vn -1.000000 0.000000 0.000000
vn -1.000000 0.000000 0.000000
vn 0.000000 1.000000 0.000000
vn 0.000000 1.000000 0.000000
vn 0.000000 1.000000 0.000000
vn 0.000000 1.000000 0.000000
vn 0.000000 1.000000 0.000000
vn 0.000000 1.000000 0.000000
vn 1.000000 0.000000 0.000000
vn 1.000000 0.000000 0.000000
vn 1.000000 0.000000 0.000000
vn 1.000000 0.000000 0.000000
vn 1.000000 0.000000 0.000000
vn 1.000000 0.000000 0.000000
vn -1.000000 0.000000 0.000000
vn -1.000000 0.000000 0.000000
vn -1.000000 0.000000 0.000000
vn -1.000000 0.000000 0.000000
vn -1.000000 0.000000 0.000000
vn -1.000000 0.000000 0.000000
vn -1.000000 0.000000 0.000000
vn -1.000000 0.000000 0.000000
vn -1.000000 0.000000 0.000000
vn -1.000000 0.000000 0.000000
vn -1.000000 0.000000 0.000000
vn -1.000000 0.000000 0.000000
vn -1.000000 0.000000 0.000000
vn -1.000000 0.000000 0.000000
vn -1.000000 0.000000 0.000000
vn -1.000000 0.000000 0.000000
vn -1.000000 0.000000 0.000000
vn 0.000000 -1.000000 -0.000000
vn 0.000000 -1.000000 -0.000000
vn 0.000000 -1.000000 -0.000000
vn 0.000000 -1.000000 -0.000000
vn 0.000000 -1.000000 -0.000000
vn 0.000000 -1.000000 -0.000000
vn 0.000000 1.000000 0.000000
vn 0.000000 1.000000 0.000000
vn 0.000000 1.000000 0.000000
vn -1.000000 0.000000 0.000000
vn -1.000000 0.000000 0.000000
vn -1.000000 0.000000 0.000000
vn -1.000000 0.000000 0.000000
vn -1.000000 0.000000 0.000000
vn -1.000000 0.000000 0.000000
vn -1.000000 0.000000 0.000000
vn -1.000000 0.000000 0.000000
vn -1.000000 0.000000 0.000000
vn -1.000000 0.000000 0.000000
vn -1.000000 0.000000 0.000000
vn -1.000000 0.000000 0.000000
vn -1.000000 0.000000 0.000000
vn -1.000000 0.000000 0.000000
vn -1.000000 0.000000 0.000000
vn -1.000000 0.000000 0.000000
vn -1.000000 0.000000 0.000000
vn -1.000000 0.000000 0.000000
vn -1.000000 0.000000 0.000000
vn -1.000000 0.000000 0.000000
vn 0.000000 0.000000 -1.000000
vn 0.000000 0.000000 -1.000000
vn 0.000000 0.000000 -1.000000
vn 0.000000 0.000000 -1.000000
vn 0.000000 0.000000 -1.000000
vn 0.000000 0.000000 -1.000000
vn 1.000000 0.000000 0.000000
vn 1.000000 0.000000 0.000000
vn 1.000000 0.000000 0.000000
vn 1.000000 0.000000 0.000000
vn 1.000000 0.000000 0.000000
vn 1.000000 0.000000 0.000000
vn 1.000000 0.000000 0.000000
vn 1.000000 0.000000 0.000000
vn 1.000000 0.000000 0.000000
vn 1.000000 0.000000 0.000000
vn 1.000000 0.000000 0.000000
vn 0.000000 -0.000000 1.000000
vn 0.000000 -0.000000 1.000000
vn 0.000000 -0.000000 1.000000
vn 0.000000 0.000000 -1.000000
vn 0.000000 0.000000 -1.000000
vn 0.000000 0.000000 -1.000000
vn 1.000000 0.000000 0.000000
vn 1.000000 0.000000 0.000000
vn 1.000000 0.000000 0.000000
vn 1.000000 0.000000 0.000000
vn 1.000000 0.000000 0.000000
vn 1.000000 0.000000 0.000000
vn 1.000000 0.000000 0.000000
vn 1.000000 0.000000 0.000000
vn 1.000000 0.000000 0.000000
vn 1.000000 0.000000 0.000000
vn 1.000000 0.000000 0.000000
vn 1.000000 0.000000 0.000000
vn -1.000000 0.000000 0.000000
vn -1.000000 0.000000 0.000000
vn -1.000000 0.000000 0.000000
vn -1.000000 0.000000 0.000000
vn -1.000000 0.000000 0.000000
vn -1.000000 0.000000 0.000000
vn -1.000000 0.000000 0.000000
vn -1.000000 0.000000 0.000000
vn -1.000000 0.000000 0.000000
vn -1.000000 0.000000 0.000000
vn -1.000000 0.000000 0.000000
vn -1.000000 0.000000 0.000000
vn 1.000000 0.000000 0.000000
vn 1.000000 0.000000 0.000000
vn 1.000000 0.000000 0.000000
vn -1.000000 0.000000 0.000000
vn -1.000000 0.000000 0.000000
vn -1.000000 0.000000 0.000000
vn 1.000000 0.000000 0.000000
vn 1.000000 0.000000 0.000000
vn 1.000000 0.000000 0.000000
vn -1.000000 0.000000 0.000000
vn -1.000000 0.000000 0.000000
vn -1.000000 0.000000 0.000000
vn -1.000000 0.000000 0.000000
vn -1.000000 0.000000 0.000000
vn -1.000000 0.000000 0.000000
vn 0.000000 -1.000000 -0.000000
vn 0.000000 -1.000000 -0.000000
vn 0.000000 -1.000000 -0.000000
vn 0.000000 -1.000000 -0.000000
vn 0.000000 -1.000000 -0.000000
vn 0.000000 -1.000000 -0.000000
vn 0.000000 -1.000000 -0.000000
vn 0.000000 -1.000000 -0.000000
vn 0.000000 -1.000000 -0.000000
vn 0.000000 -1.000000 -0.000000
vn 0.000000 -1.000000 -0.000000
vn 0.000000 -1.000000 -0.000000
vn 0.000000 -1.000000 -0.000000
vn 0.000000 -1.000000 -0.000000
vn 0.000000 -1.000000 -0.000000
vn -1.000000 0.000000 0.000000
vn -1.000000 0.000000 0.000000
vn -1.000000 0.000000 0.000000
vn -1.000000 0.000000 0.000000
vn -1.000000 0.000000 0.000000
vn -1.000000 0.000000 0.000000
vn 0.000000 -1.000000 -0.000000
vn 0.000000 -1.000000 -0.000000
vn 0.000000 -1.000000 -0.000000
vn 0.000000 -1.000000 -0.000000
vn 0.000000 -1.000000 -0.000000
vn 0.000000 -1.000000 -0.000000
vn 0.000000 1.000000 0.000000
vn 0.000000 1.000000 0.000000
vn 0.000000 1.000000 0.000000
vn 0.000000 1.000000 0.000000
vn 0.000000 1.000000 0.000000
vn 0.000000 1.000000 0.000000
vn 0.000000 0.000000 -1.000000
vn 0.000000 0.000000 -1.000000
vn 0.000000 0.000000 -1.000000
vn 0.000000 0.000000 -1.000000
vn 0.000000 0.000000 -1.000000
vn 0.000000 0.000000 -1.000000
vn 0.000000 -0.000000 1.000000
vn 0.000000 -0.000000 1.000000
vn 0.000000 -0.000000 1.000000
vn 1.000000 0.000000 0.000000
vn 1.000000 0.000000 0.000000
vn 1.000000 0.000000 0.000000
vn 1.000000 0.000000 0.000000
vn 1.000000 0.000000 0.000000
vn 1.000000 0.000000 0.000000
vn -1.000000 0.000000 0.000000
vn -1.000000 0.000000 0.000000
vn -1.000000 0.000000 0.000000
vn -1.000000 0.000000 0.000000
vn -1.000000 0.000000 0.000000
vn -1.000000 0.000000 0.000000
vn -1.000000 0.000000 0.000000
vn -1.000000 0.000000 0.000000
vn -1.000000 0.000000 0.000000
vn -1.000000 0.000000 0.000000
vn -1.000000 0.000000 0.000000
vn -1.000000 0.000000 0.000000
vn -1.000000 0.000000 0.000000
vn -1.000000 0.000000 0.000000
vn -1.000000 0.000000 0.000000
vn -1.000000 0.000000 0.000000
vn -1.000000 0.000000 0.000000
vn -1.000000 0.000000 0.000000
vn -1.000000 0.000000 0.000000
vn -1.000000 0.000000 0.000000
vn -1.000000 0.000000 0.000000
vn -1.000000 0.000000 0.000000
vn -1.000000 0.000000 0.000000
vn -1.000000 0.000000 0.000000
vn 0.000000 0.000000 -1.000000
vn 0.000000 0.000000 -1.000000
vn 0.000000 0.000000 -1.000000
vn -1.000000 0.000000 0.000000
vn -1.000000 0.000000 0.000000
vn -1.000000 0.000000 0.000000
vn 0.000000 -1.000000 -0.000000
vn 0.000000 -1.000000 -0.000000
vn 0.000000 -1.000000 -0.000000
vn 0.000000 -1.000000 -0.000000
vn 0.000000 -1.000000 -0.000000
vn 0.000000 -1.000000 -0.000000
vn 1.000000 0.000000 0.000000
vn 1.000000 0.000000 0.000000
vn 1.000000 0.000000 0.000000
vn 1.000000 0.000000 0.000000
vn 1.000000 0.000000 0.000000
vn 1.000000 0.000000 0.000000
vn 0.000000 0.000000 -1.000000
vn 0.000000 0.000000 -1.000000
vn 0.000000 0.000000 -1.000000
vn -1.000000 0.000000 0.000000
vn -1.000000 0.000000 0.000000
vn -1.000000 0.000000 0.000000
vn 1.000000 0.000000 0.000000
vn 1.000000 0.000000 0.000000
vn 1.000000 0.000000 0.000000
vn 1.000000 0.000000 0.000000
vn 1.000000 0.000000 0.000000
vn 1.000000 0.000000 0.000000
vn -1.000000 0.000000 0.000000
vn -1.000000 0.000000 0.000000
vn -1.000000 0.000000 0.000000
vn -1.000000 0.000000 0.000000
vn -1.000000 0.000000 0.000000
vn -1.000000 0.000000 0.000000
vn -1.000000 0.000000 0.000000
vn -1.000000 0.000000 0.000000
vn -1.000000 0.000000 0.000000
vn -1.000000 0.000000 0.000000
vn -1.000000 0.000000 0.000000
vn -1.000000 0.000000 0.000000
vn -1.000000 0.000000 0.000000
vn -1.000000 0.000000 0.000000
vn -1.000000 0.000000 0.000000
vn -1.000000 0.000000 0.000000
vn -1.000000 0.000000 0.000000
vn -1.000000 0.000000 0.000000
vn -1.000000 0.000000 0.000000
vn -1.000000 0.000000 0.000000
vn -1.000000 0.000000 0.000000
vn -1.000000 0.000000 0.000000
vn -1.000000 0.000000 0.000000
vn 0.000000 -1.000000 -0.000000
vn 0.000000 -1.000000 -0.000000
vn 0.000000 -1.000000 -0.000000
vn 0.000000 -1.000000 -0.000000
vn 0.000000 -1.000000 -0.000000
vn 0.000000 -1.000000 -0.000000
vn -1.000000 0.000000 0.000000
vn -1.000000 0.000000 0.000000
vn -1.000000 0.000000 0.000000
vn -1.000000 0.000000 0.000000
vn -1.000000 0.000000 0.000000
vn -1.000000 0.000000 0.000000
vn 0.000000 0.000000 -1.000000
vn 0.000000 0.000000 -1.000000
vn 0.000000 0.000000 -1.000000
vn 0.000000 0.000000 -1.000000
vn 0.000000 0.000000 -1.000000
vn 0.000000 1.000000 0.000000
vn 0.000000 1.000000 0.000000
vn 0.000000 1.000000 0.000000
vn 1.000000 0.000000 0.000000
vn 1.000000 0.000000 0.000000
vn 1.000000 0.000000 0.000000
vn 1.000000 0.000000 0.000000
vn 1.000000 0.000000 0.000000
vn 1.000000 0.000000 0.000000
vn 0.000000 1.000000 0.000000
vn 0.000000 1.000000 0.000000
vn 0.000000 1.000000 0.000000
vn 0.000000 1.000000 0.000000
vn 0.000000 1.000000 0.000000
vn 0.000000 1.000000 0.000000
vn 1.000000 0.000000 0.000000
vn 1.000000 0.000000 0.000000
vn 1.000000 0.000000 0.000000
vn 1.000000 0.000000 0.000000
vn 1.000000 0.000000 0.000000
vn 1.000000 0.000000 0.000000
vn -1.000000 0.000000 0.000000
vn -1.000000 0.000000 0.000000
vn -1.000000 0.000000 0.000000
vn -1.000000 0.000000 0.000000
vn -1.000000 0.000000 0.000000
vn -1.000000 0.000000 0.000000
vn -1.000000 0.000000 0.000000
vn -1.000000 0.000000 0.000000
vn -1.000000 0.000000 0.000000
vn -1.000000 0.000000 0.000000
vn -1.000000 0.000000 0.000000
vn -1.000000 0.000000 0.000000
vn -1.000000 0.000000 0.000000
vn -1.000000 0.000000 0.000000
vn -1.000000 0.000000 0.000000
vn -1.000000 0.000000 0.000000
vn -1.000000 0.000000 0.000000
vn -1.000000 0.000000 0.000000
vn 1.000000 0.000000 0.000000
vn 1.000000 0.000000 0.000000
vn 1.000000 0.000000 0.000000
vn 1.000000 0.000000 0.000000
vn 1.000000 0.000000 0.000000
vn 1.000000 0.000000 0.000000
vn 0.000000 -0.000000 1.000000
vn 0.000000 -0.000000 1.000000
vn 0.000000 -0.000000 1.000000
vn 0.000000 -0.000000 1.000000
vn 0.000000 -0.000000 1.000000
vn 0.000000 -0.000000 1.000000
vn 0.000000 0.000000 -1.000000
vn 0.000000 0.000000 -1.000000
vn 0.000000 0.000000 -1.000000
vn -1.000000 0.000000 0.000000
vn -1.000000 0.000000 0.000000
vn -1.000000 0.000000 0.000000
vn -1.000000 0.000000 0.000000
vn -1.000000 0.000000 0.000000
vn -1.000000 0.000000 0.000000
vn 1.000000 0.000000 0.000000
vn 1.000000 0.000000 0.000000
vn 1.000000 0.000000 0.000000
vn 0.000000 -0.000000 1.000000
vn 0.000000 -0.000000 1.000000
vn 0.000000 -0.000000 1.000000
vn 0.000000 -0.000000 1.000000
vn 0.000000 -0.000000 1.000000
vn 0.000000 -0.000000 1.000000
vn 0.000000 -0.000000 1.000000
vn 0.000000 -0.000000 1.000000
vn 0.000000 -0.000000 1.000000
vn 0.000000 0.000000 -1.000000
vn 0.000000 0.000000 -1.000000
vn 0.000000 0.000000 -1.000000
vn 1.000000 0.000000 0.000000
vn 1.000000 0.000000 0.000000
vn 1.000000 0.000000 0.000000
vn 1.000000 0.000000 0.000000
vn 1.000000 0.000000 0.000000
vn 1.000000 0.000000 0.000000
vn 0.000000 0.000000 -1.000000
vn 0.000000 0.000000 -1.000000
vn 0.000000 0.000000 -1.000000
vn -1.000000 0.000000 0.000000
vn -1.000000 0.000000 0.000000
vn -1.000000 0.000000 0.000000
vn -1.000000 0.000000 0.000000
vn -1.000000 0.000000 0.000000
vn -1.000000 0.000000 0.000000
vn -1.000000 0.000000 0.000000
vn -1.000000 0.000000 0.000000
vn -1.000000 0.000000 0.000000
vn 0.000000 -1.000000 -0.000000
vn 0.000000 -1.000000 -0.000000
vn 0.000000 -1.000000 -0.000000
vn 0.000000 -1.000000 -0.000000
vn 0.000000 1.000000 0.000000
vn 0.000000 1.000000 0.000000
vn 0.000000 1.000000 0.000000
vn 0.000000 1.000000 0.000000
vn 0.000000 -1.000000 -0.000000
vn 0.000000 -1.000000 -0.000000
vn 0.000000 -1.000000 -0.000000
vn 0.000000 -1.000000 -0.000000
vn 0.000000 1.000000 0.000000
vn 0.000000 1.000000 0.000000
vn 0.000000 1.000000 0.000000
vn 0.000000 1.000000 0.000000
vn 0.000000 0.000000 -1.000000
vn 0.000000 0.000000 -1.000000
vn 0.000000 0.000000 -1.000000
vn 0.000000 0.000000 -1.000000
vn 0.000000 -1.000000 -0.000000
vn 0.000000 -1.000000 -0.000000
vn 0.000000 -1.000000 -0.000000
vn 0.000000 -1.000000 -0.000000
vn 0.000000 1.000000 0.000000
vn 0.000000 1.000000 0.000000
vn 0.000000 1.000000 0.000000
vn 0.000000 1.000000 0.000000
vn 0.000000 1.000000 0.000000
vn 0.000000 1.000000 0.000000
vn 0.000000 1.000000 0.000000
vn 0.000000 1.000000 0.000000
vn 0.000000 1.000000 0.000000
vn 0.000000 1.000000 0.000000
vn 0.000000 1.000000 0.000000
vn 0.000000 1.000000 0.000000
vn 0.000000 -1.000000 -0.000000
vn 0.000000 -1.000000 -0.000000
vn 0.000000 -1.000000 -0.000000
vn 0.000000 -1.000000 -0.000000
vn 0.000000 1.000000 0.000000
vn 0.000000 1.000000 0.000000
vn 0.000000 1.000000 0.000000
vn 0.000000 1.000000 0.000000
vn -1.000000 0.000000 0.000000
vn -1.000000 0.000000 0.000000
vn -1.000000 0.000000 0.000000
vn -1.000000 0.000000 0.000000
vn 0.000000 1.000000 0.000000
vn 0.000000 1.000000 0.000000
vn 0.000000 1.000000 0.000000
vn 0.000000 1.000000 0.000000
vn 0.000000 1.000000 0.000000
vn 0.000000 1.000000 0.000000
vn 0.000000 1.000000 0.000000
vn 0.000000 1.000000 0.000000
vn 0.000000 1.000000 0.000000
vn 0.000000 1.000000 0.000000
vn 0.000000 1.000000 0.000000
vn 0.000000 1.000000 0.000000
vn 0.000000 0.000000 -1.000000
vn 0.000000 0.000000 -1.000000
vn 0.000000 0.000000 -1.000000
vn 0.000000 0.000000 -1.000000
vn 0.000000 0.000000 -1.000000
vn 0.000000 0.000000 -1.000000
vn 0.000000 0.000000 -1.000000
vn 0.000000 0.000000 -1.000000
vn 0.000000 0.000000 -1.000000
vn 0.000000 0.000000 -1.000000
vn 0.000000 0.000000 -1.000000
vn 0.000000 0.000000 -1.000000
vn 0.000000 0.000000 -1.000000
vn 0.000000 0.000000 -1.000000
vn 0.000000 0.000000 -1.000000
vn 0.000000 0.000000 -1.000000
vn 0.000000 0.000000 -1.000000
vn 0.000000 0.000000 -1.000000
vn 0.000000 0.000000 -1.000000
vn 0.000000 0.000000 -1.000000
vn -1.000000 0.000000 0.000000
vn -1.000000 0.000000 0.000000
vn -1.000000 0.000000 0.000000
vn -1.000000 0.000000 0.000000
vn -1.000000 0.000000 0.000000
vn -1.000000 0.000000 0.000000
vn -1.000000 0.000000 0.000000
vn -1.000000 0.000000 0.000000
vn -1.000000 0.000000 0.000000
vn -1.000000 0.000000 0.000000
vn -1.000000 0.000000 0.000000
vn -1.000000 0.000000 0.000000
vn 0.000000 -1.000000 -0.000000
vn 0.000000 -1.000000 -0.000000
vn 0.000000 -1.000000 -0.000000
vn 0.000000 -1.000000 -0.000000
vn 0.000000 1.000000 0.000000
vn 0.000000 1.000000 0.000000
vn 0.000000 1.000000 0.000000
vn 0.000000 1.000000 0.000000
vn 1.000000 0.000000 0.000000
vn 1.000000 0.000000 0.000000
vn 1.000000 0.000000 0.000000
vn 1.000000 0.000000 0.000000
vn 1.000000 0.000000 0.000000
vn 1.000000 0.000000 0.000000
vn 1.000000 0.000000 0.000000
vn 1.000000 0.000000 0.000000
vn 1.000000 0.000000 0.000000
vn 0.000000 -0.000000 1.000000
vn 0.000000 -0.000000 1.000000
vn 0.000000 -0.000000 1.000000
vn 0.000000 -0.000000 1.000000
vn 0.000000 -1.000000 -0.000000
vn 0.000000 -1.000000 -0.000000
vn 0.000000 -1.000000 -0.000000
vn 0.000000 -1.000000 -0.000000
vn 0.000000 -0.000000 1.000000
vn 0.000000 -0.000000 1.000000
vn 0.000000 -0.000000 1.000000
vn 0.000000 -0.000000 1.000000
vn 0.000000 1.000000 0.000000
vn 0.000000 1.000000 0.000000
vn 0.000000 1.000000 0.000000
vn 0.000000 1.000000 0.000000
vn 1.000000 0.000000 0.000000
vn 1.000000 0.000000 0.000000
vn 1.000000 0.000000 0.000000
vn 1.000000 0.000000 0.000000
vn 0.000000 -1.000000 -0.000000
vn 0.000000 -1.000000 -0.000000
vn 0.000000 -1.000000 -0.000000
vn 0.000000 -1.000000 -0.000000
vn 0.000000 -0.000000 1.000000
vn 0.000000 -0.000000 1.000000
vn 0.000000 -0.000000 1.000000
vn 0.000000 -0.000000 1.000000
vn 0.000000 0.000000 -1.000000
vn 0.000000 0.000000 -1.000000
vn 0.000000 0.000000 -1.000000
vn 0.000000 0.000000 -1.000000
vn 0.000000 1.000000 0.000000
vn 0.000000 1.000000 0.000000
vn 0.000000 1.000000 0.000000
vn 0.000000 1.000000 0.000000
vn 0.000000 -0.000000 1.000000
vn 0.000000 -0.000000 1.000000
vn 0.000000 -0.000000 1.000000
vn 0.000000 -0.000000 1.000000
vn 0.000000 1.000000 0.000000
vn 0.000000 1.000000 0.000000
vn 0.000000 1.000000 0.000000
vn 0.000000 1.000000 0.000000
vn 1.000000 0.000000 0.000000
vn 1.000000 0.000000 0.000000
vn 1.000000 0.000000 0.000000
vn 1.000000 0.000000 0.000000
vn 0.000000 0.973920 0.226892
vn 0.000000 1.000000 0.000000
vn 0.000000 1.000000 0.000000
vn 0.000000 1.000000 0.000000
vn 0.000000 0.000000 -1.000000
vn 0.000000 0.000000 -1.000000
vn 0.000000 0.000000 -1.000000
vn 0.000000 0.000000 -1.000000
vn 0.000000 -1.000000 -0.000000
vn 0.000000 -1.000000 -0.000000
vn 0.000000 -1.000000 -0.000000
vn 0.000000 -1.000000 -0.000000
vn 0.000000 -1.000000 -0.000000
vn 0.000000 -1.000000 -0.000000
vn 0.000000 -1.000000 -0.000000
vn 0.000000 -1.000000 -0.000000
vn 0.000000 1.000000 0.000000
vn 0.000000 1.000000 0.000000
vn 0.000000 1.000000 0.000000
vn 0.000000 1.000000 0.000000
vn 0.000000 1.000000 0.000000
vn 0.000000 1.000000 0.000000
vn 0.000000 1.000000 0.000000
vn 0.000000 1.000000 0.000000
vn 0.000000 1.000000 0.000000
vn 0.000000 1.000000 0.000000
vn 0.000000 1.000000 0.000000
vn 0.000000 1.000000 0.000000
vn 0.000000 0.000000 -1.000000
vn 0.000000 0.000000 -1.000000
vn 0.000000 0.000000 -1.000000
vn 0.000000 0.000000 -1.000000
vn 0.000000 0.000000 -1.000000
vn 0.000000 0.000000 -1.000000
vn 0.000000 0.000000 -1.000000
vn 0.000000 0.000000 -1.000000
vn 0.000000 0.000000 -1.000000
vn 0.000000 0.000000 -1.000000
vn 0.000000 0.000000 -1.000000
vn 0.000000 0.000000 -1.000000
vn 1.000000 0.000000 0.000000
vn 1.000000 0.000000 0.000000
vn 1.000000 0.000000 0.000000
vn 1.000000 0.000000 0.000000
vn 0.000000 1.000000 0.000000
vn 0.000000 1.000000 0.000000
vn 0.000000 1.000000 0.000000
vn 0.000000 1.000000 0.000000
vn 0.000000 1.000000 0.000000
vn 0.000000 1.000000 0.000000
vn 0.000000 1.000000 0.000000
vn 0.000000 1.000000 0.000000
vn 0.000000 -1.000000 -0.000000
vn 0.000000 -1.000000 -0.000000
vn 0.000000 -1.000000 -0.000000
vn 0.000000 -1.000000 -0.000000
vn 0.000000 -1.000000 -0.000000
vn 0.000000 -1.000000 -0.000000
vn 0.000000 -1.000000 -0.000000
vn 0.000000 -1.000000 -0.000000
vn 0.000000 1.000000 0.000000
vn 0.000000 1.000000 0.000000
vn 0.000000 1.000000 0.000000
vn 0.000000 1.000000 0.000000
vn 0.000000 -0.764911 -0.644136
vn 0.000000 -0.764911 -0.644136
vn 0.000000 -0.764911 -0.644136
vn 0.000000 -0.764911 -0.644136
vn 0.000000 -1.000000 -0.000000
vn 0.000000 -1.000000 -0.000000
vn 0.000000 -1.000000 -0.000000
vn 0.000000 -1.000000 -0.000000
vn 0.000000 1.000000 0.000000
vn 0.000000 1.000000 0.000000
vn 0.000000 1.000000 0.000000
vn 0.000000 1.000000 0.000000
vn -1.000000 0.000000 0.000000
vn -1.000000 0.000000 0.000000
vn -1.000000 0.000000 0.000000
vn -1.000000 0.000000 0.000000
vn -1.000000 0.000000 0.000000
vn -1.000000 0.000000 0.000000
vn -1.000000 0.000000 0.000000
vn -1.000000 0.000000 0.000000
vn -1.000000 0.000000 0.000000
vn -1.000000 0.000000 0.000000
vn -1.000000 0.000000 0.000000
vn 0.000000 1.000000 0.000000
vn 0.000000 1.000000 0.000000
vn 0.000000 1.000000 0.000000
vn 0.000000 1.000000 0.000000
vn 0.000000 1.000000 0.000000
vn 0.000000 1.000000 0.000000
vn 0.000000 1.000000 0.000000
vn 0.000000 1.000000 0.000000
vn 0.000000 1.000000 0.000000
vn 0.000000 1.000000 0.000000
vn 0.000000 1.000000 0.000000
vn 0.000000 1.000000 0.000000
vn 0.000000 -1.000000 -0.000000
vn 0.000000 -1.000000 -0.000000
vn 0.000000 -1.000000 -0.000000
vn 0.000000 -1.000000 -0.000000
vn 0.000000 -0.000000 1.000000
vn 0.000000 -0.000000 1.000000
vn 0.000000 -0.000000 1.000000
vn 0.000000 -0.000000 1.000000
vn 0.000000 -0.000000 1.000000
vn 0.000000 -1.000000 -0.000000
vn 0.000000 -1.000000 -0.000000
vn 0.000000 -1.000000 -0.000000
vn 0.000000 -1.000000 -0.000000
vn -1.000000 0.000000 0.000000
vn -1.000000 0.000000 0.000000
vn -1.000000 0.000000 0.000000
vn -1.000000 0.000000 0.000000
vn -1.000000 0.000000 0.000000
vn -1.000000 0.000000 0.000000
vn -1.000000 0.000000 0.000000
vn -1.000000 0.000000 0.000000
vn -1.000000 0.000000 0.000000
vn -1.000000 0.000000 0.000000
vn -1.000000 0.000000 0.000000
vn -1.000000 0.000000 0.000000
vn 0.000000 -1.000000 -0.000000
vn 0.000000 -1.000000 -0.000000
vn 0.000000 -1.000000 -0.000000
vn 0.000000 -1.000000 -0.000000
vn 0.000000 0.000000 -1.000000
vn 0.000000 0.000000 -1.000000
vn 0.000000 0.000000 -1.000000
vn 0.000000 0.000000 -1.000000
vn 0.000000 0.000000 -1.000000
vn 0.000000 0.000000 -1.000000
vn 0.000000 0.000000 -1.000000
vn 0.000000 0.000000 -1.000000
vn 0.000000 0.000000 -1.000000
vn 0.000000 0.000000 -1.000000
vn 0.000000 0.000000 -1.000000
vn 0.000000 0.000000 -1.000000
vn 0.000000 0.000000 -1.000000
vn 0.000000 0.000000 -1.000000
vn 0.000000 0.000000 -1.000000
vn 0.000000 0.000000 -1.000000
vn -1.000000 0.000000 0.000000
vn -1.000000 0.000000 0.000000
vn -1.000000 0.000000 0.000000
vn -1.000000 0.000000 0.000000
vn -1.000000 0.000000 0.000000
vn -1.000000 0.000000 0.000000
vn -1.000000 0.000000 0.000000
vn -1.000000 0.000000 0.000000
vn -1.000000 0.000000 0.000000
vn -1.000000 0.000000 0.000000
vn -1.000000 0.000000 0.000000
vn -1.000000 0.000000 0.000000
vn 0.000000 -0.000000 1.000000
vn 0.000000 -0.000000 1.000000
vn 0.000000 -0.000000 1.000000
vn 0.000000 -0.000000 1.000000
vn 0.000000 -1.000000 -0.000000
vn 0.000000 -1.000000 -0.000000
vn 0.000000 -1.000000 -0.000000
vn 0.000000 -1.000000 -0.000000
vn -1.000000 0.000000 0.000000
vn -1.000000 0.000000 0.000000
vn -1.000000 0.000000 0.000000
vn -1.000000 0.000000 0.000000
vn -1.000000 0.000000 0.000000
vn -1.000000 0.000000 0.000000
vn -1.000000 0.000000 0.000000
vn -1.000000 0.000000 0.000000
vn -1.000000 0.000000 0.000000
vn -1.000000 0.000000 0.000000
vn -1.000000 0.000000 0.000000
vn -1.000000 0.000000 0.000000
vn -1.000000 0.000000 0.000000
vn -1.000000 0.000000 0.000000
vn -1.000000 0.000000 0.000000
vn -1.000000 0.000000 0.000000
vn -1.000000 0.000000 0.000000
vn 0.000000 -1.000000 -0.000000
vn 0.000000 -1.000000 -0.000000
vn 0.000000 -1.000000 -0.000000
vn 0.000000 -1.000000 -0.000000
vn 0.000000 -1.000000 -0.000000
vn 0.000000 -1.000000 -0.000000
vn 0.000000 -1.000000 -0.000000
vn 0.000000 -1.000000 -0.000000
vn 0.000000 -1.000000 -0.000000
vn 0.000000 -1.000000 -0.000000
vn 0.000000 -1.000000 -0.000000
vn 0.000000 -1.000000 -0.000000
vn 0.000000 -1.000000 -0.000000
vn 0.000000 -1.000000 -0.000000
vn 0.000000 -1.000000 -0.000000
vn 0.000000 -1.000000 -0.000000
vn 0.000000 -1.000000 -0.000000
vn 0.000000 -1.000000 -0.000000
vn 0.000000 -1.000000 -0.000000
vn 0.000000 -1.000000 -0.000000
vn 0.000000 -0.000000 1.000000
vn 0.000000 -0.000000 1.000000
vn 0.000000 -0.000000 1.000000
vn 0.000000 -0.000000 1.000000
vn 0.000000 -1.000000 -0.000000
vn 0.000000 -1.000000 -0.000000
vn 0.000000 -1.000000 -0.000000
vn 0.000000 -1.000000 -0.000000
vn 0.000000 -0.000000 1.000000
vn 0.000000 -0.000000 1.000000
vn 0.000000 -0.000000 1.000000
vn 0.000000 -0.000000 1.000000
vn 0.000000 -0.000000 1.000000
vn 0.000000 -0.000000 1.000000
vn 0.000000 -0.000000 1.000000
vn 0.000000 -0.000000 1.000000
vn 0.000000 -0.000000 1.000000
vn 0.000000 -1.000000 -0.000000
vn 0.000000 -1.000000 -0.000000
vn 0.000000 -1.000000 -0.000000
vn 0.000000 -1.000000 -0.000000
vn 0.000000 1.000000 0.000000
vn 0.000000 1.000000 0.000000
vn 0.000000 1.000000 0.000000
vn 0.000000 1.000000 0.000000
vn 0.000000 -1.000000 -0.000000
vn 0.000000 -1.000000 -0.000000
vn 0.000000 -1.000000 -0.000000
vn 0.000000 -1.000000 -0.000000
vn 0.000000 1.000000 0.000000
vn 0.000000 1.000000 0.000000
vn 0.000000 1.000000 0.000000
vn 0.000000 1.000000 0.000000
vn -1.000000 0.000000 0.000000
vn -1.000000 0.000000 0.000000
vn -1.000000 0.000000 0.000000
vn -1.000000 0.000000 0.000000
vn 0.000000 1.000000 0.000000
vn 0.000000 1.000000 0.000000
vn 0.000000 1.000000 0.000000
vn 0.000000 1.000000 0.000000
vn 0.000000 -1.000000 -0.000000
vn 0.000000 -1.000000 -0.000000
vn 0.000000 -1.000000 -0.000000
vn 0.000000 -1.000000 -0.000000
vn 0.000000 1.000000 0.000000
vn 0.000000 1.000000 0.000000
vn 0.000000 1.000000 0.000000
vn 0.000000 1.000000 0.000000
vn 0.000000 1.000000 0.000000
vn 0.000000 1.000000 0.000000
vn 0.000000 1.000000 0.000000
vn 0.000000 1.000000 0.000000
vn 0.000000 0.000000 -1.000000
vn 0.000000 0.000000 -1.000000
vn 0.000000 0.000000 -1.000000
vn 0.000000 0.000000 -1.000000
vn 0.000000 -1.000000 -0.000000
vn 0.000000 -1.000000 -0.000000
vn 0.000000 -1.000000 -0.000000
vn 0.000000 -1.000000 -0.000000
vn 0.000000 0.000000 -1.000000
vn 0.000000 0.000000 -1.000000
vn 0.000000 0.000000 -1.000000
vn 0.000000 0.000000 -1.000000
vn 0.000000 0.000000 -1.000000
vn 0.000000 0.000000 -1.000000
vn 0.000000 0.000000 -1.000000
vn 0.000000 0.000000 -1.000000
vn 0.000000 1.000000 0.000000
vn 0.000000 1.000000 0.000000
vn 0.000000 1.000000 0.000000
vn 0.000000 1.000000 0.000000
vn 0.000000 1.000000 0.000000
vn 0.000000 1.000000 0.000000
vn 0.000000 1.000000 0.000000
vn 0.000000 1.000000 0.000000
vn 0.000000 -1.000000 -0.000000
vn 0.000000 -1.000000 -0.000000
vn 0.000000 -1.000000 -0.000000
vn 0.000000 -1.000000 -0.000000
vn 0.000000 -1.000000 -0.000000
vn 0.000000 -1.000000 -0.000000
vn 0.000000 -1.000000 -0.000000
vn 0.000000 -1.000000 -0.000000
vn 0.000000 -1.000000 -0.000000
vn 0.000000 -1.000000 -0.000000
vn 0.000000 -1.000000 -0.000000
vn 0.000000 -1.000000 -0.000000
vn 0.000000 -1.000000 -0.000000
vn 0.000000 -1.000000 -0.000000
vn 0.000000 -1.000000 -0.000000
vn 0.000000 -1.000000 -0.000000
vn 0.000000 1.000000 0.000000
vn 0.000000 1.000000 0.000000
vn 0.000000 1.000000 0.000000
vn 0.000000 1.000000 0.000000
vn 1.000000 0.000000 0.000000
vn 1.000000 0.000000 0.000000
vn 1.000000 0.000000 0.000000
vn 1.000000 0.000000 0.000000
vn 0.000000 -1.000000 -0.000000
vn 0.000000 -1.000000 -0.000000
vn 0.000000 -1.000000 -0.000000
vn 0.000000 -1.000000 -0.000000
vn 0.000000 -1.000000 -0.000000
vn 0.000000 -1.000000 -0.000000
vn 0.000000 -1.000000 -0.000000
vn 0.000000 -1.000000 -0.000000
vn 0.000000 -1.000000 -0.000000
vn 0.000000 -1.000000 -0.000000
vn 0.000000 -1.000000 -0.000000
vn 0.000000 -1.000000 -0.000000
vn 0.000000 -1.000000 -0.000000
vn 0.000000 -1.000000 -0.000000
vn 0.000000 -1.000000 -0.000000
vn 0.000000 -1.000000 -0.000000
vn 0.000000 0.000000 -1.000000
vn 0.000000 0.000000 -1.000000
vn 0.000000 0.000000 -1.000000
vn 0.000000 0.000000 -1.000000
vn 0.000000 1.000000 0.000000
vn 0.000000 1.000000 0.000000
vn 0.000000 1.000000 0.000000
vn 0.000000 1.000000 0.000000
vn 0.000000 -1.000000 -0.000000
vn 0.000000 -1.000000 -0.000000
vn 0.000000 -1.000000 -0.000000
vn 0.000000 -1.000000 -0.000000
vn 0.000000 1.000000 0.000000
vn 0.000000 1.000000 0.000000
vn 0.000000 1.000000 0.000000
vn 0.000000 1.000000 0.000000
vn 0.000000 1.000000 0.000000
vn 0.000000 1.000000 0.000000
vn 0.000000 1.000000 0.000000
vn 0.000000 1.000000 0.000000
vn 0.000000 1.000000 0.000000
vn 0.000000 1.000000 0.000000
vn 0.000000 1.000000 0.000000
vn 0.000000 1.000000 0.000000
vn 0.000000 1.000000 0.000000
vn 0.000000 1.000000 0.000000
vn 0.000000 1.000000 0.000000
vn 0.000000 1.000000 0.000000
vn 0.000000 0.000000 -1.000000
vn 0.000000 0.000000 -1.000000
vn 0.000000 0.000000 -1.000000
vn 0.000000 0.000000 -1.000000
vn 0.000000 0.000000 -1.000000
vn 0.000000 0.000000 -1.000000
vn 0.000000 0.000000 -1.000000
vn 0.000000 0.000000 -1.000000
vn 0.000000 0.000000 -1.000000
vn 0.000000 0.000000 -1.000000
vn 0.000000 0.000000 -1.000000
vn 0.000000 0.000000 -1.000000
vn 0.000000 0.000000 -1.000000
vn 0.000000 0.000000 -1.000000
vn 0.000000 0.000000 -1.000000
vn 0.000000 0.000000 -1.000000
vn 0.000000 0.000000 -1.000000
vn 0.000000 0.000000 -1.000000
vn 0.000000 0.000000 -1.000000
vn 0.000000 0.000000 -1.000000
vn 0.000000 1.000000 0.000000
vn 0.000000 1.000000 0.000000
vn 0.000000 1.000000 0.000000
vn 0.000000 1.000000 0.000000
vn 0.000000 -1.000000 -0.000000
vn 0.000000 -1.000000 -0.000000
vn 0.000000 -1.000000 -0.000000
vn 0.000000 -1.000000 -0.000000
vn 0.000000 0.000000 -1.000000
vn 0.000000 0.000000 -1.000000
vn 0.000000 0.000000 -1.000000
vn 0.000000 0.000000 -1.000000
vn 0.000000 -0.000000 1.000000
vn 0.000000 -0.000000 1.000000
vn 0.000000 -0.000000 1.000000
vn 0.000000 -0.000000 1.000000
vn 0.000000 1.000000 0.000000
vn 0.000000 1.000000 0.000000
vn 0.000000 1.000000 0.000000
vn 0.000000 1.000000 0.000000
vn 0.000000 1.000000 0.000000
vn 0.000000 1.000000 0.000000
vn 0.000000 1.000000 0.000000
vn 0.000000 1.000000 0.000000
vn 0.000000 0.764911 0.644136
vn 0.000000 0.764911 0.644136
vn 0.000000 0.764911 0.644136
vn 0.000000 0.764911 0.644136
vn 1.000000 0.000000 0.000000
vn 1.000000 0.000000 0.000000
vn 1.000000 0.000000 0.000000
vn 1.000000 0.000000 0.000000
vn 0.000000 -0.000000 1.000000
vn 0.000000 -0.000000 1.000000
vn 0.000000 -0.000000 1.000000
vn 0.000000 -0.000000 1.000000
vn 0.000000 -0.000000 1.000000
vn 0.000000 -0.000000 1.000000
vn 0.000000 -0.000000 1.000000
vn 0.000000 -0.000000 1.000000
vn 0.000000 -0.000000 1.000000
vn 0.000000 -0.000000 1.000000
vn 0.000000 -0.000000 1.000000
vn 0.000000 -0.000000 1.000000
vn 0.000000 1.000000 0.000000
vn 0.000000 1.000000 0.000000
vn 0.000000 1.000000 0.000000
vn 0.000000 1.000000 0.000000
vn 0.000000 -1.000000 -0.000000
vn 0.000000 -1.000000 -0.000000
vn 0.000000 -1.000000 -0.000000
vn 0.000000 -1.000000 -0.000000
vn 0.000000 1.000000 0.000000
vn 0.000000 1.000000 0.000000
vn 0.000000 1.000000 0.000000
vn 0.000000 1.000000 0.000000
vn 0.000000 -1.000000 -0.000000
vn 0.000000 -1.000000 -0.000000
vn 0.000000 -1.000000 -0.000000
vn 0.000000 -1.000000 -0.000000
vn 0.000000 -1.000000 -0.000000
vn 0.000000 -1.000000 -0.000000
vn 0.000000 -1.000000 -0.000000
vn 0.000000 -1.000000 -0.000000
vn 0.000000 0.000000 -1.000000
vn 0.000000 0.000000 -1.000000
vn 0.000000 0.000000 -1.000000
vn 0.000000 0.000000 -1.000000
vn 0.000000 -0.000000 1.000000
vn 0.000000 -0.000000 1.000000
vn 0.000000 -0.000000 1.000000
vn 0.000000 -0.000000 1.000000
vn 0.000000 1.000000 0.000000
vn 0.000000 1.000000 0.000000
vn 0.000000 1.000000 0.000000
vn 0.000000 1.000000 0.000000
vn 0.000000 1.000000 0.000000
vn 0.000000 1.000000 0.000000
vn 0.000000 1.000000 0.000000
vn 0.000000 1.000000 0.000000
vn 0.000000 1.000000 0.000000
vn 0.000000 1.000000 0.000000
vn 0.000000 1.000000 0.000000
vn 0.000000 1.000000 0.000000
vn 0.000000 -1.000000 -0.000000
vn 0.000000 -1.000000 -0.000000
vn 0.000000 -1.000000 -0.000000
vn 0.000000 -1.000000 -0.000000
vn 0.000000 0.764911 0.644136
vn 0.000000 0.764911 0.644136
vn 0.000000 0.973920 0.226892
vn 0.000000 0.764911 0.644136
vn 0.000000 0.000000 -1.000000
vn 0.000000 0.000000 -1.000000
vn 0.000000 0.000000 -1.000000
vn 0.000000 0.000000 -1.000000
vn 0.000000 1.000000 0.000000
vn 0.000000 1.000000 0.000000
vn 0.000000 1.000000 0.000000
vn 0.000000 1.000000 0.000000
vn 0.000000 -0.000000 1.000000
vn 0.000000 -0.000000 1.000000
vn 0.000000 -0.000000 1.000000
vn 0.000000 -0.000000 1.000000
vn 0.000000 -0.000000 1.000000
vn -1.000000 0.000000 0.000000
vn -1.000000 0.000000 0.000000
vn -1.000000 0.000000 0.000000
vn -1.000000 0.000000 0.000000
vn -1.000000 0.000000 0.000000
vn 0.000000 1.000000 0.000000
vn 0.000000 1.000000 0.000000
vn 0.000000 1.000000 0.000000
vn 0.000000 1.000000 0.000000
vn 0.000000 1.000000 0.000000
vn 0.000000 1.000000 0.000000
vn 0.000000 1.000000 0.000000
vn 0.000000 1.000000 0.000000
vn -1.000000 0.000000 0.000000
vn -1.000000 0.000000 0.000000
vn -1.000000 0.000000 0.000000
vn -1.000000 0.000000 0.000000
vn -1.000000 0.000000 0.000000
vn -1.000000 0.000000 0.000000
vn -1.000000 0.000000 0.000000
vn -1.000000 0.000000 0.000000
vn -1.000000 0.000000 0.000000
vn -1.000000 0.000000 0.000000
vn -1.000000 0.000000 0.000000
vn -1.000000 0.000000 0.000000
vn -1.000000 0.000000 0.000000
vn -1.000000 0.000000 0.000000
vn -1.000000 0.000000 0.000000
vn -1.000000 0.000000 0.000000
vn -1.000000 0.000000 0.000000
vn -1.000000 0.000000 0.000000
vn -1.000000 0.000000 0.000000
vn -1.000000 0.000000 0.000000
vn -1.000000 0.000000 0.000000
vn -1.000000 0.000000 0.000000
vn -1.000000 0.000000 0.000000
vn -1.000000 0.000000 0.000000
vn -1.000000 0.000000 0.000000
vn -1.000000 0.000000 0.000000
vn -1.000000 0.000000 0.000000
vn -1.000000 0.000000 0.000000
vn -1.000000 0.000000 0.000000
vn -1.000000 0.000000 0.000000
vn -1.000000 0.000000 0.000000
vn -1.000000 0.000000 0.000000
vn -1.000000 0.000000 0.000000
vn -1.000000 0.000000 0.000000
vn -1.000000 0.000000 0.000000
vn -1.000000 0.000000 0.000000
vn -1.000000 0.000000 0.000000
vn -1.000000 0.000000 0.000000
vn -1.000000 0.000000 0.000000
vn -1.000000 0.000000 0.000000
vn -1.000000 0.000000 0.000000
vn -1.000000 0.000000 0.000000
vn -1.000000 0.000000 0.000000
vn -1.000000 0.000000 0.000000
vn -1.000000 0.000000 0.000000
vn -1.000000 0.000000 0.000000
vn -1.000000 0.000000 0.000000
vn -1.000000 0.000000 0.000000
vn -1.000000 0.000000 0.000000
vn -1.000000 0.000000 0.000000
vn -1.000000 0.000000 0.000000
vn -1.000000 0.000000 0.000000
vn -1.000000 0.000000 0.000000
vn -1.000000 0.000000 0.000000
vn -1.000000 0.000000 0.000000
vn -1.000000 0.000000 0.000000
vn -1.000000 0.000000 0.000000
vn -1.000000 0.000000 0.000000
vn -1.000000 0.000000 0.000000
vn -1.000000 0.000000 0.000000
vn -1.000000 0.000000 0.000000
vn -1.000000 0.000000 0.000000
vn -1.000000 0.000000 0.000000
vn -1.000000 0.000000 0.000000
vn -1.000000 0.000000 0.000000
vn -1.000000 0.000000 0.000000
vn -1.000000 0.000000 0.000000
vn -1.000000 0.000000 0.000000
vn -1.000000 0.000000 0.000000
vn -1.000000 0.000000 0.000000
vn -1.000000 0.000000 0.000000
vn -1.000000 0.000000 0.000000
vn -1.000000 0.000000 0.000000
vn -1.000000 0.000000 0.000000
vn 1.000000 0.000000 0.000000
vn 1.000000 0.000000 0.000000
vn 1.000000 0.000000 0.000000
vn 1.000000 0.000000 0.000000
vn 0.000000 0.000000 -1.000000
vn 0.000000 0.000000 -1.000000
vn 0.000000 0.000000 -1.000000
vn 0.000000 0.000000 -1.000000
vn 0.000000 1.000000 0.000000
vn 0.000000 1.000000 0.000000
vn 0.000000 1.000000 0.000000
vn 0.000000 1.000000 0.000000
vn 0.000000 -1.000000 -0.000000
vn 0.000000 -1.000000 -0.000000
vn 0.000000 -1.000000 -0.000000
vn 0.000000 -1.000000 -0.000000
vn 0.000000 -0.000000 1.000000
vn 0.000000 -0.000000 1.000000
vn 0.000000 -0.000000 1.000000
vn 0.000000 -0.000000 1.000000
vn 0.000000 -0.000000 1.000000
vn 0.000000 -0.000000 1.000000
vn 0.000000 -0.000000 1.000000
vn 0.000000 -0.000000 1.000000
vn 0.000000 -0.764911 -0.644136
vn 0.000000 -0.764911 -0.644136
vn 0.000000 -0.764911 -0.644136
vn 0.000000 -0.764911 -0.644136
vn 0.000000 -0.000000 1.000000
vn 0.000000 -0.000000 1.000000
vn 0.000000 -0.000000 1.000000
vn 0.000000 -0.000000 1.000000
vn 0.000000 -1.000000 -0.000000
vn 0.000000 -1.000000 -0.000000
vn 0.000000 -1.000000 -0.000000
vn 0.000000 -1.000000 -0.000000
vn 0.000000 0.000000 -1.000000
vn 0.000000 0.000000 -1.000000
vn 0.000000 0.000000 -1.000000
vn 0.000000 0.000000 -1.000000
vn 0.000000 1.000000 0.000000
vn 0.000000 1.000000 0.000000
vn 0.000000 1.000000 0.000000
vn 0.000000 1.000000 0.000000
vn 0.000000 -1.000000 -0.000000
vn 0.000000 -1.000000 -0.000000
vn 0.000000 -1.000000 -0.000000
vn 0.000000 -1.000000 -0.000000
vn 0.000000 -0.000000 1.000000
vn 0.000000 -0.000000 1.000000
vn 0.000000 -0.000000 1.000000
vn 0.000000 -0.000000 1.000000
vn 0.000000 0.000000 -1.000000
vn 0.000000 0.000000 -1.000000
vn 0.000000 0.000000 -1.000000
vn 0.000000 0.000000 -1.000000
vn 0.000000 -0.000000 1.000000
vn 0.000000 -0.000000 1.000000
vn 0.000000 -0.000000 1.000000
vn 0.000000 -0.000000 1.000000
vn 1.000000 0.000000 0.000000
vn 1.000000 0.000000 0.000000
vn 1.000000 0.000000 0.000000
vn 1.000000 0.000000 0.000000
vn 0.000000 -1.000000 -0.000000
vn 0.000000 -1.000000 -0.000000
vn 0.000000 -1.000000 -0.000000
vn 0.000000 -1.000000 -0.000000
vn 0.000000 1.000000 0.000000
vn 0.000000 1.000000 0.000000
vn 0.000000 1.000000 0.000000
vn 0.000000 1.000000 0.000000
vn 0.000000 1.000000 0.000000
vn 0.000000 1.000000 0.000000
vn 0.000000 1.000000 0.000000
vn 0.000000 1.000000 0.000000
vn 0.000000 1.000000 0.000000
vn 0.000000 1.000000 0.000000
vn 0.000000 1.000000 0.000000
vn 0.000000 1.000000 0.000000
vn 0.000000 -1.000000 -0.000000
vn 0.000000 -1.000000 -0.000000
vn 0.000000 -1.000000 -0.000000
vn 0.000000 -1.000000 -0.000000
vn 0.000000 -0.000000 1.000000
vn 0.000000 -0.000000 1.000000
vn 0.000000 -0.000000 1.000000
vn 0.000000 -0.000000 1.000000
vn 0.000000 0.000000 -1.000000
vn 0.000000 0.000000 -1.000000
vn 0.000000 0.000000 -1.000000
vn 0.000000 0.000000 -1.000000
vn 0.000000 0.000000 -1.000000
vn 0.000000 0.000000 -1.000000
vn 0.000000 0.000000 -1.000000
vn 0.000000 0.000000 -1.000000
vn 0.000000 -1.000000 -0.000000
vn 0.000000 -1.000000 -0.000000
vn 0.000000 -1.000000 -0.000000
vn 0.000000 -1.000000 -0.000000
vn 0.000000 1.000000 0.000000
vn 0.000000 1.000000 0.000000
vn 0.000000 1.000000 0.000000
vn 0.000000 1.000000 0.000000
vn 0.000000 -1.000000 -0.000000
vn 0.000000 -1.000000 -0.000000
vn 0.000000 -1.000000 -0.000000
vn 0.000000 -1.000000 -0.000000
vn 0.000000 -0.000000 1.000000
vn 0.000000 -0.000000 1.000000
vn 0.000000 -0.000000 1.000000
vn 0.000000 -0.000000 1.000000
vn 0.000000 -0.000000 1.000000
vn 0.000000 -0.000000 1.000000
vn 0.000000 -0.000000 1.000000
vn 0.000000 -0.000000 1.000000
vn 0.000000 0.000000 -1.000000
vn 0.000000 0.000000 -1.000000
vn 0.000000 0.000000 -1.000000
vn 0.000000 0.000000 -1.000000
vn 0.000000 -1.000000 -0.000000
vn 0.000000 -1.000000 -0.000000
vn 0.000000 -1.000000 -0.000000
vn 0.000000 -1.000000 -0.000000
vn 0.000000 -1.000000 -0.000000
vn 0.000000 -1.000000 -0.000000
vn 0.000000 -1.000000 -0.000000
vn 0.000000 -1.000000 -0.000000
vn 0.000000 1.000000 0.000000
vn 0.000000 1.000000 0.000000
vn 0.000000 1.000000 0.000000
vn 0.000000 1.000000 0.000000
vn 1.000000 0.000000 0.000000
vn 1.000000 0.000000 0.000000
vn 1.000000 0.000000 0.000000
vn 1.000000 0.000000 0.000000
vn 0.000000 -1.000000 -0.000000
vn 0.000000 -1.000000 -0.000000
vn 0.000000 -1.000000 -0.000000
vn 0.000000 -1.000000 -0.000000
vn 0.000000 -1.000000 -0.000000
vn 0.000000 -1.000000 -0.000000
vn 0.000000 -1.000000 -0.000000
vn 0.000000 -1.000000 -0.000000
vn 0.000000 -0.000000 1.000000
vn 0.000000 -0.000000 1.000000
vn 0.000000 -0.000000 1.000000
vn 0.000000 -0.000000 1.000000
vn 0.000000 -1.000000 -0.000000
vn 0.000000 -1.000000 -0.000000
vn 0.000000 -1.000000 -0.000000
vn 0.000000 -1.000000 -0.000000
vn 0.000000 0.000000 -1.000000
vn 0.000000 0.000000 -1.000000
vn 0.000000 0.000000 -1.000000
vn 0.000000 0.000000 -1.000000
vn 0.000000 0.000000 -1.000000
vn 0.000000 0.000000 -1.000000
vn 0.000000 0.000000 -1.000000
vn 0.000000 0.000000 -1.000000
vn 1.000000 0.000000 0.000000
vn 1.000000 0.000000 0.000000
vn 1.000000 0.000000 0.000000
vn 1.000000 0.000000 0.000000
vn 0.000000 -0.000000 1.000000
vn 0.000000 -0.000000 1.000000
vn 0.000000 -0.000000 1.000000
vn 0.000000 -0.000000 1.000000
vn 0.000000 1.000000 0.000000
vn 0.000000 1.000000 0.000000
vn 0.000000 1.000000 0.000000
vn 0.000000 1.000000 0.000000
vn -1.000000 0.000000 0.000000
vn -1.000000 0.000000 0.000000
vn -1.000000 0.000000 0.000000
vn -1.000000 0.000000 0.000000
vn 0.000000 -1.000000 -0.000000
vn 0.000000 -1.000000 -0.000000
vn 0.000000 -1.000000 -0.000000
vn 0.000000 -1.000000 -0.000000
vn 0.000000 -0.000000 1.000000
vn 0.000000 -0.000000 1.000000
vn 0.000000 -0.000000 1.000000
vn 0.000000 -0.000000 1.000000
vn 0.000000 0.000000 -1.000000
vn 0.000000 0.000000 -1.000000
vn 0.000000 0.000000 -1.000000
vn 0.000000 0.000000 -1.000000
vn 0.000000 0.000000 -1.000000
vn 0.000000 0.000000 -1.000000
vn 0.000000 0.000000 -1.000000
vn 0.000000 0.000000 -1.000000
vn 0.000000 -1.000000 -0.000000
vn 0.000000 -1.000000 -0.000000
vn 0.000000 -1.000000 -0.000000
vn 0.000000 -1.000000 -0.000000
vn 0.000000 1.000000 0.000000
vn 0.000000 1.000000 0.000000
vn 0.000000 1.000000 0.000000
vn 0.000000 1.000000 0.000000
vn 1.000000 0.000000 0.000000
vn 1.000000 0.000000 0.000000
vn 1.000000 0.000000 0.000000
vn 1.000000 0.000000 0.000000
vn 0.000000 -1.000000 -0.000000
vn 0.000000 -1.000000 -0.000000
vn 0.000000 -1.000000 -0.000000
vn 0.000000 -1.000000 -0.000000
vn 0.000000 -0.000000 1.000000
vn 0.000000 -0.000000 1.000000
vn 0.000000 -0.000000 1.000000
vn 0.000000 -0.000000 1.000000
vn 0.000000 0.000000 -1.000000
vn 0.000000 0.000000 -1.000000
vn 0.000000 0.000000 -1.000000
vn 0.000000 0.000000 -1.000000
vn 1.000000 0.000000 0.000000
vn 1.000000 0.000000 0.000000
vn 1.000000 0.000000 0.000000
vn 1.000000 0.000000 0.000000
vn 0.000000 1.000000 0.000000
vn 0.000000 1.000000 0.000000
vn 0.000000 1.000000 0.000000
vn 0.000000 1.000000 0.000000
vn 0.000000 -1.000000 -0.000000
vn 0.000000 -1.000000 -0.000000
vn 0.000000 -1.000000 -0.000000
vn 0.000000 -1.000000 -0.000000
vn 0.000000 1.000000 0.000000
vn 0.000000 1.000000 0.000000
vn 0.000000 1.000000 0.000000
vn 0.000000 1.000000 0.000000
vn 0.000000 -0.000000 1.000000
vn 0.000000 -0.000000 1.000000
vn 0.000000 -0.000000 1.000000
vn 0.000000 -0.000000 1.000000
vn 0.000000 0.000000 -1.000000
vn 0.000000 0.000000 -1.000000
vn 0.000000 0.000000 -1.000000
vn 0.000000 0.000000 -1.000000
vn 0.000000 -0.000000 1.000000
vn 0.000000 -0.000000 1.000000
vn 0.000000 -0.000000 1.000000
vn 0.000000 -0.000000 1.000000
vn -1.000000 0.000000 0.000000
vn -1.000000 0.000000 0.000000
vn -1.000000 0.000000 0.000000
vn -1.000000 0.000000 0.000000
vn 0.000000 -1.000000 -0.000000
vn 0.000000 -1.000000 -0.000000
vn 0.000000 -1.000000 -0.000000
vn 0.000000 -1.000000 -0.000000
vn 1.000000 0.000000 0.000000
vn 1.000000 0.000000 0.000000
vn 1.000000 0.000000 0.000000
vn 1.000000 0.000000 0.000000
vn 0.000000 0.000000 -1.000000
vn 0.000000 0.000000 -1.000000
vn 0.000000 0.000000 -1.000000
vn 0.000000 0.000000 -1.000000
vn 0.000000 1.000000 0.000000
vn 0.000000 1.000000 0.000000
vn 0.000000 1.000000 0.000000
vn 0.000000 1.000000 0.000000
vn 0.000000 -0.000000 1.000000
vn 0.000000 -0.000000 1.000000
vn 0.000000 -0.000000 1.000000
vn 0.000000 -0.000000 1.000000
vn 0.000000 -0.000000 1.000000
vn 0.000000 -0.000000 1.000000
vn 0.000000 -0.000000 1.000000
vn 0.000000 -0.000000 1.000000
vn 0.000000 0.000000 -1.000000
vn 0.000000 0.000000 -1.000000
vn 0.000000 0.000000 -1.000000
vn 0.000000 0.000000 -1.000000
vn 0.000000 -1.000000 -0.000000
vn 0.000000 -1.000000 -0.000000
vn 0.000000 -1.000000 -0.000000
vn 0.000000 -1.000000 -0.000000
vn 0.000000 1.000000 0.000000
vn 0.000000 1.000000 0.000000
vn 0.000000 1.000000 0.000000
vn 0.000000 1.000000 0.000000
vn 0.000000 -1.000000 -0.000000
vn 0.000000 -1.000000 -0.000000
vn 0.000000 -1.000000 -0.000000
vn 0.000000 -1.000000 -0.000000
vn 0.000000 1.000000 0.000000
vn 0.000000 1.000000 0.000000
vn 0.000000 1.000000 0.000000
vn 0.000000 1.000000 0.000000
vn 0.000000 -0.000000 1.000000
vn 0.000000 -0.000000 1.000000
vn 0.000000 -0.000000 1.000000
vn 0.000000 -0.000000 1.000000
vn 0.000000 -0.000000 1.000000
vn 0.000000 -0.000000 1.000000
vn 0.000000 -0.000000 1.000000
vn 0.000000 -0.000000 1.000000
vn 0.000000 0.000000 -1.000000
vn 0.000000 0.000000 -1.000000
vn 0.000000 0.000000 -1.000000
vn 0.000000 0.000000 -1.000000
vn -1.000000 0.000000 0.000000
vn -1.000000 0.000000 0.000000
vn -1.000000 0.000000 0.000000
vn -1.000000 0.000000 0.000000
vn 0.000000 1.000000 0.000000
vn 0.000000 1.000000 0.000000
vn 0.000000 1.000000 0.000000
vn 0.000000 1.000000 0.000000
vn 0.000000 -1.000000 -0.000000
vn 0.000000 -1.000000 -0.000000
vn 0.000000 -1.000000 -0.000000
vn 0.000000 -1.000000 -0.000000
vn 0.000000 -1.000000 -0.000000
vn 0.000000 -1.000000 -0.000000
vn 0.000000 -1.000000 -0.000000
vn 0.000000 -1.000000 -0.000000
vn 1.000000 0.000000 0.000000
vn 1.000000 0.000000 0.000000
vn 1.000000 0.000000 0.000000
vn 1.000000 0.000000 0.000000
vn 0.000000 1.000000 0.000000
vn 0.000000 1.000000 0.000000
vn 0.000000 1.000000 0.000000
vn 0.000000 1.000000 0.000000
vn 0.000000 -0.000000 1.000000
vn 0.000000 -0.000000 1.000000
vn 0.000000 -0.000000 1.000000
vn 0.000000 -0.000000 1.000000
vn 0.000000 0.000000 -1.000000
vn 0.000000 0.000000 -1.000000
vn 0.000000 0.000000 -1.000000
vn 0.000000 0.000000 -1.000000
vn 0.000000 0.000000 -1.000000
vn 0.000000 0.000000 -1.000000
vn 0.000000 0.000000 -1.000000
vn 0.000000 0.000000 -1.000000
vn 0.000000 -1.000000 -0.000000
vn 0.000000 -1.000000 -0.000000
vn 0.000000 -1.000000 -0.000000
vn 0.000000 -1.000000 -0.000000
vn 0.000000 -1.000000 -0.000000
vn 0.000000 -1.000000 -0.000000
vn 0.000000 -1.000000 -0.000000
vn 0.000000 -1.000000 -0.000000
vn 0.000000 1.000000 0.000000
vn 0.000000 1.000000 0.000000
vn 0.000000 1.000000 0.000000
vn 0.000000 1.000000 0.000000
vn 0.000000 -0.000000 1.000000
vn 0.000000 -0.000000 1.000000
vn 0.000000 -0.000000 1.000000
vn 0.000000 -0.000000 1.000000
vn 0.000000 0.000000 -1.000000
vn 0.000000 0.000000 -1.000000
vn 0.000000 0.000000 -1.000000
vn 0.000000 0.000000 -1.000000
vn 0.000000 -1.000000 -0.000000
vn 0.000000 -1.000000 -0.000000
vn 0.000000 -1.000000 -0.000000
vn 0.000000 -1.000000 -0.000000
vn 0.000000 -0.000000 1.000000
vn 0.000000 -0.000000 1.000000
vn 0.000000 -0.000000 1.000000
vn 0.000000 -0.000000 1.000000
vn 0.000000 1.000000 0.000000
vn 0.000000 1.000000 0.000000
vn 0.000000 1.000000 0.000000
vn 0.000000 1.000000 0.000000
vn 0.000000 -0.000000 1.000000
vn 0.000000 -0.000000 1.000000
vn 0.000000 -0.000000 1.000000
vn 0.000000 -0.000000 1.000000
vn 0.000000 0.000000 -1.000000
vn 0.000000 0.000000 -1.000000
vn 0.000000 0.000000 -1.000000
vn 0.000000 0.000000 -1.000000
vn 0.000000 1.000000 0.000000
vn 0.000000 1.000000 0.000000
vn 0.000000 1.000000 0.000000
vn 0.000000 1.000000 0.000000
vn 0.000000 1.000000 0.000000
vn 0.000000 1.000000 0.000000
vn 0.000000 1.000000 0.000000
vn 0.000000 1.000000 0.000000
vn 0.000000 0.000000 -1.000000
vn 0.000000 0.000000 -1.000000
vn 0.000000 0.000000 -1.000000
vn 0.000000 0.000000 -1.000000
vn 0.000000 -1.000000 -0.000000
vn 0.000000 -1.000000 -0.000000
vn 0.000000 -1.000000 -0.000000
vn 0.000000 -1.000000 -0.000000
vn 0.000000 -0.000000 1.000000
vn 0.000000 -0.000000 1.000000
vn 0.000000 -0.000000 1.000000
vn 0.000000 -0.000000 1.000000
vn 0.000000 0.000000 -1.000000
vn 0.000000 0.000000 -1.000000
vn 0.000000 0.000000 -1.000000
vn 0.000000 0.000000 -1.000000
vn 0.000000 -0.000000 1.000000
vn 0.000000 -0.000000 1.000000
vn 0.000000 -0.000000 1.000000
vn 0.000000 -0.000000 1.000000
vn 1.000000 0.000000 0.000000
vn 1.000000 0.000000 0.000000
vn 1.000000 0.000000 0.000000
vn 1.000000 0.000000 0.000000
vn 0.000000 1.000000 0.000000
vn 0.000000 1.000000 0.000000
vn 0.000000 1.000000 0.000000
vn 0.000000 1.000000 0.000000
vn 0.000000 -0.000000 1.000000
vn 0.000000 -0.000000 1.000000
vn 0.000000 -0.000000 1.000000
vn 0.000000 -0.000000 1.000000
vn 0.000000 -1.000000 -0.000000
vn 0.000000 -1.000000 -0.000000
vn 0.000000 -1.000000 -0.000000
vn 0.000000 -1.000000 -0.000000
vn 0.000000 -0.000000 1.000000
vn 0.000000 -0.000000 1.000000
vn 0.000000 -0.000000 1.000000
vn 0.000000 -0.000000 1.000000
vn 0.000000 0.000000 -1.000000
vn 0.000000 0.000000 -1.000000
vn 0.000000 0.000000 -1.000000
vn 0.000000 0.000000 -1.000000
vn 0.000000 -0.000000 1.000000
vn 0.000000 -0.000000 1.000000
vn 0.000000 -0.000000 1.000000
vn 0.000000 -0.000000 1.000000
vn 0.000000 -0.000000 1.000000
vn 0.000000 -0.000000 1.000000
vn 0.000000 -0.000000 1.000000
vn 0.000000 -0.000000 1.000000
vn 0.000000 0.000000 -1.000000
vn 0.000000 0.000000 -1.000000
vn 0.000000 0.000000 -1.000000
vn 0.000000 0.000000 -1.000000
vn 0.000000 1.000000 0.000000
vn 0.000000 1.000000 0.000000
vn 0.000000 1.000000 0.000000
vn 0.000000 1.000000 0.000000
vn 0.000000 -1.000000 -0.000000
vn 0.000000 -1.000000 -0.000000
vn 0.000000 -1.000000 -0.000000
vn 0.000000 -1.000000 -0.000000
vn 0.000000 -0.000000 1.000000
vn 0.000000 -0.000000 1.000000
vn 0.000000 -0.000000 1.000000
vn 0.000000 -0.000000 1.000000
vn 0.000000 0.000000 -1.000000
vn 0.000000 0.000000 -1.000000
vn 0.000000 0.000000 -1.000000
vn 0.000000 0.000000 -1.000000
vn 0.000000 -0.000000 1.000000
vn 0.000000 -0.000000 1.000000
vn 0.000000 -0.000000 1.000000
vn 0.000000 -0.000000 1.000000
vn 0.000000 1.000000 0.000000
vn 0.000000 1.000000 0.000000
vn 0.000000 1.000000 0.000000
vn 0.000000 1.000000 0.000000
vn 0.000000 -1.000000 -0.000000
vn 0.000000 -1.000000 -0.000000
vn 0.000000 -1.000000 -0.000000
vn 0.000000 -1.000000 -0.000000
vn 0.000000 -0.000000 1.000000
vn 0.000000 -0.000000 1.000000
vn 0.000000 -0.000000 1.000000
vn 0.000000 -0.000000 1.000000
vn -1.000000 0.000000 0.000000
vn -1.000000 0.000000 0.000000
vn -1.000000 0.000000 0.000000
vn -1.000000 0.000000 0.000000
vn 0.000000 0.000000 -1.000000
vn 0.000000 0.000000 -1.000000
vn 0.000000 0.000000 -1.000000
vn 0.000000 0.000000 -1.000000
vn 0.000000 -0.000000 1.000000
vn 0.000000 -0.000000 1.000000
vn 0.000000 -0.000000 1.000000
vn 0.000000 -0.000000 1.000000
vn 0.000000 1.000000 0.000000
vn 0.000000 1.000000 0.000000
vn 0.000000 1.000000 0.000000
vn 0.000000 1.000000 0.000000
vn 0.000000 0.000000 -1.000000
vn 0.000000 0.000000 -1.000000
vn 0.000000 0.000000 -1.000000
vn 0.000000 0.000000 -1.000000
vn 0.000000 -1.000000 -0.000000
vn 0.000000 -1.000000 -0.000000
vn 0.000000 -1.000000 -0.000000
vn 0.000000 -1.000000 -0.000000
vn 0.000000 -0.000000 1.000000
vn 0.000000 -0.000000 1.000000
vn 0.000000 -0.000000 1.000000
vn 0.000000 -0.000000 1.000000
vn 0.000000 0.000000 -1.000000
vn 0.000000 0.000000 -1.000000
vn 0.000000 0.000000 -1.000000
vn 0.000000 0.000000 -1.000000
vn 0.000000 -1.000000 -0.000000
vn 0.000000 -1.000000 -0.000000
vn 0.000000 -1.000000 -0.000000
vn 0.000000 -1.000000 -0.000000
vn 0.000000 -0.000000 1.000000
vn 0.000000 -0.000000 1.000000
vn 0.000000 -0.000000 1.000000
vn 0.000000 -0.000000 1.000000
vn 0.000000 1.000000 0.000000
vn 0.000000 1.000000 0.000000
vn 0.000000 1.000000 0.000000
vn 0.000000 1.000000 0.000000
vn 0.000000 -1.000000 -0.000000
vn 0.000000 -1.000000 -0.000000
vn 0.000000 -1.000000 -0.000000
vn 0.000000 -1.000000 -0.000000
vn 0.000000 -0.000000 1.000000
vn 0.000000 -0.000000 1.000000
vn 0.000000 -0.000000 1.000000
vn 0.000000 -0.000000 1.000000
vn 0.000000 0.000000 -1.000000
vn 0.000000 0.000000 -1.000000
vn 0.000000 0.000000 -1.000000
vn 0.000000 0.000000 -1.000000
vn 0.000000 1.000000 0.000000
vn 0.000000 1.000000 0.000000
vn 0.000000 1.000000 0.000000
vn 0.000000 1.000000 0.000000
vn 0.000000 0.000000 -1.000000
vn 0.000000 0.000000 -1.000000
vn 0.000000 0.000000 -1.000000
vn 0.000000 0.000000 -1.000000
vn -1.000000 0.000000 0.000000
vn -1.000000 0.000000 0.000000
vn -1.000000 0.000000 0.000000
vn -1.000000 0.000000 0.000000
vn 0.000000 0.000000 -1.000000
vn 0.000000 0.000000 -1.000000
vn 0.000000 0.000000 -1.000000
vn 0.000000 0.000000 -1.000000
vn 0.000000 -1.000000 -0.000000
vn 0.000000 -1.000000 -0.000000
vn 0.000000 -1.000000 -0.000000
vn 0.000000 -1.000000 -0.000000
vn 0.000000 1.000000 0.000000
vn 0.000000 1.000000 0.000000
vn 0.000000 1.000000 0.000000
vn 0.000000 1.000000 0.000000
vn 0.000000 -0.000000 1.000000
vn 0.000000 -0.000000 1.000000
vn 0.000000 -0.000000 1.000000
vn 0.000000 -0.000000 1.000000
vn 0.000000 -0.000000 1.000000
vn 0.000000 -0.000000 1.000000
vn 0.000000 -0.000000 1.000000
vn 0.000000 -0.000000 1.000000
vn 0.000000 0.000000 -1.000000
vn 0.000000 0.000000 -1.000000
vn 0.000000 0.000000 -1.000000
vn 0.000000 0.000000 -1.000000
vn 0.000000 0.000000 -1.000000
vn 0.000000 0.000000 -1.000000
vn 0.000000 0.000000 -1.000000
vn 0.000000 0.000000 -1.000000
vn 0.000000 -1.000000 -0.000000
vn 0.000000 -1.000000 -0.000000
vn 0.000000 -1.000000 -0.000000
vn 0.000000 -1.000000 -0.000000
vn 0.000000 1.000000 0.000000
vn 0.000000 1.000000 0.000000
vn 0.000000 1.000000 0.000000
vn 0.000000 1.000000 0.000000
vn 0.000000 -0.000000 1.000000
vn 0.000000 -0.000000 1.000000
vn 0.000000 -0.000000 1.000000
vn 0.000000 -0.000000 1.000000
vn 0.000000 0.000000 -1.000000
vn 0.000000 0.000000 -1.000000
vn 0.000000 0.000000 -1.000000
vn 0.000000 0.000000 -1.000000
vn 0.000000 -1.000000 -0.000000
vn 0.000000 -1.000000 -0.000000
vn 0.000000 -1.000000 -0.000000
vn 0.000000 -1.000000 -0.000000
vn 0.000000 1.000000 0.000000
vn 0.000000 1.000000 0.000000
vn 0.000000 1.000000 0.000000
vn 0.000000 1.000000 0.000000
vn 0.000000 -0.000000 1.000000
vn 0.000000 -0.000000 1.000000
vn 0.000000 -0.000000 1.000000
vn 0.000000 -0.000000 1.000000
vn 0.000000 -1.000000 -0.000000
vn 0.000000 -1.000000 -0.000000
vn 0.000000 -1.000000 -0.000000
vn 0.000000 -1.000000 -0.000000
vn 0.000000 1.000000 0.000000
vn 0.000000 1.000000 0.000000
vn 0.000000 1.000000 0.000000
vn 0.000000 1.000000 0.000000
vn 0.000000 -0.000000 1.000000
vn 0.000000 -0.000000 1.000000
vn 0.000000 -0.000000 1.000000
vn 0.000000 -0.000000 1.000000
vn 0.000000 0.000000 -1.000000
vn 0.000000 0.000000 -1.000000
vn 0.000000 0.000000 -1.000000
vn 0.000000 0.000000 -1.000000
vn 0.000000 1.000000 0.000000
vn 0.000000 1.000000 0.000000
vn 0.000000 1.000000 0.000000
vn 0.000000 1.000000 0.000000
vn 0.000000 1.000000 0.000000
vn 0.000000 1.000000 0.000000
vn 0.000000 1.000000 0.000000
vn 0.000000 1.000000 0.000000
vn 0.000000 -1.000000 -0.000000
vn 0.000000 -1.000000 -0.000000
vn 0.000000 -1.000000 -0.000000
vn 0.000000 -1.000000 -0.000000
vn -1.000000 0.000000 0.000000
vn -1.000000 0.000000 0.000000
vn -1.000000 0.000000 0.000000
vn -1.000000 0.000000 0.000000
vn 0.000000 1.000000 0.000000
vn 0.000000 1.000000 0.000000
vn 0.000000 1.000000 0.000000
vn 0.000000 1.000000 0.000000
vn 0.000000 1.000000 0.000000
vn 0.000000 1.000000 0.000000
vn 0.000000 1.000000 0.000000
vn 0.000000 1.000000 0.000000
vn 0.000000 -0.000000 1.000000
vn 0.000000 -0.000000 1.000000
vn 0.000000 -0.000000 1.000000
vn 0.000000 -0.000000 1.000000
vn 0.000000 0.000000 -1.000000
vn 0.000000 0.000000 -1.000000
vn 0.000000 0.000000 -1.000000
vn 0.000000 0.000000 -1.000000
vn 0.000000 1.000000 0.000000
vn 0.000000 1.000000 0.000000
vn 0.000000 1.000000 0.000000
vn 0.000000 1.000000 0.000000
vn 0.000000 1.000000 0.000000
vn 0.000000 1.000000 0.000000
vn 0.000000 1.000000 0.000000
vn 0.000000 1.000000 0.000000
vn 0.000000 -1.000000 -0.000000
vn 0.000000 -1.000000 -0.000000
vn 0.000000 -1.000000 -0.000000
vn 0.000000 -1.000000 -0.000000
vn 0.000000 0.000000 -1.000000
vn 0.000000 0.000000 -1.000000
vn 0.000000 0.000000 -1.000000
vn 0.000000 0.000000 -1.000000
vn 0.000000 -1.000000 -0.000000
vn 0.000000 -1.000000 -0.000000
vn 0.000000 -1.000000 -0.000000
vn 0.000000 -1.000000 -0.000000
vn 0.000000 1.000000 0.000000
vn 0.000000 1.000000 0.000000
vn 0.000000 1.000000 0.000000
vn 0.000000 1.000000 0.000000
vn 0.000000 -0.000000 1.000000
vn 0.000000 -0.000000 1.000000
vn 0.000000 -0.000000 1.000000
vn 0.000000 -0.000000 1.000000
vn 0.000000 0.000000 -1.000000
vn 0.000000 0.000000 -1.000000
vn 0.000000 0.000000 -1.000000
vn 0.000000 0.000000 -1.000000
vn 0.000000 -0.000000 1.000000
vn 0.000000 -0.000000 1.000000
vn 0.000000 -0.000000 1.000000
vn 0.000000 -0.000000 1.000000
vn 0.000000 0.000000 -1.000000
vn 0.000000 0.000000 -1.000000
vn 0.000000 0.000000 -1.000000
vn 0.000000 0.000000 -1.000000
vn -1.000000 0.000000 0.000000
vn -1.000000 0.000000 0.000000
vn -1.000000 0.000000 0.000000
vn -1.000000 0.000000 0.000000
vn 0.000000 -1.000000 -0.000000
vn 0.000000 -1.000000 -0.000000
vn 0.000000 -1.000000 -0.000000
vn 0.000000 -1.000000 -0.000000
vn 0.000000 -1.000000 -0.000000
vn 0.000000 -1.000000 -0.000000
vn 0.000000 -1.000000 -0.000000
vn 0.000000 -1.000000 -0.000000
vn 1.000000 0.000000 0.000000
vn 1.000000 0.000000 0.000000
vn 1.000000 0.000000 0.000000
vn 1.000000 0.000000 0.000000
vn 1.000000 0.000000 0.000000
vn 1.000000 0.000000 0.000000
vn 0.000000 1.000000 0.000000
vn 0.000000 1.000000 0.000000
vn 0.000000 1.000000 0.000000
vn 0.000000 1.000000 0.000000
vn 0.000000 -0.000000 1.000000
vn 0.000000 -0.000000 1.000000
vn 0.000000 -0.000000 1.000000
vn 0.000000 -0.000000 1.000000
vn 0.000000 0.000000 -1.000000
vn 0.000000 0.000000 -1.000000
vn 0.000000 0.000000 -1.000000
vn 0.000000 0.000000 -1.000000
vn 0.000000 -1.000000 -0.000000
vn 0.000000 -1.000000 -0.000000
vn 0.000000 -1.000000 -0.000000
vn 0.000000 -1.000000 -0.000000
vn 1.000000 0.000000 0.000000
vn 1.000000 0.000000 0.000000
vn 1.000000 0.000000 0.000000
vn 1.000000 0.000000 0.000000
vn 0.000000 1.000000 0.000000
vn 0.000000 1.000000 0.000000
vn 0.000000 1.000000 0.000000
vn 0.000000 1.000000 0.000000
vn -1.000000 0.000000 0.000000
vn -1.000000 0.000000 0.000000
vn -1.000000 0.000000 0.000000
vn -1.000000 0.000000 0.000000
vn 0.000000 0.000000 -1.000000
vn 0.000000 0.000000 -1.000000
vn 0.000000 0.000000 -1.000000
vn 0.000000 0.000000 -1.000000
vn 0.000000 0.000000 -1.000000
vn 0.000000 0.000000 -1.000000
vn 0.000000 0.000000 -1.000000
vn 0.000000 0.000000 -1.000000
vn 0.000000 0.000000 -1.000000
vn 0.000000 0.000000 -1.000000
vn 0.000000 0.000000 -1.000000
vn 0.000000 0.000000 -1.000000
vn -1.000000 0.000000 0.000000
vn -1.000000 0.000000 0.000000
vn -1.000000 0.000000 0.000000
vn -1.000000 0.000000 0.000000
vn 0.000000 0.000000 -1.000000
vn 0.000000 0.000000 -1.000000
vn 0.000000 0.000000 -1.000000
vn 0.000000 0.000000 -1.000000
vn 0.000000 -1.000000 -0.000000
vn 0.000000 -1.000000 -0.000000
vn 0.000000 -1.000000 -0.000000
vn 0.000000 -1.000000 -0.000000
vn 0.000000 -0.000000 1.000000
vn 0.000000 -0.000000 1.000000
vn 0.000000 -0.000000 1.000000
vn 0.000000 -0.000000 1.000000
vn 0.000000 -0.000000 1.000000
vn 0.000000 -1.000000 -0.000000
vn 0.000000 -1.000000 -0.000000
vn 0.000000 -1.000000 -0.000000
vn 0.000000 -1.000000 -0.000000
vn -1.000000 0.000000 0.000000
vn -1.000000 0.000000 0.000000
vn -1.000000 0.000000 0.000000
vn -1.000000 0.000000 0.000000
vn 0.000000 1.000000 0.000000
vn 0.000000 1.000000 0.000000
vn 0.000000 1.000000 0.000000
vn 0.000000 1.000000 0.000000
vn 0.000000 -0.000000 1.000000
vn 0.000000 -0.000000 1.000000
vn 0.000000 -0.000000 1.000000
vn 0.000000 -0.000000 1.000000
vn 0.000000 -1.000000 -0.000000
vn 0.000000 -1.000000 -0.000000
vn 0.000000 -1.000000 -0.000000
vn 0.000000 -1.000000 -0.000000
vn 0.000000 -1.000000 -0.000000
vn 0.000000 -1.000000 -0.000000
vn 0.000000 -1.000000 -0.000000
vn 0.000000 -1.000000 -0.000000
vn 0.000000 0.000000 -1.000000
vn 0.000000 0.000000 -1.000000
vn 0.000000 0.000000 -1.000000
vn 0.000000 0.000000 -1.000000
vn -1.000000 0.000000 0.000000
vn -1.000000 0.000000 0.000000
vn -1.000000 0.000000 0.000000
vn -1.000000 0.000000 0.000000
vn 0.000000 0.000000 -1.000000
vn 0.000000 0.000000 -1.000000
vn 0.000000 0.000000 -1.000000
vn 0.000000 0.000000 -1.000000
vn 0.000000 0.000000 -1.000000
vn 0.000000 0.000000 -1.000000
vn 0.000000 0.000000 -1.000000
vn 0.000000 0.000000 -1.000000
vn 0.000000 1.000000 0.000000
vn 0.000000 1.000000 0.000000
vn 0.000000 1.000000 0.000000
vn 0.000000 1.000000 0.000000
vn 0.000000 0.000000 -1.000000
vn 0.000000 0.000000 -1.000000
vn 0.000000 0.000000 -1.000000
vn 0.000000 0.000000 -1.000000
vn -1.000000 0.000000 0.000000
vn -1.000000 0.000000 0.000000
vn -1.000000 0.000000 0.000000
vn -1.000000 0.000000 0.000000
vn 0.000000 -1.000000 -0.000000
vn 0.000000 -1.000000 -0.000000
vn 0.000000 -1.000000 -0.000000
vn 0.000000 -1.000000 -0.000000
vn 0.000000 0.000000 -1.000000
vn 0.000000 0.000000 -1.000000
vn 0.000000 0.000000 -1.000000
vn 0.000000 0.000000 -1.000000
vn 0.000000 0.000000 -1.000000
vn 0.000000 0.000000 -1.000000
vn 0.000000 0.000000 -1.000000
vn 0.000000 0.000000 -1.000000
vn 0.000000 0.000000 -1.000000
vn 0.000000 0.000000 -1.000000
vn 0.000000 0.000000 -1.000000
vn 0.000000 0.000000 -1.000000
vn 0.000000 1.000000 0.000000
vn 0.000000 1.000000 0.000000
vn 0.000000 1.000000 0.000000
vn 0.000000 1.000000 0.000000
vn 0.000000 -0.000000 1.000000
vn 0.000000 -0.000000 1.000000
vn 0.000000 -0.000000 1.000000
vn 0.000000 -0.000000 1.000000
vn 0.000000 -1.000000 -0.000000
vn 0.000000 -1.000000 -0.000000
vn 0.000000 -1.000000 -0.000000
vn 0.000000 -1.000000 -0.000000
vn 0.000000 0.000000 -1.000000
vn 0.000000 0.000000 -1.000000
vn 0.000000 0.000000 -1.000000
vn 0.000000 0.000000 -1.000000
vn 0.000000 1.000000 0.000000
vn 0.000000 1.000000 0.000000
vn 0.000000 1.000000 0.000000
vn 0.000000 1.000000 0.000000
vn 0.000000 0.000000 -1.000000
vn 0.000000 0.000000 -1.000000
vn 0.000000 0.000000 -1.000000
vn 0.000000 0.000000 -1.000000
vn 0.000000 0.000000 -1.000000
vn 0.000000 0.000000 -1.000000
vn 0.000000 0.000000 -1.000000
vn 0.000000 0.000000 -1.000000
vn 0.000000 1.000000 0.000000
vn 0.000000 1.000000 0.000000
vn 0.000000 1.000000 0.000000
vn 0.000000 1.000000 0.000000
vn 0.000000 -1.000000 -0.000000
vn 0.000000 -1.000000 -0.000000
vn 0.000000 -1.000000 -0.000000
vn 0.000000 -1.000000 -0.000000
vn 0.000000 0.000000 -1.000000
vn 0.000000 0.000000 -1.000000
vn 0.000000 0.000000 -1.000000
vn 0.000000 0.000000 -1.000000
vn 0.000000 1.000000 0.000000
vn 0.000000 1.000000 0.000000
vn 0.000000 1.000000 0.000000
vn 0.000000 1.000000 0.000000
vn 0.000000 -0.000000 1.000000
vn 0.000000 -0.000000 1.000000
vn 0.000000 -0.000000 1.000000
vn 0.000000 -0.000000 1.000000
vn 0.000000 -0.000000 1.000000
vn 0.000000 -0.000000 1.000000
vn 0.000000 -0.000000 1.000000
vn 0.000000 -0.000000 1.000000
vn 0.000000 -0.000000 1.000000
vn 0.000000 -0.000000 1.000000
vn 0.000000 -0.000000 1.000000
vn 0.000000 -0.000000 1.000000
vn 0.000000 -1.000000 -0.000000
vn 0.000000 -1.000000 -0.000000
vn 0.000000 -1.000000 -0.000000
vn 0.000000 -1.000000 -0.000000
vn 0.000000 0.000000 -1.000000
vn 0.000000 0.000000 -1.000000
vn 0.000000 0.000000 -1.000000
vn 0.000000 0.000000 -1.000000
vn 0.000000 0.000000 -1.000000
vn 0.000000 0.000000 -1.000000
vn 0.000000 0.000000 -1.000000
vn 0.000000 0.000000 -1.000000
vn 0.000000 0.000000 -1.000000
vn 0.000000 0.000000 -1.000000
vn 0.000000 0.000000 -1.000000
vn 0.000000 0.000000 -1.000000
vn 0.000000 1.000000 0.000000
vn 0.000000 1.000000 0.000000
vn 0.000000 1.000000 0.000000
vn 0.000000 1.000000 0.000000
vn 0.000000 1.000000 0.000000
vn 0.000000 1.000000 0.000000
vn 0.000000 1.000000 0.000000
vn 0.000000 1.000000 0.000000
vn 0.000000 -1.000000 -0.000000
vn 0.000000 -1.000000 -0.000000
vn 0.000000 -1.000000 -0.000000
vn 0.000000 -1.000000 -0.000000
vn 0.000000 0.000000 -1.000000
vn 0.000000 0.000000 -1.000000
vn 0.000000 0.000000 -1.000000
vn 0.000000 0.000000 -1.000000
vn 0.000000 -0.000000 1.000000
vn 0.000000 -0.000000 1.000000
vn 0.000000 -0.000000 1.000000
vn 0.000000 -0.000000 1.000000
vn 0.000000 0.000000 -1.000000
vn 0.000000 0.000000 -1.000000
vn 0.000000 0.000000 -1.000000
vn 0.000000 0.000000 -1.000000
vn 0.000000 0.000000 -1.000000
vn 0.000000 0.000000 -1.000000
vn 0.000000 0.000000 -1.000000
vn 0.000000 0.000000 -1.000000
vn -1.000000 0.000000 0.000000
vn -1.000000 0.000000 0.000000
vn -1.000000 0.000000 0.000000
vn -1.000000 0.000000 0.000000
vn -1.000000 0.000000 0.000000
vn -1.000000 0.000000 0.000000
vn 0.000000 -1.000000 -0.000000
vn 0.000000 -1.000000 -0.000000
vn 0.000000 -1.000000 -0.000000
vn 0.000000 -1.000000 -0.000000
vn 0.000000 1.000000 0.000000
vn 0.000000 1.000000 0.000000
vn 0.000000 1.000000 0.000000
vn 0.000000 1.000000 0.000000
vn 0.000000 1.000000 0.000000
vn 0.000000 1.000000 0.000000
vn 0.000000 1.000000 0.000000
vn 0.000000 1.000000 0.000000
vn 0.000000 -1.000000 -0.000000
vn 0.000000 -1.000000 -0.000000
vn 0.000000 -1.000000 -0.000000
vn 0.000000 -1.000000 -0.000000
vn 0.000000 0.000000 -1.000000
vn 0.000000 0.000000 -1.000000
vn 0.000000 0.000000 -1.000000
vn 0.000000 0.000000 -1.000000
vn 0.000000 -0.000000 1.000000
vn 0.000000 -0.000000 1.000000
vn 0.000000 -0.000000 1.000000
vn 0.000000 -0.000000 1.000000
vn 0.000000 0.000000 -1.000000
vn 0.000000 0.000000 -1.000000
vn 0.000000 0.000000 -1.000000
vn 0.000000 0.000000 -1.000000
vn 0.000000 0.000000 -1.000000
vn 0.000000 0.000000 -1.000000
vn 0.000000 0.000000 -1.000000
vn 0.000000 0.000000 -1.000000
vn 0.000000 1.000000 0.000000
vn 0.000000 1.000000 0.000000
vn 0.000000 1.000000 0.000000
vn 0.000000 1.000000 0.000000
vn 0.000000 1.000000 0.000000
vn 0.000000 1.000000 0.000000
vn 0.000000 1.000000 0.000000
vn 0.000000 1.000000 0.000000
vn -1.000000 0.000000 0.000000
vn -1.000000 0.000000 0.000000
vn -1.000000 0.000000 0.000000
vn -1.000000 0.000000 0.000000
vn -1.000000 0.000000 0.000000
vn -1.000000 0.000000 0.000000
vn 0.000000 -1.000000 -0.000000
vn 0.000000 -1.000000 -0.000000
vn 0.000000 -1.000000 -0.000000
vn 0.000000 -1.000000 -0.000000
vn 0.000000 0.000000 -1.000000
vn 0.000000 0.000000 -1.000000
vn 0.000000 0.000000 -1.000000
vn 0.000000 0.000000 -1.000000
vn 0.000000 -0.000000 1.000000
vn 0.000000 -0.000000 1.000000
vn 0.000000 -0.000000 1.000000
vn 0.000000 -0.000000 1.000000
vn 0.000000 0.000000 -1.000000
vn 0.000000 0.000000 -1.000000
vn 0.000000 0.000000 -1.000000
vn 0.000000 0.000000 -1.000000
vn 0.000000 0.000000 -1.000000
vn 0.000000 0.000000 -1.000000
vn 0.000000 0.000000 -1.000000
vn 0.000000 0.000000 -1.000000
vn 0.000000 1.000000 0.000000
vn 0.000000 1.000000 0.000000
vn 0.000000 1.000000 0.000000
vn 0.000000 1.000000 0.000000
vn 0.000000 -0.000000 1.000000
vn 0.000000 -0.000000 1.000000
vn 0.000000 -0.000000 1.000000
vn 0.000000 -0.000000 1.000000
vn 0.000000 -1.000000 -0.000000
vn 0.000000 -1.000000 -0.000000
vn 0.000000 -1.000000 -0.000000
vn 0.000000 -1.000000 -0.000000
vn 0.000000 0.000000 -1.000000
vn 0.000000 0.000000 -1.000000
vn 0.000000 0.000000 -1.000000
vn 0.000000 0.000000 -1.000000
vn 0.000000 0.000000 -1.000000
vn 0.000000 0.000000 -1.000000
vn 0.000000 0.000000 -1.000000
vn 0.000000 0.000000 -1.000000
vn 0.000000 0.000000 -1.000000
vn 0.000000 0.000000 -1.000000
vn 0.000000 0.000000 -1.000000
vn 0.000000 0.000000 -1.000000
vn 0.000000 -1.000000 -0.000000
vn 0.000000 -1.000000 -0.000000
vn 0.000000 -1.000000 -0.000000
vn 0.000000 -1.000000 -0.000000
vn 0.000000 1.000000 0.000000
vn 0.000000 1.000000 0.000000
vn 0.000000 1.000000 0.000000
vn 0.000000 1.000000 0.000000
vn 0.000000 -0.000000 1.000000
vn 0.000000 -0.000000 1.000000
vn 0.000000 -0.000000 1.000000
vn 0.000000 -0.000000 1.000000
vn 0.000000 -1.000000 -0.000000
vn 0.000000 -1.000000 -0.000000
vn 0.000000 -1.000000 -0.000000
vn 0.000000 -1.000000 -0.000000
vn 0.000000 0.000000 -1.000000
vn 0.000000 0.000000 -1.000000
vn 0.000000 0.000000 -1.000000
vn 0.000000 0.000000 -1.000000
vn 0.000000 0.000000 -1.000000
vn 0.000000 0.000000 -1.000000
vn 0.000000 0.000000 -1.000000
vn 0.000000 0.000000 -1.000000
vn 0.000000 0.000000 -1.000000
vn 0.000000 0.000000 -1.000000
vn 0.000000 0.000000 -1.000000
vn 0.000000 0.000000 -1.000000
vn 0.000000 -0.000000 1.000000
vn 0.000000 -0.000000 1.000000
vn 0.000000 -0.000000 1.000000
vn 0.000000 -0.000000 1.000000
vn 0.000000 -1.000000 -0.000000
vn 0.000000 -1.000000 -0.000000
vn 0.000000 -1.000000 -0.000000
vn 0.000000 -1.000000 -0.000000
vn 0.000000 1.000000 0.000000
vn 0.000000 1.000000 0.000000
vn 0.000000 1.000000 0.000000
vn 0.000000 1.000000 0.000000
vn 1.000000 0.000000 0.000000
vn 1.000000 0.000000 0.000000
vn 1.000000 0.000000 0.000000
vn 1.000000 0.000000 0.000000
vn 0.000000 -1.000000 -0.000000
vn 0.000000 -1.000000 -0.000000
vn 0.000000 -1.000000 -0.000000
vn 0.000000 -1.000000 -0.000000
vn 0.000000 0.000000 -1.000000
vn 0.000000 0.000000 -1.000000
vn 0.000000 0.000000 -1.000000
vn 0.000000 0.000000 -1.000000
vn 0.000000 0.000000 -1.000000
vn 0.000000 0.000000 -1.000000
vn 0.000000 0.000000 -1.000000
vn 0.000000 0.000000 -1.000000
vn 0.000000 0.000000 -1.000000
vn 0.000000 0.000000 -1.000000
vn 0.000000 0.000000 -1.000000
vn 0.000000 0.000000 -1.000000
vn 0.000000 0.000000 -1.000000
vn 0.000000 0.000000 -1.000000
vn 0.000000 0.000000 -1.000000
vn 0.000000 0.000000 -1.000000
vn 0.000000 1.000000 0.000000
vn 0.000000 1.000000 0.000000
vn 0.000000 1.000000 0.000000
vn 0.000000 1.000000 0.000000
vn 0.000000 1.000000 0.000000
vn 0.000000 1.000000 0.000000
vn 0.000000 1.000000 0.000000
vn 0.000000 1.000000 0.000000
vn 0.000000 -0.000000 1.000000
vn 0.000000 -0.000000 1.000000
vn 0.000000 -0.000000 1.000000
vn 0.000000 -0.000000 1.000000
vn 0.000000 -0.000000 1.000000
vn 0.000000 -0.000000 1.000000
vn 0.000000 -0.000000 1.000000
vn 0.000000 -0.000000 1.000000
vn 0.000000 -1.000000 -0.000000
vn 0.000000 -1.000000 -0.000000
vn 0.000000 -1.000000 -0.000000
vn 0.000000 -1.000000 -0.000000
vn 0.000000 0.000000 -1.000000
vn 0.000000 0.000000 -1.000000
vn 0.000000 0.000000 -1.000000
vn 0.000000 0.000000 -1.000000
vn 0.000000 0.000000 -1.000000
vn 0.000000 0.000000 -1.000000
vn 0.000000 0.000000 -1.000000
vn 0.000000 0.000000 -1.000000
vn 0.000000 0.000000 -1.000000
vn 0.000000 0.000000 -1.000000
vn 0.000000 0.000000 -1.000000
vn 0.000000 0.000000 -1.000000
vn 0.000000 0.000000 -1.000000
vn 0.000000 0.000000 -1.000000
vn 0.000000 0.000000 -1.000000
vn 0.000000 0.000000 -1.000000
vn 0.000000 -1.000000 -0.000000
vn 0.000000 -1.000000 -0.000000
vn 0.000000 -1.000000 -0.000000
vn 0.000000 -1.000000 -0.000000
vn 0.000000 1.000000 0.000000
vn 0.000000 1.000000 0.000000
vn 0.000000 1.000000 0.000000
vn 0.000000 1.000000 0.000000
vn 0.000000 0.000000 -1.000000
vn 0.000000 0.000000 -1.000000
vn 0.000000 0.000000 -1.000000
vn 0.000000 0.000000 -1.000000
vn 0.000000 -1.000000 -0.000000
vn 0.000000 -1.000000 -0.000000
vn 0.000000 -1.000000 -0.000000
vn 0.000000 -1.000000 -0.000000
vn 0.000000 0.000000 -1.000000
vn 0.000000 0.000000 -1.000000
vn 0.000000 0.000000 -1.000000
vn 0.000000 0.000000 -1.000000
vn 0.000000 0.000000 -1.000000
vn 0.000000 0.000000 -1.000000
vn 0.000000 0.000000 -1.000000
vn 0.000000 0.000000 -1.000000
vn 0.000000 0.000000 -1.000000
vn 0.000000 0.000000 -1.000000
vn 0.000000 0.000000 -1.000000
vn 0.000000 0.000000 -1.000000
vn -1.000000 0.000000 0.000000
vn -1.000000 0.000000 0.000000
vn -1.000000 0.000000 0.000000
vn -1.000000 0.000000 0.000000
vn 1.000000 0.000000 0.000000
vn 1.000000 0.000000 0.000000
vn 1.000000 0.000000 0.000000
vn 1.000000 0.000000 0.000000
vn 0.000000 -1.000000 -0.000000
vn 0.000000 -1.000000 -0.000000
vn 0.000000 -1.000000 -0.000000
vn 0.000000 -1.000000 -0.000000
vn 0.000000 0.000000 -1.000000
vn 0.000000 0.000000 -1.000000
vn 0.000000 0.000000 -1.000000
vn 0.000000 0.000000 -1.000000
vn 0.000000 -0.000000 1.000000
vn 0.000000 -0.000000 1.000000
vn 0.000000 -0.000000 1.000000
vn 0.000000 -0.000000 1.000000
vn 0.000000 1.000000 0.000000
vn 0.000000 1.000000 0.000000
vn 0.000000 1.000000 0.000000
vn 0.000000 1.000000 0.000000
vn 0.000000 -0.000000 1.000000
vn 0.000000 -0.000000 1.000000
vn 0.000000 -0.000000 1.000000
vn 0.000000 -0.000000 1.000000
vn 0.000000 -0.000000 1.000000
vn 0.000000 -0.000000 1.000000
vn 0.000000 -0.000000 1.000000
vn 0.000000 -0.000000 1.000000
vn 0.000000 -0.000000 1.000000
vn 0.000000 -0.000000 1.000000
vn 0.000000 -0.000000 1.000000
vn 0.000000 -0.000000 1.000000
vn 0.000000 -0.000000 1.000000
vn 0.000000 -0.000000 1.000000
vn 0.000000 -0.000000 1.000000
vn 0.000000 -0.000000 1.000000
vn 0.000000 -0.000000 1.000000
vn 0.000000 -0.000000 1.000000
vn 0.000000 -0.000000 1.000000
vn 0.000000 -0.000000 1.000000
vn 0.000000 -0.000000 1.000000
vn 0.000000 -0.000000 1.000000
vn 0.000000 -0.000000 1.000000
vn 0.000000 -0.000000 1.000000
vn 0.000000 -0.000000 1.000000
vn 0.000000 -0.000000 1.000000
vn 0.000000 -0.000000 1.000000
vn 0.000000 -0.000000 1.000000
vn 0.000000 -0.000000 1.000000
vn 0.000000 -0.000000 1.000000
vn 0.000000 -0.000000 1.000000
vn 0.000000 -0.000000 1.000000
vn 0.000000 -0.000000 1.000000
vn 0.000000 -0.000000 1.000000
vn 0.000000 -0.000000 1.000000
vn 0.000000 -0.000000 1.000000
vn 0.000000 -0.000000 1.000000
vn 0.000000 -0.000000 1.000000
vn 0.000000 -0.000000 1.000000
vn 0.000000 -0.000000 1.000000
vn 0.000000 -0.000000 1.000000
vn 0.000000 -0.000000 1.000000
vn 0.000000 -0.000000 1.000000
vn 0.000000 -0.000000 1.000000
vn 0.000000 -0.000000 1.000000
vn 0.000000 -0.000000 1.000000
vn 0.000000 -0.000000 1.000000
vn 0.000000 -0.000000 1.000000
vn 0.000000 -0.000000 1.000000
vn 0.000000 -0.000000 1.000000
vn 0.000000 -0.000000 1.000000
vn 0.000000 -0.000000 1.000000
vn 0.000000 -0.000000 1.000000
vn 0.000000 -0.000000 1.000000
vn 0.000000 -0.000000 1.000000
vn 0.000000 -0.000000 1.000000
vn 0.000000 -0.000000 1.000000
vn 0.000000 -0.000000 1.000000
vn 0.000000 -0.000000 1.000000
vn 0.000000 -0.000000 1.000000
vn 0.000000 -0.000000 1.000000
vn 0.000000 -0.000000 1.000000
vn 0.000000 -0.000000 1.000000
vn 0.000000 -0.000000 1.000000
vn 0.000000 -0.000000 1.000000
vn 0.000000 -0.000000 1.000000
vn 0.000000 -0.000000 1.000000
vn 0.000000 -0.000000 1.000000
vn 0.000000 -0.000000 1.000000
vn -1.000000 0.000000 0.000000
vn -1.000000 0.000000 0.000000
vn -1.000000 0.000000 0.000000
vn -1.000000 0.000000 0.000000
vn -1.000000 0.000000 0.000000
vn -1.000000 0.000000 0.000000
vn -1.000000 0.000000 0.000000
vn -1.000000 0.000000 0.000000
vn -1.000000 0.000000 0.000000
vn 0.000000 0.000000 -1.000000
vn 0.000000 0.000000 -1.000000
vn 0.000000 0.000000 -1.000000
vn 0.000000 0.000000 -1.000000
vn 0.000000 1.000000 0.000000
vn 0.000000 1.000000 0.000000
vn 0.000000 1.000000 0.000000
vn 0.000000 1.000000 0.000000
vn 0.000000 1.000000 0.000000
vn 0.000000 1.000000 0.000000
vn -1.000000 0.000000 0.000000
vn -1.000000 0.000000 0.000000
vn -1.000000 0.000000 0.000000
vn -1.000000 0.000000 0.000000
vn 1.000000 0.000000 0.000000
vn 1.000000 0.000000 0.000000
vn 1.000000 0.000000 0.000000
vn 1.000000 0.000000 0.000000
vn 0.000000 -0.000000 1.000000
vn 0.000000 -0.000000 1.000000
vn 0.000000 -0.000000 1.000000
vn 0.000000 -0.000000 1.000000
vn 0.000000 -0.000000 1.000000
vn 0.000000 -0.000000 1.000000
vn 0.000000 -0.000000 1.000000
vn 0.000000 -0.000000 1.000000
vn 0.000000 -0.000000 1.000000
vn 0.000000 -0.000000 1.000000
vn 0.000000 -0.000000 1.000000
vn 0.000000 -0.000000 1.000000
vn 0.000000 -0.000000 1.000000
vn -1.000000 0.000000 0.000000
vn -1.000000 0.000000 0.000000
vn -1.000000 0.000000 0.000000
vn -1.000000 0.000000 0.000000
vn -1.000000 0.000000 0.000000
vn -1.000000 0.000000 0.000000
vn -1.000000 0.000000 0.000000
vn -1.000000 0.000000 0.000000
vn -1.000000 0.000000 0.000000
vn -1.000000 0.000000 0.000000
vn -1.000000 0.000000 0.000000
vn 0.000000 0.000000 -1.000000
vn 0.000000 0.000000 -1.000000
vn 0.000000 0.000000 -1.000000
vn 0.000000 0.000000 -1.000000
vn 1.000000 0.000000 0.000000
vn 1.000000 0.000000 0.000000
vn 1.000000 0.000000 0.000000
vn 1.000000 0.000000 0.000000
vn 1.000000 0.000000 0.000000
vn 1.000000 0.000000 0.000000
vn 1.000000 0.000000 0.000000
vn 1.000000 0.000000 0.000000
vn 1.000000 0.000000 0.000000
vn 1.000000 0.000000 0.000000
vn 1.000000 0.000000 0.000000
vn 1.000000 0.000000 0.000000
vn 1.000000 0.000000 0.000000
vn 1.000000 0.000000 0.000000
vn 1.000000 0.000000 0.000000
vn -1.000000 0.000000 0.000000
vn -1.000000 0.000000 0.000000
vn -1.000000 0.000000 0.000000
vn -1.000000 0.000000 0.000000
vn 1.000000 0.000000 0.000000
vn 1.000000 0.000000 0.000000
vn 1.000000 0.000000 0.000000
vn 1.000000 0.000000 0.000000
vn 1.000000 0.000000 0.000000
vn 1.000000 0.000000 0.000000
vn 1.000000 0.000000 0.000000
vn 1.000000 0.000000 0.000000
vn 1.000000 0.000000 0.000000
vn 1.000000 0.000000 0.000000
vn 1.000000 0.000000 0.000000
vn 1.000000 0.000000 0.000000
vn 1.000000 0.000000 0.000000
vn 1.000000 0.000000 0.000000
vn 1.000000 0.000000 0.000000
vn 1.000000 0.000000 0.000000
vn 1.000000 0.000000 0.000000
vn 1.000000 0.000000 0.000000
vn 1.000000 0.000000 0.000000
vn 1.000000 0.000000 0.000000
vn 1.000000 0.000000 0.000000
vn 0.000000 -0.000000 1.000000
vn 0.000000 -0.000000 1.000000
vn 0.000000 -0.000000 1.000000
vn 0.000000 -0.000000 1.000000
vn 0.000000 -0.000000 1.000000
vn 0.000000 -0.000000 1.000000
vn 1.000000 0.000000 0.000000
vn 1.000000 0.000000 0.000000
vn 1.000000 0.000000 0.000000
vn 1.000000 0.000000 0.000000
vn 1.000000 0.000000 0.000000
vn 1.000000 0.000000 0.000000
vn 1.000000 0.000000 0.000000
vn 1.000000 0.000000 0.000000
vn 1.000000 0.000000 0.000000
vn 0.000000 -0.000000 1.000000
vn 0.000000 -0.000000 1.000000
vn 0.000000 -0.000000 1.000000
vn 0.000000 -0.000000 1.000000
vn 0.000000 -0.000000 1.000000
vn 0.000000 -0.000000 1.000000
vn 0.000000 -0.000000 1.000000
vn 0.000000 -0.000000 1.000000
vn 0.000000 -0.000000 1.000000
vn 0.000000 -0.000000 1.000000
vn 0.000000 -0.000000 1.000000
vn 0.000000 -0.000000 1.000000
vn 0.000000 -0.000000 1.000000
vn 0.000000 -1.000000 -0.000000
vn 0.000000 -1.000000 -0.000000
vn 0.000000 -1.000000 -0.000000
vn 0.000000 -1.000000 -0.000000
vn 0.000000 -1.000000 -0.000000
vn 1.000000 0.000000 0.000000
vn 1.000000 0.000000 0.000000
vn 1.000000 0.000000 0.000000
vn 1.000000 0.000000 0.000000
vn 1.000000 0.000000 0.000000
vn 1.000000 0.000000 0.000000
vn 1.000000 0.000000 0.000000
vn 1.000000 0.000000 0.000000
vn 1.000000 0.000000 0.000000
vn 1.000000 0.000000 0.000000
vn 1.000000 0.000000 0.000000
vn 1.000000 0.000000 0.000000
vn 1.000000 0.000000 0.000000
vn 1.000000 0.000000 0.000000
vn 1.000000 0.000000 0.000000
vn 1.000000 0.000000 0.000000
vn 1.000000 0.000000 0.000000
vn 1.000000 0.000000 0.000000
vn 1.000000 0.000000 0.000000
vn 1.000000 0.000000 0.000000
vn -1.000000 0.000000 0.000000
vn -1.000000 0.000000 0.000000
vn -1.000000 0.000000 0.000000
vn -1.000000 0.000000 0.000000
vn -1.000000 0.000000 0.000000
vn -1.000000 0.000000 0.000000
vn -1.000000 0.000000 0.000000
vn -1.000000 0.000000 0.000000
vn -1.000000 0.000000 0.000000
vn -1.000000 0.000000 0.000000
vn -1.000000 0.000000 0.000000
vn 0.000000 1.000000 0.000000
vn 0.000000 1.000000 0.000000
vn 0.000000 1.000000 0.000000
vn 0.000000 1.000000 0.000000
vn 0.000000 -0.000000 1.000000
vn 0.000000 -0.000000 1.000000
vn 0.000000 -0.000000 1.000000
vn 0.000000 -0.000000 1.000000
vn 1.000000 0.000000 0.000000
vn 1.000000 0.000000 0.000000
vn 1.000000 0.000000 0.000000
vn 1.000000 0.000000 0.000000
vn 1.000000 0.000000 0.000000
vn 1.000000 0.000000 0.000000
vn 1.000000 0.000000 0.000000
vn 1.000000 0.000000 0.000000
vn 1.000000 0.000000 0.000000
vn 1.000000 0.000000 0.000000
vn 1.000000 0.000000 0.000000
vn 1.000000 0.000000 0.000000
vn 1.000000 0.000000 0.000000
vn 1.000000 0.000000 0.000000
vn 1.000000 0.000000 0.000000
vn 0.000000 0.000000 -1.000000
vn 0.000000 0.000000 -1.000000
vn 0.000000 0.000000 -1.000000
vn 0.000000 0.000000 -1.000000
vn 0.000000 -0.000000 1.000000
vn 0.000000 -0.000000 1.000000
vn 0.000000 -0.000000 1.000000
vn 0.000000 -0.000000 1.000000
vn 0.000000 -0.000000 1.000000
vn 0.000000 -0.000000 1.000000
vn 0.000000 0.000000 -1.000000
vn 0.000000 0.000000 -1.000000
vn 0.000000 0.000000 -1.000000
vn 0.000000 0.000000 -1.000000
vn 0.000000 0.000000 -1.000000
vn 0.000000 0.000000 -1.000000
vn 0.000000 0.000000 -1.000000
vn 0.000000 0.000000 -1.000000
vn 0.000000 -0.000000 1.000000
vn 0.000000 -0.000000 1.000000
vn 0.000000 -0.000000 1.000000
vn 0.000000 -0.000000 1.000000
vn 0.000000 -0.000000 1.000000
vn 0.000000 -0.000000 1.000000
vn 0.000000 -0.000000 1.000000
vn 0.000000 -0.000000 1.000000
vn 0.000000 -0.000000 1.000000
vn 0.000000 -0.000000 1.000000
vn 0.000000 -0.000000 1.000000
vn 1.000000 0.000000 0.000000
vn 1.000000 0.000000 0.000000
vn 1.000000 0.000000 0.000000
vn 1.000000 0.000000 0.000000
vn -1.000000 0.000000 0.000000
vn -1.000000 0.000000 0.000000
vn -1.000000 0.000000 0.000000
vn -1.000000 0.000000 0.000000
vn -1.000000 0.000000 0.000000
vn -1.000000 0.000000 0.000000
vn -1.000000 0.000000 0.000000
vn -1.000000 0.000000 0.000000
vn -1.000000 0.000000 0.000000
vn -1.000000 0.000000 0.000000
vn -1.000000 0.000000 0.000000
vn -1.000000 0.000000 0.000000
vn -1.000000 0.000000 0.000000
vn -1.000000 0.000000 0.000000
vn -1.000000 0.000000 0.000000
vn -1.000000 0.000000 0.000000
vn -1.000000 0.000000 0.000000
vn -1.000000 0.000000 0.000000
vn -1.000000 0.000000 0.000000
vn -1.000000 0.000000 0.000000
vn -1.000000 0.000000 0.000000
vn 0.000000 -0.000000 1.000000
vn 0.000000 -0.000000 1.000000
vn 0.000000 -0.000000 1.000000
vn 0.000000 -0.000000 1.000000
vn 0.000000 -0.000000 1.000000
vn 0.000000 -0.000000 1.000000
vn 0.000000 -0.000000 1.000000
vn 0.000000 -0.000000 1.000000
vn 0.000000 -0.000000 1.000000
vn 0.000000 -0.000000 1.000000
vn 1.000000 0.000000 0.000000
vn 1.000000 0.000000 0.000000
vn 1.000000 0.000000 0.000000
vn 1.000000 0.000000 0.000000
vn 1.000000 0.000000 0.000000
vn 1.000000 0.000000 0.000000
vn 1.000000 0.000000 0.000000
vn 1.000000 0.000000 0.000000
vn 1.000000 0.000000 0.000000
vn 1.000000 0.000000 0.000000
vn 1.000000 0.000000 0.000000
vn 1.000000 0.000000 0.000000
vn 1.000000 0.000000 0.000000
vn 1.000000 0.000000 0.000000
vn 1.000000 0.000000 0.000000
vn 0.000000 -0.000000 1.000000
vn 0.000000 -0.000000 1.000000
vn 0.000000 -0.000000 1.000000
vn 0.000000 -0.000000 1.000000
vn 0.000000 -0.000000 1.000000
vn 0.000000 -0.000000 1.000000
vn 1.000000 0.000000 0.000000
vn 1.000000 0.000000 0.000000
vn 1.000000 0.000000 0.000000
vn 1.000000 0.000000 0.000000
vn 1.000000 0.000000 0.000000
vn 1.000000 0.000000 0.000000
vn 1.000000 0.000000 0.000000
vn 1.000000 0.000000 0.000000
vn 1.000000 0.000000 0.000000
vn 1.000000 0.000000 0.000000
vn 1.000000 0.000000 0.000000
vn 1.000000 0.000000 0.000000
vn 1.000000 0.000000 0.000000
vn 1.000000 0.000000 0.000000
vn 1.000000 0.000000 0.000000
vn 1.000000 0.000000 0.000000
vn 1.000000 0.000000 0.000000
vn 1.000000 0.000000 0.000000
vn 1.000000 0.000000 0.000000
vn 1.000000 0.000000 0.000000
vn 1.000000 0.000000 0.000000
vn 1.000000 0.000000 0.000000
vn -1.000000 0.000000 0.000000
vn -1.000000 0.000000 0.000000
vn -1.000000 0.000000 0.000000
vn -1.000000 0.000000 0.000000
vn -1.000000 0.000000 0.000000
vn -1.000000 0.000000 0.000000
vn -1.000000 0.000000 0.000000
vn -1.000000 0.000000 0.000000
vn 0.000000 0.000000 -1.000000
vn 0.000000 0.000000 -1.000000
vn 0.000000 0.000000 -1.000000
vn 0.000000 0.000000 -1.000000
vn 0.000000 0.000000 -1.000000
vn 0.000000 0.000000 -1.000000
vn 0.000000 0.000000 -1.000000
vn 0.000000 0.000000 -1.000000
vn 0.000000 -0.000000 1.000000
vn 0.000000 -0.000000 1.000000
vn 0.000000 -0.000000 1.000000
vn 0.000000 -0.000000 1.000000
vn 0.000000 -0.000000 1.000000
vn 0.000000 -0.000000 1.000000
vn 0.000000 -0.000000 1.000000
vn 0.000000 -0.000000 1.000000
vn 0.000000 -0.000000 1.000000
vn 0.000000 -0.000000 1.000000
vn 0.000000 -0.000000 1.000000
vn 0.000000 -0.000000 1.000000
vn 0.000000 -0.000000 1.000000
vn -1.000000 0.000000 0.000000
vn -1.000000 0.000000 0.000000
vn -1.000000 0.000000 0.000000
vn -1.000000 0.000000 0.000000
vn -1.000000 0.000000 0.000000
vn -1.000000 0.000000 0.000000
vn -1.000000 0.000000 0.000000
vn -1.000000 0.000000 0.000000
vn -1.000000 0.000000 0.000000
vn -1.000000 0.000000 0.000000
vn -1.000000 0.000000 0.000000
vn -1.000000 0.000000 0.000000
vn -1.000000 0.000000 0.000000
vn -1.000000 0.000000 0.000000
vn -1.000000 0.000000 0.000000
vn -1.000000 0.000000 0.000000
vn -1.000000 0.000000 0.000000
vn 0.000000 -0.000000 1.000000
vn 0.000000 -0.000000 1.000000
vn 0.000000 -0.000000 1.000000
vn 0.000000 -0.000000 1.000000
vn 0.000000 -0.000000 1.000000
vn 0.000000 -0.000000 1.000000
vn 0.000000 -0.000000 1.000000
vn 0.000000 -0.000000 1.000000
vn 0.000000 -0.000000 1.000000
vn 0.000000 -0.000000 1.000000
vn 0.000000 -0.000000 1.000000
vn 0.000000 -0.000000 1.000000
vn 0.000000 -0.000000 1.000000
vn 0.000000 -0.000000 1.000000
vn 0.000000 -0.000000 1.000000
vn 0.000000 -0.000000 1.000000
vn 0.000000 -0.000000 1.000000
vn 0.000000 -0.000000 1.000000
vn 0.000000 -0.000000 1.000000
vn 0.000000 -0.000000 1.000000
vn 0.000000 -0.000000 1.000000
vn 0.000000 -1.000000 -0.000000
vn 0.000000 -1.000000 -0.000000
vn 0.000000 -1.000000 -0.000000
vn 0.000000 -1.000000 -0.000000
vn 0.000000 -1.000000 -0.000000
vn 0.000000 -1.000000 -0.000000
vn 0.000000 -1.000000 -0.000000
vn 0.000000 -1.000000 -0.000000
vn 0.000000 -1.000000 -0.000000
vn 1.000000 0.000000 0.000000
vn 1.000000 0.000000 0.000000
vn 1.000000 0.000000 0.000000
vn 1.000000 0.000000 0.000000
vn 1.000000 0.000000 0.000000
vn 1.000000 0.000000 0.000000
vn 1.000000 0.000000 0.000000
vn 1.000000 0.000000 0.000000
vn 0.000000 -1.000000 -0.000000
vn 0.000000 -1.000000 -0.000000
vn 0.000000 -1.000000 -0.000000
vn 0.000000 -1.000000 -0.000000
vn 0.000000 -1.000000 -0.000000
vn -1.000000 0.000000 0.000000
vn -1.000000 0.000000 0.000000
vn -1.000000 0.000000 0.000000
vn -1.000000 0.000000 0.000000
vn 1.000000 0.000000 0.000000
vn 1.000000 0.000000 0.000000
vn 1.000000 0.000000 0.000000
vn 1.000000 0.000000 0.000000
vn 1.000000 0.000000 0.000000
vn 1.000000 0.000000 0.000000
vn 1.000000 0.000000 0.000000
vn 1.000000 0.000000 0.000000
vn 0.000000 -1.000000 -0.000000
vn 0.000000 -1.000000 -0.000000
vn 0.000000 -1.000000 -0.000000
vn 0.000000 -1.000000 -0.000000
vn 0.000000 -1.000000 -0.000000
vn 1.000000 0.000000 0.000000
vn 1.000000 0.000000 0.000000
vn 1.000000 0.000000 0.000000
vn 1.000000 0.000000 0.000000
vn 1.000000 0.000000 0.000000
vn 1.000000 0.000000 0.000000
vn 1.000000 0.000000 0.000000
vn 1.000000 0.000000 0.000000
vn 1.000000 0.000000 0.000000
vn 0.000000 0.000000 -1.000000
vn 0.000000 0.000000 -1.000000
vn 0.000000 0.000000 -1.000000
vn 0.000000 0.000000 -1.000000
vn 0.000000 0.000000 -1.000000
vn -1.000000 0.000000 0.000000
vn -1.000000 0.000000 0.000000
vn -1.000000 0.000000 0.000000
vn -1.000000 0.000000 0.000000
vn 1.000000 0.000000 0.000000
vn 1.000000 0.000000 0.000000
vn 1.000000 0.000000 0.000000
vn 1.000000 0.000000 0.000000
vn 1.000000 0.000000 0.000000
vn 1.000000 0.000000 0.000000
vn 1.000000 0.000000 0.000000
vn 1.000000 0.000000 0.000000
vn 1.000000 0.000000 0.000000
vn -1.000000 0.000000 0.000000
vn -1.000000 0.000000 0.000000
vn -1.000000 0.000000 0.000000
vn -1.000000 0.000000 0.000000
vn -1.000000 0.000000 0.000000
vn -1.000000 0.000000 0.000000
vn -1.000000 0.000000 0.000000
vn -1.000000 0.000000 0.000000
vn -1.000000 0.000000 0.000000
vn -1.000000 0.000000 0.000000
vn 1.000000 0.000000 0.000000
vn 1.000000 0.000000 0.000000
vn 1.000000 0.000000 0.000000
vn 1.000000 0.000000 0.000000
vn 1.000000 0.000000 0.000000
vn 1.000000 0.000000 0.000000
vn 1.000000 0.000000 0.000000
vn 1.000000 0.000000 0.000000
vn 1.000000 0.000000 0.000000
vn 0.000000 -0.000000 1.000000
vn 0.000000 -0.000000 1.000000
vn 0.000000 -0.000000 1.000000
vn 0.000000 -0.000000 1.000000
vn 1.000000 0.000000 0.000000
vn 1.000000 0.000000 0.000000
vn 1.000000 0.000000 0.000000
vn 1.000000 0.000000 0.000000
vn 1.000000 0.000000 0.000000
vn 1.000000 0.000000 0.000000
vn 1.000000 0.000000 0.000000
vn 1.000000 0.000000 0.000000
vn 1.000000 0.000000 0.000000
vn 1.000000 0.000000 0.000000
vn 1.000000 0.000000 0.000000
vn 1.000000 0.000000 0.000000
vn 0.000000 -0.000000 1.000000
vn 0.000000 -0.000000 1.000000
vn 0.000000 -0.000000 1.000000
vn 0.000000 -0.000000 1.000000
vn 1.000000 0.000000 0.000000
vn 1.000000 0.000000 0.000000
vn 1.000000 0.000000 0.000000
vn 1.000000 0.000000 0.000000
vn 1.000000 0.000000 0.000000
vn 1.000000 0.000000 0.000000
vn 1.000000 0.000000 0.000000
vn 1.000000 0.000000 0.000000
vn -1.000000 0.000000 0.000000
vn -1.000000 0.000000 0.000000
vn -1.000000 0.000000 0.000000
vn -1.000000 0.000000 0.000000
vn -1.000000 0.000000 0.000000
vn -1.000000 0.000000 0.000000
vn -1.000000 0.000000 0.000000
vn -1.000000 0.000000 0.000000
vn -1.000000 0.000000 0.000000
vn -1.000000 0.000000 0.000000
vn -1.000000 0.000000 0.000000
vn -1.000000 0.000000 0.000000
vn -1.000000 0.000000 0.000000
vn 0.000000 -0.000000 1.000000
vn 0.000000 -0.000000 1.000000
vn 0.000000 -0.000000 1.000000
vn 0.000000 -0.000000 1.000000
vn -1.000000 0.000000 0.000000
vn -1.000000 0.000000 0.000000
vn -1.000000 0.000000 0.000000
vn -1.000000 0.000000 0.000000
vn -1.000000 0.000000 0.000000
vn 0.000000 1.000000 0.000000
vn 0.000000 1.000000 0.000000
vn 0.000000 1.000000 0.000000
vn 0.000000 1.000000 0.000000
vn 0.000000 1.000000 0.000000
vn 1.000000 0.000000 0.000000
vn 1.000000 0.000000 0.000000
vn 1.000000 0.000000 0.000000
vn 1.000000 0.000000 0.000000
vn 0.000000 -0.000000 1.000000
vn 0.000000 -0.000000 1.000000
vn 0.000000 -0.000000 1.000000
vn 0.000000 -0.000000 1.000000
vn -1.000000 0.000000 0.000000
vn -1.000000 0.000000 0.000000
vn -1.000000 0.000000 0.000000
vn -1.000000 0.000000 0.000000
vn -1.000000 0.000000 0.000000
vn -1.000000 0.000000 0.000000
vn -1.000000 0.000000 0.000000
vn -1.000000 0.000000 0.000000
vn 1.000000 0.000000 0.000000
vn 1.000000 0.000000 0.000000
vn 1.000000 0.000000 0.000000
vn 1.000000 0.000000 0.000000
vn 0.000000 0.000000 -1.000000
vn 0.000000 0.000000 -1.000000
vn 0.000000 0.000000 -1.000000
vn 0.000000 0.000000 -1.000000
vn 0.000000 1.000000 0.000000
vn 0.000000 1.000000 0.000000
vn 0.000000 1.000000 0.000000
vn 0.000000 1.000000 0.000000
vn 0.000000 1.000000 0.000000
vn 1.000000 0.000000 0.000000
vn 1.000000 0.000000 0.000000
vn 1.000000 0.000000 0.000000
vn 1.000000 0.000000 0.000000
vn 1.000000 0.000000 0.000000
vn 1.000000 0.000000 0.000000
vn 1.000000 0.000000 0.000000
vn 1.000000 0.000000 0.000000
vn 1.000000 0.000000 0.000000
vn 1.000000 0.000000 0.000000
vn 1.000000 0.000000 0.000000
vn 1.000000 0.000000 0.000000
vn 1.000000 0.000000 0.000000
vn 1.000000 0.000000 0.000000
vn 1.000000 0.000000 0.000000
vn 1.000000 0.000000 0.000000
vn 1.000000 0.000000 0.000000
vn 1.000000 0.000000 0.000000
vn 1.000000 0.000000 0.000000
vn 1.000000 0.000000 0.000000
vn -1.000000 0.000000 0.000000
vn -1.000000 0.000000 0.000000
vn -1.000000 0.000000 0.000000
vn -1.000000 0.000000 0.000000
vn -1.000000 0.000000 0.000000
vn -1.000000 0.000000 0.000000
vn -1.000000 0.000000 0.000000
vn -1.000000 0.000000 0.000000
vn -1.000000 0.000000 0.000000
vn -1.000000 0.000000 0.000000
vn -1.000000 0.000000 0.000000
vn -1.000000 0.000000 0.000000
vn -1.000000 0.000000 0.000000
vn 1.000000 0.000000 0.000000
vn 1.000000 0.000000 0.000000
vn 1.000000 0.000000 0.000000
vn 1.000000 0.000000 0.000000
vn 1.000000 0.000000 0.000000
vn 0.000000 0.000000 -1.000000
vn 0.000000 0.000000 -1.000000
vn 0.000000 0.000000 -1.000000
vn 0.000000 0.000000 -1.000000
vn 0.000000 0.000000 -1.000000
vn 0.000000 0.000000 -1.000000
vn 0.000000 1.000000 0.000000
vn 0.000000 1.000000 0.000000
vn 0.000000 1.000000 0.000000
vn 0.000000 1.000000 0.000000
vn 0.000000 1.000000 0.000000
vn -1.000000 0.000000 0.000000
vn -1.000000 0.000000 0.000000
vn -1.000000 0.000000 0.000000
vn -1.000000 0.000000 0.000000
vn -1.000000 0.000000 0.000000
vn -1.000000 0.000000 0.000000
vn -1.000000 0.000000 0.000000
vn -1.000000 0.000000 0.000000
vn -1.000000 0.000000 0.000000
vn -1.000000 0.000000 0.000000
vn -1.000000 0.000000 0.000000
vn -1.000000 0.000000 0.000000
vn -1.000000 0.000000 0.000000
vn 0.000000 1.000000 0.000000
vn 0.000000 1.000000 0.000000
vn 0.000000 1.000000 0.000000
vn 0.000000 1.000000 0.000000
vn 0.000000 1.000000 0.000000
vn 1.000000 0.000000 0.000000
vn 1.000000 0.000000 0.000000
vn 1.000000 0.000000 0.000000
vn 1.000000 0.000000 0.000000
vn 1.000000 0.000000 0.000000
vn 1.000000 0.000000 0.000000
vn 1.000000 0.000000 0.000000
vn 1.000000 0.000000 0.000000
vn -1.000000 0.000000 0.000000
vn -1.000000 0.000000 0.000000
vn -1.000000 0.000000 0.000000
vn -1.000000 0.000000 0.000000
vn -1.000000 0.000000 0.000000
vn -1.000000 0.000000 0.000000
vn -1.000000 0.000000 0.000000
vn -1.000000 0.000000 0.000000
vn -1.000000 0.000000 0.000000
vn -1.000000 0.000000 0.000000
vn 0.000000 -1.000000 -0.000000
vn 0.000000 -1.000000 -0.000000
vn 0.000000 -1.000000 -0.000000
vn 0.000000 -1.000000 -0.000000
vn 0.000000 -1.000000 -0.000000
vn 0.000000 1.000000 0.000000
vn 0.000000 1.000000 0.000000
vn 0.000000 1.000000 0.000000
vn 0.000000 1.000000 0.000000
vn -1.000000 0.000000 0.000000
vn -1.000000 0.000000 0.000000
vn -1.000000 0.000000 0.000000
vn -1.000000 0.000000 0.000000
vn -1.000000 0.000000 0.000000
vn -1.000000 0.000000 0.000000
vn -1.000000 0.000000 0.000000
vn -1.000000 0.000000 0.000000
vn -1.000000 0.000000 0.000000
vn -1.000000 0.000000 0.000000
vn -1.000000 0.000000 0.000000
vn -1.000000 0.000000 0.000000
vn -1.000000 0.000000 0.000000
vn 1.000000 0.000000 0.000000
vn 1.000000 0.000000 0.000000
vn 1.000000 0.000000 0.000000
vn 1.000000 0.000000 0.000000
vn -1.000000 0.000000 0.000000
vn -1.000000 0.000000 0.000000
vn -1.000000 0.000000 0.000000
vn -1.000000 0.000000 0.000000
vn 0.000000 1.000000 0.000000
vn 0.000000 1.000000 0.000000
vn 0.000000 1.000000 0.000000
vn 0.000000 1.000000 0.000000
vn 1.000000 0.000000 0.000000
vn 1.000000 0.000000 0.000000
vn 1.000000 0.000000 0.000000
vn 1.000000 0.000000 0.000000
vn 1.000000 0.000000 0.000000
vn 1.000000 0.000000 0.000000
vn 1.000000 0.000000 0.000000
vn 1.000000 0.000000 0.000000
vn -1.000000 0.000000 0.000000
vn -1.000000 0.000000 0.000000
vn -1.000000 0.000000 0.000000
vn -1.000000 0.000000 0.000000
vn -1.000000 0.000000 0.000000
vn 1.000000 0.000000 0.000000
vn 1.000000 0.000000 0.000000
vn 1.000000 0.000000 0.000000
vn 1.000000 0.000000 0.000000
vn -1.000000 0.000000 0.000000
vn -1.000000 0.000000 0.000000
vn -1.000000 0.000000 0.000000
vn -1.000000 0.000000 0.000000
vn -1.000000 0.000000 0.000000
vn -1.000000 0.000000 0.000000
vn -1.000000 0.000000 0.000000
vn -1.000000 0.000000 0.000000
vn -1.000000 0.000000 0.000000
vn -1.000000 0.000000 0.000000
vn -1.000000 0.000000 0.000000
vn -1.000000 0.000000 0.000000
vn -1.000000 0.000000 0.000000
vn -1.000000 0.000000 0.000000
vn -1.000000 0.000000 0.000000
vn -1.000000 0.000000 0.000000
vn 0.000000 1.000000 0.000000
vn 0.000000 1.000000 0.000000
vn 0.000000 1.000000 0.000000
vn 0.000000 1.000000 0.000000
vn 1.000000 0.000000 0.000000
vn 1.000000 0.000000 0.000000
vn 1.000000 0.000000 0.000000
vn 1.000000 0.000000 0.000000
vn 1.000000 0.000000 0.000000
vn 1.000000 0.000000 0.000000
vn 1.000000 0.000000 0.000000
vn 1.000000 0.000000 0.000000
vn 1.000000 0.000000 0.000000
vn 1.000000 0.000000 0.000000
vn 1.000000 0.000000 0.000000
vn 1.000000 0.000000 0.000000
vn 1.000000 0.000000 0.000000
vn 1.000000 0.000000 0.000000
vn 1.000000 0.000000 0.000000
vn 1.000000 0.000000 0.000000
vn 0.000000 -0.000000 1.000000
vn 0.000000 -0.000000 1.000000
vn 0.000000 -0.000000 1.000000
vn 0.000000 -0.000000 1.000000
vn 1.000000 0.000000 0.000000
vn 1.000000 0.000000 0.000000
vn 1.000000 0.000000 0.000000
vn 1.000000 0.000000 0.000000
vn 1.000000 0.000000 0.000000
vn 1.000000 0.000000 0.000000
vn 1.000000 0.000000 0.000000
vn 1.000000 0.000000 0.000000
vn 1.000000 0.000000 0.000000
f 3/3/3 2/2/2 1/1/1
f 5/5/5 3/3/3 4/4/4
f 8/8/8 7/7/7 6/6/6
f 11/11/11 10/10/10 9/9/9
f 14/14/14 13/13/13 12/12/12
f 17/17/17 16/16/16 15/15/15
f 20/20/20 19/19/19 18/18/18
f 23/23/23 22/22/22 21/21/21
f 26/26/26 25/25/25 24/24/24
f 29/29/29 28/28/28 27/27/27
f 32/32/32 31/31/31 30/30/30
f 35/35/35 34/34/34 33/33/33
f 37/37/37 35/35/35 36/36/36
f 39/39/39 38/38/38 36/36/36
f 42/42/42 41/41/41 40/40/40
f 45/45/45 44/44/44 43/43/43
f 48/48/48 47/47/47 46/46/46
f 51/51/51 50/50/50 49/49/49
f 54/54/54 53/53/53 52/52/52
f 57/57/57 56/56/56 55/55/55
f 60/60/60 59/59/59 58/58/58
f 62/62/62 58/58/58 61/61/61
f 64/64/64 62/62/62 63/63/63
f 67/67/67 66/66/66 65/65/65
f 70/70/70 69/69/69 68/68/68
f 73/73/73 72/72/72 71/71/71
f 76/76/76 75/75/75 74/74/74
f 79/79/79 78/78/78 77/77/77
f 82/82/82 81/81/81 80/80/80
f 85/85/85 84/84/84 83/83/83
f 87/87/87 86/86/86 84/84/84
f 90/90/90 89/89/89 88/88/88
f 92/92/92 88/88/88 91/91/91
f 94/94/94 92/92/92 93/93/93
f 97/97/97 96/96/96 95/95/95
f 100/100/100 99/99/99 98/98/98
f 103/103/103 102/102/102 101/101/101
f 106/106/106 105/105/105 104/104/104
f 109/109/109 108/108/108 107/107/107
f 112/112/112 111/111/111 110/110/110
f 115/115/115 114/114/114 113/113/113
f 118/118/118 117/117/117 116/116/116
f 121/121/121 120/120/120 119/119/119
f 124/124/124 123/123/123 122/122/122
f 127/127/127 126/126/126 125/125/125
f 130/130/130 129/129/129 128/128/128
f 132/132/132 130/130/130 131/131/131
f 135/135/135 134/134/134 133/133/133
f 137/137/137 136/136/136 134/134/134
f 140/140/140 139/139/139 138/138/138
f 142/142/142 138/138/138 141/141/141
f 144/144/144 142/142/142 143/143/143
f 147/147/147 146/146/146 145/145/145
f 150/150/150 149/149/149 148/148/148
f 153/153/153 152/152/152 151/151/151
f 155/155/155 153/153/153 154/154/154
f 158/158/158 157/157/157 156/156/156
f 160/160/160 158/158/158 159/159/159
f 163/163/163 162/162/162 161/161/161
f 165/165/165 163/163/163 164/164/164
f 168/168/168 167/167/167 166/166/166
f 171/171/171 170/170/170 169/169/169
f 173/173/173 171/171/171 172/172/172
f 176/176/176 175/175/175 174/174/174
f 179/179/179 178/178/178 177/177/177
f 181/181/181 180/180/180 177/177/177
f 184/184/184 183/183/183 182/182/182
f 187/187/187 186/186/186 185/185/185
f 190/190/190 189/189/189 188/188/188
f 193/193/193 192/192/192 191/191/191
f 196/196/196 195/195/195 194/194/194
f 199/199/199 198/198/198 197/197/197
f 202/202/202 201/201/201 200/200/200
f 204/204/204 200/200/200 203/203/203
f 207/207/207 206/206/206 205/205/205
f 210/210/210 209/209/209 208/208/208
f 213/213/213 212/212/212 211/211/211
f 216/216/216 215/215/215 214/214/214
f 219/219/219 218/218/218 217/217/217
f 222/222/222 221/221/221 220/220/220
f 225/225/225 224/224/224 223/223/223
f 228/228/228 227/227/227 226/226/226
f 231/231/231 230/230/230 229/229/229
f 234/234/234 233/233/233 232/232/232
f 237/237/237 236/236/236 235/235/235
f 240/240/240 239/239/239 238/238/238
f 243/243/243 242/242/242 241/241/241
f 246/246/246 245/245/245 244/244/244
f 249/249/249 248/248/248 247/247/247
f 252/252/252 251/251/251 250/250/250
f 255/255/255 254/254/254 253/253/253
f 257/257/257 253/253/253 256/256/256
f 258/258/258 257/257/257 256/256/256
f 261/261/261 260/260/260 259/259/259
f 264/264/264 263/263/263 262/262/262
f 267/267/267 266/266/266 265/265/265
f 270/270/270 269/269/269 268/268/268
f 272/272/272 268/268/268 271/271/271
f 273/273/273 268/268/268 272/272/272
f 276/276/276 275/275/275 274/274/274
f 278/278/278 274/274/274 277/277/277
f 279/279/279 274/274/274 278/278/278
f 282/282/282 281/281/281 280/280/280
f 285/285/285 284/284/284 283/283/283
f 288/288/288 287/287/287 286/286/286
f 287/287/287 290/290/290 289/289/289
f 293/293/293 292/292/292 291/291/291
f 296/296/296 295/295/295 294/294/294
f 299/299/299 298/298/298 297/297/297
f 302/302/302 301/301/301 300/300/300
f 304/304/304 303/303/303 302/302/302
f 306/306/306 305/305/305 303/303/303
f 308/308/308 305/305/305 307/307/307
f 311/311/311 310/310/310 309/309/309
f 314/314/314 313/313/313 312/312/312
f 317/317/317 316/316/316 315/315/315
f 316/316/316 319/319/319 318/318/318
f 322/322/322 321/321/321 320/320/320
f 325/325/325 324/324/324 323/323/323
f 328/328/328 327/327/327 326/326/326
f 331/331/331 330/330/330 329/329/329
f 334/334/334 333/333/333 332/332/332
f 336/336/336 335/335/335 332/332/332
f 339/339/339 338/338/338 337/337/337
f 338/338/338 341/341/341 340/340/340
f 344/344/344 343/343/343 342/342/342
f 347/347/347 346/346/346 345/345/345
f 350/350/350 349/349/349 348/348/348
f 349/349/349 352/352/352 351/351/351
f 355/355/355 354/354/354 353/353/353
f 358/358/358 357/357/357 356/356/356
f 361/361/361 360/360/360 359/359/359
f 364/364/364 363/363/363 362/362/362
f 367/367/367 366/366/366 365/365/365
f 370/370/370 369/369/369 368/368/368
f 373/373/373 372/372/372 371/371/371
f 376/376/376 375/375/375 374/374/374
f 379/379/379 378/378/378 377/377/377
f 382/382/382 381/381/381 380/380/380
f 385/385/385 384/384/384 383/383/383
f 388/388/388 387/387/387 386/386/386
f 391/391/391 390/390/390 389/389/389
f 394/394/394 393/393/393 392/392/392
f 397/397/397 396/396/396 395/395/395
f 400/400/400 399/399/399 398/398/398
f 403/403/403 402/402/402 401/401/401
f 406/406/406 405/405/405 404/404/404
f 409/409/409 408/408/408 407/407/407
f 412/412/412 411/411/411 410/410/410
f 415/415/415 414/414/414 413/413/413
f 418/418/418 417/417/417 416/416/416
f 421/421/421 420/420/420 419/419/419
f 424/424/424 423/423/423 422/422/422
f 424/424/424 426/426/426 425/425/425
f 429/429/429 428/428/428 427/427/427
f 432/432/432 431/431/431 430/430/430
f 435/435/435 434/434/434 433/433/433
f 438/438/438 437/437/437 436/436/436
f 441/441/441 440/440/440 439/439/439
f 444/444/444 443/443/443 442/442/442
f 447/447/447 446/446/446 445/445/445
f 449/449/449 445/445/445 448/448/448
f 450/450/450 445/445/445 449/449/449
f 453/453/453 452/452/452 451/451/451
f 453/453/453 455/455/455 454/454/454
f 458/458/458 457/457/457 456/456/456
f 461/461/461 460/460/460 459/459/459
f 464/464/464 463/463/463 462/462/462
f 467/467/467 466/466/466 465/465/465
f 469/469/469 465/465/465 468/468/468
f 472/472/472 471/471/471 470/470/470
f 474/474/474 470/470/470 473/473/473
f 475/475/475 474/474/474 473/473/473
f 478/478/478 477/477/477 476/476/476
f 480/480/480 476/476/476 479/479/479
f 481/481/481 480/480/480 479/479/479
f 484/484/484 483/483/483 482/482/482
f 487/487/487 486/486/486 485/485/485
f 490/490/490 489/489/489 488/488/488
f 492/492/492 490/490/490 491/491/491
f 493/493/493 490/490/490 492/492/492
f 496/496/496 495/495/495 494/494/494
f 499/499/499 498/498/498 497/497/497
f 502/502/502 501/501/501 500/500/500
f 504/504/504 500/500/500 503/503/503
f 505/505/505 500/500/500 504/504/504
f 508/508/508 507/507/507 506/506/506
f 511/511/511 510/510/510 509/509/509
f 514/514/514 513/513/513 512/512/512
f 517/517/517 516/516/516 515/515/515
f 520/520/520 519/519/519 518/518/518
f 522/522/522 518/518/518 521/521/521
f 523/523/523 522/522/522 521/521/521
f 526/526/526 525/525/525 524/524/524
f 528/528/528 527/527/527 525/525/525
f 531/531/531 530/530/530 529/529/529
f 533/533/533 532/532/532 530/530/530
f 536/536/536 535/535/535 534/534/534
f 539/539/539 538/538/538 537/537/537
f 541/541/541 537/537/537 540/540/540
f 542/542/542 537/537/537 541/541/541
f 545/545/545 544/544/544 543/543/543
f 547/547/547 546/546/546 543/543/543
f 550/550/550 549/549/549 548/548/548
f 553/553/553 552/552/552 551/551/551
f 556/556/556 555/555/555 554/554/554
f 559/559/559 558/558/558 557/557/557
f 561/561/561 557/557/557 560/560/560
f 562/562/562 561/561/561 560/560/560
f 565/565/565 564/564/564 563/563/563
f 567/567/567 563/563/563 566/566/566
f 568/568/568 567/567/567 566/566/566
f 571/571/571 570/570/570 569/569/569
f 573/573/573 569/569/569 572/572/572
f 574/574/574 573/573/573 572/572/572
f 577/577/577 576/576/576 575/575/575
f 580/580/580 579/579/579 578/578/578
f 582/582/582 578/578/578 581/581/581
f 583/583/583 582/582/582 581/581/581
f 586/586/586 585/585/585 584/584/584
f 589/589/589 588/588/588 587/587/587
f 592/592/592 591/591/591 590/590/590
f 595/595/595 594/594/594 593/593/593
f 598/598/598 597/597/597 596/596/596
f 601/601/601 600/600/600 599/599/599
f 603/603/603 599/599/599 602/602/602
f 603/603/603 602/602/602 604/604/604
f 605/605/605 604/604/604 602/602/602
f 608/608/608 607/607/607 606/606/606
f 610/610/610 608/608/608 609/609/609
f 611/611/611 609/609/609 608/608/608
f 609/609/609 611/611/611 612/612/612
f 613/613/613 612/612/612 611/611/611
f 616/616/616 615/615/615 614/614/614
f 619/619/619 618/618/618 617/617/617
f 621/621/621 618/618/618 620/620/620
f 618/618/618 621/621/621 622/622/622
f 625/625/625 624/624/624 623/623/623
f 628/628/628 627/627/627 626/626/626
f 631/631/631 630/630/630 629/629/629
f 634/634/634 633/633/633 632/632/632
f 636/636/636 635/635/635 633/633/633
f 637/637/637 633/633/633 635/635/635
f 640/640/640 639/639/639 638/638/638
f 643/643/643 642/642/642 641/641/641
f 646/646/646 645/645/645 644/644/644
f 649/649/649 648/648/648 647/647/647
f 652/652/652 651/651/651 650/650/650
f 655/655/655 654/654/654 653/653/653
f 654/654/654 657/657/657 656/656/656
f 658/658/658 654/654/654 656/656/656
f 661/661/661 660/660/660 659/659/659
f 664/664/664 663/663/663 662/662/662
f 667/667/667 666/666/666 665/665/665
f 670/670/670 669/669/669 668/668/668
f 673/673/673 672/672/672 671/671/671
f 676/676/676 675/675/675 674/674/674
f 679/679/679 678/678/678 677/677/677
f 682/682/682 681/681/681 680/680/680
f 680/680/680 684/684/684 683/683/683
f 686/686/686 685/685/685 684/684/684
f 688/688/688 687/687/687 683/683/683
f 687/687/687 689/689/689 683/683/683
f 683/683/683 689/689/689 690/690/690
f 690/690/690 689/689/689 691/691/691
f 693/693/693 688/688/688 692/692/692
f 689/689/689 695/695/695 694/694/694
f 690/690/690 697/697/697 696/696/696
f 699/699/699 698/698/698 695/695/695
f 695/695/695 698/698/698 700/700/700
f 698/698/698 702/702/702 701/701/701
f 704/704/704 690/690/690 703/703/703
f 690/690/690 704/704/704 705/705/705
f 704/704/704 706/706/706 705/705/705
f 708/708/708 707/707/707 702/702/702
f 709/709/709 708/708/708 702/702/702
f 711/711/711 710/710/710 708/708/708
f 714/714/714 713/713/713 712/712/712
f 717/717/717 716/716/716 715/715/715
f 720/720/720 719/719/719 718/718/718
f 723/723/723 722/722/722 721/721/721
f 721/721/721 725/725/725 724/724/724
f 724/724/724 726/726/726 721/721/721
f 724/724/724 727/727/727 726/726/726
f 728/728/728 726/726/726 727/727/727
f 729/729/729 728/728/728 727/727/727
f 726/726/726 728/728/728 730/730/730
f 731/731/731 730/730/730 728/728/728
f 731/731/731 732/732/732 730/730/730
f 730/730/730 732/732/732 733/733/733
f 728/728/728 729/729/729 734/734/734
f 728/728/728 734/734/734 735/735/735
f 735/735/735 734/734/734 736/736/736
f 734/734/734 737/737/737 736/736/736
f 724/724/724 739/739/739 738/738/738
f 741/741/741 740/740/740 729/729/729
f 729/729/729 740/740/740 742/742/742
f 743/743/743 742/742/742 740/740/740
f 743/743/743 744/744/744 742/742/742
f 743/743/743 745/745/745 744/744/744
f 743/743/743 740/740/740 746/746/746
f 746/746/746 747/747/747 743/743/743
f 746/746/746 748/748/748 747/747/747
f 746/746/746 749/749/749 748/748/748
f 746/746/746 738/738/738 749/749/749
f 738/738/738 750/750/750 749/749/749
f 752/752/752 744/744/744 751/751/751
f 749/749/749 754/754/754 753/753/753
f 756/756/756 755/755/755 747/747/747
f 747/747/747 755/755/755 757/757/757
f 757/757/757 751/751/751 758/758/758
f 759/759/759 751/751/751 757/757/757
f 755/755/755 759/759/759 757/757/757
f 760/760/760 759/759/759 755/755/755
f 760/760/760 753/753/753 759/759/759
f 759/759/759 753/753/753 761/761/761
f 759/759/759 761/761/761 762/762/762
f 763/763/763 762/762/762 761/761/761
f 762/762/762 763/763/763 764/764/764
f 765/765/765 762/762/762 764/764/764
f 763/763/763 766/766/766 764/764/764
f 766/766/766 767/767/767 764/764/764
f 767/767/767 766/766/766 768/768/768
f 769/769/769 768/768/768 766/766/766
f 770/770/770 769/769/769 766/766/766
f 769/769/769 770/770/770 750/750/750
f 771/771/771 768/768/768 769/769/769
f 768/768/768 771/771/771 772/772/772
f 772/772/772 771/771/771 773/773/773
f 774/774/774 773/773/773 771/771/771
f 773/773/773 774/774/774 725/725/725
f 772/772/772 773/773/773 775/775/775
f 775/775/775 773/773/773 776/776/776
f 775/775/775 776/776/776 777/777/777
f 768/768/768 779/779/779 778/778/778
f 778/778/778 779/779/779 780/780/780
f 781/781/781 778/778/778 780/780/780
f 779/779/779 782/782/782 780/780/780
f 775/775/775 783/783/783 782/782/782
f 782/782/782 783/783/783 784/784/784
f 783/783/783 785/785/785 784/784/784
f 788/788/788 787/787/787 786/786/786
f 791/791/791 790/790/790 789/789/789
f 794/794/794 793/793/793 792/792/792
f 796/796/796 793/793/793 795/795/795
f 796/796/796 797/797/797 793/793/793
f 798/798/798 793/793/793 797/797/797
f 798/798/798 797/797/797 799/799/799
f 800/800/800 799/799/799 797/797/797
f 801/801/801 799/799/799 800/800/800
f 802/802/802 799/799/799 801/801/801
f 805/805/805 804/804/804 803/803/803
f 808/808/808 807/807/807 806/806/806
f 811/811/811 810/810/810 809/809/809
f 814/814/814 813/813/813 812/812/812
f 817/817/817 816/816/816 815/815/815
f 820/820/820 819/819/819 818/818/818
f 822/822/822 821/821/821 819/819/819
f 824/824/824 823/823/823 822/822/822
f 824/824/824 825/825/825 823/823/823
f 825/825/825 827/827/827 826/826/826
f 830/830/830 829/829/829 828/828/828
f 828/828/828 832/832/832 831/831/831
f 834/834/834 833/833/833 832/832/832
f 836/836/836 831/831/831 835/835/835
f 836/836/836 835/835/835 837/837/837
f 840/840/840 839/839/839 838/838/838
f 839/839/839 842/842/842 841/841/841
f 844/844/844 843/843/843 842/842/842
f 842/842/842 843/843/843 845/845/845
f 846/846/846 845/845/845 843/843/843
f 849/849/849 848/848/848 847/847/847
f 848/848/848 851/851/851 850/850/850
f 852/852/852 848/848/848 850/850/850
f 854/854/854 852/852/852 853/853/853
f 856/856/856 855/855/855 850/850/850
f 857/857/857 855/855/855 856/856/856
f 860/860/860 859/859/859 858/858/858
f 862/862/862 858/858/858 861/861/861
f 863/863/863 861/861/861 858/858/858
f 866/866/866 865/865/865 864/864/864
f 869/869/869 868/868/868 867/867/867
f 872/872/872 871/871/871 870/870/870
f 875/875/875 874/874/874 873/873/873
f 878/878/878 877/877/877 876/876/876
f 881/881/881 880/880/880 879/879/879
f 879/879/879 883/883/883 882/882/882
f 884/884/884 879/879/879 882/882/882
f 887/887/887 886/886/886 885/885/885
f 889/889/889 888/888/888 886/886/886
f 888/888/888 890/890/890 886/886/886
f 892/892/892 891/891/891 890/890/890
f 895/895/895 894/894/894 893/893/893
f 898/898/898 897/897/897 896/896/896
f 896/896/896 900/900/900 899/899/899
f 902/902/902 901/901/901 900/900/900
f 904/904/904 899/899/899 903/903/903
f 904/904/904 903/903/903 905/905/905
f 908/908/908 907/907/907 906/906/906
f 907/907/907 910/910/910 909/909/909
f 912/912/912 911/911/911 910/910/910
f 910/910/910 911/911/911 913/913/913
f 914/914/914 913/913/913 911/911/911
f 917/917/917 916/916/916 915/915/915
f 919/919/919 918/918/918 917/917/917
f 920/920/920 918/918/918 919/919/919
f 921/921/921 920/920/920 919/919/919
f 923/923/923 922/922/922 918/918/918
f 922/922/922 924/924/924 918/918/918
f 927/927/927 926/926/926 925/925/925
f 929/929/929 928/928/928 925/925/925
f 925/925/925 928/928/928 930/930/930
f 931/931/931 930/930/930 928/928/928
f 929/929/929 932/932/932 928/928/928
f 934/934/934 930/930/930 933/933/933
f 936/936/936 934/934/934 935/935/935
f 938/938/938 937/937/937 934/934/934
f 940/940/940 939/939/939 932/932/932
f 941/941/941 932/932/932 939/939/939
f 942/942/942 941/941/941 939/939/939
f 943/943/943 942/942/942 939/939/939
f 941/941/941 942/942/942 944/944/944
f 945/945/945 941/941/941 944/944/944
f 947/947/947 946/946/946 944/944/944
f 946/946/946 948/948/948 944/944/944
f 950/950/950 937/937/937 949/949/949
f 951/951/951 950/950/950 949/949/949
f 951/951/951 949/949/949 952/952/952
f 949/949/949 953/953/953 952/952/952
f 952/952/952 953/953/953 954/954/954
f 955/955/955 954/954/954 953/953/953
f 956/956/956 952/952/952 954/954/954
f 957/957/957 956/956/956 954/954/954
f 944/944/944 959/959/959 958/958/958
f 959/959/959 960/960/960 958/958/958
f 962/962/962 959/959/959 961/961/961
f 963/963/963 959/959/959 962/962/962
f 964/964/964 959/959/959 963/963/963
f 966/966/966 965/965/965 960/960/960
f 967/967/967 966/966/966 960/960/960
f 966/966/966 967/967/967 968/968/968
f 968/968/968 967/967/967 969/969/969
f 971/971/971 970/970/970 965/965/965
f 973/973/973 972/972/972 969/969/969
f 972/972/972 974/974/974 971/971/971
f 973/973/973 974/974/974 972/972/972
f 977/977/977 976/976/976 975/975/975
f 979/979/979 978/978/978 976/976/976
f 980/980/980 978/978/978 979/979/979
f 982/982/982 980/980/980 981/981/981
f 984/984/984 978/978/978 983/983/983
f 978/978/978 985/985/985 983/983/983
f 987/987/987 986/986/986 985/985/985
f 985/985/985 986/986/986 988/988/988
f 988/988/988 986/986/986 989/989/989
f 992/992/992 991/991/991 990/990/990
f 990/990/990 994/994/994 993/993/993
f 996/996/996 990/990/990 995/995/995
f 998/998/998 997/997/997 995/995/995
f 997/997/997 999/999/999 995/995/995
f 999/999/999 1001/1001/1001 1000/1000/1000
f 1004/1004/1004 1003/1003/1003 1002/1002/1002
f 1006/1006/1006 1005/1005/1005 1003/1003/1003
f 1008/1008/1008 1007/1007/1007 1006/1006/1006
f 1009/1009/1009 1007/1007/1007 1008/1008/1008
f 1012/1012/1012 1011/1011/1011 1010/1010/1010
f 1015/1015/1015 1014/1014/1014 1013/1013/1013
f 1018/1018/1018 1017/1017/1017 1016/1016/1016
f 1021/1021/1021 1020/1020/1020 1019/1019/1019
f 1024/1024/1024 1023/1023/1023 1022/1022/1022
f 1027/1027/1027 1026/1026/1026 1025/1025/1025
f 1030/1030/1030 1029/1029/1029 1028/1028/1028
f 1033/1033/1033 1032/1032/1032 1031/1031/1031
f 1035/1035/1035 1034/1034/1034 1032/1032/1032
f 1036/1036/1036 1032/1032/1032 1034/1034/1034
f 1039/1039/1039 1038/1038/1038 1037/1037/1037
f 1042/1042/1042 1041/1041/1041 1040/1040/1040
f 1044/1044/1044 1043/1043/1043 1041/1041/1041
f 1046/1046/1046 1045/1045/1045 1044/1044/1044
f 1049/1049/1049 1048/1048/1048 1047/1047/1047
f 1051/1051/1051 1047/1047/1047 1050/1050/1050
f 1050/1050/1050 1047/1047/1047 1052/1052/1052
f 1053/1053/1053 1050/1050/1050 1052/1052/1052
f 1054/1054/1054 1053/1053/1053 1052/1052/1052
f 1047/1047/1047 1056/1056/1056 1055/1055/1055
f 1057/1057/1057 1055/1055/1055 1056/1056/1056
f 1057/1057/1057 1056/1056/1056 1058/1058/1058
f 1061/1061/1061 1060/1060/1060 1059/1059/1059
f 1059/1059/1059 1063/1063/1063 1062/1062/1062
f 1059/1059/1059 1064/1064/1064 1063/1063/1063
f 1064/1064/1064 1059/1059/1059 1065/1065/1065
f 1067/1067/1067 1063/1063/1063 1066/1066/1066
f 1069/1069/1069 1065/1065/1065 1068/1068/1068
f 1072/1072/1072 1071/1071/1071 1070/1070/1070
f 1075/1075/1075 1074/1074/1074 1073/1073/1073
f 1078/1078/1078 1077/1077/1077 1076/1076/1076
f 1081/1081/1081 1080/1080/1080 1079/1079/1079
f 1084/1084/1084 1083/1083/1083 1082/1082/1082
f 1086/1086/1086 1085/1085/1085 1082/1082/1082
f 1085/1085/1085 1088/1088/1088 1087/1087/1087
f 1091/1091/1091 1090/1090/1090 1089/1089/1089
f 1093/1093/1093 1090/1090/1090 1092/1092/1092
f 1095/1095/1095 1094/1094/1094 1092/1092/1092
f 1098/1098/1098 1097/1097/1097 1096/1096/1096
f 1100/1100/1100 1096/1096/1096 1099/1099/1099
f 1102/1102/1102 1096/1096/1096 1101/1101/1101
f 1103/1103/1103 1096/1096/1096 1102/1102/1102
f 1106/1106/1106 1105/1105/1105 1104/1104/1104
f 1109/1109/1109 1108/1108/1108 1107/1107/1107
f 1108/1108/1108 1111/1111/1111 1110/1110/1110
f 1112/1112/1112 1108/1108/1108 1110/1110/1110
f 1115/1115/1115 1114/1114/1114 1113/1113/1113
f 1118/1118/1118 1117/1117/1117 1116/1116/1116
f 1120/1120/1120 1117/1117/1117 1119/1119/1119
f 1123/1123/1123 1122/1122/1122 1121/1121/1121
f 1126/1126/1126 1125/1125/1125 1124/1124/1124
f 1125/1125/1125 1128/1128/1128 1127/1127/1127
f 1128/1128/1128 1130/1130/1130 1129/1129/1129
f 1131/1131/1131 1129/1129/1129 1130/1130/1130
f 1134/1134/1134 1133/1133/1133 1132/1132/1132
f 1132/1132/1132 1136/1136/1136 1135/1135/1135
f 1137/1137/1137 1135/1135/1135 1136/1136/1136
f 1139/1139/1139 1135/1135/1135 1138/1138/1138
f 1141/1141/1141 1139/1139/1139 1140/1140/1140
f 1143/1143/1143 1142/1142/1142 1139/1139/1139
f 1145/1145/1145 1142/1142/1142 1144/1144/1144
f 1145/1145/1145 1144/1144/1144 1146/1146/1146
f 1146/1146/1146 1144/1144/1144 1147/1147/1147
f 1144/1144/1144 1148/1148/1148 1147/1147/1147
f 1147/1147/1147 1148/1148/1148 1149/1149/1149
f 1150/1150/1150 1147/1147/1147 1149/1149/1149
f 1151/1151/1151 1150/1150/1150 1149/1149/1149
f 1152/1152/1152 1149/1149/1149 1148/1148/1148
f 1152/1152/1152 1154/1154/1154 1153/1153/1153
f 1155/1155/1155 1154/1154/1154 1152/1152/1152
f 1154/1154/1154 1155/1155/1155 1156/1156/1156
f 1159/1159/1159 1158/1158/1158 1157/1157/1157
f 1158/1158/1158 1161/1161/1161 1160/1160/1160
f 1160/1160/1160 1161/1161/1161 1162/1162/1162
f 1165/1165/1165 1164/1164/1164 1163/1163/1163
f 1168/1168/1168 1167/1167/1167 1166/1166/1166
f 1170/1170/1170 1167/1167/1167 1169/1169/1169
f 1167/1167/1167 1171/1171/1171 1169/1169/1169
f 1172/1172/1172 1169/1169/1169 1171/1171/1171
f 1173/1173/1173 1172/1172/1172 1171/1171/1171
f 1171/1171/1171 1174/1174/1174 1173/1173/1173
f 1173/1173/1173 1174/1174/1174 1175/1175/1175
f 1177/1177/1177 1176/1176/1176 1175/1175/1175
f 1177/1177/1177 1178/1178/1178 1176/1176/1176
f 1176/1176/1176 1178/1178/1178 1179/1179/1179
f 1179/1179/1179 1181/1181/1181 1180/1180/1180
f 1183/1183/1183 1182/1182/1182 1170/1170/1170
f 1182/1182/1182 1184/1184/1184 1170/1170/1170
f 1186/1186/1186 1184/1184/1184 1185/1185/1185
f 1186/1186/1186 1185/1185/1185 1187/1187/1187
f 1189/1189/1189 1188/1188/1188 1170/1170/1170
f 1188/1188/1188 1190/1190/1190 1170/1170/1170
f 1190/1190/1190 1188/1188/1188 1191/1191/1191
f 1192/1192/1192 1190/1190/1190 1191/1191/1191
f 1188/1188/1188 1193/1193/1193 1191/1191/1191
f 1194/1194/1194 1191/1191/1191 1193/1193/1193
f 1169/1169/1169 1136/1136/1136 1193/1193/1193
f 1169/1169/1169 1195/1195/1195 1136/1136/1136
f 1197/1197/1197 1196/1196/1196 1195/1195/1195
f 1196/1196/1196 1199/1199/1199 1198/1198/1198
f 1198/1198/1198 1201/1201/1201 1200/1200/1200
f 1202/1202/1202 1201/1201/1201 1198/1198/1198
f 1205/1205/1205 1204/1204/1204 1203/1203/1203
f 1205/1205/1205 1207/1207/1207 1206/1206/1206
f 1209/1209/1209 1205/1205/1205 1208/1208/1208
f 1211/1211/1211 1210/1210/1210 1208/1208/1208
f 1208/1208/1208 1210/1210/1210 1212/1212/1212
f 1214/1214/1214 1212/1212/1212 1213/1213/1213
f 1217/1217/1217 1216/1216/1216 1215/1215/1215
f 1220/1220/1220 1219/1219/1219 1218/1218/1218
f 1223/1223/1223 1222/1222/1222 1221/1221/1221
f 1226/1226/1226 1225/1225/1225 1224/1224/1224
f 1229/1229/1229 1228/1228/1228 1227/1227/1227
f 1232/1232/1232 1231/1231/1231 1230/1230/1230
f 1235/1235/1235 1234/1234/1234 1233/1233/1233
f 1238/1238/1238 1237/1237/1237 1236/1236/1236
f 1241/1241/1241 1240/1240/1240 1239/1239/1239
f 1244/1244/1244 1243/1243/1243 1242/1242/1242
f 1247/1247/1247 1246/1246/1246 1245/1245/1245
f 1250/1250/1250 1249/1249/1249 1248/1248/1248
f 1252/1252/1252 1250/1250/1250 1251/1251/1251
f 1254/1254/1254 1251/1251/1251 1253/1253/1253
f 1257/1257/1257 1256/1256/1256 1255/1255/1255
f 1260/1260/1260 1259/1259/1259 1258/1258/1258
f 1258/1258/1258 1262/1262/1262 1261/1261/1261
f 1261/1261/1261 1262/1262/1262 1263/1263/1263
f 1263/1263/1263 1262/1262/1262 1264/1264/1264
f 1267/1267/1267 1266/1266/1266 1265/1265/1265
f 1269/1269/1269 1267/1267/1267 1268/1268/1268
f 1270/1270/1270 1269/1269/1269 1268/1268/1268
f 1270/1270/1270 1271/1271/1271 1269/1269/1269
f 1269/1269/1269 1273/1273/1273 1272/1272/1272
f 1276/1276/1276 1275/1275/1275 1274/1274/1274
f 1279/1279/1279 1278/1278/1278 1277/1277/1277
f 1282/1282/1282 1281/1281/1281 1280/1280/1280
f 1284/1284/1284 1283/1283/1283 1280/1280/1280
f 1283/1283/1283 1284/1284/1284 1285/1285/1285
f 1288/1288/1288 1287/1287/1287 1286/1286/1286
f 1290/1290/1290 1286/1286/1286 1289/1289/1289
f 1290/1290/1290 1289/1289/1289 1291/1291/1291
f 1292/1292/1292 1291/1291/1291 1289/1289/1289
f 1295/1295/1295 1294/1294/1294 1293/1293/1293
f 1293/1293/1293 1297/1297/1297 1296/1296/1296
f 1299/1299/1299 1298/1298/1298 1297/1297/1297
f 1301/1301/1301 1296/1296/1296 1300/1300/1300
f 1301/1301/1301 1300/1300/1300 1302/1302/1302
f 1305/1305/1305 1304/1304/1304 1303/1303/1303
f 1304/1304/1304 1307/1307/1307 1306/1306/1306
f 1309/1309/1309 1308/1308/1308 1307/1307/1307
f 1307/1307/1307 1308/1308/1308 1310/1310/1310
f 1311/1311/1311 1310/1310/1310 1308/1308/1308
f 1314/1314/1314 1313/1313/1313 1312/1312/1312
f 1317/1317/1317 1316/1316/1316 1315/1315/1315
f 1319/1319/1319 1315/1315/1315 1318/1318/1318
f 1320/1320/1320 1318/1318/1318 1315/1315/1315
f 1323/1323/1323 1322/1322/1322 1321/1321/1321
f 1326/1326/1326 1325/1325/1325 1324/1324/1324
f 1329/1329/1329 1328/1328/1328 1327/1327/1327
f 1331/1331/1331 1328/1328/1328 1330/1330/1330
f 1328/1328/1328 1332/1332/1332 1330/1330/1330
f 1332/1332/1332 1328/1328/1328 1333/1333/1333
f 1336/1336/1336 1335/1335/1335 1334/1334/1334
f 1339/1339/1339 1338/1338/1338 1337/1337/1337
f 1341/1341/1341 1337/1337/1337 1340/1340/1340
f 1341/1341/1341 1340/1340/1340 1342/1342/1342
f 1343/1343/1343 1342/1342/1342 1340/1340/1340
f 1346/1346/1346 1345/1345/1345 1344/1344/1344
f 1348/1348/1348 1347/1347/1347 1344/1344/1344
f 1348/1348/1348 1344/1344/1344 1349/1349/1349
f 1348/1348/1348 1349/1349/1349 1350/1350/1350
f 1350/1350/1350 1349/1349/1349 1351/1351/1351
f 1352/1352/1352 1351/1351/1351 1349/1349/1349
f 1344/1344/1344 1354/1354/1354 1353/1353/1353
f 1355/1355/1355 1353/1353/1353 1354/1354/1354
f 1355/1355/1355 1354/1354/1354 1356/1356/1356
f 1359/1359/1359 1358/1358/1358 1357/1357/1357
f 1361/1361/1361 1357/1357/1357 1360/1360/1360
f 1360/1360/1360 1357/1357/1357 1362/1362/1362
f 1363/1363/1363 1360/1360/1360 1362/1362/1362
f 1362/1362/1362 1357/1357/1357 1364/1364/1364
f 1366/1366/1366 1364/1364/1364 1365/1365/1365
f 1369/1369/1369 1368/1368/1368 1367/1367/1367
f 1372/1372/1372 1371/1371/1371 1370/1370/1370
f 1374/1374/1374 1370/1370/1370 1373/1373/1373
f 1374/1374/1374 1373/1373/1373 1375/1375/1375
f 1376/1376/1376 1375/1375/1375 1373/1373/1373
f 1379/1379/1379 1378/1378/1378 1377/1377/1377
f 1381/1381/1381 1377/1377/1377 1380/1380/1380
f 1381/1381/1381 1380/1380/1380 1382/1382/1382
f 1383/1383/1383 1382/1382/1382 1380/1380/1380
f 1386/1386/1386 1385/1385/1385 1384/1384/1384
f 1388/1388/1388 1387/1387/1387 1386/1386/1386
f 1389/1389/1389 1387/1387/1387 1388/1388/1388
f 1390/1390/1390 1389/1389/1389 1388/1388/1388
f 1392/1392/1392 1391/1391/1391 1387/1387/1387
f 1391/1391/1391 1393/1393/1393 1387/1387/1387
f 1396/1396/1396 1395/1395/1395 1394/1394/1394
f 1395/1395/1395 1398/1398/1398 1397/1397/1397
f 1397/1397/1397 1400/1400/1400 1399/1399/1399
f 1401/1401/1401 1400/1400/1400 1397/1397/1397
f 1404/1404/1404 1403/1403/1403 1402/1402/1402
f 1403/1403/1403 1406/1406/1406 1405/1405/1405
f 1407/1407/1407 1403/1403/1403 1405/1405/1405
f 1410/1410/1410 1409/1409/1409 1408/1408/1408
f 1413/1413/1413 1412/1412/1412 1411/1411/1411
f 1416/1416/1416 1415/1415/1415 1414/1414/1414
f 1419/1419/1419 1418/1418/1418 1417/1417/1417
f 1422/1422/1422 1421/1421/1421 1420/1420/1420
f 1424/1424/1424 1420/1420/1420 1423/1423/1423
f 1425/1425/1425 1424/1424/1424 1423/1423/1423
f 1425/1425/1425 1423/1423/1423 1426/1426/1426
f 1429/1429/1429 1428/1428/1428 1427/1427/1427
f 1432/1432/1432 1431/1431/1431 1430/1430/1430
f 1435/1435/1435 1434/1434/1434 1433/1433/1433
f 1438/1438/1438 1437/1437/1437 1436/1436/1436
f 1441/1441/1441 1440/1440/1440 1439/1439/1439
f 1444/1444/1444 1443/1443/1443 1442/1442/1442
f 1443/1443/1443 1446/1446/1446 1445/1445/1445
f 1449/1449/1449 1448/1448/1448 1447/1447/1447
f 1452/1452/1452 1451/1451/1451 1450/1450/1450
f 1455/1455/1455 1454/1454/1454 1453/1453/1453
f 1458/1458/1458 1457/1457/1457 1456/1456/1456
f 1461/1461/1461 1460/1460/1460 1459/1459/1459
f 1464/1464/1464 1463/1463/1463 1462/1462/1462
f 1466/1466/1466 1462/1462/1462 1465/1465/1465
f 1467/1467/1467 1466/1466/1466 1465/1465/1465
f 1470/1470/1470 1469/1469/1469 1468/1468/1468
f 1473/1473/1473 1472/1472/1472 1471/1471/1471
f 1476/1476/1476 1475/1475/1475 1474/1474/1474
f 1479/1479/1479 1478/1478/1478 1477/1477/1477
f 1482/1482/1482 1481/1481/1481 1480/1480/1480
f 1485/1485/1485 1484/1484/1484 1483/1483/1483
f 1488/1488/1488 1487/1487/1487 1486/1486/1486
f 1491/1491/1491 1490/1490/1490 1489/1489/1489
f 1494/1494/1494 1493/1493/1493 1492/1492/1492
f 1497/1497/1497 1496/1496/1496 1495/1495/1495
f 1499/1499/1499 1497/1497/1497 1498/1498/1498
f 1500/1500/1500 1499/1499/1499 1498/1498/1498
f 1503/1503/1503 1502/1502/1502 1501/1501/1501
f 1506/1506/1506 1505/1505/1505 1504/1504/1504
f 1509/1509/1509 1508/1508/1508 1507/1507/1507
f 1511/1511/1511 1507/1507/1507 1510/1510/1510
f 1511/1511/1511 1510/1510/1510 1512/1512/1512
f 1515/1515/1515 1514/1514/1514 1513/1513/1513
f 1518/1518/1518 1517/1517/1517 1516/1516/1516
f 1521/1521/1521 1520/1520/1520 1519/1519/1519
f 1524/1524/1524 1523/1523/1523 1522/1522/1522
f 1527/1527/1527 1526/1526/1526 1525/1525/1525
f 1530/1530/1530 1529/1529/1529 1528/1528/1528
f 1533/1533/1533 1532/1532/1532 1531/1531/1531
f 1536/1536/1536 1535/1535/1535 1534/1534/1534
f 1539/1539/1539 1538/1538/1538 1537/1537/1537
f 1542/1542/1542 1541/1541/1541 1540/1540/1540
f 1545/1545/1545 1544/1544/1544 1543/1543/1543
f 1544/1544/1544 1547/1547/1547 1546/1546/1546
f 1546/1546/1546 1547/1547/1547 1548/1548/1548
f 1551/1551/1551 1550/1550/1550 1549/1549/1549
f 1553/1553/1553 1550/1550/1550 1552/1552/1552
f 1556/1556/1556 1555/1555/1555 1554/1554/1554
f 1559/1559/1559 1558/1558/1558 1557/1557/1557
f 1562/1562/1562 1561/1561/1561 1560/1560/1560
f 1565/1565/1565 1564/1564/1564 1563/1563/1563
f 1567/1567/1567 1566/1566/1566 1564/1564/1564
f 1567/1567/1567 1568/1568/1568 1566/1566/1566
f 1571/1571/1571 1570/1570/1570 1569/1569/1569
f 1569/1569/1569 1573/1573/1573 1572/1572/1572
f 1573/1573/1573 1574/1574/1574 1572/1572/1572
f 1577/1577/1577 1576/1576/1576 1575/1575/1575
f 1580/1580/1580 1579/1579/1579 1578/1578/1578
f 1583/1583/1583 1582/1582/1582 1581/1581/1581
f 1586/1586/1586 1585/1585/1585 1584/1584/1584
f 1589/1589/1589 1588/1588/1588 1587/1587/1587
f 1592/1592/1592 1591/1591/1591 1590/1590/1590
f 1595/1595/1595 1594/1594/1594 1593/1593/1593
f 1598/1598/1598 1597/1597/1597 1596/1596/1596
f 1601/1601/1601 1600/1600/1600 1599/1599/1599
f 1604/1604/1604 1603/1603/1603 1602/1602/1602
f 1607/1607/1607 1606/1606/1606 1605/1605/1605
f 1610/1610/1610 1609/1609/1609 1608/1608/1608
f 1613/1613/1613 1612/1612/1612 1611/1611/1611
f 1616/1616/1616 1615/1615/1615 1614/1614/1614
f 1619/1619/1619 1618/1618/1618 1617/1617/1617
f 1622/1622/1622 1621/1621/1621 1620/1620/1620
f 1625/1625/1625 1624/1624/1624 1623/1623/1623
f 1628/1628/1628 1627/1627/1627 1626/1626/1626
f 1631/1631/1631 1630/1630/1630 1629/1629/1629
f 1634/1634/1634 1633/1633/1633 1632/1632/1632
f 1637/1637/1637 1636/1636/1636 1635/1635/1635
f 1640/1640/1640 1639/1639/1639 1638/1638/1638
f 1643/1643/1643 1642/1642/1642 1641/1641/1641
f 1646/1646/1646 1645/1645/1645 1644/1644/1644
f 1649/1649/1649 1648/1648/1648 1647/1647/1647
f 1652/1652/1652 1651/1651/1651 1650/1650/1650
f 1655/1655/1655 1654/1654/1654 1653/1653/1653
f 1658/1658/1658 1657/1657/1657 1656/1656/1656
f 1661/1661/1661 1660/1660/1660 1659/1659/1659
f 1664/1664/1664 1663/1663/1663 1662/1662/1662
f 1667/1667/1667 1666/1666/1666 1665/1665/1665
f 1670/1670/1670 1669/1669/1669 1668/1668/1668
f 1673/1673/1673 1672/1672/1672 1671/1671/1671
f 1676/1676/1676 1675/1675/1675 1674/1674/1674
f 1675/1675/1675 1678/1678/1678 1677/1677/1677
f 1678/1678/1678 1679/1679/1679 1677/1677/1677
f 1682/1682/1682 1681/1681/1681 1680/1680/1680
f 1684/1684/1684 1680/1680/1680 1683/1683/1683
f 1684/1684/1684 1683/1683/1683 1685/1685/1685
f 1688/1688/1688 1687/1687/1687 1686/1686/1686
f 1691/1691/1691 1690/1690/1690 1689/1689/1689
f 1690/1690/1690 1693/1693/1693 1692/1692/1692
f 1693/1693/1693 1694/1694/1694 1692/1692/1692
f 1697/1697/1697 1696/1696/1696 1695/1695/1695
f 1700/1700/1700 1699/1699/1699 1698/1698/1698
f 1703/1703/1703 1702/1702/1702 1701/1701/1701
f 1702/1702/1702 1705/1705/1705 1704/1704/1704
f 1705/1705/1705 1706/1706/1706 1704/1704/1704
f 1709/1709/1709 1708/1708/1708 1707/1707/1707
f 1712/1712/1712 1711/1711/1711 1710/1710/1710
f 1715/1715/1715 1714/1714/1714 1713/1713/1713
f 1718/1718/1718 1717/1717/1717 1716/1716/1716
f 1720/1720/1720 1716/1716/1716 1719/1719/1719
f 1720/1720/1720 1719/1719/1719 1721/1721/1721
f 1724/1724/1724 1723/1723/1723 1722/1722/1722
f 1727/1727/1727 1726/1726/1726 1725/1725/1725
f 1730/1730/1730 1729/1729/1729 1728/1728/1728
f 1730/1730/1730 1732/1732/1732 1731/1731/1731
f 1733/1733/1733 1731/1731/1731 1732/1732/1732
f 1736/1736/1736 1735/1735/1735 1734/1734/1734
f 1739/1739/1739 1738/1738/1738 1737/1737/1737
f 1742/1742/1742 1741/1741/1741 1740/1740/1740
f 1741/1741/1741 1744/1744/1744 1743/1743/1743
f 1746/1746/1746 1745/1745/1745 1744/1744/1744
f 1749/1749/1749 1748/1748/1748 1747/1747/1747
f 1752/1752/1752 1751/1751/1751 1750/1750/1750
f 1755/1755/1755 1754/1754/1754 1753/1753/1753
f 1758/1758/1758 1757/1757/1757 1756/1756/1756
f 1761/1761/1761 1760/1760/1760 1759/1759/1759
f 1764/1764/1764 1763/1763/1763 1762/1762/1762
f 1764/1764/1764 1766/1766/1766 1765/1765/1765
f 1765/1765/1765 1766/1766/1766 1767/1767/1767
f 1769/1769/1769 1768/1768/1768 1767/1767/1767
f 1772/1772/1772 1771/1771/1771 1770/1770/1770
f 1775/1775/1775 1774/1774/1774 1773/1773/1773
f 1778/1778/1778 1777/1777/1777 1776/1776/1776
f 1781/1781/1781 1780/1780/1780 1779/1779/1779
f 1784/1784/1784 1783/1783/1783 1782/1782/1782
f 1787/1787/1787 1786/1786/1786 1785/1785/1785
f 1790/1790/1790 1789/1789/1789 1788/1788/1788
f 1792/1792/1792 1788/1788/1788 1791/1791/1791
f 1792/1792/1792 1791/1791/1791 1793/1793/1793
f 1796/1796/1796 1795/1795/1795 1794/1794/1794
f 1798/1798/1798 1794/1794/1794 1797/1797/1797
f 1798/1798/1798 1797/1797/1797 1799/1799/1799
f 1802/1802/1802 1801/1801/1801 1800/1800/1800
f 1805/1805/1805 1804/1804/1804 1803/1803/1803
f 1808/1808/1808 1807/1807/1807 1806/1806/1806
f 1810/1810/1810 1809/1809/1809 1808/1808/1808
f 1810/1810/1810 1811/1811/1811 1809/1809/1809
f 1814/1814/1814 1813/1813/1813 1812/1812/1812
f 1817/1817/1817 1816/1816/1816 1815/1815/1815
f 1820/1820/1820 1819/1819/1819 1818/1818/1818
f 1823/1823/1823 1822/1822/1822 1821/1821/1821
f 1826/1826/1826 1825/1825/1825 1824/1824/1824
f 1829/1829/1829 1828/1828/1828 1827/1827/1827
f 1831/1831/1831 1827/1827/1827 1830/1830/1830
f 1827/1827/1827 1831/1831/1831 1832/1832/1832
f 1834/1834/1834 1831/1831/1831 1833/1833/1833
f 1837/1837/1837 1836/1836/1836 1835/1835/1835
f 1840/1840/1840 1839/1839/1839 1838/1838/1838
f 1843/1843/1843 1842/1842/1842 1841/1841/1841
f 1846/1846/1846 1845/1845/1845 1844/1844/1844
f 1849/1849/1849 1848/1848/1848 1847/1847/1847
f 1852/1852/1852 1851/1851/1851 1850/1850/1850
f 1855/1855/1855 1854/1854/1854 1853/1853/1853
f 1858/1858/1858 1857/1857/1857 1856/1856/1856
f 1861/1861/1861 1860/1860/1860 1859/1859/1859
f 1864/1864/1864 1863/1863/1863 1862/1862/1862
f 1864/1864/1864 1866/1866/1866 1865/1865/1865
f 1867/1867/1867 1865/1865/1865 1866/1866/1866
f 1870/1870/1870 1869/1869/1869 1868/1868/1868
f 1873/1873/1873 1872/1872/1872 1871/1871/1871
f 1876/1876/1876 1875/1875/1875 1874/1874/1874
f 1876/1876/1876 1878/1878/1878 1877/1877/1877
f 1877/1877/1877 1878/1878/1878 1879/1879/1879
f 1881/1881/1881 1880/1880/1880 1879/1879/1879
f 1884/1884/1884 1883/1883/1883 1882/1882/1882
f 1887/1887/1887 1886/1886/1886 1885/1885/1885
f 1890/1890/1890 1889/1889/1889 1888/1888/1888
f 1893/1893/1893 1892/1892/1892 1891/1891/1891
f 1896/1896/1896 1895/1895/1895 1894/1894/1894
f 1899/1899/1899 1898/1898/1898 1897/1897/1897
f 1902/1902/1902 1901/1901/1901 1900/1900/1900
f 1905/1905/1905 1904/1904/1904 1903/1903/1903
f 1908/1908/1908 1907/1907/1907 1906/1906/1906
f 1911/1911/1911 1910/1910/1910 1909/1909/1909
f 1913/1913/1913 1912/1912/1912 1911/1911/1911
f 1913/1913/1913 1914/1914/1914 1912/1912/1912
f 1917/1917/1917 1916/1916/1916 1915/1915/1915
f 1920/1920/1920 1919/1919/1919 1918/1918/1918
f 1923/1923/1923 1922/1922/1922 1921/1921/1921
f 1926/1926/1926 1925/1925/1925 1924/1924/1924
f 1929/1929/1929 1928/1928/1928 1927/1927/1927
f 1932/1932/1932 1931/1931/1931 1930/1930/1930
f 1934/1934/1934 1933/1933/1933 1932/1932/1932
f 1934/1934/1934 1935/1935/1935 1933/1933/1933
f 1938/1938/1938 1937/1937/1937 1936/1936/1936
f 1941/1941/1941 1940/1940/1940 1939/1939/1939
f 1943/1943/1943 1940/1940/1940 1942/1942/1942
f 1946/1946/1946 1945/1945/1945 1944/1944/1944
f 1949/1949/1949 1948/1948/1948 1947/1947/1947
f 1952/1952/1952 1951/1951/1951 1950/1950/1950
f 1955/1955/1955 1954/1954/1954 1953/1953/1953
f 1958/1958/1958 1957/1957/1957 1956/1956/1956
f 1961/1961/1961 1960/1960/1960 1959/1959/1959
f 1963/1963/1963 1962/1962/1962 1961/1961/1961
f 1964/1964/1964 1962/1962/1962 1963/1963/1963
f 1967/1967/1967 1966/1966/1966 1965/1965/1965
f 1966/1966/1966 1969/1969/1969 1968/1968/1968
f 1968/1968/1968 1969/1969/1969 1970/1970/1970
f 1973/1973/1973 1972/1972/1972 1971/1971/1971
f 1976/1976/1976 1975/1975/1975 1974/1974/1974
f 1979/1979/1979 1978/1978/1978 1977/1977/1977
f 1982/1982/1982 1981/1981/1981 1980/1980/1980
f 1985/1985/1985 1984/1984/1984 1983/1983/1983
f 1988/1988/1988 1987/1987/1987 1986/1986/1986
f 1991/1991/1991 1990/1990/1990 1989/1989/1989
f 1993/1993/1993 1992/1992/1992 1991/1991/1991
f 1993/1993/1993 1994/1994/1994 1992/1992/1992
f 1997/1997/1997 1996/1996/1996 1995/1995/1995
f 2000/2000/2000 1999/1999/1999 1998/1998/1998
f 2000/2000/2000 2002/2002/2002 2001/2001/2001
f 2002/2002/2002 2003/2003/2003 2001/2001/2001
f 2006/2006/2006 2005/2005/2005 2004/2004/2004
f 2009/2009/2009 2008/2008/2008 2007/2007/2007
f 2012/2012/2012 2011/2011/2011 2010/2010/2010
f 2015/2015/2015 2014/2014/2014 2013/2013/2013
f 2017/2017/2017 2013/2013/2013 2016/2016/2016
f 2019/2019/2019 2018/2018/2018 2017/2017/2017
f 2021/2021/2021 2013/2013/2013 2020/2020/2020
f 2021/2021/2021 2020/2020/2020 2022/2022/2022
f 2025/2025/2025 2024/2024/2024 2023/2023/2023
f 2028/2028/2028 2027/2027/2027 2026/2026/2026
f 2031/2031/2031 2030/2030/2030 2029/2029/2029
f 2034/2034/2034 2033/2033/2033 2032/2032/2032
f 2033/2033/2033 2036/2036/2036 2035/2035/2035
f 2039/2039/2039 2038/2038/2038 2037/2037/2037
f 2042/2042/2042 2041/2041/2041 2040/2040/2040
f 2045/2045/2045 2044/2044/2044 2043/2043/2043
f 2048/2048/2048 2047/2047/2047 2046/2046/2046
f 2047/2047/2047 2050/2050/2050 2049/2049/2049
f 2053/2053/2053 2052/2052/2052 2051/2051/2051
f 2056/2056/2056 2055/2055/2055 2054/2054/2054
f 2059/2059/2059 2058/2058/2058 2057/2057/2057
f 2062/2062/2062 2061/2061/2061 2060/2060/2060
f 2062/2062/2062 2064/2064/2064 2063/2063/2063
f 2064/2064/2064 2065/2065/2065 2063/2063/2063
f 2068/2068/2068 2067/2067/2067 2066/2066/2066
f 2071/2071/2071 2070/2070/2070 2069/2069/2069
f 2074/2074/2074 2073/2073/2073 2072/2072/2072
f 2077/2077/2077 2076/2076/2076 2075/2075/2075
f 2080/2080/2080 2079/2079/2079 2078/2078/2078
f 2083/2083/2083 2082/2082/2082 2081/2081/2081
f 2086/2086/2086 2085/2085/2085 2084/2084/2084
f 2084/2084/2084 2088/2088/2088 2087/2087/2087
f 2091/2091/2091 2090/2090/2090 2089/2089/2089
f 2094/2094/2094 2093/2093/2093 2092/2092/2092
f 2097/2097/2097 2096/2096/2096 2095/2095/2095
f 2099/2099/2099 2098/2098/2098 2097/2097/2097
f 2099/2099/2099 2100/2100/2100 2098/2098/2098
f 2103/2103/2103 2102/2102/2102 2101/2101/2101
f 2106/2106/2106 2105/2105/2105 2104/2104/2104
f 2109/2109/2109 2108/2108/2108 2107/2107/2107
f 2112/2112/2112 2111/2111/2111 2110/2110/2110
f 2115/2115/2115 2114/2114/2114 2113/2113/2113
f 2118/2118/2118 2117/2117/2117 2116/2116/2116
f 2118/2118/2118 2120/2120/2120 2119/2119/2119
f 2120/2120/2120 2121/2121/2121 2119/2119/2119
f 2124/2124/2124 2123/2123/2123 2122/2122/2122
f 2127/2127/2127 2126/2126/2126 2125/2125/2125
f 2127/2127/2127 2129/2129/2129 2128/2128/2128
f 2129/2129/2129 2130/2130/2130 2128/2128/2128
f 2133/2133/2133 2132/2132/2132 2131/2131/2131
f 2136/2136/2136 2135/2135/2135 2134/2134/2134
f 2139/2139/2139 2138/2138/2138 2137/2137/2137
f 2142/2142/2142 2141/2141/2141 2140/2140/2140
f 2145/2145/2145 2144/2144/2144 2143/2143/2143
f 2148/2148/2148 2147/2147/2147 2146/2146/2146
f 2151/2151/2151 2150/2150/2150 2149/2149/2149
f 2154/2154/2154 2153/2153/2153 2152/2152/2152
f 2157/2157/2157 2156/2156/2156 2155/2155/2155
f 2160/2160/2160 2159/2159/2159 2158/2158/2158
f 2163/2163/2163 2162/2162/2162 2161/2161/2161
f 2166/2166/2166 2165/2165/2165 2164/2164/2164
f 2169/2169/2169 2168/2168/2168 2167/2167/2167
f 2172/2172/2172 2171/2171/2171 2170/2170/2170
f 2175/2175/2175 2174/2174/2174 2173/2173/2173
f 2177/2177/2177 2173/2173/2173 2176/2176/2176
f 2180/2180/2180 2179/2179/2179 2178/2178/2178
f 2183/2183/2183 2182/2182/2182 2181/2181/2181
f 2183/2183/2183 2185/2185/2185 2184/2184/2184
f 2185/2185/2185 2186/2186/2186 2184/2184/2184
f 2189/2189/2189 2188/2188/2188 2187/2187/2187
f 2192/2192/2192 2191/2191/2191 2190/2190/2190
f 2195/2195/2195 2194/2194/2194 2193/2193/2193
f 2197/2197/2197 2196/2196/2196 2194/2194/2194
f 2198/2198/2198 2196/2196/2196 2197/2197/2197
f 2201/2201/2201 2200/2200/2200 2199/2199/2199
f 2204/2204/2204 2203/2203/2203 2202/2202/2202
f 2207/2207/2207 2206/2206/2206 2205/2205/2205
f 2210/2210/2210 2209/2209/2209 2208/2208/2208
f 2213/2213/2213 2212/2212/2212 2211/2211/2211
f 2216/2216/2216 2215/2215/2215 2214/2214/2214
f 2218/2218/2218 2217/2217/2217 2215/2215/2215
f 2221/2221/2221 2220/2220/2220 2219/2219/2219
f 2224/2224/2224 2223/2223/2223 2222/2222/2222
f 2227/2227/2227 2226/2226/2226 2225/2225/2225
f 2230/2230/2230 2229/2229/2229 2228/2228/2228
f 2233/2233/2233 2232/2232/2232 2231/2231/2231
f 2236/2236/2236 2235/2235/2235 2234/2234/2234
f 2239/2239/2239 2238/2238/2238 2237/2237/2237
f 2238/2238/2238 2241/2241/2241 2240/2240/2240
f 2240/2240/2240 2241/2241/2241 2242/2242/2242
f 2245/2245/2245 2244/2244/2244 2243/2243/2243
f 2247/2247/2247 2244/2244/2244 2246/2246/2246
f 2250/2250/2250 2249/2249/2249 2248/2248/2248
f 2253/2253/2253 2252/2252/2252 2251/2251/2251
f 2256/2256/2256 2255/2255/2255 2254/2254/2254
f 2259/2259/2259 2258/2258/2258 2257/2257/2257
f 2262/2262/2262 2261/2261/2261 2260/2260/2260
f 2265/2265/2265 2264/2264/2264 2263/2263/2263
f 2268/2268/2268 2267/2267/2267 2266/2266/2266
f 2270/2270/2270 2266/2266/2266 2269/2269/2269
f 2270/2270/2270 2269/2269/2269 2271/2271/2271
f 2274/2274/2274 2273/2273/2273 2272/2272/2272
f 2276/2276/2276 2275/2275/2275 2273/2273/2273
f 2279/2279/2279 2278/2278/2278 2277/2277/2277
f 2282/2282/2282 2281/2281/2281 2280/2280/2280
f 2285/2285/2285 2284/2284/2284 2283/2283/2283
f 2287/2287/2287 2283/2283/2283 2286/2286/2286
f 2290/2290/2290 2289/2289/2289 2288/2288/2288
f 2293/2293/2293 2292/2292/2292 2291/2291/2291
f 2296/2296/2296 2295/2295/2295 2294/2294/2294
f 2299/2299/2299 2298/2298/2298 2297/2297/2297
f 2302/2302/2302 2301/2301/2301 2300/2300/2300
f 2305/2305/2305 2304/2304/2304 2303/2303/2303
f 2308/2308/2308 2307/2307/2307 2306/2306/2306
f 2308/2308/2308 2310/2310/2310 2309/2309/2309
f 2311/2311/2311 2309/2309/2309 2310/2310/2310
f 2314/2314/2314 2313/2313/2313 2312/2312/2312
f 2317/2317/2317 2316/2316/2316 2315/2315/2315
f 2320/2320/2320 2319/2319/2319 2318/2318/2318
f 2323/2323/2323 2322/2322/2322 2321/2321/2321
f 2326/2326/2326 2325/2325/2325 2324/2324/2324
f 2329/2329/2329 2328/2328/2328 2327/2327/2327
f 2332/2332/2332 2331/2331/2331 2330/2330/2330
f 2335/2335/2335 2334/2334/2334 2333/2333/2333
f 2337/2337/2337 2333/2333/2333 2336/2336/2336
f 2336/2336/2336 2333/2333/2333 2338/2338/2338
f 2341/2341/2341 2340/2340/2340 2339/2339/2339
f 2344/2344/2344 2343/2343/2343 2342/2342/2342
f 2347/2347/2347 2346/2346/2346 2345/2345/2345
f 2350/2350/2350 2349/2349/2349 2348/2348/2348
f 2353/2353/2353 2352/2352/2352 2351/2351/2351
f 2356/2356/2356 2355/2355/2355 2354/2354/2354
f 2359/2359/2359 2358/2358/2358 2357/2357/2357
f 2362/2362/2362 2361/2361/2361 2360/2360/2360
f 2364/2364/2364 2360/2360/2360 2363/2363/2363
f 2364/2364/2364 2363/2363/2363 2365/2365/2365
f 2368/2368/2368 2367/2367/2367 2366/2366/2366
f 2370/2370/2370 2366/2366/2366 2369/2369/2369
f 2370/2370/2370 2369/2369/2369 2371/2371/2371
f 2374/2374/2374 2373/2373/2373 2372/2372/2372
f 2377/2377/2377 2376/2376/2376 2375/2375/2375
f 2380/2380/2380 2379/2379/2379 2378/2378/2378
f 2383/2383/2383 2382/2382/2382 2381/2381/2381
f 2385/2385/2385 2381/2381/2381 2384/2384/2384
f 2385/2385/2385 2384/2384/2384 2386/2386/2386
f 2389/2389/2389 2388/2388/2388 2387/2387/2387
f 2392/2392/2392 2391/2391/2391 2390/2390/2390
f 2395/2395/2395 2394/2394/2394 2393/2393/2393
f 2398/2398/2398 2397/2397/2397 2396/2396/2396
f 2401/2401/2401 2400/2400/2400 2399/2399/2399
f 2404/2404/2404 2403/2403/2403 2402/2402/2402
f 2407/2407/2407 2406/2406/2406 2405/2405/2405
f 2409/2409/2409 2405/2405/2405 2408/2408/2408
f 2409/2409/2409 2408/2408/2408 2410/2410/2410
f 2413/2413/2413 2412/2412/2412 2411/2411/2411
f 2416/2416/2416 2415/2415/2415 2414/2414/2414
f 2419/2419/2419 2418/2418/2418 2417/2417/2417
f 2422/2422/2422 2421/2421/2421 2420/2420/2420
f 2425/2425/2425 2424/2424/2424 2423/2423/2423
f 2427/2427/2427 2423/2423/2423 2426/2426/2426
f 2427/2427/2427 2426/2426/2426 2428/2428/2428
f 2431/2431/2431 2430/2430/2430 2429/2429/2429
f 2434/2434/2434 2433/2433/2433 2432/2432/2432
f 2437/2437/2437 2436/2436/2436 2435/2435/2435
f 2439/2439/2439 2435/2435/2435 2438/2438/2438
f 2439/2439/2439 2438/2438/2438 2440/2440/2440
f 2443/2443/2443 2442/2442/2442 2441/2441/2441
f 2445/2445/2445 2441/2441/2441 2444/2444/2444
f 2444/2444/2444 2441/2441/2441 2446/2446/2446
f 2449/2449/2449 2448/2448/2448 2447/2447/2447
f 2452/2452/2452 2451/2451/2451 2450/2450/2450
f 2455/2455/2455 2454/2454/2454 2453/2453/2453
f 2455/2455/2455 2457/2457/2457 2456/2456/2456
f 2460/2460/2460 2459/2459/2459 2458/2458/2458
f 2459/2459/2459 2462/2462/2462 2461/2461/2461
f 2462/2462/2462 2463/2463/2463 2461/2461/2461
f 2466/2466/2466 2465/2465/2465 2464/2464/2464
f 2469/2469/2469 2468/2468/2468 2467/2467/2467
f 2472/2472/2472 2471/2471/2471 2470/2470/2470
f 2474/2474/2474 2470/2470/2470 2473/2473/2473
f 2474/2474/2474 2473/2473/2473 2475/2475/2475
f 2478/2478/2478 2477/2477/2477 2476/2476/2476
f 2480/2480/2480 2477/2477/2477 2479/2479/2479
f 2483/2483/2483 2482/2482/2482 2481/2481/2481
f 2486/2486/2486 2485/2485/2485 2484/2484/2484
f 2488/2488/2488 2484/2484/2484 2487/2487/2487
f 2488/2488/2488 2487/2487/2487 2489/2489/2489
f 2492/2492/2492 2491/2491/2491 2490/2490/2490
f 2495/2495/2495 2494/2494/2494 2493/2493/2493
f 2498/2498/2498 2497/2497/2497 2496/2496/2496
f 2501/2501/2501 2500/2500/2500 2499/2499/2499
f 2504/2504/2504 2503/2503/2503 2502/2502/2502
f 2507/2507/2507 2506/2506/2506 2505/2505/2505
f 2506/2506/2506 2509/2509/2509 2508/2508/2508
f 2509/2509/2509 2510/2510/2510 2508/2508/2508
f 2513/2513/2513 2512/2512/2512 2511/2511/2511
f 2516/2516/2516 2515/2515/2515 2514/2514/2514
f 2518/2518/2518 2514/2514/2514 2517/2517/2517
f 2517/2517/2517 2514/2514/2514 2519/2519/2519
f 2522/2522/2522 2521/2521/2521 2520/2520/2520
f 2524/2524/2524 2520/2520/2520 2523/2523/2523
f 2524/2524/2524 2523/2523/2523 2525/2525/2525
f 2528/2528/2528 2527/2527/2527 2526/2526/2526
f 2531/2531/2531 2530/2530/2530 2529/2529/2529
f 2534/2534/2534 2533/2533/2533 2532/2532/2532
f 2537/2537/2537 2536/2536/2536 2535/2535/2535
f 2539/2539/2539 2535/2535/2535 2538/2538/2538
f 2538/2538/2538 2535/2535/2535 2540/2540/2540
f 2543/2543/2543 2542/2542/2542 2541/2541/2541
f 2546/2546/2546 2545/2545/2545 2544/2544/2544
f 2549/2549/2549 2548/2548/2548 2547/2547/2547
f 2547/2547/2547 2551/2551/2551 2550/2550/2550
f 2550/2550/2550 2551/2551/2551 2552/2552/2552
f 2555/2555/2555 2554/2554/2554 2553/2553/2553
f 2558/2558/2558 2557/2557/2557 2556/2556/2556
f 2560/2560/2560 2556/2556/2556 2559/2559/2559
f 2560/2560/2560 2559/2559/2559 2561/2561/2561
f 2564/2564/2564 2563/2563/2563 2562/2562/2562
f 2567/2567/2567 2566/2566/2566 2565/2565/2565
f 2570/2570/2570 2569/2569/2569 2568/2568/2568
f 2569/2569/2569 2572/2572/2572 2571/2571/2571
f 2572/2572/2572 2573/2573/2573 2571/2571/2571
f 2576/2576/2576 2575/2575/2575 2574/2574/2574
f 2574/2574/2574 2575/2575/2575 2577/2577/2577
f 2580/2580/2580 2579/2579/2579 2578/2578/2578
f 2581/2581/2581 2579/2579/2579 2580/2580/2580
f 2584/2584/2584 2583/2583/2583 2582/2582/2582
f 2582/2582/2582 2583/2583/2583 2585/2585/2585
f 2588/2588/2588 2587/2587/2587 2586/2586/2586
f 2586/2586/2586 2587/2587/2587 2589/2589/2589
f 2592/2592/2592 2591/2591/2591 2590/2590/2590
f 2590/2590/2590 2591/2591/2591 2593/2593/2593
f 2596/2596/2596 2595/2595/2595 2594/2594/2594
f 2594/2594/2594 2595/2595/2595 2597/2597/2597
f 2600/2600/2600 2599/2599/2599 2598/2598/2598
f 2598/2598/2598 2599/2599/2599 2601/2601/2601
f 2604/2604/2604 2603/2603/2603 2602/2602/2602
f 2602/2602/2602 2603/2603/2603 2605/2605/2605
f 2608/2608/2608 2607/2607/2607 2606/2606/2606
f 2606/2606/2606 2607/2607/2607 2609/2609/2609
f 2612/2612/2612 2611/2611/2611 2610/2610/2610
f 2610/2610/2610 2611/2611/2611 2613/2613/2613
f 2616/2616/2616 2615/2615/2615 2614/2614/2614
f 2614/2614/2614 2615/2615/2615 2617/2617/2617
f 2620/2620/2620 2619/2619/2619 2618/2618/2618
f 2618/2618/2618 2619/2619/2619 2621/2621/2621
f 2624/2624/2624 2623/2623/2623 2622/2622/2622
f 2622/2622/2622 2623/2623/2623 2625/2625/2625
f 2628/2628/2628 2627/2627/2627 2626/2626/2626
f 2626/2626/2626 2627/2627/2627 2629/2629/2629
f 2632/2632/2632 2631/2631/2631 2630/2630/2630
f 2630/2630/2630 2631/2631/2631 2633/2633/2633
f 2636/2636/2636 2635/2635/2635 2634/2634/2634
f 2634/2634/2634 2635/2635/2635 2637/2637/2637
f 2640/2640/2640 2639/2639/2639 2638/2638/2638
f 2638/2638/2638 2639/2639/2639 2641/2641/2641
f 2644/2644/2644 2643/2643/2643 2642/2642/2642
f 2642/2642/2642 2643/2643/2643 2645/2645/2645
f 2648/2648/2648 2647/2647/2647 2646/2646/2646
f 2646/2646/2646 2647/2647/2647 2649/2649/2649
f 2652/2652/2652 2651/2651/2651 2650/2650/2650
f 2650/2650/2650 2651/2651/2651 2653/2653/2653
f 2656/2656/2656 2655/2655/2655 2654/2654/2654
f 2654/2654/2654 2655/2655/2655 2657/2657/2657
f 2658/2658/2658 2657/2657/2657 2655/2655/2655
f 2658/2658/2658 2655/2655/2655 2659/2659/2659
f 2659/2659/2659 2660/2660/2660 2658/2658/2658
f 2661/2661/2661 2658/2658/2658 2660/2660/2660
f 2661/2661/2661 2660/2660/2660 2662/2662/2662
f 2662/2662/2662 2663/2663/2663 2661/2661/2661
f 2661/2661/2661 2663/2663/2663 2664/2664/2664
f 2664/2664/2664 2663/2663/2663 2665/2665/2665
f 2668/2668/2668 2667/2667/2667 2666/2666/2666
f 2666/2666/2666 2667/2667/2667 2669/2669/2669
f 2672/2672/2672 2671/2671/2671 2670/2670/2670
f 2670/2670/2670 2671/2671/2671 2673/2673/2673
f 2676/2676/2676 2675/2675/2675 2674/2674/2674
f 2674/2674/2674 2675/2675/2675 2677/2677/2677
f 2678/2678/2678 2677/2677/2677 2675/2675/2675
f 2679/2679/2679 2677/2677/2677 2678/2678/2678
f 2680/2680/2680 2679/2679/2679 2678/2678/2678
f 2681/2681/2681 2678/2678/2678 2675/2675/2675
f 2681/2681/2681 2675/2675/2675 2682/2682/2682
f 2685/2685/2685 2684/2684/2684 2683/2683/2683
f 2683/2683/2683 2684/2684/2684 2686/2686/2686
f 2689/2689/2689 2688/2688/2688 2687/2687/2687
f 2687/2687/2687 2688/2688/2688 2690/2690/2690
f 2693/2693/2693 2692/2692/2692 2691/2691/2691
f 2691/2691/2691 2692/2692/2692 2694/2694/2694
f 2697/2697/2697 2696/2696/2696 2695/2695/2695
f 2695/2695/2695 2696/2696/2696 2698/2698/2698
f 2701/2701/2701 2700/2700/2700 2699/2699/2699
f 2699/2699/2699 2700/2700/2700 2702/2702/2702
f 2705/2705/2705 2704/2704/2704 2703/2703/2703
f 2703/2703/2703 2704/2704/2704 2706/2706/2706
f 2709/2709/2709 2708/2708/2708 2707/2707/2707
f 2707/2707/2707 2708/2708/2708 2710/2710/2710
f 2713/2713/2713 2712/2712/2712 2711/2711/2711
f 2713/2713/2713 2711/2711/2711 2714/2714/2714
f 2717/2717/2717 2716/2716/2716 2715/2715/2715
f 2715/2715/2715 2716/2716/2716 2718/2718/2718
f 2721/2721/2721 2720/2720/2720 2719/2719/2719
f 2719/2719/2719 2720/2720/2720 2722/2722/2722
f 2725/2725/2725 2724/2724/2724 2723/2723/2723
f 2723/2723/2723 2724/2724/2724 2726/2726/2726
f 2729/2729/2729 2728/2728/2728 2727/2727/2727
f 2727/2727/2727 2728/2728/2728 2730/2730/2730
f 2733/2733/2733 2732/2732/2732 2731/2731/2731
f 2731/2731/2731 2732/2732/2732 2734/2734/2734
f 2737/2737/2737 2736/2736/2736 2735/2735/2735
f 2735/2735/2735 2736/2736/2736 2738/2738/2738
f 2741/2741/2741 2740/2740/2740 2739/2739/2739
f 2739/2739/2739 2740/2740/2740 2742/2742/2742
f 2745/2745/2745 2744/2744/2744 2743/2743/2743
f 2743/2743/2743 2744/2744/2744 2746/2746/2746
f 2749/2749/2749 2748/2748/2748 2747/2747/2747
f 2747/2747/2747 2748/2748/2748 2750/2750/2750
f 2753/2753/2753 2752/2752/2752 2751/2751/2751
f 2751/2751/2751 2752/2752/2752 2754/2754/2754
f 2757/2757/2757 2756/2756/2756 2755/2755/2755
f 2755/2755/2755 2756/2756/2756 2758/2758/2758
f 2761/2761/2761 2760/2760/2760 2759/2759/2759
f 2759/2759/2759 2760/2760/2760 2762/2762/2762
f 2765/2765/2765 2764/2764/2764 2763/2763/2763
f 2763/2763/2763 2764/2764/2764 2766/2766/2766
f 2769/2769/2769 2768/2768/2768 2767/2767/2767
f 2767/2767/2767 2768/2768/2768 2770/2770/2770
f 2773/2773/2773 2772/2772/2772 2771/2771/2771
f 2771/2771/2771 2772/2772/2772 2774/2774/2774
f 2777/2777/2777 2776/2776/2776 2775/2775/2775
f 2775/2775/2775 2776/2776/2776 2778/2778/2778
f 2781/2781/2781 2780/2780/2780 2779/2779/2779
f 2779/2779/2779 2780/2780/2780 2782/2782/2782
f 2785/2785/2785 2784/2784/2784 2783/2783/2783
f 2783/2783/2783 2784/2784/2784 2786/2786/2786
f 2789/2789/2789 2788/2788/2788 2787/2787/2787
f 2787/2787/2787 2788/2788/2788 2790/2790/2790
f 2793/2793/2793 2792/2792/2792 2791/2791/2791
f 2791/2791/2791 2792/2792/2792 2794/2794/2794
f 2797/2797/2797 2796/2796/2796 2795/2795/2795
f 2795/2795/2795 2796/2796/2796 2798/2798/2798
f 2801/2801/2801 2800/2800/2800 2799/2799/2799
f 2799/2799/2799 2800/2800/2800 2802/2802/2802
f 2805/2805/2805 2804/2804/2804 2803/2803/2803
f 2803/2803/2803 2804/2804/2804 2806/2806/2806
f 2809/2809/2809 2808/2808/2808 2807/2807/2807
f 2810/2810/2810 2809/2809/2809 2807/2807/2807
f 2809/2809/2809 2810/2810/2810 2811/2811/2811
f 2811/2811/2811 2812/2812/2812 2809/2809/2809
f 2811/2811/2811 2813/2813/2813 2812/2812/2812
f 2812/2812/2812 2813/2813/2813 2814/2814/2814
f 2810/2810/2810 2816/2816/2816 2815/2815/2815
f 2815/2815/2815 2816/2816/2816 2817/2817/2817
f 2820/2820/2820 2819/2819/2819 2818/2818/2818
f 2818/2818/2818 2819/2819/2819 2821/2821/2821
f 2824/2824/2824 2823/2823/2823 2822/2822/2822
f 2822/2822/2822 2823/2823/2823 2825/2825/2825
f 2828/2828/2828 2827/2827/2827 2826/2826/2826
f 2826/2826/2826 2827/2827/2827 2829/2829/2829
f 2832/2832/2832 2831/2831/2831 2830/2830/2830
f 2830/2830/2830 2831/2831/2831 2833/2833/2833
f 2836/2836/2836 2835/2835/2835 2834/2834/2834
f 2835/2835/2835 2836/2836/2836 2837/2837/2837
f 2838/2838/2838 2837/2837/2837 2836/2836/2836
f 2841/2841/2841 2840/2840/2840 2839/2839/2839
f 2839/2839/2839 2840/2840/2840 2842/2842/2842
f 2845/2845/2845 2844/2844/2844 2843/2843/2843
f 2846/2846/2846 2844/2844/2844 2845/2845/2845
f 2847/2847/2847 2844/2844/2844 2846/2846/2846
f 2846/2846/2846 2848/2848/2848 2847/2847/2847
f 2849/2849/2849 2848/2848/2848 2846/2846/2846
f 2850/2850/2850 2848/2848/2848 2849/2849/2849
f 2849/2849/2849 2851/2851/2851 2850/2850/2850
f 2849/2849/2849 2852/2852/2852 2851/2851/2851
f 2853/2853/2853 2851/2851/2851 2852/2852/2852
f 2854/2854/2854 2851/2851/2851 2853/2853/2853
f 2857/2857/2857 2856/2856/2856 2855/2855/2855
f 2855/2855/2855 2856/2856/2856 2858/2858/2858
f 2861/2861/2861 2860/2860/2860 2859/2859/2859
f 2859/2859/2859 2860/2860/2860 2862/2862/2862
f 2865/2865/2865 2864/2864/2864 2863/2863/2863
f 2863/2863/2863 2864/2864/2864 2866/2866/2866
f 2869/2869/2869 2868/2868/2868 2867/2867/2867
f 2867/2867/2867 2868/2868/2868 2870/2870/2870
f 2873/2873/2873 2872/2872/2872 2871/2871/2871
f 2871/2871/2871 2872/2872/2872 2874/2874/2874
f 2877/2877/2877 2876/2876/2876 2875/2875/2875
f 2876/2876/2876 2877/2877/2877 2878/2878/2878
f 2879/2879/2879 2878/2878/2878 2877/2877/2877
f 2879/2879/2879 2877/2877/2877 2880/2880/2880
f 2880/2880/2880 2881/2881/2881 2879/2879/2879
f 2879/2879/2879 2881/2881/2881 2882/2882/2882
f 2882/2882/2882 2881/2881/2881 2883/2883/2883
f 2883/2883/2883 2884/2884/2884 2882/2882/2882
f 2882/2882/2882 2884/2884/2884 2885/2885/2885
f 2885/2885/2885 2884/2884/2884 2886/2886/2886
f 2889/2889/2889 2888/2888/2888 2887/2887/2887
f 2887/2887/2887 2888/2888/2888 2890/2890/2890
f 2893/2893/2893 2892/2892/2892 2891/2891/2891
f 2891/2891/2891 2892/2892/2892 2894/2894/2894
f 2897/2897/2897 2896/2896/2896 2895/2895/2895
f 2895/2895/2895 2896/2896/2896 2898/2898/2898
f 2898/2898/2898 2899/2899/2899 2895/2895/2895
f 2895/2895/2895 2901/2901/2901 2900/2900/2900
f 2903/2903/2903 2899/2899/2899 2902/2902/2902
f 2904/2904/2904 2899/2899/2899 2903/2903/2903
f 2896/2896/2896 2904/2904/2904 2903/2903/2903
f 2905/2905/2905 2904/2904/2904 2896/2896/2896
f 2906/2906/2906 2905/2905/2905 2896/2896/2896
f 2907/2907/2907 2905/2905/2905 2906/2906/2906
f 2907/2907/2907 2908/2908/2908 2905/2905/2905
f 2905/2905/2905 2908/2908/2908 2909/2909/2909
f 2908/2908/2908 2910/2910/2910 2909/2909/2909
f 2910/2910/2910 2901/2901/2901 2911/2911/2911
f 2909/2909/2909 2910/2910/2910 2911/2911/2911
f 2914/2914/2914 2913/2913/2913 2912/2912/2912
f 2912/2912/2912 2913/2913/2913 2915/2915/2915
f 2918/2918/2918 2917/2917/2917 2916/2916/2916
f 2916/2916/2916 2917/2917/2917 2919/2919/2919
f 2922/2922/2922 2921/2921/2921 2920/2920/2920
f 2920/2920/2920 2921/2921/2921 2923/2923/2923
f 2926/2926/2926 2925/2925/2925 2924/2924/2924
f 2924/2924/2924 2925/2925/2925 2927/2927/2927
f 2930/2930/2930 2929/2929/2929 2928/2928/2928
f 2928/2928/2928 2929/2929/2929 2931/2931/2931
f 2934/2934/2934 2933/2933/2933 2932/2932/2932
f 2932/2932/2932 2933/2933/2933 2935/2935/2935
f 2938/2938/2938 2937/2937/2937 2936/2936/2936
f 2936/2936/2936 2937/2937/2937 2939/2939/2939
f 2942/2942/2942 2941/2941/2941 2940/2940/2940
f 2940/2940/2940 2941/2941/2941 2943/2943/2943
f 2946/2946/2946 2945/2945/2945 2944/2944/2944
f 2944/2944/2944 2945/2945/2945 2947/2947/2947
f 2945/2945/2945 2948/2948/2948 2947/2947/2947
f 2951/2951/2951 2950/2950/2950 2949/2949/2949
f 2949/2949/2949 2950/2950/2950 2952/2952/2952
f 2955/2955/2955 2954/2954/2954 2953/2953/2953
f 2953/2953/2953 2954/2954/2954 2956/2956/2956
f 2959/2959/2959 2958/2958/2958 2957/2957/2957
f 2957/2957/2957 2958/2958/2958 2960/2960/2960
f 2963/2963/2963 2962/2962/2962 2961/2961/2961
f 2961/2961/2961 2962/2962/2962 2964/2964/2964
f 2967/2967/2967 2966/2966/2966 2965/2965/2965
f 2965/2965/2965 2966/2966/2966 2968/2968/2968
f 2971/2971/2971 2970/2970/2970 2969/2969/2969
f 2969/2969/2969 2970/2970/2970 2972/2972/2972
f 2975/2975/2975 2974/2974/2974 2973/2973/2973
f 2973/2973/2973 2974/2974/2974 2976/2976/2976
f 2979/2979/2979 2978/2978/2978 2977/2977/2977
f 2977/2977/2977 2978/2978/2978 2980/2980/2980
f 2983/2983/2983 2982/2982/2982 2981/2981/2981
f 2981/2981/2981 2982/2982/2982 2984/2984/2984
f 2987/2987/2987 2986/2986/2986 2985/2985/2985
f 2985/2985/2985 2986/2986/2986 2988/2988/2988
f 2991/2991/2991 2990/2990/2990 2989/2989/2989
f 2989/2989/2989 2990/2990/2990 2992/2992/2992
f 2995/2995/2995 2994/2994/2994 2993/2993/2993
f 2993/2993/2993 2994/2994/2994 2996/2996/2996
f 2999/2999/2999 2998/2998/2998 2997/2997/2997
f 2997/2997/2997 2998/2998/2998 3000/3000/3000
f 3003/3003/3003 3002/3002/3002 3001/3001/3001
f 3001/3001/3001 3002/3002/3002 3004/3004/3004
f 3007/3007/3007 3006/3006/3006 3005/3005/3005
f 3005/3005/3005 3006/3006/3006 3008/3008/3008
f 3011/3011/3011 3010/3010/3010 3009/3009/3009
f 3009/3009/3009 3010/3010/3010 3012/3012/3012
f 3015/3015/3015 3014/3014/3014 3013/3013/3013
f 3013/3013/3013 3014/3014/3014 3016/3016/3016
f 3019/3019/3019 3018/3018/3018 3017/3017/3017
f 3017/3017/3017 3018/3018/3018 3020/3020/3020
f 3023/3023/3023 3022/3022/3022 3021/3021/3021
f 3021/3021/3021 3022/3022/3022 3024/3024/3024
f 3027/3027/3027 3026/3026/3026 3025/3025/3025
f 3025/3025/3025 3026/3026/3026 3028/3028/3028
f 3031/3031/3031 3030/3030/3030 3029/3029/3029
f 3029/3029/3029 3030/3030/3030 3032/3032/3032
f 3035/3035/3035 3034/3034/3034 3033/3033/3033
f 3033/3033/3033 3034/3034/3034 3036/3036/3036
f 3039/3039/3039 3038/3038/3038 3037/3037/3037
f 3037/3037/3037 3038/3038/3038 3040/3040/3040
f 3043/3043/3043 3042/3042/3042 3041/3041/3041
f 3041/3041/3041 3042/3042/3042 3044/3044/3044
f 3047/3047/3047 3046/3046/3046 3045/3045/3045
f 3045/3045/3045 3046/3046/3046 3048/3048/3048
f 3051/3051/3051 3050/3050/3050 3049/3049/3049
f 3050/3050/3050 3051/3051/3051 3052/3052/3052
f 3055/3055/3055 3054/3054/3054 3053/3053/3053
f 3053/3053/3053 3054/3054/3054 3056/3056/3056
f 3059/3059/3059 3058/3058/3058 3057/3057/3057
f 3057/3057/3057 3058/3058/3058 3060/3060/3060
f 3063/3063/3063 3062/3062/3062 3061/3061/3061
f 3061/3061/3061 3062/3062/3062 3064/3064/3064
f 3067/3067/3067 3066/3066/3066 3065/3065/3065
f 3065/3065/3065 3066/3066/3066 3068/3068/3068
f 3071/3071/3071 3070/3070/3070 3069/3069/3069
f 3069/3069/3069 3070/3070/3070 3072/3072/3072
f 3075/3075/3075 3074/3074/3074 3073/3073/3073
f 3073/3073/3073 3074/3074/3074 3076/3076/3076
f 3079/3079/3079 3078/3078/3078 3077/3077/3077
f 3077/3077/3077 3078/3078/3078 3080/3080/3080
f 3083/3083/3083 3082/3082/3082 3081/3081/3081
f 3081/3081/3081 3082/3082/3082 3084/3084/3084
f 3087/3087/3087 3086/3086/3086 3085/3085/3085
f 3085/3085/3085 3086/3086/3086 3088/3088/3088
f 3091/3091/3091 3090/3090/3090 3089/3089/3089
f 3089/3089/3089 3090/3090/3090 3092/3092/3092
f 3095/3095/3095 3094/3094/3094 3093/3093/3093
f 3093/3093/3093 3094/3094/3094 3096/3096/3096
f 3099/3099/3099 3098/3098/3098 3097/3097/3097
f 3097/3097/3097 3098/3098/3098 3100/3100/3100
f 3103/3103/3103 3102/3102/3102 3101/3101/3101
f 3101/3101/3101 3102/3102/3102 3104/3104/3104
f 3107/3107/3107 3106/3106/3106 3105/3105/3105
f 3107/3107/3107 3105/3105/3105 3108/3108/3108
f 3111/3111/3111 3110/3110/3110 3109/3109/3109
f 3109/3109/3109 3110/3110/3110 3112/3112/3112
f 3115/3115/3115 3114/3114/3114 3113/3113/3113
f 3113/3113/3113 3114/3114/3114 3116/3116/3116
f 3119/3119/3119 3118/3118/3118 3117/3117/3117
f 3117/3117/3117 3118/3118/3118 3120/3120/3120
f 3123/3123/3123 3122/3122/3122 3121/3121/3121
f 3121/3121/3121 3122/3122/3122 3124/3124/3124
f 3127/3127/3127 3126/3126/3126 3125/3125/3125
f 3125/3125/3125 3126/3126/3126 3128/3128/3128
f 3131/3131/3131 3130/3130/3130 3129/3129/3129
f 3129/3129/3129 3130/3130/3130 3132/3132/3132
f 3135/3135/3135 3134/3134/3134 3133/3133/3133
f 3133/3133/3133 3134/3134/3134 3136/3136/3136
f 3139/3139/3139 3138/3138/3138 3137/3137/3137
f 3137/3137/3137 3138/3138/3138 3140/3140/3140
f 3143/3143/3143 3142/3142/3142 3141/3141/3141
f 3141/3141/3141 3142/3142/3142 3144/3144/3144
f 3147/3147/3147 3146/3146/3146 3145/3145/3145
f 3145/3145/3145 3146/3146/3146 3148/3148/3148
f 3151/3151/3151 3150/3150/3150 3149/3149/3149
f 3149/3149/3149 3150/3150/3150 3152/3152/3152
f 3155/3155/3155 3154/3154/3154 3153/3153/3153
f 3153/3153/3153 3154/3154/3154 3156/3156/3156
f 3159/3159/3159 3158/3158/3158 3157/3157/3157
f 3157/3157/3157 3158/3158/3158 3160/3160/3160
f 3163/3163/3163 3162/3162/3162 3161/3161/3161
f 3161/3161/3161 3162/3162/3162 3164/3164/3164
f 3167/3167/3167 3166/3166/3166 3165/3165/3165
f 3165/3165/3165 3166/3166/3166 3168/3168/3168
f 3171/3171/3171 3170/3170/3170 3169/3169/3169
f 3169/3169/3169 3170/3170/3170 3172/3172/3172
f 3175/3175/3175 3174/3174/3174 3173/3173/3173
f 3173/3173/3173 3174/3174/3174 3176/3176/3176
f 3179/3179/3179 3178/3178/3178 3177/3177/3177
f 3177/3177/3177 3178/3178/3178 3180/3180/3180
f 3183/3183/3183 3182/3182/3182 3181/3181/3181
f 3181/3181/3181 3182/3182/3182 3184/3184/3184
f 3187/3187/3187 3186/3186/3186 3185/3185/3185
f 3185/3185/3185 3186/3186/3186 3188/3188/3188
f 3191/3191/3191 3190/3190/3190 3189/3189/3189
f 3189/3189/3189 3190/3190/3190 3192/3192/3192
f 3195/3195/3195 3194/3194/3194 3193/3193/3193
f 3193/3193/3193 3194/3194/3194 3196/3196/3196
f 3199/3199/3199 3198/3198/3198 3197/3197/3197
f 3197/3197/3197 3198/3198/3198 3200/3200/3200
f 3198/3198/3198 3201/3201/3201 3200/3200/3200
f 3204/3204/3204 3203/3203/3203 3202/3202/3202
f 3205/3205/3205 3202/3202/3202 3203/3203/3203
f 3202/3202/3202 3205/3205/3205 3206/3206/3206
f 3209/3209/3209 3208/3208/3208 3207/3207/3207
f 3207/3207/3207 3208/3208/3208 3210/3210/3210
f 3213/3213/3213 3212/3212/3212 3211/3211/3211
f 3211/3211/3211 3212/3212/3212 3214/3214/3214
f 3217/3217/3217 3216/3216/3216 3215/3215/3215
f 3215/3215/3215 3216/3216/3216 3218/3218/3218
f 3218/3218/3218 3219/3219/3219 3215/3215/3215
f 3215/3215/3215 3219/3219/3219 3220/3220/3220
f 3219/3219/3219 3221/3221/3221 3220/3220/3220
f 3222/3222/3222 3220/3220/3220 3221/3221/3221
f 3219/3219/3219 3223/3223/3223 3221/3221/3221
f 3222/3222/3222 3221/3221/3221 3224/3224/3224
f 3222/3222/3222 3224/3224/3224 3225/3225/3225
f 3225/3225/3225 3224/3224/3224 3226/3226/3226
f 3221/3221/3221 3223/3223/3223 3227/3227/3227
f 3227/3227/3227 3223/3223/3223 3228/3228/3228
f 3227/3227/3227 3228/3228/3228 3229/3229/3229
f 3229/3229/3229 3228/3228/3228 3230/3230/3230
f 3231/3231/3231 3228/3228/3228 3223/3223/3223
f 3228/3228/3228 3231/3231/3231 3232/3232/3232
f 3233/3233/3233 3232/3232/3232 3231/3231/3231
f 3234/3234/3234 3232/3232/3232 3233/3233/3233
f 3234/3234/3234 3235/3235/3235 3232/3232/3232
f 3236/3236/3236 3232/3232/3232 3235/3235/3235
f 3236/3236/3236 3235/3235/3235 3237/3237/3237
f 3234/3234/3234 3238/3238/3238 3235/3235/3235
f 3235/3235/3235 3238/3238/3238 3239/3239/3239
f 3241/3241/3241 3234/3234/3234 3240/3240/3240
f 3243/3243/3243 3230/3230/3230 3242/3242/3242
f 3245/3245/3245 3237/3237/3237 3244/3244/3244
f 3247/3247/3247 3231/3231/3231 3246/3246/3246
f 3247/3247/3247 3249/3249/3249 3248/3248/3248
f 3250/3250/3250 3249/3249/3249 3246/3246/3246
f 3251/3251/3251 3250/3250/3250 3246/3246/3246
f 3252/3252/3252 3250/3250/3250 3251/3251/3251
f 3248/3248/3248 3249/3249/3249 3253/3253/3253
f 3255/3255/3255 3248/3248/3248 3254/3254/3254
f 3248/3248/3248 3256/3256/3256 3254/3254/3254
f 3254/3254/3254 3256/3256/3256 3257/3257/3257
f 3240/3240/3240 3254/3254/3254 3257/3257/3257
f 3258/3258/3258 3257/3257/3257 3256/3256/3256
f 3257/3257/3257 3258/3258/3258 3259/3259/3259
f 3258/3258/3258 3260/3260/3260 3259/3259/3259
f 3261/3261/3261 3258/3258/3258 3256/3256/3256
f 3261/3261/3261 3256/3256/3256 3262/3262/3262
f 3261/3261/3261 3262/3262/3262 3263/3263/3263
f 3264/3264/3264 3261/3261/3261 3263/3263/3263
f 3264/3264/3264 3263/3263/3263 3265/3265/3265
f 3262/3262/3262 3266/3266/3266 3263/3263/3263
f 3263/3263/3263 3266/3266/3266 3267/3267/3267
f 3268/3268/3268 3266/3266/3266 3262/3262/3262
f 3269/3269/3269 3268/3268/3268 3262/3262/3262
f 3270/3270/3270 3268/3268/3268 3269/3269/3269
f 3253/3253/3253 3270/3270/3270 3269/3269/3269
f 3271/3271/3271 3268/3268/3268 3270/3270/3270
f 3272/3272/3272 3268/3268/3268 3271/3271/3271
f 3273/3273/3273 3271/3271/3271 3270/3270/3270
f 3274/3274/3274 3273/3273/3273 3270/3270/3270
f 3276/3276/3276 3273/3273/3273 3275/3275/3275
f 3275/3275/3275 3273/3273/3273 3277/3277/3277
f 3275/3275/3275 3279/3279/3279 3278/3278/3278
f 3278/3278/3278 3279/3279/3279 3280/3280/3280
f 3281/3281/3281 3280/3280/3280 3279/3279/3279
f 3281/3281/3281 3282/3282/3282 3280/3280/3280
f 3280/3280/3280 3282/3282/3282 3283/3283/3283
f 3285/3285/3285 3282/3282/3282 3284/3284/3284
f 3282/3282/3282 3286/3286/3286 3284/3284/3284
f 3282/3282/3282 3287/3287/3287 3286/3286/3286
f 3286/3286/3286 3287/3287/3287 3288/3288/3288
f 3291/3291/3291 3290/3290/3290 3289/3289/3289
f 3290/3290/3290 3291/3291/3291 3292/3292/3292
f 3295/3295/3295 3294/3294/3294 3293/3293/3293
f 3293/3293/3293 3294/3294/3294 3296/3296/3296
f 3299/3299/3299 3298/3298/3298 3297/3297/3297
f 3297/3297/3297 3298/3298/3298 3300/3300/3300
f 3303/3303/3303 3302/3302/3302 3301/3301/3301
f 3301/3301/3301 3302/3302/3302 3304/3304/3304
f 3307/3307/3307 3306/3306/3306 3305/3305/3305
f 3305/3305/3305 3306/3306/3306 3308/3308/3308
f 3311/3311/3311 3310/3310/3310 3309/3309/3309
f 3309/3309/3309 3310/3310/3310 3312/3312/3312
f 3315/3315/3315 3314/3314/3314 3313/3313/3313
f 3313/3313/3313 3314/3314/3314 3316/3316/3316
f 3319/3319/3319 3318/3318/3318 3317/3317/3317
f 3317/3317/3317 3318/3318/3318 3320/3320/3320
f 3323/3323/3323 3322/3322/3322 3321/3321/3321
f 3321/3321/3321 3322/3322/3322 3324/3324/3324
f 3327/3327/3327 3326/3326/3326 3325/3325/3325
f 3325/3325/3325 3326/3326/3326 3328/3328/3328
f 3331/3331/3331 3330/3330/3330 3329/3329/3329
f 3329/3329/3329 3330/3330/3330 3332/3332/3332
f 3335/3335/3335 3334/3334/3334 3333/3333/3333
f 3333/3333/3333 3334/3334/3334 3336/3336/3336
f 3339/3339/3339 3338/3338/3338 3337/3337/3337
f 3337/3337/3337 3338/3338/3338 3340/3340/3340
f 3343/3343/3343 3342/3342/3342 3341/3341/3341
f 3341/3341/3341 3342/3342/3342 3344/3344/3344
f 3347/3347/3347 3346/3346/3346 3345/3345/3345
f 3345/3345/3345 3346/3346/3346 3348/3348/3348
f 3351/3351/3351 3350/3350/3350 3349/3349/3349
f 3349/3349/3349 3350/3350/3350 3352/3352/3352
f 3355/3355/3355 3354/3354/3354 3353/3353/3353
f 3356/3356/3356 3355/3355/3355 3353/3353/3353
f 3359/3359/3359 3358/3358/3358 3357/3357/3357
f 3357/3357/3357 3358/3358/3358 3360/3360/3360
f 3363/3363/3363 3362/3362/3362 3361/3361/3361
f 3361/3361/3361 3362/3362/3362 3364/3364/3364
f 3367/3367/3367 3366/3366/3366 3365/3365/3365
f 3365/3365/3365 3366/3366/3366 3368/3368/3368
f 3371/3371/3371 3370/3370/3370 3369/3369/3369
f 3369/3369/3369 3370/3370/3370 3372/3372/3372
f 3375/3375/3375 3374/3374/3374 3373/3373/3373
f 3373/3373/3373 3374/3374/3374 3376/3376/3376
f 3379/3379/3379 3378/3378/3378 3377/3377/3377
f 3377/3377/3377 3378/3378/3378 3380/3380/3380
f 3383/3383/3383 3382/3382/3382 3381/3381/3381
f 3381/3381/3381 3382/3382/3382 3384/3384/3384
f 3387/3387/3387 3386/3386/3386 3385/3385/3385
f 3385/3385/3385 3386/3386/3386 3388/3388/3388
f 3391/3391/3391 3390/3390/3390 3389/3389/3389
f 3389/3389/3389 3390/3390/3390 3392/3392/3392
f 3395/3395/3395 3394/3394/3394 3393/3393/3393
f 3393/3393/3393 3394/3394/3394 3396/3396/3396
f 3399/3399/3399 3398/3398/3398 3397/3397/3397
f 3397/3397/3397 3398/3398/3398 3400/3400/3400
f 3403/3403/3403 3402/3402/3402 3401/3401/3401
f 3401/3401/3401 3402/3402/3402 3404/3404/3404
f 3407/3407/3407 3406/3406/3406 3405/3405/3405
f 3405/3405/3405 3406/3406/3406 3408/3408/3408
f 3411/3411/3411 3410/3410/3410 3409/3409/3409
f 3409/3409/3409 3410/3410/3410 3412/3412/3412
f 3415/3415/3415 3414/3414/3414 3413/3413/3413
f 3413/3413/3413 3414/3414/3414 3416/3416/3416
f 3419/3419/3419 3418/3418/3418 3417/3417/3417
f 3417/3417/3417 3418/3418/3418 3420/3420/3420
f 3423/3423/3423 3422/3422/3422 3421/3421/3421
f 3422/3422/3422 3423/3423/3423 3424/3424/3424
f 3427/3427/3427 3426/3426/3426 3425/3425/3425
f 3425/3425/3425 3426/3426/3426 3428/3428/3428
f 3431/3431/3431 3430/3430/3430 3429/3429/3429
f 3429/3429/3429 3430/3430/3430 3432/3432/3432
f 3435/3435/3435 3434/3434/3434 3433/3433/3433
f 3433/3433/3433 3434/3434/3434 3436/3436/3436
f 3439/3439/3439 3438/3438/3438 3437/3437/3437
f 3437/3437/3437 3438/3438/3438 3440/3440/3440
f 3443/3443/3443 3442/3442/3442 3441/3441/3441
f 3441/3441/3441 3442/3442/3442 3444/3444/3444
f 3447/3447/3447 3446/3446/3446 3445/3445/3445
f 3448/3448/3448 3446/3446/3446 3447/3447/3447
f 3451/3451/3451 3450/3450/3450 3449/3449/3449
f 3449/3449/3449 3450/3450/3450 3452/3452/3452
f 3455/3455/3455 3454/3454/3454 3453/3453/3453
f 3453/3453/3453 3454/3454/3454 3456/3456/3456
f 3459/3459/3459 3458/3458/3458 3457/3457/3457
f 3457/3457/3457 3458/3458/3458 3460/3460/3460
f 3463/3463/3463 3462/3462/3462 3461/3461/3461
f 3464/3464/3464 3461/3461/3461 3462/3462/3462
f 3467/3467/3467 3466/3466/3466 3465/3465/3465
f 3465/3465/3465 3466/3466/3466 3468/3468/3468
f 3471/3471/3471 3470/3470/3470 3469/3469/3469
f 3469/3469/3469 3470/3470/3470 3472/3472/3472
f 3475/3475/3475 3474/3474/3474 3473/3473/3473
f 3473/3473/3473 3474/3474/3474 3476/3476/3476
f 3479/3479/3479 3478/3478/3478 3477/3477/3477
f 3477/3477/3477 3478/3478/3478 3480/3480/3480
f 3483/3483/3483 3482/3482/3482 3481/3481/3481
f 3481/3481/3481 3482/3482/3482 3484/3484/3484
f 3487/3487/3487 3486/3486/3486 3485/3485/3485
f 3485/3485/3485 3486/3486/3486 3488/3488/3488
f 3491/3491/3491 3490/3490/3490 3489/3489/3489
f 3490/3490/3490 3491/3491/3491 3492/3492/3492
f 3495/3495/3495 3494/3494/3494 3493/3493/3493
f 3493/3493/3493 3494/3494/3494 3496/3496/3496
f 3499/3499/3499 3498/3498/3498 3497/3497/3497
f 3497/3497/3497 3498/3498/3498 3500/3500/3500
f 3503/3503/3503 3502/3502/3502 3501/3501/3501
f 3501/3501/3501 3502/3502/3502 3504/3504/3504
f 3507/3507/3507 3506/3506/3506 3505/3505/3505
f 3505/3505/3505 3506/3506/3506 3508/3508/3508
f 3511/3511/3511 3510/3510/3510 3509/3509/3509
f 3509/3509/3509 3510/3510/3510 3512/3512/3512
f 3515/3515/3515 3514/3514/3514 3513/3513/3513
f 3513/3513/3513 3514/3514/3514 3516/3516/3516
f 3519/3519/3519 3518/3518/3518 3517/3517/3517
f 3517/3517/3517 3518/3518/3518 3520/3520/3520
f 3523/3523/3523 3522/3522/3522 3521/3521/3521
f 3521/3521/3521 3522/3522/3522 3524/3524/3524
f 3527/3527/3527 3526/3526/3526 3525/3525/3525
f 3525/3525/3525 3526/3526/3526 3528/3528/3528
f 3531/3531/3531 3530/3530/3530 3529/3529/3529
f 3529/3529/3529 3530/3530/3530 3532/3532/3532
f 3535/3535/3535 3534/3534/3534 3533/3533/3533
f 3533/3533/3533 3534/3534/3534 3536/3536/3536
f 3539/3539/3539 3538/3538/3538 3537/3537/3537
f 3537/3537/3537 3538/3538/3538 3540/3540/3540
f 3543/3543/3543 3542/3542/3542 3541/3541/3541
f 3544/3544/3544 3541/3541/3541 3542/3542/3542
f 3547/3547/3547 3546/3546/3546 3545/3545/3545
f 3546/3546/3546 3547/3547/3547 3548/3548/3548
f 3551/3551/3551 3550/3550/3550 3549/3549/3549
f 3549/3549/3549 3550/3550/3550 3552/3552/3552
f 3555/3555/3555 3554/3554/3554 3553/3553/3553
f 3553/3553/3553 3554/3554/3554 3556/3556/3556
f 3559/3559/3559 3558/3558/3558 3557/3557/3557
f 3560/3560/3560 3558/3558/3558 3559/3559/3559
f 3563/3563/3563 3562/3562/3562 3561/3561/3561
f 3561/3561/3561 3562/3562/3562 3564/3564/3564
f 3567/3567/3567 3566/3566/3566 3565/3565/3565
f 3565/3565/3565 3566/3566/3566 3568/3568/3568
f 3571/3571/3571 3570/3570/3570 3569/3569/3569
f 3571/3571/3571 3569/3569/3569 3572/3572/3572
f 3575/3575/3575 3574/3574/3574 3573/3573/3573
f 3573/3573/3573 3574/3574/3574 3576/3576/3576
f 3579/3579/3579 3578/3578/3578 3577/3577/3577
f 3577/3577/3577 3578/3578/3578 3580/3580/3580
f 3583/3583/3583 3582/3582/3582 3581/3581/3581
f 3581/3581/3581 3582/3582/3582 3584/3584/3584
f 3587/3587/3587 3586/3586/3586 3585/3585/3585
f 3585/3585/3585 3586/3586/3586 3588/3588/3588
f 3591/3591/3591 3590/3590/3590 3589/3589/3589
f 3589/3589/3589 3590/3590/3590 3592/3592/3592
f 3595/3595/3595 3594/3594/3594 3593/3593/3593
f 3593/3593/3593 3594/3594/3594 3596/3596/3596
f 3599/3599/3599 3598/3598/3598 3597/3597/3597
f 3597/3597/3597 3598/3598/3598 3600/3600/3600
f 3603/3603/3603 3602/3602/3602 3601/3601/3601
f 3601/3601/3601 3602/3602/3602 3604/3604/3604
f 3607/3607/3607 3606/3606/3606 3605/3605/3605
f 3605/3605/3605 3606/3606/3606 3608/3608/3608
f 3611/3611/3611 3610/3610/3610 3609/3609/3609
f 3612/3612/3612 3609/3609/3609 3610/3610/3610
f 3615/3615/3615 3614/3614/3614 3613/3613/3613
f 3613/3613/3613 3614/3614/3614 3616/3616/3616
f 3619/3619/3619 3618/3618/3618 3617/3617/3617
f 3617/3617/3617 3618/3618/3618 3620/3620/3620
f 3623/3623/3623 3622/3622/3622 3621/3621/3621
f 3621/3621/3621 3622/3622/3622 3624/3624/3624
f 3627/3627/3627 3626/3626/3626 3625/3625/3625
f 3625/3625/3625 3626/3626/3626 3628/3628/3628
f 3631/3631/3631 3630/3630/3630 3629/3629/3629
f 3629/3629/3629 3630/3630/3630 3632/3632/3632
f 3635/3635/3635 3634/3634/3634 3633/3633/3633
f 3633/3633/3633 3634/3634/3634 3636/3636/3636
f 3639/3639/3639 3638/3638/3638 3637/3637/3637
f 3637/3637/3637 3638/3638/3638 3640/3640/3640
f 3643/3643/3643 3642/3642/3642 3641/3641/3641
f 3641/3641/3641 3642/3642/3642 3644/3644/3644
f 3647/3647/3647 3646/3646/3646 3645/3645/3645
f 3645/3645/3645 3646/3646/3646 3648/3648/3648
f 3651/3651/3651 3650/3650/3650 3649/3649/3649
f 3649/3649/3649 3650/3650/3650 3652/3652/3652
f 3655/3655/3655 3654/3654/3654 3653/3653/3653
f 3653/3653/3653 3654/3654/3654 3656/3656/3656
f 3659/3659/3659 3658/3658/3658 3657/3657/3657
f 3657/3657/3657 3658/3658/3658 3660/3660/3660
f 3663/3663/3663 3662/3662/3662 3661/3661/3661
f 3661/3661/3661 3662/3662/3662 3664/3664/3664
f 3667/3667/3667 3666/3666/3666 3665/3665/3665
f 3665/3665/3665 3666/3666/3666 3668/3668/3668
f 3671/3671/3671 3670/3670/3670 3669/3669/3669
f 3669/3669/3669 3670/3670/3670 3672/3672/3672
f 3675/3675/3675 3674/3674/3674 3673/3673/3673
f 3673/3673/3673 3674/3674/3674 3676/3676/3676
f 3679/3679/3679 3678/3678/3678 3677/3677/3677
f 3677/3677/3677 3678/3678/3678 3680/3680/3680
f 3683/3683/3683 3682/3682/3682 3681/3681/3681
f 3681/3681/3681 3682/3682/3682 3684/3684/3684
f 3687/3687/3687 3686/3686/3686 3685/3685/3685
f 3685/3685/3685 3686/3686/3686 3688/3688/3688
f 3691/3691/3691 3690/3690/3690 3689/3689/3689
f 3689/3689/3689 3690/3690/3690 3692/3692/3692
f 3695/3695/3695 3694/3694/3694 3693/3693/3693
f 3693/3693/3693 3694/3694/3694 3696/3696/3696
f 3699/3699/3699 3698/3698/3698 3697/3697/3697
f 3697/3697/3697 3698/3698/3698 3700/3700/3700
f 3703/3703/3703 3702/3702/3702 3701/3701/3701
f 3701/3701/3701 3702/3702/3702 3704/3704/3704
f 3707/3707/3707 3706/3706/3706 3705/3705/3705
f 3705/3705/3705 3706/3706/3706 3708/3708/3708
f 3711/3711/3711 3710/3710/3710 3709/3709/3709
f 3709/3709/3709 3710/3710/3710 3712/3712/3712
f 3715/3715/3715 3714/3714/3714 3713/3713/3713
f 3713/3713/3713 3714/3714/3714 3716/3716/3716
f 3719/3719/3719 3718/3718/3718 3717/3717/3717
f 3717/3717/3717 3718/3718/3718 3720/3720/3720
f 3723/3723/3723 3722/3722/3722 3721/3721/3721
f 3721/3721/3721 3722/3722/3722 3724/3724/3724
f 3727/3727/3727 3726/3726/3726 3725/3725/3725
f 3725/3725/3725 3726/3726/3726 3728/3728/3728
f 3731/3731/3731 3730/3730/3730 3729/3729/3729
f 3732/3732/3732 3731/3731/3731 3729/3729/3729
f 3735/3735/3735 3734/3734/3734 3733/3733/3733
f 3733/3733/3733 3734/3734/3734 3736/3736/3736
f 3739/3739/3739 3738/3738/3738 3737/3737/3737
f 3737/3737/3737 3738/3738/3738 3740/3740/3740
f 3743/3743/3743 3742/3742/3742 3741/3741/3741
f 3741/3741/3741 3742/3742/3742 3744/3744/3744
f 3747/3747/3747 3746/3746/3746 3745/3745/3745
f 3745/3745/3745 3746/3746/3746 3748/3748/3748
f 3751/3751/3751 3750/3750/3750 3749/3749/3749
f 3749/3749/3749 3750/3750/3750 3752/3752/3752
f 3755/3755/3755 3754/3754/3754 3753/3753/3753
f 3753/3753/3753 3754/3754/3754 3756/3756/3756
f 3759/3759/3759 3758/3758/3758 3757/3757/3757
f 3757/3757/3757 3758/3758/3758 3760/3760/3760
f 3763/3763/3763 3762/3762/3762 3761/3761/3761
f 3761/3761/3761 3762/3762/3762 3764/3764/3764
f 3767/3767/3767 3766/3766/3766 3765/3765/3765
f 3768/3768/3768 3767/3767/3767 3765/3765/3765
f 3771/3771/3771 3770/3770/3770 3769/3769/3769
f 3769/3769/3769 3770/3770/3770 3772/3772/3772
f 3775/3775/3775 3774/3774/3774 3773/3773/3773
f 3773/3773/3773 3774/3774/3774 3776/3776/3776
f 3779/3779/3779 3778/3778/3778 3777/3777/3777
f 3777/3777/3777 3778/3778/3778 3780/3780/3780
f 3783/3783/3783 3782/3782/3782 3781/3781/3781
f 3781/3781/3781 3782/3782/3782 3784/3784/3784
f 3787/3787/3787 3786/3786/3786 3785/3785/3785
f 3785/3785/3785 3786/3786/3786 3788/3788/3788
f 3791/3791/3791 3790/3790/3790 3789/3789/3789
f 3789/3789/3789 3790/3790/3790 3792/3792/3792
f 3795/3795/3795 3794/3794/3794 3793/3793/3793
f 3793/3793/3793 3794/3794/3794 3796/3796/3796
f 3799/3799/3799 3798/3798/3798 3797/3797/3797
f 3797/3797/3797 3798/3798/3798 3800/3800/3800
f 3803/3803/3803 3802/3802/3802 3801/3801/3801
f 3801/3801/3801 3802/3802/3802 3804/3804/3804
f 3807/3807/3807 3806/3806/3806 3805/3805/3805
f 3805/3805/3805 3806/3806/3806 3808/3808/3808
f 3811/3811/3811 3810/3810/3810 3809/3809/3809
f 3809/3809/3809 3810/3810/3810 3812/3812/3812
f 3815/3815/3815 3814/3814/3814 3813/3813/3813
f 3813/3813/3813 3814/3814/3814 3816/3816/3816
f 3819/3819/3819 3818/3818/3818 3817/3817/3817
f 3817/3817/3817 3818/3818/3818 3820/3820/3820
f 3823/3823/3823 3822/3822/3822 3821/3821/3821
f 3821/3821/3821 3822/3822/3822 3824/3824/3824
f 3827/3827/3827 3826/3826/3826 3825/3825/3825
f 3826/3826/3826 3827/3827/3827 3828/3828/3828
f 3831/3831/3831 3830/3830/3830 3829/3829/3829
f 3831/3831/3831 3829/3829/3829 3832/3832/3832
f 3835/3835/3835 3834/3834/3834 3833/3833/3833
f 3834/3834/3834 3835/3835/3835 3836/3836/3836
f 3839/3839/3839 3838/3838/3838 3837/3837/3837
f 3837/3837/3837 3838/3838/3838 3840/3840/3840
f 3843/3843/3843 3842/3842/3842 3841/3841/3841
f 3841/3841/3841 3842/3842/3842 3844/3844/3844
f 3847/3847/3847 3846/3846/3846 3845/3845/3845
f 3845/3845/3845 3846/3846/3846 3848/3848/3848
f 3851/3851/3851 3850/3850/3850 3849/3849/3849
f 3849/3849/3849 3850/3850/3850 3852/3852/3852
f 3855/3855/3855 3854/3854/3854 3853/3853/3853
f 3853/3853/3853 3854/3854/3854 3856/3856/3856
f 3859/3859/3859 3858/3858/3858 3857/3857/3857
f 3858/3858/3858 3859/3859/3859 3860/3860/3860
f 3863/3863/3863 3862/3862/3862 3861/3861/3861
f 3861/3861/3861 3862/3862/3862 3864/3864/3864
f 3867/3867/3867 3866/3866/3866 3865/3865/3865
f 3865/3865/3865 3866/3866/3866 3868/3868/3868
f 3871/3871/3871 3870/3870/3870 3869/3869/3869
f 3869/3869/3869 3870/3870/3870 3872/3872/3872
f 3875/3875/3875 3874/3874/3874 3873/3873/3873
f 3873/3873/3873 3874/3874/3874 3876/3876/3876
f 3879/3879/3879 3878/3878/3878 3877/3877/3877
f 3877/3877/3877 3878/3878/3878 3880/3880/3880
f 3883/3883/3883 3882/3882/3882 3881/3881/3881
f 3883/3883/3883 3881/3881/3881 3884/3884/3884
f 3887/3887/3887 3886/3886/3886 3885/3885/3885
f 3885/3885/3885 3886/3886/3886 3888/3888/3888
f 3891/3891/3891 3890/3890/3890 3889/3889/3889
f 3889/3889/3889 3890/3890/3890 3892/3892/3892
f 3895/3895/3895 3894/3894/3894 3893/3893/3893
f 3893/3893/3893 3894/3894/3894 3896/3896/3896
f 3899/3899/3899 3898/3898/3898 3897/3897/3897
f 3897/3897/3897 3898/3898/3898 3900/3900/3900
f 3903/3903/3903 3902/3902/3902 3901/3901/3901
f 3901/3901/3901 3902/3902/3902 3904/3904/3904
f 3907/3907/3907 3906/3906/3906 3905/3905/3905
f 3905/3905/3905 3906/3906/3906 3908/3908/3908
f 3911/3911/3911 3910/3910/3910 3909/3909/3909
f 3909/3909/3909 3910/3910/3910 3912/3912/3912
f 3915/3915/3915 3914/3914/3914 3913/3913/3913
f 3913/3913/3913 3914/3914/3914 3916/3916/3916
f 3919/3919/3919 3918/3918/3918 3917/3917/3917
f 3919/3919/3919 3917/3917/3917 3920/3920/3920
f 3923/3923/3923 3922/3922/3922 3921/3921/3921
f 3921/3921/3921 3922/3922/3922 3924/3924/3924
f 3927/3927/3927 3926/3926/3926 3925/3925/3925
f 3925/3925/3925 3926/3926/3926 3928/3928/3928
f 3931/3931/3931 3930/3930/3930 3929/3929/3929
f 3929/3929/3929 3930/3930/3930 3932/3932/3932
f 3935/3935/3935 3934/3934/3934 3933/3933/3933
f 3933/3933/3933 3934/3934/3934 3936/3936/3936
f 3939/3939/3939 3938/3938/3938 3937/3937/3937
f 3937/3937/3937 3938/3938/3938 3940/3940/3940
f 3943/3943/3943 3942/3942/3942 3941/3941/3941
f 3941/3941/3941 3942/3942/3942 3944/3944/3944
f 3947/3947/3947 3946/3946/3946 3945/3945/3945
f 3945/3945/3945 3946/3946/3946 3948/3948/3948
f 3951/3951/3951 3950/3950/3950 3949/3949/3949
f 3951/3951/3951 3949/3949/3949 3952/3952/3952
f 3955/3955/3955 3954/3954/3954 3953/3953/3953
f 3953/3953/3953 3954/3954/3954 3956/3956/3956
f 3959/3959/3959 3958/3958/3958 3957/3957/3957
f 3957/3957/3957 3958/3958/3958 3960/3960/3960
f 3963/3963/3963 3962/3962/3962 3961/3961/3961
f 3961/3961/3961 3962/3962/3962 3964/3964/3964
f 3967/3967/3967 3966/3966/3966 3965/3965/3965
f 3965/3965/3965 3966/3966/3966 3968/3968/3968
f 3971/3971/3971 3970/3970/3970 3969/3969/3969
f 3972/3972/3972 3969/3969/3969 3970/3970/3970
f 3975/3975/3975 3974/3974/3974 3973/3973/3973
f 3973/3973/3973 3974/3974/3974 3976/3976/3976
f 3979/3979/3979 3978/3978/3978 3977/3977/3977
f 3977/3977/3977 3978/3978/3978 3980/3980/3980
f 3983/3983/3983 3982/3982/3982 3981/3981/3981
f 3981/3981/3981 3982/3982/3982 3984/3984/3984
f 3987/3987/3987 3986/3986/3986 3985/3985/3985
f 3985/3985/3985 3986/3986/3986 3988/3988/3988
f 3991/3991/3991 3990/3990/3990 3989/3989/3989
f 3992/3992/3992 3991/3991/3991 3989/3989/3989
f 3993/3993/3993 3992/3992/3992 3989/3989/3989
f 3994/3994/3994 3992/3992/3992 3993/3993/3993
f 3997/3997/3997 3996/3996/3996 3995/3995/3995
f 3995/3995/3995 3996/3996/3996 3998/3998/3998
f 4001/4001/4001 4000/4000/4000 3999/3999/3999
f 3999/3999/3999 4000/4000/4000 4002/4002/4002
f 4005/4005/4005 4004/4004/4004 4003/4003/4003
f 4003/4003/4003 4004/4004/4004 4006/4006/4006
f 4009/4009/4009 4008/4008/4008 4007/4007/4007
f 4008/4008/4008 4009/4009/4009 4010/4010/4010
f 4013/4013/4013 4012/4012/4012 4011/4011/4011
f 4011/4011/4011 4012/4012/4012 4014/4014/4014
f 4017/4017/4017 4016/4016/4016 4015/4015/4015
f 4015/4015/4015 4016/4016/4016 4018/4018/4018
f 4021/4021/4021 4020/4020/4020 4019/4019/4019
f 4019/4019/4019 4020/4020/4020 4022/4022/4022
f 4025/4025/4025 4024/4024/4024 4023/4023/4023
f 4023/4023/4023 4024/4024/4024 4026/4026/4026
f 4029/4029/4029 4028/4028/4028 4027/4027/4027
f 4027/4027/4027 4028/4028/4028 4030/4030/4030
f 4033/4033/4033 4032/4032/4032 4031/4031/4031
f 4031/4031/4031 4032/4032/4032 4034/4034/4034
f 4037/4037/4037 4036/4036/4036 4035/4035/4035
f 4035/4035/4035 4036/4036/4036 4038/4038/4038
f 4041/4041/4041 4040/4040/4040 4039/4039/4039
f 4042/4042/4042 4041/4041/4041 4039/4039/4039
f 4045/4045/4045 4044/4044/4044 4043/4043/4043
f 4043/4043/4043 4044/4044/4044 4046/4046/4046
f 4049/4049/4049 4048/4048/4048 4047/4047/4047
f 4050/4050/4050 4049/4049/4049 4047/4047/4047
f 4051/4051/4051 4049/4049/4049 4050/4050/4050
f 4054/4054/4054 4053/4053/4053 4052/4052/4052
f 4052/4052/4052 4053/4053/4053 4055/4055/4055
f 4058/4058/4058 4057/4057/4057 4056/4056/4056
f 4056/4056/4056 4057/4057/4057 4059/4059/4059
f 4062/4062/4062 4061/4061/4061 4060/4060/4060
f 4060/4060/4060 4061/4061/4061 4063/4063/4063
f 4066/4066/4066 4065/4065/4065 4064/4064/4064
f 4064/4064/4064 4065/4065/4065 4067/4067/4067
f 4070/4070/4070 4069/4069/4069 4068/4068/4068
f 4068/4068/4068 4069/4069/4069 4071/4071/4071
f 4074/4074/4074 4073/4073/4073 4072/4072/4072
f 4072/4072/4072 4073/4073/4073 4075/4075/4075
f 4078/4078/4078 4077/4077/4077 4076/4076/4076
f 4076/4076/4076 4077/4077/4077 4079/4079/4079
f 4082/4082/4082 4081/4081/4081 4080/4080/4080
f 4083/4083/4083 4080/4080/4080 4081/4081/4081
f 4086/4086/4086 4085/4085/4085 4084/4084/4084
f 4084/4084/4084 4085/4085/4085 4087/4087/4087
f 4090/4090/4090 4089/4089/4089 4088/4088/4088
f 4088/4088/4088 4089/4089/4089 4091/4091/4091
f 4094/4094/4094 4093/4093/4093 4092/4092/4092
f 4092/4092/4092 4093/4093/4093 4095/4095/4095
f 4098/4098/4098 4097/4097/4097 4096/4096/4096
f 4097/4097/4097 4098/4098/4098 4099/4099/4099
f 4102/4102/4102 4101/4101/4101 4100/4100/4100
f 4100/4100/4100 4101/4101/4101 4103/4103/4103
f 4106/4106/4106 4105/4105/4105 4104/4104/4104
f 4104/4104/4104 4105/4105/4105 4107/4107/4107
f 4110/4110/4110 4109/4109/4109 4108/4108/4108
f 4108/4108/4108 4109/4109/4109 4111/4111/4111
f 4114/4114/4114 4113/4113/4113 4112/4112/4112
f 4112/4112/4112 4113/4113/4113 4115/4115/4115
f 4118/4118/4118 4117/4117/4117 4116/4116/4116
f 4116/4116/4116 4117/4117/4117 4119/4119/4119
f 4122/4122/4122 4121/4121/4121 4120/4120/4120
f 4120/4120/4120 4121/4121/4121 4123/4123/4123
f 4126/4126/4126 4125/4125/4125 4124/4124/4124
f 4124/4124/4124 4125/4125/4125 4127/4127/4127
f 4130/4130/4130 4129/4129/4129 4128/4128/4128
f 4128/4128/4128 4129/4129/4129 4131/4131/4131
f 4134/4134/4134 4133/4133/4133 4132/4132/4132
f 4132/4132/4132 4133/4133/4133 4135/4135/4135
f 4138/4138/4138 4137/4137/4137 4136/4136/4136
f 4136/4136/4136 4137/4137/4137 4139/4139/4139
f 4142/4142/4142 4141/4141/4141 4140/4140/4140
f 4140/4140/4140 4141/4141/4141 4143/4143/4143
f 4146/4146/4146 4145/4145/4145 4144/4144/4144
f 4144/4144/4144 4145/4145/4145 4147/4147/4147
f 4150/4150/4150 4149/4149/4149 4148/4148/4148
f 4148/4148/4148 4149/4149/4149 4151/4151/4151
f 4154/4154/4154 4153/4153/4153 4152/4152/4152
f 4152/4152/4152 4153/4153/4153 4155/4155/4155
f 4158/4158/4158 4157/4157/4157 4156/4156/4156
f 4156/4156/4156 4157/4157/4157 4159/4159/4159
f 4162/4162/4162 4161/4161/4161 4160/4160/4160
f 4160/4160/4160 4161/4161/4161 4163/4163/4163
f 4166/4166/4166 4165/4165/4165 4164/4164/4164
f 4164/4164/4164 4165/4165/4165 4167/4167/4167
f 4170/4170/4170 4169/4169/4169 4168/4168/4168
f 4168/4168/4168 4169/4169/4169 4171/4171/4171
f 4174/4174/4174 4173/4173/4173 4172/4172/4172
f 4172/4172/4172 4173/4173/4173 4175/4175/4175
f 4178/4178/4178 4177/4177/4177 4176/4176/4176
f 4176/4176/4176 4177/4177/4177 4179/4179/4179
f 4182/4182/4182 4181/4181/4181 4180/4180/4180
f 4180/4180/4180 4181/4181/4181 4183/4183/4183
f 4186/4186/4186 4185/4185/4185 4184/4184/4184
f 4184/4184/4184 4185/4185/4185 4187/4187/4187
f 4190/4190/4190 4189/4189/4189 4188/4188/4188
f 4188/4188/4188 4189/4189/4189 4191/4191/4191
f 4194/4194/4194 4193/4193/4193 4192/4192/4192
f 4192/4192/4192 4193/4193/4193 4195/4195/4195
f 4198/4198/4198 4197/4197/4197 4196/4196/4196
f 4196/4196/4196 4197/4197/4197 4199/4199/4199
f 4202/4202/4202 4201/4201/4201 4200/4200/4200
f 4200/4200/4200 4201/4201/4201 4203/4203/4203
f 4206/4206/4206 4205/4205/4205 4204/4204/4204
f 4204/4204/4204 4205/4205/4205 4207/4207/4207
f 4210/4210/4210 4209/4209/4209 4208/4208/4208
f 4208/4208/4208 4209/4209/4209 4211/4211/4211
f 4214/4214/4214 4213/4213/4213 4212/4212/4212
f 4212/4212/4212 4213/4213/4213 4215/4215/4215
f 4218/4218/4218 4217/4217/4217 4216/4216/4216
f 4216/4216/4216 4217/4217/4217 4219/4219/4219
f 4222/4222/4222 4221/4221/4221 4220/4220/4220
f 4221/4221/4221 4222/4222/4222 4223/4223/4223
f 4224/4224/4224 4223/4223/4223 4222/4222/4222
f 4225/4225/4225 4223/4223/4223 4224/4224/4224
f 4228/4228/4228 4227/4227/4227 4226/4226/4226
f 4226/4226/4226 4227/4227/4227 4229/4229/4229
f 4232/4232/4232 4231/4231/4231 4230/4230/4230
f 4230/4230/4230 4231/4231/4231 4233/4233/4233
f 4236/4236/4236 4235/4235/4235 4234/4234/4234
f 4234/4234/4234 4235/4235/4235 4237/4237/4237
f 4240/4240/4240 4239/4239/4239 4238/4238/4238
f 4238/4238/4238 4239/4239/4239 4241/4241/4241
f 4244/4244/4244 4243/4243/4243 4242/4242/4242
f 4242/4242/4242 4243/4243/4243 4245/4245/4245
f 4248/4248/4248 4247/4247/4247 4246/4246/4246
f 4246/4246/4246 4247/4247/4247 4249/4249/4249
f 4252/4252/4252 4251/4251/4251 4250/4250/4250
f 4250/4250/4250 4251/4251/4251 4253/4253/4253
f 4256/4256/4256 4255/4255/4255 4254/4254/4254
f 4254/4254/4254 4255/4255/4255 4257/4257/4257
f 4260/4260/4260 4259/4259/4259 4258/4258/4258
f 4258/4258/4258 4259/4259/4259 4261/4261/4261
f 4264/4264/4264 4263/4263/4263 4262/4262/4262
f 4262/4262/4262 4263/4263/4263 4265/4265/4265
f 4268/4268/4268 4267/4267/4267 4266/4266/4266
f 4267/4267/4267 4268/4268/4268 4269/4269/4269
f 4270/4270/4270 4269/4269/4269 4268/4268/4268
f 4271/4271/4271 4269/4269/4269 4270/4270/4270
f 4274/4274/4274 4273/4273/4273 4272/4272/4272
f 4272/4272/4272 4273/4273/4273 4275/4275/4275
f 4278/4278/4278 4277/4277/4277 4276/4276/4276
f 4276/4276/4276 4277/4277/4277 4279/4279/4279
f 4282/4282/4282 4281/4281/4281 4280/4280/4280
f 4280/4280/4280 4281/4281/4281 4283/4283/4283
f 4286/4286/4286 4285/4285/4285 4284/4284/4284
f 4284/4284/4284 4285/4285/4285 4287/4287/4287
f 4290/4290/4290 4289/4289/4289 4288/4288/4288
f 4288/4288/4288 4289/4289/4289 4291/4291/4291
f 4294/4294/4294 4293/4293/4293 4292/4292/4292
f 4292/4292/4292 4293/4293/4293 4295/4295/4295
f 4298/4298/4298 4297/4297/4297 4296/4296/4296
f 4296/4296/4296 4297/4297/4297 4299/4299/4299
f 4302/4302/4302 4301/4301/4301 4300/4300/4300
f 4300/4300/4300 4301/4301/4301 4303/4303/4303
f 4306/4306/4306 4305/4305/4305 4304/4304/4304
f 4304/4304/4304 4305/4305/4305 4307/4307/4307
f 4310/4310/4310 4309/4309/4309 4308/4308/4308
f 4308/4308/4308 4309/4309/4309 4311/4311/4311
f 4314/4314/4314 4313/4313/4313 4312/4312/4312
f 4312/4312/4312 4313/4313/4313 4315/4315/4315
f 4318/4318/4318 4317/4317/4317 4316/4316/4316
f 4316/4316/4316 4317/4317/4317 4319/4319/4319
f 4322/4322/4322 4321/4321/4321 4320/4320/4320
f 4320/4320/4320 4321/4321/4321 4323/4323/4323
f 4326/4326/4326 4325/4325/4325 4324/4324/4324
f 4324/4324/4324 4325/4325/4325 4327/4327/4327
f 4330/4330/4330 4329/4329/4329 4328/4328/4328
f 4328/4328/4328 4329/4329/4329 4331/4331/4331
f 4334/4334/4334 4333/4333/4333 4332/4332/4332
f 4332/4332/4332 4333/4333/4333 4335/4335/4335
f 4338/4338/4338 4337/4337/4337 4336/4336/4336
f 4336/4336/4336 4337/4337/4337 4339/4339/4339
f 4342/4342/4342 4341/4341/4341 4340/4340/4340
f 4340/4340/4340 4341/4341/4341 4343/4343/4343
f 4346/4346/4346 4345/4345/4345 4344/4344/4344
f 4344/4344/4344 4345/4345/4345 4347/4347/4347
f 4350/4350/4350 4349/4349/4349 4348/4348/4348
f 4348/4348/4348 4349/4349/4349 4351/4351/4351
f 4354/4354/4354 4353/4353/4353 4352/4352/4352
f 4352/4352/4352 4353/4353/4353 4355/4355/4355
f 4358/4358/4358 4357/4357/4357 4356/4356/4356
f 4359/4359/4359 4357/4357/4357 4358/4358/4358
f 4362/4362/4362 4361/4361/4361 4360/4360/4360
f 4360/4360/4360 4361/4361/4361 4363/4363/4363
f 4366/4366/4366 4365/4365/4365 4364/4364/4364
f 4364/4364/4364 4365/4365/4365 4367/4367/4367
f 4370/4370/4370 4369/4369/4369 4368/4368/4368
f 4368/4368/4368 4369/4369/4369 4371/4371/4371
f 4374/4374/4374 4373/4373/4373 4372/4372/4372
f 4372/4372/4372 4373/4373/4373 4375/4375/4375
f 4378/4378/4378 4377/4377/4377 4376/4376/4376
f 4377/4377/4377 4378/4378/4378 4379/4379/4379
f 4382/4382/4382 4381/4381/4381 4380/4380/4380
f 4380/4380/4380 4381/4381/4381 4383/4383/4383
f 4386/4386/4386 4385/4385/4385 4384/4384/4384
f 4384/4384/4384 4385/4385/4385 4387/4387/4387
f 4390/4390/4390 4389/4389/4389 4388/4388/4388
f 4388/4388/4388 4389/4389/4389 4391/4391/4391
f 4394/4394/4394 4393/4393/4393 4392/4392/4392
f 4392/4392/4392 4393/4393/4393 4395/4395/4395
f 4398/4398/4398 4397/4397/4397 4396/4396/4396
f 4396/4396/4396 4397/4397/4397 4399/4399/4399
f 4402/4402/4402 4401/4401/4401 4400/4400/4400
f 4400/4400/4400 4401/4401/4401 4403/4403/4403
f 4406/4406/4406 4405/4405/4405 4404/4404/4404
f 4407/4407/4407 4406/4406/4406 4404/4404/4404
f 4410/4410/4410 4409/4409/4409 4408/4408/4408
f 4408/4408/4408 4409/4409/4409 4411/4411/4411
f 4414/4414/4414 4413/4413/4413 4412/4412/4412
f 4412/4412/4412 4413/4413/4413 4415/4415/4415
f 4418/4418/4418 4417/4417/4417 4416/4416/4416
f 4416/4416/4416 4417/4417/4417 4419/4419/4419
f 4422/4422/4422 4421/4421/4421 4420/4420/4420
f 4420/4420/4420 4421/4421/4421 4423/4423/4423
f 4426/4426/4426 4425/4425/4425 4424/4424/4424
f 4425/4425/4425 4426/4426/4426 4427/4427/4427
f 4430/4430/4430 4429/4429/4429 4428/4428/4428
f 4428/4428/4428 4429/4429/4429 4431/4431/4431
f 4434/4434/4434 4433/4433/4433 4432/4432/4432
f 4432/4432/4432 4433/4433/4433 4435/4435/4435
f 4438/4438/4438 4437/4437/4437 4436/4436/4436
f 4436/4436/4436 4437/4437/4437 4439/4439/4439
f 4442/4442/4442 4441/4441/4441 4440/4440/4440
f 4440/4440/4440 4441/4441/4441 4443/4443/4443
f 4446/4446/4446 4445/4445/4445 4444/4444/4444
f 4444/4444/4444 4445/4445/4445 4447/4447/4447
f 4450/4450/4450 4449/4449/4449 4448/4448/4448
f 4448/4448/4448 4449/4449/4449 4451/4451/4451
f 4454/4454/4454 4453/4453/4453 4452/4452/4452
f 4452/4452/4452 4453/4453/4453 4455/4455/4455
f 4458/4458/4458 4457/4457/4457 4456/4456/4456
f 4456/4456/4456 4457/4457/4457 4459/4459/4459
f 4462/4462/4462 4461/4461/4461 4460/4460/4460
f 4460/4460/4460 4461/4461/4461 4463/4463/4463
f 4466/4466/4466 4465/4465/4465 4464/4464/4464
f 4464/4464/4464 4465/4465/4465 4467/4467/4467
f 4470/4470/4470 4469/4469/4469 4468/4468/4468
f 4470/4470/4470 4471/4471/4471 4469/4469/4469
f 4471/4471/4471 4473/4473/4473 4472/4472/4472
f 4473/4473/4473 4474/4474/4474 4472/4472/4472
f 4475/4475/4475 4474/4474/4474 4473/4473/4473
f 4475/4475/4475 4476/4476/4476 4474/4474/4474
f 4475/4475/4475 4477/4477/4477 4476/4476/4476
f 4478/4478/4478 4476/4476/4476 4477/4477/4477
f 4479/4479/4479 4478/4478/4478 4477/4477/4477
f 4480/4480/4480 4478/4478/4478 4479/4479/4479
f 4481/4481/4481 4479/4479/4479 4477/4477/4477
f 4482/4482/4482 4481/4481/4481 4477/4477/4477
f 4483/4483/4483 4479/4479/4479 4481/4481/4481
f 4484/4484/4484 4479/4479/4479 4483/4483/4483
f 4487/4487/4487 4486/4486/4486 4485/4485/4485
f 4488/4488/4488 4486/4486/4486 4487/4487/4487
f 4491/4491/4491 4490/4490/4490 4489/4489/4489
f 4489/4489/4489 4493/4493/4493 4492/4492/4492
f 4494/4494/4494 4492/4492/4492 4493/4493/4493
f 4495/4495/4495 4492/4492/4492 4494/4494/4494
f 4496/4496/4496 4492/4492/4492 4495/4495/4495
f 4497/4497/4497 4495/4495/4495 4494/4494/4494
f 4497/4497/4497 4494/4494/4494 4498/4498/4498
f 4500/4500/4500 4499/4499/4499 4490/4490/4490
f 4501/4501/4501 4499/4499/4499 4500/4500/4500
f 4502/4502/4502 4501/4501/4501 4500/4500/4500
f 4503/4503/4503 4502/4502/4502 4500/4500/4500
f 4504/4504/4504 4501/4501/4501 4502/4502/4502
f 4505/4505/4505 4501/4501/4501 4504/4504/4504
f 4508/4508/4508 4507/4507/4507 4506/4506/4506
f 4508/4508/4508 4509/4509/4509 4507/4507/4507
f 4512/4512/4512 4511/4511/4511 4510/4510/4510
f 4511/4511/4511 4513/4513/4513 4510/4510/4510
f 4516/4516/4516 4515/4515/4515 4514/4514/4514
f 4515/4515/4515 4517/4517/4517 4514/4514/4514
f 4520/4520/4520 4519/4519/4519 4518/4518/4518
f 4518/4518/4518 4519/4519/4519 4521/4521/4521
f 4521/4521/4521 4519/4519/4519 4522/4522/4522
f 4519/4519/4519 4523/4523/4523 4522/4522/4522
f 4526/4526/4526 4525/4525/4525 4524/4524/4524
f 4524/4524/4524 4525/4525/4525 4527/4527/4527
f 4527/4527/4527 4525/4525/4525 4528/4528/4528
f 4527/4527/4527 4528/4528/4528 4529/4529/4529
f 4530/4530/4530 4529/4529/4529 4528/4528/4528
f 4531/4531/4531 4528/4528/4528 4525/4525/4525
f 4532/4532/4532 4531/4531/4531 4525/4525/4525
f 4535/4535/4535 4534/4534/4534 4533/4533/4533
f 4534/4534/4534 4535/4535/4535 4536/4536/4536
f 4539/4539/4539 4538/4538/4538 4537/4537/4537
f 4539/4539/4539 4540/4540/4540 4538/4538/4538
f 4543/4543/4543 4542/4542/4542 4541/4541/4541
f 4544/4544/4544 4543/4543/4543 4541/4541/4541
f 4544/4544/4544 4545/4545/4545 4543/4543/4543
f 4548/4548/4548 4547/4547/4547 4546/4546/4546
f 4549/4549/4549 4546/4546/4546 4547/4547/4547
f 4552/4552/4552 4551/4551/4551 4550/4550/4550
f 4553/4553/4553 4550/4550/4550 4551/4551/4551
f 4554/4554/4554 4550/4550/4550 4553/4553/4553
f 4554/4554/4554 4553/4553/4553 4555/4555/4555
f 4558/4558/4558 4557/4557/4557 4556/4556/4556
f 4557/4557/4557 4559/4559/4559 4556/4556/4556
f 4562/4562/4562 4561/4561/4561 4560/4560/4560
f 4561/4561/4561 4563/4563/4563 4560/4560/4560
f 4566/4566/4566 4565/4565/4565 4564/4564/4564
f 4565/4565/4565 4567/4567/4567 4564/4564/4564
f 4568/4568/4568 4564/4564/4564 4567/4567/4567
f 4569/4569/4569 4568/4568/4568 4567/4567/4567
f 4572/4572/4572 4571/4571/4571 4570/4570/4570
f 4573/4573/4573 4572/4572/4572 4570/4570/4570
f 4572/4572/4572 4573/4573/4573 4574/4574/4574
f 4574/4574/4574 4573/4573/4573 4575/4575/4575
f 4576/4576/4576 4574/4574/4574 4575/4575/4575
f 4579/4579/4579 4578/4578/4578 4577/4577/4577
f 4580/4580/4580 4578/4578/4578 4579/4579/4579
f 4580/4580/4580 4582/4582/4582 4581/4581/4581
f 4582/4582/4582 4583/4583/4583 4581/4581/4581
f 4582/4582/4582 4580/4580/4580 4584/4584/4584
f 4582/4582/4582 4584/4584/4584 4585/4585/4585
f 4584/4584/4584 4586/4586/4586 4585/4585/4585
f 4585/4585/4585 4586/4586/4586 4587/4587/4587
f 4590/4590/4590 4589/4589/4589 4588/4588/4588
f 4591/4591/4591 4588/4588/4588 4589/4589/4589
f 4594/4594/4594 4593/4593/4593 4592/4592/4592
f 4595/4595/4595 4594/4594/4594 4592/4592/4592
f 4595/4595/4595 4596/4596/4596 4594/4594/4594
f 4594/4594/4594 4596/4596/4596 4597/4597/4597
f 4596/4596/4596 4598/4598/4598 4597/4597/4597
f 4598/4598/4598 4596/4596/4596 4599/4599/4599
f 4599/4599/4599 4600/4600/4600 4598/4598/4598
f 4601/4601/4601 4598/4598/4598 4600/4600/4600
f 4600/4600/4600 4602/4602/4602 4601/4601/4601
f 4601/4601/4601 4602/4602/4602 4603/4603/4603
f 4602/4602/4602 4604/4604/4604 4603/4603/4603
f 4603/4603/4603 4604/4604/4604 4605/4605/4605
f 4605/4605/4605 4604/4604/4604 4606/4606/4606
f 4609/4609/4609 4608/4608/4608 4607/4607/4607
f 4609/4609/4609 4610/4610/4610 4608/4608/4608
f 4613/4613/4613 4612/4612/4612 4611/4611/4611
f 4611/4611/4611 4612/4612/4612 4614/4614/4614
f 4612/4612/4612 4615/4615/4615 4614/4614/4614
f 4614/4614/4614 4615/4615/4615 4616/4616/4616
f 4615/4615/4615 4617/4617/4617 4616/4616/4616
f 4617/4617/4617 4618/4618/4618 4616/4616/4616
f 4619/4619/4619 4618/4618/4618 4617/4617/4617
f 4620/4620/4620 4619/4619/4619 4617/4617/4617
f 4621/4621/4621 4619/4619/4619 4620/4620/4620
f 4620/4620/4620 4622/4622/4622 4621/4621/4621
f 4620/4620/4620 4623/4623/4623 4622/4622/4622
f 4623/4623/4623 4624/4624/4624 4622/4622/4622
f 4622/4622/4622 4624/4624/4624 4625/4625/4625
f 4618/4618/4618 4627/4627/4627 4626/4626/4626
f 4628/4628/4628 4627/4627/4627 4624/4624/4624
f 4628/4628/4628 4626/4626/4626 4627/4627/4627
f 4629/4629/4629 4626/4626/4626 4628/4628/4628
f 4628/4628/4628 4630/4630/4630 4629/4629/4629
f 4629/4629/4629 4630/4630/4630 4631/4631/4631
f 4634/4634/4634 4633/4633/4633 4632/4632/4632
f 4633/4633/4633 4634/4634/4634 4635/4635/4635
f 4636/4636/4636 4633/4633/4633 4635/4635/4635
f 4637/4637/4637 4633/4633/4633 4636/4636/4636
f 4640/4640/4640 4639/4639/4639 4638/4638/4638
f 4639/4639/4639 4641/4641/4641 4638/4638/4638
f 4642/4642/4642 4641/4641/4641 4639/4639/4639
f 4645/4645/4645 4644/4644/4644 4643/4643/4643
f 4645/4645/4645 4646/4646/4646 4644/4644/4644
f 4649/4649/4649 4648/4648/4648 4647/4647/4647
f 4648/4648/4648 4649/4649/4649 4650/4650/4650
f 4651/4651/4651 4650/4650/4650 4649/4649/4649
f 4652/4652/4652 4650/4650/4650 4651/4651/4651
f 4655/4655/4655 4654/4654/4654 4653/4653/4653
f 4653/4653/4653 4656/4656/4656 4655/4655/4655
f 4656/4656/4656 4653/4653/4653 4657/4657/4657
f 4653/4653/4653 4658/4658/4658 4657/4657/4657
f 4653/4653/4653 4659/4659/4659 4658/4658/4658
f 4662/4662/4662 4661/4661/4661 4660/4660/4660
f 4661/4661/4661 4663/4663/4663 4660/4660/4660
f 4664/4664/4664 4660/4660/4660 4663/4663/4663
f 4667/4667/4667 4666/4666/4666 4665/4665/4665
f 4668/4668/4668 4666/4666/4666 4667/4667/4667
f 4669/4669/4669 4668/4668/4668 4667/4667/4667
f 4670/4670/4670 4669/4669/4669 4667/4667/4667
f 4670/4670/4670 4671/4671/4671 4669/4669/4669
f 4669/4669/4669 4671/4671/4671 4672/4672/4672
f 4672/4672/4672 4671/4671/4671 4673/4673/4673
f 4671/4671/4671 4674/4674/4674 4673/4673/4673
f 4673/4673/4673 4674/4674/4674 4675/4675/4675
f 4676/4676/4676 4673/4673/4673 4675/4675/4675
f 4676/4676/4676 4675/4675/4675 4677/4677/4677
f 4677/4677/4677 4678/4678/4678 4676/4676/4676
f 4676/4676/4676 4678/4678/4678 4679/4679/4679
f 4678/4678/4678 4680/4680/4680 4679/4679/4679
f 4680/4680/4680 4678/4678/4678 4681/4681/4681
f 4675/4675/4675 4683/4683/4683 4682/4682/4682
f 4681/4681/4681 4682/4682/4682 4683/4683/4683
f 4682/4682/4682 4681/4681/4681 4684/4684/4684
f 4687/4687/4687 4686/4686/4686 4685/4685/4685
f 4688/4688/4688 4686/4686/4686 4687/4687/4687
f 4689/4689/4689 4688/4688/4688 4687/4687/4687
f 4689/4689/4689 4691/4691/4691 4690/4690/4690
f 4690/4690/4690 4691/4691/4691 4692/4692/4692
f 4689/4689/4689 4690/4690/4690 4693/4693/4693
f 4690/4690/4690 4694/4694/4694 4693/4693/4693
f 4693/4693/4693 4694/4694/4694 4695/4695/4695
f 4698/4698/4698 4697/4697/4697 4696/4696/4696
f 4697/4697/4697 4699/4699/4699 4696/4696/4696
f 4702/4702/4702 4701/4701/4701 4700/4700/4700
f 4702/4702/4702 4703/4703/4703 4701/4701/4701
f 4706/4706/4706 4705/4705/4705 4704/4704/4704
f 4704/4704/4704 4707/4707/4707 4706/4706/4706
f 4707/4707/4707 4709/4709/4709 4708/4708/4708
f 4708/4708/4708 4709/4709/4709 4710/4710/4710
f 4711/4711/4711 4710/4710/4710 4709/4709/4709
f 4711/4711/4711 4709/4709/4709 4712/4712/4712
f 4712/4712/4712 4713/4713/4713 4711/4711/4711
f 4714/4714/4714 4711/4711/4711 4713/4713/4713
f 4713/4713/4713 4715/4715/4715 4714/4714/4714
f 4714/4714/4714 4715/4715/4715 4716/4716/4716
f 4715/4715/4715 4717/4717/4717 4716/4716/4716
f 4717/4717/4717 4715/4715/4715 4718/4718/4718
f 4721/4721/4721 4720/4720/4720 4719/4719/4719
f 4722/4722/4722 4719/4719/4719 4720/4720/4720
f 4725/4725/4725 4724/4724/4724 4723/4723/4723
f 4724/4724/4724 4726/4726/4726 4723/4723/4723
f 4727/4727/4727 4723/4723/4723 4726/4726/4726
f 4728/4728/4728 4727/4727/4727 4726/4726/4726
f 4731/4731/4731 4730/4730/4730 4729/4729/4729
f 4732/4732/4732 4729/4729/4729 4730/4730/4730
f 4732/4732/4732 4733/4733/4733 4729/4729/4729
f 4734/4734/4734 4729/4729/4729 4733/4733/4733
f 4735/4735/4735 4734/4734/4734 4733/4733/4733
f 4736/4736/4736 4734/4734/4734 4735/4735/4735
f 4739/4739/4739 4738/4738/4738 4737/4737/4737
f 4740/4740/4740 4737/4737/4737 4738/4738/4738
f 4741/4741/4741 4740/4740/4740 4738/4738/4738
f 4744/4744/4744 4743/4743/4743 4742/4742/4742
f 4743/4743/4743 4744/4744/4744 4745/4745/4745
f 4743/4743/4743 4745/4745/4745 4746/4746/4746
f 4747/4747/4747 4746/4746/4746 4745/4745/4745
f 4750/4750/4750 4749/4749/4749 4748/4748/4748
f 4749/4749/4749 4751/4751/4751 4748/4748/4748
f 4754/4754/4754 4753/4753/4753 4752/4752/4752
f 4755/4755/4755 4753/4753/4753 4754/4754/4754
f 4756/4756/4756 4755/4755/4755 4754/4754/4754
f 4757/4757/4757 4756/4756/4756 4754/4754/4754
f 4757/4757/4757 4758/4758/4758 4756/4756/4756
f 4758/4758/4758 4759/4759/4759 4756/4756/4756
f 4760/4760/4760 4759/4759/4759 4758/4758/4758
f 4759/4759/4759 4760/4760/4760 4761/4761/4761
f 4761/4761/4761 4762/4762/4762 4759/4759/4759
f 4759/4759/4759 4762/4762/4762 4763/4763/4763
f 4762/4762/4762 4764/4764/4764 4763/4763/4763
f 4766/4766/4766 4764/4764/4764 4765/4765/4765
f 4767/4767/4767 4753/4753/4753 4766/4766/4766
f 4758/4758/4758 4767/4767/4767 4768/4768/4768
f 4768/4768/4768 4767/4767/4767 4766/4766/4766
f 4771/4771/4771 4770/4770/4770 4769/4769/4769
f 4771/4771/4771 4772/4772/4772 4770/4770/4770
f 4775/4775/4775 4774/4774/4774 4773/4773/4773
f 4776/4776/4776 4773/4773/4773 4774/4774/4774
f 4777/4777/4777 4773/4773/4773 4776/4776/4776
f 4778/4778/4778 4773/4773/4773 4777/4777/4777
f 4781/4781/4781 4780/4780/4780 4779/4779/4779
f 4780/4780/4780 4781/4781/4781 4782/4782/4782
f 4785/4785/4785 4784/4784/4784 4783/4783/4783
f 4783/4783/4783 4786/4786/4786 4785/4785/4785
f 4786/4786/4786 4788/4788/4788 4787/4787/4787
f 4787/4787/4787 4788/4788/4788 4789/4789/4789
f 4790/4790/4790 4789/4789/4789 4788/4788/4788
f 4790/4790/4790 4788/4788/4788 4791/4791/4791
f 4791/4791/4791 4792/4792/4792 4790/4790/4790
f 4793/4793/4793 4790/4790/4790 4792/4792/4792
f 4792/4792/4792 4794/4794/4794 4793/4793/4793
f 4793/4793/4793 4794/4794/4794 4795/4795/4795
f 4794/4794/4794 4796/4796/4796 4795/4795/4795
f 4796/4796/4796 4794/4794/4794 4797/4797/4797
f 4800/4800/4800 4799/4799/4799 4798/4798/4798
f 4801/4801/4801 4798/4798/4798 4799/4799/4799
f 4802/4802/4802 4798/4798/4798 4801/4801/4801
f 4803/4803/4803 4798/4798/4798 4802/4802/4802
f 4806/4806/4806 4805/4805/4805 4804/4804/4804
f 4807/4807/4807 4805/4805/4805 4806/4806/4806
f 4806/4806/4806 4808/4808/4808 4807/4807/4807
f 4807/4807/4807 4808/4808/4808 4809/4809/4809
f 4807/4807/4807 4809/4809/4809 4810/4810/4810
f 4811/4811/4811 4809/4809/4809 4808/4808/4808
f 4813/4813/4813 4810/4810/4810 4812/4812/4812
f 4814/4814/4814 4810/4810/4810 4813/4813/4813
f 4815/4815/4815 4814/4814/4814 4813/4813/4813
f 4815/4815/4815 4813/4813/4813 4816/4816/4816
f 4816/4816/4816 4817/4817/4817 4815/4815/4815
f 4815/4815/4815 4817/4817/4817 4818/4818/4818
f 4817/4817/4817 4819/4819/4819 4818/4818/4818
f 4817/4817/4817 4811/4811/4811 4819/4819/4819
f 4819/4819/4819 4811/4811/4811 4820/4820/4820
f 4819/4819/4819 4820/4820/4820 4821/4821/4821
f 4822/4822/4822 4821/4821/4821 4820/4820/4820
f 4823/4823/4823 4821/4821/4821 4822/4822/4822
f 4824/4824/4824 4823/4823/4823 4822/4822/4822
f 4823/4823/4823 4824/4824/4824 4825/4825/4825
f 4828/4828/4828 4827/4827/4827 4826/4826/4826
f 4827/4827/4827 4829/4829/4829 4826/4826/4826
f 3243/3243/3243 4829/4829/4829 4827/4827/4827
f 4830/4830/4830 4829/4829/4829 3243/3243/3243
f 3245/3245/3245 4829/4829/4829 4830/4830/4830
f 4832/4832/4832 4831/4831/4831 3245/3245/3245
f 4832/4832/4832 4833/4833/4833 4831/4831/4831
f 4836/4836/4836 4835/4835/4835 4834/4834/4834
f 4835/4835/4835 4837/4837/4837 4834/4834/4834
f 4837/4837/4837 4838/4838/4838 4834/4834/4834
f 4839/4839/4839 4834/4834/4834 4838/4838/4838
f 4840/4840/4840 4839/4839/4839 4838/4838/4838
f 4841/4841/4841 4839/4839/4839 4840/4840/4840
f 4844/4844/4844 4843/4843/4843 4842/4842/4842
f 4845/4845/4845 4842/4842/4842 4843/4843/4843
f 4846/4846/4846 4842/4842/4842 4845/4845/4845
f 4847/4847/4847 4842/4842/4842 4846/4846/4846
f 4850/4850/4850 4849/4849/4849 4848/4848/4848
f 4851/4851/4851 4848/4848/4848 4849/4849/4849
f 4851/4851/4851 4849/4849/4849 4852/4852/4852
f 4853/4853/4853 4852/4852/4852 4849/4849/4849
f 4854/4854/4854 4852/4852/4852 4853/4853/4853
f 4857/4857/4857 4856/4856/4856 4855/4855/4855
f 4856/4856/4856 4858/4858/4858 4855/4855/4855
f 4858/4858/4858 4859/4859/4859 4855/4855/4855
f 4855/4855/4855 4859/4859/4859 4860/4860/4860
f 4862/4862/4862 4859/4859/4859 4861/4861/4861
f 4863/4863/4863 4862/4862/4862 4861/4861/4861
f 4864/4864/4864 4862/4862/4862 4863/4863/4863
f 4863/4863/4863 4865/4865/4865 4864/4864/4864
f 4865/4865/4865 4863/4863/4863 4856/4856/4856
f 4856/4856/4856 4863/4863/4863 4866/4866/4866
f 4867/4867/4867 4856/4856/4856 4866/4866/4866
f 4867/4867/4867 4866/4866/4866 4868/4868/4868
f 4866/4866/4866 4869/4869/4869 4868/4868/4868
f 4869/4869/4869 4870/4870/4870 4868/4868/4868
f 4868/4868/4868 4870/4870/4870 4871/4871/4871
f 4874/4874/4874 4873/4873/4873 4872/4872/4872
f 4875/4875/4875 4872/4872/4872 4873/4873/4873
f 4876/4876/4876 4875/4875/4875 4873/4873/4873
f 4879/4879/4879 4878/4878/4878 4877/4877/4877
f 4878/4878/4878 4880/4880/4880 4877/4877/4877
f 4881/4881/4881 4877/4877/4877 4880/4880/4880
f 4882/4882/4882 4881/4881/4881 4880/4880/4880
f 4885/4885/4885 4884/4884/4884 4883/4883/4883
f 4886/4886/4886 4883/4883/4883 4884/4884/4884
f 4887/4887/4887 4883/4883/4883 4886/4886/4886
f 4888/4888/4888 4883/4883/4883 4887/4887/4887
f 4891/4891/4891 4890/4890/4890 4889/4889/4889
f 4890/4890/4890 4891/4891/4891 4892/4892/4892
f 4895/4895/4895 4894/4894/4894 4893/4893/4893
f 4895/4895/4895 4896/4896/4896 4894/4894/4894
f 4899/4899/4899 4898/4898/4898 4897/4897/4897
f 4898/4898/4898 4899/4899/4899 4900/4900/4900
f 4901/4901/4901 4898/4898/4898 4900/4900/4900
f 4904/4904/4904 4903/4903/4903 4902/4902/4902
f 4902/4902/4902 4903/4903/4903 4905/4905/4905
f 4908/4908/4908 4907/4907/4907 4906/4906/4906
f 4908/4908/4908 4909/4909/4909 4907/4907/4907
f 4912/4912/4912 4911/4911/4911 4910/4910/4910
f 4911/4911/4911 4912/4912/4912 4913/4913/4913
f 4914/4914/4914 4911/4911/4911 4913/4913/4913
f 4917/4917/4917 4916/4916/4916 4915/4915/4915
f 4915/4915/4915 4916/4916/4916 4918/4918/4918
f 4921/4921/4921 4920/4920/4920 4919/4919/4919
f 4922/4922/4922 4920/4920/4920 4921/4921/4921
f 4925/4925/4925 4924/4924/4924 4923/4923/4923
f 4925/4925/4925 4926/4926/4926 4924/4924/4924
f 4929/4929/4929 4928/4928/4928 4927/4927/4927
f 4928/4928/4928 4929/4929/4929 4930/4930/4930
f 4931/4931/4931 4928/4928/4928 4930/4930/4930
f 4934/4934/4934 4933/4933/4933 4932/4932/4932
f 4935/4935/4935 4933/4933/4933 4934/4934/4934
f 4938/4938/4938 4937/4937/4937 4936/4936/4936
f 4939/4939/4939 4937/4937/4937 4938/4938/4938
f 4939/4939/4939 4938/4938/4938 4940/4940/4940
f 4943/4943/4943 4942/4942/4942 4941/4941/4941
f 4943/4943/4943 4944/4944/4944 4942/4942/4942
f 4945/4945/4945 4942/4942/4942 4944/4944/4944
f 4948/4948/4948 4947/4947/4947 4946/4946/4946
f 4946/4946/4946 4947/4947/4947 4949/4949/4949
f 4952/4952/4952 4951/4951/4951 4950/4950/4950
f 4951/4951/4951 4953/4953/4953 4950/4950/4950
f 4950/4950/4950 4953/4953/4953 4954/4954/4954
f 4957/4957/4957 4956/4956/4956 4955/4955/4955
f 4956/4956/4956 4957/4957/4957 4958/4958/4958
f 4961/4961/4961 4960/4960/4960 4959/4959/4959
f 4961/4961/4961 4962/4962/4962 4960/4960/4960
f 4965/4965/4965 4964/4964/4964 4963/4963/4963
f 4963/4963/4963 4964/4964/4964 4966/4966/4966
f 4967/4967/4967 4966/4966/4966 4964/4964/4964
f 4966/4966/4966 4967/4967/4967 4968/4968/4968
f 4971/4971/4971 4970/4970/4970 4969/4969/4969
f 4969/4969/4969 4970/4970/4970 4972/4972/4972
f 4970/4970/4970 4973/4973/4973 4972/4972/4972
f 4976/4976/4976 4975/4975/4975 4974/4974/4974
f 4975/4975/4975 4976/4976/4976 4977/4977/4977
f 4980/4980/4980 4979/4979/4979 4978/4978/4978
f 4981/4981/4981 4978/4978/4978 4979/4979/4979
f 4984/4984/4984 4983/4983/4983 4982/4982/4982
f 4985/4985/4985 4983/4983/4983 4984/4984/4984
f 4988/4988/4988 4987/4987/4987 4986/4986/4986
f 4986/4986/4986 4987/4987/4987 4989/4989/4989
f 4992/4992/4992 4991/4991/4991 4990/4990/4990
f 4990/4990/4990 4991/4991/4991 4993/4993/4993
f 4996/4996/4996 4995/4995/4995 4994/4994/4994
f 4995/4995/4995 4996/4996/4996 4997/4997/4997
f 5000/5000/5000 4999/4999/4999 4998/4998/4998
f 4998/4998/4998 4999/4999/4999 5001/5001/5001
f 5004/5004/5004 5003/5003/5003 5002/5002/5002
f 5005/5005/5005 5003/5003/5003 5004/5004/5004
f 5008/5008/5008 5007/5007/5007 5006/5006/5006
f 5009/5009/5009 5007/5007/5007 5008/5008/5008
f 5012/5012/5012 5011/5011/5011 5010/5010/5010
f 5012/5012/5012 5013/5013/5013 5011/5011/5011
f 5016/5016/5016 5015/5015/5015 5014/5014/5014
f 5014/5014/5014 5015/5015/5015 5017/5017/5017
f 5015/5015/5015 5018/5018/5018 5017/5017/5017
f 5021/5021/5021 5020/5020/5020 5019/5019/5019
f 5020/5020/5020 5021/5021/5021 5022/5022/5022
f 5025/5025/5025 5024/5024/5024 5023/5023/5023
f 5023/5023/5023 5024/5024/5024 5026/5026/5026
f 5024/5024/5024 5027/5027/5027 5026/5026/5026
f 5030/5030/5030 5029/5029/5029 5028/5028/5028
f 5029/5029/5029 5030/5030/5030 5031/5031/5031
f 5032/5032/5032 5029/5029/5029 5031/5031/5031
f 5035/5035/5035 5034/5034/5034 5033/5033/5033
f 5033/5033/5033 5034/5034/5034 5036/5036/5036
f 5039/5039/5039 5038/5038/5038 5037/5037/5037
f 5040/5040/5040 5037/5037/5037 5038/5038/5038
f 5043/5043/5043 5042/5042/5042 5041/5041/5041
f 5044/5044/5044 5042/5042/5042 5043/5043/5043
f 5047/5047/5047 5046/5046/5046 5045/5045/5045
f 5045/5045/5045 5046/5046/5046 5048/5048/5048
f 5051/5051/5051 5050/5050/5050 5049/5049/5049
f 5049/5049/5049 5050/5050/5050 5052/5052/5052
f 5055/5055/5055 5054/5054/5054 5053/5053/5053
f 5055/5055/5055 5056/5056/5056 5054/5054/5054
f 5059/5059/5059 5058/5058/5058 5057/5057/5057
f 5058/5058/5058 5059/5059/5059 5060/5060/5060
f 5061/5061/5061 5058/5058/5058 5060/5060/5060
f 5064/5064/5064 5063/5063/5063 5062/5062/5062
f 5064/5064/5064 5065/5065/5065 5063/5063/5063
f 5063/5063/5063 5065/5065/5065 5066/5066/5066
f 5069/5069/5069 5068/5068/5068 5067/5067/5067
f 5067/5067/5067 5068/5068/5068 5070/5070/5070
f 5068/5068/5068 5071/5071/5071 5070/5070/5070
f 5074/5074/5074 5073/5073/5073 5072/5072/5072
f 5072/5072/5072 5073/5073/5073 5075/5075/5075
f 5073/5073/5073 5076/5076/5076 5075/5075/5075
f 5079/5079/5079 5078/5078/5078 5077/5077/5077
f 5077/5077/5077 5078/5078/5078 5080/5080/5080
f 5078/5078/5078 5081/5081/5081 5080/5080/5080
f 5084/5084/5084 5083/5083/5083 5082/5082/5082
f 5084/5084/5084 5085/5085/5085 5083/5083/5083
f 5088/5088/5088 5087/5087/5087 5086/5086/5086
f 5088/5088/5088 5089/5089/5089 5087/5087/5087
f 5092/5092/5092 5091/5091/5091 5090/5090/5090
f 5090/5090/5090 5091/5091/5091 5093/5093/5093
f 5091/5091/5091 5094/5094/5094 5093/5093/5093
f 5097/5097/5097 5096/5096/5096 5095/5095/5095
f 5095/5095/5095 5096/5096/5096 5098/5098/5098
f 5096/5096/5096 5099/5099/5099 5098/5098/5098
f 5102/5102/5102 5101/5101/5101 5100/5100/5100
f 5101/5101/5101 5102/5102/5102 5103/5103/5103
f 5101/5101/5101 5103/5103/5103 5104/5104/5104
f 5105/5105/5105 5104/5104/5104 5103/5103/5103
f 5108/5108/5108 5107/5107/5107 5106/5106/5106
f 5107/5107/5107 5108/5108/5108 5109/5109/5109
f 5110/5110/5110 5107/5107/5107 5109/5109/5109
f 5113/5113/5113 5112/5112/5112 5111/5111/5111
f 5113/5113/5113 5114/5114/5114 5112/5112/5112
f 5117/5117/5117 5116/5116/5116 5115/5115/5115
f 5116/5116/5116 5118/5118/5118 5115/5115/5115
f 5119/5119/5119 5115/5115/5115 5118/5118/5118
f 5122/5122/5122 5121/5121/5121 5120/5120/5120
f 5120/5120/5120 5121/5121/5121 5123/5123/5123
f 5126/5126/5126 5125/5125/5125 5124/5124/5124
f 5125/5125/5125 5126/5126/5126 5127/5127/5127
f 5128/5128/5128 5125/5125/5125 5127/5127/5127
f 5131/5131/5131 5130/5130/5130 5129/5129/5129
f 5132/5132/5132 5130/5130/5130 5131/5131/5131
f 5135/5135/5135 5134/5134/5134 5133/5133/5133
f 5135/5135/5135 5136/5136/5136 5134/5134/5134
f 5139/5139/5139 5138/5138/5138 5137/5137/5137
f 5140/5140/5140 5138/5138/5138 5139/5139/5139
f 5140/5140/5140 5139/5139/5139 5141/5141/5141
f 5144/5144/5144 5143/5143/5143 5142/5142/5142
f 5143/5143/5143 5145/5145/5145 5142/5142/5142
f 5142/5142/5142 5145/5145/5145 5146/5146/5146
f 5149/5149/5149 5148/5148/5148 5147/5147/5147
f 5148/5148/5148 5149/5149/5149 5150/5150/5150
f 5151/5151/5151 5148/5148/5148 5150/5150/5150
f 5154/5154/5154 5153/5153/5153 5152/5152/5152
f 5155/5155/5155 5152/5152/5152 5153/5153/5153
f 5158/5158/5158 5157/5157/5157 5156/5156/5156
f 5159/5159/5159 5157/5157/5157 5158/5158/5158
f 5159/5159/5159 5158/5158/5158 5160/5160/5160
f 5163/5163/5163 5162/5162/5162 5161/5161/5161
f 5161/5161/5161 5162/5162/5162 5164/5164/5164
f 5167/5167/5167 5166/5166/5166 5165/5165/5165
f 5168/5168/5168 5166/5166/5166 5167/5167/5167
f 5171/5171/5171 5170/5170/5170 5169/5169/5169
f 5169/5169/5169 5170/5170/5170 5172/5172/5172
f 5175/5175/5175 5174/5174/5174 5173/5173/5173
f 5173/5173/5173 5174/5174/5174 5176/5176/5176
f 5179/5179/5179 5178/5178/5178 5177/5177/5177
f 5180/5180/5180 5178/5178/5178 5179/5179/5179
f 5183/5183/5183 5182/5182/5182 5181/5181/5181
f 5184/5184/5184 5182/5182/5182 5183/5183/5183
f 5187/5187/5187 5186/5186/5186 5185/5185/5185
f 5188/5188/5188 5186/5186/5186 5187/5187/5187
f 5191/5191/5191 5190/5190/5190 5189/5189/5189
f 5189/5189/5189 5190/5190/5190 5192/5192/5192
f 5190/5190/5190 5193/5193/5193 5192/5192/5192
f 5196/5196/5196 5195/5195/5195 5194/5194/5194
f 5197/5197/5197 5195/5195/5195 5196/5196/5196
f 5200/5200/5200 5199/5199/5199 5198/5198/5198
f 5201/5201/5201 5199/5199/5199 5200/5200/5200
f 5204/5204/5204 5203/5203/5203 5202/5202/5202
f 5204/5204/5204 5205/5205/5205 5203/5203/5203
f 5208/5208/5208 5207/5207/5207 5206/5206/5206
f 5207/5207/5207 5209/5209/5209 5206/5206/5206
f 5212/5212/5212 5211/5211/5211 5210/5210/5210
f 5211/5211/5211 5213/5213/5213 5210/5210/5210
f 5216/5216/5216 5215/5215/5215 5214/5214/5214
f 5217/5217/5217 5214/5214/5214 5215/5215/5215
f 5220/5220/5220 5219/5219/5219 5218/5218/5218
f 5221/5221/5221 5219/5219/5219 5220/5220/5220
f 5224/5224/5224 5223/5223/5223 5222/5222/5222
f 5222/5222/5222 5223/5223/5223 5225/5225/5225
f 5228/5228/5228 5227/5227/5227 5226/5226/5226
f 5226/5226/5226 5227/5227/5227 5229/5229/5229
f 5232/5232/5232 5231/5231/5231 5230/5230/5230
f 5233/5233/5233 5231/5231/5231 5232/5232/5232
f 5236/5236/5236 5235/5235/5235 5234/5234/5234
f 5234/5234/5234 5235/5235/5235 5237/5237/5237
f 5240/5240/5240 5239/5239/5239 5238/5238/5238
f 5238/5238/5238 5239/5239/5239 5241/5241/5241
f 5239/5239/5239 5242/5242/5242 5241/5241/5241
f 5245/5245/5245 5244/5244/5244 5243/5243/5243
f 5246/5246/5246 5244/5244/5244 5245/5245/5245
