v -11.499998 6.000002 0.000000
v -11.499998 10.500000 0.000000
v -10.499998 6.000002 0.000000
v -10.499998 5.500002 0.000000
v -10.499998 6.000002 0.000000
v -7.999998 6.000002 0.000000
v -10.499998 6.000002 0.000000
v -11.499998 10.500000 0.000000
v -7.999998 6.000002 0.000000
v -7.999998 5.500002 0.000000
v -10.499998 5.500002 0.000000
v -7.999998 6.000002 0.000000
v -7.000004 -8.499998 0.000001
v -7.000004 -4.999998 4.250000
v -7.000004 -8.499998 4.250000
v -7.000004 -4.999998 -0.000000
v -5.499998 6.000002 1.250000
v 0.000002 5.500002 1.250000
v -5.499998 5.500002 1.250000
v 0.000002 6.000002 1.250000
v -7.924100 -4.408829 2.847350
v -10.642587 -5.108829 2.847350
v -10.642587 -4.408829 2.847350
v -7.924100 -5.108829 2.847350
v -0.092740 10.407082 2.847350
v -0.092740 11.107081 -0.080799
v -0.092740 11.107081 2.847350
v -0.092740 10.407082 -0.080799
v -10.642587 -9.117313 2.847350
v -10.642587 -8.417314 -0.080799
v -10.642587 -8.417314 2.847350
v -10.642587 -9.117313 -0.080799
v -10.642587 -5.108829 2.847350
v -10.642587 -4.408829 -0.080799
v -10.642587 -4.408829 2.847350
v -10.642587 -5.108829 -0.080799
v -7.924100 -8.417314 2.847350
v -10.642587 -9.117313 2.847350
v -10.642587 -8.417314 2.847350
v -7.924100 -9.117313 2.847350
v -10.500004 -8.499998 2.750000
v -10.500004 -8.999998 0.000001
v -10.500004 -8.999998 2.750000
v -10.500004 -8.499998 0.000001
v -11.499998 10.500000 4.250000
v -11.499998 6.000002 0.000000
v -11.499998 6.000002 4.250000
v -11.499998 10.500000 0.000000
v -7.924100 -4.408829 2.847350
v -7.924100 -5.108829 -0.080799
v -7.924100 -5.108829 2.847350
v -7.924100 -4.408829 -0.080799
v -5.500004 -4.499998 1.000000
v -2.500004 -4.999998 1.000000
v -5.500004 -4.999998 1.000000
v -2.500004 -4.499998 1.000000
v 6.499996 -4.500004 1.000000
v 9.499996 -5.000004 1.000000
v 6.499996 -5.000004 1.000000
v 9.499996 -4.500004 1.000000
v 5.499996 -4.500004 1.000000
v 2.499996 -4.999998 1.000000
v 2.499996 -4.499998 1.000000
v 5.499996 -5.000004 1.000000
v -8.000004 -4.999998 2.750000
v -8.000004 -4.499998 -0.000000
v -8.000004 -4.499998 2.750000
v -8.000004 -4.999998 -0.000000
v 10.499996 -4.500004 4.750000
v 10.500010 10.499997 5.750000
v 10.499996 -4.500004 5.750000
v 10.500010 10.499997 4.750000
v -7.999998 5.500002 2.750000
v -7.999998 6.000002 0.000000
v -7.999998 6.000002 2.750000
v -7.999998 5.500002 0.000000
v -10.499998 6.000002 2.750000
v -10.499998 5.500002 0.000000
v -10.499998 5.500002 2.750000
v -10.499998 6.000002 0.000000
v 9.499996 -4.500004 5.750000
v 10.499996 -4.500004 4.750000
v 10.499996 -4.500004 5.750000
v -11.500004 -4.499998 4.750000
v -11.500004 -4.499998 5.750000
v -1.500004 -4.499998 1.500000
v -1.500004 -4.999998 3.750000
v -1.500004 -4.499998 3.750000
v -1.500004 -4.999998 1.000000
v -1.500004 -4.499998 1.000000
v 3.500006 6.000000 4.250000
v 3.500006 10.499998 0.000000
v 3.500006 10.499998 4.250000
v 3.500006 6.000000 0.000000
v 0.000002 10.500000 2.750000
v 0.000002 11.000000 0.000000
v 0.000002 10.500000 0.000000
v 0.000002 11.000000 2.750000
v 2.500002 10.500000 2.750000
v 2.500002 11.000000 0.000000
v 2.500002 11.000000 2.750000
v 2.500002 10.500000 0.000000
v -7.924100 -8.417314 2.847350
v -7.924100 -9.117313 -0.080799
v -7.924100 -9.117313 2.847350
v -7.924100 -8.417314 -0.080799
v -12.500004 -4.999998 4.750000
v -12.500004 -9.499998 4.688602
v -12.500004 -9.499998 4.188602
v -12.500004 -4.999998 5.250000
v -10.500004 -4.999998 2.750000
v -8.000004 -4.499998 2.750000
v -10.500004 -4.499998 2.750000
v -8.000004 -4.999998 2.750000
v -10.500004 -4.499998 2.750000
v -10.500004 -4.999998 -0.000000
v -10.500004 -4.999998 2.750000
v -10.500004 -4.499998 -0.000000
v 4.000006 5.500000 4.250000
v 4.000006 10.499998 0.000000
v 4.000006 5.500000 0.000000
v 4.000006 10.499998 4.250000
v -11.500004 -4.999998 4.250000
v -11.500004 -8.499998 0.000001
v -11.500004 -8.499998 4.250000
v -11.500004 -4.999998 -0.000000
v -10.642587 5.390965 2.847350
v -10.642587 6.090965 -0.080799
v -10.642587 6.090965 2.847350
v -10.642587 5.390965 -0.080799
v -5.499998 6.000002 3.750000
v -5.499998 5.500002 1.250000
v -5.499998 5.500002 3.750000
v -5.499998 6.000002 1.250000
v -7.000004 -8.499998 4.250000
v -11.500004 -4.999998 4.250000
v -11.500004 -8.499998 4.250000
v -7.000004 -4.999998 4.250000
v 9.500010 10.499997 5.750000
v -11.499998 10.500000 4.750000
v -11.499998 10.500000 5.750000
v 10.500010 10.499997 4.750000
v 10.500010 10.499997 5.750000
v 5.499996 -5.000004 3.750000
v 5.499996 -4.500004 1.000000
v 5.499996 -4.500004 3.750000
v 5.499996 -5.000004 1.000000
v 10.499996 -4.500004 4.750000
v -11.499998 10.500000 4.750000
v 10.500010 10.499997 4.750000
v -11.500004 -4.499998 4.750000
v -1.500004 -4.499998 1.000000
v 1.499996 -4.999998 1.000000
v -1.500004 -4.999998 1.000000
v 1.499996 -4.499998 1.000000
v -11.499998 10.500000 4.750000
v -11.500004 -4.499998 5.750000
v -11.499998 10.500000 5.750000
v -11.500004 -4.499998 4.750000
v 1.499996 -4.999998 3.750000
v 1.499996 -4.499998 1.000000
v 1.499996 -4.499998 3.750000
v 1.499996 -4.999998 1.000000
v 10.500010 10.499997 4.250000
v 4.000006 10.499998 0.000000
v 4.000006 10.499998 4.250000
v 10.500010 10.499997 0.000000
v -5.500004 -4.499998 3.750000
v -2.500004 -4.999998 3.750000
v -2.500004 -4.499998 3.750000
v -5.500004 -4.999998 3.750000
v -10.500004 -8.999998 2.750000
v -8.000004 -8.499998 2.750000
v -10.500004 -8.499998 2.750000
v -8.000004 -8.999998 2.750000
v -1.500004 -4.499998 3.750000
v 1.499996 -4.999998 3.750000
v 1.499996 -4.499998 3.750000
v -1.500004 -4.999998 3.750000
v 2.499996 -4.999998 3.750000
v 5.499996 -4.500004 3.750000
v 2.499996 -4.499998 3.750000
v 5.499996 -5.000004 3.750000
v 6.499996 -5.000004 3.750000
v 9.499996 -4.500004 3.750000
v 6.499996 -4.500004 3.750000
v 9.499996 -5.000004 3.750000
v -5.499998 6.000002 3.750000
v 0.000002 5.500002 3.750000
v 0.000002 6.000002 3.750000
v -5.499998 5.500002 3.750000
v 0.000002 10.500000 2.750000
v 2.500002 11.000000 2.750000
v 0.000002 11.000000 2.750000
v 2.500002 10.500000 2.750000
v -10.499998 5.500002 2.750000
v -7.999998 6.000002 2.750000
v -10.499998 6.000002 2.750000
v -7.999998 5.500002 2.750000
v 4.000005 3.000002 1.250000
v -11.500004 3.000002 0.000000
v 4.000005 3.000002 0.000000
v -11.500004 3.000002 1.250000
v 4.000005 2.500002 1.250000
v 4.000005 3.000002 0.000000
v 4.000005 2.500002 0.000000
v 4.000005 3.000002 1.250000
v -11.500004 2.500002 1.250000
v 4.000005 2.500002 0.000000
v -11.500004 2.500002 0.000000
v 4.000005 2.500002 1.250000
v 4.000005 3.000002 1.250000
v -11.500004 2.500002 1.250000
v -11.500004 3.000002 1.250000
v 4.000005 2.500002 1.250000
v 1.397688 -5.099998 1.079941
v 1.397688 -4.399998 3.659140
v 1.397688 -5.099998 3.659140
v 1.397688 -4.399998 1.079941
v -1.410941 -4.399998 1.079941
v -1.410941 -5.099998 3.659140
v -1.410941 -4.399998 3.659140
v -1.410941 -5.099998 1.079941
v 1.397688 -4.399998 1.079941
v -1.410941 -5.099998 1.079941
v -1.410941 -4.399998 1.079941
v 1.397688 -5.099998 1.079941
v -1.629673 -5.099998 3.838317
v 1.575867 -4.399998 3.838317
v 1.575867 -5.099998 3.838317
v -1.629673 -4.399998 3.838317
v -1.410941 -5.099998 3.659140
v 1.397688 -4.399998 3.659140
v -1.410941 -4.399998 3.659140
v 1.397688 -5.099998 3.659140
v -2.591501 -5.099998 1.079941
v -2.591501 -4.399998 3.659140
v -2.591501 -5.099998 3.659140
v -2.591501 -4.399998 1.079941
v -5.400129 -4.399998 1.079941
v -5.400129 -5.099998 3.659140
v -5.400129 -4.399998 3.659140
v -5.400129 -5.099998 1.079941
v -2.591501 -4.399998 1.079941
v -5.400129 -5.099998 1.079941
v -5.400129 -4.399998 1.079941
v -2.591501 -5.099998 1.079941
v -2.413321 -4.399998 3.838317
v -5.618862 -5.099998 3.838317
v -5.618862 -4.399998 3.838317
v -2.413321 -5.099998 3.838317
v -5.400129 -5.099998 3.659140
v -2.591501 -4.399998 3.659140
v -5.400129 -4.399998 3.659140
v -2.591501 -5.099998 3.659140
v -8.000004 -8.999998 2.750000
v -8.000004 -8.499998 0.000001
v -8.000004 -8.499998 2.750000
v -8.000004 -8.999998 0.000001
v 9.549690 -4.399998 0.879941
v 6.344149 -5.099998 0.879941
v 9.549690 -5.099998 0.879941
v 6.344149 -4.399998 0.879941
v 9.371511 -5.099998 1.079941
v 9.371511 -4.399998 3.659140
v 9.371511 -5.099998 3.659140
v 9.371511 -4.399998 1.079941
v 6.562882 -4.399998 1.079941
v 6.562882 -5.099998 3.659140
v 6.562882 -4.399998 3.659140
v 6.562882 -5.099998 1.079941
v 9.371511 -4.399998 1.079941
v 6.562882 -5.099998 1.079941
v 6.562882 -4.399998 1.079941
v 9.371511 -5.099998 1.079941
v 9.549690 -5.099998 3.838317
v 9.371511 -4.399998 3.838317
v 9.549690 -4.399998 3.838317
v 6.344149 -5.099998 3.838317
v 6.344149 -4.399998 3.838317
v 6.562882 -5.099998 3.659140
v 9.371511 -4.399998 3.659140
v 6.562882 -4.399998 3.659140
v 9.371511 -5.099998 3.659140
v 5.560501 -4.399998 0.879941
v 2.354960 -5.099998 0.879941
v 5.560501 -5.099998 0.879941
v 2.354960 -4.399998 0.879941
v 5.382321 -5.099998 1.079941
v 5.382321 -4.399998 3.659140
v 5.382321 -5.099998 3.659140
v 5.382321 -4.399998 1.079941
v 2.573693 -4.399998 1.079941
v 2.573693 -5.099998 3.659140
v 2.573693 -4.399998 3.659140
v 2.573693 -5.099998 1.079941
v 5.382321 -4.399998 1.079941
v 2.573693 -5.099998 1.079941
v 2.573693 -4.399998 1.079941
v 5.382321 -5.099998 1.079941
v 5.560501 -4.399998 3.838317
v 2.354960 -5.099998 3.838317
v 2.354960 -4.399998 3.838317
v 5.560501 -5.099998 3.838317
v 2.573693 -5.099998 3.659140
v 5.382321 -4.399998 3.659140
v 2.573693 -4.399998 3.659140
v 5.382321 -5.099998 3.659140
v -8.102279 -9.117313 -0.080799
v -8.102279 -8.417314 2.668173
v -8.102279 -9.117313 2.668173
v -8.102279 -8.417314 -0.080799
v -7.924100 -9.117313 -0.080799
v -8.102279 -8.417314 -0.080799
v -8.102279 -9.117313 -0.080799
v -7.924100 -8.417314 -0.080799
v -10.423854 -8.417314 -0.080799
v -10.423854 -9.117313 2.668173
v -10.423854 -8.417314 2.668173
v -10.423854 -9.117313 -0.080799
v -10.642587 -8.417314 -0.080799
v -10.423854 -9.117313 -0.080799
v -10.423854 -8.417314 -0.080799
v -10.642587 -9.117313 -0.080799
v -10.423854 -9.117313 2.668173
v -8.102279 -8.417314 2.668173
v -10.423854 -8.417314 2.668173
v -8.102279 -9.117313 2.668173
v -8.102279 -5.108829 -0.080799
v -8.102279 -4.408829 2.668173
v -8.102279 -5.108829 2.668173
v -8.102279 -4.408829 -0.080799
v -7.924100 -5.108829 -0.080799
v -8.102279 -4.408829 -0.080799
v -8.102279 -5.108829 -0.080799
v -7.924100 -4.408829 -0.080799
v -10.423854 -4.408829 -0.080799
v -10.423854 -5.108829 2.668173
v -10.423854 -4.408829 2.668173
v -10.423854 -5.108829 -0.080799
v -10.642587 -4.408829 -0.080799
v -10.423854 -5.108829 -0.080799
v -10.423854 -4.408829 -0.080799
v -10.642587 -5.108829 -0.080799
v -10.423854 -5.108829 2.668173
v -8.102279 -4.408829 2.668173
v -10.423854 -4.408829 2.668173
v -8.102279 -5.108829 2.668173
v -7.924100 6.090965 2.847350
v -7.924100 5.390965 -0.080799
v -7.924100 5.390965 2.847350
v -7.924100 6.090965 -0.080799
v 6.499996 -5.000004 3.750000
v 6.499996 -4.500004 1.000000
v 6.499996 -5.000004 1.000000
v 6.499996 -4.500004 3.750000
v -8.102279 5.390965 -0.080799
v -8.102279 6.090965 2.668173
v -8.102279 5.390965 2.668173
v -8.102279 6.090965 -0.080799
v -7.924100 5.390965 -0.080799
v -8.102279 6.090965 -0.080799
v -8.102279 5.390965 -0.080799
v -7.924100 6.090965 -0.080799
v -10.423854 6.090965 -0.080799
v -10.423854 5.390965 2.668173
v -10.423854 6.090965 2.668173
v -10.423854 5.390965 -0.080799
v -10.642587 6.090965 -0.080799
v -10.423854 5.390965 -0.080799
v -10.423854 6.090965 -0.080799
v -10.642587 5.390965 -0.080799
v -7.924100 6.090965 2.847350
v -10.642587 5.390965 2.847350
v -10.642587 6.090965 2.847350
v -7.924100 5.390965 2.847350
v -10.423854 5.390965 2.668173
v -8.102279 6.090965 2.668173
v -10.423854 6.090965 2.668173
v -8.102279 5.390965 2.668173
v -11.499998 5.500002 4.250000
v -11.500004 -4.499998 -0.000000
v -11.500004 -4.499998 4.250000
v -11.499998 5.500002 0.000000
v 2.499996 -4.499998 1.000000
v 2.499996 -4.999998 3.750000
v 2.499996 -4.499998 3.750000
v 2.499996 -4.999998 1.000000
v 2.625747 11.107081 2.847350
v 2.625747 10.407082 -0.080799
v 2.625747 10.407082 2.847350
v 2.625747 11.107081 -0.080799
v 2.447568 10.407082 -0.080799
v 2.447568 11.107081 2.668173
v 2.447568 10.407082 2.668173
v 2.447568 11.107081 -0.080799
v 2.625747 10.407082 -0.080799
v 2.447568 11.107081 -0.080799
v 2.447568 10.407082 -0.080799
v 2.625747 11.107081 -0.080799
v 0.125993 11.107081 -0.080799
v 0.125993 10.407082 2.668173
v 0.125993 11.107081 2.668173
v 0.125993 10.407082 -0.080799
v -0.092740 11.107081 -0.080799
v 0.125993 10.407082 -0.080799
v 0.125993 11.107081 -0.080799
v -0.092740 10.407082 -0.080799
v -0.092740 10.407082 2.847350
v 2.625747 11.107081 2.847350
v 2.625747 10.407082 2.847350
v -0.092740 11.107081 2.847350
v 0.125993 10.407082 2.668173
v 2.447568 11.107081 2.668173
v 0.125993 11.107081 2.668173
v 2.447568 10.407082 2.668173
v -6.000004 -4.999998 5.250000
v -12.500004 -4.999998 4.750000
v -6.000004 -4.999998 4.750000
v -12.500004 -4.999998 5.250000
v -6.000004 -4.999998 4.750000
v -12.500004 -9.499998 4.188602
v -6.000004 -9.499998 4.188602
v -12.500004 -4.999998 4.750000
v -12.500004 -9.499998 4.688602
v -6.000004 -9.499998 4.188602
v -12.500004 -9.499998 4.188602
v -6.000004 -9.499998 4.688602
v 4.100005 3.100002 1.308367
v -11.500004 3.100002 1.108366
v 4.100005 3.100002 1.108366
v -11.500004 3.100002 1.308367
v 4.100005 2.400002 1.308367
v 4.100005 3.100002 1.108366
v 4.100005 2.400002 1.108366
v 4.100005 3.100002 1.308367
v -11.500004 2.400002 1.308367
v 4.100005 2.400002 1.108366
v -11.500004 2.400002 1.108366
v 4.100005 2.400002 1.308367
v 4.100005 3.100002 1.308367
v -11.500004 2.400002 1.308367
v -11.500004 3.100002 1.308367
v 4.100005 2.400002 1.308367
v 4.100005 2.400002 1.108366
v -11.500004 3.100002 1.108366
v -11.500004 2.400002 1.108366
v 4.100005 3.100002 1.108366
v 0.106636 6.091175 1.308367
v -5.587909 6.091175 1.108366
v 0.106636 6.091175 1.108366
v -5.587909 6.091175 1.308367
v 0.106636 5.391175 1.308367
v 0.106636 6.091175 1.108366
v 0.106636 5.391175 1.108366
v 0.106636 6.091175 1.308367
v -5.587909 5.391175 1.308367
v 0.106636 5.391175 1.108366
v -5.587909 5.391175 1.108366
v 0.106636 5.391175 1.308367
v 0.106636 6.091175 1.308367
v -5.587909 5.391175 1.308367
v -5.587909 6.091175 1.308367
v 0.106636 5.391175 1.308367
v 0.106636 5.391175 1.108366
v -5.587909 6.091175 1.108366
v -5.587909 5.391175 1.108366
v 0.106636 6.091175 1.108366
v -5.587909 5.391175 1.308367
v -5.587909 6.091175 1.108366
v -5.587909 6.091175 1.308367
v -5.587909 5.391175 1.108366
v -12.500004 -9.499998 4.688602
v -6.000004 -4.999998 5.250000
v -6.000004 -9.499998 4.688602
v -12.500004 -4.999998 5.250000
v 1.245831 -5.127752 5.185170
v 1.245831 -5.127752 5.397170
v 1.351831 -5.127752 5.291170
v 1.139831 -5.127752 5.291170
v -6.000004 -9.499998 4.688602
v -6.000004 -4.999998 4.750000
v -6.000004 -9.499998 4.188602
v -6.000004 -4.999998 5.250000
v 0.207831 -5.127752 5.485170
v 0.933831 -4.927752 4.803170
v 0.933831 -5.127751 4.803170
v 0.207831 -4.927752 5.485170
v -0.322169 -4.927752 5.485170
v -0.322169 -5.127752 5.485170
v -0.322169 -5.127751 4.121170
v 0.209831 -4.927751 4.121170
v -0.322169 -4.927751 4.121170
v 0.209831 -5.127751 4.121170
v 0.933831 -4.927752 4.803170
v 0.933831 -5.127751 4.803170
v -0.322169 -5.127752 5.485170
v -0.322169 -4.927751 4.121170
v -0.322169 -4.927752 5.485170
v -0.322169 -5.127751 4.121170
v 0.185831 -5.127751 4.297170
v 0.731831 -4.927752 4.803170
v 0.731831 -5.127751 4.803170
v 0.185831 -4.927751 4.297170
v -0.126169 -4.927751 4.297170
v -0.126169 -5.127751 4.297170
v -0.126169 -5.127752 5.309170
v 0.175831 -4.927752 5.309170
v -0.126169 -4.927752 5.309170
v 0.175831 -5.127752 5.309170
v 0.731831 -5.127751 4.803170
v 0.731831 -4.927752 4.803170
v -0.126169 -5.127752 5.309170
v -0.126169 -4.927751 4.297170
v -0.126169 -5.127751 4.297170
v -0.126169 -4.927752 5.309170
v 1.155831 -5.127752 5.019170
v 1.155831 -4.927751 4.121170
v 1.155831 -4.927752 5.019170
v 1.155831 -5.127751 4.121170
v 1.333831 -5.127752 5.019170
v 1.155831 -4.927752 5.019170
v 1.333831 -4.927752 5.019170
v 1.155831 -5.127752 5.019170
v 1.333831 -5.127752 5.019170
v 1.333831 -4.927751 4.121170
v 1.333831 -5.127751 4.121170
v 1.333831 -4.927752 5.019170
v 1.155831 -5.127751 4.121170
v 1.333831 -4.927751 4.121170
v 1.155831 -4.927751 4.121170
v 1.333831 -5.127751 4.121170
v 1.139831 -5.127752 5.291170
v 1.245831 -4.927752 5.397170
v 1.245831 -5.127752 5.397170
v 1.139831 -4.927752 5.291170
v 1.351831 -5.127752 5.291170
v 1.245831 -4.927752 5.397170
v 1.351831 -4.927752 5.291170
v 1.245831 -5.127752 5.397170
v 1.245831 -5.127752 5.185170
v 1.351831 -4.927752 5.291170
v 1.245831 -4.927752 5.185170
v 1.351831 -5.127752 5.291170
v 1.139831 -5.127752 5.291170
v 1.245831 -4.927752 5.185170
v 1.139831 -4.927752 5.291170
v 1.245831 -5.127752 5.185170
v 2.035831 -5.127752 5.037170
v 1.767831 -4.927752 4.901170
v 2.035831 -4.927752 5.037170
v 1.767831 -5.127752 4.901170
v 1.763831 -4.927752 4.901170
v 1.763831 -5.127752 4.901170
v 2.341831 -5.127751 4.121170
v 2.341831 -4.927752 4.675170
v 2.341831 -4.927751 4.121170
v 2.341831 -5.127751 4.675170
v 2.035831 -4.927752 5.037170
v 2.035831 -5.127752 5.037170
v 2.163831 -5.127751 4.121170
v 2.341831 -4.927751 4.121170
v 2.163831 -4.927751 4.121170
v 2.341831 -5.127751 4.121170
v 1.987831 -5.127752 4.895170
v 2.163831 -4.927752 4.677170
v 1.987831 -4.927752 4.895170
v 2.163831 -5.127751 4.677170
v 2.163831 -4.927751 4.121170
v 2.163831 -5.127751 4.121170
v 1.763831 -5.127751 4.765170
v 1.987831 -4.927752 4.895170
v 1.763831 -4.927752 4.765170
v 1.987831 -5.127752 4.895170
v 1.763831 -5.127751 4.121170
v 1.763831 -4.927752 4.765170
v 1.763831 -4.927751 4.121170
v 1.763831 -5.127751 4.765170
v 1.585831 -5.127751 4.121170
v 1.763831 -4.927751 4.121170
v 1.585831 -4.927751 4.121170
v 1.763831 -5.127751 4.121170
v 1.585831 -5.127752 5.019170
v 1.585831 -4.927751 4.121170
v 1.585831 -4.927752 5.019170
v 1.585831 -5.127751 4.121170
v 1.763831 -5.127752 5.019170
v 1.585831 -4.927752 5.019170
v 1.763831 -4.927752 5.019170
v 1.585831 -5.127752 5.019170
v 1.763831 -5.127752 5.019170
v 1.763831 -4.927752 4.901170
v 1.763831 -5.127752 4.901170
v 1.763831 -4.927752 5.019170
v 2.981831 -5.127751 4.103170
v 2.545831 -4.927752 4.581170
v 2.545831 -5.127751 4.581170
v 2.981831 -4.927751 4.103170
v 2.965831 -5.127752 5.037170
v 2.545831 -4.927752 4.581170
v 2.965831 -4.927752 5.037170
v 2.545831 -5.127751 4.581170
v 2.965831 -5.127752 5.037170
v 3.355831 -4.927752 4.543170
v 3.355831 -5.127751 4.543170
v 2.965831 -4.927752 5.037170
v 2.723831 -5.127751 4.543170
v 3.355831 -4.927752 4.543170
v 2.723831 -4.927752 4.543170
v 3.355831 -5.127751 4.543170
v 3.025831 -5.127751 4.273170
v 2.723831 -4.927752 4.543170
v 3.025831 -4.927751 4.273170
v 2.723831 -5.127751 4.543170
v 3.025831 -5.127751 4.273170
v 3.339831 -4.927751 4.381170
v 3.339831 -5.127751 4.381170
v 3.025831 -4.927751 4.273170
v 3.339831 -5.127751 4.381170
v 3.339831 -4.927751 4.209170
v 3.339831 -5.127751 4.209170
v 3.339831 -4.927751 4.381170
v 3.339831 -5.127751 4.209170
v 2.981831 -4.927751 4.103170
v 2.981831 -5.127751 4.103170
v 3.339831 -4.927751 4.209170
v 2.727831 -5.127751 4.661170
v 2.969831 -4.927752 4.883170
v 2.727831 -4.927752 4.661170
v 2.969831 -5.127752 4.883170
v 3.179831 -5.127751 4.661170
v 2.727831 -4.927752 4.661170
v 3.179831 -4.927752 4.661170
v 2.727831 -5.127751 4.661170
v 3.179831 -5.127751 4.661170
v 2.969831 -4.927752 4.883170
v 2.969831 -5.127752 4.883170
v 3.179831 -4.927752 4.661170
v 4.001831 -5.127752 5.037170
v 3.741831 -4.927752 4.813170
v 4.001831 -4.927752 5.037170
v 3.741831 -5.127751 4.813170
v 3.737831 -4.927752 4.813170
v 3.737831 -5.127751 4.813170
v 4.001831 -5.127752 5.037170
v 4.215831 -4.927752 4.933170
v 4.215831 -5.127752 4.933170
v 4.001831 -4.927752 5.037170
v 4.121831 -5.127751 4.779170
v 4.215831 -4.927752 4.933170
v 4.121831 -4.927752 4.779170
v 4.215831 -5.127752 4.933170
v 3.955831 -5.127752 4.867170
v 4.121831 -4.927752 4.779170
v 3.955831 -4.927752 4.867170
v 4.121831 -5.127751 4.779170
v 3.737831 -5.127751 4.121170
v 3.737831 -4.927752 4.591170
v 3.737831 -4.927751 4.121170
v 3.737831 -5.127751 4.591170
v 3.955831 -5.127752 4.867170
v 3.955831 -4.927752 4.867170
v 3.559831 -5.127751 4.121170
v 3.737831 -4.927751 4.121170
v 3.559831 -4.927751 4.121170
v 3.737831 -5.127751 4.121170
v 3.559831 -5.127752 5.019170
v 3.559831 -4.927751 4.121170
v 3.559831 -4.927752 5.019170
v 3.559831 -5.127751 4.121170
v 3.737831 -5.127752 5.019170
v 3.559831 -4.927752 5.019170
v 3.737831 -4.927752 5.019170
v 3.559831 -5.127752 5.019170
v 3.737831 -5.127752 5.019170
v 3.737831 -4.927752 4.813170
v 3.737831 -5.127751 4.813170
v 3.737831 -4.927752 5.019170
v 1.333831 -5.127751 4.121170
v 1.155831 -5.127752 5.019170
v 1.333831 -5.127752 5.019170
v 1.155831 -5.127751 4.121170
v -10.500004 -4.999998 -0.000000
v -11.500004 -8.499998 0.000001
v -11.500004 -4.999998 -0.000000
v -10.500004 -8.499998 0.000001
v -8.000004 -8.499998 0.000001
v -8.000004 -8.999998 0.000001
v -10.500004 -8.999998 0.000001
v -8.000004 -4.999998 -0.000000
v -7.000004 -4.999998 -0.000000
v -7.000004 -8.499998 0.000001
v -8.000004 -4.499998 -0.000000
v -10.500004 -4.499998 -0.000000
v -10.499998 5.500002 0.000000
v -11.499998 5.500002 0.000000
v -11.500004 -4.499998 -0.000000
v -7.999998 5.500002 0.000000
v -5.500004 -4.499998 -0.000000
v 0.000002 5.500002 0.000000
v 2.499996 -4.499998 -0.000000
v 4.000006 5.500000 0.000000
v 10.499996 -4.500004 -0.000000
v 10.500010 10.499997 0.000000
v 4.000006 10.499998 0.000000
v 3.500006 10.499998 0.000000
v 3.500006 6.000000 0.000000
v 2.500002 10.500000 0.000000
v 0.000002 10.500000 0.000000
v -7.999998 6.000002 0.000000
v -11.499998 10.500000 0.000000
v 0.000002 11.000000 0.000000
v 2.500002 11.000000 0.000000
v -12.000004 -4.999998 4.750000
v -11.999998 11.000000 5.750000
v -12.000004 -4.999998 5.750000
v -11.999995 11.000002 -6.000000
v -12.000002 -8.999999 -6.000000
v -12.000004 -8.999998 0.000001
v -12.000004 -8.999998 4.250000
v -5.618862 -4.399998 0.879941
v -5.618862 -5.099998 3.659140
v -5.618862 -5.099998 0.879941
v -5.618862 -4.399998 3.838317
v -5.618862 -5.099998 3.838317
v -8.000004 -4.999998 -0.000000
v -8.000004 -4.999998 2.750000
v -7.000004 -4.999998 -0.000000
v -7.000004 -4.999998 4.250000
v -10.500004 -4.999998 2.750000
v -11.500004 -4.999998 4.250000
v -11.500004 -4.999998 -0.000000
v -10.500004 -4.999998 -0.000000
v -10.423854 6.090965 -0.080799
v -10.423854 6.090965 2.668173
v -10.642587 6.090965 -0.080799
v -10.642587 6.090965 2.847350
v -7.924100 6.090965 2.847350
v -8.102279 6.090965 2.668173
v -7.924100 6.090965 -0.080799
v -8.102279 6.090965 -0.080799
v 10.499996 -4.500004 1.500000
v 10.500010 10.499997 4.250000
v 10.499996 -4.500004 4.250000
v 10.500010 10.499997 0.000000
v 10.499996 -4.500004 -0.000000
v -10.499998 6.000002 0.000000
v -10.499998 6.000002 2.750000
v -11.499998 6.000002 0.000000
v -11.499998 6.000002 4.250000
v -7.999998 6.000002 2.750000
v -6.999998 6.000002 4.250000
v -5.499998 6.000002 3.750000
v 0.000002 6.000002 3.750000
v -5.499998 6.000002 1.250000
v -7.999998 6.000002 0.000000
v 2.500002 6.000002 4.250000
v 0.000002 6.000002 1.250000
v 0.000002 6.000002 2.750000
v 3.500006 6.000000 0.000000
v 3.500006 6.000000 4.250000
v 0.000002 6.000002 1.250000
v 0.000002 6.000002 2.750000
v 0.000002 5.500002 1.250000
v 0.000002 5.500002 3.750000
v 0.000002 6.000002 3.750000
v 11.000010 10.999997 5.750000
v 9.500010 10.999997 5.750000
v 11.000004 11.000000 -6.000000
v 2.500002 11.000000 0.000000
v 2.500005 11.000002 -6.000000
v 2.500002 11.000000 2.750000
v 2.500002 11.000000 5.750000
v 0.000002 11.000000 2.750000
v -11.999998 11.000000 5.750000
v 0.000002 11.000000 0.000000
v -11.999995 11.000002 -6.000000
v -8.102279 5.390965 -0.080799
v -8.102279 5.390965 2.668173
v -7.924100 5.390965 -0.080799
v -7.924100 5.390965 2.847350
v -10.423854 5.390965 2.668173
v -10.642587 5.390965 2.847350
v -10.642587 5.390965 -0.080799
v -10.423854 5.390965 -0.080799
v 9.499996 -4.500004 1.500000
v 9.499996 -5.000004 1.000000
v 9.499996 -4.500004 1.000000
v 9.499996 -5.000004 2.750000
v 9.499996 -4.500004 3.750000
v 9.499996 -5.000004 3.750000
v 11.000010 10.999997 5.750000
v 10.999996 -5.000004 -0.000000
v 10.999996 -5.000004 5.750000
v 11.000004 11.000000 -6.000000
v 11.000004 -5.000000 -6.000000
v -2.500004 -4.499998 1.000000
v -2.500004 -4.499998 1.500000
v -2.500004 -4.999998 1.000000
v -2.500004 -4.999998 3.750000
v -2.500004 -4.499998 3.750000
v 4.000006 5.500000 4.250000
v 4.000006 5.500000 0.000000
v 2.500002 5.500002 4.250000
v 0.000002 5.500002 1.250000
v 0.000002 5.500002 0.000000
v 0.000002 5.500002 3.750000
v -5.499998 5.500002 1.250000
v -7.999998 5.500002 0.000000
v -5.499998 5.500002 3.750000
v -7.999998 5.500002 2.750000
v -11.499998 5.500002 4.250000
v -10.499998 5.500002 2.750000
v -11.499998 5.500002 0.000000
v -10.499998 5.500002 0.000000
v -5.500004 -4.999998 1.000000
v -5.500004 -4.999998 2.750000
v -5.500004 -4.499998 1.000000
v -5.500004 -4.499998 3.750000
v -5.500004 -4.999998 3.750000
v 2.500002 10.500000 0.000000
v 2.500002 10.500000 2.750000
v 3.500006 10.499998 0.000000
v 3.500006 10.499998 4.250000
v 0.000002 10.500000 2.750000
v -11.499998 10.500000 4.250000
v -11.499998 10.500000 0.000000
v 0.000002 10.500000 0.000000
v 2.354960 -4.399998 0.879941
v 2.354960 -4.399998 3.659140
v 2.354960 -5.099998 0.879941
v 2.354960 -5.099998 3.838317
v 2.354960 -4.399998 3.838317
v -2.413321 -5.099998 0.879941
v -2.413321 -4.399998 3.659140
v -2.413321 -4.399998 0.879941
v -2.413321 -5.099998 3.659140
v -2.413321 -5.099998 3.838317
v -2.413321 -4.399998 3.838317
v -1.500004 -4.499998 4.250000
v -11.499998 5.500002 4.250000
v -11.500004 -4.499998 4.250000
v 2.500002 5.500002 4.250000
v 4.000006 5.500000 4.250000
v 10.499996 -4.500004 4.250000
v 10.500010 10.499997 4.250000
v 4.000006 10.499998 4.250000
v -11.499998 6.000002 4.250000
v -6.999998 6.000002 4.250000
v -11.499998 10.500000 4.250000
v 3.500006 10.499998 4.250000
v 2.500002 6.000002 4.250000
v 3.500006 6.000000 4.250000
v -10.423854 -4.408829 -0.080799
v -10.423854 -4.408829 2.668173
v -10.642587 -4.408829 -0.080799
v -10.642587 -4.408829 2.847350
v -7.924100 -4.408829 2.847350
v -8.102279 -4.408829 2.668173
v -7.924100 -4.408829 -0.080799
v -8.102279 -4.408829 -0.080799
v -7.000004 -8.499998 0.000001
v -8.000004 -8.499998 2.750000
v -8.000004 -8.499998 0.000001
v -7.000004 -8.499998 4.250000
v -10.500004 -8.499998 2.750000
v -11.500004 -8.499998 4.250000
v -11.500004 -8.499998 0.000001
v -10.500004 -8.499998 0.000001
v -12.000004 -4.999998 5.750000
v -6.500004 -4.999998 4.750000
v -12.000004 -4.999998 4.750000
v -2.500004 -4.999998 5.750000
v -5.500004 -4.999998 3.750000
v -6.500004 -4.999998 2.750000
v -5.500004 -4.999998 2.750000
v -5.500004 -4.999998 1.000000
v -6.500004 -4.999998 -0.000000
v -2.500004 -4.999998 1.000000
v -2.500004 -4.999998 3.750000
v -1.500004 -4.999998 1.000000
v -1.500004 -4.999998 3.750000
v 1.499996 -4.999998 1.000000
v -6.500002 -4.999999 -6.000000
v 1.499996 -4.999998 3.750000
v 2.499996 -4.999998 1.000000
v 11.000004 -5.000000 -6.000000
v 2.499996 -4.999998 3.750000
v 9.499996 -5.000004 5.750000
v 5.499996 -5.000004 1.000000
v 5.499996 -5.000004 3.750000
v 6.499996 -5.000004 1.000000
v 10.999996 -5.000004 -0.000000
v 9.499996 -5.000004 1.000000
v 9.499996 -5.000004 2.750000
v 10.999996 -5.000004 5.750000
v 9.499996 -5.000004 3.750000
v 6.499996 -5.000004 3.750000
v -1.629673 -5.099998 0.879941
v -1.410941 -5.099998 0.879941
v -1.629673 -4.399998 0.879941
v 1.575867 -4.399998 0.879941
v 1.575867 -5.099998 0.879941
v -1.629673 -4.399998 0.879941
v -1.629673 -4.399998 3.659140
v -1.629673 -5.099998 0.879941
v -1.629673 -5.099998 3.838317
v -1.629673 -4.399998 3.838317
v -5.618862 -4.399998 0.879941
v -5.618862 -5.099998 0.879941
v -5.400129 -4.399998 0.879941
v -2.413321 -5.099998 0.879941
v -2.413321 -4.399998 0.879941
v 1.575867 -5.099998 0.879941
v 1.575867 -5.099998 1.079941
v 1.575867 -4.399998 0.879941
v 1.575867 -4.399998 3.659140
v 1.575867 -5.099998 3.838317
v 1.575867 -4.399998 3.838317
v 9.549690 -5.099998 0.879941
v 9.549690 -5.099998 1.079941
v 9.549690 -4.399998 0.879941
v 9.549690 -4.399998 3.838317
v 9.549690 -5.099998 3.838317
v 6.344149 -5.099998 0.879941
v 6.344149 -4.399998 0.879941
v 6.344149 -5.099998 1.079941
v 6.344149 -4.399998 3.659140
v 6.344149 -5.099998 3.838317
v 6.344149 -4.399998 3.838317
v -10.500004 -4.499998 -0.000000
v -10.500004 -4.499998 2.750000
v -11.500004 -4.499998 -0.000000
v -11.500004 -4.499998 4.250000
v -8.000004 -4.499998 2.750000
v -5.500004 -4.499998 3.750000
v -1.500004 -4.499998 4.250000
v -5.500004 -4.499998 1.000000
v -8.000004 -4.499998 -0.000000
v -5.500004 -4.499998 -0.000000
v -2.500004 -4.499998 1.000000
v -2.500004 -4.499998 3.750000
v -1.500004 -4.499998 1.000000
v -2.500004 -4.499998 1.500000
v 2.499996 -4.499998 -0.000000
v -1.500004 -4.499998 1.500000
v -1.500004 -4.499998 3.750000
v 1.499996 -4.499998 3.750000
v 1.499996 -4.499998 1.000000
v 2.499996 -4.499998 3.750000
v 2.499996 -4.499998 1.000000
v 5.499996 -4.500004 3.750000
v 5.499996 -4.500004 1.000000
v 10.499996 -4.500004 4.250000
v 6.499996 -4.500004 1.000000
v 10.499996 -4.500004 -0.000000
v 9.499996 -4.500004 1.000000
v 6.499996 -4.500004 3.750000
v 9.499996 -4.500004 3.750000
v 10.499996 -4.500004 1.500000
v 9.499996 -4.500004 1.500000
v -6.500004 -4.999998 2.750000
v -6.500004 -8.999998 4.250000
v -6.500004 -4.999998 4.750000
v -6.500004 -8.999998 0.000001
v -6.500004 -4.999998 -0.000000
v -6.500002 -4.999999 -6.000000
v -6.500002 -8.999999 -6.000000
v 5.560501 -4.399998 3.659140
v 5.560501 -5.099998 3.838317
v 5.560501 -4.399998 3.838317
v 5.560501 -5.099998 3.659140
v 5.560501 -5.099998 1.079941
v 5.560501 -4.399998 0.879941
v 5.560501 -5.099998 0.879941
v -8.102279 -9.117313 2.668173
v -7.924100 -9.117313 -0.080799
v -8.102279 -9.117313 -0.080799
v -7.924100 -9.117313 2.847350
v -10.423854 -9.117313 2.668173
v -10.642587 -9.117313 2.847350
v -10.642587 -9.117313 -0.080799
v -10.423854 -9.117313 -0.080799
v -10.423854 -8.417314 -0.080799
v -10.423854 -8.417314 2.668173
v -10.642587 -8.417314 -0.080799
v -10.642587 -8.417314 2.847350
v -7.924100 -8.417314 2.847350
v -8.102279 -8.417314 2.668173
v -7.924100 -8.417314 -0.080799
v -8.102279 -8.417314 -0.080799
v -8.102279 -5.108829 2.668173
v -7.924100 -5.108829 -0.080799
v -8.102279 -5.108829 -0.080799
v -7.924100 -5.108829 2.847350
v -10.423854 -5.108829 2.668173
v -10.642587 -5.108829 2.847350
v -10.642587 -5.108829 -0.080799
v -10.423854 -5.108829 -0.080799
v 0.125993 11.107081 -0.080799
v 0.125993 11.107081 2.668173
v -0.092740 11.107081 -0.080799
v -0.092740 11.107081 2.847350
v 2.625747 11.107081 2.847350
v 2.447568 11.107081 2.668173
v 2.625747 11.107081 -0.080799
v 2.447568 11.107081 -0.080799
v 2.447568 10.407082 2.668173
v 2.625747 10.407082 -0.080799
v 2.447568 10.407082 -0.080799
v 2.625747 10.407082 2.847350
v 0.125993 10.407082 2.668173
v -0.092740 10.407082 2.847350
v -0.092740 10.407082 -0.080799
v 0.125993 10.407082 -0.080799
v 4.121831 -5.127751 4.779170
v 3.955831 -5.127752 4.867170
v 4.215831 -5.127752 4.933170
v 4.001831 -5.127752 5.037170
v 3.741831 -5.127751 4.813170
v 3.737831 -5.127751 4.591170
v 3.737831 -5.127751 4.813170
v 3.559831 -5.127752 5.019170
v 3.737831 -5.127752 5.019170
v 3.559831 -5.127751 4.121170
v 3.737831 -5.127751 4.121170
v 3.339831 -5.127751 4.209170
v 3.025831 -5.127751 4.273170
v 3.339831 -5.127751 4.381170
v 2.981831 -5.127751 4.103170
v 2.723831 -5.127751 4.543170
v 2.545831 -5.127751 4.581170
v 2.727831 -5.127751 4.661170
v 2.965831 -5.127752 5.037170
v 3.179831 -5.127751 4.661170
v 2.969831 -5.127752 4.883170
v 3.355831 -5.127751 4.543170
v 1.763831 -5.127752 4.901170
v 1.585831 -5.127752 5.019170
v 1.763831 -5.127752 5.019170
v 1.763831 -5.127751 4.765170
v 1.585831 -5.127751 4.121170
v 1.763831 -5.127751 4.121170
v 1.767831 -5.127752 4.901170
v 1.987831 -5.127752 4.895170
v 2.035831 -5.127752 5.037170
v 2.163831 -5.127751 4.677170
v 2.341831 -5.127751 4.675170
v 2.163831 -5.127751 4.121170
v 2.341831 -5.127751 4.121170
v -6.500002 -8.999999 -6.000000
v -8.000004 -8.999998 0.000001
v -6.500004 -8.999998 0.000001
v -12.000002 -8.999999 -6.000000
v -10.500004 -8.999998 0.000001
v -12.000004 -8.999998 0.000001
v -10.500004 -8.999998 2.750000
v -12.000004 -8.999998 4.250000
v -8.000004 -8.999998 2.750000
v -6.500004 -8.999998 4.250000
v 6.344149 -5.099998 3.838317
v 6.562882 -5.099998 3.659140
v 6.344149 -5.099998 1.079941
v 9.549690 -5.099998 3.838317
v 9.371511 -5.099998 3.659140
v 9.549690 -5.099998 1.079941
v 9.371511 -5.099998 1.079941
v 9.549690 -5.099998 0.879941
v 6.562882 -5.099998 1.079941
v 6.344149 -5.099998 0.879941
v 6.344149 -4.399998 0.879941
v 6.562882 -4.399998 1.079941
v 6.344149 -4.399998 3.659140
v 9.549690 -4.399998 0.879941
v 9.371511 -4.399998 1.079941
v 9.549690 -4.399998 3.838317
v 9.371511 -4.399998 3.659140
v 9.371511 -4.399998 3.838317
v 6.562882 -4.399998 3.659140
v 6.344149 -4.399998 3.838317
v -1.629673 -5.099998 0.879941
v -1.410941 -5.099998 1.079941
v -1.410941 -5.099998 0.879941
v -1.629673 -5.099998 3.838317
v -1.410941 -5.099998 3.659140
v 1.575867 -5.099998 3.838317
v 1.397688 -5.099998 3.659140
v 1.575867 -5.099998 1.079941
v 1.397688 -5.099998 1.079941
v 1.575867 -5.099998 0.879941
v -5.400129 -4.399998 0.879941
v -5.400129 -4.399998 1.079941
v -5.618862 -4.399998 0.879941
v -5.618862 -4.399998 3.838317
v -5.400129 -4.399998 3.659140
v -2.413321 -4.399998 3.838317
v -2.591501 -4.399998 3.659140
v -2.413321 -4.399998 3.659140
v -2.591501 -4.399998 1.079941
v -2.413321 -4.399998 0.879941
v -5.618862 -5.099998 3.659140
v -5.618862 -5.099998 3.838317
v -5.400129 -5.099998 3.659140
v -2.413321 -5.099998 3.838317
v -2.591501 -5.099998 3.659140
v -2.413321 -5.099998 3.659140
v -2.591501 -5.099998 1.079941
v -2.413321 -5.099998 0.879941
v -5.400129 -5.099998 1.079941
v -5.618862 -5.099998 0.879941
v -0.322169 -5.127752 5.485170
v 0.207831 -5.127752 5.485170
v -0.126169 -5.127752 5.309170
v -0.322169 -5.127751 4.121170
v 0.175831 -5.127752 5.309170
v -0.126169 -5.127751 4.297170
v 0.933831 -5.127751 4.803170
v 0.731831 -5.127751 4.803170
v 0.209831 -5.127751 4.121170
v 0.185831 -5.127751 4.297170
v 11.000010 10.999997 5.750000
v 10.500010 10.499997 5.750000
v 9.500010 10.999997 5.750000
v 10.999996 -5.000004 5.750000
v 9.500010 10.499997 5.750000
v 10.499996 -4.500004 5.750000
v 2.500002 11.000000 5.750000
v 9.499996 -5.000004 5.750000
v -11.499998 10.500000 5.750000
v 9.499996 -4.500004 5.750000
v -11.999998 11.000000 5.750000
v -2.500004 -4.999998 5.750000
v -11.500004 -4.499998 5.750000
v -12.000004 -4.999998 5.750000
v 5.560501 -4.399998 3.838317
v 2.354960 -4.399998 3.838317
v 2.573693 -4.399998 3.659140
v 2.354960 -4.399998 3.659140
v 5.382321 -4.399998 3.659140
v 5.560501 -4.399998 3.659140
v 5.382321 -4.399998 1.079941
v 5.560501 -4.399998 0.879941
v 2.573693 -4.399998 1.079941
v 2.354960 -4.399998 0.879941
v 2.573693 -5.099998 1.079941
v 2.354960 -5.099998 0.879941
v 2.354960 -5.099998 3.838317
v 5.560501 -5.099998 0.879941
v 2.573693 -5.099998 3.659140
v 5.382321 -5.099998 1.079941
v 5.560501 -5.099998 3.838317
v 5.560501 -5.099998 1.079941
v 5.382321 -5.099998 3.659140
v 5.560501 -5.099998 3.659140
v -1.410941 -4.399998 1.079941
v -1.629673 -4.399998 0.879941
v 1.575867 -4.399998 0.879941
v -1.629673 -4.399998 3.659140
v 1.397688 -4.399998 1.079941
v 1.575867 -4.399998 3.659140
v 1.397688 -4.399998 3.659140
v 1.575867 -4.399998 3.838317
v -1.410941 -4.399998 3.659140
v -1.629673 -4.399998 3.838317
vt 0.619725466 0.328617781
vt 0.620675325 0.328617781
vt 0.578272521 0.310642034
vt 0.0695057511 0.222261518
vt 0.0697260499 0.222261518
vt 0.156248927 0.258246094
vt 0.570945501 0.230377629
vt 0.713529706 0.290823072
vt 0.710335851 0.288349599
vt 0.0695057511 0.221164852
vt 0.0695057511 0.222261518
vt 0.156248927 0.258246094
vt 0.808885157 0.778721809
vt 0.816076517 0.770027041
vt 0.808885157 0.770027041
vt 0.816076577 0.778721809
vt 0.846215308 0.221249402
vt 0.845187962 0.209997356
vt 0.845187962 0.221249402
vt 0.846215308 0.209997356
vt 0.654516876 0.679867923
vt 0.64936322 0.69955945
vt 0.654516876 0.69955945
vt 0.64936322 0.679867923
vt 0.851236463 0.31069845
vt 0.856390178 0.331908703
vt 0.856390178 0.31069845
vt 0.851236463 0.331908703
vt 0.644209445 0.65865767
vt 0.64936316 0.679867923
vt 0.64936316 0.65865767
vt 0.644209445 0.679867923
vt 0.644209445 0.679867923
vt 0.639055789 0.65865767
vt 0.639055789 0.679867923
vt 0.644209445 0.65865767
vt 0.652750731 0.726799488
vt 0.657904446 0.707108021
vt 0.652750731 0.707108021
vt 0.657904446 0.726799488
vt 0.586794615 0.793943465
vt 0.585767269 0.788317382
vt 0.585767269 0.793943465
vt 0.586794615 0.788317382
vt 0.896499395 0.711720943
vt 0.905231774 0.702514648
vt 0.896499395 0.702514648
vt 0.905231774 0.711720943
vt 0.586952806 0.768727541
vt 0.58179909 0.747517288
vt 0.58179909 0.768727541
vt 0.586952806 0.747517288
vt 0.602718353 0.788317382
vt 0.601691008 0.782179892
vt 0.601691008 0.788317382
vt 0.602718353 0.782179892
vt 0.602718353 0.782179892
vt 0.601691008 0.776042402
vt 0.601691008 0.782179892
vt 0.602718353 0.776042402
vt 0.602718353 0.763767421
vt 0.601691008 0.769904912
vt 0.602718353 0.769904912
vt 0.601691008 0.763767421
vt 0.590903938 0.793943465
vt 0.589876592 0.788317382
vt 0.589876592 0.793943465
vt 0.590903938 0.788317382
vt 0.208432257 0.716287494
vt 0.210486948 0.740837455
vt 0.210486948 0.716287494
vt 0.208432257 0.740837455
vt 0.875051856 0.303260297
vt 0.87402451 0.297634214
vt 0.87402451 0.303260297
vt 0.875051856 0.297634214
vt 0.87402451 0.30888626
vt 0.872997165 0.303260297
vt 0.872997165 0.30888626
vt 0.87402451 0.303260297
vt 0.211000621 0.785845757
vt 0.20894593 0.787891626
vt 0.211000621 0.787891626
vt 0.20894593 0.742883325
vt 0.211000621 0.742883325
vt 0.618642211 0.79496628
vt 0.617614865 0.799569428
vt 0.618642211 0.799569428
vt 0.617614865 0.793943465
vt 0.618642211 0.793943465
vt 0.877717137 0.769004226
vt 0.868984759 0.778210402
vt 0.877717137 0.778210402
vt 0.868984759 0.769004226
vt 0.86835134 0.255810201
vt 0.867323995 0.261436164
vt 0.86835134 0.261436164
vt 0.867323995 0.255810201
vt 0.854482293 0.260924757
vt 0.853454947 0.255298793
vt 0.853454947 0.260924757
vt 0.854482293 0.255298793
vt 0.628748357 0.679867923
vt 0.623594642 0.65865767
vt 0.623594642 0.679867923
vt 0.628748357 0.65865767
vt 0.709895551 0.793976068
vt 0.718067527 0.709297776
vt 0.709895551 0.708125949
vt 0.718067467 0.795147896
vt 0.616073847 0.799569428
vt 0.615046501 0.794454873
vt 0.615046501 0.799569428
vt 0.616073847 0.794454873
vt 0.619669557 0.800080955
vt 0.618642211 0.794454873
vt 0.618642211 0.800080955
vt 0.619669557 0.794454873
vt 0.817617595 0.770027041
vt 0.808885157 0.759797931
vt 0.808885157 0.770027041
vt 0.817617595 0.759797931
vt 0.893059492 0.71332705
vt 0.889889419 0.702514648
vt 0.886449575 0.710506439
vt 0.896499395 0.705335259
vt 0.898785889 0.243049085
vt 0.893632174 0.221838832
vt 0.893632174 0.243049085
vt 0.898785889 0.221838832
vt 0.897068799 0.266257703
vt 0.898096144 0.270860732
vt 0.898096144 0.266257703
vt 0.897068799 0.270860732
vt 0.173502564 0.779708266
vt 0.180693984 0.77050209
vt 0.173502564 0.77050209
vt 0.180693984 0.779708266
vt 0.155524075 0.759249926
vt 0.157578766 0.716287553
vt 0.155524075 0.716287553
vt 0.157578766 0.761295795
vt 0.155524075 0.761295795
vt 0.587821901 0.793943465
vt 0.586794555 0.788317382
vt 0.586794555 0.793943465
vt 0.587821901 0.788317382
vt 0.398519367 0.789629996
vt 0.373863131 0.744621754
vt 0.373863131 0.789629996
vt 0.398519367 0.744621694
vt 0.615046501 0.788317382
vt 0.616073847 0.794454873
vt 0.616073847 0.788317382
vt 0.615046501 0.794454873
vt 0.208432257 0.740837455
vt 0.206377566 0.716287494
vt 0.206377566 0.740837455
vt 0.208432257 0.716287494
vt 0.616073847 0.788317382
vt 0.617101192 0.793943465
vt 0.617101192 0.788317382
vt 0.616073847 0.793943465
vt 0.851519942 0.773095846
vt 0.860252321 0.759797931
vt 0.851519942 0.759797931
vt 0.860252321 0.773095846
vt 0.619669557 0.788317382
vt 0.618642211 0.794454873
vt 0.619669557 0.794454873
vt 0.618642211 0.788317382
vt 0.673381448 0.73512578
vt 0.674408793 0.740240395
vt 0.674408793 0.73512578
vt 0.673381448 0.740240395
vt 0.592958629 0.788317382
vt 0.591931283 0.794454873
vt 0.592958629 0.794454873
vt 0.591931283 0.788317382
vt 0.602718353 0.776042402
vt 0.601691008 0.769904912
vt 0.601691008 0.776042402
vt 0.602718353 0.769904912
vt 0.602718353 0.794454873
vt 0.601691008 0.788317382
vt 0.601691008 0.794454873
vt 0.602718353 0.788317382
vt 0.845187962 0.232501447
vt 0.846215308 0.221249402
vt 0.845187962 0.221249402
vt 0.846215308 0.232501447
vt 0.858591676 0.260924757
vt 0.85756433 0.255810201
vt 0.85756433 0.260924757
vt 0.858591676 0.255810201
vt 0.931845784 0.249557227
vt 0.930818439 0.244442612
vt 0.930818439 0.249557227
vt 0.931845784 0.244442612
vt 0.145843148 0.852374077
vt 0.102058887 0.73561573
vt 0.102058887 0.852374077
vt 0.145843148 0.73561573
vt 0.160438061 0.746914983
vt 0.175032854 0.73561573
vt 0.160438061 0.73561573
vt 0.175032854 0.746914983
vt 0.0582745075 0.73561573
vt 0.102058887 0.852374077
vt 0.102058828 0.73561573
vt 0.0582745671 0.852374077
vt 0.568273544 0.800723195
vt 0.582868218 0.683964849
vt 0.568273425 0.683964849
vt 0.582868338 0.800723195
vt 0.659670591 0.680876851
vt 0.654516876 0.69955945
vt 0.659670591 0.69955945
vt 0.654516876 0.680876851
vt 0.652750731 0.768428147
vt 0.657904446 0.749745548
vt 0.652750731 0.749745548
vt 0.657904446 0.768428147
vt 0.565171897 0.74952662
vt 0.560018182 0.769871116
vt 0.565171897 0.769871116
vt 0.560018182 0.74952662
vt 0.637289584 0.728316367
vt 0.632135928 0.751535892
vt 0.637289584 0.751535892
vt 0.632135928 0.728316367
vt 0.554864526 0.74952662
vt 0.560018182 0.769871116
vt 0.560018182 0.74952662
vt 0.554864526 0.769871116
vt 0.663058162 0.730842113
vt 0.657904446 0.749524713
vt 0.663058162 0.749524713
vt 0.657904446 0.730842113
vt 0.664824307 0.680876851
vt 0.659670591 0.69955945
vt 0.664824307 0.69955945
vt 0.659670591 0.680876851
vt 0.565171897 0.769871116
vt 0.570325613 0.74952662
vt 0.565171897 0.74952662
vt 0.570325613 0.769871116
vt 0.632135928 0.728316367
vt 0.626982212 0.751535892
vt 0.632135928 0.751535892
vt 0.626982212 0.728316367
vt 0.612121165 0.767861784
vt 0.606967449 0.747517288
vt 0.606967449 0.767861784
vt 0.612121165 0.747517288
vt 0.590903938 0.799569428
vt 0.589876592 0.793943465
vt 0.589876592 0.799569428
vt 0.590903938 0.793943465
vt 0.628748357 0.679867923
vt 0.633902073 0.703087449
vt 0.633902073 0.679867923
vt 0.628748357 0.703087449
vt 0.663058162 0.708116889
vt 0.657904446 0.726799488
vt 0.663058162 0.726799488
vt 0.657904446 0.708116889
vt 0.664824307 0.660176396
vt 0.659670591 0.678858995
vt 0.664824307 0.678858995
vt 0.659670591 0.660176396
vt 0.545157194 0.74952662
vt 0.540003479 0.769871116
vt 0.545157194 0.769871116
vt 0.540003479 0.74952662
vt 0.621828496 0.728316367
vt 0.626982152 0.729606986
vt 0.626982152 0.728316367
vt 0.621828496 0.751535892
vt 0.626982152 0.751535892
vt 0.580032885 0.769871116
vt 0.574879229 0.74952662
vt 0.574879229 0.769871116
vt 0.580032885 0.74952662
vt 0.626982212 0.705096781
vt 0.632135928 0.728316367
vt 0.632135868 0.705096781
vt 0.626982212 0.728316367
vt 0.663058162 0.749745548
vt 0.657904446 0.768428147
vt 0.663058162 0.768428147
vt 0.657904446 0.749745548
vt 0.659670591 0.660176396
vt 0.654516876 0.678858995
vt 0.659670591 0.678858995
vt 0.654516876 0.660176396
vt 0.621828496 0.747517288
vt 0.616674781 0.767861784
vt 0.621828496 0.767861784
vt 0.616674781 0.747517288
vt 0.626982152 0.705096781
vt 0.621828496 0.728316367
vt 0.626982212 0.728316367
vt 0.621828496 0.705096781
vt 0.545157194 0.74952662
vt 0.55031091 0.769871116
vt 0.55031091 0.74952662
vt 0.545157194 0.769871116
vt 0.632135868 0.751535892
vt 0.626982212 0.771448314
vt 0.632135868 0.771448314
vt 0.626982212 0.751535892
vt 0.539704919 0.748598337
vt 0.53839308 0.74352783
vt 0.53839308 0.748598337
vt 0.539704919 0.74352783
vt 0.647597015 0.749745548
vt 0.642443299 0.76965791
vt 0.647597015 0.76965791
vt 0.642443299 0.749745548
vt 0.580188692 0.733386815
vt 0.58179909 0.738457322
vt 0.58179909 0.733386815
vt 0.580188692 0.738457322
vt 0.657904446 0.768428147
vt 0.663058162 0.785244644
vt 0.663058162 0.768428147
vt 0.657904446 0.785244644
vt 0.652750731 0.706887126
vt 0.647597015 0.726799548
vt 0.652750731 0.726799488
vt 0.647597015 0.706887126
vt 0.581500471 0.74352783
vt 0.580188692 0.738457322
vt 0.580188692 0.74352783
vt 0.581500471 0.738457322
vt 0.647597015 0.76965791
vt 0.652750731 0.749745548
vt 0.647597015 0.749745548
vt 0.652750731 0.76965791
vt 0.53839308 0.728316367
vt 0.540003479 0.733386815
vt 0.540003479 0.728316367
vt 0.53839308 0.733386815
vt 0.612121165 0.78467828
vt 0.606967449 0.767861784
vt 0.606967449 0.78467828
vt 0.612121165 0.767861784
vt 0.888478458 0.221838832
vt 0.893632174 0.243049085
vt 0.893632174 0.221838832
vt 0.888478458 0.243049085
vt 0.587821901 0.793943465
vt 0.588849306 0.788317382
vt 0.587821901 0.788317382
vt 0.588849306 0.793943465
vt 0.9021734 0.31292671
vt 0.897019684 0.332839072
vt 0.9021734 0.332839072
vt 0.897019684 0.31292671
vt 0.841230571 0.311779499
vt 0.839918792 0.306708992
vt 0.839918792 0.311779499
vt 0.841230571 0.306708992
vt 0.912480831 0.293014348
vt 0.907327116 0.31292671
vt 0.912480831 0.31292671
vt 0.907327116 0.293014348
vt 0.839918792 0.291497529
vt 0.841529191 0.296567976
vt 0.841529191 0.291497529
vt 0.839918792 0.296567976
vt 0.914246976 0.223357558
vt 0.909093261 0.243049085
vt 0.914246976 0.243049085
vt 0.909093261 0.223357558
vt 0.876404881 0.331042945
vt 0.881558597 0.347859442
vt 0.881558537 0.331042945
vt 0.876404881 0.347859442
vt 0.860252321 0.774118781
vt 0.868984759 0.759797931
vt 0.860252321 0.759797931
vt 0.868984759 0.774118781
vt 0.591931283 0.793943465
vt 0.590903938 0.799569428
vt 0.591931283 0.799569428
vt 0.590903938 0.793943465
vt 0.861543894 0.31069845
vt 0.86669755 0.331908703
vt 0.86669755 0.31069845
vt 0.861543894 0.331908703
vt 0.886712253 0.314717054
vt 0.881558597 0.334629476
vt 0.886712253 0.334629476
vt 0.881558597 0.314717054
vt 0.799435019 0.306708992
vt 0.798123181 0.301638484
vt 0.798123181 0.306708992
vt 0.799435019 0.301638484
vt 0.897019684 0.314717054
vt 0.891866028 0.334629476
vt 0.897019684 0.334629476
vt 0.891866028 0.314717054
vt 0.799733579 0.301638484
vt 0.798123181 0.296567976
vt 0.798123181 0.301638484
vt 0.799733579 0.296567976
vt 0.917634547 0.293014348
vt 0.912480831 0.312705874
vt 0.917634547 0.312705874
vt 0.912480831 0.293014348
vt 0.917634547 0.348425806
vt 0.912480831 0.331609309
vt 0.912480831 0.348425806
vt 0.917634547 0.331609309
vt 0.701644182 0.831177711
vt 0.693408787 0.708125949
vt 0.693408847 0.831177711
vt 0.701644123 0.708125949
vt 0.6187163 0.708126009
vt 0.693408787 0.831177711
vt 0.693408787 0.708125949
vt 0.6187163 0.831177831
vt 0.701644182 0.708125949
vt 0.709879518 0.831177831
vt 0.709879518 0.708125949
vt 0.701644182 0.831177831
vt 0.626305342 0.882547319
vt 0.624041319 0.818428695
vt 0.624041438 0.882547319
vt 0.626305223 0.818428695
vt 0.633097172 0.821305811
vt 0.635361075 0.824182928
vt 0.635361075 0.821305811
vt 0.633097172 0.824182928
vt 0.626305342 0.818428695
vt 0.628569245 0.882547319
vt 0.628569245 0.818428695
vt 0.626305342 0.882547319
vt 0.584442258 0.882547319
vt 0.597641945 0.818428695
vt 0.584442258 0.818428695
vt 0.597641945 0.882547319
vt 0.571242452 0.882547319
vt 0.584442139 0.818428695
vt 0.571242452 0.818428695
vt 0.584442258 0.882547319
vt 0.918183029 0.187550306
vt 0.920446992 0.210955828
vt 0.920446932 0.187550306
vt 0.918183088 0.210955828
vt 0.924974799 0.190427423
vt 0.922710896 0.187550306
vt 0.922710896 0.190427423
vt 0.924974799 0.187550306
vt 0.920446992 0.187550306
vt 0.922710896 0.210955828
vt 0.922710896 0.187550306
vt 0.920446992 0.210955828
vt 0.900455415 0.210955828
vt 0.913655102 0.187550306
vt 0.900455415 0.187550306
vt 0.913655102 0.210955828
vt 0.887255728 0.210955828
vt 0.900455415 0.187550306
vt 0.887255728 0.187550306
vt 0.900455415 0.210955828
vt 0.922710896 0.196181655
vt 0.924974799 0.193304539
vt 0.922710896 0.193304539
vt 0.924974799 0.196181655
vt 0.61871624 0.708125949
vt 0.544023752 0.831177831
vt 0.6187163 0.831177831
vt 0.544023752 0.708126009
vt 0.652448297 0.681065679
vt 0.649071753 0.684463024
vt 0.652448297 0.684463024
vt 0.649071753 0.681065679
vt 0.718067527 0.880998015
vt 0.709895551 0.796319604
vt 0.709895551 0.882169724
vt 0.718067527 0.795147896
vt 0.640061915 0.725536942
vt 0.644566834 0.709581792
vt 0.640061915 0.709581792
vt 0.644566834 0.725536942
vt 0.644566834 0.73754251
vt 0.640061915 0.73754251
vt 0.640061915 0.680626631
vt 0.644566834 0.692677081
vt 0.644566834 0.680626631
vt 0.640061915 0.692677081
vt 0.644566834 0.709581792
vt 0.640061915 0.709581792
vt 0.640061915 0.711539388
vt 0.635556996 0.680626631
vt 0.635556996 0.711539388
vt 0.640061915 0.680626631
vt 0.623033345 0.729213238
vt 0.618528426 0.741944909
vt 0.623033345 0.741944909
vt 0.618528426 0.729213238
vt 0.618528426 0.722145915
vt 0.623033345 0.722145915
vt 0.624294698 0.722145915
vt 0.628799617 0.728986502
vt 0.628799617 0.722145915
vt 0.624294698 0.728986502
vt 0.624294698 0.741205812
vt 0.628799617 0.741205812
vt 0.608653784 0.711539388
vt 0.604148865 0.734435081
vt 0.608653784 0.734435081
vt 0.604148865 0.711539388
vt 0.613158643 0.731891155
vt 0.608653784 0.711539388
vt 0.608653784 0.731891155
vt 0.613158643 0.711539388
vt 0.649071753 0.740590572
vt 0.645064354 0.745123267
vt 0.649071753 0.745123267
vt 0.645064354 0.740590572
vt 0.649071753 0.689265251
vt 0.644566834 0.709581792
vt 0.649071753 0.709581792
vt 0.644566834 0.689265251
vt 0.613656342 0.747337699
vt 0.617663562 0.742805004
vt 0.613656342 0.742805004
vt 0.617663562 0.747337699
vt 0.653576672 0.684463024
vt 0.649071753 0.686940312
vt 0.653576672 0.686940312
vt 0.649071753 0.684463024
vt 0.653576672 0.689265251
vt 0.649071753 0.686940312
vt 0.649071753 0.689265251
vt 0.653576672 0.686940312
vt 0.656100392 0.7299335
vt 0.653576672 0.734466195
vt 0.656100392 0.734466195
vt 0.653576672 0.7299335
vt 0.653576672 0.693797946
vt 0.655964255 0.689265251
vt 0.653576672 0.689265251
vt 0.655964255 0.693797946
vt 0.640061915 0.738966107
vt 0.635556996 0.732797623
vt 0.635556996 0.738966107
vt 0.640061915 0.732797623
vt 0.635556996 0.732707024
vt 0.640061915 0.732707024
vt 0.628799617 0.722145915
vt 0.633304536 0.734679699
vt 0.633304536 0.722145915
vt 0.628799617 0.734679699
vt 0.633304536 0.742462277
vt 0.628799617 0.742462277
vt 0.629297316 0.746994853
vt 0.633304536 0.742462277
vt 0.629297316 0.742462277
vt 0.633304536 0.746994853
vt 0.653576672 0.709581792
vt 0.649071753 0.704641223
vt 0.649071753 0.709581792
vt 0.653576672 0.704641223
vt 0.649071753 0.692040384
vt 0.653576672 0.692040384
vt 0.640061915 0.73754251
vt 0.644566834 0.742712617
vt 0.644566834 0.73754251
vt 0.640061915 0.742712617
vt 0.594742477 0.745685577
vt 0.590237617 0.73111558
vt 0.590237617 0.745685577
vt 0.594742477 0.73111558
vt 0.609151423 0.746662498
vt 0.613158643 0.742129803
vt 0.609151423 0.742129803
vt 0.613158643 0.746662498
vt 0.618528426 0.731891155
vt 0.614023507 0.711539388
vt 0.614023507 0.731891155
vt 0.618528426 0.711539388
vt 0.623033345 0.741944909
vt 0.619026005 0.746477604
vt 0.623033345 0.746477604
vt 0.619026005 0.741944909
vt 0.653081119 0.720868111
vt 0.65573442 0.725400805
vt 0.65573442 0.720868111
vt 0.653081119 0.725400805
vt 0.640061915 0.711539388
vt 0.635556996 0.722372532
vt 0.640061915 0.722372532
vt 0.635556996 0.711539388
vt 0.640061915 0.732707024
vt 0.635556996 0.722372532
vt 0.635556996 0.732707024
vt 0.640061915 0.722372532
vt 0.649071753 0.7299335
vt 0.644566834 0.740590572
vt 0.649071753 0.740590572
vt 0.644566834 0.7299335
vt 0.599643946 0.73111558
vt 0.604148865 0.745431185
vt 0.604148865 0.73111558
vt 0.599643946 0.745431185
vt 0.599247456 0.737762451
vt 0.594742477 0.73111558
vt 0.594742477 0.737762451
vt 0.599247456 0.73111558
vt 0.599247456 0.737762451
vt 0.594742477 0.744952798
vt 0.599247456 0.744952798
vt 0.594742477 0.737762451
vt 0.656948626 0.714114428
vt 0.653081119 0.709581792
vt 0.653081119 0.714114428
vt 0.656948626 0.709581792
vt 0.644566834 0.689265251
vt 0.649071753 0.6810776
vt 0.644566834 0.6810776
vt 0.649071753 0.689265251
vt 0.604148865 0.734435081
vt 0.608653784 0.740081191
vt 0.608653784 0.734435081
vt 0.604148865 0.740081191
vt 0.608653784 0.731891155
vt 0.613158643 0.742129803
vt 0.613158643 0.731891155
vt 0.608653784 0.742129803
vt 0.635556996 0.743997335
vt 0.640061915 0.738966107
vt 0.635556996 0.738966107
vt 0.640061915 0.743997335
vt 0.613158643 0.736663818
vt 0.617663562 0.742714405
vt 0.617663562 0.736663818
vt 0.613158643 0.742714405
vt 0.617663562 0.742805004
vt 0.613158643 0.742805004
vt 0.613158643 0.736663818
vt 0.617663562 0.731891155
vt 0.613158643 0.731891155
vt 0.617663562 0.736663818
vt 0.653081119 0.718647122
vt 0.656668305 0.714114428
vt 0.653081119 0.714114428
vt 0.656668305 0.718647122
vt 0.656753421 0.725400805
vt 0.653081119 0.7299335
vt 0.656753421 0.7299335
vt 0.653081119 0.725400805
vt 0.653576672 0.747101426
vt 0.649071753 0.736467957
vt 0.649071753 0.747101426
vt 0.653576672 0.736467957
vt 0.653576672 0.7299335
vt 0.649071753 0.7299335
vt 0.640061915 0.747245312
vt 0.644069135 0.742712617
vt 0.640061915 0.742712617
vt 0.644069135 0.747245312
vt 0.649071753 0.7299335
vt 0.644566834 0.709581792
vt 0.644566834 0.7299335
vt 0.649071753 0.709581792
vt 0.624792278 0.745738387
vt 0.628799617 0.741205812
vt 0.624792278 0.741205812
vt 0.628799617 0.745738387
vt 0.604148865 0.744741797
vt 0.608653784 0.740081191
vt 0.604148865 0.740081191
vt 0.608653724 0.744741797
vt 0.653081119 0.709581792
vt 0.649071753 0.7299335
vt 0.653081119 0.7299335
vt 0.649071753 0.709581792
vt 0.160825312 0.221069843
vt 0.153633922 0.223115712
vt 0.160825312 0.223115712
vt 0.153633893 0.221069843
vt 0.153633893 0.215955287
vt 0.152606577 0.215955287
vt 0.152606577 0.221069843
vt 0.160825312 0.215955287
vt 0.160825312 0.213909417
vt 0.153633893 0.213909417
vt 0.161852658 0.215955287
vt 0.161852658 0.221069843
vt 0.176235467 0.221069843
vt 0.176235467 0.223115712
vt 0.161852658 0.223115712
vt 0.176235467 0.215955287
vt 0.161852658 0.210840732
vt 0.176235467 0.199588627
vt 0.161852658 0.194474071
vt 0.176235467 0.191405326
vt 0.161852658 0.178107411
vt 0.186508864 0.178107411
vt 0.186508864 0.191405326
vt 0.713529706 0.280222565
vt 0.710335851 0.280222565
vt 0.713529706 0.280929238
vt 0.713529706 0.282696009
vt 0.710335851 0.288349599
vt 0.713529706 0.290823072
vt 0.713884592 0.282696009
vt 0.713884592 0.280929238
vt 0.183776021 0.695829213
vt 0.18172133 0.669233441
vt 0.18172133 0.695829213
vt 0.205863893 0.669233441
vt 0.205863893 0.704012513
vt 0.193535805 0.704012513
vt 0.184803367 0.704012513
vt 0.642443299 0.706887126
vt 0.647597015 0.727018476
vt 0.647597015 0.706887126
vt 0.642443299 0.728316367
vt 0.647597015 0.728316367
vt 0.877717137 0.766958356
vt 0.872066796 0.766958356
vt 0.877717137 0.769004226
vt 0.868984759 0.769004226
vt 0.872066796 0.761843801
vt 0.868984759 0.759797931
vt 0.877717137 0.759797931
vt 0.877717137 0.761843801
vt 0.863154292 0.31069845
vt 0.863154292 0.290786088
vt 0.861543894 0.31069845
vt 0.861543894 0.289488196
vt 0.881558597 0.289488196
vt 0.880246758 0.290786088
vt 0.881558597 0.31069845
vt 0.880246758 0.31069845
vt 0.827890992 0.757752061
vt 0.833541393 0.782302022
vt 0.833541393 0.757752061
vt 0.824808955 0.782302022
vt 0.824808955 0.757752061
vt 0.919324577 0.700468838
vt 0.913674176 0.700468838
vt 0.919324577 0.702514648
vt 0.910592139 0.702514648
vt 0.913674176 0.695354283
vt 0.910592139 0.693308473
vt 0.911619484 0.690239668
vt 0.911619484 0.678987622
vt 0.91624254 0.690239668
vt 0.919324577 0.695354283
vt 0.910592139 0.673873067
vt 0.91624254 0.678987622
vt 0.913674176 0.678987622
vt 0.919324577 0.671827197
vt 0.910592139 0.671827197
vt 0.828750491 0.271883667
vt 0.828750491 0.269326389
vt 0.827723145 0.271883667
vt 0.827723145 0.267280519
vt 0.828750491 0.267280519
vt 0.120080739 0.761295795
vt 0.120080739 0.75822711
vt 0.0959381759 0.761295795
vt 0.108266294 0.74390626
vt 0.0959381759 0.74390626
vt 0.113916665 0.74390626
vt 0.120080739 0.74390626
vt 0.113916665 0.738791704
vt 0.120080739 0.714241743
vt 0.108266294 0.738791704
vt 0.0959381759 0.714241743
vt 0.860232055 0.289488196
vt 0.860232055 0.309400558
vt 0.861543834 0.289488196
vt 0.861543834 0.31069845
vt 0.843139589 0.309400558
vt 0.841529191 0.31069845
vt 0.841529191 0.289488196
vt 0.843139589 0.289488196
vt 0.586794615 0.79496628
vt 0.587821901 0.793943465
vt 0.586794615 0.793943465
vt 0.587821901 0.797523677
vt 0.586794555 0.799569428
vt 0.587821901 0.799569428
vt 0.206377566 0.716287553
vt 0.194563091 0.742883325
vt 0.206377566 0.742883325
vt 0.182235003 0.716287494
vt 0.182235003 0.742883325
vt 0.590903938 0.788317382
vt 0.590903938 0.789340317
vt 0.591931283 0.788317382
vt 0.591931283 0.793943465
vt 0.590903938 0.793943465
vt 0.896209359 0.773095846
vt 0.904941738 0.773095846
vt 0.896209359 0.770027041
vt 0.901859701 0.764912486
vt 0.904941738 0.764912486
vt 0.897236645 0.764912486
vt 0.901859701 0.75366044
vt 0.904941738 0.748545885
vt 0.897236645 0.75366044
vt 0.899291337 0.748545885
vt 0.896209359 0.74138546
vt 0.899291337 0.74343133
vt 0.904941738 0.74138546
vt 0.904941738 0.74343133
vt 0.585767269 0.793943465
vt 0.585767269 0.797523677
vt 0.586794555 0.793943465
vt 0.586794555 0.799569428
vt 0.585767269 0.799569428
vt 0.913674176 0.770027041
vt 0.908023775 0.770027041
vt 0.913674176 0.772072911
vt 0.904941738 0.772072911
vt 0.908023775 0.764912486
vt 0.904941738 0.74138546
vt 0.913674176 0.74138546
vt 0.913674176 0.764912486
vt 0.637289584 0.706887126
vt 0.637289643 0.727018476
vt 0.642443299 0.706887126
vt 0.642443299 0.728316367
vt 0.637289643 0.728316367
vt 0.601813734 0.768946469
vt 0.596660078 0.748815179
vt 0.596660078 0.768946469
vt 0.601813734 0.748815179
vt 0.601813734 0.747517288
vt 0.596660078 0.747517288
vt 0.388808966 0.0985956788
vt 0.374426156 0.119054019
vt 0.388808966 0.119054019
vt 0.374426156 0.0904124379
vt 0.374426156 0.0873436332
vt 0.388808966 0.0740457773
vt 0.36415273 0.0740457773
vt 0.36415273 0.0873436332
vt 0.381482452 0.286576927
vt 0.381482452 0.277370751
vt 0.372236401 0.286576927
vt 0.372236401 0.255889475
vt 0.381482452 0.257935345
vt 0.381482512 0.255889475
vt 0.605190337 0.703087449
vt 0.605190337 0.683175087
vt 0.603579938 0.703087449
vt 0.603579938 0.681877196
vt 0.623594642 0.681877255
vt 0.622282803 0.683175087
vt 0.623594642 0.703087449
vt 0.622282803 0.703087449
vt 0.886963248 0.759797931
vt 0.881312847 0.761843801
vt 0.886963248 0.761843801
vt 0.87823081 0.759797931
vt 0.881312847 0.766958356
vt 0.87823081 0.769004226
vt 0.886963248 0.769004226
vt 0.886963248 0.766958356
vt 0.157578766 0.669233441
vt 0.159633458 0.680485487
vt 0.159633458 0.669233441
vt 0.157578766 0.688668847
vt 0.161688149 0.682531357
vt 0.163742781 0.680485487
vt 0.163742781 0.682531357
vt 0.16733855 0.682531357
vt 0.169393182 0.680485487
vt 0.16733855 0.688668847
vt 0.161688149 0.688668847
vt 0.16733855 0.690714657
vt 0.161688149 0.690714657
vt 0.16733855 0.696852148
vt 0.18172133 0.680485487
vt 0.161688149 0.696852148
vt 0.16733855 0.698897958
vt 0.18172133 0.716287494
vt 0.161688149 0.698897958
vt 0.157578766 0.713218808
vt 0.16733855 0.705035448
vt 0.161688149 0.705035448
vt 0.16733855 0.707081318
vt 0.169393182 0.716287494
vt 0.16733855 0.713218808
vt 0.163742781 0.713218808
vt 0.157578766 0.716287494
vt 0.161688149 0.713218808
vt 0.161688149 0.707081318
vt 0.637289584 0.728316367
vt 0.637289584 0.726731956
vt 0.632135928 0.728316367
vt 0.632135928 0.705096781
vt 0.637289584 0.705096781
vt 0.639055789 0.679867923
vt 0.639055789 0.699999213
vt 0.644209504 0.679867923
vt 0.644209504 0.701297164
vt 0.639055789 0.701297164
vt 0.623594642 0.703087449
vt 0.628748357 0.703087449
vt 0.623594642 0.701503038
vt 0.628748357 0.679867923
vt 0.623594642 0.679867923
vt 0.633902073 0.679867923
vt 0.633902073 0.681316674
vt 0.639055789 0.679867923
vt 0.639055789 0.699999213
vt 0.633902073 0.701297164
vt 0.639055789 0.701297164
vt 0.64936322 0.701297164
vt 0.64936322 0.699848413
vt 0.644209504 0.701297164
vt 0.644209504 0.679867923
vt 0.64936322 0.679867923
vt 0.642443299 0.728316367
vt 0.637289584 0.728316367
vt 0.642443299 0.729765058
vt 0.637289643 0.748447657
vt 0.642443299 0.749745548
vt 0.637289643 0.749745548
vt 0.833541393 0.75570631
vt 0.827890992 0.75570631
vt 0.833541393 0.757752061
vt 0.824808955 0.757752061
vt 0.827890992 0.750591636
vt 0.825836301 0.74547708
vt 0.824808955 0.737293839
vt 0.831486702 0.74547708
vt 0.833541393 0.750591636
vt 0.833541393 0.74547708
vt 0.831486702 0.73933959
vt 0.825836301 0.73933959
vt 0.831486702 0.737293839
vt 0.830459356 0.73933959
vt 0.833541393 0.729110479
vt 0.830459356 0.737293839
vt 0.825836301 0.737293839
vt 0.825836301 0.731156349
vt 0.831486702 0.731156349
vt 0.825836301 0.729110479
vt 0.831486702 0.729110479
vt 0.825836301 0.722972989
vt 0.831486702 0.722972989
vt 0.824808955 0.712743878
vt 0.831486702 0.720927179
vt 0.833541393 0.712743878
vt 0.831486702 0.714789689
vt 0.825836301 0.720927179
vt 0.825836301 0.714789689
vt 0.830459356 0.712743878
vt 0.830459356 0.714789689
vt 0.0959381759 0.765387416
vt 0.104156911 0.76231873
vt 0.0959381759 0.761295795
vt 0.104156911 0.771013498
vt 0.0959381759 0.771013498
vt 0.0959381759 0.783288479
vt 0.104156911 0.783288479
vt 0.642443299 0.729614258
vt 0.647597015 0.728316367
vt 0.642443299 0.728316367
vt 0.647597015 0.729614258
vt 0.647597015 0.748296857
vt 0.642443299 0.749745548
vt 0.647597015 0.749745548
vt 0.620516658 0.725009203
vt 0.621828496 0.705096781
vt 0.620516658 0.705096781
vt 0.621828496 0.726307034
vt 0.603424191 0.725009203
vt 0.601813793 0.726307034
vt 0.601813793 0.705096781
vt 0.603424191 0.705096781
vt 0.600203335 0.705096781
vt 0.600203335 0.725009143
vt 0.601813734 0.705096781
vt 0.601813793 0.726307034
vt 0.58179909 0.726307034
vt 0.583110929 0.725009143
vt 0.58179909 0.705096781
vt 0.583110929 0.705096781
vt 0.622282803 0.680579364
vt 0.623594642 0.660666943
vt 0.622282803 0.660666943
vt 0.623594642 0.681877255
vt 0.605190337 0.680579364
vt 0.603579938 0.681877255
vt 0.603579938 0.660666943
vt 0.605190337 0.660666943
vt 0.821358681 0.312707782
vt 0.821358681 0.29279536
vt 0.819748282 0.312707782
vt 0.819748282 0.291497529
vt 0.839762986 0.291497529
vt 0.838451147 0.29279542
vt 0.839762986 0.312707782
vt 0.838451147 0.312707782
vt 0.818436444 0.311409891
vt 0.819748282 0.291497529
vt 0.818436444 0.291497529
vt 0.819748282 0.312707782
vt 0.801344037 0.311409891
vt 0.799733579 0.312707782
vt 0.799733579 0.291497529
vt 0.801344037 0.291497529
vt 0.620645702 0.707233369
vt 0.62438482 0.705238998
vt 0.618528426 0.703743219
vt 0.623348713 0.701386213
vt 0.629205048 0.70646286
vt 0.62929517 0.711494088
vt 0.62929517 0.70646286
vt 0.633304536 0.701794147
vt 0.62929517 0.701794147
vt 0.633304536 0.722145915
vt 0.62929517 0.722145915
vt 0.596582115 0.73111558
vt 0.600836098 0.725248337
vt 0.593971312 0.728235602
vt 0.604148865 0.727422833
vt 0.601763487 0.716114998
vt 0.604148865 0.712760091
vt 0.599905729 0.714200258
vt 0.590237617 0.711539388
vt 0.592383742 0.721103668
vt 0.592508614 0.714179158
vt 0.591246009 0.725767493
vt 0.63154763 0.683708787
vt 0.635556996 0.681034565
vt 0.63154763 0.681034565
vt 0.63154763 0.686791062
vt 0.635556996 0.701386213
vt 0.63154763 0.701386213
vt 0.631457508 0.683708787
vt 0.626502156 0.683844805
vt 0.625420928 0.680626631
vt 0.622537792 0.688785434
vt 0.618528426 0.688830733
vt 0.622537792 0.701386213
vt 0.618528426 0.701386213
vt 0.142168611 0.761295795
vt 0.139086574 0.773570776
vt 0.142168611 0.773570776
vt 0.130867839 0.761295795
vt 0.133949846 0.773570776
vt 0.130867839 0.773570776
vt 0.133949846 0.779196858
vt 0.130867839 0.782265544
vt 0.139086574 0.779196858
vt 0.142168611 0.782265544
vt 0.58179909 0.681877196
vt 0.58311826 0.683461607
vt 0.602107465 0.681877255
vt 0.58179909 0.705096781
vt 0.58311826 0.703806162
vt 0.602107465 0.705096781
vt 0.602107465 0.703806162
vt 0.603579938 0.705096781
vt 0.602107465 0.683461666
vt 0.603579938 0.681877255
vt 0.58179909 0.705096781
vt 0.580326557 0.703512371
vt 0.561337352 0.705096781
vt 0.58179909 0.681877255
vt 0.580326557 0.683167875
vt 0.560018182 0.681877255
vt 0.561337352 0.683167875
vt 0.560018182 0.683167875
vt 0.561337352 0.70351243
vt 0.560018182 0.705096781
vt 0.58179909 0.705096781
vt 0.580326557 0.706681192
vt 0.58179909 0.706681192
vt 0.560018182 0.705096781
vt 0.561337411 0.706681192
vt 0.560018182 0.728316367
vt 0.561337411 0.727025688
vt 0.580326557 0.728316367
vt 0.580326557 0.727025688
vt 0.58179909 0.728316367
vt 0.603579938 0.680292785
vt 0.602107465 0.680292785
vt 0.603579938 0.681877255
vt 0.58179909 0.681877196
vt 0.58311826 0.680292845
vt 0.58179909 0.65865767
vt 0.58311826 0.659948349
vt 0.58311826 0.65865767
vt 0.602107406 0.659948349
vt 0.603579938 0.65865767
vt 0.539556503 0.705096841
vt 0.538237333 0.705096841
vt 0.539556503 0.706681192
vt 0.538237333 0.728316367
vt 0.539556503 0.727025688
vt 0.539556503 0.728316367
vt 0.558545709 0.727025688
vt 0.560018182 0.728316367
vt 0.558545709 0.706681192
vt 0.560018182 0.705096781
vt 0.590237617 0.711539388
vt 0.602175593 0.711539388
vt 0.594652414 0.707550645
vt 0.590237617 0.680626631
vt 0.601454794 0.707550645
vt 0.594652414 0.684615374
vt 0.618528426 0.696083009
vt 0.613978446 0.696083009
vt 0.602220654 0.680626631
vt 0.60168004 0.684615374
vt 0.157578707 0.669233441
vt 0.156551421 0.670256376
vt 0.157578707 0.672302186
vt 0.130867839 0.669233441
vt 0.156551421 0.672302186
vt 0.131895185 0.670256376
vt 0.157578766 0.686622977
vt 0.130867839 0.672302246
vt 0.156551421 0.715264618
vt 0.131895185 0.672302246
vt 0.157578766 0.716287494
vt 0.130867839 0.696852207
vt 0.131895185 0.715264618
vt 0.130867839 0.716287553
vt 0.538237333 0.65865767
vt 0.538237333 0.681877255
vt 0.539556503 0.680292845
vt 0.539556503 0.681877255
vt 0.539556503 0.659948349
vt 0.539556503 0.65865767
vt 0.558545709 0.659948349
vt 0.560018182 0.65865767
vt 0.558545709 0.680292845
vt 0.560018182 0.681877255
vt 0.580326557 0.660242081
vt 0.58179909 0.65865767
vt 0.560018182 0.65865767
vt 0.58179909 0.681877255
vt 0.561337411 0.660242081
vt 0.580326557 0.680586576
vt 0.560018182 0.681877255
vt 0.580326557 0.681877255
vt 0.561337411 0.680586576
vt 0.561337411 0.681877255
vt 0.558545709 0.703512371
vt 0.560018182 0.705096781
vt 0.560018182 0.681877255
vt 0.539556503 0.705096781
vt 0.558545709 0.683167875
vt 0.539556503 0.681877196
vt 0.539556503 0.683167875
vt 0.538237333 0.681877196
vt 0.539556503 0.703512371
vt 0.538237333 0.705096781
vn 0.000000 -0.000000 1.000000
vn 0.000000 -0.000000 1.000000
vn 0.000000 -0.000000 1.000000
vn 0.000000 -0.000000 1.000000
vn 0.000000 -0.000000 1.000000
vn 0.000000 -0.000000 1.000000
vn 0.000000 -0.000000 1.000000
vn 0.000000 -0.000000 1.000000
vn 0.000000 -0.000000 1.000000
vn 0.000000 -0.000000 1.000000
vn 0.000000 -0.000000 1.000000
vn 0.000000 -0.000000 1.000000
vn -1.000000 0.000000 0.000000
vn -1.000000 0.000000 0.000000
vn -1.000000 0.000000 0.000000
vn -1.000000 0.000000 0.000000
vn 0.000000 -0.000000 1.000000
vn 0.000000 -0.000000 1.000000
vn 0.000000 -0.000000 1.000000
vn 0.000000 -0.000000 1.000000
vn 0.000000 -0.000000 1.000000
vn 0.000000 -0.000000 1.000000
vn 0.000000 -0.000000 1.000000
vn 0.000000 -0.000000 1.000000
vn -1.000000 0.000000 0.000000
vn -1.000000 0.000000 0.000000
vn -1.000000 0.000000 0.000000
vn -1.000000 0.000000 0.000000
vn -1.000000 0.000000 0.000000
vn -1.000000 0.000000 0.000000
vn -1.000000 0.000000 0.000000
vn -1.000000 0.000000 0.000000
vn -1.000000 0.000000 0.000000
vn -1.000000 0.000000 0.000000
vn -1.000000 0.000000 0.000000
vn -1.000000 0.000000 0.000000
vn 0.000000 -0.000000 1.000000
vn 0.000000 -0.000000 1.000000
vn 0.000000 -0.000000 1.000000
vn 0.000000 -0.000000 1.000000
vn 1.000000 0.000000 0.000000
vn 1.000000 0.000000 0.000000
vn 1.000000 0.000000 0.000000
vn 1.000000 0.000000 0.000000
vn 1.000000 0.000000 0.000000
vn 1.000000 0.000000 0.000000
vn 1.000000 0.000000 0.000000
vn 1.000000 0.000000 0.000000
vn 1.000000 0.000000 0.000000
vn 1.000000 0.000000 0.000000
vn 1.000000 0.000000 0.000000
vn 1.000000 0.000000 0.000000
vn 0.000000 -0.000000 1.000000
vn 0.000000 -0.000000 1.000000
vn 0.000000 -0.000000 1.000000
vn 0.000000 -0.000000 1.000000
vn 0.000000 -0.000000 1.000000
vn 0.000000 -0.000000 1.000000
vn 0.000000 -0.000000 1.000000
vn 0.000000 -0.000000 1.000000
vn 0.000000 -0.000000 1.000000
vn 0.000000 -0.000000 1.000000
vn 0.000000 -0.000000 1.000000
vn 0.000000 -0.000000 1.000000
vn -1.000000 0.000000 0.000000
vn -1.000000 0.000000 0.000000
vn -1.000000 0.000000 0.000000
vn -1.000000 0.000000 0.000000
vn -1.000000 0.000000 0.000000
vn -1.000000 0.000000 0.000000
vn -1.000000 0.000000 0.000000
vn -1.000000 0.000000 0.000000
vn -1.000000 0.000000 0.000000
vn -1.000000 0.000000 0.000000
vn -1.000000 0.000000 0.000000
vn -1.000000 0.000000 0.000000
vn 1.000000 0.000000 0.000000
vn 1.000000 0.000000 0.000000
vn 1.000000 0.000000 0.000000
vn 1.000000 0.000000 0.000000
vn 0.000000 1.000000 0.000000
vn 0.000000 1.000000 0.000000
vn 0.000000 1.000000 0.000000
vn 0.000000 1.000000 0.000000
vn 0.000000 1.000000 0.000000
vn 1.000000 0.000000 0.000000
vn 1.000000 0.000000 0.000000
vn 1.000000 0.000000 0.000000
vn 1.000000 0.000000 0.000000
vn 1.000000 0.000000 0.000000
vn -1.000000 0.000000 0.000000
vn -1.000000 0.000000 0.000000
vn -1.000000 0.000000 0.000000
vn -1.000000 0.000000 0.000000
vn 1.000000 0.000000 0.000000
vn 1.000000 0.000000 0.000000
vn 1.000000 0.000000 0.000000
vn 1.000000 0.000000 0.000000
vn -1.000000 0.000000 0.000000
vn -1.000000 0.000000 0.000000
vn -1.000000 0.000000 0.000000
vn -1.000000 0.000000 0.000000
vn 1.000000 0.000000 0.000000
vn 1.000000 0.000000 0.000000
vn 1.000000 0.000000 0.000000
vn 1.000000 0.000000 0.000000
vn -1.000000 0.000000 0.000000
vn -1.000000 0.000000 0.000000
vn -1.000000 0.000000 0.000000
vn -1.000000 0.000000 0.000000
vn 0.000000 0.000000 -1.000000
vn 0.000000 0.000000 -1.000000
vn 0.000000 0.000000 -1.000000
vn 0.000000 0.000000 -1.000000
vn 1.000000 0.000000 0.000000
vn 1.000000 0.000000 0.000000
vn 1.000000 0.000000 0.000000
vn 1.000000 0.000000 0.000000
vn 1.000000 0.000000 0.000000
vn 1.000000 0.000000 0.000000
vn 1.000000 0.000000 0.000000
vn 1.000000 0.000000 0.000000
vn 1.000000 0.000000 0.000000
vn 1.000000 0.000000 0.000000
vn 1.000000 0.000000 0.000000
vn 1.000000 0.000000 0.000000
vn -1.000000 0.000000 0.000000
vn -1.000000 0.000000 0.000000
vn -1.000000 0.000000 0.000000
vn -1.000000 0.000000 0.000000
vn 1.000000 0.000000 0.000000
vn 1.000000 0.000000 0.000000
vn 1.000000 0.000000 0.000000
vn 1.000000 0.000000 0.000000
vn 0.000000 0.000000 -1.000000
vn 0.000000 0.000000 -1.000000
vn 0.000000 0.000000 -1.000000
vn 0.000000 0.000000 -1.000000
vn 0.000000 -1.000000 -0.000000
vn 0.000000 -1.000000 -0.000000
vn 0.000000 -1.000000 -0.000000
vn 0.000000 -1.000000 -0.000000
vn 0.000000 -1.000000 -0.000000
vn -1.000000 0.000000 0.000000
vn -1.000000 0.000000 0.000000
vn -1.000000 0.000000 0.000000
vn -1.000000 0.000000 0.000000
vn 0.000000 -0.000000 1.000000
vn 0.000000 -0.000000 1.000000
vn 0.000000 -0.000000 1.000000
vn 0.000000 -0.000000 1.000000
vn 0.000000 -0.000000 1.000000
vn 0.000000 -0.000000 1.000000
vn 0.000000 -0.000000 1.000000
vn 0.000000 -0.000000 1.000000
vn 1.000000 0.000000 0.000000
vn 1.000000 0.000000 0.000000
vn 1.000000 0.000000 0.000000
vn 1.000000 0.000000 0.000000
vn -1.000000 0.000000 0.000000
vn -1.000000 0.000000 0.000000
vn -1.000000 0.000000 0.000000
vn -1.000000 0.000000 0.000000
vn 0.000000 -1.000000 -0.000000
vn 0.000000 -1.000000 -0.000000
vn 0.000000 -1.000000 -0.000000
vn 0.000000 -1.000000 -0.000000
vn 0.000000 0.000000 -1.000000
vn 0.000000 0.000000 -1.000000
vn 0.000000 0.000000 -1.000000
vn 0.000000 0.000000 -1.000000
vn 0.000000 0.000000 -1.000000
vn 0.000000 0.000000 -1.000000
vn 0.000000 0.000000 -1.000000
vn 0.000000 0.000000 -1.000000
vn 0.000000 0.000000 -1.000000
vn 0.000000 0.000000 -1.000000
vn 0.000000 0.000000 -1.000000
vn 0.000000 0.000000 -1.000000
vn 0.000000 0.000000 -1.000000
vn 0.000000 0.000000 -1.000000
vn 0.000000 0.000000 -1.000000
vn 0.000000 0.000000 -1.000000
vn 0.000000 0.000000 -1.000000
vn 0.000000 0.000000 -1.000000
vn 0.000000 0.000000 -1.000000
vn 0.000000 0.000000 -1.000000
vn 0.000000 0.000000 -1.000000
vn 0.000000 0.000000 -1.000000
vn 0.000000 0.000000 -1.000000
vn 0.000000 0.000000 -1.000000
vn 0.000000 0.000000 -1.000000
vn 0.000000 0.000000 -1.000000
vn 0.000000 0.000000 -1.000000
vn 0.000000 0.000000 -1.000000
vn 0.000000 0.000000 -1.000000
vn 0.000000 0.000000 -1.000000
vn 0.000000 0.000000 -1.000000
vn 0.000000 0.000000 -1.000000
vn 0.000000 1.000000 0.000000
vn 0.000000 1.000000 0.000000
vn 0.000000 1.000000 0.000000
vn 0.000000 1.000000 0.000000
vn 1.000000 0.000000 0.000000
vn 1.000000 0.000000 0.000000
vn 1.000000 0.000000 0.000000
vn 1.000000 0.000000 0.000000
vn 0.000000 -1.000000 -0.000000
vn 0.000000 -1.000000 -0.000000
vn 0.000000 -1.000000 -0.000000
vn 0.000000 -1.000000 -0.000000
vn 0.000000 -0.000000 1.000000
vn 0.000000 -0.000000 1.000000
vn 0.000000 -0.000000 1.000000
vn 0.000000 -0.000000 1.000000
vn -1.000000 0.000000 0.000000
vn -1.000000 0.000000 0.000000
vn -1.000000 0.000000 0.000000
vn -1.000000 0.000000 0.000000
vn 1.000000 0.000000 0.000000
vn 1.000000 0.000000 0.000000
vn 1.000000 0.000000 0.000000
vn 1.000000 0.000000 0.000000
vn 0.000000 -0.000000 1.000000
vn 0.000000 -0.000000 1.000000
vn 0.000000 -0.000000 1.000000
vn 0.000000 -0.000000 1.000000
vn 0.000000 -0.000000 1.000000
vn 0.000000 -0.000000 1.000000
vn 0.000000 -0.000000 1.000000
vn 0.000000 -0.000000 1.000000
vn 0.000000 0.000000 -1.000000
vn 0.000000 0.000000 -1.000000
vn 0.000000 0.000000 -1.000000
vn 0.000000 0.000000 -1.000000
vn -1.000000 0.000000 0.000000
vn -1.000000 0.000000 0.000000
vn -1.000000 0.000000 0.000000
vn -1.000000 0.000000 0.000000
vn 1.000000 0.000000 0.000000
vn 1.000000 0.000000 0.000000
vn 1.000000 0.000000 0.000000
vn 1.000000 0.000000 0.000000
vn 0.000000 -0.000000 1.000000
vn 0.000000 -0.000000 1.000000
vn 0.000000 -0.000000 1.000000
vn 0.000000 -0.000000 1.000000
vn 0.000000 -0.000000 1.000000
vn 0.000000 -0.000000 1.000000
vn 0.000000 -0.000000 1.000000
vn 0.000000 -0.000000 1.000000
vn 0.000000 0.000000 -1.000000
vn 0.000000 0.000000 -1.000000
vn 0.000000 0.000000 -1.000000
vn 0.000000 0.000000 -1.000000
vn -1.000000 0.000000 0.000000
vn -1.000000 0.000000 0.000000
vn -1.000000 0.000000 0.000000
vn -1.000000 0.000000 0.000000
vn 0.000000 0.000000 -1.000000
vn 0.000000 0.000000 -1.000000
vn 0.000000 0.000000 -1.000000
vn 0.000000 0.000000 -1.000000
vn -1.000000 0.000000 0.000000
vn -1.000000 0.000000 0.000000
vn -1.000000 0.000000 0.000000
vn -1.000000 0.000000 0.000000
vn 1.000000 0.000000 0.000000
vn 1.000000 0.000000 0.000000
vn 1.000000 0.000000 0.000000
vn 1.000000 0.000000 0.000000
vn 0.000000 -0.000000 1.000000
vn 0.000000 -0.000000 1.000000
vn 0.000000 -0.000000 1.000000
vn 0.000000 -0.000000 1.000000
vn 0.000000 -0.000000 1.000000
vn 0.000000 -0.000000 1.000000
vn 0.000000 -0.000000 1.000000
vn 0.000000 -0.000000 1.000000
vn 0.000000 -0.000000 1.000000
vn 0.000000 0.000000 -1.000000
vn 0.000000 0.000000 -1.000000
vn 0.000000 0.000000 -1.000000
vn 0.000000 0.000000 -1.000000
vn 0.000000 0.000000 -1.000000
vn 0.000000 0.000000 -1.000000
vn 0.000000 0.000000 -1.000000
vn 0.000000 0.000000 -1.000000
vn -1.000000 0.000000 0.000000
vn -1.000000 0.000000 0.000000
vn -1.000000 0.000000 0.000000
vn -1.000000 0.000000 0.000000
vn 1.000000 0.000000 0.000000
vn 1.000000 0.000000 0.000000
vn 1.000000 0.000000 0.000000
vn 1.000000 0.000000 0.000000
vn 0.000000 -0.000000 1.000000
vn 0.000000 -0.000000 1.000000
vn 0.000000 -0.000000 1.000000
vn 0.000000 -0.000000 1.000000
vn 0.000000 -0.000000 1.000000
vn 0.000000 -0.000000 1.000000
vn 0.000000 -0.000000 1.000000
vn 0.000000 -0.000000 1.000000
vn 0.000000 0.000000 -1.000000
vn 0.000000 0.000000 -1.000000
vn 0.000000 0.000000 -1.000000
vn 0.000000 0.000000 -1.000000
vn -1.000000 0.000000 0.000000
vn -1.000000 0.000000 0.000000
vn -1.000000 0.000000 0.000000
vn -1.000000 0.000000 0.000000
vn 0.000000 0.000000 -1.000000
vn 0.000000 0.000000 -1.000000
vn 0.000000 0.000000 -1.000000
vn 0.000000 0.000000 -1.000000
vn 1.000000 0.000000 0.000000
vn 1.000000 0.000000 0.000000
vn 1.000000 0.000000 0.000000
vn 1.000000 0.000000 0.000000
vn 0.000000 0.000000 -1.000000
vn 0.000000 0.000000 -1.000000
vn 0.000000 0.000000 -1.000000
vn 0.000000 0.000000 -1.000000
vn 0.000000 0.000000 -1.000000
vn 0.000000 0.000000 -1.000000
vn 0.000000 0.000000 -1.000000
vn 0.000000 0.000000 -1.000000
vn -1.000000 0.000000 0.000000
vn -1.000000 0.000000 0.000000
vn -1.000000 0.000000 0.000000
vn -1.000000 0.000000 0.000000
vn 0.000000 0.000000 -1.000000
vn 0.000000 0.000000 -1.000000
vn 0.000000 0.000000 -1.000000
vn 0.000000 0.000000 -1.000000
vn 1.000000 0.000000 0.000000
vn 1.000000 0.000000 0.000000
vn 1.000000 0.000000 0.000000
vn 1.000000 0.000000 0.000000
vn 0.000000 0.000000 -1.000000
vn 0.000000 0.000000 -1.000000
vn 0.000000 0.000000 -1.000000
vn 0.000000 0.000000 -1.000000
vn 0.000000 0.000000 -1.000000
vn 0.000000 0.000000 -1.000000
vn 0.000000 0.000000 -1.000000
vn 0.000000 0.000000 -1.000000
vn 1.000000 0.000000 0.000000
vn 1.000000 0.000000 0.000000
vn 1.000000 0.000000 0.000000
vn 1.000000 0.000000 0.000000
vn 1.000000 0.000000 0.000000
vn 1.000000 0.000000 0.000000
vn 1.000000 0.000000 0.000000
vn 1.000000 0.000000 0.000000
vn -1.000000 0.000000 0.000000
vn -1.000000 0.000000 0.000000
vn -1.000000 0.000000 0.000000
vn -1.000000 0.000000 0.000000
vn 0.000000 0.000000 -1.000000
vn 0.000000 0.000000 -1.000000
vn 0.000000 0.000000 -1.000000
vn 0.000000 0.000000 -1.000000
vn 1.000000 0.000000 0.000000
vn 1.000000 0.000000 0.000000
vn 1.000000 0.000000 0.000000
vn 1.000000 0.000000 0.000000
vn 0.000000 0.000000 -1.000000
vn 0.000000 0.000000 -1.000000
vn 0.000000 0.000000 -1.000000
vn 0.000000 0.000000 -1.000000
vn 0.000000 -0.000000 1.000000
vn 0.000000 -0.000000 1.000000
vn 0.000000 -0.000000 1.000000
vn 0.000000 -0.000000 1.000000
vn 0.000000 0.000000 -1.000000
vn 0.000000 0.000000 -1.000000
vn 0.000000 0.000000 -1.000000
vn 0.000000 0.000000 -1.000000
vn 1.000000 0.000000 0.000000
vn 1.000000 0.000000 0.000000
vn 1.000000 0.000000 0.000000
vn 1.000000 0.000000 0.000000
vn 1.000000 0.000000 0.000000
vn 1.000000 0.000000 0.000000
vn 1.000000 0.000000 0.000000
vn 1.000000 0.000000 0.000000
vn 1.000000 0.000000 0.000000
vn 1.000000 0.000000 0.000000
vn 1.000000 0.000000 0.000000
vn 1.000000 0.000000 0.000000
vn -1.000000 0.000000 0.000000
vn -1.000000 0.000000 0.000000
vn -1.000000 0.000000 0.000000
vn -1.000000 0.000000 0.000000
vn 0.000000 0.000000 -1.000000
vn 0.000000 0.000000 -1.000000
vn 0.000000 0.000000 -1.000000
vn 0.000000 0.000000 -1.000000
vn 1.000000 0.000000 0.000000
vn 1.000000 0.000000 0.000000
vn 1.000000 0.000000 0.000000
vn 1.000000 0.000000 0.000000
vn 0.000000 0.000000 -1.000000
vn 0.000000 0.000000 -1.000000
vn 0.000000 0.000000 -1.000000
vn 0.000000 0.000000 -1.000000
vn 0.000000 -0.000000 1.000000
vn 0.000000 -0.000000 1.000000
vn 0.000000 -0.000000 1.000000
vn 0.000000 -0.000000 1.000000
vn 0.000000 0.000000 -1.000000
vn 0.000000 0.000000 -1.000000
vn 0.000000 0.000000 -1.000000
vn 0.000000 0.000000 -1.000000
vn 0.000000 1.000000 0.000000
vn 0.000000 1.000000 0.000000
vn 0.000000 1.000000 0.000000
vn 0.000000 1.000000 0.000000
vn 0.000000 0.123795 -0.992308
vn 0.000000 0.123795 -0.992308
vn 0.000000 0.123795 -0.992308
vn 0.000000 0.123795 -0.992308
vn 0.000000 -1.000000 -0.000000
vn 0.000000 -1.000000 -0.000000
vn 0.000000 -1.000000 -0.000000
vn 0.000000 -1.000000 -0.000000
vn 0.000000 1.000000 0.000000
vn 0.000000 1.000000 0.000000
vn 0.000000 1.000000 0.000000
vn 0.000000 1.000000 0.000000
vn 1.000000 0.000000 0.000000
vn 1.000000 0.000000 0.000000
vn 1.000000 0.000000 0.000000
vn 1.000000 0.000000 0.000000
vn 0.000000 -1.000000 -0.000000
vn 0.000000 -1.000000 -0.000000
vn 0.000000 -1.000000 -0.000000
vn 0.000000 -1.000000 -0.000000
vn 0.000000 -0.000000 1.000000
vn 0.000000 -0.000000 1.000000
vn 0.000000 -0.000000 1.000000
vn 0.000000 -0.000000 1.000000
vn 0.000000 0.000000 -1.000000
vn 0.000000 0.000000 -1.000000
vn 0.000000 0.000000 -1.000000
vn 0.000000 0.000000 -1.000000
vn 0.000000 1.000000 0.000000
vn 0.000000 1.000000 0.000000
vn 0.000000 1.000000 0.000000
vn 0.000000 1.000000 0.000000
vn 1.000000 0.000000 0.000000
vn 1.000000 0.000000 0.000000
vn 1.000000 0.000000 0.000000
vn 1.000000 0.000000 0.000000
vn 0.000000 -1.000000 -0.000000
vn 0.000000 -1.000000 -0.000000
vn 0.000000 -1.000000 -0.000000
vn 0.000000 -1.000000 -0.000000
vn 0.000000 -0.000000 1.000000
vn 0.000000 -0.000000 1.000000
vn 0.000000 -0.000000 1.000000
vn 0.000000 -0.000000 1.000000
vn 0.000000 0.000000 -1.000000
vn 0.000000 0.000000 -1.000000
vn 0.000000 0.000000 -1.000000
vn 0.000000 0.000000 -1.000000
vn -1.000000 0.000000 0.000000
vn -1.000000 0.000000 0.000000
vn -1.000000 0.000000 0.000000
vn -1.000000 0.000000 0.000000
vn 0.000000 -0.123795 0.992308
vn 0.000000 -0.123795 0.992308
vn 0.000000 -0.123795 0.992308
vn 0.000000 -0.123795 0.992308
vn 0.000000 -1.000000 -0.000000
vn 0.000000 -1.000000 -0.000000
vn 0.000000 -1.000000 -0.000000
vn 0.000000 -1.000000 -0.000000
vn 1.000000 0.000000 0.000000
vn 1.000000 0.000000 0.000000
vn 1.000000 0.000000 0.000000
vn 1.000000 0.000000 0.000000
vn 0.368206 -0.000000 0.929744
vn 0.684675 -0.000000 0.728848
vn 0.684675 -0.000000 0.728848
vn 0.368206 -0.000000 0.929744
vn 0.000000 -0.000000 1.000000
vn 0.000000 -0.000000 1.000000
vn 0.000000 0.000000 -1.000000
vn 0.243774 0.000000 -0.969832
vn 0.000000 0.000000 -1.000000
vn 0.487548 0.000000 -0.873096
vn 0.685678 0.000000 -0.727905
vn 0.685678 0.000000 -0.727905
vn -1.000000 0.000000 0.000000
vn -1.000000 0.000000 0.000000
vn -1.000000 0.000000 0.000000
vn -1.000000 0.000000 0.000000
vn -0.365060 -0.000000 0.930984
vn -0.679729 -0.000000 0.733463
vn -0.679729 -0.000000 0.733463
vn -0.365060 -0.000000 0.930984
vn 0.000000 -0.000000 1.000000
vn 0.000000 -0.000000 1.000000
vn 0.000000 0.000000 -1.000000
vn -0.360847 0.000000 -0.932625
vn 0.000000 0.000000 -1.000000
vn -0.360847 0.000000 -0.932625
vn -0.673070 0.000000 -0.739579
vn -0.673070 0.000000 -0.739579
vn 1.000000 0.000000 0.000000
vn 1.000000 0.000000 0.000000
vn 1.000000 0.000000 0.000000
vn 1.000000 0.000000 0.000000
vn -1.000000 0.000000 0.000000
vn -1.000000 0.000000 0.000000
vn -1.000000 0.000000 0.000000
vn -1.000000 0.000000 0.000000
vn 0.000000 -0.000000 1.000000
vn 0.000000 -0.000000 1.000000
vn 0.000000 -0.000000 1.000000
vn 0.000000 -0.000000 1.000000
vn 1.000000 0.000000 0.000000
vn 1.000000 0.000000 0.000000
vn 1.000000 0.000000 0.000000
vn 1.000000 0.000000 0.000000
vn 0.000000 0.000000 -1.000000
vn 0.000000 0.000000 -1.000000
vn 0.000000 0.000000 -1.000000
vn 0.000000 0.000000 -1.000000
vn -0.707106 -0.000000 0.707107
vn -0.707106 -0.000000 0.707107
vn -0.707106 -0.000000 0.707107
vn -0.707106 -0.000000 0.707107
vn 0.707107 -0.000000 0.707107
vn 0.707107 -0.000000 0.707107
vn 0.707107 -0.000000 0.707107
vn 0.707107 -0.000000 0.707107
vn 0.707107 0.000000 -0.707107
vn 0.707107 0.000000 -0.707107
vn 0.707107 0.000000 -0.707107
vn 0.707107 0.000000 -0.707107
vn -0.707106 0.000000 -0.707107
vn -0.707106 0.000000 -0.707107
vn -0.707106 0.000000 -0.707107
vn -0.707106 0.000000 -0.707107
vn -0.452530 -0.000000 0.891749
vn -0.309217 -0.000000 0.950992
vn -0.452530 -0.000000 0.891749
vn -0.154608 -0.000000 0.987976
vn 0.000000 -0.000000 1.000000
vn 0.000000 -0.000000 1.000000
vn 1.000000 0.000000 0.000000
vn 0.973787 -0.000000 0.227463
vn 1.000000 0.000000 0.000000
vn 0.890529 -0.000000 0.454926
vn 0.763706 -0.000000 0.645564
vn 0.763706 -0.000000 0.645564
vn 0.000000 0.000000 -1.000000
vn 0.000000 0.000000 -1.000000
vn 0.000000 0.000000 -1.000000
vn 0.000000 0.000000 -1.000000
vn -0.778076 0.000000 -0.628170
vn -0.897459 0.000000 -0.441098
vn -0.778075 0.000000 -0.628171
vn -0.975376 0.000000 -0.220549
vn -1.000000 0.000000 0.000000
vn -1.000000 0.000000 0.000000
vn 0.501949 0.000000 -0.864897
vn 0.501949 0.000000 -0.864897
vn 0.501949 0.000000 -0.864897
vn 0.501949 0.000000 -0.864897
vn 1.000000 0.000000 0.000000
vn 1.000000 0.000000 0.000000
vn 1.000000 0.000000 0.000000
vn 1.000000 0.000000 0.000000
vn 0.000000 0.000000 -1.000000
vn 0.000000 0.000000 -1.000000
vn 0.000000 0.000000 -1.000000
vn 0.000000 0.000000 -1.000000
vn -1.000000 0.000000 0.000000
vn -1.000000 0.000000 0.000000
vn -1.000000 0.000000 0.000000
vn -1.000000 0.000000 0.000000
vn 0.000000 -0.000000 1.000000
vn 0.000000 -0.000000 1.000000
vn 0.000000 -0.000000 1.000000
vn 0.000000 -0.000000 1.000000
vn 1.000000 0.000000 0.000000
vn 1.000000 0.000000 0.000000
vn 1.000000 0.000000 0.000000
vn 1.000000 0.000000 0.000000
vn -0.738820 0.000000 -0.673903
vn -0.738820 0.000000 -0.673903
vn -0.738820 0.000000 -0.673903
vn -0.738820 0.000000 -0.673903
vn -0.735545 -0.000000 0.677476
vn -0.735545 -0.000000 0.677476
vn -0.735545 -0.000000 0.677476
vn -0.735545 -0.000000 0.677476
vn 0.784883 -0.000000 0.619644
vn 0.784883 -0.000000 0.619644
vn 0.784883 -0.000000 0.619644
vn 0.784883 -0.000000 0.619644
vn 0.000000 0.000000 -1.000000
vn 0.000000 0.000000 -1.000000
vn 0.000000 0.000000 -1.000000
vn 0.000000 0.000000 -1.000000
vn 0.666506 -0.000000 0.745500
vn 0.666506 -0.000000 0.745500
vn 0.666506 -0.000000 0.745500
vn 0.666506 -0.000000 0.745500
vn -0.325248 -0.000000 0.945629
vn -0.325248 -0.000000 0.945629
vn -0.325248 -0.000000 0.945629
vn -0.325249 -0.000000 0.945628
vn 1.000000 0.000000 0.000000
vn 1.000000 0.000000 0.000000
vn 1.000000 0.000000 0.000000
vn 1.000000 0.000000 0.000000
vn 0.283907 0.000000 -0.958852
vn 0.283907 0.000000 -0.958852
vn 0.283906 0.000000 -0.958852
vn 0.283907 0.000000 -0.958852
vn 0.676000 0.000000 -0.736901
vn 0.676000 0.000000 -0.736901
vn 0.676000 0.000000 -0.736901
vn 0.676000 0.000000 -0.736901
vn 0.000000 -0.000000 1.000000
vn 0.000000 -0.000000 1.000000
vn 0.000000 -0.000000 1.000000
vn 0.000000 -0.000000 1.000000
vn -0.726469 0.000000 -0.687200
vn -0.726469 0.000000 -0.687200
vn -0.726469 0.000000 -0.687200
vn -0.726469 0.000000 -0.687200
vn -0.652710 -0.000000 0.757608
vn -0.460660 -0.000000 0.887577
vn -0.652710 -0.000000 0.757608
vn -0.230330 -0.000000 0.973113
vn 0.000000 -0.000000 1.000000
vn 0.000000 -0.000000 1.000000
vn 0.437098 -0.000000 0.899414
vn 0.437098 -0.000000 0.899414
vn 0.437098 -0.000000 0.899414
vn 0.437098 -0.000000 0.899414
vn 0.853556 0.000000 -0.521001
vn 0.853556 0.000000 -0.521001
vn 0.853556 0.000000 -0.521000
vn 0.853556 0.000000 -0.521001
vn -0.468376 0.000000 -0.883529
vn -0.468376 0.000000 -0.883529
vn -0.468377 0.000000 -0.883529
vn -0.468375 0.000000 -0.883530
vn 1.000000 0.000000 0.000000
vn 0.944653 0.000000 -0.328072
vn 1.000000 0.000000 0.000000
vn 0.944653 0.000000 -0.328072
vn 0.784737 0.000000 -0.619828
vn 0.784737 0.000000 -0.619828
vn 0.000000 0.000000 -1.000000
vn 0.000000 0.000000 -1.000000
vn 0.000000 0.000000 -1.000000
vn 0.000000 0.000000 -1.000000
vn -1.000000 0.000000 0.000000
vn -1.000000 0.000000 0.000000
vn -1.000000 0.000000 0.000000
vn -1.000000 0.000000 0.000000
vn 0.000000 -0.000000 1.000000
vn 0.000000 -0.000000 1.000000
vn 0.000000 -0.000000 1.000000
vn 0.000000 -0.000000 1.000000
vn 1.000000 0.000000 0.000000
vn 1.000000 0.000000 0.000000
vn 1.000000 0.000000 0.000000
vn 1.000000 0.000000 0.000000
vn 0.000000 -1.000000 -0.000000
vn 0.000000 -1.000000 -0.000000
vn 0.000000 -1.000000 -0.000000
vn 0.000000 -1.000000 -0.000000
vn 0.000000 -0.000000 1.000000
vn 0.000000 -0.000000 1.000000
vn 0.000000 -0.000000 1.000000
vn 0.000000 -0.000000 1.000000
vn 0.000000 -0.000000 1.000000
vn 0.000000 -0.000000 1.000000
vn 0.000000 -0.000000 1.000000
vn 0.000000 -0.000000 1.000000
vn 0.000000 -0.000000 1.000000
vn 0.000000 -0.000000 1.000000
vn 0.000000 -0.000000 1.000000
vn 0.000000 -0.000000 1.000000
vn 0.000000 -0.000000 1.000000
vn 0.000000 -0.000000 1.000000
vn 0.000000 -0.000000 1.000000
vn 0.000000 -0.000000 1.000000
vn 0.000000 -0.000000 1.000000
vn 0.000000 -0.000000 1.000000
vn 0.000000 -0.000000 1.000000
vn 0.000000 -0.000000 1.000000
vn 0.000000 -0.000000 1.000000
vn 0.000000 -0.000000 1.000000
vn 0.000000 -0.000000 1.000000
vn 0.000000 -0.000000 1.000000
vn 0.000000 -0.000000 1.000000
vn 0.000000 -0.000000 1.000000
vn 0.000000 -0.000000 1.000000
vn 0.000000 -0.000000 1.000000
vn 0.000000 -0.000000 1.000000
vn 0.000000 -0.000000 1.000000
vn 0.000000 -0.000000 1.000000
vn -1.000000 0.000000 0.000000
vn -1.000000 0.000000 0.000000
vn -1.000000 0.000000 0.000000
vn -1.000000 0.000000 0.000000
vn -1.000000 0.000000 0.000000
vn -1.000000 0.000000 0.000000
vn -1.000000 0.000000 0.000000
vn -1.000000 0.000000 0.000000
vn -1.000000 0.000000 0.000000
vn -1.000000 0.000000 0.000000
vn -1.000000 0.000000 0.000000
vn -1.000000 0.000000 0.000000
vn 0.000000 -1.000000 -0.000000
vn 0.000000 -1.000000 -0.000000
vn 0.000000 -1.000000 -0.000000
vn 0.000000 -1.000000 -0.000000
vn 0.000000 -1.000000 -0.000000
vn 0.000000 -1.000000 -0.000000
vn 0.000000 -1.000000 -0.000000
vn 0.000000 -1.000000 -0.000000
vn 0.000000 1.000000 0.000000
vn 0.000000 1.000000 0.000000
vn 0.000000 1.000000 0.000000
vn 0.000000 1.000000 0.000000
vn 0.000000 1.000000 0.000000
vn 0.000000 1.000000 0.000000
vn 0.000000 1.000000 0.000000
vn 0.000000 1.000000 0.000000
vn -1.000000 0.000000 0.000000
vn -1.000000 0.000000 0.000000
vn -1.000000 0.000000 0.000000
vn -1.000000 0.000000 0.000000
vn -1.000000 0.000000 0.000000
vn 0.000000 1.000000 0.000000
vn 0.000000 1.000000 0.000000
vn 0.000000 1.000000 0.000000
vn 0.000000 1.000000 0.000000
vn 0.000000 1.000000 0.000000
vn 0.000000 1.000000 0.000000
vn 0.000000 1.000000 0.000000
vn 0.000000 1.000000 0.000000
vn 0.000000 1.000000 0.000000
vn 0.000000 1.000000 0.000000
vn 0.000000 1.000000 0.000000
vn 0.000000 1.000000 0.000000
vn 0.000000 1.000000 0.000000
vn 0.000000 1.000000 0.000000
vn 0.000000 1.000000 0.000000
vn -1.000000 0.000000 0.000000
vn -1.000000 0.000000 0.000000
vn -1.000000 0.000000 0.000000
vn -1.000000 0.000000 0.000000
vn -1.000000 0.000000 0.000000
vn 0.000000 1.000000 0.000000
vn 0.000000 1.000000 0.000000
vn 0.000000 1.000000 0.000000
vn 0.000000 1.000000 0.000000
vn 0.000000 1.000000 0.000000
vn 0.000000 1.000000 0.000000
vn 0.000000 1.000000 0.000000
vn 0.000000 1.000000 0.000000
vn 0.000000 1.000000 0.000000
vn 0.000000 1.000000 0.000000
vn 0.000000 1.000000 0.000000
vn 0.000000 -1.000000 -0.000000
vn 0.000000 -1.000000 -0.000000
vn 0.000000 -1.000000 -0.000000
vn 0.000000 -1.000000 -0.000000
vn 0.000000 -1.000000 -0.000000
vn 0.000000 -1.000000 -0.000000
vn 0.000000 -1.000000 -0.000000
vn 0.000000 -1.000000 -0.000000
vn -1.000000 0.000000 0.000000
vn -1.000000 0.000000 0.000000
vn -1.000000 0.000000 0.000000
vn -1.000000 0.000000 0.000000
vn -1.000000 0.000000 0.000000
vn -1.000000 0.000000 0.000000
vn 1.000000 0.000000 0.000000
vn 1.000000 0.000000 0.000000
vn 1.000000 0.000000 0.000000
vn 1.000000 0.000000 0.000000
vn 1.000000 0.000000 0.000000
vn -1.000000 0.000000 0.000000
vn -1.000000 0.000000 0.000000
vn -1.000000 0.000000 0.000000
vn -1.000000 0.000000 0.000000
vn -1.000000 0.000000 0.000000
vn 0.000000 -1.000000 -0.000000
vn 0.000000 -1.000000 -0.000000
vn 0.000000 -1.000000 -0.000000
vn 0.000000 -1.000000 -0.000000
vn 0.000000 -1.000000 -0.000000
vn 0.000000 -1.000000 -0.000000
vn 0.000000 -1.000000 -0.000000
vn 0.000000 -1.000000 -0.000000
vn 0.000000 -1.000000 -0.000000
vn 0.000000 -1.000000 -0.000000
vn 0.000000 -1.000000 -0.000000
vn 0.000000 -1.000000 -0.000000
vn 0.000000 -1.000000 -0.000000
vn 0.000000 -1.000000 -0.000000
vn 1.000000 0.000000 0.000000
vn 1.000000 0.000000 0.000000
vn 1.000000 0.000000 0.000000
vn 1.000000 0.000000 0.000000
vn 1.000000 0.000000 0.000000
vn 0.000000 -1.000000 -0.000000
vn 0.000000 -1.000000 -0.000000
vn 0.000000 -1.000000 -0.000000
vn 0.000000 -1.000000 -0.000000
vn 0.000000 -1.000000 -0.000000
vn 0.000000 -1.000000 -0.000000
vn 0.000000 -1.000000 -0.000000
vn 0.000000 -1.000000 -0.000000
vn -1.000000 0.000000 0.000000
vn -1.000000 0.000000 0.000000
vn -1.000000 0.000000 0.000000
vn -1.000000 0.000000 0.000000
vn -1.000000 0.000000 0.000000
vn 1.000000 0.000000 0.000000
vn 1.000000 0.000000 0.000000
vn 1.000000 0.000000 0.000000
vn 1.000000 0.000000 0.000000
vn 1.000000 0.000000 0.000000
vn 1.000000 0.000000 0.000000
vn 0.000000 0.000000 -1.000000
vn 0.000000 0.000000 -1.000000
vn 0.000000 0.000000 -1.000000
vn 0.000000 0.000000 -1.000000
vn 0.000000 0.000000 -1.000000
vn 0.000000 0.000000 -1.000000
vn 0.000000 0.000000 -1.000000
vn 0.000000 0.000000 -1.000000
vn 0.000000 0.000000 -1.000000
vn 0.000000 0.000000 -1.000000
vn 0.000000 0.000000 -1.000000
vn 0.000000 0.000000 -1.000000
vn 0.000000 0.000000 -1.000000
vn 0.000000 0.000000 -1.000000
vn 0.000000 1.000000 0.000000
vn 0.000000 1.000000 0.000000
vn 0.000000 1.000000 0.000000
vn 0.000000 1.000000 0.000000
vn 0.000000 1.000000 0.000000
vn 0.000000 1.000000 0.000000
vn 0.000000 1.000000 0.000000
vn 0.000000 1.000000 0.000000
vn 0.000000 1.000000 0.000000
vn 0.000000 1.000000 0.000000
vn 0.000000 1.000000 0.000000
vn 0.000000 1.000000 0.000000
vn 0.000000 1.000000 0.000000
vn 0.000000 1.000000 0.000000
vn 0.000000 1.000000 0.000000
vn 0.000000 1.000000 0.000000
vn 0.000000 -1.000000 -0.000000
vn 0.000000 -1.000000 -0.000000
vn 0.000000 -1.000000 -0.000000
vn 0.000000 -1.000000 -0.000000
vn 0.000000 -1.000000 -0.000000
vn 0.000000 -1.000000 -0.000000
vn 0.000000 -1.000000 -0.000000
vn 0.000000 -1.000000 -0.000000
vn 0.000000 -1.000000 -0.000000
vn 0.000000 -1.000000 -0.000000
vn 0.000000 -1.000000 -0.000000
vn 0.000000 -1.000000 -0.000000
vn 0.000000 -1.000000 -0.000000
vn 0.000000 -1.000000 -0.000000
vn 0.000000 -1.000000 -0.000000
vn 0.000000 -1.000000 -0.000000
vn 0.000000 -1.000000 -0.000000
vn 0.000000 -1.000000 -0.000000
vn 0.000000 -1.000000 -0.000000
vn 0.000000 -1.000000 -0.000000
vn 0.000000 -1.000000 -0.000000
vn 0.000000 -1.000000 -0.000000
vn 0.000000 -1.000000 -0.000000
vn 0.000000 -1.000000 -0.000000
vn 0.000000 -1.000000 -0.000000
vn 0.000000 -1.000000 -0.000000
vn 0.000000 -1.000000 -0.000000
vn 0.000000 -1.000000 -0.000000
vn 0.000000 -1.000000 -0.000000
vn 0.000000 0.000000 -1.000000
vn 0.000000 0.000000 -1.000000
vn 0.000000 0.000000 -1.000000
vn 0.000000 0.000000 -1.000000
vn 0.000000 0.000000 -1.000000
vn -1.000000 0.000000 0.000000
vn -1.000000 0.000000 0.000000
vn -1.000000 0.000000 0.000000
vn -1.000000 0.000000 0.000000
vn -1.000000 0.000000 0.000000
vn 0.000000 0.000000 -1.000000
vn 0.000000 0.000000 -1.000000
vn 0.000000 0.000000 -1.000000
vn 0.000000 0.000000 -1.000000
vn 0.000000 0.000000 -1.000000
vn 1.000000 0.000000 0.000000
vn 1.000000 0.000000 0.000000
vn 1.000000 0.000000 0.000000
vn 1.000000 0.000000 0.000000
vn 1.000000 0.000000 0.000000
vn 1.000000 0.000000 0.000000
vn 1.000000 0.000000 0.000000
vn 1.000000 0.000000 0.000000
vn 1.000000 0.000000 0.000000
vn 1.000000 0.000000 0.000000
vn 1.000000 0.000000 0.000000
vn -1.000000 0.000000 0.000000
vn -1.000000 0.000000 0.000000
vn -1.000000 0.000000 0.000000
vn -1.000000 0.000000 0.000000
vn -1.000000 0.000000 0.000000
vn -1.000000 0.000000 0.000000
vn 0.000000 1.000000 0.000000
vn 0.000000 1.000000 0.000000
vn 0.000000 1.000000 0.000000
vn 0.000000 1.000000 0.000000
vn 0.000000 1.000000 0.000000
vn 0.000000 1.000000 0.000000
vn 0.000000 1.000000 0.000000
vn 0.000000 1.000000 0.000000
vn 0.000000 1.000000 0.000000
vn 0.000000 1.000000 0.000000
vn 0.000000 1.000000 0.000000
vn 0.000000 1.000000 0.000000
vn 0.000000 1.000000 0.000000
vn 0.000000 1.000000 0.000000
vn 0.000000 1.000000 0.000000
vn 0.000000 1.000000 0.000000
vn 0.000000 1.000000 0.000000
vn 0.000000 1.000000 0.000000
vn 0.000000 1.000000 0.000000
vn 0.000000 1.000000 0.000000
vn 0.000000 1.000000 0.000000
vn 0.000000 1.000000 0.000000
vn 0.000000 1.000000 0.000000
vn 0.000000 1.000000 0.000000
vn 0.000000 1.000000 0.000000
vn 0.000000 1.000000 0.000000
vn 0.000000 1.000000 0.000000
vn 0.000000 1.000000 0.000000
vn 0.000000 1.000000 0.000000
vn 0.000000 1.000000 0.000000
vn 0.000000 1.000000 0.000000
vn 1.000000 0.000000 0.000000
vn 1.000000 0.000000 0.000000
vn 1.000000 0.000000 0.000000
vn 1.000000 0.000000 0.000000
vn 1.000000 0.000000 0.000000
vn 1.000000 0.000000 0.000000
vn 1.000000 0.000000 0.000000
vn 1.000000 0.000000 0.000000
vn 1.000000 0.000000 0.000000
vn 1.000000 0.000000 0.000000
vn 1.000000 0.000000 0.000000
vn 1.000000 0.000000 0.000000
vn 1.000000 0.000000 0.000000
vn 1.000000 0.000000 0.000000
vn 0.000000 -1.000000 -0.000000
vn 0.000000 -1.000000 -0.000000
vn 0.000000 -1.000000 -0.000000
vn 0.000000 -1.000000 -0.000000
vn 0.000000 -1.000000 -0.000000
vn 0.000000 -1.000000 -0.000000
vn 0.000000 -1.000000 -0.000000
vn 0.000000 -1.000000 -0.000000
vn 0.000000 1.000000 0.000000
vn 0.000000 1.000000 0.000000
vn 0.000000 1.000000 0.000000
vn 0.000000 1.000000 0.000000
vn 0.000000 1.000000 0.000000
vn 0.000000 1.000000 0.000000
vn 0.000000 1.000000 0.000000
vn 0.000000 1.000000 0.000000
vn 0.000000 -1.000000 -0.000000
vn 0.000000 -1.000000 -0.000000
vn 0.000000 -1.000000 -0.000000
vn 0.000000 -1.000000 -0.000000
vn 0.000000 -1.000000 -0.000000
vn 0.000000 -1.000000 -0.000000
vn 0.000000 -1.000000 -0.000000
vn 0.000000 -1.000000 -0.000000
vn 0.000000 1.000000 0.000000
vn 0.000000 1.000000 0.000000
vn 0.000000 1.000000 0.000000
vn 0.000000 1.000000 0.000000
vn 0.000000 1.000000 0.000000
vn 0.000000 1.000000 0.000000
vn 0.000000 1.000000 0.000000
vn 0.000000 1.000000 0.000000
vn 0.000000 -1.000000 -0.000000
vn 0.000000 -1.000000 -0.000000
vn 0.000000 -1.000000 -0.000000
vn 0.000000 -1.000000 -0.000000
vn 0.000000 -1.000000 -0.000000
vn 0.000000 -1.000000 -0.000000
vn 0.000000 -1.000000 -0.000000
vn 0.000000 -1.000000 -0.000000
vn 0.000000 -1.000000 -0.000000
vn 0.000000 -1.000000 -0.000000
vn 0.000000 -1.000000 -0.000000
vn 0.000000 -1.000000 -0.000000
vn 0.000000 -1.000000 -0.000000
vn 0.000000 -1.000000 -0.000000
vn 0.000000 -1.000000 -0.000000
vn 0.000000 -1.000000 -0.000000
vn 0.000000 -1.000000 -0.000000
vn 0.000000 -1.000000 -0.000000
vn 0.000000 -1.000000 -0.000000
vn 0.000000 -1.000000 -0.000000
vn 0.000000 -1.000000 -0.000000
vn 0.000000 -1.000000 -0.000000
vn 0.000000 -1.000000 -0.000000
vn 0.000000 -1.000000 -0.000000
vn 0.000000 -1.000000 -0.000000
vn 0.000000 -1.000000 -0.000000
vn 0.000000 -1.000000 -0.000000
vn 0.000000 -1.000000 -0.000000
vn 0.000000 -1.000000 -0.000000
vn 0.000000 -1.000000 -0.000000
vn 0.000000 -1.000000 -0.000000
vn 0.000000 -1.000000 -0.000000
vn 0.000000 -1.000000 -0.000000
vn 0.000000 -1.000000 -0.000000
vn 0.000000 -1.000000 -0.000000
vn 0.000000 -1.000000 -0.000000
vn 0.000000 -1.000000 -0.000000
vn 0.000000 -1.000000 -0.000000
vn 0.000000 -1.000000 -0.000000
vn 0.000000 -1.000000 -0.000000
vn 0.000000 -1.000000 -0.000000
vn 0.000000 -1.000000 -0.000000
vn 0.000000 -1.000000 -0.000000
vn 0.000000 -1.000000 -0.000000
vn 0.000000 -1.000000 -0.000000
vn 0.000000 -1.000000 -0.000000
vn 0.000000 -1.000000 -0.000000
vn 0.000000 -1.000000 -0.000000
vn 0.000000 -1.000000 -0.000000
vn 0.000000 -1.000000 -0.000000
vn 0.000000 -1.000000 -0.000000
vn 0.000000 -1.000000 -0.000000
vn 0.000000 -1.000000 -0.000000
vn 0.000000 -1.000000 -0.000000
vn 0.000000 -1.000000 -0.000000
vn 0.000000 -1.000000 -0.000000
vn 0.000000 -1.000000 -0.000000
vn 0.000000 -1.000000 -0.000000
vn 0.000000 -1.000000 -0.000000
vn 0.000000 -1.000000 -0.000000
vn 0.000000 -1.000000 -0.000000
vn 0.000000 -1.000000 -0.000000
vn 0.000000 -1.000000 -0.000000
vn 0.000000 1.000000 0.000000
vn 0.000000 1.000000 0.000000
vn 0.000000 1.000000 0.000000
vn 0.000000 1.000000 0.000000
vn 0.000000 1.000000 0.000000
vn 0.000000 1.000000 0.000000
vn 0.000000 1.000000 0.000000
vn 0.000000 1.000000 0.000000
vn 0.000000 1.000000 0.000000
vn 0.000000 1.000000 0.000000
vn 0.000000 -1.000000 -0.000000
vn 0.000000 -1.000000 -0.000000
vn 0.000000 -1.000000 -0.000000
vn 0.000000 -1.000000 -0.000000
vn 0.000000 -1.000000 -0.000000
vn 0.000000 -1.000000 -0.000000
vn 0.000000 -1.000000 -0.000000
vn 0.000000 -1.000000 -0.000000
vn 0.000000 -1.000000 -0.000000
vn 0.000000 -1.000000 -0.000000
vn 0.000000 1.000000 0.000000
vn 0.000000 1.000000 0.000000
vn 0.000000 1.000000 0.000000
vn 0.000000 1.000000 0.000000
vn 0.000000 1.000000 0.000000
vn 0.000000 1.000000 0.000000
vn 0.000000 1.000000 0.000000
vn 0.000000 1.000000 0.000000
vn 0.000000 1.000000 0.000000
vn 0.000000 1.000000 0.000000
vn 0.000000 -1.000000 -0.000000
vn 0.000000 -1.000000 -0.000000
vn 0.000000 -1.000000 -0.000000
vn 0.000000 -1.000000 -0.000000
vn 0.000000 -1.000000 -0.000000
vn 0.000000 -1.000000 -0.000000
vn 0.000000 -1.000000 -0.000000
vn 0.000000 -1.000000 -0.000000
vn 0.000000 -1.000000 -0.000000
vn 0.000000 -1.000000 -0.000000
vn 0.000000 -1.000000 -0.000000
vn 0.000000 -1.000000 -0.000000
vn 0.000000 -1.000000 -0.000000
vn 0.000000 -1.000000 -0.000000
vn 0.000000 -1.000000 -0.000000
vn 0.000000 -1.000000 -0.000000
vn 0.000000 -1.000000 -0.000000
vn 0.000000 -1.000000 -0.000000
vn 0.000000 -1.000000 -0.000000
vn 0.000000 -1.000000 -0.000000
vn 0.000000 -0.000000 1.000000
vn 0.000000 -0.000000 1.000000
vn 0.000000 -0.000000 1.000000
vn 0.000000 -0.000000 1.000000
vn 0.000000 -0.000000 1.000000
vn 0.000000 -0.000000 1.000000
vn 0.000000 -0.000000 1.000000
vn 0.000000 -0.000000 1.000000
vn 0.000000 -0.000000 1.000000
vn 0.000000 -0.000000 1.000000
vn 0.000000 -0.000000 1.000000
vn 0.000000 -0.000000 1.000000
vn 0.000000 -0.000000 1.000000
vn 0.000000 -0.000000 1.000000
vn 0.000000 1.000000 0.000000
vn 0.000000 1.000000 0.000000
vn 0.000000 1.000000 0.000000
vn 0.000000 1.000000 0.000000
vn 0.000000 1.000000 0.000000
vn 0.000000 1.000000 0.000000
vn 0.000000 1.000000 0.000000
vn 0.000000 1.000000 0.000000
vn 0.000000 1.000000 0.000000
vn 0.000000 1.000000 0.000000
vn 0.000000 -1.000000 -0.000000
vn 0.000000 -1.000000 -0.000000
vn 0.000000 -1.000000 -0.000000
vn 0.000000 -1.000000 -0.000000
vn 0.000000 -1.000000 -0.000000
vn 0.000000 -1.000000 -0.000000
vn 0.000000 -1.000000 -0.000000
vn 0.000000 -1.000000 -0.000000
vn 0.000000 -1.000000 -0.000000
vn 0.000000 -1.000000 -0.000000
vn 0.000000 1.000000 0.000000
vn 0.000000 1.000000 0.000000
vn 0.000000 1.000000 0.000000
vn 0.000000 1.000000 0.000000
vn 0.000000 1.000000 0.000000
vn 0.000000 1.000000 0.000000
vn 0.000000 1.000000 0.000000
vn 0.000000 1.000000 0.000000
vn 0.000000 1.000000 0.000000
vn 0.000000 1.000000 0.000000
f 3/3/3 2/2/2 1/1/1
f 6/6/6 5/5/5 4/4/4
f 9/9/9 8/8/8 7/7/7
f 12/12/12 11/11/11 10/10/10
f 15/15/15 14/14/14 13/13/13
f 13/13/13 14/14/14 16/16/16
f 19/19/19 18/18/18 17/17/17
f 17/17/17 18/18/18 20/20/20
f 23/23/23 22/22/22 21/21/21
f 21/21/21 22/22/22 24/24/24
f 27/27/27 26/26/26 25/25/25
f 25/25/25 26/26/26 28/28/28
f 31/31/31 30/30/30 29/29/29
f 29/29/29 30/30/30 32/32/32
f 35/35/35 34/34/34 33/33/33
f 33/33/33 34/34/34 36/36/36
f 39/39/39 38/38/38 37/37/37
f 37/37/37 38/38/38 40/40/40
f 43/43/43 42/42/42 41/41/41
f 41/41/41 42/42/42 44/44/44
f 47/47/47 46/46/46 45/45/45
f 45/45/45 46/46/46 48/48/48
f 51/51/51 50/50/50 49/49/49
f 49/49/49 50/50/50 52/52/52
f 55/55/55 54/54/54 53/53/53
f 53/53/53 54/54/54 56/56/56
f 59/59/59 58/58/58 57/57/57
f 57/57/57 58/58/58 60/60/60
f 63/63/63 62/62/62 61/61/61
f 61/61/61 62/62/62 64/64/64
f 67/67/67 66/66/66 65/65/65
f 65/65/65 66/66/66 68/68/68
f 71/71/71 70/70/70 69/69/69
f 69/69/69 70/70/70 72/72/72
f 75/75/75 74/74/74 73/73/73
f 73/73/73 74/74/74 76/76/76
f 79/79/79 78/78/78 77/77/77
f 77/77/77 78/78/78 80/80/80
f 83/83/83 82/82/82 81/81/81
f 84/84/84 81/81/81 82/82/82
f 81/81/81 84/84/84 85/85/85
f 88/88/88 87/87/87 86/86/86
f 89/89/89 86/86/86 87/87/87
f 86/86/86 89/89/89 90/90/90
f 93/93/93 92/92/92 91/91/91
f 91/91/91 92/92/92 94/94/94
f 97/97/97 96/96/96 95/95/95
f 95/95/95 96/96/96 98/98/98
f 101/101/101 100/100/100 99/99/99
f 99/99/99 100/100/100 102/102/102
f 105/105/105 104/104/104 103/103/103
f 103/103/103 104/104/104 106/106/106
f 109/109/109 108/108/108 107/107/107
f 107/107/107 108/108/108 110/110/110
f 113/113/113 112/112/112 111/111/111
f 111/111/111 112/112/112 114/114/114
f 117/117/117 116/116/116 115/115/115
f 115/115/115 116/116/116 118/118/118
f 121/121/121 120/120/120 119/119/119
f 119/119/119 120/120/120 122/122/122
f 125/125/125 124/124/124 123/123/123
f 123/123/123 124/124/124 126/126/126
f 129/129/129 128/128/128 127/127/127
f 127/127/127 128/128/128 130/130/130
f 133/133/133 132/132/132 131/131/131
f 131/131/131 132/132/132 134/134/134
f 137/137/137 136/136/136 135/135/135
f 135/135/135 136/136/136 138/138/138
f 141/141/141 140/140/140 139/139/139
f 142/142/142 139/139/139 140/140/140
f 139/139/139 142/142/142 143/143/143
f 146/146/146 145/145/145 144/144/144
f 144/144/144 145/145/145 147/147/147
f 150/150/150 149/149/149 148/148/148
f 148/148/148 149/149/149 151/151/151
f 154/154/154 153/153/153 152/152/152
f 152/152/152 153/153/153 155/155/155
f 158/158/158 157/157/157 156/156/156
f 156/156/156 157/157/157 159/159/159
f 162/162/162 161/161/161 160/160/160
f 160/160/160 161/161/161 163/163/163
f 166/166/166 165/165/165 164/164/164
f 164/164/164 165/165/165 167/167/167
f 170/170/170 169/169/169 168/168/168
f 168/168/168 169/169/169 171/171/171
f 174/174/174 173/173/173 172/172/172
f 172/172/172 173/173/173 175/175/175
f 178/178/178 177/177/177 176/176/176
f 176/176/176 177/177/177 179/179/179
f 182/182/182 181/181/181 180/180/180
f 180/180/180 181/181/181 183/183/183
f 186/186/186 185/185/185 184/184/184
f 184/184/184 185/185/185 187/187/187
f 190/190/190 189/189/189 188/188/188
f 188/188/188 189/189/189 191/191/191
f 194/194/194 193/193/193 192/192/192
f 192/192/192 193/193/193 195/195/195
f 198/198/198 197/197/197 196/196/196
f 196/196/196 197/197/197 199/199/199
f 202/202/202 201/201/201 200/200/200
f 200/200/200 201/201/201 203/203/203
f 206/206/206 205/205/205 204/204/204
f 204/204/204 205/205/205 207/207/207
f 210/210/210 209/209/209 208/208/208
f 208/208/208 209/209/209 211/211/211
f 214/214/214 213/213/213 212/212/212
f 212/212/212 213/213/213 215/215/215
f 218/218/218 217/217/217 216/216/216
f 216/216/216 217/217/217 219/219/219
f 222/222/222 221/221/221 220/220/220
f 220/220/220 221/221/221 223/223/223
f 226/226/226 225/225/225 224/224/224
f 224/224/224 225/225/225 227/227/227
f 230/230/230 229/229/229 228/228/228
f 228/228/228 229/229/229 231/231/231
f 234/234/234 233/233/233 232/232/232
f 232/232/232 233/233/233 235/235/235
f 238/238/238 237/237/237 236/236/236
f 236/236/236 237/237/237 239/239/239
f 242/242/242 241/241/241 240/240/240
f 240/240/240 241/241/241 243/243/243
f 246/246/246 245/245/245 244/244/244
f 244/244/244 245/245/245 247/247/247
f 250/250/250 249/249/249 248/248/248
f 248/248/248 249/249/249 251/251/251
f 254/254/254 253/253/253 252/252/252
f 252/252/252 253/253/253 255/255/255
f 258/258/258 257/257/257 256/256/256
f 256/256/256 257/257/257 259/259/259
f 262/262/262 261/261/261 260/260/260
f 260/260/260 261/261/261 263/263/263
f 266/266/266 265/265/265 264/264/264
f 264/264/264 265/265/265 267/267/267
f 270/270/270 269/269/269 268/268/268
f 268/268/268 269/269/269 271/271/271
f 274/274/274 273/273/273 272/272/272
f 272/272/272 273/273/273 275/275/275
f 278/278/278 277/277/277 276/276/276
f 276/276/276 277/277/277 279/279/279
f 280/280/280 279/279/279 277/277/277
f 283/283/283 282/282/282 281/281/281
f 281/281/281 282/282/282 284/284/284
f 287/287/287 286/286/286 285/285/285
f 285/285/285 286/286/286 288/288/288
f 291/291/291 290/290/290 289/289/289
f 289/289/289 290/290/290 292/292/292
f 295/295/295 294/294/294 293/293/293
f 293/293/293 294/294/294 296/296/296
f 299/299/299 298/298/298 297/297/297
f 297/297/297 298/298/298 300/300/300
f 303/303/303 302/302/302 301/301/301
f 301/301/301 302/302/302 304/304/304
f 307/307/307 306/306/306 305/305/305
f 305/305/305 306/306/306 308/308/308
f 311/311/311 310/310/310 309/309/309
f 309/309/309 310/310/310 312/312/312
f 315/315/315 314/314/314 313/313/313
f 313/313/313 314/314/314 316/316/316
f 319/319/319 318/318/318 317/317/317
f 317/317/317 318/318/318 320/320/320
f 323/323/323 322/322/322 321/321/321
f 321/321/321 322/322/322 324/324/324
f 327/327/327 326/326/326 325/325/325
f 325/325/325 326/326/326 328/328/328
f 331/331/331 330/330/330 329/329/329
f 329/329/329 330/330/330 332/332/332
f 335/335/335 334/334/334 333/333/333
f 333/333/333 334/334/334 336/336/336
f 339/339/339 338/338/338 337/337/337
f 337/337/337 338/338/338 340/340/340
f 343/343/343 342/342/342 341/341/341
f 341/341/341 342/342/342 344/344/344
f 347/347/347 346/346/346 345/345/345
f 345/345/345 346/346/346 348/348/348
f 351/351/351 350/350/350 349/349/349
f 349/349/349 350/350/350 352/352/352
f 355/355/355 354/354/354 353/353/353
f 353/353/353 354/354/354 356/356/356
f 359/359/359 358/358/358 357/357/357
f 357/357/357 358/358/358 360/360/360
f 363/363/363 362/362/362 361/361/361
f 361/361/361 362/362/362 364/364/364
f 367/367/367 366/366/366 365/365/365
f 365/365/365 366/366/366 368/368/368
f 371/371/371 370/370/370 369/369/369
f 369/369/369 370/370/370 372/372/372
f 375/375/375 374/374/374 373/373/373
f 373/373/373 374/374/374 376/376/376
f 379/379/379 378/378/378 377/377/377
f 377/377/377 378/378/378 380/380/380
f 383/383/383 382/382/382 381/381/381
f 381/381/381 382/382/382 384/384/384
f 387/387/387 386/386/386 385/385/385
f 385/385/385 386/386/386 388/388/388
f 391/391/391 390/390/390 389/389/389
f 389/389/389 390/390/390 392/392/392
f 395/395/395 394/394/394 393/393/393
f 393/393/393 394/394/394 396/396/396
f 399/399/399 398/398/398 397/397/397
f 397/397/397 398/398/398 400/400/400
f 403/403/403 402/402/402 401/401/401
f 401/401/401 402/402/402 404/404/404
f 407/407/407 406/406/406 405/405/405
f 405/405/405 406/406/406 408/408/408
f 411/411/411 410/410/410 409/409/409
f 409/409/409 410/410/410 412/412/412
f 415/415/415 414/414/414 413/413/413
f 413/413/413 414/414/414 416/416/416
f 419/419/419 418/418/418 417/417/417
f 417/417/417 418/418/418 420/420/420
f 423/423/423 422/422/422 421/421/421
f 421/421/421 422/422/422 424/424/424
f 427/427/427 426/426/426 425/425/425
f 425/425/425 426/426/426 428/428/428
f 431/431/431 430/430/430 429/429/429
f 429/429/429 430/430/430 432/432/432
f 435/435/435 434/434/434 433/433/433
f 433/433/433 434/434/434 436/436/436
f 439/439/439 438/438/438 437/437/437
f 437/437/437 438/438/438 440/440/440
f 443/443/443 442/442/442 441/441/441
f 441/441/441 442/442/442 444/444/444
f 447/447/447 446/446/446 445/445/445
f 445/445/445 446/446/446 448/448/448
f 451/451/451 450/450/450 449/449/449
f 449/449/449 450/450/450 452/452/452
f 455/455/455 454/454/454 453/453/453
f 453/453/453 454/454/454 456/456/456
f 459/459/459 458/458/458 457/457/457
f 457/457/457 458/458/458 460/460/460
f 463/463/463 462/462/462 461/461/461
f 461/461/461 462/462/462 464/464/464
f 467/467/467 466/466/466 465/465/465
f 465/465/465 466/466/466 468/468/468
f 471/471/471 470/470/470 469/469/469
f 469/469/469 470/470/470 472/472/472
f 475/475/475 474/474/474 473/473/473
f 473/473/473 474/474/474 476/476/476
f 479/479/479 478/478/478 477/477/477
f 477/477/477 478/478/478 480/480/480
f 483/483/483 482/482/482 481/481/481
f 481/481/481 482/482/482 484/484/484
f 487/487/487 486/486/486 485/485/485
f 485/485/485 486/486/486 488/488/488
f 488/488/488 489/489/489 485/485/485
f 485/485/485 489/489/489 490/490/490
f 493/493/493 492/492/492 491/491/491
f 491/491/491 492/492/492 494/494/494
f 492/492/492 495/495/495 494/494/494
f 494/494/494 495/495/495 496/496/496
f 499/499/499 498/498/498 497/497/497
f 497/497/497 498/498/498 500/500/500
f 503/503/503 502/502/502 501/501/501
f 501/501/501 502/502/502 504/504/504
f 504/504/504 505/505/505 501/501/501
f 501/501/501 505/505/505 506/506/506
f 509/509/509 508/508/508 507/507/507
f 507/507/507 508/508/508 510/510/510
f 510/510/510 508/508/508 511/511/511
f 511/511/511 508/508/508 512/512/512
f 515/515/515 514/514/514 513/513/513
f 513/513/513 514/514/514 516/516/516
f 519/519/519 518/518/518 517/517/517
f 517/517/517 518/518/518 520/520/520
f 523/523/523 522/522/522 521/521/521
f 521/521/521 522/522/522 524/524/524
f 527/527/527 526/526/526 525/525/525
f 525/525/525 526/526/526 528/528/528
f 531/531/531 530/530/530 529/529/529
f 529/529/529 530/530/530 532/532/532
f 535/535/535 534/534/534 533/533/533
f 533/533/533 534/534/534 536/536/536
f 539/539/539 538/538/538 537/537/537
f 537/537/537 538/538/538 540/540/540
f 543/543/543 542/542/542 541/541/541
f 541/541/541 542/542/542 544/544/544
f 547/547/547 546/546/546 545/545/545
f 545/545/545 546/546/546 548/548/548
f 551/551/551 550/550/550 549/549/549
f 549/549/549 550/550/550 552/552/552
f 550/550/550 553/553/553 552/552/552
f 552/552/552 553/553/553 554/554/554
f 557/557/557 556/556/556 555/555/555
f 555/555/555 556/556/556 558/558/558
f 556/556/556 559/559/559 558/558/558
f 558/558/558 559/559/559 560/560/560
f 563/563/563 562/562/562 561/561/561
f 561/561/561 562/562/562 564/564/564
f 567/567/567 566/566/566 565/565/565
f 565/565/565 566/566/566 568/568/568
f 566/566/566 569/569/569 568/568/568
f 568/568/568 569/569/569 570/570/570
f 573/573/573 572/572/572 571/571/571
f 571/571/571 572/572/572 574/574/574
f 577/577/577 576/576/576 575/575/575
f 575/575/575 576/576/576 578/578/578
f 581/581/581 580/580/580 579/579/579
f 579/579/579 580/580/580 582/582/582
f 585/585/585 584/584/584 583/583/583
f 583/583/583 584/584/584 586/586/586
f 589/589/589 588/588/588 587/587/587
f 587/587/587 588/588/588 590/590/590
f 593/593/593 592/592/592 591/591/591
f 591/591/591 592/592/592 594/594/594
f 597/597/597 596/596/596 595/595/595
f 595/595/595 596/596/596 598/598/598
f 601/601/601 600/600/600 599/599/599
f 599/599/599 600/600/600 602/602/602
f 605/605/605 604/604/604 603/603/603
f 603/603/603 604/604/604 606/606/606
f 609/609/609 608/608/608 607/607/607
f 607/607/607 608/608/608 610/610/610
f 613/613/613 612/612/612 611/611/611
f 611/611/611 612/612/612 614/614/614
f 617/617/617 616/616/616 615/615/615
f 615/615/615 616/616/616 618/618/618
f 621/621/621 620/620/620 619/619/619
f 619/619/619 620/620/620 622/622/622
f 625/625/625 624/624/624 623/623/623
f 623/623/623 624/624/624 626/626/626
f 629/629/629 628/628/628 627/627/627
f 627/627/627 628/628/628 630/630/630
f 633/633/633 632/632/632 631/631/631
f 631/631/631 632/632/632 634/634/634
f 637/637/637 636/636/636 635/635/635
f 635/635/635 636/636/636 638/638/638
f 641/641/641 640/640/640 639/639/639
f 639/639/639 640/640/640 642/642/642
f 640/640/640 643/643/643 642/642/642
f 642/642/642 643/643/643 644/644/644
f 647/647/647 646/646/646 645/645/645
f 645/645/645 646/646/646 648/648/648
f 651/651/651 650/650/650 649/649/649
f 649/649/649 650/650/650 652/652/652
f 655/655/655 654/654/654 653/653/653
f 653/653/653 654/654/654 656/656/656
f 659/659/659 658/658/658 657/657/657
f 657/657/657 658/658/658 660/660/660
f 660/660/660 658/658/658 661/661/661
f 661/661/661 658/658/658 662/662/662
f 665/665/665 664/664/664 663/663/663
f 663/663/663 664/664/664 666/666/666
f 669/669/669 668/668/668 667/667/667
f 667/667/667 668/668/668 670/670/670
f 673/673/673 672/672/672 671/671/671
f 671/671/671 672/672/672 674/674/674
f 677/677/677 676/676/676 675/675/675
f 675/675/675 676/676/676 678/678/678
f 681/681/681 680/680/680 679/679/679
f 679/679/679 680/680/680 682/682/682
f 685/685/685 684/684/684 683/683/683
f 684/684/684 686/686/686 683/683/683
f 686/686/686 687/687/687 683/683/683
f 688/688/688 687/687/687 686/686/686
f 689/689/689 688/688/688 686/686/686
f 687/687/687 690/690/690 683/683/683
f 691/691/691 690/690/690 687/687/687
f 692/692/692 691/691/691 687/687/687
f 683/683/683 690/690/690 693/693/693
f 693/693/693 694/694/694 683/683/683
f 695/695/695 694/694/694 693/693/693
f 695/695/695 696/696/696 694/694/694
f 694/694/694 696/696/696 697/697/697
f 698/698/698 695/695/695 693/693/693
f 699/699/699 698/698/698 693/693/693
f 700/700/700 698/698/698 699/699/699
f 699/699/699 701/701/701 700/700/700
f 700/700/700 701/701/701 702/702/702
f 701/701/701 703/703/703 702/702/702
f 702/702/702 703/703/703 704/704/704
f 705/705/705 702/702/702 704/704/704
f 708/708/708 707/707/707 706/706/706
f 708/708/708 709/709/709 707/707/707
f 707/707/707 709/709/709 710/710/710
f 709/709/709 711/711/711 710/710/710
f 712/712/712 709/709/709 708/708/708
f 713/713/713 712/712/712 708/708/708
f 716/716/716 715/715/715 714/714/714
f 717/717/717 714/714/714 715/715/715
f 718/718/718 714/714/714 717/717/717
f 719/719/719 714/714/714 718/718/718
f 720/720/720 714/714/714 719/719/719
f 723/723/723 722/722/722 721/721/721
f 724/724/724 721/721/721 722/722/722
f 725/725/725 724/724/724 722/722/722
f 728/728/728 727/727/727 726/726/726
f 728/728/728 729/729/729 727/727/727
f 730/730/730 727/727/727 729/729/729
f 731/731/731 730/730/730 729/729/729
f 732/732/732 730/730/730 731/731/731
f 733/733/733 730/730/730 732/732/732
f 736/736/736 735/735/735 734/734/734
f 736/736/736 737/737/737 735/735/735
f 738/738/738 735/735/735 737/737/737
f 739/739/739 735/735/735 738/738/738
f 740/740/740 739/739/739 738/738/738
f 741/741/741 739/739/739 740/740/740
f 744/744/744 743/743/743 742/742/742
f 743/743/743 745/745/745 742/742/742
f 746/746/746 742/742/742 745/745/745
f 749/749/749 748/748/748 747/747/747
f 749/749/749 750/750/750 748/748/748
f 750/750/750 751/751/751 748/748/748
f 750/750/750 752/752/752 751/751/751
f 753/753/753 751/751/751 752/752/752
f 752/752/752 754/754/754 753/753/753
f 753/753/753 755/755/755 751/751/751
f 756/756/756 751/751/751 755/755/755
f 754/754/754 752/752/752 757/757/757
f 758/758/758 756/756/756 755/755/755
f 759/759/759 754/754/754 757/757/757
f 759/759/759 757/757/757 758/758/758
f 760/760/760 756/756/756 758/758/758
f 757/757/757 760/760/760 758/758/758
f 761/761/761 760/760/760 757/757/757
f 764/764/764 763/763/763 762/762/762
f 763/763/763 764/764/764 765/765/765
f 766/766/766 763/763/763 765/765/765
f 769/769/769 768/768/768 767/767/767
f 770/770/770 768/768/768 769/769/769
f 770/770/770 769/769/769 771/771/771
f 768/768/768 770/770/770 772/772/772
f 768/768/768 772/772/772 773/773/773
f 772/772/772 774/774/774 773/773/773
f 773/773/773 774/774/774 775/775/775
f 770/770/770 771/771/771 776/776/776
f 776/776/776 775/775/775 774/774/774
f 771/771/771 777/777/777 776/776/776
f 775/775/775 776/776/776 777/777/777
f 780/780/780 779/779/779 778/778/778
f 780/780/780 781/781/781 779/779/779
f 779/779/779 781/781/781 782/782/782
f 783/783/783 782/782/782 781/781/781
f 784/784/784 782/782/782 783/783/783
f 785/785/785 782/782/782 784/784/784
f 788/788/788 787/787/787 786/786/786
f 789/789/789 786/786/786 787/787/787
f 790/790/790 786/786/786 789/789/789
f 790/790/790 789/789/789 791/791/791
f 794/794/794 793/793/793 792/792/792
f 795/795/795 792/792/792 793/793/793
f 796/796/796 795/795/795 793/793/793
f 799/799/799 798/798/798 797/797/797
f 798/798/798 799/799/799 800/800/800
f 801/801/801 798/798/798 800/800/800
f 804/804/804 803/803/803 802/802/802
f 803/803/803 804/804/804 805/805/805
f 803/803/803 805/805/805 806/806/806
f 805/805/805 804/804/804 807/807/807
f 805/805/805 808/808/808 806/806/806
f 806/806/806 808/808/808 809/809/809
f 804/804/804 810/810/810 807/807/807
f 809/809/809 808/808/808 811/811/811
f 808/808/808 810/810/810 811/811/811
f 804/804/804 812/812/812 810/810/810
f 812/812/812 811/811/811 810/810/810
f 813/813/813 811/811/811 812/812/812
f 814/814/814 813/813/813 812/812/812
f 815/815/815 813/813/813 814/814/814
f 818/818/818 817/817/817 816/816/816
f 817/817/817 818/818/818 819/819/819
f 820/820/820 817/817/817 819/819/819
f 823/823/823 822/822/822 821/821/821
f 823/823/823 824/824/824 822/822/822
f 825/825/825 822/822/822 824/824/824
f 826/826/826 825/825/825 824/824/824
f 827/827/827 825/825/825 826/826/826
f 828/828/828 825/825/825 827/827/827
f 831/831/831 830/830/830 829/829/829
f 830/830/830 831/831/831 832/832/832
f 833/833/833 830/830/830 832/832/832
f 836/836/836 835/835/835 834/834/834
f 837/837/837 834/834/834 835/835/835
f 837/837/837 835/835/835 838/838/838
f 839/839/839 838/838/838 835/835/835
f 842/842/842 841/841/841 840/840/840
f 843/843/843 840/840/840 841/841/841
f 843/843/843 844/844/844 840/840/840
f 845/845/845 840/840/840 844/844/844
f 845/845/845 844/844/844 846/846/846
f 847/847/847 846/846/846 844/844/844
f 850/850/850 849/849/849 848/848/848
f 849/849/849 850/850/850 851/851/851
f 849/849/849 851/851/851 852/852/852
f 853/853/853 852/852/852 851/851/851
f 856/856/856 855/855/855 854/854/854
f 856/856/856 857/857/857 855/855/855
f 857/857/857 858/858/858 855/855/855
f 859/859/859 855/855/855 858/858/858
f 860/860/860 859/859/859 858/858/858
f 861/861/861 859/859/859 860/860/860
f 864/864/864 863/863/863 862/862/862
f 862/862/862 863/863/863 865/865/865
f 863/863/863 866/866/866 865/865/865
f 867/867/867 865/865/865 866/866/866
f 868/868/868 867/867/867 866/866/866
f 869/869/869 868/868/868 866/866/866
f 872/872/872 871/871/871 870/870/870
f 870/870/870 871/871/871 873/873/873
f 873/873/873 871/871/871 874/874/874
f 875/875/875 874/874/874 871/871/871
f 876/876/876 874/874/874 875/875/875
f 876/876/876 875/875/875 877/877/877
f 875/875/875 878/878/878 877/877/877
f 877/877/877 878/878/878 879/879/879
f 874/874/874 880/880/880 873/873/873
f 878/878/878 881/881/881 879/879/879
f 879/879/879 881/881/881 880/880/880
f 881/881/881 882/882/882 880/880/880
f 880/880/880 882/882/882 873/873/873
f 883/883/883 881/881/881 878/878/878
f 878/878/878 884/884/884 883/883/883
f 885/885/885 873/873/873 882/882/882
f 886/886/886 883/883/883 884/884/884
f 885/885/885 883/883/883 886/886/886
f 884/884/884 887/887/887 886/886/886
f 888/888/888 873/873/873 885/885/885
f 888/888/888 885/885/885 886/886/886
f 873/873/873 888/888/888 889/889/889
f 886/886/886 887/887/887 890/890/890
f 891/891/891 889/889/889 888/888/888
f 887/887/887 892/892/892 890/890/890
f 893/893/893 892/892/892 887/887/887
f 892/892/892 893/893/893 894/894/894
f 895/895/895 894/894/894 893/893/893
f 893/893/893 896/896/896 895/895/895
f 895/895/895 896/896/896 897/897/897
f 889/889/889 897/897/897 896/896/896
f 898/898/898 890/890/890 892/892/892
f 891/891/891 890/890/890 898/898/898
f 897/897/897 889/889/889 898/898/898
f 898/898/898 889/889/889 891/891/891
f 901/901/901 900/900/900 899/899/899
f 900/900/900 901/901/901 902/902/902
f 903/903/903 900/900/900 902/902/902
f 906/906/906 905/905/905 904/904/904
f 905/905/905 906/906/906 907/907/907
f 908/908/908 905/905/905 907/907/907
f 911/911/911 910/910/910 909/909/909
f 910/910/910 911/911/911 912/912/912
f 912/912/912 911/911/911 913/913/913
f 916/916/916 915/915/915 914/914/914
f 915/915/915 916/916/916 917/917/917
f 915/915/915 917/917/917 918/918/918
f 919/919/919 918/918/918 917/917/917
f 922/922/922 921/921/921 920/920/920
f 921/921/921 922/922/922 923/923/923
f 924/924/924 921/921/921 923/923/923
f 927/927/927 926/926/926 925/925/925
f 926/926/926 927/927/927 928/928/928
f 928/928/928 927/927/927 929/929/929
f 930/930/930 928/928/928 929/929/929
f 933/933/933 932/932/932 931/931/931
f 933/933/933 934/934/934 932/932/932
f 932/932/932 934/934/934 935/935/935
f 935/935/935 934/934/934 936/936/936
f 937/937/937 936/936/936 934/934/934
f 938/938/938 935/935/935 936/936/936
f 939/939/939 935/935/935 938/938/938
f 939/939/939 938/938/938 940/940/940
f 941/941/941 940/940/940 938/938/938
f 942/942/942 936/936/936 937/937/937
f 943/943/943 940/940/940 941/941/941
f 944/944/944 943/943/943 941/941/941
f 940/940/940 943/943/943 945/945/945
f 946/946/946 943/943/943 944/944/944
f 946/946/946 944/944/944 947/947/947
f 944/944/944 942/942/942 947/947/947
f 947/947/947 942/942/942 937/937/937
f 937/937/937 948/948/948 947/947/947
f 943/943/943 949/949/949 945/945/945
f 937/937/937 950/950/950 948/948/948
f 948/948/948 950/950/950 949/949/949
f 951/951/951 949/949/949 950/950/950
f 951/951/951 945/945/945 949/949/949
f 952/952/952 950/950/950 937/937/937
f 951/951/951 953/953/953 945/945/945
f 952/952/952 937/937/937 954/954/954
f 955/955/955 945/945/945 953/953/953
f 945/945/945 955/955/955 956/956/956
f 955/955/955 957/957/957 956/956/956
f 955/955/955 953/953/953 958/958/958
f 953/953/953 952/952/952 958/958/958
f 958/958/958 952/952/952 954/954/954
f 959/959/959 958/958/958 954/954/954
f 960/960/960 956/956/956 957/957/957
f 960/960/960 959/959/959 954/954/954
f 960/960/960 957/957/957 961/961/961
f 961/961/961 959/959/959 960/960/960
f 964/964/964 963/963/963 962/962/962
f 963/963/963 965/965/965 962/962/962
f 966/966/966 962/962/962 965/965/965
f 966/966/966 965/965/965 967/967/967
f 968/968/968 967/967/967 965/965/965
f 971/971/971 970/970/970 969/969/969
f 970/970/970 972/972/972 969/969/969
f 972/972/972 973/973/973 969/969/969
f 974/974/974 969/969/969 973/973/973
f 974/974/974 973/973/973 975/975/975
f 978/978/978 977/977/977 976/976/976
f 977/977/977 979/979/979 976/976/976
f 976/976/976 979/979/979 980/980/980
f 979/979/979 981/981/981 980/980/980
f 982/982/982 980/980/980 981/981/981
f 983/983/983 980/980/980 982/982/982
f 986/986/986 985/985/985 984/984/984
f 986/986/986 987/987/987 985/985/985
f 988/988/988 985/985/985 987/987/987
f 989/989/989 985/985/985 988/988/988
f 990/990/990 989/989/989 988/988/988
f 991/991/991 989/989/989 990/990/990
f 994/994/994 993/993/993 992/992/992
f 993/993/993 995/995/995 992/992/992
f 992/992/992 995/995/995 996/996/996
f 995/995/995 997/997/997 996/996/996
f 998/998/998 996/996/996 997/997/997
f 999/999/999 996/996/996 998/998/998
f 1002/1002/1002 1001/1001/1001 1000/1000/1000
f 1002/1002/1002 1003/1003/1003 1001/1001/1001
f 1004/1004/1004 1001/1001/1001 1003/1003/1003
f 1001/1001/1001 1004/1004/1004 1005/1005/1005
f 1006/1006/1006 1005/1005/1005 1004/1004/1004
f 1007/1007/1007 1005/1005/1005 1006/1006/1006
f 1010/1010/1010 1009/1009/1009 1008/1008/1008
f 1009/1009/1009 1011/1011/1011 1008/1008/1008
f 1008/1008/1008 1011/1011/1011 1012/1012/1012
f 1011/1011/1011 1013/1013/1013 1012/1012/1012
f 1014/1014/1014 1012/1012/1012 1013/1013/1013
f 1015/1015/1015 1012/1012/1012 1014/1014/1014
f 1018/1018/1018 1017/1017/1017 1016/1016/1016
f 1018/1018/1018 1019/1019/1019 1017/1017/1017
f 1019/1019/1019 1020/1020/1020 1017/1017/1017
f 1017/1017/1017 1020/1020/1020 1021/1021/1021
f 1022/1022/1022 1021/1021/1021 1020/1020/1020
f 1023/1023/1023 1021/1021/1021 1022/1022/1022
f 1024/1024/1024 1023/1023/1023 1022/1022/1022
f 1025/1025/1025 1021/1021/1021 1023/1023/1023
f 1026/1026/1026 1021/1021/1021 1025/1025/1025
f 1029/1029/1029 1028/1028/1028 1027/1027/1027
f 1027/1027/1027 1028/1028/1028 1030/1030/1030
f 1028/1028/1028 1031/1031/1031 1030/1030/1030
f 1030/1030/1030 1031/1031/1031 1032/1032/1032
f 1033/1033/1033 1032/1032/1032 1031/1031/1031
f 1033/1033/1033 1034/1034/1034 1032/1032/1032
f 1033/1033/1033 1031/1031/1031 1035/1035/1035
f 1034/1034/1034 1033/1033/1033 1036/1036/1036
f 1035/1035/1035 1031/1031/1031 1037/1037/1037
f 1036/1036/1036 1035/1035/1035 1037/1037/1037
f 1037/1037/1037 1034/1034/1034 1036/1036/1036
f 1040/1040/1040 1039/1039/1039 1038/1038/1038
f 1039/1039/1039 1041/1041/1041 1038/1038/1038
f 1042/1042/1042 1041/1041/1041 1039/1039/1039
f 1043/1043/1043 1041/1041/1041 1042/1042/1042
f 1038/1038/1038 1041/1041/1041 1044/1044/1044
f 1041/1041/1041 1045/1045/1045 1044/1044/1044
f 1046/1046/1046 1044/1044/1044 1045/1045/1045
f 1047/1047/1047 1046/1046/1046 1045/1045/1045
f 1048/1048/1048 1046/1046/1046 1047/1047/1047
f 1049/1049/1049 1048/1048/1048 1047/1047/1047
f 1050/1050/1050 1048/1048/1048 1049/1049/1049
f 1053/1053/1053 1052/1052/1052 1051/1051/1051
f 1054/1054/1054 1051/1051/1051 1052/1052/1052
f 1054/1054/1054 1052/1052/1052 1055/1055/1055
f 1054/1054/1054 1055/1055/1055 1056/1056/1056
f 1055/1055/1055 1057/1057/1057 1056/1056/1056
f 1056/1056/1056 1057/1057/1057 1058/1058/1058
f 1052/1052/1052 1053/1053/1053 1059/1059/1059
f 1057/1057/1057 1059/1059/1059 1058/1058/1058
f 1053/1053/1053 1060/1060/1060 1059/1059/1059
f 1060/1060/1060 1058/1058/1058 1059/1059/1059
f 1063/1063/1063 1062/1062/1062 1061/1061/1061
f 1061/1061/1061 1062/1062/1062 1064/1064/1064
f 1065/1065/1065 1064/1064/1064 1062/1062/1062
f 1066/1066/1066 1064/1064/1064 1065/1065/1065
f 1066/1066/1066 1065/1065/1065 1067/1067/1067
f 1067/1067/1067 1068/1068/1068 1066/1066/1066
f 1069/1069/1069 1062/1062/1062 1063/1063/1063
f 1068/1068/1068 1067/1067/1067 1069/1069/1069
f 1063/1063/1063 1070/1070/1070 1069/1069/1069
f 1068/1068/1068 1069/1069/1069 1070/1070/1070
f 1073/1073/1073 1072/1072/1072 1071/1071/1071
f 1072/1072/1072 1074/1074/1074 1071/1071/1071
f 1074/1074/1074 1072/1072/1072 1075/1075/1075
f 1076/1076/1076 1074/1074/1074 1075/1075/1075
f 1077/1077/1077 1076/1076/1076 1075/1075/1075
f 1078/1078/1078 1076/1076/1076 1077/1077/1077
f 1079/1079/1079 1072/1072/1072 1073/1073/1073
f 1077/1077/1077 1079/1079/1079 1078/1078/1078
f 1080/1080/1080 1079/1079/1079 1073/1073/1073
f 1079/1079/1079 1080/1080/1080 1078/1078/1078
f 1083/1083/1083 1082/1082/1082 1081/1081/1081
f 1082/1082/1082 1084/1084/1084 1081/1081/1081
f 1082/1082/1082 1085/1085/1085 1084/1084/1084
f 1086/1086/1086 1084/1084/1084 1085/1085/1085
f 1087/1087/1087 1086/1086/1086 1085/1085/1085
f 1088/1088/1088 1086/1086/1086 1087/1087/1087
f 1083/1083/1083 1089/1089/1089 1082/1082/1082
f 1089/1089/1089 1088/1088/1088 1087/1087/1087
f 1090/1090/1090 1089/1089/1089 1083/1083/1083
f 1089/1089/1089 1090/1090/1090 1088/1088/1088
f 1093/1093/1093 1092/1092/1092 1091/1091/1091
f 1093/1093/1093 1094/1094/1094 1092/1092/1092
f 1092/1092/1092 1094/1094/1094 1095/1095/1095
f 1096/1096/1096 1095/1095/1095 1094/1094/1094
f 1097/1097/1097 1095/1095/1095 1096/1096/1096
f 1097/1097/1097 1096/1096/1096 1098/1098/1098
f 1092/1092/1092 1099/1099/1099 1091/1091/1091
f 1097/1097/1097 1098/1098/1098 1099/1099/1099
f 1091/1091/1091 1099/1099/1099 1100/1100/1100
f 1098/1098/1098 1100/1100/1100 1099/1099/1099
f 1103/1103/1103 1102/1102/1102 1101/1101/1101
f 1102/1102/1102 1103/1103/1103 1104/1104/1104
f 1104/1104/1104 1103/1103/1103 1105/1105/1105
f 1106/1106/1106 1104/1104/1104 1105/1105/1105
f 1105/1105/1105 1107/1107/1107 1106/1106/1106
f 1106/1106/1106 1107/1107/1107 1108/1108/1108
f 1103/1103/1103 1101/1101/1101 1109/1109/1109
f 1109/1109/1109 1108/1108/1108 1107/1107/1107
f 1101/1101/1101 1110/1110/1110 1109/1109/1109
f 1108/1108/1108 1109/1109/1109 1110/1110/1110
f 1113/1113/1113 1112/1112/1112 1111/1111/1111
f 1111/1111/1111 1114/1114/1114 1113/1113/1113
f 1112/1112/1112 1113/1113/1113 1115/1115/1115
f 1113/1113/1113 1114/1114/1114 1116/1116/1116
f 1117/1117/1117 1112/1112/1112 1115/1115/1115
f 1115/1115/1115 1118/1118/1118 1117/1117/1117
f 1114/1114/1114 1119/1119/1119 1116/1116/1116
f 1117/1117/1117 1118/1118/1118 1119/1119/1119
f 1120/1120/1120 1116/1116/1116 1119/1119/1119
f 1118/1118/1118 1120/1120/1120 1119/1119/1119
f 1123/1123/1123 1122/1122/1122 1121/1121/1121
f 1121/1121/1121 1122/1122/1122 1124/1124/1124
f 1125/1125/1125 1122/1122/1122 1123/1123/1123
f 1126/1126/1126 1124/1124/1124 1122/1122/1122
f 1123/1123/1123 1127/1127/1127 1125/1125/1125
f 1128/1128/1128 1124/1124/1124 1126/1126/1126
f 1127/1127/1127 1129/1129/1129 1125/1125/1125
f 1128/1128/1128 1126/1126/1126 1130/1130/1130
f 1127/1127/1127 1131/1131/1131 1129/1129/1129
f 1128/1128/1128 1130/1130/1130 1132/1132/1132
f 1131/1131/1131 1133/1133/1133 1129/1129/1129
f 1130/1130/1130 1133/1133/1133 1132/1132/1132
f 1133/1133/1133 1131/1131/1131 1134/1134/1134
f 1132/1132/1132 1133/1133/1133 1134/1134/1134
f 1137/1137/1137 1136/1136/1136 1135/1135/1135
f 1136/1136/1136 1137/1137/1137 1138/1138/1138
f 1137/1137/1137 1135/1135/1135 1139/1139/1139
f 1140/1140/1140 1139/1139/1139 1135/1135/1135
f 1139/1139/1139 1140/1140/1140 1141/1141/1141
f 1140/1140/1140 1142/1142/1142 1141/1141/1141
f 1137/1137/1137 1143/1143/1143 1138/1138/1138
f 1141/1141/1141 1142/1142/1142 1143/1143/1143
f 1138/1138/1138 1143/1143/1143 1144/1144/1144
f 1144/1144/1144 1143/1143/1143 1142/1142/1142
f 1147/1147/1147 1146/1146/1146 1145/1145/1145
f 1148/1148/1148 1145/1145/1145 1146/1146/1146
f 1149/1149/1149 1147/1147/1147 1145/1145/1145
f 1150/1150/1150 1145/1145/1145 1148/1148/1148
f 1151/1151/1151 1147/1147/1147 1149/1149/1149
f 1150/1150/1150 1148/1148/1148 1152/1152/1152
f 1153/1153/1153 1151/1151/1151 1149/1149/1149
f 1152/1152/1152 1153/1153/1153 1150/1150/1150
f 1154/1154/1154 1151/1151/1151 1153/1153/1153
f 1154/1154/1154 1153/1153/1153 1152/1152/1152
f 1157/1157/1157 1156/1156/1156 1155/1155/1155
f 1158/1158/1158 1155/1155/1155 1156/1156/1156
f 1159/1159/1159 1157/1157/1157 1155/1155/1155
f 1160/1160/1160 1157/1157/1157 1159/1159/1159
f 1161/1161/1161 1160/1160/1160 1159/1159/1159
f 1160/1160/1160 1161/1161/1161 1162/1162/1162
f 1163/1163/1163 1155/1155/1155 1158/1158/1158
f 1163/1163/1163 1162/1162/1162 1161/1161/1161
f 1164/1164/1164 1163/1163/1163 1158/1158/1158
f 1163/1163/1163 1164/1164/1164 1162/1162/1162
