v -1.183330 0.353720 5.668042
v -0.932028 0.353720 5.693228
v -1.243920 0.353720 5.662202
v -0.805920 0.353720 7.114902
v -0.692040 0.353720 7.114902
v -1.143180 0.353720 7.114902
v -0.935860 0.353720 7.114902
v -0.805920 0.353720 7.114902
v -0.859575 0.353720 7.701275
v -0.838770 0.353720 7.703282
v -0.882570 0.353720 7.700362
v 0.920530 0.353719 8.605562
v 0.920530 -0.046281 8.605562
v 0.762303 -0.046281 8.645164
v 1.015430 0.353719 8.605562
v 1.015430 -0.046281 8.605562
v 0.920530 0.353719 8.605562
v 0.762303 -0.046281 8.645164
v 0.762303 0.353719 8.645164
v 1.015430 0.353719 8.605562
v 0.920530 -0.046281 8.605562
v 0.762303 0.353719 8.645164
v 0.762303 -0.046281 8.645164
v 0.710290 -0.046281 8.764703
v 0.710290 0.353719 8.764703
v 0.747885 -0.046281 8.861975
v 0.762303 0.353719 8.645164
v 0.710290 -0.046281 8.764703
v 0.710290 0.353719 8.764703
v 0.747885 -0.046281 8.861975
v 0.747885 0.353719 8.861975
v 0.747885 0.353719 8.861975
v 0.747885 -0.046281 8.861975
v 0.884030 -0.046281 8.903402
v 0.884030 0.353719 8.903402
v 1.015430 -0.046281 8.903402
v 0.747885 0.353719 8.861975
v 0.884030 -0.046281 8.903402
v 0.884030 0.353719 8.903402
v 1.015430 -0.046281 8.903402
v 1.015430 0.353719 8.903402
v 1.015430 0.353719 8.903402
v 1.015430 -0.046281 8.903402
v 1.015430 -0.046281 8.605562
v 1.015430 0.353719 8.903402
v 1.015430 -0.046281 8.605562
v 1.015430 0.353719 8.605562
v 0.835850 0.353719 8.164642
v 0.835850 -0.046281 8.164642
v 0.666308 -0.046281 8.215560
v 1.015430 0.353719 8.164642
v 0.835850 0.353719 8.164642
v 0.666308 -0.046281 8.215560
v 0.666308 0.353719 8.215560
v 1.015430 0.353719 8.477082
v 1.015430 -0.046281 8.477082
v 1.015430 -0.046281 8.164642
v 1.015430 0.353719 8.477082
v 1.015430 -0.046281 8.164642
v 1.015430 0.353719 8.164642
v 1.015430 0.353719 8.164642
v 1.015430 -0.046281 8.164642
v 0.835850 -0.046281 8.164642
v 0.351130 0.353719 8.036162
v 0.351130 -0.046281 8.036162
v 0.351130 -0.046281 8.691703
v 0.351130 0.353719 8.036162
v 0.351130 -0.046281 8.691703
v 0.351130 0.353719 8.691703
v 0.351130 0.353719 8.691703
v 0.351130 -0.046281 8.691703
v 0.221190 -0.046281 8.691703
v 0.351130 0.353719 8.691703
v 0.221190 -0.046281 8.691703
v 0.221190 0.353719 8.691703
v 0.221190 0.353719 8.691703
v 0.221190 -0.046281 8.691703
v 0.221190 -0.046281 8.036162
v 0.221190 0.353719 8.691703
v 0.221190 -0.046281 8.036162
v 0.221190 0.353719 8.036162
v 0.221190 0.353719 8.036162
v 0.221190 -0.046281 8.036162
v 0.351130 -0.046281 8.036162
v 0.221190 0.353719 8.036162
v 0.351130 -0.046281 8.036162
v 0.351130 0.353719 8.036162
v 0.362810 0.353719 8.890263
v 0.362810 -0.046281 8.890263
v 0.339998 -0.046281 8.944830
v 0.339998 -0.046281 8.944830
v 0.339998 0.353719 8.944830
v 0.339998 -0.046281 8.944830
v 0.285430 -0.046281 8.967643
v 0.285430 0.353719 8.967643
v 0.208050 0.353719 8.890263
v 0.208050 -0.046281 8.890263
v 0.230863 -0.046281 8.835695
v 0.230863 -0.046281 8.835695
v 0.230863 0.353719 8.835695
v 0.230863 -0.046281 8.835695
v 0.285430 -0.046281 8.812882
v 0.285430 0.353719 8.812882
v -0.488370 0.353720 8.590962
v -0.488370 -0.046280 8.590962
v -0.354050 -0.046281 8.590962
v -0.354050 -0.046281 8.590962
v -0.354050 0.353720 8.590962
v -0.087052 0.353719 8.544243
v -0.048910 -0.046281 8.461022
v -0.048910 0.353719 8.461022
v -0.087052 0.353719 8.544243
v -0.087053 -0.046281 8.544243
v -0.178850 0.353719 8.579283
v -0.178850 -0.046281 8.579283
v -0.268092 0.353719 8.545155
v -0.268093 -0.046281 8.545155
v -0.305870 0.353720 8.463943
v -0.305870 -0.046281 8.463943
v -0.305870 0.353720 8.463943
v -0.268093 -0.046281 8.545155
v -0.178850 -0.046281 8.579283
v -0.178850 0.353719 8.579283
v -0.087053 -0.046281 8.544243
v -0.087052 0.353719 8.544243
v -0.048910 0.353719 8.461022
v -0.048910 -0.046281 8.461022
v -0.085045 -0.046281 8.374335
v -0.048910 0.353719 8.461022
v -0.085045 -0.046281 8.374335
v -0.085045 0.353719 8.374335
v -0.180310 0.353719 8.341303
v -0.180310 -0.046281 8.341302
v -0.270465 -0.046281 8.375794
v -0.085045 0.353719 8.374335
v -0.085045 -0.046281 8.374335
v -0.180310 -0.046281 8.341302
v -0.180310 0.353719 8.341303
v -0.270465 -0.046281 8.375794
v -0.270465 0.353720 8.375795
v -0.270465 0.353720 8.375795
v -0.270465 -0.046281 8.375794
v -0.305870 -0.046281 8.463943
v -0.270465 0.353720 8.375795
v -0.305870 0.353720 8.463943
v -0.037960 0.353720 7.976302
v -0.037960 -0.046281 7.976302
v 0.003650 -0.046281 7.904762
v -0.037960 0.353720 7.976302
v 0.003650 -0.046281 7.904762
v 0.003650 0.353720 7.904762
v 0.003650 0.353720 7.904762
v 0.003650 -0.046281 7.904762
v -0.043253 -0.046281 7.829755
v 0.003650 0.353720 7.904762
v -0.043253 -0.046281 7.829755
v -0.043252 0.353720 7.829755
v -0.043252 0.353720 7.829755
v -0.043253 -0.046281 7.829755
v -0.178850 -0.046280 7.804022
v -0.178850 0.353720 7.804022
v -0.312075 -0.046280 7.829025
v -0.043252 0.353720 7.829755
v -0.178850 -0.046280 7.804022
v -0.178850 0.353720 7.804022
v -0.312075 -0.046280 7.829025
v -0.312075 0.353720 7.829025
v -0.359890 -0.046280 7.898922
v -0.359890 0.353720 7.898922
v -0.312075 0.353720 7.829025
v -0.312075 -0.046280 7.829025
v -0.359890 -0.046280 7.898922
v -0.359890 0.353720 7.898922
v -0.359890 -0.046280 7.898922
v -0.282693 -0.046280 7.982690
v -0.282693 0.353720 7.982690
v -0.145270 -0.046280 8.004043
v -0.145270 0.353720 8.004043
v -0.037960 -0.046281 7.976302
v -0.359890 0.353720 7.898922
v -0.282693 -0.046280 7.982690
v -0.282693 0.353720 7.982690
v -0.145270 -0.046280 8.004043
v -0.145270 0.353720 8.004043
v -0.037960 -0.046281 7.976302
v -0.037960 0.353720 7.976302
v -0.812490 0.353720 7.836143
v -0.812490 -0.046280 7.836143
v -0.848990 -0.046280 7.836143
v -0.812490 0.353720 7.836143
v -0.848990 0.353720 7.836143
v -0.988420 -0.046280 7.893447
v -0.988420 0.353720 7.893447
v 0.535820 0.353719 7.443402
v 0.535820 -0.046281 7.443402
v 0.924180 -0.046281 7.443402
v 0.535820 0.353719 7.443402
v 0.924180 -0.046281 7.443402
v 0.924180 0.353719 7.443402
v 0.342005 0.353720 7.096105
v 0.442380 -0.046281 7.014163
v 0.442380 0.353720 7.014163
v 0.342005 -0.046281 7.096105
v 0.442380 -0.046281 7.014163
v 0.235060 0.353720 7.122202
v 0.235060 -0.046280 7.122202
v 0.146365 0.353720 7.095192
v 0.146365 -0.046280 7.095192
v 0.442380 0.353720 7.014163
v 0.442380 -0.046281 7.014163
v 0.442380 -0.046281 7.155782
v 0.442380 -0.046281 7.155782
v 0.442380 0.353719 7.155782
v 0.262070 0.353720 6.838415
v 0.324120 -0.046280 6.746983
v 0.324120 0.353720 6.746983
v 0.262070 -0.046280 6.838415
v 0.324120 -0.046280 6.746983
v 0.116800 0.353720 6.900282
v 0.116800 -0.046280 6.900282
v 0.324120 0.353720 6.746983
v 0.324120 -0.046280 6.746983
v 0.297658 -0.046280 6.680735
v 0.324120 0.353720 6.746983
v 0.297658 -0.046280 6.680735
v 0.297658 0.353720 6.680735
v 0.297658 0.353720 6.680735
v 0.297658 -0.046280 6.680735
v 0.230680 -0.046280 6.655003
v 0.230680 0.353720 6.655003
v 0.171550 -0.046280 6.669420
v 0.171550 0.353720 6.669420
v 0.116800 -0.046280 6.709023
v 0.297658 0.353720 6.680735
v 0.230680 -0.046280 6.655003
v 0.230680 0.353720 6.655003
v 0.171550 -0.046280 6.669420
v 0.171550 0.353720 6.669420
v 0.116800 -0.046280 6.709023
v 0.116800 0.353720 6.709023
v 0.116800 0.353720 6.709023
v 0.116800 -0.046280 6.709023
v 0.116800 -0.046280 6.900282
v 0.116800 0.353720 6.709023
v 0.116800 -0.046280 6.900282
v 0.116800 0.353720 6.900282
v -0.189800 0.353720 6.763042
v -0.189800 -0.046280 6.763042
v -0.309155 -0.046280 6.698072
v -0.189800 0.353720 6.763042
v -0.309155 0.353720 6.698072
v -0.404420 -0.046280 6.676902
v -0.404420 0.353720 6.676902
v -0.472310 -0.046280 6.697707
v -0.472310 0.353720 6.697707
v -0.500780 -0.046280 6.751362
v -0.500780 0.353720 6.751362
v -0.602980 0.353720 7.190823
v -0.602980 -0.046280 7.190823
v -0.602980 -0.046280 7.062342
v -0.602980 -0.046280 7.062342
v -0.602980 0.353720 7.062342
v -0.602980 0.353720 7.062342
v -0.602980 -0.046280 7.062342
v -0.498773 -0.046280 7.114720
v -0.602980 0.353720 7.062342
v -0.498772 0.353720 7.114720
v -0.413180 -0.046280 7.130962
v -0.413180 0.353720 7.130962
v -0.350400 -0.046280 7.114172
v -0.350400 0.353720 7.114172
v -0.935860 0.353720 7.367482
v -0.935860 -0.046280 7.367482
v -0.935860 -0.046280 7.231702
v -0.935860 0.353720 7.367482
v -0.935860 -0.046280 7.231702
v -0.935860 0.353720 7.231702
v 1.266550 0.353720 5.116162
v 1.266550 -0.046280 5.116162
v 1.409630 -0.046281 5.116162
v 1.266550 0.353720 5.116162
v 1.409630 0.353720 5.116162
v 1.409630 0.353720 5.116162
v 1.409630 -0.046281 5.116162
v 1.409630 -0.046281 6.111882
v 1.409630 0.353720 5.116162
v 1.409630 -0.046281 6.111882
v 1.409630 0.353719 6.111882
v 0.181040 0.353720 5.199018
v 0.181040 -0.046280 5.199018
v 0.437270 -0.046280 5.103022
v 0.437270 -0.046280 5.103022
v 0.437270 0.353720 5.103022
v 0.437270 -0.046280 5.103022
v 0.685835 -0.046280 5.201207
v 0.685835 0.353720 5.201207
v 0.683645 0.353720 5.688300
v 0.683645 -0.046280 5.688300
v 0.437270 -0.046280 5.784842
v 0.437270 -0.046280 5.784842
v 0.437270 0.353720 5.784842
v 0.437270 -0.046280 5.784842
v 0.182683 -0.046280 5.690490
v 0.182683 0.353720 5.690490
v 0.275575 0.353720 5.281325
v 0.275575 -0.046280 5.281325
v 0.215350 -0.046280 5.449042
v 0.215350 0.353720 5.449042
v 0.278313 -0.046280 5.606175
v 0.278313 0.353720 5.606175
v 0.275575 0.353720 5.281325
v 0.215350 -0.046280 5.449042
v 0.590570 0.353720 5.606358
v 0.590570 -0.046280 5.606358
v 0.650430 -0.046280 5.450502
v 0.590570 0.353720 5.606358
v 0.650430 0.353720 5.450502
v 0.591665 -0.046280 5.283150
v 0.591665 0.353720 5.283150
v -0.120085 0.353720 5.201207
v -0.120085 -0.046280 5.201207
v -0.022630 -0.046280 5.450502
v -0.022630 -0.046280 5.450502
v -0.022630 0.353720 5.450502
v -0.022630 -0.046280 5.450502
v -0.122275 -0.046280 5.688300
v -0.122275 0.353720 5.688300
v -0.623237 0.353720 5.690490
v -0.623238 -0.046280 5.690490
v -0.723430 -0.046280 5.450502
v -0.723430 -0.046280 5.450502
v -0.723430 0.353720 5.450502
v -0.723430 -0.046280 5.450502
v -0.624880 -0.046280 5.199018
v -0.624880 0.353720 5.199018
v -0.214255 0.353720 5.283150
v -0.214255 -0.046280 5.283150
v -0.367190 -0.046280 5.219822
v -0.590570 0.353720 5.449042
v -0.590570 -0.046280 5.449042
v -0.527608 -0.046280 5.606175
v -0.530345 0.353720 5.281325
v -0.530345 -0.046280 5.281325
v -0.590570 0.353720 5.449042
v -0.527608 -0.046280 5.606175
v -0.527607 0.353720 5.606175
v -0.527607 0.353720 5.606175
v -0.527608 -0.046280 5.606175
v -0.367190 -0.046280 5.668042
v -0.155490 0.353720 5.450502
v -0.155490 -0.046280 5.450502
v -0.214255 -0.046280 5.283150
v -0.215350 0.353720 5.606358
v -0.215350 -0.046280 5.606358
v -0.155490 0.353720 5.450502
v -0.214255 -0.046280 5.283150
v -0.214255 0.353720 5.283150
v -1.304510 0.353720 5.758562
v -1.304510 -0.046280 5.758562
v -1.304510 -0.046280 6.111882
v -1.304510 0.353720 5.758562
v -1.304510 0.353720 6.111882
v -1.304510 0.353720 6.111882
v -1.304510 -0.046280 6.111882
v -1.434450 -0.046280 6.111882
v -1.304510 0.353720 6.111882
v -1.434450 0.353720 6.111882
v -1.434450 0.353720 6.111882
v -1.434450 -0.046280 6.111882
v -1.434450 -0.046280 5.116162
v -1.434450 0.353720 6.111882
v -1.434450 -0.046280 5.116162
v -1.434450 0.353720 5.116162
v -1.016708 0.353720 5.286983
v -1.016708 -0.046280 5.286983
v -1.173110 -0.046280 5.225662
v -1.304510 0.353720 5.225662
v -1.304510 -0.046280 5.225662
v -1.304510 -0.046280 5.643222
v -1.304510 -0.046280 5.643222
v -1.304510 0.353720 5.643222
v -2.050668 -0.313198 9.584483
v -2.050668 -0.313198 9.384482
v -2.050668 0.313198 9.384482
v -2.050668 0.313198 9.584483
v -2.050668 0.313198 9.584483
v -2.050668 0.313198 9.384482
v 2.050668 0.313198 9.384482
v 2.050668 0.313198 9.584483
v 2.050668 0.313198 9.584483
v 2.050668 0.313198 9.384482
v 2.050668 -0.313198 9.384482
v 2.050668 -0.313198 9.584483
v 2.050668 -0.313198 9.584483
v 2.050668 -0.313198 9.384482
v -2.050668 -0.313198 9.384482
v -2.050668 -0.313198 9.584483
v -2.050668 -0.313198 9.384482
v 2.050668 -0.313198 9.384482
v 2.050668 0.313198 9.384482
v -2.050668 0.313198 9.384482
v 2.050668 -0.313198 9.584483
v -2.050668 -0.313198 9.584483
v -2.050668 0.313198 9.584483
v 2.050668 0.313198 9.584483
v -2.000000 -0.250000 10.000000
v -2.000000 -0.250000 4.000000
v -2.000000 0.250000 4.000000
v -2.000000 0.250000 10.000000
v 2.000000 0.250000 10.000000
v 2.000000 0.250000 4.000000
v 2.000000 -0.250000 4.000000
v 2.000000 -0.250000 10.000000
v -1.500000 -0.250000 10.000000
v -2.000000 -0.250000 4.000000
v -2.000000 -0.250000 10.000000
v -1.500000 -0.250000 4.000000
v 1.500000 -0.250000 10.000000
v 1.500000 -0.250000 4.000000
v 2.000000 -0.250000 10.000000
v 2.000000 -0.250000 4.000000
v -1.500000 -0.250000 10.000000
v -2.000000 -0.250000 10.000000
v -2.000000 0.250000 10.000000
v -1.500000 0.250000 10.000000
v 1.500000 -0.250000 10.000000
v 1.500000 0.250000 10.000000
v 2.000000 -0.250000 10.000000
v 2.000000 0.250000 10.000000
v 1.500000 0.250000 10.000000
v 2.000000 0.250000 4.000000
v 2.000000 0.250000 10.000000
v 1.500000 0.250000 4.000000
v -1.500000 0.250000 10.000000
v -1.500000 0.250000 4.000000
v -2.000000 0.250000 10.000000
v -2.000000 0.250000 4.000000
v 1.500000 -0.250000 4.000000
v 1.500000 -0.250000 0.000000
v 1.500000 0.250000 0.000000
v 1.500000 0.250000 4.000000
v -1.500000 -0.250000 4.000000
v 1.500000 -0.250000 4.000000
v 1.500000 0.250000 4.000000
v -1.500000 0.250000 4.000000
v -1.500000 0.250000 4.000000
v -1.500000 0.250000 0.000000
v -1.500000 -0.250000 0.000000
v -1.500000 -0.250000 4.000000
v 2.000000 -0.250000 4.000000
v 2.000000 -0.250000 0.000000
v 1.500000 -0.250000 0.000000
v 1.500000 -0.250000 4.000000
v 1.500000 0.250000 4.000000
v 1.500000 0.250000 0.000000
v 2.000000 0.250000 0.000000
v 2.000000 0.250000 4.000000
v -1.500000 -0.250000 4.000000
v -1.500000 -0.250000 0.000000
v -2.000000 -0.250000 0.000000
v -2.000000 -0.250000 4.000000
v -2.000000 0.250000 4.000000
v -2.000000 0.250000 0.000000
v -1.500000 0.250000 0.000000
v -1.500000 0.250000 4.000000
v 2.000000 0.250000 4.000000
v 2.000000 0.250000 0.000000
v 2.000000 -0.250000 0.000000
v 2.000000 -0.250000 4.000000
v -2.000000 -0.250000 4.000000
v -2.000000 -0.250000 0.000000
v -2.000000 0.250000 0.000000
v -2.000000 0.250000 4.000000
v -2.050668 -0.313198 4.672314
v -2.050668 -0.313198 4.472314
v -2.050668 0.313198 4.472314
v -2.050668 0.313198 4.672314
v -2.050668 0.313198 4.672314
v -2.050668 0.313198 4.472314
v 2.050668 0.313198 4.472314
v 2.050668 0.313198 4.672314
v 2.050668 0.313198 4.672314
v 2.050668 0.313198 4.472314
v 2.050668 -0.313198 4.472314
v 2.050668 -0.313198 4.672314
v 2.050668 -0.313198 4.672314
v 2.050668 -0.313198 4.472314
v -2.050668 -0.313198 4.472314
v -2.050668 -0.313198 4.672314
v -2.050668 -0.313198 4.472314
v 2.050668 -0.313198 4.472314
v 2.050668 0.313198 4.472314
v -2.050668 0.313198 4.472314
v 2.050668 -0.313198 4.672314
v -2.050668 -0.313198 4.672314
v -2.050668 0.313198 4.672314
v 2.050668 0.313198 4.672314
v -1.304510 0.353720 5.758562
v -1.304510 0.353720 6.111882
v -1.434450 0.353720 6.111882
v -1.434450 0.353720 5.116162
v -1.304510 0.353720 5.643222
v -1.243920 0.353720 5.662202
v -0.932028 0.353720 5.693228
v -1.232605 0.353720 5.778820
v -1.167270 0.353720 5.784842
v -1.304510 0.353720 5.225662
v -0.926005 0.353720 5.208872
v -1.158510 0.353720 5.116162
v -1.173110 0.353720 5.225662
v -1.016708 0.353720 5.286983
v -0.973090 0.353720 5.440282
v -0.840230 0.353720 5.459262
v -1.031125 0.353720 5.605627
v -1.183330 0.353720 5.668042
v -0.122275 0.353720 5.688300
v -0.368650 0.353720 5.784842
v -0.623237 0.353720 5.690490
v -0.367190 0.353720 5.668042
v -0.215350 0.353720 5.606358
v -0.527607 0.353720 5.606175
v -0.022630 0.353720 5.450502
v -0.723430 0.353720 5.450502
v -0.155490 0.353720 5.450502
v -0.590570 0.353720 5.449042
v -0.120085 0.353720 5.201207
v -0.624880 0.353720 5.199018
v -0.214255 0.353720 5.283150
v -0.530345 0.353720 5.281325
v -0.367190 0.353720 5.219822
v -0.368650 0.353720 5.103022
v 0.683645 0.353720 5.688300
v 0.437270 0.353720 5.784842
v 0.182683 0.353720 5.690490
v 0.438730 0.353720 5.668042
v 0.590570 0.353720 5.606358
v 0.278313 0.353720 5.606175
v 0.783290 0.353720 5.450502
v 0.082490 0.353720 5.450502
v 0.650430 0.353720 5.450502
v 0.215350 0.353720 5.449042
v 0.685835 0.353720 5.201207
v 0.181040 0.353720 5.199018
v 0.591665 0.353720 5.283150
v 0.275575 0.353720 5.281325
v 0.438730 0.353720 5.219822
v 0.437270 0.353720 5.103022
v 1.266550 0.353719 5.983402
v 0.878190 0.353720 6.111882
v 0.878190 0.353720 5.983402
v 1.409630 0.353719 6.111882
v 1.409630 0.353720 5.116162
v 1.266550 0.353719 5.707462
v 1.266550 0.353719 5.578982
v 1.266550 0.353720 5.116162
v 0.878190 0.353720 5.707462
v 0.878190 0.353720 5.578982
v -0.692040 0.353720 7.129502
v -0.935860 0.353720 7.367482
v -0.935860 0.353720 7.231702
v -1.143180 0.353720 7.231702
v -1.143180 0.353720 7.114902
v -0.692040 0.353720 7.114902
v -0.805920 0.353720 6.768882
v -0.805920 0.353720 7.114902
v -0.935860 0.353720 7.114902
v -0.935860 0.353720 6.779102
v -0.968345 0.353720 6.700445
v -0.859392 0.353720 6.621605
v -1.029300 0.353720 6.679822
v -1.176760 0.353720 6.606822
v -1.019080 0.353720 6.563023
v -1.096825 0.353720 6.575615
v -1.100840 0.353720 6.691867
v -1.176760 0.353720 6.728003
v -0.252945 0.353720 7.197392
v -0.410260 0.353720 7.244843
v -0.503882 0.353720 7.231520
v -0.602980 0.353720 7.190823
v -0.350400 0.353720 7.114172
v -0.194180 0.353720 7.066722
v -0.413180 0.353720 7.130962
v -0.498772 0.353720 7.114720
v -0.602980 0.353720 7.062342
v -0.327040 0.353720 7.071102
v -0.363357 0.353720 7.019637
v -0.347480 0.353720 6.876740
v -0.486180 0.353720 6.939703
v -0.600425 0.353720 6.846080
v -0.500780 0.353720 6.751362
v -0.633640 0.353720 6.755743
v -0.572137 0.353720 6.616130
v -0.472310 0.353720 6.697707
v -0.404420 0.353720 6.676902
v -0.189800 0.353720 6.622882
v -0.309155 0.353720 6.698072
v -0.189800 0.353720 6.763042
v -0.305322 0.353720 6.576528
v -0.417560 0.353720 6.563023
v 0.350035 0.353720 7.222760
v 0.224840 0.353720 7.244843
v 0.056028 0.353720 7.192647
v 0.442380 0.353719 7.155782
v 0.235060 0.353720 7.122202
v 0.342005 0.353720 7.096105
v 0.442380 0.353720 7.014163
v 0.146365 0.353720 7.095192
v -0.013140 0.353720 7.028762
v 0.116800 0.353720 7.006863
v -0.013140 0.353720 6.691503
v 0.116800 0.353720 6.971822
v 0.116800 0.353720 6.900282
v 0.232140 0.353720 6.930943
v 0.383250 0.353720 6.861775
v 0.116800 0.353720 6.709023
v 0.262070 0.353720 6.838415
v 0.171550 0.353720 6.669420
v -0.019527 0.353720 6.665405
v 0.455520 0.353720 6.723622
v 0.324120 0.353720 6.746983
v 0.297658 0.353720 6.680735
v 0.230680 0.353720 6.655003
v 0.411355 0.353720 6.611567
v -0.037960 0.353720 6.657922
v -0.106580 0.353720 6.614122
v -0.066247 0.353720 6.667230
v -0.106580 0.353720 6.692962
v 0.118260 0.353720 6.630182
v 0.205495 0.353720 6.579630
v 0.294920 0.353720 6.563023
v 0.085593 0.353720 6.579082
v -0.036682 0.353720 6.573790
v 0.018980 0.353720 6.563023
v 0.924180 0.353719 7.443402
v 0.535820 0.353719 7.571882
v 0.535820 0.353719 7.443402
v 1.067260 0.353719 7.571882
v 1.067260 0.353719 6.576162
v 0.924180 0.353719 7.167462
v 0.924180 0.353719 7.038982
v 0.924180 0.353719 6.576162
v 0.535820 0.353719 7.167462
v 0.535820 0.353719 7.038982
v -1.013970 0.353720 8.066822
v -1.013970 0.353720 9.031882
v -1.157050 0.353720 9.031882
v -1.157050 0.353720 8.024483
v -0.988420 0.353720 7.893447
v -1.094818 0.353720 7.792890
v -0.848990 0.353720 7.836143
v -0.838770 0.353720 7.703282
v -0.812490 0.353720 7.836143
v -0.882570 0.353720 7.700362
v -0.008942 0.353719 8.631112
v -0.218270 0.353719 8.691703
v -0.488370 0.353720 8.691703
v -0.488370 0.353720 8.590962
v -0.354050 0.353720 8.590962
v -0.178850 0.353719 8.579283
v -0.407523 0.353720 8.521065
v -0.087052 0.353719 8.544243
v -0.268092 0.353719 8.545155
v 0.067890 0.353719 8.465403
v -0.305870 0.353720 8.463943
v -0.048910 0.353719 8.461022
v -0.422670 0.353720 8.447883
v 0.059130 0.353719 8.398607
v -0.270465 0.353720 8.375795
v -0.085045 0.353719 8.374335
v -0.403508 0.353720 8.365393
v 0.032850 0.353719 8.342762
v -0.180310 0.353719 8.341303
v -0.361350 0.353720 8.300423
v -0.013140 0.353719 8.295677
v -0.195640 0.353720 8.232350
v -0.076650 0.353719 8.259542
v -0.076650 0.353719 8.256622
v -0.001277 0.353719 8.220304
v -0.095630 0.353719 8.176322
v 0.027010 0.353719 8.163182
v -0.146365 0.353720 8.130150
v 0.011133 0.353719 8.121025
v -0.295650 0.353720 8.091642
v -0.038690 0.353719 8.079963
v -0.443110 0.353720 8.021197
v 0.086505 0.353719 8.015175
v -0.145270 0.353720 8.004043
v -0.037960 0.353720 7.976302
v -0.282693 0.353720 7.982690
v -0.485450 0.353720 7.909142
v -0.359890 0.353720 7.898922
v 0.126290 0.353719 7.898922
v 0.003650 0.353720 7.904762
v -0.043252 0.353720 7.829755
v -0.403508 0.353720 7.756025
v 0.041428 0.353720 7.756390
v -0.312075 0.353720 7.829025
v -0.178850 0.353720 7.804022
v -0.175930 0.353720 7.700362
v 0.339998 0.353719 8.944830
v 0.285430 0.353719 8.967643
v 0.230863 0.353719 8.944830
v 0.362810 0.353719 8.890263
v 0.208050 0.353719 8.890263
v 0.339998 0.353719 8.835695
v 0.230863 0.353719 8.835695
v 0.285430 0.353719 8.812882
v 0.351130 0.353719 8.036162
v 0.351130 0.353719 8.691703
v 0.221190 0.353719 8.691703
v 0.221190 0.353719 8.036162
v 1.158510 0.353719 8.036162
v 0.552428 0.353719 8.123033
v 0.816870 0.353719 8.036162
v 0.835850 0.353719 8.164642
v 0.666308 0.353719 8.215560
v 1.015430 0.353719 8.164642
v 0.475230 0.353719 8.301883
v 0.622690 0.353719 8.322323
v 0.676528 0.353719 8.433647
v 0.539105 0.353719 8.471790
v 0.843150 0.353719 8.477082
v 0.714670 0.353719 8.561763
v 1.015430 0.353719 8.477082
v 0.714670 0.353719 8.564682
v 1.015430 0.353719 8.605562
v 0.920530 0.353719 8.605562
v 0.762303 0.353719 8.645164
v 0.599878 0.353719 8.648268
v 0.710290 0.353719 8.764703
v 0.562830 0.353719 8.777843
v 0.747885 0.353719 8.861975
v 1.015430 0.353719 8.903402
v 0.635648 0.353719 8.951947
v 0.884030 0.353719 8.903402
v 1.158510 0.353719 9.031882
v 0.869430 0.353719 9.031882
v 0.869430 0.353719 9.031882
v 0.635648 -0.046281 8.951947
v 0.635648 0.353719 8.951947
v 0.869430 -0.046281 9.031882
v 1.158510 0.353719 9.031882
v 1.158510 -0.046281 9.031882
v 0.635648 0.353719 8.951947
v 0.635648 -0.046281 8.951947
v 0.562830 -0.046281 8.777843
v 0.562830 0.353719 8.777843
v 0.599878 -0.046281 8.648268
v 0.599878 0.353719 8.648268
v 0.714670 -0.046281 8.564682
v 0.714670 0.353719 8.564682
v 0.714670 0.353719 8.564682
v 0.714670 -0.046281 8.564682
v 0.714670 -0.046281 8.561763
v 0.714670 0.353719 8.561763
v 0.714670 0.353719 8.561763
v 0.714670 -0.046281 8.561763
v 0.539105 -0.046281 8.471790
v 0.539105 0.353719 8.471790
v 0.475230 -0.046281 8.301883
v 0.475230 0.353719 8.301883
v 0.552427 -0.046281 8.123033
v 0.552428 0.353719 8.123033
v 0.552428 0.353719 8.123033
v 0.552427 -0.046281 8.123033
v 0.816870 -0.046281 8.036162
v 0.816870 0.353719 8.036162
v 1.158510 -0.046281 8.036162
v 1.158510 0.353719 8.036162
v 1.158510 0.353719 8.036162
v 1.158510 -0.046281 8.036162
v 1.158510 -0.046281 9.031882
v 1.158510 0.353719 9.031882
v 0.666308 0.353719 8.215560
v 0.666308 -0.046281 8.215560
v 0.622690 -0.046281 8.322323
v 0.622690 0.353719 8.322323
v 0.622690 0.353719 8.322323
v 0.622690 -0.046281 8.322323
v 0.676528 -0.046281 8.433647
v 0.676528 0.353719 8.433647
v 0.676528 0.353719 8.433647
v 0.676528 -0.046281 8.433647
v 0.843150 -0.046281 8.477082
v 0.843150 0.353719 8.477082
v 1.015430 -0.046281 8.477082
v 1.015430 0.353719 8.477082
v 0.339998 0.353719 8.835695
v 0.362810 -0.046281 8.890263
v 0.362810 0.353719 8.890263
v 0.339998 -0.046281 8.835695
v 0.285430 0.353719 8.812882
v 0.285430 -0.046281 8.812882
v 0.285430 0.353719 8.967643
v 0.285430 -0.046281 8.967643
v 0.230863 -0.046281 8.944830
v 0.230863 0.353719 8.944830
v 0.208050 -0.046281 8.890263
v 0.208050 0.353719 8.890263
v -0.354050 0.353720 8.590962
v -0.354050 -0.046281 8.590962
v -0.407523 -0.046280 8.521065
v -0.407523 0.353720 8.521065
v -0.422670 -0.046280 8.447883
v -0.422670 0.353720 8.447883
v -0.403508 -0.046280 8.365393
v -0.403508 0.353720 8.365393
v -0.361350 -0.046280 8.300423
v -0.361350 0.353720 8.300423
v -0.195640 -0.046281 8.232349
v -0.195640 0.353720 8.232350
v -0.095630 -0.046281 8.176322
v -0.095630 0.353719 8.176322
v -0.095630 0.353719 8.176322
v -0.095630 -0.046281 8.176322
v -0.146365 -0.046281 8.130150
v -0.146365 0.353720 8.130150
v -0.295650 -0.046280 8.091642
v -0.295650 0.353720 8.091642
v -0.443110 -0.046280 8.021197
v -0.443110 0.353720 8.021197
v -0.485450 -0.046280 7.909142
v -0.485450 0.353720 7.909142
v -0.485450 0.353720 7.909142
v -0.485450 -0.046280 7.909142
v -0.403508 -0.046280 7.756025
v -0.403508 0.353720 7.756025
v -0.403508 0.353720 7.756025
v -0.403508 -0.046280 7.756025
v -0.175930 -0.046280 7.700362
v -0.175930 0.353720 7.700362
v 0.041427 -0.046281 7.756390
v 0.041428 0.353720 7.756390
v 0.126290 -0.046281 7.898922
v 0.126290 0.353719 7.898922
v 0.126290 0.353719 7.898922
v 0.126290 -0.046281 7.898922
v 0.086505 -0.046281 8.015175
v 0.086505 0.353719 8.015175
v -0.038690 -0.046281 8.079963
v -0.038690 0.353719 8.079963
v -0.038690 0.353719 8.079963
v -0.038690 -0.046281 8.079963
v 0.011132 -0.046281 8.121025
v 0.011133 0.353719 8.121025
v 0.027010 -0.046281 8.163182
v 0.027010 0.353719 8.163182
v 0.027010 0.353719 8.163182
v 0.027010 -0.046281 8.163182
v -0.001278 -0.046281 8.220304
v -0.001277 0.353719 8.220304
v -0.076650 -0.046281 8.256622
v -0.076650 0.353719 8.256622
v -0.076650 0.353719 8.256622
v -0.076650 -0.046281 8.256622
v -0.076650 -0.046281 8.259542
v -0.076650 0.353719 8.259542
v -0.076650 0.353719 8.259542
v -0.076650 -0.046281 8.259542
v -0.013140 -0.046281 8.295677
v -0.013140 0.353719 8.295677
v 0.032850 -0.046281 8.342762
v 0.032850 0.353719 8.342762
v 0.059130 -0.046281 8.398607
v 0.059130 0.353719 8.398607
v 0.067890 -0.046281 8.465403
v 0.067890 0.353719 8.465403
v -0.008943 -0.046281 8.631112
v -0.008942 0.353719 8.631112
v -0.008942 0.353719 8.631112
v -0.008943 -0.046281 8.631112
v -0.218270 -0.046281 8.691703
v -0.218270 0.353719 8.691703
v -0.488370 -0.046280 8.691703
v -0.488370 0.353720 8.691703
v -0.488370 0.353720 8.691703
v -0.488370 -0.046280 8.691703
v -0.488370 -0.046280 8.590962
v -0.488370 0.353720 8.590962
v -1.094818 0.353720 7.792890
v -1.094818 -0.046280 7.792890
v -0.882570 -0.046280 7.700362
v -0.882570 0.353720 7.700362
v -0.859575 -0.046280 7.701275
v -0.859575 0.353720 7.701275
v -0.838770 -0.046280 7.703282
v -0.838770 0.353720 7.703282
v -0.838770 0.353720 7.703282
v -0.838770 -0.046280 7.703282
v -0.812490 -0.046280 7.836143
v -0.812490 0.353720 7.836143
v -0.988420 0.353720 7.893447
v -0.988420 -0.046280 7.893447
v -1.013970 -0.046280 8.066822
v -1.013970 0.353720 8.066822
v -1.013970 -0.046280 9.031882
v -1.013970 0.353720 9.031882
v -1.013970 0.353720 9.031882
v -1.013970 -0.046280 9.031882
v -1.157050 -0.046280 9.031882
v -1.157050 0.353720 9.031882
v -1.157050 0.353720 9.031882
v -1.157050 -0.046280 9.031882
v -1.157050 -0.046280 8.024483
v -1.157050 0.353720 8.024483
v -1.094818 -0.046280 7.792890
v -1.094818 0.353720 7.792890
v 0.924180 0.353719 7.443402
v 0.924180 -0.046281 7.443402
v 0.924180 -0.046281 7.167462
v 0.924180 0.353719 7.167462
v 0.924180 0.353719 7.167462
v 0.924180 -0.046281 7.167462
v 0.535820 -0.046281 7.167462
v 0.535820 0.353719 7.167462
v 0.535820 0.353719 7.167462
v 0.535820 -0.046281 7.167462
v 0.535820 -0.046281 7.038982
v 0.535820 0.353719 7.038982
v 0.535820 0.353719 7.038982
v 0.535820 -0.046281 7.038982
v 0.924180 -0.046281 7.038982
v 0.924180 0.353719 7.038982
v 0.924180 0.353719 7.038982
v 0.924180 -0.046281 7.038982
v 0.924180 -0.046281 6.576162
v 0.924180 0.353719 6.576162
v 0.924180 0.353719 6.576162
v 0.924180 -0.046281 6.576162
v 1.067260 -0.046281 6.576162
v 1.067260 0.353719 6.576162
v 1.067260 0.353719 6.576162
v 1.067260 -0.046281 6.576162
v 1.067260 -0.046281 7.571882
v 1.067260 0.353719 7.571882
v 1.067260 0.353719 7.571882
v 1.067260 -0.046281 7.571882
v 0.535820 -0.046281 7.571882
v 0.535820 0.353719 7.571882
v 0.535820 0.353719 7.571882
v 0.535820 -0.046281 7.571882
v 0.535820 -0.046281 7.443402
v 0.535820 0.353719 7.443402
v 0.085593 0.353720 6.579082
v 0.118260 -0.046280 6.630182
v 0.118260 0.353720 6.630182
v 0.085592 -0.046280 6.579082
v 0.018980 0.353720 6.563023
v 0.018980 -0.046280 6.563023
v -0.036682 0.353720 6.573790
v -0.036683 -0.046280 6.573790
v -0.106580 0.353720 6.614122
v -0.106580 -0.046280 6.614122
v 0.118260 0.353720 6.630182
v 0.118260 -0.046280 6.630182
v 0.205495 -0.046280 6.579630
v 0.205495 0.353720 6.579630
v 0.294920 -0.046280 6.563023
v 0.294920 0.353720 6.563023
v 0.411355 -0.046280 6.611567
v 0.411355 0.353720 6.611567
v 0.411355 0.353720 6.611567
v 0.411355 -0.046280 6.611567
v 0.455520 -0.046280 6.723622
v 0.455520 0.353720 6.723622
v 0.455520 0.353720 6.723622
v 0.455520 -0.046280 6.723622
v 0.383250 -0.046280 6.861775
v 0.383250 0.353720 6.861775
v 0.232140 -0.046280 6.930943
v 0.232140 0.353720 6.930943
v 0.116800 -0.046280 6.971822
v 0.116800 0.353720 6.971822
v 0.116800 0.353720 6.971822
v 0.116800 -0.046280 6.971822
v 0.116800 -0.046280 7.006863
v 0.116800 0.353720 7.006863
v 0.146365 -0.046280 7.095192
v 0.146365 0.353720 7.095192
v 0.442380 0.353719 7.155782
v 0.442380 -0.046281 7.155782
v 0.350035 -0.046281 7.222760
v 0.350035 0.353720 7.222760
v 0.224840 -0.046280 7.244843
v 0.224840 0.353720 7.244843
v 0.056028 -0.046280 7.192647
v 0.056028 0.353720 7.192647
v 0.056028 0.353720 7.192647
v 0.056028 -0.046280 7.192647
v -0.013140 -0.046280 7.028762
v -0.013140 0.353720 7.028762
v -0.013140 -0.046280 6.691503
v -0.013140 0.353720 6.691503
v -0.019528 -0.046280 6.665405
v -0.019527 0.353720 6.665405
v -0.019527 0.353720 6.665405
v -0.019528 -0.046280 6.665405
v -0.037960 -0.046280 6.657922
v -0.037960 0.353720 6.657922
v -0.066248 -0.046280 6.667230
v -0.066247 0.353720 6.667230
v -0.106580 -0.046280 6.692962
v -0.106580 0.353720 6.692962
v -0.106580 0.353720 6.692962
v -0.106580 -0.046280 6.692962
v -0.106580 -0.046280 6.614122
v -0.106580 0.353720 6.614122
v -0.350400 0.353720 7.114172
v -0.350400 -0.046280 7.114172
v -0.327040 -0.046280 7.071102
v -0.327040 0.353720 7.071102
v -0.327040 0.353720 7.071102
v -0.327040 -0.046280 7.071102
v -0.363358 -0.046280 7.019637
v -0.363357 0.353720 7.019637
v -0.486180 -0.046280 6.939703
v -0.486180 0.353720 6.939703
v -0.600425 -0.046280 6.846080
v -0.600425 0.353720 6.846080
v -0.633640 -0.046280 6.755743
v -0.633640 0.353720 6.755743
v -0.572138 -0.046280 6.616130
v -0.572137 0.353720 6.616130
v -0.572137 0.353720 6.616130
v -0.572138 -0.046280 6.616130
v -0.417560 -0.046280 6.563023
v -0.417560 0.353720 6.563023
v -0.305323 -0.046280 6.576528
v -0.305322 0.353720 6.576528
v -0.189800 -0.046280 6.622882
v -0.189800 0.353720 6.622882
v -0.189800 0.353720 6.622882
v -0.189800 -0.046280 6.622882
v -0.189800 -0.046280 6.763042
v -0.189800 0.353720 6.763042
v -0.500780 0.353720 6.751362
v -0.500780 -0.046280 6.751362
v -0.347480 -0.046280 6.876740
v -0.347480 0.353720 6.876740
v -0.194180 -0.046280 7.066722
v -0.194180 0.353720 7.066722
v -0.194180 0.353720 7.066722
v -0.194180 -0.046280 7.066722
v -0.252945 -0.046280 7.197392
v -0.252945 0.353720 7.197392
v -0.252945 0.353720 7.197392
v -0.252945 -0.046280 7.197392
v -0.410260 -0.046280 7.244843
v -0.410260 0.353720 7.244843
v -0.503883 -0.046280 7.231520
v -0.503882 0.353720 7.231520
v -0.602980 -0.046280 7.190823
v -0.602980 0.353720 7.190823
v -1.143180 0.353720 7.231702
v -1.143180 -0.046280 7.231702
v -1.143180 -0.046280 7.114902
v -1.143180 0.353720 7.114902
v -1.143180 0.353720 7.114902
v -1.143180 -0.046280 7.114902
v -0.935860 -0.046280 7.114902
v -0.935860 0.353720 7.114902
v -0.935860 0.353720 7.114902
v -0.935860 -0.046280 7.114902
v -0.935860 -0.046280 6.779102
v -0.935860 0.353720 6.779102
v -0.968345 -0.046280 6.700445
v -0.968345 0.353720 6.700445
v -0.968345 0.353720 6.700445
v -0.968345 -0.046280 6.700445
v -1.029300 -0.046280 6.679822
v -1.029300 0.353720 6.679822
v -1.100840 -0.046280 6.691867
v -1.100840 0.353720 6.691867
v -1.176760 -0.046280 6.728003
v -1.176760 0.353720 6.728003
v -1.176760 0.353720 6.728003
v -1.176760 -0.046280 6.728003
v -1.176760 -0.046280 6.606822
v -1.176760 0.353720 6.606822
v -1.176760 0.353720 6.606822
v -1.176760 -0.046280 6.606822
v -1.096825 -0.046280 6.575615
v -1.096825 0.353720 6.575615
v -1.019080 -0.046280 6.563023
v -1.019080 0.353720 6.563023
v -0.859393 -0.046280 6.621605
v -0.859392 0.353720 6.621605
v -0.859392 0.353720 6.621605
v -0.859393 -0.046280 6.621605
v -0.805920 -0.046280 6.768882
v -0.805920 0.353720 6.768882
v -0.805920 -0.046280 7.114902
v -0.805920 0.353720 7.114902
v -0.805920 0.353720 7.114902
v -0.805920 -0.046280 7.114902
v -0.692040 -0.046280 7.114902
v -0.692040 0.353720 7.114902
v -0.692040 0.353720 7.114902
v -0.692040 -0.046280 7.114902
v -0.692040 -0.046280 7.129502
v -0.692040 0.353720 7.129502
v -0.692040 0.353720 7.129502
v -0.692040 -0.046280 7.129502
v -0.935860 -0.046280 7.367482
v -0.935860 0.353720 7.367482
v -0.935860 0.353720 7.231702
v -0.935860 -0.046280 7.231702
v -1.143180 -0.046280 7.231702
v -1.143180 0.353720 7.231702
v 1.266550 0.353719 5.983402
v 1.266550 -0.046281 5.983402
v 1.266550 -0.046281 5.707462
v 1.266550 0.353719 5.707462
v 1.266550 0.353719 5.707462
v 1.266550 -0.046281 5.707462
v 0.878190 -0.046280 5.707462
v 0.878190 0.353720 5.707462
v 0.878190 0.353720 5.707462
v 0.878190 -0.046280 5.707462
v 0.878190 -0.046280 5.578982
v 0.878190 0.353720 5.578982
v 0.878190 0.353720 5.578982
v 0.878190 -0.046280 5.578982
v 1.266550 -0.046281 5.578982
v 1.266550 0.353719 5.578982
v 1.266550 0.353719 5.578982
v 1.266550 -0.046281 5.578982
v 1.266550 -0.046280 5.116162
v 1.266550 0.353720 5.116162
v 1.409630 0.353719 6.111882
v 1.409630 -0.046281 6.111882
v 0.878190 -0.046281 6.111882
v 0.878190 0.353720 6.111882
v 0.878190 0.353720 6.111882
v 0.878190 -0.046281 6.111882
v 0.878190 -0.046280 5.983402
v 0.878190 0.353720 5.983402
v 0.878190 0.353720 5.983402
v 0.878190 -0.046280 5.983402
v 1.266550 -0.046281 5.983402
v 1.266550 0.353719 5.983402
v 0.685835 0.353720 5.201207
v 0.685835 -0.046280 5.201207
v 0.783290 -0.046280 5.450502
v 0.783290 0.353720 5.450502
v 0.683645 -0.046280 5.688300
v 0.683645 0.353720 5.688300
v 0.182683 0.353720 5.690490
v 0.182683 -0.046280 5.690490
v 0.082490 -0.046280 5.450502
v 0.082490 0.353720 5.450502
v 0.181040 -0.046280 5.199018
v 0.181040 0.353720 5.199018
v 0.591665 0.353720 5.283150
v 0.591665 -0.046280 5.283150
v 0.438730 -0.046280 5.219822
v 0.438730 0.353720 5.219822
v 0.275575 -0.046280 5.281325
v 0.275575 0.353720 5.281325
v 0.278313 0.353720 5.606175
v 0.278313 -0.046280 5.606175
v 0.438730 -0.046280 5.668042
v 0.438730 0.353720 5.668042
v 0.590570 -0.046280 5.606358
v 0.590570 0.353720 5.606358
v -0.624880 0.353720 5.199018
v -0.624880 -0.046280 5.199018
v -0.368650 -0.046280 5.103022
v -0.368650 0.353720 5.103022
v -0.120085 -0.046280 5.201207
v -0.120085 0.353720 5.201207
v -0.122275 0.353720 5.688300
v -0.122275 -0.046280 5.688300
v -0.368650 -0.046280 5.784842
v -0.368650 0.353720 5.784842
v -0.623238 -0.046280 5.690490
v -0.623237 0.353720 5.690490
v -0.214255 0.353720 5.283150
v -0.367190 -0.046280 5.219822
v -0.367190 0.353720 5.219822
v -0.530345 -0.046280 5.281325
v -0.530345 0.353720 5.281325
v -0.527607 0.353720 5.606175
v -0.367190 -0.046280 5.668042
v -0.367190 0.353720 5.668042
v -0.215350 -0.046280 5.606358
v -0.215350 0.353720 5.606358
v -1.158510 0.353720 5.116162
v -0.926005 -0.046280 5.208872
v -0.926005 0.353720 5.208872
v -1.158510 -0.046280 5.116162
v -1.434450 0.353720 5.116162
v -1.434450 -0.046280 5.116162
v -0.926005 0.353720 5.208872
v -0.926005 -0.046280 5.208872
v -0.840230 -0.046280 5.459262
v -0.840230 0.353720 5.459262
v -0.932028 -0.046280 5.693228
v -0.932028 0.353720 5.693228
v -0.932028 0.353720 5.693228
v -0.932028 -0.046280 5.693228
v -1.167270 -0.046280 5.784842
v -1.167270 0.353720 5.784842
v -1.232605 -0.046280 5.778820
v -1.232605 0.353720 5.778820
v -1.304510 -0.046280 5.758562
v -1.304510 0.353720 5.758562
v -1.183330 0.353720 5.668042
v -1.031125 -0.046280 5.605627
v -1.031125 0.353720 5.605627
v -1.183330 -0.046280 5.668042
v -1.243920 0.353720 5.662202
v -1.243920 -0.046280 5.662202
v -1.304510 0.353720 5.643222
v -1.304510 -0.046280 5.643222
v -1.031125 0.353720 5.605627
v -1.031125 -0.046280 5.605627
v -0.973090 -0.046280 5.440282
v -0.973090 0.353720 5.440282
v -1.016708 -0.046280 5.286983
v -1.016708 0.353720 5.286983
v -1.016708 0.353720 5.286983
v -1.173110 -0.046280 5.225662
v -1.173110 0.353720 5.225662
v -1.304510 -0.046280 5.225662
v -1.304510 0.353720 5.225662
vt 0.746392012 0.148245007
vt 0.746086001 0.144241005
vt 0.746465981 0.149822995
vt 0.820039988 0.140303001
vt 0.819073975 0.135932997
vt 0.820928991 0.144688994
vt 0.82050401 0.142491996
vt 0.820039988 0.140303001
vt 0.803490996 0.145116001
vt 0.803517997 0.144733995
vt 0.803436995 0.145533994
vt 0.731387019 0.231904
vt 0.731711984 0.241878003
vt 0.738403022 0.237011001
vt 0.73169601 0.231956005
vt 0.727651 0.241531998
vt 0.731387019 0.231904
vt 0.738403022 0.237011001
vt 0.730764985 0.231995001
vt 0.73169601 0.231956005
vt 0.731711984 0.241878003
vt 0.730764985 0.231995001
vt 0.738403022 0.237011001
vt 0.738902986 0.231224
vt 0.730539024 0.232408002
vt 0.736710012 0.227712005
vt 0.730764985 0.231995001
vt 0.738902986 0.231224
vt 0.730539024 0.232408002
vt 0.736710012 0.227712005
vt 0.730606019 0.232736006
vt 0.730606019 0.232736006
vt 0.736710012 0.227712005
vt 0.731815994 0.226068005
vt 0.730979979 0.232902005
vt 0.727651 0.228073999
vt 0.730606019 0.232736006
vt 0.731815994 0.226068005
vt 0.730979979 0.232902005
vt 0.727651 0.228073999
vt 0.73131597 0.232916996
vt 0.73131597 0.232916996
vt 0.727651 0.228073999
vt 0.727651 0.241531998
vt 0.73131597 0.232916996
vt 0.727651 0.241531998
vt 0.73169601 0.231956005
vt 0.798861027 0.165041
vt 0.804795027 0.158842996
vt 0.804413021 0.158891007
vt 0.806882977 0.166677997
vt 0.798861027 0.165041
vt 0.804413021 0.158891007
vt 0.795504987 0.158334002
vt 0.812977016 0.155151993
vt 0.804862022 0.157977
vt 0.80507803 0.158537
vt 0.812977016 0.155151993
vt 0.80507803 0.158537
vt 0.806882977 0.166677997
vt 0.806882977 0.166677997
vt 0.80507803 0.158537
vt 0.804795027 0.158842996
vt 0.845934987 0.154219002
vt 0.830473006 0.150240004
vt 0.831542015 0.149565995
vt 0.845934987 0.154219002
vt 0.831542015 0.149565995
vt 0.818426013 0.154219002
vt 0.818426013 0.154219002
vt 0.831542015 0.149565995
vt 0.83208102 0.149872005
vt 0.818426013 0.154219002
vt 0.83208102 0.149872005
vt 0.815173984 0.145288005
vt 0.815173984 0.145288005
vt 0.83208102 0.149872005
vt 0.831363976 0.150521994
vt 0.815173984 0.145288005
vt 0.831363976 0.150521994
vt 0.843474984 0.146155
vt 0.843474984 0.146155
vt 0.831363976 0.150521994
vt 0.830473006 0.150240004
vt 0.843474984 0.146155
vt 0.830473006 0.150240004
vt 0.845934987 0.154219002
vt 0.845934987 0.138715997
vt 0.841360986 0.140494004
vt 0.841439009 0.140530005
vt 0.841439009 0.140530005
vt 0.84592098 0.142505005
vt 0.841439009 0.140530005
vt 0.84146899 0.140610993
vt 0.843240976 0.145170003
vt 0.836799026 0.142492995
vt 0.841355979 0.140717998
vt 0.84128201 0.140682995
vt 0.84128201 0.140682995
vt 0.836799026 0.138712004
vt 0.84128201 0.140682995
vt 0.841253996 0.140604004
vt 0.839470983 0.136033997
vt 0.778136015 0.210645005
vt 0.772449017 0.212404996
vt 0.77411598 0.215179995
vt 0.77411598 0.215179995
vt 0.778632998 0.211235002
vt 0.77384001 0.146128997
vt 0.769095004 0.142894
vt 0.774600029 0.145761997
vt 0.77384001 0.146128997
vt 0.771727026 0.140276
vt 0.772927999 0.145829007
vt 0.775786996 0.140345007
vt 0.772441983 0.145049006
vt 0.778433979 0.143167004
vt 0.772611022 0.144265994
vt 0.778433979 0.146777004
vt 0.772611022 0.144265994
vt 0.778433979 0.143167004
vt 0.775786996 0.140345007
vt 0.772927999 0.145829007
vt 0.771727026 0.140276
vt 0.77384001 0.146128997
vt 0.774600029 0.145761997
vt 0.769095004 0.142894
vt 0.768948972 0.146717995
vt 0.774600029 0.145761997
vt 0.768948972 0.146717995
vt 0.774860978 0.144951001
vt 0.774300992 0.144140005
vt 0.771739006 0.149727002
vt 0.775691986 0.149642006
vt 0.774860978 0.144951001
vt 0.768948972 0.146717995
vt 0.771739006 0.149727002
vt 0.774300992 0.144140005
vt 0.775691986 0.149642006
vt 0.773393989 0.143871993
vt 0.773393989 0.143871993
vt 0.775691986 0.149642006
vt 0.778433979 0.146777004
vt 0.773393989 0.143871993
vt 0.772611022 0.144265994
vt 0.733012021 0.160328001
vt 0.730440974 0.153597996
vt 0.727916002 0.155652002
vt 0.733012021 0.160328001
vt 0.727916002 0.155652002
vt 0.733411014 0.160178006
vt 0.733411014 0.160178006
vt 0.727916002 0.155652002
vt 0.726871014 0.158798993
vt 0.733411014 0.160178006
vt 0.726871014 0.158798993
vt 0.73358798 0.159733996
vt 0.73358798 0.159733996
vt 0.726871014 0.158798993
vt 0.72912699 0.163845003
vt 0.73330301 0.158783004
vt 0.734928012 0.164832994
vt 0.73358798 0.159733996
vt 0.72912699 0.163845003
vt 0.73330301 0.158783004
vt 0.734928012 0.164832994
vt 0.732463002 0.158230007
vt 0.737568021 0.162652001
vt 0.731990993 0.158318996
vt 0.732463002 0.158230007
vt 0.734928012 0.164832994
vt 0.737568021 0.162652001
vt 0.731990993 0.158318996
vt 0.737568021 0.162652001
vt 0.738573015 0.158251002
vt 0.731877983 0.159022003
vt 0.735153973 0.153597996
vt 0.732361019 0.159966007
vt 0.730440974 0.153597996
vt 0.731990993 0.158318996
vt 0.738573015 0.158251002
vt 0.731877983 0.159022003
vt 0.735153973 0.153597996
vt 0.732361019 0.159966007
vt 0.730440974 0.153597996
vt 0.733012021 0.160328001
vt 0.841998994 0.194205999
vt 0.839582026 0.188564003
vt 0.839374006 0.188272998
vt 0.841998994 0.194205999
vt 0.841153026 0.194526002
vt 0.837512016 0.187139004
vt 0.837710023 0.195252001
vt 0.807129025 0.208047003
vt 0.815981984 0.209122002
vt 0.820358992 0.210531995
vt 0.807129025 0.208047003
vt 0.820358992 0.210531995
vt 0.817384005 0.202041999
vt 0.752911985 0.187094003
vt 0.757659018 0.182539999
vt 0.751368999 0.184261993
vt 0.758571029 0.182959005
vt 0.757659018 0.182539999
vt 0.754575014 0.189013004
vt 0.760137975 0.183231995
vt 0.756042004 0.190459996
vt 0.761893988 0.183945
vt 0.751368999 0.184261993
vt 0.757659018 0.182539999
vt 0.758009017 0.182047993
vt 0.758009017 0.182047993
vt 0.751587987 0.179317996
vt 0.81043601 0.143829003
vt 0.807482004 0.149505004
vt 0.809958994 0.142718002
vt 0.803636014 0.146164998
vt 0.807482004 0.149505004
vt 0.809080005 0.145750999
vt 0.806724012 0.139580995
vt 0.809958994 0.142718002
vt 0.807482004 0.149505004
vt 0.810230017 0.149505004
vt 0.809958994 0.142718002
vt 0.810230017 0.149505004
vt 0.809490025 0.142488003
vt 0.809490025 0.142488003
vt 0.810230017 0.149505004
vt 0.812542021 0.148252994
vt 0.809044003 0.142570004
vt 0.813706994 0.146725997
vt 0.808794975 0.142822996
vt 0.814087987 0.144596994
vt 0.809490025 0.142488003
vt 0.812542021 0.148252994
vt 0.809044003 0.142570004
vt 0.813706994 0.146725997
vt 0.808794975 0.142822996
vt 0.814087987 0.144596994
vt 0.808660984 0.143197
vt 0.808660984 0.143197
vt 0.814087987 0.144596994
vt 0.806724012 0.139580995
vt 0.808660984 0.143197
vt 0.806724012 0.139580995
vt 0.809080005 0.145750999
vt 0.844802022 0.169225007
vt 0.838791013 0.165592998
vt 0.837813973 0.165393993
vt 0.844802022 0.169225007
vt 0.840844989 0.172354996
vt 0.836567998 0.164919004
vt 0.838340998 0.173081994
vt 0.835371017 0.164486006
vt 0.836647987 0.173344001
vt 0.834190011 0.163966998
vt 0.835277021 0.173500001
vt 0.817170978 0.164743006
vt 0.822905004 0.164444998
vt 0.822934985 0.164067999
vt 0.822934985 0.164067999
vt 0.817631006 0.161296993
vt 0.817631006 0.161296993
vt 0.822934985 0.164067999
vt 0.823544025 0.164110005
vt 0.817631006 0.161296993
vt 0.819957018 0.158436999
vt 0.824535012 0.164364994
vt 0.821705997 0.157433003
vt 0.825640023 0.164539993
vt 0.82299298 0.156901002
vt 0.755783021 0.228025004
vt 0.76047802 0.233511999
vt 0.76156199 0.234267995
vt 0.755783021 0.228025004
vt 0.76156199 0.234267995
vt 0.760102987 0.226345003
vt 0.835780025 0.233064994
vt 0.837584972 0.223313004
vt 0.832493007 0.222662002
vt 0.835780025 0.233064994
vt 0.83344698 0.232949004
vt 0.83344698 0.232949004
vt 0.832493007 0.222662002
vt 0.809369981 0.243555993
vt 0.83344698 0.232949004
vt 0.809369981 0.243555993
vt 0.822652996 0.240966007
vt 0.756551981 0.165595993
vt 0.764786005 0.161902994
vt 0.765055001 0.159500003
vt 0.765055001 0.159500003
vt 0.756681025 0.156219006
vt 0.765055001 0.159500003
vt 0.766811013 0.158007994
vt 0.763194978 0.149846002
vt 0.778433979 0.156501994
vt 0.770215988 0.160108998
vt 0.769986987 0.162478998
vt 0.769986987 0.162478998
vt 0.778433979 0.165492997
vt 0.769986987 0.162478998
vt 0.768311977 0.164050996
vt 0.772050977 0.172120005
vt 0.78758198 0.157472998
vt 0.79538703 0.161524996
vt 0.795208991 0.154313996
vt 0.787132025 0.157160997
vt 0.790372014 0.149623007
vt 0.786634982 0.157177001
vt 0.78758198 0.157472998
vt 0.795208991 0.154313996
vt 0.786448002 0.158102006
vt 0.778985023 0.154061005
vt 0.778551996 0.160714999
vt 0.786448002 0.158102006
vt 0.786927998 0.158466995
vt 0.783463001 0.166228995
vt 0.787510991 0.158418
vt 0.771902978 0.203024998
vt 0.763741016 0.206641003
vt 0.763454974 0.208820999
vt 0.763454974 0.208820999
vt 0.771668017 0.212217003
vt 0.763454974 0.208820999
vt 0.761640012 0.210045993
vt 0.765246987 0.218263999
vt 0.749629021 0.211879998
vt 0.757697999 0.208141997
vt 0.757988989 0.206002995
vt 0.757988989 0.206002995
vt 0.749580026 0.202912003
vt 0.757988989 0.206002995
vt 0.759845972 0.204614997
vt 0.756152987 0.196382001
vt 0.749455988 0.201066002
vt 0.74170202 0.202946007
vt 0.742920995 0.202767998
vt 0.737204015 0.211639002
vt 0.74148798 0.204776004
vt 0.740431011 0.205265
vt 0.744231999 0.211796999
vt 0.74229598 0.203918993
vt 0.737204015 0.211639002
vt 0.740431011 0.205265
vt 0.732631981 0.206976995
vt 0.732631981 0.206976995
vt 0.740431011 0.205265
vt 0.739206016 0.205438003
vt 0.744432986 0.196382001
vt 0.740625024 0.203456998
vt 0.74170202 0.202946007
vt 0.73794502 0.196382001
vt 0.739831984 0.204301
vt 0.744432986 0.196382001
vt 0.74170202 0.202946007
vt 0.749455988 0.201066002
vt 0.787123978 0.186238006
vt 0.780483007 0.190165997
vt 0.788805008 0.196263
vt 0.787123978 0.186238006
vt 0.789563 0.187739
vt 0.789563 0.187739
vt 0.788805008 0.196263
vt 0.793143988 0.196263
vt 0.789563 0.187739
vt 0.791010976 0.188041002
vt 0.791010976 0.188041002
vt 0.793143988 0.196263
vt 0.807011008 0.174847007
vt 0.791010976 0.188041002
vt 0.807011008 0.174847007
vt 0.796594977 0.180166006
vt 0.756434023 0.158767998
vt 0.74701798 0.161911994
vt 0.746863008 0.162217006
vt 0.752547026 0.172169
vt 0.746659994 0.162367001
vt 0.746155977 0.161862001
vt 0.746155977 0.161862001
vt 0.738691986 0.161809996
vt 0.209235996 0.923690021
vt 0.214672998 0.923690021
vt 0.214672998 0.905969024
vt 0.209235996 0.905969024
vt 0.256884992 0.905969024
vt 0.262322009 0.905969024
vt 0.262322009 0.789941013
vt 0.256884992 0.789941013
vt 0.203798994 0.923690021
vt 0.209235996 0.923690021
vt 0.209235996 0.905969024
vt 0.203798994 0.905969024
vt 0.256884992 0.789941013
vt 0.251448005 0.789941013
vt 0.251448005 0.905969024
vt 0.256884992 0.905969024
vt 0.220826998 0.673914015
vt 0.220826998 0.789941013
vt 0.237856001 0.789941013
vt 0.237855002 0.673914015
vt 0.220826998 0.905969024
vt 0.220826998 0.789941013
vt 0.203798994 0.789941013
vt 0.203798994 0.905969024
vt 0.821870029 0.796633005
vt 0.821870029 0.626891971
vt 0.808278024 0.626891971
vt 0.808278024 0.796633005
vt 0.835461974 0.796633005
vt 0.835461974 0.626891971
vt 0.821870029 0.626891971
vt 0.821870029 0.796633005
vt 0.713131011 0.796633005
vt 0.699539006 0.626891971
vt 0.699539006 0.796633005
vt 0.713131011 0.626891971
vt 0.794685006 0.796633005
vt 0.794685006 0.626891971
vt 0.808278024 0.796633005
vt 0.808278024 0.626891971
vt 0.883111 0.643903971
vt 0.883111 0.629759014
vt 0.869518995 0.629759014
vt 0.869518995 0.643903971
vt 0.883111 0.728774011
vt 0.869518995 0.728774011
vt 0.883111 0.742919981
vt 0.869518995 0.742919981
vt 0.604393005 0.796633005
vt 0.590799987 0.626891971
vt 0.590799987 0.796633005
vt 0.604393005 0.626891971
vt 0.685947001 0.796633005
vt 0.685947001 0.626891971
vt 0.699539006 0.796633005
vt 0.699539006 0.626891971
vt 0.363272995 0.282193005
vt 0.363272995 0.169031993
vt 0.34968099 0.169031993
vt 0.34968099 0.282193005
vt 0.869518995 0.742919981
vt 0.869518995 0.827790022
vt 0.883111 0.827790022
vt 0.883111 0.742919981
vt 0.376866013 0.282193005
vt 0.376866013 0.169031993
vt 0.363272995 0.169031993
vt 0.363272995 0.282193005
vt 0.288439989 0.279325992
vt 0.288439989 0.166164994
vt 0.274847001 0.166164994
vt 0.274847001 0.279325992
vt 0.0845550001 0.279325992
vt 0.0845550001 0.166164994
vt 0.0709619969 0.166164994
vt 0.0709619969 0.279325992
vt 0.193293005 0.279325992
vt 0.193293005 0.166164994
vt 0.179701 0.166164994
vt 0.179701 0.279325992
vt 0.179701 0.279325992
vt 0.179701 0.166164994
vt 0.166108996 0.166164994
vt 0.166108996 0.279325992
vt 0.315623999 0.279325992
vt 0.315623999 0.166164994
vt 0.302031994 0.166164994
vt 0.302031994 0.279325992
vt 0.302031994 0.279325992
vt 0.302031994 0.166164994
vt 0.288439989 0.166164994
vt 0.288439989 0.279325992
vt 0.203798994 0.941411018
vt 0.209235996 0.941411018
vt 0.209235996 0.923690021
vt 0.203798994 0.923690021
vt 0.273196012 0.789941013
vt 0.267758995 0.789941013
vt 0.267758995 0.905969024
vt 0.273196012 0.905969024
vt 0.209235996 0.941411018
vt 0.214672998 0.941411018
vt 0.214672998 0.923690021
vt 0.209235996 0.923690021
vt 0.267758995 0.789941013
vt 0.262322009 0.789941013
vt 0.262322009 0.905969024
vt 0.267758995 0.905969024
vt 0.220826998 0.789941013
vt 0.220826998 0.905969024
vt 0.237856001 0.905969024
vt 0.237855002 0.789941013
vt 0.220826998 0.789941013
vt 0.220826998 0.673914015
vt 0.203798994 0.673914015
vt 0.203798994 0.789941013
vt 0.744612992 0.150978997
vt 0.738098979 0.150921002
vt 0.738077998 0.153317004
vt 0.756434023 0.153479993
vt 0.746769011 0.151005998
vt 0.746465981 0.149822995
vt 0.746086001 0.144241005
vt 0.744297981 0.149653003
vt 0.744238019 0.148458004
vt 0.754397988 0.151044995
vt 0.754707992 0.144014999
vt 0.756434023 0.148342997
vt 0.754397988 0.148598999
vt 0.75326401 0.145683005
vt 0.750450015 0.144868001
vt 0.750110984 0.142507002
vt 0.747493982 0.145833001
vt 0.746392012 0.148245007
vt 0.768505991 0.141482994
vt 0.765028 0.138108
vt 0.760058999 0.137899995
vt 0.764225006 0.140092
vt 0.766354024 0.142208993
vt 0.761078 0.140000999
vt 0.768505991 0.146206006
vt 0.756667972 0.141244993
vt 0.766261995 0.145264998
vt 0.758902013 0.142210007
vt 0.765094995 0.149727002
vt 0.756551981 0.146191001
vt 0.764084995 0.147676006
vt 0.758732021 0.145469993
vt 0.761053026 0.147663996
vt 0.760200977 0.149626002
vt 0.738902986 0.245580003
vt 0.735423982 0.242204994
vt 0.730455995 0.241997004
vt 0.734622002 0.244188994
vt 0.73675102 0.246305004
vt 0.731473982 0.244097993
vt 0.738902986 0.250303
vt 0.727064013 0.245342001
vt 0.73665899 0.249362007
vt 0.729297996 0.246307001
vt 0.735491991 0.253823996
vt 0.726948977 0.25028801
vt 0.734480977 0.251773
vt 0.729128003 0.249566004
vt 0.731449008 0.251760006
vt 0.730597973 0.253722996
vt 0.735364974 0.188961998
vt 0.733012021 0.196075007
vt 0.735364974 0.196075007
vt 0.733012021 0.186341003
vt 0.751250029 0.186341003
vt 0.740419984 0.188961998
vt 0.742772996 0.188961998
vt 0.751250029 0.188961998
vt 0.740419984 0.196075007
vt 0.742772996 0.196075007
vt 0.818790019 0.135993004
vt 0.815173984 0.141703993
vt 0.817809999 0.141146004
vt 0.818661988 0.145170003
vt 0.820928991 0.144688994
vt 0.819073975 0.135932997
vt 0.825869977 0.139066994
vt 0.820039988 0.140303001
vt 0.82050401 0.142491996
vt 0.826161981 0.141293004
vt 0.827602983 0.141560003
vt 0.828541994 0.139441997
vt 0.828167975 0.142513007
vt 0.829923987 0.144737005
vt 0.830098987 0.141923994
vt 0.830165029 0.143279001
vt 0.82822001 0.143760994
vt 0.827883005 0.145170003
vt 0.741183996 0.247455999
vt 0.740274012 0.250322998
vt 0.740493 0.252041012
vt 0.74121201 0.253865004
vt 0.74268198 0.249262005
vt 0.743591011 0.246415004
vt 0.742380023 0.250414997
vt 0.742645025 0.25198701
vt 0.743562996 0.253915012
vt 0.743475974 0.248845994
vt 0.744409025 0.249523997
vt 0.747027993 0.249271005
vt 0.745839 0.251792997
vt 0.74752301 0.253908992
vt 0.749283016 0.252110004
vt 0.749167979 0.25454101
vt 0.751739979 0.253452003
vt 0.750272989 0.251603007
vt 0.750671029 0.250366002
vt 0.751716971 0.246452004
vt 0.75030899 0.248616993
vt 0.749150991 0.246415004
vt 0.752534986 0.248578995
vt 0.752752006 0.250636995
vt 0.72587502 0.145117
vt 0.72547102 0.147410005
vt 0.726427019 0.150501996
vt 0.727101982 0.143425003
vt 0.727716982 0.147222996
vt 0.728195012 0.145264
vt 0.729695976 0.143425003
vt 0.728211999 0.148846999
vt 0.729429007 0.151768997
vt 0.729830027 0.149388999
vt 0.735606015 0.151768997
vt 0.730472028 0.149388999
vt 0.731782019 0.149388999
vt 0.731220007 0.147275999
vt 0.732487023 0.144508004
vt 0.735284984 0.149388999
vt 0.732914984 0.146727994
vt 0.736011028 0.148386002
vt 0.736083984 0.151886001
vt 0.735018015 0.143184006
vt 0.734589994 0.145591006
vt 0.735803008 0.146075994
vt 0.736275017 0.147303
vt 0.737070024 0.143993005
vt 0.736221015 0.152223006
vt 0.737022996 0.153479993
vt 0.736051023 0.152741
vt 0.735579014 0.153479993
vt 0.736729026 0.149361998
vt 0.737654984 0.147763997
vt 0.737959027 0.146126002
vt 0.737664998 0.149959996
vt 0.737761974 0.152199998
vt 0.737959027 0.151179999
vt 0.742542028 0.239921004
vt 0.746478021 0.246296003
vt 0.747991025 0.244494006
vt 0.739021003 0.240039006
vt 0.750744998 0.226068005
vt 0.745791018 0.236049995
vt 0.747303009 0.234246999
vt 0.752752006 0.227752998
vt 0.751240015 0.240621999
vt 0.752752006 0.238819003
vt 0.796419024 0.146791995
vt 0.778988004 0.143855006
vt 0.778551996 0.146439001
vt 0.796747983 0.149505004
vt 0.799628019 0.146858007
vt 0.801119983 0.149085999
vt 0.801087022 0.144513994
vt 0.803517997 0.144733995
vt 0.801198006 0.143855006
vt 0.803436995 0.145533994
vt 0.736688972 0.172288001
vt 0.733901024 0.175145
vt 0.731567025 0.179507002
vt 0.733193994 0.180377007
vt 0.734354019 0.178207994
vt 0.736056983 0.175479993
vt 0.735020995 0.179675996
vt 0.737416983 0.1743
vt 0.735836983 0.177215993
vt 0.740028977 0.172479004
vt 0.736822009 0.178527996
vt 0.739090025 0.174402997
vt 0.736072004 0.180553004
vt 0.741032004 0.173198
vt 0.738551974 0.178718001
vt 0.740177989 0.175735995
vt 0.737569988 0.180956006
vt 0.741707027 0.174105003
vt 0.739888012 0.177560002
vt 0.738982975 0.180837005
vt 0.742069006 0.175255001
vt 0.741514981 0.178748995
vt 0.742103994 0.176593006
vt 0.742151022 0.176617995
vt 0.74338901 0.175714999
vt 0.743283987 0.177617997
vt 0.74455601 0.175751001
vt 0.743591011 0.178837001
vt 0.745100021 0.176372007
vt 0.742923021 0.181580007
vt 0.745332003 0.177532002
vt 0.74278599 0.184570998
vt 0.747460008 0.176070005
vt 0.745637 0.179909006
vt 0.747012973 0.178415999
vt 0.744794011 0.182312995
vt 0.744229972 0.186223
vt 0.745480001 0.184283003
vt 0.749682009 0.176431999
vt 0.748528004 0.178361997
vt 0.749333024 0.179767996
vt 0.747411013 0.186223
vt 0.751250029 0.179033995
vt 0.747021973 0.184114993
vt 0.748576999 0.182180002
vt 0.750276029 0.183028996
vt 0.796355009 0.251002014
vt 0.795270979 0.251002014
vt 0.794510007 0.251773
vt 0.797125995 0.251762986
vt 0.794510007 0.252855986
vt 0.797125995 0.252846003
vt 0.795280993 0.253616989
vt 0.796365023 0.253616989
vt 0.80925101 0.251002014
vt 0.797244012 0.251002014
vt 0.797244012 0.253381997
vt 0.80925101 0.253381997
vt 0.749455988 0.211915001
vt 0.747877002 0.222999007
vt 0.749460995 0.218162
vt 0.747111022 0.217819005
vt 0.746183991 0.220919997
vt 0.747107983 0.214533001
vt 0.744614005 0.224414006
vt 0.744234979 0.221722007
vt 0.742196977 0.220742002
vt 0.74150902 0.223256007
vt 0.741391003 0.217696995
vt 0.739853978 0.220054001
vt 0.741375983 0.214537993
vt 0.739750028 0.220054001
vt 0.739014983 0.214539006
vt 0.739012003 0.216279
vt 0.738278985 0.219178006
vt 0.738216996 0.222151995
vt 0.736088991 0.220128
vt 0.735845029 0.222827002
vt 0.734309018 0.219438002
vt 0.733555019 0.214537993
vt 0.732659996 0.221490994
vt 0.733552992 0.216943994
vt 0.731202006 0.211915001
vt 0.73119998 0.217209995
vt 0.787338972 0.239475995
vt 0.784998 0.248974994
vt 0.789134979 0.242577001
vt 0.778943002 0.243745998
vt 0.786882997 0.235680997
vt 0.776435971 0.233606994
vt 0.789134979 0.242577001
vt 0.784998 0.248974994
vt 0.789268017 0.250346005
vt 0.791471004 0.242837995
vt 0.792059004 0.250883013
vt 0.793362021 0.243444994
vt 0.795468986 0.250883013
vt 0.794754028 0.244692996
vt 0.794754028 0.244692996
vt 0.795468986 0.250883013
vt 0.795602024 0.250867993
vt 0.794821978 0.244693995
vt 0.794821978 0.244693995
vt 0.795602024 0.250867993
vt 0.800064981 0.249773994
vt 0.796550989 0.242550999
vt 0.804426014 0.247367993
vt 0.798569024 0.241802007
vt 0.808218002 0.242623001
vt 0.800086021 0.240005001
vt 0.800086021 0.240005001
vt 0.808218002 0.242623001
vt 0.80925101 0.233135998
vt 0.799870014 0.236302003
vt 0.801077008 0.222662002
vt 0.797672987 0.232668996
vt 0.797672987 0.232668996
vt 0.801077008 0.222662002
vt 0.776435971 0.233606994
vt 0.786882997 0.235680997
vt 0.795504987 0.158334002
vt 0.804413021 0.158891007
vt 0.804156005 0.158750996
vt 0.796858013 0.153790995
vt 0.796858013 0.153790995
vt 0.804156005 0.158750996
vt 0.804058015 0.158499002
vt 0.800670028 0.150330007
vt 0.800670028 0.150330007
vt 0.804058015 0.158499002
vt 0.804369986 0.158078998
vt 0.808299005 0.150330007
vt 0.804862022 0.157977
vt 0.812977016 0.155151993
vt 0.843258977 0.136023
vt 0.841360986 0.140494004
vt 0.845934987 0.138715997
vt 0.841279984 0.140530005
vt 0.839470983 0.136033997
vt 0.841253996 0.140604004
vt 0.843240976 0.145170003
vt 0.84146899 0.140610993
vt 0.841432989 0.140689
vt 0.839465022 0.145163
vt 0.841355979 0.140717998
vt 0.836799026 0.142492995
vt 0.778632998 0.211235002
vt 0.77411598 0.215179995
vt 0.775276005 0.216361001
vt 0.779543996 0.211530998
vt 0.776306987 0.217267007
vt 0.780387998 0.211924002
vt 0.77768302 0.218321994
vt 0.781297028 0.212845996
vt 0.779065013 0.219191998
vt 0.782127023 0.213281006
vt 0.782929003 0.220890999
vt 0.784996986 0.213321999
vt 0.785346985 0.221568003
vt 0.787117004 0.213330999
vt 0.787117004 0.213330999
vt 0.785346985 0.221568003
vt 0.786973 0.221935004
vt 0.788214982 0.213738993
vt 0.790839016 0.222544
vt 0.790977001 0.213603005
vt 0.795225024 0.222544
vt 0.793640971 0.213780999
vt 0.79876399 0.221748993
vt 0.795235991 0.214277998
vt 0.795235991 0.214277998
vt 0.79876399 0.221748993
vt 0.803674996 0.218614995
vt 0.797029972 0.213098004
vt 0.797029972 0.213098004
vt 0.803674996 0.218614995
vt 0.807011008 0.211142004
vt 0.798098028 0.210526004
vt 0.805049002 0.203612998
vt 0.797859013 0.207828999
vt 0.801522017 0.199967995
vt 0.796378016 0.206244007
vt 0.796378016 0.206244007
vt 0.801522017 0.199967995
vt 0.798933029 0.198324993
vt 0.794596016 0.205634996
vt 0.79518801 0.196962997
vt 0.793236971 0.204043001
vt 0.793236971 0.204043001
vt 0.79518801 0.196962997
vt 0.793717027 0.196666002
vt 0.792367995 0.203632995
vt 0.792846978 0.196526006
vt 0.791701972 0.203677997
vt 0.791701972 0.203677997
vt 0.792846978 0.196526006
vt 0.791589975 0.196382001
vt 0.790817022 0.203426003
vt 0.789517999 0.196425006
vt 0.79005599 0.202588007
vt 0.79005599 0.202588007
vt 0.789517999 0.196425006
vt 0.789385021 0.196436003
vt 0.789999008 0.202588007
vt 0.789999008 0.202588007
vt 0.789385021 0.196436003
vt 0.787863016 0.196612999
vt 0.789310992 0.203490004
vt 0.786499023 0.196859002
vt 0.788486004 0.204391003
vt 0.785209 0.197134003
vt 0.787560999 0.205025002
vt 0.783739984 0.197487995
vt 0.78610599 0.205529004
vt 0.779213011 0.199075997
vt 0.783217013 0.206400007
vt 0.783217013 0.206400007
vt 0.779213011 0.199075997
vt 0.774420977 0.202800006
vt 0.780638993 0.207839996
vt 0.772022009 0.209848002
vt 0.77857101 0.209905997
vt 0.77857101 0.209905997
vt 0.772022009 0.209848002
vt 0.772449017 0.212404996
vt 0.778136015 0.210645005
vt 0.845934987 0.183183998
vt 0.838356018 0.185634002
vt 0.84037298 0.187897995
vt 0.845284998 0.190788999
vt 0.84029597 0.188155994
vt 0.845076978 0.191128999
vt 0.840219975 0.188360006
vt 0.844895005 0.191414997
vt 0.844895005 0.191414997
vt 0.840219975 0.188360006
vt 0.839582026 0.188564003
vt 0.841998994 0.194205999
vt 0.837710023 0.195252001
vt 0.837512016 0.187139004
vt 0.834738016 0.186699003
vt 0.83357197 0.195252001
vt 0.824836016 0.181658
vt 0.811639011 0.181992993
vt 0.811639011 0.181992993
vt 0.824836016 0.181658
vt 0.825456023 0.180267006
vt 0.812920988 0.174006
vt 0.812920988 0.174006
vt 0.825456023 0.180267006
vt 0.835882008 0.184383005
vt 0.841826975 0.177395999
vt 0.838356018 0.185634002
vt 0.845934987 0.183183998
vt 0.817384005 0.202041999
vt 0.820358992 0.210531995
vt 0.825460017 0.207543999
vt 0.821600974 0.200174004
vt 0.821600974 0.200174004
vt 0.825460017 0.207543999
vt 0.829128981 0.201672003
vt 0.827076018 0.196204007
vt 0.827076018 0.196204007
vt 0.829128981 0.201672003
vt 0.830595016 0.201499
vt 0.829738021 0.195371002
vt 0.829738021 0.195371002
vt 0.830595016 0.201499
vt 0.835031986 0.202323005
vt 0.838832974 0.195942998
vt 0.838832974 0.195942998
vt 0.835031986 0.202323005
vt 0.837107003 0.206074998
vt 0.845934987 0.206628993
vt 0.845934987 0.206628993
vt 0.837107003 0.206074998
vt 0.835882008 0.207506999
vt 0.844756007 0.211625993
vt 0.844756007 0.211625993
vt 0.835882008 0.207506999
vt 0.820517004 0.212856993
vt 0.819607973 0.222544
vt 0.819607973 0.222544
vt 0.820517004 0.212856993
vt 0.815604985 0.210596994
vt 0.807129025 0.212743998
vt 0.807129025 0.212743998
vt 0.815604985 0.210596994
vt 0.815981984 0.209122002
vt 0.807129025 0.208047003
vt 0.778315008 0.185996994
vt 0.771072984 0.185319006
vt 0.778015018 0.187419996
vt 0.771731019 0.184933007
vt 0.778433979 0.184398994
vt 0.772005975 0.184184
vt 0.77838397 0.183157995
vt 0.772077024 0.183511004
vt 0.777912021 0.181161001
vt 0.772014976 0.182688996
vt 0.778015018 0.187419996
vt 0.771072984 0.185319006
vt 0.771070004 0.186578006
vt 0.77738899 0.189458996
vt 0.770712972 0.187583998
vt 0.776389003 0.191484004
vt 0.769831002 0.188500002
vt 0.774066985 0.194240004
vt 0.774066985 0.194240004
vt 0.769831002 0.188500002
vt 0.768644989 0.188859999
vt 0.770918012 0.195957005
vt 0.770918012 0.195957005
vt 0.768644989 0.188859999
vt 0.76719898 0.187860996
vt 0.765896022 0.196263
vt 0.765240014 0.186660007
vt 0.761189997 0.194491997
vt 0.763481975 0.185773998
vt 0.75840199 0.192531005
vt 0.75840199 0.192531005
vt 0.763481975 0.185773998
vt 0.763194025 0.185212001
vt 0.757707 0.191964
vt 0.761893988 0.183945
vt 0.756042004 0.190459996
vt 0.751587987 0.179317996
vt 0.758009017 0.182047993
vt 0.758827984 0.181602001
vt 0.753364027 0.176456004
vt 0.760415971 0.181416005
vt 0.756237984 0.174109995
vt 0.762754977 0.181465998
vt 0.761507988 0.172288001
vt 0.761507988 0.172288001
vt 0.762754977 0.181465998
vt 0.765694976 0.181455001
vt 0.766924024 0.172288001
vt 0.770805001 0.180847004
vt 0.776246011 0.177616999
vt 0.771180987 0.181020007
vt 0.776489973 0.178047001
vt 0.776489973 0.178047001
vt 0.771180987 0.181020007
vt 0.771309018 0.181217
vt 0.776675999 0.178390995
vt 0.771248996 0.181622997
vt 0.776944995 0.178917006
vt 0.771198988 0.182258993
vt 0.777351022 0.179790005
vt 0.777351022 0.179790005
vt 0.771198988 0.182258993
vt 0.772014976 0.182688996
vt 0.777912021 0.181161001
vt 0.82299298 0.156901002
vt 0.825640023 0.164539993
vt 0.826647997 0.164541006
vt 0.823916018 0.156563997
vt 0.823916018 0.156563997
vt 0.826647997 0.164541006
vt 0.827852011 0.164095998
vt 0.825096011 0.156134993
vt 0.830375016 0.163084999
vt 0.828436971 0.155026004
vt 0.832334995 0.162220001
vt 0.832117975 0.154337004
vt 0.833846986 0.161908001
vt 0.834612012 0.154337004
vt 0.835491002 0.162274003
vt 0.83901298 0.155300006
vt 0.83901298 0.155300006
vt 0.835491002 0.162274003
vt 0.837251008 0.163305998
vt 0.843273997 0.158363998
vt 0.838349998 0.164223
vt 0.845036983 0.161152005
vt 0.838886023 0.165031999
vt 0.845934987 0.164683998
vt 0.845934987 0.164683998
vt 0.838886023 0.165031999
vt 0.838791013 0.165592998
vt 0.844802022 0.169225007
vt 0.835277021 0.173500001
vt 0.834190011 0.163966998
vt 0.830269992 0.16573
vt 0.830698013 0.173887998
vt 0.826385975 0.166821003
vt 0.824558973 0.173188001
vt 0.824558973 0.173188001
vt 0.826385975 0.166821003
vt 0.82505399 0.166354999
vt 0.821470976 0.171664
vt 0.821470976 0.171664
vt 0.82505399 0.166354999
vt 0.823835015 0.165494993
vt 0.818692029 0.168812007
vt 0.823264003 0.164927006
vt 0.817772985 0.167025
vt 0.822905004 0.164444998
vt 0.817170978 0.164743006
vt 0.764896989 0.226068005
vt 0.76394397 0.233162001
vt 0.765069008 0.233873993
vt 0.768050015 0.226968005
vt 0.768050015 0.226968005
vt 0.765069008 0.233873993
vt 0.76711297 0.235477999
vt 0.772642016 0.229947999
vt 0.772642016 0.229947999
vt 0.76711297 0.235477999
vt 0.768060982 0.240256995
vt 0.776081026 0.238942996
vt 0.768613994 0.241771996
vt 0.776235998 0.240797997
vt 0.776235998 0.240797997
vt 0.768613994 0.241771996
vt 0.769374013 0.242506996
vt 0.776318014 0.242045
vt 0.769985974 0.243185997
vt 0.776318014 0.243552998
vt 0.770296991 0.243754998
vt 0.776051998 0.245423004
vt 0.776051998 0.245423004
vt 0.770296991 0.243754998
vt 0.769922018 0.244007006
vt 0.77401799 0.248821005
vt 0.77401799 0.248821005
vt 0.769922018 0.244007006
vt 0.769316971 0.244000003
vt 0.772011995 0.250133991
vt 0.768433988 0.243774995
vt 0.770187974 0.250791997
vt 0.766819 0.242676005
vt 0.764904022 0.250883013
vt 0.764904022 0.250883013
vt 0.766819 0.242676005
vt 0.765573025 0.240881994
vt 0.760361016 0.248728007
vt 0.761011004 0.236613005
vt 0.753902972 0.240430996
vt 0.753902972 0.240430996
vt 0.761011004 0.236613005
vt 0.759359002 0.236206993
vt 0.75296998 0.238263994
vt 0.75296998 0.238263994
vt 0.759359002 0.236206993
vt 0.759350002 0.236010998
vt 0.752870977 0.237938002
vt 0.752870977 0.237938002
vt 0.759350002 0.236010998
vt 0.76047802 0.233511999
vt 0.755783021 0.228025004
vt 0.760102987 0.226345003
vt 0.76156199 0.234267995
vt 0.76394397 0.233162001
vt 0.764896989 0.226068005
vt 0.834547997 0.245407
vt 0.839174986 0.251569003
vt 0.841592014 0.248315006
vt 0.834964991 0.242458001
vt 0.834964991 0.242458001
vt 0.841592014 0.248315006
vt 0.845934987 0.242971003
vt 0.841461003 0.242264003
vt 0.841461003 0.242264003
vt 0.845934987 0.242971003
vt 0.845934987 0.240779996
vt 0.841681004 0.241340995
vt 0.841681004 0.241340995
vt 0.845934987 0.240779996
vt 0.843159974 0.235642999
vt 0.835343003 0.238851994
vt 0.835343003 0.238851994
vt 0.843159974 0.235642999
vt 0.837584972 0.223313004
vt 0.835780025 0.233064994
vt 0.822652996 0.240966007
vt 0.809369981 0.243555993
vt 0.825788975 0.255957007
vt 0.826650023 0.247030005
vt 0.826650023 0.247030005
vt 0.825788975 0.255957007
vt 0.829074979 0.25575
vt 0.828181028 0.246329993
vt 0.828181028 0.246329993
vt 0.829074979 0.25575
vt 0.839174986 0.251569003
vt 0.834547997 0.245407
vt 0.763194978 0.149846002
vt 0.766811013 0.158007994
vt 0.768990993 0.158294007
vt 0.772387028 0.150080994
vt 0.770215988 0.160108998
vt 0.778433979 0.156501994
vt 0.772050977 0.172120005
vt 0.768311977 0.164050996
vt 0.766173005 0.163760006
vt 0.763082027 0.172169
vt 0.764786005 0.161902994
vt 0.756551981 0.165595993
vt 0.787510991 0.158418
vt 0.783463001 0.166228995
vt 0.790336013 0.166677997
vt 0.787796021 0.157978997
vt 0.79538703 0.161524996
vt 0.78758198 0.157472998
vt 0.786634982 0.157177001
vt 0.790372014 0.149623007
vt 0.783676028 0.149623007
vt 0.786309004 0.157496005
vt 0.778985023 0.154061005
vt 0.786448002 0.158102006
vt 0.756152987 0.196382001
vt 0.759845972 0.204614997
vt 0.762248993 0.204885006
vt 0.76552999 0.196511
vt 0.763741016 0.206641003
vt 0.771902978 0.203024998
vt 0.765246987 0.218263999
vt 0.761640012 0.210045993
vt 0.759270012 0.209815994
vt 0.756255984 0.218263999
vt 0.757697999 0.208141997
vt 0.749629021 0.211879998
vt 0.749455988 0.201066002
vt 0.742920995 0.202767998
vt 0.749460995 0.207439005
vt 0.74229598 0.203918993
vt 0.744231999 0.211796999
vt 0.732631981 0.206976995
vt 0.739206016 0.205438003
vt 0.732878983 0.200295001
vt 0.739831984 0.204301
vt 0.73794502 0.196382001
vt 0.794346988 0.177687004
vt 0.788774014 0.166795999
vt 0.791306973 0.176525995
vt 0.798699975 0.167542994
vt 0.796594977 0.180166006
vt 0.807011008 0.174847007
vt 0.791306973 0.176525995
vt 0.788774014 0.166795999
vt 0.780876994 0.172581002
vt 0.788118005 0.178391993
vt 0.778551996 0.179450005
vt 0.787733972 0.181125998
vt 0.787733972 0.181125998
vt 0.778551996 0.179450005
vt 0.779123008 0.186954007
vt 0.786621988 0.184509993
vt 0.779654026 0.188389003
vt 0.786781013 0.185387999
vt 0.780483007 0.190165997
vt 0.787123978 0.186238006
vt 0.739395976 0.158276007
vt 0.746510983 0.161495
vt 0.743719995 0.153597996
vt 0.746237993 0.161645994
vt 0.738888979 0.159853995
vt 0.746182024 0.161754996
vt 0.738691986 0.161809996
vt 0.746155977 0.161862001
vt 0.743719995 0.153597996
vt 0.746510983 0.161495
vt 0.746850014 0.161618993
vt 0.751367986 0.153597996
vt 0.74701798 0.161911994
vt 0.756434023 0.158767998
vt 0.756434023 0.158767998
vt 0.746863008 0.162217006
vt 0.756416023 0.167260006
vt 0.746659994 0.162367001
vt 0.752547026 0.172169
vn 0.000000 1.000000 0.000000
vn 0.000000 1.000000 0.000000
vn 0.000000 1.000000 0.000000
vn 0.000000 1.000000 0.000000
vn 0.000000 1.000000 0.000000
vn 0.000000 1.000000 0.000000
vn 0.000000 1.000000 0.000000
vn 0.000000 1.000000 0.000000
vn 0.000000 1.000000 0.000000
vn 0.000000 1.000000 0.000000
vn 0.000000 1.000000 0.000000
vn 0.122315 0.000000 0.992491
vn 0.122315 0.000000 0.992491
vn 0.242793 0.000000 0.970078
vn 0.000000 0.000000 1.000000
vn 0.000000 0.000000 1.000000
vn 0.122315 0.000000 0.992491
vn 0.242793 0.000000 0.970078
vn 0.242793 0.000000 0.970078
vn 0.000000 0.000000 1.000000
vn 0.122315 0.000000 0.992491
vn 0.916960 0.000000 0.398980
vn 0.916960 0.000000 0.398980
vn 0.999784 0.000000 0.020796
vn 0.999784 0.000000 0.020796
vn 0.932757 0.000000 -0.360505
vn 0.916960 0.000000 0.398980
vn 0.999784 0.000000 0.020796
vn 0.999784 0.000000 0.020796
vn 0.932757 0.000000 -0.360505
vn 0.932757 0.000000 -0.360505
vn 0.291111 0.000000 -0.956689
vn 0.291111 0.000000 -0.956689
vn 0.147158 0.000000 -0.989113
vn 0.147158 0.000000 -0.989113
vn 0.000000 0.000000 -1.000000
vn 0.291111 0.000000 -0.956689
vn 0.147158 0.000000 -0.989113
vn 0.147158 0.000000 -0.989113
vn 0.000000 0.000000 -1.000000
vn 0.000000 0.000000 -1.000000
vn -1.000000 0.000000 0.000000
vn -1.000000 0.000000 0.000000
vn -1.000000 0.000000 0.000000
vn -1.000000 0.000000 0.000000
vn -1.000000 0.000000 0.000000
vn -1.000000 0.000000 0.000000
vn 0.145360 0.000000 0.989379
vn 0.145360 0.000000 0.989379
vn 0.287633 0.000000 0.957741
vn 0.000000 0.000000 1.000000
vn 0.145360 0.000000 0.989379
vn 0.287633 0.000000 0.957741
vn 0.287633 0.000000 0.957741
vn -1.000000 0.000000 0.000000
vn -1.000000 0.000000 0.000000
vn -1.000000 0.000000 0.000000
vn -1.000000 0.000000 0.000000
vn -1.000000 0.000000 0.000000
vn -1.000000 0.000000 0.000000
vn 0.000000 0.000000 1.000000
vn 0.000000 0.000000 1.000000
vn 0.145360 0.000000 0.989379
vn 1.000000 0.000000 0.000000
vn 1.000000 0.000000 0.000000
vn 1.000000 0.000000 0.000000
vn 1.000000 0.000000 0.000000
vn 1.000000 0.000000 0.000000
vn 1.000000 0.000000 0.000000
vn 0.000000 0.000000 1.000000
vn 0.000000 0.000000 1.000000
vn 0.000000 0.000000 1.000000
vn 0.000000 0.000000 1.000000
vn 0.000000 0.000000 1.000000
vn 0.000000 0.000000 1.000000
vn -1.000000 0.000000 0.000000
vn -1.000000 0.000000 0.000000
vn -1.000000 0.000000 0.000000
vn -1.000000 0.000000 0.000000
vn -1.000000 0.000000 0.000000
vn -1.000000 0.000000 0.000000
vn 0.000000 0.000000 -1.000000
vn 0.000000 0.000000 -1.000000
vn 0.000000 0.000000 -1.000000
vn 0.000000 0.000000 -1.000000
vn 0.000000 0.000000 -1.000000
vn 0.000000 0.000000 -1.000000
vn 0.922623 0.000000 0.385704
vn 0.922623 0.000000 0.385704
vn 0.707110 0.000000 0.707104
vn 0.707110 0.000000 0.707104
vn 0.707110 0.000000 0.707104
vn 0.707110 0.000000 0.707104
vn 0.385713 0.000000 0.922619
vn 0.385713 0.000000 0.922619
vn -0.922616 0.000000 -0.385719
vn -0.922616 0.000000 -0.385719
vn -0.707107 0.000000 -0.707107
vn -0.707107 0.000000 -0.707107
vn -0.707107 0.000000 -0.707107
vn -0.707107 0.000000 -0.707107
vn -0.385719 0.000000 -0.922617
vn -0.385719 0.000000 -0.922617
vn 0.000000 0.000000 -1.000000
vn 0.000000 0.000000 -1.000000
vn 0.000000 0.000000 -1.000000
vn 0.000000 0.000000 -1.000000
vn 0.000000 0.000000 -1.000000
vn -0.683712 0.000000 -0.729752
vn -0.909066 0.000000 -0.416653
vn -0.909066 0.000000 -0.416653
vn -0.683712 0.000000 -0.729752
vn -0.683712 0.000000 -0.729752
vn 0.000311 0.000000 -1.000000
vn 0.000311 0.000000 -1.000000
vn 0.681880 0.000000 -0.731464
vn 0.681880 0.000000 -0.731464
vn 0.906702 0.000000 -0.421772
vn 0.906702 0.000000 -0.421772
vn 0.906702 0.000000 -0.421772
vn 0.681880 0.000000 -0.731464
vn 0.000311 0.000000 -1.000000
vn 0.000311 0.000000 -1.000000
vn -0.683712 0.000000 -0.729752
vn -0.683712 0.000000 -0.729752
vn -0.923019 0.000000 0.384755
vn -0.923019 0.000000 0.384755
vn -0.923019 0.000000 0.384755
vn -0.923019 0.000000 0.384755
vn -0.923019 0.000000 0.384755
vn -0.923019 0.000000 0.384755
vn 0.015817 0.000000 0.999875
vn 0.015817 0.000000 0.999875
vn 0.357331 0.000000 0.933978
vn -0.327611 0.000000 0.944813
vn -0.327611 0.000000 0.944813
vn 0.015817 0.000000 0.999875
vn 0.015817 0.000000 0.999875
vn 0.357331 0.000000 0.933978
vn 0.357331 0.000000 0.933978
vn 0.927946 0.000000 0.372715
vn 0.927946 0.000000 0.372715
vn 0.927946 0.000000 0.372715
vn 0.927946 0.000000 0.372715
vn 0.927946 0.000000 0.372715
vn -0.864419 0.000000 -0.502772
vn -0.864419 0.000000 -0.502772
vn -0.864419 0.000000 -0.502772
vn -0.864419 0.000000 -0.502772
vn -0.864419 0.000000 -0.502772
vn -0.864419 0.000000 -0.502772
vn -0.847881 0.000000 0.530187
vn -0.847881 0.000000 0.530187
vn -0.847881 0.000000 0.530187
vn -0.847881 0.000000 0.530187
vn -0.847881 0.000000 0.530187
vn -0.847881 0.000000 0.530187
vn -0.186447 0.000000 0.982465
vn -0.186447 0.000000 0.982465
vn -0.001014 0.000000 0.999999
vn -0.001014 0.000000 0.999999
vn 0.546498 0.000000 0.837460
vn -0.186447 0.000000 0.982465
vn -0.001014 0.000000 0.999999
vn -0.001014 0.000000 0.999999
vn 0.546498 0.000000 0.837460
vn 0.546498 0.000000 0.837460
vn 0.825359 0.000000 0.564609
vn 0.825359 0.000000 0.564609
vn 0.546498 0.000000 0.837460
vn 0.546498 0.000000 0.837460
vn 0.825359 0.000000 0.564609
vn 0.735360 0.000000 -0.677677
vn 0.735360 0.000000 -0.677677
vn 0.470778 0.000000 -0.882252
vn 0.470778 0.000000 -0.882252
vn -0.049391 0.000000 -0.998780
vn -0.049391 0.000000 -0.998780
vn -0.250280 0.000000 -0.968173
vn 0.735360 0.000000 -0.677677
vn 0.470778 0.000000 -0.882252
vn 0.470778 0.000000 -0.882252
vn -0.049391 0.000000 -0.998780
vn -0.049391 0.000000 -0.998780
vn -0.250280 0.000000 -0.968173
vn -0.250280 0.000000 -0.968173
vn 0.000000 0.000000 1.000000
vn 0.000000 0.000000 1.000000
vn 0.193738 0.000000 0.981053
vn 0.000000 0.000000 1.000000
vn 0.193738 0.000000 0.981053
vn 0.380135 0.000000 0.924931
vn 0.380135 0.000000 0.924931
vn 0.000000 0.000000 -1.000000
vn 0.000000 0.000000 -1.000000
vn 0.000000 0.000000 -1.000000
vn 0.000000 0.000000 -1.000000
vn 0.000000 0.000000 -1.000000
vn 0.000000 0.000000 -1.000000
vn -0.445731 0.000000 -0.895167
vn -0.632392 0.000000 -0.774649
vn -0.632392 0.000000 -0.774649
vn -0.445731 0.000000 -0.895167
vn -0.632392 0.000000 -0.774649
vn 0.028127 0.000000 -0.999604
vn 0.028127 0.000000 -0.999604
vn 0.291318 0.000000 -0.956626
vn 0.291318 0.000000 -0.956626
vn 1.000000 0.000000 0.000000
vn 1.000000 0.000000 0.000000
vn 1.000000 0.000000 0.000000
vn 1.000000 0.000000 0.000000
vn 1.000000 0.000000 0.000000
vn -0.635440 0.000000 -0.772150
vn -0.827447 0.000000 -0.561543
vn -0.827447 0.000000 -0.561543
vn -0.635440 0.000000 -0.772150
vn -0.827447 0.000000 -0.561543
vn -0.391822 0.000000 -0.920041
vn -0.391822 0.000000 -0.920041
vn -0.928656 0.000000 0.370941
vn -0.928656 0.000000 0.370941
vn -0.928656 0.000000 0.370941
vn -0.928656 0.000000 0.370941
vn -0.928656 0.000000 0.370941
vn -0.928656 0.000000 0.370941
vn -0.358630 0.000000 0.933480
vn -0.358630 0.000000 0.933480
vn -0.063783 0.000000 0.997964
vn -0.063783 0.000000 0.997964
vn 0.419310 0.000000 0.907843
vn 0.419310 0.000000 0.907843
vn 0.586089 0.000000 0.810247
vn -0.358630 0.000000 0.933480
vn -0.063783 0.000000 0.997964
vn -0.063783 0.000000 0.997964
vn 0.419310 0.000000 0.907843
vn 0.419310 0.000000 0.907843
vn 0.586089 0.000000 0.810247
vn 0.586089 0.000000 0.810247
vn 1.000000 0.000000 0.000000
vn 1.000000 0.000000 0.000000
vn 1.000000 0.000000 0.000000
vn 1.000000 0.000000 0.000000
vn 1.000000 0.000000 0.000000
vn 1.000000 0.000000 0.000000
vn -0.478099 0.000000 0.878306
vn -0.478099 0.000000 0.878306
vn -0.350945 0.000000 0.936396
vn -0.478099 0.000000 0.878306
vn -0.350945 0.000000 0.936396
vn 0.039340 0.000000 0.999226
vn 0.039340 0.000000 0.999226
vn 0.636664 0.000000 0.771142
vn 0.636664 0.000000 0.771142
vn 0.883348 0.000000 0.468718
vn 0.883348 0.000000 0.468718
vn -1.000000 0.000000 0.000000
vn -1.000000 0.000000 0.000000
vn -1.000000 0.000000 0.000000
vn -1.000000 0.000000 0.000000
vn -1.000000 0.000000 0.000000
vn 0.449092 0.000000 -0.893486
vn 0.449092 0.000000 -0.893486
vn 0.320862 0.000000 -0.947126
vn 0.449092 0.000000 -0.893486
vn 0.320862 0.000000 -0.947126
vn -0.036889 0.000000 -0.999319
vn -0.036889 0.000000 -0.999319
vn -0.258361 0.000000 -0.966049
vn -0.258361 0.000000 -0.966049
vn -1.000000 0.000000 0.000000
vn -1.000000 0.000000 0.000000
vn -1.000000 0.000000 0.000000
vn -1.000000 0.000000 0.000000
vn -1.000000 0.000000 0.000000
vn -1.000000 0.000000 0.000000
vn 0.000000 0.000000 -1.000000
vn 0.000000 0.000000 -1.000000
vn 0.000000 0.000000 -1.000000
vn 0.000000 0.000000 -1.000000
vn 0.000000 0.000000 -1.000000
vn 1.000000 0.000000 0.000000
vn 1.000000 0.000000 0.000000
vn 1.000000 0.000000 0.000000
vn 1.000000 0.000000 0.000000
vn 1.000000 0.000000 0.000000
vn 1.000000 0.000000 0.000000
vn -0.350834 0.000000 -0.936438
vn -0.350834 0.000000 -0.936438
vn 0.008867 0.000000 -0.999961
vn 0.008867 0.000000 -0.999961
vn 0.008867 0.000000 -0.999961
vn 0.008867 0.000000 -0.999961
vn 0.367384 0.000000 -0.930069
vn 0.367384 0.000000 -0.930069
vn 0.364839 0.000000 0.931070
vn 0.364839 0.000000 0.931070
vn 0.009272 0.000000 0.999957
vn 0.009272 0.000000 0.999957
vn 0.009272 0.000000 0.999957
vn 0.009272 0.000000 0.999957
vn -0.347511 0.000000 0.937676
vn -0.347511 0.000000 0.937676
vn 0.941161 0.000000 0.337959
vn 0.941161 0.000000 0.337959
vn 0.999835 0.000000 -0.018180
vn 0.999835 0.000000 -0.018180
vn 0.928253 0.000000 -0.371950
vn 0.928253 0.000000 -0.371950
vn 0.941161 0.000000 0.337959
vn 0.999835 0.000000 -0.018180
vn -0.933515 0.000000 -0.358538
vn -0.933515 0.000000 -0.358538
vn -0.999895 0.000000 -0.014502
vn -0.933515 0.000000 -0.358538
vn -0.999895 0.000000 -0.014502
vn -0.943521 0.000000 0.331314
vn -0.943521 0.000000 0.331314
vn 0.931363 0.000000 -0.364091
vn 0.931363 0.000000 -0.364091
vn 0.999927 0.000000 0.012074
vn 0.999927 0.000000 0.012074
vn 0.999927 0.000000 0.012074
vn 0.999927 0.000000 0.012074
vn 0.922301 0.000000 0.386473
vn 0.922301 0.000000 0.386473
vn -0.922807 0.000000 0.385262
vn -0.922807 0.000000 0.385262
vn -0.999939 0.000000 0.011005
vn -0.999939 0.000000 0.011005
vn -0.999939 0.000000 0.011005
vn -0.999939 0.000000 0.011005
vn -0.931063 0.000000 -0.364859
vn -0.931063 0.000000 -0.364859
vn -0.382583 0.000000 0.923921
vn -0.382583 0.000000 0.923921
vn -0.016050 0.000000 0.999871
vn 0.999835 0.000000 -0.018178
vn 0.999835 0.000000 -0.018178
vn 0.928254 0.000000 -0.371947
vn 0.941161 0.000000 0.337958
vn 0.941161 0.000000 0.337958
vn 0.999835 0.000000 -0.018178
vn 0.928254 0.000000 -0.371947
vn 0.928254 0.000000 -0.371947
vn 0.359831 0.000000 -0.933017
vn 0.359831 0.000000 -0.933017
vn -0.008895 0.000000 -0.999960
vn -0.999895 0.000000 -0.014502
vn -0.999895 0.000000 -0.014502
vn -0.943521 0.000000 0.331314
vn -0.933515 0.000000 -0.358537
vn -0.933515 0.000000 -0.358537
vn -0.999895 0.000000 -0.014502
vn -0.943521 0.000000 0.331314
vn -0.943521 0.000000 0.331314
vn 1.000000 0.000000 0.000000
vn 1.000000 0.000000 0.000000
vn 1.000000 0.000000 0.000000
vn 1.000000 0.000000 0.000000
vn 1.000000 0.000000 0.000000
vn 0.000000 0.000000 1.000000
vn 0.000000 0.000000 1.000000
vn 0.000000 0.000000 1.000000
vn 0.000000 0.000000 1.000000
vn 0.000000 0.000000 1.000000
vn -1.000000 0.000000 0.000000
vn -1.000000 0.000000 0.000000
vn -1.000000 0.000000 0.000000
vn -1.000000 0.000000 0.000000
vn -1.000000 0.000000 0.000000
vn -1.000000 0.000000 0.000000
vn -0.365019 0.000000 0.931000
vn -0.365019 0.000000 0.931000
vn -0.185742 0.000000 0.982599
vn 1.000000 0.000000 0.000000
vn 1.000000 0.000000 0.000000
vn 1.000000 0.000000 0.000000
vn 1.000000 0.000000 0.000000
vn 1.000000 0.000000 0.000000
vn -1.000000 0.000000 0.000000
vn -1.000000 0.000000 0.000000
vn -1.000000 0.000000 0.000000
vn -1.000000 0.000000 0.000000
vn 0.000000 1.000000 0.000000
vn 0.000000 1.000000 0.000000
vn 0.000000 1.000000 0.000000
vn 0.000000 1.000000 0.000000
vn 1.000000 0.000000 0.000000
vn 1.000000 0.000000 0.000000
vn 1.000000 0.000000 0.000000
vn 1.000000 0.000000 0.000000
vn 0.000000 -1.000000 0.000000
vn 0.000000 -1.000000 0.000000
vn 0.000000 -1.000000 0.000000
vn 0.000000 -1.000000 0.000000
vn 0.000000 0.000000 -1.000000
vn 0.000000 0.000000 -1.000000
vn 0.000000 0.000000 -1.000000
vn 0.000000 0.000000 -1.000000
vn 0.000000 0.000000 1.000000
vn 0.000000 0.000000 1.000000
vn 0.000000 0.000000 1.000000
vn 0.000000 0.000000 1.000000
vn -1.000000 0.000000 0.000000
vn -1.000000 0.000000 0.000000
vn -1.000000 0.000000 0.000000
vn -1.000000 0.000000 0.000000
vn 1.000000 0.000000 0.000000
vn 1.000000 0.000000 0.000000
vn 1.000000 0.000000 0.000000
vn 1.000000 0.000000 0.000000
vn 0.000000 -1.000000 0.000000
vn 0.000000 -1.000000 0.000000
vn 0.000000 -1.000000 0.000000
vn 0.000000 -1.000000 0.000000
vn 0.000000 -1.000000 0.000000
vn 0.000000 -1.000000 0.000000
vn 0.000000 -1.000000 0.000000
vn 0.000000 -1.000000 0.000000
vn 0.000000 0.000000 1.000000
vn 0.000000 0.000000 1.000000
vn 0.000000 0.000000 1.000000
vn 0.000000 0.000000 1.000000
vn 0.000000 0.000000 1.000000
vn 0.000000 0.000000 1.000000
vn 0.000000 0.000000 1.000000
vn 0.000000 0.000000 1.000000
vn 0.000000 1.000000 0.000000
vn 0.000000 1.000000 0.000000
vn 0.000000 1.000000 0.000000
vn 0.000000 1.000000 0.000000
vn 0.000000 1.000000 0.000000
vn 0.000000 1.000000 0.000000
vn 0.000000 1.000000 0.000000
vn 0.000000 1.000000 0.000000
vn -1.000000 0.000000 0.000000
vn -1.000000 0.000000 0.000000
vn -1.000000 0.000000 0.000000
vn -1.000000 0.000000 0.000000
vn 0.000000 0.000000 -1.000000
vn 0.000000 0.000000 -1.000000
vn 0.000000 0.000000 -1.000000
vn 0.000000 0.000000 -1.000000
vn 1.000000 0.000000 0.000000
vn 1.000000 0.000000 0.000000
vn 1.000000 0.000000 0.000000
vn 1.000000 0.000000 0.000000
vn 0.000000 -1.000000 0.000000
vn 0.000000 -1.000000 0.000000
vn 0.000000 -1.000000 0.000000
vn 0.000000 -1.000000 0.000000
vn 0.000000 1.000000 0.000000
vn 0.000000 1.000000 0.000000
vn 0.000000 1.000000 0.000000
vn 0.000000 1.000000 0.000000
vn 0.000000 -1.000000 0.000000
vn 0.000000 -1.000000 0.000000
vn 0.000000 -1.000000 0.000000
vn 0.000000 -1.000000 0.000000
vn 0.000000 1.000000 0.000000
vn 0.000000 1.000000 0.000000
vn 0.000000 1.000000 0.000000
vn 0.000000 1.000000 0.000000
vn 1.000000 0.000000 0.000000
vn 1.000000 0.000000 0.000000
vn 1.000000 0.000000 0.000000
vn 1.000000 0.000000 0.000000
vn -1.000000 0.000000 0.000000
vn -1.000000 0.000000 0.000000
vn -1.000000 0.000000 0.000000
vn -1.000000 0.000000 0.000000
vn -1.000000 0.000000 0.000000
vn -1.000000 0.000000 0.000000
vn -1.000000 0.000000 0.000000
vn -1.000000 0.000000 0.000000
vn 0.000000 1.000000 0.000000
vn 0.000000 1.000000 0.000000
vn 0.000000 1.000000 0.000000
vn 0.000000 1.000000 0.000000
vn 1.000000 0.000000 0.000000
vn 1.000000 0.000000 0.000000
vn 1.000000 0.000000 0.000000
vn 1.000000 0.000000 0.000000
vn 0.000000 -1.000000 0.000000
vn 0.000000 -1.000000 0.000000
vn 0.000000 -1.000000 0.000000
vn 0.000000 -1.000000 0.000000
vn 0.000000 0.000000 -1.000000
vn 0.000000 0.000000 -1.000000
vn 0.000000 0.000000 -1.000000
vn 0.000000 0.000000 -1.000000
vn 0.000000 0.000000 1.000000
vn 0.000000 0.000000 1.000000
vn 0.000000 0.000000 1.000000
vn 0.000000 0.000000 1.000000
vn 0.000000 1.000000 0.000000
vn 0.000000 1.000000 0.000000
vn 0.000000 1.000000 0.000000
vn 0.000000 1.000000 0.000000
vn 0.000000 1.000000 0.000000
vn 0.000000 1.000000 0.000000
vn 0.000000 1.000000 0.000000
vn 0.000000 1.000000 0.000000
vn 0.000000 1.000000 0.000000
vn 0.000000 1.000000 0.000000
vn 0.000000 1.000000 0.000000
vn 0.000000 1.000000 0.000000
vn 0.000000 1.000000 0.000000
vn 0.000000 1.000000 0.000000
vn 0.000000 1.000000 0.000000
vn 0.000000 1.000000 0.000000
vn 0.000000 1.000000 0.000000
vn 0.000000 1.000000 0.000000
vn 0.000000 1.000000 0.000000
vn 0.000000 1.000000 0.000000
vn 0.000000 1.000000 0.000000
vn 0.000000 1.000000 0.000000
vn 0.000000 1.000000 0.000000
vn 0.000000 1.000000 0.000000
vn 0.000000 1.000000 0.000000
vn 0.000000 1.000000 0.000000
vn 0.000000 1.000000 0.000000
vn 0.000000 1.000000 0.000000
vn 0.000000 1.000000 0.000000
vn 0.000000 1.000000 0.000000
vn 0.000000 1.000000 0.000000
vn 0.000000 1.000000 0.000000
vn 0.000000 1.000000 0.000000
vn 0.000000 1.000000 0.000000
vn 0.000000 1.000000 0.000000
vn 0.000000 1.000000 0.000000
vn 0.000000 1.000000 0.000000
vn 0.000000 1.000000 0.000000
vn 0.000000 1.000000 0.000000
vn 0.000000 1.000000 0.000000
vn 0.000000 1.000000 0.000000
vn 0.000000 1.000000 0.000000
vn 0.000000 1.000000 0.000000
vn 0.000000 1.000000 0.000000
vn 0.000000 1.000000 0.000000
vn 0.000000 1.000000 0.000000
vn 0.000000 1.000000 0.000000
vn 0.000000 1.000000 0.000000
vn 0.000000 1.000000 0.000000
vn 0.000000 1.000000 0.000000
vn 0.000000 1.000000 0.000000
vn 0.000000 1.000000 0.000000
vn 0.000000 1.000000 0.000000
vn 0.000000 1.000000 0.000000
vn 0.000000 1.000000 0.000000
vn 0.000000 1.000000 0.000000
vn 0.000000 1.000000 0.000000
vn 0.000000 1.000000 0.000000
vn 0.000000 1.000000 0.000000
vn 0.000000 1.000000 0.000000
vn 0.000000 1.000000 0.000000
vn 0.000000 1.000000 0.000000
vn 0.000000 1.000000 0.000000
vn 0.000000 1.000000 0.000000
vn 0.000000 1.000000 0.000000
vn 0.000000 1.000000 0.000000
vn 0.000000 1.000000 0.000000
vn 0.000000 1.000000 0.000000
vn 0.000000 1.000000 0.000000
vn 0.000000 1.000000 0.000000
vn 0.000000 1.000000 0.000000
vn 0.000000 1.000000 0.000000
vn 0.000000 1.000000 0.000000
vn 0.000000 1.000000 0.000000
vn 0.000000 1.000000 0.000000
vn 0.000000 1.000000 0.000000
vn 0.000000 1.000000 0.000000
vn 0.000000 1.000000 0.000000
vn 0.000000 1.000000 0.000000
vn 0.000000 1.000000 0.000000
vn 0.000000 1.000000 0.000000
vn 0.000000 1.000000 0.000000
vn 0.000000 1.000000 0.000000
vn 0.000000 1.000000 0.000000
vn 0.000000 1.000000 0.000000
vn 0.000000 1.000000 0.000000
vn 0.000000 1.000000 0.000000
vn 0.000000 1.000000 0.000000
vn 0.000000 1.000000 0.000000
vn 0.000000 1.000000 0.000000
vn 0.000000 1.000000 0.000000
vn 0.000000 1.000000 0.000000
vn 0.000000 1.000000 0.000000
vn 0.000000 1.000000 0.000000
vn 0.000000 1.000000 0.000000
vn 0.000000 1.000000 0.000000
vn 0.000000 1.000000 0.000000
vn 0.000000 1.000000 0.000000
vn 0.000000 1.000000 0.000000
vn 0.000000 1.000000 0.000000
vn 0.000000 1.000000 0.000000
vn 0.000000 1.000000 0.000000
vn 0.000000 1.000000 0.000000
vn 0.000000 1.000000 0.000000
vn 0.000000 1.000000 0.000000
vn 0.000000 1.000000 0.000000
vn 0.000000 1.000000 0.000000
vn 0.000000 1.000000 0.000000
vn 0.000000 1.000000 0.000000
vn 0.000000 1.000000 0.000000
vn 0.000000 1.000000 0.000000
vn 0.000000 1.000000 0.000000
vn 0.000000 1.000000 0.000000
vn 0.000000 1.000000 0.000000
vn 0.000000 1.000000 0.000000
vn 0.000000 1.000000 0.000000
vn 0.000000 1.000000 0.000000
vn 0.000000 1.000000 0.000000
vn 0.000000 1.000000 0.000000
vn 0.000000 1.000000 0.000000
vn 0.000000 1.000000 0.000000
vn 0.000000 1.000000 0.000000
vn 0.000000 1.000000 0.000000
vn 0.000000 1.000000 0.000000
vn 0.000000 1.000000 0.000000
vn 0.000000 1.000000 0.000000
vn 0.000000 1.000000 0.000000
vn 0.000000 1.000000 0.000000
vn 0.000000 1.000000 0.000000
vn 0.000000 1.000000 0.000000
vn 0.000000 1.000000 0.000000
vn 0.000000 1.000000 0.000000
vn 0.000000 1.000000 0.000000
vn 0.000000 1.000000 0.000000
vn 0.000000 1.000000 0.000000
vn 0.000000 1.000000 0.000000
vn 0.000000 1.000000 0.000000
vn 0.000000 1.000000 0.000000
vn 0.000000 1.000000 0.000000
vn 0.000000 1.000000 0.000000
vn 0.000000 1.000000 0.000000
vn 0.000000 1.000000 0.000000
vn 0.000000 1.000000 0.000000
vn 0.000000 1.000000 0.000000
vn 0.000000 1.000000 0.000000
vn 0.000000 1.000000 0.000000
vn 0.000000 1.000000 0.000000
vn 0.000000 1.000000 0.000000
vn 0.000000 1.000000 0.000000
vn 0.000000 1.000000 0.000000
vn 0.000000 1.000000 0.000000
vn 0.000000 1.000000 0.000000
vn 0.000000 1.000000 0.000000
vn 0.000000 1.000000 0.000000
vn 0.000000 1.000000 0.000000
vn 0.000000 1.000000 0.000000
vn 0.000000 1.000000 0.000000
vn 0.000000 1.000000 0.000000
vn 0.000000 1.000000 0.000000
vn 0.000000 1.000000 0.000000
vn 0.000000 1.000000 0.000000
vn 0.000000 1.000000 0.000000
vn 0.000000 1.000000 0.000000
vn 0.000000 1.000000 0.000000
vn 0.000000 1.000000 0.000000
vn 0.000000 1.000000 0.000000
vn 0.000000 1.000000 0.000000
vn 0.000000 1.000000 0.000000
vn 0.000000 1.000000 0.000000
vn 0.000000 1.000000 0.000000
vn 0.000000 1.000000 0.000000
vn 0.000000 1.000000 0.000000
vn 0.000000 1.000000 0.000000
vn 0.000000 1.000000 0.000000
vn 0.000000 1.000000 0.000000
vn 0.000000 1.000000 0.000000
vn 0.000000 1.000000 0.000000
vn 0.000000 1.000000 0.000000
vn 0.000000 1.000000 0.000000
vn 0.000000 1.000000 0.000000
vn 0.000000 1.000000 0.000000
vn 0.000000 1.000000 0.000000
vn 0.000000 1.000000 0.000000
vn 0.000000 1.000000 0.000000
vn 0.000000 1.000000 0.000000
vn 0.000000 1.000000 0.000000
vn 0.000000 1.000000 0.000000
vn 0.000000 1.000000 0.000000
vn 0.000000 1.000000 0.000000
vn 0.000000 1.000000 0.000000
vn 0.000000 1.000000 0.000000
vn 0.000000 1.000000 0.000000
vn 0.000000 1.000000 0.000000
vn 0.000000 1.000000 0.000000
vn 0.000000 1.000000 0.000000
vn 0.000000 1.000000 0.000000
vn 0.000000 1.000000 0.000000
vn 0.000000 1.000000 0.000000
vn 0.000000 1.000000 0.000000
vn 0.000000 1.000000 0.000000
vn 0.000000 1.000000 0.000000
vn 0.000000 1.000000 0.000000
vn 0.000000 1.000000 0.000000
vn 0.000000 1.000000 0.000000
vn 0.000000 1.000000 0.000000
vn 0.000000 1.000000 0.000000
vn 0.000000 1.000000 0.000000
vn 0.000000 1.000000 0.000000
vn 0.000000 1.000000 0.000000
vn 0.000000 1.000000 0.000000
vn 0.000000 1.000000 0.000000
vn 0.000000 1.000000 0.000000
vn 0.000000 1.000000 0.000000
vn 0.000000 1.000000 0.000000
vn 0.000000 1.000000 0.000000
vn 0.000000 1.000000 0.000000
vn 0.000000 1.000000 0.000000
vn 0.000000 1.000000 0.000000
vn 0.000000 1.000000 0.000000
vn 0.000000 1.000000 0.000000
vn 0.000000 1.000000 0.000000
vn 0.000000 1.000000 0.000000
vn 0.000000 1.000000 0.000000
vn 0.000000 1.000000 0.000000
vn 0.000000 1.000000 0.000000
vn 0.000000 1.000000 0.000000
vn 0.000000 1.000000 0.000000
vn 0.000000 1.000000 0.000000
vn 0.000000 1.000000 0.000000
vn 0.000000 1.000000 0.000000
vn 0.000000 1.000000 0.000000
vn 0.000000 1.000000 0.000000
vn 0.000000 1.000000 0.000000
vn 0.000000 1.000000 0.000000
vn 0.000000 1.000000 0.000000
vn 0.000000 1.000000 0.000000
vn 0.000000 1.000000 0.000000
vn 0.000000 1.000000 0.000000
vn 0.000000 1.000000 0.000000
vn 0.000000 1.000000 0.000000
vn -0.163986 0.000000 0.986463
vn -0.323532 0.000000 0.946217
vn -0.323532 0.000000 0.946217
vn -0.163986 0.000000 0.986463
vn 0.000000 0.000000 1.000000
vn 0.000000 0.000000 1.000000
vn -0.922559 0.000000 0.385856
vn -0.922559 0.000000 0.385856
vn -0.998270 0.000000 0.058790
vn -0.998270 0.000000 0.058790
vn -0.819672 0.000000 -0.572832
vn -0.819672 0.000000 -0.572832
vn -0.588635 0.000000 -0.808399
vn -0.588635 0.000000 -0.808399
vn -1.000000 0.000000 0.000000
vn -1.000000 0.000000 0.000000
vn -1.000000 0.000000 0.000000
vn -1.000000 0.000000 0.000000
vn -0.456072 0.000000 0.889943
vn -0.456072 0.000000 0.889943
vn -0.746236 0.000000 0.665682
vn -0.746236 0.000000 0.665682
vn -0.999713 0.000000 -0.023938
vn -0.999713 0.000000 -0.023938
vn -0.918124 0.000000 -0.396292
vn -0.918124 0.000000 -0.396292
vn -0.312095 0.000000 -0.950051
vn -0.312095 0.000000 -0.950051
vn -0.158033 0.000000 -0.987434
vn -0.158033 0.000000 -0.987434
vn 0.000000 0.000000 -1.000000
vn 0.000000 0.000000 -1.000000
vn 1.000000 0.000000 0.000000
vn 1.000000 0.000000 0.000000
vn 1.000000 0.000000 0.000000
vn 1.000000 0.000000 0.000000
vn 0.925722 0.000000 0.378204
vn 0.925722 0.000000 0.378204
vn 0.925722 0.000000 0.378204
vn 0.925722 0.000000 0.378204
vn 0.900250 0.000000 -0.435373
vn 0.900250 0.000000 -0.435373
vn 0.900250 0.000000 -0.435373
vn 0.900250 0.000000 -0.435373
vn 0.252250 0.000000 -0.967662
vn 0.252250 0.000000 -0.967662
vn 0.127157 0.000000 -0.991883
vn 0.127157 0.000000 -0.991883
vn 0.000000 0.000000 -1.000000
vn 0.000000 0.000000 -1.000000
vn 0.707110 0.000000 -0.707104
vn 0.922623 0.000000 -0.385704
vn 0.922623 0.000000 -0.385704
vn 0.707110 0.000000 -0.707104
vn 0.385713 0.000000 -0.922619
vn 0.385713 0.000000 -0.922619
vn -0.385719 0.000000 0.922617
vn -0.385719 0.000000 0.922617
vn -0.707107 0.000000 0.707107
vn -0.707107 0.000000 0.707107
vn -0.922616 0.000000 0.385719
vn -0.922616 0.000000 0.385719
vn -0.794238 0.000000 0.607607
vn -0.794238 0.000000 0.607607
vn -0.909561 0.000000 0.415570
vn -0.909561 0.000000 0.415570
vn -0.999927 0.000000 -0.012076
vn -0.999927 0.000000 -0.012076
vn -0.920312 0.000000 -0.391185
vn -0.920312 0.000000 -0.391185
vn -0.638457 0.000000 -0.769658
vn -0.638457 0.000000 -0.769658
vn -0.435162 0.000000 -0.900352
vn -0.435162 0.000000 -0.900352
vn -0.488751 0.000000 -0.872423
vn -0.488751 0.000000 -0.872423
vn -0.673067 0.000000 0.739581
vn -0.673067 0.000000 0.739581
vn -0.475380 0.000000 0.879781
vn -0.475380 0.000000 0.879781
vn -0.342010 0.000000 0.939696
vn -0.342010 0.000000 0.939696
vn -0.736309 0.000000 0.676646
vn -0.736309 0.000000 0.676646
vn -0.935450 0.000000 0.353459
vn -0.935450 0.000000 0.353459
vn -0.881684 0.000000 -0.471841
vn -0.881684 0.000000 -0.471841
vn -0.881684 0.000000 -0.471841
vn -0.881684 0.000000 -0.471841
vn -0.237584 0.000000 -0.971367
vn -0.237584 0.000000 -0.971367
vn 0.006199 0.000000 -0.999981
vn 0.006199 0.000000 -0.999981
vn 0.599618 0.000000 -0.800286
vn 0.599618 0.000000 -0.800286
vn 0.859234 0.000000 -0.511582
vn 0.859234 0.000000 -0.511582
vn 0.946128 0.000000 0.323792
vn 0.946128 0.000000 0.323792
vn 0.757388 0.000000 0.652965
vn 0.757388 0.000000 0.652965
vn 0.459601 0.000000 0.888125
vn 0.459601 0.000000 0.888125
vn 0.636003 0.000000 -0.771687
vn 0.636003 0.000000 -0.771687
vn 0.813389 0.000000 -0.581720
vn 0.813389 0.000000 -0.581720
vn 0.935828 0.000000 -0.352457
vn 0.935828 0.000000 -0.352457
vn 0.896135 0.000000 0.443782
vn 0.896135 0.000000 0.443782
vn 0.703283 0.000000 0.710910
vn 0.703283 0.000000 0.710910
vn 0.434090 0.000000 0.900869
vn 0.434090 0.000000 0.900869
vn 1.000000 0.000000 0.000000
vn 1.000000 0.000000 0.000000
vn 1.000000 0.000000 0.000000
vn 1.000000 0.000000 0.000000
vn 0.494521 0.000000 -0.869165
vn 0.494521 0.000000 -0.869165
vn 0.610920 0.000000 -0.791692
vn 0.610920 0.000000 -0.791692
vn 0.821512 0.000000 -0.570191
vn 0.821512 0.000000 -0.570191
vn 0.959627 0.000000 -0.281274
vn 0.959627 0.000000 -0.281274
vn 0.988489 0.000000 0.151292
vn 0.988489 0.000000 0.151292
vn 0.907226 0.000000 0.420643
vn 0.907226 0.000000 0.420643
vn 0.278041 0.000000 0.960569
vn 0.278041 0.000000 0.960569
vn 0.140411 0.000000 0.990093
vn 0.140411 0.000000 0.990093
vn 0.000000 0.000000 1.000000
vn 0.000000 0.000000 1.000000
vn -1.000000 0.000000 0.000000
vn -1.000000 0.000000 0.000000
vn -1.000000 0.000000 0.000000
vn -1.000000 0.000000 0.000000
vn -0.399620 0.000000 -0.916681
vn -0.399620 0.000000 -0.916681
vn -0.184651 0.000000 -0.982804
vn -0.184651 0.000000 -0.982804
vn 0.067867 0.000000 -0.997694
vn 0.067867 0.000000 -0.997694
vn 0.096022 0.000000 -0.995379
vn 0.096022 0.000000 -0.995379
vn 0.980993 0.000000 -0.194041
vn 0.980993 0.000000 -0.194041
vn 0.980993 0.000000 -0.194041
vn 0.980993 0.000000 -0.194041
vn 0.989315 0.000000 0.145794
vn 0.989315 0.000000 0.145794
vn 0.997325 0.000000 0.073092
vn 0.997325 0.000000 0.073092
vn 1.000000 0.000000 0.000000
vn 1.000000 0.000000 0.000000
vn 0.000000 0.000000 1.000000
vn 0.000000 0.000000 1.000000
vn 0.000000 0.000000 1.000000
vn 0.000000 0.000000 1.000000
vn -1.000000 0.000000 0.000000
vn -1.000000 0.000000 0.000000
vn -0.991398 0.000000 -0.130880
vn -0.991398 0.000000 -0.130880
vn -0.965741 0.000000 -0.259507
vn -0.965741 0.000000 -0.259507
vn -1.000000 0.000000 0.000000
vn -1.000000 0.000000 0.000000
vn -1.000000 0.000000 0.000000
vn -1.000000 0.000000 0.000000
vn 0.000000 0.000000 1.000000
vn 0.000000 0.000000 1.000000
vn 0.000000 0.000000 1.000000
vn 0.000000 0.000000 1.000000
vn -1.000000 0.000000 0.000000
vn -1.000000 0.000000 0.000000
vn -1.000000 0.000000 0.000000
vn -1.000000 0.000000 0.000000
vn 0.000000 0.000000 -1.000000
vn 0.000000 0.000000 -1.000000
vn 0.000000 0.000000 -1.000000
vn 0.000000 0.000000 -1.000000
vn -1.000000 0.000000 0.000000
vn -1.000000 0.000000 0.000000
vn -1.000000 0.000000 0.000000
vn -1.000000 0.000000 0.000000
vn 0.000000 0.000000 -1.000000
vn 0.000000 0.000000 -1.000000
vn 0.000000 0.000000 -1.000000
vn 0.000000 0.000000 -1.000000
vn 1.000000 0.000000 0.000000
vn 1.000000 0.000000 0.000000
vn 1.000000 0.000000 0.000000
vn 1.000000 0.000000 0.000000
vn 0.000000 0.000000 1.000000
vn 0.000000 0.000000 1.000000
vn 0.000000 0.000000 1.000000
vn 0.000000 0.000000 1.000000
vn -1.000000 0.000000 0.000000
vn -1.000000 0.000000 0.000000
vn -1.000000 0.000000 0.000000
vn -1.000000 0.000000 0.000000
vn 0.580446 0.000000 -0.814298
vn 0.842543 0.000000 -0.538628
vn 0.842543 0.000000 -0.538628
vn 0.580446 0.000000 -0.814298
vn 0.022744 0.000000 -0.999741
vn 0.022744 0.000000 -0.999741
vn -0.349662 0.000000 -0.936876
vn -0.349662 0.000000 -0.936876
vn -0.499782 0.000000 -0.866151
vn -0.499782 0.000000 -0.866151
vn -0.501388 0.000000 -0.865222
vn -0.501388 0.000000 -0.865222
vn -0.347036 0.000000 -0.937852
vn -0.347036 0.000000 -0.937852
vn 0.105499 0.000000 -0.994419
vn 0.105499 0.000000 -0.994419
vn 0.384814 0.000000 -0.922994
vn 0.384814 0.000000 -0.922994
vn 0.930346 0.000000 -0.366684
vn 0.930346 0.000000 -0.366684
vn 0.930346 0.000000 -0.366684
vn 0.930346 0.000000 -0.366684
vn 0.886084 0.000000 0.463524
vn 0.886084 0.000000 0.463524
vn 0.688230 0.000000 0.725492
vn 0.688230 0.000000 0.725492
vn 0.375500 0.000000 0.926822
vn 0.375500 0.000000 0.926822
vn 0.334059 0.000000 0.942552
vn 0.334059 0.000000 0.942552
vn 1.000000 0.000000 0.000000
vn 1.000000 0.000000 0.000000
vn 0.986988 0.000000 -0.160796
vn 0.986988 0.000000 -0.160796
vn 0.948289 0.000000 -0.317407
vn 0.948289 0.000000 -0.317407
vn 0.587128 0.000000 0.809494
vn 0.587128 0.000000 0.809494
vn 0.390384 0.000000 0.920652
vn 0.390384 0.000000 0.920652
vn -0.062599 0.000000 0.998039
vn -0.062599 0.000000 0.998039
vn -0.295398 0.000000 0.955374
vn -0.295398 0.000000 0.955374
vn -0.921306 0.000000 0.388839
vn -0.921306 0.000000 0.388839
vn -0.980129 0.000000 0.198361
vn -0.980129 0.000000 0.198361
vn -0.992807 0.000000 0.119727
vn -0.992807 0.000000 0.119727
vn -0.971331 0.000000 0.237731
vn -0.971331 0.000000 0.237731
vn -0.376153 0.000000 0.926558
vn -0.376153 0.000000 0.926558
vn -0.033863 0.000000 0.999426
vn -0.033863 0.000000 0.999426
vn 0.428558 0.000000 0.903514
vn 0.428558 0.000000 0.903514
vn 0.537856 0.000000 0.843037
vn 0.537856 0.000000 0.843037
vn -1.000000 0.000000 0.000000
vn -1.000000 0.000000 0.000000
vn -1.000000 0.000000 0.000000
vn -1.000000 0.000000 0.000000
vn -0.879031 0.000000 -0.476765
vn -0.879031 0.000000 -0.476765
vn -0.879031 0.000000 -0.476765
vn -0.879031 0.000000 -0.476765
vn -0.817048 0.000000 0.576569
vn -0.817048 0.000000 0.576569
vn -0.693697 0.000000 0.720267
vn -0.693697 0.000000 0.720267
vn -0.590542 0.000000 0.807007
vn -0.590542 0.000000 0.807007
vn -0.814860 0.000000 0.579658
vn -0.814860 0.000000 0.579658
vn -0.999510 0.000000 -0.031298
vn -0.999510 0.000000 -0.031298
vn -0.915139 0.000000 -0.403138
vn -0.915139 0.000000 -0.403138
vn -0.324920 0.000000 -0.945742
vn -0.324920 0.000000 -0.945742
vn -0.105393 0.000000 -0.994431
vn -0.105393 0.000000 -0.994431
vn 0.248051 0.000000 -0.968747
vn 0.248051 0.000000 -0.968747
vn 0.372393 0.000000 -0.928075
vn 0.372393 0.000000 -0.928075
vn 1.000000 0.000000 0.000000
vn 1.000000 0.000000 0.000000
vn 1.000000 0.000000 0.000000
vn 1.000000 0.000000 0.000000
vn 0.633089 0.000000 -0.774079
vn 0.633089 0.000000 -0.774079
vn 0.709434 0.000000 -0.704772
vn 0.709434 0.000000 -0.704772
vn 0.778235 0.000000 -0.627973
vn 0.778235 0.000000 -0.627973
vn 0.912017 0.000000 0.410153
vn 0.912017 0.000000 0.410153
vn 0.912017 0.000000 0.410153
vn 0.912017 0.000000 0.410153
vn 0.288780 0.000000 0.957396
vn 0.288780 0.000000 0.957396
vn 0.075726 0.000000 0.997129
vn 0.075726 0.000000 0.997129
vn -0.262407 0.000000 0.964957
vn -0.262407 0.000000 0.964957
vn -0.379890 0.000000 0.925032
vn -0.379890 0.000000 0.925032
vn -1.000000 0.000000 0.000000
vn -1.000000 0.000000 0.000000
vn -1.000000 0.000000 0.000000
vn -1.000000 0.000000 0.000000
vn 0.000000 0.000000 -1.000000
vn 0.000000 0.000000 -1.000000
vn 0.000000 0.000000 -1.000000
vn 0.000000 0.000000 -1.000000
vn -1.000000 0.000000 0.000000
vn -1.000000 0.000000 0.000000
vn -0.980886 0.000000 0.194581
vn -0.980886 0.000000 0.194581
vn -0.924276 0.000000 0.381724
vn -0.924276 0.000000 0.381724
vn -0.320489 0.000000 0.947252
vn -0.320489 0.000000 0.947252
vn -0.079637 0.000000 0.996824
vn -0.079637 0.000000 0.996824
vn 0.300792 0.000000 0.953690
vn 0.300792 0.000000 0.953690
vn 0.429776 0.000000 0.902935
vn 0.429776 0.000000 0.902935
vn -1.000000 0.000000 0.000000
vn -1.000000 0.000000 0.000000
vn -1.000000 0.000000 0.000000
vn -1.000000 0.000000 0.000000
vn -0.363673 0.000000 -0.931526
vn -0.363673 0.000000 -0.931526
vn -0.263249 0.000000 -0.964728
vn -0.263249 0.000000 -0.964728
vn 0.095375 0.000000 -0.995441
vn 0.095375 0.000000 -0.995441
vn 0.344409 0.000000 -0.938820
vn 0.344409 0.000000 -0.938820
vn 0.939963 0.000000 -0.341277
vn 0.939963 0.000000 -0.341277
vn 0.984876 0.000000 -0.173259
vn 0.984876 0.000000 -0.173259
vn 1.000000 0.000000 0.000000
vn 1.000000 0.000000 0.000000
vn 0.000000 0.000000 -1.000000
vn 0.000000 0.000000 -1.000000
vn 0.000000 0.000000 -1.000000
vn 0.000000 0.000000 -1.000000
vn 1.000000 0.000000 0.000000
vn 1.000000 0.000000 0.000000
vn 1.000000 0.000000 0.000000
vn 1.000000 0.000000 0.000000
vn 0.698485 0.000000 0.715625
vn 0.698485 0.000000 0.715625
vn 0.698485 0.000000 0.715625
vn 0.698485 0.000000 0.715625
vn 0.000000 0.000000 1.000000
vn 0.000000 0.000000 1.000000
vn 0.000000 0.000000 1.000000
vn 0.000000 0.000000 1.000000
vn -1.000000 0.000000 0.000000
vn -1.000000 0.000000 0.000000
vn -1.000000 0.000000 0.000000
vn -1.000000 0.000000 0.000000
vn 0.000000 0.000000 1.000000
vn 0.000000 0.000000 1.000000
vn 0.000000 0.000000 1.000000
vn 0.000000 0.000000 1.000000
vn -1.000000 0.000000 0.000000
vn -1.000000 0.000000 0.000000
vn -1.000000 0.000000 0.000000
vn -1.000000 0.000000 0.000000
vn 0.000000 0.000000 -1.000000
vn 0.000000 0.000000 -1.000000
vn 0.000000 0.000000 -1.000000
vn 0.000000 0.000000 -1.000000
vn -1.000000 0.000000 0.000000
vn -1.000000 0.000000 0.000000
vn -1.000000 0.000000 0.000000
vn -1.000000 0.000000 0.000000
vn 0.000000 0.000000 1.000000
vn 0.000000 0.000000 1.000000
vn 0.000000 0.000000 1.000000
vn 0.000000 0.000000 1.000000
vn -1.000000 0.000000 0.000000
vn -1.000000 0.000000 0.000000
vn -1.000000 0.000000 0.000000
vn -1.000000 0.000000 0.000000
vn 0.000000 0.000000 -1.000000
vn 0.000000 0.000000 -1.000000
vn 0.000000 0.000000 -1.000000
vn 0.000000 0.000000 -1.000000
vn 0.931363 0.000000 -0.364091
vn 0.931363 0.000000 -0.364091
vn 0.999927 0.000000 0.012074
vn 0.999927 0.000000 0.012074
vn 0.922301 0.000000 0.386473
vn 0.922301 0.000000 0.386473
vn -0.922806 0.000000 0.385264
vn -0.922806 0.000000 0.385264
vn -0.999939 0.000000 0.011006
vn -0.999939 0.000000 0.011006
vn -0.931063 0.000000 -0.364859
vn -0.931063 0.000000 -0.364859
vn -0.382583 0.000000 0.923921
vn -0.382583 0.000000 0.923921
vn -0.016050 0.000000 0.999871
vn -0.016050 0.000000 0.999871
vn 0.352731 0.000000 0.935725
vn 0.352731 0.000000 0.935725
vn 0.359832 0.000000 -0.933017
vn 0.359832 0.000000 -0.933017
vn -0.008895 0.000000 -0.999960
vn -0.008895 0.000000 -0.999960
vn -0.376373 0.000000 -0.926468
vn -0.376373 0.000000 -0.926468
vn -0.350834 0.000000 -0.936438
vn -0.350834 0.000000 -0.936438
vn 0.008867 0.000000 -0.999961
vn 0.008867 0.000000 -0.999961
vn 0.367384 0.000000 -0.930069
vn 0.367384 0.000000 -0.930069
vn 0.364839 0.000000 0.931070
vn 0.364839 0.000000 0.931070
vn 0.009273 0.000000 0.999957
vn 0.009273 0.000000 0.999957
vn -0.347511 0.000000 0.937676
vn -0.347511 0.000000 0.937676
vn -0.382583 0.000000 0.923921
vn -0.016050 0.000000 0.999871
vn -0.016050 0.000000 0.999871
vn 0.352731 0.000000 0.935725
vn 0.352731 0.000000 0.935725
vn 0.359831 0.000000 -0.933017
vn -0.008895 0.000000 -0.999960
vn -0.008895 0.000000 -0.999960
vn -0.376373 0.000000 -0.926468
vn -0.376373 0.000000 -0.926468
vn 0.188576 0.000000 -0.982059
vn 0.370385 0.000000 -0.928878
vn 0.370385 0.000000 -0.928878
vn 0.188576 0.000000 -0.982059
vn 0.000000 0.000000 -1.000000
vn 0.000000 0.000000 -1.000000
vn 0.946031 0.000000 -0.324078
vn 0.946031 0.000000 -0.324078
vn 0.999760 0.000000 0.021930
vn 0.999760 0.000000 0.021930
vn 0.930910 0.000000 0.365249
vn 0.930910 0.000000 0.365249
vn 0.362898 0.000000 0.931829
vn 0.362898 0.000000 0.931829
vn 0.139278 0.000000 0.990253
vn 0.139278 0.000000 0.990253
vn -0.182238 0.000000 0.983254
vn -0.182238 0.000000 0.983254
vn -0.271176 0.000000 0.962530
vn -0.271176 0.000000 0.962530
vn -0.146009 0.000000 -0.989283
vn -0.379411 0.000000 -0.925228
vn -0.379411 0.000000 -0.925228
vn -0.146009 0.000000 -0.989283
vn 0.198505 0.000000 -0.980100
vn 0.198505 0.000000 -0.980100
vn 0.298930 0.000000 -0.954275
vn 0.298930 0.000000 -0.954275
vn -0.943566 0.000000 -0.331185
vn -0.943566 0.000000 -0.331185
vn -0.999545 0.000000 -0.030173
vn -0.999545 0.000000 -0.030173
vn -0.961824 0.000000 0.273667
vn -0.961824 0.000000 0.273667
vn -0.365019 0.000000 0.931000
vn -0.185742 0.000000 0.982599
vn -0.185742 0.000000 0.982599
vn 0.000000 0.000000 1.000000
vn 0.000000 0.000000 1.000000
f 3/3/3 2/2/2 1/1/1
f 6/6/6 5/5/5 4/4/4
f 6/6/6 8/8/8 7/7/7
f 11/11/11 10/10/10 9/9/9
f 14/14/14 13/13/13 12/12/12
f 13/13/13 16/16/16 15/15/15
f 19/19/19 18/18/18 17/17/17
f 17/17/17 21/21/21 20/20/20
f 24/24/24 23/23/23 22/22/22
f 26/26/26 24/24/24 25/25/25
f 29/29/29 28/28/28 27/27/27
f 31/31/31 30/30/30 29/29/29
f 34/34/34 33/33/33 32/32/32
f 36/36/36 34/34/34 35/35/35
f 39/39/39 38/38/38 37/37/37
f 41/41/41 40/40/40 39/39/39
f 44/44/44 43/43/43 42/42/42
f 47/47/47 46/46/46 45/45/45
f 50/50/50 49/49/49 48/48/48
f 52/52/52 49/49/49 51/51/51
f 54/54/54 53/53/53 52/52/52
f 57/57/57 56/56/56 55/55/55
f 60/60/60 59/59/59 58/58/58
f 63/63/63 62/62/62 61/61/61
f 66/66/66 65/65/65 64/64/64
f 69/69/69 68/68/68 67/67/67
f 72/72/72 71/71/71 70/70/70
f 75/75/75 74/74/74 73/73/73
f 78/78/78 77/77/77 76/76/76
f 81/81/81 80/80/80 79/79/79
f 84/84/84 83/83/83 82/82/82
f 87/87/87 86/86/86 85/85/85
f 90/90/90 89/89/89 88/88/88
f 92/92/92 91/91/91 88/88/88
f 94/94/94 93/93/93 92/92/92
f 95/95/95 94/94/94 92/92/92
f 98/98/98 97/97/97 96/96/96
f 100/100/100 99/99/99 96/96/96
f 102/102/102 101/101/101 100/100/100
f 103/103/103 102/102/102 100/100/100
f 106/106/106 105/105/105 104/104/104
f 108/108/108 107/107/107 104/104/104
f 111/111/111 110/110/110 109/109/109
f 110/110/110 113/113/113 112/112/112
f 113/113/113 115/115/115 114/114/114
f 115/115/115 117/117/117 116/116/116
f 117/117/117 119/119/119 118/118/118
f 116/116/116 121/121/121 120/120/120
f 123/123/123 122/122/122 116/116/116
f 125/125/125 124/124/124 123/123/123
f 128/128/128 127/127/127 126/126/126
f 131/131/131 130/130/130 129/129/129
f 134/134/134 133/133/133 132/132/132
f 133/133/133 136/136/136 135/135/135
f 138/138/138 137/137/137 135/135/135
f 140/140/140 139/139/139 138/138/138
f 143/143/143 142/142/142 141/141/141
f 145/145/145 143/143/143 144/144/144
f 148/148/148 147/147/147 146/146/146
f 151/151/151 150/150/150 149/149/149
f 154/154/154 153/153/153 152/152/152
f 157/157/157 156/156/156 155/155/155
f 160/160/160 159/159/159 158/158/158
f 162/162/162 160/160/160 161/161/161
f 165/165/165 164/164/164 163/163/163
f 167/167/167 166/166/166 165/165/165
f 169/169/169 168/168/168 167/167/167
f 172/172/172 171/171/171 170/170/170
f 175/175/175 174/174/174 173/173/173
f 177/177/177 175/175/175 176/176/176
f 179/179/179 177/177/177 178/178/178
f 182/182/182 181/181/181 180/180/180
f 184/184/184 183/183/183 182/182/182
f 186/186/186 185/185/185 184/184/184
f 189/189/189 188/188/188 187/187/187
f 191/191/191 189/189/189 190/190/190
f 192/192/192 189/189/189 191/191/191
f 193/193/193 192/192/192 191/191/191
f 196/196/196 195/195/195 194/194/194
f 199/199/199 198/198/198 197/197/197
f 202/202/202 201/201/201 200/200/200
f 204/204/204 203/203/203 200/200/200
f 200/200/200 203/203/203 205/205/205
f 203/203/203 206/206/206 205/205/205
f 205/205/205 206/206/206 207/207/207
f 206/206/206 208/208/208 207/207/207
f 211/211/211 210/210/210 209/209/209
f 213/213/213 212/212/212 209/209/209
f 216/216/216 215/215/215 214/214/214
f 218/218/218 217/217/217 214/214/214
f 214/214/214 217/217/217 219/219/219
f 217/217/217 220/220/220 219/219/219
f 223/223/223 222/222/222 221/221/221
f 226/226/226 225/225/225 224/224/224
f 229/229/229 228/228/228 227/227/227
f 231/231/231 229/229/229 230/230/230
f 233/233/233 231/231/231 232/232/232
f 236/236/236 235/235/235 234/234/234
f 238/238/238 237/237/237 236/236/236
f 240/240/240 239/239/239 238/238/238
f 243/243/243 242/242/242 241/241/241
f 246/246/246 245/245/245 244/244/244
f 249/249/249 248/248/248 247/247/247
f 251/251/251 249/249/249 250/250/250
f 252/252/252 249/249/249 251/251/251
f 253/253/253 252/252/252 251/251/251
f 254/254/254 252/252/252 253/253/253
f 255/255/255 254/254/254 253/253/253
f 256/256/256 254/254/254 255/255/255
f 257/257/257 256/256/256 255/255/255
f 260/260/260 259/259/259 258/258/258
f 262/262/262 261/261/261 258/258/258
f 265/265/265 264/264/264 263/263/263
f 267/267/267 265/265/265 266/266/266
f 268/268/268 265/265/265 267/267/267
f 269/269/269 268/268/268 267/267/267
f 270/270/270 268/268/268 269/269/269
f 271/271/271 270/270/270 269/269/269
f 274/274/274 273/273/273 272/272/272
f 277/277/277 276/276/276 275/275/275
f 280/280/280 279/279/279 278/278/278
f 282/282/282 280/280/280 281/281/281
f 285/285/285 284/284/284 283/283/283
f 288/288/288 287/287/287 286/286/286
f 291/291/291 290/290/290 289/289/289
f 293/293/293 292/292/292 289/289/289
f 295/295/295 294/294/294 293/293/293
f 296/296/296 295/295/295 293/293/293
f 299/299/299 298/298/298 297/297/297
f 301/301/301 300/300/300 297/297/297
f 303/303/303 302/302/302 301/301/301
f 304/304/304 303/303/303 301/301/301
f 307/307/307 306/306/306 305/305/305
f 309/309/309 307/307/307 308/308/308
f 310/310/310 309/309/309 308/308/308
f 308/308/308 312/312/312 311/311/311
f 315/315/315 314/314/314 313/313/313
f 317/317/317 315/315/315 316/316/316
f 318/318/318 315/315/315 317/317/317
f 319/319/319 318/318/318 317/317/317
f 322/322/322 321/321/321 320/320/320
f 324/324/324 323/323/323 320/320/320
f 326/326/326 325/325/325 324/324/324
f 327/327/327 326/326/326 324/324/324
f 330/330/330 329/329/329 328/328/328
f 332/332/332 331/331/331 328/328/328
f 334/334/334 333/333/333 332/332/332
f 335/335/335 334/334/334 332/332/332
f 338/338/338 337/337/337 336/336/336
f 341/341/341 340/340/340 339/339/339
f 340/340/340 343/343/343 342/342/342
f 344/344/344 340/340/340 342/342/342
f 346/346/346 345/345/345 344/344/344
f 349/349/349 348/348/348 347/347/347
f 352/352/352 351/351/351 350/350/350
f 351/351/351 354/354/354 353/353/353
f 355/355/355 351/351/351 353/353/353
f 357/357/357 356/356/356 355/355/355
f 360/360/360 359/359/359 358/358/358
f 362/362/362 360/360/360 361/361/361
f 365/365/365 364/364/364 363/363/363
f 367/367/367 365/365/365 366/366/366
f 370/370/370 369/369/369 368/368/368
f 373/373/373 372/372/372 371/371/371
f 376/376/376 375/375/375 374/374/374
f 379/379/379 378/378/378 377/377/377
f 381/381/381 380/380/380 377/377/377
f 384/384/384 383/383/383 382/382/382
f 385/385/385 384/384/384 382/382/382
f 388/388/388 387/387/387 386/386/386
f 389/389/389 388/388/388 386/386/386
f 392/392/392 391/391/391 390/390/390
f 393/393/393 392/392/392 390/390/390
f 396/396/396 395/395/395 394/394/394
f 397/397/397 396/396/396 394/394/394
f 400/400/400 399/399/399 398/398/398
f 401/401/401 400/400/400 398/398/398
f 404/404/404 403/403/403 402/402/402
f 405/405/405 404/404/404 402/402/402
f 408/408/408 407/407/407 406/406/406
f 409/409/409 408/408/408 406/406/406
f 412/412/412 411/411/411 410/410/410
f 413/413/413 412/412/412 410/410/410
f 416/416/416 415/415/415 414/414/414
f 415/415/415 417/417/417 414/414/414
f 414/414/414 417/417/417 418/418/418
f 417/417/417 419/419/419 418/418/418
f 418/418/418 419/419/419 420/420/420
f 419/419/419 421/421/421 420/420/420
f 424/424/424 423/423/423 422/422/422
f 425/425/425 424/424/424 422/422/422
f 425/425/425 422/422/422 426/426/426
f 427/427/427 425/425/425 426/426/426
f 427/427/427 426/426/426 428/428/428
f 429/429/429 427/427/427 428/428/428
f 432/432/432 431/431/431 430/430/430
f 431/431/431 433/433/433 430/430/430
f 430/430/430 433/433/433 434/434/434
f 433/433/433 435/435/435 434/434/434
f 434/434/434 435/435/435 436/436/436
f 435/435/435 437/437/437 436/436/436
f 440/440/440 439/439/439 438/438/438
f 441/441/441 440/440/440 438/438/438
f 444/444/444 443/443/443 442/442/442
f 445/445/445 444/444/444 442/442/442
f 448/448/448 447/447/447 446/446/446
f 449/449/449 448/448/448 446/446/446
f 452/452/452 451/451/451 450/450/450
f 453/453/453 452/452/452 450/450/450
f 456/456/456 455/455/455 454/454/454
f 457/457/457 456/456/456 454/454/454
f 460/460/460 459/459/459 458/458/458
f 461/461/461 460/460/460 458/458/458
f 464/464/464 463/463/463 462/462/462
f 465/465/465 464/464/464 462/462/462
f 468/468/468 467/467/467 466/466/466
f 469/469/469 468/468/468 466/466/466
f 472/472/472 471/471/471 470/470/470
f 473/473/473 472/472/472 470/470/470
f 476/476/476 475/475/475 474/474/474
f 477/477/477 476/476/476 474/474/474
f 480/480/480 479/479/479 478/478/478
f 481/481/481 480/480/480 478/478/478
f 484/484/484 483/483/483 482/482/482
f 485/485/485 484/484/484 482/482/482
f 488/488/488 487/487/487 486/486/486
f 489/489/489 488/488/488 486/486/486
f 492/492/492 491/491/491 490/490/490
f 493/493/493 492/492/492 490/490/490
f 496/496/496 495/495/495 494/494/494
f 497/497/497 496/496/496 494/494/494
f 500/500/500 499/499/499 498/498/498
f 501/501/501 500/500/500 498/498/498
f 501/501/501 498/498/498 502/502/502
f 502/502/502 498/498/498 503/503/503
f 503/503/503 498/498/498 504/504/504
f 498/498/498 505/505/505 504/504/504
f 505/505/505 506/506/506 504/504/504
f 501/501/501 502/502/502 507/507/507
f 501/501/501 507/507/507 508/508/508
f 501/501/501 508/508/508 509/509/509
f 507/507/507 510/510/510 508/508/508
f 510/510/510 511/511/511 508/508/508
f 511/511/511 512/512/512 508/508/508
f 512/512/512 513/513/513 508/508/508
f 512/512/512 514/514/514 513/513/513
f 514/514/514 504/504/504 513/513/513
f 515/515/515 504/504/504 514/514/514
f 518/518/518 517/517/517 516/516/516
f 519/519/519 518/518/518 516/516/516
f 519/519/519 516/516/516 520/520/520
f 521/521/521 518/518/518 519/519/519
f 520/520/520 516/516/516 522/522/522
f 523/523/523 518/518/518 521/521/521
f 524/524/524 520/520/520 522/522/522
f 523/523/523 521/521/521 525/525/525
f 524/524/524 522/522/522 526/526/526
f 527/527/527 523/523/523 525/525/525
f 528/528/528 524/524/524 526/526/526
f 527/527/527 525/525/525 529/529/529
f 530/530/530 528/528/528 526/526/526
f 527/527/527 529/529/529 530/530/530
f 527/527/527 530/530/530 526/526/526
f 527/527/527 526/526/526 531/531/531
f 534/534/534 533/533/533 532/532/532
f 535/535/535 534/534/534 532/532/532
f 535/535/535 532/532/532 536/536/536
f 537/537/537 534/534/534 535/535/535
f 536/536/536 532/532/532 538/538/538
f 539/539/539 534/534/534 537/537/537
f 540/540/540 536/536/536 538/538/538
f 539/539/539 537/537/537 541/541/541
f 540/540/540 538/538/538 542/542/542
f 543/543/543 539/539/539 541/541/541
f 544/544/544 540/540/540 542/542/542
f 543/543/543 541/541/541 545/545/545
f 546/546/546 544/544/544 542/542/542
f 543/543/543 545/545/545 546/546/546
f 543/543/543 546/546/546 542/542/542
f 543/543/543 542/542/542 547/547/547
f 550/550/550 549/549/549 548/548/548
f 549/549/549 551/551/551 548/548/548
f 548/548/548 551/551/551 552/552/552
f 553/553/553 548/548/548 552/552/552
f 554/554/554 553/553/553 552/552/552
f 555/555/555 554/554/554 552/552/552
f 556/556/556 553/553/553 554/554/554
f 557/557/557 556/556/556 554/554/554
f 560/560/560 559/559/559 558/558/558
f 561/561/561 560/560/560 558/558/558
f 562/562/562 561/561/561 558/558/558
f 562/562/562 558/558/558 563/563/563
f 566/566/566 565/565/565 564/564/564
f 567/567/567 566/566/566 564/564/564
f 568/568/568 567/567/567 564/564/564
f 568/568/568 564/564/564 569/569/569
f 570/570/570 568/568/568 569/569/569
f 571/571/571 570/570/570 569/569/569
f 571/571/571 569/569/569 572/572/572
f 573/573/573 571/571/571 572/572/572
f 571/571/571 574/574/574 570/570/570
f 571/571/571 575/575/575 574/574/574
f 578/578/578 577/577/577 576/576/576
f 579/579/579 578/578/578 576/576/576
f 579/579/579 576/576/576 580/580/580
f 580/580/580 576/576/576 581/581/581
f 582/582/582 579/579/579 580/580/580
f 583/583/583 579/579/579 582/582/582
f 584/584/584 579/579/579 583/583/583
f 585/585/585 580/580/580 581/581/581
f 586/586/586 585/585/585 581/581/581
f 586/586/586 581/581/581 587/587/587
f 588/588/588 586/586/586 587/587/587
f 589/589/589 588/588/588 587/587/587
f 589/589/589 587/587/587 590/590/590
f 591/591/591 589/589/589 590/590/590
f 592/592/592 591/591/591 590/590/590
f 592/592/592 590/590/590 593/593/593
f 592/592/592 593/593/593 594/594/594
f 592/592/592 594/594/594 595/595/595
f 594/594/594 596/596/596 595/595/595
f 596/596/596 597/597/597 595/595/595
f 592/592/592 595/595/595 598/598/598
f 599/599/599 592/592/592 598/598/598
f 602/602/602 601/601/601 600/600/600
f 602/602/602 600/600/600 603/603/603
f 604/604/604 602/602/602 603/603/603
f 604/604/604 603/603/603 605/605/605
f 605/605/605 603/603/603 606/606/606
f 607/607/607 602/602/602 604/604/604
f 608/608/608 602/602/602 607/607/607
f 608/608/608 607/607/607 609/609/609
f 610/610/610 608/608/608 609/609/609
f 610/610/610 609/609/609 611/611/611
f 610/610/610 611/611/611 612/612/612
f 612/612/612 611/611/611 613/613/613
f 612/612/612 613/613/613 614/614/614
f 610/610/610 612/612/612 615/615/615
f 616/616/616 612/612/612 614/614/614
f 610/610/610 615/615/615 617/617/617
f 618/618/618 610/610/610 617/617/617
f 616/616/616 614/614/614 619/619/619
f 620/620/620 616/616/616 619/619/619
f 621/621/621 620/620/620 619/619/619
f 618/618/618 617/617/617 622/622/622
f 621/621/621 619/619/619 623/623/623
f 622/622/622 621/621/621 623/623/623
f 624/624/624 618/618/618 622/622/622
f 625/625/625 624/624/624 622/622/622
f 625/625/625 626/626/626 624/624/624
f 625/625/625 627/627/627 626/626/626
f 628/628/628 622/622/622 623/623/623
f 625/625/625 622/622/622 628/628/628
f 629/629/629 628/628/628 623/623/623
f 629/629/629 623/623/623 630/630/630
f 625/625/625 628/628/628 631/631/631
f 632/632/632 625/625/625 631/631/631
f 632/632/632 631/631/631 633/633/633
f 636/636/636 635/635/635 634/634/634
f 635/635/635 637/637/637 634/634/634
f 634/634/634 637/637/637 638/638/638
f 639/639/639 634/634/634 638/638/638
f 640/640/640 639/639/639 638/638/638
f 641/641/641 640/640/640 638/638/638
f 642/642/642 639/639/639 640/640/640
f 643/643/643 642/642/642 640/640/640
f 646/646/646 645/645/645 644/644/644
f 647/647/647 646/646/646 644/644/644
f 647/647/647 644/644/644 648/648/648
f 649/649/649 647/647/647 648/648/648
f 649/649/649 648/648/648 650/650/650
f 649/649/649 650/650/650 651/651/651
f 650/650/650 652/652/652 651/651/651
f 653/653/653 649/649/649 651/651/651
f 656/656/656 655/655/655 654/654/654
f 657/657/657 656/656/656 654/654/654
f 657/657/657 654/654/654 658/658/658
f 658/658/658 654/654/654 659/659/659
f 660/660/660 658/658/658 659/659/659
f 659/659/659 654/654/654 661/661/661
f 660/660/660 659/659/659 662/662/662
f 661/661/661 654/654/654 663/663/663
f 660/660/660 662/662/662 664/664/664
f 665/665/665 661/661/661 663/663/663
f 666/666/666 660/660/660 664/664/664
f 665/665/665 663/663/663 667/667/667
f 666/666/666 664/664/664 668/668/668
f 669/669/669 665/665/665 667/667/667
f 670/670/670 666/666/666 668/668/668
f 669/669/669 667/667/667 671/671/671
f 670/670/670 668/668/668 672/672/672
f 672/672/672 669/669/669 671/671/671
f 673/673/673 670/670/670 672/672/672
f 672/672/672 671/671/671 674/674/674
f 673/673/673 672/672/672 674/674/674
f 675/675/675 673/673/673 674/674/674
f 675/675/675 674/674/674 676/676/676
f 675/675/675 676/676/676 677/677/677
f 675/675/675 677/677/677 678/678/678
f 679/679/679 675/675/675 678/678/678
f 679/679/679 678/678/678 680/680/680
f 681/681/681 679/679/679 680/680/680
f 681/681/681 680/680/680 682/682/682
f 683/683/683 681/681/681 682/682/682
f 683/683/683 682/682/682 684/684/684
f 685/685/685 683/683/683 684/684/684
f 685/685/685 684/684/684 686/686/686
f 687/687/687 685/685/685 686/686/686
f 687/687/687 686/686/686 688/688/688
f 689/689/689 685/685/685 687/687/687
f 690/690/690 685/685/685 689/689/689
f 690/690/690 689/689/689 691/691/691
f 688/688/688 686/686/686 692/692/692
f 693/693/693 688/688/688 692/692/692
f 694/694/694 693/693/693 692/692/692
f 695/695/695 690/690/690 691/691/691
f 694/694/694 692/692/692 696/696/696
f 695/695/695 691/691/691 697/697/697
f 698/698/698 694/694/694 696/696/696
f 695/695/695 697/697/697 698/698/698
f 695/695/695 698/698/698 696/696/696
f 695/695/695 696/696/696 699/699/699
f 702/702/702 701/701/701 700/700/700
f 702/702/702 700/700/700 703/703/703
f 704/704/704 702/702/702 703/703/703
f 704/704/704 703/703/703 705/705/705
f 706/706/706 704/704/704 705/705/705
f 706/706/706 705/705/705 707/707/707
f 710/710/710 709/709/709 708/708/708
f 711/711/711 710/710/710 708/708/708
f 714/714/714 713/713/713 712/712/712
f 713/713/713 715/715/715 712/712/712
f 713/713/713 716/716/716 715/715/715
f 715/715/715 717/717/717 712/712/712
f 713/713/713 718/718/718 716/716/716
f 718/718/718 719/719/719 716/716/716
f 718/718/718 720/720/720 719/719/719
f 718/718/718 721/721/721 720/720/720
f 721/721/721 722/722/722 720/720/720
f 721/721/721 723/723/723 722/722/722
f 722/722/722 723/723/723 724/724/724
f 717/717/717 724/724/724 712/712/712
f 723/723/723 725/725/725 724/724/724
f 724/724/724 726/726/726 712/712/712
f 727/727/727 726/726/726 724/724/724
f 725/725/725 727/727/727 724/724/724
f 725/725/725 728/728/728 727/727/727
f 725/725/725 729/729/729 728/728/728
f 729/729/729 730/730/730 728/728/728
f 729/729/729 731/731/731 730/730/730
f 731/731/731 732/732/732 730/730/730
f 726/726/726 733/733/733 712/712/712
f 731/731/731 734/734/734 732/732/732
f 732/732/732 734/734/734 735/735/735
f 735/735/735 734/734/734 733/733/733
f 733/733/733 736/736/736 712/712/712
f 734/734/734 737/737/737 733/733/733
f 737/737/737 736/736/736 733/733/733
f 740/740/740 739/739/739 738/738/738
f 739/739/739 741/741/741 738/738/738
f 738/738/738 741/741/741 742/742/742
f 741/741/741 743/743/743 742/742/742
f 746/746/746 745/745/745 744/744/744
f 747/747/747 746/746/746 744/744/744
f 748/748/748 746/746/746 747/747/747
f 749/749/749 748/748/748 747/747/747
f 750/750/750 748/748/748 749/749/749
f 751/751/751 750/750/750 749/749/749
f 754/754/754 753/753/753 752/752/752
f 755/755/755 754/754/754 752/752/752
f 758/758/758 757/757/757 756/756/756
f 759/759/759 758/758/758 756/756/756
f 760/760/760 758/758/758 759/759/759
f 761/761/761 760/760/760 759/759/759
f 762/762/762 760/760/760 761/761/761
f 763/763/763 762/762/762 761/761/761
f 766/766/766 765/765/765 764/764/764
f 767/767/767 766/766/766 764/764/764
f 768/768/768 766/766/766 767/767/767
f 769/769/769 768/768/768 767/767/767
f 772/772/772 771/771/771 770/770/770
f 773/773/773 772/772/772 770/770/770
f 776/776/776 775/775/775 774/774/774
f 777/777/777 776/776/776 774/774/774
f 780/780/780 779/779/779 778/778/778
f 781/781/781 780/780/780 778/778/778
f 784/784/784 783/783/783 782/782/782
f 785/785/785 784/784/784 782/782/782
f 786/786/786 784/784/784 785/785/785
f 787/787/787 786/786/786 785/785/785
f 790/790/790 789/789/789 788/788/788
f 789/789/789 791/791/791 788/788/788
f 788/788/788 791/791/791 792/792/792
f 791/791/791 793/793/793 792/792/792
f 796/796/796 795/795/795 794/794/794
f 797/797/797 796/796/796 794/794/794
f 798/798/798 796/796/796 797/797/797
f 799/799/799 798/798/798 797/797/797
f 802/802/802 801/801/801 800/800/800
f 803/803/803 802/802/802 800/800/800
f 804/804/804 802/802/802 803/803/803
f 805/805/805 804/804/804 803/803/803
f 806/806/806 804/804/804 805/805/805
f 807/807/807 806/806/806 805/805/805
f 808/808/808 806/806/806 807/807/807
f 809/809/809 808/808/808 807/807/807
f 810/810/810 808/808/808 809/809/809
f 811/811/811 810/810/810 809/809/809
f 812/812/812 810/810/810 811/811/811
f 813/813/813 812/812/812 811/811/811
f 816/816/816 815/815/815 814/814/814
f 817/817/817 816/816/816 814/814/814
f 818/818/818 816/816/816 817/817/817
f 819/819/819 818/818/818 817/817/817
f 820/820/820 818/818/818 819/819/819
f 821/821/821 820/820/820 819/819/819
f 822/822/822 820/820/820 821/821/821
f 823/823/823 822/822/822 821/821/821
f 826/826/826 825/825/825 824/824/824
f 827/827/827 826/826/826 824/824/824
f 830/830/830 829/829/829 828/828/828
f 831/831/831 830/830/830 828/828/828
f 832/832/832 830/830/830 831/831/831
f 833/833/833 832/832/832 831/831/831
f 834/834/834 832/832/832 833/833/833
f 835/835/835 834/834/834 833/833/833
f 838/838/838 837/837/837 836/836/836
f 839/839/839 838/838/838 836/836/836
f 840/840/840 838/838/838 839/839/839
f 841/841/841 840/840/840 839/839/839
f 844/844/844 843/843/843 842/842/842
f 845/845/845 844/844/844 842/842/842
f 846/846/846 844/844/844 845/845/845
f 847/847/847 846/846/846 845/845/845
f 850/850/850 849/849/849 848/848/848
f 851/851/851 850/850/850 848/848/848
f 852/852/852 850/850/850 851/851/851
f 853/853/853 852/852/852 851/851/851
f 856/856/856 855/855/855 854/854/854
f 857/857/857 856/856/856 854/854/854
f 860/860/860 859/859/859 858/858/858
f 861/861/861 860/860/860 858/858/858
f 862/862/862 860/860/860 861/861/861
f 863/863/863 862/862/862 861/861/861
f 864/864/864 862/862/862 863/863/863
f 865/865/865 864/864/864 863/863/863
f 866/866/866 864/864/864 865/865/865
f 867/867/867 866/866/866 865/865/865
f 868/868/868 866/866/866 867/867/867
f 869/869/869 868/868/868 867/867/867
f 872/872/872 871/871/871 870/870/870
f 873/873/873 872/872/872 870/870/870
f 874/874/874 872/872/872 873/873/873
f 875/875/875 874/874/874 873/873/873
f 878/878/878 877/877/877 876/876/876
f 879/879/879 878/878/878 876/876/876
f 882/882/882 881/881/881 880/880/880
f 883/883/883 882/882/882 880/880/880
f 884/884/884 882/882/882 883/883/883
f 885/885/885 884/884/884 883/883/883
f 886/886/886 884/884/884 885/885/885
f 887/887/887 886/886/886 885/885/885
f 890/890/890 889/889/889 888/888/888
f 891/891/891 890/890/890 888/888/888
f 894/894/894 893/893/893 892/892/892
f 895/895/895 894/894/894 892/892/892
f 896/896/896 894/894/894 895/895/895
f 897/897/897 896/896/896 895/895/895
f 900/900/900 899/899/899 898/898/898
f 901/901/901 900/900/900 898/898/898
f 904/904/904 903/903/903 902/902/902
f 905/905/905 904/904/904 902/902/902
f 906/906/906 904/904/904 905/905/905
f 907/907/907 906/906/906 905/905/905
f 910/910/910 909/909/909 908/908/908
f 911/911/911 910/910/910 908/908/908
f 914/914/914 913/913/913 912/912/912
f 915/915/915 914/914/914 912/912/912
f 918/918/918 917/917/917 916/916/916
f 919/919/919 918/918/918 916/916/916
f 922/922/922 921/921/921 920/920/920
f 923/923/923 922/922/922 920/920/920
f 926/926/926 925/925/925 924/924/924
f 927/927/927 926/926/926 924/924/924
f 930/930/930 929/929/929 928/928/928
f 931/931/931 930/930/930 928/928/928
f 934/934/934 933/933/933 932/932/932
f 935/935/935 934/934/934 932/932/932
f 938/938/938 937/937/937 936/936/936
f 939/939/939 938/938/938 936/936/936
f 942/942/942 941/941/941 940/940/940
f 943/943/943 942/942/942 940/940/940
f 946/946/946 945/945/945 944/944/944
f 945/945/945 947/947/947 944/944/944
f 944/944/944 947/947/947 948/948/948
f 947/947/947 949/949/949 948/948/948
f 948/948/948 949/949/949 950/950/950
f 949/949/949 951/951/951 950/950/950
f 950/950/950 951/951/951 952/952/952
f 951/951/951 953/953/953 952/952/952
f 956/956/956 955/955/955 954/954/954
f 957/957/957 956/956/956 954/954/954
f 958/958/958 956/956/956 957/957/957
f 959/959/959 958/958/958 957/957/957
f 960/960/960 958/958/958 959/959/959
f 961/961/961 960/960/960 959/959/959
f 964/964/964 963/963/963 962/962/962
f 965/965/965 964/964/964 962/962/962
f 968/968/968 967/967/967 966/966/966
f 969/969/969 968/968/968 966/966/966
f 970/970/970 968/968/968 969/969/969
f 971/971/971 970/970/970 969/969/969
f 972/972/972 970/970/970 971/971/971
f 973/973/973 972/972/972 971/971/971
f 976/976/976 975/975/975 974/974/974
f 977/977/977 976/976/976 974/974/974
f 978/978/978 976/976/976 977/977/977
f 979/979/979 978/978/978 977/977/977
f 982/982/982 981/981/981 980/980/980
f 983/983/983 982/982/982 980/980/980
f 984/984/984 982/982/982 983/983/983
f 985/985/985 984/984/984 983/983/983
f 986/986/986 984/984/984 985/985/985
f 987/987/987 986/986/986 985/985/985
f 990/990/990 989/989/989 988/988/988
f 991/991/991 990/990/990 988/988/988
f 992/992/992 990/990/990 991/991/991
f 993/993/993 992/992/992 991/991/991
f 994/994/994 992/992/992 993/993/993
f 995/995/995 994/994/994 993/993/993
f 998/998/998 997/997/997 996/996/996
f 999/999/999 998/998/998 996/996/996
f 1000/1000/1000 998/998/998 999/999/999
f 1001/1001/1001 1000/1000/1000 999/999/999
f 1002/1002/1002 1000/1000/1000 1001/1001/1001
f 1003/1003/1003 1002/1002/1002 1001/1001/1001
f 1006/1006/1006 1005/1005/1005 1004/1004/1004
f 1007/1007/1007 1006/1006/1006 1004/1004/1004
f 1010/1010/1010 1009/1009/1009 1008/1008/1008
f 1011/1011/1011 1010/1010/1010 1008/1008/1008
f 1014/1014/1014 1013/1013/1013 1012/1012/1012
f 1015/1015/1015 1014/1014/1014 1012/1012/1012
f 1016/1016/1016 1014/1014/1014 1015/1015/1015
f 1017/1017/1017 1016/1016/1016 1015/1015/1015
f 1018/1018/1018 1016/1016/1016 1017/1017/1017
f 1019/1019/1019 1018/1018/1018 1017/1017/1017
f 1020/1020/1020 1018/1018/1018 1019/1019/1019
f 1021/1021/1021 1020/1020/1020 1019/1019/1019
f 1022/1022/1022 1020/1020/1020 1021/1021/1021
f 1023/1023/1023 1022/1022/1022 1021/1021/1021
f 1026/1026/1026 1025/1025/1025 1024/1024/1024
f 1027/1027/1027 1026/1026/1026 1024/1024/1024
f 1028/1028/1028 1026/1026/1026 1027/1027/1027
f 1029/1029/1029 1028/1028/1028 1027/1027/1027
f 1030/1030/1030 1028/1028/1028 1029/1029/1029
f 1031/1031/1031 1030/1030/1030 1029/1029/1029
f 1034/1034/1034 1033/1033/1033 1032/1032/1032
f 1035/1035/1035 1034/1034/1034 1032/1032/1032
f 1038/1038/1038 1037/1037/1037 1036/1036/1036
f 1039/1039/1039 1038/1038/1038 1036/1036/1036
f 1040/1040/1040 1038/1038/1038 1039/1039/1039
f 1041/1041/1041 1040/1040/1040 1039/1039/1039
f 1044/1044/1044 1043/1043/1043 1042/1042/1042
f 1045/1045/1045 1044/1044/1044 1042/1042/1042
f 1048/1048/1048 1047/1047/1047 1046/1046/1046
f 1049/1049/1049 1048/1048/1048 1046/1046/1046
f 1050/1050/1050 1048/1048/1048 1049/1049/1049
f 1051/1051/1051 1050/1050/1050 1049/1049/1049
f 1052/1052/1052 1050/1050/1050 1051/1051/1051
f 1053/1053/1053 1052/1052/1052 1051/1051/1051
f 1056/1056/1056 1055/1055/1055 1054/1054/1054
f 1057/1057/1057 1056/1056/1056 1054/1054/1054
f 1060/1060/1060 1059/1059/1059 1058/1058/1058
f 1061/1061/1061 1060/1060/1060 1058/1058/1058
f 1064/1064/1064 1063/1063/1063 1062/1062/1062
f 1065/1065/1065 1064/1064/1064 1062/1062/1062
f 1066/1066/1066 1064/1064/1064 1065/1065/1065
f 1067/1067/1067 1066/1066/1066 1065/1065/1065
f 1070/1070/1070 1069/1069/1069 1068/1068/1068
f 1071/1071/1071 1070/1070/1070 1068/1068/1068
f 1072/1072/1072 1070/1070/1070 1071/1071/1071
f 1073/1073/1073 1072/1072/1072 1071/1071/1071
f 1074/1074/1074 1072/1072/1072 1073/1073/1073
f 1075/1075/1075 1074/1074/1074 1073/1073/1073
f 1078/1078/1078 1077/1077/1077 1076/1076/1076
f 1079/1079/1079 1078/1078/1078 1076/1076/1076
f 1082/1082/1082 1081/1081/1081 1080/1080/1080
f 1083/1083/1083 1082/1082/1082 1080/1080/1080
f 1084/1084/1084 1082/1082/1082 1083/1083/1083
f 1085/1085/1085 1084/1084/1084 1083/1083/1083
f 1086/1086/1086 1084/1084/1084 1085/1085/1085
f 1087/1087/1087 1086/1086/1086 1085/1085/1085
f 1090/1090/1090 1089/1089/1089 1088/1088/1088
f 1091/1091/1091 1090/1090/1090 1088/1088/1088
f 1092/1092/1092 1090/1090/1090 1091/1091/1091
f 1093/1093/1093 1092/1092/1092 1091/1091/1091
f 1096/1096/1096 1095/1095/1095 1094/1094/1094
f 1097/1097/1097 1096/1096/1096 1094/1094/1094
f 1100/1100/1100 1099/1099/1099 1098/1098/1098
f 1101/1101/1101 1100/1100/1100 1098/1098/1098
f 1104/1104/1104 1103/1103/1103 1102/1102/1102
f 1105/1105/1105 1104/1104/1104 1102/1102/1102
f 1108/1108/1108 1107/1107/1107 1106/1106/1106
f 1109/1109/1109 1108/1108/1108 1106/1106/1106
f 1112/1112/1112 1111/1111/1111 1110/1110/1110
f 1113/1113/1113 1112/1112/1112 1110/1110/1110
f 1116/1116/1116 1115/1115/1115 1114/1114/1114
f 1117/1117/1117 1116/1116/1116 1114/1114/1114
f 1120/1120/1120 1119/1119/1119 1118/1118/1118
f 1121/1121/1121 1120/1120/1120 1118/1118/1118
f 1124/1124/1124 1123/1123/1123 1122/1122/1122
f 1125/1125/1125 1124/1124/1124 1122/1122/1122
f 1128/1128/1128 1127/1127/1127 1126/1126/1126
f 1129/1129/1129 1128/1128/1128 1126/1126/1126
f 1132/1132/1132 1131/1131/1131 1130/1130/1130
f 1133/1133/1133 1132/1132/1132 1130/1130/1130
f 1136/1136/1136 1135/1135/1135 1134/1134/1134
f 1137/1137/1137 1136/1136/1136 1134/1134/1134
f 1140/1140/1140 1139/1139/1139 1138/1138/1138
f 1141/1141/1141 1140/1140/1140 1138/1138/1138
f 1144/1144/1144 1143/1143/1143 1142/1142/1142
f 1145/1145/1145 1144/1144/1144 1142/1142/1142
f 1146/1146/1146 1144/1144/1144 1145/1145/1145
f 1147/1147/1147 1146/1146/1146 1145/1145/1145
f 1150/1150/1150 1149/1149/1149 1148/1148/1148
f 1151/1151/1151 1150/1150/1150 1148/1148/1148
f 1152/1152/1152 1150/1150/1150 1151/1151/1151
f 1153/1153/1153 1152/1152/1152 1151/1151/1151
f 1156/1156/1156 1155/1155/1155 1154/1154/1154
f 1157/1157/1157 1156/1156/1156 1154/1154/1154
f 1158/1158/1158 1156/1156/1156 1157/1157/1157
f 1159/1159/1159 1158/1158/1158 1157/1157/1157
f 1162/1162/1162 1161/1161/1161 1160/1160/1160
f 1163/1163/1163 1162/1162/1162 1160/1160/1160
f 1164/1164/1164 1162/1162/1162 1163/1163/1163
f 1165/1165/1165 1164/1164/1164 1163/1163/1163
f 1168/1168/1168 1167/1167/1167 1166/1166/1166
f 1169/1169/1169 1168/1168/1168 1166/1166/1166
f 1170/1170/1170 1168/1168/1168 1169/1169/1169
f 1171/1171/1171 1170/1170/1170 1169/1169/1169
f 1174/1174/1174 1173/1173/1173 1172/1172/1172
f 1175/1175/1175 1174/1174/1174 1172/1172/1172
f 1176/1176/1176 1174/1174/1174 1175/1175/1175
f 1177/1177/1177 1176/1176/1176 1175/1175/1175
f 1180/1180/1180 1179/1179/1179 1178/1178/1178
f 1181/1181/1181 1179/1179/1179 1180/1180/1180
f 1182/1182/1182 1181/1181/1181 1180/1180/1180
f 1185/1185/1185 1184/1184/1184 1183/1183/1183
f 1186/1186/1186 1184/1184/1184 1185/1185/1185
f 1187/1187/1187 1186/1186/1186 1185/1185/1185
f 1190/1190/1190 1189/1189/1189 1188/1188/1188
f 1189/1189/1189 1191/1191/1191 1188/1188/1188
f 1188/1188/1188 1191/1191/1191 1192/1192/1192
f 1191/1191/1191 1193/1193/1193 1192/1192/1192
f 1196/1196/1196 1195/1195/1195 1194/1194/1194
f 1197/1197/1197 1196/1196/1196 1194/1194/1194
f 1198/1198/1198 1196/1196/1196 1197/1197/1197
f 1199/1199/1199 1198/1198/1198 1197/1197/1197
f 1202/1202/1202 1201/1201/1201 1200/1200/1200
f 1203/1203/1203 1202/1202/1202 1200/1200/1200
f 1204/1204/1204 1202/1202/1202 1203/1203/1203
f 1205/1205/1205 1204/1204/1204 1203/1203/1203
f 1206/1206/1206 1204/1204/1204 1205/1205/1205
f 1207/1207/1207 1206/1206/1206 1205/1205/1205
f 1210/1210/1210 1209/1209/1209 1208/1208/1208
f 1209/1209/1209 1211/1211/1211 1208/1208/1208
f 1208/1208/1208 1211/1211/1211 1212/1212/1212
f 1211/1211/1211 1213/1213/1213 1212/1212/1212
f 1212/1212/1212 1213/1213/1213 1214/1214/1214
f 1213/1213/1213 1215/1215/1215 1214/1214/1214
f 1218/1218/1218 1217/1217/1217 1216/1216/1216
f 1219/1219/1219 1218/1218/1218 1216/1216/1216
f 1220/1220/1220 1218/1218/1218 1219/1219/1219
f 1221/1221/1221 1220/1220/1220 1219/1219/1219
f 1224/1224/1224 1223/1223/1223 1222/1222/1222
f 1225/1225/1225 1223/1223/1223 1224/1224/1224
f 1226/1226/1226 1225/1225/1225 1224/1224/1224
