v 7.145949 5.734279 2.949230
v 7.145951 5.034278 -0.086852
v 7.145951 5.034278 2.949230
v 7.145949 5.734279 -0.086852
v 9.386012 -3.734327 3.954974
v 10.086013 -3.734325 2.751360
v 10.086013 -3.734325 3.954974
v 9.386012 -3.734327 2.751360
v 10.086017 -10.868988 3.954974
v 9.386016 -10.868989 2.751360
v 9.386016 -10.868989 3.954974
v 10.086017 -10.868988 2.751360
v 4.000003 11.629656 3.850000
v 4.000003 12.129656 1.000000
v 4.000003 12.129656 3.850000
v 4.000003 11.629656 1.000000
v -4.905502 12.243711 3.954973
v -4.905502 11.543711 0.900000
v -4.905502 11.543711 3.954973
v -4.905502 12.243711 0.900000
v 2.000003 5.129655 2.850000
v 2.000003 5.629655 0.000000
v 2.000003 5.129655 0.000000
v 2.000003 5.629655 2.850000
v -10.109863 10.745142 2.949230
v -9.409863 10.745142 -0.086852
v -9.409863 10.745142 2.949230
v -10.109863 10.745142 -0.086852
v -7.127223 5.034271 2.949230
v -7.127224 5.734272 -0.086852
v -7.127224 5.734272 2.949230
v -7.127223 5.034271 -0.086852
v -6.999998 5.629661 2.850000
v -6.999998 5.129661 0.000000
v -6.999998 5.129661 2.850000
v -6.999998 5.629661 0.000000
v 0.500002 11.629656 1.000000
v 4.000003 12.129656 1.000000
v 4.000003 11.629656 1.000000
v 0.500002 12.129656 1.000000
v -0.499998 11.629658 3.850000
v -0.499998 12.129658 1.000000
v -0.499998 12.129658 3.850000
v -0.499998 11.629658 1.000000
v -10.000003 -6.870339 2.850000
v -9.500003 -6.870339 3.850000
v -10.000003 -6.870339 3.850000
v -9.500003 -6.870339 2.850000
v 9.428737 8.052161 2.949230
v 10.128735 10.745145 2.949230
v 10.128737 8.052161 2.949230
v 9.428734 10.745145 2.949230
v 9.500004 -2.870345 2.850000
v 10.000004 -2.870345 3.850000
v 9.500004 -2.870345 3.850000
v 10.000004 -2.870345 2.850000
v -9.999999 -2.870339 2.850000
v -9.499999 -2.870339 3.850000
v -9.999999 -2.870339 3.850000
v -9.499999 -2.870339 2.850000
v 0.500002 5.629655 2.850000
v 0.500002 5.129655 0.000000
v 0.500002 5.629655 0.000000
v 0.500002 5.129655 2.850000
v -9.387784 -10.868991 3.954974
v -10.087785 -10.868992 2.751360
v -10.087785 -10.868992 3.954974
v -9.387784 -10.868991 2.751360
v 1.924907 5.034272 2.949230
v 1.924906 5.734272 -0.086852
v 1.924906 5.734272 2.949230
v 1.924907 5.034272 -0.086852
v 9.999995 -7.870350 2.850000
v 9.499995 -7.870350 3.850000
v 9.999995 -7.870350 3.850000
v 9.499995 -7.870350 2.850000
v -10.000003 -7.870339 2.850000
v -9.500003 -10.870338 2.850000
v -10.000003 -10.870338 2.850000
v -9.500003 -7.870339 2.850000
v 9.499995 -7.870350 2.850000
v 9.999995 -10.870350 2.850000
v 9.499995 -10.870350 2.850000
v 9.999995 -7.870350 2.850000
v -9.999999 4.129661 2.850000
v -9.499999 1.129661 2.850000
v -9.999999 1.129661 2.850000
v -9.499999 4.129661 2.850000
v 9.500004 4.129655 2.850000
v 10.000004 1.129655 2.850000
v 9.500004 1.129655 2.850000
v 10.000004 4.129655 2.850000
v 10.000004 0.129655 2.850000
v 9.500004 0.129655 3.850000
v 10.000004 0.129655 3.850000
v 9.500004 0.129655 2.850000
v -9.999999 -3.870339 2.850000
v -9.500003 -6.870339 2.850000
v -10.000003 -6.870339 2.850000
v -9.499999 -3.870339 2.850000
v 9.500004 -3.870345 2.850000
v 9.999995 -6.870350 2.850000
v 9.499995 -6.870350 2.850000
v 10.000004 -3.870345 2.850000
v -9.999999 0.129661 2.850000
v -9.499999 -2.870339 2.850000
v -9.999999 -2.870339 2.850000
v -9.499999 0.129661 2.850000
v 9.500004 0.129655 2.850000
v 10.000004 -2.870345 2.850000
v 9.500004 -2.870345 2.850000
v 10.000004 0.129655 2.850000
v -9.500003 -7.870339 2.850000
v -10.000003 -7.870339 3.850000
v -9.500003 -7.870339 3.850000
v -10.000003 -7.870339 2.850000
v -10.087788 -3.734329 3.954974
v -9.387787 -3.734328 2.751360
v -9.387787 -3.734328 3.954974
v -10.087788 -3.734329 2.751360
v -10.087789 -7.705750 3.954974
v -9.387788 -7.705750 2.751360
v -9.387788 -7.705750 3.954974
v -10.087789 -7.705750 2.751360
v -9.499999 0.129661 2.850000
v -9.999999 0.129661 3.850000
v -9.499999 0.129661 3.850000
v -9.999999 0.129661 2.850000
v -1.999998 5.129661 2.850000
v -1.999998 5.629661 0.000000
v -1.999998 5.629661 2.850000
v -1.999998 5.129661 0.000000
v 5.000003 12.129656 3.850000
v 5.000003 11.629656 1.000000
v 5.000003 11.629656 3.850000
v 5.000003 12.129656 1.000000
v 5.000003 12.129656 1.000000
v 8.500004 11.629656 1.000000
v 5.000003 11.629656 1.000000
v 8.500004 12.129656 1.000000
v 9.499995 -6.870350 2.850000
v 9.999995 -6.870350 3.850000
v 9.499995 -6.870350 3.850000
v 9.999995 -6.870350 2.850000
v -9.499999 -3.870339 2.850000
v -9.999999 -3.870339 3.850000
v -9.499999 -3.870339 3.850000
v -9.999999 -3.870339 2.850000
v 10.000004 -3.870345 2.850000
v 9.500004 -3.870345 3.850000
v 10.000004 -3.870345 3.850000
v 9.500004 -3.870345 2.850000
v -9.499999 4.129661 2.850000
v -9.999999 4.129661 3.850000
v -9.499999 4.129661 3.850000
v -9.999999 4.129661 2.850000
v 10.000004 4.129655 2.850000
v 9.500004 4.129655 3.850000
v 10.000004 4.129655 3.850000
v 9.500004 4.129655 2.850000
v -9.999999 1.129661 2.850000
v -9.499999 1.129661 3.850000
v -9.999999 1.129661 3.850000
v -9.499999 1.129661 2.850000
v -10.000003 -10.870338 2.850000
v -9.500003 -10.870338 3.850000
v -10.000003 -10.870338 3.850000
v -9.500003 -10.870338 2.850000
v 9.500004 1.129655 2.850000
v 10.000004 1.129655 3.850000
v 9.500004 1.129655 3.850000
v 10.000004 1.129655 2.850000
v 9.499995 -10.870350 2.850000
v 9.999995 -10.870350 3.850000
v 9.499995 -10.870350 3.850000
v 9.999995 -10.870350 2.850000
v -8.588236 11.543710 3.954973
v -8.588236 12.243711 0.900000
v -8.588236 12.243711 3.954973
v -8.588236 11.543710 0.900000
v -1.906180 5.734280 2.949230
v -1.906179 5.034279 -0.086852
v -1.906179 5.034279 2.949230
v -1.906180 5.734280 -0.086852
v 9.428734 10.745145 2.949230
v 10.128735 10.745145 -0.086852
v 10.128735 10.745145 2.949230
v 9.428734 10.745145 -0.086852
v 9.499995 -11.870350 4.850000
v 9.473494 11.629656 6.863635
v 9.473484 -11.870350 6.863634
v 9.500004 11.629656 4.850000
v -9.499999 11.629662 4.850000
v -9.500003 -11.870338 5.850000
v -9.499999 11.629662 5.850000
v -9.500003 -11.870338 4.850000
v 9.386012 0.193604 3.954974
v 10.086013 0.193606 2.751360
v 10.086013 0.193606 3.954974
v 9.386012 0.193604 2.751360
v 8.500004 11.629656 3.850000
v 8.500004 12.129656 1.000000
v 8.500004 12.129656 3.850000
v 8.500004 11.629656 1.000000
v -9.500003 -11.870338 5.850000
v -9.500003 -11.870338 4.850000
v 0.530746 -11.870350 5.849999
v 9.499995 -11.870350 4.850000
v 9.473484 -11.870350 6.863634
v -9.499999 10.629662 0.000000
v -9.999999 10.629662 2.850000
v -9.499999 10.629662 2.850000
v -9.999999 10.629662 0.000000
v 9.500004 11.629656 4.850000
v -9.500003 -11.870338 4.850000
v -9.499999 11.629662 4.850000
v 9.499995 -11.870350 4.850000
v 10.000004 8.129656 2.850000
v 9.500004 10.629656 2.850000
v 9.500004 8.129656 2.850000
v 10.000004 10.629656 2.850000
v 5.000003 11.629656 3.850000
v 8.500004 12.129656 3.850000
v 5.000003 12.129656 3.850000
v 8.500004 11.629656 3.850000
v 0.500002 11.629656 3.850000
v 4.000003 12.129656 3.850000
v 0.500002 12.129656 3.850000
v 4.000003 11.629656 3.850000
v -3.999998 11.629662 3.850000
v -0.499998 12.129658 3.850000
v -3.999998 12.129662 3.850000
v -0.499998 11.629658 3.850000
v -8.499999 12.129662 3.850000
v -4.999998 11.629662 3.850000
v -4.999998 12.129662 3.850000
v -8.499999 11.629662 3.850000
v -9.499999 8.129662 2.850000
v -9.999999 10.629662 2.850000
v -9.999999 8.129662 2.850000
v -9.499999 10.629662 2.850000
v -9.499999 1.129661 3.850000
v -9.999999 4.129661 3.850000
v -9.999999 1.129661 3.850000
v -9.499999 4.129661 3.850000
v -9.499999 -2.870339 3.850000
v -9.999999 0.129661 3.850000
v -9.999999 -2.870339 3.850000
v -9.499999 0.129661 3.850000
v -9.500003 -6.870339 3.850000
v -9.999999 -3.870339 3.850000
v -10.000003 -6.870339 3.850000
v -9.499999 -3.870339 3.850000
v -10.000003 -10.870338 3.850000
v -9.500003 -7.870339 3.850000
v -10.000003 -7.870339 3.850000
v -9.500003 -10.870338 3.850000
v -6.999998 5.129661 2.850000
v -1.999998 5.629661 2.850000
v -6.999998 5.629661 2.850000
v -1.999998 5.129661 2.850000
v 2.000003 5.129655 2.850000
v 7.000003 5.629655 2.850000
v 2.000003 5.629655 2.850000
v 7.000003 5.129655 2.850000
v 10.000004 1.129655 3.850000
v 9.500004 4.129655 3.850000
v 9.500004 1.129655 3.850000
v 10.000004 4.129655 3.850000
v 10.000004 -2.870345 3.850000
v 9.500004 0.129655 3.850000
v 9.500004 -2.870345 3.850000
v 10.000004 0.129655 3.850000
v 9.999995 -6.870350 3.850000
v 9.500004 -3.870345 3.850000
v 9.499995 -6.870350 3.850000
v 10.000004 -3.870345 3.850000
v 9.499995 -10.870350 3.850000
v 9.999995 -7.870350 3.850000
v 9.499995 -7.870350 3.850000
v 9.999995 -10.870350 3.850000
v 10.000004 10.629656 0.000000
v 9.500004 10.629656 2.850000
v 10.000004 10.629656 2.850000
v 9.500004 10.629656 0.000000
v 8.740461 12.228685 4.713450
v 9.466462 12.028686 5.405449
v 9.466462 12.228685 5.405449
v 8.740461 12.028685 4.713450
v 8.734464 12.228685 6.113451
v 9.466462 12.028686 5.405449
v 8.734464 12.028686 6.113451
v 9.466462 12.228685 5.405449
v 8.248464 12.228685 5.997451
v 8.734464 12.028686 6.113451
v 8.248464 12.028686 5.997451
v 8.734464 12.228685 6.113451
v 8.248464 12.228685 5.997451
v 8.248463 12.028686 5.799451
v 8.248463 12.228685 5.799451
v 8.248464 12.028686 5.997451
v 8.738463 12.228685 5.933450
v 8.248463 12.028686 5.799451
v 8.738463 12.028686 5.933451
v 8.248463 12.228685 5.799451
v 9.264462 12.228685 5.411449
v 8.738463 12.028686 5.933451
v 9.264462 12.028686 5.411449
v 8.738463 12.228685 5.933450
v 8.712461 12.228685 4.893450
v 9.264462 12.028686 5.411449
v 8.712461 12.028685 4.893450
v 9.264462 12.228685 5.411449
v 8.416462 12.228685 4.947451
v 8.712461 12.028685 4.893450
v 8.416462 12.028685 4.947451
v 8.712461 12.228685 4.893450
v 8.416462 12.228685 4.947451
v 8.416462 12.028686 5.227451
v 8.416462 12.228685 5.227451
v 8.416462 12.028685 4.947451
v 8.678462 12.228685 5.227450
v 8.416462 12.028686 5.227451
v 8.678462 12.028686 5.227450
v 8.416462 12.228685 5.227451
v 8.678463 12.228685 5.403450
v 8.678462 12.028686 5.227450
v 8.678463 12.028686 5.403450
v 8.678462 12.228685 5.227450
v 8.220463 12.228685 5.403451
v 8.678463 12.028686 5.403450
v 8.220463 12.028686 5.403451
v 8.678463 12.228685 5.403450
v 8.220463 12.228685 5.403451
v 8.220462 12.028685 4.825451
v 8.220462 12.228685 4.825451
v 8.220463 12.028686 5.403451
v 8.740461 12.228685 4.713450
v 8.220462 12.028685 4.825451
v 8.740461 12.028685 4.713450
v 8.220462 12.228685 4.825451
v 7.506463 12.228685 5.647452
v 7.766462 12.028686 5.423452
v 7.506463 12.028686 5.647452
v 7.766462 12.228685 5.423452
v 7.770463 12.028686 5.423452
v 7.770463 12.228685 5.423452
v 7.292462 12.228685 5.543453
v 7.506463 12.028686 5.647452
v 7.292462 12.028686 5.543453
v 7.506463 12.228685 5.647452
v 7.386462 12.228685 5.389452
v 7.292462 12.028686 5.543453
v 7.386462 12.028686 5.389452
v 7.292462 12.228685 5.543453
v 7.552463 12.228685 5.477452
v 7.386462 12.028686 5.389452
v 7.552463 12.028686 5.477452
v 7.386462 12.228685 5.389452
v 7.770462 12.228684 4.731452
v 7.770462 12.028686 5.201452
v 7.770462 12.028685 4.731452
v 7.770462 12.228685 5.201452
v 7.552463 12.028686 5.477452
v 7.552463 12.228685 5.477452
v 7.948462 12.228684 4.731452
v 7.770462 12.028685 4.731452
v 7.948462 12.028685 4.731452
v 7.770462 12.228684 4.731452
v 7.948463 12.228685 5.629452
v 7.948462 12.028685 4.731452
v 7.948463 12.028686 5.629452
v 7.948462 12.228684 4.731452
v 7.770463 12.228685 5.629452
v 7.948463 12.028686 5.629452
v 7.770463 12.028686 5.629452
v 7.948463 12.228685 5.629452
v 7.770463 12.228685 5.423452
v 7.770463 12.028686 5.629452
v 7.770463 12.028686 5.423452
v 7.770463 12.228685 5.629452
v 6.748462 12.228684 4.713453
v 7.222462 12.028685 5.189453
v 7.222462 12.228685 5.189453
v 6.748462 12.028685 4.713453
v 7.222462 12.228685 5.189453
v 6.748463 12.028686 5.647453
v 6.748463 12.228685 5.647453
v 7.222462 12.028685 5.189453
v 6.262462 12.228685 5.189454
v 6.748463 12.028686 5.647453
v 6.262462 12.028685 5.189454
v 6.748463 12.228685 5.647453
v 6.748462 12.228684 4.713453
v 6.262462 12.028685 5.189454
v 6.748462 12.028685 4.713453
v 6.262462 12.228685 5.189454
v 6.444462 12.228685 5.187454
v 6.750462 12.028685 4.873454
v 6.444462 12.028685 5.187454
v 6.750462 12.228684 4.873453
v 6.444462 12.228685 5.187454
v 6.750463 12.028686 5.487453
v 6.750463 12.228685 5.487453
v 6.444462 12.028685 5.187454
v 7.040462 12.228685 5.189453
v 6.750463 12.028686 5.487453
v 7.040462 12.028685 5.189453
v 6.750463 12.228685 5.487453
v 6.750462 12.228684 4.873453
v 7.040462 12.028685 5.189453
v 6.750462 12.028685 4.873454
v 7.040462 12.228685 5.189453
v 5.926462 12.228685 5.179455
v 5.652462 12.028686 5.483455
v 5.926462 12.028685 5.179455
v 5.652462 12.228685 5.483455
v 5.622461 12.228684 4.881455
v 5.926462 12.028685 5.179455
v 5.622461 12.028685 4.881455
v 5.926462 12.228685 5.179455
v 5.384462 12.228684 4.941455
v 5.622461 12.028685 4.881455
v 5.384462 12.028685 4.941455
v 5.622461 12.228684 4.881455
v 5.384462 12.228684 4.941455
v 5.384461 12.028685 4.765456
v 5.384461 12.228684 4.765455
v 5.384462 12.028685 4.941455
v 5.384461 12.228684 4.765455
v 5.652461 12.028685 4.713455
v 5.652461 12.228684 4.713455
v 5.384461 12.028685 4.765456
v 5.652461 12.228684 4.713455
v 6.108462 12.028685 5.163455
v 6.108462 12.228685 5.163455
v 5.652461 12.028685 4.713455
v 6.108462 12.228685 5.163455
v 5.664463 12.028686 5.647455
v 5.664463 12.228685 5.647455
v 6.108462 12.028685 5.163455
v 5.404463 12.228685 5.585455
v 5.664463 12.028686 5.647455
v 5.404463 12.028686 5.585455
v 5.664463 12.228685 5.647455
v 5.404462 12.228685 5.395455
v 5.404463 12.028686 5.585455
v 5.404462 12.028685 5.395455
v 5.404463 12.228685 5.585455
v 5.404462 12.228685 5.395455
v 5.652462 12.028686 5.483455
v 5.652462 12.228685 5.483455
v 5.404462 12.028685 5.395455
v 5.232462 12.228685 5.191456
v 4.796461 12.028685 4.713457
v 5.232462 12.028685 5.191456
v 4.796461 12.228684 4.713456
v 4.812463 12.228685 5.647456
v 5.232462 12.028685 5.191456
v 4.812463 12.028686 5.647457
v 5.232462 12.228685 5.191456
v 4.422462 12.228684 5.153457
v 4.812463 12.028686 5.647457
v 4.422462 12.028685 5.153457
v 4.812463 12.228685 5.647456
v 5.054461 12.228684 5.153456
v 4.422462 12.028685 5.153457
v 5.054461 12.028685 5.153456
v 4.422462 12.228684 5.153457
v 5.054461 12.228684 5.153456
v 4.752461 12.028685 4.883457
v 4.752461 12.228684 4.883456
v 5.054461 12.028685 5.153456
v 4.752461 12.228684 4.883456
v 4.438462 12.028685 4.991457
v 4.438462 12.228684 4.991457
v 4.752461 12.028685 4.883457
v 4.438461 12.228684 4.819457
v 4.438462 12.028685 4.991457
v 4.438461 12.028685 4.819457
v 4.438462 12.228684 4.991457
v 4.438461 12.228684 4.819457
v 4.796461 12.028685 4.713457
v 4.796461 12.228684 4.713456
v 4.438461 12.028685 4.819457
v 5.050462 12.228685 5.271456
v 4.808462 12.028685 5.493456
v 5.050462 12.028685 5.271456
v 4.808462 12.228685 5.493456
v 4.598462 12.228685 5.271457
v 5.050462 12.028685 5.271456
v 4.598462 12.028685 5.271457
v 5.050462 12.228685 5.271456
v 4.808462 12.228685 5.493456
v 4.598462 12.028685 5.271457
v 4.808462 12.028685 5.493456
v 4.598462 12.228685 5.271457
v 3.776463 12.228685 5.647458
v 4.036462 12.028685 5.423458
v 3.776463 12.028685 5.647458
v 4.036462 12.228685 5.423458
v 4.040462 12.028685 5.423458
v 4.040462 12.228685 5.423458
v 3.562462 12.228685 5.543458
v 3.776463 12.028685 5.647458
v 3.562462 12.028685 5.543458
v 3.776463 12.228685 5.647458
v 3.562462 12.228685 5.543458
v 3.656462 12.028685 5.389458
v 3.656462 12.228685 5.389458
v 3.562462 12.028685 5.543458
v 3.822462 12.228685 5.477458
v 3.656462 12.028685 5.389458
v 3.822462 12.028685 5.477458
v 3.656462 12.228685 5.389458
v 4.040462 12.228684 5.201458
v 4.040461 12.028685 4.731458
v 4.040461 12.228684 4.731457
v 4.040462 12.028685 5.201458
v 3.822462 12.028685 5.477458
v 3.822462 12.228685 5.477458
v 4.218461 12.228684 4.731457
v 4.040461 12.028685 4.731458
v 4.218461 12.028685 4.731457
v 4.040461 12.228684 4.731457
v 4.218462 12.228685 5.629457
v 4.218461 12.028685 4.731457
v 4.218462 12.028686 5.629457
v 4.218461 12.228684 4.731457
v 4.040462 12.228685 5.629457
v 4.218462 12.028686 5.629457
v 4.040462 12.028685 5.629457
v 4.218462 12.228685 5.629457
v 4.040462 12.228685 5.423458
v 4.040462 12.028685 5.629457
v 4.040462 12.028685 5.423458
v 4.040462 12.228685 5.629457
v -0.600051 11.543711 1.100000
v -0.600051 12.243711 3.783980
v -0.600051 11.543711 3.783980
v -0.600051 12.243711 1.100000
v -3.874402 12.243711 1.100000
v -3.874402 11.543711 3.783980
v -3.874402 12.243711 3.783980
v -3.874402 11.543711 1.100000
v -0.600051 12.243711 1.100000
v -3.874402 11.543711 1.100000
v -3.874402 12.243711 1.100000
v -0.600051 11.543711 1.100000
v 7.000003 5.129655 2.850000
v 7.000003 5.629655 0.000000
v 7.000003 5.629655 2.850000
v 7.000003 5.129655 0.000000
v -9.409860 8.052158 2.949230
v -10.109860 8.052158 -0.086852
v -10.109860 8.052158 2.949230
v -9.409860 8.052158 -0.086852
v -4.078593 11.543710 3.954973
v -4.078593 12.243711 0.900000
v -4.078593 12.243711 3.954973
v -4.078593 11.543710 0.900000
v -4.078593 12.243711 3.954973
v -3.874402 11.543711 3.954973
v -4.078593 11.543710 3.954973
v -3.874402 12.243711 3.954973
v -0.395860 11.543711 3.954973
v -0.395860 12.243711 3.954973
v -3.874402 11.543711 3.783980
v -0.600051 12.243711 3.783980
v -3.874402 12.243711 3.783980
v -0.600051 11.543711 3.783980
v -5.109693 11.543710 1.100000
v -5.109693 12.243711 3.783980
v -5.109693 11.543710 3.783980
v -5.109693 12.243711 1.100000
v -8.384045 12.243711 1.100000
v -8.384044 11.543710 3.783980
v -8.384045 12.243711 3.783980
v -8.384044 11.543710 1.100000
v -5.109693 12.243711 1.100000
v -8.384044 11.543710 1.100000
v -8.384045 12.243711 1.100000
v -5.109693 11.543710 1.100000
v -8.384044 11.543710 3.783980
v -5.109693 12.243711 3.783980
v -8.384045 12.243711 3.783980
v -5.109693 11.543710 3.783980
v 3.831738 11.543711 1.100000
v 3.831738 12.243711 3.783980
v 3.831738 11.543711 3.783980
v 3.831738 12.243711 1.100000
v 0.557387 12.243711 1.100000
v 0.557387 11.543711 3.783980
v 0.557387 12.243711 3.783980
v 0.557387 11.543711 1.100000
v 3.831738 12.243711 1.100000
v 0.557387 11.543711 1.100000
v 0.557387 12.243711 1.100000
v 3.831738 11.543711 1.100000
v 0.557387 11.543711 3.783980
v 3.831738 12.243711 3.783980
v 0.557387 12.243711 3.783980
v 3.831738 11.543711 3.783980
v 8.361744 11.543711 1.100000
v 8.361743 12.243711 3.783980
v 8.361744 11.543711 3.783980
v 8.361743 12.243711 1.100000
v 5.087392 12.243712 1.100000
v 5.087393 11.543712 3.783980
v 5.087392 12.243712 3.783980
v 5.087393 11.543712 1.100000
v 8.361743 12.243711 1.100000
v 5.087393 11.543712 1.100000
v 5.087392 12.243712 1.100000
v 8.361744 11.543711 1.100000
v 8.565934 12.243712 3.954973
v 8.565934 11.543712 0.900000
v 8.565934 11.543712 3.954973
v 8.565934 12.243712 0.900000
v -1.906179 5.034279 2.949230
v -7.127224 5.734272 2.949230
v -1.906180 5.734280 2.949230
v -7.127223 5.034271 2.949230
v 5.087393 11.543712 3.783980
v 8.361743 12.243711 3.783980
v 5.087392 12.243712 3.783980
v 8.361744 11.543711 3.783980
v 10.086013 -0.010586 2.951361
v 9.386012 -0.010587 3.783980
v 10.086013 -0.010586 3.783980
v 9.386012 -0.010587 2.951361
v 9.386015 -2.765445 2.951361
v 10.086016 -2.765445 3.783980
v 9.386015 -2.765445 3.783980
v 10.086016 -2.765445 2.951361
v 9.386012 -0.010587 2.951361
v 10.086016 -2.765445 2.951361
v 9.386015 -2.765445 2.951361
v 10.086013 -0.010586 2.951361
v 10.086016 -2.969636 3.954974
v 9.386015 -2.969636 2.751360
v 9.386015 -2.969636 3.954974
v 10.086016 -2.969636 2.751360
v 10.086016 -2.765445 3.783980
v 9.386012 -0.010587 3.783980
v 9.386015 -2.765445 3.783980
v 10.086013 -0.010586 3.783980
v 10.086013 3.960835 2.951361
v 9.386012 3.960835 3.783980
v 10.086013 3.960835 3.783980
v 9.386012 3.960835 2.951361
v -0.395860 12.243711 3.954973
v -0.395860 11.543711 0.900000
v -0.395860 11.543711 3.954973
v -0.395860 12.243711 0.900000
v 9.386014 1.205976 2.951361
v 10.086015 1.205977 3.783980
v 9.386014 1.205976 3.783980
v 10.086015 1.205977 2.951361
v 9.386012 3.960835 2.951361
v 10.086015 1.205977 2.951361
v 9.386014 1.205976 2.951361
v 10.086013 3.960835 2.951361
v 9.386011 4.165026 3.954974
v 10.086012 4.165026 2.751360
v 10.086012 4.165026 3.954974
v 9.386011 4.165026 2.751360
v 10.086015 1.205977 3.783980
v 9.386012 3.960835 3.783980
v 9.386014 1.205976 3.783980
v 10.086013 3.960835 3.783980
v 10.086014 -7.909939 2.951361
v 9.386013 -7.909938 3.783980
v 10.086014 -7.909939 3.783980
v 9.386013 -7.909938 2.951361
v 9.386015 -10.664798 2.951361
v 10.086016 -10.664797 3.783980
v 9.386015 -10.664798 3.783980
v 10.086016 -10.664797 2.951361
v 9.386013 -7.909938 2.951361
v 10.086016 -10.664797 2.951361
v 9.386015 -10.664798 2.951361
v 10.086014 -7.909939 2.951361
v 9.386012 -7.705747 3.954974
v 10.086013 -7.705748 2.751360
v 10.086013 -7.705748 3.954974
v 9.386012 -7.705747 2.751360
v 10.086016 -10.664797 3.783980
v 9.386013 -7.909938 3.783980
v 9.386015 -10.664798 3.783980
v 10.086014 -7.909939 3.783980
v 10.086013 -3.938517 2.951361
v 9.386012 -3.938518 3.783980
v 10.086013 -3.938517 3.783980
v 9.386012 -3.938518 2.951361
v 9.386015 -6.693376 2.951361
v 10.086016 -6.693376 3.783980
v 9.386015 -6.693376 3.783980
v 10.086016 -6.693376 2.951361
v 9.386012 -3.938518 2.951361
v 10.086016 -6.693376 2.951361
v 9.386015 -6.693376 2.951361
v 10.086013 -3.938517 2.951361
v 10.086016 -6.897567 3.954974
v 9.386015 -6.897567 2.751360
v 9.386015 -6.897567 3.954974
v 10.086016 -6.897567 2.751360
v 10.086016 -6.693376 3.783980
v 9.386012 -3.938518 3.783980
v 9.386015 -6.693376 3.783980
v 10.086013 -3.938517 3.783980
v 4.883202 11.543711 3.954973
v 4.883201 12.243711 0.900000
v 4.883201 12.243711 3.954973
v 4.883202 11.543711 0.900000
v -9.387787 -0.010588 2.951361
v -10.087788 -0.010590 3.783980
v -9.387787 -0.010588 3.783980
v -10.087788 -0.010590 2.951361
v -10.087785 -2.765448 2.951361
v -9.387784 -2.765447 3.783980
v -10.087785 -2.765448 3.783980
v -9.387784 -2.765447 2.951361
v -10.087788 -0.010590 2.951361
v -9.387784 -2.765447 2.951361
v -10.087785 -2.765448 2.951361
v -9.387787 -0.010588 2.951361
v -0.499998 5.129658 2.850000
v -0.499998 5.629658 0.000000
v -0.499998 5.629658 2.850000
v -0.499998 5.129658 0.000000
v 10.086016 1.001785 3.954974
v 9.386015 1.001785 2.751360
v 9.386015 1.001785 3.954974
v 10.086016 1.001785 2.751360
v -10.109860 8.052158 2.949230
v -9.409863 10.745142 2.949230
v -9.409860 8.052158 2.949230
v -10.109863 10.745142 2.949230
v -9.387784 -2.765447 3.783980
v -10.087788 -0.010590 3.783980
v -10.087785 -2.765448 3.783980
v -9.387787 -0.010588 3.783980
v -9.387787 3.960833 2.951361
v -10.087788 3.960833 3.783980
v -9.387787 3.960833 3.783980
v -10.087788 3.960833 2.951361
v -10.087786 1.205974 2.951361
v -9.387785 1.205974 3.783980
v -10.087786 1.205974 3.783980
v -9.387785 1.205974 2.951361
v -10.087788 3.960833 2.951361
v -9.387785 1.205974 2.951361
v -10.087786 1.205974 2.951361
v -9.387787 3.960833 2.951361
v -9.387785 1.205974 3.783980
v -10.087788 3.960833 3.783980
v -10.087786 1.205974 3.783980
v -9.387787 3.960833 3.783980
v -9.387784 1.001783 3.954974
v -10.087785 1.001782 2.751360
v -10.087785 1.001782 3.954974
v -9.387784 1.001783 2.751360
v -10.087789 4.165024 3.954974
v -9.387788 4.165024 2.751360
v -9.387788 4.165024 3.954974
v -10.087789 4.165024 2.751360
v -9.387787 -7.909941 2.951361
v -10.087788 -7.909941 3.783980
v -9.387787 -7.909941 3.783980
v -10.087788 -7.909941 2.951361
v -10.087786 -10.664801 2.951361
v -9.387785 -10.664800 3.783980
v -10.087786 -10.664801 3.783980
v -9.387785 -10.664800 2.951361
v -10.087788 -7.909941 2.951361
v -9.387785 -10.664800 2.951361
v -10.087786 -10.664801 2.951361
v -9.387787 -7.909941 2.951361
v -9.387785 -10.664800 3.783980
v -10.087788 -7.909941 3.783980
v -10.087786 -10.664801 3.783980
v -9.387787 -7.909941 3.783980
v -9.387787 -3.938519 2.951361
v -10.087788 -3.938520 3.783980
v -9.387787 -3.938519 3.783980
v -10.087788 -3.938520 2.951361
v -10.087788 0.193602 3.954974
v -9.387784 -2.969639 3.954974
v -10.087785 -2.969639 3.954974
v -9.387787 0.193603 3.954974
v -10.087786 -6.693378 2.951361
v -9.387785 -6.693378 3.783980
v -10.087786 -6.693378 3.783980
v -9.387785 -6.693378 2.951361
v -10.087788 -3.938520 2.951361
v -9.387785 -6.693378 2.951361
v -10.087786 -6.693378 2.951361
v -9.387787 -3.938519 2.951361
v -9.387785 -6.693378 3.783980
v -10.087788 -3.938520 3.783980
v -10.087786 -6.693378 3.783980
v -9.387787 -3.938519 3.783980
v 10.128735 10.540955 -0.086852
v 9.428734 10.540955 2.778237
v 10.128735 10.540955 2.778237
v 9.428734 10.540955 -0.086852
v 9.428737 8.052161 -0.086852
v 10.128737 8.256352 -0.086852
v 9.428737 8.256352 -0.086852
v 10.128737 8.052161 -0.086852
v 9.428737 8.256352 -0.086852
v 10.128737 8.256352 2.778237
v 9.428737 8.256352 2.778237
v 10.128737 8.256352 -0.086852
v 10.128735 10.745145 -0.086852
v 9.428734 10.540955 -0.086852
v 10.128735 10.540955 -0.086852
v 9.428734 10.745145 -0.086852
v -9.999999 8.129662 2.850000
v -9.499999 8.129662 0.000000
v -9.499999 8.129662 2.850000
v -9.999999 8.129662 0.000000
v 10.128735 10.540955 2.778237
v 9.428737 8.256352 2.778237
v 10.128737 8.256352 2.778237
v 9.428734 10.540955 2.778237
v -9.409863 10.540952 -0.086852
v -10.109863 10.540952 2.778237
v -9.409863 10.540952 2.778237
v -10.109863 10.540952 -0.086852
v -10.109860 8.052158 -0.086852
v -9.409860 8.256350 -0.086852
v -10.109860 8.256350 -0.086852
v -9.409860 8.052158 -0.086852
v -10.109860 8.256350 -0.086852
v -9.409860 8.256350 2.778237
v -10.109860 8.256350 2.778237
v -9.409860 8.256350 -0.086852
v -9.409863 10.745142 -0.086852
v -10.109863 10.540952 -0.086852
v -9.409863 10.540952 -0.086852
v -10.109863 10.745142 -0.086852
v 10.128737 8.052161 2.949230
v 9.428737 8.052161 -0.086852
v 9.428737 8.052161 2.949230
v 10.128737 8.052161 -0.086852
v -9.409863 10.540952 2.778237
v -10.109860 8.256350 2.778237
v -9.409860 8.256350 2.778237
v -10.109863 10.540952 2.778237
v -6.923033 5.734272 -0.086852
v -6.923032 5.034272 2.778237
v -6.923033 5.734272 2.778237
v -6.923032 5.034272 -0.086852
v -1.906179 5.034279 -0.086852
v -2.110372 5.734279 -0.086852
v -2.110370 5.034278 -0.086852
v -1.906180 5.734280 -0.086852
v -2.110370 5.034278 -0.086852
v -2.110372 5.734279 2.778237
v -2.110370 5.034278 2.778237
v -2.110372 5.734279 -0.086852
v -7.127224 5.734272 -0.086852
v -6.923032 5.034272 -0.086852
v -6.923033 5.734272 -0.086852
v -7.127223 5.034271 -0.086852
v 9.500004 8.129656 2.850000
v 10.000004 8.129656 0.000000
v 10.000004 8.129656 2.850000
v 9.500004 8.129656 0.000000
v 0.500002 12.129656 1.000000
v 0.500002 11.629656 3.850000
v 0.500002 12.129656 3.850000
v 0.500002 11.629656 1.000000
v 7.145951 5.034278 2.949230
v 1.924906 5.734272 2.949230
v 7.145949 5.734279 2.949230
v 1.924907 5.034272 2.949230
v -2.110372 5.734279 2.778237
v -6.923032 5.034272 2.778237
v -2.110370 5.034278 2.778237
v -6.923033 5.734272 2.778237
v 2.129097 5.734273 -0.086852
v 2.129098 5.034272 2.778237
v 2.129097 5.734273 2.778237
v 2.129098 5.034272 -0.086852
v 7.145951 5.034278 -0.086852
v 6.941758 5.734278 -0.086852
v 6.941760 5.034277 -0.086852
v 7.145949 5.734279 -0.086852
v 6.941760 5.034277 -0.086852
v 6.941758 5.734278 2.778237
v 6.941760 5.034277 2.778237
v 6.941758 5.734278 -0.086852
v 1.924906 5.734272 -0.086852
v 2.129098 5.034272 -0.086852
v 2.129097 5.734273 -0.086852
v 1.924907 5.034272 -0.086852
v 0.353196 11.543711 3.954973
v 0.353196 12.243711 0.900000
v 0.353196 12.243711 3.954973
v 0.353196 11.543711 0.900000
v 6.941758 5.734278 2.778237
v 2.129098 5.034272 2.778237
v 6.941760 5.034277 2.778237
v 2.129097 5.734273 2.778237
v 7.000003 5.629655 0.000000
v 9.500004 8.129656 0.000000
v 9.500004 5.629655 0.000000
v 9.500004 10.629656 0.000000
v 10.000004 10.629656 0.000000
v 10.000004 8.129656 0.000000
v 2.000003 5.629655 0.000000
v 7.000003 5.129655 0.000000
v -1.999998 11.629662 0.000000
v 9.500004 11.629656 0.000000
v 0.500002 5.629655 0.000000
v -0.499998 5.629658 0.000000
v -6.999998 11.629662 0.000000
v -1.999998 5.629661 0.000000
v 2.000003 5.129655 0.000000
v -6.999998 5.629661 0.000000
v -1.999998 5.129661 0.000000
v 9.500004 0.129655 0.000000
v 9.500004 4.129655 0.000000
v 9.500004 5.129655 0.000000
v 9.500004 -3.870345 0.000000
v 0.500002 5.129655 0.000000
v -0.499998 5.129658 0.000000
v -9.500003 -6.870339 0.000000
v 9.499995 -6.870350 0.000000
v 9.499995 -10.870350 0.000000
v -9.500003 -11.870338 0.000000
v 9.499995 -11.870350 0.000000
v -6.999998 5.129661 0.000000
v -9.499999 5.129661 0.000000
v -9.499999 8.129662 0.000000
v -9.499999 5.629661 0.000000
v -9.499999 10.629662 0.000000
v -9.499999 11.629662 0.000000
v -9.999999 10.629662 0.000000
v -9.999999 8.129662 0.000000
v -6.999998 5.629661 0.000000
v -6.999998 5.629661 2.850000
v -9.499999 5.629661 0.000000
v -9.499999 5.629661 4.350000
v -1.999998 5.629661 2.850000
v 2.000003 5.629655 2.850000
v 9.500004 5.629655 4.350000
v -0.499998 5.629658 0.000000
v -1.999998 5.629661 0.000000
v 0.500002 5.629655 0.000000
v 2.000003 5.629655 0.000000
v 7.000003 5.629655 2.850000
v 9.500004 5.629655 0.000000
v 7.000003 5.629655 0.000000
v 7.000003 5.129655 0.000000
v 7.000003 5.129655 2.850000
v 9.500004 5.129655 0.000000
v 9.500004 5.129655 4.350000
v 2.000003 5.129655 2.850000
v -1.999998 5.129661 2.850000
v -9.499999 5.129661 4.350000
v 0.500002 5.129655 0.000000
v 2.000003 5.129655 0.000000
v -0.499998 5.129658 0.000000
v -1.999998 5.129661 0.000000
v -6.999998 5.129661 2.850000
v -9.499999 5.129661 0.000000
v -6.999998 5.129661 0.000000
v -4.999998 11.629662 1.000000
v -6.999998 12.129662 1.000000
v -4.999998 12.129662 1.000000
v -8.499999 11.629662 1.000000
v -8.499999 12.129662 1.000000
v -1.999998 12.129662 1.000000
v -4.999998 12.129662 1.000000
v -6.999998 12.129662 1.000000
v -3.999998 12.129662 1.000000
v -3.999998 12.129662 3.850000
v -4.999998 12.129662 1.000000
v -3.999998 12.129662 1.000000
v -4.999998 12.129662 3.850000
v -3.999998 12.129662 5.850000
v -0.499998 12.129658 3.850000
v -8.499999 12.129662 3.850000
v -9.999999 12.129662 5.850000
v -9.999999 12.129662 2.850000
v -8.499999 12.129662 2.850000
v -8.499999 12.129662 1.000000
v -9.999999 12.129662 0.000000
v -6.999998 12.129662 1.000000
v -9.999996 12.129665 -6.000000
v -1.999998 12.129662 1.000000
v 0.530755 12.129656 5.850000
v -0.499998 12.129658 1.000000
v 0.500002 12.129656 3.850000
v 0.500002 12.129656 1.000000
v 4.000003 12.129656 3.850000
v 10.000000 12.129662 -6.000000
v 8.479856 12.129656 6.751009
v 4.000003 12.129656 1.000000
v 5.000003 12.129656 3.850000
v 5.000003 12.129656 1.000000
v 8.500004 12.129656 1.000000
v 10.000004 12.129656 0.000000
v 8.500004 12.129656 3.850000
v 9.473494 12.129656 6.863635
v 10.000004 12.129656 6.863634
v -8.499999 12.129662 1.000000
v -8.499999 11.629662 1.000000
v -8.499999 12.129662 2.850000
v -8.499999 11.629662 3.850000
v -8.499999 12.129662 3.850000
v 3.822462 12.228685 5.477458
v 3.562462 12.228685 5.543458
v 3.656462 12.228685 5.389458
v 3.776463 12.228685 5.647458
v 4.036462 12.228685 5.423458
v 4.040462 12.228684 5.201458
v 4.040462 12.228685 5.423458
v 4.218462 12.228685 5.629457
v 4.040462 12.228685 5.629457
v 4.218461 12.228684 4.731457
v 4.040461 12.228684 4.731457
v 4.035929 11.543711 0.900000
v 4.035929 12.243711 3.783980
v 4.035929 12.243711 0.900000
v 4.035929 11.543711 3.954973
v 4.035929 12.243711 3.954973
v -9.387784 -2.969639 2.751360
v -9.387784 -2.765447 2.751360
v -10.087785 -2.969639 2.751360
v -10.087788 -0.010590 2.751360
v -9.387787 0.193603 2.751360
v -10.087788 0.193602 2.751360
v 0.530746 -12.370350 5.849999
v -10.000003 -12.370338 2.850000
v -10.000003 -12.370338 5.850000
v -10.000001 -12.370340 -6.000000
v 10.000000 -12.370342 -6.000000
v 9.473484 -12.370350 6.863634
v 9.999995 -12.370350 6.863634
v -4.999998 11.629662 1.000000
v -4.999998 12.129662 1.000000
v -4.999998 11.629662 2.850000
v -4.999998 12.129662 3.850000
v -4.999998 11.629662 3.850000
v -9.387788 4.165024 3.954974
v -9.387787 3.960833 3.954974
v -10.087789 4.165024 3.954974
v -10.087786 1.205974 3.954974
v -9.387784 1.001783 3.954974
v -10.087785 1.001782 3.954974
v 9.500004 8.129656 0.000000
v 9.500004 8.129656 2.850000
v 9.500004 5.629655 0.000000
v 9.500004 5.629655 4.350000
v 9.500004 11.629656 4.350000
v 9.500004 10.629656 2.850000
v 9.500004 11.629656 3.850000
v 9.500004 11.629656 0.000000
v 9.500004 10.629656 0.000000
v -0.499998 11.629658 1.000000
v -1.999998 11.629662 1.000000
v -0.499998 12.129658 1.000000
v -1.999998 12.129662 1.000000
v -3.999998 11.629662 1.000000
v -3.999998 12.129662 1.000000
v 10.128735 10.540955 -0.086852
v 10.128735 10.540955 2.778237
v 10.128735 10.745145 -0.086852
v 10.128735 10.745145 2.949230
v 10.128737 8.256352 2.778237
v 10.128737 8.052161 2.949230
v 10.128737 8.052161 -0.086852
v 10.128737 8.256352 -0.086852
v 9.499995 -11.870350 4.350000
v -9.500003 -11.870338 4.350000
v 9.499995 -11.870350 3.850000
v -9.500003 -11.870338 2.850000
v 9.499995 -11.870350 0.000000
v -9.500003 -11.870338 0.000000
v 0.500002 11.629656 4.350000
v 9.500004 5.629655 4.350000
v 9.500004 11.629656 4.350000
v -9.499999 5.629661 4.350000
v -4.999998 11.629662 4.350000
v -9.499999 11.629662 4.350000
v -9.500003 -11.870338 4.350000
v 9.499995 -11.870350 4.350000
v -9.500003 -10.870338 4.350000
v 9.500004 0.129655 4.350000
v -9.499999 0.129661 4.350000
v 9.500004 1.129655 4.350000
v -9.499999 5.129661 4.350000
v 9.500004 5.129655 4.350000
v -10.087785 -10.868992 2.751360
v -9.387784 -10.868991 2.751360
v -10.087786 -10.664801 2.751360
v -9.387787 -7.909941 2.751360
v -10.087789 -7.705750 2.751360
v -9.387788 -7.705750 2.751360
v 9.386015 -2.765445 2.751360
v 10.086013 0.193606 2.751360
v 9.386012 0.193604 2.751360
v 10.086016 -2.969636 2.751360
v 9.386015 -2.969636 2.751360
v -9.387785 -6.897569 2.751360
v -9.387785 -6.693378 2.751360
v -10.087786 -6.897570 2.751360
v -10.087788 -3.938520 2.751360
v -9.387787 -3.734328 2.751360
v -10.087788 -3.734329 2.751360
v -10.087788 -3.734329 3.954974
v -9.387787 -3.734328 3.954974
v -10.087788 -3.938520 3.954974
v -9.387785 -6.897569 3.954974
v -10.087786 -6.897570 3.954974
v 5.652462 12.228685 5.483455
v 5.404463 12.228685 5.585455
v 5.404462 12.228685 5.395455
v 5.664463 12.228685 5.647455
v 5.926462 12.228685 5.179455
v 6.108462 12.228685 5.163455
v 5.652461 12.228684 4.713455
v 5.622461 12.228684 4.881455
v 5.384461 12.228684 4.765455
v 5.384462 12.228684 4.941455
v 8.248463 12.228685 5.799451
v 8.738463 12.228685 5.933450
v 8.248464 12.228685 5.997451
v 8.734464 12.228685 6.113451
v 9.264462 12.228685 5.411449
v 9.466462 12.228685 5.405449
v 8.740461 12.228685 4.713450
v 8.712461 12.228685 4.893450
v 8.416462 12.228685 4.947451
v 8.220462 12.228685 4.825451
v 8.416462 12.228685 5.227451
v 8.220463 12.228685 5.403451
v 8.678463 12.228685 5.403450
v 8.678462 12.228685 5.227450
v -9.499999 10.629662 0.000000
v -9.499999 10.629662 2.850000
v -9.499999 11.629662 0.000000
v -9.499999 11.629662 4.350000
v -9.499999 8.129662 2.850000
v -9.499999 5.629661 4.350000
v -9.499999 5.629661 0.000000
v -9.499999 8.129662 0.000000
v -9.409863 10.540952 -0.086852
v -9.409863 10.540952 2.778237
v -9.409863 10.745142 -0.086852
v -9.409863 10.745142 2.949230
v -9.409860 8.256350 2.778237
v -9.409860 8.052158 2.949230
v -9.409860 8.052158 -0.086852
v -9.409860 8.256350 -0.086852
v -0.395860 12.243711 0.900000
v -3.874402 11.543711 0.900000
v -0.395860 11.543711 0.900000
v -3.874402 12.243711 0.900000
v -4.078593 12.243711 0.900000
v -4.078593 11.543710 0.900000
v 9.500004 11.629656 4.850000
v 0.530755 11.629656 5.850000
v 9.473494 11.629656 6.863635
v -9.499999 11.629662 4.850000
v -9.499999 11.629662 5.850000
v -8.588236 11.543710 0.900000
v -5.109693 12.243711 0.900000
v -8.588236 12.243711 0.900000
v -5.109693 11.543710 0.900000
v -4.905502 11.543711 0.900000
v -4.905502 12.243711 0.900000
v -10.087785 1.001782 2.751360
v -9.387784 1.001783 2.751360
v -10.087786 1.205974 2.751360
v -9.387787 3.960833 2.751360
v -10.087789 4.165024 2.751360
v -9.387788 4.165024 2.751360
v -5.109693 12.243711 3.954973
v -8.588236 11.543710 3.954973
v -8.588236 12.243711 3.954973
v -5.109693 11.543710 3.954973
v -4.905502 11.543711 3.954973
v -4.905502 12.243711 3.954973
v 0.353196 11.543711 0.900000
v 0.557387 11.543711 0.900000
v 0.353196 12.243711 0.900000
v 4.035929 12.243711 0.900000
v 4.035929 11.543711 0.900000
v -9.387784 -2.969639 3.783980
v -10.087785 -2.969639 3.954974
v -9.387784 -2.969639 3.954974
v -10.087785 -2.969639 2.751360
v -9.387784 -2.969639 2.751360
v 4.883202 11.543711 0.900000
v 8.361743 12.243711 0.900000
v 4.883201 12.243711 0.900000
v 8.361744 11.543711 0.900000
v 8.565934 11.543712 0.900000
v 8.565934 12.243712 0.900000
v 10.086017 -10.868988 2.751360
v 9.386013 -7.909938 2.751360
v 9.386016 -10.868989 2.751360
v 10.086014 -7.909939 2.751360
v 10.086013 -7.705748 2.751360
v 9.386012 -7.705747 2.751360
v -3.999998 11.629662 1.000000
v -3.999998 11.629662 2.850000
v -3.999998 12.129662 1.000000
v -3.999998 12.129662 3.850000
v -3.999998 11.629662 3.850000
v 10.086016 -6.897567 2.751360
v 10.086016 -6.693376 2.751360
v 9.386015 -6.897567 2.751360
v 9.386012 -3.734327 2.751360
v 10.086013 -3.734325 2.751360
v 9.386012 -3.734327 3.954974
v 10.086013 -3.734325 3.954974
v 9.386012 -3.938518 3.954974
v 10.086016 -6.693376 3.954974
v 9.386015 -6.693376 3.954974
v 10.086016 -6.897567 3.954974
v 9.386015 -6.897567 3.954974
v 10.086016 1.001785 2.751360
v 10.086015 1.205977 2.751360
v 9.386015 1.001785 2.751360
v 9.386012 3.960835 2.751360
v 10.086012 4.165026 2.751360
v 9.386011 4.165026 2.751360
v 10.086013 0.193606 3.954974
v 10.086013 -0.010586 3.954974
v 9.386012 0.193604 3.954974
v 9.386015 -2.765445 3.954974
v 10.086016 -2.765445 3.954974
v 10.086016 -2.969636 3.954974
v 9.386015 -2.969636 3.954974
v -9.387787 0.193603 2.751360
v -10.087788 0.193602 3.783980
v -10.087788 0.193602 2.751360
v -9.387787 0.193603 3.954974
v -10.087788 0.193602 3.954974
v 9.386013 -7.909938 3.954974
v 10.086017 -10.868988 3.954974
v 9.386016 -10.868989 3.954974
v 10.086014 -7.909939 3.954974
v 10.086013 -7.705748 3.954974
v 9.386012 -7.705747 3.954974
v 4.438461 12.228684 4.819457
v 4.752461 12.228684 4.883456
v 4.438462 12.228684 4.991457
v 4.796461 12.228684 4.713456
v 5.054461 12.228684 5.153456
v 5.232462 12.228685 5.191456
v 4.598462 12.228685 5.271457
v 4.422462 12.228684 5.153457
v 5.050462 12.228685 5.271456
v 4.808462 12.228685 5.493456
v 4.812463 12.228685 5.647456
v -9.387788 -7.705750 3.954974
v -9.387787 -7.909941 3.954974
v -10.087789 -7.705750 3.954974
v -10.087786 -10.664801 3.954974
v -9.387784 -10.868991 3.954974
v -10.087785 -10.868992 3.954974
v 4.035929 11.543711 3.954973
v 3.831738 11.543711 3.954973
v 4.035929 12.243711 3.954973
v 0.557387 12.243711 3.954973
v 0.353196 11.543711 3.954973
v 0.353196 12.243711 3.954973
v 10.086012 4.165026 3.954974
v 9.386012 3.960835 3.954974
v 9.386011 4.165026 3.954974
v 10.086015 1.205977 3.954974
v 9.386015 1.001785 3.954974
v 10.086016 1.001785 3.954974
v 7.770463 12.228685 5.423452
v 7.948463 12.228685 5.629452
v 7.770463 12.228685 5.629452
v 7.770462 12.228685 5.201452
v 7.948462 12.228684 4.731452
v 7.770462 12.228684 4.731452
v 7.766462 12.228685 5.423452
v 7.552463 12.228685 5.477452
v 7.506463 12.228685 5.647452
v 7.292462 12.228685 5.543453
v 7.386462 12.228685 5.389452
v -9.387785 -6.897569 2.751360
v -10.087786 -6.897570 2.751360
v -9.387785 -6.897569 3.783980
v -10.087786 -6.897570 3.954974
v -9.387785 -6.897569 3.954974
v 9.428737 8.256352 -0.086852
v 9.428737 8.256352 2.778237
v 9.428737 8.052161 -0.086852
v 9.428737 8.052161 2.949230
v 9.428734 10.745145 2.949230
v 9.428734 10.540955 2.778237
v 9.428734 10.745145 -0.086852
v 9.428734 10.540955 -0.086852
v -10.109860 8.256350 -0.086852
v -10.109860 8.256350 2.778237
v -10.109860 8.052158 -0.086852
v -10.109860 8.052158 2.949230
v -10.109863 10.745142 2.949230
v -10.109863 10.540952 2.778237
v -10.109863 10.745142 -0.086852
v -10.109863 10.540952 -0.086852
v 8.361743 12.243711 3.954973
v 4.883202 11.543711 3.954973
v 4.883201 12.243711 3.954973
v 8.361744 11.543711 3.954973
v 8.565934 11.543712 3.954973
v 8.565934 12.243712 3.954973
v -2.110370 5.034278 -0.086852
v -2.110370 5.034278 2.778237
v -1.906179 5.034279 -0.086852
v -1.906179 5.034279 2.949230
v -6.923032 5.034272 2.778237
v -7.127223 5.034271 2.949230
v -7.127223 5.034271 -0.086852
v -6.923032 5.034272 -0.086852
v -6.923033 5.734272 -0.086852
v -6.923033 5.734272 2.778237
v -7.127224 5.734272 -0.086852
v -7.127224 5.734272 2.949230
v -1.906180 5.734280 2.949230
v -2.110372 5.734279 2.778237
v -1.906180 5.734280 -0.086852
v -2.110372 5.734279 -0.086852
v 6.941760 5.034277 -0.086852
v 6.941760 5.034277 2.778237
v 7.145951 5.034278 -0.086852
v 7.145951 5.034278 2.949230
v 1.924907 5.034272 2.949230
v 2.129098 5.034272 2.778237
v 1.924907 5.034272 -0.086852
v 2.129098 5.034272 -0.086852
v 2.129097 5.734273 -0.086852
v 2.129097 5.734273 2.778237
v 1.924906 5.734272 -0.086852
v 1.924906 5.734272 2.949230
v 6.941758 5.734278 2.778237
v 7.145949 5.734279 2.949230
v 7.145949 5.734279 -0.086852
v 6.941758 5.734278 -0.086852
v -9.499999 11.629662 5.850000
v -9.999999 12.129662 5.850000
v -3.999998 12.129662 5.850000
v -10.000003 -11.870338 5.850000
v 0.530755 11.629656 5.850000
v 0.530755 12.129656 5.850000
v 8.479856 12.129656 6.751009
v -9.500003 -11.870338 5.850000
v -10.000003 -12.370338 5.850000
v 9.473494 11.629656 6.863635
v 0.530746 -12.370350 5.849999
v 0.530746 -11.870350 5.849999
v 9.473494 12.129656 6.863635
v 10.000004 12.129656 6.863634
v 9.999995 -6.870350 6.863634
v 9.473484 -11.870350 6.863634
v 9.473484 -12.370350 6.863634
v 9.999995 -7.870350 6.863634
v 9.999995 -12.370350 6.863634
v -10.087786 -6.693378 2.951361
v -10.087786 -6.897570 2.751360
v -10.087788 -3.938520 2.751360
v -10.087786 -6.897570 3.954974
v -10.087786 -6.693378 3.783980
v -10.087788 -3.938520 3.954974
v -10.087788 -3.938520 3.783980
v -10.087788 -3.734329 3.954974
v -10.087788 -3.938520 2.951361
v -10.087788 -3.734329 2.751360
v -9.387784 -10.868991 2.751360
v -9.387785 -10.664800 2.951361
v -9.387787 -7.909941 2.751360
v -9.387784 -10.868991 3.954974
v -9.387785 -10.664800 3.783980
v -9.387787 -7.909941 3.954974
v -9.387787 -7.909941 3.783980
v -9.387788 -7.705750 3.954974
v -9.387787 -7.909941 2.951361
v -9.387788 -7.705750 2.751360
v 9.499995 -10.870350 2.850000
v 9.499995 -11.870350 0.000000
v 9.499995 -10.870350 0.000000
v 9.499995 -11.870350 3.850000
v 9.499995 -10.870350 3.850000
v 9.499995 -7.870350 2.850000
v 9.499995 -11.870350 4.350000
v 9.499995 -6.870350 0.000000
v 9.499995 -7.870350 3.850000
v 9.499995 -6.870350 2.850000
v 9.499995 -6.870350 3.850000
v 9.500004 -3.870345 2.850000
v 9.500004 0.129655 4.350000
v 9.500004 -3.870345 0.000000
v 9.500004 -3.870345 3.850000
v 9.500004 -2.870345 2.850000
v 9.500004 0.129655 0.000000
v 9.500004 -2.870345 3.850000
v 9.500004 0.129655 2.850000
v 9.500004 0.129655 3.850000
v 9.500004 1.129655 2.850000
v 9.500004 4.129655 0.000000
v 9.500004 1.129655 3.850000
v 9.500004 1.129655 4.350000
v 9.500004 4.129655 3.850000
v 9.500004 5.129655 4.350000
v 9.500004 4.129655 2.850000
v 9.500004 5.129655 0.000000
v -9.387784 1.001783 2.751360
v -9.387785 1.205974 2.951361
v -9.387787 3.960833 2.751360
v -9.387784 1.001783 3.954974
v -9.387785 1.205974 3.783980
v -9.387787 3.960833 3.954974
v -9.387787 3.960833 3.783980
v -9.387788 4.165024 3.954974
v -9.387787 3.960833 2.951361
v -9.387788 4.165024 2.751360
v -10.087785 -2.765448 2.951361
v -10.087785 -2.969639 2.751360
v -10.087788 -0.010590 2.751360
v -10.087785 -2.969639 3.954974
v -10.087785 -2.765448 3.783980
v -10.087788 -0.010590 2.951361
v -10.087788 0.193602 2.751360
v -10.087788 0.193602 3.783980
v -10.087788 -0.010590 3.783980
v -10.087788 0.193602 3.954974
v 10.086013 -3.938517 2.951361
v 10.086013 -3.734325 2.751360
v 10.086016 -6.693376 2.751360
v 10.086013 -3.734325 3.954974
v 10.086013 -3.938517 3.783980
v 10.086016 -6.693376 3.954974
v 10.086016 -6.693376 3.783980
v 10.086016 -6.897567 3.954974
v 10.086016 -6.693376 2.951361
v 10.086016 -6.897567 2.751360
v 7.040462 12.228685 5.189453
v 7.222462 12.228685 5.189453
v 6.750463 12.228685 5.487453
v 6.750462 12.228684 4.873453
v 6.748463 12.228685 5.647453
v 6.748462 12.228684 4.713453
v 6.444462 12.228685 5.187454
v 6.262462 12.228685 5.189454
v 10.086017 -10.868988 2.751360
v 10.086016 -10.664797 2.951361
v 10.086014 -7.909939 2.751360
v 10.086017 -10.868988 3.954974
v 10.086016 -10.664797 3.783980
v 10.086014 -7.909939 3.954974
v 10.086014 -7.909939 3.783980
v 10.086013 -7.705748 3.954974
v 10.086014 -7.909939 2.951361
v 10.086013 -7.705748 2.751360
v 9.386015 -10.664798 2.951361
v 9.386016 -10.868989 2.751360
v 9.386013 -7.909938 2.751360
v 9.386016 -10.868989 3.954974
v 9.386015 -10.664798 3.783980
v 9.386013 -7.909938 3.954974
v 9.386013 -7.909938 3.783980
v 9.386012 -7.705747 3.954974
v 9.386013 -7.909938 2.951361
v 9.386012 -7.705747 2.751360
v 9.386014 1.205976 2.951361
v 9.386015 1.001785 2.751360
v 9.386012 3.960835 2.751360
v 9.386015 1.001785 3.954974
v 9.386014 1.205976 3.783980
v 9.386012 3.960835 3.954974
v 9.386012 3.960835 3.783980
v 9.386011 4.165026 3.954974
v 9.386012 3.960835 2.951361
v 9.386011 4.165026 2.751360
v 10.086013 3.960835 2.951361
v 10.086012 4.165026 2.751360
v 10.086015 1.205977 2.751360
v 10.086012 4.165026 3.954974
v 10.086013 3.960835 3.783980
v 10.086015 1.205977 3.954974
v 10.086015 1.205977 3.783980
v 10.086016 1.001785 3.954974
v 10.086015 1.205977 2.951361
v 10.086016 1.001785 2.751360
v 4.883202 11.543711 0.900000
v 5.087393 11.543712 1.100000
v 8.361744 11.543711 0.900000
v 4.883202 11.543711 3.954973
v 5.087393 11.543712 3.783980
v 8.361744 11.543711 3.954973
v 8.361744 11.543711 3.783980
v 8.565934 11.543712 3.954973
v 8.361744 11.543711 1.100000
v 8.565934 11.543712 0.900000
v 5.087392 12.243712 1.100000
v 4.883201 12.243711 0.900000
v 8.361743 12.243711 0.900000
v 4.883201 12.243711 3.954973
v 5.087392 12.243712 3.783980
v 8.361743 12.243711 3.954973
v 8.361743 12.243711 3.783980
v 8.565934 12.243712 3.954973
v 8.361743 12.243711 1.100000
v 8.565934 12.243712 0.900000
v -0.395860 12.243711 0.900000
v -0.600051 12.243711 1.100000
v -3.874402 12.243711 0.900000
v -0.395860 12.243711 3.954973
v -0.600051 12.243711 3.783980
v -3.874402 12.243711 3.954973
v -3.874402 12.243711 3.783980
v -4.078593 12.243711 3.954973
v -3.874402 12.243711 1.100000
v -4.078593 12.243711 0.900000
v 10.086016 -2.765445 3.954974
v 10.086016 -2.765445 3.783980
v 10.086016 -2.969636 3.954974
v 10.086013 -0.010586 3.954974
v 10.086016 -2.765445 2.951361
v 10.086013 -0.010586 3.783980
v 10.086016 -2.969636 2.751360
v 10.086013 0.193606 3.954974
v 10.086013 -0.010586 2.951361
v 10.086013 0.193606 2.751360
v 10.000004 8.129656 0.000000
v 10.000004 4.129655 2.850000
v 10.000004 4.129655 3.850000
v 10.000004 1.129655 2.850000
v 10.000000 -3.870339 -6.000000
v 10.000004 8.129656 2.850000
v 10.000004 12.129656 6.863634
v 10.000004 10.629656 2.850000
v 10.000004 1.129655 3.850000
v 10.000004 12.129656 0.000000
v 10.000004 10.629656 0.000000
v 10.000000 12.129662 -6.000000
v 9.999995 -6.870350 6.863634
v 10.000004 0.129655 3.850000
v 10.000004 0.129655 2.850000
v 10.000004 -2.870345 3.850000
v 10.000004 -2.870345 2.850000
v 10.000004 -3.870345 3.850000
v 10.000004 -3.870345 2.850000
v 9.999995 -6.870350 3.850000
v 9.999995 -6.870350 2.850000
v 9.999995 -7.870350 3.850000
v 9.999995 -7.870350 6.863634
v 9.999995 -10.870350 3.850000
v 9.999995 -12.370350 6.863634
v 9.999995 -10.870350 2.850000
v 10.000000 -12.370342 -6.000000
v 9.999995 -7.870350 2.850000
v -9.499999 11.629662 0.000000
v -8.499999 11.629662 1.000000
v -6.999998 11.629662 0.000000
v -9.499999 11.629662 4.350000
v -8.499999 11.629662 3.850000
v -4.999998 11.629662 4.350000
v -4.999998 11.629662 1.000000
v -4.999998 11.629662 3.850000
v -3.999998 11.629662 1.000000
v -4.999998 11.629662 2.850000
v -1.999998 11.629662 0.000000
v -3.999998 11.629662 2.850000
v -3.999998 11.629662 3.850000
v -1.999998 11.629662 1.000000
v -0.499998 11.629658 3.850000
v -0.499998 11.629658 1.000000
v 0.500002 11.629656 4.350000
v 0.500002 11.629656 1.000000
v 0.500002 11.629656 3.850000
v 4.000003 11.629656 1.000000
v 4.000003 11.629656 3.850000
v 9.500004 11.629656 0.000000
v 5.000003 11.629656 3.850000
v 9.500004 11.629656 4.350000
v 5.000003 11.629656 1.000000
v 8.500004 11.629656 3.850000
v 8.500004 11.629656 1.000000
v 9.500004 11.629656 3.850000
v -10.000003 -12.370338 2.850000
v -10.000001 -12.370340 -6.000000
v -10.000003 -10.870338 2.850000
v -10.000001 -6.870340 -6.000000
v -10.000003 -7.870339 2.850000
v -10.000003 -10.870338 3.850000
v -10.000003 -12.370338 5.850000
v -10.000003 -11.870338 5.850000
v -10.000003 -7.870339 3.850000
v -10.000003 -6.870339 2.850000
v -10.000003 -6.870339 3.850000
v -9.999999 -3.870339 3.850000
v -9.999999 -3.870339 2.850000
v -9.999999 -2.870339 3.850000
v -9.999999 -2.870339 2.850000
v -9.999999 0.129661 3.850000
v -9.999999 12.129662 5.850000
v -9.999999 0.129661 2.850000
v -9.999999 1.129661 3.850000
v -9.999999 1.129661 2.850000
v -9.999999 4.129661 3.850000
v -9.999999 8.129662 0.000000
v -9.999999 4.129661 2.850000
v -9.999996 12.129665 -6.000000
v -9.999999 8.129662 2.850000
v -9.999999 10.629662 2.850000
v -9.999999 12.129662 2.850000
v -9.999999 10.629662 0.000000
v -9.999999 12.129662 0.000000
v -10.087786 1.205974 2.751360
v -10.087786 1.205974 2.951361
v -10.087785 1.001782 2.751360
v -10.087785 1.001782 3.954974
v -10.087786 1.205974 3.783980
v -10.087786 1.205974 3.954974
v -10.087788 3.960833 3.783980
v -10.087789 4.165024 3.954974
v -10.087788 3.960833 2.951361
v -10.087789 4.165024 2.751360
v -0.600051 11.543711 1.100000
v -0.395860 11.543711 0.900000
v -3.874402 11.543711 0.900000
v -0.395860 11.543711 3.954973
v -0.600051 11.543711 3.783980
v -3.874402 11.543711 3.954973
v -3.874402 11.543711 3.783980
v -4.078593 11.543710 3.954973
v -3.874402 11.543711 1.100000
v -4.078593 11.543710 0.900000
v 4.035929 11.543711 0.900000
v 3.831738 11.543711 1.100000
v 4.035929 11.543711 3.954973
v 0.557387 11.543711 0.900000
v 3.831738 11.543711 3.783980
v 3.831738 11.543711 3.954973
v 0.557387 11.543711 3.783980
v 0.353196 11.543711 3.954973
v 0.557387 11.543711 1.100000
v 0.353196 11.543711 0.900000
v -10.087788 -7.909941 2.951361
v -10.087789 -7.705750 2.751360
v -10.087789 -7.705750 3.954974
v -10.087786 -10.664801 2.751360
v -10.087788 -7.909941 3.783980
v -10.087786 -10.664801 3.954974
v -10.087786 -10.664801 3.783980
v -10.087785 -10.868992 3.954974
v -10.087786 -10.664801 2.951361
v -10.087785 -10.868992 2.751360
v 9.386012 -3.734327 2.751360
v 9.386015 -6.693376 2.951361
v 9.386015 -6.897567 2.751360
v 9.386015 -6.897567 3.954974
v 9.386012 -3.938518 2.951361
v 9.386015 -6.693376 3.783980
v 9.386012 -3.734327 3.954974
v 9.386015 -6.693376 3.954974
v 9.386012 -3.938518 3.783980
v 9.386012 -3.938518 3.954974
v 4.035929 12.243711 0.900000
v 0.557387 12.243711 1.100000
v 0.353196 12.243711 0.900000
v 0.353196 12.243711 3.954973
v 3.831738 12.243711 1.100000
v 0.557387 12.243711 3.783980
v 4.035929 12.243711 3.783980
v 0.557387 12.243711 3.954973
v 3.831738 12.243711 3.783980
v 4.035929 12.243711 3.954973
v -4.905502 11.543711 3.954973
v -4.905502 11.543711 0.900000
v -5.109693 11.543710 1.100000
v -5.109693 11.543710 0.900000
v -5.109693 11.543710 3.783980
v -5.109693 11.543710 3.954973
v -8.384044 11.543710 3.783980
v -8.588236 11.543710 3.954973
v -8.384044 11.543710 1.100000
v -8.588236 11.543710 0.900000
v -9.499999 5.129661 4.350000
v -9.499999 4.129661 2.850000
v -9.499999 4.129661 3.850000
v -9.499999 1.129661 3.850000
v -9.499999 5.129661 0.000000
v -9.499999 0.129661 4.350000
v -9.499999 1.129661 2.850000
v -9.499999 0.129661 3.850000
v -9.499999 0.129661 2.850000
v -9.500003 -6.870339 0.000000
v -9.499999 -2.870339 2.850000
v -9.499999 -2.870339 3.850000
v -9.499999 -3.870339 2.850000
v -9.499999 -3.870339 3.850000
v -9.500003 -6.870339 3.850000
v -9.500003 -6.870339 2.850000
v -9.500003 -10.870338 4.350000
v -9.500003 -7.870339 2.850000
v -9.500003 -11.870338 0.000000
v -9.500003 -7.870339 3.850000
v -9.500003 -10.870338 2.850000
v -9.500003 -11.870338 2.850000
v -9.500003 -10.870338 3.850000
v -9.500003 -11.870338 4.350000
v -9.387787 -3.938519 2.951361
v -9.387787 -3.734328 3.954974
v -9.387787 -3.734328 2.751360
v -9.387785 -6.693378 2.751360
v -9.387787 -3.938519 3.783980
v -9.387785 -6.897569 3.954974
v -9.387785 -6.693378 3.783980
v -9.387785 -6.897569 3.783980
v -9.387785 -6.693378 2.951361
v -9.387785 -6.897569 2.751360
v -9.387787 -0.010588 2.951361
v -9.387787 0.193603 3.954974
v -9.387787 0.193603 2.751360
v -9.387784 -2.765447 2.751360
v -9.387787 -0.010588 3.783980
v -9.387784 -2.969639 3.954974
v -9.387784 -2.765447 3.783980
v -9.387784 -2.969639 3.783980
v -9.387784 -2.765447 2.951361
v -9.387784 -2.969639 2.751360
v 9.386012 -0.010587 2.951361
v 9.386012 0.193604 2.751360
v 9.386012 0.193604 3.954974
v 9.386015 -2.765445 2.751360
v 9.386012 -0.010587 3.783980
v 9.386015 -2.765445 3.954974
v 9.386015 -2.765445 3.783980
v 9.386015 -2.969636 3.954974
v 9.386015 -2.765445 2.951361
v 9.386015 -2.969636 2.751360
v -4.905502 12.243711 3.954973
v -5.109693 12.243711 1.100000
v -4.905502 12.243711 0.900000
v -5.109693 12.243711 0.900000
v -5.109693 12.243711 3.783980
v -5.109693 12.243711 3.954973
v -8.384045 12.243711 3.783980
v -8.588236 12.243711 3.954973
v -8.384045 12.243711 1.100000
v -8.588236 12.243711 0.900000
vt 0.681023121 0.735355854
vt 0.686129272 0.757242262
vt 0.686129272 0.735355854
vt 0.681023121 0.757242262
vt 0.67591697 0.772993207
vt 0.670810819 0.764316559
vt 0.670810819 0.772993147
vt 0.67591697 0.764316559
vt 0.556955099 0.856930196
vt 0.56206125 0.865606785
vt 0.56206125 0.856930196
vt 0.556955099 0.865606785
vt 0.653996825 0.777498662
vt 0.653248012 0.773247898
vt 0.653248012 0.777498662
vt 0.653996825 0.773247898
vt 0.686129272 0.734575331
vt 0.681023121 0.712552726
vt 0.681023121 0.734575331
vt 0.686129272 0.712552726
vt 0.591746569 0.791694641
vt 0.590997815 0.795945406
vt 0.591746569 0.795945406
vt 0.590997815 0.791694641
vt 0.690202355 0.799541175
vt 0.685096204 0.777654767
vt 0.685096204 0.799541175
vt 0.690202355 0.777654767
vt 0.663620234 0.859064937
vt 0.658514082 0.837178528
vt 0.658514082 0.859064937
vt 0.663620234 0.837178528
vt 0.635495543 0.795945406
vt 0.63474673 0.791694641
vt 0.63474673 0.795945406
vt 0.635495543 0.791694641
vt 0.641716719 0.731486499
vt 0.640967965 0.736706614
vt 0.641716719 0.736706614
vt 0.640967965 0.731486499
vt 0.653697193 0.736706614
vt 0.652948439 0.732455909
vt 0.652948439 0.736706614
vt 0.653697193 0.732455909
vt 0.643275857 0.854974985
vt 0.642527103 0.856466472
vt 0.643275857 0.856466472
vt 0.642527103 0.854974985
vt 0.699363291 0.84536612
vt 0.69425714 0.825953007
vt 0.69425714 0.84536612
vt 0.699363291 0.825953007
vt 0.613474369 0.854974985
vt 0.614223123 0.853483498
vt 0.613474369 0.853483498
vt 0.614223123 0.854974985
vt 0.64627099 0.854974985
vt 0.645522237 0.856466472
vt 0.64627099 0.856466472
vt 0.645522237 0.854974985
vt 0.103255019 0.736915827
vt 0.104003809 0.732665062
vt 0.103255019 0.732665062
vt 0.104003809 0.736915827
vt 0.631747544 0.711220562
vt 0.636853695 0.719897151
vt 0.636853695 0.711220562
vt 0.631747544 0.719897151
vt 0.691235423 0.734439135
vt 0.686129272 0.712552726
vt 0.686129272 0.734439135
vt 0.691235423 0.712552726
vt 0.645522237 0.854974985
vt 0.644773483 0.856466472
vt 0.645522237 0.856466472
vt 0.644773483 0.854974985
vt 0.640729964 0.809708476
vt 0.63998121 0.814182937
vt 0.640729964 0.814182937
vt 0.63998121 0.809708476
vt 0.63998121 0.809708476
vt 0.639232397 0.814182937
vt 0.63998121 0.814182937
vt 0.639232397 0.809708476
vt 0.642976284 0.809708476
vt 0.64222753 0.814182937
vt 0.642976284 0.814182937
vt 0.64222753 0.809708476
vt 0.640729964 0.814182937
vt 0.641478777 0.809708476
vt 0.640729964 0.809708476
vt 0.641478777 0.814182937
vt 0.595047712 0.841029644
vt 0.594298899 0.842521131
vt 0.595047712 0.842521131
vt 0.594298899 0.841029644
vt 0.612576127 0.849232733
vt 0.611827374 0.853707194
vt 0.612576127 0.853707194
vt 0.611827374 0.849232733
vt 0.639232397 0.809708476
vt 0.638483644 0.814182937
vt 0.639232397 0.814182937
vt 0.638483644 0.809708476
vt 0.64222753 0.809708476
vt 0.641478777 0.814182937
vt 0.64222753 0.814182937
vt 0.641478777 0.809708476
vt 0.59536761 0.84848702
vt 0.594618857 0.852961421
vt 0.59536761 0.852961421
vt 0.594618857 0.84848702
vt 0.64402467 0.854974985
vt 0.643275857 0.856466472
vt 0.64402467 0.856466472
vt 0.643275857 0.854974985
vt 0.626641393 0.711220562
vt 0.631747544 0.719897151
vt 0.631747544 0.711220562
vt 0.626641393 0.719897151
vt 0.606216788 0.711220562
vt 0.611322939 0.719897151
vt 0.611322939 0.711220562
vt 0.606216788 0.719897151
vt 0.641029537 0.854974985
vt 0.640280783 0.856466472
vt 0.641029537 0.856466472
vt 0.640280783 0.854974985
vt 0.637741864 0.795945406
vt 0.636993051 0.791694641
vt 0.636993051 0.795945406
vt 0.637741864 0.791694641
vt 0.651001632 0.777498662
vt 0.650252879 0.773247898
vt 0.650252879 0.777498662
vt 0.651001632 0.773247898
vt 0.640219212 0.736706614
vt 0.639470398 0.731486499
vt 0.639470398 0.736706614
vt 0.640219212 0.731486499
vt 0.61332494 0.853483498
vt 0.612576127 0.854974985
vt 0.61332494 0.854974985
vt 0.612576127 0.853483498
vt 0.596531808 0.856466472
vt 0.597280622 0.854974985
vt 0.596531808 0.854974985
vt 0.597280622 0.856466472
vt 0.61332494 0.854974985
vt 0.612576127 0.856466472
vt 0.61332494 0.856466472
vt 0.612576127 0.854974985
vt 0.598049819 0.854974985
vt 0.597301006 0.856466472
vt 0.598049819 0.856466472
vt 0.597301006 0.854974985
vt 0.594298899 0.844012558
vt 0.595047712 0.842521131
vt 0.594298899 0.842521131
vt 0.595047712 0.844012558
vt 0.64402467 0.856466472
vt 0.644773483 0.854974985
vt 0.64402467 0.854974985
vt 0.644773483 0.856466472
vt 0.595783055 0.856466472
vt 0.596531808 0.854974985
vt 0.595783055 0.854974985
vt 0.596531808 0.856466472
vt 0.64177829 0.856466472
vt 0.642527103 0.854974985
vt 0.64177829 0.854974985
vt 0.642527103 0.856466472
vt 0.613474369 0.856466472
vt 0.614223123 0.854974985
vt 0.613474369 0.854974985
vt 0.614223123 0.856466472
vt 0.576599002 0.856930196
vt 0.57149291 0.834907591
vt 0.57149291 0.856930196
vt 0.576599002 0.834907591
vt 0.684044838 0.804066539
vt 0.689150989 0.825953007
vt 0.689150989 0.804066539
vt 0.684044838 0.825953007
vt 0.689150989 0.847975612
vt 0.684044838 0.826089203
vt 0.684044838 0.847975612
vt 0.689150989 0.826089203
vt 0.106270567 0.732665062
vt 0.103255019 0.697615325
vt 0.103255019 0.732665062
vt 0.106270567 0.697615325
vt 0.171734154 0.724459469
vt 0.173231721 0.759509206
vt 0.173231721 0.724459469
vt 0.171734154 0.759509206
vt 0.665704668 0.764316559
vt 0.670810819 0.772993207
vt 0.670810819 0.764316559
vt 0.665704668 0.772993207
vt 0.607273161 0.777498662
vt 0.606524348 0.773247898
vt 0.606524348 0.777498662
vt 0.607273161 0.773247898
vt 0.173606142 0.696143508
vt 0.17210874 0.696123838
vt 0.173408404 0.711102843
vt 0.171734154 0.724459469
vt 0.17474997 0.724459469
vt 0.621799469 0.776007175
vt 0.622548282 0.771756411
vt 0.621799469 0.771756411
vt 0.622548282 0.776007175
vt 0.392195076 0.74777472
vt 0.420648426 0.782824457
vt 0.420648426 0.74777472
vt 0.392195076 0.782824457
vt 0.655943513 0.736706614
vt 0.655194759 0.732977927
vt 0.655194759 0.736706614
vt 0.655943513 0.732977927
vt 0.638721585 0.731486499
vt 0.639470398 0.736706674
vt 0.639470398 0.731486499
vt 0.638721585 0.736706674
vt 0.603522241 0.758333147
vt 0.604271054 0.763553321
vt 0.604271054 0.758333147
vt 0.603522241 0.763553321
vt 0.604271054 0.758333147
vt 0.603522241 0.753112912
vt 0.603522241 0.758333147
vt 0.604271054 0.753112912
vt 0.637972832 0.736706674
vt 0.638721585 0.731486499
vt 0.637972832 0.731486499
vt 0.638721585 0.736706674
vt 0.604590952 0.779213846
vt 0.603842199 0.775485098
vt 0.603842199 0.779213846
vt 0.604590952 0.775485098
vt 0.594618857 0.844012618
vt 0.59536761 0.84848702
vt 0.59536761 0.844012618
vt 0.594618857 0.84848702
vt 0.638483644 0.814182937
vt 0.63773489 0.809708476
vt 0.63773489 0.814182937
vt 0.638483644 0.809708476
vt 0.636237323 0.809708476
vt 0.636986077 0.814182937
vt 0.636986077 0.809708476
vt 0.636237323 0.814182937
vt 0.633990943 0.814182937
vt 0.634739757 0.809708476
vt 0.633990943 0.809708476
vt 0.634739757 0.814182937
vt 0.589513659 0.76410228
vt 0.588764906 0.756644905
vt 0.588764906 0.76410228
vt 0.589513659 0.756644905
vt 0.589513659 0.771559656
vt 0.588764906 0.76410228
vt 0.588764906 0.771559656
vt 0.589513659 0.76410228
vt 0.636237323 0.814182937
vt 0.63548851 0.809708476
vt 0.63548851 0.814182937
vt 0.636237323 0.809708476
vt 0.63773489 0.814182937
vt 0.636986077 0.809708476
vt 0.636986077 0.814182937
vt 0.63773489 0.809708476
vt 0.633990943 0.814182937
vt 0.63324219 0.809708476
vt 0.63324219 0.814182937
vt 0.633990943 0.809708476
vt 0.634739757 0.814182937
vt 0.63548851 0.809708476
vt 0.634739757 0.809708476
vt 0.63548851 0.814182937
vt 0.622697711 0.776007175
vt 0.623446465 0.771756411
vt 0.622697711 0.771756411
vt 0.623446465 0.776007175
vt 0.648458004 0.642778635
vt 0.640675187 0.682094812
vt 0.648458004 0.682094812
vt 0.640675187 0.642778635
vt 0.640675187 0.682819128
vt 0.63289237 0.642778635
vt 0.63289237 0.682819128
vt 0.640675187 0.642778635
vt 0.648458004 0.708454847
vt 0.656240821 0.726038575
vt 0.656240821 0.708454847
vt 0.648458004 0.726038575
vt 0.627801061 0.678979397
vt 0.632823229 0.68688345
vt 0.63282311 0.678979397
vt 0.627801061 0.68688345
vt 0.620018244 0.706084132
vt 0.627801061 0.724822998
vt 0.627801061 0.706084132
vt 0.620018244 0.724822998
vt 0.648458004 0.642778635
vt 0.640675187 0.613566995
vt 0.640675187 0.642778635
vt 0.648458004 0.613566995
vt 0.640675187 0.640641689
vt 0.63289237 0.610758185
vt 0.63289237 0.640641689
vt 0.640675187 0.610758185
vt 0.640675187 0.720820546
vt 0.63289237 0.71031189
vt 0.63289237 0.720820546
vt 0.640675187 0.71031189
vt 0.640675187 0.720820546
vt 0.63289237 0.727670193
vt 0.640675187 0.727670193
vt 0.63289237 0.720820546
vt 0.620018244 0.724822998
vt 0.627801061 0.733165264
vt 0.627801061 0.724822998
vt 0.620018244 0.733165264
vt 0.609444141 0.720299959
vt 0.617226958 0.724605441
vt 0.617226958 0.720299959
vt 0.609444141 0.724605441
vt 0.609444141 0.706084132
vt 0.617226958 0.720299959
vt 0.617226958 0.706084132
vt 0.609444141 0.720299959
vt 0.648458004 0.682094812
vt 0.640675187 0.696983695
vt 0.648458004 0.696983695
vt 0.640675187 0.682094812
vt 0.648458004 0.715454221
vt 0.640675187 0.696983695
vt 0.640675187 0.715454221
vt 0.648458004 0.696983695
vt 0.593878448 0.721677065
vt 0.601661265 0.73522687
vt 0.601661265 0.721677065
vt 0.593878448 0.73522687
vt 0.601661265 0.735351086
vt 0.593878448 0.735351086
vt 0.65624094 0.724177361
vt 0.664023757 0.733278155
vt 0.664023757 0.724177361
vt 0.65624094 0.733278155
vt 0.63957262 0.727670193
vt 0.63289237 0.735574245
vt 0.63957262 0.735574245
vt 0.63289237 0.727670193
vt 0.608894229 0.726207495
vt 0.601661325 0.734111547
vt 0.608894229 0.734111547
vt 0.601661325 0.726207495
vt 0.559511483 0.723574519
vt 0.551728606 0.711467624
vt 0.551728606 0.723574519
vt 0.559511483 0.711467624
vt 0.551728606 0.697824121
vt 0.559511483 0.697824121
vt 0.632769585 0.642778635
vt 0.627188921 0.650682747
vt 0.632769585 0.650682747
vt 0.627188921 0.642778635
vt 0.656240821 0.664746583
vt 0.648458004 0.642778635
vt 0.648458004 0.664746583
vt 0.656240821 0.642778635
vt 0.656240821 0.670271516
vt 0.648458004 0.664746583
vt 0.648458004 0.670271516
vt 0.656240821 0.664746583
vt 0.627188921 0.671075344
vt 0.632413983 0.663171232
vt 0.627188921 0.663171232
vt 0.632413983 0.671075344
vt 0.585410595 0.695760489
vt 0.577627778 0.721996188
vt 0.585410595 0.721996188
vt 0.577627778 0.695760489
vt 0.593878508 0.721677065
vt 0.601661265 0.695760489
vt 0.593878448 0.695760489
vt 0.601661325 0.721677065
vt 0.656240821 0.708454847
vt 0.648458004 0.682094812
vt 0.648458004 0.708454847
vt 0.656240821 0.682094812
vt 0.656240821 0.642778635
vt 0.648458004 0.615950823
vt 0.648458004 0.642778635
vt 0.656240821 0.615950823
vt 0.664023638 0.689106941
vt 0.671806455 0.706286311
vt 0.671806455 0.689106941
vt 0.664023638 0.706286311
vt 0.664023638 0.659544945
vt 0.671806455 0.642778635
vt 0.664023638 0.642778635
vt 0.671806455 0.659544945
vt 0.671806455 0.642778635
vt 0.664023638 0.626410484
vt 0.664023638 0.642778635
vt 0.671806455 0.626410484
vt 0.648458004 0.73227942
vt 0.640675187 0.715454221
vt 0.640675187 0.73227942
vt 0.648458004 0.715454221
vt 0.671806574 0.722329497
vt 0.664023757 0.706286311
vt 0.664023757 0.722329497
vt 0.671806574 0.706286311
vt 0.671806455 0.689106941
vt 0.664023638 0.672322869
vt 0.664023638 0.689106941
vt 0.671806455 0.672322869
vt 0.617226958 0.733460546
vt 0.609444141 0.724605441
vt 0.609444141 0.733460546
vt 0.617226958 0.724605441
vt 0.664023638 0.626410484
vt 0.671806574 0.621876836
vt 0.664023638 0.621876836
vt 0.671806455 0.626410484
vt 0.664023638 0.621876836
vt 0.671806574 0.6125049
vt 0.664023638 0.6125049
vt 0.671806574 0.621876836
vt 0.656240821 0.667832613
vt 0.664023638 0.642778635
vt 0.656240821 0.642778635
vt 0.664023638 0.667832613
vt 0.577256322 0.697824121
vt 0.569473505 0.723445535
vt 0.577256322 0.723445535
vt 0.569473505 0.697824121
vt 0.569473505 0.723445535
vt 0.577256322 0.732851028
vt 0.577256322 0.723445535
vt 0.569473505 0.732851028
vt 0.627801061 0.694787502
vt 0.632620215 0.68688345
vt 0.627801061 0.68688345
vt 0.632620215 0.694787502
vt 0.656240821 0.670271516
vt 0.648458004 0.680228114
vt 0.656240821 0.680228114
vt 0.648458004 0.670271516
vt 0.559511483 0.697824121
vt 0.5672943 0.722896695
vt 0.5672943 0.697824121
vt 0.559511483 0.722896695
vt 0.664023638 0.706286311
vt 0.656240821 0.682094812
vt 0.656240821 0.706286311
vt 0.664023638 0.682094812
vt 0.664023638 0.640349507
vt 0.656240821 0.615950823
vt 0.656240821 0.640349507
vt 0.664023638 0.615950823
vt 0.609444141 0.726207495
vt 0.601661325 0.706084132
vt 0.601661325 0.726207495
vt 0.609444141 0.706084132
vt 0.593193412 0.721510887
vt 0.585410595 0.737516284
vt 0.593193412 0.737516284
vt 0.585410595 0.721510887
vt 0.664023638 0.671933174
vt 0.671806455 0.659544945
vt 0.664023638 0.659544945
vt 0.671806455 0.671933174
vt 0.664023757 0.710716963
vt 0.656240821 0.706286311
vt 0.656240821 0.710716963
vt 0.664023757 0.706286311
vt 0.664023757 0.710716963
vt 0.656240821 0.724177361
vt 0.664023757 0.724177361
vt 0.656240821 0.710716963
vt 0.664023757 0.722329497
vt 0.671806574 0.735301375
vt 0.671806574 0.722329497
vt 0.664023757 0.735301375
vt 0.656240821 0.667832613
vt 0.664023638 0.681862116
vt 0.664023638 0.667832613
vt 0.656240821 0.681862116
vt 0.559511483 0.722896695
vt 0.5672943 0.734780312
vt 0.5672943 0.722896695
vt 0.559511483 0.734780312
vt 0.585410595 0.735670209
vt 0.577627778 0.722120285
vt 0.577627778 0.735670209
vt 0.585410595 0.722120285
vt 0.577627778 0.721996188
vt 0.585410595 0.721996188
vt 0.559511483 0.732675195
vt 0.551728606 0.723574519
vt 0.551728606 0.732675195
vt 0.559511483 0.723574519
vt 0.678486705 0.706286311
vt 0.671806455 0.698382258
vt 0.671806455 0.706286311
vt 0.678486705 0.698382258
vt 0.655691028 0.726038575
vt 0.648458004 0.733942747
vt 0.655691028 0.733942747
vt 0.648458004 0.726038575
vt 0.585410595 0.707867384
vt 0.593193412 0.695760489
vt 0.585410595 0.695760489
vt 0.593193412 0.707867384
vt 0.593193412 0.721510887
vt 0.585410595 0.721510887
vt 0.632769585 0.671075344
vt 0.627188921 0.678979397
vt 0.632769585 0.678979397
vt 0.627188921 0.671075344
vt 0.640675187 0.704787016
vt 0.63289237 0.682819128
vt 0.63289237 0.704787016
vt 0.640675187 0.682819128
vt 0.640675187 0.71031189
vt 0.63289237 0.704787016
vt 0.63289237 0.71031189
vt 0.640675187 0.704787016
vt 0.632413983 0.650682747
vt 0.627188921 0.65858686
vt 0.632413983 0.65858686
vt 0.627188921 0.650682747
vt 0.587605894 0.856236696
vt 0.582499743 0.8755849
vt 0.587605894 0.8755849
vt 0.582499743 0.856236696
vt 0.699363291 0.846606791
vt 0.69425714 0.865954995
vt 0.699363291 0.865954995
vt 0.69425714 0.846606791
vt 0.548175335 0.822344303
vt 0.543069184 0.845948339
vt 0.548175335 0.845948339
vt 0.543069184 0.822344303
vt 0.592515826 0.791694641
vt 0.59326458 0.795945406
vt 0.59326458 0.791694641
vt 0.592515826 0.795945406
vt 0.69425714 0.825953007
vt 0.689150989 0.804066539
vt 0.689150989 0.825953007
vt 0.69425714 0.804066539
vt 0.56206125 0.856930196
vt 0.556955099 0.834907591
vt 0.556955099 0.856930196
vt 0.56206125 0.834907591
vt 0.669777751 0.799541175
vt 0.664671659 0.798069179
vt 0.6646716 0.799541175
vt 0.669777751 0.798069179
vt 0.664671659 0.772993207
vt 0.669777751 0.772993207
vt 0.553281486 0.845948339
vt 0.548175335 0.822344303
vt 0.548175335 0.845948339
vt 0.553281486 0.822344303
vt 0.701447725 0.718034863
vt 0.696341574 0.737383127
vt 0.701447725 0.737383127
vt 0.696341574 0.718034863
vt 0.701447725 0.737383127
vt 0.696341574 0.756731331
vt 0.701447725 0.756731331
vt 0.696341574 0.737383127
vt 0.623395085 0.845948339
vt 0.628501236 0.822344303
vt 0.623395085 0.822344303
vt 0.628501236 0.845948339
vt 0.606216788 0.845948339
vt 0.601110578 0.822344244
vt 0.601110578 0.845948339
vt 0.606216788 0.822344244
vt 0.695308506 0.799541175
vt 0.700414658 0.780192971
vt 0.695308506 0.780192971
vt 0.700414658 0.799541175
vt 0.582499743 0.856236696
vt 0.577393651 0.8755849
vt 0.582499743 0.8755849
vt 0.577393591 0.856236696
vt 0.658514082 0.822344303
vt 0.653407931 0.845948339
vt 0.658514082 0.845948339
vt 0.653407931 0.822344303
vt 0.61132288 0.845948339
vt 0.606216788 0.822344244
vt 0.606216788 0.845948339
vt 0.61132288 0.822344244
vt 0.587605894 0.8755849
vt 0.592712045 0.856236696
vt 0.587605894 0.856236696
vt 0.592712045 0.8755849
vt 0.701447725 0.757753253
vt 0.696341574 0.777101398
vt 0.701447725 0.777101398
vt 0.696341574 0.757753253
vt 0.640954614 0.845948339
vt 0.646060705 0.822344303
vt 0.640954614 0.822344244
vt 0.646060705 0.845948339
vt 0.668726385 0.8562572
vt 0.663620234 0.834234595
vt 0.663620234 0.8562572
vt 0.668726385 0.834234595
vt 0.658514082 0.799541175
vt 0.663620234 0.837178528
vt 0.663620234 0.799541175
vt 0.658514082 0.837178528
vt 0.539776802 0.845948339
vt 0.534670591 0.822344303
vt 0.534670591 0.845948339
vt 0.539776802 0.822344303
vt 0.613182783 0.871803343
vt 0.618288934 0.865801156
vt 0.613182783 0.865801156
vt 0.618288934 0.871803343
vt 0.663620234 0.870935977
vt 0.668726385 0.864933789
vt 0.663620234 0.864933789
vt 0.668726385 0.870935977
vt 0.686129272 0.777101398
vt 0.691235423 0.757242262
vt 0.686129272 0.757242262
vt 0.691235423 0.777101398
vt 0.636853695 0.711220562
vt 0.641959846 0.719897151
vt 0.641959846 0.711220562
vt 0.636853695 0.719897151
vt 0.601110578 0.845948339
vt 0.606216788 0.865807474
vt 0.606216788 0.845948339
vt 0.601110578 0.865807474
vt 0.576599002 0.865606785
vt 0.57149291 0.871608973
vt 0.576599002 0.871608973
vt 0.57149291 0.865606785
vt 0.685096204 0.799541175
vt 0.679990053 0.77751857
vt 0.679990053 0.799541175
vt 0.685096204 0.77751857
vt 0.64830178 0.871803343
vt 0.653407931 0.865801156
vt 0.64830178 0.865801156
vt 0.653407931 0.871803343
vt 0.690202355 0.799541175
vt 0.695308506 0.77968204
vt 0.690202355 0.77968204
vt 0.695308506 0.799541175
vt 0.611322939 0.711220562
vt 0.61642909 0.719897151
vt 0.61642909 0.711220562
vt 0.611322939 0.719897151
vt 0.684044838 0.867970943
vt 0.678938687 0.848111808
vt 0.678938687 0.867970943
vt 0.684044838 0.848111808
vt 0.57149291 0.865606785
vt 0.5663867 0.871608973
vt 0.57149291 0.871608973
vt 0.5663867 0.865606785
vt 0.660598516 0.709494472
vt 0.655492365 0.715496659
vt 0.660598516 0.715496659
vt 0.655492365 0.709494472
vt 0.696341574 0.757242262
vt 0.691235423 0.777101398
vt 0.696341574 0.777101398
vt 0.691235423 0.757242262
vt 0.57149291 0.856930196
vt 0.576599002 0.865606785
vt 0.576599002 0.856930196
vt 0.57149291 0.865606785
vt 0.653407931 0.845948339
vt 0.658514082 0.865807533
vt 0.658514082 0.845948339
vt 0.653407931 0.865807533
vt 0.63217485 0.871803343
vt 0.637281001 0.865801215
vt 0.63217485 0.865801215
vt 0.637281001 0.871803343
vt 0.645679533 0.748702407
vt 0.650785685 0.742700219
vt 0.645679533 0.742700219
vt 0.650785685 0.748702407
vt 0.684044838 0.867834806
vt 0.689150989 0.847975612
vt 0.684044838 0.847975612
vt 0.689150989 0.867834806
vt 0.621535242 0.719897151
vt 0.61642909 0.711220562
vt 0.61642909 0.719897151
vt 0.621535242 0.711220562
vt 0.673832536 0.868751407
vt 0.668726385 0.848892272
vt 0.668726385 0.868751407
vt 0.673832536 0.848892272
vt 0.678938687 0.826089203
vt 0.684044838 0.848111808
vt 0.684044838 0.826089203
vt 0.678938687 0.848111808
vt 0.601110578 0.871809661
vt 0.606216788 0.865807474
vt 0.601110578 0.865807474
vt 0.606216788 0.871809661
vt 0.658514082 0.871069252
vt 0.663620234 0.865067124
vt 0.658514082 0.865067124
vt 0.663620234 0.871069252
vt 0.534670591 0.865807474
vt 0.539776802 0.845948339
vt 0.534670591 0.845948339
vt 0.539776802 0.865807474
vt 0.149999082 0.736915827
vt 0.149250284 0.732665062
vt 0.149250284 0.736915827
vt 0.149999082 0.732665062
vt 0.668726385 0.864933789
vt 0.663620234 0.8562572
vt 0.663620234 0.864933789
vt 0.668726385 0.8562572
vt 0.699363291 0.825953007
vt 0.69425714 0.806539893
vt 0.69425714 0.825953007
vt 0.699363291 0.806539893
vt 0.548175335 0.845948339
vt 0.553281486 0.865807474
vt 0.553281486 0.845948339
vt 0.548175335 0.865807533
vt 0.539776742 0.865807474
vt 0.534670591 0.871809661
vt 0.539776742 0.871809661
vt 0.534670591 0.865807474
vt 0.618288934 0.871803343
vt 0.623395085 0.865801215
vt 0.618288934 0.865801215
vt 0.623395085 0.871803343
vt 0.646060705 0.845948339
vt 0.640954614 0.865807474
vt 0.646060705 0.865807533
vt 0.640954614 0.845948339
vt 0.689150989 0.846606791
vt 0.69425714 0.866465926
vt 0.69425714 0.846606791
vt 0.689150989 0.866465926
vt 0.626641393 0.719897151
vt 0.621535242 0.711220562
vt 0.621535242 0.719897151
vt 0.626641393 0.711220562
vt 0.601110578 0.711220562
vt 0.606216788 0.719897151
vt 0.606216788 0.711220562
vt 0.601110578 0.719897151
vt 0.561280608 0.865606785
vt 0.556174397 0.871608973
vt 0.561280608 0.871608973
vt 0.556174397 0.865606785
vt 0.5663867 0.865606785
vt 0.561280608 0.871608973
vt 0.5663867 0.871608973
vt 0.561280608 0.865606785
vt 0.681023121 0.777101398
vt 0.686129272 0.757242262
vt 0.681023121 0.757242262
vt 0.686129272 0.777101398
vt 0.696341574 0.732411861
vt 0.691235423 0.712552726
vt 0.691235423 0.732411861
vt 0.696341574 0.712552726
vt 0.699363291 0.800537705
vt 0.69425714 0.806539834
vt 0.699363291 0.806539834
vt 0.69425714 0.800537705
vt 0.587605894 0.856236696
vt 0.592712045 0.833433628
vt 0.587605894 0.833433628
vt 0.592712045 0.856236696
vt 0.658514082 0.865067124
vt 0.663620234 0.859064937
vt 0.658514082 0.859064937
vt 0.663620234 0.865067124
vt 0.696341574 0.737383127
vt 0.691235423 0.757242262
vt 0.696341574 0.757242262
vt 0.691235423 0.737383127
vt 0.673832536 0.848892272
vt 0.678938687 0.868751407
vt 0.678938687 0.848892272
vt 0.673832536 0.868751407
vt 0.64830178 0.865801156
vt 0.653407931 0.845147371
vt 0.64830178 0.845147371
vt 0.653407931 0.865801156
vt 0.576599002 0.761583626
vt 0.578088522 0.766629755
vt 0.578088522 0.761583626
vt 0.576599002 0.766629755
vt 0.618288934 0.865801215
vt 0.623395085 0.845147371
vt 0.618288934 0.845147371
vt 0.623395085 0.865801215
vt 0.578088522 0.786814332
vt 0.576599002 0.781768203
vt 0.576599002 0.786814332
vt 0.578088522 0.781768203
vt 0.653996825 0.773247898
vt 0.654745579 0.777498662
vt 0.654745579 0.773247898
vt 0.653996825 0.777498662
vt 0.596004486 0.872705877
vt 0.601110578 0.856236696
vt 0.596004486 0.856236696
vt 0.601110578 0.872705877
vt 0.623395085 0.866602123
vt 0.628501236 0.845948339
vt 0.623395085 0.845948339
vt 0.628501236 0.866602123
vt 0.576599002 0.756537437
vt 0.578088522 0.761583626
vt 0.578088522 0.756537437
vt 0.576599002 0.761583626
vt 0.689150989 0.846606791
vt 0.69425714 0.825953007
vt 0.689150989 0.825953007
vt 0.69425714 0.846606791
vt 0.578088522 0.781768203
vt 0.576599002 0.776722074
vt 0.576599002 0.781768203
vt 0.578088522 0.776722074
vt 0.686129272 0.735355794
vt 0.691235423 0.757242262
vt 0.691235423 0.735355854
vt 0.686129272 0.757242262
vt 0.67591697 0.774628103
vt 0.681023121 0.758158922
vt 0.67591697 0.758158922
vt 0.681023121 0.774628162
vt 0.61132288 0.845948339
vt 0.606216788 0.866602123
vt 0.61132288 0.866602123
vt 0.606216788 0.845948339
vt 0.576599002 0.746445179
vt 0.578088522 0.751491308
vt 0.578088522 0.746445179
vt 0.576599002 0.751491308
vt 0.637281001 0.845147371
vt 0.63217485 0.865801215
vt 0.637281001 0.865801215
vt 0.63217485 0.845147371
vt 0.576599002 0.771675944
vt 0.578088522 0.776722074
vt 0.578088522 0.771675944
vt 0.576599002 0.776722074
vt 0.653697193 0.732455909
vt 0.654446006 0.736706614
vt 0.654446006 0.732455909
vt 0.653697193 0.736706614
vt 0.652199626 0.736706614
vt 0.652948439 0.732455909
vt 0.652199626 0.732455909
vt 0.652948439 0.736706614
vt 0.660598516 0.735355854
vt 0.665704668 0.772993207
vt 0.665704668 0.735355854
vt 0.660598516 0.772993147
vt 0.655492365 0.715496659
vt 0.660598516 0.750190079
vt 0.660598516 0.715496659
vt 0.655492365 0.750190079
vt 0.618288934 0.845147371
vt 0.613182783 0.865801156
vt 0.618288934 0.865801156
vt 0.613182783 0.845147371
vt 0.576599002 0.751491308
vt 0.578088522 0.756537437
vt 0.578088522 0.751491308
vt 0.576599002 0.756537437
vt 0.548175335 0.845948339
vt 0.543069184 0.866602123
vt 0.548175335 0.866602123
vt 0.543069184 0.845948339
vt 0.578088522 0.771675944
vt 0.576599002 0.766629755
vt 0.576599002 0.771675944
vt 0.578088522 0.766629755
vt 0.684044838 0.826089203
vt 0.678938687 0.804066539
vt 0.678938687 0.826089203
vt 0.684044838 0.804066539
vt 0.663620234 0.799541175
vt 0.668726385 0.834234595
vt 0.668726385 0.799541175
vt 0.663620234 0.834234595
vt 0.177845716 0.226006359
vt 0.181589574 0.229735047
vt 0.181589574 0.226006359
vt 0.181589574 0.233463734
vt 0.182338342 0.233463734
vt 0.182338342 0.229735047
vt 0.170357972 0.226006359
vt 0.177845716 0.225260586
vt 0.164367795 0.234955221
vt 0.181589574 0.234955221
vt 0.168111667 0.226006359
vt 0.166614115 0.226006359
vt 0.156880066 0.234955221
vt 0.164367795 0.226006359
vt 0.170357972 0.225260586
vt 0.156880066 0.226006359
vt 0.164367795 0.225260586
vt 0.181589574 0.21780327
vt 0.181589574 0.223769099
vt 0.181589574 0.225260586
vt 0.181589574 0.211837322
vt 0.168111667 0.225260586
vt 0.166614115 0.225260586
vt 0.153136209 0.20736286
vt 0.181589574 0.20736286
vt 0.181589574 0.201396972
vt 0.153136209 0.199905485
vt 0.181589574 0.199905485
vt 0.156880066 0.225260586
vt 0.153136209 0.225260586
vt 0.153136209 0.229735047
vt 0.153136209 0.226006359
vt 0.153136209 0.233463734
vt 0.153136209 0.234955221
vt 0.152387425 0.233463734
vt 0.152387425 0.229735047
vt 0.878991902 0.779174507
vt 0.883259952 0.779174507
vt 0.878991902 0.775445759
vt 0.885506272 0.775445759
vt 0.883259952 0.786631882
vt 0.883259952 0.792597771
vt 0.885506272 0.803783894
vt 0.878991902 0.788869083
vt 0.878991902 0.786631882
vt 0.878991902 0.79036057
vt 0.878991902 0.792597771
vt 0.883259952 0.800055206
vt 0.878991902 0.803783894
vt 0.878991902 0.800055206
vt 0.852873206 0.794834971
vt 0.848605156 0.794834971
vt 0.852873206 0.798563719
vt 0.846358776 0.798563719
vt 0.848605156 0.787377596
vt 0.848605156 0.781411707
vt 0.846358776 0.770225644
vt 0.852873206 0.785140395
vt 0.852873206 0.787377596
vt 0.852873206 0.783648908
vt 0.852873206 0.781411707
vt 0.848605156 0.773954272
vt 0.852873206 0.770225644
vt 0.852873206 0.773954272
vt 0.642465532 0.736706614
vt 0.641716719 0.7337237
vt 0.641716719 0.736706614
vt 0.642465532 0.731486499
vt 0.641716719 0.731486499
vt 0.145002618 0.678971827
vt 0.145002618 0.683446288
vt 0.145002618 0.686429203
vt 0.145002618 0.681954801
vt 0.140734568 0.681954801
vt 0.145002618 0.683446288
vt 0.145002618 0.681954801
vt 0.140734568 0.683446288
vt 0.13773945 0.681954801
vt 0.140734568 0.676734626
vt 0.140734568 0.688666403
vt 0.13773945 0.690903664
vt 0.14223215 0.690903664
vt 0.14223215 0.688666403
vt 0.145002618 0.688666403
vt 0.1465002 0.690903664
vt 0.145002618 0.686429203
vt 0.155485585 0.690903664
vt 0.145002618 0.678971827
vt 0.13773945 0.675197244
vt 0.145002618 0.676734626
vt 0.140734568 0.675243139
vt 0.145002618 0.675243139
vt 0.140734568 0.670022964
vt 0.155485556 0.661074102
vt 0.13639012 0.663341343
vt 0.145002618 0.670022964
vt 0.140734568 0.668531477
vt 0.145002618 0.668531477
vt 0.145002618 0.663311303
vt 0.1465002 0.661074102
vt 0.140734568 0.663311303
vt 0.136221483 0.661859334
vt 0.136221483 0.661074102
vt 0.655494332 0.773247898
vt 0.654745579 0.773247898
vt 0.655494332 0.776007175
vt 0.654745579 0.777498662
vt 0.655494332 0.777498662
vt 0.611778975 0.649497151
vt 0.601661325 0.646888793
vt 0.605319202 0.652974963
vt 0.609988928 0.642778635
vt 0.620106578 0.651631236
vt 0.620262265 0.660404801
vt 0.620262265 0.651631236
vt 0.627188921 0.643490076
vt 0.620262265 0.643490076
vt 0.627188921 0.678979397
vt 0.620262265 0.678979397
vt 0.565734863 0.834907591
vt 0.570840955 0.855697572
vt 0.570840955 0.834907591
vt 0.565734863 0.856930196
vt 0.570840955 0.856930196
vt 0.673832536 0.826089203
vt 0.673832536 0.82756114
vt 0.678938687 0.826089203
vt 0.678938687 0.847420335
vt 0.673832536 0.848892272
vt 0.678938687 0.848892272
vt 0.0778302997 0.74165982
vt 0.08232297 0.72595346
vt 0.0778302997 0.72595346
vt 0.0955764204 0.72595346
vt 0.0955764204 0.755783021
vt 0.0763123333 0.75499773
vt 0.0763123333 0.755783021
vt 0.653248012 0.773247898
vt 0.652499199 0.773247898
vt 0.653248012 0.776007175
vt 0.652499199 0.777498662
vt 0.653248012 0.777498662
vt 0.613182783 0.822344303
vt 0.613182783 0.82381624
vt 0.618288934 0.822344303
vt 0.618288934 0.843675435
vt 0.613182783 0.845147371
vt 0.618288934 0.845147371
vt 0.898535132 0.782157421
vt 0.894267082 0.782157421
vt 0.898535132 0.785886168
vt 0.892020702 0.785886168
vt 0.892020702 0.776937246
vt 0.894267082 0.778428733
vt 0.892769456 0.776937246
vt 0.898535132 0.776937246
vt 0.898535132 0.778428733
vt 0.640967965 0.736706614
vt 0.640967965 0.734469414
vt 0.640219212 0.736706614
vt 0.640219212 0.734469414
vt 0.640967965 0.731486499
vt 0.640219212 0.731486499
vt 0.641549587 0.751106739
vt 0.641549587 0.771760523
vt 0.643039048 0.751106739
vt 0.643039048 0.772993207
vt 0.624884546 0.771760523
vt 0.623395085 0.772993207
vt 0.623395085 0.751106739
vt 0.624884546 0.751106739
vt 0.915253282 0.706837773
vt 0.915253282 0.735175848
vt 0.916002095 0.706837773
vt 0.917499661 0.735175848
vt 0.921767712 0.706837773
vt 0.921767712 0.735175848
vt 0.389521182 0.349128306
vt 0.380535841 0.36255163
vt 0.389521182 0.36255163
vt 0.380535841 0.334213555
vt 0.389521182 0.340925217
vt 0.389521182 0.334213555
vt 0.326821148 0.397601426
vt 0.326821148 0.369263291
vt 0.325323582 0.397601426
vt 0.308850378 0.369263291
vt 0.308850378 0.397601426
vt 0.307352841 0.369263291
vt 0.301362574 0.397601426
vt 0.301362574 0.369263291
vt 0.67591697 0.739100695
vt 0.670810819 0.739100695
vt 0.67591697 0.740572691
vt 0.670810819 0.760431886
vt 0.67591697 0.761903822
vt 0.670810819 0.761903822
vt 0.679990053 0.778210044
vt 0.674883902 0.799541175
vt 0.679990053 0.799541175
vt 0.674883902 0.776738048
vt 0.679990053 0.776738048
vt 0.577393591 0.833433628
vt 0.577393591 0.834905565
vt 0.582499743 0.833433628
vt 0.582499743 0.8547647
vt 0.577393591 0.856236696
vt 0.582499743 0.856236696
vt 0.601110578 0.833433628
vt 0.596004486 0.833433628
vt 0.601110578 0.834905565
vt 0.596004486 0.856236696
vt 0.601110578 0.856236696
vt 0.628234029 0.620354235
vt 0.623805642 0.610758185
vt 0.618807554 0.616291523
vt 0.63289237 0.615898728
vt 0.628094316 0.636527658
vt 0.63289237 0.641855896
vt 0.607978463 0.642778635
vt 0.611537635 0.637084603
vt 0.601661325 0.63410449
vt 0.606291175 0.628978848
vt 0.579730034 0.616198421
vt 0.596734703 0.626436055
vt 0.585268378 0.610758185
vt 0.601661325 0.621376872
vt 0.5963642 0.655720353
vt 0.601661325 0.661623418
vt 0.562664032 0.66001308
vt 0.566941261 0.654272079
vt 0.560443759 0.644379973
vt 0.551728606 0.64216423
vt 0.56827563 0.636686802
vt 0.567896008 0.626283288
vt 0.580286741 0.639293671
vt 0.575363815 0.644129395
vt 0.885506272 0.778428733
vt 0.889774382 0.778428733
vt 0.885506272 0.776937246
vt 0.892020702 0.776937246
vt 0.889774382 0.782157421
vt 0.892020702 0.785886168
vt 0.885506272 0.785886168
vt 0.885506272 0.782157421
vt 0.575109601 0.746445179
vt 0.575109601 0.767098904
vt 0.576599002 0.746445179
vt 0.576599002 0.768331587
vt 0.55844456 0.767098904
vt 0.556955099 0.768331587
vt 0.556955099 0.746445179
vt 0.55844456 0.746445179
vt 0.660598516 0.708807826
vt 0.665704668 0.733883858
vt 0.665704668 0.708807826
vt 0.660598516 0.733883858
vt 0.660598516 0.735355854
vt 0.665704668 0.735355854
vt 0.174000889 0.690903664
vt 0.172503307 0.677526236
vt 0.170985341 0.690864146
vt 0.174000889 0.662565589
vt 0.172503307 0.662565589
vt 0.659565449 0.799541175
vt 0.654459298 0.774465144
vt 0.654459298 0.799541175
vt 0.659565449 0.774465144
vt 0.659565449 0.772993207
vt 0.654459298 0.772993207
vt 0.623395085 0.822344303
vt 0.618288934 0.822344303
vt 0.623395085 0.82381624
vt 0.618288934 0.843675435
vt 0.623395085 0.845147371
vt 0.618288934 0.845147371
vt 0.665704668 0.760431886
vt 0.670810819 0.735355854
vt 0.665704668 0.735355854
vt 0.670810819 0.760431886
vt 0.670810819 0.761903822
vt 0.665704668 0.761903822
vt 0.674883902 0.799541175
vt 0.674883902 0.798069179
vt 0.669777751 0.799541175
vt 0.669777751 0.772993207
vt 0.674883902 0.772993207
vt 0.5663867 0.85816288
vt 0.57149291 0.856930196
vt 0.5663867 0.856930196
vt 0.57149291 0.865606785
vt 0.5663867 0.865606785
vt 0.665704668 0.708807826
vt 0.670810819 0.733883858
vt 0.670810819 0.708807826
vt 0.665704668 0.733883858
vt 0.665704668 0.735355854
vt 0.670810819 0.735355854
vt 0.63217485 0.822344303
vt 0.637281001 0.843675435
vt 0.637281001 0.822344303
vt 0.63217485 0.843675435
vt 0.63217485 0.845147371
vt 0.637281001 0.845147371
vt 0.654446006 0.732455909
vt 0.654446006 0.735215127
vt 0.655194759 0.732455909
vt 0.655194759 0.736706614
vt 0.654446006 0.736706614
vt 0.582499743 0.833433628
vt 0.582499743 0.834905565
vt 0.587605894 0.833433628
vt 0.587605894 0.856236696
vt 0.582499743 0.856236696
vt 0.681023121 0.712552726
vt 0.67591697 0.712552726
vt 0.681023121 0.714024723
vt 0.67591697 0.733883858
vt 0.681023121 0.733883858
vt 0.67591697 0.735355854
vt 0.681023121 0.735355854
vt 0.67591697 0.735355854
vt 0.67591697 0.733883858
vt 0.670810819 0.735355854
vt 0.670810819 0.714024723
vt 0.67591697 0.712552726
vt 0.670810819 0.712552726
vt 0.681023121 0.758158922
vt 0.681023121 0.756686926
vt 0.67591697 0.758158922
vt 0.67591697 0.736827791
vt 0.681023121 0.736827791
vt 0.681023121 0.735355854
vt 0.67591697 0.735355854
vt 0.652172148 0.719897151
vt 0.647065997 0.712453246
vt 0.647065997 0.719897151
vt 0.652172148 0.711220562
vt 0.647065997 0.711220562
vt 0.678938687 0.801013172
vt 0.673832536 0.822344244
vt 0.678938687 0.822344244
vt 0.673832536 0.801013172
vt 0.673832536 0.799541175
vt 0.678938687 0.799541175
vt 0.588588834 0.695760489
vt 0.595938087 0.685528994
vt 0.584078193 0.69073832
vt 0.601661265 0.689320922
vt 0.5975402 0.669602275
vt 0.601661325 0.663752079
vt 0.581335545 0.678301454
vt 0.579369903 0.686434269
vt 0.594330728 0.666263461
vt 0.581551313 0.666226506
vt 0.577627778 0.661623418
vt 0.64830178 0.822344303
vt 0.64830178 0.82381624
vt 0.653407931 0.822344303
vt 0.653407931 0.843675435
vt 0.64830178 0.845147371
vt 0.653407931 0.845147371
vt 0.668726385 0.799541175
vt 0.668726385 0.801013172
vt 0.673832536 0.799541175
vt 0.673832536 0.824617207
vt 0.668726385 0.826089203
vt 0.673832536 0.826089203
vt 0.668726385 0.826089203
vt 0.673832536 0.82756114
vt 0.673832536 0.826089203
vt 0.668726385 0.847420335
vt 0.673832536 0.848892272
vt 0.668726385 0.848892272
vt 0.570329607 0.67047596
vt 0.577256322 0.6623348
vt 0.570329607 0.6623348
vt 0.570329607 0.679249525
vt 0.577256322 0.697824121
vt 0.570329607 0.697824121
vt 0.570173979 0.67047596
vt 0.561846256 0.668341875
vt 0.560056269 0.661623418
vt 0.551728606 0.665733576
vt 0.555386543 0.671819687
vt 0.647065997 0.711220562
vt 0.641959846 0.711220562
vt 0.647065997 0.718664527
vt 0.641959846 0.719897151
vt 0.647065997 0.719897151
vt 0.575109601 0.790218055
vt 0.575109601 0.81087184
vt 0.576599002 0.790218055
vt 0.576599002 0.812104464
vt 0.556955099 0.812104464
vt 0.55844456 0.81087184
vt 0.556955099 0.790218055
vt 0.55844456 0.790218055
vt 0.575109601 0.768331647
vt 0.575109601 0.788985372
vt 0.576599002 0.768331647
vt 0.576599002 0.790217996
vt 0.556955099 0.790218055
vt 0.55844456 0.788985372
vt 0.556955099 0.768331647
vt 0.55844456 0.768331647
vt 0.6646716 0.774465144
vt 0.659565449 0.799541175
vt 0.6646716 0.799541175
vt 0.659565449 0.774465144
vt 0.659565449 0.772993207
vt 0.6646716 0.772993207
vt 0.556817293 0.744973183
vt 0.535917938 0.744973183
vt 0.556817293 0.746445179
vt 0.534670591 0.746445179
vt 0.535917878 0.710279822
vt 0.534670591 0.708807826
vt 0.556817234 0.708807826
vt 0.556817234 0.710279822
vt 0.601110578 0.782610536
vt 0.580211282 0.782610536
vt 0.601110578 0.784082532
vt 0.578963935 0.784082532
vt 0.578963935 0.746445179
vt 0.580211282 0.747917175
vt 0.601110578 0.746445179
vt 0.601110578 0.747917175
vt 0.601110578 0.744973183
vt 0.580211282 0.744973183
vt 0.601110578 0.746445179
vt 0.578963935 0.746445179
vt 0.578963935 0.708807826
vt 0.580211282 0.710279822
vt 0.601110578 0.708807826
vt 0.601110578 0.710279822
vt 0.578963935 0.744973183
vt 0.55806458 0.744973183
vt 0.578963935 0.746445179
vt 0.556817293 0.746445179
vt 0.55806458 0.710279822
vt 0.556817293 0.708807826
vt 0.578963935 0.708807826
vt 0.578963935 0.710279822
vt 0.105521798 0.661819816
vt 0.106270567 0.661074102
vt 0.0972853005 0.661074102
vt 0.106270567 0.696869552
vt 0.0905002952 0.661819816
vt 0.0905002952 0.661074102
vt 0.0785896331 0.661074102
vt 0.105521798 0.696869552
vt 0.106270567 0.697615325
vt 0.0771008134 0.661819816
vt 0.0905003101 0.697615325
vt 0.0905002952 0.696869552
vt 0.0771008134 0.661074102
vt 0.0763123333 0.661074102
vt 0.0763123482 0.689412177
vt 0.0771008283 0.696869552
vt 0.0771008283 0.697615325
vt 0.0763123482 0.690903664
vt 0.0763123482 0.697615325
vt 0.558414042 0.81357646
vt 0.556955099 0.812104464
vt 0.556955099 0.833435595
vt 0.565734804 0.812104464
vt 0.564487517 0.81357646
vt 0.565734863 0.833435595
vt 0.564487517 0.833435595
vt 0.565734863 0.834907591
vt 0.558414042 0.833435595
vt 0.556955099 0.834907591
vt 0.567819297 0.834907591
vt 0.569278181 0.833435595
vt 0.567819297 0.81357646
vt 0.576599002 0.834907591
vt 0.575351715 0.833435595
vt 0.576599002 0.81357646
vt 0.575351715 0.81357646
vt 0.576599002 0.812104464
vt 0.569278181 0.81357646
vt 0.567819297 0.812104464
vt 0.845522285 0.707075715
vt 0.849790335 0.708567202
vt 0.849790335 0.707075715
vt 0.844024777 0.708567202
vt 0.844024777 0.707075715
vt 0.845522285 0.702601314
vt 0.843275964 0.708567202
vt 0.849790335 0.701109827
vt 0.844024777 0.702601314
vt 0.845522285 0.701109827
vt 0.844024777 0.701109827
vt 0.845522285 0.696635365
vt 0.843275964 0.690669477
vt 0.849790335 0.696635365
vt 0.844024777 0.696635365
vt 0.845522285 0.695143938
vt 0.849790335 0.690669477
vt 0.844024777 0.695143938
vt 0.845522285 0.690669477
vt 0.844024777 0.690669477
vt 0.845522285 0.68917799
vt 0.849790335 0.684703529
vt 0.844024777 0.68917799
vt 0.843275964 0.68917799
vt 0.844024777 0.684703529
vt 0.843275964 0.683212042
vt 0.845522285 0.684703529
vt 0.849790335 0.683212042
vt 0.640954614 0.822344244
vt 0.642413497 0.820872307
vt 0.640954614 0.801013172
vt 0.649734318 0.822344244
vt 0.648487031 0.820872307
vt 0.649734318 0.801013172
vt 0.648487031 0.801013172
vt 0.649734318 0.799541175
vt 0.642413497 0.801013172
vt 0.640954614 0.799541175
vt 0.647138476 0.774465144
vt 0.645679533 0.772993207
vt 0.645679533 0.794324279
vt 0.654459298 0.772993207
vt 0.653212011 0.774465144
vt 0.647138476 0.794324279
vt 0.645679533 0.795796275
vt 0.653212011 0.795796275
vt 0.653212011 0.794324279
vt 0.654459298 0.795796275
vt 0.541991472 0.820872307
vt 0.543450356 0.822344303
vt 0.543450356 0.801013172
vt 0.534670591 0.822344244
vt 0.535917938 0.820872307
vt 0.534670591 0.801013172
vt 0.535917938 0.801013172
vt 0.534670591 0.799541175
vt 0.541991472 0.801013172
vt 0.543450356 0.799541175
vt 0.606616974 0.684118032
vt 0.601661325 0.678979397
vt 0.60622865 0.700546503
vt 0.623298407 0.683567524
vt 0.601834953 0.705027461
vt 0.627801061 0.679199457
vt 0.622900963 0.700890183
vt 0.627801061 0.706084132
vt 0.609890342 0.799541175
vt 0.608431458 0.801013112
vt 0.609890342 0.820872307
vt 0.601110578 0.799541175
vt 0.602357924 0.801013172
vt 0.601110578 0.820872307
vt 0.602357924 0.820872307
vt 0.601110637 0.822344244
vt 0.608431458 0.820872307
vt 0.609890342 0.822344244
vt 0.633633733 0.801013172
vt 0.63217485 0.799541175
vt 0.63217485 0.820872307
vt 0.640954614 0.799541175
vt 0.639707267 0.801013172
vt 0.640954614 0.820872307
vt 0.639707267 0.820872307
vt 0.640954614 0.822344303
vt 0.633633733 0.820872307
vt 0.63217485 0.822344303
vt 0.647138476 0.721369147
vt 0.645679533 0.719897151
vt 0.645679533 0.741228282
vt 0.654459298 0.719897151
vt 0.653212011 0.721369147
vt 0.654459298 0.741228282
vt 0.653212011 0.741228282
vt 0.654459298 0.742700219
vt 0.647138476 0.741228282
vt 0.645679533 0.742700219
vt 0.644497931 0.751662016
vt 0.643039048 0.750190079
vt 0.643039048 0.771521211
vt 0.651818752 0.750190079
vt 0.650571465 0.751662016
vt 0.651818752 0.771521211
vt 0.650571465 0.771521211
vt 0.651818752 0.772993207
vt 0.644497931 0.771521211
vt 0.643039048 0.772993207
vt 0.645679533 0.719897151
vt 0.64422065 0.721369147
vt 0.645679533 0.744973183
vt 0.623395085 0.719897151
vt 0.624642372 0.721369147
vt 0.623395085 0.744973183
vt 0.624642372 0.744973183
vt 0.623395085 0.746445179
vt 0.64422065 0.744973183
vt 0.645679533 0.746445179
vt 0.621936202 0.744973183
vt 0.623395085 0.746445179
vt 0.623395085 0.721369147
vt 0.601110578 0.746445179
vt 0.602357924 0.744973183
vt 0.601110578 0.721369147
vt 0.602357924 0.721369147
vt 0.601110578 0.719897151
vt 0.621936202 0.721369147
vt 0.623395085 0.719897151
vt 0.556955099 0.746445179
vt 0.555496216 0.747917175
vt 0.556955099 0.771521211
vt 0.534670591 0.746445179
vt 0.535917938 0.747917175
vt 0.534670591 0.771521211
vt 0.535917938 0.771521211
vt 0.534670591 0.772993207
vt 0.555496216 0.771521211
vt 0.556955099 0.772993207
vt 0.548175335 0.801013172
vt 0.549422622 0.801013172
vt 0.548175335 0.799541175
vt 0.548175335 0.820872307
vt 0.555496216 0.801013172
vt 0.549422622 0.820872307
vt 0.556955099 0.799541175
vt 0.548175335 0.822344303
vt 0.555496216 0.820872307
vt 0.556955099 0.822344303
vt 0.145002663 0.726699173
vt 0.140734598 0.720733285
vt 0.139237061 0.720733285
vt 0.140734598 0.716258824
vt 0.153988048 0.708801448
vt 0.140734598 0.726699173
vt 0.134723932 0.732665062
vt 0.140734598 0.730427861
vt 0.139237061 0.716258824
vt 0.145002663 0.732665062
vt 0.145002663 0.730427861
vt 0.153988048 0.732665062
vt 0.134723932 0.704326987
vt 0.139237061 0.714767337
vt 0.140734598 0.714767337
vt 0.139237061 0.710292876
vt 0.140734598 0.710292876
vt 0.139237061 0.708801448
vt 0.140734598 0.708801448
vt 0.139237031 0.704326987
vt 0.140734598 0.704326987
vt 0.139237031 0.7028355
vt 0.134723932 0.7028355
vt 0.139237031 0.698361039
vt 0.134723932 0.696123838
vt 0.140734598 0.698361039
vt 0.153988048 0.696123838
vt 0.140734598 0.7028355
vt 0.863567352 0.775445759
vt 0.862069786 0.776937246
vt 0.863567352 0.779174507
vt 0.857052922 0.775445759
vt 0.857801735 0.776937246
vt 0.857052922 0.782157421
vt 0.862069786 0.782157421
vt 0.857801735 0.782157421
vt 0.862069786 0.783648908
vt 0.859299302 0.782157421
vt 0.863567352 0.786631882
vt 0.859299302 0.783648908
vt 0.857801735 0.783648908
vt 0.862069786 0.786631882
vt 0.857801735 0.788869143
vt 0.862069786 0.788869143
vt 0.857052922 0.79036057
vt 0.862069786 0.79036057
vt 0.857801735 0.79036057
vt 0.862069786 0.795580745
vt 0.857801735 0.795580745
vt 0.863567352 0.803783894
vt 0.857801735 0.797072232
vt 0.857052922 0.803783894
vt 0.862069786 0.797072232
vt 0.857801735 0.802292407
vt 0.862069786 0.802292407
vt 0.857801735 0.803783894
vt 0.167241454 0.696123838
vt 0.153988048 0.696123838
vt 0.167241454 0.698361039
vt 0.153988048 0.704326987
vt 0.167241454 0.7028355
vt 0.168739021 0.698361039
vt 0.171734154 0.696123838
vt 0.171734154 0.696869612
vt 0.168739021 0.7028355
vt 0.167241454 0.704326987
vt 0.168739021 0.704326987
vt 0.168739021 0.708801389
vt 0.167241454 0.708801389
vt 0.168739021 0.710292876
vt 0.167241454 0.710292876
vt 0.168739021 0.714767337
vt 0.171734154 0.732665062
vt 0.167241454 0.714767337
vt 0.168739021 0.716258824
vt 0.167241454 0.716258824
vt 0.168739021 0.720733225
vt 0.162973434 0.726699173
vt 0.167241454 0.720733225
vt 0.153988048 0.732665062
vt 0.167241454 0.726699173
vt 0.167241454 0.730427861
vt 0.167241454 0.732665062
vt 0.162973434 0.730427861
vt 0.162973434 0.732665062
vt 0.63217485 0.820872307
vt 0.630715907 0.820872307
vt 0.63217485 0.822344303
vt 0.623395085 0.822344303
vt 0.624642372 0.820872307
vt 0.623395085 0.820872307
vt 0.624642372 0.801013172
vt 0.623395085 0.799541175
vt 0.630715907 0.801013172
vt 0.63217485 0.799541175
vt 0.555496216 0.798069179
vt 0.556955099 0.799541175
vt 0.556955099 0.774465144
vt 0.534670591 0.799541175
vt 0.535917938 0.798069179
vt 0.534670591 0.774465144
vt 0.535917938 0.774465144
vt 0.534670591 0.772993207
vt 0.555496216 0.774465144
vt 0.556955099 0.772993207
vt 0.601110578 0.746445179
vt 0.60256952 0.747917175
vt 0.623395085 0.746445179
vt 0.601110578 0.771521211
vt 0.622147799 0.747917116
vt 0.623395085 0.747917175
vt 0.622147799 0.771521211
vt 0.623395085 0.772993207
vt 0.60256952 0.771521211
vt 0.601110578 0.772993207
vt 0.616074204 0.820872307
vt 0.614615321 0.822344303
vt 0.623395085 0.822344303
vt 0.614615321 0.801013172
vt 0.622147799 0.820872307
vt 0.623395085 0.801013172
vt 0.622147799 0.801013172
vt 0.623395085 0.799541175
vt 0.616074204 0.801013172
vt 0.614615321 0.799541175
vt 0.592330873 0.833433628
vt 0.593789756 0.812102497
vt 0.592330873 0.8106305
vt 0.601110578 0.8106305
vt 0.593789756 0.831961632
vt 0.599863291 0.812102497
vt 0.601110578 0.833433628
vt 0.601110578 0.812102497
vt 0.599863291 0.831961632
vt 0.601110578 0.831961632
vt 0.623395085 0.772993207
vt 0.621936202 0.798069179
vt 0.623395085 0.799541175
vt 0.601110578 0.799541175
vt 0.621936202 0.774465144
vt 0.602357924 0.798069179
vt 0.602357924 0.772993207
vt 0.601110578 0.798069179
vt 0.602357924 0.774465144
vt 0.601110578 0.772993207
vt 0.601110578 0.784082532
vt 0.578826189 0.784082532
vt 0.580285072 0.785554469
vt 0.578826189 0.785554469
vt 0.599863291 0.785554469
vt 0.601110578 0.785554469
vt 0.599863291 0.809158504
vt 0.601110578 0.8106305
vt 0.580285072 0.809158504
vt 0.578826189 0.8106305
vt 0.878991902 0.775445759
vt 0.876745582 0.776937246
vt 0.878243148 0.776937246
vt 0.878243148 0.781411707
vt 0.872477531 0.775445759
vt 0.878991902 0.782903194
vt 0.876745582 0.781411707
vt 0.878243148 0.782903194
vt 0.876745582 0.782903194
vt 0.872477531 0.793343544
vt 0.876745582 0.787377656
vt 0.878243148 0.787377656
vt 0.876745582 0.788869083
vt 0.878243148 0.788869083
vt 0.878243148 0.793343544
vt 0.876745582 0.793343544
vt 0.878991902 0.799309433
vt 0.876745582 0.794835031
vt 0.872477531 0.80080092
vt 0.878243148 0.794835031
vt 0.876745582 0.799309433
vt 0.876745582 0.80080092
vt 0.878243148 0.799309433
vt 0.878991902 0.80080092
vt 0.651193202 0.801013172
vt 0.658514082 0.799541175
vt 0.649734318 0.799541175
vt 0.649734318 0.820872307
vt 0.657266736 0.801013172
vt 0.658514082 0.822344303
vt 0.657266736 0.820872307
vt 0.657266736 0.822344303
vt 0.651193202 0.820872307
vt 0.649734318 0.822344303
vt 0.580285072 0.812102497
vt 0.587605894 0.8106305
vt 0.578826189 0.8106305
vt 0.578826189 0.831961632
vt 0.586358547 0.812102497
vt 0.587605894 0.833433628
vt 0.586358547 0.831961632
vt 0.586358547 0.833433628
vt 0.580285072 0.831961632
vt 0.578826189 0.833433628
vt 0.659139633 0.751662016
vt 0.660598516 0.750190079
vt 0.651818752 0.750190079
vt 0.660598516 0.771521211
vt 0.653066099 0.751662016
vt 0.651818752 0.771521211
vt 0.653066099 0.771521211
vt 0.651818752 0.772993207
vt 0.659139633 0.771521211
vt 0.660598516 0.772993207
vt 0.645679533 0.799541175
vt 0.624853969 0.798069179
vt 0.623395085 0.799541175
vt 0.623395085 0.798069179
vt 0.644432247 0.798069179
vt 0.645679533 0.798069179
vt 0.644432247 0.774465144
vt 0.645679533 0.772993207
vt 0.624853969 0.774465144
vt 0.623395085 0.772993207
vn 1.000000 0.000000 0.000000
vn 1.000000 0.000000 0.000000
vn 1.000000 0.000000 0.000000
vn 1.000000 0.000000 0.000000
vn 0.000000 1.000000 0.000000
vn 0.000000 1.000000 0.000000
vn 0.000000 1.000000 0.000000
vn 0.000000 1.000000 0.000000
vn 0.000000 -1.000000 -0.000000
vn 0.000000 -1.000000 -0.000000
vn 0.000000 -1.000000 -0.000000
vn 0.000000 -1.000000 -0.000000
vn -1.000000 0.000000 0.000000
vn -1.000000 0.000000 0.000000
vn -1.000000 0.000000 0.000000
vn -1.000000 0.000000 0.000000
vn 1.000000 0.000000 0.000000
vn 1.000000 0.000000 0.000000
vn 1.000000 0.000000 0.000000
vn 1.000000 0.000000 0.000000
vn 1.000000 0.000000 0.000000
vn 1.000000 0.000000 0.000000
vn 1.000000 0.000000 0.000000
vn 1.000000 0.000000 0.000000
vn 0.000000 1.000000 0.000000
vn 0.000000 1.000000 0.000000
vn 0.000000 1.000000 0.000000
vn 0.000000 1.000000 0.000000
vn -1.000000 0.000000 0.000000
vn -1.000000 0.000000 0.000000
vn -1.000000 0.000000 0.000000
vn -1.000000 0.000000 0.000000
vn 1.000000 0.000000 0.000000
vn 1.000000 0.000000 0.000000
vn 1.000000 0.000000 0.000000
vn 1.000000 0.000000 0.000000
vn 0.000000 -0.000000 1.000000
vn 0.000000 -0.000000 1.000000
vn 0.000000 -0.000000 1.000000
vn 0.000000 -0.000000 1.000000
vn -1.000000 0.000000 0.000000
vn -1.000000 0.000000 0.000000
vn -1.000000 0.000000 0.000000
vn -1.000000 0.000000 0.000000
vn 0.000000 1.000000 0.000000
vn 0.000000 1.000000 0.000000
vn 0.000000 1.000000 0.000000
vn 0.000000 1.000000 0.000000
vn 0.000000 -0.000000 1.000000
vn 0.000000 -0.000000 1.000000
vn 0.000000 -0.000000 1.000000
vn 0.000000 -0.000000 1.000000
vn 0.000000 1.000000 0.000000
vn 0.000000 1.000000 0.000000
vn 0.000000 1.000000 0.000000
vn 0.000000 1.000000 0.000000
vn 0.000000 1.000000 0.000000
vn 0.000000 1.000000 0.000000
vn 0.000000 1.000000 0.000000
vn 0.000000 1.000000 0.000000
vn -1.000000 0.000000 0.000000
vn -1.000000 0.000000 0.000000
vn -1.000000 0.000000 0.000000
vn -1.000000 0.000000 0.000000
vn 0.000000 -1.000000 -0.000000
vn 0.000000 -1.000000 -0.000000
vn 0.000000 -1.000000 -0.000000
vn 0.000000 -1.000000 -0.000000
vn -1.000000 0.000000 0.000000
vn -1.000000 0.000000 0.000000
vn -1.000000 0.000000 0.000000
vn -1.000000 0.000000 0.000000
vn 0.000000 -1.000000 -0.000000
vn 0.000000 -1.000000 -0.000000
vn 0.000000 -1.000000 -0.000000
vn 0.000000 -1.000000 -0.000000
vn 0.000000 -0.000000 1.000000
vn 0.000000 -0.000000 1.000000
vn 0.000000 -0.000000 1.000000
vn 0.000000 -0.000000 1.000000
vn 0.000000 -0.000000 1.000000
vn 0.000000 -0.000000 1.000000
vn 0.000000 -0.000000 1.000000
vn 0.000000 -0.000000 1.000000
vn 0.000000 -0.000000 1.000000
vn 0.000000 -0.000000 1.000000
vn 0.000000 -0.000000 1.000000
vn 0.000000 -0.000000 1.000000
vn 0.000000 -0.000000 1.000000
vn 0.000000 -0.000000 1.000000
vn 0.000000 -0.000000 1.000000
vn 0.000000 -0.000000 1.000000
vn 0.000000 -1.000000 -0.000000
vn 0.000000 -1.000000 -0.000000
vn 0.000000 -1.000000 -0.000000
vn 0.000000 -1.000000 -0.000000
vn 0.000000 -0.000000 1.000000
vn 0.000000 -0.000000 1.000000
vn 0.000000 -0.000000 1.000000
vn 0.000000 -0.000000 1.000000
vn 0.000000 -0.000000 1.000000
vn 0.000000 -0.000000 1.000000
vn 0.000000 -0.000000 1.000000
vn 0.000000 -0.000000 1.000000
vn 0.000000 -0.000000 1.000000
vn 0.000000 -0.000000 1.000000
vn 0.000000 -0.000000 1.000000
vn 0.000000 -0.000000 1.000000
vn 0.000000 -0.000000 1.000000
vn 0.000000 -0.000000 1.000000
vn 0.000000 -0.000000 1.000000
vn 0.000000 -0.000000 1.000000
vn 0.000000 -1.000000 -0.000000
vn 0.000000 -1.000000 -0.000000
vn 0.000000 -1.000000 -0.000000
vn 0.000000 -1.000000 -0.000000
vn 0.000000 1.000000 0.000000
vn 0.000000 1.000000 0.000000
vn 0.000000 1.000000 0.000000
vn 0.000000 1.000000 0.000000
vn 0.000000 1.000000 0.000000
vn 0.000000 1.000000 0.000000
vn 0.000000 1.000000 0.000000
vn 0.000000 1.000000 0.000000
vn 0.000000 -1.000000 -0.000000
vn 0.000000 -1.000000 -0.000000
vn 0.000000 -1.000000 -0.000000
vn 0.000000 -1.000000 -0.000000
vn -1.000000 0.000000 0.000000
vn -1.000000 0.000000 0.000000
vn -1.000000 0.000000 0.000000
vn -1.000000 0.000000 0.000000
vn 1.000000 0.000000 0.000000
vn 1.000000 0.000000 0.000000
vn 1.000000 0.000000 0.000000
vn 1.000000 0.000000 0.000000
vn 0.000000 -0.000000 1.000000
vn 0.000000 -0.000000 1.000000
vn 0.000000 -0.000000 1.000000
vn 0.000000 -0.000000 1.000000
vn 0.000000 1.000000 0.000000
vn 0.000000 1.000000 0.000000
vn 0.000000 1.000000 0.000000
vn 0.000000 1.000000 0.000000
vn 0.000000 -1.000000 -0.000000
vn 0.000000 -1.000000 -0.000000
vn 0.000000 -1.000000 -0.000000
vn 0.000000 -1.000000 -0.000000
vn 0.000000 -1.000000 -0.000000
vn 0.000000 -1.000000 -0.000000
vn 0.000000 -1.000000 -0.000000
vn 0.000000 -1.000000 -0.000000
vn 0.000000 -1.000000 -0.000000
vn 0.000000 -1.000000 -0.000000
vn 0.000000 -1.000000 -0.000000
vn 0.000000 -1.000000 -0.000000
vn 0.000000 -1.000000 -0.000000
vn 0.000000 -1.000000 -0.000000
vn 0.000000 -1.000000 -0.000000
vn 0.000000 -1.000000 -0.000000
vn 0.000000 1.000000 0.000000
vn 0.000000 1.000000 0.000000
vn 0.000000 1.000000 0.000000
vn 0.000000 1.000000 0.000000
vn 0.000000 1.000000 0.000000
vn 0.000000 1.000000 0.000000
vn 0.000000 1.000000 0.000000
vn 0.000000 1.000000 0.000000
vn 0.000000 1.000000 0.000000
vn 0.000000 1.000000 0.000000
vn 0.000000 1.000000 0.000000
vn 0.000000 1.000000 0.000000
vn 0.000000 1.000000 0.000000
vn 0.000000 1.000000 0.000000
vn 0.000000 1.000000 0.000000
vn 0.000000 1.000000 0.000000
vn -1.000000 0.000000 0.000000
vn -1.000000 0.000000 0.000000
vn -1.000000 0.000000 0.000000
vn -1.000000 0.000000 0.000000
vn 1.000000 0.000000 0.000000
vn 1.000000 0.000000 0.000000
vn 1.000000 0.000000 0.000000
vn 1.000000 0.000000 0.000000
vn 0.000000 1.000000 0.000000
vn 0.000000 1.000000 0.000000
vn 0.000000 1.000000 0.000000
vn 0.000000 1.000000 0.000000
vn -0.999913 0.000000 -0.013164
vn -0.999913 0.000000 -0.013164
vn -0.999913 0.000000 -0.013165
vn -0.999913 0.000000 -0.013164
vn 1.000000 0.000000 0.000000
vn 1.000000 0.000000 0.000000
vn 1.000000 0.000000 0.000000
vn 1.000000 0.000000 0.000000
vn 0.000000 1.000000 0.000000
vn 0.000000 1.000000 0.000000
vn 0.000000 1.000000 0.000000
vn 0.000000 1.000000 0.000000
vn -1.000000 0.000000 0.000000
vn -1.000000 0.000000 0.000000
vn -1.000000 0.000000 0.000000
vn -1.000000 0.000000 0.000000
vn 0.000000 1.000000 0.000000
vn 0.000000 1.000000 0.000000
vn 0.000000 1.000000 0.000000
vn 0.000000 1.000000 0.000000
vn 0.000000 1.000000 0.000000
vn 0.000000 -1.000000 -0.000000
vn 0.000000 -1.000000 -0.000000
vn 0.000000 -1.000000 -0.000000
vn 0.000000 -1.000000 -0.000000
vn 0.000000 -0.000000 1.000000
vn 0.000000 -0.000000 1.000000
vn 0.000000 -0.000000 1.000000
vn 0.000000 -0.000000 1.000000
vn 0.000000 0.000000 -1.000000
vn 0.000000 0.000000 -1.000000
vn 0.000000 0.000000 -1.000000
vn 0.000000 0.000000 -1.000000
vn 0.000000 0.000000 -1.000000
vn 0.000000 0.000000 -1.000000
vn 0.000000 0.000000 -1.000000
vn 0.000000 0.000000 -1.000000
vn 0.000000 0.000000 -1.000000
vn 0.000000 0.000000 -1.000000
vn 0.000000 0.000000 -1.000000
vn 0.000000 0.000000 -1.000000
vn 0.000000 0.000000 -1.000000
vn 0.000000 0.000000 -1.000000
vn 0.000000 0.000000 -1.000000
vn 0.000000 0.000000 -1.000000
vn 0.000000 0.000000 -1.000000
vn 0.000000 0.000000 -1.000000
vn 0.000000 0.000000 -1.000000
vn 0.000000 0.000000 -1.000000
vn 0.000000 0.000000 -1.000000
vn 0.000000 0.000000 -1.000000
vn 0.000000 0.000000 -1.000000
vn 0.000000 0.000000 -1.000000
vn 0.000000 0.000000 -1.000000
vn 0.000000 0.000000 -1.000000
vn 0.000000 0.000000 -1.000000
vn 0.000000 0.000000 -1.000000
vn 0.000000 0.000000 -1.000000
vn 0.000000 0.000000 -1.000000
vn 0.000000 0.000000 -1.000000
vn 0.000000 0.000000 -1.000000
vn 0.000000 0.000000 -1.000000
vn 0.000000 0.000000 -1.000000
vn 0.000000 0.000000 -1.000000
vn 0.000000 0.000000 -1.000000
vn 0.000000 0.000000 -1.000000
vn 0.000000 0.000000 -1.000000
vn 0.000000 0.000000 -1.000000
vn 0.000000 0.000000 -1.000000
vn 0.000000 0.000000 -1.000000
vn 0.000000 0.000000 -1.000000
vn 0.000000 0.000000 -1.000000
vn 0.000000 0.000000 -1.000000
vn 0.000000 0.000000 -1.000000
vn 0.000000 0.000000 -1.000000
vn 0.000000 0.000000 -1.000000
vn 0.000000 0.000000 -1.000000
vn 0.000000 0.000000 -1.000000
vn 0.000000 0.000000 -1.000000
vn 0.000000 0.000000 -1.000000
vn 0.000000 0.000000 -1.000000
vn 0.000000 0.000000 -1.000000
vn 0.000000 0.000000 -1.000000
vn 0.000000 0.000000 -1.000000
vn 0.000000 0.000000 -1.000000
vn 0.000000 0.000000 -1.000000
vn 0.000000 0.000000 -1.000000
vn 0.000000 0.000000 -1.000000
vn 0.000000 0.000000 -1.000000
vn 0.000000 0.000000 -1.000000
vn 0.000000 0.000000 -1.000000
vn 0.000000 0.000000 -1.000000
vn 0.000000 0.000000 -1.000000
vn 0.000000 -1.000000 -0.000000
vn 0.000000 -1.000000 -0.000000
vn 0.000000 -1.000000 -0.000000
vn 0.000000 -1.000000 -0.000000
vn 0.689953 0.000000 -0.723854
vn 0.689953 0.000000 -0.723854
vn 0.689953 0.000000 -0.723854
vn 0.689953 0.000000 -0.723854
vn 0.695226 -0.000000 0.718791
vn 0.695226 -0.000000 0.718791
vn 0.695226 -0.000000 0.718791
vn 0.695226 -0.000000 0.718791
vn -0.232161 -0.000000 0.972677
vn -0.232161 -0.000000 0.972677
vn -0.232160 -0.000000 0.972678
vn -0.232161 -0.000000 0.972677
vn -1.000000 0.000000 0.000000
vn -1.000000 0.000000 0.000000
vn -1.000000 0.000000 0.000000
vn -1.000000 0.000000 0.000000
vn 0.263782 0.000000 -0.964582
vn 0.263782 0.000000 -0.964582
vn 0.263782 0.000000 -0.964582
vn 0.263782 0.000000 -0.964582
vn -0.704404 0.000000 -0.709799
vn -0.704404 0.000000 -0.709799
vn -0.704404 0.000000 -0.709799
vn -0.704404 0.000000 -0.709799
vn -0.684291 -0.000000 0.729209
vn -0.684291 -0.000000 0.729209
vn -0.684291 -0.000000 0.729209
vn -0.684291 -0.000000 0.729209
vn 0.179473 -0.000000 0.983763
vn 0.179473 -0.000000 0.983763
vn 0.179473 -0.000000 0.983763
vn 0.179472 -0.000000 0.983763
vn 1.000000 0.000000 0.000000
vn 1.000000 0.000000 0.000000
vn 1.000000 0.000000 0.000000
vn 1.000000 0.000000 0.000000
vn 0.000000 0.000000 -1.000000
vn 0.000000 0.000000 -1.000000
vn 0.000000 0.000000 -1.000000
vn 0.000000 0.000000 -1.000000
vn 1.000000 0.000000 0.000000
vn 1.000000 0.000000 0.000000
vn 1.000000 0.000000 0.000000
vn 1.000000 0.000000 0.000000
vn 0.000000 -0.000000 1.000000
vn 0.000000 -0.000000 1.000000
vn 0.000000 -0.000000 1.000000
vn 0.000000 -0.000000 1.000000
vn -1.000000 0.000000 0.000000
vn -1.000000 0.000000 0.000000
vn -1.000000 0.000000 0.000000
vn -1.000000 0.000000 0.000000
vn -0.210558 0.000000 -0.977581
vn -0.210558 0.000000 -0.977581
vn -0.210558 0.000000 -0.977581
vn -0.210557 0.000000 -0.977582
vn 0.652711 -0.000000 0.757607
vn 0.460661 -0.000000 0.887576
vn 0.652711 -0.000000 0.757607
vn 0.230330 -0.000000 0.973112
vn 0.000000 -0.000000 1.000000
vn 0.000000 -0.000000 1.000000
vn -0.437096 -0.000000 0.899415
vn -0.437096 -0.000000 0.899415
vn -0.437096 -0.000000 0.899415
vn -0.437096 -0.000000 0.899415
vn -0.853556 0.000000 -0.521000
vn -0.853556 0.000000 -0.521000
vn -0.853556 0.000000 -0.521000
vn -0.853556 0.000000 -0.521000
vn 0.468375 0.000000 -0.883530
vn 0.468375 0.000000 -0.883530
vn 0.468375 0.000000 -0.883530
vn 0.468375 0.000000 -0.883530
vn -1.000000 0.000000 0.000000
vn -0.976113 0.000000 -0.217263
vn -1.000000 0.000000 0.000000
vn -0.900659 0.000000 -0.434526
vn -0.784738 0.000000 -0.619827
vn -0.784738 0.000000 -0.619827
vn 0.000000 0.000000 -1.000000
vn 0.000000 0.000000 -1.000000
vn 0.000000 0.000000 -1.000000
vn 0.000000 0.000000 -1.000000
vn 1.000000 0.000000 0.000000
vn 1.000000 0.000000 0.000000
vn 1.000000 0.000000 0.000000
vn 1.000000 0.000000 0.000000
vn 0.000000 -0.000000 1.000000
vn 0.000000 -0.000000 1.000000
vn 0.000000 -0.000000 1.000000
vn 0.000000 -0.000000 1.000000
vn -1.000000 0.000000 0.000000
vn -1.000000 0.000000 0.000000
vn -1.000000 0.000000 0.000000
vn -1.000000 0.000000 0.000000
vn 0.708593 0.000000 -0.705617
vn 0.708593 0.000000 -0.705617
vn 0.708593 0.000000 -0.705617
vn 0.708593 0.000000 -0.705617
vn 0.694866 -0.000000 0.719139
vn 0.694866 -0.000000 0.719139
vn 0.694866 -0.000000 0.719139
vn 0.694866 -0.000000 0.719139
vn -0.685831 -0.000000 0.727761
vn -0.685831 -0.000000 0.727761
vn -0.685831 -0.000000 0.727761
vn -0.685831 -0.000000 0.727761
vn -0.699719 0.000000 -0.714418
vn -0.699719 0.000000 -0.714418
vn -0.699719 0.000000 -0.714418
vn -0.699719 0.000000 -0.714418
vn 0.716172 -0.000000 0.697924
vn 0.716172 -0.000000 0.697924
vn 0.716172 -0.000000 0.697924
vn 0.716172 -0.000000 0.697924
vn 0.700070 0.000000 -0.714074
vn 0.700070 0.000000 -0.714074
vn 0.700070 0.000000 -0.714074
vn 0.700070 0.000000 -0.714074
vn -0.716661 0.000000 -0.697421
vn -0.716661 0.000000 -0.697421
vn -0.716661 0.000000 -0.697421
vn -0.716661 0.000000 -0.697421
vn -0.736766 -0.000000 0.676148
vn -0.736766 -0.000000 0.676148
vn -0.736765 -0.000000 0.676149
vn -0.736766 -0.000000 0.676148
vn -0.742809 0.000000 -0.669504
vn -0.742809 0.000000 -0.669504
vn -0.742809 0.000000 -0.669504
vn -0.742809 0.000000 -0.669504
vn -0.700023 -0.000000 0.714120
vn -0.700023 -0.000000 0.714120
vn -0.700023 -0.000000 0.714121
vn -0.700023 -0.000000 0.714120
vn 0.244454 -0.000000 0.969661
vn 0.244454 -0.000000 0.969661
vn 0.244453 -0.000000 0.969661
vn 0.244455 -0.000000 0.969661
vn -1.000000 0.000000 0.000000
vn -1.000000 0.000000 0.000000
vn -1.000000 0.000000 0.000000
vn -1.000000 0.000000 0.000000
vn -0.190479 0.000000 -0.981691
vn -0.190479 0.000000 -0.981691
vn -0.190478 0.000000 -0.981691
vn -0.190480 0.000000 -0.981691
vn 0.702407 0.000000 -0.711776
vn 0.702407 0.000000 -0.711776
vn 0.702407 0.000000 -0.711776
vn 0.702407 0.000000 -0.711776
vn 0.736902 -0.000000 0.675999
vn 0.736902 -0.000000 0.675999
vn 0.736902 -0.000000 0.675999
vn 0.736902 -0.000000 0.675999
vn -0.231957 -0.000000 0.972726
vn -0.231957 -0.000000 0.972726
vn -0.231957 -0.000000 0.972726
vn -0.231957 -0.000000 0.972726
vn -1.000000 0.000000 0.000000
vn -1.000000 0.000000 0.000000
vn -1.000000 0.000000 0.000000
vn -1.000000 0.000000 0.000000
vn 0.334409 0.000000 -0.942428
vn 0.334409 0.000000 -0.942428
vn 0.334409 0.000000 -0.942428
vn 0.334409 0.000000 -0.942428
vn 0.738819 0.000000 -0.673904
vn 0.738819 0.000000 -0.673904
vn 0.738819 0.000000 -0.673904
vn 0.738819 0.000000 -0.673904
vn 0.735546 -0.000000 0.677475
vn 0.735546 -0.000000 0.677475
vn 0.735546 -0.000000 0.677474
vn 0.735546 -0.000000 0.677475
vn -0.784881 -0.000000 0.619646
vn -0.784881 -0.000000 0.619646
vn -0.784881 -0.000000 0.619646
vn -0.784881 -0.000000 0.619646
vn 0.000000 0.000000 -1.000000
vn 0.000000 0.000000 -1.000000
vn 0.000000 0.000000 -1.000000
vn 0.000000 0.000000 -1.000000
vn -0.666505 -0.000000 0.745500
vn -0.666505 -0.000000 0.745500
vn -0.666505 -0.000000 0.745500
vn -0.666505 -0.000000 0.745500
vn 0.325250 -0.000000 0.945628
vn 0.325250 -0.000000 0.945628
vn 0.325250 -0.000000 0.945628
vn 0.325249 -0.000000 0.945628
vn -1.000000 0.000000 0.000000
vn -1.000000 0.000000 0.000000
vn -1.000000 0.000000 0.000000
vn -1.000000 0.000000 0.000000
vn -0.283908 0.000000 -0.958852
vn -0.283908 0.000000 -0.958852
vn -0.283908 0.000000 -0.958851
vn -0.283907 0.000000 -0.958852
vn -0.676001 0.000000 -0.736901
vn -0.676001 0.000000 -0.736901
vn -0.676000 0.000000 -0.736901
vn -0.676001 0.000000 -0.736901
vn 0.000000 -0.000000 1.000000
vn 0.000000 -0.000000 1.000000
vn 0.000000 -0.000000 1.000000
vn 0.000000 -0.000000 1.000000
vn 0.726468 0.000000 -0.687200
vn 0.726468 0.000000 -0.687200
vn 0.726468 0.000000 -0.687200
vn 0.726468 0.000000 -0.687200
vn 0.652711 -0.000000 0.757607
vn 0.460661 -0.000000 0.887576
vn 0.652711 -0.000000 0.757607
vn 0.230330 -0.000000 0.973112
vn 0.000000 -0.000000 1.000000
vn 0.000000 -0.000000 1.000000
vn -0.437097 -0.000000 0.899414
vn -0.437097 -0.000000 0.899414
vn -0.437097 -0.000000 0.899415
vn -0.437098 -0.000000 0.899414
vn -0.853557 0.000000 -0.520999
vn -0.853557 0.000000 -0.520999
vn -0.853557 0.000000 -0.521000
vn -0.853558 0.000000 -0.520998
vn 0.468375 0.000000 -0.883530
vn 0.468375 0.000000 -0.883530
vn 0.468375 0.000000 -0.883530
vn 0.468375 0.000000 -0.883530
vn -0.944653 0.000000 -0.328071
vn -1.000000 0.000000 0.000000
vn -1.000000 0.000000 0.000000
vn -0.944653 0.000000 -0.328071
vn -0.784738 0.000000 -0.619827
vn -0.784738 0.000000 -0.619827
vn 0.000000 0.000000 -1.000000
vn 0.000000 0.000000 -1.000000
vn 0.000000 0.000000 -1.000000
vn 0.000000 0.000000 -1.000000
vn 1.000000 0.000000 0.000000
vn 1.000000 0.000000 0.000000
vn 1.000000 0.000000 0.000000
vn 1.000000 0.000000 0.000000
vn 0.000000 -0.000000 1.000000
vn 0.000000 -0.000000 1.000000
vn 0.000000 -0.000000 1.000000
vn 0.000000 -0.000000 1.000000
vn -1.000000 0.000000 0.000000
vn -1.000000 0.000000 0.000000
vn -1.000000 0.000000 0.000000
vn -1.000000 0.000000 0.000000
vn -1.000000 0.000000 0.000000
vn -1.000000 0.000000 0.000000
vn -1.000000 0.000000 0.000000
vn -1.000000 0.000000 0.000000
vn 1.000000 0.000000 0.000000
vn 1.000000 0.000000 0.000000
vn 1.000000 0.000000 0.000000
vn 1.000000 0.000000 0.000000
vn 0.000000 -0.000000 1.000000
vn 0.000000 -0.000000 1.000000
vn 0.000000 -0.000000 1.000000
vn 0.000000 -0.000000 1.000000
vn -1.000000 0.000000 0.000000
vn -1.000000 0.000000 0.000000
vn -1.000000 0.000000 0.000000
vn -1.000000 0.000000 0.000000
vn 0.000000 -1.000000 -0.000000
vn 0.000000 -1.000000 -0.000000
vn 0.000000 -1.000000 -0.000000
vn 0.000000 -1.000000 -0.000000
vn -1.000000 0.000000 0.000000
vn -1.000000 0.000000 0.000000
vn -1.000000 0.000000 0.000000
vn -1.000000 0.000000 0.000000
vn 0.000000 -0.000000 1.000000
vn 0.000000 -0.000000 1.000000
vn 0.000000 -0.000000 1.000000
vn 0.000000 -0.000000 1.000000
vn 0.000000 -0.000000 1.000000
vn 0.000000 -0.000000 1.000000
vn 0.000000 0.000000 -1.000000
vn 0.000000 0.000000 -1.000000
vn 0.000000 0.000000 -1.000000
vn 0.000000 0.000000 -1.000000
vn -1.000000 0.000000 0.000000
vn -1.000000 0.000000 0.000000
vn -1.000000 0.000000 0.000000
vn -1.000000 0.000000 0.000000
vn 1.000000 0.000000 0.000000
vn 1.000000 0.000000 0.000000
vn 1.000000 0.000000 0.000000
vn 1.000000 0.000000 0.000000
vn 0.000000 -0.000000 1.000000
vn 0.000000 -0.000000 1.000000
vn 0.000000 -0.000000 1.000000
vn 0.000000 -0.000000 1.000000
vn 0.000000 0.000000 -1.000000
vn 0.000000 0.000000 -1.000000
vn 0.000000 0.000000 -1.000000
vn 0.000000 0.000000 -1.000000
vn -1.000000 0.000000 0.000000
vn -1.000000 0.000000 0.000000
vn -1.000000 0.000000 0.000000
vn -1.000000 0.000000 0.000000
vn 1.000000 0.000000 0.000000
vn 1.000000 0.000000 0.000000
vn 1.000000 0.000000 0.000000
vn 1.000000 0.000000 0.000000
vn 0.000000 -0.000000 1.000000
vn 0.000000 -0.000000 1.000000
vn 0.000000 -0.000000 1.000000
vn 0.000000 -0.000000 1.000000
vn 0.000000 0.000000 -1.000000
vn 0.000000 0.000000 -1.000000
vn 0.000000 0.000000 -1.000000
vn 0.000000 0.000000 -1.000000
vn -1.000000 0.000000 0.000000
vn -1.000000 0.000000 0.000000
vn -1.000000 0.000000 0.000000
vn -1.000000 0.000000 0.000000
vn 1.000000 0.000000 0.000000
vn 1.000000 0.000000 0.000000
vn 1.000000 0.000000 0.000000
vn 1.000000 0.000000 0.000000
vn 0.000000 -0.000000 1.000000
vn 0.000000 -0.000000 1.000000
vn 0.000000 -0.000000 1.000000
vn 0.000000 -0.000000 1.000000
vn 1.000000 0.000000 0.000000
vn 1.000000 0.000000 0.000000
vn 1.000000 0.000000 0.000000
vn 1.000000 0.000000 0.000000
vn 0.000000 -0.000000 1.000000
vn 0.000000 -0.000000 1.000000
vn 0.000000 -0.000000 1.000000
vn 0.000000 -0.000000 1.000000
vn 0.000000 0.000000 -1.000000
vn 0.000000 0.000000 -1.000000
vn 0.000000 0.000000 -1.000000
vn 0.000000 0.000000 -1.000000
vn 0.000000 -1.000000 -0.000000
vn 0.000000 -1.000000 -0.000000
vn 0.000000 -1.000000 -0.000000
vn 0.000000 -1.000000 -0.000000
vn 0.000000 1.000000 0.000000
vn 0.000000 1.000000 0.000000
vn 0.000000 1.000000 0.000000
vn 0.000000 1.000000 0.000000
vn 0.000000 -0.000000 1.000000
vn 0.000000 -0.000000 1.000000
vn 0.000000 -0.000000 1.000000
vn 0.000000 -0.000000 1.000000
vn 0.000000 -1.000000 -0.000000
vn 0.000000 -1.000000 -0.000000
vn 0.000000 -1.000000 -0.000000
vn 0.000000 -1.000000 -0.000000
vn 0.000000 0.000000 -1.000000
vn 0.000000 0.000000 -1.000000
vn 0.000000 0.000000 -1.000000
vn 0.000000 0.000000 -1.000000
vn 0.000000 -1.000000 -0.000000
vn 0.000000 -1.000000 -0.000000
vn 0.000000 -1.000000 -0.000000
vn 0.000000 -1.000000 -0.000000
vn 1.000000 0.000000 0.000000
vn 1.000000 0.000000 0.000000
vn 1.000000 0.000000 0.000000
vn 1.000000 0.000000 0.000000
vn 0.000000 1.000000 0.000000
vn 0.000000 1.000000 0.000000
vn 0.000000 1.000000 0.000000
vn 0.000000 1.000000 0.000000
vn 0.000000 -0.000000 1.000000
vn 0.000000 -0.000000 1.000000
vn 0.000000 -0.000000 1.000000
vn 0.000000 -0.000000 1.000000
vn 0.000000 1.000000 0.000000
vn 0.000000 1.000000 0.000000
vn 0.000000 1.000000 0.000000
vn 0.000000 1.000000 0.000000
vn 0.000000 0.000000 -1.000000
vn 0.000000 0.000000 -1.000000
vn 0.000000 0.000000 -1.000000
vn 0.000000 0.000000 -1.000000
vn 0.000000 -1.000000 -0.000000
vn 0.000000 -1.000000 -0.000000
vn 0.000000 -1.000000 -0.000000
vn 0.000000 -1.000000 -0.000000
vn 0.000000 1.000000 0.000000
vn 0.000000 1.000000 0.000000
vn 0.000000 1.000000 0.000000
vn 0.000000 1.000000 0.000000
vn 0.000000 -0.000000 1.000000
vn 0.000000 -0.000000 1.000000
vn 0.000000 -0.000000 1.000000
vn 0.000000 -0.000000 1.000000
vn 0.000000 1.000000 0.000000
vn 0.000000 1.000000 0.000000
vn 0.000000 1.000000 0.000000
vn 0.000000 1.000000 0.000000
vn 0.000000 0.000000 -1.000000
vn 0.000000 0.000000 -1.000000
vn 0.000000 0.000000 -1.000000
vn 0.000000 0.000000 -1.000000
vn 0.000000 -1.000000 -0.000000
vn 0.000000 -1.000000 -0.000000
vn 0.000000 -1.000000 -0.000000
vn 0.000000 -1.000000 -0.000000
vn 0.000000 1.000000 0.000000
vn 0.000000 1.000000 0.000000
vn 0.000000 1.000000 0.000000
vn 0.000000 1.000000 0.000000
vn 0.000000 -0.000000 1.000000
vn 0.000000 -0.000000 1.000000
vn 0.000000 -0.000000 1.000000
vn 0.000000 -0.000000 1.000000
vn 0.000000 -1.000000 -0.000000
vn 0.000000 -1.000000 -0.000000
vn 0.000000 -1.000000 -0.000000
vn 0.000000 -1.000000 -0.000000
vn 0.000000 0.000000 -1.000000
vn 0.000000 0.000000 -1.000000
vn 0.000000 0.000000 -1.000000
vn 0.000000 0.000000 -1.000000
vn -1.000000 0.000000 0.000000
vn -1.000000 0.000000 0.000000
vn -1.000000 0.000000 0.000000
vn -1.000000 0.000000 0.000000
vn 0.000000 -1.000000 -0.000000
vn 0.000000 -1.000000 -0.000000
vn 0.000000 -1.000000 -0.000000
vn 0.000000 -1.000000 -0.000000
vn 0.000000 1.000000 0.000000
vn 0.000000 1.000000 0.000000
vn 0.000000 1.000000 0.000000
vn 0.000000 1.000000 0.000000
vn 0.000000 -0.000000 1.000000
vn 0.000000 -0.000000 1.000000
vn 0.000000 -0.000000 1.000000
vn 0.000000 -0.000000 1.000000
vn -1.000000 0.000000 0.000000
vn -1.000000 0.000000 0.000000
vn -1.000000 0.000000 0.000000
vn -1.000000 0.000000 0.000000
vn 0.000000 -1.000000 -0.000000
vn 0.000000 -1.000000 -0.000000
vn 0.000000 -1.000000 -0.000000
vn 0.000000 -1.000000 -0.000000
vn 0.000000 -0.000000 1.000000
vn 0.000000 -0.000000 1.000000
vn 0.000000 -0.000000 1.000000
vn 0.000000 -0.000000 1.000000
vn 0.000000 0.000000 -1.000000
vn 0.000000 0.000000 -1.000000
vn 0.000000 0.000000 -1.000000
vn 0.000000 0.000000 -1.000000
vn 0.000000 -1.000000 -0.000000
vn 0.000000 -1.000000 -0.000000
vn 0.000000 -1.000000 -0.000000
vn 0.000000 -1.000000 -0.000000
vn 0.000000 1.000000 0.000000
vn 0.000000 1.000000 0.000000
vn 0.000000 1.000000 0.000000
vn 0.000000 1.000000 0.000000
vn 0.000000 -0.000000 1.000000
vn 0.000000 -0.000000 1.000000
vn 0.000000 -0.000000 1.000000
vn 0.000000 -0.000000 1.000000
vn 0.000000 0.000000 -1.000000
vn 0.000000 0.000000 -1.000000
vn 0.000000 0.000000 -1.000000
vn 0.000000 0.000000 -1.000000
vn 0.000000 -1.000000 -0.000000
vn 0.000000 -1.000000 -0.000000
vn 0.000000 -1.000000 -0.000000
vn 0.000000 -1.000000 -0.000000
vn 0.000000 1.000000 0.000000
vn 0.000000 1.000000 0.000000
vn 0.000000 1.000000 0.000000
vn 0.000000 1.000000 0.000000
vn 0.000000 -1.000000 -0.000000
vn 0.000000 -1.000000 -0.000000
vn 0.000000 -1.000000 -0.000000
vn 0.000000 -1.000000 -0.000000
vn 0.000000 1.000000 0.000000
vn 0.000000 1.000000 0.000000
vn 0.000000 1.000000 0.000000
vn 0.000000 1.000000 0.000000
vn 0.000000 -0.000000 1.000000
vn 0.000000 -0.000000 1.000000
vn 0.000000 -0.000000 1.000000
vn 0.000000 -0.000000 1.000000
vn 0.000000 0.000000 -1.000000
vn 0.000000 0.000000 -1.000000
vn 0.000000 0.000000 -1.000000
vn 0.000000 0.000000 -1.000000
vn 0.000000 -1.000000 -0.000000
vn 0.000000 -1.000000 -0.000000
vn 0.000000 -1.000000 -0.000000
vn 0.000000 -1.000000 -0.000000
vn 0.000000 -0.000000 1.000000
vn 0.000000 -0.000000 1.000000
vn 0.000000 -0.000000 1.000000
vn 0.000000 -0.000000 1.000000
vn 0.000000 1.000000 0.000000
vn 0.000000 1.000000 0.000000
vn 0.000000 1.000000 0.000000
vn 0.000000 1.000000 0.000000
vn 0.000000 -0.000000 1.000000
vn 0.000000 -0.000000 1.000000
vn 0.000000 -0.000000 1.000000
vn 0.000000 -0.000000 1.000000
vn 0.000000 0.000000 -1.000000
vn 0.000000 0.000000 -1.000000
vn 0.000000 0.000000 -1.000000
vn 0.000000 0.000000 -1.000000
vn 0.000000 -1.000000 -0.000000
vn 0.000000 -1.000000 -0.000000
vn 0.000000 -1.000000 -0.000000
vn 0.000000 -1.000000 -0.000000
vn 0.000000 0.000000 -1.000000
vn 0.000000 0.000000 -1.000000
vn 0.000000 0.000000 -1.000000
vn 0.000000 0.000000 -1.000000
vn 0.000000 1.000000 0.000000
vn 0.000000 1.000000 0.000000
vn 0.000000 1.000000 0.000000
vn 0.000000 1.000000 0.000000
vn 0.000000 0.000000 -1.000000
vn 0.000000 0.000000 -1.000000
vn 0.000000 0.000000 -1.000000
vn 0.000000 0.000000 -1.000000
vn 0.000000 1.000000 0.000000
vn 0.000000 1.000000 0.000000
vn 0.000000 1.000000 0.000000
vn 0.000000 1.000000 0.000000
vn 0.000000 0.000000 -1.000000
vn 0.000000 0.000000 -1.000000
vn 0.000000 0.000000 -1.000000
vn 0.000000 0.000000 -1.000000
vn 0.000000 -1.000000 -0.000000
vn 0.000000 -1.000000 -0.000000
vn 0.000000 -1.000000 -0.000000
vn 0.000000 -1.000000 -0.000000
vn 0.000000 0.000000 -1.000000
vn 0.000000 0.000000 -1.000000
vn 0.000000 0.000000 -1.000000
vn 0.000000 0.000000 -1.000000
vn 0.000000 1.000000 0.000000
vn 0.000000 1.000000 0.000000
vn 0.000000 1.000000 0.000000
vn 0.000000 1.000000 0.000000
vn 0.000000 0.000000 -1.000000
vn 0.000000 0.000000 -1.000000
vn 0.000000 0.000000 -1.000000
vn 0.000000 0.000000 -1.000000
vn 0.000000 -1.000000 -0.000000
vn 0.000000 -1.000000 -0.000000
vn 0.000000 -1.000000 -0.000000
vn 0.000000 -1.000000 -0.000000
vn 0.000000 0.000000 -1.000000
vn 0.000000 0.000000 -1.000000
vn 0.000000 0.000000 -1.000000
vn 0.000000 0.000000 -1.000000
vn 1.000000 0.000000 0.000000
vn 1.000000 0.000000 0.000000
vn 1.000000 0.000000 0.000000
vn 1.000000 0.000000 0.000000
vn 0.000000 0.000000 -1.000000
vn 0.000000 0.000000 -1.000000
vn 0.000000 0.000000 -1.000000
vn 0.000000 0.000000 -1.000000
vn -1.000000 0.000000 0.000000
vn -1.000000 0.000000 0.000000
vn -1.000000 0.000000 0.000000
vn -1.000000 0.000000 0.000000
vn 0.000000 0.000000 -1.000000
vn 0.000000 0.000000 -1.000000
vn 0.000000 0.000000 -1.000000
vn 0.000000 0.000000 -1.000000
vn 0.000000 1.000000 0.000000
vn 0.000000 1.000000 0.000000
vn 0.000000 1.000000 0.000000
vn 0.000000 1.000000 0.000000
vn 1.000000 0.000000 0.000000
vn 1.000000 0.000000 0.000000
vn 1.000000 0.000000 0.000000
vn 1.000000 0.000000 0.000000
vn 0.000000 -0.000000 1.000000
vn 0.000000 -0.000000 1.000000
vn 0.000000 -0.000000 1.000000
vn 0.000000 -0.000000 1.000000
vn 0.000000 0.000000 -1.000000
vn 0.000000 0.000000 -1.000000
vn 0.000000 0.000000 -1.000000
vn 0.000000 0.000000 -1.000000
vn 1.000000 0.000000 0.000000
vn 1.000000 0.000000 0.000000
vn 1.000000 0.000000 0.000000
vn 1.000000 0.000000 0.000000
vn 0.000000 0.000000 -1.000000
vn 0.000000 0.000000 -1.000000
vn 0.000000 0.000000 -1.000000
vn 0.000000 0.000000 -1.000000
vn -1.000000 0.000000 0.000000
vn -1.000000 0.000000 0.000000
vn -1.000000 0.000000 0.000000
vn -1.000000 0.000000 0.000000
vn 0.000000 0.000000 -1.000000
vn 0.000000 0.000000 -1.000000
vn 0.000000 0.000000 -1.000000
vn 0.000000 0.000000 -1.000000
vn -1.000000 0.000000 0.000000
vn -1.000000 0.000000 0.000000
vn -1.000000 0.000000 0.000000
vn -1.000000 0.000000 0.000000
vn 0.000000 0.000000 -1.000000
vn 0.000000 0.000000 -1.000000
vn 0.000000 0.000000 -1.000000
vn 0.000000 0.000000 -1.000000
vn 0.000000 -0.000000 1.000000
vn 0.000000 -0.000000 1.000000
vn 0.000000 -0.000000 1.000000
vn 0.000000 -0.000000 1.000000
vn 0.000000 -0.000000 1.000000
vn 0.000000 -0.000000 1.000000
vn 0.000000 -0.000000 1.000000
vn 0.000000 -0.000000 1.000000
vn 0.000000 -0.000000 1.000000
vn 0.000000 -0.000000 1.000000
vn 0.000000 -0.000000 1.000000
vn 0.000000 -0.000000 1.000000
vn 0.000000 -0.000000 1.000000
vn 0.000000 -0.000000 1.000000
vn 0.000000 -0.000000 1.000000
vn 0.000000 -0.000000 1.000000
vn 0.000000 -0.000000 1.000000
vn 0.000000 -0.000000 1.000000
vn 0.000000 -0.000000 1.000000
vn 0.000000 -0.000000 1.000000
vn 0.000000 -0.000000 1.000000
vn 0.000000 -0.000000 1.000000
vn 0.000000 -0.000000 1.000000
vn 0.000000 -0.000000 1.000000
vn 0.000000 -0.000000 1.000000
vn 0.000000 -0.000000 1.000000
vn 0.000000 -0.000000 1.000000
vn 0.000000 -0.000000 1.000000
vn 0.000000 -0.000000 1.000000
vn 0.000000 -0.000000 1.000000
vn 0.000000 -0.000000 1.000000
vn 0.000000 -0.000000 1.000000
vn 0.000000 -0.000000 1.000000
vn 0.000000 -0.000000 1.000000
vn 0.000000 -0.000000 1.000000
vn 0.000000 -0.000000 1.000000
vn 0.000000 1.000000 0.000000
vn 0.000000 1.000000 0.000000
vn 0.000000 1.000000 0.000000
vn 0.000000 1.000000 0.000000
vn 0.000000 1.000000 0.000000
vn 0.000000 1.000000 0.000000
vn 0.000000 1.000000 0.000000
vn 0.000000 1.000000 0.000000
vn 0.000000 1.000000 0.000000
vn 0.000000 1.000000 0.000000
vn 0.000000 1.000000 0.000000
vn 0.000000 1.000000 0.000000
vn 0.000000 1.000000 0.000000
vn 0.000000 1.000000 0.000000
vn 0.000000 -1.000000 -0.000000
vn 0.000000 -1.000000 -0.000000
vn 0.000000 -1.000000 -0.000000
vn 0.000000 -1.000000 -0.000000
vn 0.000000 -1.000000 -0.000000
vn 0.000000 -1.000000 -0.000000
vn 0.000000 -1.000000 -0.000000
vn 0.000000 -1.000000 -0.000000
vn 0.000000 -1.000000 -0.000000
vn 0.000000 -1.000000 -0.000000
vn 0.000000 -1.000000 -0.000000
vn 0.000000 -1.000000 -0.000000
vn 0.000000 -1.000000 -0.000000
vn 0.000000 -1.000000 -0.000000
vn 0.000000 -0.000000 1.000000
vn 0.000000 -0.000000 1.000000
vn 0.000000 -0.000000 1.000000
vn 0.000000 -0.000000 1.000000
vn 0.000000 -0.000000 1.000000
vn 0.000000 1.000000 0.000000
vn 0.000000 1.000000 0.000000
vn 0.000000 1.000000 0.000000
vn 0.000000 1.000000 0.000000
vn 0.000000 1.000000 0.000000
vn 0.000000 1.000000 0.000000
vn 0.000000 1.000000 0.000000
vn 0.000000 1.000000 0.000000
vn 0.000000 1.000000 0.000000
vn 0.000000 1.000000 0.000000
vn 0.000000 1.000000 0.000000
vn 0.000000 1.000000 0.000000
vn 0.000000 1.000000 0.000000
vn 0.000000 1.000000 0.000000
vn 0.000000 1.000000 0.000000
vn 0.000000 1.000000 0.000000
vn 0.000000 1.000000 0.000000
vn 0.000000 1.000000 0.000000
vn 0.000000 1.000000 0.000000
vn 0.000000 1.000000 0.000000
vn 0.000000 1.000000 0.000000
vn 0.000000 1.000000 0.000000
vn 0.000000 1.000000 0.000000
vn 0.000000 1.000000 0.000000
vn 0.000000 1.000000 0.000000
vn 0.000000 1.000000 0.000000
vn 0.000000 1.000000 0.000000
vn 0.000000 1.000000 0.000000
vn 0.000000 1.000000 0.000000
vn 0.000000 1.000000 0.000000
vn 0.000000 1.000000 0.000000
vn 0.000000 1.000000 0.000000
vn 0.000000 1.000000 0.000000
vn 0.000000 1.000000 0.000000
vn 1.000000 0.000000 0.000000
vn 1.000000 0.000000 0.000000
vn 1.000000 0.000000 0.000000
vn 1.000000 0.000000 0.000000
vn 1.000000 0.000000 0.000000
vn 0.000000 1.000000 0.000000
vn 0.000000 1.000000 0.000000
vn 0.000000 1.000000 0.000000
vn 0.000000 1.000000 0.000000
vn 0.000000 1.000000 0.000000
vn 0.000000 1.000000 0.000000
vn 0.000000 1.000000 0.000000
vn 0.000000 1.000000 0.000000
vn 0.000000 1.000000 0.000000
vn 0.000000 1.000000 0.000000
vn 0.000000 1.000000 0.000000
vn 1.000000 0.000000 0.000000
vn 1.000000 0.000000 0.000000
vn 1.000000 0.000000 0.000000
vn 1.000000 0.000000 0.000000
vn 1.000000 0.000000 0.000000
vn 0.000000 0.000000 -1.000000
vn 0.000000 0.000000 -1.000000
vn 0.000000 0.000000 -1.000000
vn 0.000000 0.000000 -1.000000
vn 0.000000 0.000000 -1.000000
vn 0.000000 0.000000 -1.000000
vn 0.000000 -1.000000 -0.000000
vn 0.000000 -1.000000 -0.000000
vn 0.000000 -1.000000 -0.000000
vn 0.000000 -1.000000 -0.000000
vn 0.000000 -1.000000 -0.000000
vn 0.000000 -1.000000 -0.000000
vn 0.000000 -1.000000 -0.000000
vn -1.000000 0.000000 0.000000
vn -1.000000 0.000000 0.000000
vn -1.000000 0.000000 0.000000
vn -1.000000 0.000000 0.000000
vn -1.000000 0.000000 0.000000
vn 0.000000 -0.000000 1.000000
vn 0.000000 -0.000000 1.000000
vn 0.000000 -0.000000 1.000000
vn 0.000000 -0.000000 1.000000
vn 0.000000 -0.000000 1.000000
vn 0.000000 -0.000000 1.000000
vn -1.000000 0.000000 0.000000
vn -1.000000 0.000000 0.000000
vn -1.000000 0.000000 0.000000
vn -1.000000 0.000000 0.000000
vn -1.000000 0.000000 0.000000
vn -1.000000 0.000000 0.000000
vn -1.000000 0.000000 0.000000
vn -1.000000 0.000000 0.000000
vn -1.000000 0.000000 0.000000
vn 0.000000 -0.000000 1.000000
vn 0.000000 -0.000000 1.000000
vn 0.000000 -0.000000 1.000000
vn 0.000000 -0.000000 1.000000
vn 0.000000 -0.000000 1.000000
vn 0.000000 -0.000000 1.000000
vn 1.000000 0.000000 0.000000
vn 1.000000 0.000000 0.000000
vn 1.000000 0.000000 0.000000
vn 1.000000 0.000000 0.000000
vn 1.000000 0.000000 0.000000
vn 1.000000 0.000000 0.000000
vn 1.000000 0.000000 0.000000
vn 1.000000 0.000000 0.000000
vn 0.000000 1.000000 0.000000
vn 0.000000 1.000000 0.000000
vn 0.000000 1.000000 0.000000
vn 0.000000 1.000000 0.000000
vn 0.000000 1.000000 0.000000
vn 0.000000 1.000000 0.000000
vn 0.000000 0.000000 -1.000000
vn 0.000000 0.000000 -1.000000
vn 0.000000 0.000000 -1.000000
vn 0.000000 0.000000 -1.000000
vn 0.000000 0.000000 -1.000000
vn 0.000000 0.000000 -1.000000
vn 0.000000 0.000000 -1.000000
vn 0.000000 0.000000 -1.000000
vn 0.000000 0.000000 -1.000000
vn 0.000000 0.000000 -1.000000
vn 0.000000 0.000000 -1.000000
vn 0.000000 0.000000 -1.000000
vn 0.000000 0.000000 -1.000000
vn 0.000000 0.000000 -1.000000
vn 0.000000 0.000000 -1.000000
vn 0.000000 0.000000 -1.000000
vn 0.000000 0.000000 -1.000000
vn 0.000000 0.000000 -1.000000
vn 0.000000 0.000000 -1.000000
vn 0.000000 0.000000 -1.000000
vn 0.000000 0.000000 -1.000000
vn 0.000000 0.000000 -1.000000
vn 0.000000 0.000000 -1.000000
vn 0.000000 0.000000 -1.000000
vn 0.000000 0.000000 -1.000000
vn 0.000000 0.000000 -1.000000
vn 0.000000 0.000000 -1.000000
vn 0.000000 0.000000 -1.000000
vn 0.000000 0.000000 -1.000000
vn 0.000000 0.000000 -1.000000
vn 0.000000 0.000000 -1.000000
vn 0.000000 -0.000000 1.000000
vn 0.000000 -0.000000 1.000000
vn 0.000000 -0.000000 1.000000
vn 0.000000 -0.000000 1.000000
vn 0.000000 -0.000000 1.000000
vn 0.000000 1.000000 0.000000
vn 0.000000 1.000000 0.000000
vn 0.000000 1.000000 0.000000
vn 0.000000 1.000000 0.000000
vn 0.000000 1.000000 0.000000
vn 0.000000 1.000000 0.000000
vn 0.000000 1.000000 0.000000
vn 0.000000 1.000000 0.000000
vn 0.000000 1.000000 0.000000
vn 0.000000 1.000000 0.000000
vn 0.000000 1.000000 0.000000
vn 0.000000 1.000000 0.000000
vn 0.000000 1.000000 0.000000
vn 0.000000 1.000000 0.000000
vn 0.000000 1.000000 0.000000
vn 0.000000 1.000000 0.000000
vn 0.000000 1.000000 0.000000
vn 0.000000 1.000000 0.000000
vn 0.000000 1.000000 0.000000
vn 0.000000 1.000000 0.000000
vn 0.000000 1.000000 0.000000
vn 0.000000 1.000000 0.000000
vn 0.000000 1.000000 0.000000
vn 0.000000 1.000000 0.000000
vn 1.000000 0.000000 0.000000
vn 1.000000 0.000000 0.000000
vn 1.000000 0.000000 0.000000
vn 1.000000 0.000000 0.000000
vn 1.000000 0.000000 0.000000
vn 1.000000 0.000000 0.000000
vn 1.000000 0.000000 0.000000
vn 1.000000 0.000000 0.000000
vn 1.000000 0.000000 0.000000
vn 1.000000 0.000000 0.000000
vn 1.000000 0.000000 0.000000
vn 1.000000 0.000000 0.000000
vn 1.000000 0.000000 0.000000
vn 1.000000 0.000000 0.000000
vn 1.000000 0.000000 0.000000
vn 1.000000 0.000000 0.000000
vn 0.000000 0.000000 -1.000000
vn 0.000000 0.000000 -1.000000
vn 0.000000 0.000000 -1.000000
vn 0.000000 0.000000 -1.000000
vn 0.000000 0.000000 -1.000000
vn 0.000000 0.000000 -1.000000
vn 0.000000 -1.000000 -0.000000
vn 0.000000 -1.000000 -0.000000
vn 0.000000 -1.000000 -0.000000
vn 0.000000 -1.000000 -0.000000
vn 0.000000 -1.000000 -0.000000
vn 0.000000 0.000000 -1.000000
vn 0.000000 0.000000 -1.000000
vn 0.000000 0.000000 -1.000000
vn 0.000000 0.000000 -1.000000
vn 0.000000 0.000000 -1.000000
vn 0.000000 0.000000 -1.000000
vn 0.000000 0.000000 -1.000000
vn 0.000000 0.000000 -1.000000
vn 0.000000 0.000000 -1.000000
vn 0.000000 0.000000 -1.000000
vn 0.000000 0.000000 -1.000000
vn 0.000000 0.000000 -1.000000
vn 0.000000 -0.000000 1.000000
vn 0.000000 -0.000000 1.000000
vn 0.000000 -0.000000 1.000000
vn 0.000000 -0.000000 1.000000
vn 0.000000 -0.000000 1.000000
vn 0.000000 -0.000000 1.000000
vn 0.000000 0.000000 -1.000000
vn 0.000000 0.000000 -1.000000
vn 0.000000 0.000000 -1.000000
vn 0.000000 0.000000 -1.000000
vn 0.000000 0.000000 -1.000000
vn 0.000000 -1.000000 -0.000000
vn 0.000000 -1.000000 -0.000000
vn 0.000000 -1.000000 -0.000000
vn 0.000000 -1.000000 -0.000000
vn 0.000000 -1.000000 -0.000000
vn 0.000000 0.000000 -1.000000
vn 0.000000 0.000000 -1.000000
vn 0.000000 0.000000 -1.000000
vn 0.000000 0.000000 -1.000000
vn 0.000000 0.000000 -1.000000
vn 0.000000 0.000000 -1.000000
vn 0.000000 0.000000 -1.000000
vn 0.000000 0.000000 -1.000000
vn 0.000000 0.000000 -1.000000
vn 0.000000 0.000000 -1.000000
vn 0.000000 0.000000 -1.000000
vn 0.000000 0.000000 -1.000000
vn 1.000000 0.000000 0.000000
vn 1.000000 0.000000 0.000000
vn 1.000000 0.000000 0.000000
vn 1.000000 0.000000 0.000000
vn 1.000000 0.000000 0.000000
vn 0.000000 0.000000 -1.000000
vn 0.000000 0.000000 -1.000000
vn 0.000000 0.000000 -1.000000
vn 0.000000 0.000000 -1.000000
vn 0.000000 0.000000 -1.000000
vn 0.000000 -0.000000 1.000000
vn 0.000000 -0.000000 1.000000
vn 0.000000 -0.000000 1.000000
vn 0.000000 -0.000000 1.000000
vn 0.000000 -0.000000 1.000000
vn 0.000000 -0.000000 1.000000
vn 0.000000 -0.000000 1.000000
vn 0.000000 0.000000 -1.000000
vn 0.000000 0.000000 -1.000000
vn 0.000000 0.000000 -1.000000
vn 0.000000 0.000000 -1.000000
vn 0.000000 0.000000 -1.000000
vn 0.000000 0.000000 -1.000000
vn 0.000000 -0.000000 1.000000
vn 0.000000 -0.000000 1.000000
vn 0.000000 -0.000000 1.000000
vn 0.000000 -0.000000 1.000000
vn 0.000000 -0.000000 1.000000
vn 0.000000 -0.000000 1.000000
vn 0.000000 -0.000000 1.000000
vn 0.000000 1.000000 0.000000
vn 0.000000 1.000000 0.000000
vn 0.000000 1.000000 0.000000
vn 0.000000 1.000000 0.000000
vn 0.000000 1.000000 0.000000
vn 0.000000 -0.000000 1.000000
vn 0.000000 -0.000000 1.000000
vn 0.000000 -0.000000 1.000000
vn 0.000000 -0.000000 1.000000
vn 0.000000 -0.000000 1.000000
vn 0.000000 -0.000000 1.000000
vn 0.000000 1.000000 0.000000
vn 0.000000 1.000000 0.000000
vn 0.000000 1.000000 0.000000
vn 0.000000 1.000000 0.000000
vn 0.000000 1.000000 0.000000
vn 0.000000 1.000000 0.000000
vn 0.000000 1.000000 0.000000
vn 0.000000 1.000000 0.000000
vn 0.000000 1.000000 0.000000
vn 0.000000 1.000000 0.000000
vn 0.000000 1.000000 0.000000
vn 0.000000 -0.000000 1.000000
vn 0.000000 -0.000000 1.000000
vn 0.000000 -0.000000 1.000000
vn 0.000000 -0.000000 1.000000
vn 0.000000 -0.000000 1.000000
vn 0.000000 -0.000000 1.000000
vn 0.000000 -0.000000 1.000000
vn 0.000000 -0.000000 1.000000
vn 0.000000 -0.000000 1.000000
vn 0.000000 -0.000000 1.000000
vn 0.000000 -0.000000 1.000000
vn 0.000000 -0.000000 1.000000
vn 0.000000 -0.000000 1.000000
vn 0.000000 -0.000000 1.000000
vn 0.000000 -0.000000 1.000000
vn 0.000000 -0.000000 1.000000
vn 0.000000 -0.000000 1.000000
vn 0.000000 -0.000000 1.000000
vn 0.000000 1.000000 0.000000
vn 0.000000 1.000000 0.000000
vn 0.000000 1.000000 0.000000
vn 0.000000 1.000000 0.000000
vn 0.000000 1.000000 0.000000
vn 0.000000 1.000000 0.000000
vn 0.000000 1.000000 0.000000
vn 0.000000 1.000000 0.000000
vn 0.000000 1.000000 0.000000
vn 0.000000 1.000000 0.000000
vn 0.000000 1.000000 0.000000
vn 0.000000 -1.000000 -0.000000
vn 0.000000 -1.000000 -0.000000
vn 0.000000 -1.000000 -0.000000
vn 0.000000 -1.000000 -0.000000
vn 0.000000 -1.000000 -0.000000
vn -1.000000 0.000000 0.000000
vn -1.000000 0.000000 0.000000
vn -1.000000 0.000000 0.000000
vn -1.000000 0.000000 0.000000
vn -1.000000 0.000000 0.000000
vn -1.000000 0.000000 0.000000
vn -1.000000 0.000000 0.000000
vn -1.000000 0.000000 0.000000
vn -1.000000 0.000000 0.000000
vn -1.000000 0.000000 0.000000
vn -1.000000 0.000000 0.000000
vn -1.000000 0.000000 0.000000
vn -1.000000 0.000000 0.000000
vn -1.000000 0.000000 0.000000
vn -1.000000 0.000000 0.000000
vn -1.000000 0.000000 0.000000
vn 0.000000 -0.000000 1.000000
vn 0.000000 -0.000000 1.000000
vn 0.000000 -0.000000 1.000000
vn 0.000000 -0.000000 1.000000
vn 0.000000 -0.000000 1.000000
vn 0.000000 -0.000000 1.000000
vn 0.000000 -1.000000 -0.000000
vn 0.000000 -1.000000 -0.000000
vn 0.000000 -1.000000 -0.000000
vn 0.000000 -1.000000 -0.000000
vn 0.000000 -1.000000 -0.000000
vn 0.000000 -1.000000 -0.000000
vn 0.000000 -1.000000 -0.000000
vn 0.000000 -1.000000 -0.000000
vn 0.000000 1.000000 0.000000
vn 0.000000 1.000000 0.000000
vn 0.000000 1.000000 0.000000
vn 0.000000 1.000000 0.000000
vn 0.000000 1.000000 0.000000
vn 0.000000 1.000000 0.000000
vn 0.000000 1.000000 0.000000
vn 0.000000 1.000000 0.000000
vn 0.000000 -1.000000 -0.000000
vn 0.000000 -1.000000 -0.000000
vn 0.000000 -1.000000 -0.000000
vn 0.000000 -1.000000 -0.000000
vn 0.000000 -1.000000 -0.000000
vn 0.000000 -1.000000 -0.000000
vn 0.000000 -1.000000 -0.000000
vn 0.000000 -1.000000 -0.000000
vn 0.000000 1.000000 0.000000
vn 0.000000 1.000000 0.000000
vn 0.000000 1.000000 0.000000
vn 0.000000 1.000000 0.000000
vn 0.000000 1.000000 0.000000
vn 0.000000 1.000000 0.000000
vn 0.000000 1.000000 0.000000
vn 0.000000 1.000000 0.000000
vn 0.000000 -0.000000 1.000000
vn 0.000000 -0.000000 1.000000
vn 0.000000 -0.000000 1.000000
vn 0.000000 -0.000000 1.000000
vn -0.056403 -0.000000 0.998408
vn -0.056403 -0.000000 0.998408
vn -0.112626 -0.000000 0.993637
vn 0.000000 -0.000000 1.000000
vn 0.000000 -0.000000 1.000000
vn -0.045119 -0.000000 0.998982
vn -0.056403 -0.000000 0.998408
vn -0.056403 -0.000000 0.998408
vn -0.056403 -0.000000 0.998408
vn 0.000000 -0.000000 1.000000
vn 0.000000 -0.000000 1.000000
vn -0.037595 -0.000000 0.999293
vn -0.056403 -0.000000 0.998408
vn 0.000000 -0.000000 1.000000
vn 0.000000 -0.000000 1.000000
vn -1.000000 0.000000 0.000000
vn -1.000000 0.000000 0.000000
vn -1.000000 0.000000 0.000000
vn -1.000000 0.000000 0.000000
vn -1.000000 0.000000 0.000000
vn -1.000000 0.000000 0.000000
vn -1.000000 0.000000 0.000000
vn -1.000000 0.000000 0.000000
vn -1.000000 0.000000 0.000000
vn -1.000000 0.000000 0.000000
vn 1.000000 0.000000 0.000000
vn 1.000000 0.000000 0.000000
vn 1.000000 0.000000 0.000000
vn 1.000000 0.000000 0.000000
vn 1.000000 0.000000 0.000000
vn 1.000000 0.000000 0.000000
vn 1.000000 0.000000 0.000000
vn 1.000000 0.000000 0.000000
vn 1.000000 0.000000 0.000000
vn 1.000000 0.000000 0.000000
vn -1.000000 0.000000 0.000000
vn -1.000000 0.000000 0.000000
vn -1.000000 0.000000 0.000000
vn -1.000000 0.000000 0.000000
vn -1.000000 0.000000 0.000000
vn -1.000000 0.000000 0.000000
vn -1.000000 0.000000 0.000000
vn -1.000000 0.000000 0.000000
vn -1.000000 0.000000 0.000000
vn -1.000000 0.000000 0.000000
vn -1.000000 0.000000 0.000000
vn -1.000000 0.000000 0.000000
vn -1.000000 0.000000 0.000000
vn -1.000000 0.000000 0.000000
vn -1.000000 0.000000 0.000000
vn -1.000000 0.000000 0.000000
vn -1.000000 0.000000 0.000000
vn -1.000000 0.000000 0.000000
vn -1.000000 0.000000 0.000000
vn -1.000000 0.000000 0.000000
vn -1.000000 0.000000 0.000000
vn -1.000000 0.000000 0.000000
vn -1.000000 0.000000 0.000000
vn -1.000000 0.000000 0.000000
vn -1.000000 0.000000 0.000000
vn -1.000000 0.000000 0.000000
vn -1.000000 0.000000 0.000000
vn -1.000000 0.000000 0.000000
vn 1.000000 0.000000 0.000000
vn 1.000000 0.000000 0.000000
vn 1.000000 0.000000 0.000000
vn 1.000000 0.000000 0.000000
vn 1.000000 0.000000 0.000000
vn 1.000000 0.000000 0.000000
vn 1.000000 0.000000 0.000000
vn 1.000000 0.000000 0.000000
vn 1.000000 0.000000 0.000000
vn 1.000000 0.000000 0.000000
vn -1.000000 0.000000 0.000000
vn -1.000000 0.000000 0.000000
vn -1.000000 0.000000 0.000000
vn -1.000000 0.000000 0.000000
vn -1.000000 0.000000 0.000000
vn -1.000000 0.000000 0.000000
vn -1.000000 0.000000 0.000000
vn -1.000000 0.000000 0.000000
vn -1.000000 0.000000 0.000000
vn -1.000000 0.000000 0.000000
vn 1.000000 0.000000 0.000000
vn 1.000000 0.000000 0.000000
vn 1.000000 0.000000 0.000000
vn 1.000000 0.000000 0.000000
vn 1.000000 0.000000 0.000000
vn 1.000000 0.000000 0.000000
vn 1.000000 0.000000 0.000000
vn 1.000000 0.000000 0.000000
vn 1.000000 0.000000 0.000000
vn 1.000000 0.000000 0.000000
vn 0.000000 1.000000 0.000000
vn 0.000000 1.000000 0.000000
vn 0.000000 1.000000 0.000000
vn 0.000000 1.000000 0.000000
vn 0.000000 1.000000 0.000000
vn 0.000000 1.000000 0.000000
vn 0.000000 1.000000 0.000000
vn 0.000000 1.000000 0.000000
vn 1.000000 0.000000 0.000000
vn 1.000000 0.000000 0.000000
vn 1.000000 0.000000 0.000000
vn 1.000000 0.000000 0.000000
vn 1.000000 0.000000 0.000000
vn 1.000000 0.000000 0.000000
vn 1.000000 0.000000 0.000000
vn 1.000000 0.000000 0.000000
vn 1.000000 0.000000 0.000000
vn 1.000000 0.000000 0.000000
vn -1.000000 0.000000 0.000000
vn -1.000000 0.000000 0.000000
vn -1.000000 0.000000 0.000000
vn -1.000000 0.000000 0.000000
vn -1.000000 0.000000 0.000000
vn -1.000000 0.000000 0.000000
vn -1.000000 0.000000 0.000000
vn -1.000000 0.000000 0.000000
vn -1.000000 0.000000 0.000000
vn -1.000000 0.000000 0.000000
vn -1.000000 0.000000 0.000000
vn -1.000000 0.000000 0.000000
vn -1.000000 0.000000 0.000000
vn -1.000000 0.000000 0.000000
vn -1.000000 0.000000 0.000000
vn -1.000000 0.000000 0.000000
vn -1.000000 0.000000 0.000000
vn -1.000000 0.000000 0.000000
vn -1.000000 0.000000 0.000000
vn -1.000000 0.000000 0.000000
vn 1.000000 0.000000 0.000000
vn 1.000000 0.000000 0.000000
vn 1.000000 0.000000 0.000000
vn 1.000000 0.000000 0.000000
vn 1.000000 0.000000 0.000000
vn 1.000000 0.000000 0.000000
vn 1.000000 0.000000 0.000000
vn 1.000000 0.000000 0.000000
vn 1.000000 0.000000 0.000000
vn 1.000000 0.000000 0.000000
vn 0.000000 -1.000000 -0.000000
vn 0.000000 -1.000000 -0.000000
vn 0.000000 -1.000000 -0.000000
vn 0.000000 -1.000000 -0.000000
vn 0.000000 -1.000000 -0.000000
vn 0.000000 -1.000000 -0.000000
vn 0.000000 -1.000000 -0.000000
vn 0.000000 -1.000000 -0.000000
vn 0.000000 -1.000000 -0.000000
vn 0.000000 -1.000000 -0.000000
vn 0.000000 1.000000 0.000000
vn 0.000000 1.000000 0.000000
vn 0.000000 1.000000 0.000000
vn 0.000000 1.000000 0.000000
vn 0.000000 1.000000 0.000000
vn 0.000000 1.000000 0.000000
vn 0.000000 1.000000 0.000000
vn 0.000000 1.000000 0.000000
vn 0.000000 1.000000 0.000000
vn 0.000000 1.000000 0.000000
vn 0.000000 1.000000 0.000000
vn 0.000000 1.000000 0.000000
vn 0.000000 1.000000 0.000000
vn 0.000000 1.000000 0.000000
vn 0.000000 1.000000 0.000000
vn 0.000000 1.000000 0.000000
vn 0.000000 1.000000 0.000000
vn 0.000000 1.000000 0.000000
vn 0.000000 1.000000 0.000000
vn 0.000000 1.000000 0.000000
vn 1.000000 0.000000 0.000000
vn 1.000000 0.000000 0.000000
vn 1.000000 0.000000 0.000000
vn 1.000000 0.000000 0.000000
vn 1.000000 0.000000 0.000000
vn 1.000000 0.000000 0.000000
vn 1.000000 0.000000 0.000000
vn 1.000000 0.000000 0.000000
vn 1.000000 0.000000 0.000000
vn 1.000000 0.000000 0.000000
vn 1.000000 0.000000 0.000000
vn 1.000000 0.000000 0.000000
vn 1.000000 0.000000 0.000000
vn 1.000000 0.000000 0.000000
vn 1.000000 0.000000 0.000000
vn 1.000000 0.000000 0.000000
vn 1.000000 0.000000 0.000000
vn 1.000000 0.000000 0.000000
vn 1.000000 0.000000 0.000000
vn 1.000000 0.000000 0.000000
vn 1.000000 0.000000 0.000000
vn 1.000000 0.000000 0.000000
vn 1.000000 0.000000 0.000000
vn 1.000000 0.000000 0.000000
vn 1.000000 0.000000 0.000000
vn 1.000000 0.000000 0.000000
vn 1.000000 0.000000 0.000000
vn 1.000000 0.000000 0.000000
vn 1.000000 0.000000 0.000000
vn 1.000000 0.000000 0.000000
vn 1.000000 0.000000 0.000000
vn 1.000000 0.000000 0.000000
vn 1.000000 0.000000 0.000000
vn 1.000000 0.000000 0.000000
vn 1.000000 0.000000 0.000000
vn 1.000000 0.000000 0.000000
vn 1.000000 0.000000 0.000000
vn 1.000000 0.000000 0.000000
vn 0.000000 -1.000000 -0.000000
vn 0.000000 -1.000000 -0.000000
vn 0.000000 -1.000000 -0.000000
vn 0.000000 -1.000000 -0.000000
vn 0.000000 -1.000000 -0.000000
vn 0.000000 -1.000000 -0.000000
vn 0.000000 -1.000000 -0.000000
vn 0.000000 -1.000000 -0.000000
vn 0.000000 -1.000000 -0.000000
vn 0.000000 -1.000000 -0.000000
vn 0.000000 -1.000000 -0.000000
vn 0.000000 -1.000000 -0.000000
vn 0.000000 -1.000000 -0.000000
vn 0.000000 -1.000000 -0.000000
vn 0.000000 -1.000000 -0.000000
vn 0.000000 -1.000000 -0.000000
vn 0.000000 -1.000000 -0.000000
vn 0.000000 -1.000000 -0.000000
vn 0.000000 -1.000000 -0.000000
vn 0.000000 -1.000000 -0.000000
vn 0.000000 -1.000000 -0.000000
vn 0.000000 -1.000000 -0.000000
vn 0.000000 -1.000000 -0.000000
vn 0.000000 -1.000000 -0.000000
vn 0.000000 -1.000000 -0.000000
vn 0.000000 -1.000000 -0.000000
vn 0.000000 -1.000000 -0.000000
vn 0.000000 -1.000000 -0.000000
vn -1.000000 0.000000 0.000000
vn -1.000000 0.000000 0.000000
vn -1.000000 0.000000 0.000000
vn -1.000000 0.000000 0.000000
vn -1.000000 0.000000 0.000000
vn -1.000000 0.000000 0.000000
vn -1.000000 0.000000 0.000000
vn -1.000000 0.000000 0.000000
vn -1.000000 0.000000 0.000000
vn -1.000000 0.000000 0.000000
vn -1.000000 0.000000 0.000000
vn -1.000000 0.000000 0.000000
vn -1.000000 0.000000 0.000000
vn -1.000000 0.000000 0.000000
vn -1.000000 0.000000 0.000000
vn -1.000000 0.000000 0.000000
vn -1.000000 0.000000 0.000000
vn -1.000000 0.000000 0.000000
vn -1.000000 0.000000 0.000000
vn -1.000000 0.000000 0.000000
vn -1.000000 0.000000 0.000000
vn -1.000000 0.000000 0.000000
vn -1.000000 0.000000 0.000000
vn -1.000000 0.000000 0.000000
vn -1.000000 0.000000 0.000000
vn -1.000000 0.000000 0.000000
vn -1.000000 0.000000 0.000000
vn -1.000000 0.000000 0.000000
vn -1.000000 0.000000 0.000000
vn -1.000000 0.000000 0.000000
vn -1.000000 0.000000 0.000000
vn -1.000000 0.000000 0.000000
vn -1.000000 0.000000 0.000000
vn -1.000000 0.000000 0.000000
vn -1.000000 0.000000 0.000000
vn -1.000000 0.000000 0.000000
vn -1.000000 0.000000 0.000000
vn -1.000000 0.000000 0.000000
vn -1.000000 0.000000 0.000000
vn 0.000000 -1.000000 -0.000000
vn 0.000000 -1.000000 -0.000000
vn 0.000000 -1.000000 -0.000000
vn 0.000000 -1.000000 -0.000000
vn 0.000000 -1.000000 -0.000000
vn 0.000000 -1.000000 -0.000000
vn 0.000000 -1.000000 -0.000000
vn 0.000000 -1.000000 -0.000000
vn 0.000000 -1.000000 -0.000000
vn 0.000000 -1.000000 -0.000000
vn 0.000000 -1.000000 -0.000000
vn 0.000000 -1.000000 -0.000000
vn 0.000000 -1.000000 -0.000000
vn 0.000000 -1.000000 -0.000000
vn 0.000000 -1.000000 -0.000000
vn 0.000000 -1.000000 -0.000000
vn 0.000000 -1.000000 -0.000000
vn 0.000000 -1.000000 -0.000000
vn 0.000000 -1.000000 -0.000000
vn 0.000000 -1.000000 -0.000000
vn -1.000000 0.000000 0.000000
vn -1.000000 0.000000 0.000000
vn -1.000000 0.000000 0.000000
vn -1.000000 0.000000 0.000000
vn -1.000000 0.000000 0.000000
vn -1.000000 0.000000 0.000000
vn -1.000000 0.000000 0.000000
vn -1.000000 0.000000 0.000000
vn -1.000000 0.000000 0.000000
vn -1.000000 0.000000 0.000000
vn -1.000000 0.000000 0.000000
vn -1.000000 0.000000 0.000000
vn -1.000000 0.000000 0.000000
vn -1.000000 0.000000 0.000000
vn -1.000000 0.000000 0.000000
vn -1.000000 0.000000 0.000000
vn -1.000000 0.000000 0.000000
vn -1.000000 0.000000 0.000000
vn -1.000000 0.000000 0.000000
vn -1.000000 0.000000 0.000000
vn 0.000000 1.000000 0.000000
vn 0.000000 1.000000 0.000000
vn 0.000000 1.000000 0.000000
vn 0.000000 1.000000 0.000000
vn 0.000000 1.000000 0.000000
vn 0.000000 1.000000 0.000000
vn 0.000000 1.000000 0.000000
vn 0.000000 1.000000 0.000000
vn 0.000000 1.000000 0.000000
vn 0.000000 1.000000 0.000000
vn 0.000000 -1.000000 -0.000000
vn 0.000000 -1.000000 -0.000000
vn 0.000000 -1.000000 -0.000000
vn 0.000000 -1.000000 -0.000000
vn 0.000000 -1.000000 -0.000000
vn 0.000000 -1.000000 -0.000000
vn 0.000000 -1.000000 -0.000000
vn 0.000000 -1.000000 -0.000000
vn 0.000000 -1.000000 -0.000000
vn 0.000000 -1.000000 -0.000000
vn 1.000000 0.000000 0.000000
vn 1.000000 0.000000 0.000000
vn 1.000000 0.000000 0.000000
vn 1.000000 0.000000 0.000000
vn 1.000000 0.000000 0.000000
vn 1.000000 0.000000 0.000000
vn 1.000000 0.000000 0.000000
vn 1.000000 0.000000 0.000000
vn 1.000000 0.000000 0.000000
vn 1.000000 0.000000 0.000000
vn 1.000000 0.000000 0.000000
vn 1.000000 0.000000 0.000000
vn 1.000000 0.000000 0.000000
vn 1.000000 0.000000 0.000000
vn 1.000000 0.000000 0.000000
vn 1.000000 0.000000 0.000000
vn 1.000000 0.000000 0.000000
vn 1.000000 0.000000 0.000000
vn 1.000000 0.000000 0.000000
vn 1.000000 0.000000 0.000000
vn 1.000000 0.000000 0.000000
vn 1.000000 0.000000 0.000000
vn 1.000000 0.000000 0.000000
vn 1.000000 0.000000 0.000000
vn 1.000000 0.000000 0.000000
vn 1.000000 0.000000 0.000000
vn 1.000000 0.000000 0.000000
vn 1.000000 0.000000 0.000000
vn 1.000000 0.000000 0.000000
vn 1.000000 0.000000 0.000000
vn 1.000000 0.000000 0.000000
vn 1.000000 0.000000 0.000000
vn 1.000000 0.000000 0.000000
vn 1.000000 0.000000 0.000000
vn 1.000000 0.000000 0.000000
vn 1.000000 0.000000 0.000000
vn 1.000000 0.000000 0.000000
vn 1.000000 0.000000 0.000000
vn 1.000000 0.000000 0.000000
vn 1.000000 0.000000 0.000000
vn 1.000000 0.000000 0.000000
vn 1.000000 0.000000 0.000000
vn 1.000000 0.000000 0.000000
vn 1.000000 0.000000 0.000000
vn -1.000000 0.000000 0.000000
vn -1.000000 0.000000 0.000000
vn -1.000000 0.000000 0.000000
vn -1.000000 0.000000 0.000000
vn -1.000000 0.000000 0.000000
vn -1.000000 0.000000 0.000000
vn -1.000000 0.000000 0.000000
vn -1.000000 0.000000 0.000000
vn -1.000000 0.000000 0.000000
vn -1.000000 0.000000 0.000000
vn 0.000000 1.000000 0.000000
vn 0.000000 1.000000 0.000000
vn 0.000000 1.000000 0.000000
vn 0.000000 1.000000 0.000000
vn 0.000000 1.000000 0.000000
vn 0.000000 1.000000 0.000000
vn 0.000000 1.000000 0.000000
vn 0.000000 1.000000 0.000000
vn 0.000000 1.000000 0.000000
vn 0.000000 1.000000 0.000000
f 3/3/3 2/2/2 1/1/1
f 1/1/1 2/2/2 4/4/4
f 7/7/7 6/6/6 5/5/5
f 5/5/5 6/6/6 8/8/8
f 11/11/11 10/10/10 9/9/9
f 9/9/9 10/10/10 12/12/12
f 15/15/15 14/14/14 13/13/13
f 13/13/13 14/14/14 16/16/16
f 19/19/19 18/18/18 17/17/17
f 17/17/17 18/18/18 20/20/20
f 23/23/23 22/22/22 21/21/21
f 21/21/21 22/22/22 24/24/24
f 27/27/27 26/26/26 25/25/25
f 25/25/25 26/26/26 28/28/28
f 31/31/31 30/30/30 29/29/29
f 29/29/29 30/30/30 32/32/32
f 35/35/35 34/34/34 33/33/33
f 33/33/33 34/34/34 36/36/36
f 39/39/39 38/38/38 37/37/37
f 37/37/37 38/38/38 40/40/40
f 43/43/43 42/42/42 41/41/41
f 41/41/41 42/42/42 44/44/44
f 47/47/47 46/46/46 45/45/45
f 45/45/45 46/46/46 48/48/48
f 51/51/51 50/50/50 49/49/49
f 49/49/49 50/50/50 52/52/52
f 55/55/55 54/54/54 53/53/53
f 53/53/53 54/54/54 56/56/56
f 59/59/59 58/58/58 57/57/57
f 57/57/57 58/58/58 60/60/60
f 63/63/63 62/62/62 61/61/61
f 61/61/61 62/62/62 64/64/64
f 67/67/67 66/66/66 65/65/65
f 65/65/65 66/66/66 68/68/68
f 71/71/71 70/70/70 69/69/69
f 69/69/69 70/70/70 72/72/72
f 75/75/75 74/74/74 73/73/73
f 73/73/73 74/74/74 76/76/76
f 79/79/79 78/78/78 77/77/77
f 77/77/77 78/78/78 80/80/80
f 83/83/83 82/82/82 81/81/81
f 81/81/81 82/82/82 84/84/84
f 87/87/87 86/86/86 85/85/85
f 85/85/85 86/86/86 88/88/88
f 91/91/91 90/90/90 89/89/89
f 89/89/89 90/90/90 92/92/92
f 95/95/95 94/94/94 93/93/93
f 93/93/93 94/94/94 96/96/96
f 99/99/99 98/98/98 97/97/97
f 97/97/97 98/98/98 100/100/100
f 103/103/103 102/102/102 101/101/101
f 101/101/101 102/102/102 104/104/104
f 107/107/107 106/106/106 105/105/105
f 105/105/105 106/106/106 108/108/108
f 111/111/111 110/110/110 109/109/109
f 109/109/109 110/110/110 112/112/112
f 115/115/115 114/114/114 113/113/113
f 113/113/113 114/114/114 116/116/116
f 119/119/119 118/118/118 117/117/117
f 117/117/117 118/118/118 120/120/120
f 123/123/123 122/122/122 121/121/121
f 121/121/121 122/122/122 124/124/124
f 127/127/127 126/126/126 125/125/125
f 125/125/125 126/126/126 128/128/128
f 131/131/131 130/130/130 129/129/129
f 129/129/129 130/130/130 132/132/132
f 135/135/135 134/134/134 133/133/133
f 133/133/133 134/134/134 136/136/136
f 139/139/139 138/138/138 137/137/137
f 137/137/137 138/138/138 140/140/140
f 143/143/143 142/142/142 141/141/141
f 141/141/141 142/142/142 144/144/144
f 147/147/147 146/146/146 145/145/145
f 145/145/145 146/146/146 148/148/148
f 151/151/151 150/150/150 149/149/149
f 149/149/149 150/150/150 152/152/152
f 155/155/155 154/154/154 153/153/153
f 153/153/153 154/154/154 156/156/156
f 159/159/159 158/158/158 157/157/157
f 157/157/157 158/158/158 160/160/160
f 163/163/163 162/162/162 161/161/161
f 161/161/161 162/162/162 164/164/164
f 167/167/167 166/166/166 165/165/165
f 165/165/165 166/166/166 168/168/168
f 171/171/171 170/170/170 169/169/169
f 169/169/169 170/170/170 172/172/172
f 175/175/175 174/174/174 173/173/173
f 173/173/173 174/174/174 176/176/176
f 179/179/179 178/178/178 177/177/177
f 177/177/177 178/178/178 180/180/180
f 183/183/183 182/182/182 181/181/181
f 181/181/181 182/182/182 184/184/184
f 187/187/187 186/186/186 185/185/185
f 185/185/185 186/186/186 188/188/188
f 191/191/191 190/190/190 189/189/189
f 189/189/189 190/190/190 192/192/192
f 195/195/195 194/194/194 193/193/193
f 193/193/193 194/194/194 196/196/196
f 199/199/199 198/198/198 197/197/197
f 197/197/197 198/198/198 200/200/200
f 203/203/203 202/202/202 201/201/201
f 201/201/201 202/202/202 204/204/204
f 207/207/207 206/206/206 205/205/205
f 206/206/206 207/207/207 208/208/208
f 209/209/209 208/208/208 207/207/207
f 212/212/212 211/211/211 210/210/210
f 210/210/210 211/211/211 213/213/213
f 216/216/216 215/215/215 214/214/214
f 214/214/214 215/215/215 217/217/217
f 220/220/220 219/219/219 218/218/218
f 218/218/218 219/219/219 221/221/221
f 224/224/224 223/223/223 222/222/222
f 222/222/222 223/223/223 225/225/225
f 228/228/228 227/227/227 226/226/226
f 226/226/226 227/227/227 229/229/229
f 232/232/232 231/231/231 230/230/230
f 230/230/230 231/231/231 233/233/233
f 236/236/236 235/235/235 234/234/234
f 234/234/234 235/235/235 237/237/237
f 240/240/240 239/239/239 238/238/238
f 238/238/238 239/239/239 241/241/241
f 244/244/244 243/243/243 242/242/242
f 242/242/242 243/243/243 245/245/245
f 248/248/248 247/247/247 246/246/246
f 246/246/246 247/247/247 249/249/249
f 252/252/252 251/251/251 250/250/250
f 250/250/250 251/251/251 253/253/253
f 256/256/256 255/255/255 254/254/254
f 254/254/254 255/255/255 257/257/257
f 260/260/260 259/259/259 258/258/258
f 258/258/258 259/259/259 261/261/261
f 264/264/264 263/263/263 262/262/262
f 262/262/262 263/263/263 265/265/265
f 268/268/268 267/267/267 266/266/266
f 266/266/266 267/267/267 269/269/269
f 272/272/272 271/271/271 270/270/270
f 270/270/270 271/271/271 273/273/273
f 276/276/276 275/275/275 274/274/274
f 274/274/274 275/275/275 277/277/277
f 280/280/280 279/279/279 278/278/278
f 278/278/278 279/279/279 281/281/281
f 284/284/284 283/283/283 282/282/282
f 282/282/282 283/283/283 285/285/285
f 288/288/288 287/287/287 286/286/286
f 286/286/286 287/287/287 289/289/289
f 292/292/292 291/291/291 290/290/290
f 290/290/290 291/291/291 293/293/293
f 296/296/296 295/295/295 294/294/294
f 294/294/294 295/295/295 297/297/297
f 300/300/300 299/299/299 298/298/298
f 298/298/298 299/299/299 301/301/301
f 304/304/304 303/303/303 302/302/302
f 302/302/302 303/303/303 305/305/305
f 308/308/308 307/307/307 306/306/306
f 306/306/306 307/307/307 309/309/309
f 312/312/312 311/311/311 310/310/310
f 310/310/310 311/311/311 313/313/313
f 316/316/316 315/315/315 314/314/314
f 314/314/314 315/315/315 317/317/317
f 320/320/320 319/319/319 318/318/318
f 318/318/318 319/319/319 321/321/321
f 324/324/324 323/323/323 322/322/322
f 322/322/322 323/323/323 325/325/325
f 328/328/328 327/327/327 326/326/326
f 326/326/326 327/327/327 329/329/329
f 332/332/332 331/331/331 330/330/330
f 330/330/330 331/331/331 333/333/333
f 336/336/336 335/335/335 334/334/334
f 334/334/334 335/335/335 337/337/337
f 340/340/340 339/339/339 338/338/338
f 338/338/338 339/339/339 341/341/341
f 344/344/344 343/343/343 342/342/342
f 342/342/342 343/343/343 345/345/345
f 343/343/343 346/346/346 345/345/345
f 345/345/345 346/346/346 347/347/347
f 350/350/350 349/349/349 348/348/348
f 348/348/348 349/349/349 351/351/351
f 354/354/354 353/353/353 352/352/352
f 352/352/352 353/353/353 355/355/355
f 358/358/358 357/357/357 356/356/356
f 356/356/356 357/357/357 359/359/359
f 362/362/362 361/361/361 360/360/360
f 360/360/360 361/361/361 363/363/363
f 361/361/361 364/364/364 363/363/363
f 363/363/363 364/364/364 365/365/365
f 368/368/368 367/367/367 366/366/366
f 366/366/366 367/367/367 369/369/369
f 372/372/372 371/371/371 370/370/370
f 370/370/370 371/371/371 373/373/373
f 376/376/376 375/375/375 374/374/374
f 374/374/374 375/375/375 377/377/377
f 380/380/380 379/379/379 378/378/378
f 378/378/378 379/379/379 381/381/381
f 384/384/384 383/383/383 382/382/382
f 382/382/382 383/383/383 385/385/385
f 388/388/388 387/387/387 386/386/386
f 386/386/386 387/387/387 389/389/389
f 392/392/392 391/391/391 390/390/390
f 390/390/390 391/391/391 393/393/393
f 396/396/396 395/395/395 394/394/394
f 394/394/394 395/395/395 397/397/397
f 400/400/400 399/399/399 398/398/398
f 398/398/398 399/399/399 401/401/401
f 404/404/404 403/403/403 402/402/402
f 402/402/402 403/403/403 405/405/405
f 408/408/408 407/407/407 406/406/406
f 406/406/406 407/407/407 409/409/409
f 412/412/412 411/411/411 410/410/410
f 410/410/410 411/411/411 413/413/413
f 416/416/416 415/415/415 414/414/414
f 414/414/414 415/415/415 417/417/417
f 420/420/420 419/419/419 418/418/418
f 418/418/418 419/419/419 421/421/421
f 424/424/424 423/423/423 422/422/422
f 422/422/422 423/423/423 425/425/425
f 428/428/428 427/427/427 426/426/426
f 426/426/426 427/427/427 429/429/429
f 432/432/432 431/431/431 430/430/430
f 430/430/430 431/431/431 433/433/433
f 436/436/436 435/435/435 434/434/434
f 434/434/434 435/435/435 437/437/437
f 440/440/440 439/439/439 438/438/438
f 438/438/438 439/439/439 441/441/441
f 444/444/444 443/443/443 442/442/442
f 442/442/442 443/443/443 445/445/445
f 448/448/448 447/447/447 446/446/446
f 446/446/446 447/447/447 449/449/449
f 452/452/452 451/451/451 450/450/450
f 450/450/450 451/451/451 453/453/453
f 456/456/456 455/455/455 454/454/454
f 454/454/454 455/455/455 457/457/457
f 460/460/460 459/459/459 458/458/458
f 458/458/458 459/459/459 461/461/461
f 464/464/464 463/463/463 462/462/462
f 462/462/462 463/463/463 465/465/465
f 468/468/468 467/467/467 466/466/466
f 466/466/466 467/467/467 469/469/469
f 472/472/472 471/471/471 470/470/470
f 470/470/470 471/471/471 473/473/473
f 476/476/476 475/475/475 474/474/474
f 474/474/474 475/475/475 477/477/477
f 480/480/480 479/479/479 478/478/478
f 478/478/478 479/479/479 481/481/481
f 484/484/484 483/483/483 482/482/482
f 482/482/482 483/483/483 485/485/485
f 488/488/488 487/487/487 486/486/486
f 486/486/486 487/487/487 489/489/489
f 492/492/492 491/491/491 490/490/490
f 490/490/490 491/491/491 493/493/493
f 496/496/496 495/495/495 494/494/494
f 494/494/494 495/495/495 497/497/497
f 500/500/500 499/499/499 498/498/498
f 498/498/498 499/499/499 501/501/501
f 499/499/499 502/502/502 501/501/501
f 501/501/501 502/502/502 503/503/503
f 506/506/506 505/505/505 504/504/504
f 504/504/504 505/505/505 507/507/507
f 510/510/510 509/509/509 508/508/508
f 508/508/508 509/509/509 511/511/511
f 514/514/514 513/513/513 512/512/512
f 512/512/512 513/513/513 515/515/515
f 518/518/518 517/517/517 516/516/516
f 516/516/516 517/517/517 519/519/519
f 519/519/519 520/520/520 516/516/516
f 516/516/516 520/520/520 521/521/521
f 524/524/524 523/523/523 522/522/522
f 522/522/522 523/523/523 525/525/525
f 528/528/528 527/527/527 526/526/526
f 526/526/526 527/527/527 529/529/529
f 532/532/532 531/531/531 530/530/530
f 530/530/530 531/531/531 533/533/533
f 536/536/536 535/535/535 534/534/534
f 534/534/534 535/535/535 537/537/537
f 540/540/540 539/539/539 538/538/538
f 538/538/538 539/539/539 541/541/541
f 544/544/544 543/543/543 542/542/542
f 542/542/542 543/543/543 545/545/545
f 548/548/548 547/547/547 546/546/546
f 546/546/546 547/547/547 549/549/549
f 552/552/552 551/551/551 550/550/550
f 550/550/550 551/551/551 553/553/553
f 556/556/556 555/555/555 554/554/554
f 554/554/554 555/555/555 557/557/557
f 560/560/560 559/559/559 558/558/558
f 558/558/558 559/559/559 561/561/561
f 564/564/564 563/563/563 562/562/562
f 562/562/562 563/563/563 565/565/565
f 566/566/566 565/565/565 563/563/563
f 567/567/567 565/565/565 566/566/566
f 570/570/570 569/569/569 568/568/568
f 568/568/568 569/569/569 571/571/571
f 574/574/574 573/573/573 572/572/572
f 572/572/572 573/573/573 575/575/575
f 578/578/578 577/577/577 576/576/576
f 576/576/576 577/577/577 579/579/579
f 582/582/582 581/581/581 580/580/580
f 580/580/580 581/581/581 583/583/583
f 586/586/586 585/585/585 584/584/584
f 584/584/584 585/585/585 587/587/587
f 590/590/590 589/589/589 588/588/588
f 588/588/588 589/589/589 591/591/591
f 594/594/594 593/593/593 592/592/592
f 592/592/592 593/593/593 595/595/595
f 598/598/598 597/597/597 596/596/596
f 596/596/596 597/597/597 599/599/599
f 602/602/602 601/601/601 600/600/600
f 600/600/600 601/601/601 603/603/603
f 606/606/606 605/605/605 604/604/604
f 604/604/604 605/605/605 607/607/607
f 610/610/610 609/609/609 608/608/608
f 608/608/608 609/609/609 611/611/611
f 614/614/614 613/613/613 612/612/612
f 612/612/612 613/613/613 615/615/615
f 618/618/618 617/617/617 616/616/616
f 616/616/616 617/617/617 619/619/619
f 622/622/622 621/621/621 620/620/620
f 620/620/620 621/621/621 623/623/623
f 626/626/626 625/625/625 624/624/624
f 624/624/624 625/625/625 627/627/627
f 630/630/630 629/629/629 628/628/628
f 628/628/628 629/629/629 631/631/631
f 634/634/634 633/633/633 632/632/632
f 632/632/632 633/633/633 635/635/635
f 638/638/638 637/637/637 636/636/636
f 636/636/636 637/637/637 639/639/639
f 642/642/642 641/641/641 640/640/640
f 640/640/640 641/641/641 643/643/643
f 646/646/646 645/645/645 644/644/644
f 644/644/644 645/645/645 647/647/647
f 650/650/650 649/649/649 648/648/648
f 648/648/648 649/649/649 651/651/651
f 654/654/654 653/653/653 652/652/652
f 652/652/652 653/653/653 655/655/655
f 658/658/658 657/657/657 656/656/656
f 656/656/656 657/657/657 659/659/659
f 662/662/662 661/661/661 660/660/660
f 660/660/660 661/661/661 663/663/663
f 666/666/666 665/665/665 664/664/664
f 664/664/664 665/665/665 667/667/667
f 670/670/670 669/669/669 668/668/668
f 668/668/668 669/669/669 671/671/671
f 674/674/674 673/673/673 672/672/672
f 672/672/672 673/673/673 675/675/675
f 678/678/678 677/677/677 676/676/676
f 676/676/676 677/677/677 679/679/679
f 682/682/682 681/681/681 680/680/680
f 680/680/680 681/681/681 683/683/683
f 686/686/686 685/685/685 684/684/684
f 684/684/684 685/685/685 687/687/687
f 690/690/690 689/689/689 688/688/688
f 688/688/688 689/689/689 691/691/691
f 694/694/694 693/693/693 692/692/692
f 692/692/692 693/693/693 695/695/695
f 698/698/698 697/697/697 696/696/696
f 696/696/696 697/697/697 699/699/699
f 702/702/702 701/701/701 700/700/700
f 700/700/700 701/701/701 703/703/703
f 706/706/706 705/705/705 704/704/704
f 704/704/704 705/705/705 707/707/707
f 710/710/710 709/709/709 708/708/708
f 708/708/708 709/709/709 711/711/711
f 714/714/714 713/713/713 712/712/712
f 712/712/712 713/713/713 715/715/715
f 718/718/718 717/717/717 716/716/716
f 716/716/716 717/717/717 719/719/719
f 722/722/722 721/721/721 720/720/720
f 720/720/720 721/721/721 723/723/723
f 726/726/726 725/725/725 724/724/724
f 724/724/724 725/725/725 727/727/727
f 730/730/730 729/729/729 728/728/728
f 728/728/728 729/729/729 731/731/731
f 734/734/734 733/733/733 732/732/732
f 732/732/732 733/733/733 735/735/735
f 738/738/738 737/737/737 736/736/736
f 736/736/736 737/737/737 739/739/739
f 742/742/742 741/741/741 740/740/740
f 740/740/740 741/741/741 743/743/743
f 746/746/746 745/745/745 744/744/744
f 744/744/744 745/745/745 747/747/747
f 750/750/750 749/749/749 748/748/748
f 748/748/748 749/749/749 751/751/751
f 754/754/754 753/753/753 752/752/752
f 752/752/752 753/753/753 755/755/755
f 758/758/758 757/757/757 756/756/756
f 756/756/756 757/757/757 759/759/759
f 762/762/762 761/761/761 760/760/760
f 760/760/760 761/761/761 763/763/763
f 766/766/766 765/765/765 764/764/764
f 764/764/764 765/765/765 767/767/767
f 770/770/770 769/769/769 768/768/768
f 768/768/768 769/769/769 771/771/771
f 774/774/774 773/773/773 772/772/772
f 772/772/772 773/773/773 775/775/775
f 778/778/778 777/777/777 776/776/776
f 776/776/776 777/777/777 779/779/779
f 782/782/782 781/781/781 780/780/780
f 780/780/780 781/781/781 783/783/783
f 786/786/786 785/785/785 784/784/784
f 784/784/784 785/785/785 787/787/787
f 790/790/790 789/789/789 788/788/788
f 788/788/788 789/789/789 791/791/791
f 794/794/794 793/793/793 792/792/792
f 792/792/792 793/793/793 795/795/795
f 798/798/798 797/797/797 796/796/796
f 796/796/796 797/797/797 799/799/799
f 802/802/802 801/801/801 800/800/800
f 800/800/800 801/801/801 803/803/803
f 806/806/806 805/805/805 804/804/804
f 804/804/804 805/805/805 807/807/807
f 810/810/810 809/809/809 808/808/808
f 808/808/808 809/809/809 811/811/811
f 814/814/814 813/813/813 812/812/812
f 812/812/812 813/813/813 815/815/815
f 818/818/818 817/817/817 816/816/816
f 816/816/816 817/817/817 819/819/819
f 822/822/822 821/821/821 820/820/820
f 820/820/820 821/821/821 823/823/823
f 826/826/826 825/825/825 824/824/824
f 824/824/824 825/825/825 827/827/827
f 830/830/830 829/829/829 828/828/828
f 828/828/828 829/829/829 831/831/831
f 834/834/834 833/833/833 832/832/832
f 832/832/832 833/833/833 835/835/835
f 838/838/838 837/837/837 836/836/836
f 836/836/836 837/837/837 839/839/839
f 842/842/842 841/841/841 840/840/840
f 840/840/840 841/841/841 843/843/843
f 846/846/846 845/845/845 844/844/844
f 844/844/844 845/845/845 847/847/847
f 850/850/850 849/849/849 848/848/848
f 848/848/848 849/849/849 851/851/851
f 854/854/854 853/853/853 852/852/852
f 852/852/852 853/853/853 855/855/855
f 858/858/858 857/857/857 856/856/856
f 856/856/856 857/857/857 859/859/859
f 862/862/862 861/861/861 860/860/860
f 860/860/860 861/861/861 863/863/863
f 866/866/866 865/865/865 864/864/864
f 864/864/864 865/865/865 867/867/867
f 870/870/870 869/869/869 868/868/868
f 868/868/868 869/869/869 871/871/871
f 874/874/874 873/873/873 872/872/872
f 872/872/872 873/873/873 875/875/875
f 878/878/878 877/877/877 876/876/876
f 876/876/876 877/877/877 879/879/879
f 882/882/882 881/881/881 880/880/880
f 880/880/880 881/881/881 883/883/883
f 886/886/886 885/885/885 884/884/884
f 884/884/884 885/885/885 887/887/887
f 890/890/890 889/889/889 888/888/888
f 888/888/888 889/889/889 891/891/891
f 894/894/894 893/893/893 892/892/892
f 892/892/892 893/893/893 895/895/895
f 898/898/898 897/897/897 896/896/896
f 896/896/896 897/897/897 899/899/899
f 902/902/902 901/901/901 900/900/900
f 900/900/900 901/901/901 903/903/903
f 906/906/906 905/905/905 904/904/904
f 904/904/904 905/905/905 907/907/907
f 910/910/910 909/909/909 908/908/908
f 909/909/909 911/911/911 908/908/908
f 912/912/912 911/911/911 909/909/909
f 913/913/913 912/912/912 909/909/909
f 908/908/908 911/911/911 914/914/914
f 908/908/908 914/914/914 915/915/915
f 916/916/916 914/914/914 911/911/911
f 917/917/917 916/916/916 911/911/911
f 914/914/914 916/916/916 918/918/918
f 919/919/919 918/918/918 916/916/916
f 919/919/919 916/916/916 920/920/920
f 919/919/919 920/920/920 921/921/921
f 914/914/914 922/922/922 915/915/915
f 920/920/920 923/923/923 921/921/921
f 924/924/924 921/921/921 923/923/923
f 922/922/922 925/925/925 915/915/915
f 926/926/926 915/915/915 925/925/925
f 927/927/927 915/915/915 926/926/926
f 922/922/922 928/928/928 925/925/925
f 922/922/922 929/929/929 928/928/928
f 930/930/930 928/928/928 929/929/929
f 928/928/928 930/930/930 931/931/931
f 930/930/930 924/924/924 931/931/931
f 928/928/928 931/931/931 932/932/932
f 933/933/933 932/932/932 931/931/931
f 934/934/934 933/933/933 931/931/931
f 933/933/933 934/934/934 935/935/935
f 931/931/931 924/924/924 936/936/936
f 937/937/937 931/931/931 936/936/936
f 936/936/936 924/924/924 923/923/923
f 939/939/939 923/923/923 938/938/938
f 938/938/938 923/923/923 920/920/920
f 938/938/938 920/920/920 940/940/940
f 940/940/940 920/920/920 941/941/941
f 938/938/938 940/940/940 942/942/942
f 943/943/943 938/938/938 942/942/942
f 946/946/946 945/945/945 944/944/944
f 946/946/946 947/947/947 945/945/945
f 945/945/945 947/947/947 948/948/948
f 947/947/947 949/949/949 948/948/948
f 950/950/950 949/949/949 947/947/947
f 951/951/951 948/948/948 949/949/949
f 952/952/952 948/948/948 951/951/951
f 953/953/953 951/951/951 949/949/949
f 954/954/954 953/953/953 949/949/949
f 955/955/955 949/949/949 950/950/950
f 956/956/956 955/955/955 950/950/950
f 957/957/957 955/955/955 956/956/956
f 960/960/960 959/959/959 958/958/958
f 960/960/960 961/961/961 959/959/959
f 959/959/959 961/961/961 962/962/962
f 961/961/961 963/963/963 962/962/962
f 964/964/964 963/963/963 961/961/961
f 965/965/965 962/962/962 963/963/963
f 966/966/966 962/962/962 965/965/965
f 967/967/967 965/965/965 963/963/963
f 968/968/968 967/967/967 963/963/963
f 969/969/969 963/963/963 964/964/964
f 970/970/970 969/969/969 964/964/964
f 971/971/971 969/969/969 970/970/970
f 974/974/974 973/973/973 972/972/972
f 975/975/975 972/972/972 973/973/973
f 976/976/976 975/975/975 973/973/973
f 979/979/979 978/978/978 977/977/977
f 977/977/977 978/978/978 980/980/980
f 983/983/983 982/982/982 981/981/981
f 982/982/982 984/984/984 981/981/981
f 984/984/984 985/985/985 981/981/981
f 981/981/981 985/985/985 986/986/986
f 987/987/987 985/985/985 984/984/984
f 985/985/985 987/987/987 988/988/988
f 989/989/989 988/988/988 987/987/987
f 989/989/989 987/987/987 990/990/990
f 990/990/990 991/991/991 989/989/989
f 989/989/989 991/991/991 992/992/992
f 993/993/993 992/992/992 991/991/991
f 994/994/994 992/992/992 993/993/993
f 995/995/995 994/994/994 993/993/993
f 985/985/985 996/996/996 986/986/986
f 997/997/997 994/994/994 995/995/995
f 986/986/986 998/998/998 997/997/997
f 996/996/996 998/998/998 986/986/986
f 999/999/999 994/994/994 997/997/997
f 998/998/998 999/999/999 997/997/997
f 998/998/998 996/996/996 1000/1000/1000
f 994/994/994 999/999/999 1001/1001/1001
f 1002/1002/1002 1000/1000/1000 996/996/996
f 1003/1003/1003 1001/1001/1001 999/999/999
f 1003/1003/1003 1000/1000/1000 1004/1004/1004
f 1002/1002/1002 1004/1004/1004 1000/1000/1000
f 1005/1005/1005 1003/1003/1003 1004/1004/1004
f 1005/1005/1005 1001/1001/1001 1003/1003/1003
f 1005/1005/1005 1006/1006/1006 1001/1001/1001
f 1007/1007/1007 1001/1001/1001 1006/1006/1006
f 1004/1004/1004 1002/1002/1002 1008/1008/1008
f 1008/1008/1008 1007/1007/1007 1006/1006/1006
f 1002/1002/1002 1009/1009/1009 1008/1008/1008
f 1007/1007/1007 1008/1008/1008 1010/1010/1010
f 1009/1009/1009 1010/1010/1010 1008/1008/1008
f 1013/1013/1013 1012/1012/1012 1011/1011/1011
f 1012/1012/1012 1013/1013/1013 1014/1014/1014
f 1014/1014/1014 1013/1013/1013 1015/1015/1015
f 1018/1018/1018 1017/1017/1017 1016/1016/1016
f 1017/1017/1017 1019/1019/1019 1016/1016/1016
f 1019/1019/1019 1020/1020/1020 1016/1016/1016
f 1016/1016/1016 1020/1020/1020 1021/1021/1021
f 1020/1020/1020 1022/1022/1022 1021/1021/1021
f 1023/1023/1023 1021/1021/1021 1022/1022/1022
f 1023/1023/1023 1022/1022/1022 1024/1024/1024
f 1025/1025/1025 1021/1021/1021 1023/1023/1023
f 1026/1026/1026 1021/1021/1021 1025/1025/1025
f 1029/1029/1029 1028/1028/1028 1027/1027/1027
f 1030/1030/1030 1027/1027/1027 1028/1028/1028
f 1031/1031/1031 1030/1030/1030 1028/1028/1028
f 1034/1034/1034 1033/1033/1033 1032/1032/1032
f 1034/1034/1034 1035/1035/1035 1033/1033/1033
f 1036/1036/1036 1033/1033/1033 1035/1035/1035
f 1037/1037/1037 1036/1036/1036 1035/1035/1035
f 1040/1040/1040 1039/1039/1039 1038/1038/1038
f 1041/1041/1041 1038/1038/1038 1039/1039/1039
f 1042/1042/1042 1038/1038/1038 1041/1041/1041
f 1038/1038/1038 1042/1042/1042 1043/1043/1043
f 1044/1044/1044 1043/1043/1043 1042/1042/1042
f 1047/1047/1047 1046/1046/1046 1045/1045/1045
f 1046/1046/1046 1047/1047/1047 1048/1048/1048
f 1048/1048/1048 1047/1047/1047 1049/1049/1049
f 1052/1052/1052 1051/1051/1051 1050/1050/1050
f 1051/1051/1051 1052/1052/1052 1053/1053/1053
f 1051/1051/1051 1053/1053/1053 1054/1054/1054
f 1055/1055/1055 1054/1054/1054 1053/1053/1053
f 1058/1058/1058 1057/1057/1057 1056/1056/1056
f 1058/1058/1058 1059/1059/1059 1057/1057/1057
f 1060/1060/1060 1057/1057/1057 1059/1059/1059
f 1061/1061/1061 1057/1057/1057 1060/1060/1060
f 1060/1060/1060 1062/1062/1062 1061/1061/1061
f 1063/1063/1063 1061/1061/1061 1062/1062/1062
f 1064/1064/1064 1061/1061/1061 1063/1063/1063
f 1067/1067/1067 1066/1066/1066 1065/1065/1065
f 1067/1067/1067 1068/1068/1068 1066/1066/1066
f 1069/1069/1069 1066/1066/1066 1068/1068/1068
f 1070/1070/1070 1069/1069/1069 1068/1068/1068
f 1073/1073/1073 1072/1072/1072 1071/1071/1071
f 1073/1073/1073 1074/1074/1074 1072/1072/1072
f 1074/1074/1074 1075/1075/1075 1072/1072/1072
f 1075/1075/1075 1074/1074/1074 1076/1076/1076
f 1077/1077/1077 1075/1075/1075 1076/1076/1076
f 1078/1078/1078 1075/1075/1075 1077/1077/1077
f 1081/1081/1081 1080/1080/1080 1079/1079/1079
f 1080/1080/1080 1081/1081/1081 1082/1082/1082
f 1083/1083/1083 1082/1082/1082 1081/1081/1081
f 1084/1084/1084 1082/1082/1082 1083/1083/1083
f 1087/1087/1087 1086/1086/1086 1085/1085/1085
f 1088/1088/1088 1085/1085/1085 1086/1086/1086
f 1089/1089/1089 1085/1085/1085 1088/1088/1088
f 1089/1089/1089 1088/1088/1088 1090/1090/1090
f 1093/1093/1093 1092/1092/1092 1091/1091/1091
f 1092/1092/1092 1093/1093/1093 1094/1094/1094
f 1093/1093/1093 1095/1095/1095 1094/1094/1094
f 1096/1096/1096 1094/1094/1094 1095/1095/1095
f 1097/1097/1097 1096/1096/1096 1095/1095/1095
f 1096/1096/1096 1097/1097/1097 1098/1098/1098
f 1101/1101/1101 1100/1100/1100 1099/1099/1099
f 1100/1100/1100 1101/1101/1101 1102/1102/1102
f 1102/1102/1102 1101/1101/1101 1103/1103/1103
f 1104/1104/1104 1102/1102/1102 1103/1103/1103
f 1107/1107/1107 1106/1106/1106 1105/1105/1105
f 1106/1106/1106 1108/1108/1108 1105/1105/1105
f 1109/1109/1109 1105/1105/1105 1108/1108/1108
f 1112/1112/1112 1111/1111/1111 1110/1110/1110
f 1111/1111/1111 1112/1112/1112 1113/1113/1113
f 1111/1111/1111 1113/1113/1113 1114/1114/1114
f 1115/1115/1115 1114/1114/1114 1113/1113/1113
f 1118/1118/1118 1117/1117/1117 1116/1116/1116
f 1117/1117/1117 1118/1118/1118 1119/1119/1119
f 1119/1119/1119 1118/1118/1118 1120/1120/1120
f 1123/1123/1123 1122/1122/1122 1121/1121/1121
f 1122/1122/1122 1124/1124/1124 1121/1121/1121
f 1121/1121/1121 1124/1124/1124 1125/1125/1125
f 1124/1124/1124 1126/1126/1126 1125/1125/1125
f 1127/1127/1127 1125/1125/1125 1126/1126/1126
f 1128/1128/1128 1125/1125/1125 1127/1127/1127
f 1129/1129/1129 1128/1128/1128 1127/1127/1127
f 1130/1130/1130 1128/1128/1128 1129/1129/1129
f 1133/1133/1133 1132/1132/1132 1131/1131/1131
f 1133/1133/1133 1134/1134/1134 1132/1132/1132
f 1134/1134/1134 1135/1135/1135 1132/1132/1132
f 1134/1134/1134 1136/1136/1136 1135/1135/1135
f 1136/1136/1136 1137/1137/1137 1135/1135/1135
f 1138/1138/1138 1135/1135/1135 1137/1137/1137
f 1139/1139/1139 1138/1138/1138 1137/1137/1137
f 1140/1140/1140 1139/1139/1139 1137/1137/1137
f 1141/1141/1141 1139/1139/1139 1140/1140/1140
f 1142/1142/1142 1141/1141/1141 1140/1140/1140
f 1143/1143/1143 1141/1141/1141 1142/1142/1142
f 1144/1144/1144 1141/1141/1141 1143/1143/1143
f 1147/1147/1147 1146/1146/1146 1145/1145/1145
f 1147/1147/1147 1148/1148/1148 1146/1146/1146
f 1146/1146/1146 1148/1148/1148 1149/1149/1149
f 1150/1150/1150 1149/1149/1149 1148/1148/1148
f 1151/1151/1151 1149/1149/1149 1150/1150/1150
f 1152/1152/1152 1149/1149/1149 1151/1151/1151
f 1155/1155/1155 1154/1154/1154 1153/1153/1153
f 1155/1155/1155 1156/1156/1156 1154/1154/1154
f 1154/1154/1154 1156/1156/1156 1157/1157/1157
f 1158/1158/1158 1157/1157/1157 1156/1156/1156
f 1159/1159/1159 1157/1157/1157 1158/1158/1158
f 1160/1160/1160 1157/1157/1157 1159/1159/1159
f 1163/1163/1163 1162/1162/1162 1161/1161/1161
f 1162/1162/1162 1164/1164/1164 1161/1161/1161
f 1164/1164/1164 1162/1162/1162 1165/1165/1165
f 1166/1166/1166 1165/1165/1165 1162/1162/1162
f 1169/1169/1169 1168/1168/1168 1167/1167/1167
f 1168/1168/1168 1170/1170/1170 1167/1167/1167
f 1170/1170/1170 1168/1168/1168 1171/1171/1171
f 1174/1174/1174 1173/1173/1173 1172/1172/1172
f 1175/1175/1175 1172/1172/1172 1173/1173/1173
f 1175/1175/1175 1173/1173/1173 1176/1176/1176
f 1177/1177/1177 1176/1176/1176 1173/1173/1173
f 1180/1180/1180 1179/1179/1179 1178/1178/1178
f 1179/1179/1179 1180/1180/1180 1181/1181/1181
f 1181/1181/1181 1180/1180/1180 1182/1182/1182
f 1183/1183/1183 1181/1181/1181 1182/1182/1182
f 1186/1186/1186 1185/1185/1185 1184/1184/1184
f 1187/1187/1187 1184/1184/1184 1185/1185/1185
f 1187/1187/1187 1188/1188/1188 1184/1184/1184
f 1189/1189/1189 1184/1184/1184 1188/1188/1188
f 1192/1192/1192 1191/1191/1191 1190/1190/1190
f 1191/1191/1191 1192/1192/1192 1193/1193/1193
f 1194/1194/1194 1191/1191/1191 1193/1193/1193
f 1197/1197/1197 1196/1196/1196 1195/1195/1195
f 1196/1196/1196 1198/1198/1198 1195/1195/1195
f 1199/1199/1199 1195/1195/1195 1198/1198/1198
f 1202/1202/1202 1201/1201/1201 1200/1200/1200
f 1203/1203/1203 1200/1200/1200 1201/1201/1201
f 1203/1203/1203 1201/1201/1201 1204/1204/1204
f 1205/1205/1205 1204/1204/1204 1201/1201/1201
f 1208/1208/1208 1207/1207/1207 1206/1206/1206
f 1209/1209/1209 1206/1206/1206 1207/1207/1207
f 1209/1209/1209 1207/1207/1207 1210/1210/1210
f 1211/1211/1211 1210/1210/1210 1207/1207/1207
f 1214/1214/1214 1213/1213/1213 1212/1212/1212
f 1213/1213/1213 1214/1214/1214 1215/1215/1215
f 1216/1216/1216 1213/1213/1213 1215/1215/1215
f 1219/1219/1219 1218/1218/1218 1217/1217/1217
f 1218/1218/1218 1219/1219/1219 1220/1220/1220
f 1221/1221/1221 1218/1218/1218 1220/1220/1220
f 1224/1224/1224 1223/1223/1223 1222/1222/1222
f 1224/1224/1224 1225/1225/1225 1223/1223/1223
f 1225/1225/1225 1224/1224/1224 1226/1226/1226
f 1225/1225/1225 1226/1226/1226 1227/1227/1227
f 1228/1228/1228 1227/1227/1227 1226/1226/1226
f 1231/1231/1231 1230/1230/1230 1229/1229/1229
f 1231/1231/1231 1232/1232/1232 1230/1230/1230
f 1233/1233/1233 1230/1230/1230 1232/1232/1232
f 1234/1234/1234 1233/1233/1233 1232/1232/1232
f 1237/1237/1237 1236/1236/1236 1235/1235/1235
f 1237/1237/1237 1238/1238/1238 1236/1236/1236
f 1239/1239/1239 1236/1236/1236 1238/1238/1238
f 1239/1239/1239 1238/1238/1238 1240/1240/1240
f 1241/1241/1241 1240/1240/1240 1238/1238/1238
f 1244/1244/1244 1243/1243/1243 1242/1242/1242
f 1245/1245/1245 1242/1242/1242 1243/1243/1243
f 1246/1246/1246 1245/1245/1245 1243/1243/1243
f 1249/1249/1249 1248/1248/1248 1247/1247/1247
f 1250/1250/1250 1247/1247/1247 1248/1248/1248
f 1250/1250/1250 1251/1251/1251 1247/1247/1247
f 1252/1252/1252 1247/1247/1247 1251/1251/1251
f 1255/1255/1255 1254/1254/1254 1253/1253/1253
f 1253/1253/1253 1254/1254/1254 1256/1256/1256
f 1254/1254/1254 1257/1257/1257 1256/1256/1256
f 1258/1258/1258 1256/1256/1256 1257/1257/1257
f 1259/1259/1259 1258/1258/1258 1257/1257/1257
f 1260/1260/1260 1259/1259/1259 1257/1257/1257
f 1259/1259/1259 1261/1261/1261 1258/1258/1258
f 1262/1262/1262 1259/1259/1259 1260/1260/1260
f 1258/1258/1258 1261/1261/1261 1263/1263/1263
f 1260/1260/1260 1263/1263/1263 1262/1262/1262
f 1262/1262/1262 1263/1263/1263 1261/1261/1261
f 1266/1266/1266 1265/1265/1265 1264/1264/1264
f 1265/1265/1265 1266/1266/1266 1267/1267/1267
f 1265/1265/1265 1267/1267/1267 1268/1268/1268
f 1269/1269/1269 1268/1268/1268 1267/1267/1267
f 1272/1272/1272 1271/1271/1271 1270/1270/1270
f 1271/1271/1271 1272/1272/1272 1273/1273/1273
f 1271/1271/1271 1273/1273/1273 1274/1274/1274
f 1275/1275/1275 1274/1274/1274 1273/1273/1273
f 1278/1278/1278 1277/1277/1277 1276/1276/1276
f 1279/1279/1279 1276/1276/1276 1277/1277/1277
f 1280/1280/1280 1279/1279/1279 1277/1277/1277
f 1281/1281/1281 1279/1279/1279 1280/1280/1280
f 1284/1284/1284 1283/1283/1283 1282/1282/1282
f 1283/1283/1283 1285/1285/1285 1282/1282/1282
f 1285/1285/1285 1283/1283/1283 1286/1286/1286
f 1287/1287/1287 1285/1285/1285 1286/1286/1286
f 1282/1282/1282 1285/1285/1285 1288/1288/1288
f 1289/1289/1289 1288/1288/1288 1285/1285/1285
f 1290/1290/1290 1288/1288/1288 1289/1289/1289
f 1290/1290/1290 1289/1289/1289 1291/1291/1291
f 1292/1292/1292 1291/1291/1291 1289/1289/1289
f 1295/1295/1295 1294/1294/1294 1293/1293/1293
f 1294/1294/1294 1295/1295/1295 1296/1296/1296
f 1296/1296/1296 1295/1295/1295 1297/1297/1297
f 1300/1300/1300 1299/1299/1299 1298/1298/1298
f 1300/1300/1300 1301/1301/1301 1299/1299/1299
f 1302/1302/1302 1299/1299/1299 1301/1301/1301
f 1299/1299/1299 1302/1302/1302 1303/1303/1303
f 1304/1304/1304 1303/1303/1303 1302/1302/1302
f 1305/1305/1305 1303/1303/1303 1304/1304/1304
f 1308/1308/1308 1307/1307/1307 1306/1306/1306
f 1308/1308/1308 1309/1309/1309 1307/1307/1307
f 1310/1310/1310 1307/1307/1307 1309/1309/1309
f 1307/1307/1307 1310/1310/1310 1311/1311/1311
f 1312/1312/1312 1311/1311/1311 1310/1310/1310
f 1313/1313/1313 1311/1311/1311 1312/1312/1312
f 1316/1316/1316 1315/1315/1315 1314/1314/1314
f 1317/1317/1317 1314/1314/1314 1315/1315/1315
f 1317/1317/1317 1318/1318/1318 1314/1314/1314
f 1319/1319/1319 1314/1314/1314 1318/1318/1318
f 1322/1322/1322 1321/1321/1321 1320/1320/1320
f 1322/1322/1322 1323/1323/1323 1321/1321/1321
f 1321/1321/1321 1323/1323/1323 1324/1324/1324
f 1325/1325/1325 1324/1324/1324 1323/1323/1323
f 1326/1326/1326 1324/1324/1324 1325/1325/1325
f 1327/1327/1327 1324/1324/1324 1326/1326/1326
f 1330/1330/1330 1329/1329/1329 1328/1328/1328
f 1330/1330/1330 1331/1331/1331 1329/1329/1329
f 1331/1331/1331 1332/1332/1332 1329/1329/1329
f 1333/1333/1333 1329/1329/1329 1332/1332/1332
f 1334/1334/1334 1333/1333/1333 1332/1332/1332
f 1335/1335/1335 1333/1333/1333 1334/1334/1334
f 1338/1338/1338 1337/1337/1337 1336/1336/1336
f 1338/1338/1338 1339/1339/1339 1337/1337/1337
f 1339/1339/1339 1340/1340/1340 1337/1337/1337
f 1341/1341/1341 1337/1337/1337 1340/1340/1340
f 1342/1342/1342 1341/1341/1341 1340/1340/1340
f 1343/1343/1343 1341/1341/1341 1342/1342/1342
f 1346/1346/1346 1345/1345/1345 1344/1344/1344
f 1346/1346/1346 1347/1347/1347 1345/1345/1345
f 1345/1345/1345 1347/1347/1347 1348/1348/1348
f 1349/1349/1349 1348/1348/1348 1347/1347/1347
f 1350/1350/1350 1348/1348/1348 1349/1349/1349
f 1351/1351/1351 1348/1348/1348 1350/1350/1350
f 1354/1354/1354 1353/1353/1353 1352/1352/1352
f 1355/1355/1355 1352/1352/1352 1353/1353/1353
f 1356/1356/1356 1354/1354/1354 1352/1352/1352
f 1357/1357/1357 1354/1354/1354 1356/1356/1356
f 1356/1356/1356 1358/1358/1358 1357/1357/1357
f 1355/1355/1355 1359/1359/1359 1352/1352/1352
f 1359/1359/1359 1355/1355/1355 1360/1360/1360
f 1361/1361/1361 1358/1358/1358 1356/1356/1356
f 1362/1362/1362 1359/1359/1359 1360/1360/1360
f 1363/1363/1363 1359/1359/1359 1362/1362/1362
f 1358/1358/1358 1361/1361/1361 1364/1364/1364
f 1364/1364/1364 1361/1361/1361 1365/1365/1365
f 1365/1365/1365 1361/1361/1361 1366/1366/1366
f 1362/1362/1362 1367/1367/1367 1363/1363/1363
f 1367/1367/1367 1366/1366/1366 1361/1361/1361
f 1368/1368/1368 1367/1367/1367 1362/1362/1362
f 1366/1366/1366 1367/1367/1367 1369/1369/1369
f 1368/1368/1368 1370/1370/1370 1367/1367/1367
f 1369/1369/1369 1367/1367/1367 1370/1370/1370
f 1373/1373/1373 1372/1372/1372 1371/1371/1371
f 1374/1374/1374 1371/1371/1371 1372/1372/1372
f 1375/1375/1375 1371/1371/1371 1374/1374/1374
f 1376/1376/1376 1375/1375/1375 1374/1374/1374
f 1377/1377/1377 1375/1375/1375 1376/1376/1376
f 1378/1378/1378 1377/1377/1377 1376/1376/1376
f 1373/1373/1373 1371/1371/1371 1379/1379/1379
f 1377/1377/1377 1378/1378/1378 1379/1379/1379
f 1373/1373/1373 1379/1379/1379 1380/1380/1380
f 1380/1380/1380 1379/1379/1379 1378/1378/1378
f 1383/1383/1383 1382/1382/1382 1381/1381/1381
f 1381/1381/1381 1382/1382/1382 1384/1384/1384
f 1382/1382/1382 1385/1385/1385 1384/1384/1384
f 1386/1386/1386 1384/1384/1384 1385/1385/1385
f 1386/1386/1386 1385/1385/1385 1387/1387/1387
f 1386/1386/1386 1387/1387/1387 1388/1388/1388
f 1389/1389/1389 1382/1382/1382 1383/1383/1383
f 1389/1389/1389 1388/1388/1388 1387/1387/1387
f 1390/1390/1390 1389/1389/1389 1383/1383/1383
f 1389/1389/1389 1390/1390/1390 1388/1388/1388
f 1393/1393/1393 1392/1392/1392 1391/1391/1391
f 1394/1394/1394 1391/1391/1391 1392/1392/1392
f 1395/1395/1395 1391/1391/1391 1394/1394/1394
f 1391/1391/1391 1396/1396/1396 1393/1393/1393
f 1394/1394/1394 1397/1397/1397 1395/1395/1395
f 1393/1393/1393 1396/1396/1396 1398/1398/1398
f 1395/1395/1395 1397/1397/1397 1399/1399/1399
f 1396/1396/1396 1400/1400/1400 1398/1398/1398
f 1396/1396/1396 1399/1399/1399 1400/1400/1400
f 1399/1399/1399 1397/1397/1397 1401/1401/1401
f 1400/1400/1400 1399/1399/1399 1401/1401/1401
f 1400/1400/1400 1402/1402/1402 1398/1398/1398
f 1403/1403/1403 1401/1401/1401 1397/1397/1397
f 1398/1398/1398 1402/1402/1402 1404/1404/1404
f 1401/1401/1401 1403/1403/1403 1405/1405/1405
f 1404/1404/1404 1402/1402/1402 1406/1406/1406
f 1402/1402/1402 1405/1405/1405 1406/1406/1406
f 1404/1404/1404 1406/1406/1406 1407/1407/1407
f 1406/1406/1406 1405/1405/1405 1408/1408/1408
f 1408/1408/1408 1405/1405/1405 1403/1403/1403
f 1406/1406/1406 1409/1409/1409 1407/1407/1407
f 1410/1410/1410 1408/1408/1408 1403/1403/1403
f 1407/1407/1407 1409/1409/1409 1411/1411/1411
f 1410/1410/1410 1411/1411/1411 1409/1409/1409
f 1412/1412/1412 1407/1407/1407 1411/1411/1411
f 1413/1413/1413 1410/1410/1410 1403/1403/1403
f 1413/1413/1413 1411/1411/1411 1410/1410/1410
f 1414/1414/1414 1413/1413/1413 1403/1403/1403
f 1413/1413/1413 1414/1414/1414 1415/1415/1415
f 1414/1414/1414 1416/1416/1416 1415/1415/1415
f 1411/1411/1411 1417/1417/1417 1412/1412/1412
f 1416/1416/1416 1417/1417/1417 1415/1415/1415
f 1412/1412/1412 1417/1417/1417 1418/1418/1418
f 1417/1417/1417 1416/1416/1416 1418/1418/1418
f 1421/1421/1421 1420/1420/1420 1419/1419/1419
f 1419/1419/1419 1420/1420/1420 1422/1422/1422
f 1420/1420/1420 1423/1423/1423 1422/1422/1422
f 1424/1424/1424 1422/1422/1422 1423/1423/1423
f 1424/1424/1424 1423/1423/1423 1425/1425/1425
f 1424/1424/1424 1425/1425/1425 1426/1426/1426
f 1427/1427/1427 1420/1420/1420 1421/1421/1421
f 1427/1427/1427 1426/1426/1426 1425/1425/1425
f 1428/1428/1428 1427/1427/1427 1421/1421/1421
f 1427/1427/1427 1428/1428/1428 1426/1426/1426
f 1431/1431/1431 1430/1430/1430 1429/1429/1429
f 1430/1430/1430 1432/1432/1432 1429/1429/1429
f 1433/1433/1433 1429/1429/1429 1432/1432/1432
f 1431/1431/1431 1429/1429/1429 1434/1434/1434
f 1434/1434/1434 1435/1435/1435 1431/1431/1431
f 1435/1435/1435 1434/1434/1434 1436/1436/1436
f 1437/1437/1437 1433/1433/1433 1432/1432/1432
f 1436/1436/1436 1434/1434/1434 1437/1437/1437
f 1438/1438/1438 1437/1437/1437 1432/1432/1432
f 1436/1436/1436 1437/1437/1437 1438/1438/1438
f 1441/1441/1441 1440/1440/1440 1439/1439/1439
f 1442/1442/1442 1439/1439/1439 1440/1440/1440
f 1443/1443/1443 1439/1439/1439 1442/1442/1442
f 1444/1444/1444 1443/1443/1443 1442/1442/1442
f 1445/1445/1445 1443/1443/1443 1444/1444/1444
f 1444/1444/1444 1446/1446/1446 1445/1445/1445
f 1441/1441/1441 1439/1439/1439 1447/1447/1447
f 1445/1445/1445 1446/1446/1446 1447/1447/1447
f 1441/1441/1441 1447/1447/1447 1448/1448/1448
f 1448/1448/1448 1447/1447/1447 1446/1446/1446
f 1451/1451/1451 1450/1450/1450 1449/1449/1449
f 1449/1449/1449 1450/1450/1450 1452/1452/1452
f 1450/1450/1450 1451/1451/1451 1453/1453/1453
f 1454/1454/1454 1452/1452/1452 1450/1450/1450
f 1451/1451/1451 1455/1455/1455 1453/1453/1453
f 1455/1455/1455 1452/1452/1452 1454/1454/1454
f 1453/1453/1453 1455/1455/1455 1456/1456/1456
f 1454/1454/1454 1456/1456/1456 1455/1455/1455
f 1459/1459/1459 1458/1458/1458 1457/1457/1457
f 1457/1457/1457 1458/1458/1458 1460/1460/1460
f 1458/1458/1458 1461/1461/1461 1460/1460/1460
f 1462/1462/1462 1460/1460/1460 1461/1461/1461
f 1462/1462/1462 1461/1461/1461 1463/1463/1463
f 1462/1462/1462 1463/1463/1463 1464/1464/1464
f 1465/1465/1465 1458/1458/1458 1459/1459/1459
f 1463/1463/1463 1465/1465/1465 1464/1464/1464
f 1466/1466/1466 1465/1465/1465 1459/1459/1459
f 1466/1466/1466 1464/1464/1464 1465/1465/1465
f 1469/1469/1469 1468/1468/1468 1467/1467/1467
f 1470/1470/1470 1467/1467/1467 1468/1468/1468
f 1471/1471/1471 1467/1467/1467 1470/1470/1470
f 1472/1472/1472 1471/1471/1471 1470/1470/1470
f 1473/1473/1473 1471/1471/1471 1472/1472/1472
f 1472/1472/1472 1474/1474/1474 1473/1473/1473
f 1469/1469/1469 1467/1467/1467 1475/1475/1475
f 1474/1474/1474 1475/1475/1475 1473/1473/1473
f 1475/1475/1475 1476/1476/1476 1469/1469/1469
f 1476/1476/1476 1475/1475/1475 1474/1474/1474
f 1479/1479/1479 1478/1478/1478 1477/1477/1477
f 1480/1480/1480 1477/1477/1477 1478/1478/1478
f 1481/1481/1481 1477/1477/1477 1480/1480/1480
f 1482/1482/1482 1481/1481/1481 1480/1480/1480
f 1483/1483/1483 1481/1481/1481 1482/1482/1482
f 1484/1484/1484 1483/1483/1483 1482/1482/1482
f 1479/1479/1479 1477/1477/1477 1485/1485/1485
f 1483/1483/1483 1484/1484/1484 1485/1485/1485
f 1479/1479/1479 1485/1485/1485 1486/1486/1486
f 1486/1486/1486 1485/1485/1485 1484/1484/1484
f 1489/1489/1489 1488/1488/1488 1487/1487/1487
f 1490/1490/1490 1487/1487/1487 1488/1488/1488
f 1491/1491/1491 1487/1487/1487 1490/1490/1490
f 1492/1492/1492 1491/1491/1491 1490/1490/1490
f 1493/1493/1493 1491/1491/1491 1492/1492/1492
f 1492/1492/1492 1494/1494/1494 1493/1493/1493
f 1489/1489/1489 1487/1487/1487 1495/1495/1495
f 1493/1493/1493 1494/1494/1494 1495/1495/1495
f 1489/1489/1489 1495/1495/1495 1496/1496/1496
f 1494/1494/1494 1496/1496/1496 1495/1495/1495
f 1499/1499/1499 1498/1498/1498 1497/1497/1497
f 1497/1497/1497 1498/1498/1498 1500/1500/1500
f 1498/1498/1498 1501/1501/1501 1500/1500/1500
f 1502/1502/1502 1500/1500/1500 1501/1501/1501
f 1502/1502/1502 1501/1501/1501 1503/1503/1503
f 1502/1502/1502 1503/1503/1503 1504/1504/1504
f 1505/1505/1505 1498/1498/1498 1499/1499/1499
f 1505/1505/1505 1504/1504/1504 1503/1503/1503
f 1506/1506/1506 1505/1505/1505 1499/1499/1499
f 1505/1505/1505 1506/1506/1506 1504/1504/1504
f 1509/1509/1509 1508/1508/1508 1507/1507/1507
f 1510/1510/1510 1507/1507/1507 1508/1508/1508
f 1511/1511/1511 1507/1507/1507 1510/1510/1510
f 1512/1512/1512 1511/1511/1511 1510/1510/1510
f 1513/1513/1513 1511/1511/1511 1512/1512/1512
f 1512/1512/1512 1514/1514/1514 1513/1513/1513
f 1509/1509/1509 1507/1507/1507 1515/1515/1515
f 1514/1514/1514 1515/1515/1515 1513/1513/1513
f 1515/1515/1515 1516/1516/1516 1509/1509/1509
f 1516/1516/1516 1515/1515/1515 1514/1514/1514
f 1519/1519/1519 1518/1518/1518 1517/1517/1517
f 1518/1518/1518 1520/1520/1520 1517/1517/1517
f 1520/1520/1520 1518/1518/1518 1521/1521/1521
f 1522/1522/1522 1520/1520/1520 1521/1521/1521
f 1523/1523/1523 1522/1522/1522 1521/1521/1521
f 1522/1522/1522 1523/1523/1523 1524/1524/1524
f 1525/1525/1525 1518/1518/1518 1519/1519/1519
f 1525/1525/1525 1524/1524/1524 1523/1523/1523
f 1526/1526/1526 1525/1525/1525 1519/1519/1519
f 1525/1525/1525 1526/1526/1526 1524/1524/1524
f 1529/1529/1529 1528/1528/1528 1527/1527/1527
f 1528/1528/1528 1530/1530/1530 1527/1527/1527
f 1529/1529/1529 1531/1531/1531 1528/1528/1528
f 1532/1532/1532 1530/1530/1530 1528/1528/1528
f 1529/1529/1529 1533/1533/1533 1531/1531/1531
f 1530/1530/1530 1532/1532/1532 1534/1534/1534
f 1531/1531/1531 1533/1533/1533 1535/1535/1535
f 1532/1532/1532 1535/1535/1535 1534/1534/1534
f 1536/1536/1536 1535/1535/1535 1533/1533/1533
f 1534/1534/1534 1535/1535/1535 1536/1536/1536
f 1539/1539/1539 1538/1538/1538 1537/1537/1537
f 1538/1538/1538 1540/1540/1540 1537/1537/1537
f 1541/1541/1541 1537/1537/1537 1540/1540/1540
f 1537/1537/1537 1542/1542/1542 1539/1539/1539
f 1542/1542/1542 1543/1543/1543 1539/1539/1539
f 1544/1544/1544 1543/1543/1543 1542/1542/1542
f 1539/1539/1539 1543/1543/1543 1545/1545/1545
f 1546/1546/1546 1543/1543/1543 1544/1544/1544
f 1546/1546/1546 1544/1544/1544 1547/1547/1547
f 1547/1547/1547 1548/1548/1548 1546/1546/1546
f 1547/1547/1547 1537/1537/1537 1548/1548/1548
f 1548/1548/1548 1537/1537/1537 1541/1541/1541
f 1549/1549/1549 1545/1545/1545 1543/1543/1543
f 1545/1545/1545 1550/1550/1550 1540/1540/1540
f 1545/1545/1545 1549/1549/1549 1550/1550/1550
f 1550/1550/1550 1551/1551/1551 1540/1540/1540
f 1551/1551/1551 1541/1541/1541 1540/1540/1540
f 1550/1550/1550 1549/1549/1549 1552/1552/1552
f 1551/1551/1551 1553/1553/1553 1541/1541/1541
f 1552/1552/1552 1554/1554/1554 1553/1553/1553
f 1549/1549/1549 1554/1554/1554 1552/1552/1552
f 1555/1555/1555 1553/1553/1553 1554/1554/1554
f 1541/1541/1541 1553/1553/1553 1555/1555/1555
f 1556/1556/1556 1554/1554/1554 1549/1549/1549
f 1557/1557/1557 1541/1541/1541 1555/1555/1555
f 1558/1558/1558 1556/1556/1556 1549/1549/1549
f 1556/1556/1556 1558/1558/1558 1557/1557/1557
f 1559/1559/1559 1558/1558/1558 1549/1549/1549
f 1558/1558/1558 1559/1559/1559 1560/1560/1560
f 1559/1559/1559 1561/1561/1561 1560/1560/1560
f 1560/1560/1560 1561/1561/1561 1562/1562/1562
f 1561/1561/1561 1563/1563/1563 1562/1562/1562
f 1564/1564/1564 1557/1557/1557 1558/1558/1558
f 1564/1564/1564 1541/1541/1541 1557/1557/1557
f 1562/1562/1562 1563/1563/1563 1564/1564/1564
f 1563/1563/1563 1541/1541/1541 1564/1564/1564
f 1567/1567/1567 1566/1566/1566 1565/1565/1565
f 1568/1568/1568 1565/1565/1565 1566/1566/1566
f 1568/1568/1568 1566/1566/1566 1569/1569/1569
f 1570/1570/1570 1568/1568/1568 1569/1569/1569
f 1566/1566/1566 1567/1567/1567 1571/1571/1571
f 1570/1570/1570 1569/1569/1569 1572/1572/1572
f 1573/1573/1573 1571/1571/1571 1567/1567/1567
f 1574/1574/1574 1571/1571/1571 1573/1573/1573
f 1575/1575/1575 1573/1573/1573 1567/1567/1567
f 1576/1576/1576 1574/1574/1574 1573/1573/1573
f 1574/1574/1574 1576/1576/1576 1572/1572/1572
f 1576/1576/1576 1577/1577/1577 1572/1572/1572
f 1572/1572/1572 1577/1577/1577 1570/1570/1570
f 1578/1578/1578 1573/1573/1573 1575/1575/1575
f 1577/1577/1577 1579/1579/1579 1570/1570/1570
f 1575/1575/1575 1580/1580/1580 1578/1578/1578
f 1570/1570/1570 1579/1579/1579 1581/1581/1581
f 1579/1579/1579 1580/1580/1580 1582/1582/1582
f 1575/1575/1575 1582/1582/1582 1580/1580/1580
f 1583/1583/1583 1579/1579/1579 1582/1582/1582
f 1581/1581/1581 1579/1579/1579 1583/1583/1583
f 1575/1575/1575 1584/1584/1584 1582/1582/1582
f 1585/1585/1585 1581/1581/1581 1583/1583/1583
f 1584/1584/1584 1575/1575/1575 1586/1586/1586
f 1587/1587/1587 1581/1581/1581 1585/1585/1585
f 1585/1585/1585 1584/1584/1584 1587/1587/1587
f 1581/1581/1581 1587/1587/1587 1588/1588/1588
f 1587/1587/1587 1584/1584/1584 1589/1589/1589
f 1584/1584/1584 1586/1586/1586 1589/1589/1589
f 1588/1588/1588 1587/1587/1587 1590/1590/1590
f 1589/1589/1589 1586/1586/1586 1591/1591/1591
f 1592/1592/1592 1588/1588/1588 1590/1590/1590
f 1590/1590/1590 1591/1591/1591 1592/1592/1592
f 1592/1592/1592 1591/1591/1591 1586/1586/1586
f 1595/1595/1595 1594/1594/1594 1593/1593/1593
f 1595/1595/1595 1596/1596/1596 1594/1594/1594
f 1595/1595/1595 1597/1597/1597 1596/1596/1596
f 1595/1595/1595 1593/1593/1593 1598/1598/1598
f 1599/1599/1599 1598/1598/1598 1593/1593/1593
f 1598/1598/1598 1599/1599/1599 1600/1600/1600
f 1600/1600/1600 1601/1601/1601 1598/1598/1598
f 1597/1597/1597 1601/1601/1601 1602/1602/1602
f 1597/1597/1597 1602/1602/1602 1596/1596/1596
f 1602/1602/1602 1601/1601/1601 1603/1603/1603
f 1600/1600/1600 1603/1603/1603 1601/1601/1601
f 1604/1604/1604 1603/1603/1603 1600/1600/1600
f 1605/1605/1605 1596/1596/1596 1602/1602/1602
f 1604/1604/1604 1600/1600/1600 1606/1606/1606
f 1605/1605/1605 1604/1604/1604 1606/1606/1606
f 1607/1607/1607 1605/1605/1605 1606/1606/1606
f 1607/1607/1607 1596/1596/1596 1605/1605/1605
f 1606/1606/1606 1600/1600/1600 1608/1608/1608
f 1608/1608/1608 1600/1600/1600 1609/1609/1609
f 1610/1610/1610 1596/1596/1596 1607/1607/1607
f 1610/1610/1610 1608/1608/1608 1611/1611/1611
f 1608/1608/1608 1609/1609/1609 1611/1611/1611
f 1612/1612/1612 1610/1610/1610 1611/1611/1611
f 1612/1612/1612 1596/1596/1596 1610/1610/1610
f 1611/1611/1611 1609/1609/1609 1613/1613/1613
f 1596/1596/1596 1612/1612/1612 1614/1614/1614
f 1615/1615/1615 1614/1614/1614 1612/1612/1612
f 1596/1596/1596 1614/1614/1614 1616/1616/1616
f 1615/1615/1615 1613/1613/1613 1617/1617/1617
f 1614/1614/1614 1615/1615/1615 1617/1617/1617
f 1617/1617/1617 1613/1613/1613 1609/1609/1609
f 1617/1617/1617 1609/1609/1609 1618/1618/1618
f 1619/1619/1619 1618/1618/1618 1609/1609/1609
f 1620/1620/1620 1616/1616/1616 1614/1614/1614
f 1620/1620/1620 1618/1618/1618 1619/1619/1619
f 1621/1621/1621 1616/1616/1616 1620/1620/1620
f 1621/1621/1621 1620/1620/1620 1619/1619/1619
f 1624/1624/1624 1623/1623/1623 1622/1622/1622
f 1624/1624/1624 1625/1625/1625 1623/1623/1623
f 1626/1626/1626 1623/1623/1623 1625/1625/1625
f 1627/1627/1627 1626/1626/1626 1625/1625/1625
f 1626/1626/1626 1627/1627/1627 1628/1628/1628
f 1627/1627/1627 1629/1629/1629 1628/1628/1628
f 1623/1623/1623 1630/1630/1630 1622/1622/1622
f 1628/1628/1628 1629/1629/1629 1630/1630/1630
f 1622/1622/1622 1630/1630/1630 1631/1631/1631
f 1629/1629/1629 1631/1631/1631 1630/1630/1630
f 1634/1634/1634 1633/1633/1633 1632/1632/1632
f 1635/1635/1635 1632/1632/1632 1633/1633/1633
f 1636/1636/1636 1632/1632/1632 1635/1635/1635
f 1637/1637/1637 1636/1636/1636 1635/1635/1635
f 1638/1638/1638 1636/1636/1636 1637/1637/1637
f 1637/1637/1637 1639/1639/1639 1638/1638/1638
f 1634/1634/1634 1632/1632/1632 1640/1640/1640
f 1639/1639/1639 1640/1640/1640 1638/1638/1638
f 1640/1640/1640 1641/1641/1641 1634/1634/1634
f 1641/1641/1641 1640/1640/1640 1639/1639/1639
f 1644/1644/1644 1643/1643/1643 1642/1642/1642
f 1645/1645/1645 1642/1642/1642 1643/1643/1643
f 1646/1646/1646 1643/1643/1643 1644/1644/1644
f 1646/1646/1646 1644/1644/1644 1647/1647/1647
f 1647/1647/1647 1648/1648/1648 1646/1646/1646
f 1647/1647/1647 1649/1649/1649 1648/1648/1648
f 1645/1645/1645 1643/1643/1643 1650/1650/1650
f 1650/1650/1650 1648/1648/1648 1649/1649/1649
f 1645/1645/1645 1650/1650/1650 1651/1651/1651
f 1651/1651/1651 1650/1650/1650 1649/1649/1649
f 1654/1654/1654 1653/1653/1653 1652/1652/1652
f 1655/1655/1655 1652/1652/1652 1653/1653/1653
f 1656/1656/1656 1654/1654/1654 1652/1652/1652
f 1657/1657/1657 1654/1654/1654 1656/1656/1656
f 1658/1658/1658 1657/1657/1657 1656/1656/1656
f 1657/1657/1657 1658/1658/1658 1659/1659/1659
f 1660/1660/1660 1652/1652/1652 1655/1655/1655
f 1660/1660/1660 1659/1659/1659 1658/1658/1658
f 1661/1661/1661 1660/1660/1660 1655/1655/1655
f 1660/1660/1660 1661/1661/1661 1659/1659/1659
f 1664/1664/1664 1663/1663/1663 1662/1662/1662
f 1665/1665/1665 1663/1663/1663 1664/1664/1664
f 1666/1666/1666 1662/1662/1662 1663/1663/1663
f 1667/1667/1667 1663/1663/1663 1665/1665/1665
f 1668/1668/1668 1662/1662/1662 1666/1666/1666
f 1667/1667/1667 1665/1665/1665 1669/1669/1669
f 1670/1670/1670 1668/1668/1668 1666/1666/1666
f 1669/1669/1669 1670/1670/1670 1667/1667/1667
f 1671/1671/1671 1668/1668/1668 1670/1670/1670
f 1671/1671/1671 1670/1670/1670 1669/1669/1669
f 1674/1674/1674 1673/1673/1673 1672/1672/1672
f 1675/1675/1675 1673/1673/1673 1674/1674/1674
f 1676/1676/1676 1672/1672/1672 1673/1673/1673
f 1677/1677/1677 1673/1673/1673 1675/1675/1675
f 1678/1678/1678 1672/1672/1672 1676/1676/1676
f 1677/1677/1677 1675/1675/1675 1679/1679/1679
f 1680/1680/1680 1678/1678/1678 1676/1676/1676
f 1677/1677/1677 1679/1679/1679 1680/1680/1680
f 1678/1678/1678 1680/1680/1680 1681/1681/1681
f 1679/1679/1679 1681/1681/1681 1680/1680/1680
f 1684/1684/1684 1683/1683/1683 1682/1682/1682
f 1683/1683/1683 1684/1684/1684 1685/1685/1685
f 1684/1684/1684 1682/1682/1682 1686/1686/1686
f 1687/1687/1687 1686/1686/1686 1682/1682/1682
f 1686/1686/1686 1687/1687/1687 1688/1688/1688
f 1687/1687/1687 1689/1689/1689 1688/1688/1688
f 1684/1684/1684 1690/1690/1690 1685/1685/1685
f 1688/1688/1688 1689/1689/1689 1690/1690/1690
f 1685/1685/1685 1690/1690/1690 1691/1691/1691
f 1691/1691/1691 1690/1690/1690 1689/1689/1689
f 1694/1694/1694 1693/1693/1693 1692/1692/1692
f 1695/1695/1695 1694/1694/1694 1692/1692/1692
f 1692/1692/1692 1693/1693/1693 1696/1696/1696
f 1697/1697/1697 1695/1695/1695 1692/1692/1692
f 1698/1698/1698 1696/1696/1696 1693/1693/1693
f 1695/1695/1695 1699/1699/1699 1698/1698/1698
f 1699/1699/1699 1695/1695/1695 1697/1697/1697
f 1700/1700/1700 1696/1696/1696 1698/1698/1698
f 1698/1698/1698 1699/1699/1699 1700/1700/1700
f 1701/1701/1701 1696/1696/1696 1700/1700/1700
f 1701/1701/1701 1700/1700/1700 1702/1702/1702
f 1699/1699/1699 1697/1697/1697 1703/1703/1703
f 1702/1702/1702 1703/1703/1703 1704/1704/1704
f 1704/1704/1704 1701/1701/1701 1702/1702/1702
f 1704/1704/1704 1703/1703/1703 1705/1705/1705
f 1703/1703/1703 1697/1697/1697 1705/1705/1705
f 1705/1705/1705 1697/1697/1697 1706/1706/1706
f 1701/1701/1701 1704/1704/1704 1707/1707/1707
f 1697/1697/1697 1708/1708/1708 1706/1706/1706
f 1701/1701/1701 1707/1707/1707 1709/1709/1709
f 1707/1707/1707 1706/1706/1706 1709/1709/1709
f 1701/1701/1701 1709/1709/1709 1710/1710/1710
f 1709/1709/1709 1706/1706/1706 1711/1711/1711
f 1711/1711/1711 1706/1706/1706 1708/1708/1708
f 1712/1712/1712 1710/1710/1710 1709/1709/1709
f 1713/1713/1713 1710/1710/1710 1712/1712/1712
f 1714/1714/1714 1711/1711/1711 1708/1708/1708
f 1714/1714/1714 1713/1713/1713 1712/1712/1712
f 1715/1715/1715 1714/1714/1714 1708/1708/1708
f 1713/1713/1713 1714/1714/1714 1715/1715/1715
f 1718/1718/1718 1717/1717/1717 1716/1716/1716
f 1719/1719/1719 1718/1718/1718 1716/1716/1716
f 1716/1716/1716 1717/1717/1717 1720/1720/1720
f 1721/1721/1721 1720/1720/1720 1717/1717/1717
f 1722/1722/1722 1720/1720/1720 1721/1721/1721
f 1723/1723/1723 1722/1722/1722 1721/1721/1721
f 1724/1724/1724 1719/1719/1719 1716/1716/1716
f 1723/1723/1723 1724/1724/1724 1722/1722/1722
f 1724/1724/1724 1725/1725/1725 1719/1719/1719
f 1725/1725/1725 1724/1724/1724 1723/1723/1723
f 1728/1728/1728 1727/1727/1727 1726/1726/1726
f 1729/1729/1729 1728/1728/1728 1726/1726/1726
f 1726/1726/1726 1727/1727/1727 1730/1730/1730
f 1731/1731/1731 1730/1730/1730 1727/1727/1727
f 1732/1732/1732 1730/1730/1730 1731/1731/1731
f 1733/1733/1733 1732/1732/1732 1731/1731/1731
f 1734/1734/1734 1729/1729/1729 1726/1726/1726
f 1733/1733/1733 1734/1734/1734 1732/1732/1732
f 1734/1734/1734 1735/1735/1735 1729/1729/1729
f 1735/1735/1735 1734/1734/1734 1733/1733/1733
f 1738/1738/1738 1737/1737/1737 1736/1736/1736
f 1739/1739/1739 1736/1736/1736 1737/1737/1737
f 1740/1740/1740 1738/1738/1738 1736/1736/1736
f 1741/1741/1741 1738/1738/1738 1740/1740/1740
f 1742/1742/1742 1741/1741/1741 1740/1740/1740
f 1741/1741/1741 1742/1742/1742 1743/1743/1743
f 1744/1744/1744 1736/1736/1736 1739/1739/1739
f 1744/1744/1744 1743/1743/1743 1742/1742/1742
f 1745/1745/1745 1744/1744/1744 1739/1739/1739
f 1744/1744/1744 1745/1745/1745 1743/1743/1743
f 1748/1748/1748 1747/1747/1747 1746/1746/1746
f 1749/1749/1749 1747/1747/1747 1748/1748/1748
f 1750/1750/1750 1746/1746/1746 1747/1747/1747
f 1746/1746/1746 1750/1750/1750 1751/1751/1751
f 1750/1750/1750 1752/1752/1752 1751/1751/1751
f 1751/1751/1751 1752/1752/1752 1753/1753/1753
f 1747/1747/1747 1749/1749/1749 1754/1754/1754
f 1754/1754/1754 1753/1753/1753 1752/1752/1752
f 1749/1749/1749 1755/1755/1755 1754/1754/1754
f 1753/1753/1753 1754/1754/1754 1755/1755/1755
