v -16.000000 -6.500000 3.750000
v -15.500000 -6.500000 1.000000
v -15.500000 -6.500000 3.750000
v -6.500000 -0.250000 -0.000000
v -15.500000 -0.250000 4.250000
v -6.500000 -0.250000 4.250000
v -15.500000 -1.250000 1.000000
v -16.000000 -6.500000 1.000000
v -16.000000 -1.250000 1.000000
v 16.000000 -1.250000 1.000000
v 15.500000 -6.500000 1.000000
v 15.500000 -1.250000 1.000000
v -15.500000 -0.250000 -0.000000
v -15.500000 -7.500000 -0.000000
v -15.500000 -1.250000 1.000000
v 6.500000 0.250000 0.000000
v 15.500000 0.250000 4.250000
v 6.500000 0.250000 4.250000
v -6.500000 -5.125000 2.750000
v -6.000000 -5.125000 -0.000000
v -6.000000 -5.125000 2.750000
v -6.500000 -5.125000 -0.000000
v -6.500000 -5.125000 2.750000
v 5.000000 7.500000 6.750000
v 6.000000 7.500000 7.750000
v 5.000000 7.500000 5.750000
v 15.500000 -1.250000 3.750000
v 15.500000 -1.250000 1.000000
v 15.500000 -0.250000 4.250000
v -15.500000 -1.250000 3.750000
v -16.000000 -6.500000 3.750000
v -15.500000 -6.500000 3.750000
v -16.000000 6.500000 3.750000
v -15.500000 1.250000 3.750000
v -15.500000 6.500000 3.750000
v -14.500000 7.500000 3.750000
v -7.500000 8.000000 3.750000
v -14.500000 8.000000 3.750000
v -7.500000 7.500000 3.750000
v -7.500000 8.000000 3.750000
v -6.500000 7.500000 4.250000
v -15.500000 0.250000 4.250000
v -6.500000 0.250000 4.250000
v 15.500000 7.500000 4.250000
v 6.500000 0.250000 4.250000
v 15.500000 0.250000 4.250000
v -1.000000 7.500000 6.750000
v -1.000000 8.000000 5.750000
v -1.000000 7.500000 5.750000
v -1.000000 8.000000 6.750000
v -1.000000 7.500000 6.750000
v -3.000000 7.500000 5.750000
v -3.000000 8.000000 6.750000
v -3.000000 7.500000 6.750000
v -5.000000 8.000000 5.750000
v -5.000000 7.500000 6.750000
v -5.000000 8.000000 6.750000
v 6.500000 -0.000000 6.250000
v 16.500000 -0.000000 6.250000
v 6.500000 8.000000 4.250000
v 16.500000 8.500000 4.125000
v 6.500000 8.500000 4.125000
v -16.000000 8.000000 4.250000
v -16.000000 -0.000000 6.250000
v -16.000000 6.500000 3.750000
v -16.000000 -8.000000 4.250000
v -16.000000 -6.500000 3.750000
v -16.000000 8.000000 -5.000000
v -14.500000 8.000000 2.750000
v -16.000000 8.000000 4.250000
v -14.500000 8.000000 3.750000
v -16.000000 8.000000 4.250000
v -15.500000 8.000000 -5.000000
v -16.000000 8.000000 -5.000000
v -7.500000 8.000000 1.000000
v -14.500000 8.000000 1.000000
v -2.000000 8.000000 -5.000000
v -2.000000 8.000000 0.000000
v -6.500000 8.000000 4.250000
v -7.500000 8.000000 3.750000
v 2.000000 8.000000 0.000000
v -2.000000 8.000000 3.750000
v 7.500000 8.000000 1.000000
v 16.000000 8.000000 -5.000000
v 6.500000 8.000000 4.250000
v 7.500000 8.000000 3.750000
v 14.500000 8.000000 1.000000
v 16.000000 8.000000 0.000000
v 2.000000 8.000000 3.750000
v -5.000000 8.000000 5.750000
v -6.500000 8.000000 4.750000
v -6.500000 8.000000 5.750000
v -5.000000 8.000000 6.750000
v -6.500000 8.000000 7.750000
v -3.000000 8.000000 6.750000
v -3.000000 8.000000 5.750000
v -1.000000 8.000000 7.750000
v -1.000000 8.000000 5.750000
v -1.000000 8.000000 3.750000
v -1.000000 8.000000 6.750000
v 1.000000 8.000000 5.750000
v 1.000000 8.000000 6.750000
v 3.000000 8.000000 7.750000
v 3.000000 8.000000 5.750000
v 3.000000 8.000000 6.750000
v 5.000000 8.000000 5.750000
v 5.000000 8.000000 6.750000
v 5.000000 8.000000 7.750000
v 6.500000 8.000000 7.750000
v 6.500000 8.000000 4.750000
v 6.500000 8.000000 7.750000
v 16.000000 8.000000 4.250000
v 14.500000 8.000000 3.750000
v 14.500000 8.000000 2.750000
v 16.000000 8.000000 1.000000
v 16.000000 8.000000 0.000000
v 16.000000 8.000000 1.000000
v 16.000000 8.000000 4.250000
v -6.500000 -8.000000 4.250000
v -6.500000 -8.500000 4.625000
v -6.500000 -8.000000 4.750000
v -6.500000 -8.500000 4.125000
v -6.500000 -8.500000 4.625000
v 16.000000 6.500000 3.750000
v 15.500000 6.500000 1.000000
v 15.500000 6.500000 3.750000
v 5.000000 8.000000 6.750000
v 5.000000 7.500000 5.750000
v 5.000000 8.000000 5.750000
v -3.000000 -8.000000 5.750000
v -3.000000 -7.500000 6.750000
v -3.000000 -8.000000 6.750000
v -5.000000 -7.500000 5.750000
v -5.000000 -8.000000 6.750000
v -5.000000 -7.500000 6.750000
v -5.000000 -8.000000 5.750000
v -5.000000 -8.000000 6.750000
v 1.000000 -8.000000 5.750000
v 1.000000 -7.500000 6.750000
v 1.000000 -8.000000 6.750000
v 5.000000 -7.500000 6.750000
v 5.000000 -8.000000 5.750000
v 5.000000 -7.500000 5.750000
v 6.500000 7.500000 4.250000
v 7.500000 7.500000 3.750000
v 7.500000 7.500000 1.000000
v 6.500000 -7.500000 -0.000000
v 15.500000 -7.500000 -0.000000
v 7.500000 -7.500000 1.000000
v 15.500000 -7.500000 -0.000000
v 14.500000 -7.500000 1.000000
v -16.500000 -8.500000 4.625000
v -16.500000 -0.000000 6.750000
v -6.500000 -8.000000 4.750000
v -6.500000 -0.000000 6.750000
v -16.500000 -0.000000 6.750000
v -6.500000 0.250000 0.000000
v -15.500000 0.250000 4.250000
v -15.500000 0.250000 0.000000
v 16.500000 8.500000 4.625000
v 16.500000 -0.000000 6.750000
v 6.500000 8.000000 4.750000
v 6.500000 -8.000000 4.750000
v 6.500000 -0.000000 6.750000
v 16.500000 -8.500000 4.625000
v 6.500000 -8.000000 4.750000
v 6.500000 -8.500000 4.625000
v -6.500000 -8.000000 4.250000
v -16.500000 -0.000000 6.250000
v -16.500000 -8.500000 4.125000
v -6.500000 -0.000000 6.250000
v -6.500000 8.000000 4.250000
v -16.500000 8.500000 4.125000
v -6.500000 8.000000 4.250000
v -6.500000 8.500000 4.125000
v 6.500000 8.500000 4.625000
v 6.500000 8.000000 4.250000
v 6.500000 8.500000 4.125000
v 6.500000 8.000000 4.750000
v 6.500000 8.500000 4.625000
v 15.500000 -0.250000 -0.000000
v 6.500000 -0.250000 4.250000
v 15.500000 -0.250000 4.250000
v -2.000000 8.000000 3.750000
v -2.000000 7.500000 0.000000
v -2.000000 7.500000 3.750000
v -7.000000 -0.000000 9.750000
v -7.000000 8.500000 8.125000
v -7.000000 -0.000000 10.250000
v 7.000000 8.500000 8.125000
v -7.000000 -0.000000 10.250000
v -7.000000 8.500000 8.125000
v -16.000000 -6.500000 1.000000
v -15.500000 -6.500000 1.000000
v -16.000000 -6.500000 3.750000
v 15.500000 -0.250000 -0.000000
v 6.500000 -2.625000 -0.000000
v 6.500000 -0.250000 -0.000000
v 6.500000 2.625000 0.000000
v 15.500000 0.250000 0.000000
v 6.500000 0.250000 0.000000
v -6.500000 -2.625000 -0.000000
v -15.500000 -0.250000 -0.000000
v -6.500000 -0.250000 -0.000000
v -15.500000 0.250000 0.000000
v -6.500000 2.625000 0.000000
v -6.500000 0.250000 0.000000
v 6.000000 5.125000 0.000000
v 2.000000 7.500000 0.000000
v 6.000000 7.500000 0.000000
v -2.000000 7.500000 0.000000
v -6.000000 5.125000 0.000000
v -6.000000 7.500000 0.000000
v -15.500000 -0.250000 -0.000000
v -15.500000 -0.250000 4.250000
v -6.500000 -0.250000 -0.000000
v -6.500000 -7.500000 4.250000
v -7.500000 -7.500000 1.000000
v -6.500000 -7.500000 -0.000000
v -7.500000 -7.500000 1.000000
v -7.500000 -7.500000 -0.000000
v -14.500000 -7.500000 1.000000
v -7.500000 -7.500000 1.000000
v -15.500000 -7.500000 -0.000000
v -15.500000 -7.500000 1.000000
v -14.500000 -7.500000 1.000000
v -6.500000 -7.500000 4.250000
v -7.500000 -7.500000 3.750000
v -7.500000 -7.500000 1.000000
v -15.500000 6.500000 1.000000
v -15.500000 5.125000 1.000000
v -16.000000 6.500000 1.000000
v 16.000000 1.250000 1.000000
v 15.500000 2.625000 1.000000
v 16.000000 5.125000 1.000000
v 15.500000 2.625000 1.000000
v 16.000000 1.250000 1.000000
v 15.500000 1.250000 1.000000
v -15.500000 -6.500000 1.000000
v -16.000000 -6.500000 1.000000
v -15.500000 -1.250000 1.000000
v 16.000000 -6.500000 1.000000
v 15.500000 -6.500000 1.000000
v 16.000000 -1.250000 1.000000
v -5.000000 -7.500000 5.750000
v -5.000000 -7.500000 6.750000
v -6.000000 -7.500000 5.750000
v -1.000000 -7.500000 5.750000
v -3.000000 -7.500000 6.750000
v -3.000000 -7.500000 5.750000
v 6.000000 -2.625000 2.750000
v 6.000000 -7.500000 6.750000
v 6.000000 -5.125000 2.750000
v 6.000000 7.500000 7.750000
v 6.000000 -7.500000 7.750000
v 6.000000 2.625000 2.750000
v 6.000000 5.125000 2.750000
v 6.000000 7.500000 0.000000
v 6.000000 5.125000 0.000000
v 15.500000 -7.500000 1.000000
v 15.500000 -6.500000 1.000000
v 15.500000 -7.500000 3.750000
v 15.500000 -7.500000 3.750000
v 15.500000 -6.500000 3.750000
v 15.500000 -7.500000 4.250000
v 15.500000 -1.250000 3.750000
v 15.500000 -0.250000 4.250000
v 15.500000 -7.500000 4.250000
v -15.500000 -7.500000 1.000000
v -15.500000 -6.500000 1.000000
v -15.500000 -7.500000 -0.000000
v -15.500000 -1.250000 4.250000
v -15.500000 -0.250000 4.250000
v -15.500000 -1.250000 3.750000
v -15.500000 -0.250000 -0.000000
v -15.500000 -1.250000 1.000000
v -15.500000 -1.250000 3.750000
v -15.500000 -1.250000 1.000000
v -15.500000 -7.500000 -0.000000
v -15.500000 -6.500000 1.000000
v 1.000000 -7.500000 6.750000
v 6.000000 -7.500000 7.750000
v -2.000000 -7.500000 7.750000
v 1.000000 -7.500000 6.750000
v 3.000000 -7.500000 6.750000
v 1.000000 -7.500000 5.750000
v 3.000000 -7.500000 6.750000
v 1.000000 -7.500000 6.750000
v 6.000000 -7.500000 -0.000000
v -6.000000 -7.500000 -0.000000
v 6.000000 -7.500000 2.750000
v 3.000000 -7.500000 5.750000
v 3.000000 -7.500000 6.750000
v 5.000000 -7.500000 5.750000
v 6.000000 -7.500000 6.750000
v 6.000000 -7.500000 7.750000
v 5.000000 -7.500000 6.750000
v -6.000000 -7.500000 -0.000000
v -1.000000 -7.500000 5.750000
v -3.000000 -7.500000 5.750000
v -5.000000 -7.500000 5.750000
v -6.000000 -7.500000 5.750000
v -5.000000 -7.500000 6.750000
v -6.000000 -7.500000 7.750000
v -3.000000 -7.500000 6.750000
v -1.000000 -7.500000 6.750000
v -2.000000 -7.500000 7.750000
v 1.000000 -7.500000 6.750000
v -1.000000 -8.000000 5.750000
v 3.000000 -8.000000 5.750000
v 5.000000 -8.000000 5.750000
v 1.000000 -8.000000 5.750000
v 3.000000 -8.000000 5.750000
v 6.500000 -0.250000 4.250000
v 6.500000 -2.625000 2.750000
v 6.500000 -7.500000 4.250000
v 6.500000 -2.625000 2.750000
v 6.500000 -0.250000 -0.000000
v 6.500000 -2.625000 -0.000000
v 6.500000 -2.625000 2.750000
v 6.500000 -0.250000 4.250000
v 6.500000 -7.500000 -0.000000
v 6.500000 -5.125000 2.750000
v 6.500000 -5.125000 -0.000000
v -15.500000 0.250000 0.000000
v -15.500000 0.250000 4.250000
v -15.500000 1.250000 1.000000
v -15.500000 1.250000 1.000000
v -15.500000 2.625000 0.000000
v -15.500000 1.250000 1.000000
v -15.500000 2.625000 1.000000
v -15.500000 5.125000 0.000000
v -15.500000 5.125000 1.000000
v -15.500000 6.500000 1.000000
v -15.500000 7.500000 0.000000
v -15.500000 0.250000 4.250000
v -15.500000 1.250000 3.750000
v -15.500000 1.250000 1.000000
v 6.500000 7.500000 4.250000
v 6.500000 2.625000 2.750000
v 6.500000 0.250000 4.250000
v -6.500000 0.250000 4.250000
v -6.500000 5.125000 2.750000
v -6.500000 7.500000 4.250000
v -6.500000 7.500000 0.000000
v -6.500000 7.500000 1.000000
v -6.500000 5.125000 0.000000
v -6.500000 7.500000 1.000000
v -6.500000 5.125000 2.750000
v -6.500000 5.125000 0.000000
v -6.500000 7.500000 2.750000
v -6.500000 5.125000 2.750000
v -6.500000 7.500000 4.250000
v -6.500000 5.125000 2.750000
v -6.500000 0.250000 4.250000
v -6.500000 2.625000 2.750000
v 15.500000 0.250000 0.000000
v 15.500000 0.250000 4.250000
v 6.500000 0.250000 0.000000
v 15.500000 0.250000 4.250000
v 15.500000 6.500000 3.750000
v 15.500000 7.500000 4.250000
v 15.500000 0.250000 4.250000
v 15.500000 1.250000 3.750000
v 15.500000 7.500000 4.250000
v 15.500000 7.500000 3.750000
v 15.500000 7.500000 2.750000
v 15.500000 6.500000 1.000000
v 15.500000 7.500000 1.000000
v -7.500000 7.500000 3.750000
v -6.500000 7.500000 4.250000
v -6.500000 7.500000 2.750000
v -6.500000 7.500000 2.750000
v -7.500000 7.500000 2.750000
v -6.500000 7.500000 1.000000
v -7.500000 7.500000 1.000000
v -7.500000 7.500000 2.750000
v -6.500000 7.500000 0.000000
v 16.000000 -1.250000 3.750000
v 16.000000 -0.000000 6.250000
v 16.000000 1.250000 3.750000
v 16.000000 1.250000 3.750000
v 16.000000 1.250000 2.750000
v 16.000000 -1.250000 2.750000
v 16.000000 -1.250000 1.000000
v 16.000000 -6.500000 3.750000
v 16.000000 -0.000000 6.250000
v 16.000000 8.000000 4.250000
v 16.000000 6.500000 3.750000
v 16.000000 6.500000 3.750000
v 16.000000 8.000000 1.000000
v 16.000000 -8.000000 4.250000
v 16.000000 -6.500000 1.000000
v 16.000000 -8.000000 -5.000000
v 16.000000 5.125000 -5.000000
v 16.000000 5.125000 1.000000
v 16.000000 1.250000 1.000000
v 16.000000 6.500000 1.000000
v 16.000000 6.500000 -5.000000
v 16.000000 6.500000 3.750000
v 16.000000 8.000000 0.000000
v 16.000000 8.000000 -5.000000
v 16.000000 -0.000000 6.250000
v 16.000000 1.250000 3.750000
v 16.000000 -8.000000 4.250000
v 16.000000 -0.000000 6.250000
v 16.000000 -6.500000 3.750000
v 6.500000 -7.500000 3.750000
v 7.500000 -7.500000 3.750000
v 6.500000 -7.500000 4.250000
v 6.500000 -7.500000 -0.000000
v 7.500000 -7.500000 1.000000
v 6.500000 -7.500000 3.750000
v 7.500000 -7.500000 3.750000
v 14.500000 -7.500000 3.750000
v 6.500000 -7.500000 4.250000
v 15.500000 -7.500000 4.250000
v 6.500000 -7.500000 4.250000
v 15.500000 -7.500000 3.750000
v 15.500000 -7.500000 1.000000
v 14.500000 -7.500000 1.000000
v 15.500000 -7.500000 1.000000
v 15.500000 -7.500000 -0.000000
v 15.500000 -6.500000 1.000000
v 15.500000 -7.500000 -0.000000
v 15.500000 -1.250000 1.000000
v 15.500000 -6.500000 1.000000
v -16.000000 -1.250000 3.750000
v -16.000000 -6.500000 3.750000
v -15.500000 -1.250000 3.750000
v -16.000000 1.250000 3.750000
v -15.500000 1.250000 3.750000
v -16.000000 6.500000 3.750000
v -15.500000 7.500000 4.250000
v -15.500000 0.250000 4.250000
v -6.500000 7.500000 4.250000
v 6.500000 7.500000 4.250000
v 6.500000 0.250000 4.250000
v 15.500000 7.500000 4.250000
v -1.000000 7.500000 3.750000
v -1.000000 7.500000 5.750000
v 1.000000 7.500000 5.750000
v -1.000000 7.500000 3.750000
v 2.000000 7.500000 3.750000
v 3.000000 7.500000 5.750000
v 2.000000 7.500000 3.750000
v 1.000000 7.500000 6.750000
v 3.000000 7.500000 6.750000
v 5.000000 7.500000 5.750000
v 6.000000 7.500000 0.000000
v 6.000000 7.500000 7.750000
v 2.000000 7.500000 3.750000
v 2.000000 7.500000 0.000000
v -5.000000 7.500000 5.750000
v -6.000000 7.500000 7.750000
v -5.000000 7.500000 6.750000
v -2.000000 7.500000 3.750000
v -1.000000 7.500000 5.750000
v -1.000000 7.500000 3.750000
v -5.000000 7.500000 5.750000
v -6.000000 7.500000 0.000000
v -6.000000 7.500000 7.750000
v 5.000000 -7.500000 6.750000
v 5.000000 -7.500000 5.750000
v 6.000000 -7.500000 6.750000
v -3.000000 7.500000 5.750000
v -1.000000 7.500000 6.750000
v -1.000000 7.500000 5.750000
v 3.000000 7.500000 7.750000
v 1.000000 7.500000 6.750000
v 3.000000 7.500000 6.750000
v 5.000000 7.500000 6.750000
v 6.000000 7.500000 7.750000
v -5.000000 7.500000 7.750000
v -3.000000 7.500000 6.750000
v -5.000000 7.500000 6.750000
v -6.000000 7.500000 7.750000
v -3.000000 7.500000 6.750000
v -1.000000 7.500000 6.750000
v -3.000000 7.500000 5.750000
v -1.000000 7.500000 5.750000
v -2.000000 7.500000 3.750000
v -5.000000 7.500000 5.750000
v -6.000000 7.500000 0.000000
v -2.000000 7.500000 0.000000
v -3.000000 8.000000 5.750000
v -3.000000 8.000000 6.750000
v -3.000000 7.500000 5.750000
v -5.000000 7.500000 5.750000
v -5.000000 7.500000 6.750000
v -5.000000 8.000000 5.750000
v 16.500000 8.500000 4.125000
v 6.500000 8.000000 4.250000
v 16.500000 -0.000000 6.250000
v 6.500000 -0.000000 6.250000
v 6.500000 -8.000000 4.250000
v 16.500000 -8.500000 4.125000
v 6.500000 -8.000000 4.250000
v 6.500000 -8.500000 4.125000
v -16.000000 -8.000000 -5.000000
v -16.000000 -6.500000 1.000000
v -16.000000 -8.000000 -0.000000
v -16.000000 -8.000000 4.250000
v -16.000000 -8.000000 -0.000000
v -16.000000 -6.500000 3.750000
v -16.000000 -8.000000 -5.000000
v -16.000000 -1.250000 -5.000000
v -16.000000 -1.250000 1.000000
v -16.000000 1.250000 1.000000
v -16.000000 5.125000 -5.000000
v -16.000000 6.500000 1.000000
v -16.000000 8.000000 -5.000000
v -16.000000 8.000000 4.250000
v -16.000000 6.500000 3.750000
v -16.000000 -1.250000 3.750000
v -16.000000 -0.000000 6.250000
v -16.000000 1.250000 3.750000
v -16.000000 -1.250000 2.750000
v 16.000000 6.500000 1.000000
v 15.500000 6.500000 1.000000
v 16.000000 6.500000 3.750000
v -16.000000 -1.250000 1.000000
v -16.000000 -1.250000 2.750000
v -15.500000 -1.250000 1.000000
v 6.500000 8.000000 4.250000
v 7.500000 8.000000 3.750000
v 14.500000 8.000000 3.750000
v 5.000000 7.500000 6.750000
v 5.000000 7.500000 5.750000
v 5.000000 8.000000 6.750000
v -3.000000 -7.500000 5.750000
v -3.000000 -7.500000 6.750000
v -3.000000 -8.000000 5.750000
v 1.000000 -7.500000 5.750000
v 1.000000 -7.500000 6.750000
v 1.000000 -8.000000 5.750000
v 5.000000 -8.000000 6.750000
v 5.000000 -8.000000 5.750000
v 5.000000 -7.500000 6.750000
v 6.500000 7.500000 4.250000
v 7.500000 7.500000 1.000000
v 6.500000 7.500000 0.000000
v 15.500000 -7.500000 1.000000
v 14.500000 -7.500000 1.000000
v 15.500000 -7.500000 -0.000000
v 16.000000 -8.000000 4.250000
v 14.500000 -8.000000 1.000000
v 14.500000 -8.000000 3.750000
v 16.000000 -8.000000 -5.000000
v 16.000000 -8.000000 4.250000
v 16.000000 -8.000000 -5.000000
v 7.500000 -8.000000 1.000000
v -6.500000 -8.000000 -5.000000
v -1.000000 -8.000000 5.750000
v 6.500000 -8.000000 4.250000
v 7.500000 -8.000000 2.750000
v 7.500000 -8.000000 3.750000
v 5.000000 -8.000000 5.750000
v 6.500000 -8.000000 4.750000
v 6.500000 -8.000000 7.750000
v -7.500000 -8.000000 1.000000
v -14.500000 -8.000000 1.000000
v -16.000000 -8.000000 -5.000000
v -16.000000 -8.000000 -0.000000
v -3.000000 -8.000000 5.750000
v -3.000000 -8.000000 6.750000
v -1.000000 -8.000000 6.750000
v -6.500000 -8.000000 4.250000
v -7.500000 -8.000000 3.750000
v -5.000000 -8.000000 5.750000
v -6.500000 -8.000000 4.750000
v -6.500000 -8.000000 7.750000
v -3.000000 -8.000000 7.750000
v -1.000000 -8.000000 7.750000
v -5.000000 -8.000000 7.750000
v -5.000000 -8.000000 6.750000
v -6.500000 -8.000000 7.750000
v 1.000000 -8.000000 6.750000
v 3.000000 -8.000000 7.750000
v 3.000000 -8.000000 6.750000
v 1.000000 -8.000000 5.750000
v 3.000000 -8.000000 5.750000
v 5.000000 -8.000000 6.750000
v 6.500000 -8.000000 7.750000
v -6.500000 -8.000000 4.250000
v -7.500000 -8.000000 3.750000
v -14.500000 -8.000000 3.750000
v -16.500000 -8.500000 4.625000
v -6.500000 -8.000000 4.750000
v -6.500000 -8.500000 4.625000
v -6.500000 0.250000 4.250000
v -15.500000 0.250000 4.250000
v -6.500000 0.250000 0.000000
v -14.500000 8.000000 3.750000
v -14.500000 8.000000 2.750000
v -14.500000 7.500000 3.750000
v -14.500000 7.500000 3.750000
v -14.500000 7.500000 1.000000
v -14.500000 8.000000 1.000000
v 6.500000 -0.000000 6.750000
v 6.500000 8.000000 4.750000
v 16.500000 -0.000000 6.750000
v 16.500000 8.500000 4.625000
v 6.500000 8.000000 4.750000
v 6.500000 8.500000 4.625000
v -7.500000 7.500000 3.750000
v -7.500000 7.500000 2.750000
v -7.500000 8.000000 3.750000
v -7.500000 8.000000 3.750000
v -7.500000 8.000000 1.000000
v -7.500000 7.500000 1.000000
v -6.000000 -7.500000 5.750000
v -6.000000 -2.625000 2.750000
v -6.000000 -5.125000 2.750000
v -6.000000 7.500000 7.750000
v -6.000000 -7.500000 7.750000
v -6.000000 2.625000 2.750000
v -6.000000 5.125000 2.750000
v -6.000000 5.125000 0.000000
v -6.000000 7.500000 0.000000
v -6.000000 5.125000 2.750000
v -6.000000 7.500000 7.750000
v -6.000000 7.500000 0.000000
v -6.500000 -5.125000 -0.000000
v -6.500000 -5.125000 2.750000
v -6.500000 -7.500000 -0.000000
v -6.500000 -7.500000 4.250000
v -6.500000 -2.625000 2.750000
v -6.500000 -0.250000 4.250000
v -6.500000 -8.000000 4.250000
v -16.500000 -8.500000 4.125000
v -6.500000 -8.500000 4.125000
v -16.500000 -0.000000 6.250000
v -6.500000 -0.000000 6.250000
v -6.500000 8.000000 7.750000
v -6.500000 -0.000000 9.750000
v -6.500000 8.000000 5.750000
v -6.500000 -0.000000 9.750000
v -6.500000 8.000000 4.750000
v -6.500000 -8.000000 4.750000
v -6.500000 -8.000000 7.750000
v -6.500000 8.000000 4.750000
v -16.500000 8.500000 4.625000
v -6.500000 8.500000 4.625000
v -15.500000 -7.500000 1.000000
v -15.500000 -6.500000 3.750000
v -15.500000 -6.500000 1.000000
v -15.500000 -1.250000 4.250000
v -15.500000 -1.250000 3.750000
v -15.500000 -7.500000 4.250000
v -15.500000 -7.500000 1.000000
v 6.500000 -0.250000 -0.000000
v 6.500000 -0.250000 4.250000
v 15.500000 -0.250000 -0.000000
v -2.000000 8.000000 0.000000
v -2.000000 7.500000 0.000000
v -2.000000 8.000000 3.750000
v 16.000000 1.250000 3.750000
v 15.500000 1.250000 3.750000
v 16.000000 1.250000 2.750000
v -15.500000 8.000000 -5.000000
v -14.500000 8.000000 2.750000
v 7.000000 -0.000000 9.750000
v 7.000000 8.500000 8.125000
v 7.000000 8.500000 7.625000
v 7.000000 -8.500000 8.125000
v 7.000000 -0.000000 10.250000
v 7.000000 -8.500000 7.625000
v 7.000000 -0.000000 9.750000
v 7.000000 -0.000000 10.250000
v 7.000000 8.500000 8.125000
v -7.000000 -0.000000 9.750000
v -7.000000 -8.500000 8.125000
v -7.000000 -8.500000 7.625000
v -7.000000 8.500000 8.125000
v -7.000000 -0.000000 9.750000
v -7.000000 8.500000 7.625000
v -7.000000 -0.000000 9.750000
v -7.000000 -0.000000 10.250000
v -7.000000 -8.500000 8.125000
v 7.000000 -0.000000 10.250000
v -7.000000 -0.000000 10.250000
v 7.000000 8.500000 8.125000
v -16.000000 -8.000000 4.250000
v -14.500000 -8.000000 3.750000
v -16.000000 -8.000000 4.250000
v -16.000000 -8.000000 -0.000000
v 14.500000 -8.000000 3.750000
v 14.500000 -7.500000 1.000000
v 14.500000 -7.500000 3.750000
v 14.500000 -8.000000 1.000000
v -7.000000 -8.500000 8.125000
v 7.000000 -0.000000 10.250000
v 7.000000 -8.500000 8.125000
v -7.000000 -0.000000 10.250000
v 6.600000 -2.525000 -0.116701
v 5.899999 -2.525002 2.865853
v 5.899999 -2.525002 -0.116701
v 6.600000 -2.525000 2.865853
v 6.000000 -5.125000 2.750000
v 6.500000 -5.125000 -0.000000
v 6.500000 -5.125000 2.750000
v 6.000000 -5.125000 -0.000000
v -6.500000 -7.500000 4.250000
v -14.500000 -7.500000 3.750000
v -7.500000 -7.500000 3.750000
v -15.500000 -7.500000 4.250000
v -15.500000 -7.500000 1.000000
v -14.500000 -7.500000 1.000000
v 15.500000 6.500000 1.000000
v 16.000000 5.125000 1.000000
v 15.500000 2.625000 1.000000
v 16.000000 6.500000 1.000000
v -14.500000 -8.000000 3.750000
v -14.500000 -7.500000 1.000000
v -14.500000 -8.000000 1.000000
v -14.500000 -7.500000 3.750000
v -7.500000 8.000000 1.000000
v -14.500000 7.500000 1.000000
v -14.500000 8.000000 1.000000
v -7.500000 7.500000 1.000000
v -7.500000 -7.500000 1.000000
v -14.500000 -8.000000 1.000000
v -14.500000 -7.500000 1.000000
v -7.500000 -8.000000 1.000000
v 14.500000 8.000000 1.000000
v 7.500000 7.500000 1.000000
v 7.500000 8.000000 1.000000
v 14.500000 7.500000 1.000000
v 14.500000 -7.500000 1.000000
v 7.500000 -8.000000 1.000000
v 7.500000 -7.500000 1.000000
v 14.500000 -8.000000 1.000000
v -16.000000 -1.250000 1.000000
v -16.000000 1.250000 1.000000
v -16.000000 -1.250000 2.750000
v -16.000000 1.250000 3.750000
v -6.500000 2.625000 0.000000
v -6.000000 2.625000 2.750000
v -6.500000 2.625000 2.750000
v -6.000000 2.625000 0.000000
v 15.500000 6.500000 1.000000
v 15.500000 7.500000 0.000000
v 15.500000 7.500000 1.000000
v 15.500000 2.625000 0.000000
v 6.500000 -5.125000 2.750000
v 6.500000 -7.500000 4.250000
v 6.500000 -2.625000 2.750000
v 6.500000 -7.500000 3.750000
v 6.500000 -7.500000 -0.000000
v -15.500000 1.250000 3.750000
v -15.500000 0.250000 4.250000
v -15.500000 7.500000 4.250000
v -15.500000 6.500000 1.000000
v -15.500000 7.500000 0.000000
v -15.500000 7.500000 4.250000
v -15.500000 6.500000 3.750000
v 6.500000 2.625000 2.750000
v 6.500000 7.500000 4.250000
v 6.500000 5.125000 2.750000
v 6.500000 7.500000 0.000000
v 6.500000 5.125000 0.000000
v 15.500000 0.250000 4.250000
v 15.500000 1.250000 1.000000
v 15.500000 1.250000 3.750000
v 15.500000 0.250000 0.000000
v 15.500000 2.625000 0.000000
v 15.500000 2.625000 1.000000
v 15.500000 2.625000 0.000000
v 15.500000 6.500000 1.000000
v 5.107337 -8.099998 6.850000
v 5.107337 -7.400002 5.643530
v 5.107337 -8.099998 5.643530
v 5.107337 -7.400002 6.850000
v 7.500000 8.000000 3.750000
v 7.500000 7.500000 1.000000
v 7.500000 7.500000 3.750000
v 7.500000 8.000000 1.000000
v -6.000000 2.625000 2.750000
v -6.500000 5.125000 2.750000
v -6.500000 2.625000 2.750000
v -6.000000 5.125000 2.750000
v 7.500000 8.000000 3.750000
v 14.500000 7.500000 3.750000
v 14.500000 8.000000 3.750000
v 7.500000 7.500000 3.750000
v 15.500000 6.500000 3.750000
v 16.000000 1.250000 3.750000
v 16.000000 6.500000 3.750000
v 15.500000 1.250000 3.750000
v 7.500000 -7.500000 3.750000
v 14.500000 -8.000000 3.750000
v 14.500000 -7.500000 3.750000
v 7.500000 -8.000000 3.750000
v -14.500000 -8.000000 3.750000
v -7.500000 -7.500000 3.750000
v -14.500000 -7.500000 3.750000
v -7.500000 -8.000000 3.750000
v -6.000000 -5.125000 2.750000
v -6.500000 -2.625000 2.750000
v -6.500000 -5.125000 2.750000
v -6.000000 -2.625000 2.750000
v 6.500000 -2.625000 2.750000
v 6.000000 -5.125000 2.750000
v 6.500000 -5.125000 2.750000
v 6.000000 -2.625000 2.750000
v 6.500000 5.125000 2.750000
v 6.000000 2.625000 2.750000
v 6.500000 2.625000 2.750000
v 6.000000 5.125000 2.750000
v -15.500000 -1.250000 4.250000
v -6.500000 -0.250000 4.250000
v -15.500000 -0.250000 4.250000
v -6.500000 -7.500000 4.250000
v -15.500000 -7.500000 4.250000
v 15.500000 -7.500000 4.250000
v 6.500000 -0.250000 4.250000
v 6.500000 -7.500000 4.250000
v 15.500000 -0.250000 4.250000
v 3.000000 7.500000 6.750000
v 3.000000 8.000000 5.750000
v 3.000000 7.500000 5.750000
v 3.000000 8.000000 6.750000
v 1.000000 7.500000 5.750000
v 1.000000 8.000000 6.750000
v 1.000000 7.500000 6.750000
v 1.000000 8.000000 5.750000
v -3.000000 7.500000 5.750000
v -5.000000 8.000000 5.750000
v -3.000000 8.000000 5.750000
v -5.000000 7.500000 5.750000
v -15.500000 -1.250000 3.750000
v -15.500000 -1.250000 1.000000
v -16.000000 -1.250000 2.750000
v -16.000000 -1.250000 3.750000
v 5.000000 8.000000 6.750000
v 3.000000 7.500000 6.750000
v 5.000000 7.500000 6.750000
v 3.000000 8.000000 6.750000
v 3.000000 8.000000 5.750000
v 5.000000 7.500000 5.750000
v 3.000000 7.500000 5.750000
v 5.000000 8.000000 5.750000
v -1.000000 8.000000 5.750000
v 1.000000 7.500000 5.750000
v -1.000000 7.500000 5.750000
v 1.000000 8.000000 5.750000
v -1.000000 7.500000 6.750000
v 1.000000 8.000000 6.750000
v -1.000000 8.000000 6.750000
v 1.000000 7.500000 6.750000
v -3.000000 7.500000 6.750000
v -5.000000 8.000000 6.750000
v -5.000000 7.500000 6.750000
v -3.000000 8.000000 6.750000
v -3.000000 -8.000000 5.750000
v -5.000000 -7.500000 5.750000
v -3.000000 -7.500000 5.750000
v -5.000000 -8.000000 5.750000
v 1.000000 -8.000000 5.750000
v -1.000000 -7.500000 5.750000
v 1.000000 -7.500000 5.750000
v -1.000000 -8.000000 5.750000
v 5.000000 -7.500000 5.750000
v 3.000000 -8.000000 5.750000
v 3.000000 -7.500000 5.750000
v 5.000000 -8.000000 5.750000
v 3.000000 -7.500000 6.750000
v 5.000000 -8.000000 6.750000
v 5.000000 -7.500000 6.750000
v 3.000000 -8.000000 6.750000
v -1.000000 -8.000000 6.750000
v 1.000000 -7.500000 6.750000
v -1.000000 -7.500000 6.750000
v 1.000000 -8.000000 6.750000
v -5.000000 -8.000000 6.750000
v -3.000000 -7.500000 6.750000
v -5.000000 -7.500000 6.750000
v -3.000000 -8.000000 6.750000
v -1.000000 -7.500000 5.750000
v -1.000000 -8.000000 6.750000
v -1.000000 -7.500000 6.750000
v -1.000000 -8.000000 5.750000
v 3.000000 -8.000000 6.750000
v 3.000000 -7.500000 5.750000
v 3.000000 -8.000000 5.750000
v 3.000000 -7.500000 6.750000
v -6.000000 5.125000 2.750000
v -6.500000 5.125000 0.000000
v -6.500000 5.125000 2.750000
v -6.000000 5.125000 0.000000
v 16.000000 -1.250000 3.750000
v 15.500000 -6.500000 3.750000
v 16.000000 -6.500000 3.750000
v 15.500000 -1.250000 3.750000
v 5.900000 -5.227648 -0.116701
v 6.600001 -5.227647 2.865853
v 6.600001 -5.227647 -0.116701
v 5.900000 -5.227648 2.865853
v -1.892664 8.099999 3.665853
v -1.892664 7.399999 -0.116701
v -1.892664 7.399999 3.665853
v -1.892664 8.099999 -0.116701
v 15.400000 1.150000 0.993531
v 16.100000 1.150000 3.940287
v 16.100000 1.150000 0.993531
v 15.400000 1.150000 3.940287
v 1.892665 8.099999 3.665853
v 1.892665 7.399999 -0.116701
v 1.892665 8.099999 -0.116701
v 1.892665 7.399999 3.665853
v -1.892664 8.099999 3.665853
v 1.892665 7.399999 3.665853
v 1.892665 8.099999 3.665853
v -1.892664 7.399999 3.665853
v 1.892665 7.399999 -0.116701
v 2.100000 8.099999 -0.116701
v 1.892665 8.099999 -0.116701
v 2.100000 7.399998 -0.116701
v -2.099999 7.399999 -0.116701
v -1.892664 8.099999 -0.116701
v -2.100000 8.100000 -0.116701
v -1.892664 7.399999 -0.116701
v 5.899999 2.525002 -0.116701
v 6.600000 2.525000 2.865853
v 6.600000 2.525000 -0.116701
v 5.899999 2.525002 2.865853
v -6.600001 -5.227647 2.865853
v -5.900000 -5.227648 -0.116701
v -6.600001 -5.227647 -0.116701
v -5.900000 -5.227648 2.865853
v -5.899999 2.732337 2.665853
v -6.599999 2.732337 -0.116701
v -5.899999 2.732337 -0.116701
v -6.599999 2.732337 2.665853
v 7.500000 -8.000000 3.750000
v 6.500000 -8.000000 4.250000
v 14.500000 -8.000000 4.250000
v 14.500000 -8.000000 3.750000
v 16.000000 -8.000000 4.250000
v -6.600001 5.020312 2.665853
v -5.900001 5.020313 -0.116701
v -6.600001 5.020312 -0.116701
v -5.900001 5.020313 2.665853
v -5.899999 2.732337 2.665853
v -6.600001 5.020312 2.665853
v -6.599999 2.732337 2.665853
v -5.900001 5.020313 2.665853
v 6.600001 -5.227647 2.865853
v 5.899999 -2.525002 2.865853
v 6.600000 -2.525000 2.865853
v 5.900000 -5.227648 2.865853
v -5.900001 5.020313 -0.116701
v -6.600001 5.227647 -0.116701
v -6.600001 5.020312 -0.116701
v -5.900000 5.227648 -0.116701
v -5.899999 2.525002 -0.116701
v -6.599999 2.732337 -0.116701
v -6.600000 2.525000 -0.116701
v -5.899999 2.732337 -0.116701
v 2.900000 8.100002 6.850000
v 2.900000 7.400002 5.643530
v 2.900000 8.100002 5.643530
v 2.900000 7.400002 6.850000
v 6.600001 5.227647 2.865853
v 5.900000 5.227648 -0.116701
v 6.600001 5.227647 -0.116701
v 5.900000 5.227648 2.865853
v -6.599999 -2.732337 -0.116701
v -5.899999 -2.732337 2.665853
v -5.899999 -2.732337 -0.116701
v -6.599999 -2.732337 2.665853
v -5.899999 -2.525002 2.865853
v -6.600001 -5.227647 2.865853
v -6.600000 -2.525000 2.865853
v -5.900000 -5.227648 2.865853
v -6.500000 8.000000 4.250000
v -6.500000 8.500000 4.625000
v -6.500000 8.500000 4.125000
v -6.500000 8.000000 4.750000
v -14.607336 -7.400002 0.893531
v -14.607336 -8.099998 3.840287
v -14.607336 -8.099998 0.893530
v -14.607336 -7.400002 3.840287
v -5.900001 -5.020313 -0.116701
v -6.600001 -5.020312 2.665853
v -6.600001 -5.020312 -0.116701
v -5.900001 -5.020313 2.665853
v -5.899999 -2.732337 2.665853
v -6.600001 -5.020312 2.665853
v -5.900001 -5.020313 2.665853
v -6.599999 -2.732337 2.665853
v -5.900001 -5.020313 -0.116701
v -6.600001 -5.227647 -0.116701
v -5.900000 -5.227648 -0.116701
v -6.600001 -5.020312 -0.116701
v -5.899999 -2.525002 -0.116701
v -6.599999 -2.732337 -0.116701
v -5.899999 -2.732337 -0.116701
v -6.600000 -2.525000 -0.116701
v 15.399998 -6.607338 0.993531
v 16.099995 -6.607338 3.940287
v 16.099995 -6.607338 0.993531
v 15.399998 -6.607338 3.940287
v -16.000000 1.250000 3.750000
v -15.500000 1.250000 1.000000
v -15.500000 1.250000 3.750000
v -16.000000 1.250000 1.000000
v 6.599999 2.732337 -0.116701
v 5.899999 2.732337 2.665853
v 5.899999 2.732337 -0.116701
v 6.599999 2.732337 2.665853
v 5.899999 2.525002 2.865853
v 6.600001 5.227647 2.865853
v 6.600000 2.525000 2.865853
v 5.900000 5.227648 2.865853
v 5.900001 5.020313 -0.116701
v 6.600001 5.020312 2.665853
v 6.600001 5.020312 -0.116701
v 5.900001 5.020313 2.665853
v 5.899999 2.732337 2.665853
v 6.600001 5.020312 2.665853
v 5.900001 5.020313 2.665853
v 6.599999 2.732337 2.665853
v 5.900001 5.020313 -0.116701
v 6.600001 5.227647 -0.116701
v 5.900000 5.227648 -0.116701
v 6.600001 5.020312 -0.116701
v 5.899999 2.525002 -0.116701
v 6.599999 2.732337 -0.116701
v 5.899999 2.732337 -0.116701
v 6.600000 2.525000 -0.116701
v -5.900000 5.227648 -0.116701
v -6.600001 5.227647 2.865853
v -6.600001 5.227647 -0.116701
v -5.900000 5.227648 2.865853
v 5.899999 -2.732337 2.665853
v 6.599999 -2.732337 -0.116701
v 5.899999 -2.732337 -0.116701
v 6.599999 -2.732337 2.665853
v -2.100000 8.100000 3.865853
v -2.099999 7.399999 -0.116701
v -2.100000 8.100000 -0.116701
v -2.099999 7.399999 3.865853
v 6.600001 -5.020312 2.665853
v 5.900001 -5.020313 -0.116701
v 6.600001 -5.020312 -0.116701
v 5.900001 -5.020313 2.665853
v 5.899999 -2.732337 2.665853
v 6.600001 -5.020312 2.665853
v 6.599999 -2.732337 2.665853
v 5.900001 -5.020313 2.665853
v 5.900001 -5.020313 -0.116701
v 6.600001 -5.227647 -0.116701
v 6.600001 -5.020312 -0.116701
v 5.900000 -5.227648 -0.116701
v 5.899999 -2.525002 -0.116701
v 6.599999 -2.732337 -0.116701
v 6.600000 -2.525000 -0.116701
v 5.899999 -2.732337 -0.116701
v 2.000000 7.500000 3.750000
v 2.000000 8.000000 0.000000
v 2.000000 8.000000 3.750000
v 2.000000 7.500000 0.000000
v 15.399998 6.400002 1.200000
v 16.099995 6.400002 3.740287
v 16.099995 6.400002 1.200000
v 15.399998 6.400002 3.740287
v -6.600001 5.227647 2.865853
v -5.899999 2.525002 2.865853
v -6.600000 2.525000 2.865853
v -5.900000 5.227648 2.865853
v 16.100000 1.357336 1.200000
v 15.400000 1.357336 3.740287
v 15.400000 1.357336 1.200000
v 16.100000 1.357336 3.740287
v 16.100000 1.357336 3.740287
v 15.399998 6.400002 3.740287
v 15.400000 1.357336 3.740287
v 16.099995 6.400002 3.740287
v 15.399998 6.400002 1.200000
v 16.100000 1.357336 1.200000
v 15.400000 1.357336 1.200000
v 16.099995 6.400002 1.200000
v 14.400000 8.099998 3.640287
v 14.400000 7.400002 1.100000
v 14.400000 8.099998 1.100000
v 14.400000 7.400002 3.640287
v 7.607336 7.400002 1.100000
v 7.607336 8.100002 3.640287
v 7.607336 8.100002 1.100000
v 7.607336 7.400002 3.640287
v 7.607336 7.400002 3.640287
v 14.400000 8.099998 3.640287
v 7.607336 8.100002 3.640287
v 14.400000 7.400002 3.640287
v -7.500000 -8.000000 3.750000
v -7.500000 -7.500000 1.000000
v -7.500000 -7.500000 3.750000
v -7.500000 -8.000000 1.000000
v 14.400000 8.099998 1.100000
v 7.607336 7.400002 1.100000
v 7.607336 8.100002 1.100000
v 14.400000 7.400002 1.100000
v -6.000000 -2.625000 2.750000
v -6.500000 -2.625000 -0.000000
v -6.500000 -2.625000 2.750000
v -6.000000 -2.625000 -0.000000
v -3.100000 8.100002 6.650000
v -3.100000 7.400005 5.850000
v -3.100000 8.100002 5.849999
v -3.100000 7.400005 6.650000
v -4.892664 7.400005 5.850000
v -4.892664 8.100002 6.650000
v -4.892664 8.100002 5.849999
v -4.892664 7.400005 6.650000
v -4.892664 7.400005 6.650000
v -3.100000 8.100002 6.650000
v -4.892664 8.100002 6.650000
v -3.100000 7.400005 6.650000
v -5.100000 7.400005 5.643530
v -2.892663 8.100002 5.643530
v -5.100000 8.100002 5.643530
v -2.892663 7.400005 5.643530
v -3.100000 8.100002 5.849999
v -4.892664 7.400005 5.850000
v -4.892664 8.100002 5.849999
v -3.100000 7.400005 5.850000
v -5.100000 8.100002 6.850000
v -5.100000 7.400005 5.643530
v -5.100000 8.100002 5.643530
v -5.100000 7.400005 6.850000
v 4.900000 8.099998 6.650000
v 4.900000 7.400002 5.850000
v 4.900000 8.099998 5.849999
v 4.900000 7.400002 6.650000
v 3.107336 7.400002 5.850000
v 3.107336 8.100002 6.650000
v 3.107336 8.100002 5.849999
v 3.107336 7.400002 6.650000
v 3.107336 7.400002 6.650000
v 4.900000 8.099998 6.650000
v 3.107336 8.100002 6.650000
v 4.900000 7.400002 6.650000
v 4.900000 8.099998 5.849999
v 3.107336 7.400002 5.850000
v 3.107336 8.100002 5.849999
v 4.900000 7.400002 5.850000
v -15.400000 1.150000 0.993531
v -16.100000 1.357336 0.993531
v -16.100000 1.150000 0.993531
v -15.399998 6.607338 0.993531
v -16.099995 6.607338 0.993531
v 14.607336 7.400002 0.893531
v 14.607336 8.099998 3.840287
v 14.607336 8.099998 0.893530
v 14.607336 7.400002 3.840287
v 0.900000 8.100002 6.650000
v 0.900000 7.400005 5.850000
v 0.900000 8.100002 5.849999
v 0.900000 7.400005 6.650000
v 1.107336 7.400005 6.850000
v -1.100000 8.100002 6.850000
v 1.107336 8.100002 6.850000
v -1.100000 7.400005 6.850000
v -0.892665 7.400005 5.850000
v -0.892665 8.100002 6.650000
v -0.892665 8.100002 5.849999
v -0.892665 7.400005 6.650000
v -0.892665 7.400005 6.650000
v 0.900000 8.100002 6.650000
v -0.892665 8.100002 6.650000
v 0.900000 7.400005 6.650000
v -1.100000 8.100002 5.643530
v 1.107336 7.400005 5.643530
v 1.107336 8.100002 5.643530
v -1.100000 7.400005 5.643530
v 0.900000 8.100002 5.849999
v -0.892665 7.400005 5.850000
v -0.892665 8.100002 5.849999
v 0.900000 7.400005 5.850000
v -6.600000 2.525000 -0.116701
v -5.899999 2.525002 2.865853
v -5.899999 2.525002 -0.116701
v -6.600000 2.525000 2.865853
v 2.100000 7.399998 -0.116701
v 2.100000 8.099999 3.865853
v 2.100000 8.099999 -0.116701
v 2.100000 7.399998 3.865853
v -6.500000 -7.500000 4.250000
v -6.500000 -5.125000 2.750000
v -6.500000 -2.625000 2.750000
v -6.500000 -7.500000 -0.000000
v -3.100000 -8.100002 6.650000
v -3.100000 -7.400005 5.850000
v -3.100000 -7.400005 6.650000
v -3.100000 -8.100002 5.849999
v -4.892664 -8.100002 6.650000
v -4.892664 -7.400005 5.850000
v -4.892664 -8.100002 5.849999
v -4.892664 -7.400005 6.650000
v -3.100000 -8.100002 6.650000
v -4.892664 -7.400005 6.650000
v -4.892664 -8.100002 6.650000
v -3.100000 -7.400005 6.650000
v -5.100000 -8.100002 5.643530
v -3.100000 -7.400005 5.643530
v -5.100000 -7.400005 5.643530
v -2.892663 -8.100002 5.643530
v -2.892663 -7.400005 5.643530
v -4.892664 -7.400005 5.850000
v -3.100000 -8.100002 5.849999
v -4.892664 -8.100002 5.849999
v -3.100000 -7.400005 5.850000
v -5.100000 -7.400005 5.643530
v -5.100000 -8.100002 6.850000
v -5.100000 -8.100002 5.643530
v -5.100000 -7.400005 6.850000
v 4.900000 -8.099998 6.650000
v 4.900000 -7.400002 5.850000
v 4.900000 -7.400002 6.650000
v 4.900000 -8.099998 5.849999
v 3.107336 -8.100002 6.650000
v 3.107336 -7.400002 5.850000
v 3.107336 -8.100002 5.849999
v 3.107336 -7.400002 6.650000
v 4.900000 -8.099998 6.650000
v 3.107336 -7.400002 6.650000
v 3.107336 -8.100002 6.650000
v 4.900000 -7.400002 6.650000
v 5.107337 -8.099998 5.643530
v 5.107337 -7.400002 5.643530
v 4.900000 -8.099998 5.643530
v 2.900000 -7.400002 5.643530
v 2.900000 -8.100002 5.643530
v 3.107336 -7.400002 5.850000
v 4.900000 -8.099998 5.849999
v 3.107336 -8.100002 5.849999
v 4.900000 -7.400002 5.850000
v -5.899999 -2.525002 -0.116701
v -6.600000 -2.525000 2.865853
v -6.600000 -2.525000 -0.116701
v -5.899999 -2.525002 2.865853
v 6.000000 2.625000 2.750000
v 6.500000 2.625000 0.000000
v 6.500000 2.625000 2.750000
v 6.000000 2.625000 0.000000
v 0.900000 -8.100002 6.650000
v 0.900000 -7.400005 5.850000
v 0.900000 -7.400005 6.650000
v 0.900000 -8.100002 5.849999
v 1.107336 -8.100002 6.850000
v -1.100000 -7.400005 6.850000
v 1.107336 -7.400005 6.850000
v -1.100000 -8.100002 6.850000
v -0.892665 -8.100002 6.650000
v -0.892665 -7.400005 5.850000
v -0.892665 -8.100002 5.849999
v -0.892665 -7.400005 6.650000
v 0.900000 -8.100002 6.650000
v -0.892665 -7.400005 6.650000
v -0.892665 -8.100002 6.650000
v 0.900000 -7.400005 6.650000
v -0.892665 -8.100002 5.643530
v -1.100000 -7.400005 5.643530
v -1.100000 -8.100002 5.643530
v 1.107336 -7.400005 5.643530
v 1.107336 -8.100002 5.643530
v -0.892665 -7.400005 5.850000
v 0.900000 -8.100002 5.849999
v -0.892665 -8.100002 5.849999
v 0.900000 -7.400005 5.850000
v 2.100000 8.099999 3.865853
v -2.099999 7.399999 3.865853
v -2.100000 8.100000 3.865853
v 2.100000 7.399998 3.865853
v 16.099995 -6.400002 3.740287
v 15.399998 -6.400002 1.200000
v 16.099995 -6.400002 1.200000
v 15.399998 -6.400002 3.740287
v 15.400000 -1.357336 3.740287
v 16.100000 -1.357336 1.200000
v 15.400000 -1.357336 1.200000
v 16.100000 -1.357336 3.740287
v 15.399998 -6.400002 3.740287
v 16.100000 -1.357336 3.740287
v 15.400000 -1.357336 3.740287
v 16.099995 -6.400002 3.740287
v 16.100000 -1.357336 1.200000
v 15.399998 -6.400002 1.200000
v 15.400000 -1.357336 1.200000
v 16.099995 -6.400002 1.200000
v -14.607336 8.099998 0.893530
v -14.607336 7.400002 3.840287
v -14.607336 7.400002 0.893531
v -14.607336 8.099998 3.840287
v 14.400000 -8.099998 3.640287
v 14.400000 -7.400002 1.100000
v 14.400000 -7.400002 3.640287
v 14.400000 -8.099998 1.100000
v 7.607336 -8.100002 3.640287
v 7.607336 -7.400002 1.100000
v 7.607336 -8.100002 1.100000
v 7.607336 -7.400002 3.640287
v 14.400000 -8.099998 3.640287
v 7.607336 -7.400002 3.640287
v 7.607336 -8.100002 3.640287
v 14.400000 -7.400002 3.640287
v 7.607336 -7.400002 1.100000
v 14.400000 -8.099998 1.100000
v 7.607336 -8.100002 1.100000
v 14.400000 -7.400002 1.100000
v -7.000000 -0.000000 9.750000
v 7.000000 8.500000 7.625000
v -7.000000 8.500000 7.625000
v 7.000000 -0.000000 9.750000
v 6.500000 -2.625000 2.750000
v 6.000000 -2.625000 -0.000000
v 6.000000 -2.625000 2.750000
v 6.500000 -2.625000 -0.000000
v -15.500000 6.500000 3.750000
v -16.000000 6.500000 1.000000
v -16.000000 6.500000 3.750000
v -15.500000 6.500000 1.000000
v -16.099995 6.400002 3.740287
v -15.399998 6.400002 1.200000
v -16.099995 6.400002 1.200000
v -15.399998 6.400002 3.740287
v -15.400000 1.357336 3.740287
v -16.100000 1.357336 1.200000
v -15.400000 1.357336 1.200000
v -16.100000 1.357336 3.740287
v -15.399998 6.400002 3.740287
v -16.100000 1.357336 3.740287
v -15.400000 1.357336 3.740287
v -16.099995 6.400002 3.740287
v -16.100000 1.357336 1.200000
v -15.399998 6.400002 1.200000
v -15.400000 1.357336 1.200000
v -16.099995 6.400002 1.200000
v -16.100000 1.150000 0.993531
v -15.400000 1.150000 3.940287
v -15.400000 1.150000 0.993531
v -16.100000 1.150000 3.940287
v 15.400000 -1.150000 0.993531
v 16.100000 -1.357336 0.993531
v 16.100000 -1.150000 0.993531
v 15.399998 -6.607338 0.993531
v 16.099995 -6.607338 0.993531
v -6.500000 8.000000 4.750000
v -16.500000 -0.000000 6.750000
v -16.500000 8.500000 4.625000
v -6.500000 -0.000000 6.750000
v -14.400000 8.099998 3.640287
v -14.400000 7.400002 1.100000
v -14.400000 7.400002 3.640287
v -14.400000 8.099998 1.100000
v 15.500000 -6.500000 3.750000
v 16.000000 -6.500000 1.000000
v 16.000000 -6.500000 3.750000
v 15.500000 -6.500000 1.000000
v -7.607336 8.100002 3.640287
v -7.607336 7.400002 1.100000
v -7.607336 8.100002 1.100000
v -7.607336 7.400002 3.640287
v -14.400000 8.099998 3.640287
v -7.607336 7.400002 3.640287
v -7.607336 8.100002 3.640287
v -14.400000 7.400002 3.640287
v -7.607336 7.400002 1.100000
v -14.400000 8.099998 1.100000
v -7.607336 8.100002 1.100000
v -14.400000 7.400002 1.100000
v -7.400000 7.400002 0.893531
v -7.400000 8.100002 3.840287
v -7.400000 8.100002 0.893530
v -7.400000 7.400002 3.840287
v -7.607336 -8.100002 0.893530
v -14.607336 -7.400002 0.893531
v -14.607336 -8.099998 0.893530
v -7.400000 -7.400002 0.893531
v -7.400000 -8.100002 0.893530
v 6.000000 5.125000 2.750000
v 6.500000 5.125000 0.000000
v 6.000000 5.125000 0.000000
v 6.500000 5.125000 2.750000
v -15.399998 -6.400002 1.200000
v -16.099995 -6.400002 3.740287
v -16.099995 -6.400002 1.200000
v -15.399998 -6.400002 3.740287
v -16.100000 -1.357336 1.200000
v -15.400000 -1.357336 3.740287
v -15.400000 -1.357336 1.200000
v -16.100000 -1.357336 3.740287
v -16.100000 -1.357336 3.740287
v -15.399998 -6.400002 3.740287
v -15.400000 -1.357336 3.740287
v -16.099995 -6.400002 3.740287
v 16.000000 1.250000 2.750000
v 15.500000 1.250000 1.000000
v 16.000000 1.250000 1.000000
v 15.500000 1.250000 3.750000
v -15.399998 -6.400002 1.200000
v -16.100000 -1.357336 1.200000
v -15.400000 -1.357336 1.200000
v -16.099995 -6.400002 1.200000
v -14.400000 -8.099998 3.640287
v -14.400000 -7.400002 1.100000
v -14.400000 -8.099998 1.100000
v -14.400000 -7.400002 3.640287
v -7.607336 -7.400002 1.100000
v -7.607336 -8.100002 3.640287
v -7.607336 -8.100002 1.100000
v -7.607336 -7.400002 3.640287
v -7.607336 -7.400002 3.640287
v -14.400000 -8.099998 3.640287
v -7.607336 -8.100002 3.640287
v -14.400000 -7.400002 3.640287
v -14.400000 -8.099998 1.100000
v -7.607336 -7.400002 1.100000
v -7.607336 -8.100002 1.100000
v -14.400000 -7.400002 1.100000
v 7.607336 8.100002 0.893530
v 14.607336 7.400002 0.893531
v 14.607336 8.099998 0.893530
v 7.400000 7.400002 0.893531
v 7.400000 8.100002 0.893530
v -6.500000 8.500000 4.625000
v -16.500000 8.500000 4.125000
v -6.500000 8.500000 4.125000
v -16.500000 8.500000 4.625000
v -16.500000 -8.500000 4.625000
v -6.500000 -8.500000 4.125000
v -16.500000 -8.500000 4.125000
v -6.500000 -8.500000 4.625000
v 7.000000 8.500000 7.625000
v -7.000000 8.500000 8.125000
v -7.000000 8.500000 7.625000
v 7.000000 8.500000 8.125000
v -7.000000 -8.500000 7.625000
v 7.000000 -8.500000 8.125000
v 7.000000 -8.500000 7.625000
v -7.000000 -8.500000 8.125000
v 16.500000 8.500000 4.125000
v 6.500000 8.500000 4.625000
v 6.500000 8.500000 4.125000
v 16.500000 8.500000 4.625000
v 7.000000 -8.500000 7.625000
v -7.000000 -0.000000 9.750000
v -7.000000 -8.500000 7.625000
v 7.000000 -0.000000 9.750000
v 6.500000 -8.500000 4.125000
v 16.500000 -8.500000 4.625000
v 16.500000 -8.500000 4.125000
v 6.500000 -8.500000 4.625000
v 6.500000 -8.000000 4.250000
v 6.500000 -8.500000 4.625000
v 6.500000 -8.500000 4.125000
v 6.500000 -8.000000 4.750000
v -5.900001 5.020313 -0.116701
v -5.900001 5.020313 2.665853
v -5.900000 5.227648 -0.116701
v -5.900000 5.227648 2.865853
v -5.899999 2.732337 2.665853
v -5.899999 2.525002 2.865853
v -5.899999 2.525002 -0.116701
v -5.899999 2.732337 -0.116701
v 15.500000 -7.500000 -0.000000
v 6.500000 -2.625000 -0.000000
v 15.500000 -0.250000 -0.000000
v 6.500000 -5.125000 -0.000000
v 6.500000 -7.500000 -0.000000
v 6.000000 -2.625000 -0.000000
v 6.000000 -5.125000 -0.000000
v -6.000000 -5.125000 -0.000000
v -6.000000 -7.500000 -0.000000
v 6.000000 -7.500000 -0.000000
v -6.000000 -2.625000 -0.000000
v -6.500000 -5.125000 -0.000000
v 6.000000 2.625000 0.000000
v -6.500000 -2.625000 -0.000000
v -15.500000 -0.250000 -0.000000
v -15.500000 -7.500000 -0.000000
v -7.500000 -7.500000 -0.000000
v -6.500000 -7.500000 -0.000000
v -6.000000 2.625000 0.000000
v 2.000000 7.500000 0.000000
v 6.000000 5.125000 0.000000
v -2.000000 7.500000 0.000000
v -6.000000 5.125000 0.000000
v -2.000000 8.000000 0.000000
v 2.000000 8.000000 0.000000
v 6.000000 5.125000 0.000000
v 6.500000 5.125000 0.000000
v 6.500000 2.625000 0.000000
v 15.500000 2.625000 0.000000
v 15.500000 0.250000 0.000000
v 15.500000 7.500000 0.000000
v 6.500000 7.500000 0.000000
v -6.000000 5.125000 0.000000
v -6.500000 5.125000 0.000000
v -6.500000 2.625000 0.000000
v -15.500000 5.125000 0.000000
v -6.500000 7.500000 0.000000
v -15.500000 7.500000 0.000000
v -15.500000 2.625000 0.000000
v -15.500000 0.250000 0.000000
v -15.500000 2.625000 1.000000
v -16.000000 6.500000 1.000000
v -15.500000 5.125000 1.000000
v -16.000000 1.250000 1.000000
v -15.500000 1.250000 1.000000
v 6.000000 -7.500000 6.750000
v 6.000000 -2.625000 2.750000
v 6.000000 -7.500000 7.750000
v 6.000000 2.625000 0.000000
v 6.000000 -2.625000 -0.000000
v 6.000000 2.625000 2.750000
v 6.000000 -5.125000 2.750000
v 6.000000 -7.500000 2.750000
v 6.000000 -7.500000 -0.000000
v 6.000000 -5.125000 -0.000000
v 7.500000 -8.000000 1.000000
v 7.500000 -8.000000 2.750000
v 7.500000 -7.500000 1.000000
v 7.500000 -7.500000 3.750000
v 7.500000 -8.000000 3.750000
v 6.599999 -2.732337 -0.116701
v 6.599999 -2.732337 2.665853
v 6.600000 -2.525000 -0.116701
v 6.600000 -2.525000 2.865853
v 6.600001 -5.227647 2.865853
v 6.600001 -5.020312 2.665853
v 6.600001 -5.227647 -0.116701
v 6.600001 -5.020312 -0.116701
v 14.500000 7.500000 1.000000
v 14.500000 7.500000 2.750000
v 15.500000 7.500000 1.000000
v 15.500000 7.500000 2.750000
v 14.500000 7.500000 3.750000
v 15.500000 7.500000 3.750000
v 15.500000 7.500000 4.250000
v 6.500000 7.500000 4.250000
v 7.500000 7.500000 3.750000
v 16.000000 1.250000 1.000000
v 16.000000 -1.250000 1.000000
v 16.000000 1.250000 2.750000
v 16.000000 5.125000 -5.000000
v 6.500000 0.250000 4.250000
v 6.500000 2.625000 2.750000
v 6.500000 0.250000 0.000000
v 6.500000 2.625000 0.000000
v -6.500000 2.625000 0.000000
v -6.500000 2.625000 2.750000
v -6.500000 0.250000 0.000000
v -6.500000 0.250000 4.250000
v -1.100000 8.100002 5.849999
v -1.100000 7.400005 5.643530
v -1.100000 8.100002 5.643530
v -1.100000 7.400005 5.850000
v -1.100000 7.400005 6.850000
v -1.100000 8.100002 6.850000
v -15.500000 7.500000 0.000000
v -14.500000 7.500000 1.000000
v -6.500000 7.500000 0.000000
v -7.500000 7.500000 1.000000
v -15.500000 7.500000 0.000000
v -15.500000 7.500000 4.250000
v -14.500000 7.500000 1.000000
v -14.500000 7.500000 3.750000
v -6.500000 7.500000 4.250000
v -7.500000 7.500000 3.750000
v -6.599999 2.732337 -0.116701
v -6.599999 2.732337 2.665853
v -6.600000 2.525000 -0.116701
v -6.600000 2.525000 2.865853
v -6.600001 5.227647 2.865853
v -6.600001 5.020312 2.665853
v -6.600001 5.227647 -0.116701
v -6.600001 5.020312 -0.116701
v 15.500000 -0.250000 -0.000000
v 15.500000 -1.250000 1.000000
v 15.500000 -7.500000 -0.000000
v 15.500000 -0.250000 4.250000
v 2.000000 8.000000 3.750000
v -1.000000 7.500000 3.750000
v 2.000000 7.500000 3.750000
v -1.000000 8.000000 3.750000
v -2.000000 8.000000 3.750000
v -2.000000 7.500000 3.750000
v 14.500000 8.000000 2.750000
v 14.500000 7.500000 1.000000
v 14.500000 8.000000 1.000000
v 14.500000 7.500000 2.750000
v 14.500000 7.500000 3.750000
v 14.500000 8.000000 3.750000
v 5.900001 -5.020313 -0.116701
v 5.900001 -5.020313 2.665853
v 5.900000 -5.227648 -0.116701
v 5.900000 -5.227648 2.865853
v 5.899999 -2.732337 2.665853
v 5.899999 -2.525002 2.865853
v 5.899999 -2.525002 -0.116701
v 5.899999 -2.732337 -0.116701
v -16.000000 8.000000 4.250000
v -14.500000 8.000000 3.750000
v -14.500000 8.000000 4.250000
v -7.500000 8.000000 3.750000
v -6.500000 8.000000 4.250000
v 6.000000 7.500000 7.750000
v 3.000000 7.500000 7.750000
v 6.000000 -7.500000 7.750000
v -2.000000 -7.500000 7.750000
v -5.000000 7.500000 7.750000
v -6.000000 -7.500000 7.750000
v -6.000000 7.500000 7.750000
v 15.500000 7.500000 0.000000
v 14.500000 7.500000 1.000000
v 15.500000 7.500000 1.000000
v 6.500000 7.500000 0.000000
v 7.500000 7.500000 1.000000
v 2.900000 8.100002 6.850000
v 3.107336 8.100002 6.850000
v 2.900000 7.400002 6.850000
v 4.900000 7.400002 6.850000
v 5.107337 8.099998 6.850000
v 5.107337 7.400002 6.850000
v 6.600001 5.020312 2.665853
v 6.600001 5.227647 -0.116701
v 6.600001 5.020312 -0.116701
v 6.600001 5.227647 2.865853
v 6.599999 2.732337 2.665853
v 6.600000 2.525000 2.865853
v 6.600000 2.525000 -0.116701
v 6.599999 2.732337 -0.116701
v 15.399998 -6.607338 3.940287
v 16.100000 -1.357336 3.940287
v 16.099995 -6.607338 3.940287
v 15.400000 -1.357336 3.940287
v 15.400000 -1.150000 3.940287
v 16.100000 -1.150000 3.940287
v 5.107337 8.099998 5.643530
v 3.107336 8.100002 5.643530
v 5.107337 7.400002 5.643530
v 2.900000 7.400002 5.643530
v 2.900000 8.100002 5.643530
v 16.099995 6.607338 1.200000
v 15.399998 6.607338 0.993531
v 16.099995 6.607338 0.993531
v 15.399998 6.607338 3.940287
v 16.099995 6.607338 3.940287
v -15.399998 -6.607338 0.993531
v -16.100000 -1.357336 0.993531
v -16.099995 -6.607338 0.993531
v -15.400000 -1.150000 0.993531
v -16.100000 -1.150000 0.993531
v -7.400000 -7.400002 3.840287
v -7.400000 -7.400002 3.640287
v -7.400000 -8.100002 3.840287
v -7.400000 -8.100002 0.893530
v -7.400000 -7.400002 0.893531
v -7.400000 8.100002 3.840287
v -7.400000 7.400002 3.840287
v -7.607336 8.100002 3.840287
v -14.400000 7.400002 3.840287
v -14.607336 8.099998 3.840287
v -14.607336 7.400002 3.840287
v -7.400000 -8.100002 3.840287
v -7.607336 -8.100002 3.840287
v -7.400000 -7.400002 3.840287
v -14.400000 -7.400002 3.840287
v -14.607336 -8.099998 3.840287
v -14.607336 -7.400002 3.840287
v 5.899999 2.732337 2.665853
v 5.899999 2.525002 -0.116701
v 5.899999 2.732337 -0.116701
v 5.899999 2.525002 2.865853
v 5.900001 5.020313 2.665853
v 5.900000 5.227648 2.865853
v 5.900000 5.227648 -0.116701
v 5.900001 5.020313 -0.116701
v -5.100000 7.400005 6.850000
v -5.100000 8.100002 6.850000
v -4.892664 7.400005 6.850000
v -2.892663 8.100002 6.850000
v -2.892663 7.400005 6.850000
v -1.100000 -7.400005 6.850000
v -1.100000 -8.100002 6.850000
v -1.100000 -7.400005 6.650000
v -1.100000 -7.400005 5.850000
v -1.100000 -8.100002 5.643530
v -1.100000 -7.400005 5.643530
v 2.900000 -7.400002 5.850000
v 2.900000 -8.100002 5.643530
v 2.900000 -7.400002 5.643530
v 2.900000 -8.100002 6.850000
v 2.900000 -7.400002 6.650000
v 2.900000 -7.400002 6.850000
v -16.100000 1.150000 3.940287
v -16.100000 1.357336 3.940287
v -15.400000 1.150000 3.940287
v -15.399998 6.400002 3.940287
v -16.099995 6.607338 3.940287
v -15.399998 6.607338 3.940287
v 5.107337 8.099998 6.850000
v 5.107337 7.400002 5.850000
v 5.107337 7.400002 6.850000
v 5.107337 8.099998 5.643530
v 5.107337 7.400002 5.643530
v 1.107336 7.400005 5.850000
v 1.107336 8.100002 5.643530
v 1.107336 7.400005 5.643530
v 1.107336 8.100002 5.849999
v 1.107336 8.100002 6.850000
v 1.107336 7.400005 6.850000
v -15.400000 -1.150000 3.940287
v -16.100000 -1.150000 3.940287
v -15.400000 -1.150000 1.200000
v -16.100000 -1.150000 0.993531
v -15.400000 -1.150000 0.993531
v -6.000000 -2.625000 2.750000
v -6.000000 2.625000 0.000000
v -6.000000 -2.625000 -0.000000
v -6.000000 2.625000 2.750000
v -6.000000 -7.500000 7.750000
v -6.000000 -7.500000 5.750000
v -6.000000 -5.125000 2.750000
v -6.000000 -7.500000 -0.000000
v -6.000000 -5.125000 -0.000000
v -6.500000 -0.250000 4.250000
v -6.500000 -2.625000 2.750000
v -6.500000 -0.250000 -0.000000
v -6.500000 -2.625000 -0.000000
v -5.100000 -8.100002 6.850000
v -5.100000 -7.400005 6.850000
v -4.892664 -8.100002 6.850000
v -3.100000 -7.400005 6.850000
v -2.892663 -8.100002 6.850000
v -2.892663 -7.400005 6.850000
v -2.892663 -8.100002 6.850000
v -2.892663 -7.400005 6.850000
v -2.892663 -8.100002 6.650000
v -2.892663 -7.400005 5.643530
v -2.892663 -8.100002 5.643530
v -15.399998 -6.607338 3.940287
v -16.099995 -6.607338 1.200000
v -16.099995 -6.607338 3.940287
v -15.399998 -6.607338 0.993531
v -16.099995 -6.607338 0.993531
v 1.892665 7.399999 3.665853
v 2.100000 7.399998 -0.116701
v 1.892665 7.399999 -0.116701
v 2.100000 7.399998 3.865853
v -1.892664 7.399999 3.665853
v -2.099999 7.399999 3.865853
v -2.099999 7.399999 -0.116701
v -1.892664 7.399999 -0.116701
v 2.900000 -7.400002 6.850000
v 4.900000 -8.099998 6.850000
v 2.900000 -8.100002 6.850000
v 5.107337 -7.400002 6.850000
v 5.107337 -8.099998 6.850000
v 14.607336 -8.099998 0.893530
v 14.607336 -7.400002 0.893531
v 7.607336 -8.100002 0.893530
v 7.400000 -7.400002 0.893531
v 7.400000 -8.100002 0.893530
v 1.107336 -7.400005 6.850000
v 1.107336 -8.100002 5.849999
v 1.107336 -8.100002 6.850000
v 1.107336 -7.400005 5.643530
v 1.107336 -8.100002 5.643530
v -1.892664 8.099999 -0.116701
v -1.892664 8.099999 3.665853
v -2.100000 8.100000 -0.116701
v -2.100000 8.100000 3.865853
v 2.100000 8.099999 3.865853
v 1.892665 8.099999 3.665853
v 2.100000 8.099999 -0.116701
v 1.892665 8.099999 -0.116701
v 15.400000 -1.150000 3.940287
v 15.400000 -1.150000 1.200000
v 16.100000 -1.150000 3.940287
v 16.100000 -1.150000 0.993531
v 15.400000 -1.150000 0.993531
v 15.399998 6.607338 0.993531
v 16.100000 1.357336 0.993531
v 16.099995 6.607338 0.993531
v 15.400000 1.357336 0.993531
v 15.400000 1.150000 0.993531
v 16.100000 1.150000 0.993531
v 7.400000 8.100002 3.840287
v 7.607336 8.100002 3.840287
v 7.400000 7.400002 3.840287
v 14.400000 7.400002 3.840287
v 14.607336 8.099998 3.840287
v 14.607336 7.400002 3.840287
v -7.400000 8.100002 0.893530
v -7.607336 7.400002 0.893531
v -7.400000 7.400002 0.893531
v -7.607336 8.100002 0.893530
v -14.607336 8.099998 0.893530
v -14.607336 7.400002 0.893531
v 15.400000 1.150000 3.940287
v 15.400000 1.357336 3.940287
v 16.100000 1.150000 3.940287
v 16.099995 6.607338 3.940287
v 15.399998 6.607338 3.940287
v -15.399998 6.607338 3.940287
v -16.099995 6.607338 3.940287
v -15.399998 6.607338 1.200000
v -16.099995 6.607338 0.993531
v -15.399998 6.607338 0.993531
v 7.400000 7.400002 3.840287
v 7.400000 7.400002 3.640287
v 7.400000 8.100002 3.840287
v 7.400000 8.100002 0.893530
v 7.400000 7.400002 0.893531
v -6.600001 -5.020312 2.665853
v -6.600001 -5.227647 -0.116701
v -6.600001 -5.020312 -0.116701
v -6.600001 -5.227647 2.865853
v -6.599999 -2.732337 2.665853
v -6.600000 -2.525000 2.865853
v -6.600000 -2.525000 -0.116701
v -6.599999 -2.732337 -0.116701
v -15.400000 -1.150000 3.940287
v -15.400000 -1.357336 3.940287
v -16.100000 -1.150000 3.940287
v -16.099995 -6.607338 3.940287
v -15.399998 -6.607338 3.940287
v -2.892663 8.100002 6.850000
v -2.892663 7.400005 6.650000
v -2.892663 7.400005 6.850000
v -2.892663 8.100002 6.650000
v -2.892663 8.100002 5.849999
v -2.892663 7.400005 5.643530
v -2.892663 8.100002 5.643530
v 6.500000 8.000000 7.750000
v 6.500000 8.000000 4.750000
v 6.500000 -0.000000 9.750000
v 6.500000 -8.000000 4.750000
v 6.500000 -8.000000 7.750000
v 14.607336 -7.400002 3.840287
v 14.607336 -7.400002 3.640287
v 14.607336 -8.099998 3.840287
v 14.607336 -8.099998 0.893530
v 14.607336 -7.400002 0.893531
v 7.400000 -7.400002 1.100000
v 7.400000 -8.100002 0.893530
v 7.400000 -7.400002 0.893531
v 7.400000 -8.100002 3.840287
v 7.400000 -7.400002 3.840287
v 7.400000 -7.400002 3.840287
v 14.400000 -8.099998 3.840287
v 7.400000 -8.100002 3.840287
v 14.607336 -7.400002 3.840287
v 14.607336 -8.099998 3.840287
v -16.500000 -0.000000 6.250000
v -16.500000 -8.500000 4.625000
v -16.500000 -8.500000 4.125000
v -16.500000 -0.000000 6.750000
v -16.500000 8.500000 4.625000
v -16.500000 8.500000 4.125000
v -5.899999 -2.732337 2.665853
v -5.899999 -2.525002 -0.116701
v -5.899999 -2.732337 -0.116701
v -5.899999 -2.525002 2.865853
v -5.900001 -5.020313 2.665853
v -5.900000 -5.227648 2.865853
v -5.900000 -5.227648 -0.116701
v -5.900001 -5.020313 -0.116701
v 16.500000 -0.000000 6.250000
v 16.500000 8.500000 4.625000
v 16.500000 8.500000 4.125000
v 16.500000 -0.000000 6.750000
v 16.500000 -8.500000 4.625000
v 16.500000 -8.500000 4.125000
v 16.000000 -1.250000 1.000000
v 15.500000 -1.250000 1.000000
v 16.000000 -1.250000 2.750000
v 15.500000 -1.250000 3.750000
v 16.000000 -1.250000 3.750000
v -14.607336 -8.099998 0.893530
v -14.400000 -8.099998 1.100000
v -7.607336 -8.100002 0.893530
v -14.607336 -8.099998 3.840287
v -14.400000 -8.099998 3.640287
v -7.607336 -8.100002 3.840287
v -7.607336 -8.100002 3.640287
v -7.400000 -8.100002 3.840287
v -7.607336 -8.100002 1.100000
v -7.400000 -8.100002 0.893530
v 14.607336 -8.099998 0.893530
v 14.400000 -8.099998 1.100000
v 14.607336 -8.099998 3.840287
v 7.607336 -8.100002 0.893530
v 14.400000 -8.099998 3.640287
v 14.400000 -8.099998 3.840287
v 7.607336 -8.100002 3.640287
v 7.400000 -8.100002 3.840287
v 7.607336 -8.100002 1.100000
v 7.400000 -8.100002 0.893530
v -15.399998 -6.607338 0.993531
v -15.400000 -1.357336 1.200000
v -15.400000 -1.150000 0.993531
v -15.400000 -1.150000 1.200000
v -15.399998 -6.400002 1.200000
v -15.399998 -6.607338 3.940287
v -15.399998 -6.400002 3.740287
v -15.400000 -1.357336 3.940287
v -15.400000 -1.357336 3.740287
v -15.400000 -1.150000 3.940287
v -16.100000 -1.150000 3.940287
v -16.100000 -1.357336 1.200000
v -16.100000 -1.150000 0.993531
v -16.100000 -1.357336 0.993531
v -16.100000 -1.357336 3.740287
v -16.099995 -6.607338 3.940287
v -16.099995 -6.400002 3.740287
v -16.099995 -6.607338 1.200000
v -16.099995 -6.400002 1.200000
v -16.099995 -6.607338 0.993531
v 7.607336 8.100002 1.100000
v 7.400000 8.100002 0.893530
v 7.607336 8.100002 0.893530
v 7.400000 8.100002 3.840287
v 7.607336 8.100002 3.640287
v 7.607336 8.100002 3.840287
v 14.400000 8.099998 3.640287
v 14.607336 8.099998 3.840287
v 14.400000 8.099998 1.100000
v 14.607336 8.099998 0.893530
v -15.400000 1.150000 0.993531
v -15.399998 6.400002 1.200000
v -15.399998 6.607338 0.993531
v -15.399998 6.607338 1.200000
v -15.400000 1.357336 1.200000
v -15.400000 1.150000 3.940287
v -15.400000 1.357336 3.740287
v -15.399998 6.400002 3.940287
v -15.399998 6.400002 3.740287
v -15.399998 6.607338 3.940287
v 2.900000 7.400002 5.643530
v 4.900000 7.400002 5.850000
v 5.107337 7.400002 5.643530
v 5.107337 7.400002 5.850000
v 3.107336 7.400002 5.850000
v 2.900000 7.400002 6.850000
v 3.107336 7.400002 6.650000
v 4.900000 7.400002 6.850000
v 4.900000 7.400002 6.650000
v 5.107337 7.400002 6.850000
v 15.400000 -1.150000 1.200000
v 15.400000 -1.357336 1.200000
v 15.400000 -1.150000 0.993531
v 15.399998 -6.607338 0.993531
v 15.399998 -6.400002 1.200000
v 15.399998 -6.607338 3.940287
v 15.399998 -6.400002 3.740287
v 15.400000 -1.357336 3.940287
v 15.400000 -1.357336 3.740287
v 15.400000 -1.150000 3.940287
v -16.100000 1.357336 1.200000
v -16.100000 1.150000 0.993531
v -16.100000 1.357336 0.993531
v -16.100000 1.150000 3.940287
v -16.100000 1.357336 3.740287
v -16.100000 1.357336 3.940287
v -16.099995 6.400002 3.740287
v -16.099995 6.607338 3.940287
v -16.099995 6.400002 1.200000
v -16.099995 6.607338 0.993531
v 7.400000 -7.400002 3.840287
v 7.607336 -7.400002 3.640287
v 14.607336 -7.400002 3.840287
v 7.400000 -7.400002 1.100000
v 14.400000 -7.400002 3.640287
v 7.607336 -7.400002 1.100000
v 14.607336 -7.400002 3.640287
v 7.400000 -7.400002 0.893531
v 14.400000 -7.400002 1.100000
v 14.607336 -7.400002 0.893531
v -0.892665 -8.100002 6.650000
v -1.100000 -8.100002 6.850000
v 0.900000 -8.100002 6.650000
v -0.892665 -8.100002 5.849999
v 1.107336 -8.100002 6.850000
v -1.100000 -8.100002 5.643530
v 1.107336 -8.100002 5.849999
v -0.892665 -8.100002 5.643530
v 0.900000 -8.100002 5.849999
v 1.107336 -8.100002 5.643530
v 1.107336 -7.400005 5.643530
v 0.900000 -7.400005 5.850000
v -1.100000 -7.400005 5.643530
v 1.107336 -7.400005 6.850000
v -0.892665 -7.400005 5.850000
v 0.900000 -7.400005 6.650000
v -1.100000 -7.400005 5.850000
v -1.100000 -7.400005 6.850000
v -0.892665 -7.400005 6.650000
v -1.100000 -7.400005 6.650000
v 2.900000 -8.100002 5.643530
v 3.107336 -8.100002 5.849999
v 4.900000 -8.099998 5.643530
v 2.900000 -8.100002 6.850000
v 3.107336 -8.100002 6.650000
v 4.900000 -8.099998 6.850000
v 4.900000 -8.099998 6.650000
v 5.107337 -8.099998 6.850000
v 4.900000 -8.099998 5.849999
v 5.107337 -8.099998 5.643530
v 16.100000 -1.357336 1.200000
v 16.100000 -1.150000 0.993531
v 16.100000 -1.357336 0.993531
v 16.100000 -1.150000 3.940287
v 16.100000 -1.357336 3.740287
v 16.100000 -1.357336 3.940287
v 16.099995 -6.400002 3.740287
v 16.099995 -6.607338 3.940287
v 16.099995 -6.400002 1.200000
v 16.099995 -6.607338 0.993531
v 0.900000 8.100002 5.849999
v 1.107336 8.100002 5.643530
v 1.107336 8.100002 5.849999
v -1.100000 8.100002 5.643530
v -0.892665 8.100002 5.849999
v -1.100000 8.100002 5.849999
v -0.892665 8.100002 6.650000
v -1.100000 8.100002 6.850000
v 0.900000 8.100002 6.650000
v 1.107336 8.100002 6.850000
v 5.107337 -7.400002 5.643530
v 4.900000 -7.400002 5.850000
v 2.900000 -7.400002 5.643530
v 5.107337 -7.400002 6.850000
v 3.107336 -7.400002 5.850000
v 4.900000 -7.400002 6.650000
v 2.900000 -7.400002 5.850000
v 2.900000 -7.400002 6.850000
v 3.107336 -7.400002 6.650000
v 2.900000 -7.400002 6.650000
v 5.107337 8.099998 5.643530
v 4.900000 8.099998 5.849999
v 3.107336 8.100002 5.643530
v 5.107337 8.099998 6.850000
v 4.900000 8.099998 6.650000
v 3.107336 8.100002 6.850000
v 3.107336 8.100002 6.650000
v 2.900000 8.100002 6.850000
v 3.107336 8.100002 5.849999
v 2.900000 8.100002 5.643530
v -2.892663 8.100002 6.650000
v -3.100000 8.100002 6.650000
v -2.892663 8.100002 5.849999
v -2.892663 8.100002 6.850000
v -3.100000 8.100002 5.849999
v -4.892664 8.100002 6.650000
v -2.892663 8.100002 5.643530
v -5.100000 8.100002 6.850000
v -4.892664 8.100002 5.849999
v -5.100000 8.100002 5.643530
v 16.100000 1.150000 3.940287
v 16.100000 1.357336 1.200000
v 16.100000 1.150000 0.993531
v 16.100000 1.357336 0.993531
v 16.100000 1.357336 3.740287
v 16.099995 6.607338 3.940287
v 16.099995 6.400002 3.740287
v 16.099995 6.607338 1.200000
v 16.099995 6.400002 1.200000
v 16.099995 6.607338 0.993531
v 15.399998 6.607338 0.993531
v 15.399998 6.400002 1.200000
v 15.400000 1.357336 0.993531
v 15.399998 6.607338 3.940287
v 15.399998 6.400002 3.740287
v 15.400000 1.357336 3.940287
v 15.400000 1.357336 3.740287
v 15.400000 1.150000 3.940287
v 15.400000 1.357336 1.200000
v 15.400000 1.150000 0.993531
v -14.607336 -7.400002 0.893531
v -7.400000 -7.400002 0.893531
v -14.400000 -7.400002 1.100000
v -14.607336 -7.400002 3.840287
v -7.607336 -7.400002 1.100000
v -14.400000 -7.400002 3.640287
v -7.400000 -7.400002 3.640287
v -14.400000 -7.400002 3.840287
v -7.607336 -7.400002 3.640287
v -7.400000 -7.400002 3.840287
v -7.400000 8.100002 0.893530
v -7.400000 8.100002 3.840287
v -7.607336 8.100002 1.100000
v -7.607336 8.100002 0.893530
v -7.607336 8.100002 3.640287
v -7.607336 8.100002 3.840287
v -14.400000 8.099998 3.640287
v -14.607336 8.099998 3.840287
v -14.400000 8.099998 1.100000
v -14.607336 8.099998 0.893530
v -7.400000 7.400002 0.893531
v -7.607336 7.400002 1.100000
v -7.400000 7.400002 3.840287
v -7.607336 7.400002 0.893531
v -7.607336 7.400002 3.640287
v -14.400000 7.400002 3.840287
v -14.400000 7.400002 3.640287
v -14.607336 7.400002 3.840287
v -14.400000 7.400002 1.100000
v -14.607336 7.400002 0.893531
v 1.107336 7.400005 5.643530
v -1.100000 7.400005 5.643530
v 0.900000 7.400005 5.850000
v 1.107336 7.400005 5.850000
v -0.892665 7.400005 5.850000
v -1.100000 7.400005 5.850000
v -0.892665 7.400005 6.650000
v -1.100000 7.400005 6.850000
v 0.900000 7.400005 6.650000
v 1.107336 7.400005 6.850000
v -5.100000 -7.400005 5.643530
v -4.892664 -7.400005 5.850000
v -5.100000 -7.400005 6.850000
v -3.100000 -7.400005 5.643530
v -4.892664 -7.400005 6.650000
v -3.100000 -7.400005 6.850000
v -3.100000 -7.400005 6.650000
v -2.892663 -7.400005 6.850000
v -3.100000 -7.400005 5.850000
v -2.892663 -7.400005 5.643530
v -2.892663 -8.100002 5.643530
v -3.100000 -8.100002 5.849999
v -2.892663 -8.100002 6.650000
v -5.100000 -8.100002 5.643530
v -4.892664 -8.100002 5.849999
v -5.100000 -8.100002 6.850000
v -4.892664 -8.100002 6.650000
v -4.892664 -8.100002 6.850000
v -3.100000 -8.100002 6.650000
v -2.892663 -8.100002 6.850000
v -2.892663 7.400005 5.643530
v -3.100000 7.400005 5.850000
v -2.892663 7.400005 6.650000
v -5.100000 7.400005 5.643530
v -4.892664 7.400005 5.850000
v -5.100000 7.400005 6.850000
v -4.892664 7.400005 6.650000
v -4.892664 7.400005 6.850000
v -3.100000 7.400005 6.650000
v -2.892663 7.400005 6.850000
v 14.400000 7.400002 1.100000
v 14.607336 7.400002 0.893531
v 7.400000 7.400002 0.893531
v 14.607336 7.400002 3.840287
v 7.607336 7.400002 1.100000
v 14.400000 7.400002 3.640287
v 7.400000 7.400002 3.640287
v 14.400000 7.400002 3.840287
v 7.607336 7.400002 3.640287
v 7.400000 7.400002 3.840287
vt 0.602688968 0.712946475
vt 0.602243066 0.711686015
vt 0.602766395 0.71322912
vt 0.889438033 0.743158758
vt 0.881115794 0.74320972
vt 0.888728499 0.743214309
vt 0.599396586 0.713708878
vt 0.601917386 0.711524069
vt 0.598244309 0.71406132
vt 0.665847898 0.756808102
vt 0.628333509 0.752623975
vt 0.665685833 0.75677985
vt 0.88092792 0.743163347
vt 0.883041441 0.741237938
vt 0.879787087 0.743223667
vt 0.906084418 0.746813297
vt 0.916689634 0.746549666
vt 0.906995296 0.746691883
vt 0.607335389 0.74608171
vt 0.608200669 0.746449232
vt 0.608081996 0.746225834
vt 0.607176244 0.74610585
vt 0.607335389 0.74608171
vt 0.901046753 0.747766256
vt 0.901409864 0.74782002
vt 0.901082277 0.747886181
vt 0.912860751 0.744486392
vt 0.913340092 0.74322474
vt 0.91168654 0.743738294
vt 0.599715352 0.714065015
vt 0.602688968 0.712946475
vt 0.602766395 0.71322912
vt 0.602299929 0.717383802
vt 0.598526239 0.715776861
vt 0.602514148 0.717062771
vt 0.602856278 0.717592061
vt 0.610371649 0.717812896
vt 0.603167832 0.717973709
vt 0.609831989 0.717505634
vt 0.610371649 0.717812896
vt 0.0819880068 0.138359427
vt 0.0722873807 0.136983037
vt 0.0797535777 0.138291478
vt 0.105015099 0.137734413
vt 0.0990279317 0.137949347
vt 0.10872221 0.137807131
vt 0.612514198 0.707638621
vt 0.612388432 0.707435787
vt 0.612394392 0.707607925
vt 0.612507164 0.707260251
vt 0.612514198 0.707638621
vt 0.611054659 0.707480669
vt 0.611107409 0.707111597
vt 0.611047804 0.707427382
vt 0.609459579 0.707032204
vt 0.60950917 0.707153082
vt 0.609673023 0.706861079
vt 0.394691229 0.725722432
vt 0.389859408 0.764684319
vt 0.394691229 0.765547872
vt 0.393375099 0.765293896
vt 0.394498408 0.765575111
vt 0.0728977919 0.74361515
vt 0.0701131821 0.740852714
vt 0.0728783607 0.743209243
vt 0.0736585259 0.73823607
vt 0.0732674003 0.738771915
vt 0.0700331926 0.749928772
vt 0.0733135939 0.743941247
vt 0.0728977919 0.74361515
vt 0.073746264 0.74379915
vt 0.0728977919 0.74361515
vt 0.070851326 0.750226676
vt 0.0700331926 0.749928772
vt 0.0805704594 0.745494545
vt 0.0732063055 0.744803846
vt 0.0853437185 0.751616061
vt 0.0853222609 0.746204495
vt 0.0820859671 0.743801832
vt 0.0809500813 0.743638337
vt 0.0897314548 0.746335387
vt 0.085447073 0.744859636
vt 0.0946996212 0.745779157
vt 0.106655121 0.749644041
vt 0.0930067301 0.744203091
vt 0.0940599442 0.744143844
vt 0.102933526 0.744688034
vt 0.103849769 0.74525553
vt 0.0897018909 0.744956434
vt 0.0837273598 0.743925691
vt 0.0824921131 0.743659616
vt 0.0828982592 0.743517399
vt 0.083940804 0.743754566
vt 0.0834410191 0.74294138
vt 0.0853751898 0.744005084
vt 0.0853111744 0.744228482
vt 0.0869144201 0.743477643
vt 0.0866562128 0.744329274
vt 0.0864354372 0.744756937
vt 0.0867749453 0.744153738
vt 0.0885691643 0.744336009
vt 0.0885022879 0.744112074
vt 0.0898139477 0.743485332
vt 0.0898723602 0.744310617
vt 0.0898201466 0.744066715
vt 0.0913686752 0.744144976
vt 0.0911979675 0.743946254
vt 0.0910352468 0.743500054
vt 0.09164536 0.743996382
vt 0.0925856233 0.744077206
vt 0.09164536 0.743996382
vt 0.10281992 0.743667364
vt 0.102331758 0.743808389
vt 0.102831602 0.743905187
vt 0.103564501 0.744672239
vt 0.103849769 0.74525553
vt 0.103564501 0.744672239
vt 0.10281992 0.743667364
vt 0.375234306 0.728833139
vt 0.375428557 0.728699625
vt 0.375312775 0.728580356
vt 0.375431329 0.728783071
vt 0.375428557 0.728699625
vt 0.618002772 0.735845506
vt 0.618413448 0.736830711
vt 0.618038654 0.735448658
vt 0.616930187 0.707052767
vt 0.617002428 0.707303345
vt 0.617100894 0.707251489
vt 0.611226737 0.700759709
vt 0.611176074 0.700921118
vt 0.611263156 0.701115966
vt 0.60999769 0.701277792
vt 0.610166967 0.701396585
vt 0.610038817 0.701369941
vt 0.609918058 0.701130867
vt 0.610166967 0.701396585
vt 0.613873303 0.700590789
vt 0.613822162 0.700627506
vt 0.613788903 0.700917482
vt 0.616393626 0.701263428
vt 0.616415322 0.701138377
vt 0.616350234 0.701242089
vt 0.904527068 0.747476339
vt 0.904237151 0.747601807
vt 0.904655099 0.749068439
vt 0.90376842 0.741468728
vt 0.910073996 0.741307735
vt 0.903881669 0.740714192
vt 0.910073996 0.741307735
vt 0.909824729 0.741072476
vt 0.376576602 0.729045987
vt 0.380088687 0.729480028
vt 0.375312775 0.728580356
vt 0.380552292 0.725722432
vt 0.380088687 0.729480028
vt 0.888936341 0.746956766
vt 0.880254745 0.745725572
vt 0.880215287 0.746031463
vt 0.39333725 0.76534915
vt 0.389833212 0.764893413
vt 0.394609421 0.765799105
vt 0.384982288 0.764599621
vt 0.389365166 0.768650293
vt 0.386321485 0.764456689
vt 0.384982288 0.764599621
vt 0.38512367 0.764512241
vt 0.375234306 0.728833139
vt 0.380063027 0.729689181
vt 0.37654072 0.72910893
vt 0.375234276 0.768649578
vt 0.384959728 0.730031788
vt 0.383621335 0.729956627
vt 0.384959728 0.730031788
vt 0.384779364 0.729958296
vt 0.394495636 0.765664697
vt 0.394691229 0.765547872
vt 0.394498408 0.765575111
vt 0.394609421 0.765799105
vt 0.394495636 0.765664697
vt 0.912141442 0.743156493
vt 0.905463219 0.7428478
vt 0.91168654 0.743738294
vt 0.622247338 0.744859636
vt 0.622177482 0.745502591
vt 0.622272611 0.74467665
vt 0.375230193 0.725718319
vt 0.41816628 0.725718319
vt 0.41816628 0.768654406
vt 0.41816628 0.725718319
vt 0.375230193 0.725718319
vt 0.41816628 0.768654406
vt 0.601917386 0.711524069
vt 0.602243066 0.711686015
vt 0.602688968 0.712946475
vt 0.434370786 0.24140507
vt 0.425720841 0.24153018
vt 0.426888555 0.241261244
vt 0.426742762 0.244986296
vt 0.438306183 0.244225323
vt 0.428313762 0.245061874
vt 0.412974119 0.241578877
vt 0.403157264 0.241411924
vt 0.411667377 0.241407335
vt 0.402444571 0.24428004
vt 0.412643015 0.245014012
vt 0.411165655 0.245205343
vt 0.425101787 0.245800436
vt 0.421739548 0.247536838
vt 0.423834175 0.246174395
vt 0.417418629 0.247440517
vt 0.414210647 0.245714843
vt 0.415406406 0.246076763
vt 0.88092792 0.743163347
vt 0.881115794 0.74320972
vt 0.889438033 0.743158758
vt 0.890833974 0.742095411
vt 0.890443087 0.740449786
vt 0.89053309 0.741287053
vt 0.890443087 0.740449786
vt 0.890190959 0.741013229
vt 0.883266032 0.740958869
vt 0.890443087 0.740449786
vt 0.883041441 0.741237938
vt 0.883003354 0.741217792
vt 0.883266032 0.740958869
vt 0.890833974 0.742095411
vt 0.891073704 0.741858542
vt 0.890443087 0.740449786
vt 0.601846337 0.718557477
vt 0.600978494 0.718301892
vt 0.601529598 0.718705714
vt 0.622373223 0.734079897
vt 0.620773196 0.735336185
vt 0.619590044 0.736466408
vt 0.620773196 0.735336185
vt 0.622373223 0.734079897
vt 0.621850252 0.734864712
vt 0.602243066 0.711686015
vt 0.601917386 0.711524069
vt 0.599396586 0.713708878
vt 0.628373146 0.752601326
vt 0.628333509 0.752623975
vt 0.665847898 0.756808102
vt 0.894077539 0.741860628
vt 0.894118667 0.741952777
vt 0.893710971 0.74214381
vt 0.896448374 0.741332591
vt 0.895255923 0.741503954
vt 0.895322561 0.741494119
vt 0.90327096 0.743784904
vt 0.900902987 0.742023349
vt 0.902227163 0.742521763
vt 0.901409864 0.74782002
vt 0.901036024 0.741914988
vt 0.904068351 0.746006191
vt 0.903076172 0.74745965
vt 0.901604891 0.747925818
vt 0.902872443 0.747551858
vt 0.910060763 0.741281688
vt 0.910433412 0.741219461
vt 0.909440279 0.742434084
vt 0.909440279 0.742434084
vt 0.909682035 0.742626309
vt 0.90930593 0.742698014
vt 0.912860751 0.744486392
vt 0.91168654 0.743738294
vt 0.90930593 0.742698014
vt 0.883003354 0.741217792
vt 0.882633567 0.741200805
vt 0.883041441 0.741237938
vt 0.881415367 0.742993891
vt 0.881115794 0.74320972
vt 0.880105853 0.743579805
vt 0.88092792 0.743163347
vt 0.879787087 0.743223667
vt 0.880105853 0.743579805
vt 0.879787087 0.743223667
vt 0.883041441 0.741237938
vt 0.882633567 0.741200805
vt 0.897902012 0.741210341
vt 0.901036024 0.741914988
vt 0.895607114 0.740887702
vt 0.897902012 0.741210341
vt 0.899120569 0.741431236
vt 0.897934437 0.741303265
vt 0.899120569 0.741431236
vt 0.897902012 0.741210341
vt 0.900766492 0.742653131
vt 0.89362812 0.742650211
vt 0.900801063 0.742389977
vt 0.899095774 0.741457582
vt 0.899120569 0.741431236
vt 0.900430083 0.741824925
vt 0.900902987 0.742023349
vt 0.901036024 0.741914988
vt 0.900473475 0.741846263
vt 0.89362812 0.742650211
vt 0.896448374 0.741332591
vt 0.895322561 0.741494119
vt 0.894077539 0.741860628
vt 0.893710971 0.74214381
vt 0.894118667 0.741952777
vt 0.893681407 0.742017388
vt 0.895255923 0.741503954
vt 0.896401882 0.741297781
vt 0.895607114 0.740887702
vt 0.897902012 0.741210341
vt 0.0866482258 0.73750186
vt 0.0893175602 0.737642288
vt 0.0906831026 0.738031864
vt 0.0881410837 0.737484276
vt 0.0893175602 0.737642288
vt 0.905463219 0.7428478
vt 0.903868914 0.743501544
vt 0.904081106 0.742280483
vt 0.903868914 0.743501544
vt 0.904659271 0.743012667
vt 0.903491497 0.743281603
vt 0.903868914 0.743501544
vt 0.905463219 0.7428478
vt 0.90376842 0.741468728
vt 0.902918935 0.74236542
vt 0.903016448 0.742471397
vt 0.880215287 0.746031463
vt 0.880254745 0.745725572
vt 0.879030943 0.745967686
vt 0.879030943 0.745967686
vt 0.880733132 0.746631205
vt 0.879030943 0.745967686
vt 0.879822254 0.746722639
vt 0.88190639 0.747656703
vt 0.881368995 0.747816682
vt 0.882236838 0.748072267
vt 0.882640183 0.748032808
vt 0.880254745 0.745725572
vt 0.87891674 0.74529165
vt 0.879030943 0.745967686
vt 0.904527068 0.747476339
vt 0.904990435 0.746267259
vt 0.906995296 0.746691883
vt 0.887720942 0.747034013
vt 0.890999019 0.747365952
vt 0.889955401 0.747101963
vt 0.89028424 0.748240292
vt 0.890431046 0.748243749
vt 0.890962422 0.747567415
vt 0.890431046 0.748243749
vt 0.890999019 0.747365952
vt 0.890962422 0.747567415
vt 0.890478134 0.747634053
vt 0.890999019 0.747365952
vt 0.889955401 0.747101963
vt 0.890999019 0.747365952
vt 0.887720942 0.747034013
vt 0.889957547 0.746244252
vt 0.916076899 0.745976746
vt 0.916689634 0.746549666
vt 0.906084418 0.746813297
vt 0.916689634 0.746549666
vt 0.91318655 0.746516705
vt 0.912982464 0.746476948
vt 0.916689634 0.746549666
vt 0.917733073 0.746390224
vt 0.912982464 0.746476948
vt 0.912959456 0.746800959
vt 0.912974954 0.747258961
vt 0.913561344 0.747898757
vt 0.913171887 0.74792701
vt 0.89022249 0.747020423
vt 0.889955401 0.747101963
vt 0.890478134 0.747634053
vt 0.890478134 0.747634053
vt 0.890638232 0.747785151
vt 0.890431046 0.748243749
vt 0.890260816 0.748776793
vt 0.890638232 0.747785151
vt 0.89028424 0.748240292
vt 0.104216218 0.741104484
vt 0.104231834 0.742033899
vt 0.108478189 0.742844105
vt 0.108478189 0.742844105
vt 0.115547895 0.742296517
vt 0.105186701 0.74047941
vt 0.104756951 0.73974973
vt 0.100109935 0.738831997
vt 0.104231834 0.742033899
vt 0.10281992 0.743667364
vt 0.103338599 0.743224204
vt 0.103338599 0.743224204
vt 0.103564501 0.744672239
vt 0.100047469 0.738624394
vt 0.100921988 0.73735851
vt 0.102716088 0.73229003
vt 0.109690547 0.746345997
vt 0.104925871 0.743845105
vt 0.10770905 0.741458595
vt 0.104060531 0.744329214
vt 0.108559489 0.747914433
vt 0.103338599 0.743224204
vt 0.103849769 0.74525553
vt 0.106655121 0.749644041
vt 0.104231834 0.742033899
vt 0.108478189 0.742844105
vt 0.100047469 0.738624394
vt 0.104231834 0.742033899
vt 0.100109935 0.738831997
vt 0.903840423 0.742142439
vt 0.903845072 0.742291868
vt 0.904081106 0.742280483
vt 0.90376842 0.741468728
vt 0.903881669 0.740714192
vt 0.903840423 0.742142439
vt 0.903845072 0.742291868
vt 0.909140706 0.742328048
vt 0.904081106 0.742280483
vt 0.90930593 0.742698014
vt 0.904081106 0.742280483
vt 0.909440279 0.742434084
vt 0.910060763 0.741281688
vt 0.909824729 0.741072476
vt 0.910060763 0.741281688
vt 0.910073996 0.741307735
vt 0.910433412 0.741219461
vt 0.910073996 0.741307735
vt 0.913340092 0.74322474
vt 0.910433412 0.741219461
vt 0.598471045 0.71429944
vt 0.602688968 0.712946475
vt 0.599715352 0.714065015
vt 0.597356081 0.715603113
vt 0.598526239 0.715776861
vt 0.602299929 0.717383802
vt 0.0751228333 0.13780874
vt 0.0722873807 0.136983037
vt 0.0819880068 0.138359427
vt 0.0965596437 0.138733804
vt 0.0990279317 0.137949347
vt 0.105015099 0.137734413
vt 0.896250963 0.748245656
vt 0.896474242 0.748190761
vt 0.89839375 0.748186946
vt 0.896250963 0.748245656
vt 0.89949429 0.74844712
vt 0.899670005 0.748116732
vt 0.89949429 0.74844712
vt 0.898384929 0.748122036
vt 0.899702907 0.748044848
vt 0.901082277 0.747886181
vt 0.901604891 0.747925818
vt 0.901409864 0.74782002
vt 0.89949429 0.74844712
vt 0.899510264 0.749288261
vt 0.893599987 0.747757018
vt 0.892964363 0.747916281
vt 0.89358902 0.747735918
vt 0.895284414 0.748365998
vt 0.896474242 0.748190761
vt 0.896250963 0.748245656
vt 0.893599987 0.747757018
vt 0.893177092 0.747828186
vt 0.892964363 0.747916281
vt 0.900473475 0.741846263
vt 0.900430083 0.741824925
vt 0.900902987 0.742023349
vt 0.895134509 0.748063505
vt 0.896594048 0.748221457
vt 0.896474242 0.748190761
vt 0.89998889 0.748497486
vt 0.898384929 0.748122036
vt 0.899702907 0.748044848
vt 0.901046753 0.747766256
vt 0.901409864 0.74782002
vt 0.893328965 0.748248994
vt 0.895127654 0.748010218
vt 0.89358902 0.747735918
vt 0.892964363 0.747916281
vt 0.895127654 0.748010218
vt 0.896594048 0.748221457
vt 0.895134509 0.748063505
vt 0.896474242 0.748190761
vt 0.895284414 0.748365998
vt 0.893599987 0.747757018
vt 0.893177092 0.747828186
vt 0.895189285 0.74919194
vt 0.611043394 0.707334995
vt 0.611107409 0.707111597
vt 0.611054659 0.707480669
vt 0.609520137 0.707174182
vt 0.60950917 0.707153082
vt 0.609459579 0.707032204
vt 0.393375099 0.765293896
vt 0.394691229 0.765547872
vt 0.389859408 0.764684319
vt 0.394691229 0.725722432
vt 0.384967864 0.764335334
vt 0.386302054 0.764386892
vt 0.384967864 0.764335334
vt 0.385146767 0.764431953
vt 0.070204854 0.732040763
vt 0.0724958181 0.73734951
vt 0.0727014542 0.736452758
vt 0.0736585259 0.73823607
vt 0.0727014542 0.736452758
vt 0.0732674003 0.738771915
vt 0.070204854 0.732040763
vt 0.0643059611 0.738407373
vt 0.0688227415 0.739886761
vt 0.0681607723 0.741858244
vt 0.06668365 0.747568846
vt 0.0721080303 0.744531155
vt 0.0700331926 0.749928772
vt 0.0728977919 0.74361515
vt 0.0728783607 0.743209243
vt 0.0690494776 0.740124881
vt 0.0701131821 0.740852714
vt 0.0679345131 0.741428554
vt 0.0673874617 0.739786506
vt 0.618724704 0.736950517
vt 0.618413448 0.736830711
vt 0.618002772 0.735845506
vt 0.598244309 0.71406132
vt 0.59680903 0.713961065
vt 0.599396586 0.713708878
vt 0.0930067301 0.744203091
vt 0.0940599442 0.744143844
vt 0.102331758 0.743808389
vt 0.616966903 0.707183421
vt 0.617002428 0.707303345
vt 0.616930187 0.707052767
vt 0.611242712 0.700911283
vt 0.611176074 0.700921118
vt 0.611226737 0.700759709
vt 0.613854587 0.700720429
vt 0.613822162 0.700627506
vt 0.613873303 0.700590789
vt 0.616193473 0.70131284
vt 0.616415322 0.701138377
vt 0.616393626 0.701263428
vt 0.904527068 0.747476339
vt 0.904655099 0.749068439
vt 0.904642701 0.748463094
vt 0.910060763 0.741281688
vt 0.909824729 0.741072476
vt 0.910073996 0.741307735
vt 0.100047469 0.738624394
vt 0.099916935 0.737135053
vt 0.0992621183 0.738244057
vt 0.102716088 0.73229003
vt 0.100047469 0.738624394
vt 0.102716088 0.73229003
vt 0.0940034389 0.736343861
vt 0.0803611875 0.729385614
vt 0.0866482258 0.73750186
vt 0.0923269987 0.738029838
vt 0.0934319496 0.737581551
vt 0.0934693813 0.738276839
vt 0.0906831026 0.738031864
vt 0.0918684602 0.738188386
vt 0.0904775858 0.738351107
vt 0.0807067156 0.736081362
vt 0.073546648 0.737051845
vt 0.070204854 0.732040763
vt 0.0727014542 0.736452758
vt 0.0854945183 0.737653196
vt 0.0855309367 0.738009453
vt 0.0866860151 0.737850785
vt 0.0825278759 0.737813711
vt 0.0815486312 0.737891018
vt 0.0841858387 0.738024354
vt 0.0829749703 0.738052547
vt 0.084238112 0.738506556
vt 0.0855588913 0.738548994
vt 0.0868946314 0.738473773
vt 0.0847985744 0.738609552
vt 0.0844347477 0.738290071
vt 0.084238112 0.738506556
vt 0.0880566835 0.737810969
vt 0.089273572 0.738493919
vt 0.0892637968 0.737951815
vt 0.0881410837 0.737484276
vt 0.0893175602 0.737642288
vt 0.0904612541 0.738206327
vt 0.0904775858 0.738351107
vt 0.0825278759 0.737813711
vt 0.0815486312 0.737891018
vt 0.0740497112 0.738094807
vt 0.376576602 0.729045987
vt 0.375312775 0.728580356
vt 0.375428557 0.728699625
vt 0.887720942 0.747034013
vt 0.880254745 0.745725572
vt 0.888936341 0.746956766
vt 0.603167832 0.717973709
vt 0.602735162 0.718115807
vt 0.602856278 0.717592061
vt 0.602856278 0.717592061
vt 0.602507949 0.718780041
vt 0.602627873 0.718978405
vt 0.389365166 0.768650293
vt 0.394609421 0.765799105
vt 0.389833212 0.764893413
vt 0.39333725 0.76534915
vt 0.394609421 0.765799105
vt 0.394495636 0.765664697
vt 0.609831989 0.717505634
vt 0.610247731 0.718270361
vt 0.610371649 0.717812896
vt 0.610371649 0.717812896
vt 0.609992027 0.719669104
vt 0.609870315 0.719262004
vt 0.893710971 0.74214381
vt 0.891103387 0.743857205
vt 0.892161846 0.742536485
vt 0.892964363 0.747916281
vt 0.893681407 0.742017388
vt 0.890781879 0.745960414
vt 0.891746342 0.747314513
vt 0.891981363 0.747466266
vt 0.893177092 0.747828186
vt 0.891746342 0.747314513
vt 0.892964363 0.747916281
vt 0.893177092 0.747828186
vt 0.891256094 0.742416501
vt 0.891415238 0.742392361
vt 0.89053309 0.741287053
vt 0.890833974 0.742095411
vt 0.890349209 0.743602872
vt 0.888728499 0.743214309
vt 0.375234306 0.728833139
vt 0.37654072 0.72910893
vt 0.375431329 0.728783071
vt 0.380063027 0.729689181
vt 0.375234276 0.768649578
vt 0.0834410191 0.74294138
vt 0.0842354298 0.741721511
vt 0.0828982592 0.743517399
vt 0.0842354298 0.741721511
vt 0.0824921131 0.743659616
vt 0.0829749703 0.738052547
vt 0.084238112 0.738506556
vt 0.384941727 0.729768097
vt 0.383598089 0.729893804
vt 0.384798586 0.729870737
vt 0.883003354 0.741217792
vt 0.883156896 0.742743909
vt 0.882633567 0.741200805
vt 0.881415367 0.742993891
vt 0.880105853 0.743579805
vt 0.883344531 0.742768109
vt 0.883003354 0.741217792
vt 0.904659271 0.743012667
vt 0.905463219 0.7428478
vt 0.912141442 0.743156493
vt 0.622122526 0.746204495
vt 0.622177482 0.745502591
vt 0.622247338 0.744859636
vt 0.623142362 0.735465407
vt 0.622585177 0.735322177
vt 0.630212069 0.734917819
vt 0.070851326 0.750226676
vt 0.0733135939 0.743941247
vt 0.41816628 0.725718319
vt 0.41816628 0.768654406
vt 0.41816628 0.725718319
vt 0.41816628 0.725718319
vt 0.375230193 0.725718319
vt 0.41816628 0.768654406
vt 0.41816628 0.725718319
vt 0.375230193 0.725718319
vt 0.41816628 0.768654406
vt 0.375230193 0.725718319
vt 0.41816628 0.768654406
vt 0.41816628 0.725718319
vt 0.41816628 0.725718319
vt 0.375230193 0.725718319
vt 0.41816628 0.768654406
vt 0.375230193 0.725718319
vt 0.41816628 0.768654406
vt 0.41816628 0.768654406
vt 0.41816628 0.725718319
vt 0.375230193 0.725718319
vt 0.41816628 0.725718319
vt 0.0736585259 0.73823607
vt 0.0740497112 0.738094807
vt 0.0736585259 0.73823607
vt 0.0727014542 0.736452758
vt 0.628683686 0.712418616
vt 0.629434228 0.711557686
vt 0.628750205 0.712813258
vt 0.629338503 0.711309612
vt 0.41816628 0.725718319
vt 0.375230193 0.768654406
vt 0.41816628 0.768654406
vt 0.375230193 0.725718319
vt 0.629470527 0.689507842
vt 0.631207108 0.696910143
vt 0.631207108 0.689507842
vt 0.629470527 0.696910143
vt 0.618147314 0.746211112
vt 0.618936598 0.746160746
vt 0.618839085 0.746054769
vt 0.617973149 0.746471822
vt 0.890833974 0.742095411
vt 0.883572876 0.742211878
vt 0.891073704 0.741858542
vt 0.883344531 0.742768109
vt 0.883003354 0.741217792
vt 0.883266032 0.740958869
vt 0.618413448 0.736830711
vt 0.619590044 0.736466408
vt 0.620773196 0.735336185
vt 0.618724704 0.736950517
vt 0.603471279 0.712269366
vt 0.602875531 0.71144408
vt 0.602968216 0.711226404
vt 0.603182375 0.712697089
vt 0.609992027 0.719669104
vt 0.602507949 0.718780041
vt 0.602627873 0.718978405
vt 0.609870315 0.719262004
vt 0.610052586 0.710934997
vt 0.602968216 0.711226404
vt 0.602875531 0.71144408
vt 0.610128284 0.710255921
vt 0.632355094 0.759445429
vt 0.624264598 0.760136485
vt 0.624121189 0.760536551
vt 0.632482767 0.759266913
vt 0.629434228 0.711557686
vt 0.623425007 0.71051842
vt 0.623491168 0.711199403
vt 0.629338503 0.711309612
vt 0.0688227415 0.739886761
vt 0.0681607723 0.741858244
vt 0.0673874617 0.739786506
vt 0.0679345131 0.741428554
vt 0.606333852 0.750454783
vt 0.60670203 0.749649763
vt 0.605877697 0.7499336
vt 0.607393861 0.750273585
vt 0.913561344 0.747898757
vt 0.913134336 0.74790293
vt 0.913171887 0.74792701
vt 0.915127039 0.746371984
vt 0.902918935 0.74236542
vt 0.904081106 0.742280483
vt 0.903868914 0.743501544
vt 0.903840423 0.742142439
vt 0.90376842 0.741468728
vt 0.87891674 0.74529165
vt 0.880254745 0.745725572
vt 0.883090258 0.746551275
vt 0.882236838 0.748072267
vt 0.882640183 0.748032808
vt 0.883090258 0.746551275
vt 0.882904649 0.746577561
vt 0.904990435 0.746267259
vt 0.904527068 0.747476339
vt 0.903900743 0.747504115
vt 0.904642701 0.748463094
vt 0.903955221 0.747670352
vt 0.916689634 0.746549666
vt 0.916998148 0.745932758
vt 0.917733073 0.746390224
vt 0.916076899 0.745976746
vt 0.915127039 0.746371984
vt 0.915921092 0.746404231
vt 0.915127039 0.746371984
vt 0.913561344 0.747898757
vt 0.615214109 0.773030758
vt 0.613477528 0.765717268
vt 0.615214109 0.765717268
vt 0.613477528 0.773030698
vt 0.623481512 0.758901238
vt 0.624264598 0.760136485
vt 0.62384665 0.758669853
vt 0.624121189 0.760536551
vt 0.60670203 0.749649763
vt 0.606919169 0.7510553
vt 0.605877697 0.7499336
vt 0.607666492 0.751003861
vt 0.623481512 0.758901238
vt 0.632186174 0.758152723
vt 0.631753325 0.758565784
vt 0.62384665 0.758669853
vt 0.618038654 0.735448658
vt 0.623142362 0.735465407
vt 0.618002772 0.735845506
vt 0.622585177 0.735322177
vt 0.623454571 0.712777078
vt 0.628683686 0.712418616
vt 0.628750205 0.712813258
vt 0.622890949 0.712451398
vt 0.603471279 0.712269366
vt 0.610683203 0.712343752
vt 0.603182375 0.712697089
vt 0.610970199 0.712065578
vt 0.608081996 0.746225834
vt 0.60626936 0.747292221
vt 0.607335389 0.74608171
vt 0.607023537 0.747546554
vt 0.619789064 0.747190893
vt 0.618147314 0.746211112
vt 0.618839085 0.746054769
vt 0.61919111 0.747474253
vt 0.619820893 0.751193464
vt 0.619988501 0.749695539
vt 0.620910585 0.749956608
vt 0.618996322 0.751148999
vt 0.0734479725 0.134251356
vt 0.0807611346 0.134471774
vt 0.0731484294 0.134467185
vt 0.0828665495 0.133352876
vt 0.0753771067 0.134025574
vt 0.101338565 0.133955479
vt 0.0974958539 0.134105265
vt 0.0961136818 0.133537948
vt 0.103719175 0.134995759
vt 0.615623057 0.707462013
vt 0.615604579 0.70741713
vt 0.615590155 0.707533896
vt 0.615552366 0.707173228
vt 0.6143139 0.70760411
vt 0.614234507 0.707218587
vt 0.614305079 0.707539201
vt 0.614301383 0.707442522
vt 0.611054659 0.707480669
vt 0.609459579 0.707032204
vt 0.611043394 0.707334995
vt 0.609520137 0.707174182
vt 0.599715352 0.714065015
vt 0.599396586 0.713708878
vt 0.59680903 0.713961065
vt 0.598471045 0.71429944
vt 0.616930187 0.707052767
vt 0.615623057 0.707462013
vt 0.616966903 0.707183421
vt 0.615552366 0.707173228
vt 0.615604579 0.70741713
vt 0.617002428 0.707303345
vt 0.615590155 0.707533896
vt 0.617100894 0.707251489
vt 0.612388432 0.707435787
vt 0.6143139 0.70760411
vt 0.612394392 0.707607925
vt 0.614301383 0.707442522
vt 0.612514198 0.707638621
vt 0.614234507 0.707218587
vt 0.612507164 0.707260251
vt 0.614305079 0.707539201
vt 0.611047804 0.707427382
vt 0.609673023 0.706861079
vt 0.60950917 0.707153082
vt 0.611107409 0.707111597
vt 0.611226737 0.700759709
vt 0.60999769 0.701277792
vt 0.611242712 0.700911283
vt 0.609918058 0.701130867
vt 0.613873303 0.700590789
vt 0.612368524 0.700749755
vt 0.613854587 0.700720429
vt 0.612380445 0.700608373
vt 0.616350234 0.701242089
vt 0.615049779 0.700748801
vt 0.615015924 0.700874746
vt 0.616415322 0.701138377
vt 0.61504072 0.700848401
vt 0.616193473 0.70131284
vt 0.616393626 0.701263428
vt 0.614996016 0.701058328
vt 0.612418234 0.700957298
vt 0.613822162 0.700627506
vt 0.612322032 0.700714946
vt 0.613788903 0.700917482
vt 0.610166967 0.701396585
vt 0.611176074 0.700921118
vt 0.610038817 0.701369941
vt 0.611263156 0.701115966
vt 0.612368524 0.700749755
vt 0.612418234 0.700957298
vt 0.612322032 0.700714946
vt 0.612380445 0.700608373
vt 0.614996016 0.701058328
vt 0.615015924 0.700874746
vt 0.615049779 0.700748801
vt 0.61504072 0.700848401
vt 0.607666492 0.751003861
vt 0.606882572 0.751256764
vt 0.606919169 0.7510553
vt 0.607901514 0.751155615
vt 0.626492262 0.769558132
vt 0.618258834 0.768774033
vt 0.618258834 0.769558132
vt 0.626492262 0.768773973
vt 0.624260902 0.689507842
vt 0.625997484 0.696910143
vt 0.625997484 0.689507842
vt 0.624260902 0.696910143
vt 0.641626358 0.712715685
vt 0.639889836 0.705809712
vt 0.639889836 0.712715685
vt 0.641626358 0.705809712
vt 0.636416793 0.735702991
vt 0.638153315 0.743016481
vt 0.638153315 0.735702991
vt 0.636416793 0.743016481
vt 0.638153315 0.768105567
vt 0.639889836 0.761199594
vt 0.638153315 0.761199594
vt 0.639889836 0.768105567
vt 0.643362939 0.760792077
vt 0.645099461 0.755113602
vt 0.643362939 0.755113602
vt 0.645099461 0.760792077
vt 0.586275876 0.701991439
vt 0.586790264 0.700254142
vt 0.586275876 0.700254142
vt 0.586790264 0.701991439
vt 0.577531815 0.701991439
vt 0.578046203 0.700254142
vt 0.577531815 0.700254142
vt 0.578046203 0.701991439
vt 0.631207108 0.689507842
vt 0.629470527 0.696910143
vt 0.629470527 0.689507842
vt 0.631207108 0.696910143
vt 0.625997484 0.696910143
vt 0.624260902 0.689507842
vt 0.625997484 0.689507842
vt 0.624260902 0.696910143
vt 0.639889836 0.712715685
vt 0.641626358 0.705809712
vt 0.639889836 0.705809712
vt 0.641626358 0.712715685
vt 0.0934693813 0.738276839
vt 0.0923269987 0.738029838
vt 0.0987999439 0.737972438
vt 0.0992621183 0.738244057
vt 0.100047469 0.738624394
vt 0.638153315 0.768105567
vt 0.639889836 0.761199594
vt 0.638153315 0.761199594
vt 0.639889836 0.768105567
vt 0.645099461 0.760792077
vt 0.643362939 0.755113602
vt 0.643362939 0.760792077
vt 0.645099461 0.755113602
vt 0.641626418 0.768105567
vt 0.639889836 0.774813175
vt 0.641626418 0.774813175
vt 0.639889836 0.768105567
vt 0.586275876 0.701991439
vt 0.586790264 0.700254142
vt 0.586275876 0.700254142
vt 0.586790264 0.701991439
vt 0.577531815 0.701991439
vt 0.578046203 0.700254142
vt 0.577531815 0.700254142
vt 0.578046203 0.701991439
vt 0.636416793 0.743016481
vt 0.638153315 0.735702991
vt 0.636416793 0.735702991
vt 0.638153315 0.743016481
vt 0.625997484 0.696910143
vt 0.624260902 0.689507842
vt 0.625997484 0.689507842
vt 0.624260902 0.696910143
vt 0.641626358 0.705809712
vt 0.639889836 0.712715685
vt 0.639889836 0.705809712
vt 0.641626358 0.712715685
vt 0.639889836 0.774813175
vt 0.641626418 0.768105567
vt 0.641626418 0.774813175
vt 0.639889836 0.768105567
vt 0.384959728 0.730031788
vt 0.384798586 0.729870737
vt 0.384779364 0.729958296
vt 0.384941727 0.729768097
vt 0.613477528 0.765717268
vt 0.615214109 0.773030758
vt 0.615214109 0.765717268
vt 0.613477528 0.773030698
vt 0.639889836 0.761199594
vt 0.638153315 0.768105567
vt 0.638153315 0.761199594
vt 0.639889836 0.768105567
vt 0.645099461 0.760792077
vt 0.643362939 0.755113602
vt 0.645099461 0.755113602
vt 0.643362939 0.760792077
vt 0.586275876 0.701991439
vt 0.586790264 0.700254142
vt 0.586790264 0.701991439
vt 0.586275876 0.700254142
vt 0.577531815 0.701991439
vt 0.578046203 0.700254142
vt 0.578046203 0.701991439
vt 0.577531815 0.700254142
vt 0.615214109 0.765717268
vt 0.613477528 0.773030698
vt 0.613477528 0.765717268
vt 0.615214109 0.773030758
vt 0.597356081 0.715603113
vt 0.598640442 0.716452897
vt 0.598526239 0.715776861
vt 0.59758234 0.716032803
vt 0.641626358 0.705809712
vt 0.639889836 0.712715685
vt 0.639889836 0.705809712
vt 0.641626358 0.712715685
vt 0.639889836 0.774813175
vt 0.641626418 0.768105567
vt 0.641626418 0.774813175
vt 0.639889836 0.768105567
vt 0.639889836 0.761199594
vt 0.638153315 0.768105567
vt 0.638153315 0.761199594
vt 0.639889836 0.768105567
vt 0.645099461 0.760792077
vt 0.643362939 0.755113602
vt 0.645099461 0.755113602
vt 0.643362939 0.760792077
vt 0.586275876 0.701991439
vt 0.586790264 0.700254142
vt 0.586790264 0.701991439
vt 0.586275876 0.700254142
vt 0.577531815 0.701991439
vt 0.578046203 0.700254142
vt 0.578046203 0.701991439
vt 0.577531815 0.700254142
vt 0.624260902 0.689507842
vt 0.625997484 0.696910143
vt 0.625997484 0.689507842
vt 0.624260902 0.696910143
vt 0.639889836 0.712715685
vt 0.641626358 0.705809712
vt 0.639889836 0.705809712
vt 0.641626358 0.712715685
vt 0.629470527 0.696910143
vt 0.631207108 0.689507842
vt 0.629470527 0.689507842
vt 0.631207108 0.696910143
vt 0.638153315 0.768105567
vt 0.639889836 0.761199594
vt 0.638153315 0.761199594
vt 0.639889836 0.768105567
vt 0.645099461 0.760792077
vt 0.643362939 0.755113602
vt 0.643362939 0.760792077
vt 0.645099461 0.755113602
vt 0.586275876 0.701991439
vt 0.586790264 0.700254142
vt 0.586275876 0.700254142
vt 0.586790264 0.701991439
vt 0.577531815 0.701991439
vt 0.578046203 0.700254142
vt 0.577531815 0.700254142
vt 0.578046203 0.701991439
vt 0.626482487 0.744757771
vt 0.62653172 0.746335387
vt 0.626502156 0.744956434
vt 0.626498461 0.745598912
vt 0.643362939 0.725790858
vt 0.641626418 0.719486237
vt 0.641626418 0.725790858
vt 0.643362939 0.719486237
vt 0.641626418 0.768105567
vt 0.639889836 0.774813175
vt 0.641626418 0.774813175
vt 0.639889836 0.768105567
vt 0.643362939 0.696010828
vt 0.641626418 0.689706147
vt 0.641626418 0.696010828
vt 0.643362939 0.689706147
vt 0.560043812 0.75395
vt 0.561780334 0.763490438
vt 0.561780334 0.75395
vt 0.560043812 0.763490438
vt 0.631207108 0.718934178
vt 0.629470587 0.728474677
vt 0.631207108 0.728474677
vt 0.629470587 0.718934178
vt 0.643362939 0.719486237
vt 0.641626418 0.725790858
vt 0.643362939 0.725790858
vt 0.641626418 0.719486237
vt 0.643362939 0.696010828
vt 0.641626418 0.689706147
vt 0.641626418 0.696010828
vt 0.643362939 0.689706147
vt 0.560043812 0.75395
vt 0.561780334 0.763490438
vt 0.561780334 0.75395
vt 0.560043812 0.763490438
vt 0.610970199 0.712065578
vt 0.610052586 0.710934997
vt 0.610683203 0.712343752
vt 0.610128284 0.710255921
vt 0.631207108 0.718934178
vt 0.629470587 0.728474677
vt 0.631207108 0.728474677
vt 0.629470587 0.718934178
vt 0.607023537 0.747546554
vt 0.606664956 0.747019649
vt 0.60626936 0.747292221
vt 0.607658088 0.74731791
vt 0.643362939 0.719486237
vt 0.641626418 0.725790858
vt 0.643362939 0.725790858
vt 0.641626418 0.719486237
vt 0.643362939 0.696010828
vt 0.641626418 0.689706147
vt 0.641626418 0.696010828
vt 0.643362939 0.689706147
vt 0.560043812 0.75395
vt 0.561780334 0.763490438
vt 0.561780334 0.75395
vt 0.560043812 0.763490438
vt 0.625997484 0.743372142
vt 0.627734005 0.753941715
vt 0.627734005 0.743372142
vt 0.625997484 0.753941715
vt 0.631207108 0.718934178
vt 0.629470587 0.728474677
vt 0.631207108 0.728474677
vt 0.629470587 0.718934178
vt 0.636416793 0.743016481
vt 0.638153315 0.735702991
vt 0.636416793 0.735702991
vt 0.638153315 0.743016481
vt 0.643362939 0.719486237
vt 0.641626418 0.725790858
vt 0.643362939 0.725790858
vt 0.641626418 0.719486237
vt 0.643362939 0.696010828
vt 0.641626418 0.689706147
vt 0.641626418 0.696010828
vt 0.643362939 0.689706147
vt 0.560043812 0.75395
vt 0.561780334 0.763490438
vt 0.561780334 0.75395
vt 0.560043812 0.763490438
vt 0.631207108 0.718934178
vt 0.629470587 0.728474677
vt 0.631207108 0.728474677
vt 0.629470587 0.718934178
vt 0.627734005 0.743372142
vt 0.625997484 0.743886709
vt 0.625997484 0.743372142
vt 0.627734005 0.753941715
vt 0.625997484 0.753941715
vt 0.613477528 0.765717268
vt 0.615214109 0.773030758
vt 0.615214109 0.765717268
vt 0.613477528 0.773030698
vt 0.643362939 0.719486237
vt 0.641626418 0.725790858
vt 0.643362939 0.725790858
vt 0.641626418 0.719486237
vt 0.597120523 0.751332939
vt 0.598857045 0.761902571
vt 0.598857045 0.751332939
vt 0.597120523 0.761902571
vt 0.643362939 0.696010828
vt 0.641626418 0.689706147
vt 0.641626418 0.696010828
vt 0.643362939 0.689706147
vt 0.560043812 0.75395
vt 0.561780334 0.763490438
vt 0.561780334 0.75395
vt 0.560043812 0.763490438
vt 0.627734005 0.743372142
vt 0.625997484 0.753941715
vt 0.627734005 0.753941715
vt 0.625997484 0.743372142
vt 0.631207108 0.718934178
vt 0.629470587 0.728474677
vt 0.631207108 0.728474677
vt 0.629470587 0.718934178
vt 0.629470527 0.689507842
vt 0.631207108 0.696910143
vt 0.631207108 0.689507842
vt 0.629470527 0.696910143
vt 0.624260902 0.689507842
vt 0.625997484 0.696910143
vt 0.625997484 0.689507842
vt 0.624260902 0.696910143
vt 0.890833974 0.742095411
vt 0.891415238 0.742392361
vt 0.890349209 0.743602872
vt 0.89053309 0.741287053
vt 0.643362939 0.719486237
vt 0.641626418 0.725790858
vt 0.641626418 0.719486237
vt 0.643362939 0.725790858
vt 0.641626418 0.689706147
vt 0.643362939 0.696010828
vt 0.641626418 0.696010828
vt 0.643362939 0.689706147
vt 0.561780334 0.763490438
vt 0.560043812 0.75395
vt 0.561780334 0.75395
vt 0.560043812 0.763490438
vt 0.627734005 0.743372142
vt 0.625997484 0.753427148
vt 0.625997484 0.743372142
vt 0.627734005 0.753941715
vt 0.625997484 0.753941715
vt 0.629470587 0.728474677
vt 0.631207108 0.718934178
vt 0.631207108 0.728474677
vt 0.629470587 0.718934178
vt 0.638153315 0.735702991
vt 0.636416793 0.743016481
vt 0.636416793 0.735702991
vt 0.638153315 0.743016481
vt 0.643362939 0.719486237
vt 0.641626418 0.725790858
vt 0.641626418 0.719486237
vt 0.643362939 0.725790858
vt 0.641626418 0.689706147
vt 0.643362939 0.696010828
vt 0.641626418 0.696010828
vt 0.643362939 0.689706147
vt 0.561780334 0.763490438
vt 0.560043812 0.75395
vt 0.561780334 0.75395
vt 0.560043812 0.763490438
vt 0.627734005 0.753941715
vt 0.625997484 0.753941715
vt 0.627734005 0.753427148
vt 0.625997484 0.743372142
vt 0.627734005 0.743372142
vt 0.629470587 0.728474677
vt 0.631207108 0.718934178
vt 0.631207108 0.728474677
vt 0.629470587 0.718934178
vt 0.631207108 0.689507842
vt 0.629470527 0.696910143
vt 0.629470527 0.689507842
vt 0.631207108 0.696910143
vt 0.619988501 0.749695539
vt 0.620433629 0.750427067
vt 0.620910585 0.749956608
vt 0.619278252 0.750274777
vt 0.643362939 0.719486237
vt 0.641626418 0.725790858
vt 0.641626418 0.719486237
vt 0.643362939 0.725790858
vt 0.598857045 0.751332939
vt 0.597120523 0.761902571
vt 0.597120523 0.751332939
vt 0.598857045 0.761902571
vt 0.641626418 0.689706147
vt 0.643362939 0.696010828
vt 0.641626418 0.696010828
vt 0.643362939 0.689706147
vt 0.561780334 0.763490438
vt 0.560043812 0.75395
vt 0.561780334 0.75395
vt 0.560043812 0.763490438
vt 0.627734005 0.743886709
vt 0.625997484 0.743372142
vt 0.627734005 0.743372142
vt 0.625997484 0.753941715
vt 0.627734005 0.753941715
vt 0.629470587 0.728474677
vt 0.631207108 0.718934178
vt 0.631207108 0.728474677
vt 0.629470587 0.718934178
vt 0.641626418 0.768105567
vt 0.639889836 0.774813175
vt 0.641626418 0.774813175
vt 0.639889836 0.768105567
vt 0.641626418 0.719486237
vt 0.643362939 0.725790858
vt 0.641626418 0.725790858
vt 0.643362939 0.719486237
vt 0.641626418 0.689706147
vt 0.643362939 0.696010828
vt 0.641626418 0.696010828
vt 0.643362939 0.689706147
vt 0.561780334 0.763490438
vt 0.560043812 0.75395
vt 0.561780334 0.75395
vt 0.560043812 0.763490438
vt 0.629470587 0.728474677
vt 0.631207108 0.718934178
vt 0.631207108 0.728474677
vt 0.629470587 0.718934178
vt 0.615214109 0.765717268
vt 0.613477528 0.773030698
vt 0.613477528 0.765717268
vt 0.615214109 0.773030758
vt 0.643362939 0.719486237
vt 0.641626418 0.725790858
vt 0.641626418 0.719486237
vt 0.643362939 0.725790858
vt 0.641626418 0.689706147
vt 0.643362939 0.696010828
vt 0.641626418 0.696010828
vt 0.643362939 0.689706147
vt 0.561780334 0.763490438
vt 0.560043812 0.75395
vt 0.561780334 0.75395
vt 0.560043812 0.763490438
vt 0.629470587 0.728474677
vt 0.631207108 0.718934178
vt 0.631207108 0.728474677
vt 0.629470587 0.718934178
vt 0.41816628 0.725718319
vt 0.41816628 0.768654406
vt 0.41816628 0.725718319
vt 0.375230193 0.725718319
vt 0.619789064 0.747190893
vt 0.618529141 0.747291625
vt 0.61919111 0.747474253
vt 0.619411647 0.746970952
vt 0.602514148 0.717062771
vt 0.601529598 0.718705714
vt 0.602299929 0.717383802
vt 0.601846337 0.718557477
vt 0.641626418 0.719486237
vt 0.643362939 0.725790858
vt 0.641626418 0.725790858
vt 0.643362939 0.719486237
vt 0.641626418 0.689706147
vt 0.643362939 0.696010828
vt 0.641626418 0.696010828
vt 0.643362939 0.689706147
vt 0.561780334 0.763490438
vt 0.560043812 0.75395
vt 0.561780334 0.75395
vt 0.560043812 0.763490438
vt 0.629470587 0.728474677
vt 0.631207108 0.718934178
vt 0.631207108 0.728474677
vt 0.629470587 0.718934178
vt 0.638153315 0.735702991
vt 0.636416793 0.743016481
vt 0.636416793 0.735702991
vt 0.638153315 0.743016481
vt 0.627734005 0.743372142
vt 0.625997484 0.743886709
vt 0.625997484 0.743372142
vt 0.627734005 0.753941715
vt 0.625997484 0.753941715
vt 0.384941727 0.729768097
vt 0.380088687 0.729480028
vt 0.383598089 0.729893804
vt 0.380552292 0.725722432
vt 0.643362939 0.719486237
vt 0.641626418 0.725790858
vt 0.641626418 0.719486237
vt 0.643362939 0.725790858
vt 0.665203512 0.756700933
vt 0.665342212 0.756492794
vt 0.665235162 0.756687105
vt 0.665302575 0.756515443
vt 0.641626418 0.689706147
vt 0.643362939 0.696010828
vt 0.641626418 0.696010828
vt 0.643362939 0.689706147
vt 0.561780334 0.763490438
vt 0.560043812 0.75395
vt 0.561780334 0.75395
vt 0.560043812 0.763490438
vt 0.629470587 0.728474677
vt 0.631207108 0.718934178
vt 0.631207108 0.728474677
vt 0.629470587 0.718934178
vt 0.638153315 0.735702991
vt 0.636416793 0.743016481
vt 0.636416793 0.735702991
vt 0.638153315 0.743016481
vt 0.627734005 0.743886709
vt 0.625997484 0.753941715
vt 0.627734005 0.753941715
vt 0.625997484 0.743372142
vt 0.627734005 0.743372142
vt 0.618996322 0.751148999
vt 0.619875371 0.751359701
vt 0.618792593 0.751241207
vt 0.619820893 0.751193464
vt 0.643362939 0.725790858
vt 0.641626418 0.719486237
vt 0.641626418 0.725790858
vt 0.643362939 0.719486237
vt 0.643362939 0.696010828
vt 0.641626418 0.689706147
vt 0.641626418 0.696010828
vt 0.643362939 0.689706147
vt 0.560043812 0.75395
vt 0.561780334 0.763490438
vt 0.561780334 0.75395
vt 0.560043812 0.763490438
vt 0.630212069 0.734917819
vt 0.621850252 0.734864712
vt 0.622373223 0.734079897
vt 0.622585177 0.735322177
vt 0.631207108 0.718934178
vt 0.629470587 0.728474677
vt 0.631207108 0.728474677
vt 0.629470587 0.718934178
vt 0.643362939 0.719486237
vt 0.641626418 0.725790858
vt 0.643362939 0.725790858
vt 0.641626418 0.719486237
vt 0.643362939 0.696010828
vt 0.641626418 0.689706147
vt 0.641626418 0.696010828
vt 0.643362939 0.689706147
vt 0.560043812 0.75395
vt 0.561780334 0.763490438
vt 0.561780334 0.75395
vt 0.560043812 0.763490438
vt 0.631207108 0.718934178
vt 0.629470587 0.728474677
vt 0.631207108 0.728474677
vt 0.629470587 0.718934178
vt 0.627734005 0.743886709
vt 0.625997484 0.753941715
vt 0.627734005 0.753941715
vt 0.625997484 0.743372142
vt 0.627734005 0.743372142
vt 0.384798586 0.729870737
vt 0.383621335 0.729956627
vt 0.384779364 0.729958296
vt 0.383598089 0.729893804
vt 0.376576602 0.729045987
vt 0.375431329 0.728783071
vt 0.37654072 0.72910893
vt 0.375428557 0.728699625
vt 0.41816628 0.725718319
vt 0.375230193 0.768654406
vt 0.41816628 0.768654406
vt 0.375230193 0.725718319
vt 0.41816628 0.725718319
vt 0.375230193 0.768654406
vt 0.41816628 0.768654406
vt 0.375230193 0.725718319
vt 0.393375099 0.765293896
vt 0.394495636 0.765664697
vt 0.394498408 0.765575111
vt 0.39333725 0.76534915
vt 0.41816628 0.725718319
vt 0.375230193 0.768654406
vt 0.41816628 0.768654406
vt 0.375230193 0.725718319
vt 0.385146767 0.764431953
vt 0.386321485 0.764456689
vt 0.386302054 0.764386892
vt 0.38512367 0.764512241
vt 0.384967864 0.764335334
vt 0.38512367 0.764512241
vt 0.385146767 0.764431953
vt 0.384982288 0.764599621
vt 0.614597499 0.730388522
vt 0.614597499 0.723482609
vt 0.614083111 0.730388522
vt 0.614083111 0.722986221
vt 0.620273471 0.723482609
vt 0.620787799 0.722986221
vt 0.620787799 0.730388522
vt 0.620273471 0.730388522
vt 0.432303339 0.239556313
vt 0.425720841 0.24153018
vt 0.434370786 0.24140507
vt 0.425245792 0.240719974
vt 0.425997704 0.239717305
vt 0.424838334 0.241850853
vt 0.424282342 0.241031051
vt 0.414509833 0.241008461
vt 0.415857464 0.240898788
vt 0.422995836 0.240901709
vt 0.413967282 0.241877139
vt 0.413485408 0.240665078
vt 0.425587445 0.244834006
vt 0.412974119 0.241578877
vt 0.403157264 0.241411924
vt 0.405270755 0.239486516
vt 0.412420273 0.239261806
vt 0.412762433 0.23953563
vt 0.413703024 0.244832814
vt 0.421739548 0.247536838
vt 0.425101787 0.245800436
vt 0.417418629 0.247440517
vt 0.414210647 0.245714843
vt 0.417363644 0.248142421
vt 0.421772808 0.248273313
vt 0.425101787 0.245800436
vt 0.426184505 0.24591893
vt 0.426742762 0.244986296
vt 0.437356383 0.244620562
vt 0.438306183 0.244225323
vt 0.435363621 0.246151507
vt 0.426871985 0.246711671
vt 0.414210647 0.245714843
vt 0.413191736 0.245815992
vt 0.412643015 0.245014012
vt 0.404135704 0.24590528
vt 0.412513554 0.246488869
vt 0.404869497 0.246281385
vt 0.402962476 0.244879782
vt 0.402444571 0.24428004
vt 0.599431753 0.717207849
vt 0.601529598 0.718705714
vt 0.600978494 0.718301892
vt 0.59758234 0.716032803
vt 0.598640442 0.716452897
vt 0.900902987 0.742023349
vt 0.90327096 0.743784904
vt 0.901036024 0.741914988
vt 0.903358102 0.746585429
vt 0.902608991 0.743602276
vt 0.904068351 0.746006191
vt 0.902227163 0.742521763
vt 0.900801063 0.742389977
vt 0.900766492 0.742653131
vt 0.902052999 0.742782474
vt 0.623425007 0.71051842
vt 0.622853518 0.71175611
vt 0.623491168 0.711199403
vt 0.623454571 0.712777078
vt 0.622890949 0.712451398
vt 0.607287228 0.748918951
vt 0.607287228 0.742012978
vt 0.6067729 0.748918951
vt 0.6067729 0.74151665
vt 0.613477528 0.74151665
vt 0.6129632 0.742012978
vt 0.613477528 0.748918951
vt 0.6129632 0.748918951
vt 0.912873268 0.748198867
vt 0.912786365 0.747431755
vt 0.913171887 0.74792701
vt 0.912974954 0.747258961
vt 0.912576675 0.747084677
vt 0.912959456 0.746800959
vt 0.912982464 0.746476948
vt 0.904527068 0.747476339
vt 0.904237151 0.747601807
vt 0.10770905 0.741458595
vt 0.104756951 0.73974973
vt 0.115547895 0.742296517
vt 0.109690547 0.746345997
vt 0.906995296 0.746691883
vt 0.904990435 0.746267259
vt 0.906084418 0.746813297
vt 0.904513478 0.746737719
vt 0.890413702 0.746765435
vt 0.889957547 0.746244252
vt 0.888936341 0.746956766
vt 0.887720942 0.747034013
vt 0.636416793 0.736215413
vt 0.638153315 0.735702991
vt 0.636416793 0.735702991
vt 0.638153315 0.736215413
vt 0.638153315 0.743016481
vt 0.636416793 0.743016481
vt 0.882640183 0.748032808
vt 0.88289845 0.74829483
vt 0.89028424 0.748240292
vt 0.890260816 0.748776793
vt 0.882640183 0.748032808
vt 0.883090258 0.746551275
vt 0.88289845 0.74829483
vt 0.883246779 0.74710685
vt 0.889955401 0.747101963
vt 0.89022249 0.747020423
vt 0.607287228 0.748918951
vt 0.607287228 0.742012978
vt 0.6067729 0.748918951
vt 0.6067729 0.74151665
vt 0.613477528 0.74151665
vt 0.6129632 0.742012978
vt 0.613477528 0.748918951
vt 0.6129632 0.748918951
vt 0.912141442 0.743156493
vt 0.913340092 0.74322474
vt 0.910073996 0.741307735
vt 0.91168654 0.743738294
vt 0.626502156 0.744956434
vt 0.62323916 0.744556308
vt 0.626482487 0.744757771
vt 0.623235703 0.744756937
vt 0.622247338 0.744859636
vt 0.622272611 0.74467665
vt 0.63225317 0.758662581
vt 0.632482767 0.759266913
vt 0.632355094 0.759445429
vt 0.632395864 0.758499801
vt 0.632186174 0.758152723
vt 0.631753325 0.758565784
vt 0.614597499 0.730388522
vt 0.614597499 0.723482609
vt 0.614083111 0.730388522
vt 0.614083111 0.722986221
vt 0.620273471 0.723482609
vt 0.620787799 0.722986221
vt 0.620787799 0.730388522
vt 0.620273471 0.730388522
vt 0.0728977919 0.74361515
vt 0.073746264 0.74379915
vt 0.0744379759 0.743974626
vt 0.0809500813 0.743638337
vt 0.0820859671 0.743801832
vt 0.0934424996 0.139077485
vt 0.0920214653 0.139754951
vt 0.0930685997 0.133172452
vt 0.0876396894 0.132145166
vt 0.0853615701 0.139506459
vt 0.0857139826 0.133274853
vt 0.0849969983 0.139173746
vt 0.913134336 0.74790293
vt 0.912873268 0.748198867
vt 0.913171887 0.74792701
vt 0.904642701 0.748463094
vt 0.904655099 0.749068439
vt 0.598857045 0.761902571
vt 0.598857045 0.761387944
vt 0.597120523 0.761902571
vt 0.597120523 0.751847506
vt 0.598857045 0.751332939
vt 0.597120523 0.751332939
vt 0.6129632 0.742012978
vt 0.613477528 0.748918951
vt 0.6129632 0.748918951
vt 0.613477528 0.74151665
vt 0.607287228 0.742012978
vt 0.6067729 0.74151665
vt 0.6067729 0.748918951
vt 0.607287228 0.748918951
vt 0.598857045 0.751332939
vt 0.597120523 0.761387944
vt 0.597120523 0.751332939
vt 0.598857045 0.761387944
vt 0.598857045 0.761902571
vt 0.597120523 0.761902571
vt 0.627734005 0.753941715
vt 0.627734005 0.743886709
vt 0.625997484 0.753941715
vt 0.625997484 0.743372142
vt 0.627734005 0.743372142
vt 0.613477528 0.766229689
vt 0.615214109 0.765717268
vt 0.613477528 0.765717268
vt 0.615214109 0.773030758
vt 0.613477528 0.773030698
vt 0.627734005 0.753941715
vt 0.625997484 0.743886709
vt 0.625997484 0.753941715
vt 0.627734005 0.743372142
vt 0.625997484 0.743372142
vt 0.638153315 0.743016481
vt 0.638153315 0.742520094
vt 0.636416793 0.743016481
vt 0.636416793 0.735702991
vt 0.638153315 0.735702991
vt 0.598857045 0.761902571
vt 0.597120523 0.761902571
vt 0.598857045 0.761387944
vt 0.597120523 0.751847506
vt 0.598857045 0.751332939
vt 0.597120523 0.751332939
vt 0.598857045 0.761902571
vt 0.598857045 0.761387944
vt 0.597120523 0.761902571
vt 0.597120523 0.751847506
vt 0.598857045 0.751332939
vt 0.597120523 0.751332939
vt 0.620273471 0.723482609
vt 0.620787799 0.730388522
vt 0.620273471 0.730388522
vt 0.620787799 0.722986221
vt 0.614597499 0.723482609
vt 0.614083111 0.722986221
vt 0.614083111 0.730388522
vt 0.614597499 0.730388522
vt 0.597120523 0.761902571
vt 0.598857045 0.761902571
vt 0.597120523 0.761387944
vt 0.598857045 0.751332939
vt 0.597120523 0.751332939
vt 0.638153315 0.743016481
vt 0.636416793 0.743016481
vt 0.638153315 0.742520094
vt 0.638153315 0.736215413
vt 0.636416793 0.735702991
vt 0.638153315 0.735702991
vt 0.638153315 0.736215413
vt 0.636416793 0.735702991
vt 0.638153315 0.735702991
vt 0.636416793 0.743016481
vt 0.638153315 0.742520094
vt 0.638153315 0.743016481
vt 0.597120523 0.761902571
vt 0.597120523 0.761387944
vt 0.598857045 0.761902571
vt 0.598857045 0.751847506
vt 0.597120523 0.751332939
vt 0.598857045 0.751332939
vt 0.615214109 0.773030758
vt 0.613477528 0.766229689
vt 0.613477528 0.773030698
vt 0.615214109 0.765717268
vt 0.613477528 0.765717268
vt 0.613477528 0.766229689
vt 0.615214109 0.765717268
vt 0.613477528 0.765717268
vt 0.615214109 0.766229689
vt 0.615214109 0.773030758
vt 0.613477528 0.773030698
vt 0.636416793 0.743016481
vt 0.638153315 0.743016481
vt 0.636416793 0.736215413
vt 0.638153315 0.735702991
vt 0.636416793 0.735702991
vt 0.891103387 0.743857205
vt 0.891473711 0.746584237
vt 0.891737938 0.743628561
vt 0.890781879 0.745960414
vt 0.893681407 0.742017388
vt 0.893710971 0.74214381
vt 0.892161846 0.742536485
vt 0.89362812 0.742650211
vt 0.892280519 0.742759883
vt 0.888728499 0.743214309
vt 0.890349209 0.743602872
vt 0.889438033 0.743158758
vt 0.890744805 0.7433303
vt 0.598857045 0.761902571
vt 0.597120523 0.761902571
vt 0.598857045 0.761387944
vt 0.597120523 0.751847506
vt 0.598857045 0.751332939
vt 0.597120523 0.751332939
vt 0.615214109 0.773030758
vt 0.613477528 0.773030698
vt 0.615214109 0.77253437
vt 0.613477528 0.765717268
vt 0.615214109 0.765717268
vt 0.615214109 0.773030758
vt 0.613477528 0.766229689
vt 0.613477528 0.773030698
vt 0.615214109 0.765717268
vt 0.613477528 0.765717268
vt 0.614597499 0.723482609
vt 0.614083111 0.730388522
vt 0.614597499 0.730388522
vt 0.614083111 0.722986221
vt 0.620273471 0.723482609
vt 0.620787799 0.722986221
vt 0.620787799 0.730388522
vt 0.620273471 0.730388522
vt 0.597120523 0.761902571
vt 0.598857045 0.751847506
vt 0.598857045 0.761902571
vt 0.597120523 0.751332939
vt 0.598857045 0.751332939
vt 0.627734005 0.753941715
vt 0.625997484 0.753941715
vt 0.627734005 0.743886709
vt 0.625997484 0.743372142
vt 0.627734005 0.743372142
vt 0.613477528 0.773030698
vt 0.615214109 0.766229689
vt 0.615214109 0.773030758
vt 0.613477528 0.765717268
vt 0.615214109 0.765717268
vt 0.607287228 0.748918951
vt 0.607287228 0.742012978
vt 0.6067729 0.748918951
vt 0.6067729 0.74151665
vt 0.613477528 0.74151665
vt 0.6129632 0.742012978
vt 0.613477528 0.748918951
vt 0.6129632 0.748918951
vt 0.636416793 0.743016481
vt 0.636416793 0.736215413
vt 0.638153315 0.743016481
vt 0.638153315 0.735702991
vt 0.636416793 0.735702991
vt 0.627734005 0.753941715
vt 0.625997484 0.743886709
vt 0.625997484 0.753941715
vt 0.627734005 0.743886709
vt 0.627734005 0.743372142
vt 0.625997484 0.743372142
vt 0.598857045 0.761902571
vt 0.598857045 0.761387944
vt 0.597120523 0.761902571
vt 0.597120523 0.751847506
vt 0.598857045 0.751332939
vt 0.597120523 0.751332939
vt 0.627734005 0.743372142
vt 0.625997484 0.743886709
vt 0.625997484 0.743372142
vt 0.627734005 0.743886709
vt 0.627734005 0.753941715
vt 0.625997484 0.753941715
vt 0.598857045 0.761902571
vt 0.598857045 0.761387944
vt 0.597120523 0.761902571
vt 0.597120523 0.751332939
vt 0.598857045 0.751332939
vt 0.615214109 0.773030758
vt 0.613477528 0.773030698
vt 0.615214109 0.766229689
vt 0.613477528 0.765717268
vt 0.615214109 0.765717268
vt 0.638153315 0.743016481
vt 0.638153315 0.742520094
vt 0.636416793 0.743016481
vt 0.636416793 0.735702991
vt 0.638153315 0.735702991
vt 0.6129632 0.742012978
vt 0.613477528 0.748918951
vt 0.6129632 0.748918951
vt 0.613477528 0.74151665
vt 0.607287228 0.742012978
vt 0.6067729 0.74151665
vt 0.6067729 0.748918951
vt 0.607287228 0.748918951
vt 0.598857045 0.761902571
vt 0.598857045 0.761387944
vt 0.597120523 0.761902571
vt 0.597120523 0.751332939
vt 0.598857045 0.751332939
vt 0.615214109 0.773030758
vt 0.613477528 0.77253437
vt 0.613477528 0.773030698
vt 0.615214109 0.77253437
vt 0.615214109 0.766229689
vt 0.613477528 0.765717268
vt 0.615214109 0.765717268
vt 0.09164536 0.743996382
vt 0.0925856233 0.744077206
vt 0.0908657312 0.741224051
vt 0.0918684602 0.738188386
vt 0.0904775858 0.738351107
vt 0.613477528 0.773030698
vt 0.613477528 0.77253437
vt 0.615214109 0.773030758
vt 0.615214109 0.765717268
vt 0.613477528 0.765717268
vt 0.638153315 0.736215413
vt 0.636416793 0.735702991
vt 0.638153315 0.735702991
vt 0.636416793 0.743016481
vt 0.638153315 0.743016481
vt 0.597120523 0.761902571
vt 0.598857045 0.751847506
vt 0.598857045 0.761902571
vt 0.597120523 0.751332939
vt 0.598857045 0.751332939
vt 0.380063027 0.729689181
vt 0.376576602 0.729045987
vt 0.37654072 0.72910893
vt 0.380088687 0.729480028
vt 0.383598089 0.729893804
vt 0.383621335 0.729956627
vt 0.620273471 0.723482609
vt 0.620787799 0.730388522
vt 0.620273471 0.730388522
vt 0.620787799 0.722986221
vt 0.614597499 0.723482609
vt 0.614083111 0.722986221
vt 0.614083111 0.730388522
vt 0.614597499 0.730388522
vt 0.389859408 0.764684319
vt 0.39333725 0.76534915
vt 0.393375099 0.765293896
vt 0.389833212 0.764893413
vt 0.386321485 0.764456689
vt 0.386302054 0.764386892
vt 0.665847898 0.756808102
vt 0.665685833 0.75677985
vt 0.665904522 0.756904304
vt 0.665622652 0.756946206
vt 0.665776551 0.756986737
vt 0.584842086 0.689007878
vt 0.584329903 0.689522445
vt 0.584842086 0.699062884
vt 0.577531815 0.689007878
vt 0.578028023 0.689522445
vt 0.577531815 0.699062884
vt 0.578028023 0.699062884
vt 0.577531815 0.699577451
vt 0.584329903 0.699062884
vt 0.584842086 0.699577451
vt 0.584842086 0.689007878
vt 0.584329903 0.689522445
vt 0.577531815 0.689007878
vt 0.584842086 0.699062884
vt 0.578028023 0.689522445
vt 0.577531815 0.689522445
vt 0.578028023 0.699062884
vt 0.577531815 0.699577451
vt 0.584329903 0.699062884
vt 0.584842086 0.699577451
vt 0.584842086 0.689007878
vt 0.584329903 0.699062884
vt 0.584842086 0.699577451
vt 0.584329903 0.699577451
vt 0.584329903 0.689522445
vt 0.577531815 0.689007878
vt 0.578028023 0.689522445
vt 0.577531815 0.699062884
vt 0.578028023 0.699062884
vt 0.577531815 0.699577451
vt 0.592152357 0.712561071
vt 0.585354328 0.712046504
vt 0.584842086 0.712561071
vt 0.584842086 0.712046504
vt 0.591656208 0.712046504
vt 0.592152357 0.701991439
vt 0.591656208 0.702506065
vt 0.585354328 0.701991439
vt 0.585354328 0.702506065
vt 0.584842086 0.701991439
vt 0.584329903 0.699062884
vt 0.584842086 0.699577451
vt 0.584842086 0.699062884
vt 0.577531815 0.699577451
vt 0.578028023 0.699062884
vt 0.577531815 0.699062884
vt 0.578028023 0.689522445
vt 0.577531815 0.689007878
vt 0.584329903 0.689522445
vt 0.584842086 0.689007878
vt 0.584842086 0.699577451
vt 0.584329903 0.689522445
vt 0.584842086 0.689007878
vt 0.584329903 0.689007878
vt 0.584329903 0.699062884
vt 0.577531815 0.699577451
vt 0.578028023 0.699062884
vt 0.577531815 0.689522445
vt 0.578028023 0.689522445
vt 0.577531815 0.689007878
vt 0.584842086 0.712561071
vt 0.585354328 0.702506065
vt 0.584842086 0.701991439
vt 0.585354328 0.701991439
vt 0.585354328 0.712046504
vt 0.592152357 0.712561071
vt 0.591656208 0.712046504
vt 0.592152357 0.702506065
vt 0.591656208 0.702506065
vt 0.592152357 0.701991439
vt 0.584329903 0.699577451
vt 0.584329903 0.699062884
vt 0.584842086 0.699577451
vt 0.584842086 0.689007878
vt 0.584329903 0.689522445
vt 0.577531815 0.689007878
vt 0.578028023 0.689522445
vt 0.577531815 0.699062884
vt 0.578028023 0.699062884
vt 0.577531815 0.699577451
vt 0.585354328 0.712046504
vt 0.584842086 0.712561071
vt 0.584842086 0.712046504
vt 0.592152357 0.712561071
vt 0.591656208 0.712046504
vt 0.592152357 0.712046504
vt 0.591656208 0.702506065
vt 0.592152357 0.701991439
vt 0.585354328 0.702506065
vt 0.584842086 0.701991439
vt 0.592152357 0.712561071
vt 0.591656208 0.712046504
vt 0.592152357 0.701991439
vt 0.585354328 0.712561071
vt 0.591656208 0.702506065
vt 0.585354328 0.712046504
vt 0.591656208 0.701991439
vt 0.584842086 0.712561071
vt 0.585354328 0.702506065
vt 0.584842086 0.701991439
vt 0.578028023 0.699062884
vt 0.577531815 0.699577451
vt 0.578028023 0.689522445
vt 0.584329903 0.699062884
vt 0.577531815 0.689007878
vt 0.584842086 0.699577451
vt 0.584329903 0.689007878
vt 0.584842086 0.699062884
vt 0.584329903 0.689522445
vt 0.584842086 0.689007878
vt 0.584842086 0.701991439
vt 0.585354328 0.702506065
vt 0.584842086 0.712561071
vt 0.592152357 0.701991439
vt 0.585354328 0.712046504
vt 0.591656208 0.702506065
vt 0.585354328 0.712561071
vt 0.592152357 0.712561071
vt 0.591656208 0.712046504
vt 0.591656208 0.712561071
vt 0.584842086 0.699577451
vt 0.584329903 0.699062884
vt 0.584842086 0.689522445
vt 0.577531815 0.699577451
vt 0.578028023 0.699062884
vt 0.577531815 0.689522445
vt 0.578028023 0.689522445
vt 0.577531815 0.689007878
vt 0.584329903 0.689522445
vt 0.584842086 0.689007878
vt 0.585354328 0.712046504
vt 0.584842086 0.712561071
vt 0.584842086 0.712046504
vt 0.592152357 0.712561071
vt 0.591656208 0.712046504
vt 0.592152357 0.712046504
vt 0.591656208 0.702506065
vt 0.592152357 0.701991439
vt 0.585354328 0.702506065
vt 0.584842086 0.701991439
vt 0.584329903 0.689522445
vt 0.584842086 0.689007878
vt 0.584329903 0.689007878
vt 0.584842086 0.699577451
vt 0.584329903 0.699062884
vt 0.584329903 0.699577451
vt 0.578028023 0.699062884
vt 0.577531815 0.699577451
vt 0.578028023 0.689522445
vt 0.577531815 0.689007878
vt 0.584842086 0.701991439
vt 0.585354328 0.702506065
vt 0.584842086 0.712561071
vt 0.592152357 0.701991439
vt 0.585354328 0.712046504
vt 0.591656208 0.702506065
vt 0.585354328 0.712561071
vt 0.592152357 0.712561071
vt 0.591656208 0.712046504
vt 0.591656208 0.712561071
vt 0.584842086 0.689007878
vt 0.584329903 0.689522445
vt 0.584842086 0.699062884
vt 0.577531815 0.689007878
vt 0.578028023 0.689522445
vt 0.577531815 0.699062884
vt 0.578028023 0.699062884
vt 0.577531815 0.699577451
vt 0.584329903 0.699062884
vt 0.584842086 0.699577451
vt 0.578028023 0.689007878
vt 0.578028023 0.689522445
vt 0.584329903 0.689007878
vt 0.577531815 0.689007878
vt 0.584329903 0.689522445
vt 0.578028023 0.699062884
vt 0.584842086 0.689007878
vt 0.577531815 0.699577451
vt 0.584329903 0.699062884
vt 0.584842086 0.699577451
vt 0.592152357 0.712561071
vt 0.585354328 0.712046504
vt 0.584842086 0.712561071
vt 0.584842086 0.712046504
vt 0.591656208 0.712046504
vt 0.592152357 0.701991439
vt 0.591656208 0.702506065
vt 0.585354328 0.701991439
vt 0.585354328 0.702506065
vt 0.584842086 0.701991439
vt 0.584842086 0.689007878
vt 0.584329903 0.689522445
vt 0.584842086 0.699062884
vt 0.577531815 0.689007878
vt 0.578028023 0.689522445
vt 0.577531815 0.699062884
vt 0.578028023 0.699062884
vt 0.577531815 0.699577451
vt 0.584329903 0.699062884
vt 0.584842086 0.699577451
vt 0.584842086 0.701991439
vt 0.584842086 0.712561071
vt 0.585354328 0.702506065
vt 0.592152357 0.701991439
vt 0.585354328 0.712046504
vt 0.591656208 0.702506065
vt 0.591656208 0.712561071
vt 0.592152357 0.702506065
vt 0.591656208 0.712046504
vt 0.592152357 0.712561071
vt 0.584842086 0.699577451
vt 0.577531815 0.699577451
vt 0.584329903 0.699062884
vt 0.584842086 0.699062884
vt 0.578028023 0.699062884
vt 0.577531815 0.699062884
vt 0.578028023 0.689522445
vt 0.577531815 0.689007878
vt 0.584329903 0.689522445
vt 0.584842086 0.689007878
vt 0.584842086 0.712561071
vt 0.585354328 0.712046504
vt 0.592152357 0.712561071
vt 0.584842086 0.712046504
vt 0.591656208 0.712046504
vt 0.592152357 0.702506065
vt 0.591656208 0.702506065
vt 0.592152357 0.701991439
vt 0.585354328 0.702506065
vt 0.584842086 0.701991439
vt 0.584842086 0.701991439
vt 0.584842086 0.712561071
vt 0.585354328 0.702506065
vt 0.585354328 0.701991439
vt 0.585354328 0.712046504
vt 0.585354328 0.712561071
vt 0.591656208 0.712046504
vt 0.592152357 0.712561071
vt 0.591656208 0.702506065
vt 0.592152357 0.701991439
vt 0.584842086 0.712561071
vt 0.585354328 0.712046504
vt 0.592152357 0.712561071
vt 0.584842086 0.702506065
vt 0.591656208 0.712046504
vt 0.592152357 0.702506065
vt 0.591656208 0.702506065
vt 0.592152357 0.701991439
vt 0.585354328 0.702506065
vt 0.584842086 0.701991439
vt 0.584842086 0.689007878
vt 0.584329903 0.689522445
vt 0.578028023 0.689007878
vt 0.584842086 0.699577451
vt 0.584329903 0.699062884
vt 0.577531815 0.699577451
vt 0.578028023 0.699062884
vt 0.577531815 0.699062884
vt 0.578028023 0.689522445
vt 0.577531815 0.689007878
vt 0.584842086 0.701991439
vt 0.585354328 0.702506065
vt 0.591656208 0.701991439
vt 0.584842086 0.712561071
vt 0.585354328 0.712046504
vt 0.592152357 0.712561071
vt 0.591656208 0.712046504
vt 0.592152357 0.712046504
vt 0.591656208 0.702506065
vt 0.592152357 0.701991439
vt 0.585354328 0.702506065
vt 0.584842086 0.701991439
vt 0.584842086 0.712561071
vt 0.592152357 0.701991439
vt 0.585354328 0.712046504
vt 0.591656208 0.702506065
vt 0.591656208 0.712561071
vt 0.592152357 0.702506065
vt 0.591656208 0.712046504
vt 0.592152357 0.712561071
vn 0.000000 1.000000 0.000000
vn 0.000000 1.000000 0.000000
vn 0.000000 1.000000 0.000000
vn 0.000000 -1.000000 -0.000000
vn 0.000000 -1.000000 -0.000000
vn 0.000000 -1.000000 -0.000000
vn 0.000000 -0.000000 1.000000
vn 0.000000 -0.000000 1.000000
vn 0.000000 -0.000000 1.000000
vn 0.000000 -0.000000 1.000000
vn 0.000000 -0.000000 1.000000
vn 0.000000 -0.000000 1.000000
vn 1.000000 0.000000 0.000000
vn 1.000000 0.000000 0.000000
vn 1.000000 0.000000 0.000000
vn 0.000000 1.000000 0.000000
vn 0.000000 1.000000 0.000000
vn 0.000000 1.000000 0.000000
vn 0.000000 1.000000 0.000000
vn 0.000000 1.000000 0.000000
vn 0.000000 1.000000 0.000000
vn 0.000000 1.000000 0.000000
vn 0.000000 1.000000 0.000000
vn 0.000000 -1.000000 -0.000000
vn 0.000000 -1.000000 -0.000000
vn 0.000000 -1.000000 -0.000000
vn -1.000000 0.000000 0.000000
vn -1.000000 0.000000 0.000000
vn -1.000000 0.000000 0.000000
vn 0.000000 0.000000 -1.000000
vn 0.000000 0.000000 -1.000000
vn 0.000000 0.000000 -1.000000
vn 0.000000 0.000000 -1.000000
vn 0.000000 0.000000 -1.000000
vn 0.000000 0.000000 -1.000000
vn 0.000000 0.000000 -1.000000
vn 0.000000 0.000000 -1.000000
vn 0.000000 0.000000 -1.000000
vn 0.000000 0.000000 -1.000000
vn 0.000000 0.000000 -1.000000
vn 0.000000 0.000000 -1.000000
vn 0.000000 0.000000 -1.000000
vn 0.000000 0.000000 -1.000000
vn 0.000000 0.000000 -1.000000
vn 0.000000 0.000000 -1.000000
vn 0.000000 0.000000 -1.000000
vn 1.000000 0.000000 0.000000
vn 1.000000 0.000000 0.000000
vn 1.000000 0.000000 0.000000
vn 1.000000 0.000000 0.000000
vn 1.000000 0.000000 0.000000
vn -1.000000 0.000000 0.000000
vn -1.000000 0.000000 0.000000
vn -1.000000 0.000000 0.000000
vn 1.000000 0.000000 0.000000
vn 1.000000 0.000000 0.000000
vn 1.000000 0.000000 0.000000
vn 0.000000 0.000000 -1.000000
vn 0.000000 0.000000 -1.000000
vn 0.000000 -0.242536 -0.970143
vn 0.000000 -0.242536 -0.970143
vn 0.000000 -0.242536 -0.970143
vn -1.000000 0.000000 0.000000
vn -1.000000 0.000000 0.000000
vn -1.000000 0.000000 0.000000
vn -1.000000 0.000000 0.000000
vn -1.000000 0.000000 0.000000
vn 0.000000 1.000000 0.000000
vn 0.000000 1.000000 0.000000
vn 0.000000 1.000000 0.000000
vn 0.000000 1.000000 0.000000
vn 0.000000 1.000000 0.000000
vn 0.000000 1.000000 0.000000
vn 0.000000 1.000000 0.000000
vn 0.000000 1.000000 0.000000
vn 0.000000 1.000000 0.000000
vn 0.000000 1.000000 0.000000
vn 0.000000 1.000000 0.000000
vn 0.000000 1.000000 0.000000
vn 0.000000 1.000000 0.000000
vn 0.000000 1.000000 0.000000
vn 0.000000 1.000000 0.000000
vn 0.000000 1.000000 0.000000
vn 0.000000 1.000000 0.000000
vn 0.000000 1.000000 0.000000
vn 0.000000 1.000000 0.000000
vn 0.000000 1.000000 0.000000
vn 0.000000 1.000000 0.000000
vn 0.000000 1.000000 0.000000
vn 0.000000 1.000000 0.000000
vn 0.000000 1.000000 0.000000
vn 0.000000 1.000000 0.000000
vn 0.000000 1.000000 0.000000
vn 0.000000 1.000000 0.000000
vn 0.000000 1.000000 0.000000
vn 0.000000 1.000000 0.000000
vn 0.000000 1.000000 0.000000
vn 0.000000 1.000000 0.000000
vn 0.000000 1.000000 0.000000
vn 0.000000 1.000000 0.000000
vn 0.000000 1.000000 0.000000
vn 0.000000 1.000000 0.000000
vn 0.000000 1.000000 0.000000
vn 0.000000 1.000000 0.000000
vn 0.000000 1.000000 0.000000
vn 0.000000 1.000000 0.000000
vn 0.000000 1.000000 0.000000
vn 0.000000 1.000000 0.000000
vn 0.000000 1.000000 0.000000
vn 0.000000 1.000000 0.000000
vn 0.000000 1.000000 0.000000
vn 0.000000 1.000000 0.000000
vn 0.000000 1.000000 0.000000
vn 0.000000 1.000000 0.000000
vn 0.000000 1.000000 0.000000
vn 0.000000 1.000000 0.000000
vn 0.000000 1.000000 0.000000
vn 0.000000 1.000000 0.000000
vn 1.000000 0.000000 0.000000
vn 1.000000 0.000000 0.000000
vn 1.000000 0.000000 0.000000
vn 1.000000 0.000000 0.000000
vn 1.000000 0.000000 0.000000
vn 0.000000 -1.000000 -0.000000
vn 0.000000 -1.000000 -0.000000
vn 0.000000 -1.000000 -0.000000
vn -1.000000 0.000000 0.000000
vn -1.000000 0.000000 0.000000
vn -1.000000 0.000000 0.000000
vn -1.000000 0.000000 0.000000
vn -1.000000 0.000000 0.000000
vn -1.000000 0.000000 0.000000
vn 1.000000 0.000000 0.000000
vn 1.000000 0.000000 0.000000
vn 1.000000 0.000000 0.000000
vn 1.000000 0.000000 0.000000
vn 1.000000 0.000000 0.000000
vn -1.000000 0.000000 0.000000
vn -1.000000 0.000000 0.000000
vn -1.000000 0.000000 0.000000
vn -1.000000 0.000000 0.000000
vn -1.000000 0.000000 0.000000
vn -1.000000 0.000000 0.000000
vn 0.000000 -1.000000 -0.000000
vn 0.000000 -1.000000 -0.000000
vn 0.000000 -1.000000 -0.000000
vn 0.000000 1.000000 0.000000
vn 0.000000 1.000000 0.000000
vn 0.000000 1.000000 0.000000
vn 0.000000 1.000000 0.000000
vn 0.000000 1.000000 0.000000
vn 0.000000 -0.242536 0.970143
vn 0.000000 -0.000000 1.000000
vn 0.000000 -0.242536 0.970143
vn 0.000000 -0.000000 1.000000
vn 0.000000 -0.000000 1.000000
vn 0.000000 1.000000 0.000000
vn 0.000000 1.000000 0.000000
vn 0.000000 1.000000 0.000000
vn 0.000000 0.242536 0.970143
vn 0.000000 -0.000000 1.000000
vn 0.000000 0.242536 0.970143
vn 0.000000 -0.242536 0.970143
vn 0.000000 -0.000000 1.000000
vn 0.000000 -0.242536 0.970143
vn 0.000000 -0.242536 0.970143
vn 0.000000 -0.242536 0.970143
vn 0.000000 0.242536 -0.970143
vn 0.000000 0.000000 -1.000000
vn 0.000000 0.242536 -0.970143
vn 0.000000 0.000000 -1.000000
vn 0.000000 -0.242536 -0.970143
vn 0.000000 -0.242536 -0.970143
vn 0.000000 -0.242536 -0.970143
vn 0.000000 -0.242536 -0.970143
vn -1.000000 0.000000 0.000000
vn -1.000000 0.000000 0.000000
vn -1.000000 0.000000 0.000000
vn -1.000000 0.000000 0.000000
vn -1.000000 0.000000 0.000000
vn 0.000000 -1.000000 -0.000000
vn 0.000000 -1.000000 -0.000000
vn 0.000000 -1.000000 -0.000000
vn 1.000000 0.000000 0.000000
vn 1.000000 0.000000 0.000000
vn 1.000000 0.000000 0.000000
vn -1.000000 0.000000 0.000000
vn -1.000000 0.000000 0.000000
vn -1.000000 0.000000 0.000000
vn 0.000000 0.242536 0.970143
vn 0.000000 0.083045 0.996546
vn 0.000000 0.242536 0.970143
vn 0.000000 1.000000 0.000000
vn 0.000000 1.000000 0.000000
vn 0.000000 1.000000 0.000000
vn 0.000000 -0.000000 1.000000
vn 0.000000 -0.000000 1.000000
vn 0.000000 -0.000000 1.000000
vn 0.000000 -0.000000 1.000000
vn 0.000000 -0.000000 1.000000
vn 0.000000 -0.000000 1.000000
vn 0.000000 -0.000000 1.000000
vn 0.000000 -0.000000 1.000000
vn 0.000000 -0.000000 1.000000
vn 0.000000 -0.000000 1.000000
vn 0.000000 -0.000000 1.000000
vn 0.000000 -0.000000 1.000000
vn 0.000000 -0.000000 1.000000
vn 0.000000 -0.000000 1.000000
vn 0.000000 -0.000000 1.000000
vn 0.000000 -0.000000 1.000000
vn 0.000000 -0.000000 1.000000
vn 0.000000 -0.000000 1.000000
vn 0.000000 -1.000000 -0.000000
vn 0.000000 -1.000000 -0.000000
vn 0.000000 -1.000000 -0.000000
vn 0.000000 1.000000 0.000000
vn 0.000000 1.000000 0.000000
vn 0.000000 1.000000 0.000000
vn 0.000000 1.000000 0.000000
vn 0.000000 1.000000 0.000000
vn 0.000000 1.000000 0.000000
vn 0.000000 1.000000 0.000000
vn 0.000000 1.000000 0.000000
vn 0.000000 1.000000 0.000000
vn 0.000000 1.000000 0.000000
vn 0.000000 1.000000 0.000000
vn 0.000000 1.000000 0.000000
vn 0.000000 1.000000 0.000000
vn 0.000000 -0.000000 1.000000
vn 0.000000 -0.000000 1.000000
vn 0.000000 -0.000000 1.000000
vn 0.000000 -0.000000 1.000000
vn 0.000000 -0.000000 1.000000
vn 0.000000 -0.000000 1.000000
vn 0.000000 -0.000000 1.000000
vn 0.000000 -0.000000 1.000000
vn 0.000000 -0.000000 1.000000
vn 0.000000 -0.000000 1.000000
vn 0.000000 -0.000000 1.000000
vn 0.000000 -0.000000 1.000000
vn 0.000000 -0.000000 1.000000
vn 0.000000 -0.000000 1.000000
vn 0.000000 -0.000000 1.000000
vn 0.000000 1.000000 0.000000
vn 0.000000 1.000000 0.000000
vn 0.000000 1.000000 0.000000
vn 0.000000 1.000000 0.000000
vn 0.000000 1.000000 0.000000
vn 0.000000 1.000000 0.000000
vn -1.000000 0.000000 0.000000
vn -1.000000 0.000000 0.000000
vn -1.000000 0.000000 0.000000
vn -1.000000 0.000000 0.000000
vn -1.000000 0.000000 0.000000
vn -1.000000 0.000000 0.000000
vn -1.000000 0.000000 0.000000
vn -1.000000 0.000000 0.000000
vn -1.000000 0.000000 0.000000
vn -1.000000 0.000000 0.000000
vn -1.000000 0.000000 0.000000
vn -1.000000 0.000000 0.000000
vn -1.000000 0.000000 0.000000
vn -1.000000 0.000000 0.000000
vn -1.000000 0.000000 0.000000
vn -1.000000 0.000000 0.000000
vn -1.000000 0.000000 0.000000
vn -1.000000 0.000000 0.000000
vn 1.000000 0.000000 0.000000
vn 1.000000 0.000000 0.000000
vn 1.000000 0.000000 0.000000
vn 1.000000 0.000000 0.000000
vn 1.000000 0.000000 0.000000
vn 1.000000 0.000000 0.000000
vn 1.000000 0.000000 0.000000
vn 1.000000 0.000000 0.000000
vn 1.000000 0.000000 0.000000
vn 1.000000 0.000000 0.000000
vn 1.000000 0.000000 0.000000
vn 1.000000 0.000000 0.000000
vn 0.000000 1.000000 0.000000
vn 0.000000 1.000000 0.000000
vn 0.000000 1.000000 0.000000
vn 0.000000 1.000000 0.000000
vn 0.000000 1.000000 0.000000
vn 0.000000 1.000000 0.000000
vn 0.000000 1.000000 0.000000
vn 0.000000 1.000000 0.000000
vn 0.000000 1.000000 0.000000
vn 0.000000 1.000000 0.000000
vn 0.000000 1.000000 0.000000
vn 0.000000 1.000000 0.000000
vn 0.000000 1.000000 0.000000
vn 0.000000 1.000000 0.000000
vn 0.000000 1.000000 0.000000
vn 0.000000 1.000000 0.000000
vn 0.000000 1.000000 0.000000
vn 0.000000 1.000000 0.000000
vn 0.000000 1.000000 0.000000
vn 0.000000 1.000000 0.000000
vn 0.000000 1.000000 0.000000
vn 0.000000 1.000000 0.000000
vn 0.000000 1.000000 0.000000
vn 0.000000 1.000000 0.000000
vn 0.000000 1.000000 0.000000
vn 0.000000 1.000000 0.000000
vn 0.000000 1.000000 0.000000
vn 0.000000 1.000000 0.000000
vn 0.000000 1.000000 0.000000
vn 0.000000 1.000000 0.000000
vn 0.000000 1.000000 0.000000
vn 0.000000 1.000000 0.000000
vn 0.000000 1.000000 0.000000
vn 1.000000 0.000000 0.000000
vn 1.000000 0.000000 0.000000
vn 1.000000 0.000000 0.000000
vn 1.000000 0.000000 0.000000
vn 1.000000 0.000000 0.000000
vn 1.000000 0.000000 0.000000
vn 1.000000 0.000000 0.000000
vn 1.000000 0.000000 0.000000
vn 1.000000 0.000000 0.000000
vn 1.000000 0.000000 0.000000
vn 1.000000 0.000000 0.000000
vn 1.000000 0.000000 0.000000
vn 1.000000 0.000000 0.000000
vn 1.000000 0.000000 0.000000
vn 1.000000 0.000000 0.000000
vn 1.000000 0.000000 0.000000
vn 1.000000 0.000000 0.000000
vn 1.000000 0.000000 0.000000
vn 1.000000 0.000000 0.000000
vn 1.000000 0.000000 0.000000
vn 1.000000 0.000000 0.000000
vn 1.000000 0.000000 0.000000
vn 1.000000 0.000000 0.000000
vn 1.000000 0.000000 0.000000
vn 1.000000 0.000000 0.000000
vn 1.000000 0.000000 0.000000
vn 1.000000 0.000000 0.000000
vn 1.000000 0.000000 0.000000
vn -1.000000 0.000000 0.000000
vn -1.000000 0.000000 0.000000
vn -1.000000 0.000000 0.000000
vn -1.000000 0.000000 0.000000
vn -1.000000 0.000000 0.000000
vn -1.000000 0.000000 0.000000
vn -1.000000 0.000000 0.000000
vn -1.000000 0.000000 0.000000
vn -1.000000 0.000000 0.000000
vn -1.000000 0.000000 0.000000
vn -1.000000 0.000000 0.000000
vn -1.000000 0.000000 0.000000
vn -1.000000 0.000000 0.000000
vn -1.000000 0.000000 0.000000
vn -1.000000 0.000000 0.000000
vn 0.000000 1.000000 0.000000
vn 0.000000 1.000000 0.000000
vn 0.000000 1.000000 0.000000
vn -1.000000 0.000000 0.000000
vn -1.000000 0.000000 0.000000
vn -1.000000 0.000000 0.000000
vn -1.000000 0.000000 0.000000
vn -1.000000 0.000000 0.000000
vn -1.000000 0.000000 0.000000
vn -1.000000 0.000000 0.000000
vn -1.000000 0.000000 0.000000
vn -1.000000 0.000000 0.000000
vn -1.000000 0.000000 0.000000
vn 0.000000 -1.000000 -0.000000
vn 0.000000 -1.000000 -0.000000
vn 0.000000 -1.000000 -0.000000
vn 0.000000 -1.000000 -0.000000
vn 0.000000 -1.000000 -0.000000
vn 0.000000 -1.000000 -0.000000
vn 0.000000 -1.000000 -0.000000
vn 0.000000 -1.000000 -0.000000
vn 0.000000 -1.000000 -0.000000
vn 1.000000 0.000000 0.000000
vn 1.000000 0.000000 0.000000
vn 1.000000 0.000000 0.000000
vn 1.000000 0.000000 0.000000
vn 1.000000 0.000000 0.000000
vn 1.000000 0.000000 0.000000
vn 1.000000 0.000000 0.000000
vn 1.000000 0.000000 0.000000
vn 1.000000 0.000000 0.000000
vn 1.000000 0.000000 0.000000
vn 1.000000 0.000000 0.000000
vn 1.000000 0.000000 0.000000
vn 1.000000 0.000000 0.000000
vn 1.000000 0.000000 0.000000
vn 1.000000 0.000000 0.000000
vn 1.000000 0.000000 0.000000
vn 1.000000 0.000000 0.000000
vn 1.000000 0.000000 0.000000
vn 1.000000 0.000000 0.000000
vn 1.000000 0.000000 0.000000
vn 1.000000 0.000000 0.000000
vn 1.000000 0.000000 0.000000
vn 1.000000 0.000000 0.000000
vn 1.000000 0.000000 0.000000
vn 1.000000 0.000000 0.000000
vn 1.000000 0.000000 0.000000
vn 1.000000 0.000000 0.000000
vn 1.000000 0.000000 0.000000
vn 1.000000 0.000000 0.000000
vn 0.000000 1.000000 0.000000
vn 0.000000 1.000000 0.000000
vn 0.000000 1.000000 0.000000
vn 0.000000 1.000000 0.000000
vn 0.000000 1.000000 0.000000
vn 0.000000 1.000000 0.000000
vn 0.000000 1.000000 0.000000
vn 0.000000 1.000000 0.000000
vn 0.000000 1.000000 0.000000
vn 0.000000 1.000000 0.000000
vn 0.000000 1.000000 0.000000
vn 0.000000 1.000000 0.000000
vn 0.000000 1.000000 0.000000
vn 0.000000 1.000000 0.000000
vn -1.000000 0.000000 0.000000
vn -1.000000 0.000000 0.000000
vn -1.000000 0.000000 0.000000
vn -1.000000 0.000000 0.000000
vn -1.000000 0.000000 0.000000
vn -1.000000 0.000000 0.000000
vn 0.000000 0.000000 -1.000000
vn 0.000000 0.000000 -1.000000
vn 0.000000 0.000000 -1.000000
vn 0.000000 0.000000 -1.000000
vn 0.000000 0.000000 -1.000000
vn 0.000000 0.000000 -1.000000
vn 0.000000 0.000000 -1.000000
vn 0.000000 0.000000 -1.000000
vn 0.000000 0.000000 -1.000000
vn 0.000000 0.000000 -1.000000
vn 0.000000 0.000000 -1.000000
vn 0.000000 0.000000 -1.000000
vn 0.000000 -1.000000 -0.000000
vn 0.000000 -1.000000 -0.000000
vn 0.000000 -1.000000 -0.000000
vn 0.000000 -1.000000 -0.000000
vn 0.000000 -1.000000 -0.000000
vn 0.000000 -1.000000 -0.000000
vn 0.000000 -1.000000 -0.000000
vn 0.000000 -1.000000 -0.000000
vn 0.000000 -1.000000 -0.000000
vn 0.000000 -1.000000 -0.000000
vn 0.000000 -1.000000 -0.000000
vn 0.000000 -1.000000 -0.000000
vn 0.000000 -1.000000 -0.000000
vn 0.000000 -1.000000 -0.000000
vn 0.000000 -1.000000 -0.000000
vn 0.000000 -1.000000 -0.000000
vn 0.000000 -1.000000 -0.000000
vn 0.000000 -1.000000 -0.000000
vn 0.000000 -1.000000 -0.000000
vn 0.000000 -1.000000 -0.000000
vn 0.000000 -1.000000 -0.000000
vn 0.000000 -1.000000 -0.000000
vn 0.000000 -1.000000 -0.000000
vn 0.000000 1.000000 0.000000
vn 0.000000 1.000000 0.000000
vn 0.000000 1.000000 0.000000
vn 0.000000 -1.000000 -0.000000
vn 0.000000 -1.000000 -0.000000
vn 0.000000 -1.000000 -0.000000
vn 0.000000 -1.000000 -0.000000
vn 0.000000 -1.000000 -0.000000
vn 0.000000 -1.000000 -0.000000
vn 0.000000 -1.000000 -0.000000
vn 0.000000 -1.000000 -0.000000
vn 0.000000 -1.000000 -0.000000
vn 0.000000 -1.000000 -0.000000
vn 0.000000 -1.000000 -0.000000
vn 0.000000 -1.000000 -0.000000
vn 0.000000 -1.000000 -0.000000
vn 0.000000 -1.000000 -0.000000
vn 0.000000 -1.000000 -0.000000
vn 0.000000 -1.000000 -0.000000
vn 0.000000 -1.000000 -0.000000
vn 0.000000 -1.000000 -0.000000
vn 0.000000 -1.000000 -0.000000
vn 0.000000 -1.000000 -0.000000
vn -1.000000 0.000000 0.000000
vn -1.000000 0.000000 0.000000
vn -1.000000 0.000000 0.000000
vn 1.000000 0.000000 0.000000
vn 1.000000 0.000000 0.000000
vn 1.000000 0.000000 0.000000
vn 0.000000 -0.242536 -0.970143
vn 0.000000 -0.242536 -0.970143
vn 0.000000 0.000000 -1.000000
vn 0.000000 0.000000 -1.000000
vn 0.000000 0.242536 -0.970143
vn 0.000000 0.242536 -0.970143
vn 0.000000 0.242536 -0.970143
vn 0.000000 0.242536 -0.970143
vn -1.000000 0.000000 0.000000
vn -1.000000 0.000000 0.000000
vn -1.000000 0.000000 0.000000
vn -1.000000 0.000000 0.000000
vn -1.000000 0.000000 0.000000
vn -1.000000 0.000000 0.000000
vn -1.000000 0.000000 0.000000
vn -1.000000 0.000000 0.000000
vn -1.000000 0.000000 0.000000
vn -1.000000 0.000000 0.000000
vn -1.000000 0.000000 0.000000
vn -1.000000 0.000000 0.000000
vn -1.000000 0.000000 0.000000
vn -1.000000 0.000000 0.000000
vn -1.000000 0.000000 0.000000
vn -1.000000 0.000000 0.000000
vn -1.000000 0.000000 0.000000
vn -1.000000 0.000000 0.000000
vn -1.000000 0.000000 0.000000
vn 0.000000 -1.000000 -0.000000
vn 0.000000 -1.000000 -0.000000
vn 0.000000 -1.000000 -0.000000
vn 0.000000 -1.000000 -0.000000
vn 0.000000 -1.000000 -0.000000
vn 0.000000 -1.000000 -0.000000
vn 0.000000 1.000000 0.000000
vn 0.000000 1.000000 0.000000
vn 0.000000 1.000000 0.000000
vn -1.000000 0.000000 0.000000
vn -1.000000 0.000000 0.000000
vn -1.000000 0.000000 0.000000
vn -1.000000 0.000000 0.000000
vn -1.000000 0.000000 0.000000
vn -1.000000 0.000000 0.000000
vn -1.000000 0.000000 0.000000
vn -1.000000 0.000000 0.000000
vn -1.000000 0.000000 0.000000
vn -1.000000 0.000000 0.000000
vn -1.000000 0.000000 0.000000
vn -1.000000 0.000000 0.000000
vn 0.000000 -1.000000 -0.000000
vn 0.000000 -1.000000 -0.000000
vn 0.000000 -1.000000 -0.000000
vn 0.000000 1.000000 0.000000
vn 0.000000 1.000000 0.000000
vn 0.000000 1.000000 0.000000
vn 0.000000 -1.000000 -0.000000
vn 0.000000 -1.000000 -0.000000
vn 0.000000 -1.000000 -0.000000
vn 0.000000 -1.000000 -0.000000
vn 0.000000 -1.000000 -0.000000
vn 0.000000 -1.000000 -0.000000
vn 0.000000 -1.000000 -0.000000
vn 0.000000 -1.000000 -0.000000
vn 0.000000 -1.000000 -0.000000
vn 0.000000 -1.000000 -0.000000
vn 0.000000 -1.000000 -0.000000
vn 0.000000 -1.000000 -0.000000
vn 0.000000 -1.000000 -0.000000
vn 0.000000 -1.000000 -0.000000
vn 0.000000 -1.000000 -0.000000
vn 0.000000 -1.000000 -0.000000
vn 0.000000 -1.000000 -0.000000
vn 0.000000 -1.000000 -0.000000
vn 0.000000 -1.000000 -0.000000
vn 0.000000 -1.000000 -0.000000
vn 0.000000 -1.000000 -0.000000
vn 0.000000 -1.000000 -0.000000
vn 0.000000 -1.000000 -0.000000
vn 0.000000 -1.000000 -0.000000
vn 0.000000 -1.000000 -0.000000
vn 0.000000 -1.000000 -0.000000
vn 0.000000 -1.000000 -0.000000
vn 0.000000 -1.000000 -0.000000
vn 0.000000 -1.000000 -0.000000
vn 0.000000 -1.000000 -0.000000
vn 0.000000 -1.000000 -0.000000
vn 0.000000 -1.000000 -0.000000
vn 0.000000 -1.000000 -0.000000
vn 0.000000 -1.000000 -0.000000
vn 0.000000 -1.000000 -0.000000
vn 0.000000 -1.000000 -0.000000
vn 0.000000 -1.000000 -0.000000
vn 0.000000 -1.000000 -0.000000
vn 0.000000 -1.000000 -0.000000
vn 0.000000 -1.000000 -0.000000
vn 0.000000 -1.000000 -0.000000
vn 0.000000 -1.000000 -0.000000
vn 0.000000 -0.242536 0.970143
vn 0.000000 -0.242536 0.970143
vn 0.000000 -0.242536 0.970143
vn 0.000000 1.000000 0.000000
vn 0.000000 1.000000 0.000000
vn 0.000000 1.000000 0.000000
vn 1.000000 0.000000 0.000000
vn 1.000000 0.000000 0.000000
vn 1.000000 0.000000 0.000000
vn 1.000000 0.000000 0.000000
vn 1.000000 0.000000 0.000000
vn 1.000000 0.000000 0.000000
vn 0.000000 -0.000000 1.000000
vn 0.000000 0.242536 0.970143
vn 0.000000 -0.000000 1.000000
vn 0.000000 0.242536 0.970143
vn 0.000000 0.242536 0.970143
vn 0.000000 0.242536 0.970143
vn -1.000000 0.000000 0.000000
vn -1.000000 0.000000 0.000000
vn -1.000000 0.000000 0.000000
vn -1.000000 0.000000 0.000000
vn -1.000000 0.000000 0.000000
vn -1.000000 0.000000 0.000000
vn 1.000000 0.000000 0.000000
vn 1.000000 0.000000 0.000000
vn 1.000000 0.000000 0.000000
vn 1.000000 0.000000 0.000000
vn 1.000000 0.000000 0.000000
vn 1.000000 0.000000 0.000000
vn 1.000000 0.000000 0.000000
vn 1.000000 0.000000 0.000000
vn 1.000000 0.000000 0.000000
vn 1.000000 0.000000 0.000000
vn 1.000000 0.000000 0.000000
vn 1.000000 0.000000 0.000000
vn -1.000000 0.000000 0.000000
vn -1.000000 0.000000 0.000000
vn -1.000000 0.000000 0.000000
vn -1.000000 0.000000 0.000000
vn -1.000000 0.000000 0.000000
vn -1.000000 0.000000 0.000000
vn 0.000000 0.242536 -0.970143
vn 0.000000 0.242536 -0.970143
vn 0.000000 0.242536 -0.970143
vn 0.000000 0.000000 -1.000000
vn 0.000000 0.000000 -1.000000
vn -1.000000 0.000000 0.000000
vn -1.000000 0.000000 0.000000
vn -1.000000 0.000000 0.000000
vn -1.000000 0.000000 0.000000
vn -1.000000 0.000000 0.000000
vn -1.000000 0.000000 0.000000
vn -1.000000 0.000000 0.000000
vn 0.000000 0.242536 0.970143
vn 0.000000 0.242536 0.970143
vn 0.000000 0.242536 0.970143
vn 1.000000 0.000000 0.000000
vn 1.000000 0.000000 0.000000
vn 1.000000 0.000000 0.000000
vn 1.000000 0.000000 0.000000
vn 1.000000 0.000000 0.000000
vn 1.000000 0.000000 0.000000
vn 1.000000 0.000000 0.000000
vn 0.000000 -1.000000 -0.000000
vn 0.000000 -1.000000 -0.000000
vn 0.000000 -1.000000 -0.000000
vn 1.000000 0.000000 0.000000
vn 1.000000 0.000000 0.000000
vn 1.000000 0.000000 0.000000
vn 0.000000 1.000000 0.000000
vn 0.000000 1.000000 0.000000
vn 0.000000 1.000000 0.000000
vn 0.000000 1.000000 0.000000
vn 0.000000 1.000000 0.000000
vn 1.000000 0.000000 0.000000
vn 1.000000 0.000000 0.000000
vn 1.000000 0.000000 0.000000
vn 1.000000 0.000000 0.000000
vn 1.000000 0.000000 0.000000
vn 1.000000 0.000000 0.000000
vn 1.000000 0.000000 0.000000
vn 1.000000 0.000000 0.000000
vn 1.000000 0.000000 0.000000
vn -1.000000 0.000000 0.000000
vn -1.000000 0.000000 0.000000
vn -1.000000 0.000000 0.000000
vn -1.000000 0.000000 0.000000
vn -1.000000 0.000000 0.000000
vn -1.000000 0.000000 0.000000
vn -1.000000 0.000000 0.000000
vn -1.000000 0.000000 0.000000
vn -1.000000 0.000000 0.000000
vn 0.000000 -0.083045 0.996546
vn 0.000000 0.083045 0.996546
vn 0.000000 0.242536 0.970143
vn 0.000000 -1.000000 -0.000000
vn 0.000000 -1.000000 -0.000000
vn 0.000000 -1.000000 -0.000000
vn 0.000000 -1.000000 -0.000000
vn -1.000000 0.000000 0.000000
vn -1.000000 0.000000 0.000000
vn -1.000000 0.000000 0.000000
vn -1.000000 0.000000 0.000000
vn 0.000000 -0.242536 0.970143
vn 0.000000 -0.083045 0.996546
vn 0.000000 -0.242536 0.970143
vn 0.000000 0.083045 0.996546
vn 0.000000 1.000000 0.000000
vn 0.000000 1.000000 0.000000
vn 0.000000 1.000000 0.000000
vn 0.000000 1.000000 0.000000
vn 0.000000 1.000000 0.000000
vn 0.000000 1.000000 0.000000
vn 0.000000 1.000000 0.000000
vn 0.000000 1.000000 0.000000
vn 0.000000 1.000000 0.000000
vn 0.000000 1.000000 0.000000
vn 0.000000 1.000000 0.000000
vn 0.000000 1.000000 0.000000
vn 0.000000 1.000000 0.000000
vn 0.000000 1.000000 0.000000
vn 0.000000 -0.000000 1.000000
vn 0.000000 -0.000000 1.000000
vn 0.000000 -0.000000 1.000000
vn 0.000000 -0.000000 1.000000
vn 1.000000 0.000000 0.000000
vn 1.000000 0.000000 0.000000
vn 1.000000 0.000000 0.000000
vn 1.000000 0.000000 0.000000
vn 0.000000 -0.000000 1.000000
vn 0.000000 -0.000000 1.000000
vn 0.000000 -0.000000 1.000000
vn 0.000000 -0.000000 1.000000
vn 0.000000 -0.000000 1.000000
vn 0.000000 -0.000000 1.000000
vn 0.000000 -0.000000 1.000000
vn 0.000000 -0.000000 1.000000
vn 0.000000 -0.000000 1.000000
vn 0.000000 -0.000000 1.000000
vn 0.000000 -0.000000 1.000000
vn 0.000000 -0.000000 1.000000
vn 0.000000 -0.000000 1.000000
vn 0.000000 -0.000000 1.000000
vn 0.000000 -0.000000 1.000000
vn 0.000000 -0.000000 1.000000
vn -1.000000 0.000000 0.000000
vn -1.000000 0.000000 0.000000
vn -1.000000 0.000000 0.000000
vn -1.000000 0.000000 0.000000
vn 0.000000 1.000000 0.000000
vn 0.000000 1.000000 0.000000
vn 0.000000 1.000000 0.000000
vn 0.000000 1.000000 0.000000
vn -1.000000 0.000000 0.000000
vn -1.000000 0.000000 0.000000
vn -1.000000 0.000000 0.000000
vn -1.000000 0.000000 0.000000
vn 1.000000 0.000000 0.000000
vn 1.000000 0.000000 0.000000
vn 1.000000 0.000000 0.000000
vn 1.000000 0.000000 0.000000
vn 1.000000 0.000000 0.000000
vn 1.000000 0.000000 0.000000
vn 1.000000 0.000000 0.000000
vn 1.000000 0.000000 0.000000
vn 1.000000 0.000000 0.000000
vn 1.000000 0.000000 0.000000
vn 1.000000 0.000000 0.000000
vn 1.000000 0.000000 0.000000
vn 1.000000 0.000000 0.000000
vn 1.000000 0.000000 0.000000
vn 1.000000 0.000000 0.000000
vn 1.000000 0.000000 0.000000
vn 1.000000 0.000000 0.000000
vn -1.000000 0.000000 0.000000
vn -1.000000 0.000000 0.000000
vn -1.000000 0.000000 0.000000
vn -1.000000 0.000000 0.000000
vn -1.000000 0.000000 0.000000
vn -1.000000 0.000000 0.000000
vn -1.000000 0.000000 0.000000
vn -1.000000 0.000000 0.000000
vn 1.000000 0.000000 0.000000
vn 1.000000 0.000000 0.000000
vn 1.000000 0.000000 0.000000
vn 1.000000 0.000000 0.000000
vn 1.000000 0.000000 0.000000
vn 1.000000 0.000000 0.000000
vn 1.000000 0.000000 0.000000
vn 1.000000 0.000000 0.000000
vn 0.000000 0.000000 -1.000000
vn 0.000000 0.000000 -1.000000
vn 0.000000 0.000000 -1.000000
vn 0.000000 0.000000 -1.000000
vn 0.000000 0.000000 -1.000000
vn 0.000000 0.000000 -1.000000
vn 0.000000 0.000000 -1.000000
vn 0.000000 0.000000 -1.000000
vn 0.000000 0.000000 -1.000000
vn 0.000000 0.000000 -1.000000
vn 0.000000 0.000000 -1.000000
vn 0.000000 0.000000 -1.000000
vn 0.000000 0.000000 -1.000000
vn 0.000000 0.000000 -1.000000
vn 0.000000 0.000000 -1.000000
vn 0.000000 0.000000 -1.000000
vn 0.000000 0.000000 -1.000000
vn 0.000000 0.000000 -1.000000
vn 0.000000 0.000000 -1.000000
vn 0.000000 0.000000 -1.000000
vn 0.000000 0.000000 -1.000000
vn 0.000000 0.000000 -1.000000
vn 0.000000 0.000000 -1.000000
vn 0.000000 0.000000 -1.000000
vn 0.000000 0.000000 -1.000000
vn 0.000000 0.000000 -1.000000
vn 0.000000 0.000000 -1.000000
vn 0.000000 0.000000 -1.000000
vn 0.000000 0.000000 -1.000000
vn 0.000000 0.000000 -1.000000
vn 0.000000 0.000000 -1.000000
vn 0.000000 0.000000 -1.000000
vn 0.000000 0.000000 -1.000000
vn 0.000000 0.000000 -1.000000
vn 0.000000 0.000000 -1.000000
vn 0.000000 0.000000 -1.000000
vn 0.000000 0.000000 -1.000000
vn 0.000000 0.000000 -1.000000
vn 0.000000 0.000000 -1.000000
vn 0.000000 0.000000 -1.000000
vn 0.000000 0.000000 -1.000000
vn 1.000000 0.000000 0.000000
vn 1.000000 0.000000 0.000000
vn 1.000000 0.000000 0.000000
vn 1.000000 0.000000 0.000000
vn -1.000000 0.000000 0.000000
vn -1.000000 0.000000 0.000000
vn -1.000000 0.000000 0.000000
vn -1.000000 0.000000 0.000000
vn 0.000000 -0.000000 1.000000
vn 0.000000 -0.000000 1.000000
vn 0.000000 -0.000000 1.000000
vn 0.000000 -0.000000 1.000000
vn 0.000000 -1.000000 -0.000000
vn 0.000000 -1.000000 -0.000000
vn 0.000000 -1.000000 -0.000000
vn 0.000000 -1.000000 -0.000000
vn 0.000000 0.000000 -1.000000
vn 0.000000 0.000000 -1.000000
vn 0.000000 0.000000 -1.000000
vn 0.000000 0.000000 -1.000000
vn 0.000000 -0.000000 1.000000
vn 0.000000 -0.000000 1.000000
vn 0.000000 -0.000000 1.000000
vn 0.000000 -0.000000 1.000000
vn 0.000000 -0.000000 1.000000
vn 0.000000 -0.000000 1.000000
vn 0.000000 -0.000000 1.000000
vn 0.000000 -0.000000 1.000000
vn 0.000000 0.000000 -1.000000
vn 0.000000 0.000000 -1.000000
vn 0.000000 0.000000 -1.000000
vn 0.000000 0.000000 -1.000000
vn 0.000000 0.000000 -1.000000
vn 0.000000 0.000000 -1.000000
vn 0.000000 0.000000 -1.000000
vn 0.000000 0.000000 -1.000000
vn 0.000000 -0.000000 1.000000
vn 0.000000 -0.000000 1.000000
vn 0.000000 -0.000000 1.000000
vn 0.000000 -0.000000 1.000000
vn 0.000000 -0.000000 1.000000
vn 0.000000 -0.000000 1.000000
vn 0.000000 -0.000000 1.000000
vn 0.000000 -0.000000 1.000000
vn 0.000000 -0.000000 1.000000
vn 0.000000 -0.000000 1.000000
vn 0.000000 -0.000000 1.000000
vn 0.000000 -0.000000 1.000000
vn 0.000000 0.000000 -1.000000
vn 0.000000 0.000000 -1.000000
vn 0.000000 0.000000 -1.000000
vn 0.000000 0.000000 -1.000000
vn 0.000000 0.000000 -1.000000
vn 0.000000 0.000000 -1.000000
vn 0.000000 0.000000 -1.000000
vn 0.000000 0.000000 -1.000000
vn 0.000000 0.000000 -1.000000
vn 0.000000 0.000000 -1.000000
vn 0.000000 0.000000 -1.000000
vn 0.000000 0.000000 -1.000000
vn 1.000000 0.000000 0.000000
vn 1.000000 0.000000 0.000000
vn 1.000000 0.000000 0.000000
vn 1.000000 0.000000 0.000000
vn 1.000000 0.000000 0.000000
vn 1.000000 0.000000 0.000000
vn 1.000000 0.000000 0.000000
vn 1.000000 0.000000 0.000000
vn 0.000000 -1.000000 -0.000000
vn 0.000000 -1.000000 -0.000000
vn 0.000000 -1.000000 -0.000000
vn 0.000000 -1.000000 -0.000000
vn 0.000000 0.000000 -1.000000
vn 0.000000 0.000000 -1.000000
vn 0.000000 0.000000 -1.000000
vn 0.000000 0.000000 -1.000000
vn 0.000000 -1.000000 -0.000000
vn 0.000000 -1.000000 -0.000000
vn 0.000000 -1.000000 -0.000000
vn 0.000000 -1.000000 -0.000000
vn 1.000000 0.000000 0.000000
vn 1.000000 0.000000 0.000000
vn 1.000000 0.000000 0.000000
vn 1.000000 0.000000 0.000000
vn 0.000000 -1.000000 -0.000000
vn 0.000000 -1.000000 -0.000000
vn 0.000000 -1.000000 -0.000000
vn 0.000000 -1.000000 -0.000000
vn -1.000000 0.000000 0.000000
vn -1.000000 0.000000 0.000000
vn -1.000000 0.000000 0.000000
vn -1.000000 0.000000 0.000000
vn 0.000000 0.000000 -1.000000
vn 0.000000 0.000000 -1.000000
vn 0.000000 0.000000 -1.000000
vn 0.000000 0.000000 -1.000000
vn 0.000000 0.000000 -1.000000
vn 0.000000 0.000000 -1.000000
vn 0.000000 0.000000 -1.000000
vn 0.000000 0.000000 -1.000000
vn 0.000000 0.000000 -1.000000
vn 0.000000 0.000000 -1.000000
vn 0.000000 0.000000 -1.000000
vn 0.000000 0.000000 -1.000000
vn 0.000000 -1.000000 -0.000000
vn 0.000000 -1.000000 -0.000000
vn 0.000000 -1.000000 -0.000000
vn 0.000000 -1.000000 -0.000000
vn 0.000000 -1.000000 -0.000000
vn 0.000000 -1.000000 -0.000000
vn 0.000000 -1.000000 -0.000000
vn 0.000000 -1.000000 -0.000000
vn 0.000000 1.000000 0.000000
vn 0.000000 1.000000 0.000000
vn 0.000000 1.000000 0.000000
vn 0.000000 1.000000 0.000000
vn 0.000000 -1.000000 -0.000000
vn 0.000000 -1.000000 -0.000000
vn 0.000000 -1.000000 -0.000000
vn 0.000000 -1.000000 -0.000000
vn 0.000000 -1.000000 -0.000000
vn 0.000000 -1.000000 -0.000000
vn 0.000000 -1.000000 -0.000000
vn 0.000000 -1.000000 -0.000000
vn 0.000000 -1.000000 -0.000000
vn 0.000000 0.000000 -1.000000
vn 0.000000 0.000000 -1.000000
vn 0.000000 0.000000 -1.000000
vn 0.000000 0.000000 -1.000000
vn 0.000000 -0.000000 1.000000
vn 0.000000 -0.000000 1.000000
vn 0.000000 -0.000000 1.000000
vn 0.000000 -0.000000 1.000000
vn 0.000000 0.000000 -1.000000
vn 0.000000 0.000000 -1.000000
vn 0.000000 0.000000 -1.000000
vn 0.000000 0.000000 -1.000000
vn 0.000000 0.000000 -1.000000
vn 0.000000 0.000000 -1.000000
vn 0.000000 0.000000 -1.000000
vn 0.000000 0.000000 -1.000000
vn -1.000000 0.000000 0.000000
vn -1.000000 0.000000 0.000000
vn -1.000000 0.000000 0.000000
vn -1.000000 0.000000 0.000000
vn 0.000000 1.000000 0.000000
vn 0.000000 1.000000 0.000000
vn 0.000000 1.000000 0.000000
vn 0.000000 1.000000 0.000000
vn 0.000000 -1.000000 -0.000000
vn 0.000000 -1.000000 -0.000000
vn 0.000000 -1.000000 -0.000000
vn 0.000000 -1.000000 -0.000000
vn 0.000000 -0.000000 1.000000
vn 0.000000 -0.000000 1.000000
vn 0.000000 -0.000000 1.000000
vn 0.000000 -0.000000 1.000000
vn 1.000000 0.000000 0.000000
vn 1.000000 0.000000 0.000000
vn 1.000000 0.000000 0.000000
vn 1.000000 0.000000 0.000000
vn -1.000000 0.000000 0.000000
vn -1.000000 0.000000 0.000000
vn -1.000000 0.000000 0.000000
vn -1.000000 0.000000 0.000000
vn 0.000000 1.000000 0.000000
vn 0.000000 1.000000 0.000000
vn 0.000000 1.000000 0.000000
vn 0.000000 1.000000 0.000000
vn 0.000000 0.000000 -1.000000
vn 0.000000 0.000000 -1.000000
vn 0.000000 0.000000 -1.000000
vn 0.000000 0.000000 -1.000000
vn 0.000000 0.000000 -1.000000
vn 0.000000 0.000000 -1.000000
vn 0.000000 0.000000 -1.000000
vn 0.000000 0.000000 -1.000000
vn 0.000000 0.000000 -1.000000
vn 0.000000 0.000000 -1.000000
vn 0.000000 0.000000 -1.000000
vn 0.000000 0.000000 -1.000000
vn 0.000000 -1.000000 -0.000000
vn 0.000000 -1.000000 -0.000000
vn 0.000000 -1.000000 -0.000000
vn 0.000000 -1.000000 -0.000000
vn 0.000000 1.000000 0.000000
vn 0.000000 1.000000 0.000000
vn 0.000000 1.000000 0.000000
vn 0.000000 1.000000 0.000000
vn 0.000000 1.000000 0.000000
vn 0.000000 1.000000 0.000000
vn 0.000000 1.000000 0.000000
vn 0.000000 1.000000 0.000000
vn 0.000000 -0.000000 1.000000
vn 0.000000 -0.000000 1.000000
vn 0.000000 -0.000000 1.000000
vn 0.000000 -0.000000 1.000000
vn 0.000000 -1.000000 -0.000000
vn 0.000000 -1.000000 -0.000000
vn 0.000000 -1.000000 -0.000000
vn 0.000000 -1.000000 -0.000000
vn 0.000000 0.000000 -1.000000
vn 0.000000 0.000000 -1.000000
vn 0.000000 0.000000 -1.000000
vn 0.000000 0.000000 -1.000000
vn 0.000000 0.000000 -1.000000
vn 0.000000 0.000000 -1.000000
vn 0.000000 0.000000 -1.000000
vn 0.000000 0.000000 -1.000000
vn 0.000000 0.000000 -1.000000
vn 0.000000 0.000000 -1.000000
vn 0.000000 0.000000 -1.000000
vn 0.000000 0.000000 -1.000000
vn 0.000000 1.000000 0.000000
vn 0.000000 1.000000 0.000000
vn 0.000000 1.000000 0.000000
vn 0.000000 1.000000 0.000000
vn 0.000000 -1.000000 -0.000000
vn 0.000000 -1.000000 -0.000000
vn 0.000000 -1.000000 -0.000000
vn 0.000000 -1.000000 -0.000000
vn -1.000000 0.000000 0.000000
vn -1.000000 0.000000 0.000000
vn -1.000000 0.000000 0.000000
vn -1.000000 0.000000 0.000000
vn 0.000000 1.000000 0.000000
vn 0.000000 1.000000 0.000000
vn 0.000000 1.000000 0.000000
vn 0.000000 1.000000 0.000000
vn 0.000000 0.000000 -1.000000
vn 0.000000 0.000000 -1.000000
vn 0.000000 0.000000 -1.000000
vn 0.000000 0.000000 -1.000000
vn 0.000000 0.000000 -1.000000
vn 0.000000 0.000000 -1.000000
vn 0.000000 0.000000 -1.000000
vn 0.000000 0.000000 -1.000000
vn 0.000000 0.000000 -1.000000
vn 0.000000 0.000000 -1.000000
vn 0.000000 0.000000 -1.000000
vn 0.000000 0.000000 -1.000000
vn -1.000000 0.000000 0.000000
vn -1.000000 0.000000 0.000000
vn -1.000000 0.000000 0.000000
vn -1.000000 0.000000 0.000000
vn 0.000000 -1.000000 -0.000000
vn 0.000000 -1.000000 -0.000000
vn 0.000000 -1.000000 -0.000000
vn 0.000000 -1.000000 -0.000000
vn 0.000000 -0.000000 1.000000
vn 0.000000 -0.000000 1.000000
vn 0.000000 -0.000000 1.000000
vn 0.000000 -0.000000 1.000000
vn 0.000000 1.000000 0.000000
vn 0.000000 1.000000 0.000000
vn 0.000000 1.000000 0.000000
vn 0.000000 1.000000 0.000000
vn 0.000000 0.000000 -1.000000
vn 0.000000 0.000000 -1.000000
vn 0.000000 0.000000 -1.000000
vn 0.000000 0.000000 -1.000000
vn 0.000000 -0.000000 1.000000
vn 0.000000 -0.000000 1.000000
vn 0.000000 -0.000000 1.000000
vn 0.000000 -0.000000 1.000000
vn -1.000000 0.000000 0.000000
vn -1.000000 0.000000 0.000000
vn -1.000000 0.000000 0.000000
vn -1.000000 0.000000 0.000000
vn 1.000000 0.000000 0.000000
vn 1.000000 0.000000 0.000000
vn 1.000000 0.000000 0.000000
vn 1.000000 0.000000 0.000000
vn 0.000000 0.000000 -1.000000
vn 0.000000 0.000000 -1.000000
vn 0.000000 0.000000 -1.000000
vn 0.000000 0.000000 -1.000000
vn -1.000000 0.000000 0.000000
vn -1.000000 0.000000 0.000000
vn -1.000000 0.000000 0.000000
vn -1.000000 0.000000 0.000000
vn 0.000000 -0.000000 1.000000
vn 0.000000 -0.000000 1.000000
vn 0.000000 -0.000000 1.000000
vn 0.000000 -0.000000 1.000000
vn 0.000000 -1.000000 -0.000000
vn 0.000000 -1.000000 -0.000000
vn 0.000000 -1.000000 -0.000000
vn 0.000000 -1.000000 -0.000000
vn -1.000000 0.000000 0.000000
vn -1.000000 0.000000 0.000000
vn -1.000000 0.000000 0.000000
vn -1.000000 0.000000 0.000000
vn 1.000000 0.000000 0.000000
vn 1.000000 0.000000 0.000000
vn 1.000000 0.000000 0.000000
vn 1.000000 0.000000 0.000000
vn 0.000000 0.000000 -1.000000
vn 0.000000 0.000000 -1.000000
vn 0.000000 0.000000 -1.000000
vn 0.000000 0.000000 -1.000000
vn 0.000000 0.000000 -1.000000
vn 0.000000 0.000000 -1.000000
vn 0.000000 0.000000 -1.000000
vn 0.000000 0.000000 -1.000000
vn 0.000000 -0.000000 1.000000
vn 0.000000 -0.000000 1.000000
vn 0.000000 -0.000000 1.000000
vn 0.000000 -0.000000 1.000000
vn -1.000000 0.000000 0.000000
vn -1.000000 0.000000 0.000000
vn -1.000000 0.000000 0.000000
vn -1.000000 0.000000 0.000000
vn -1.000000 0.000000 0.000000
vn -1.000000 0.000000 0.000000
vn -1.000000 0.000000 0.000000
vn -1.000000 0.000000 0.000000
vn 1.000000 0.000000 0.000000
vn 1.000000 0.000000 0.000000
vn 1.000000 0.000000 0.000000
vn 1.000000 0.000000 0.000000
vn 0.000000 0.000000 -1.000000
vn 0.000000 0.000000 -1.000000
vn 0.000000 0.000000 -1.000000
vn 0.000000 0.000000 -1.000000
vn 0.000000 -0.000000 1.000000
vn 0.000000 -0.000000 1.000000
vn 0.000000 -0.000000 1.000000
vn 0.000000 -0.000000 1.000000
vn 0.000000 0.000000 -1.000000
vn 0.000000 0.000000 -1.000000
vn 0.000000 0.000000 -1.000000
vn 0.000000 0.000000 -1.000000
vn 0.000000 0.000000 -1.000000
vn 1.000000 0.000000 0.000000
vn 1.000000 0.000000 0.000000
vn 1.000000 0.000000 0.000000
vn 1.000000 0.000000 0.000000
vn -1.000000 0.000000 0.000000
vn -1.000000 0.000000 0.000000
vn -1.000000 0.000000 0.000000
vn -1.000000 0.000000 0.000000
vn 0.000000 -0.000000 1.000000
vn 0.000000 -0.000000 1.000000
vn 0.000000 -0.000000 1.000000
vn 0.000000 -0.000000 1.000000
vn 1.000000 0.000000 0.000000
vn 1.000000 0.000000 0.000000
vn 1.000000 0.000000 0.000000
vn 1.000000 0.000000 0.000000
vn 0.000000 0.000000 -1.000000
vn 0.000000 0.000000 -1.000000
vn 0.000000 0.000000 -1.000000
vn 0.000000 0.000000 -1.000000
vn 0.000000 0.000000 -1.000000
vn 0.000000 0.000000 -1.000000
vn 0.000000 0.000000 -1.000000
vn 0.000000 0.000000 -1.000000
vn 0.000000 -0.000000 1.000000
vn 0.000000 -0.000000 1.000000
vn 0.000000 -0.000000 1.000000
vn 0.000000 -0.000000 1.000000
vn 0.000000 -1.000000 -0.000000
vn 0.000000 -1.000000 -0.000000
vn 0.000000 -1.000000 -0.000000
vn 0.000000 -1.000000 -0.000000
vn 1.000000 0.000000 0.000000
vn 1.000000 0.000000 0.000000
vn 1.000000 0.000000 0.000000
vn 1.000000 0.000000 0.000000
vn -1.000000 0.000000 0.000000
vn -1.000000 0.000000 0.000000
vn -1.000000 0.000000 0.000000
vn -1.000000 0.000000 0.000000
vn -1.000000 0.000000 0.000000
vn -1.000000 0.000000 0.000000
vn -1.000000 0.000000 0.000000
vn -1.000000 0.000000 0.000000
vn 1.000000 0.000000 0.000000
vn 1.000000 0.000000 0.000000
vn 1.000000 0.000000 0.000000
vn 1.000000 0.000000 0.000000
vn 0.000000 0.000000 -1.000000
vn 0.000000 0.000000 -1.000000
vn 0.000000 0.000000 -1.000000
vn 0.000000 0.000000 -1.000000
vn 0.000000 0.000000 -1.000000
vn 0.000000 0.000000 -1.000000
vn 0.000000 0.000000 -1.000000
vn 0.000000 0.000000 -1.000000
vn 0.000000 0.000000 -1.000000
vn 0.000000 -0.000000 1.000000
vn 0.000000 -0.000000 1.000000
vn 0.000000 -0.000000 1.000000
vn 0.000000 -0.000000 1.000000
vn -1.000000 0.000000 0.000000
vn -1.000000 0.000000 0.000000
vn -1.000000 0.000000 0.000000
vn -1.000000 0.000000 0.000000
vn -1.000000 0.000000 0.000000
vn -1.000000 0.000000 0.000000
vn -1.000000 0.000000 0.000000
vn -1.000000 0.000000 0.000000
vn 1.000000 0.000000 0.000000
vn 1.000000 0.000000 0.000000
vn 1.000000 0.000000 0.000000
vn 1.000000 0.000000 0.000000
vn 0.000000 0.000000 -1.000000
vn 0.000000 0.000000 -1.000000
vn 0.000000 0.000000 -1.000000
vn 0.000000 0.000000 -1.000000
vn 0.000000 0.000000 -1.000000
vn 0.000000 0.000000 -1.000000
vn 0.000000 0.000000 -1.000000
vn 0.000000 0.000000 -1.000000
vn 0.000000 0.000000 -1.000000
vn 0.000000 -0.000000 1.000000
vn 0.000000 -0.000000 1.000000
vn 0.000000 -0.000000 1.000000
vn 0.000000 -0.000000 1.000000
vn 0.000000 1.000000 0.000000
vn 0.000000 1.000000 0.000000
vn 0.000000 1.000000 0.000000
vn 0.000000 1.000000 0.000000
vn 0.000000 1.000000 0.000000
vn 0.000000 1.000000 0.000000
vn 0.000000 1.000000 0.000000
vn 0.000000 1.000000 0.000000
vn -1.000000 0.000000 0.000000
vn -1.000000 0.000000 0.000000
vn -1.000000 0.000000 0.000000
vn -1.000000 0.000000 0.000000
vn 0.000000 -0.000000 1.000000
vn 0.000000 -0.000000 1.000000
vn 0.000000 -0.000000 1.000000
vn 0.000000 -0.000000 1.000000
vn 1.000000 0.000000 0.000000
vn 1.000000 0.000000 0.000000
vn 1.000000 0.000000 0.000000
vn 1.000000 0.000000 0.000000
vn 0.000000 0.000000 -1.000000
vn 0.000000 0.000000 -1.000000
vn 0.000000 0.000000 -1.000000
vn 0.000000 0.000000 -1.000000
vn 0.000000 0.000000 -1.000000
vn 0.000000 0.000000 -1.000000
vn 0.000000 0.000000 -1.000000
vn 0.000000 0.000000 -1.000000
vn 0.000000 0.000000 -1.000000
vn 0.000000 -0.000000 1.000000
vn 0.000000 -0.000000 1.000000
vn 0.000000 -0.000000 1.000000
vn 0.000000 -0.000000 1.000000
vn 0.000000 -0.000000 1.000000
vn 0.000000 -0.000000 1.000000
vn 0.000000 -0.000000 1.000000
vn 0.000000 -0.000000 1.000000
vn 0.000000 1.000000 0.000000
vn 0.000000 1.000000 0.000000
vn 0.000000 1.000000 0.000000
vn 0.000000 1.000000 0.000000
vn 0.000000 -1.000000 -0.000000
vn 0.000000 -1.000000 -0.000000
vn 0.000000 -1.000000 -0.000000
vn 0.000000 -1.000000 -0.000000
vn 0.000000 0.000000 -1.000000
vn 0.000000 0.000000 -1.000000
vn 0.000000 0.000000 -1.000000
vn 0.000000 0.000000 -1.000000
vn 0.000000 -0.000000 1.000000
vn 0.000000 -0.000000 1.000000
vn 0.000000 -0.000000 1.000000
vn 0.000000 -0.000000 1.000000
vn -1.000000 0.000000 0.000000
vn -1.000000 0.000000 0.000000
vn -1.000000 0.000000 0.000000
vn -1.000000 0.000000 0.000000
vn -1.000000 0.000000 0.000000
vn -1.000000 0.000000 0.000000
vn -1.000000 0.000000 0.000000
vn -1.000000 0.000000 0.000000
vn 1.000000 0.000000 0.000000
vn 1.000000 0.000000 0.000000
vn 1.000000 0.000000 0.000000
vn 1.000000 0.000000 0.000000
vn 0.000000 0.000000 -1.000000
vn 0.000000 0.000000 -1.000000
vn 0.000000 0.000000 -1.000000
vn 0.000000 0.000000 -1.000000
vn 0.000000 -0.000000 1.000000
vn 0.000000 -0.000000 1.000000
vn 0.000000 -0.000000 1.000000
vn 0.000000 -0.000000 1.000000
vn 0.000000 0.000000 -1.000000
vn 0.000000 -0.242536 -0.970143
vn 0.000000 -0.242536 -0.970143
vn 0.000000 0.000000 -1.000000
vn 0.000000 -1.000000 -0.000000
vn 0.000000 -1.000000 -0.000000
vn 0.000000 -1.000000 -0.000000
vn 0.000000 -1.000000 -0.000000
vn 0.000000 -1.000000 -0.000000
vn 0.000000 -1.000000 -0.000000
vn 0.000000 -1.000000 -0.000000
vn 0.000000 -1.000000 -0.000000
vn 0.000000 -1.000000 -0.000000
vn 0.000000 -1.000000 -0.000000
vn 0.000000 -1.000000 -0.000000
vn 0.000000 -1.000000 -0.000000
vn 0.000000 1.000000 0.000000
vn 0.000000 1.000000 0.000000
vn 0.000000 1.000000 0.000000
vn 0.000000 1.000000 0.000000
vn 0.000000 0.000000 -1.000000
vn 0.000000 0.000000 -1.000000
vn 0.000000 0.000000 -1.000000
vn 0.000000 0.000000 -1.000000
vn 0.000000 -0.000000 1.000000
vn 0.000000 -0.000000 1.000000
vn 0.000000 -0.000000 1.000000
vn 0.000000 -0.000000 1.000000
vn 0.000000 -1.000000 -0.000000
vn 0.000000 -1.000000 -0.000000
vn 0.000000 -1.000000 -0.000000
vn 0.000000 -1.000000 -0.000000
vn 0.000000 0.000000 -1.000000
vn 0.000000 0.000000 -1.000000
vn 0.000000 0.000000 -1.000000
vn 0.000000 0.000000 -1.000000
vn 0.000000 0.000000 -1.000000
vn 0.000000 0.242536 0.970143
vn 0.000000 -0.000000 1.000000
vn 0.000000 0.242536 0.970143
vn 0.000000 -0.000000 1.000000
vn 1.000000 0.000000 0.000000
vn 1.000000 0.000000 0.000000
vn 1.000000 0.000000 0.000000
vn 1.000000 0.000000 0.000000
vn 0.000000 1.000000 0.000000
vn 0.000000 1.000000 0.000000
vn 0.000000 1.000000 0.000000
vn 0.000000 1.000000 0.000000
vn -1.000000 0.000000 0.000000
vn -1.000000 0.000000 0.000000
vn -1.000000 0.000000 0.000000
vn -1.000000 0.000000 0.000000
vn 0.000000 0.000000 -1.000000
vn 0.000000 0.000000 -1.000000
vn 0.000000 0.000000 -1.000000
vn 0.000000 0.000000 -1.000000
vn 0.000000 -0.000000 1.000000
vn 0.000000 -0.000000 1.000000
vn 0.000000 -0.000000 1.000000
vn 0.000000 -0.000000 1.000000
vn 1.000000 0.000000 0.000000
vn 1.000000 0.000000 0.000000
vn 1.000000 0.000000 0.000000
vn 1.000000 0.000000 0.000000
vn 0.000000 0.000000 -1.000000
vn 0.000000 0.000000 -1.000000
vn 0.000000 0.000000 -1.000000
vn 0.000000 0.000000 -1.000000
vn 0.000000 0.000000 -1.000000
vn 0.000000 -1.000000 -0.000000
vn 0.000000 -1.000000 -0.000000
vn 0.000000 -1.000000 -0.000000
vn 0.000000 -1.000000 -0.000000
vn 0.000000 1.000000 0.000000
vn 0.000000 1.000000 0.000000
vn 0.000000 1.000000 0.000000
vn 0.000000 1.000000 0.000000
vn 0.000000 -1.000000 -0.000000
vn 0.000000 -1.000000 -0.000000
vn 0.000000 -1.000000 -0.000000
vn 0.000000 -1.000000 -0.000000
vn 0.000000 0.000000 -1.000000
vn 0.000000 0.000000 -1.000000
vn 0.000000 0.000000 -1.000000
vn 0.000000 0.000000 -1.000000
vn 0.000000 1.000000 0.000000
vn 0.000000 1.000000 0.000000
vn 0.000000 1.000000 0.000000
vn 0.000000 1.000000 0.000000
vn 0.000000 -0.000000 1.000000
vn 0.000000 -0.000000 1.000000
vn 0.000000 -0.000000 1.000000
vn 0.000000 -0.000000 1.000000
vn 1.000000 0.000000 0.000000
vn 1.000000 0.000000 0.000000
vn 1.000000 0.000000 0.000000
vn 1.000000 0.000000 0.000000
vn -1.000000 0.000000 0.000000
vn -1.000000 0.000000 0.000000
vn -1.000000 0.000000 0.000000
vn -1.000000 0.000000 0.000000
vn 0.000000 0.000000 -1.000000
vn 0.000000 0.000000 -1.000000
vn 0.000000 0.000000 -1.000000
vn 0.000000 0.000000 -1.000000
vn 0.000000 -0.000000 1.000000
vn 0.000000 -0.000000 1.000000
vn 0.000000 -0.000000 1.000000
vn 0.000000 -0.000000 1.000000
vn 0.000000 0.000000 -1.000000
vn 0.000000 0.000000 -1.000000
vn 0.000000 0.000000 -1.000000
vn 0.000000 0.000000 -1.000000
vn 0.000000 0.000000 -1.000000
vn 0.000000 1.000000 0.000000
vn 0.000000 1.000000 0.000000
vn 0.000000 1.000000 0.000000
vn 0.000000 1.000000 0.000000
vn 0.000000 -1.000000 -0.000000
vn 0.000000 -1.000000 -0.000000
vn 0.000000 -1.000000 -0.000000
vn 0.000000 -1.000000 -0.000000
vn 0.000000 1.000000 0.000000
vn 0.000000 1.000000 0.000000
vn 0.000000 1.000000 0.000000
vn 0.000000 1.000000 0.000000
vn 0.000000 -1.000000 -0.000000
vn 0.000000 -1.000000 -0.000000
vn 0.000000 -1.000000 -0.000000
vn 0.000000 -1.000000 -0.000000
vn 0.000000 1.000000 0.000000
vn 0.000000 1.000000 0.000000
vn 0.000000 1.000000 0.000000
vn 0.000000 1.000000 0.000000
vn 0.000000 0.242536 -0.970143
vn 0.000000 0.000000 -1.000000
vn 0.000000 0.242536 -0.970143
vn 0.000000 0.000000 -1.000000
vn 0.000000 -1.000000 -0.000000
vn 0.000000 -1.000000 -0.000000
vn 0.000000 -1.000000 -0.000000
vn 0.000000 -1.000000 -0.000000
vn -1.000000 0.000000 0.000000
vn -1.000000 0.000000 0.000000
vn -1.000000 0.000000 0.000000
vn -1.000000 0.000000 0.000000
vn 1.000000 0.000000 0.000000
vn 1.000000 0.000000 0.000000
vn 1.000000 0.000000 0.000000
vn 1.000000 0.000000 0.000000
vn 1.000000 0.000000 0.000000
vn 1.000000 0.000000 0.000000
vn 1.000000 0.000000 0.000000
vn 1.000000 0.000000 0.000000
vn 0.000000 -0.000000 1.000000
vn 0.000000 -0.000000 1.000000
vn 0.000000 -0.000000 1.000000
vn 0.000000 -0.000000 1.000000
vn 0.000000 -0.000000 1.000000
vn 0.000000 -0.000000 1.000000
vn 0.000000 -0.000000 1.000000
vn 0.000000 -0.000000 1.000000
vn 0.000000 -0.000000 1.000000
vn 0.000000 -0.000000 1.000000
vn 0.000000 -0.000000 1.000000
vn 0.000000 -0.000000 1.000000
vn 0.000000 -0.000000 1.000000
vn 0.000000 -0.000000 1.000000
vn 0.000000 -0.000000 1.000000
vn 0.000000 -0.000000 1.000000
vn 0.000000 -0.000000 1.000000
vn 0.000000 -0.000000 1.000000
vn 0.000000 -0.000000 1.000000
vn 0.000000 -0.000000 1.000000
vn 0.000000 -0.000000 1.000000
vn 0.000000 -0.000000 1.000000
vn 0.000000 -0.000000 1.000000
vn 0.000000 -0.000000 1.000000
vn 0.000000 -0.000000 1.000000
vn 0.000000 -0.000000 1.000000
vn 0.000000 -0.000000 1.000000
vn 0.000000 -0.000000 1.000000
vn 0.000000 -0.000000 1.000000
vn 0.000000 -0.000000 1.000000
vn 0.000000 -0.000000 1.000000
vn 0.000000 -0.000000 1.000000
vn 0.000000 -0.000000 1.000000
vn 0.000000 -0.000000 1.000000
vn 0.000000 -0.000000 1.000000
vn 0.000000 -0.000000 1.000000
vn 0.000000 -0.000000 1.000000
vn 0.000000 -0.000000 1.000000
vn 0.000000 -0.000000 1.000000
vn 0.000000 -0.000000 1.000000
vn 0.000000 -0.000000 1.000000
vn 0.000000 -0.000000 1.000000
vn 0.000000 -0.000000 1.000000
vn 0.000000 -0.000000 1.000000
vn 0.000000 -0.000000 1.000000
vn -1.000000 0.000000 0.000000
vn -1.000000 0.000000 0.000000
vn -1.000000 0.000000 0.000000
vn -1.000000 0.000000 0.000000
vn -1.000000 0.000000 0.000000
vn -1.000000 0.000000 0.000000
vn -1.000000 0.000000 0.000000
vn -1.000000 0.000000 0.000000
vn -1.000000 0.000000 0.000000
vn -1.000000 0.000000 0.000000
vn 1.000000 0.000000 0.000000
vn 1.000000 0.000000 0.000000
vn 1.000000 0.000000 0.000000
vn 1.000000 0.000000 0.000000
vn 1.000000 0.000000 0.000000
vn 1.000000 0.000000 0.000000
vn 1.000000 0.000000 0.000000
vn 1.000000 0.000000 0.000000
vn 1.000000 0.000000 0.000000
vn 1.000000 0.000000 0.000000
vn 1.000000 0.000000 0.000000
vn 1.000000 0.000000 0.000000
vn 1.000000 0.000000 0.000000
vn 0.000000 -1.000000 -0.000000
vn 0.000000 -1.000000 -0.000000
vn 0.000000 -1.000000 -0.000000
vn 0.000000 -1.000000 -0.000000
vn 0.000000 -1.000000 -0.000000
vn 0.000000 -1.000000 -0.000000
vn 0.000000 -1.000000 -0.000000
vn 0.000000 -1.000000 -0.000000
vn 0.000000 -1.000000 -0.000000
vn 1.000000 0.000000 0.000000
vn 1.000000 0.000000 0.000000
vn 1.000000 0.000000 0.000000
vn 1.000000 0.000000 0.000000
vn 1.000000 0.000000 0.000000
vn 1.000000 0.000000 0.000000
vn 1.000000 0.000000 0.000000
vn 1.000000 0.000000 0.000000
vn -1.000000 0.000000 0.000000
vn -1.000000 0.000000 0.000000
vn -1.000000 0.000000 0.000000
vn -1.000000 0.000000 0.000000
vn -1.000000 0.000000 0.000000
vn -1.000000 0.000000 0.000000
vn -1.000000 0.000000 0.000000
vn -1.000000 0.000000 0.000000
vn -1.000000 0.000000 0.000000
vn -1.000000 0.000000 0.000000
vn 0.000000 -1.000000 -0.000000
vn 0.000000 -1.000000 -0.000000
vn 0.000000 -1.000000 -0.000000
vn 0.000000 -1.000000 -0.000000
vn 0.000000 -1.000000 -0.000000
vn 0.000000 -1.000000 -0.000000
vn 0.000000 -1.000000 -0.000000
vn 0.000000 -1.000000 -0.000000
vn 0.000000 -1.000000 -0.000000
vn 0.000000 -1.000000 -0.000000
vn -1.000000 0.000000 0.000000
vn -1.000000 0.000000 0.000000
vn -1.000000 0.000000 0.000000
vn -1.000000 0.000000 0.000000
vn -1.000000 0.000000 0.000000
vn -1.000000 0.000000 0.000000
vn -1.000000 0.000000 0.000000
vn -1.000000 0.000000 0.000000
vn -1.000000 0.000000 0.000000
vn -1.000000 0.000000 0.000000
vn -1.000000 0.000000 0.000000
vn -1.000000 0.000000 0.000000
vn 0.000000 0.000000 -1.000000
vn 0.000000 0.000000 -1.000000
vn 0.000000 0.000000 -1.000000
vn 0.000000 0.000000 -1.000000
vn 0.000000 0.000000 -1.000000
vn 0.000000 0.000000 -1.000000
vn -1.000000 0.000000 0.000000
vn -1.000000 0.000000 0.000000
vn -1.000000 0.000000 0.000000
vn -1.000000 0.000000 0.000000
vn -1.000000 0.000000 0.000000
vn -1.000000 0.000000 0.000000
vn -1.000000 0.000000 0.000000
vn -1.000000 0.000000 0.000000
vn -1.000000 0.000000 0.000000
vn -1.000000 0.000000 0.000000
vn -1.000000 0.000000 0.000000
vn -1.000000 0.000000 0.000000
vn -1.000000 0.000000 0.000000
vn -1.000000 0.000000 0.000000
vn 0.000000 1.000000 0.000000
vn 0.000000 1.000000 0.000000
vn 0.000000 1.000000 0.000000
vn 0.000000 1.000000 0.000000
vn 0.000000 1.000000 0.000000
vn 0.000000 0.000000 -1.000000
vn 0.000000 0.000000 -1.000000
vn 0.000000 0.000000 -1.000000
vn 0.000000 0.000000 -1.000000
vn 0.000000 0.000000 -1.000000
vn 0.000000 0.000000 -1.000000
vn 0.000000 0.000000 -1.000000
vn 0.000000 -1.000000 -0.000000
vn 0.000000 -1.000000 -0.000000
vn 0.000000 -1.000000 -0.000000
vn 0.000000 -1.000000 -0.000000
vn 0.000000 -1.000000 -0.000000
vn 0.000000 -0.000000 1.000000
vn 0.000000 -0.000000 1.000000
vn 0.000000 -0.000000 1.000000
vn 0.000000 -0.000000 1.000000
vn 0.000000 -0.000000 1.000000
vn 0.000000 -0.000000 1.000000
vn 1.000000 0.000000 0.000000
vn 1.000000 0.000000 0.000000
vn 1.000000 0.000000 0.000000
vn 1.000000 0.000000 0.000000
vn 1.000000 0.000000 0.000000
vn 1.000000 0.000000 0.000000
vn 1.000000 0.000000 0.000000
vn 1.000000 0.000000 0.000000
vn 0.000000 -0.000000 1.000000
vn 0.000000 -0.000000 1.000000
vn 0.000000 -0.000000 1.000000
vn 0.000000 -0.000000 1.000000
vn 0.000000 -0.000000 1.000000
vn 0.000000 -0.000000 1.000000
vn 0.000000 0.000000 -1.000000
vn 0.000000 0.000000 -1.000000
vn 0.000000 0.000000 -1.000000
vn 0.000000 0.000000 -1.000000
vn 0.000000 0.000000 -1.000000
vn 0.000000 1.000000 0.000000
vn 0.000000 1.000000 0.000000
vn 0.000000 1.000000 0.000000
vn 0.000000 1.000000 0.000000
vn 0.000000 1.000000 0.000000
vn 0.000000 0.000000 -1.000000
vn 0.000000 0.000000 -1.000000
vn 0.000000 0.000000 -1.000000
vn 0.000000 0.000000 -1.000000
vn 0.000000 0.000000 -1.000000
vn 1.000000 0.000000 0.000000
vn 1.000000 0.000000 0.000000
vn 1.000000 0.000000 0.000000
vn 1.000000 0.000000 0.000000
vn 1.000000 0.000000 0.000000
vn 0.000000 -0.000000 1.000000
vn 0.000000 -0.000000 1.000000
vn 0.000000 -0.000000 1.000000
vn 0.000000 -0.000000 1.000000
vn 0.000000 -0.000000 1.000000
vn 0.000000 -0.000000 1.000000
vn 0.000000 -0.000000 1.000000
vn 0.000000 -0.000000 1.000000
vn 0.000000 -0.000000 1.000000
vn 0.000000 -0.000000 1.000000
vn 0.000000 -0.000000 1.000000
vn 0.000000 -0.000000 1.000000
vn -1.000000 0.000000 0.000000
vn -1.000000 0.000000 0.000000
vn -1.000000 0.000000 0.000000
vn -1.000000 0.000000 0.000000
vn -1.000000 0.000000 0.000000
vn -1.000000 0.000000 0.000000
vn -1.000000 0.000000 0.000000
vn -1.000000 0.000000 0.000000
vn 0.000000 -0.000000 1.000000
vn 0.000000 -0.000000 1.000000
vn 0.000000 -0.000000 1.000000
vn 0.000000 -0.000000 1.000000
vn 0.000000 -0.000000 1.000000
vn -1.000000 0.000000 0.000000
vn -1.000000 0.000000 0.000000
vn -1.000000 0.000000 0.000000
vn -1.000000 0.000000 0.000000
vn -1.000000 0.000000 0.000000
vn -1.000000 0.000000 0.000000
vn -1.000000 0.000000 0.000000
vn -1.000000 0.000000 0.000000
vn -1.000000 0.000000 0.000000
vn -1.000000 0.000000 0.000000
vn -1.000000 0.000000 0.000000
vn -1.000000 0.000000 0.000000
vn 0.000000 -0.000000 1.000000
vn 0.000000 -0.000000 1.000000
vn 0.000000 -0.000000 1.000000
vn 0.000000 -0.000000 1.000000
vn 0.000000 -0.000000 1.000000
vn 0.000000 -0.000000 1.000000
vn 1.000000 0.000000 0.000000
vn 1.000000 0.000000 0.000000
vn 1.000000 0.000000 0.000000
vn 1.000000 0.000000 0.000000
vn 1.000000 0.000000 0.000000
vn 1.000000 0.000000 0.000000
vn 1.000000 0.000000 0.000000
vn 1.000000 0.000000 0.000000
vn 1.000000 0.000000 0.000000
vn 1.000000 0.000000 0.000000
vn 1.000000 0.000000 0.000000
vn 0.000000 1.000000 0.000000
vn 0.000000 1.000000 0.000000
vn 0.000000 1.000000 0.000000
vn 0.000000 1.000000 0.000000
vn 0.000000 1.000000 0.000000
vn 1.000000 0.000000 0.000000
vn 1.000000 0.000000 0.000000
vn 1.000000 0.000000 0.000000
vn 1.000000 0.000000 0.000000
vn 1.000000 0.000000 0.000000
vn 1.000000 0.000000 0.000000
vn 1.000000 0.000000 0.000000
vn 1.000000 0.000000 0.000000
vn 1.000000 0.000000 0.000000
vn -1.000000 0.000000 0.000000
vn -1.000000 0.000000 0.000000
vn -1.000000 0.000000 0.000000
vn -1.000000 0.000000 0.000000
vn 0.000000 -0.000000 1.000000
vn 0.000000 -0.000000 1.000000
vn 0.000000 -0.000000 1.000000
vn 0.000000 -0.000000 1.000000
vn 0.000000 -0.000000 1.000000
vn 0.000000 -0.000000 1.000000
vn 1.000000 0.000000 0.000000
vn 1.000000 0.000000 0.000000
vn 1.000000 0.000000 0.000000
vn 1.000000 0.000000 0.000000
vn 1.000000 0.000000 0.000000
vn 0.000000 -1.000000 -0.000000
vn 0.000000 -1.000000 -0.000000
vn 0.000000 -1.000000 -0.000000
vn 0.000000 -1.000000 -0.000000
vn 0.000000 -1.000000 -0.000000
vn 0.000000 -1.000000 -0.000000
vn 0.000000 -1.000000 -0.000000
vn 0.000000 -1.000000 -0.000000
vn 0.000000 -1.000000 -0.000000
vn 0.000000 -1.000000 -0.000000
vn 0.000000 -1.000000 -0.000000
vn 0.000000 -1.000000 -0.000000
vn 0.000000 -1.000000 -0.000000
vn 0.000000 -0.000000 1.000000
vn 0.000000 -0.000000 1.000000
vn 0.000000 -0.000000 1.000000
vn 0.000000 -0.000000 1.000000
vn 0.000000 -0.000000 1.000000
vn 0.000000 0.000000 -1.000000
vn 0.000000 0.000000 -1.000000
vn 0.000000 0.000000 -1.000000
vn 0.000000 0.000000 -1.000000
vn 0.000000 0.000000 -1.000000
vn 1.000000 0.000000 0.000000
vn 1.000000 0.000000 0.000000
vn 1.000000 0.000000 0.000000
vn 1.000000 0.000000 0.000000
vn 1.000000 0.000000 0.000000
vn 0.000000 1.000000 0.000000
vn 0.000000 1.000000 0.000000
vn 0.000000 1.000000 0.000000
vn 0.000000 1.000000 0.000000
vn 0.000000 1.000000 0.000000
vn 0.000000 1.000000 0.000000
vn 0.000000 1.000000 0.000000
vn 0.000000 1.000000 0.000000
vn 0.000000 1.000000 0.000000
vn 0.000000 1.000000 0.000000
vn 0.000000 1.000000 0.000000
vn 0.000000 1.000000 0.000000
vn 0.000000 1.000000 0.000000
vn 0.000000 0.000000 -1.000000
vn 0.000000 0.000000 -1.000000
vn 0.000000 0.000000 -1.000000
vn 0.000000 0.000000 -1.000000
vn 0.000000 0.000000 -1.000000
vn 0.000000 0.000000 -1.000000
vn 0.000000 -0.000000 1.000000
vn 0.000000 -0.000000 1.000000
vn 0.000000 -0.000000 1.000000
vn 0.000000 -0.000000 1.000000
vn 0.000000 -0.000000 1.000000
vn 0.000000 -0.000000 1.000000
vn 0.000000 0.000000 -1.000000
vn 0.000000 0.000000 -1.000000
vn 0.000000 0.000000 -1.000000
vn 0.000000 0.000000 -1.000000
vn 0.000000 0.000000 -1.000000
vn 0.000000 0.000000 -1.000000
vn 0.000000 -0.000000 1.000000
vn 0.000000 -0.000000 1.000000
vn 0.000000 -0.000000 1.000000
vn 0.000000 -0.000000 1.000000
vn 0.000000 -0.000000 1.000000
vn 0.000000 1.000000 0.000000
vn 0.000000 1.000000 0.000000
vn 0.000000 1.000000 0.000000
vn 0.000000 1.000000 0.000000
vn 0.000000 1.000000 0.000000
vn -1.000000 0.000000 0.000000
vn -1.000000 0.000000 0.000000
vn -1.000000 0.000000 0.000000
vn -1.000000 0.000000 0.000000
vn -1.000000 0.000000 0.000000
vn -1.000000 0.000000 0.000000
vn -1.000000 0.000000 0.000000
vn -1.000000 0.000000 0.000000
vn -1.000000 0.000000 0.000000
vn -1.000000 0.000000 0.000000
vn -1.000000 0.000000 0.000000
vn -1.000000 0.000000 0.000000
vn -1.000000 0.000000 0.000000
vn 0.000000 -0.000000 1.000000
vn 0.000000 -0.000000 1.000000
vn 0.000000 -0.000000 1.000000
vn 0.000000 -0.000000 1.000000
vn 0.000000 -0.000000 1.000000
vn 1.000000 0.000000 0.000000
vn 1.000000 0.000000 0.000000
vn 1.000000 0.000000 0.000000
vn 1.000000 0.000000 0.000000
vn 1.000000 0.000000 0.000000
vn 1.000000 0.000000 0.000000
vn 1.000000 0.000000 0.000000
vn 1.000000 0.000000 0.000000
vn 1.000000 0.000000 0.000000
vn 1.000000 0.000000 0.000000
vn 1.000000 0.000000 0.000000
vn 1.000000 0.000000 0.000000
vn 1.000000 0.000000 0.000000
vn 1.000000 0.000000 0.000000
vn 1.000000 0.000000 0.000000
vn 1.000000 0.000000 0.000000
vn 1.000000 0.000000 0.000000
vn -1.000000 0.000000 0.000000
vn -1.000000 0.000000 0.000000
vn -1.000000 0.000000 0.000000
vn -1.000000 0.000000 0.000000
vn -1.000000 0.000000 0.000000
vn 0.000000 -0.000000 1.000000
vn 0.000000 -0.000000 1.000000
vn 0.000000 -0.000000 1.000000
vn 0.000000 -0.000000 1.000000
vn 0.000000 -0.000000 1.000000
vn -1.000000 0.000000 0.000000
vn -1.000000 0.000000 0.000000
vn -1.000000 0.000000 0.000000
vn -1.000000 0.000000 0.000000
vn -1.000000 0.000000 0.000000
vn -1.000000 0.000000 0.000000
vn 1.000000 0.000000 0.000000
vn 1.000000 0.000000 0.000000
vn 1.000000 0.000000 0.000000
vn 1.000000 0.000000 0.000000
vn 1.000000 0.000000 0.000000
vn 1.000000 0.000000 0.000000
vn 1.000000 0.000000 0.000000
vn 1.000000 0.000000 0.000000
vn 1.000000 0.000000 0.000000
vn 1.000000 0.000000 0.000000
vn 1.000000 0.000000 0.000000
vn 1.000000 0.000000 0.000000
vn 1.000000 0.000000 0.000000
vn 1.000000 0.000000 0.000000
vn 0.000000 -1.000000 -0.000000
vn 0.000000 -1.000000 -0.000000
vn 0.000000 -1.000000 -0.000000
vn 0.000000 -1.000000 -0.000000
vn 0.000000 -1.000000 -0.000000
vn 0.000000 -1.000000 -0.000000
vn 0.000000 -1.000000 -0.000000
vn 0.000000 -1.000000 -0.000000
vn 0.000000 -1.000000 -0.000000
vn 0.000000 -1.000000 -0.000000
vn 0.000000 -1.000000 -0.000000
vn 0.000000 -1.000000 -0.000000
vn 0.000000 -1.000000 -0.000000
vn 0.000000 -1.000000 -0.000000
vn 0.000000 -1.000000 -0.000000
vn 0.000000 -1.000000 -0.000000
vn 0.000000 -1.000000 -0.000000
vn 0.000000 -1.000000 -0.000000
vn 0.000000 -1.000000 -0.000000
vn 0.000000 -1.000000 -0.000000
vn 0.000000 -1.000000 -0.000000
vn 0.000000 -1.000000 -0.000000
vn 0.000000 -1.000000 -0.000000
vn 0.000000 -1.000000 -0.000000
vn 0.000000 -1.000000 -0.000000
vn 1.000000 0.000000 0.000000
vn 1.000000 0.000000 0.000000
vn 1.000000 0.000000 0.000000
vn 1.000000 0.000000 0.000000
vn 1.000000 0.000000 0.000000
vn 1.000000 0.000000 0.000000
vn 1.000000 0.000000 0.000000
vn 1.000000 0.000000 0.000000
vn 1.000000 0.000000 0.000000
vn 1.000000 0.000000 0.000000
vn -1.000000 0.000000 0.000000
vn -1.000000 0.000000 0.000000
vn -1.000000 0.000000 0.000000
vn -1.000000 0.000000 0.000000
vn -1.000000 0.000000 0.000000
vn -1.000000 0.000000 0.000000
vn -1.000000 0.000000 0.000000
vn -1.000000 0.000000 0.000000
vn -1.000000 0.000000 0.000000
vn -1.000000 0.000000 0.000000
vn 0.000000 1.000000 0.000000
vn 0.000000 1.000000 0.000000
vn 0.000000 1.000000 0.000000
vn 0.000000 1.000000 0.000000
vn 0.000000 1.000000 0.000000
vn 0.000000 1.000000 0.000000
vn 0.000000 1.000000 0.000000
vn 0.000000 1.000000 0.000000
vn 0.000000 1.000000 0.000000
vn 0.000000 1.000000 0.000000
vn 1.000000 0.000000 0.000000
vn 1.000000 0.000000 0.000000
vn 1.000000 0.000000 0.000000
vn 1.000000 0.000000 0.000000
vn 1.000000 0.000000 0.000000
vn 1.000000 0.000000 0.000000
vn 1.000000 0.000000 0.000000
vn 1.000000 0.000000 0.000000
vn 1.000000 0.000000 0.000000
vn 1.000000 0.000000 0.000000
vn 0.000000 -1.000000 -0.000000
vn 0.000000 -1.000000 -0.000000
vn 0.000000 -1.000000 -0.000000
vn 0.000000 -1.000000 -0.000000
vn 0.000000 -1.000000 -0.000000
vn 0.000000 -1.000000 -0.000000
vn 0.000000 -1.000000 -0.000000
vn 0.000000 -1.000000 -0.000000
vn 0.000000 -1.000000 -0.000000
vn 0.000000 -1.000000 -0.000000
vn -1.000000 0.000000 0.000000
vn -1.000000 0.000000 0.000000
vn -1.000000 0.000000 0.000000
vn -1.000000 0.000000 0.000000
vn -1.000000 0.000000 0.000000
vn -1.000000 0.000000 0.000000
vn -1.000000 0.000000 0.000000
vn -1.000000 0.000000 0.000000
vn -1.000000 0.000000 0.000000
vn -1.000000 0.000000 0.000000
vn -1.000000 0.000000 0.000000
vn -1.000000 0.000000 0.000000
vn -1.000000 0.000000 0.000000
vn -1.000000 0.000000 0.000000
vn -1.000000 0.000000 0.000000
vn -1.000000 0.000000 0.000000
vn -1.000000 0.000000 0.000000
vn -1.000000 0.000000 0.000000
vn -1.000000 0.000000 0.000000
vn -1.000000 0.000000 0.000000
vn 0.000000 1.000000 0.000000
vn 0.000000 1.000000 0.000000
vn 0.000000 1.000000 0.000000
vn 0.000000 1.000000 0.000000
vn 0.000000 1.000000 0.000000
vn 0.000000 1.000000 0.000000
vn 0.000000 1.000000 0.000000
vn 0.000000 1.000000 0.000000
vn 0.000000 1.000000 0.000000
vn 0.000000 1.000000 0.000000
vn 0.000000 -1.000000 -0.000000
vn 0.000000 -1.000000 -0.000000
vn 0.000000 -1.000000 -0.000000
vn 0.000000 -1.000000 -0.000000
vn 0.000000 -1.000000 -0.000000
vn 0.000000 -1.000000 -0.000000
vn 0.000000 -1.000000 -0.000000
vn 0.000000 -1.000000 -0.000000
vn 0.000000 -1.000000 -0.000000
vn 0.000000 -1.000000 -0.000000
vn 0.000000 1.000000 0.000000
vn 0.000000 1.000000 0.000000
vn 0.000000 1.000000 0.000000
vn 0.000000 1.000000 0.000000
vn 0.000000 1.000000 0.000000
vn 0.000000 1.000000 0.000000
vn 0.000000 1.000000 0.000000
vn 0.000000 1.000000 0.000000
vn 0.000000 1.000000 0.000000
vn 0.000000 1.000000 0.000000
vn 0.000000 -1.000000 -0.000000
vn 0.000000 -1.000000 -0.000000
vn 0.000000 -1.000000 -0.000000
vn 0.000000 -1.000000 -0.000000
vn 0.000000 -1.000000 -0.000000
vn 0.000000 -1.000000 -0.000000
vn 0.000000 -1.000000 -0.000000
vn 0.000000 -1.000000 -0.000000
vn 0.000000 -1.000000 -0.000000
vn 0.000000 -1.000000 -0.000000
vn 1.000000 0.000000 0.000000
vn 1.000000 0.000000 0.000000
vn 1.000000 0.000000 0.000000
vn 1.000000 0.000000 0.000000
vn 1.000000 0.000000 0.000000
vn 1.000000 0.000000 0.000000
vn 1.000000 0.000000 0.000000
vn 1.000000 0.000000 0.000000
vn 1.000000 0.000000 0.000000
vn 1.000000 0.000000 0.000000
vn 0.000000 1.000000 0.000000
vn 0.000000 1.000000 0.000000
vn 0.000000 1.000000 0.000000
vn 0.000000 1.000000 0.000000
vn 0.000000 1.000000 0.000000
vn 0.000000 1.000000 0.000000
vn 0.000000 1.000000 0.000000
vn 0.000000 1.000000 0.000000
vn 0.000000 1.000000 0.000000
vn 0.000000 1.000000 0.000000
vn 0.000000 1.000000 0.000000
vn 0.000000 1.000000 0.000000
vn 0.000000 1.000000 0.000000
vn 0.000000 1.000000 0.000000
vn 0.000000 1.000000 0.000000
vn 0.000000 1.000000 0.000000
vn 0.000000 1.000000 0.000000
vn 0.000000 1.000000 0.000000
vn 0.000000 1.000000 0.000000
vn 0.000000 1.000000 0.000000
vn 0.000000 1.000000 0.000000
vn 0.000000 1.000000 0.000000
vn 0.000000 1.000000 0.000000
vn 0.000000 1.000000 0.000000
vn 0.000000 1.000000 0.000000
vn 0.000000 1.000000 0.000000
vn 0.000000 1.000000 0.000000
vn 0.000000 1.000000 0.000000
vn 0.000000 1.000000 0.000000
vn 0.000000 1.000000 0.000000
vn 0.000000 1.000000 0.000000
vn 0.000000 1.000000 0.000000
vn 0.000000 1.000000 0.000000
vn 0.000000 1.000000 0.000000
vn 0.000000 1.000000 0.000000
vn 0.000000 1.000000 0.000000
vn 0.000000 1.000000 0.000000
vn 0.000000 1.000000 0.000000
vn 0.000000 1.000000 0.000000
vn 0.000000 1.000000 0.000000
vn 1.000000 0.000000 0.000000
vn 1.000000 0.000000 0.000000
vn 1.000000 0.000000 0.000000
vn 1.000000 0.000000 0.000000
vn 1.000000 0.000000 0.000000
vn 1.000000 0.000000 0.000000
vn 1.000000 0.000000 0.000000
vn 1.000000 0.000000 0.000000
vn 1.000000 0.000000 0.000000
vn 1.000000 0.000000 0.000000
vn -1.000000 0.000000 0.000000
vn -1.000000 0.000000 0.000000
vn -1.000000 0.000000 0.000000
vn -1.000000 0.000000 0.000000
vn -1.000000 0.000000 0.000000
vn -1.000000 0.000000 0.000000
vn -1.000000 0.000000 0.000000
vn -1.000000 0.000000 0.000000
vn -1.000000 0.000000 0.000000
vn -1.000000 0.000000 0.000000
vn 0.000000 1.000000 0.000000
vn 0.000000 1.000000 0.000000
vn 0.000000 1.000000 0.000000
vn 0.000000 1.000000 0.000000
vn 0.000000 1.000000 0.000000
vn 0.000000 1.000000 0.000000
vn 0.000000 1.000000 0.000000
vn 0.000000 1.000000 0.000000
vn 0.000000 1.000000 0.000000
vn 0.000000 1.000000 0.000000
vn 0.000000 1.000000 0.000000
vn 0.000000 1.000000 0.000000
vn 0.000000 1.000000 0.000000
vn 0.000000 1.000000 0.000000
vn 0.000000 1.000000 0.000000
vn 0.000000 1.000000 0.000000
vn 0.000000 1.000000 0.000000
vn 0.000000 1.000000 0.000000
vn 0.000000 1.000000 0.000000
vn 0.000000 1.000000 0.000000
vn 0.000000 -1.000000 -0.000000
vn 0.000000 -1.000000 -0.000000
vn 0.000000 -1.000000 -0.000000
vn 0.000000 -1.000000 -0.000000
vn 0.000000 -1.000000 -0.000000
vn 0.000000 -1.000000 -0.000000
vn 0.000000 -1.000000 -0.000000
vn 0.000000 -1.000000 -0.000000
vn 0.000000 -1.000000 -0.000000
vn 0.000000 -1.000000 -0.000000
vn 0.000000 -1.000000 -0.000000
vn 0.000000 -1.000000 -0.000000
vn 0.000000 -1.000000 -0.000000
vn 0.000000 -1.000000 -0.000000
vn 0.000000 -1.000000 -0.000000
vn 0.000000 -1.000000 -0.000000
vn 0.000000 -1.000000 -0.000000
vn 0.000000 -1.000000 -0.000000
vn 0.000000 -1.000000 -0.000000
vn 0.000000 -1.000000 -0.000000
vn 0.000000 1.000000 0.000000
vn 0.000000 1.000000 0.000000
vn 0.000000 1.000000 0.000000
vn 0.000000 1.000000 0.000000
vn 0.000000 1.000000 0.000000
vn 0.000000 1.000000 0.000000
vn 0.000000 1.000000 0.000000
vn 0.000000 1.000000 0.000000
vn 0.000000 1.000000 0.000000
vn 0.000000 1.000000 0.000000
vn 0.000000 -1.000000 -0.000000
vn 0.000000 -1.000000 -0.000000
vn 0.000000 -1.000000 -0.000000
vn 0.000000 -1.000000 -0.000000
vn 0.000000 -1.000000 -0.000000
vn 0.000000 -1.000000 -0.000000
vn 0.000000 -1.000000 -0.000000
vn 0.000000 -1.000000 -0.000000
vn 0.000000 -1.000000 -0.000000
vn 0.000000 -1.000000 -0.000000
vn 0.000000 -1.000000 -0.000000
vn 0.000000 -1.000000 -0.000000
vn 0.000000 -1.000000 -0.000000
vn 0.000000 -1.000000 -0.000000
vn 0.000000 -1.000000 -0.000000
vn 0.000000 -1.000000 -0.000000
vn 0.000000 -1.000000 -0.000000
vn 0.000000 -1.000000 -0.000000
vn 0.000000 -1.000000 -0.000000
vn 0.000000 -1.000000 -0.000000
vn 0.000000 -1.000000 -0.000000
vn 0.000000 -1.000000 -0.000000
vn 0.000000 -1.000000 -0.000000
vn 0.000000 -1.000000 -0.000000
vn 0.000000 -1.000000 -0.000000
vn 0.000000 -1.000000 -0.000000
vn 0.000000 -1.000000 -0.000000
vn 0.000000 -1.000000 -0.000000
vn 0.000000 -1.000000 -0.000000
vn 0.000000 -1.000000 -0.000000
f 3/3/3 2/2/2 1/1/1
f 6/6/6 5/5/5 4/4/4
f 9/9/9 8/8/8 7/7/7
f 12/12/12 11/11/11 10/10/10
f 15/15/15 14/14/14 13/13/13
f 18/18/18 17/17/17 16/16/16
f 21/21/21 20/20/20 19/19/19
f 23/23/23 20/20/20 22/22/22
f 26/26/26 25/25/25 24/24/24
f 29/29/29 28/28/28 27/27/27
f 32/32/32 31/31/31 30/30/30
f 35/35/35 34/34/34 33/33/33
f 38/38/38 37/37/37 36/36/36
f 36/36/36 40/40/40 39/39/39
f 43/43/43 42/42/42 41/41/41
f 46/46/46 45/45/45 44/44/44
f 49/49/49 48/48/48 47/47/47
f 51/51/51 48/48/48 50/50/50
f 54/54/54 53/53/53 52/52/52
f 57/57/57 56/56/56 55/55/55
f 60/60/60 59/59/59 58/58/58
f 62/62/62 61/61/61 60/60/60
f 65/65/65 64/64/64 63/63/63
f 64/64/64 67/67/67 66/66/66
f 70/70/70 69/69/69 68/68/68
f 69/69/69 72/72/72 71/71/71
f 74/74/74 69/69/69 73/73/73
f 76/76/76 75/75/75 73/73/73
f 73/73/73 75/75/75 77/77/77
f 77/77/77 75/75/75 78/78/78
f 75/75/75 79/79/79 78/78/78
f 79/79/79 75/75/75 80/80/80
f 78/78/78 81/81/81 77/77/77
f 78/78/78 79/79/79 82/82/82
f 77/77/77 81/81/81 83/83/83
f 84/84/84 77/77/77 83/83/83
f 81/81/81 85/85/85 83/83/83
f 83/83/83 85/85/85 86/86/86
f 87/87/87 84/84/84 83/83/83
f 88/88/88 84/84/84 87/87/87
f 81/81/81 89/89/89 85/85/85
f 90/90/90 82/82/82 79/79/79
f 91/91/91 90/90/90 79/79/79
f 92/92/92 90/90/90 91/91/91
f 92/92/92 93/93/93 90/90/90
f 92/92/92 94/94/94 93/93/93
f 93/93/93 94/94/94 95/95/95
f 96/96/96 82/82/82 90/90/90
f 97/97/97 95/95/95 94/94/94
f 98/98/98 82/82/82 96/96/96
f 96/96/96 95/95/95 98/98/98
f 99/99/99 82/82/82 98/98/98
f 98/98/98 95/95/95 100/100/100
f 100/100/100 95/95/95 97/97/97
f 98/98/98 101/101/101 99/99/99
f 99/99/99 101/101/101 89/89/89
f 97/97/97 102/102/102 100/100/100
f 97/97/97 103/103/103 102/102/102
f 101/101/101 104/104/104 89/89/89
f 102/102/102 104/104/104 101/101/101
f 105/105/105 104/104/104 102/102/102
f 105/105/105 102/102/102 103/103/103
f 106/106/106 89/89/89 104/104/104
f 105/105/105 103/103/103 107/107/107
f 107/107/107 103/103/103 108/108/108
f 108/108/108 109/109/109 107/107/107
f 107/107/107 109/109/109 106/106/106
f 106/106/106 85/85/85 89/89/89
f 110/110/110 85/85/85 106/106/106
f 110/110/110 106/106/106 111/111/111
f 113/113/113 85/85/85 112/112/112
f 114/114/114 113/113/113 112/112/112
f 114/114/114 115/115/115 87/87/87
f 87/87/87 117/117/117 116/116/116
f 114/114/114 118/118/118 117/117/117
f 121/121/121 120/120/120 119/119/119
f 119/119/119 123/123/123 122/122/122
f 126/126/126 125/125/125 124/124/124
f 129/129/129 128/128/128 127/127/127
f 132/132/132 131/131/131 130/130/130
f 135/135/135 134/134/134 133/133/133
f 133/133/133 137/137/137 136/136/136
f 140/140/140 139/139/139 138/138/138
f 143/143/143 142/142/142 141/141/141
f 146/146/146 145/145/145 144/144/144
f 149/149/149 148/148/148 147/147/147
f 151/151/151 150/150/150 149/149/149
f 154/154/154 153/153/153 152/152/152
f 156/156/156 154/154/154 155/155/155
f 159/159/159 158/158/158 157/157/157
f 162/162/162 161/161/161 160/160/160
f 164/164/164 163/163/163 161/161/161
f 165/165/165 161/161/161 163/163/163
f 167/167/167 165/165/165 166/166/166
f 170/170/170 169/169/169 168/168/168
f 169/169/169 172/172/172 171/171/171
f 174/174/174 169/169/169 173/173/173
f 175/175/175 174/174/174 173/173/173
f 178/178/178 177/177/177 176/176/176
f 180/180/180 177/177/177 179/179/179
f 183/183/183 182/182/182 181/181/181
f 186/186/186 185/185/185 184/184/184
f 189/189/189 188/188/188 187/187/187
f 192/192/192 191/191/191 190/190/190
f 195/195/195 194/194/194 193/193/193
f 198/198/198 197/197/197 196/196/196
f 201/201/201 200/200/200 199/199/199
f 204/204/204 203/203/203 202/202/202
f 207/207/207 206/206/206 205/205/205
f 210/210/210 209/209/209 208/208/208
f 213/213/213 212/212/212 211/211/211
f 216/216/216 215/215/215 214/214/214
f 219/219/219 218/218/218 217/217/217
f 221/221/221 220/220/220 219/219/219
f 223/223/223 221/221/221 222/222/222
f 224/224/224 222/222/222 221/221/221
f 226/226/226 224/224/224 225/225/225
f 229/229/229 228/228/228 227/227/227
f 232/232/232 231/231/231 230/230/230
f 235/235/235 234/234/234 233/233/233
f 238/238/238 237/237/237 236/236/236
f 241/241/241 240/240/240 239/239/239
f 244/244/244 243/243/243 242/242/242
f 247/247/247 246/246/246 245/245/245
f 250/250/250 249/249/249 248/248/248
f 253/253/253 252/252/252 251/251/251
f 255/255/255 254/254/254 251/251/251
f 256/256/256 251/251/251 254/254/254
f 256/256/256 254/254/254 257/257/257
f 258/258/258 257/257/257 254/254/254
f 259/259/259 257/257/257 258/258/258
f 262/262/262 261/261/261 260/260/260
f 264/264/264 261/261/261 263/263/263
f 263/263/263 265/265/265 264/264/264
f 264/264/264 265/265/265 266/266/266
f 268/268/268 267/267/267 266/266/266
f 271/271/271 270/270/270 269/269/269
f 274/274/274 273/273/273 272/272/272
f 273/273/273 276/276/276 275/275/275
f 277/277/277 276/276/276 273/273/273
f 280/280/280 279/279/279 278/278/278
f 283/283/283 282/282/282 281/281/281
f 282/282/282 285/285/285 284/284/284
f 288/288/288 287/287/287 286/286/286
f 290/290/290 286/286/286 289/289/289
f 289/289/289 286/286/286 291/291/291
f 291/291/291 286/286/286 292/292/292
f 293/293/293 292/292/292 286/286/286
f 292/292/292 294/294/294 291/291/291
f 294/294/294 295/295/295 291/291/291
f 297/297/297 293/293/293 296/296/296
f 295/295/295 297/297/297 296/296/296
f 299/299/299 286/286/286 298/298/298
f 299/299/299 298/298/298 300/300/300
f 300/300/300 298/298/298 301/301/301
f 301/301/301 298/298/298 302/302/302
f 302/302/302 304/304/304 303/303/303
f 303/303/303 304/304/304 305/305/305
f 299/299/299 305/305/305 306/306/306
f 307/307/307 305/305/305 304/304/304
f 306/306/306 305/305/305 307/307/307
f 306/306/306 307/307/307 308/308/308
f 311/311/311 310/310/310 309/309/309
f 309/309/309 313/313/313 312/312/312
f 316/316/316 315/315/315 314/314/314
f 319/319/319 318/318/318 317/317/317
f 318/318/318 321/321/321 320/320/320
f 324/324/324 323/323/323 322/322/322
f 327/327/327 326/326/326 325/325/325
f 329/329/329 328/328/328 325/325/325
f 331/331/331 330/330/330 329/329/329
f 332/332/332 331/331/331 329/329/329
f 333/333/333 331/331/331 332/332/332
f 333/333/333 332/332/332 334/334/334
f 332/332/332 335/335/335 334/334/334
f 338/338/338 337/337/337 336/336/336
f 341/341/341 340/340/340 339/339/339
f 344/344/344 343/343/343 342/342/342
f 347/347/347 346/346/346 345/345/345
f 350/350/350 349/349/349 348/348/348
f 348/348/348 352/352/352 351/351/351
f 351/351/351 352/352/352 353/353/353
f 356/356/356 355/355/355 354/354/354
f 359/359/359 358/358/358 357/357/357
f 362/362/362 361/361/361 360/360/360
f 361/361/361 364/364/364 363/363/363
f 366/366/366 361/361/361 365/365/365
f 366/366/366 367/367/367 361/361/361
f 361/361/361 367/367/367 368/368/368
f 369/369/369 368/368/368 367/367/367
f 372/372/372 371/371/371 370/370/370
f 374/374/374 373/373/373 370/370/370
f 373/373/373 374/374/374 375/375/375
f 375/375/375 377/377/377 376/376/376
f 376/376/376 378/378/378 375/375/375
f 381/381/381 380/380/380 379/379/379
f 383/383/383 382/382/382 379/379/379
f 384/384/384 383/383/383 379/379/379
f 384/384/384 385/385/385 383/383/383
f 379/379/379 387/387/387 386/386/386
f 387/387/387 389/389/389 388/388/388
f 391/391/391 388/388/388 390/390/390
f 393/393/393 386/386/386 392/392/392
f 393/393/393 392/392/392 394/394/394
f 385/385/385 393/393/393 394/394/394
f 385/385/385 394/394/394 395/395/395
f 397/397/397 395/395/395 396/396/396
f 396/396/396 395/395/395 398/398/398
f 398/398/398 395/395/395 399/399/399
f 398/398/398 391/391/391 400/400/400
f 391/391/391 398/398/398 401/401/401
f 399/399/399 401/401/401 398/398/398
f 402/402/402 401/401/401 399/399/399
f 404/404/404 400/400/400 403/403/403
f 407/407/407 406/406/406 405/405/405
f 410/410/410 409/409/409 408/408/408
f 408/408/408 412/412/412 411/411/411
f 414/414/414 412/412/412 413/413/413
f 414/414/414 416/416/416 415/415/415
f 418/418/418 417/417/417 415/415/415
f 419/419/419 415/415/415 417/417/417
f 420/420/420 415/415/415 419/419/419
f 421/421/421 415/415/415 420/420/420
f 424/424/424 423/423/423 422/422/422
f 427/427/427 426/426/426 425/425/425
f 430/430/430 429/429/429 428/428/428
f 433/433/433 432/432/432 431/431/431
f 436/436/436 435/435/435 434/434/434
f 439/439/439 438/438/438 437/437/437
f 442/442/442 441/441/441 440/440/440
f 444/444/444 442/442/442 443/443/443
f 446/446/446 445/445/445 442/442/442
f 442/442/442 445/445/445 447/447/447
f 448/448/448 447/447/447 445/445/445
f 449/449/449 445/445/445 446/446/446
f 451/451/451 449/449/449 450/450/450
f 452/452/452 450/450/450 449/449/449
f 453/453/453 450/450/450 452/452/452
f 456/456/456 455/455/455 454/454/454
f 459/459/459 458/458/458 457/457/457
f 462/462/462 461/461/461 460/460/460
f 465/465/465 464/464/464 463/463/463
f 468/468/468 467/467/467 466/466/466
f 467/467/467 470/470/470 469/469/469
f 471/471/471 469/469/469 470/470/470
f 471/471/471 472/472/472 469/469/469
f 469/469/469 472/472/472 473/473/473
f 474/474/474 467/467/467 469/469/469
f 467/467/467 474/474/474 475/475/475
f 476/476/476 475/475/475 474/474/474
f 477/477/477 476/476/476 474/474/474
f 480/480/480 479/479/479 478/478/478
f 480/480/480 482/482/482 481/481/481
f 480/480/480 483/483/483 482/482/482
f 484/484/484 482/482/482 483/483/483
f 485/485/485 482/482/482 484/484/484
f 488/488/488 487/487/487 486/486/486
f 491/491/491 490/490/490 489/489/489
f 494/494/494 493/493/493 492/492/492
f 494/494/494 496/496/496 495/495/495
f 498/498/498 494/494/494 497/497/497
f 499/499/499 498/498/498 497/497/497
f 502/502/502 501/501/501 500/500/500
f 504/504/504 503/503/503 501/501/501
f 501/501/501 503/503/503 505/505/505
f 507/507/507 506/506/506 501/501/501
f 507/507/507 501/501/501 508/508/508
f 508/508/508 509/509/509 507/507/507
f 510/510/510 507/507/507 509/509/509
f 510/510/510 509/509/509 511/511/511
f 510/510/510 511/511/511 512/512/512
f 511/511/511 513/513/513 512/512/512
f 511/511/511 514/514/514 513/513/513
f 516/516/516 515/515/515 505/505/505
f 517/517/517 516/516/516 514/514/514
f 515/515/515 516/516/516 517/517/517
f 518/518/518 515/515/515 517/517/517
f 521/521/521 520/520/520 519/519/519
f 524/524/524 523/523/523 522/522/522
f 527/527/527 526/526/526 525/525/525
f 530/530/530 529/529/529 528/528/528
f 533/533/533 532/532/532 531/531/531
f 536/536/536 535/535/535 534/534/534
f 539/539/539 538/538/538 537/537/537
f 542/542/542 541/541/541 540/540/540
f 545/545/545 544/544/544 543/543/543
f 548/548/548 547/547/547 546/546/546
f 550/550/550 547/547/547 549/549/549
f 547/547/547 552/552/552 551/551/551
f 552/552/552 553/553/553 551/551/551
f 553/553/553 552/552/552 554/554/554
f 555/555/555 554/554/554 552/552/552
f 556/556/556 555/555/555 552/552/552
f 556/556/556 557/557/557 555/555/555
f 554/554/554 555/555/555 558/558/558
f 559/559/559 558/558/558 555/555/555
f 560/560/560 558/558/558 559/559/559
f 553/553/553 554/554/554 561/561/561
f 561/561/561 562/562/562 553/553/553
f 553/553/553 562/562/562 563/563/563
f 564/564/564 563/563/563 562/562/562
f 565/565/565 561/561/561 554/554/554
f 566/566/566 565/565/565 554/554/554
f 567/567/567 566/566/566 554/554/554
f 561/561/561 565/565/565 568/568/568
f 561/561/561 568/568/568 569/569/569
f 570/570/570 568/568/568 565/565/565
f 571/571/571 568/568/568 570/570/570
f 572/572/572 571/571/571 570/570/570
f 573/573/573 566/566/566 567/567/567
f 574/574/574 573/573/573 567/567/567
f 573/573/573 575/575/575 566/566/566
f 566/566/566 575/575/575 576/576/576
f 576/576/576 577/577/577 570/570/570
f 575/575/575 577/577/577 576/576/576
f 567/567/567 578/578/578 574/574/574
f 574/574/574 578/578/578 579/579/579
f 579/579/579 578/578/578 580/580/580
f 578/578/578 581/581/581 580/580/580
f 582/582/582 580/580/580 581/581/581
f 580/580/580 583/583/583 579/579/579
f 579/579/579 583/583/583 584/584/584
f 583/583/583 558/558/558 584/584/584
f 587/587/587 586/586/586 585/585/585
f 590/590/590 589/589/589 588/588/588
f 593/593/593 592/592/592 591/591/591
f 596/596/596 595/595/595 594/594/594
f 598/598/598 595/595/595 597/597/597
f 595/595/595 598/598/598 599/599/599
f 602/602/602 601/601/601 600/600/600
f 605/605/605 604/604/604 603/603/603
f 608/608/608 607/607/607 606/606/606
f 610/610/610 607/607/607 609/609/609
f 607/607/607 610/610/610 611/611/611
f 614/614/614 613/613/613 612/612/612
f 616/616/616 613/613/613 615/615/615
f 617/617/617 615/615/615 613/613/613
f 618/618/618 615/615/615 617/617/617
f 620/620/620 618/618/618 619/619/619
f 623/623/623 622/622/622 621/621/621
f 626/626/626 625/625/625 624/624/624
f 629/629/629 628/628/628 627/627/627
f 632/632/632 631/631/631 630/630/630
f 634/634/634 630/630/630 633/633/633
f 637/637/637 636/636/636 635/635/635
f 637/637/637 639/639/639 638/638/638
f 640/640/640 638/638/638 639/639/639
f 638/638/638 640/640/640 641/641/641
f 644/644/644 643/643/643 642/642/642
f 647/647/647 646/646/646 645/645/645
f 649/649/649 648/648/648 646/646/646
f 648/648/648 650/650/650 646/646/646
f 651/651/651 646/646/646 650/650/650
f 654/654/654 653/653/653 652/652/652
f 657/657/657 656/656/656 655/655/655
f 660/660/660 659/659/659 658/658/658
f 662/662/662 76/76/76 661/661/661
f 665/665/665 664/664/664 663/663/663
f 667/667/667 666/666/666 663/663/663
f 668/668/668 663/663/663 666/666/666
f 671/671/671 670/670/670 669/669/669
f 674/674/674 673/673/673 672/672/672
f 677/677/677 676/676/676 675/675/675
f 680/680/680 679/679/679 678/678/678
f 683/683/683 682/682/682 681/681/681
f 685/685/685 568/568/568 684/684/684
f 562/562/562 685/685/685 686/686/686
f 562/562/562 686/686/686 687/687/687
f 690/690/690 689/689/689 688/688/688
f 688/688/688 689/689/689 691/691/691
f 694/694/694 693/693/693 692/692/692
f 692/692/692 693/693/693 695/695/695
f 698/698/698 697/697/697 696/696/696
f 696/696/696 697/697/697 699/699/699
f 702/702/702 701/701/701 700/700/700
f 700/700/700 701/701/701 703/703/703
f 706/706/706 705/705/705 704/704/704
f 707/707/707 704/704/704 705/705/705
f 708/708/708 707/707/707 705/705/705
f 709/709/709 708/708/708 705/705/705
f 712/712/712 711/711/711 710/710/710
f 710/710/710 711/711/711 713/713/713
f 716/716/716 715/715/715 714/714/714
f 714/714/714 715/715/715 717/717/717
f 720/720/720 719/719/719 718/718/718
f 718/718/718 719/719/719 721/721/721
f 724/724/724 723/723/723 722/722/722
f 722/722/722 723/723/723 725/725/725
f 728/728/728 727/727/727 726/726/726
f 726/726/726 727/727/727 729/729/729
f 732/732/732 731/731/731 730/730/730
f 730/730/730 731/731/731 733/733/733
f 736/736/736 735/735/735 734/734/734
f 736/736/736 737/737/737 735/735/735
f 740/740/740 739/739/739 738/738/738
f 738/738/738 739/739/739 741/741/741
f 744/744/744 743/743/743 742/742/742
f 745/745/745 742/742/742 743/743/743
f 748/748/748 747/747/747 746/746/746
f 746/746/746 747/747/747 749/749/749
f 750/750/750 746/746/746 749/749/749
f 753/753/753 752/752/752 751/751/751
f 755/755/755 753/753/753 754/754/754
f 757/757/757 756/756/756 751/751/751
f 754/754/754 756/756/756 757/757/757
f 760/760/760 759/759/759 758/758/758
f 761/761/761 759/759/759 760/760/760
f 761/761/761 760/760/760 762/762/762
f 765/765/765 764/764/764 763/763/763
f 766/766/766 763/763/763 764/764/764
f 767/767/767 766/766/766 764/764/764
f 769/769/769 764/764/764 768/768/768
f 768/768/768 770/770/770 769/769/769
f 773/773/773 772/772/772 771/771/771
f 771/771/771 772/772/772 774/774/774
f 777/777/777 776/776/776 775/775/775
f 775/775/775 776/776/776 778/778/778
f 781/781/781 780/780/780 779/779/779
f 779/779/779 780/780/780 782/782/782
f 785/785/785 784/784/784 783/783/783
f 783/783/783 784/784/784 786/786/786
f 789/789/789 788/788/788 787/787/787
f 787/787/787 788/788/788 790/790/790
f 793/793/793 792/792/792 791/791/791
f 791/791/791 792/792/792 794/794/794
f 797/797/797 796/796/796 795/795/795
f 795/795/795 796/796/796 798/798/798
f 801/801/801 800/800/800 799/799/799
f 799/799/799 800/800/800 802/802/802
f 805/805/805 804/804/804 803/803/803
f 803/803/803 804/804/804 806/806/806
f 809/809/809 808/808/808 807/807/807
f 807/807/807 808/808/808 810/810/810
f 813/813/813 812/812/812 811/811/811
f 814/814/814 811/811/811 812/812/812
f 811/811/811 814/814/814 815/815/815
f 818/818/818 817/817/817 816/816/816
f 816/816/816 817/817/817 819/819/819
f 822/822/822 821/821/821 820/820/820
f 820/820/820 821/821/821 823/823/823
f 826/826/826 825/825/825 824/824/824
f 824/824/824 825/825/825 827/827/827
f 830/830/830 829/829/829 828/828/828
f 828/828/828 829/829/829 831/831/831
f 834/834/834 833/833/833 832/832/832
f 835/835/835 834/834/834 832/832/832
f 838/838/838 837/837/837 836/836/836
f 836/836/836 837/837/837 839/839/839
f 842/842/842 841/841/841 840/840/840
f 840/840/840 841/841/841 843/843/843
f 846/846/846 845/845/845 844/844/844
f 844/844/844 845/845/845 847/847/847
f 850/850/850 849/849/849 848/848/848
f 848/848/848 849/849/849 851/851/851
f 854/854/854 853/853/853 852/852/852
f 852/852/852 853/853/853 855/855/855
f 858/858/858 857/857/857 856/856/856
f 856/856/856 857/857/857 859/859/859
f 862/862/862 861/861/861 860/860/860
f 860/860/860 861/861/861 863/863/863
f 866/866/866 865/865/865 864/864/864
f 864/864/864 865/865/865 867/867/867
f 870/870/870 869/869/869 868/868/868
f 868/868/868 869/869/869 871/871/871
f 874/874/874 873/873/873 872/872/872
f 872/872/872 873/873/873 875/875/875
f 878/878/878 877/877/877 876/876/876
f 876/876/876 877/877/877 879/879/879
f 882/882/882 881/881/881 880/880/880
f 880/880/880 881/881/881 883/883/883
f 886/886/886 885/885/885 884/884/884
f 884/884/884 885/885/885 887/887/887
f 890/890/890 889/889/889 888/888/888
f 888/888/888 889/889/889 891/891/891
f 894/894/894 893/893/893 892/892/892
f 892/892/892 893/893/893 895/895/895
f 898/898/898 897/897/897 896/896/896
f 896/896/896 897/897/897 899/899/899
f 902/902/902 901/901/901 900/900/900
f 900/900/900 901/901/901 903/903/903
f 906/906/906 905/905/905 904/904/904
f 904/904/904 905/905/905 907/907/907
f 910/910/910 909/909/909 908/908/908
f 908/908/908 909/909/909 911/911/911
f 914/914/914 913/913/913 912/912/912
f 912/912/912 913/913/913 915/915/915
f 918/918/918 917/917/917 916/916/916
f 916/916/916 917/917/917 919/919/919
f 922/922/922 921/921/921 920/920/920
f 920/920/920 921/921/921 923/923/923
f 926/926/926 925/925/925 924/924/924
f 924/924/924 925/925/925 927/927/927
f 930/930/930 929/929/929 928/928/928
f 928/928/928 929/929/929 931/931/931
f 934/934/934 933/933/933 932/932/932
f 932/932/932 933/933/933 935/935/935
f 938/938/938 937/937/937 936/936/936
f 939/939/939 938/938/938 936/936/936
f 939/939/939 940/940/940 938/938/938
f 943/943/943 942/942/942 941/941/941
f 941/941/941 942/942/942 944/944/944
f 947/947/947 946/946/946 945/945/945
f 945/945/945 946/946/946 948/948/948
f 951/951/951 950/950/950 949/949/949
f 949/949/949 950/950/950 952/952/952
f 955/955/955 954/954/954 953/953/953
f 953/953/953 954/954/954 956/956/956
f 959/959/959 958/958/958 957/957/957
f 957/957/957 958/958/958 960/960/960
f 963/963/963 962/962/962 961/961/961
f 961/961/961 962/962/962 964/964/964
f 967/967/967 966/966/966 965/965/965
f 965/965/965 966/966/966 968/968/968
f 971/971/971 970/970/970 969/969/969
f 969/969/969 970/970/970 972/972/972
f 975/975/975 974/974/974 973/973/973
f 973/973/973 974/974/974 976/976/976
f 979/979/979 978/978/978 977/977/977
f 977/977/977 978/978/978 980/980/980
f 983/983/983 982/982/982 981/981/981
f 981/981/981 982/982/982 984/984/984
f 987/987/987 986/986/986 985/985/985
f 985/985/985 986/986/986 988/988/988
f 991/991/991 990/990/990 989/989/989
f 989/989/989 990/990/990 992/992/992
f 995/995/995 994/994/994 993/993/993
f 993/993/993 994/994/994 996/996/996
f 999/999/999 998/998/998 997/997/997
f 997/997/997 998/998/998 1000/1000/1000
f 1003/1003/1003 1002/1002/1002 1001/1001/1001
f 1001/1001/1001 1002/1002/1002 1004/1004/1004
f 1007/1007/1007 1006/1006/1006 1005/1005/1005
f 1005/1005/1005 1006/1006/1006 1008/1008/1008
f 1011/1011/1011 1010/1010/1010 1009/1009/1009
f 1009/1009/1009 1010/1010/1010 1012/1012/1012
f 1015/1015/1015 1014/1014/1014 1013/1013/1013
f 1013/1013/1013 1014/1014/1014 1016/1016/1016
f 1019/1019/1019 1018/1018/1018 1017/1017/1017
f 1017/1017/1017 1018/1018/1018 1020/1020/1020
f 1023/1023/1023 1022/1022/1022 1021/1021/1021
f 1021/1021/1021 1022/1022/1022 1024/1024/1024
f 1027/1027/1027 1026/1026/1026 1025/1025/1025
f 1025/1025/1025 1026/1026/1026 1028/1028/1028
f 1031/1031/1031 1030/1030/1030 1029/1029/1029
f 1029/1029/1029 1030/1030/1030 1032/1032/1032
f 1035/1035/1035 1034/1034/1034 1033/1033/1033
f 1033/1033/1033 1034/1034/1034 1036/1036/1036
f 1039/1039/1039 1038/1038/1038 1037/1037/1037
f 1037/1037/1037 1038/1038/1038 1040/1040/1040
f 1043/1043/1043 1042/1042/1042 1041/1041/1041
f 1041/1041/1041 1042/1042/1042 1044/1044/1044
f 1047/1047/1047 1046/1046/1046 1045/1045/1045
f 1045/1045/1045 1046/1046/1046 1048/1048/1048
f 1051/1051/1051 1050/1050/1050 1049/1049/1049
f 1049/1049/1049 1050/1050/1050 1052/1052/1052
f 1055/1055/1055 1054/1054/1054 1053/1053/1053
f 1053/1053/1053 1054/1054/1054 1056/1056/1056
f 1059/1059/1059 1058/1058/1058 1057/1057/1057
f 1057/1057/1057 1058/1058/1058 1060/1060/1060
f 1063/1063/1063 1062/1062/1062 1061/1061/1061
f 1061/1061/1061 1062/1062/1062 1064/1064/1064
f 1067/1067/1067 1066/1066/1066 1065/1065/1065
f 1065/1065/1065 1066/1066/1066 1068/1068/1068
f 1071/1071/1071 1070/1070/1070 1069/1069/1069
f 1069/1069/1069 1070/1070/1070 1072/1072/1072
f 1075/1075/1075 1074/1074/1074 1073/1073/1073
f 1073/1073/1073 1074/1074/1074 1076/1076/1076
f 1079/1079/1079 1078/1078/1078 1077/1077/1077
f 1077/1077/1077 1078/1078/1078 1080/1080/1080
f 1083/1083/1083 1082/1082/1082 1081/1081/1081
f 1081/1081/1081 1082/1082/1082 1084/1084/1084
f 1087/1087/1087 1086/1086/1086 1085/1085/1085
f 1085/1085/1085 1086/1086/1086 1088/1088/1088
f 1091/1091/1091 1090/1090/1090 1089/1089/1089
f 1089/1089/1089 1090/1090/1090 1092/1092/1092
f 1095/1095/1095 1094/1094/1094 1093/1093/1093
f 1093/1093/1093 1094/1094/1094 1096/1096/1096
f 1099/1099/1099 1098/1098/1098 1097/1097/1097
f 1097/1097/1097 1098/1098/1098 1100/1100/1100
f 1103/1103/1103 1102/1102/1102 1101/1101/1101
f 1101/1101/1101 1102/1102/1102 1104/1104/1104
f 1107/1107/1107 1106/1106/1106 1105/1105/1105
f 1105/1105/1105 1106/1106/1106 1108/1108/1108
f 1111/1111/1111 1110/1110/1110 1109/1109/1109
f 1109/1109/1109 1110/1110/1110 1112/1112/1112
f 1115/1115/1115 1114/1114/1114 1113/1113/1113
f 1113/1113/1113 1114/1114/1114 1116/1116/1116
f 1119/1119/1119 1118/1118/1118 1117/1117/1117
f 1117/1117/1117 1118/1118/1118 1120/1120/1120
f 1123/1123/1123 1122/1122/1122 1121/1121/1121
f 1121/1121/1121 1122/1122/1122 1124/1124/1124
f 1127/1127/1127 1126/1126/1126 1125/1125/1125
f 1125/1125/1125 1126/1126/1126 1128/1128/1128
f 1131/1131/1131 1130/1130/1130 1129/1129/1129
f 1129/1129/1129 1130/1130/1130 1132/1132/1132
f 1135/1135/1135 1134/1134/1134 1133/1133/1133
f 1133/1133/1133 1134/1134/1134 1136/1136/1136
f 1139/1139/1139 1138/1138/1138 1137/1137/1137
f 1137/1137/1137 1138/1138/1138 1140/1140/1140
f 1143/1143/1143 1142/1142/1142 1141/1141/1141
f 1141/1141/1141 1142/1142/1142 1144/1144/1144
f 1147/1147/1147 1146/1146/1146 1145/1145/1145
f 1145/1145/1145 1146/1146/1146 1148/1148/1148
f 1151/1151/1151 1150/1150/1150 1149/1149/1149
f 1149/1149/1149 1150/1150/1150 1152/1152/1152
f 1153/1153/1153 1152/1152/1152 1150/1150/1150
f 1156/1156/1156 1155/1155/1155 1154/1154/1154
f 1154/1154/1154 1155/1155/1155 1157/1157/1157
f 1160/1160/1160 1159/1159/1159 1158/1158/1158
f 1158/1158/1158 1159/1159/1159 1161/1161/1161
f 1164/1164/1164 1163/1163/1163 1162/1162/1162
f 1162/1162/1162 1163/1163/1163 1165/1165/1165
f 1168/1168/1168 1167/1167/1167 1166/1166/1166
f 1166/1166/1166 1167/1167/1167 1169/1169/1169
f 1172/1172/1172 1171/1171/1171 1170/1170/1170
f 1170/1170/1170 1171/1171/1171 1173/1173/1173
f 1176/1176/1176 1175/1175/1175 1174/1174/1174
f 1174/1174/1174 1175/1175/1175 1177/1177/1177
f 1180/1180/1180 1179/1179/1179 1178/1178/1178
f 1178/1178/1178 1179/1179/1179 1181/1181/1181
f 1184/1184/1184 1183/1183/1183 1182/1182/1182
f 1182/1182/1182 1183/1183/1183 1185/1185/1185
f 1188/1188/1188 1187/1187/1187 1186/1186/1186
f 1186/1186/1186 1187/1187/1187 1189/1189/1189
f 1192/1192/1192 1191/1191/1191 1190/1190/1190
f 1193/1193/1193 1190/1190/1190 1191/1191/1191
f 1196/1196/1196 1195/1195/1195 1194/1194/1194
f 1194/1194/1194 1195/1195/1195 1197/1197/1197
f 1200/1200/1200 1199/1199/1199 1198/1198/1198
f 1198/1198/1198 1199/1199/1199 1201/1201/1201
f 1204/1204/1204 1203/1203/1203 1202/1202/1202
f 1202/1202/1202 1203/1203/1203 1205/1205/1205
f 1208/1208/1208 1207/1207/1207 1206/1206/1206
f 1206/1206/1206 1207/1207/1207 1209/1209/1209
f 1210/1210/1210 1209/1209/1209 1207/1207/1207
f 1213/1213/1213 1212/1212/1212 1211/1211/1211
f 1211/1211/1211 1212/1212/1212 1214/1214/1214
f 1217/1217/1217 1216/1216/1216 1215/1215/1215
f 1215/1215/1215 1216/1216/1216 1218/1218/1218
f 1221/1221/1221 1220/1220/1220 1219/1219/1219
f 1219/1219/1219 1220/1220/1220 1222/1222/1222
f 1225/1225/1225 1224/1224/1224 1223/1223/1223
f 1223/1223/1223 1224/1224/1224 1226/1226/1226
f 1229/1229/1229 1228/1228/1228 1227/1227/1227
f 1227/1227/1227 1228/1228/1228 1230/1230/1230
f 1233/1233/1233 1232/1232/1232 1231/1231/1231
f 1232/1232/1232 1233/1233/1233 1234/1234/1234
f 1235/1235/1235 1234/1234/1234 1233/1233/1233
f 1238/1238/1238 1237/1237/1237 1236/1236/1236
f 1236/1236/1236 1237/1237/1237 1239/1239/1239
f 1242/1242/1242 1241/1241/1241 1240/1240/1240
f 1240/1240/1240 1241/1241/1241 1243/1243/1243
f 1246/1246/1246 1245/1245/1245 1244/1244/1244
f 1244/1244/1244 1245/1245/1245 1247/1247/1247
f 1250/1250/1250 1249/1249/1249 1248/1248/1248
f 1248/1248/1248 1249/1249/1249 1251/1251/1251
f 1254/1254/1254 1253/1253/1253 1252/1252/1252
f 1252/1252/1252 1253/1253/1253 1255/1255/1255
f 1258/1258/1258 1257/1257/1257 1256/1256/1256
f 1256/1256/1256 1257/1257/1257 1259/1259/1259
f 1262/1262/1262 1261/1261/1261 1260/1260/1260
f 1260/1260/1260 1261/1261/1261 1263/1263/1263
f 1266/1266/1266 1265/1265/1265 1264/1264/1264
f 1267/1267/1267 1264/1264/1264 1265/1265/1265
f 1264/1264/1264 1267/1267/1267 1268/1268/1268
f 1271/1271/1271 1270/1270/1270 1269/1269/1269
f 1269/1269/1269 1270/1270/1270 1272/1272/1272
f 1275/1275/1275 1274/1274/1274 1273/1273/1273
f 1273/1273/1273 1274/1274/1274 1276/1276/1276
f 1279/1279/1279 1278/1278/1278 1277/1277/1277
f 1277/1277/1277 1278/1278/1278 1280/1280/1280
f 1283/1283/1283 1282/1282/1282 1281/1281/1281
f 1281/1281/1281 1282/1282/1282 1284/1284/1284
f 1287/1287/1287 1286/1286/1286 1285/1285/1285
f 1285/1285/1285 1286/1286/1286 1288/1288/1288
f 1291/1291/1291 1290/1290/1290 1289/1289/1289
f 1289/1289/1289 1290/1290/1290 1292/1292/1292
f 1295/1295/1295 1294/1294/1294 1293/1293/1293
f 1293/1293/1293 1294/1294/1294 1296/1296/1296
f 1299/1299/1299 1298/1298/1298 1297/1297/1297
f 1297/1297/1297 1298/1298/1298 1300/1300/1300
f 1303/1303/1303 1302/1302/1302 1301/1301/1301
f 1301/1301/1301 1302/1302/1302 1304/1304/1304
f 1307/1307/1307 1306/1306/1306 1305/1305/1305
f 1305/1305/1305 1306/1306/1306 1308/1308/1308
f 1311/1311/1311 1310/1310/1310 1309/1309/1309
f 1309/1309/1309 1310/1310/1310 1312/1312/1312
f 1315/1315/1315 1314/1314/1314 1313/1313/1313
f 1313/1313/1313 1314/1314/1314 1316/1316/1316
f 1319/1319/1319 1318/1318/1318 1317/1317/1317
f 1317/1317/1317 1318/1318/1318 1320/1320/1320
f 1323/1323/1323 1322/1322/1322 1321/1321/1321
f 1321/1321/1321 1322/1322/1322 1324/1324/1324
f 1327/1327/1327 1326/1326/1326 1325/1325/1325
f 1325/1325/1325 1326/1326/1326 1328/1328/1328
f 1331/1331/1331 1330/1330/1330 1329/1329/1329
f 1329/1329/1329 1330/1330/1330 1332/1332/1332
f 1335/1335/1335 1334/1334/1334 1333/1333/1333
f 1333/1333/1333 1334/1334/1334 1336/1336/1336
f 1339/1339/1339 1338/1338/1338 1337/1337/1337
f 1337/1337/1337 1338/1338/1338 1340/1340/1340
f 1343/1343/1343 1342/1342/1342 1341/1341/1341
f 1341/1341/1341 1342/1342/1342 1344/1344/1344
f 1347/1347/1347 1346/1346/1346 1345/1345/1345
f 1345/1345/1345 1346/1346/1346 1348/1348/1348
f 1349/1349/1349 1348/1348/1348 1346/1346/1346
f 1352/1352/1352 1351/1351/1351 1350/1350/1350
f 1353/1353/1353 1350/1350/1350 1351/1351/1351
f 1356/1356/1356 1355/1355/1355 1354/1354/1354
f 1354/1354/1354 1355/1355/1355 1357/1357/1357
f 1360/1360/1360 1359/1359/1359 1358/1358/1358
f 1358/1358/1358 1359/1359/1359 1361/1361/1361
f 1364/1364/1364 1363/1363/1363 1362/1362/1362
f 1362/1362/1362 1363/1363/1363 1365/1365/1365
f 1368/1368/1368 1367/1367/1367 1366/1366/1366
f 1366/1366/1366 1367/1367/1367 1369/1369/1369
f 1372/1372/1372 1371/1371/1371 1370/1370/1370
f 1370/1370/1370 1371/1371/1371 1373/1373/1373
f 1376/1376/1376 1375/1375/1375 1374/1374/1374
f 1374/1374/1374 1375/1375/1375 1377/1377/1377
f 1380/1380/1380 1379/1379/1379 1378/1378/1378
f 1381/1381/1381 1378/1378/1378 1379/1379/1379
f 1378/1378/1378 1381/1381/1381 1382/1382/1382
f 1385/1385/1385 1384/1384/1384 1383/1383/1383
f 1383/1383/1383 1384/1384/1384 1386/1386/1386
f 1389/1389/1389 1388/1388/1388 1387/1387/1387
f 1387/1387/1387 1388/1388/1388 1390/1390/1390
f 1393/1393/1393 1392/1392/1392 1391/1391/1391
f 1391/1391/1391 1392/1392/1392 1394/1394/1394
f 1397/1397/1397 1396/1396/1396 1395/1395/1395
f 1395/1395/1395 1396/1396/1396 1398/1398/1398
f 1401/1401/1401 1400/1400/1400 1399/1399/1399
f 1402/1402/1402 1399/1399/1399 1400/1400/1400
f 1405/1405/1405 1404/1404/1404 1403/1403/1403
f 1403/1403/1403 1404/1404/1404 1406/1406/1406
f 1409/1409/1409 1408/1408/1408 1407/1407/1407
f 1407/1407/1407 1408/1408/1408 1410/1410/1410
f 1413/1413/1413 1412/1412/1412 1411/1411/1411
f 1411/1411/1411 1412/1412/1412 1414/1414/1414
f 1417/1417/1417 1416/1416/1416 1415/1415/1415
f 1415/1415/1415 1416/1416/1416 1418/1418/1418
f 1421/1421/1421 1420/1420/1420 1419/1419/1419
f 1419/1419/1419 1420/1420/1420 1422/1422/1422
f 1425/1425/1425 1424/1424/1424 1423/1423/1423
f 1426/1426/1426 1423/1423/1423 1424/1424/1424
f 1423/1423/1423 1426/1426/1426 1427/1427/1427
f 1430/1430/1430 1429/1429/1429 1428/1428/1428
f 1428/1428/1428 1429/1429/1429 1431/1431/1431
f 1434/1434/1434 1433/1433/1433 1432/1432/1432
f 1432/1432/1432 1433/1433/1433 1435/1435/1435
f 1438/1438/1438 1437/1437/1437 1436/1436/1436
f 1436/1436/1436 1437/1437/1437 1439/1439/1439
f 1442/1442/1442 1441/1441/1441 1440/1440/1440
f 1440/1440/1440 1441/1441/1441 1443/1443/1443
f 1446/1446/1446 1445/1445/1445 1444/1444/1444
f 1444/1444/1444 1445/1445/1445 1447/1447/1447
f 1450/1450/1450 1449/1449/1449 1448/1448/1448
f 1448/1448/1448 1449/1449/1449 1451/1451/1451
f 1454/1454/1454 1453/1453/1453 1452/1452/1452
f 1452/1452/1452 1453/1453/1453 1455/1455/1455
f 1458/1458/1458 1457/1457/1457 1456/1456/1456
f 1456/1456/1456 1457/1457/1457 1459/1459/1459
f 1462/1462/1462 1461/1461/1461 1460/1460/1460
f 1462/1462/1462 1463/1463/1463 1461/1461/1461
f 1461/1461/1461 1463/1463/1463 1464/1464/1464
f 1465/1465/1465 1464/1464/1464 1463/1463/1463
f 1466/1466/1466 1464/1464/1464 1465/1465/1465
f 1467/1467/1467 1464/1464/1464 1466/1466/1466
f 1470/1470/1470 1469/1469/1469 1468/1468/1468
f 1469/1469/1469 1471/1471/1471 1468/1468/1468
f 1472/1472/1472 1468/1468/1468 1471/1471/1471
f 1469/1469/1469 1473/1473/1473 1471/1471/1471
f 1471/1471/1471 1473/1473/1473 1474/1474/1474
f 1473/1473/1473 1475/1475/1475 1474/1474/1474
f 1476/1476/1476 1474/1474/1474 1475/1475/1475
f 1477/1477/1477 1474/1474/1474 1476/1476/1476
f 1473/1473/1473 1478/1478/1478 1475/1475/1475
f 1475/1475/1475 1478/1478/1478 1479/1479/1479
f 1473/1473/1473 1480/1480/1480 1478/1478/1478
f 1481/1481/1481 1479/1479/1479 1478/1478/1478
f 1482/1482/1482 1479/1479/1479 1481/1481/1481
f 1483/1483/1483 1479/1479/1479 1482/1482/1482
f 1484/1484/1484 1479/1479/1479 1483/1483/1483
f 1485/1485/1485 1479/1479/1479 1484/1484/1484
f 1478/1478/1478 1480/1480/1480 1486/1486/1486
f 1487/1487/1487 1486/1486/1486 1480/1480/1480
f 1488/1488/1488 1487/1487/1487 1480/1480/1480
f 1489/1489/1489 1486/1486/1486 1487/1487/1487
f 1486/1486/1486 1489/1489/1489 1490/1490/1490
f 1491/1491/1491 1489/1489/1489 1487/1487/1487
f 1492/1492/1492 1491/1491/1491 1487/1487/1487
f 1494/1494/1494 1493/1493/1493 1480/1480/1480
f 1495/1495/1495 1494/1494/1494 1480/1480/1480
f 1496/1496/1496 1494/1494/1494 1495/1495/1495
f 1497/1497/1497 1496/1496/1496 1495/1495/1495
f 1498/1498/1498 1494/1494/1494 1496/1496/1496
f 1499/1499/1499 1494/1494/1494 1498/1498/1498
f 1501/1501/1501 1486/1486/1486 1500/1500/1500
f 1486/1486/1486 1501/1501/1501 1502/1502/1502
f 1502/1502/1502 1501/1501/1501 1503/1503/1503
f 1504/1504/1504 1503/1503/1503 1501/1501/1501
f 1505/1505/1505 1503/1503/1503 1504/1504/1504
f 1502/1502/1502 1503/1503/1503 1506/1506/1506
f 1507/1507/1507 1502/1502/1502 1506/1506/1506
f 1510/1510/1510 1509/1509/1509 1508/1508/1508
f 1511/1511/1511 1508/1508/1508 1509/1509/1509
f 1512/1512/1512 1508/1508/1508 1511/1511/1511
f 1515/1515/1515 1514/1514/1514 1513/1513/1513
f 1517/1517/1517 1514/1514/1514 1516/1516/1516
f 1516/1516/1516 1514/1514/1514 1518/1518/1518
f 1520/1520/1520 1513/1513/1513 1519/1519/1519
f 1520/1520/1520 1519/1519/1519 1521/1521/1521
f 1522/1522/1522 1521/1521/1521 1519/1519/1519
f 1525/1525/1525 1524/1524/1524 1523/1523/1523
f 1524/1524/1524 1525/1525/1525 1526/1526/1526
f 1527/1527/1527 1524/1524/1524 1526/1526/1526
f 1530/1530/1530 1529/1529/1529 1528/1528/1528
f 1530/1530/1530 1531/1531/1531 1529/1529/1529
f 1532/1532/1532 1529/1529/1529 1531/1531/1531
f 1529/1529/1529 1532/1532/1532 1533/1533/1533
f 1534/1534/1534 1533/1533/1533 1532/1532/1532
f 1535/1535/1535 1533/1533/1533 1534/1534/1534
f 1538/1538/1538 1537/1537/1537 1536/1536/1536
f 1539/1539/1539 1537/1537/1537 1538/1538/1538
f 1537/1537/1537 1539/1539/1539 1540/1540/1540
f 1541/1541/1541 1540/1540/1540 1539/1539/1539
f 1541/1541/1541 1542/1542/1542 1540/1540/1540
f 1542/1542/1542 1543/1543/1543 1540/1540/1540
f 1540/1540/1540 1543/1543/1543 1544/1544/1544
f 1547/1547/1547 1546/1546/1546 1545/1545/1545
f 1546/1546/1546 1548/1548/1548 1545/1545/1545
f 1551/1551/1551 1550/1550/1550 1549/1549/1549
f 1552/1552/1552 1550/1550/1550 1551/1551/1551
f 1555/1555/1555 1554/1554/1554 1553/1553/1553
f 1555/1555/1555 1556/1556/1556 1554/1554/1554
f 1559/1559/1559 1558/1558/1558 1557/1557/1557
f 1560/1560/1560 1557/1557/1557 1558/1558/1558
f 1560/1560/1560 1561/1561/1561 1557/1557/1557
f 1562/1562/1562 1557/1557/1557 1561/1561/1561
f 1565/1565/1565 1564/1564/1564 1563/1563/1563
f 1566/1566/1566 1564/1564/1564 1565/1565/1565
f 1569/1569/1569 1568/1568/1568 1567/1567/1567
f 1569/1569/1569 1570/1570/1570 1568/1568/1568
f 1571/1571/1571 1568/1568/1568 1570/1570/1570
f 1572/1572/1572 1571/1571/1571 1570/1570/1570
f 1575/1575/1575 1574/1574/1574 1573/1573/1573
f 1575/1575/1575 1576/1576/1576 1574/1574/1574
f 1577/1577/1577 1574/1574/1574 1576/1576/1576
f 1574/1574/1574 1577/1577/1577 1578/1578/1578
f 1579/1579/1579 1578/1578/1578 1577/1577/1577
f 1580/1580/1580 1578/1578/1578 1579/1579/1579
f 1583/1583/1583 1582/1582/1582 1581/1581/1581
f 1582/1582/1582 1584/1584/1584 1581/1581/1581
f 1587/1587/1587 1586/1586/1586 1585/1585/1585
f 1588/1588/1588 1585/1585/1585 1586/1586/1586
f 1588/1588/1588 1586/1586/1586 1589/1589/1589
f 1590/1590/1590 1589/1589/1589 1586/1586/1586
f 1593/1593/1593 1592/1592/1592 1591/1591/1591
f 1594/1594/1594 1591/1591/1591 1592/1592/1592
f 1595/1595/1595 1591/1591/1591 1594/1594/1594
f 1596/1596/1596 1591/1591/1591 1595/1595/1595
f 1599/1599/1599 1598/1598/1598 1597/1597/1597
f 1599/1599/1599 1600/1600/1600 1598/1598/1598
f 1598/1598/1598 1600/1600/1600 1601/1601/1601
f 1602/1602/1602 1601/1601/1601 1600/1600/1600
f 1603/1603/1603 1601/1601/1601 1602/1602/1602
f 1604/1604/1604 1601/1601/1601 1603/1603/1603
f 1607/1607/1607 1606/1606/1606 1605/1605/1605
f 1607/1607/1607 1608/1608/1608 1606/1606/1606
f 1607/1607/1607 1609/1609/1609 1608/1608/1608
f 1612/1612/1612 1611/1611/1611 1610/1610/1610
f 1613/1613/1613 1611/1611/1611 1612/1612/1612
f 1611/1611/1611 1613/1613/1613 1614/1614/1614
f 1615/1615/1615 1614/1614/1614 1613/1613/1613
f 1614/1614/1614 1615/1615/1615 1616/1616/1616
f 1619/1619/1619 1618/1618/1618 1617/1617/1617
f 1617/1617/1617 1618/1618/1618 1620/1620/1620
f 1618/1618/1618 1621/1621/1621 1620/1620/1620
f 1624/1624/1624 1623/1623/1623 1622/1622/1622
f 1623/1623/1623 1624/1624/1624 1625/1625/1625
f 1623/1623/1623 1625/1625/1625 1626/1626/1626
f 1627/1627/1627 1626/1626/1626 1625/1625/1625
f 1630/1630/1630 1629/1629/1629 1628/1628/1628
f 1629/1629/1629 1631/1631/1631 1628/1628/1628
f 1628/1628/1628 1631/1631/1631 1632/1632/1632
f 1633/1633/1633 1632/1632/1632 1631/1631/1631
f 1634/1634/1634 1632/1632/1632 1633/1633/1633
f 1635/1635/1635 1632/1632/1632 1634/1634/1634
f 1638/1638/1638 1637/1637/1637 1636/1636/1636
f 1637/1637/1637 1639/1639/1639 1636/1636/1636
f 1639/1639/1639 1637/1637/1637 1640/1640/1640
f 1641/1641/1641 1640/1640/1640 1637/1637/1637
f 1644/1644/1644 1643/1643/1643 1642/1642/1642
f 1643/1643/1643 1644/1644/1644 1645/1645/1645
f 1646/1646/1646 1643/1643/1643 1645/1645/1645
f 1649/1649/1649 1648/1648/1648 1647/1647/1647
f 1648/1648/1648 1650/1650/1650 1647/1647/1647
f 1651/1651/1651 1647/1647/1647 1650/1650/1650
f 1654/1654/1654 1653/1653/1653 1652/1652/1652
f 1655/1655/1655 1652/1652/1652 1653/1653/1653
f 1656/1656/1656 1655/1655/1655 1653/1653/1653
f 1659/1659/1659 1658/1658/1658 1657/1657/1657
f 1658/1658/1658 1659/1659/1659 1660/1660/1660
f 1661/1661/1661 1658/1658/1658 1660/1660/1660
f 1664/1664/1664 1663/1663/1663 1662/1662/1662
f 1663/1663/1663 1664/1664/1664 1665/1665/1665
f 1665/1665/1665 1664/1664/1664 1666/1666/1666
f 1667/1667/1667 1665/1665/1665 1666/1666/1666
f 1670/1670/1670 1669/1669/1669 1668/1668/1668
f 1669/1669/1669 1670/1670/1670 1671/1671/1671
f 1669/1669/1669 1671/1671/1671 1672/1672/1672
f 1673/1673/1673 1672/1672/1672 1671/1671/1671
f 1676/1676/1676 1675/1675/1675 1674/1674/1674
f 1675/1675/1675 1677/1677/1677 1674/1674/1674
f 1674/1674/1674 1677/1677/1677 1678/1678/1678
f 1679/1679/1679 1678/1678/1678 1677/1677/1677
f 1680/1680/1680 1678/1678/1678 1679/1679/1679
f 1681/1681/1681 1678/1678/1678 1680/1680/1680
f 1684/1684/1684 1683/1683/1683 1682/1682/1682
f 1683/1683/1683 1684/1684/1684 1685/1685/1685
f 1685/1685/1685 1684/1684/1684 1686/1686/1686
f 1689/1689/1689 1688/1688/1688 1687/1687/1687
f 1688/1688/1688 1689/1689/1689 1690/1690/1690
f 1688/1688/1688 1690/1690/1690 1691/1691/1691
f 1692/1692/1692 1691/1691/1691 1690/1690/1690
f 1695/1695/1695 1694/1694/1694 1693/1693/1693
f 1696/1696/1696 1693/1693/1693 1694/1694/1694
f 1696/1696/1696 1697/1697/1697 1693/1693/1693
f 1697/1697/1697 1696/1696/1696 1698/1698/1698
f 1701/1701/1701 1700/1700/1700 1699/1699/1699
f 1700/1700/1700 1701/1701/1701 1702/1702/1702
f 1700/1700/1700 1702/1702/1702 1703/1703/1703
f 1704/1704/1704 1703/1703/1703 1702/1702/1702
f 1707/1707/1707 1706/1706/1706 1705/1705/1705
f 1708/1708/1708 1705/1705/1705 1706/1706/1706
f 1709/1709/1709 1708/1708/1708 1706/1706/1706
f 1712/1712/1712 1711/1711/1711 1710/1710/1710
f 1713/1713/1713 1710/1710/1710 1711/1711/1711
f 1713/1713/1713 1714/1714/1714 1710/1710/1710
f 1715/1715/1715 1710/1710/1710 1714/1714/1714
f 1718/1718/1718 1717/1717/1717 1716/1716/1716
f 1717/1717/1717 1718/1718/1718 1719/1719/1719
f 1719/1719/1719 1718/1718/1718 1720/1720/1720
f 1723/1723/1723 1722/1722/1722 1721/1721/1721
f 1722/1722/1722 1724/1724/1724 1721/1721/1721
f 1726/1726/1726 1721/1721/1721 1725/1725/1725
f 1728/1728/1728 1727/1727/1727 1726/1726/1726
f 1729/1729/1729 1727/1727/1727 1728/1728/1728
f 1732/1732/1732 1731/1731/1731 1730/1730/1730
f 1733/1733/1733 1731/1731/1731 1732/1732/1732
f 1736/1736/1736 1735/1735/1735 1734/1734/1734
f 1735/1735/1735 1736/1736/1736 1737/1737/1737
f 1737/1737/1737 1736/1736/1736 1738/1738/1738
f 1739/1739/1739 1737/1737/1737 1738/1738/1738
f 1742/1742/1742 1741/1741/1741 1740/1740/1740
f 1741/1741/1741 1742/1742/1742 1743/1743/1743
f 1743/1743/1743 1742/1742/1742 1744/1744/1744
f 1747/1747/1747 1746/1746/1746 1745/1745/1745
f 1748/1748/1748 1745/1745/1745 1746/1746/1746
f 1749/1749/1749 1748/1748/1748 1746/1746/1746
f 1752/1752/1752 1751/1751/1751 1750/1750/1750
f 1751/1751/1751 1753/1753/1753 1750/1750/1750
f 1750/1750/1750 1753/1753/1753 1754/1754/1754
f 1755/1755/1755 1754/1754/1754 1753/1753/1753
f 1756/1756/1756 1754/1754/1754 1755/1755/1755
f 1757/1757/1757 1754/1754/1754 1756/1756/1756
f 1760/1760/1760 1759/1759/1759 1758/1758/1758
f 1761/1761/1761 1758/1758/1758 1759/1759/1759
f 1762/1762/1762 1761/1761/1761 1759/1759/1759
f 1765/1765/1765 1764/1764/1764 1763/1763/1763
f 1764/1764/1764 1765/1765/1765 1766/1766/1766
f 1766/1766/1766 1765/1765/1765 1767/1767/1767
f 1770/1770/1770 1769/1769/1769 1768/1768/1768
f 1771/1771/1771 1768/1768/1768 1769/1769/1769
f 1772/1772/1772 1771/1771/1771 1769/1769/1769
f 1775/1775/1775 1774/1774/1774 1773/1773/1773
f 1775/1775/1775 1776/1776/1776 1774/1774/1774
f 1777/1777/1777 1774/1774/1774 1776/1776/1776
f 1778/1778/1778 1774/1774/1774 1777/1777/1777
f 1779/1779/1779 1778/1778/1778 1777/1777/1777
f 1780/1780/1780 1778/1778/1778 1779/1779/1779
f 1783/1783/1783 1782/1782/1782 1781/1781/1781
f 1782/1782/1782 1783/1783/1783 1784/1784/1784
f 1785/1785/1785 1782/1782/1782 1784/1784/1784
f 1788/1788/1788 1787/1787/1787 1786/1786/1786
f 1789/1789/1789 1786/1786/1786 1787/1787/1787
f 1789/1789/1789 1787/1787/1787 1790/1790/1790
f 1791/1791/1791 1790/1790/1790 1787/1787/1787
f 1794/1794/1794 1793/1793/1793 1792/1792/1792
f 1793/1793/1793 1794/1794/1794 1795/1795/1795
f 1793/1793/1793 1795/1795/1795 1796/1796/1796
f 1797/1797/1797 1796/1796/1796 1795/1795/1795
f 1800/1800/1800 1799/1799/1799 1798/1798/1798
f 1799/1799/1799 1801/1801/1801 1798/1798/1798
f 1801/1801/1801 1799/1799/1799 1802/1802/1802
f 1803/1803/1803 1802/1802/1802 1799/1799/1799
f 1806/1806/1806 1805/1805/1805 1804/1804/1804
f 1805/1805/1805 1806/1806/1806 1807/1807/1807
f 1808/1808/1808 1805/1805/1805 1807/1807/1807
f 1811/1811/1811 1810/1810/1810 1809/1809/1809
f 1810/1810/1810 1811/1811/1811 1812/1812/1812
f 1812/1812/1812 1811/1811/1811 1813/1813/1813
f 1816/1816/1816 1815/1815/1815 1814/1814/1814
f 1815/1815/1815 1816/1816/1816 1817/1817/1817
f 1818/1818/1818 1815/1815/1815 1817/1817/1817
f 1821/1821/1821 1820/1820/1820 1819/1819/1819
f 1820/1820/1820 1822/1822/1822 1819/1819/1819
f 1819/1819/1819 1822/1822/1822 1823/1823/1823
f 1824/1824/1824 1823/1823/1823 1822/1822/1822
f 1825/1825/1825 1823/1823/1823 1824/1824/1824
f 1826/1826/1826 1823/1823/1823 1825/1825/1825
f 1829/1829/1829 1828/1828/1828 1827/1827/1827
f 1828/1828/1828 1829/1829/1829 1830/1830/1830
f 1831/1831/1831 1828/1828/1828 1830/1830/1830
f 1834/1834/1834 1833/1833/1833 1832/1832/1832
f 1835/1835/1835 1832/1832/1832 1833/1833/1833
f 1835/1835/1835 1833/1833/1833 1836/1836/1836
f 1837/1837/1837 1836/1836/1836 1833/1833/1833
f 1838/1838/1838 1836/1836/1836 1837/1837/1837
f 1841/1841/1841 1840/1840/1840 1839/1839/1839
f 1840/1840/1840 1841/1841/1841 1842/1842/1842
f 1842/1842/1842 1841/1841/1841 1843/1843/1843
f 1846/1846/1846 1845/1845/1845 1844/1844/1844
f 1845/1845/1845 1846/1846/1846 1847/1847/1847
f 1848/1848/1848 1845/1845/1845 1847/1847/1847
f 1851/1851/1851 1850/1850/1850 1849/1849/1849
f 1850/1850/1850 1852/1852/1852 1849/1849/1849
f 1853/1853/1853 1849/1849/1849 1852/1852/1852
f 1856/1856/1856 1855/1855/1855 1854/1854/1854
f 1857/1857/1857 1854/1854/1854 1855/1855/1855
f 1858/1858/1858 1857/1857/1857 1855/1855/1855
f 1861/1861/1861 1860/1860/1860 1859/1859/1859
f 1860/1860/1860 1862/1862/1862 1859/1859/1859
f 1862/1862/1862 1863/1863/1863 1859/1859/1859
f 1864/1864/1864 1859/1859/1859 1863/1863/1863
f 1867/1867/1867 1866/1866/1866 1865/1865/1865
f 1866/1866/1866 1868/1868/1868 1865/1865/1865
f 1865/1865/1865 1868/1868/1868 1869/1869/1869
f 1870/1870/1870 1869/1869/1869 1868/1868/1868
f 1871/1871/1871 1869/1869/1869 1870/1870/1870
f 1872/1872/1872 1869/1869/1869 1871/1871/1871
f 1875/1875/1875 1874/1874/1874 1873/1873/1873
f 1874/1874/1874 1876/1876/1876 1873/1873/1873
f 1876/1876/1876 1877/1877/1877 1873/1873/1873
f 1878/1878/1878 1873/1873/1873 1877/1877/1877
f 1881/1881/1881 1880/1880/1880 1879/1879/1879
f 1880/1880/1880 1881/1881/1881 1882/1882/1882
f 1882/1882/1882 1881/1881/1881 1883/1883/1883
f 1886/1886/1886 1885/1885/1885 1884/1884/1884
f 1884/1884/1884 1885/1885/1885 1887/1887/1887
f 1885/1885/1885 1888/1888/1888 1887/1887/1887
f 1889/1889/1889 1887/1887/1887 1888/1888/1888
f 1889/1889/1889 1888/1888/1888 1890/1890/1890
f 1890/1890/1890 1891/1891/1891 1889/1889/1889
f 1892/1892/1892 1885/1885/1885 1886/1886/1886
f 1891/1891/1891 1890/1890/1890 1892/1892/1892
f 1886/1886/1886 1893/1893/1893 1892/1892/1892
f 1891/1891/1891 1892/1892/1892 1893/1893/1893
f 1896/1896/1896 1895/1895/1895 1894/1894/1894
f 1897/1897/1897 1894/1894/1894 1895/1895/1895
f 1896/1896/1896 1898/1898/1898 1895/1895/1895
f 1898/1898/1898 1896/1896/1896 1899/1899/1899
f 1899/1899/1899 1900/1900/1900 1898/1898/1898
f 1899/1899/1899 1901/1901/1901 1900/1900/1900
f 1902/1902/1902 1897/1897/1897 1895/1895/1895
f 1902/1902/1902 1900/1900/1900 1901/1901/1901
f 1897/1897/1897 1902/1902/1902 1903/1903/1903
f 1903/1903/1903 1902/1902/1902 1901/1901/1901
f 1906/1906/1906 1905/1905/1905 1904/1904/1904
f 1907/1907/1907 1905/1905/1905 1906/1906/1906
f 1905/1905/1905 1908/1908/1908 1904/1904/1904
f 1908/1908/1908 1909/1909/1909 1904/1904/1904
f 1909/1909/1909 1908/1908/1908 1910/1910/1910
f 1911/1911/1911 1909/1909/1909 1910/1910/1910
f 1907/1907/1907 1912/1912/1912 1905/1905/1905
f 1911/1911/1911 1910/1910/1910 1912/1912/1912
f 1913/1913/1913 1912/1912/1912 1907/1907/1907
f 1912/1912/1912 1913/1913/1913 1911/1911/1911
f 1916/1916/1916 1915/1915/1915 1914/1914/1914
f 1917/1917/1917 1915/1915/1915 1916/1916/1916
f 1915/1915/1915 1918/1918/1918 1914/1914/1914
f 1918/1918/1918 1919/1919/1919 1914/1914/1914
f 1919/1919/1919 1918/1918/1918 1920/1920/1920
f 1921/1921/1921 1919/1919/1919 1920/1920/1920
f 1917/1917/1917 1922/1922/1922 1915/1915/1915
f 1921/1921/1921 1920/1920/1920 1922/1922/1922
f 1922/1922/1922 1917/1917/1917 1923/1923/1923
f 1921/1921/1921 1922/1922/1922 1923/1923/1923
f 1926/1926/1926 1925/1925/1925 1924/1924/1924
f 1927/1927/1927 1924/1924/1924 1925/1925/1925
f 1927/1927/1927 1928/1928/1928 1924/1924/1924
f 1928/1928/1928 1927/1927/1927 1929/1929/1929
f 1929/1929/1929 1930/1930/1930 1928/1928/1928
f 1929/1929/1929 1931/1931/1931 1930/1930/1930
f 1924/1924/1924 1932/1932/1932 1926/1926/1926
f 1932/1932/1932 1930/1930/1930 1931/1931/1931
f 1926/1926/1926 1932/1932/1932 1933/1933/1933
f 1933/1933/1933 1932/1932/1932 1931/1931/1931
f 1936/1936/1936 1935/1935/1935 1934/1934/1934
f 1937/1937/1937 1935/1935/1935 1936/1936/1936
f 1935/1935/1935 1938/1938/1938 1934/1934/1934
f 1938/1938/1938 1939/1939/1939 1934/1934/1934
f 1939/1939/1939 1938/1938/1938 1940/1940/1940
f 1941/1941/1941 1939/1939/1939 1940/1940/1940
f 1937/1937/1937 1942/1942/1942 1935/1935/1935
f 1941/1941/1941 1940/1940/1940 1942/1942/1942
f 1943/1943/1943 1942/1942/1942 1937/1937/1937
f 1942/1942/1942 1943/1943/1943 1941/1941/1941
f 1946/1946/1946 1945/1945/1945 1944/1944/1944
f 1947/1947/1947 1945/1945/1945 1946/1946/1946
f 1945/1945/1945 1948/1948/1948 1944/1944/1944
f 1948/1948/1948 1949/1949/1949 1944/1944/1944
f 1949/1949/1949 1948/1948/1948 1950/1950/1950
f 1951/1951/1951 1949/1949/1949 1950/1950/1950
f 1947/1947/1947 1952/1952/1952 1945/1945/1945
f 1951/1951/1951 1950/1950/1950 1952/1952/1952
f 1953/1953/1953 1952/1952/1952 1947/1947/1947
f 1952/1952/1952 1953/1953/1953 1951/1951/1951
f 1956/1956/1956 1955/1955/1955 1954/1954/1954
f 1956/1956/1956 1957/1957/1957 1955/1955/1955
f 1955/1955/1955 1957/1957/1957 1958/1958/1958
f 1959/1959/1959 1958/1958/1958 1957/1957/1957
f 1960/1960/1960 1958/1958/1958 1959/1959/1959
f 1961/1961/1961 1960/1960/1960 1959/1959/1959
f 1955/1955/1955 1962/1962/1962 1954/1954/1954
f 1962/1962/1962 1960/1960/1960 1961/1961/1961
f 1962/1962/1962 1963/1963/1963 1954/1954/1954
f 1963/1963/1963 1962/1962/1962 1961/1961/1961
f 1966/1966/1966 1965/1965/1965 1964/1964/1964
f 1967/1967/1967 1964/1964/1964 1965/1965/1965
f 1967/1967/1967 1968/1968/1968 1964/1964/1964
f 1968/1968/1968 1967/1967/1967 1969/1969/1969
f 1968/1968/1968 1969/1969/1969 1970/1970/1970
f 1969/1969/1969 1971/1971/1971 1970/1970/1970
f 1964/1964/1964 1972/1972/1972 1966/1966/1966
f 1971/1971/1971 1972/1972/1972 1970/1970/1970
f 1966/1966/1966 1972/1972/1972 1973/1973/1973
f 1972/1972/1972 1971/1971/1971 1973/1973/1973
f 1976/1976/1976 1975/1975/1975 1974/1974/1974
f 1977/1977/1977 1974/1974/1974 1975/1975/1975
f 1978/1978/1978 1975/1975/1975 1976/1976/1976
f 1977/1977/1977 1975/1975/1975 1979/1979/1979
f 1978/1978/1978 1976/1976/1976 1980/1980/1980
f 1979/1979/1979 1981/1981/1981 1977/1977/1977
f 1980/1980/1980 1982/1982/1982 1978/1978/1978
f 1979/1979/1979 1982/1982/1982 1981/1981/1981
f 1980/1980/1980 1983/1983/1983 1982/1982/1982
f 1981/1981/1981 1982/1982/1982 1983/1983/1983
f 1986/1986/1986 1985/1985/1985 1984/1984/1984
f 1987/1987/1987 1984/1984/1984 1985/1985/1985
f 1985/1985/1985 1986/1986/1986 1988/1988/1988
f 1987/1987/1987 1985/1985/1985 1989/1989/1989
f 1990/1990/1990 1988/1988/1988 1986/1986/1986
f 1987/1987/1987 1989/1989/1989 1991/1991/1991
f 1992/1992/1992 1990/1990/1990 1986/1986/1986
f 1987/1987/1987 1991/1991/1991 1992/1992/1992
f 1990/1990/1990 1992/1992/1992 1993/1993/1993
f 1993/1993/1993 1992/1992/1992 1991/1991/1991
f 1996/1996/1996 1995/1995/1995 1994/1994/1994
f 1995/1995/1995 1997/1997/1997 1994/1994/1994
f 1998/1998/1998 1995/1995/1995 1996/1996/1996
f 1997/1997/1997 1995/1995/1995 1999/1999/1999
f 1998/1998/1998 1996/1996/1996 2000/2000/2000
f 2001/2001/2001 1997/1997/1997 1999/1999/1999
f 1998/1998/1998 2000/2000/2000 2002/2002/2002
f 2002/2002/2002 2001/2001/2001 1999/1999/1999
f 2002/2002/2002 2000/2000/2000 2003/2003/2003
f 2003/2003/2003 2001/2001/2001 2002/2002/2002
f 2006/2006/2006 2005/2005/2005 2004/2004/2004
f 2004/2004/2004 2005/2005/2005 2007/2007/2007
f 2005/2005/2005 2008/2008/2008 2007/2007/2007
f 2009/2009/2009 2007/2007/2007 2008/2008/2008
f 2009/2009/2009 2008/2008/2008 2010/2010/2010
f 2009/2009/2009 2010/2010/2010 2011/2011/2011
f 2012/2012/2012 2005/2005/2005 2006/2006/2006
f 2012/2012/2012 2011/2011/2011 2010/2010/2010
f 2013/2013/2013 2012/2012/2012 2006/2006/2006
f 2011/2011/2011 2012/2012/2012 2013/2013/2013
f 2016/2016/2016 2015/2015/2015 2014/2014/2014
f 2017/2017/2017 2014/2014/2014 2015/2015/2015
f 2017/2017/2017 2018/2018/2018 2014/2014/2014
f 2018/2018/2018 2017/2017/2017 2019/2019/2019
f 2018/2018/2018 2019/2019/2019 2020/2020/2020
f 2019/2019/2019 2021/2021/2021 2020/2020/2020
f 2014/2014/2014 2022/2022/2022 2016/2016/2016
f 2021/2021/2021 2022/2022/2022 2020/2020/2020
f 2016/2016/2016 2022/2022/2022 2023/2023/2023
f 2022/2022/2022 2021/2021/2021 2023/2023/2023
f 2026/2026/2026 2025/2025/2025 2024/2024/2024
f 2027/2027/2027 2024/2024/2024 2025/2025/2025
f 2027/2027/2027 2028/2028/2028 2024/2024/2024
f 2028/2028/2028 2027/2027/2027 2029/2029/2029
f 2028/2028/2028 2029/2029/2029 2030/2030/2030
f 2029/2029/2029 2031/2031/2031 2030/2030/2030
f 2024/2024/2024 2032/2032/2032 2026/2026/2026
f 2030/2030/2030 2031/2031/2031 2032/2032/2032
f 2026/2026/2026 2032/2032/2032 2033/2033/2033
f 2033/2033/2033 2032/2032/2032 2031/2031/2031
f 2036/2036/2036 2035/2035/2035 2034/2034/2034
f 2035/2035/2035 2037/2037/2037 2034/2034/2034
f 2038/2038/2038 2035/2035/2035 2036/2036/2036
f 2037/2037/2037 2035/2035/2035 2039/2039/2039
f 2038/2038/2038 2036/2036/2036 2040/2040/2040
f 2041/2041/2041 2037/2037/2037 2039/2039/2039
f 2038/2038/2038 2040/2040/2040 2042/2042/2042
f 2042/2042/2042 2041/2041/2041 2039/2039/2039
f 2042/2042/2042 2040/2040/2040 2043/2043/2043
f 2043/2043/2043 2041/2041/2041 2042/2042/2042
f 2046/2046/2046 2045/2045/2045 2044/2044/2044
f 2044/2044/2044 2045/2045/2045 2047/2047/2047
f 2045/2045/2045 2048/2048/2048 2047/2047/2047
f 2049/2049/2049 2047/2047/2047 2048/2048/2048
f 2049/2049/2049 2048/2048/2048 2050/2050/2050
f 2049/2049/2049 2050/2050/2050 2051/2051/2051
f 2052/2052/2052 2045/2045/2045 2046/2046/2046
f 2052/2052/2052 2051/2051/2051 2050/2050/2050
f 2046/2046/2046 2053/2053/2053 2052/2052/2052
f 2051/2051/2051 2052/2052/2052 2053/2053/2053
f 2056/2056/2056 2055/2055/2055 2054/2054/2054
f 2055/2055/2055 2057/2057/2057 2054/2054/2054
f 2058/2058/2058 2055/2055/2055 2056/2056/2056
f 2055/2055/2055 2059/2059/2059 2057/2057/2057
f 2056/2056/2056 2060/2060/2060 2058/2058/2058
f 2057/2057/2057 2059/2059/2059 2061/2061/2061
f 2058/2058/2058 2060/2060/2060 2062/2062/2062
f 2059/2059/2059 2062/2062/2062 2061/2061/2061
f 2060/2060/2060 2063/2063/2063 2062/2062/2062
f 2063/2063/2063 2061/2061/2061 2062/2062/2062
f 2066/2066/2066 2065/2065/2065 2064/2064/2064
f 2067/2067/2067 2065/2065/2065 2066/2066/2066
f 2065/2065/2065 2068/2068/2068 2064/2064/2064
f 2068/2068/2068 2069/2069/2069 2064/2064/2064
f 2069/2069/2069 2068/2068/2068 2070/2070/2070
f 2071/2071/2071 2069/2069/2069 2070/2070/2070
f 2067/2067/2067 2072/2072/2072 2065/2065/2065
f 2071/2071/2071 2070/2070/2070 2072/2072/2072
f 2072/2072/2072 2067/2067/2067 2073/2073/2073
f 2071/2071/2071 2072/2072/2072 2073/2073/2073
f 2076/2076/2076 2075/2075/2075 2074/2074/2074
f 2074/2074/2074 2075/2075/2075 2077/2077/2077
f 2075/2075/2075 2078/2078/2078 2077/2077/2077
f 2079/2079/2079 2077/2077/2077 2078/2078/2078
f 2079/2079/2079 2078/2078/2078 2080/2080/2080
f 2079/2079/2079 2080/2080/2080 2081/2081/2081
f 2082/2082/2082 2075/2075/2075 2076/2076/2076
f 2082/2082/2082 2081/2081/2081 2080/2080/2080
f 2076/2076/2076 2083/2083/2083 2082/2082/2082
f 2081/2081/2081 2082/2082/2082 2083/2083/2083
f 2086/2086/2086 2085/2085/2085 2084/2084/2084
f 2087/2087/2087 2086/2086/2086 2084/2084/2084
f 2085/2085/2085 2086/2086/2086 2088/2088/2088
f 2089/2089/2089 2086/2086/2086 2087/2087/2087
f 2090/2090/2090 2085/2085/2085 2088/2088/2088
f 2091/2091/2091 2089/2089/2089 2087/2087/2087
f 2090/2090/2090 2088/2088/2088 2092/2092/2092
f 2091/2091/2091 2092/2092/2092 2089/2089/2089
f 2092/2092/2092 2093/2093/2093 2090/2090/2090
f 2093/2093/2093 2092/2092/2092 2091/2091/2091
f 2096/2096/2096 2095/2095/2095 2094/2094/2094
f 2097/2097/2097 2096/2096/2096 2094/2094/2094
f 2095/2095/2095 2096/2096/2096 2098/2098/2098
f 2095/2095/2095 2098/2098/2098 2099/2099/2099
f 2098/2098/2098 2100/2100/2100 2099/2099/2099
f 2099/2099/2099 2100/2100/2100 2101/2101/2101
f 2096/2096/2096 2097/2097/2097 2102/2102/2102
f 2102/2102/2102 2101/2101/2101 2100/2100/2100
f 2097/2097/2097 2103/2103/2103 2102/2102/2102
f 2103/2103/2103 2101/2101/2101 2102/2102/2102
f 2106/2106/2106 2105/2105/2105 2104/2104/2104
f 2107/2107/2107 2104/2104/2104 2105/2105/2105
f 2105/2105/2105 2106/2106/2106 2108/2108/2108
f 2109/2109/2109 2108/2108/2108 2106/2106/2106
f 2110/2110/2110 2108/2108/2108 2109/2109/2109
f 2111/2111/2111 2110/2110/2110 2109/2109/2109
f 2105/2105/2105 2112/2112/2112 2107/2107/2107
f 2110/2110/2110 2111/2111/2111 2112/2112/2112
f 2107/2107/2107 2112/2112/2112 2113/2113/2113
f 2111/2111/2111 2113/2113/2113 2112/2112/2112
f 2116/2116/2116 2115/2115/2115 2114/2114/2114
f 2117/2117/2117 2116/2116/2116 2114/2114/2114
f 2118/2118/2118 2115/2115/2115 2116/2116/2116
f 2115/2115/2115 2118/2118/2118 2119/2119/2119
f 2118/2118/2118 2120/2120/2120 2119/2119/2119
f 2119/2119/2119 2120/2120/2120 2121/2121/2121
f 2116/2116/2116 2117/2117/2117 2122/2122/2122
f 2122/2122/2122 2121/2121/2121 2120/2120/2120
f 2117/2117/2117 2123/2123/2123 2122/2122/2122
f 2121/2121/2121 2122/2122/2122 2123/2123/2123
f 2126/2126/2126 2125/2125/2125 2124/2124/2124
f 2127/2127/2127 2124/2124/2124 2125/2125/2125
f 2125/2125/2125 2126/2126/2126 2128/2128/2128
f 2129/2129/2129 2128/2128/2128 2126/2126/2126
f 2130/2130/2130 2128/2128/2128 2129/2129/2129
f 2131/2131/2131 2130/2130/2130 2129/2129/2129
f 2132/2132/2132 2127/2127/2127 2125/2125/2125
f 2130/2130/2130 2131/2131/2131 2132/2132/2132
f 2127/2127/2127 2132/2132/2132 2133/2133/2133
f 2132/2132/2132 2131/2131/2131 2133/2133/2133
f 2136/2136/2136 2135/2135/2135 2134/2134/2134
f 2134/2134/2134 2135/2135/2135 2137/2137/2137
f 2135/2135/2135 2138/2138/2138 2137/2137/2137
f 2139/2139/2139 2137/2137/2137 2138/2138/2138
f 2139/2139/2139 2138/2138/2138 2140/2140/2140
f 2139/2139/2139 2140/2140/2140 2141/2141/2141
f 2142/2142/2142 2135/2135/2135 2136/2136/2136
f 2140/2140/2140 2142/2142/2142 2141/2141/2141
f 2143/2143/2143 2142/2142/2142 2136/2136/2136
f 2142/2142/2142 2143/2143/2143 2141/2141/2141
f 2146/2146/2146 2145/2145/2145 2144/2144/2144
f 2144/2144/2144 2145/2145/2145 2147/2147/2147
f 2145/2145/2145 2148/2148/2148 2147/2147/2147
f 2149/2149/2149 2147/2147/2147 2148/2148/2148
f 2149/2149/2149 2148/2148/2148 2150/2150/2150
f 2149/2149/2149 2150/2150/2150 2151/2151/2151
f 2152/2152/2152 2145/2145/2145 2146/2146/2146
f 2152/2152/2152 2151/2151/2151 2150/2150/2150
f 2146/2146/2146 2153/2153/2153 2152/2152/2152
f 2151/2151/2151 2152/2152/2152 2153/2153/2153
f 2156/2156/2156 2155/2155/2155 2154/2154/2154
f 2157/2157/2157 2154/2154/2154 2155/2155/2155
f 2158/2158/2158 2156/2156/2156 2154/2154/2154
f 2159/2159/2159 2154/2154/2154 2157/2157/2157
f 2160/2160/2160 2156/2156/2156 2158/2158/2158
f 2159/2159/2159 2157/2157/2157 2161/2161/2161
f 2162/2162/2162 2160/2160/2160 2158/2158/2158
f 2161/2161/2161 2162/2162/2162 2159/2159/2159
f 2162/2162/2162 2163/2163/2163 2160/2160/2160
f 2163/2163/2163 2162/2162/2162 2161/2161/2161
