v 8.132042 -6.244911 -0.119745
v 7.990845 -6.386108 2.737990
v 7.990845 -6.386108 -0.119745
v 9.399256 1.892928 3.886775
v 10.099255 1.892927 0.893828
v 10.099255 1.892927 3.886775
v 9.399256 1.892928 0.893828
v 0.500000 -9.500001 4.250000
v 5.000000 -9.500001 -0.000000
v 5.000000 -9.500001 4.250000
v 0.500000 -9.500001 -0.000000
v -8.635449 9.401014 2.790634
v -8.635449 10.101014 -0.119745
v -8.635449 10.101014 2.790634
v -8.635449 9.401014 -0.119745
v 10.099256 2.589766 3.886775
v 9.399256 2.589766 0.893828
v 9.399256 2.589766 3.886775
v 10.099256 2.589766 0.893828
v 0.500000 8.500000 1.250000
v 0.000000 8.500000 3.750000
v 0.500000 8.500000 3.750000
v 0.000000 8.500000 1.250000
v 10.000000 1.750000 1.000000
v 9.500000 -4.000000 1.000000
v 9.500000 1.750000 1.000000
v 10.000000 -4.000000 1.000000
v 8.383883 -6.616117 -0.000000
v 8.133882 -6.366116 2.750000
v 8.383883 -6.616117 2.750000
v 8.133882 -6.366116 -0.000000
v 10.000000 8.500000 1.000000
v 9.500000 2.750000 1.000000
v 9.500000 8.500000 1.000000
v 10.000000 2.750000 1.000000
v -6.000000 10.000000 2.750000
v -6.000000 9.500000 0.000000
v -6.000000 10.000000 0.000000
v -6.000000 9.500000 2.750000
v -5.906501 10.101020 2.790634
v -5.906500 9.401020 -0.119745
v -5.906500 9.401020 2.790634
v -5.906501 10.101020 -0.119745
v 0.000000 8.500000 1.250000
v 0.500000 -4.000000 1.250000
v 0.000000 -4.000000 1.250000
v 0.500000 8.500000 1.250000
v -8.500000 10.000000 2.750000
v -8.500000 9.500000 0.000000
v -8.500000 9.500000 2.750000
v -8.500000 10.000000 0.000000
v 9.500000 -4.000000 3.750000
v 10.000000 -4.000000 1.000000
v 10.000000 -4.000000 3.750000
v 9.500000 -4.000000 1.000000
v 8.132042 -6.244911 2.926816
v 8.500439 -6.613309 -0.119745
v 8.500439 -6.613309 2.926816
v 8.132042 -6.244911 -0.119745
v -9.500000 -9.500000 4.250000
v -9.500000 9.500000 0.000000
v -9.500000 -9.500000 -0.000000
v -9.500000 9.500000 4.250000
v 0.500000 8.500000 3.750000
v 0.000000 -4.000000 3.750000
v 0.500000 -4.000000 3.750000
v 0.000000 8.500000 3.750000
v -8.500000 9.500000 2.750000
v -6.000000 10.000000 2.750000
v -8.500000 10.000000 2.750000
v -6.000000 9.500000 2.750000
v 6.366116 -8.133883 2.750000
v 8.383883 -6.616117 2.750000
v 8.133882 -6.366116 2.750000
v 6.616117 -8.383884 2.750000
v 10.000000 1.750000 3.750000
v 9.500000 -4.000000 3.750000
v 10.000000 -4.000000 3.750000
v 9.500000 1.750000 3.750000
v 10.000000 8.500000 3.750000
v 9.500000 2.750000 3.750000
v 10.000000 2.750000 3.750000
v 9.500000 8.500000 3.750000
v -9.500000 9.500000 5.750000
v -9.500000 -9.500000 4.750000
v -9.500000 -9.500000 5.750000
v -9.500000 9.500000 4.750000
v -9.500000 -9.500000 4.750000
v 5.000000 -9.500001 5.750000
v -9.500000 -9.500000 5.750000
v 5.000000 -9.500001 4.750000
v 9.500000 9.500000 5.750000
v -9.500000 9.500000 4.750000
v -9.500000 9.500000 5.750000
v 9.500000 9.500000 4.750000
v 9.399256 -3.919667 1.093828
v 10.099255 -3.919667 3.697948
v 9.399256 -3.919667 3.697948
v 10.099255 -3.919667 1.093828
v 10.099255 1.693245 1.093828
v 9.399254 1.693246 3.697948
v 10.099255 1.693245 3.697948
v 9.399254 1.693246 1.093828
v 10.099255 1.693245 1.093828
v 9.399256 -3.919667 1.093828
v 9.399254 1.693246 1.093828
v 10.099255 -3.919667 1.093828
v 9.399256 -3.919667 3.697948
v 10.099255 1.693245 3.697948
v 9.399254 1.693246 3.697948
v 10.099255 -3.919667 3.697948
v 9.399256 8.602043 3.886775
v 10.099255 8.602042 0.893828
v 10.099255 8.602042 3.886775
v 9.399256 8.602043 0.893828
v 0.000000 -9.500001 -0.000000
v -9.500000 -9.500000 4.250000
v -9.500000 -9.500000 -0.000000
v 0.000000 -9.500001 4.250000
v 6.616117 -8.383884 2.750000
v 6.366116 -8.133883 2.750000
v 6.616117 -8.383884 1.500000
v 6.366116 -8.133883 -0.000000
v 6.616117 -8.383884 -0.000000
v 9.500000 8.500000 5.750000
v 9.500000 9.500000 4.750000
v 9.500000 9.500000 5.750000
v 9.500000 -5.000000 4.750000
v 9.500000 -5.000000 5.750000
v 9.399255 2.789449 1.093828
v 10.099256 2.789448 3.697948
v 9.399255 2.789449 3.697948
v 10.099256 2.789448 1.093828
v 10.099255 8.402360 1.093828
v 9.399256 8.402361 3.697948
v 10.099255 8.402360 3.697948
v 9.399256 8.402361 1.093828
v 10.099255 8.402360 1.093828
v 9.399255 2.789449 1.093828
v 9.399256 8.402361 1.093828
v 10.099256 2.789448 1.093828
v 9.399255 2.789449 3.697948
v 10.099255 8.402360 3.697948
v 9.399256 8.402361 3.697948
v 10.099256 2.789448 3.697948
v 6.351312 -8.025640 -0.119745
v 6.719709 -8.394038 2.737990
v 6.351312 -8.025640 2.737990
v 6.719709 -8.394038 -0.119745
v 8.132042 -6.244911 -0.119745
v 8.359241 -6.754505 -0.119745
v 8.500439 -6.613309 -0.119745
v 7.990845 -6.386108 -0.119745
v 8.359241 -6.754505 -0.119745
v 7.990845 -6.386108 2.737990
v 8.359241 -6.754505 2.737990
v 7.990845 -6.386108 -0.119745
v 6.578513 -8.535234 -0.119745
v 6.351312 -8.025640 -0.119745
v 6.210115 -8.166837 -0.119745
v 6.719709 -8.394038 -0.119745
v 8.132042 -6.244911 2.926816
v 6.578513 -8.535234 2.926816
v 6.210115 -8.166837 2.926816
v 8.500439 -6.613309 2.926816
v 6.351312 -8.025640 2.737990
v 8.359241 -6.754505 2.737990
v 7.990845 -6.386108 2.737990
v 6.719709 -8.394038 2.737990
v -6.106182 9.401019 -0.119745
v -6.106183 10.101019 2.601807
v -6.106182 9.401019 2.601807
v -6.106183 10.101019 -0.119745
v -8.635449 10.101014 -0.119745
v -8.435767 9.401014 -0.119745
v -8.435767 10.101014 -0.119745
v -8.635449 9.401014 -0.119745
v -8.435767 10.101014 -0.119745
v -8.435767 9.401014 2.601807
v -8.435767 10.101014 2.601807
v -8.435767 9.401014 -0.119745
v -5.906500 9.401020 -0.119745
v -6.106183 10.101019 -0.119745
v -6.106182 9.401019 -0.119745
v -5.906501 10.101020 -0.119745
v -8.635449 10.101014 2.790634
v -5.906500 9.401020 2.790634
v -8.635449 9.401014 2.790634
v -5.906501 10.101020 2.790634
v -6.106182 9.401019 2.601807
v -8.435767 10.101014 2.601807
v -8.435767 9.401014 2.601807
v -6.106183 10.101019 2.601807
v 9.399254 1.693246 3.886775
v 10.099255 -4.119349 3.886775
v 9.399256 -4.119349 3.886775
v 10.099255 1.892927 3.886775
v 9.399256 1.892928 3.886775
v 0.000000 -4.000000 3.750000
v 0.500000 -4.000000 1.250000
v 0.500000 -4.000000 3.750000
v 0.000000 -4.000000 1.250000
v -0.093125 8.600000 1.289807
v -0.093125 -4.100000 1.089807
v -0.093125 8.600000 1.089807
v -0.093125 -4.100000 1.289807
v -0.093125 8.600000 1.289807
v 0.606875 8.600000 1.089807
v 0.606875 8.600000 1.289807
v -0.093125 8.600000 1.089807
v 0.606875 -4.100000 1.289807
v 0.606875 8.600000 1.089807
v 0.606875 -4.100000 1.089807
v 0.606875 8.600000 1.289807
v 0.606875 -4.100000 1.089807
v -0.093125 -4.100000 1.289807
v 0.606875 -4.100000 1.289807
v -0.093125 -4.100000 1.089807
v -0.093125 8.600000 1.089807
v 0.606875 -4.100000 1.089807
v 0.606875 8.600000 1.089807
v -0.093125 -4.100000 1.089807
v 0.606875 8.600000 1.289807
v -0.093125 -4.100000 1.289807
v -0.093125 8.600000 1.289807
v 0.606875 -4.100000 1.289807
v 6.578513 -8.535234 2.926816
v 6.210115 -8.166837 -0.119745
v 6.210115 -8.166837 2.926816
v 6.578513 -8.535234 -0.119745
v 5.811005 -9.335950 4.307525
v 5.913536 -8.950577 4.594025
v 5.669584 -9.194529 4.307525
v 6.054957 -9.091998 4.594025
v 5.811005 -9.335950 4.307525
v 5.561397 -9.302716 4.307525
v 5.702818 -9.444138 4.307525
v 5.669584 -9.194529 4.307525
v 5.702817 -9.444138 3.865025
v 5.561397 -9.302716 4.307525
v 5.561396 -9.302716 3.865025
v 5.702818 -9.444138 4.307525
v 5.702817 -9.444138 3.865025
v 5.457451 -9.406661 3.865025
v 5.598873 -9.548082 3.865025
v 5.561396 -9.302716 3.865025
v 5.598874 -9.548082 4.888025
v 5.457451 -9.406661 3.865025
v 5.457452 -9.406661 4.888025
v 5.598873 -9.548082 3.865025
v 5.824794 -9.322162 4.888025
v 5.457452 -9.406661 4.888025
v 5.683372 -9.180740 4.888025
v 5.598874 -9.548082 4.888025
v 6.054957 -9.091998 4.594025
v 5.683372 -9.180740 4.888025
v 5.913536 -8.950577 4.594025
v 5.824794 -9.322162 4.888025
v 5.947830 -9.199125 4.600025
v 5.679130 -9.184983 4.439525
v 5.806409 -9.057704 4.600025
v 5.820551 -9.326405 4.439525
v 5.824794 -9.322162 4.756025
v 5.806409 -9.057704 4.600025
v 5.683372 -9.180740 4.756025
v 5.947830 -9.199125 4.600025
v 5.702818 -9.444138 4.756025
v 5.683372 -9.180740 4.756025
v 5.561397 -9.302716 4.756025
v 5.824794 -9.322162 4.756025
v 5.702818 -9.444138 4.756025
v 5.561397 -9.302716 4.439525
v 5.702818 -9.444138 4.439525
v 5.561397 -9.302716 4.756025
v 5.820551 -9.326405 4.439525
v 5.561397 -9.302716 4.439525
v 5.679130 -9.184983 4.439525
v 5.702818 -9.444138 4.439525
v 6.368913 -8.778043 4.552025
v 6.085362 -8.778749 4.450025
v 6.227491 -8.636621 4.552025
v 6.226784 -8.920172 4.450025
v 6.083241 -8.780871 4.450025
v 6.224663 -8.922293 4.450025
v 6.368913 -8.778043 4.552025
v 6.389772 -8.474340 4.277525
v 6.531193 -8.615762 4.277525
v 6.227491 -8.636621 4.552025
v 6.531193 -8.615762 3.865025
v 6.389772 -8.474340 4.277525
v 6.389771 -8.474340 3.865025
v 6.531193 -8.615762 4.277525
v 6.436794 -8.710160 3.865025
v 6.389771 -8.474340 3.865025
v 6.295373 -8.568739 3.865025
v 6.531193 -8.615762 3.865025
v 6.436794 -8.710160 4.282025
v 6.295373 -8.568739 3.865025
v 6.295373 -8.568739 4.282025
v 6.436794 -8.710160 3.865025
v 6.343456 -8.803498 4.445525
v 6.295373 -8.568739 4.282025
v 6.202035 -8.662077 4.445525
v 6.436794 -8.710160 4.282025
v 6.343456 -8.803498 4.445525
v 6.083241 -8.780871 4.348025
v 6.224663 -8.922293 4.348025
v 6.202035 -8.662077 4.445525
v 6.224662 -8.922293 3.865025
v 6.083241 -8.780871 4.348025
v 6.083241 -8.780870 3.865025
v 6.224663 -8.922293 4.348025
v 6.224662 -8.922293 3.865025
v 5.988842 -8.875270 3.865025
v 6.130263 -9.016691 3.865025
v 6.083241 -8.780870 3.865025
v 6.130264 -9.016691 4.888025
v 5.988842 -8.875270 3.865025
v 5.988842 -8.875270 4.888025
v 6.130263 -9.016691 3.865025
v 6.130264 -9.016691 4.888025
v 6.083241 -8.780871 4.888025
v 6.224663 -8.922293 4.888025
v 5.988842 -8.875270 4.888025
v 6.224663 -8.922293 4.888025
v 6.083241 -8.780871 4.450025
v 6.224663 -8.922293 4.450025
v 6.083241 -8.780871 4.888025
v 6.868483 -8.278471 3.920525
v 6.799186 -8.064925 3.851525
v 6.727061 -8.137051 3.920525
v 6.940608 -8.206347 3.851525
v 6.740143 -8.406811 3.851525
v 6.727061 -8.137051 3.920525
v 6.598721 -8.265390 3.851525
v 6.868483 -8.278471 3.920525
v 6.623470 -8.523484 4.016525
v 6.598721 -8.265390 3.851525
v 6.482049 -8.382063 4.016525
v 6.740143 -8.406811 3.851525
v 6.869544 -8.277411 4.271525
v 6.644330 -8.219782 4.229525
v 6.728122 -8.135990 4.271525
v 6.785751 -8.361203 4.229525
v 6.482049 -8.382063 4.016525
v 6.623470 -8.523484 4.016525
v 6.869544 -8.277411 4.307525
v 6.728122 -8.135990 4.271525
v 6.728122 -8.135990 4.307525
v 6.869544 -8.277411 4.271525
v 6.869544 -8.277411 4.307525
v 6.642209 -8.221903 4.426025
v 6.783630 -8.363324 4.426025
v 6.728122 -8.135990 4.307525
v 6.783630 -8.363324 4.426025
v 6.491595 -8.372517 4.315025
v 6.633017 -8.513939 4.315025
v 6.642209 -8.221903 4.426025
v 6.633017 -8.513939 4.460525
v 6.491595 -8.372517 4.315025
v 6.491595 -8.372518 4.460525
v 6.633017 -8.513939 4.315025
v 6.791055 -8.355900 4.552025
v 6.491595 -8.372518 4.460525
v 6.649633 -8.214478 4.552025
v 6.633017 -8.513939 4.460525
v 6.791055 -8.355900 4.552025
v 6.822521 -8.041591 4.330025
v 6.963943 -8.183012 4.330025
v 6.649633 -8.214478 4.552025
v 6.963943 -8.183012 4.330025
v 6.822521 -8.041591 3.983525
v 6.963942 -8.183012 3.983525
v 6.822521 -8.041591 4.330025
v 6.963942 -8.183012 3.983525
v 6.840552 -8.023560 3.949025
v 6.981974 -8.164981 3.949025
v 6.822521 -8.041591 3.983525
v 7.031825 -8.115129 3.985025
v 6.840552 -8.023560 3.949025
v 6.890403 -7.973709 3.985025
v 6.981974 -8.164981 3.949025
v 7.031825 -8.115129 3.985025
v 6.890403 -7.973708 3.904025
v 7.031824 -8.115129 3.904025
v 6.890403 -7.973709 3.985025
v 6.940608 -8.206347 3.851525
v 6.890403 -7.973708 3.904025
v 6.799186 -8.064925 3.851525
v 7.031824 -8.115129 3.904025
v 6.718930 -8.428024 4.040525
v 6.645391 -8.218721 3.946025
v 6.786812 -8.360142 3.946025
v 6.577508 -8.286603 4.040525
v 6.869544 -8.277411 4.001525
v 6.645391 -8.218721 3.946025
v 6.728122 -8.135989 4.001525
v 6.786812 -8.360142 3.946025
v 6.869544 -8.277411 4.198025
v 6.728122 -8.135989 4.001525
v 6.728122 -8.135989 4.198025
v 6.869544 -8.277411 4.001525
v 6.718930 -8.428024 4.040525
v 6.728122 -8.135989 4.198025
v 6.577508 -8.286603 4.040525
v 6.869544 -8.277411 4.198025
v 7.218501 -7.928453 4.384025
v 7.074958 -7.789154 4.384025
v 7.077079 -7.787032 4.384025
v 7.216379 -7.930575 4.384025
v 7.218501 -7.928453 4.384025
v 7.214965 -7.649147 4.552025
v 7.356386 -7.790568 4.552025
v 7.077079 -7.787032 4.384025
v 7.356386 -7.790568 4.552025
v 7.328456 -7.535656 4.474025
v 7.469877 -7.677077 4.474025
v 7.214965 -7.649147 4.552025
v 7.469877 -7.677077 4.474025
v 7.278605 -7.585507 4.358525
v 7.420026 -7.726928 4.358525
v 7.328456 -7.535656 4.474025
v 7.420026 -7.726928 4.358525
v 7.190570 -7.673542 4.424525
v 7.331991 -7.814963 4.424525
v 7.278605 -7.585507 4.358525
v 7.216379 -7.930575 4.217525
v 7.190570 -7.673542 4.424525
v 7.074958 -7.789154 4.217525
v 7.331991 -7.814963 4.424525
v 7.216379 -7.930575 3.865025
v 7.074958 -7.789154 4.217525
v 7.074958 -7.789154 3.865025
v 7.216379 -7.930575 4.217525
v 7.216379 -7.930575 3.865025
v 6.980559 -7.883552 3.865025
v 7.121981 -8.024974 3.865025
v 7.074958 -7.789154 3.865025
v 7.121981 -8.024974 4.538525
v 6.980559 -7.883552 3.865025
v 6.980559 -7.883553 4.538525
v 7.121981 -8.024974 3.865025
v 7.216379 -7.930575 4.538525
v 6.980559 -7.883553 4.538525
v 7.074958 -7.789154 4.538525
v 7.121981 -8.024974 4.538525
v 7.216379 -7.930575 4.384025
v 7.074958 -7.789154 4.538525
v 7.074958 -7.789154 4.384025
v 7.216379 -7.930575 4.538525
v 7.764741 -7.382214 4.552025
v 7.484373 -7.379739 4.450025
v 7.623320 -7.240792 4.552025
v 7.625794 -7.521160 4.450025
v 7.764741 -7.382214 4.552025
v 7.765448 -7.098664 4.430525
v 7.906869 -7.240085 4.430525
v 7.623320 -7.240792 4.552025
v 7.906869 -7.240085 4.430525
v 7.924547 -6.939565 4.552025
v 8.065969 -7.080986 4.552025
v 7.765448 -7.098664 4.430525
v 8.065969 -7.080986 4.552025
v 8.082584 -6.781526 4.288025
v 8.224007 -6.922947 4.288025
v 7.924547 -6.939565 4.552025
v 8.224006 -6.922947 3.865025
v 8.082584 -6.781526 4.288025
v 8.082584 -6.781526 3.865025
v 8.224007 -6.922947 4.288025
v 8.224006 -6.922947 3.865025
v 7.988186 -6.875925 3.865025
v 8.129607 -7.017346 3.865025
v 8.082584 -6.781526 3.865025
v 8.129607 -7.017346 4.282025
v 7.988186 -6.875925 3.865025
v 7.988186 -6.875925 4.282025
v 8.129607 -7.017346 3.865025
v 8.129607 -7.017346 4.282025
v 7.889545 -6.974566 4.439525
v 8.030966 -7.115988 4.439525
v 7.988186 -6.875925 4.282025
v 8.030966 -7.115988 4.439525
v 7.783479 -7.080632 4.354025
v 7.924900 -7.222054 4.354025
v 7.889545 -6.974566 4.439525
v 7.924900 -7.222054 4.354025
v 7.783479 -7.080632 3.865025
v 7.924900 -7.222054 3.865025
v 7.783479 -7.080632 4.354025
v 7.830502 -7.316452 3.865025
v 7.783479 -7.080632 3.865025
v 7.689080 -7.175031 3.865025
v 7.924900 -7.222054 3.865025
v 7.830502 -7.316452 3.865025
v 7.689080 -7.175031 4.283525
v 7.830502 -7.316452 4.283525
v 7.689080 -7.175031 3.865025
v 7.744588 -7.402366 4.439525
v 7.689080 -7.175031 4.283525
v 7.603167 -7.260944 4.439525
v 7.830502 -7.316452 4.283525
v 7.744588 -7.402366 4.439525
v 7.484373 -7.379739 4.354025
v 7.625794 -7.521160 4.354025
v 7.603167 -7.260944 4.439525
v 7.625794 -7.521160 3.865025
v 7.484373 -7.379739 4.354025
v 7.484373 -7.379738 3.865025
v 7.625794 -7.521160 4.354025
v 7.531395 -7.615559 3.865025
v 7.484373 -7.379738 3.865025
v 7.389974 -7.474137 3.865025
v 7.625794 -7.521160 3.865025
v 7.531395 -7.615559 3.865025
v 7.389975 -7.474138 4.538525
v 7.531396 -7.615559 4.538525
v 7.389974 -7.474137 3.865025
v 7.625794 -7.521160 4.538525
v 7.389975 -7.474138 4.538525
v 7.484373 -7.379739 4.538525
v 7.531396 -7.615559 4.538525
v 7.625794 -7.521160 4.450025
v 7.484373 -7.379739 4.538525
v 7.484373 -7.379739 4.450025
v 7.625794 -7.521160 4.538525
v 8.559175 -6.587779 3.920525
v 8.489878 -6.374232 3.851525
v 8.417753 -6.446357 3.920525
v 8.631300 -6.515654 3.851525
v 8.559175 -6.587779 3.920525
v 8.289413 -6.574697 3.851525
v 8.430835 -6.716118 3.851525
v 8.417753 -6.446357 3.920525
v 8.314162 -6.832791 4.016525
v 8.289413 -6.574697 3.851525
v 8.172741 -6.691370 4.016525
v 8.430835 -6.716118 3.851525
v 8.476443 -6.670510 4.229525
v 8.418814 -6.445297 4.271525
v 8.560236 -6.586718 4.271525
v 8.335022 -6.529089 4.229525
v 8.172741 -6.691370 4.016525
v 8.314162 -6.832791 4.016525
v 8.560236 -6.586718 4.307525
v 8.418814 -6.445297 4.271525
v 8.418814 -6.445297 4.307525
v 8.560236 -6.586718 4.271525
v 8.560236 -6.586718 4.307525
v 8.332901 -6.531210 4.426025
v 8.474322 -6.672631 4.426025
v 8.418814 -6.445297 4.307525
v 8.474322 -6.672631 4.426025
v 8.182287 -6.681824 4.315025
v 8.323709 -6.823245 4.315025
v 8.332901 -6.531210 4.426025
v 8.323709 -6.823245 4.460525
v 8.182287 -6.681824 4.315025
v 8.182287 -6.681824 4.460525
v 8.323709 -6.823245 4.315025
v 8.323709 -6.823245 4.460525
v 8.340325 -6.523786 4.552025
v 8.481747 -6.665207 4.552025
v 8.182287 -6.681824 4.460525
v 8.481747 -6.665207 4.552025
v 8.513213 -6.350898 4.330025
v 8.654634 -6.492319 4.330025
v 8.340325 -6.523786 4.552025
v 8.654634 -6.492319 3.983525
v 8.513213 -6.350898 4.330025
v 8.513212 -6.350898 3.983525
v 8.654634 -6.492319 4.330025
v 8.672665 -6.474288 3.949025
v 8.513212 -6.350898 3.983525
v 8.531244 -6.332867 3.949025
v 8.654634 -6.492319 3.983525
v 8.722516 -6.424437 3.985025
v 8.531244 -6.332867 3.949025
v 8.581095 -6.283015 3.985025
v 8.672665 -6.474288 3.949025
v 8.722516 -6.424437 3.985025
v 8.581095 -6.283015 3.904025
v 8.722516 -6.424437 3.904025
v 8.581095 -6.283015 3.985025
v 8.631300 -6.515654 3.851525
v 8.581095 -6.283015 3.904025
v 8.489878 -6.374232 3.851525
v 8.722516 -6.424437 3.904025
v 8.409621 -6.737331 4.040525
v 8.336082 -6.528028 3.946025
v 8.477504 -6.669449 3.946025
v 8.268200 -6.595910 4.040525
v 8.560235 -6.586718 4.001525
v 8.336082 -6.528028 3.946025
v 8.418814 -6.445296 4.001525
v 8.477504 -6.669449 3.946025
v 8.560235 -6.586718 4.001525
v 8.418814 -6.445297 4.198025
v 8.560236 -6.586718 4.198025
v 8.418814 -6.445296 4.001525
v 8.409621 -6.737331 4.040525
v 8.418814 -6.445297 4.198025
v 8.268200 -6.595910 4.040525
v 8.560236 -6.586718 4.198025
v 8.879494 -6.267459 4.201025
v 8.883383 -5.980727 4.429025
v 8.738072 -6.126038 4.201025
v 9.024805 -6.122149 4.429025
v 8.879494 -6.267459 4.201025
v 8.899292 -5.964818 3.977525
v 9.040714 -6.106239 3.977525
v 8.738072 -6.126038 4.201025
v 9.166933 -5.980020 4.022525
v 8.899292 -5.964818 3.977525
v 9.025512 -5.838598 4.022525
v 9.040714 -6.106239 3.977525
v 9.166933 -5.980020 4.022525
v 9.025512 -5.838598 3.890525
v 9.166933 -5.980020 3.890525
v 9.025512 -5.838598 4.022525
v 9.024804 -6.122149 3.851525
v 9.025512 -5.838598 3.890525
v 8.883383 -5.980727 3.851525
v 9.166933 -5.980020 3.890525
v 9.024804 -6.122149 3.851525
v 8.641552 -6.222558 4.189025
v 8.782974 -6.363979 4.189025
v 8.883383 -5.980727 3.851525
v 9.018440 -6.128513 4.552025
v 8.641552 -6.222558 4.189025
v 8.877019 -5.987092 4.552025
v 8.782974 -6.363979 4.189025
v 9.156326 -5.990626 4.505525
v 8.877019 -5.987092 4.552025
v 9.014905 -5.849205 4.505525
v 9.018440 -6.128513 4.552025
v 9.156326 -5.990626 4.363025
v 9.014905 -5.849205 4.505525
v 9.014905 -5.849205 4.363025
v 9.156326 -5.990626 4.505525
v 9.024805 -6.122149 4.429025
v 9.014905 -5.849205 4.363025
v 8.883383 -5.980727 4.429025
v 9.156326 -5.990626 4.363025
v 9.388611 -5.758342 4.009025
v 9.084908 -5.779202 3.520025
v 9.247190 -5.616920 4.009025
v 9.226330 -5.920623 3.520025
v 9.388611 -5.758342 4.009025
v 9.062635 -5.801476 4.538525
v 9.204056 -5.942897 4.538525
v 9.247190 -5.616920 4.009025
v 9.311183 -5.835771 4.538525
v 9.062635 -5.801476 4.538525
v 9.169762 -5.694349 4.538525
v 9.204056 -5.942897 4.538525
v 9.439523 -5.707430 4.159025
v 9.169762 -5.694349 4.538525
v 9.298101 -5.566009 4.159025
v 9.311183 -5.835771 4.538525
v 9.562559 -5.584394 4.538525
v 9.298101 -5.566009 4.159025
v 9.421138 -5.442973 4.538525
v 9.439523 -5.707430 4.159025
v 9.668625 -5.478328 4.538525
v 9.421138 -5.442973 4.538525
v 9.527205 -5.336906 4.538525
v 9.562559 -5.584394 4.538525
v 9.668625 -5.478328 4.538525
v 9.189913 -5.674196 3.520025
v 9.331335 -5.815618 3.520025
v 9.527205 -5.336906 4.538525
v 9.226330 -5.920623 3.520025
v 9.189913 -5.674196 3.520025
v 9.084908 -5.779202 3.520025
v 9.331335 -5.815618 3.520025
v -10.000000 10.000000 -6.000000
v -10.000000 10.000000 2.750000
v -10.000000 -10.000000 -6.000000
v -10.000000 -10.000000 5.750000
v -10.000000 10.000000 5.750000
v 9.399256 8.602043 0.893828
v 10.099256 2.789448 0.893828
v 10.099255 8.602042 0.893828
v 9.399255 2.789449 0.893828
v 9.399256 2.589766 0.893828
v 10.099256 2.589766 0.893828
v -8.435767 10.101014 -0.119745
v -8.435767 10.101014 2.601807
v -8.635449 10.101014 -0.119745
v -8.635449 10.101014 2.790634
v -5.906501 10.101020 2.790634
v -6.106183 10.101019 2.601807
v -5.906501 10.101020 -0.119745
v -6.106183 10.101019 -0.119745
v 9.500000 8.500000 1.000000
v 9.500000 8.500000 2.750000
v 10.000000 8.500000 1.000000
v 10.000000 8.500000 3.750000
v 9.500000 8.500000 3.750000
v 9.500000 9.500000 4.250000
v 9.500000 9.500000 3.750000
v 0.500000 9.500000 4.250000
v 9.500000 9.500000 2.750000
v 0.500000 9.500000 0.000000
v 9.500000 9.500000 0.000000
v -8.500000 9.500000 0.000000
v -9.500000 -9.500000 -0.000000
v -9.500000 9.500000 0.000000
v 0.000000 -5.000000 -0.000000
v 0.000000 -9.500001 -0.000000
v -6.000000 9.500000 0.000000
v 0.000000 9.500000 0.000000
v -6.000000 10.000000 0.000000
v -8.500000 10.000000 0.000000
v 10.000000 1.750000 1.000000
v 9.500000 1.750000 1.000000
v 10.000000 1.750000 1.500000
v 9.500000 1.750000 1.500000
v 9.500000 1.750000 2.750000
v 10.000000 1.750000 3.750000
v 9.500000 1.750000 3.750000
v 9.500000 2.750000 3.750000
v 9.500000 2.750000 2.750000
v 10.000000 2.750000 3.750000
v 10.000000 2.750000 1.500000
v 9.500000 2.750000 1.500000
v 9.500000 2.750000 1.000000
v 10.000000 2.750000 1.000000
v 0.500000 -9.500001 4.250000
v 5.000000 -9.500001 4.250000
v 0.500000 -4.000000 4.250000
v 9.500000 -5.000000 4.250000
v 0.500000 8.500000 4.250000
v 9.500000 9.500000 4.250000
v 0.500000 9.500000 4.250000
v 0.000000 -4.000000 4.250000
v -9.500000 -9.500000 4.250000
v 0.000000 -9.500001 4.250000
v -9.500000 9.500000 4.250000
v 0.000000 9.500000 4.250000
v 9.500000 9.500000 4.750000
v 9.500000 -5.000000 4.750000
v -9.500000 9.500000 4.750000
v 5.000000 -9.500001 4.750000
v -9.500000 -9.500000 4.750000
v -6.000000 9.500000 0.000000
v -6.000000 9.500000 2.750000
v 0.000000 9.500000 0.000000
v 0.000000 9.500000 4.250000
v -9.500000 9.500000 4.250000
v -8.500000 9.500000 2.750000
v -9.500000 9.500000 0.000000
v -8.500000 9.500000 0.000000
v 10.099255 -4.119349 0.893828
v 9.399254 1.693246 0.893828
v 9.399256 -4.119349 0.893828
v 10.099255 1.693245 0.893828
v 9.399256 1.892928 0.893828
v 10.099255 1.892927 0.893828
v 5.000000 -10.000001 5.750000
v 5.000000 -10.000001 1.500000
v -10.000000 -10.000000 5.750000
v -10.000000 -10.000000 -6.000000
v 5.000000 -10.000000 -6.000000
v 8.722516 -6.424437 3.904025
v 8.672665 -6.474288 3.949025
v 8.722516 -6.424437 3.985025
v 8.631300 -6.515654 3.851525
v 8.559175 -6.587779 3.920525
v 8.477504 -6.669449 3.946025
v 8.430835 -6.716118 3.851525
v 8.560235 -6.586718 4.001525
v 8.654634 -6.492319 3.983525
v 8.409621 -6.737331 4.040525
v 8.314162 -6.832791 4.016525
v 8.476443 -6.670510 4.229525
v 8.560236 -6.586718 4.198025
v 8.560236 -6.586718 4.271525
v 8.654634 -6.492319 4.330025
v 8.560236 -6.586718 4.307525
v 8.474322 -6.672631 4.426025
v 8.481747 -6.665207 4.552025
v 8.323709 -6.823245 4.460525
v 8.323709 -6.823245 4.315025
v 10.099255 -4.119349 1.093828
v 9.399256 -4.119349 3.886775
v 10.099255 -4.119349 3.886775
v 9.399256 -4.119349 0.893828
v 10.099255 -4.119349 0.893828
v 9.500000 -5.000000 -0.000000
v 0.500000 9.500000 0.000000
v 9.500000 9.500000 0.000000
v 8.133882 -6.366116 -0.000000
v 0.500000 -9.500001 -0.000000
v 6.366116 -8.133883 -0.000000
v 5.000000 -9.500001 -0.000000
v 8.383883 -6.616117 -0.000000
v 6.616117 -8.383884 -0.000000
v -6.106182 9.401019 -0.119745
v -6.106182 9.401019 2.601807
v -5.906500 9.401020 -0.119745
v -5.906500 9.401020 2.790634
v -8.435767 9.401014 2.601807
v -8.635449 9.401014 2.790634
v -8.635449 9.401014 -0.119745
v -8.435767 9.401014 -0.119745
v 6.351312 -8.025640 -0.119745
v 6.351312 -8.025640 2.737990
v 6.210115 -8.166837 -0.119745
v 6.210115 -8.166837 2.926816
v 7.990845 -6.386108 2.737990
v 8.132042 -6.244911 2.926816
v 8.132042 -6.244911 -0.119745
v 9.439523 -5.707430 4.159025
v 9.204056 -5.942897 4.538525
v 9.311183 -5.835771 4.538525
v 9.388611 -5.758342 4.009025
v 9.331335 -5.815618 3.520025
v 9.226330 -5.920623 3.520025
v 9.668625 -5.478328 4.538525
v 9.562559 -5.584394 4.538525
v 6.130263 -9.016691 3.865025
v 6.224663 -8.922293 4.348025
v 6.224662 -8.922293 3.865025
v 6.130264 -9.016691 4.888025
v 6.224663 -8.922293 4.450025
v 6.224663 -8.922293 4.888025
v 6.226784 -8.920172 4.450025
v 6.343456 -8.803498 4.445525
v 6.368913 -8.778043 4.552025
v 6.436794 -8.710160 4.282025
v 6.531193 -8.615762 4.277525
v 6.436794 -8.710160 3.865025
v 6.531193 -8.615762 3.865025
v 9.024805 -6.122149 4.429025
v 9.156326 -5.990626 4.505525
v 9.156326 -5.990626 4.363025
v 9.018440 -6.128513 4.552025
v 8.879494 -6.267459 4.201025
v 8.782974 -6.363979 4.189025
v 9.024804 -6.122149 3.851525
v 9.040714 -6.106239 3.977525
v 9.166933 -5.980020 3.890525
v 9.166933 -5.980020 4.022525
v 7.830502 -7.316452 4.283525
v 7.924900 -7.222054 3.865025
v 7.830502 -7.316452 3.865025
v 7.924900 -7.222054 4.354025
v 7.906869 -7.240085 4.430525
v 8.030966 -7.115988 4.439525
v 7.744588 -7.402366 4.439525
v 8.065969 -7.080986 4.552025
v 7.764741 -7.382214 4.552025
v 8.129607 -7.017346 4.282025
v 8.224007 -6.922947 4.288025
v 8.224006 -6.922947 3.865025
v 8.129607 -7.017346 3.865025
v 7.625794 -7.521160 4.450025
v 7.625794 -7.521160 4.354025
v 7.531396 -7.615559 4.538525
v 7.625794 -7.521160 4.538525
v 7.531395 -7.615559 3.865025
v 7.625794 -7.521160 3.865025
v 8.359241 -6.754505 -0.119745
v 8.359241 -6.754505 2.737990
v 8.500439 -6.613309 -0.119745
v 8.500439 -6.613309 2.926816
v 6.578513 -8.535234 2.926816
v 6.719709 -8.394038 2.737990
v 6.578513 -8.535234 -0.119745
v 6.719709 -8.394038 -0.119745
v 7.420026 -7.726928 4.358525
v 7.331991 -7.814963 4.424525
v 7.469877 -7.677077 4.474025
v 7.356386 -7.790568 4.552025
v 7.218501 -7.928453 4.384025
v 7.216379 -7.930575 4.217525
v 7.216379 -7.930575 4.384025
v 7.121981 -8.024974 4.538525
v 7.216379 -7.930575 4.538525
v 7.121981 -8.024974 3.865025
v 7.216379 -7.930575 3.865025
v 0.000000 -5.000000 -0.000000
v 0.000000 -9.500001 4.250000
v 0.000000 -9.500001 -0.000000
v 0.000000 -4.000000 3.750000
v 0.000000 -4.000000 4.250000
v 0.000000 -4.000000 1.250000
v 0.000000 8.500000 3.750000
v 0.000000 9.500000 4.250000
v 0.000000 8.500000 1.250000
v 0.000000 9.500000 0.000000
v 6.633017 -8.513939 4.460525
v 6.783630 -8.363324 4.426025
v 6.633017 -8.513939 4.315025
v 6.791055 -8.355900 4.552025
v 6.963943 -8.183012 4.330025
v 6.869544 -8.277411 4.307525
v 6.869544 -8.277411 4.271525
v 6.869544 -8.277411 4.198025
v 6.785751 -8.361203 4.229525
v 6.963942 -8.183012 3.983525
v 6.869544 -8.277411 4.001525
v 6.718930 -8.428024 4.040525
v 6.623470 -8.523484 4.016525
v 6.740143 -8.406811 3.851525
v 6.981974 -8.164981 3.949025
v 6.786812 -8.360142 3.946025
v 6.868483 -8.278471 3.920525
v 6.940608 -8.206347 3.851525
v 7.031824 -8.115129 3.904025
v 7.031825 -8.115129 3.985025
v 5.598873 -9.548082 3.865025
v 5.702818 -9.444138 4.307525
v 5.702817 -9.444138 3.865025
v 5.702818 -9.444138 4.439525
v 5.598874 -9.548082 4.888025
v 5.820551 -9.326405 4.439525
v 5.702818 -9.444138 4.756025
v 5.811005 -9.335950 4.307525
v 5.824794 -9.322162 4.888025
v 5.824794 -9.322162 4.756025
v 5.947830 -9.199125 4.600025
v 6.054957 -9.091998 4.594025
v 9.500000 -5.000000 5.750000
v 6.366116 -8.133883 5.750000
v 9.500000 -5.000000 4.750000
v 5.000000 -9.500001 4.750000
v 5.000000 -9.500001 5.750000
v 9.399256 2.589766 3.886775
v 10.099256 2.789448 3.886775
v 10.099256 2.589766 3.886775
v 9.399255 2.789449 3.886775
v 9.399256 8.602043 3.886775
v 10.099255 8.602042 3.886775
v 6.366116 -8.133883 -0.000000
v 6.366116 -8.133883 2.750000
v 5.000000 -9.500001 -0.000000
v 5.000000 -9.500001 4.250000
v 9.500000 -5.000000 4.250000
v 8.133882 -6.366116 2.750000
v 9.500000 -5.000000 -0.000000
v 8.133882 -6.366116 -0.000000
v 0.500000 -4.000000 1.250000
v 0.500000 -9.500001 -0.000000
v 0.500000 -9.500001 4.250000
v 0.500000 9.500000 0.000000
v 0.500000 -4.000000 3.750000
v 0.500000 8.500000 1.250000
v 0.500000 -4.000000 4.250000
v 0.500000 9.500000 4.250000
v 0.500000 8.500000 3.750000
v 0.500000 8.500000 4.250000
v 9.399256 -3.919667 1.093828
v 9.399256 -4.119349 0.893828
v 9.399254 1.693246 0.893828
v 9.399256 -4.119349 3.886775
v 9.399256 -3.919667 3.697948
v 9.399254 1.693246 3.886775
v 9.399254 1.693246 3.697948
v 9.399256 1.892928 3.886775
v 9.399254 1.693246 1.093828
v 9.399256 1.892928 0.893828
v 10.099256 2.789448 0.893828
v 10.099256 2.589766 0.893828
v 10.099256 2.789448 1.093828
v 10.099256 2.589766 3.886775
v 10.099256 2.789448 3.697948
v 10.099256 2.789448 3.886775
v 10.099255 8.402360 3.697948
v 10.099255 8.602042 3.886775
v 10.099255 8.402360 1.093828
v 10.099255 8.602042 0.893828
v 10.000000 8.500000 1.000000
v 10.000000 10.000000 -6.000000
v 10.000000 8.500000 -6.000000
v 10.000000 10.000000 1.000000
v 10.000000 8.500000 3.750000
v 10.000000 10.000000 5.750000
v 10.000000 8.500000 5.750000
v 10.000000 2.750000 3.750000
v 10.000000 2.750000 1.000000
v 10.000000 1.750000 5.750000
v 10.000000 1.750000 1.000000
v 10.000000 -5.000000 -6.000000
v 10.000000 2.750000 1.500000
v 10.000000 -4.000000 1.000000
v 10.000000 1.750000 1.500000
v 10.000000 -5.000000 5.750000
v 10.000000 1.750000 3.750000
v 10.000000 -4.000000 3.750000
v -10.000000 -10.000000 5.750000
v -9.500000 -9.500000 5.750000
v 5.000000 -10.000001 5.750000
v -10.000000 10.000000 5.750000
v 5.000000 -9.500001 5.750000
v -9.500000 9.500000 5.750000
v 6.616117 -8.383884 5.750000
v 6.366116 -8.133883 5.750000
v 9.500000 9.500000 5.750000
v 10.000000 10.000000 5.750000
v 10.000000 8.500000 5.750000
v 9.500000 8.500000 5.750000
v 10.000000 1.750000 5.750000
v 9.500000 -5.000000 5.750000
v 10.000000 -5.000000 5.750000
v 5.000000 -10.000001 1.500000
v 6.616117 -8.383884 2.750000
v 6.616117 -8.383884 1.500000
v 6.616117 -8.383884 -0.000000
v 5.000000 -10.000001 5.750000
v 5.000000 -10.000000 -6.000000
v 6.616117 -8.383884 5.750000
v 6.616117 -8.383884 -6.000000
v 8.383883 -6.616117 2.750000
v 10.000000 -5.000000 5.750000
v 8.383883 -6.616117 -0.000000
v 10.000000 -5.000000 -6.000000
v 9.500000 -5.000000 4.250000
v 9.500000 -4.000000 3.750000
v 9.500000 1.750000 3.750000
v 9.500000 -4.000000 1.000000
v 9.500000 2.750000 3.750000
v 9.500000 1.750000 2.750000
v 9.500000 -5.000000 -0.000000
v 9.500000 9.500000 4.250000
v 9.500000 1.750000 1.000000
v 9.500000 2.750000 2.750000
v 9.500000 8.500000 3.750000
v 9.500000 9.500000 3.750000
v 9.500000 8.500000 2.750000
v 9.500000 9.500000 2.750000
v 9.500000 8.500000 1.000000
v 9.500000 9.500000 0.000000
v 9.500000 1.750000 1.500000
v 9.500000 2.750000 1.500000
v 9.500000 2.750000 1.000000
v 10.099255 1.693245 0.893828
v 10.099255 1.693245 1.093828
v 10.099255 1.892927 0.893828
v 10.099255 1.892927 3.886775
v 10.099255 1.693245 3.697948
v 10.099255 -3.919667 1.093828
v 10.099255 -4.119349 0.893828
v 10.099255 -4.119349 1.093828
v 10.099255 -3.919667 3.697948
v 10.099255 -4.119349 3.886775
v 9.399255 2.789449 0.893828
v 9.399255 2.789449 1.093828
v 9.399256 2.589766 0.893828
v 9.399256 2.589766 3.886775
v 9.399255 2.789449 3.697948
v 9.399255 2.789449 3.886775
v 9.399256 8.402361 3.697948
v 9.399256 8.602043 3.886775
v 9.399256 8.402361 1.093828
v 9.399256 8.602043 0.893828
v -6.000000 10.000000 2.750000
v 10.000000 10.000000 5.750000
v -10.000000 10.000000 5.750000
v 10.000000 10.000000 1.000000
v -8.500000 10.000000 2.750000
v -10.000000 10.000000 2.750000
v -8.500000 10.000000 0.000000
v -10.000000 10.000000 -6.000000
v -6.000000 10.000000 0.000000
v 10.000000 10.000000 -6.000000
vt 0.551152885 0.71017009
vt 0.589825332 0.689363718
vt 0.552185893 0.71017009
vt 0.621964872 0.667778432
vt 0.616843581 0.646381795
vt 0.616843581 0.667778432
vt 0.621964872 0.646381795
vt 0.933309317 0.755388975
vt 0.924816728 0.7619313
vt 0.933309317 0.7619313
vt 0.924816728 0.755388975
vt 0.627086222 0.667778432
vt 0.621964872 0.64697206
vt 0.621964872 0.667778432
vt 0.627086222 0.64697206
vt 0.589825392 0.649920404
vt 0.611722231 0.646381795
vt 0.589825392 0.646381795
vt 0.611722231 0.649920404
vt 0.839404464 0.792661011
vt 0.838405311 0.797287166
vt 0.839404464 0.797287166
vt 0.838405311 0.792661011
vt 0.57008189 0.820109785
vt 0.571081042 0.831932187
vt 0.571081042 0.820109785
vt 0.57008189 0.831932187
vt 0.132180601 0.740828156
vt 0.126685411 0.740314126
vt 0.126685411 0.740828156
vt 0.132180601 0.740314126
vt 0.572080135 0.831932187
vt 0.571081042 0.820109785
vt 0.571081042 0.831932187
vt 0.572080135 0.820109785
vt 0.609068573 0.726854205
vt 0.603573382 0.726127267
vt 0.603573382 0.726854205
vt 0.609068573 0.726127267
vt 0.629461348 0.701119423
vt 0.625840008 0.680313051
vt 0.625840008 0.701119423
vt 0.629461348 0.680313051
vt 0.861235261 0.31178239
vt 0.860236168 0.337483257
vt 0.861235261 0.337483257
vt 0.860236168 0.31178239
vt 0.590584695 0.750045538
vt 0.591291249 0.755699694
vt 0.591291249 0.750045538
vt 0.590584695 0.755699694
vt 0.667710006 0.761417329
vt 0.662214816 0.762144327
vt 0.667710006 0.762144327
vt 0.662214816 0.761417329
vt 0.630814493 0.64697206
vt 0.633509755 0.668752015
vt 0.633509755 0.64697206
vt 0.630814493 0.668752015
vt 0.828400791 0.862785757
vt 0.819908202 0.835162342
vt 0.819908202 0.862785757
vt 0.82840085 0.835162342
vt 0.862597466 0.779296577
vt 0.863596559 0.75359571
vt 0.862597466 0.75359571
vt 0.863596559 0.779296577
vt 0.564107835 0.772148252
vt 0.565106928 0.777288437
vt 0.565106928 0.772148252
vt 0.564107835 0.777288437
vt 0.0962119997 0.771907926
vt 0.0969184935 0.76676774
vt 0.0962119997 0.76676774
vt 0.0969184935 0.771907926
vt 0.566797972 0.831932187
vt 0.567797124 0.820109785
vt 0.566797972 0.820109785
vt 0.567797124 0.831932187
vt 0.565798879 0.831932187
vt 0.566797972 0.820109785
vt 0.565798879 0.820109785
vt 0.566797972 0.831932187
vt 0.0657385886 0.810839713
vt 0.0677368343 0.783216298
vt 0.0657385886 0.783216298
vt 0.0677368343 0.810839713
vt 0.116194576 0.761184037
vt 0.118192822 0.782265007
vt 0.118192822 0.761184037
vt 0.116194576 0.782265007
vt 0.118192822 0.800249338
vt 0.120191067 0.761184037
vt 0.118192822 0.761184037
vt 0.120191067 0.800249338
vt 0.567928433 0.729760528
vt 0.573049784 0.711143613
vt 0.567928433 0.711143613
vt 0.573049784 0.729760528
vt 0.591288626 0.681322455
vt 0.610340774 0.684861064
vt 0.610340774 0.681322515
vt 0.591288626 0.684861064
vt 0.616843581 0.741246283
vt 0.611722291 0.701119423
vt 0.611722231 0.741246283
vt 0.616843581 0.701119423
vt 0.560875654 0.750296891
vt 0.565997005 0.71017009
vt 0.560875654 0.71017009
vt 0.565997005 0.750296891
vt 0.611722231 0.646381795
vt 0.616843581 0.667778432
vt 0.616843581 0.646381795
vt 0.611722231 0.667778432
vt 0.92032063 0.809908748
vt 0.928813219 0.79609704
vt 0.92032063 0.79609704
vt 0.928813219 0.809908748
vt 0.0962119997 0.761113584
vt 0.0969184935 0.761113584
vt 0.0962119997 0.758543491
vt 0.0969184935 0.755459368
vt 0.0962119997 0.755459368
vt 0.118192822 0.814976871
vt 0.116194576 0.816430748
vt 0.118192822 0.816430748
vt 0.116194576 0.795349717
vt 0.118192822 0.795349717
vt 0.582692564 0.729760528
vt 0.587813914 0.711143613
vt 0.582692564 0.711143613
vt 0.587813914 0.729760528
vt 0.610258996 0.679303646
vt 0.591206849 0.675765097
vt 0.591206849 0.679303646
vt 0.610258996 0.675765038
vt 0.619218707 0.701119423
vt 0.624339998 0.741246283
vt 0.624339998 0.701119423
vt 0.619218707 0.741246283
vt 0.64994663 0.680313051
vt 0.644825339 0.720439911
vt 0.64994663 0.720439911
vt 0.644825339 0.680313051
vt 0.636205018 0.64697206
vt 0.633509755 0.667402089
vt 0.636205018 0.667402089
vt 0.633509755 0.64697206
vt 0.588364482 0.704809368
vt 0.589825392 0.701084793
vt 0.588364482 0.701084733
vt 0.589825392 0.704809308
vt 0.554881155 0.71017009
vt 0.552185893 0.730600059
vt 0.554881155 0.730600059
vt 0.552185893 0.71017009
vt 0.567928433 0.699372351
vt 0.566467524 0.703096926
vt 0.567928433 0.703096926
vt 0.566467583 0.699372351
vt 0.581982791 0.711143613
vt 0.578171074 0.730574787
vt 0.581982791 0.730574787
vt 0.578171074 0.711143613
vt 0.607910573 0.730820417
vt 0.611722231 0.714244306
vt 0.607910573 0.714244306
vt 0.611722231 0.730820417
vt 0.551152885 0.71017009
vt 0.546031535 0.729626536
vt 0.551152885 0.729626536
vt 0.546031535 0.71017009
vt 0.566467524 0.694368064
vt 0.567928433 0.699372351
vt 0.567928433 0.694368064
vt 0.566467524 0.699372351
vt 0.616376579 0.680313051
vt 0.612755299 0.699769497
vt 0.616376579 0.699769497
vt 0.612755299 0.68031311
vt 0.566467524 0.689363718
vt 0.567928433 0.694368005
vt 0.567928433 0.689363718
vt 0.566467524 0.694368064
vt 0.560875654 0.729679406
vt 0.555754364 0.71017009
vt 0.555754364 0.729679406
vt 0.560875654 0.71017009
vt 0.578171074 0.711143613
vt 0.573049784 0.727797866
vt 0.578171074 0.727797866
vt 0.573049784 0.711143613
vt 0.624339998 0.742673814
vt 0.629461348 0.701119423
vt 0.624339998 0.701119423
vt 0.629461348 0.744101346
vt 0.624339998 0.744101346
vt 0.932536483 0.775403619
vt 0.928040385 0.776130557
vt 0.932536483 0.776130557
vt 0.928040385 0.775403619
vt 0.945065618 0.324365258
vt 0.931198061 0.185689226
vt 0.931198061 0.324365258
vt 0.945065618 0.185689226
vt 0.945065618 0.193332806
vt 0.958933234 0.185689226
vt 0.945065618 0.185689226
vt 0.958933234 0.193332806
vt 0.931197941 0.324365258
vt 0.917330444 0.185689226
vt 0.917330384 0.324365258
vt 0.931198061 0.185689226
vt 0.945065618 0.193332806
vt 0.958933234 0.200976357
vt 0.958933234 0.193332806
vt 0.945065618 0.200976357
vt 0.917330384 0.324365258
vt 0.868793786 0.185689226
vt 0.868793845 0.324365258
vt 0.917330325 0.185689226
vt 0.820257187 0.185689226
vt 0.868793786 0.324365258
vt 0.868793726 0.185689226
vt 0.820257246 0.324365258
vt 0.630814493 0.668752015
vt 0.62811923 0.64697206
vt 0.62811923 0.668752015
vt 0.630814493 0.64697206
vt 0.587054849 0.737796605
vt 0.594122589 0.751421273
vt 0.594122529 0.737796605
vt 0.587054849 0.751421273
vt 0.587054849 0.737796605
vt 0.594122529 0.732440293
vt 0.587054849 0.732440293
vt 0.594122529 0.737796605
vt 0.622499347 0.748689771
vt 0.615431666 0.733345509
vt 0.615431666 0.748689771
vt 0.622499347 0.733345509
vt 0.603229761 0.732327998
vt 0.608363867 0.739412487
vt 0.608363867 0.732327998
vt 0.603229761 0.739412487
vt 0.625930071 0.685161054
vt 0.618862391 0.648935616
vt 0.618862391 0.685161054
vt 0.625930071 0.648935616
vt 0.548573613 0.729591846
vt 0.555641413 0.740766346
vt 0.555641413 0.729591846
vt 0.548573613 0.740766346
vt 0.548573613 0.719857275
vt 0.555641413 0.729591846
vt 0.555641413 0.719857275
vt 0.548573613 0.729591846
vt 0.632818222 0.7445122
vt 0.639886022 0.751708329
vt 0.639886022 0.7445122
vt 0.632818222 0.751708329
vt 0.561542988 0.741110682
vt 0.556188226 0.748195171
vt 0.561542988 0.748195171
vt 0.556188226 0.741110682
vt 0.66004622 0.751125813
vt 0.654021502 0.758210242
vt 0.66004622 0.758210242
vt 0.654021502 0.751125813
vt 0.629567146 0.748981535
vt 0.622499347 0.759956598
vt 0.629567146 0.759956598
vt 0.622499347 0.748981535
vt 0.632818222 0.751708329
vt 0.639886022 0.757531703
vt 0.639886022 0.751708329
vt 0.632818222 0.757531703
vt 0.5728513 0.752658248
vt 0.5799191 0.760260642
vt 0.5799191 0.752658248
vt 0.5728513 0.760260642
vt 0.5799191 0.760365546
vt 0.5728513 0.760365546
vt 0.568610668 0.719857275
vt 0.561542988 0.727716267
vt 0.568610668 0.727716267
vt 0.561542988 0.719857275
vt 0.568610668 0.742020309
vt 0.561542988 0.727716267
vt 0.561542988 0.742020309
vt 0.568610668 0.727716267
vt 0.658863664 0.657608926
vt 0.65420115 0.664693356
vt 0.658863664 0.664693356
vt 0.65420115 0.657608926
vt 0.639886022 0.69083184
vt 0.646953702 0.705598235
vt 0.646953702 0.69083184
vt 0.639886022 0.705598235
vt 0.639886022 0.685161054
vt 0.646953702 0.69083184
vt 0.646953702 0.685161054
vt 0.639886022 0.69083184
vt 0.6604141 0.692800999
vt 0.654021502 0.68571651
vt 0.654021502 0.692800999
vt 0.6604141 0.68571651
vt 0.603136659 0.750029683
vt 0.596068859 0.733281016
vt 0.596068859 0.750029683
vt 0.603136659 0.733281016
vt 0.65420115 0.649066627
vt 0.658863664 0.656151116
vt 0.658863664 0.649066627
vt 0.65420115 0.656151116
vt 0.63299787 0.685161054
vt 0.625930071 0.648935616
vt 0.625930071 0.685161054
vt 0.63299787 0.648935616
vt 0.658863783 0.649066627
vt 0.663521886 0.656151116
vt 0.663521886 0.649066627
vt 0.658863783 0.656151116
vt 0.608363867 0.748607218
vt 0.615431666 0.733418941
vt 0.608363867 0.733418941
vt 0.615431666 0.748607218
vt 0.646953702 0.715930462
vt 0.654021502 0.719128847
vt 0.654021502 0.715930462
vt 0.646953702 0.719128847
vt 0.646953702 0.709203899
vt 0.654021502 0.715930462
vt 0.654021502 0.709203899
vt 0.646953702 0.715930462
vt 0.555862188 0.741110682
vt 0.561542988 0.734026253
vt 0.555862188 0.734026253
vt 0.561542988 0.741110682
vt 0.548573613 0.740766346
vt 0.555641413 0.745146573
vt 0.555641413 0.740766346
vt 0.548573613 0.745146573
vt 0.555641413 0.754368663
vt 0.548573613 0.754368663
vt 0.658098698 0.751125813
vt 0.659370422 0.744041324
vt 0.658098698 0.744041324
vt 0.659370422 0.751125813
vt 0.658098698 0.751125813
vt 0.654021502 0.744041324
vt 0.654021502 0.751125813
vt 0.658098698 0.744041324
vt 0.646953702 0.759181857
vt 0.654021502 0.751125813
vt 0.646953702 0.751125813
vt 0.654021502 0.759181857
vt 0.608363867 0.71815908
vt 0.603223741 0.725243568
vt 0.608363867 0.725243568
vt 0.603223741 0.71815908
vt 0.64006567 0.67666316
vt 0.64713335 0.684993565
vt 0.64713335 0.67666316
vt 0.64006567 0.684993565
vt 0.64006567 0.67666316
vt 0.64713335 0.669357538
vt 0.64006567 0.669357538
vt 0.64713335 0.67666316
vt 0.561542988 0.75504756
vt 0.568610668 0.743032217
vt 0.561542988 0.743032217
vt 0.568610668 0.75504756
vt 0.561542988 0.743032217
vt 0.568610668 0.742020309
vt 0.561542988 0.742020309
vt 0.568610668 0.743032217
vt 0.59527564 0.699170589
vt 0.592614233 0.706255078
vt 0.59527564 0.706255078
vt 0.592614233 0.699170589
vt 0.572603464 0.697789133
vt 0.569801331 0.690704644
vt 0.569801331 0.697789133
vt 0.572603464 0.690704644
vt 0.646953702 0.719128847
vt 0.654021502 0.723928392
vt 0.654021502 0.719128847
vt 0.646953702 0.723928392
vt 0.654021502 0.716434777
vt 0.661089182 0.71360743
vt 0.654021502 0.71360743
vt 0.661089182 0.716434777
vt 0.654021502 0.709203899
vt 0.661089182 0.71360743
vt 0.661089182 0.709203899
vt 0.654021502 0.71360743
vt 0.654021502 0.699885488
vt 0.660963297 0.692800999
vt 0.654021502 0.692800999
vt 0.660963297 0.699885488
vt 0.596068859 0.750029683
vt 0.603136659 0.758336782
vt 0.603136659 0.750029683
vt 0.596068859 0.758336782
vt 0.65420115 0.65641886
vt 0.64713335 0.656313896
vt 0.64713335 0.65641886
vt 0.65420115 0.656313896
vt 0.65420115 0.65641886
vt 0.64713335 0.664181709
vt 0.65420115 0.664181709
vt 0.64713335 0.65641886
vt 0.65420115 0.664181709
vt 0.64713335 0.669357538
vt 0.65420115 0.669357538
vt 0.64713335 0.664181709
vt 0.663874745 0.751125813
vt 0.659370422 0.744041324
vt 0.659370422 0.751125813
vt 0.663874745 0.744041324
vt 0.568610668 0.683620155
vt 0.572603464 0.690704644
vt 0.572603464 0.683620155
vt 0.568610668 0.690704644
vt 0.639886022 0.732288778
vt 0.632818222 0.723928392
vt 0.632818222 0.732288778
vt 0.639886022 0.723928392
vt 0.639886022 0.7445122
vt 0.632818222 0.732288778
vt 0.632818222 0.7445122
vt 0.639886022 0.732288778
vt 0.603701234 0.753581464
vt 0.608363867 0.760665894
vt 0.608363867 0.753581464
vt 0.603701234 0.760665894
vt 0.622499347 0.7094962
vt 0.629567146 0.733345509
vt 0.629567146 0.7094962
vt 0.622499347 0.733345509
vt 0.646953702 0.757198632
vt 0.642295599 0.764283121
vt 0.646953702 0.764283121
vt 0.642295599 0.757198632
vt 0.659366369 0.736956835
vt 0.654021502 0.744041324
vt 0.659366369 0.744041324
vt 0.654021502 0.736956835
vt 0.608363867 0.725973964
vt 0.615431547 0.733418941
vt 0.615431547 0.725973964
vt 0.608363867 0.733418941
vt 0.608363867 0.725973964
vt 0.615431547 0.719625771
vt 0.608363867 0.719625771
vt 0.615431547 0.725973964
vt 0.608363867 0.719625771
vt 0.615431547 0.711074591
vt 0.608363867 0.711074591
vt 0.615431547 0.719625771
vt 0.596068859 0.733281016
vt 0.603136659 0.725742698
vt 0.596068859 0.725742698
vt 0.603136659 0.733281016
vt 0.596068859 0.711074591
vt 0.603136659 0.725742698
vt 0.603136659 0.711074591
vt 0.596068859 0.725742698
vt 0.556194067 0.75527966
vt 0.56085664 0.762364149
vt 0.56085664 0.75527966
vt 0.556194067 0.762364149
vt 0.5728513 0.737891912
vt 0.5799191 0.752658248
vt 0.5799191 0.737891912
vt 0.5728513 0.752658248
vt 0.5728513 0.737891912
vt 0.5799191 0.732440293
vt 0.5728513 0.732440293
vt 0.5799191 0.737891912
vt 0.555843592 0.719857275
vt 0.561542988 0.726941764
vt 0.561542988 0.719857275
vt 0.555843592 0.726941764
vt 0.58698684 0.732440293
vt 0.5799191 0.749397039
vt 0.58698684 0.749397039
vt 0.5799191 0.732440293
vt 0.568610668 0.75504756
vt 0.563948035 0.762132049
vt 0.568610668 0.762132049
vt 0.563948035 0.75504756
vt 0.64006567 0.669357538
vt 0.64713335 0.654538035
vt 0.64006567 0.654538035
vt 0.64713335 0.669357538
vt 0.64006567 0.649123371
vt 0.64713335 0.654538035
vt 0.64713335 0.649123371
vt 0.64006567 0.654538035
vt 0.654021502 0.716434777
vt 0.660349488 0.723519206
vt 0.660349488 0.716434777
vt 0.654021502 0.723519206
vt 0.646953702 0.723928392
vt 0.639886022 0.706971645
vt 0.639886022 0.723928392
vt 0.646953702 0.706971645
vt 0.608363867 0.746496975
vt 0.603701234 0.753581464
vt 0.608363867 0.753581464
vt 0.603701234 0.746496975
vt 0.615431666 0.733345509
vt 0.622499347 0.7094962
vt 0.615431547 0.7094962
vt 0.622499347 0.733345509
vt 0.658863783 0.664693356
vt 0.663521886 0.657608867
vt 0.658863783 0.657608926
vt 0.663521886 0.664693356
vt 0.59527564 0.685001612
vt 0.592214108 0.692086101
vt 0.59527564 0.692086101
vt 0.592214108 0.685001612
vt 0.646953702 0.691887558
vt 0.654021502 0.695085943
vt 0.654021502 0.691887558
vt 0.646953702 0.695085943
vt 0.646953702 0.691887558
vt 0.654021502 0.685161054
vt 0.646953702 0.685161054
vt 0.654021502 0.691887558
vt 0.555862188 0.734026253
vt 0.561542988 0.726941764
vt 0.555862188 0.726941764
vt 0.561542988 0.734026253
vt 0.646953702 0.728308618
vt 0.654021502 0.723928392
vt 0.646953702 0.723928392
vt 0.654021502 0.728308618
vt 0.654021502 0.737530649
vt 0.646953702 0.737530649
vt 0.560271144 0.75527966
vt 0.561542988 0.748195171
vt 0.560271144 0.748195171
vt 0.561542988 0.75527966
vt 0.560271144 0.75527966
vt 0.556194067 0.748195171
vt 0.556194067 0.75527966
vt 0.560271144 0.748195171
vt 0.587054849 0.759477317
vt 0.594122529 0.751421273
vt 0.587054849 0.751421273
vt 0.594122529 0.759477317
vt 0.608363867 0.725243568
vt 0.603223741 0.732327998
vt 0.608363867 0.732327998
vt 0.603223741 0.725243568
vt 0.622499347 0.748981535
vt 0.629567146 0.740651131
vt 0.622499347 0.740651131
vt 0.629567146 0.748981535
vt 0.622499347 0.740651131
vt 0.629567146 0.733345509
vt 0.622499347 0.733345509
vt 0.629567146 0.740651131
vt 0.646953702 0.756186724
vt 0.639886022 0.744171321
vt 0.639886022 0.756186724
vt 0.646953702 0.744171321
vt 0.646953702 0.757198632
vt 0.639886022 0.756186724
vt 0.639886022 0.757198632
vt 0.646953702 0.756186724
vt 0.572462797 0.697789133
vt 0.569801331 0.704873562
vt 0.572462797 0.704873562
vt 0.569801331 0.697789133
vt 0.59527564 0.699170589
vt 0.592473507 0.692086101
vt 0.592473507 0.699170589
vt 0.59527564 0.692086101
vt 0.646953702 0.695085943
vt 0.654021502 0.699885488
vt 0.654021502 0.695085943
vt 0.646953702 0.699885488
vt 0.555641413 0.754368663
vt 0.548573613 0.75719595
vt 0.555641413 0.75719595
vt 0.548573613 0.754368663
vt 0.555641413 0.761599481
vt 0.548573613 0.75719595
vt 0.548573613 0.761599481
vt 0.555641413 0.75719595
vt 0.660963297 0.709203899
vt 0.654021502 0.70211941
vt 0.654021502 0.709203899
vt 0.660963297 0.70211941
vt 0.646953702 0.7008968
vt 0.654021502 0.709203899
vt 0.654021502 0.7008968
vt 0.646953702 0.709203899
vt 0.58698684 0.758789361
vt 0.5799191 0.749397039
vt 0.5799191 0.758789361
vt 0.58698684 0.749397039
vt 0.64713335 0.684993565
vt 0.65420115 0.678273439
vt 0.64713335 0.678273439
vt 0.65420115 0.684993565
vt 0.64713335 0.671777844
vt 0.65420115 0.678273439
vt 0.65420115 0.671777844
vt 0.64713335 0.678273439
vt 0.6639328 0.744041264
vt 0.659366369 0.736956835
vt 0.659366369 0.744041264
vt 0.6639328 0.736956835
vt 0.64713335 0.649066627
vt 0.65420115 0.656313896
vt 0.65420115 0.649066627
vt 0.64713335 0.656313896
vt 0.615431666 0.760333002
vt 0.622499347 0.748689771
vt 0.615431547 0.748689771
vt 0.622499347 0.760333002
vt 0.639886022 0.730487585
vt 0.646953702 0.744171321
vt 0.646953702 0.730487585
vt 0.639886022 0.744171321
vt 0.639886022 0.723928392
vt 0.646953702 0.730487585
vt 0.646953702 0.723928392
vt 0.639886022 0.730487585
vt 0.608363867 0.739412487
vt 0.603434145 0.746496975
vt 0.608363867 0.746496975
vt 0.603434145 0.739412487
vt 0.66016233 0.723928392
vt 0.654021502 0.731012881
vt 0.66016233 0.731012881
vt 0.654021502 0.723928392
vt 0.63299787 0.667638421
vt 0.64006567 0.685161054
vt 0.640065551 0.667638421
vt 0.63299787 0.685161054
vt 0.63299787 0.667638421
vt 0.640065551 0.649123371
vt 0.63299787 0.649123371
vt 0.640065551 0.667638421
vt 0.659487367 0.671777844
vt 0.65420115 0.678862333
vt 0.659487367 0.678862333
vt 0.65420115 0.671777844
vt 0.615431547 0.760454357
vt 0.608363867 0.748607218
vt 0.608363867 0.760454357
vt 0.615431547 0.748607218
vt 0.654021502 0.751125813
vt 0.646953702 0.737530649
vt 0.646953821 0.751125813
vt 0.654021502 0.737530649
vt 0.659434915 0.664693356
vt 0.65420115 0.671777844
vt 0.659435034 0.671777844
vt 0.65420115 0.664693356
vt 0.632818222 0.723928392
vt 0.639886022 0.685161054
vt 0.632818222 0.685161054
vt 0.639886022 0.723928392
vt 0.608363867 0.711074591
vt 0.603177309 0.71815908
vt 0.608363867 0.71815908
vt 0.603177309 0.711074591
vt 0.0972111225 0.732106805
vt 0.114695877 0.732106805
vt 0.0972111225 0.703029633
vt 0.120690614 0.703029633
vt 0.120690614 0.732106805
vt 0.639703989 0.723294973
vt 0.634582639 0.681740582
vt 0.634582698 0.723294973
vt 0.639703989 0.681740582
vt 0.639703989 0.680313051
vt 0.634582639 0.680313051
vt 0.564536095 0.689363718
vt 0.564536095 0.708820105
vt 0.565997005 0.689363718
vt 0.565997005 0.71017009
vt 0.546031535 0.71017009
vt 0.547492445 0.708820164
vt 0.546031535 0.689363718
vt 0.547492445 0.689363718
vt 0.595273137 0.792352855
vt 0.595273137 0.788754702
vt 0.594274044 0.792352855
vt 0.594274044 0.786698699
vt 0.595273137 0.786698699
vt 0.883352876 0.854695022
vt 0.884351969 0.854695022
vt 0.883352876 0.836190403
vt 0.886350274 0.854695022
vt 0.891845465 0.836190403
vt 0.891845465 0.854695022
vt 0.133314252 0.358203322
vt 0.131315947 0.31913802
vt 0.131316006 0.358203322
vt 0.15029943 0.32839033
vt 0.15029943 0.31913802
vt 0.138309896 0.358203322
vt 0.15029943 0.358203322
vt 0.138309896 0.359231383
vt 0.133314252 0.359231383
vt 0.595273137 0.781044483
vt 0.594274044 0.781044483
vt 0.595273137 0.782072544
vt 0.594274044 0.782072544
vt 0.594274044 0.784642577
vt 0.595273137 0.786698699
vt 0.594274044 0.786698699
vt 0.667710006 0.771230936
vt 0.665711761 0.771230936
vt 0.667710006 0.771957874
vt 0.663213909 0.771957874
vt 0.663213909 0.771230936
vt 0.662214816 0.771230936
vt 0.662214816 0.771957874
vt 0.330929935 0.377092779
vt 0.339922071 0.377092779
vt 0.330929935 0.365784407
vt 0.348914266 0.367840469
vt 0.330929935 0.340083539
vt 0.348914266 0.338027477
vt 0.330929935 0.338027477
vt 0.28846696 0.36636889
vt 0.307450414 0.355060518
vt 0.28846696 0.355060518
vt 0.307450414 0.394125819
vt 0.28846696 0.394125819
vt 0.444667995 0.673315525
vt 0.415693283 0.673315525
vt 0.444667995 0.712380826
vt 0.406701118 0.682567835
vt 0.406701118 0.712380826
vt 0.902336359 0.84338665
vt 0.896841168 0.84338665
vt 0.902336359 0.855723083
vt 0.89384377 0.855723083
vt 0.89384377 0.836190403
vt 0.896841168 0.838246465
vt 0.902336359 0.836190403
vt 0.902336359 0.838246465
vt 0.644825339 0.723294973
vt 0.639703989 0.681740582
vt 0.639703989 0.723294973
vt 0.644825339 0.681740582
vt 0.639703989 0.680313051
vt 0.644825339 0.680313051
vt 0.120690674 0.733870625
vt 0.129183263 0.733870625
vt 0.120690614 0.703029633
vt 0.144170195 0.703029633
vt 0.144170195 0.733870625
vt 0.614664197 0.685727656
vt 0.61269033 0.687932789
vt 0.615431547 0.688491881
vt 0.609775066 0.685161054
vt 0.606956124 0.688484311
vt 0.603265464 0.690451264
vt 0.600123227 0.687853098
vt 0.607774496 0.691234231
vt 0.612149119 0.689352274
vt 0.600892365 0.694587767
vt 0.596068859 0.695050657
vt 0.605900109 0.700140178
vt 0.609636068 0.697939992
vt 0.61033237 0.700448215
vt 0.615431547 0.701176882
vt 0.610673428 0.701676726
vt 0.607659459 0.70687443
vt 0.60921061 0.711074591
vt 0.600734711 0.710074365
vt 0.599356294 0.70510906
vt 0.591288626 0.710705698
vt 0.611722231 0.714244306
vt 0.611722231 0.710705698
vt 0.589825392 0.714244306
vt 0.589825392 0.710705698
vt 0.172779799 0.289324969
vt 0.154795527 0.31913802
vt 0.172779799 0.31913802
vt 0.170049965 0.28651616
vt 0.154795527 0.280072659
vt 0.166517496 0.282881528
vt 0.163787663 0.280072659
vt 0.170549512 0.286002129
vt 0.167017043 0.282367498
vt 0.624807 0.680313051
vt 0.624807 0.699769497
vt 0.625840008 0.680313051
vt 0.625840008 0.701119423
vt 0.612755299 0.699769497
vt 0.611722231 0.701119423
vt 0.611722231 0.680313051
vt 0.612755299 0.68031311
vt 0.627086222 0.64697206
vt 0.627086222 0.667402089
vt 0.62811923 0.64697206
vt 0.62811923 0.668752015
vt 0.589825332 0.689363718
vt 0.551152885 0.731949985
vt 0.551152885 0.71017009
vt 0.584619164 0.671558857
vt 0.5728513 0.685001612
vt 0.578205168 0.685001612
vt 0.582074761 0.666245461
vt 0.579212308 0.648923934
vt 0.573964477 0.648923934
vt 0.596068859 0.685001612
vt 0.590768099 0.685001612
vt 0.548573613 0.683620155
vt 0.55329138 0.700729191
vt 0.55329138 0.683620155
vt 0.548573613 0.719857275
vt 0.55329138 0.704342246
vt 0.55329138 0.719857275
vt 0.553397417 0.704342246
vt 0.559228301 0.704182863
vt 0.560500503 0.70795536
vt 0.563892961 0.698391318
vt 0.568610668 0.698231876
vt 0.563892961 0.683620155
vt 0.568610668 0.683620155
vt 0.590949833 0.717365921
vt 0.58793366 0.710915208
vt 0.584529519 0.714634836
vt 0.594122589 0.714370787
vt 0.590854645 0.728238165
vt 0.594122589 0.731819987
vt 0.577153921 0.732440293
vt 0.579578042 0.728612602
vt 0.5728513 0.72660923
vt 0.576004744 0.723163664
vt 0.558062077 0.663907588
vt 0.57285136 0.668636501
vt 0.57285136 0.663907588
vt 0.555570722 0.668636501
vt 0.552867293 0.667733192
vt 0.552549243 0.673949838
vt 0.552549243 0.659603775
vt 0.548573613 0.675703287
vt 0.548573613 0.660613298
vt 0.558115125 0.678891242
vt 0.557903051 0.683620155
vt 0.57285136 0.683620155
vt 0.57285136 0.678891242
vt 0.552178204 0.653652847
vt 0.555570722 0.653652847
vt 0.549050689 0.648923934
vt 0.549050689 0.653652847
vt 0.57285136 0.648923934
vt 0.57285136 0.653652847
vt 0.586353004 0.689363718
vt 0.586353004 0.709793687
vt 0.587813914 0.689363718
vt 0.587813914 0.711143613
vt 0.567928433 0.711143613
vt 0.569389343 0.709793687
vt 0.567928433 0.689363718
vt 0.569389343 0.689363718
vt 0.617923021 0.692015231
vt 0.622322679 0.689677358
vt 0.615431547 0.687923968
vt 0.621103525 0.685161054
vt 0.627994537 0.691111982
vt 0.628100514 0.697009802
vt 0.628100514 0.691111982
vt 0.632818222 0.685639203
vt 0.628100514 0.685639203
vt 0.632818222 0.7094962
vt 0.628100514 0.7094962
vt 0.92032063 0.816451073
vt 0.928813219 0.809908748
vt 0.92032063 0.809908748
vt 0.927814126 0.817904949
vt 0.928813219 0.817904949
vt 0.923318028 0.817904949
vt 0.927814126 0.836078227
vt 0.928813219 0.837532043
vt 0.923318028 0.836078227
vt 0.92032063 0.837532043
vt 0.577517152 0.709914982
vt 0.584442019 0.706715047
vt 0.576138794 0.704949677
vt 0.585993111 0.710915208
vt 0.592214108 0.701017499
vt 0.587455869 0.701517344
vt 0.587114811 0.700288832
vt 0.586418509 0.69778055
vt 0.58268261 0.699980795
vt 0.588931561 0.689192891
vt 0.584556997 0.691074848
vt 0.577674866 0.694428384
vt 0.5728513 0.694891274
vt 0.576905727 0.687693715
vt 0.58947283 0.687773407
vt 0.580047965 0.690291882
vt 0.583738565 0.688324869
vt 0.586557508 0.685001612
vt 0.591446757 0.685568273
vt 0.592214108 0.688332438
vt 0.596068859 0.648923934
vt 0.601263702 0.664598346
vt 0.601263642 0.648923934
vt 0.601263702 0.669274092
vt 0.596068859 0.685161054
vt 0.607147574 0.669274092
vt 0.601263702 0.680485249
vt 0.606670499 0.664598346
vt 0.607359648 0.685161054
vt 0.607359648 0.680485249
vt 0.613508582 0.674959362
vt 0.618862391 0.674746811
vt 0.118192822 0.795349717
vt 0.118192822 0.786237299
vt 0.116194576 0.795349717
vt 0.116194576 0.782265007
vt 0.118192822 0.782265007
vt 0.634582639 0.723294973
vt 0.629461348 0.721867442
vt 0.629461348 0.723294973
vt 0.634582639 0.721867442
vt 0.634582639 0.680313051
vt 0.629461348 0.680313051
vt 0.924816728 0.765903592
vt 0.930311918 0.765903592
vt 0.924816728 0.7619313
vt 0.933309317 0.7619313
vt 0.933309317 0.775016069
vt 0.930311918 0.771043777
vt 0.924816728 0.775016069
vt 0.924816728 0.771043777
vt 0.905333757 0.854789495
vt 0.902336359 0.862785757
vt 0.910828948 0.862785757
vt 0.902336359 0.835162342
vt 0.909829736 0.854789495
vt 0.905333757 0.836616218
vt 0.910828948 0.854789495
vt 0.910828948 0.835162342
vt 0.909829736 0.836616218
vt 0.910828948 0.836616218
vt 0.566465199 0.687936187
vt 0.567928433 0.689363718
vt 0.567928433 0.647809327
vt 0.546031535 0.689363718
vt 0.547413051 0.687936187
vt 0.546031535 0.647809327
vt 0.547413051 0.647809327
vt 0.546031535 0.646381795
vt 0.566465199 0.647809327
vt 0.567928433 0.646381795
vt 0.611722231 0.650929809
vt 0.611722231 0.649920404
vt 0.610258996 0.650929809
vt 0.589825392 0.649920404
vt 0.591206849 0.650929809
vt 0.589825392 0.650929809
vt 0.591206849 0.679303646
vt 0.589825392 0.680313051
vt 0.610258996 0.679303646
vt 0.611722231 0.680313051
vt 0.0761376321 0.792982638
vt 0.0740181208 0.807375133
vt 0.0761376023 0.807375133
vt 0.074018091 0.792982638
vt 0.0761376023 0.787328482
vt 0.0740181208 0.783216298
vt 0.0761376023 0.783216298
vt 0.0842622519 0.787328482
vt 0.0842622519 0.792982638
vt 0.0856752098 0.783216298
vt 0.0856752098 0.792982638
vt 0.095212847 0.807375133
vt 0.0842622519 0.791954577
vt 0.0937998593 0.792982638
vt 0.0856752098 0.791954577
vt 0.095212847 0.783216298
vt 0.0856752098 0.787328482
vt 0.0937998593 0.787328422
vt 0.0572459698 0.744150996
vt 0.0582450926 0.743122935
vt 0.0572459698 0.713309944
vt 0.0972111225 0.744150996
vt 0.0582450926 0.713309944
vt 0.0962119997 0.743122935
vt 0.0604753792 0.709987104
vt 0.0609749556 0.710501134
vt 0.0962119699 0.704057634
vt 0.0972111225 0.703029633
vt 0.0942137241 0.703029633
vt 0.0942137241 0.704057634
vt 0.0807255208 0.703029633
vt 0.0672372282 0.704057634
vt 0.0672372282 0.703029633
vt 0.129183263 0.733870625
vt 0.126685411 0.737193465
vt 0.129183263 0.737193465
vt 0.132180601 0.737193465
vt 0.120690674 0.733870625
vt 0.144170195 0.733870625
vt 0.120690674 0.737193465
vt 0.144170195 0.737193465
vt 0.126685411 0.740828156
vt 0.120690674 0.744150996
vt 0.132180601 0.740828156
vt 0.144170195 0.744150996
vt 0.933309317 0.775016069
vt 0.932310224 0.776469886
vt 0.932310224 0.784829617
vt 0.926815033 0.776469886
vt 0.932310224 0.786283493
vt 0.930311918 0.784829617
vt 0.924816728 0.775016069
vt 0.933309317 0.79609704
vt 0.926815033 0.784829617
vt 0.930311918 0.786283493
vt 0.932310224 0.794643164
vt 0.932310224 0.79609704
vt 0.930311918 0.794643164
vt 0.930311918 0.79609704
vt 0.926815033 0.794643164
vt 0.924816728 0.79609704
vt 0.927814126 0.784829617
vt 0.927814126 0.786283493
vt 0.926815033 0.786283493
vt 0.589825392 0.681322455
vt 0.591288626 0.681322455
vt 0.589825392 0.680313051
vt 0.611722231 0.680313051
vt 0.610340774 0.681322515
vt 0.591288626 0.709696293
vt 0.589825392 0.710705698
vt 0.591288626 0.710705698
vt 0.610340774 0.709696293
vt 0.611722231 0.710705698
vt 0.589825332 0.687936187
vt 0.588362098 0.687936187
vt 0.589825392 0.689363718
vt 0.567928493 0.689363718
vt 0.56930995 0.687936187
vt 0.567928493 0.687936187
vt 0.56930995 0.647809327
vt 0.567928433 0.646381795
vt 0.588362098 0.647809327
vt 0.589825332 0.646381795
vt 0.114695877 0.737922251
vt 0.120690614 0.761184037
vt 0.120690614 0.732106805
vt 0.111198902 0.761184037
vt 0.114695877 0.73428762
vt 0.114695877 0.732106805
vt 0.109200656 0.73428762
vt 0.0972111225 0.732106805
vt 0.109200656 0.737922251
vt 0.0972111225 0.761184037
vn -0.707108 0.707106 0.000000
vn -0.707107 0.707106 0.000000
vn -0.707108 0.707106 0.000000
vn 0.000000 1.000000 0.000000
vn 0.000000 1.000000 0.000000
vn 0.000000 1.000000 0.000000
vn 0.000000 1.000000 0.000000
vn 0.000000 1.000000 0.000000
vn 0.000000 1.000000 0.000000
vn 0.000000 1.000000 0.000000
vn 0.000000 1.000000 0.000000
vn -1.000000 0.000000 0.000000
vn -1.000000 0.000000 0.000000
vn -1.000000 0.000000 0.000000
vn -1.000000 0.000000 0.000000
vn 0.000000 -1.000000 -0.000000
vn 0.000000 -1.000000 -0.000000
vn 0.000000 -1.000000 -0.000000
vn 0.000000 -1.000000 -0.000000
vn 0.000000 -1.000000 -0.000000
vn 0.000000 -1.000000 -0.000000
vn 0.000000 -1.000000 -0.000000
vn 0.000000 -1.000000 -0.000000
vn 0.000000 -0.000000 1.000000
vn 0.000000 -0.000000 1.000000
vn 0.000000 -0.000000 1.000000
vn 0.000000 -0.000000 1.000000
vn -0.707106 -0.707107 -0.000000
vn -0.707106 -0.707107 -0.000000
vn -0.707106 -0.707107 -0.000000
vn -0.707106 -0.707107 -0.000000
vn 0.000000 -0.000000 1.000000
vn 0.000000 -0.000000 1.000000
vn 0.000000 -0.000000 1.000000
vn 0.000000 -0.000000 1.000000
vn -1.000000 0.000000 0.000000
vn -1.000000 0.000000 0.000000
vn -1.000000 0.000000 0.000000
vn -1.000000 0.000000 0.000000
vn 1.000000 0.000000 0.000000
vn 1.000000 0.000000 0.000000
vn 1.000000 0.000000 0.000000
vn 1.000000 0.000000 0.000000
vn 0.000000 -0.000000 1.000000
vn 0.000000 -0.000000 1.000000
vn 0.000000 -0.000000 1.000000
vn 0.000000 -0.000000 1.000000
vn 1.000000 0.000000 0.000000
vn 1.000000 0.000000 0.000000
vn 1.000000 0.000000 0.000000
vn 1.000000 0.000000 0.000000
vn 0.000000 1.000000 0.000000
vn 0.000000 1.000000 0.000000
vn 0.000000 1.000000 0.000000
vn 0.000000 1.000000 0.000000
vn 0.707108 0.707105 0.000000
vn 0.707108 0.707105 0.000000
vn 0.707108 0.707105 0.000000
vn 0.707108 0.707105 0.000000
vn 1.000000 0.000000 0.000000
vn 1.000000 0.000000 0.000000
vn 1.000000 0.000000 0.000000
vn 1.000000 0.000000 0.000000
vn 0.000000 0.000000 -1.000000
vn 0.000000 0.000000 -1.000000
vn 0.000000 0.000000 -1.000000
vn 0.000000 0.000000 -1.000000
vn 0.000000 0.000000 -1.000000
vn 0.000000 0.000000 -1.000000
vn 0.000000 0.000000 -1.000000
vn 0.000000 0.000000 -1.000000
vn 0.000000 0.000000 -1.000000
vn 0.000000 0.000000 -1.000000
vn 0.000000 0.000000 -1.000000
vn 0.000000 0.000000 -1.000000
vn 0.000000 0.000000 -1.000000
vn 0.000000 0.000000 -1.000000
vn 0.000000 0.000000 -1.000000
vn 0.000000 0.000000 -1.000000
vn 0.000000 0.000000 -1.000000
vn 0.000000 0.000000 -1.000000
vn 0.000000 0.000000 -1.000000
vn 0.000000 0.000000 -1.000000
vn 1.000000 0.000000 0.000000
vn 1.000000 0.000000 0.000000
vn 1.000000 0.000000 0.000000
vn 1.000000 0.000000 0.000000
vn 0.000000 1.000000 0.000000
vn 0.000000 1.000000 0.000000
vn 0.000000 1.000000 0.000000
vn 0.000000 1.000000 0.000000
vn 0.000000 -1.000000 -0.000000
vn 0.000000 -1.000000 -0.000000
vn 0.000000 -1.000000 -0.000000
vn 0.000000 -1.000000 -0.000000
vn 0.000000 1.000000 0.000000
vn 0.000000 1.000000 0.000000
vn 0.000000 1.000000 0.000000
vn 0.000000 1.000000 0.000000
vn 0.000000 -1.000000 -0.000000
vn 0.000000 -1.000000 -0.000000
vn 0.000000 -1.000000 -0.000000
vn 0.000000 -1.000000 -0.000000
vn 0.000000 -0.000000 1.000000
vn 0.000000 -0.000000 1.000000
vn 0.000000 -0.000000 1.000000
vn 0.000000 -0.000000 1.000000
vn 0.000000 0.000000 -1.000000
vn 0.000000 0.000000 -1.000000
vn 0.000000 0.000000 -1.000000
vn 0.000000 0.000000 -1.000000
vn 0.000000 1.000000 0.000000
vn 0.000000 1.000000 0.000000
vn 0.000000 1.000000 0.000000
vn 0.000000 1.000000 0.000000
vn 0.000000 1.000000 0.000000
vn 0.000000 1.000000 0.000000
vn 0.000000 1.000000 0.000000
vn 0.000000 1.000000 0.000000
vn 0.707107 0.707106 0.000000
vn 0.707107 0.707106 0.000000
vn 0.707107 0.707106 0.000000
vn 0.707107 0.707106 0.000000
vn 0.707107 0.707106 0.000000
vn -1.000000 0.000000 0.000000
vn -1.000000 0.000000 0.000000
vn -1.000000 0.000000 0.000000
vn -1.000000 0.000000 0.000000
vn -1.000000 0.000000 0.000000
vn 0.000000 1.000000 0.000000
vn 0.000000 1.000000 0.000000
vn 0.000000 1.000000 0.000000
vn 0.000000 1.000000 0.000000
vn 0.000000 -1.000000 -0.000000
vn 0.000000 -1.000000 -0.000000
vn 0.000000 -1.000000 -0.000000
vn 0.000000 -1.000000 -0.000000
vn 0.000000 -0.000000 1.000000
vn 0.000000 -0.000000 1.000000
vn 0.000000 -0.000000 1.000000
vn 0.000000 -0.000000 1.000000
vn 0.000000 0.000000 -1.000000
vn 0.000000 0.000000 -1.000000
vn 0.000000 0.000000 -1.000000
vn 0.000000 0.000000 -1.000000
vn 0.707108 0.707106 0.000000
vn 0.707108 0.707106 0.000000
vn 0.707108 0.707106 0.000000
vn 0.707108 0.707106 0.000000
vn 0.000000 0.000000 -1.000000
vn 0.000000 0.000000 -1.000000
vn 0.000000 0.000000 -1.000000
vn 0.000000 0.000000 -1.000000
vn -0.707107 -0.707106 -0.000000
vn -0.707107 -0.707106 -0.000000
vn -0.707107 -0.707106 -0.000000
vn -0.707107 -0.707106 -0.000000
vn 0.000000 0.000000 -1.000000
vn 0.000000 0.000000 -1.000000
vn 0.000000 0.000000 -1.000000
vn 0.000000 0.000000 -1.000000
vn 0.000000 -0.000000 1.000000
vn 0.000000 -0.000000 1.000000
vn 0.000000 -0.000000 1.000000
vn 0.000000 -0.000000 1.000000
vn 0.000000 0.000000 -1.000000
vn 0.000000 0.000000 -1.000000
vn 0.000000 0.000000 -1.000000
vn 0.000000 0.000000 -1.000000
vn -1.000000 0.000000 0.000000
vn -1.000000 0.000000 0.000000
vn -1.000000 0.000000 0.000000
vn -1.000000 0.000000 0.000000
vn 0.000000 0.000000 -1.000000
vn 0.000000 0.000000 -1.000000
vn 0.000000 0.000000 -1.000000
vn 0.000000 0.000000 -1.000000
vn 1.000000 0.000000 0.000000
vn 1.000000 0.000000 0.000000
vn 1.000000 0.000000 0.000000
vn 1.000000 0.000000 0.000000
vn 0.000000 0.000000 -1.000000
vn 0.000000 0.000000 -1.000000
vn 0.000000 0.000000 -1.000000
vn 0.000000 0.000000 -1.000000
vn 0.000000 -0.000000 1.000000
vn 0.000000 -0.000000 1.000000
vn 0.000000 -0.000000 1.000000
vn 0.000000 -0.000000 1.000000
vn 0.000000 0.000000 -1.000000
vn 0.000000 0.000000 -1.000000
vn 0.000000 0.000000 -1.000000
vn 0.000000 0.000000 -1.000000
vn 0.000000 -0.000000 1.000000
vn 0.000000 -0.000000 1.000000
vn 0.000000 -0.000000 1.000000
vn 0.000000 -0.000000 1.000000
vn 0.000000 -0.000000 1.000000
vn 0.000000 1.000000 0.000000
vn 0.000000 1.000000 0.000000
vn 0.000000 1.000000 0.000000
vn 0.000000 1.000000 0.000000
vn -1.000000 0.000000 0.000000
vn -1.000000 0.000000 0.000000
vn -1.000000 0.000000 0.000000
vn -1.000000 0.000000 0.000000
vn 0.000000 1.000000 0.000000
vn 0.000000 1.000000 0.000000
vn 0.000000 1.000000 0.000000
vn 0.000000 1.000000 0.000000
vn 1.000000 0.000000 0.000000
vn 1.000000 0.000000 0.000000
vn 1.000000 0.000000 0.000000
vn 1.000000 0.000000 0.000000
vn 0.000000 -1.000000 -0.000000
vn 0.000000 -1.000000 -0.000000
vn 0.000000 -1.000000 -0.000000
vn 0.000000 -1.000000 -0.000000
vn 0.000000 0.000000 -1.000000
vn 0.000000 0.000000 -1.000000
vn 0.000000 0.000000 -1.000000
vn 0.000000 0.000000 -1.000000
vn 0.000000 -0.000000 1.000000
vn 0.000000 -0.000000 1.000000
vn 0.000000 -0.000000 1.000000
vn 0.000000 -0.000000 1.000000
vn -0.707106 -0.707107 -0.000000
vn -0.707106 -0.707107 -0.000000
vn -0.707106 -0.707107 -0.000000
vn -0.707106 -0.707107 -0.000000
vn 0.451747 0.451747 -0.769317
vn 0.451748 0.451747 -0.769317
vn 0.451747 0.451748 -0.769317
vn 0.451748 0.451747 -0.769317
vn 0.000000 0.000000 -1.000000
vn 0.000000 0.000000 -1.000000
vn 0.000000 0.000000 -1.000000
vn 0.000000 0.000000 -1.000000
vn 0.707107 0.707107 0.000000
vn 0.707107 0.707107 0.000000
vn 0.707107 0.707107 0.000000
vn 0.707107 0.707107 0.000000
vn 0.000000 0.000000 -1.000000
vn 0.000000 0.000000 -1.000000
vn 0.000000 0.000000 -1.000000
vn 0.000000 0.000000 -1.000000
vn -0.707107 -0.707107 -0.000000
vn -0.707106 -0.707108 -0.000000
vn -0.707107 -0.707107 -0.000000
vn -0.707106 -0.707108 -0.000000
vn 0.000000 -0.000000 1.000000
vn 0.000000 -0.000000 1.000000
vn 0.000000 -0.000000 1.000000
vn 0.000000 -0.000000 1.000000
vn 0.473964 0.473964 0.742103
vn 0.473965 0.473963 0.742103
vn 0.473964 0.473964 0.742103
vn 0.473965 0.473962 0.742103
vn -0.470595 -0.470595 0.746379
vn -0.470595 -0.470595 0.746379
vn -0.470595 -0.470595 0.746379
vn -0.470595 -0.470595 0.746379
vn -0.472027 -0.472025 -0.744569
vn -0.472026 -0.472025 -0.744569
vn -0.472028 -0.472025 -0.744569
vn -0.472025 -0.472025 -0.744570
vn 0.000000 0.000000 -1.000000
vn 0.000000 0.000000 -1.000000
vn 0.000000 0.000000 -1.000000
vn 0.000000 0.000000 -1.000000
vn 0.707107 0.707107 0.000000
vn 0.707107 0.707107 0.000000
vn 0.707107 0.707107 0.000000
vn 0.707107 0.707107 0.000000
vn 0.000000 -0.000000 1.000000
vn 0.000000 -0.000000 1.000000
vn 0.000000 -0.000000 1.000000
vn 0.000000 -0.000000 1.000000
vn -0.319986 -0.319987 0.891750
vn -0.164519 -0.164519 0.972557
vn -0.319986 -0.319990 0.891749
vn -0.164507 -0.164506 0.972561
vn 0.000000 -0.000000 1.000000
vn 0.000000 -0.000000 1.000000
vn 0.542485 0.542485 0.641420
vn 0.542485 0.542485 0.641420
vn 0.542485 0.542485 0.641420
vn 0.542485 0.542485 0.641420
vn 0.707107 0.707107 0.000000
vn 0.707107 0.707107 0.000000
vn 0.707107 0.707107 0.000000
vn 0.707107 0.707107 0.000000
vn 0.000000 0.000000 -1.000000
vn 0.000000 0.000000 -1.000000
vn 0.000000 0.000000 -1.000000
vn 0.000000 0.000000 -1.000000
vn -0.707107 -0.707107 -0.000000
vn -0.707107 -0.707107 -0.000000
vn -0.707107 -0.707107 -0.000000
vn -0.707107 -0.707107 -0.000000
vn -0.550183 -0.550182 -0.628170
vn -0.550183 -0.550182 -0.628170
vn -0.550182 -0.550182 -0.628171
vn -0.550184 -0.550182 -0.628170
vn 0.354931 0.354933 -0.864897
vn 0.354931 0.354933 -0.864897
vn 0.354930 0.354935 -0.864896
vn 0.354931 0.354931 -0.864898
vn 0.707108 0.707105 0.000000
vn 0.707107 0.707107 0.000000
vn 0.707109 0.707104 0.000000
vn 0.707106 0.707108 0.000000
vn 0.000000 0.000000 -1.000000
vn 0.000000 0.000000 -1.000000
vn 0.000000 0.000000 -1.000000
vn 0.000000 0.000000 -1.000000
vn -0.707106 -0.707108 -0.000000
vn -0.707107 -0.707107 -0.000000
vn -0.707106 -0.707108 -0.000000
vn -0.707107 -0.707107 -0.000000
vn 0.000000 -0.000000 1.000000
vn 0.000000 -0.000000 1.000000
vn 0.000000 -0.000000 1.000000
vn 0.000000 -0.000000 1.000000
vn 0.707107 0.707107 0.000000
vn 0.707107 0.707107 0.000000
vn 0.707107 0.707107 0.000000
vn 0.707107 0.707107 0.000000
vn -0.396198 -0.396199 -0.828283
vn -0.396197 -0.396199 -0.828284
vn -0.396196 -0.396199 -0.828284
vn -0.396199 -0.396199 -0.828283
vn 0.251272 0.251273 -0.934732
vn 0.251272 0.251273 -0.934732
vn 0.251272 0.251273 -0.934732
vn 0.251272 0.251273 -0.934732
vn -0.500000 -0.500000 -0.707107
vn -0.499999 -0.500000 -0.707107
vn -0.500002 -0.499999 -0.707106
vn -0.499997 -0.500000 -0.707109
vn -0.236221 -0.236222 0.942549
vn -0.366196 -0.366198 0.855453
vn -0.236221 -0.236226 0.942548
vn -0.366196 -0.366197 0.855453
vn -0.481021 -0.481023 0.732964
vn -0.481021 -0.481023 0.732964
vn -0.707104 -0.707109 -0.000000
vn -0.707104 -0.707109 -0.000000
vn -0.707104 -0.707109 -0.000000
vn -0.707104 -0.707109 -0.000000
vn -0.493711 -0.493712 -0.715889
vn -0.493711 -0.493713 -0.715889
vn -0.493711 -0.493711 -0.715890
vn -0.493711 -0.493714 -0.715888
vn 0.326781 0.326781 -0.886808
vn 0.326781 0.326781 -0.886808
vn 0.326781 0.326781 -0.886808
vn 0.326781 0.326781 -0.886808
vn -0.707108 -0.707105 -0.000000
vn -0.707108 -0.707106 -0.000000
vn -0.707107 -0.707107 -0.000000
vn -0.707109 -0.707104 -0.000000
vn -0.267904 -0.267906 0.925448
vn -0.267904 -0.267905 0.925448
vn -0.267904 -0.267907 0.925448
vn -0.267904 -0.267904 0.925448
vn 0.475333 0.475330 0.740351
vn 0.475333 0.475330 0.740351
vn 0.475333 0.475330 0.740351
vn 0.475333 0.475330 0.740351
vn 0.707107 0.707107 0.000000
vn 0.707107 0.707107 0.000000
vn 0.707107 0.707107 0.000000
vn 0.707107 0.707107 0.000000
vn 0.568638 0.568637 0.594393
vn 0.568636 0.568636 0.594395
vn 0.568638 0.568637 0.594393
vn 0.568636 0.568636 0.594395
vn -0.321575 -0.321576 0.890606
vn -0.321575 -0.321577 0.890605
vn -0.321575 -0.321578 0.890605
vn -0.321575 -0.321576 0.890606
vn 0.707107 0.707107 0.000000
vn 0.707106 0.707108 0.000000
vn 0.707107 0.707107 0.000000
vn 0.707106 0.707108 0.000000
vn 0.266547 0.266547 -0.926232
vn 0.266547 0.266547 -0.926232
vn 0.266547 0.266547 -0.926232
vn 0.266547 0.266547 -0.926232
vn 0.496047 0.496049 0.712652
vn 0.496048 0.496049 0.712651
vn 0.496047 0.496049 0.712652
vn 0.496049 0.496049 0.712651
vn -0.303053 -0.303055 0.903502
vn -0.303053 -0.303054 0.903503
vn -0.303053 -0.303053 0.903503
vn -0.303053 -0.303057 0.903502
vn -0.707107 -0.707107 -0.000000
vn -0.707107 -0.707107 -0.000000
vn -0.707107 -0.707107 -0.000000
vn -0.707107 -0.707107 -0.000000
vn 0.420410 0.420411 -0.804058
vn 0.420410 0.420411 -0.804059
vn 0.420411 0.420411 -0.804058
vn 0.420409 0.420411 -0.804059
vn 0.000000 -0.000000 1.000000
vn 0.000000 -0.000000 1.000000
vn 0.000000 -0.000000 1.000000
vn 0.000000 -0.000000 1.000000
vn -0.461535 -0.461536 0.757608
vn -0.461535 -0.461536 0.757608
vn -0.461534 -0.461536 0.757609
vn -0.461536 -0.461536 0.757608
vn 0.309076 0.309073 0.899414
vn 0.309076 0.309073 0.899414
vn 0.309076 0.309073 0.899414
vn 0.309076 0.309073 0.899414
vn 0.603554 0.603555 -0.521003
vn 0.603554 0.603555 -0.521003
vn 0.603554 0.603555 -0.521003
vn 0.603554 0.603555 -0.521003
vn -0.331194 -0.331193 -0.883528
vn -0.331194 -0.331192 -0.883528
vn -0.331194 -0.331194 -0.883528
vn -0.331194 -0.331191 -0.883529
vn 0.554894 0.554894 -0.619828
vn 0.554894 0.554894 -0.619828
vn 0.554894 0.554894 -0.619828
vn 0.554894 0.554894 -0.619828
vn 0.707107 0.707107 0.000000
vn 0.707107 0.707107 0.000000
vn 0.707107 0.707107 0.000000
vn 0.707107 0.707107 0.000000
vn 0.000000 0.000000 -1.000000
vn 0.000000 0.000000 -1.000000
vn 0.000000 0.000000 -1.000000
vn 0.000000 0.000000 -1.000000
vn -0.707107 -0.707107 -0.000000
vn -0.707108 -0.707106 -0.000000
vn -0.707107 -0.707107 -0.000000
vn -0.707108 -0.707106 -0.000000
vn 0.000000 -0.000000 1.000000
vn 0.000000 -0.000000 1.000000
vn 0.000000 -0.000000 1.000000
vn 0.000000 -0.000000 1.000000
vn 0.707107 0.707107 0.000000
vn 0.707107 0.707107 0.000000
vn 0.707107 0.707107 0.000000
vn 0.707107 0.707107 0.000000
vn -0.325772 -0.325774 0.887549
vn -0.325772 -0.325774 0.887549
vn -0.325772 -0.325775 0.887549
vn -0.325772 -0.325772 0.887550
vn 0.365796 0.365793 0.855797
vn 0.365796 0.365793 0.855797
vn 0.365796 0.365793 0.855797
vn 0.365796 0.365793 0.855797
vn -0.335979 -0.335982 0.879906
vn -0.335979 -0.335982 0.879906
vn -0.335979 -0.335982 0.879906
vn -0.335979 -0.335982 0.879906
vn 0.539680 0.539680 0.646135
vn 0.539679 0.539680 0.646136
vn 0.539677 0.539681 0.646137
vn 0.539681 0.539679 0.646135
vn 0.707106 0.707107 0.000000
vn 0.707105 0.707108 0.000000
vn 0.707107 0.707107 0.000000
vn 0.707104 0.707109 0.000000
vn 0.000000 0.000000 -1.000000
vn 0.000000 0.000000 -1.000000
vn 0.000000 0.000000 -1.000000
vn 0.000000 0.000000 -1.000000
vn -0.707107 -0.707107 -0.000000
vn -0.707107 -0.707107 -0.000000
vn -0.707107 -0.707107 -0.000000
vn -0.707107 -0.707107 -0.000000
vn -0.529333 -0.529331 -0.663035
vn -0.529333 -0.529331 -0.663035
vn -0.529333 -0.529331 -0.663035
vn -0.529333 -0.529331 -0.663035
vn 0.350161 0.350162 -0.868777
vn 0.350161 0.350162 -0.868777
vn 0.350161 0.350164 -0.868776
vn 0.350161 0.350160 -0.868778
vn 0.707107 0.707107 0.000000
vn 0.707107 0.707107 0.000000
vn 0.707107 0.707107 0.000000
vn 0.707107 0.707107 0.000000
vn 0.000000 0.000000 -1.000000
vn 0.000000 0.000000 -1.000000
vn 0.000000 0.000000 -1.000000
vn 0.000000 0.000000 -1.000000
vn -0.707107 -0.707107 -0.000000
vn -0.707107 -0.707107 -0.000000
vn -0.707107 -0.707107 -0.000000
vn -0.707107 -0.707107 -0.000000
vn -0.557868 -0.557868 -0.614465
vn -0.557868 -0.557868 -0.614465
vn -0.557868 -0.557868 -0.614465
vn -0.557868 -0.557868 -0.614465
vn 0.320720 0.320722 -0.891222
vn 0.320720 0.320722 -0.891222
vn 0.320720 0.320723 -0.891221
vn 0.320720 0.320720 -0.891222
vn 0.707107 0.707107 0.000000
vn 0.707107 0.707107 0.000000
vn 0.707107 0.707107 0.000000
vn 0.707107 0.707107 0.000000
vn 0.000000 0.000000 -1.000000
vn 0.000000 0.000000 -1.000000
vn 0.000000 0.000000 -1.000000
vn 0.000000 0.000000 -1.000000
vn -0.707107 -0.707107 -0.000000
vn -0.707107 -0.707107 -0.000000
vn -0.707107 -0.707107 -0.000000
vn -0.707107 -0.707107 -0.000000
vn 0.000000 -0.000000 1.000000
vn 0.000000 -0.000000 1.000000
vn 0.000000 -0.000000 1.000000
vn 0.000000 -0.000000 1.000000
vn 0.707107 0.707107 0.000000
vn 0.707107 0.707107 0.000000
vn 0.707107 0.707107 0.000000
vn 0.707107 0.707107 0.000000
vn -0.396197 -0.396199 -0.828284
vn -0.396198 -0.396199 -0.828283
vn -0.396199 -0.396199 -0.828283
vn -0.396196 -0.396199 -0.828284
vn 0.251273 0.251273 -0.934732
vn 0.251273 0.251273 -0.934732
vn 0.251273 0.251273 -0.934732
vn 0.251273 0.251273 -0.934732
vn -0.500000 -0.499999 -0.707107
vn -0.500000 -0.499999 -0.707107
vn -0.500001 -0.499999 -0.707107
vn -0.499999 -0.499999 -0.707108
vn -0.366196 -0.366198 0.855453
vn -0.236222 -0.236223 0.942549
vn -0.236218 -0.236222 0.942550
vn -0.366198 -0.366198 0.855452
vn -0.481021 -0.481023 0.732964
vn -0.481021 -0.481023 0.732964
vn -0.707104 -0.707109 -0.000000
vn -0.707104 -0.707109 -0.000000
vn -0.707104 -0.707109 -0.000000
vn -0.707104 -0.707109 -0.000000
vn -0.493711 -0.493712 -0.715889
vn -0.493711 -0.493713 -0.715889
vn -0.493711 -0.493711 -0.715890
vn -0.493711 -0.493714 -0.715888
vn 0.326780 0.326782 -0.886808
vn 0.326780 0.326782 -0.886808
vn 0.326780 0.326783 -0.886807
vn 0.326781 0.326781 -0.886808
vn -0.707107 -0.707107 -0.000000
vn -0.707107 -0.707107 -0.000000
vn -0.707107 -0.707107 -0.000000
vn -0.707107 -0.707107 -0.000000
vn -0.267905 -0.267906 0.925448
vn -0.267904 -0.267906 0.925448
vn -0.267903 -0.267906 0.925448
vn -0.267906 -0.267906 0.925447
vn 0.475333 0.475330 0.740351
vn 0.475333 0.475330 0.740351
vn 0.475333 0.475330 0.740351
vn 0.475333 0.475330 0.740351
vn 0.707105 0.707108 0.000000
vn 0.707106 0.707108 0.000000
vn 0.707104 0.707109 0.000000
vn 0.707107 0.707107 0.000000
vn 0.568643 0.568645 0.594380
vn 0.568637 0.568633 0.594397
vn 0.568636 0.568631 0.594400
vn 0.568644 0.568647 0.594377
vn -0.321575 -0.321575 0.890606
vn -0.321575 -0.321576 0.890605
vn -0.321576 -0.321577 0.890605
vn -0.321574 -0.321574 0.890607
vn 0.707107 0.707107 0.000000
vn 0.707107 0.707107 0.000000
vn 0.707107 0.707107 0.000000
vn 0.707107 0.707107 0.000000
vn 0.266547 0.266548 -0.926232
vn 0.266547 0.266548 -0.926232
vn 0.266546 0.266548 -0.926232
vn 0.266548 0.266548 -0.926231
vn 0.496048 0.496047 0.712653
vn 0.496047 0.496047 0.712653
vn 0.496048 0.496047 0.712652
vn 0.496047 0.496047 0.712653
vn -0.303054 -0.303055 0.903502
vn -0.303054 -0.303055 0.903502
vn -0.303054 -0.303054 0.903502
vn -0.303054 -0.303056 0.903502
vn -0.707106 -0.707108 -0.000000
vn -0.707106 -0.707108 -0.000000
vn -0.707104 -0.707109 -0.000000
vn -0.707107 -0.707107 -0.000000
vn 0.420410 0.420412 -0.804058
vn 0.420409 0.420412 -0.804059
vn 0.420411 0.420411 -0.804058
vn 0.420407 0.420412 -0.804059
vn 0.525244 0.525245 -0.669505
vn 0.525243 0.525245 -0.669505
vn 0.525245 0.525245 -0.669504
vn 0.525242 0.525246 -0.669505
vn 0.494992 0.494993 0.714118
vn 0.494992 0.494993 0.714119
vn 0.494991 0.494993 0.714119
vn 0.494993 0.494993 0.714118
vn -0.172851 -0.172854 0.969662
vn -0.172851 -0.172854 0.969662
vn -0.172851 -0.172855 0.969662
vn -0.172851 -0.172854 0.969662
vn 0.707107 0.707107 0.000000
vn 0.707107 0.707107 0.000000
vn 0.707107 0.707107 0.000000
vn 0.707107 0.707107 0.000000
vn 0.134687 0.134688 -0.981692
vn 0.134687 0.134688 -0.981692
vn 0.134688 0.134688 -0.981692
vn 0.134686 0.134688 -0.981692
vn -0.496677 -0.496678 -0.711774
vn -0.496677 -0.496679 -0.711774
vn -0.496676 -0.496679 -0.711774
vn -0.496677 -0.496677 -0.711775
vn -0.521067 -0.521070 0.676000
vn -0.521067 -0.521070 0.676000
vn -0.521067 -0.521069 0.676000
vn -0.521067 -0.521070 0.676000
vn 0.164019 0.164017 0.972726
vn 0.164019 0.164017 0.972726
vn 0.164019 0.164019 0.972726
vn 0.164019 0.164016 0.972726
vn 0.707107 0.707107 0.000000
vn 0.707107 0.707107 0.000000
vn 0.707107 0.707107 0.000000
vn 0.707107 0.707107 0.000000
vn -0.236463 -0.236464 -0.942428
vn -0.236463 -0.236464 -0.942428
vn -0.236462 -0.236464 -0.942428
vn -0.236464 -0.236464 -0.942428
vn -0.640114 -0.640115 0.424862
vn -0.640113 -0.640116 0.424861
vn -0.640114 -0.640114 0.424862
vn -0.640112 -0.640117 0.424861
vn -0.634242 -0.634242 -0.442125
vn -0.634244 -0.634240 -0.442125
vn -0.634244 -0.634240 -0.442125
vn -0.634242 -0.634242 -0.442124
vn 0.000000 -0.000000 1.000000
vn 0.000000 -0.000000 1.000000
vn 0.000000 -0.000000 1.000000
vn 0.000000 -0.000000 1.000000
vn 0.637905 0.637905 0.431456
vn 0.637905 0.637905 0.431456
vn 0.637905 0.637905 0.431456
vn 0.637905 0.637905 0.431456
vn -0.642766 -0.642766 0.416778
vn -0.642766 -0.642766 0.416778
vn -0.642766 -0.642766 0.416778
vn -0.642766 -0.642766 0.416778
vn 0.000000 -0.000000 1.000000
vn 0.000000 -0.000000 1.000000
vn 0.000000 -0.000000 1.000000
vn 0.000000 -0.000000 1.000000
vn 0.640359 0.640356 -0.424127
vn 0.640356 0.640360 -0.424126
vn 0.640356 0.640361 -0.424126
vn 0.640360 0.640356 -0.424127
vn 0.000000 0.000000 -1.000000
vn 0.000000 0.000000 -1.000000
vn 0.000000 0.000000 -1.000000
vn 0.000000 0.000000 -1.000000
vn -1.000000 0.000000 0.000000
vn -1.000000 0.000000 0.000000
vn -1.000000 0.000000 0.000000
vn -1.000000 0.000000 0.000000
vn -1.000000 0.000000 0.000000
vn 0.000000 0.000000 -1.000000
vn 0.000000 0.000000 -1.000000
vn 0.000000 0.000000 -1.000000
vn 0.000000 0.000000 -1.000000
vn 0.000000 0.000000 -1.000000
vn 0.000000 0.000000 -1.000000
vn 0.000000 1.000000 0.000000
vn 0.000000 1.000000 0.000000
vn 0.000000 1.000000 0.000000
vn 0.000000 1.000000 0.000000
vn 0.000000 1.000000 0.000000
vn 0.000000 1.000000 0.000000
vn 0.000000 1.000000 0.000000
vn 0.000000 1.000000 0.000000
vn 0.000000 -1.000000 -0.000000
vn 0.000000 -1.000000 -0.000000
vn 0.000000 -1.000000 -0.000000
vn 0.000000 -1.000000 -0.000000
vn 0.000000 -1.000000 -0.000000
vn 0.000000 -1.000000 -0.000000
vn 0.000000 -1.000000 -0.000000
vn 0.000000 -1.000000 -0.000000
vn 0.000000 -1.000000 -0.000000
vn 0.000000 -1.000000 -0.000000
vn 0.000000 -1.000000 -0.000000
vn 0.000000 -0.000000 1.000000
vn 0.000000 -0.000000 1.000000
vn 0.000000 -0.000000 1.000000
vn 0.000000 -0.000000 1.000000
vn 0.000000 -0.000000 1.000000
vn 0.000000 -0.000000 1.000000
vn 0.000000 -0.000000 1.000000
vn 0.000000 -0.000000 1.000000
vn 0.000000 -0.000000 1.000000
vn 0.000000 -1.000000 -0.000000
vn 0.000000 -1.000000 -0.000000
vn 0.000000 -1.000000 -0.000000
vn 0.000000 -1.000000 -0.000000
vn 0.000000 -1.000000 -0.000000
vn 0.000000 -1.000000 -0.000000
vn 0.000000 -1.000000 -0.000000
vn 0.000000 1.000000 0.000000
vn 0.000000 1.000000 0.000000
vn 0.000000 1.000000 0.000000
vn 0.000000 1.000000 0.000000
vn 0.000000 1.000000 0.000000
vn 0.000000 1.000000 0.000000
vn 0.000000 1.000000 0.000000
vn 0.000000 0.000000 -1.000000
vn 0.000000 0.000000 -1.000000
vn 0.000000 0.000000 -1.000000
vn 0.000000 0.000000 -1.000000
vn 0.000000 0.000000 -1.000000
vn 0.000000 0.000000 -1.000000
vn 0.000000 0.000000 -1.000000
vn 0.000000 0.000000 -1.000000
vn 0.000000 0.000000 -1.000000
vn 0.000000 0.000000 -1.000000
vn 0.000000 0.000000 -1.000000
vn 0.000000 0.000000 -1.000000
vn 0.000000 -0.000000 1.000000
vn 0.000000 -0.000000 1.000000
vn 0.000000 -0.000000 1.000000
vn 0.000000 -0.000000 1.000000
vn 0.000000 -0.000000 1.000000
vn 0.000000 -1.000000 -0.000000
vn 0.000000 -1.000000 -0.000000
vn 0.000000 -1.000000 -0.000000
vn 0.000000 -1.000000 -0.000000
vn 0.000000 -1.000000 -0.000000
vn 0.000000 -1.000000 -0.000000
vn 0.000000 -1.000000 -0.000000
vn 0.000000 -1.000000 -0.000000
vn 0.000000 0.000000 -1.000000
vn 0.000000 0.000000 -1.000000
vn 0.000000 0.000000 -1.000000
vn 0.000000 0.000000 -1.000000
vn 0.000000 0.000000 -1.000000
vn 0.000000 0.000000 -1.000000
vn 0.000000 -1.000000 -0.000000
vn 0.000000 -1.000000 -0.000000
vn 0.000000 -1.000000 -0.000000
vn 0.000000 -1.000000 -0.000000
vn 0.000000 -1.000000 -0.000000
vn 0.707108 -0.707106 -0.000000
vn 0.707107 -0.707107 -0.000000
vn 0.707107 -0.707107 -0.000000
vn 0.707108 -0.707106 -0.000000
vn 0.707107 -0.707106 -0.000000
vn 0.707106 -0.707107 -0.000000
vn 0.707107 -0.707106 -0.000000
vn 0.707105 -0.707108 -0.000000
vn 0.707102 -0.707111 -0.000017
vn 0.707109 -0.707104 -0.000000
vn 0.707110 -0.707103 -0.000000
vn 0.707105 -0.707108 -0.000000
vn 0.707106 -0.707107 -0.000000
vn 0.707107 -0.707106 -0.000000
vn 0.707108 -0.707105 -0.000000
vn 0.707108 -0.707105 -0.000000
vn 0.707107 -0.707107 -0.000000
vn 0.707107 -0.707107 -0.000000
vn 0.707107 -0.707107 -0.000000
vn 0.707107 -0.707107 -0.000000
vn 0.000000 -1.000000 -0.000000
vn 0.000000 -1.000000 -0.000000
vn 0.000000 -1.000000 -0.000000
vn 0.000000 -1.000000 -0.000000
vn 0.000000 -1.000000 -0.000000
vn 0.000000 -0.000000 1.000000
vn 0.000000 -0.000000 1.000000
vn 0.000000 -0.000000 1.000000
vn 0.000000 -0.000000 1.000000
vn 0.000000 -0.000000 1.000000
vn 0.000000 -0.000000 1.000000
vn 0.000000 -0.000000 1.000000
vn 0.000000 -0.000000 1.000000
vn 0.000000 -0.000000 1.000000
vn 0.000000 -1.000000 -0.000000
vn 0.000000 -1.000000 -0.000000
vn 0.000000 -1.000000 -0.000000
vn 0.000000 -1.000000 -0.000000
vn 0.000000 -1.000000 -0.000000
vn 0.000000 -1.000000 -0.000000
vn 0.000000 -1.000000 -0.000000
vn 0.000000 -1.000000 -0.000000
vn -0.707109 0.707104 0.000000
vn -0.707108 0.707106 0.000000
vn -0.707109 0.707104 0.000000
vn -0.707108 0.707106 0.000000
vn -0.707107 0.707106 0.000000
vn -0.707107 0.707106 0.000000
vn -0.707108 0.707106 0.000000
vn 0.707107 -0.707107 -0.000000
vn 0.707105 -0.707108 -0.000000
vn 0.707105 -0.707108 -0.000000
vn 0.707103 -0.707111 -0.000000
vn 0.707107 -0.707107 -0.000000
vn 0.707107 -0.707107 -0.000000
vn 0.707108 -0.707105 -0.000000
vn 0.707108 -0.707105 -0.000000
vn 0.707105 -0.707109 -0.000000
vn 0.707106 -0.707107 -0.000000
vn 0.707105 -0.707109 -0.000000
vn 0.707106 -0.707107 -0.000000
vn 0.707107 -0.707107 -0.000000
vn 0.707107 -0.707107 -0.000000
vn 0.707108 -0.707105 -0.000000
vn 0.707106 -0.707107 -0.000000
vn 0.707106 -0.707107 -0.000000
vn 0.707105 -0.707109 -0.000000
vn 0.707105 -0.707108 -0.000000
vn 0.707106 -0.707107 -0.000000
vn 0.707107 -0.707107 -0.000000
vn 0.707107 -0.707107 -0.000000
vn 0.707109 -0.707104 -0.000000
vn 0.707109 -0.707104 -0.000000
vn 0.707108 -0.707105 -0.000000
vn 0.707110 -0.707104 -0.000000
vn 0.707110 -0.707103 -0.000000
vn 0.707107 -0.707107 -0.000000
vn 0.707106 -0.707108 -0.000000
vn 0.707108 -0.707106 -0.000000
vn 0.707108 -0.707105 -0.000000
vn 0.707108 -0.707106 -0.000000
vn 0.707107 -0.707106 -0.000000
vn 0.707107 -0.707107 -0.000000
vn 0.707109 -0.707105 -0.000000
vn 0.707108 -0.707106 -0.000000
vn 0.707106 -0.707107 -0.000000
vn 0.707108 -0.707106 -0.000000
vn 0.707106 -0.707108 -0.000000
vn 0.707107 -0.707107 -0.000000
vn 0.707105 -0.707108 -0.000000
vn 0.707105 -0.707108 -0.000000
vn 0.707109 -0.707104 -0.000000
vn 0.707110 -0.707103 -0.000000
vn 0.707109 -0.707105 -0.000000
vn 0.707108 -0.707106 -0.000000
vn 0.707108 -0.707106 -0.000000
vn 0.707109 -0.707105 -0.000000
vn 0.707107 -0.707107 -0.000000
vn 0.707107 -0.707107 -0.000000
vn 0.707103 -0.707110 -0.000000
vn 0.707105 -0.707109 -0.000000
vn 0.707103 -0.707110 -0.000000
vn 0.707105 -0.707109 -0.000000
vn 0.707105 -0.707108 -0.000000
vn 0.707105 -0.707108 -0.000000
vn 0.707103 -0.707110 -0.000000
vn 0.707103 -0.707110 -0.000000
vn 0.707107 -0.707106 -0.000000
vn 0.707106 -0.707108 -0.000000
vn 0.707107 -0.707107 -0.000000
vn 0.707106 -0.707108 -0.000000
vn 0.707106 -0.707108 -0.000000
vn 0.707108 -0.707106 -0.000000
vn 0.707108 -0.707106 -0.000000
vn 0.707108 -0.707106 -0.000000
vn 0.707107 -0.707107 -0.000000
vn 0.707109 -0.707105 -0.000000
vn 0.707109 -0.707105 -0.000000
vn -1.000000 0.000000 0.000000
vn -1.000000 0.000000 0.000000
vn -1.000000 0.000000 0.000000
vn -1.000000 0.000000 0.000000
vn -1.000000 0.000000 0.000000
vn -1.000000 0.000000 0.000000
vn -1.000000 0.000000 0.000000
vn -1.000000 0.000000 0.000000
vn -1.000000 0.000000 0.000000
vn -1.000000 0.000000 0.000000
vn 0.707109 -0.707105 -0.000000
vn 0.707108 -0.707106 -0.000000
vn 0.707109 -0.707105 -0.000000
vn 0.707108 -0.707106 -0.000000
vn 0.707106 -0.707108 -0.000000
vn 0.707105 -0.707108 -0.000000
vn 0.707106 -0.707107 -0.000000
vn 0.707107 -0.707107 -0.000000
vn 0.707109 -0.707105 -0.000000
vn 0.707107 -0.707106 -0.000000
vn 0.707106 -0.707108 -0.000000
vn 0.707109 -0.707105 -0.000000
vn 0.707109 -0.707105 -0.000000
vn 0.707108 -0.707106 -0.000000
vn 0.707109 -0.707105 -0.000000
vn 0.707107 -0.707106 -0.000000
vn 0.707105 -0.707108 -0.000000
vn 0.707106 -0.707108 -0.000000
vn 0.707111 -0.707102 -0.000000
vn 0.707112 -0.707102 -0.000000
vn 0.707108 -0.707105 -0.000000
vn 0.707107 -0.707106 -0.000000
vn 0.707108 -0.707105 -0.000000
vn 0.707107 -0.707106 -0.000000
vn 0.707108 -0.707106 -0.000000
vn 0.707108 -0.707105 -0.000000
vn 0.707108 -0.707106 -0.000000
vn 0.707108 -0.707105 -0.000000
vn 0.707107 -0.707106 -0.000000
vn 0.707107 -0.707107 -0.000000
vn 0.707108 -0.707105 -0.000000
vn 0.707108 -0.707105 -0.000000
vn -0.707107 0.707107 0.000000
vn -0.707107 0.707107 0.000000
vn -0.707107 0.707107 0.000000
vn -0.707107 0.707106 0.000000
vn -0.707107 0.707106 0.000000
vn 0.000000 -0.000000 1.000000
vn 0.000000 -0.000000 1.000000
vn 0.000000 -0.000000 1.000000
vn 0.000000 -0.000000 1.000000
vn 0.000000 -0.000000 1.000000
vn 0.000000 -0.000000 1.000000
vn -0.707107 0.707106 0.000000
vn -0.707107 0.707106 0.000000
vn -0.707107 0.707106 0.000000
vn -0.707107 0.707106 0.000000
vn -0.707107 0.707107 0.000000
vn -0.707107 0.707107 0.000000
vn -0.707106 0.707107 0.000000
vn -0.707106 0.707107 0.000000
vn 1.000000 0.000000 0.000000
vn 1.000000 0.000000 0.000000
vn 1.000000 0.000000 0.000000
vn 1.000000 0.000000 0.000000
vn 1.000000 0.000000 0.000000
vn 1.000000 0.000000 0.000000
vn 1.000000 0.000000 0.000000
vn 1.000000 0.000000 0.000000
vn 1.000000 0.000000 0.000000
vn 1.000000 0.000000 0.000000
vn -1.000000 0.000000 0.000000
vn -1.000000 0.000000 0.000000
vn -1.000000 0.000000 0.000000
vn -1.000000 0.000000 0.000000
vn -1.000000 0.000000 0.000000
vn -1.000000 0.000000 0.000000
vn -1.000000 0.000000 0.000000
vn -1.000000 0.000000 0.000000
vn -1.000000 0.000000 0.000000
vn -1.000000 0.000000 0.000000
vn 1.000000 0.000000 0.000000
vn 1.000000 0.000000 0.000000
vn 1.000000 0.000000 0.000000
vn 1.000000 0.000000 0.000000
vn 1.000000 0.000000 0.000000
vn 1.000000 0.000000 0.000000
vn 1.000000 0.000000 0.000000
vn 1.000000 0.000000 0.000000
vn 1.000000 0.000000 0.000000
vn 1.000000 0.000000 0.000000
vn 1.000000 0.000000 0.000000
vn 1.000000 0.000000 0.000000
vn 1.000000 0.000000 0.000000
vn 1.000000 0.000000 0.000000
vn 1.000000 0.000000 0.000000
vn 1.000000 0.000000 0.000000
vn 1.000000 0.000000 0.000000
vn 1.000000 0.000000 0.000000
vn 1.000000 0.000000 0.000000
vn 1.000000 0.000000 0.000000
vn 1.000000 0.000000 0.000000
vn 1.000000 0.000000 0.000000
vn 1.000000 0.000000 0.000000
vn 1.000000 0.000000 0.000000
vn 1.000000 0.000000 0.000000
vn 1.000000 0.000000 0.000000
vn 1.000000 0.000000 0.000000
vn 1.000000 0.000000 0.000000
vn 0.000000 -0.000000 1.000000
vn 0.000000 -0.000000 1.000000
vn 0.000000 -0.000000 1.000000
vn 0.000000 -0.000000 1.000000
vn 0.000000 -0.000000 1.000000
vn 0.000000 -0.000000 1.000000
vn 0.000000 -0.000000 1.000000
vn 0.000000 -0.000000 1.000000
vn 0.000000 -0.000000 1.000000
vn 0.000000 -0.000000 1.000000
vn 0.000000 -0.000000 1.000000
vn 0.000000 -0.000000 1.000000
vn 0.000000 -0.000000 1.000000
vn 0.000000 -0.000000 1.000000
vn 0.000000 -0.000000 1.000000
vn 0.707107 -0.707107 -0.000000
vn 0.707107 -0.707107 -0.000000
vn 0.707107 -0.707107 -0.000000
vn 0.707107 -0.707107 -0.000000
vn 0.707107 -0.707107 -0.000000
vn 0.707107 -0.707107 -0.000000
vn 0.707107 -0.707107 -0.000000
vn 0.707107 -0.707107 -0.000000
vn 0.707107 -0.707107 -0.000000
vn 0.707107 -0.707107 -0.000000
vn 0.707107 -0.707107 -0.000000
vn 0.707107 -0.707107 -0.000000
vn -1.000000 0.000000 0.000000
vn -1.000000 0.000000 0.000000
vn -1.000000 0.000000 0.000000
vn -1.000000 0.000000 0.000000
vn -1.000000 0.000000 0.000000
vn -1.000000 0.000000 0.000000
vn -1.000000 0.000000 0.000000
vn -1.000000 0.000000 0.000000
vn -1.000000 0.000000 0.000000
vn -1.000000 0.000000 0.000000
vn -1.000000 0.000000 0.000000
vn -1.000000 0.000000 0.000000
vn -1.000000 0.000000 0.000000
vn -1.000000 0.000000 0.000000
vn -1.000000 0.000000 0.000000
vn -1.000000 0.000000 0.000000
vn -1.000000 0.000000 0.000000
vn -1.000000 0.000000 0.000000
vn -1.000000 0.000000 0.000000
vn 1.000000 0.000000 0.000000
vn 1.000000 0.000000 0.000000
vn 1.000000 0.000000 0.000000
vn 1.000000 0.000000 0.000000
vn 1.000000 0.000000 0.000000
vn 1.000000 0.000000 0.000000
vn 1.000000 0.000000 0.000000
vn 1.000000 0.000000 0.000000
vn 1.000000 0.000000 0.000000
vn 1.000000 0.000000 0.000000
vn -1.000000 0.000000 0.000000
vn -1.000000 0.000000 0.000000
vn -1.000000 0.000000 0.000000
vn -1.000000 0.000000 0.000000
vn -1.000000 0.000000 0.000000
vn -1.000000 0.000000 0.000000
vn -1.000000 0.000000 0.000000
vn -1.000000 0.000000 0.000000
vn -1.000000 0.000000 0.000000
vn -1.000000 0.000000 0.000000
vn 0.000000 1.000000 0.000000
vn 0.000000 1.000000 0.000000
vn 0.000000 1.000000 0.000000
vn 0.000000 1.000000 0.000000
vn 0.000000 1.000000 0.000000
vn 0.000000 1.000000 0.000000
vn 0.000000 1.000000 0.000000
vn 0.000000 1.000000 0.000000
vn 0.000000 1.000000 0.000000
vn 0.000000 1.000000 0.000000
f 3/3/3 2/2/2 1/1/1
f 6/6/6 5/5/5 4/4/4
f 4/4/4 5/5/5 7/7/7
f 10/10/10 9/9/9 8/8/8
f 8/8/8 9/9/9 11/11/11
f 14/14/14 13/13/13 12/12/12
f 12/12/12 13/13/13 15/15/15
f 18/18/18 17/17/17 16/16/16
f 16/16/16 17/17/17 19/19/19
f 22/22/22 21/21/21 20/20/20
f 20/20/20 21/21/21 23/23/23
f 26/26/26 25/25/25 24/24/24
f 24/24/24 25/25/25 27/27/27
f 30/30/30 29/29/29 28/28/28
f 28/28/28 29/29/29 31/31/31
f 34/34/34 33/33/33 32/32/32
f 32/32/32 33/33/33 35/35/35
f 38/38/38 37/37/37 36/36/36
f 36/36/36 37/37/37 39/39/39
f 42/42/42 41/41/41 40/40/40
f 40/40/40 41/41/41 43/43/43
f 46/46/46 45/45/45 44/44/44
f 44/44/44 45/45/45 47/47/47
f 50/50/50 49/49/49 48/48/48
f 48/48/48 49/49/49 51/51/51
f 54/54/54 53/53/53 52/52/52
f 52/52/52 53/53/53 55/55/55
f 58/58/58 57/57/57 56/56/56
f 56/56/56 57/57/57 59/59/59
f 62/62/62 61/61/61 60/60/60
f 60/60/60 61/61/61 63/63/63
f 66/66/66 65/65/65 64/64/64
f 64/64/64 65/65/65 67/67/67
f 70/70/70 69/69/69 68/68/68
f 68/68/68 69/69/69 71/71/71
f 74/74/74 73/73/73 72/72/72
f 72/72/72 73/73/73 75/75/75
f 78/78/78 77/77/77 76/76/76
f 76/76/76 77/77/77 79/79/79
f 82/82/82 81/81/81 80/80/80
f 80/80/80 81/81/81 83/83/83
f 86/86/86 85/85/85 84/84/84
f 84/84/84 85/85/85 87/87/87
f 90/90/90 89/89/89 88/88/88
f 88/88/88 89/89/89 91/91/91
f 94/94/94 93/93/93 92/92/92
f 92/92/92 93/93/93 95/95/95
f 98/98/98 97/97/97 96/96/96
f 96/96/96 97/97/97 99/99/99
f 102/102/102 101/101/101 100/100/100
f 100/100/100 101/101/101 103/103/103
f 106/106/106 105/105/105 104/104/104
f 104/104/104 105/105/105 107/107/107
f 110/110/110 109/109/109 108/108/108
f 108/108/108 109/109/109 111/111/111
f 114/114/114 113/113/113 112/112/112
f 112/112/112 113/113/113 115/115/115
f 118/118/118 117/117/117 116/116/116
f 116/116/116 117/117/117 119/119/119
f 122/122/122 121/121/121 120/120/120
f 121/121/121 122/122/122 123/123/123
f 124/124/124 123/123/123 122/122/122
f 127/127/127 126/126/126 125/125/125
f 128/128/128 125/125/125 126/126/126
f 125/125/125 128/128/128 129/129/129
f 132/132/132 131/131/131 130/130/130
f 130/130/130 131/131/131 133/133/133
f 136/136/136 135/135/135 134/134/134
f 134/134/134 135/135/135 137/137/137
f 140/140/140 139/139/139 138/138/138
f 138/138/138 139/139/139 141/141/141
f 144/144/144 143/143/143 142/142/142
f 142/142/142 143/143/143 145/145/145
f 148/148/148 147/147/147 146/146/146
f 146/146/146 147/147/147 149/149/149
f 152/152/152 151/151/151 150/150/150
f 150/150/150 151/151/151 153/153/153
f 156/156/156 155/155/155 154/154/154
f 154/154/154 155/155/155 157/157/157
f 160/160/160 159/159/159 158/158/158
f 158/158/158 159/159/159 161/161/161
f 164/164/164 163/163/163 162/162/162
f 162/162/162 163/163/163 165/165/165
f 168/168/168 167/167/167 166/166/166
f 166/166/166 167/167/167 169/169/169
f 172/172/172 171/171/171 170/170/170
f 170/170/170 171/171/171 173/173/173
f 176/176/176 175/175/175 174/174/174
f 174/174/174 175/175/175 177/177/177
f 180/180/180 179/179/179 178/178/178
f 178/178/178 179/179/179 181/181/181
f 184/184/184 183/183/183 182/182/182
f 182/182/182 183/183/183 185/185/185
f 188/188/188 187/187/187 186/186/186
f 186/186/186 187/187/187 189/189/189
f 192/192/192 191/191/191 190/190/190
f 190/190/190 191/191/191 193/193/193
f 196/196/196 195/195/195 194/194/194
f 197/197/197 194/194/194 195/195/195
f 194/194/194 197/197/197 198/198/198
f 201/201/201 200/200/200 199/199/199
f 199/199/199 200/200/200 202/202/202
f 205/205/205 204/204/204 203/203/203
f 203/203/203 204/204/204 206/206/206
f 209/209/209 208/208/208 207/207/207
f 207/207/207 208/208/208 210/210/210
f 213/213/213 212/212/212 211/211/211
f 211/211/211 212/212/212 214/214/214
f 217/217/217 216/216/216 215/215/215
f 215/215/215 216/216/216 218/218/218
f 221/221/221 220/220/220 219/219/219
f 219/219/219 220/220/220 222/222/222
f 225/225/225 224/224/224 223/223/223
f 223/223/223 224/224/224 226/226/226
f 229/229/229 228/228/228 227/227/227
f 227/227/227 228/228/228 230/230/230
f 233/233/233 232/232/232 231/231/231
f 231/231/231 232/232/232 234/234/234
f 237/237/237 236/236/236 235/235/235
f 235/235/235 236/236/236 238/238/238
f 241/241/241 240/240/240 239/239/239
f 239/239/239 240/240/240 242/242/242
f 245/245/245 244/244/244 243/243/243
f 243/243/243 244/244/244 246/246/246
f 249/249/249 248/248/248 247/247/247
f 247/247/247 248/248/248 250/250/250
f 253/253/253 252/252/252 251/251/251
f 251/251/251 252/252/252 254/254/254
f 257/257/257 256/256/256 255/255/255
f 255/255/255 256/256/256 258/258/258
f 261/261/261 260/260/260 259/259/259
f 259/259/259 260/260/260 262/262/262
f 265/265/265 264/264/264 263/263/263
f 263/263/263 264/264/264 266/266/266
f 269/269/269 268/268/268 267/267/267
f 267/267/267 268/268/268 270/270/270
f 273/273/273 272/272/272 271/271/271
f 271/271/271 272/272/272 274/274/274
f 277/277/277 276/276/276 275/275/275
f 275/275/275 276/276/276 278/278/278
f 281/281/281 280/280/280 279/279/279
f 279/279/279 280/280/280 282/282/282
f 280/280/280 283/283/283 282/282/282
f 282/282/282 283/283/283 284/284/284
f 287/287/287 286/286/286 285/285/285
f 285/285/285 286/286/286 288/288/288
f 291/291/291 290/290/290 289/289/289
f 289/289/289 290/290/290 292/292/292
f 295/295/295 294/294/294 293/293/293
f 293/293/293 294/294/294 296/296/296
f 299/299/299 298/298/298 297/297/297
f 297/297/297 298/298/298 300/300/300
f 303/303/303 302/302/302 301/301/301
f 301/301/301 302/302/302 304/304/304
f 307/307/307 306/306/306 305/305/305
f 305/305/305 306/306/306 308/308/308
f 311/311/311 310/310/310 309/309/309
f 309/309/309 310/310/310 312/312/312
f 315/315/315 314/314/314 313/313/313
f 313/313/313 314/314/314 316/316/316
f 319/319/319 318/318/318 317/317/317
f 317/317/317 318/318/318 320/320/320
f 323/323/323 322/322/322 321/321/321
f 321/321/321 322/322/322 324/324/324
f 327/327/327 326/326/326 325/325/325
f 325/325/325 326/326/326 328/328/328
f 331/331/331 330/330/330 329/329/329
f 329/329/329 330/330/330 332/332/332
f 335/335/335 334/334/334 333/333/333
f 333/333/333 334/334/334 336/336/336
f 339/339/339 338/338/338 337/337/337
f 337/337/337 338/338/338 340/340/340
f 343/343/343 342/342/342 341/341/341
f 341/341/341 342/342/342 344/344/344
f 342/342/342 345/345/345 344/344/344
f 344/344/344 345/345/345 346/346/346
f 349/349/349 348/348/348 347/347/347
f 347/347/347 348/348/348 350/350/350
f 353/353/353 352/352/352 351/351/351
f 351/351/351 352/352/352 354/354/354
f 357/357/357 356/356/356 355/355/355
f 355/355/355 356/356/356 358/358/358
f 361/361/361 360/360/360 359/359/359
f 359/359/359 360/360/360 362/362/362
f 365/365/365 364/364/364 363/363/363
f 363/363/363 364/364/364 366/366/366
f 369/369/369 368/368/368 367/367/367
f 367/367/367 368/368/368 370/370/370
f 373/373/373 372/372/372 371/371/371
f 371/371/371 372/372/372 374/374/374
f 377/377/377 376/376/376 375/375/375
f 375/375/375 376/376/376 378/378/378
f 381/381/381 380/380/380 379/379/379
f 379/379/379 380/380/380 382/382/382
f 385/385/385 384/384/384 383/383/383
f 383/383/383 384/384/384 386/386/386
f 389/389/389 388/388/388 387/387/387
f 387/387/387 388/388/388 390/390/390
f 393/393/393 392/392/392 391/391/391
f 391/391/391 392/392/392 394/394/394
f 397/397/397 396/396/396 395/395/395
f 395/395/395 396/396/396 398/398/398
f 401/401/401 400/400/400 399/399/399
f 399/399/399 400/400/400 402/402/402
f 405/405/405 404/404/404 403/403/403
f 403/403/403 404/404/404 406/406/406
f 409/409/409 408/408/408 407/407/407
f 407/407/407 408/408/408 410/410/410
f 413/413/413 412/412/412 411/411/411
f 411/411/411 412/412/412 414/414/414
f 417/417/417 416/416/416 415/415/415
f 415/415/415 416/416/416 418/418/418
f 421/421/421 420/420/420 419/419/419
f 419/419/419 420/420/420 422/422/422
f 425/425/425 424/424/424 423/423/423
f 423/423/423 424/424/424 426/426/426
f 429/429/429 428/428/428 427/427/427
f 427/427/427 428/428/428 430/430/430
f 433/433/433 432/432/432 431/431/431
f 431/431/431 432/432/432 434/434/434
f 437/437/437 436/436/436 435/435/435
f 435/435/435 436/436/436 438/438/438
f 441/441/441 440/440/440 439/439/439
f 439/439/439 440/440/440 442/442/442
f 445/445/445 444/444/444 443/443/443
f 443/443/443 444/444/444 446/446/446
f 449/449/449 448/448/448 447/447/447
f 447/447/447 448/448/448 450/450/450
f 453/453/453 452/452/452 451/451/451
f 451/451/451 452/452/452 454/454/454
f 457/457/457 456/456/456 455/455/455
f 455/455/455 456/456/456 458/458/458
f 461/461/461 460/460/460 459/459/459
f 459/459/459 460/460/460 462/462/462
f 465/465/465 464/464/464 463/463/463
f 463/463/463 464/464/464 466/466/466
f 469/469/469 468/468/468 467/467/467
f 467/467/467 468/468/468 470/470/470
f 473/473/473 472/472/472 471/471/471
f 471/471/471 472/472/472 474/474/474
f 477/477/477 476/476/476 475/475/475
f 475/475/475 476/476/476 478/478/478
f 481/481/481 480/480/480 479/479/479
f 479/479/479 480/480/480 482/482/482
f 485/485/485 484/484/484 483/483/483
f 483/483/483 484/484/484 486/486/486
f 489/489/489 488/488/488 487/487/487
f 487/487/487 488/488/488 490/490/490
f 493/493/493 492/492/492 491/491/491
f 491/491/491 492/492/492 494/494/494
f 497/497/497 496/496/496 495/495/495
f 495/495/495 496/496/496 498/498/498
f 501/501/501 500/500/500 499/499/499
f 499/499/499 500/500/500 502/502/502
f 505/505/505 504/504/504 503/503/503
f 503/503/503 504/504/504 506/506/506
f 509/509/509 508/508/508 507/507/507
f 507/507/507 508/508/508 510/510/510
f 513/513/513 512/512/512 511/511/511
f 511/511/511 512/512/512 514/514/514
f 517/517/517 516/516/516 515/515/515
f 515/515/515 516/516/516 518/518/518
f 521/521/521 520/520/520 519/519/519
f 519/519/519 520/520/520 522/522/522
f 525/525/525 524/524/524 523/523/523
f 523/523/523 524/524/524 526/526/526
f 529/529/529 528/528/528 527/527/527
f 527/527/527 528/528/528 530/530/530
f 533/533/533 532/532/532 531/531/531
f 531/531/531 532/532/532 534/534/534
f 537/537/537 536/536/536 535/535/535
f 535/535/535 536/536/536 538/538/538
f 541/541/541 540/540/540 539/539/539
f 539/539/539 540/540/540 542/542/542
f 542/542/542 543/543/543 539/539/539
f 539/539/539 543/543/543 544/544/544
f 547/547/547 546/546/546 545/545/545
f 545/545/545 546/546/546 548/548/548
f 551/551/551 550/550/550 549/549/549
f 549/549/549 550/550/550 552/552/552
f 555/555/555 554/554/554 553/553/553
f 553/553/553 554/554/554 556/556/556
f 559/559/559 558/558/558 557/557/557
f 557/557/557 558/558/558 560/560/560
f 563/563/563 562/562/562 561/561/561
f 561/561/561 562/562/562 564/564/564
f 567/567/567 566/566/566 565/565/565
f 565/565/565 566/566/566 568/568/568
f 571/571/571 570/570/570 569/569/569
f 569/569/569 570/570/570 572/572/572
f 575/575/575 574/574/574 573/573/573
f 573/573/573 574/574/574 576/576/576
f 579/579/579 578/578/578 577/577/577
f 577/577/577 578/578/578 580/580/580
f 583/583/583 582/582/582 581/581/581
f 581/581/581 582/582/582 584/584/584
f 587/587/587 586/586/586 585/585/585
f 585/585/585 586/586/586 588/588/588
f 591/591/591 590/590/590 589/589/589
f 589/589/589 590/590/590 592/592/592
f 595/595/595 594/594/594 593/593/593
f 593/593/593 594/594/594 596/596/596
f 599/599/599 598/598/598 597/597/597
f 597/597/597 598/598/598 600/600/600
f 603/603/603 602/602/602 601/601/601
f 601/601/601 602/602/602 604/604/604
f 607/607/607 606/606/606 605/605/605
f 605/605/605 606/606/606 608/608/608
f 611/611/611 610/610/610 609/609/609
f 609/609/609 610/610/610 612/612/612
f 615/615/615 614/614/614 613/613/613
f 613/613/613 614/614/614 616/616/616
f 619/619/619 618/618/618 617/617/617
f 617/617/617 618/618/618 620/620/620
f 623/623/623 622/622/622 621/621/621
f 621/621/621 622/622/622 624/624/624
f 627/627/627 626/626/626 625/625/625
f 625/625/625 626/626/626 628/628/628
f 631/631/631 630/630/630 629/629/629
f 629/629/629 630/630/630 632/632/632
f 635/635/635 634/634/634 633/633/633
f 633/633/633 634/634/634 636/636/636
f 639/639/639 638/638/638 637/637/637
f 637/637/637 638/638/638 640/640/640
f 643/643/643 642/642/642 641/641/641
f 641/641/641 642/642/642 644/644/644
f 647/647/647 646/646/646 645/645/645
f 645/645/645 646/646/646 648/648/648
f 651/651/651 650/650/650 649/649/649
f 649/649/649 650/650/650 652/652/652
f 655/655/655 654/654/654 653/653/653
f 653/653/653 654/654/654 656/656/656
f 659/659/659 658/658/658 657/657/657
f 657/657/657 658/658/658 660/660/660
f 663/663/663 662/662/662 661/661/661
f 661/661/661 662/662/662 664/664/664
f 667/667/667 666/666/666 665/665/665
f 665/665/665 666/666/666 668/668/668
f 671/671/671 670/670/670 669/669/669
f 669/669/669 670/670/670 672/672/672
f 675/675/675 674/674/674 673/673/673
f 673/673/673 674/674/674 676/676/676
f 679/679/679 678/678/678 677/677/677
f 678/678/678 679/679/679 680/680/680
f 681/681/681 678/678/678 680/680/680
f 684/684/684 683/683/683 682/682/682
f 683/683/683 685/685/685 682/682/682
f 685/685/685 683/683/683 686/686/686
f 687/687/687 686/686/686 683/683/683
f 690/690/690 689/689/689 688/688/688
f 690/690/690 691/691/691 689/689/689
f 691/691/691 692/692/692 689/689/689
f 693/693/693 689/689/689 692/692/692
f 694/694/694 693/693/693 692/692/692
f 695/695/695 693/693/693 694/694/694
f 698/698/698 697/697/697 696/696/696
f 697/697/697 698/698/698 699/699/699
f 700/700/700 697/697/697 699/699/699
f 703/703/703 702/702/702 701/701/701
f 702/702/702 703/703/703 704/704/704
f 704/704/704 703/703/703 705/705/705
f 706/706/706 704/704/704 705/705/705
f 709/709/709 708/708/708 707/707/707
f 708/708/708 710/710/710 707/707/707
f 710/710/710 708/708/708 711/711/711
f 710/710/710 712/712/712 707/707/707
f 713/713/713 712/712/712 710/710/710
f 714/714/714 707/707/707 712/712/712
f 715/715/715 707/707/707 714/714/714
f 718/718/718 717/717/717 716/716/716
f 718/718/718 719/719/719 717/717/717
f 719/719/719 718/718/718 720/720/720
f 720/720/720 718/718/718 721/721/721
f 722/722/722 720/720/720 721/721/721
f 725/725/725 724/724/724 723/723/723
f 726/726/726 724/724/724 725/725/725
f 724/724/724 726/726/726 727/727/727
f 727/727/727 726/726/726 728/728/728
f 729/729/729 728/728/728 726/726/726
f 732/732/732 731/731/731 730/730/730
f 732/732/732 733/733/733 731/731/731
f 733/733/733 732/732/732 734/734/734
f 733/733/733 734/734/734 735/735/735
f 736/736/736 735/735/735 734/734/734
f 739/739/739 738/738/738 737/737/737
f 738/738/738 740/740/740 737/737/737
f 741/741/741 737/737/737 740/740/740
f 744/744/744 743/743/743 742/742/742
f 743/743/743 744/744/744 745/745/745
f 745/745/745 744/744/744 746/746/746
f 749/749/749 748/748/748 747/747/747
f 749/749/749 750/750/750 748/748/748
f 750/750/750 751/751/751 748/748/748
f 752/752/752 748/748/748 751/751/751
f 753/753/753 752/752/752 751/751/751
f 754/754/754 752/752/752 753/753/753
f 757/757/757 756/756/756 755/755/755
f 758/758/758 755/755/755 756/756/756
f 759/759/759 758/758/758 756/756/756
f 758/758/758 759/759/759 760/760/760
f 763/763/763 762/762/762 761/761/761
f 762/762/762 763/763/763 764/764/764
f 765/765/765 762/762/762 764/764/764
f 768/768/768 767/767/767 766/766/766
f 767/767/767 769/769/769 766/766/766
f 769/769/769 767/767/767 770/770/770
f 767/767/767 771/771/771 770/770/770
f 772/772/772 770/770/770 771/771/771
f 771/771/771 767/767/767 773/773/773
f 767/767/767 774/774/774 773/773/773
f 775/775/775 772/772/772 771/771/771
f 776/776/776 772/772/772 775/775/775
f 775/775/775 777/777/777 776/776/776
f 773/773/773 774/774/774 778/778/778
f 775/775/775 778/778/778 777/777/777
f 777/777/777 778/778/778 779/779/779
f 774/774/774 780/780/780 778/778/778
f 778/778/778 780/780/780 779/779/779
f 781/781/781 779/779/779 780/780/780
f 782/782/782 781/781/781 780/780/780
f 783/783/783 782/782/782 780/780/780
f 784/784/784 782/782/782 783/783/783
f 785/785/785 782/782/782 784/784/784
f 788/788/788 787/787/787 786/786/786
f 787/787/787 789/789/789 786/786/786
f 790/790/790 786/786/786 789/789/789
f 793/793/793 792/792/792 791/791/791
f 791/791/791 792/792/792 794/794/794
f 795/795/795 794/794/794 792/792/792
f 796/796/796 794/794/794 795/795/795
f 797/797/797 796/796/796 795/795/795
f 798/798/798 794/794/794 796/796/796
f 799/799/799 798/798/798 796/796/796
f 802/802/802 801/801/801 800/800/800
f 802/802/802 803/803/803 801/801/801
f 801/801/801 803/803/803 804/804/804
f 805/805/805 804/804/804 803/803/803
f 806/806/806 804/804/804 805/805/805
f 807/807/807 804/804/804 806/806/806
f 810/810/810 809/809/809 808/808/808
f 810/810/810 811/811/811 809/809/809
f 811/811/811 812/812/812 809/809/809
f 812/812/812 811/811/811 813/813/813
f 814/814/814 812/812/812 813/813/813
f 817/817/817 816/816/816 815/815/815
f 816/816/816 818/818/818 815/815/815
f 819/819/819 815/815/815 818/818/818
f 819/819/819 818/818/818 820/820/820
f 819/819/819 821/821/821 815/815/815
f 822/822/822 815/815/815 821/821/821
f 825/825/825 824/824/824 823/823/823
f 823/823/823 824/824/824 826/826/826
f 826/826/826 824/824/824 827/827/827
f 828/828/828 826/826/826 827/827/827
f 827/827/827 824/824/824 829/829/829
f 830/830/830 829/829/829 824/824/824
f 831/831/831 829/829/829 830/830/830
f 832/832/832 831/831/831 830/830/830
f 833/833/833 831/831/831 832/832/832
f 834/834/834 833/833/833 832/832/832
f 835/835/835 833/833/833 834/834/834
f 838/838/838 837/837/837 836/836/836
f 837/837/837 839/839/839 836/836/836
f 836/836/836 839/839/839 840/840/840
f 839/839/839 841/841/841 840/840/840
f 842/842/842 840/840/840 841/841/841
f 843/843/843 840/840/840 842/842/842
f 844/844/844 843/843/843 842/842/842
f 845/845/845 843/843/843 844/844/844
f 848/848/848 847/847/847 846/846/846
f 847/847/847 849/849/849 846/846/846
f 849/849/849 850/850/850 846/846/846
f 851/851/851 850/850/850 849/849/849
f 846/846/846 850/850/850 852/852/852
f 853/853/853 850/850/850 851/851/851
f 854/854/854 852/852/852 850/850/850
f 855/855/855 853/853/853 851/851/851
f 856/856/856 853/853/853 855/855/855
f 857/857/857 856/856/856 855/855/855
f 858/858/858 857/857/857 855/855/855
f 854/854/854 859/859/859 852/852/852
f 860/860/860 852/852/852 859/859/859
f 861/861/861 860/860/860 859/859/859
f 862/862/862 861/861/861 859/859/859
f 863/863/863 860/860/860 861/861/861
f 864/864/864 860/860/860 863/863/863
f 867/867/867 866/866/866 865/865/865
f 867/867/867 868/868/868 866/866/866
f 868/868/868 869/869/869 866/866/866
f 870/870/870 866/866/866 869/869/869
f 871/871/871 870/870/870 869/869/869
f 872/872/872 870/870/870 871/871/871
f 875/875/875 874/874/874 873/873/873
f 875/875/875 876/876/876 874/874/874
f 876/876/876 877/877/877 874/874/874
f 874/874/874 877/877/877 878/878/878
f 879/879/879 878/878/878 877/877/877
f 880/880/880 878/878/878 879/879/879
f 881/881/881 880/880/880 879/879/879
f 882/882/882 878/878/878 880/880/880
f 883/883/883 878/878/878 882/882/882
f 886/886/886 885/885/885 884/884/884
f 887/887/887 884/884/884 885/885/885
f 888/888/888 887/887/887 885/885/885
f 889/889/889 884/884/884 887/887/887
f 887/887/887 888/888/888 890/890/890
f 888/888/888 891/891/891 890/890/890
f 889/889/889 892/892/892 884/884/884
f 890/890/890 891/891/891 892/892/892
f 884/884/884 892/892/892 893/893/893
f 893/893/893 892/892/892 891/891/891
f 896/896/896 895/895/895 894/894/894
f 894/894/894 895/895/895 897/897/897
f 895/895/895 898/898/898 897/897/897
f 895/895/895 899/899/899 898/898/898
f 899/899/899 900/900/900 898/898/898
f 901/901/901 898/898/898 900/900/900
f 902/902/902 901/901/901 900/900/900
f 903/903/903 898/898/898 901/901/901
f 904/904/904 903/903/903 901/901/901
f 901/901/901 902/902/902 905/905/905
f 902/902/902 906/906/906 905/905/905
f 906/906/906 907/907/907 905/905/905
f 908/908/908 903/903/903 904/904/904
f 905/905/905 907/907/907 909/909/909
f 909/909/909 908/908/908 904/904/904
f 907/907/907 910/910/910 909/909/909
f 908/908/908 909/909/909 910/910/910
f 911/911/911 908/908/908 910/910/910
f 908/908/908 911/911/911 912/912/912
f 913/913/913 908/908/908 912/912/912
f 916/916/916 915/915/915 914/914/914
f 917/917/917 914/914/914 915/915/915
f 914/914/914 917/917/917 918/918/918
f 919/919/919 917/917/917 915/915/915
f 917/917/917 920/920/920 918/918/918
f 915/915/915 921/921/921 919/919/919
f 922/922/922 918/918/918 920/920/920
f 922/922/922 920/920/920 923/923/923
f 924/924/924 919/919/919 921/921/921
f 924/924/924 922/922/922 923/923/923
f 925/925/925 924/924/924 921/921/921
f 925/925/925 922/922/922 924/924/924
f 928/928/928 927/927/927 926/926/926
f 927/927/927 928/928/928 929/929/929
f 930/930/930 927/927/927 929/929/929
f 933/933/933 932/932/932 931/931/931
f 934/934/934 931/931/931 932/932/932
f 934/934/934 932/932/932 935/935/935
f 936/936/936 935/935/935 932/932/932
f 939/939/939 938/938/938 937/937/937
f 939/939/939 940/940/940 938/938/938
f 940/940/940 941/941/941 938/938/938
f 942/942/942 938/938/938 941/941/941
f 943/943/943 942/942/942 941/941/941
f 944/944/944 942/942/942 943/943/943
f 947/947/947 946/946/946 945/945/945
f 948/948/948 945/945/945 946/946/946
f 947/947/947 945/945/945 949/949/949
f 950/950/950 945/945/945 948/948/948
f 947/947/947 949/949/949 951/951/951
f 952/952/952 950/950/950 948/948/948
f 953/953/953 951/951/951 949/949/949
f 953/953/953 950/950/950 952/952/952
f 954/954/954 951/951/951 953/953/953
f 954/954/954 953/953/953 952/952/952
f 957/957/957 956/956/956 955/955/955
f 958/958/958 955/955/955 956/956/956
f 959/959/959 955/955/955 958/958/958
f 960/960/960 959/959/959 958/958/958
f 961/961/961 959/959/959 960/960/960
f 960/960/960 962/962/962 961/961/961
f 957/957/957 955/955/955 963/963/963
f 961/961/961 962/962/962 963/963/963
f 957/957/957 963/963/963 964/964/964
f 962/962/962 964/964/964 963/963/963
f 967/967/967 966/966/966 965/965/965
f 966/966/966 967/967/967 968/968/968
f 968/968/968 967/967/967 969/969/969
f 970/970/970 968/968/968 969/969/969
f 969/969/969 971/971/971 970/970/970
f 970/970/970 971/971/971 972/972/972
f 965/965/965 973/973/973 967/967/967
f 973/973/973 972/972/972 971/971/971
f 965/965/965 974/974/974 973/973/973
f 972/972/972 973/973/973 974/974/974
f 977/977/977 976/976/976 975/975/975
f 976/976/976 978/978/978 975/975/975
f 975/975/975 978/978/978 979/979/979
f 980/980/980 979/979/979 978/978/978
f 980/980/980 981/981/981 979/979/979
f 982/982/982 979/979/979 981/981/981
f 975/975/975 983/983/983 977/977/977
f 984/984/984 982/982/982 981/981/981
f 983/983/983 985/985/985 977/977/977
f 977/977/977 985/985/985 986/986/986
f 987/987/987 985/985/985 983/983/983
f 988/988/988 986/986/986 985/985/985
f 989/989/989 985/985/985 987/987/987
f 987/987/987 982/982/982 989/989/989
f 990/990/990 986/986/986 988/988/988
f 989/989/989 982/982/982 991/991/991
f 982/982/982 984/984/984 991/991/991
f 990/990/990 988/988/988 992/992/992
f 991/991/991 984/984/984 992/992/992
f 984/984/984 990/990/990 992/992/992
f 995/995/995 994/994/994 993/993/993
f 993/993/993 994/994/994 996/996/996
f 997/997/997 994/994/994 995/995/995
f 994/994/994 998/998/998 996/996/996
f 999/999/999 997/997/997 995/995/995
f 1000/1000/1000 997/997/997 999/999/999
f 1001/1001/1001 996/996/996 998/998/998
f 1002/1002/1002 996/996/996 1001/1001/1001
f 1003/1003/1003 1002/1002/1002 1001/1001/1001
f 1003/1003/1003 1001/1001/1001 1004/1004/1004
f 1003/1003/1003 1004/1004/1004 1005/1005/1005
f 1000/1000/1000 999/999/999 1006/1006/1006
f 1004/1004/1004 1006/1006/1006 1005/1005/1005
f 999/999/999 1007/1007/1007 1006/1006/1006
f 1007/1007/1007 1005/1005/1005 1006/1006/1006
f 1010/1010/1010 1009/1009/1009 1008/1008/1008
f 1008/1008/1008 1011/1011/1011 1010/1010/1010
f 1008/1008/1008 1009/1009/1009 1012/1012/1012
f 1013/1013/1013 1011/1011/1011 1008/1008/1008
f 1009/1009/1009 1014/1014/1014 1012/1012/1012
f 1011/1011/1011 1013/1013/1013 1015/1015/1015
f 1014/1014/1014 1009/1009/1009 1016/1016/1016
f 1014/1014/1014 1016/1016/1016 1017/1017/1017
f 1011/1011/1011 1015/1015/1015 1018/1018/1018
f 1018/1018/1018 1017/1017/1017 1016/1016/1016
f 1015/1015/1015 1019/1019/1019 1018/1018/1018
f 1019/1019/1019 1017/1017/1017 1018/1018/1018
f 1022/1022/1022 1021/1021/1021 1020/1020/1020
f 1021/1021/1021 1023/1023/1023 1020/1020/1020
f 1024/1024/1024 1022/1022/1022 1020/1020/1020
f 1025/1025/1025 1022/1022/1022 1024/1024/1024
f 1020/1020/1020 1023/1023/1023 1026/1026/1026
f 1027/1027/1027 1024/1024/1024 1020/1020/1020
f 1028/1028/1028 1026/1026/1026 1023/1023/1023
f 1029/1029/1029 1025/1025/1025 1024/1024/1024
f 1030/1030/1030 1024/1024/1024 1027/1027/1027
f 1031/1031/1031 1030/1030/1030 1027/1027/1027
f 1030/1030/1030 1031/1031/1031 1032/1032/1032
f 1032/1032/1032 1031/1031/1031 1033/1033/1033
f 1033/1033/1033 1034/1034/1034 1032/1032/1032
f 1033/1033/1033 1035/1035/1035 1034/1034/1034
f 1025/1025/1025 1029/1029/1029 1036/1036/1036
f 1036/1036/1036 1029/1029/1029 1037/1037/1037
f 1035/1035/1035 1038/1038/1038 1034/1034/1034
f 1035/1035/1035 1026/1026/1026 1038/1038/1038
f 1038/1038/1038 1026/1026/1026 1028/1028/1028
f 1037/1037/1037 1038/1038/1038 1036/1036/1036
f 1036/1036/1036 1038/1038/1038 1028/1028/1028
f 1041/1041/1041 1040/1040/1040 1039/1039/1039
f 1041/1041/1041 1042/1042/1042 1040/1040/1040
f 1040/1040/1040 1042/1042/1042 1043/1043/1043
f 1040/1040/1040 1044/1044/1044 1039/1039/1039
f 1045/1045/1045 1039/1039/1039 1044/1044/1044
f 1046/1046/1046 1045/1045/1045 1044/1044/1044
f 1047/1047/1047 1043/1043/1043 1042/1042/1042
f 1044/1044/1044 1047/1047/1047 1046/1046/1046
f 1048/1048/1048 1047/1047/1047 1042/1042/1042
f 1046/1046/1046 1047/1047/1047 1048/1048/1048
f 1051/1051/1051 1050/1050/1050 1049/1049/1049
f 1051/1051/1051 1052/1052/1052 1050/1050/1050
f 1053/1053/1053 1050/1050/1050 1052/1052/1052
f 1054/1054/1054 1053/1053/1053 1052/1052/1052
f 1053/1053/1053 1054/1054/1054 1055/1055/1055
f 1054/1054/1054 1056/1056/1056 1055/1055/1055
f 1050/1050/1050 1057/1057/1057 1049/1049/1049
f 1055/1055/1055 1056/1056/1056 1057/1057/1057
f 1049/1049/1049 1057/1057/1057 1058/1058/1058
f 1056/1056/1056 1058/1058/1058 1057/1057/1057
f 1061/1061/1061 1060/1060/1060 1059/1059/1059
f 1062/1062/1062 1059/1059/1059 1060/1060/1060
f 1063/1063/1063 1061/1061/1061 1059/1059/1059
f 1061/1061/1061 1063/1063/1063 1064/1064/1064
f 1063/1063/1063 1065/1065/1065 1064/1064/1064
f 1064/1064/1064 1065/1065/1065 1066/1066/1066
f 1059/1059/1059 1062/1062/1062 1067/1067/1067
f 1065/1065/1065 1067/1067/1067 1066/1066/1066
f 1068/1068/1068 1067/1067/1067 1062/1062/1062
f 1068/1068/1068 1066/1066/1066 1067/1067/1067
