v 1.250003 10.499998 2.750000
v 1.250003 10.999998 0.000000
v 1.250003 10.999998 2.750000
v -10.249999 9.500000 1.000000
v -10.249999 11.000000 0.000000
v -10.249999 9.500000 3.750000
v -10.249999 11.000000 5.750000
v -10.249999 4.500000 3.750000
v -8.749999 11.000000 5.750000
v -3.749997 10.999998 3.750000
v -3.749997 10.999998 5.750000
v -8.749999 3.000000 3.750000
v -2.749997 2.999998 4.250000
v -3.749997 2.999998 3.750000
v -8.749999 3.000000 3.750000
v -9.749999 3.000000 4.250000
v -8.749999 3.000000 1.000000
v -10.250001 -10.999998 -5.000000
v -10.249999 -5.500000 5.750000
v -10.250004 -6.999996 5.750000
v -10.250001 -10.999998 -5.000000
v -10.249999 4.500000 1.000000
v -10.249996 11.000004 -5.000000
v -10.249999 11.000000 0.000000
v -10.250004 -10.999996 5.750000
v -10.250004 -6.999996 5.750000
v 2.750003 -1.500002 4.250000
v 3.750003 2.999998 4.250000
v 2.750003 2.999998 4.250000
v 9.750004 4.499995 4.250000
v 8.750004 10.499995 4.250000
v 3.750003 10.499998 4.250000
v -2.149997 -9.392736 2.650000
v -2.149999 -6.873749 2.850000
v -2.149999 -7.081013 2.650000
v -10.349999 4.400000 3.850000
v -9.650000 4.607264 3.850000
v -9.649999 4.400000 3.850000
v -10.350004 9.600001 3.850000
v -10.350004 9.392737 3.650000
v -10.350004 9.392737 1.100000
v -8.849999 11.100000 3.850000
v -3.857261 11.100000 3.650000
v -3.649997 11.100000 3.850000
v -8.642735 11.100000 3.650000
v -8.849999 11.100000 0.900000
v -8.642735 11.100000 1.100000
v -8.642735 11.100000 0.900000
v -10.350004 9.600001 0.900000
v -10.350000 4.607264 0.900000
v -9.650000 4.607264 0.900000
v -10.349999 4.400000 0.900000
v -9.649999 4.400000 0.900000
v -9.650000 4.607264 0.900000
v -10.350000 4.607264 0.900000
v -10.350004 9.600001 0.900000
v -9.650003 9.600002 0.900000
v 2.849999 -2.900003 2.850000
v 2.849997 -5.418991 2.650000
v 2.849997 -5.626255 2.850000
v 2.849999 -3.107267 2.650000
v 2.849999 -2.900003 -0.100000
v 2.849999 -3.107267 -0.100000
v -8.642735 10.400000 0.900000
v -3.857261 10.400000 1.100000
v -3.649997 10.400000 0.900000
v -8.849999 10.400000 0.900000
v -8.642735 10.400000 1.100000
v -10.349999 4.400000 0.900000
v -10.350000 4.607264 3.650000
v -10.349999 4.400000 3.850000
v -10.350000 4.607264 0.900000
v -10.350000 4.607264 1.100000
v 9.649999 4.400000 0.900000
v 9.650000 4.607264 3.650000
v 9.649999 4.400000 3.850000
v 9.650000 4.607264 0.900000
v 9.650000 4.607264 1.100000
v 9.650003 9.600002 3.850000
v 9.650003 9.392738 3.650000
v 9.650003 9.392738 1.100000
v -2.849997 -0.600003 2.850000
v -2.849999 1.918984 2.650000
v -2.849999 2.126248 2.850000
v -2.849997 -0.392739 2.650000
v -2.849997 -0.600003 -0.100000
v -2.849997 -0.392739 -0.100000
v 1.363125 10.399998 2.850000
v 1.155861 10.399998 2.650000
v -1.155861 10.399998 2.650000
v -1.363125 10.399998 2.850000
v -1.363125 10.399998 -0.100000
v -1.155861 10.399998 -0.100000
v -1.363125 11.099998 2.850000
v -1.155861 11.099998 2.650000
v 1.155861 11.099998 2.650000
v 2.849999 2.126248 2.850000
v 2.849997 -0.392739 2.650000
v 2.849997 -0.600003 2.850000
v 2.849999 1.918984 2.650000
v 2.849999 2.126248 -0.100000
v 2.849999 1.918984 -0.100000
v 10.349999 4.400000 0.900000
v 10.349999 4.400000 3.850000
v 10.350000 4.607264 1.100000
v 10.350000 4.607264 3.850000
v 10.350000 4.607264 3.650000
v -2.849997 -9.600001 2.850000
v -2.849999 -7.081014 2.650000
v -2.849999 -6.873750 2.850000
v -2.849997 -9.392737 2.650000
v -2.849997 -9.600001 -0.100000
v -2.849997 -9.392737 -0.100000
v 3.649997 10.400000 3.850000
v 3.857261 10.400000 3.650000
v 3.857261 10.400000 1.100000
v 9.650000 4.607264 0.900000
v 10.349999 4.400000 0.900000
v 10.350000 4.607264 0.900000
v 10.350004 9.600001 0.900000
v 9.650003 9.600002 0.900000
v 9.650000 4.607264 3.850000
v 10.350004 9.600001 3.850000
v 10.350000 4.607264 3.850000
v 10.349999 4.400000 3.850000
v 9.649999 4.400000 3.850000
v 2.149999 -3.107266 2.650000
v 2.149996 -5.626254 2.850000
v 2.149997 -5.418990 2.650000
v 2.149999 -2.900002 2.850000
v 2.149999 -2.900002 -0.100000
v 2.149999 -3.107266 -0.100000
v 3.857261 11.100000 0.900000
v 8.642735 11.100000 1.100000
v 3.857261 11.100000 1.100000
v -2.706249 11.099998 4.686786
v -2.868749 11.099998 4.826786
v -3.002500 11.099998 4.761786
v -3.002500 11.099998 4.761786
v -2.839999 11.099998 4.720536
v -2.839999 11.099998 4.720536
v -2.943749 11.099998 4.665536
v -2.592500 11.099998 4.254285
v -2.592499 11.099998 4.815536
v -2.703749 11.099998 4.815536
v -2.703749 11.099998 4.815536
v -2.703749 11.099998 4.686786
v -2.703749 11.099998 4.686786
v -2.706249 11.099998 4.686786
v -2.706249 11.099998 4.686786
v -2.703750 11.099998 4.548036
v -2.706249 11.099998 4.686786
v -2.839999 11.099998 4.720536
v -2.703750 11.099998 4.548036
v -2.592500 11.099998 4.254285
v -2.703750 11.099998 4.548036
v -2.703750 11.099998 4.254285
v -1.958750 11.099998 4.541784
v -2.072500 11.099998 4.591784
v -2.355000 11.099998 4.591785
v -2.221249 11.099998 4.826785
v -2.223750 11.099998 4.730535
v -2.223750 11.099998 4.730535
v -2.465000 11.099998 4.518035
v -2.355000 11.099998 4.591785
v -2.223750 11.099998 4.730535
v -2.072500 11.099998 4.591784
v -2.355000 11.099998 4.591785
v -2.070000 11.099998 4.518034
v -1.958750 11.099998 4.541784
v -2.231250 11.099998 4.243035
v -1.958750 11.099998 4.541784
v -2.070000 11.099998 4.518034
v -2.231250 11.099998 4.243035
v -2.070000 11.099998 4.518034
v -2.258750 11.099998 4.349285
v -2.258750 11.099998 4.349285
v -2.455000 11.099998 4.416785
v -2.455000 11.099998 4.309285
v -2.231250 11.099998 4.243035
v -2.258750 11.099998 4.349285
v -2.455000 11.099998 4.309285
v -1.610000 11.099998 4.738034
v -1.640000 11.099998 4.826784
v -1.831250 11.099998 4.600534
v -1.472500 11.099998 4.741784
v -1.610000 11.099998 4.738034
v -1.470000 11.099998 4.656784
v -1.472500 11.099998 4.741784
v -1.358750 11.099998 4.254283
v -1.470000 11.099998 4.656784
v -1.358750 11.099998 4.815534
v -1.469999 11.099998 4.815534
v -1.469999 11.099998 4.815534
v -1.470000 11.099998 4.741784
v -1.470000 11.099998 4.741784
v -1.472500 11.099998 4.741784
v -1.720000 11.099998 4.601784
v -1.610000 11.099998 4.738034
v -1.831250 11.099998 4.600534
v -1.358750 11.099998 4.254283
v -1.470000 11.099998 4.656784
v -1.470000 11.099998 4.254284
v -1.720000 11.099998 4.254284
v -1.720000 11.099998 4.601784
v -1.831250 11.099998 4.600534
v -1.720000 11.099998 4.254284
v -1.831250 11.099998 4.600534
v -1.831250 11.099998 4.254284
v -0.933750 11.099998 4.243033
v -0.637500 11.099998 4.540533
v -0.751250 11.099998 4.540533
v -0.751250 11.099998 4.540533
v -0.932500 11.099998 4.343033
v -1.123750 11.099998 4.539283
v -1.237500 11.099998 4.540534
v -0.933750 11.099998 4.243033
v -0.932500 11.099998 4.343033
v -1.123750 11.099998 4.539283
v -0.389999 11.099998 4.985532
v -0.456249 11.099998 5.051782
v -0.522499 11.099998 4.985532
v -0.456249 11.099998 4.919282
v -0.389999 11.099998 4.985532
v -0.522499 11.099998 4.985532
v -0.400000 11.099998 4.254282
v -0.399999 11.099998 4.815532
v -0.511249 11.099998 4.815532
v -0.400000 11.099998 4.254282
v -0.511249 11.099998 4.815532
v -0.511250 11.099998 4.254282
v 0.097501 11.099998 4.728031
v -0.111249 11.099998 4.931782
v -0.111249 11.099998 4.815532
v -0.111249 11.099998 4.815532
v -0.288749 11.099998 4.815532
v -0.288749 11.099998 4.815532
v -0.288750 11.099998 4.715532
v 0.097500 11.099998 4.715531
v 0.097501 11.099998 4.728031
v -0.288750 11.099998 4.715532
v 0.000000 11.099998 4.715531
v 0.097500 11.099998 4.715531
v -0.111250 11.099998 4.715532
v 0.000000 11.099998 4.715531
v 0.000000 11.099998 4.419281
v -0.111250 11.099998 4.715532
v 0.000000 11.099998 4.419281
v -0.111250 11.099998 4.715532
v -0.111250 11.099998 4.428031
v 0.000000 11.099998 4.419281
v -0.111250 11.099998 4.428031
v -0.191250 11.099998 4.343032
v -0.182500 11.099998 4.243031
v 0.000000 11.099998 4.419281
v -0.191250 11.099998 4.343032
v -0.191250 11.099998 4.343032
v -0.317500 11.099998 4.384282
v -0.317500 11.099998 4.280532
v -0.182500 11.099998 4.243031
v -0.191250 11.099998 4.343032
v -0.317500 11.099998 4.280532
v 0.300001 11.099998 4.985531
v 0.233751 11.099998 5.051781
v 0.167501 11.099998 4.985531
v 0.233751 11.099998 4.919281
v 0.300001 11.099998 4.985531
v 0.167501 11.099998 4.985531
v 0.290000 11.099998 4.254281
v 0.290001 11.099998 4.815531
v 0.178751 11.099998 4.815531
v 0.290000 11.099998 4.254281
v 0.178751 11.099998 4.815531
v 0.178750 11.099998 4.254281
v 0.787501 11.099998 4.728030
v 0.578751 11.099998 4.931781
v 0.578751 11.099998 4.815531
v 0.578751 11.099998 4.815531
v 0.401251 11.099998 4.815531
v 0.401251 11.099998 4.815531
v 0.401251 11.099998 4.715531
v 0.787501 11.099998 4.715530
v 0.787501 11.099998 4.728030
v 0.401251 11.099998 4.715531
v 0.690001 11.099998 4.715530
v 0.787501 11.099998 4.715530
v 0.578751 11.099998 4.715530
v 0.690001 11.099998 4.715530
v 0.690000 11.099998 4.419281
v 0.578751 11.099998 4.715530
v 0.690000 11.099998 4.419281
v 0.578751 11.099998 4.715530
v 0.578750 11.099998 4.428030
v 0.690000 11.099998 4.419281
v 0.578750 11.099998 4.428030
v 0.498750 11.099998 4.343031
v 0.507500 11.099998 4.243031
v 0.690000 11.099998 4.419281
v 0.498750 11.099998 4.343031
v 0.498750 11.099998 4.343031
v 0.372500 11.099998 4.384281
v 0.372500 11.099998 4.280531
v 0.507500 11.099998 4.243031
v 0.498750 11.099998 4.343031
v 0.372500 11.099998 4.280531
v 0.998751 11.099998 4.724280
v 0.843751 11.099998 4.788030
v 0.843751 11.099998 4.669280
v 1.006251 11.099998 4.826780
v 0.843751 11.099998 4.788030
v 1.283750 11.099998 4.524280
v 0.998751 11.099998 4.724280
v 0.998751 11.099998 4.724280
v 1.170000 11.099998 4.534280
v 1.170000 11.099998 4.534280
v 0.980000 11.099998 4.348030
v 0.998750 11.099998 4.243030
v 1.283750 11.099998 4.524280
v 0.980000 11.099998 4.348030
v 0.980000 11.099998 4.348030
v 0.831250 11.099998 4.385530
v 0.831250 11.099998 4.275530
v 0.998750 11.099998 4.243030
v 0.980000 11.099998 4.348030
v 0.831250 11.099998 4.275530
v 1.825001 11.099998 4.629279
v 1.825001 11.099998 4.750529
v 1.647501 11.099998 4.721779
v 1.825001 11.099998 4.750529
v 1.638751 11.099998 4.826779
v 1.647501 11.099998 4.721779
v 1.435000 11.099998 4.641779
v 1.546250 11.099998 4.623029
v 1.647501 11.099998 4.721779
v 1.435000 11.099998 4.641779
v 1.435000 11.099998 4.353029
v 1.546250 11.099998 4.593029
v 1.546250 11.099998 4.623029
v 1.546250 11.099998 4.531779
v 1.546250 11.099998 4.593029
v 1.645000 11.099998 4.558029
v 1.546250 11.099998 4.531779
v 1.546250 11.099998 4.368029
v 1.546250 11.099998 4.531779
v 1.836250 11.099998 4.380528
v 1.723750 11.099998 4.400529
v 1.645000 11.099998 4.558029
v 1.546250 11.099998 4.531779
v 1.723750 11.099998 4.400529
v 1.643750 11.099998 4.321779
v 1.698750 11.099998 4.243029
v 1.836250 11.099998 4.380528
v 1.643750 11.099998 4.321779
v 1.643750 11.099998 4.321779
v 1.546250 11.099998 4.368029
v 1.435000 11.099998 4.353029
v 1.435000 11.099998 4.353029
v 1.413750 11.099998 4.324279
v 1.413750 11.099998 4.324279
v 1.355000 11.099998 4.286779
v 1.413750 11.099998 4.324279
v 1.355000 11.099998 4.354280
v 1.547500 11.099998 4.300529
v 1.643750 11.099998 4.321779
v 1.698750 11.099998 4.243029
v 1.547500 11.099998 4.300529
v 1.462500 11.099998 4.243029
v 1.547500 11.099998 4.300529
v 1.355000 11.099998 4.286779
v 2.163751 11.099998 4.686778
v 2.001251 11.099998 4.826778
v 1.867501 11.099998 4.761779
v 1.867501 11.099998 4.761779
v 2.030001 11.099998 4.720529
v 2.030001 11.099998 4.720529
v 1.926251 11.099998 4.665529
v 2.277500 11.099998 4.254278
v 2.277501 11.099998 4.815528
v 2.166251 11.099998 4.815528
v 2.166251 11.099998 4.815528
v 2.166251 11.099998 4.686778
v 2.166251 11.099998 4.686778
v 2.163751 11.099998 4.686778
v 2.163751 11.099998 4.686778
v 2.166250 11.099998 4.548028
v 2.163751 11.099998 4.686778
v 2.030001 11.099998 4.720529
v 2.166250 11.099998 4.548028
v 2.277500 11.099998 4.254278
v 2.166250 11.099998 4.548028
v 2.166250 11.099998 4.254278
v 2.913750 11.099998 4.254277
v 2.791251 11.099998 4.996778
v 2.791251 11.099998 4.733027
v 2.913751 11.099998 5.106777
v 2.791251 11.099998 4.996778
v 2.791251 11.099998 4.733027
v 2.791250 11.099998 4.623027
v 2.791251 11.099998 4.996778
v 2.647501 11.099998 5.106778
v 2.791250 11.099998 4.623027
v 2.652501 11.099998 4.733027
v 2.652501 11.099998 4.733027
v 2.663751 11.099998 4.623027
v 2.647501 11.099998 5.106778
v 2.647501 11.099998 4.996778
v 2.647501 11.099998 4.996778
v 2.376251 11.099998 4.861778
v 2.502501 11.099998 4.866777
v 2.647501 11.099998 4.996778
v 2.652501 11.099998 4.733027
v 2.502501 11.099998 4.866777
v 2.652501 11.099998 4.733027
v 2.376251 11.099998 4.861778
v 2.663751 11.099998 4.623027
v 2.913750 11.099998 4.254277
v 2.791250 11.099998 4.623027
v 2.791250 11.099998 4.254277
v 1.250003 10.999998 2.750000
v 3.750003 10.999998 1.000000
v 3.750003 10.999998 3.750000
v 8.750004 10.999995 5.750000
v 2.750003 10.999998 5.750000
v -1.249997 10.999998 2.750000
v -3.749997 10.999998 5.750000
v -3.749997 10.999998 3.750000
v -3.749997 10.999998 1.000000
v -1.249997 10.999998 0.000000
v -10.249999 11.000000 0.000000
v -8.749999 11.000000 1.000000
v -8.749999 11.000000 3.750000
v -10.249999 11.000000 5.750000
v -8.749999 11.000000 5.750000
v 10.250004 10.999995 4.250000
v 10.250004 10.999995 5.750000
v 8.750004 10.999995 3.750000
v 10.250004 10.999995 2.750000
v 8.750004 10.999995 1.000000
v 1.250003 10.999998 0.000000
v 3.750003 10.999998 1.000000
v 1.250003 10.999998 2.750000
v 3.750003 10.999998 3.750000
v -1.249997 10.999998 2.750000
v 8.750004 10.999995 5.750000
v 8.750004 10.999995 3.750000
v 1.250003 10.499998 0.000000
v 1.250003 10.999998 0.000000
v 1.250003 10.499998 2.750000
v -10.249999 -5.500000 5.750000
v -9.750004 -6.999996 5.750000
v -10.250004 -6.999996 5.750000
v -3.749997 10.999998 5.750000
v -9.749999 10.500000 5.750000
v -8.749999 11.000000 5.750000
v 2.250003 -0.500002 -0.000000
v 2.250003 -3.000002 2.750000
v 2.250003 -3.000002 -0.000000
v 2.249995 -10.500001 4.250000
v 2.250003 -5.500002 2.750000
v 2.250003 3.499998 4.250000
v 2.250003 -0.500002 2.750000
v 2.250003 1.999998 2.750000
v 2.250003 3.499998 0.000000
v 2.250003 1.999998 0.000000
v 2.250003 -0.500002 2.750000
v 2.250003 -3.000002 2.750000
v 2.250003 -0.500002 -0.000000
v 2.250003 3.499998 4.250000
v 2.250003 1.999998 2.750000
v 2.250003 3.499998 0.000000
v 1.250003 10.499998 0.000000
v -1.249997 10.999998 0.000000
v 1.250003 10.999998 0.000000
v -2.250005 -10.500001 -0.000000
v -2.250005 -9.500001 -0.000000
v 2.249995 -10.500001 -0.000000
v -2.250005 -7.000001 -0.000000
v 2.250003 -5.500002 -0.000000
v -2.249997 -0.500002 -0.000000
v 2.250003 -3.000002 -0.000000
v 2.250003 -0.500002 -0.000000
v 2.250003 1.999998 0.000000
v 2.750003 1.999998 0.000000
v 2.750003 -0.500002 -0.000000
v -2.249997 1.999998 0.000000
v 2.250003 3.499998 0.000000
v -2.749997 -0.500002 -0.000000
v 3.750003 2.999998 0.000000
v 2.750003 2.999998 0.000000
v 9.750004 -1.500005 -0.000000
v 2.750003 -1.500002 -0.000000
v 9.750004 2.999995 0.000000
v -2.249997 3.499998 0.000000
v -2.749997 1.999998 0.000000
v -3.749997 2.999998 0.000000
v -2.749997 2.999998 0.000000
v -8.749999 3.000000 0.000000
v -9.749999 -1.500000 -0.000000
v -9.749999 3.000000 0.000000
v -2.749997 -1.500002 -0.000000
v 1.250003 10.499998 0.000000
v 3.750003 3.499998 0.000000
v -1.249997 10.499998 0.000000
v 9.750004 10.499995 0.000000
v 8.750004 3.499995 0.000000
v 9.750004 3.499995 0.000000
v -1.249997 10.499998 0.000000
v -1.249997 10.999998 0.000000
v -1.249997 10.499998 0.000000
v -3.749997 10.499998 0.000000
v -9.749999 3.500000 0.000000
v -8.749999 10.500000 0.000000
v -9.749999 10.500000 0.000000
v -9.750004 -10.499996 -0.000000
v -2.750005 -9.500001 -0.000000
v -2.750005 -10.500001 -0.000000
v -9.749999 -2.000000 -0.000000
v -2.750005 -7.000001 -0.000000
v -2.750005 -7.000001 -0.000000
v -9.749999 -2.000000 -0.000000
v -2.749997 -2.000002 -0.000000
v -2.750005 -9.500001 -0.000000
v -9.750004 -10.499996 -0.000000
v -2.250005 -7.000001 -0.000000
v -2.250005 -9.500001 -0.000000
v 2.249995 -10.500001 -0.000000
v 2.250003 -5.500002 -0.000000
v 2.250003 -3.000002 -0.000000
v 2.750003 -5.500002 -0.000000
v 2.750003 -3.000002 -0.000000
v 9.750004 -2.000005 -0.000000
v 2.750003 -2.000002 -0.000000
v -3.749997 10.499998 1.000000
v -1.249997 10.499998 2.750000
v -1.249997 10.499998 0.000000
v 1.250003 10.499998 2.750000
v 3.750003 10.499998 4.250000
v -3.749997 10.499998 3.750000
v -3.749997 10.499998 1.000000
v -1.249997 10.499998 0.000000
v -3.749997 10.499998 0.000000
v -8.749999 10.500000 1.000000
v -8.749999 10.500000 0.000000
v -9.749999 10.500000 0.000000
v -9.749999 10.500000 4.250000
v 3.750003 10.499998 4.250000
v -9.749999 10.500000 4.250000
v -8.749999 10.500000 3.750000
v -8.749999 10.500000 1.000000
v 3.750003 10.499998 3.750000
v 1.250003 10.499998 2.750000
v 3.750003 10.499998 1.000000
v 1.250003 10.499998 0.000000
v 9.750004 10.499995 0.000000
v 8.750004 10.499995 1.000000
v 9.750004 10.499995 4.250000
v 8.750004 10.499995 3.750000
v 8.750004 10.499995 4.250000
v 2.750003 -1.500002 4.250000
v 2.750003 -0.500002 2.750000
v 2.750003 -1.500002 -0.000000
v 2.750003 -1.500002 -0.000000
v 2.750003 -0.500002 2.750000
v 2.750003 -0.500002 -0.000000
v 2.750003 2.999998 4.250000
v 2.750003 1.999998 2.750000
v 2.750003 -1.500002 4.250000
v 3.750003 2.999998 4.250000
v 8.750004 2.999995 3.750000
v 3.750003 2.999998 3.750000
v -2.749997 2.999998 0.000000
v -2.749997 1.999998 2.750000
v -2.749997 1.999998 0.000000
v -2.749997 2.999998 4.250000
v -2.749997 -1.500002 4.250000
v -2.749997 -0.500002 2.750000
v -2.749997 2.999998 4.250000
v -2.749997 1.999998 2.750000
v -2.749997 2.999998 0.000000
v -8.749999 11.000000 3.750000
v -3.749997 10.999998 3.750000
v -8.749999 11.000000 5.750000
v 2.750003 10.999998 5.750000
v 8.750004 10.999995 5.750000
v 2.750003 10.499998 5.750000
v 9.749994 -10.500006 5.750000
v -10.250004 -10.999996 5.750000
v -9.750004 -10.499996 5.750000
v -10.250004 -10.999996 5.750000
v -10.250004 -6.999996 5.750000
v -9.750004 -6.999996 5.750000
v -10.249999 -5.500000 5.750000
v -9.749999 10.500000 5.750000
v -10.249999 11.000000 5.750000
v -8.749999 11.000000 5.750000
v -3.749997 10.999998 5.750000
v 2.750003 10.499998 5.750000
v 2.750003 10.999998 5.750000
v -2.749997 -2.000002 4.250000
v -2.750005 -7.000001 2.750000
v -2.749997 -2.000002 -0.000000
v -2.749997 -2.000002 -0.000000
v -2.750005 -7.000001 2.750000
v -2.750005 -7.000001 -0.000000
v -2.750005 -10.500001 4.250000
v -2.750005 -9.500001 2.750000
v -2.749997 -2.000002 4.250000
v 2.749995 -10.500001 4.250000
v 2.750003 -5.500002 2.750000
v 2.749995 -10.500001 -0.000000
v 2.749995 -10.500001 -0.000000
v 2.750003 -5.500002 2.750000
v 2.750003 -5.500002 -0.000000
v 2.750003 -2.000002 4.250000
v 2.750003 -3.000002 2.750000
v 2.749995 -10.500001 4.250000
v -9.749999 3.500000 4.250000
v -9.749999 4.500000 3.750000
v -9.749999 3.500000 3.750000
v -9.749999 4.500000 3.750000
v -9.749999 3.500000 1.000000
v -9.749999 4.500000 1.000000
v -9.749999 3.500000 0.000000
v -9.749999 10.500000 0.000000
v -9.749999 9.500000 1.000000
v -9.749999 10.500000 4.250000
v -9.749999 9.500000 3.750000
v -2.250005 -10.500001 4.250000
v -2.250005 -9.500001 2.750000
v -2.250005 -10.500001 -0.000000
v -2.250005 -10.500001 -0.000000
v -2.250005 -9.500001 2.750000
v -2.250005 -9.500001 -0.000000
v -2.250005 -10.500001 4.250000
v -2.250005 -7.000001 2.750000
v -2.249997 -0.500002 2.750000
v -2.249997 -0.500002 -0.000000
v -2.249997 3.499998 4.250000
v -2.249997 1.999998 2.750000
v -2.250005 -7.000001 2.750000
v -2.249997 -0.500002 -0.000000
v -2.250005 -7.000001 -0.000000
v -9.749999 10.500000 4.750000
v -9.750004 -6.999996 5.750000
v -9.749999 10.500000 5.750000
v 3.750003 2.999998 4.250000
v 9.750004 -1.500005 4.250000
v 9.750004 2.999995 4.250000
v 9.750004 -1.500005 4.250000
v 3.750003 2.999998 4.250000
v 2.750003 -1.500002 4.250000
v 8.750004 10.499995 4.250000
v 9.750004 9.499995 4.250000
v 9.750004 10.499995 4.250000
v -8.749999 3.500000 4.250000
v -9.749999 10.500000 4.250000
v -9.749999 3.500000 4.250000
v -2.249997 3.499998 4.250000
v -3.749997 3.499998 4.250000
v 3.750003 10.499998 4.250000
v 2.250003 3.499998 4.250000
v 9.750004 4.499995 4.250000
v 9.750004 3.499995 4.250000
v 2.249995 -10.500001 4.250000
v -2.250005 -10.500001 4.250000
v -3.749997 3.499998 4.250000
v -9.749999 10.500000 4.250000
v -8.749999 3.500000 4.250000
v 9.750004 9.499995 4.250000
v 8.750004 10.499995 4.250000
v 9.750004 4.499995 4.250000
v -2.149999 -6.873749 2.850000
v -2.149997 -9.392736 2.650000
v -2.149996 -9.600000 2.850000
v -2.149999 -7.081013 2.650000
v -2.149999 -6.873749 -0.100000
v -2.149999 -7.081013 -0.100000
v -9.650003 9.600002 3.850000
v -10.350000 4.607264 3.850000
v -10.350004 9.600001 3.850000
v -10.350004 9.600001 3.850000
v -10.350004 9.392737 1.100000
v -10.350004 9.600001 0.900000
v -10.350004 9.392737 3.650000
v -10.350000 4.607264 3.850000
v -10.350000 4.607264 3.650000
v -9.650000 4.607264 1.100000
v -9.650003 9.392738 1.100000
v -9.650000 4.607264 0.900000
v -9.650003 9.600002 0.900000
v -9.650003 9.392738 3.650000
v -9.650003 9.600002 3.850000
v -8.642735 11.100000 3.650000
v -8.849999 11.100000 0.900000
v -8.642735 11.100000 1.100000
v -3.857261 11.100000 3.650000
v -8.849999 11.100000 3.850000
v -8.642735 11.100000 3.650000
v 2.849997 -5.418991 2.650000
v 2.849999 -2.900003 2.850000
v 2.849999 -3.107267 2.650000
v -3.649997 10.400000 1.100000
v -3.649997 10.400000 0.900000
v -3.857261 10.400000 1.100000
v -8.642735 10.400000 1.100000
v -3.857261 10.400000 1.100000
v -8.642735 10.400000 0.900000
v -10.350000 4.607264 3.650000
v -10.349999 4.400000 0.900000
v -10.350000 4.607264 1.100000
v -10.349999 4.400000 3.850000
v -10.350000 4.607264 3.850000
v 9.650000 4.607264 3.650000
v 9.649999 4.400000 0.900000
v 9.650000 4.607264 1.100000
v 9.649999 4.400000 3.850000
v 9.650000 4.607264 3.850000
v 10.350000 4.607264 1.100000
v 10.350004 9.392737 1.100000
v 10.350000 4.607264 0.900000
v 10.350004 9.600001 0.900000
v 10.350004 9.392737 3.650000
v 10.350004 9.600001 3.850000
v 9.650003 9.600002 3.850000
v 9.650003 9.392738 1.100000
v 9.650003 9.600002 0.900000
v 9.650003 9.392738 3.650000
v 9.650000 4.607264 3.850000
v 9.650000 4.607264 3.650000
v 3.649997 11.100000 3.850000
v 8.642735 10.400000 3.850000
v 3.649997 10.400000 3.850000
v -8.849999 10.400000 3.850000
v -8.642735 10.400000 1.100000
v -8.849999 10.400000 0.900000
v -8.849999 10.400000 3.850000
v -8.642735 10.400000 3.650000
v -8.642735 10.400000 1.100000
v -2.849999 1.918984 2.650000
v -2.849997 -0.600003 2.850000
v -2.849997 -0.392739 2.650000
v -2.849999 2.126248 -0.100000
v -2.849999 1.918984 -0.100000
v -2.849999 2.126248 2.850000
v 3.857261 11.100000 3.650000
v 3.649997 11.100000 0.900000
v 3.857261 11.100000 1.100000
v 3.649997 11.100000 3.850000
v 8.849999 11.100000 3.850000
v 8.642735 11.100000 3.650000
v 8.849999 11.100000 3.650000
v 3.857261 11.100000 0.900000
v 3.857261 11.100000 1.100000
v 3.649997 11.100000 0.900000
v 3.857261 11.100000 3.650000
v 3.649997 11.100000 3.850000
v -3.649997 11.100000 3.850000
v -3.649997 10.400000 1.100000
v -3.649997 10.400000 3.850000
v 1.363125 10.399998 2.850000
v -1.155861 10.399998 2.650000
v -1.363125 10.399998 2.850000
v 1.155861 10.399998 2.650000
v 1.363125 10.399998 -0.100000
v 1.155861 10.399998 -0.100000
v -1.363125 11.099998 2.850000
v 1.155861 11.099998 2.650000
v 1.363125 11.099998 2.850000
v -1.155861 11.099998 2.650000
v -1.363125 11.099998 -0.100000
v -1.155861 11.099998 -0.100000
v 2.849997 -0.392739 2.650000
v 2.849999 2.126248 2.850000
v 2.849999 1.918984 2.650000
v 10.350000 4.607264 1.100000
v 10.349999 4.400000 3.850000
v 10.350000 4.607264 3.650000
v 10.349999 4.400000 0.900000
v 10.350000 4.607264 0.900000
v 10.350004 9.392737 1.100000
v 10.350004 9.600001 0.900000
v 10.350004 9.392737 3.650000
v 10.350004 9.600001 3.850000
v 10.350000 4.607264 3.850000
v 10.350000 4.607264 3.650000
v 8.849999 10.400000 0.900000
v 8.849999 11.100000 3.650000
v 8.849999 11.100000 0.900000
v -2.849999 -7.081014 2.650000
v -2.849997 -9.600001 2.850000
v -2.849997 -9.392737 2.650000
v -2.849999 -6.873750 -0.100000
v -2.849999 -7.081014 -0.100000
v -2.849999 -6.873750 2.850000
v 3.649997 10.400000 3.850000
v 3.857261 10.400000 1.100000
v 3.649997 10.400000 0.900000
v 3.857261 10.400000 3.650000
v 8.642735 10.400000 3.850000
v 8.642735 10.400000 3.650000
v 10.349999 4.400000 0.900000
v 9.650000 4.607264 0.900000
v 9.649999 4.400000 0.900000
v 10.350004 9.600001 0.900000
v 10.350000 4.607264 0.900000
v 10.350004 9.600001 3.850000
v 9.650000 4.607264 3.850000
v 9.650003 9.600002 3.850000
v 10.349999 4.400000 3.850000
v 10.350000 4.607264 3.850000
v 2.149996 -5.626254 2.850000
v 2.149999 -3.107266 2.650000
v 2.149999 -2.900002 2.850000
v 2.149997 -5.418990 2.650000
v 2.149996 -5.626254 -0.100000
v 2.149997 -5.418990 -0.100000
v -8.849999 11.100000 0.900000
v -8.849999 10.400000 0.900000
v -8.642735 11.100000 0.900000
v -3.857261 11.100000 0.900000
v -8.642735 10.400000 0.900000
v -3.649997 10.400000 0.900000
v -3.857261 11.100000 0.900000
v -3.649997 10.400000 0.900000
v -3.649997 11.100000 0.900000
v -8.849999 10.400000 0.900000
v -8.642735 10.400000 0.900000
v -8.642735 11.100000 0.900000
v 8.849999 11.100000 0.900000
v 8.642735 11.100000 1.100000
v 3.857261 11.100000 0.900000
v 2.250003 -5.500002 2.750000
v 2.750003 -5.500002 -0.000000
v 2.750003 -5.500002 2.750000
v 2.250003 -5.500002 -0.000000
v 2.250003 -0.500002 2.750000
v 2.750003 -0.500002 -0.000000
v 2.750003 -0.500002 2.750000
v 2.250003 -0.500002 -0.000000
v 10.249994 -11.000006 5.750000
v -10.250001 -10.999998 -5.000000
v -10.250004 -10.999996 5.750000
v 10.250000 -11.000000 -5.000000
v 9.750004 -1.500005 4.250000
v 2.750003 -1.500002 -0.000000
v 9.750004 -1.500005 -0.000000
v 2.750003 -1.500002 4.250000
v 2.750003 1.999998 2.750000
v 2.250003 1.999998 0.000000
v 2.250003 1.999998 2.750000
v 2.750003 1.999998 0.000000
v -8.749999 11.000000 3.750000
v -8.749999 10.500000 1.000000
v -8.749999 10.500000 3.750000
v -8.749999 11.000000 1.000000
v -2.750005 -9.500001 -0.000000
v -2.250005 -9.500001 2.750000
v -2.750005 -9.500001 2.750000
v -2.250005 -9.500001 -0.000000
v -9.749999 -2.000000 -0.000000
v -2.749997 -2.000002 4.250000
v -2.749997 -2.000002 -0.000000
v -9.749999 -2.000000 4.250000
v -2.249997 1.999998 0.000000
v -2.749997 1.999998 2.750000
v -2.249997 1.999998 2.750000
v -2.749997 1.999998 0.000000
v -3.749997 10.499998 3.750000
v -3.749997 10.999998 1.000000
v -3.749997 10.999998 3.750000
v -3.749997 10.499998 1.000000
v 8.750004 10.999995 1.000000
v 3.750003 10.499998 1.000000
v 3.750003 10.999998 1.000000
v 8.750004 10.499995 1.000000
v 8.750004 3.499995 1.000000
v 3.750003 2.999998 1.000000
v 3.750003 3.499998 1.000000
v 8.750004 2.999995 1.000000
v -3.749997 10.999998 1.000000
v -8.749999 10.500000 1.000000
v -8.749999 11.000000 1.000000
v -3.749997 10.499998 1.000000
v -3.749997 3.499998 1.000000
v -8.749999 3.000000 1.000000
v -8.749999 3.500000 1.000000
v -3.749997 2.999998 1.000000
v 9.750004 -1.500005 -0.000000
v 9.750004 2.999995 4.250000
v 9.750004 -1.500005 4.250000
v 9.750004 2.999995 0.000000
v 9.750004 -2.000005 4.250000
v 9.749994 -10.500006 -0.000000
v 9.750004 -2.000005 -0.000000
v 9.749994 -10.500006 4.250000
v -10.249999 9.500000 1.000000
v -9.749999 4.500000 1.000000
v -10.249999 4.500000 1.000000
v -9.749999 9.500000 1.000000
v 9.750004 9.499995 1.000000
v 10.250004 4.499995 1.000000
v 9.750004 4.499995 1.000000
v 10.250004 9.499995 1.000000
v -9.749999 -1.500000 4.250000
v -9.749999 3.000000 0.000000
v -9.749999 -1.500000 -0.000000
v -9.749999 3.000000 4.250000
v -2.749997 -0.500002 2.750000
v -2.249997 -0.500002 -0.000000
v -2.249997 -0.500002 2.750000
v -2.749997 -0.500002 -0.000000
v -2.750005 -7.000001 2.750000
v -2.250005 -7.000001 -0.000000
v -2.750005 -7.000001 -0.000000
v -2.250005 -7.000001 2.750000
v 9.750004 -2.000005 4.250000
v 2.750003 -2.000002 -0.000000
v 2.750003 -2.000002 4.250000
v 9.750004 -2.000005 -0.000000
v -9.750004 -10.499996 4.250000
v -2.750005 -10.500001 -0.000000
v -2.750005 -10.500001 4.250000
v -9.750004 -10.499996 -0.000000
v 3.750003 10.999998 3.750000
v 3.750003 10.499998 1.000000
v 3.750003 10.499998 3.750000
v 3.750003 10.999998 1.000000
v 9.750004 4.499995 3.750000
v 10.250004 4.499995 1.000000
v 10.250004 4.499995 3.750000
v 9.750004 4.499995 1.000000
v 3.750003 3.499998 3.750000
v 3.750003 2.999998 1.000000
v 3.750003 2.999998 3.750000
v 3.750003 3.499998 1.000000
v -10.249999 9.500000 3.750000
v -9.749999 9.500000 1.000000
v -10.249999 9.500000 1.000000
v -9.749999 9.500000 3.750000
v 2.749995 -10.500001 -0.000000
v 9.749994 -10.500006 4.250000
v 2.749995 -10.500001 4.250000
v 9.749994 -10.500006 -0.000000
v 8.750004 2.999995 1.000000
v 8.750004 3.499995 3.750000
v 8.750004 2.999995 3.750000
v 8.750004 3.499995 1.000000
v -1.249997 10.999998 0.000000
v -1.249997 10.499998 2.750000
v -1.249997 10.999998 2.750000
v -1.249997 10.499998 0.000000
v -10.249999 4.500000 3.750000
v -9.749999 4.500000 1.000000
v -9.749999 4.500000 3.750000
v -10.249999 4.500000 1.000000
v 8.750004 10.499995 1.000000
v 8.750004 10.999995 3.750000
v 8.750004 10.499995 3.750000
v 8.750004 10.999995 1.000000
v -8.749999 3.500000 3.750000
v -8.749999 3.000000 1.000000
v -8.749999 3.000000 3.750000
v -8.749999 3.500000 1.000000
v 2.750003 -3.000002 2.750000
v 2.250003 -3.000002 -0.000000
v 2.250003 -3.000002 2.750000
v 2.750003 -3.000002 -0.000000
v -1.249997 10.499998 2.750000
v 1.250003 10.999998 2.750000
v -1.249997 10.999998 2.750000
v 1.250003 10.499998 2.750000
v -2.249997 -0.500002 2.750000
v -2.749997 1.999998 2.750000
v -2.749997 -0.500002 2.750000
v -2.249997 1.999998 2.750000
v 2.750003 1.999998 2.750000
v 2.250003 -0.500002 2.750000
v 2.750003 -0.500002 2.750000
v 2.250003 1.999998 2.750000
v 2.750003 -3.000002 2.750000
v 2.250003 -5.500002 2.750000
v 2.750003 -5.500002 2.750000
v 2.250003 -3.000002 2.750000
v -2.750005 -9.500001 2.750000
v -2.250005 -7.000001 2.750000
v -2.750005 -7.000001 2.750000
v -2.250005 -9.500001 2.750000
v -3.749997 2.999998 3.750000
v -3.749997 3.499998 1.000000
v -3.749997 3.499998 3.750000
v -3.749997 2.999998 1.000000
v -9.750004 -10.499996 5.750000
v 9.749994 -10.500006 4.750000
v 9.749994 -10.500006 5.750000
v -9.750004 -10.499996 4.750000
v 9.750004 9.499995 3.750000
v 10.250004 9.499995 1.000000
v 9.750004 9.499995 1.000000
v 10.250004 9.499995 3.750000
v -9.749999 -2.000000 -0.000000
v -9.750004 -10.499996 4.250000
v -9.749999 -2.000000 4.250000
v -9.750004 -10.499996 -0.000000
v 8.750004 10.499995 3.750000
v 3.750003 10.499998 4.250000
v 8.750004 10.499995 4.250000
v 3.750003 10.499998 3.750000
v 2.249995 -10.500001 -0.000000
v -2.250005 -10.500001 4.250000
v -2.250005 -10.500001 -0.000000
v 2.249995 -10.500001 4.250000
v 3.750003 2.999998 3.750000
v 8.750004 3.499995 3.750000
v 3.750003 3.499998 3.750000
v 8.750004 2.999995 3.750000
v 10.250004 4.499995 3.750000
v 9.750004 9.499995 3.750000
v 9.750004 4.499995 3.750000
v 10.250004 9.499995 3.750000
v 3.750003 10.499998 3.750000
v 8.750004 10.999995 3.750000
v 3.750003 10.999998 3.750000
v 8.750004 10.499995 3.750000
v -8.749999 10.500000 3.750000
v -3.749997 10.999998 3.750000
v -8.749999 11.000000 3.750000
v -3.749997 10.499998 3.750000
v -9.749999 4.500000 3.750000
v -10.249999 9.500000 3.750000
v -10.249999 4.500000 3.750000
v -9.749999 9.500000 3.750000
v -8.749999 3.000000 3.750000
v -3.749997 3.499998 3.750000
v -8.749999 3.500000 3.750000
v -3.749997 2.999998 3.750000
v -9.749999 10.500000 4.750000
v -9.750004 -10.499996 4.750000
v -9.750004 -6.999996 5.750000
v -9.750004 -10.499996 5.750000
v 9.749994 -10.500006 5.750000
v 9.750004 10.499995 4.750000
v 9.750004 10.499995 5.750000
v 9.749994 -10.500006 4.750000
v -2.749997 -1.500002 4.250000
v -9.749999 -1.500000 -0.000000
v -2.749997 -1.500002 -0.000000
v -9.749999 -1.500000 4.250000
v 2.750003 10.499998 5.750000
v -9.749999 10.500000 4.750000
v -9.749999 10.500000 5.750000
v 9.750004 10.499995 4.750000
v 9.750004 10.499995 5.750000
v 9.750004 10.499995 4.750000
v -9.750004 -10.499996 4.750000
v -9.749999 10.500000 4.750000
v 9.749994 -10.500006 4.750000
v 9.749994 -10.500006 4.250000
v 2.750003 -2.000002 4.250000
v 2.749995 -10.500001 4.250000
v 9.750004 -2.000005 4.250000
v -9.749999 -2.000000 4.250000
v -2.750005 -10.500001 4.250000
v -2.749997 -2.000002 4.250000
v -9.750004 -10.499996 4.250000
v -2.749997 2.999998 4.250000
v -9.749999 -1.500000 4.250000
v -2.749997 -1.500002 4.250000
v -9.749999 3.000000 4.250000
v -8.849999 3.599998 1.100000
v -8.849999 2.899998 0.900000
v -8.849999 3.599998 0.900000
v -8.849999 2.899998 1.100000
v -3.649997 3.599998 1.100000
v -8.849999 3.599998 0.900000
v -3.649997 3.599998 0.900000
v -8.849999 3.599998 1.100000
v -3.649997 2.899998 1.100000
v -3.649997 3.599998 0.900000
v -3.649997 2.899998 0.900000
v -3.649997 3.599998 1.100000
v -8.849999 2.899998 1.100000
v -3.649997 2.899998 0.900000
v -8.849999 2.899998 0.900000
v -3.649997 2.899998 1.100000
v -8.849999 3.599998 0.900000
v -3.649997 2.899998 0.900000
v -3.649997 3.599998 0.900000
v -8.849999 2.899998 0.900000
v -3.649997 3.599998 1.100000
v -8.849999 2.899998 1.100000
v -8.849999 3.599998 1.100000
v -3.649997 2.899998 1.100000
v -2.849999 2.126248 2.850000
v -2.149996 -0.600002 2.850000
v -2.849997 -0.600003 2.850000
v -2.149999 2.126249 2.850000
v -9.650000 4.607264 3.650000
v -10.350000 4.607264 1.100000
v -9.650000 4.607264 1.100000
v -10.350000 4.607264 3.650000
v -9.649999 4.400000 0.900000
v -9.650000 4.607264 3.650000
v -9.650000 4.607264 1.100000
v -9.650000 4.607264 0.900000
v -9.650003 9.392738 1.100000
v -9.650003 9.600002 0.900000
v -9.650003 9.392738 3.650000
v -9.650003 9.600002 3.850000
v -9.650000 4.607264 3.850000
v -9.650000 4.607264 3.650000
v -10.350004 9.392737 3.650000
v -9.650003 9.392738 1.100000
v -10.350004 9.392737 1.100000
v -9.650003 9.392738 3.650000
v -10.350000 4.607264 3.650000
v -9.650003 9.392738 3.650000
v -10.350004 9.392737 3.650000
v -9.650000 4.607264 3.650000
v -9.650003 9.392738 1.100000
v -10.350000 4.607264 1.100000
v -10.350004 9.392737 1.100000
v -9.650000 4.607264 1.100000
v -8.642735 10.400000 3.650000
v -8.642735 11.100000 1.100000
v -8.642735 10.400000 1.100000
v -8.642735 11.100000 3.650000
v -3.857261 11.100000 3.650000
v -3.857261 10.400000 1.100000
v -3.857261 11.100000 1.100000
v -3.857261 10.400000 3.650000
v -8.642735 11.100000 3.650000
v -3.857261 10.400000 3.650000
v -3.857261 11.100000 3.650000
v -8.642735 10.400000 3.650000
v -1.363125 11.099998 2.850000
v 1.363125 10.399998 2.850000
v -1.363125 10.399998 2.850000
v 1.363125 11.099998 2.850000
v -3.857261 10.400000 1.100000
v -8.642735 11.100000 1.100000
v -3.857261 11.100000 1.100000
v -8.642735 10.400000 1.100000
v -3.857261 11.100000 0.900000
v -8.642735 11.100000 1.100000
v -8.642735 11.100000 0.900000
v -3.857261 11.100000 1.100000
v 2.149996 -0.600002 2.850000
v 2.849999 2.126248 2.850000
v 2.849997 -0.600003 2.850000
v 2.149999 2.126249 2.850000
v 10.350000 4.607264 1.100000
v 9.650000 4.607264 3.650000
v 9.650000 4.607264 1.100000
v 10.350000 4.607264 3.650000
v 2.149996 -5.626254 2.850000
v 2.849999 -2.900003 2.850000
v 2.849997 -5.626255 2.850000
v 2.149999 -2.900002 2.850000
v 9.650003 9.392738 1.100000
v 10.350004 9.392737 3.650000
v 10.350004 9.392737 1.100000
v 9.650003 9.392738 3.650000
v 9.650003 9.392738 3.650000
v 10.350000 4.607264 3.650000
v 10.350004 9.392737 3.650000
v 9.650000 4.607264 3.650000
v 3.649997 11.100000 0.900000
v 3.649997 10.400000 3.850000
v 3.649997 10.400000 0.900000
v 3.649997 11.100000 3.850000
v 10.350000 4.607264 1.100000
v 9.650003 9.392738 1.100000
v 10.350004 9.392737 1.100000
v 9.650000 4.607264 1.100000
v 8.642735 10.400000 1.100000
v 8.642735 10.400000 3.650000
v 8.849999 10.400000 3.850000
v 8.642735 10.400000 3.850000
v 8.642735 11.100000 1.100000
v 8.642735 10.400000 3.650000
v 8.642735 10.400000 1.100000
v 8.642735 11.100000 3.650000
v -8.849999 11.100000 3.850000
v -3.649997 10.400000 3.850000
v -8.849999 10.400000 3.850000
v -3.649997 11.100000 3.850000
v 8.642735 10.400000 3.850000
v 3.649997 11.100000 3.850000
v 8.849999 11.100000 3.850000
v 8.849999 10.400000 3.850000
v 3.857261 10.400000 1.100000
v 3.857261 11.100000 3.650000
v 3.857261 11.100000 1.100000
v 3.857261 10.400000 3.650000
v 3.857261 10.400000 3.650000
v 8.642735 11.100000 3.650000
v 3.857261 11.100000 3.650000
v 8.642735 10.400000 3.650000
v -8.849999 10.400000 3.850000
v -3.857261 10.400000 3.650000
v -8.642735 10.400000 3.650000
v -3.649997 10.400000 3.850000
v 1.363125 10.399998 -0.100000
v 1.363125 11.099998 2.850000
v 1.363125 11.099998 -0.100000
v 1.363125 10.399998 2.850000
v -3.649997 10.400000 1.100000
v -3.649997 11.100000 3.850000
v -3.649997 11.100000 0.900000
v -3.649997 10.400000 0.900000
v -8.849999 11.100000 0.900000
v -8.849999 10.400000 3.850000
v -8.849999 10.400000 0.900000
v -8.849999 11.100000 3.850000
v 8.642735 11.100000 1.100000
v 3.857261 10.400000 1.100000
v 3.857261 11.100000 1.100000
v 8.642735 10.400000 1.100000
v -10.349999 4.400000 0.900000
v -9.649999 4.400000 3.850000
v -9.649999 4.400000 0.900000
v -10.349999 4.400000 3.850000
v 10.350004 9.600001 0.900000
v 9.650003 9.600002 3.850000
v 9.650003 9.600002 0.900000
v 10.350004 9.600001 3.850000
v -1.155861 10.399998 2.650000
v -1.155861 11.099998 -0.100000
v -1.155861 10.399998 -0.100000
v -1.155861 11.099998 2.650000
v -9.650003 9.600002 0.900000
v -10.350004 9.600001 3.850000
v -10.350004 9.600001 0.900000
v -9.650003 9.600002 3.850000
v -1.363125 11.099998 -0.100000
v -1.363125 10.399998 2.850000
v -1.363125 10.399998 -0.100000
v -1.363125 11.099998 2.850000
v 1.155861 11.099998 2.650000
v 1.155861 10.399998 -0.100000
v 1.155861 11.099998 -0.100000
v 1.155861 10.399998 2.650000
v -1.155861 11.099998 2.650000
v 1.155861 10.399998 2.650000
v 1.155861 11.099998 2.650000
v -1.155861 10.399998 2.650000
v 1.155861 11.099998 -0.100000
v 1.363125 10.399998 -0.100000
v 1.363125 11.099998 -0.100000
v 1.155861 10.399998 -0.100000
v -1.363125 11.099998 -0.100000
v -1.155861 10.399998 -0.100000
v -1.155861 11.099998 -0.100000
v -1.363125 10.399998 -0.100000
v -2.149999 2.126249 -0.100000
v -2.849999 2.126248 2.850000
v -2.849999 2.126248 -0.100000
v -2.149999 2.126249 2.850000
v -2.849997 -0.600003 -0.100000
v -2.149996 -0.600002 2.850000
v -2.149996 -0.600002 -0.100000
v -2.849997 -0.600003 2.850000
v -2.149997 -9.392736 2.650000
v -2.849997 -9.392737 -0.100000
v -2.149997 -9.392736 -0.100000
v -2.849997 -9.392737 2.650000
v 8.849999 10.400000 0.900000
v 8.849999 10.400000 3.850000
v 8.849999 11.100000 3.650000
v 8.849999 11.100000 3.850000
v -2.149999 -6.873749 -0.100000
v -2.849999 -6.873750 2.850000
v -2.849999 -6.873750 -0.100000
v -2.149999 -6.873749 2.850000
v -2.849999 -7.081014 2.650000
v -2.149999 -7.081013 -0.100000
v -2.849999 -7.081014 -0.100000
v -2.149999 -7.081013 2.650000
v -2.149997 -9.392736 2.650000
v -2.849999 -7.081014 2.650000
v -2.849997 -9.392737 2.650000
v -2.149999 -7.081013 2.650000
v -2.149999 -7.081013 -0.100000
v -2.849999 -6.873750 -0.100000
v -2.849999 -7.081014 -0.100000
v -2.149999 -6.873749 -0.100000
v -2.849997 -9.600001 -0.100000
v -2.149997 -9.392736 -0.100000
v -2.849997 -9.392737 -0.100000
v -2.149996 -9.600000 -0.100000
v 2.849999 -2.900003 -0.100000
v 2.149999 -2.900002 2.850000
v 2.149999 -2.900002 -0.100000
v 2.849999 -2.900003 2.850000
v -2.149997 -0.392738 2.650000
v -2.849997 -0.392739 -0.100000
v -2.149997 -0.392738 -0.100000
v -2.849997 -0.392739 2.650000
v -2.849999 1.918984 2.650000
v -2.149999 1.918985 -0.100000
v -2.849999 1.918984 -0.100000
v -2.149999 1.918985 2.650000
v -2.149997 -0.392738 2.650000
v -2.849999 1.918984 2.650000
v -2.849997 -0.392739 2.650000
v -2.149999 1.918985 2.650000
v -2.149999 1.918985 -0.100000
v -2.849999 2.126248 -0.100000
v -2.849999 1.918984 -0.100000
v -2.149999 2.126249 -0.100000
v -2.849997 -0.600003 -0.100000
v -2.149997 -0.392738 -0.100000
v -2.849997 -0.392739 -0.100000
v -2.149996 -0.600002 -0.100000
v 2.149996 -5.626254 -0.100000
v 2.849997 -5.626255 2.850000
v 2.849997 -5.626255 -0.100000
v 2.149996 -5.626254 2.850000
v -2.849997 -9.600001 -0.100000
v -2.149996 -9.600000 2.850000
v -2.149996 -9.600000 -0.100000
v -2.849997 -9.600001 2.850000
v 2.849997 -5.418991 -0.100000
v 2.149997 -5.418990 2.650000
v 2.149997 -5.418990 -0.100000
v 2.849997 -5.418991 2.650000
v 9.649999 4.400000 0.900000
v 10.349999 4.400000 3.850000
v 10.349999 4.400000 0.900000
v 9.649999 4.400000 3.850000
v -2.849999 -6.873750 2.850000
v -2.149996 -9.600000 2.850000
v -2.849997 -9.600001 2.850000
v -2.149999 -6.873749 2.850000
v 2.149999 -3.107266 -0.100000
v 2.849999 -3.107267 2.650000
v 2.849999 -3.107267 -0.100000
v 2.149999 -3.107266 2.650000
v 2.149997 -5.418990 2.650000
v 2.849999 -3.107267 2.650000
v 2.149999 -3.107266 2.650000
v 2.849997 -5.418991 2.650000
v 2.149999 -3.107266 -0.100000
v 2.849999 -2.900003 -0.100000
v 2.149999 -2.900002 -0.100000
v 2.849999 -3.107267 -0.100000
v 2.149997 -5.418990 -0.100000
v 2.849997 -5.626255 -0.100000
v 2.849997 -5.418991 -0.100000
v 2.149996 -5.626254 -0.100000
v 2.849999 2.126248 -0.100000
v 2.149999 2.126249 2.850000
v 2.149999 2.126249 -0.100000
v 2.849999 2.126248 2.850000
v 2.149996 -0.600002 -0.100000
v 2.849997 -0.600003 2.850000
v 2.849997 -0.600003 -0.100000
v 2.149996 -0.600002 2.850000
v 2.849997 -0.392739 -0.100000
v 2.149997 -0.392738 2.650000
v 2.149997 -0.392738 -0.100000
v 2.849997 -0.392739 2.650000
v 2.149999 1.918985 -0.100000
v 2.849999 1.918984 2.650000
v 2.849999 1.918984 -0.100000
v 2.149999 1.918985 2.650000
v 2.149997 -0.392738 2.650000
v 2.849999 1.918984 2.650000
v 2.149999 1.918985 2.650000
v 2.849997 -0.392739 2.650000
v 2.149999 1.918985 -0.100000
v 2.849999 2.126248 -0.100000
v 2.149999 2.126249 -0.100000
v 2.849999 1.918984 -0.100000
v 2.149997 -0.392738 -0.100000
v 2.849997 -0.600003 -0.100000
v 2.849997 -0.392739 -0.100000
v 2.149996 -0.600002 -0.100000
v 8.849999 2.899998 0.900000
v 8.849999 3.599998 1.100000
v 8.849999 3.599998 0.900000
v 8.849999 2.899998 1.100000
v 8.849999 3.599998 0.900000
v 3.649997 3.599998 1.100000
v 3.649997 3.599998 0.900000
v 8.849999 3.599998 1.100000
v 3.649997 3.599998 0.900000
v 3.649997 2.899998 1.100000
v 3.649997 2.899998 0.900000
v 3.649997 3.599998 1.100000
v 3.649997 2.899998 0.900000
v 8.849999 2.899998 1.100000
v 8.849999 2.899998 0.900000
v 3.649997 2.899998 1.100000
v 3.649997 2.899998 0.900000
v 8.849999 3.599998 0.900000
v 3.649997 3.599998 0.900000
v 8.849999 2.899998 0.900000
v 8.849999 2.899998 1.100000
v 3.649997 3.599998 1.100000
v 8.849999 3.599998 1.100000
v 3.649997 2.899998 1.100000
v -0.637500 11.099998 4.540533
v -0.933749 11.099998 4.826783
v -0.932500 11.099998 4.726783
v -0.932500 11.099998 4.726783
v -0.751250 11.099998 4.540533
v -0.932500 11.099998 4.726783
v -1.237500 11.099998 4.540534
v -1.123750 11.099998 4.539283
v 2.376251 11.099998 4.861778
v 2.663751 10.899999 4.623028
v 2.663751 11.099998 4.623027
v 2.376251 10.899999 4.861778
v 2.791250 11.099998 4.623027
v 2.663751 10.899999 4.623028
v 2.791250 10.899999 4.623027
v 2.663751 11.099998 4.623027
v 2.791250 11.099998 4.254277
v 2.791250 10.899999 4.623027
v 2.791250 10.899999 4.254277
v 2.791250 11.099998 4.623027
v 2.913750 11.099998 4.254277
v 2.791250 10.899999 4.254277
v 2.913750 10.899999 4.254277
v 2.791250 11.099998 4.254277
v 2.913751 11.099998 5.106777
v 2.913750 10.899999 4.254277
v 2.913751 10.899999 5.106777
v 2.913750 11.099998 4.254277
v 2.647501 11.099998 5.106778
v 2.913751 10.899999 5.106777
v 2.647501 10.899999 5.106778
v 2.913751 11.099998 5.106777
v 2.376251 11.099998 4.861778
v 2.647501 10.899999 5.106778
v 2.376251 10.899999 4.861778
v 2.647501 11.099998 5.106778
v 2.502501 11.099998 4.866777
v 2.652501 10.899999 4.733027
v 2.502501 10.899999 4.866778
v 2.652501 11.099998 4.733027
v 2.502501 11.099998 4.866777
v 2.647501 10.899999 4.996778
v 2.647501 11.099998 4.996778
v 2.502501 10.899999 4.866778
v 2.791251 11.099998 4.996778
v 2.647501 10.899999 4.996778
v 2.791251 10.899999 4.996778
v 2.647501 11.099998 4.996778
v 2.791251 11.099998 4.733027
v 2.791251 10.899999 4.996778
v 2.791251 10.899999 4.733027
v 2.791251 11.099998 4.996778
v 2.652501 11.099998 4.733027
v 2.791251 10.899999 4.733027
v 2.652501 10.899999 4.733027
v 2.791251 11.099998 4.733027
v 2.163751 11.099998 4.686778
v 2.166251 10.899999 4.686778
v 2.163751 10.899999 4.686778
v 2.166251 11.099998 4.686778
v 2.001251 11.099998 4.826778
v 2.163751 10.899999 4.686778
v 2.001251 10.899999 4.826778
v 2.163751 11.099998 4.686778
v 1.867501 11.099998 4.761779
v 2.001251 10.899999 4.826778
v 1.867501 10.899999 4.761779
v 2.001251 11.099998 4.826778
v 1.926251 11.099998 4.665529
v 1.867501 10.899999 4.761779
v 1.926251 10.899999 4.665529
v 1.867501 11.099998 4.761779
v 2.030001 11.099998 4.720529
v 1.926251 10.899999 4.665529
v 2.030001 10.899999 4.720529
v 1.926251 11.099998 4.665529
v 2.030001 11.099998 4.720529
v 2.166250 10.899999 4.548028
v 2.166250 11.099998 4.548028
v 2.030001 10.899999 4.720529
v 2.166250 11.099998 4.548028
v 2.166250 10.899999 4.254278
v 2.166250 11.099998 4.254278
v 2.166250 10.899999 4.548028
v 2.277500 11.099998 4.254278
v 2.166250 10.899999 4.254278
v 2.277500 10.899999 4.254278
v 2.166250 11.099998 4.254278
v 2.277501 11.099998 4.815528
v 2.277500 10.899999 4.254278
v 2.277501 10.899999 4.815528
v 2.277500 11.099998 4.254278
v 2.166251 11.099998 4.815528
v 2.277501 10.899999 4.815528
v 2.166251 10.899999 4.815528
v 2.277501 11.099998 4.815528
v 2.166251 11.099998 4.686778
v 2.166251 10.899999 4.815528
v 2.166251 10.899999 4.686778
v 2.166251 11.099998 4.815528
v 1.547500 11.099998 4.300529
v 1.462500 10.899999 4.243030
v 1.547500 10.899999 4.300529
v 1.462500 11.099998 4.243029
v 1.698750 11.099998 4.243029
v 1.547500 10.899999 4.300529
v 1.698750 10.899999 4.243029
v 1.547500 11.099998 4.300529
v 1.698750 11.099998 4.243029
v 1.836250 10.899999 4.380529
v 1.836250 11.099998 4.380528
v 1.698750 10.899999 4.243029
v 1.645000 11.099998 4.558029
v 1.836250 10.899999 4.380529
v 1.645000 10.899999 4.558029
v 1.836250 11.099998 4.380528
v 1.546250 11.099998 4.593029
v 1.645000 10.899999 4.558029
v 1.546250 10.899999 4.593029
v 1.645000 11.099998 4.558029
v 1.546250 11.099998 4.623029
v 1.546250 10.899999 4.593029
v 1.546250 10.899999 4.623029
v 1.546250 11.099998 4.593029
v 1.647501 11.099998 4.721779
v 1.546250 10.899999 4.623029
v 1.647501 10.899999 4.721779
v 1.546250 11.099998 4.623029
v 1.825001 11.099998 4.629279
v 1.647501 10.899999 4.721779
v 1.825001 10.899999 4.629279
v 1.647501 11.099998 4.721779
v 1.825001 11.099998 4.750529
v 1.825001 10.899999 4.629279
v 1.825001 10.899999 4.750529
v 1.825001 11.099998 4.629279
v 1.825001 11.099998 4.750529
v 1.638751 10.899999 4.826779
v 1.638751 11.099998 4.826779
v 1.825001 10.899999 4.750529
v 1.638751 11.099998 4.826779
v 1.435000 10.899999 4.641779
v 1.435000 11.099998 4.641779
v 1.638751 10.899999 4.826779
v 1.435000 11.099998 4.353029
v 1.435000 10.899999 4.641779
v 1.435000 10.899999 4.353029
v 1.435000 11.099998 4.641779
v 1.413750 11.099998 4.324279
v 1.435000 10.899999 4.353029
v 1.413750 10.899999 4.324279
v 1.435000 11.099998 4.353029
v 1.355000 11.099998 4.354280
v 1.413750 10.899999 4.324279
v 1.355000 10.899999 4.354280
v 1.413750 11.099998 4.324279
v 1.355000 11.099998 4.286779
v 1.355000 10.899999 4.354280
v 1.355000 10.899999 4.286779
v 1.355000 11.099998 4.354280
v 1.355000 11.099998 4.286779
v 1.462500 10.899999 4.243030
v 1.462500 11.099998 4.243029
v 1.355000 10.899999 4.286779
v 1.723750 11.099998 4.400529
v 1.643750 10.899999 4.321779
v 1.643750 11.099998 4.321779
v 1.723750 10.899999 4.400529
v 1.546250 11.099998 4.368029
v 1.643750 10.899999 4.321779
v 1.546250 10.899999 4.368029
v 1.643750 11.099998 4.321779
v 1.546250 11.099998 4.531779
v 1.546250 10.899999 4.368029
v 1.546250 10.899999 4.531779
v 1.546250 11.099998 4.368029
v 1.723750 11.099998 4.400529
v 1.546250 10.899999 4.531779
v 1.723750 10.899999 4.400529
v 1.546250 11.099998 4.531779
v 1.170000 11.099998 4.534280
v 0.998751 10.899999 4.724280
v 1.170000 10.899999 4.534280
v 0.998751 11.099998 4.724280
v 0.980000 11.099998 4.348030
v 1.170000 10.899999 4.534280
v 0.980000 10.899999 4.348030
v 1.170000 11.099998 4.534280
v 0.980000 11.099998 4.348030
v 0.831250 10.899999 4.385530
v 0.831250 11.099998 4.385530
v 0.980000 10.899999 4.348030
v 0.831250 11.099998 4.275530
v 0.831250 10.899999 4.385530
v 0.831250 10.899998 4.275530
v 0.831250 11.099998 4.385530
v 0.998750 11.099998 4.243030
v 0.831250 10.899998 4.275530
v 0.998750 10.899998 4.243030
v 0.831250 11.099998 4.275530
v 0.998750 11.099998 4.243030
v 1.283750 10.899999 4.524280
v 1.283750 11.099998 4.524280
v 0.998750 10.899998 4.243030
v 1.006251 11.099998 4.826780
v 1.283750 10.899999 4.524280
v 1.006251 10.899999 4.826780
v 1.283750 11.099998 4.524280
v 0.843751 11.099998 4.788030
v 1.006251 10.899999 4.826780
v 0.843751 10.899999 4.788030
v 1.006251 11.099998 4.826780
v 0.843751 11.099998 4.788030
v 0.843751 10.899999 4.669281
v 0.843751 11.099998 4.669280
v 0.843751 10.899999 4.788030
v 0.843751 11.099998 4.669280
v 0.998751 10.899999 4.724280
v 0.998751 11.099998 4.724280
v 0.843751 10.899999 4.669281
v 0.401251 11.099998 4.715531
v 0.401251 10.899999 4.815531
v 0.401251 10.899999 4.715531
v 0.401251 11.099998 4.815531
v 0.578751 11.099998 4.715530
v 0.401251 10.899999 4.715531
v 0.578751 10.899999 4.715531
v 0.401251 11.099998 4.715531
v 0.578751 11.099998 4.715530
v 0.578750 10.899999 4.428030
v 0.578750 11.099998 4.428030
v 0.578751 10.899999 4.715531
v 0.498750 11.099998 4.343031
v 0.578750 10.899999 4.428030
v 0.498750 10.899998 4.343031
v 0.578750 11.099998 4.428030
v 0.498750 11.099998 4.343031
v 0.372500 10.899999 4.384281
v 0.372500 11.099998 4.384281
v 0.498750 10.899998 4.343031
v 0.372500 11.099998 4.280531
v 0.372500 10.899999 4.384281
v 0.372500 10.899998 4.280531
v 0.372500 11.099998 4.384281
v 0.372500 11.099998 4.280531
v 0.507500 10.899998 4.243031
v 0.507500 11.099998 4.243031
v 0.372500 10.899998 4.280531
v 0.690000 11.099998 4.419281
v 0.507500 10.899998 4.243031
v 0.690000 10.899999 4.419281
v 0.507500 11.099998 4.243031
v 0.690001 11.099998 4.715530
v 0.690000 10.899999 4.419281
v 0.690001 10.899999 4.715530
v 0.690000 11.099998 4.419281
v 0.787501 11.099998 4.715530
v 0.690001 10.899999 4.715530
v 0.787501 10.899999 4.715530
v 0.690001 11.099998 4.715530
v 0.787501 11.099998 4.728030
v 0.787501 10.899999 4.715530
v 0.787501 10.899999 4.728030
v 0.787501 11.099998 4.715530
v 0.578751 11.099998 4.931781
v 0.787501 10.899999 4.728030
v 0.578751 10.899999 4.931781
v 0.787501 11.099998 4.728030
v 0.578751 11.099998 4.815531
v 0.578751 10.899999 4.931781
v 0.578751 10.899999 4.815531
v 0.578751 11.099998 4.931781
v 0.401251 11.099998 4.815531
v 0.578751 10.899999 4.815531
v 0.401251 10.899999 4.815531
v 0.578751 11.099998 4.815531
v 0.290000 11.099998 4.254281
v 0.290001 10.899999 4.815531
v 0.290001 11.099998 4.815531
v 0.290000 10.899998 4.254281
v 0.178751 11.099998 4.815531
v 0.290001 10.899999 4.815531
v 0.178751 10.899999 4.815531
v 0.290001 11.099998 4.815531
v 0.178751 11.099998 4.815531
v 0.178750 10.899998 4.254282
v 0.178750 11.099998 4.254281
v 0.178751 10.899999 4.815531
v 0.290000 11.099998 4.254281
v 0.178750 10.899998 4.254282
v 0.290000 10.899998 4.254281
v 0.178750 11.099998 4.254281
v 0.233751 11.099998 5.051781
v 0.300001 10.899999 4.985531
v 0.233751 10.899999 5.051781
v 0.300001 11.099998 4.985531
v 0.167501 11.099998 4.985531
v 0.233751 10.899999 5.051781
v 0.167501 10.899999 4.985531
v 0.233751 11.099998 5.051781
v 0.233751 11.099998 4.919281
v 0.167501 10.899999 4.985531
v 0.233751 10.899999 4.919281
v 0.167501 11.099998 4.985531
v 0.300001 11.099998 4.985531
v 0.233751 10.899999 4.919281
v 0.300001 10.899999 4.985531
v 0.233751 11.099998 4.919281
v -0.288749 11.099998 4.815532
v -0.288750 10.899999 4.715532
v -0.288750 11.099998 4.715532
v -0.288749 10.899999 4.815532
v -0.111250 11.099998 4.715532
v -0.288750 10.899999 4.715532
v -0.111250 10.899999 4.715532
v -0.288750 11.099998 4.715532
v -0.111250 11.099998 4.715532
v -0.111250 10.899999 4.428032
v -0.111250 11.099998 4.428031
v -0.111250 10.899999 4.715532
v -0.191250 11.099998 4.343032
v -0.111250 10.899999 4.428032
v -0.191250 10.899998 4.343032
v -0.111250 11.099998 4.428031
v -0.317500 11.099998 4.384282
v -0.191250 10.899998 4.343032
v -0.317500 10.899998 4.384282
v -0.191250 11.099998 4.343032
v -0.317500 11.099998 4.280532
v -0.317500 10.899998 4.384282
v -0.317500 10.899998 4.280532
v -0.317500 11.099998 4.384282
v -0.317500 11.099998 4.280532
v -0.182500 10.899998 4.243032
v -0.182500 11.099998 4.243031
v -0.317500 10.899998 4.280532
v -0.182500 11.099998 4.243031
v 0.000000 10.899999 4.419281
v 0.000000 11.099998 4.419281
v -0.182500 10.899998 4.243032
v 0.000000 11.099998 4.715531
v 0.000000 10.899999 4.419281
v 0.000000 10.899999 4.715531
v 0.000000 11.099998 4.419281
v 0.097500 11.099998 4.715531
v 0.000000 10.899999 4.715531
v 0.097500 10.899999 4.715531
v 0.000000 11.099998 4.715531
v 0.097501 11.099998 4.728031
v 0.097500 10.899999 4.715531
v 0.097501 10.899999 4.728032
v 0.097500 11.099998 4.715531
v -0.111249 11.099998 4.931782
v 0.097501 10.899999 4.728032
v -0.111249 10.899999 4.931782
v 0.097501 11.099998 4.728031
v -0.111249 11.099998 4.815532
v -0.111249 10.899999 4.931782
v -0.111249 10.899999 4.815532
v -0.111249 11.099998 4.931782
v -0.288749 11.099998 4.815532
v -0.111249 10.899999 4.815532
v -0.288749 10.899999 4.815532
v -0.111249 11.099998 4.815532
v -0.400000 11.099998 4.254282
v -0.399999 10.899999 4.815532
v -0.399999 11.099998 4.815532
v -0.400000 10.899998 4.254282
v -0.511249 11.099998 4.815532
v -0.399999 10.899999 4.815532
v -0.511249 10.899999 4.815532
v -0.399999 11.099998 4.815532
v -0.511249 11.099998 4.815532
v -0.511250 10.899998 4.254282
v -0.511250 11.099998 4.254282
v -0.511249 10.899999 4.815532
v -0.400000 11.099998 4.254282
v -0.511250 10.899998 4.254282
v -0.400000 10.899998 4.254282
v -0.511250 11.099998 4.254282
v -0.456249 11.099998 5.051782
v -0.389999 10.899999 4.985532
v -0.456249 10.899999 5.051782
v -0.389999 11.099998 4.985532
v -0.522499 11.099998 4.985532
v -0.456249 10.899999 5.051782
v -0.522499 10.899999 4.985532
v -0.456249 11.099998 5.051782
v -0.522499 11.099998 4.985532
v -0.456249 10.899999 4.919282
v -0.456249 11.099998 4.919282
v -0.522499 10.899999 4.985532
v -0.456249 11.099998 4.919282
v -0.389999 10.899999 4.985532
v -0.389999 11.099998 4.985532
v -0.456249 10.899999 4.919282
v -0.933750 11.099998 4.243033
v -0.637500 10.899999 4.540533
v -0.637500 11.099998 4.540533
v -0.933750 10.899998 4.243033
v -0.933749 11.099998 4.826783
v -0.637500 10.899999 4.540533
v -0.933749 10.899999 4.826783
v -0.637500 11.099998 4.540533
v -1.237500 11.099998 4.540534
v -0.933749 10.899999 4.826783
v -1.237500 10.899998 4.540534
v -0.933749 11.099998 4.826783
v -0.933750 11.099998 4.243033
v -1.237500 10.899998 4.540534
v -0.933750 10.899998 4.243033
v -1.237500 11.099998 4.540534
v -1.123750 11.099998 4.539283
v -0.932500 10.899998 4.343033
v -1.123750 10.899998 4.539283
v -0.932500 11.099998 4.343033
v -1.123750 11.099998 4.539283
v -0.932500 10.899999 4.726783
v -0.932500 11.099998 4.726783
v -1.123750 10.899998 4.539283
v -0.751250 11.099998 4.540533
v -0.932500 10.899999 4.726783
v -0.751250 10.899999 4.540533
v -0.932500 11.099998 4.726783
v -0.932500 11.099998 4.343033
v -0.751250 10.899999 4.540533
v -0.932500 10.899998 4.343033
v -0.751250 11.099998 4.540533
v -1.640000 11.099998 4.826784
v -1.472500 10.899999 4.741784
v -1.640000 10.899999 4.826784
v -1.472500 11.099998 4.741784
v -1.831250 11.099998 4.600534
v -1.640000 10.899999 4.826784
v -1.831250 10.899998 4.600534
v -1.640000 11.099998 4.826784
v -1.831250 11.099998 4.254284
v -1.831250 10.899998 4.600534
v -1.831250 10.899998 4.254284
v -1.831250 11.099998 4.600534
v -1.720000 11.099998 4.254284
v -1.831250 10.899998 4.254284
v -1.720000 10.899998 4.254284
v -1.831250 11.099998 4.254284
v -1.720000 11.099998 4.601784
v -1.720000 10.899998 4.254284
v -1.720000 10.899998 4.601784
v -1.720000 11.099998 4.254284
v -1.720000 11.099998 4.601784
v -1.610000 10.899999 4.738034
v -1.610000 11.099998 4.738034
v -1.720000 10.899998 4.601784
v -1.470000 11.099998 4.656784
v -1.610000 10.899999 4.738034
v -1.470000 10.899999 4.656784
v -1.610000 11.099998 4.738034
v -1.470000 11.099998 4.254284
v -1.470000 10.899999 4.656784
v -1.470000 10.899998 4.254284
v -1.470000 11.099998 4.656784
v -1.358750 11.099998 4.254283
v -1.470000 10.899998 4.254284
v -1.358750 10.899998 4.254283
v -1.470000 11.099998 4.254284
v -1.358750 11.099998 4.254283
v -1.358750 10.899999 4.815534
v -1.358750 11.099998 4.815534
v -1.358750 10.899998 4.254283
v -1.469999 11.099998 4.815534
v -1.358750 10.899999 4.815534
v -1.469999 10.899999 4.815534
v -1.358750 11.099998 4.815534
v -1.470000 11.099998 4.741784
v -1.469999 10.899999 4.815534
v -1.470000 10.899999 4.741784
v -1.469999 11.099998 4.815534
v -1.472500 11.099998 4.741784
v -1.470000 10.899999 4.741784
v -1.472500 10.899999 4.741784
v -1.470000 11.099998 4.741784
v -1.958750 11.099998 4.541784
v -2.231250 10.899998 4.243035
v -1.958750 10.899998 4.541785
v -2.231250 11.099998 4.243035
v -1.958750 11.099998 4.541784
v -2.221249 10.899999 4.826785
v -2.221249 11.099998 4.826785
v -1.958750 10.899998 4.541785
v -2.465000 11.099998 4.518035
v -2.221249 10.899999 4.826785
v -2.465000 10.899998 4.518035
v -2.221249 11.099998 4.826785
v -2.070000 11.099998 4.518034
v -2.465000 10.899998 4.518035
v -2.070000 10.899998 4.518035
v -2.465000 11.099998 4.518035
v -2.258750 11.099998 4.349285
v -2.070000 10.899998 4.518035
v -2.258750 10.899998 4.349285
v -2.070000 11.099998 4.518034
v -2.455000 11.099998 4.416785
v -2.258750 10.899998 4.349285
v -2.455000 10.899998 4.416785
v -2.258750 11.099998 4.349285
v -2.455000 11.099998 4.309285
v -2.455000 10.899998 4.416785
v -2.455000 10.899998 4.309285
v -2.455000 11.099998 4.416785
v -2.231250 11.099998 4.243035
v -2.455000 10.899998 4.309285
v -2.231250 10.899998 4.243035
v -2.455000 11.099998 4.309285
v -2.223750 11.099998 4.730535
v -2.072500 10.899998 4.591785
v -2.072500 11.099998 4.591784
v -2.223750 10.899999 4.730535
v -2.355000 11.099998 4.591785
v -2.072500 10.899998 4.591785
v -2.355000 10.899998 4.591785
v -2.072500 11.099998 4.591784
v -2.355000 11.099998 4.591785
v -2.223750 10.899999 4.730535
v -2.223750 11.099998 4.730535
v -2.355000 10.899998 4.591785
v -2.706249 11.099998 4.686786
v -2.703749 10.899998 4.686786
v -2.706249 10.899998 4.686786
v -2.703749 11.099998 4.686786
v -2.706249 11.099998 4.686786
v -2.868749 10.899999 4.826786
v -2.868749 11.099998 4.826786
v -2.706249 10.899998 4.686786
v -3.002500 11.099998 4.761786
v -2.868749 10.899999 4.826786
v -3.002500 10.899998 4.761786
v -2.868749 11.099998 4.826786
v -2.943749 11.099998 4.665536
v -3.002500 10.899998 4.761786
v -2.943749 10.899998 4.665536
v -3.002500 11.099998 4.761786
v -2.839999 11.099998 4.720536
v -2.943749 10.899998 4.665536
v -2.839999 10.899998 4.720536
v -2.943749 11.099998 4.665536
v -2.703750 11.099998 4.548036
v -2.839999 10.899998 4.720536
v -2.703750 10.899998 4.548036
v -2.839999 11.099998 4.720536
v -2.703750 11.099998 4.254285
v -2.703750 10.899998 4.548036
v -2.703750 10.899998 4.254286
v -2.703750 11.099998 4.548036
v -2.592500 11.099998 4.254285
v -2.703750 10.899998 4.254286
v -2.592500 10.899998 4.254285
v -2.703750 11.099998 4.254285
v -2.592500 11.099998 4.254285
v -2.592499 10.899999 4.815536
v -2.592499 11.099998 4.815536
v -2.592500 10.899998 4.254285
v -2.703749 11.099998 4.815536
v -2.592499 10.899999 4.815536
v -2.703749 10.899999 4.815536
v -2.592499 11.099998 4.815536
v -2.703749 11.099998 4.686786
v -2.703749 10.899999 4.815536
v -2.703749 10.899998 4.686786
v -2.703749 11.099998 4.815536
v -10.249999 11.000000 0.000000
v -10.249996 11.000004 -5.000000
v -1.249997 10.999998 0.000000
v 10.250000 11.000000 -5.000000
v 1.250003 10.999998 0.000000
v 3.750003 10.999998 1.000000
v 8.750004 10.999995 1.000000
v 10.250004 10.999995 2.750000
v 2.250003 -5.500002 2.750000
v 2.249995 -10.500001 -0.000000
v 2.250003 -5.500002 -0.000000
v 2.249995 -10.500001 4.250000
v 2.749995 -10.500001 -0.000000
v 2.750003 -5.500002 -0.000000
v 9.749994 -10.500006 -0.000000
v 9.750004 -2.000005 -0.000000
v 2.750003 1.999998 0.000000
v 2.750003 1.999998 2.750000
v 2.750003 2.999998 0.000000
v 2.750003 2.999998 4.250000
v -2.749997 -0.500002 2.750000
v -2.749997 -1.500002 -0.000000
v -2.749997 -0.500002 -0.000000
v -2.749997 -1.500002 4.250000
v 10.250004 10.999995 4.250000
v 10.250004 9.499995 3.750000
v 10.250004 10.999995 5.750000
v 10.250004 10.999995 2.750000
v 10.250004 9.499995 1.000000
v 10.250000 11.000000 -5.000000
v 10.250004 9.499995 1.000000
v 10.250004 10.999995 2.750000
v 10.250004 4.499995 1.000000
v 10.250000 -11.000000 -5.000000
v 10.249994 -11.000006 5.750000
v 10.250004 4.499995 3.750000
v 10.250004 10.999995 5.750000
v 10.250004 9.499995 3.750000
v 10.249994 -11.000006 5.750000
v -10.249999 11.000000 0.000000
v -10.249999 9.500000 1.000000
v -10.249999 4.500000 1.000000
v -10.249999 11.000000 5.750000
v -10.249999 9.500000 3.750000
v -10.249999 -5.500000 5.750000
v -10.249999 4.500000 3.750000
v 8.750004 10.999995 5.750000
v 9.750004 10.499995 5.750000
v 2.750003 10.499998 5.750000
v 10.250004 10.999995 5.750000
v 9.749994 -10.500006 5.750000
v 9.750004 10.499995 5.750000
v 10.249994 -11.000006 5.750000
v -10.250004 -10.999996 5.750000
v 9.750004 9.499995 3.750000
v 9.750004 9.499995 4.250000
v 9.750004 4.499995 3.750000
v 9.750004 4.499995 4.250000
v 9.750004 9.499995 3.750000
v 9.750004 10.499995 4.250000
v 9.750004 9.499995 1.000000
v 9.750004 10.499995 0.000000
v 9.750004 3.499995 0.000000
v 9.750004 4.499995 1.000000
v 9.750004 3.499995 4.250000
v 9.750004 4.499995 3.750000
v -2.750005 -9.500001 -0.000000
v -2.750005 -9.500001 2.750000
v -2.750005 -10.500001 -0.000000
v -2.750005 -10.500001 4.250000
v 2.750003 -3.000002 -0.000000
v 2.750003 -3.000002 2.750000
v 2.750003 -2.000002 -0.000000
v 2.750003 -2.000002 4.250000
v 9.750004 3.499995 4.250000
v 8.750004 3.499995 3.750000
v 8.750004 3.499995 1.000000
v 3.750003 3.499998 3.750000
v -3.749997 3.499998 3.750000
v -3.749997 3.499998 4.250000
v -8.749999 3.500000 3.750000
v -8.749999 3.500000 4.250000
v -3.749997 3.499998 3.750000
v -2.249997 3.499998 4.250000
v -3.749997 3.499998 1.000000
v -2.249997 3.499998 0.000000
v -9.749999 3.500000 0.000000
v -8.749999 3.500000 1.000000
v -9.749999 3.500000 1.000000
v -9.749999 3.500000 3.750000
v -8.749999 3.500000 3.750000
v -9.749999 3.500000 4.250000
v -9.749999 3.000000 4.250000
v -8.749999 3.000000 1.000000
v -9.749999 3.000000 0.000000
v -8.749999 3.000000 0.000000
v -3.749997 2.999998 0.000000
v -3.749997 2.999998 1.000000
v -2.749997 2.999998 0.000000
v -2.749997 2.999998 4.250000
v -3.749997 2.999998 3.750000
v -9.749999 10.500000 4.250000
v -9.749999 4.500000 3.750000
v -9.749999 3.500000 4.250000
v -9.749999 9.500000 3.750000
v -2.249997 1.999998 0.000000
v -2.249997 1.999998 2.750000
v -2.249997 3.499998 0.000000
v -2.249997 3.499998 4.250000
v -2.149996 -9.600000 2.850000
v -2.149997 -9.392736 2.650000
v -2.149996 -9.600000 -0.100000
v -2.149997 -9.392736 -0.100000
v -10.350000 4.607264 3.850000
v -9.650000 4.607264 3.850000
v -10.349999 4.400000 3.850000
v -9.650003 9.600002 3.850000
v -9.650000 4.607264 3.850000
v -9.650000 4.607264 3.650000
v -9.649999 4.400000 3.850000
v -9.649999 4.400000 0.900000
v -10.350004 9.600001 0.900000
v -10.350004 9.392737 1.100000
v -10.350000 4.607264 0.900000
v -10.350000 4.607264 1.100000
v -2.149999 1.918985 -0.100000
v -2.149999 1.918985 2.650000
v -2.149999 2.126249 -0.100000
v -2.149999 2.126249 2.850000
v -2.149996 -0.600002 -0.100000
v -2.149997 -0.392738 2.650000
v -2.149997 -0.392738 -0.100000
v -2.149996 -0.600002 2.850000
v -2.149999 1.918985 2.650000
v -2.149999 2.126249 2.850000
v -3.857261 11.100000 0.900000
v -3.649997 11.100000 0.900000
v -3.857261 11.100000 1.100000
v -3.857261 11.100000 3.650000
v -3.649997 11.100000 3.850000
v 2.849997 -5.626255 -0.100000
v 2.849997 -5.418991 2.650000
v 2.849997 -5.418991 -0.100000
v 2.849997 -5.626255 2.850000
v 9.650003 9.600002 0.900000
v 9.650003 9.392738 1.100000
v 9.650000 4.607264 0.900000
v 9.650000 4.607264 1.100000
v 8.642735 10.400000 1.100000
v 8.849999 10.400000 0.900000
v 8.642735 10.400000 0.900000
v 8.849999 10.400000 3.850000
v -3.857261 10.400000 1.100000
v -3.857261 10.400000 3.650000
v -3.649997 10.400000 1.100000
v -3.649997 10.400000 3.850000
v 8.849999 10.400000 0.900000
v 8.849999 11.100000 0.900000
v 8.642735 10.400000 0.900000
v 3.857261 11.100000 0.900000
v 3.649997 10.400000 0.900000
v 3.649997 11.100000 0.900000
v 1.363125 11.099998 2.850000
v 1.155861 11.099998 2.650000
v 1.363125 11.099998 -0.100000
v 1.155861 11.099998 -0.100000
v 2.849997 -0.600003 -0.100000
v 2.849997 -0.392739 2.650000
v 2.849997 -0.392739 -0.100000
v 2.849997 -0.600003 2.850000
v 2.149997 -0.392738 -0.100000
v 2.149997 -0.392738 2.650000
v 2.149996 -0.600002 -0.100000
v 2.149996 -0.600002 2.850000
v 2.149999 2.126249 -0.100000
v 2.149999 1.918985 2.650000
v 2.149999 1.918985 -0.100000
v 2.149999 2.126249 2.850000
v 2.149997 -0.392738 2.650000
v 2.149996 -0.600002 2.850000
v 3.649997 10.400000 0.900000
v 3.857261 10.400000 1.100000
v 8.642735 10.400000 0.900000
v 8.642735 10.400000 1.100000
v 8.642735 11.100000 3.650000
v 8.642735 11.100000 1.100000
v 8.849999 11.100000 3.650000
v 8.849999 11.100000 0.900000
v 3.750003 3.499998 1.000000
v 2.250003 3.499998 0.000000
v 3.750003 3.499998 0.000000
v 2.250003 3.499998 4.250000
v 3.750003 3.499998 3.750000
v 9.750004 3.499995 4.250000
v 8.750004 3.499995 1.000000
v 9.750004 3.499995 0.000000
v 8.750004 3.499995 0.000000
v 8.750004 2.999995 1.000000
v 9.750004 2.999995 0.000000
v 3.750003 2.999998 0.000000
v 9.750004 2.999995 4.250000
v 8.750004 2.999995 3.750000
v 3.750003 2.999998 4.250000
v 3.750003 2.999998 1.000000
v 2.750003 2.999998 0.000000
v 2.750003 2.999998 4.250000
v 3.750003 2.999998 3.750000
vt 0.656679392 0.765667319
vt 0.663488269 0.765667319
vt 0.64292562 0.772050619
vt 0.149360955 0.770563483
vt 0.149360955 0.782053351
vt 0.108167708 0.761524796
vt 0.149360955 0.782053351
vt 0.149360955 0.769925117
vt 0.13574332 0.788002551
vt 0.108167708 0.761524796
vt 0.121989548 0.796939075
vt 0.902115583 0.758573294
vt 0.939053297 0.785370171
vt 0.939053297 0.785051048
vt 0.902115583 0.758573294
vt 0.939053297 0.784412682
vt 0.939053297 0.784731865
vt 0.13574332 0.761626959
vt 0.149360955 0.766765952
vt 0.149360955 0.766763449
vt 0.13574332 0.761626959
vt 0.149360955 0.769925117
vt 0.13574332 0.782053351
vt 0.149360955 0.782053351
vt 0.149360955 0.761626959
vt 0.149360955 0.766763449
vt 0.38776505 0.256018877
vt 0.350188971 0.227307022
vt 0.387126684 0.25633806
vt 0.385424495 0.258253038
vt 0.350188971 0.227307022
vt 0.38457346 0.25633806
vt 0.639279246 0.724872172
vt 0.608644962 0.694237888
vt 0.639279246 0.694237888
vt 0.639279246 0.724872172
vt 0.608644962 0.724872172
vt 0.608644962 0.724872172
vt 0.639279246 0.694237888
vt 0.639279246 0.724872172
vt 0.608644962 0.724872172
vt 0.608644962 0.694237888
vt 0.639279246 0.724872172
vt 0.639279246 0.694237888
vt 0.639279246 0.694237888
vt 0.608644962 0.724872172
vt 0.639279246 0.694237888
vt 0.639279246 0.724872172
vt 0.639279246 0.724872172
vt 0.639279246 0.694237888
vt 0.608644962 0.724872172
vt 0.639279246 0.694237888
vt 0.608644962 0.694237888
vt 0.608644962 0.724872172
vt 0.639279246 0.694237888
vt 0.639279246 0.724872172
vt 0.608644962 0.724872172
vt 0.608644962 0.724872172
vt 0.639279246 0.694237888
vt 0.608644962 0.694237888
vt 0.608644962 0.694237888
vt 0.639279246 0.724872172
vt 0.639279246 0.694237888
vt 0.608644962 0.724872172
vt 0.639279246 0.694237888
vt 0.608644962 0.724872172
vt 0.639279246 0.724872172
vt 0.608644962 0.724872172
vt 0.608644962 0.724872172
vt 0.639279246 0.694237888
vt 0.608644962 0.694237888
vt 0.639279246 0.724872172
vt 0.639279246 0.694237888
vt 0.639279246 0.724872172
vt 0.608644962 0.694237888
vt 0.608644962 0.724872172
vt 0.639279246 0.694237888
vt 0.608644962 0.694237888
vt 0.608644962 0.694237888
vt 0.639279246 0.694237888
vt 0.639279246 0.724872172
vt 0.608644962 0.694237888
vt 0.639279246 0.724872172
vt 0.639279246 0.694237888
vt 0.639279246 0.694237888
vt 0.608644962 0.724872172
vt 0.639279246 0.724872172
vt 0.608644962 0.694237888
vt 0.639279246 0.694237888
vt 0.639279246 0.724872172
vt 0.639279246 0.694237888
vt 0.639279246 0.724872172
vt 0.608644962 0.724872172
vt 0.608644962 0.694237888
vt 0.639279246 0.694237888
vt 0.639279246 0.724872172
vt 0.608644962 0.724872172
vt 0.639279246 0.694237888
vt 0.608644962 0.694237888
vt 0.608644962 0.694237888
vt 0.639279246 0.724872172
vt 0.639279246 0.694237888
vt 0.639279246 0.694237888
vt 0.608644962 0.694237888
vt 0.639279246 0.724872172
vt 0.608644962 0.724872172
vt 0.639279246 0.724872172
vt 0.608644962 0.694237888
vt 0.639279246 0.724872172
vt 0.639279246 0.694237888
vt 0.639279246 0.694237888
vt 0.608644962 0.724872172
vt 0.639279246 0.724872172
vt 0.608644962 0.694237888
vt 0.639279246 0.694237888
vt 0.639279246 0.724872172
vt 0.608644962 0.694237888
vt 0.608644962 0.724872172
vt 0.639279246 0.724872172
vt 0.639279246 0.724872172
vt 0.639279246 0.694237888
vt 0.608644962 0.694237888
vt 0.608644962 0.724872172
vt 0.639279246 0.724872172
vt 0.639279246 0.724872172
vt 0.639279246 0.694237888
vt 0.639279246 0.694237888
vt 0.608644962 0.724872172
vt 0.608644962 0.694237888
vt 0.608644962 0.694237888
vt 0.639279246 0.694237888
vt 0.639279246 0.724872172
vt 0.608644962 0.724872172
vt 0.639279246 0.724872172
vt 0.608644962 0.694237888
vt 0.629443049 0.738647759
vt 0.707025528 0.816230237
vt 0.707025528 0.738647759
vt 0.707025528 0.816230237
vt 0.707025528 0.738647759
vt 0.629443049 0.738647759
vt 0.707025528 0.738647759
vt 0.629443049 0.738647759
vt 0.707025528 0.816230237
vt 0.707025528 0.738647759
vt 0.707025528 0.816230237
vt 0.707025528 0.738647759
vt 0.707025528 0.816230237
vt 0.707025528 0.738647759
vt 0.707025528 0.816230237
vt 0.707025528 0.738647759
vt 0.629443049 0.738647759
vt 0.707025528 0.816230237
vt 0.707025528 0.738647759
vt 0.629443049 0.738647759
vt 0.707025528 0.816230237
vt 0.707025528 0.738647759
vt 0.629443049 0.738647759
vt 0.707025528 0.816230237
vt 0.707025528 0.738647759
vt 0.707025528 0.816230237
vt 0.707025528 0.738647759
vt 0.629443049 0.738647759
vt 0.707025528 0.738647759
vt 0.707025528 0.816230237
vt 0.707025528 0.816230237
vt 0.707025528 0.738647759
vt 0.629443049 0.738647759
vt 0.629443049 0.738647759
vt 0.707025528 0.816230237
vt 0.629443049 0.738647759
vt 0.707025528 0.816230237
vt 0.707025528 0.738647759
vt 0.629443049 0.738647759
vt 0.707025528 0.816230237
vt 0.707025528 0.738647759
vt 0.629443049 0.738647759
vt 0.707025528 0.816230237
vt 0.707025528 0.738647759
vt 0.629443049 0.738647759
vt 0.707025528 0.816230237
vt 0.707025528 0.738647759
vt 0.629443049 0.738647759
vt 0.707025528 0.816230237
vt 0.707025528 0.738647759
vt 0.629443049 0.738647759
vt 0.707025528 0.738647759
vt 0.629443049 0.738647759
vt 0.707025528 0.816230237
vt 0.629443049 0.738647759
vt 0.707025528 0.738647759
vt 0.707025528 0.816230237
vt 0.707025528 0.738647759
vt 0.707025528 0.816230237
vt 0.707025528 0.738647759
vt 0.707025528 0.816230237
vt 0.707025528 0.738647759
vt 0.629443049 0.738647759
vt 0.707025528 0.816230237
vt 0.707025528 0.738647759
vt 0.629443049 0.738647759
vt 0.707025528 0.816230237
vt 0.707025528 0.738647759
vt 0.629443049 0.738647759
vt 0.707025528 0.816230237
vt 0.707025528 0.738647759
vt 0.629443049 0.738647759
vt 0.707025528 0.816230237
vt 0.707025528 0.738647759
vt 0.629443049 0.738647759
vt 0.707025528 0.816230237
vt 0.707025528 0.738647759
vt 0.707025528 0.816230237
vt 0.707025528 0.738647759
vt 0.629443049 0.738647759
vt 0.707025528 0.816230237
vt 0.707025528 0.738647759
vt 0.629443049 0.738647759
vt 0.707025528 0.816230237
vt 0.629443049 0.738647759
vt 0.707025528 0.816230237
vt 0.707025528 0.738647759
vt 0.629443049 0.738647759
vt 0.707025528 0.816230237
vt 0.707025528 0.738647759
vt 0.629443049 0.738647759
vt 0.707025528 0.816230237
vt 0.707025528 0.738647759
vt 0.629443049 0.738647759
vt 0.707025528 0.816230237
vt 0.707025528 0.738647759
vt 0.629443049 0.738647759
vt 0.707025528 0.816230237
vt 0.707025528 0.738647759
vt 0.707025528 0.816230237
vt 0.707025528 0.738647759
vt 0.707025528 0.816230237
vt 0.707025528 0.738647759
vt 0.629443049 0.738647759
vt 0.707025528 0.816230237
vt 0.707025528 0.738647759
vt 0.629443049 0.738647759
vt 0.707025528 0.816230237
vt 0.629443049 0.738647759
vt 0.707025528 0.816230237
vt 0.629443049 0.738647759
vt 0.707025528 0.738647759
vt 0.629443049 0.738647759
vt 0.707025528 0.816230237
vt 0.707025528 0.738647759
vt 0.629443049 0.738647759
vt 0.707025528 0.816230237
vt 0.707025528 0.738647759
vt 0.629443049 0.738647759
vt 0.707025528 0.816230237
vt 0.707025528 0.738647759
vt 0.629443049 0.738647759
vt 0.707025528 0.816230237
vt 0.707025528 0.738647759
vt 0.629443049 0.738647759
vt 0.707025528 0.816230237
vt 0.707025528 0.738647759
vt 0.629443049 0.738647759
vt 0.707025528 0.816230237
vt 0.707025528 0.738647759
vt 0.629443049 0.738647759
vt 0.707025528 0.816230237
vt 0.707025528 0.738647759
vt 0.629443049 0.738647759
vt 0.707025528 0.816230237
vt 0.707025528 0.738647759
vt 0.629443049 0.738647759
vt 0.707025528 0.816230237
vt 0.707025528 0.738647759
vt 0.629443049 0.738647759
vt 0.707025528 0.816230237
vt 0.707025528 0.738647759
vt 0.707025528 0.816230237
vt 0.707025528 0.738647759
vt 0.707025528 0.816230237
vt 0.707025528 0.738647759
vt 0.629443049 0.738647759
vt 0.707025528 0.816230237
vt 0.707025528 0.738647759
vt 0.629443049 0.738647759
vt 0.707025528 0.816230237
vt 0.629443049 0.738647759
vt 0.707025528 0.816230237
vt 0.629443049 0.738647759
vt 0.707025528 0.738647759
vt 0.629443049 0.738647759
vt 0.707025528 0.816230237
vt 0.707025528 0.738647759
vt 0.629443049 0.738647759
vt 0.707025528 0.816230237
vt 0.707025528 0.738647759
vt 0.629443049 0.738647759
vt 0.707025528 0.816230237
vt 0.707025528 0.738647759
vt 0.629443049 0.738647759
vt 0.707025528 0.816230237
vt 0.707025528 0.738647759
vt 0.629443049 0.738647759
vt 0.707025528 0.816230237
vt 0.707025528 0.738647759
vt 0.629443049 0.738647759
vt 0.707025528 0.816230237
vt 0.707025528 0.738647759
vt 0.707025528 0.816230237
vt 0.707025528 0.738647759
vt 0.629443049 0.738647759
vt 0.707025528 0.738647759
vt 0.707025528 0.816230237
vt 0.707025528 0.738647759
vt 0.707025528 0.816230237
vt 0.707025528 0.738647759
vt 0.629443049 0.738647759
vt 0.707025528 0.816230237
vt 0.707025528 0.738647759
vt 0.629443049 0.738647759
vt 0.707025528 0.816230237
vt 0.707025528 0.738647759
vt 0.629443049 0.738647759
vt 0.707025528 0.816230237
vt 0.707025528 0.738647759
vt 0.629443049 0.738647759
vt 0.707025528 0.816230237
vt 0.707025528 0.738647759
vt 0.629443049 0.738647759
vt 0.707025528 0.816230237
vt 0.629443049 0.738647759
vt 0.707025528 0.738647759
vt 0.629443049 0.738647759
vt 0.707025528 0.816230237
vt 0.707025528 0.816230237
vt 0.707025528 0.738647759
vt 0.629443049 0.738647759
vt 0.707025528 0.816230237
vt 0.629443049 0.738647759
vt 0.707025528 0.816230237
vt 0.629443049 0.738647759
vt 0.707025528 0.738647759
vt 0.629443049 0.738647759
vt 0.707025528 0.816230237
vt 0.629443049 0.738647759
vt 0.707025528 0.738647759
vt 0.707025528 0.816230237
vt 0.707025528 0.738647759
vt 0.707025528 0.816230237
vt 0.707025528 0.738647759
vt 0.629443049 0.738647759
vt 0.707025528 0.816230237
vt 0.707025528 0.738647759
vt 0.629443049 0.738647759
vt 0.707025528 0.816230237
vt 0.707025528 0.738647759
vt 0.707025528 0.816230237
vt 0.707025528 0.738647759
vt 0.707025528 0.816230237
vt 0.707025528 0.738647759
vt 0.629443049 0.738647759
vt 0.707025528 0.816230237
vt 0.629443049 0.738647759
vt 0.707025528 0.816230237
vt 0.629443049 0.738647759
vt 0.707025528 0.738647759
vt 0.629443049 0.738647759
vt 0.707025528 0.816230237
vt 0.707025528 0.738647759
vt 0.629443049 0.738647759
vt 0.707025528 0.816230237
vt 0.707025528 0.738647759
vt 0.707025528 0.816230237
vt 0.707025528 0.738647759
vt 0.629443049 0.738647759
vt 0.707025528 0.738647759
vt 0.629443049 0.738647759
vt 0.707025528 0.816230237
vt 0.707025528 0.738647759
vt 0.707025528 0.816230237
vt 0.707025528 0.738647759
vt 0.707025528 0.816230237
vt 0.707025528 0.738647759
vt 0.707025528 0.816230237
vt 0.707025528 0.738647759
vt 0.629443049 0.738647759
vt 0.707025528 0.816230237
vt 0.707025528 0.738647759
vt 0.629443049 0.738647759
vt 0.707025528 0.816230237
vt 0.707025528 0.738647759
vt 0.629443049 0.738647759
vt 0.707025528 0.816230237
vt 0.707025528 0.738647759
vt 0.707025528 0.816230237
vt 0.707025528 0.738647759
vt 0.707025528 0.816230237
vt 0.707025528 0.738647759
vt 0.629443049 0.738647759
vt 0.707025528 0.738647759
vt 0.629443049 0.738647759
vt 0.707025528 0.738647759
vt 0.707025528 0.816230237
vt 0.707025528 0.738647759
vt 0.707025528 0.816230237
vt 0.707025528 0.738647759
vt 0.629443049 0.738647759
vt 0.707025528 0.738647759
vt 0.629443049 0.738647759
vt 0.707025528 0.816230237
vt 0.629443049 0.738647759
vt 0.707025528 0.816230237
vt 0.629443049 0.738647759
vt 0.707025528 0.816230237
vt 0.707025528 0.738647759
vt 0.629443049 0.738647759
vt 0.707025528 0.816230237
vt 0.707025528 0.738647759
vt 0.108167708 0.761524796
vt 0.121989548 0.794385791
vt 0.121989548 0.794385791
vt 0.121989548 0.793747485
vt 0.121989548 0.794704914
vt 0.121989548 0.795981586
vt 0.121989548 0.796939075
vt 0.121989548 0.796939075
vt 0.121989548 0.796939075
vt 0.121989548 0.795981586
vt 0.121989548 0.802684009
vt 0.121989548 0.797258258
vt 0.121989548 0.797258258
vt 0.121989548 0.802684009
vt 0.121989548 0.797258258
vt 0.121989548 0.782257617
vt 0.121989548 0.782257617
vt 0.121989548 0.793747485
vt 0.121989548 0.782257617
vt 0.121989548 0.793747485
vt 0.121989548 0.795662463
vt 0.121989548 0.794385791
vt 0.108167708 0.761524796
vt 0.121989548 0.794385791
vt 0.121989548 0.795981586
vt 0.121989548 0.793747485
vt 0.108167708 0.761524796
vt 0.663488269 0.765667319
vt 0.663488269 0.765667319
vt 0.656679392 0.765667319
vt 0.145934999 0.782257617
vt 0.145936668 0.787364185
vt 0.145936668 0.782257617
vt 0.13574332 0.788002551
vt 0.142552197 0.787364185
vt 0.13574332 0.787683368
vt 0.939691663 0.786966026
vt 0.902115583 0.758573294
vt 0.939881206 0.786966026
vt 0.939904451 0.786966026
vt 0.939882874 0.786966026
vt 0.938202262 0.786966026
vt 0.939691663 0.786966026
vt 0.902115583 0.758573294
vt 0.938202262 0.786966026
vt 0.939478874 0.786966026
vt 0.939691663 0.786966026
vt 0.902115583 0.758573294
vt 0.939691663 0.786966026
vt 0.938202262 0.786966026
vt 0.902115583 0.758573294
vt 0.938202262 0.786966026
vt 0.149930894 0.284576237
vt 0.129368246 0.29127866
vt 0.115546405 0.256821871
vt 0.153335273 0.283937931
vt 0.153321922 0.283937931
vt 0.153335273 0.285214603
vt 0.153315365 0.283937931
vt 0.153313696 0.285214603
vt 0.153122485 0.283937931
vt 0.153312027 0.285214603
vt 0.153122485 0.285214603
vt 0.152909696 0.285214603
vt 0.152909696 0.285533726
vt 0.153122485 0.285533726
vt 0.152909696 0.283937931
vt 0.151633084 0.285214603
vt 0.153122485 0.283618748
vt 0.152484119 0.285852909
vt 0.152484119 0.285533726
vt 0.153228819 0.287767887
vt 0.153228819 0.285533726
vt 0.152484119 0.287767887
vt 0.151633084 0.283937931
vt 0.152909696 0.283618748
vt 0.152484119 0.283299625
vt 0.152484119 0.283618748
vt 0.152484119 0.282980442
vt 0.153228819 0.282661259
vt 0.152484119 0.282661259
vt 0.153228819 0.283618748
vt 0.149930894 0.284576237
vt 0.151633084 0.285852909
vt 0.149930894 0.284257114
vt 0.149930894 0.287767887
vt 0.151633084 0.286491215
vt 0.151633084 0.287767887
vt 0.149930894 0.284257114
vt 0.129368246 0.29127866
vt 0.149930894 0.284257114
vt 0.149930894 0.283299625
vt 0.151633084 0.282661259
vt 0.149930894 0.282980442
vt 0.149930894 0.282661259
vt 0.153335273 0.282661259
vt 0.153321922 0.283618748
vt 0.153335273 0.283618748
vt 0.15330869 0.282661259
vt 0.153315365 0.283618748
vt 0.153315365 0.283618748
vt 0.15330869 0.282661259
vt 0.15330869 0.283618748
vt 0.153321922 0.283618748
vt 0.153335273 0.282661259
vt 0.153315365 0.283937931
vt 0.153321922 0.283937931
vt 0.153335273 0.285214603
vt 0.153313696 0.285214603
vt 0.153312027 0.285214603
vt 0.153313696 0.285533726
vt 0.153312027 0.285533726
vt 0.15330869 0.287767887
vt 0.15330869 0.285533726
vt 0.936500072 0.785051048
vt 0.902115583 0.758573294
vt 0.936500072 0.786008537
vt 0.936500072 0.78632766
vt 0.936500072 0.787604332
vt 0.936500072 0.785051048
vt 0.936500072 0.785051048
vt 0.936500072 0.786008537
vt 0.936500072 0.785051048
vt 0.936500072 0.784731865
vt 0.936500072 0.784731865
vt 0.936500072 0.784412682
vt 0.936500072 0.784412682
vt 0.936500072 0.787604332
vt 0.936500072 0.784412682
vt 0.902115583 0.758573294
vt 0.936500072 0.784731865
vt 0.936500072 0.787604332
vt 0.936500072 0.78632766
vt 0.936500072 0.787604332
vt 0.936500072 0.78632766
vt 0.936500072 0.78951931
vt 0.936500072 0.788242638
vt 0.936500072 0.78951931
vt 0.936500072 0.788242638
vt 0.936500072 0.788242638
vt 0.939797997 0.787285149
vt 0.902115583 0.758573294
vt 0.939797997 0.787285149
vt 0.939797997 0.787285149
vt 0.902115583 0.758573294
vt 0.939691663 0.787285149
vt 0.939053297 0.787285149
vt 0.939478874 0.787285149
vt 0.939797997 0.787285149
vt 0.939053297 0.787604332
vt 0.939053297 0.788242638
vt 0.902115583 0.758573294
vt 0.939053297 0.785370171
vt 0.902115583 0.758573294
vt 0.939478874 0.785370171
vt 0.939053297 0.785370171
vt 0.939797997 0.785370171
vt 0.939691663 0.785370171
vt 0.939053297 0.785370171
vt 0.902115583 0.758573294
vt 0.939053297 0.785370171
vt 0.121989548 0.797258258
vt 0.108167708 0.761524796
vt 0.13574332 0.788002551
vt 0.13574332 0.790236652
vt 0.108167708 0.761524796
vt 0.142552197 0.790236652
vt 0.145956576 0.792470813
vt 0.149360955 0.782257617
vt 0.145956576 0.787364185
vt 0.149360955 0.782257617
vt 0.145936668 0.782257617
vt 0.145936668 0.787364185
vt 0.145934999 0.782257617
vt 0.142552197 0.787364185
vt 0.13574332 0.782257617
vt 0.13574332 0.787683368
vt 0.13574332 0.788002551
vt 0.142552197 0.790236652
vt 0.13574332 0.790236652
vt 0.939877868 0.785370171
vt 0.902115583 0.758573294
vt 0.939877868 0.785370171
vt 0.939877868 0.785370171
vt 0.902115583 0.758573294
vt 0.939884543 0.785370171
vt 0.939904451 0.785370171
vt 0.9398911 0.785370171
vt 0.939877868 0.785370171
vt 0.939904451 0.787285149
vt 0.902115583 0.758573294
vt 0.939904451 0.787285149
vt 0.939904451 0.787285149
vt 0.902115583 0.758573294
vt 0.939882874 0.787285149
vt 0.939877868 0.787285149
vt 0.939881206 0.787285149
vt 0.939904451 0.787285149
vt 0.938202262 0.784412682
vt 0.902115583 0.758573294
vt 0.938202262 0.784412682
vt 0.937776685 0.784412682
vt 0.938202262 0.784412682
vt 0.937776685 0.784412682
vt 0.938202262 0.784412682
vt 0.936500072 0.784412682
vt 0.937351108 0.784412682
vt 0.936500072 0.784412682
vt 0.937351108 0.784412682
vt 0.939904451 0.785689354
vt 0.902115583 0.758573294
vt 0.939904451 0.785689354
vt 0.939904451 0.785689354
vt 0.902115583 0.758573294
vt 0.9398911 0.785689354
vt 0.939904451 0.785689354
vt 0.939884543 0.785689354
vt 0.902115583 0.758573294
vt 0.939691663 0.785689354
vt 0.938202262 0.785689354
vt 0.939478874 0.785689354
vt 0.939884543 0.785689354
vt 0.939691663 0.785689354
vt 0.939884543 0.785689354
vt 0.108167708 0.761524796
vt 0.145943224 0.787364185
vt 0.143403232 0.787364185
vt 0.350188971 0.227307022
vt 0.387871385 0.256976366
vt 0.387552261 0.258253038
vt 0.387871385 0.256976366
vt 0.350188971 0.227307022
vt 0.38776505 0.256018877
vt 0.350188971 0.227307022
vt 0.385424495 0.258253038
vt 0.38457346 0.258253038
vt 0.386275649 0.253784776
vt 0.38457346 0.25314641
vt 0.386275649 0.25314641
vt 0.386275649 0.254423082
vt 0.386275649 0.253784776
vt 0.38457346 0.25633806
vt 0.386275649 0.255699754
vt 0.385424495 0.258253038
vt 0.386275649 0.258253038
vt 0.387977839 0.255699754
vt 0.387977839 0.254423082
vt 0.386275649 0.253784776
vt 0.38457346 0.25314641
vt 0.386275649 0.253784776
vt 0.385424495 0.258253038
vt 0.350188971 0.227307022
vt 0.385424495 0.258253038
vt 0.608644962 0.694237888
vt 0.639279246 0.724872172
vt 0.639279246 0.694237888
vt 0.639279246 0.694237888
vt 0.608644962 0.724872172
vt 0.639279246 0.724872172
vt 0.608644962 0.694237888
vt 0.639279246 0.694237888
vt 0.639279246 0.694237888
vt 0.639279246 0.694237888
vt 0.608644962 0.724872172
vt 0.639279246 0.724872172
vt 0.639279246 0.724872172
vt 0.608644962 0.694237888
vt 0.608644962 0.724872172
vt 0.639279246 0.724872172
vt 0.639279246 0.694237888
vt 0.608644962 0.724872172
vt 0.608644962 0.724872172
vt 0.639279246 0.694237888
vt 0.608644962 0.694237888
vt 0.639279246 0.694237888
vt 0.608644962 0.724872172
vt 0.639279246 0.694237888
vt 0.639279246 0.724872172
vt 0.608644962 0.694237888
vt 0.639279246 0.694237888
vt 0.639279246 0.694237888
vt 0.608644962 0.724872172
vt 0.608644962 0.694237888
vt 0.608644962 0.694237888
vt 0.608644962 0.724872172
vt 0.639279246 0.694237888
vt 0.639279246 0.724872172
vt 0.639279246 0.694237888
vt 0.608644962 0.724872172
vt 0.639279246 0.694237888
vt 0.608644962 0.724872172
vt 0.639279246 0.694237888
vt 0.608644962 0.694237888
vt 0.639279246 0.694237888
vt 0.608644962 0.694237888
vt 0.639279246 0.724872172
vt 0.608644962 0.694237888
vt 0.608644962 0.724872172
vt 0.608644962 0.694237888
vt 0.639279246 0.694237888
vt 0.608644962 0.694237888
vt 0.639279246 0.724872172
vt 0.639279246 0.724872172
vt 0.608644962 0.694237888
vt 0.608644962 0.724872172
vt 0.608644962 0.694237888
vt 0.639279246 0.724872172
vt 0.639279246 0.694237888
vt 0.639279246 0.694237888
vt 0.608644962 0.724872172
vt 0.639279246 0.724872172
vt 0.608644962 0.724872172
vt 0.608644962 0.694237888
vt 0.608644962 0.694237888
vt 0.639279246 0.694237888
vt 0.608644962 0.724872172
vt 0.639279246 0.724872172
vt 0.639279246 0.694237888
vt 0.639279246 0.724872172
vt 0.608644962 0.724872172
vt 0.639279246 0.724872172
vt 0.608644962 0.694237888
vt 0.639279246 0.694237888
vt 0.639279246 0.724872172
vt 0.608644962 0.724872172
vt 0.639279246 0.694237888
vt 0.608644962 0.694237888
vt 0.639279246 0.724872172
vt 0.608644962 0.694237888
vt 0.608644962 0.724872172
vt 0.608644962 0.694237888
vt 0.639279246 0.694237888
vt 0.639279246 0.694237888
vt 0.639279246 0.694237888
vt 0.608644962 0.694237888
vt 0.639279246 0.724872172
vt 0.608644962 0.694237888
vt 0.608644962 0.724872172
vt 0.608644962 0.694237888
vt 0.639279246 0.694237888
vt 0.639279246 0.694237888
vt 0.608644962 0.694237888
vt 0.639279246 0.724872172
vt 0.639279246 0.694237888
vt 0.639279246 0.694237888
vt 0.608644962 0.724872172
vt 0.639279246 0.724872172
vt 0.608644962 0.694237888
vt 0.639279246 0.724872172
vt 0.639279246 0.694237888
vt 0.639279246 0.694237888
vt 0.608644962 0.724872172
vt 0.639279246 0.724872172
vt 0.639279246 0.694237888
vt 0.608644962 0.724872172
vt 0.608644962 0.694237888
vt 0.639279246 0.724872172
vt 0.608644962 0.694237888
vt 0.639279246 0.724872172
vt 0.639279246 0.694237888
vt 0.639279246 0.724872172
vt 0.608644962 0.694237888
vt 0.639279246 0.724872172
vt 0.608644962 0.694237888
vt 0.608644962 0.724872172
vt 0.608644962 0.694237888
vt 0.639279246 0.694237888
vt 0.639279246 0.694237888
vt 0.639279246 0.724872172
vt 0.639279246 0.724872172
vt 0.639279246 0.724872172
vt 0.608644962 0.694237888
vt 0.639279246 0.694237888
vt 0.639279246 0.724872172
vt 0.608644962 0.724872172
vt 0.639279246 0.694237888
vt 0.608644962 0.694237888
vt 0.639279246 0.724872172
vt 0.639279246 0.694237888
vt 0.639279246 0.694237888
vt 0.608644962 0.724872172
vt 0.639279246 0.724872172
vt 0.608644962 0.724872172
vt 0.608644962 0.694237888
vt 0.608644962 0.694237888
vt 0.639279246 0.724872172
vt 0.639279246 0.724872172
vt 0.608644962 0.724872172
vt 0.608644962 0.694237888
vt 0.608644962 0.694237888
vt 0.639279246 0.724872172
vt 0.639279246 0.724872172
vt 0.608644962 0.724872172
vt 0.639279246 0.694237888
vt 0.608644962 0.694237888
vt 0.608644962 0.694237888
vt 0.639279246 0.724872172
vt 0.639279246 0.694237888
vt 0.639279246 0.694237888
vt 0.608644962 0.694237888
vt 0.639279246 0.694237888
vt 0.639279246 0.694237888
vt 0.608644962 0.724872172
vt 0.608644962 0.724872172
vt 0.639279246 0.694237888
vt 0.608644962 0.724872172
vt 0.639279246 0.724872172
vt 0.608644962 0.694237888
vt 0.608644962 0.724872172
vt 0.639279246 0.694237888
vt 0.639279246 0.694237888
vt 0.639279246 0.724872172
vt 0.608644962 0.724872172
vt 0.666871071 0.766305685
vt 0.666871071 0.766624808
vt 0.666871071 0.766624808
vt 0.666871071 0.766305685
vt 0.666679859 0.766305685
vt 0.666679859 0.766624808
vt 0.666679859 0.766624808
vt 0.666679859 0.766305685
vt 0.121989548 0.761626959
vt 0.135607183 0.782053351
vt 0.135607183 0.761626959
vt 0.121989548 0.782053351
vt 0.939797997 0.78951931
vt 0.939797997 0.787285149
vt 0.939797997 0.78951931
vt 0.939797997 0.787285149
vt 0.666467071 0.766624808
vt 0.666467071 0.766305685
vt 0.666467071 0.766305685
vt 0.666467071 0.766624808
vt 0.656679392 0.764071524
vt 0.663488269 0.764071524
vt 0.663488269 0.764071524
vt 0.656679392 0.764071524
vt 0.666879296 0.76470983
vt 0.666879296 0.765029013
vt 0.666879296 0.76470983
vt 0.666879296 0.765029013
vt 0.939851284 0.784412682
vt 0.939851284 0.785370171
vt 0.939851284 0.785370171
vt 0.939851284 0.784412682
vt 0.666467071 0.765029013
vt 0.666467071 0.76470983
vt 0.666467071 0.765029013
vt 0.666467071 0.76470983
vt 0.663488269 0.764390707
vt 0.656679392 0.764390707
vt 0.656679392 0.764390707
vt 0.663488269 0.764390707
vt 0.656679392 0.767582297
vt 0.663488269 0.766943991
vt 0.656679392 0.766943991
vt 0.663488269 0.767582297
vt 0.874745488 0.218607187
vt 0.875596523 0.217968881
vt 0.874745488 0.217968881
vt 0.875596523 0.218607187
vt 0.656679392 0.764390707
vt 0.663488269 0.764071524
vt 0.656679392 0.764071524
vt 0.663488269 0.764390707
vt 0.874745488 0.215415597
vt 0.875596523 0.215096414
vt 0.874745488 0.215096414
vt 0.875596523 0.215415597
vt 0.939797997 0.78951931
vt 0.939053297 0.78951931
vt 0.939797997 0.78951931
vt 0.939053297 0.78951931
vt 0.939877868 0.78951931
vt 0.939904451 0.78951931
vt 0.939877868 0.78951931
vt 0.939904451 0.78951931
vt 0.664339304 0.758645773
vt 0.664764881 0.763752341
vt 0.664764881 0.758645773
vt 0.664339304 0.763752341
vt 0.664339304 0.768858969
vt 0.664764881 0.779072165
vt 0.664764881 0.768858969
vt 0.664339304 0.779072165
vt 0.939797997 0.784412682
vt 0.939053297 0.784412682
vt 0.939797997 0.784412682
vt 0.939053297 0.784412682
vt 0.666679859 0.76470983
vt 0.666679859 0.765029013
vt 0.666679859 0.765029013
vt 0.666679859 0.76470983
vt 0.66687274 0.76470983
vt 0.66687274 0.765029013
vt 0.66687274 0.76470983
vt 0.66687274 0.765029013
vt 0.939851284 0.78951931
vt 0.939851284 0.787285149
vt 0.939851284 0.787285149
vt 0.939851284 0.78951931
vt 0.939904451 0.784412682
vt 0.939904451 0.785370171
vt 0.939904451 0.785370171
vt 0.939904451 0.784412682
vt 0.656679392 0.766943991
vt 0.663488269 0.766943991
vt 0.663488269 0.766943991
vt 0.656679392 0.766943991
vt 0.664764881 0.768858969
vt 0.664764881 0.779072165
vt 0.664764881 0.779072165
vt 0.664764881 0.768858969
vt 0.868842483 0.734477699
vt 0.869693518 0.734477699
vt 0.869693518 0.734477699
vt 0.868842483 0.734477699
vt 0.664339304 0.758645773
vt 0.664339304 0.763752341
vt 0.664339304 0.758645773
vt 0.664339304 0.763752341
vt 0.939904451 0.787285149
vt 0.939904451 0.78951931
vt 0.939904451 0.787285149
vt 0.939904451 0.78951931
vt 0.869693518 0.735116005
vt 0.868842483 0.735116005
vt 0.869693518 0.735116005
vt 0.868842483 0.735116005
vt 0.64292562 0.772369742
vt 0.663488269 0.765348196
vt 0.663488269 0.765348196
vt 0.64292562 0.772369742
vt 0.664764881 0.758645773
vt 0.664764881 0.763752341
vt 0.664764881 0.763752341
vt 0.664764881 0.758645773
vt 0.663488269 0.767582297
vt 0.656679392 0.767582297
vt 0.663488269 0.767582297
vt 0.656679392 0.767582297
vt 0.868842483 0.731605232
vt 0.869693518 0.731605232
vt 0.869693518 0.731605232
vt 0.868842483 0.731605232
vt 0.666869402 0.766624808
vt 0.666869402 0.766305685
vt 0.666869402 0.766305685
vt 0.666869402 0.766624808
vt 0.663488269 0.765348196
vt 0.656679392 0.765667319
vt 0.62910378 0.737912953
vt 0.62910378 0.737912953
vt 0.666679859 0.76470983
vt 0.666467071 0.765029013
vt 0.62910378 0.737912953
vt 0.62910378 0.737912953
vt 0.666467071 0.766624808
vt 0.666679859 0.766305685
vt 0.62910378 0.737912953
vt 0.62910378 0.737912953
vt 0.666869402 0.766624808
vt 0.666871071 0.766305685
vt 0.62910378 0.737912953
vt 0.62910378 0.737912953
vt 0.666879296 0.76470983
vt 0.66687274 0.765029013
vt 0.62910378 0.737912953
vt 0.62910378 0.737912953
vt 0.869693518 0.731924415
vt 0.868842483 0.731924415
vt 0.868842483 0.731924415
vt 0.869693518 0.731924415
vt 0.145956576 0.787683368
vt 0.108167708 0.761524796
vt 0.108167708 0.761524796
vt 0.108167708 0.761524796
vt 0.664339304 0.768858969
vt 0.664339304 0.779072165
vt 0.664339304 0.768858969
vt 0.664339304 0.779072165
vt 0.939877868 0.784412682
vt 0.939904451 0.784412682
vt 0.939877868 0.784412682
vt 0.939904451 0.784412682
vt 0.902115583 0.758573294
vt 0.902115583 0.758573294
vt 0.902115583 0.758573294
vt 0.902115583 0.758573294
vt 0.939904451 0.786966026
vt 0.939904451 0.785689354
vt 0.939904451 0.785689354
vt 0.939904451 0.786966026
vt 0.868842483 0.734477699
vt 0.869693518 0.735116005
vt 0.832755804 0.705446661
vt 0.832755804 0.705446661
vt 0.664764881 0.768858969
vt 0.664339304 0.779072165
vt 0.62910378 0.737912953
vt 0.62910378 0.737912953
vt 0.656679392 0.766943991
vt 0.663488269 0.767582297
vt 0.62910378 0.737912953
vt 0.62910378 0.737912953
vt 0.656679392 0.764071524
vt 0.663488269 0.764390707
vt 0.62910378 0.737912953
vt 0.62910378 0.737912953
vt 0.664764881 0.758645773
vt 0.664339304 0.763752341
vt 0.62910378 0.737912953
vt 0.62910378 0.737912953
vt 0.868842483 0.731605232
vt 0.869693518 0.731924415
vt 0.832755804 0.705446661
vt 0.832755804 0.705446661
vt 0.108167708 0.761524796
vt 0.108167708 0.761524796
vt 0.145943224 0.787364185
vt 0.108167708 0.761524796
vt 0.145943224 0.792470813
vt 0.108167708 0.761524796
vt 0.108167708 0.761524796
vt 0.108167708 0.761524796
vt 0.939797997 0.785370171
vt 0.939797997 0.784412682
vt 0.939797997 0.785370171
vt 0.939797997 0.784412682
vt 0.142552197 0.789917529
vt 0.108167708 0.761524796
vt 0.108167708 0.761524796
vt 0.108167708 0.761524796
vt 0.142552197 0.791194141
vt 0.395936906 0.675931871
vt 0.395936906 0.675931871
vt 0.395936906 0.675931871
vt 0.395936906 0.675931871
vt 0.387977839 0.258253038
vt 0.387951255 0.256018877
vt 0.387977839 0.256018877
vt 0.387924671 0.258253038
vt 0.387951255 0.25314641
vt 0.387977839 0.254103899
vt 0.387924671 0.254103899
vt 0.387977839 0.25314641
vt 0.387126684 0.254103899
vt 0.387871385 0.25314641
vt 0.387871385 0.254103899
vt 0.387126684 0.25314641
vt 0.851785719 0.245613068
vt 0.821151435 0.276247352
vt 0.851785719 0.276247352
vt 0.821151435 0.245613068
vt 0.851785719 0.245613068
vt 0.821151435 0.276247352
vt 0.851785719 0.276247352
vt 0.821151435 0.245613068
vt 0.851785719 0.245613068
vt 0.821151435 0.276247352
vt 0.851785719 0.276247352
vt 0.821151435 0.245613068
vt 0.851785719 0.245613068
vt 0.821151435 0.276247352
vt 0.851785719 0.276247352
vt 0.821151435 0.245613068
vt 0.851785719 0.245613068
vt 0.821151435 0.276247352
vt 0.851785719 0.276247352
vt 0.821151435 0.245613068
vt 0.851785719 0.245613068
vt 0.821151435 0.276247352
vt 0.851785719 0.276247352
vt 0.821151435 0.245613068
vt 0.639279246 0.694237888
vt 0.608644962 0.724872172
vt 0.639279246 0.724872172
vt 0.608644962 0.694237888
vt 0.639279246 0.694237888
vt 0.608644962 0.724872172
vt 0.639279246 0.724872172
vt 0.608644962 0.694237888
vt 0.639279246 0.724872172
vt 0.608644962 0.724872172
vt 0.608644962 0.724872172
vt 0.608644962 0.724872172
vt 0.639279246 0.694237888
vt 0.608644962 0.724872172
vt 0.639279246 0.694237888
vt 0.608644962 0.694237888
vt 0.639279246 0.694237888
vt 0.639279246 0.724872172
vt 0.639279246 0.694237888
vt 0.608644962 0.724872172
vt 0.639279246 0.724872172
vt 0.608644962 0.694237888
vt 0.639279246 0.694237888
vt 0.608644962 0.724872172
vt 0.639279246 0.724872172
vt 0.608644962 0.694237888
vt 0.639279246 0.694237888
vt 0.608644962 0.724872172
vt 0.639279246 0.724872172
vt 0.608644962 0.694237888
vt 0.639279246 0.694237888
vt 0.608644962 0.724872172
vt 0.639279246 0.724872172
vt 0.608644962 0.694237888
vt 0.639279246 0.694237888
vt 0.608644962 0.724872172
vt 0.639279246 0.724872172
vt 0.608644962 0.694237888
vt 0.639279246 0.694237888
vt 0.608644962 0.724872172
vt 0.639279246 0.724872172
vt 0.608644962 0.694237888
vt 0.639279246 0.724872172
vt 0.608644962 0.694237888
vt 0.608644962 0.724872172
vt 0.639279246 0.694237888
vt 0.639279246 0.694237888
vt 0.608644962 0.724872172
vt 0.639279246 0.724872172
vt 0.608644962 0.694237888
vt 0.639279246 0.694237888
vt 0.608644962 0.724872172
vt 0.639279246 0.724872172
vt 0.608644962 0.694237888
vt 0.639279246 0.694237888
vt 0.608644962 0.724872172
vt 0.639279246 0.724872172
vt 0.608644962 0.694237888
vt 0.639279246 0.694237888
vt 0.608644962 0.724872172
vt 0.639279246 0.724872172
vt 0.608644962 0.694237888
vt 0.639279246 0.694237888
vt 0.608644962 0.724872172
vt 0.639279246 0.724872172
vt 0.608644962 0.694237888
vt 0.639279246 0.694237888
vt 0.608644962 0.724872172
vt 0.639279246 0.724872172
vt 0.608644962 0.694237888
vt 0.639279246 0.694237888
vt 0.608644962 0.724872172
vt 0.639279246 0.724872172
vt 0.608644962 0.694237888
vt 0.639279246 0.694237888
vt 0.608644962 0.724872172
vt 0.639279246 0.724872172
vt 0.608644962 0.694237888
vt 0.639279246 0.694237888
vt 0.608644962 0.724872172
vt 0.639279246 0.724872172
vt 0.608644962 0.694237888
vt 0.608644962 0.694237888
vt 0.608644962 0.694237888
vt 0.608644962 0.724872172
vt 0.608644962 0.694237888
vt 0.639279246 0.694237888
vt 0.608644962 0.724872172
vt 0.639279246 0.724872172
vt 0.608644962 0.694237888
vt 0.639279246 0.724872172
vt 0.608644962 0.694237888
vt 0.608644962 0.724872172
vt 0.639279246 0.694237888
vt 0.608644962 0.694237888
vt 0.608644962 0.724872172
vt 0.639279246 0.724872172
vt 0.639279246 0.694237888
vt 0.639279246 0.694237888
vt 0.608644962 0.724872172
vt 0.639279246 0.724872172
vt 0.608644962 0.694237888
vt 0.639279246 0.694237888
vt 0.608644962 0.724872172
vt 0.639279246 0.724872172
vt 0.608644962 0.694237888
vt 0.639279246 0.694237888
vt 0.639279246 0.694237888
vt 0.639279246 0.724872172
vt 0.608644962 0.694237888
vt 0.639279246 0.724872172
vt 0.608644962 0.694237888
vt 0.608644962 0.724872172
vt 0.639279246 0.694237888
vt 0.639279246 0.694237888
vt 0.608644962 0.694237888
vt 0.608644962 0.724872172
vt 0.639279246 0.724872172
vt 0.639279246 0.724872172
vt 0.608644962 0.694237888
vt 0.608644962 0.724872172
vt 0.639279246 0.694237888
vt 0.639279246 0.694237888
vt 0.608644962 0.724872172
vt 0.639279246 0.724872172
vt 0.608644962 0.694237888
vt 0.639279246 0.724872172
vt 0.608644962 0.694237888
vt 0.608644962 0.724872172
vt 0.639279246 0.694237888
vt 0.639279246 0.694237888
vt 0.608644962 0.724872172
vt 0.639279246 0.724872172
vt 0.608644962 0.694237888
vt 0.639279246 0.694237888
vt 0.608644962 0.724872172
vt 0.639279246 0.724872172
vt 0.608644962 0.694237888
vt 0.639279246 0.724872172
vt 0.608644962 0.694237888
vt 0.608644962 0.724872172
vt 0.639279246 0.694237888
vt 0.639279246 0.724872172
vt 0.608644962 0.694237888
vt 0.608644962 0.724872172
vt 0.639279246 0.694237888
vt 0.639279246 0.694237888
vt 0.608644962 0.724872172
vt 0.639279246 0.724872172
vt 0.608644962 0.694237888
vt 0.639279246 0.694237888
vt 0.608644962 0.724872172
vt 0.639279246 0.724872172
vt 0.608644962 0.694237888
vt 0.639279246 0.694237888
vt 0.608644962 0.724872172
vt 0.639279246 0.724872172
vt 0.608644962 0.694237888
vt 0.639279246 0.694237888
vt 0.608644962 0.724872172
vt 0.639279246 0.724872172
vt 0.608644962 0.694237888
vt 0.639279246 0.724872172
vt 0.608644962 0.694237888
vt 0.608644962 0.724872172
vt 0.639279246 0.694237888
vt 0.639279246 0.724872172
vt 0.608644962 0.694237888
vt 0.608644962 0.724872172
vt 0.639279246 0.694237888
vt 0.639279246 0.694237888
vt 0.608644962 0.724872172
vt 0.639279246 0.724872172
vt 0.608644962 0.694237888
vt 0.639279246 0.694237888
vt 0.608644962 0.694237888
vt 0.639279246 0.724872172
vt 0.608644962 0.724872172
vt 0.639279246 0.724872172
vt 0.608644962 0.694237888
vt 0.608644962 0.724872172
vt 0.639279246 0.694237888
vt 0.639279246 0.694237888
vt 0.608644962 0.724872172
vt 0.639279246 0.724872172
vt 0.608644962 0.694237888
vt 0.608644962 0.694237888
vt 0.639279246 0.724872172
vt 0.639279246 0.694237888
vt 0.608644962 0.724872172
vt 0.608644962 0.694237888
vt 0.639279246 0.724872172
vt 0.639279246 0.694237888
vt 0.608644962 0.724872172
vt 0.639279246 0.694237888
vt 0.608644962 0.724872172
vt 0.639279246 0.724872172
vt 0.608644962 0.694237888
vt 0.639279246 0.694237888
vt 0.608644962 0.724872172
vt 0.639279246 0.724872172
vt 0.608644962 0.694237888
vt 0.639279246 0.694237888
vt 0.608644962 0.724872172
vt 0.639279246 0.724872172
vt 0.608644962 0.694237888
vt 0.639279246 0.694237888
vt 0.608644962 0.724872172
vt 0.639279246 0.724872172
vt 0.608644962 0.694237888
vt 0.608644962 0.694237888
vt 0.639279246 0.724872172
vt 0.639279246 0.694237888
vt 0.608644962 0.724872172
vt 0.608644962 0.694237888
vt 0.639279246 0.724872172
vt 0.639279246 0.694237888
vt 0.608644962 0.724872172
vt 0.639279246 0.694237888
vt 0.608644962 0.724872172
vt 0.639279246 0.724872172
vt 0.608644962 0.694237888
vt 0.639279246 0.694237888
vt 0.608644962 0.724872172
vt 0.639279246 0.724872172
vt 0.608644962 0.694237888
vt 0.639279246 0.724872172
vt 0.608644962 0.694237888
vt 0.608644962 0.724872172
vt 0.639279246 0.694237888
vt 0.639279246 0.694237888
vt 0.608644962 0.724872172
vt 0.639279246 0.724872172
vt 0.608644962 0.694237888
vt 0.639279246 0.694237888
vt 0.608644962 0.724872172
vt 0.639279246 0.724872172
vt 0.608644962 0.694237888
vt 0.639279246 0.694237888
vt 0.608644962 0.724872172
vt 0.639279246 0.724872172
vt 0.608644962 0.694237888
vt 0.639279246 0.694237888
vt 0.608644962 0.724872172
vt 0.639279246 0.724872172
vt 0.608644962 0.694237888
vt 0.608644962 0.694237888
vt 0.639279246 0.724872172
vt 0.639279246 0.694237888
vt 0.608644962 0.724872172
vt 0.608644962 0.694237888
vt 0.639279246 0.724872172
vt 0.639279246 0.694237888
vt 0.608644962 0.724872172
vt 0.639279246 0.694237888
vt 0.608644962 0.724872172
vt 0.639279246 0.724872172
vt 0.608644962 0.694237888
vt 0.639279246 0.694237888
vt 0.608644962 0.724872172
vt 0.639279246 0.724872172
vt 0.608644962 0.694237888
vt 0.639279246 0.694237888
vt 0.608644962 0.724872172
vt 0.639279246 0.724872172
vt 0.608644962 0.694237888
vt 0.639279246 0.694237888
vt 0.608644962 0.724872172
vt 0.639279246 0.724872172
vt 0.608644962 0.694237888
vt 0.639279246 0.694237888
vt 0.608644962 0.724872172
vt 0.639279246 0.724872172
vt 0.608644962 0.694237888
vt 0.608644962 0.694237888
vt 0.639279246 0.724872172
vt 0.639279246 0.694237888
vt 0.608644962 0.724872172
vt 0.608644962 0.694237888
vt 0.639279246 0.724872172
vt 0.639279246 0.694237888
vt 0.608644962 0.724872172
vt 0.639279246 0.694237888
vt 0.608644962 0.724872172
vt 0.639279246 0.724872172
vt 0.608644962 0.694237888
vt 0.851785719 0.245613068
vt 0.821151435 0.276247352
vt 0.851785719 0.276247352
vt 0.821151435 0.245613068
vt 0.851785719 0.245613068
vt 0.821151435 0.276247352
vt 0.851785719 0.276247352
vt 0.821151435 0.245613068
vt 0.851785719 0.245613068
vt 0.821151435 0.276247352
vt 0.851785719 0.276247352
vt 0.821151435 0.245613068
vt 0.851785719 0.245613068
vt 0.821151435 0.276247352
vt 0.851785719 0.276247352
vt 0.821151435 0.245613068
vt 0.851785719 0.245613068
vt 0.821151435 0.276247352
vt 0.851785719 0.276247352
vt 0.821151435 0.245613068
vt 0.851785719 0.245613068
vt 0.821151435 0.276247352
vt 0.851785719 0.276247352
vt 0.821151435 0.245613068
vt 0.629443049 0.738647759
vt 0.707025528 0.816230237
vt 0.707025528 0.738647759
vt 0.707025528 0.816230237
vt 0.707025528 0.738647759
vt 0.629443049 0.738647759
vt 0.707025528 0.738647759
vt 0.629443049 0.738647759
vt 0.629443049 0.738647759
vt 0.707025528 0.816230237
vt 0.707025528 0.738647759
vt 0.629443049 0.816230237
vt 0.707025528 0.738647759
vt 0.629443049 0.816230237
vt 0.707025528 0.816230237
vt 0.629443049 0.738647759
vt 0.707025528 0.738647759
vt 0.629443049 0.816230237
vt 0.707025528 0.816230237
vt 0.629443049 0.738647759
vt 0.707025528 0.738647759
vt 0.629443049 0.816230237
vt 0.707025528 0.816230237
vt 0.629443049 0.738647759
vt 0.707025528 0.738647759
vt 0.629443049 0.816230237
vt 0.707025528 0.816230237
vt 0.629443049 0.738647759
vt 0.707025528 0.738647759
vt 0.629443049 0.816230237
vt 0.707025528 0.816230237
vt 0.629443049 0.738647759
vt 0.707025528 0.738647759
vt 0.629443049 0.816230237
vt 0.707025528 0.816230237
vt 0.629443049 0.738647759
vt 0.707025528 0.738647759
vt 0.629443049 0.816230237
vt 0.707025528 0.816230237
vt 0.629443049 0.738647759
vt 0.629443049 0.738647759
vt 0.707025528 0.816230237
vt 0.707025528 0.738647759
vt 0.629443049 0.816230237
vt 0.707025528 0.738647759
vt 0.629443049 0.816230237
vt 0.707025528 0.816230237
vt 0.629443049 0.738647759
vt 0.707025528 0.738647759
vt 0.629443049 0.816230237
vt 0.707025528 0.816230237
vt 0.629443049 0.738647759
vt 0.707025528 0.738647759
vt 0.629443049 0.816230237
vt 0.707025528 0.816230237
vt 0.629443049 0.738647759
vt 0.707025528 0.738647759
vt 0.629443049 0.816230237
vt 0.707025528 0.816230237
vt 0.629443049 0.738647759
vt 0.707025528 0.738647759
vt 0.629443049 0.816230237
vt 0.707025528 0.816230237
vt 0.629443049 0.738647759
vt 0.707025528 0.738647759
vt 0.629443049 0.816230237
vt 0.707025528 0.816230237
vt 0.629443049 0.738647759
vt 0.707025528 0.738647759
vt 0.629443049 0.816230237
vt 0.707025528 0.816230237
vt 0.629443049 0.738647759
vt 0.707025528 0.738647759
vt 0.629443049 0.816230237
vt 0.707025528 0.816230237
vt 0.629443049 0.738647759
vt 0.629443049 0.738647759
vt 0.707025528 0.816230237
vt 0.707025528 0.738647759
vt 0.629443049 0.816230237
vt 0.629443049 0.738647759
vt 0.707025528 0.816230237
vt 0.707025528 0.738647759
vt 0.629443049 0.816230237
vt 0.707025528 0.738647759
vt 0.629443049 0.816230237
vt 0.707025528 0.816230237
vt 0.629443049 0.738647759
vt 0.707025528 0.738647759
vt 0.629443049 0.816230237
vt 0.707025528 0.816230237
vt 0.629443049 0.738647759
vt 0.707025528 0.738647759
vt 0.629443049 0.816230237
vt 0.707025528 0.816230237
vt 0.629443049 0.738647759
vt 0.707025528 0.738647759
vt 0.629443049 0.816230237
vt 0.707025528 0.816230237
vt 0.629443049 0.738647759
vt 0.707025528 0.738647759
vt 0.629443049 0.816230237
vt 0.707025528 0.816230237
vt 0.629443049 0.738647759
vt 0.707025528 0.738647759
vt 0.629443049 0.816230237
vt 0.707025528 0.816230237
vt 0.629443049 0.738647759
vt 0.629443049 0.738647759
vt 0.707025528 0.816230237
vt 0.707025528 0.738647759
vt 0.629443049 0.816230237
vt 0.707025528 0.738647759
vt 0.629443049 0.816230237
vt 0.707025528 0.816230237
vt 0.629443049 0.738647759
vt 0.707025528 0.738647759
vt 0.629443049 0.816230237
vt 0.707025528 0.816230237
vt 0.629443049 0.738647759
vt 0.707025528 0.738647759
vt 0.629443049 0.816230237
vt 0.707025528 0.816230237
vt 0.629443049 0.738647759
vt 0.707025528 0.738647759
vt 0.629443049 0.816230237
vt 0.707025528 0.816230237
vt 0.629443049 0.738647759
vt 0.707025528 0.738647759
vt 0.629443049 0.816230237
vt 0.707025528 0.816230237
vt 0.629443049 0.738647759
vt 0.707025528 0.738647759
vt 0.629443049 0.816230237
vt 0.707025528 0.816230237
vt 0.629443049 0.738647759
vt 0.629443049 0.738647759
vt 0.707025528 0.816230237
vt 0.707025528 0.738647759
vt 0.629443049 0.816230237
vt 0.629443049 0.738647759
vt 0.707025528 0.816230237
vt 0.707025528 0.738647759
vt 0.629443049 0.816230237
vt 0.707025528 0.738647759
vt 0.629443049 0.816230237
vt 0.707025528 0.816230237
vt 0.629443049 0.738647759
vt 0.707025528 0.738647759
vt 0.629443049 0.816230237
vt 0.707025528 0.816230237
vt 0.629443049 0.738647759
vt 0.707025528 0.738647759
vt 0.629443049 0.816230237
vt 0.707025528 0.816230237
vt 0.629443049 0.738647759
vt 0.707025528 0.738647759
vt 0.629443049 0.816230237
vt 0.707025528 0.816230237
vt 0.629443049 0.738647759
vt 0.629443049 0.738647759
vt 0.707025528 0.816230237
vt 0.707025528 0.738647759
vt 0.629443049 0.816230237
vt 0.629443049 0.738647759
vt 0.707025528 0.816230237
vt 0.707025528 0.738647759
vt 0.629443049 0.816230237
vt 0.707025528 0.738647759
vt 0.629443049 0.816230237
vt 0.707025528 0.816230237
vt 0.629443049 0.738647759
vt 0.707025528 0.738647759
vt 0.629443049 0.816230237
vt 0.707025528 0.816230237
vt 0.629443049 0.738647759
vt 0.707025528 0.738647759
vt 0.629443049 0.816230237
vt 0.707025528 0.816230237
vt 0.629443049 0.738647759
vt 0.707025528 0.738647759
vt 0.629443049 0.816230237
vt 0.707025528 0.816230237
vt 0.629443049 0.738647759
vt 0.707025528 0.738647759
vt 0.629443049 0.816230237
vt 0.707025528 0.816230237
vt 0.629443049 0.738647759
vt 0.629443049 0.738647759
vt 0.707025528 0.816230237
vt 0.707025528 0.738647759
vt 0.629443049 0.816230237
vt 0.707025528 0.738647759
vt 0.629443049 0.816230237
vt 0.707025528 0.816230237
vt 0.629443049 0.738647759
vt 0.707025528 0.738647759
vt 0.629443049 0.816230237
vt 0.707025528 0.816230237
vt 0.629443049 0.738647759
vt 0.629443049 0.738647759
vt 0.707025528 0.816230237
vt 0.707025528 0.738647759
vt 0.629443049 0.816230237
vt 0.707025528 0.738647759
vt 0.629443049 0.816230237
vt 0.707025528 0.816230237
vt 0.629443049 0.738647759
vt 0.707025528 0.738647759
vt 0.629443049 0.816230237
vt 0.707025528 0.816230237
vt 0.629443049 0.738647759
vt 0.629443049 0.738647759
vt 0.707025528 0.816230237
vt 0.707025528 0.738647759
vt 0.629443049 0.816230237
vt 0.629443049 0.738647759
vt 0.707025528 0.816230237
vt 0.707025528 0.738647759
vt 0.629443049 0.816230237
vt 0.707025528 0.738647759
vt 0.629443049 0.816230237
vt 0.707025528 0.816230237
vt 0.629443049 0.738647759
vt 0.707025528 0.738647759
vt 0.629443049 0.816230237
vt 0.707025528 0.816230237
vt 0.629443049 0.738647759
vt 0.629443049 0.738647759
vt 0.707025528 0.816230237
vt 0.707025528 0.738647759
vt 0.629443049 0.816230237
vt 0.707025528 0.738647759
vt 0.629443049 0.816230237
vt 0.707025528 0.816230237
vt 0.629443049 0.738647759
vt 0.629443049 0.738647759
vt 0.707025528 0.816230237
vt 0.707025528 0.738647759
vt 0.629443049 0.816230237
vt 0.707025528 0.738647759
vt 0.629443049 0.816230237
vt 0.707025528 0.816230237
vt 0.629443049 0.738647759
vt 0.629443049 0.738647759
vt 0.707025528 0.816230237
vt 0.707025528 0.738647759
vt 0.629443049 0.816230237
vt 0.707025528 0.738647759
vt 0.629443049 0.816230237
vt 0.707025528 0.816230237
vt 0.629443049 0.738647759
vt 0.707025528 0.738647759
vt 0.629443049 0.816230237
vt 0.707025528 0.816230237
vt 0.629443049 0.738647759
vt 0.707025528 0.738647759
vt 0.629443049 0.816230237
vt 0.707025528 0.816230237
vt 0.629443049 0.738647759
vt 0.707025528 0.738647759
vt 0.629443049 0.816230237
vt 0.707025528 0.816230237
vt 0.629443049 0.738647759
vt 0.707025528 0.738647759
vt 0.629443049 0.816230237
vt 0.707025528 0.816230237
vt 0.629443049 0.738647759
vt 0.707025528 0.738647759
vt 0.629443049 0.816230237
vt 0.707025528 0.816230237
vt 0.629443049 0.738647759
vt 0.707025528 0.738647759
vt 0.629443049 0.816230237
vt 0.707025528 0.816230237
vt 0.629443049 0.738647759
vt 0.629443049 0.738647759
vt 0.707025528 0.816230237
vt 0.707025528 0.738647759
vt 0.629443049 0.816230237
vt 0.707025528 0.738647759
vt 0.629443049 0.816230237
vt 0.707025528 0.816230237
vt 0.629443049 0.738647759
vt 0.629443049 0.738647759
vt 0.707025528 0.816230237
vt 0.707025528 0.738647759
vt 0.629443049 0.816230237
vt 0.707025528 0.738647759
vt 0.629443049 0.816230237
vt 0.707025528 0.816230237
vt 0.629443049 0.738647759
vt 0.707025528 0.738647759
vt 0.629443049 0.816230237
vt 0.707025528 0.816230237
vt 0.629443049 0.738647759
vt 0.707025528 0.738647759
vt 0.629443049 0.816230237
vt 0.707025528 0.816230237
vt 0.629443049 0.738647759
vt 0.707025528 0.738647759
vt 0.629443049 0.816230237
vt 0.707025528 0.816230237
vt 0.629443049 0.738647759
vt 0.707025528 0.738647759
vt 0.629443049 0.816230237
vt 0.707025528 0.816230237
vt 0.629443049 0.738647759
vt 0.629443049 0.738647759
vt 0.707025528 0.816230237
vt 0.707025528 0.738647759
vt 0.629443049 0.816230237
vt 0.707025528 0.738647759
vt 0.629443049 0.816230237
vt 0.707025528 0.816230237
vt 0.629443049 0.738647759
vt 0.629443049 0.738647759
vt 0.707025528 0.816230237
vt 0.707025528 0.738647759
vt 0.629443049 0.816230237
vt 0.707025528 0.738647759
vt 0.629443049 0.816230237
vt 0.707025528 0.816230237
vt 0.629443049 0.738647759
vt 0.707025528 0.738647759
vt 0.629443049 0.816230237
vt 0.707025528 0.816230237
vt 0.629443049 0.738647759
vt 0.707025528 0.738647759
vt 0.629443049 0.816230237
vt 0.707025528 0.816230237
vt 0.629443049 0.738647759
vt 0.629443049 0.738647759
vt 0.707025528 0.816230237
vt 0.707025528 0.738647759
vt 0.629443049 0.816230237
vt 0.629443049 0.738647759
vt 0.707025528 0.816230237
vt 0.707025528 0.738647759
vt 0.629443049 0.816230237
vt 0.707025528 0.738647759
vt 0.629443049 0.816230237
vt 0.707025528 0.816230237
vt 0.629443049 0.738647759
vt 0.707025528 0.738647759
vt 0.629443049 0.816230237
vt 0.707025528 0.816230237
vt 0.629443049 0.738647759
vt 0.707025528 0.738647759
vt 0.629443049 0.816230237
vt 0.707025528 0.816230237
vt 0.629443049 0.738647759
vt 0.707025528 0.738647759
vt 0.629443049 0.816230237
vt 0.707025528 0.816230237
vt 0.629443049 0.738647759
vt 0.707025528 0.738647759
vt 0.629443049 0.816230237
vt 0.707025528 0.816230237
vt 0.629443049 0.738647759
vt 0.707025528 0.738647759
vt 0.629443049 0.816230237
vt 0.707025528 0.816230237
vt 0.629443049 0.738647759
vt 0.629443049 0.738647759
vt 0.707025528 0.816230237
vt 0.707025528 0.738647759
vt 0.629443049 0.816230237
vt 0.707025528 0.738647759
vt 0.629443049 0.816230237
vt 0.707025528 0.816230237
vt 0.629443049 0.738647759
vt 0.629443049 0.738647759
vt 0.707025528 0.816230237
vt 0.707025528 0.738647759
vt 0.629443049 0.816230237
vt 0.707025528 0.738647759
vt 0.629443049 0.816230237
vt 0.707025528 0.816230237
vt 0.629443049 0.738647759
vt 0.707025528 0.738647759
vt 0.629443049 0.816230237
vt 0.707025528 0.816230237
vt 0.629443049 0.738647759
vt 0.707025528 0.738647759
vt 0.629443049 0.816230237
vt 0.707025528 0.816230237
vt 0.629443049 0.738647759
vt 0.629443049 0.738647759
vt 0.707025528 0.816230237
vt 0.707025528 0.738647759
vt 0.629443049 0.816230237
vt 0.629443049 0.738647759
vt 0.707025528 0.816230237
vt 0.707025528 0.738647759
vt 0.629443049 0.816230237
vt 0.629443049 0.738647759
vt 0.707025528 0.816230237
vt 0.707025528 0.738647759
vt 0.629443049 0.816230237
vt 0.707025528 0.738647759
vt 0.629443049 0.816230237
vt 0.707025528 0.816230237
vt 0.629443049 0.738647759
vt 0.707025528 0.738647759
vt 0.629443049 0.816230237
vt 0.707025528 0.816230237
vt 0.629443049 0.738647759
vt 0.707025528 0.738647759
vt 0.629443049 0.816230237
vt 0.707025528 0.816230237
vt 0.629443049 0.738647759
vt 0.707025528 0.738647759
vt 0.629443049 0.816230237
vt 0.707025528 0.816230237
vt 0.629443049 0.738647759
vt 0.629443049 0.738647759
vt 0.707025528 0.816230237
vt 0.707025528 0.738647759
vt 0.629443049 0.816230237
vt 0.707025528 0.738647759
vt 0.629443049 0.816230237
vt 0.707025528 0.816230237
vt 0.629443049 0.738647759
vt 0.707025528 0.738647759
vt 0.629443049 0.816230237
vt 0.707025528 0.816230237
vt 0.629443049 0.738647759
vt 0.707025528 0.738647759
vt 0.629443049 0.816230237
vt 0.707025528 0.816230237
vt 0.629443049 0.738647759
vt 0.707025528 0.738647759
vt 0.629443049 0.816230237
vt 0.707025528 0.816230237
vt 0.629443049 0.738647759
vt 0.707025528 0.738647759
vt 0.629443049 0.816230237
vt 0.707025528 0.816230237
vt 0.629443049 0.738647759
vt 0.707025528 0.738647759
vt 0.629443049 0.816230237
vt 0.707025528 0.816230237
vt 0.629443049 0.738647759
vt 0.707025528 0.738647759
vt 0.629443049 0.816230237
vt 0.707025528 0.816230237
vt 0.629443049 0.738647759
vt 0.629443049 0.738647759
vt 0.707025528 0.816230237
vt 0.707025528 0.738647759
vt 0.629443049 0.816230237
vt 0.707025528 0.738647759
vt 0.629443049 0.816230237
vt 0.707025528 0.816230237
vt 0.629443049 0.738647759
vt 0.707025528 0.738647759
vt 0.629443049 0.816230237
vt 0.707025528 0.816230237
vt 0.629443049 0.738647759
vt 0.707025528 0.738647759
vt 0.629443049 0.816230237
vt 0.707025528 0.816230237
vt 0.629443049 0.738647759
vt 0.629443049 0.738647759
vt 0.707025528 0.816230237
vt 0.707025528 0.738647759
vt 0.629443049 0.816230237
vt 0.707025528 0.738647759
vt 0.629443049 0.816230237
vt 0.707025528 0.816230237
vt 0.629443049 0.738647759
vt 0.707025528 0.738647759
vt 0.629443049 0.816230237
vt 0.707025528 0.816230237
vt 0.629443049 0.738647759
vt 0.707025528 0.738647759
vt 0.629443049 0.816230237
vt 0.707025528 0.816230237
vt 0.629443049 0.738647759
vt 0.707025528 0.738647759
vt 0.629443049 0.816230237
vt 0.707025528 0.816230237
vt 0.629443049 0.738647759
vt 0.629443049 0.738647759
vt 0.707025528 0.816230237
vt 0.707025528 0.738647759
vt 0.629443049 0.816230237
vt 0.707025528 0.738647759
vt 0.629443049 0.816230237
vt 0.707025528 0.816230237
vt 0.629443049 0.738647759
vt 0.707025528 0.738647759
vt 0.629443049 0.816230237
vt 0.707025528 0.816230237
vt 0.629443049 0.738647759
vt 0.707025528 0.738647759
vt 0.629443049 0.816230237
vt 0.707025528 0.816230237
vt 0.629443049 0.738647759
vt 0.707025528 0.738647759
vt 0.629443049 0.816230237
vt 0.707025528 0.816230237
vt 0.629443049 0.738647759
vt 0.707025528 0.738647759
vt 0.629443049 0.816230237
vt 0.707025528 0.816230237
vt 0.629443049 0.738647759
vt 0.707025528 0.738647759
vt 0.629443049 0.816230237
vt 0.707025528 0.816230237
vt 0.629443049 0.738647759
vt 0.629443049 0.738647759
vt 0.707025528 0.816230237
vt 0.707025528 0.738647759
vt 0.629443049 0.816230237
vt 0.707025528 0.738647759
vt 0.629443049 0.816230237
vt 0.707025528 0.816230237
vt 0.629443049 0.738647759
vt 0.629443049 0.738647759
vt 0.707025528 0.816230237
vt 0.707025528 0.738647759
vt 0.629443049 0.816230237
vt 0.707025528 0.738647759
vt 0.629443049 0.816230237
vt 0.707025528 0.816230237
vt 0.629443049 0.738647759
vt 0.629443049 0.738647759
vt 0.707025528 0.816230237
vt 0.707025528 0.738647759
vt 0.629443049 0.816230237
vt 0.707025528 0.738647759
vt 0.629443049 0.816230237
vt 0.707025528 0.816230237
vt 0.629443049 0.738647759
vt 0.707025528 0.738647759
vt 0.629443049 0.816230237
vt 0.707025528 0.816230237
vt 0.629443049 0.738647759
vt 0.707025528 0.738647759
vt 0.629443049 0.816230237
vt 0.707025528 0.816230237
vt 0.629443049 0.738647759
vt 0.707025528 0.738647759
vt 0.629443049 0.816230237
vt 0.707025528 0.816230237
vt 0.629443049 0.738647759
vt 0.707025528 0.738647759
vt 0.629443049 0.816230237
vt 0.707025528 0.816230237
vt 0.629443049 0.738647759
vt 0.707025528 0.738647759
vt 0.629443049 0.816230237
vt 0.707025528 0.816230237
vt 0.629443049 0.738647759
vt 0.629443049 0.738647759
vt 0.707025528 0.816230237
vt 0.707025528 0.738647759
vt 0.629443049 0.816230237
vt 0.707025528 0.738647759
vt 0.629443049 0.816230237
vt 0.707025528 0.816230237
vt 0.629443049 0.738647759
vt 0.707025528 0.738647759
vt 0.629443049 0.816230237
vt 0.707025528 0.816230237
vt 0.629443049 0.738647759
vt 0.121989548 0.802684009
vt 0.135607183 0.802684009
vt 0.121989548 0.795981586
vt 0.135607183 0.782257617
vt 0.121989548 0.795662463
vt 0.121989548 0.794385791
vt 0.121989548 0.793747485
vt 0.121989548 0.782257617
vt 0.939882874 0.786966026
vt 0.939904451 0.786966026
vt 0.939882874 0.786966026
vt 0.939904451 0.786966026
vt 0.153335273 0.285533726
vt 0.153313696 0.285533726
vt 0.153335273 0.287767887
vt 0.15330869 0.287767887
vt 0.939478874 0.787285149
vt 0.939478874 0.787285149
vt 0.939053297 0.787285149
vt 0.939053297 0.787285149
vt 0.939691663 0.785370171
vt 0.939797997 0.785370171
vt 0.939691663 0.785370171
vt 0.939797997 0.785370171
vt 0.108235776 0.761626959
vt 0.115895689 0.761626959
vt 0.108235776 0.761626959
vt 0.108235776 0.761626959
vt 0.115895689 0.761626959
vt 0.108235776 0.782053351
vt 0.115895689 0.761626959
vt 0.108235776 0.761626959
vt 0.116321266 0.761626959
vt 0.121853411 0.782053351
vt 0.121853411 0.761626959
vt 0.108167708 0.761524796
vt 0.108235776 0.761626959
vt 0.115895689 0.761626959
vt 0.121853411 0.761626959
vt 0.149360955 0.782053351
vt 0.149360955 0.770563483
vt 0.149360955 0.769925117
vt 0.149360955 0.782053351
vt 0.108167708 0.761524796
vt 0.149360955 0.766765952
vt 0.149360955 0.769925117
vt 0.108167708 0.761524796
vt 0.142552197 0.792470813
vt 0.142552197 0.790236652
vt 0.13574332 0.802684009
vt 0.145956576 0.792470813
vt 0.142552197 0.792470813
vt 0.149360955 0.802684009
vt 0.149360955 0.782257617
vt 0.902115583 0.758573294
vt 0.937351108 0.78951931
vt 0.902115583 0.758573294
vt 0.937351108 0.78951931
vt 0.937351108 0.78951931
vt 0.936500072 0.78951931
vt 0.937351108 0.78951931
vt 0.936500072 0.78951931
vt 0.938202262 0.78951931
vt 0.937776685 0.78951931
vt 0.938202262 0.78951931
vt 0.937776685 0.78951931
vt 0.9398911 0.785370171
vt 0.9398911 0.785370171
vt 0.939904451 0.785370171
vt 0.939904451 0.785370171
vt 0.939881206 0.787285149
vt 0.939881206 0.787285149
vt 0.939877868 0.787285149
vt 0.939877868 0.787285149
vt 0.938202262 0.78951931
vt 0.902115583 0.758573294
vt 0.938202262 0.788242638
vt 0.938202262 0.787604332
vt 0.902115583 0.758573294
vt 0.938202262 0.785051048
vt 0.902115583 0.758573294
vt 0.938202262 0.785051048
vt 0.938202262 0.785051048
vt 0.938202262 0.785689354
vt 0.938202262 0.785051048
vt 0.938202262 0.785689354
vt 0.938202262 0.784412682
vt 0.938202262 0.784731865
vt 0.938202262 0.784412682
vt 0.938202262 0.784412682
vt 0.938202262 0.784731865
vt 0.938202262 0.784412682
vt 0.939053297 0.784412682
vt 0.939053297 0.784731865
vt 0.939053297 0.784412682
vt 0.939053297 0.784731865
vt 0.939053297 0.785051048
vt 0.939053297 0.785051048
vt 0.939053297 0.785370171
vt 0.939053297 0.785370171
vt 0.939053297 0.785051048
vt 0.936500072 0.784412682
vt 0.902115583 0.758573294
vt 0.938202262 0.784412682
vt 0.937351108 0.784412682
vt 0.939478874 0.785689354
vt 0.939478874 0.785689354
vt 0.938202262 0.785689354
vt 0.938202262 0.785689354
vt 0.639279246 0.694237888
vt 0.639279246 0.724872172
vt 0.639279246 0.724872172
vt 0.608644962 0.724872172
vt 0.639279246 0.694237888
vt 0.608644962 0.724872172
vt 0.639279246 0.724872172
vt 0.608644962 0.694237888
vt 0.608644962 0.694237888
vt 0.608644962 0.724872172
vt 0.639279246 0.694237888
vt 0.639279246 0.724872172
vt 0.639279246 0.724872172
vt 0.608644962 0.724872172
vt 0.639279246 0.724872172
vt 0.608644962 0.724872172
vt 0.639279246 0.724872172
vt 0.639279246 0.694237888
vt 0.608644962 0.724872172
vt 0.608644962 0.694237888
vt 0.639279246 0.724872172
vt 0.639279246 0.724872172
vt 0.608644962 0.724872172
vt 0.639279246 0.694237888
vt 0.639279246 0.694237888
vt 0.608644962 0.694237888
vt 0.608644962 0.724872172
vt 0.639279246 0.724872172
vt 0.608644962 0.724872172
vt 0.639279246 0.724872172
vt 0.639279246 0.694237888
vt 0.639279246 0.694237888
vt 0.639279246 0.694237888
vt 0.639279246 0.724872172
vt 0.608644962 0.694237888
vt 0.639279246 0.694237888
vt 0.639279246 0.724872172
vt 0.639279246 0.694237888
vt 0.639279246 0.724872172
vt 0.608644962 0.694237888
vt 0.639279246 0.724872172
vt 0.639279246 0.694237888
vt 0.608644962 0.724872172
vt 0.639279246 0.724872172
vt 0.639279246 0.694237888
vt 0.608644962 0.724872172
vt 0.608644962 0.694237888
vt 0.608644962 0.694237888
vt 0.608644962 0.724872172
vt 0.608644962 0.694237888
vt 0.639279246 0.724872172
vt 0.639279246 0.694237888
vt 0.639279246 0.724872172
vt 0.639279246 0.694237888
vt 0.639279246 0.724872172
vt 0.639279246 0.724872172
vt 0.608644962 0.724872172
vt 0.639279246 0.694237888
vt 0.639279246 0.694237888
vt 0.639279246 0.724872172
vt 0.608644962 0.694237888
vt 0.639279246 0.694237888
vt 0.608644962 0.694237888
vt 0.639279246 0.724872172
vt 0.608644962 0.724872172
vt 0.639279246 0.694237888
vt 0.639279246 0.694237888
vt 0.639279246 0.724872172
vt 0.608644962 0.694237888
vt 0.608644962 0.694237888
vt 0.608644962 0.724872172
vt 0.639279246 0.694237888
vt 0.639279246 0.724872172
vt 0.639279246 0.694237888
vt 0.639279246 0.724872172
vt 0.608644962 0.724872172
vt 0.639279246 0.724872172
vt 0.608644962 0.694237888
vt 0.639279246 0.694237888
vt 0.938202262 0.787604332
vt 0.938202262 0.786966026
vt 0.938202262 0.787604332
vt 0.938202262 0.786966026
vt 0.938202262 0.787604332
vt 0.938202262 0.78951931
vt 0.938202262 0.788242638
vt 0.938202262 0.78951931
vt 0.938202262 0.788242638
vt 0.939053297 0.788242638
vt 0.939053297 0.78951931
vt 0.939053297 0.787604332
vt 0.939053297 0.78951931
vt 0.939053297 0.788242638
vt 0.939053297 0.787604332
vt 0.939053297 0.787604332
vt 0.939053297 0.787285149
vt 0.939053297 0.787285149
vt 0.939053297 0.787604332
vn -1.000000 0.000000 0.000000
vn -1.000000 0.000000 0.000000
vn -1.000000 0.000000 0.000000
vn -1.000000 0.000000 0.000000
vn -1.000000 0.000000 0.000000
vn -1.000000 0.000000 0.000000
vn -1.000000 0.000000 0.000000
vn -1.000000 0.000000 0.000000
vn 0.000000 1.000000 0.000000
vn 0.000000 1.000000 0.000000
vn 0.000000 1.000000 0.000000
vn 0.000000 -1.000000 -0.000000
vn 0.000000 -1.000000 -0.000000
vn 0.000000 -1.000000 -0.000000
vn 0.000000 -1.000000 -0.000000
vn 0.000000 -1.000000 -0.000000
vn 0.000000 -1.000000 -0.000000
vn -1.000000 0.000000 0.000000
vn -1.000000 0.000000 0.000000
vn -1.000000 0.000000 0.000000
vn -1.000000 0.000000 0.000000
vn -1.000000 0.000000 0.000000
vn -1.000000 0.000000 0.000000
vn -1.000000 0.000000 0.000000
vn -1.000000 0.000000 0.000000
vn -1.000000 0.000000 0.000000
vn 0.000000 0.000000 -1.000000
vn 0.000000 0.000000 -1.000000
vn 0.000000 0.000000 -1.000000
vn 0.000000 0.000000 -1.000000
vn 0.000000 0.000000 -1.000000
vn 0.000000 0.000000 -1.000000
vn 1.000000 0.000000 0.000000
vn 1.000000 0.000000 0.000000
vn 1.000000 0.000000 0.000000
vn 0.000000 -0.000000 1.000000
vn 0.000000 -0.000000 1.000000
vn 0.000000 -0.000000 1.000000
vn -1.000000 0.000000 0.000000
vn -1.000000 0.000000 0.000000
vn -1.000000 0.000000 0.000000
vn 0.000000 1.000000 0.000000
vn 0.000000 1.000000 0.000000
vn 0.000000 1.000000 0.000000
vn 0.000000 1.000000 0.000000
vn 0.000000 1.000000 0.000000
vn 0.000000 1.000000 0.000000
vn 0.000000 1.000000 0.000000
vn 0.000000 0.000000 -1.000000
vn 0.000000 0.000000 -1.000000
vn 0.000000 0.000000 -1.000000
vn 0.000000 0.000000 -1.000000
vn 0.000000 0.000000 -1.000000
vn 0.000000 0.000000 -1.000000
vn 0.000000 0.000000 -1.000000
vn 0.000000 0.000000 -1.000000
vn 0.000000 0.000000 -1.000000
vn 1.000000 0.000000 0.000000
vn 1.000000 0.000000 0.000000
vn 1.000000 0.000000 0.000000
vn 1.000000 0.000000 0.000000
vn 1.000000 0.000000 0.000000
vn 1.000000 0.000000 0.000000
vn 0.000000 -1.000000 -0.000000
vn 0.000000 -1.000000 -0.000000
vn 0.000000 -1.000000 -0.000000
vn 0.000000 -1.000000 -0.000000
vn 0.000000 -1.000000 -0.000000
vn -1.000000 0.000000 0.000000
vn -1.000000 0.000000 0.000000
vn -1.000000 0.000000 0.000000
vn -1.000000 0.000000 0.000000
vn -1.000000 0.000000 0.000000
vn -1.000000 0.000000 0.000000
vn -1.000000 0.000000 0.000000
vn -1.000000 0.000000 0.000000
vn -1.000000 0.000000 0.000000
vn -1.000000 0.000000 0.000000
vn -1.000000 0.000000 0.000000
vn -1.000000 0.000000 0.000000
vn -1.000000 0.000000 0.000000
vn -1.000000 0.000000 0.000000
vn -1.000000 0.000000 0.000000
vn -1.000000 0.000000 0.000000
vn -1.000000 0.000000 0.000000
vn -1.000000 0.000000 0.000000
vn -1.000000 0.000000 0.000000
vn 0.000000 -1.000000 -0.000000
vn 0.000000 -1.000000 -0.000000
vn 0.000000 -1.000000 -0.000000
vn 0.000000 -1.000000 -0.000000
vn 0.000000 -1.000000 -0.000000
vn 0.000000 -1.000000 -0.000000
vn 0.000000 1.000000 0.000000
vn 0.000000 1.000000 0.000000
vn 0.000000 1.000000 0.000000
vn 1.000000 0.000000 0.000000
vn 1.000000 0.000000 0.000000
vn 1.000000 0.000000 0.000000
vn 1.000000 0.000000 0.000000
vn 1.000000 0.000000 0.000000
vn 1.000000 0.000000 0.000000
vn 1.000000 0.000000 0.000000
vn 1.000000 0.000000 0.000000
vn 1.000000 0.000000 0.000000
vn 1.000000 0.000000 0.000000
vn 1.000000 0.000000 0.000000
vn -1.000000 0.000000 0.000000
vn -1.000000 0.000000 0.000000
vn -1.000000 0.000000 0.000000
vn -1.000000 0.000000 0.000000
vn -1.000000 0.000000 0.000000
vn -1.000000 0.000000 0.000000
vn 0.000000 -1.000000 -0.000000
vn 0.000000 -1.000000 -0.000000
vn 0.000000 -1.000000 -0.000000
vn 0.000000 0.000000 -1.000000
vn 0.000000 0.000000 -1.000000
vn 0.000000 0.000000 -1.000000
vn 0.000000 0.000000 -1.000000
vn 0.000000 0.000000 -1.000000
vn 0.000000 -0.000000 1.000000
vn 0.000000 -0.000000 1.000000
vn 0.000000 -0.000000 1.000000
vn 0.000000 -0.000000 1.000000
vn 0.000000 -0.000000 1.000000
vn -1.000000 0.000000 0.000000
vn -1.000000 0.000000 0.000000
vn -1.000000 0.000000 0.000000
vn -1.000000 0.000000 0.000000
vn -1.000000 0.000000 0.000000
vn -1.000000 0.000000 0.000000
vn 0.000000 1.000000 0.000000
vn 0.000000 1.000000 0.000000
vn 0.000000 1.000000 0.000000
vn 0.000000 1.000000 0.000000
vn 0.000000 1.000000 0.000000
vn 0.000000 1.000000 0.000000
vn 0.000000 1.000000 0.000000
vn 0.000000 1.000000 0.000000
vn 0.000000 1.000000 0.000000
vn 0.000000 1.000000 0.000000
vn 0.000000 1.000000 0.000000
vn 0.000000 1.000000 0.000000
vn 0.000000 1.000000 0.000000
vn 0.000000 1.000000 0.000000
vn 0.000000 1.000000 0.000000
vn 0.000000 1.000000 0.000000
vn 0.000000 1.000000 0.000000
vn 0.000000 1.000000 0.000000
vn 0.000000 1.000000 0.000000
vn 0.000000 1.000000 0.000000
vn 0.000000 1.000000 0.000000
vn 0.000000 1.000000 0.000000
vn 0.000000 1.000000 0.000000
vn 0.000000 1.000000 0.000000
vn 0.000000 1.000000 0.000000
vn 0.000000 1.000000 0.000000
vn 0.000000 1.000000 0.000000
vn 0.000000 1.000000 0.000000
vn 0.000000 1.000000 0.000000
vn 0.000000 1.000000 0.000000
vn 0.000000 1.000000 0.000000
vn 0.000000 1.000000 0.000000
vn 0.000000 1.000000 0.000000
vn 0.000000 1.000000 0.000000
vn 0.000000 1.000000 0.000000
vn 0.000000 1.000000 0.000000
vn 0.000000 1.000000 0.000000
vn 0.000000 1.000000 0.000000
vn 0.000000 1.000000 0.000000
vn 0.000000 1.000000 0.000000
vn 0.000000 1.000000 0.000000
vn 0.000000 1.000000 0.000000
vn 0.000000 1.000000 0.000000
vn 0.000000 1.000000 0.000000
vn 0.000000 1.000000 0.000000
vn 0.000000 1.000000 0.000000
vn 0.000000 1.000000 0.000000
vn 0.000000 1.000000 0.000000
vn 0.000000 1.000000 0.000000
vn 0.000000 1.000000 0.000000
vn 0.000000 1.000000 0.000000
vn 0.000000 1.000000 0.000000
vn 0.000000 1.000000 0.000000
vn 0.000000 1.000000 0.000000
vn 0.000000 1.000000 0.000000
vn 0.000000 1.000000 0.000000
vn 0.000000 1.000000 0.000000
vn 0.000000 1.000000 0.000000
vn 0.000000 1.000000 0.000000
vn 0.000000 1.000000 0.000000
vn 0.000000 1.000000 0.000000
vn 0.000000 1.000000 0.000000
vn 0.000000 1.000000 0.000000
vn 0.000000 1.000000 0.000000
vn 0.000000 1.000000 0.000000
vn 0.000000 1.000000 0.000000
vn 0.000000 1.000000 0.000000
vn 0.000000 1.000000 0.000000
vn 0.000000 1.000000 0.000000
vn 0.000000 1.000000 0.000000
vn 0.000000 1.000000 0.000000
vn 0.000000 1.000000 0.000000
vn 0.000000 1.000000 0.000000
vn 0.000000 1.000000 0.000000
vn 0.000000 1.000000 0.000000
vn 0.000000 1.000000 0.000000
vn 0.000000 1.000000 0.000000
vn 0.000000 1.000000 0.000000
vn 0.000000 1.000000 0.000000
vn 0.000000 1.000000 0.000000
vn 0.000000 1.000000 0.000000
vn 0.000000 1.000000 0.000000
vn 0.000000 1.000000 0.000000
vn 0.000000 1.000000 0.000000
vn 0.000000 1.000000 0.000000
vn 0.000000 1.000000 0.000000
vn 0.000000 1.000000 0.000000
vn 0.000000 1.000000 0.000000
vn 0.000000 1.000000 0.000000
vn 0.000000 1.000000 0.000000
vn 0.000000 1.000000 0.000000
vn 0.000000 1.000000 0.000000
vn 0.000000 1.000000 0.000000
vn 0.000000 1.000000 0.000000
vn 0.000000 1.000000 0.000000
vn 0.000000 1.000000 0.000000
vn 0.000000 1.000000 0.000000
vn 0.000000 1.000000 0.000000
vn 0.000000 1.000000 0.000000
vn 0.000000 1.000000 0.000000
vn 0.000000 1.000000 0.000000
vn 0.000000 1.000000 0.000000
vn 0.000000 1.000000 0.000000
vn 0.000000 1.000000 0.000000
vn 0.000000 1.000000 0.000000
vn 0.000000 1.000000 0.000000
vn 0.000000 1.000000 0.000000
vn 0.000000 1.000000 0.000000
vn 0.000000 1.000000 0.000000
vn 0.000000 1.000000 0.000000
vn 0.000000 1.000000 0.000000
vn 0.000000 1.000000 0.000000
vn 0.000000 1.000000 0.000000
vn 0.000000 1.000000 0.000000
vn 0.000000 1.000000 0.000000
vn 0.000000 1.000000 0.000000
vn 0.000000 1.000000 0.000000
vn 0.000000 1.000000 0.000000
vn 0.000000 1.000000 0.000000
vn 0.000000 1.000000 0.000000
vn 0.000000 1.000000 0.000000
vn 0.000000 1.000000 0.000000
vn 0.000000 1.000000 0.000000
vn 0.000000 1.000000 0.000000
vn 0.000000 1.000000 0.000000
vn 0.000000 1.000000 0.000000
vn 0.000000 1.000000 0.000000
vn 0.000000 1.000000 0.000000
vn 0.000000 1.000000 0.000000
vn 0.000000 1.000000 0.000000
vn 0.000000 1.000000 0.000000
vn 0.000000 1.000000 0.000000
vn 0.000000 1.000000 0.000000
vn 0.000000 1.000000 0.000000
vn 0.000000 1.000000 0.000000
vn 0.000000 1.000000 0.000000
vn 0.000000 1.000000 0.000000
vn 0.000000 1.000000 0.000000
vn 0.000000 1.000000 0.000000
vn 0.000000 1.000000 0.000000
vn 0.000000 1.000000 0.000000
vn 0.000000 1.000000 0.000000
vn 0.000000 1.000000 0.000000
vn 0.000000 1.000000 0.000000
vn 0.000000 1.000000 0.000000
vn 0.000000 1.000000 0.000000
vn 0.000000 1.000000 0.000000
vn 0.000000 1.000000 0.000000
vn 0.000000 1.000000 0.000000
vn 0.000000 1.000000 0.000000
vn 0.000000 1.000000 0.000000
vn 0.000000 1.000000 0.000000
vn 0.000000 1.000000 0.000000
vn 0.000000 1.000000 0.000000
vn 0.000000 1.000000 0.000000
vn 0.000000 1.000000 0.000000
vn 0.000000 1.000000 0.000000
vn 0.000000 1.000000 0.000000
vn 0.000000 1.000000 0.000000
vn 0.000000 1.000000 0.000000
vn 0.000000 1.000000 0.000000
vn 0.000000 1.000000 0.000000
vn 0.000000 1.000000 0.000000
vn 0.000000 1.000000 0.000000
vn 0.000000 1.000000 0.000000
vn 0.000000 1.000000 0.000000
vn 0.000000 1.000000 0.000000
vn 0.000000 1.000000 0.000000
vn 0.000000 1.000000 0.000000
vn 0.000000 1.000000 0.000000
vn 0.000000 1.000000 0.000000
vn 0.000000 1.000000 0.000000
vn 0.000000 1.000000 0.000000
vn 0.000000 1.000000 0.000000
vn 0.000000 1.000000 0.000000
vn 0.000000 1.000000 0.000000
vn 0.000000 1.000000 0.000000
vn 0.000000 1.000000 0.000000
vn 0.000000 1.000000 0.000000
vn 0.000000 1.000000 0.000000
vn 0.000000 1.000000 0.000000
vn 0.000000 1.000000 0.000000
vn 0.000000 1.000000 0.000000
vn 0.000000 1.000000 0.000000
vn 0.000000 1.000000 0.000000
vn 0.000000 1.000000 0.000000
vn 0.000000 1.000000 0.000000
vn 0.000000 1.000000 0.000000
vn 0.000000 1.000000 0.000000
vn 0.000000 1.000000 0.000000
vn 0.000000 1.000000 0.000000
vn 0.000000 1.000000 0.000000
vn 0.000000 1.000000 0.000000
vn 0.000000 1.000000 0.000000
vn 0.000000 1.000000 0.000000
vn 0.000000 1.000000 0.000000
vn 0.000000 1.000000 0.000000
vn 0.000000 1.000000 0.000000
vn 0.000000 1.000000 0.000000
vn 0.000000 1.000000 0.000000
vn 0.000000 1.000000 0.000000
vn 0.000000 1.000000 0.000000
vn 0.000000 1.000000 0.000000
vn 0.000000 1.000000 0.000000
vn 0.000000 1.000000 0.000000
vn 0.000000 1.000000 0.000000
vn 0.000000 1.000000 0.000000
vn 0.000000 1.000000 0.000000
vn 0.000000 1.000000 0.000000
vn 0.000000 1.000000 0.000000
vn 0.000000 1.000000 0.000000
vn 0.000000 1.000000 0.000000
vn 0.000000 1.000000 0.000000
vn 0.000000 1.000000 0.000000
vn 0.000000 1.000000 0.000000
vn 0.000000 1.000000 0.000000
vn 0.000000 1.000000 0.000000
vn 0.000000 1.000000 0.000000
vn 0.000000 1.000000 0.000000
vn 0.000000 1.000000 0.000000
vn 0.000000 1.000000 0.000000
vn 0.000000 1.000000 0.000000
vn 0.000000 1.000000 0.000000
vn 0.000000 1.000000 0.000000
vn 0.000000 1.000000 0.000000
vn 0.000000 1.000000 0.000000
vn 0.000000 1.000000 0.000000
vn 0.000000 1.000000 0.000000
vn 0.000000 1.000000 0.000000
vn 0.000000 1.000000 0.000000
vn 0.000000 1.000000 0.000000
vn 0.000000 1.000000 0.000000
vn 0.000000 1.000000 0.000000
vn 0.000000 1.000000 0.000000
vn 0.000000 1.000000 0.000000
vn 0.000000 1.000000 0.000000
vn 0.000000 1.000000 0.000000
vn 0.000000 1.000000 0.000000
vn 0.000000 1.000000 0.000000
vn 0.000000 1.000000 0.000000
vn 0.000000 1.000000 0.000000
vn 0.000000 1.000000 0.000000
vn 0.000000 1.000000 0.000000
vn 0.000000 1.000000 0.000000
vn 0.000000 1.000000 0.000000
vn 0.000000 1.000000 0.000000
vn 0.000000 1.000000 0.000000
vn 0.000000 1.000000 0.000000
vn 0.000000 1.000000 0.000000
vn 0.000000 1.000000 0.000000
vn 0.000000 1.000000 0.000000
vn 0.000000 1.000000 0.000000
vn 0.000000 1.000000 0.000000
vn 0.000000 1.000000 0.000000
vn 0.000000 1.000000 0.000000
vn 0.000000 1.000000 0.000000
vn 0.000000 1.000000 0.000000
vn 0.000000 1.000000 0.000000
vn 0.000000 1.000000 0.000000
vn 0.000000 1.000000 0.000000
vn 0.000000 1.000000 0.000000
vn 0.000000 1.000000 0.000000
vn 0.000000 1.000000 0.000000
vn 0.000000 1.000000 0.000000
vn 0.000000 1.000000 0.000000
vn 0.000000 1.000000 0.000000
vn 0.000000 1.000000 0.000000
vn 0.000000 1.000000 0.000000
vn 0.000000 1.000000 0.000000
vn 0.000000 1.000000 0.000000
vn 0.000000 1.000000 0.000000
vn 0.000000 1.000000 0.000000
vn 0.000000 1.000000 0.000000
vn 0.000000 1.000000 0.000000
vn 0.000000 1.000000 0.000000
vn 0.000000 1.000000 0.000000
vn 0.000000 1.000000 0.000000
vn 0.000000 1.000000 0.000000
vn 0.000000 1.000000 0.000000
vn 0.000000 1.000000 0.000000
vn 0.000000 1.000000 0.000000
vn 0.000000 1.000000 0.000000
vn 0.000000 1.000000 0.000000
vn 0.000000 1.000000 0.000000
vn 0.000000 1.000000 0.000000
vn 0.000000 1.000000 0.000000
vn 0.000000 1.000000 0.000000
vn 0.000000 1.000000 0.000000
vn 0.000000 1.000000 0.000000
vn 0.000000 1.000000 0.000000
vn 0.000000 1.000000 0.000000
vn 0.000000 1.000000 0.000000
vn 0.000000 1.000000 0.000000
vn 0.000000 1.000000 0.000000
vn 0.000000 1.000000 0.000000
vn 0.000000 1.000000 0.000000
vn 0.000000 1.000000 0.000000
vn 0.000000 1.000000 0.000000
vn 0.000000 1.000000 0.000000
vn 0.000000 1.000000 0.000000
vn 0.000000 1.000000 0.000000
vn 0.000000 1.000000 0.000000
vn 0.000000 1.000000 0.000000
vn 0.000000 1.000000 0.000000
vn 0.000000 1.000000 0.000000
vn 0.000000 1.000000 0.000000
vn 0.000000 1.000000 0.000000
vn 0.000000 1.000000 0.000000
vn 0.000000 1.000000 0.000000
vn 0.000000 1.000000 0.000000
vn 0.000000 1.000000 0.000000
vn 0.000000 1.000000 0.000000
vn 0.000000 1.000000 0.000000
vn -1.000000 0.000000 0.000000
vn -1.000000 0.000000 0.000000
vn -1.000000 0.000000 0.000000
vn 0.000000 -0.000000 1.000000
vn 0.000000 -0.000000 1.000000
vn 0.000000 -0.000000 1.000000
vn 0.000000 -0.000000 1.000000
vn 0.000000 -0.000000 1.000000
vn 0.000000 -0.000000 1.000000
vn -1.000000 0.000000 0.000000
vn -1.000000 0.000000 0.000000
vn -1.000000 0.000000 0.000000
vn -1.000000 0.000000 0.000000
vn -1.000000 0.000000 0.000000
vn -1.000000 0.000000 0.000000
vn -1.000000 0.000000 0.000000
vn -1.000000 0.000000 0.000000
vn -1.000000 0.000000 0.000000
vn -1.000000 0.000000 0.000000
vn -1.000000 0.000000 0.000000
vn -1.000000 0.000000 0.000000
vn -1.000000 0.000000 0.000000
vn -1.000000 0.000000 0.000000
vn -1.000000 0.000000 0.000000
vn -1.000000 0.000000 0.000000
vn 0.000000 -0.000000 1.000000
vn 0.000000 -0.000000 1.000000
vn 0.000000 -0.000000 1.000000
vn 0.000000 -0.000000 1.000000
vn 0.000000 -0.000000 1.000000
vn 0.000000 -0.000000 1.000000
vn 0.000000 -0.000000 1.000000
vn 0.000000 -0.000000 1.000000
vn 0.000000 -0.000000 1.000000
vn 0.000000 -0.000000 1.000000
vn 0.000000 -0.000000 1.000000
vn 0.000000 -0.000000 1.000000
vn 0.000000 -0.000000 1.000000
vn 0.000000 -0.000000 1.000000
vn 0.000000 -0.000000 1.000000
vn 0.000000 -0.000000 1.000000
vn 0.000000 -0.000000 1.000000
vn 0.000000 -0.000000 1.000000
vn 0.000000 -0.000000 1.000000
vn 0.000000 -0.000000 1.000000
vn 0.000000 -0.000000 1.000000
vn 0.000000 -0.000000 1.000000
vn 0.000000 -0.000000 1.000000
vn 0.000000 -0.000000 1.000000
vn 0.000000 -0.000000 1.000000
vn 0.000000 -0.000000 1.000000
vn 0.000000 -0.000000 1.000000
vn 0.000000 -0.000000 1.000000
vn 0.000000 -0.000000 1.000000
vn 0.000000 -0.000000 1.000000
vn 0.000000 -0.000000 1.000000
vn 0.000000 -0.000000 1.000000
vn 0.000000 -0.000000 1.000000
vn 0.000000 -0.000000 1.000000
vn 0.000000 -0.000000 1.000000
vn 0.000000 -0.000000 1.000000
vn 0.000000 -0.000000 1.000000
vn 0.000000 -0.000000 1.000000
vn 0.000000 -0.000000 1.000000
vn 0.000000 -0.000000 1.000000
vn 0.000000 -0.000000 1.000000
vn 0.000000 -0.000000 1.000000
vn 0.000000 -0.000000 1.000000
vn 0.000000 -0.000000 1.000000
vn 0.000000 -0.000000 1.000000
vn 0.000000 -0.000000 1.000000
vn 0.000000 -0.000000 1.000000
vn 0.000000 -0.000000 1.000000
vn 0.000000 -0.000000 1.000000
vn 0.000000 -0.000000 1.000000
vn 0.000000 -0.000000 1.000000
vn 0.000000 -0.000000 1.000000
vn 0.000000 -0.000000 1.000000
vn 0.000000 -0.000000 1.000000
vn 0.000000 -0.000000 1.000000
vn 0.000000 -0.000000 1.000000
vn 0.000000 -0.000000 1.000000
vn 0.000000 -0.000000 1.000000
vn 0.000000 -0.000000 1.000000
vn 0.000000 -0.000000 1.000000
vn 0.000000 -0.000000 1.000000
vn 0.000000 -0.000000 1.000000
vn 0.000000 -1.000000 -0.000000
vn 0.000000 -1.000000 -0.000000
vn 0.000000 -1.000000 -0.000000
vn 0.000000 -1.000000 -0.000000
vn 0.000000 -1.000000 -0.000000
vn 0.000000 -1.000000 -0.000000
vn 0.000000 -1.000000 -0.000000
vn 0.000000 -1.000000 -0.000000
vn 0.000000 -1.000000 -0.000000
vn 0.000000 -1.000000 -0.000000
vn 0.000000 -1.000000 -0.000000
vn 0.000000 -1.000000 -0.000000
vn 0.000000 -1.000000 -0.000000
vn 0.000000 -1.000000 -0.000000
vn 0.000000 -1.000000 -0.000000
vn 0.000000 -1.000000 -0.000000
vn 0.000000 -1.000000 -0.000000
vn 0.000000 -1.000000 -0.000000
vn 0.000000 -1.000000 -0.000000
vn 0.000000 -1.000000 -0.000000
vn 0.000000 -1.000000 -0.000000
vn 0.000000 -1.000000 -0.000000
vn 0.000000 -1.000000 -0.000000
vn 0.000000 -1.000000 -0.000000
vn 0.000000 -1.000000 -0.000000
vn 0.000000 -1.000000 -0.000000
vn 1.000000 0.000000 0.000000
vn 1.000000 0.000000 0.000000
vn 1.000000 0.000000 0.000000
vn 1.000000 0.000000 0.000000
vn 1.000000 0.000000 0.000000
vn 1.000000 0.000000 0.000000
vn 1.000000 0.000000 0.000000
vn 1.000000 0.000000 0.000000
vn 1.000000 0.000000 0.000000
vn 0.000000 -1.000000 -0.000000
vn 0.000000 -1.000000 -0.000000
vn 0.000000 -1.000000 -0.000000
vn -1.000000 0.000000 0.000000
vn -1.000000 0.000000 0.000000
vn -1.000000 0.000000 0.000000
vn -1.000000 0.000000 0.000000
vn -1.000000 0.000000 0.000000
vn -1.000000 0.000000 0.000000
vn -1.000000 0.000000 0.000000
vn -1.000000 0.000000 0.000000
vn -1.000000 0.000000 0.000000
vn 0.000000 1.000000 0.000000
vn 0.000000 1.000000 0.000000
vn 0.000000 1.000000 0.000000
vn 0.000000 -0.000000 1.000000
vn 0.000000 -0.000000 1.000000
vn 0.000000 -0.000000 1.000000
vn 0.000000 -0.000000 1.000000
vn 0.000000 -0.000000 1.000000
vn 0.000000 -0.000000 1.000000
vn 0.000000 -0.000000 1.000000
vn 0.000000 -0.000000 1.000000
vn 0.000000 -0.000000 1.000000
vn 0.000000 -0.000000 1.000000
vn 0.000000 -0.000000 1.000000
vn 0.000000 -0.000000 1.000000
vn 0.000000 -0.000000 1.000000
vn 0.000000 -0.000000 1.000000
vn 0.000000 -0.000000 1.000000
vn 0.000000 -0.000000 1.000000
vn -1.000000 0.000000 0.000000
vn -1.000000 0.000000 0.000000
vn -1.000000 0.000000 0.000000
vn -1.000000 0.000000 0.000000
vn -1.000000 0.000000 0.000000
vn -1.000000 0.000000 0.000000
vn -1.000000 0.000000 0.000000
vn -1.000000 0.000000 0.000000
vn -1.000000 0.000000 0.000000
vn 1.000000 0.000000 0.000000
vn 1.000000 0.000000 0.000000
vn 1.000000 0.000000 0.000000
vn 1.000000 0.000000 0.000000
vn 1.000000 0.000000 0.000000
vn 1.000000 0.000000 0.000000
vn 1.000000 0.000000 0.000000
vn 1.000000 0.000000 0.000000
vn 1.000000 0.000000 0.000000
vn 1.000000 0.000000 0.000000
vn 1.000000 0.000000 0.000000
vn 1.000000 0.000000 0.000000
vn 1.000000 0.000000 0.000000
vn 1.000000 0.000000 0.000000
vn 1.000000 0.000000 0.000000
vn 1.000000 0.000000 0.000000
vn 1.000000 0.000000 0.000000
vn 1.000000 0.000000 0.000000
vn 1.000000 0.000000 0.000000
vn 1.000000 0.000000 0.000000
vn 1.000000 0.000000 0.000000
vn 1.000000 0.000000 0.000000
vn 1.000000 0.000000 0.000000
vn 1.000000 0.000000 0.000000
vn 1.000000 0.000000 0.000000
vn 1.000000 0.000000 0.000000
vn 1.000000 0.000000 0.000000
vn 1.000000 0.000000 0.000000
vn 1.000000 0.000000 0.000000
vn 1.000000 0.000000 0.000000
vn 1.000000 0.000000 0.000000
vn 1.000000 0.000000 0.000000
vn 1.000000 0.000000 0.000000
vn 1.000000 0.000000 0.000000
vn 1.000000 0.000000 0.000000
vn 1.000000 0.000000 0.000000
vn 1.000000 0.000000 0.000000
vn 1.000000 0.000000 0.000000
vn 0.000000 0.000000 -1.000000
vn 0.000000 0.000000 -1.000000
vn 0.000000 0.000000 -1.000000
vn 0.000000 0.000000 -1.000000
vn 0.000000 0.000000 -1.000000
vn 0.000000 0.000000 -1.000000
vn 0.000000 0.000000 -1.000000
vn 0.000000 0.000000 -1.000000
vn 0.000000 0.000000 -1.000000
vn 0.000000 0.000000 -1.000000
vn 0.000000 0.000000 -1.000000
vn 0.000000 0.000000 -1.000000
vn 0.000000 0.000000 -1.000000
vn 0.000000 0.000000 -1.000000
vn 0.000000 0.000000 -1.000000
vn 0.000000 0.000000 -1.000000
vn 0.000000 0.000000 -1.000000
vn 0.000000 0.000000 -1.000000
vn 0.000000 0.000000 -1.000000
vn 0.000000 0.000000 -1.000000
vn 0.000000 0.000000 -1.000000
vn 0.000000 0.000000 -1.000000
vn 0.000000 0.000000 -1.000000
vn 0.000000 0.000000 -1.000000
vn 0.000000 0.000000 -1.000000
vn 0.000000 0.000000 -1.000000
vn 1.000000 0.000000 0.000000
vn 1.000000 0.000000 0.000000
vn 1.000000 0.000000 0.000000
vn 1.000000 0.000000 0.000000
vn 1.000000 0.000000 0.000000
vn 1.000000 0.000000 0.000000
vn 0.000000 -0.000000 1.000000
vn 0.000000 -0.000000 1.000000
vn 0.000000 -0.000000 1.000000
vn -1.000000 0.000000 0.000000
vn -1.000000 0.000000 0.000000
vn -1.000000 0.000000 0.000000
vn -1.000000 0.000000 0.000000
vn -1.000000 0.000000 0.000000
vn -1.000000 0.000000 0.000000
vn 1.000000 0.000000 0.000000
vn 1.000000 0.000000 0.000000
vn 1.000000 0.000000 0.000000
vn 1.000000 0.000000 0.000000
vn 1.000000 0.000000 0.000000
vn 1.000000 0.000000 0.000000
vn 0.000000 1.000000 0.000000
vn 0.000000 1.000000 0.000000
vn 0.000000 1.000000 0.000000
vn 0.000000 1.000000 0.000000
vn 0.000000 1.000000 0.000000
vn 0.000000 1.000000 0.000000
vn 1.000000 0.000000 0.000000
vn 1.000000 0.000000 0.000000
vn 1.000000 0.000000 0.000000
vn 0.000000 -1.000000 -0.000000
vn 0.000000 -1.000000 -0.000000
vn 0.000000 -1.000000 -0.000000
vn 0.000000 -1.000000 -0.000000
vn 0.000000 -1.000000 -0.000000
vn 0.000000 -1.000000 -0.000000
vn -1.000000 0.000000 0.000000
vn -1.000000 0.000000 0.000000
vn -1.000000 0.000000 0.000000
vn -1.000000 0.000000 0.000000
vn -1.000000 0.000000 0.000000
vn -1.000000 0.000000 0.000000
vn -1.000000 0.000000 0.000000
vn -1.000000 0.000000 0.000000
vn -1.000000 0.000000 0.000000
vn -1.000000 0.000000 0.000000
vn 1.000000 0.000000 0.000000
vn 1.000000 0.000000 0.000000
vn 1.000000 0.000000 0.000000
vn 1.000000 0.000000 0.000000
vn 1.000000 0.000000 0.000000
vn 1.000000 0.000000 0.000000
vn -1.000000 0.000000 0.000000
vn -1.000000 0.000000 0.000000
vn -1.000000 0.000000 0.000000
vn -1.000000 0.000000 0.000000
vn -1.000000 0.000000 0.000000
vn -1.000000 0.000000 0.000000
vn 0.000000 -0.000000 1.000000
vn 0.000000 -0.000000 1.000000
vn 0.000000 -0.000000 1.000000
vn 0.000000 -1.000000 -0.000000
vn 0.000000 -1.000000 -0.000000
vn 0.000000 -1.000000 -0.000000
vn 0.000000 -1.000000 -0.000000
vn 0.000000 -1.000000 -0.000000
vn 0.000000 -1.000000 -0.000000
vn -1.000000 0.000000 0.000000
vn -1.000000 0.000000 0.000000
vn -1.000000 0.000000 0.000000
vn -1.000000 0.000000 0.000000
vn -1.000000 0.000000 0.000000
vn -1.000000 0.000000 0.000000
vn 0.000000 1.000000 0.000000
vn 0.000000 1.000000 0.000000
vn 0.000000 1.000000 0.000000
vn 0.000000 1.000000 0.000000
vn 0.000000 1.000000 0.000000
vn 0.000000 1.000000 0.000000
vn 0.000000 1.000000 0.000000
vn 0.000000 1.000000 0.000000
vn 0.000000 1.000000 0.000000
vn 0.000000 1.000000 0.000000
vn 0.000000 1.000000 0.000000
vn 0.000000 1.000000 0.000000
vn 1.000000 0.000000 0.000000
vn 1.000000 0.000000 0.000000
vn 1.000000 0.000000 0.000000
vn 0.000000 -1.000000 -0.000000
vn 0.000000 -1.000000 -0.000000
vn 0.000000 -1.000000 -0.000000
vn 0.000000 -1.000000 -0.000000
vn 0.000000 -1.000000 -0.000000
vn 0.000000 -1.000000 -0.000000
vn 0.000000 1.000000 0.000000
vn 0.000000 1.000000 0.000000
vn 0.000000 1.000000 0.000000
vn 0.000000 1.000000 0.000000
vn 0.000000 1.000000 0.000000
vn 0.000000 1.000000 0.000000
vn 1.000000 0.000000 0.000000
vn 1.000000 0.000000 0.000000
vn 1.000000 0.000000 0.000000
vn 1.000000 0.000000 0.000000
vn 1.000000 0.000000 0.000000
vn 1.000000 0.000000 0.000000
vn 1.000000 0.000000 0.000000
vn 1.000000 0.000000 0.000000
vn 1.000000 0.000000 0.000000
vn 1.000000 0.000000 0.000000
vn 1.000000 0.000000 0.000000
vn 1.000000 0.000000 0.000000
vn 1.000000 0.000000 0.000000
vn 1.000000 0.000000 0.000000
vn 1.000000 0.000000 0.000000
vn 1.000000 0.000000 0.000000
vn 1.000000 0.000000 0.000000
vn -1.000000 0.000000 0.000000
vn -1.000000 0.000000 0.000000
vn -1.000000 0.000000 0.000000
vn -1.000000 0.000000 0.000000
vn -1.000000 0.000000 0.000000
vn -1.000000 0.000000 0.000000
vn 0.000000 -1.000000 -0.000000
vn 0.000000 -1.000000 -0.000000
vn 0.000000 -1.000000 -0.000000
vn 0.000000 -1.000000 -0.000000
vn 0.000000 -1.000000 -0.000000
vn 0.000000 -1.000000 -0.000000
vn 0.000000 0.000000 -1.000000
vn 0.000000 0.000000 -1.000000
vn 0.000000 0.000000 -1.000000
vn 0.000000 0.000000 -1.000000
vn 0.000000 0.000000 -1.000000
vn 0.000000 -0.000000 1.000000
vn 0.000000 -0.000000 1.000000
vn 0.000000 -0.000000 1.000000
vn 0.000000 -0.000000 1.000000
vn 0.000000 -0.000000 1.000000
vn -1.000000 0.000000 0.000000
vn -1.000000 0.000000 0.000000
vn -1.000000 0.000000 0.000000
vn -1.000000 0.000000 0.000000
vn -1.000000 0.000000 0.000000
vn -1.000000 0.000000 0.000000
vn 0.000000 0.000000 -1.000000
vn 0.000000 0.000000 -1.000000
vn 0.000000 0.000000 -1.000000
vn 0.000000 0.000000 -1.000000
vn 0.000000 0.000000 -1.000000
vn 0.000000 0.000000 -1.000000
vn 0.000000 0.000000 -1.000000
vn 0.000000 0.000000 -1.000000
vn 0.000000 0.000000 -1.000000
vn 0.000000 0.000000 -1.000000
vn 0.000000 0.000000 -1.000000
vn 0.000000 0.000000 -1.000000
vn 0.000000 1.000000 0.000000
vn 0.000000 1.000000 0.000000
vn 0.000000 1.000000 0.000000
vn 0.000000 1.000000 0.000000
vn 0.000000 1.000000 0.000000
vn 0.000000 1.000000 0.000000
vn 0.000000 1.000000 0.000000
vn 0.000000 1.000000 0.000000
vn 0.000000 1.000000 0.000000
vn 0.000000 1.000000 0.000000
vn 0.000000 1.000000 0.000000
vn 0.000000 -1.000000 -0.000000
vn 0.000000 -1.000000 -0.000000
vn 0.000000 -1.000000 -0.000000
vn 0.000000 -1.000000 -0.000000
vn 0.000000 1.000000 0.000000
vn 0.000000 1.000000 0.000000
vn 0.000000 1.000000 0.000000
vn 0.000000 1.000000 0.000000
vn 0.000000 -1.000000 -0.000000
vn 0.000000 -1.000000 -0.000000
vn 0.000000 -1.000000 -0.000000
vn 0.000000 -1.000000 -0.000000
vn 1.000000 0.000000 0.000000
vn 1.000000 0.000000 0.000000
vn 1.000000 0.000000 0.000000
vn 1.000000 0.000000 0.000000
vn 0.000000 1.000000 0.000000
vn 0.000000 1.000000 0.000000
vn 0.000000 1.000000 0.000000
vn 0.000000 1.000000 0.000000
vn 0.000000 -1.000000 -0.000000
vn 0.000000 -1.000000 -0.000000
vn 0.000000 -1.000000 -0.000000
vn 0.000000 -1.000000 -0.000000
vn 0.000000 -1.000000 -0.000000
vn 0.000000 -1.000000 -0.000000
vn 0.000000 -1.000000 -0.000000
vn 0.000000 -1.000000 -0.000000
vn -1.000000 0.000000 0.000000
vn -1.000000 0.000000 0.000000
vn -1.000000 0.000000 0.000000
vn -1.000000 0.000000 0.000000
vn 0.000000 -0.000000 1.000000
vn 0.000000 -0.000000 1.000000
vn 0.000000 -0.000000 1.000000
vn 0.000000 -0.000000 1.000000
vn 0.000000 -0.000000 1.000000
vn 0.000000 -0.000000 1.000000
vn 0.000000 -0.000000 1.000000
vn 0.000000 -0.000000 1.000000
vn 0.000000 -0.000000 1.000000
vn 0.000000 -0.000000 1.000000
vn 0.000000 -0.000000 1.000000
vn 0.000000 -0.000000 1.000000
vn 0.000000 -0.000000 1.000000
vn 0.000000 -0.000000 1.000000
vn 0.000000 -0.000000 1.000000
vn 0.000000 -0.000000 1.000000
vn -1.000000 0.000000 0.000000
vn -1.000000 0.000000 0.000000
vn -1.000000 0.000000 0.000000
vn -1.000000 0.000000 0.000000
vn -1.000000 0.000000 0.000000
vn -1.000000 0.000000 0.000000
vn -1.000000 0.000000 0.000000
vn -1.000000 0.000000 0.000000
vn 0.000000 -0.000000 1.000000
vn 0.000000 -0.000000 1.000000
vn 0.000000 -0.000000 1.000000
vn 0.000000 -0.000000 1.000000
vn 0.000000 -0.000000 1.000000
vn 0.000000 -0.000000 1.000000
vn 0.000000 -0.000000 1.000000
vn 0.000000 -0.000000 1.000000
vn 1.000000 0.000000 0.000000
vn 1.000000 0.000000 0.000000
vn 1.000000 0.000000 0.000000
vn 1.000000 0.000000 0.000000
vn 0.000000 1.000000 0.000000
vn 0.000000 1.000000 0.000000
vn 0.000000 1.000000 0.000000
vn 0.000000 1.000000 0.000000
vn 0.000000 -1.000000 -0.000000
vn 0.000000 -1.000000 -0.000000
vn 0.000000 -1.000000 -0.000000
vn 0.000000 -1.000000 -0.000000
vn 0.000000 -1.000000 -0.000000
vn 0.000000 -1.000000 -0.000000
vn 0.000000 -1.000000 -0.000000
vn 0.000000 -1.000000 -0.000000
vn 0.000000 1.000000 0.000000
vn 0.000000 1.000000 0.000000
vn 0.000000 1.000000 0.000000
vn 0.000000 1.000000 0.000000
vn 1.000000 0.000000 0.000000
vn 1.000000 0.000000 0.000000
vn 1.000000 0.000000 0.000000
vn 1.000000 0.000000 0.000000
vn 0.000000 1.000000 0.000000
vn 0.000000 1.000000 0.000000
vn 0.000000 1.000000 0.000000
vn 0.000000 1.000000 0.000000
vn 1.000000 0.000000 0.000000
vn 1.000000 0.000000 0.000000
vn 1.000000 0.000000 0.000000
vn 1.000000 0.000000 0.000000
vn 0.000000 -1.000000 -0.000000
vn 0.000000 -1.000000 -0.000000
vn 0.000000 -1.000000 -0.000000
vn 0.000000 -1.000000 -0.000000
vn 0.000000 1.000000 0.000000
vn 0.000000 1.000000 0.000000
vn 0.000000 1.000000 0.000000
vn 0.000000 1.000000 0.000000
vn -1.000000 0.000000 0.000000
vn -1.000000 0.000000 0.000000
vn -1.000000 0.000000 0.000000
vn -1.000000 0.000000 0.000000
vn 1.000000 0.000000 0.000000
vn 1.000000 0.000000 0.000000
vn 1.000000 0.000000 0.000000
vn 1.000000 0.000000 0.000000
vn 0.000000 1.000000 0.000000
vn 0.000000 1.000000 0.000000
vn 0.000000 1.000000 0.000000
vn 0.000000 1.000000 0.000000
vn -1.000000 0.000000 0.000000
vn -1.000000 0.000000 0.000000
vn -1.000000 0.000000 0.000000
vn -1.000000 0.000000 0.000000
vn 1.000000 0.000000 0.000000
vn 1.000000 0.000000 0.000000
vn 1.000000 0.000000 0.000000
vn 1.000000 0.000000 0.000000
vn 0.000000 -1.000000 -0.000000
vn 0.000000 -1.000000 -0.000000
vn 0.000000 -1.000000 -0.000000
vn 0.000000 -1.000000 -0.000000
vn 0.000000 0.000000 -1.000000
vn 0.000000 0.000000 -1.000000
vn 0.000000 0.000000 -1.000000
vn 0.000000 0.000000 -1.000000
vn 0.000000 0.000000 -1.000000
vn 0.000000 0.000000 -1.000000
vn 0.000000 0.000000 -1.000000
vn 0.000000 0.000000 -1.000000
vn 0.000000 0.000000 -1.000000
vn 0.000000 0.000000 -1.000000
vn 0.000000 0.000000 -1.000000
vn 0.000000 0.000000 -1.000000
vn 0.000000 0.000000 -1.000000
vn 0.000000 0.000000 -1.000000
vn 0.000000 0.000000 -1.000000
vn 0.000000 0.000000 -1.000000
vn 0.000000 0.000000 -1.000000
vn 0.000000 0.000000 -1.000000
vn 0.000000 0.000000 -1.000000
vn 0.000000 0.000000 -1.000000
vn -1.000000 0.000000 0.000000
vn -1.000000 0.000000 0.000000
vn -1.000000 0.000000 0.000000
vn -1.000000 0.000000 0.000000
vn 0.000000 1.000000 0.000000
vn 0.000000 1.000000 0.000000
vn 0.000000 1.000000 0.000000
vn 0.000000 1.000000 0.000000
vn 0.000000 -1.000000 -0.000000
vn 0.000000 -1.000000 -0.000000
vn 0.000000 -1.000000 -0.000000
vn 0.000000 -1.000000 -0.000000
vn 1.000000 0.000000 0.000000
vn 1.000000 0.000000 0.000000
vn 1.000000 0.000000 0.000000
vn 1.000000 0.000000 0.000000
vn 0.000000 -1.000000 -0.000000
vn 0.000000 -1.000000 -0.000000
vn 0.000000 -1.000000 -0.000000
vn 0.000000 -1.000000 -0.000000
vn 0.000000 1.000000 0.000000
vn 0.000000 1.000000 0.000000
vn 0.000000 1.000000 0.000000
vn 0.000000 1.000000 0.000000
vn 0.000000 0.000000 -1.000000
vn 0.000000 0.000000 -1.000000
vn 0.000000 0.000000 -1.000000
vn 0.000000 0.000000 -1.000000
vn 0.000000 0.000000 -1.000000
vn 0.000000 0.000000 -1.000000
vn 0.000000 0.000000 -1.000000
vn 0.000000 0.000000 -1.000000
vn 0.000000 0.000000 -1.000000
vn 0.000000 0.000000 -1.000000
vn 0.000000 0.000000 -1.000000
vn 0.000000 0.000000 -1.000000
vn 0.000000 0.000000 -1.000000
vn 0.000000 0.000000 -1.000000
vn 0.000000 0.000000 -1.000000
vn 0.000000 0.000000 -1.000000
vn 0.000000 0.000000 -1.000000
vn 0.000000 0.000000 -1.000000
vn 0.000000 0.000000 -1.000000
vn 0.000000 0.000000 -1.000000
vn 0.000000 0.000000 -1.000000
vn 0.000000 0.000000 -1.000000
vn 0.000000 0.000000 -1.000000
vn 0.000000 0.000000 -1.000000
vn 1.000000 0.000000 0.000000
vn 1.000000 0.000000 0.000000
vn 1.000000 0.000000 0.000000
vn 1.000000 0.000000 0.000000
vn -1.000000 0.000000 0.000000
vn -1.000000 0.000000 0.000000
vn -1.000000 0.000000 0.000000
vn -1.000000 0.000000 0.000000
vn 0.000000 1.000000 0.000000
vn 0.000000 1.000000 0.000000
vn 0.000000 1.000000 0.000000
vn 0.000000 1.000000 0.000000
vn 0.000000 -1.000000 -0.000000
vn 0.000000 -1.000000 -0.000000
vn 0.000000 -1.000000 -0.000000
vn 0.000000 -1.000000 -0.000000
vn 0.000000 -1.000000 -0.000000
vn 0.000000 -0.000000 1.000000
vn 0.000000 -0.000000 1.000000
vn 0.000000 -0.000000 1.000000
vn 0.000000 -0.000000 1.000000
vn 0.000000 0.000000 -1.000000
vn 0.000000 0.000000 -1.000000
vn 0.000000 0.000000 -1.000000
vn 0.000000 0.000000 -1.000000
vn 0.000000 0.000000 -1.000000
vn 0.000000 0.000000 -1.000000
vn 0.000000 0.000000 -1.000000
vn 0.000000 0.000000 -1.000000
vn 0.000000 0.000000 -1.000000
vn 0.000000 0.000000 -1.000000
vn 0.000000 0.000000 -1.000000
vn 0.000000 0.000000 -1.000000
vn -1.000000 0.000000 0.000000
vn -1.000000 0.000000 0.000000
vn -1.000000 0.000000 0.000000
vn -1.000000 0.000000 0.000000
vn 0.000000 1.000000 0.000000
vn 0.000000 1.000000 0.000000
vn 0.000000 1.000000 0.000000
vn 0.000000 1.000000 0.000000
vn 1.000000 0.000000 0.000000
vn 1.000000 0.000000 0.000000
vn 1.000000 0.000000 0.000000
vn 1.000000 0.000000 0.000000
vn 0.000000 -1.000000 -0.000000
vn 0.000000 -1.000000 -0.000000
vn 0.000000 -1.000000 -0.000000
vn 0.000000 -1.000000 -0.000000
vn 0.000000 0.000000 -1.000000
vn 0.000000 0.000000 -1.000000
vn 0.000000 0.000000 -1.000000
vn 0.000000 0.000000 -1.000000
vn 0.000000 -0.000000 1.000000
vn 0.000000 -0.000000 1.000000
vn 0.000000 -0.000000 1.000000
vn 0.000000 -0.000000 1.000000
vn 0.000000 -0.000000 1.000000
vn 0.000000 -0.000000 1.000000
vn 0.000000 -0.000000 1.000000
vn 0.000000 -0.000000 1.000000
vn 0.000000 1.000000 0.000000
vn 0.000000 1.000000 0.000000
vn 0.000000 1.000000 0.000000
vn 0.000000 1.000000 0.000000
vn 1.000000 0.000000 0.000000
vn 1.000000 0.000000 0.000000
vn 1.000000 0.000000 0.000000
vn 1.000000 0.000000 0.000000
vn 1.000000 0.000000 0.000000
vn 1.000000 0.000000 0.000000
vn 1.000000 0.000000 0.000000
vn 1.000000 0.000000 0.000000
vn 1.000000 0.000000 0.000000
vn 1.000000 0.000000 0.000000
vn 0.000000 -1.000000 -0.000000
vn 0.000000 -1.000000 -0.000000
vn 0.000000 -1.000000 -0.000000
vn 0.000000 -1.000000 -0.000000
vn 0.000000 0.000000 -1.000000
vn 0.000000 0.000000 -1.000000
vn 0.000000 0.000000 -1.000000
vn 0.000000 0.000000 -1.000000
vn 0.000000 -0.000000 1.000000
vn 0.000000 -0.000000 1.000000
vn 0.000000 -0.000000 1.000000
vn 0.000000 -0.000000 1.000000
vn 1.000000 0.000000 0.000000
vn 1.000000 0.000000 0.000000
vn 1.000000 0.000000 0.000000
vn 1.000000 0.000000 0.000000
vn -1.000000 0.000000 0.000000
vn -1.000000 0.000000 0.000000
vn -1.000000 0.000000 0.000000
vn -1.000000 0.000000 0.000000
vn 0.000000 0.000000 -1.000000
vn 0.000000 0.000000 -1.000000
vn 0.000000 0.000000 -1.000000
vn 0.000000 0.000000 -1.000000
vn 0.000000 -0.000000 1.000000
vn 0.000000 -0.000000 1.000000
vn 0.000000 -0.000000 1.000000
vn 0.000000 -0.000000 1.000000
vn 0.000000 -0.000000 1.000000
vn 0.000000 -0.000000 1.000000
vn 0.000000 -0.000000 1.000000
vn 0.000000 -0.000000 1.000000
vn 0.000000 1.000000 0.000000
vn 0.000000 1.000000 0.000000
vn 0.000000 1.000000 0.000000
vn 0.000000 1.000000 0.000000
vn 0.000000 -0.000000 1.000000
vn 0.000000 -0.000000 1.000000
vn 0.000000 -0.000000 1.000000
vn 0.000000 -0.000000 1.000000
vn 0.000000 1.000000 0.000000
vn 0.000000 1.000000 0.000000
vn 0.000000 1.000000 0.000000
vn 0.000000 1.000000 0.000000
vn 0.000000 -0.000000 1.000000
vn 0.000000 -0.000000 1.000000
vn 0.000000 -0.000000 1.000000
vn 0.000000 -0.000000 1.000000
vn 0.000000 -1.000000 -0.000000
vn 0.000000 -1.000000 -0.000000
vn 0.000000 -1.000000 -0.000000
vn 0.000000 -1.000000 -0.000000
vn 0.000000 0.000000 -1.000000
vn 0.000000 0.000000 -1.000000
vn 0.000000 0.000000 -1.000000
vn 0.000000 0.000000 -1.000000
vn -1.000000 0.000000 0.000000
vn -1.000000 0.000000 0.000000
vn -1.000000 0.000000 0.000000
vn -1.000000 0.000000 0.000000
vn 0.000000 -0.000000 1.000000
vn 0.000000 -0.000000 1.000000
vn 0.000000 -0.000000 1.000000
vn 0.000000 -0.000000 1.000000
vn 0.000000 -1.000000 -0.000000
vn 0.000000 -1.000000 -0.000000
vn 0.000000 -1.000000 -0.000000
vn 0.000000 -1.000000 -0.000000
vn -1.000000 0.000000 0.000000
vn -1.000000 0.000000 0.000000
vn -1.000000 0.000000 0.000000
vn -1.000000 0.000000 0.000000
vn 0.000000 -0.000000 1.000000
vn 0.000000 -0.000000 1.000000
vn 0.000000 -0.000000 1.000000
vn 0.000000 -0.000000 1.000000
vn 0.000000 -0.000000 1.000000
vn 0.000000 -0.000000 1.000000
vn 0.000000 -0.000000 1.000000
vn 0.000000 -0.000000 1.000000
vn 1.000000 0.000000 0.000000
vn 1.000000 0.000000 0.000000
vn 1.000000 0.000000 0.000000
vn 1.000000 0.000000 0.000000
vn 0.000000 0.000000 -1.000000
vn 0.000000 0.000000 -1.000000
vn 0.000000 0.000000 -1.000000
vn 0.000000 0.000000 -1.000000
vn 0.000000 -1.000000 -0.000000
vn 0.000000 -1.000000 -0.000000
vn 0.000000 -1.000000 -0.000000
vn 0.000000 -1.000000 -0.000000
vn 1.000000 0.000000 0.000000
vn 1.000000 0.000000 0.000000
vn 1.000000 0.000000 0.000000
vn 1.000000 0.000000 0.000000
vn 1.000000 0.000000 0.000000
vn 1.000000 0.000000 0.000000
vn 1.000000 0.000000 0.000000
vn 1.000000 0.000000 0.000000
vn -1.000000 0.000000 0.000000
vn -1.000000 0.000000 0.000000
vn -1.000000 0.000000 0.000000
vn -1.000000 0.000000 0.000000
vn 0.000000 -0.000000 1.000000
vn 0.000000 -0.000000 1.000000
vn 0.000000 -0.000000 1.000000
vn 0.000000 -0.000000 1.000000
vn 0.000000 -1.000000 -0.000000
vn 0.000000 -1.000000 -0.000000
vn 0.000000 -1.000000 -0.000000
vn 0.000000 -1.000000 -0.000000
vn 0.000000 1.000000 0.000000
vn 0.000000 1.000000 0.000000
vn 0.000000 1.000000 0.000000
vn 0.000000 1.000000 0.000000
vn 1.000000 0.000000 0.000000
vn 1.000000 0.000000 0.000000
vn 1.000000 0.000000 0.000000
vn 1.000000 0.000000 0.000000
vn 0.000000 1.000000 0.000000
vn 0.000000 1.000000 0.000000
vn 0.000000 1.000000 0.000000
vn 0.000000 1.000000 0.000000
vn -1.000000 0.000000 0.000000
vn -1.000000 0.000000 0.000000
vn -1.000000 0.000000 0.000000
vn -1.000000 0.000000 0.000000
vn -1.000000 0.000000 0.000000
vn -1.000000 0.000000 0.000000
vn -1.000000 0.000000 0.000000
vn -1.000000 0.000000 0.000000
vn 0.000000 0.000000 -1.000000
vn 0.000000 0.000000 -1.000000
vn 0.000000 0.000000 -1.000000
vn 0.000000 0.000000 -1.000000
vn 0.000000 0.000000 -1.000000
vn 0.000000 0.000000 -1.000000
vn 0.000000 0.000000 -1.000000
vn 0.000000 0.000000 -1.000000
vn 0.000000 0.000000 -1.000000
vn 0.000000 0.000000 -1.000000
vn 0.000000 0.000000 -1.000000
vn 0.000000 0.000000 -1.000000
vn 0.000000 1.000000 0.000000
vn 0.000000 1.000000 0.000000
vn 0.000000 1.000000 0.000000
vn 0.000000 1.000000 0.000000
vn 0.000000 -1.000000 -0.000000
vn 0.000000 -1.000000 -0.000000
vn 0.000000 -1.000000 -0.000000
vn 0.000000 -1.000000 -0.000000
vn 0.000000 1.000000 0.000000
vn 0.000000 1.000000 0.000000
vn 0.000000 1.000000 0.000000
vn 0.000000 1.000000 0.000000
vn 1.000000 0.000000 0.000000
vn 1.000000 0.000000 0.000000
vn 1.000000 0.000000 0.000000
vn 1.000000 0.000000 0.000000
vn 0.000000 1.000000 0.000000
vn 0.000000 1.000000 0.000000
vn 0.000000 1.000000 0.000000
vn 0.000000 1.000000 0.000000
vn 0.000000 -1.000000 -0.000000
vn 0.000000 -1.000000 -0.000000
vn 0.000000 -1.000000 -0.000000
vn 0.000000 -1.000000 -0.000000
vn 0.000000 0.000000 -1.000000
vn 0.000000 0.000000 -1.000000
vn 0.000000 0.000000 -1.000000
vn 0.000000 0.000000 -1.000000
vn 0.000000 0.000000 -1.000000
vn 0.000000 0.000000 -1.000000
vn 0.000000 0.000000 -1.000000
vn 0.000000 0.000000 -1.000000
vn 0.000000 0.000000 -1.000000
vn 0.000000 0.000000 -1.000000
vn 0.000000 0.000000 -1.000000
vn 0.000000 0.000000 -1.000000
vn 0.000000 1.000000 0.000000
vn 0.000000 1.000000 0.000000
vn 0.000000 1.000000 0.000000
vn 0.000000 1.000000 0.000000
vn 0.000000 1.000000 0.000000
vn 0.000000 1.000000 0.000000
vn 0.000000 1.000000 0.000000
vn 0.000000 1.000000 0.000000
vn 0.000000 -1.000000 -0.000000
vn 0.000000 -1.000000 -0.000000
vn 0.000000 -1.000000 -0.000000
vn 0.000000 -1.000000 -0.000000
vn 0.000000 0.000000 -1.000000
vn 0.000000 0.000000 -1.000000
vn 0.000000 0.000000 -1.000000
vn 0.000000 0.000000 -1.000000
vn 0.000000 0.000000 -1.000000
vn 0.000000 0.000000 -1.000000
vn 0.000000 0.000000 -1.000000
vn 0.000000 0.000000 -1.000000
vn 0.000000 0.000000 -1.000000
vn 0.000000 0.000000 -1.000000
vn 0.000000 0.000000 -1.000000
vn 0.000000 0.000000 -1.000000
vn 0.000000 -1.000000 -0.000000
vn 0.000000 -1.000000 -0.000000
vn 0.000000 -1.000000 -0.000000
vn 0.000000 -1.000000 -0.000000
vn 0.000000 -1.000000 -0.000000
vn 0.000000 -1.000000 -0.000000
vn 0.000000 -1.000000 -0.000000
vn 0.000000 -1.000000 -0.000000
vn 0.000000 1.000000 0.000000
vn 0.000000 1.000000 0.000000
vn 0.000000 1.000000 0.000000
vn 0.000000 1.000000 0.000000
vn 0.000000 -1.000000 -0.000000
vn 0.000000 -1.000000 -0.000000
vn 0.000000 -1.000000 -0.000000
vn 0.000000 -1.000000 -0.000000
vn 0.000000 -0.000000 1.000000
vn 0.000000 -0.000000 1.000000
vn 0.000000 -0.000000 1.000000
vn 0.000000 -0.000000 1.000000
vn 0.000000 -1.000000 -0.000000
vn 0.000000 -1.000000 -0.000000
vn 0.000000 -1.000000 -0.000000
vn 0.000000 -1.000000 -0.000000
vn 0.000000 0.000000 -1.000000
vn 0.000000 0.000000 -1.000000
vn 0.000000 0.000000 -1.000000
vn 0.000000 0.000000 -1.000000
vn 0.000000 0.000000 -1.000000
vn 0.000000 0.000000 -1.000000
vn 0.000000 0.000000 -1.000000
vn 0.000000 0.000000 -1.000000
vn 0.000000 0.000000 -1.000000
vn 0.000000 0.000000 -1.000000
vn 0.000000 0.000000 -1.000000
vn 0.000000 0.000000 -1.000000
vn 0.000000 1.000000 0.000000
vn 0.000000 1.000000 0.000000
vn 0.000000 1.000000 0.000000
vn 0.000000 1.000000 0.000000
vn 0.000000 -1.000000 -0.000000
vn 0.000000 -1.000000 -0.000000
vn 0.000000 -1.000000 -0.000000
vn 0.000000 -1.000000 -0.000000
vn 0.000000 1.000000 0.000000
vn 0.000000 1.000000 0.000000
vn 0.000000 1.000000 0.000000
vn 0.000000 1.000000 0.000000
vn 0.000000 -1.000000 -0.000000
vn 0.000000 -1.000000 -0.000000
vn 0.000000 -1.000000 -0.000000
vn 0.000000 -1.000000 -0.000000
vn 0.000000 0.000000 -1.000000
vn 0.000000 0.000000 -1.000000
vn 0.000000 0.000000 -1.000000
vn 0.000000 0.000000 -1.000000
vn 0.000000 0.000000 -1.000000
vn 0.000000 0.000000 -1.000000
vn 0.000000 0.000000 -1.000000
vn 0.000000 0.000000 -1.000000
vn 0.000000 0.000000 -1.000000
vn 0.000000 0.000000 -1.000000
vn 0.000000 0.000000 -1.000000
vn 0.000000 0.000000 -1.000000
vn 1.000000 0.000000 0.000000
vn 1.000000 0.000000 0.000000
vn 1.000000 0.000000 0.000000
vn 1.000000 0.000000 0.000000
vn 0.000000 1.000000 0.000000
vn 0.000000 1.000000 0.000000
vn 0.000000 1.000000 0.000000
vn 0.000000 1.000000 0.000000
vn -1.000000 0.000000 0.000000
vn -1.000000 0.000000 0.000000
vn -1.000000 0.000000 0.000000
vn -1.000000 0.000000 0.000000
vn 0.000000 -1.000000 -0.000000
vn 0.000000 -1.000000 -0.000000
vn 0.000000 -1.000000 -0.000000
vn 0.000000 -1.000000 -0.000000
vn 0.000000 0.000000 -1.000000
vn 0.000000 0.000000 -1.000000
vn 0.000000 0.000000 -1.000000
vn 0.000000 0.000000 -1.000000
vn 0.000000 -0.000000 1.000000
vn 0.000000 -0.000000 1.000000
vn 0.000000 -0.000000 1.000000
vn 0.000000 -0.000000 1.000000
vn 0.000000 1.000000 0.000000
vn 0.000000 1.000000 0.000000
vn 0.000000 1.000000 0.000000
vn 0.000000 1.000000 0.000000
vn 0.000000 1.000000 0.000000
vn 0.000000 1.000000 0.000000
vn 0.000000 1.000000 0.000000
vn 0.000000 1.000000 0.000000
vn -0.638868 0.000000 -0.769316
vn -0.339620 0.000000 -0.940563
vn -0.339620 0.000000 -0.940563
vn -0.638868 0.000000 -0.769316
vn 0.000000 0.000000 -1.000000
vn -0.339620 0.000000 -0.940563
vn 0.000000 0.000000 -1.000000
vn -0.339620 0.000000 -0.940563
vn -1.000000 0.000000 0.000000
vn -1.000000 0.000000 0.000000
vn -1.000000 0.000000 0.000000
vn -1.000000 0.000000 0.000000
vn 0.000000 0.000000 -1.000000
vn 0.000000 0.000000 -1.000000
vn 0.000000 0.000000 -1.000000
vn 0.000000 0.000000 -1.000000
vn 1.000000 0.000000 0.000000
vn 1.000000 0.000000 0.000000
vn 1.000000 0.000000 0.000000
vn 1.000000 0.000000 0.000000
vn -0.237451 -0.000000 0.971400
vn 0.000000 -0.000000 1.000000
vn -0.474902 -0.000000 0.880039
vn 0.000000 -0.000000 1.000000
vn -0.670286 -0.000000 0.742103
vn -0.474902 -0.000000 0.880039
vn -0.670286 -0.000000 0.742103
vn -0.237451 -0.000000 0.971400
vn 0.665523 -0.000000 0.746378
vn 0.471022 -0.000000 0.882121
vn 0.665523 -0.000000 0.746377
vn 0.235511 -0.000000 0.971872
vn 0.667544 0.000000 -0.744570
vn 0.357372 0.000000 -0.933962
vn 0.357373 0.000000 -0.933962
vn 0.667543 0.000000 -0.744571
vn 0.000000 0.000000 -1.000000
vn 0.357372 0.000000 -0.933962
vn 0.000000 0.000000 -1.000000
vn 0.357373 0.000000 -0.933962
vn -1.000000 0.000000 0.000000
vn -1.000000 0.000000 0.000000
vn -1.000000 0.000000 0.000000
vn -1.000000 0.000000 0.000000
vn 0.235511 -0.000000 0.971872
vn 0.000000 -0.000000 1.000000
vn 0.471022 -0.000000 0.882121
vn 0.000000 -0.000000 1.000000
vn 0.230330 -0.000000 0.973113
vn 0.000000 -0.000000 1.000000
vn 0.460660 -0.000000 0.887576
vn 0.000000 -0.000000 1.000000
vn 0.652710 -0.000000 0.757608
vn 0.460660 -0.000000 0.887576
vn 0.652710 -0.000000 0.757608
vn 0.230330 -0.000000 0.973113
vn -0.437095 -0.000000 0.899415
vn -0.437095 -0.000000 0.899415
vn -0.437095 -0.000000 0.899415
vn -0.437095 -0.000000 0.899415
vn -0.853556 0.000000 -0.521001
vn -0.853556 0.000000 -0.521001
vn -0.853556 0.000000 -0.521001
vn -0.853556 0.000000 -0.521001
vn 0.468374 0.000000 -0.883530
vn 0.468374 0.000000 -0.883530
vn 0.468374 0.000000 -0.883530
vn 0.468374 0.000000 -0.883530
vn -0.784739 0.000000 -0.619827
vn -0.900659 0.000000 -0.434526
vn -0.976113 0.000000 -0.217263
vn -0.784738 0.000000 -0.619827
vn -0.976113 0.000000 -0.217263
vn -1.000000 0.000000 0.000000
vn -1.000000 0.000000 0.000000
vn -0.900659 0.000000 -0.434526
vn 0.000000 0.000000 -1.000000
vn 0.000000 0.000000 -1.000000
vn 0.000000 0.000000 -1.000000
vn 0.000000 0.000000 -1.000000
vn 1.000000 0.000000 0.000000
vn 1.000000 0.000000 0.000000
vn 1.000000 0.000000 0.000000
vn 1.000000 0.000000 0.000000
vn 0.000000 -0.000000 1.000000
vn 0.000000 -0.000000 1.000000
vn 0.000000 -0.000000 1.000000
vn 0.000000 -0.000000 1.000000
vn -1.000000 0.000000 0.000000
vn -1.000000 0.000000 0.000000
vn -1.000000 0.000000 0.000000
vn -1.000000 0.000000 0.000000
vn 0.560306 0.000000 -0.828285
vn 0.560306 0.000000 -0.828285
vn 0.560305 0.000000 -0.828287
vn 0.560308 0.000000 -0.828284
vn -0.355354 0.000000 -0.934732
vn -0.355354 0.000000 -0.934732
vn -0.355353 0.000000 -0.934732
vn -0.355355 0.000000 -0.934731
vn 0.707106 0.000000 -0.707108
vn 0.707106 0.000000 -0.707108
vn 0.707106 0.000000 -0.707108
vn 0.707106 0.000000 -0.707108
vn 0.575437 -0.000000 0.817846
vn 0.680269 -0.000000 0.732963
vn 0.457877 -0.000000 0.889016
vn 0.680269 -0.000000 0.732962
vn 0.334067 -0.000000 0.942549
vn 0.457877 -0.000000 0.889016
vn 0.334067 -0.000000 0.942549
vn 0.575437 -0.000000 0.817846
vn 1.000000 0.000000 0.000000
vn 1.000000 0.000000 0.000000
vn 1.000000 0.000000 0.000000
vn 1.000000 0.000000 0.000000
vn 0.698212 0.000000 -0.715891
vn 0.698212 0.000000 -0.715891
vn 0.698212 0.000000 -0.715891
vn 0.698212 0.000000 -0.715891
vn -0.462140 0.000000 -0.886807
vn -0.462140 0.000000 -0.886807
vn -0.462140 0.000000 -0.886807
vn -0.462140 0.000000 -0.886807
vn 1.000000 0.000000 0.000000
vn 1.000000 0.000000 0.000000
vn 1.000000 0.000000 0.000000
vn 1.000000 0.000000 0.000000
vn 0.378876 -0.000000 0.925447
vn 0.378876 -0.000000 0.925447
vn 0.378875 -0.000000 0.925448
vn 0.378877 -0.000000 0.925447
vn -0.672219 -0.000000 0.740352
vn -0.672219 -0.000000 0.740352
vn -0.672219 -0.000000 0.740352
vn -0.672220 -0.000000 0.740352
vn -0.978265 -0.000000 0.207360
vn -1.000000 0.000000 0.000000
vn -0.909949 -0.000000 0.414721
vn -1.000000 0.000000 0.000000
vn -0.804174 -0.000000 0.594394
vn -0.909949 -0.000000 0.414721
vn -0.804174 -0.000000 0.594394
vn -0.978265 -0.000000 0.207360
vn 0.454780 -0.000000 0.890604
vn 0.454780 -0.000000 0.890604
vn 0.454780 -0.000000 0.890604
vn 0.454780 -0.000000 0.890604
vn -1.000000 0.000000 0.000000
vn -1.000000 0.000000 0.000000
vn -1.000000 0.000000 0.000000
vn -1.000000 0.000000 0.000000
vn -0.376955 0.000000 -0.926232
vn -0.376955 0.000000 -0.926232
vn -0.376957 0.000000 -0.926231
vn -0.376953 0.000000 -0.926232
vn -0.701516 -0.000000 0.712654
vn -0.701516 -0.000000 0.712654
vn -0.701517 -0.000000 0.712653
vn -0.701515 -0.000000 0.712655
vn 0.428586 -0.000000 0.903501
vn 0.428586 -0.000000 0.903501
vn 0.428584 -0.000000 0.903502
vn 0.428587 -0.000000 0.903500
vn 1.000000 0.000000 0.000000
vn 1.000000 0.000000 0.000000
vn 1.000000 0.000000 0.000000
vn 1.000000 0.000000 0.000000
vn -0.594552 0.000000 -0.804057
vn -0.594552 0.000000 -0.804057
vn -0.594552 0.000000 -0.804057
vn -0.594552 0.000000 -0.804057
vn -0.742808 0.000000 -0.669504
vn -0.742808 0.000000 -0.669504
vn -0.742808 0.000000 -0.669504
vn -0.742808 0.000000 -0.669504
vn -0.700023 -0.000000 0.714120
vn -0.700023 -0.000000 0.714120
vn -0.700023 -0.000000 0.714120
vn -0.700023 -0.000000 0.714120
vn 0.244453 -0.000000 0.969661
vn 0.244453 -0.000000 0.969661
vn 0.244452 -0.000000 0.969661
vn 0.244455 -0.000000 0.969661
vn -1.000000 0.000000 0.000000
vn -1.000000 0.000000 0.000000
vn -1.000000 0.000000 0.000000
vn -1.000000 0.000000 0.000000
vn -0.190479 0.000000 -0.981691
vn -0.190479 0.000000 -0.981691
vn -0.190479 0.000000 -0.981691
vn -0.190479 0.000000 -0.981691
vn 0.702407 0.000000 -0.711775
vn 0.702407 0.000000 -0.711775
vn 0.702407 0.000000 -0.711775
vn 0.702407 0.000000 -0.711775
vn 0.736902 -0.000000 0.675999
vn 0.736902 -0.000000 0.675999
vn 0.736903 -0.000000 0.675999
vn 0.736902 -0.000000 0.675999
vn -0.231957 -0.000000 0.972726
vn -0.231957 -0.000000 0.972726
vn -0.231959 -0.000000 0.972726
vn -0.231956 -0.000000 0.972726
vn -1.000000 0.000000 0.000000
vn -1.000000 0.000000 0.000000
vn -1.000000 0.000000 0.000000
vn -1.000000 0.000000 0.000000
vn 0.334408 0.000000 -0.942429
vn 0.334408 0.000000 -0.942429
vn 0.334409 0.000000 -0.942428
vn 0.334406 0.000000 -0.942429
vn -1.000000 0.000000 0.000000
vn -1.000000 0.000000 0.000000
vn -1.000000 0.000000 0.000000
vn -1.000000 0.000000 0.000000
vn 0.000000 0.000000 -1.000000
vn 0.000000 0.000000 -1.000000
vn 0.000000 0.000000 -1.000000
vn 0.000000 0.000000 -1.000000
vn -1.000000 0.000000 0.000000
vn -0.929569 -0.000000 0.368648
vn -0.929569 -0.000000 0.368648
vn -1.000000 0.000000 0.000000
vn -0.728198 -0.000000 0.685367
vn -0.929569 -0.000000 0.368648
vn -0.728198 -0.000000 0.685367
vn -0.929569 -0.000000 0.368648
vn 0.310575 -0.000000 0.950549
vn 0.310575 -0.000000 0.950549
vn 0.310574 -0.000000 0.950549
vn 0.310577 -0.000000 0.950548
vn -1.000000 0.000000 0.000000
vn -1.000000 0.000000 0.000000
vn -1.000000 0.000000 0.000000
vn -1.000000 0.000000 0.000000
vn -0.267645 0.000000 -0.963518
vn -0.267645 0.000000 -0.963518
vn -0.267646 0.000000 -0.963517
vn -0.267643 0.000000 -0.963518
vn 0.694681 0.000000 -0.719318
vn 0.694681 0.000000 -0.719318
vn 0.694681 0.000000 -0.719318
vn 0.694682 0.000000 -0.719317
vn 1.000000 0.000000 0.000000
vn 1.000000 0.000000 0.000000
vn 1.000000 0.000000 0.000000
vn 1.000000 0.000000 0.000000
vn 0.000000 0.000000 -1.000000
vn 0.000000 0.000000 -1.000000
vn 0.000000 0.000000 -1.000000
vn 0.000000 0.000000 -1.000000
vn 1.000000 0.000000 0.000000
vn 1.000000 0.000000 0.000000
vn 1.000000 0.000000 0.000000
vn 1.000000 0.000000 0.000000
vn 0.698486 -0.000000 0.715624
vn 0.698486 -0.000000 0.715624
vn 0.698486 -0.000000 0.715624
vn 0.698486 -0.000000 0.715624
vn -1.000000 0.000000 0.000000
vn -1.000000 0.000000 0.000000
vn -1.000000 0.000000 0.000000
vn -1.000000 0.000000 0.000000
vn 0.000000 -0.000000 1.000000
vn 0.000000 -0.000000 1.000000
vn 0.000000 -0.000000 1.000000
vn 0.000000 -0.000000 1.000000
vn 1.000000 0.000000 0.000000
vn 1.000000 0.000000 0.000000
vn 1.000000 0.000000 0.000000
vn 1.000000 0.000000 0.000000
vn 0.000000 -0.000000 1.000000
vn 0.000000 -0.000000 1.000000
vn 0.000000 -0.000000 1.000000
vn 0.000000 -0.000000 1.000000
vn -1.000000 0.000000 0.000000
vn -1.000000 0.000000 0.000000
vn -1.000000 0.000000 0.000000
vn -1.000000 0.000000 0.000000
vn 0.000000 0.000000 -1.000000
vn 0.000000 0.000000 -1.000000
vn 0.000000 0.000000 -1.000000
vn 0.000000 0.000000 -1.000000
vn 0.707108 -0.000000 0.707106
vn 0.707108 -0.000000 0.707106
vn 0.707107 -0.000000 0.707107
vn 0.707109 -0.000000 0.707105
vn -0.707106 -0.000000 0.707108
vn -0.707106 -0.000000 0.707108
vn -0.707106 -0.000000 0.707108
vn -0.707106 -0.000000 0.707108
vn -0.707109 0.000000 -0.707104
vn -0.707109 0.000000 -0.707104
vn -0.707109 0.000000 -0.707104
vn -0.707109 0.000000 -0.707104
vn 0.707107 0.000000 -0.707107
vn 0.707107 0.000000 -0.707107
vn 0.707108 0.000000 -0.707105
vn 0.707105 0.000000 -0.707108
vn -1.000000 0.000000 0.000000
vn -1.000000 0.000000 0.000000
vn -1.000000 0.000000 0.000000
vn -1.000000 0.000000 0.000000
vn 0.000000 0.000000 -1.000000
vn 0.000000 0.000000 -1.000000
vn 0.000000 0.000000 -1.000000
vn 0.000000 0.000000 -1.000000
vn -1.000000 0.000000 0.000000
vn -0.929569 -0.000000 0.368647
vn -0.929569 -0.000000 0.368648
vn -1.000000 0.000000 0.000000
vn -0.728199 -0.000000 0.685366
vn -0.929569 -0.000000 0.368647
vn -0.728200 -0.000000 0.685365
vn -0.929569 -0.000000 0.368648
vn 0.310577 -0.000000 0.950548
vn 0.310577 -0.000000 0.950548
vn 0.310577 -0.000000 0.950548
vn 0.310577 -0.000000 0.950548
vn -1.000000 0.000000 0.000000
vn -1.000000 0.000000 0.000000
vn -1.000000 0.000000 0.000000
vn -1.000000 0.000000 0.000000
vn -0.267645 0.000000 -0.963518
vn -0.267645 0.000000 -0.963518
vn -0.267646 0.000000 -0.963517
vn -0.267643 0.000000 -0.963518
vn 0.694681 0.000000 -0.719318
vn 0.694681 0.000000 -0.719318
vn 0.694682 0.000000 -0.719317
vn 0.694681 0.000000 -0.719318
vn 1.000000 0.000000 0.000000
vn 1.000000 0.000000 0.000000
vn 1.000000 0.000000 0.000000
vn 1.000000 0.000000 0.000000
vn 0.000000 0.000000 -1.000000
vn 0.000000 0.000000 -1.000000
vn 0.000000 0.000000 -1.000000
vn 0.000000 0.000000 -1.000000
vn 1.000000 0.000000 0.000000
vn 1.000000 0.000000 0.000000
vn 1.000000 0.000000 0.000000
vn 1.000000 0.000000 0.000000
vn 0.698486 -0.000000 0.715624
vn 0.698486 -0.000000 0.715624
vn 0.698485 -0.000000 0.715624
vn 0.698486 -0.000000 0.715624
vn -1.000000 0.000000 0.000000
vn -1.000000 0.000000 0.000000
vn -1.000000 0.000000 0.000000
vn -1.000000 0.000000 0.000000
vn 0.000000 -0.000000 1.000000
vn 0.000000 -0.000000 1.000000
vn 0.000000 -0.000000 1.000000
vn 0.000000 -0.000000 1.000000
vn 1.000000 0.000000 0.000000
vn 1.000000 0.000000 0.000000
vn 1.000000 0.000000 0.000000
vn 1.000000 0.000000 0.000000
vn 0.000000 -0.000000 1.000000
vn 0.000000 -0.000000 1.000000
vn 0.000000 -0.000000 1.000000
vn 0.000000 -0.000000 1.000000
vn -1.000000 0.000000 0.000000
vn -1.000000 0.000000 0.000000
vn -1.000000 0.000000 0.000000
vn -1.000000 0.000000 0.000000
vn 0.000000 0.000000 -1.000000
vn 0.000000 0.000000 -1.000000
vn 0.000000 0.000000 -1.000000
vn 0.000000 0.000000 -1.000000
vn 0.707107 -0.000000 0.707107
vn 0.707107 -0.000000 0.707107
vn 0.707107 -0.000000 0.707107
vn 0.707107 -0.000000 0.707107
vn -0.707106 -0.000000 0.707108
vn -0.707106 -0.000000 0.707108
vn -0.707106 -0.000000 0.707108
vn -0.707106 -0.000000 0.707108
vn -0.707108 0.000000 -0.707106
vn -0.707108 0.000000 -0.707106
vn -0.707109 0.000000 -0.707104
vn -0.707107 0.000000 -0.707107
vn 0.707107 0.000000 -0.707107
vn 0.707107 0.000000 -0.707107
vn 0.707108 0.000000 -0.707106
vn 0.707106 0.000000 -0.707108
vn 0.708593 0.000000 -0.705617
vn 0.708593 0.000000 -0.705617
vn 0.708593 0.000000 -0.705617
vn 0.708593 0.000000 -0.705617
vn 0.694867 -0.000000 0.719139
vn 0.694867 -0.000000 0.719139
vn 0.694867 -0.000000 0.719139
vn 0.694867 -0.000000 0.719139
vn -0.685831 -0.000000 0.727761
vn -0.685831 -0.000000 0.727761
vn -0.685831 -0.000000 0.727761
vn -0.685831 -0.000000 0.727761
vn -0.699720 0.000000 -0.714417
vn -0.699720 0.000000 -0.714417
vn -0.699720 0.000000 -0.714417
vn -0.699720 0.000000 -0.714417
vn 0.716172 -0.000000 0.697923
vn 0.716172 -0.000000 0.697923
vn 0.716172 -0.000000 0.697923
vn 0.716172 -0.000000 0.697923
vn 0.700070 0.000000 -0.714074
vn 0.700070 0.000000 -0.714074
vn 0.700070 0.000000 -0.714074
vn 0.700070 0.000000 -0.714074
vn -0.716662 0.000000 -0.697421
vn -0.716662 0.000000 -0.697421
vn -0.716662 0.000000 -0.697421
vn -0.716662 0.000000 -0.697421
vn -0.736766 -0.000000 0.676148
vn -0.736766 -0.000000 0.676148
vn -0.736766 -0.000000 0.676148
vn -0.736766 -0.000000 0.676148
vn 0.452532 -0.000000 0.891748
vn 0.309218 -0.000000 0.950991
vn 0.452532 -0.000000 0.891748
vn 0.154609 -0.000000 0.987976
vn -0.890529 -0.000000 0.454927
vn -0.763705 -0.000000 0.645565
vn -0.973787 -0.000000 0.227464
vn -0.763705 -0.000000 0.645565
vn -1.000000 0.000000 0.000000
vn -0.973787 -0.000000 0.227464
vn -1.000000 0.000000 0.000000
vn -0.890529 -0.000000 0.454927
vn 0.000000 0.000000 -1.000000
vn 0.000000 0.000000 -1.000000
vn 0.000000 0.000000 -1.000000
vn 0.000000 0.000000 -1.000000
vn 0.942888 0.000000 -0.333111
vn 1.000000 0.000000 0.000000
vn 0.942888 0.000000 -0.333111
vn 1.000000 0.000000 0.000000
vn 0.942888 0.000000 -0.333111
vn 0.778074 0.000000 -0.628172
vn 0.778074 0.000000 -0.628173
vn 0.942888 0.000000 -0.333111
vn -0.501950 0.000000 -0.864897
vn -0.501950 0.000000 -0.864897
vn -0.501950 0.000000 -0.864897
vn -0.501950 0.000000 -0.864897
vn -1.000000 0.000000 0.000000
vn -1.000000 0.000000 0.000000
vn -1.000000 0.000000 0.000000
vn -1.000000 0.000000 0.000000
vn 0.000000 0.000000 -1.000000
vn 0.000000 0.000000 -1.000000
vn 0.000000 0.000000 -1.000000
vn 0.000000 0.000000 -1.000000
vn 1.000000 0.000000 0.000000
vn 1.000000 0.000000 0.000000
vn 1.000000 0.000000 0.000000
vn 1.000000 0.000000 0.000000
vn 0.000000 -0.000000 1.000000
vn 0.000000 -0.000000 1.000000
vn 0.000000 -0.000000 1.000000
vn 0.000000 -0.000000 1.000000
vn -1.000000 0.000000 0.000000
vn -1.000000 0.000000 0.000000
vn -1.000000 0.000000 0.000000
vn -1.000000 0.000000 0.000000
vn 0.154609 -0.000000 0.987976
vn 0.000000 -0.000000 1.000000
vn 0.309218 -0.000000 0.950991
vn 0.000000 -0.000000 1.000000
vn 0.738819 0.000000 -0.673904
vn 0.738819 0.000000 -0.673904
vn 0.738819 0.000000 -0.673903
vn 0.738819 0.000000 -0.673904
vn 0.735546 -0.000000 0.677474
vn 0.735546 -0.000000 0.677474
vn 0.735547 -0.000000 0.677474
vn 0.735546 -0.000000 0.677475
vn -0.784882 -0.000000 0.619646
vn -0.784882 -0.000000 0.619646
vn -0.784882 -0.000000 0.619646
vn -0.784882 -0.000000 0.619646
vn 0.000000 0.000000 -1.000000
vn 0.000000 0.000000 -1.000000
vn 0.000000 0.000000 -1.000000
vn 0.000000 0.000000 -1.000000
vn -0.666505 -0.000000 0.745501
vn -0.666505 -0.000000 0.745501
vn -0.666505 -0.000000 0.745500
vn -0.666504 -0.000000 0.745501
vn 0.325249 -0.000000 0.945629
vn 0.325249 -0.000000 0.945629
vn 0.325249 -0.000000 0.945629
vn 0.325249 -0.000000 0.945629
vn -1.000000 0.000000 0.000000
vn -1.000000 0.000000 0.000000
vn -1.000000 0.000000 0.000000
vn -1.000000 0.000000 0.000000
vn -0.283907 0.000000 -0.958852
vn -0.283907 0.000000 -0.958852
vn -0.283907 0.000000 -0.958852
vn -0.283907 0.000000 -0.958852
vn -0.676001 0.000000 -0.736900
vn -0.676001 0.000000 -0.736900
vn -0.676002 0.000000 -0.736900
vn -0.676001 0.000000 -0.736901
vn 0.000000 -0.000000 1.000000
vn 0.000000 -0.000000 1.000000
vn 0.000000 -0.000000 1.000000
vn 0.000000 -0.000000 1.000000
vn 0.726468 0.000000 -0.687201
vn 0.726468 0.000000 -0.687201
vn 0.726468 0.000000 -0.687201
vn 0.726468 0.000000 -0.687201
vn 0.348133 -0.000000 0.937445
vn 0.000000 -0.000000 1.000000
vn 0.348133 -0.000000 0.937445
vn 0.000000 -0.000000 1.000000
vn 0.348133 -0.000000 0.937445
vn 0.652711 -0.000000 0.757607
vn 0.652711 -0.000000 0.757607
vn 0.348133 -0.000000 0.937445
vn -0.437097 -0.000000 0.899414
vn -0.437097 -0.000000 0.899414
vn -0.437097 -0.000000 0.899414
vn -0.437097 -0.000000 0.899414
vn -0.853554 0.000000 -0.521004
vn -0.853554 0.000000 -0.521004
vn -0.853554 0.000000 -0.521004
vn -0.853554 0.000000 -0.521004
vn 0.468376 0.000000 -0.883529
vn 0.468376 0.000000 -0.883529
vn 0.468376 0.000000 -0.883529
vn 0.468376 0.000000 -0.883529
vn -0.900659 0.000000 -0.434527
vn -0.784738 0.000000 -0.619828
vn -0.976113 0.000000 -0.217264
vn -0.784738 0.000000 -0.619828
vn -1.000000 0.000000 0.000000
vn -0.976113 0.000000 -0.217264
vn -1.000000 0.000000 0.000000
vn -0.900659 0.000000 -0.434527
vn 0.000000 0.000000 -1.000000
vn 0.000000 0.000000 -1.000000
vn 0.000000 0.000000 -1.000000
vn 0.000000 0.000000 -1.000000
vn 1.000000 0.000000 0.000000
vn 1.000000 0.000000 0.000000
vn 1.000000 0.000000 0.000000
vn 1.000000 0.000000 0.000000
vn 0.000000 -0.000000 1.000000
vn 0.000000 -0.000000 1.000000
vn 0.000000 -0.000000 1.000000
vn 0.000000 -0.000000 1.000000
vn -1.000000 0.000000 0.000000
vn -1.000000 0.000000 0.000000
vn -1.000000 0.000000 0.000000
vn -1.000000 0.000000 0.000000
vn 0.000000 1.000000 0.000000
vn 0.000000 1.000000 0.000000
vn 0.000000 1.000000 0.000000
vn 0.000000 1.000000 0.000000
vn 0.000000 1.000000 0.000000
vn 0.000000 1.000000 0.000000
vn 0.000000 1.000000 0.000000
vn 0.000000 1.000000 0.000000
vn -1.000000 0.000000 0.000000
vn -1.000000 0.000000 0.000000
vn -1.000000 0.000000 0.000000
vn -1.000000 0.000000 0.000000
vn 0.000000 -0.000000 1.000000
vn 0.000000 -0.000000 1.000000
vn 0.000000 -0.000000 1.000000
vn 0.000000 -0.000000 1.000000
vn 1.000000 0.000000 0.000000
vn 1.000000 0.000000 0.000000
vn 1.000000 0.000000 0.000000
vn 1.000000 0.000000 0.000000
vn -1.000000 0.000000 0.000000
vn -1.000000 0.000000 0.000000
vn -1.000000 0.000000 0.000000
vn -1.000000 0.000000 0.000000
vn 1.000000 0.000000 0.000000
vn 1.000000 0.000000 0.000000
vn 1.000000 0.000000 0.000000
vn 1.000000 0.000000 0.000000
vn 1.000000 0.000000 0.000000
vn 1.000000 0.000000 0.000000
vn 1.000000 0.000000 0.000000
vn 1.000000 0.000000 0.000000
vn 1.000000 0.000000 0.000000
vn 1.000000 0.000000 0.000000
vn 1.000000 0.000000 0.000000
vn 1.000000 0.000000 0.000000
vn 1.000000 0.000000 0.000000
vn 1.000000 0.000000 0.000000
vn 1.000000 0.000000 0.000000
vn -1.000000 0.000000 0.000000
vn -1.000000 0.000000 0.000000
vn -1.000000 0.000000 0.000000
vn -1.000000 0.000000 0.000000
vn -1.000000 0.000000 0.000000
vn -1.000000 0.000000 0.000000
vn -1.000000 0.000000 0.000000
vn 0.000000 -0.000000 1.000000
vn 0.000000 -0.000000 1.000000
vn 0.000000 -0.000000 1.000000
vn 0.000000 -0.000000 1.000000
vn 0.000000 -0.000000 1.000000
vn 0.000000 -0.000000 1.000000
vn 0.000000 -0.000000 1.000000
vn 0.000000 -0.000000 1.000000
vn -1.000000 0.000000 0.000000
vn -1.000000 0.000000 0.000000
vn -1.000000 0.000000 0.000000
vn -1.000000 0.000000 0.000000
vn -1.000000 0.000000 0.000000
vn -1.000000 0.000000 0.000000
vn -1.000000 0.000000 0.000000
vn -1.000000 0.000000 0.000000
vn -1.000000 0.000000 0.000000
vn -1.000000 0.000000 0.000000
vn -1.000000 0.000000 0.000000
vn -1.000000 0.000000 0.000000
vn -1.000000 0.000000 0.000000
vn -1.000000 0.000000 0.000000
vn -1.000000 0.000000 0.000000
vn -1.000000 0.000000 0.000000
vn 1.000000 0.000000 0.000000
vn 1.000000 0.000000 0.000000
vn 1.000000 0.000000 0.000000
vn 1.000000 0.000000 0.000000
vn 0.000000 1.000000 0.000000
vn 0.000000 1.000000 0.000000
vn 0.000000 1.000000 0.000000
vn 0.000000 1.000000 0.000000
vn 0.000000 1.000000 0.000000
vn 0.000000 1.000000 0.000000
vn 0.000000 1.000000 0.000000
vn 0.000000 1.000000 0.000000
vn 0.000000 1.000000 0.000000
vn 0.000000 1.000000 0.000000
vn 0.000000 1.000000 0.000000
vn 0.000000 1.000000 0.000000
vn 0.000000 1.000000 0.000000
vn 0.000000 1.000000 0.000000
vn 0.000000 1.000000 0.000000
vn 0.000000 1.000000 0.000000
vn 0.000000 1.000000 0.000000
vn 0.000000 1.000000 0.000000
vn 0.000000 -1.000000 -0.000000
vn 0.000000 -1.000000 -0.000000
vn 0.000000 -1.000000 -0.000000
vn 0.000000 -1.000000 -0.000000
vn 0.000000 -1.000000 -0.000000
vn 0.000000 -1.000000 -0.000000
vn 0.000000 -1.000000 -0.000000
vn 0.000000 -1.000000 -0.000000
vn 0.000000 -1.000000 -0.000000
vn 1.000000 0.000000 0.000000
vn 1.000000 0.000000 0.000000
vn 1.000000 0.000000 0.000000
vn 1.000000 0.000000 0.000000
vn 1.000000 0.000000 0.000000
vn 1.000000 0.000000 0.000000
vn 1.000000 0.000000 0.000000
vn 1.000000 0.000000 0.000000
vn 1.000000 0.000000 0.000000
vn 1.000000 0.000000 0.000000
vn 1.000000 0.000000 0.000000
vn 1.000000 0.000000 0.000000
vn 0.000000 -0.000000 1.000000
vn 0.000000 -0.000000 1.000000
vn 0.000000 -0.000000 1.000000
vn 0.000000 -0.000000 1.000000
vn 1.000000 0.000000 0.000000
vn 1.000000 0.000000 0.000000
vn 1.000000 0.000000 0.000000
vn 1.000000 0.000000 0.000000
vn -1.000000 0.000000 0.000000
vn -1.000000 0.000000 0.000000
vn -1.000000 0.000000 0.000000
vn -1.000000 0.000000 0.000000
vn 1.000000 0.000000 0.000000
vn 1.000000 0.000000 0.000000
vn 1.000000 0.000000 0.000000
vn 1.000000 0.000000 0.000000
vn 1.000000 0.000000 0.000000
vn 1.000000 0.000000 0.000000
vn 1.000000 0.000000 0.000000
vn 1.000000 0.000000 0.000000
vn 1.000000 0.000000 0.000000
vn 1.000000 0.000000 0.000000
vn 0.000000 1.000000 0.000000
vn 0.000000 1.000000 0.000000
vn 0.000000 1.000000 0.000000
vn 0.000000 1.000000 0.000000
vn 0.000000 1.000000 0.000000
vn 1.000000 0.000000 0.000000
vn 1.000000 0.000000 0.000000
vn 1.000000 0.000000 0.000000
vn 1.000000 0.000000 0.000000
vn -1.000000 0.000000 0.000000
vn -1.000000 0.000000 0.000000
vn -1.000000 0.000000 0.000000
vn -1.000000 0.000000 0.000000
vn 0.000000 -1.000000 -0.000000
vn 0.000000 -1.000000 -0.000000
vn 0.000000 -1.000000 -0.000000
vn 0.000000 -1.000000 -0.000000
vn 0.000000 -1.000000 -0.000000
vn 0.000000 -1.000000 -0.000000
vn 0.000000 -1.000000 -0.000000
vn 0.000000 -1.000000 -0.000000
vn 0.000000 0.000000 -1.000000
vn 0.000000 0.000000 -1.000000
vn 0.000000 0.000000 -1.000000
vn 0.000000 0.000000 -1.000000
vn 0.000000 0.000000 -1.000000
vn 0.000000 0.000000 -1.000000
vn 0.000000 1.000000 0.000000
vn 0.000000 1.000000 0.000000
vn 0.000000 1.000000 0.000000
vn 0.000000 1.000000 0.000000
vn 1.000000 0.000000 0.000000
vn 1.000000 0.000000 0.000000
vn 1.000000 0.000000 0.000000
vn 1.000000 0.000000 0.000000
vn -1.000000 0.000000 0.000000
vn -1.000000 0.000000 0.000000
vn -1.000000 0.000000 0.000000
vn -1.000000 0.000000 0.000000
vn -1.000000 0.000000 0.000000
vn -1.000000 0.000000 0.000000
vn -1.000000 0.000000 0.000000
vn -1.000000 0.000000 0.000000
vn -1.000000 0.000000 0.000000
vn -1.000000 0.000000 0.000000
vn 0.000000 -1.000000 -0.000000
vn 0.000000 -1.000000 -0.000000
vn 0.000000 -1.000000 -0.000000
vn 0.000000 -1.000000 -0.000000
vn 0.000000 1.000000 0.000000
vn 0.000000 1.000000 0.000000
vn 0.000000 1.000000 0.000000
vn 0.000000 1.000000 0.000000
vn 0.000000 1.000000 0.000000
vn 0.000000 1.000000 0.000000
vn 0.000000 1.000000 0.000000
vn 0.000000 1.000000 0.000000
vn 0.000000 1.000000 0.000000
vn 0.000000 1.000000 0.000000
vn 0.000000 1.000000 0.000000
vn 0.000000 1.000000 0.000000
vn 0.000000 1.000000 0.000000
vn 0.000000 -1.000000 -0.000000
vn 0.000000 -1.000000 -0.000000
vn 0.000000 -1.000000 -0.000000
vn 0.000000 -1.000000 -0.000000
vn 0.000000 -1.000000 -0.000000
vn 0.000000 -1.000000 -0.000000
vn 0.000000 -1.000000 -0.000000
vn 0.000000 -1.000000 -0.000000
vn 0.000000 -1.000000 -0.000000
vn 0.000000 -1.000000 -0.000000
f 3/3/3 2/2/2 1/1/1
f 6/6/6 5/5/5 4/4/4
f 8/8/8 7/7/7 6/6/6
f 11/11/11 10/10/10 9/9/9
f 14/14/14 13/13/13 12/12/12
f 16/16/16 15/15/15 13/13/13
f 17/17/17 15/15/15 16/16/16
f 20/20/20 19/19/19 18/18/18
f 22/22/22 21/21/21 19/19/19
f 21/21/21 22/22/22 23/23/23
f 24/24/24 23/23/23 22/22/22
f 26/26/26 21/21/21 25/25/25
f 29/29/29 28/28/28 27/27/27
f 32/32/32 31/31/31 30/30/30
f 35/35/35 34/34/34 33/33/33
f 38/38/38 37/37/37 36/36/36
f 41/41/41 40/40/40 39/39/39
f 44/44/44 43/43/43 42/42/42
f 46/46/46 42/42/42 45/45/45
f 48/48/48 46/46/46 47/47/47
f 51/51/51 50/50/50 49/49/49
f 53/53/53 52/52/52 51/51/51
f 55/55/55 54/54/54 52/52/52
f 57/57/57 54/54/54 56/56/56
f 60/60/60 59/59/59 58/58/58
f 62/62/62 58/58/58 61/61/61
f 63/63/63 62/62/62 61/61/61
f 66/66/66 65/65/65 64/64/64
f 64/64/64 68/68/68 67/67/67
f 71/71/71 70/70/70 69/69/69
f 69/69/69 73/73/73 72/72/72
f 76/76/76 75/75/75 74/74/74
f 74/74/74 78/78/78 77/77/77
f 81/81/81 80/80/80 79/79/79
f 84/84/84 83/83/83 82/82/82
f 86/86/86 82/82/82 85/85/85
f 87/87/87 86/86/86 85/85/85
f 90/90/90 89/89/89 88/88/88
f 92/92/92 90/90/90 91/91/91
f 93/93/93 90/90/90 92/92/92
f 96/96/96 95/95/95 94/94/94
f 99/99/99 98/98/98 97/97/97
f 101/101/101 97/97/97 100/100/100
f 102/102/102 101/101/101 100/100/100
f 105/105/105 104/104/104 103/103/103
f 104/104/104 107/107/107 106/106/106
f 110/110/110 109/109/109 108/108/108
f 112/112/112 108/108/108 111/111/111
f 113/113/113 112/112/112 111/111/111
f 116/116/116 115/115/115 114/114/114
f 119/119/119 118/118/118 117/117/117
f 121/121/121 120/120/120 117/117/117
f 124/124/124 123/123/123 122/122/122
f 126/126/126 125/125/125 122/122/122
f 129/129/129 128/128/128 127/127/127
f 131/131/131 127/127/127 130/130/130
f 132/132/132 127/127/127 131/131/131
f 135/135/135 134/134/134 133/133/133
f 138/138/138 137/137/137 136/136/136
f 140/140/140 139/139/139 136/136/136
f 142/142/142 139/139/139 141/141/141
f 145/145/145 144/144/144 143/143/143
f 147/147/147 146/146/146 143/143/143
f 149/149/149 148/148/148 143/143/143
f 151/151/151 150/150/150 143/143/143
f 154/154/154 153/153/153 152/152/152
f 157/157/157 156/156/156 155/155/155
f 160/160/160 159/159/159 158/158/158
f 162/162/162 161/161/161 158/158/158
f 164/164/164 161/161/161 163/163/163
f 164/164/164 165/165/165 158/158/158
f 167/167/167 166/166/166 158/158/158
f 164/164/164 166/166/166 168/168/168
f 164/164/164 170/170/170 169/169/169
f 173/173/173 172/172/172 171/171/171
f 176/176/176 175/175/175 174/174/174
f 179/179/179 178/178/178 177/177/177
f 182/182/182 181/181/181 180/180/180
f 185/185/185 184/184/184 183/183/183
f 187/187/187 184/184/184 186/186/186
f 187/187/187 189/189/189 188/188/188
f 191/191/191 189/189/189 190/190/190
f 193/193/193 192/192/192 190/190/190
f 195/195/195 194/194/194 190/190/190
f 197/197/197 196/196/196 190/190/190
f 200/200/200 199/199/199 198/198/198
f 203/203/203 202/202/202 201/201/201
f 206/206/206 205/205/205 204/204/204
f 209/209/209 208/208/208 207/207/207
f 212/212/212 211/211/211 210/210/210
f 214/214/214 213/213/213 210/210/210
f 217/217/217 216/216/216 215/215/215
f 217/217/217 219/219/219 218/218/218
f 222/222/222 221/221/221 220/220/220
f 225/225/225 224/224/224 223/223/223
f 228/228/228 227/227/227 226/226/226
f 231/231/231 230/230/230 229/229/229
f 234/234/234 233/233/233 232/232/232
f 236/236/236 235/235/235 232/232/232
f 238/238/238 237/237/237 232/232/232
f 241/241/241 240/240/240 239/239/239
f 241/241/241 243/243/243 242/242/242
f 241/241/241 245/245/245 244/244/244
f 247/247/247 245/245/245 246/246/246
f 250/250/250 249/249/249 248/248/248
f 253/253/253 252/252/252 251/251/251
f 256/256/256 255/255/255 254/254/254
f 259/259/259 258/258/258 257/257/257
f 262/262/262 261/261/261 260/260/260
f 265/265/265 264/264/264 263/263/263
f 268/268/268 267/267/267 266/266/266
f 271/271/271 270/270/270 269/269/269
f 274/274/274 273/273/273 272/272/272
f 277/277/277 276/276/276 275/275/275
f 279/279/279 278/278/278 275/275/275
f 281/281/281 280/280/280 275/275/275
f 284/284/284 283/283/283 282/282/282
f 284/284/284 286/286/286 285/285/285
f 284/284/284 288/288/288 287/287/287
f 290/290/290 288/288/288 289/289/289
f 293/293/293 292/292/292 291/291/291
f 296/296/296 295/295/295 294/294/294
f 299/299/299 298/298/298 297/297/297
f 302/302/302 301/301/301 300/300/300
f 305/305/305 304/304/304 303/303/303
f 308/308/308 307/307/307 306/306/306
f 310/310/310 309/309/309 306/306/306
f 312/312/312 309/309/309 311/311/311
f 314/314/314 313/313/313 311/311/311
f 316/316/316 315/315/315 311/311/311
f 319/319/319 318/318/318 317/317/317
f 322/322/322 321/321/321 320/320/320
f 325/325/325 324/324/324 323/323/323
f 328/328/328 327/327/327 326/326/326
f 328/328/328 330/330/330 329/329/329
f 332/332/332 330/330/330 331/331/331
f 332/332/332 334/334/334 333/333/333
f 336/336/336 335/335/335 333/333/333
f 336/336/336 338/338/338 337/337/337
f 336/336/336 340/340/340 339/339/339
f 342/342/342 340/340/340 341/341/341
f 336/336/336 344/344/344 343/343/343
f 346/346/346 344/344/344 345/345/345
f 348/348/348 347/347/347 345/345/345
f 350/350/350 349/349/349 345/345/345
f 353/353/353 352/352/352 351/351/351
f 356/356/356 355/355/355 354/354/354
f 358/358/358 357/357/357 354/354/354
f 360/360/360 359/359/359 354/354/354
f 360/360/360 362/362/362 361/361/361
f 360/360/360 364/364/364 363/363/363
f 366/366/366 364/364/364 365/365/365
f 369/369/369 368/368/368 367/367/367
f 372/372/372 371/371/371 370/370/370
f 374/374/374 373/373/373 370/370/370
f 376/376/376 373/373/373 375/375/375
f 379/379/379 378/378/378 377/377/377
f 381/381/381 380/380/380 377/377/377
f 383/383/383 382/382/382 377/377/377
f 385/385/385 384/384/384 377/377/377
f 388/388/388 387/387/387 386/386/386
f 391/391/391 390/390/390 389/389/389
f 394/394/394 393/393/393 392/392/392
f 396/396/396 395/395/395 392/392/392
f 398/398/398 397/397/397 392/392/392
f 400/400/400 395/395/395 399/399/399
f 402/402/402 397/397/397 401/401/401
f 404/404/404 403/403/403 401/401/401
f 406/406/406 405/405/405 399/399/399
f 408/408/408 405/405/405 407/407/407
f 408/408/408 410/410/410 409/409/409
f 408/408/408 412/412/412 411/411/411
f 415/415/415 414/414/414 413/413/413
f 418/418/418 417/417/417 416/416/416
f 421/421/421 420/420/420 419/419/419
f 421/421/421 423/423/423 422/422/422
f 421/421/421 424/424/424 423/423/423
f 423/423/423 424/424/424 425/425/425
f 424/424/424 426/426/426 425/425/425
f 424/424/424 427/427/427 426/426/426
f 427/427/427 424/424/424 428/428/428
f 429/429/429 427/427/427 428/428/428
f 430/430/430 427/427/427 429/429/429
f 431/431/431 430/430/430 429/429/429
f 432/432/432 431/431/431 429/429/429
f 433/433/433 431/431/431 432/432/432
f 435/435/435 434/434/434 422/422/422
f 422/422/422 434/434/434 436/436/436
f 434/434/434 437/437/437 436/436/436
f 436/436/436 437/437/437 438/438/438
f 441/441/441 440/440/440 439/439/439
f 443/443/443 442/442/442 441/441/441
f 445/445/445 442/442/442 444/444/444
f 448/448/448 447/447/447 446/446/446
f 451/451/451 450/450/450 449/449/449
f 454/454/454 453/453/453 452/452/452
f 457/457/457 456/456/456 455/455/455
f 459/459/459 458/458/458 456/456/456
f 458/458/458 460/460/460 456/456/456
f 460/460/460 461/461/461 456/456/456
f 461/461/461 460/460/460 462/462/462
f 464/464/464 462/462/462 463/463/463
f 467/467/467 466/466/466 465/465/465
f 470/470/470 469/469/469 468/468/468
f 473/473/473 472/472/472 471/471/471
f 476/476/476 475/475/475 474/474/474
f 478/478/478 477/477/477 476/476/476
f 480/480/480 479/479/479 477/477/477
f 481/481/481 479/479/479 480/480/480
f 482/482/482 479/479/479 481/481/481
f 483/483/483 482/482/482 481/481/481
f 484/484/484 483/483/483 481/481/481
f 485/485/485 479/479/479 482/482/482
f 486/486/486 485/485/485 482/482/482
f 479/479/479 485/485/485 487/487/487
f 488/488/488 483/483/483 484/484/484
f 489/489/489 483/483/483 488/488/488
f 490/490/490 488/488/488 484/484/484
f 491/491/491 490/490/490 484/484/484
f 492/492/492 488/488/488 490/490/490
f 493/493/493 485/485/485 486/486/486
f 485/485/485 494/494/494 487/487/487
f 495/495/495 487/487/487 494/494/494
f 496/496/496 495/495/495 494/494/494
f 497/497/497 487/487/487 495/495/495
f 498/498/498 487/487/487 497/497/497
f 498/498/498 497/497/497 499/499/499
f 500/500/500 487/487/487 498/498/498
f 493/493/493 486/486/486 501/501/501
f 502/502/502 501/501/501 486/486/486
f 503/503/503 493/493/493 501/501/501
f 504/504/504 501/501/501 502/502/502
f 505/505/505 504/504/504 502/502/502
f 506/506/506 504/504/504 505/505/505
f 508/508/508 507/507/507 501/501/501
f 510/510/510 493/493/493 509/509/509
f 511/511/511 493/493/493 510/510/510
f 512/512/512 511/511/511 510/510/510
f 513/513/513 511/511/511 512/512/512
f 516/516/516 515/515/515 514/514/514
f 514/514/514 518/518/518 517/517/517
f 521/521/521 520/520/520 519/519/519
f 523/523/523 522/522/522 519/519/519
f 519/519/519 522/522/522 524/524/524
f 525/525/525 524/524/524 522/522/522
f 526/526/526 524/524/524 525/525/525
f 528/528/528 524/524/524 527/527/527
f 529/529/529 528/528/528 527/527/527
f 530/530/530 528/528/528 529/529/529
f 531/531/531 530/530/530 529/529/529
f 532/532/532 530/530/530 531/531/531
f 535/535/535 534/534/534 533/533/533
f 537/537/537 534/534/534 536/536/536
f 534/534/534 537/537/537 538/538/538
f 539/539/539 534/534/534 538/538/538
f 541/541/541 540/540/540 539/539/539
f 539/539/539 542/542/542 541/541/541
f 541/541/541 542/542/542 543/543/543
f 543/543/543 542/542/542 544/544/544
f 544/544/544 542/542/542 545/545/545
f 545/545/545 538/538/538 546/546/546
f 548/548/548 538/538/538 547/547/547
f 549/549/549 548/548/548 547/547/547
f 546/546/546 551/551/551 550/550/550
f 552/552/552 550/550/550 551/551/551
f 552/552/552 551/551/551 553/553/553
f 554/554/554 552/552/552 553/553/553
f 555/555/555 552/552/552 554/554/554
f 556/556/556 555/555/555 554/554/554
f 557/557/557 555/555/555 556/556/556
f 557/557/557 556/556/556 558/558/558
f 561/561/561 560/560/560 559/559/559
f 564/564/564 563/563/563 562/562/562
f 566/566/566 565/565/565 563/563/563
f 567/567/567 563/563/563 565/565/565
f 570/570/570 569/569/569 568/568/568
f 573/573/573 572/572/572 571/571/571
f 575/575/575 574/574/574 572/572/572
f 576/576/576 575/575/575 572/572/572
f 579/579/579 578/578/578 577/577/577
f 582/582/582 581/581/581 580/580/580
f 585/585/585 584/584/584 583/583/583
f 588/588/588 587/587/587 586/586/586
f 590/590/590 589/589/589 588/588/588
f 591/591/591 590/590/590 588/588/588
f 591/591/591 593/593/593 592/592/592
f 592/592/592 593/593/593 594/594/594
f 595/595/595 594/594/594 593/593/593
f 597/597/597 596/596/596 593/593/593
f 598/598/598 596/596/596 597/597/597
f 601/601/601 600/600/600 599/599/599
f 604/604/604 603/603/603 602/602/602
f 606/606/606 605/605/605 603/603/603
f 607/607/607 603/603/603 605/605/605
f 610/610/610 609/609/609 608/608/608
f 613/613/613 612/612/612 611/611/611
f 615/615/615 614/614/614 612/612/612
f 616/616/616 612/612/612 614/614/614
f 619/619/619 618/618/618 617/617/617
f 619/619/619 621/621/621 620/620/620
f 620/620/620 621/621/621 622/622/622
f 623/623/623 622/622/622 621/621/621
f 623/623/623 624/624/624 622/622/622
f 622/622/622 624/624/624 625/625/625
f 626/626/626 625/625/625 624/624/624
f 625/625/625 626/626/626 627/627/627
f 630/630/630 629/629/629 628/628/628
f 633/633/633 632/632/632 631/631/631
f 632/632/632 635/635/635 634/634/634
f 635/635/635 636/636/636 634/634/634
f 637/637/637 636/636/636 635/635/635
f 634/634/634 636/636/636 638/638/638
f 639/639/639 638/638/638 636/636/636
f 642/642/642 641/641/641 640/640/640
f 645/645/645 644/644/644 643/643/643
f 648/648/648 647/647/647 646/646/646
f 651/651/651 650/650/650 649/649/649
f 654/654/654 653/653/653 652/652/652
f 657/657/657 656/656/656 655/655/655
f 659/659/659 656/656/656 658/658/658
f 660/660/660 658/658/658 656/656/656
f 658/658/658 660/660/660 661/661/661
f 662/662/662 661/661/661 660/660/660
f 663/663/663 661/661/661 662/662/662
f 664/664/664 658/658/658 661/661/661
f 665/665/665 658/658/658 664/664/664
f 668/668/668 667/667/667 666/666/666
f 671/671/671 670/670/670 669/669/669
f 674/674/674 673/673/673 672/672/672
f 676/676/676 672/672/672 675/675/675
f 676/676/676 675/675/675 677/677/677
f 680/680/680 679/679/679 678/678/678
f 683/683/683 682/682/682 681/681/681
f 685/685/685 681/681/681 684/684/684
f 685/685/685 684/684/684 686/686/686
f 689/689/689 688/688/688 687/687/687
f 692/692/692 691/691/691 690/690/690
f 695/695/695 694/694/694 693/693/693
f 698/698/698 697/697/697 696/696/696
f 701/701/701 700/700/700 699/699/699
f 704/704/704 703/703/703 702/702/702
f 707/707/707 706/706/706 705/705/705
f 710/710/710 709/709/709 708/708/708
f 712/712/712 708/708/708 711/711/711
f 715/715/715 714/714/714 713/713/713
f 717/717/717 713/713/713 716/716/716
f 720/720/720 719/719/719 718/718/718
f 723/723/723 722/722/722 721/721/721
f 726/726/726 725/725/725 724/724/724
f 728/728/728 724/724/724 727/727/727
f 728/728/728 727/727/727 729/729/729
f 732/732/732 731/731/731 730/730/730
f 735/735/735 734/734/734 733/733/733
f 738/738/738 737/737/737 736/736/736
f 741/741/741 740/740/740 739/739/739
f 743/743/743 739/739/739 742/742/742
f 742/742/742 739/739/739 744/744/744
f 747/747/747 746/746/746 745/745/745
f 749/749/749 745/745/745 748/748/748
f 749/749/749 750/750/750 745/745/745
f 750/750/750 749/749/749 751/751/751
f 754/754/754 753/753/753 752/752/752
f 754/754/754 756/756/756 755/755/755
f 759/759/759 758/758/758 757/757/757
f 762/762/762 761/761/761 760/760/760
f 764/764/764 760/760/760 763/763/763
f 764/764/764 763/763/763 765/765/765
f 768/768/768 767/767/767 766/766/766
f 770/770/770 766/766/766 769/769/769
f 770/770/770 769/769/769 771/771/771
f 774/774/774 773/773/773 772/772/772
f 777/777/777 776/776/776 775/775/775
f 779/779/779 775/775/775 778/778/778
f 779/779/779 781/781/781 780/780/780
f 782/782/782 780/780/780 781/781/781
f 784/784/784 782/782/782 783/783/783
f 785/785/785 782/782/782 784/784/784
f 788/788/788 787/787/787 786/786/786
f 791/791/791 790/790/790 789/789/789
f 793/793/793 789/789/789 792/792/792
f 792/792/792 789/789/789 794/794/794
f 797/797/797 796/796/796 795/795/795
f 799/799/799 795/795/795 798/798/798
f 799/799/799 798/798/798 800/800/800
f 803/803/803 802/802/802 801/801/801
f 805/805/805 802/802/802 804/804/804
f 808/808/808 807/807/807 806/806/806
f 810/810/810 807/807/807 809/809/809
f 813/813/813 812/812/812 811/811/811
f 815/815/815 811/811/811 814/814/814
f 815/815/815 814/814/814 816/816/816
f 819/819/819 818/818/818 817/817/817
f 821/821/821 819/819/819 820/820/820
f 821/821/821 820/820/820 822/822/822
f 825/825/825 824/824/824 823/823/823
f 828/828/828 827/827/827 826/826/826
f 831/831/831 830/830/830 829/829/829
f 834/834/834 833/833/833 832/832/832
f 832/832/832 833/833/833 835/835/835
f 838/838/838 837/837/837 836/836/836
f 836/836/836 837/837/837 839/839/839
f 842/842/842 841/841/841 840/840/840
f 840/840/840 841/841/841 843/843/843
f 846/846/846 845/845/845 844/844/844
f 844/844/844 845/845/845 847/847/847
f 850/850/850 849/849/849 848/848/848
f 848/848/848 849/849/849 851/851/851
f 854/854/854 853/853/853 852/852/852
f 852/852/852 853/853/853 855/855/855
f 858/858/858 857/857/857 856/856/856
f 856/856/856 857/857/857 859/859/859
f 862/862/862 861/861/861 860/860/860
f 860/860/860 861/861/861 863/863/863
f 866/866/866 865/865/865 864/864/864
f 864/864/864 865/865/865 867/867/867
f 870/870/870 869/869/869 868/868/868
f 868/868/868 869/869/869 871/871/871
f 874/874/874 873/873/873 872/872/872
f 872/872/872 873/873/873 875/875/875
f 878/878/878 877/877/877 876/876/876
f 876/876/876 877/877/877 879/879/879
f 882/882/882 881/881/881 880/880/880
f 880/880/880 881/881/881 883/883/883
f 886/886/886 885/885/885 884/884/884
f 884/884/884 885/885/885 887/887/887
f 890/890/890 889/889/889 888/888/888
f 888/888/888 889/889/889 891/891/891
f 894/894/894 893/893/893 892/892/892
f 892/892/892 893/893/893 895/895/895
f 898/898/898 897/897/897 896/896/896
f 896/896/896 897/897/897 899/899/899
f 902/902/902 901/901/901 900/900/900
f 900/900/900 901/901/901 903/903/903
f 906/906/906 905/905/905 904/904/904
f 904/904/904 905/905/905 907/907/907
f 910/910/910 909/909/909 908/908/908
f 908/908/908 909/909/909 911/911/911
f 914/914/914 913/913/913 912/912/912
f 912/912/912 913/913/913 915/915/915
f 918/918/918 917/917/917 916/916/916
f 916/916/916 917/917/917 919/919/919
f 922/922/922 921/921/921 920/920/920
f 920/920/920 921/921/921 923/923/923
f 926/926/926 925/925/925 924/924/924
f 924/924/924 925/925/925 927/927/927
f 930/930/930 929/929/929 928/928/928
f 928/928/928 929/929/929 931/931/931
f 934/934/934 933/933/933 932/932/932
f 932/932/932 933/933/933 935/935/935
f 938/938/938 937/937/937 936/936/936
f 936/936/936 937/937/937 939/939/939
f 942/942/942 941/941/941 940/940/940
f 940/940/940 941/941/941 943/943/943
f 946/946/946 945/945/945 944/944/944
f 944/944/944 945/945/945 947/947/947
f 950/950/950 949/949/949 948/948/948
f 948/948/948 949/949/949 951/951/951
f 954/954/954 953/953/953 952/952/952
f 952/952/952 953/953/953 955/955/955
f 958/958/958 957/957/957 956/956/956
f 956/956/956 957/957/957 959/959/959
f 962/962/962 961/961/961 960/960/960
f 960/960/960 961/961/961 963/963/963
f 966/966/966 965/965/965 964/964/964
f 964/964/964 965/965/965 967/967/967
f 970/970/970 969/969/969 968/968/968
f 968/968/968 969/969/969 971/971/971
f 974/974/974 973/973/973 972/972/972
f 972/972/972 973/973/973 975/975/975
f 978/978/978 977/977/977 976/976/976
f 976/976/976 977/977/977 979/979/979
f 982/982/982 981/981/981 980/980/980
f 980/980/980 981/981/981 983/983/983
f 986/986/986 985/985/985 984/984/984
f 984/984/984 985/985/985 987/987/987
f 990/990/990 989/989/989 988/988/988
f 988/988/988 989/989/989 991/991/991
f 994/994/994 993/993/993 992/992/992
f 992/992/992 993/993/993 995/995/995
f 998/998/998 997/997/997 996/996/996
f 996/996/996 997/997/997 999/999/999
f 1002/1002/1002 1001/1001/1001 1000/1000/1000
f 1000/1000/1000 1001/1001/1001 1003/1003/1003
f 1006/1006/1006 1005/1005/1005 1004/1004/1004
f 1004/1004/1004 1005/1005/1005 1007/1007/1007
f 1010/1010/1010 1009/1009/1009 1008/1008/1008
f 1008/1008/1008 1009/1009/1009 1011/1011/1011
f 1014/1014/1014 1013/1013/1013 1012/1012/1012
f 1012/1012/1012 1013/1013/1013 1015/1015/1015
f 1018/1018/1018 1017/1017/1017 1016/1016/1016
f 1016/1016/1016 1017/1017/1017 1019/1019/1019
f 1022/1022/1022 1021/1021/1021 1020/1020/1020
f 1020/1020/1020 1021/1021/1021 1023/1023/1023
f 1026/1026/1026 1025/1025/1025 1024/1024/1024
f 1024/1024/1024 1025/1025/1025 1027/1027/1027
f 1030/1030/1030 1029/1029/1029 1028/1028/1028
f 1028/1028/1028 1029/1029/1029 1031/1031/1031
f 1034/1034/1034 1033/1033/1033 1032/1032/1032
f 1032/1032/1032 1033/1033/1033 1035/1035/1035
f 1038/1038/1038 1037/1037/1037 1036/1036/1036
f 1037/1037/1037 1038/1038/1038 1039/1039/1039
f 1042/1042/1042 1041/1041/1041 1040/1040/1040
f 1040/1040/1040 1041/1041/1041 1043/1043/1043
f 1046/1046/1046 1045/1045/1045 1044/1044/1044
f 1044/1044/1044 1045/1045/1045 1047/1047/1047
f 1050/1050/1050 1049/1049/1049 1048/1048/1048
f 1051/1051/1051 1048/1048/1048 1049/1049/1049
f 1048/1048/1048 1051/1051/1051 1052/1052/1052
f 1055/1055/1055 1054/1054/1054 1053/1053/1053
f 1053/1053/1053 1054/1054/1054 1056/1056/1056
f 1059/1059/1059 1058/1058/1058 1057/1057/1057
f 1057/1057/1057 1058/1058/1058 1060/1060/1060
f 1063/1063/1063 1062/1062/1062 1061/1061/1061
f 1061/1061/1061 1062/1062/1062 1064/1064/1064
f 1067/1067/1067 1066/1066/1066 1065/1065/1065
f 1065/1065/1065 1066/1066/1066 1068/1068/1068
f 1071/1071/1071 1070/1070/1070 1069/1069/1069
f 1069/1069/1069 1070/1070/1070 1072/1072/1072
f 1075/1075/1075 1074/1074/1074 1073/1073/1073
f 1073/1073/1073 1074/1074/1074 1076/1076/1076
f 1079/1079/1079 1078/1078/1078 1077/1077/1077
f 1077/1077/1077 1078/1078/1078 1080/1080/1080
f 1083/1083/1083 1082/1082/1082 1081/1081/1081
f 1081/1081/1081 1082/1082/1082 1084/1084/1084
f 1087/1087/1087 1086/1086/1086 1085/1085/1085
f 1085/1085/1085 1086/1086/1086 1088/1088/1088
f 1091/1091/1091 1090/1090/1090 1089/1089/1089
f 1089/1089/1089 1090/1090/1090 1092/1092/1092
f 1095/1095/1095 1094/1094/1094 1093/1093/1093
f 1093/1093/1093 1094/1094/1094 1096/1096/1096
f 1099/1099/1099 1098/1098/1098 1097/1097/1097
f 1097/1097/1097 1098/1098/1098 1100/1100/1100
f 1103/1103/1103 1102/1102/1102 1101/1101/1101
f 1104/1104/1104 1103/1103/1103 1101/1101/1101
f 1104/1104/1104 1106/1106/1106 1105/1105/1105
f 1107/1107/1107 1105/1105/1105 1106/1106/1106
f 1109/1109/1109 1107/1107/1107 1108/1108/1108
f 1110/1110/1110 1107/1107/1107 1109/1109/1109
f 1113/1113/1113 1112/1112/1112 1111/1111/1111
f 1111/1111/1111 1112/1112/1112 1114/1114/1114
f 1117/1117/1117 1116/1116/1116 1115/1115/1115
f 1115/1115/1115 1116/1116/1116 1118/1118/1118
f 1121/1121/1121 1120/1120/1120 1119/1119/1119
f 1119/1119/1119 1120/1120/1120 1122/1122/1122
f 1125/1125/1125 1124/1124/1124 1123/1123/1123
f 1123/1123/1123 1124/1124/1124 1126/1126/1126
f 1129/1129/1129 1128/1128/1128 1127/1127/1127
f 1127/1127/1127 1128/1128/1128 1130/1130/1130
f 1133/1133/1133 1132/1132/1132 1131/1131/1131
f 1131/1131/1131 1132/1132/1132 1134/1134/1134
f 1137/1137/1137 1136/1136/1136 1135/1135/1135
f 1135/1135/1135 1136/1136/1136 1138/1138/1138
f 1141/1141/1141 1140/1140/1140 1139/1139/1139
f 1139/1139/1139 1140/1140/1140 1142/1142/1142
f 1145/1145/1145 1144/1144/1144 1143/1143/1143
f 1143/1143/1143 1144/1144/1144 1146/1146/1146
f 1149/1149/1149 1148/1148/1148 1147/1147/1147
f 1147/1147/1147 1148/1148/1148 1150/1150/1150
f 1153/1153/1153 1152/1152/1152 1151/1151/1151
f 1151/1151/1151 1152/1152/1152 1154/1154/1154
f 1157/1157/1157 1156/1156/1156 1155/1155/1155
f 1155/1155/1155 1156/1156/1156 1158/1158/1158
f 1161/1161/1161 1160/1160/1160 1159/1159/1159
f 1159/1159/1159 1160/1160/1160 1162/1162/1162
f 1165/1165/1165 1164/1164/1164 1163/1163/1163
f 1163/1163/1163 1164/1164/1164 1166/1166/1166
f 1169/1169/1169 1168/1168/1168 1167/1167/1167
f 1167/1167/1167 1168/1168/1168 1170/1170/1170
f 1173/1173/1173 1172/1172/1172 1171/1171/1171
f 1171/1171/1171 1172/1172/1172 1174/1174/1174
f 1177/1177/1177 1176/1176/1176 1175/1175/1175
f 1176/1176/1176 1177/1177/1177 1178/1178/1178
f 1181/1181/1181 1180/1180/1180 1179/1179/1179
f 1179/1179/1179 1180/1180/1180 1182/1182/1182
f 1185/1185/1185 1184/1184/1184 1183/1183/1183
f 1183/1183/1183 1184/1184/1184 1186/1186/1186
f 1189/1189/1189 1188/1188/1188 1187/1187/1187
f 1190/1190/1190 1189/1189/1189 1187/1187/1187
f 1193/1193/1193 1192/1192/1192 1191/1191/1191
f 1191/1191/1191 1192/1192/1192 1194/1194/1194
f 1197/1197/1197 1196/1196/1196 1195/1195/1195
f 1195/1195/1195 1196/1196/1196 1198/1198/1198
f 1201/1201/1201 1200/1200/1200 1199/1199/1199
f 1202/1202/1202 1199/1199/1199 1200/1200/1200
f 1205/1205/1205 1204/1204/1204 1203/1203/1203
f 1203/1203/1203 1204/1204/1204 1206/1206/1206
f 1209/1209/1209 1208/1208/1208 1207/1207/1207
f 1210/1210/1210 1209/1209/1209 1207/1207/1207
f 1213/1213/1213 1212/1212/1212 1211/1211/1211
f 1211/1211/1211 1212/1212/1212 1214/1214/1214
f 1217/1217/1217 1216/1216/1216 1215/1215/1215
f 1215/1215/1215 1216/1216/1216 1218/1218/1218
f 1221/1221/1221 1220/1220/1220 1219/1219/1219
f 1219/1219/1219 1220/1220/1220 1222/1222/1222
f 1225/1225/1225 1224/1224/1224 1223/1223/1223
f 1223/1223/1223 1224/1224/1224 1226/1226/1226
f 1229/1229/1229 1228/1228/1228 1227/1227/1227
f 1227/1227/1227 1228/1228/1228 1230/1230/1230
f 1233/1233/1233 1232/1232/1232 1231/1231/1231
f 1231/1231/1231 1232/1232/1232 1234/1234/1234
f 1237/1237/1237 1236/1236/1236 1235/1235/1235
f 1235/1235/1235 1236/1236/1236 1238/1238/1238
f 1241/1241/1241 1240/1240/1240 1239/1239/1239
f 1239/1239/1239 1240/1240/1240 1242/1242/1242
f 1245/1245/1245 1244/1244/1244 1243/1243/1243
f 1243/1243/1243 1244/1244/1244 1246/1246/1246
f 1249/1249/1249 1248/1248/1248 1247/1247/1247
f 1247/1247/1247 1248/1248/1248 1250/1250/1250
f 1253/1253/1253 1252/1252/1252 1251/1251/1251
f 1251/1251/1251 1252/1252/1252 1254/1254/1254
f 1257/1257/1257 1256/1256/1256 1255/1255/1255
f 1255/1255/1255 1256/1256/1256 1258/1258/1258
f 1261/1261/1261 1260/1260/1260 1259/1259/1259
f 1259/1259/1259 1260/1260/1260 1262/1262/1262
f 1265/1265/1265 1264/1264/1264 1263/1263/1263
f 1263/1263/1263 1264/1264/1264 1266/1266/1266
f 1269/1269/1269 1268/1268/1268 1267/1267/1267
f 1268/1268/1268 1269/1269/1269 1270/1270/1270
f 1273/1273/1273 1272/1272/1272 1271/1271/1271
f 1271/1271/1271 1272/1272/1272 1274/1274/1274
f 1277/1277/1277 1276/1276/1276 1275/1275/1275
f 1275/1275/1275 1276/1276/1276 1278/1278/1278
f 1281/1281/1281 1280/1280/1280 1279/1279/1279
f 1279/1279/1279 1280/1280/1280 1282/1282/1282
f 1285/1285/1285 1284/1284/1284 1283/1283/1283
f 1283/1283/1283 1284/1284/1284 1286/1286/1286
f 1289/1289/1289 1288/1288/1288 1287/1287/1287
f 1287/1287/1287 1288/1288/1288 1290/1290/1290
f 1293/1293/1293 1292/1292/1292 1291/1291/1291
f 1291/1291/1291 1292/1292/1292 1294/1294/1294
f 1297/1297/1297 1296/1296/1296 1295/1295/1295
f 1295/1295/1295 1296/1296/1296 1298/1298/1298
f 1301/1301/1301 1300/1300/1300 1299/1299/1299
f 1299/1299/1299 1300/1300/1300 1302/1302/1302
f 1305/1305/1305 1304/1304/1304 1303/1303/1303
f 1303/1303/1303 1304/1304/1304 1306/1306/1306
f 1309/1309/1309 1308/1308/1308 1307/1307/1307
f 1307/1307/1307 1308/1308/1308 1310/1310/1310
f 1313/1313/1313 1312/1312/1312 1311/1311/1311
f 1311/1311/1311 1312/1312/1312 1314/1314/1314
f 1317/1317/1317 1316/1316/1316 1315/1315/1315
f 1315/1315/1315 1316/1316/1316 1318/1318/1318
f 1321/1321/1321 1320/1320/1320 1319/1319/1319
f 1319/1319/1319 1320/1320/1320 1322/1322/1322
f 1325/1325/1325 1324/1324/1324 1323/1323/1323
f 1323/1323/1323 1324/1324/1324 1326/1326/1326
f 1329/1329/1329 1328/1328/1328 1327/1327/1327
f 1327/1327/1327 1328/1328/1328 1330/1330/1330
f 1333/1333/1333 1332/1332/1332 1331/1331/1331
f 1331/1331/1331 1332/1332/1332 1334/1334/1334
f 1337/1337/1337 1336/1336/1336 1335/1335/1335
f 1335/1335/1335 1336/1336/1336 1338/1338/1338
f 1341/1341/1341 1340/1340/1340 1339/1339/1339
f 1339/1339/1339 1340/1340/1340 1342/1342/1342
f 1345/1345/1345 1344/1344/1344 1343/1343/1343
f 1343/1343/1343 1344/1344/1344 1346/1346/1346
f 1349/1349/1349 1348/1348/1348 1347/1347/1347
f 1347/1347/1347 1348/1348/1348 1350/1350/1350
f 1353/1353/1353 1352/1352/1352 1351/1351/1351
f 1351/1351/1351 1352/1352/1352 1354/1354/1354
f 1357/1357/1357 1356/1356/1356 1355/1355/1355
f 1355/1355/1355 1356/1356/1356 1358/1358/1358
f 1361/1361/1361 1360/1360/1360 1359/1359/1359
f 1359/1359/1359 1360/1360/1360 1362/1362/1362
f 1365/1365/1365 1364/1364/1364 1363/1363/1363
f 1363/1363/1363 1364/1364/1364 1366/1366/1366
f 1369/1369/1369 1368/1368/1368 1367/1367/1367
f 1367/1367/1367 1368/1368/1368 1370/1370/1370
f 1373/1373/1373 1372/1372/1372 1371/1371/1371
f 1371/1371/1371 1372/1372/1372 1374/1374/1374
f 1377/1377/1377 1376/1376/1376 1375/1375/1375
f 1375/1375/1375 1376/1376/1376 1378/1378/1378
f 1381/1381/1381 1380/1380/1380 1379/1379/1379
f 1379/1379/1379 1380/1380/1380 1382/1382/1382
f 1385/1385/1385 1384/1384/1384 1383/1383/1383
f 1383/1383/1383 1384/1384/1384 1386/1386/1386
f 1389/1389/1389 1388/1388/1388 1387/1387/1387
f 1387/1387/1387 1388/1388/1388 1390/1390/1390
f 1393/1393/1393 1392/1392/1392 1391/1391/1391
f 1391/1391/1391 1392/1392/1392 1394/1394/1394
f 1397/1397/1397 1396/1396/1396 1395/1395/1395
f 1395/1395/1395 1396/1396/1396 1398/1398/1398
f 1401/1401/1401 1400/1400/1400 1399/1399/1399
f 1399/1399/1399 1400/1400/1400 1402/1402/1402
f 1405/1405/1405 1404/1404/1404 1403/1403/1403
f 1407/1407/1407 1406/1406/1406 1403/1403/1403
f 1409/1409/1409 1404/1404/1404 1408/1408/1408
f 1409/1409/1409 1406/1406/1406 1410/1410/1410
f 1413/1413/1413 1412/1412/1412 1411/1411/1411
f 1411/1411/1411 1412/1412/1412 1414/1414/1414
f 1417/1417/1417 1416/1416/1416 1415/1415/1415
f 1415/1415/1415 1416/1416/1416 1418/1418/1418
f 1421/1421/1421 1420/1420/1420 1419/1419/1419
f 1419/1419/1419 1420/1420/1420 1422/1422/1422
f 1425/1425/1425 1424/1424/1424 1423/1423/1423
f 1423/1423/1423 1424/1424/1424 1426/1426/1426
f 1429/1429/1429 1428/1428/1428 1427/1427/1427
f 1427/1427/1427 1428/1428/1428 1430/1430/1430
f 1433/1433/1433 1432/1432/1432 1431/1431/1431
f 1431/1431/1431 1432/1432/1432 1434/1434/1434
f 1437/1437/1437 1436/1436/1436 1435/1435/1435
f 1435/1435/1435 1436/1436/1436 1438/1438/1438
f 1441/1441/1441 1440/1440/1440 1439/1439/1439
f 1439/1439/1439 1440/1440/1440 1442/1442/1442
f 1445/1445/1445 1444/1444/1444 1443/1443/1443
f 1443/1443/1443 1444/1444/1444 1446/1446/1446
f 1449/1449/1449 1448/1448/1448 1447/1447/1447
f 1447/1447/1447 1448/1448/1448 1450/1450/1450
f 1453/1453/1453 1452/1452/1452 1451/1451/1451
f 1451/1451/1451 1452/1452/1452 1454/1454/1454
f 1457/1457/1457 1456/1456/1456 1455/1455/1455
f 1455/1455/1455 1456/1456/1456 1458/1458/1458
f 1461/1461/1461 1460/1460/1460 1459/1459/1459
f 1459/1459/1459 1460/1460/1460 1462/1462/1462
f 1465/1465/1465 1464/1464/1464 1463/1463/1463
f 1463/1463/1463 1464/1464/1464 1466/1466/1466
f 1469/1469/1469 1468/1468/1468 1467/1467/1467
f 1467/1467/1467 1468/1468/1468 1470/1470/1470
f 1473/1473/1473 1472/1472/1472 1471/1471/1471
f 1471/1471/1471 1472/1472/1472 1474/1474/1474
f 1477/1477/1477 1476/1476/1476 1475/1475/1475
f 1475/1475/1475 1476/1476/1476 1478/1478/1478
f 1481/1481/1481 1480/1480/1480 1479/1479/1479
f 1479/1479/1479 1480/1480/1480 1482/1482/1482
f 1485/1485/1485 1484/1484/1484 1483/1483/1483
f 1483/1483/1483 1484/1484/1484 1486/1486/1486
f 1489/1489/1489 1488/1488/1488 1487/1487/1487
f 1487/1487/1487 1488/1488/1488 1490/1490/1490
f 1493/1493/1493 1492/1492/1492 1491/1491/1491
f 1491/1491/1491 1492/1492/1492 1494/1494/1494
f 1497/1497/1497 1496/1496/1496 1495/1495/1495
f 1495/1495/1495 1496/1496/1496 1498/1498/1498
f 1501/1501/1501 1500/1500/1500 1499/1499/1499
f 1499/1499/1499 1500/1500/1500 1502/1502/1502
f 1505/1505/1505 1504/1504/1504 1503/1503/1503
f 1503/1503/1503 1504/1504/1504 1506/1506/1506
f 1509/1509/1509 1508/1508/1508 1507/1507/1507
f 1507/1507/1507 1508/1508/1508 1510/1510/1510
f 1513/1513/1513 1512/1512/1512 1511/1511/1511
f 1511/1511/1511 1512/1512/1512 1514/1514/1514
f 1517/1517/1517 1516/1516/1516 1515/1515/1515
f 1515/1515/1515 1516/1516/1516 1518/1518/1518
f 1521/1521/1521 1520/1520/1520 1519/1519/1519
f 1519/1519/1519 1520/1520/1520 1522/1522/1522
f 1525/1525/1525 1524/1524/1524 1523/1523/1523
f 1523/1523/1523 1524/1524/1524 1526/1526/1526
f 1529/1529/1529 1528/1528/1528 1527/1527/1527
f 1527/1527/1527 1528/1528/1528 1530/1530/1530
f 1533/1533/1533 1532/1532/1532 1531/1531/1531
f 1531/1531/1531 1532/1532/1532 1534/1534/1534
f 1537/1537/1537 1536/1536/1536 1535/1535/1535
f 1535/1535/1535 1536/1536/1536 1538/1538/1538
f 1541/1541/1541 1540/1540/1540 1539/1539/1539
f 1539/1539/1539 1540/1540/1540 1542/1542/1542
f 1545/1545/1545 1544/1544/1544 1543/1543/1543
f 1543/1543/1543 1544/1544/1544 1546/1546/1546
f 1549/1549/1549 1548/1548/1548 1547/1547/1547
f 1547/1547/1547 1548/1548/1548 1550/1550/1550
f 1553/1553/1553 1552/1552/1552 1551/1551/1551
f 1551/1551/1551 1552/1552/1552 1554/1554/1554
f 1557/1557/1557 1556/1556/1556 1555/1555/1555
f 1555/1555/1555 1556/1556/1556 1558/1558/1558
f 1561/1561/1561 1560/1560/1560 1559/1559/1559
f 1559/1559/1559 1560/1560/1560 1562/1562/1562
f 1565/1565/1565 1564/1564/1564 1563/1563/1563
f 1563/1563/1563 1564/1564/1564 1566/1566/1566
f 1569/1569/1569 1568/1568/1568 1567/1567/1567
f 1567/1567/1567 1568/1568/1568 1570/1570/1570
f 1573/1573/1573 1572/1572/1572 1571/1571/1571
f 1571/1571/1571 1572/1572/1572 1574/1574/1574
f 1577/1577/1577 1576/1576/1576 1575/1575/1575
f 1575/1575/1575 1576/1576/1576 1578/1578/1578
f 1581/1581/1581 1580/1580/1580 1579/1579/1579
f 1579/1579/1579 1580/1580/1580 1582/1582/1582
f 1585/1585/1585 1584/1584/1584 1583/1583/1583
f 1583/1583/1583 1584/1584/1584 1586/1586/1586
f 1589/1589/1589 1588/1588/1588 1587/1587/1587
f 1587/1587/1587 1588/1588/1588 1590/1590/1590
f 1593/1593/1593 1592/1592/1592 1591/1591/1591
f 1591/1591/1591 1592/1592/1592 1594/1594/1594
f 1597/1597/1597 1596/1596/1596 1595/1595/1595
f 1595/1595/1595 1596/1596/1596 1598/1598/1598
f 1601/1601/1601 1600/1600/1600 1599/1599/1599
f 1599/1599/1599 1600/1600/1600 1602/1602/1602
f 1605/1605/1605 1604/1604/1604 1603/1603/1603
f 1603/1603/1603 1604/1604/1604 1606/1606/1606
f 1609/1609/1609 1608/1608/1608 1607/1607/1607
f 1607/1607/1607 1608/1608/1608 1610/1610/1610
f 1613/1613/1613 1612/1612/1612 1611/1611/1611
f 1611/1611/1611 1612/1612/1612 1614/1614/1614
f 1617/1617/1617 1616/1616/1616 1615/1615/1615
f 1615/1615/1615 1616/1616/1616 1618/1618/1618
f 1621/1621/1621 1620/1620/1620 1619/1619/1619
f 1619/1619/1619 1620/1620/1620 1622/1622/1622
f 1625/1625/1625 1624/1624/1624 1623/1623/1623
f 1623/1623/1623 1624/1624/1624 1626/1626/1626
f 1629/1629/1629 1628/1628/1628 1627/1627/1627
f 1627/1627/1627 1628/1628/1628 1630/1630/1630
f 1633/1633/1633 1632/1632/1632 1631/1631/1631
f 1631/1631/1631 1632/1632/1632 1634/1634/1634
f 1637/1637/1637 1636/1636/1636 1635/1635/1635
f 1635/1635/1635 1636/1636/1636 1638/1638/1638
f 1641/1641/1641 1640/1640/1640 1639/1639/1639
f 1639/1639/1639 1640/1640/1640 1642/1642/1642
f 1645/1645/1645 1644/1644/1644 1643/1643/1643
f 1643/1643/1643 1644/1644/1644 1646/1646/1646
f 1649/1649/1649 1648/1648/1648 1647/1647/1647
f 1647/1647/1647 1648/1648/1648 1650/1650/1650
f 1653/1653/1653 1652/1652/1652 1651/1651/1651
f 1651/1651/1651 1652/1652/1652 1654/1654/1654
f 1657/1657/1657 1656/1656/1656 1655/1655/1655
f 1655/1655/1655 1656/1656/1656 1658/1658/1658
f 1661/1661/1661 1660/1660/1660 1659/1659/1659
f 1659/1659/1659 1660/1660/1660 1662/1662/1662
f 1665/1665/1665 1664/1664/1664 1663/1663/1663
f 1663/1663/1663 1664/1664/1664 1666/1666/1666
f 1669/1669/1669 1668/1668/1668 1667/1667/1667
f 1667/1667/1667 1668/1668/1668 1670/1670/1670
f 1673/1673/1673 1672/1672/1672 1671/1671/1671
f 1671/1671/1671 1672/1672/1672 1674/1674/1674
f 1677/1677/1677 1676/1676/1676 1675/1675/1675
f 1675/1675/1675 1676/1676/1676 1678/1678/1678
f 1681/1681/1681 1680/1680/1680 1679/1679/1679
f 1679/1679/1679 1680/1680/1680 1682/1682/1682
f 1685/1685/1685 1684/1684/1684 1683/1683/1683
f 1683/1683/1683 1684/1684/1684 1686/1686/1686
f 1689/1689/1689 1688/1688/1688 1687/1687/1687
f 1687/1687/1687 1688/1688/1688 1690/1690/1690
f 1693/1693/1693 1692/1692/1692 1691/1691/1691
f 1691/1691/1691 1692/1692/1692 1694/1694/1694
f 1697/1697/1697 1696/1696/1696 1695/1695/1695
f 1695/1695/1695 1696/1696/1696 1698/1698/1698
f 1701/1701/1701 1700/1700/1700 1699/1699/1699
f 1699/1699/1699 1700/1700/1700 1702/1702/1702
f 1705/1705/1705 1704/1704/1704 1703/1703/1703
f 1703/1703/1703 1704/1704/1704 1706/1706/1706
f 1709/1709/1709 1708/1708/1708 1707/1707/1707
f 1707/1707/1707 1708/1708/1708 1710/1710/1710
f 1713/1713/1713 1712/1712/1712 1711/1711/1711
f 1711/1711/1711 1712/1712/1712 1714/1714/1714
f 1717/1717/1717 1716/1716/1716 1715/1715/1715
f 1715/1715/1715 1716/1716/1716 1718/1718/1718
f 1721/1721/1721 1720/1720/1720 1719/1719/1719
f 1719/1719/1719 1720/1720/1720 1722/1722/1722
f 1725/1725/1725 1724/1724/1724 1723/1723/1723
f 1723/1723/1723 1724/1724/1724 1726/1726/1726
f 1729/1729/1729 1728/1728/1728 1727/1727/1727
f 1727/1727/1727 1728/1728/1728 1730/1730/1730
f 1733/1733/1733 1732/1732/1732 1731/1731/1731
f 1731/1731/1731 1732/1732/1732 1734/1734/1734
f 1737/1737/1737 1736/1736/1736 1735/1735/1735
f 1735/1735/1735 1736/1736/1736 1738/1738/1738
f 1741/1741/1741 1740/1740/1740 1739/1739/1739
f 1739/1739/1739 1740/1740/1740 1742/1742/1742
f 1745/1745/1745 1744/1744/1744 1743/1743/1743
f 1743/1743/1743 1744/1744/1744 1746/1746/1746
f 1749/1749/1749 1748/1748/1748 1747/1747/1747
f 1747/1747/1747 1748/1748/1748 1750/1750/1750
f 1753/1753/1753 1752/1752/1752 1751/1751/1751
f 1751/1751/1751 1752/1752/1752 1754/1754/1754
f 1757/1757/1757 1756/1756/1756 1755/1755/1755
f 1755/1755/1755 1756/1756/1756 1758/1758/1758
f 1761/1761/1761 1760/1760/1760 1759/1759/1759
f 1759/1759/1759 1760/1760/1760 1762/1762/1762
f 1765/1765/1765 1764/1764/1764 1763/1763/1763
f 1763/1763/1763 1764/1764/1764 1766/1766/1766
f 1769/1769/1769 1768/1768/1768 1767/1767/1767
f 1767/1767/1767 1768/1768/1768 1770/1770/1770
f 1773/1773/1773 1772/1772/1772 1771/1771/1771
f 1771/1771/1771 1772/1772/1772 1774/1774/1774
f 1777/1777/1777 1776/1776/1776 1775/1775/1775
f 1775/1775/1775 1776/1776/1776 1778/1778/1778
f 1781/1781/1781 1780/1780/1780 1779/1779/1779
f 1779/1779/1779 1780/1780/1780 1782/1782/1782
f 1785/1785/1785 1784/1784/1784 1783/1783/1783
f 1783/1783/1783 1784/1784/1784 1786/1786/1786
f 1789/1789/1789 1788/1788/1788 1787/1787/1787
f 1787/1787/1787 1788/1788/1788 1790/1790/1790
f 1793/1793/1793 1792/1792/1792 1791/1791/1791
f 1791/1791/1791 1792/1792/1792 1794/1794/1794
f 1797/1797/1797 1796/1796/1796 1795/1795/1795
f 1795/1795/1795 1796/1796/1796 1798/1798/1798
f 1801/1801/1801 1800/1800/1800 1799/1799/1799
f 1799/1799/1799 1800/1800/1800 1802/1802/1802
f 1805/1805/1805 1804/1804/1804 1803/1803/1803
f 1803/1803/1803 1804/1804/1804 1806/1806/1806
f 1809/1809/1809 1808/1808/1808 1807/1807/1807
f 1807/1807/1807 1808/1808/1808 1810/1810/1810
f 1813/1813/1813 1812/1812/1812 1811/1811/1811
f 1811/1811/1811 1812/1812/1812 1814/1814/1814
f 1817/1817/1817 1816/1816/1816 1815/1815/1815
f 1815/1815/1815 1816/1816/1816 1818/1818/1818
f 1821/1821/1821 1820/1820/1820 1819/1819/1819
f 1819/1819/1819 1820/1820/1820 1822/1822/1822
f 1825/1825/1825 1824/1824/1824 1823/1823/1823
f 1823/1823/1823 1824/1824/1824 1826/1826/1826
f 1829/1829/1829 1828/1828/1828 1827/1827/1827
f 1827/1827/1827 1828/1828/1828 1830/1830/1830
f 1833/1833/1833 1832/1832/1832 1831/1831/1831
f 1831/1831/1831 1832/1832/1832 1834/1834/1834
f 1837/1837/1837 1836/1836/1836 1835/1835/1835
f 1835/1835/1835 1836/1836/1836 1838/1838/1838
f 1841/1841/1841 1840/1840/1840 1839/1839/1839
f 1839/1839/1839 1840/1840/1840 1842/1842/1842
f 1845/1845/1845 1844/1844/1844 1843/1843/1843
f 1843/1843/1843 1844/1844/1844 1846/1846/1846
f 1849/1849/1849 1848/1848/1848 1847/1847/1847
f 1847/1847/1847 1848/1848/1848 1850/1850/1850
f 1853/1853/1853 1852/1852/1852 1851/1851/1851
f 1851/1851/1851 1852/1852/1852 1854/1854/1854
f 1857/1857/1857 1856/1856/1856 1855/1855/1855
f 1855/1855/1855 1856/1856/1856 1858/1858/1858
f 1861/1861/1861 1860/1860/1860 1859/1859/1859
f 1859/1859/1859 1860/1860/1860 1862/1862/1862
f 1865/1865/1865 1864/1864/1864 1863/1863/1863
f 1863/1863/1863 1864/1864/1864 1866/1866/1866
f 1869/1869/1869 1868/1868/1868 1867/1867/1867
f 1867/1867/1867 1868/1868/1868 1870/1870/1870
f 1873/1873/1873 1872/1872/1872 1871/1871/1871
f 1871/1871/1871 1872/1872/1872 1874/1874/1874
f 1877/1877/1877 1876/1876/1876 1875/1875/1875
f 1875/1875/1875 1876/1876/1876 1878/1878/1878
f 1881/1881/1881 1880/1880/1880 1879/1879/1879
f 1879/1879/1879 1880/1880/1880 1882/1882/1882
f 1885/1885/1885 1884/1884/1884 1883/1883/1883
f 1883/1883/1883 1884/1884/1884 1886/1886/1886
f 1889/1889/1889 1888/1888/1888 1887/1887/1887
f 1887/1887/1887 1888/1888/1888 1890/1890/1890
f 1893/1893/1893 1892/1892/1892 1891/1891/1891
f 1891/1891/1891 1892/1892/1892 1894/1894/1894
f 1897/1897/1897 1896/1896/1896 1895/1895/1895
f 1895/1895/1895 1896/1896/1896 1898/1898/1898
f 1901/1901/1901 1900/1900/1900 1899/1899/1899
f 1899/1899/1899 1900/1900/1900 1902/1902/1902
f 1905/1905/1905 1904/1904/1904 1903/1903/1903
f 1903/1903/1903 1904/1904/1904 1906/1906/1906
f 1909/1909/1909 1908/1908/1908 1907/1907/1907
f 1907/1907/1907 1908/1908/1908 1910/1910/1910
f 1913/1913/1913 1912/1912/1912 1911/1911/1911
f 1911/1911/1911 1912/1912/1912 1914/1914/1914
f 1917/1917/1917 1916/1916/1916 1915/1915/1915
f 1915/1915/1915 1916/1916/1916 1918/1918/1918
f 1921/1921/1921 1920/1920/1920 1919/1919/1919
f 1919/1919/1919 1920/1920/1920 1922/1922/1922
f 1925/1925/1925 1924/1924/1924 1923/1923/1923
f 1923/1923/1923 1924/1924/1924 1926/1926/1926
f 1929/1929/1929 1928/1928/1928 1927/1927/1927
f 1927/1927/1927 1928/1928/1928 1930/1930/1930
f 1933/1933/1933 1932/1932/1932 1931/1931/1931
f 1931/1931/1931 1932/1932/1932 1934/1934/1934
f 1937/1937/1937 1936/1936/1936 1935/1935/1935
f 1935/1935/1935 1936/1936/1936 1938/1938/1938
f 1941/1941/1941 1940/1940/1940 1939/1939/1939
f 1939/1939/1939 1940/1940/1940 1942/1942/1942
f 1945/1945/1945 1944/1944/1944 1943/1943/1943
f 1943/1943/1943 1944/1944/1944 1946/1946/1946
f 1949/1949/1949 1948/1948/1948 1947/1947/1947
f 1947/1947/1947 1948/1948/1948 1950/1950/1950
f 1953/1953/1953 1952/1952/1952 1951/1951/1951
f 1951/1951/1951 1952/1952/1952 1954/1954/1954
f 1957/1957/1957 1956/1956/1956 1955/1955/1955
f 1955/1955/1955 1956/1956/1956 1958/1958/1958
f 1961/1961/1961 1960/1960/1960 1959/1959/1959
f 1959/1959/1959 1960/1960/1960 1962/1962/1962
f 1965/1965/1965 1964/1964/1964 1963/1963/1963
f 1963/1963/1963 1964/1964/1964 1966/1966/1966
f 1969/1969/1969 1968/1968/1968 1967/1967/1967
f 1967/1967/1967 1968/1968/1968 1970/1970/1970
f 1973/1973/1973 1972/1972/1972 1971/1971/1971
f 1973/1973/1973 1974/1974/1974 1972/1972/1972
f 1973/1973/1973 1975/1975/1975 1974/1974/1974
f 1976/1976/1976 1974/1974/1974 1975/1975/1975
f 1974/1974/1974 1976/1976/1976 1977/1977/1977
f 1978/1978/1978 1974/1974/1974 1977/1977/1977
f 1981/1981/1981 1980/1980/1980 1979/1979/1979
f 1980/1980/1980 1982/1982/1982 1979/1979/1979
f 1985/1985/1985 1984/1984/1984 1983/1983/1983
f 1985/1985/1985 1986/1986/1986 1984/1984/1984
f 1989/1989/1989 1988/1988/1988 1987/1987/1987
f 1989/1989/1989 1990/1990/1990 1988/1988/1988
f 1993/1993/1993 1992/1992/1992 1991/1991/1991
f 1992/1992/1992 1994/1994/1994 1991/1991/1991
f 1997/1997/1997 1996/1996/1996 1995/1995/1995
f 1995/1995/1995 1996/1996/1996 1998/1998/1998
f 1998/1998/1998 1996/1996/1996 1999/1999/1999
f 2002/2002/2002 2001/2001/2001 2000/2000/2000
f 2001/2001/2001 2003/2003/2003 2000/2000/2000
f 2000/2000/2000 2003/2003/2003 2004/2004/2004
f 2004/2004/2004 2003/2003/2003 2005/2005/2005
f 2003/2003/2003 2006/2006/2006 2005/2005/2005
f 2008/2008/2008 2007/2007/2007 2006/2006/2006
f 2007/2007/2007 2009/2009/2009 2006/2006/2006
f 2012/2012/2012 2011/2011/2011 2010/2010/2010
f 2010/2010/2010 2014/2014/2014 2013/2013/2013
f 2016/2016/2016 2012/2012/2012 2015/2015/2015
f 2015/2015/2015 2013/2013/2013 2016/2016/2016
f 2019/2019/2019 2018/2018/2018 2017/2017/2017
f 2017/2017/2017 2018/2018/2018 2020/2020/2020
f 2022/2022/2022 2021/2021/2021 2020/2020/2020
f 2023/2023/2023 2020/2020/2020 2021/2021/2021
f 2024/2024/2024 2023/2023/2023 2021/2021/2021
f 2027/2027/2027 2026/2026/2026 2025/2025/2025
f 2028/2028/2028 2026/2026/2026 2027/2027/2027
f 2026/2026/2026 2030/2030/2030 2029/2029/2029
f 2029/2029/2029 2030/2030/2030 2031/2031/2031
f 2030/2030/2030 2032/2032/2032 2031/2031/2031
f 2032/2032/2032 2033/2033/2033 2031/2031/2031
f 2034/2034/2034 2031/2031/2031 2033/2033/2033
f 2035/2035/2035 2034/2034/2034 2033/2033/2033
f 2036/2036/2036 2035/2035/2035 2028/2028/2028
f 2036/2036/2036 2034/2034/2034 2035/2035/2035
f 2039/2039/2039 2038/2038/2038 2037/2037/2037
f 2039/2039/2039 2040/2040/2040 2038/2038/2038
f 2043/2043/2043 2042/2042/2042 2041/2041/2041
f 2043/2043/2043 2044/2044/2044 2042/2042/2042
f 2047/2047/2047 2046/2046/2046 2045/2045/2045
f 2046/2046/2046 2048/2048/2048 2045/2045/2045
f 2051/2051/2051 2050/2050/2050 2049/2049/2049
f 2052/2052/2052 2050/2050/2050 2051/2051/2051
f 2050/2050/2050 2054/2054/2054 2053/2053/2053
f 2053/2053/2053 2054/2054/2054 2055/2055/2055
f 2054/2054/2054 2056/2056/2056 2055/2055/2055
f 2057/2057/2057 2055/2055/2055 2056/2056/2056
f 2055/2055/2055 2057/2057/2057 2058/2058/2058
f 2059/2059/2059 2058/2058/2058 2057/2057/2057
f 2060/2060/2060 2058/2058/2058 2059/2059/2059
f 2061/2061/2061 2058/2058/2058 2060/2060/2060
f 2061/2061/2061 2062/2062/2062 2052/2052/2052
f 2061/2061/2061 2060/2060/2060 2062/2062/2062
f 2065/2065/2065 2064/2064/2064 2063/2063/2063
f 2066/2066/2066 2064/2064/2064 2065/2065/2065
f 2067/2067/2067 2064/2064/2064 2066/2066/2066
f 2068/2068/2068 2064/2064/2064 2067/2067/2067
f 2069/2069/2069 2068/2068/2068 2067/2067/2067
f 2069/2069/2069 2070/2070/2070 2068/2068/2068
f 2068/2068/2068 2070/2070/2070 2071/2071/2071
f 2074/2074/2074 2073/2073/2073 2072/2072/2072
f 2073/2073/2073 2075/2075/2075 2072/2072/2072
f 2078/2078/2078 2077/2077/2077 2076/2076/2076
f 2078/2078/2078 2079/2079/2079 2077/2077/2077
f 2082/2082/2082 2081/2081/2081 2080/2080/2080
f 2083/2083/2083 2081/2081/2081 2082/2082/2082
f 2086/2086/2086 2085/2085/2085 2084/2084/2084
f 2087/2087/2087 2084/2084/2084 2085/2085/2085
f 2090/2090/2090 2089/2089/2089 2088/2088/2088
f 2090/2090/2090 2091/2091/2091 2089/2089/2089
f 2094/2094/2094 2093/2093/2093 2092/2092/2092
f 2095/2095/2095 2093/2093/2093 2094/2094/2094
f 2098/2098/2098 2097/2097/2097 2096/2096/2096
f 2098/2098/2098 2099/2099/2099 2097/2097/2097
f 2102/2102/2102 2101/2101/2101 2100/2100/2100
f 2100/2100/2100 2101/2101/2101 2103/2103/2103
f 2104/2104/2104 2103/2103/2103 2101/2101/2101
f 2103/2103/2103 2104/2104/2104 2105/2105/2105
f 2108/2108/2108 2107/2107/2107 2106/2106/2106
f 2108/2108/2108 2109/2109/2109 2107/2107/2107
f 2107/2107/2107 2109/2109/2109 2110/2110/2110
f 2113/2113/2113 2112/2112/2112 2111/2111/2111
f 2111/2111/2111 2112/2112/2112 2114/2114/2114
f 2117/2117/2117 2116/2116/2116 2115/2115/2115
f 2118/2118/2118 2116/2116/2116 2117/2117/2117
f 2121/2121/2121 2120/2120/2120 2119/2119/2119
f 2122/2122/2122 2119/2119/2119 2120/2120/2120
f 2125/2125/2125 2124/2124/2124 2123/2123/2123
f 2125/2125/2125 2126/2126/2126 2124/2124/2124
f 2129/2129/2129 2128/2128/2128 2127/2127/2127
f 2128/2128/2128 2129/2129/2129 2130/2130/2130
f 2130/2130/2130 2129/2129/2129 2131/2131/2131
f 2132/2132/2132 2130/2130/2130 2131/2131/2131
f 2135/2135/2135 2134/2134/2134 2133/2133/2133
f 2136/2136/2136 2134/2134/2134 2135/2135/2135
f 2139/2139/2139 2138/2138/2138 2137/2137/2137
f 2137/2137/2137 2138/2138/2138 2140/2140/2140
f 2143/2143/2143 2142/2142/2142 2141/2141/2141
f 2143/2143/2143 2144/2144/2144 2142/2142/2142
f 2147/2147/2147 2146/2146/2146 2145/2145/2145
f 2145/2145/2145 2146/2146/2146 2148/2148/2148
f 2149/2149/2149 2148/2148/2148 2146/2146/2146
f 2148/2148/2148 2149/2149/2149 2150/2150/2150
f 2153/2153/2153 2152/2152/2152 2151/2151/2151
f 2154/2154/2154 2152/2152/2152 2153/2153/2153
f 2157/2157/2157 2156/2156/2156 2155/2155/2155
f 2157/2157/2157 2158/2158/2158 2156/2156/2156
f 2161/2161/2161 2160/2160/2160 2159/2159/2159
f 2160/2160/2160 2162/2162/2162 2159/2159/2159
f 2159/2159/2159 2162/2162/2162 2163/2163/2163
f 2162/2162/2162 2164/2164/2164 2163/2163/2163
f 2159/2159/2159 2165/2165/2165 2161/2161/2161
f 2165/2165/2165 2164/2164/2164 2166/2166/2166
f 2161/2161/2161 2165/2165/2165 2167/2167/2167
f 2165/2165/2165 2166/2166/2166 2167/2167/2167
f 2170/2170/2170 2169/2169/2169 2168/2168/2168
f 2171/2171/2171 2168/2168/2168 2169/2169/2169
f 2172/2172/2172 2168/2168/2168 2171/2171/2171
f 2173/2173/2173 2172/2172/2172 2171/2171/2171
f 2170/2170/2170 2168/2168/2168 2174/2174/2174
f 2174/2174/2174 2175/2175/2175 2170/2170/2170
f 2175/2175/2175 2174/2174/2174 2176/2176/2176
f 2173/2173/2173 2176/2176/2176 2177/2177/2177
f 2176/2176/2176 2174/2174/2174 2177/2177/2177
