v 7.250000 -7.500000 13.750000
v 7.250000 -8.000000 13.750000
v 7.250000 -12.000000 13.750000
v -11.250000 12.000000 1.000000
v -7.250000 12.000000 1.000000
v -6.250000 12.000000 1.000000
v 12.750000 -7.500000 20.000000
v 12.750000 -7.500000 15.250000
v 12.750000 -7.500000 -6.000000
v 12.750000 7.000000 12.250000
v 12.750000 7.000000 10.500000
v 12.750000 7.000000 8.500000
v 12.750000 7.000000 3.750000
v 12.750000 7.000000 1.000000
v 12.750000 7.000000 5.750000
v 6.250000 12.000000 5.750000
v 7.250000 12.000000 5.750000
v 11.250000 12.000000 5.750000
v -7.250000 12.000000 5.750000
v 2.250000 12.000000 5.750000
v 1.250000 12.000000 5.750000
v -1.250000 12.000000 5.750000
v -2.250000 12.000000 5.750000
v -6.250000 12.000000 5.750000
v 12.250000 2.000000 2.750000
v 12.250000 2.000000 3.750000
v 12.250000 2.000000 4.250000
v -12.750000 7.000000 8.500000
v -12.750000 7.000000 10.500000
v -12.750000 7.000000 13.250000
v -12.750000 7.000000 2.750000
v -12.750000 7.000000 5.750000
v -12.750000 7.000000 3.750000
v 7.250000 -12.000000 4.750000
v 7.250000 -8.000000 4.750000
v 7.250000 -7.500000 4.750000
v -12.250000 7.000000 9.000000
v -12.250000 7.000000 8.500000
v -12.250000 7.000000 5.750000
v -12.250000 2.000000 9.000000
v -12.250000 2.000000 8.500000
v -12.250000 2.000000 5.750000
v 7.250000 -7.500000 9.000000
v 7.250000 -8.000000 9.000000
v 7.250000 -12.000000 9.000000
v -12.250000 -12.000000 9.500000
v -12.250000 7.000000 9.500000
v -12.250000 12.000000 9.500000
v 7.250000 -12.000000 9.500000
v 7.250000 -8.000000 9.500000
v 7.250000 -7.500000 9.500000
v 12.250000 2.000000 9.500000
v 12.250000 2.000000 10.500000
v 12.250000 2.000000 13.250000
v -12.250000 7.000000 12.250000
v -12.250000 7.000000 10.500000
v -12.250000 7.000000 9.500000
v 6.250000 -12.000000 3.750000
v 6.750000 -12.000000 3.750000
v -12.250000 -12.000000 4.250000
v -11.250000 12.500000 13.250000
v -11.250000 12.500000 12.250000
v -11.250000 12.500000 10.500000
v 6.250000 -8.000000 3.750000
v 6.250000 -8.000000 -0.000000
v 1.250000 -8.000000 -0.000000
v 0.750000 -8.000000 -0.000000
v 0.750000 -8.000000 4.250000
v 6.750000 -8.000000 4.250000
v 6.750000 -8.000000 3.750000
v 7.250000 -8.000000 4.750000
v 7.250000 -8.000000 4.250000
v 1.250000 -8.000000 4.250000
v 1.250000 -8.000000 4.750000
v 7.250000 -8.000000 9.000000
v 0.750000 -8.000000 4.750000
v 0.750000 -8.000000 9.000000
v 7.250000 -8.000000 9.500000
v 1.250000 -8.000000 9.000000
v 1.250000 -8.000000 9.500000
v 7.250000 -8.000000 13.750000
v 0.750000 -8.000000 9.500000
v 0.750000 -8.000000 13.750000
v 7.250000 -8.000000 14.250000
v 1.250000 -8.000000 13.750000
v 1.250000 -8.000000 18.500000
v 8.750000 -8.000000 17.000000
v 8.750000 -8.000000 14.250000
v 12.250000 -8.000000 18.500000
v 11.250000 -8.000000 17.000000
v 11.250000 -8.000000 14.250000
v 12.250000 -8.000000 14.250000
v 1.250000 -8.000000 -0.000000
v 0.750000 -8.000000 -0.000000
v 6.250000 -8.000000 3.750000
v 0.750000 -8.000000 4.250000
v 6.750000 -8.000000 4.250000
v 0.750000 -8.000000 4.250000
v 1.250000 -8.000000 4.250000
v 6.750000 -8.000000 4.250000
v 0.750000 -8.000000 13.750000
v 1.250000 -8.000000 13.750000
v 7.250000 -8.000000 13.750000
v 0.750000 -8.000000 9.000000
v 1.250000 -8.000000 9.000000
v 7.250000 -8.000000 9.000000
v -12.750000 -12.500000 15.250000
v -12.750000 0.500000 15.250000
v -12.750000 12.500000 15.250000
v 12.250000 -7.500000 15.250000
v 12.750000 -7.500000 15.250000
v 11.250000 -7.500000 17.000000
v -12.250000 2.000000 3.750000
v -12.250000 2.000000 1.000000
v -12.250000 2.000000 0.000000
v 0.750000 -12.500000 20.000000
v 1.250000 -12.500000 20.000000
v 12.750000 -12.500000 20.000000
v -1.250000 12.500000 2.750000
v -1.250000 12.500000 1.000000
v -1.250000 12.500000 0.000000
v 11.250000 -7.500000 14.250000
v 11.250000 -8.000000 14.250000
v -12.250000 12.000000 14.250000
v 6.750000 -7.500000 14.250000
v 0.750000 -7.500000 14.250000
v 11.250000 -8.000000 14.250000
v 11.250000 -12.000000 14.250000
v -12.250000 12.000000 14.250000
v 7.250000 -8.000000 14.250000
v -12.250000 12.000000 14.250000
v 0.750000 -7.500000 14.250000
v 0.750000 -12.000000 14.250000
v 7.250000 -8.000000 14.250000
v 6.750000 -7.500000 14.250000
v -12.250000 12.000000 14.250000
v 0.750000 -12.000000 14.250000
v -12.250000 -12.000000 14.250000
v -12.250000 12.000000 14.250000
v 12.250000 12.000000 14.250000
v 12.250000 -7.500000 14.250000
v 12.250000 -8.000000 14.250000
v 11.250000 -7.500000 14.250000
v 7.250000 -12.000000 14.250000
v 7.250000 -8.000000 14.250000
v 11.250000 -12.000000 14.250000
v 12.250000 -8.000000 14.250000
v 12.250000 -12.000000 14.250000
v 11.250000 -8.000000 14.250000
v 8.750000 -8.000000 17.000000
v 11.250000 -8.000000 17.000000
v 11.250000 -7.500000 17.000000
v 8.750000 -8.000000 17.000000
v 11.250000 -7.500000 17.000000
v 8.750000 -7.500000 17.000000
v 8.909277 -7.400004 16.888153
v 11.169182 -7.400000 16.888153
v 8.675663 -7.400005 17.088152
v 11.402795 -7.400000 17.088152
v 8.675663 -7.400005 17.088152
v 11.169182 -7.400000 16.888153
v 8.675663 -7.400005 14.150911
v 8.909277 -7.400004 14.150911
v 8.909277 -7.400004 16.888153
v 12.150003 6.090816 13.350025
v 12.850004 6.090816 13.350025
v 12.850004 5.857202 13.350025
v 12.850000 1.870768 13.350025
v 12.150000 1.870768 13.350025
v 12.850004 5.857202 13.350025
v 12.850000 1.870768 13.350025
v 12.150003 6.090816 13.350025
v -12.150003 6.090816 8.624922
v -12.150000 2.104382 8.624922
v -12.150000 1.870768 8.624922
v -12.150000 2.104382 8.624922
v -12.150000 2.104382 8.424923
v -12.150000 2.104382 5.829983
v -12.850000 1.870768 10.555086
v -12.850000 1.870768 13.350025
v -12.150000 1.870768 13.350025
v -12.150000 1.870768 10.351885
v -12.150000 1.870768 13.350025
v -12.150000 2.104382 10.555086
v -12.150003 5.857202 13.350025
v -12.150000 2.104382 13.150026
v -12.150003 5.857202 13.150026
v -12.150000 2.104382 10.555086
v -12.150003 5.857202 10.351885
v -12.150000 1.870768 10.351885
v -12.150000 2.104382 10.555086
v -12.150003 5.857202 10.555086
v -12.150003 5.857202 10.351885
v -12.150000 2.104382 13.150026
v -12.150000 2.104382 10.555086
v -12.150000 1.870768 13.350025
v -12.150003 11.136602 10.351885
v -12.150003 10.902988 10.351885
v -12.150003 10.902988 10.555086
v -12.150003 10.902988 13.350025
v -12.150003 11.136602 13.350025
v -12.850004 5.857202 13.150026
v -12.850004 5.857202 10.555086
v -12.850004 6.090816 13.350025
v -12.850004 6.090816 10.351885
v -12.850004 6.090816 13.350025
v -12.850004 5.857202 10.555086
v -12.850000 2.104382 13.350025
v -12.850000 2.104382 13.150026
v -12.850004 5.857202 13.150026
v -2.161452 12.600000 0.895915
v -2.161452 11.900000 0.895915
v -2.161452 11.900000 1.099116
v -2.161452 11.900000 3.894055
v -2.161452 12.600000 3.894055
v -2.161452 12.600000 3.894055
v -2.161452 12.600000 1.099116
v -2.161452 12.600000 0.895915
v 1.350000 -4.381226 -0.086950
v 1.350000 -4.614839 -0.086950
v 1.350000 -4.614839 2.850291
v 1.349998 -1.887707 2.850291
v 1.350000 -4.381226 2.650291
v 1.349998 -1.887707 -0.086950
v 1.349998 -2.121321 2.650291
v 1.349998 -2.121321 -0.086950
v 1.350000 -4.614839 2.850291
v 1.350000 -4.381226 2.650291
v 1.350000 -4.381226 -0.086950
v 1.349998 -1.887707 2.850291
v 1.349998 -2.121321 2.650291
v 1.350000 -4.381226 2.650291
v 12.150003 11.136602 5.829983
v 12.150003 11.136602 5.626782
v 12.850004 11.136602 5.626782
v 1.113803 0.400003 7.465663
v -1.146101 0.399999 7.465663
v 1.347417 0.400004 7.665662
v -1.146101 0.399999 4.728421
v -1.379715 0.399999 4.728421
v -1.379715 0.399999 7.665662
v -1.379715 0.399999 7.665662
v 1.347417 0.400004 7.665662
v -1.146101 0.399999 7.465663
v 1.347417 0.400004 4.728421
v 1.113803 0.400003 4.728421
v 1.113803 0.400003 7.465663
v -1.146103 1.100000 7.465663
v 1.113802 1.100004 7.465663
v -1.379717 1.100000 7.665662
v 1.347415 1.100004 7.665662
v -1.379717 1.100000 7.665662
v 1.113802 1.100004 7.465663
v -1.379717 1.100000 4.728421
v -1.146103 1.100000 4.728421
v -1.146103 1.100000 7.465663
v -1.363566 12.600000 5.626781
v -1.363566 12.600000 8.424923
v -1.363566 12.600000 8.624922
v 2.395066 12.600000 8.424923
v 6.147886 12.600000 8.424923
v 2.161452 12.600000 8.624922
v 6.147886 12.600000 8.424923
v 6.381500 12.600000 8.424923
v 2.161452 12.600000 8.624922
v 2.395066 12.600000 5.829983
v 2.395066 12.600000 8.424923
v 6.381500 12.600000 5.626782
v 6.381500 12.600000 5.829983
v 6.147886 12.600000 5.829983
v 6.381500 12.600000 8.424923
v 6.381500 12.600000 8.624922
v 2.161452 12.600000 8.624922
v 2.395066 12.600000 5.829983
v 2.161452 12.600000 5.626782
v 6.381500 12.600000 5.626782
v -1.129952 12.600000 2.650291
v 1.129952 12.600000 2.650291
v -1.363566 12.600000 2.850291
v 1.363566 12.600000 2.850291
v -1.363566 12.600000 2.850291
v 1.129952 12.600000 2.650291
v -1.363566 12.600000 -0.086951
v -1.129952 12.600000 -0.086951
v -1.129952 12.600000 2.650291
v 6.147886 11.900000 8.624922
v 6.147886 11.900000 8.424923
v 2.395066 11.900000 8.424923
v 2.161452 11.900000 8.424923
v 2.161452 11.900000 8.624922
v 2.395066 11.900000 8.424923
v 2.161452 11.900000 8.424923
v 6.147886 11.900000 8.624922
v -6.381500 12.600000 8.624922
v -2.161452 12.600000 8.624922
v -2.161452 11.900000 8.624922
v -2.161452 11.900000 8.624922
v -6.147886 11.900000 8.624922
v -6.147886 11.900000 8.624922
v -6.381500 11.900000 8.624922
v -6.381500 12.600000 8.624922
v -1.129952 11.900000 10.351885
v 1.363566 11.900000 10.351885
v 1.363566 12.600000 10.351885
v 2.161452 12.600000 3.894055
v 2.161452 11.900000 3.894055
v 2.161452 11.900000 1.099116
v 2.161452 11.900000 0.895915
v 2.161452 12.600000 0.895915
v 2.161452 11.900000 1.099116
v 2.161452 11.900000 0.895915
v 2.161452 12.600000 3.894055
v 2.161452 12.600000 0.895915
v 2.161452 12.600000 1.099116
v 2.161452 12.600000 3.894055
v -7.388417 11.900000 10.555086
v -7.154803 11.900000 13.350025
v -7.154803 11.900000 10.351885
v -11.141237 11.900000 10.555086
v -7.388417 11.900000 10.555086
v -11.141237 11.900000 10.351885
v -2.161452 11.900000 13.350025
v -2.161452 11.900000 13.150026
v -2.395066 11.900000 13.150026
v -6.147886 11.900000 13.150026
v -6.147886 11.900000 13.350025
v -2.395066 11.900000 13.150026
v -6.147886 11.900000 13.150026
v -2.161452 11.900000 13.350025
v 1.363566 12.600000 10.351885
v 1.363566 11.900000 10.351885
v 1.363566 11.900000 10.555086
v 1.363566 11.900000 13.350025
v 1.363566 12.600000 13.350025
v 1.363566 11.900000 10.555086
v 1.363566 11.900000 13.350025
v 1.363566 12.600000 10.351885
v 12.850004 11.136602 1.099116
v 12.850004 10.902988 1.099116
v 12.850004 10.902988 3.694057
v 12.850004 10.902988 3.894055
v 12.850004 11.136602 3.894055
v 12.850004 10.902988 3.694057
v 12.850004 10.902988 3.894055
v 12.850004 11.136602 1.099116
v -6.381500 12.600000 13.350025
v -2.161452 12.600000 13.350025
v -2.161452 11.900000 13.350025
v -2.161452 11.900000 13.350025
v -6.147886 11.900000 13.350025
v -6.147886 11.900000 13.350025
v -6.381500 11.900000 13.350025
v -6.381500 12.600000 13.350025
v -6.381500 11.900000 10.351885
v -2.161452 11.900000 10.351885
v -2.161452 12.600000 10.351885
v -2.161452 12.600000 10.351885
v -6.147886 12.600000 10.351885
v -6.147886 12.600000 10.351885
v -6.381500 12.600000 10.351885
v -6.381500 11.900000 10.351885
v -6.147886 12.600000 10.555086
v -6.147886 12.600000 13.150026
v -6.381500 12.600000 13.350025
v -6.147886 12.600000 13.150026
v -2.395066 12.600000 13.150026
v -6.381500 12.600000 13.350025
v -2.161452 12.600000 13.350025
v -6.381500 12.600000 13.350025
v -2.395066 12.600000 13.150026
v -6.381500 12.600000 10.351885
v -6.147886 12.600000 10.351885
v -6.147886 12.600000 10.555086
v -6.381500 11.900000 13.350025
v -6.147886 11.900000 13.150026
v -6.147886 11.900000 10.555086
v -6.381500 11.900000 13.350025
v -6.147886 11.900000 13.350025
v -6.147886 11.900000 13.150026
v -6.381500 11.900000 10.351885
v -6.147886 11.900000 10.555086
v -2.395066 11.900000 10.555086
v -2.161452 11.900000 10.351885
v -2.161452 11.900000 13.150026
v -2.395066 11.900000 10.555086
v -2.395066 11.900000 13.150026
v -2.161452 11.900000 13.150026
v -6.147886 12.600000 1.099116
v -6.147886 12.600000 0.895915
v -2.161452 12.600000 0.895915
v -2.161452 12.600000 1.099116
v -2.395066 12.600000 1.099116
v -2.161452 12.600000 0.895915
v -2.161452 12.600000 1.099116
v -6.147886 12.600000 1.099116
v -7.388417 12.600000 10.555086
v -7.388417 12.600000 10.351885
v -7.154803 12.600000 10.351885
v -7.154803 12.600000 10.351885
v -7.154803 12.600000 13.350025
v -7.388417 12.600000 10.555086
v -11.141237 12.600000 13.350025
v -7.388417 12.600000 13.150026
v -11.141237 12.600000 13.150026
v -7.154803 12.600000 13.350025
v -7.388417 12.600000 13.150026
v -7.388417 12.600000 10.555086
v -11.141237 12.600000 5.829983
v -11.141237 12.600000 8.424923
v -11.374851 12.600000 8.624922
v -7.154803 12.600000 5.626782
v -7.154803 12.600000 5.829983
v -11.141237 12.600000 8.424923
v -11.141237 12.600000 8.624922
v -11.374851 12.600000 8.624922
v -11.141237 12.600000 5.829983
v -11.374851 12.600000 5.626782
v -7.154803 12.600000 5.626782
v -7.154803 12.600000 5.829983
v -7.388417 12.600000 5.829983
v -11.141237 11.900000 10.555086
v -11.141237 11.900000 10.351885
v -11.374851 11.900000 10.351885
v -7.154803 11.900000 10.351885
v -7.388417 11.900000 10.555086
v -7.388417 11.900000 13.150026
v -7.154803 11.900000 13.350025
v -7.388417 11.900000 13.350025
v -11.374851 11.900000 10.351885
v -11.374851 11.900000 13.350025
v -11.141237 11.900000 10.555086
v -7.388417 11.900000 13.350025
v -11.141237 11.900000 13.150026
v -7.388417 11.900000 13.150026
v -11.374851 11.900000 13.350025
v -11.141237 11.900000 13.150026
v -11.141237 11.900000 10.555086
v -11.141237 12.600000 13.350025
v -7.154803 12.600000 13.350025
v -7.154803 11.900000 13.350025
v -7.388417 11.900000 13.350025
v -11.374851 11.900000 13.350025
v -7.154803 11.900000 13.350025
v -7.388417 11.900000 13.350025
v -11.141237 12.600000 13.350025
v -11.374851 11.900000 13.350025
v -11.374851 12.600000 13.350025
v -6.147886 12.600000 10.555086
v -6.147886 12.600000 10.351885
v -2.161452 12.600000 10.351885
v -2.161452 12.600000 10.555086
v -2.395066 12.600000 10.555086
v -2.161452 12.600000 10.351885
v -2.161452 12.600000 10.555086
v -6.147886 12.600000 10.555086
v -11.141237 12.600000 10.555086
v -11.141237 12.600000 13.150026
v -11.374851 12.600000 13.350025
v -11.141237 12.600000 13.150026
v -11.141237 12.600000 13.350025
v -11.374851 12.600000 13.350025
v -11.141237 12.600000 10.555086
v -11.374851 12.600000 10.351885
v -7.388417 12.600000 10.351885
v -7.388417 12.600000 10.555086
v -11.141237 12.600000 10.555086
v -7.388417 12.600000 10.351885
v 7.154803 12.600000 3.894055
v 7.154803 11.900000 3.894055
v 7.154803 11.900000 1.099116
v 7.154803 11.900000 0.895915
v 7.154803 12.600000 0.895915
v 7.154803 11.900000 1.099116
v 7.154803 11.900000 0.895915
v 7.154803 12.600000 3.894055
v -12.850000 6.916554 13.350025
v -12.850004 10.902988 13.350025
v -12.850004 11.136602 13.350025
v -12.850000 6.916554 13.350025
v -12.150003 10.902988 13.350025
v -12.150000 6.916554 13.350025
v 12.850000 7.150168 10.555086
v 12.850000 6.916554 10.555086
v 12.850000 6.916554 13.350025
v 12.850004 10.902988 13.350025
v 12.850000 7.150168 13.150026
v 12.850004 10.902988 13.150026
v 12.850000 6.916554 13.350025
v 12.850000 7.150168 13.150026
v 12.850000 7.150168 10.555086
v -12.150000 6.916554 10.351885
v -12.150000 6.916554 13.350025
v -12.150000 7.150168 10.555086
v -12.150003 10.902988 13.350025
v -12.150000 7.150168 13.150026
v -12.150003 10.902988 13.150026
v -12.150000 7.150168 10.555086
v -12.150003 10.902988 10.351885
v -12.150000 6.916554 10.351885
v -12.150000 7.150168 10.555086
v -12.150003 10.902988 10.555086
v -12.150003 10.902988 10.351885
v -12.150000 7.150168 13.150026
v -12.150000 7.150168 10.555086
v -12.150000 6.916554 13.350025
v -12.150003 11.136602 0.895915
v -12.150003 10.902988 0.895915
v -12.150003 10.902988 1.099116
v -12.150003 10.902988 3.894055
v -12.150003 11.136602 3.894055
v 7.154803 11.900000 3.894055
v 11.374851 11.900000 3.894055
v 7.388417 11.900000 3.694057
v 11.374851 11.900000 0.895915
v 11.141237 11.900000 0.895915
v 11.141237 11.900000 1.099116
v -12.850000 6.916554 13.350025
v -12.850000 6.916554 10.351885
v -12.850000 7.150168 13.150026
v 12.150003 5.857202 13.150026
v 12.150003 5.857202 10.555086
v 12.150003 6.090816 13.350025
v 12.150003 5.857202 10.555086
v 12.150003 5.857202 10.351885
v 12.150003 6.090816 13.350025
v 12.150000 2.104382 13.150026
v 12.150000 1.870768 13.350025
v 12.150003 5.857202 13.150026
v 12.150003 5.857202 10.351885
v 12.150003 6.090816 10.351885
v 12.150003 6.090816 13.350025
v 12.150000 2.104382 10.351885
v 12.150000 2.104382 10.555086
v 12.150000 2.104382 13.150026
v 12.850004 6.090816 10.555086
v 12.850004 5.857202 10.555086
v 12.850004 5.857202 13.150026
v 12.850004 5.857202 13.350025
v 12.850004 6.090816 13.350025
v 12.850004 5.857202 13.150026
v 12.850004 5.857202 13.350025
v 12.850004 6.090816 10.555086
v 12.850004 6.090816 10.555086
v 12.850004 6.090816 13.350025
v 12.150003 6.090816 13.350025
v 1.129952 11.900000 13.150026
v -1.129952 11.900000 13.150026
v 1.363566 11.900000 13.350025
v -1.129952 11.900000 10.555086
v -1.129952 11.900000 10.351885
v -1.363566 11.900000 10.351885
v 1.363566 11.900000 10.555086
v 1.363566 11.900000 10.351885
v -1.363566 11.900000 10.351885
v -1.363566 11.900000 13.350025
v -1.129952 11.900000 10.555086
v 1.363566 11.900000 13.350025
v -1.129952 11.900000 13.150026
v 1.363566 11.900000 10.555086
v 1.129952 11.900000 10.555086
v 1.129952 11.900000 13.150026
v -1.363566 11.900000 13.350025
v -1.129952 11.900000 13.150026
v -1.129952 11.900000 10.555086
v 12.850000 1.870768 10.351885
v 12.850000 1.870768 13.350025
v 12.850000 2.104382 10.555086
v 12.850004 5.857202 13.350025
v 12.850000 2.104382 13.150026
v 12.850004 5.857202 13.150026
v 12.850004 5.857202 10.555086
v 12.850004 6.090816 10.555086
v 12.850004 6.090816 10.351885
v 12.850000 2.104382 13.150026
v 12.850000 2.104382 10.555086
v 12.850000 1.870768 13.350025
v 12.850000 6.916554 10.555086
v 12.850000 6.916554 10.351885
v 12.150000 6.916554 10.351885
v 12.150000 6.916554 10.555086
v 12.150000 6.916554 13.350025
v 12.850000 6.916554 13.350025
v -12.850004 6.090816 13.350025
v -12.150003 6.090816 13.350025
v -12.150003 5.857202 13.350025
v -12.850000 1.870768 13.350025
v -12.850000 2.104382 13.350025
v -12.150003 5.857202 13.350025
v -12.850000 2.104382 13.350025
v -12.850004 6.090816 13.350025
v -12.150000 1.870768 13.350025
v -12.850000 1.870768 13.350025
v 12.150000 7.150168 10.555086
v 12.150000 7.150168 13.150026
v 12.150000 7.150168 13.350025
v 12.150000 6.916554 13.350025
v 12.150003 11.136602 13.350025
v 12.150003 6.090816 8.624922
v 12.850004 6.090816 8.624922
v 12.850004 5.857202 8.624922
v 12.850000 1.870768 8.624922
v 12.150000 1.870768 8.624922
v 12.150003 5.857202 8.624922
v -12.150003 6.090816 10.351885
v -12.150003 5.857202 10.351885
v -12.150003 5.857202 10.555086
v -12.150003 5.857202 13.350025
v -12.150003 6.090816 13.350025
v 12.850000 6.916554 10.555086
v 12.850000 7.150168 10.555086
v 12.850004 11.136602 10.351885
v 12.850004 11.136602 10.351885
v 12.850000 6.916554 10.351885
v 12.850004 10.902988 13.350025
v 12.850004 11.136602 13.350025
v 12.850000 7.150168 10.555086
v 12.850004 10.902988 10.555086
v 12.850004 11.136602 10.351885
v 12.150000 7.150168 13.150026
v 12.150003 10.902988 13.150026
v 12.150003 11.136602 13.350025
v 12.150003 11.136602 13.350025
v 12.150000 7.150168 13.350025
v 12.150003 11.136602 10.351885
v 12.150003 10.902988 10.555086
v 12.150003 10.902988 13.150026
v 12.150003 10.902988 10.555086
v 12.150003 11.136602 13.350025
v -2.161452 11.900000 3.894055
v -2.161452 11.900000 3.694057
v -2.395066 11.900000 3.694057
v -6.381500 11.900000 3.894055
v -6.147886 11.900000 3.694057
v -6.381500 11.900000 0.895915
v -6.147886 11.900000 1.099116
v -2.161452 11.900000 1.099116
v -2.161452 11.900000 0.895915
v -2.395066 11.900000 3.694057
v -6.147886 11.900000 3.694057
v -2.161452 11.900000 3.894055
v -6.381500 11.900000 0.895915
v -6.147886 11.900000 1.099116
v -2.161452 11.900000 1.099116
v -6.147886 11.900000 1.099116
v -2.395066 11.900000 1.099116
v -2.161452 11.900000 1.099116
v -6.381500 11.900000 3.894055
v -6.147886 11.900000 3.694057
v -6.147886 11.900000 1.099116
v -1.363566 12.600000 13.350025
v -1.363566 12.600000 13.150026
v -1.129952 12.600000 13.150026
v 1.129952 12.600000 13.150026
v 1.129952 12.600000 13.350025
v -1.129952 12.600000 13.150026
v 1.129952 12.600000 13.150026
v -1.363566 12.600000 13.350025
v 11.374851 12.600000 13.350025
v 11.374851 12.600000 13.150026
v 11.374851 12.600000 10.351885
v 2.395066 12.600000 13.350025
v 6.381500 12.600000 13.350025
v 6.381500 11.900000 13.350025
v 6.147886 11.900000 13.350025
v 2.161452 11.900000 13.350025
v 6.381500 11.900000 13.350025
v 6.147886 11.900000 13.350025
v 2.395066 12.600000 13.350025
v 2.161452 11.900000 13.350025
v 2.161452 12.600000 13.350025
v -1.363566 12.600000 10.351885
v -1.363566 12.600000 13.150026
v -1.363566 12.600000 13.350025
v -12.150000 7.150168 8.424923
v -12.150000 7.150168 5.829983
v -12.150000 7.150168 5.626782
v 12.150003 6.090816 5.829983
v 12.150003 6.090816 5.626782
v 12.850004 6.090816 5.626782
v 12.850004 6.090816 5.829983
v 12.850004 6.090816 8.624922
v 12.150003 6.090816 8.624922
v 7.388417 12.600000 13.350025
v 7.388417 12.600000 13.150026
v 11.141237 12.600000 13.150026
v 11.374851 12.600000 13.150026
v 11.374851 12.600000 13.350025
v 11.141237 12.600000 13.150026
v 11.374851 12.600000 13.150026
v 7.388417 12.600000 13.350025
v 7.388417 12.600000 13.350025
v 11.374851 12.600000 13.350025
v 11.374851 11.900000 13.350025
v 11.141237 11.900000 13.350025
v 7.154803 11.900000 13.350025
v 11.374851 11.900000 13.350025
v 11.141237 11.900000 13.350025
v 7.388417 12.600000 13.350025
v 7.154803 11.900000 13.350025
v 7.154803 12.600000 13.350025
v -12.850000 2.104382 1.099116
v -12.850000 2.104382 3.694057
v -12.850000 2.104382 3.894055
v -2.161452 12.600000 5.626782
v -2.161452 11.900000 5.626782
v -2.161452 11.900000 8.424923
v -2.161452 11.900000 8.624922
v -2.161452 12.600000 8.624922
v -2.161452 11.900000 8.424923
v -2.161452 11.900000 8.624922
v -2.161452 12.600000 5.626782
v -7.154803 12.600000 8.624922
v -7.154803 12.600000 5.829983
v -7.154803 12.600000 5.626782
v 11.141237 11.900000 10.555086
v 11.141237 11.900000 13.150026
v 11.374851 11.900000 13.350025
v 7.154803 11.900000 10.351885
v 7.154803 11.900000 10.555086
v 11.141237 11.900000 13.150026
v 11.141237 11.900000 13.350025
v 11.374851 11.900000 13.350025
v 11.141237 11.900000 10.555086
v 11.374851 11.900000 10.351885
v 7.154803 11.900000 10.351885
v 7.154803 11.900000 10.555086
v 7.388417 11.900000 10.555086
v 11.141237 11.900000 10.555086
v -2.161452 11.900000 8.624922
v -2.161452 11.900000 8.424923
v -2.395066 11.900000 8.424923
v -6.147886 11.900000 8.424923
v -6.147886 11.900000 8.624922
v -2.395066 11.900000 8.424923
v -6.147886 11.900000 8.424923
v -2.161452 11.900000 8.624922
v -12.850004 5.857202 8.424923
v -12.850004 5.857202 5.829983
v -12.850004 6.090816 8.624922
v -12.850004 5.857202 5.829983
v -12.850004 5.857202 5.626782
v -12.850004 6.090816 8.624922
v -12.850000 2.104382 8.424923
v -12.850000 1.870768 8.624922
v -12.850004 5.857202 8.424923
v -12.850004 5.857202 5.626782
v -12.850004 6.090816 5.626782
v -12.850004 6.090816 8.624922
v -12.850000 2.104382 5.626782
v -12.850000 2.104382 5.829983
v -12.850000 2.104382 8.424923
v -12.850004 5.857202 3.694057
v -12.850004 5.857202 1.099116
v -12.850004 6.090816 3.894055
v -12.850004 6.090816 0.895915
v -12.850004 6.090816 3.894055
v -12.850004 5.857202 1.099116
v -12.850000 2.104382 3.894055
v -12.850000 2.104382 3.694057
v -12.850004 5.857202 3.694057
v -12.850000 2.104382 10.555086
v -12.850000 2.104382 13.150026
v -12.850000 2.104382 13.350025
v 12.150003 6.090816 5.626782
v 12.150003 5.857202 5.829983
v 12.150000 2.104382 5.829983
v 12.150003 6.090816 5.626782
v 12.150003 6.090816 5.829983
v 12.150003 5.857202 5.829983
v 12.150000 1.870768 8.624922
v 12.150000 1.870768 5.626782
v 12.150000 2.104382 8.424923
v -12.850004 6.090816 5.626782
v -12.850004 5.857202 5.626782
v -12.850000 2.104382 5.626782
v -6.147886 12.600000 5.829983
v -6.147886 12.600000 8.424923
v -6.381500 12.600000 8.424923
v -6.381500 11.900000 8.624922
v -6.147886 11.900000 8.424923
v -6.147886 11.900000 5.829983
v -6.381500 11.900000 8.624922
v -6.147886 11.900000 8.624922
v -6.147886 11.900000 8.424923
v -6.381500 11.900000 5.626782
v -6.147886 11.900000 5.829983
v -2.395066 11.900000 5.829983
v -2.161452 11.900000 5.626782
v -2.161452 11.900000 8.424923
v -2.395066 11.900000 5.829983
v -2.395066 11.900000 8.424923
v -2.161452 11.900000 8.424923
v -6.381500 11.900000 5.626782
v -2.161452 11.900000 5.626782
v -2.161452 12.600000 5.626782
v -2.161452 12.600000 5.626782
v -6.147886 12.600000 5.626782
v -6.147886 12.600000 5.626782
v -6.381500 12.600000 5.626782
v -6.381500 11.900000 5.626782
v -12.150000 2.104382 5.829983
v -12.150003 5.857202 5.829983
v -12.150003 6.090816 5.626782
v -12.150003 5.857202 5.829983
v -12.150003 5.857202 8.424923
v -12.150003 6.090816 5.626782
v -12.150000 2.104382 8.424923
v -12.150000 2.104382 8.624922
v -12.150003 6.090816 8.624922
v -12.150003 6.090816 8.624922
v -12.150003 6.090816 5.626782
v -12.150003 5.857202 8.424923
v -12.150000 1.870768 5.626782
v -12.150000 1.870768 5.829983
v -12.150000 2.104382 5.829983
v -12.150000 1.870768 5.829983
v -12.150000 1.870768 5.626782
v -12.850000 1.870768 5.626782
v -11.141237 12.600000 8.624922
v -7.154803 12.600000 8.624922
v -7.154803 11.900000 8.624922
v -7.388417 11.900000 5.829983
v -7.388417 11.900000 8.424923
v -7.154803 11.900000 8.624922
v -7.388417 11.900000 8.424923
v -11.141237 11.900000 8.424923
v -7.154803 11.900000 8.624922
v -11.141237 11.900000 5.829983
v -11.141237 11.900000 5.626782
v -11.374851 11.900000 5.626782
v -11.374851 11.900000 5.626782
v -11.374851 11.900000 8.624922
v -11.141237 11.900000 5.829983
v -7.154803 11.900000 8.624922
v -11.141237 11.900000 8.424923
v -7.154803 11.900000 5.626782
v -7.388417 11.900000 5.626782
v -7.388417 11.900000 5.829983
v -11.374851 11.900000 8.624922
v -11.141237 11.900000 8.424923
v -11.141237 11.900000 5.829983
v -7.388417 11.900000 5.626782
v -7.154803 11.900000 5.626782
v -7.154803 12.600000 5.626782
v -11.374851 12.600000 5.626782
v -11.141237 11.900000 5.626782
v -7.154803 12.600000 5.626782
v -11.374851 12.600000 5.626782
v -7.388417 11.900000 5.626782
v -11.374851 11.900000 5.626782
v -11.141237 11.900000 5.626782
v -12.850004 11.136602 8.624922
v -12.850004 10.902988 8.624922
v -12.850004 10.902988 8.424923
v -12.850004 10.902988 5.829983
v -12.850004 11.136602 5.829983
v -12.850004 10.902988 8.424923
v -12.850004 10.902988 5.829983
v -12.850004 11.136602 8.624922
v -12.850000 1.870768 1.099116
v -12.850000 1.870768 3.894055
v -12.150000 1.870768 3.894055
v 7.154803 12.600000 8.624922
v 7.154803 11.900000 8.624922
v 7.154803 11.900000 8.424923
v 7.154803 11.900000 5.626782
v 7.154803 12.600000 5.626782
v 7.154803 11.900000 8.424923
v 7.154803 11.900000 5.626782
v 7.154803 12.600000 8.624922
v -12.150003 11.136602 5.626782
v -12.150000 7.150168 5.626782
v -12.150000 7.150168 5.829983
v -12.150003 10.902988 5.829983
v -12.150003 10.902988 8.424923
v -12.150000 7.150168 5.829983
v -12.150003 10.902988 5.829983
v -12.150003 11.136602 5.626782
v -12.150000 7.150168 8.424923
v -12.150000 6.916554 8.424923
v -12.150000 6.916554 8.624922
v -12.150000 6.916554 8.624922
v -12.150003 11.136602 8.624922
v -12.150000 7.150168 8.424923
v -12.150003 11.136602 5.626782
v -12.150003 10.902988 8.424923
v -12.150003 11.136602 8.624922
v -12.150003 10.902988 8.424923
v -12.150000 7.150168 8.424923
v -12.150000 6.916554 8.424923
v -12.150000 6.916554 5.626782
v -12.850000 6.916554 5.626782
v -6.381500 12.600000 8.624922
v -6.381500 12.600000 8.424923
v -6.147886 12.600000 8.424923
v -2.161452 12.600000 8.624922
v -2.395066 12.600000 8.424923
v -2.161452 12.600000 5.626782
v -2.395066 12.600000 5.829983
v -6.147886 12.600000 8.424923
v -2.395066 12.600000 8.424923
v -6.381500 12.600000 8.624922
v -2.161452 12.600000 8.624922
v -2.395066 12.600000 8.424923
v -2.395066 12.600000 5.829983
v 11.169183 -8.100000 16.888153
v 8.909279 -8.100004 16.888153
v 11.402797 -8.100000 17.088152
v 8.909279 -8.100004 14.150911
v 8.675665 -8.100005 14.150911
v 8.675665 -8.100005 17.088152
v 8.675665 -8.100005 17.088152
v 11.402797 -8.100000 17.088152
v 8.909279 -8.100004 16.888153
v 11.402797 -8.100000 14.150911
v 11.169183 -8.100000 14.150911
v 11.169183 -8.100000 16.888153
v -12.850000 6.916554 8.624922
v -12.850000 6.916554 5.626782
v -12.850000 7.150168 8.424923
v 1.129952 11.900000 2.650291
v -1.129952 11.900000 2.650291
v 1.363566 11.900000 2.850291
v -1.129952 11.900000 -0.086951
v -1.363566 11.900000 -0.086951
v -1.363566 11.900000 2.850291
v -1.363566 11.900000 2.850291
v 1.363566 11.900000 2.850291
v -1.129952 11.900000 2.650291
v 1.363566 11.900000 -0.086951
v 1.129952 11.900000 -0.086951
v 1.129952 11.900000 2.650291
v -12.850004 11.136602 5.829983
v -12.850004 11.136602 5.626782
v -12.150003 11.136602 5.626782
v 12.850004 6.090816 5.829983
v 12.850004 5.857202 5.829983
v 12.850004 5.857202 8.424923
v 12.850004 5.857202 8.624922
v 12.850004 6.090816 8.624922
v 12.850004 5.857202 8.424923
v 12.850004 5.857202 8.624922
v 12.850004 6.090816 5.829983
v 12.150003 11.136602 8.624922
v 12.850004 11.136602 8.624922
v 12.850000 6.916554 8.624922
v 12.150000 6.916554 8.624922
v 12.150003 10.902988 8.624922
v 12.850000 6.916554 8.624922
v 12.150003 10.902988 8.624922
v 12.150003 11.136602 8.624922
v 12.150003 6.090816 8.624922
v 12.150003 5.857202 8.624922
v 12.150003 5.857202 8.424923
v 12.150003 5.857202 5.829983
v 12.150003 6.090816 5.829983
v 12.150003 5.857202 8.424923
v 12.150003 5.857202 5.829983
v 12.150003 6.090816 8.624922
v 0.649997 -2.121322 2.650291
v 0.649997 -2.121322 -0.086950
v 0.649997 -1.887708 2.850291
v 0.649997 -2.121322 -0.086950
v 0.649997 -1.887708 -0.086950
v 0.649997 -1.887708 2.850291
v 6.147886 11.900000 5.829983
v 6.147886 11.900000 8.424923
v 6.381500 11.900000 8.624922
v 6.147886 11.900000 8.424923
v 6.147886 11.900000 8.624922
v 6.381500 11.900000 8.624922
v 6.147886 11.900000 5.829983
v 6.381500 11.900000 5.626782
v 2.161452 11.900000 5.626782
v 2.395066 11.900000 5.829983
v -2.161452 12.600000 10.351885
v -2.161452 11.900000 10.351885
v -2.161452 11.900000 13.150026
v -2.161452 11.900000 13.350025
v -2.161452 12.600000 13.350025
v -2.161452 11.900000 13.150026
v -2.161452 11.900000 13.350025
v -2.161452 12.600000 10.351885
v -2.161452 12.600000 13.350025
v -2.161452 12.600000 10.555086
v -2.161452 12.600000 10.351885
v 12.150003 11.136602 5.626782
v 12.150003 10.902988 5.829983
v 12.150000 7.150168 5.829983
v 12.150003 11.136602 5.626782
v 12.150003 11.136602 5.829983
v 12.150003 10.902988 5.829983
v 12.150000 6.916554 8.624922
v 12.150000 6.916554 5.626782
v 12.150000 7.150168 8.424923
v 12.850000 1.870768 5.626782
v 12.850000 1.870768 8.624922
v 12.850000 2.104382 5.829983
v 12.850004 5.857202 8.624922
v 12.850000 2.104382 8.424923
v 12.850004 5.857202 8.424923
v 12.850004 5.857202 5.829983
v 12.850004 6.090816 5.829983
v 12.850004 6.090816 5.626782
v 12.850000 2.104382 8.424923
v 12.850000 2.104382 5.829983
v 12.850000 1.870768 8.624922
v -12.850000 6.916554 8.624922
v -12.850004 10.902988 8.624922
v -12.850004 11.136602 8.624922
v 12.850004 11.136602 5.626782
v 12.850004 10.902988 5.626782
v 12.850004 10.902988 5.829983
v 12.850004 11.136602 8.624922
v 12.850004 10.902988 8.424923
v 12.850000 6.916554 8.624922
v 12.850000 7.150168 8.424923
v 12.850000 7.150168 5.626782
v 12.850000 6.916554 5.626782
v 12.850004 10.902988 5.829983
v 12.850004 10.902988 8.424923
v 12.850004 11.136602 5.626782
v 12.850000 6.916554 8.624922
v 12.850000 7.150168 8.424923
v 12.850000 7.150168 5.626782
v 12.850000 7.150168 8.424923
v 12.850000 7.150168 5.829983
v 12.850000 7.150168 5.626782
v 12.850004 10.902988 5.626782
v 12.850004 11.136602 5.626782
v 12.850004 11.136602 8.624922
v 12.850004 10.902988 8.424923
v 12.850000 7.150168 8.424923
v 12.150000 1.870768 10.351885
v 12.850000 1.870768 10.351885
v 12.150003 5.857202 10.351885
v 12.150003 5.857202 10.351885
v 12.150000 2.104382 10.351885
v 12.150000 1.870768 10.351885
v 12.150003 11.136602 8.624922
v 12.150003 10.902988 8.624922
v 12.150003 10.902988 8.424923
v 12.150003 10.902988 5.829983
v 12.150003 11.136602 5.829983
v 12.150003 10.902988 8.424923
v 12.150003 10.902988 5.829983
v 12.150003 11.136602 8.624922
v 2.395066 12.600000 3.694057
v 6.147886 12.600000 3.694057
v 2.161452 12.600000 3.894055
v 6.381500 12.600000 3.894055
v 2.161452 12.600000 3.894055
v 6.147886 12.600000 3.694057
v 2.161452 12.600000 1.099116
v 2.395066 12.600000 1.099116
v 2.395066 12.600000 3.694057
v 1.129952 12.600000 13.350025
v 1.363566 12.600000 13.350025
v 1.363566 11.900000 13.350025
v 7.388417 12.600000 5.829983
v 7.388417 12.600000 8.424923
v 7.154803 12.600000 8.624922
v 7.388417 12.600000 8.424923
v 11.141237 12.600000 8.424923
v 7.154803 12.600000 8.624922
v 11.141237 12.600000 5.829983
v 11.141237 12.600000 5.626782
v 11.374851 12.600000 5.626782
v 11.374851 12.600000 5.626782
v 11.374851 12.600000 8.624922
v 11.141237 12.600000 5.829983
v 7.154803 12.600000 8.624922
v 11.141237 12.600000 8.424923
v 7.154803 12.600000 5.626782
v 7.388417 12.600000 5.626782
v 7.388417 12.600000 5.829983
v 11.374851 12.600000 8.624922
v 11.141237 12.600000 8.424923
v 11.141237 12.600000 5.829983
v 6.147886 11.900000 8.624922
v 2.161452 11.900000 8.624922
v 2.161452 12.600000 8.624922
v 12.850004 11.136602 5.626782
v 12.150003 11.136602 5.626782
v 12.850000 7.150168 5.626782
v 12.150003 6.090816 3.894055
v 12.850004 6.090816 3.894055
v 12.850004 5.857202 3.894055
v 12.850000 1.870768 3.894055
v 12.150000 1.870768 3.894055
v 12.850004 5.857202 3.894055
v 12.850000 1.870768 3.894055
v 12.150003 6.090816 3.894055
v 12.150000 1.870768 3.894055
v 12.150000 2.104382 3.894055
v 12.150003 6.090816 3.894055
v 12.150000 2.104382 0.895915
v 12.150000 2.104382 3.694057
v 12.150000 2.104382 1.099116
v -6.381500 12.600000 5.626782
v -6.381500 12.600000 8.424923
v -6.381500 12.600000 8.624922
v 11.374851 11.900000 8.624922
v 11.374851 11.900000 8.424923
v 11.141237 11.900000 8.424923
v 7.154803 11.900000 8.424923
v 7.154803 11.900000 8.624922
v 1.129952 12.600000 8.624922
v 1.363566 12.600000 8.624922
v 1.363566 11.900000 8.624922
v -1.129952 12.600000 5.829982
v -1.129952 12.600000 8.424923
v -1.363566 12.600000 8.424923
v 1.363566 12.600000 5.626781
v 1.363566 12.600000 8.624922
v 1.129952 12.600000 5.829982
v 1.129952 12.600000 8.624922
v 1.129952 12.600000 8.424923
v 1.363566 12.600000 8.624922
v 1.129952 12.600000 8.424923
v 1.129952 12.600000 5.829982
v -1.129952 12.600000 5.829982
v 1.363566 12.600000 5.626781
v -1.363566 12.600000 5.626781
v -1.363566 12.600000 8.424923
v 12.150003 11.136602 13.350025
v 12.850004 11.136602 13.350025
v 12.850004 10.902988 13.350025
v 12.850000 6.916554 13.350025
v 12.150000 6.916554 13.350025
v 12.850004 10.902988 13.350025
v 12.850000 6.916554 13.350025
v 12.150003 11.136602 13.350025
v 11.141237 11.900000 5.829983
v 11.141237 11.900000 8.424923
v 11.374851 11.900000 8.424923
v -12.850004 6.090816 3.894055
v -12.150003 6.090816 3.894055
v -12.150003 5.857202 3.894055
v -12.850000 1.870768 3.894055
v -12.850000 2.104382 3.894055
v -12.150003 5.857202 3.894055
v -12.850000 2.104382 3.894055
v -12.850004 6.090816 3.894055
v -12.150000 1.870768 3.894055
v -12.850000 1.870768 3.894055
v 2.161452 11.900000 10.351885
v 2.161452 11.900000 13.350025
v 2.395066 11.900000 10.555086
v 2.161452 11.900000 13.350025
v 2.395066 11.900000 13.150026
v 2.395066 11.900000 10.555086
v 6.381500 12.600000 13.350025
v 6.381500 12.600000 10.555086
v 6.381500 12.600000 10.351885
v -12.150000 1.870768 0.895915
v -12.150000 1.870768 3.894055
v -12.150000 2.104382 1.099116
v -12.150003 5.857202 3.894055
v -12.150000 2.104382 3.694057
v -12.150003 5.857202 3.694057
v -12.150000 2.104382 1.099116
v -12.150003 5.857202 0.895915
v -12.150000 1.870768 0.895915
v -12.150000 2.104382 1.099116
v -12.150003 5.857202 1.099116
v -12.150003 5.857202 0.895915
v -12.150000 2.104382 3.694057
v -12.150000 2.104382 1.099116
v -12.150000 1.870768 3.894055
v 11.141237 11.900000 1.099116
v 11.141237 11.900000 0.895915
v 7.154803 11.900000 0.895915
v 7.154803 11.900000 0.895915
v 7.154803 11.900000 1.099116
v 11.141237 11.900000 1.099116
v 7.154803 11.900000 1.099116
v 7.388417 11.900000 1.099116
v 11.141237 11.900000 1.099116
v -6.381500 11.900000 0.895915
v -2.161452 11.900000 0.895915
v -2.161452 12.600000 0.895915
v -2.161452 12.600000 0.895915
v -6.147886 12.600000 0.895915
v -6.147886 12.600000 0.895915
v -6.381500 12.600000 0.895915
v -6.381500 11.900000 0.895915
v -6.147886 12.600000 1.099116
v -6.147886 12.600000 3.694057
v -6.381500 12.600000 3.894055
v -6.147886 12.600000 3.694057
v -2.395066 12.600000 3.694057
v -6.381500 12.600000 3.894055
v -2.161452 12.600000 3.894055
v -6.381500 12.600000 3.894055
v -2.395066 12.600000 3.694057
v -6.381500 12.600000 0.895915
v -6.147886 12.600000 0.895915
v -6.147886 12.600000 1.099116
v 12.150003 11.136602 3.894055
v 12.150003 10.902988 3.894055
v 12.150003 10.902988 3.694057
v 12.150003 10.902988 0.895915
v 12.150003 11.136602 0.895915
v -7.388417 12.600000 1.099116
v -7.388417 12.600000 0.895915
v -7.154803 12.600000 0.895915
v -7.154803 12.600000 0.895915
v -7.154803 12.600000 3.894055
v -7.388417 12.600000 1.099116
v -11.141237 12.600000 3.894055
v -7.388417 12.600000 3.694057
v -11.141237 12.600000 3.694057
v -7.154803 12.600000 3.894055
v -7.388417 12.600000 3.694057
v -7.388417 12.600000 1.099116
v -11.141237 12.600000 3.894055
v -7.154803 12.600000 3.894055
v -7.154803 11.900000 3.894055
v -7.388417 11.900000 0.895915
v -7.154803 11.900000 0.895915
v -7.154803 12.600000 0.895915
v -7.388417 12.600000 0.895915
v -11.141237 11.900000 0.895915
v -11.374851 12.600000 0.895915
v -7.154803 12.600000 0.895915
v -7.388417 12.600000 0.895915
v -7.388417 11.900000 0.895915
v -11.374851 12.600000 0.895915
v -11.374851 11.900000 0.895915
v -11.141237 11.900000 0.895915
v -7.388417 11.900000 1.099116
v -7.388417 11.900000 3.694057
v -7.154803 11.900000 3.894055
v -7.388417 11.900000 3.694057
v -11.141237 11.900000 3.694057
v -7.154803 11.900000 3.894055
v -11.141237 11.900000 1.099116
v -11.141237 11.900000 0.895915
v -11.374851 11.900000 0.895915
v -11.374851 11.900000 0.895915
v -11.374851 11.900000 3.894055
v -11.141237 11.900000 1.099116
v -7.154803 11.900000 3.894055
v -11.141237 11.900000 3.694057
v -7.154803 11.900000 0.895915
v -7.388417 11.900000 0.895915
v -7.388417 11.900000 1.099116
v -11.374851 11.900000 3.894055
v -11.141237 11.900000 3.694057
v -11.141237 11.900000 1.099116
v 7.154803 12.600000 13.350025
v 7.154803 11.900000 13.350025
v 7.154803 11.900000 10.555086
v 7.154803 11.900000 10.351885
v 7.154803 12.600000 10.351885
v 7.154803 11.900000 10.555086
v 7.154803 11.900000 10.351885
v 7.154803 12.600000 13.350025
v 11.374851 12.600000 5.626782
v 11.374851 11.900000 5.626782
v 11.374851 11.900000 8.424923
v 11.374851 11.900000 8.624922
v 11.374851 12.600000 8.624922
v 11.374851 11.900000 8.424923
v 11.374851 11.900000 8.624922
v 11.374851 12.600000 5.626782
v -12.850004 11.136602 13.350025
v -12.850004 10.902988 13.350025
v -12.850004 10.902988 13.150026
v -12.850004 10.902988 10.555086
v -12.850004 11.136602 10.555086
v -12.850004 10.902988 13.150026
v -12.850004 10.902988 10.555086
v -12.850004 11.136602 13.350025
v -11.141237 11.900000 10.351885
v -7.154803 11.900000 10.351885
v -7.154803 12.600000 10.351885
v -7.388417 12.600000 10.351885
v -11.374851 12.600000 10.351885
v -7.154803 12.600000 10.351885
v -7.388417 12.600000 10.351885
v -11.141237 11.900000 10.351885
v -11.374851 12.600000 10.351885
v -11.374851 11.900000 10.351885
v -12.850004 11.136602 10.555086
v -12.850004 11.136602 10.351885
v -12.150003 11.136602 10.351885
v 12.850000 2.104382 1.099116
v 12.850000 1.870768 1.099116
v 12.850000 1.870768 3.894055
v 12.850004 5.857202 3.894055
v 12.850000 2.104382 3.694057
v 12.850004 5.857202 3.694057
v 12.850000 1.870768 3.894055
v 12.850000 2.104382 3.694057
v 12.850000 2.104382 1.099116
v -12.850000 6.916554 1.099116
v -12.850000 6.916554 3.894055
v -12.150000 6.916554 3.894055
v -12.850004 11.136602 3.894055
v -12.150003 11.136602 3.894055
v -12.150003 10.902988 3.894055
v -12.850000 6.916554 3.894055
v -12.850000 7.150168 3.894055
v -12.150003 10.902988 3.894055
v -12.850000 7.150168 3.894055
v -12.850004 11.136602 3.894055
v -12.150000 6.916554 3.894055
v -12.850000 6.916554 3.894055
v -12.150000 6.916554 0.895915
v -12.150000 6.916554 3.894055
v -12.150000 7.150168 1.099116
v -12.150003 10.902988 3.894055
v -12.150000 7.150168 3.694057
v -12.150003 10.902988 3.694057
v -12.150000 7.150168 1.099116
v -12.150003 10.902988 0.895915
v -12.150000 6.916554 0.895915
v -12.150000 7.150168 1.099116
v -12.150003 10.902988 1.099116
v -12.150003 10.902988 0.895915
v -12.150000 7.150168 3.694057
v -12.150000 7.150168 1.099116
v -12.150000 6.916554 3.894055
v -12.150003 6.090816 0.895915
v -12.150003 5.857202 0.895915
v -12.150003 5.857202 1.099116
v -12.150003 5.857202 3.894055
v -12.150003 6.090816 3.894055
v -12.850004 10.902988 3.694057
v -12.850004 10.902988 1.099116
v -12.850004 11.136602 3.894055
v -12.850004 11.136602 0.895915
v -12.850004 11.136602 3.894055
v -12.850004 10.902988 1.099116
v -12.850000 7.150168 3.894055
v -12.850000 7.150168 3.694057
v -12.850004 10.902988 3.694057
v 12.850000 6.916554 0.895915
v 12.850000 6.916554 3.894055
v 12.850000 7.150168 1.099116
v 12.850004 10.902988 3.894055
v 12.850000 7.150168 3.694057
v 12.850004 10.902988 3.694057
v 12.850004 10.902988 1.099116
v 12.850004 11.136602 1.099116
v 12.850004 11.136602 0.895915
v 12.850000 7.150168 3.694057
v 12.850000 7.150168 1.099116
v 12.850000 6.916554 3.894055
v -12.850000 7.150168 1.099116
v -12.850000 7.150168 3.694057
v -12.850000 7.150168 3.894055
v 12.150003 6.090816 0.895915
v 12.150000 2.104382 0.895915
v 12.150000 1.870768 0.895915
v 12.850000 1.870768 1.099116
v 12.850000 2.104382 1.099116
v 12.850004 6.090816 0.895915
v 12.850004 6.090816 0.895915
v 12.850000 1.870768 0.895915
v 12.850004 5.857202 3.894055
v 12.850004 6.090816 3.894055
v 12.850000 2.104382 1.099116
v 12.850004 5.857202 1.099116
v 12.850004 6.090816 0.895915
v 12.150000 2.104382 3.694057
v 12.150003 5.857202 3.694057
v 12.150003 6.090816 3.894055
v 12.150003 6.090816 3.894055
v 12.150000 2.104382 3.894055
v 12.150003 6.090816 0.895915
v 12.150003 5.857202 1.099116
v 12.150003 5.857202 3.694057
v 12.150003 5.857202 1.099116
v 12.150003 6.090816 3.894055
v 12.150003 11.136602 3.894055
v 12.850004 11.136602 3.894055
v 12.850004 10.902988 3.894055
v 12.850000 6.916554 3.894055
v 12.150000 6.916554 3.894055
v 12.150003 10.902988 3.894055
v 12.150000 6.916554 0.895915
v 12.850000 6.916554 0.895915
v 12.150003 10.902988 0.895915
v 12.850004 11.136602 1.099116
v 12.850004 11.136602 3.894055
v 12.150003 11.136602 3.894055
v 12.850000 1.870768 1.099116
v 12.850000 1.870768 0.895915
v 12.150000 1.870768 0.895915
v 12.150000 6.916554 3.894055
v 12.150000 6.916554 0.895915
v 12.150000 7.150168 3.694057
v 12.150003 10.902988 0.895915
v 12.150003 10.902988 1.099116
v 12.150000 7.150168 1.099116
v -1.363566 11.900000 8.624922
v -1.129952 11.900000 8.424923
v -1.129952 11.900000 5.829982
v -1.363566 11.900000 8.624922
v -1.129952 11.900000 8.624922
v -1.129952 11.900000 8.424923
v -1.363566 11.900000 5.626781
v -1.129952 11.900000 5.829982
v 1.129952 11.900000 5.829982
v 1.363566 11.900000 5.626781
v 1.363566 11.900000 8.624922
v -1.129952 12.600000 10.555086
v -1.129952 12.600000 13.150026
v -1.363566 12.600000 13.150026
v 1.363566 12.600000 10.351885
v 1.363566 12.600000 13.350025
v 1.129952 12.600000 10.555086
v 1.129952 12.600000 13.350025
v 1.129952 12.600000 13.150026
v 1.363566 12.600000 13.350025
v 1.129952 12.600000 13.150026
v 1.129952 12.600000 10.555086
v -1.129952 12.600000 10.555086
v 1.363566 12.600000 10.351885
v -1.363566 12.600000 10.351885
v -1.363566 12.600000 13.150026
v 6.147886 11.900000 3.694057
v 2.395066 11.900000 3.694057
v 6.381500 11.900000 3.894055
v 2.395066 11.900000 1.099116
v 2.161452 11.900000 1.099116
v 2.161452 11.900000 3.894055
v 2.161452 11.900000 3.894055
v 6.381500 11.900000 3.894055
v 2.395066 11.900000 3.694057
v 6.381500 11.900000 1.099116
v 6.147886 11.900000 1.099116
v 6.147886 11.900000 3.694057
v 6.381500 12.600000 0.895915
v 6.381500 11.900000 0.895915
v 6.381500 11.900000 1.099116
v 6.381500 11.900000 3.894055
v 6.381500 12.600000 3.894055
v 6.381500 11.900000 1.099116
v 6.381500 11.900000 3.894055
v 6.381500 12.600000 0.895915
v 6.381500 12.600000 3.894055
v 6.381500 12.600000 1.099116
v 6.381500 12.600000 0.895915
v 2.161452 12.600000 8.624922
v 2.161452 11.900000 8.624922
v 2.161452 11.900000 8.424923
v 2.161452 11.900000 5.626782
v 2.161452 12.600000 5.626782
v 2.161452 11.900000 8.424923
v 2.161452 11.900000 5.626782
v 2.161452 12.600000 8.624922
v -1.363566 12.600000 8.624922
v -1.363566 12.600000 8.424923
v -1.129952 12.600000 8.424923
v 1.129952 12.600000 8.424923
v 1.129952 12.600000 8.624922
v -1.129952 12.600000 8.424923
v 1.129952 12.600000 8.424923
v -1.363566 12.600000 8.624922
v -11.141237 12.600000 1.099116
v -11.141237 12.600000 3.694057
v -11.374851 12.600000 3.894055
v -11.141237 12.600000 3.694057
v -11.141237 12.600000 3.894055
v -11.374851 12.600000 3.894055
v -11.141237 12.600000 1.099116
v -11.374851 12.600000 0.895915
v -7.388417 12.600000 0.895915
v -7.388417 12.600000 1.099116
v -11.141237 12.600000 1.099116
v -7.388417 12.600000 0.895915
v -1.129952 11.900000 10.351885
v -1.129952 11.900000 10.555086
v 1.363566 11.900000 10.555086
v -1.129952 11.900000 10.555086
v 1.129952 11.900000 10.555086
v 1.363566 11.900000 10.555086
v 7.388417 12.600000 1.099116
v 7.388417 12.600000 3.694057
v 7.154803 12.600000 3.894055
v 7.388417 12.600000 3.694057
v 11.141237 12.600000 3.694057
v 7.154803 12.600000 3.894055
v 11.141237 12.600000 1.099116
v 11.141237 12.600000 0.895915
v 11.374851 12.600000 0.895915
v 11.374851 12.600000 0.895915
v 11.374851 12.600000 3.894055
v 11.141237 12.600000 1.099116
v 7.154803 12.600000 3.894055
v 11.141237 12.600000 3.694057
v 7.154803 12.600000 0.895915
v 7.388417 12.600000 0.895915
v 7.388417 12.600000 1.099116
v 11.374851 12.600000 3.894055
v 11.141237 12.600000 3.694057
v 11.141237 12.600000 1.099116
v 1.250000 0.500000 0.000000
v 12.250000 0.500000 0.000000
v 12.250000 -7.500000 -0.000000
v 1.250000 -7.500000 -0.000000
v 1.250000 -7.500000 -0.000000
v 1.250000 -2.000000 -0.000000
v 1.250000 0.500000 0.000000
v 1.250000 -4.500000 -0.000000
v 11.250000 12.000000 0.000000
v 12.250000 12.000000 0.000000
v 12.250000 1.000000 0.000000
v 0.750000 1.000000 0.000000
v 1.250000 12.000000 0.000000
v -1.250000 12.500000 0.000000
v 1.250000 12.500000 0.000000
v 0.750000 -2.000000 -0.000000
v 0.750000 -4.500000 -0.000000
v 1.250000 -4.500000 -0.000000
v 1.250000 -2.000000 -0.000000
v 0.750000 -8.000000 -0.000000
v -1.250000 12.000000 0.000000
v -12.250000 -12.000000 -0.000000
v -6.250000 12.000000 0.000000
v -12.250000 12.000000 0.000000
v 1.250000 -12.000000 -0.000000
v 1.250000 -8.000000 -0.000000
v 7.250000 -12.000000 4.750000
v 7.250000 -8.000000 4.750000
v 7.250000 -7.500000 4.750000
v 12.250000 -12.000000 4.750000
v 1.250000 0.500000 4.750000
v 12.250000 0.500000 4.750000
v 0.750000 -7.500000 4.750000
v -1.250000 1.000000 4.750000
v 0.750000 -8.000000 4.750000
v -7.250000 12.000000 4.750000
v 1.250000 1.000000 4.750000
v -12.250000 1.000000 4.750000
v -12.250000 12.000000 4.750000
v 6.250000 12.000000 4.750000
v 11.250000 12.000000 4.750000
v 12.250000 1.000000 4.750000
v 12.250000 1.500000 4.750000
v 12.250000 12.000000 4.750000
v -1.250000 0.500000 4.750000
v -12.250000 -12.000000 4.750000
v -12.250000 0.500000 4.750000
v 1.250000 -12.000000 4.750000
v 1.250000 -8.000000 4.750000
v 7.250000 -12.000000 9.500000
v 7.250000 -8.000000 9.500000
v 7.250000 -7.500000 9.500000
v 12.250000 -12.000000 9.500000
v -1.250000 12.000000 9.500000
v 12.250000 2.000000 9.500000
v 12.250000 12.000000 9.500000
v 0.750000 -7.500000 9.500000
v 0.750000 -8.000000 9.500000
v -12.250000 -12.000000 9.500000
v -7.250000 12.000000 9.500000
v -12.250000 12.000000 9.500000
v 1.250000 -12.000000 9.500000
v 1.250000 -8.000000 9.500000
v 7.250000 -12.000000 14.250000
v 7.250000 -8.000000 14.250000
v -12.250000 -12.000000 -0.000000
v -12.250000 6.000000 0.000000
v -12.250000 12.000000 0.000000
v -12.250000 2.000000 0.000000
v -6.250000 12.500000 5.750000
v -6.250000 12.000000 5.750000
v -6.250000 12.000000 7.500000
v -6.250000 12.000000 8.500000
v -6.250000 12.500000 8.500000
v 12.750000 11.000000 3.750000
v 12.750000 7.000000 3.750000
v 12.750000 7.000000 5.750000
v 12.750000 11.000000 5.750000
v 12.750000 12.000000 -6.000000
v 12.750000 11.000000 1.000000
v 12.750000 11.000000 8.500000
v 12.750000 7.000000 1.000000
v 12.750000 11.000000 10.500000
v 12.750000 7.000000 10.500000
v 12.750000 7.000000 8.500000
v 12.750000 11.000000 13.250000
v 12.750000 12.500000 15.250000
v 12.750000 12.500000 -6.000000
v 12.750000 7.000000 13.250000
v 12.750000 6.000000 1.000000
v 12.750000 -7.500000 -6.000000
v 12.750000 2.000000 1.000000
v 12.750000 6.000000 3.750000
v 12.750000 -7.500000 15.250000
v 12.750000 2.000000 13.250000
v 12.750000 6.000000 13.250000
v 12.750000 6.000000 12.250000
v 12.750000 7.000000 12.250000
v 12.750000 6.000000 10.500000
v 12.750000 6.000000 8.500000
v 12.750000 2.000000 10.500000
v 12.750000 2.000000 8.500000
v 12.750000 6.000000 5.750000
v 12.750000 2.000000 5.750000
v 12.750000 2.000000 3.750000
v -12.250000 6.000000 12.250000
v -12.250000 6.000000 10.500000
v -12.750000 6.000000 10.500000
v -12.750000 6.000000 13.250000
v -12.250000 6.000000 13.250000
v 12.750000 11.000000 5.750000
v 12.250000 11.000000 5.750000
v 12.250000 11.000000 8.500000
v 12.750000 11.000000 8.500000
v 11.250000 12.000000 1.000000
v 7.250000 12.000000 1.000000
v 7.250000 12.500000 1.000000
v 11.250000 12.500000 1.000000
v -12.250000 12.000000 13.250000
v -12.250000 12.000000 13.750000
v -7.250000 12.000000 13.750000
v -11.250000 12.000000 13.250000
v -11.250000 12.000000 10.500000
v -12.250000 12.000000 9.500000
v -7.250000 12.000000 13.250000
v -7.250000 12.000000 10.500000
v -6.250000 12.000000 13.750000
v -7.250000 12.000000 9.500000
v -6.250000 12.000000 13.250000
v -6.250000 12.000000 10.500000
v -2.250000 12.000000 13.750000
v -1.250000 12.000000 10.500000
v -2.250000 12.000000 13.250000
v -1.250000 12.000000 9.500000
v 1.250000 12.000000 13.750000
v 12.250000 12.000000 10.500000
v 12.250000 12.000000 9.500000
v -1.250000 12.000000 13.250000
v -2.250000 12.000000 10.500000
v 1.250000 12.000000 13.250000
v 6.750000 12.000000 13.750000
v 2.250000 12.000000 13.250000
v 1.250000 12.000000 10.500000
v 2.250000 12.000000 10.500000
v 6.250000 12.000000 13.250000
v 12.250000 12.000000 13.750000
v 7.250000 12.000000 13.250000
v 6.250000 12.000000 12.250000
v 7.250000 12.000000 10.500000
v 6.250000 12.000000 10.500000
v 11.250000 12.000000 13.250000
v 12.250000 12.000000 12.250000
v 11.250000 12.000000 10.500000
v 6.250000 12.000000 1.000000
v 2.250000 12.000000 1.000000
v 2.250000 12.500000 1.000000
v 6.250000 12.500000 1.000000
v -7.250000 12.000000 1.000000
v -11.250000 12.000000 1.000000
v -11.250000 12.500000 1.000000
v -7.250000 12.500000 1.000000
v -2.250000 12.000000 1.000000
v -6.250000 12.000000 1.000000
v -6.250000 12.500000 1.000000
v -2.250000 12.500000 1.000000
v 12.250000 7.000000 3.750000
v 12.250000 7.000000 1.000000
v 12.750000 7.000000 1.000000
v 12.750000 7.000000 3.750000
v -12.250000 7.000000 1.000000
v -12.750000 7.000000 1.000000
v -12.750000 11.000000 1.000000
v -12.250000 11.000000 1.000000
v 12.750000 7.000000 1.000000
v 12.250000 7.000000 1.000000
v 12.250000 11.000000 1.000000
v 12.750000 11.000000 1.000000
v -12.250000 2.000000 1.000000
v -12.750000 2.000000 1.000000
v -12.750000 6.000000 1.000000
v -12.250000 6.000000 1.000000
v 12.750000 2.000000 1.000000
v 12.250000 2.000000 1.000000
v 12.250000 6.000000 1.000000
v 12.750000 6.000000 1.000000
v 1.250000 -8.000000 13.750000
v 1.250000 -12.000000 13.750000
v 1.250000 -12.000000 18.500000
v 1.250000 -8.000000 18.500000
v -12.250000 -12.000000 13.750000
v 1.250000 -12.000000 13.750000
v 1.250000 -8.000000 13.750000
v 0.750000 -8.000000 13.750000
v 0.750000 -7.500000 13.750000
v -2.250000 12.000000 13.750000
v 1.250000 12.000000 13.750000
v -6.250000 12.000000 13.750000
v -7.250000 12.000000 13.750000
v -12.250000 12.000000 13.750000
v 6.750000 12.000000 13.750000
v 7.250000 -7.500000 13.750000
v 12.250000 12.000000 13.750000
v 7.250000 -12.000000 13.750000
v 12.250000 1.000000 13.750000
v 12.250000 -12.000000 13.750000
v -12.250000 12.000000 3.750000
v -12.250000 12.000000 4.250000
v -6.250000 12.000000 4.250000
v -11.250000 12.000000 3.750000
v -12.250000 12.000000 2.750000
v -11.250000 12.000000 1.000000
v -12.250000 12.000000 0.000000
v -6.250000 12.000000 1.000000
v -7.250000 12.000000 3.750000
v -6.250000 12.000000 0.000000
v -6.250000 12.000000 3.750000
v -7.250000 12.000000 1.000000
v -2.250000 12.000000 1.000000
v -1.250000 12.000000 0.000000
v 12.250000 12.000000 4.250000
v -1.250000 12.000000 2.750000
v -2.250000 12.000000 3.750000
v 2.250000 12.000000 3.750000
v 1.250000 12.000000 2.750000
v 2.250000 12.000000 2.750000
v 2.250000 12.000000 1.000000
v 1.250000 12.000000 0.000000
v 11.250000 12.000000 1.000000
v 11.250000 12.000000 0.000000
v 6.250000 12.000000 3.750000
v 12.250000 12.000000 2.750000
v 12.250000 12.000000 0.000000
v 11.250000 12.000000 3.750000
v 12.250000 12.000000 3.750000
v 7.250000 12.000000 3.750000
v 6.250000 12.000000 1.000000
v 7.250000 12.000000 1.000000
v -12.250000 2.000000 0.000000
v -12.250000 2.000000 1.000000
v -12.250000 6.000000 1.000000
v -12.250000 6.000000 0.000000
v -12.250000 12.000000 0.000000
v -12.250000 7.000000 1.000000
v -12.250000 6.000000 3.750000
v -12.250000 11.000000 1.000000
v -12.250000 11.000000 2.750000
v -12.250000 12.000000 2.750000
v -12.250000 12.000000 3.750000
v -12.250000 11.000000 3.750000
v -12.250000 12.000000 4.250000
v -12.250000 7.000000 3.750000
v -12.250000 2.000000 3.750000
v -12.250000 -12.000000 4.250000
v -12.250000 -12.000000 -0.000000
v 12.250000 6.000000 5.750000
v 12.250000 6.000000 8.500000
v 12.750000 6.000000 8.500000
v 12.750000 6.000000 5.750000
v 8.750000 -8.000000 14.250000
v 8.750000 -8.000000 17.000000
v 8.750000 -7.500000 17.000000
v 8.750000 -7.500000 14.250000
v -12.250000 -12.000000 4.250000
v 1.250000 -12.000000 4.250000
v 1.250000 -8.000000 4.250000
v 0.750000 -8.000000 4.250000
v 0.750000 1.000000 4.250000
v -6.250000 12.000000 4.250000
v -12.250000 12.000000 4.250000
v 12.250000 12.000000 4.250000
v 12.250000 2.000000 4.250000
v 12.250000 1.000000 4.250000
v 0.750000 -8.000000 20.000000
v 0.750000 -12.500000 20.000000
v 0.750000 -12.500000 15.250000
v 0.750000 -12.000000 15.250000
v 0.750000 -12.000000 14.250000
v 0.750000 -7.500000 14.250000
v 0.750000 -7.500000 20.000000
v 2.250000 12.500000 10.500000
v 2.250000 12.000000 10.500000
v 2.250000 12.000000 13.250000
v 2.250000 12.500000 13.250000
v -12.250000 6.000000 3.750000
v -12.250000 6.000000 1.000000
v -12.750000 6.000000 1.000000
v -12.750000 6.000000 2.750000
v -12.750000 6.000000 3.750000
v -12.250000 11.000000 13.250000
v -12.250000 11.000000 10.500000
v -12.750000 11.000000 10.500000
v -12.750000 11.000000 12.250000
v -12.750000 11.000000 13.250000
v -12.750000 7.000000 13.250000
v -12.750000 7.000000 10.500000
v -12.250000 7.000000 10.500000
v -12.250000 7.000000 12.250000
v -12.250000 7.000000 13.250000
v -12.750000 11.000000 5.750000
v -12.750000 7.000000 5.750000
v -12.750000 7.000000 3.750000
v -12.750000 11.000000 3.750000
v -12.750000 12.500000 4.250000
v -12.750000 11.000000 1.000000
v -12.750000 12.500000 12.250000
v -12.750000 12.500000 -6.000000
v -12.750000 11.000000 8.500000
v -12.750000 7.000000 1.000000
v -12.750000 11.000000 10.500000
v -12.750000 7.000000 8.500000
v -12.750000 7.000000 10.500000
v -12.750000 11.000000 12.250000
v -12.750000 11.000000 13.250000
v -12.750000 12.500000 13.750000
v -12.750000 12.500000 15.250000
v -12.750000 7.000000 13.250000
v -12.750000 6.000000 1.000000
v -12.750000 2.000000 1.000000
v -12.750000 6.000000 2.750000
v -12.750000 7.000000 2.750000
v -12.750000 1.000000 -6.000000
v -12.750000 2.000000 12.250000
v -12.750000 6.000000 3.750000
v -12.750000 0.500000 15.250000
v -12.750000 -12.500000 -6.000000
v -12.750000 -12.500000 15.250000
v -12.750000 2.000000 13.250000
v -12.750000 6.000000 13.250000
v -12.750000 6.000000 10.500000
v -12.750000 6.000000 5.750000
v -12.750000 2.000000 3.750000
v -12.750000 2.000000 5.750000
v -12.750000 6.000000 8.500000
v -12.750000 2.000000 8.500000
v -12.750000 2.000000 10.500000
v 12.250000 -7.500000 -0.000000
v 12.250000 -7.500000 4.250000
v 1.250000 -7.500000 4.250000
v 1.250000 -7.500000 -0.000000
v -12.750000 2.000000 1.000000
v -12.250000 2.000000 1.000000
v -12.250000 2.000000 3.750000
v -12.750000 2.000000 3.750000
v 12.750000 -12.500000 -6.000000
v 12.750000 -12.500000 20.000000
v 12.750000 -7.500000 20.000000
v 12.750000 2.000000 13.250000
v 12.750000 2.000000 3.750000
v 12.750000 2.000000 1.000000
v 12.750000 2.000000 5.750000
v 12.750000 2.000000 8.500000
v 12.750000 2.000000 10.500000
v 6.250000 12.000000 5.750000
v 7.250000 12.000000 8.500000
v 7.250000 12.000000 5.750000
v 6.250000 12.000000 8.500000
v 7.250000 12.000000 9.000000
v 2.250000 12.000000 8.500000
v 12.250000 12.000000 9.000000
v 11.250000 12.000000 8.500000
v 11.250000 12.000000 5.750000
v 11.250000 12.000000 4.750000
v 12.250000 12.000000 4.750000
v 6.250000 12.000000 4.750000
v -7.250000 12.000000 4.750000
v -7.250000 12.000000 5.750000
v -12.250000 12.000000 4.750000
v -11.250000 12.000000 5.750000
v -12.250000 12.000000 9.000000
v -11.250000 12.000000 8.500000
v -6.250000 12.000000 9.000000
v -7.250000 12.000000 8.500000
v -6.250000 12.000000 8.500000
v -7.250000 12.000000 7.500000
v 1.250000 12.000000 9.000000
v -6.250000 12.000000 7.500000
v -6.250000 12.000000 5.750000
v -2.250000 12.000000 8.500000
v -1.250000 12.000000 8.500000
v -2.250000 12.000000 5.750000
v -1.250000 12.000000 5.750000
v 1.250000 12.000000 8.500000
v 1.250000 12.000000 7.500000
v 2.250000 12.000000 7.500000
v 1.250000 12.000000 5.750000
v 2.250000 12.000000 5.750000
v 12.250000 12.000000 14.250000
v -12.250000 12.000000 14.250000
v -12.250000 12.000000 15.250000
v 12.250000 12.000000 15.250000
v 12.250000 2.000000 4.250000
v 12.250000 1.000000 4.250000
v 12.250000 1.000000 3.750000
v 12.250000 2.000000 2.750000
v 12.250000 1.000000 0.000000
v 12.250000 2.000000 1.000000
v 12.250000 12.000000 0.000000
v 12.250000 6.000000 1.000000
v 12.250000 7.000000 1.000000
v 12.250000 11.000000 1.000000
v 12.250000 7.000000 3.750000
v 12.250000 12.000000 2.750000
v 12.250000 11.000000 2.750000
v 12.250000 11.000000 3.750000
v 12.250000 12.000000 3.750000
v 12.250000 12.000000 4.250000
v 12.250000 2.000000 3.750000
v 12.250000 6.000000 3.750000
v 0.750000 1.000000 4.250000
v 0.750000 1.000000 0.000000
v 12.250000 1.000000 0.000000
v 12.250000 1.000000 3.750000
v 12.250000 1.000000 4.250000
v 1.250000 12.000000 0.000000
v 1.250000 12.500000 0.000000
v 1.250000 12.500000 2.750000
v 1.250000 12.000000 2.750000
v -7.250000 12.500000 8.500000
v -7.250000 12.000000 8.500000
v -7.250000 12.000000 7.500000
v -7.250000 12.000000 5.750000
v -7.250000 12.500000 5.750000
v 7.250000 -7.500000 4.750000
v 7.250000 -8.000000 4.750000
v 7.250000 -8.000000 9.000000
v 7.250000 -7.500000 9.000000
v 1.250000 -8.000000 18.500000
v 1.250000 -12.000000 18.500000
v 12.250000 -12.000000 18.500000
v 12.250000 -8.000000 18.500000
v -11.250000 12.000000 3.750000
v -7.250000 12.000000 3.750000
v -7.250000 12.500000 3.750000
v -11.250000 12.500000 3.750000
v -2.250000 12.000000 3.750000
v -2.250000 12.500000 3.750000
v -6.250000 12.500000 3.750000
v -6.250000 12.000000 3.750000
v 1.250000 0.500000 0.000000
v 1.250000 0.500000 4.250000
v 12.250000 0.500000 4.250000
v 12.250000 0.500000 0.000000
v 12.250000 6.000000 1.000000
v 12.250000 6.000000 3.750000
v 12.750000 6.000000 3.750000
v 12.750000 6.000000 1.000000
v 1.250000 12.000000 2.750000
v 1.250000 12.500000 2.750000
v -1.250000 12.500000 2.750000
v -1.250000 12.000000 2.750000
v 12.250000 0.500000 0.000000
v 12.250000 0.500000 4.250000
v 12.250000 -7.500000 4.250000
v 12.250000 -7.500000 -0.000000
v -7.250000 12.500000 1.000000
v -7.250000 12.500000 3.750000
v -7.250000 12.000000 3.750000
v -7.250000 12.000000 1.000000
v 0.750000 -2.000000 2.750000
v 0.750000 -4.500000 2.750000
v 1.250000 -4.500000 2.750000
v 1.250000 -2.000000 2.750000
v -12.750000 7.000000 3.750000
v -12.250000 7.000000 3.750000
v -12.250000 11.000000 3.750000
v -12.750000 11.000000 3.750000
v -12.750000 6.000000 3.750000
v -12.750000 2.000000 3.750000
v -12.250000 2.000000 3.750000
v -12.250000 6.000000 3.750000
v 2.250000 12.000000 3.750000
v 6.250000 12.000000 3.750000
v 6.250000 12.500000 3.750000
v 2.250000 12.500000 3.750000
v 7.250000 12.000000 3.750000
v 11.250000 12.000000 3.750000
v 11.250000 12.500000 3.750000
v 7.250000 12.500000 3.750000
v 12.250000 7.000000 3.750000
v 12.750000 7.000000 3.750000
v 12.750000 11.000000 3.750000
v 12.250000 11.000000 3.750000
v 12.250000 6.000000 3.750000
v 12.250000 2.000000 3.750000
v 12.750000 2.000000 3.750000
v 12.750000 6.000000 3.750000
v 1.250000 -12.000000 4.750000
v 7.250000 -12.000000 9.500000
v 7.250000 -12.000000 9.000000
v 1.250000 -12.000000 4.250000
v 1.250000 -7.500000 4.250000
v 12.250000 -7.500000 4.250000
v 12.250000 0.500000 4.250000
v 1.250000 0.500000 4.250000
v -6.250000 12.500000 1.000000
v -6.250000 12.000000 1.000000
v -6.250000 12.000000 3.750000
v -6.250000 12.500000 3.750000
v -12.250000 11.000000 5.750000
v -12.750000 11.000000 5.750000
v -12.750000 11.000000 8.500000
v -12.250000 11.000000 8.500000
v -12.750000 7.000000 5.750000
v -12.250000 7.000000 5.750000
v -12.250000 7.000000 8.500000
v -12.750000 7.000000 8.500000
v -1.250000 12.000000 5.750000
v -1.250000 12.500000 5.750000
v 1.250000 12.500000 5.750000
v 1.250000 12.000000 5.750000
v 12.250000 2.000000 5.750000
v 12.250000 6.000000 5.750000
v 12.750000 6.000000 5.750000
v 12.750000 2.000000 5.750000
v 12.250000 7.000000 5.750000
v 12.250000 11.000000 5.750000
v 12.750000 11.000000 5.750000
v 12.750000 7.000000 5.750000
v 11.250000 12.000000 5.750000
v 7.250000 12.000000 5.750000
v 7.250000 12.500000 5.750000
v 11.250000 12.500000 5.750000
v 6.250000 12.000000 5.750000
v 2.250000 12.000000 5.750000
v 2.250000 12.500000 5.750000
v 6.250000 12.500000 5.750000
v -2.250000 12.000000 5.750000
v -6.250000 12.000000 5.750000
v -6.250000 12.500000 5.750000
v -2.250000 12.500000 5.750000
v -7.250000 12.000000 5.750000
v -11.250000 12.000000 5.750000
v -11.250000 12.500000 5.750000
v -7.250000 12.500000 5.750000
v -12.250000 11.000000 5.750000
v -12.250000 7.000000 5.750000
v -12.750000 7.000000 5.750000
v -12.750000 11.000000 5.750000
v -12.250000 6.000000 5.750000
v -12.250000 2.000000 5.750000
v -12.750000 2.000000 5.750000
v -12.750000 6.000000 5.750000
v -2.250000 12.000000 5.750000
v -2.250000 12.500000 5.750000
v -2.250000 12.500000 8.500000
v -2.250000 12.000000 8.500000
v 12.250000 2.000000 5.750000
v 12.750000 2.000000 5.750000
v 12.750000 2.000000 8.500000
v 12.250000 2.000000 8.500000
v 1.250000 12.500000 8.500000
v 1.250000 12.000000 8.500000
v 1.250000 12.000000 7.500000
v 1.250000 12.000000 5.750000
v 1.250000 12.500000 5.750000
v -12.750000 7.000000 2.750000
v -12.750000 7.000000 1.000000
v -12.250000 7.000000 1.000000
v -12.250000 7.000000 3.750000
v -12.750000 7.000000 3.750000
v -12.250000 0.500000 4.750000
v -12.250000 -12.000000 4.750000
v -12.250000 -12.000000 9.000000
v -12.250000 0.500000 9.000000
v 12.750000 11.000000 3.750000
v 12.750000 11.000000 1.000000
v 12.250000 11.000000 1.000000
v 12.250000 11.000000 2.750000
v 12.250000 11.000000 3.750000
v -1.250000 1.000000 4.750000
v -1.250000 0.500000 4.750000
v -1.250000 0.500000 7.500000
v -1.250000 1.000000 7.500000
v 1.250000 -12.000000 20.000000
v 1.250000 -12.000000 19.000000
v 12.250000 -12.000000 19.000000
v 12.250000 -12.000000 20.000000
v -12.750000 2.000000 12.250000
v -12.750000 2.000000 10.500000
v -12.250000 2.000000 10.500000
v -12.250000 2.000000 13.250000
v -12.750000 2.000000 13.250000
v 11.250000 -8.000000 14.250000
v 11.250000 -7.500000 14.250000
v 11.250000 -7.500000 17.000000
v 11.250000 -8.000000 17.000000
v 12.250000 -12.000000 4.750000
v 12.250000 0.500000 4.750000
v 12.250000 0.500000 9.000000
v 12.250000 -12.000000 9.000000
v 12.250000 0.500000 9.000000
v 12.250000 0.500000 4.750000
v 1.250000 0.500000 4.750000
v 1.250000 0.500000 7.500000
v -1.250000 0.500000 7.500000
v -12.250000 0.500000 9.000000
v -12.250000 0.500000 4.750000
v -1.250000 0.500000 4.750000
v -12.250000 1.000000 9.000000
v -12.250000 1.000000 4.750000
v -1.250000 1.000000 4.750000
v -1.250000 1.000000 7.500000
v 1.250000 1.000000 7.500000
v 12.250000 1.000000 9.000000
v 12.250000 1.000000 4.750000
v 1.250000 1.000000 4.750000
v -12.750000 6.000000 5.750000
v -12.750000 6.000000 8.500000
v -12.250000 6.000000 8.500000
v -12.250000 6.000000 5.750000
v 12.750000 11.000000 13.250000
v 12.750000 11.000000 10.500000
v 12.250000 11.000000 10.500000
v 12.250000 11.000000 12.250000
v 12.250000 11.000000 13.250000
v -7.250000 12.000000 10.500000
v -7.250000 12.500000 10.500000
v -7.250000 12.500000 13.250000
v -7.250000 12.000000 13.250000
v 12.250000 2.000000 2.750000
v 12.250000 2.000000 1.000000
v 12.750000 2.000000 1.000000
v 12.750000 2.000000 3.750000
v 12.250000 2.000000 3.750000
v 1.250000 -12.500000 20.000000
v 0.750000 -12.500000 20.000000
v 0.750000 -8.000000 20.000000
v 1.250000 -12.000000 20.000000
v 1.250000 -8.000000 20.000000
v 12.250000 -12.000000 20.000000
v 0.750000 -7.500000 20.000000
v 12.750000 -12.500000 20.000000
v 12.250000 -8.000000 20.000000
v 12.750000 -7.500000 20.000000
v -12.250000 11.000000 9.000000
v -12.250000 12.000000 9.000000
v -12.250000 12.000000 4.750000
v -12.250000 11.000000 8.500000
v -12.250000 7.000000 8.500000
v -12.250000 7.000000 9.000000
v -12.250000 11.000000 5.750000
v -12.250000 7.000000 5.750000
v -12.250000 6.000000 9.000000
v -12.250000 6.000000 5.750000
v -12.250000 6.000000 8.500000
v -12.250000 2.000000 8.500000
v -12.250000 2.000000 9.000000
v -12.250000 2.000000 5.750000
v -12.250000 1.000000 9.000000
v -12.250000 1.000000 4.750000
v -1.250000 12.000000 10.500000
v 11.250000 12.000000 10.500000
v 12.250000 12.000000 10.500000
v 7.250000 12.000000 10.500000
v 6.250000 12.000000 10.500000
v 2.250000 12.000000 10.500000
v 1.250000 12.000000 10.500000
v -7.250000 12.000000 10.500000
v -2.250000 12.000000 10.500000
v -6.250000 12.000000 10.500000
v -1.250000 12.500000 8.500000
v -1.250000 12.500000 5.750000
v -1.250000 12.000000 5.750000
v -1.250000 12.000000 8.500000
v -12.750000 2.000000 1.000000
v -12.750000 2.000000 10.500000
v -12.750000 2.000000 12.250000
v -12.750000 2.000000 8.500000
v -12.750000 2.000000 3.750000
v -12.250000 -12.000000 9.000000
v 1.250000 -12.000000 9.000000
v 1.250000 -8.000000 9.000000
v 0.750000 -8.000000 9.000000
v 0.750000 -7.500000 9.000000
v -12.250000 0.500000 9.000000
v 7.250000 -7.500000 9.000000
v 12.250000 0.500000 9.000000
v 7.250000 -12.000000 9.000000
v 12.250000 -12.000000 9.000000
v 6.250000 12.500000 13.250000
v 6.250000 12.000000 13.250000
v 6.250000 12.000000 12.250000
v 6.250000 12.000000 10.500000
v 6.250000 12.500000 10.500000
v 12.250000 7.000000 13.250000
v 12.250000 7.000000 10.500000
v 12.750000 7.000000 10.500000
v 12.750000 7.000000 12.250000
v 12.750000 7.000000 13.250000
v 1.250000 0.500000 0.000000
v 1.250000 -2.000000 -0.000000
v 1.250000 -2.000000 2.750000
v 1.250000 0.500000 4.250000
v 1.250000 -4.500000 2.750000
v 1.250000 -7.500000 4.250000
v 1.250000 -4.500000 -0.000000
v 1.250000 -7.500000 -0.000000
v 12.250000 7.000000 8.500000
v 12.750000 7.000000 8.500000
v 12.750000 11.000000 8.500000
v 12.250000 11.000000 8.500000
v 12.250000 6.000000 8.500000
v 12.250000 2.000000 8.500000
v 12.750000 2.000000 8.500000
v 12.750000 6.000000 8.500000
v 7.250000 12.000000 8.500000
v 11.250000 12.000000 8.500000
v 11.250000 12.500000 8.500000
v 7.250000 12.500000 8.500000
v 2.250000 12.000000 8.500000
v 6.250000 12.000000 8.500000
v 6.250000 12.500000 8.500000
v 2.250000 12.500000 8.500000
v 1.250000 12.000000 8.500000
v 1.250000 12.500000 8.500000
v -1.250000 12.500000 8.500000
v -1.250000 12.000000 8.500000
v -2.250000 12.000000 8.500000
v -2.250000 12.500000 8.500000
v -6.250000 12.500000 8.500000
v -6.250000 12.000000 8.500000
v -11.250000 12.000000 8.500000
v -7.250000 12.000000 8.500000
v -7.250000 12.500000 8.500000
v -11.250000 12.500000 8.500000
v -12.750000 7.000000 8.500000
v -12.250000 7.000000 8.500000
v -12.250000 11.000000 8.500000
v -12.750000 11.000000 8.500000
v -12.750000 6.000000 8.500000
v -12.750000 2.000000 8.500000
v -12.250000 2.000000 8.500000
v -12.250000 6.000000 8.500000
v 1.250000 -12.000000 4.250000
v 7.250000 -12.000000 9.000000
v 7.250000 -8.000000 9.000000
v 1.250000 -8.000000 4.250000
v 1.250000 -8.000000 4.250000
v 7.250000 -8.000000 9.000000
v 7.250000 -8.000000 9.500000
v 1.250000 -8.000000 4.750000
v 0.750000 -2.000000 -0.000000
v 0.750000 -2.000000 2.750000
v 1.250000 -2.000000 2.750000
v 1.250000 -2.000000 -0.000000
v -12.250000 1.000000 9.000000
v 12.250000 1.000000 9.000000
v 12.250000 11.000000 9.000000
v 12.250000 12.000000 9.000000
v 7.250000 12.000000 9.000000
v 1.250000 12.000000 9.000000
v -6.250000 12.000000 9.000000
v -12.250000 12.000000 9.000000
v -12.250000 12.000000 9.000000
v -12.250000 2.000000 9.000000
v -12.250000 1.000000 9.000000
v -12.250000 6.000000 9.000000
v -12.250000 7.000000 9.000000
v -12.250000 11.000000 9.000000
v 6.250000 12.500000 5.750000
v 6.250000 12.500000 8.500000
v 6.250000 12.000000 8.500000
v 6.250000 12.000000 5.750000
v 2.250000 12.000000 1.000000
v 7.250000 12.000000 1.000000
v 11.250000 12.000000 1.000000
v 6.250000 12.000000 1.000000
v 12.750000 2.000000 10.500000
v 12.750000 2.000000 13.250000
v 12.250000 2.000000 13.250000
v 12.250000 2.000000 10.500000
v 1.250000 0.500000 4.750000
v 1.250000 1.000000 4.750000
v 1.250000 1.000000 7.500000
v 1.250000 0.500000 7.500000
v 12.250000 6.000000 10.500000
v 12.250000 2.000000 10.500000
v 12.250000 2.000000 9.500000
v 12.250000 12.000000 9.500000
v 12.250000 7.000000 10.500000
v 12.250000 11.000000 10.500000
v 12.250000 12.000000 10.500000
v 12.250000 7.000000 13.250000
v 12.250000 11.000000 12.250000
v 12.250000 12.000000 12.250000
v 12.250000 12.000000 13.750000
v 12.250000 11.000000 13.250000
v 12.250000 6.000000 13.250000
v 12.250000 2.000000 13.250000
v 12.250000 1.000000 13.750000
v 12.250000 -12.000000 9.500000
v 12.250000 -12.000000 13.750000
v 7.250000 12.000000 1.000000
v 7.250000 12.000000 3.750000
v 7.250000 12.500000 3.750000
v 7.250000 12.500000 1.000000
v 11.250000 12.500000 10.500000
v 11.250000 12.500000 13.250000
v 11.250000 12.000000 13.250000
v 11.250000 12.000000 10.500000
v 7.250000 12.500000 5.750000
v 7.250000 12.000000 5.750000
v 7.250000 12.000000 8.500000
v 7.250000 12.500000 8.500000
v -11.250000 12.500000 5.750000
v -11.250000 12.000000 5.750000
v -11.250000 12.000000 8.500000
v -11.250000 12.500000 8.500000
v -1.250000 12.500000 10.500000
v -1.250000 12.000000 10.500000
v -1.250000 12.000000 13.250000
v -1.250000 12.500000 13.250000
v 12.250000 2.000000 10.500000
v 12.250000 6.000000 10.500000
v 12.750000 6.000000 10.500000
v 12.750000 2.000000 10.500000
v 12.250000 7.000000 10.500000
v 12.250000 11.000000 10.500000
v 12.750000 11.000000 10.500000
v 12.750000 7.000000 10.500000
v 11.250000 12.000000 10.500000
v 7.250000 12.000000 10.500000
v 7.250000 12.500000 10.500000
v 11.250000 12.500000 10.500000
v 6.250000 12.000000 10.500000
v 2.250000 12.000000 10.500000
v 2.250000 12.500000 10.500000
v 6.250000 12.500000 10.500000
v 1.250000 12.000000 10.500000
v -1.250000 12.000000 10.500000
v -1.250000 12.500000 10.500000
v 1.250000 12.500000 10.500000
v -2.250000 12.000000 10.500000
v -6.250000 12.000000 10.500000
v -6.250000 12.500000 10.500000
v -2.250000 12.500000 10.500000
v -7.250000 12.000000 10.500000
v -11.250000 12.000000 10.500000
v -11.250000 12.500000 10.500000
v -7.250000 12.500000 10.500000
v -12.250000 11.000000 10.500000
v -12.250000 7.000000 10.500000
v -12.750000 7.000000 10.500000
v -12.750000 11.000000 10.500000
v -12.250000 6.000000 10.500000
v -12.250000 2.000000 10.500000
v -12.750000 2.000000 10.500000
v -12.750000 6.000000 10.500000
v 1.250000 12.000000 10.500000
v 1.250000 12.500000 10.500000
v 1.250000 12.500000 13.250000
v 1.250000 12.000000 13.250000
v 11.250000 12.500000 5.750000
v 11.250000 12.500000 8.500000
v 11.250000 12.000000 8.500000
v 11.250000 12.000000 5.750000
v -12.750000 2.000000 5.750000
v -12.250000 2.000000 5.750000
v -12.250000 2.000000 8.500000
v -12.750000 2.000000 8.500000
v 2.250000 12.500000 5.750000
v 2.250000 12.000000 5.750000
v 2.250000 12.000000 7.500000
v 2.250000 12.000000 8.500000
v 2.250000 12.500000 8.500000
v 11.250000 12.500000 1.000000
v 11.250000 12.500000 3.750000
v 11.250000 12.000000 3.750000
v 11.250000 12.000000 1.000000
v 7.250000 -7.500000 13.750000
v 7.250000 -7.500000 9.500000
v 7.250000 -8.000000 9.500000
v 7.250000 -8.000000 13.750000
v 2.250000 12.500000 1.000000
v 2.250000 12.000000 1.000000
v 2.250000 12.000000 2.750000
v 2.250000 12.000000 3.750000
v 2.250000 12.500000 3.750000
v 7.250000 -7.500000 9.500000
v 7.250000 -7.500000 13.750000
v 0.750000 -7.500000 13.750000
v 0.750000 -7.500000 9.500000
v -11.250000 12.000000 1.000000
v -11.250000 12.000000 3.750000
v -11.250000 12.500000 3.750000
v -11.250000 12.500000 1.000000
v 12.750000 12.500000 15.250000
v -12.750000 12.500000 15.250000
v -12.750000 12.500000 13.750000
v 12.750000 12.500000 13.250000
v 12.750000 12.500000 8.500000
v 12.750000 12.500000 1.000000
v 12.750000 12.500000 -6.000000
v 11.250000 12.500000 13.250000
v 11.250000 12.500000 10.500000
v 7.250000 12.500000 13.250000
v -12.750000 12.500000 10.500000
v -11.250000 12.500000 10.500000
v -7.250000 12.500000 10.500000
v -11.250000 12.500000 12.250000
v -11.250000 12.500000 13.250000
v -7.250000 12.500000 13.250000
v -12.750000 12.500000 12.250000
v -12.750000 12.500000 4.250000
v -6.250000 12.500000 10.500000
v -6.250000 12.500000 13.250000
v -2.250000 12.500000 10.500000
v -2.250000 12.500000 13.250000
v -1.250000 12.500000 10.500000
v -1.250000 12.500000 13.250000
v 1.250000 12.500000 10.500000
v 1.250000 12.500000 13.250000
v 2.250000 12.500000 10.500000
v 2.250000 12.500000 13.250000
v 6.250000 12.500000 13.250000
v 6.250000 12.500000 10.500000
v 7.250000 12.500000 10.500000
v 12.250000 -12.000000 14.250000
v 12.250000 -12.000000 18.500000
v 1.250000 -12.000000 18.500000
v 11.250000 -12.000000 14.250000
v 7.250000 -12.000000 14.250000
v 7.250000 -12.000000 13.750000
v 1.250000 -12.000000 13.750000
v 12.250000 -12.000000 13.750000
v -12.250000 -12.000000 13.750000
v 12.250000 -12.000000 9.500000
v 7.250000 -12.000000 9.500000
v 1.250000 -12.000000 9.500000
v -12.250000 -12.000000 9.500000
v 7.250000 -12.000000 9.000000
v 1.250000 -12.000000 9.000000
v 12.250000 -12.000000 9.000000
v -12.250000 -12.000000 9.000000
v 12.250000 -12.000000 4.750000
v 7.250000 -12.000000 4.750000
v 1.250000 -12.000000 4.750000
v -12.250000 -12.000000 4.750000
v 7.250000 -12.000000 4.250000
v 6.750000 -12.000000 4.250000
v 1.250000 -12.000000 4.250000
v -12.250000 -12.000000 4.250000
v 6.750000 -12.000000 3.750000
v -12.250000 -12.000000 -0.000000
v 1.250000 -12.000000 -0.000000
v 6.250000 -12.000000 -0.000000
v 6.250000 -12.000000 3.750000
v -11.250000 12.500000 10.500000
v -11.250000 12.000000 10.500000
v -11.250000 12.000000 13.250000
v -11.250000 12.500000 13.250000
v -2.250000 12.000000 1.000000
v -2.250000 12.500000 1.000000
v -2.250000 12.500000 3.750000
v -2.250000 12.000000 3.750000
v 0.750000 -8.000000 9.500000
v 0.750000 -7.500000 9.500000
v 0.750000 -7.500000 13.750000
v 0.750000 -8.000000 13.750000
v 6.250000 12.000000 1.000000
v 6.250000 12.500000 1.000000
v 6.250000 12.500000 3.750000
v 6.250000 12.000000 3.750000
v 12.250000 -7.500000 14.250000
v 12.250000 12.000000 14.250000
v 12.250000 12.000000 15.250000
v 12.250000 -7.500000 15.250000
v 12.250000 -12.000000 14.250000
v 12.250000 -8.000000 14.250000
v 12.250000 -8.000000 18.500000
v 12.250000 -12.000000 18.500000
v 12.750000 6.000000 12.250000
v 12.750000 6.000000 10.500000
v 12.250000 6.000000 10.500000
v 12.250000 6.000000 13.250000
v 12.750000 6.000000 13.250000
v 1.250000 -12.000000 9.500000
v 7.250000 -12.000000 14.250000
v 7.250000 -12.000000 13.750000
v 1.250000 -12.000000 9.000000
v 1.250000 -8.000000 9.000000
v 7.250000 -8.000000 13.750000
v 7.250000 -8.000000 14.250000
v 1.250000 -8.000000 9.500000
v 1.250000 -12.000000 9.000000
v 7.250000 -12.000000 13.750000
v 7.250000 -8.000000 13.750000
v 1.250000 -8.000000 9.000000
v 12.250000 7.000000 8.500000
v 12.250000 7.000000 5.750000
v 12.750000 7.000000 5.750000
v 12.750000 7.000000 8.500000
v 0.750000 -12.000000 14.250000
v 0.750000 -12.000000 15.250000
v -12.250000 -12.000000 15.250000
v -12.250000 -12.000000 14.250000
v 0.750000 -8.000000 9.000000
v 0.750000 -8.000000 4.750000
v 0.750000 -7.500000 4.750000
v 0.750000 -7.500000 9.000000
v 7.250000 12.500000 10.500000
v 7.250000 12.000000 10.500000
v 7.250000 12.000000 13.250000
v 7.250000 12.500000 13.250000
v 0.750000 -7.500000 9.000000
v 0.750000 -7.500000 4.750000
v 7.250000 -7.500000 4.750000
v 7.250000 -7.500000 9.000000
v -12.250000 -12.000000 15.250000
v 0.750000 -12.000000 15.250000
v 0.750000 -12.500000 15.250000
v -12.750000 -12.500000 15.250000
v -12.750000 12.500000 15.250000
v -12.250000 12.000000 15.250000
v 12.250000 12.000000 15.250000
v 12.750000 12.500000 15.250000
v 12.750000 -7.500000 15.250000
v 12.250000 -7.500000 15.250000
v -12.250000 12.000000 14.250000
v -12.250000 -12.000000 14.250000
v -12.250000 -12.000000 15.250000
v -12.250000 12.000000 15.250000
v 0.750000 -7.500000 20.000000
v 0.750000 -7.500000 14.250000
v 6.750000 -7.500000 14.250000
v 8.750000 -7.500000 14.250000
v 8.750000 -7.500000 17.000000
v 11.250000 -7.500000 17.000000
v 12.750000 -7.500000 20.000000
v 12.750000 -7.500000 15.250000
v 11.250000 -7.500000 14.250000
v 12.250000 -7.500000 14.250000
v 12.250000 -7.500000 15.250000
v -2.250000 12.000000 10.500000
v -2.250000 12.500000 10.500000
v -2.250000 12.500000 13.250000
v -2.250000 12.000000 13.250000
v 0.750000 -2.000000 -0.000000
v 0.750000 1.000000 0.000000
v 0.750000 1.000000 4.250000
v 0.750000 -2.000000 2.750000
v 0.750000 -4.500000 2.750000
v 0.750000 -8.000000 4.250000
v 0.750000 -8.000000 -0.000000
v 0.750000 -4.500000 -0.000000
v 12.750000 -12.500000 20.000000
v 12.750000 -12.500000 -6.000000
v -12.750000 -12.500000 -6.000000
v 0.750000 -12.500000 15.250000
v -12.750000 -12.500000 15.250000
v 0.750000 -12.500000 20.000000
v -12.250000 11.000000 2.750000
v -12.250000 11.000000 1.000000
v -12.750000 11.000000 1.000000
v -12.750000 11.000000 3.750000
v -12.250000 11.000000 3.750000
v 1.250000 -12.000000 19.000000
v 1.250000 -12.000000 20.000000
v 1.250000 -8.000000 20.000000
v 1.250000 -8.000000 19.000000
v -1.250000 12.500000 0.000000
v -1.250000 12.000000 0.000000
v -1.250000 12.000000 2.750000
v -1.250000 12.500000 2.750000
v 0.750000 -4.500000 -0.000000
v 1.250000 -4.500000 -0.000000
v 1.250000 -4.500000 2.750000
v 0.750000 -4.500000 2.750000
v -12.750000 6.000000 13.250000
v -12.750000 2.000000 13.250000
v -12.250000 2.000000 13.250000
v -12.250000 6.000000 13.250000
v -12.750000 7.000000 13.250000
v -12.250000 7.000000 13.250000
v -12.250000 11.000000 13.250000
v -12.750000 11.000000 13.250000
v -11.250000 12.000000 13.250000
v -7.250000 12.000000 13.250000
v -7.250000 12.500000 13.250000
v -11.250000 12.500000 13.250000
v -2.250000 12.000000 13.250000
v -2.250000 12.500000 13.250000
v -6.250000 12.500000 13.250000
v -6.250000 12.000000 13.250000
v 1.250000 12.000000 13.250000
v 1.250000 12.500000 13.250000
v -1.250000 12.500000 13.250000
v -1.250000 12.000000 13.250000
v 2.250000 12.000000 13.250000
v 6.250000 12.000000 13.250000
v 6.250000 12.500000 13.250000
v 2.250000 12.500000 13.250000
v 7.250000 12.000000 13.250000
v 11.250000 12.000000 13.250000
v 11.250000 12.500000 13.250000
v 7.250000 12.500000 13.250000
v 12.250000 7.000000 13.250000
v 12.750000 7.000000 13.250000
v 12.750000 11.000000 13.250000
v 12.250000 11.000000 13.250000
v 12.250000 6.000000 13.250000
v 12.250000 2.000000 13.250000
v 12.750000 2.000000 13.250000
v 12.750000 6.000000 13.250000
v 1.250000 1.000000 7.500000
v -1.250000 1.000000 7.500000
v -1.250000 0.500000 7.500000
v 1.250000 0.500000 7.500000
v 12.250000 -7.500000 14.250000
v 11.250000 -7.500000 14.250000
v 11.250000 -8.000000 14.250000
v 12.250000 -8.000000 14.250000
v 1.250000 -8.000000 19.000000
v 1.250000 -8.000000 20.000000
v 12.250000 -8.000000 20.000000
v 12.250000 -8.000000 19.000000
v 12.250000 -12.000000 20.000000
v 12.250000 -12.000000 19.000000
v 12.250000 -8.000000 19.000000
v 12.250000 -8.000000 20.000000
v 1.250000 -12.000000 19.000000
v 1.250000 -8.000000 19.000000
v 12.250000 -8.000000 19.000000
v 12.250000 -12.000000 19.000000
v -6.250000 12.500000 13.250000
v -6.250000 12.500000 10.500000
v -6.250000 12.000000 10.500000
v -6.250000 12.000000 13.250000
v 0.649997 -1.887708 2.850291
v 1.349998 -1.887707 2.850291
v 1.350000 -4.614839 2.850291
v 0.649999 -4.614840 2.850291
v 11.169183 -8.100000 16.888153
v 11.169183 -8.100000 14.150911
v 11.169182 -7.400000 14.150911
v 11.169182 -7.400000 16.888153
v 8.675665 -8.100005 17.088152
v 8.675663 -7.400005 17.088152
v 11.402795 -7.400000 17.088152
v 11.402797 -8.100000 17.088152
v 11.169182 -7.400000 16.888153
v 11.169182 -7.400000 14.150911
v 11.402795 -7.400000 14.150911
v 11.402795 -7.400000 17.088152
v 8.909277 -7.400004 16.888153
v 8.909277 -7.400004 14.150911
v 8.909279 -8.100004 14.150911
v 8.909279 -8.100004 16.888153
v 11.169182 -7.400000 16.888153
v 8.909277 -7.400004 16.888153
v 8.909279 -8.100004 16.888153
v 11.169183 -8.100000 16.888153
v 8.909277 -7.400004 14.150911
v 8.675663 -7.400005 14.150911
v 8.675665 -8.100005 14.150911
v 8.909279 -8.100004 14.150911
v 11.402795 -7.400000 14.150911
v 11.169182 -7.400000 14.150911
v 11.169183 -8.100000 14.150911
v 11.402797 -8.100000 14.150911
v -12.150003 6.090816 8.624922
v -12.850004 6.090816 8.624922
v -12.850004 6.090816 5.626782
v -12.150003 6.090816 5.626782
v -12.850000 2.104382 13.150026
v -12.850000 2.104382 10.555086
v -12.150000 2.104382 10.555086
v -12.150000 2.104382 13.150026
v -12.150003 5.857202 13.150026
v -12.150003 5.857202 10.555086
v -12.850004 5.857202 10.555086
v -12.850004 5.857202 13.150026
v -12.150000 2.104382 13.150026
v -12.150003 5.857202 13.150026
v -12.850004 5.857202 13.150026
v -12.850000 2.104382 13.150026
v -12.150000 1.870768 8.624922
v -12.850000 1.870768 8.624922
v -12.150003 6.090816 8.624922
v -12.850004 6.090816 8.624922
v -12.150000 2.104382 5.829983
v -12.150000 1.870768 5.829983
v -12.150000 1.870768 8.624922
v -12.150000 2.104382 8.624922
v -12.150000 1.870768 13.350025
v -12.150000 1.870768 10.351885
v -12.850000 1.870768 10.351885
v -12.850000 1.870768 10.555086
v -12.150003 10.902988 10.555086
v -12.150003 10.902988 13.150026
v -12.150003 11.136602 10.351885
v -12.150003 10.902988 13.350025
v -12.150000 2.104382 10.555086
v -12.850000 2.104382 10.555086
v -12.850004 5.857202 10.555086
v -12.150003 5.857202 10.555086
v -12.850000 2.104382 10.555086
v -12.850000 1.870768 10.555086
v -12.850000 1.870768 10.351885
v -12.850004 6.090816 10.351885
v -12.850004 5.857202 10.555086
v -2.161452 11.900000 1.099116
v -2.161452 11.900000 3.694057
v -2.161452 12.600000 0.895915
v -2.161452 11.900000 3.894055
v -1.379717 1.100000 7.665662
v -1.379715 0.399999 7.665662
v -1.379715 0.399999 4.728421
v -1.379717 1.100000 4.728421
v 0.649999 -4.614840 2.850291
v 1.350000 -4.614839 2.850291
v 1.350000 -4.614839 -0.086950
v 0.649999 -4.614840 -0.086950
v 7.154803 11.900000 5.626782
v 11.374851 11.900000 5.626782
v 11.374851 12.600000 5.626782
v 11.141237 12.600000 5.626782
v 7.388417 12.600000 5.626782
v 7.154803 12.600000 5.626782
v 0.649999 -4.381226 2.650291
v 0.649999 -4.381226 -0.086950
v 1.350000 -4.381226 -0.086950
v 1.350000 -4.381226 2.650291
v 1.349998 -2.121321 2.650291
v 1.349998 -2.121321 -0.086950
v 0.649997 -2.121322 -0.086950
v 0.649997 -2.121322 2.650291
v 1.350000 -4.381226 2.650291
v 1.349998 -2.121321 2.650291
v 0.649997 -2.121322 2.650291
v 0.649999 -4.381226 2.650291
v 1.349998 -2.121321 -0.086950
v 1.349998 -1.887707 -0.086950
v 0.649997 -1.887708 -0.086950
v 0.649997 -2.121322 -0.086950
v 1.350000 -4.614839 -0.086950
v 1.350000 -4.381226 -0.086950
v 0.649999 -4.381226 -0.086950
v 0.649999 -4.614840 -0.086950
v 12.850004 11.136602 5.626782
v 12.850004 11.136602 8.624922
v 12.150003 11.136602 5.829983
v 12.150003 11.136602 8.624922
v 1.113803 0.400003 7.465663
v 1.113803 0.400003 4.728421
v 1.113802 1.100004 4.728421
v 1.113802 1.100004 7.465663
v 12.150000 6.916554 8.624922
v 12.850000 6.916554 8.624922
v 12.850000 6.916554 5.626782
v 12.150000 6.916554 5.626782
v 1.113802 1.100004 7.465663
v 1.113802 1.100004 4.728421
v 1.347415 1.100004 4.728421
v 1.347415 1.100004 7.665662
v -1.146103 1.100000 7.465663
v -1.146103 1.100000 4.728421
v -1.146101 0.399999 4.728421
v -1.146101 0.399999 7.465663
v 1.113802 1.100004 7.465663
v -1.146103 1.100000 7.465663
v -1.146101 0.399999 7.465663
v 1.113803 0.400003 7.465663
v -1.146103 1.100000 4.728421
v -1.379717 1.100000 4.728421
v -1.379715 0.399999 4.728421
v -1.146101 0.399999 4.728421
v 1.347415 1.100004 4.728421
v 1.113802 1.100004 4.728421
v 1.113803 0.400003 4.728421
v 1.347417 0.400004 4.728421
v -1.363566 12.600000 8.624922
v -1.363566 11.900000 8.624922
v -1.363566 11.900000 5.626781
v -1.363566 12.600000 5.626781
v -1.363566 12.600000 2.850291
v -1.363566 11.900000 2.850291
v -1.363566 11.900000 -0.086951
v -1.363566 12.600000 -0.086951
v -1.129952 12.600000 2.650291
v -1.129952 12.600000 -0.086951
v -1.129952 11.900000 -0.086951
v -1.129952 11.900000 2.650291
v -12.850000 6.916554 5.626782
v -12.150000 6.916554 5.626782
v -12.150000 7.150168 5.626782
v -12.150003 11.136602 5.626782
v -12.850004 11.136602 5.626782
v 1.129952 11.900000 2.650291
v 1.129952 11.900000 -0.086951
v 1.129952 12.600000 -0.086951
v 1.129952 12.600000 2.650291
v -1.129952 11.900000 2.650291
v 1.129952 11.900000 2.650291
v 1.129952 12.600000 2.650291
v -1.129952 12.600000 2.650291
v 1.129952 11.900000 -0.086951
v 1.363566 11.900000 -0.086951
v 1.363566 12.600000 -0.086951
v 1.129952 12.600000 -0.086951
v -1.363566 11.900000 -0.086951
v -1.129952 11.900000 -0.086951
v -1.129952 12.600000 -0.086951
v -1.363566 12.600000 -0.086951
v 1.129952 12.600000 2.650291
v 1.129952 12.600000 -0.086951
v 1.363566 12.600000 -0.086951
v 1.363566 12.600000 2.850291
v -7.154803 11.900000 13.350025
v -7.154803 12.600000 13.350025
v -7.154803 12.600000 10.351885
v -7.154803 11.900000 10.351885
v 1.363566 11.900000 2.850291
v 1.363566 12.600000 2.850291
v 1.363566 12.600000 -0.086951
v 1.363566 11.900000 -0.086951
v -1.129952 12.600000 8.424923
v -1.129952 12.600000 5.829982
v -1.129952 11.900000 5.829982
v -1.129952 11.900000 8.424923
v 11.374851 11.900000 3.894055
v 11.374851 12.600000 3.894055
v 11.374851 12.600000 0.895915
v 11.374851 11.900000 0.895915
v 1.129952 11.900000 8.624922
v 1.129952 11.900000 8.424923
v -1.129952 11.900000 8.424923
v -1.129952 11.900000 8.624922
v 1.129952 11.900000 8.424923
v 1.129952 11.900000 5.829982
v 1.129952 12.600000 5.829982
v 1.129952 12.600000 8.424923
v -1.129952 11.900000 8.424923
v 1.129952 11.900000 8.424923
v 1.129952 12.600000 8.424923
v -1.129952 12.600000 8.424923
v 2.161452 11.900000 0.895915
v 6.381500 11.900000 0.895915
v 6.381500 12.600000 0.895915
v 2.161452 12.600000 0.895915
v 6.381500 12.600000 5.626782
v 6.381500 11.900000 5.626782
v 6.381500 11.900000 8.624922
v 6.381500 12.600000 8.624922
v 6.381500 12.600000 8.624922
v 6.381500 12.600000 5.829983
v 6.381500 12.600000 5.626782
v 6.381500 12.600000 8.424923
v -1.129952 11.900000 5.829982
v -1.129952 12.600000 5.829982
v 1.129952 12.600000 5.829982
v 1.129952 11.900000 5.829982
v -12.150003 6.090816 3.894055
v -12.850004 6.090816 3.894055
v -12.850004 6.090816 0.895915
v -12.150003 6.090816 0.895915
v 1.363566 12.600000 10.351885
v -1.363566 12.600000 10.351885
v -1.129952 11.900000 10.351885
v -1.363566 11.900000 10.351885
v -1.129952 12.600000 13.150026
v -1.129952 12.600000 10.555086
v -1.129952 11.900000 10.555086
v -1.129952 11.900000 13.150026
v -11.374851 12.600000 8.624922
v -11.374851 11.900000 8.624922
v -11.374851 11.900000 5.626782
v -11.374851 12.600000 5.626782
v 1.129952 11.900000 13.150026
v 1.129952 11.900000 10.555086
v 1.129952 12.600000 10.555086
v 1.129952 12.600000 13.150026
v -1.129952 11.900000 13.150026
v 1.129952 11.900000 13.150026
v 1.129952 12.600000 13.150026
v -1.129952 12.600000 13.150026
v 7.154803 11.900000 8.624922
v 7.154803 12.600000 8.624922
v 11.374851 12.600000 8.624922
v 11.374851 11.900000 8.624922
v -6.381500 12.600000 13.350025
v -6.381500 11.900000 13.350025
v -6.381500 11.900000 10.351885
v -6.381500 12.600000 10.351885
v -1.129952 11.900000 10.555086
v -1.129952 12.600000 10.555086
v 1.129952 12.600000 10.555086
v 1.129952 11.900000 10.555086
v -6.147886 12.600000 13.150026
v -6.147886 12.600000 10.555086
v -6.147886 11.900000 10.555086
v -6.147886 11.900000 13.150026
v -2.395066 11.900000 13.150026
v -2.395066 11.900000 10.555086
v -2.395066 12.600000 10.555086
v -2.395066 12.600000 13.150026
v -6.147886 11.900000 13.150026
v -2.395066 11.900000 13.150026
v -2.395066 12.600000 13.150026
v -6.147886 12.600000 13.150026
v -2.395066 12.600000 13.150026
v -2.395066 12.600000 10.555086
v -2.161452 12.600000 10.555086
v -2.161452 12.600000 13.350025
v 2.161452 12.600000 13.350025
v 2.161452 11.900000 13.350025
v 2.161452 11.900000 10.351885
v 2.161452 12.600000 10.351885
v 1.363566 11.900000 8.624922
v 1.363566 12.600000 8.624922
v 1.363566 12.600000 5.626781
v 1.363566 11.900000 5.626781
v -6.147886 11.900000 10.555086
v -6.147886 12.600000 10.555086
v -2.395066 12.600000 10.555086
v -2.395066 11.900000 10.555086
v -11.141237 12.600000 13.150026
v -11.141237 12.600000 10.555086
v -11.141237 11.900000 10.555086
v -11.141237 11.900000 13.150026
v -12.850000 1.870768 0.895915
v -12.150000 1.870768 0.895915
v -12.150003 5.857202 0.895915
v -12.150003 6.090816 0.895915
v -12.850004 6.090816 0.895915
v -7.388417 11.900000 13.150026
v -7.388417 11.900000 10.555086
v -7.388417 12.600000 10.555086
v -7.388417 12.600000 13.150026
v -11.141237 11.900000 13.150026
v -7.388417 11.900000 13.150026
v -7.388417 12.600000 13.150026
v -11.141237 12.600000 13.150026
v -11.141237 11.900000 10.555086
v -11.141237 12.600000 10.555086
v -7.388417 12.600000 10.555086
v -7.388417 11.900000 10.555086
v -12.150003 11.136602 3.894055
v -12.850004 11.136602 3.894055
v -12.850004 11.136602 0.895915
v -12.150003 11.136602 0.895915
v -12.850000 7.150168 13.150026
v -12.850000 7.150168 10.555086
v -12.150000 7.150168 10.555086
v -12.150000 7.150168 13.150026
v -12.850004 11.136602 13.350025
v -12.150003 11.136602 13.350025
v -12.150003 10.902988 13.350025
v -12.850000 6.916554 13.350025
v -12.150003 10.902988 13.150026
v -12.150003 10.902988 10.555086
v -12.850004 10.902988 10.555086
v -12.850004 10.902988 13.150026
v -12.150000 7.150168 13.150026
v -12.150003 10.902988 13.150026
v -12.850004 10.902988 13.150026
v -12.850000 7.150168 13.150026
v -12.850000 6.916554 10.351885
v -12.150000 6.916554 10.351885
v -12.150003 10.902988 10.351885
v -12.150003 11.136602 10.351885
v -12.850004 11.136602 10.351885
v -12.850000 6.916554 13.350025
v -12.150000 6.916554 13.350025
v -12.150000 6.916554 10.351885
v -12.850000 6.916554 10.351885
v -12.150003 10.902988 1.099116
v -12.150003 10.902988 3.694057
v -12.150003 11.136602 0.895915
v -12.150003 10.902988 3.894055
v 11.141237 11.900000 1.099116
v 11.141237 11.900000 3.694057
v 11.374851 11.900000 3.894055
v 7.388417 11.900000 3.694057
v 7.388417 11.900000 1.099116
v 7.154803 11.900000 1.099116
v 7.154803 11.900000 3.894055
v -12.150000 7.150168 10.555086
v -12.850000 7.150168 10.555086
v -12.850004 10.902988 10.555086
v -12.150003 10.902988 10.555086
v -12.850000 7.150168 13.150026
v -12.850004 10.902988 13.350025
v -12.850000 6.916554 13.350025
v -12.850004 10.902988 13.150026
v -12.850000 7.150168 10.555086
v -12.850000 6.916554 10.351885
v -12.850004 11.136602 10.351885
v -12.850004 11.136602 10.351885
v -12.850004 10.902988 10.555086
v -12.850000 7.150168 10.555086
v -12.850004 11.136602 10.555086
v 12.850000 2.104382 13.150026
v 12.150000 2.104382 13.150026
v 12.150000 2.104382 10.555086
v 12.850000 2.104382 10.555086
v 12.150000 1.870768 13.350025
v 12.150000 1.870768 10.351885
v 12.150000 2.104382 13.150026
v 12.150000 2.104382 10.351885
v 12.150003 5.857202 13.150026
v 12.850004 5.857202 13.150026
v 12.850004 5.857202 10.555086
v 12.150003 5.857202 10.555086
v 12.150000 2.104382 13.150026
v 12.850000 2.104382 13.150026
v 12.850004 5.857202 13.150026
v 12.150003 5.857202 13.150026
v 12.150003 6.090816 13.350025
v 12.150003 6.090816 10.351885
v 12.850004 6.090816 10.351885
v 12.850004 6.090816 10.555086
v 12.150000 1.870768 13.350025
v 12.850000 1.870768 13.350025
v 12.850000 1.870768 10.351885
v 12.150000 1.870768 10.351885
v 12.150000 2.104382 10.555086
v 12.150003 5.857202 10.555086
v 12.850004 5.857202 10.555086
v 12.850000 2.104382 10.555086
v 12.850000 2.104382 10.555086
v 12.850004 6.090816 10.351885
v 12.850000 1.870768 10.351885
v 12.850004 5.857202 10.555086
v 12.150003 5.857202 10.351885
v 12.150003 5.857202 10.555086
v 12.150000 2.104382 10.555086
v 12.150000 2.104382 10.351885
v 12.150000 6.916554 10.351885
v 12.150000 6.916554 10.555086
v 12.850000 6.916554 10.555086
v 12.850000 6.916554 13.350025
v 12.850000 7.150168 13.150026
v 12.150000 7.150168 13.150026
v 12.150000 7.150168 10.555086
v 12.850000 7.150168 10.555086
v 12.150003 10.902988 13.150026
v 12.850004 10.902988 13.150026
v 12.850004 10.902988 10.555086
v 12.150003 10.902988 10.555086
v 12.150000 7.150168 13.150026
v 12.850000 7.150168 13.150026
v 12.850004 10.902988 13.150026
v 12.150003 10.902988 13.150026
v 12.150000 7.150168 13.350025
v 12.150000 6.916554 13.350025
v 12.150000 6.916554 10.555086
v 12.150000 7.150168 10.555086
v 12.150003 11.136602 10.351885
v 12.150000 6.916554 10.351885
v 12.850000 6.916554 10.351885
v 12.850004 11.136602 10.351885
v 12.850004 11.136602 13.350025
v 12.150003 11.136602 13.350025
v 12.150003 11.136602 10.351885
v 12.850004 11.136602 10.351885
v 12.850004 5.857202 8.624922
v 12.850000 1.870768 8.624922
v 12.150003 6.090816 8.624922
v 12.150003 5.857202 8.624922
v -12.150003 5.857202 10.555086
v -12.150003 5.857202 13.150026
v -12.150003 6.090816 10.351885
v -12.150003 5.857202 13.350025
v 12.150000 7.150168 10.555086
v 12.150003 10.902988 10.555086
v 12.850004 10.902988 10.555086
v 12.850000 7.150168 10.555086
v 12.850004 10.902988 10.555086
v 12.850004 10.902988 13.150026
v 12.850004 11.136602 10.351885
v 12.850004 10.902988 13.350025
v 12.150000 7.150168 10.555086
v 12.150000 6.916554 10.555086
v 12.150000 6.916554 10.351885
v 12.150003 11.136602 10.351885
v 12.150003 10.902988 10.555086
v 11.374851 12.600000 10.351885
v 11.374851 11.900000 10.351885
v 11.374851 11.900000 13.350025
v 11.374851 12.600000 13.350025
v 6.147886 12.600000 13.150026
v 6.147886 11.900000 13.150026
v 6.147886 11.900000 10.555086
v 6.147886 12.600000 10.555086
v 2.395066 12.600000 13.350025
v 2.395066 12.600000 13.150026
v 6.147886 12.600000 13.150026
v 6.381500 12.600000 13.350025
v 6.147886 12.600000 13.150026
v 6.147886 12.600000 10.555086
v 6.381500 12.600000 10.555086
v 6.381500 12.600000 13.350025
v 2.395066 11.900000 13.150026
v 2.395066 12.600000 13.150026
v 2.395066 12.600000 10.555086
v 2.395066 11.900000 10.555086
v 6.147886 11.900000 13.150026
v 6.147886 12.600000 13.150026
v 2.395066 12.600000 13.150026
v 2.395066 11.900000 13.150026
v 6.147886 11.900000 10.351885
v 6.381500 11.900000 10.351885
v 6.381500 12.600000 10.351885
v 2.161452 12.600000 10.351885
v 2.161452 11.900000 10.351885
v -1.363566 12.600000 13.350025
v -1.363566 11.900000 13.350025
v -1.363566 11.900000 10.351885
v -1.363566 12.600000 10.351885
v 6.147886 11.900000 10.555086
v 2.395066 11.900000 10.555086
v 2.395066 12.600000 10.555086
v 6.147886 12.600000 10.555086
v -12.150000 7.150168 5.626782
v -12.150000 6.916554 5.626782
v -12.150000 6.916554 8.424923
v -12.150000 7.150168 8.424923
v 12.850004 6.090816 5.626782
v 12.850004 6.090816 5.829983
v 12.150003 6.090816 5.829983
v 12.150003 6.090816 8.624922
v 11.141237 12.600000 13.150026
v 11.141237 11.900000 13.150026
v 11.141237 11.900000 10.555086
v 11.141237 12.600000 10.555086
v 8.675663 -7.400005 17.088152
v 8.675665 -8.100005 17.088152
v 8.675665 -8.100005 14.150911
v 8.675663 -7.400005 14.150911
v 11.141237 11.900000 13.350025
v 11.141237 11.900000 13.150026
v 7.388417 11.900000 13.150026
v 7.154803 11.900000 13.350025
v 7.388417 11.900000 13.150026
v 7.388417 11.900000 10.555086
v 7.154803 11.900000 10.555086
v 7.154803 11.900000 13.350025
v 7.388417 11.900000 13.150026
v 7.388417 12.600000 13.150026
v 7.388417 12.600000 10.555086
v 7.388417 11.900000 10.555086
v 11.141237 11.900000 13.150026
v 11.141237 12.600000 13.150026
v 7.388417 12.600000 13.150026
v 7.388417 11.900000 13.150026
v -12.850000 2.104382 3.894055
v -12.850000 1.870768 3.894055
v -12.850000 1.870768 1.099116
v -12.850000 2.104382 1.099116
v -1.363566 11.900000 5.626781
v 1.363566 11.900000 5.626781
v 1.363566 12.600000 5.626781
v -1.363566 12.600000 5.626781
v -7.154803 12.600000 5.626782
v -7.154803 11.900000 5.626782
v -7.154803 11.900000 8.624922
v -7.154803 12.600000 8.624922
v 11.141237 11.900000 10.555086
v 7.388417 11.900000 10.555086
v 7.388417 12.600000 10.555086
v 11.141237 12.600000 10.555086
v 7.388417 12.600000 10.555086
v 7.154803 12.600000 13.350025
v 7.154803 12.600000 10.351885
v 11.374851 12.600000 10.351885
v 11.141237 12.600000 10.555086
v 11.374851 12.600000 13.150026
v 11.141237 12.600000 13.150026
v 7.388417 12.600000 10.555086
v 7.388417 12.600000 13.150026
v 7.154803 12.600000 13.350025
v 7.388417 12.600000 13.350025
v -12.850000 2.104382 8.424923
v -12.850000 2.104382 5.829983
v -12.150000 2.104382 5.829983
v -12.150000 2.104382 8.424923
v -12.850000 1.870768 8.624922
v -12.850000 1.870768 5.626782
v -12.850000 2.104382 8.424923
v -12.850000 2.104382 5.626782
v -12.150003 5.857202 8.424923
v -12.150003 5.857202 5.829983
v -12.850004 5.857202 5.829983
v -12.850004 5.857202 8.424923
v -12.150000 2.104382 8.424923
v -12.150003 5.857202 8.424923
v -12.850004 5.857202 8.424923
v -12.850000 2.104382 8.424923
v -12.850000 2.104382 1.099116
v -12.850000 1.870768 1.099116
v -12.850000 1.870768 0.895915
v -12.850004 6.090816 0.895915
v -12.850004 5.857202 1.099116
v -12.850000 2.104382 13.350025
v -12.850000 1.870768 13.350025
v -12.850000 1.870768 10.555086
v -12.850000 2.104382 10.555086
v 12.150000 1.870768 5.626782
v 12.150003 6.090816 5.626782
v 12.150000 2.104382 5.829983
v 12.150000 2.104382 8.424923
v 12.150003 5.857202 8.624922
v 12.150000 1.870768 8.624922
v 12.150003 5.857202 8.424923
v -12.150003 6.090816 13.350025
v -12.850004 6.090816 13.350025
v -12.850004 6.090816 10.351885
v -12.150003 6.090816 10.351885
v -12.150000 2.104382 5.829983
v -12.850000 2.104382 5.829983
v -12.850004 5.857202 5.829983
v -12.150003 5.857202 5.829983
v -12.850004 5.857202 5.829983
v -12.850000 2.104382 5.829983
v -12.850000 2.104382 5.626782
v -12.850004 5.857202 5.626782
v -11.374851 12.600000 3.894055
v -11.374851 11.900000 3.894055
v -11.374851 11.900000 0.895915
v -11.374851 12.600000 0.895915
v 1.349998 -1.887707 2.850291
v 0.649997 -1.887708 2.850291
v 0.649997 -1.887708 -0.086950
v 1.349998 -1.887707 -0.086950
v -6.147886 12.600000 8.424923
v -6.147886 12.600000 5.829983
v -6.147886 11.900000 5.829983
v -6.147886 11.900000 8.424923
v -12.850000 1.870768 5.626782
v -12.150000 1.870768 5.626782
v -12.150003 6.090816 5.626782
v -12.850000 2.104382 5.626782
v -12.850004 6.090816 5.626782
v -2.395066 11.900000 8.424923
v -2.395066 11.900000 5.829983
v -2.395066 12.600000 5.829983
v -2.395066 12.600000 8.424923
v -6.147886 11.900000 8.424923
v -2.395066 11.900000 8.424923
v -2.395066 12.600000 8.424923
v -6.147886 12.600000 8.424923
v -6.381500 12.600000 8.424923
v -6.381500 12.600000 5.626782
v -6.147886 12.600000 5.626782
v -6.147886 12.600000 5.829983
v 12.150000 1.870768 5.626782
v 12.850000 1.870768 5.626782
v 12.850004 6.090816 5.626782
v 12.150003 6.090816 5.626782
v -6.147886 11.900000 5.829983
v -6.147886 12.600000 5.829983
v -2.395066 12.600000 5.829983
v -2.395066 11.900000 5.829983
v -12.850000 1.870768 5.626782
v -12.850000 1.870768 8.624922
v -12.150000 1.870768 5.829983
v -12.150000 1.870768 8.624922
v -11.141237 12.600000 8.424923
v -11.141237 12.600000 5.829983
v -11.141237 11.900000 5.829983
v -11.141237 11.900000 8.424923
v -7.154803 11.900000 8.624922
v -11.374851 11.900000 8.624922
v -11.141237 12.600000 8.624922
v -11.374851 12.600000 8.624922
v -12.850000 1.870768 10.351885
v -12.150000 1.870768 10.351885
v -12.150003 5.857202 10.351885
v -12.150003 6.090816 10.351885
v -12.850004 6.090816 10.351885
v 1.347417 0.400004 7.665662
v 1.347415 1.100004 7.665662
v 1.347415 1.100004 4.728421
v 1.347417 0.400004 4.728421
v -7.388417 11.900000 8.424923
v -7.388417 11.900000 5.829983
v -7.388417 12.600000 5.829983
v -7.388417 12.600000 8.424923
v -11.141237 11.900000 8.424923
v -7.388417 11.900000 8.424923
v -7.388417 12.600000 8.424923
v -11.141237 12.600000 8.424923
v -11.141237 12.600000 8.624922
v -11.141237 12.600000 8.424923
v -7.388417 12.600000 8.424923
v -7.154803 12.600000 8.624922
v -7.388417 12.600000 8.424923
v -7.388417 12.600000 5.829983
v -7.154803 12.600000 5.829983
v -7.154803 12.600000 8.624922
v -12.150000 1.870768 3.894055
v -12.150000 1.870768 0.895915
v -12.850000 1.870768 0.895915
v -12.850000 1.870768 1.099116
v -11.141237 11.900000 5.829983
v -11.141237 12.600000 5.829983
v -7.388417 12.600000 5.829983
v -7.388417 11.900000 5.829983
v -6.381500 12.600000 3.894055
v -6.381500 11.900000 3.894055
v -6.381500 11.900000 0.895915
v -6.381500 12.600000 0.895915
v -7.388417 11.900000 5.626782
v -11.141237 11.900000 5.626782
v -11.141237 11.900000 5.829983
v -7.388417 11.900000 5.829983
v -12.850000 6.916554 5.626782
v -12.850000 6.916554 8.624922
v -12.150000 6.916554 8.424923
v -12.150000 6.916554 8.624922
v -12.850000 7.150168 8.424923
v -12.850000 7.150168 5.829983
v -12.150000 7.150168 5.829983
v -12.150000 7.150168 8.424923
v -6.147886 12.600000 5.829983
v -6.147886 12.600000 5.626782
v -2.161452 12.600000 5.626782
v -2.395066 12.600000 5.829983
v -12.150003 10.902988 8.424923
v -12.150003 10.902988 5.829983
v -12.850004 10.902988 5.829983
v -12.850004 10.902988 8.424923
v -12.150000 7.150168 8.424923
v -12.150003 10.902988 8.424923
v -12.850004 10.902988 8.424923
v -12.850000 7.150168 8.424923
v -12.850000 7.150168 8.424923
v -12.850004 10.902988 8.624922
v -12.850000 6.916554 8.624922
v -12.850004 10.902988 8.424923
v -12.850000 7.150168 5.829983
v -12.850000 6.916554 5.626782
v -12.850004 11.136602 5.626782
v -12.850004 11.136602 5.626782
v -12.850004 10.902988 5.829983
v -12.850000 7.150168 5.829983
v -12.850004 11.136602 5.829983
v -12.150003 11.136602 5.626782
v -12.150003 11.136602 8.624922
v -12.850004 11.136602 5.829983
v -12.850004 11.136602 8.624922
v -12.150000 7.150168 5.829983
v -12.850000 7.150168 5.829983
v -12.850004 10.902988 5.829983
v -12.150003 10.902988 5.829983
v 12.850000 2.104382 8.424923
v 12.150000 2.104382 8.424923
v 12.150000 2.104382 5.829983
v 12.850000 2.104382 5.829983
v 12.150003 5.857202 8.424923
v 12.850004 5.857202 8.424923
v 12.850004 5.857202 5.829983
v 12.150003 5.857202 5.829983
v 12.150000 2.104382 8.424923
v 12.850000 2.104382 8.424923
v 12.850004 5.857202 8.424923
v 12.150003 5.857202 8.424923
v 0.649999 -4.381226 -0.086950
v 0.649999 -4.381226 2.650291
v 0.649999 -4.614840 -0.086950
v 0.649999 -4.614840 2.850291
v 0.649999 -4.381226 2.650291
v 0.649997 -1.887708 2.850291
v 0.649999 -4.614840 2.850291
v 0.649997 -2.121322 2.650291
v 2.161452 11.900000 5.626782
v 2.161452 11.900000 8.424923
v 2.395066 11.900000 5.829983
v 2.395066 11.900000 8.424923
v 12.150000 6.916554 5.626782
v 12.150003 11.136602 5.626782
v 12.150000 7.150168 5.829983
v 12.150000 7.150168 8.424923
v 12.150003 10.902988 8.624922
v 12.150000 6.916554 8.624922
v 12.150003 10.902988 8.424923
v 12.850000 2.104382 5.829983
v 12.850004 6.090816 5.626782
v 12.850000 1.870768 5.626782
v 12.850004 5.857202 5.829983
v 12.150000 2.104382 5.829983
v 12.150003 5.857202 5.829983
v 12.850004 5.857202 5.829983
v 12.850000 2.104382 5.829983
v -1.379715 0.399999 7.665662
v -1.379717 1.100000 7.665662
v 1.347415 1.100004 7.665662
v 1.347417 0.400004 7.665662
v 12.850000 7.150168 8.424923
v 12.150000 7.150168 8.424923
v 12.150000 7.150168 5.829983
v 12.850000 7.150168 5.829983
v -12.150003 11.136602 8.624922
v -12.150000 6.916554 8.624922
v -12.850000 6.916554 8.624922
v -12.850004 11.136602 8.624922
v 12.150003 10.902988 8.424923
v 12.850004 10.902988 8.424923
v 12.850004 10.902988 5.829983
v 12.150003 10.902988 5.829983
v 12.150000 7.150168 8.424923
v 12.850000 7.150168 8.424923
v 12.850004 10.902988 8.424923
v 12.150003 10.902988 8.424923
v 12.850000 1.870768 10.351885
v 12.850004 6.090816 10.351885
v 12.150003 6.090816 10.351885
v 12.150003 5.857202 10.351885
v 12.150000 7.150168 5.829983
v 12.150003 10.902988 5.829983
v 12.850004 10.902988 5.829983
v 12.850000 7.150168 5.829983
v 12.850004 10.902988 5.829983
v 12.850004 10.902988 5.626782
v 12.850000 7.150168 5.626782
v 12.850000 7.150168 5.829983
v 6.147886 12.600000 3.694057
v 6.147886 12.600000 1.099116
v 6.381500 12.600000 1.099116
v 6.381500 12.600000 3.894055
v 1.363566 11.900000 13.350025
v -1.363566 11.900000 13.350025
v 1.129952 12.600000 13.350025
v -1.363566 12.600000 13.350025
v 6.147886 12.600000 8.424923
v 6.147886 11.900000 8.424923
v 6.147886 11.900000 5.829983
v 6.147886 12.600000 5.829983
v 2.395066 11.900000 8.424923
v 2.395066 12.600000 8.424923
v 2.395066 12.600000 5.829983
v 2.395066 11.900000 5.829983
v 6.147886 11.900000 8.424923
v 6.147886 12.600000 8.424923
v 2.395066 12.600000 8.424923
v 2.395066 11.900000 8.424923
v 2.161452 12.600000 8.624922
v 6.381500 12.600000 8.624922
v 6.381500 11.900000 8.624922
v 6.147886 11.900000 8.624922
v 12.150000 1.870768 8.624922
v 12.850000 1.870768 8.624922
v 12.850000 1.870768 5.626782
v 12.150000 1.870768 5.626782
v 6.381500 12.600000 8.424923
v 6.147886 12.600000 8.424923
v 6.147886 12.600000 5.829983
v 6.381500 12.600000 5.829983
v 12.150000 6.916554 5.626782
v 12.850000 6.916554 5.626782
v 12.850000 7.150168 5.626782
v 12.150003 11.136602 5.626782
v 1.363566 12.600000 2.850291
v 1.363566 11.900000 2.850291
v -1.363566 11.900000 2.850291
v -1.363566 12.600000 2.850291
v -6.381500 12.600000 8.624922
v -6.381500 11.900000 8.624922
v -6.381500 11.900000 5.626782
v -6.381500 12.600000 5.626782
v 6.147886 11.900000 5.829983
v 2.395066 11.900000 5.829983
v 2.395066 12.600000 5.829983
v 6.147886 12.600000 5.829983
v 11.141237 11.900000 8.424923
v 7.388417 11.900000 8.424923
v 11.374851 11.900000 8.624922
v 7.154803 11.900000 8.424923
v 11.141237 12.600000 8.424923
v 11.141237 11.900000 8.424923
v 11.141237 11.900000 5.829983
v 11.141237 12.600000 5.829983
v 2.161452 11.900000 5.626782
v 6.381500 11.900000 5.626782
v 6.381500 12.600000 5.626782
v 2.161452 12.600000 5.626782
v -11.374851 12.600000 13.350025
v -11.374851 11.900000 13.350025
v -11.374851 11.900000 10.351885
v -11.374851 12.600000 10.351885
v 7.388417 11.900000 8.424923
v 7.388417 12.600000 8.424923
v 7.388417 12.600000 5.829983
v 7.388417 11.900000 5.829983
v 11.141237 11.900000 8.424923
v 11.141237 12.600000 8.424923
v 7.388417 12.600000 8.424923
v 7.388417 11.900000 8.424923
v 1.363566 11.900000 8.624922
v 1.129952 11.900000 8.624922
v 1.129952 12.600000 8.624922
v -1.363566 12.600000 8.624922
v 1.129952 11.900000 8.624922
v -1.129952 11.900000 8.624922
v -1.363566 12.600000 8.624922
v -1.363566 11.900000 8.624922
v 11.141237 11.900000 5.829983
v 7.388417 11.900000 5.829983
v 7.388417 12.600000 5.829983
v 11.141237 12.600000 5.829983
v 7.388417 12.600000 5.829983
v 7.388417 12.600000 5.626782
v 11.141237 12.600000 5.626782
v 11.141237 12.600000 5.829983
v 11.141237 11.900000 5.829983
v 11.374851 11.900000 8.424923
v 11.374851 11.900000 5.626782
v 7.154803 11.900000 5.626782
v 7.388417 11.900000 5.829983
v 7.154803 11.900000 5.626782
v 7.154803 11.900000 8.424923
v 7.388417 11.900000 5.829983
v 7.388417 11.900000 8.424923
v -12.850000 2.104382 3.694057
v -12.850000 2.104382 1.099116
v -12.150000 2.104382 1.099116
v -12.150000 2.104382 3.694057
v -12.150003 5.857202 3.694057
v -12.150003 5.857202 1.099116
v -12.850004 5.857202 1.099116
v -12.850004 5.857202 3.694057
v -12.150000 2.104382 3.694057
v -12.150003 5.857202 3.694057
v -12.850004 5.857202 3.694057
v -12.850000 2.104382 3.694057
v 6.147886 11.900000 13.350025
v 6.147886 11.900000 13.150026
v 2.395066 11.900000 13.150026
v 2.161452 11.900000 13.350025
v 6.147886 11.900000 10.555086
v 6.147886 11.900000 10.351885
v 2.161452 11.900000 10.351885
v 2.395066 11.900000 10.555086
v 6.381500 12.600000 10.351885
v 6.381500 11.900000 10.351885
v 6.381500 11.900000 13.350025
v 6.381500 12.600000 13.350025
v -12.150000 2.104382 1.099116
v -12.850000 2.104382 1.099116
v -12.850004 5.857202 1.099116
v -12.150003 5.857202 1.099116
v 6.381500 11.900000 13.350025
v 6.381500 11.900000 10.351885
v 6.147886 11.900000 10.351885
v 6.147886 11.900000 10.555086
v 6.147886 11.900000 10.555086
v 6.147886 11.900000 13.150026
v 6.381500 11.900000 13.350025
v 6.147886 11.900000 13.350025
v -6.147886 12.600000 3.694057
v -6.147886 12.600000 1.099116
v -6.147886 11.900000 1.099116
v -6.147886 11.900000 3.694057
v 11.402797 -8.100000 17.088152
v 11.402795 -7.400000 17.088152
v 11.402795 -7.400000 14.150911
v 11.402797 -8.100000 14.150911
v -2.395066 11.900000 3.694057
v -2.395066 11.900000 1.099116
v -2.395066 12.600000 1.099116
v -2.395066 12.600000 3.694057
v -6.147886 11.900000 3.694057
v -2.395066 11.900000 3.694057
v -2.395066 12.600000 3.694057
v -6.147886 12.600000 3.694057
v -2.161452 12.600000 3.894055
v -2.161452 11.900000 3.894055
v -6.381500 11.900000 3.894055
v -6.381500 12.600000 3.894055
v -2.395066 12.600000 3.694057
v -2.395066 12.600000 1.099116
v -2.161452 12.600000 1.099116
v -2.161452 12.600000 3.894055
v -2.161452 11.900000 3.694057
v -2.161452 11.900000 1.099116
v -2.395066 11.900000 1.099116
v -2.395066 11.900000 3.694057
v 12.150003 10.902988 3.694057
v 12.150003 10.902988 1.099116
v 12.150003 11.136602 3.894055
v 12.150003 10.902988 0.895915
v -6.147886 11.900000 1.099116
v -6.147886 12.600000 1.099116
v -2.395066 12.600000 1.099116
v -2.395066 11.900000 1.099116
v -11.141237 12.600000 3.694057
v -11.141237 12.600000 1.099116
v -11.141237 11.900000 1.099116
v -11.141237 11.900000 3.694057
v -7.388417 11.900000 3.694057
v -7.388417 11.900000 1.099116
v -7.388417 12.600000 1.099116
v -7.388417 12.600000 3.694057
v -11.141237 11.900000 3.694057
v -7.388417 11.900000 3.694057
v -7.388417 12.600000 3.694057
v -11.141237 12.600000 3.694057
v -7.154803 11.900000 3.894055
v -11.374851 11.900000 3.894055
v -11.141237 12.600000 3.894055
v -11.374851 12.600000 3.894055
v -11.141237 11.900000 1.099116
v -11.141237 12.600000 1.099116
v -7.388417 12.600000 1.099116
v -7.388417 11.900000 1.099116
v 2.161452 12.600000 10.351885
v 6.381500 12.600000 10.351885
v 2.395066 12.600000 10.555086
v 2.161452 12.600000 13.350025
v 2.395066 12.600000 13.150026
v 2.395066 12.600000 13.350025
v 2.161452 12.600000 13.350025
v 2.395066 12.600000 10.555086
v 6.381500 12.600000 10.351885
v 6.381500 12.600000 10.555086
v 6.147886 12.600000 10.555086
v -7.388417 11.900000 0.895915
v -11.141237 11.900000 0.895915
v -11.141237 11.900000 1.099116
v -7.388417 11.900000 1.099116
v 11.374851 11.900000 10.351885
v 11.374851 12.600000 10.351885
v 7.154803 12.600000 10.351885
v 7.154803 11.900000 10.351885
v -12.850000 7.150168 3.694057
v -12.850000 7.150168 1.099116
v -12.150000 7.150168 1.099116
v -12.150000 7.150168 3.694057
v -12.150003 11.136602 10.351885
v -12.150003 11.136602 13.350025
v -12.850004 11.136602 10.555086
v -12.850004 11.136602 13.350025
v -12.150003 10.902988 3.694057
v -12.150003 10.902988 1.099116
v -12.850004 10.902988 1.099116
v -12.850004 10.902988 3.694057
v -12.150000 7.150168 3.694057
v -12.150003 10.902988 3.694057
v -12.850004 10.902988 3.694057
v -12.850000 7.150168 3.694057
v -12.150000 6.916554 3.894055
v -12.150000 6.916554 0.895915
v -12.850000 6.916554 0.895915
v -12.850000 6.916554 1.099116
v -12.150003 5.857202 1.099116
v -12.150003 5.857202 3.694057
v -12.150003 6.090816 0.895915
v -12.150003 5.857202 3.894055
v -12.850000 7.150168 1.099116
v -12.850000 6.916554 1.099116
v -12.850000 6.916554 0.895915
v -12.850004 11.136602 0.895915
v -12.850004 10.902988 1.099116
v -12.150000 7.150168 1.099116
v -12.850000 7.150168 1.099116
v -12.850004 10.902988 1.099116
v -12.150003 10.902988 1.099116
v 12.850004 6.090816 3.894055
v 12.150003 6.090816 3.894055
v 12.150003 6.090816 0.895915
v 12.850004 6.090816 0.895915
v 12.850000 2.104382 3.694057
v 12.150000 2.104382 3.694057
v 12.150000 2.104382 1.099116
v 12.850000 2.104382 1.099116
v -7.154803 11.900000 3.894055
v -7.154803 12.600000 3.894055
v -7.154803 12.600000 0.895915
v -7.154803 11.900000 0.895915
v -12.850000 6.916554 0.895915
v -12.150000 6.916554 0.895915
v -12.150003 10.902988 0.895915
v -12.150003 11.136602 0.895915
v -12.850004 11.136602 0.895915
v 12.850000 7.150168 1.099116
v 12.850004 11.136602 0.895915
v 12.850000 6.916554 0.895915
v 12.850004 10.902988 1.099116
v 12.150003 5.857202 3.694057
v 12.850004 5.857202 3.694057
v 12.850004 5.857202 1.099116
v 12.150003 5.857202 1.099116
v 12.150000 2.104382 3.694057
v 12.850000 2.104382 3.694057
v 12.850004 5.857202 3.694057
v 12.150003 5.857202 3.694057
v -12.850000 7.150168 3.894055
v -12.850000 6.916554 3.894055
v -12.850000 6.916554 1.099116
v -12.850000 7.150168 1.099116
v 12.850000 1.870768 0.895915
v 12.850004 6.090816 0.895915
v 12.150003 6.090816 0.895915
v 12.150000 1.870768 0.895915
v 12.150000 2.104382 3.894055
v 12.150000 1.870768 3.894055
v 12.150000 1.870768 0.895915
v 12.150000 2.104382 0.895915
v 12.150000 2.104382 1.099116
v 12.150003 5.857202 1.099116
v 12.850004 5.857202 1.099116
v 12.850000 2.104382 1.099116
v 12.850004 5.857202 1.099116
v 12.850004 5.857202 3.694057
v 12.850004 6.090816 0.895915
v 12.850004 5.857202 3.894055
v 12.150003 5.857202 1.099116
v 12.150000 2.104382 1.099116
v 12.150000 2.104382 0.895915
v 12.150003 6.090816 0.895915
v 12.150000 6.916554 3.894055
v 12.850000 6.916554 3.894055
v 12.850000 6.916554 0.895915
v 12.150000 6.916554 0.895915
v 12.850000 7.150168 3.694057
v 12.150000 7.150168 3.694057
v 12.150000 7.150168 1.099116
v 12.850000 7.150168 1.099116
v 12.850004 10.902988 3.894055
v 12.850000 6.916554 3.894055
v 12.150003 11.136602 3.894055
v 12.150003 10.902988 3.894055
v 12.150003 10.902988 3.694057
v 12.850004 10.902988 3.694057
v 12.850004 10.902988 1.099116
v 12.150003 10.902988 1.099116
v 12.150000 7.150168 3.694057
v 12.850000 7.150168 3.694057
v 12.850004 10.902988 3.694057
v 12.150003 10.902988 3.694057
v 12.850000 6.916554 0.895915
v 12.850004 11.136602 0.895915
v 12.150003 11.136602 0.895915
v 12.150003 10.902988 0.895915
v 12.150003 11.136602 3.894055
v 12.150003 11.136602 0.895915
v 12.850004 11.136602 0.895915
v 12.850004 11.136602 1.099116
v 12.150000 1.870768 0.895915
v 12.150000 1.870768 3.894055
v 12.850000 1.870768 1.099116
v 12.850000 1.870768 3.894055
v 12.150000 7.150168 1.099116
v 12.150003 10.902988 1.099116
v 12.850004 10.902988 1.099116
v 12.850000 7.150168 1.099116
v 12.150000 7.150168 3.694057
v 12.150003 10.902988 3.894055
v 12.150000 6.916554 3.894055
v 12.150003 10.902988 3.694057
v 12.150000 7.150168 1.099116
v 12.150000 6.916554 0.895915
v 12.150003 10.902988 0.895915
v 1.129952 11.900000 5.829982
v 1.129952 11.900000 8.424923
v 1.363566 11.900000 8.624922
v 1.129952 11.900000 8.624922
v 6.147886 12.600000 3.694057
v 6.147886 11.900000 3.694057
v 6.147886 11.900000 1.099116
v 6.147886 12.600000 1.099116
v 2.395066 11.900000 3.694057
v 2.395066 12.600000 3.694057
v 2.395066 12.600000 1.099116
v 2.395066 11.900000 1.099116
v 6.147886 11.900000 3.694057
v 6.147886 12.600000 3.694057
v 2.395066 12.600000 3.694057
v 2.395066 11.900000 3.694057
v 2.161452 11.900000 3.894055
v 2.161452 12.600000 3.894055
v 6.381500 12.600000 3.894055
v 6.381500 11.900000 3.894055
v 6.381500 11.900000 1.099116
v 6.381500 11.900000 0.895915
v 2.161452 11.900000 0.895915
v 2.161452 11.900000 1.099116
v 2.161452 11.900000 1.099116
v 6.147886 11.900000 1.099116
v 6.381500 11.900000 1.099116
v 2.395066 11.900000 1.099116
v 2.161452 12.600000 1.099116
v 2.161452 12.600000 0.895915
v 6.381500 12.600000 0.895915
v 6.381500 12.600000 1.099116
v 6.381500 12.600000 1.099116
v 2.395066 12.600000 1.099116
v 2.161452 12.600000 1.099116
v 6.147886 12.600000 1.099116
v 6.147886 11.900000 1.099116
v 2.395066 11.900000 1.099116
v 2.395066 12.600000 1.099116
v 6.147886 12.600000 1.099116
v 11.141237 12.600000 3.694057
v 11.141237 11.900000 3.694057
v 11.141237 11.900000 1.099116
v 11.141237 12.600000 1.099116
v 7.154803 11.900000 3.894055
v 7.154803 12.600000 3.894055
v 11.374851 12.600000 3.894055
v 11.374851 11.900000 3.894055
v 7.388417 11.900000 3.694057
v 7.388417 12.600000 3.694057
v 7.388417 12.600000 1.099116
v 7.388417 11.900000 1.099116
v 11.141237 11.900000 3.694057
v 11.141237 12.600000 3.694057
v 7.388417 12.600000 3.694057
v 7.388417 11.900000 3.694057
v 11.141237 11.900000 0.895915
v 11.374851 11.900000 0.895915
v 11.374851 12.600000 0.895915
v 11.141237 12.600000 0.895915
v 7.154803 11.900000 0.895915
v 7.388417 12.600000 0.895915
v 7.154803 12.600000 0.895915
v 11.141237 11.900000 1.099116
v 7.388417 11.900000 1.099116
v 7.388417 12.600000 1.099116
v 11.141237 12.600000 1.099116
v 7.388417 12.600000 1.099116
v 7.388417 12.600000 0.895915
v 11.141237 12.600000 0.895915
v 11.141237 12.600000 1.099116
v -12.250000 11.000000 13.250000
v -12.250000 12.000000 13.250000
v -12.250000 12.000000 9.500000
v -12.250000 12.000000 13.750000
v -12.250000 11.000000 10.500000
v -12.250000 7.000000 10.500000
v -12.250000 7.000000 9.500000
v -12.250000 7.000000 13.250000
v -12.250000 6.000000 13.250000
v -12.250000 2.000000 13.250000
v -12.250000 -12.000000 13.750000
v -12.250000 6.000000 12.250000
v -12.250000 7.000000 12.250000
v -12.250000 6.000000 10.500000
v -12.250000 2.000000 10.500000
v -12.250000 -12.000000 9.500000
v 12.250000 1.000000 9.000000
v 12.250000 1.000000 4.750000
v 12.250000 2.000000 8.500000
v 12.250000 1.500000 4.750000
v 12.250000 11.000000 9.000000
v 12.250000 2.000000 5.750000
v 12.250000 12.000000 4.750000
v 12.250000 6.000000 8.500000
v 12.250000 6.000000 5.750000
v 12.250000 7.000000 8.500000
v 12.250000 7.000000 5.750000
v 12.250000 11.000000 8.500000
v 12.250000 11.000000 5.750000
v 12.250000 12.000000 9.000000
v 11.250000 12.500000 1.000000
v 7.250000 12.500000 1.000000
v 11.250000 12.500000 3.750000
v 6.250000 12.500000 1.000000
v 6.250000 12.500000 3.750000
v 7.250000 12.500000 3.750000
v 2.250000 12.500000 1.000000
v 2.250000 12.500000 3.750000
v 11.250000 12.500000 5.750000
v -2.250000 12.500000 3.750000
v 11.250000 12.500000 8.500000
v 7.250000 12.500000 8.500000
v 1.250000 12.500000 0.000000
v 1.250000 12.500000 2.750000
v -1.250000 12.500000 2.750000
v -1.250000 12.500000 0.000000
v -1.250000 12.500000 1.000000
v -11.250000 12.500000 1.000000
v -12.750000 12.500000 -6.000000
v -2.250000 12.500000 1.000000
v -6.250000 12.500000 1.000000
v -7.250000 12.500000 1.000000
v -7.250000 12.500000 3.750000
v -6.250000 12.500000 3.750000
v -11.250000 12.500000 3.750000
v -12.750000 12.500000 3.750000
v -12.750000 12.500000 5.750000
v -11.250000 12.500000 5.750000
v -7.250000 12.500000 5.750000
v -11.250000 12.500000 8.500000
v -7.250000 12.500000 8.500000
v -6.250000 12.500000 5.750000
v -6.250000 12.500000 8.500000
v -2.250000 12.500000 5.750000
v -2.250000 12.500000 8.500000
v -1.250000 12.500000 5.750000
v -1.250000 12.500000 8.500000
v 1.250000 12.500000 5.750000
v 1.250000 12.500000 8.500000
v 2.250000 12.500000 5.750000
v 6.250000 12.500000 5.750000
v 2.250000 12.500000 8.500000
v 7.250000 12.500000 5.750000
v 6.250000 12.500000 8.500000
vt 0.337853998 0.34652701
vt 0.337853998 0.34652701
vt 0.337853998 0.34652701
vt 0.904169023 0.674879014
vt 0.904169023 0.674879014
vt 0.904169023 0.674879014
vt 0.134892002 0.764813006
vt 0.134892002 0.764813006
vt 0.134892002 0.764813006
vt 0.134892002 0.764813006
vt 0.134892002 0.764813006
vt 0.134892002 0.764813006
vt 0.134892002 0.764813006
vt 0.134892002 0.764813006
vt 0.134892002 0.764813006
vt 0.904169023 0.674879014
vt 0.904169023 0.674879014
vt 0.904169023 0.674879014
vt 0.904169023 0.674879014
vt 0.904169023 0.674879014
vt 0.904169023 0.674879014
vt 0.904169023 0.674879014
vt 0.904169023 0.674879014
vt 0.904169023 0.674879014
vt 0.904169023 0.674879014
vt 0.904169023 0.674879014
vt 0.904169023 0.674879014
vt 0.134892002 0.764813006
vt 0.134892002 0.764813006
vt 0.134892002 0.764813006
vt 0.134892002 0.764813006
vt 0.134892002 0.764813006
vt 0.134892002 0.764813006
vt 0.103580996 0.235845998
vt 0.103580996 0.235845998
vt 0.103580996 0.235845998
vt 0.904169023 0.674879014
vt 0.904169023 0.674879014
vt 0.904169023 0.674879014
vt 0.904169023 0.674879014
vt 0.904169023 0.674879014
vt 0.904169023 0.674879014
vt 0.337853998 0.34652701
vt 0.337853998 0.34652701
vt 0.337853998 0.34652701
vt 0.103580996 0.235845998
vt 0.103580996 0.235845998
vt 0.103580996 0.235845998
vt 0.103580996 0.235845998
vt 0.103580996 0.235845998
vt 0.103580996 0.235845998
vt 0.904169023 0.674879014
vt 0.904169023 0.674879014
vt 0.904169023 0.674879014
vt 0.904169023 0.674879014
vt 0.904169023 0.674879014
vt 0.904169023 0.674879014
vt 0.874499023 0.732465982
vt 0.874499023 0.732047021
vt 0.86174202 0.674879014
vt 0.640380979 0.75235498
vt 0.640380979 0.75235498
vt 0.640380979 0.75235498
vt 0.890182972 0.781457007
vt 0.890182972 0.781457007
vt 0.890182972 0.781589985
vt 0.889334977 0.778427005
vt 0.889334977 0.778427005
vt 0.890182972 0.781413019
vt 0.890182972 0.781435013
vt 0.889334977 0.778427005
vt 0.889334977 0.778427005
vt 0.889334977 0.778427005
vt 0.889334977 0.778427005
vt 0.889334977 0.778427005
vt 0.889334977 0.778427005
vt 0.889334977 0.778427005
vt 0.889334977 0.778427005
vt 0.889334977 0.778427005
vt 0.889334977 0.778427005
vt 0.889334977 0.778427005
vt 0.889334977 0.778427005
vt 0.889334977 0.778427005
vt 0.889334977 0.778427005
vt 0.889334977 0.778427005
vt 0.889334977 0.778427005
vt 0.889334977 0.778427005
vt 0.889334977 0.778427005
vt 0.889334977 0.778427005
vt 0.889334977 0.778427005
vt 0.889334977 0.778427005
vt 0.889334977 0.778427005
vt 0.890182972 0.781589985
vt 0.889334977 0.778427005
vt 0.890182972 0.781457007
vt 0.889334977 0.778427005
vt 0.890182972 0.781413019
vt 0.889334977 0.778427005
vt 0.889334977 0.778427005
vt 0.890182972 0.781413019
vt 0.889334977 0.778427005
vt 0.889334977 0.778427005
vt 0.889334977 0.778427005
vt 0.889334977 0.778427005
vt 0.889334977 0.778427005
vt 0.889334977 0.778427005
vt 0.146628007 0.767835021
vt 0.146628007 0.767835021
vt 0.146628007 0.767835021
vt 0.0667539984 0.775614977
vt 0.0651220009 0.775942028
vt 0.061418999 0.771632016
vt 0.904169023 0.674879014
vt 0.904169023 0.674879014
vt 0.904169023 0.674879014
vt 0.0685800016 0.773101985
vt 0.0685800016 0.773101985
vt 0.0685800016 0.773101985
vt 0.640380979 0.75235498
vt 0.640380979 0.75235498
vt 0.640380979 0.75235498
vt 0.340377986 0.765614986
vt 0.339473993 0.784741998
vt 0.350472987 0.773150027
vt 0.340377986 0.765614986
vt 0.341704994 0.77461803
vt 0.339473993 0.784741998
vt 0.38508299 0.76840198
vt 0.350472987 0.773150027
vt 0.324066013 0.734941006
vt 0.350472987 0.773150027
vt 0.341704994 0.77461803
vt 0.347384006 0.773768008
vt 0.324066013 0.734941006
vt 0.340377986 0.765614986
vt 0.350472987 0.773150027
vt 0.347384006 0.773768008
vt 0.350472987 0.773150027
vt 0.350472987 0.773150027
vt 0.350472987 0.773150027
vt 0.350472987 0.773150027
vt 0.340377986 0.765614986
vt 0.340377986 0.765614986
vt 0.38508299 0.76840198
vt 0.324066013 0.734941006
vt 0.38508299 0.76840198
vt 0.38508299 0.76840198
vt 0.38508299 0.76840198
vt 0.316172004 0.716965973
vt 0.653070986 0.723764002
vt 0.653070986 0.723764002
vt 0.650525987 0.721864998
vt 0.653070986 0.723764002
vt 0.650525987 0.721864998
vt 0.652292013 0.723919988
vt 0.655727029 0.718742013
vt 0.655727029 0.790387988
vt 0.584080994 0.718742013
vt 0.655727029 0.718742013
vt 0.584080994 0.718742013
vt 0.655727029 0.790387988
vt 0.584080994 0.790387988
vt 0.655727029 0.790387988
vt 0.655727029 0.718742013
vt 0.584080994 0.718742013
vt 0.584080994 0.790387988
vt 0.655727029 0.790387988
vt 0.655727029 0.790387988
vt 0.655727029 0.718742013
vt 0.655727029 0.790387988
vt 0.655727029 0.790387988
vt 0.584080994 0.718742013
vt 0.584080994 0.718742013
vt 0.584080994 0.790387988
vt 0.584080994 0.790387988
vt 0.584080994 0.718742013
vt 0.584080994 0.790387988
vt 0.584080994 0.790387988
vt 0.655727029 0.718742013
vt 0.655727029 0.718742013
vt 0.584080994 0.718742013
vt 0.655727029 0.790387988
vt 0.655727029 0.718742013
vt 0.584080994 0.790387988
vt 0.584080994 0.718742013
vt 0.655727029 0.790387988
vt 0.584080994 0.790387988
vt 0.584080994 0.790387988
vt 0.584080994 0.718742013
vt 0.655727029 0.790387988
vt 0.584080994 0.790387988
vt 0.655727029 0.718742013
vt 0.584080994 0.718742013
vt 0.655727029 0.790387988
vt 0.584080994 0.790387988
vt 0.655727029 0.718742013
vt 0.584080994 0.790387988
vt 0.655727029 0.790387988
vt 0.655727029 0.718742013
vt 0.655727029 0.718742013
vt 0.584080994 0.718742013
vt 0.655727029 0.790387988
vt 0.584080994 0.790387988
vt 0.655727029 0.718742013
vt 0.655727029 0.790387988
vt 0.655727029 0.718742013
vt 0.584080994 0.790387988
vt 0.584080994 0.718742013
vt 0.584080994 0.790387988
vt 0.655727029 0.790387988
vt 0.584080994 0.790387988
vt 0.655727029 0.790387988
vt 0.655727029 0.718742013
vt 0.655727029 0.718742013
vt 0.584080994 0.718742013
vt 0.584080994 0.718742013
vt 0.584080994 0.790387988
vt 0.584080994 0.790387988
vt 0.584080994 0.790387988
vt 0.655727029 0.790387988
vt 0.655727029 0.718742013
vt 0.584080994 0.718742013
vt 0.655727029 0.790387988
vt 0.584080994 0.790387988
vt 0.655727029 0.718742013
vt 0.655727029 0.790387988
vt 0.655727029 0.718742013
vt 0.655727029 0.790387988
vt 0.584080994 0.790387988
vt 0.584080994 0.718742013
vt 0.655727029 0.718742013
vt 0.655727029 0.790387988
vt 0.655727029 0.790387988
vt 0.655727029 0.790387988
vt 0.655727029 0.718742013
vt 0.655727029 0.718742013
vt 0.655727029 0.790387988
vt 0.584080994 0.718742013
vt 0.584080994 0.790387988
vt 0.655727029 0.790387988
vt 0.655727029 0.718742013
vt 0.655727029 0.718742013
vt 0.584080994 0.718742013
vt 0.655727029 0.790387988
vt 0.584080994 0.790387988
vt 0.655727029 0.790387988
vt 0.655727029 0.718742013
vt 0.655727029 0.718742013
vt 0.655727029 0.790387988
vt 0.584080994 0.718742013
vt 0.655727029 0.718742013
vt 0.584080994 0.718742013
vt 0.655727029 0.790387988
vt 0.584080994 0.790387988
vt 0.655727029 0.790387988
vt 0.655727029 0.718742013
vt 0.655727029 0.790387988
vt 0.655727029 0.718742013
vt 0.655727029 0.718742013
vt 0.584080994 0.718742013
vt 0.655727029 0.718742013
vt 0.584080994 0.790387988
vt 0.655727029 0.718742013
vt 0.655727029 0.718742013
vt 0.584080994 0.790387988
vt 0.584080994 0.718742013
vt 0.584080994 0.718742013
vt 0.655727029 0.718742013
vt 0.584080994 0.718742013
vt 0.584080994 0.790387988
vt 0.655727029 0.718742013
vt 0.584080994 0.718742013
vt 0.584080994 0.790387988
vt 0.584080994 0.718742013
vt 0.655727029 0.790387988
vt 0.655727029 0.718742013
vt 0.655727029 0.718742013
vt 0.655727029 0.790387988
vt 0.584080994 0.718742013
vt 0.655727029 0.718742013
vt 0.584080994 0.718742013
vt 0.655727029 0.790387988
vt 0.584080994 0.790387988
vt 0.655727029 0.790387988
vt 0.655727029 0.718742013
vt 0.584080994 0.790387988
vt 0.655727029 0.790387988
vt 0.655727029 0.718742013
vt 0.655727029 0.718742013
vt 0.584080994 0.718742013
vt 0.655727029 0.718742013
vt 0.655727029 0.718742013
vt 0.584080994 0.790387988
vt 0.655727029 0.790387988
vt 0.655727029 0.718742013
vt 0.584080994 0.718742013
vt 0.584080994 0.718742013
vt 0.584080994 0.790387988
vt 0.584080994 0.790387988
vt 0.584080994 0.790387988
vt 0.655727029 0.790387988
vt 0.584080994 0.790387988
vt 0.584080994 0.790387988
vt 0.655727029 0.790387988
vt 0.584080994 0.718742013
vt 0.584080994 0.790387988
vt 0.655727029 0.790387988
vt 0.655727029 0.790387988
vt 0.655727029 0.718742013
vt 0.655727029 0.790387988
vt 0.655727029 0.790387988
vt 0.584080994 0.718742013
vt 0.655727029 0.718742013
vt 0.584080994 0.718742013
vt 0.584080994 0.718742013
vt 0.655727029 0.718742013
vt 0.584080994 0.718742013
vt 0.584080994 0.790387988
vt 0.655727029 0.790387988
vt 0.655727029 0.718742013
vt 0.584080994 0.790387988
vt 0.584080994 0.718742013
vt 0.584080994 0.790387988
vt 0.655727029 0.790387988
vt 0.655727029 0.790387988
vt 0.655727029 0.718742013
vt 0.655727029 0.790387988
vt 0.655727029 0.790387988
vt 0.584080994 0.718742013
vt 0.584080994 0.790387988
vt 0.655727029 0.790387988
vt 0.655727029 0.718742013
vt 0.655727029 0.718742013
vt 0.584080994 0.718742013
vt 0.655727029 0.718742013
vt 0.655727029 0.718742013
vt 0.584080994 0.790387988
vt 0.655727029 0.790387988
vt 0.655727029 0.718742013
vt 0.584080994 0.718742013
vt 0.584080994 0.718742013
vt 0.584080994 0.790387988
vt 0.584080994 0.718742013
vt 0.584080994 0.718742013
vt 0.655727029 0.790387988
vt 0.655727029 0.790387988
vt 0.655727029 0.718742013
vt 0.584080994 0.718742013
vt 0.584080994 0.718742013
vt 0.584080994 0.790387988
vt 0.584080994 0.790387988
vt 0.584080994 0.790387988
vt 0.655727029 0.790387988
vt 0.584080994 0.718742013
vt 0.584080994 0.790387988
vt 0.655727029 0.790387988
vt 0.655727029 0.790387988
vt 0.655727029 0.718742013
vt 0.655727029 0.718742013
vt 0.655727029 0.718742013
vt 0.584080994 0.718742013
vt 0.655727029 0.718742013
vt 0.655727029 0.718742013
vt 0.584080994 0.718742013
vt 0.655727029 0.718742013
vt 0.655727029 0.790387988
vt 0.584080994 0.718742013
vt 0.655727029 0.718742013
vt 0.584080994 0.718742013
vt 0.655727029 0.790387988
vt 0.584080994 0.790387988
vt 0.655727029 0.790387988
vt 0.655727029 0.718742013
vt 0.655727029 0.718742013
vt 0.584080994 0.790387988
vt 0.584080994 0.790387988
vt 0.655727029 0.718742013
vt 0.584080994 0.718742013
vt 0.584080994 0.790387988
vt 0.655727029 0.790387988
vt 0.584080994 0.790387988
vt 0.655727029 0.718742013
vt 0.584080994 0.790387988
vt 0.584080994 0.718742013
vt 0.655727029 0.718742013
vt 0.655727029 0.718742013
vt 0.584080994 0.718742013
vt 0.584080994 0.790387988
vt 0.655727029 0.790387988
vt 0.655727029 0.790387988
vt 0.655727029 0.718742013
vt 0.584080994 0.718742013
vt 0.655727029 0.790387988
vt 0.655727029 0.718742013
vt 0.584080994 0.790387988
vt 0.584080994 0.790387988
vt 0.584080994 0.790387988
vt 0.655727029 0.790387988
vt 0.655727029 0.790387988
vt 0.655727029 0.718742013
vt 0.584080994 0.790387988
vt 0.584080994 0.718742013
vt 0.655727029 0.790387988
vt 0.584080994 0.790387988
vt 0.655727029 0.718742013
vt 0.655727029 0.790387988
vt 0.584080994 0.790387988
vt 0.584080994 0.790387988
vt 0.655727029 0.718742013
vt 0.584080994 0.718742013
vt 0.655727029 0.790387988
vt 0.655727029 0.718742013
vt 0.655727029 0.718742013
vt 0.655727029 0.718742013
vt 0.584080994 0.718742013
vt 0.584080994 0.790387988
vt 0.584080994 0.790387988
vt 0.655727029 0.790387988
vt 0.655727029 0.718742013
vt 0.584080994 0.718742013
vt 0.584080994 0.790387988
vt 0.584080994 0.790387988
vt 0.655727029 0.790387988
vt 0.584080994 0.790387988
vt 0.655727029 0.718742013
vt 0.655727029 0.718742013
vt 0.584080994 0.718742013
vt 0.655727029 0.718742013
vt 0.655727029 0.790387988
vt 0.655727029 0.718742013
vt 0.584080994 0.790387988
vt 0.584080994 0.718742013
vt 0.655727029 0.790387988
vt 0.584080994 0.790387988
vt 0.655727029 0.718742013
vt 0.655727029 0.790387988
vt 0.584080994 0.790387988
vt 0.655727029 0.718742013
vt 0.655727029 0.718742013
vt 0.584080994 0.718742013
vt 0.584080994 0.790387988
vt 0.584080994 0.790387988
vt 0.584080994 0.718742013
vt 0.584080994 0.790387988
vt 0.655727029 0.718742013
vt 0.584080994 0.790387988
vt 0.655727029 0.790387988
vt 0.584080994 0.790387988
vt 0.655727029 0.790387988
vt 0.655727029 0.790387988
vt 0.655727029 0.718742013
vt 0.584080994 0.718742013
vt 0.655727029 0.790387988
vt 0.655727029 0.718742013
vt 0.584080994 0.790387988
vt 0.584080994 0.790387988
vt 0.655727029 0.718742013
vt 0.584080994 0.718742013
vt 0.655727029 0.718742013
vt 0.655727029 0.718742013
vt 0.584080994 0.718742013
vt 0.584080994 0.790387988
vt 0.584080994 0.790387988
vt 0.655727029 0.718742013
vt 0.584080994 0.718742013
vt 0.584080994 0.790387988
vt 0.655727029 0.718742013
vt 0.584080994 0.718742013
vt 0.584080994 0.790387988
vt 0.655727029 0.790387988
vt 0.655727029 0.790387988
vt 0.655727029 0.718742013
vt 0.655727029 0.790387988
vt 0.655727029 0.790387988
vt 0.584080994 0.718742013
vt 0.655727029 0.790387988
vt 0.655727029 0.718742013
vt 0.655727029 0.718742013
vt 0.655727029 0.790387988
vt 0.584080994 0.790387988
vt 0.584080994 0.790387988
vt 0.655727029 0.790387988
vt 0.655727029 0.718742013
vt 0.584080994 0.718742013
vt 0.584080994 0.790387988
vt 0.655727029 0.718742013
vt 0.655727029 0.790387988
vt 0.584080994 0.718742013
vt 0.655727029 0.718742013
vt 0.655727029 0.790387988
vt 0.655727029 0.790387988
vt 0.655727029 0.718742013
vt 0.584080994 0.790387988
vt 0.584080994 0.718742013
vt 0.655727029 0.790387988
vt 0.584080994 0.790387988
vt 0.584080994 0.790387988
vt 0.584080994 0.718742013
vt 0.655727029 0.790387988
vt 0.584080994 0.790387988
vt 0.655727029 0.718742013
vt 0.584080994 0.718742013
vt 0.655727029 0.790387988
vt 0.584080994 0.790387988
vt 0.655727029 0.718742013
vt 0.584080994 0.790387988
vt 0.655727029 0.790387988
vt 0.655727029 0.718742013
vt 0.655727029 0.718742013
vt 0.584080994 0.718742013
vt 0.584080994 0.718742013
vt 0.584080994 0.790387988
vt 0.655727029 0.718742013
vt 0.655727029 0.790387988
vt 0.655727029 0.718742013
vt 0.584080994 0.718742013
vt 0.584080994 0.718742013
vt 0.584080994 0.790387988
vt 0.655727029 0.718742013
vt 0.655727029 0.718742013
vt 0.655727029 0.790387988
vt 0.584080994 0.718742013
vt 0.655727029 0.790387988
vt 0.655727029 0.790387988
vt 0.584080994 0.718742013
vt 0.584080994 0.718742013
vt 0.584080994 0.790387988
vt 0.655727029 0.718742013
vt 0.655727029 0.790387988
vt 0.655727029 0.718742013
vt 0.584080994 0.718742013
vt 0.655727029 0.718742013
vt 0.584080994 0.718742013
vt 0.584080994 0.718742013
vt 0.655727029 0.790387988
vt 0.655727029 0.718742013
vt 0.584080994 0.718742013
vt 0.584080994 0.718742013
vt 0.584080994 0.790387988
vt 0.584080994 0.718742013
vt 0.584080994 0.718742013
vt 0.655727029 0.790387988
vt 0.584080994 0.718742013
vt 0.584080994 0.718742013
vt 0.584080994 0.790387988
vt 0.655727029 0.718742013
vt 0.655727029 0.790387988
vt 0.584080994 0.718742013
vt 0.584080994 0.790387988
vt 0.584080994 0.790387988
vt 0.655727029 0.790387988
vt 0.584080994 0.718742013
vt 0.584080994 0.790387988
vt 0.655727029 0.790387988
vt 0.655727029 0.718742013
vt 0.584080994 0.790387988
vt 0.584080994 0.718742013
vt 0.655727029 0.790387988
vt 0.584080994 0.790387988
vt 0.655727029 0.790387988
vt 0.655727029 0.718742013
vt 0.655727029 0.718742013
vt 0.655727029 0.790387988
vt 0.584080994 0.790387988
vt 0.655727029 0.718742013
vt 0.584080994 0.718742013
vt 0.655727029 0.790387988
vt 0.584080994 0.790387988
vt 0.655727029 0.718742013
vt 0.655727029 0.790387988
vt 0.584080994 0.718742013
vt 0.584080994 0.790387988
vt 0.655727029 0.790387988
vt 0.655727029 0.718742013
vt 0.655727029 0.790387988
vt 0.584080994 0.718742013
vt 0.655727029 0.790387988
vt 0.655727029 0.790387988
vt 0.655727029 0.718742013
vt 0.584080994 0.718742013
vt 0.584080994 0.718742013
vt 0.584080994 0.790387988
vt 0.655727029 0.718742013
vt 0.584080994 0.718742013
vt 0.584080994 0.790387988
vt 0.655727029 0.790387988
vt 0.655727029 0.718742013
vt 0.584080994 0.790387988
vt 0.655727029 0.718742013
vt 0.655727029 0.718742013
vt 0.584080994 0.790387988
vt 0.655727029 0.790387988
vt 0.655727029 0.718742013
vt 0.584080994 0.718742013
vt 0.584080994 0.718742013
vt 0.655727029 0.718742013
vt 0.584080994 0.718742013
vt 0.584080994 0.718742013
vt 0.584080994 0.790387988
vt 0.655727029 0.790387988
vt 0.655727029 0.790387988
vt 0.655727029 0.718742013
vt 0.584080994 0.718742013
vt 0.584080994 0.790387988
vt 0.655727029 0.790387988
vt 0.655727029 0.718742013
vt 0.655727029 0.718742013
vt 0.584080994 0.718742013
vt 0.584080994 0.718742013
vt 0.584080994 0.790387988
vt 0.655727029 0.790387988
vt 0.655727029 0.790387988
vt 0.655727029 0.718742013
vt 0.584080994 0.718742013
vt 0.584080994 0.790387988
vt 0.584080994 0.790387988
vt 0.584080994 0.718742013
vt 0.655727029 0.790387988
vt 0.655727029 0.790387988
vt 0.655727029 0.718742013
vt 0.584080994 0.718742013
vt 0.584080994 0.718742013
vt 0.584080994 0.790387988
vt 0.655727029 0.718742013
vt 0.655727029 0.790387988
vt 0.655727029 0.718742013
vt 0.655727029 0.790387988
vt 0.584080994 0.718742013
vt 0.584080994 0.718742013
vt 0.584080994 0.790387988
vt 0.655727029 0.790387988
vt 0.655727029 0.718742013
vt 0.655727029 0.790387988
vt 0.655727029 0.790387988
vt 0.584080994 0.790387988
vt 0.584080994 0.718742013
vt 0.584080994 0.790387988
vt 0.655727029 0.790387988
vt 0.655727029 0.790387988
vt 0.584080994 0.718742013
vt 0.655727029 0.790387988
vt 0.584080994 0.790387988
vt 0.584080994 0.718742013
vt 0.584080994 0.790387988
vt 0.655727029 0.718742013
vt 0.584080994 0.718742013
vt 0.655727029 0.718742013
vt 0.655727029 0.790387988
vt 0.584080994 0.790387988
vt 0.584080994 0.718742013
vt 0.584080994 0.790387988
vt 0.655727029 0.790387988
vt 0.655727029 0.790387988
vt 0.655727029 0.718742013
vt 0.655727029 0.790387988
vt 0.655727029 0.790387988
vt 0.584080994 0.718742013
vt 0.584080994 0.790387988
vt 0.655727029 0.790387988
vt 0.655727029 0.790387988
vt 0.655727029 0.790387988
vt 0.655727029 0.790387988
vt 0.655727029 0.718742013
vt 0.584080994 0.718742013
vt 0.584080994 0.718742013
vt 0.655727029 0.718742013
vt 0.584080994 0.718742013
vt 0.655727029 0.790387988
vt 0.584080994 0.718742013
vt 0.584080994 0.790387988
vt 0.655727029 0.790387988
vt 0.655727029 0.718742013
vt 0.655727029 0.718742013
vt 0.584080994 0.718742013
vt 0.584080994 0.790387988
vt 0.584080994 0.790387988
vt 0.655727029 0.790387988
vt 0.655727029 0.790387988
vt 0.655727029 0.718742013
vt 0.584080994 0.718742013
vt 0.584080994 0.718742013
vt 0.584080994 0.790387988
vt 0.584080994 0.790387988
vt 0.655727029 0.790387988
vt 0.655727029 0.718742013
vt 0.655727029 0.718742013
vt 0.584080994 0.718742013
vt 0.655727029 0.718742013
vt 0.655727029 0.718742013
vt 0.584080994 0.790387988
vt 0.655727029 0.790387988
vt 0.655727029 0.790387988
vt 0.655727029 0.718742013
vt 0.584080994 0.718742013
vt 0.584080994 0.718742013
vt 0.655727029 0.718742013
vt 0.584080994 0.718742013
vt 0.655727029 0.790387988
vt 0.584080994 0.718742013
vt 0.584080994 0.790387988
vt 0.655727029 0.790387988
vt 0.655727029 0.718742013
vt 0.655727029 0.718742013
vt 0.584080994 0.790387988
vt 0.655727029 0.790387988
vt 0.655727029 0.718742013
vt 0.655727029 0.718742013
vt 0.584080994 0.718742013
vt 0.655727029 0.718742013
vt 0.655727029 0.718742013
vt 0.584080994 0.790387988
vt 0.584080994 0.718742013
vt 0.584080994 0.790387988
vt 0.584080994 0.790387988
vt 0.655727029 0.790387988
vt 0.584080994 0.718742013
vt 0.584080994 0.790387988
vt 0.655727029 0.718742013
vt 0.584080994 0.718742013
vt 0.584080994 0.718742013
vt 0.584080994 0.718742013
vt 0.584080994 0.790387988
vt 0.655727029 0.790387988
vt 0.655727029 0.790387988
vt 0.655727029 0.718742013
vt 0.584080994 0.718742013
vt 0.584080994 0.790387988
vt 0.655727029 0.790387988
vt 0.584080994 0.718742013
vt 0.584080994 0.790387988
vt 0.655727029 0.790387988
vt 0.655727029 0.790387988
vt 0.655727029 0.718742013
vt 0.655727029 0.790387988
vt 0.655727029 0.790387988
vt 0.584080994 0.718742013
vt 0.655727029 0.790387988
vt 0.584080994 0.790387988
vt 0.655727029 0.718742013
vt 0.584080994 0.790387988
vt 0.584080994 0.790387988
vt 0.655727029 0.718742013
vt 0.655727029 0.718742013
vt 0.584080994 0.718742013
vt 0.655727029 0.790387988
vt 0.584080994 0.790387988
vt 0.655727029 0.790387988
vt 0.655727029 0.718742013
vt 0.655727029 0.790387988
vt 0.655727029 0.718742013
vt 0.655727029 0.718742013
vt 0.655727029 0.790387988
vt 0.584080994 0.790387988
vt 0.655727029 0.718742013
vt 0.655727029 0.790387988
vt 0.655727029 0.718742013
vt 0.584080994 0.790387988
vt 0.584080994 0.718742013
vt 0.584080994 0.790387988
vt 0.655727029 0.790387988
vt 0.655727029 0.790387988
vt 0.655727029 0.718742013
vt 0.655727029 0.718742013
vt 0.655727029 0.718742013
vt 0.584080994 0.790387988
vt 0.655727029 0.790387988
vt 0.655727029 0.718742013
vt 0.584080994 0.718742013
vt 0.584080994 0.790387988
vt 0.584080994 0.790387988
vt 0.655727029 0.790387988
vt 0.584080994 0.718742013
vt 0.655727029 0.790387988
vt 0.655727029 0.718742013
vt 0.655727029 0.718742013
vt 0.655727029 0.718742013
vt 0.655727029 0.718742013
vt 0.584080994 0.718742013
vt 0.655727029 0.718742013
vt 0.584080994 0.790387988
vt 0.584080994 0.790387988
vt 0.655727029 0.718742013
vt 0.584080994 0.718742013
vt 0.584080994 0.790387988
vt 0.655727029 0.790387988
vt 0.584080994 0.790387988
vt 0.655727029 0.718742013
vt 0.584080994 0.790387988
vt 0.584080994 0.718742013
vt 0.655727029 0.718742013
vt 0.655727029 0.718742013
vt 0.584080994 0.718742013
vt 0.584080994 0.718742013
vt 0.584080994 0.790387988
vt 0.655727029 0.790387988
vt 0.655727029 0.790387988
vt 0.655727029 0.718742013
vt 0.655727029 0.718742013
vt 0.655727029 0.718742013
vt 0.584080994 0.718742013
vt 0.584080994 0.718742013
vt 0.655727029 0.718742013
vt 0.584080994 0.790387988
vt 0.655727029 0.718742013
vt 0.655727029 0.718742013
vt 0.584080994 0.790387988
vt 0.655727029 0.790387988
vt 0.655727029 0.718742013
vt 0.584080994 0.718742013
vt 0.584080994 0.718742013
vt 0.584080994 0.790387988
vt 0.655727029 0.718742013
vt 0.655727029 0.790387988
vt 0.655727029 0.718742013
vt 0.584080994 0.718742013
vt 0.584080994 0.790387988
vt 0.584080994 0.790387988
vt 0.655727029 0.790387988
vt 0.655727029 0.718742013
vt 0.655727029 0.718742013
vt 0.584080994 0.718742013
vt 0.655727029 0.718742013
vt 0.655727029 0.718742013
vt 0.584080994 0.718742013
vt 0.655727029 0.718742013
vt 0.655727029 0.790387988
vt 0.584080994 0.718742013
vt 0.584080994 0.790387988
vt 0.584080994 0.790387988
vt 0.655727029 0.790387988
vt 0.655727029 0.790387988
vt 0.655727029 0.718742013
vt 0.584080994 0.790387988
vt 0.584080994 0.718742013
vt 0.655727029 0.790387988
vt 0.584080994 0.790387988
vt 0.655727029 0.790387988
vt 0.655727029 0.718742013
vt 0.655727029 0.718742013
vt 0.655727029 0.790387988
vt 0.584080994 0.790387988
vt 0.584080994 0.790387988
vt 0.584080994 0.790387988
vt 0.655727029 0.790387988
vt 0.655727029 0.718742013
vt 0.584080994 0.790387988
vt 0.655727029 0.790387988
vt 0.655727029 0.718742013
vt 0.584080994 0.790387988
vt 0.584080994 0.718742013
vt 0.584080994 0.790387988
vt 0.655727029 0.718742013
vt 0.584080994 0.718742013
vt 0.584080994 0.790387988
vt 0.584080994 0.790387988
vt 0.655727029 0.790387988
vt 0.584080994 0.790387988
vt 0.584080994 0.790387988
vt 0.655727029 0.718742013
vt 0.655727029 0.718742013
vt 0.655727029 0.718742013
vt 0.584080994 0.718742013
vt 0.584080994 0.718742013
vt 0.584080994 0.790387988
vt 0.655727029 0.790387988
vt 0.655727029 0.790387988
vt 0.655727029 0.718742013
vt 0.655727029 0.790387988
vt 0.655727029 0.790387988
vt 0.584080994 0.718742013
vt 0.584080994 0.790387988
vt 0.584080994 0.790387988
vt 0.655727029 0.790387988
vt 0.655727029 0.718742013
vt 0.655727029 0.718742013
vt 0.655727029 0.790387988
vt 0.655727029 0.718742013
vt 0.584080994 0.790387988
vt 0.655727029 0.790387988
vt 0.655727029 0.790387988
vt 0.655727029 0.718742013
vt 0.655727029 0.718742013
vt 0.584080994 0.718742013
vt 0.655727029 0.790387988
vt 0.584080994 0.790387988
vt 0.655727029 0.718742013
vt 0.584080994 0.718742013
vt 0.655727029 0.718742013
vt 0.655727029 0.790387988
vt 0.584080994 0.790387988
vt 0.584080994 0.790387988
vt 0.655727029 0.790387988
vt 0.584080994 0.718742013
vt 0.584080994 0.790387988
vt 0.655727029 0.790387988
vt 0.655727029 0.718742013
vt 0.655727029 0.790387988
vt 0.655727029 0.790387988
vt 0.584080994 0.790387988
vt 0.655727029 0.790387988
vt 0.655727029 0.790387988
vt 0.584080994 0.718742013
vt 0.655727029 0.718742013
vt 0.655727029 0.790387988
vt 0.584080994 0.790387988
vt 0.655727029 0.718742013
vt 0.655727029 0.790387988
vt 0.584080994 0.718742013
vt 0.584080994 0.790387988
vt 0.655727029 0.790387988
vt 0.655727029 0.718742013
vt 0.655727029 0.718742013
vt 0.584080994 0.718742013
vt 0.655727029 0.790387988
vt 0.584080994 0.790387988
vt 0.655727029 0.790387988
vt 0.655727029 0.718742013
vt 0.584080994 0.718742013
vt 0.584080994 0.790387988
vt 0.655727029 0.718742013
vt 0.655727029 0.718742013
vt 0.655727029 0.790387988
vt 0.584080994 0.718742013
vt 0.584080994 0.790387988
vt 0.655727029 0.790387988
vt 0.655727029 0.718742013
vt 0.655727029 0.718742013
vt 0.584080994 0.718742013
vt 0.655727029 0.790387988
vt 0.584080994 0.790387988
vt 0.655727029 0.790387988
vt 0.655727029 0.718742013
vt 0.584080994 0.790387988
vt 0.584080994 0.790387988
vt 0.655727029 0.790387988
vt 0.655727029 0.790387988
vt 0.655727029 0.718742013
vt 0.584080994 0.718742013
vt 0.584080994 0.718742013
vt 0.584080994 0.790387988
vt 0.584080994 0.718742013
vt 0.584080994 0.718742013
vt 0.655727029 0.790387988
vt 0.584080994 0.718742013
vt 0.584080994 0.790387988
vt 0.655727029 0.790387988
vt 0.655727029 0.718742013
vt 0.584080994 0.718742013
vt 0.655727029 0.790387988
vt 0.584080994 0.718742013
vt 0.584080994 0.718742013
vt 0.584080994 0.718742013
vt 0.584080994 0.790387988
vt 0.655727029 0.790387988
vt 0.655727029 0.790387988
vt 0.655727029 0.718742013
vt 0.655727029 0.790387988
vt 0.655727029 0.790387988
vt 0.584080994 0.718742013
vt 0.655727029 0.790387988
vt 0.584080994 0.790387988
vt 0.655727029 0.718742013
vt 0.584080994 0.790387988
vt 0.655727029 0.790387988
vt 0.655727029 0.718742013
vt 0.655727029 0.790387988
vt 0.584080994 0.718742013
vt 0.584080994 0.790387988
vt 0.584080994 0.718742013
vt 0.584080994 0.718742013
vt 0.584080994 0.790387988
vt 0.655727029 0.790387988
vt 0.655727029 0.790387988
vt 0.655727029 0.718742013
vt 0.655727029 0.790387988
vt 0.584080994 0.790387988
vt 0.655727029 0.790387988
vt 0.655727029 0.718742013
vt 0.655727029 0.718742013
vt 0.584080994 0.718742013
vt 0.655727029 0.718742013
vt 0.655727029 0.718742013
vt 0.584080994 0.790387988
vt 0.584080994 0.718742013
vt 0.584080994 0.790387988
vt 0.584080994 0.790387988
vt 0.655727029 0.718742013
vt 0.584080994 0.790387988
vt 0.655727029 0.790387988
vt 0.655727029 0.718742013
vt 0.584080994 0.718742013
vt 0.584080994 0.790387988
vt 0.584080994 0.790387988
vt 0.655727029 0.790387988
vt 0.584080994 0.718742013
vt 0.655727029 0.718742013
vt 0.584080994 0.718742013
vt 0.655727029 0.790387988
vt 0.584080994 0.790387988
vt 0.655727029 0.718742013
vt 0.655727029 0.790387988
vt 0.584080994 0.718742013
vt 0.584080994 0.790387988
vt 0.655727029 0.790387988
vt 0.655727029 0.718742013
vt 0.655727029 0.790387988
vt 0.584080994 0.718742013
vt 0.655727029 0.790387988
vt 0.655727029 0.718742013
vt 0.655727029 0.718742013
vt 0.655727029 0.790387988
vt 0.655727029 0.718742013
vt 0.584080994 0.718742013
vt 0.584080994 0.790387988
vt 0.584080994 0.718742013
vt 0.584080994 0.718742013
vt 0.655727029 0.718742013
vt 0.655727029 0.790387988
vt 0.655727029 0.718742013
vt 0.584080994 0.718742013
vt 0.584080994 0.718742013
vt 0.655727029 0.790387988
vt 0.584080994 0.718742013
vt 0.655727029 0.718742013
vt 0.655727029 0.790387988
vt 0.655727029 0.718742013
vt 0.655727029 0.790387988
vt 0.655727029 0.790387988
vt 0.655727029 0.790387988
vt 0.655727029 0.790387988
vt 0.584080994 0.790387988
vt 0.584080994 0.718742013
vt 0.655727029 0.718742013
vt 0.584080994 0.718742013
vt 0.584080994 0.790387988
vt 0.584080994 0.718742013
vt 0.584080994 0.718742013
vt 0.584080994 0.718742013
vt 0.584080994 0.718742013
vt 0.584080994 0.718742013
vt 0.584080994 0.790387988
vt 0.655727029 0.790387988
vt 0.655727029 0.790387988
vt 0.655727029 0.718742013
vt 0.655727029 0.790387988
vt 0.655727029 0.790387988
vt 0.584080994 0.718742013
vt 0.584080994 0.718742013
vt 0.655727029 0.718742013
vt 0.584080994 0.790387988
vt 0.584080994 0.718742013
vt 0.584080994 0.790387988
vt 0.655727029 0.718742013
vt 0.655727029 0.790387988
vt 0.655727029 0.718742013
vt 0.584080994 0.718742013
vt 0.655727029 0.718742013
vt 0.655727029 0.718742013
vt 0.584080994 0.718742013
vt 0.584080994 0.718742013
vt 0.584080994 0.718742013
vt 0.584080994 0.790387988
vt 0.584080994 0.718742013
vt 0.655727029 0.718742013
vt 0.584080994 0.790387988
vt 0.655727029 0.790387988
vt 0.655727029 0.790387988
vt 0.655727029 0.718742013
vt 0.655727029 0.718742013
vt 0.584080994 0.718742013
vt 0.655727029 0.790387988
vt 0.584080994 0.790387988
vt 0.655727029 0.718742013
vt 0.655727029 0.790387988
vt 0.655727029 0.718742013
vt 0.584080994 0.718742013
vt 0.584080994 0.718742013
vt 0.655727029 0.718742013
vt 0.655727029 0.790387988
vt 0.584080994 0.718742013
vt 0.584080994 0.718742013
vt 0.584080994 0.790387988
vt 0.655727029 0.790387988
vt 0.655727029 0.718742013
vt 0.655727029 0.790387988
vt 0.584080994 0.718742013
vt 0.584080994 0.790387988
vt 0.655727029 0.790387988
vt 0.655727029 0.790387988
vt 0.655727029 0.718742013
vt 0.655727029 0.790387988
vt 0.655727029 0.790387988
vt 0.584080994 0.718742013
vt 0.655727029 0.718742013
vt 0.584080994 0.718742013
vt 0.584080994 0.718742013
vt 0.655727029 0.718742013
vt 0.584080994 0.718742013
vt 0.584080994 0.718742013
vt 0.655727029 0.790387988
vt 0.655727029 0.718742013
vt 0.655727029 0.718742013
vt 0.584080994 0.790387988
vt 0.655727029 0.790387988
vt 0.655727029 0.718742013
vt 0.655727029 0.718742013
vt 0.584080994 0.718742013
vt 0.655727029 0.718742013
vt 0.655727029 0.718742013
vt 0.584080994 0.718742013
vt 0.584080994 0.790387988
vt 0.655727029 0.718742013
vt 0.584080994 0.718742013
vt 0.655727029 0.790387988
vt 0.655727029 0.718742013
vt 0.584080994 0.790387988
vt 0.584080994 0.718742013
vt 0.584080994 0.790387988
vt 0.655727029 0.718742013
vt 0.584080994 0.790387988
vt 0.584080994 0.790387988
vt 0.584080994 0.790387988
vt 0.655727029 0.790387988
vt 0.584080994 0.790387988
vt 0.584080994 0.718742013
vt 0.584080994 0.718742013
vt 0.584080994 0.790387988
vt 0.655727029 0.790387988
vt 0.655727029 0.790387988
vt 0.655727029 0.718742013
vt 0.655727029 0.790387988
vt 0.655727029 0.790387988
vt 0.584080994 0.718742013
vt 0.655727029 0.790387988
vt 0.584080994 0.718742013
vt 0.584080994 0.790387988
vt 0.655727029 0.718742013
vt 0.584080994 0.718742013
vt 0.584080994 0.790387988
vt 0.655727029 0.790387988
vt 0.655727029 0.718742013
vt 0.584080994 0.790387988
vt 0.655727029 0.718742013
vt 0.655727029 0.718742013
vt 0.584080994 0.790387988
vt 0.655727029 0.790387988
vt 0.655727029 0.718742013
vt 0.584080994 0.718742013
vt 0.655727029 0.790387988
vt 0.584080994 0.718742013
vt 0.655727029 0.718742013
vt 0.655727029 0.790387988
vt 0.584080994 0.790387988
vt 0.655727029 0.790387988
vt 0.655727029 0.790387988
vt 0.655727029 0.790387988
vt 0.655727029 0.718742013
vt 0.584080994 0.790387988
vt 0.584080994 0.718742013
vt 0.655727029 0.790387988
vt 0.584080994 0.790387988
vt 0.584080994 0.790387988
vt 0.584080994 0.718742013
vt 0.655727029 0.790387988
vt 0.584080994 0.790387988
vt 0.655727029 0.718742013
vt 0.584080994 0.718742013
vt 0.655727029 0.790387988
vt 0.584080994 0.790387988
vt 0.655727029 0.718742013
vt 0.655727029 0.790387988
vt 0.655727029 0.718742013
vt 0.655727029 0.718742013
vt 0.655727029 0.718742013
vt 0.584080994 0.718742013
vt 0.655727029 0.790387988
vt 0.584080994 0.718742013
vt 0.584080994 0.790387988
vt 0.655727029 0.790387988
vt 0.584080994 0.718742013
vt 0.584080994 0.790387988
vt 0.655727029 0.790387988
vt 0.655727029 0.790387988
vt 0.655727029 0.718742013
vt 0.655727029 0.718742013
vt 0.655727029 0.718742013
vt 0.584080994 0.718742013
vt 0.655727029 0.718742013
vt 0.655727029 0.718742013
vt 0.584080994 0.718742013
vt 0.655727029 0.718742013
vt 0.655727029 0.790387988
vt 0.584080994 0.718742013
vt 0.655727029 0.718742013
vt 0.584080994 0.718742013
vt 0.655727029 0.790387988
vt 0.584080994 0.790387988
vt 0.655727029 0.790387988
vt 0.655727029 0.718742013
vt 0.584080994 0.718742013
vt 0.584080994 0.790387988
vt 0.655727029 0.790387988
vt 0.655727029 0.790387988
vt 0.655727029 0.718742013
vt 0.584080994 0.790387988
vt 0.584080994 0.790387988
vt 0.655727029 0.790387988
vt 0.655727029 0.790387988
vt 0.655727029 0.718742013
vt 0.584080994 0.790387988
vt 0.584080994 0.718742013
vt 0.655727029 0.790387988
vt 0.584080994 0.790387988
vt 0.655727029 0.718742013
vt 0.655727029 0.790387988
vt 0.584080994 0.790387988
vt 0.655727029 0.718742013
vt 0.655727029 0.718742013
vt 0.584080994 0.718742013
vt 0.584080994 0.790387988
vt 0.584080994 0.790387988
vt 0.655727029 0.790387988
vt 0.655727029 0.718742013
vt 0.584080994 0.790387988
vt 0.655727029 0.718742013
vt 0.655727029 0.790387988
vt 0.655727029 0.718742013
vt 0.584080994 0.790387988
vt 0.655727029 0.718742013
vt 0.584080994 0.718742013
vt 0.584080994 0.790387988
vt 0.655727029 0.718742013
vt 0.655727029 0.718742013
vt 0.584080994 0.718742013
vt 0.655727029 0.718742013
vt 0.655727029 0.790387988
vt 0.584080994 0.718742013
vt 0.584080994 0.790387988
vt 0.584080994 0.790387988
vt 0.655727029 0.790387988
vt 0.655727029 0.790387988
vt 0.655727029 0.718742013
vt 0.584080994 0.790387988
vt 0.584080994 0.718742013
vt 0.655727029 0.790387988
vt 0.584080994 0.790387988
vt 0.655727029 0.790387988
vt 0.655727029 0.718742013
vt 0.655727029 0.718742013
vt 0.655727029 0.790387988
vt 0.584080994 0.790387988
vt 0.584080994 0.718742013
vt 0.584080994 0.790387988
vt 0.655727029 0.790387988
vt 0.655727029 0.790387988
vt 0.655727029 0.718742013
vt 0.655727029 0.790387988
vt 0.655727029 0.790387988
vt 0.584080994 0.718742013
vt 0.655727029 0.790387988
vt 0.655727029 0.718742013
vt 0.584080994 0.718742013
vt 0.584080994 0.718742013
vt 0.584080994 0.790387988
vt 0.584080994 0.718742013
vt 0.584080994 0.718742013
vt 0.655727029 0.790387988
vt 0.655727029 0.718742013
vt 0.584080994 0.718742013
vt 0.584080994 0.790387988
vt 0.584080994 0.790387988
vt 0.655727029 0.790387988
vt 0.584080994 0.790387988
vt 0.584080994 0.790387988
vt 0.655727029 0.718742013
vt 0.584080994 0.790387988
vt 0.584080994 0.790387988
vt 0.655727029 0.790387988
vt 0.655727029 0.718742013
vt 0.655727029 0.718742013
vt 0.655727029 0.790387988
vt 0.655727029 0.718742013
vt 0.584080994 0.790387988
vt 0.655727029 0.718742013
vt 0.584080994 0.718742013
vt 0.584080994 0.790387988
vt 0.584080994 0.790387988
vt 0.655727029 0.790387988
vt 0.655727029 0.790387988
vt 0.655727029 0.718742013
vt 0.584080994 0.718742013
vt 0.584080994 0.790387988
vt 0.655727029 0.718742013
vt 0.655727029 0.790387988
vt 0.584080994 0.718742013
vt 0.655727029 0.718742013
vt 0.655727029 0.790387988
vt 0.655727029 0.718742013
vt 0.655727029 0.718742013
vt 0.584080994 0.718742013
vt 0.655727029 0.718742013
vt 0.584080994 0.718742013
vt 0.584080994 0.790387988
vt 0.655727029 0.790387988
vt 0.655727029 0.718742013
vt 0.584080994 0.790387988
vt 0.655727029 0.718742013
vt 0.655727029 0.718742013
vt 0.584080994 0.790387988
vt 0.655727029 0.790387988
vt 0.655727029 0.790387988
vt 0.655727029 0.718742013
vt 0.584080994 0.790387988
vt 0.584080994 0.718742013
vt 0.655727029 0.790387988
vt 0.584080994 0.790387988
vt 0.584080994 0.790387988
vt 0.584080994 0.718742013
vt 0.655727029 0.790387988
vt 0.584080994 0.790387988
vt 0.655727029 0.718742013
vt 0.584080994 0.718742013
vt 0.655727029 0.790387988
vt 0.584080994 0.790387988
vt 0.655727029 0.718742013
vt 0.584080994 0.790387988
vt 0.655727029 0.790387988
vt 0.655727029 0.718742013
vt 0.655727029 0.718742013
vt 0.584080994 0.718742013
vt 0.655727029 0.790387988
vt 0.584080994 0.790387988
vt 0.655727029 0.718742013
vt 0.655727029 0.790387988
vt 0.655727029 0.718742013
vt 0.584080994 0.790387988
vt 0.584080994 0.718742013
vt 0.584080994 0.790387988
vt 0.655727029 0.790387988
vt 0.655727029 0.718742013
vt 0.584080994 0.718742013
vt 0.655727029 0.790387988
vt 0.584080994 0.790387988
vt 0.655727029 0.718742013
vt 0.655727029 0.790387988
vt 0.584080994 0.718742013
vt 0.584080994 0.790387988
vt 0.655727029 0.790387988
vt 0.655727029 0.718742013
vt 0.655727029 0.790387988
vt 0.584080994 0.718742013
vt 0.655727029 0.790387988
vt 0.655727029 0.718742013
vt 0.655727029 0.718742013
vt 0.655727029 0.718742013
vt 0.584080994 0.718742013
vt 0.584080994 0.718742013
vt 0.584080994 0.718742013
vt 0.584080994 0.790387988
vt 0.655727029 0.790387988
vt 0.655727029 0.790387988
vt 0.655727029 0.718742013
vt 0.584080994 0.718742013
vt 0.584080994 0.790387988
vt 0.584080994 0.790387988
vt 0.584080994 0.718742013
vt 0.655727029 0.790387988
vt 0.655727029 0.790387988
vt 0.655727029 0.718742013
vt 0.584080994 0.718742013
vt 0.584080994 0.718742013
vt 0.584080994 0.790387988
vt 0.655727029 0.718742013
vt 0.655727029 0.790387988
vt 0.655727029 0.718742013
vt 0.655727029 0.790387988
vt 0.584080994 0.718742013
vt 0.584080994 0.718742013
vt 0.584080994 0.790387988
vt 0.655727029 0.790387988
vt 0.655727029 0.790387988
vt 0.655727029 0.718742013
vt 0.584080994 0.718742013
vt 0.584080994 0.718742013
vt 0.584080994 0.790387988
vt 0.584080994 0.718742013
vt 0.584080994 0.718742013
vt 0.584080994 0.718742013
vt 0.584080994 0.790387988
vt 0.655727029 0.790387988
vt 0.655727029 0.790387988
vt 0.655727029 0.718742013
vt 0.584080994 0.790387988
vt 0.655727029 0.790387988
vt 0.584080994 0.718742013
vt 0.584080994 0.718742013
vt 0.584080994 0.790387988
vt 0.655727029 0.790387988
vt 0.655727029 0.718742013
vt 0.584080994 0.790387988
vt 0.584080994 0.790387988
vt 0.655727029 0.718742013
vt 0.584080994 0.718742013
vt 0.584080994 0.790387988
vt 0.655727029 0.790387988
vt 0.584080994 0.790387988
vt 0.655727029 0.718742013
vt 0.584080994 0.790387988
vt 0.584080994 0.718742013
vt 0.584080994 0.790387988
vt 0.655727029 0.718742013
vt 0.584080994 0.718742013
vt 0.655727029 0.790387988
vt 0.655727029 0.718742013
vt 0.584080994 0.790387988
vt 0.584080994 0.718742013
vt 0.584080994 0.790387988
vt 0.655727029 0.718742013
vt 0.584080994 0.790387988
vt 0.584080994 0.790387988
vt 0.584080994 0.790387988
vt 0.655727029 0.790387988
vt 0.584080994 0.790387988
vt 0.584080994 0.718742013
vt 0.584080994 0.718742013
vt 0.655727029 0.718742013
vt 0.584080994 0.790387988
vt 0.655727029 0.790387988
vt 0.655727029 0.718742013
vt 0.584080994 0.718742013
vt 0.584080994 0.718742013
vt 0.584080994 0.790387988
vt 0.655727029 0.718742013
vt 0.655727029 0.790387988
vt 0.655727029 0.718742013
vt 0.584080994 0.718742013
vt 0.655727029 0.790387988
vt 0.655727029 0.718742013
vt 0.584080994 0.718742013
vt 0.584080994 0.718742013
vt 0.584080994 0.790387988
vt 0.584080994 0.718742013
vt 0.584080994 0.718742013
vt 0.655727029 0.790387988
vt 0.584080994 0.790387988
vt 0.655727029 0.790387988
vt 0.655727029 0.790387988
vt 0.584080994 0.718742013
vt 0.584080994 0.790387988
vt 0.655727029 0.790387988
vt 0.655727029 0.790387988
vt 0.655727029 0.718742013
vt 0.655727029 0.790387988
vt 0.655727029 0.790387988
vt 0.584080994 0.718742013
vt 0.584080994 0.718742013
vt 0.584080994 0.790387988
vt 0.655727029 0.790387988
vt 0.655727029 0.790387988
vt 0.655727029 0.718742013
vt 0.655727029 0.790387988
vt 0.655727029 0.790387988
vt 0.584080994 0.718742013
vt 0.584080994 0.790387988
vt 0.655727029 0.718742013
vt 0.584080994 0.718742013
vt 0.655727029 0.718742013
vt 0.655727029 0.718742013
vt 0.584080994 0.718742013
vt 0.584080994 0.790387988
vt 0.584080994 0.790387988
vt 0.655727029 0.718742013
vt 0.584080994 0.718742013
vt 0.584080994 0.790387988
vt 0.655727029 0.718742013
vt 0.584080994 0.790387988
vt 0.655727029 0.790387988
vt 0.584080994 0.718742013
vt 0.655727029 0.790387988
vt 0.655727029 0.718742013
vt 0.584080994 0.718742013
vt 0.584080994 0.718742013
vt 0.584080994 0.718742013
vt 0.584080994 0.790387988
vt 0.584080994 0.718742013
vt 0.655727029 0.718742013
vt 0.584080994 0.790387988
vt 0.655727029 0.790387988
vt 0.655727029 0.790387988
vt 0.655727029 0.718742013
vt 0.655727029 0.718742013
vt 0.584080994 0.718742013
vt 0.655727029 0.790387988
vt 0.584080994 0.790387988
vt 0.655727029 0.718742013
vt 0.655727029 0.790387988
vt 0.655727029 0.718742013
vt 0.584080994 0.718742013
vt 0.584080994 0.718742013
vt 0.655727029 0.718742013
vt 0.655727029 0.790387988
vt 0.103580996 0.235845998
vt 0.103580996 0.235845998
vt 0.103580996 0.235845998
vt 0.103580996 0.235845998
vt 0.103580996 0.235845998
vt 0.103580996 0.235845998
vt 0.103580996 0.235845998
vt 0.103580996 0.235845998
vt 0.103580996 0.235845998
vt 0.103580996 0.235845998
vt 0.103580996 0.235845998
vt 0.103580996 0.235845998
vt 0.103580996 0.235845998
vt 0.103580996 0.235845998
vt 0.103580996 0.235845998
vt 0.103580996 0.235845998
vt 0.103580996 0.235845998
vt 0.103580996 0.235845998
vt 0.103580996 0.235845998
vt 0.103580996 0.235845998
vt 0.103580996 0.235845998
vt 0.103580996 0.235845998
vt 0.103580996 0.235845998
vt 0.103580996 0.235845998
vt 0.103580996 0.235845998
vt 0.103580996 0.235845998
vt 0.103580996 0.235845998
vt 0.103580996 0.235845998
vt 0.103580996 0.235845998
vt 0.103580996 0.235845998
vt 0.103580996 0.235845998
vt 0.103580996 0.235845998
vt 0.103580996 0.235845998
vt 0.103580996 0.235845998
vt 0.103580996 0.235845998
vt 0.103580996 0.235845998
vt 0.103580996 0.235845998
vt 0.103580996 0.235845998
vt 0.103580996 0.235845998
vt 0.103580996 0.235845998
vt 0.103580996 0.235845998
vt 0.103580996 0.235845998
vt 0.103580996 0.235845998
vt 0.103580996 0.235845998
vt 0.103580996 0.235845998
vt 0.103580996 0.235845998
vt 0.103580996 0.235845998
vt 0.103580996 0.235845998
vt 0.103580996 0.235845998
vt 0.103580996 0.235845998
vt 0.103580996 0.235845998
vt 0.103580996 0.235845998
vt 0.103580996 0.235845998
vt 0.103580996 0.235845998
vt 0.103580996 0.235845998
vt 0.103580996 0.235845998
vt 0.103580996 0.235845998
vt 0.103580996 0.235845998
vt 0.103580996 0.235845998
vt 0.103580996 0.235845998
vt 0.103580996 0.235845998
vt 0.103580996 0.235845998
vt 0.103580996 0.235845998
vt 0.103580996 0.235845998
vt 0.103580996 0.235845998
vt 0.103580996 0.235845998
vt 0.103580996 0.235845998
vt 0.103580996 0.235845998
vt 0.103580996 0.235845998
vt 0.640380979 0.75235498
vt 0.640380979 0.75235498
vt 0.640380979 0.75235498
vt 0.640380979 0.75235498
vt 0.640380979 0.75235498
vt 0.134892002 0.764813006
vt 0.134892002 0.764813006
vt 0.134892002 0.764813006
vt 0.134892002 0.764813006
vt 0.134892002 0.764813006
vt 0.134892002 0.764813006
vt 0.134892002 0.764813006
vt 0.134892002 0.764813006
vt 0.134892002 0.764813006
vt 0.134892002 0.764813006
vt 0.134892002 0.764813006
vt 0.134892002 0.764813006
vt 0.134892002 0.764813006
vt 0.134892002 0.764813006
vt 0.134892002 0.764813006
vt 0.134892002 0.764813006
vt 0.134892002 0.764813006
vt 0.134892002 0.764813006
vt 0.134892002 0.764813006
vt 0.134892002 0.764813006
vt 0.134892002 0.764813006
vt 0.134892002 0.764813006
vt 0.134892002 0.764813006
vt 0.134892002 0.764813006
vt 0.134892002 0.764813006
vt 0.134892002 0.764813006
vt 0.134892002 0.764813006
vt 0.134892002 0.764813006
vt 0.134892002 0.764813006
vt 0.134892002 0.764813006
vt 0.134892002 0.764813006
vt 0.616400003 0.778180003
vt 0.616400003 0.778180003
vt 0.616400003 0.778180003
vt 0.616400003 0.778180003
vt 0.616400003 0.778180003
vt 0.651449025 0.733907998
vt 0.651449025 0.733907998
vt 0.651449025 0.733907998
vt 0.651449025 0.733907998
vt 0.640380979 0.75235498
vt 0.640380979 0.75235498
vt 0.640380979 0.75235498
vt 0.640380979 0.75235498
vt 0.904169023 0.674879014
vt 0.904169023 0.674879014
vt 0.904169023 0.674879014
vt 0.904169023 0.674879014
vt 0.904169023 0.674879014
vt 0.904169023 0.674879014
vt 0.904169023 0.674879014
vt 0.904169023 0.674879014
vt 0.904169023 0.674879014
vt 0.904169023 0.674879014
vt 0.904169023 0.674879014
vt 0.904169023 0.674879014
vt 0.904169023 0.674879014
vt 0.904169023 0.674879014
vt 0.904169023 0.674879014
vt 0.904169023 0.674879014
vt 0.904169023 0.674879014
vt 0.904169023 0.674879014
vt 0.904169023 0.674879014
vt 0.904169023 0.674879014
vt 0.904169023 0.674879014
vt 0.904169023 0.674879014
vt 0.904169023 0.674879014
vt 0.904169023 0.674879014
vt 0.904169023 0.674879014
vt 0.904169023 0.674879014
vt 0.904169023 0.674879014
vt 0.904169023 0.674879014
vt 0.904169023 0.674879014
vt 0.904169023 0.674879014
vt 0.904169023 0.674879014
vt 0.904169023 0.674879014
vt 0.904169023 0.674879014
vt 0.904169023 0.674879014
vt 0.904169023 0.674879014
vt 0.640380979 0.75235498
vt 0.640380979 0.75235498
vt 0.640380979 0.75235498
vt 0.640380979 0.75235498
vt 0.640380979 0.75235498
vt 0.640380979 0.75235498
vt 0.640380979 0.75235498
vt 0.640380979 0.75235498
vt 0.640380979 0.75235498
vt 0.640380979 0.75235498
vt 0.640380979 0.75235498
vt 0.640380979 0.75235498
vt 0.651449025 0.733907998
vt 0.651449025 0.733907998
vt 0.651449025 0.733907998
vt 0.651449025 0.733907998
vt 0.640380979 0.75235498
vt 0.640380979 0.75235498
vt 0.640380979 0.75235498
vt 0.640380979 0.75235498
vt 0.651449025 0.733907998
vt 0.651449025 0.733907998
vt 0.651449025 0.733907998
vt 0.651449025 0.733907998
vt 0.616400003 0.778180003
vt 0.616400003 0.778180003
vt 0.616400003 0.778180003
vt 0.616400003 0.778180003
vt 0.651449025 0.733907998
vt 0.651449025 0.733907998
vt 0.651449025 0.733907998
vt 0.651449025 0.733907998
vt 0.86174202 0.674879014
vt 0.86174202 0.674879014
vt 0.86174202 0.674879014
vt 0.86174202 0.674879014
vt 0.337853998 0.34652701
vt 0.417174995 0.309632987
vt 0.417174995 0.309632987
vt 0.417174995 0.309632987
vt 0.337853998 0.34652701
vt 0.337853998 0.34652701
vt 0.337853998 0.34652701
vt 0.337853998 0.34652701
vt 0.337853998 0.34652701
vt 0.337853998 0.34652701
vt 0.337853998 0.34652701
vt 0.337853998 0.34652701
vt 0.337853998 0.34652701
vt 0.337853998 0.34652701
vt 0.337853998 0.34652701
vt 0.337853998 0.34652701
vt 0.904169023 0.674879014
vt 0.904169023 0.674879014
vt 0.904169023 0.674879014
vt 0.904169023 0.674879014
vt 0.904169023 0.674879014
vt 0.904169023 0.674879014
vt 0.904169023 0.674879014
vt 0.904169023 0.674879014
vt 0.904169023 0.674879014
vt 0.904169023 0.674879014
vt 0.904169023 0.674879014
vt 0.904169023 0.674879014
vt 0.904169023 0.674879014
vt 0.904169023 0.674879014
vt 0.904169023 0.674879014
vt 0.904169023 0.674879014
vt 0.904169023 0.674879014
vt 0.904169023 0.674879014
vt 0.904169023 0.674879014
vt 0.904169023 0.674879014
vt 0.904169023 0.674879014
vt 0.904169023 0.674879014
vt 0.904169023 0.674879014
vt 0.904169023 0.674879014
vt 0.904169023 0.674879014
vt 0.904169023 0.674879014
vt 0.904169023 0.674879014
vt 0.904169023 0.674879014
vt 0.904169023 0.674879014
vt 0.904169023 0.674879014
vt 0.904169023 0.674879014
vt 0.904169023 0.674879014
vt 0.904169023 0.674879014
vt 0.904169023 0.674879014
vt 0.904169023 0.674879014
vt 0.904169023 0.674879014
vt 0.904169023 0.674879014
vt 0.904169023 0.674879014
vt 0.904169023 0.674879014
vt 0.904169023 0.674879014
vt 0.904169023 0.674879014
vt 0.904169023 0.674879014
vt 0.904169023 0.674879014
vt 0.904169023 0.674879014
vt 0.904169023 0.674879014
vt 0.904169023 0.674879014
vt 0.904169023 0.674879014
vt 0.904169023 0.674879014
vt 0.904169023 0.674879014
vt 0.651449025 0.733907998
vt 0.651449025 0.733907998
vt 0.651449025 0.733907998
vt 0.651449025 0.733907998
vt 0.652292013 0.723919988
vt 0.652292013 0.723919988
vt 0.652292013 0.723919988
vt 0.652292013 0.723919988
vt 0.337853998 0.34652701
vt 0.358146012 0.191574007
vt 0.358146012 0.191574007
vt 0.358146012 0.191574007
vt 0.337853998 0.34652701
vt 0.337853998 0.34652701
vt 0.337853998 0.34652701
vt 0.337853998 0.34652701
vt 0.337853998 0.34652701
vt 0.337853998 0.34652701
vt 0.118193001 0.76799798
vt 0.118193001 0.76799798
vt 0.118193001 0.76799798
vt 0.118193001 0.76799798
vt 0.118193001 0.76799798
vt 0.118193001 0.76799798
vt 0.118193001 0.76799798
vt 0.640380979 0.75235498
vt 0.640380979 0.75235498
vt 0.640380979 0.75235498
vt 0.640380979 0.75235498
vt 0.616400003 0.778180003
vt 0.616400003 0.778180003
vt 0.616400003 0.778180003
vt 0.616400003 0.778180003
vt 0.616400003 0.778180003
vt 0.616400003 0.778180003
vt 0.616400003 0.778180003
vt 0.616400003 0.778180003
vt 0.616400003 0.778180003
vt 0.616400003 0.778180003
vt 0.616400003 0.778180003
vt 0.616400003 0.778180003
vt 0.616400003 0.778180003
vt 0.616400003 0.778180003
vt 0.616400003 0.778180003
vt 0.134892002 0.764813006
vt 0.134892002 0.764813006
vt 0.134892002 0.764813006
vt 0.134892002 0.764813006
vt 0.134892002 0.764813006
vt 0.134892002 0.764813006
vt 0.134892002 0.764813006
vt 0.134892002 0.764813006
vt 0.134892002 0.764813006
vt 0.134892002 0.764813006
vt 0.134892002 0.764813006
vt 0.134892002 0.764813006
vt 0.134892002 0.764813006
vt 0.134892002 0.764813006
vt 0.134892002 0.764813006
vt 0.134892002 0.764813006
vt 0.134892002 0.764813006
vt 0.134892002 0.764813006
vt 0.134892002 0.764813006
vt 0.134892002 0.764813006
vt 0.134892002 0.764813006
vt 0.134892002 0.764813006
vt 0.134892002 0.764813006
vt 0.134892002 0.764813006
vt 0.134892002 0.764813006
vt 0.134892002 0.764813006
vt 0.134892002 0.764813006
vt 0.134892002 0.764813006
vt 0.134892002 0.764813006
vt 0.134892002 0.764813006
vt 0.134892002 0.764813006
vt 0.134892002 0.764813006
vt 0.134892002 0.764813006
vt 0.134892002 0.764813006
vt 0.134892002 0.764813006
vt 0.134892002 0.764813006
vt 0.134892002 0.764813006
vt 0.904169023 0.674879014
vt 0.904169023 0.674879014
vt 0.904169023 0.674879014
vt 0.904169023 0.674879014
vt 0.616400003 0.778180003
vt 0.616400003 0.778180003
vt 0.616400003 0.778180003
vt 0.616400003 0.778180003
vt 0.134892002 0.764813006
vt 0.134892002 0.764813006
vt 0.134892002 0.764813006
vt 0.134892002 0.764813006
vt 0.134892002 0.764813006
vt 0.134892002 0.764813006
vt 0.134892002 0.764813006
vt 0.134892002 0.764813006
vt 0.134892002 0.764813006
vt 0.904169023 0.674879014
vt 0.904169023 0.674879014
vt 0.904169023 0.674879014
vt 0.904169023 0.674879014
vt 0.904169023 0.674879014
vt 0.904169023 0.674879014
vt 0.904169023 0.674879014
vt 0.904169023 0.674879014
vt 0.904169023 0.674879014
vt 0.904169023 0.674879014
vt 0.904169023 0.674879014
vt 0.904169023 0.674879014
vt 0.904169023 0.674879014
vt 0.904169023 0.674879014
vt 0.904169023 0.674879014
vt 0.904169023 0.674879014
vt 0.904169023 0.674879014
vt 0.904169023 0.674879014
vt 0.904169023 0.674879014
vt 0.904169023 0.674879014
vt 0.904169023 0.674879014
vt 0.904169023 0.674879014
vt 0.904169023 0.674879014
vt 0.904169023 0.674879014
vt 0.904169023 0.674879014
vt 0.904169023 0.674879014
vt 0.904169023 0.674879014
vt 0.904169023 0.674879014
vt 0.904169023 0.674879014
vt 0.904169023 0.674879014
vt 0.904169023 0.674879014
vt 0.904169023 0.674879014
vt 0.904169023 0.674879014
vt 0.904169023 0.674879014
vt 0.133439004 0.69936502
vt 0.133439004 0.69936502
vt 0.133439004 0.69936502
vt 0.133439004 0.69936502
vt 0.904169023 0.674879014
vt 0.904169023 0.674879014
vt 0.904169023 0.674879014
vt 0.904169023 0.674879014
vt 0.904169023 0.674879014
vt 0.904169023 0.674879014
vt 0.904169023 0.674879014
vt 0.904169023 0.674879014
vt 0.904169023 0.674879014
vt 0.904169023 0.674879014
vt 0.904169023 0.674879014
vt 0.904169023 0.674879014
vt 0.904169023 0.674879014
vt 0.904169023 0.674879014
vt 0.904169023 0.674879014
vt 0.904169023 0.674879014
vt 0.904169023 0.674879014
vt 0.904169023 0.674879014
vt 0.904169023 0.674879014
vt 0.904169023 0.674879014
vt 0.904169023 0.674879014
vt 0.904169023 0.674879014
vt 0.904169023 0.674879014
vt 0.640380979 0.75235498
vt 0.640380979 0.75235498
vt 0.640380979 0.75235498
vt 0.640380979 0.75235498
vt 0.640380979 0.75235498
vt 0.640380979 0.75235498
vt 0.640380979 0.75235498
vt 0.640380979 0.75235498
vt 0.640380979 0.75235498
vt 0.904169023 0.674879014
vt 0.904169023 0.674879014
vt 0.904169023 0.674879014
vt 0.904169023 0.674879014
vt 0.391036987 0.272224993
vt 0.391036987 0.272224993
vt 0.391036987 0.272224993
vt 0.391036987 0.272224993
vt 0.640380979 0.75235498
vt 0.640380979 0.75235498
vt 0.640380979 0.75235498
vt 0.640380979 0.75235498
vt 0.640380979 0.75235498
vt 0.640380979 0.75235498
vt 0.640380979 0.75235498
vt 0.640380979 0.75235498
vt 0.904169023 0.674879014
vt 0.904169023 0.674879014
vt 0.904169023 0.674879014
vt 0.904169023 0.674879014
vt 0.651449025 0.733907998
vt 0.651449025 0.733907998
vt 0.651449025 0.733907998
vt 0.651449025 0.733907998
vt 0.640380979 0.75235498
vt 0.640380979 0.75235498
vt 0.640380979 0.75235498
vt 0.640380979 0.75235498
vt 0.904169023 0.674879014
vt 0.904169023 0.674879014
vt 0.904169023 0.674879014
vt 0.904169023 0.674879014
vt 0.640380979 0.75235498
vt 0.640380979 0.75235498
vt 0.640380979 0.75235498
vt 0.640380979 0.75235498
vt 0.663810015 0.668240011
vt 0.663810015 0.668240011
vt 0.663810015 0.668240011
vt 0.663810015 0.668240011
vt 0.640380979 0.75235498
vt 0.640380979 0.75235498
vt 0.640380979 0.75235498
vt 0.640380979 0.75235498
vt 0.616400003 0.778180003
vt 0.616400003 0.778180003
vt 0.616400003 0.778180003
vt 0.616400003 0.778180003
vt 0.640380979 0.75235498
vt 0.640380979 0.75235498
vt 0.640380979 0.75235498
vt 0.640380979 0.75235498
vt 0.640380979 0.75235498
vt 0.640380979 0.75235498
vt 0.640380979 0.75235498
vt 0.640380979 0.75235498
vt 0.651449025 0.733907998
vt 0.651449025 0.733907998
vt 0.651449025 0.733907998
vt 0.651449025 0.733907998
vt 0.651449025 0.733907998
vt 0.651449025 0.733907998
vt 0.651449025 0.733907998
vt 0.651449025 0.733907998
vt 0.904169023 0.674879014
vt 0.904169023 0.674879014
vt 0.904169023 0.674879014
vt 0.904169023 0.674879014
vt 0.337853998 0.34652701
vt 0.337853998 0.34652701
vt 0.337853998 0.34652701
vt 0.337853998 0.34652701
vt 0.640380979 0.75235498
vt 0.640380979 0.75235498
vt 0.640380979 0.75235498
vt 0.640380979 0.75235498
vt 0.616400003 0.778180003
vt 0.616400003 0.778180003
vt 0.616400003 0.778180003
vt 0.616400003 0.778180003
vt 0.616400003 0.778180003
vt 0.616400003 0.778180003
vt 0.616400003 0.778180003
vt 0.616400003 0.778180003
vt 0.640380979 0.75235498
vt 0.640380979 0.75235498
vt 0.640380979 0.75235498
vt 0.640380979 0.75235498
vt 0.651449025 0.733907998
vt 0.651449025 0.733907998
vt 0.651449025 0.733907998
vt 0.651449025 0.733907998
vt 0.651449025 0.733907998
vt 0.651449025 0.733907998
vt 0.651449025 0.733907998
vt 0.651449025 0.733907998
vt 0.640380979 0.75235498
vt 0.640380979 0.75235498
vt 0.640380979 0.75235498
vt 0.640380979 0.75235498
vt 0.640380979 0.75235498
vt 0.640380979 0.75235498
vt 0.640380979 0.75235498
vt 0.640380979 0.75235498
vt 0.640380979 0.75235498
vt 0.640380979 0.75235498
vt 0.640380979 0.75235498
vt 0.640380979 0.75235498
vt 0.640380979 0.75235498
vt 0.640380979 0.75235498
vt 0.640380979 0.75235498
vt 0.640380979 0.75235498
vt 0.616400003 0.778180003
vt 0.616400003 0.778180003
vt 0.616400003 0.778180003
vt 0.616400003 0.778180003
vt 0.616400003 0.778180003
vt 0.616400003 0.778180003
vt 0.616400003 0.778180003
vt 0.616400003 0.778180003
vt 0.640380979 0.75235498
vt 0.640380979 0.75235498
vt 0.640380979 0.75235498
vt 0.640380979 0.75235498
vt 0.651449025 0.733907998
vt 0.651449025 0.733907998
vt 0.651449025 0.733907998
vt 0.651449025 0.733907998
vt 0.640380979 0.75235498
vt 0.640380979 0.75235498
vt 0.640380979 0.75235498
vt 0.640380979 0.75235498
vt 0.640380979 0.75235498
vt 0.640380979 0.75235498
vt 0.640380979 0.75235498
vt 0.640380979 0.75235498
vt 0.640380979 0.75235498
vt 0.640380979 0.75235498
vt 0.904169023 0.674879014
vt 0.904169023 0.674879014
vt 0.904169023 0.674879014
vt 0.904169023 0.674879014
vt 0.651449025 0.733907998
vt 0.651449025 0.733907998
vt 0.651449025 0.733907998
vt 0.651449025 0.733907998
vt 0.651449025 0.733907998
vt 0.663810015 0.668240011
vt 0.663810015 0.668240011
vt 0.663810015 0.668240011
vt 0.663810015 0.668240011
vt 0.118047997 0.728718996
vt 0.118047997 0.728718996
vt 0.118047997 0.728718996
vt 0.118047997 0.728718996
vt 0.616400003 0.778180003
vt 0.616400003 0.778180003
vt 0.616400003 0.778180003
vt 0.616400003 0.778180003
vt 0.616400003 0.778180003
vt 0.653070986 0.723764002
vt 0.653070986 0.723764002
vt 0.653070986 0.723764002
vt 0.653070986 0.723764002
vt 0.904169023 0.674879014
vt 0.904169023 0.674879014
vt 0.904169023 0.674879014
vt 0.904169023 0.674879014
vt 0.904169023 0.674879014
vt 0.904169023 0.674879014
vt 0.904169023 0.674879014
vt 0.904169023 0.674879014
vt 0.904169023 0.674879014
vt 0.904169023 0.674879014
vt 0.904169023 0.674879014
vt 0.904169023 0.674879014
vt 0.904169023 0.674879014
vt 0.904169023 0.674879014
vt 0.904169023 0.674879014
vt 0.904169023 0.674879014
vt 0.904169023 0.674879014
vt 0.904169023 0.674879014
vt 0.904169023 0.674879014
vt 0.904169023 0.674879014
vt 0.616400003 0.778180003
vt 0.616400003 0.778180003
vt 0.616400003 0.778180003
vt 0.616400003 0.778180003
vt 0.651449025 0.733907998
vt 0.651449025 0.733907998
vt 0.651449025 0.733907998
vt 0.651449025 0.733907998
vt 0.651449025 0.733907998
vt 0.640380979 0.75235498
vt 0.640380979 0.75235498
vt 0.640380979 0.75235498
vt 0.640380979 0.75235498
vt 0.651449025 0.733907998
vt 0.651449025 0.733907998
vt 0.651449025 0.733907998
vt 0.651449025 0.733907998
vt 0.651449025 0.733907998
vt 0.103837997 0.765127003
vt 0.103837997 0.765127003
vt 0.103837997 0.765127003
vt 0.103837997 0.765127003
vt 0.103837997 0.765127003
vt 0.103837997 0.765127003
vt 0.103837997 0.765127003
vt 0.103837997 0.765127003
vt 0.0982969999 0.764886975
vt 0.103837997 0.765127003
vt 0.904169023 0.674879014
vt 0.904169023 0.674879014
vt 0.904169023 0.674879014
vt 0.904169023 0.674879014
vt 0.904169023 0.674879014
vt 0.904169023 0.674879014
vt 0.904169023 0.674879014
vt 0.904169023 0.674879014
vt 0.904169023 0.674879014
vt 0.904169023 0.674879014
vt 0.904169023 0.674879014
vt 0.904169023 0.674879014
vt 0.904169023 0.674879014
vt 0.904169023 0.674879014
vt 0.904169023 0.674879014
vt 0.904169023 0.674879014
vt 0.904169023 0.674879014
vt 0.904169023 0.674879014
vt 0.904169023 0.674879014
vt 0.904169023 0.674879014
vt 0.904169023 0.674879014
vt 0.904169023 0.674879014
vt 0.904169023 0.674879014
vt 0.904169023 0.674879014
vt 0.904169023 0.674879014
vt 0.904169023 0.674879014
vt 0.640380979 0.75235498
vt 0.640380979 0.75235498
vt 0.640380979 0.75235498
vt 0.640380979 0.75235498
vt 0.134892002 0.764813006
vt 0.134892002 0.764813006
vt 0.134892002 0.764813006
vt 0.134892002 0.764813006
vt 0.134892002 0.764813006
vt 0.337853998 0.34652701
vt 0.367368996 0.195262998
vt 0.367368996 0.195262998
vt 0.367368996 0.195262998
vt 0.337853998 0.34652701
vt 0.337853998 0.34652701
vt 0.337853998 0.34652701
vt 0.337853998 0.34652701
vt 0.337853998 0.34652701
vt 0.337853998 0.34652701
vt 0.640380979 0.75235498
vt 0.640380979 0.75235498
vt 0.640380979 0.75235498
vt 0.640380979 0.75235498
vt 0.640380979 0.75235498
vt 0.651449025 0.733907998
vt 0.651449025 0.733907998
vt 0.651449025 0.733907998
vt 0.651449025 0.733907998
vt 0.651449025 0.733907998
vt 0.904169023 0.674879014
vt 0.904169023 0.674879014
vt 0.904169023 0.674879014
vt 0.904169023 0.674879014
vt 0.904169023 0.674879014
vt 0.904169023 0.674879014
vt 0.904169023 0.674879014
vt 0.904169023 0.674879014
vt 0.651449025 0.733907998
vt 0.651449025 0.733907998
vt 0.651449025 0.733907998
vt 0.651449025 0.733907998
vt 0.651449025 0.733907998
vt 0.651449025 0.733907998
vt 0.651449025 0.733907998
vt 0.651449025 0.733907998
vt 0.640380979 0.75235498
vt 0.640380979 0.75235498
vt 0.640380979 0.75235498
vt 0.640380979 0.75235498
vt 0.640380979 0.75235498
vt 0.640380979 0.75235498
vt 0.640380979 0.75235498
vt 0.640380979 0.75235498
vt 0.640380979 0.75235498
vt 0.640380979 0.75235498
vt 0.640380979 0.75235498
vt 0.640380979 0.75235498
vt 0.640380979 0.75235498
vt 0.640380979 0.75235498
vt 0.640380979 0.75235498
vt 0.640380979 0.75235498
vt 0.640380979 0.75235498
vt 0.640380979 0.75235498
vt 0.640380979 0.75235498
vt 0.640380979 0.75235498
vt 0.616400003 0.778180003
vt 0.616400003 0.778180003
vt 0.616400003 0.778180003
vt 0.616400003 0.778180003
vt 0.616400003 0.778180003
vt 0.616400003 0.778180003
vt 0.616400003 0.778180003
vt 0.616400003 0.778180003
vt 0.324941993 0.272740006
vt 0.324941993 0.272740006
vt 0.324941993 0.272740006
vt 0.324941993 0.272740006
vt 0.904169023 0.674879014
vt 0.904169023 0.674879014
vt 0.904169023 0.674879014
vt 0.904169023 0.674879014
vt 0.663810015 0.668240011
vt 0.663810015 0.668240011
vt 0.663810015 0.668240011
vt 0.663810015 0.668240011
vt 0.337853998 0.34652701
vt 0.337853998 0.34652701
vt 0.337853998 0.34652701
vt 0.337853998 0.34652701
vt 0.337853998 0.34652701
vt 0.337853998 0.34652701
vt 0.337853998 0.34652701
vt 0.337853998 0.34652701
vt 0.337853998 0.34652701
vt 0.337853998 0.34652701
vt 0.337853998 0.34652701
vt 0.337853998 0.34652701
vt 0.337853998 0.34652701
vt 0.337853998 0.34652701
vt 0.640380979 0.75235498
vt 0.640380979 0.75235498
vt 0.640380979 0.75235498
vt 0.640380979 0.75235498
vt 0.904169023 0.674879014
vt 0.904169023 0.674879014
vt 0.904169023 0.674879014
vt 0.904169023 0.674879014
vt 0.651449025 0.733907998
vt 0.651449025 0.733907998
vt 0.651449025 0.733907998
vt 0.651449025 0.733907998
vt 0.663810015 0.668240011
vt 0.663810015 0.668240011
vt 0.663810015 0.668240011
vt 0.663810015 0.668240011
vt 0.904169023 0.674879014
vt 0.904169023 0.674879014
vt 0.904169023 0.674879014
vt 0.904169023 0.674879014
vt 0.904169023 0.674879014
vt 0.904169023 0.674879014
vt 0.904169023 0.674879014
vt 0.904169023 0.674879014
vt 0.904169023 0.674879014
vt 0.904169023 0.674879014
vt 0.904169023 0.674879014
vt 0.904169023 0.674879014
vt 0.904169023 0.674879014
vt 0.904169023 0.674879014
vt 0.904169023 0.674879014
vt 0.904169023 0.674879014
vt 0.904169023 0.674879014
vt 0.640380979 0.75235498
vt 0.640380979 0.75235498
vt 0.640380979 0.75235498
vt 0.640380979 0.75235498
vt 0.640380979 0.75235498
vt 0.640380979 0.75235498
vt 0.640380979 0.75235498
vt 0.640380979 0.75235498
vt 0.640380979 0.75235498
vt 0.640380979 0.75235498
vt 0.640380979 0.75235498
vt 0.640380979 0.75235498
vt 0.640380979 0.75235498
vt 0.640380979 0.75235498
vt 0.640380979 0.75235498
vt 0.640380979 0.75235498
vt 0.640380979 0.75235498
vt 0.640380979 0.75235498
vt 0.640380979 0.75235498
vt 0.640380979 0.75235498
vt 0.651449025 0.733907998
vt 0.651449025 0.733907998
vt 0.651449025 0.733907998
vt 0.651449025 0.733907998
vt 0.651449025 0.733907998
vt 0.651449025 0.733907998
vt 0.651449025 0.733907998
vt 0.651449025 0.733907998
vt 0.640380979 0.75235498
vt 0.640380979 0.75235498
vt 0.640380979 0.75235498
vt 0.640380979 0.75235498
vt 0.640380979 0.75235498
vt 0.640380979 0.75235498
vt 0.640380979 0.75235498
vt 0.640380979 0.75235498
vt 0.640380979 0.75235498
vt 0.640380979 0.75235498
vt 0.640380979 0.75235498
vt 0.640380979 0.75235498
vt 0.640380979 0.75235498
vt 0.640380979 0.75235498
vt 0.640380979 0.75235498
vt 0.640380979 0.75235498
vt 0.640380979 0.75235498
vt 0.640380979 0.75235498
vt 0.640380979 0.75235498
vt 0.640380979 0.75235498
vt 0.616400003 0.778180003
vt 0.616400003 0.778180003
vt 0.616400003 0.778180003
vt 0.616400003 0.778180003
vt 0.616400003 0.778180003
vt 0.616400003 0.778180003
vt 0.616400003 0.778180003
vt 0.616400003 0.778180003
vt 0.640380979 0.75235498
vt 0.640380979 0.75235498
vt 0.640380979 0.75235498
vt 0.640380979 0.75235498
vt 0.640380979 0.75235498
vt 0.640380979 0.75235498
vt 0.640380979 0.75235498
vt 0.640380979 0.75235498
vt 0.616400003 0.778180003
vt 0.616400003 0.778180003
vt 0.616400003 0.778180003
vt 0.616400003 0.778180003
vt 0.640380979 0.75235498
vt 0.640380979 0.75235498
vt 0.640380979 0.75235498
vt 0.640380979 0.75235498
vt 0.640380979 0.75235498
vt 0.640380979 0.75235498
vt 0.640380979 0.75235498
vt 0.640380979 0.75235498
vt 0.640380979 0.75235498
vt 0.904169023 0.674879014
vt 0.904169023 0.674879014
vt 0.904169023 0.674879014
vt 0.904169023 0.674879014
vt 0.640380979 0.75235498
vt 0.640380979 0.75235498
vt 0.640380979 0.75235498
vt 0.640380979 0.75235498
vt 0.640380979 0.75235498
vt 0.904169023 0.674879014
vt 0.904169023 0.674879014
vt 0.904169023 0.674879014
vt 0.904169023 0.674879014
vt 0.640380979 0.75235498
vt 0.640380979 0.75235498
vt 0.640380979 0.75235498
vt 0.640380979 0.75235498
vt 0.134892002 0.764813006
vt 0.134892002 0.764813006
vt 0.134892002 0.764813006
vt 0.134892002 0.764813006
vt 0.134892002 0.764813006
vt 0.134892002 0.764813006
vt 0.134892002 0.764813006
vt 0.134892002 0.764813006
vt 0.134892002 0.764813006
vt 0.134892002 0.764813006
vt 0.134892002 0.764813006
vt 0.134892002 0.764813006
vt 0.134892002 0.764813006
vt 0.134892002 0.764813006
vt 0.134892002 0.764813006
vt 0.134892002 0.764813006
vt 0.134892002 0.764813006
vt 0.134892002 0.764813006
vt 0.134892002 0.764813006
vt 0.134892002 0.764813006
vt 0.134892002 0.764813006
vt 0.134892002 0.764813006
vt 0.134892002 0.764813006
vt 0.134892002 0.764813006
vt 0.134892002 0.764813006
vt 0.134892002 0.764813006
vt 0.134892002 0.764813006
vt 0.134892002 0.764813006
vt 0.134892002 0.764813006
vt 0.134892002 0.764813006
vt 0.134892002 0.764813006
vt 0.86174202 0.674879014
vt 0.86174202 0.674879014
vt 0.86174202 0.674879014
vt 0.86174202 0.674879014
vt 0.86174202 0.674879014
vt 0.86174202 0.674879014
vt 0.86174202 0.674879014
vt 0.86174202 0.674879014
vt 0.86174202 0.674879014
vt 0.86174202 0.674879014
vt 0.86174202 0.674879014
vt 0.86174202 0.674879014
vt 0.86174202 0.674879014
vt 0.86174202 0.674879014
vt 0.86174202 0.674879014
vt 0.86174202 0.674879014
vt 0.86174202 0.674879014
vt 0.86174202 0.674879014
vt 0.86174202 0.674879014
vt 0.86174202 0.674879014
vt 0.86174202 0.674879014
vt 0.86174202 0.674879014
vt 0.874499023 0.732047021
vt 0.86174202 0.674879014
vt 0.86174202 0.674879014
vt 0.874499023 0.732047021
vt 0.86174202 0.674879014
vt 0.86174202 0.674879014
vt 0.874499023 0.732465982
vt 0.874499023 0.732465982
vt 0.640380979 0.75235498
vt 0.640380979 0.75235498
vt 0.640380979 0.75235498
vt 0.640380979 0.75235498
vt 0.640380979 0.75235498
vt 0.640380979 0.75235498
vt 0.640380979 0.75235498
vt 0.640380979 0.75235498
vt 0.904169023 0.674879014
vt 0.904169023 0.674879014
vt 0.904169023 0.674879014
vt 0.904169023 0.674879014
vt 0.640380979 0.75235498
vt 0.640380979 0.75235498
vt 0.640380979 0.75235498
vt 0.640380979 0.75235498
vt 0.133439004 0.69936502
vt 0.133439004 0.69936502
vt 0.133439004 0.69936502
vt 0.133439004 0.69936502
vt 0.86174202 0.674879014
vt 0.86174202 0.674879014
vt 0.86174202 0.674879014
vt 0.86174202 0.674879014
vt 0.651449025 0.733907998
vt 0.651449025 0.733907998
vt 0.651449025 0.733907998
vt 0.651449025 0.733907998
vt 0.651449025 0.733907998
vt 0.904169023 0.674879014
vt 0.904169023 0.674879014
vt 0.904169023 0.674879014
vt 0.904169023 0.674879014
vt 0.904169023 0.674879014
vt 0.904169023 0.674879014
vt 0.904169023 0.674879014
vt 0.904169023 0.674879014
vt 0.324941993 0.272740006
vt 0.324941993 0.272740006
vt 0.324941993 0.272740006
vt 0.324941993 0.272740006
vt 0.651449025 0.733907998
vt 0.651449025 0.733907998
vt 0.651449025 0.733907998
vt 0.651449025 0.733907998
vt 0.133439004 0.69936502
vt 0.133439004 0.69936502
vt 0.133439004 0.69936502
vt 0.133439004 0.69936502
vt 0.904169023 0.674879014
vt 0.904169023 0.674879014
vt 0.904169023 0.674879014
vt 0.904169023 0.674879014
vt 0.640380979 0.75235498
vt 0.640380979 0.75235498
vt 0.640380979 0.75235498
vt 0.640380979 0.75235498
vt 0.904169023 0.674879014
vt 0.904169023 0.674879014
vt 0.904169023 0.674879014
vt 0.904169023 0.674879014
vt 0.146628007 0.767835021
vt 0.146628007 0.767835021
vt 0.146628007 0.767835021
vt 0.146628007 0.767835021
vt 0.146628007 0.767835021
vt 0.146628007 0.767835021
vt 0.146628007 0.767835021
vt 0.146628007 0.767835021
vt 0.146628007 0.767835021
vt 0.146628007 0.767835021
vt 0.133439004 0.69936502
vt 0.133439004 0.69936502
vt 0.133439004 0.69936502
vt 0.133439004 0.69936502
vt 0.0651220009 0.775942028
vt 0.0651220009 0.775942028
vt 0.0651220009 0.775942028
vt 0.0651220009 0.775942028
vt 0.0651220009 0.775942028
vt 0.061418999 0.771632016
vt 0.0651220009 0.775942028
vt 0.0651220009 0.775942028
vt 0.0667539984 0.775614977
vt 0.0667539984 0.775614977
vt 0.0667539984 0.775614977
vt 0.640380979 0.75235498
vt 0.640380979 0.75235498
vt 0.640380979 0.75235498
vt 0.640380979 0.75235498
vt 0.904169023 0.674879014
vt 0.904169023 0.674879014
vt 0.904169023 0.674879014
vt 0.904169023 0.674879014
vt 0.904169023 0.674879014
vt 0.904169023 0.674879014
vt 0.904169023 0.674879014
vt 0.904169023 0.674879014
vt 0.0685800016 0.773101985
vt 0.0685800016 0.773101985
vt 0.0685800016 0.773101985
vt 0.0685800016 0.773101985
vt 0.0685800016 0.773101985
vt 0.0685800016 0.773101985
vt 0.640380979 0.75235498
vt 0.640380979 0.75235498
vt 0.640380979 0.75235498
vt 0.640380979 0.75235498
vt 0.640380979 0.75235498
vt 0.118047997 0.728718996
vt 0.118047997 0.728718996
vt 0.118047997 0.728718996
vt 0.118047997 0.728718996
vt 0.640380979 0.75235498
vt 0.640380979 0.75235498
vt 0.640380979 0.75235498
vt 0.640380979 0.75235498
vt 0.663810015 0.668240011
vt 0.663810015 0.668240011
vt 0.663810015 0.668240011
vt 0.663810015 0.668240011
vt 0.616400003 0.778180003
vt 0.616400003 0.778180003
vt 0.616400003 0.778180003
vt 0.616400003 0.778180003
vt 0.616400003 0.778180003
vt 0.616400003 0.778180003
vt 0.616400003 0.778180003
vt 0.616400003 0.778180003
vt 0.640380979 0.75235498
vt 0.640380979 0.75235498
vt 0.640380979 0.75235498
vt 0.640380979 0.75235498
vt 0.640380979 0.75235498
vt 0.640380979 0.75235498
vt 0.640380979 0.75235498
vt 0.640380979 0.75235498
vt 0.640380979 0.75235498
vt 0.640380979 0.75235498
vt 0.640380979 0.75235498
vt 0.640380979 0.75235498
vt 0.640380979 0.75235498
vt 0.640380979 0.75235498
vt 0.640380979 0.75235498
vt 0.640380979 0.75235498
vt 0.640380979 0.75235498
vt 0.640380979 0.75235498
vt 0.640380979 0.75235498
vt 0.640380979 0.75235498
vt 0.651449025 0.733907998
vt 0.651449025 0.733907998
vt 0.651449025 0.733907998
vt 0.651449025 0.733907998
vt 0.651449025 0.733907998
vt 0.651449025 0.733907998
vt 0.651449025 0.733907998
vt 0.651449025 0.733907998
vt 0.631709993 0.677828014
vt 0.631709993 0.677828014
vt 0.631709993 0.677828014
vt 0.631709993 0.677828014
vt 0.596915007 0.720071971
vt 0.639295995 0.751706004
vt 0.639295995 0.751706004
vt 0.639295995 0.751706004
vt 0.118047997 0.728718996
vt 0.118047997 0.728718996
vt 0.118047997 0.728718996
vt 0.118047997 0.728718996
vt 0.0754709989 0.723169029
vt 0.0787800029 0.727020025
vt 0.0754709989 0.723169029
vt 0.0787800029 0.727020025
vt 0.360900998 0.680800974
vt 0.360900998 0.680800974
vt 0.360900998 0.680800974
vt 0.325596005 0.639714003
vt 0.640380979 0.75235498
vt 0.640380979 0.75235498
vt 0.640380979 0.75235498
vt 0.640380979 0.75235498
vt 0.655727029 0.718742013
vt 0.584080994 0.718742013
vt 0.584080994 0.790387988
vt 0.655727029 0.790387988
vt 0.584080994 0.718742013
vt 0.584080994 0.790387988
vt 0.655727029 0.790387988
vt 0.655727029 0.718742013
vt 0.655727029 0.718742013
vt 0.584080994 0.718742013
vt 0.584080994 0.790387988
vt 0.655727029 0.790387988
vt 0.655727029 0.790387988
vt 0.584080994 0.790387988
vt 0.655727029 0.790387988
vt 0.655727029 0.718742013
vt 0.584080994 0.718742013
vt 0.584080994 0.790387988
vt 0.655727029 0.790387988
vt 0.655727029 0.718742013
vt 0.584080994 0.718742013
vt 0.584080994 0.790387988
vt 0.655727029 0.790387988
vt 0.655727029 0.718742013
vt 0.584080994 0.718742013
vt 0.584080994 0.790387988
vt 0.655727029 0.790387988
vt 0.655727029 0.718742013
vt 0.584080994 0.718742013
vt 0.584080994 0.790387988
vt 0.655727029 0.790387988
vt 0.655727029 0.718742013
vt 0.655727029 0.718742013
vt 0.584080994 0.718742013
vt 0.584080994 0.790387988
vt 0.655727029 0.790387988
vt 0.584080994 0.718742013
vt 0.584080994 0.790387988
vt 0.655727029 0.790387988
vt 0.655727029 0.718742013
vt 0.584080994 0.718742013
vt 0.584080994 0.790387988
vt 0.655727029 0.790387988
vt 0.655727029 0.718742013
vt 0.584080994 0.718742013
vt 0.584080994 0.790387988
vt 0.655727029 0.790387988
vt 0.655727029 0.718742013
vt 0.584080994 0.790387988
vt 0.655727029 0.790387988
vt 0.584080994 0.718742013
vt 0.655727029 0.718742013
vt 0.584080994 0.790387988
vt 0.655727029 0.790387988
vt 0.655727029 0.718742013
vt 0.584080994 0.718742013
vt 0.584080994 0.718742013
vt 0.584080994 0.790387988
vt 0.655727029 0.790387988
vt 0.655727029 0.718742013
vt 0.655727029 0.718742013
vt 0.655727029 0.718742013
vt 0.584080994 0.790387988
vt 0.655727029 0.718742013
vt 0.584080994 0.718742013
vt 0.584080994 0.790387988
vt 0.655727029 0.790387988
vt 0.655727029 0.718742013
vt 0.584080994 0.790387988
vt 0.584080994 0.718742013
vt 0.584080994 0.790387988
vt 0.655727029 0.790387988
vt 0.584080994 0.790387988
vt 0.655727029 0.718742013
vt 0.655727029 0.718742013
vt 0.584080994 0.790387988
vt 0.655727029 0.718742013
vt 0.655727029 0.718742013
vt 0.584080994 0.718742013
vt 0.584080994 0.790387988
vt 0.655727029 0.790387988
vt 0.655727029 0.718742013
vt 0.584080994 0.718742013
vt 0.584080994 0.790387988
vt 0.655727029 0.790387988
vt 0.655727029 0.718742013
vt 0.584080994 0.718742013
vt 0.584080994 0.790387988
vt 0.655727029 0.790387988
vt 0.655727029 0.790387988
vt 0.655727029 0.790387988
vt 0.584080994 0.718742013
vt 0.584080994 0.790387988
vt 0.655727029 0.790387988
vt 0.655727029 0.718742013
vt 0.584080994 0.718742013
vt 0.584080994 0.790387988
vt 0.655727029 0.790387988
vt 0.655727029 0.718742013
vt 0.584080994 0.718742013
vt 0.584080994 0.790387988
vt 0.655727029 0.790387988
vt 0.655727029 0.718742013
vt 0.584080994 0.718742013
vt 0.584080994 0.790387988
vt 0.655727029 0.790387988
vt 0.655727029 0.718742013
vt 0.584080994 0.718742013
vt 0.584080994 0.790387988
vt 0.655727029 0.790387988
vt 0.655727029 0.718742013
vt 0.655727029 0.718742013
vt 0.584080994 0.718742013
vt 0.655727029 0.790387988
vt 0.584080994 0.790387988
vt 0.584080994 0.718742013
vt 0.584080994 0.790387988
vt 0.655727029 0.790387988
vt 0.655727029 0.718742013
vt 0.584080994 0.718742013
vt 0.584080994 0.790387988
vt 0.655727029 0.790387988
vt 0.655727029 0.718742013
vt 0.655727029 0.790387988
vt 0.584080994 0.790387988
vt 0.655727029 0.790387988
vt 0.655727029 0.718742013
vt 0.584080994 0.718742013
vt 0.584080994 0.790387988
vt 0.655727029 0.790387988
vt 0.655727029 0.718742013
vt 0.584080994 0.718742013
vt 0.584080994 0.790387988
vt 0.655727029 0.790387988
vt 0.655727029 0.718742013
vt 0.584080994 0.718742013
vt 0.584080994 0.790387988
vt 0.655727029 0.790387988
vt 0.655727029 0.718742013
vt 0.584080994 0.718742013
vt 0.584080994 0.790387988
vt 0.655727029 0.790387988
vt 0.655727029 0.718742013
vt 0.655727029 0.718742013
vt 0.584080994 0.718742013
vt 0.584080994 0.790387988
vt 0.655727029 0.790387988
vt 0.655727029 0.718742013
vt 0.584080994 0.718742013
vt 0.584080994 0.790387988
vt 0.655727029 0.790387988
vt 0.584080994 0.718742013
vt 0.584080994 0.790387988
vt 0.655727029 0.790387988
vt 0.655727029 0.718742013
vt 0.655727029 0.718742013
vt 0.584080994 0.718742013
vt 0.584080994 0.790387988
vt 0.584080994 0.790387988
vt 0.655727029 0.790387988
vt 0.584080994 0.718742013
vt 0.584080994 0.790387988
vt 0.655727029 0.790387988
vt 0.655727029 0.718742013
vt 0.584080994 0.718742013
vt 0.584080994 0.790387988
vt 0.655727029 0.790387988
vt 0.655727029 0.718742013
vt 0.584080994 0.718742013
vt 0.584080994 0.790387988
vt 0.655727029 0.790387988
vt 0.655727029 0.718742013
vt 0.584080994 0.718742013
vt 0.584080994 0.790387988
vt 0.655727029 0.790387988
vt 0.655727029 0.718742013
vt 0.655727029 0.790387988
vt 0.584080994 0.790387988
vt 0.655727029 0.790387988
vt 0.655727029 0.718742013
vt 0.655727029 0.718742013
vt 0.584080994 0.718742013
vt 0.584080994 0.790387988
vt 0.655727029 0.790387988
vt 0.655727029 0.718742013
vt 0.584080994 0.718742013
vt 0.584080994 0.790387988
vt 0.655727029 0.790387988
vt 0.584080994 0.718742013
vt 0.584080994 0.790387988
vt 0.655727029 0.790387988
vt 0.655727029 0.718742013
vt 0.584080994 0.718742013
vt 0.584080994 0.790387988
vt 0.655727029 0.790387988
vt 0.655727029 0.718742013
vt 0.584080994 0.718742013
vt 0.584080994 0.790387988
vt 0.655727029 0.790387988
vt 0.655727029 0.718742013
vt 0.584080994 0.718742013
vt 0.584080994 0.790387988
vt 0.655727029 0.790387988
vt 0.655727029 0.718742013
vt 0.584080994 0.718742013
vt 0.584080994 0.790387988
vt 0.655727029 0.790387988
vt 0.655727029 0.718742013
vt 0.655727029 0.718742013
vt 0.584080994 0.718742013
vt 0.584080994 0.790387988
vt 0.655727029 0.790387988
vt 0.655727029 0.790387988
vt 0.655727029 0.718742013
vt 0.584080994 0.718742013
vt 0.584080994 0.790387988
vt 0.584080994 0.790387988
vt 0.655727029 0.790387988
vt 0.655727029 0.790387988
vt 0.655727029 0.790387988
vt 0.584080994 0.718742013
vt 0.584080994 0.790387988
vt 0.655727029 0.790387988
vt 0.655727029 0.718742013
vt 0.655727029 0.718742013
vt 0.584080994 0.718742013
vt 0.584080994 0.790387988
vt 0.655727029 0.790387988
vt 0.655727029 0.790387988
vt 0.655727029 0.718742013
vt 0.584080994 0.790387988
vt 0.584080994 0.718742013
vt 0.584080994 0.718742013
vt 0.584080994 0.790387988
vt 0.655727029 0.790387988
vt 0.655727029 0.718742013
vt 0.655727029 0.718742013
vt 0.584080994 0.718742013
vt 0.584080994 0.790387988
vt 0.655727029 0.790387988
vt 0.584080994 0.718742013
vt 0.584080994 0.790387988
vt 0.655727029 0.790387988
vt 0.655727029 0.718742013
vt 0.584080994 0.718742013
vt 0.584080994 0.790387988
vt 0.655727029 0.790387988
vt 0.655727029 0.718742013
vt 0.584080994 0.718742013
vt 0.584080994 0.790387988
vt 0.655727029 0.790387988
vt 0.655727029 0.718742013
vt 0.655727029 0.718742013
vt 0.584080994 0.718742013
vt 0.584080994 0.790387988
vt 0.655727029 0.790387988
vt 0.584080994 0.718742013
vt 0.584080994 0.790387988
vt 0.655727029 0.790387988
vt 0.655727029 0.718742013
vt 0.584080994 0.718742013
vt 0.584080994 0.790387988
vt 0.655727029 0.790387988
vt 0.655727029 0.718742013
vt 0.584080994 0.718742013
vt 0.584080994 0.790387988
vt 0.655727029 0.790387988
vt 0.655727029 0.718742013
vt 0.584080994 0.718742013
vt 0.584080994 0.790387988
vt 0.655727029 0.790387988
vt 0.655727029 0.718742013
vt 0.655727029 0.790387988
vt 0.584080994 0.790387988
vt 0.655727029 0.790387988
vt 0.655727029 0.718742013
vt 0.584080994 0.718742013
vt 0.584080994 0.790387988
vt 0.655727029 0.790387988
vt 0.655727029 0.718742013
vt 0.655727029 0.718742013
vt 0.584080994 0.718742013
vt 0.584080994 0.790387988
vt 0.655727029 0.790387988
vt 0.584080994 0.718742013
vt 0.584080994 0.790387988
vt 0.655727029 0.790387988
vt 0.655727029 0.718742013
vt 0.584080994 0.718742013
vt 0.584080994 0.790387988
vt 0.655727029 0.790387988
vt 0.655727029 0.718742013
vt 0.655727029 0.718742013
vt 0.584080994 0.718742013
vt 0.584080994 0.790387988
vt 0.584080994 0.790387988
vt 0.655727029 0.790387988
vt 0.584080994 0.718742013
vt 0.584080994 0.790387988
vt 0.655727029 0.790387988
vt 0.655727029 0.718742013
vt 0.584080994 0.718742013
vt 0.584080994 0.790387988
vt 0.655727029 0.790387988
vt 0.655727029 0.718742013
vt 0.584080994 0.718742013
vt 0.584080994 0.790387988
vt 0.655727029 0.790387988
vt 0.655727029 0.718742013
vt 0.655727029 0.718742013
vt 0.584080994 0.718742013
vt 0.584080994 0.790387988
vt 0.655727029 0.790387988
vt 0.584080994 0.718742013
vt 0.584080994 0.790387988
vt 0.655727029 0.790387988
vt 0.655727029 0.718742013
vt 0.655727029 0.718742013
vt 0.584080994 0.718742013
vt 0.584080994 0.790387988
vt 0.655727029 0.790387988
vt 0.584080994 0.718742013
vt 0.584080994 0.790387988
vt 0.655727029 0.790387988
vt 0.655727029 0.718742013
vt 0.584080994 0.718742013
vt 0.584080994 0.790387988
vt 0.655727029 0.790387988
vt 0.655727029 0.718742013
vt 0.655727029 0.718742013
vt 0.584080994 0.718742013
vt 0.584080994 0.790387988
vt 0.584080994 0.790387988
vt 0.655727029 0.790387988
vt 0.655727029 0.718742013
vt 0.584080994 0.718742013
vt 0.584080994 0.790387988
vt 0.655727029 0.790387988
vt 0.655727029 0.718742013
vt 0.655727029 0.718742013
vt 0.584080994 0.790387988
vt 0.655727029 0.718742013
vt 0.584080994 0.718742013
vt 0.584080994 0.718742013
vt 0.584080994 0.790387988
vt 0.655727029 0.718742013
vt 0.655727029 0.790387988
vt 0.655727029 0.718742013
vt 0.584080994 0.718742013
vt 0.584080994 0.718742013
vt 0.584080994 0.790387988
vt 0.655727029 0.790387988
vt 0.655727029 0.718742013
vt 0.655727029 0.718742013
vt 0.655727029 0.718742013
vt 0.584080994 0.718742013
vt 0.655727029 0.790387988
vt 0.584080994 0.790387988
vt 0.584080994 0.790387988
vt 0.655727029 0.790387988
vt 0.655727029 0.790387988
vt 0.584080994 0.718742013
vt 0.584080994 0.790387988
vt 0.655727029 0.718742013
vt 0.584080994 0.718742013
vt 0.584080994 0.790387988
vt 0.655727029 0.790387988
vt 0.655727029 0.718742013
vt 0.584080994 0.790387988
vt 0.655727029 0.790387988
vt 0.584080994 0.718742013
vt 0.655727029 0.718742013
vt 0.584080994 0.718742013
vt 0.584080994 0.790387988
vt 0.655727029 0.790387988
vt 0.655727029 0.718742013
vt 0.584080994 0.718742013
vt 0.584080994 0.790387988
vt 0.655727029 0.790387988
vt 0.655727029 0.718742013
vt 0.584080994 0.790387988
vt 0.655727029 0.790387988
vt 0.655727029 0.718742013
vt 0.584080994 0.718742013
vt 0.584080994 0.718742013
vt 0.584080994 0.790387988
vt 0.655727029 0.790387988
vt 0.655727029 0.718742013
vt 0.584080994 0.718742013
vt 0.584080994 0.790387988
vt 0.655727029 0.790387988
vt 0.655727029 0.718742013
vt 0.655727029 0.790387988
vt 0.655727029 0.790387988
vt 0.655727029 0.718742013
vt 0.584080994 0.718742013
vt 0.584080994 0.718742013
vt 0.584080994 0.790387988
vt 0.655727029 0.790387988
vt 0.655727029 0.718742013
vt 0.655727029 0.718742013
vt 0.584080994 0.718742013
vt 0.655727029 0.790387988
vt 0.584080994 0.790387988
vt 0.584080994 0.718742013
vt 0.584080994 0.790387988
vt 0.655727029 0.790387988
vt 0.655727029 0.718742013
vt 0.584080994 0.718742013
vt 0.584080994 0.790387988
vt 0.655727029 0.790387988
vt 0.655727029 0.718742013
vt 0.584080994 0.718742013
vt 0.584080994 0.790387988
vt 0.655727029 0.790387988
vt 0.655727029 0.718742013
vt 0.584080994 0.718742013
vt 0.584080994 0.790387988
vt 0.655727029 0.790387988
vt 0.655727029 0.718742013
vt 0.655727029 0.718742013
vt 0.584080994 0.718742013
vt 0.584080994 0.790387988
vt 0.655727029 0.790387988
vt 0.584080994 0.718742013
vt 0.584080994 0.790387988
vt 0.655727029 0.790387988
vt 0.655727029 0.718742013
vt 0.655727029 0.790387988
vt 0.655727029 0.790387988
vt 0.584080994 0.718742013
vt 0.584080994 0.718742013
vt 0.655727029 0.718742013
vt 0.655727029 0.718742013
vt 0.584080994 0.790387988
vt 0.655727029 0.718742013
vt 0.584080994 0.718742013
vt 0.584080994 0.790387988
vt 0.655727029 0.790387988
vt 0.655727029 0.718742013
vt 0.584080994 0.718742013
vt 0.584080994 0.718742013
vt 0.655727029 0.790387988
vt 0.584080994 0.718742013
vt 0.655727029 0.790387988
vt 0.584080994 0.790387988
vt 0.655727029 0.790387988
vt 0.655727029 0.718742013
vt 0.655727029 0.790387988
vt 0.655727029 0.790387988
vt 0.655727029 0.718742013
vt 0.584080994 0.718742013
vt 0.584080994 0.790387988
vt 0.584080994 0.718742013
vt 0.584080994 0.790387988
vt 0.655727029 0.790387988
vt 0.655727029 0.718742013
vt 0.584080994 0.790387988
vt 0.655727029 0.790387988
vt 0.655727029 0.718742013
vt 0.584080994 0.718742013
vt 0.655727029 0.718742013
vt 0.655727029 0.790387988
vt 0.655727029 0.718742013
vt 0.584080994 0.718742013
vt 0.584080994 0.718742013
vt 0.584080994 0.790387988
vt 0.655727029 0.790387988
vt 0.655727029 0.718742013
vt 0.584080994 0.718742013
vt 0.584080994 0.790387988
vt 0.655727029 0.790387988
vt 0.655727029 0.718742013
vt 0.584080994 0.718742013
vt 0.584080994 0.718742013
vt 0.584080994 0.790387988
vt 0.655727029 0.790387988
vt 0.655727029 0.718742013
vt 0.655727029 0.718742013
vt 0.584080994 0.718742013
vt 0.584080994 0.790387988
vt 0.655727029 0.790387988
vt 0.584080994 0.718742013
vt 0.584080994 0.790387988
vt 0.655727029 0.790387988
vt 0.655727029 0.718742013
vt 0.584080994 0.790387988
vt 0.655727029 0.790387988
vt 0.655727029 0.718742013
vt 0.584080994 0.718742013
vt 0.655727029 0.718742013
vt 0.584080994 0.718742013
vt 0.655727029 0.790387988
vt 0.584080994 0.790387988
vt 0.584080994 0.718742013
vt 0.584080994 0.790387988
vt 0.655727029 0.790387988
vt 0.655727029 0.718742013
vt 0.655727029 0.718742013
vt 0.584080994 0.718742013
vt 0.584080994 0.790387988
vt 0.655727029 0.790387988
vt 0.584080994 0.790387988
vt 0.655727029 0.790387988
vt 0.655727029 0.718742013
vt 0.584080994 0.718742013
vt 0.655727029 0.718742013
vt 0.655727029 0.790387988
vt 0.655727029 0.718742013
vt 0.584080994 0.718742013
vt 0.584080994 0.718742013
vt 0.584080994 0.790387988
vt 0.655727029 0.790387988
vt 0.655727029 0.718742013
vt 0.584080994 0.718742013
vt 0.584080994 0.790387988
vt 0.655727029 0.790387988
vt 0.655727029 0.718742013
vt 0.655727029 0.718742013
vt 0.584080994 0.718742013
vt 0.584080994 0.790387988
vt 0.655727029 0.790387988
vt 0.584080994 0.718742013
vt 0.584080994 0.790387988
vt 0.655727029 0.790387988
vt 0.655727029 0.718742013
vt 0.584080994 0.790387988
vt 0.655727029 0.790387988
vt 0.655727029 0.718742013
vt 0.584080994 0.718742013
vt 0.584080994 0.718742013
vt 0.584080994 0.790387988
vt 0.655727029 0.790387988
vt 0.655727029 0.718742013
vt 0.584080994 0.718742013
vt 0.584080994 0.790387988
vt 0.655727029 0.790387988
vt 0.655727029 0.718742013
vt 0.655727029 0.790387988
vt 0.584080994 0.718742013
vt 0.584080994 0.790387988
vt 0.584080994 0.718742013
vt 0.584080994 0.718742013
vt 0.584080994 0.790387988
vt 0.584080994 0.718742013
vt 0.584080994 0.718742013
vt 0.584080994 0.790387988
vt 0.655727029 0.790387988
vt 0.655727029 0.718742013
vt 0.584080994 0.718742013
vt 0.584080994 0.790387988
vt 0.655727029 0.718742013
vt 0.655727029 0.790387988
vt 0.584080994 0.718742013
vt 0.584080994 0.790387988
vt 0.655727029 0.790387988
vt 0.655727029 0.718742013
vt 0.584080994 0.718742013
vt 0.584080994 0.790387988
vt 0.655727029 0.790387988
vt 0.655727029 0.718742013
vt 0.584080994 0.790387988
vt 0.584080994 0.718742013
vt 0.584080994 0.790387988
vt 0.655727029 0.790387988
vt 0.584080994 0.790387988
vt 0.655727029 0.718742013
vt 0.584080994 0.718742013
vt 0.584080994 0.790387988
vt 0.655727029 0.790387988
vt 0.655727029 0.790387988
vt 0.655727029 0.718742013
vt 0.655727029 0.790387988
vt 0.584080994 0.718742013
vt 0.584080994 0.718742013
vt 0.584080994 0.790387988
vt 0.655727029 0.718742013
vt 0.655727029 0.718742013
vt 0.584080994 0.718742013
vt 0.584080994 0.790387988
vt 0.655727029 0.790387988
vt 0.584080994 0.718742013
vt 0.584080994 0.790387988
vt 0.655727029 0.790387988
vt 0.655727029 0.718742013
vt 0.584080994 0.718742013
vt 0.584080994 0.790387988
vt 0.655727029 0.790387988
vt 0.655727029 0.718742013
vt 0.655727029 0.718742013
vt 0.584080994 0.718742013
vt 0.584080994 0.790387988
vt 0.655727029 0.790387988
vt 0.655727029 0.718742013
vt 0.584080994 0.718742013
vt 0.584080994 0.790387988
vt 0.655727029 0.790387988
vt 0.584080994 0.718742013
vt 0.584080994 0.790387988
vt 0.655727029 0.790387988
vt 0.655727029 0.718742013
vt 0.655727029 0.718742013
vt 0.584080994 0.718742013
vt 0.584080994 0.790387988
vt 0.655727029 0.718742013
vt 0.655727029 0.790387988
vt 0.584080994 0.718742013
vt 0.584080994 0.790387988
vt 0.655727029 0.790387988
vt 0.655727029 0.718742013
vt 0.584080994 0.718742013
vt 0.584080994 0.790387988
vt 0.655727029 0.790387988
vt 0.655727029 0.718742013
vt 0.584080994 0.718742013
vt 0.584080994 0.790387988
vt 0.655727029 0.790387988
vt 0.655727029 0.718742013
vt 0.584080994 0.718742013
vt 0.584080994 0.790387988
vt 0.655727029 0.790387988
vt 0.655727029 0.718742013
vt 0.584080994 0.718742013
vt 0.584080994 0.790387988
vt 0.655727029 0.790387988
vt 0.655727029 0.718742013
vt 0.655727029 0.790387988
vt 0.655727029 0.718742013
vt 0.584080994 0.790387988
vt 0.584080994 0.718742013
vt 0.584080994 0.718742013
vt 0.584080994 0.790387988
vt 0.655727029 0.790387988
vt 0.655727029 0.718742013
vt 0.584080994 0.718742013
vt 0.584080994 0.790387988
vt 0.655727029 0.718742013
vt 0.655727029 0.790387988
vt 0.655727029 0.718742013
vt 0.584080994 0.718742013
vt 0.584080994 0.790387988
vt 0.584080994 0.790387988
vt 0.655727029 0.790387988
vt 0.655727029 0.718742013
vt 0.584080994 0.718742013
vt 0.584080994 0.790387988
vt 0.655727029 0.790387988
vt 0.584080994 0.718742013
vt 0.584080994 0.790387988
vt 0.655727029 0.790387988
vt 0.655727029 0.718742013
vt 0.584080994 0.718742013
vt 0.584080994 0.790387988
vt 0.655727029 0.790387988
vt 0.655727029 0.718742013
vt 0.584080994 0.718742013
vt 0.584080994 0.790387988
vt 0.655727029 0.790387988
vt 0.655727029 0.718742013
vt 0.655727029 0.790387988
vt 0.584080994 0.790387988
vt 0.655727029 0.790387988
vt 0.655727029 0.718742013
vt 0.584080994 0.718742013
vt 0.584080994 0.790387988
vt 0.655727029 0.790387988
vt 0.655727029 0.718742013
vt 0.584080994 0.718742013
vt 0.584080994 0.790387988
vt 0.655727029 0.790387988
vt 0.655727029 0.718742013
vt 0.655727029 0.718742013
vt 0.584080994 0.718742013
vt 0.584080994 0.790387988
vt 0.655727029 0.790387988
vt 0.584080994 0.718742013
vt 0.584080994 0.790387988
vt 0.655727029 0.790387988
vt 0.655727029 0.718742013
vt 0.655727029 0.790387988
vt 0.655727029 0.718742013
vt 0.584080994 0.790387988
vt 0.584080994 0.718742013
vt 0.584080994 0.718742013
vt 0.584080994 0.790387988
vt 0.655727029 0.790387988
vt 0.655727029 0.718742013
vt 0.584080994 0.790387988
vt 0.655727029 0.790387988
vt 0.655727029 0.790387988
vt 0.584080994 0.790387988
vt 0.584080994 0.718742013
vt 0.584080994 0.790387988
vt 0.655727029 0.790387988
vt 0.655727029 0.718742013
vt 0.584080994 0.718742013
vt 0.584080994 0.790387988
vt 0.655727029 0.790387988
vt 0.655727029 0.718742013
vt 0.655727029 0.718742013
vt 0.655727029 0.718742013
vt 0.584080994 0.718742013
vt 0.655727029 0.790387988
vt 0.584080994 0.790387988
vt 0.584080994 0.790387988
vt 0.655727029 0.790387988
vt 0.655727029 0.790387988
vt 0.584080994 0.718742013
vt 0.584080994 0.790387988
vt 0.655727029 0.718742013
vt 0.655727029 0.790387988
vt 0.655727029 0.718742013
vt 0.584080994 0.790387988
vt 0.584080994 0.718742013
vt 0.584080994 0.718742013
vt 0.584080994 0.790387988
vt 0.655727029 0.790387988
vt 0.655727029 0.718742013
vt 0.584080994 0.718742013
vt 0.584080994 0.790387988
vt 0.655727029 0.790387988
vt 0.655727029 0.718742013
vt 0.584080994 0.718742013
vt 0.584080994 0.790387988
vt 0.655727029 0.790387988
vt 0.655727029 0.718742013
vt 0.584080994 0.718742013
vt 0.584080994 0.790387988
vt 0.655727029 0.790387988
vt 0.655727029 0.718742013
vt 0.655727029 0.790387988
vt 0.655727029 0.718742013
vt 0.584080994 0.790387988
vt 0.584080994 0.718742013
vt 0.655727029 0.718742013
vt 0.655727029 0.718742013
vt 0.584080994 0.718742013
vt 0.655727029 0.790387988
vt 0.655727029 0.718742013
vt 0.584080994 0.718742013
vt 0.655727029 0.790387988
vt 0.584080994 0.790387988
vt 0.655727029 0.790387988
vt 0.655727029 0.718742013
vt 0.655727029 0.790387988
vt 0.584080994 0.718742013
vt 0.584080994 0.718742013
vt 0.584080994 0.790387988
vt 0.655727029 0.718742013
vt 0.655727029 0.790387988
vt 0.655727029 0.790387988
vt 0.655727029 0.718742013
vt 0.584080994 0.718742013
vt 0.584080994 0.718742013
vt 0.584080994 0.790387988
vt 0.655727029 0.790387988
vt 0.655727029 0.718742013
vt 0.655727029 0.718742013
vt 0.584080994 0.718742013
vt 0.584080994 0.790387988
vt 0.655727029 0.790387988
vt 0.584080994 0.718742013
vt 0.584080994 0.790387988
vt 0.655727029 0.790387988
vt 0.655727029 0.718742013
vt 0.584080994 0.718742013
vt 0.584080994 0.790387988
vt 0.655727029 0.790387988
vt 0.655727029 0.718742013
vt 0.584080994 0.718742013
vt 0.584080994 0.790387988
vt 0.655727029 0.790387988
vt 0.655727029 0.718742013
vt 0.584080994 0.718742013
vt 0.584080994 0.790387988
vt 0.655727029 0.790387988
vt 0.655727029 0.718742013
vt 0.584080994 0.790387988
vt 0.655727029 0.790387988
vt 0.655727029 0.718742013
vt 0.584080994 0.718742013
vt 0.584080994 0.718742013
vt 0.584080994 0.790387988
vt 0.655727029 0.790387988
vt 0.655727029 0.718742013
vt 0.584080994 0.718742013
vt 0.584080994 0.790387988
vt 0.655727029 0.790387988
vt 0.655727029 0.718742013
vt 0.655727029 0.718742013
vt 0.655727029 0.790387988
vt 0.655727029 0.718742013
vt 0.584080994 0.718742013
vt 0.584080994 0.718742013
vt 0.584080994 0.790387988
vt 0.655727029 0.718742013
vt 0.655727029 0.790387988
vt 0.584080994 0.718742013
vt 0.584080994 0.790387988
vt 0.655727029 0.790387988
vt 0.655727029 0.718742013
vt 0.584080994 0.718742013
vt 0.584080994 0.790387988
vt 0.655727029 0.790387988
vt 0.655727029 0.718742013
vt 0.584080994 0.718742013
vt 0.584080994 0.790387988
vt 0.655727029 0.790387988
vt 0.655727029 0.718742013
vt 0.584080994 0.790387988
vt 0.655727029 0.790387988
vt 0.655727029 0.718742013
vt 0.584080994 0.718742013
vt 0.584080994 0.718742013
vt 0.584080994 0.790387988
vt 0.655727029 0.790387988
vt 0.655727029 0.718742013
vt 0.584080994 0.718742013
vt 0.584080994 0.790387988
vt 0.655727029 0.790387988
vt 0.655727029 0.718742013
vt 0.584080994 0.718742013
vt 0.584080994 0.790387988
vt 0.655727029 0.790387988
vt 0.655727029 0.718742013
vt 0.655727029 0.718742013
vt 0.584080994 0.718742013
vt 0.584080994 0.790387988
vt 0.655727029 0.790387988
vt 0.655727029 0.718742013
vt 0.584080994 0.718742013
vt 0.584080994 0.790387988
vt 0.655727029 0.790387988
vt 0.584080994 0.718742013
vt 0.584080994 0.790387988
vt 0.655727029 0.790387988
vt 0.655727029 0.718742013
vt 0.655727029 0.718742013
vt 0.655727029 0.718742013
vt 0.584080994 0.790387988
vt 0.655727029 0.718742013
vt 0.584080994 0.718742013
vt 0.584080994 0.790387988
vt 0.655727029 0.790387988
vt 0.655727029 0.718742013
vt 0.655727029 0.718742013
vt 0.584080994 0.718742013
vt 0.584080994 0.790387988
vt 0.655727029 0.790387988
vt 0.655727029 0.718742013
vt 0.584080994 0.718742013
vt 0.584080994 0.790387988
vt 0.655727029 0.790387988
vt 0.584080994 0.718742013
vt 0.584080994 0.790387988
vt 0.655727029 0.790387988
vt 0.655727029 0.718742013
vt 0.584080994 0.718742013
vt 0.584080994 0.790387988
vt 0.655727029 0.790387988
vt 0.655727029 0.718742013
vt 0.584080994 0.718742013
vt 0.584080994 0.790387988
vt 0.655727029 0.718742013
vt 0.655727029 0.790387988
vt 0.584080994 0.790387988
vt 0.584080994 0.790387988
vt 0.655727029 0.790387988
vt 0.584080994 0.790387988
vt 0.584080994 0.718742013
vt 0.584080994 0.790387988
vt 0.655727029 0.790387988
vt 0.655727029 0.718742013
vt 0.584080994 0.718742013
vt 0.584080994 0.790387988
vt 0.655727029 0.790387988
vt 0.655727029 0.718742013
vt 0.655727029 0.790387988
vt 0.584080994 0.790387988
vt 0.655727029 0.790387988
vt 0.655727029 0.718742013
vt 0.655727029 0.790387988
vt 0.655727029 0.718742013
vt 0.584080994 0.718742013
vt 0.655727029 0.790387988
vt 0.584080994 0.790387988
vt 0.584080994 0.718742013
vt 0.584080994 0.790387988
vt 0.655727029 0.790387988
vt 0.655727029 0.718742013
vt 0.584080994 0.718742013
vt 0.584080994 0.790387988
vt 0.655727029 0.790387988
vt 0.655727029 0.718742013
vt 0.584080994 0.718742013
vt 0.584080994 0.790387988
vt 0.655727029 0.790387988
vt 0.655727029 0.718742013
vt 0.584080994 0.790387988
vt 0.655727029 0.790387988
vt 0.655727029 0.718742013
vt 0.584080994 0.718742013
vt 0.655727029 0.790387988
vt 0.655727029 0.718742013
vt 0.655727029 0.718742013
vt 0.655727029 0.790387988
vt 0.655727029 0.790387988
vt 0.655727029 0.718742013
vt 0.584080994 0.718742013
vt 0.584080994 0.790387988
vt 0.584080994 0.718742013
vt 0.584080994 0.790387988
vt 0.655727029 0.790387988
vt 0.655727029 0.718742013
vt 0.584080994 0.790387988
vt 0.655727029 0.790387988
vt 0.655727029 0.718742013
vt 0.584080994 0.718742013
vt 0.584080994 0.718742013
vt 0.584080994 0.718742013
vt 0.584080994 0.790387988
vt 0.584080994 0.718742013
vt 0.584080994 0.718742013
vt 0.584080994 0.790387988
vt 0.655727029 0.790387988
vt 0.655727029 0.718742013
vt 0.655727029 0.718742013
vt 0.584080994 0.718742013
vt 0.584080994 0.790387988
vt 0.655727029 0.790387988
vt 0.584080994 0.718742013
vt 0.584080994 0.790387988
vt 0.655727029 0.790387988
vt 0.655727029 0.718742013
vt 0.584080994 0.718742013
vt 0.584080994 0.790387988
vt 0.655727029 0.790387988
vt 0.655727029 0.718742013
vt 0.655727029 0.718742013
vt 0.584080994 0.718742013
vt 0.584080994 0.790387988
vt 0.655727029 0.790387988
vt 0.655727029 0.790387988
vt 0.584080994 0.790387988
vt 0.655727029 0.790387988
vt 0.655727029 0.718742013
vt 0.584080994 0.718742013
vt 0.584080994 0.790387988
vt 0.655727029 0.790387988
vt 0.655727029 0.718742013
vt 0.655727029 0.790387988
vt 0.655727029 0.790387988
vt 0.584080994 0.718742013
vt 0.655727029 0.790387988
vt 0.584080994 0.718742013
vt 0.584080994 0.790387988
vt 0.655727029 0.790387988
vt 0.655727029 0.718742013
vt 0.584080994 0.718742013
vt 0.584080994 0.790387988
vt 0.655727029 0.790387988
vt 0.655727029 0.718742013
vt 0.584080994 0.718742013
vt 0.584080994 0.790387988
vt 0.655727029 0.790387988
vt 0.655727029 0.718742013
vt 0.584080994 0.718742013
vt 0.584080994 0.790387988
vt 0.655727029 0.790387988
vt 0.655727029 0.718742013
vt 0.584080994 0.718742013
vt 0.584080994 0.790387988
vt 0.655727029 0.718742013
vt 0.655727029 0.790387988
vt 0.584080994 0.718742013
vt 0.584080994 0.790387988
vt 0.655727029 0.790387988
vt 0.655727029 0.718742013
vt 0.655727029 0.790387988
vt 0.655727029 0.718742013
vt 0.584080994 0.718742013
vt 0.584080994 0.790387988
vt 0.584080994 0.718742013
vt 0.584080994 0.718742013
vt 0.584080994 0.790387988
vt 0.584080994 0.718742013
vt 0.655727029 0.718742013
vt 0.584080994 0.718742013
vt 0.584080994 0.790387988
vt 0.584080994 0.718742013
vt 0.584080994 0.790387988
vt 0.655727029 0.790387988
vt 0.655727029 0.718742013
vt 0.584080994 0.718742013
vt 0.584080994 0.790387988
vt 0.655727029 0.790387988
vt 0.655727029 0.718742013
vt 0.584080994 0.718742013
vt 0.584080994 0.790387988
vt 0.655727029 0.790387988
vt 0.655727029 0.718742013
vt 0.655727029 0.790387988
vt 0.655727029 0.718742013
vt 0.584080994 0.790387988
vt 0.584080994 0.718742013
vt 0.584080994 0.718742013
vt 0.584080994 0.790387988
vt 0.655727029 0.790387988
vt 0.655727029 0.718742013
vt 0.584080994 0.718742013
vt 0.584080994 0.790387988
vt 0.655727029 0.790387988
vt 0.655727029 0.718742013
vt 0.584080994 0.718742013
vt 0.584080994 0.790387988
vt 0.655727029 0.790387988
vt 0.655727029 0.718742013
vt 0.655727029 0.718742013
vt 0.655727029 0.718742013
vt 0.584080994 0.790387988
vt 0.655727029 0.718742013
vt 0.584080994 0.790387988
vt 0.584080994 0.718742013
vt 0.584080994 0.790387988
vt 0.655727029 0.790387988
vt 0.584080994 0.790387988
vt 0.584080994 0.718742013
vt 0.584080994 0.790387988
vt 0.655727029 0.790387988
vt 0.655727029 0.718742013
vt 0.584080994 0.718742013
vt 0.584080994 0.790387988
vt 0.655727029 0.790387988
vt 0.655727029 0.718742013
vt 0.584080994 0.718742013
vt 0.584080994 0.790387988
vt 0.655727029 0.790387988
vt 0.655727029 0.718742013
vt 0.655727029 0.718742013
vt 0.584080994 0.718742013
vt 0.584080994 0.790387988
vt 0.655727029 0.790387988
vt 0.655727029 0.718742013
vt 0.584080994 0.718742013
vt 0.584080994 0.790387988
vt 0.584080994 0.790387988
vt 0.655727029 0.790387988
vt 0.655727029 0.790387988
vt 0.655727029 0.790387988
vt 0.655727029 0.718742013
vt 0.584080994 0.718742013
vt 0.584080994 0.718742013
vt 0.584080994 0.790387988
vt 0.655727029 0.790387988
vt 0.655727029 0.718742013
vt 0.584080994 0.718742013
vt 0.584080994 0.790387988
vt 0.655727029 0.790387988
vt 0.655727029 0.718742013
vt 0.655727029 0.718742013
vt 0.584080994 0.718742013
vt 0.584080994 0.790387988
vt 0.655727029 0.790387988
vt 0.584080994 0.790387988
vt 0.655727029 0.790387988
vt 0.655727029 0.718742013
vt 0.584080994 0.718742013
vt 0.584080994 0.718742013
vt 0.584080994 0.790387988
vt 0.655727029 0.790387988
vt 0.655727029 0.718742013
vt 0.584080994 0.718742013
vt 0.584080994 0.790387988
vt 0.655727029 0.790387988
vt 0.655727029 0.718742013
vt 0.584080994 0.718742013
vt 0.584080994 0.718742013
vt 0.655727029 0.790387988
vt 0.584080994 0.718742013
vt 0.655727029 0.790387988
vt 0.655727029 0.790387988
vt 0.655727029 0.718742013
vt 0.655727029 0.718742013
vt 0.584080994 0.718742013
vt 0.584080994 0.790387988
vt 0.655727029 0.790387988
vt 0.655727029 0.718742013
vt 0.584080994 0.718742013
vt 0.584080994 0.790387988
vt 0.655727029 0.790387988
vt 0.655727029 0.718742013
vt 0.655727029 0.790387988
vt 0.655727029 0.790387988
vt 0.584080994 0.718742013
vt 0.584080994 0.718742013
vt 0.584080994 0.718742013
vt 0.584080994 0.790387988
vt 0.655727029 0.790387988
vt 0.655727029 0.718742013
vt 0.584080994 0.718742013
vt 0.584080994 0.790387988
vt 0.655727029 0.790387988
vt 0.655727029 0.718742013
vt 0.584080994 0.790387988
vt 0.655727029 0.790387988
vt 0.655727029 0.718742013
vt 0.584080994 0.718742013
vt 0.584080994 0.790387988
vt 0.655727029 0.790387988
vt 0.655727029 0.718742013
vt 0.584080994 0.718742013
vt 0.655727029 0.718742013
vt 0.584080994 0.718742013
vt 0.655727029 0.790387988
vt 0.584080994 0.790387988
vt 0.584080994 0.718742013
vt 0.584080994 0.790387988
vt 0.655727029 0.790387988
vt 0.655727029 0.718742013
vt 0.584080994 0.718742013
vt 0.584080994 0.718742013
vt 0.584080994 0.790387988
vt 0.655727029 0.718742013
vt 0.655727029 0.790387988
vt 0.655727029 0.790387988
vt 0.584080994 0.718742013
vt 0.655727029 0.718742013
vt 0.655727029 0.718742013
vt 0.584080994 0.718742013
vt 0.655727029 0.718742013
vt 0.584080994 0.718742013
vt 0.584080994 0.790387988
vt 0.655727029 0.790387988
vt 0.655727029 0.718742013
vt 0.584080994 0.718742013
vt 0.584080994 0.790387988
vt 0.655727029 0.790387988
vt 0.655727029 0.718742013
vt 0.584080994 0.718742013
vt 0.584080994 0.790387988
vt 0.655727029 0.790387988
vt 0.655727029 0.718742013
vt 0.584080994 0.718742013
vt 0.584080994 0.790387988
vt 0.655727029 0.790387988
vt 0.655727029 0.718742013
vt 0.584080994 0.790387988
vt 0.655727029 0.790387988
vt 0.655727029 0.718742013
vt 0.584080994 0.718742013
vt 0.584080994 0.718742013
vt 0.655727029 0.790387988
vt 0.584080994 0.790387988
vt 0.584080994 0.790387988
vt 0.584080994 0.790387988
vt 0.655727029 0.790387988
vt 0.655727029 0.718742013
vt 0.584080994 0.718742013
vt 0.584080994 0.718742013
vt 0.584080994 0.718742013
vt 0.584080994 0.790387988
vt 0.584080994 0.790387988
vt 0.584080994 0.718742013
vt 0.584080994 0.790387988
vt 0.655727029 0.790387988
vt 0.655727029 0.718742013
vt 0.584080994 0.718742013
vt 0.584080994 0.790387988
vt 0.655727029 0.790387988
vt 0.655727029 0.718742013
vt 0.584080994 0.718742013
vt 0.584080994 0.790387988
vt 0.655727029 0.790387988
vt 0.655727029 0.718742013
vt 0.584080994 0.718742013
vt 0.584080994 0.790387988
vt 0.655727029 0.790387988
vt 0.655727029 0.718742013
vt 0.584080994 0.718742013
vt 0.584080994 0.790387988
vt 0.655727029 0.790387988
vt 0.655727029 0.718742013
vt 0.584080994 0.718742013
vt 0.584080994 0.718742013
vt 0.584080994 0.790387988
vt 0.655727029 0.790387988
vt 0.655727029 0.718742013
vt 0.655727029 0.790387988
vt 0.655727029 0.790387988
vt 0.584080994 0.718742013
vt 0.584080994 0.790387988
vt 0.655727029 0.790387988
vt 0.655727029 0.718742013
vt 0.584080994 0.718742013
vt 0.584080994 0.790387988
vt 0.655727029 0.790387988
vt 0.655727029 0.718742013
vt 0.904169023 0.674879014
vt 0.904169023 0.674879014
vt 0.904169023 0.674879014
vt 0.904169023 0.674879014
vt 0.904169023 0.674879014
vt 0.904169023 0.674879014
vt 0.904169023 0.674879014
vt 0.904169023 0.674879014
vt 0.904169023 0.674879014
vt 0.904169023 0.674879014
vt 0.904169023 0.674879014
vt 0.904169023 0.674879014
vt 0.904169023 0.674879014
vt 0.904169023 0.674879014
vt 0.904169023 0.674879014
vt 0.904169023 0.674879014
vt 0.904169023 0.674879014
vt 0.904169023 0.674879014
vt 0.904169023 0.674879014
vt 0.904169023 0.674879014
vt 0.904169023 0.674879014
vt 0.904169023 0.674879014
vt 0.904169023 0.674879014
vt 0.904169023 0.674879014
vt 0.904169023 0.674879014
vt 0.904169023 0.674879014
vt 0.904169023 0.674879014
vt 0.904169023 0.674879014
vt 0.904169023 0.674879014
vt 0.904169023 0.674879014
vt 0.134892002 0.764813006
vt 0.134892002 0.764813006
vt 0.134892002 0.764813006
vt 0.134892002 0.764813006
vt 0.134892002 0.764813006
vt 0.134892002 0.764813006
vt 0.134892002 0.764813006
vt 0.134892002 0.764813006
vt 0.134892002 0.764813006
vt 0.134892002 0.764813006
vt 0.134892002 0.764813006
vt 0.134892002 0.764813006
vt 0.134892002 0.764813006
vt 0.134892002 0.764813006
vt 0.134892002 0.764813006
vt 0.134892002 0.764813006
vt 0.134892002 0.764813006
vt 0.134892002 0.764813006
vt 0.134892002 0.764813006
vt 0.134892002 0.764813006
vt 0.134892002 0.764813006
vt 0.134892002 0.764813006
vt 0.134892002 0.764813006
vt 0.134892002 0.764813006
vt 0.134892002 0.764813006
vt 0.134892002 0.764813006
vt 0.134892002 0.764813006
vt 0.134892002 0.764813006
vt 0.134892002 0.764813006
vt 0.134892002 0.764813006
vt 0.134892002 0.764813006
vt 0.134892002 0.764813006
vt 0.134892002 0.764813006
vt 0.134892002 0.764813006
vt 0.134892002 0.764813006
vt 0.134892002 0.764813006
vt 0.134892002 0.764813006
vt 0.134892002 0.764813006
vt 0.134892002 0.764813006
vt 0.134892002 0.764813006
vt 0.134892002 0.764813006
vt 0.134892002 0.764813006
vt 0.134892002 0.764813006
vt 0.134892002 0.764813006
vn 0.000000 1.000000 0.000000
vn 0.000000 1.000000 0.000000
vn 0.000000 1.000000 0.000000
vn 0.000000 1.000000 0.000000
vn 0.000000 1.000000 0.000000
vn 0.000000 1.000000 0.000000
vn 0.000000 1.000000 0.000000
vn 0.000000 1.000000 0.000000
vn 0.000000 1.000000 0.000000
vn 0.000000 1.000000 0.000000
vn 0.000000 1.000000 0.000000
vn 0.000000 1.000000 0.000000
vn 0.000000 1.000000 0.000000
vn 0.000000 1.000000 0.000000
vn 0.000000 1.000000 0.000000
vn 0.000000 1.000000 0.000000
vn 0.000000 1.000000 0.000000
vn 0.000000 1.000000 0.000000
vn 0.000000 1.000000 0.000000
vn 0.000000 1.000000 0.000000
vn 0.000000 1.000000 0.000000
vn 0.000000 1.000000 0.000000
vn 0.000000 1.000000 0.000000
vn 0.000000 1.000000 0.000000
vn 0.000000 1.000000 0.000000
vn 0.000000 1.000000 0.000000
vn 0.000000 1.000000 0.000000
vn 0.000000 1.000000 0.000000
vn 0.000000 1.000000 0.000000
vn 0.000000 1.000000 0.000000
vn 0.000000 1.000000 0.000000
vn 0.000000 1.000000 0.000000
vn 0.000000 1.000000 0.000000
vn 0.000000 1.000000 0.000000
vn 0.000000 1.000000 0.000000
vn 0.000000 1.000000 0.000000
vn 0.000000 1.000000 0.000000
vn 0.000000 1.000000 0.000000
vn 0.000000 1.000000 0.000000
vn 0.000000 1.000000 0.000000
vn 0.000000 1.000000 0.000000
vn 0.000000 1.000000 0.000000
vn 0.000000 1.000000 0.000000
vn 0.000000 1.000000 0.000000
vn 0.000000 1.000000 0.000000
vn 0.000000 1.000000 0.000000
vn 0.000000 1.000000 0.000000
vn 0.000000 1.000000 0.000000
vn 0.000000 1.000000 0.000000
vn 0.000000 1.000000 0.000000
vn 0.000000 1.000000 0.000000
vn 0.000000 1.000000 0.000000
vn 0.000000 1.000000 0.000000
vn 0.000000 1.000000 0.000000
vn 0.000000 1.000000 0.000000
vn 0.000000 1.000000 0.000000
vn 0.000000 1.000000 0.000000
vn 0.000000 1.000000 0.000000
vn 0.000000 1.000000 0.000000
vn 0.000000 1.000000 0.000000
vn 0.000000 1.000000 0.000000
vn 0.000000 1.000000 0.000000
vn 0.000000 1.000000 0.000000
vn 0.000000 -1.000000 -0.000000
vn 0.000000 -1.000000 -0.000000
vn 0.000000 -1.000000 -0.000000
vn 0.000000 -1.000000 -0.000000
vn 0.000000 -1.000000 -0.000000
vn 0.000000 -1.000000 -0.000000
vn 0.000000 -1.000000 -0.000000
vn 0.000000 -1.000000 -0.000000
vn 0.000000 -1.000000 -0.000000
vn 0.000000 -1.000000 -0.000000
vn 0.000000 -1.000000 -0.000000
vn 0.000000 -1.000000 -0.000000
vn 0.000000 -1.000000 -0.000000
vn 0.000000 -1.000000 -0.000000
vn 0.000000 -1.000000 -0.000000
vn 0.000000 -1.000000 -0.000000
vn 0.000000 -1.000000 -0.000000
vn 0.000000 -1.000000 -0.000000
vn 0.000000 -1.000000 -0.000000
vn 0.000000 -1.000000 -0.000000
vn 0.000000 -1.000000 -0.000000
vn 0.000000 -1.000000 -0.000000
vn 0.000000 -1.000000 -0.000000
vn 0.000000 -1.000000 -0.000000
vn 0.000000 -1.000000 -0.000000
vn 0.000000 -1.000000 -0.000000
vn 0.000000 -1.000000 -0.000000
vn 0.000000 -1.000000 -0.000000
vn 0.000000 -1.000000 -0.000000
vn 0.000000 -1.000000 -0.000000
vn 0.000000 -1.000000 -0.000000
vn 0.000000 -1.000000 -0.000000
vn 0.000000 -1.000000 -0.000000
vn 0.000000 -1.000000 -0.000000
vn 0.000000 1.000000 0.000000
vn 0.000000 1.000000 0.000000
vn 0.000000 1.000000 0.000000
vn 0.000000 1.000000 0.000000
vn 0.000000 1.000000 0.000000
vn 0.000000 1.000000 0.000000
vn 0.000000 1.000000 0.000000
vn 0.000000 1.000000 0.000000
vn 0.000000 1.000000 0.000000
vn 0.000000 1.000000 0.000000
vn 0.000000 1.000000 0.000000
vn 0.000000 1.000000 0.000000
vn 0.000000 1.000000 0.000000
vn 0.000000 1.000000 0.000000
vn 0.000000 1.000000 0.000000
vn 0.000000 1.000000 0.000000
vn 0.000000 1.000000 0.000000
vn 0.000000 1.000000 0.000000
vn 0.000000 1.000000 0.000000
vn 0.000000 1.000000 0.000000
vn 0.000000 1.000000 0.000000
vn 0.000000 1.000000 0.000000
vn 0.000000 1.000000 0.000000
vn 0.000000 1.000000 0.000000
vn 0.000000 -0.000000 1.000000
vn 0.000000 -0.000000 1.000000
vn 0.000000 -0.000000 1.000000
vn 0.000000 -0.000000 1.000000
vn 0.000000 -0.000000 1.000000
vn 0.000000 -0.000000 1.000000
vn 0.000000 -0.000000 1.000000
vn 0.000000 -0.000000 1.000000
vn -0.161868 -0.000000 0.986812
vn 0.000000 -0.000000 1.000000
vn 0.000000 -0.000000 1.000000
vn 0.000000 -0.000000 1.000000
vn -0.161868 -0.000000 0.986812
vn 0.000000 -0.000000 1.000000
vn 0.000000 -0.000000 1.000000
vn 0.000000 -0.000000 1.000000
vn 0.000000 -0.000000 1.000000
vn 0.000000 -0.000000 1.000000
vn 0.000000 -0.000000 1.000000
vn 0.000000 -0.000000 1.000000
vn 0.000000 -0.000000 1.000000
vn 0.000000 -0.000000 1.000000
vn -0.328599 -0.000000 0.944470
vn -0.161868 -0.000000 0.986812
vn 0.000000 -0.000000 1.000000
vn 0.000000 -0.000000 1.000000
vn 0.000000 -0.000000 1.000000
vn 0.000000 -0.000000 1.000000
vn 0.000000 0.000000 -1.000000
vn 0.000000 0.000000 -1.000000
vn 0.000000 0.000000 -1.000000
vn 0.000000 0.000000 -1.000000
vn 0.000000 0.000000 -1.000000
vn 0.000000 0.000000 -1.000000
vn 0.000000 1.000000 0.000000
vn 0.000000 1.000000 0.000000
vn 0.000000 1.000000 0.000000
vn 0.000000 1.000000 0.000000
vn 0.000000 1.000000 0.000000
vn 0.000000 1.000000 0.000000
vn 0.000000 1.000000 0.000000
vn 0.000000 1.000000 0.000000
vn 0.000000 1.000000 0.000000
vn 0.000000 -0.000000 1.000000
vn 0.000000 -0.000000 1.000000
vn 0.000000 -0.000000 1.000000
vn 0.000000 -0.000000 1.000000
vn 0.000000 -0.000000 1.000000
vn 0.000000 -0.000000 1.000000
vn 0.000000 -0.000000 1.000000
vn 0.000000 -0.000000 1.000000
vn 0.000000 1.000000 0.000000
vn 0.000000 1.000000 0.000000
vn 0.000000 1.000000 0.000000
vn 0.000000 1.000000 0.000000
vn 0.000000 1.000000 0.000000
vn 0.000000 1.000000 0.000000
vn 0.000000 -1.000000 -0.000000
vn 0.000000 -1.000000 -0.000000
vn 0.000000 -1.000000 -0.000000
vn 1.000000 0.000000 0.000000
vn 1.000000 0.000000 0.000000
vn 1.000000 0.000000 0.000000
vn 1.000000 0.000000 0.000000
vn 1.000000 0.000000 0.000000
vn 1.000000 0.000000 0.000000
vn 1.000000 0.000000 0.000000
vn 1.000000 0.000000 0.000000
vn 1.000000 0.000000 0.000000
vn 1.000000 0.000000 0.000000
vn 1.000000 0.000000 0.000000
vn 1.000000 0.000000 0.000000
vn 1.000000 0.000000 0.000000
vn 1.000000 0.000000 0.000000
vn 1.000000 0.000000 0.000000
vn 1.000000 0.000000 0.000000
vn 1.000000 0.000000 0.000000
vn 1.000000 0.000000 0.000000
vn 1.000000 0.000000 0.000000
vn 1.000000 0.000000 0.000000
vn -1.000000 0.000000 0.000000
vn -1.000000 0.000000 0.000000
vn -1.000000 0.000000 0.000000
vn -1.000000 0.000000 0.000000
vn -1.000000 0.000000 0.000000
vn -1.000000 0.000000 0.000000
vn -1.000000 0.000000 0.000000
vn -1.000000 0.000000 0.000000
vn -1.000000 0.000000 0.000000
vn 1.000000 0.000000 0.000000
vn 1.000000 0.000000 0.000000
vn 1.000000 0.000000 0.000000
vn 1.000000 0.000000 0.000000
vn 1.000000 0.000000 0.000000
vn 0.000000 1.000000 0.000000
vn 0.000000 1.000000 0.000000
vn 0.000000 1.000000 0.000000
vn 1.000000 0.000000 0.000000
vn 1.000000 0.000000 0.000000
vn 1.000000 0.000000 0.000000
vn 1.000000 0.000000 0.000000
vn 1.000000 0.000000 0.000000
vn 1.000000 0.000000 0.000000
vn 1.000000 0.000000 0.000000
vn 1.000000 0.000000 0.000000
vn 1.000000 0.000000 0.000000
vn 1.000000 0.000000 0.000000
vn 1.000000 0.000000 0.000000
vn 1.000000 0.000000 0.000000
vn 1.000000 0.000000 0.000000
vn 1.000000 0.000000 0.000000
vn 0.000000 1.000000 0.000000
vn 0.000000 1.000000 0.000000
vn 0.000000 1.000000 0.000000
vn 0.000000 -1.000000 -0.000000
vn 0.000000 -1.000000 -0.000000
vn 0.000000 -1.000000 -0.000000
vn 0.000000 -1.000000 -0.000000
vn 0.000000 -1.000000 -0.000000
vn 0.000000 -1.000000 -0.000000
vn 0.000000 -1.000000 -0.000000
vn 0.000000 -1.000000 -0.000000
vn 0.000000 -1.000000 -0.000000
vn 0.000000 -1.000000 -0.000000
vn 0.000000 -1.000000 -0.000000
vn 0.000000 -1.000000 -0.000000
vn 0.000000 1.000000 0.000000
vn 0.000000 1.000000 0.000000
vn 0.000000 1.000000 0.000000
vn 0.000000 1.000000 0.000000
vn 0.000000 1.000000 0.000000
vn 0.000000 1.000000 0.000000
vn 0.000000 1.000000 0.000000
vn 0.000000 1.000000 0.000000
vn 0.000000 1.000000 0.000000
vn 0.000000 1.000000 0.000000
vn 0.000000 1.000000 0.000000
vn 0.000000 1.000000 0.000000
vn 0.000000 1.000000 0.000000
vn 0.000000 1.000000 0.000000
vn 0.000000 1.000000 0.000000
vn 0.000000 1.000000 0.000000
vn 0.000000 1.000000 0.000000
vn 0.000000 1.000000 0.000000
vn 0.000000 1.000000 0.000000
vn 0.000000 1.000000 0.000000
vn 0.000000 1.000000 0.000000
vn 0.000000 1.000000 0.000000
vn 0.000000 1.000000 0.000000
vn 0.000000 1.000000 0.000000
vn 0.000000 1.000000 0.000000
vn 0.000000 1.000000 0.000000
vn 0.000000 1.000000 0.000000
vn 0.000000 1.000000 0.000000
vn 0.000000 1.000000 0.000000
vn 0.000000 1.000000 0.000000
vn 0.000000 1.000000 0.000000
vn 0.000000 1.000000 0.000000
vn 0.000000 1.000000 0.000000
vn 0.000000 1.000000 0.000000
vn 0.000000 1.000000 0.000000
vn 0.000000 1.000000 0.000000
vn 0.000000 1.000000 0.000000
vn 0.000000 1.000000 0.000000
vn 0.000000 -1.000000 -0.000000
vn 0.000000 -1.000000 -0.000000
vn 0.000000 -1.000000 -0.000000
vn 0.000000 -1.000000 -0.000000
vn 0.000000 -1.000000 -0.000000
vn 0.000000 -1.000000 -0.000000
vn 0.000000 -1.000000 -0.000000
vn 0.000000 -1.000000 -0.000000
vn 0.000000 -0.000000 1.000000
vn 0.000000 -0.000000 1.000000
vn 0.000000 -0.000000 1.000000
vn 0.000000 -0.000000 1.000000
vn 0.000000 -0.000000 1.000000
vn 0.000000 -0.000000 1.000000
vn 0.000000 -0.000000 1.000000
vn 0.000000 -0.000000 1.000000
vn 0.000000 0.000000 -1.000000
vn 0.000000 0.000000 -1.000000
vn 0.000000 0.000000 -1.000000
vn -1.000000 0.000000 0.000000
vn -1.000000 0.000000 0.000000
vn -1.000000 0.000000 0.000000
vn -1.000000 0.000000 0.000000
vn -1.000000 0.000000 0.000000
vn -1.000000 0.000000 0.000000
vn -1.000000 0.000000 0.000000
vn -1.000000 0.000000 0.000000
vn 0.000000 1.000000 0.000000
vn 0.000000 1.000000 0.000000
vn 0.000000 1.000000 0.000000
vn 0.000000 -1.000000 -0.000000
vn 0.000000 -1.000000 -0.000000
vn 0.000000 -1.000000 -0.000000
vn 0.000000 -1.000000 -0.000000
vn 0.000000 -1.000000 -0.000000
vn 0.000000 -1.000000 -0.000000
vn 0.000000 -1.000000 -0.000000
vn 0.000000 -1.000000 -0.000000
vn 0.000000 -1.000000 -0.000000
vn 0.000000 -1.000000 -0.000000
vn 0.000000 -1.000000 -0.000000
vn 0.000000 -1.000000 -0.000000
vn 0.000000 -1.000000 -0.000000
vn 0.000000 -1.000000 -0.000000
vn 1.000000 0.000000 0.000000
vn 1.000000 0.000000 0.000000
vn 1.000000 0.000000 0.000000
vn 1.000000 0.000000 0.000000
vn 1.000000 0.000000 0.000000
vn 1.000000 0.000000 0.000000
vn 1.000000 0.000000 0.000000
vn 1.000000 0.000000 0.000000
vn 1.000000 0.000000 0.000000
vn 1.000000 0.000000 0.000000
vn 1.000000 0.000000 0.000000
vn 1.000000 0.000000 0.000000
vn 1.000000 0.000000 0.000000
vn 1.000000 0.000000 0.000000
vn 1.000000 0.000000 0.000000
vn 1.000000 0.000000 0.000000
vn 0.000000 -0.000000 1.000000
vn 0.000000 -0.000000 1.000000
vn 0.000000 -0.000000 1.000000
vn 0.000000 -0.000000 1.000000
vn 0.000000 -0.000000 1.000000
vn 0.000000 -0.000000 1.000000
vn 0.000000 -0.000000 1.000000
vn 0.000000 -0.000000 1.000000
vn 0.000000 0.000000 -1.000000
vn 0.000000 0.000000 -1.000000
vn 0.000000 0.000000 -1.000000
vn 0.000000 0.000000 -1.000000
vn 0.000000 0.000000 -1.000000
vn 0.000000 0.000000 -1.000000
vn 0.000000 0.000000 -1.000000
vn 0.000000 0.000000 -1.000000
vn 0.000000 1.000000 0.000000
vn 0.000000 1.000000 0.000000
vn 0.000000 1.000000 0.000000
vn 0.000000 1.000000 0.000000
vn 0.000000 1.000000 0.000000
vn 0.000000 1.000000 0.000000
vn 0.000000 1.000000 0.000000
vn 0.000000 1.000000 0.000000
vn 0.000000 1.000000 0.000000
vn 0.000000 1.000000 0.000000
vn 0.000000 1.000000 0.000000
vn 0.000000 1.000000 0.000000
vn 0.000000 -1.000000 -0.000000
vn 0.000000 -1.000000 -0.000000
vn 0.000000 -1.000000 -0.000000
vn 0.000000 -1.000000 -0.000000
vn 0.000000 -1.000000 -0.000000
vn 0.000000 -1.000000 -0.000000
vn 0.000000 -1.000000 -0.000000
vn 0.000000 -1.000000 -0.000000
vn 0.000000 -1.000000 -0.000000
vn 0.000000 -1.000000 -0.000000
vn 0.000000 -1.000000 -0.000000
vn 0.000000 -1.000000 -0.000000
vn 0.000000 -1.000000 -0.000000
vn 0.000000 -1.000000 -0.000000
vn 0.000000 1.000000 0.000000
vn 0.000000 1.000000 0.000000
vn 0.000000 1.000000 0.000000
vn 0.000000 1.000000 0.000000
vn 0.000000 1.000000 0.000000
vn 0.000000 1.000000 0.000000
vn 0.000000 1.000000 0.000000
vn 0.000000 1.000000 0.000000
vn 0.000000 1.000000 0.000000
vn 0.000000 1.000000 0.000000
vn 0.000000 1.000000 0.000000
vn 0.000000 1.000000 0.000000
vn 0.000000 1.000000 0.000000
vn 0.000000 1.000000 0.000000
vn 0.000000 1.000000 0.000000
vn 0.000000 1.000000 0.000000
vn 0.000000 1.000000 0.000000
vn 0.000000 1.000000 0.000000
vn 0.000000 1.000000 0.000000
vn 0.000000 1.000000 0.000000
vn 0.000000 1.000000 0.000000
vn 0.000000 1.000000 0.000000
vn 0.000000 1.000000 0.000000
vn 0.000000 1.000000 0.000000
vn 0.000000 1.000000 0.000000
vn 0.000000 1.000000 0.000000
vn 0.000000 1.000000 0.000000
vn 0.000000 1.000000 0.000000
vn 0.000000 1.000000 0.000000
vn 0.000000 1.000000 0.000000
vn 0.000000 1.000000 0.000000
vn 0.000000 1.000000 0.000000
vn 0.000000 1.000000 0.000000
vn 0.000000 -1.000000 -0.000000
vn 0.000000 -1.000000 -0.000000
vn 0.000000 -1.000000 -0.000000
vn 0.000000 -1.000000 -0.000000
vn 0.000000 -1.000000 -0.000000
vn 0.000000 -1.000000 -0.000000
vn 0.000000 -1.000000 -0.000000
vn 0.000000 -1.000000 -0.000000
vn 0.000000 -1.000000 -0.000000
vn 0.000000 -1.000000 -0.000000
vn 0.000000 -1.000000 -0.000000
vn 0.000000 -1.000000 -0.000000
vn 0.000000 -1.000000 -0.000000
vn 0.000000 -1.000000 -0.000000
vn 0.000000 -1.000000 -0.000000
vn 0.000000 -1.000000 -0.000000
vn 0.000000 -1.000000 -0.000000
vn 0.000000 -0.000000 1.000000
vn 0.000000 -0.000000 1.000000
vn 0.000000 -0.000000 1.000000
vn 0.000000 -0.000000 1.000000
vn 0.000000 -0.000000 1.000000
vn 0.000000 -0.000000 1.000000
vn 0.000000 -0.000000 1.000000
vn 0.000000 -0.000000 1.000000
vn 0.000000 -0.000000 1.000000
vn 0.000000 -0.000000 1.000000
vn 0.000000 1.000000 0.000000
vn 0.000000 1.000000 0.000000
vn 0.000000 1.000000 0.000000
vn 0.000000 1.000000 0.000000
vn 0.000000 1.000000 0.000000
vn 0.000000 1.000000 0.000000
vn 0.000000 1.000000 0.000000
vn 0.000000 1.000000 0.000000
vn 0.000000 1.000000 0.000000
vn 0.000000 1.000000 0.000000
vn 0.000000 1.000000 0.000000
vn 0.000000 1.000000 0.000000
vn 0.000000 1.000000 0.000000
vn 0.000000 1.000000 0.000000
vn 0.000000 1.000000 0.000000
vn 0.000000 1.000000 0.000000
vn 0.000000 1.000000 0.000000
vn 0.000000 1.000000 0.000000
vn 0.000000 1.000000 0.000000
vn 0.000000 1.000000 0.000000
vn -1.000000 0.000000 0.000000
vn -1.000000 0.000000 0.000000
vn -1.000000 0.000000 0.000000
vn -1.000000 0.000000 0.000000
vn -1.000000 0.000000 0.000000
vn -1.000000 0.000000 0.000000
vn -1.000000 0.000000 0.000000
vn -1.000000 0.000000 0.000000
vn 0.000000 1.000000 0.000000
vn 0.000000 1.000000 0.000000
vn 0.000000 1.000000 0.000000
vn 0.000000 -0.000000 1.000000
vn 0.000000 -0.000000 1.000000
vn 0.000000 -0.000000 1.000000
vn 1.000000 0.000000 0.000000
vn 1.000000 0.000000 0.000000
vn 1.000000 0.000000 0.000000
vn 1.000000 0.000000 0.000000
vn 1.000000 0.000000 0.000000
vn 1.000000 0.000000 0.000000
vn 1.000000 0.000000 0.000000
vn 1.000000 0.000000 0.000000
vn 1.000000 0.000000 0.000000
vn 1.000000 0.000000 0.000000
vn 1.000000 0.000000 0.000000
vn 1.000000 0.000000 0.000000
vn 1.000000 0.000000 0.000000
vn 1.000000 0.000000 0.000000
vn 1.000000 0.000000 0.000000
vn 1.000000 0.000000 0.000000
vn 1.000000 0.000000 0.000000
vn 1.000000 0.000000 0.000000
vn 1.000000 0.000000 0.000000
vn 1.000000 0.000000 0.000000
vn 1.000000 0.000000 0.000000
vn 1.000000 0.000000 0.000000
vn 1.000000 0.000000 0.000000
vn 1.000000 0.000000 0.000000
vn 1.000000 0.000000 0.000000
vn 1.000000 0.000000 0.000000
vn 1.000000 0.000000 0.000000
vn 1.000000 0.000000 0.000000
vn 1.000000 0.000000 0.000000
vn 0.000000 -1.000000 -0.000000
vn 0.000000 -1.000000 -0.000000
vn 0.000000 -1.000000 -0.000000
vn 0.000000 -1.000000 -0.000000
vn 0.000000 -1.000000 -0.000000
vn 0.000000 -1.000000 -0.000000
vn -1.000000 0.000000 0.000000
vn -1.000000 0.000000 0.000000
vn -1.000000 0.000000 0.000000
vn -1.000000 0.000000 0.000000
vn -1.000000 0.000000 0.000000
vn -1.000000 0.000000 0.000000
vn -1.000000 0.000000 0.000000
vn -1.000000 0.000000 0.000000
vn -1.000000 0.000000 0.000000
vn -1.000000 0.000000 0.000000
vn -1.000000 0.000000 0.000000
vn -1.000000 0.000000 0.000000
vn -1.000000 0.000000 0.000000
vn -1.000000 0.000000 0.000000
vn -1.000000 0.000000 0.000000
vn 0.000000 1.000000 0.000000
vn 0.000000 1.000000 0.000000
vn 0.000000 1.000000 0.000000
vn 1.000000 0.000000 0.000000
vn 1.000000 0.000000 0.000000
vn 1.000000 0.000000 0.000000
vn 1.000000 0.000000 0.000000
vn 1.000000 0.000000 0.000000
vn 1.000000 0.000000 0.000000
vn 1.000000 0.000000 0.000000
vn 1.000000 0.000000 0.000000
vn 0.000000 1.000000 0.000000
vn 0.000000 1.000000 0.000000
vn 0.000000 1.000000 0.000000
vn 0.000000 -1.000000 -0.000000
vn 0.000000 -1.000000 -0.000000
vn 0.000000 -1.000000 -0.000000
vn 0.000000 -1.000000 -0.000000
vn 0.000000 -1.000000 -0.000000
vn 0.000000 -1.000000 -0.000000
vn 0.000000 -1.000000 -0.000000
vn 0.000000 -1.000000 -0.000000
vn 0.000000 -1.000000 -0.000000
vn 0.000000 -1.000000 -0.000000
vn 0.000000 -1.000000 -0.000000
vn 0.000000 -1.000000 -0.000000
vn 0.000000 -1.000000 -0.000000
vn 0.000000 -1.000000 -0.000000
vn 0.000000 -1.000000 -0.000000
vn 0.000000 -1.000000 -0.000000
vn 0.000000 -1.000000 -0.000000
vn 0.000000 -1.000000 -0.000000
vn 0.000000 -1.000000 -0.000000
vn 1.000000 0.000000 0.000000
vn 1.000000 0.000000 0.000000
vn 1.000000 0.000000 0.000000
vn 1.000000 0.000000 0.000000
vn 1.000000 0.000000 0.000000
vn 1.000000 0.000000 0.000000
vn 1.000000 0.000000 0.000000
vn 1.000000 0.000000 0.000000
vn 1.000000 0.000000 0.000000
vn 1.000000 0.000000 0.000000
vn 1.000000 0.000000 0.000000
vn 1.000000 0.000000 0.000000
vn 0.000000 -1.000000 -0.000000
vn 0.000000 -1.000000 -0.000000
vn 0.000000 -1.000000 -0.000000
vn 0.000000 -1.000000 -0.000000
vn 0.000000 -1.000000 -0.000000
vn 0.000000 -1.000000 -0.000000
vn 0.000000 -0.000000 1.000000
vn 0.000000 -0.000000 1.000000
vn 0.000000 -0.000000 1.000000
vn 0.000000 -0.000000 1.000000
vn 0.000000 -0.000000 1.000000
vn 0.000000 -0.000000 1.000000
vn 0.000000 -0.000000 1.000000
vn 0.000000 -0.000000 1.000000
vn 0.000000 -0.000000 1.000000
vn 0.000000 -0.000000 1.000000
vn 0.000000 1.000000 0.000000
vn 0.000000 1.000000 0.000000
vn 0.000000 1.000000 0.000000
vn 0.000000 1.000000 0.000000
vn 0.000000 1.000000 0.000000
vn 0.000000 -0.000000 1.000000
vn 0.000000 -0.000000 1.000000
vn 0.000000 -0.000000 1.000000
vn 0.000000 -0.000000 1.000000
vn 0.000000 -0.000000 1.000000
vn 0.000000 -0.000000 1.000000
vn 1.000000 0.000000 0.000000
vn 1.000000 0.000000 0.000000
vn 1.000000 0.000000 0.000000
vn 1.000000 0.000000 0.000000
vn 1.000000 0.000000 0.000000
vn 1.000000 0.000000 0.000000
vn 1.000000 0.000000 0.000000
vn 1.000000 0.000000 0.000000
vn 1.000000 0.000000 0.000000
vn 1.000000 0.000000 0.000000
vn 1.000000 0.000000 0.000000
vn 1.000000 0.000000 0.000000
vn 1.000000 0.000000 0.000000
vn 1.000000 0.000000 0.000000
vn 1.000000 0.000000 0.000000
vn -1.000000 0.000000 0.000000
vn -1.000000 0.000000 0.000000
vn -1.000000 0.000000 0.000000
vn -1.000000 0.000000 0.000000
vn -1.000000 0.000000 0.000000
vn -1.000000 0.000000 0.000000
vn -1.000000 0.000000 0.000000
vn -1.000000 0.000000 0.000000
vn -1.000000 0.000000 0.000000
vn -1.000000 0.000000 0.000000
vn 0.000000 -1.000000 -0.000000
vn 0.000000 -1.000000 -0.000000
vn 0.000000 -1.000000 -0.000000
vn 0.000000 -1.000000 -0.000000
vn 0.000000 -1.000000 -0.000000
vn 0.000000 -1.000000 -0.000000
vn 0.000000 -1.000000 -0.000000
vn 0.000000 -1.000000 -0.000000
vn 0.000000 -1.000000 -0.000000
vn 0.000000 -1.000000 -0.000000
vn 0.000000 -1.000000 -0.000000
vn 0.000000 -1.000000 -0.000000
vn 0.000000 -1.000000 -0.000000
vn 0.000000 -1.000000 -0.000000
vn 0.000000 -1.000000 -0.000000
vn 0.000000 1.000000 0.000000
vn 0.000000 1.000000 0.000000
vn 0.000000 1.000000 0.000000
vn 0.000000 -1.000000 -0.000000
vn 0.000000 -1.000000 -0.000000
vn 0.000000 -1.000000 -0.000000
vn 0.000000 1.000000 0.000000
vn 0.000000 1.000000 0.000000
vn 0.000000 1.000000 0.000000
vn 0.000000 1.000000 0.000000
vn 0.000000 1.000000 0.000000
vn 0.000000 1.000000 0.000000
vn 0.000000 1.000000 0.000000
vn 0.000000 1.000000 0.000000
vn 0.000000 1.000000 0.000000
vn 0.000000 1.000000 0.000000
vn 0.000000 1.000000 0.000000
vn 0.000000 -0.000000 1.000000
vn 0.000000 -0.000000 1.000000
vn 0.000000 -0.000000 1.000000
vn 0.000000 -0.000000 1.000000
vn 0.000000 -0.000000 1.000000
vn 0.000000 -0.000000 1.000000
vn 0.000000 -0.000000 1.000000
vn 0.000000 -0.000000 1.000000
vn 0.000000 -0.000000 1.000000
vn 0.000000 -0.000000 1.000000
vn 0.000000 1.000000 0.000000
vn 0.000000 1.000000 0.000000
vn 0.000000 1.000000 0.000000
vn 0.000000 1.000000 0.000000
vn 0.000000 1.000000 0.000000
vn 0.000000 1.000000 0.000000
vn 0.000000 1.000000 0.000000
vn 0.000000 1.000000 0.000000
vn 0.000000 1.000000 0.000000
vn 0.000000 1.000000 0.000000
vn 0.000000 1.000000 0.000000
vn 0.000000 1.000000 0.000000
vn 0.000000 1.000000 0.000000
vn 0.000000 1.000000 0.000000
vn 0.000000 1.000000 0.000000
vn 0.000000 1.000000 0.000000
vn 0.000000 1.000000 0.000000
vn 0.000000 1.000000 0.000000
vn 0.000000 1.000000 0.000000
vn 0.000000 1.000000 0.000000
vn 0.000000 -0.000000 1.000000
vn 0.000000 -0.000000 1.000000
vn 0.000000 -0.000000 1.000000
vn 0.000000 -0.000000 1.000000
vn 0.000000 -0.000000 1.000000
vn 0.000000 -0.000000 1.000000
vn 0.000000 -0.000000 1.000000
vn 0.000000 -0.000000 1.000000
vn 0.000000 -0.000000 1.000000
vn 0.000000 -0.000000 1.000000
vn 0.000000 1.000000 0.000000
vn 0.000000 1.000000 0.000000
vn 0.000000 1.000000 0.000000
vn 1.000000 0.000000 0.000000
vn 1.000000 0.000000 0.000000
vn 1.000000 0.000000 0.000000
vn 1.000000 0.000000 0.000000
vn 1.000000 0.000000 0.000000
vn 1.000000 0.000000 0.000000
vn 1.000000 0.000000 0.000000
vn 1.000000 0.000000 0.000000
vn 0.000000 1.000000 0.000000
vn 0.000000 1.000000 0.000000
vn 0.000000 1.000000 0.000000
vn 0.000000 -1.000000 -0.000000
vn 0.000000 -1.000000 -0.000000
vn 0.000000 -1.000000 -0.000000
vn 0.000000 -1.000000 -0.000000
vn 0.000000 -1.000000 -0.000000
vn 0.000000 -1.000000 -0.000000
vn 0.000000 -1.000000 -0.000000
vn 0.000000 -1.000000 -0.000000
vn 0.000000 -1.000000 -0.000000
vn 0.000000 -1.000000 -0.000000
vn 0.000000 -1.000000 -0.000000
vn 0.000000 1.000000 0.000000
vn 0.000000 1.000000 0.000000
vn 0.000000 1.000000 0.000000
vn 0.000000 -1.000000 -0.000000
vn 0.000000 -1.000000 -0.000000
vn 0.000000 -1.000000 -0.000000
vn 0.000000 -1.000000 -0.000000
vn 0.000000 -1.000000 -0.000000
vn 0.000000 -1.000000 -0.000000
vn 0.000000 -1.000000 -0.000000
vn 0.000000 -1.000000 -0.000000
vn -1.000000 0.000000 0.000000
vn -1.000000 0.000000 0.000000
vn -1.000000 0.000000 0.000000
vn -1.000000 0.000000 0.000000
vn -1.000000 0.000000 0.000000
vn -1.000000 0.000000 0.000000
vn -1.000000 0.000000 0.000000
vn -1.000000 0.000000 0.000000
vn -1.000000 0.000000 0.000000
vn -1.000000 0.000000 0.000000
vn -1.000000 0.000000 0.000000
vn -1.000000 0.000000 0.000000
vn 0.000000 1.000000 0.000000
vn 0.000000 1.000000 0.000000
vn 0.000000 1.000000 0.000000
vn -1.000000 0.000000 0.000000
vn -1.000000 0.000000 0.000000
vn -1.000000 0.000000 0.000000
vn -1.000000 0.000000 0.000000
vn -1.000000 0.000000 0.000000
vn -1.000000 0.000000 0.000000
vn -1.000000 0.000000 0.000000
vn -1.000000 0.000000 0.000000
vn -1.000000 0.000000 0.000000
vn 0.000000 1.000000 0.000000
vn 0.000000 1.000000 0.000000
vn 0.000000 1.000000 0.000000
vn -1.000000 0.000000 0.000000
vn -1.000000 0.000000 0.000000
vn -1.000000 0.000000 0.000000
vn -1.000000 0.000000 0.000000
vn -1.000000 0.000000 0.000000
vn -1.000000 0.000000 0.000000
vn -1.000000 0.000000 0.000000
vn -1.000000 0.000000 0.000000
vn -1.000000 0.000000 0.000000
vn 0.000000 1.000000 0.000000
vn 0.000000 1.000000 0.000000
vn 0.000000 1.000000 0.000000
vn 0.000000 1.000000 0.000000
vn 0.000000 1.000000 0.000000
vn 0.000000 1.000000 0.000000
vn 0.000000 -1.000000 -0.000000
vn 0.000000 -1.000000 -0.000000
vn 0.000000 -1.000000 -0.000000
vn 0.000000 -1.000000 -0.000000
vn 0.000000 -1.000000 -0.000000
vn 0.000000 -1.000000 -0.000000
vn 0.000000 -1.000000 -0.000000
vn 0.000000 -1.000000 -0.000000
vn 0.000000 -1.000000 -0.000000
vn 0.000000 -1.000000 -0.000000
vn 0.000000 -1.000000 -0.000000
vn 0.000000 -1.000000 -0.000000
vn 0.000000 -1.000000 -0.000000
vn 0.000000 -1.000000 -0.000000
vn 0.000000 0.000000 -1.000000
vn 0.000000 0.000000 -1.000000
vn 0.000000 0.000000 -1.000000
vn 0.000000 0.000000 -1.000000
vn 0.000000 0.000000 -1.000000
vn 0.000000 0.000000 -1.000000
vn 0.000000 0.000000 -1.000000
vn 0.000000 0.000000 -1.000000
vn 1.000000 0.000000 0.000000
vn 1.000000 0.000000 0.000000
vn 1.000000 0.000000 0.000000
vn 1.000000 0.000000 0.000000
vn 1.000000 0.000000 0.000000
vn 1.000000 0.000000 0.000000
vn 1.000000 0.000000 0.000000
vn 1.000000 0.000000 0.000000
vn 1.000000 0.000000 0.000000
vn 1.000000 0.000000 0.000000
vn 1.000000 0.000000 0.000000
vn 1.000000 0.000000 0.000000
vn 1.000000 0.000000 0.000000
vn 1.000000 0.000000 0.000000
vn 1.000000 0.000000 0.000000
vn 0.000000 -1.000000 -0.000000
vn 0.000000 -1.000000 -0.000000
vn 0.000000 -1.000000 -0.000000
vn 0.000000 -0.000000 1.000000
vn 0.000000 -0.000000 1.000000
vn 0.000000 -0.000000 1.000000
vn 0.000000 -1.000000 -0.000000
vn 0.000000 -1.000000 -0.000000
vn 0.000000 -1.000000 -0.000000
vn 0.000000 -1.000000 -0.000000
vn 0.000000 -1.000000 -0.000000
vn 0.000000 -1.000000 -0.000000
vn 0.000000 -1.000000 -0.000000
vn 0.000000 -1.000000 -0.000000
vn 0.000000 -1.000000 -0.000000
vn 0.000000 -1.000000 -0.000000
vn 0.000000 -1.000000 -0.000000
vn 0.000000 -1.000000 -0.000000
vn 0.000000 -1.000000 -0.000000
vn 0.000000 -1.000000 -0.000000
vn 0.000000 -1.000000 -0.000000
vn 0.000000 -1.000000 -0.000000
vn 0.000000 -1.000000 -0.000000
vn 0.000000 -1.000000 -0.000000
vn 0.000000 -1.000000 -0.000000
vn 0.000000 -1.000000 -0.000000
vn 0.000000 0.000000 -1.000000
vn 0.000000 0.000000 -1.000000
vn 0.000000 0.000000 -1.000000
vn 0.000000 0.000000 -1.000000
vn 0.000000 0.000000 -1.000000
vn 0.000000 0.000000 -1.000000
vn 0.000000 0.000000 -1.000000
vn 0.000000 0.000000 -1.000000
vn 0.000000 0.000000 -1.000000
vn 0.000000 0.000000 -1.000000
vn -1.000000 0.000000 0.000000
vn -1.000000 0.000000 0.000000
vn -1.000000 0.000000 0.000000
vn -1.000000 0.000000 0.000000
vn -1.000000 0.000000 0.000000
vn -1.000000 0.000000 0.000000
vn -1.000000 0.000000 0.000000
vn -1.000000 0.000000 0.000000
vn 0.000000 -1.000000 -0.000000
vn 0.000000 -1.000000 -0.000000
vn 0.000000 -1.000000 -0.000000
vn -1.000000 0.000000 0.000000
vn -1.000000 0.000000 0.000000
vn -1.000000 0.000000 0.000000
vn -1.000000 0.000000 0.000000
vn -1.000000 0.000000 0.000000
vn -1.000000 0.000000 0.000000
vn -1.000000 0.000000 0.000000
vn -1.000000 0.000000 0.000000
vn 1.000000 0.000000 0.000000
vn 1.000000 0.000000 0.000000
vn 1.000000 0.000000 0.000000
vn 1.000000 0.000000 0.000000
vn 1.000000 0.000000 0.000000
vn 1.000000 0.000000 0.000000
vn 1.000000 0.000000 0.000000
vn 1.000000 0.000000 0.000000
vn 1.000000 0.000000 0.000000
vn 1.000000 0.000000 0.000000
vn 1.000000 0.000000 0.000000
vn 1.000000 0.000000 0.000000
vn 1.000000 0.000000 0.000000
vn 1.000000 0.000000 0.000000
vn 1.000000 0.000000 0.000000
vn 1.000000 0.000000 0.000000
vn 1.000000 0.000000 0.000000
vn 1.000000 0.000000 0.000000
vn 1.000000 0.000000 0.000000
vn 0.000000 -1.000000 -0.000000
vn 0.000000 -1.000000 -0.000000
vn 0.000000 -1.000000 -0.000000
vn 0.000000 1.000000 0.000000
vn 0.000000 1.000000 0.000000
vn 0.000000 1.000000 0.000000
vn 0.000000 1.000000 0.000000
vn 0.000000 1.000000 0.000000
vn 0.000000 1.000000 0.000000
vn 0.000000 1.000000 0.000000
vn 0.000000 1.000000 0.000000
vn 0.000000 1.000000 0.000000
vn 0.000000 1.000000 0.000000
vn 0.000000 1.000000 0.000000
vn 0.000000 1.000000 0.000000
vn 0.000000 1.000000 0.000000
vn 0.000000 -1.000000 -0.000000
vn 0.000000 -1.000000 -0.000000
vn 0.000000 -1.000000 -0.000000
vn 0.000000 -1.000000 -0.000000
vn 0.000000 -1.000000 -0.000000
vn 0.000000 -1.000000 -0.000000
vn 0.000000 -1.000000 -0.000000
vn 0.000000 -1.000000 -0.000000
vn 0.000000 -1.000000 -0.000000
vn 0.000000 -1.000000 -0.000000
vn 0.000000 -1.000000 -0.000000
vn 0.000000 -1.000000 -0.000000
vn -1.000000 0.000000 0.000000
vn -1.000000 0.000000 0.000000
vn -1.000000 0.000000 0.000000
vn 0.000000 -1.000000 -0.000000
vn 0.000000 -1.000000 -0.000000
vn 0.000000 -1.000000 -0.000000
vn 0.000000 -1.000000 -0.000000
vn 0.000000 -1.000000 -0.000000
vn 0.000000 -1.000000 -0.000000
vn 0.000000 -1.000000 -0.000000
vn 0.000000 -1.000000 -0.000000
vn 0.000000 -1.000000 -0.000000
vn 0.000000 -1.000000 -0.000000
vn 0.000000 -1.000000 -0.000000
vn 0.000000 -1.000000 -0.000000
vn 0.000000 1.000000 0.000000
vn 0.000000 1.000000 0.000000
vn 0.000000 1.000000 0.000000
vn 1.000000 0.000000 0.000000
vn 1.000000 0.000000 0.000000
vn 1.000000 0.000000 0.000000
vn 1.000000 0.000000 0.000000
vn 1.000000 0.000000 0.000000
vn 1.000000 0.000000 0.000000
vn 1.000000 0.000000 0.000000
vn 1.000000 0.000000 0.000000
vn 0.000000 -0.000000 1.000000
vn 0.000000 -0.000000 1.000000
vn 0.000000 -0.000000 1.000000
vn 0.000000 -0.000000 1.000000
vn 0.000000 -0.000000 1.000000
vn 0.000000 -0.000000 1.000000
vn 0.000000 -0.000000 1.000000
vn 0.000000 -0.000000 1.000000
vn -1.000000 0.000000 0.000000
vn -1.000000 0.000000 0.000000
vn -1.000000 0.000000 0.000000
vn -1.000000 0.000000 0.000000
vn -1.000000 0.000000 0.000000
vn -1.000000 0.000000 0.000000
vn -1.000000 0.000000 0.000000
vn -1.000000 0.000000 0.000000
vn -1.000000 0.000000 0.000000
vn -1.000000 0.000000 0.000000
vn -1.000000 0.000000 0.000000
vn -1.000000 0.000000 0.000000
vn -1.000000 0.000000 0.000000
vn -1.000000 0.000000 0.000000
vn 0.000000 -1.000000 -0.000000
vn 0.000000 -1.000000 -0.000000
vn 0.000000 -1.000000 -0.000000
vn 0.000000 -1.000000 -0.000000
vn 0.000000 -1.000000 -0.000000
vn 0.000000 -1.000000 -0.000000
vn 0.000000 -1.000000 -0.000000
vn 0.000000 -1.000000 -0.000000
vn 0.000000 -1.000000 -0.000000
vn 0.000000 -1.000000 -0.000000
vn 1.000000 0.000000 0.000000
vn 1.000000 0.000000 0.000000
vn 1.000000 0.000000 0.000000
vn 1.000000 0.000000 0.000000
vn 1.000000 0.000000 0.000000
vn 1.000000 0.000000 0.000000
vn 1.000000 0.000000 0.000000
vn 1.000000 0.000000 0.000000
vn 0.000000 1.000000 0.000000
vn 0.000000 1.000000 0.000000
vn 0.000000 1.000000 0.000000
vn -1.000000 0.000000 0.000000
vn -1.000000 0.000000 0.000000
vn -1.000000 0.000000 0.000000
vn -1.000000 0.000000 0.000000
vn -1.000000 0.000000 0.000000
vn -1.000000 0.000000 0.000000
vn -1.000000 0.000000 0.000000
vn -1.000000 0.000000 0.000000
vn -1.000000 0.000000 0.000000
vn 1.000000 0.000000 0.000000
vn 1.000000 0.000000 0.000000
vn 1.000000 0.000000 0.000000
vn 1.000000 0.000000 0.000000
vn 1.000000 0.000000 0.000000
vn 1.000000 0.000000 0.000000
vn 1.000000 0.000000 0.000000
vn 1.000000 0.000000 0.000000
vn 1.000000 0.000000 0.000000
vn 1.000000 0.000000 0.000000
vn 1.000000 0.000000 0.000000
vn 1.000000 0.000000 0.000000
vn 0.000000 1.000000 0.000000
vn 0.000000 1.000000 0.000000
vn 0.000000 1.000000 0.000000
vn 1.000000 0.000000 0.000000
vn 1.000000 0.000000 0.000000
vn 1.000000 0.000000 0.000000
vn 1.000000 0.000000 0.000000
vn 1.000000 0.000000 0.000000
vn 1.000000 0.000000 0.000000
vn 1.000000 0.000000 0.000000
vn 1.000000 0.000000 0.000000
vn 1.000000 0.000000 0.000000
vn 1.000000 0.000000 0.000000
vn 1.000000 0.000000 0.000000
vn 1.000000 0.000000 0.000000
vn 1.000000 0.000000 0.000000
vn 1.000000 0.000000 0.000000
vn 1.000000 0.000000 0.000000
vn 0.000000 1.000000 0.000000
vn 0.000000 1.000000 0.000000
vn 0.000000 1.000000 0.000000
vn 0.000000 1.000000 0.000000
vn 0.000000 1.000000 0.000000
vn 1.000000 0.000000 0.000000
vn 1.000000 0.000000 0.000000
vn 1.000000 0.000000 0.000000
vn 0.000000 0.000000 -1.000000
vn 0.000000 0.000000 -1.000000
vn 0.000000 0.000000 -1.000000
vn 0.000000 1.000000 0.000000
vn 0.000000 1.000000 0.000000
vn 0.000000 1.000000 0.000000
vn -1.000000 0.000000 0.000000
vn -1.000000 0.000000 0.000000
vn -1.000000 0.000000 0.000000
vn -1.000000 0.000000 0.000000
vn -1.000000 0.000000 0.000000
vn -1.000000 0.000000 0.000000
vn -1.000000 0.000000 0.000000
vn -1.000000 0.000000 0.000000
vn 0.000000 1.000000 0.000000
vn 0.000000 1.000000 0.000000
vn 0.000000 1.000000 0.000000
vn 0.000000 1.000000 0.000000
vn 0.000000 1.000000 0.000000
vn 0.000000 1.000000 0.000000
vn 0.000000 1.000000 0.000000
vn 0.000000 1.000000 0.000000
vn 0.000000 1.000000 0.000000
vn 0.000000 -0.000000 1.000000
vn 0.000000 -0.000000 1.000000
vn 0.000000 -0.000000 1.000000
vn 0.000000 1.000000 0.000000
vn 0.000000 1.000000 0.000000
vn 0.000000 1.000000 0.000000
vn 0.000000 1.000000 0.000000
vn 0.000000 1.000000 0.000000
vn 0.000000 1.000000 0.000000
vn 0.000000 1.000000 0.000000
vn 0.000000 1.000000 0.000000
vn 0.000000 1.000000 0.000000
vn 0.000000 1.000000 0.000000
vn 0.000000 1.000000 0.000000
vn 0.000000 1.000000 0.000000
vn 0.000000 1.000000 0.000000
vn 0.000000 1.000000 0.000000
vn 0.000000 1.000000 0.000000
vn 0.000000 1.000000 0.000000
vn 0.000000 1.000000 0.000000
vn 0.000000 1.000000 0.000000
vn 0.000000 1.000000 0.000000
vn 0.000000 1.000000 0.000000
vn 0.000000 -0.000000 1.000000
vn 0.000000 -0.000000 1.000000
vn 0.000000 -0.000000 1.000000
vn 0.000000 0.000000 -1.000000
vn 0.000000 0.000000 -1.000000
vn 0.000000 0.000000 -1.000000
vn 0.000000 -0.000000 1.000000
vn 0.000000 -0.000000 1.000000
vn 0.000000 -0.000000 1.000000
vn 0.000000 -0.000000 1.000000
vn 0.000000 -0.000000 1.000000
vn 0.000000 -0.000000 1.000000
vn 0.000000 -0.000000 1.000000
vn 0.000000 -0.000000 1.000000
vn 0.000000 1.000000 0.000000
vn 0.000000 1.000000 0.000000
vn 0.000000 1.000000 0.000000
vn 0.000000 1.000000 0.000000
vn 0.000000 1.000000 0.000000
vn 0.000000 1.000000 0.000000
vn 0.000000 1.000000 0.000000
vn 0.000000 1.000000 0.000000
vn 0.000000 1.000000 0.000000
vn 0.000000 -1.000000 -0.000000
vn 0.000000 -1.000000 -0.000000
vn 0.000000 -1.000000 -0.000000
vn 0.000000 -1.000000 -0.000000
vn 0.000000 -1.000000 -0.000000
vn 0.000000 -0.000000 1.000000
vn 0.000000 -0.000000 1.000000
vn 0.000000 -0.000000 1.000000
vn 0.000000 1.000000 0.000000
vn 0.000000 1.000000 0.000000
vn 0.000000 1.000000 0.000000
vn 0.000000 1.000000 0.000000
vn 0.000000 1.000000 0.000000
vn 0.000000 1.000000 0.000000
vn 0.000000 1.000000 0.000000
vn 0.000000 1.000000 0.000000
vn 0.000000 1.000000 0.000000
vn 0.000000 1.000000 0.000000
vn 0.000000 1.000000 0.000000
vn 0.000000 1.000000 0.000000
vn 0.000000 1.000000 0.000000
vn 0.000000 1.000000 0.000000
vn 0.000000 1.000000 0.000000
vn 0.000000 -0.000000 1.000000
vn 0.000000 -0.000000 1.000000
vn 0.000000 -0.000000 1.000000
vn 0.000000 -0.000000 1.000000
vn 0.000000 -0.000000 1.000000
vn 0.000000 -0.000000 1.000000
vn 0.000000 -0.000000 1.000000
vn 0.000000 -0.000000 1.000000
vn 0.000000 -1.000000 -0.000000
vn 0.000000 -1.000000 -0.000000
vn 0.000000 -1.000000 -0.000000
vn 0.000000 -0.000000 1.000000
vn 0.000000 -0.000000 1.000000
vn 0.000000 -0.000000 1.000000
vn 0.000000 -0.000000 1.000000
vn 0.000000 -0.000000 1.000000
vn 0.000000 -0.000000 1.000000
vn 0.000000 -0.000000 1.000000
vn 0.000000 -0.000000 1.000000
vn 0.000000 -0.000000 1.000000
vn 0.000000 -0.000000 1.000000
vn 0.000000 -1.000000 -0.000000
vn 0.000000 -1.000000 -0.000000
vn 0.000000 -1.000000 -0.000000
vn 0.000000 -1.000000 -0.000000
vn 0.000000 -1.000000 -0.000000
vn 0.000000 -1.000000 -0.000000
vn 0.000000 1.000000 0.000000
vn 0.000000 1.000000 0.000000
vn 0.000000 1.000000 0.000000
vn 1.000000 0.000000 0.000000
vn 1.000000 0.000000 0.000000
vn 1.000000 0.000000 0.000000
vn 1.000000 0.000000 0.000000
vn 1.000000 0.000000 0.000000
vn 1.000000 0.000000 0.000000
vn 1.000000 0.000000 0.000000
vn 1.000000 0.000000 0.000000
vn 1.000000 0.000000 0.000000
vn 1.000000 0.000000 0.000000
vn 1.000000 0.000000 0.000000
vn 1.000000 0.000000 0.000000
vn 1.000000 0.000000 0.000000
vn 1.000000 0.000000 0.000000
vn 1.000000 0.000000 0.000000
vn 0.000000 -1.000000 -0.000000
vn 0.000000 -1.000000 -0.000000
vn 0.000000 -1.000000 -0.000000
vn 0.000000 -1.000000 -0.000000
vn 0.000000 -1.000000 -0.000000
vn 0.000000 -1.000000 -0.000000
vn 0.000000 1.000000 0.000000
vn 0.000000 1.000000 0.000000
vn 0.000000 1.000000 0.000000
vn 0.000000 0.000000 -1.000000
vn 0.000000 0.000000 -1.000000
vn 0.000000 0.000000 -1.000000
vn 0.000000 0.000000 -1.000000
vn 0.000000 0.000000 -1.000000
vn 0.000000 0.000000 -1.000000
vn 0.000000 0.000000 -1.000000
vn 0.000000 0.000000 -1.000000
vn 0.000000 1.000000 0.000000
vn 0.000000 1.000000 0.000000
vn 0.000000 1.000000 0.000000
vn 0.000000 1.000000 0.000000
vn 0.000000 1.000000 0.000000
vn 0.000000 1.000000 0.000000
vn 0.000000 1.000000 0.000000
vn 0.000000 1.000000 0.000000
vn 0.000000 1.000000 0.000000
vn 0.000000 1.000000 0.000000
vn 0.000000 1.000000 0.000000
vn 0.000000 1.000000 0.000000
vn -1.000000 0.000000 0.000000
vn -1.000000 0.000000 0.000000
vn -1.000000 0.000000 0.000000
vn -1.000000 0.000000 0.000000
vn -1.000000 0.000000 0.000000
vn 0.000000 1.000000 0.000000
vn 0.000000 1.000000 0.000000
vn 0.000000 1.000000 0.000000
vn 0.000000 1.000000 0.000000
vn 0.000000 1.000000 0.000000
vn 0.000000 1.000000 0.000000
vn 0.000000 1.000000 0.000000
vn 0.000000 1.000000 0.000000
vn 0.000000 1.000000 0.000000
vn 0.000000 1.000000 0.000000
vn 0.000000 1.000000 0.000000
vn 0.000000 1.000000 0.000000
vn 0.000000 -0.000000 1.000000
vn 0.000000 -0.000000 1.000000
vn 0.000000 -0.000000 1.000000
vn 0.000000 0.000000 -1.000000
vn 0.000000 0.000000 -1.000000
vn 0.000000 0.000000 -1.000000
vn 0.000000 0.000000 -1.000000
vn 0.000000 0.000000 -1.000000
vn 0.000000 0.000000 -1.000000
vn 0.000000 0.000000 -1.000000
vn 0.000000 0.000000 -1.000000
vn 0.000000 0.000000 -1.000000
vn 0.000000 0.000000 -1.000000
vn 0.000000 0.000000 -1.000000
vn 0.000000 0.000000 -1.000000
vn 0.000000 -1.000000 -0.000000
vn 0.000000 -1.000000 -0.000000
vn 0.000000 -1.000000 -0.000000
vn 0.000000 -1.000000 -0.000000
vn 0.000000 -1.000000 -0.000000
vn 0.000000 -1.000000 -0.000000
vn 0.000000 -1.000000 -0.000000
vn 0.000000 -1.000000 -0.000000
vn 0.000000 -1.000000 -0.000000
vn 0.000000 -1.000000 -0.000000
vn 0.000000 -1.000000 -0.000000
vn 0.000000 -1.000000 -0.000000
vn 0.000000 -1.000000 -0.000000
vn 0.000000 -1.000000 -0.000000
vn 0.000000 -1.000000 -0.000000
vn 0.000000 -1.000000 -0.000000
vn 0.000000 -1.000000 -0.000000
vn 0.000000 -1.000000 -0.000000
vn 0.000000 -1.000000 -0.000000
vn 0.000000 -1.000000 -0.000000
vn -1.000000 0.000000 0.000000
vn -1.000000 0.000000 0.000000
vn -1.000000 0.000000 0.000000
vn -1.000000 0.000000 0.000000
vn -1.000000 0.000000 0.000000
vn -1.000000 0.000000 0.000000
vn -1.000000 0.000000 0.000000
vn -1.000000 0.000000 0.000000
vn 1.000000 0.000000 0.000000
vn 1.000000 0.000000 0.000000
vn 1.000000 0.000000 0.000000
vn 1.000000 0.000000 0.000000
vn 1.000000 0.000000 0.000000
vn 1.000000 0.000000 0.000000
vn 1.000000 0.000000 0.000000
vn 1.000000 0.000000 0.000000
vn -1.000000 0.000000 0.000000
vn -1.000000 0.000000 0.000000
vn -1.000000 0.000000 0.000000
vn -1.000000 0.000000 0.000000
vn -1.000000 0.000000 0.000000
vn -1.000000 0.000000 0.000000
vn -1.000000 0.000000 0.000000
vn -1.000000 0.000000 0.000000
vn 0.000000 0.000000 -1.000000
vn 0.000000 0.000000 -1.000000
vn 0.000000 0.000000 -1.000000
vn 0.000000 0.000000 -1.000000
vn 0.000000 0.000000 -1.000000
vn 0.000000 0.000000 -1.000000
vn 0.000000 0.000000 -1.000000
vn 0.000000 0.000000 -1.000000
vn 0.000000 0.000000 -1.000000
vn 0.000000 0.000000 -1.000000
vn 0.000000 1.000000 0.000000
vn 0.000000 1.000000 0.000000
vn 0.000000 1.000000 0.000000
vn 1.000000 0.000000 0.000000
vn 1.000000 0.000000 0.000000
vn 1.000000 0.000000 0.000000
vn 1.000000 0.000000 0.000000
vn 1.000000 0.000000 0.000000
vn 1.000000 0.000000 0.000000
vn 1.000000 0.000000 0.000000
vn 1.000000 0.000000 0.000000
vn 1.000000 0.000000 0.000000
vn 0.000000 -1.000000 -0.000000
vn 0.000000 -1.000000 -0.000000
vn 0.000000 -1.000000 -0.000000
vn 0.000000 -0.000000 1.000000
vn 0.000000 -0.000000 1.000000
vn 0.000000 -0.000000 1.000000
vn 0.000000 -0.000000 1.000000
vn 0.000000 -0.000000 1.000000
vn 0.000000 -0.000000 1.000000
vn 0.000000 -0.000000 1.000000
vn 0.000000 -0.000000 1.000000
vn 0.000000 -0.000000 1.000000
vn 0.000000 -0.000000 1.000000
vn 1.000000 0.000000 0.000000
vn 1.000000 0.000000 0.000000
vn 1.000000 0.000000 0.000000
vn 1.000000 0.000000 0.000000
vn 1.000000 0.000000 0.000000
vn 1.000000 0.000000 0.000000
vn 1.000000 0.000000 0.000000
vn 1.000000 0.000000 0.000000
vn 1.000000 0.000000 0.000000
vn 1.000000 0.000000 0.000000
vn 1.000000 0.000000 0.000000
vn 1.000000 0.000000 0.000000
vn 1.000000 0.000000 0.000000
vn 1.000000 0.000000 0.000000
vn 1.000000 0.000000 0.000000
vn 1.000000 0.000000 0.000000
vn 1.000000 0.000000 0.000000
vn 1.000000 0.000000 0.000000
vn 1.000000 0.000000 0.000000
vn 1.000000 0.000000 0.000000
vn -1.000000 0.000000 0.000000
vn -1.000000 0.000000 0.000000
vn -1.000000 0.000000 0.000000
vn -1.000000 0.000000 0.000000
vn -1.000000 0.000000 0.000000
vn -1.000000 0.000000 0.000000
vn -1.000000 0.000000 0.000000
vn -1.000000 0.000000 0.000000
vn -1.000000 0.000000 0.000000
vn 1.000000 0.000000 0.000000
vn 1.000000 0.000000 0.000000
vn 1.000000 0.000000 0.000000
vn 1.000000 0.000000 0.000000
vn 1.000000 0.000000 0.000000
vn 1.000000 0.000000 0.000000
vn 1.000000 0.000000 0.000000
vn 1.000000 0.000000 0.000000
vn 1.000000 0.000000 0.000000
vn 1.000000 0.000000 0.000000
vn 1.000000 0.000000 0.000000
vn 1.000000 0.000000 0.000000
vn 0.000000 1.000000 0.000000
vn 0.000000 1.000000 0.000000
vn 0.000000 1.000000 0.000000
vn 0.000000 1.000000 0.000000
vn 0.000000 1.000000 0.000000
vn 0.000000 1.000000 0.000000
vn 1.000000 0.000000 0.000000
vn 1.000000 0.000000 0.000000
vn 1.000000 0.000000 0.000000
vn 1.000000 0.000000 0.000000
vn 1.000000 0.000000 0.000000
vn 1.000000 0.000000 0.000000
vn 1.000000 0.000000 0.000000
vn 1.000000 0.000000 0.000000
vn 1.000000 0.000000 0.000000
vn 1.000000 0.000000 0.000000
vn -1.000000 0.000000 0.000000
vn -1.000000 0.000000 0.000000
vn -1.000000 0.000000 0.000000
vn -1.000000 0.000000 0.000000
vn -1.000000 0.000000 0.000000
vn -1.000000 0.000000 0.000000
vn -1.000000 0.000000 0.000000
vn -1.000000 0.000000 0.000000
vn -1.000000 0.000000 0.000000
vn -1.000000 0.000000 0.000000
vn 0.000000 -0.000000 1.000000
vn 0.000000 -0.000000 1.000000
vn 0.000000 -0.000000 1.000000
vn 0.000000 -0.000000 1.000000
vn 0.000000 -0.000000 1.000000
vn 0.000000 -0.000000 1.000000
vn 0.000000 0.000000 -1.000000
vn 0.000000 0.000000 -1.000000
vn 0.000000 0.000000 -1.000000
vn 0.000000 1.000000 0.000000
vn 0.000000 1.000000 0.000000
vn 0.000000 1.000000 0.000000
vn 0.000000 -1.000000 -0.000000
vn 0.000000 -1.000000 -0.000000
vn 0.000000 -1.000000 -0.000000
vn -1.000000 0.000000 0.000000
vn -1.000000 0.000000 0.000000
vn -1.000000 0.000000 0.000000
vn -1.000000 0.000000 0.000000
vn -1.000000 0.000000 0.000000
vn -1.000000 0.000000 0.000000
vn 0.000000 -1.000000 -0.000000
vn 0.000000 -1.000000 -0.000000
vn 0.000000 -1.000000 -0.000000
vn 0.000000 -1.000000 -0.000000
vn 0.000000 -1.000000 -0.000000
vn 0.000000 -1.000000 -0.000000
vn 0.000000 -1.000000 -0.000000
vn 0.000000 -1.000000 -0.000000
vn 0.000000 -1.000000 -0.000000
vn 0.000000 -1.000000 -0.000000
vn 0.000000 -1.000000 -0.000000
vn 0.000000 1.000000 0.000000
vn 0.000000 1.000000 0.000000
vn 0.000000 1.000000 0.000000
vn 0.000000 1.000000 0.000000
vn 0.000000 1.000000 0.000000
vn 0.000000 1.000000 0.000000
vn 0.000000 1.000000 0.000000
vn 0.000000 1.000000 0.000000
vn 0.000000 1.000000 0.000000
vn 0.000000 1.000000 0.000000
vn 0.000000 1.000000 0.000000
vn 0.000000 1.000000 0.000000
vn 0.000000 1.000000 0.000000
vn 0.000000 1.000000 0.000000
vn 0.000000 1.000000 0.000000
vn 0.000000 -1.000000 -0.000000
vn 0.000000 -1.000000 -0.000000
vn 0.000000 -1.000000 -0.000000
vn 0.000000 -1.000000 -0.000000
vn 0.000000 -1.000000 -0.000000
vn 0.000000 -1.000000 -0.000000
vn 0.000000 -1.000000 -0.000000
vn 0.000000 -1.000000 -0.000000
vn 0.000000 -1.000000 -0.000000
vn 0.000000 -1.000000 -0.000000
vn 0.000000 -1.000000 -0.000000
vn 0.000000 -1.000000 -0.000000
vn 1.000000 0.000000 0.000000
vn 1.000000 0.000000 0.000000
vn 1.000000 0.000000 0.000000
vn 1.000000 0.000000 0.000000
vn 1.000000 0.000000 0.000000
vn 1.000000 0.000000 0.000000
vn 1.000000 0.000000 0.000000
vn 1.000000 0.000000 0.000000
vn 0.000000 1.000000 0.000000
vn 0.000000 1.000000 0.000000
vn 0.000000 1.000000 0.000000
vn -1.000000 0.000000 0.000000
vn -1.000000 0.000000 0.000000
vn -1.000000 0.000000 0.000000
vn -1.000000 0.000000 0.000000
vn -1.000000 0.000000 0.000000
vn -1.000000 0.000000 0.000000
vn -1.000000 0.000000 0.000000
vn -1.000000 0.000000 0.000000
vn 0.000000 1.000000 0.000000
vn 0.000000 1.000000 0.000000
vn 0.000000 1.000000 0.000000
vn 0.000000 1.000000 0.000000
vn 0.000000 1.000000 0.000000
vn 0.000000 1.000000 0.000000
vn 0.000000 1.000000 0.000000
vn 0.000000 1.000000 0.000000
vn 0.000000 1.000000 0.000000
vn 0.000000 1.000000 0.000000
vn 0.000000 1.000000 0.000000
vn 0.000000 1.000000 0.000000
vn 0.000000 1.000000 0.000000
vn 0.000000 1.000000 0.000000
vn 0.000000 1.000000 0.000000
vn 0.000000 1.000000 0.000000
vn 0.000000 1.000000 0.000000
vn 0.000000 1.000000 0.000000
vn 0.000000 1.000000 0.000000
vn 0.000000 1.000000 0.000000
vn 0.000000 -1.000000 -0.000000
vn 0.000000 -1.000000 -0.000000
vn 0.000000 -1.000000 -0.000000
vn 0.000000 1.000000 0.000000
vn 0.000000 1.000000 0.000000
vn 0.000000 1.000000 0.000000
vn 0.000000 1.000000 0.000000
vn 0.000000 1.000000 0.000000
vn 0.000000 1.000000 0.000000
vn 0.000000 1.000000 0.000000
vn 0.000000 1.000000 0.000000
vn 0.000000 1.000000 0.000000
vn 0.000000 1.000000 0.000000
vn 0.000000 1.000000 0.000000
vn 0.000000 1.000000 0.000000
vn 0.000000 1.000000 0.000000
vn 0.000000 1.000000 0.000000
vn 0.000000 1.000000 0.000000
vn 0.000000 1.000000 0.000000
vn 0.000000 1.000000 0.000000
vn 0.000000 1.000000 0.000000
vn 0.000000 1.000000 0.000000
vn 0.000000 1.000000 0.000000
vn 0.000000 1.000000 0.000000
vn 0.000000 1.000000 0.000000
vn 0.000000 1.000000 0.000000
vn 0.000000 -0.000000 1.000000
vn 0.000000 -0.000000 1.000000
vn 0.000000 -0.000000 1.000000
vn 0.000000 -0.000000 1.000000
vn 0.000000 1.000000 0.000000
vn 0.000000 1.000000 0.000000
vn 0.000000 1.000000 0.000000
vn 0.000000 1.000000 0.000000
vn 0.000000 -0.000000 1.000000
vn 0.000000 -0.000000 1.000000
vn 0.000000 -0.000000 1.000000
vn 0.000000 -0.000000 1.000000
vn 0.000000 -0.000000 1.000000
vn 0.000000 -0.000000 1.000000
vn 0.000000 -0.000000 1.000000
vn 0.000000 -0.000000 1.000000
vn 0.000000 -0.000000 1.000000
vn 0.000000 -0.000000 1.000000
vn 0.000000 -0.000000 1.000000
vn 0.000000 -0.000000 1.000000
vn 0.000000 -0.000000 1.000000
vn 0.000000 -0.000000 1.000000
vn 0.000000 -0.000000 1.000000
vn 0.000000 -0.000000 1.000000
vn -0.217607 -0.000000 0.976036
vn -0.328599 -0.000000 0.944470
vn -0.328599 -0.000000 0.944470
vn -0.620703 -0.000000 0.784046
vn 0.000000 -0.000000 1.000000
vn 0.000000 -0.000000 1.000000
vn 0.000000 -0.000000 1.000000
vn 0.000000 -0.000000 1.000000
vn 0.000000 -0.000000 1.000000
vn 0.000000 -0.000000 1.000000
vn 0.000000 -0.000000 1.000000
vn 0.000000 -0.000000 1.000000
vn 0.000000 -0.000000 1.000000
vn 0.000000 -0.000000 1.000000
vn 0.000000 -0.000000 1.000000
vn 0.000000 -0.000000 1.000000
vn 0.000000 -0.000000 1.000000
vn 0.000000 -0.000000 1.000000
vn 0.000000 -0.000000 1.000000
vn 0.000000 -0.000000 1.000000
vn 0.000000 -0.000000 1.000000
vn 0.000000 -0.000000 1.000000
vn 0.000000 -0.000000 1.000000
vn -0.217607 -0.000000 0.976036
vn -0.328599 -0.000000 0.944470
vn -0.328599 -0.000000 0.944470
vn -0.620703 -0.000000 0.784046
vn 0.000000 -0.000000 1.000000
vn 0.000000 -0.000000 1.000000
vn 0.000000 -0.000000 1.000000
vn 0.000000 -0.000000 1.000000
vn 0.000000 -0.000000 1.000000
vn 0.000000 -0.000000 1.000000
vn 0.000000 -0.000000 1.000000
vn 0.000000 -0.000000 1.000000
vn 0.000000 -0.000000 1.000000
vn 0.000000 -0.000000 1.000000
vn -0.217607 -0.000000 0.976036
vn -0.328599 -0.000000 0.944470
vn -0.328599 -0.000000 0.944470
vn -0.161868 -0.000000 0.986812
vn 0.000000 1.000000 0.000000
vn 0.000000 1.000000 0.000000
vn 0.000000 1.000000 0.000000
vn 0.000000 1.000000 0.000000
vn 1.000000 0.000000 0.000000
vn 1.000000 0.000000 0.000000
vn 1.000000 0.000000 0.000000
vn 1.000000 0.000000 0.000000
vn 1.000000 0.000000 0.000000
vn 1.000000 0.000000 0.000000
vn 1.000000 0.000000 0.000000
vn 1.000000 0.000000 0.000000
vn 1.000000 0.000000 0.000000
vn 1.000000 0.000000 0.000000
vn 1.000000 0.000000 0.000000
vn 1.000000 0.000000 0.000000
vn 1.000000 0.000000 0.000000
vn 1.000000 0.000000 0.000000
vn 1.000000 0.000000 0.000000
vn 1.000000 0.000000 0.000000
vn 1.000000 0.000000 0.000000
vn 1.000000 0.000000 0.000000
vn 1.000000 0.000000 0.000000
vn 1.000000 0.000000 0.000000
vn 1.000000 0.000000 0.000000
vn 1.000000 0.000000 0.000000
vn 1.000000 0.000000 0.000000
vn 1.000000 0.000000 0.000000
vn 1.000000 0.000000 0.000000
vn 1.000000 0.000000 0.000000
vn 1.000000 0.000000 0.000000
vn 1.000000 0.000000 0.000000
vn 1.000000 0.000000 0.000000
vn 1.000000 0.000000 0.000000
vn 1.000000 0.000000 0.000000
vn 1.000000 0.000000 0.000000
vn 1.000000 0.000000 0.000000
vn 1.000000 0.000000 0.000000
vn 1.000000 0.000000 0.000000
vn 1.000000 0.000000 0.000000
vn 0.000000 -1.000000 -0.000000
vn 0.000000 -1.000000 -0.000000
vn 0.000000 -1.000000 -0.000000
vn 0.000000 -1.000000 -0.000000
vn 0.000000 -1.000000 -0.000000
vn 0.000000 -1.000000 -0.000000
vn 0.000000 -1.000000 -0.000000
vn 0.000000 -1.000000 -0.000000
vn 0.000000 -1.000000 -0.000000
vn 0.000000 -0.000000 1.000000
vn 0.000000 -0.000000 1.000000
vn 0.000000 -0.000000 1.000000
vn 0.000000 -0.000000 1.000000
vn 0.000000 -1.000000 -0.000000
vn 0.000000 -1.000000 -0.000000
vn 0.000000 -1.000000 -0.000000
vn 0.000000 -1.000000 -0.000000
vn 0.000000 -1.000000 -0.000000
vn 0.000000 -1.000000 -0.000000
vn 0.000000 -1.000000 -0.000000
vn 0.000000 -1.000000 -0.000000
vn 0.000000 -1.000000 -0.000000
vn 0.000000 -1.000000 -0.000000
vn 0.000000 -1.000000 -0.000000
vn 0.000000 -1.000000 -0.000000
vn 0.000000 -1.000000 -0.000000
vn 0.000000 -1.000000 -0.000000
vn 0.000000 -1.000000 -0.000000
vn 0.000000 -1.000000 -0.000000
vn 0.000000 -1.000000 -0.000000
vn 0.000000 -1.000000 -0.000000
vn 0.000000 -1.000000 -0.000000
vn 0.000000 -1.000000 -0.000000
vn 0.000000 -1.000000 -0.000000
vn 0.000000 -1.000000 -0.000000
vn 0.000000 -1.000000 -0.000000
vn 0.000000 -1.000000 -0.000000
vn 0.000000 -1.000000 -0.000000
vn 0.000000 -1.000000 -0.000000
vn 0.000000 -1.000000 -0.000000
vn 0.000000 -1.000000 -0.000000
vn 0.000000 -1.000000 -0.000000
vn 0.000000 -1.000000 -0.000000
vn 0.000000 -1.000000 -0.000000
vn 0.000000 -1.000000 -0.000000
vn 0.000000 -1.000000 -0.000000
vn 0.000000 -1.000000 -0.000000
vn 0.000000 -1.000000 -0.000000
vn 0.000000 -0.000000 1.000000
vn 0.000000 -0.000000 1.000000
vn 0.000000 -0.000000 1.000000
vn 0.000000 -0.000000 1.000000
vn 0.000000 -0.000000 1.000000
vn 0.000000 -0.000000 1.000000
vn 0.000000 -0.000000 1.000000
vn 0.000000 -0.000000 1.000000
vn 0.000000 -0.000000 1.000000
vn 0.000000 -0.000000 1.000000
vn 0.000000 -0.000000 1.000000
vn 0.000000 -0.000000 1.000000
vn 0.000000 1.000000 0.000000
vn 0.000000 1.000000 0.000000
vn 0.000000 1.000000 0.000000
vn 0.000000 1.000000 0.000000
vn 0.000000 -0.000000 1.000000
vn 0.000000 -0.000000 1.000000
vn 0.000000 -0.000000 1.000000
vn 0.000000 -0.000000 1.000000
vn 0.000000 -0.000000 1.000000
vn 0.000000 -0.000000 1.000000
vn 0.000000 -0.000000 1.000000
vn 0.000000 -0.000000 1.000000
vn 0.000000 -0.000000 1.000000
vn 0.000000 -0.000000 1.000000
vn 0.000000 -0.000000 1.000000
vn 0.000000 -0.000000 1.000000
vn 0.000000 -0.000000 1.000000
vn 0.000000 -0.000000 1.000000
vn 0.000000 -0.000000 1.000000
vn 0.000000 -0.000000 1.000000
vn 1.000000 0.000000 0.000000
vn 1.000000 0.000000 0.000000
vn 1.000000 0.000000 0.000000
vn 1.000000 0.000000 0.000000
vn 0.000000 0.000000 -1.000000
vn 0.000000 0.000000 -1.000000
vn 0.000000 0.000000 -1.000000
vn 0.000000 0.000000 -1.000000
vn 0.000000 0.000000 -1.000000
vn 0.000000 0.000000 -1.000000
vn 0.000000 0.000000 -1.000000
vn 0.000000 0.000000 -1.000000
vn 0.000000 0.000000 -1.000000
vn 0.000000 0.000000 -1.000000
vn 0.000000 0.000000 -1.000000
vn 0.000000 0.000000 -1.000000
vn 0.000000 0.000000 -1.000000
vn 0.161868 0.000000 -0.986812
vn 0.000000 0.000000 -1.000000
vn 0.000000 0.000000 -1.000000
vn 0.000000 -1.000000 -0.000000
vn 0.000000 -1.000000 -0.000000
vn 0.000000 -1.000000 -0.000000
vn 0.000000 -1.000000 -0.000000
vn 0.000000 -1.000000 -0.000000
vn 0.000000 -1.000000 -0.000000
vn 0.000000 -1.000000 -0.000000
vn 0.000000 -1.000000 -0.000000
vn 0.000000 -1.000000 -0.000000
vn 0.000000 -1.000000 -0.000000
vn 0.000000 -1.000000 -0.000000
vn 0.000000 -1.000000 -0.000000
vn 0.000000 -1.000000 -0.000000
vn 0.000000 -1.000000 -0.000000
vn 0.000000 -1.000000 -0.000000
vn 0.000000 -1.000000 -0.000000
vn 0.000000 -1.000000 -0.000000
vn 0.000000 -1.000000 -0.000000
vn 0.000000 -1.000000 -0.000000
vn 0.000000 -1.000000 -0.000000
vn 0.000000 -1.000000 -0.000000
vn 0.000000 -1.000000 -0.000000
vn 0.000000 -1.000000 -0.000000
vn 0.000000 -1.000000 -0.000000
vn 0.000000 -1.000000 -0.000000
vn 0.000000 -1.000000 -0.000000
vn 0.000000 -1.000000 -0.000000
vn 0.000000 -1.000000 -0.000000
vn 0.000000 -1.000000 -0.000000
vn 0.000000 -1.000000 -0.000000
vn 0.000000 -1.000000 -0.000000
vn 0.000000 -1.000000 -0.000000
vn 1.000000 0.000000 0.000000
vn 1.000000 0.000000 0.000000
vn 1.000000 0.000000 0.000000
vn 1.000000 0.000000 0.000000
vn 1.000000 0.000000 0.000000
vn 1.000000 0.000000 0.000000
vn 1.000000 0.000000 0.000000
vn 1.000000 0.000000 0.000000
vn 1.000000 0.000000 0.000000
vn 1.000000 0.000000 0.000000
vn 1.000000 0.000000 0.000000
vn 1.000000 0.000000 0.000000
vn 1.000000 0.000000 0.000000
vn 1.000000 0.000000 0.000000
vn 1.000000 0.000000 0.000000
vn 1.000000 0.000000 0.000000
vn 1.000000 0.000000 0.000000
vn 0.000000 -1.000000 -0.000000
vn 0.000000 -1.000000 -0.000000
vn 0.000000 -1.000000 -0.000000
vn 0.000000 -1.000000 -0.000000
vn 1.000000 0.000000 0.000000
vn 1.000000 0.000000 0.000000
vn 1.000000 0.000000 0.000000
vn 1.000000 0.000000 0.000000
vn 0.000000 0.000000 -1.000000
vn 0.328599 0.000000 -0.944470
vn 0.217607 0.000000 -0.976036
vn 0.000000 0.000000 -1.000000
vn 0.000000 0.000000 -1.000000
vn 0.000000 0.000000 -1.000000
vn 0.000000 0.000000 -1.000000
vn 0.000000 0.000000 -1.000000
vn 0.000000 0.000000 -1.000000
vn 0.000000 0.000000 -1.000000
vn -1.000000 0.000000 0.000000
vn -1.000000 0.000000 0.000000
vn -1.000000 0.000000 0.000000
vn -1.000000 0.000000 0.000000
vn -1.000000 0.000000 0.000000
vn -1.000000 0.000000 0.000000
vn -1.000000 0.000000 0.000000
vn 1.000000 0.000000 0.000000
vn 1.000000 0.000000 0.000000
vn 1.000000 0.000000 0.000000
vn 1.000000 0.000000 0.000000
vn 0.000000 -1.000000 -0.000000
vn 0.000000 -1.000000 -0.000000
vn 0.000000 -1.000000 -0.000000
vn 0.000000 -1.000000 -0.000000
vn 0.000000 -1.000000 -0.000000
vn 0.000000 -1.000000 -0.000000
vn 0.000000 -1.000000 -0.000000
vn 0.000000 -1.000000 -0.000000
vn 0.000000 -1.000000 -0.000000
vn 0.000000 -1.000000 -0.000000
vn 0.000000 1.000000 0.000000
vn 0.000000 1.000000 0.000000
vn 0.000000 1.000000 0.000000
vn 0.000000 1.000000 0.000000
vn 0.000000 1.000000 0.000000
vn -1.000000 0.000000 0.000000
vn -1.000000 0.000000 0.000000
vn -1.000000 0.000000 0.000000
vn -1.000000 0.000000 0.000000
vn -1.000000 0.000000 0.000000
vn -1.000000 0.000000 0.000000
vn -1.000000 0.000000 0.000000
vn -1.000000 0.000000 0.000000
vn -1.000000 0.000000 0.000000
vn -1.000000 0.000000 0.000000
vn -1.000000 0.000000 0.000000
vn -1.000000 0.000000 0.000000
vn -1.000000 0.000000 0.000000
vn -1.000000 0.000000 0.000000
vn -1.000000 0.000000 0.000000
vn -1.000000 0.000000 0.000000
vn -1.000000 0.000000 0.000000
vn -1.000000 0.000000 0.000000
vn -1.000000 0.000000 0.000000
vn -1.000000 0.000000 0.000000
vn -1.000000 0.000000 0.000000
vn -1.000000 0.000000 0.000000
vn -1.000000 0.000000 0.000000
vn -1.000000 0.000000 0.000000
vn -1.000000 0.000000 0.000000
vn -1.000000 0.000000 0.000000
vn -1.000000 0.000000 0.000000
vn -1.000000 0.000000 0.000000
vn -1.000000 0.000000 0.000000
vn -1.000000 0.000000 0.000000
vn -1.000000 0.000000 0.000000
vn -1.000000 0.000000 0.000000
vn -1.000000 0.000000 0.000000
vn -1.000000 0.000000 0.000000
vn -1.000000 0.000000 0.000000
vn -1.000000 0.000000 0.000000
vn -1.000000 0.000000 0.000000
vn 0.000000 1.000000 0.000000
vn 0.000000 1.000000 0.000000
vn 0.000000 1.000000 0.000000
vn 0.000000 1.000000 0.000000
vn 0.000000 1.000000 0.000000
vn 0.000000 1.000000 0.000000
vn 0.000000 1.000000 0.000000
vn 0.000000 1.000000 0.000000
vn 1.000000 0.000000 0.000000
vn 1.000000 0.000000 0.000000
vn 1.000000 0.000000 0.000000
vn 0.000000 1.000000 0.000000
vn 0.000000 1.000000 0.000000
vn 0.000000 1.000000 0.000000
vn 0.000000 1.000000 0.000000
vn 0.000000 1.000000 0.000000
vn 0.000000 1.000000 0.000000
vn 0.000000 -1.000000 -0.000000
vn 0.000000 -1.000000 -0.000000
vn 0.000000 -1.000000 -0.000000
vn 0.000000 -1.000000 -0.000000
vn 0.000000 -1.000000 -0.000000
vn 0.000000 -1.000000 -0.000000
vn 0.000000 -1.000000 -0.000000
vn 0.000000 -1.000000 -0.000000
vn 0.000000 -1.000000 -0.000000
vn 0.000000 -1.000000 -0.000000
vn 0.000000 -1.000000 -0.000000
vn 0.000000 -1.000000 -0.000000
vn 0.000000 -1.000000 -0.000000
vn 0.000000 -1.000000 -0.000000
vn 0.000000 -1.000000 -0.000000
vn 0.000000 -1.000000 -0.000000
vn 0.000000 -1.000000 -0.000000
vn 0.000000 -1.000000 -0.000000
vn 0.000000 -1.000000 -0.000000
vn 0.000000 -1.000000 -0.000000
vn 0.000000 -1.000000 -0.000000
vn 0.000000 -1.000000 -0.000000
vn 0.000000 -1.000000 -0.000000
vn 0.000000 -1.000000 -0.000000
vn 0.000000 -1.000000 -0.000000
vn 0.000000 -1.000000 -0.000000
vn 0.000000 -1.000000 -0.000000
vn 0.000000 -1.000000 -0.000000
vn 0.000000 -1.000000 -0.000000
vn 0.000000 -1.000000 -0.000000
vn 0.000000 -1.000000 -0.000000
vn 0.000000 -1.000000 -0.000000
vn 0.000000 -1.000000 -0.000000
vn 0.000000 -1.000000 -0.000000
vn 0.000000 -1.000000 -0.000000
vn 0.000000 -1.000000 -0.000000
vn 0.000000 -1.000000 -0.000000
vn 0.000000 -1.000000 -0.000000
vn -1.000000 0.000000 0.000000
vn -1.000000 0.000000 0.000000
vn -1.000000 0.000000 0.000000
vn -1.000000 0.000000 0.000000
vn -1.000000 0.000000 0.000000
vn -1.000000 0.000000 0.000000
vn -1.000000 0.000000 0.000000
vn -1.000000 0.000000 0.000000
vn -1.000000 0.000000 0.000000
vn -1.000000 0.000000 0.000000
vn -1.000000 0.000000 0.000000
vn -1.000000 0.000000 0.000000
vn -1.000000 0.000000 0.000000
vn -1.000000 0.000000 0.000000
vn -1.000000 0.000000 0.000000
vn -1.000000 0.000000 0.000000
vn -1.000000 0.000000 0.000000
vn -1.000000 0.000000 0.000000
vn 0.000000 1.000000 0.000000
vn 0.000000 1.000000 0.000000
vn 0.000000 1.000000 0.000000
vn 0.000000 1.000000 0.000000
vn 0.000000 1.000000 0.000000
vn -1.000000 0.000000 0.000000
vn -1.000000 0.000000 0.000000
vn -1.000000 0.000000 0.000000
vn -1.000000 0.000000 0.000000
vn -1.000000 0.000000 0.000000
vn -1.000000 0.000000 0.000000
vn -1.000000 0.000000 0.000000
vn -1.000000 0.000000 0.000000
vn -1.000000 0.000000 0.000000
vn 1.000000 0.000000 0.000000
vn 1.000000 0.000000 0.000000
vn 1.000000 0.000000 0.000000
vn 1.000000 0.000000 0.000000
vn 0.000000 0.000000 -1.000000
vn 0.000000 0.000000 -1.000000
vn 0.000000 0.000000 -1.000000
vn 0.000000 0.000000 -1.000000
vn 0.000000 0.000000 -1.000000
vn 0.000000 0.000000 -1.000000
vn 0.000000 0.000000 -1.000000
vn 0.000000 0.000000 -1.000000
vn 0.000000 0.000000 -1.000000
vn 0.000000 0.000000 -1.000000
vn 0.000000 0.000000 -1.000000
vn 0.000000 0.000000 -1.000000
vn 0.000000 -1.000000 -0.000000
vn 0.000000 -1.000000 -0.000000
vn 0.000000 -1.000000 -0.000000
vn 0.000000 -1.000000 -0.000000
vn 0.000000 -1.000000 -0.000000
vn 0.000000 -1.000000 -0.000000
vn 0.000000 -1.000000 -0.000000
vn 0.000000 -1.000000 -0.000000
vn 0.000000 0.000000 -1.000000
vn 0.000000 0.000000 -1.000000
vn 0.000000 0.000000 -1.000000
vn 0.000000 0.000000 -1.000000
vn -1.000000 0.000000 0.000000
vn -1.000000 0.000000 0.000000
vn -1.000000 0.000000 0.000000
vn -1.000000 0.000000 0.000000
vn -1.000000 0.000000 0.000000
vn -1.000000 0.000000 0.000000
vn -1.000000 0.000000 0.000000
vn -1.000000 0.000000 0.000000
vn 0.000000 0.000000 -1.000000
vn 0.000000 0.000000 -1.000000
vn 0.000000 0.000000 -1.000000
vn 0.000000 0.000000 -1.000000
vn 0.000000 0.000000 -1.000000
vn 0.000000 0.000000 -1.000000
vn 0.000000 0.000000 -1.000000
vn 0.000000 0.000000 -1.000000
vn 0.000000 0.000000 -1.000000
vn 0.000000 0.000000 -1.000000
vn 0.000000 0.000000 -1.000000
vn 0.000000 0.000000 -1.000000
vn 0.000000 0.000000 -1.000000
vn 0.000000 0.000000 -1.000000
vn 0.000000 0.000000 -1.000000
vn 0.000000 0.000000 -1.000000
vn 0.000000 0.000000 -1.000000
vn 0.000000 0.000000 -1.000000
vn 0.000000 0.000000 -1.000000
vn 0.000000 0.000000 -1.000000
vn 0.000000 0.000000 -1.000000
vn 0.000000 0.000000 -1.000000
vn 0.000000 0.000000 -1.000000
vn 0.000000 0.000000 -1.000000
vn 0.000000 0.000000 -1.000000
vn 0.000000 0.000000 -1.000000
vn 0.000000 0.000000 -1.000000
vn 0.000000 0.000000 -1.000000
vn 0.000000 -1.000000 -0.000000
vn 0.000000 -1.000000 -0.000000
vn 0.000000 -1.000000 -0.000000
vn 0.000000 -1.000000 -0.000000
vn 0.000000 0.000000 -1.000000
vn 0.000000 0.000000 -1.000000
vn 0.000000 0.000000 -1.000000
vn 0.000000 0.000000 -1.000000
vn 1.000000 0.000000 0.000000
vn 1.000000 0.000000 0.000000
vn 1.000000 0.000000 0.000000
vn 1.000000 0.000000 0.000000
vn 0.000000 -1.000000 -0.000000
vn 0.000000 -1.000000 -0.000000
vn 0.000000 -1.000000 -0.000000
vn 0.000000 -1.000000 -0.000000
vn 0.000000 1.000000 0.000000
vn 0.000000 1.000000 0.000000
vn 0.000000 1.000000 0.000000
vn 0.000000 1.000000 0.000000
vn 0.000000 -0.000000 1.000000
vn 0.000000 -0.000000 1.000000
vn 0.000000 -0.000000 1.000000
vn 0.000000 -0.000000 1.000000
vn 0.000000 -0.000000 1.000000
vn 0.000000 -0.000000 1.000000
vn 0.000000 -0.000000 1.000000
vn 0.000000 -0.000000 1.000000
vn 0.000000 -0.000000 1.000000
vn 0.000000 -0.000000 1.000000
vn 0.000000 -0.000000 1.000000
vn 0.000000 -0.000000 1.000000
vn 0.000000 -0.000000 1.000000
vn 0.000000 -0.000000 1.000000
vn 0.000000 -0.000000 1.000000
vn 0.000000 -0.000000 1.000000
vn 0.000000 -0.000000 1.000000
vn 0.000000 -0.000000 1.000000
vn 0.000000 -0.000000 1.000000
vn 0.000000 -0.000000 1.000000
vn 0.000000 -0.000000 1.000000
vn 0.000000 -0.000000 1.000000
vn 0.000000 -0.000000 1.000000
vn 0.000000 -0.000000 1.000000
vn 0.000000 -0.000000 1.000000
vn 0.000000 -0.000000 1.000000
vn 0.000000 -0.000000 1.000000
vn 0.000000 -0.000000 1.000000
vn 0.000000 -0.000000 1.000000
vn 0.000000 -0.000000 1.000000
vn 0.000000 -0.000000 1.000000
vn 0.000000 -0.000000 1.000000
vn 0.000000 -0.000000 1.000000
vn 0.000000 -0.000000 1.000000
vn 0.000000 -0.000000 1.000000
vn 0.000000 -0.000000 1.000000
vn -1.000000 0.000000 0.000000
vn -1.000000 0.000000 0.000000
vn -1.000000 0.000000 0.000000
vn -1.000000 0.000000 0.000000
vn 0.000000 1.000000 0.000000
vn 0.000000 1.000000 0.000000
vn 0.000000 1.000000 0.000000
vn 0.000000 1.000000 0.000000
vn -1.000000 0.000000 0.000000
vn -1.000000 0.000000 0.000000
vn -1.000000 0.000000 0.000000
vn -1.000000 0.000000 0.000000
vn -1.000000 0.000000 0.000000
vn 0.000000 1.000000 0.000000
vn 0.000000 1.000000 0.000000
vn 0.000000 1.000000 0.000000
vn 0.000000 1.000000 0.000000
vn 0.000000 1.000000 0.000000
vn 1.000000 0.000000 0.000000
vn 1.000000 0.000000 0.000000
vn 1.000000 0.000000 0.000000
vn 1.000000 0.000000 0.000000
vn 0.000000 -1.000000 -0.000000
vn 0.000000 -1.000000 -0.000000
vn 0.000000 -1.000000 -0.000000
vn 0.000000 -1.000000 -0.000000
vn 0.000000 -1.000000 -0.000000
vn 1.000000 0.000000 0.000000
vn 1.000000 0.000000 0.000000
vn 1.000000 0.000000 0.000000
vn 1.000000 0.000000 0.000000
vn 0.000000 1.000000 0.000000
vn 0.000000 1.000000 0.000000
vn 0.000000 1.000000 0.000000
vn 0.000000 1.000000 0.000000
vn 0.000000 1.000000 0.000000
vn 0.000000 1.000000 0.000000
vn 0.000000 1.000000 0.000000
vn 0.000000 1.000000 0.000000
vn 0.000000 1.000000 0.000000
vn -1.000000 0.000000 0.000000
vn -1.000000 0.000000 0.000000
vn -1.000000 0.000000 0.000000
vn -1.000000 0.000000 0.000000
vn -1.000000 0.000000 0.000000
vn -1.000000 0.000000 0.000000
vn -1.000000 0.000000 0.000000
vn -1.000000 0.000000 0.000000
vn 0.000000 -1.000000 -0.000000
vn 0.000000 -1.000000 -0.000000
vn 0.000000 -1.000000 -0.000000
vn 0.000000 -1.000000 -0.000000
vn 0.000000 -1.000000 -0.000000
vn 0.000000 -1.000000 -0.000000
vn 0.000000 -1.000000 -0.000000
vn 0.000000 -1.000000 -0.000000
vn 0.000000 1.000000 0.000000
vn 0.000000 1.000000 0.000000
vn 0.000000 1.000000 0.000000
vn 0.000000 1.000000 0.000000
vn 0.000000 1.000000 0.000000
vn 0.000000 1.000000 0.000000
vn 0.000000 1.000000 0.000000
vn 0.000000 1.000000 0.000000
vn 0.000000 -1.000000 -0.000000
vn 0.000000 -1.000000 -0.000000
vn 0.000000 -1.000000 -0.000000
vn 0.000000 -1.000000 -0.000000
vn 0.000000 -1.000000 -0.000000
vn 0.000000 -1.000000 -0.000000
vn 0.000000 -1.000000 -0.000000
vn 0.000000 -1.000000 -0.000000
vn 0.000000 -1.000000 -0.000000
vn -1.000000 0.000000 0.000000
vn -1.000000 0.000000 0.000000
vn -1.000000 0.000000 0.000000
vn -1.000000 0.000000 0.000000
vn 0.000000 1.000000 0.000000
vn 0.000000 1.000000 0.000000
vn 0.000000 1.000000 0.000000
vn 0.000000 1.000000 0.000000
vn 0.000000 1.000000 0.000000
vn 0.000000 -0.000000 1.000000
vn 0.000000 -0.000000 1.000000
vn 0.000000 -0.000000 1.000000
vn 0.000000 -0.000000 1.000000
vn 0.000000 -0.000000 1.000000
vn 0.000000 -0.000000 1.000000
vn 0.000000 -0.000000 1.000000
vn 0.000000 -0.000000 1.000000
vn 0.000000 -0.000000 1.000000
vn 0.000000 -0.000000 1.000000
vn 1.000000 0.000000 0.000000
vn 1.000000 0.000000 0.000000
vn 1.000000 0.000000 0.000000
vn 1.000000 0.000000 0.000000
vn 1.000000 0.000000 0.000000
vn 1.000000 0.000000 0.000000
vn 1.000000 0.000000 0.000000
vn 1.000000 0.000000 0.000000
vn 1.000000 0.000000 0.000000
vn 1.000000 0.000000 0.000000
vn 1.000000 0.000000 0.000000
vn 1.000000 0.000000 0.000000
vn 1.000000 0.000000 0.000000
vn 1.000000 0.000000 0.000000
vn 1.000000 0.000000 0.000000
vn 1.000000 0.000000 0.000000
vn 0.000000 1.000000 0.000000
vn 0.000000 1.000000 0.000000
vn 0.000000 1.000000 0.000000
vn 0.000000 1.000000 0.000000
vn 0.000000 1.000000 0.000000
vn 0.000000 1.000000 0.000000
vn 0.000000 1.000000 0.000000
vn 0.000000 1.000000 0.000000
vn 0.000000 1.000000 0.000000
vn 0.000000 1.000000 0.000000
vn 1.000000 0.000000 0.000000
vn 1.000000 0.000000 0.000000
vn 1.000000 0.000000 0.000000
vn 1.000000 0.000000 0.000000
vn 0.000000 1.000000 0.000000
vn 0.000000 1.000000 0.000000
vn 0.000000 1.000000 0.000000
vn 0.000000 1.000000 0.000000
vn 0.000000 1.000000 0.000000
vn 0.000000 0.000000 -1.000000
vn 0.328599 0.000000 -0.944470
vn 0.217607 0.000000 -0.976036
vn 0.000000 0.000000 -1.000000
vn 0.000000 0.000000 -1.000000
vn 0.000000 0.000000 -1.000000
vn 0.000000 0.000000 -1.000000
vn 0.000000 0.000000 -1.000000
vn 0.217607 0.000000 -0.976036
vn 0.000000 0.000000 -1.000000
vn -1.000000 0.000000 0.000000
vn -1.000000 0.000000 0.000000
vn -1.000000 0.000000 0.000000
vn -1.000000 0.000000 0.000000
vn -1.000000 0.000000 0.000000
vn 0.000000 1.000000 0.000000
vn 0.000000 1.000000 0.000000
vn 0.000000 1.000000 0.000000
vn 0.000000 1.000000 0.000000
vn 0.000000 1.000000 0.000000
vn 1.000000 0.000000 0.000000
vn 1.000000 0.000000 0.000000
vn 1.000000 0.000000 0.000000
vn 1.000000 0.000000 0.000000
vn 1.000000 0.000000 0.000000
vn 1.000000 0.000000 0.000000
vn 1.000000 0.000000 0.000000
vn 1.000000 0.000000 0.000000
vn 0.000000 0.000000 -1.000000
vn 0.000000 0.000000 -1.000000
vn 0.000000 0.000000 -1.000000
vn 0.000000 0.000000 -1.000000
vn 0.000000 0.000000 -1.000000
vn 0.000000 0.000000 -1.000000
vn 0.000000 0.000000 -1.000000
vn 0.000000 0.000000 -1.000000
vn 0.000000 0.000000 -1.000000
vn 0.000000 0.000000 -1.000000
vn 0.000000 0.000000 -1.000000
vn 0.000000 0.000000 -1.000000
vn 0.000000 0.000000 -1.000000
vn 0.000000 0.000000 -1.000000
vn 0.000000 0.000000 -1.000000
vn 0.000000 0.000000 -1.000000
vn 0.000000 0.000000 -1.000000
vn 0.000000 0.000000 -1.000000
vn 0.000000 0.000000 -1.000000
vn 0.000000 0.000000 -1.000000
vn 0.000000 0.000000 -1.000000
vn 0.000000 0.000000 -1.000000
vn 0.000000 0.000000 -1.000000
vn 0.000000 0.000000 -1.000000
vn 0.000000 0.000000 -1.000000
vn 0.000000 0.000000 -1.000000
vn 0.000000 0.000000 -1.000000
vn 0.000000 0.000000 -1.000000
vn 0.000000 0.000000 -1.000000
vn 0.000000 0.000000 -1.000000
vn 0.000000 0.000000 -1.000000
vn 0.000000 0.000000 -1.000000
vn 0.000000 0.000000 -1.000000
vn 0.000000 0.000000 -1.000000
vn 0.000000 0.000000 -1.000000
vn 0.000000 0.000000 -1.000000
vn 0.328599 0.000000 -0.944470
vn 0.217607 0.000000 -0.976036
vn 0.620703 0.000000 -0.784046
vn 0.217607 0.000000 -0.976036
vn 0.000000 1.000000 0.000000
vn 0.000000 1.000000 0.000000
vn 0.000000 1.000000 0.000000
vn 0.000000 1.000000 0.000000
vn 0.000000 -1.000000 -0.000000
vn 0.000000 -1.000000 -0.000000
vn 0.000000 -1.000000 -0.000000
vn 0.000000 -1.000000 -0.000000
vn 0.000000 0.000000 -1.000000
vn 0.000000 0.000000 -1.000000
vn 0.000000 0.000000 -1.000000
vn 0.000000 0.000000 -1.000000
vn 0.000000 0.000000 -1.000000
vn 0.000000 0.000000 -1.000000
vn 0.000000 0.000000 -1.000000
vn 0.000000 0.000000 -1.000000
vn 0.000000 1.000000 0.000000
vn 0.000000 1.000000 0.000000
vn 0.000000 1.000000 0.000000
vn 0.000000 1.000000 0.000000
vn 0.000000 1.000000 0.000000
vn 0.000000 1.000000 0.000000
vn -1.000000 0.000000 0.000000
vn -1.000000 0.000000 0.000000
vn -1.000000 0.000000 0.000000
vn -1.000000 0.000000 0.000000
vn 0.000000 1.000000 0.000000
vn 0.000000 1.000000 0.000000
vn 0.000000 1.000000 0.000000
vn 0.000000 1.000000 0.000000
vn 0.000000 1.000000 0.000000
vn 0.000000 1.000000 0.000000
vn 0.000000 1.000000 0.000000
vn 0.000000 1.000000 0.000000
vn -1.000000 0.000000 0.000000
vn -1.000000 0.000000 0.000000
vn -1.000000 0.000000 0.000000
vn -1.000000 0.000000 0.000000
vn -1.000000 0.000000 0.000000
vn -1.000000 0.000000 0.000000
vn -1.000000 0.000000 0.000000
vn -1.000000 0.000000 0.000000
vn -1.000000 0.000000 0.000000
vn -1.000000 0.000000 0.000000
vn -1.000000 0.000000 0.000000
vn -1.000000 0.000000 0.000000
vn -1.000000 0.000000 0.000000
vn -1.000000 0.000000 0.000000
vn -1.000000 0.000000 0.000000
vn -1.000000 0.000000 0.000000
vn -1.000000 0.000000 0.000000
vn -1.000000 0.000000 0.000000
vn -1.000000 0.000000 0.000000
vn -1.000000 0.000000 0.000000
vn -1.000000 0.000000 0.000000
vn 1.000000 0.000000 0.000000
vn 1.000000 0.000000 0.000000
vn 1.000000 0.000000 0.000000
vn 1.000000 0.000000 0.000000
vn -1.000000 0.000000 0.000000
vn -1.000000 0.000000 0.000000
vn -1.000000 0.000000 0.000000
vn -1.000000 0.000000 0.000000
vn 1.000000 0.000000 0.000000
vn 1.000000 0.000000 0.000000
vn 1.000000 0.000000 0.000000
vn 1.000000 0.000000 0.000000
vn 1.000000 0.000000 0.000000
vn 1.000000 0.000000 0.000000
vn 1.000000 0.000000 0.000000
vn 1.000000 0.000000 0.000000
vn 1.000000 0.000000 0.000000
vn 1.000000 0.000000 0.000000
vn 1.000000 0.000000 0.000000
vn 1.000000 0.000000 0.000000
vn 0.000000 -0.000000 1.000000
vn 0.000000 -0.000000 1.000000
vn 0.000000 -0.000000 1.000000
vn 0.000000 -0.000000 1.000000
vn 0.000000 -0.000000 1.000000
vn 0.000000 -0.000000 1.000000
vn 0.000000 -0.000000 1.000000
vn 0.000000 -0.000000 1.000000
vn 0.000000 -0.000000 1.000000
vn 0.000000 -0.000000 1.000000
vn 0.000000 -0.000000 1.000000
vn 0.000000 -0.000000 1.000000
vn 0.000000 -0.000000 1.000000
vn 0.000000 -0.000000 1.000000
vn 0.000000 -0.000000 1.000000
vn 0.000000 -0.000000 1.000000
vn 0.000000 -0.000000 1.000000
vn 0.000000 -0.000000 1.000000
vn 0.000000 -0.000000 1.000000
vn 0.000000 -0.000000 1.000000
vn 0.000000 -0.000000 1.000000
vn 0.000000 -0.000000 1.000000
vn 0.000000 -0.000000 1.000000
vn 0.000000 -0.000000 1.000000
vn 0.000000 -0.000000 1.000000
vn 0.000000 -0.000000 1.000000
vn 0.000000 -0.000000 1.000000
vn 0.000000 -0.000000 1.000000
vn 0.000000 -0.000000 1.000000
vn 0.000000 -0.000000 1.000000
vn 0.000000 -0.000000 1.000000
vn 0.000000 -0.000000 1.000000
vn 0.000000 -0.000000 1.000000
vn 0.000000 -0.000000 1.000000
vn 0.000000 -0.000000 1.000000
vn 0.000000 -0.000000 1.000000
vn -1.000000 0.000000 0.000000
vn -1.000000 0.000000 0.000000
vn -1.000000 0.000000 0.000000
vn -1.000000 0.000000 0.000000
vn -1.000000 0.000000 0.000000
vn -1.000000 0.000000 0.000000
vn -1.000000 0.000000 0.000000
vn -1.000000 0.000000 0.000000
vn 0.000000 1.000000 0.000000
vn 0.000000 1.000000 0.000000
vn 0.000000 1.000000 0.000000
vn 0.000000 1.000000 0.000000
vn 1.000000 0.000000 0.000000
vn 1.000000 0.000000 0.000000
vn 1.000000 0.000000 0.000000
vn 1.000000 0.000000 0.000000
vn 1.000000 0.000000 0.000000
vn -1.000000 0.000000 0.000000
vn -1.000000 0.000000 0.000000
vn -1.000000 0.000000 0.000000
vn -1.000000 0.000000 0.000000
vn 1.000000 0.000000 0.000000
vn 1.000000 0.000000 0.000000
vn 1.000000 0.000000 0.000000
vn 1.000000 0.000000 0.000000
vn 1.000000 0.000000 0.000000
vn 1.000000 0.000000 0.000000
vn 1.000000 0.000000 0.000000
vn 1.000000 0.000000 0.000000
vn 1.000000 0.000000 0.000000
vn 0.000000 1.000000 0.000000
vn 0.000000 1.000000 0.000000
vn 0.000000 1.000000 0.000000
vn 0.000000 1.000000 0.000000
vn 1.000000 0.000000 0.000000
vn 1.000000 0.000000 0.000000
vn 1.000000 0.000000 0.000000
vn 1.000000 0.000000 0.000000
vn 0.000000 1.000000 0.000000
vn 0.000000 1.000000 0.000000
vn 0.000000 1.000000 0.000000
vn 0.000000 1.000000 0.000000
vn 0.000000 1.000000 0.000000
vn 0.000000 1.000000 0.000000
vn 0.000000 1.000000 0.000000
vn 0.000000 1.000000 0.000000
vn 0.000000 1.000000 0.000000
vn 0.000000 1.000000 0.000000
vn 0.000000 1.000000 0.000000
vn 0.000000 1.000000 0.000000
vn 0.000000 1.000000 0.000000
vn 0.000000 1.000000 0.000000
vn 0.000000 1.000000 0.000000
vn 0.000000 1.000000 0.000000
vn 0.000000 1.000000 0.000000
vn 0.000000 1.000000 0.000000
vn 0.000000 1.000000 0.000000
vn 0.000000 1.000000 0.000000
vn 0.000000 1.000000 0.000000
vn 0.000000 1.000000 0.000000
vn 0.000000 1.000000 0.000000
vn 0.000000 1.000000 0.000000
vn 0.000000 1.000000 0.000000
vn 0.000000 1.000000 0.000000
vn 0.000000 1.000000 0.000000
vn 0.000000 1.000000 0.000000
vn 0.000000 1.000000 0.000000
vn 0.000000 1.000000 0.000000
vn 0.000000 1.000000 0.000000
vn 0.000000 1.000000 0.000000
vn 0.000000 1.000000 0.000000
vn 0.000000 1.000000 0.000000
vn 0.000000 1.000000 0.000000
vn 0.000000 1.000000 0.000000
vn 0.000000 1.000000 0.000000
vn 0.000000 1.000000 0.000000
vn 0.000000 1.000000 0.000000
vn 0.000000 1.000000 0.000000
vn 0.000000 1.000000 0.000000
vn 0.000000 1.000000 0.000000
vn 0.000000 1.000000 0.000000
vn 0.000000 1.000000 0.000000
vn 0.000000 1.000000 0.000000
vn 0.000000 1.000000 0.000000
vn 0.000000 1.000000 0.000000
vn 0.000000 1.000000 0.000000
vn 0.000000 1.000000 0.000000
vn 0.000000 1.000000 0.000000
vn 0.000000 1.000000 0.000000
vn 0.000000 1.000000 0.000000
vn 0.000000 1.000000 0.000000
vn 0.000000 1.000000 0.000000
vn 0.000000 1.000000 0.000000
vn 0.000000 1.000000 0.000000
vn 0.000000 1.000000 0.000000
vn 0.000000 1.000000 0.000000
vn 0.000000 1.000000 0.000000
vn 0.000000 1.000000 0.000000
vn 0.000000 1.000000 0.000000
vn 1.000000 0.000000 0.000000
vn 1.000000 0.000000 0.000000
vn 1.000000 0.000000 0.000000
vn 1.000000 0.000000 0.000000
vn -1.000000 0.000000 0.000000
vn -1.000000 0.000000 0.000000
vn -1.000000 0.000000 0.000000
vn -1.000000 0.000000 0.000000
vn -1.000000 0.000000 0.000000
vn -1.000000 0.000000 0.000000
vn -1.000000 0.000000 0.000000
vn -1.000000 0.000000 0.000000
vn -1.000000 0.000000 0.000000
vn -1.000000 0.000000 0.000000
vn -1.000000 0.000000 0.000000
vn -1.000000 0.000000 0.000000
vn -1.000000 0.000000 0.000000
vn -1.000000 0.000000 0.000000
vn -1.000000 0.000000 0.000000
vn -1.000000 0.000000 0.000000
vn -1.000000 0.000000 0.000000
vn -1.000000 0.000000 0.000000
vn -1.000000 0.000000 0.000000
vn -1.000000 0.000000 0.000000
vn 0.000000 -1.000000 -0.000000
vn 0.000000 -1.000000 -0.000000
vn 0.000000 -1.000000 -0.000000
vn 0.000000 -1.000000 -0.000000
vn 0.000000 -1.000000 -0.000000
vn 0.000000 -1.000000 -0.000000
vn 0.000000 -1.000000 -0.000000
vn 0.000000 -1.000000 -0.000000
vn 0.000000 -1.000000 -0.000000
vn 0.000000 1.000000 0.000000
vn 0.000000 1.000000 0.000000
vn 0.000000 1.000000 0.000000
vn 0.000000 1.000000 0.000000
vn 0.328599 0.000000 -0.944470
vn 0.161868 0.000000 -0.986812
vn 0.620703 0.000000 -0.784046
vn 0.217607 0.000000 -0.976036
vn 0.000000 1.000000 0.000000
vn 0.000000 1.000000 0.000000
vn 0.000000 1.000000 0.000000
vn 0.000000 1.000000 0.000000
vn 0.000000 1.000000 0.000000
vn 0.000000 1.000000 0.000000
vn 0.000000 1.000000 0.000000
vn 0.000000 1.000000 0.000000
vn -1.000000 0.000000 0.000000
vn -1.000000 0.000000 0.000000
vn -1.000000 0.000000 0.000000
vn -1.000000 0.000000 0.000000
vn 1.000000 0.000000 0.000000
vn 1.000000 0.000000 0.000000
vn 1.000000 0.000000 0.000000
vn 1.000000 0.000000 0.000000
vn 0.000000 1.000000 0.000000
vn 0.000000 1.000000 0.000000
vn 0.000000 1.000000 0.000000
vn 0.000000 1.000000 0.000000
vn 0.000000 -0.000000 1.000000
vn 0.000000 -0.000000 1.000000
vn 0.000000 -0.000000 1.000000
vn 0.000000 -0.000000 1.000000
vn 0.000000 -0.000000 1.000000
vn 0.000000 -0.000000 1.000000
vn 0.000000 -0.000000 1.000000
vn 0.000000 -0.000000 1.000000
vn 0.000000 -0.000000 1.000000
vn 0.000000 -0.000000 1.000000
vn 1.000000 0.000000 0.000000
vn 1.000000 0.000000 0.000000
vn 1.000000 0.000000 0.000000
vn 1.000000 0.000000 0.000000
vn 0.000000 1.000000 0.000000
vn 0.000000 1.000000 0.000000
vn 0.000000 1.000000 0.000000
vn 0.000000 1.000000 0.000000
vn 0.000000 1.000000 0.000000
vn 0.000000 1.000000 0.000000
vn 0.000000 1.000000 0.000000
vn 0.000000 1.000000 0.000000
vn 0.000000 1.000000 0.000000
vn 0.000000 1.000000 0.000000
vn 0.000000 1.000000 0.000000
vn -1.000000 0.000000 0.000000
vn -1.000000 0.000000 0.000000
vn -1.000000 0.000000 0.000000
vn -1.000000 0.000000 0.000000
vn -1.000000 0.000000 0.000000
vn -1.000000 0.000000 0.000000
vn -1.000000 0.000000 0.000000
vn -1.000000 0.000000 0.000000
vn -1.000000 0.000000 0.000000
vn -1.000000 0.000000 0.000000
vn -1.000000 0.000000 0.000000
vn -1.000000 0.000000 0.000000
vn 0.000000 -1.000000 -0.000000
vn 0.000000 -1.000000 -0.000000
vn 0.000000 -1.000000 -0.000000
vn 0.000000 -1.000000 -0.000000
vn 0.000000 -1.000000 -0.000000
vn 0.000000 -1.000000 -0.000000
vn 0.000000 -1.000000 -0.000000
vn 0.000000 -1.000000 -0.000000
vn 0.000000 -1.000000 -0.000000
vn 0.000000 -1.000000 -0.000000
vn 0.000000 -1.000000 -0.000000
vn 1.000000 0.000000 0.000000
vn 1.000000 0.000000 0.000000
vn 1.000000 0.000000 0.000000
vn 1.000000 0.000000 0.000000
vn 1.000000 0.000000 0.000000
vn 1.000000 0.000000 0.000000
vn 1.000000 0.000000 0.000000
vn 1.000000 0.000000 0.000000
vn 0.000000 1.000000 0.000000
vn 0.000000 1.000000 0.000000
vn 0.000000 1.000000 0.000000
vn 0.000000 1.000000 0.000000
vn 0.000000 0.000000 -1.000000
vn 0.000000 0.000000 -1.000000
vn 0.000000 0.000000 -1.000000
vn 0.000000 0.000000 -1.000000
vn 0.000000 0.000000 -1.000000
vn 0.000000 0.000000 -1.000000
vn 0.000000 0.000000 -1.000000
vn 0.000000 0.000000 -1.000000
vn 0.000000 0.000000 -1.000000
vn 0.000000 0.000000 -1.000000
vn 0.000000 0.000000 -1.000000
vn 0.000000 0.000000 -1.000000
vn 0.000000 0.000000 -1.000000
vn 0.000000 0.000000 -1.000000
vn 0.000000 0.000000 -1.000000
vn 0.000000 0.000000 -1.000000
vn 0.000000 0.000000 -1.000000
vn 0.000000 0.000000 -1.000000
vn 0.000000 0.000000 -1.000000
vn 0.000000 0.000000 -1.000000
vn 0.000000 0.000000 -1.000000
vn 0.000000 0.000000 -1.000000
vn 0.000000 0.000000 -1.000000
vn 0.000000 0.000000 -1.000000
vn 0.000000 0.000000 -1.000000
vn 0.000000 0.000000 -1.000000
vn 0.000000 0.000000 -1.000000
vn 0.000000 0.000000 -1.000000
vn 0.000000 0.000000 -1.000000
vn 0.000000 0.000000 -1.000000
vn 0.000000 0.000000 -1.000000
vn 0.000000 0.000000 -1.000000
vn 0.000000 0.000000 -1.000000
vn 0.000000 0.000000 -1.000000
vn 0.000000 0.000000 -1.000000
vn 0.000000 0.000000 -1.000000
vn 0.000000 0.000000 -1.000000
vn 0.000000 0.000000 -1.000000
vn 0.000000 0.000000 -1.000000
vn 0.000000 0.000000 -1.000000
vn 0.000000 0.000000 -1.000000
vn 0.000000 0.000000 -1.000000
vn 0.000000 0.000000 -1.000000
vn 0.000000 0.000000 -1.000000
vn 0.000000 -1.000000 -0.000000
vn 0.000000 -1.000000 -0.000000
vn 0.000000 -1.000000 -0.000000
vn 0.000000 -1.000000 -0.000000
vn -1.000000 0.000000 0.000000
vn -1.000000 0.000000 0.000000
vn -1.000000 0.000000 0.000000
vn -1.000000 0.000000 0.000000
vn 0.000000 -0.000000 1.000000
vn 0.000000 -0.000000 1.000000
vn 0.000000 -0.000000 1.000000
vn 0.000000 -0.000000 1.000000
vn 1.000000 0.000000 0.000000
vn 1.000000 0.000000 0.000000
vn 1.000000 0.000000 0.000000
vn 1.000000 0.000000 0.000000
vn 0.000000 -0.000000 1.000000
vn 0.000000 -0.000000 1.000000
vn 0.000000 -0.000000 1.000000
vn 0.000000 -0.000000 1.000000
vn -1.000000 0.000000 0.000000
vn -1.000000 0.000000 0.000000
vn -1.000000 0.000000 0.000000
vn -1.000000 0.000000 0.000000
vn 0.000000 -0.000000 1.000000
vn 0.000000 -0.000000 1.000000
vn 0.000000 -0.000000 1.000000
vn 0.000000 -0.000000 1.000000
vn 0.000000 1.000000 0.000000
vn 0.000000 1.000000 0.000000
vn 0.000000 1.000000 0.000000
vn 0.000000 1.000000 0.000000
vn 1.000000 0.000000 0.000000
vn 1.000000 0.000000 0.000000
vn 1.000000 0.000000 0.000000
vn 1.000000 0.000000 0.000000
vn 0.000000 0.000000 -1.000000
vn 0.000000 0.000000 -1.000000
vn 0.000000 0.000000 -1.000000
vn 0.000000 0.000000 -1.000000
vn 0.000000 0.000000 -1.000000
vn 0.000000 0.000000 -1.000000
vn 0.000000 0.000000 -1.000000
vn 0.000000 0.000000 -1.000000
vn 0.000000 0.000000 -1.000000
vn 0.000000 0.000000 -1.000000
vn 0.000000 0.000000 -1.000000
vn 0.000000 0.000000 -1.000000
vn 0.000000 1.000000 0.000000
vn 0.000000 1.000000 0.000000
vn 0.000000 1.000000 0.000000
vn 0.000000 1.000000 0.000000
vn 0.000000 1.000000 0.000000
vn 0.000000 1.000000 0.000000
vn 0.000000 1.000000 0.000000
vn 0.000000 1.000000 0.000000
vn 0.000000 -1.000000 -0.000000
vn 0.000000 -1.000000 -0.000000
vn 0.000000 -1.000000 -0.000000
vn 0.000000 -1.000000 -0.000000
vn 0.000000 0.000000 -1.000000
vn 0.000000 0.000000 -1.000000
vn 0.000000 0.000000 -1.000000
vn 0.000000 0.000000 -1.000000
vn 0.000000 -0.000000 1.000000
vn 0.000000 -0.000000 1.000000
vn 0.000000 -0.000000 1.000000
vn 0.000000 -0.000000 1.000000
vn 1.000000 0.000000 0.000000
vn 1.000000 0.000000 0.000000
vn 1.000000 0.000000 0.000000
vn 1.000000 0.000000 0.000000
vn 0.000000 -1.000000 -0.000000
vn 0.000000 -1.000000 -0.000000
vn 0.000000 -1.000000 -0.000000
vn 0.000000 -1.000000 -0.000000
vn 1.000000 0.000000 0.000000
vn 1.000000 0.000000 0.000000
vn 1.000000 0.000000 0.000000
vn 1.000000 0.000000 0.000000
vn 0.000000 -0.000000 1.000000
vn 0.000000 -0.000000 1.000000
vn 0.000000 -0.000000 1.000000
vn 0.000000 -0.000000 1.000000
vn -1.000000 0.000000 0.000000
vn -1.000000 0.000000 0.000000
vn -1.000000 0.000000 0.000000
vn -1.000000 0.000000 0.000000
vn -1.000000 0.000000 0.000000
vn 1.000000 0.000000 0.000000
vn 1.000000 0.000000 0.000000
vn 1.000000 0.000000 0.000000
vn 1.000000 0.000000 0.000000
vn -1.000000 0.000000 0.000000
vn -1.000000 0.000000 0.000000
vn -1.000000 0.000000 0.000000
vn -1.000000 0.000000 0.000000
vn 0.000000 -1.000000 -0.000000
vn 0.000000 -1.000000 -0.000000
vn 0.000000 -1.000000 -0.000000
vn 0.000000 -1.000000 -0.000000
vn 0.000000 0.000000 -1.000000
vn 0.000000 0.000000 -1.000000
vn 0.000000 0.000000 -1.000000
vn 0.000000 0.000000 -1.000000
vn 0.000000 0.000000 -1.000000
vn 0.000000 0.000000 -1.000000
vn 0.000000 1.000000 0.000000
vn 0.000000 1.000000 0.000000
vn 0.000000 1.000000 0.000000
vn 0.000000 1.000000 0.000000
vn 0.000000 -1.000000 -0.000000
vn 0.000000 -1.000000 -0.000000
vn 0.000000 -1.000000 -0.000000
vn 0.000000 -1.000000 -0.000000
vn 0.000000 0.000000 -1.000000
vn 0.000000 0.000000 -1.000000
vn 0.000000 0.000000 -1.000000
vn 0.000000 0.000000 -1.000000
vn 0.000000 0.000000 -1.000000
vn 0.000000 0.000000 -1.000000
vn 0.000000 0.000000 -1.000000
vn 0.000000 0.000000 -1.000000
vn 0.000000 0.000000 -1.000000
vn 0.000000 0.000000 -1.000000
vn 0.000000 0.000000 -1.000000
vn 0.000000 0.000000 -1.000000
vn 0.000000 1.000000 0.000000
vn 0.000000 1.000000 0.000000
vn 0.000000 1.000000 0.000000
vn 0.000000 1.000000 0.000000
vn -1.000000 0.000000 0.000000
vn -1.000000 0.000000 0.000000
vn -1.000000 0.000000 0.000000
vn -1.000000 0.000000 0.000000
vn 0.000000 -1.000000 -0.000000
vn 0.000000 -1.000000 -0.000000
vn 0.000000 -1.000000 -0.000000
vn 0.000000 -1.000000 -0.000000
vn 0.000000 1.000000 0.000000
vn 0.000000 1.000000 0.000000
vn 0.000000 1.000000 0.000000
vn 0.000000 1.000000 0.000000
vn 1.000000 0.000000 0.000000
vn 1.000000 0.000000 0.000000
vn 1.000000 0.000000 0.000000
vn 1.000000 0.000000 0.000000
vn 0.000000 0.000000 -1.000000
vn 0.000000 0.000000 -1.000000
vn 0.000000 0.000000 -1.000000
vn 0.000000 0.000000 -1.000000
vn 0.000000 0.000000 -1.000000
vn 0.000000 0.000000 -1.000000
vn 0.000000 0.000000 -1.000000
vn 0.000000 0.000000 -1.000000
vn 0.000000 0.000000 -1.000000
vn 0.000000 0.000000 -1.000000
vn 0.000000 0.000000 -1.000000
vn 0.000000 0.000000 -1.000000
vn -1.000000 0.000000 0.000000
vn -1.000000 0.000000 0.000000
vn -1.000000 0.000000 0.000000
vn -1.000000 0.000000 0.000000
vn -1.000000 0.000000 0.000000
vn -1.000000 0.000000 0.000000
vn -1.000000 0.000000 0.000000
vn -1.000000 0.000000 0.000000
vn 1.000000 0.000000 0.000000
vn 1.000000 0.000000 0.000000
vn 1.000000 0.000000 0.000000
vn 1.000000 0.000000 0.000000
vn 0.000000 0.000000 -1.000000
vn 0.000000 0.000000 -1.000000
vn 0.000000 0.000000 -1.000000
vn 0.000000 0.000000 -1.000000
vn 0.000000 0.000000 -1.000000
vn -1.000000 0.000000 0.000000
vn -1.000000 0.000000 0.000000
vn -1.000000 0.000000 0.000000
vn -1.000000 0.000000 0.000000
vn 0.000000 0.000000 -1.000000
vn 0.000000 0.000000 -1.000000
vn 0.000000 0.000000 -1.000000
vn 0.000000 0.000000 -1.000000
vn 0.000000 0.000000 -1.000000
vn 0.000000 0.000000 -1.000000
vn 0.000000 0.000000 -1.000000
vn 0.000000 0.000000 -1.000000
vn 0.000000 0.000000 -1.000000
vn 0.000000 0.000000 -1.000000
vn 0.000000 0.000000 -1.000000
vn 0.000000 0.000000 -1.000000
vn 0.000000 1.000000 0.000000
vn 0.000000 1.000000 0.000000
vn 0.000000 1.000000 0.000000
vn 0.000000 1.000000 0.000000
vn 1.000000 0.000000 0.000000
vn 1.000000 0.000000 0.000000
vn 1.000000 0.000000 0.000000
vn 1.000000 0.000000 0.000000
vn 1.000000 0.000000 0.000000
vn 1.000000 0.000000 0.000000
vn 1.000000 0.000000 0.000000
vn 1.000000 0.000000 0.000000
vn 1.000000 0.000000 0.000000
vn 1.000000 0.000000 0.000000
vn 1.000000 0.000000 0.000000
vn 1.000000 0.000000 0.000000
vn 1.000000 0.000000 0.000000
vn 1.000000 0.000000 0.000000
vn 1.000000 0.000000 0.000000
vn 1.000000 0.000000 0.000000
vn 0.000000 -1.000000 -0.000000
vn 0.000000 -1.000000 -0.000000
vn 0.000000 -1.000000 -0.000000
vn 0.000000 -1.000000 -0.000000
vn -1.000000 0.000000 0.000000
vn -1.000000 0.000000 0.000000
vn -1.000000 0.000000 0.000000
vn -1.000000 0.000000 0.000000
vn 0.000000 0.000000 -1.000000
vn 0.000000 0.000000 -1.000000
vn 0.000000 0.000000 -1.000000
vn 0.000000 0.000000 -1.000000
vn 0.000000 0.000000 -1.000000
vn 0.000000 0.000000 -1.000000
vn 0.000000 0.000000 -1.000000
vn 0.000000 0.000000 -1.000000
vn 1.000000 0.000000 0.000000
vn 1.000000 0.000000 0.000000
vn 1.000000 0.000000 0.000000
vn 1.000000 0.000000 0.000000
vn 0.000000 1.000000 0.000000
vn 0.000000 1.000000 0.000000
vn 0.000000 1.000000 0.000000
vn 0.000000 1.000000 0.000000
vn 0.000000 -0.000000 1.000000
vn 0.000000 -0.000000 1.000000
vn 0.000000 -0.000000 1.000000
vn 0.000000 -0.000000 1.000000
vn 0.000000 1.000000 0.000000
vn 0.000000 1.000000 0.000000
vn 0.000000 1.000000 0.000000
vn 0.000000 1.000000 0.000000
vn 0.000000 0.000000 -1.000000
vn 0.000000 0.000000 -1.000000
vn 0.000000 0.000000 -1.000000
vn 0.000000 0.000000 -1.000000
vn 1.000000 0.000000 0.000000
vn 1.000000 0.000000 0.000000
vn 1.000000 0.000000 0.000000
vn 1.000000 0.000000 0.000000
vn -1.000000 0.000000 0.000000
vn -1.000000 0.000000 0.000000
vn -1.000000 0.000000 0.000000
vn -1.000000 0.000000 0.000000
vn -1.000000 0.000000 0.000000
vn -1.000000 0.000000 0.000000
vn -1.000000 0.000000 0.000000
vn -1.000000 0.000000 0.000000
vn 0.000000 0.000000 -1.000000
vn 0.000000 0.000000 -1.000000
vn 0.000000 0.000000 -1.000000
vn 0.000000 0.000000 -1.000000
vn 0.000000 -0.000000 1.000000
vn 0.000000 -0.000000 1.000000
vn 0.000000 -0.000000 1.000000
vn 0.000000 -0.000000 1.000000
vn -1.000000 0.000000 0.000000
vn -1.000000 0.000000 0.000000
vn -1.000000 0.000000 0.000000
vn -1.000000 0.000000 0.000000
vn 0.000000 -0.000000 1.000000
vn 0.000000 -0.000000 1.000000
vn 0.000000 -0.000000 1.000000
vn 0.000000 -0.000000 1.000000
vn 1.000000 0.000000 0.000000
vn 1.000000 0.000000 0.000000
vn 1.000000 0.000000 0.000000
vn 1.000000 0.000000 0.000000
vn -1.000000 0.000000 0.000000
vn -1.000000 0.000000 0.000000
vn -1.000000 0.000000 0.000000
vn -1.000000 0.000000 0.000000
vn 0.000000 0.000000 -1.000000
vn 0.000000 0.000000 -1.000000
vn 0.000000 0.000000 -1.000000
vn 0.000000 0.000000 -1.000000
vn 0.000000 1.000000 0.000000
vn 0.000000 1.000000 0.000000
vn 0.000000 1.000000 0.000000
vn 0.000000 1.000000 0.000000
vn -1.000000 0.000000 0.000000
vn -1.000000 0.000000 0.000000
vn -1.000000 0.000000 0.000000
vn -1.000000 0.000000 0.000000
vn 1.000000 0.000000 0.000000
vn 1.000000 0.000000 0.000000
vn 1.000000 0.000000 0.000000
vn 1.000000 0.000000 0.000000
vn 0.000000 -0.000000 1.000000
vn 0.000000 -0.000000 1.000000
vn 0.000000 -0.000000 1.000000
vn 0.000000 -0.000000 1.000000
vn 1.000000 0.000000 0.000000
vn 1.000000 0.000000 0.000000
vn 1.000000 0.000000 0.000000
vn 1.000000 0.000000 0.000000
vn 0.000000 0.000000 -1.000000
vn 0.000000 0.000000 -1.000000
vn 0.000000 0.000000 -1.000000
vn 0.000000 0.000000 -1.000000
vn 0.000000 0.000000 -1.000000
vn -1.000000 0.000000 0.000000
vn -1.000000 0.000000 0.000000
vn -1.000000 0.000000 0.000000
vn -1.000000 0.000000 0.000000
vn 0.000000 0.000000 -1.000000
vn 0.000000 0.000000 -1.000000
vn 0.000000 0.000000 -1.000000
vn 0.000000 0.000000 -1.000000
vn 0.000000 -0.000000 1.000000
vn 0.000000 -0.000000 1.000000
vn 0.000000 -0.000000 1.000000
vn 0.000000 -0.000000 1.000000
vn 0.000000 1.000000 0.000000
vn 0.000000 1.000000 0.000000
vn 0.000000 1.000000 0.000000
vn 0.000000 1.000000 0.000000
vn 0.000000 1.000000 0.000000
vn 0.000000 1.000000 0.000000
vn 0.000000 1.000000 0.000000
vn 0.000000 1.000000 0.000000
vn 0.000000 -0.000000 1.000000
vn 0.000000 -0.000000 1.000000
vn 0.000000 -0.000000 1.000000
vn 0.000000 -0.000000 1.000000
vn 0.000000 -1.000000 -0.000000
vn 0.000000 -1.000000 -0.000000
vn 0.000000 -1.000000 -0.000000
vn 0.000000 -1.000000 -0.000000
vn 0.000000 0.000000 -1.000000
vn 0.000000 0.000000 -1.000000
vn 0.000000 0.000000 -1.000000
vn 0.000000 0.000000 -1.000000
vn 0.000000 0.000000 -1.000000
vn 0.000000 0.000000 -1.000000
vn 0.000000 0.000000 -1.000000
vn 0.000000 0.000000 -1.000000
vn 0.000000 0.000000 -1.000000
vn 0.000000 -1.000000 -0.000000
vn 0.000000 -1.000000 -0.000000
vn 0.000000 -1.000000 -0.000000
vn 0.000000 -1.000000 -0.000000
vn 1.000000 0.000000 0.000000
vn 1.000000 0.000000 0.000000
vn 1.000000 0.000000 0.000000
vn 1.000000 0.000000 0.000000
vn 0.000000 -1.000000 -0.000000
vn 0.000000 -1.000000 -0.000000
vn 0.000000 -1.000000 -0.000000
vn 0.000000 -1.000000 -0.000000
vn 0.000000 -1.000000 -0.000000
vn 0.000000 -1.000000 -0.000000
vn 0.000000 -1.000000 -0.000000
vn 0.000000 -0.000000 1.000000
vn 0.000000 -0.000000 1.000000
vn 0.000000 -0.000000 1.000000
vn 0.000000 -0.000000 1.000000
vn -1.000000 0.000000 0.000000
vn -1.000000 0.000000 0.000000
vn -1.000000 0.000000 0.000000
vn -1.000000 0.000000 0.000000
vn -1.000000 0.000000 0.000000
vn -1.000000 0.000000 0.000000
vn -1.000000 0.000000 0.000000
vn -1.000000 0.000000 0.000000
vn -1.000000 0.000000 0.000000
vn -1.000000 0.000000 0.000000
vn -1.000000 0.000000 0.000000
vn 0.000000 1.000000 0.000000
vn 0.000000 1.000000 0.000000
vn 0.000000 1.000000 0.000000
vn 0.000000 1.000000 0.000000
vn -1.000000 0.000000 0.000000
vn -1.000000 0.000000 0.000000
vn -1.000000 0.000000 0.000000
vn -1.000000 0.000000 0.000000
vn 0.000000 -1.000000 -0.000000
vn 0.000000 -1.000000 -0.000000
vn 0.000000 -1.000000 -0.000000
vn 0.000000 -1.000000 -0.000000
vn 0.000000 0.000000 -1.000000
vn 0.000000 0.000000 -1.000000
vn 0.000000 0.000000 -1.000000
vn 0.000000 0.000000 -1.000000
vn 0.000000 1.000000 0.000000
vn 0.000000 1.000000 0.000000
vn 0.000000 1.000000 0.000000
vn 0.000000 1.000000 0.000000
vn 0.000000 -1.000000 -0.000000
vn 0.000000 -1.000000 -0.000000
vn 0.000000 -1.000000 -0.000000
vn 0.000000 -1.000000 -0.000000
vn 0.000000 -0.000000 1.000000
vn 0.000000 -0.000000 1.000000
vn 0.000000 -0.000000 1.000000
vn 0.000000 -0.000000 1.000000
vn 1.000000 0.000000 0.000000
vn 1.000000 0.000000 0.000000
vn 1.000000 0.000000 0.000000
vn 1.000000 0.000000 0.000000
vn -1.000000 0.000000 0.000000
vn -1.000000 0.000000 0.000000
vn -1.000000 0.000000 0.000000
vn -1.000000 0.000000 0.000000
vn 0.000000 -1.000000 -0.000000
vn 0.000000 -1.000000 -0.000000
vn 0.000000 -1.000000 -0.000000
vn 0.000000 -1.000000 -0.000000
vn 0.000000 1.000000 0.000000
vn 0.000000 1.000000 0.000000
vn 0.000000 1.000000 0.000000
vn 0.000000 1.000000 0.000000
vn 0.000000 -1.000000 -0.000000
vn 0.000000 -1.000000 -0.000000
vn 0.000000 -1.000000 -0.000000
vn 0.000000 -1.000000 -0.000000
vn 0.000000 0.000000 -1.000000
vn 0.000000 0.000000 -1.000000
vn 0.000000 0.000000 -1.000000
vn 0.000000 0.000000 -1.000000
vn -1.000000 0.000000 0.000000
vn -1.000000 0.000000 0.000000
vn -1.000000 0.000000 0.000000
vn -1.000000 0.000000 0.000000
vn 0.000000 0.000000 -1.000000
vn 0.000000 0.000000 -1.000000
vn 0.000000 0.000000 -1.000000
vn 0.000000 0.000000 -1.000000
vn 0.000000 1.000000 0.000000
vn 0.000000 1.000000 0.000000
vn 0.000000 1.000000 0.000000
vn 0.000000 1.000000 0.000000
vn 0.000000 -0.000000 1.000000
vn 0.000000 -0.000000 1.000000
vn 0.000000 -0.000000 1.000000
vn 0.000000 -0.000000 1.000000
vn 1.000000 0.000000 0.000000
vn 1.000000 0.000000 0.000000
vn 1.000000 0.000000 0.000000
vn 1.000000 0.000000 0.000000
vn 0.000000 -0.000000 1.000000
vn 0.000000 -0.000000 1.000000
vn 0.000000 -0.000000 1.000000
vn 0.000000 -0.000000 1.000000
vn 1.000000 0.000000 0.000000
vn 1.000000 0.000000 0.000000
vn 1.000000 0.000000 0.000000
vn 1.000000 0.000000 0.000000
vn -1.000000 0.000000 0.000000
vn -1.000000 0.000000 0.000000
vn -1.000000 0.000000 0.000000
vn -1.000000 0.000000 0.000000
vn -1.000000 0.000000 0.000000
vn 1.000000 0.000000 0.000000
vn 1.000000 0.000000 0.000000
vn 1.000000 0.000000 0.000000
vn 1.000000 0.000000 0.000000
vn -1.000000 0.000000 0.000000
vn -1.000000 0.000000 0.000000
vn -1.000000 0.000000 0.000000
vn -1.000000 0.000000 0.000000
vn 0.000000 1.000000 0.000000
vn 0.000000 1.000000 0.000000
vn 0.000000 1.000000 0.000000
vn 0.000000 1.000000 0.000000
vn 0.000000 1.000000 0.000000
vn 0.000000 1.000000 0.000000
vn 0.000000 1.000000 0.000000
vn 0.000000 1.000000 0.000000
vn 1.000000 0.000000 0.000000
vn 1.000000 0.000000 0.000000
vn 1.000000 0.000000 0.000000
vn 1.000000 0.000000 0.000000
vn 0.000000 0.000000 -1.000000
vn 0.000000 0.000000 -1.000000
vn 0.000000 0.000000 -1.000000
vn 0.000000 0.000000 -1.000000
vn 0.000000 0.000000 -1.000000
vn 0.000000 0.000000 -1.000000
vn 0.000000 0.000000 -1.000000
vn 0.000000 0.000000 -1.000000
vn 0.000000 0.000000 -1.000000
vn -1.000000 0.000000 0.000000
vn -1.000000 0.000000 0.000000
vn -1.000000 0.000000 0.000000
vn -1.000000 0.000000 0.000000
vn 0.000000 -0.000000 1.000000
vn 0.000000 -0.000000 1.000000
vn 0.000000 -0.000000 1.000000
vn 0.000000 -0.000000 1.000000
vn 1.000000 0.000000 0.000000
vn 1.000000 0.000000 0.000000
vn 1.000000 0.000000 0.000000
vn 1.000000 0.000000 0.000000
vn 0.000000 1.000000 0.000000
vn 0.000000 1.000000 0.000000
vn 0.000000 1.000000 0.000000
vn 0.000000 1.000000 0.000000
vn -1.000000 0.000000 0.000000
vn -1.000000 0.000000 0.000000
vn -1.000000 0.000000 0.000000
vn -1.000000 0.000000 0.000000
vn -1.000000 0.000000 0.000000
vn -1.000000 0.000000 0.000000
vn -1.000000 0.000000 0.000000
vn -1.000000 0.000000 0.000000
vn 0.000000 -1.000000 -0.000000
vn 0.000000 -1.000000 -0.000000
vn 0.000000 -1.000000 -0.000000
vn 0.000000 -1.000000 -0.000000
vn 0.000000 -1.000000 -0.000000
vn 0.000000 -1.000000 -0.000000
vn 0.000000 -1.000000 -0.000000
vn 0.000000 -1.000000 -0.000000
vn 1.000000 0.000000 0.000000
vn 1.000000 0.000000 0.000000
vn 1.000000 0.000000 0.000000
vn 1.000000 0.000000 0.000000
vn 0.000000 0.000000 -1.000000
vn 0.000000 0.000000 -1.000000
vn 0.000000 0.000000 -1.000000
vn 0.000000 0.000000 -1.000000
vn -1.000000 0.000000 0.000000
vn -1.000000 0.000000 0.000000
vn -1.000000 0.000000 0.000000
vn -1.000000 0.000000 0.000000
vn 0.000000 0.000000 -1.000000
vn 0.000000 0.000000 -1.000000
vn 0.000000 0.000000 -1.000000
vn 0.000000 0.000000 -1.000000
vn 1.000000 0.000000 0.000000
vn 1.000000 0.000000 0.000000
vn 1.000000 0.000000 0.000000
vn 1.000000 0.000000 0.000000
vn 0.000000 -0.000000 1.000000
vn 0.000000 -0.000000 1.000000
vn 0.000000 -0.000000 1.000000
vn 0.000000 -0.000000 1.000000
vn 0.000000 1.000000 0.000000
vn 0.000000 1.000000 0.000000
vn 0.000000 1.000000 0.000000
vn 0.000000 1.000000 0.000000
vn 0.000000 1.000000 0.000000
vn 0.000000 1.000000 0.000000
vn 0.000000 1.000000 0.000000
vn 0.000000 1.000000 0.000000
vn 0.000000 1.000000 0.000000
vn 0.000000 1.000000 0.000000
vn 0.000000 1.000000 0.000000
vn 0.000000 1.000000 0.000000
vn 0.000000 1.000000 0.000000
vn 0.000000 1.000000 0.000000
vn 0.000000 1.000000 0.000000
vn -1.000000 0.000000 0.000000
vn -1.000000 0.000000 0.000000
vn -1.000000 0.000000 0.000000
vn -1.000000 0.000000 0.000000
vn 0.000000 -1.000000 -0.000000
vn 0.000000 -1.000000 -0.000000
vn 0.000000 -1.000000 -0.000000
vn 0.000000 -1.000000 -0.000000
vn 0.000000 0.000000 -1.000000
vn 0.000000 0.000000 -1.000000
vn 0.000000 0.000000 -1.000000
vn 0.000000 0.000000 -1.000000
vn -1.000000 0.000000 0.000000
vn -1.000000 0.000000 0.000000
vn -1.000000 0.000000 0.000000
vn -1.000000 0.000000 0.000000
vn -1.000000 0.000000 0.000000
vn -1.000000 0.000000 0.000000
vn -1.000000 0.000000 0.000000
vn -1.000000 0.000000 0.000000
vn -1.000000 0.000000 0.000000
vn -1.000000 0.000000 0.000000
vn -1.000000 0.000000 0.000000
vn -1.000000 0.000000 0.000000
vn -1.000000 0.000000 0.000000
vn -1.000000 0.000000 0.000000
vn -1.000000 0.000000 0.000000
vn -1.000000 0.000000 0.000000
vn 0.000000 1.000000 0.000000
vn 0.000000 1.000000 0.000000
vn 0.000000 1.000000 0.000000
vn 0.000000 1.000000 0.000000
vn 0.000000 -0.000000 1.000000
vn 0.000000 -0.000000 1.000000
vn 0.000000 -0.000000 1.000000
vn 0.000000 -0.000000 1.000000
vn -1.000000 0.000000 0.000000
vn -1.000000 0.000000 0.000000
vn -1.000000 0.000000 0.000000
vn -1.000000 0.000000 0.000000
vn -1.000000 0.000000 0.000000
vn -1.000000 0.000000 0.000000
vn -1.000000 0.000000 0.000000
vn -1.000000 0.000000 0.000000
vn 0.000000 1.000000 0.000000
vn 0.000000 1.000000 0.000000
vn 0.000000 1.000000 0.000000
vn 0.000000 1.000000 0.000000
vn 1.000000 0.000000 0.000000
vn 1.000000 0.000000 0.000000
vn 1.000000 0.000000 0.000000
vn 1.000000 0.000000 0.000000
vn 0.000000 0.000000 -1.000000
vn 0.000000 0.000000 -1.000000
vn 0.000000 0.000000 -1.000000
vn 0.000000 0.000000 -1.000000
vn 0.000000 0.000000 -1.000000
vn -1.000000 0.000000 0.000000
vn -1.000000 0.000000 0.000000
vn -1.000000 0.000000 0.000000
vn -1.000000 0.000000 0.000000
vn 0.000000 0.000000 -1.000000
vn 0.000000 0.000000 -1.000000
vn 0.000000 0.000000 -1.000000
vn 0.000000 0.000000 -1.000000
vn 0.000000 1.000000 0.000000
vn 0.000000 1.000000 0.000000
vn 0.000000 1.000000 0.000000
vn 0.000000 1.000000 0.000000
vn 0.000000 0.000000 -1.000000
vn 0.000000 0.000000 -1.000000
vn 0.000000 0.000000 -1.000000
vn 0.000000 0.000000 -1.000000
vn 0.000000 -0.000000 1.000000
vn 0.000000 -0.000000 1.000000
vn 0.000000 -0.000000 1.000000
vn 0.000000 -0.000000 1.000000
vn 0.000000 -1.000000 -0.000000
vn 0.000000 -1.000000 -0.000000
vn 0.000000 -1.000000 -0.000000
vn 0.000000 -1.000000 -0.000000
vn 1.000000 0.000000 0.000000
vn 1.000000 0.000000 0.000000
vn 1.000000 0.000000 0.000000
vn 1.000000 0.000000 0.000000
vn 0.000000 -0.000000 1.000000
vn 0.000000 -0.000000 1.000000
vn 0.000000 -0.000000 1.000000
vn 0.000000 -0.000000 1.000000
vn 0.000000 0.000000 -1.000000
vn 0.000000 0.000000 -1.000000
vn 0.000000 0.000000 -1.000000
vn 0.000000 0.000000 -1.000000
vn 0.000000 0.000000 -1.000000
vn 1.000000 0.000000 0.000000
vn 1.000000 0.000000 0.000000
vn 1.000000 0.000000 0.000000
vn 1.000000 0.000000 0.000000
vn -1.000000 0.000000 0.000000
vn -1.000000 0.000000 0.000000
vn -1.000000 0.000000 0.000000
vn -1.000000 0.000000 0.000000
vn 0.000000 0.000000 -1.000000
vn 0.000000 0.000000 -1.000000
vn 0.000000 0.000000 -1.000000
vn 0.000000 0.000000 -1.000000
vn 0.000000 1.000000 0.000000
vn 0.000000 1.000000 0.000000
vn 0.000000 1.000000 0.000000
vn 0.000000 1.000000 0.000000
vn 0.000000 1.000000 0.000000
vn 0.000000 1.000000 0.000000
vn 0.000000 1.000000 0.000000
vn 0.000000 1.000000 0.000000
vn 0.000000 -1.000000 -0.000000
vn 0.000000 -1.000000 -0.000000
vn 0.000000 -1.000000 -0.000000
vn 0.000000 -1.000000 -0.000000
vn 0.000000 -0.000000 1.000000
vn 0.000000 -0.000000 1.000000
vn 0.000000 -0.000000 1.000000
vn 0.000000 -0.000000 1.000000
vn -1.000000 0.000000 0.000000
vn -1.000000 0.000000 0.000000
vn -1.000000 0.000000 0.000000
vn -1.000000 0.000000 0.000000
vn 0.000000 -1.000000 -0.000000
vn 0.000000 -1.000000 -0.000000
vn 0.000000 -1.000000 -0.000000
vn 0.000000 -1.000000 -0.000000
vn 0.000000 -1.000000 -0.000000
vn 0.000000 -1.000000 -0.000000
vn 0.000000 -1.000000 -0.000000
vn 0.000000 -1.000000 -0.000000
vn 0.000000 1.000000 0.000000
vn 0.000000 1.000000 0.000000
vn 0.000000 1.000000 0.000000
vn 0.000000 1.000000 0.000000
vn 0.000000 1.000000 0.000000
vn 0.000000 1.000000 0.000000
vn 0.000000 1.000000 0.000000
vn 0.000000 1.000000 0.000000
vn 0.000000 -1.000000 -0.000000
vn 0.000000 -1.000000 -0.000000
vn 0.000000 -1.000000 -0.000000
vn 0.000000 -1.000000 -0.000000
vn 0.000000 0.000000 -1.000000
vn 0.000000 0.000000 -1.000000
vn 0.000000 0.000000 -1.000000
vn 0.000000 0.000000 -1.000000
vn -1.000000 0.000000 0.000000
vn -1.000000 0.000000 0.000000
vn -1.000000 0.000000 0.000000
vn -1.000000 0.000000 0.000000
vn -1.000000 0.000000 0.000000
vn -1.000000 0.000000 0.000000
vn -1.000000 0.000000 0.000000
vn -1.000000 0.000000 0.000000
vn -1.000000 0.000000 0.000000
vn -1.000000 0.000000 0.000000
vn -1.000000 0.000000 0.000000
vn 0.000000 1.000000 0.000000
vn 0.000000 1.000000 0.000000
vn 0.000000 1.000000 0.000000
vn 0.000000 1.000000 0.000000
vn 0.000000 -0.000000 1.000000
vn 0.000000 -0.000000 1.000000
vn 0.000000 -0.000000 1.000000
vn 0.000000 -0.000000 1.000000
vn 0.000000 1.000000 0.000000
vn 0.000000 1.000000 0.000000
vn 0.000000 1.000000 0.000000
vn 0.000000 1.000000 0.000000
vn 0.000000 -1.000000 -0.000000
vn 0.000000 -1.000000 -0.000000
vn 0.000000 -1.000000 -0.000000
vn 0.000000 -1.000000 -0.000000
vn 0.000000 0.000000 -1.000000
vn 0.000000 0.000000 -1.000000
vn 0.000000 0.000000 -1.000000
vn 0.000000 0.000000 -1.000000
vn -1.000000 0.000000 0.000000
vn -1.000000 0.000000 0.000000
vn -1.000000 0.000000 0.000000
vn -1.000000 0.000000 0.000000
vn -1.000000 0.000000 0.000000
vn -1.000000 0.000000 0.000000
vn -1.000000 0.000000 0.000000
vn -1.000000 0.000000 0.000000
vn 0.000000 -1.000000 -0.000000
vn 0.000000 -1.000000 -0.000000
vn 0.000000 -1.000000 -0.000000
vn 0.000000 -1.000000 -0.000000
vn -1.000000 0.000000 0.000000
vn -1.000000 0.000000 0.000000
vn -1.000000 0.000000 0.000000
vn -1.000000 0.000000 0.000000
vn -1.000000 0.000000 0.000000
vn -1.000000 0.000000 0.000000
vn -1.000000 0.000000 0.000000
vn 1.000000 0.000000 0.000000
vn 1.000000 0.000000 0.000000
vn 1.000000 0.000000 0.000000
vn 1.000000 0.000000 0.000000
vn 0.000000 -0.000000 1.000000
vn 0.000000 -0.000000 1.000000
vn 0.000000 -0.000000 1.000000
vn 0.000000 -0.000000 1.000000
vn 0.000000 -0.000000 1.000000
vn 0.000000 -0.000000 1.000000
vn 0.000000 -0.000000 1.000000
vn 0.000000 -0.000000 1.000000
vn 0.000000 1.000000 0.000000
vn 0.000000 1.000000 0.000000
vn 0.000000 1.000000 0.000000
vn 0.000000 1.000000 0.000000
vn 0.000000 -0.000000 1.000000
vn 0.000000 -0.000000 1.000000
vn 0.000000 -0.000000 1.000000
vn 0.000000 -0.000000 1.000000
vn 0.000000 -1.000000 -0.000000
vn 0.000000 -1.000000 -0.000000
vn 0.000000 -1.000000 -0.000000
vn 0.000000 -1.000000 -0.000000
vn 0.000000 0.000000 -1.000000
vn 0.000000 0.000000 -1.000000
vn 0.000000 0.000000 -1.000000
vn 0.000000 0.000000 -1.000000
vn 0.000000 0.000000 -1.000000
vn 0.000000 0.000000 -1.000000
vn 0.000000 0.000000 -1.000000
vn 0.000000 0.000000 -1.000000
vn 0.000000 -0.000000 1.000000
vn 0.000000 -0.000000 1.000000
vn 0.000000 -0.000000 1.000000
vn 0.000000 -0.000000 1.000000
vn 1.000000 0.000000 0.000000
vn 1.000000 0.000000 0.000000
vn 1.000000 0.000000 0.000000
vn 1.000000 0.000000 0.000000
vn 0.000000 1.000000 0.000000
vn 0.000000 1.000000 0.000000
vn 0.000000 1.000000 0.000000
vn 0.000000 1.000000 0.000000
vn 0.000000 -0.000000 1.000000
vn 0.000000 -0.000000 1.000000
vn 0.000000 -0.000000 1.000000
vn 0.000000 -0.000000 1.000000
vn -1.000000 0.000000 0.000000
vn -1.000000 0.000000 0.000000
vn -1.000000 0.000000 0.000000
vn -1.000000 0.000000 0.000000
vn 1.000000 0.000000 0.000000
vn 1.000000 0.000000 0.000000
vn 1.000000 0.000000 0.000000
vn 1.000000 0.000000 0.000000
vn 0.000000 0.000000 -1.000000
vn 0.000000 0.000000 -1.000000
vn 0.000000 0.000000 -1.000000
vn 0.000000 0.000000 -1.000000
vn 0.000000 -0.000000 1.000000
vn 0.000000 -0.000000 1.000000
vn 0.000000 -0.000000 1.000000
vn 0.000000 -0.000000 1.000000
vn 0.000000 -1.000000 -0.000000
vn 0.000000 -1.000000 -0.000000
vn 0.000000 -1.000000 -0.000000
vn 0.000000 -1.000000 -0.000000
vn 0.000000 1.000000 0.000000
vn 0.000000 1.000000 0.000000
vn 0.000000 1.000000 0.000000
vn 0.000000 1.000000 0.000000
vn 0.000000 0.000000 -1.000000
vn 0.000000 0.000000 -1.000000
vn 0.000000 0.000000 -1.000000
vn 0.000000 0.000000 -1.000000
vn 0.000000 -0.000000 1.000000
vn 0.000000 -0.000000 1.000000
vn 0.000000 -0.000000 1.000000
vn 0.000000 -0.000000 1.000000
vn -1.000000 0.000000 0.000000
vn -1.000000 0.000000 0.000000
vn -1.000000 0.000000 0.000000
vn -1.000000 0.000000 0.000000
vn 0.000000 -0.000000 1.000000
vn 0.000000 -0.000000 1.000000
vn 0.000000 -0.000000 1.000000
vn 0.000000 -0.000000 1.000000
vn 0.000000 -1.000000 -0.000000
vn 0.000000 -1.000000 -0.000000
vn 0.000000 -1.000000 -0.000000
vn 0.000000 -1.000000 -0.000000
vn -1.000000 0.000000 0.000000
vn -1.000000 0.000000 0.000000
vn -1.000000 0.000000 0.000000
vn -1.000000 0.000000 0.000000
vn 0.000000 0.000000 -1.000000
vn 0.000000 0.000000 -1.000000
vn 0.000000 0.000000 -1.000000
vn 0.000000 0.000000 -1.000000
vn -1.000000 0.000000 0.000000
vn -1.000000 0.000000 0.000000
vn -1.000000 0.000000 0.000000
vn -1.000000 0.000000 0.000000
vn 1.000000 0.000000 0.000000
vn 1.000000 0.000000 0.000000
vn 1.000000 0.000000 0.000000
vn 1.000000 0.000000 0.000000
vn 0.000000 0.000000 -1.000000
vn 0.000000 0.000000 -1.000000
vn 0.000000 0.000000 -1.000000
vn 0.000000 0.000000 -1.000000
vn 0.000000 -0.000000 1.000000
vn 0.000000 -0.000000 1.000000
vn 0.000000 -0.000000 1.000000
vn 0.000000 -0.000000 1.000000
vn 0.000000 -0.000000 1.000000
vn 0.000000 -0.000000 1.000000
vn 0.000000 -0.000000 1.000000
vn 0.000000 -0.000000 1.000000
vn 0.000000 -0.000000 1.000000
vn 0.000000 -0.000000 1.000000
vn 0.000000 -0.000000 1.000000
vn 0.000000 -0.000000 1.000000
vn 0.000000 1.000000 0.000000
vn 0.000000 1.000000 0.000000
vn 0.000000 1.000000 0.000000
vn 0.000000 1.000000 0.000000
vn 0.000000 -1.000000 -0.000000
vn 0.000000 -1.000000 -0.000000
vn 0.000000 -1.000000 -0.000000
vn 0.000000 -1.000000 -0.000000
vn 0.000000 -1.000000 -0.000000
vn 0.000000 -1.000000 -0.000000
vn 0.000000 -1.000000 -0.000000
vn 0.000000 -1.000000 -0.000000
vn 0.000000 -1.000000 -0.000000
vn 0.000000 1.000000 0.000000
vn 0.000000 1.000000 0.000000
vn 0.000000 1.000000 0.000000
vn 0.000000 1.000000 0.000000
vn 0.000000 -1.000000 -0.000000
vn 0.000000 -1.000000 -0.000000
vn 0.000000 -1.000000 -0.000000
vn 0.000000 -1.000000 -0.000000
vn 0.000000 0.000000 -1.000000
vn 0.000000 0.000000 -1.000000
vn 0.000000 0.000000 -1.000000
vn 0.000000 0.000000 -1.000000
vn 0.000000 -1.000000 -0.000000
vn 0.000000 -1.000000 -0.000000
vn 0.000000 -1.000000 -0.000000
vn 0.000000 -1.000000 -0.000000
vn 0.000000 -1.000000 -0.000000
vn 0.000000 -1.000000 -0.000000
vn 0.000000 -1.000000 -0.000000
vn 0.000000 -1.000000 -0.000000
vn 1.000000 0.000000 0.000000
vn 1.000000 0.000000 0.000000
vn 1.000000 0.000000 0.000000
vn 1.000000 0.000000 0.000000
vn 0.000000 -0.000000 1.000000
vn 0.000000 -0.000000 1.000000
vn 0.000000 -0.000000 1.000000
vn 0.000000 -0.000000 1.000000
vn 0.000000 -1.000000 -0.000000
vn 0.000000 -1.000000 -0.000000
vn 0.000000 -1.000000 -0.000000
vn 0.000000 -1.000000 -0.000000
vn 0.000000 -1.000000 -0.000000
vn 0.000000 -1.000000 -0.000000
vn 0.000000 -1.000000 -0.000000
vn 0.000000 -1.000000 -0.000000
vn 1.000000 0.000000 0.000000
vn 1.000000 0.000000 0.000000
vn 1.000000 0.000000 0.000000
vn 1.000000 0.000000 0.000000
vn 1.000000 0.000000 0.000000
vn 1.000000 0.000000 0.000000
vn 1.000000 0.000000 0.000000
vn 1.000000 0.000000 0.000000
vn -1.000000 0.000000 0.000000
vn -1.000000 0.000000 0.000000
vn -1.000000 0.000000 0.000000
vn -1.000000 0.000000 0.000000
vn 0.000000 0.000000 -1.000000
vn 0.000000 0.000000 -1.000000
vn 0.000000 0.000000 -1.000000
vn 0.000000 0.000000 -1.000000
vn 0.000000 -0.000000 1.000000
vn 0.000000 -0.000000 1.000000
vn 0.000000 -0.000000 1.000000
vn 0.000000 -0.000000 1.000000
vn 0.000000 1.000000 0.000000
vn 0.000000 1.000000 0.000000
vn 0.000000 1.000000 0.000000
vn 0.000000 1.000000 0.000000
vn 0.000000 -1.000000 -0.000000
vn 0.000000 -1.000000 -0.000000
vn 0.000000 -1.000000 -0.000000
vn 0.000000 -1.000000 -0.000000
vn -1.000000 0.000000 0.000000
vn -1.000000 0.000000 0.000000
vn -1.000000 0.000000 0.000000
vn -1.000000 0.000000 0.000000
vn 0.000000 -0.000000 1.000000
vn 0.000000 -0.000000 1.000000
vn 0.000000 -0.000000 1.000000
vn 0.000000 -0.000000 1.000000
vn 1.000000 0.000000 0.000000
vn 1.000000 0.000000 0.000000
vn 1.000000 0.000000 0.000000
vn 1.000000 0.000000 0.000000
vn -1.000000 0.000000 0.000000
vn -1.000000 0.000000 0.000000
vn -1.000000 0.000000 0.000000
vn -1.000000 0.000000 0.000000
vn 0.000000 0.000000 -1.000000
vn 0.000000 0.000000 -1.000000
vn 0.000000 0.000000 -1.000000
vn 0.000000 0.000000 -1.000000
vn 0.000000 -0.000000 1.000000
vn 0.000000 -0.000000 1.000000
vn 0.000000 -0.000000 1.000000
vn 0.000000 -0.000000 1.000000
vn 0.000000 -0.000000 1.000000
vn 0.000000 -0.000000 1.000000
vn 0.000000 -0.000000 1.000000
vn 0.000000 -0.000000 1.000000
vn 0.000000 1.000000 0.000000
vn 0.000000 1.000000 0.000000
vn 0.000000 1.000000 0.000000
vn 0.000000 1.000000 0.000000
vn 0.000000 1.000000 0.000000
vn 0.000000 1.000000 0.000000
vn 0.000000 1.000000 0.000000
vn 0.000000 1.000000 0.000000
vn 0.000000 1.000000 0.000000
vn 0.000000 1.000000 0.000000
vn 0.000000 1.000000 0.000000
vn 0.000000 -1.000000 -0.000000
vn 0.000000 -1.000000 -0.000000
vn 0.000000 -1.000000 -0.000000
vn 0.000000 -1.000000 -0.000000
vn 0.000000 0.000000 -1.000000
vn 0.000000 0.000000 -1.000000
vn 0.000000 0.000000 -1.000000
vn 0.000000 0.000000 -1.000000
vn 0.000000 1.000000 0.000000
vn 0.000000 1.000000 0.000000
vn 0.000000 1.000000 0.000000
vn 0.000000 1.000000 0.000000
vn 0.000000 1.000000 0.000000
vn 0.000000 1.000000 0.000000
vn 0.000000 1.000000 0.000000
vn 0.000000 1.000000 0.000000
vn 0.000000 -1.000000 -0.000000
vn 0.000000 -1.000000 -0.000000
vn 0.000000 -1.000000 -0.000000
vn 0.000000 -1.000000 -0.000000
vn 0.000000 0.000000 -1.000000
vn 0.000000 0.000000 -1.000000
vn 0.000000 0.000000 -1.000000
vn 0.000000 0.000000 -1.000000
vn 0.000000 -1.000000 -0.000000
vn 0.000000 -1.000000 -0.000000
vn 0.000000 -1.000000 -0.000000
vn 0.000000 -1.000000 -0.000000
vn 1.000000 0.000000 0.000000
vn 1.000000 0.000000 0.000000
vn 1.000000 0.000000 0.000000
vn 1.000000 0.000000 0.000000
vn -1.000000 0.000000 0.000000
vn -1.000000 0.000000 0.000000
vn -1.000000 0.000000 0.000000
vn -1.000000 0.000000 0.000000
vn -1.000000 0.000000 0.000000
vn 0.000000 -0.000000 1.000000
vn 0.000000 -0.000000 1.000000
vn 0.000000 -0.000000 1.000000
vn 0.000000 -0.000000 1.000000
vn 0.000000 1.000000 0.000000
vn 0.000000 1.000000 0.000000
vn 0.000000 1.000000 0.000000
vn 0.000000 1.000000 0.000000
vn 0.000000 1.000000 0.000000
vn 0.000000 1.000000 0.000000
vn 0.000000 1.000000 0.000000
vn 0.000000 1.000000 0.000000
vn 1.000000 0.000000 0.000000
vn 1.000000 0.000000 0.000000
vn 1.000000 0.000000 0.000000
vn 1.000000 0.000000 0.000000
vn 0.000000 0.000000 -1.000000
vn 0.000000 0.000000 -1.000000
vn 0.000000 0.000000 -1.000000
vn 0.000000 0.000000 -1.000000
vn 0.000000 0.000000 -1.000000
vn 1.000000 0.000000 0.000000
vn 1.000000 0.000000 0.000000
vn 1.000000 0.000000 0.000000
vn 1.000000 0.000000 0.000000
vn 0.000000 -1.000000 -0.000000
vn 0.000000 -1.000000 -0.000000
vn 0.000000 -1.000000 -0.000000
vn 0.000000 -1.000000 -0.000000
vn 0.000000 0.000000 -1.000000
vn 0.000000 0.000000 -1.000000
vn 0.000000 0.000000 -1.000000
vn 0.000000 0.000000 -1.000000
vn -1.000000 0.000000 0.000000
vn -1.000000 0.000000 0.000000
vn -1.000000 0.000000 0.000000
vn -1.000000 0.000000 0.000000
vn 0.000000 0.000000 -1.000000
vn 0.000000 0.000000 -1.000000
vn 0.000000 0.000000 -1.000000
vn 0.000000 0.000000 -1.000000
vn -1.000000 0.000000 0.000000
vn -1.000000 0.000000 0.000000
vn -1.000000 0.000000 0.000000
vn -1.000000 0.000000 0.000000
vn 0.000000 -0.000000 1.000000
vn 0.000000 -0.000000 1.000000
vn 0.000000 -0.000000 1.000000
vn 0.000000 -0.000000 1.000000
vn 1.000000 0.000000 0.000000
vn 1.000000 0.000000 0.000000
vn 1.000000 0.000000 0.000000
vn 1.000000 0.000000 0.000000
vn -1.000000 0.000000 0.000000
vn -1.000000 0.000000 0.000000
vn -1.000000 0.000000 0.000000
vn -1.000000 0.000000 0.000000
vn 0.000000 -1.000000 -0.000000
vn 0.000000 -1.000000 -0.000000
vn 0.000000 -1.000000 -0.000000
vn 0.000000 -1.000000 -0.000000
vn 0.000000 1.000000 0.000000
vn 0.000000 1.000000 0.000000
vn 0.000000 1.000000 0.000000
vn 0.000000 1.000000 0.000000
vn 0.000000 -0.000000 1.000000
vn 0.000000 -0.000000 1.000000
vn 0.000000 -0.000000 1.000000
vn 0.000000 -0.000000 1.000000
vn 0.000000 -1.000000 -0.000000
vn 0.000000 -1.000000 -0.000000
vn 0.000000 -1.000000 -0.000000
vn 0.000000 -1.000000 -0.000000
vn 0.000000 0.000000 -1.000000
vn 0.000000 0.000000 -1.000000
vn 0.000000 0.000000 -1.000000
vn 0.000000 0.000000 -1.000000
vn 0.000000 0.000000 -1.000000
vn 0.000000 0.000000 -1.000000
vn 0.000000 0.000000 -1.000000
vn 0.000000 0.000000 -1.000000
vn 0.000000 1.000000 0.000000
vn 0.000000 1.000000 0.000000
vn 0.000000 1.000000 0.000000
vn 0.000000 1.000000 0.000000
vn 0.000000 -1.000000 -0.000000
vn 0.000000 -1.000000 -0.000000
vn 0.000000 -1.000000 -0.000000
vn 0.000000 -1.000000 -0.000000
vn 0.000000 -0.000000 1.000000
vn 0.000000 -0.000000 1.000000
vn 0.000000 -0.000000 1.000000
vn 0.000000 -0.000000 1.000000
vn -1.000000 0.000000 0.000000
vn -1.000000 0.000000 0.000000
vn -1.000000 0.000000 0.000000
vn -1.000000 0.000000 0.000000
vn -1.000000 0.000000 0.000000
vn -1.000000 0.000000 0.000000
vn -1.000000 0.000000 0.000000
vn 0.000000 -1.000000 -0.000000
vn 0.000000 -1.000000 -0.000000
vn 0.000000 -1.000000 -0.000000
vn 0.000000 -1.000000 -0.000000
vn -1.000000 0.000000 0.000000
vn -1.000000 0.000000 0.000000
vn -1.000000 0.000000 0.000000
vn -1.000000 0.000000 0.000000
vn 1.000000 0.000000 0.000000
vn 1.000000 0.000000 0.000000
vn 1.000000 0.000000 0.000000
vn 1.000000 0.000000 0.000000
vn 0.000000 0.000000 -1.000000
vn 0.000000 0.000000 -1.000000
vn 0.000000 0.000000 -1.000000
vn 0.000000 0.000000 -1.000000
vn 0.000000 -0.000000 1.000000
vn 0.000000 -0.000000 1.000000
vn 0.000000 -0.000000 1.000000
vn 0.000000 -0.000000 1.000000
vn 0.000000 -1.000000 -0.000000
vn 0.000000 -1.000000 -0.000000
vn 0.000000 -1.000000 -0.000000
vn 0.000000 -1.000000 -0.000000
vn 0.000000 1.000000 0.000000
vn 0.000000 1.000000 0.000000
vn 0.000000 1.000000 0.000000
vn 0.000000 1.000000 0.000000
vn 0.000000 1.000000 0.000000
vn 0.000000 1.000000 0.000000
vn 0.000000 1.000000 0.000000
vn 0.000000 1.000000 0.000000
vn 0.000000 1.000000 0.000000
vn 0.000000 1.000000 0.000000
vn 0.000000 1.000000 0.000000
vn 0.000000 1.000000 0.000000
vn 0.000000 -0.000000 1.000000
vn 0.000000 -0.000000 1.000000
vn 0.000000 -0.000000 1.000000
vn 0.000000 -0.000000 1.000000
vn -1.000000 0.000000 0.000000
vn -1.000000 0.000000 0.000000
vn -1.000000 0.000000 0.000000
vn -1.000000 0.000000 0.000000
vn 0.000000 -0.000000 1.000000
vn 0.000000 -0.000000 1.000000
vn 0.000000 -0.000000 1.000000
vn 0.000000 -0.000000 1.000000
vn 1.000000 0.000000 0.000000
vn 1.000000 0.000000 0.000000
vn 1.000000 0.000000 0.000000
vn 1.000000 0.000000 0.000000
vn 0.000000 0.000000 -1.000000
vn 0.000000 0.000000 -1.000000
vn 0.000000 0.000000 -1.000000
vn 0.000000 0.000000 -1.000000
vn 0.000000 0.000000 -1.000000
vn 0.000000 0.000000 -1.000000
vn 0.000000 0.000000 -1.000000
vn 0.000000 0.000000 -1.000000
vn 0.000000 0.000000 -1.000000
vn 0.000000 0.000000 -1.000000
vn 0.000000 0.000000 -1.000000
vn 0.000000 -0.000000 1.000000
vn 0.000000 -0.000000 1.000000
vn 0.000000 -0.000000 1.000000
vn 0.000000 -0.000000 1.000000
vn 0.000000 1.000000 0.000000
vn 0.000000 1.000000 0.000000
vn 0.000000 1.000000 0.000000
vn 0.000000 1.000000 0.000000
vn 1.000000 0.000000 0.000000
vn 1.000000 0.000000 0.000000
vn 1.000000 0.000000 0.000000
vn 1.000000 0.000000 0.000000
vn 1.000000 0.000000 0.000000
vn 1.000000 0.000000 0.000000
vn 1.000000 0.000000 0.000000
vn 1.000000 0.000000 0.000000
vn 1.000000 0.000000 0.000000
vn 1.000000 0.000000 0.000000
vn 1.000000 0.000000 0.000000
vn 1.000000 0.000000 0.000000
vn 1.000000 0.000000 0.000000
vn 1.000000 0.000000 0.000000
vn 1.000000 0.000000 0.000000
vn 1.000000 0.000000 0.000000
vn -1.000000 0.000000 0.000000
vn -1.000000 0.000000 0.000000
vn -1.000000 0.000000 0.000000
vn -1.000000 0.000000 0.000000
vn -1.000000 0.000000 0.000000
vn -1.000000 0.000000 0.000000
vn -1.000000 0.000000 0.000000
vn -1.000000 0.000000 0.000000
vn -1.000000 0.000000 0.000000
vn -1.000000 0.000000 0.000000
vn -1.000000 0.000000 0.000000
vn -1.000000 0.000000 0.000000
vn -1.000000 0.000000 0.000000
vn -1.000000 0.000000 0.000000
vn 0.000000 1.000000 0.000000
vn 0.000000 1.000000 0.000000
vn 0.000000 1.000000 0.000000
vn 0.000000 1.000000 0.000000
vn 0.000000 1.000000 0.000000
vn 0.000000 1.000000 0.000000
vn 0.000000 1.000000 0.000000
vn 0.000000 1.000000 0.000000
vn 0.000000 1.000000 0.000000
vn 0.000000 1.000000 0.000000
vn 0.000000 1.000000 0.000000
vn 0.000000 1.000000 0.000000
vn 0.000000 1.000000 0.000000
vn 0.000000 1.000000 0.000000
vn 0.000000 1.000000 0.000000
vn 0.000000 1.000000 0.000000
vn 0.000000 1.000000 0.000000
vn 0.000000 1.000000 0.000000
vn 0.000000 1.000000 0.000000
vn 0.000000 1.000000 0.000000
vn 0.000000 1.000000 0.000000
vn 0.000000 1.000000 0.000000
vn 0.000000 1.000000 0.000000
vn 0.000000 1.000000 0.000000
vn 0.000000 1.000000 0.000000
vn 0.000000 1.000000 0.000000
vn 0.000000 1.000000 0.000000
vn 0.000000 1.000000 0.000000
vn 0.000000 1.000000 0.000000
vn 0.000000 1.000000 0.000000
vn 0.000000 1.000000 0.000000
vn 0.000000 1.000000 0.000000
vn 0.000000 1.000000 0.000000
vn 0.000000 1.000000 0.000000
vn 0.000000 1.000000 0.000000
vn 0.000000 1.000000 0.000000
vn 0.000000 1.000000 0.000000
vn 0.000000 1.000000 0.000000
vn 0.000000 1.000000 0.000000
vn 0.000000 1.000000 0.000000
vn 0.000000 1.000000 0.000000
vn 0.000000 1.000000 0.000000
vn 0.000000 1.000000 0.000000
vn 0.000000 1.000000 0.000000
f 3/3/3 2/2/2 1/1/1
f 6/6/6 5/5/5 4/4/4
f 9/9/9 8/8/8 7/7/7
f 12/12/12 11/11/11 10/10/10
f 14/14/14 13/13/13 12/12/12
f 13/13/13 15/15/15 12/12/12
f 18/18/18 17/17/17 16/16/16
f 16/16/16 20/20/20 19/19/19
f 20/20/20 21/21/21 19/19/19
f 21/21/21 22/22/22 19/19/19
f 22/22/22 23/23/23 19/19/19
f 23/23/23 24/24/24 19/19/19
f 27/27/27 26/26/26 25/25/25
f 30/30/30 29/29/29 28/28/28
f 28/28/28 32/32/32 31/31/31
f 32/32/32 33/33/33 31/31/31
f 36/36/36 35/35/35 34/34/34
f 39/39/39 38/38/38 37/37/37
f 42/42/42 41/41/41 40/40/40
f 45/45/45 44/44/44 43/43/43
f 48/48/48 47/47/47 46/46/46
f 51/51/51 50/50/50 49/49/49
f 54/54/54 53/53/53 52/52/52
f 57/57/57 56/56/56 55/55/55
f 60/60/60 59/59/59 58/58/58
f 63/63/63 62/62/62 61/61/61
f 66/66/66 65/65/65 64/64/64
f 64/64/64 68/68/68 67/67/67
f 64/64/64 70/70/70 69/69/69
f 69/69/69 72/72/72 71/71/71
f 71/71/71 73/73/73 69/69/69
f 71/71/71 74/74/74 73/73/73
f 71/71/71 75/75/75 74/74/74
f 75/75/75 76/76/76 74/74/74
f 75/75/75 77/77/77 76/76/76
f 79/79/79 75/75/75 78/78/78
f 78/78/78 80/80/80 79/79/79
f 78/78/78 81/81/81 80/80/80
f 81/81/81 82/82/82 80/80/80
f 81/81/81 83/83/83 82/82/82
f 85/85/85 81/81/81 84/84/84
f 84/84/84 86/86/86 85/85/85
f 84/84/84 87/87/87 86/86/86
f 84/84/84 88/88/88 87/87/87
f 87/87/87 89/89/89 86/86/86
f 89/89/89 87/87/87 90/90/90
f 89/89/89 90/90/90 91/91/91
f 91/91/91 92/92/92 89/89/89
f 95/95/95 94/94/94 93/93/93
f 95/95/95 97/97/97 96/96/96
f 100/100/100 99/99/99 98/98/98
f 103/103/103 102/102/102 101/101/101
f 106/106/106 105/105/105 104/104/104
f 109/109/109 108/108/108 107/107/107
f 112/112/112 111/111/111 110/110/110
f 115/115/115 114/114/114 113/113/113
f 118/118/118 117/117/117 116/116/116
f 121/121/121 120/120/120 119/119/119
f 124/124/124 123/123/123 122/122/122
f 124/124/124 126/126/126 125/125/125
f 129/129/129 128/128/128 127/127/127
f 131/131/131 130/130/130 128/128/128
f 131/131/131 133/133/133 132/132/132
f 136/136/136 135/135/135 134/134/134
f 139/139/139 138/138/138 137/137/137
f 141/141/141 140/140/140 139/139/139
f 139/139/139 142/142/142 141/141/141
f 139/139/139 143/143/143 142/142/142
f 146/146/146 145/145/145 144/144/144
f 146/146/146 148/148/148 147/147/147
f 149/149/149 146/146/146 147/147/147
f 152/152/152 151/151/151 150/150/150
f 155/155/155 154/154/154 153/153/153
f 158/158/158 157/157/157 156/156/156
f 161/161/161 160/160/160 159/159/159
f 163/163/163 162/162/162 160/160/160
f 160/160/160 164/164/164 163/163/163
f 167/167/167 166/166/166 165/165/165
f 165/165/165 169/169/169 168/168/168
f 172/172/172 171/171/171 170/170/170
f 175/175/175 174/174/174 173/173/173
f 178/178/178 177/177/177 176/176/176
f 181/181/181 180/180/180 179/179/179
f 184/184/184 183/183/183 182/182/182
f 186/186/186 185/185/185 183/183/183
f 186/186/186 187/187/187 185/185/185
f 190/190/190 189/189/189 188/188/188
f 193/193/193 192/192/192 191/191/191
f 196/196/196 195/195/195 194/194/194
f 199/199/199 198/198/198 197/197/197
f 197/197/197 201/201/201 200/200/200
f 204/204/204 203/203/203 202/202/202
f 207/207/207 206/206/206 205/205/205
f 209/209/209 208/208/208 206/206/206
f 206/206/206 210/210/210 209/209/209
f 213/213/213 212/212/212 211/211/211
f 211/211/211 215/215/215 214/214/214
f 218/218/218 217/217/217 216/216/216
f 221/221/221 220/220/220 219/219/219
f 223/223/223 222/222/222 221/221/221
f 225/225/225 224/224/224 222/222/222
f 225/225/225 226/226/226 224/224/224
f 229/229/229 228/228/228 227/227/227
f 232/232/232 231/231/231 230/230/230
f 235/235/235 234/234/234 233/233/233
f 238/238/238 237/237/237 236/236/236
f 240/240/240 239/239/239 237/237/237
f 237/237/237 241/241/241 240/240/240
f 244/244/244 243/243/243 242/242/242
f 246/246/246 245/245/245 243/243/243
f 243/243/243 247/247/247 246/246/246
f 250/250/250 249/249/249 248/248/248
f 253/253/253 252/252/252 251/251/251
f 255/255/255 254/254/254 252/252/252
f 252/252/252 256/256/256 255/255/255
f 259/259/259 258/258/258 257/257/257
f 262/262/262 261/261/261 260/260/260
f 265/265/265 264/264/264 263/263/263
f 265/265/265 267/267/267 266/266/266
f 269/269/269 268/268/268 266/266/266
f 266/266/266 270/270/270 269/269/269
f 273/273/273 272/272/272 271/271/271
f 275/275/275 273/273/273 274/274/274
f 274/274/274 276/276/276 275/275/275
f 279/279/279 278/278/278 277/277/277
f 282/282/282 281/281/281 280/280/280
f 284/284/284 283/283/283 281/281/281
f 281/281/281 285/285/285 284/284/284
f 288/288/288 287/287/287 286/286/286
f 286/286/286 290/290/290 289/289/289
f 293/293/293 292/292/292 291/291/291
f 296/296/296 295/295/295 294/294/294
f 294/294/294 298/298/298 297/297/297
f 301/301/301 300/300/300 299/299/299
f 304/304/304 303/303/303 302/302/302
f 307/307/307 306/306/306 305/305/305
f 305/305/305 309/309/309 308/308/308
f 312/312/312 311/311/311 310/310/310
f 315/315/315 314/314/314 313/313/313
f 318/318/318 317/317/317 316/316/316
f 321/321/321 320/320/320 319/319/319
f 324/324/324 323/323/323 322/322/322
f 322/322/322 326/326/326 325/325/325
f 329/329/329 328/328/328 327/327/327
f 332/332/332 331/331/331 330/330/330
f 330/330/330 334/334/334 333/333/333
f 337/337/337 336/336/336 335/335/335
f 340/340/340 339/339/339 338/338/338
f 338/338/338 342/342/342 341/341/341
f 345/345/345 344/344/344 343/343/343
f 348/348/348 347/347/347 346/346/346
f 346/346/346 350/350/350 349/349/349
f 353/353/353 352/352/352 351/351/351
f 356/356/356 355/355/355 354/354/354
f 354/354/354 358/358/358 357/357/357
f 361/361/361 360/360/360 359/359/359
f 364/364/364 363/363/363 362/362/362
f 367/367/367 366/366/366 365/365/365
f 370/370/370 369/369/369 368/368/368
f 372/372/372 371/371/371 369/369/369
f 369/369/369 373/373/373 372/372/372
f 376/376/376 375/375/375 374/374/374
f 379/379/379 378/378/378 377/377/377
f 381/381/381 377/377/377 380/380/380
f 380/380/380 382/382/382 381/381/381
f 382/382/382 380/380/380 383/383/383
f 383/383/383 384/384/384 382/382/382
f 387/387/387 386/386/386 385/385/385
f 390/390/390 389/389/389 388/388/388
f 388/388/388 392/392/392 391/391/391
f 395/395/395 394/394/394 393/393/393
f 398/398/398 397/397/397 396/396/396
f 401/401/401 400/400/400 399/399/399
f 403/403/403 402/402/402 400/400/400
f 403/403/403 404/404/404 402/402/402
f 407/407/407 406/406/406 405/405/405
f 410/410/410 409/409/409 408/408/408
f 412/412/412 411/411/411 408/408/408
f 415/415/415 414/414/414 413/413/413
f 417/417/417 415/415/415 416/416/416
f 416/416/416 418/418/418 417/417/417
f 416/416/416 420/420/420 419/419/419
f 423/423/423 422/422/422 421/421/421
f 425/425/425 422/422/422 424/424/424
f 427/427/427 426/426/426 425/425/425
f 427/427/427 428/428/428 426/426/426
f 431/431/431 430/430/430 429/429/429
f 433/433/433 432/432/432 430/430/430
f 433/433/433 434/434/434 432/432/432
f 437/437/437 436/436/436 435/435/435
f 440/440/440 439/439/439 438/438/438
f 438/438/438 442/442/442 441/441/441
f 445/445/445 444/444/444 443/443/443
f 445/445/445 447/447/447 446/446/446
f 450/450/450 449/449/449 448/448/448
f 448/448/448 452/452/452 451/451/451
f 455/455/455 454/454/454 453/453/453
f 458/458/458 457/457/457 456/456/456
f 461/461/461 460/460/460 459/459/459
f 463/463/463 461/461/461 462/462/462
f 462/462/462 464/464/464 463/463/463
f 467/467/467 466/466/466 465/465/465
f 470/470/470 469/469/469 468/468/468
f 468/468/468 472/472/472 471/471/471
f 475/475/475 474/474/474 473/473/473
f 478/478/478 477/477/477 476/476/476
f 481/481/481 480/480/480 479/479/479
f 484/484/484 483/483/483 482/482/482
f 486/486/486 485/485/485 484/484/484
f 486/486/486 487/487/487 485/485/485
f 490/490/490 489/489/489 488/488/488
f 493/493/493 492/492/492 491/491/491
f 495/495/495 494/494/494 492/492/492
f 495/495/495 496/496/496 494/494/494
f 499/499/499 498/498/498 497/497/497
f 502/502/502 501/501/501 500/500/500
f 505/505/505 504/504/504 503/503/503
f 508/508/508 507/507/507 506/506/506
f 506/506/506 510/510/510 509/509/509
f 513/513/513 512/512/512 511/511/511
f 515/515/515 514/514/514 512/512/512
f 512/512/512 516/516/516 515/515/515
f 519/519/519 518/518/518 517/517/517
f 522/522/522 521/521/521 520/520/520
f 525/525/525 524/524/524 523/523/523
f 527/527/527 525/525/525 526/526/526
f 525/525/525 528/528/528 526/526/526
f 531/531/531 530/530/530 529/529/529
f 534/534/534 533/533/533 532/532/532
f 537/537/537 536/536/536 535/535/535
f 535/535/535 539/539/539 538/538/538
f 542/542/542 541/541/541 540/540/540
f 545/545/545 544/544/544 543/543/543
f 548/548/548 547/547/547 546/546/546
f 551/551/551 550/550/550 549/549/549
f 550/550/550 553/553/553 552/552/552
f 556/556/556 555/555/555 554/554/554
f 558/558/558 557/557/557 555/555/555
f 560/560/560 559/559/559 557/557/557
f 557/557/557 561/561/561 560/560/560
f 564/564/564 563/563/563 562/562/562
f 567/567/567 566/566/566 565/565/565
f 569/569/569 568/568/568 566/566/566
f 569/569/569 570/570/570 568/568/568
f 573/573/573 572/572/572 571/571/571
f 576/576/576 575/575/575 574/574/574
f 579/579/579 578/578/578 577/577/577
f 582/582/582 581/581/581 580/580/580
f 585/585/585 584/584/584 583/583/583
f 585/585/585 587/587/587 586/586/586
f 590/590/590 589/589/589 588/588/588
f 592/592/592 591/591/591 588/588/588
f 595/595/595 594/594/594 593/593/593
f 597/597/597 595/595/595 596/596/596
f 600/600/600 599/599/599 598/598/598
f 603/603/603 602/602/602 601/601/601
f 606/606/606 605/605/605 604/604/604
f 604/604/604 608/608/608 607/607/607
f 611/611/611 610/610/610 609/609/609
f 609/609/609 613/613/613 612/612/612
f 612/612/612 615/615/615 614/614/614
f 618/618/618 617/617/617 616/616/616
f 621/621/621 620/620/620 619/619/619
f 619/619/619 623/623/623 622/622/622
f 625/625/625 622/622/622 624/624/624
f 628/628/628 627/627/627 626/626/626
f 631/631/631 630/630/630 629/629/629
f 633/633/633 629/629/629 632/632/632
f 635/635/635 632/632/632 634/634/634
f 634/634/634 637/637/637 636/636/636
f 640/640/640 639/639/639 638/638/638
f 643/643/643 642/642/642 641/641/641
f 646/646/646 645/645/645 644/644/644
f 649/649/649 648/648/648 647/647/647
f 652/652/652 651/651/651 650/650/650
f 650/650/650 654/654/654 653/653/653
f 657/657/657 656/656/656 655/655/655
f 660/660/660 659/659/659 658/658/658
f 663/663/663 662/662/662 661/661/661
f 661/661/661 665/665/665 664/664/664
f 668/668/668 667/667/667 666/666/666
f 668/668/668 670/670/670 669/669/669
f 673/673/673 672/672/672 671/671/671
f 676/676/676 675/675/675 674/674/674
f 679/679/679 678/678/678 677/677/677
f 682/682/682 681/681/681 680/680/680
f 685/685/685 684/684/684 683/683/683
f 683/683/683 687/687/687 686/686/686
f 690/690/690 689/689/689 688/688/688
f 693/693/693 692/692/692 691/691/691
f 691/691/691 695/695/695 694/694/694
f 698/698/698 697/697/697 696/696/696
f 698/698/698 700/700/700 699/699/699
f 703/703/703 702/702/702 701/701/701
f 706/706/706 705/705/705 704/704/704
f 704/704/704 708/708/708 707/707/707
f 711/711/711 710/710/710 709/709/709
f 714/714/714 713/713/713 712/712/712
f 717/717/717 716/716/716 715/715/715
f 719/719/719 718/718/718 715/715/715
f 722/722/722 721/721/721 720/720/720
f 724/724/724 722/722/722 723/723/723
f 723/723/723 725/725/725 724/724/724
f 728/728/728 727/727/727 726/726/726
f 731/731/731 730/730/730 729/729/729
f 729/729/729 733/733/733 732/732/732
f 736/736/736 735/735/735 734/734/734
f 739/739/739 738/738/738 737/737/737
f 742/742/742 741/741/741 740/740/740
f 744/744/744 742/742/742 743/743/743
f 742/742/742 745/745/745 743/743/743
f 748/748/748 747/747/747 746/746/746
f 751/751/751 750/750/750 749/749/749
f 754/754/754 753/753/753 752/752/752
f 757/757/757 756/756/756 755/755/755
f 759/759/759 758/758/758 756/756/756
f 756/756/756 760/760/760 759/759/759
f 763/763/763 762/762/762 761/761/761
f 766/766/766 765/765/765 764/764/764
f 769/769/769 768/768/768 767/767/767
f 772/772/772 771/771/771 770/770/770
f 775/775/775 774/774/774 773/773/773
f 778/778/778 777/777/777 776/776/776
f 781/781/781 780/780/780 779/779/779
f 784/784/784 783/783/783 782/782/782
f 786/786/786 782/782/782 785/785/785
f 785/785/785 787/787/787 786/786/786
f 787/787/787 785/785/785 788/788/788
f 788/788/788 789/789/789 787/787/787
f 792/792/792 791/791/791 790/790/790
f 795/795/795 794/794/794 793/793/793
f 793/793/793 797/797/797 796/796/796
f 800/800/800 799/799/799 798/798/798
f 803/803/803 802/802/802 801/801/801
f 806/806/806 805/805/805 804/804/804
f 808/808/808 807/807/807 805/805/805
f 805/805/805 809/809/809 808/808/808
f 812/812/812 811/811/811 810/810/810
f 814/814/814 813/813/813 811/811/811
f 811/811/811 815/815/815 814/814/814
f 818/818/818 817/817/817 816/816/816
f 821/821/821 820/820/820 819/819/819
f 824/824/824 823/823/823 822/822/822
f 827/827/827 826/826/826 825/825/825
f 830/830/830 829/829/829 828/828/828
f 833/833/833 832/832/832 831/831/831
f 835/835/835 834/834/834 832/832/832
f 837/837/837 836/836/836 834/834/834
f 834/834/834 838/838/838 837/837/837
f 841/841/841 840/840/840 839/839/839
f 844/844/844 843/843/843 842/842/842
f 842/842/842 846/846/846 845/845/845
f 849/849/849 848/848/848 847/847/847
f 851/851/851 850/850/850 848/848/848
f 854/854/854 853/853/853 852/852/852
f 852/852/852 856/856/856 855/855/855
f 859/859/859 858/858/858 857/857/857
f 862/862/862 861/861/861 860/860/860
f 865/865/865 864/864/864 863/863/863
f 863/863/863 867/867/867 866/866/866
f 870/870/870 869/869/869 868/868/868
f 873/873/873 872/872/872 871/871/871
f 871/871/871 875/875/875 874/874/874
f 878/878/878 877/877/877 876/876/876
f 881/881/881 880/880/880 879/879/879
f 884/884/884 883/883/883 882/882/882
f 886/886/886 885/885/885 883/883/883
f 889/889/889 888/888/888 887/887/887
f 892/892/892 891/891/891 890/890/890
f 895/895/895 894/894/894 893/893/893
f 897/897/897 893/893/893 896/896/896
f 899/899/899 896/896/896 898/898/898
f 902/902/902 901/901/901 900/900/900
f 905/905/905 904/904/904 903/903/903
f 908/908/908 907/907/907 906/906/906
f 910/910/910 909/909/909 907/907/907
f 907/907/907 911/911/911 910/910/910
f 914/914/914 913/913/913 912/912/912
f 916/916/916 915/915/915 913/913/913
f 913/913/913 917/917/917 916/916/916
f 920/920/920 919/919/919 918/918/918
f 923/923/923 922/922/922 921/921/921
f 925/925/925 924/924/924 922/922/922
f 922/922/922 926/926/926 925/925/925
f 929/929/929 928/928/928 927/927/927
f 931/931/931 930/930/930 928/928/928
f 928/928/928 932/932/932 931/931/931
f 935/935/935 934/934/934 933/933/933
f 938/938/938 937/937/937 936/936/936
f 936/936/936 940/940/940 939/939/939
f 943/943/943 942/942/942 941/941/941
f 946/946/946 945/945/945 944/944/944
f 948/948/948 947/947/947 946/946/946
f 951/951/951 950/950/950 949/949/949
f 954/954/954 953/953/953 952/952/952
f 952/952/952 956/956/956 955/955/955
f 959/959/959 958/958/958 957/957/957
f 962/962/962 961/961/961 960/960/960
f 965/965/965 964/964/964 963/963/963
f 968/968/968 967/967/967 966/966/966
f 971/971/971 970/970/970 969/969/969
f 973/973/973 971/971/971 972/972/972
f 972/972/972 974/974/974 973/973/973
f 974/974/974 972/972/972 975/975/975
f 978/978/978 977/977/977 976/976/976
f 976/976/976 980/980/980 979/979/979
f 983/983/983 982/982/982 981/981/981
f 986/986/986 985/985/985 984/984/984
f 989/989/989 988/988/988 987/987/987
f 992/992/992 991/991/991 990/990/990
f 995/995/995 994/994/994 993/993/993
f 998/998/998 997/997/997 996/996/996
f 1000/1000/1000 999/999/999 997/997/997
f 1000/1000/1000 1001/1001/1001 999/999/999
f 1004/1004/1004 1003/1003/1003 1002/1002/1002
f 1007/1007/1007 1006/1006/1006 1005/1005/1005
f 1010/1010/1010 1009/1009/1009 1008/1008/1008
f 1013/1013/1013 1012/1012/1012 1011/1011/1011
f 1015/1015/1015 1011/1011/1011 1014/1014/1014
f 1017/1017/1017 1014/1014/1014 1016/1016/1016
f 1016/1016/1016 1019/1019/1019 1018/1018/1018
f 1022/1022/1022 1021/1021/1021 1020/1020/1020
f 1025/1025/1025 1024/1024/1024 1023/1023/1023
f 1028/1028/1028 1027/1027/1027 1026/1026/1026
f 1030/1030/1030 1029/1029/1029 1028/1028/1028
f 1033/1033/1033 1032/1032/1032 1031/1031/1031
f 1036/1036/1036 1035/1035/1035 1034/1034/1034
f 1039/1039/1039 1038/1038/1038 1037/1037/1037
f 1042/1042/1042 1041/1041/1041 1040/1040/1040
f 1040/1040/1040 1044/1044/1044 1043/1043/1043
f 1047/1047/1047 1046/1046/1046 1045/1045/1045
f 1050/1050/1050 1049/1049/1049 1048/1048/1048
f 1053/1053/1053 1052/1052/1052 1051/1051/1051
f 1055/1055/1055 1054/1054/1054 1052/1052/1052
f 1052/1052/1052 1056/1056/1056 1055/1055/1055
f 1059/1059/1059 1058/1058/1058 1057/1057/1057
f 1062/1062/1062 1061/1061/1061 1060/1060/1060
f 1065/1065/1065 1064/1064/1064 1063/1063/1063
f 1068/1068/1068 1067/1067/1067 1066/1066/1066
f 1071/1071/1071 1070/1070/1070 1069/1069/1069
f 1073/1073/1073 1072/1072/1072 1070/1070/1070
f 1075/1075/1075 1074/1074/1074 1072/1072/1072
f 1072/1072/1072 1076/1076/1076 1075/1075/1075
f 1079/1079/1079 1078/1078/1078 1077/1077/1077
f 1082/1082/1082 1081/1081/1081 1080/1080/1080
f 1085/1085/1085 1084/1084/1084 1083/1083/1083
f 1088/1088/1088 1087/1087/1087 1086/1086/1086
f 1086/1086/1086 1090/1090/1090 1089/1089/1089
f 1093/1093/1093 1092/1092/1092 1091/1091/1091
f 1096/1096/1096 1095/1095/1095 1094/1094/1094
f 1095/1095/1095 1098/1098/1098 1097/1097/1097
f 1098/1098/1098 1099/1099/1099 1097/1097/1097
f 1102/1102/1102 1101/1101/1101 1100/1100/1100
f 1105/1105/1105 1104/1104/1104 1103/1103/1103
f 1103/1103/1103 1107/1107/1107 1106/1106/1106
f 1110/1110/1110 1109/1109/1109 1108/1108/1108
f 1113/1113/1113 1112/1112/1112 1111/1111/1111
f 1116/1116/1116 1115/1115/1115 1114/1114/1114
f 1118/1118/1118 1117/1117/1117 1115/1115/1115
f 1121/1121/1121 1120/1120/1120 1119/1119/1119
f 1123/1123/1123 1122/1122/1122 1121/1121/1121
f 1122/1122/1122 1123/1123/1123 1124/1124/1124
f 1124/1124/1124 1125/1125/1125 1122/1122/1122
f 1128/1128/1128 1127/1127/1127 1126/1126/1126
f 1126/1126/1126 1130/1130/1130 1129/1129/1129
f 1133/1133/1133 1132/1132/1132 1131/1131/1131
f 1136/1136/1136 1135/1135/1135 1134/1134/1134
f 1139/1139/1139 1138/1138/1138 1137/1137/1137
f 1139/1139/1139 1141/1141/1141 1140/1140/1140
f 1144/1144/1144 1143/1143/1143 1142/1142/1142
f 1146/1146/1146 1145/1145/1145 1142/1142/1142
f 1149/1149/1149 1148/1148/1148 1147/1147/1147
f 1152/1152/1152 1151/1151/1151 1150/1150/1150
f 1155/1155/1155 1154/1154/1154 1153/1153/1153
f 1158/1158/1158 1157/1157/1157 1156/1156/1156
f 1160/1160/1160 1159/1159/1159 1157/1157/1157
f 1160/1160/1160 1161/1161/1161 1159/1159/1159
f 1164/1164/1164 1163/1163/1163 1162/1162/1162
f 1167/1167/1167 1166/1166/1166 1165/1165/1165
f 1170/1170/1170 1169/1169/1169 1168/1168/1168
f 1173/1173/1173 1172/1172/1172 1171/1171/1171
f 1176/1176/1176 1175/1175/1175 1174/1174/1174
f 1179/1179/1179 1178/1178/1178 1177/1177/1177
f 1182/1182/1182 1181/1181/1181 1180/1180/1180
f 1180/1180/1180 1184/1184/1184 1183/1183/1183
f 1187/1187/1187 1186/1186/1186 1185/1185/1185
f 1190/1190/1190 1189/1189/1189 1188/1188/1188
f 1193/1193/1193 1192/1192/1192 1191/1191/1191
f 1196/1196/1196 1195/1195/1195 1194/1194/1194
f 1198/1198/1198 1197/1197/1197 1195/1195/1195
f 1195/1195/1195 1199/1199/1199 1198/1198/1198
f 1202/1202/1202 1201/1201/1201 1200/1200/1200
f 1200/1200/1200 1204/1204/1204 1203/1203/1203
f 1207/1207/1207 1206/1206/1206 1205/1205/1205
f 1210/1210/1210 1209/1209/1209 1208/1208/1208
f 1212/1212/1212 1211/1211/1211 1209/1209/1209
f 1212/1212/1212 1213/1213/1213 1211/1211/1211
f 1216/1216/1216 1215/1215/1215 1214/1214/1214
f 1219/1219/1219 1218/1218/1218 1217/1217/1217
f 1222/1222/1222 1221/1221/1221 1220/1220/1220
f 1220/1220/1220 1224/1224/1224 1223/1223/1223
f 1224/1224/1224 1225/1225/1225 1223/1223/1223
f 1228/1228/1228 1227/1227/1227 1226/1226/1226
f 1231/1231/1231 1230/1230/1230 1229/1229/1229
f 1234/1234/1234 1233/1233/1233 1232/1232/1232
f 1237/1237/1237 1236/1236/1236 1235/1235/1235
f 1240/1240/1240 1239/1239/1239 1238/1238/1238
f 1243/1243/1243 1242/1242/1242 1241/1241/1241
f 1245/1245/1245 1244/1244/1244 1242/1242/1242
f 1247/1247/1247 1246/1246/1246 1244/1244/1244
f 1244/1244/1244 1248/1248/1248 1247/1247/1247
f 1251/1251/1251 1250/1250/1250 1249/1249/1249
f 1254/1254/1254 1253/1253/1253 1252/1252/1252
f 1252/1252/1252 1256/1256/1256 1255/1255/1255
f 1259/1259/1259 1258/1258/1258 1257/1257/1257
f 1262/1262/1262 1261/1261/1261 1260/1260/1260
f 1260/1260/1260 1264/1264/1264 1263/1263/1263
f 1267/1267/1267 1266/1266/1266 1265/1265/1265
f 1270/1270/1270 1269/1269/1269 1268/1268/1268
f 1268/1268/1268 1272/1272/1272 1271/1271/1271
f 1275/1275/1275 1274/1274/1274 1273/1273/1273
f 1278/1278/1278 1277/1277/1277 1276/1276/1276
f 1276/1276/1276 1280/1280/1280 1279/1279/1279
f 1283/1283/1283 1282/1282/1282 1281/1281/1281
f 1283/1283/1283 1285/1285/1285 1284/1284/1284
f 1288/1288/1288 1287/1287/1287 1286/1286/1286
f 1291/1291/1291 1290/1290/1290 1289/1289/1289
f 1293/1293/1293 1292/1292/1292 1291/1291/1291
f 1293/1293/1293 1294/1294/1294 1292/1292/1292
f 1297/1297/1297 1296/1296/1296 1295/1295/1295
f 1300/1300/1300 1299/1299/1299 1298/1298/1298
f 1303/1303/1303 1302/1302/1302 1301/1301/1301
f 1303/1303/1303 1305/1305/1305 1304/1304/1304
f 1308/1308/1308 1307/1307/1307 1306/1306/1306
f 1310/1310/1310 1309/1309/1309 1306/1306/1306
f 1313/1313/1313 1312/1312/1312 1311/1311/1311
f 1315/1315/1315 1314/1314/1314 1312/1312/1312
f 1315/1315/1315 1316/1316/1316 1314/1314/1314
f 1319/1319/1319 1318/1318/1318 1317/1317/1317
f 1322/1322/1322 1321/1321/1321 1320/1320/1320
f 1325/1325/1325 1324/1324/1324 1323/1323/1323
f 1328/1328/1328 1327/1327/1327 1326/1326/1326
f 1326/1326/1326 1330/1330/1330 1329/1329/1329
f 1333/1333/1333 1332/1332/1332 1331/1331/1331
f 1336/1336/1336 1335/1335/1335 1334/1334/1334
f 1338/1338/1338 1337/1337/1337 1335/1335/1335
f 1335/1335/1335 1339/1339/1339 1338/1338/1338
f 1342/1342/1342 1341/1341/1341 1340/1340/1340
f 1344/1344/1344 1343/1343/1343 1341/1341/1341
f 1344/1344/1344 1345/1345/1345 1343/1343/1343
f 1348/1348/1348 1347/1347/1347 1346/1346/1346
f 1351/1351/1351 1350/1350/1350 1349/1349/1349
f 1354/1354/1354 1353/1353/1353 1352/1352/1352
f 1357/1357/1357 1356/1356/1356 1355/1355/1355
f 1360/1360/1360 1359/1359/1359 1358/1358/1358
f 1358/1358/1358 1362/1362/1362 1361/1361/1361
f 1361/1361/1361 1364/1364/1364 1363/1363/1363
f 1367/1367/1367 1366/1366/1366 1365/1365/1365
f 1370/1370/1370 1369/1369/1369 1368/1368/1368
f 1368/1368/1368 1372/1372/1372 1371/1371/1371
f 1374/1374/1374 1371/1371/1371 1373/1373/1373
f 1377/1377/1377 1376/1376/1376 1375/1375/1375
f 1380/1380/1380 1379/1379/1379 1378/1378/1378
f 1383/1383/1383 1382/1382/1382 1381/1381/1381
f 1386/1386/1386 1385/1385/1385 1384/1384/1384
f 1389/1389/1389 1388/1388/1388 1387/1387/1387
f 1392/1392/1392 1391/1391/1391 1390/1390/1390
f 1395/1395/1395 1394/1394/1394 1393/1393/1393
f 1398/1398/1398 1397/1397/1397 1396/1396/1396
f 1401/1401/1401 1400/1400/1400 1399/1399/1399
f 1404/1404/1404 1403/1403/1403 1402/1402/1402
f 1406/1406/1406 1402/1402/1402 1405/1405/1405
f 1405/1405/1405 1407/1407/1407 1406/1406/1406
f 1407/1407/1407 1405/1405/1405 1408/1408/1408
f 1408/1408/1408 1409/1409/1409 1407/1407/1407
f 1412/1412/1412 1411/1411/1411 1410/1410/1410
f 1415/1415/1415 1414/1414/1414 1413/1413/1413
f 1417/1417/1417 1416/1416/1416 1414/1414/1414
f 1420/1420/1420 1419/1419/1419 1418/1418/1418
f 1422/1422/1422 1421/1421/1421 1420/1420/1420
f 1421/1421/1421 1422/1422/1422 1423/1423/1423
f 1423/1423/1423 1424/1424/1424 1421/1421/1421
f 1427/1427/1427 1426/1426/1426 1425/1425/1425
f 1429/1429/1429 1428/1428/1428 1426/1426/1426
f 1426/1426/1426 1430/1430/1430 1429/1429/1429
f 1433/1433/1433 1432/1432/1432 1431/1431/1431
f 1435/1435/1435 1434/1434/1434 1432/1432/1432
f 1432/1432/1432 1436/1436/1436 1435/1435/1435
f 1439/1439/1439 1438/1438/1438 1437/1437/1437
f 1437/1437/1437 1441/1441/1441 1440/1440/1440
f 1444/1444/1444 1443/1443/1443 1442/1442/1442
f 1447/1447/1447 1446/1446/1446 1445/1445/1445
f 1450/1450/1450 1449/1449/1449 1448/1448/1448
f 1448/1448/1448 1452/1452/1452 1451/1451/1451
f 1455/1455/1455 1454/1454/1454 1453/1453/1453
f 1458/1458/1458 1457/1457/1457 1456/1456/1456
f 1456/1456/1456 1460/1460/1460 1459/1459/1459
f 1463/1463/1463 1462/1462/1462 1461/1461/1461
f 1466/1466/1466 1465/1465/1465 1464/1464/1464
f 1469/1469/1469 1468/1468/1468 1467/1467/1467
f 1471/1471/1471 1469/1469/1469 1470/1470/1470
f 1470/1470/1470 1472/1472/1472 1471/1471/1471
f 1475/1475/1475 1474/1474/1474 1473/1473/1473
f 1478/1478/1478 1477/1477/1477 1476/1476/1476
f 1481/1481/1481 1480/1480/1480 1479/1479/1479
f 1484/1484/1484 1483/1483/1483 1482/1482/1482
f 1487/1487/1487 1486/1486/1486 1485/1485/1485
f 1490/1490/1490 1489/1489/1489 1488/1488/1488
f 1493/1493/1493 1492/1492/1492 1491/1491/1491
f 1495/1495/1495 1494/1494/1494 1492/1492/1492
f 1497/1497/1497 1496/1496/1496 1494/1494/1494
f 1494/1494/1494 1498/1498/1498 1497/1497/1497
f 1501/1501/1501 1500/1500/1500 1499/1499/1499
f 1504/1504/1504 1503/1503/1503 1502/1502/1502
f 1502/1502/1502 1505/1505/1505 1504/1504/1504
f 1508/1508/1508 1507/1507/1507 1506/1506/1506
f 1507/1507/1507 1509/1509/1509 1506/1506/1506
f 1512/1512/1512 1511/1511/1511 1510/1510/1510
f 1510/1510/1510 1513/1513/1513 1512/1512/1512
f 1510/1510/1510 1514/1514/1514 1513/1513/1513
f 1515/1515/1515 1513/1513/1513 1514/1514/1514
f 1514/1514/1514 1516/1516/1516 1515/1515/1515
f 1515/1515/1515 1517/1517/1517 1513/1513/1513
f 1515/1515/1515 1518/1518/1518 1517/1517/1517
f 1517/1517/1517 1518/1518/1518 1519/1519/1519
f 1519/1519/1519 1520/1520/1520 1517/1517/1517
f 1515/1515/1515 1521/1521/1521 1518/1518/1518
f 1521/1521/1521 1515/1515/1515 1522/1522/1522
f 1521/1521/1521 1522/1522/1522 1523/1523/1523
f 1522/1522/1522 1524/1524/1524 1523/1523/1523
f 1524/1524/1524 1525/1525/1525 1523/1523/1523
f 1521/1521/1521 1523/1523/1523 1526/1526/1526
f 1526/1526/1526 1527/1527/1527 1521/1521/1521
f 1527/1527/1527 1526/1526/1526 1528/1528/1528
f 1529/1529/1529 1527/1527/1527 1528/1528/1528
f 1528/1528/1528 1531/1531/1531 1530/1530/1530
f 1532/1532/1532 1530/1530/1530 1531/1531/1531
f 1531/1531/1531 1533/1533/1533 1532/1532/1532
f 1532/1532/1532 1534/1534/1534 1530/1530/1530
f 1535/1535/1535 1534/1534/1534 1532/1532/1532
f 1535/1535/1535 1536/1536/1536 1534/1534/1534
f 1537/1537/1537 1535/1535/1535 1532/1532/1532
f 1537/1537/1537 1532/1532/1532 1538/1538/1538
f 1537/1537/1537 1539/1539/1539 1535/1535/1535
f 1537/1537/1537 1540/1540/1540 1539/1539/1539
f 1541/1541/1541 1537/1537/1537 1538/1538/1538
f 1542/1542/1542 1541/1541/1541 1538/1538/1538
f 1542/1542/1542 1538/1538/1538 1543/1543/1543
f 1542/1542/1542 1543/1543/1543 1544/1544/1544
f 1544/1544/1544 1545/1545/1545 1542/1542/1542
f 1536/1536/1536 1535/1535/1535 1546/1546/1546
f 1536/1536/1536 1546/1546/1546 1547/1547/1547
f 1546/1546/1546 1548/1548/1548 1547/1547/1547
f 1536/1536/1536 1547/1547/1547 1549/1549/1549
f 1549/1549/1549 1550/1550/1550 1536/1536/1536
f 1549/1549/1549 1551/1551/1551 1550/1550/1550
f 1551/1551/1551 1552/1552/1552 1550/1550/1550
f 1551/1551/1551 1554/1554/1554 1553/1553/1553
f 1555/1555/1555 1553/1553/1553 1554/1554/1554
f 1555/1555/1555 1554/1554/1554 1556/1556/1556
f 1556/1556/1556 1557/1557/1557 1555/1555/1555
f 1555/1555/1555 1558/1558/1558 1553/1553/1553
f 1555/1555/1555 1559/1559/1559 1558/1558/1558
f 1559/1559/1559 1555/1555/1555 1560/1560/1560
f 1555/1555/1555 1561/1561/1561 1560/1560/1560
f 1561/1561/1561 1562/1562/1562 1560/1560/1560
f 1559/1559/1559 1560/1560/1560 1563/1563/1563
f 1563/1563/1563 1564/1564/1564 1559/1559/1559
f 1563/1563/1563 1565/1565/1565 1564/1564/1564
f 1565/1565/1565 1566/1566/1566 1564/1564/1564
f 1569/1569/1569 1568/1568/1568 1567/1567/1567
f 1568/1568/1568 1570/1570/1570 1567/1567/1567
f 1573/1573/1573 1572/1572/1572 1571/1571/1571
f 1571/1571/1571 1574/1574/1574 1573/1573/1573
f 1571/1571/1571 1575/1575/1575 1574/1574/1574
f 1578/1578/1578 1577/1577/1577 1576/1576/1576
f 1576/1576/1576 1579/1579/1579 1578/1578/1578
f 1580/1580/1580 1579/1579/1579 1576/1576/1576
f 1576/1576/1576 1581/1581/1581 1580/1580/1580
f 1580/1580/1580 1582/1582/1582 1579/1579/1579
f 1580/1580/1580 1581/1581/1581 1583/1583/1583
f 1580/1580/1580 1584/1584/1584 1582/1582/1582
f 1584/1584/1584 1585/1585/1585 1582/1582/1582
f 1585/1585/1585 1586/1586/1586 1582/1582/1582
f 1580/1580/1580 1587/1587/1587 1584/1584/1584
f 1587/1587/1587 1580/1580/1580 1588/1588/1588
f 1580/1580/1580 1589/1589/1589 1588/1588/1588
f 1590/1590/1590 1587/1587/1587 1588/1588/1588
f 1580/1580/1580 1583/1583/1583 1591/1591/1591
f 1591/1591/1591 1592/1592/1592 1580/1580/1580
f 1592/1592/1592 1591/1591/1591 1593/1593/1593
f 1583/1583/1583 1594/1594/1594 1591/1591/1591
f 1593/1593/1593 1595/1595/1595 1592/1592/1592
f 1595/1595/1595 1593/1593/1593 1596/1596/1596
f 1596/1596/1596 1588/1588/1588 1595/1595/1595
f 1596/1596/1596 1597/1597/1597 1588/1588/1588
f 1597/1597/1597 1590/1590/1590 1588/1588/1588
f 1590/1590/1590 1597/1597/1597 1598/1598/1598
f 1599/1599/1599 1590/1590/1590 1598/1598/1598
f 1586/1586/1586 1599/1599/1599 1598/1598/1598
f 1586/1586/1586 1598/1598/1598 1600/1600/1600
f 1601/1601/1601 1586/1586/1586 1600/1600/1600
f 1586/1586/1586 1601/1601/1601 1583/1583/1583
f 1601/1601/1601 1600/1600/1600 1602/1602/1602
f 1602/1602/1602 1603/1603/1603 1601/1601/1601
f 1583/1583/1583 1601/1601/1601 1604/1604/1604
f 1583/1583/1583 1604/1604/1604 1594/1594/1594
f 1594/1594/1594 1604/1604/1604 1605/1605/1605
f 1605/1605/1605 1606/1606/1606 1594/1594/1594
f 1609/1609/1609 1608/1608/1608 1607/1607/1607
f 1607/1607/1607 1610/1610/1610 1609/1609/1609
f 1607/1607/1607 1611/1611/1611 1610/1610/1610
f 1614/1614/1614 1613/1613/1613 1612/1612/1612
f 1615/1615/1615 1614/1614/1614 1612/1612/1612
f 1618/1618/1618 1617/1617/1617 1616/1616/1616
f 1619/1619/1619 1618/1618/1618 1616/1616/1616
f 1622/1622/1622 1621/1621/1621 1620/1620/1620
f 1622/1622/1622 1620/1620/1620 1623/1623/1623
f 1624/1624/1624 1623/1623/1623 1620/1620/1620
f 1624/1624/1624 1620/1620/1620 1625/1625/1625
f 1623/1623/1623 1626/1626/1626 1622/1622/1622
f 1627/1627/1627 1624/1624/1624 1625/1625/1625
f 1628/1628/1628 1622/1622/1622 1626/1626/1626
f 1625/1625/1625 1629/1629/1629 1627/1627/1627
f 1630/1630/1630 1628/1628/1628 1626/1626/1626
f 1630/1630/1630 1626/1626/1626 1627/1627/1627
f 1631/1631/1631 1630/1630/1630 1627/1627/1627
f 1632/1632/1632 1628/1628/1628 1630/1630/1630
f 1633/1633/1633 1627/1627/1627 1629/1629/1629
f 1634/1634/1634 1632/1632/1632 1630/1630/1630
f 1629/1629/1629 1635/1635/1635 1633/1633/1633
f 1636/1636/1636 1632/1632/1632 1634/1634/1634
f 1637/1637/1637 1633/1633/1633 1635/1635/1635
f 1635/1635/1635 1638/1638/1638 1637/1637/1637
f 1636/1636/1636 1634/1634/1634 1639/1639/1639
f 1640/1640/1640 1633/1633/1633 1639/1639/1639
f 1639/1639/1639 1634/1634/1634 1640/1640/1640
f 1639/1639/1639 1641/1641/1641 1636/1636/1636
f 1642/1642/1642 1636/1636/1636 1641/1641/1641
f 1642/1642/1642 1641/1641/1641 1643/1643/1643
f 1643/1643/1643 1641/1641/1641 1644/1644/1644
f 1644/1644/1644 1645/1645/1645 1643/1643/1643
f 1643/1643/1643 1646/1646/1646 1642/1642/1642
f 1647/1647/1647 1642/1642/1642 1646/1646/1646
f 1647/1647/1647 1646/1646/1646 1648/1648/1648
f 1648/1648/1648 1646/1646/1646 1649/1649/1649
f 1649/1649/1649 1650/1650/1650 1648/1648/1648
f 1651/1651/1651 1650/1650/1650 1649/1649/1649
f 1647/1647/1647 1648/1648/1648 1652/1652/1652
f 1653/1653/1653 1647/1647/1647 1652/1652/1652
f 1653/1653/1653 1652/1652/1652 1654/1654/1654
f 1654/1654/1654 1637/1637/1637 1653/1653/1653
f 1657/1657/1657 1656/1656/1656 1655/1655/1655
f 1658/1658/1658 1657/1657/1657 1655/1655/1655
f 1661/1661/1661 1660/1660/1660 1659/1659/1659
f 1662/1662/1662 1661/1661/1661 1659/1659/1659
f 1665/1665/1665 1664/1664/1664 1663/1663/1663
f 1666/1666/1666 1665/1665/1665 1663/1663/1663
f 1669/1669/1669 1668/1668/1668 1667/1667/1667
f 1670/1670/1670 1669/1669/1669 1667/1667/1667
f 1673/1673/1673 1672/1672/1672 1671/1671/1671
f 1674/1674/1674 1673/1673/1673 1671/1671/1671
f 1677/1677/1677 1676/1676/1676 1675/1675/1675
f 1678/1678/1678 1677/1677/1677 1675/1675/1675
f 1681/1681/1681 1680/1680/1680 1679/1679/1679
f 1682/1682/1682 1681/1681/1681 1679/1679/1679
f 1685/1685/1685 1684/1684/1684 1683/1683/1683
f 1686/1686/1686 1685/1685/1685 1683/1683/1683
f 1689/1689/1689 1688/1688/1688 1687/1687/1687
f 1690/1690/1690 1689/1689/1689 1687/1687/1687
f 1693/1693/1693 1692/1692/1692 1691/1691/1691
f 1691/1691/1691 1694/1694/1694 1693/1693/1693
f 1691/1691/1691 1695/1695/1695 1694/1694/1694
f 1691/1691/1691 1696/1696/1696 1695/1695/1695
f 1695/1695/1695 1696/1696/1696 1697/1697/1697
f 1691/1691/1691 1698/1698/1698 1696/1696/1696
f 1691/1691/1691 1699/1699/1699 1698/1698/1698
f 1691/1691/1691 1700/1700/1700 1699/1699/1699
f 1695/1695/1695 1697/1697/1697 1701/1701/1701
f 1702/1702/1702 1695/1695/1695 1701/1701/1701
f 1702/1702/1702 1701/1701/1701 1703/1703/1703
f 1704/1704/1704 1702/1702/1702 1703/1703/1703
f 1704/1704/1704 1703/1703/1703 1705/1705/1705
f 1705/1705/1705 1706/1706/1706 1704/1704/1704
f 1709/1709/1709 1708/1708/1708 1707/1707/1707
f 1709/1709/1709 1707/1707/1707 1710/1710/1710
f 1710/1710/1710 1707/1707/1707 1711/1711/1711
f 1712/1712/1712 1710/1710/1710 1711/1711/1711
f 1712/1712/1712 1711/1711/1711 1713/1713/1713
f 1714/1714/1714 1712/1712/1712 1713/1713/1713
f 1709/1709/1709 1710/1710/1710 1715/1715/1715
f 1713/1713/1713 1716/1716/1716 1714/1714/1714
f 1715/1715/1715 1717/1717/1717 1709/1709/1709
f 1717/1717/1717 1715/1715/1715 1718/1718/1718
f 1714/1714/1714 1717/1717/1717 1718/1718/1718
f 1716/1716/1716 1719/1719/1719 1714/1714/1714
f 1719/1719/1719 1716/1716/1716 1720/1720/1720
f 1721/1721/1721 1709/1709/1709 1717/1717/1717
f 1720/1720/1720 1722/1722/1722 1719/1719/1719
f 1722/1722/1722 1723/1723/1723 1719/1719/1719
f 1721/1721/1721 1717/1717/1717 1723/1723/1723
f 1722/1722/1722 1724/1724/1724 1723/1723/1723
f 1721/1721/1721 1723/1723/1723 1724/1724/1724
f 1724/1724/1724 1722/1722/1722 1725/1725/1725
f 1725/1725/1725 1726/1726/1726 1724/1724/1724
f 1727/1727/1727 1726/1726/1726 1725/1725/1725
f 1727/1727/1727 1725/1725/1725 1728/1728/1728
f 1729/1729/1729 1727/1727/1727 1728/1728/1728
f 1728/1728/1728 1730/1730/1730 1729/1729/1729
f 1721/1721/1721 1724/1724/1724 1731/1731/1731
f 1732/1732/1732 1729/1729/1729 1730/1730/1730
f 1730/1730/1730 1733/1733/1733 1732/1732/1732
f 1732/1732/1732 1734/1734/1734 1729/1729/1729
f 1732/1732/1732 1735/1735/1735 1734/1734/1734
f 1735/1735/1735 1721/1721/1721 1734/1734/1734
f 1721/1721/1721 1736/1736/1736 1734/1734/1734
f 1721/1721/1721 1731/1731/1731 1736/1736/1736
f 1736/1736/1736 1731/1731/1731 1737/1737/1737
f 1737/1737/1737 1738/1738/1738 1736/1736/1736
f 1741/1741/1741 1740/1740/1740 1739/1739/1739
f 1742/1742/1742 1741/1741/1741 1739/1739/1739
f 1741/1741/1741 1742/1742/1742 1743/1743/1743
f 1743/1743/1743 1744/1744/1744 1741/1741/1741
f 1744/1744/1744 1745/1745/1745 1741/1741/1741
f 1743/1743/1743 1746/1746/1746 1744/1744/1744
f 1743/1743/1743 1747/1747/1747 1746/1746/1746
f 1743/1743/1743 1748/1748/1748 1747/1747/1747
f 1748/1748/1748 1749/1749/1749 1747/1747/1747
f 1749/1749/1749 1750/1750/1750 1747/1747/1747
f 1750/1750/1750 1749/1749/1749 1751/1751/1751
f 1745/1745/1745 1744/1744/1744 1752/1752/1752
f 1752/1752/1752 1750/1750/1750 1751/1751/1751
f 1745/1745/1745 1752/1752/1752 1751/1751/1751
f 1753/1753/1753 1745/1745/1745 1751/1751/1751
f 1753/1753/1753 1751/1751/1751 1754/1754/1754
f 1739/1739/1739 1753/1753/1753 1754/1754/1754
f 1754/1754/1754 1755/1755/1755 1739/1739/1739
f 1758/1758/1758 1757/1757/1757 1756/1756/1756
f 1759/1759/1759 1758/1758/1758 1756/1756/1756
f 1762/1762/1762 1761/1761/1761 1760/1760/1760
f 1763/1763/1763 1762/1762/1762 1760/1760/1760
f 1766/1766/1766 1765/1765/1765 1764/1764/1764
f 1764/1764/1764 1767/1767/1767 1766/1766/1766
f 1764/1764/1764 1768/1768/1768 1767/1767/1767
f 1764/1764/1764 1769/1769/1769 1768/1768/1768
f 1764/1764/1764 1770/1770/1770 1769/1769/1769
f 1768/1768/1768 1769/1769/1769 1771/1771/1771
f 1768/1768/1768 1771/1771/1771 1772/1772/1772
f 1772/1772/1772 1773/1773/1773 1768/1768/1768
f 1776/1776/1776 1775/1775/1775 1774/1774/1774
f 1774/1774/1774 1777/1777/1777 1776/1776/1776
f 1774/1774/1774 1778/1778/1778 1777/1777/1777
f 1774/1774/1774 1779/1779/1779 1778/1778/1778
f 1774/1774/1774 1780/1780/1780 1779/1779/1779
f 1783/1783/1783 1782/1782/1782 1781/1781/1781
f 1784/1784/1784 1783/1783/1783 1781/1781/1781
f 1787/1787/1787 1786/1786/1786 1785/1785/1785
f 1785/1785/1785 1788/1788/1788 1787/1787/1787
f 1785/1785/1785 1789/1789/1789 1788/1788/1788
f 1792/1792/1792 1791/1791/1791 1790/1790/1790
f 1790/1790/1790 1793/1793/1793 1792/1792/1792
f 1790/1790/1790 1794/1794/1794 1793/1793/1793
f 1797/1797/1797 1796/1796/1796 1795/1795/1795
f 1795/1795/1795 1798/1798/1798 1797/1797/1797
f 1795/1795/1795 1799/1799/1799 1798/1798/1798
f 1802/1802/1802 1801/1801/1801 1800/1800/1800
f 1800/1800/1800 1803/1803/1803 1802/1802/1802
f 1800/1800/1800 1804/1804/1804 1803/1803/1803
f 1804/1804/1804 1805/1805/1805 1803/1803/1803
f 1806/1806/1806 1804/1804/1804 1800/1800/1800
f 1805/1805/1805 1804/1804/1804 1807/1807/1807
f 1806/1806/1806 1800/1800/1800 1808/1808/1808
f 1809/1809/1809 1805/1805/1805 1807/1807/1807
f 1806/1806/1806 1808/1808/1808 1810/1810/1810
f 1810/1810/1810 1808/1808/1808 1811/1811/1811
f 1812/1812/1812 1810/1810/1810 1811/1811/1811
f 1810/1810/1810 1813/1813/1813 1806/1806/1806
f 1813/1813/1813 1814/1814/1814 1806/1806/1806
f 1814/1814/1814 1815/1815/1815 1806/1806/1806
f 1816/1816/1816 1815/1815/1815 1814/1814/1814
f 1816/1816/1816 1814/1814/1814 1817/1817/1817
f 1818/1818/1818 1809/1809/1809 1807/1807/1807
f 1819/1819/1819 1818/1818/1818 1807/1807/1807
f 1818/1818/1818 1820/1820/1820 1809/1809/1809
f 1820/1820/1820 1821/1821/1821 1809/1809/1809
f 1811/1811/1811 1821/1821/1821 1820/1820/1820
f 1807/1807/1807 1822/1822/1822 1819/1819/1819
f 1823/1823/1823 1819/1819/1819 1822/1822/1822
f 1811/1811/1811 1820/1820/1820 1824/1824/1824
f 1825/1825/1825 1823/1823/1823 1822/1822/1822
f 1825/1825/1825 1822/1822/1822 1826/1826/1826
f 1826/1826/1826 1827/1827/1827 1825/1825/1825
f 1825/1825/1825 1828/1828/1828 1823/1823/1823
f 1828/1828/1828 1825/1825/1825 1816/1816/1816
f 1816/1816/1816 1829/1829/1829 1828/1828/1828
f 1816/1816/1816 1817/1817/1817 1829/1829/1829
f 1817/1817/1817 1830/1830/1830 1829/1829/1829
f 1811/1811/1811 1824/1824/1824 1831/1831/1831
f 1831/1831/1831 1824/1824/1824 1832/1832/1832
f 1832/1832/1832 1833/1833/1833 1831/1831/1831
f 1831/1831/1831 1834/1834/1834 1811/1811/1811
f 1811/1811/1811 1834/1834/1834 1817/1817/1817
f 1817/1817/1817 1834/1834/1834 1830/1830/1830
f 1830/1830/1830 1834/1834/1834 1835/1835/1835
f 1835/1835/1835 1836/1836/1836 1830/1830/1830
f 1839/1839/1839 1838/1838/1838 1837/1837/1837
f 1840/1840/1840 1839/1839/1839 1837/1837/1837
f 1843/1843/1843 1842/1842/1842 1841/1841/1841
f 1844/1844/1844 1843/1843/1843 1841/1841/1841
f 1846/1846/1846 1845/1845/1845 1592/1592/1592
f 1592/1592/1592 1847/1847/1847 1846/1846/1846
f 1850/1850/1850 1849/1849/1849 1848/1848/1848
f 1849/1849/1849 1851/1851/1851 1848/1848/1848
f 1851/1851/1851 1852/1852/1852 1848/1848/1848
f 1852/1852/1852 1853/1853/1853 1848/1848/1848
f 1856/1856/1856 1855/1855/1855 1854/1854/1854
f 1855/1855/1855 1857/1857/1857 1854/1854/1854
f 1855/1855/1855 1858/1858/1858 1857/1857/1857
f 1858/1858/1858 1859/1859/1859 1857/1857/1857
f 1860/1860/1860 1858/1858/1858 1855/1855/1855
f 1860/1860/1860 1855/1855/1855 1861/1861/1861
f 1860/1860/1860 1861/1861/1861 1862/1862/1862
f 1860/1860/1860 1862/1862/1862 1863/1863/1863
f 1863/1863/1863 1864/1864/1864 1860/1860/1860
f 1865/1865/1865 1863/1863/1863 1862/1862/1862
f 1862/1862/1862 1854/1854/1854 1865/1865/1865
f 1866/1866/1866 1865/1865/1865 1854/1854/1854
f 1854/1854/1854 1867/1867/1867 1866/1866/1866
f 1868/1868/1868 1866/1866/1866 1867/1867/1867
f 1867/1867/1867 1869/1869/1869 1868/1868/1868
f 1869/1869/1869 1870/1870/1870 1868/1868/1868
f 1869/1869/1869 1871/1871/1871 1870/1870/1870
f 1871/1871/1871 1872/1872/1872 1870/1870/1870
f 1872/1872/1872 1871/1871/1871 1873/1873/1873
f 1874/1874/1874 1872/1872/1872 1873/1873/1873
f 1874/1874/1874 1873/1873/1873 1875/1875/1875
f 1876/1876/1876 1872/1872/1872 1874/1874/1874
f 1877/1877/1877 1875/1875/1875 1867/1867/1867
f 1875/1875/1875 1877/1877/1877 1874/1874/1874
f 1878/1878/1878 1877/1877/1877 1867/1867/1867
f 1876/1876/1876 1874/1874/1874 1879/1879/1879
f 1876/1876/1876 1879/1879/1879 1880/1880/1880
f 1880/1880/1880 1879/1879/1879 1881/1881/1881
f 1881/1881/1881 1882/1882/1882 1880/1880/1880
f 1880/1880/1880 1883/1883/1883 1876/1876/1876
f 1858/1858/1858 1876/1876/1876 1883/1883/1883
f 1858/1858/1858 1883/1883/1883 1859/1859/1859
f 1859/1859/1859 1883/1883/1883 1884/1884/1884
f 1884/1884/1884 1885/1885/1885 1859/1859/1859
f 1885/1885/1885 1884/1884/1884 1886/1886/1886
f 1886/1886/1886 1887/1887/1887 1885/1885/1885
f 1890/1890/1890 1889/1889/1889 1888/1888/1888
f 1891/1891/1891 1890/1890/1890 1888/1888/1888
f 1894/1894/1894 1893/1893/1893 1892/1892/1892
f 1892/1892/1892 1895/1895/1895 1894/1894/1894
f 1896/1896/1896 1894/1894/1894 1895/1895/1895
f 1895/1895/1895 1897/1897/1897 1896/1896/1896
f 1897/1897/1897 1898/1898/1898 1896/1896/1896
f 1897/1897/1897 1899/1899/1899 1898/1898/1898
f 1899/1899/1899 1900/1900/1900 1898/1898/1898
f 1900/1900/1900 1901/1901/1901 1898/1898/1898
f 1899/1899/1899 1902/1902/1902 1900/1900/1900
f 1901/1901/1901 1903/1903/1903 1898/1898/1898
f 1901/1901/1901 1904/1904/1904 1903/1903/1903
f 1904/1904/1904 1905/1905/1905 1903/1903/1903
f 1905/1905/1905 1906/1906/1906 1903/1903/1903
f 1907/1907/1907 1906/1906/1906 1905/1905/1905
f 1907/1907/1907 1905/1905/1905 1902/1902/1902
f 1908/1908/1908 1892/1892/1892 1907/1907/1907
f 1902/1902/1902 1899/1899/1899 1909/1909/1909
f 1907/1907/1907 1909/1909/1909 1908/1908/1908
f 1907/1907/1907 1902/1902/1902 1909/1909/1909
f 1912/1912/1912 1911/1911/1911 1910/1910/1910
f 1910/1910/1910 1913/1913/1913 1912/1912/1912
f 1910/1910/1910 1914/1914/1914 1913/1913/1913
f 1917/1917/1917 1916/1916/1916 1915/1915/1915
f 1918/1918/1918 1917/1917/1917 1915/1915/1915
f 1921/1921/1921 1920/1920/1920 1919/1919/1919
f 1919/1919/1919 1922/1922/1922 1921/1921/1921
f 1919/1919/1919 1923/1923/1923 1922/1922/1922
f 1926/1926/1926 1925/1925/1925 1924/1924/1924
f 1927/1927/1927 1926/1926/1926 1924/1924/1924
f 1930/1930/1930 1929/1929/1929 1928/1928/1928
f 1931/1931/1931 1930/1930/1930 1928/1928/1928
f 1934/1934/1934 1933/1933/1933 1932/1932/1932
f 1935/1935/1935 1934/1934/1934 1932/1932/1932
f 1938/1938/1938 1937/1937/1937 1936/1936/1936
f 1939/1939/1939 1938/1938/1938 1936/1936/1936
f 1942/1942/1942 1941/1941/1941 1940/1940/1940
f 1943/1943/1943 1942/1942/1942 1940/1940/1940
f 1946/1946/1946 1945/1945/1945 1944/1944/1944
f 1947/1947/1947 1946/1946/1946 1944/1944/1944
f 1950/1950/1950 1949/1949/1949 1948/1948/1948
f 1951/1951/1951 1950/1950/1950 1948/1948/1948
f 1954/1954/1954 1953/1953/1953 1952/1952/1952
f 1955/1955/1955 1954/1954/1954 1952/1952/1952
f 1958/1958/1958 1957/1957/1957 1956/1956/1956
f 1959/1959/1959 1958/1958/1958 1956/1956/1956
f 1962/1962/1962 1961/1961/1961 1960/1960/1960
f 1963/1963/1963 1962/1962/1962 1960/1960/1960
f 1966/1966/1966 1965/1965/1965 1964/1964/1964
f 1967/1967/1967 1966/1966/1966 1964/1964/1964
f 1970/1970/1970 1969/1969/1969 1968/1968/1968
f 1971/1971/1971 1970/1970/1970 1968/1968/1968
f 1974/1974/1974 1973/1973/1973 1972/1972/1972
f 1975/1975/1975 1974/1974/1974 1972/1972/1972
f 1978/1978/1978 1977/1977/1977 1976/1976/1976
f 1979/1979/1979 1978/1978/1978 1976/1976/1976
f 1982/1982/1982 1981/1981/1981 1980/1980/1980
f 1983/1983/1983 1982/1982/1982 1980/1980/1980
f 1986/1986/1986 1985/1985/1985 1984/1984/1984
f 1987/1987/1987 1986/1986/1986 1984/1984/1984
f 1990/1990/1990 1989/1989/1989 1988/1988/1988
f 1991/1991/1991 1990/1990/1990 1988/1988/1988
f 1994/1994/1994 1993/1993/1993 1992/1992/1992
f 1995/1995/1995 1994/1994/1994 1992/1992/1992
f 1998/1998/1998 1997/1997/1997 1996/1996/1996
f 1999/1999/1999 1998/1998/1998 1996/1996/1996
f 2002/2002/2002 2001/2001/2001 2000/2000/2000
f 2003/2003/2003 2002/2002/2002 2000/2000/2000
f 2006/2006/2006 2005/2005/2005 2004/2004/2004
f 2007/2007/2007 2006/2006/2006 2004/2004/2004
f 2010/2010/2010 2009/2009/2009 2008/2008/2008
f 2011/2011/2011 2010/2010/2010 2008/2008/2008
f 2014/2014/2014 2013/2013/2013 2012/2012/2012
f 2015/2015/2015 2014/2014/2014 2012/2012/2012
f 2018/2018/2018 2017/2017/2017 2016/2016/2016
f 2019/2019/2019 2018/2018/2018 2016/2016/2016
f 2022/2022/2022 2021/2021/2021 2020/2020/2020
f 2023/2023/2023 2022/2022/2022 2020/2020/2020
f 2026/2026/2026 2025/2025/2025 2024/2024/2024
f 2027/2027/2027 2026/2026/2026 2024/2024/2024
f 2030/2030/2030 2029/2029/2029 2028/2028/2028
f 2031/2031/2031 2030/2030/2030 2028/2028/2028
f 2034/2034/2034 2033/2033/2033 2032/2032/2032
f 2035/2035/2035 2034/2034/2034 2032/2032/2032
f 2038/2038/2038 2037/2037/2037 2036/2036/2036
f 2039/2039/2039 2038/2038/2038 2036/2036/2036
f 2042/2042/2042 2041/2041/2041 2040/2040/2040
f 2043/2043/2043 2042/2042/2042 2040/2040/2040
f 2046/2046/2046 2045/2045/2045 2044/2044/2044
f 2047/2047/2047 2046/2046/2046 2044/2044/2044
f 2050/2050/2050 2049/2049/2049 2048/2048/2048
f 2051/2051/2051 2050/2050/2050 2048/2048/2048
f 2054/2054/2054 2053/2053/2053 2052/2052/2052
f 2052/2052/2052 2055/2055/2055 2054/2054/2054
f 2052/2052/2052 2056/2056/2056 2055/2055/2055
f 2059/2059/2059 2058/2058/2058 2057/2057/2057
f 2057/2057/2057 2060/2060/2060 2059/2059/2059
f 2057/2057/2057 2061/2061/2061 2060/2060/2060
f 2064/2064/2064 2063/2063/2063 2062/2062/2062
f 2065/2065/2065 2064/2064/2064 2062/2062/2062
f 2068/2068/2068 2067/2067/2067 2066/2066/2066
f 2066/2066/2066 2069/2069/2069 2068/2068/2068
f 2066/2066/2066 2070/2070/2070 2069/2069/2069
f 2073/2073/2073 2072/2072/2072 2071/2071/2071
f 2074/2074/2074 2073/2073/2073 2071/2071/2071
f 2077/2077/2077 2076/2076/2076 2075/2075/2075
f 2078/2078/2078 2077/2077/2077 2075/2075/2075
f 2081/2081/2081 2080/2080/2080 2079/2079/2079
f 2079/2079/2079 2082/2082/2082 2081/2081/2081
f 2079/2079/2079 2083/2083/2083 2082/2082/2082
f 2086/2086/2086 2085/2085/2085 2084/2084/2084
f 2087/2087/2087 2086/2086/2086 2084/2084/2084
f 2090/2090/2090 2089/2089/2089 2088/2088/2088
f 2091/2091/2091 2090/2090/2090 2088/2088/2088
f 2094/2094/2094 2093/2093/2093 2092/2092/2092
f 2092/2092/2092 2095/2095/2095 2094/2094/2094
f 2092/2092/2092 2096/2096/2096 2095/2095/2095
f 2096/2096/2096 2092/2092/2092 2097/2097/2097
f 2096/2096/2096 2097/2097/2097 2098/2098/2098
f 2098/2098/2098 2099/2099/2099 2096/2096/2096
f 2102/2102/2102 2101/2101/2101 2100/2100/2100
f 2100/2100/2100 2103/2103/2103 2102/2102/2102
f 2100/2100/2100 2104/2104/2104 2103/2103/2103
f 2104/2104/2104 2100/2100/2100 2105/2105/2105
f 2104/2104/2104 2105/2105/2105 2106/2106/2106
f 2106/2106/2106 2107/2107/2107 2104/2104/2104
f 2110/2110/2110 2109/2109/2109 2108/2108/2108
f 2111/2111/2111 2110/2110/2110 2108/2108/2108
f 2114/2114/2114 2113/2113/2113 2112/2112/2112
f 2112/2112/2112 2115/2115/2115 2114/2114/2114
f 2112/2112/2112 2116/2116/2116 2115/2115/2115
f 2119/2119/2119 2118/2118/2118 2117/2117/2117
f 2120/2120/2120 2119/2119/2119 2117/2117/2117
f 2123/2123/2123 2122/2122/2122 2121/2121/2121
f 2121/2121/2121 2124/2124/2124 2123/2123/2123
f 2121/2121/2121 2125/2125/2125 2124/2124/2124
f 2128/2128/2128 2127/2127/2127 2126/2126/2126
f 2128/2128/2128 2126/2126/2126 2129/2129/2129
f 2129/2129/2129 2130/2130/2130 2128/2128/2128
f 2131/2131/2131 2129/2129/2129 2126/2126/2126
f 2132/2132/2132 2128/2128/2128 2130/2130/2130
f 2131/2131/2131 2126/2126/2126 2133/2133/2133
f 2132/2132/2132 2130/2130/2130 2134/2134/2134
f 2133/2133/2133 2134/2134/2134 2131/2131/2131
f 2135/2135/2135 2132/2132/2132 2134/2134/2134
f 2134/2134/2134 2133/2133/2133 2135/2135/2135
f 2138/2138/2138 2137/2137/2137 2136/2136/2136
f 2138/2138/2138 2136/2136/2136 2139/2139/2139
f 2139/2139/2139 2136/2136/2136 2140/2140/2140
f 2136/2136/2136 2141/2141/2141 2140/2140/2140
f 2138/2138/2138 2139/2139/2139 2142/2142/2142
f 2138/2138/2138 2142/2142/2142 2143/2143/2143
f 2141/2141/2141 2144/2144/2144 2143/2143/2143
f 2138/2138/2138 2143/2143/2143 2145/2145/2145
f 2143/2143/2143 2146/2146/2146 2145/2145/2145
f 2143/2143/2143 2144/2144/2144 2146/2146/2146
f 2146/2146/2146 2144/2144/2144 2147/2147/2147
f 2144/2144/2144 2148/2148/2148 2147/2147/2147
f 2138/2138/2138 2145/2145/2145 2149/2149/2149
f 2148/2148/2148 2150/2150/2150 2149/2149/2149
f 2151/2151/2151 2138/2138/2138 2149/2149/2149
f 2149/2149/2149 2150/2150/2150 2151/2151/2151
f 2154/2154/2154 2153/2153/2153 2152/2152/2152
f 2153/2153/2153 2155/2155/2155 2152/2152/2152
f 2155/2155/2155 2156/2156/2156 2152/2152/2152
f 2156/2156/2156 2157/2157/2157 2152/2152/2152
f 2157/2157/2157 2158/2158/2158 2152/2152/2152
f 2152/2152/2152 2160/2160/2160 2159/2159/2159
f 2160/2160/2160 2161/2161/2161 2159/2159/2159
f 2164/2164/2164 2163/2163/2163 2162/2162/2162
f 2165/2165/2165 2164/2164/2164 2162/2162/2162
f 2168/2168/2168 2167/2167/2167 2166/2166/2166
f 2167/2167/2167 2169/2169/2169 2166/2166/2166
f 2169/2169/2169 2170/2170/2170 2166/2166/2166
f 2173/2173/2173 2172/2172/2172 2171/2171/2171
f 2171/2171/2171 2174/2174/2174 2173/2173/2173
f 2171/2171/2171 2175/2175/2175 2174/2174/2174
f 2175/2175/2175 2171/2171/2171 2176/2176/2176
f 2177/2177/2177 2175/2175/2175 2176/2176/2176
f 2177/2177/2177 2176/2176/2176 2178/2178/2178
f 2179/2179/2179 2177/2177/2177 2178/2178/2178
f 2178/2178/2178 2180/2180/2180 2179/2179/2179
f 2183/2183/2183 2182/2182/2182 2181/2181/2181
f 2181/2181/2181 2184/2184/2184 2183/2183/2183
f 2181/2181/2181 2185/2185/2185 2184/2184/2184
f 2188/2188/2188 2187/2187/2187 2186/2186/2186
f 2186/2186/2186 2189/2189/2189 2188/2188/2188
f 2186/2186/2186 2190/2190/2190 2189/2189/2189
f 2193/2193/2193 2192/2192/2192 2191/2191/2191
f 2193/2193/2193 2191/2191/2191 2194/2194/2194
f 2195/2195/2195 2193/2193/2193 2194/2194/2194
f 2195/2195/2195 2194/2194/2194 2196/2196/2196
f 2197/2197/2197 2195/2195/2195 2196/2196/2196
f 2196/2196/2196 2198/2198/2198 2197/2197/2197
f 2201/2201/2201 2200/2200/2200 2199/2199/2199
f 2202/2202/2202 2201/2201/2201 2199/2199/2199
f 2205/2205/2205 2204/2204/2204 2203/2203/2203
f 2206/2206/2206 2205/2205/2205 2203/2203/2203
f 2209/2209/2209 2208/2208/2208 2207/2207/2207
f 2210/2210/2210 2209/2209/2209 2207/2207/2207
f 2213/2213/2213 2212/2212/2212 2211/2211/2211
f 2214/2214/2214 2213/2213/2213 2211/2211/2211
f 2217/2217/2217 2216/2216/2216 2215/2215/2215
f 2218/2218/2218 2217/2217/2217 2215/2215/2215
f 2221/2221/2221 2220/2220/2220 2219/2219/2219
f 2222/2222/2222 2221/2221/2221 2219/2219/2219
f 2225/2225/2225 2224/2224/2224 2223/2223/2223
f 2226/2226/2226 2225/2225/2225 2223/2223/2223
f 2229/2229/2229 2228/2228/2228 2227/2227/2227
f 2230/2230/2230 2229/2229/2229 2227/2227/2227
f 2233/2233/2233 2232/2232/2232 2231/2231/2231
f 2234/2234/2234 2233/2233/2233 2231/2231/2231
f 2237/2237/2237 2236/2236/2236 2235/2235/2235
f 2238/2238/2238 2237/2237/2237 2235/2235/2235
f 2241/2241/2241 2240/2240/2240 2239/2239/2239
f 2242/2242/2242 2241/2241/2241 2239/2239/2239
f 2245/2245/2245 2244/2244/2244 2243/2243/2243
f 2246/2246/2246 2245/2245/2245 2243/2243/2243
f 2249/2249/2249 2248/2248/2248 2247/2247/2247
f 2247/2247/2247 2250/2250/2250 2249/2249/2249
f 2247/2247/2247 2251/2251/2251 2250/2250/2250
f 2247/2247/2247 2252/2252/2252 2251/2251/2251
f 2247/2247/2247 2253/2253/2253 2252/2252/2252
f 2247/2247/2247 2254/2254/2254 2253/2253/2253
f 2257/2257/2257 2256/2256/2256 2255/2255/2255
f 2256/2256/2256 2258/2258/2258 2255/2255/2255
f 2258/2258/2258 2259/2259/2259 2255/2255/2255
f 2259/2259/2259 2260/2260/2260 2255/2255/2255
f 2263/2263/2263 2262/2262/2262 2261/2261/2261
f 2264/2264/2264 2263/2263/2263 2261/2261/2261
f 2267/2267/2267 2266/2266/2266 2265/2265/2265
f 2266/2266/2266 2268/2268/2268 2265/2265/2265
f 2271/2271/2271 2270/2270/2270 2269/2269/2269
f 2272/2272/2272 2271/2271/2271 2269/2269/2269
f 2275/2275/2275 2274/2274/2274 2273/2273/2273
f 2276/2276/2276 2275/2275/2275 2273/2273/2273
f 2279/2279/2279 2278/2278/2278 2277/2277/2277
f 2277/2277/2277 2280/2280/2280 2279/2279/2279
f 2277/2277/2277 2281/2281/2281 2280/2280/2280
f 2281/2281/2281 2282/2282/2282 2280/2280/2280
f 2282/2282/2282 2283/2283/2283 2280/2280/2280
f 2277/2277/2277 2284/2284/2284 2281/2281/2281
f 2282/2282/2282 2285/2285/2285 2283/2283/2283
f 2285/2285/2285 2286/2286/2286 2283/2283/2283
f 2287/2287/2287 2286/2286/2286 2285/2285/2285
f 2287/2287/2287 2285/2285/2285 2288/2288/2288
f 2287/2287/2287 2288/2288/2288 2284/2284/2284
f 2284/2284/2284 2277/2277/2277 2289/2289/2289
f 2287/2287/2287 2284/2284/2284 2289/2289/2289
f 2287/2287/2287 2289/2289/2289 2290/2290/2290
f 2290/2290/2290 2291/2291/2291 2287/2287/2287
f 2291/2291/2291 2290/2290/2290 2279/2279/2279
f 2291/2291/2291 2279/2279/2279 2292/2292/2292
f 2292/2292/2292 2293/2293/2293 2291/2291/2291
f 2296/2296/2296 2295/2295/2295 2294/2294/2294
f 2297/2297/2297 2296/2296/2296 2294/2294/2294
f 2300/2300/2300 2299/2299/2299 2298/2298/2298
f 2301/2301/2301 2300/2300/2300 2298/2298/2298
f 2304/2304/2304 2303/2303/2303 2302/2302/2302
f 2305/2305/2305 2304/2304/2304 2302/2302/2302
f 2308/2308/2308 2307/2307/2307 2306/2306/2306
f 2309/2309/2309 2308/2308/2308 2306/2306/2306
f 2312/2312/2312 2311/2311/2311 2310/2310/2310
f 2313/2313/2313 2312/2312/2312 2310/2310/2310
f 2316/2316/2316 2315/2315/2315 2314/2314/2314
f 2317/2317/2317 2316/2316/2316 2314/2314/2314
f 2320/2320/2320 2319/2319/2319 2318/2318/2318
f 2321/2321/2321 2320/2320/2320 2318/2318/2318
f 2324/2324/2324 2323/2323/2323 2322/2322/2322
f 2325/2325/2325 2324/2324/2324 2322/2322/2322
f 2328/2328/2328 2327/2327/2327 2326/2326/2326
f 2329/2329/2329 2328/2328/2328 2326/2326/2326
f 2332/2332/2332 2331/2331/2331 2330/2330/2330
f 2333/2333/2333 2332/2332/2332 2330/2330/2330
f 2336/2336/2336 2335/2335/2335 2334/2334/2334
f 2337/2337/2337 2336/2336/2336 2334/2334/2334
f 2340/2340/2340 2339/2339/2339 2338/2338/2338
f 2341/2341/2341 2340/2340/2340 2338/2338/2338
f 2344/2344/2344 2343/2343/2343 2342/2342/2342
f 2345/2345/2345 2344/2344/2344 2342/2342/2342
f 2348/2348/2348 2347/2347/2347 2346/2346/2346
f 2349/2349/2349 2348/2348/2348 2346/2346/2346
f 2352/2352/2352 2351/2351/2351 2350/2350/2350
f 2353/2353/2353 2352/2352/2352 2350/2350/2350
f 2356/2356/2356 2355/2355/2355 2354/2354/2354
f 2357/2357/2357 2356/2356/2356 2354/2354/2354
f 2360/2360/2360 2359/2359/2359 2358/2358/2358
f 2361/2361/2361 2360/2360/2360 2358/2358/2358
f 2364/2364/2364 2363/2363/2363 2362/2362/2362
f 2362/2362/2362 2365/2365/2365 2364/2364/2364
f 2362/2362/2362 2366/2366/2366 2365/2365/2365
f 2369/2369/2369 2368/2368/2368 2367/2367/2367
f 2370/2370/2370 2369/2369/2369 2367/2367/2367
f 2373/2373/2373 2372/2372/2372 2371/2371/2371
f 2374/2374/2374 2373/2373/2373 2371/2371/2371
f 2377/2377/2377 2376/2376/2376 2375/2375/2375
f 2375/2375/2375 2378/2378/2378 2377/2377/2377
f 2375/2375/2375 2379/2379/2379 2378/2378/2378
f 2382/2382/2382 2381/2381/2381 2380/2380/2380
f 2383/2383/2383 2382/2382/2382 2380/2380/2380
f 2386/2386/2386 2385/2385/2385 2384/2384/2384
f 2387/2387/2387 2386/2386/2386 2384/2384/2384
f 2390/2390/2390 2389/2389/2389 2388/2388/2388
f 2390/2390/2390 2388/2388/2388 2391/2391/2391
f 2392/2392/2392 2391/2391/2391 2388/2388/2388
f 2393/2393/2393 2392/2392/2392 2388/2388/2388
f 2394/2394/2394 2393/2393/2393 2388/2388/2388
f 2390/2390/2390 2391/2391/2391 2395/2395/2395
f 2396/2396/2396 2395/2395/2395 2391/2391/2391
f 2396/2396/2396 2391/2391/2391 2392/2392/2392
f 2390/2390/2390 2395/2395/2395 2397/2397/2397
f 2398/2398/2398 2396/2396/2396 2392/2392/2392
f 2398/2398/2398 2399/2399/2399 2396/2396/2396
f 2399/2399/2399 2400/2400/2400 2396/2396/2396
f 2399/2399/2399 2398/2398/2398 2401/2401/2401
f 2390/2390/2390 2402/2402/2402 2401/2401/2401
f 2390/2390/2390 2403/2403/2403 2402/2402/2402
f 2404/2404/2404 2390/2390/2390 2401/2401/2401
f 2401/2401/2401 2398/2398/2398 2404/2404/2404
f 2404/2404/2404 2398/2398/2398 2405/2405/2405
f 2406/2406/2406 2400/2400/2400 2403/2403/2403
f 2400/2400/2400 2406/2406/2406 2396/2396/2396
f 2403/2403/2403 2407/2407/2407 2406/2406/2406
f 2390/2390/2390 2407/2407/2407 2403/2403/2403
f 2406/2406/2406 2408/2408/2408 2396/2396/2396
f 2390/2390/2390 2409/2409/2409 2407/2407/2407
f 2410/2410/2410 2408/2408/2408 2409/2409/2409
f 2408/2408/2408 2410/2410/2410 2396/2396/2396
f 2409/2409/2409 2411/2411/2411 2410/2410/2410
f 2390/2390/2390 2411/2411/2411 2409/2409/2409
f 2410/2410/2410 2412/2412/2412 2396/2396/2396
f 2390/2390/2390 2413/2413/2413 2411/2411/2411
f 2412/2412/2412 2414/2414/2414 2396/2396/2396
f 2414/2414/2414 2412/2412/2412 2413/2413/2413
f 2413/2413/2413 2415/2415/2415 2414/2414/2414
f 2390/2390/2390 2415/2415/2415 2413/2413/2413
f 2390/2390/2390 2416/2416/2416 2415/2415/2415
f 2390/2390/2390 2397/2397/2397 2416/2416/2416
f 2414/2414/2414 2417/2417/2417 2396/2396/2396
f 2417/2417/2417 2416/2416/2416 2397/2397/2397
f 2417/2417/2417 2418/2418/2418 2396/2396/2396
f 2418/2418/2418 2417/2417/2417 2397/2397/2397
f 2421/2421/2421 2420/2420/2420 2419/2419/2419
f 2421/2421/2421 2419/2419/2419 2422/2422/2422
f 2421/2421/2421 2422/2422/2422 2423/2423/2423
f 2421/2421/2421 2423/2423/2423 2424/2424/2424
f 2424/2424/2424 2425/2425/2425 2421/2421/2421
f 2425/2425/2425 2424/2424/2424 2426/2426/2426
f 2427/2427/2427 2425/2425/2425 2426/2426/2426
f 2427/2427/2427 2426/2426/2426 2428/2428/2428
f 2427/2427/2427 2428/2428/2428 2429/2429/2429
f 2427/2427/2427 2429/2429/2429 2430/2430/2430
f 2430/2430/2430 2431/2431/2431 2427/2427/2427
f 2430/2430/2430 2429/2429/2429 2432/2432/2432
f 2432/2432/2432 2433/2433/2433 2430/2430/2430
f 2433/2433/2433 2432/2432/2432 2434/2434/2434
f 2435/2435/2435 2433/2433/2433 2434/2434/2434
f 2435/2435/2435 2434/2434/2434 2436/2436/2436
f 2435/2435/2435 2436/2436/2436 2437/2437/2437
f 2435/2435/2435 2437/2437/2437 2438/2438/2438
f 2438/2438/2438 2439/2439/2439 2435/2435/2435
f 2438/2438/2438 2437/2437/2437 2440/2440/2440
f 2438/2438/2438 2440/2440/2440 2441/2441/2441
f 2442/2442/2442 2438/2438/2438 2441/2441/2441
f 2443/2443/2443 2442/2442/2442 2441/2441/2441
f 2443/2443/2443 2441/2441/2441 2444/2444/2444
f 2446/2446/2446 2445/2445/2445 2443/2443/2443
f 2443/2443/2443 2447/2447/2447 2446/2446/2446
f 2443/2443/2443 2448/2448/2448 2447/2447/2447
f 2451/2451/2451 2450/2450/2450 2449/2449/2449
f 2449/2449/2449 2452/2452/2452 2451/2451/2451
f 2455/2455/2455 2454/2454/2454 2453/2453/2453
f 2456/2456/2456 2455/2455/2455 2453/2453/2453
f 2459/2459/2459 2458/2458/2458 2457/2457/2457
f 2460/2460/2460 2459/2459/2459 2457/2457/2457
f 2463/2463/2463 2462/2462/2462 2461/2461/2461
f 2464/2464/2464 2463/2463/2463 2461/2461/2461
f 2467/2467/2467 2466/2466/2466 2465/2465/2465
f 2468/2468/2468 2467/2467/2467 2465/2465/2465
f 2471/2471/2471 2470/2470/2470 2469/2469/2469
f 2472/2472/2472 2471/2471/2471 2469/2469/2469
f 2475/2475/2475 2474/2474/2474 2473/2473/2473
f 2473/2473/2473 2476/2476/2476 2475/2475/2475
f 2473/2473/2473 2477/2477/2477 2476/2476/2476
f 2480/2480/2480 2479/2479/2479 2478/2478/2478
f 2481/2481/2481 2480/2480/2480 2478/2478/2478
f 2484/2484/2484 2483/2483/2483 2482/2482/2482
f 2485/2485/2485 2484/2484/2484 2482/2482/2482
f 2488/2488/2488 2487/2487/2487 2486/2486/2486
f 2489/2489/2489 2488/2488/2488 2486/2486/2486
f 2492/2492/2492 2491/2491/2491 2490/2490/2490
f 2493/2493/2493 2492/2492/2492 2490/2490/2490
f 2496/2496/2496 2495/2495/2495 2494/2494/2494
f 2497/2497/2497 2496/2496/2496 2494/2494/2494
f 2500/2500/2500 2499/2499/2499 2498/2498/2498
f 2501/2501/2501 2500/2500/2500 2498/2498/2498
f 2504/2504/2504 2503/2503/2503 2502/2502/2502
f 2505/2505/2505 2504/2504/2504 2502/2502/2502
f 2508/2508/2508 2507/2507/2507 2506/2506/2506
f 2509/2509/2509 2508/2508/2508 2506/2506/2506
f 2512/2512/2512 2511/2511/2511 2510/2510/2510
f 2510/2510/2510 2513/2513/2513 2512/2512/2512
f 2510/2510/2510 2514/2514/2514 2513/2513/2513
f 2514/2514/2514 2510/2510/2510 2515/2515/2515
f 2514/2514/2514 2515/2515/2515 2516/2516/2516
f 2517/2517/2517 2514/2514/2514 2516/2516/2516
f 2516/2516/2516 2518/2518/2518 2517/2517/2517
f 2518/2518/2518 2516/2516/2516 2519/2519/2519
f 2522/2522/2522 2521/2521/2521 2520/2520/2520
f 2523/2523/2523 2522/2522/2522 2520/2520/2520
f 2526/2526/2526 2525/2525/2525 2524/2524/2524
f 2524/2524/2524 2527/2527/2527 2526/2526/2526
f 2524/2524/2524 2528/2528/2528 2527/2527/2527
f 2524/2524/2524 2529/2529/2529 2528/2528/2528
f 2529/2529/2529 2524/2524/2524 2530/2530/2530
f 2529/2529/2529 2530/2530/2530 2531/2531/2531
f 2533/2533/2533 2532/2532/2532 2529/2529/2529
f 2529/2529/2529 2534/2534/2534 2533/2533/2533
f 2537/2537/2537 2536/2536/2536 2535/2535/2535
f 2538/2538/2538 2537/2537/2537 2535/2535/2535
f 2541/2541/2541 2540/2540/2540 2539/2539/2539
f 2541/2541/2541 2539/2539/2539 2542/2542/2542
f 2541/2541/2541 2542/2542/2542 2543/2543/2543
f 2544/2544/2544 2541/2541/2541 2543/2543/2543
f 2543/2543/2543 2545/2545/2545 2544/2544/2544
f 2545/2545/2545 2543/2543/2543 2546/2546/2546
f 2549/2549/2549 2548/2548/2548 2547/2547/2547
f 2547/2547/2547 2550/2550/2550 2549/2549/2549
f 2549/2549/2549 2550/2550/2550 2551/2551/2551
f 2547/2547/2547 2552/2552/2552 2550/2550/2550
f 2555/2555/2555 2554/2554/2554 2553/2553/2553
f 2553/2553/2553 2556/2556/2556 2555/2555/2555
f 2553/2553/2553 2557/2557/2557 2556/2556/2556
f 2560/2560/2560 2559/2559/2559 2558/2558/2558
f 2561/2561/2561 2560/2560/2560 2558/2558/2558
f 2564/2564/2564 2563/2563/2563 2562/2562/2562
f 2562/2562/2562 2565/2565/2565 2564/2564/2564
f 2568/2568/2568 2567/2567/2567 2566/2566/2566
f 2569/2569/2569 2568/2568/2568 2566/2566/2566
f 2572/2572/2572 2571/2571/2571 2570/2570/2570
f 2573/2573/2573 2572/2572/2572 2570/2570/2570
f 2576/2576/2576 2575/2575/2575 2574/2574/2574
f 2577/2577/2577 2576/2576/2576 2574/2574/2574
f 2580/2580/2580 2579/2579/2579 2578/2578/2578
f 2581/2581/2581 2580/2580/2580 2578/2578/2578
f 2584/2584/2584 2583/2583/2583 2582/2582/2582
f 2585/2585/2585 2584/2584/2584 2582/2582/2582
f 2588/2588/2588 2587/2587/2587 2586/2586/2586
f 2589/2589/2589 2588/2588/2588 2586/2586/2586
f 2592/2592/2592 2591/2591/2591 2590/2590/2590
f 2593/2593/2593 2592/2592/2592 2590/2590/2590
f 2596/2596/2596 2595/2595/2595 2594/2594/2594
f 2597/2597/2597 2596/2596/2596 2594/2594/2594
f 2600/2600/2600 2599/2599/2599 2598/2598/2598
f 2601/2601/2601 2600/2600/2600 2598/2598/2598
f 2604/2604/2604 2603/2603/2603 2602/2602/2602
f 2605/2605/2605 2604/2604/2604 2602/2602/2602
f 2608/2608/2608 2607/2607/2607 2606/2606/2606
f 2609/2609/2609 2608/2608/2608 2606/2606/2606
f 2612/2612/2612 2611/2611/2611 2610/2610/2610
f 2613/2613/2613 2612/2612/2612 2610/2610/2610
f 2616/2616/2616 2615/2615/2615 2614/2614/2614
f 2617/2617/2617 2616/2616/2616 2614/2614/2614
f 2620/2620/2620 2619/2619/2619 2618/2618/2618
f 2621/2621/2621 2620/2620/2620 2618/2618/2618
f 2624/2624/2624 2623/2623/2623 2622/2622/2622
f 2625/2625/2625 2624/2624/2624 2622/2622/2622
f 2628/2628/2628 2627/2627/2627 2626/2626/2626
f 2629/2629/2629 2628/2628/2628 2626/2626/2626
f 2632/2632/2632 2631/2631/2631 2630/2630/2630
f 2633/2633/2633 2632/2632/2632 2630/2630/2630
f 2636/2636/2636 2635/2635/2635 2634/2634/2634
f 2637/2637/2637 2636/2636/2636 2634/2634/2634
f 2640/2640/2640 2639/2639/2639 2638/2638/2638
f 2641/2641/2641 2640/2640/2640 2638/2638/2638
f 2644/2644/2644 2643/2643/2643 2642/2642/2642
f 2642/2642/2642 2645/2645/2645 2644/2644/2644
f 2648/2648/2648 2647/2647/2647 2646/2646/2646
f 2649/2649/2649 2648/2648/2648 2646/2646/2646
f 2652/2652/2652 2651/2651/2651 2650/2650/2650
f 2653/2653/2653 2652/2652/2652 2650/2650/2650
f 2656/2656/2656 2655/2655/2655 2654/2654/2654
f 2657/2657/2657 2656/2656/2656 2654/2654/2654
f 2660/2660/2660 2659/2659/2659 2658/2658/2658
f 2661/2661/2661 2660/2660/2660 2658/2658/2658
f 2664/2664/2664 2663/2663/2663 2662/2662/2662
f 2665/2665/2665 2664/2664/2664 2662/2662/2662
f 2668/2668/2668 2667/2667/2667 2666/2666/2666
f 2669/2669/2669 2668/2668/2668 2666/2666/2666
f 2672/2672/2672 2671/2671/2671 2670/2670/2670
f 2673/2673/2673 2672/2672/2672 2670/2670/2670
f 2676/2676/2676 2675/2675/2675 2674/2674/2674
f 2677/2677/2677 2676/2676/2676 2674/2674/2674
f 2680/2680/2680 2679/2679/2679 2678/2678/2678
f 2680/2680/2680 2681/2681/2681 2679/2679/2679
f 2684/2684/2684 2683/2683/2683 2682/2682/2682
f 2682/2682/2682 2685/2685/2685 2684/2684/2684
f 2688/2688/2688 2687/2687/2687 2686/2686/2686
f 2686/2686/2686 2689/2689/2689 2688/2688/2688
f 2692/2692/2692 2691/2691/2691 2690/2690/2690
f 2692/2692/2692 2693/2693/2693 2691/2691/2691
f 2696/2696/2696 2695/2695/2695 2694/2694/2694
f 2697/2697/2697 2696/2696/2696 2694/2694/2694
f 2700/2700/2700 2699/2699/2699 2698/2698/2698
f 2698/2698/2698 2701/2701/2701 2700/2700/2700
f 2698/2698/2698 2702/2702/2702 2701/2701/2701
f 2705/2705/2705 2704/2704/2704 2703/2703/2703
f 2705/2705/2705 2706/2706/2706 2704/2704/2704
f 2709/2709/2709 2708/2708/2708 2707/2707/2707
f 2710/2710/2710 2709/2709/2709 2707/2707/2707
f 2713/2713/2713 2712/2712/2712 2711/2711/2711
f 2714/2714/2714 2713/2713/2713 2711/2711/2711
f 2717/2717/2717 2716/2716/2716 2715/2715/2715
f 2715/2715/2715 2718/2718/2718 2717/2717/2717
f 2715/2715/2715 2719/2719/2719 2718/2718/2718
f 2715/2715/2715 2720/2720/2720 2719/2719/2719
f 2723/2723/2723 2722/2722/2722 2721/2721/2721
f 2724/2724/2724 2723/2723/2723 2721/2721/2721
f 2727/2727/2727 2726/2726/2726 2725/2725/2725
f 2728/2728/2728 2727/2727/2727 2725/2725/2725
f 2731/2731/2731 2730/2730/2730 2729/2729/2729
f 2732/2732/2732 2731/2731/2731 2729/2729/2729
f 2735/2735/2735 2734/2734/2734 2733/2733/2733
f 2736/2736/2736 2735/2735/2735 2733/2733/2733
f 2739/2739/2739 2738/2738/2738 2737/2737/2737
f 2740/2740/2740 2739/2739/2739 2737/2737/2737
f 2743/2743/2743 2742/2742/2742 2741/2741/2741
f 2743/2743/2743 2744/2744/2744 2742/2742/2742
f 2747/2747/2747 2746/2746/2746 2745/2745/2745
f 2748/2748/2748 2747/2747/2747 2745/2745/2745
f 2751/2751/2751 2750/2750/2750 2749/2749/2749
f 2752/2752/2752 2751/2751/2751 2749/2749/2749
f 2755/2755/2755 2754/2754/2754 2753/2753/2753
f 2753/2753/2753 2756/2756/2756 2755/2755/2755
f 2759/2759/2759 2758/2758/2758 2757/2757/2757
f 2760/2760/2760 2759/2759/2759 2757/2757/2757
f 2763/2763/2763 2762/2762/2762 2761/2761/2761
f 2764/2764/2764 2763/2763/2763 2761/2761/2761
f 2767/2767/2767 2766/2766/2766 2765/2765/2765
f 2768/2768/2768 2767/2767/2767 2765/2765/2765
f 2771/2771/2771 2770/2770/2770 2769/2769/2769
f 2772/2772/2772 2771/2771/2771 2769/2769/2769
f 2775/2775/2775 2774/2774/2774 2773/2773/2773
f 2773/2773/2773 2776/2776/2776 2775/2775/2775
f 2779/2779/2779 2778/2778/2778 2777/2777/2777
f 2780/2780/2780 2779/2779/2779 2777/2777/2777
f 2783/2783/2783 2782/2782/2782 2781/2781/2781
f 2784/2784/2784 2783/2783/2783 2781/2781/2781
f 2787/2787/2787 2786/2786/2786 2785/2785/2785
f 2785/2785/2785 2788/2788/2788 2787/2787/2787
f 2785/2785/2785 2789/2789/2789 2788/2788/2788
f 2792/2792/2792 2791/2791/2791 2790/2790/2790
f 2793/2793/2793 2792/2792/2792 2790/2790/2790
f 2796/2796/2796 2795/2795/2795 2794/2794/2794
f 2797/2797/2797 2796/2796/2796 2794/2794/2794
f 2800/2800/2800 2799/2799/2799 2798/2798/2798
f 2801/2801/2801 2800/2800/2800 2798/2798/2798
f 2804/2804/2804 2803/2803/2803 2802/2802/2802
f 2805/2805/2805 2804/2804/2804 2802/2802/2802
f 2808/2808/2808 2807/2807/2807 2806/2806/2806
f 2806/2806/2806 2809/2809/2809 2808/2808/2808
f 2812/2812/2812 2811/2811/2811 2810/2810/2810
f 2813/2813/2813 2812/2812/2812 2810/2810/2810
f 2816/2816/2816 2815/2815/2815 2814/2814/2814
f 2817/2817/2817 2816/2816/2816 2814/2814/2814
f 2820/2820/2820 2819/2819/2819 2818/2818/2818
f 2821/2821/2821 2820/2820/2820 2818/2818/2818
f 2824/2824/2824 2823/2823/2823 2822/2822/2822
f 2825/2825/2825 2824/2824/2824 2822/2822/2822
f 2828/2828/2828 2827/2827/2827 2826/2826/2826
f 2829/2829/2829 2828/2828/2828 2826/2826/2826
f 2832/2832/2832 2831/2831/2831 2830/2830/2830
f 2833/2833/2833 2832/2832/2832 2830/2830/2830
f 2836/2836/2836 2835/2835/2835 2834/2834/2834
f 2837/2837/2837 2836/2836/2836 2834/2834/2834
f 2840/2840/2840 2839/2839/2839 2838/2838/2838
f 2841/2841/2841 2840/2840/2840 2838/2838/2838
f 2844/2844/2844 2843/2843/2843 2842/2842/2842
f 2842/2842/2842 2845/2845/2845 2844/2844/2844
f 2848/2848/2848 2847/2847/2847 2846/2846/2846
f 2847/2847/2847 2849/2849/2849 2846/2846/2846
f 2852/2852/2852 2851/2851/2851 2850/2850/2850
f 2853/2853/2853 2852/2852/2852 2850/2850/2850
f 2856/2856/2856 2855/2855/2855 2854/2854/2854
f 2857/2857/2857 2856/2856/2856 2854/2854/2854
f 2860/2860/2860 2859/2859/2859 2858/2858/2858
f 2860/2860/2860 2861/2861/2861 2859/2859/2859
f 2864/2864/2864 2863/2863/2863 2862/2862/2862
f 2865/2865/2865 2864/2864/2864 2862/2862/2862
f 2868/2868/2868 2867/2867/2867 2866/2866/2866
f 2869/2869/2869 2868/2868/2868 2866/2866/2866
f 2872/2872/2872 2871/2871/2871 2870/2870/2870
f 2873/2873/2873 2872/2872/2872 2870/2870/2870
f 2876/2876/2876 2875/2875/2875 2874/2874/2874
f 2877/2877/2877 2876/2876/2876 2874/2874/2874
f 2880/2880/2880 2879/2879/2879 2878/2878/2878
f 2881/2881/2881 2880/2880/2880 2878/2878/2878
f 2884/2884/2884 2883/2883/2883 2882/2882/2882
f 2885/2885/2885 2884/2884/2884 2882/2882/2882
f 2888/2888/2888 2887/2887/2887 2886/2886/2886
f 2889/2889/2889 2888/2888/2888 2886/2886/2886
f 2892/2892/2892 2891/2891/2891 2890/2890/2890
f 2893/2893/2893 2892/2892/2892 2890/2890/2890
f 2896/2896/2896 2895/2895/2895 2894/2894/2894
f 2897/2897/2897 2896/2896/2896 2894/2894/2894
f 2900/2900/2900 2899/2899/2899 2898/2898/2898
f 2901/2901/2901 2900/2900/2900 2898/2898/2898
f 2904/2904/2904 2903/2903/2903 2902/2902/2902
f 2902/2902/2902 2905/2905/2905 2904/2904/2904
f 2908/2908/2908 2907/2907/2907 2906/2906/2906
f 2909/2909/2909 2908/2908/2908 2906/2906/2906
f 2912/2912/2912 2911/2911/2911 2910/2910/2910
f 2913/2913/2913 2912/2912/2912 2910/2910/2910
f 2916/2916/2916 2915/2915/2915 2914/2914/2914
f 2917/2917/2917 2916/2916/2916 2914/2914/2914
f 2920/2920/2920 2919/2919/2919 2918/2918/2918
f 2921/2921/2921 2920/2920/2920 2918/2918/2918
f 2924/2924/2924 2923/2923/2923 2922/2922/2922
f 2922/2922/2922 2925/2925/2925 2924/2924/2924
f 2922/2922/2922 2926/2926/2926 2925/2925/2925
f 2929/2929/2929 2928/2928/2928 2927/2927/2927
f 2930/2930/2930 2929/2929/2929 2927/2927/2927
f 2933/2933/2933 2932/2932/2932 2931/2931/2931
f 2934/2934/2934 2933/2933/2933 2931/2931/2931
f 2937/2937/2937 2936/2936/2936 2935/2935/2935
f 2938/2938/2938 2937/2937/2937 2935/2935/2935
f 2941/2941/2941 2940/2940/2940 2939/2939/2939
f 2942/2942/2942 2941/2941/2941 2939/2939/2939
f 2945/2945/2945 2944/2944/2944 2943/2943/2943
f 2946/2946/2946 2945/2945/2945 2943/2943/2943
f 2949/2949/2949 2948/2948/2948 2947/2947/2947
f 2947/2947/2947 2950/2950/2950 2949/2949/2949
f 2953/2953/2953 2952/2952/2952 2951/2951/2951
f 2954/2954/2954 2953/2953/2953 2951/2951/2951
f 2957/2957/2957 2956/2956/2956 2955/2955/2955
f 2958/2958/2958 2957/2957/2957 2955/2955/2955
f 2961/2961/2961 2960/2960/2960 2959/2959/2959
f 2959/2959/2959 2962/2962/2962 2961/2961/2961
f 2959/2959/2959 2963/2963/2963 2962/2962/2962
f 2966/2966/2966 2965/2965/2965 2964/2964/2964
f 2967/2967/2967 2966/2966/2966 2964/2964/2964
f 2970/2970/2970 2969/2969/2969 2968/2968/2968
f 2970/2970/2970 2971/2971/2971 2969/2969/2969
f 2974/2974/2974 2973/2973/2973 2972/2972/2972
f 2974/2974/2974 2975/2975/2975 2973/2973/2973
f 2977/2977/2977 2976/2976/2976 2975/2975/2975
f 2975/2975/2975 2978/2978/2978 2977/2977/2977
f 2981/2981/2981 2980/2980/2980 2979/2979/2979
f 2982/2982/2982 2981/2981/2981 2979/2979/2979
f 2985/2985/2985 2984/2984/2984 2983/2983/2983
f 2984/2984/2984 2986/2986/2986 2983/2983/2983
f 2988/2988/2988 2983/2983/2983 2987/2987/2987
f 2987/2987/2987 2989/2989/2989 2988/2988/2988
f 2992/2992/2992 2991/2991/2991 2990/2990/2990
f 2991/2991/2991 2993/2993/2993 2990/2990/2990
f 2996/2996/2996 2995/2995/2995 2994/2994/2994
f 2997/2997/2997 2996/2996/2996 2994/2994/2994
f 3000/3000/3000 2999/2999/2999 2998/2998/2998
f 3001/3001/3001 2999/2999/2999 3000/3000/3000
f 3004/3004/3004 3003/3003/3003 3002/3002/3002
f 3005/3005/3005 3004/3004/3004 3002/3002/3002
f 3008/3008/3008 3007/3007/3007 3006/3006/3006
f 3009/3009/3009 3008/3008/3008 3006/3006/3006
f 3012/3012/3012 3011/3011/3011 3010/3010/3010
f 3010/3010/3010 3013/3013/3013 3012/3012/3012
f 3016/3016/3016 3015/3015/3015 3014/3014/3014
f 3017/3017/3017 3016/3016/3016 3014/3014/3014
f 3020/3020/3020 3019/3019/3019 3018/3018/3018
f 3021/3021/3021 3020/3020/3020 3018/3018/3018
f 3024/3024/3024 3023/3023/3023 3022/3022/3022
f 3023/3023/3023 3025/3025/3025 3022/3022/3022
f 3028/3028/3028 3027/3027/3027 3026/3026/3026
f 3029/3029/3029 3028/3028/3028 3026/3026/3026
f 3032/3032/3032 3031/3031/3031 3030/3030/3030
f 3032/3032/3032 3033/3033/3033 3031/3031/3031
f 3036/3036/3036 3035/3035/3035 3034/3034/3034
f 3037/3037/3037 3036/3036/3036 3034/3034/3034
f 3040/3040/3040 3039/3039/3039 3038/3038/3038
f 3041/3041/3041 3040/3040/3040 3038/3038/3038
f 3044/3044/3044 3043/3043/3043 3042/3042/3042
f 3045/3045/3045 3044/3044/3044 3042/3042/3042
f 3048/3048/3048 3047/3047/3047 3046/3046/3046
f 3046/3046/3046 3049/3049/3049 3048/3048/3048
f 3052/3052/3052 3051/3051/3051 3050/3050/3050
f 3053/3053/3053 3052/3052/3052 3050/3050/3050
f 3056/3056/3056 3055/3055/3055 3054/3054/3054
f 3057/3057/3057 3056/3056/3056 3054/3054/3054
f 3060/3060/3060 3059/3059/3059 3058/3058/3058
f 3060/3060/3060 3061/3061/3061 3059/3059/3059
f 3064/3064/3064 3063/3063/3063 3062/3062/3062
f 3064/3064/3064 3065/3065/3065 3063/3063/3063
f 3068/3068/3068 3067/3067/3067 3066/3066/3066
f 3069/3069/3069 3068/3068/3068 3066/3066/3066
f 3072/3072/3072 3071/3071/3071 3070/3070/3070
f 3072/3072/3072 3073/3073/3073 3071/3071/3071
f 3076/3076/3076 3075/3075/3075 3074/3074/3074
f 3074/3074/3074 3077/3077/3077 3076/3076/3076
f 3074/3074/3074 3078/3078/3078 3077/3077/3077
f 3081/3081/3081 3080/3080/3080 3079/3079/3079
f 3079/3079/3079 3082/3082/3082 3081/3081/3081
f 3085/3085/3085 3084/3084/3084 3083/3083/3083
f 3086/3086/3086 3085/3085/3085 3083/3083/3083
f 3089/3089/3089 3088/3088/3088 3087/3087/3087
f 3089/3089/3089 3087/3087/3087 3090/3090/3090
f 3093/3093/3093 3092/3092/3092 3091/3091/3091
f 3091/3091/3091 3094/3094/3094 3093/3093/3093
f 3097/3097/3097 3096/3096/3096 3095/3095/3095
f 3098/3098/3098 3097/3097/3097 3095/3095/3095
f 3101/3101/3101 3100/3100/3100 3099/3099/3099
f 3102/3102/3102 3101/3101/3101 3099/3099/3099
f 3105/3105/3105 3104/3104/3104 3103/3103/3103
f 3103/3103/3103 3106/3106/3106 3105/3105/3105
f 3103/3103/3103 3107/3107/3107 3106/3106/3106
f 3110/3110/3110 3109/3109/3109 3108/3108/3108
f 3108/3108/3108 3111/3111/3111 3110/3110/3110
f 3114/3114/3114 3113/3113/3113 3112/3112/3112
f 3115/3115/3115 3114/3114/3114 3112/3112/3112
f 3118/3118/3118 3117/3117/3117 3116/3116/3116
f 3116/3116/3116 3119/3119/3119 3118/3118/3118
f 3122/3122/3122 3121/3121/3121 3120/3120/3120
f 3122/3122/3122 3123/3123/3123 3121/3121/3121
f 3126/3126/3126 3125/3125/3125 3124/3124/3124
f 3127/3127/3127 3126/3126/3126 3124/3124/3124
f 3130/3130/3130 3129/3129/3129 3128/3128/3128
f 3131/3131/3131 3130/3130/3130 3128/3128/3128
f 3134/3134/3134 3133/3133/3133 3132/3132/3132
f 3134/3134/3134 3132/3132/3132 3135/3135/3135
f 3138/3138/3138 3137/3137/3137 3136/3136/3136
f 3136/3136/3136 3139/3139/3139 3138/3138/3138
f 3142/3142/3142 3141/3141/3141 3140/3140/3140
f 3143/3143/3143 3142/3142/3142 3140/3140/3140
f 3146/3146/3146 3145/3145/3145 3144/3144/3144
f 3147/3147/3147 3146/3146/3146 3144/3144/3144
f 3150/3150/3150 3149/3149/3149 3148/3148/3148
f 3148/3148/3148 3151/3151/3151 3150/3150/3150
f 3154/3154/3154 3153/3153/3153 3152/3152/3152
f 3155/3155/3155 3154/3154/3154 3152/3152/3152
f 3158/3158/3158 3157/3157/3157 3156/3156/3156
f 3156/3156/3156 3159/3159/3159 3158/3158/3158
f 3162/3162/3162 3161/3161/3161 3160/3160/3160
f 3163/3163/3163 3162/3162/3162 3160/3160/3160
f 3166/3166/3166 3165/3165/3165 3164/3164/3164
f 3164/3164/3164 3167/3167/3167 3166/3166/3166
f 3167/3167/3167 3164/3164/3164 3168/3168/3168
f 3168/3168/3168 3169/3169/3169 3167/3167/3167
f 3168/3168/3168 3170/3170/3170 3169/3169/3169
f 3173/3173/3173 3172/3172/3172 3171/3171/3171
f 3173/3173/3173 3174/3174/3174 3172/3172/3172
f 3177/3177/3177 3176/3176/3176 3175/3175/3175
f 3178/3178/3178 3177/3177/3177 3175/3175/3175
f 3181/3181/3181 3180/3180/3180 3179/3179/3179
f 3182/3182/3182 3180/3180/3180 3181/3181/3181
f 3185/3185/3185 3184/3184/3184 3183/3183/3183
f 3186/3186/3186 3185/3185/3185 3183/3183/3183
f 3189/3189/3189 3188/3188/3188 3187/3187/3187
f 3190/3190/3190 3189/3189/3189 3187/3187/3187
f 3193/3193/3193 3192/3192/3192 3191/3191/3191
f 3191/3191/3191 3194/3194/3194 3193/3193/3193
f 3191/3191/3191 3195/3195/3195 3194/3194/3194
f 3198/3198/3198 3197/3197/3197 3196/3196/3196
f 3196/3196/3196 3199/3199/3199 3198/3198/3198
f 3202/3202/3202 3201/3201/3201 3200/3200/3200
f 3200/3200/3200 3203/3203/3203 3202/3202/3202
f 3205/3205/3205 3204/3204/3204 3203/3203/3203
f 3204/3204/3204 3206/3206/3206 3203/3203/3203
f 3209/3209/3209 3208/3208/3208 3207/3207/3207
f 3210/3210/3210 3209/3209/3209 3207/3207/3207
f 3213/3213/3213 3212/3212/3212 3211/3211/3211
f 3214/3214/3214 3213/3213/3213 3211/3211/3211
f 3217/3217/3217 3216/3216/3216 3215/3215/3215
f 3218/3218/3218 3217/3217/3217 3215/3215/3215
f 3221/3221/3221 3220/3220/3220 3219/3219/3219
f 3222/3222/3222 3221/3221/3221 3219/3219/3219
f 3225/3225/3225 3224/3224/3224 3223/3223/3223
f 3226/3226/3226 3225/3225/3225 3223/3223/3223
f 3229/3229/3229 3228/3228/3228 3227/3227/3227
f 3230/3230/3230 3229/3229/3229 3227/3227/3227
f 3233/3233/3233 3232/3232/3232 3231/3231/3231
f 3231/3231/3231 3234/3234/3234 3233/3233/3233
f 3234/3234/3234 3235/3235/3235 3233/3233/3233
f 3238/3238/3238 3237/3237/3237 3236/3236/3236
f 3239/3239/3239 3238/3238/3238 3236/3236/3236
f 3242/3242/3242 3241/3241/3241 3240/3240/3240
f 3243/3243/3243 3242/3242/3242 3240/3240/3240
f 3246/3246/3246 3245/3245/3245 3244/3244/3244
f 3244/3244/3244 3247/3247/3247 3246/3246/3246
f 3250/3250/3250 3249/3249/3249 3248/3248/3248
f 3251/3251/3251 3250/3250/3250 3248/3248/3248
f 3254/3254/3254 3253/3253/3253 3252/3252/3252
f 3255/3255/3255 3254/3254/3254 3252/3252/3252
f 3258/3258/3258 3257/3257/3257 3256/3256/3256
f 3258/3258/3258 3259/3259/3259 3257/3257/3257
f 3262/3262/3262 3261/3261/3261 3260/3260/3260
f 3263/3263/3263 3262/3262/3262 3260/3260/3260
f 3266/3266/3266 3265/3265/3265 3264/3264/3264
f 3266/3266/3266 3267/3267/3267 3265/3265/3265
f 3270/3270/3270 3269/3269/3269 3268/3268/3268
f 3268/3268/3268 3271/3271/3271 3270/3270/3270
f 3268/3268/3268 3272/3272/3272 3271/3271/3271
f 3275/3275/3275 3274/3274/3274 3273/3273/3273
f 3276/3276/3276 3275/3275/3275 3273/3273/3273
f 3279/3279/3279 3278/3278/3278 3277/3277/3277
f 3280/3280/3280 3279/3279/3279 3277/3277/3277
f 3283/3283/3283 3282/3282/3282 3281/3281/3281
f 3284/3284/3284 3283/3283/3283 3281/3281/3281
f 3287/3287/3287 3286/3286/3286 3285/3285/3285
f 3287/3287/3287 3285/3285/3285 3288/3288/3288
f 3291/3291/3291 3290/3290/3290 3289/3289/3289
f 3289/3289/3289 3292/3292/3292 3291/3291/3291
f 3295/3295/3295 3294/3294/3294 3293/3293/3293
f 3293/3293/3293 3296/3296/3296 3295/3295/3295
f 3299/3299/3299 3298/3298/3298 3297/3297/3297
f 3300/3300/3300 3299/3299/3299 3297/3297/3297
f 3303/3303/3303 3302/3302/3302 3301/3301/3301
f 3304/3304/3304 3303/3303/3303 3301/3301/3301
f 3307/3307/3307 3306/3306/3306 3305/3305/3305
f 3308/3308/3308 3307/3307/3307 3305/3305/3305
f 3311/3311/3311 3310/3310/3310 3309/3309/3309
f 3311/3311/3311 3312/3312/3312 3310/3310/3310
f 3315/3315/3315 3314/3314/3314 3313/3313/3313
f 3316/3316/3316 3315/3315/3315 3313/3313/3313
f 3319/3319/3319 3318/3318/3318 3317/3317/3317
f 3317/3317/3317 3320/3320/3320 3319/3319/3319
f 3323/3323/3323 3322/3322/3322 3321/3321/3321
f 3324/3324/3324 3323/3323/3323 3321/3321/3321
f 3327/3327/3327 3326/3326/3326 3325/3325/3325
f 3328/3328/3328 3327/3327/3327 3325/3325/3325
f 3331/3331/3331 3330/3330/3330 3329/3329/3329
f 3330/3330/3330 3332/3332/3332 3329/3329/3329
f 3334/3334/3334 3329/3329/3329 3333/3333/3333
f 3333/3333/3333 3335/3335/3335 3334/3334/3334
f 3338/3338/3338 3337/3337/3337 3336/3336/3336
f 3337/3337/3337 3339/3339/3339 3336/3336/3336
f 3342/3342/3342 3341/3341/3341 3340/3340/3340
f 3342/3342/3342 3343/3343/3343 3341/3341/3341
f 3346/3346/3346 3345/3345/3345 3344/3344/3344
f 3347/3347/3347 3346/3346/3346 3344/3344/3344
f 3350/3350/3350 3349/3349/3349 3348/3348/3348
f 3351/3351/3351 3350/3350/3350 3348/3348/3348
f 3354/3354/3354 3353/3353/3353 3352/3352/3352
f 3355/3355/3355 3354/3354/3354 3352/3352/3352
f 3358/3358/3358 3357/3357/3357 3356/3356/3356
f 3359/3359/3359 3358/3358/3358 3356/3356/3356
f 3362/3362/3362 3361/3361/3361 3360/3360/3360
f 3361/3361/3361 3362/3362/3362 3363/3363/3363
f 3366/3366/3366 3365/3365/3365 3364/3364/3364
f 3365/3365/3365 3367/3367/3367 3364/3364/3364
f 3370/3370/3370 3369/3369/3369 3368/3368/3368
f 3370/3370/3370 3371/3371/3371 3369/3369/3369
f 3374/3374/3374 3373/3373/3373 3372/3372/3372
f 3372/3372/3372 3375/3375/3375 3374/3374/3374
f 3377/3377/3377 3376/3376/3376 3375/3375/3375
f 3376/3376/3376 3378/3378/3378 3375/3375/3375
f 3381/3381/3381 3380/3380/3380 3379/3379/3379
f 3380/3380/3380 3382/3382/3382 3379/3379/3379
f 3385/3385/3385 3384/3384/3384 3383/3383/3383
f 3386/3386/3386 3385/3385/3385 3383/3383/3383
f 3389/3389/3389 3388/3388/3388 3387/3387/3387
f 3390/3390/3390 3389/3389/3389 3387/3387/3387
f 3393/3393/3393 3392/3392/3392 3391/3391/3391
f 3394/3394/3394 3393/3393/3393 3391/3391/3391
f 3397/3397/3397 3396/3396/3396 3395/3395/3395
f 3395/3395/3395 3398/3398/3398 3397/3397/3397
f 3401/3401/3401 3400/3400/3400 3399/3399/3399
f 3402/3402/3402 3401/3401/3401 3399/3399/3399
f 3405/3405/3405 3404/3404/3404 3403/3403/3403
f 3406/3406/3406 3405/3405/3405 3403/3403/3403
f 3409/3409/3409 3408/3408/3408 3407/3407/3407
f 3407/3407/3407 3410/3410/3410 3409/3409/3409
f 3413/3413/3413 3412/3412/3412 3411/3411/3411
f 3414/3414/3414 3413/3413/3413 3411/3411/3411
f 3417/3417/3417 3416/3416/3416 3415/3415/3415
f 3418/3418/3418 3417/3417/3417 3415/3415/3415
f 3421/3421/3421 3420/3420/3420 3419/3419/3419
f 3419/3419/3419 3422/3422/3422 3421/3421/3421
f 3425/3425/3425 3424/3424/3424 3423/3423/3423
f 3425/3425/3425 3426/3426/3426 3424/3424/3424
f 3429/3429/3429 3428/3428/3428 3427/3427/3427
f 3430/3430/3430 3429/3429/3429 3427/3427/3427
f 3433/3433/3433 3432/3432/3432 3431/3431/3431
f 3434/3434/3434 3433/3433/3433 3431/3431/3431
f 3437/3437/3437 3436/3436/3436 3435/3435/3435
f 3438/3438/3438 3437/3437/3437 3435/3435/3435
f 3441/3441/3441 3440/3440/3440 3439/3439/3439
f 3439/3439/3439 3442/3442/3442 3441/3441/3441
f 3445/3445/3445 3444/3444/3444 3443/3443/3443
f 3446/3446/3446 3445/3445/3445 3443/3443/3443
f 3449/3449/3449 3448/3448/3448 3447/3447/3447
f 3450/3450/3450 3449/3449/3449 3447/3447/3447
f 3453/3453/3453 3452/3452/3452 3451/3451/3451
f 3451/3451/3451 3454/3454/3454 3453/3453/3453
f 3457/3457/3457 3456/3456/3456 3455/3455/3455
f 3458/3458/3458 3457/3457/3457 3455/3455/3455
f 3461/3461/3461 3460/3460/3460 3459/3459/3459
f 3459/3459/3459 3462/3462/3462 3461/3461/3461
f 3465/3465/3465 3464/3464/3464 3463/3463/3463
f 3466/3466/3466 3465/3465/3465 3463/3463/3463
f 3469/3469/3469 3468/3468/3468 3467/3467/3467
f 3469/3469/3469 3470/3470/3470 3468/3468/3468
f 3473/3473/3473 3472/3472/3472 3471/3471/3471
f 3474/3474/3474 3473/3473/3473 3471/3471/3471
f 3477/3477/3477 3476/3476/3476 3475/3475/3475
f 3478/3478/3478 3477/3477/3477 3475/3475/3475
f 3481/3481/3481 3480/3480/3480 3479/3479/3479
f 3482/3482/3482 3481/3481/3481 3479/3479/3479
f 3485/3485/3485 3484/3484/3484 3483/3483/3483
f 3486/3486/3486 3485/3485/3485 3483/3483/3483
f 3489/3489/3489 3488/3488/3488 3487/3487/3487
f 3490/3490/3490 3489/3489/3489 3487/3487/3487
f 3493/3493/3493 3492/3492/3492 3491/3491/3491
f 3493/3493/3493 3494/3494/3494 3492/3492/3492
f 3497/3497/3497 3496/3496/3496 3495/3495/3495
f 3497/3497/3497 3498/3498/3498 3496/3496/3496
f 3501/3501/3501 3500/3500/3500 3499/3499/3499
f 3502/3502/3502 3501/3501/3501 3499/3499/3499
f 3505/3505/3505 3504/3504/3504 3503/3503/3503
f 3506/3506/3506 3505/3505/3505 3503/3503/3503
f 3509/3509/3509 3508/3508/3508 3507/3507/3507
f 3507/3507/3507 3510/3510/3510 3509/3509/3509
f 3510/3510/3510 3507/3507/3507 3511/3511/3511
f 3514/3514/3514 3513/3513/3513 3512/3512/3512
f 3514/3514/3514 3515/3515/3515 3513/3513/3513
f 3518/3518/3518 3517/3517/3517 3516/3516/3516
f 3519/3519/3519 3518/3518/3518 3516/3516/3516
f 3522/3522/3522 3521/3521/3521 3520/3520/3520
f 3523/3523/3523 3522/3522/3522 3520/3520/3520
f 3526/3526/3526 3525/3525/3525 3524/3524/3524
f 3527/3527/3527 3526/3526/3526 3524/3524/3524
f 3530/3530/3530 3529/3529/3529 3528/3528/3528
f 3530/3530/3530 3528/3528/3528 3531/3531/3531
f 3534/3534/3534 3533/3533/3533 3532/3532/3532
f 3532/3532/3532 3535/3535/3535 3534/3534/3534
f 3538/3538/3538 3537/3537/3537 3536/3536/3536
f 3536/3536/3536 3539/3539/3539 3538/3538/3538
f 3542/3542/3542 3541/3541/3541 3540/3540/3540
f 3543/3543/3543 3542/3542/3542 3540/3540/3540
f 3546/3546/3546 3545/3545/3545 3544/3544/3544
f 3544/3544/3544 3547/3547/3547 3546/3546/3546
f 3550/3550/3550 3549/3549/3549 3548/3548/3548
f 3550/3550/3550 3551/3551/3551 3549/3549/3549
f 3554/3554/3554 3553/3553/3553 3552/3552/3552
f 3555/3555/3555 3554/3554/3554 3552/3552/3552
f 3558/3558/3558 3557/3557/3557 3556/3556/3556
f 3559/3559/3559 3558/3558/3558 3556/3556/3556
f 3562/3562/3562 3561/3561/3561 3560/3560/3560
f 3563/3563/3563 3562/3562/3562 3560/3560/3560
f 3566/3566/3566 3565/3565/3565 3564/3564/3564
f 3567/3567/3567 3566/3566/3566 3564/3564/3564
f 3570/3570/3570 3569/3569/3569 3568/3568/3568
f 3571/3571/3571 3570/3570/3570 3568/3568/3568
f 3574/3574/3574 3573/3573/3573 3572/3572/3572
f 3572/3572/3572 3575/3575/3575 3574/3574/3574
f 3578/3578/3578 3577/3577/3577 3576/3576/3576
f 3579/3579/3579 3578/3578/3578 3576/3576/3576
f 3582/3582/3582 3581/3581/3581 3580/3580/3580
f 3582/3582/3582 3583/3583/3583 3581/3581/3581
f 3586/3586/3586 3585/3585/3585 3584/3584/3584
f 3587/3587/3587 3586/3586/3586 3584/3584/3584
f 3590/3590/3590 3589/3589/3589 3588/3588/3588
f 3591/3591/3591 3590/3590/3590 3588/3588/3588
f 3594/3594/3594 3593/3593/3593 3592/3592/3592
f 3595/3595/3595 3594/3594/3594 3592/3592/3592
f 3598/3598/3598 3597/3597/3597 3596/3596/3596
f 3599/3599/3599 3598/3598/3598 3596/3596/3596
f 3602/3602/3602 3601/3601/3601 3600/3600/3600
f 3602/3602/3602 3603/3603/3603 3601/3601/3601
f 3606/3606/3606 3605/3605/3605 3604/3604/3604
f 3607/3607/3607 3606/3606/3606 3604/3604/3604
f 3610/3610/3610 3609/3609/3609 3608/3608/3608
f 3608/3608/3608 3611/3611/3611 3610/3610/3610
f 3614/3614/3614 3613/3613/3613 3612/3612/3612
f 3614/3614/3614 3612/3612/3612 3615/3615/3615
f 3617/3617/3617 3616/3616/3616 3615/3615/3615
f 3615/3615/3615 3618/3618/3618 3617/3617/3617
f 3621/3621/3621 3620/3620/3620 3619/3619/3619
f 3622/3622/3622 3621/3621/3621 3619/3619/3619
f 3625/3625/3625 3624/3624/3624 3623/3623/3623
f 3626/3626/3626 3625/3625/3625 3623/3623/3623
f 3629/3629/3629 3628/3628/3628 3627/3627/3627
f 3630/3630/3630 3629/3629/3629 3627/3627/3627
f 3633/3633/3633 3632/3632/3632 3631/3631/3631
f 3633/3633/3633 3634/3634/3634 3632/3632/3632
f 3637/3637/3637 3636/3636/3636 3635/3635/3635
f 3638/3638/3638 3637/3637/3637 3635/3635/3635
f 3641/3641/3641 3640/3640/3640 3639/3639/3639
f 3642/3642/3642 3641/3641/3641 3639/3639/3639
f 3645/3645/3645 3644/3644/3644 3643/3643/3643
f 3643/3643/3643 3646/3646/3646 3645/3645/3645
f 3649/3649/3649 3648/3648/3648 3647/3647/3647
f 3649/3649/3649 3650/3650/3650 3648/3648/3648
f 3653/3653/3653 3652/3652/3652 3651/3651/3651
f 3651/3651/3651 3654/3654/3654 3653/3653/3653
f 3651/3651/3651 3655/3655/3655 3654/3654/3654
f 3658/3658/3658 3657/3657/3657 3656/3656/3656
f 3659/3659/3659 3658/3658/3658 3656/3656/3656
f 3662/3662/3662 3661/3661/3661 3660/3660/3660
f 3663/3663/3663 3662/3662/3662 3660/3660/3660
f 3666/3666/3666 3665/3665/3665 3664/3664/3664
f 3667/3667/3667 3666/3666/3666 3664/3664/3664
f 3670/3670/3670 3669/3669/3669 3668/3668/3668
f 3671/3671/3671 3670/3670/3670 3668/3668/3668
f 3674/3674/3674 3673/3673/3673 3672/3672/3672
f 3672/3672/3672 3675/3675/3675 3674/3674/3674
f 3672/3672/3672 3676/3676/3676 3675/3675/3675
f 3679/3679/3679 3678/3678/3678 3677/3677/3677
f 3678/3678/3678 3680/3680/3680 3677/3677/3677
f 3683/3683/3683 3682/3682/3682 3681/3681/3681
f 3684/3684/3684 3683/3683/3683 3681/3681/3681
f 3687/3687/3687 3686/3686/3686 3685/3685/3685
f 3688/3688/3688 3687/3687/3687 3685/3685/3685
f 3691/3691/3691 3690/3690/3690 3689/3689/3689
f 3689/3689/3689 3692/3692/3692 3691/3691/3691
f 3695/3695/3695 3694/3694/3694 3693/3693/3693
f 3693/3693/3693 3696/3696/3696 3695/3695/3695
f 3699/3699/3699 3698/3698/3698 3697/3697/3697
f 3697/3697/3697 3700/3700/3700 3699/3699/3699
f 3703/3703/3703 3702/3702/3702 3701/3701/3701
f 3704/3704/3704 3703/3703/3703 3701/3701/3701
f 3707/3707/3707 3706/3706/3706 3705/3705/3705
f 3707/3707/3707 3708/3708/3708 3706/3706/3706
f 3711/3711/3711 3710/3710/3710 3709/3709/3709
f 3709/3709/3709 3712/3712/3712 3711/3711/3711
f 3715/3715/3715 3714/3714/3714 3713/3713/3713
f 3716/3716/3716 3715/3715/3715 3713/3713/3713
f 3719/3719/3719 3718/3718/3718 3717/3717/3717
f 3720/3720/3720 3719/3719/3719 3717/3717/3717
f 3723/3723/3723 3722/3722/3722 3721/3721/3721
f 3723/3723/3723 3724/3724/3724 3722/3722/3722
f 3727/3727/3727 3726/3726/3726 3725/3725/3725
f 3728/3728/3728 3727/3727/3727 3725/3725/3725
f 3731/3731/3731 3730/3730/3730 3729/3729/3729
f 3732/3732/3732 3731/3731/3731 3729/3729/3729
f 3735/3735/3735 3734/3734/3734 3733/3733/3733
f 3733/3733/3733 3736/3736/3736 3735/3735/3735
f 3739/3739/3739 3738/3738/3738 3737/3737/3737
f 3737/3737/3737 3740/3740/3740 3739/3739/3739
f 3743/3743/3743 3742/3742/3742 3741/3741/3741
f 3743/3743/3743 3744/3744/3744 3742/3742/3742
f 3747/3747/3747 3746/3746/3746 3745/3745/3745
f 3748/3748/3748 3747/3747/3747 3745/3745/3745
f 3751/3751/3751 3750/3750/3750 3749/3749/3749
f 3750/3750/3750 3752/3752/3752 3749/3749/3749
f 3754/3754/3754 3749/3749/3749 3753/3753/3753
f 3753/3753/3753 3755/3755/3755 3754/3754/3754
f 3758/3758/3758 3757/3757/3757 3756/3756/3756
f 3758/3758/3758 3759/3759/3759 3757/3757/3757
f 3762/3762/3762 3761/3761/3761 3760/3760/3760
f 3763/3763/3763 3762/3762/3762 3760/3760/3760
f 3766/3766/3766 3765/3765/3765 3764/3764/3764
f 3767/3767/3767 3766/3766/3766 3764/3764/3764
f 3770/3770/3770 3769/3769/3769 3768/3768/3768
f 3771/3771/3771 3770/3770/3770 3768/3768/3768
f 3774/3774/3774 3773/3773/3773 3772/3772/3772
f 3775/3775/3775 3774/3774/3774 3772/3772/3772
f 3778/3778/3778 3777/3777/3777 3776/3776/3776
f 3776/3776/3776 3779/3779/3779 3778/3778/3778
f 3782/3782/3782 3781/3781/3781 3780/3780/3780
f 3781/3781/3781 3783/3783/3783 3780/3780/3780
f 3786/3786/3786 3785/3785/3785 3784/3784/3784
f 3784/3784/3784 3787/3787/3787 3786/3786/3786
f 3790/3790/3790 3789/3789/3789 3788/3788/3788
f 3789/3789/3789 3791/3791/3791 3788/3788/3788
f 3794/3794/3794 3793/3793/3793 3792/3792/3792
f 3795/3795/3795 3794/3794/3794 3792/3792/3792
f 3798/3798/3798 3797/3797/3797 3796/3796/3796
f 3799/3799/3799 3798/3798/3798 3796/3796/3796
f 3802/3802/3802 3801/3801/3801 3800/3800/3800
f 3803/3803/3803 3802/3802/3802 3800/3800/3800
f 3806/3806/3806 3805/3805/3805 3804/3804/3804
f 3807/3807/3807 3806/3806/3806 3804/3804/3804
f 3810/3810/3810 3809/3809/3809 3808/3808/3808
f 3811/3811/3811 3810/3810/3810 3808/3808/3808
f 3814/3814/3814 3813/3813/3813 3812/3812/3812
f 3812/3812/3812 3815/3815/3815 3814/3814/3814
f 3812/3812/3812 3816/3816/3816 3815/3815/3815
f 3816/3816/3816 3817/3817/3817 3815/3815/3815
f 3816/3816/3816 3818/3818/3818 3817/3817/3817
f 3821/3821/3821 3820/3820/3820 3819/3819/3819
f 3822/3822/3822 3821/3821/3821 3819/3819/3819
f 3825/3825/3825 3824/3824/3824 3823/3823/3823
f 3826/3826/3826 3825/3825/3825 3823/3823/3823
f 3829/3829/3829 3828/3828/3828 3827/3827/3827
f 3827/3827/3827 3828/3828/3828 3830/3830/3830
f 3829/3829/3829 3827/3827/3827 3831/3831/3831
f 3829/3829/3829 3831/3831/3831 3832/3832/3832
f 3832/3832/3832 3833/3833/3833 3829/3829/3829
f 3834/3834/3834 3827/3827/3827 3830/3830/3830
f 3835/3835/3835 3834/3834/3834 3830/3830/3830
f 3836/3836/3836 3835/3835/3835 3830/3830/3830
f 3836/3836/3836 3830/3830/3830 3837/3837/3837
f 3834/3834/3834 3835/3835/3835 3838/3838/3838
f 3839/3839/3839 3834/3834/3834 3838/3838/3838
f 3833/3833/3833 3839/3839/3839 3838/3838/3838
f 3833/3833/3833 3838/3838/3838 3840/3840/3840
f 3837/3837/3837 3841/3841/3841 3836/3836/3836
f 3833/3833/3833 3840/3840/3840 3841/3841/3841
f 3841/3841/3841 3837/3837/3837 3842/3842/3842
f 3842/3842/3842 3833/3833/3833 3841/3841/3841
f 3845/3845/3845 3844/3844/3844 3843/3843/3843
f 3845/3845/3845 3846/3846/3846 3844/3844/3844
f 3843/3843/3843 3847/3847/3847 3845/3845/3845
f 3846/3846/3846 3845/3845/3845 3848/3848/3848
f 3849/3849/3849 3846/3846/3846 3848/3848/3848
f 3847/3847/3847 3850/3850/3850 3845/3845/3845
f 3848/3848/3848 3851/3851/3851 3849/3849/3849
f 3851/3851/3851 3850/3850/3850 3852/3852/3852
f 3847/3847/3847 3852/3852/3852 3850/3850/3850
f 3851/3851/3851 3852/3852/3852 3853/3853/3853
f 3851/3851/3851 3853/3853/3853 3849/3849/3849
f 3847/3847/3847 3854/3854/3854 3852/3852/3852
f 3853/3853/3853 3855/3855/3855 3849/3849/3849
f 3854/3854/3854 3847/3847/3847 3856/3856/3856
f 3855/3855/3855 3856/3856/3856 3849/3849/3849
f 3856/3856/3856 3855/3855/3855 3854/3854/3854
f 3858/3858/3858 3857/3857/3857 2393/2393/2393
f 2393/2393/2393 3857/3857/3857 3859/3859/3859
f 3860/3860/3860 3858/3858/3858 2393/2393/2393
f 3858/3858/3858 3860/3860/3860 3861/3861/3861
f 3861/3861/3861 3862/3862/3862 3858/3858/3858
f 3863/3863/3863 3860/3860/3860 2393/2393/2393
f 2405/2405/2405 3862/3862/3862 3861/3861/3861
f 2405/2405/2405 3859/3859/3859 3862/3862/3862
f 2405/2405/2405 3861/3861/3861 3864/3864/3864
f 3859/3859/3859 2405/2405/2405 3865/3865/3865
f 2405/2405/2405 3864/3864/3864 3866/3866/3866
f 3859/3859/3859 2392/2392/2392 2393/2393/2393
f 3859/3859/3859 3865/3865/3865 2392/2392/2392
f 3865/3865/3865 3867/3867/3867 2392/2392/2392
f 2398/2398/2398 2392/2392/2392 3867/3867/3867
f 2398/2398/2398 3867/3867/3867 3868/3868/3868
f 3869/3869/3869 3863/3863/3863 2393/2393/2393
f 3869/3869/3869 2393/2393/2393 2394/2394/2394
f 3863/3863/3863 3869/3869/3869 3870/3870/3870
f 3870/3870/3870 3864/3864/3864 3863/3863/3863
f 3870/3870/3870 3871/3871/3871 3864/3864/3864
f 3866/3866/3866 3864/3864/3864 3871/3871/3871
f 2394/2394/2394 3872/3872/3872 3869/3869/3869
f 3866/3866/3866 3871/3871/3871 3873/3873/3873
f 3874/3874/3874 3872/3872/3872 2394/2394/2394
f 3873/3873/3873 3872/3872/3872 3874/3874/3874
f 3874/3874/3874 2394/2394/2394 3875/3875/3875
f 3873/3873/3873 3876/3876/3876 3866/3866/3866
f 3877/3877/3877 3876/3876/3876 3873/3873/3873
f 3874/3874/3874 3878/3878/3878 3873/3873/3873
f 3878/3878/3878 3877/3877/3877 3873/3873/3873
f 3877/3877/3877 3878/3878/3878 3879/3879/3879
f 3879/3879/3879 3880/3880/3880 3877/3877/3877
f 2405/2405/2405 3866/3866/3866 3880/3880/3880
f 2405/2405/2405 3880/3880/3880 3879/3879/3879
f 2405/2405/2405 3879/3879/3879 3881/3881/3881
f 3875/3875/3875 3882/3882/3882 3874/3874/3874
f 3882/3882/3882 3881/3881/3881 3874/3874/3874
f 2405/2405/2405 3882/3882/3882 3875/3875/3875
f 3881/3881/3881 3882/3882/3882 2405/2405/2405
f 2405/2405/2405 3883/3883/3883 3865/3865/3865
f 2398/2398/2398 3883/3883/3883 2405/2405/2405
f 3883/3883/3883 3884/3884/3884 3865/3865/3865
f 3884/3884/3884 3883/3883/3883 2398/2398/2398
f 3884/3884/3884 3885/3885/3885 3865/3865/3865
f 2398/2398/2398 3886/3886/3886 3884/3884/3884
f 2398/2398/2398 3887/3887/3887 3886/3886/3886
f 3888/3888/3888 3885/3885/3885 3887/3887/3887
f 3885/3885/3885 3888/3888/3888 3865/3865/3865
f 3887/3887/3887 3889/3889/3889 3888/3888/3888
f 2398/2398/2398 3889/3889/3889 3887/3887/3887
f 3888/3888/3888 3890/3890/3890 3865/3865/3865
f 2398/2398/2398 3891/3891/3891 3889/3889/3889
f 3892/3892/3892 3890/3890/3890 3891/3891/3891
f 3890/3890/3890 3892/3892/3892 3865/3865/3865
f 3891/3891/3891 3893/3893/3893 3892/3892/3892
f 2398/2398/2398 3893/3893/3893 3891/3891/3891
f 3892/3892/3892 3894/3894/3894 3865/3865/3865
f 2398/2398/2398 3895/3895/3895 3893/3893/3893
f 3894/3894/3894 3896/3896/3896 3865/3865/3865
f 3896/3896/3896 3894/3894/3894 3895/3895/3895
f 3896/3896/3896 3897/3897/3897 3865/3865/3865
f 3895/3895/3895 3898/3898/3898 3896/3896/3896
f 2398/2398/2398 3898/3898/3898 3895/3895/3895
f 3897/3897/3897 3899/3899/3899 3865/3865/3865
f 2398/2398/2398 3900/3900/3900 3898/3898/3898
f 3899/3899/3899 3897/3897/3897 3900/3900/3900
f 2398/2398/2398 3868/3868/3868 3900/3900/3900
f 3900/3900/3900 3868/3868/3868 3899/3899/3899
