cf45d6da9d6a4e129da721948b0b3a8a -769.144 177.607 44.667 345.000 60.000 270.000 1.000 1.000 1.000
8113a5ac6b5a41bfa740f148038703e0 -769.172 175.902 50.862 270.000 330.000 0.000 1.000 1.000 1.000
f463c0c6285544ac86845d98a07d73a9 -771.111 175.902 63.855 270.000 240.000 0.000 1.000 1.000 1.000
f463c0c6285544ac86845d98a07d73a9 -771.741 175.902 63.491 270.000 60.000 0.000 1.000 1.000 1.000
050dbe869b1c4fd5b215c552d145effd -777.168 175.902 56.050 270.000 240.000 0.000 1.000 1.000 1.000
050dbe869b1c4fd5b215c552d145effd -777.911 175.902 57.339 270.000 240.000 0.000 1.000 1.000 1.000
050dbe869b1c4fd5b215c552d145effd -779.380 175.902 59.882 270.000 240.000 0.000 1.000 1.000 1.000
050dbe869b1c4fd5b215c552d145effd -778.636 175.902 58.594 270.000 240.000 0.000 1.000 1.000 1.000
050dbe869b1c4fd5b215c552d145effd -776.480 175.902 54.859 270.000 240.000 0.000 1.000 1.000 1.000
050dbe869b1c4fd5b215c552d145effd -775.886 175.902 61.831 270.000 60.000 0.000 1.000 1.000 1.000
050dbe869b1c4fd5b215c552d145effd -775.198 175.902 60.639 270.000 60.000 0.000 1.000 1.000 1.000
050dbe869b1c4fd5b215c552d145effd -773.730 175.902 58.096 270.000 60.000 0.000 1.000 1.000 1.000
050dbe869b1c4fd5b215c552d145effd -772.986 175.902 56.807 270.000 60.000 0.000 1.000 1.000 1.000
0aeeefaf364f46f9906aff76c40c6d2b -774.454 175.902 59.351 270.000 60.000 0.000 1.000 1.000 1.000
156a673581474f6aa368ff6e08b8f25a -778.979 177.252 59.192 270.000 240.000 0.000 1.000 1.000 1.000
156a673581474f6aa368ff6e08b8f25a -776.825 177.252 55.462 270.000 240.000 0.000 1.000 1.000 1.000
f463c0c6285544ac86845d98a07d73a9 -768.774 175.902 59.808 270.000 240.000 0.000 1.000 1.000 1.000
f463c0c6285544ac86845d98a07d73a9 -769.404 175.902 59.444 270.000 60.000 0.000 1.000 1.000 1.000
76744b70db354aecb685e81b4d73698f -771.539 177.976 64.876 283.000 330.000 -0.000 1.000 1.000 1.000
366521728ff44c17a184f991a4c9cc27 -770.739 176.095 63.614 -0.000 0.000 0.000 1.000 1.000 1.000
4f2244b2de3c4af1bf8ca336b92172c6 -768.504 176.953 59.750 -0.000 330.000 0.000 1.000 1.000 1.000
c3231627118d41d3b6fc4032edb79c46 -768.991 177.163 58.405 282.000 150.000 0.000 1.000 1.000 1.000
6ca718d67ffc40f78f0a1ba4bbc1c403 -772.384 176.358 64.400 281.000 330.000 0.000 1.000 1.000 1.000
19ff8f2c79eb4b5a8d09ac8396ea8146 -771.361 177.161 62.440 283.000 150.000 0.000 1.000 1.000 1.000
d9b2708a3f10443aa6f25ebd5b1c9056 -769.839 177.749 59.868 -0.000 348.000 0.000 1.000 1.000 1.000
32d869a19d90495790277a94502c5aba -768.910 177.035 60.147 26.000 330.000 0.000 1.000 1.000 1.000
87806c2130bc4bd8b4f3276edf2222a6 -769.005 175.902 46.560 270.000 330.000 0.000 1.000 1.000 1.000
9215cb84c2a942d084fa1dffa0031949 -768.168 175.902 46.816 270.000 59.000 0.000 1.000 1.000 1.000
9215cb84c2a942d084fa1dffa0031949 -769.641 175.902 45.749 270.000 224.000 0.000 1.000 1.000 1.000
ee33081cead64df0b4bca9a8a1009686 -852.661 129.109 757.826 270.000 44.000 0.000 1.000 1.000 1.000
cf45d6da9d6a4e129da721948b0b3a8a -845.316 135.601 764.023 270.000 44.000 0.000 1.000 1.000 1.000
0f6b8d0dfc67493e807beff37ca4cc5e -846.411 137.128 765.315 270.000 44.000 0.000 1.000 1.000 1.000
7ef3c8fe72c5483dac2a960d3db45b39 -858.379 137.412 749.795 270.000 44.000 0.000 1.000 1.000 1.000
bd1554d0c8564890a852dd34932d16d3 -853.617 130.619 753.544 270.000 134.000 0.000 1.000 1.000 1.000
717ae274519f4f4fa760e6fbf4a3614b -848.117 129.109 757.027 270.000 -0.000 0.000 1.000 1.000 1.000
ab17cf24c2694dcbbe0934da6076ecc3 -859.737 134.774 750.667 270.000 45.000 0.000 1.000 1.000 1.000
ab17cf24c2694dcbbe0934da6076ecc3 -845.505 134.774 764.899 270.000 45.000 0.000 1.000 1.000 1.000
6fa77cb54d8d442dbd2bec933f21c138 -856.982 128.964 754.114 270.000 -0.000 0.000 1.000 1.000 1.000
6fa77cb54d8d442dbd2bec933f21c138 -856.022 129.129 755.582 270.000 254.000 0.000 1.000 1.000 1.000
6fa77cb54d8d442dbd2bec933f21c138 -847.755 129.105 761.420 270.000 86.000 0.000 1.000 1.000 1.000
129a3e9ed02944ac9784e83d244c031f -852.137 133.355 752.050 90.000 19.000 0.000 1.000 1.000 1.000
7ce113ae9f3345c5b30be33a602d4980 -856.148 129.129 755.367 270.000 38.000 0.000 1.000 1.000 1.000
cb6965c6613f4d42a5dc6dcf2ef17e2d -851.822 129.106 762.151 353.971 140.268 218.722 1.539 1.539 1.539
862a4ad08b0b4899b35ef82309e47919 -861.139 126.861 768.060 270.000 248.810 0.000 0.608 0.608 0.608
6603107d6a7f4712ac6d575264216c90 -737.293 102.397 -661.117 270.000 285.000 0.000 1.000 1.000 1.000
6603107d6a7f4712ac6d575264216c90 -664.649 102.397 -721.775 270.000 155.000 0.000 1.000 1.000 1.000
0e9877cb456a42dcb72272bd24850851 -737.107 102.397 -708.903 270.000 45.000 0.000 1.000 1.000 1.000
e0cb5fc3d4ef44e6a01fec03dcdf45da -729.329 102.397 -720.923 270.000 45.000 0.000 1.000 1.000 1.000
e0cb5fc3d4ef44e6a01fec03dcdf45da -725.086 102.397 -716.681 270.000 45.000 0.000 1.000 1.000 1.000
0e9877cb456a42dcb72272bd24850851 -717.308 102.397 -728.701 270.000 45.000 0.000 1.000 1.000 1.000
e73f9a6daf7f4852a60374999a0723a6 -676.545 102.397 -651.910 270.000 24.000 0.000 1.000 1.000 1.000
e9ce671e95c14e60a12cf755f25dce3f -673.943 102.397 -653.505 270.000 38.000 0.000 1.000 1.000 1.000
717ae274519f4f4fa760e6fbf4a3614b -642.826 102.397 -641.144 270.000 290.000 0.000 1.000 1.000 1.000
717ae274519f4f4fa760e6fbf4a3614b -646.146 102.397 -643.833 270.000 43.000 0.000 1.000 1.000 1.000
4ca1de6fdcc84b6bbc4a76c3ad394739 -644.943 102.700 -643.762 270.000 -0.000 0.000 1.000 1.000 1.000
4ca1de6fdcc84b6bbc4a76c3ad394739 -645.963 102.700 -644.586 270.000 -0.000 0.000 1.000 1.000 1.000
4ca1de6fdcc84b6bbc4a76c3ad394739 -646.784 102.700 -643.821 270.000 -0.000 0.000 1.000 1.000 1.000
4ca1de6fdcc84b6bbc4a76c3ad394739 -646.259 102.700 -642.687 270.000 -0.000 0.000 1.000 1.000 1.000
756faa5eea0b4df7b2602e1d77932057 -642.473 102.714 -642.175 270.000 -0.000 0.000 1.000 1.000 1.000
756faa5eea0b4df7b2602e1d77932057 -643.863 102.714 -641.384 270.000 -0.000 0.000 1.000 1.000 1.000
756faa5eea0b4df7b2602e1d77932057 -643.313 102.714 -640.014 270.000 -0.000 0.000 1.000 1.000 1.000
756faa5eea0b4df7b2602e1d77932057 -642.085 102.714 -640.876 270.000 -0.000 0.000 1.000 1.000 1.000
82352cf5ad914f4cb9293fe22aec07ee -658.718 103.350 -650.485 270.000 -0.000 0.000 1.000 1.000 1.000
82352cf5ad914f4cb9293fe22aec07ee -656.665 103.242 -652.058 -0.000 270.000 90.000 1.000 1.000 1.000
82352cf5ad914f4cb9293fe22aec07ee -655.782 103.350 -649.565 270.000 158.000 0.000 1.000 1.000 1.000
61e43d05791d4269b626de9bedbf0a03 -673.620 102.897 -653.666 270.000 137.000 0.000 1.000 1.000 1.000
a19b3ec55a2046668611c9d2775efd99 -674.417 102.897 -653.024 270.000 126.000 0.000 1.000 1.000 1.000
a19b3ec55a2046668611c9d2775efd99 -678.897 102.397 -651.742 270.000 162.000 0.000 1.000 1.000 1.000
daa453b1ed27491ea396a67fb2c0503f -671.891 105.408 -653.327 270.000 30.000 0.000 1.000 1.000 1.000
daa453b1ed27491ea396a67fb2c0503f -710.252 105.378 -669.912 270.000 285.000 0.000 1.000 1.000 1.000
daa453b1ed27491ea396a67fb2c0503f -675.259 105.330 -695.401 270.000 165.000 0.000 1.000 1.000 1.000
ea16c67ebb4a49f2bb9c7c6a3282724e -706.057 102.346 -667.527 357.543 144.963 175.722 1.000 1.000 1.000
ea16c67ebb4a49f2bb9c7c6a3282724e -678.150 102.209 -695.622 276.400 274.566 321.259 1.000 1.000 1.000
aa7fd5bc5e634a0c846770a28ff6cd65 -673.714 105.632 -641.478 270.000 64.000 0.000 1.000 1.000 1.000
4f2b60ecae204b899eec282891a79e05 -672.857 102.395 -643.235 270.000 244.000 0.000 1.000 1.000 1.000
4f2b60ecae204b899eec282891a79e05 -733.135 102.390 -736.333 270.000 45.000 0.000 1.000 1.000 1.000
d010fb4c4feb4f8fab81f1a5695617ba -730.307 102.390 -739.161 270.000 45.000 0.000 1.000 1.000 1.000
4f2b60ecae204b899eec282891a79e05 -747.278 102.390 -722.191 270.000 45.000 0.000 1.000 1.000 1.000
d010fb4c4feb4f8fab81f1a5695617ba -744.449 102.390 -725.019 270.000 225.000 0.000 1.000 1.000 1.000
4f2b60ecae204b899eec282891a79e05 -754.349 102.390 -715.120 270.000 225.000 0.000 1.000 1.000 1.000
d010fb4c4feb4f8fab81f1a5695617ba -751.520 102.390 -717.948 270.000 45.000 0.000 1.000 1.000 1.000
4f2b60ecae204b899eec282891a79e05 -723.257 102.390 -746.211 270.000 45.000 0.000 1.000 1.000 1.000
aa7fd5bc5e634a0c846770a28ff6cd65 -726.085 102.390 -743.383 270.000 225.000 0.000 1.000 1.000 1.000
4f2b60ecae204b899eec282891a79e05 -739.242 102.390 -734.260 270.000 42.000 0.000 1.000 1.000 1.000
aa7fd5bc5e634a0c846770a28ff6cd65 -740.051 102.390 -729.122 270.000 51.000 0.000 1.000 1.000 1.000
7ef3c8fe72c5483dac2a960d3db45b39 -710.454 104.714 -669.015 270.000 287.000 0.000 1.000 1.000 1.000
0f6b8d0dfc67493e807beff37ca4cc5e -675.706 104.703 -696.109 270.000 330.000 0.000 1.000 1.000 1.000
0f6b8d0dfc67493e807beff37ca4cc5e -669.387 104.651 -654.303 270.000 30.000 0.000 1.000 1.000 1.000
96b3eaf77486491f806384df0b7410e4 -731.753 105.628 -737.716 270.000 45.000 0.000 1.000 1.000 1.000
96b3eaf77486491f806384df0b7410e4 -745.895 105.628 -723.573 270.000 225.000 0.000 1.000 1.000 1.000
4d6caaac51934b9aac9d3a045b7caaf2 -752.966 105.628 -716.502 270.000 45.000 0.000 1.000 1.000 1.000
b41e66f0964e4824ae8f0edb3bfa2f7b -724.640 105.628 -744.829 270.000 45.000 0.000 1.000 1.000 1.000
4d6caaac51934b9aac9d3a045b7caaf2 -744.772 103.996 -734.686 297.000 251.000 180.000 1.000 1.000 1.000
6603107d6a7f4712ac6d575264216c90 -656.397 102.397 -629.497 270.000 30.000 0.000 1.000 1.000 1.000
99f2fd1d347f4fe1be6bcec3b019bbba -732.837 102.397 -609.086 270.000 285.000 0.000 1.000 1.000 1.000
401e37524a134407b7e7119e3d54e3b5 -725.656 102.397 -588.839 270.000 330.000 0.000 1.000 1.000 1.000
b55c500ae0cd4b40904bf75578173812 -726.015 119.507 -588.217 270.000 330.000 0.000 1.000 1.000 1.000
b55c500ae0cd4b40904bf75578173812 -726.015 113.507 -588.217 270.000 330.000 0.000 1.000 1.000 1.000
b55c500ae0cd4b40904bf75578173812 -726.015 101.507 -588.217 270.000 330.000 0.000 1.000 1.000 1.000
b55c500ae0cd4b40904bf75578173812 -726.015 107.507 -588.217 270.000 330.000 0.000 1.000 1.000 1.000
99f2fd1d347f4fe1be6bcec3b019bbba -700.031 102.397 -593.969 270.000 285.000 0.000 1.000 1.000 1.000
99f2fd1d347f4fe1be6bcec3b019bbba -713.867 102.397 -565.333 270.000 285.000 0.000 1.000 1.000 1.000
99f2fd1d347f4fe1be6bcec3b019bbba -746.673 102.397 -580.450 270.000 285.000 0.000 1.000 1.000 1.000
90e706f660424c3c84df919683d5bdb3 -675.994 102.233 -624.148 270.000 15.000 0.000 1.000 1.000 1.000
717ae274519f4f4fa760e6fbf4a3614b -671.984 102.397 -615.861 270.000 239.000 0.000 1.000 1.000 1.000
aacd164d8e4041aab78179c7886f4461 -672.253 102.727 -616.645 270.000 -0.000 0.000 1.000 1.000 1.000
aacd164d8e4041aab78179c7886f4461 -673.025 102.727 -615.503 270.000 -0.000 0.000 1.000 1.000 1.000
aacd164d8e4041aab78179c7886f4461 -671.847 102.727 -614.863 270.000 -0.000 0.000 1.000 1.000 1.000
aacd164d8e4041aab78179c7886f4461 -670.858 102.727 -616.090 270.000 -0.000 0.000 1.000 1.000 1.000
cb0d8bf87fca47e3b73f634959a9f523 -658.651 102.397 -620.637 270.000 314.000 0.000 1.000 1.000 1.000
cb0d8bf87fca47e3b73f634959a9f523 -657.584 102.397 -621.743 270.000 337.000 0.000 1.000 1.000 1.000
cb0d8bf87fca47e3b73f634959a9f523 -656.599 102.397 -620.064 270.000 299.000 0.000 1.000 1.000 1.000
054a9392fed9484e950ff92d13631f06 -656.547 102.397 -626.596 270.000 -0.000 0.000 1.000 1.000 1.000
054a9392fed9484e950ff92d13631f06 -654.409 102.397 -626.736 270.000 7.000 0.000 1.000 1.000 1.000
054a9392fed9484e950ff92d13631f06 -654.467 102.397 -628.906 270.000 358.000 0.000 1.000 1.000 1.000
054a9392fed9484e950ff92d13631f06 -656.582 102.397 -628.906 270.000 1.000 0.000 1.000 1.000 1.000
63d50ff7268240eab2c3c18919079226 -649.695 103.329 -610.160 270.000 30.000 0.000 1.000 1.000 1.000
63d50ff7268240eab2c3c18919079226 -647.866 103.329 -611.216 270.000 30.000 0.000 1.000 1.000 1.000
63d50ff7268240eab2c3c18919079226 -646.107 103.329 -612.232 270.000 30.000 0.000 1.000 1.000 1.000
63d50ff7268240eab2c3c18919079226 -647.006 105.029 -611.712 270.000 30.000 0.000 1.000 1.000 1.000
63d50ff7268240eab2c3c18919079226 -648.759 105.029 -610.700 270.000 30.000 0.000 1.000 1.000 1.000
63d50ff7268240eab2c3c18919079226 -654.697 103.329 -611.679 270.000 341.000 0.000 1.000 1.000 1.000
82352cf5ad914f4cb9293fe22aec07ee -650.072 103.235 -621.075 -0.000 90.000 270.000 1.000 1.000 1.000
61e43d05791d4269b626de9bedbf0a03 -640.398 102.397 -625.734 270.000 315.000 0.000 1.000 1.000 1.000
d010fb4c4feb4f8fab81f1a5695617ba -674.610 102.395 -639.640 270.000 244.000 0.000 1.000 1.000 1.000
0f6b8d0dfc67493e807beff37ca4cc5e -725.920 122.103 -588.390 270.000 332.000 0.000 1.000 1.000 1.000
40b5030520d447c5936d308281b114cc -731.792 172.138 49.389 270.000 75.000 0.000 1.000 1.000 1.000
320ee05544254c2699e2e5aaec94a5d5 -734.583 175.967 48.641 270.000 345.000 0.000 1.000 1.000 1.000
7e41f4e2d61b42a6a336abe0af612e88 -688.325 165.234 61.036 270.000 75.000 0.000 1.000 1.000 1.000
7e41f4e2d61b42a6a336abe0af612e88 -644.858 154.148 72.682 270.000 75.000 0.000 1.000 1.000 1.000
320ee05544254c2699e2e5aaec94a5d5 -709.744 175.244 58.255 270.000 75.000 0.000 1.000 1.000 1.000
320ee05544254c2699e2e5aaec94a5d5 -666.782 164.077 63.827 270.000 255.000 0.000 1.000 1.000 1.000
191e013d4c264ca9958e06aadcc4c3d6 -727.104 175.375 70.104 270.000 244.000 0.000 1.000 1.000 1.000
191e013d4c264ca9958e06aadcc4c3d6 -730.859 175.151 28.899 270.000 302.000 0.000 1.000 1.000 1.000
3262019d00d34eb0b85eba6b9d349cb5 -767.111 175.902 56.801 270.000 330.000 0.000 1.000 1.000 1.000
fdfdd8af09954fc4b48471b70822ff96 -754.772 175.902 50.720 270.000 285.000 0.000 1.000 1.000 1.000
fdfdd8af09954fc4b48471b70822ff96 -753.392 175.902 55.873 270.000 285.000 0.000 1.000 1.000 1.000
449513fcccb0441abbc8ac47ca0e4440 -753.764 177.089 55.937 270.000 8.000 0.000 1.000 1.000 1.000
8548fc360c554b399e98cde4d40eca5d -761.105 177.290 65.232 270.000 60.000 0.000 1.000 1.000 1.000
0f6b8d0dfc67493e807beff37ca4cc5e -760.685 178.237 54.300 270.000 285.000 0.000 1.000 1.000 1.000
7ef3c8fe72c5483dac2a960d3db45b39 -762.209 179.242 67.552 270.000 60.000 0.000 1.000 1.000 1.000
73fa45a827954cf0a765cd1ab24a29e7 -704.750 169.740 78.054 270.000 60.000 0.000 1.000 1.000 1.000
73fa45a827954cf0a765cd1ab24a29e7 -707.250 169.740 82.384 270.000 60.000 0.000 1.000 1.000 1.000
73fa45a827954cf0a765cd1ab24a29e7 -678.842 155.632 110.227 270.000 64.000 0.000 1.000 1.000 1.000
73fa45a827954cf0a765cd1ab24a29e7 -676.651 155.632 105.733 270.000 64.000 0.000 1.000 1.000 1.000
73fa45a827954cf0a765cd1ab24a29e7 -700.035 169.246 36.635 270.000 89.000 0.000 1.000 1.000 1.000
73fa45a827954cf0a765cd1ab24a29e7 -700.122 169.246 41.634 270.000 89.000 0.000 1.000 1.000 1.000
73fa45a827954cf0a765cd1ab24a29e7 -670.351 160.516 38.510 270.000 89.000 0.000 1.000 1.000 1.000
73fa45a827954cf0a765cd1ab24a29e7 -670.438 160.516 43.509 270.000 89.000 0.000 1.000 1.000 1.000
73fa45a827954cf0a765cd1ab24a29e7 -641.640 153.921 42.873 270.000 89.000 0.000 1.000 1.000 1.000
73fa45a827954cf0a765cd1ab24a29e7 -641.727 153.921 47.872 270.000 89.000 0.000 1.000 1.000 1.000
d412f1a6b4c9404a88de772651615e4b -764.206 175.902 67.281 270.000 15.000 0.000 1.000 1.000 1.000
d412f1a6b4c9404a88de772651615e4b -761.378 175.902 62.382 270.000 105.000 0.000 1.000 1.000 1.000
8113a5ac6b5a41bfa740f148038703e0 -764.375 175.902 63.918 270.000 240.000 0.000 1.000 1.000 1.000
b06ca473809a47a1bb47e72bedd0e421 -761.066 175.902 57.518 270.000 -0.000 0.000 1.000 1.000 1.000
b06ca473809a47a1bb47e72bedd0e421 -762.205 175.902 53.005 270.000 -0.000 0.000 1.000 1.000 1.000
87806c2130bc4bd8b4f3276edf2222a6 -765.541 175.902 48.560 270.000 330.000 0.000 1.000 1.000 1.000
d412f1a6b4c9404a88de772651615e4b -764.574 175.902 60.524 270.000 195.000 0.000 1.000 1.000 1.000
d412f1a6b4c9404a88de772651615e4b -767.402 175.902 65.423 270.000 285.000 0.000 1.000 1.000 1.000
9215cb84c2a942d084fa1dffa0031949 -764.752 175.902 48.933 270.000 52.000 0.000 1.000 1.000 1.000
9215cb84c2a942d084fa1dffa0031949 -766.199 175.902 47.876 270.000 237.000 0.000 1.000 1.000 1.000
7a7212d2746742fa8141682e965f84cc -761.182 179.247 65.800 -0.000 60.000 270.000 1.000 1.000 1.000
7a7212d2746742fa8141682e965f84cc -766.327 179.247 46.046 -0.000 150.000 270.000 1.000 1.000 1.000
1350d3d3994e491a8895556f30b8ac83 -590.687 102.397 -697.174 270.000 255.000 0.000 1.000 1.000 1.000
3c0661e4eac54dbfa0cfe41f5f95074a -597.938 103.327 -664.538 270.000 8.000 0.000 1.000 1.000 1.000
3c0661e4eac54dbfa0cfe41f5f95074a -602.809 103.327 -699.198 270.000 8.000 0.000 1.000 1.000 1.000
d4dea3aa823a4244be941b4b114e157d -617.743 102.385 -661.755 270.000 8.000 0.000 1.000 1.000 1.000
d4dea3aa823a4244be941b4b114e157d -613.782 102.385 -662.311 270.000 8.000 0.000 1.000 1.000 1.000
d4dea3aa823a4244be941b4b114e157d -617.186 102.385 -657.794 270.000 8.000 0.000 1.000 1.000 1.000
d4dea3aa823a4244be941b4b114e157d -613.225 102.385 -658.350 270.000 8.000 0.000 1.000 1.000 1.000
d4dea3aa823a4244be941b4b114e157d -618.300 102.385 -665.716 270.000 8.000 0.000 1.000 1.000 1.000
d4dea3aa823a4244be941b4b114e157d -614.339 102.385 -666.272 270.000 8.000 0.000 1.000 1.000 1.000
b2ff709de7a54b09a11a1b3b344e88e5 -612.831 102.385 -656.124 270.000 8.000 0.000 1.000 1.000 1.000
b2ff709de7a54b09a11a1b3b344e88e5 -616.985 102.385 -655.540 270.000 8.000 0.000 1.000 1.000 1.000
b2ff709de7a54b09a11a1b3b344e88e5 -619.969 102.385 -661.501 270.000 278.000 0.000 1.000 1.000 1.000
b2ff709de7a54b09a11a1b3b344e88e5 -619.385 102.385 -657.348 270.000 278.000 0.000 1.000 1.000 1.000
b2ff709de7a54b09a11a1b3b344e88e5 -620.551 102.385 -665.639 270.000 278.000 0.000 1.000 1.000 1.000
b2ff709de7a54b09a11a1b3b344e88e5 -611.034 102.385 -658.482 270.000 98.000 0.000 1.000 1.000 1.000
b2ff709de7a54b09a11a1b3b344e88e5 -612.199 102.385 -666.773 270.000 98.000 0.000 1.000 1.000 1.000
b2ff709de7a54b09a11a1b3b344e88e5 -611.615 102.385 -662.619 270.000 98.000 0.000 1.000 1.000 1.000
b2ff709de7a54b09a11a1b3b344e88e5 -614.599 102.385 -668.580 270.000 188.002 0.000 1.000 1.000 1.000
b2ff709de7a54b09a11a1b3b344e88e5 -618.753 102.385 -667.997 270.000 188.002 0.000 1.000 1.000 1.000
d052b477b5bc4b2e8ec64effa1f8776e -615.619 102.385 -661.068 270.000 278.000 0.000 1.000 1.000 1.000
5c5d591a49c948a4a812b662b48e87f3 -601.375 103.327 -668.343 270.000 278.000 0.000 1.000 1.000 1.000
c09e13f5e43647e79692469b5a9ed4ed -601.236 103.327 -667.353 270.000 8.000 0.000 1.000 1.000 1.000
f16f2c63e5e1484ab4125af2535e5d6d -601.375 104.473 -668.343 270.000 188.002 0.000 1.000 1.000 1.000
0fcf5364097e4a199d419a9cf2a60dd7 -600.206 103.327 -668.508 270.000 188.002 0.000 1.000 1.000 1.000
c09e13f5e43647e79692469b5a9ed4ed -600.305 103.327 -661.099 270.000 188.002 0.000 1.000 1.000 1.000
5c5d591a49c948a4a812b662b48e87f3 -600.166 103.327 -660.109 270.000 98.000 0.000 1.000 1.000 1.000
f16f2c63e5e1484ab4125af2535e5d6d -600.166 104.473 -660.109 270.000 8.000 0.000 1.000 1.000 1.000
0fcf5364097e4a199d419a9cf2a60dd7 -601.335 103.327 -659.944 270.000 8.000 0.000 1.000 1.000 1.000
c09e13f5e43647e79692469b5a9ed4ed -595.641 103.327 -668.139 270.000 8.000 0.000 1.000 1.000 1.000
5c5d591a49c948a4a812b662b48e87f3 -595.780 103.327 -669.129 270.000 278.000 0.000 1.000 1.000 1.000
f16f2c63e5e1484ab4125af2535e5d6d -595.780 104.473 -669.129 270.000 188.002 0.000 1.000 1.000 1.000
0fcf5364097e4a199d419a9cf2a60dd7 -594.611 103.327 -669.294 270.000 188.002 0.000 1.000 1.000 1.000
c09e13f5e43647e79692469b5a9ed4ed -594.710 103.327 -661.885 270.000 188.002 0.000 1.000 1.000 1.000
f16f2c63e5e1484ab4125af2535e5d6d -594.571 104.473 -660.895 270.000 8.000 0.000 1.000 1.000 1.000
5c5d591a49c948a4a812b662b48e87f3 -594.571 103.327 -660.895 270.000 98.000 0.000 1.000 1.000 1.000
0fcf5364097e4a199d419a9cf2a60dd7 -595.740 103.327 -660.730 270.000 8.000 0.000 1.000 1.000 1.000
02923364713c4385a2bdaa7221d717ae -606.785 103.327 -700.148 270.000 278.000 0.000 1.000 1.000 1.000
02923364713c4385a2bdaa7221d717ae -606.372 103.327 -697.208 270.000 278.000 0.000 1.000 1.000 1.000
02923364713c4385a2bdaa7221d717ae -605.769 103.327 -692.912 270.000 278.000 0.000 1.000 1.000 1.000
02923364713c4385a2bdaa7221d717ae -605.965 103.327 -694.307 270.000 278.000 0.000 1.000 1.000 1.000
02923364713c4385a2bdaa7221d717ae -606.166 103.327 -695.739 270.000 278.000 0.000 1.000 1.000 1.000
02923364713c4385a2bdaa7221d717ae -606.987 103.327 -701.581 270.000 278.000 0.000 1.000 1.000 1.000
02923364713c4385a2bdaa7221d717ae -607.192 103.327 -703.041 270.000 278.000 0.000 1.000 1.000 1.000
02923364713c4385a2bdaa7221d717ae -607.387 103.327 -704.426 270.000 278.000 0.000 1.000 1.000 1.000
e4f33bd5aafb4204904ea375c00de967 -606.577 103.327 -698.668 270.000 278.000 0.000 1.000 1.000 1.000
e4f33bd5aafb4204904ea375c00de967 -598.979 103.327 -699.759 270.000 98.000 0.000 1.000 1.000 1.000
02923364713c4385a2bdaa7221d717ae -599.788 103.327 -705.514 270.000 98.000 0.000 1.000 1.000 1.000
02923364713c4385a2bdaa7221d717ae -599.592 103.327 -704.119 270.000 98.000 0.000 1.000 1.000 1.000
02923364713c4385a2bdaa7221d717ae -599.391 103.327 -702.688 270.000 98.000 0.000 1.000 1.000 1.000
02923364713c4385a2bdaa7221d717ae -599.184 103.327 -701.218 270.000 98.000 0.000 1.000 1.000 1.000
02923364713c4385a2bdaa7221d717ae -598.771 103.327 -698.279 270.000 98.000 0.000 1.000 1.000 1.000
02923364713c4385a2bdaa7221d717ae -598.570 103.327 -696.846 270.000 98.000 0.000 1.000 1.000 1.000
02923364713c4385a2bdaa7221d717ae -598.365 103.327 -695.386 270.000 98.000 0.000 1.000 1.000 1.000
02923364713c4385a2bdaa7221d717ae -598.170 103.327 -694.000 270.000 98.000 0.000 1.000 1.000 1.000
2c7cff9158b445b2a7ac437a3ac38806 -599.003 106.081 -693.228 270.000 8.000 0.000 1.000 1.000 1.000
15e37c81815d49659d9e88c5ae449045 -605.678 104.677 -693.347 270.000 291.000 0.000 1.000 1.000 1.000
15e37c81815d49659d9e88c5ae449045 -605.791 104.677 -694.935 270.000 259.000 0.000 1.000 1.000 1.000
6dfee3a2c4a1420b8ba38f4688f1ec90 -606.855 104.677 -702.069 270.000 288.000 0.000 1.000 1.000 1.000
d08ea4578da7406a984a36368388b997 -599.503 104.677 -701.604 270.000 94.000 0.000 1.000 1.000 1.000
6ca29393aa7241348bf098dc4fbd7d18 -598.393 104.069 -695.587 270.000 98.000 0.000 1.000 1.000 1.000
6ca29393aa7241348bf098dc4fbd7d18 -598.532 104.069 -696.578 270.000 98.000 0.000 1.000 1.000 1.000
6ca29393aa7241348bf098dc4fbd7d18 -598.671 104.069 -697.568 270.000 98.000 0.000 1.000 1.000 1.000
6ca29393aa7241348bf098dc4fbd7d18 -598.254 104.069 -694.597 270.000 98.000 0.000 1.000 1.000 1.000
6fb78536e8cb4b01b6050a2efb3d912c -599.645 104.677 -704.226 270.000 102.000 0.000 1.000 1.000 1.000
02923364713c4385a2bdaa7221d717ae -624.197 103.327 -694.703 270.000 278.000 0.000 1.000 1.000 1.000
02923364713c4385a2bdaa7221d717ae -623.593 103.327 -690.407 270.000 278.000 0.000 1.000 1.000 1.000
02923364713c4385a2bdaa7221d717ae -623.789 103.327 -691.802 270.000 278.000 0.000 1.000 1.000 1.000
02923364713c4385a2bdaa7221d717ae -623.991 103.327 -693.233 270.000 278.000 0.000 1.000 1.000 1.000
e4f33bd5aafb4204904ea375c00de967 -624.402 103.327 -696.163 270.000 278.000 0.000 1.000 1.000 1.000
15e37c81815d49659d9e88c5ae449045 -623.882 104.677 -693.928 270.000 273.000 0.000 1.000 1.000 1.000
15e37c81815d49659d9e88c5ae449045 -616.057 104.677 -692.025 270.000 79.000 0.000 1.000 1.000 1.000
02923364713c4385a2bdaa7221d717ae -624.610 103.327 -697.642 270.000 278.000 0.000 1.000 1.000 1.000
02923364713c4385a2bdaa7221d717ae -624.812 103.327 -699.076 270.000 278.000 0.000 1.000 1.000 1.000
6dfee3a2c4a1420b8ba38f4688f1ec90 -616.361 104.677 -693.451 270.000 97.000 0.000 1.000 1.000 1.000
02923364713c4385a2bdaa7221d717ae -625.017 103.327 -700.535 270.000 278.000 0.000 1.000 1.000 1.000
02923364713c4385a2bdaa7221d717ae -625.212 103.327 -701.921 270.000 278.000 0.000 1.000 1.000 1.000
e4f33bd5aafb4204904ea375c00de967 -616.804 103.327 -697.254 270.000 98.000 0.000 1.000 1.000 1.000
02923364713c4385a2bdaa7221d717ae -617.613 103.327 -703.009 270.000 98.000 0.000 1.000 1.000 1.000
02923364713c4385a2bdaa7221d717ae -617.417 103.327 -701.614 270.000 98.000 0.000 1.000 1.000 1.000
02923364713c4385a2bdaa7221d717ae -617.216 103.327 -700.183 270.000 98.000 0.000 1.000 1.000 1.000
02923364713c4385a2bdaa7221d717ae -617.009 103.327 -698.713 270.000 98.000 0.000 1.000 1.000 1.000
02923364713c4385a2bdaa7221d717ae -616.596 103.327 -695.774 270.000 98.000 0.000 1.000 1.000 1.000
02923364713c4385a2bdaa7221d717ae -616.395 103.327 -694.341 270.000 98.000 0.000 1.000 1.000 1.000
02923364713c4385a2bdaa7221d717ae -616.190 103.327 -692.881 270.000 98.000 0.000 1.000 1.000 1.000
02923364713c4385a2bdaa7221d717ae -615.995 103.327 -691.495 270.000 98.000 0.000 1.000 1.000 1.000
2c7cff9158b445b2a7ac437a3ac38806 -618.623 106.081 -703.493 270.000 188.002 0.000 1.000 1.000 1.000
d08ea4578da7406a984a36368388b997 -616.696 104.677 -695.014 270.000 117.000 0.000 1.000 1.000 1.000
6ca29393aa7241348bf098dc4fbd7d18 -617.252 104.069 -700.441 270.000 98.000 0.000 1.000 1.000 1.000
6ca29393aa7241348bf098dc4fbd7d18 -617.391 104.069 -701.432 270.000 98.000 0.000 1.000 1.000 1.000
6ca29393aa7241348bf098dc4fbd7d18 -617.530 104.069 -702.422 270.000 98.000 0.000 1.000 1.000 1.000
6ca29393aa7241348bf098dc4fbd7d18 -617.113 104.069 -699.451 270.000 98.000 0.000 1.000 1.000 1.000
d08ea4578da7406a984a36368388b997 -616.433 104.677 -694.501 270.000 99.000 0.000 1.000 1.000 1.000
15e37c81815d49659d9e88c5ae449045 -624.915 104.677 -700.452 270.000 279.000 0.000 1.000 1.000 1.000
15e37c81815d49659d9e88c5ae449045 -624.725 104.677 -699.250 270.000 279.000 0.000 1.000 1.000 1.000
cf45d6da9d6a4e129da721948b0b3a8a -593.357 104.861 -665.166 296.000 8.000 270.000 1.000 1.000 1.000
8548fc360c554b399e98cde4d40eca5d -607.373 106.271 -698.838 31.000 8.000 270.000 1.000 1.000 1.000
8548fc360c554b399e98cde4d40eca5d -624.677 106.443 -692.072 58.000 188.001 90.000 1.000 1.000 1.000
0f6b8d0dfc67493e807beff37ca4cc5e -619.037 105.741 -690.135 270.000 8.000 0.000 1.000 1.000 1.000
7ef3c8fe72c5483dac2a960d3db45b39 -604.702 105.586 -705.664 270.000 9.000 0.000 1.000 1.000 1.000
7ef3c8fe72c5483dac2a960d3db45b39 -597.568 105.589 -657.879 270.000 8.000 0.000 1.000 1.000 1.000
8548fc360c554b399e98cde4d40eca5d -607.373 106.271 -698.838 31.000 8.000 270.000 1.000 1.000 1.000
b724204740624efb8532c20b322c2c74 -607.071 104.677 -703.014 270.000 262.000 0.000 1.000 1.000 1.000
710a910133124d7da197903a698b8c04 -606.443 103.452 -697.256 270.000 -0.000 0.000 1.000 1.000 1.000
ec38f2feb1c24897b5ed254474af7f25 -604.865 104.780 -691.794 -0.000 8.000 0.000 1.000 1.000 1.000
3c0661e4eac54dbfa0cfe41f5f95074a -620.634 103.327 -696.693 270.000 8.000 0.000 1.000 1.000 1.000
ec38f2feb1c24897b5ed254474af7f25 -622.829 104.780 -689.270 -0.000 8.000 0.000 1.000 1.000 1.000
ec38f2feb1c24897b5ed254474af7f25 -595.871 104.780 -671.925 -0.000 188.000 0.000 1.000 1.000 1.000
d6b9b42d15d64370aef38df79c8c56ac -636.884 102.397 -627.518 270.000 352.000 0.000 1.000 1.000 1.000
61e43d05791d4269b626de9bedbf0a03 -638.387 102.647 -628.375 270.000 315.000 0.000 1.000 1.000 1.000
a19b3ec55a2046668611c9d2775efd99 -635.115 102.647 -627.727 270.000 -0.000 0.000 1.000 1.000 1.000
a19b3ec55a2046668611c9d2775efd99 -636.258 102.647 -626.888 270.000 259.000 0.000 1.000 1.000 1.000
7e41f4e2d61b42a6a336abe0af612e88 -601.392 144.566 84.329 270.000 75.000 0.000 1.000 1.000 1.000
7e41f4e2d61b42a6a336abe0af612e88 -557.925 133.767 95.976 288.798 211.198 194.393 1.000 1.000 1.000
7e41f4e2d61b42a6a336abe0af612e88 -514.458 123.278 107.623 270.000 75.000 0.000 1.000 1.000 1.000
df1f31c65c5a4665a3fad0f2c9a62360 -557.853 133.398 100.534 300.436 122.125 259.307 1.000 1.000 1.000
054a9392fed9484e950ff92d13631f06 -553.307 131.922 104.902 306.760 280.844 51.553 1.000 1.000 1.000
054a9392fed9484e950ff92d13631f06 -557.217 133.008 103.133 310.195 152.547 173.294 1.000 1.000 1.000
1844f8668ac841cb8028e65af96f23e3 -558.106 133.531 97.440 281.000 90.000 270.000 1.000 1.000 1.000
1844f8668ac841cb8028e65af96f23e3 -558.777 133.906 103.035 282.000 90.000 179.000 1.000 1.000 1.000
1844f8668ac841cb8028e65af96f23e3 -554.660 132.617 105.233 273.998 159.001 359.000 1.000 1.000 1.000
1844f8668ac841cb8028e65af96f23e3 -557.317 133.203 100.117 297.079 55.578 233.158 1.000 1.000 1.000
19c615f4814e4faa8535b2aac4d40481 -557.817 133.677 94.766 289.000 90.000 270.000 1.000 1.000 1.000
19c615f4814e4faa8535b2aac4d40481 -553.997 132.819 102.382 286.000 90.000 140.000 1.000 1.000 1.000
320ee05544254c2699e2e5aaec94a5d5 -535.255 131.696 105.439 286.908 197.367 224.367 1.000 1.000 1.000
320ee05544254c2699e2e5aaec94a5d5 -625.362 152.621 80.865 270.000 75.000 0.000 1.000 1.000 1.000
320ee05544254c2699e2e5aaec94a5d5 -580.160 144.199 86.749 283.052 47.593 212.832 1.000 1.000 1.000
73fa45a827954cf0a765cd1ab24a29e7 -639.626 147.660 120.158 270.000 68.000 0.000 1.000 1.000 1.000
73fa45a827954cf0a765cd1ab24a29e7 -637.753 147.660 115.522 270.000 68.000 0.000 1.000 1.000 1.000
73fa45a827954cf0a765cd1ab24a29e7 -565.137 137.648 125.244 270.000 113.000 0.000 1.000 1.000 1.000
73fa45a827954cf0a765cd1ab24a29e7 -567.091 137.648 120.642 270.000 113.000 0.000 1.000 1.000 1.000
73fa45a827954cf0a765cd1ab24a29e7 -534.673 129.886 120.091 270.000 86.000 0.000 1.000 1.000 1.000
73fa45a827954cf0a765cd1ab24a29e7 -535.022 129.886 125.078 270.000 86.000 0.000 1.000 1.000 1.000
73fa45a827954cf0a765cd1ab24a29e7 -615.218 149.323 40.102 270.000 101.000 0.000 1.000 1.000 1.000
73fa45a827954cf0a765cd1ab24a29e7 -614.264 149.323 45.010 270.000 101.000 0.000 1.000 1.000 1.000
73fa45a827954cf0a765cd1ab24a29e7 -586.020 145.444 40.509 270.000 96.000 0.000 1.000 1.000 1.000
73fa45a827954cf0a765cd1ab24a29e7 -585.497 145.444 45.482 270.000 96.000 0.000 1.000 1.000 1.000
73fa45a827954cf0a765cd1ab24a29e7 -542.035 136.346 40.365 270.000 86.000 0.000 1.000 1.000 1.000
73fa45a827954cf0a765cd1ab24a29e7 -542.383 136.346 45.353 270.000 86.000 0.000 1.000 1.000 1.000
73fa45a827954cf0a765cd1ab24a29e7 -603.288 147.903 144.534 270.000 94.000 0.000 1.000 1.000 1.000
73fa45a827954cf0a765cd1ab24a29e7 -603.637 147.903 139.546 270.000 94.000 0.000 1.000 1.000 1.000
7f8696ce80214d3ebb1e0287fbc3a8ac -550.891 107.453 615.903 270.000 -0.000 0.000 1.000 1.000 1.000
7f8696ce80214d3ebb1e0287fbc3a8ac -590.891 107.453 615.903 270.000 -0.000 0.000 1.000 1.000 1.000
7f8696ce80214d3ebb1e0287fbc3a8ac -570.891 107.453 615.903 270.000 -0.000 0.000 1.000 1.000 1.000
7f8696ce80214d3ebb1e0287fbc3a8ac -550.891 107.453 635.903 270.000 -0.000 0.000 1.000 1.000 1.000
7f8696ce80214d3ebb1e0287fbc3a8ac -570.891 107.453 635.903 270.000 -0.000 0.000 1.000 1.000 1.000
7f8696ce80214d3ebb1e0287fbc3a8ac -590.891 107.453 635.903 270.000 -0.000 0.000 1.000 1.000 1.000
7f8696ce80214d3ebb1e0287fbc3a8ac -610.891 107.453 635.903 270.000 -0.000 0.000 1.000 1.000 1.000
7f8696ce80214d3ebb1e0287fbc3a8ac -530.891 107.453 635.903 270.000 -0.000 0.000 1.000 1.000 1.000
7f8696ce80214d3ebb1e0287fbc3a8ac -530.891 107.453 615.903 270.000 -0.000 0.000 1.000 1.000 1.000
7f8696ce80214d3ebb1e0287fbc3a8ac -610.891 107.453 615.903 270.000 -0.000 0.000 1.000 1.000 1.000
4590100ec9704b73adeb03fe53f0d087 -619.552 108.662 603.441 270.000 135.000 0.000 1.000 1.000 1.000
eba9c90a66b54c2d89b7fc4f95698310 -599.463 107.503 626.356 270.000 205.000 0.000 1.000 1.000 1.000
6123b0bb5c3a409bb38ad2c2abab8dbb -615.526 108.230 628.125 270.000 233.000 0.000 1.000 1.000 1.000
6123b0bb5c3a409bb38ad2c2abab8dbb -617.716 108.230 631.714 270.000 245.000 0.000 1.000 1.000 1.000
6123b0bb5c3a409bb38ad2c2abab8dbb -587.885 108.230 609.125 270.000 197.000 0.000 1.000 1.000 1.000
6123b0bb5c3a409bb38ad2c2abab8dbb -591.766 108.230 610.742 270.000 209.000 0.000 1.000 1.000 1.000
456dadaeae094821a2d446aa4f77cb9e -622.262 108.548 611.490 273.000 319.000 90.000 1.000 1.000 1.000
8113a5ac6b5a41bfa740f148038703e0 -618.512 108.662 609.345 270.000 45.000 0.000 1.000 1.000 1.000
cf45d6da9d6a4e129da721948b0b3a8a -614.710 110.271 600.276 341.000 225.000 270.000 1.000 1.000 1.000
0f6b8d0dfc67493e807beff37ca4cc5e -614.736 110.929 606.755 270.000 45.000 0.000 1.000 1.000 1.000
a94b6d3b1d164f21a173548e3cb8a566 -621.846 108.662 605.839 270.000 315.000 0.000 1.000 1.000 1.000 Bed_1
8242af6ef10e42ce9a2a31df1e0c2767 -625.487 108.662 602.084 270.000 225.000 0.000 1.000 1.000 1.000 Wardrobe_1
8cffc239fd2d4a8383b0cc60399a5b35 -614.119 108.662 604.247 270.000 135.000 0.000 1.000 1.000 1.000
b06ca473809a47a1bb47e72bedd0e421 -617.140 108.662 608.169 270.000 -0.000 0.000 1.000 1.000 1.000
d412f1a6b4c9404a88de772651615e4b -617.347 108.662 599.799 270.000 61.000 0.000 1.000 1.000 1.000
d412f1a6b4c9404a88de772651615e4b -621.682 108.662 599.680 270.000 299.000 0.000 1.000 1.000 1.000
2e060a3768094817887d5f2c8d884d61 -619.321 108.662 598.219 270.000 -0.000 0.000 1.000 1.000 1.000
52d575ae564f46649523c98875130784 -619.259 109.850 598.795 270.000 299.000 0.000 1.000 1.000 1.000
6b1dc75a2d88411bbc3af6843e71db02 -613.291 112.305 605.062 270.000 45.000 0.000 1.000 1.000 1.000
584641f35e8540ec85ed88f3aca40622 -621.439 108.662 608.663 270.000 315.000 0.000 1.000 1.000 1.000
584641f35e8540ec85ed88f3aca40622 -624.876 108.662 605.226 270.000 315.000 0.000 1.000 1.000 1.000
38a6b83fc88542f0bdef58d75bb674b3 -623.103 108.316 626.966 278.000 311.000 -0.000 1.000 1.000 1.000
7a7212d2746742fa8141682e965f84cc -615.464 112.010 599.289 -0.000 135.000 270.000 1.000 1.000 1.000
7a7212d2746742fa8141682e965f84cc -623.692 112.010 607.518 -0.000 135.000 270.000 1.000 1.000 1.000
7f8696ce80214d3ebb1e0287fbc3a8ac -570.891 107.453 675.903 270.000 -0.000 0.000 1.000 1.000 1.000
7f8696ce80214d3ebb1e0287fbc3a8ac -570.891 107.453 695.903 270.000 -0.000 0.000 1.000 1.000 1.000
7f8696ce80214d3ebb1e0287fbc3a8ac -610.891 107.453 695.903 270.000 -0.000 0.000 1.000 1.000 1.000
7f8696ce80214d3ebb1e0287fbc3a8ac -610.891 107.453 675.903 270.000 -0.000 0.000 1.000 1.000 1.000
7f8696ce80214d3ebb1e0287fbc3a8ac -590.891 107.453 695.903 270.000 -0.000 0.000 1.000 1.000 1.000
7f8696ce80214d3ebb1e0287fbc3a8ac -590.891 107.453 675.903 270.000 -0.000 0.000 1.000 1.000 1.000
7f8696ce80214d3ebb1e0287fbc3a8ac -610.891 107.453 655.903 270.000 -0.000 0.000 1.000 1.000 1.000
7f8696ce80214d3ebb1e0287fbc3a8ac -590.891 107.453 655.903 270.000 -0.000 0.000 1.000 1.000 1.000
7f8696ce80214d3ebb1e0287fbc3a8ac -570.891 107.453 655.903 270.000 -0.000 0.000 1.000 1.000 1.000
7f8696ce80214d3ebb1e0287fbc3a8ac -550.891 107.453 655.903 270.000 -0.000 0.000 1.000 1.000 1.000
7f8696ce80214d3ebb1e0287fbc3a8ac -550.891 107.453 675.903 270.000 -0.000 0.000 1.000 1.000 1.000
7f8696ce80214d3ebb1e0287fbc3a8ac -550.891 107.453 695.903 270.000 -0.000 0.000 1.000 1.000 1.000
7f8696ce80214d3ebb1e0287fbc3a8ac -550.891 107.453 715.903 270.000 -0.000 0.000 1.000 1.000 1.000
7f8696ce80214d3ebb1e0287fbc3a8ac -570.891 107.453 715.903 270.000 -0.000 0.000 1.000 1.000 1.000
7f8696ce80214d3ebb1e0287fbc3a8ac -590.891 107.453 715.903 270.000 -0.000 0.000 1.000 1.000 1.000
7f8696ce80214d3ebb1e0287fbc3a8ac -610.891 107.453 715.903 270.000 -0.000 0.000 1.000 1.000 1.000
7f8696ce80214d3ebb1e0287fbc3a8ac -590.891 107.453 735.903 270.000 -0.000 0.000 1.000 1.000 1.000
7f8696ce80214d3ebb1e0287fbc3a8ac -570.891 107.453 735.903 270.000 -0.000 0.000 1.000 1.000 1.000
7f8696ce80214d3ebb1e0287fbc3a8ac -550.891 107.453 735.903 270.000 -0.000 0.000 1.000 1.000 1.000
7f8696ce80214d3ebb1e0287fbc3a8ac -610.891 107.453 735.903 270.000 -0.000 0.000 1.000 1.000 1.000
7f8696ce80214d3ebb1e0287fbc3a8ac -550.891 107.453 755.903 270.000 -0.000 0.000 1.000 1.000 1.000
7f8696ce80214d3ebb1e0287fbc3a8ac -570.891 107.453 755.903 270.000 -0.000 0.000 1.000 1.000 1.000
7f8696ce80214d3ebb1e0287fbc3a8ac -530.891 107.453 755.903 270.000 -0.000 0.000 1.000 1.000 1.000
7f8696ce80214d3ebb1e0287fbc3a8ac -530.891 107.453 735.903 270.000 -0.000 0.000 1.000 1.000 1.000
7f8696ce80214d3ebb1e0287fbc3a8ac -530.891 107.453 695.903 270.000 -0.000 0.000 1.000 1.000 1.000
7f8696ce80214d3ebb1e0287fbc3a8ac -530.891 107.453 715.903 270.000 -0.000 0.000 1.000 1.000 1.000
7f8696ce80214d3ebb1e0287fbc3a8ac -530.891 107.453 675.903 270.000 -0.000 0.000 1.000 1.000 1.000
7f8696ce80214d3ebb1e0287fbc3a8ac -530.891 107.453 655.903 270.000 -0.000 0.000 1.000 1.000 1.000
7f8696ce80214d3ebb1e0287fbc3a8ac -590.891 107.453 755.903 270.000 -0.000 0.000 1.000 1.000 1.000
7f8696ce80214d3ebb1e0287fbc3a8ac -630.891 107.453 695.903 270.000 -0.000 0.000 1.000 1.000 1.000
7f8696ce80214d3ebb1e0287fbc3a8ac -630.891 107.453 675.903 270.000 -0.000 0.000 1.000 1.000 1.000
eba9c90a66b54c2d89b7fc4f95698310 -571.598 107.692 761.678 270.000 330.000 0.000 1.000 1.000 1.000
eba9c90a66b54c2d89b7fc4f95698310 -568.598 107.692 756.482 270.000 330.000 0.000 1.000 1.000 1.000
6123b0bb5c3a409bb38ad2c2abab8dbb -585.550 108.249 758.605 270.000 317.000 0.000 1.000 1.000 1.000
6123b0bb5c3a409bb38ad2c2abab8dbb -582.209 108.249 761.158 270.000 329.000 0.000 1.000 1.000 1.000
049a125ccb8f47d9b385d5b7e30fcc86 -566.587 107.086 758.034 334.000 60.000 270.000 1.000 1.000 1.000
7f8696ce80214d3ebb1e0287fbc3a8ac -530.891 107.453 775.903 270.000 -0.000 0.000 1.000 1.000 1.000
7f8696ce80214d3ebb1e0287fbc3a8ac -550.891 107.453 775.903 270.000 -0.000 0.000 1.000 1.000 1.000
7f8696ce80214d3ebb1e0287fbc3a8ac -570.891 107.453 775.903 270.000 -0.000 0.000 1.000 1.000 1.000
4590100ec9704b73adeb03fe53f0d087 -582.252 108.600 779.389 270.000 240.000 0.000 1.000 1.000 1.000
6123b0bb5c3a409bb38ad2c2abab8dbb -568.006 108.170 770.190 270.000 336.000 0.000 1.000 1.000 1.000
6123b0bb5c3a409bb38ad2c2abab8dbb -564.016 108.170 771.516 270.000 348.000 0.000 1.000 1.000 1.000
8113a5ac6b5a41bfa740f148038703e0 -584.575 108.600 773.506 270.000 240.000 0.000 1.000 1.000 1.000
8548fc360c554b399e98cde4d40eca5d -576.818 110.315 781.176 348.000 330.000 270.000 1.000 1.000 1.000
7ef3c8fe72c5483dac2a960d3db45b39 -578.922 110.834 774.685 270.000 150.000 0.000 1.000 1.000 1.000
a94b6d3b1d164f21a173548e3cb8a566 -579.131 108.600 781.103 270.000 330.000 0.000 1.000 1.000 1.000 Bed_0
8388edfa33b84f78ad7f5d277412433b -581.759 108.600 785.760 270.000 330.000 0.000 1.000 1.000 1.000 Wardrobe_1
f463c0c6285544ac86845d98a07d73a9 -576.685 108.600 776.620 270.000 150.000 0.000 1.000 1.000 1.000
050dbe869b1c4fd5b215c552d145effd -587.613 108.600 782.095 270.000 330.000 0.000 1.000 1.000 1.000
050dbe869b1c4fd5b215c552d145effd -585.058 108.600 783.571 270.000 330.000 0.000 1.000 1.000 1.000
050dbe869b1c4fd5b215c552d145effd -583.776 108.600 784.311 270.000 330.000 0.000 1.000 1.000 1.000
050dbe869b1c4fd5b215c552d145effd -588.889 108.600 781.359 270.000 330.000 0.000 1.000 1.000 1.000
0aeeefaf364f46f9906aff76c40c6d2b -586.331 108.600 782.835 270.000 330.000 0.000 1.000 1.000 1.000
2e060a3768094817887d5f2c8d884d61 -585.312 108.600 777.415 270.000 309.000 0.000 1.000 1.000 1.000
98e78ae063ac4fb3bc382a03e437260d -585.971 109.788 777.346 270.000 260.000 0.000 1.000 1.000 1.000
9215cb84c2a942d084fa1dffa0031949 -583.942 108.600 777.876 270.000 76.000 0.000 1.000 1.000 1.000
9215cb84c2a942d084fa1dffa0031949 -585.527 109.054 778.484 0.000 320.000 -0.000 1.000 1.000 1.000
c3231627118d41d3b6fc4032edb79c46 -577.682 109.872 776.257 291.000 240.000 -0.000 1.000 1.000 1.000
19ff8f2c79eb4b5a8d09ac8396ea8146 -576.132 108.793 777.124 -0.000 60.000 0.000 1.000 1.000 1.000
d9b2708a3f10443aa6f25ebd5b1c9056 -576.713 110.449 776.797 -0.000 119.000 0.000 1.000 1.000 1.000
29ea162548484889be12ecd51bf6294c -585.332 109.788 776.411 270.000 122.000 0.000 1.000 1.000 1.000
82b2685c3bb845a596e14fe2f719471e -595.810 108.600 771.561 270.000 240.000 0.000 1.000 1.000 1.000
38a6b83fc88542f0bdef58d75bb674b3 -563.022 107.987 792.580 280.285 340.823 60.783 1.000 1.000 1.000
7a7212d2746742fa8141682e965f84cc -577.167 111.952 782.245 -0.000 240.000 270.000 1.000 1.000 1.000
7a7212d2746742fa8141682e965f84cc -587.246 111.952 776.426 -0.000 240.000 270.000 1.000 1.000 1.000
3efac35ef0674d3a9713cd1bd0746b27 -409.020 136.439 -226.747 270.000 29.000 0.000 1.000 1.000 1.000
3efac35ef0674d3a9713cd1bd0746b27 -417.161 136.282 -218.604 270.000 315.000 0.000 1.000 1.000 1.000
3efac35ef0674d3a9713cd1bd0746b27 -433.803 135.595 -237.112 270.000 172.000 0.000 1.000 1.000 1.000
3efac35ef0674d3a9713cd1bd0746b27 -413.923 136.438 -246.245 270.000 97.000 0.000 1.000 1.000 1.000
3efac35ef0674d3a9713cd1bd0746b27 -446.381 135.589 -223.077 270.000 228.000 0.000 1.000 1.000 1.000
c4b95fda5cba426a8a20b8f80d2427c8 -432.426 135.950 -220.789 270.000 255.000 0.000 1.000 1.000 1.000
7e41f4e2d61b42a6a336abe0af612e88 -470.992 113.267 119.270 270.000 75.000 0.000 1.000 1.000 1.000
320ee05544254c2699e2e5aaec94a5d5 -492.228 122.981 110.599 270.000 255.000 0.000 1.000 1.000 1.000
73fa45a827954cf0a765cd1ab24a29e7 -502.274 134.968 39.829 270.000 72.000 0.000 1.000 1.000 1.000
73fa45a827954cf0a765cd1ab24a29e7 -503.819 134.968 44.585 270.000 72.000 0.000 1.000 1.000 1.000
73fa45a827954cf0a765cd1ab24a29e7 -463.937 112.007 74.690 270.000 45.000 0.000 1.000 1.000 1.000
73fa45a827954cf0a765cd1ab24a29e7 -467.472 112.007 78.226 270.000 45.000 0.000 1.000 1.000 1.000
73fa45a827954cf0a765cd1ab24a29e7 -426.638 100.368 95.723 270.000 69.000 0.000 1.000 1.000 1.000
73fa45a827954cf0a765cd1ab24a29e7 -428.430 100.368 100.391 270.000 69.000 0.000 1.000 1.000 1.000
73fa45a827954cf0a765cd1ab24a29e7 -426.638 100.368 95.723 270.000 69.000 0.000 1.000 1.000 1.000
73fa45a827954cf0a765cd1ab24a29e7 -428.430 100.368 100.391 270.000 69.000 0.000 1.000 1.000 1.000
73fa45a827954cf0a765cd1ab24a29e7 -390.045 95.141 104.408 270.000 82.000 0.000 1.000 1.000 1.000
73fa45a827954cf0a765cd1ab24a29e7 -390.741 95.141 109.360 270.000 82.000 0.000 1.000 1.000 1.000
7e41f4e2d61b42a6a336abe0af612e88 -427.525 104.938 130.917 270.000 75.000 0.000 1.000 1.000 1.000
7e41f4e2d61b42a6a336abe0af612e88 -384.058 97.259 142.564 270.000 75.000 0.000 1.000 1.000 1.000
320ee05544254c2699e2e5aaec94a5d5 -449.376 113.072 128.021 270.000 75.000 0.000 1.000 1.000 1.000
320ee05544254c2699e2e5aaec94a5d5 -405.791 105.972 133.759 270.000 255.000 0.000 1.000 1.000 1.000
73fa45a827954cf0a765cd1ab24a29e7 -497.027 127.347 149.492 270.000 49.000 0.000 1.000 1.000 1.000
73fa45a827954cf0a765cd1ab24a29e7 -500.307 127.347 153.266 270.000 49.000 0.000 1.000 1.000 1.000
73fa45a827954cf0a765cd1ab24a29e7 -466.446 121.616 163.113 270.000 83.000 0.000 1.000 1.000 1.000
73fa45a827954cf0a765cd1ab24a29e7 -467.055 121.616 168.076 270.000 83.000 0.000 1.000 1.000 1.000
73fa45a827954cf0a765cd1ab24a29e7 -435.308 113.598 162.649 270.000 113.000 0.000 1.000 1.000 1.000
73fa45a827954cf0a765cd1ab24a29e7 -433.354 113.598 167.251 270.000 113.000 0.000 1.000 1.000 1.000
73fa45a827954cf0a765cd1ab24a29e7 -392.448 103.427 170.698 270.000 90.000 0.000 1.000 1.000 1.000
73fa45a827954cf0a765cd1ab24a29e7 -392.448 103.427 175.698 270.000 90.000 0.000 1.000 1.000 1.000
7f8696ce80214d3ebb1e0287fbc3a8ac -510.891 107.453 635.903 270.000 -0.000 0.000 1.000 1.000 1.000
7f8696ce80214d3ebb1e0287fbc3a8ac -510.891 107.453 735.903 270.000 -0.000 0.000 1.000 1.000 1.000
7f8696ce80214d3ebb1e0287fbc3a8ac -510.891 107.453 695.903 270.000 -0.000 0.000 1.000 1.000 1.000
7f8696ce80214d3ebb1e0287fbc3a8ac -510.891 107.453 715.903 270.000 -0.000 0.000 1.000 1.000 1.000
7f8696ce80214d3ebb1e0287fbc3a8ac -510.891 107.453 675.903 270.000 -0.000 0.000 1.000 1.000 1.000
7f8696ce80214d3ebb1e0287fbc3a8ac -510.891 107.453 655.903 270.000 -0.000 0.000 1.000 1.000 1.000
7f8696ce80214d3ebb1e0287fbc3a8ac -510.891 107.453 755.903 270.000 -0.000 0.000 1.000 1.000 1.000
7f8696ce80214d3ebb1e0287fbc3a8ac -490.891 107.453 735.903 270.000 -0.000 0.000 1.000 1.000 1.000
7f8696ce80214d3ebb1e0287fbc3a8ac -490.891 107.453 695.903 270.000 -0.000 0.000 1.000 1.000 1.000
7f8696ce80214d3ebb1e0287fbc3a8ac -490.891 107.453 715.903 270.000 -0.000 0.000 1.000 1.000 1.000
7f8696ce80214d3ebb1e0287fbc3a8ac -490.891 107.453 675.903 270.000 -0.000 0.000 1.000 1.000 1.000
7f8696ce80214d3ebb1e0287fbc3a8ac -490.891 107.453 755.903 270.000 -0.000 0.000 1.000 1.000 1.000
7f8696ce80214d3ebb1e0287fbc3a8ac -490.891 107.453 655.903 270.000 -0.000 0.000 1.000 1.000 1.000
7f8696ce80214d3ebb1e0287fbc3a8ac -470.891 107.453 735.903 270.000 -0.000 0.000 1.000 1.000 1.000
7f8696ce80214d3ebb1e0287fbc3a8ac -470.891 107.453 715.903 270.000 -0.000 0.000 1.000 1.000 1.000
7f8696ce80214d3ebb1e0287fbc3a8ac -470.891 107.453 695.903 270.000 -0.000 0.000 1.000 1.000 1.000
7f8696ce80214d3ebb1e0287fbc3a8ac -510.891 107.453 775.903 270.000 -0.000 0.000 1.000 1.000 1.000
73fa45a827954cf0a765cd1ab24a29e7 -340.371 92.128 110.470 270.000 76.000 0.000 1.000 1.000 1.000
73fa45a827954cf0a765cd1ab24a29e7 -341.580 92.128 115.321 270.000 76.000 0.000 1.000 1.000 1.000
73fa45a827954cf0a765cd1ab24a29e7 -315.156 89.778 122.747 270.000 55.000 0.000 1.000 1.000 1.000
73fa45a827954cf0a765cd1ab24a29e7 -318.024 89.778 126.842 270.000 55.000 0.000 1.000 1.000 1.000
40b5030520d447c5936d308281b114cc -264.185 72.409 174.684 270.000 255.000 0.000 1.000 1.000 1.000
320ee05544254c2699e2e5aaec94a5d5 -261.479 76.281 175.587 270.000 165.000 0.000 1.000 1.000 1.000
7e41f4e2d61b42a6a336abe0af612e88 -340.592 88.192 154.211 270.000 75.000 0.000 1.000 1.000 1.000
7e41f4e2d61b42a6a336abe0af612e88 -297.125 77.416 165.857 270.000 75.000 0.000 1.000 1.000 1.000
320ee05544254c2699e2e5aaec94a5d5 -284.817 78.970 172.114 270.000 75.000 0.000 1.000 1.000 1.000
320ee05544254c2699e2e5aaec94a5d5 -363.301 96.221 151.084 270.000 75.000 0.000 1.000 1.000 1.000
320ee05544254c2699e2e5aaec94a5d5 -318.323 87.170 157.197 270.000 255.000 0.000 1.000 1.000 1.000
73fa45a827954cf0a765cd1ab24a29e7 -353.983 91.321 174.805 270.000 90.000 0.000 1.000 1.000 1.000
73fa45a827954cf0a765cd1ab24a29e7 -353.983 91.321 179.805 270.000 90.000 0.000 1.000 1.000 1.000
73fa45a827954cf0a765cd1ab24a29e7 -311.127 77.646 184.311 270.000 69.000 0.000 1.000 1.000 1.000
73fa45a827954cf0a765cd1ab24a29e7 -312.919 77.646 188.979 270.000 69.000 0.000 1.000 1.000 1.000
73fa45a827954cf0a765cd1ab24a29e7 -292.721 81.410 140.049 270.000 58.000 0.000 1.000 1.000 1.000
73fa45a827954cf0a765cd1ab24a29e7 -295.371 81.410 144.290 270.000 58.000 0.000 1.000 1.000 1.000
3b7850bff71945e289483d9eee6ec844 -266.690 76.073 207.040 270.000 15.000 0.000 1.000 1.000 1.000
050dbe869b1c4fd5b215c552d145effd -264.871 75.994 213.829 270.000 15.000 0.000 1.000 1.000 1.000
050dbe869b1c4fd5b215c552d145effd -263.429 75.994 213.442 270.000 15.000 0.000 1.000 1.000 1.000
156a673581474f6aa368ff6e08b8f25a -267.152 77.344 214.453 270.000 9.000 0.000 1.000 1.000 1.000
ae22774b549f44d29926a956ac6c0a4d -269.118 76.073 207.690 270.000 105.000 0.000 1.000 1.000 1.000
b489a8a63fca4d179fd315cbae8b6ed7 -272.406 78.294 208.571 270.000 285.000 0.000 1.000 1.000 1.000
2e060a3768094817887d5f2c8d884d61 -262.545 76.073 205.929 270.000 15.000 0.000 1.000 1.000 1.000
d412f1a6b4c9404a88de772651615e4b -263.552 76.073 208.225 270.000 341.000 0.000 1.000 1.000 1.000
d412f1a6b4c9404a88de772651615e4b -264.098 76.073 204.227 270.000 224.000 0.000 1.000 1.000 1.000
b06ca473809a47a1bb47e72bedd0e421 -271.136 76.073 201.262 270.000 -0.000 0.000 1.000 1.000 1.000
cf45d6da9d6a4e129da721948b0b3a8a -276.412 78.826 201.804 351.000 285.000 90.000 1.000 1.000 1.000
0f6b8d0dfc67493e807beff37ca4cc5e -259.684 79.440 197.083 270.000 15.000 0.000 1.000 1.000 1.000
7ef3c8fe72c5483dac2a960d3db45b39 -268.933 82.383 215.602 270.000 15.000 0.000 1.000 1.000 1.000
f463c0c6285544ac86845d98a07d73a9 -264.749 76.073 199.124 270.000 195.000 0.000 1.000 1.000 1.000
4f2244b2de3c4af1bf8ca336b92172c6 -263.676 77.293 198.927 284.000 105.000 -0.000 1.000 1.000 1.000
c3231627118d41d3b6fc4032edb79c46 -265.168 76.301 199.303 -0.000 0.000 0.000 1.000 1.000 1.000
76744b70db354aecb685e81b4d73698f -263.093 77.362 205.334 -0.000 34.000 0.000 1.000 1.000 1.000
050dbe869b1c4fd5b215c552d145effd -262.008 75.994 213.062 270.000 15.000 0.000 1.000 1.000 1.000
050dbe869b1c4fd5b215c552d145effd -266.301 75.994 214.212 270.000 15.000 0.000 1.000 1.000 1.000
050dbe869b1c4fd5b215c552d145effd -267.742 75.994 214.598 270.000 15.000 0.000 1.000 1.000 1.000
050dbe869b1c4fd5b215c552d145effd -256.991 76.073 203.660 270.000 15.000 0.000 1.000 1.000 1.000
050dbe869b1c4fd5b215c552d145effd -259.863 76.073 204.429 270.000 15.000 0.000 1.000 1.000 1.000
050dbe869b1c4fd5b215c552d145effd -261.494 76.073 198.374 270.000 195.000 0.000 1.000 1.000 1.000
0aeeefaf364f46f9906aff76c40c6d2b -258.422 76.073 204.043 270.000 15.000 0.000 1.000 1.000 1.000
a305bcc1cdaa486fb91d05201e7d3e6f -257.104 76.054 197.440 270.000 195.000 0.000 1.000 1.000 1.000
91dbbf923c8c401bb6b2d56084783f73 -260.002 75.995 197.974 270.000 195.000 0.000 1.000 1.000 1.000
086b683233c245968b38d98c2c9e10f1 -258.607 76.031 197.600 270.000 195.000 0.000 1.000 1.000 1.000
2d1daa0412b94503aa57a5b422187d48 -261.557 77.423 198.609 270.000 216.000 0.000 1.000 1.000 1.000
87806c2130bc4bd8b4f3276edf2222a6 -256.499 76.073 210.817 270.000 15.000 0.000 1.000 1.000 1.000
9215cb84c2a942d084fa1dffa0031949 -257.242 76.073 211.033 270.000 285.000 0.000 1.000 1.000 1.000
87806c2130bc4bd8b4f3276edf2222a6 -257.742 76.073 206.178 270.000 15.000 0.000 1.000 1.000 1.000
9215cb84c2a942d084fa1dffa0031949 -258.485 76.073 206.395 270.000 285.000 0.000 1.000 1.000 1.000
9215cb84c2a942d084fa1dffa0031949 -256.827 76.073 205.826 270.000 105.000 0.000 1.000 1.000 1.000
c2ea9b50d4d640438800b9ff553ec627 -275.985 76.073 203.058 270.000 285.000 0.000 1.000 1.000 1.000
c2ea9b50d4d640438800b9ff553ec627 -281.812 76.073 204.619 270.000 285.000 0.000 1.000 1.000 1.000
c2ea9b50d4d640438800b9ff553ec627 -278.901 76.073 203.839 270.000 285.000 0.000 1.000 1.000 1.000
c2ea9b50d4d640438800b9ff553ec627 -277.610 76.073 208.660 270.000 285.000 0.000 1.000 1.000 1.000
c2ea9b50d4d640438800b9ff553ec627 -280.520 76.073 209.440 270.000 285.000 0.000 1.000 1.000 1.000
c2ea9b50d4d640438800b9ff553ec627 -274.693 76.073 207.879 270.000 285.000 0.000 1.000 1.000 1.000
f463c0c6285544ac86845d98a07d73a9 -274.512 76.073 209.769 270.000 195.000 0.000 1.000 1.000 1.000
f463c0c6285544ac86845d98a07d73a9 -277.145 76.073 210.474 270.000 195.000 0.000 1.000 1.000 1.000
f463c0c6285544ac86845d98a07d73a9 -279.809 76.073 211.188 270.000 195.000 0.000 1.000 1.000 1.000
87806c2130bc4bd8b4f3276edf2222a6 -275.850 76.073 215.846 270.000 15.000 0.000 1.000 1.000 1.000
d412f1a6b4c9404a88de772651615e4b -277.782 76.073 216.364 270.000 285.000 0.000 1.000 1.000 1.000
d412f1a6b4c9404a88de772651615e4b -273.918 76.073 215.329 270.000 105.000 0.000 1.000 1.000 1.000
449513fcccb0441abbc8ac47ca0e4440 -275.872 77.260 215.868 270.000 285.000 0.000 1.000 1.000 1.000
366521728ff44c17a184f991a4c9cc27 -280.898 78.152 211.618 270.000 285.000 0.000 1.000 1.000 1.000
6ca718d67ffc40f78f0a1ba4bbc1c403 -277.193 77.122 210.641 -0.000 98.000 0.000 1.000 1.000 1.000
19ff8f2c79eb4b5a8d09ac8396ea8146 -273.425 76.512 209.656 287.000 105.000 0.000 1.000 1.000 1.000
d9b2708a3f10443aa6f25ebd5b1c9056 -273.760 76.456 209.719 315.000 105.000 0.000 1.000 1.000 1.000
32d869a19d90495790277a94502c5aba -274.618 77.951 209.977 -0.000 295.000 0.000 1.000 1.000 1.000
584641f35e8540ec85ed88f3aca40622 -272.213 76.073 215.320 270.000 15.000 0.000 1.000 1.000 1.000
584641f35e8540ec85ed88f3aca40622 -279.166 76.073 217.183 270.000 15.000 0.000 1.000 1.000 1.000
e73f9a6daf7f4852a60374999a0723a6 -262.546 75.685 214.954 270.000 195.000 0.000 1.000 1.000 1.000
e73f9a6daf7f4852a60374999a0723a6 -266.410 75.685 215.989 270.000 195.000 0.000 1.000 1.000 1.000
61e43d05791d4269b626de9bedbf0a03 -265.980 76.185 215.916 270.000 -0.000 0.000 1.000 1.000 1.000
a19b3ec55a2046668611c9d2775efd99 -266.998 76.185 216.121 270.000 12.000 0.000 1.000 1.000 1.000
a19b3ec55a2046668611c9d2775efd99 -264.247 75.665 216.120 270.000 106.000 0.000 1.000 1.000 1.000
61e43d05791d4269b626de9bedbf0a03 -260.605 75.702 214.439 270.000 37.000 0.000 1.000 1.000 1.000
6b1dc75a2d88411bbc3af6843e71db02 -260.881 79.503 205.535 270.000 105.000 0.000 1.000 1.000 1.000
7a7212d2746742fa8141682e965f84cc -280.765 79.511 214.925 -0.000 105.000 270.000 1.000 1.000 1.000
7a7212d2746742fa8141682e965f84cc -282.843 79.511 207.169 -0.000 105.000 270.000 1.000 1.000 1.000
125436fb0d694d1d816944a969ccfb18 -198.226 134.556 -175.500 270.000 165.000 0.000 1.000 1.000 1.000
bd1554d0c8564890a852dd34932d16d3 -197.471 142.557 -178.404 270.000 165.000 0.000 1.000 1.000 1.000
bd1554d0c8564890a852dd34932d16d3 -197.471 136.557 -178.404 270.000 165.000 0.000 1.000 1.000 1.000
cd6541fe90244c79bc2046ebf00c036e -202.271 134.331 -198.517 270.000 115.000 0.000 1.000 1.000 1.000
d24d5180464b4894933d5ce922dc932e -189.452 134.329 -191.725 270.000 255.000 0.000 1.000 1.000 1.000
8548fc360c554b399e98cde4d40eca5d -196.134 135.614 -198.637 270.000 115.000 0.000 1.000 1.000 1.000
7ef3c8fe72c5483dac2a960d3db45b39 -197.456 137.712 -201.821 270.000 115.000 0.000 1.000 1.000 1.000
0f6b8d0dfc67493e807beff37ca4cc5e -206.261 137.714 -193.373 270.000 115.000 0.000 1.000 1.000 1.000
8548fc360c554b399e98cde4d40eca5d -199.605 148.866 -173.198 75.000 75.000 90.000 1.000 1.000 1.000
7ef3c8fe72c5483dac2a960d3db45b39 -197.506 144.903 -178.184 270.000 165.000 0.000 1.000 1.000 1.000
0f6b8d0dfc67493e807beff37ca4cc5e -200.665 149.134 -177.177 270.000 255.000 0.000 1.000 1.000 1.000
9215cb84c2a942d084fa1dffa0031949 -202.499 134.403 -190.799 285.000 205.000 0.000 1.000 1.000 1.000
8388edfa33b84f78ad7f5d277412433b -203.038 134.330 -192.434 270.000 25.000 0.000 1.000 1.000 1.000 Wardrobe_1
8242af6ef10e42ce9a2a31df1e0c2767 -196.953 134.330 -195.278 270.000 25.000 0.000 1.000 1.000 1.000 Wardrobe_0
2e060a3768094817887d5f2c8d884d61 -199.974 134.331 -200.438 270.000 -0.000 0.000 1.000 1.000 1.000
9215cb84c2a942d084fa1dffa0031949 -198.713 134.331 -201.210 270.000 129.000 0.000 1.000 1.000 1.000
9215cb84c2a942d084fa1dffa0031949 -199.171 134.331 -199.106 270.000 24.000 0.000 1.000 1.000 1.000
9215cb84c2a942d084fa1dffa0031949 -201.226 134.331 -199.832 270.000 278.000 0.000 1.000 1.000 1.000
9215cb84c2a942d084fa1dffa0031949 -200.480 134.747 -201.621 0.000 275.000 270.000 1.000 1.000 1.000
98e78ae063ac4fb3bc382a03e437260d -199.847 135.519 -201.479 270.000 177.000 0.000 1.000 1.000 1.000
52d575ae564f46649523c98875130784 -200.083 135.534 -199.983 270.000 24.000 0.000 1.000 1.000 1.000
87806c2130bc4bd8b4f3276edf2222a6 -206.363 134.330 -196.655 270.000 25.000 0.000 1.000 1.000 1.000
9215cb84c2a942d084fa1dffa0031949 -205.557 134.330 -197.031 270.000 115.000 0.000 1.000 1.000 1.000
6ce99109b6e94ddeb5ef925a2de6730a -206.289 135.517 -196.668 270.000 290.000 0.000 1.000 1.000 1.000
65906f4174724825849478b60ecc348a -207.370 134.330 -201.724 270.000 205.000 0.000 1.000 1.000 1.000
65906f4174724825849478b60ecc348a -208.067 134.330 -201.399 270.000 205.000 0.000 1.000 1.000 1.000
65906f4174724825849478b60ecc348a -206.679 134.330 -202.046 270.000 205.000 0.000 1.000 1.000 1.000
65906f4174724825849478b60ecc348a -205.988 134.330 -202.368 270.000 205.000 0.000 1.000 1.000 1.000
65906f4174724825849478b60ecc348a -208.739 134.330 -201.086 270.000 205.000 0.000 1.000 1.000 1.000
b06ca473809a47a1bb47e72bedd0e421 -198.505 134.331 -194.737 270.000 -0.000 0.000 1.000 1.000 1.000
8113a5ac6b5a41bfa740f148038703e0 -201.906 134.330 -204.272 270.000 205.000 0.000 1.000 1.000 1.000
7a7212d2746742fa8141682e965f84cc -195.935 137.695 -198.798 -0.000 115.000 270.000 1.000 1.000 1.000
7a7212d2746742fa8141682e965f84cc -198.010 137.695 -203.247 -0.000 115.000 270.000 1.000 1.000 1.000
7a7212d2746742fa8141682e965f84cc -208.701 137.695 -198.262 -0.000 115.000 270.000 1.000 1.000 1.000
7a7212d2746742fa8141682e965f84cc -206.626 137.695 -193.812 -0.000 115.000 270.000 1.000 1.000 1.000
3ae249c445724a41b7a2621e1864bdc1 -209.499 75.894 207.095 270.000 345.000 0.000 1.000 1.000 1.000
4a874717e96245638786ae053fca74e5 -212.581 75.894 203.064 270.000 165.000 0.000 1.000 1.000 1.000
3ae249c445724a41b7a2621e1864bdc1 -213.356 75.894 206.062 270.000 345.000 0.000 1.000 1.000 1.000
3ae249c445724a41b7a2621e1864bdc1 -217.169 75.894 205.040 270.000 345.000 0.000 1.000 1.000 1.000
3ae249c445724a41b7a2621e1864bdc1 -221.070 75.894 203.995 270.000 345.000 0.000 1.000 1.000 1.000
a31640c238084120a4cc7dce956cb7eb -216.122 75.894 187.469 270.000 255.000 0.000 1.000 1.000 1.000
a31640c238084120a4cc7dce956cb7eb -217.088 75.894 187.210 270.000 75.000 0.000 1.000 1.000 1.000
3ae249c445724a41b7a2621e1864bdc1 -224.883 75.894 202.973 270.000 345.000 0.000 1.000 1.000 1.000
4a874717e96245638786ae053fca74e5 -228.036 75.894 198.923 270.000 165.000 0.000 1.000 1.000 1.000
3ae249c445724a41b7a2621e1864bdc1 -228.847 75.894 201.911 270.000 345.000 0.000 1.000 1.000 1.000
4a874717e96245638786ae053fca74e5 -220.547 75.894 171.228 270.000 345.000 0.000 1.000 1.000 1.000
3ae249c445724a41b7a2621e1864bdc1 -232.660 75.894 200.890 270.000 345.000 0.000 1.000 1.000 1.000
4a874717e96245638786ae053fca74e5 -205.092 75.894 175.369 270.000 345.000 0.000 1.000 1.000 1.000
3ae249c445724a41b7a2621e1864bdc1 -223.629 75.894 167.197 270.000 165.000 0.000 1.000 1.000 1.000
3ae249c445724a41b7a2621e1864bdc1 -219.772 75.894 168.230 270.000 165.000 0.000 1.000 1.000 1.000
3ae249c445724a41b7a2621e1864bdc1 -215.959 75.894 169.252 270.000 165.000 0.000 1.000 1.000 1.000
3ae249c445724a41b7a2621e1864bdc1 -212.058 75.894 170.297 270.000 165.000 0.000 1.000 1.000 1.000
3ae249c445724a41b7a2621e1864bdc1 -208.245 75.894 171.319 270.000 165.000 0.000 1.000 1.000 1.000
3ae249c445724a41b7a2621e1864bdc1 -204.281 75.894 172.381 270.000 165.000 0.000 1.000 1.000 1.000
3ae249c445724a41b7a2621e1864bdc1 -200.468 75.894 173.402 270.000 165.000 0.000 1.000 1.000 1.000
8548fc360c554b399e98cde4d40eca5d -252.153 77.803 200.891 270.000 285.000 0.000 1.000 1.000 1.000
7ef3c8fe72c5483dac2a960d3db45b39 -250.124 79.555 207.892 270.000 285.000 0.000 1.000 1.000 1.000
050dbe869b1c4fd5b215c552d145effd -255.550 76.073 203.273 270.000 15.000 0.000 1.000 1.000 1.000
050dbe869b1c4fd5b215c552d145effd -252.663 76.073 202.500 270.000 15.000 0.000 1.000 1.000 1.000
050dbe869b1c4fd5b215c552d145effd -255.735 76.073 196.830 270.000 195.000 0.000 1.000 1.000 1.000
050dbe869b1c4fd5b215c552d145effd -254.294 76.073 196.444 270.000 195.000 0.000 1.000 1.000 1.000
0aeeefaf364f46f9906aff76c40c6d2b -254.112 76.073 202.888 270.000 15.000 0.000 1.000 1.000 1.000
6fb78536e8cb4b01b6050a2efb3d912c -255.047 77.423 196.749 270.000 183.001 0.000 1.000 1.000 1.000
9215cb84c2a942d084fa1dffa0031949 -255.584 76.073 210.465 270.000 105.000 0.000 1.000 1.000 1.000
9215cb84c2a942d084fa1dffa0031949 -251.456 76.073 209.358 270.000 105.000 0.000 1.000 1.000 1.000
87806c2130bc4bd8b4f3276edf2222a6 -252.370 76.073 209.710 270.000 15.000 0.000 1.000 1.000 1.000
9215cb84c2a942d084fa1dffa0031949 -253.113 76.073 209.927 270.000 285.000 0.000 1.000 1.000 1.000
9215cb84c2a942d084fa1dffa0031949 -252.699 76.073 204.719 270.000 105.000 0.000 1.000 1.000 1.000
87806c2130bc4bd8b4f3276edf2222a6 -253.613 76.073 205.071 270.000 15.000 0.000 1.000 1.000 1.000
9215cb84c2a942d084fa1dffa0031949 -254.356 76.073 205.288 270.000 285.000 0.000 1.000 1.000 1.000
7a7212d2746742fa8141682e965f84cc -252.619 79.511 199.070 -0.000 105.000 270.000 1.000 1.000 1.000
7a7212d2746742fa8141682e965f84cc -250.541 79.511 206.826 -0.000 105.000 270.000 1.000 1.000 1.000
28c973094ebf4bcd8b669465052c841f -148.013 63.996 679.556 270.000 124.000 0.000 1.000 1.000 1.000
9bd2e0ef06e54927ae2f39394a466b8e -171.691 63.196 972.350 270.000 359.000 0.000 1.000 1.000 1.000
7e1ad0495e7d4d82bf79d631c07a9e3d -172.109 63.196 996.347 270.000 359.000 0.000 1.000 1.000 1.000
7e1ad0495e7d4d82bf79d631c07a9e3d -172.528 63.196 1020.343 270.000 359.000 0.000 1.000 1.000 1.000
862a4ad08b0b4899b35ef82309e47919 -171.522 62.337 967.364 270.000 337.000 0.000 1.000 1.000 1.000
6125b4de591b44359237f6d7191dd919 -168.819 62.235 985.729 270.000 313.000 0.000 1.000 1.000 1.000
6125b4de591b44359237f6d7191dd919 -175.257 62.956 983.292 270.000 -0.000 0.000 1.000 1.000 1.000
6125b4de591b44359237f6d7191dd919 -171.797 68.189 990.004 300.000 90.000 270.000 1.000 1.000 1.000
ee402fc9debe4f03bffb31a49eb04fb7 -172.899 62.048 971.466 270.000 -0.000 0.000 1.000 1.000 1.000
1844f8668ac841cb8028e65af96f23e3 -174.495 63.884 969.345 270.000 46.000 0.000 1.000 1.000 1.000
1844f8668ac841cb8028e65af96f23e3 -170.993 63.880 967.042 270.000 311.000 0.000 1.000 1.000 1.000
19c615f4814e4faa8535b2aac4d40481 -175.464 64.196 972.117 270.000 -0.000 0.000 1.000 1.000 1.000
19c615f4814e4faa8535b2aac4d40481 -173.203 64.196 963.578 270.028 277.000 0.000 1.000 1.000 1.000
28481923c22545898a9796e033c9c0a5 -170.861 63.731 969.807 287.000 341.000 0.000 1.000 1.000 1.000
a1b84704e21440f59c4e55e2cee59dcd -169.845 64.196 961.583 270.000 57.000 0.000 1.000 1.000 1.000
a1b84704e21440f59c4e55e2cee59dcd -165.555 64.196 960.933 270.000 174.000 0.000 1.000 1.000 1.000
a1b84704e21440f59c4e55e2cee59dcd -177.877 64.196 962.486 270.000 288.000 0.000 1.000 1.000 1.000
a1b84704e21440f59c4e55e2cee59dcd -174.358 64.196 959.233 270.000 262.000 0.000 1.000 1.000 1.000
9390fdc28ad947759b98dfb74955571a -27.665 114.543 -777.227 270.000 71.000 0.000 1.000 1.000 1.000
3af66e6b0ec142a1a6c0a65a9ca43a39 -34.839 113.298 -779.631 270.000 255.000 0.000 1.000 1.000 1.000
862a4ad08b0b4899b35ef82309e47919 -33.183 110.799 -778.747 270.000 233.000 0.000 1.000 1.000 1.000
6125b4de591b44359237f6d7191dd919 -47.228 114.752 -782.902 270.000 -0.000 0.000 1.000 1.000 1.000
1844f8668ac841cb8028e65af96f23e3 -34.042 113.271 -781.054 270.000 -0.000 0.000 1.000 1.000 1.000
1844f8668ac841cb8028e65af96f23e3 -37.041 113.461 -778.460 270.000 81.000 0.000 1.000 1.000 1.000
a1b84704e21440f59c4e55e2cee59dcd -32.179 113.653 -779.102 270.000 -0.000 0.000 1.000 1.000 1.000
a1b84704e21440f59c4e55e2cee59dcd -36.920 113.526 -782.102 270.000 251.000 0.000 1.000 1.000 1.000
19c615f4814e4faa8535b2aac4d40481 -33.209 113.702 -778.676 270.000 -0.000 0.000 1.000 1.000 1.000
9390fdc28ad947759b98dfb74955571a -23.025 114.543 -775.369 270.000 64.000 0.000 1.000 1.000 1.000
9390fdc28ad947759b98dfb74955571a -37.690 113.495 -779.987 304.818 115.658 255.892 1.000 1.000 1.000
c6da7e342ae7483884baeeee88fb2bee -6.231 112.684 -784.100 275.605 89.771 62.320 1.000 1.000 1.000
cb0d8bf87fca47e3b73f634959a9f523 -7.020 112.999 -787.384 270.000 350.000 0.000 1.000 1.000 1.000
054a9392fed9484e950ff92d13631f06 -9.265 112.451 -783.041 270.000 332.000 0.000 1.000 1.000 1.000
cb0d8bf87fca47e3b73f634959a9f523 -4.527 113.330 -782.655 282.000 0.000 0.000 1.000 1.000 1.000
9390fdc28ad947759b98dfb74955571a -22.747 113.304 -765.982 291.000 281.000 90.000 1.000 1.000 1.000
1844f8668ac841cb8028e65af96f23e3 -23.540 112.964 -765.228 270.000 132.000 0.000 1.000 1.000 1.000
28c973094ebf4bcd8b669465052c841f -74.048 65.115 216.657 272.998 70.002 -0.000 1.000 1.000 1.000
28c973094ebf4bcd8b669465052c841f -59.063 64.568 222.756 270.000 65.997 0.000 1.000 1.000 1.000
28c973094ebf4bcd8b669465052c841f -44.413 64.290 229.765 270.000 62.996 0.000 1.000 1.000 1.000
f7d6fad3f24d469485c0cf4989a44e57 -72.825 64.222 411.247 270.000 60.000 0.000 1.000 1.000 1.000
52eb3f807f2f4ce9a714ba09e47e6e9a -87.363 64.004 468.506 270.000 197.000 0.000 1.000 1.000 1.000
cf906420511b4eb6a4efba1838068cb4 -81.586 64.349 438.220 270.000 150.000 0.000 1.000 1.000 1.000
78defce53f044f0bb0068165da9d5a79 -86.255 64.004 435.525 270.000 60.000 0.000 1.000 1.000 1.000
cf906420511b4eb6a4efba1838068cb4 -90.655 64.349 432.984 270.000 150.000 0.000 1.000 1.000 1.000
e65f2ee13fbc4d53ad7981e31ed9178f -93.676 64.404 430.922 270.000 -0.000 0.000 1.000 1.000 1.000
e65f2ee13fbc4d53ad7981e31ed9178f -93.578 64.404 430.275 270.000 320.000 0.000 1.000 1.000 1.000
e0cb5fc3d4ef44e6a01fec03dcdf45da -84.858 64.004 406.905 270.000 60.000 0.000 1.000 1.000 1.000
e9f0b774202d420aa3a2b0dc661570da -65.299 64.222 412.949 270.000 60.000 0.000 1.000 1.000 1.000
84b3a672bc0643d1b12b2b345a88ba46 -65.069 65.472 413.566 270.000 330.000 0.000 1.000 1.000 1.000
daa453b1ed27491ea396a67fb2c0503f -62.227 68.143 411.224 270.000 150.000 0.000 1.000 1.000 1.000
6896cb9ddd2d411592b9a93ca6671c3f -66.275 64.222 418.909 270.000 60.000 0.000 1.000 1.000 1.000
f469ad7065fb4e4a9ca2160fa58354b4 -77.372 64.004 415.664 270.000 150.000 0.000 1.000 1.000 1.000
d4dea3aa823a4244be941b4b114e157d -68.780 68.972 416.568 270.000 330.000 0.000 1.000 1.000 1.000
d4dea3aa823a4244be941b4b114e157d -72.244 68.972 414.568 270.000 330.000 0.000 1.000 1.000 1.000
c2ea9b50d4d640438800b9ff553ec627 -73.890 64.222 407.562 270.000 330.000 0.000 1.000 1.000 1.000
c2ea9b50d4d640438800b9ff553ec627 -77.354 64.222 405.562 270.000 330.000 0.000 1.000 1.000 1.000
c2ea9b50d4d640438800b9ff553ec627 -79.854 64.222 409.892 270.000 330.000 0.000 1.000 1.000 1.000
c2ea9b50d4d640438800b9ff553ec627 -76.390 64.222 411.892 270.000 330.000 0.000 1.000 1.000 1.000
7259ea03530a4ff880e857ca62a0c662 -67.126 64.222 408.736 270.000 150.000 0.000 1.000 1.000 1.000
7259ea03530a4ff880e857ca62a0c662 -68.396 64.222 408.003 270.000 150.000 0.000 1.000 1.000 1.000
7259ea03530a4ff880e857ca62a0c662 -69.701 64.222 407.250 270.000 150.000 0.000 1.000 1.000 1.000
cf45d6da9d6a4e129da721948b0b3a8a -72.061 66.091 418.179 280.000 240.000 90.000 1.000 1.000 1.000
0f6b8d0dfc67493e807beff37ca4cc5e -74.956 67.574 416.604 270.000 330.000 0.000 1.000 1.000 1.000
7ef3c8fe72c5483dac2a960d3db45b39 -82.768 67.574 412.094 270.000 330.000 0.000 1.000 1.000 1.000
6fa77cb54d8d442dbd2bec933f21c138 -67.686 68.936 412.017 270.000 -0.000 0.000 1.000 1.000 1.000
6fa77cb54d8d442dbd2bec933f21c138 -78.031 68.972 411.217 270.000 257.000 0.000 1.000 1.000 1.000
6fa77cb54d8d442dbd2bec933f21c138 -70.016 68.841 411.034 270.000 88.000 0.000 1.000 1.000 1.000
b3a26f2abbd649e38c31595af87be9ea -45.141 64.235 634.593 270.000 347.000 0.000 1.000 1.000 1.000
b211e52ce31041468ead8de7766ca997 -114.218 64.243 606.175 270.000 346.000 0.000 1.000 1.000 1.000
717ae274519f4f4fa760e6fbf4a3614b -64.098 41.086 639.411 323.000 168.000 322.000 1.000 1.000 1.000
28c973094ebf4bcd8b669465052c841f -122.133 64.002 573.303 270.000 213.000 0.000 1.000 1.000 1.000
28c973094ebf4bcd8b669465052c841f -90.656 64.004 583.585 270.000 279.000 0.000 1.000 1.000 1.000
ee402fc9debe4f03bffb31a49eb04fb7 -45.672 40.291 637.530 336.035 356.717 1.335 1.000 1.000 1.000
bc4b9a034fe04c669285becc489d01a0 -5.255 63.996 547.898 270.000 344.000 0.000 1.000 1.000 1.000
bc4b9a034fe04c669285becc489d01a0 -14.186 63.996 573.516 270.000 347.000 0.000 1.000 1.000 1.000
bc4b9a034fe04c669285becc489d01a0 -28.637 63.996 616.586 270.000 348.000 0.000 1.000 1.000 1.000
b3a26f2abbd649e38c31595af87be9ea -52.340 64.235 665.773 270.000 167.000 0.000 1.000 1.000 1.000
b211e52ce31041468ead8de7766ca997 -125.831 64.243 652.749 270.000 166.000 0.000 1.000 1.000 1.000
e1ab5c6f7a3a444b92aa83e6fe6318a2 -61.384 60.309 651.939 321.142 202.053 359.740 1.000 1.000 1.000
b8feb5bb773f4981ae33d8802f02e1e8 -58.075 65.346 660.008 283.331 133.907 245.623 1.000 1.000 1.000
9bc07490eadb4094a7a582618e38da10 -59.925 65.189 680.804 279.000 257.000 91.000 1.000 1.000 1.000
2969ed12d1984d59b5e3b61a5f3e8a9f -67.129 65.528 714.394 270.000 350.000 0.000 1.000 1.000 1.000
74c3c616b5004db9a876e049089f5573 -59.190 64.778 657.136 283.331 133.907 283.623 1.000 1.000 1.000
74c3c616b5004db9a876e049089f5573 -56.992 65.389 663.137 283.331 133.907 254.623 1.000 1.000 1.000
74c3c616b5004db9a876e049089f5573 -67.702 65.249 717.641 270.000 350.000 0.000 1.000 1.000 1.000
74c3c616b5004db9a876e049089f5573 -66.587 65.249 711.318 270.000 350.000 0.000 1.000 1.000 1.000
74c3c616b5004db9a876e049089f5573 -60.568 64.923 684.033 279.000 257.000 91.000 1.000 1.000 1.000
74c3c616b5004db9a876e049089f5573 -59.190 64.905 677.558 279.000 257.000 91.000 1.000 1.000 1.000
74c3c616b5004db9a876e049089f5573 -62.082 57.509 650.174 321.142 202.053 194.740 1.000 1.000 1.000
74c3c616b5004db9a876e049089f5573 -60.515 62.784 654.125 321.142 202.053 198.740 1.000 1.000 1.000
74c3c616b5004db9a876e049089f5573 -64.246 65.249 700.209 270.000 349.000 0.000 1.000 1.000 1.000
b8feb5bb773f4981ae33d8802f02e1e8 -64.841 65.528 703.272 270.000 349.000 0.000 1.000 1.000 1.000
74c3c616b5004db9a876e049089f5573 -65.471 65.249 706.511 270.000 349.000 0.000 1.000 1.000 1.000
2969ed12d1984d59b5e3b61a5f3e8a9f -62.479 65.491 691.968 270.000 347.000 0.000 1.000 1.000 1.000
74c3c616b5004db9a876e049089f5573 -61.777 65.212 688.925 270.000 347.000 0.000 1.000 1.000 1.000
74c3c616b5004db9a876e049089f5573 -63.221 65.212 695.180 270.000 347.000 0.000 1.000 1.000 1.000
74c3c616b5004db9a876e049089f5573 -55.322 65.159 667.383 279.970 74.478 238.441 1.000 1.000 1.000
9bc07490eadb4094a7a582618e38da10 -56.521 65.499 670.482 279.969 74.478 263.441 1.000 1.000 1.000
74c3c616b5004db9a876e049089f5573 -57.800 65.290 673.521 279.970 74.477 250.442 1.000 1.000 1.000
1844f8668ac841cb8028e65af96f23e3 -56.592 63.872 657.099 270.000 -0.000 0.000 1.000 1.000 1.000
1844f8668ac841cb8028e65af96f23e3 -55.381 64.052 666.401 270.000 297.000 0.000 1.000 1.000 1.000
1844f8668ac841cb8028e65af96f23e3 -59.319 63.990 674.960 270.000 90.000 0.000 1.000 1.000 1.000
1844f8668ac841cb8028e65af96f23e3 -55.753 64.047 675.016 283.000 90.000 270.000 1.000 1.000 1.000
717ae274519f4f4fa760e6fbf4a3614b -64.246 65.778 700.301 270.000 78.000 0.000 1.000 1.000 1.000
82352cf5ad914f4cb9293fe22aec07ee -65.475 66.604 707.176 270.000 349.000 0.000 1.000 1.000 1.000
cb0d8bf87fca47e3b73f634959a9f523 -65.735 65.778 704.702 270.000 350.000 0.000 1.000 1.000 1.000
054a9392fed9484e950ff92d13631f06 -65.312 65.778 702.774 270.000 349.000 0.000 1.000 1.000 1.000
cb0d8bf87fca47e3b73f634959a9f523 -64.182 65.778 704.538 270.000 93.000 0.000 1.000 1.000 1.000
4ca1de6fdcc84b6bbc4a76c3ad394739 -63.644 66.105 701.169 270.000 -0.000 0.000 1.000 1.000 1.000
756faa5eea0b4df7b2602e1d77932057 -63.338 66.105 699.672 270.000 -0.000 0.000 1.000 1.000 1.000
aacd164d8e4041aab78179c7886f4461 -65.095 66.105 700.845 270.000 -0.000 0.000 1.000 1.000 1.000
aacd164d8e4041aab78179c7886f4461 -64.764 66.105 699.404 270.000 -0.000 0.000 1.000 1.000 1.000
aacd164d8e4041aab78179c7886f4461 -51.282 64.614 658.137 -0.000 5.000 180.001 1.000 1.000 1.000
aacd164d8e4041aab78179c7886f4461 -72.157 36.519 644.374 284.849 340.732 19.882 1.000 1.000 1.000
4ca1de6fdcc84b6bbc4a76c3ad394739 -64.735 36.990 650.579 319.036 104.415 248.591 1.000 1.000 1.000
756faa5eea0b4df7b2602e1d77932057 -62.268 38.567 645.276 331.000 90.000 270.000 1.000 1.000 1.000
054a9392fed9484e950ff92d13631f06 -56.885 64.636 656.283 289.985 115.539 232.933 1.000 1.000 1.000
cb0d8bf87fca47e3b73f634959a9f523 -58.058 65.477 659.261 284.203 132.429 213.650 1.000 1.000 1.000
82352cf5ad914f4cb9293fe22aec07ee -53.280 65.060 661.636 274.999 79.000 284.000 1.000 1.000 1.000
cb0d8bf87fca47e3b73f634959a9f523 -49.522 64.235 655.302 270.000 36.000 0.000 1.000 1.000 1.000
cb0d8bf87fca47e3b73f634959a9f523 -68.409 38.389 641.114 307.926 204.272 194.745 1.000 1.000 1.000
cb0d8bf87fca47e3b73f634959a9f523 -65.982 37.759 644.550 297.505 2.079 63.017 1.000 1.000 1.000
717ae274519f4f4fa760e6fbf4a3614b -70.774 36.303 650.697 281.219 261.091 177.717 1.000 1.000 1.000
054a9392fed9484e950ff92d13631f06 -69.330 36.318 645.608 282.000 169.000 108.000 1.000 1.000 1.000
054a9392fed9484e950ff92d13631f06 -59.503 65.349 676.991 279.000 257.000 91.000 1.000 1.000 1.000
cb0d8bf87fca47e3b73f634959a9f523 -61.193 65.279 681.425 279.000 257.000 134.000 1.000 1.000 1.000
cb0d8bf87fca47e3b73f634959a9f523 -61.376 65.369 684.754 279.000 257.000 66.000 1.000 1.000 1.000
cb0d8bf87fca47e3b73f634959a9f523 -58.648 65.618 679.921 279.000 257.000 66.000 1.000 1.000 1.000
aacd164d8e4041aab78179c7886f4461 -54.590 65.985 668.661 1.133 158.017 189.908 1.000 1.000 1.000
4ca1de6fdcc84b6bbc4a76c3ad394739 -53.907 65.591 666.919 288.876 127.112 212.116 1.000 1.000 1.000
756faa5eea0b4df7b2602e1d77932057 -56.927 66.327 669.866 355.492 212.229 105.665 1.000 1.000 1.000
756faa5eea0b4df7b2602e1d77932057 -56.520 66.103 672.605 5.778 129.330 188.141 1.000 1.000 1.000
4ca1de6fdcc84b6bbc4a76c3ad394739 -57.014 65.686 674.250 279.969 74.478 263.441 1.000 1.000 1.000
4ca1de6fdcc84b6bbc4a76c3ad394739 -52.890 64.469 671.794 345.000 90.000 270.000 1.000 1.000 1.000
b8feb5bb773f4981ae33d8802f02e1e8 -69.343 65.528 725.600 270.000 348.000 0.000 1.000 1.000 1.000
74c3c616b5004db9a876e049089f5573 -68.695 65.249 722.548 270.000 348.000 0.000 1.000 1.000 1.000
74c3c616b5004db9a876e049089f5573 -70.029 65.249 728.827 270.000 348.000 0.000 1.000 1.000 1.000
aa7fd5bc5e634a0c846770a28ff6cd65 -69.343 65.753 725.600 270.000 168.000 0.000 1.000 1.000 1.000
b8feb5bb773f4981ae33d8802f02e1e8 -71.691 65.528 736.843 270.000 349.000 0.000 1.000 1.000 1.000
74c3c616b5004db9a876e049089f5573 -71.095 65.249 733.780 270.000 349.000 0.000 1.000 1.000 1.000
74c3c616b5004db9a876e049089f5573 -72.320 65.249 740.082 270.000 349.000 0.000 1.000 1.000 1.000
aa7fd5bc5e634a0c846770a28ff6cd65 -73.856 65.753 747.984 270.000 169.000 0.000 1.000 1.000 1.000
b8feb5bb773f4981ae33d8802f02e1e8 -73.856 65.528 747.984 270.000 349.000 0.000 1.000 1.000 1.000
74c3c616b5004db9a876e049089f5573 -73.261 65.249 744.921 270.000 349.000 0.000 1.000 1.000 1.000
74c3c616b5004db9a876e049089f5573 -74.486 65.249 751.223 270.000 349.000 0.000 1.000 1.000 1.000
b8feb5bb773f4981ae33d8802f02e1e8 -76.248 65.528 759.234 270.000 349.000 0.000 1.000 1.000 1.000
74c3c616b5004db9a876e049089f5573 -75.652 65.249 756.171 270.000 349.000 0.000 1.000 1.000 1.000
74c3c616b5004db9a876e049089f5573 -76.877 65.249 762.473 270.000 349.000 0.000 1.000 1.000 1.000
74c3c616b5004db9a876e049089f5573 -77.653 65.249 767.592 270.000 349.000 0.000 1.000 1.000 1.000
d010fb4c4feb4f8fab81f1a5695617ba -76.248 65.753 759.234 270.000 169.000 0.000 1.000 1.000 1.000
4f2b60ecae204b899eec282891a79e05 -71.691 65.753 736.843 270.000 169.000 0.000 1.000 1.000 1.000
28c973094ebf4bcd8b669465052c841f -116.897 63.996 685.438 270.000 39.000 0.000 1.000 1.000 1.000
6125b4de591b44359237f6d7191dd919 -44.247 31.115 651.297 270.000 -0.000 0.000 1.000 1.000 1.000
bc4b9a034fe04c669285becc489d01a0 -46.372 63.996 691.704 270.000 351.000 0.000 1.000 1.000 1.000
bc4b9a034fe04c669285becc489d01a0 -53.018 63.996 735.178 270.000 351.000 0.000 1.000 1.000 1.000
5c95206b5e1b43658ab29d4488704609 -73.144 35.808 647.353 286.569 346.501 341.059 1.000 1.000 1.000
99a4abdb9e994fb9bc8f214939b76f95 -54.030 39.705 649.287 270.000 -0.000 0.000 1.000 1.000 1.000
862a4ad08b0b4899b35ef82309e47919 -57.272 54.422 663.120 338.382 187.462 178.292 0.415 0.415 0.200
b8feb5bb773f4981ae33d8802f02e1e8 -78.248 65.528 770.655 270.000 349.000 0.000 1.000 1.000 1.000
74c3c616b5004db9a876e049089f5573 -78.878 65.249 773.894 270.000 349.000 0.000 1.000 1.000 1.000
d010fb4c4feb4f8fab81f1a5695617ba -78.248 65.753 770.655 270.000 169.000 0.000 1.000 1.000 1.000
bc4b9a034fe04c669285becc489d01a0 -61.741 63.996 783.780 270.000 351.000 0.000 1.000 1.000 1.000
bc4b9a034fe04c669285becc489d01a0 -70.562 63.996 838.411 270.000 351.000 0.000 1.000 1.000 1.000
bc4b9a034fe04c669285becc489d01a0 -74.826 63.996 877.149 270.000 355.000 0.000 1.000 1.000 1.000
9bd2e0ef06e54927ae2f39394a466b8e -96.078 63.196 972.742 270.000 358.000 0.000 1.000 1.000 1.000
7e1ad0495e7d4d82bf79d631c07a9e3d -96.916 63.196 996.728 270.000 358.000 0.000 1.000 1.000 1.000
7e1ad0495e7d4d82bf79d631c07a9e3d -97.753 63.196 1020.713 270.000 358.000 0.000 1.000 1.000 1.000
6125b4de591b44359237f6d7191dd919 -93.363 64.021 981.125 270.000 -0.000 0.000 1.000 1.000 1.000
6125b4de591b44359237f6d7191dd919 -100.291 63.900 981.237 300.000 64.000 -0.000 1.000 1.000 1.000
6125b4de591b44359237f6d7191dd919 -97.364 69.435 985.053 270.000 -0.000 0.000 1.000 1.000 1.000
862a4ad08b0b4899b35ef82309e47919 -95.968 61.623 967.857 270.000 104.000 0.000 1.000 1.000 1.000
ee402fc9debe4f03bffb31a49eb04fb7 -98.637 62.436 972.202 270.000 -0.000 0.000 1.000 1.000 1.000
1844f8668ac841cb8028e65af96f23e3 -97.435 64.261 968.145 270.000 -0.000 0.000 1.000 1.000 1.000
1844f8668ac841cb8028e65af96f23e3 -94.747 63.872 962.806 270.000 266.000 0.000 1.000 1.000 1.000
1844f8668ac841cb8028e65af96f23e3 -91.456 64.112 967.880 270.000 231.000 0.000 1.000 1.000 1.000
19c615f4814e4faa8535b2aac4d40481 -99.240 65.344 964.120 270.000 -0.000 0.000 1.000 1.000 1.000
a1b84704e21440f59c4e55e2cee59dcd -99.520 64.399 958.863 270.000 -0.000 0.000 1.000 1.000 1.000
a1b84704e21440f59c4e55e2cee59dcd -91.197 64.391 961.734 270.000 255.000 0.000 1.000 1.000 1.000
a1b84704e21440f59c4e55e2cee59dcd -97.078 64.052 958.683 270.000 294.000 0.000 1.000 1.000 1.000
bc4b9a034fe04c669285becc489d01a0 -79.190 63.996 908.817 270.000 358.000 0.000 1.000 1.000 1.000
bc4b9a034fe04c669285becc489d01a0 -82.165 63.996 943.260 270.000 358.000 0.000 1.000 1.000 1.000
e0cb5fc3d4ef44e6a01fec03dcdf45da 96.181 64.204 -424.685 270.000 -0.000 0.000 1.000 1.000 1.000
e0cb5fc3d4ef44e6a01fec03dcdf45da 96.181 64.204 -419.685 270.000 -0.000 0.000 1.000 1.000 1.000
c6da7e342ae7483884baeeee88fb2bee 82.770 64.290 -413.858 270.000 225.000 0.000 1.000 1.000 1.000
8548fc360c554b399e98cde4d40eca5d 106.702 65.704 -391.260 285.000 270.000 90.000 1.000 1.000 1.000
7ef3c8fe72c5483dac2a960d3db45b39 114.817 67.590 -391.328 270.000 -0.000 0.000 1.000 1.000 1.000
cb0d8bf87fca47e3b73f634959a9f523 86.537 64.290 -413.897 270.000 331.000 0.000 1.000 1.000 1.000
cb0d8bf87fca47e3b73f634959a9f523 85.639 64.290 -415.026 270.000 313.000 0.000 1.000 1.000 1.000
cb0d8bf87fca47e3b73f634959a9f523 79.016 64.290 -413.792 270.000 231.000 0.000 1.000 1.000 1.000
054a9392fed9484e950ff92d13631f06 82.822 64.290 -417.386 270.000 43.000 0.000 1.000 1.000 1.000
4ca1de6fdcc84b6bbc4a76c3ad394739 82.919 64.312 -410.022 270.000 -0.000 0.000 1.000 1.000 1.000
756faa5eea0b4df7b2602e1d77932057 81.910 64.312 -410.563 270.000 -0.000 0.000 1.000 1.000 1.000
aacd164d8e4041aab78179c7886f4461 82.681 64.815 -411.310 -0.000 65.000 270.000 1.000 1.000 1.000
054a9392fed9484e950ff92d13631f06 80.426 64.290 -412.655 270.000 43.000 0.000 1.000 1.000 1.000
53ad0da716c547e89fa2d538b9cccb02 121.326 64.283 -421.981 270.000 180.000 0.000 1.000 1.000 1.000 House_04
cb0d8bf87fca47e3b73f634959a9f523 106.242 64.204 -390.232 270.000 354.000 0.000 1.000 1.000 1.000
cb0d8bf87fca47e3b73f634959a9f523 104.844 64.204 -390.198 270.000 5.000 0.000 1.000 1.000 1.000
717ae274519f4f4fa760e6fbf4a3614b 116.696 65.564 -384.928 345.000 270.000 90.000 1.000 1.000 1.000
8548fc360c554b399e98cde4d40eca5d 111.460 70.743 -416.386 353.000 90.000 270.000 1.000 1.000 1.000
0f6b8d0dfc67493e807beff37ca4cc5e 120.673 66.665 -416.220 270.000 -0.000 0.000 1.000 1.000 1.000
7ef3c8fe72c5483dac2a960d3db45b39 122.794 72.168 -416.270 270.000 -0.000 0.000 1.000 1.000 1.000
68339521990c4d70903dfd68da2cd886 118.058 64.283 -424.284 270.000 270.000 0.000 1.000 1.000 1.000
90da84de3f214d129de92b6ee8df60af 118.058 64.283 -426.147 270.000 270.000 0.000 1.000 1.000 1.000
8cffc239fd2d4a8383b0cc60399a5b35 124.261 64.283 -425.544 270.000 -0.000 0.000 1.000 1.000 1.000
b06ca473809a47a1bb47e72bedd0e421 123.098 64.283 -417.073 270.000 -0.000 0.000 1.000 1.000 1.000
a94b6d3b1d164f21a173548e3cb8a566 111.466 69.033 -420.538 270.000 180.000 0.000 1.000 1.000 1.000 Bed_1
0e8c0a20e8e947018e8e5859f0a4064f 109.028 69.033 -421.531 270.000 -0.000 0.000 1.000 1.000 1.000
0e8c0a20e8e947018e8e5859f0a4064f 113.935 69.033 -421.531 270.000 -0.000 0.000 1.000 1.000 1.000
29ea162548484889be12ecd51bf6294c 109.224 70.220 -421.762 270.000 133.000 0.000 1.000 1.000 1.000
29ea162548484889be12ecd51bf6294c 113.766 70.220 -421.716 270.000 59.000 0.000 1.000 1.000 1.000
f463c0c6285544ac86845d98a07d73a9 107.461 69.033 -425.036 270.000 90.000 0.000 1.000 1.000 1.000
4f2244b2de3c4af1bf8ca336b92172c6 107.429 70.899 -424.483 -0.000 0.000 0.000 1.000 1.000 1.000
366521728ff44c17a184f991a4c9cc27 107.251 70.276 -426.131 285.000 180.001 0.000 1.000 1.000 1.000
c3231627118d41d3b6fc4032edb79c46 107.314 69.211 -424.358 -0.000 17.000 0.000 1.000 1.000 1.000
6ca718d67ffc40f78f0a1ba4bbc1c403 107.324 70.071 -424.963 -0.000 0.000 0.000 1.000 1.000 1.000
b489a8a63fca4d179fd315cbae8b6ed7 125.876 71.483 -422.013 270.000 270.000 0.000 1.000 1.000 1.000
2e060a3768094817887d5f2c8d884d61 127.483 64.283 -425.832 270.000 330.000 0.000 1.000 1.000 1.000
9215cb84c2a942d084fa1dffa0031949 127.683 64.283 -424.549 270.000 -0.000 0.000 1.000 1.000 1.000
52d575ae564f46649523c98875130784 127.890 65.470 -425.574 270.000 191.001 0.000 1.000 1.000 1.000
87806c2130bc4bd8b4f3276edf2222a6 111.115 64.283 -418.397 270.000 270.000 0.000 1.000 1.000 1.000
87806c2130bc4bd8b4f3276edf2222a6 108.648 64.283 -418.397 270.000 270.000 0.000 1.000 1.000 1.000
9215cb84c2a942d084fa1dffa0031949 111.136 64.283 -417.311 270.000 -0.000 0.000 1.000 1.000 1.000
9215cb84c2a942d084fa1dffa0031949 108.739 64.283 -417.311 270.000 -0.000 0.000 1.000 1.000 1.000
9215cb84c2a942d084fa1dffa0031949 111.136 64.283 -419.491 270.000 180.000 0.000 1.000 1.000 1.000
9215cb84c2a942d084fa1dffa0031949 108.739 64.283 -419.491 270.000 180.000 0.000 1.000 1.000 1.000
9215cb84c2a942d084fa1dffa0031949 107.246 64.283 -418.391 270.000 270.000 0.000 1.000 1.000 1.000
9215cb84c2a942d084fa1dffa0031949 112.532 64.283 -418.493 270.000 90.000 0.000 1.000 1.000 1.000
6b1dc75a2d88411bbc3af6843e71db02 112.251 67.286 -422.481 270.000 180.000 0.000 1.000 1.000 1.000
ce6db4c70aee4e59afa82271d2aca431 126.650 65.470 -426.228 270.000 120.000 0.000 1.000 1.000 1.000
ef0f7002a7624ffcbca5cea957da6605 123.286 64.004 -415.659 270.000 35.000 0.000 1.000 1.000 1.000
ef0f7002a7624ffcbca5cea957da6605 119.430 64.004 -415.673 270.000 209.000 0.000 1.000 1.000 1.000
8fcf88ad84054270aa190663b3f9550b 111.038 65.470 -418.452 270.000 -0.000 0.000 1.000 1.000 1.000
8fcf88ad84054270aa190663b3f9550b 108.796 65.470 -418.433 270.000 -0.000 0.000 1.000 1.000 1.000
1938738b6f8d44bab2c6af105451d26c 126.455 65.470 -425.616 270.000 -0.000 0.000 1.000 1.000 1.000
cb6965c6613f4d42a5dc6dcf2ef17e2d 116.306 64.476 -389.926 324.653 286.961 65.208 1.000 1.000 1.000
cb6965c6613f4d42a5dc6dcf2ef17e2d 116.462 68.181 -390.050 44.350 298.628 100.236 1.000 1.000 1.000
cb6965c6613f4d42a5dc6dcf2ef17e2d 78.791 67.462 -413.944 13.978 89.356 265.893 1.000 1.000 1.000
cb6965c6613f4d42a5dc6dcf2ef17e2d 109.006 72.451 -424.010 34.000 90.000 270.000 1.000 1.000 1.000
cb6965c6613f4d42a5dc6dcf2ef17e2d 108.843 72.019 -426.348 21.762 55.769 342.834 1.166 1.166 1.166
7ce113ae9f3345c5b30be33a602d4980 79.411 65.650 -415.153 350.000 45.000 180.000 1.000 1.000 1.000
7a7212d2746742fa8141682e965f84cc 107.372 67.628 -414.234 -0.000 180.000 270.000 1.000 1.000 1.000
7a7212d2746742fa8141682e965f84cc 113.416 67.628 -414.234 -0.000 180.000 270.000 1.000 1.000 1.000
d5784f764b73498c946f29fa3655850c 110.544 64.204 -379.607 270.000 -0.000 0.000 1.000 1.000 1.000
ff5cbfca73df49928a5a87d18b943ba7 91.544 63.941 -379.607 270.000 -0.000 0.000 1.000 1.000 1.000
f040bebd4d524dd0823ff939d1041d80 110.544 64.204 -379.607 270.000 -0.000 0.000 1.000 1.000 1.000
8a75fef7daab4e4d9067a2e2c6a1c748 110.544 65.199 -379.607 -0.000 270.000 90.000 1.000 1.000 1.000
68155e3ccabf49369cf5b9622f6a7185 91.544 64.668 -379.607 270.000 -0.000 0.000 1.000 1.000 1.000
8548fc360c554b399e98cde4d40eca5d 114.189 65.905 -367.999 -0.000 90.000 270.000 1.000 1.000 1.000
0f6b8d0dfc67493e807beff37ca4cc5e 110.457 67.543 -367.870 270.000 -0.000 0.000 1.000 1.000 1.000
0f6b8d0dfc67493e807beff37ca4cc5e 109.668 67.760 -367.870 270.000 165.000 0.000 1.000 1.000 1.000
054a9392fed9484e950ff92d13631f06 115.712 64.204 -369.346 270.000 6.000 0.000 1.000 1.000 1.000
8a75fef7daab4e4d9067a2e2c6a1c748 104.547 65.842 -377.435 345.000 90.000 270.000 1.000 1.000 1.000
8a75fef7daab4e4d9067a2e2c6a1c748 104.547 65.842 -371.758 15.000 270.000 106.000 1.000 1.000 1.000
cb6965c6613f4d42a5dc6dcf2ef17e2d 106.325 66.502 -367.822 -0.000 180.000 180.000 1.000 1.000 1.000
cb6965c6613f4d42a5dc6dcf2ef17e2d 109.949 69.320 -375.095 270.000 262.000 0.000 1.238 1.238 1.238
cb6965c6613f4d42a5dc6dcf2ef17e2d 113.238 69.320 -381.031 270.000 85.000 0.000 1.238 1.238 1.238
34af62084fc3401eb960900aa3a759c8 25.462 63.996 275.564 270.000 70.000 0.000 1.000 1.000 1.000
bc4b9a034fe04c669285becc489d01a0 122.084 64.006 328.822 270.000 325.000 0.000 1.000 1.000 1.000
bc4b9a034fe04c669285becc489d01a0 100.422 63.996 354.423 270.000 327.000 0.000 1.000 1.000 1.000
25f82f8261264d5eb12f99d80bbe2d89 15.366 63.997 292.162 270.000 150.000 0.000 1.000 1.000 1.000
bc4b9a034fe04c669285becc489d01a0 79.291 63.996 387.057 270.000 327.000 0.000 1.000 1.000 1.000
bc4b9a034fe04c669285becc489d01a0 54.711 64.003 427.218 270.000 333.000 0.000 1.000 1.000 1.000
bc4b9a034fe04c669285becc489d01a0 32.064 63.996 471.110 270.000 336.000 0.000 1.000 1.000 1.000
bc4b9a034fe04c669285becc489d01a0 11.383 63.996 512.080 270.000 336.000 0.000 1.000 1.000 1.000
6436696de282428aa7860eefc46c9c13 61.710 62.099 1150.460 270.000 -0.000 0.000 1.000 1.000 1.000
d24d5180464b4894933d5ce922dc932e 145.405 64.007 -417.149 270.000 135.000 0.000 1.000 1.000 1.000
cf45d6da9d6a4e129da721948b0b3a8a 129.985 65.847 -414.331 270.000 -0.000 0.000 1.000 1.000 1.000
ae22774b549f44d29926a956ac6c0a4d 132.147 69.033 -421.876 270.000 90.000 0.000 1.000 1.000 1.000
87806c2130bc4bd8b4f3276edf2222a6 130.045 69.033 -421.876 270.000 -0.000 0.000 1.000 1.000 1.000
584641f35e8540ec85ed88f3aca40622 132.146 69.033 -419.602 270.000 -0.000 0.000 1.000 1.000 1.000
584641f35e8540ec85ed88f3aca40622 132.146 69.033 -424.046 270.000 -0.000 0.000 1.000 1.000 1.000
050dbe869b1c4fd5b215c552d145effd 136.291 64.283 -426.729 270.000 90.000 0.000 1.000 1.000 1.000
050dbe869b1c4fd5b215c552d145effd 136.291 64.283 -423.763 270.000 90.000 0.000 1.000 1.000 1.000
050dbe869b1c4fd5b215c552d145effd 136.291 64.283 -420.832 270.000 90.000 0.000 1.000 1.000 1.000
050dbe869b1c4fd5b215c552d145effd 132.291 64.283 -425.220 270.000 270.000 0.000 1.000 1.000 1.000
050dbe869b1c4fd5b215c552d145effd 132.291 64.283 -423.787 270.000 270.000 0.000 1.000 1.000 1.000
050dbe869b1c4fd5b215c552d145effd 132.291 64.283 -420.821 270.000 270.000 0.000 1.000 1.000 1.000
050dbe869b1c4fd5b215c552d145effd 132.291 64.283 -426.718 270.000 270.000 0.000 1.000 1.000 1.000
050dbe869b1c4fd5b215c552d145effd 132.291 64.283 -419.323 270.000 270.000 0.000 1.000 1.000 1.000
050dbe869b1c4fd5b215c552d145effd 136.291 64.283 -417.880 270.000 90.000 0.000 1.000 1.000 1.000
050dbe869b1c4fd5b215c552d145effd 132.291 64.283 -417.868 270.000 270.000 0.000 1.000 1.000 1.000
0aeeefaf364f46f9906aff76c40c6d2b 136.291 64.283 -422.265 270.000 90.000 0.000 1.000 1.000 1.000
56e56fe3b9f24351aa37af59b4869584 136.291 64.283 -425.126 270.000 90.000 0.000 1.000 1.000 1.000
a305bcc1cdaa486fb91d05201e7d3e6f 136.076 64.283 -419.335 270.000 90.000 0.000 1.000 1.000 1.000
086b683233c245968b38d98c2c9e10f1 132.545 64.283 -422.289 270.000 270.000 0.000 1.000 1.000 1.000
98e78ae063ac4fb3bc382a03e437260d 132.304 65.633 -417.912 270.000 284.000 0.000 1.000 1.000 1.000
6fb78536e8cb4b01b6050a2efb3d912c 132.254 65.633 -425.263 270.000 270.000 0.000 1.000 1.000 1.000
2d1daa0412b94503aa57a5b422187d48 132.321 65.633 -420.331 270.000 270.000 0.000 1.000 1.000 1.000
9215cb84c2a942d084fa1dffa0031949 128.954 64.283 -425.903 270.000 90.000 0.000 1.000 1.000 1.000
050dbe869b1c4fd5b215c552d145effd 136.291 68.665 -426.729 90.000 270.000 0.000 1.000 1.000 1.000
050dbe869b1c4fd5b215c552d145effd 136.291 68.665 -425.230 90.000 270.000 0.000 1.000 1.000 1.000
050dbe869b1c4fd5b215c552d145effd 136.291 68.665 -423.749 90.000 270.000 0.000 1.000 1.000 1.000
050dbe869b1c4fd5b215c552d145effd 136.291 68.665 -419.362 90.000 270.000 0.000 1.000 1.000 1.000
050dbe869b1c4fd5b215c552d145effd 136.291 68.665 -420.835 90.000 270.000 0.000 1.000 1.000 1.000
050dbe869b1c4fd5b215c552d145effd 136.291 68.665 -422.298 90.000 270.000 0.000 1.000 1.000 1.000
050dbe869b1c4fd5b215c552d145effd 136.291 68.665 -417.908 90.000 270.000 0.000 1.000 1.000 1.000
1938738b6f8d44bab2c6af105451d26c 130.553 70.220 -422.875 270.000 -0.000 0.000 1.000 1.000 1.000
7a7212d2746742fa8141682e965f84cc 133.876 67.628 -414.234 -0.000 180.000 270.000 1.000 1.000 1.000
7a7212d2746742fa8141682e965f84cc 128.790 67.628 -414.234 -0.000 180.000 270.000 1.000 1.000 1.000
68155e3ccabf49369cf5b9622f6a7185 129.545 64.112 -379.602 274.000 185.000 175.000 1.000 1.000 1.000
68155e3ccabf49369cf5b9622f6a7185 129.073 65.151 -381.256 273.999 185.000 0.000 1.000 1.000 1.000
ff5cbfca73df49928a5a87d18b943ba7 129.543 63.919 -379.619 270.000 -0.000 0.000 1.000 1.000 1.000
28c973094ebf4bcd8b669465052c841f 140.411 63.996 152.770 270.000 133.000 0.000 1.000 1.000 1.000
28c973094ebf4bcd8b669465052c841f 152.511 63.996 142.036 270.000 130.000 0.000 1.000 1.000 1.000
28c973094ebf4bcd8b669465052c841f 164.941 63.996 131.565 270.000 130.000 0.000 1.000 1.000 1.000
bc4b9a034fe04c669285becc489d01a0 236.877 63.996 209.980 270.000 311.000 0.000 1.000 1.000 1.000
bc4b9a034fe04c669285becc489d01a0 203.877 64.004 240.271 270.000 316.000 0.000 1.000 1.000 1.000
1844f8668ac841cb8028e65af96f23e3 136.722 63.755 175.406 270.000 -0.000 0.000 1.000 1.000 1.000
19c615f4814e4faa8535b2aac4d40481 136.939 64.196 175.324 270.000 -0.000 0.000 1.000 1.000 1.000
90da84de3f214d129de92b6ee8df60af 136.742 63.833 175.121 288.300 60.118 298.615 1.000 1.000 1.000
1844f8668ac841cb8028e65af96f23e3 137.961 63.821 175.754 270.000 120.000 0.000 1.000 1.000 1.000
bc4b9a034fe04c669285becc489d01a0 178.758 64.004 263.921 270.000 322.000 0.000 1.000 1.000 1.000
bc4b9a034fe04c669285becc489d01a0 155.919 64.004 289.260 270.000 322.000 0.000 1.000 1.000 1.000
8113a5ac6b5a41bfa740f148038703e0 251.404 64.222 725.082 270.000 282.000 0.000 1.000 1.000 1.000
0f6b8d0dfc67493e807beff37ca4cc5e 253.669 67.500 718.730 270.000 192.001 0.000 1.000 1.000 1.000
a94b6d3b1d164f21a173548e3cb8a566 255.465 64.222 720.648 270.000 192.001 0.000 1.000 1.000 1.000 Bed_1
0e8c0a20e8e947018e8e5859f0a4064f 253.001 64.222 720.355 270.000 192.001 0.000 1.000 1.000 1.000
29ea162548484889be12ecd51bf6294c 253.329 65.409 719.884 270.000 169.000 0.000 1.000 1.000 1.000
52d575ae564f46649523c98875130784 253.322 65.409 720.683 270.000 261.000 0.000 1.000 1.000 1.000
050dbe869b1c4fd5b215c552d145effd 255.755 64.222 729.187 270.000 12.000 0.000 1.000 1.000 1.000
086b683233c245968b38d98c2c9e10f1 254.131 64.222 729.359 270.000 12.000 0.000 1.000 1.000 1.000
7a7212d2746742fa8141682e965f84cc 254.991 67.576 718.307 -0.000 192.000 270.000 1.000 1.000 1.000
df2c5172b7dd47d5a15b3429d20586bf 308.478 64.004 -701.834 284.143 191.171 65.123 1.000 1.000 1.000
1844f8668ac841cb8028e65af96f23e3 307.884 63.697 -704.497 270.000 -0.000 0.000 1.000 1.000 1.000
1844f8668ac841cb8028e65af96f23e3 316.169 63.606 -701.439 270.000 240.000 0.000 1.000 1.000 1.000
1844f8668ac841cb8028e65af96f23e3 318.513 63.630 -699.524 270.000 -0.000 0.000 1.000 1.000 1.000
1844f8668ac841cb8028e65af96f23e3 314.252 63.658 -706.506 270.000 92.000 0.000 1.000 1.000 1.000
1844f8668ac841cb8028e65af96f23e3 298.811 63.579 -705.110 270.000 -0.000 0.000 1.000 1.000 1.000
1844f8668ac841cb8028e65af96f23e3 284.785 63.275 -702.106 270.000 276.000 0.000 1.000 1.000 1.000
1844f8668ac841cb8028e65af96f23e3 276.739 63.485 -709.683 270.000 286.000 0.000 1.000 1.000 1.000
19c615f4814e4faa8535b2aac4d40481 316.592 64.004 -704.689 270.000 -0.000 0.000 1.000 1.000 1.000
19c615f4814e4faa8535b2aac4d40481 318.727 64.004 -698.147 270.000 236.000 0.000 1.000 1.000 1.000
19c615f4814e4faa8535b2aac4d40481 287.778 64.004 -703.221 270.000 295.000 0.000 1.000 1.000 1.000
19c615f4814e4faa8535b2aac4d40481 271.864 63.816 -711.885 270.000 297.000 0.000 1.000 1.000 1.000
1844f8668ac841cb8028e65af96f23e3 286.195 63.502 -714.912 270.000 186.003 0.000 1.000 1.000 1.000
1844f8668ac841cb8028e65af96f23e3 303.897 63.434 -693.795 270.000 114.000 0.000 1.000 1.000 1.000
cb0d8bf87fca47e3b73f634959a9f523 295.087 63.435 -711.416 293.906 139.691 222.859 1.000 1.000 1.000
cb0d8bf87fca47e3b73f634959a9f523 284.516 63.118 -709.369 286.000 270.000 90.000 1.000 1.000 1.000
cb0d8bf87fca47e3b73f634959a9f523 291.264 63.481 -705.122 294.000 0.000 305.000 1.000 1.000 1.000
054a9392fed9484e950ff92d13631f06 288.602 62.576 -708.032 270.000 16.000 0.000 1.000 1.000 1.000
054a9392fed9484e950ff92d13631f06 275.662 63.126 -705.700 286.908 45.633 315.633 1.000 1.000 1.000
054a9392fed9484e950ff92d13631f06 264.514 62.947 -711.390 283.000 200.000 180.000 1.000 1.000 1.000
5c95206b5e1b43658ab29d4488704609 290.359 63.521 -712.096 300.736 125.495 264.667 1.000 1.000 1.000
5c95206b5e1b43658ab29d4488704609 282.659 63.475 -706.004 292.173 255.010 248.112 1.000 1.000 1.000
7f8696ce80214d3ebb1e0287fbc3a8ac 286.684 62.541 -535.674 270.000 -0.000 0.000 1.000 1.000 1.000
7f8696ce80214d3ebb1e0287fbc3a8ac 306.684 62.541 -535.674 270.000 -0.000 0.000 1.000 1.000 1.000
7f8696ce80214d3ebb1e0287fbc3a8ac 346.684 62.541 -535.674 270.000 -0.000 0.000 1.000 1.000 1.000
7f8696ce80214d3ebb1e0287fbc3a8ac 326.684 62.541 -535.674 270.000 -0.000 0.000 1.000 1.000 1.000
7f8696ce80214d3ebb1e0287fbc3a8ac 366.684 62.541 -535.674 270.000 -0.000 0.000 1.000 1.000 1.000
7f8696ce80214d3ebb1e0287fbc3a8ac 306.684 62.541 -555.674 270.000 -0.000 0.000 1.000 1.000 1.000
7f8696ce80214d3ebb1e0287fbc3a8ac 326.684 62.541 -555.674 270.000 -0.000 0.000 1.000 1.000 1.000
7f8696ce80214d3ebb1e0287fbc3a8ac 286.684 62.541 -555.674 270.000 -0.000 0.000 1.000 1.000 1.000
7f8696ce80214d3ebb1e0287fbc3a8ac 346.684 62.541 -555.674 270.000 -0.000 0.000 1.000 1.000 1.000
7f8696ce80214d3ebb1e0287fbc3a8ac 366.684 62.541 -555.674 270.000 -0.000 0.000 1.000 1.000 1.000
7f8696ce80214d3ebb1e0287fbc3a8ac 306.684 62.541 -575.674 270.000 -0.000 0.000 1.000 1.000 1.000
7f8696ce80214d3ebb1e0287fbc3a8ac 326.684 62.541 -575.674 270.000 -0.000 0.000 1.000 1.000 1.000
7f8696ce80214d3ebb1e0287fbc3a8ac 346.684 62.541 -575.674 270.000 -0.000 0.000 1.000 1.000 1.000
7f8696ce80214d3ebb1e0287fbc3a8ac 286.684 62.541 -515.674 270.000 -0.000 0.000 1.000 1.000 1.000
7f8696ce80214d3ebb1e0287fbc3a8ac 306.684 62.541 -515.674 270.000 -0.000 0.000 1.000 1.000 1.000
7f8696ce80214d3ebb1e0287fbc3a8ac 326.684 62.541 -515.674 270.000 -0.000 0.000 1.000 1.000 1.000
7f8696ce80214d3ebb1e0287fbc3a8ac 346.684 62.541 -515.674 270.000 -0.000 0.000 1.000 1.000 1.000
7f8696ce80214d3ebb1e0287fbc3a8ac 366.684 62.541 -515.674 270.000 -0.000 0.000 1.000 1.000 1.000
6123b0bb5c3a409bb38ad2c2abab8dbb 373.384 64.200 -523.764 270.000 264.000 0.000 1.000 1.000 1.000
6123b0bb5c3a409bb38ad2c2abab8dbb 373.828 64.200 -527.987 270.000 264.000 0.000 1.000 1.000 1.000
eba9c90a66b54c2d89b7fc4f95698310 364.551 63.253 -514.450 270.000 67.000 0.000 1.000 1.000 1.000
eba9c90a66b54c2d89b7fc4f95698310 359.028 63.253 -516.795 270.000 67.000 0.000 1.000 1.000 1.000
456dadaeae094821a2d446aa4f77cb9e 327.124 62.591 -524.699 0.000 293.000 90.000 1.000 1.000 1.000
409d6c60f1334fe7886b20c6f280fb7f 361.268 62.591 -518.914 270.000 67.000 0.000 1.000 1.000 1.000
c2ea9b50d4d640438800b9ff553ec627 382.878 65.197 -512.414 270.000 337.000 0.000 1.000 1.000 1.000
7f8696ce80214d3ebb1e0287fbc3a8ac 306.684 62.541 -495.674 270.000 -0.000 0.000 1.000 1.000 1.000
7f8696ce80214d3ebb1e0287fbc3a8ac 326.684 62.541 -495.674 270.000 -0.000 0.000 1.000 1.000 1.000
7f8696ce80214d3ebb1e0287fbc3a8ac 346.684 62.541 -495.674 270.000 -0.000 0.000 1.000 1.000 1.000
7f8696ce80214d3ebb1e0287fbc3a8ac 366.684 62.541 -495.674 270.000 -0.000 0.000 1.000 1.000 1.000
6123b0bb5c3a409bb38ad2c2abab8dbb 366.173 65.007 -498.250 270.000 226.000 0.000 1.000 1.000 1.000
6123b0bb5c3a409bb38ad2c2abab8dbb 363.223 65.007 -495.195 270.000 226.000 0.000 1.000 1.000 1.000
8548fc360c554b399e98cde4d40eca5d 381.677 66.889 -502.358 270.000 337.000 0.000 1.000 1.000 1.000
0f6b8d0dfc67493e807beff37ca4cc5e 379.501 67.612 -508.166 270.028 247.000 0.000 1.000 1.000 1.000
0f6b8d0dfc67493e807beff37ca4cc5e 380.226 67.612 -509.875 270.028 247.000 0.000 1.000 1.000 1.000
e7572f0283b8411fbbc55ee6cae3bb97 383.869 65.197 -503.775 270.000 337.000 0.000 1.000 1.000 1.000 Bed_1
8242af6ef10e42ce9a2a31df1e0c2767 379.126 65.171 -505.833 270.028 247.000 0.000 1.000 1.000 1.000 Wardrobe_0
7a7212d2746742fa8141682e965f84cc 382.995 68.620 -501.600 -0.000 337.000 270.000 1.000 1.000 1.000
6125b4de591b44359237f6d7191dd919 375.866 65.089 -12.616 69.000 0.000 0.000 1.000 1.000 1.000
6125b4de591b44359237f6d7191dd919 379.514 69.749 -15.708 295.034 69.851 40.960 1.000 1.000 1.000
bc4b9a034fe04c669285becc489d01a0 372.377 63.996 116.213 270.000 301.000 0.000 1.000 1.000 1.000
bc4b9a034fe04c669285becc489d01a0 338.826 63.996 139.046 270.000 301.000 0.000 1.000 1.000 1.000
bc4b9a034fe04c669285becc489d01a0 303.766 63.996 160.619 270.000 304.000 0.000 1.000 1.000 1.000
bc4b9a034fe04c669285becc489d01a0 275.735 63.996 179.977 270.000 304.000 0.000 1.000 1.000 1.000
4590100ec9704b73adeb03fe53f0d087 348.781 64.172 496.086 270.000 105.000 0.000 1.000 1.000 1.000
4590100ec9704b73adeb03fe53f0d087 370.031 64.172 501.780 270.000 45.000 0.000 1.000 1.000 1.000
4590100ec9704b73adeb03fe53f0d087 333.225 64.172 511.643 270.000 165.000 0.000 1.000 1.000 1.000
049a125ccb8f47d9b385d5b7e30fcc86 342.642 64.255 501.139 270.000 14.991 0.000 1.000 1.000 1.000
8113a5ac6b5a41bfa740f148038703e0 344.978 64.172 501.011 270.000 285.000 0.000 1.000 1.000 1.000
8113a5ac6b5a41bfa740f148038703e0 371.373 64.172 496.107 270.000 135.000 0.000 1.000 1.000 1.000
8548fc360c554b399e98cde4d40eca5d 366.874 67.302 497.070 64.000 315.000 270.000 1.000 1.000 1.000
cf45d6da9d6a4e129da721948b0b3a8a 343.720 67.052 498.790 82.000 195.000 270.000 1.000 1.000 1.000
7ef3c8fe72c5483dac2a960d3db45b39 374.130 67.402 505.879 270.000 45.000 0.000 1.000 1.000 1.000
0f6b8d0dfc67493e807beff37ca4cc5e 349.569 66.617 501.819 270.000 15.000 0.000 1.000 1.000 1.000
0f6b8d0dfc67493e807beff37ca4cc5e 365.024 67.483 498.718 270.000 225.000 0.000 1.000 1.000 1.000
6436696de282428aa7860eefc46c9c13 381.710 62.099 510.460 270.000 -0.000 0.000 1.000 1.000 1.000
e7572f0283b8411fbbc55ee6cae3bb97 337.728 64.172 509.298 270.000 165.000 0.000 1.000 1.000 1.000 Bed_0
e7572f0283b8411fbbc55ee6cae3bb97 330.374 64.172 507.327 270.000 165.000 0.000 1.000 1.000 1.000 Bed_1
a94b6d3b1d164f21a173548e3cb8a566 345.055 64.172 493.525 270.000 195.000 0.000 1.000 1.000 1.000 Bed_1
e7572f0283b8411fbbc55ee6cae3bb97 370.481 64.172 507.094 270.000 315.000 0.000 1.000 1.000 1.000 Bed_0
e7572f0283b8411fbbc55ee6cae3bb97 364.557 64.172 501.171 270.000 315.000 0.000 1.000 1.000 1.000 Bed_1
8242af6ef10e42ce9a2a31df1e0c2767 353.358 64.172 500.205 270.000 15.000 0.000 1.000 1.000 1.000 Wardrobe_1
8388edfa33b84f78ad7f5d277412433b 373.676 64.172 498.135 270.000 135.000 0.000 1.000 1.000 1.000 Wardrobe_0
9215cb84c2a942d084fa1dffa0031949 332.192 64.172 511.938 270.000 216.000 0.000 1.000 1.000 1.000
9215cb84c2a942d084fa1dffa0031949 350.234 64.172 491.181 270.000 216.000 0.000 1.000 1.000 1.000
2e060a3768094817887d5f2c8d884d61 351.154 64.172 492.344 270.000 -0.000 0.000 1.000 1.000 1.000
9215cb84c2a942d084fa1dffa0031949 352.459 64.172 491.615 270.000 126.000 0.000 1.000 1.000 1.000
9215cb84c2a942d084fa1dffa0031949 371.903 64.172 502.031 270.000 28.000 0.000 1.000 1.000 1.000
2e060a3768094817887d5f2c8d884d61 371.155 64.172 500.751 270.000 172.000 0.000 1.000 1.000 1.000
9215cb84c2a942d084fa1dffa0031949 369.760 64.172 501.291 270.000 298.000 0.000 1.000 1.000 1.000
f463c0c6285544ac86845d98a07d73a9 376.400 64.091 502.728 270.000 45.000 0.000 1.000 1.000 1.000
4f2244b2de3c4af1bf8ca336b92172c6 376.576 65.110 502.182 -0.000 0.000 0.000 1.000 1.000 1.000
6ca718d67ffc40f78f0a1ba4bbc1c403 375.589 66.129 503.372 300.000 315.000 -0.000 1.000 1.000 1.000
c3231627118d41d3b6fc4032edb79c46 370.969 65.436 501.582 -0.000 220.000 0.000 1.000 1.000 1.000
584641f35e8540ec85ed88f3aca40622 346.628 64.172 491.615 270.000 15.000 0.000 1.000 1.000 1.000
584641f35e8540ec85ed88f3aca40622 342.727 64.172 492.660 270.000 15.000 0.000 1.000 1.000 1.000
b06ca473809a47a1bb47e72bedd0e421 348.251 64.172 501.225 270.000 295.000 0.000 1.000 1.000 1.000
6b1dc75a2d88411bbc3af6843e71db02 327.575 67.256 511.475 270.000 255.000 0.000 1.000 1.000 1.000
7a7212d2746742fa8141682e965f84cc 334.775 67.552 505.972 -0.000 165.000 270.000 1.000 1.000 1.000
7a7212d2746742fa8141682e965f84cc 354.589 67.552 494.499 -0.000 106.000 270.000 1.000 1.000 1.000
7a7212d2746742fa8141682e965f84cc 343.267 67.552 497.746 -0.000 106.000 270.000 1.000 1.000 1.000
7a7212d2746742fa8141682e965f84cc 374.244 67.552 505.983 -0.000 225.000 270.000 1.000 1.000 1.000
7a7212d2746742fa8141682e965f84cc 365.915 67.552 497.654 -0.000 225.000 270.000 1.000 1.000 1.000
4590100ec9704b73adeb03fe53f0d087 338.919 64.172 532.893 270.000 225.000 0.000 1.000 1.000 1.000
2db512fea15a4434bafe0c45a0dd2016 354.475 63.878 517.337 270.000 45.000 0.000 1.000 1.000 1.000
fdfdd8af09954fc4b48471b70822ff96 362.202 63.902 519.407 270.000 75.000 0.000 1.000 1.000 1.000
fdfdd8af09954fc4b48471b70822ff96 356.545 63.935 525.064 270.000 15.000 0.000 1.000 1.000 1.000
eba9c90a66b54c2d89b7fc4f95698310 376.112 62.302 554.430 270.000 225.000 0.000 1.000 1.000 1.000
eba9c90a66b54c2d89b7fc4f95698310 380.355 62.302 558.672 270.000 225.000 0.000 1.000 1.000 1.000
eba9c90a66b54c2d89b7fc4f95698310 382.810 62.302 566.785 270.000 135.000 0.000 1.000 1.000 1.000
6123b0bb5c3a409bb38ad2c2abab8dbb 378.239 63.559 539.230 270.000 221.000 0.000 1.000 1.000 1.000
6123b0bb5c3a409bb38ad2c2abab8dbb 375.052 63.559 542.001 270.000 221.000 0.000 1.000 1.000 1.000
6123b0bb5c3a409bb38ad2c2abab8dbb 362.712 63.559 552.728 270.000 221.000 0.000 1.000 1.000 1.000
6123b0bb5c3a409bb38ad2c2abab8dbb 359.525 63.559 555.498 270.000 221.000 0.000 1.000 1.000 1.000
6123b0bb5c3a409bb38ad2c2abab8dbb 356.375 63.559 558.236 270.000 221.000 0.000 1.000 1.000 1.000
6123b0bb5c3a409bb38ad2c2abab8dbb 353.188 63.559 561.007 270.000 221.000 0.000 1.000 1.000 1.000
409d6c60f1334fe7886b20c6f280fb7f 379.677 61.706 561.872 310.000 316.000 90.000 1.000 1.000 1.000
456dadaeae094821a2d446aa4f77cb9e 344.049 64.544 537.502 312.000 45.000 270.000 1.000 1.000 1.000
8113a5ac6b5a41bfa740f148038703e0 344.712 64.172 531.785 270.000 135.000 0.000 1.000 1.000 1.000
8113a5ac6b5a41bfa740f148038703e0 328.258 64.172 515.403 270.000 345.000 0.000 1.000 1.000 1.000
c6da7e342ae7483884baeeee88fb2bee 318.487 64.162 527.990 270.000 285.000 0.000 1.000 1.000 1.000
cf45d6da9d6a4e129da721948b0b3a8a 330.528 66.013 516.696 270.000 165.000 0.000 1.000 1.000 1.000
8548fc360c554b399e98cde4d40eca5d 341.930 67.033 537.820 22.000 135.000 90.000 1.000 1.000 1.000
0f6b8d0dfc67493e807beff37ca4cc5e 321.977 66.309 526.355 270.000 285.000 0.000 1.000 1.000 1.000
7ef3c8fe72c5483dac2a960d3db45b39 338.713 66.564 513.395 270.000 75.000 0.000 1.000 1.000 1.000
7ef3c8fe72c5483dac2a960d3db45b39 343.400 67.421 536.646 270.000 225.000 0.000 1.000 1.000 1.000
68339521990c4d70903dfd68da2cd886 320.084 64.162 524.713 270.000 195.000 0.000 1.000 1.000 1.000
90da84de3f214d129de92b6ee8df60af 318.529 64.162 525.123 270.000 195.000 0.000 1.000 1.000 1.000
87806c2130bc4bd8b4f3276edf2222a6 316.121 64.162 525.968 270.000 105.000 0.000 1.000 1.000 1.000
a305bcc1cdaa486fb91d05201e7d3e6f 316.619 64.162 531.354 270.000 15.000 0.000 1.000 1.000 1.000
0aeeefaf364f46f9906aff76c40c6d2b 319.593 64.162 530.809 270.000 15.000 0.000 1.000 1.000 1.000
050dbe869b1c4fd5b215c552d145effd 318.144 64.162 531.197 270.000 15.000 0.000 1.000 1.000 1.000
2d1daa0412b94503aa57a5b422187d48 318.113 65.512 531.202 270.000 6.000 0.000 1.000 1.000 1.000
91dbbf923c8c401bb6b2d56084783f73 320.936 64.162 530.493 270.000 15.000 0.000 1.000 1.000 1.000
449513fcccb0441abbc8ac47ca0e4440 356.362 65.123 524.466 270.000 99.000 0.000 1.000 1.000 1.000
a94b6d3b1d164f21a173548e3cb8a566 336.550 64.172 530.424 270.000 225.000 0.000 1.000 1.000 1.000 Bed_1
8388edfa33b84f78ad7f5d277412433b 333.220 64.172 534.419 270.000 315.000 0.000 1.000 1.000 1.000 Wardrobe_0
8242af6ef10e42ce9a2a31df1e0c2767 335.373 64.172 517.585 270.000 345.000 0.000 1.000 1.000 1.000 Wardrobe_0
52d575ae564f46649523c98875130784 361.943 65.090 519.463 270.000 316.000 0.000 1.000 1.000 1.000
2e060a3768094817887d5f2c8d884d61 333.111 64.172 513.101 270.000 -0.000 0.000 1.000 1.000 1.000
9215cb84c2a942d084fa1dffa0031949 334.417 64.172 512.372 270.000 126.000 0.000 1.000 1.000 1.000
2e060a3768094817887d5f2c8d884d61 338.914 64.172 538.346 270.000 2.000 0.000 1.000 1.000 1.000
9215cb84c2a942d084fa1dffa0031949 340.193 64.172 537.571 270.000 128.000 0.000 1.000 1.000 1.000
9215cb84c2a942d084fa1dffa0031949 337.954 64.172 537.215 270.000 218.000 0.000 1.000 1.000 1.000
b06ca473809a47a1bb47e72bedd0e421 337.494 64.172 514.583 270.000 -0.000 0.000 1.000 1.000 1.000
82b2685c3bb845a596e14fe2f719471e 320.969 63.996 535.711 270.000 285.000 0.000 1.000 1.000 1.000
7a7212d2746742fa8141682e965f84cc 343.072 67.552 537.184 -0.000 225.000 270.000 1.000 1.000 1.000
7a7212d2746742fa8141682e965f84cc 334.743 67.552 528.855 -0.000 225.000 270.000 1.000 1.000 1.000
7a7212d2746742fa8141682e965f84cc 331.727 67.552 517.349 -0.000 165.000 270.000 1.000 1.000 1.000
eba9c90a66b54c2d89b7fc4f95698310 284.365 62.302 726.189 270.000 255.000 0.000 1.000 1.000 1.000
eba9c90a66b54c2d89b7fc4f95698310 290.161 62.302 727.742 270.000 255.000 0.000 1.000 1.000 1.000
eba9c90a66b54c2d89b7fc4f95698310 295.957 62.302 729.295 270.000 255.000 0.000 1.000 1.000 1.000
eba9c90a66b54c2d89b7fc4f95698310 293.331 62.302 732.732 270.000 165.000 0.000 1.000 1.000 1.000
eba9c90a66b54c2d89b7fc4f95698310 301.752 62.302 730.848 270.000 255.000 0.000 1.000 1.000 1.000
6123b0bb5c3a409bb38ad2c2abab8dbb 279.850 63.787 714.187 270.000 251.000 0.000 1.000 1.000 1.000
6123b0bb5c3a409bb38ad2c2abab8dbb 281.233 63.787 710.170 270.000 251.000 0.000 1.000 1.000 1.000
6123b0bb5c3a409bb38ad2c2abab8dbb 283.998 63.787 702.140 270.000 251.000 0.000 1.000 1.000 1.000
6123b0bb5c3a409bb38ad2c2abab8dbb 282.615 63.787 706.157 270.000 251.000 0.000 1.000 1.000 1.000
6123b0bb5c3a409bb38ad2c2abab8dbb 272.062 63.642 735.456 270.000 246.000 0.000 1.000 1.000 1.000
6123b0bb5c3a409bb38ad2c2abab8dbb 270.334 63.642 739.338 270.000 246.000 0.000 1.000 1.000 1.000
6123b0bb5c3a409bb38ad2c2abab8dbb 268.608 63.642 743.215 270.000 246.000 0.000 1.000 1.000 1.000
6123b0bb5c3a409bb38ad2c2abab8dbb 266.880 63.642 747.096 270.000 246.000 0.000 1.000 1.000 1.000
5feb0d40c34d4117912b4df420bea1b7 270.995 63.967 716.202 270.000 39.000 0.000 1.000 1.000 1.000
4590100ec9704b73adeb03fe53f0d087 256.191 64.222 724.064 270.000 192.001 0.000 1.000 1.000 1.000
049a125ccb8f47d9b385d5b7e30fcc86 299.651 61.736 733.276 319.000 169.000 90.000 1.000 1.000 1.000
8388edfa33b84f78ad7f5d277412433b 261.762 64.222 725.553 270.000 102.000 0.000 1.000 1.000 1.000 Wardrobe_1
0e8c0a20e8e947018e8e5859f0a4064f 257.708 64.222 719.354 270.000 192.001 0.000 1.000 1.000 1.000
b06ca473809a47a1bb47e72bedd0e421 260.831 64.222 721.294 270.000 -0.000 0.000 1.000 1.000 1.000
29ea162548484889be12ecd51bf6294c 257.225 65.409 719.055 270.000 57.000 0.000 1.000 1.000 1.000
050dbe869b1c4fd5b215c552d145effd 258.676 64.222 728.566 270.000 12.000 0.000 1.000 1.000 1.000
0aeeefaf364f46f9906aff76c40c6d2b 257.214 64.222 728.877 270.000 12.000 0.000 1.000 1.000 1.000
050dbe869b1c4fd5b215c552d145effd 260.108 64.222 728.262 270.000 12.000 0.000 1.000 1.000 1.000
2d1daa0412b94503aa57a5b422187d48 260.004 65.572 728.183 270.000 16.000 0.000 1.000 1.000 1.000
7a7212d2746742fa8141682e965f84cc 257.426 67.576 729.767 -0.000 192.000 270.000 1.000 1.000 1.000
6436696de282428aa7860eefc46c9c13 381.710 62.099 830.460 270.000 -0.000 0.000 1.000 1.000 1.000
6436696de282428aa7860eefc46c9c13 381.710 62.099 1150.460 270.000 -0.000 0.000 1.000 1.000 1.000
7a7212d2746742fa8141682e965f84cc 387.491 68.620 -512.193 -0.000 337.000 270.000 1.000 1.000 1.000
4590100ec9704b73adeb03fe53f0d087 385.211 65.197 -506.936 270.000 337.000 0.000 1.000 1.000 1.000
8113a5ac6b5a41bfa740f148038703e0 386.716 65.197 -500.972 270.000 337.000 0.000 1.000 1.000 1.000
87806c2130bc4bd8b4f3276edf2222a6 389.606 65.197 -505.633 270.000 157.000 0.000 1.000 1.000 1.000
9215cb84c2a942d084fa1dffa0031949 388.721 65.197 -505.996 270.000 252.000 0.000 1.000 1.000 1.000
cb0d8bf87fca47e3b73f634959a9f523 386.948 65.197 -511.203 270.000 345.000 0.000 1.000 1.000 1.000
becc624cee1a4845808af80472ee9310 387.001 66.447 -511.346 270.000 156.000 0.000 1.000 1.000 1.000
9bd2e0ef06e54927ae2f39394a466b8e 415.029 63.368 -11.572 270.000 296.000 0.000 1.000 1.000 1.000
9bd2e0ef06e54927ae2f39394a466b8e 393.458 63.368 -1.051 270.000 116.000 0.000 1.000 1.000 1.000
6125b4de591b44359237f6d7191dd919 415.709 64.981 -31.495 358.185 86.435 333.056 1.000 1.000 1.000
862a4ad08b0b4899b35ef82309e47919 420.763 79.356 -9.539 76.175 215.170 69.054 1.075 1.116 1.091
6125b4de591b44359237f6d7191dd919 409.260 73.615 -26.943 28.488 23.114 349.171 1.000 1.000 1.000
862a4ad08b0b4899b35ef82309e47919 384.466 77.730 -5.678 293.318 217.250 221.056 1.000 1.000 1.000
862a4ad08b0b4899b35ef82309e47919 384.599 74.154 -9.192 48.613 29.252 288.027 1.000 1.000 1.000
4949e86434394254b4d3a1c69dd042f1 394.015 78.096 -16.629 283.679 223.119 349.513 1.000 1.000 1.000
862a4ad08b0b4899b35ef82309e47919 409.307 80.745 -14.283 73.324 316.046 237.047 1.000 1.000 1.000
4949e86434394254b4d3a1c69dd042f1 399.178 73.561 -34.868 290.240 184.008 165.586 1.000 1.000 1.000
862a4ad08b0b4899b35ef82309e47919 390.387 75.825 -27.054 80.799 15.947 36.627 1.000 1.000 1.000
99a4abdb9e994fb9bc8f214939b76f95 417.286 78.003 -21.992 351.097 293.171 100.563 0.536 0.660 1.089
862a4ad08b0b4899b35ef82309e47919 413.966 74.581 -23.199 311.758 191.054 183.748 1.000 1.000 1.000
862a4ad08b0b4899b35ef82309e47919 423.963 75.680 -5.416 304.379 33.968 225.379 1.000 1.018 1.000
6125b4de591b44359237f6d7191dd919 394.107 64.622 18.624 31.228 250.468 14.146 1.000 1.000 1.000
862a4ad08b0b4899b35ef82309e47919 393.708 74.798 9.761 318.623 40.108 177.300 1.000 1.000 1.000
862a4ad08b0b4899b35ef82309e47919 393.388 78.942 4.447 71.638 195.290 356.036 1.000 1.000 1.000
4949e86434394254b4d3a1c69dd042f1 405.128 73.921 12.032 299.881 2.915 9.385 1.000 1.000 1.000
4949e86434394254b4d3a1c69dd042f1 413.227 76.731 5.124 287.247 32.163 6.124 1.000 1.000 1.000
6125b4de591b44359237f6d7191dd919 431.193 66.322 0.186 270.000 -0.000 0.000 1.000 1.000 1.000
862a4ad08b0b4899b35ef82309e47919 400.442 78.795 1.643 81.132 226.834 216.714 1.000 1.000 1.000
862a4ad08b0b4899b35ef82309e47919 411.200 70.835 21.672 292.694 335.119 283.693 1.000 1.000 1.000
bc4b9a034fe04c669285becc489d01a0 505.451 63.998 47.112 270.000 293.000 0.000 1.000 1.000 1.000
bc4b9a034fe04c669285becc489d01a0 471.111 64.003 63.919 270.000 293.000 0.000 1.000 1.000 1.000
bc4b9a034fe04c669285becc489d01a0 439.012 63.996 78.844 270.000 295.000 0.000 1.000 1.000 1.000
bc4b9a034fe04c669285becc489d01a0 407.275 63.996 96.837 270.000 297.000 0.000 1.000 1.000 1.000
eba9c90a66b54c2d89b7fc4f95698310 394.458 62.302 543.885 270.000 225.000 0.000 1.000 1.000 1.000
eba9c90a66b54c2d89b7fc4f95698310 398.701 62.302 548.128 270.000 225.000 0.000 1.000 1.000 1.000
eba9c90a66b54c2d89b7fc4f95698310 390.215 62.302 539.643 270.000 225.000 0.000 1.000 1.000 1.000
eba9c90a66b54c2d89b7fc4f95698310 388.840 62.302 567.158 270.000 225.000 0.000 1.000 1.000 1.000
eba9c90a66b54c2d89b7fc4f95698310 384.597 62.302 562.915 270.000 225.000 0.000 1.000 1.000 1.000
6123b0bb5c3a409bb38ad2c2abab8dbb 389.797 63.559 529.183 270.000 221.000 0.000 1.000 1.000 1.000
6123b0bb5c3a409bb38ad2c2abab8dbb 392.984 63.559 526.413 270.000 221.000 0.000 1.000 1.000 1.000
6123b0bb5c3a409bb38ad2c2abab8dbb 399.321 63.559 520.904 270.000 221.000 0.000 1.000 1.000 1.000
6123b0bb5c3a409bb38ad2c2abab8dbb 396.134 63.559 523.675 270.000 221.000 0.000 1.000 1.000 1.000
4590100ec9704b73adeb03fe53f0d087 482.667 64.236 845.587 270.000 330.000 0.000 1.000 1.000 1.000
eba9c90a66b54c2d89b7fc4f95698310 457.803 62.302 818.934 270.000 45.000 0.000 1.000 1.000 1.000
eba9c90a66b54c2d89b7fc4f95698310 453.561 62.302 814.691 270.000 45.000 0.000 1.000 1.000 1.000
eba9c90a66b54c2d89b7fc4f95698310 449.318 62.302 810.448 270.000 45.000 0.000 1.000 1.000 1.000
eba9c90a66b54c2d89b7fc4f95698310 449.599 62.302 816.386 270.000 135.000 0.000 1.000 1.000 1.000
6123b0bb5c3a409bb38ad2c2abab8dbb 456.500 63.614 836.236 270.000 236.000 0.000 1.000 1.000 1.000
6123b0bb5c3a409bb38ad2c2abab8dbb 454.840 63.614 840.013 270.000 256.000 0.000 1.000 1.000 1.000
6123b0bb5c3a409bb38ad2c2abab8dbb 454.365 63.614 844.166 270.000 271.000 0.000 1.000 1.000 1.000
6123b0bb5c3a409bb38ad2c2abab8dbb 454.994 63.614 848.308 270.000 286.000 0.000 1.000 1.000 1.000
6123b0bb5c3a409bb38ad2c2abab8dbb 472.964 63.614 818.661 270.000 221.000 0.000 1.000 1.000 1.000
6123b0bb5c3a409bb38ad2c2abab8dbb 476.101 63.614 815.934 270.000 221.000 0.000 1.000 1.000 1.000
6123b0bb5c3a409bb38ad2c2abab8dbb 479.296 63.614 813.157 270.000 221.000 0.000 1.000 1.000 1.000
456dadaeae094821a2d446aa4f77cb9e 451.466 61.715 819.299 276.000 332.000 -0.000 1.000 1.000 1.000
8113a5ac6b5a41bfa740f148038703e0 488.528 64.236 843.220 270.000 150.000 0.000 1.000 1.000 1.000
7ef3c8fe72c5483dac2a960d3db45b39 478.156 66.452 841.828 270.000 240.000 0.000 1.000 1.000 1.000
e7572f0283b8411fbbc55ee6cae3bb97 484.691 64.236 850.744 270.000 330.000 0.000 1.000 1.000 1.000 Bed_1
8388edfa33b84f78ad7f5d277412433b 476.918 64.236 848.214 270.000 330.000 0.000 1.000 1.000 1.000 Wardrobe_1
c2ea9b50d4d640438800b9ff553ec627 481.589 64.236 839.722 270.000 240.000 0.000 1.000 1.000 1.000
c2ea9b50d4d640438800b9ff553ec627 484.895 64.236 841.631 270.000 240.000 0.000 1.000 1.000 1.000
2e060a3768094817887d5f2c8d884d61 481.604 64.236 844.993 270.000 330.000 0.000 1.000 1.000 1.000
9215cb84c2a942d084fa1dffa0031949 481.820 64.236 846.484 270.000 -0.000 0.000 1.000 1.000 1.000
0e8c0a20e8e947018e8e5859f0a4064f 482.509 64.236 850.624 270.000 330.000 0.000 1.000 1.000 1.000
29ea162548484889be12ecd51bf6294c 482.475 65.424 851.082 270.000 197.000 0.000 1.000 1.000 1.000
366521728ff44c17a184f991a4c9cc27 482.742 65.496 850.199 -0.000 273.000 0.000 1.000 1.000 1.000
4f2244b2de3c4af1bf8ca336b92172c6 482.716 65.693 850.125 -0.000 284.000 0.000 1.000 1.000 1.000
b06ca473809a47a1bb47e72bedd0e421 477.412 64.236 844.611 270.000 -0.000 0.000 1.000 1.000 1.000
ce6db4c70aee4e59afa82271d2aca431 481.850 65.424 844.769 270.000 60.000 0.000 1.000 1.000 1.000
7a7212d2746742fa8141682e965f84cc 485.438 67.604 840.486 -0.000 331.000 270.000 1.000 1.000 1.000
7a7212d2746742fa8141682e965f84cc 479.727 67.604 850.788 -0.000 331.000 270.000 1.000 1.000 1.000
bc4b9a034fe04c669285becc489d01a0 633.961 63.996 -512.874 270.000 163.000 0.000 1.000 1.000 1.000
bc4b9a034fe04c669285becc489d01a0 619.351 64.095 -401.224 270.000 177.000 0.000 1.000 1.000 1.000
bc4b9a034fe04c669285becc489d01a0 622.432 63.996 -436.204 270.000 172.000 0.000 1.000 1.000 1.000
bc4b9a034fe04c669285becc489d01a0 627.165 63.996 -471.899 270.000 171.000 0.000 1.000 1.000 1.000
bc4b9a034fe04c669285becc489d01a0 618.777 64.203 -277.330 270.000 183.001 0.000 1.000 1.000 1.000
bc4b9a034fe04c669285becc489d01a0 616.646 64.255 -316.648 270.000 180.000 0.000 1.000 1.000 1.000
bc4b9a034fe04c669285becc489d01a0 616.062 64.245 -351.193 270.000 180.000 0.000 1.000 1.000 1.000
bc4b9a034fe04c669285becc489d01a0 632.131 63.996 -144.608 270.000 188.002 0.000 1.000 1.000 1.000
bc4b9a034fe04c669285becc489d01a0 627.893 63.996 -173.337 270.000 188.002 0.000 1.000 1.000 1.000
bc4b9a034fe04c669285becc489d01a0 622.979 64.004 -212.638 270.000 188.002 0.000 1.000 1.000 1.000
bc4b9a034fe04c669285becc489d01a0 620.670 64.092 -245.490 270.000 183.001 0.000 1.000 1.000 1.000
28c973094ebf4bcd8b669465052c841f 547.954 63.996 -81.329 270.000 111.000 0.000 1.000 1.000 1.000
28c973094ebf4bcd8b669465052c841f 563.240 63.996 -86.873 270.000 109.000 0.000 1.000 1.000 1.000
bc4b9a034fe04c669285becc489d01a0 638.452 63.996 -113.840 270.000 193.000 0.000 1.000 1.000 1.000
bc4b9a034fe04c669285becc489d01a0 620.956 64.001 1.235 270.000 289.000 0.000 1.000 1.000 1.000
bc4b9a034fe04c669285becc489d01a0 586.097 63.996 12.374 270.000 289.000 0.000 1.000 1.000 1.000
bc4b9a034fe04c669285becc489d01a0 543.097 64.004 29.641 270.000 293.000 0.000 1.000 1.000 1.000
bd08a6928a6a4113bfd725d54f6ced91 736.344 64.353 -535.797 270.000 345.000 0.000 1.000 1.000 1.000
5bfcadf69ea843499917251013a252d9 703.041 64.285 -549.906 270.000 345.000 0.000 1.000 1.000 1.000
4a874717e96245638786ae053fca74e5 673.839 63.996 -552.257 270.000 255.000 0.000 1.000 1.000 1.000
4a874717e96245638786ae053fca74e5 677.980 63.996 -567.712 270.000 255.000 0.000 1.000 1.000 1.000
3ae249c445724a41b7a2621e1864bdc1 675.806 64.150 -547.633 270.000 75.000 0.000 1.000 1.000 1.000
3ae249c445724a41b7a2621e1864bdc1 676.828 63.996 -551.446 270.000 75.000 0.000 1.000 1.000 1.000
3ae249c445724a41b7a2621e1864bdc1 678.912 63.996 -559.223 270.000 75.000 0.000 1.000 1.000 1.000
3ae249c445724a41b7a2621e1864bdc1 677.890 63.996 -555.410 270.000 75.000 0.000 1.000 1.000 1.000
3ae249c445724a41b7a2621e1864bdc1 680.979 63.996 -566.937 270.000 75.000 0.000 1.000 1.000 1.000
3ae249c445724a41b7a2621e1864bdc1 679.957 63.996 -563.124 270.000 75.000 0.000 1.000 1.000 1.000
3ae249c445724a41b7a2621e1864bdc1 682.012 63.996 -570.794 270.000 75.000 0.000 1.000 1.000 1.000
4a874717e96245638786ae053fca74e5 646.145 63.996 -559.746 270.000 75.000 0.000 1.000 1.000 1.000
3ae249c445724a41b7a2621e1864bdc1 646.235 63.996 -572.047 270.000 255.000 0.000 1.000 1.000 1.000
4a874717e96245638786ae053fca74e5 650.286 63.996 -575.201 270.000 75.000 0.000 1.000 1.000 1.000
3ae249c445724a41b7a2621e1864bdc1 647.297 63.996 -576.012 270.000 255.000 0.000 1.000 1.000 1.000
3ae249c445724a41b7a2621e1864bdc1 645.214 63.996 -568.234 270.000 255.000 0.000 1.000 1.000 1.000
3ae249c445724a41b7a2621e1864bdc1 644.168 63.996 -564.333 270.000 255.000 0.000 1.000 1.000 1.000
3ae249c445724a41b7a2621e1864bdc1 648.319 63.996 -579.825 270.000 255.000 0.000 1.000 1.000 1.000
3ae249c445724a41b7a2621e1864bdc1 643.147 63.996 -560.521 270.000 255.000 0.000 1.000 1.000 1.000
3ae249c445724a41b7a2621e1864bdc1 642.113 63.996 -556.664 270.000 255.000 0.000 1.000 1.000 1.000
a31640c238084120a4cc7dce956cb7eb 661.740 63.996 -563.286 270.000 165.000 0.000 1.000 1.000 1.000
a31640c238084120a4cc7dce956cb7eb 661.999 63.996 -564.252 270.000 345.000 0.000 1.000 1.000 1.000
cb0d8bf87fca47e3b73f634959a9f523 724.350 64.353 -550.882 270.000 312.000 0.000 1.000 1.000 1.000
cb0d8bf87fca47e3b73f634959a9f523 725.299 64.353 -549.493 270.000 14.000 0.000 1.000 1.000 1.000
cb0d8bf87fca47e3b73f634959a9f523 725.969 64.353 -550.990 270.000 355.000 0.000 1.000 1.000 1.000
054a9392fed9484e950ff92d13631f06 753.666 64.353 -542.965 270.000 -0.000 0.000 1.000 1.000 1.000
054a9392fed9484e950ff92d13631f06 718.233 64.353 -538.422 270.000 258.000 0.000 1.000 1.000 1.000
cb0d8bf87fca47e3b73f634959a9f523 749.529 64.353 -522.952 270.000 46.000 0.000 1.000 1.000 1.000
cb0d8bf87fca47e3b73f634959a9f523 750.728 64.353 -523.989 270.000 13.000 0.000 1.000 1.000 1.000
cb0d8bf87fca47e3b73f634959a9f523 749.070 64.353 -524.478 270.000 52.000 0.000 1.000 1.000 1.000
cb0d8bf87fca47e3b73f634959a9f523 749.639 65.586 -523.732 270.000 27.000 0.000 1.000 1.000 1.000
cb0d8bf87fca47e3b73f634959a9f523 717.685 64.353 -536.679 270.000 72.000 0.000 1.000 1.000 1.000
e0cb5fc3d4ef44e6a01fec03dcdf45da 753.912 64.353 -533.961 270.000 75.000 0.000 1.000 1.000 1.000
e0cb5fc3d4ef44e6a01fec03dcdf45da 712.205 64.285 -547.450 270.000 75.000 0.000 1.000 1.000 1.000
717ae274519f4f4fa760e6fbf4a3614b 696.571 64.285 -562.431 270.000 329.000 0.000 1.000 1.000 1.000
717ae274519f4f4fa760e6fbf4a3614b 694.990 64.285 -545.866 270.000 62.000 0.000 1.000 1.000 1.000
4ca1de6fdcc84b6bbc4a76c3ad394739 694.705 64.593 -546.698 270.000 -0.000 0.000 1.000 1.000 1.000
4ca1de6fdcc84b6bbc4a76c3ad394739 694.153 64.593 -545.645 270.000 -0.000 0.000 1.000 1.000 1.000
4ca1de6fdcc84b6bbc4a76c3ad394739 695.476 64.593 -544.817 270.000 -0.000 0.000 1.000 1.000 1.000
4ca1de6fdcc84b6bbc4a76c3ad394739 696.028 64.593 -546.113 270.000 -0.000 0.000 1.000 1.000 1.000
756faa5eea0b4df7b2602e1d77932057 696.453 64.618 -563.341 270.000 -0.000 0.000 1.000 1.000 1.000
756faa5eea0b4df7b2602e1d77932057 695.653 64.618 -562.157 270.000 -0.000 0.000 1.000 1.000 1.000
756faa5eea0b4df7b2602e1d77932057 697.537 64.618 -562.540 270.000 -0.000 0.000 1.000 1.000 1.000
756faa5eea0b4df7b2602e1d77932057 696.728 64.618 -561.357 270.000 -0.000 0.000 1.000 1.000 1.000
ee9d9df6316c44f0a4069894dace3d87 677.202 64.001 -50.104 270.000 21.000 0.000 1.000 1.000 1.000
ee9d9df6316c44f0a4069894dace3d87 667.423 64.004 -20.497 270.000 192.001 0.000 1.000 1.000 1.000
34af62084fc3401eb960900aa3a759c8 647.012 63.996 -88.730 270.000 203.000 0.000 1.000 1.000 1.000
34af62084fc3401eb960900aa3a759c8 663.135 63.996 -112.348 270.000 30.000 0.000 1.000 1.000 1.000
bc4b9a034fe04c669285becc489d01a0 747.326 63.996 -37.634 270.000 279.000 0.000 1.000 1.000 1.000
bc4b9a034fe04c669285becc489d01a0 699.190 64.001 -24.903 270.000 286.000 0.000 1.000 1.000 1.000
bc4b9a034fe04c669285becc489d01a0 660.272 64.004 -13.341 270.000 286.000 0.000 1.000 1.000 1.000
bc4b9a034fe04c669285becc489d01a0 652.390 63.996 -47.450 270.000 199.000 0.000 1.000 1.000 1.000
bc4b9a034fe04c669285becc489d01a0 644.494 63.996 -74.221 270.000 193.000 0.000 1.000 1.000 1.000
25f82f8261264d5eb12f99d80bbe2d89 666.778 63.996 -93.208 270.000 285.000 0.000 1.000 1.000 1.000
25f82f8261264d5eb12f99d80bbe2d89 643.521 63.996 -108.701 270.000 105.000 0.000 1.000 1.000 1.000
7a341f820672458192a7faad2b75fa4e 675.335 64.000 -47.265 270.000 20.000 0.000 1.000 1.000 1.000
7a341f820672458192a7faad2b75fa4e 669.691 64.004 -23.014 270.000 191.001 0.000 1.000 1.000 1.000
28c973094ebf4bcd8b669465052c841f 714.922 63.996 75.788 270.000 10.000 0.000 1.000 1.000 1.000
28c973094ebf4bcd8b669465052c841f 711.284 63.996 60.019 270.000 16.000 0.000 1.000 1.000 1.000
bc4b9a034fe04c669285becc489d01a0 700.980 63.996 7.825 270.000 16.000 0.000 1.000 1.000 1.000
bc4b9a034fe04c669285becc489d01a0 710.849 63.996 42.363 270.000 10.000 0.000 1.000 1.000 1.000
bc4b9a034fe04c669285becc489d01a0 720.231 63.996 85.944 270.000 7.000 0.000 1.000 1.000 1.000
bc4b9a034fe04c669285becc489d01a0 720.731 63.996 116.053 270.000 4.000 0.000 1.000 1.000 1.000
b832729132a546a29eaedac06b84a46f 709.912 64.254 207.323 270.000 -0.000 0.000 1.000 1.000 1.000
b832729132a546a29eaedac06b84a46f 709.912 64.254 255.323 270.000 -0.000 0.000 1.000 1.000 1.000
27501590239d4699a8dc001efa4dee37 709.912 64.254 183.323 270.000 -0.000 0.000 1.000 1.000 1.000
b832729132a546a29eaedac06b84a46f 685.912 64.254 231.323 270.000 90.000 0.000 1.000 1.000 1.000
27501590239d4699a8dc001efa4dee37 661.912 64.254 231.323 270.000 90.000 0.000 1.000 1.000 1.000
80f026c0d82d497e8d7b5a994a8ee126 671.795 64.092 204.114 270.000 90.000 0.000 1.000 1.000 1.000
7f8696ce80214d3ebb1e0287fbc3a8ac 681.795 64.073 204.114 270.000 90.000 0.000 1.000 1.000 1.000
7f8696ce80214d3ebb1e0287fbc3a8ac 661.795 64.073 204.114 270.000 90.000 0.000 1.000 1.000 1.000
a82c23bbfc9e4991824fab4a381cf0d9 687.298 64.123 204.081 270.000 270.000 0.000 1.000 1.000 1.000
a82c23bbfc9e4991824fab4a381cf0d9 656.298 64.123 204.081 270.000 90.000 0.000 1.000 1.000 1.000
c6c4219aca5c47eca96284662a5620bf 687.166 64.237 254.129 270.000 270.000 0.000 1.000 1.000 1.000
6e3ca6bc668446abb996bf0a60ef31e7 685.052 64.241 179.841 270.000 270.000 0.000 1.000 1.000 1.000
bec22e8664b54b06aaee361c062980e3 709.912 64.254 231.323 270.000 90.000 0.000 1.000 1.000 1.000
b832729132a546a29eaedac06b84a46f 733.912 64.254 231.323 270.000 90.000 0.000 1.000 1.000 1.000
b832729132a546a29eaedac06b84a46f 757.912 64.254 231.323 270.000 90.000 0.000 1.000 1.000 1.000
fbc6a34ebb67439c967d924bbe0486d1 662.491 64.249 254.277 270.000 270.000 0.000 1.000 1.000 1.000
40921a1a3cd742f69cc25cc25b856572 672.983 64.004 187.441 270.000 -0.000 0.000 1.000 1.000 1.000
40921a1a3cd742f69cc25cc25b856572 668.825 64.004 187.441 270.000 -0.000 0.000 1.000 1.000 1.000
40921a1a3cd742f69cc25cc25b856572 666.731 64.004 185.376 270.000 270.000 0.000 1.000 1.000 1.000
40921a1a3cd742f69cc25cc25b856572 666.731 64.004 181.173 270.000 270.000 0.000 1.000 1.000 1.000
40921a1a3cd742f69cc25cc25b856572 672.983 64.004 179.107 270.000 180.000 0.000 1.000 1.000 1.000
40921a1a3cd742f69cc25cc25b856572 668.825 64.004 179.107 270.000 180.000 0.000 1.000 1.000 1.000
1e95865e2a3d40fb935df83ddbf06458 732.968 64.273 204.596 270.000 90.000 0.000 1.000 1.000 1.000 House_04
ab34e1ff0bf440a08eb459f43aac73bf 734.795 64.233 179.179 270.000 -0.000 0.000 1.000 1.000 1.000 House_04
b032d4d1a1094da5b2ab6374cd7f06c2 758.965 64.222 195.407 270.000 270.000 0.000 1.000 1.000 1.000 House_09
99662274a5d645f9bd210808c47a7dd0 720.095 64.654 220.928 270.000 -0.000 0.000 1.000 1.000 1.000
99662274a5d645f9bd210808c47a7dd0 699.785 64.654 221.308 270.000 90.000 0.000 1.000 1.000 1.000
99662274a5d645f9bd210808c47a7dd0 699.829 64.654 241.709 270.000 180.000 0.000 1.000 1.000 1.000
99662274a5d645f9bd210808c47a7dd0 720.203 64.654 241.625 270.000 270.000 0.000 1.000 1.000 1.000
bc4b9a034fe04c669285becc489d01a0 722.339 64.004 151.793 270.000 1.000 0.000 1.000 1.000 1.000
84b3a672bc0643d1b12b2b345a88ba46 689.713 65.583 181.280 270.000 107.000 0.000 1.000 1.000 1.000
84b3a672bc0643d1b12b2b345a88ba46 759.798 65.336 253.710 270.000 180.000 0.000 1.000 1.000 1.000
ae22774b549f44d29926a956ac6c0a4d 757.180 64.254 249.945 270.000 270.000 0.000 1.000 1.000 1.000
ae22774b549f44d29926a956ac6c0a4d 759.884 64.254 247.282 270.000 180.000 0.000 1.000 1.000 1.000
0e8c0a20e8e947018e8e5859f0a4064f 757.405 64.254 247.513 270.000 -0.000 0.000 1.000 1.000 1.000
6ca718d67ffc40f78f0a1ba4bbc1c403 757.520 65.507 247.547 0.000 229.000 0.000 1.000 1.000 1.000
e9f0b774202d420aa3a2b0dc661570da 729.032 64.226 252.599 270.000 270.000 0.000 1.000 1.000 1.000
84b3a672bc0643d1b12b2b345a88ba46 728.548 65.476 252.106 270.000 165.000 0.000 1.000 1.000 1.000
8548fc360c554b399e98cde4d40eca5d 761.986 66.006 246.367 270.000 -0.000 0.000 1.000 1.000 1.000
cf45d6da9d6a4e129da721948b0b3a8a 687.712 66.203 246.517 270.000 -0.000 0.000 1.000 1.000 1.000
cf45d6da9d6a4e129da721948b0b3a8a 650.699 67.236 254.983 90.000 270.000 0.000 1.000 1.000 1.000
8548fc360c554b399e98cde4d40eca5d 694.653 65.989 185.732 -0.000 180.000 270.000 1.000 1.000 1.000
cf45d6da9d6a4e129da721948b0b3a8a 725.239 67.296 176.362 90.000 270.000 0.000 1.000 1.000 1.000
8548fc360c554b399e98cde4d40eca5d 725.375 65.707 209.370 270.000 270.000 0.000 1.000 1.000 1.000
8548fc360c554b399e98cde4d40eca5d 762.304 65.702 207.040 270.000 180.000 0.000 1.000 1.000 1.000
8548fc360c554b399e98cde4d40eca5d 753.306 67.265 183.816 90.000 180.000 0.000 1.000 1.000 1.000
0f6b8d0dfc67493e807beff37ca4cc5e 661.635 67.659 250.526 270.000 -0.000 0.000 1.000 1.000 1.000
0f6b8d0dfc67493e807beff37ca4cc5e 694.888 67.551 254.915 270.000 270.000 0.000 1.000 1.000 1.000
7ef3c8fe72c5483dac2a960d3db45b39 690.015 66.661 248.094 270.000 270.000 0.000 1.000 1.000 1.000
7ef3c8fe72c5483dac2a960d3db45b39 694.794 67.555 177.382 270.000 90.000 0.000 1.000 1.000 1.000
0f6b8d0dfc67493e807beff37ca4cc5e 694.757 67.719 184.088 270.000 90.000 0.000 1.000 1.000 1.000
0f6b8d0dfc67493e807beff37ca4cc5e 729.344 67.526 171.367 270.000 -0.000 0.000 1.000 1.000 1.000
0f6b8d0dfc67493e807beff37ca4cc5e 725.289 66.853 197.481 270.000 270.000 0.000 1.000 1.000 1.000
0f6b8d0dfc67493e807beff37ca4cc5e 736.887 67.814 246.786 270.000 -0.000 0.000 1.000 1.000 1.000
7ef3c8fe72c5483dac2a960d3db45b39 726.639 67.646 255.491 270.000 270.000 0.000 1.000 1.000 1.000
0f6b8d0dfc67493e807beff37ca4cc5e 766.769 67.602 190.184 270.000 270.000 0.000 1.000 1.000 1.000
3d37d6da42a34f19b6b6a25e3ab8eaab 742.155 64.226 252.096 270.000 270.000 0.000 1.000 1.000 1.000
3d37d6da42a34f19b6b6a25e3ab8eaab 738.155 64.226 252.096 270.000 270.000 0.000 1.000 1.000 1.000
7259ea03530a4ff880e857ca62a0c662 745.447 64.226 249.864 270.000 270.000 0.000 1.000 1.000 1.000
7259ea03530a4ff880e857ca62a0c662 745.447 64.226 251.343 270.000 270.000 0.000 1.000 1.000 1.000
7259ea03530a4ff880e857ca62a0c662 745.447 64.226 252.814 270.000 270.000 0.000 1.000 1.000 1.000
7259ea03530a4ff880e857ca62a0c662 745.447 64.226 254.280 270.000 270.000 0.000 1.000 1.000 1.000
d4dea3aa823a4244be941b4b114e157d 692.217 68.987 248.864 270.000 -0.000 0.000 1.000 1.000 1.000
d4dea3aa823a4244be941b4b114e157d 655.868 68.999 249.309 270.000 90.000 0.000 1.000 1.000 1.000
d4dea3aa823a4244be941b4b114e157d 652.868 68.999 249.309 270.000 90.000 0.000 1.000 1.000 1.000
d4dea3aa823a4244be941b4b114e157d 740.665 69.076 252.996 270.000 -0.000 0.000 1.000 1.000 1.000
d052b477b5bc4b2e8ec64effa1f8776e 737.673 69.076 255.022 270.000 -0.000 0.000 1.000 1.000 1.000
d4dea3aa823a4244be941b4b114e157d 690.758 68.991 183.410 270.000 270.000 0.000 1.000 1.000 1.000
d4dea3aa823a4244be941b4b114e157d 687.758 68.991 183.410 270.000 270.000 0.000 1.000 1.000 1.000
a31640c238084120a4cc7dce956cb7eb 719.912 64.254 195.323 270.000 90.000 0.000 1.000 1.000 1.000
a31640c238084120a4cc7dce956cb7eb 699.912 64.254 195.323 270.000 270.000 0.000 1.000 1.000 1.000
a31640c238084120a4cc7dce956cb7eb 745.912 64.254 241.323 270.000 -0.000 0.000 1.000 1.000 1.000
a31640c238084120a4cc7dce956cb7eb 745.912 64.254 221.323 270.000 180.000 0.000 1.000 1.000 1.000
734aa6d8bb7642618c4b3522de821ee4 719.912 64.636 255.323 270.000 -0.000 0.000 1.000 1.000 1.000
734aa6d8bb7642618c4b3522de821ee4 699.912 64.636 255.323 270.000 -0.000 0.000 1.000 1.000 1.000
734aa6d8bb7642618c4b3522de821ee4 661.912 64.636 241.323 270.000 270.000 0.000 1.000 1.000 1.000
734aa6d8bb7642618c4b3522de821ee4 757.912 64.636 241.323 270.000 270.000 0.000 1.000 1.000 1.000
734aa6d8bb7642618c4b3522de821ee4 719.912 64.636 207.323 270.000 -0.000 0.000 1.000 1.000 1.000
734aa6d8bb7642618c4b3522de821ee4 699.912 64.636 183.323 270.000 -0.000 0.000 1.000 1.000 1.000
734aa6d8bb7642618c4b3522de821ee4 719.912 64.636 183.323 270.000 -0.000 0.000 1.000 1.000 1.000
a9ff5bb270694bf5920c316d1deff0fe 681.828 64.337 249.204 338.760 203.698 350.965 1.000 1.000 1.000
c09e13f5e43647e79692469b5a9ed4ed 683.557 64.237 255.979 270.000 97.000 0.000 1.000 1.000 1.000
c09e13f5e43647e79692469b5a9ed4ed 683.601 64.237 253.834 270.000 88.000 0.000 1.000 1.000 1.000
c09e13f5e43647e79692469b5a9ed4ed 693.180 64.237 255.544 270.000 148.000 0.000 1.000 1.000 1.000
8242af6ef10e42ce9a2a31df1e0c2767 692.049 64.237 251.986 270.000 180.000 0.000 1.000 1.000 1.000 Wardrobe_1
c2ea9b50d4d640438800b9ff553ec627 666.158 64.249 254.322 270.000 -0.000 0.000 1.000 1.000 1.000
5c5d591a49c948a4a812b662b48e87f3 656.885 64.249 248.782 270.000 -0.000 0.000 1.000 1.000 1.000
c09e13f5e43647e79692469b5a9ed4ed 655.847 64.249 248.650 270.000 259.000 0.000 1.000 1.000 1.000
6ce99109b6e94ddeb5ef925a2de6730a 656.887 65.437 248.866 270.000 94.000 0.000 1.000 1.000 1.000
b06ca473809a47a1bb47e72bedd0e421 651.481 64.249 247.581 270.000 -0.000 0.000 1.000 1.000 1.000
ae22774b549f44d29926a956ac6c0a4d 651.724 64.249 253.883 270.000 270.000 0.000 1.000 1.000 1.000
b489a8a63fca4d179fd315cbae8b6ed7 657.728 66.751 253.883 270.000 90.000 0.000 1.000 1.000 1.000
d24d5180464b4894933d5ce922dc932e 666.155 63.996 248.625 270.000 270.000 0.000 1.000 1.000 1.000
a94b6d3b1d164f21a173548e3cb8a566 732.726 64.233 183.110 270.000 270.000 0.000 1.000 1.000 1.000 Bed_0
e7572f0283b8411fbbc55ee6cae3bb97 757.995 64.222 191.706 270.000 -0.000 0.000 1.000 1.000 1.000 Bed_1
e7572f0283b8411fbbc55ee6cae3bb97 752.395 64.222 191.706 270.000 -0.000 0.000 1.000 1.000 1.000 Bed_1
a94b6d3b1d164f21a173548e3cb8a566 755.102 64.222 196.102 270.000 180.000 0.000 1.000 1.000 1.000 Bed_0
a94b6d3b1d164f21a173548e3cb8a566 736.983 64.273 197.131 270.000 180.000 0.000 1.000 1.000 1.000 Bed_0
c2ea9b50d4d640438800b9ff553ec627 678.596 64.241 183.931 270.000 270.000 0.000 1.000 1.000 1.000
c2ea9b50d4d640438800b9ff553ec627 682.596 64.241 183.931 270.000 270.000 0.000 1.000 1.000 1.000
c2ea9b50d4d640438800b9ff553ec627 682.596 64.241 179.931 270.000 270.000 0.000 1.000 1.000 1.000
c2ea9b50d4d640438800b9ff553ec627 678.596 64.241 179.931 270.000 270.000 0.000 1.000 1.000 1.000
c2ea9b50d4d640438800b9ff553ec627 682.596 64.241 175.931 270.000 270.000 0.000 1.000 1.000 1.000
c2ea9b50d4d640438800b9ff553ec627 678.596 64.241 175.931 270.000 270.000 0.000 1.000 1.000 1.000
cb0d8bf87fca47e3b73f634959a9f523 674.211 64.004 179.923 270.000 -0.000 0.000 1.000 1.000 1.000
054a9392fed9484e950ff92d13631f06 667.848 64.004 185.955 270.000 -0.000 0.000 1.000 1.000 1.000
2e698a7b85e94c019b3f91ec8796a961 669.521 64.039 183.335 270.000 324.000 0.000 1.000 1.000 1.000 Cardboard_0
54ce5b19a2564000bd0227e9a51410a0 671.702 64.017 181.984 270.000 26.000 0.000 1.000 1.000 1.000 Cardboard_1
5f56c3fa62254a5eab04750d1738bae9 682.699 65.366 183.690 270.000 81.000 0.000 1.000 1.000 1.000 Cardboard_0
579a96c41b3d4175aa984902d5ab368f 678.556 66.116 175.861 270.000 90.000 0.000 1.000 1.000 1.000 Cardboard_0
579a96c41b3d4175aa984902d5ab368f 678.480 64.600 180.188 270.000 11.000 0.000 1.000 1.000 1.000 Cardboard_1
2e698a7b85e94c019b3f91ec8796a961 682.712 65.366 176.017 270.000 70.000 0.000 1.000 1.000 1.000 Cardboard_1
54ce5b19a2564000bd0227e9a51410a0 678.528 66.134 183.801 270.000 50.000 0.000 1.000 1.000 1.000 Cardboard_0
2e698a7b85e94c019b3f91ec8796a961 682.812 65.378 179.908 270.000 280.000 0.000 1.000 1.000 1.000 Cardboard_1
54ce5b19a2564000bd0227e9a51410a0 685.059 64.270 186.121 270.000 78.000 0.000 1.000 1.000 1.000 Cardboard_1
2e698a7b85e94c019b3f91ec8796a961 679.030 64.257 177.309 270.000 351.000 0.000 1.000 1.000 1.000 Cardboard_0
5f56c3fa62254a5eab04750d1738bae9 672.558 64.004 185.260 270.000 77.000 0.000 1.000 1.000 1.000 Cardboard_1
fdfdd8af09954fc4b48471b70822ff96 653.660 64.004 183.194 270.000 15.000 0.000 1.000 1.000 1.000
fdfdd8af09954fc4b48471b70822ff96 645.607 64.004 188.168 270.000 52.000 0.000 1.000 1.000 1.000
2db512fea15a4434bafe0c45a0dd2016 648.459 63.867 184.397 270.000 -0.000 0.000 1.000 1.000 1.000
6b1dc75a2d88411bbc3af6843e71db02 733.030 67.356 179.417 270.000 180.000 0.000 1.000 1.000 1.000
0e8c0a20e8e947018e8e5859f0a4064f 731.743 64.233 180.727 270.000 -0.000 0.000 1.000 1.000 1.000
0e8c0a20e8e947018e8e5859f0a4064f 731.743 64.233 185.533 270.000 -0.000 0.000 1.000 1.000 1.000
87806c2130bc4bd8b4f3276edf2222a6 755.269 64.222 192.573 270.000 270.000 0.000 1.000 1.000 1.000
0e8c0a20e8e947018e8e5859f0a4064f 734.655 64.273 196.072 270.000 -0.000 0.000 1.000 1.000 1.000
0e8c0a20e8e947018e8e5859f0a4064f 739.378 64.273 196.072 270.000 -0.000 0.000 1.000 1.000 1.000
29ea162548484889be12ecd51bf6294c 734.532 65.461 195.719 270.000 131.000 0.000 1.000 1.000 1.000
29ea162548484889be12ecd51bf6294c 739.135 65.461 195.753 270.000 51.000 0.000 1.000 1.000 1.000
29ea162548484889be12ecd51bf6294c 731.488 65.420 185.634 270.000 219.000 0.000 1.000 1.000 1.000
29ea162548484889be12ecd51bf6294c 731.529 65.420 180.598 270.000 136.000 0.000 1.000 1.000 1.000
29ea162548484889be12ecd51bf6294c 755.887 65.410 192.909 270.000 234.000 0.000 1.000 1.000 1.000
29ea162548484889be12ecd51bf6294c 754.579 65.410 192.796 270.000 311.000 0.000 1.000 1.000 1.000
584641f35e8540ec85ed88f3aca40622 758.247 64.222 194.966 270.000 -0.000 0.000 1.000 1.000 1.000
584641f35e8540ec85ed88f3aca40622 752.109 64.222 194.747 270.000 -0.000 0.000 1.000 1.000 1.000
050dbe869b1c4fd5b215c552d145effd 765.891 64.222 201.085 270.000 90.000 0.000 1.000 1.000 1.000
050dbe869b1c4fd5b215c552d145effd 765.891 64.222 198.121 270.000 90.000 0.000 1.000 1.000 1.000
0aeeefaf364f46f9906aff76c40c6d2b 765.891 64.222 199.617 270.000 90.000 0.000 1.000 1.000 1.000
a305bcc1cdaa486fb91d05201e7d3e6f 765.649 64.222 202.581 270.000 90.000 0.000 1.000 1.000 1.000
91dbbf923c8c401bb6b2d56084783f73 765.891 64.222 206.092 270.000 90.000 0.000 1.000 1.000 1.000
086b683233c245968b38d98c2c9e10f1 765.663 64.222 204.161 270.000 90.000 0.000 1.000 1.000 1.000
2d1daa0412b94503aa57a5b422187d48 765.903 65.572 198.079 270.000 101.000 0.000 1.000 1.000 1.000
2e060a3768094817887d5f2c8d884d61 763.851 64.222 186.713 270.000 330.000 0.000 1.000 1.000 1.000
9215cb84c2a942d084fa1dffa0031949 763.818 64.222 185.386 270.000 180.000 0.000 1.000 1.000 1.000
9215cb84c2a942d084fa1dffa0031949 765.390 64.377 186.694 301.232 96.622 352.268 1.000 1.000 1.000
9215cb84c2a942d084fa1dffa0031949 762.317 64.222 186.705 270.000 270.000 0.000 1.000 1.000 1.000
9215cb84c2a942d084fa1dffa0031949 763.833 64.222 188.183 270.000 350.000 0.000 1.000 1.000 1.000
52d575ae564f46649523c98875130784 764.252 65.410 186.419 270.000 21.000 0.000 1.000 1.000 1.000
d412f1a6b4c9404a88de772651615e4b 757.213 64.222 205.725 270.000 90.000 0.000 1.000 1.000 1.000
d412f1a6b4c9404a88de772651615e4b 753.213 64.222 205.725 270.000 270.000 0.000 1.000 1.000 1.000
0e8c0a20e8e947018e8e5859f0a4064f 755.213 64.222 205.725 270.000 270.000 0.000 1.000 1.000 1.000
449513fcccb0441abbc8ac47ca0e4440 755.167 65.410 205.751 270.000 270.000 0.000 1.000 1.000 1.000
b06ca473809a47a1bb47e72bedd0e421 765.942 64.222 193.485 270.000 -0.000 0.000 1.000 1.000 1.000
b06ca473809a47a1bb47e72bedd0e421 726.035 64.273 199.190 270.000 -0.000 0.000 1.000 1.000 1.000
b06ca473809a47a1bb47e72bedd0e421 725.828 64.233 186.225 270.000 -0.000 0.000 1.000 1.000 1.000
40921a1a3cd742f69cc25cc25b856572 728.701 63.997 191.400 270.000 -0.000 0.000 1.000 1.000 1.000
40921a1a3cd742f69cc25cc25b856572 724.531 63.997 191.400 270.000 -0.000 0.000 1.000 1.000 1.000
40921a1a3cd742f69cc25cc25b856572 732.887 63.997 191.400 270.000 -0.000 0.000 1.000 1.000 1.000
40921a1a3cd742f69cc25cc25b856572 737.057 63.997 191.400 270.000 -0.000 0.000 1.000 1.000 1.000
40921a1a3cd742f69cc25cc25b856572 741.216 63.997 191.400 270.000 -0.000 0.000 1.000 1.000 1.000
40921a1a3cd742f69cc25cc25b856572 747.492 63.997 197.688 270.000 90.000 0.000 1.000 1.000 1.000
40921a1a3cd742f69cc25cc25b856572 747.492 63.997 193.518 270.000 90.000 0.000 1.000 1.000 1.000
40921a1a3cd742f69cc25cc25b856572 747.492 63.997 201.847 270.000 90.000 0.000 1.000 1.000 1.000
40921a1a3cd742f69cc25cc25b856572 747.492 63.997 206.017 270.000 90.000 0.000 1.000 1.000 1.000
40921a1a3cd742f69cc25cc25b856572 747.492 63.997 210.202 270.000 90.000 0.000 1.000 1.000 1.000
40921a1a3cd742f69cc25cc25b856572 747.492 63.997 214.372 270.000 90.000 0.000 1.000 1.000 1.000
40921a1a3cd742f69cc25cc25b856572 747.492 63.997 189.367 270.000 90.000 0.000 1.000 1.000 1.000
40921a1a3cd742f69cc25cc25b856572 747.492 63.997 185.167 270.000 90.000 0.000 1.000 1.000 1.000
40921a1a3cd742f69cc25cc25b856572 747.492 63.997 176.832 270.000 90.000 0.000 1.000 1.000 1.000
40921a1a3cd742f69cc25cc25b856572 747.492 63.997 181.031 270.000 90.000 0.000 1.000 1.000 1.000
40921a1a3cd742f69cc25cc25b856572 747.492 63.997 168.481 270.000 90.000 0.000 1.000 1.000 1.000
40921a1a3cd742f69cc25cc25b856572 747.492 63.997 172.681 270.000 90.000 0.000 1.000 1.000 1.000
113bcf43c0f0470b8fe47217bbbe55ad 745.386 63.997 191.400 270.000 -0.000 0.000 1.000 1.000 1.000
9bce22473d334aefad8864f0bc8447cb 719.816 64.654 179.316 270.000 79.000 0.000 1.000 1.000 1.000
99c4048f91634e45986add0a89ffc2df 720.180 65.006 214.683 -0.000 15.000 90.000 1.000 1.000 1.000
c2ea9b50d4d640438800b9ff553ec627 739.778 64.273 212.038 270.000 -0.000 0.000 1.000 1.000 1.000
8388edfa33b84f78ad7f5d277412433b 759.833 64.222 195.407 270.000 270.000 0.000 1.000 1.000 1.000 Wardrobe_0
8242af6ef10e42ce9a2a31df1e0c2767 737.109 64.273 205.207 270.000 -0.000 0.000 1.000 1.000 1.000 Wardrobe_1
8cffc239fd2d4a8383b0cc60399a5b35 741.944 64.233 178.030 270.000 270.000 0.000 1.000 1.000 1.000
5c5d591a49c948a4a812b662b48e87f3 743.311 64.233 183.183 270.000 -0.000 0.000 1.000 1.000 1.000
c09e13f5e43647e79692469b5a9ed4ed 742.401 64.233 183.139 270.000 264.000 0.000 1.000 1.000 1.000
f16f2c63e5e1484ab4125af2535e5d6d 743.400 65.420 183.184 270.000 90.000 0.000 1.000 1.000 1.000
0fcf5364097e4a199d419a9cf2a60dd7 743.250 64.233 184.494 270.000 90.000 0.000 1.000 1.000 1.000
0e8c0a20e8e947018e8e5859f0a4064f 726.348 64.233 172.710 270.000 -0.000 0.000 1.000 1.000 1.000
d412f1a6b4c9404a88de772651615e4b 726.176 64.233 174.766 270.000 270.000 0.000 1.000 1.000 1.000
d412f1a6b4c9404a88de772651615e4b 728.383 64.233 172.572 270.000 180.000 0.000 1.000 1.000 1.000
ce6db4c70aee4e59afa82271d2aca431 726.326 65.420 172.705 270.000 134.000 0.000 1.000 1.000 1.000
050dbe869b1c4fd5b215c552d145effd 732.831 64.233 178.443 270.000 -0.000 0.000 1.000 1.000 1.000
91dbbf923c8c401bb6b2d56084783f73 731.023 64.233 178.465 270.000 -0.000 0.000 1.000 1.000 1.000
0aeeefaf364f46f9906aff76c40c6d2b 734.290 64.233 178.443 270.000 -0.000 0.000 1.000 1.000 1.000
2d1daa0412b94503aa57a5b422187d48 732.867 65.583 178.357 270.000 347.000 0.000 1.000 1.000 1.000
f463c0c6285544ac86845d98a07d73a9 730.023 64.233 180.787 270.000 90.000 0.000 1.000 1.000 1.000
366521728ff44c17a184f991a4c9cc27 729.929 65.472 181.846 286.000 0.000 0.000 1.000 1.000 1.000
c3231627118d41d3b6fc4032edb79c46 729.872 64.464 180.840 -0.000 176.000 0.000 1.000 1.000 1.000
19ff8f2c79eb4b5a8d09ac8396ea8146 729.941 66.107 180.485 -0.000 0.000 0.000 1.000 1.000 1.000
d9b2708a3f10443aa6f25ebd5b1c9056 729.960 66.333 179.628 270.000 180.000 0.000 1.000 1.000 1.000
87806c2130bc4bd8b4f3276edf2222a6 734.171 64.233 173.052 270.000 -0.000 0.000 1.000 1.000 1.000
9215cb84c2a942d084fa1dffa0031949 735.171 64.233 173.052 270.000 90.000 0.000 1.000 1.000 1.000
9215cb84c2a942d084fa1dffa0031949 733.171 64.233 173.052 270.000 270.000 0.000 1.000 1.000 1.000
68339521990c4d70903dfd68da2cd886 739.778 64.273 207.580 270.000 90.000 0.000 1.000 1.000 1.000
90da84de3f214d129de92b6ee8df60af 739.778 64.273 209.226 270.000 90.000 0.000 1.000 1.000 1.000
050dbe869b1c4fd5b215c552d145effd 727.738 64.273 195.589 270.000 180.000 0.000 1.000 1.000 1.000
050dbe869b1c4fd5b215c552d145effd 730.667 64.273 195.589 270.000 180.000 0.000 1.000 1.000 1.000
050dbe869b1c4fd5b215c552d145effd 726.279 64.273 195.589 270.000 180.000 0.000 1.000 1.000 1.000
0aeeefaf364f46f9906aff76c40c6d2b 729.188 64.273 195.589 270.000 180.000 0.000 1.000 1.000 1.000
91dbbf923c8c401bb6b2d56084783f73 732.515 64.273 201.246 270.000 90.000 0.000 1.000 1.000 1.000
a305bcc1cdaa486fb91d05201e7d3e6f 732.238 64.273 199.255 270.000 90.000 0.000 1.000 1.000 1.000
086b683233c245968b38d98c2c9e10f1 732.172 64.273 195.892 270.000 180.000 0.000 1.000 1.000 1.000
6fb78536e8cb4b01b6050a2efb3d912c 726.580 65.623 195.631 270.000 190.002 0.000 1.000 1.000 1.000
2e060a3768094817887d5f2c8d884d61 727.291 64.273 203.244 270.000 15.000 0.000 1.000 1.000 1.000
9215cb84c2a942d084fa1dffa0031949 728.204 64.273 204.220 270.000 51.000 0.000 1.000 1.000 1.000
9215cb84c2a942d084fa1dffa0031949 727.983 64.273 202.070 270.000 152.000 0.000 1.000 1.000 1.000
ce6db4c70aee4e59afa82271d2aca431 732.290 65.773 195.831 270.000 49.000 0.000 1.000 1.000 1.000
98e78ae063ac4fb3bc382a03e437260d 739.710 65.461 196.083 270.000 86.000 0.000 1.000 1.000 1.000
b489a8a63fca4d179fd315cbae8b6ed7 729.182 66.537 214.020 270.000 -0.000 0.000 1.000 1.000 1.000
d412f1a6b4c9404a88de772651615e4b 731.470 64.273 210.433 270.000 150.000 0.000 1.000 1.000 1.000
d412f1a6b4c9404a88de772651615e4b 726.954 64.273 210.433 270.000 210.000 0.000 1.000 1.000 1.000
52d575ae564f46649523c98875130784 727.316 65.461 203.045 270.000 286.000 0.000 1.000 1.000 1.000
6436696de282428aa7860eefc46c9c13 701.710 62.099 190.460 270.000 -0.000 0.000 1.000 1.000 1.000
92e2c47121f8428fa5c1f71bc931d36b 709.597 64.461 233.392 270.000 355.000 0.000 1.000 1.000 1.000
81698500116d48798141d66e6571a83e 712.320 64.461 232.361 270.000 333.000 0.000 1.000 1.000 1.000
b5e4a1bbcf854ad59dc1dde9b86a6f07 711.278 64.461 229.198 270.000 45.000 0.000 1.000 1.000 1.000
3df136f3d13c430981ca630f11e043f4 707.221 64.461 231.116 270.000 12.000 0.000 1.000 1.000 1.000
1c45b10c4b414989ae1bd815ac7e7e35 708.859 64.461 228.470 270.000 15.000 0.000 1.000 1.000 1.000
9208995c471e47ea9bf75e945ab6de29 709.855 64.260 230.907 270.000 -0.000 0.000 1.000 1.000 1.000
afe1728e3e19458f8f37d92701ed6e8d 658.402 64.880 255.491 352.000 90.000 0.000 1.188 1.188 1.188
cb6930eba2d2497b96784707b8be9040 658.402 64.880 255.491 352.000 90.000 0.000 1.188 1.188 1.188
bce96485f86c4d7cb5e709814d936049 671.347 64.123 203.867 270.000 10.000 0.000 1.154 1.154 1.154
8a98c71f940548c1958e281e66b13309 671.347 64.123 203.867 270.000 10.000 0.000 1.154 1.154 1.154
7a7212d2746742fa8141682e965f84cc 725.294 67.643 202.116 -0.000 90.000 270.000 1.000 1.000 1.000
7a7212d2746742fa8141682e965f84cc 725.294 67.643 210.058 -0.000 90.000 270.000 1.000 1.000 1.000
7a7212d2746742fa8141682e965f84cc 724.993 67.598 180.086 -0.000 90.000 270.000 1.000 1.000 1.000
7a7212d2746742fa8141682e965f84cc 724.993 67.598 174.737 -0.000 90.000 270.000 1.000 1.000 1.000
7a7212d2746742fa8141682e965f84cc 763.008 67.599 183.662 -0.000 180.000 270.000 1.000 1.000 1.000
7a7212d2746742fa8141682e965f84cc 755.020 67.599 183.662 -0.000 180.000 270.000 1.000 1.000 1.000
7a7212d2746742fa8141682e965f84cc 755.020 67.599 207.217 -0.000 180.000 270.000 1.000 1.000 1.000
7a7212d2746742fa8141682e965f84cc 763.008 67.599 207.217 -0.000 180.000 270.000 1.000 1.000 1.000
b832729132a546a29eaedac06b84a46f 709.912 64.254 279.323 270.000 -0.000 0.000 1.000 1.000 1.000
27501590239d4699a8dc001efa4dee37 709.912 64.254 303.323 270.000 180.000 0.000 1.000 1.000 1.000
a0ddd7cf2a65488598ed45645340ae6b 714.549 62.972 336.000 270.000 202.000 0.000 1.000 1.000 1.000
a0ddd7cf2a65488598ed45645340ae6b 747.927 62.972 322.514 270.000 292.000 0.000 1.000 1.000 1.000
a0ddd7cf2a65488598ed45645340ae6b 681.170 62.972 349.486 270.000 112.000 0.000 1.000 1.000 1.000
b2ff709de7a54b09a11a1b3b344e88e5 758.517 62.972 306.648 270.000 202.000 0.000 1.000 1.000 1.000
b2ff709de7a54b09a11a1b3b344e88e5 754.632 62.972 308.217 270.000 202.000 0.000 1.000 1.000 1.000
b2ff709de7a54b09a11a1b3b344e88e5 746.883 62.972 311.348 270.000 202.000 0.000 1.000 1.000 1.000
b2ff709de7a54b09a11a1b3b344e88e5 750.767 62.972 309.779 270.000 202.000 0.000 1.000 1.000 1.000
b2ff709de7a54b09a11a1b3b344e88e5 731.412 62.972 317.599 270.000 202.000 0.000 1.000 1.000 1.000
b2ff709de7a54b09a11a1b3b344e88e5 735.296 62.972 316.030 270.000 202.000 0.000 1.000 1.000 1.000
b2ff709de7a54b09a11a1b3b344e88e5 739.161 62.972 314.468 270.000 202.000 0.000 1.000 1.000 1.000
b2ff709de7a54b09a11a1b3b344e88e5 743.046 62.972 312.899 270.000 202.000 0.000 1.000 1.000 1.000
b2ff709de7a54b09a11a1b3b344e88e5 700.454 62.972 330.107 270.000 202.000 0.000 1.000 1.000 1.000
b2ff709de7a54b09a11a1b3b344e88e5 723.675 62.972 320.725 270.000 202.000 0.000 1.000 1.000 1.000
b2ff709de7a54b09a11a1b3b344e88e5 727.560 62.972 319.155 270.000 202.000 0.000 1.000 1.000 1.000
b2ff709de7a54b09a11a1b3b344e88e5 669.528 62.972 342.602 270.000 202.000 0.000 1.000 1.000 1.000
b2ff709de7a54b09a11a1b3b344e88e5 673.412 62.972 341.032 270.000 202.000 0.000 1.000 1.000 1.000
b2ff709de7a54b09a11a1b3b344e88e5 677.277 62.972 339.471 270.000 202.000 0.000 1.000 1.000 1.000
b2ff709de7a54b09a11a1b3b344e88e5 681.162 62.972 337.901 270.000 202.000 0.000 1.000 1.000 1.000
b2ff709de7a54b09a11a1b3b344e88e5 684.999 62.972 336.351 270.000 202.000 0.000 1.000 1.000 1.000
b2ff709de7a54b09a11a1b3b344e88e5 688.883 62.972 334.782 270.000 202.000 0.000 1.000 1.000 1.000
b2ff709de7a54b09a11a1b3b344e88e5 692.748 62.972 333.220 270.000 202.000 0.000 1.000 1.000 1.000
b2ff709de7a54b09a11a1b3b344e88e5 696.633 62.972 331.651 270.000 202.000 0.000 1.000 1.000 1.000
b2ff709de7a54b09a11a1b3b344e88e5 665.688 62.972 344.153 270.000 202.000 0.000 1.000 1.000 1.000
b2ff709de7a54b09a11a1b3b344e88e5 661.810 62.972 345.720 270.000 202.000 0.000 1.000 1.000 1.000
7a341f820672458192a7faad2b75fa4e 709.094 62.972 326.710 270.000 202.000 0.000 1.000 1.000 1.000
ae6885db8be24a70b30e9e397f8c2827 683.764 64.215 304.842 270.000 270.000 0.000 1.000 1.000 1.000
b2ff709de7a54b09a11a1b3b344e88e5 672.893 63.996 290.588 270.000 90.000 0.000 1.000 1.000 1.000
e7607b6f68054e1f9d898dd800b9c8d5 672.893 63.996 294.789 270.000 90.000 0.000 1.000 1.000 1.000
b2ff709de7a54b09a11a1b3b344e88e5 675.003 63.996 288.496 270.000 -0.000 0.000 1.000 1.000 1.000
b2ff709de7a54b09a11a1b3b344e88e5 679.181 63.996 288.496 270.000 -0.000 0.000 1.000 1.000 1.000
b2ff709de7a54b09a11a1b3b344e88e5 687.542 63.996 288.496 270.000 -0.000 0.000 1.000 1.000 1.000
b2ff709de7a54b09a11a1b3b344e88e5 683.364 63.996 288.496 270.000 -0.000 0.000 1.000 1.000 1.000
b2ff709de7a54b09a11a1b3b344e88e5 691.749 63.996 288.496 270.000 -0.000 0.000 1.000 1.000 1.000
b2ff709de7a54b09a11a1b3b344e88e5 693.841 63.996 290.588 270.000 90.000 0.000 1.000 1.000 1.000
b2ff709de7a54b09a11a1b3b344e88e5 693.841 63.996 294.761 270.000 90.000 0.000 1.000 1.000 1.000
d6b9b42d15d64370aef38df79c8c56ac 681.423 63.996 294.711 270.000 180.000 0.000 1.000 1.000 1.000
ecb8cb1cf28a4c299e6cb79cdb482da2 688.112 64.224 275.346 270.000 270.000 0.000 1.000 1.000 1.000
fe65ea3208654738ac6c54c589e0e363 738.521 64.226 256.577 270.000 90.000 0.000 1.000 1.000 1.000
21557bbadf9e49aca5600bedeb42528f 734.021 64.226 293.088 270.000 -0.000 0.000 1.000 1.000 1.000 House_05
768dd50d28414f53bc0dbd2b98f2ddf3 766.138 64.254 256.947 270.000 -0.000 0.000 1.000 1.000 1.000
aa7fd5bc5e634a0c846770a28ff6cd65 759.658 63.206 328.771 270.000 22.000 0.000 1.000 1.000 1.000
aa7fd5bc5e634a0c846770a28ff6cd65 763.367 63.206 327.273 270.000 22.000 0.000 1.000 1.000 1.000
d010fb4c4feb4f8fab81f1a5695617ba 755.078 63.206 317.513 270.000 202.000 0.000 1.000 1.000 1.000
d010fb4c4feb4f8fab81f1a5695617ba 758.786 63.206 316.014 270.000 22.000 0.000 1.000 1.000 1.000
aa7fd5bc5e634a0c846770a28ff6cd65 752.213 63.206 331.779 270.000 202.000 0.000 1.000 1.000 1.000
aa7fd5bc5e634a0c846770a28ff6cd65 748.505 63.206 333.278 270.000 22.000 0.000 1.000 1.000 1.000
d010fb4c4feb4f8fab81f1a5695617ba 741.057 63.206 336.120 270.000 22.000 0.000 1.000 1.000 1.000
d010fb4c4feb4f8fab81f1a5695617ba 737.348 63.206 337.618 270.000 202.000 0.000 1.000 1.000 1.000
4f2b60ecae204b899eec282891a79e05 736.549 63.206 324.999 270.000 22.000 0.000 1.000 1.000 1.000
4f2b60ecae204b899eec282891a79e05 732.840 63.206 326.497 270.000 202.000 0.000 1.000 1.000 1.000
aa7fd5bc5e634a0c846770a28ff6cd65 669.527 63.206 352.134 270.000 202.000 0.000 1.000 1.000 1.000
aa7fd5bc5e634a0c846770a28ff6cd65 673.236 63.206 350.635 270.000 202.000 0.000 1.000 1.000 1.000
4f2b60ecae204b899eec282891a79e05 692.093 63.206 342.960 270.000 22.000 0.000 1.000 1.000 1.000
4f2b60ecae204b899eec282891a79e05 695.802 63.206 341.462 270.000 22.000 0.000 1.000 1.000 1.000
d010fb4c4feb4f8fab81f1a5695617ba 684.612 63.206 345.983 270.000 202.000 0.000 1.000 1.000 1.000
d010fb4c4feb4f8fab81f1a5695617ba 680.903 63.206 347.481 270.000 22.000 0.000 1.000 1.000 1.000
d010fb4c4feb4f8fab81f1a5695617ba 700.233 63.206 352.614 270.000 202.000 0.000 1.000 1.000 1.000
d010fb4c4feb4f8fab81f1a5695617ba 696.524 63.206 354.112 270.000 202.000 0.000 1.000 1.000 1.000
aa7fd5bc5e634a0c846770a28ff6cd65 685.484 63.206 358.740 270.000 22.000 0.000 1.000 1.000 1.000
aa7fd5bc5e634a0c846770a28ff6cd65 689.192 63.215 357.241 270.000 202.000 0.000 1.000 1.000 1.000
4f2b60ecae204b899eec282891a79e05 674.686 63.206 364.753 270.000 187.002 0.000 1.000 1.000 1.000
4f2b60ecae204b899eec282891a79e05 677.701 63.206 361.717 270.000 202.000 0.000 1.000 1.000 1.000
887f4fef352d4792bf5364d61da68ec1 656.692 63.996 282.564 270.000 -0.000 0.000 1.000 1.000 1.000
84b3a672bc0643d1b12b2b345a88ba46 690.026 65.540 305.738 270.000 75.000 0.000 1.000 1.000 1.000
84b3a672bc0643d1b12b2b345a88ba46 686.293 65.516 280.086 270.000 90.000 0.000 1.000 1.000 1.000
84b3a672bc0643d1b12b2b345a88ba46 686.293 65.516 274.447 270.000 90.000 0.000 1.000 1.000 1.000
5c5d591a49c948a4a812b662b48e87f3 758.640 64.254 264.981 270.000 -0.000 0.000 1.000 1.000 1.000
c09e13f5e43647e79692469b5a9ed4ed 757.640 64.254 264.981 270.000 270.000 0.000 1.000 1.000 1.000
65906f4174724825849478b60ecc348a 762.926 64.254 266.385 270.000 90.000 0.000 1.000 1.000 1.000
65906f4174724825849478b60ecc348a 762.926 64.254 265.628 270.000 90.000 0.000 1.000 1.000 1.000
65906f4174724825849478b60ecc348a 762.926 64.254 264.149 270.000 90.000 0.000 1.000 1.000 1.000
65906f4174724825849478b60ecc348a 762.926 64.254 264.906 270.000 90.000 0.000 1.000 1.000 1.000
65906f4174724825849478b60ecc348a 762.926 64.254 263.384 270.000 90.000 0.000 1.000 1.000 1.000
2c7cff9158b445b2a7ac437a3ac38806 759.872 66.873 267.447 270.000 -0.000 0.000 1.000 1.000 1.000
8712392ad0304c38b90061d908cbb293 758.840 65.442 264.727 270.000 90.000 0.000 1.000 1.000 1.000
f821ad54240043be8a6b3280a142bee4 758.647 64.254 263.693 270.000 90.000 0.000 1.000 1.000 1.000
584641f35e8540ec85ed88f3aca40622 757.229 64.254 259.745 270.000 -0.000 0.000 1.000 1.000 1.000
b06ca473809a47a1bb47e72bedd0e421 762.961 64.254 259.486 270.000 -0.000 0.000 1.000 1.000 1.000
f469ad7065fb4e4a9ca2160fa58354b4 733.336 64.226 256.683 270.000 270.000 0.000 1.000 1.000 1.000
e9f0b774202d420aa3a2b0dc661570da 729.032 64.226 259.498 270.000 270.000 0.000 1.000 1.000 1.000
84b3a672bc0643d1b12b2b345a88ba46 728.548 65.476 258.985 270.000 165.000 0.000 1.000 1.000 1.000
cf45d6da9d6a4e129da721948b0b3a8a 726.766 65.964 264.175 279.000 180.000 90.000 1.000 1.000 1.000
8548fc360c554b399e98cde4d40eca5d 728.330 67.126 285.540 75.000 90.000 270.000 1.000 1.000 1.000
cf45d6da9d6a4e129da721948b0b3a8a 694.870 65.811 298.924 292.000 0.000 90.000 1.000 1.000 1.000
8548fc360c554b399e98cde4d40eca5d 694.874 65.984 307.140 345.000 180.001 270.000 1.000 1.000 1.000
8548fc360c554b399e98cde4d40eca5d 694.693 67.209 268.957 90.000 90.000 0.000 1.000 1.000 1.000
3d37d6da42a34f19b6b6a25e3ab8eaab 738.155 64.226 261.096 270.000 270.000 0.000 1.000 1.000 1.000
3d37d6da42a34f19b6b6a25e3ab8eaab 742.155 64.226 261.096 270.000 270.000 0.000 1.000 1.000 1.000
3d37d6da42a34f19b6b6a25e3ab8eaab 746.155 64.226 261.096 270.000 270.000 0.000 1.000 1.000 1.000
6d0767454e284f4aabebd61236a77f6b 718.340 64.194 345.384 270.000 292.000 0.000 1.000 1.000 1.000
a31640c238084120a4cc7dce956cb7eb 725.757 64.194 342.387 270.000 22.000 0.000 1.000 1.000 1.000
a31640c238084120a4cc7dce956cb7eb 710.923 64.194 348.381 270.000 22.000 0.000 1.000 1.000 1.000
717ae274519f4f4fa760e6fbf4a3614b 700.715 63.222 334.594 270.000 -0.000 0.000 1.000 1.000 1.000
717ae274519f4f4fa760e6fbf4a3614b 702.357 63.222 337.794 270.000 22.000 0.000 1.000 1.000 1.000
4ca1de6fdcc84b6bbc4a76c3ad394739 701.966 63.553 338.601 270.000 -0.000 0.000 1.000 1.000 1.000
4ca1de6fdcc84b6bbc4a76c3ad394739 703.243 63.553 338.127 270.000 -0.000 0.000 1.000 1.000 1.000
4ca1de6fdcc84b6bbc4a76c3ad394739 701.336 63.553 337.400 270.000 -0.000 0.000 1.000 1.000 1.000
4ca1de6fdcc84b6bbc4a76c3ad394739 702.790 63.553 336.734 270.000 -0.000 0.000 1.000 1.000 1.000
756faa5eea0b4df7b2602e1d77932057 699.969 63.553 335.159 270.000 -0.000 0.000 1.000 1.000 1.000
756faa5eea0b4df7b2602e1d77932057 701.386 63.553 335.144 270.000 -0.000 0.000 1.000 1.000 1.000
756faa5eea0b4df7b2602e1d77932057 701.479 63.553 333.731 270.000 -0.000 0.000 1.000 1.000 1.000
756faa5eea0b4df7b2602e1d77932057 700.035 63.553 333.755 270.000 -0.000 0.000 1.000 1.000 1.000
cb0d8bf87fca47e3b73f634959a9f523 702.119 63.222 343.090 270.000 349.000 0.000 1.000 1.000 1.000
4a874717e96245638786ae053fca74e5 727.323 63.277 329.062 270.000 292.000 0.000 1.000 1.000 1.000
3ae249c445724a41b7a2621e1864bdc1 730.070 63.185 327.952 270.000 292.000 0.000 1.000 1.000 1.000
3ae249c445724a41b7a2621e1864bdc1 728.565 63.185 324.226 270.000 292.000 0.000 1.000 1.000 1.000
3ae249c445724a41b7a2621e1864bdc1 731.584 63.185 331.699 270.000 292.000 0.000 1.000 1.000 1.000
054a9392fed9484e950ff92d13631f06 702.966 63.222 344.846 270.000 280.000 0.000 1.000 1.000 1.000
cb0d8bf87fca47e3b73f634959a9f523 703.615 63.222 342.871 270.000 6.000 0.000 1.000 1.000 1.000
054a9392fed9484e950ff92d13631f06 708.246 63.222 345.314 270.000 321.000 0.000 1.000 1.000 1.000
cb0d8bf87fca47e3b73f634959a9f523 706.799 63.222 344.223 270.000 33.000 0.000 1.000 1.000 1.000
82352cf5ad914f4cb9293fe22aec07ee 705.584 63.965 351.016 270.000 -0.000 0.000 1.000 1.000 1.000
82352cf5ad914f4cb9293fe22aec07ee 707.692 63.985 352.036 -0.000 270.000 90.000 1.000 1.000 1.000
054a9392fed9484e950ff92d13631f06 731.981 63.222 343.847 270.000 207.000 0.000 1.000 1.000 1.000
cb0d8bf87fca47e3b73f634959a9f523 730.334 63.222 344.661 270.000 279.000 0.000 1.000 1.000 1.000
054a9392fed9484e950ff92d13631f06 730.350 63.222 342.480 270.000 222.000 0.000 1.000 1.000 1.000
cb0d8bf87fca47e3b73f634959a9f523 732.265 63.222 341.906 270.000 293.000 0.000 1.000 1.000 1.000
cb0d8bf87fca47e3b73f634959a9f523 732.844 63.222 345.286 270.000 293.000 0.000 1.000 1.000 1.000
cb0d8bf87fca47e3b73f634959a9f523 731.392 63.222 340.804 270.000 305.000 0.000 1.000 1.000 1.000
cb0d8bf87fca47e3b73f634959a9f523 728.971 63.222 341.357 270.000 317.000 0.000 1.000 1.000 1.000
cf45d6da9d6a4e129da721948b0b3a8a 717.587 67.152 342.906 -0.000 292.000 90.000 1.000 1.000 1.000
7ef3c8fe72c5483dac2a960d3db45b39 719.721 66.448 341.880 270.000 22.000 0.000 1.000 1.000 1.000
61e43d05791d4269b626de9bedbf0a03 679.896 64.246 294.387 270.000 11.000 0.000 1.000 1.000 1.000
61e43d05791d4269b626de9bedbf0a03 680.944 64.246 295.289 270.000 330.000 0.000 1.000 1.000 1.000
a19b3ec55a2046668611c9d2775efd99 682.636 64.246 294.298 270.000 31.000 0.000 1.000 1.000 1.000
a19b3ec55a2046668611c9d2775efd99 685.235 63.996 295.617 270.000 -0.000 0.000 1.000 1.000 1.000
82352cf5ad914f4cb9293fe22aec07ee 692.231 64.849 295.411 -0.000 90.000 270.000 1.000 1.000 1.000
82352cf5ad914f4cb9293fe22aec07ee 692.624 64.849 293.352 -0.000 270.000 90.000 1.000 1.000 1.000
4ca1de6fdcc84b6bbc4a76c3ad394739 673.704 63.988 289.377 270.000 -0.000 0.000 1.000 1.000 1.000
717ae274519f4f4fa760e6fbf4a3614b 689.894 65.358 288.614 345.000 0.000 270.000 1.000 1.000 1.000
cb0d8bf87fca47e3b73f634959a9f523 677.727 63.996 293.015 270.000 352.000 0.000 1.000 1.000 1.000
cb0d8bf87fca47e3b73f634959a9f523 685.325 63.996 294.004 270.000 -0.000 0.000 1.000 1.000 1.000
054a9392fed9484e950ff92d13631f06 692.705 63.996 289.663 270.000 -0.000 0.000 1.000 1.000 1.000
c2ea9b50d4d640438800b9ff553ec627 682.022 64.215 308.904 270.000 270.000 0.000 1.000 1.000 1.000
c2ea9b50d4d640438800b9ff553ec627 677.022 64.215 308.904 270.000 270.000 0.000 1.000 1.000 1.000
c2ea9b50d4d640438800b9ff553ec627 677.022 64.215 304.904 270.000 270.000 0.000 1.000 1.000 1.000
c2ea9b50d4d640438800b9ff553ec627 682.022 64.215 304.904 270.000 270.000 0.000 1.000 1.000 1.000
c2ea9b50d4d640438800b9ff553ec627 677.022 64.215 300.904 270.000 270.000 0.000 1.000 1.000 1.000
c2ea9b50d4d640438800b9ff553ec627 682.022 64.215 300.904 270.000 270.000 0.000 1.000 1.000 1.000
0f6b8d0dfc67493e807beff37ca4cc5e 694.831 67.413 282.087 270.000 270.000 0.000 1.000 1.000 1.000
c2ea9b50d4d640438800b9ff553ec627 682.530 64.224 275.332 270.000 -0.000 0.000 1.000 1.000 1.000
c2ea9b50d4d640438800b9ff553ec627 682.530 64.224 278.332 270.000 -0.000 0.000 1.000 1.000 1.000
c2ea9b50d4d640438800b9ff553ec627 682.530 64.224 281.332 270.000 -0.000 0.000 1.000 1.000 1.000
c2ea9b50d4d640438800b9ff553ec627 682.530 64.224 272.332 270.000 -0.000 0.000 1.000 1.000 1.000
c2ea9b50d4d640438800b9ff553ec627 682.530 64.224 269.332 270.000 -0.000 0.000 1.000 1.000 1.000
87806c2130bc4bd8b4f3276edf2222a6 693.265 64.224 280.075 270.000 270.000 0.000 1.000 1.000 1.000
9215cb84c2a942d084fa1dffa0031949 693.265 64.224 281.075 270.000 -0.000 0.000 1.000 1.000 1.000
9215cb84c2a942d084fa1dffa0031949 693.265 64.224 279.075 270.000 180.000 0.000 1.000 1.000 1.000
9215cb84c2a942d084fa1dffa0031949 693.265 64.224 269.597 270.000 180.000 0.000 1.000 1.000 1.000
87806c2130bc4bd8b4f3276edf2222a6 693.265 64.224 270.597 270.000 270.000 0.000 1.000 1.000 1.000
9215cb84c2a942d084fa1dffa0031949 693.265 64.224 271.597 270.000 -0.000 0.000 1.000 1.000 1.000
d4dea3aa823a4244be941b4b114e157d 691.774 68.974 281.487 270.000 -0.000 0.000 1.000 1.000 1.000
d4dea3aa823a4244be941b4b114e157d 687.774 68.974 281.487 270.000 -0.000 0.000 1.000 1.000 1.000
d4dea3aa823a4244be941b4b114e157d 690.155 68.965 303.770 270.000 -0.000 0.000 1.000 1.000 1.000
d052b477b5bc4b2e8ec64effa1f8776e 689.179 68.965 301.849 270.000 -0.000 0.000 1.000 1.000 1.000
d4dea3aa823a4244be941b4b114e157d 686.255 68.965 301.794 270.000 90.000 0.000 1.000 1.000 1.000
d052b477b5bc4b2e8ec64effa1f8776e 739.673 69.076 259.022 270.000 180.000 0.000 1.000 1.000 1.000
d4dea3aa823a4244be941b4b114e157d 742.694 69.076 258.980 270.000 -0.000 0.000 1.000 1.000 1.000
d4dea3aa823a4244be941b4b114e157d 736.729 69.076 261.180 270.000 180.000 0.000 1.000 1.000 1.000
a31640c238084120a4cc7dce956cb7eb 699.912 64.254 267.323 270.000 270.000 0.000 1.000 1.000 1.000
a31640c238084120a4cc7dce956cb7eb 719.912 64.254 267.323 270.000 90.000 0.000 1.000 1.000 1.000
a31640c238084120a4cc7dce956cb7eb 719.912 64.254 291.323 270.000 90.000 0.000 1.000 1.000 1.000
a31640c238084120a4cc7dce956cb7eb 699.912 64.254 291.323 270.000 270.000 0.000 1.000 1.000 1.000
734aa6d8bb7642618c4b3522de821ee4 719.912 64.636 303.323 270.000 -0.000 0.000 1.000 1.000 1.000
734aa6d8bb7642618c4b3522de821ee4 699.912 64.636 303.323 270.000 -0.000 0.000 1.000 1.000 1.000
734aa6d8bb7642618c4b3522de821ee4 699.912 64.636 279.323 270.000 -0.000 0.000 1.000 1.000 1.000
c09e13f5e43647e79692469b5a9ed4ed 683.550 64.660 258.301 -0.000 349.000 90.000 1.000 1.000 1.000
c09e13f5e43647e79692469b5a9ed4ed 681.727 64.300 260.840 278.000 0.000 0.000 1.000 1.000 1.000
5c5d591a49c948a4a812b662b48e87f3 686.133 64.237 256.662 270.000 270.000 0.000 1.000 1.000 1.000
c09e13f5e43647e79692469b5a9ed4ed 686.133 64.237 257.775 270.000 -0.000 0.000 1.000 1.000 1.000
f16f2c63e5e1484ab4125af2535e5d6d 686.133 65.412 256.662 270.000 180.000 0.000 1.000 1.000 1.000
0fcf5364097e4a199d419a9cf2a60dd7 687.491 64.237 256.655 270.000 180.000 0.000 1.000 1.000 1.000
5c5d591a49c948a4a812b662b48e87f3 693.109 64.237 256.665 270.000 270.000 0.000 1.000 1.000 1.000
c09e13f5e43647e79692469b5a9ed4ed 693.109 64.237 257.778 270.000 -0.000 0.000 1.000 1.000 1.000
65906f4174724825849478b60ecc348a 691.208 64.237 261.189 270.000 -0.000 0.000 1.000 1.000 1.000
65906f4174724825849478b60ecc348a 691.967 64.237 261.189 270.000 -0.000 0.000 1.000 1.000 1.000
65906f4174724825849478b60ecc348a 693.435 64.237 261.189 270.000 -0.000 0.000 1.000 1.000 1.000
65906f4174724825849478b60ecc348a 692.706 64.237 261.189 270.000 -0.000 0.000 1.000 1.000 1.000
02923364713c4385a2bdaa7221d717ae 689.189 64.237 261.126 270.000 -0.000 0.000 1.000 1.000 1.000
02923364713c4385a2bdaa7221d717ae 687.699 64.237 261.126 270.000 -0.000 0.000 1.000 1.000 1.000
02923364713c4385a2bdaa7221d717ae 686.242 64.237 261.126 270.000 -0.000 0.000 1.000 1.000 1.000
156a673581474f6aa368ff6e08b8f25a 686.395 65.587 261.144 270.000 350.000 0.000 1.000 1.000 1.000
c2ea9b50d4d640438800b9ff553ec627 666.158 64.249 258.322 270.000 -0.000 0.000 1.000 1.000 1.000
d412f1a6b4c9404a88de772651615e4b 653.875 64.249 260.897 270.000 -0.000 0.000 1.000 1.000 1.000
0e8c0a20e8e947018e8e5859f0a4064f 651.782 64.249 260.864 270.000 -0.000 0.000 1.000 1.000 1.000
d412f1a6b4c9404a88de772651615e4b 651.724 64.249 258.863 270.000 270.000 0.000 1.000 1.000 1.000
98e78ae063ac4fb3bc382a03e437260d 651.865 65.437 260.792 270.000 297.000 0.000 1.000 1.000 1.000
87806c2130bc4bd8b4f3276edf2222a6 714.192 64.194 347.386 270.000 22.000 0.000 1.000 1.000 1.000
9215cb84c2a942d084fa1dffa0031949 715.010 64.643 347.495 0.000 189.002 270.000 1.000 1.000 1.000
6ce99109b6e94ddeb5ef925a2de6730a 714.389 65.381 347.231 270.000 285.000 0.000 1.000 1.000 1.000
65906f4174724825849478b60ecc348a 720.082 64.194 346.907 270.000 22.000 0.000 1.000 1.000 1.000
65906f4174724825849478b60ecc348a 720.794 64.194 346.619 270.000 22.000 0.000 1.000 1.000 1.000
65906f4174724825849478b60ecc348a 721.480 64.194 346.342 270.000 22.000 0.000 1.000 1.000 1.000
65906f4174724825849478b60ecc348a 722.150 64.194 346.071 270.000 22.000 0.000 1.000 1.000 1.000
65906f4174724825849478b60ecc348a 722.856 64.194 345.786 270.000 22.000 0.000 1.000 1.000 1.000
b06ca473809a47a1bb47e72bedd0e421 718.951 64.194 343.003 270.000 -0.000 0.000 1.000 1.000 1.000
6b1dc75a2d88411bbc3af6843e71db02 654.295 67.302 261.777 270.000 -0.000 0.000 1.000 1.000 1.000
6b1dc75a2d88411bbc3af6843e71db02 689.841 67.512 261.629 270.000 -0.000 0.000 1.000 1.000 1.000
ce6db4c70aee4e59afa82271d2aca431 689.948 65.546 304.134 270.000 7.000 0.000 1.000 1.000 1.000
0e8c0a20e8e947018e8e5859f0a4064f 735.532 64.226 284.160 270.000 -0.000 0.000 1.000 1.000 1.000
e7572f0283b8411fbbc55ee6cae3bb97 733.632 64.226 283.096 270.000 -0.000 0.000 1.000 1.000 1.000 Bed_0
584641f35e8540ec85ed88f3aca40622 732.902 64.226 280.153 270.000 -0.000 0.000 1.000 1.000 1.000
29ea162548484889be12ecd51bf6294c 735.570 65.413 284.273 270.000 325.000 0.000 1.000 1.000 1.000
b06ca473809a47a1bb47e72bedd0e421 727.142 64.226 296.228 270.000 -0.000 0.000 1.000 1.000 1.000
e73f9a6daf7f4852a60374999a0723a6 746.026 64.003 267.309 270.000 180.000 0.000 1.000 1.000 1.000
e9ce671e95c14e60a12cf755f25dce3f 680.348 63.996 272.553 270.000 90.000 0.000 1.000 1.000 1.000
61e43d05791d4269b626de9bedbf0a03 680.368 64.496 272.146 270.000 -0.000 0.000 1.000 1.000 1.000
a19b3ec55a2046668611c9d2775efd99 680.267 64.496 273.141 270.000 90.000 0.000 1.000 1.000 1.000
a19b3ec55a2046668611c9d2775efd99 746.479 64.503 267.379 270.000 -0.000 0.000 1.000 1.000 1.000
61e43d05791d4269b626de9bedbf0a03 745.474 64.503 267.297 270.000 11.000 0.000 1.000 1.000 1.000
a19b3ec55a2046668611c9d2775efd99 743.967 63.996 267.288 270.000 160.000 0.000 1.000 1.000 1.000
99c4048f91634e45986add0a89ffc2df 719.995 64.654 284.375 270.000 73.000 0.000 1.000 1.000 1.000
9bce22473d334aefad8864f0bc8447cb 720.066 64.654 286.004 270.000 93.000 0.000 1.000 1.000 1.000
050dbe869b1c4fd5b215c552d145effd 735.579 64.226 300.028 270.000 -0.000 0.000 1.000 1.000 1.000
050dbe869b1c4fd5b215c552d145effd 738.528 64.226 300.028 270.000 -0.000 0.000 1.000 1.000 1.000
0aeeefaf364f46f9906aff76c40c6d2b 737.038 64.226 300.028 270.000 -0.000 0.000 1.000 1.000 1.000
56e56fe3b9f24351aa37af59b4869584 740.188 64.226 300.028 270.000 -0.000 0.000 1.000 1.000 1.000
a305bcc1cdaa486fb91d05201e7d3e6f 733.757 64.226 299.830 270.000 -0.000 0.000 1.000 1.000 1.000
2e060a3768094817887d5f2c8d884d61 739.780 64.226 292.458 270.000 -0.000 0.000 1.000 1.000 1.000
9215cb84c2a942d084fa1dffa0031949 739.051 64.226 291.337 270.000 211.000 0.000 1.000 1.000 1.000
98e78ae063ac4fb3bc382a03e437260d 740.391 65.413 292.386 270.000 88.000 0.000 1.000 1.000 1.000
ae22774b549f44d29926a956ac6c0a4d 731.064 64.226 292.944 270.000 90.000 0.000 1.000 1.000 1.000
f463c0c6285544ac86845d98a07d73a9 732.596 64.226 292.018 270.000 270.000 0.000 1.000 1.000 1.000
4f2244b2de3c4af1bf8ca336b92172c6 732.763 66.103 292.768 -0.000 0.000 0.000 1.000 1.000 1.000
c3231627118d41d3b6fc4032edb79c46 732.781 65.261 291.346 -0.000 0.000 0.000 1.000 1.000 1.000
6ca718d67ffc40f78f0a1ba4bbc1c403 732.798 65.373 291.928 21.000 0.000 0.000 1.000 1.000 1.000
7ef3c8fe72c5483dac2a960d3db45b39 735.781 67.635 300.914 270.000 -0.000 0.000 1.000 1.000 1.000
6fa77cb54d8d442dbd2bec933f21c138 717.523 63.263 336.480 270.000 -0.000 0.000 1.000 1.000 1.000
6fa77cb54d8d442dbd2bec933f21c138 708.125 63.222 334.939 270.000 335.000 0.000 1.000 1.000 1.000
96b3eaf77486491f806384df0b7410e4 671.423 66.443 351.368 270.000 22.000 0.000 1.000 1.000 1.000
96b3eaf77486491f806384df0b7410e4 687.297 66.443 358.007 270.000 22.000 0.000 1.000 1.000 1.000
96b3eaf77486491f806384df0b7410e4 750.400 66.443 332.512 270.000 202.000 0.000 1.000 1.000 1.000
96b3eaf77486491f806384df0b7410e4 761.471 66.443 328.039 270.000 202.000 0.000 1.000 1.000 1.000
4d6caaac51934b9aac9d3a045b7caaf2 739.161 66.443 336.886 270.000 22.000 0.000 1.000 1.000 1.000
4d6caaac51934b9aac9d3a045b7caaf2 756.973 66.443 316.747 270.000 202.000 0.000 1.000 1.000 1.000
4d6caaac51934b9aac9d3a045b7caaf2 698.420 66.443 353.346 270.000 22.000 0.000 1.000 1.000 1.000
4d6caaac51934b9aac9d3a045b7caaf2 682.799 66.443 346.715 270.000 202.000 0.000 1.000 1.000 1.000
b41e66f0964e4824ae8f0edb3bfa2f7b 675.079 66.538 361.529 275.999 202.001 183.000 1.000 1.000 1.000
b41e66f0964e4824ae8f0edb3bfa2f7b 693.906 66.443 342.228 270.000 202.000 0.000 1.000 1.000 1.000
b41e66f0964e4824ae8f0edb3bfa2f7b 734.653 66.443 325.765 270.000 22.000 0.000 1.000 1.000 1.000
9abf731833e446cfa89734acecb3fe6e 692.024 65.565 256.092 299.000 155.000 180.000 1.205 1.205 1.205
eead1a6f8cb14fed81ff20dd37d85894 692.024 65.565 256.092 299.000 155.000 180.000 1.205 1.205 1.205
4236acd986474abb91aaa5414bbabb5b 686.477 65.609 277.263 270.000 340.000 0.000 1.220 1.220 1.220
285463389c454aeeaad01b2503fcea5e 686.477 65.609 277.263 270.000 340.000 0.000 1.220 1.220 1.220
7a7212d2746742fa8141682e965f84cc 726.300 67.599 293.200 -0.000 90.000 270.000 1.000 1.000 1.000
6436696de282428aa7860eefc46c9c13 701.710 62.099 510.460 270.000 -0.000 0.000 1.000 1.000 1.000
6436696de282428aa7860eefc46c9c13 701.710 62.099 830.460 270.000 -0.000 0.000 1.000 1.000 1.000
6436696de282428aa7860eefc46c9c13 701.710 62.099 1150.460 270.000 -0.000 0.000 1.000 1.000 1.000
bc4b9a034fe04c669285becc489d01a0 886.052 64.027 -56.570 270.000 273.000 0.000 1.000 1.000 1.000
bc4b9a034fe04c669285becc489d01a0 854.446 64.033 -53.391 270.000 273.000 0.000 1.000 1.000 1.000
bc4b9a034fe04c669285becc489d01a0 825.295 63.997 -51.021 270.000 276.000 0.000 1.000 1.000 1.000
bc4b9a034fe04c669285becc489d01a0 781.746 64.004 -44.413 270.000 279.000 0.000 1.000 1.000 1.000
89ee9b0ac27440ac959072a89c1f9a46 850.619 69.961 125.228 288.626 101.152 314.124 1.000 1.000 1.000
c5248a3eae7a44fbb1624955e17bfef1 854.534 70.315 125.622 285.615 74.438 284.902 1.000 1.000 1.048
c5248a3eae7a44fbb1624955e17bfef1 849.513 70.441 125.254 276.000 270.000 90.000 1.000 1.000 1.000
c5248a3eae7a44fbb1624955e17bfef1 854.105 71.214 119.646 276.833 220.484 140.597 1.000 1.000 1.000
c5248a3eae7a44fbb1624955e17bfef1 856.055 71.664 117.721 275.404 255.439 325.719 1.000 1.000 1.000
9388fac2eac8464bab80d73ff35d30f7 850.829 71.274 124.245 291.577 102.725 9.646 1.000 1.000 1.000
21bb252eb5504116bda99260b00da5b6 853.012 71.332 122.964 351.000 90.000 272.000 1.181 1.181 1.181
6468b5877cb14ca6ad046ab0a2782c65 852.665 71.193 123.763 279.218 282.584 150.574 1.459 1.459 1.459
e18cdb351e434c35aa953188936c98b0 851.781 71.110 123.293 275.390 275.416 157.779 1.248 1.248 1.248
59065b71fbab4de7b0250b80f891091f 851.794 71.465 122.472 297.000 62.000 0.000 1.077 1.077 1.077
9b9742c4ab1a44a88afeaba7f69277ae 852.765 71.204 123.085 275.220 264.467 72.620 0.872 0.872 0.872
326f223881304e13a539e557f55e927e 851.648 71.076 122.885 280.550 305.106 111.033 1.000 1.000 1.000
dc5d53f65f1e43d4aa66e97c245775bc 803.848 64.254 194.923 270.000 -0.000 0.000 1.000 1.000 1.000 House_02
329682e42ea141ea8d033278e88d763c 781.912 64.254 231.323 270.000 270.000 0.000 1.000 1.000 1.000
b832729132a546a29eaedac06b84a46f 781.912 64.254 207.323 270.000 -0.000 0.000 1.000 1.000 1.000
27501590239d4699a8dc001efa4dee37 781.912 64.254 183.323 270.000 -0.000 0.000 1.000 1.000 1.000
298f2f8d9b714d7597e064726dfee416 802.223 64.259 238.816 270.000 330.000 0.000 1.000 1.000 1.000 House_08
ae22774b549f44d29926a956ac6c0a4d 772.389 64.254 247.270 270.000 180.000 0.000 1.000 1.000 1.000
ae22774b549f44d29926a956ac6c0a4d 775.052 64.254 249.975 270.000 90.000 0.000 1.000 1.000 1.000
0e8c0a20e8e947018e8e5859f0a4064f 774.821 64.254 247.495 270.000 270.000 0.000 1.000 1.000 1.000
32d869a19d90495790277a94502c5aba 774.930 65.525 247.610 -0.000 194.000 0.000 1.000 1.000 1.000
19ff8f2c79eb4b5a8d09ac8396ea8146 774.360 65.521 247.954 -0.000 350.000 0.000 1.000 1.000 1.000
8548fc360c554b399e98cde4d40eca5d 804.021 65.925 206.525 342.000 270.000 90.000 1.000 1.000 1.000
cf45d6da9d6a4e129da721948b0b3a8a 803.850 66.007 228.639 282.000 60.000 90.000 1.000 1.000 1.000
7ef3c8fe72c5483dac2a960d3db45b39 793.612 67.534 234.055 270.000 60.000 0.000 1.000 1.000 1.000
7ef3c8fe72c5483dac2a960d3db45b39 798.055 67.486 188.199 270.000 270.000 0.000 1.000 1.000 1.000
a31640c238084120a4cc7dce956cb7eb 771.912 64.254 195.323 270.000 270.000 0.000 1.000 1.000 1.000
a31640c238084120a4cc7dce956cb7eb 791.912 64.254 195.323 270.000 90.000 0.000 1.000 1.000 1.000
a31640c238084120a4cc7dce956cb7eb 771.912 64.254 221.323 270.000 225.000 0.000 1.000 1.000 1.000
734aa6d8bb7642618c4b3522de821ee4 785.467 64.654 233.822 270.000 315.000 0.000 1.000 1.000 1.000
734aa6d8bb7642618c4b3522de821ee4 771.912 64.636 183.323 270.000 -0.000 0.000 1.000 1.000 1.000
734aa6d8bb7642618c4b3522de821ee4 791.912 64.636 183.323 270.000 -0.000 0.000 1.000 1.000 1.000
e7572f0283b8411fbbc55ee6cae3bb97 799.463 64.259 246.019 270.000 330.000 0.000 1.000 1.000 1.000 Bed_1
e7572f0283b8411fbbc55ee6cae3bb97 805.802 64.259 249.679 270.000 330.000 0.000 1.000 1.000 1.000 Bed_1
a94b6d3b1d164f21a173548e3cb8a566 792.785 64.259 240.248 270.000 240.000 0.000 1.000 1.000 1.000 Bed_0
e7572f0283b8411fbbc55ee6cae3bb97 800.418 64.254 198.558 270.000 270.000 0.000 1.000 1.000 1.000 Bed_0
0e8c0a20e8e947018e8e5859f0a4064f 799.353 64.254 200.514 270.000 -0.000 0.000 1.000 1.000 1.000
0e8c0a20e8e947018e8e5859f0a4064f 790.678 64.259 241.823 270.000 330.000 0.000 1.000 1.000 1.000
0e8c0a20e8e947018e8e5859f0a4064f 793.099 64.259 237.628 270.000 330.000 0.000 1.000 1.000 1.000
b06ca473809a47a1bb47e72bedd0e421 798.902 64.254 205.962 270.000 -0.000 0.000 1.000 1.000 1.000
b06ca473809a47a1bb47e72bedd0e421 802.466 64.259 228.562 270.000 -0.000 0.000 1.000 1.000 1.000
40921a1a3cd742f69cc25cc25b856572 797.586 63.996 218.535 270.000 -0.000 0.000 1.000 1.000 1.000
40921a1a3cd742f69cc25cc25b856572 801.744 63.996 218.535 270.000 -0.000 0.000 1.000 1.000 1.000
40921a1a3cd742f69cc25cc25b856572 810.099 63.996 218.535 270.000 -0.000 0.000 1.000 1.000 1.000
40921a1a3cd742f69cc25cc25b856572 805.941 63.996 218.535 270.000 -0.000 0.000 1.000 1.000 1.000
40921a1a3cd742f69cc25cc25b856572 818.417 63.996 218.535 270.000 -0.000 0.000 1.000 1.000 1.000
40921a1a3cd742f69cc25cc25b856572 814.259 63.996 218.535 270.000 -0.000 0.000 1.000 1.000 1.000
40921a1a3cd742f69cc25cc25b856572 781.685 63.996 244.134 270.000 90.000 0.000 1.000 1.000 1.000
40921a1a3cd742f69cc25cc25b856572 781.685 63.996 248.292 270.000 90.000 0.000 1.000 1.000 1.000
40921a1a3cd742f69cc25cc25b856572 781.685 63.996 252.452 270.000 90.000 0.000 1.000 1.000 1.000
99c4048f91634e45986add0a89ffc2df 788.832 64.654 231.026 270.000 75.000 0.000 1.000 1.000 1.000
9bce22473d334aefad8864f0bc8447cb 789.603 64.654 229.468 270.000 59.000 0.000 1.000 1.000 1.000
99c4048f91634e45986add0a89ffc2df 791.431 64.654 198.508 270.000 81.000 0.000 1.000 1.000 1.000
99c4048f91634e45986add0a89ffc2df 772.062 64.654 201.723 270.000 284.000 0.000 1.000 1.000 1.000
87806c2130bc4bd8b4f3276edf2222a6 799.232 64.254 193.799 270.000 -0.000 0.000 1.000 1.000 1.000
8712392ad0304c38b90061d908cbb293 799.301 65.442 193.942 270.000 270.000 0.000 1.000 1.000 1.000
f821ad54240043be8a6b3280a142bee4 799.199 64.254 192.749 270.000 270.000 0.000 1.000 1.000 1.000
9215cb84c2a942d084fa1dffa0031949 800.189 64.254 193.903 270.000 90.000 0.000 1.000 1.000 1.000
f463c0c6285544ac86845d98a07d73a9 809.056 64.254 186.870 270.000 90.000 0.000 1.000 1.000 1.000
050dbe869b1c4fd5b215c552d145effd 808.902 64.254 200.425 270.000 90.000 0.000 1.000 1.000 1.000
050dbe869b1c4fd5b215c552d145effd 808.902 64.254 203.369 270.000 90.000 0.000 1.000 1.000 1.000
050dbe869b1c4fd5b215c552d145effd 808.902 64.254 204.854 270.000 90.000 0.000 1.000 1.000 1.000
0aeeefaf364f46f9906aff76c40c6d2b 808.902 64.254 201.909 270.000 90.000 0.000 1.000 1.000 1.000
91dbbf923c8c401bb6b2d56084783f73 808.902 64.254 198.970 270.000 90.000 0.000 1.000 1.000 1.000
6fb78536e8cb4b01b6050a2efb3d912c 808.870 65.604 204.637 270.000 77.000 0.000 1.000 1.000 1.000
ae22774b549f44d29926a956ac6c0a4d 804.450 64.254 205.629 270.000 -0.000 0.000 1.000 1.000 1.000
98e78ae063ac4fb3bc382a03e437260d 799.108 65.442 200.715 270.000 279.000 0.000 1.000 1.000 1.000
87806c2130bc4bd8b4f3276edf2222a6 804.450 64.254 202.629 270.000 270.000 0.000 1.000 1.000 1.000
ce6db4c70aee4e59afa82271d2aca431 805.012 65.442 202.456 270.000 78.000 0.000 1.000 1.000 1.000
8388edfa33b84f78ad7f5d277412433b 803.827 64.254 196.549 270.000 -0.000 0.000 1.000 1.000 1.000 Wardrobe_0
29ea162548484889be12ecd51bf6294c 792.962 65.447 237.412 270.000 81.000 0.000 1.000 1.000 1.000
29ea162548484889be12ecd51bf6294c 790.620 65.447 241.689 270.000 206.000 0.000 1.000 1.000 1.000
b489a8a63fca4d179fd315cbae8b6ed7 798.950 66.553 243.808 270.000 60.000 0.000 1.000 1.000 1.000
f463c0c6285544ac86845d98a07d73a9 801.843 64.259 249.148 270.000 330.000 0.000 1.000 1.000 1.000
4f2244b2de3c4af1bf8ca336b92172c6 802.844 65.507 249.501 290.000 60.000 0.000 1.000 1.000 1.000
366521728ff44c17a184f991a4c9cc27 801.286 66.122 248.632 -0.000 247.000 0.000 1.000 1.000 1.000
19ff8f2c79eb4b5a8d09ac8396ea8146 800.867 64.687 248.488 270.000 240.000 0.000 1.000 1.000 1.000
d9b2708a3f10443aa6f25ebd5b1c9056 801.145 64.667 248.613 294.000 240.000 0.000 1.000 1.000 1.000
68339521990c4d70903dfd68da2cd886 809.900 64.259 242.827 270.000 60.000 0.000 1.000 1.000 1.000
90da84de3f214d129de92b6ee8df60af 810.900 64.259 241.095 270.000 60.000 0.000 1.000 1.000 1.000
050dbe869b1c4fd5b215c552d145effd 795.531 64.259 232.527 270.000 240.000 0.000 1.000 1.000 1.000
91dbbf923c8c401bb6b2d56084783f73 794.076 64.259 235.047 270.000 240.000 0.000 1.000 1.000 1.000
a305bcc1cdaa486fb91d05201e7d3e6f 796.518 64.259 231.373 270.000 240.000 0.000 1.000 1.000 1.000
0aeeefaf364f46f9906aff76c40c6d2b 794.801 64.259 233.792 270.000 240.000 0.000 1.000 1.000 1.000
2e060a3768094817887d5f2c8d884d61 802.326 64.259 238.091 270.000 353.000 0.000 1.000 1.000 1.000
9215cb84c2a942d084fa1dffa0031949 803.773 64.259 237.577 270.000 104.000 0.000 1.000 1.000 1.000
9215cb84c2a942d084fa1dffa0031949 802.813 64.259 239.370 270.000 15.000 0.000 1.000 1.000 1.000
9215cb84c2a942d084fa1dffa0031949 801.232 64.259 238.562 270.000 287.000 0.000 1.000 1.000 1.000
9215cb84c2a942d084fa1dffa0031949 801.808 64.259 236.845 270.000 200.000 0.000 1.000 1.000 1.000
6b1dc75a2d88411bbc3af6843e71db02 801.301 67.031 240.362 270.000 330.000 0.000 1.000 1.000 1.000
ae22774b549f44d29926a956ac6c0a4d 810.204 64.259 234.337 270.000 60.000 0.000 1.000 1.000 1.000
ae22774b549f44d29926a956ac6c0a4d 806.740 64.259 232.337 270.000 240.000 0.000 1.000 1.000 1.000
87806c2130bc4bd8b4f3276edf2222a6 808.472 64.259 233.337 270.000 330.000 0.000 1.000 1.000 1.000
7a7212d2746742fa8141682e965f84cc 798.028 67.599 193.910 -0.000 90.000 270.000 1.000 1.000 1.000
7a7212d2746742fa8141682e965f84cc 798.028 67.599 200.151 -0.000 90.000 270.000 1.000 1.000 1.000
7a7212d2746742fa8141682e965f84cc 790.920 67.599 238.900 -0.000 60.000 270.000 1.000 1.000 1.000
7a7212d2746742fa8141682e965f84cc 794.404 67.599 232.865 -0.000 60.000 270.000 1.000 1.000 1.000
7a7212d2746742fa8141682e965f84cc 811.364 67.599 242.657 -0.000 60.000 270.000 1.000 1.000 1.000
8c05d039f62a4e40a3e448fcaeb31efd 770.491 64.254 258.008 270.000 -0.000 0.000 1.000 1.000 1.000
8c05d039f62a4e40a3e448fcaeb31efd 771.491 64.254 258.008 270.000 -0.000 0.000 1.000 1.000 1.000
8c05d039f62a4e40a3e448fcaeb31efd 772.491 64.254 258.008 270.000 -0.000 0.000 1.000 1.000 1.000
8c05d039f62a4e40a3e448fcaeb31efd 773.491 64.254 258.008 270.000 -0.000 0.000 1.000 1.000 1.000
8c05d039f62a4e40a3e448fcaeb31efd 774.491 64.254 258.008 270.000 -0.000 0.000 1.000 1.000 1.000
3d37d6da42a34f19b6b6a25e3ab8eaab 772.254 64.254 261.410 270.000 270.000 0.000 1.000 1.000 1.000
d4dea3aa823a4244be941b4b114e157d 771.460 69.004 263.339 270.000 -0.000 0.000 1.000 1.000 1.000
d4dea3aa823a4244be941b4b114e157d 771.460 69.004 260.339 270.000 -0.000 0.000 1.000 1.000 1.000
40921a1a3cd742f69cc25cc25b856572 781.685 63.996 256.610 270.000 90.000 0.000 1.000 1.000 1.000
40921a1a3cd742f69cc25cc25b856572 781.685 63.996 260.807 270.000 90.000 0.000 1.000 1.000 1.000
40921a1a3cd742f69cc25cc25b856572 781.685 63.996 264.966 270.000 90.000 0.000 1.000 1.000 1.000
40921a1a3cd742f69cc25cc25b856572 781.685 63.996 273.294 270.000 90.000 0.000 1.000 1.000 1.000
40921a1a3cd742f69cc25cc25b856572 781.685 63.996 269.136 270.000 90.000 0.000 1.000 1.000 1.000
e9ce671e95c14e60a12cf755f25dce3f 777.080 63.996 258.374 270.000 270.000 0.000 1.000 1.000 1.000
61e43d05791d4269b626de9bedbf0a03 777.112 64.496 257.890 270.000 -0.000 0.000 1.000 1.000 1.000
a19b3ec55a2046668611c9d2775efd99 777.054 64.496 258.973 270.028 277.000 0.000 1.000 1.000 1.000
1483dddb992e48ad97aaa30d18986cc4 885.233 54.330 557.277 277.000 329.000 0.000 1.000 1.000 1.000
88def478f0274b6f86d17a282e202352 818.754 64.755 831.977 10.000 291.000 -0.000 1.000 1.000 1.000
4949e86434394254b4d3a1c69dd042f1 812.113 62.149 798.811 270.000 -0.000 0.000 1.000 1.000 1.000
4949e86434394254b4d3a1c69dd042f1 821.628 60.460 819.770 270.000 150.000 0.000 1.000 1.000 1.000
4949e86434394254b4d3a1c69dd042f1 820.087 60.460 827.395 270.000 25.000 0.000 1.000 1.000 1.000
4949e86434394254b4d3a1c69dd042f1 823.380 61.494 846.553 277.000 273.000 0.000 1.000 1.000 1.000
aa7fd5bc5e634a0c846770a28ff6cd65 798.789 62.149 826.802 270.000 304.000 0.000 1.000 1.000 1.000
aa7fd5bc5e634a0c846770a28ff6cd65 803.788 62.149 840.563 270.000 174.000 0.000 1.000 1.000 1.000
aa7fd5bc5e634a0c846770a28ff6cd65 797.277 62.149 816.232 270.000 77.000 0.000 1.000 1.000 1.000
e74c4cff41904c58bb04313753f736d8 816.321 64.437 841.691 10.000 291.000 270.000 1.000 1.000 1.000
0d59f6daef124334b9a96301a4ec459a 820.582 67.062 847.709 302.217 252.442 135.342 1.000 1.000 1.000
0d59f6daef124334b9a96301a4ec459a 824.665 65.752 852.183 353.540 245.323 169.223 1.000 1.000 1.000
87806c2130bc4bd8b4f3276edf2222a6 816.319 63.328 850.922 336.704 185.407 170.831 1.000 1.000 1.000
8548fc360c554b399e98cde4d40eca5d 812.661 66.377 841.995 350.000 111.000 270.000 1.000 1.000 1.000
0f6b8d0dfc67493e807beff37ca4cc5e 818.485 65.301 847.147 280.000 291.000 -0.000 1.000 1.000 1.000
96b3eaf77486491f806384df0b7410e4 811.381 62.604 830.523 346.000 328.000 0.000 1.000 1.000 1.000
96b3eaf77486491f806384df0b7410e4 787.927 60.164 812.324 297.000 180.001 180.001 1.000 1.000 1.000
96b3eaf77486491f806384df0b7410e4 800.710 63.726 805.162 8.000 270.000 90.000 1.000 1.000 1.000
96b3eaf77486491f806384df0b7410e4 808.666 61.410 819.766 285.000 310.000 90.000 1.000 1.000 1.000
96b3eaf77486491f806384df0b7410e4 791.682 62.149 826.669 293.000 256.000 0.000 1.000 1.000 1.000
42f6f645c4704fd9a67079f1d8bfe28e 816.159 65.422 841.754 10.000 291.000 270.000 1.000 1.000 1.000
69484203981a45e5b8d6bb888b9c99d4 816.483 63.452 841.629 10.000 291.000 270.000 1.000 1.000 1.000
409c99861aa9411cbbb653f74d0d655d 820.728 66.584 848.360 9.775 303.305 272.121 1.000 1.000 1.000
4949e86434394254b4d3a1c69dd042f1 804.383 60.184 798.096 270.000 258.738 0.000 1.000 1.000 1.000
9bd2e0ef06e54927ae2f39394a466b8e 972.432 63.996 -129.741 270.000 90.000 0.000 1.000 1.000 1.000
7e1ad0495e7d4d82bf79d631c07a9e3d 996.432 63.996 -129.741 270.000 90.000 0.000 1.000 1.000 1.000
7e1ad0495e7d4d82bf79d631c07a9e3d 1020.432 63.996 -129.741 270.000 90.000 0.000 1.000 1.000 1.000
6125b4de591b44359237f6d7191dd919 978.460 64.196 -132.265 270.000 262.000 0.000 1.000 1.000 1.000
6125b4de591b44359237f6d7191dd919 984.261 70.052 -129.803 26.001 2.540 230.463 1.000 1.000 1.000
862a4ad08b0b4899b35ef82309e47919 967.470 62.291 -130.197 270.000 297.000 0.000 1.000 1.000 1.000
ee402fc9debe4f03bffb31a49eb04fb7 971.628 62.273 -132.158 270.000 -0.000 0.000 1.000 1.000 1.000
7197b9a111b94a77907c03d5eaecb478 967.538 64.196 -132.478 279.000 120.001 180.000 1.000 1.000 1.000
1844f8668ac841cb8028e65af96f23e3 967.107 63.791 -135.508 270.000 -0.000 0.000 1.000 1.000 1.000
1844f8668ac841cb8028e65af96f23e3 962.962 63.925 -129.410 270.000 259.000 0.000 1.000 1.000 1.000
a1b84704e21440f59c4e55e2cee59dcd 959.973 64.196 -132.648 270.000 260.000 0.000 1.000 1.000 1.000
a1b84704e21440f59c4e55e2cee59dcd 960.460 64.196 -135.304 270.000 273.000 0.000 1.000 1.000 1.000
9bd2e0ef06e54927ae2f39394a466b8e 974.589 63.996 -73.812 270.000 90.000 0.000 1.000 1.000 1.000
7e1ad0495e7d4d82bf79d631c07a9e3d 998.589 63.996 -73.812 270.000 90.000 0.000 1.000 1.000 1.000
7e1ad0495e7d4d82bf79d631c07a9e3d 1022.589 63.996 -73.812 270.000 90.000 0.000 1.000 1.000 1.000
6125b4de591b44359237f6d7191dd919 985.473 63.017 -71.565 270.000 -0.000 0.000 1.000 1.000 1.000
6125b4de591b44359237f6d7191dd919 982.723 61.072 -76.667 295.000 237.000 -0.000 1.000 1.000 1.000
6125b4de591b44359237f6d7191dd919 990.268 68.874 -75.735 295.000 237.000 -0.000 1.000 1.000 1.000
6125b4de591b44359237f6d7191dd919 978.460 61.944 -126.981 11.502 48.274 94.604 1.000 1.000 1.000
862a4ad08b0b4899b35ef82309e47919 968.438 61.788 -74.296 270.000 -0.000 0.000 1.000 1.000 1.000
ee402fc9debe4f03bffb31a49eb04fb7 974.540 61.830 -75.046 270.000 259.000 0.000 1.000 1.000 1.000
1844f8668ac841cb8028e65af96f23e3 967.697 64.602 -125.463 270.000 299.000 0.000 1.000 1.000 1.000
1844f8668ac841cb8028e65af96f23e3 968.776 63.903 -71.035 270.000 -0.000 0.000 1.000 1.000 1.000
1844f8668ac841cb8028e65af96f23e3 964.298 63.957 -68.435 270.000 252.000 0.000 1.000 1.000 1.000
1844f8668ac841cb8028e65af96f23e3 965.662 64.412 -78.455 270.000 139.000 0.000 1.000 1.000 1.000
a1b84704e21440f59c4e55e2cee59dcd 960.156 64.196 -124.660 270.000 -0.000 0.000 1.000 1.000 1.000
a1b84704e21440f59c4e55e2cee59dcd 961.450 64.395 -70.061 270.000 235.000 0.000 1.000 1.000 1.000
a1b84704e21440f59c4e55e2cee59dcd 958.155 63.996 -73.985 270.000 269.000 0.000 1.000 1.000 1.000
a1b84704e21440f59c4e55e2cee59dcd 960.448 64.396 -77.874 270.000 297.000 0.000 1.000 1.000 1.000
a1b84704e21440f59c4e55e2cee59dcd 961.245 63.996 -81.709 270.000 272.000 0.000 1.000 1.000 1.000
bc4b9a034fe04c669285becc489d01a0 942.310 64.113 -59.100 270.000 270.000 0.000 1.000 1.000 1.000
bc4b9a034fe04c669285becc489d01a0 916.102 64.021 -58.597 270.000 273.000 0.000 1.000 1.000 1.000
6436696de282428aa7860eefc46c9c13 1021.710 62.099 190.460 270.000 -0.000 0.000 1.000 1.000 1.000
6436696de282428aa7860eefc46c9c13 1021.710 62.099 510.460 270.000 -0.000 0.000 1.000 1.000 1.000
6436696de282428aa7860eefc46c9c13 1021.710 62.099 830.460 270.000 -0.000 0.000 1.000 1.000 1.000
6436696de282428aa7860eefc46c9c13 1021.710 62.099 1150.460 270.000 -0.000 0.000 1.000 1.000 1.000
