7e1ad0495e7d4d82bf79d631c07a9e3d -996.207 38.381 -139.840 270.000 270.000 0.000 1.000 1.000 1.000
7e1ad0495e7d4d82bf79d631c07a9e3d -1020.207 38.381 -139.840 270.000 270.000 0.000 1.000 1.000 1.000
9bd2e0ef06e54927ae2f39394a466b8e -972.207 38.381 -139.840 270.000 270.000 0.000 1.000 1.000 1.000
6125b4de591b44359237f6d7191dd919 -974.689 38.220 -142.638 270.000 276.000 0.000 1.000 1.000 1.000
6125b4de591b44359237f6d7191dd919 -975.864 38.995 -137.080 270.000 308.000 0.000 1.000 1.000 1.000
6125b4de591b44359237f6d7191dd919 -977.774 44.578 -139.759 35.067 193.593 50.898 1.000 1.000 1.000
862a4ad08b0b4899b35ef82309e47919 -967.409 36.060 -139.166 270.000 109.000 0.000 1.000 1.000 1.000
1844f8668ac841cb8028e65af96f23e3 -965.749 38.264 -145.145 270.000 -0.000 0.000 1.000 1.000 1.000
1844f8668ac841cb8028e65af96f23e3 -962.199 38.116 -137.436 270.000 211.000 0.000 1.000 1.000 1.000
a2dbbe74ffcb490599ac07afacbd00be -966.711 38.192 -138.207 283.000 90.000 343.000 1.000 1.000 1.000
9b7028d0e0bd45d2b8737105779c1b59 -966.406 38.706 -139.996 341.000 356.000 228.000 1.000 1.000 1.000
a1b84704e21440f59c4e55e2cee59dcd -964.176 38.581 -139.720 270.000 -0.000 0.000 1.000 1.000 1.000
a1b84704e21440f59c4e55e2cee59dcd -960.490 38.581 -144.574 270.000 291.000 0.000 1.000 1.000 1.000
a1b84704e21440f59c4e55e2cee59dcd -961.568 38.581 -133.622 270.000 172.000 0.000 1.000 1.000 1.000
716024de5b674e969f3a6af41115ddf4 -961.168 38.581 -134.071 270.000 165.000 0.000 1.000 1.000 1.000
716024de5b674e969f3a6af41115ddf4 -960.491 38.581 -137.965 270.000 175.000 0.000 1.000 1.000 1.000
716024de5b674e969f3a6af41115ddf4 -960.491 38.581 -141.825 270.000 185.003 0.000 1.000 1.000 1.000
716024de5b674e969f3a6af41115ddf4 -961.215 38.581 -145.768 270.000 195.000 0.000 1.000 1.000 1.000
054a9392fed9484e950ff92d13631f06 -950.156 38.362 -151.944 270.000 179.000 0.000 1.000 1.000 1.000
cb0d8bf87fca47e3b73f634959a9f523 -948.548 38.318 -151.552 270.000 270.000 0.000 1.000 1.000 1.000
b3f45cfd50b54cd89ee25272c4bd28a3 -956.685 38.381 -150.534 270.000 189.003 0.000 1.000 1.000 1.000
b3f45cfd50b54cd89ee25272c4bd28a3 -950.045 38.381 -150.710 270.000 178.000 0.000 1.000 1.000 1.000
b3f45cfd50b54cd89ee25272c4bd28a3 -956.980 38.381 -129.413 270.000 356.000 0.000 1.000 1.000 1.000
b3f45cfd50b54cd89ee25272c4bd28a3 -950.453 38.381 -129.230 270.000 4.000 0.000 1.000 1.000 1.000
b55c500ae0cd4b40904bf75578173812 -944.377 46.482 -157.001 270.000 165.000 0.000 1.000 1.000 1.000
b047e1fb621e499d8803ce0d90e5b241 -944.188 38.381 -157.706 270.000 165.000 0.000 1.000 1.000 1.000
b55c500ae0cd4b40904bf75578173812 -944.377 39.742 -157.001 270.000 165.000 0.000 1.000 1.000 1.000
247828ef63574258b6e1be743309c028 -955.064 38.826 -145.135 270.000 235.000 0.000 1.000 1.000 1.000
717ae274519f4f4fa760e6fbf4a3614b -954.494 38.571 -144.595 270.000 233.000 0.000 1.000 1.000 1.000
07132524c8554ac4b24fd7618b32c297 -953.842 38.857 -144.198 270.000 228.000 0.000 1.000 1.000 1.000
aacd164d8e4041aab78179c7886f4461 -949.149 38.426 -128.468 270.000 195.000 0.000 1.000 1.000 1.000
756faa5eea0b4df7b2602e1d77932057 -950.411 38.426 -128.398 270.000 195.000 0.000 1.000 1.000 1.000
8b7a12b81903447f8a8c663ed478087d -930.258 38.882 -141.912 345.000 90.000 270.000 1.000 1.000 1.000
1844f8668ac841cb8028e65af96f23e3 -929.388 38.122 -143.304 270.000 -0.000 0.000 1.000 1.000 1.000
1844f8668ac841cb8028e65af96f23e3 -929.497 38.137 -140.469 270.000 95.000 0.000 1.000 1.000 1.000
bca7ab61ae6046aeb5bcc4832202a29a -930.354 40.336 -143.728 347.000 90.000 270.000 1.000 1.000 1.000
bca7ab61ae6046aeb5bcc4832202a29a -930.452 40.329 -140.155 337.000 90.000 270.000 1.000 1.000 1.000
bca7ab61ae6046aeb5bcc4832202a29a -930.704 40.111 -141.824 322.597 95.870 255.356 1.000 1.000 1.000
bc4b9a034fe04c669285becc489d01a0 -914.925 38.381 -150.168 270.000 270.000 0.000 1.000 1.000 1.000
862a4ad08b0b4899b35ef82309e47919 -916.288 49.808 -186.373 318.240 336.466 355.141 1.000 1.000 1.000
862a4ad08b0b4899b35ef82309e47919 -899.046 52.030 -181.589 322.859 353.242 227.497 1.000 1.000 1.000
6125b4de591b44359237f6d7191dd919 -906.687 39.546 -179.457 270.000 -0.000 0.000 1.000 1.000 1.000
91c7b343d13446faba663d2f63e03276 -947.846 51.491 -159.511 270.000 60.000 0.000 1.000 1.000 1.000
b047e1fb621e499d8803ce0d90e5b241 -945.007 38.381 -122.489 270.000 15.000 0.000 1.000 1.000 1.000
b55c500ae0cd4b40904bf75578173812 -945.196 46.482 -123.194 270.000 15.000 0.000 1.000 1.000 1.000
b55c500ae0cd4b40904bf75578173812 -945.196 39.742 -123.194 270.000 15.000 0.000 1.000 1.000 1.000
4ca1de6fdcc84b6bbc4a76c3ad394739 -949.397 38.871 -127.485 -0.000 279.000 285.000 1.000 1.000 1.000
1717ae4805914278bd32427585166c7d -904.043 76.766 255.101 270.000 -0.000 0.000 1.000 1.000 1.000
1717ae4805914278bd32427585166c7d -906.779 76.766 240.832 270.000 -0.000 0.000 1.000 1.000 1.000
1717ae4805914278bd32427585166c7d -902.189 76.766 227.161 270.000 -0.000 0.000 1.000 1.000 1.000
1717ae4805914278bd32427585166c7d -903.118 76.766 213.341 270.000 180.000 0.000 1.000 1.000 1.000
1717ae4805914278bd32427585166c7d -905.809 76.766 282.978 270.000 180.000 0.000 1.000 1.000 1.000
1717ae4805914278bd32427585166c7d -904.820 76.766 268.740 270.000 180.000 0.000 1.000 1.000 1.000
862a4ad08b0b4899b35ef82309e47919 -981.193 62.911 501.121 326.026 87.597 271.518 1.000 1.000 1.000
862a4ad08b0b4899b35ef82309e47919 -957.242 70.337 694.375 317.353 118.847 246.478 1.000 1.000 1.000
6125b4de591b44359237f6d7191dd919 -926.971 59.018 847.426 270.000 -0.000 0.000 1.000 1.000 1.000
862a4ad08b0b4899b35ef82309e47919 -904.879 48.344 917.249 313.037 87.069 272.143 1.000 1.000 1.000
9236b8df6cee4765a29cee45e7866eea -822.709 38.566 -714.232 270.000 180.000 0.000 1.000 1.000 1.000
125436fb0d694d1d816944a969ccfb18 -793.881 38.381 -708.818 270.000 270.000 0.000 1.000 1.000 1.000
e796fc2a42f440529cc1a24ac59b4b24 -821.812 38.381 -751.903 270.000 -0.000 0.000 1.000 1.000 1.000
e796fc2a42f440529cc1a24ac59b4b24 -815.622 38.381 -751.903 270.000 -0.000 0.000 1.000 1.000 1.000
e796fc2a42f440529cc1a24ac59b4b24 -827.973 38.381 -751.903 270.000 -0.000 0.000 1.000 1.000 1.000
e796fc2a42f440529cc1a24ac59b4b24 -809.462 38.381 -751.903 270.000 -0.000 0.000 1.000 1.000 1.000
e796fc2a42f440529cc1a24ac59b4b24 -831.138 38.381 -724.085 270.000 90.000 0.000 1.000 1.000 1.000
e796fc2a42f440529cc1a24ac59b4b24 -831.138 38.381 -730.246 270.000 90.000 0.000 1.000 1.000 1.000
e796fc2a42f440529cc1a24ac59b4b24 -831.138 38.381 -736.435 270.000 90.000 0.000 1.000 1.000 1.000
e796fc2a42f440529cc1a24ac59b4b24 -831.138 38.381 -742.596 270.000 90.000 0.000 1.000 1.000 1.000
e796fc2a42f440529cc1a24ac59b4b24 -831.138 38.381 -748.781 270.000 90.000 0.000 1.000 1.000 1.000
dc5d53f65f1e43d4aa66e97c245775bc -802.933 38.566 -742.475 270.000 90.000 0.000 1.000 1.000 1.000 House_05
887f4fef352d4792bf5364d61da68ec1 -823.280 38.381 -745.151 270.000 -0.000 0.000 1.000 1.000 1.000
e796fc2a42f440529cc1a24ac59b4b24 -831.138 38.381 -705.565 270.000 90.000 0.000 1.000 1.000 1.000
e796fc2a42f440529cc1a24ac59b4b24 -831.138 38.381 -711.726 270.000 90.000 0.000 1.000 1.000 1.000
e796fc2a42f440529cc1a24ac59b4b24 -831.138 38.381 -717.911 270.000 90.000 0.000 1.000 1.000 1.000
e796fc2a42f440529cc1a24ac59b4b24 -790.931 38.381 -751.903 270.000 -0.000 0.000 1.000 1.000 1.000
e796fc2a42f440529cc1a24ac59b4b24 -797.116 38.381 -751.903 270.000 -0.000 0.000 1.000 1.000 1.000
e796fc2a42f440529cc1a24ac59b4b24 -787.792 38.381 -742.611 270.000 270.000 0.000 1.000 1.000 1.000
e796fc2a42f440529cc1a24ac59b4b24 -787.792 38.381 -736.422 270.000 270.000 0.000 1.000 1.000 1.000
e796fc2a42f440529cc1a24ac59b4b24 -787.792 38.381 -730.261 270.000 270.000 0.000 1.000 1.000 1.000
e796fc2a42f440529cc1a24ac59b4b24 -787.792 38.381 -748.772 270.000 270.000 0.000 1.000 1.000 1.000
e796fc2a42f440529cc1a24ac59b4b24 -787.792 38.381 -711.741 270.000 270.000 0.000 1.000 1.000 1.000
e796fc2a42f440529cc1a24ac59b4b24 -787.792 38.381 -705.552 270.000 270.000 0.000 1.000 1.000 1.000
e796fc2a42f440529cc1a24ac59b4b24 -827.981 38.381 -702.470 270.000 180.000 0.000 1.000 1.000 1.000
e796fc2a42f440529cc1a24ac59b4b24 -815.636 38.381 -702.470 270.000 180.000 0.000 1.000 1.000 1.000
e796fc2a42f440529cc1a24ac59b4b24 -821.796 38.381 -702.470 270.000 180.000 0.000 1.000 1.000 1.000
e796fc2a42f440529cc1a24ac59b4b24 -809.450 38.381 -702.470 270.000 180.000 0.000 1.000 1.000 1.000
e796fc2a42f440529cc1a24ac59b4b24 -803.290 38.381 -702.470 270.000 180.000 0.000 1.000 1.000 1.000
e796fc2a42f440529cc1a24ac59b4b24 -797.100 38.381 -702.470 270.000 180.000 0.000 1.000 1.000 1.000
e796fc2a42f440529cc1a24ac59b4b24 -790.940 38.381 -702.470 270.000 180.000 0.000 1.000 1.000 1.000
b55c500ae0cd4b40904bf75578173812 -796.920 46.381 -708.721 270.000 270.000 0.000 1.000 1.000 1.000
b55c500ae0cd4b40904bf75578173812 -796.920 39.637 -708.721 270.000 270.000 0.000 1.000 1.000 1.000
aa7fd5bc5e634a0c846770a28ff6cd65 -806.333 38.381 -710.181 270.000 270.000 0.000 1.000 1.000 1.000
b627c1c924144a56bde7023ff000cd36 -803.276 38.381 -751.903 270.000 -0.000 0.000 1.000 1.000 1.000
e0cb5fc3d4ef44e6a01fec03dcdf45da -822.705 38.381 -735.431 270.000 -0.000 0.000 1.000 1.000 1.000
e0cb5fc3d4ef44e6a01fec03dcdf45da -822.705 38.381 -730.431 270.000 -0.000 0.000 1.000 1.000 1.000
d010fb4c4feb4f8fab81f1a5695617ba -806.333 38.381 -706.868 270.000 270.000 0.000 1.000 1.000 1.000
bd1554d0c8564890a852dd34932d16d3 -826.432 40.998 -723.325 270.000 -0.000 0.000 1.000 1.000 1.000
cb0d8bf87fca47e3b73f634959a9f523 -817.951 43.266 -721.894 270.000 -0.000 0.000 1.000 1.000 1.000
054a9392fed9484e950ff92d13631f06 -818.253 43.266 -720.219 270.000 356.000 0.000 1.000 1.000 1.000
4ca1de6fdcc84b6bbc4a76c3ad394739 -817.809 43.266 -707.810 270.000 -0.000 0.000 1.000 1.000 1.000
756faa5eea0b4df7b2602e1d77932057 -817.867 43.266 -709.023 270.000 -0.000 0.000 1.000 1.000 1.000
d6b9b42d15d64370aef38df79c8c56ac -800.814 38.381 -731.837 270.000 -0.000 0.000 1.000 1.000 1.000
61e43d05791d4269b626de9bedbf0a03 -799.409 38.631 -731.557 270.000 -0.000 0.000 1.000 1.000 1.000
a19b3ec55a2046668611c9d2775efd99 -802.307 38.631 -731.469 270.000 37.000 0.000 1.000 1.000 1.000
a19b3ec55a2046668611c9d2775efd99 -800.997 38.631 -732.334 270.000 352.000 0.000 1.000 1.000 1.000
ba1cd9e03adf4a2091a3314a6a30eafb -811.932 38.566 -740.991 270.000 184.001 0.000 1.000 1.000 1.000
c2ea9b50d4d640438800b9ff553ec627 -812.889 38.566 -747.082 270.000 90.000 0.000 1.000 1.000 1.000
050dbe869b1c4fd5b215c552d145effd -806.459 38.566 -742.150 270.000 270.000 0.000 1.000 1.000 1.000
050dbe869b1c4fd5b215c552d145effd -806.459 38.566 -739.170 270.000 270.000 0.000 1.000 1.000 1.000
050dbe869b1c4fd5b215c552d145effd -806.459 38.566 -743.633 270.000 270.000 0.000 1.000 1.000 1.000
050dbe869b1c4fd5b215c552d145effd -806.459 38.566 -737.713 270.000 270.000 0.000 1.000 1.000 1.000
0aeeefaf364f46f9906aff76c40c6d2b -806.459 38.566 -740.657 270.000 270.000 0.000 1.000 1.000 1.000
6fb78536e8cb4b01b6050a2efb3d912c -806.422 39.916 -738.351 270.000 279.000 0.000 1.000 1.000 1.000
2d1daa0412b94503aa57a5b422187d48 -806.364 39.916 -742.978 270.000 269.000 0.000 1.000 1.000 1.000
a305bcc1cdaa486fb91d05201e7d3e6f -801.707 38.566 -740.781 270.000 90.000 0.000 1.000 1.000 1.000
91dbbf923c8c401bb6b2d56084783f73 -801.451 38.566 -742.259 270.000 90.000 0.000 1.000 1.000 1.000
2e060a3768094817887d5f2c8d884d61 -798.425 38.566 -738.710 270.000 330.000 0.000 1.000 1.000 1.000
b06ca473809a47a1bb47e72bedd0e421 -795.550 38.566 -737.758 270.000 -0.000 0.000 1.000 1.000 1.000
086b683233c245968b38d98c2c9e10f1 -801.685 38.566 -739.206 270.000 90.000 0.000 1.000 1.000 1.000
90da84de3f214d129de92b6ee8df60af -825.212 38.534 -722.000 270.000 180.000 0.000 1.000 1.000 1.000
68339521990c4d70903dfd68da2cd886 -826.835 38.534 -722.000 270.000 180.000 0.000 1.000 1.000 1.000
c2ea9b50d4d640438800b9ff553ec627 -818.524 38.566 -708.183 270.000 90.000 0.000 1.000 1.000 1.000
c2ea9b50d4d640438800b9ff553ec627 -818.524 38.566 -712.080 270.000 90.000 0.000 1.000 1.000 1.000
c2ea9b50d4d640438800b9ff553ec627 -818.524 38.566 -716.027 270.000 90.000 0.000 1.000 1.000 1.000
c2ea9b50d4d640438800b9ff553ec627 -818.524 38.566 -719.918 270.000 90.000 0.000 1.000 1.000 1.000
054a9392fed9484e950ff92d13631f06 -826.696 38.566 -706.998 270.000 8.000 0.000 1.000 1.000 1.000
cb0d8bf87fca47e3b73f634959a9f523 -827.196 38.566 -708.915 270.000 354.000 0.000 1.000 1.000 1.000
cb0d8bf87fca47e3b73f634959a9f523 -824.978 38.566 -706.429 270.000 357.000 0.000 1.000 1.000 1.000
717ae274519f4f4fa760e6fbf4a3614b -826.476 38.566 -714.252 270.000 -0.000 0.000 1.000 1.000 1.000
4ca1de6fdcc84b6bbc4a76c3ad394739 -827.008 38.857 -714.918 270.000 -0.000 0.000 1.000 1.000 1.000
756faa5eea0b4df7b2602e1d77932057 -825.799 38.857 -714.983 270.000 -0.000 0.000 1.000 1.000 1.000
aacd164d8e4041aab78179c7886f4461 -827.088 38.857 -713.540 270.000 -0.000 0.000 1.000 1.000 1.000
aacd164d8e4041aab78179c7886f4461 -825.853 38.857 -713.624 270.000 -0.000 0.000 1.000 1.000 1.000
e7572f0283b8411fbbc55ee6cae3bb97 -792.429 38.566 -741.455 270.000 -0.000 0.000 1.000 1.000 1.000 Bed_0
584641f35e8540ec85ed88f3aca40622 -792.016 38.566 -737.540 270.000 -0.000 0.000 1.000 1.000 1.000
9215cb84c2a942d084fa1dffa0031949 -796.898 38.566 -738.681 270.000 79.000 0.000 1.000 1.000 1.000
9215cb84c2a942d084fa1dffa0031949 -798.567 38.566 -740.280 270.000 194.000 0.000 1.000 1.000 1.000
98e78ae063ac4fb3bc382a03e437260d -798.509 39.754 -738.918 270.000 302.000 0.000 1.000 1.000 1.000
f463c0c6285544ac86845d98a07d73a9 -796.038 38.566 -747.602 270.000 180.000 0.000 1.000 1.000 1.000
7a341f820672458192a7faad2b75fa4e -788.802 38.381 -718.753 270.000 270.000 0.000 1.000 1.000 1.000
b41e66f0964e4824ae8f0edb3bfa2f7b -806.333 41.591 -708.607 270.000 90.000 0.000 1.000 1.000 1.000
91c7b343d13446faba663d2f63e03276 -816.922 41.771 -721.106 270.000 270.000 0.000 1.000 1.000 1.000
aa5713bdfae44bacbc36979248e25128 -816.922 42.301 -719.348 270.000 270.000 0.000 1.000 1.000 1.000
7a7212d2746742fa8141682e965f84cc -797.560 41.922 -736.762 -0.000 0.000 270.000 1.000 1.000 1.000
7a7212d2746742fa8141682e965f84cc -803.895 41.922 -736.762 -0.000 0.000 270.000 1.000 1.000 1.000
862a4ad08b0b4899b35ef82309e47919 -798.267 68.618 -414.427 308.776 48.557 318.557 1.000 1.000 1.000
bc4b9a034fe04c669285becc489d01a0 -845.979 38.436 -138.958 270.000 258.000 0.000 1.000 1.000 1.000
bc4b9a034fe04c669285becc489d01a0 -778.787 38.576 -115.760 270.000 251.000 0.000 1.000 1.000 1.000
a434abe6483d4a39a242857c8c6cd64a -843.616 77.021 228.633 270.000 135.000 0.000 1.000 1.000 1.000 House_03
b6a6be4c75b544b382b9a4f8c71f216e -864.205 77.214 252.136 275.000 270.000 180.000 1.000 1.000 1.000
87806c2130bc4bd8b4f3276edf2222a6 -795.015 77.062 254.911 270.000 60.000 0.000 1.000 1.000 1.000
a94b6d3b1d164f21a173548e3cb8a566 -839.308 77.021 222.239 270.000 135.000 0.000 1.000 1.000 1.000 Bed_1
b06ca473809a47a1bb47e72bedd0e421 -839.677 77.021 229.683 270.000 -0.000 0.000 1.000 1.000 1.000
050dbe869b1c4fd5b215c552d145effd -847.142 77.021 231.129 270.000 225.000 0.000 1.000 1.000 1.000
050dbe869b1c4fd5b215c552d145effd -849.242 77.021 233.229 270.000 225.000 0.000 1.000 1.000 1.000
0aeeefaf364f46f9906aff76c40c6d2b -848.184 77.021 232.171 270.000 225.000 0.000 1.000 1.000 1.000
91dbbf923c8c401bb6b2d56084783f73 -846.155 77.021 230.014 270.000 225.000 0.000 1.000 1.000 1.000
a305bcc1cdaa486fb91d05201e7d3e6f -850.133 77.021 234.440 270.000 225.000 0.000 1.000 1.000 1.000
0e8c0a20e8e947018e8e5859f0a4064f -840.323 77.021 219.867 270.000 45.000 0.000 1.000 1.000 1.000
0e8c0a20e8e947018e8e5859f0a4064f -836.981 77.021 223.208 270.000 45.000 0.000 1.000 1.000 1.000
98e78ae063ac4fb3bc382a03e437260d -840.314 78.208 219.617 270.000 183.001 0.000 1.000 1.000 1.000
2e060a3768094817887d5f2c8d884d61 -846.875 77.021 223.737 270.000 15.000 0.000 1.000 1.000 1.000
9215cb84c2a942d084fa1dffa0031949 -847.830 77.021 224.856 270.000 326.000 0.000 1.000 1.000 1.000
9215cb84c2a942d084fa1dffa0031949 -845.799 77.021 222.724 270.000 119.000 0.000 1.000 1.000 1.000
f463c0c6285544ac86845d98a07d73a9 -847.953 77.021 230.067 270.000 45.000 0.000 1.000 1.000 1.000
52d575ae564f46649523c98875130784 -846.927 78.208 223.674 270.000 319.000 0.000 1.000 1.000 1.000
6b1dc75a2d88411bbc3af6843e71db02 -835.713 80.092 226.387 270.000 45.000 0.000 1.000 1.000 1.000
87806c2130bc4bd8b4f3276edf2222a6 -841.482 77.021 224.484 270.000 45.000 0.000 1.000 1.000 1.000
becc624cee1a4845808af80472ee9310 -841.304 78.208 224.384 270.000 315.000 0.000 1.000 1.000 1.000
9215cb84c2a942d084fa1dffa0031949 -834.137 77.085 226.628 282.000 225.000 -0.000 1.000 1.000 1.000
8548fc360c554b399e98cde4d40eca5d -843.224 78.736 234.260 316.000 315.000 90.000 1.000 1.000 1.000
8388edfa33b84f78ad7f5d277412433b -850.179 77.021 232.287 270.000 45.000 0.000 1.000 1.000 1.000 Wardrobe_0
bc4b9a034fe04c669285becc489d01a0 -770.518 73.845 208.453 270.000 139.000 0.000 1.000 1.000 1.000
bc4b9a034fe04c669285becc489d01a0 -800.176 76.766 238.167 270.000 135.000 0.000 1.000 1.000 1.000
1717ae4805914278bd32427585166c7d -880.436 76.766 242.966 270.000 180.000 0.000 1.000 1.000 1.000
1717ae4805914278bd32427585166c7d -880.436 76.766 228.979 270.000 180.000 0.000 1.000 1.000 1.000
1717ae4805914278bd32427585166c7d -880.650 76.766 215.144 270.000 -0.000 0.000 1.000 1.000 1.000
7a7212d2746742fa8141682e965f84cc -844.593 80.385 235.517 -0.000 45.000 270.000 1.000 1.000 1.000
7a7212d2746742fa8141682e965f84cc -848.343 80.383 222.322 -0.000 45.000 270.000 1.000 1.000 1.000
7a7212d2746742fa8141682e965f84cc -844.275 80.383 218.254 -0.000 45.000 270.000 1.000 1.000 1.000
e6335a2fff0c4b2189f2ed49de754785 -822.731 77.046 272.600 270.000 90.000 0.000 1.000 1.000 1.000
ee33081cead64df0b4bca9a8a1009686 -847.731 77.058 272.600 270.000 -0.000 0.000 1.000 1.000 1.000
0782b08fa3ac4482981aa970e9d27121 -803.305 76.655 279.225 270.000 -0.000 0.000 1.000 1.000 1.000
0782b08fa3ac4482981aa970e9d27121 -797.769 76.655 273.459 270.000 -0.000 0.000 1.000 1.000 1.000
82b2685c3bb845a596e14fe2f719471e -804.463 76.766 266.092 270.000 -0.000 0.000 1.000 1.000 1.000
cb0d8bf87fca47e3b73f634959a9f523 -841.373 77.058 272.984 270.000 -0.000 0.000 1.000 1.000 1.000
cb0d8bf87fca47e3b73f634959a9f523 -841.469 77.058 271.618 270.000 352.000 0.000 1.000 1.000 1.000
cb0d8bf87fca47e3b73f634959a9f523 -853.905 77.058 275.654 270.000 350.000 0.000 1.000 1.000 1.000
054a9392fed9484e950ff92d13631f06 -853.700 77.058 264.214 270.000 -0.000 0.000 1.000 1.000 1.000
4ca1de6fdcc84b6bbc4a76c3ad394739 -842.450 77.071 281.466 270.000 -0.000 0.000 1.000 1.000 1.000
756faa5eea0b4df7b2602e1d77932057 -841.304 77.071 281.473 270.000 -0.000 0.000 1.000 1.000 1.000
aacd164d8e4041aab78179c7886f4461 -841.572 77.505 280.763 -0.000 231.000 90.000 1.000 1.000 1.000
717ae274519f4f4fa760e6fbf4a3614b -843.032 81.808 265.456 270.000 318.000 0.000 1.000 1.000 1.000
c6da7e342ae7483884baeeee88fb2bee -796.330 77.062 257.188 270.000 60.000 0.000 1.000 1.000 1.000
cb0d8bf87fca47e3b73f634959a9f523 -827.755 77.046 279.092 270.000 9.000 0.000 1.000 1.000 1.000
cb0d8bf87fca47e3b73f634959a9f523 -826.142 77.046 279.071 270.000 353.000 0.000 1.000 1.000 1.000
cb0d8bf87fca47e3b73f634959a9f523 -826.923 77.046 277.628 270.000 3.000 0.000 1.000 1.000 1.000
cb0d8bf87fca47e3b73f634959a9f523 -826.891 78.255 278.353 270.000 312.000 0.000 1.000 1.000 1.000
054a9392fed9484e950ff92d13631f06 -816.479 77.046 278.962 270.000 8.000 0.000 1.000 1.000 1.000
054a9392fed9484e950ff92d13631f06 -820.574 77.046 269.364 270.000 349.000 0.000 1.000 1.000 1.000
4ca1de6fdcc84b6bbc4a76c3ad394739 -829.677 77.094 267.863 270.000 -0.000 0.000 1.000 1.000 1.000
756faa5eea0b4df7b2602e1d77932057 -829.661 77.094 268.989 270.000 -0.000 0.000 1.000 1.000 1.000
aacd164d8e4041aab78179c7886f4461 -828.735 77.094 268.444 270.000 -0.000 0.000 1.000 1.000 1.000
4ca1de6fdcc84b6bbc4a76c3ad394739 -818.165 77.052 279.403 270.000 -0.000 0.000 1.000 1.000 1.000
717ae274519f4f4fa760e6fbf4a3614b -821.896 77.046 275.435 270.000 309.000 0.000 1.000 1.000 1.000
717ae274519f4f4fa760e6fbf4a3614b -821.896 77.315 275.435 270.000 295.000 0.000 1.000 1.000 1.000
68339521990c4d70903dfd68da2cd886 -798.473 77.062 259.119 270.000 330.000 0.000 1.000 1.000 1.000
90da84de3f214d129de92b6ee8df60af -796.856 77.062 260.087 270.000 330.000 0.000 1.000 1.000 1.000
cf45d6da9d6a4e129da721948b0b3a8a -846.593 84.705 262.835 -0.000 270.000 90.000 1.000 1.000 1.000
1717ae4805914278bd32427585166c7d -882.768 76.766 285.138 270.000 -0.000 0.000 1.000 1.000 1.000
1717ae4805914278bd32427585166c7d -881.779 76.766 270.900 270.000 -0.000 0.000 1.000 1.000 1.000
1717ae4805914278bd32427585166c7d -881.779 76.766 257.123 270.000 180.000 0.000 1.000 1.000 1.000
91c7b343d13446faba663d2f63e03276 -830.566 80.281 273.788 270.000 90.000 0.000 1.000 1.000 1.000
aa5713bdfae44bacbc36979248e25128 -848.828 80.260 282.358 270.000 -0.000 0.000 1.000 1.000 1.000
6125b4de591b44359237f6d7191dd919 -798.858 57.695 430.821 357.000 90.000 270.000 1.000 1.000 1.000
73fa45a827954cf0a765cd1ab24a29e7 -796.834 38.381 606.737 270.000 240.000 0.000 1.000 1.000 1.000
73fa45a827954cf0a765cd1ab24a29e7 -848.312 38.381 666.806 270.000 180.000 0.000 1.000 1.000 1.000
412dcb139b344dc19974c33d401221af -779.874 36.213 848.293 294.280 109.783 251.847 1.000 1.000 1.000
1844f8668ac841cb8028e65af96f23e3 -779.910 36.147 844.933 277.000 180.001 180.001 1.000 1.000 1.000
1844f8668ac841cb8028e65af96f23e3 -778.377 37.235 851.107 274.749 127.812 151.858 1.000 1.000 1.000
1844f8668ac841cb8028e65af96f23e3 -780.176 36.548 847.751 274.750 354.810 151.857 1.000 1.000 1.000
1844f8668ac841cb8028e65af96f23e3 -778.830 37.649 854.675 282.001 195.088 177.797 1.000 1.000 1.000
1844f8668ac841cb8028e65af96f23e3 -778.367 37.674 859.186 273.125 114.357 95.204 1.000 1.000 1.000
cb0d8bf87fca47e3b73f634959a9f523 -783.177 37.556 855.564 299.677 304.763 51.381 1.000 1.000 1.000
054a9392fed9484e950ff92d13631f06 -779.057 37.270 863.616 280.000 180.000 154.000 1.000 1.000 1.000
07132524c8554ac4b24fd7618b32c297 -782.090 37.290 850.075 277.365 189.174 264.849 1.000 1.000 1.000
247828ef63574258b6e1be743309c028 -774.769 38.162 858.769 300.962 266.819 202.323 1.000 1.000 1.000
73fa45a827954cf0a765cd1ab24a29e7 -778.281 38.381 908.275 270.000 270.000 0.000 1.000 1.000 1.000
6125b4de591b44359237f6d7191dd919 -652.556 34.610 -901.553 340.000 90.000 159.000 1.000 1.000 1.000
6125b4de591b44359237f6d7191dd919 -645.820 40.367 -927.348 270.000 190.002 0.000 1.000 1.000 1.000
862a4ad08b0b4899b35ef82309e47919 -652.570 44.545 -912.001 318.358 68.860 64.668 1.000 1.000 1.000
6125b4de591b44359237f6d7191dd919 -662.365 42.213 -886.923 270.000 -0.000 0.000 1.000 1.000 1.000
862a4ad08b0b4899b35ef82309e47919 -671.293 38.119 -422.649 317.098 124.420 329.631 1.000 1.000 1.000
862a4ad08b0b4899b35ef82309e47919 -741.654 58.327 -508.492 325.847 98.291 122.313 1.000 1.000 1.000
de4817ed3deb459cb40bc486e0a5feea -650.832 38.381 -340.126 270.000 180.000 0.000 1.000 1.000 1.000
de4817ed3deb459cb40bc486e0a5feea -648.361 38.381 -340.126 270.000 180.000 0.000 1.000 1.000 1.000
de4817ed3deb459cb40bc486e0a5feea -645.865 38.381 -340.126 270.000 180.000 0.000 1.000 1.000 1.000
de4817ed3deb459cb40bc486e0a5feea -643.394 38.381 -340.126 270.000 180.000 0.000 1.000 1.000 1.000
de4817ed3deb459cb40bc486e0a5feea -640.963 38.381 -340.126 270.000 180.000 0.000 1.000 1.000 1.000
8ca23631b8394017b902a2a6bab23205 -650.733 38.215 -328.798 270.000 180.000 0.000 1.000 1.000 1.000
de4817ed3deb459cb40bc486e0a5feea -650.832 38.381 -263.749 270.000 180.000 0.000 1.000 1.000 1.000
de4817ed3deb459cb40bc486e0a5feea -648.361 38.381 -263.749 270.000 180.000 0.000 1.000 1.000 1.000
de4817ed3deb459cb40bc486e0a5feea -645.865 38.381 -263.749 270.000 180.000 0.000 1.000 1.000 1.000
de4817ed3deb459cb40bc486e0a5feea -643.394 38.381 -263.749 270.000 180.000 0.000 1.000 1.000 1.000
de4817ed3deb459cb40bc486e0a5feea -640.963 38.381 -263.749 270.000 180.000 0.000 1.000 1.000 1.000
de4817ed3deb459cb40bc486e0a5feea -645.929 38.381 -315.503 270.000 -0.000 0.000 1.000 1.000 1.000
de4817ed3deb459cb40bc486e0a5feea -643.433 38.381 -315.503 270.000 -0.000 0.000 1.000 1.000 1.000
de4817ed3deb459cb40bc486e0a5feea -640.962 38.381 -315.503 270.000 -0.000 0.000 1.000 1.000 1.000
de4817ed3deb459cb40bc486e0a5feea -663.113 38.381 -256.395 270.000 270.000 0.000 1.000 1.000 1.000
de4817ed3deb459cb40bc486e0a5feea -663.113 38.381 -258.891 270.000 270.000 0.000 1.000 1.000 1.000
de4817ed3deb459cb40bc486e0a5feea -663.113 38.381 -261.361 270.000 270.000 0.000 1.000 1.000 1.000
de4817ed3deb459cb40bc486e0a5feea -663.113 38.381 -263.741 270.000 270.000 0.000 1.000 1.000 1.000
de4817ed3deb459cb40bc486e0a5feea -660.590 38.381 -340.126 270.000 180.000 0.000 1.000 1.000 1.000
de4817ed3deb459cb40bc486e0a5feea -658.165 38.381 -340.126 270.000 180.000 0.000 1.000 1.000 1.000
de4817ed3deb459cb40bc486e0a5feea -655.694 38.381 -340.126 270.000 180.000 0.000 1.000 1.000 1.000
de4817ed3deb459cb40bc486e0a5feea -653.263 38.381 -340.126 270.000 180.000 0.000 1.000 1.000 1.000
de4817ed3deb459cb40bc486e0a5feea -663.087 38.381 -337.653 270.000 270.000 0.000 1.000 1.000 1.000
de4817ed3deb459cb40bc486e0a5feea -663.087 38.381 -335.222 270.000 270.000 0.000 1.000 1.000 1.000
de4817ed3deb459cb40bc486e0a5feea -663.087 38.381 -327.784 270.000 270.000 0.000 1.000 1.000 1.000
de4817ed3deb459cb40bc486e0a5feea -663.087 38.381 -330.255 270.000 270.000 0.000 1.000 1.000 1.000
de4817ed3deb459cb40bc486e0a5feea -663.087 38.381 -332.751 270.000 270.000 0.000 1.000 1.000 1.000
de4817ed3deb459cb40bc486e0a5feea -663.087 38.381 -325.353 270.000 270.000 0.000 1.000 1.000 1.000
9236b8df6cee4765a29cee45e7866eea -656.508 38.635 -299.170 270.000 90.000 0.000 1.000 1.000 1.000
de4817ed3deb459cb40bc486e0a5feea -660.661 38.381 -263.749 270.000 180.000 0.000 1.000 1.000 1.000
de4817ed3deb459cb40bc486e0a5feea -658.165 38.381 -263.749 270.000 180.000 0.000 1.000 1.000 1.000
de4817ed3deb459cb40bc486e0a5feea -655.694 38.381 -263.749 270.000 180.000 0.000 1.000 1.000 1.000
de4817ed3deb459cb40bc486e0a5feea -653.263 38.381 -263.749 270.000 180.000 0.000 1.000 1.000 1.000
de4817ed3deb459cb40bc486e0a5feea -663.087 38.381 -320.451 270.000 270.000 0.000 1.000 1.000 1.000
de4817ed3deb459cb40bc486e0a5feea -663.087 38.381 -317.955 270.000 270.000 0.000 1.000 1.000 1.000
de4817ed3deb459cb40bc486e0a5feea -660.699 38.381 -315.503 270.000 -0.000 0.000 1.000 1.000 1.000
de4817ed3deb459cb40bc486e0a5feea -663.079 38.381 -315.503 270.000 -0.000 0.000 1.000 1.000 1.000
de4817ed3deb459cb40bc486e0a5feea -658.229 38.381 -315.503 270.000 -0.000 0.000 1.000 1.000 1.000
de4817ed3deb459cb40bc486e0a5feea -655.732 38.381 -315.503 270.000 -0.000 0.000 1.000 1.000 1.000
de4817ed3deb459cb40bc486e0a5feea -663.087 38.381 -322.922 270.000 270.000 0.000 1.000 1.000 1.000
9236b8df6cee4765a29cee45e7866eea -656.508 38.635 -280.170 270.000 90.000 0.000 1.000 1.000 1.000
de4817ed3deb459cb40bc486e0a5feea -690.226 38.381 -340.126 270.000 180.000 0.000 1.000 1.000 1.000
de4817ed3deb459cb40bc486e0a5feea -687.763 38.381 -340.126 270.000 180.000 0.000 1.000 1.000 1.000
de4817ed3deb459cb40bc486e0a5feea -677.895 38.381 -340.126 270.000 180.000 0.000 1.000 1.000 1.000
de4817ed3deb459cb40bc486e0a5feea -682.796 38.381 -340.126 270.000 180.000 0.000 1.000 1.000 1.000
de4817ed3deb459cb40bc486e0a5feea -680.326 38.381 -340.126 270.000 180.000 0.000 1.000 1.000 1.000
de4817ed3deb459cb40bc486e0a5feea -685.293 38.381 -340.126 270.000 180.000 0.000 1.000 1.000 1.000
de4817ed3deb459cb40bc486e0a5feea -675.464 38.381 -340.126 270.000 180.000 0.000 1.000 1.000 1.000
de4817ed3deb459cb40bc486e0a5feea -672.993 38.381 -340.126 270.000 180.000 0.000 1.000 1.000 1.000
de4817ed3deb459cb40bc486e0a5feea -670.497 38.381 -340.126 270.000 180.000 0.000 1.000 1.000 1.000
de4817ed3deb459cb40bc486e0a5feea -707.427 38.381 -340.126 270.000 180.000 0.000 1.000 1.000 1.000
de4817ed3deb459cb40bc486e0a5feea -704.956 38.381 -340.126 270.000 180.000 0.000 1.000 1.000 1.000
de4817ed3deb459cb40bc486e0a5feea -702.525 38.381 -340.126 270.000 180.000 0.000 1.000 1.000 1.000
de4817ed3deb459cb40bc486e0a5feea -700.094 38.381 -340.126 270.000 180.000 0.000 1.000 1.000 1.000
de4817ed3deb459cb40bc486e0a5feea -697.624 38.381 -340.126 270.000 180.000 0.000 1.000 1.000 1.000
de4817ed3deb459cb40bc486e0a5feea -695.127 38.381 -340.126 270.000 180.000 0.000 1.000 1.000 1.000
de4817ed3deb459cb40bc486e0a5feea -692.657 38.381 -340.126 270.000 180.000 0.000 1.000 1.000 1.000
de4817ed3deb459cb40bc486e0a5feea -668.026 38.381 -340.126 270.000 180.000 0.000 1.000 1.000 1.000
de4817ed3deb459cb40bc486e0a5feea -665.568 38.381 -340.126 270.000 180.000 0.000 1.000 1.000 1.000
de4817ed3deb459cb40bc486e0a5feea -714.909 38.381 -320.388 270.000 90.000 0.000 1.000 1.000 1.000
de4817ed3deb459cb40bc486e0a5feea -714.909 38.381 -317.918 270.000 90.000 0.000 1.000 1.000 1.000
de4817ed3deb459cb40bc486e0a5feea -717.361 38.381 -315.530 270.000 -0.000 0.000 1.000 1.000 1.000
de4817ed3deb459cb40bc486e0a5feea -714.909 38.381 -315.538 270.000 90.000 0.000 1.000 1.000 1.000
de4817ed3deb459cb40bc486e0a5feea -719.857 38.381 -315.530 270.000 -0.000 0.000 1.000 1.000 1.000
de4817ed3deb459cb40bc486e0a5feea -722.328 38.381 -315.530 270.000 -0.000 0.000 1.000 1.000 1.000
de4817ed3deb459cb40bc486e0a5feea -714.909 38.381 -322.884 270.000 90.000 0.000 1.000 1.000 1.000
de4817ed3deb459cb40bc486e0a5feea -729.661 38.381 -315.530 270.000 -0.000 0.000 1.000 1.000 1.000
de4817ed3deb459cb40bc486e0a5feea -727.190 38.381 -315.530 270.000 -0.000 0.000 1.000 1.000 1.000
de4817ed3deb459cb40bc486e0a5feea -724.759 38.381 -315.530 270.000 -0.000 0.000 1.000 1.000 1.000
de4817ed3deb459cb40bc486e0a5feea -732.059 38.381 -340.126 270.000 180.000 0.000 1.000 1.000 1.000
de4817ed3deb459cb40bc486e0a5feea -727.157 38.381 -340.126 270.000 180.000 0.000 1.000 1.000 1.000
de4817ed3deb459cb40bc486e0a5feea -729.588 38.381 -340.126 270.000 180.000 0.000 1.000 1.000 1.000
de4817ed3deb459cb40bc486e0a5feea -724.726 38.381 -340.126 270.000 180.000 0.000 1.000 1.000 1.000
de4817ed3deb459cb40bc486e0a5feea -722.255 38.381 -340.126 270.000 180.000 0.000 1.000 1.000 1.000
de4817ed3deb459cb40bc486e0a5feea -719.759 38.381 -340.126 270.000 180.000 0.000 1.000 1.000 1.000
de4817ed3deb459cb40bc486e0a5feea -717.289 38.381 -340.126 270.000 180.000 0.000 1.000 1.000 1.000
de4817ed3deb459cb40bc486e0a5feea -714.858 38.381 -340.126 270.000 180.000 0.000 1.000 1.000 1.000
de4817ed3deb459cb40bc486e0a5feea -712.394 38.381 -340.126 270.000 180.000 0.000 1.000 1.000 1.000
de4817ed3deb459cb40bc486e0a5feea -709.923 38.381 -340.126 270.000 180.000 0.000 1.000 1.000 1.000
8ca23631b8394017b902a2a6bab23205 -728.775 38.267 -327.272 270.000 270.000 0.000 1.000 1.000 1.000
de4817ed3deb459cb40bc486e0a5feea -714.909 38.381 -332.688 270.000 90.000 0.000 1.000 1.000 1.000
de4817ed3deb459cb40bc486e0a5feea -714.909 38.381 -335.184 270.000 90.000 0.000 1.000 1.000 1.000
de4817ed3deb459cb40bc486e0a5feea -714.909 38.381 -337.655 270.000 90.000 0.000 1.000 1.000 1.000
232f7b3df3e9429883c59daf94261d27 -722.508 38.610 -299.170 270.000 90.000 0.000 1.000 1.000 1.000
de4817ed3deb459cb40bc486e0a5feea -739.508 38.381 -310.624 270.000 270.000 0.000 1.000 1.000 1.000
de4817ed3deb459cb40bc486e0a5feea -739.508 38.381 -313.055 270.000 270.000 0.000 1.000 1.000 1.000
de4817ed3deb459cb40bc486e0a5feea -739.508 38.381 -315.518 270.000 270.000 0.000 1.000 1.000 1.000
de4817ed3deb459cb40bc486e0a5feea -739.508 38.381 -300.755 270.000 270.000 0.000 1.000 1.000 1.000
de4817ed3deb459cb40bc486e0a5feea -739.508 38.381 -303.186 270.000 270.000 0.000 1.000 1.000 1.000
de4817ed3deb459cb40bc486e0a5feea -739.508 38.381 -305.657 270.000 270.000 0.000 1.000 1.000 1.000
de4817ed3deb459cb40bc486e0a5feea -739.508 38.381 -308.153 270.000 270.000 0.000 1.000 1.000 1.000
de4817ed3deb459cb40bc486e0a5feea -739.508 38.381 -295.853 270.000 270.000 0.000 1.000 1.000 1.000
de4817ed3deb459cb40bc486e0a5feea -739.508 38.381 -298.324 270.000 270.000 0.000 1.000 1.000 1.000
de4817ed3deb459cb40bc486e0a5feea -739.508 38.381 -320.485 270.000 270.000 0.000 1.000 1.000 1.000
de4817ed3deb459cb40bc486e0a5feea -739.508 38.381 -322.956 270.000 270.000 0.000 1.000 1.000 1.000
de4817ed3deb459cb40bc486e0a5feea -739.508 38.381 -288.424 270.000 270.000 0.000 1.000 1.000 1.000
de4817ed3deb459cb40bc486e0a5feea -739.508 38.381 -290.887 270.000 270.000 0.000 1.000 1.000 1.000
de4817ed3deb459cb40bc486e0a5feea -739.508 38.381 -293.357 270.000 270.000 0.000 1.000 1.000 1.000
de4817ed3deb459cb40bc486e0a5feea -732.157 38.381 -315.530 270.000 -0.000 0.000 1.000 1.000 1.000
de4817ed3deb459cb40bc486e0a5feea -734.628 38.381 -315.530 270.000 -0.000 0.000 1.000 1.000 1.000
de4817ed3deb459cb40bc486e0a5feea -737.059 38.381 -315.530 270.000 -0.000 0.000 1.000 1.000 1.000
de4817ed3deb459cb40bc486e0a5feea -739.508 38.381 -335.256 270.000 270.000 0.000 1.000 1.000 1.000
de4817ed3deb459cb40bc486e0a5feea -739.508 38.381 -337.687 270.000 270.000 0.000 1.000 1.000 1.000
de4817ed3deb459cb40bc486e0a5feea -737.026 38.381 -340.126 270.000 180.000 0.000 1.000 1.000 1.000
de4817ed3deb459cb40bc486e0a5feea -734.555 38.381 -340.126 270.000 180.000 0.000 1.000 1.000 1.000
de4817ed3deb459cb40bc486e0a5feea -739.504 38.381 -340.126 270.000 180.000 0.000 1.000 1.000 1.000
de4817ed3deb459cb40bc486e0a5feea -739.508 38.381 -327.818 270.000 270.000 0.000 1.000 1.000 1.000
de4817ed3deb459cb40bc486e0a5feea -739.508 38.381 -330.289 270.000 270.000 0.000 1.000 1.000 1.000
de4817ed3deb459cb40bc486e0a5feea -739.508 38.381 -332.785 270.000 270.000 0.000 1.000 1.000 1.000
de4817ed3deb459cb40bc486e0a5feea -739.508 38.381 -325.387 270.000 270.000 0.000 1.000 1.000 1.000
de4817ed3deb459cb40bc486e0a5feea -739.508 38.381 -285.993 270.000 270.000 0.000 1.000 1.000 1.000
de4817ed3deb459cb40bc486e0a5feea -739.508 38.381 -278.556 270.000 270.000 0.000 1.000 1.000 1.000
de4817ed3deb459cb40bc486e0a5feea -739.508 38.381 -281.026 270.000 270.000 0.000 1.000 1.000 1.000
de4817ed3deb459cb40bc486e0a5feea -739.508 38.381 -283.523 270.000 270.000 0.000 1.000 1.000 1.000
de4817ed3deb459cb40bc486e0a5feea -739.508 38.381 -276.125 270.000 270.000 0.000 1.000 1.000 1.000
de4817ed3deb459cb40bc486e0a5feea -739.508 38.381 -273.694 270.000 270.000 0.000 1.000 1.000 1.000
de4817ed3deb459cb40bc486e0a5feea -739.508 38.381 -271.223 270.000 270.000 0.000 1.000 1.000 1.000
232f7b3df3e9429883c59daf94261d27 -722.508 38.610 -280.170 270.000 90.000 0.000 1.000 1.000 1.000
de4817ed3deb459cb40bc486e0a5feea -739.508 38.381 -268.727 270.000 270.000 0.000 1.000 1.000 1.000
de4817ed3deb459cb40bc486e0a5feea -739.508 38.381 -266.256 270.000 270.000 0.000 1.000 1.000 1.000
de4817ed3deb459cb40bc486e0a5feea -739.508 38.381 -263.792 270.000 270.000 0.000 1.000 1.000 1.000
de4817ed3deb459cb40bc486e0a5feea -739.508 38.381 -258.891 270.000 270.000 0.000 1.000 1.000 1.000
de4817ed3deb459cb40bc486e0a5feea -739.508 38.381 -261.361 270.000 270.000 0.000 1.000 1.000 1.000
de4817ed3deb459cb40bc486e0a5feea -739.508 38.381 -256.395 270.000 270.000 0.000 1.000 1.000 1.000
de4817ed3deb459cb40bc486e0a5feea -714.935 38.381 -261.324 270.000 90.000 0.000 1.000 1.000 1.000
de4817ed3deb459cb40bc486e0a5feea -717.323 38.381 -263.776 270.000 180.000 0.000 1.000 1.000 1.000
de4817ed3deb459cb40bc486e0a5feea -714.943 38.381 -263.776 270.000 180.000 0.000 1.000 1.000 1.000
de4817ed3deb459cb40bc486e0a5feea -719.793 38.381 -263.776 270.000 180.000 0.000 1.000 1.000 1.000
de4817ed3deb459cb40bc486e0a5feea -722.290 38.381 -263.776 270.000 180.000 0.000 1.000 1.000 1.000
de4817ed3deb459cb40bc486e0a5feea -732.093 38.381 -263.776 270.000 180.000 0.000 1.000 1.000 1.000
de4817ed3deb459cb40bc486e0a5feea -734.589 38.381 -263.776 270.000 180.000 0.000 1.000 1.000 1.000
de4817ed3deb459cb40bc486e0a5feea -737.060 38.381 -263.776 270.000 180.000 0.000 1.000 1.000 1.000
de4817ed3deb459cb40bc486e0a5feea -714.935 38.381 -256.357 270.000 90.000 0.000 1.000 1.000 1.000
de4817ed3deb459cb40bc486e0a5feea -714.935 38.381 -258.827 270.000 90.000 0.000 1.000 1.000 1.000
de4817ed3deb459cb40bc486e0a5feea -710.033 38.381 -315.530 270.000 -0.000 0.000 1.000 1.000 1.000
de4817ed3deb459cb40bc486e0a5feea -707.536 38.381 -315.530 270.000 -0.000 0.000 1.000 1.000 1.000
de4817ed3deb459cb40bc486e0a5feea -712.503 38.381 -315.530 270.000 -0.000 0.000 1.000 1.000 1.000
de4817ed3deb459cb40bc486e0a5feea -695.164 38.381 -315.530 270.000 -0.000 0.000 1.000 1.000 1.000
de4817ed3deb459cb40bc486e0a5feea -692.668 38.381 -315.530 270.000 -0.000 0.000 1.000 1.000 1.000
de4817ed3deb459cb40bc486e0a5feea -697.635 38.381 -315.530 270.000 -0.000 0.000 1.000 1.000 1.000
de4817ed3deb459cb40bc486e0a5feea -685.216 38.381 -315.530 270.000 -0.000 0.000 1.000 1.000 1.000
de4817ed3deb459cb40bc486e0a5feea -687.712 38.381 -315.530 270.000 -0.000 0.000 1.000 1.000 1.000
de4817ed3deb459cb40bc486e0a5feea -690.183 38.381 -315.530 270.000 -0.000 0.000 1.000 1.000 1.000
de4817ed3deb459cb40bc486e0a5feea -677.769 38.381 -315.530 270.000 -0.000 0.000 1.000 1.000 1.000
de4817ed3deb459cb40bc486e0a5feea -675.322 38.381 -315.530 270.000 -0.000 0.000 1.000 1.000 1.000
de4817ed3deb459cb40bc486e0a5feea -680.265 38.381 -315.530 270.000 -0.000 0.000 1.000 1.000 1.000
de4817ed3deb459cb40bc486e0a5feea -672.924 38.381 -315.530 270.000 -0.000 0.000 1.000 1.000 1.000
de4817ed3deb459cb40bc486e0a5feea -670.427 38.381 -315.530 270.000 -0.000 0.000 1.000 1.000 1.000
de4817ed3deb459cb40bc486e0a5feea -682.736 38.381 -315.530 270.000 -0.000 0.000 1.000 1.000 1.000
de4817ed3deb459cb40bc486e0a5feea -667.976 38.381 -315.530 270.000 -0.000 0.000 1.000 1.000 1.000
de4817ed3deb459cb40bc486e0a5feea -665.543 38.381 -315.530 270.000 -0.000 0.000 1.000 1.000 1.000
fdfdd8af09954fc4b48471b70822ff96 -709.552 38.381 -320.907 270.000 270.000 0.000 1.000 1.000 1.000
fdfdd8af09954fc4b48471b70822ff96 -709.552 38.381 -334.993 270.000 270.000 0.000 1.000 1.000 1.000
5424f370683f4372bd975c26088a8ce5 -667.087 38.381 -327.816 270.000 90.000 0.000 1.000 1.000 1.000
5424f370683f4372bd975c26088a8ce5 -667.087 38.381 -323.816 270.000 90.000 0.000 1.000 1.000 1.000
5424f370683f4372bd975c26088a8ce5 -667.087 38.381 -319.816 270.000 90.000 0.000 1.000 1.000 1.000
5424f370683f4372bd975c26088a8ce5 -667.087 38.381 -331.816 270.000 90.000 0.000 1.000 1.000 1.000
5424f370683f4372bd975c26088a8ce5 -667.087 38.381 -335.816 270.000 90.000 0.000 1.000 1.000 1.000
5424f370683f4372bd975c26088a8ce5 -687.087 38.381 -321.816 270.000 90.000 0.000 1.000 1.000 1.000
5424f370683f4372bd975c26088a8ce5 -682.087 38.381 -325.816 270.000 90.000 0.000 1.000 1.000 1.000
5424f370683f4372bd975c26088a8ce5 -677.087 38.381 -329.816 270.000 90.000 0.000 1.000 1.000 1.000
5424f370683f4372bd975c26088a8ce5 -672.087 38.381 -333.816 270.000 90.000 0.000 1.000 1.000 1.000
4a874717e96245638786ae053fca74e5 -669.508 38.357 -280.170 270.000 90.000 0.000 1.000 1.000 1.000
4a874717e96245638786ae053fca74e5 -669.508 38.357 -299.170 270.000 90.000 0.000 1.000 1.000 1.000
3ae249c445724a41b7a2621e1864bdc1 -666.566 38.381 -303.235 270.000 90.000 0.000 1.000 1.000 1.000
3ae249c445724a41b7a2621e1864bdc1 -666.566 38.381 -295.144 270.000 90.000 0.000 1.000 1.000 1.000
3ae249c445724a41b7a2621e1864bdc1 -666.566 38.381 -276.064 270.000 90.000 0.000 1.000 1.000 1.000
3ae249c445724a41b7a2621e1864bdc1 -666.566 38.381 -284.154 270.000 90.000 0.000 1.000 1.000 1.000
4943fefd0b4d4a5c947265ac783b5475 -664.907 38.381 -289.672 270.000 -0.000 0.000 1.000 1.000 1.000
0d59f6daef124334b9a96301a4ec459a -718.471 38.610 -301.495 270.000 270.000 0.000 1.000 1.000 1.000
0d59f6daef124334b9a96301a4ec459a -722.471 38.610 -301.495 270.000 270.000 0.000 1.000 1.000 1.000
0d59f6daef124334b9a96301a4ec459a -726.471 38.610 -301.495 270.000 270.000 0.000 1.000 1.000 1.000
0d59f6daef124334b9a96301a4ec459a -722.471 38.610 -296.796 270.000 90.000 0.000 1.000 1.000 1.000
0d59f6daef124334b9a96301a4ec459a -718.471 38.610 -296.796 270.000 90.000 0.000 1.000 1.000 1.000
0d59f6daef124334b9a96301a4ec459a -726.471 38.610 -296.796 270.000 90.000 0.000 1.000 1.000 1.000
0d59f6daef124334b9a96301a4ec459a -726.508 38.610 -277.820 270.000 90.000 0.000 1.000 1.000 1.000
0d59f6daef124334b9a96301a4ec459a -722.508 38.610 -277.820 270.000 90.000 0.000 1.000 1.000 1.000
0d59f6daef124334b9a96301a4ec459a -718.508 38.610 -277.820 270.000 90.000 0.000 1.000 1.000 1.000
0d59f6daef124334b9a96301a4ec459a -718.508 38.610 -282.520 270.000 270.000 0.000 1.000 1.000 1.000
0d59f6daef124334b9a96301a4ec459a -722.508 38.610 -282.520 270.000 270.000 0.000 1.000 1.000 1.000
0d59f6daef124334b9a96301a4ec459a -726.508 38.610 -282.520 270.000 270.000 0.000 1.000 1.000 1.000
fdfdd8af09954fc4b48471b70822ff96 -709.552 38.381 -320.907 270.000 270.000 0.000 1.000 1.000 1.000
fdfdd8af09954fc4b48471b70822ff96 -694.618 38.381 -288.710 270.000 230.000 0.000 1.000 1.000 1.000
fdfdd8af09954fc4b48471b70822ff96 -704.864 38.381 -285.255 270.000 200.000 0.000 1.000 1.000 1.000
5feb0d40c34d4117912b4df420bea1b7 -701.090 38.381 -289.398 270.000 154.000 0.000 1.000 1.000 1.000
fdfdd8af09954fc4b48471b70822ff96 -703.666 38.381 -295.203 270.000 133.000 0.000 1.000 1.000 1.000
8388edfa33b84f78ad7f5d277412433b -660.580 38.635 -294.101 270.000 -0.000 0.000 1.000 1.000 1.000 Wardrobe_1
8388edfa33b84f78ad7f5d277412433b -656.535 38.635 -294.101 270.000 -0.000 0.000 1.000 1.000 1.000 Wardrobe_1
8388edfa33b84f78ad7f5d277412433b -652.568 38.635 -294.101 270.000 -0.000 0.000 1.000 1.000 1.000 Wardrobe_0
8388edfa33b84f78ad7f5d277412433b -660.554 38.635 -304.233 270.000 180.000 0.000 1.000 1.000 1.000 Wardrobe_0
8388edfa33b84f78ad7f5d277412433b -652.542 38.635 -304.233 270.000 180.000 0.000 1.000 1.000 1.000 Wardrobe_1
8242af6ef10e42ce9a2a31df1e0c2767 -656.587 38.635 -304.233 270.000 180.000 0.000 1.000 1.000 1.000 Wardrobe_0
87806c2130bc4bd8b4f3276edf2222a6 -656.561 38.635 -299.167 270.000 270.000 0.000 1.000 1.000 1.000
87806c2130bc4bd8b4f3276edf2222a6 -652.555 38.635 -299.167 270.000 270.000 0.000 1.000 1.000 1.000
87806c2130bc4bd8b4f3276edf2222a6 -660.567 38.635 -299.167 270.000 81.000 0.000 1.000 1.000 1.000
cb0d8bf87fca47e3b73f634959a9f523 -664.376 38.635 -276.866 270.000 354.000 0.000 1.000 1.000 1.000
cb0d8bf87fca47e3b73f634959a9f523 -663.914 38.635 -275.494 270.000 102.000 0.000 1.000 1.000 1.000
cb0d8bf87fca47e3b73f634959a9f523 -655.288 38.635 -284.861 270.000 88.000 0.000 1.000 1.000 1.000
054a9392fed9484e950ff92d13631f06 -652.608 38.635 -275.691 270.000 -0.000 0.000 1.000 1.000 1.000
054a9392fed9484e950ff92d13631f06 -649.189 38.635 -284.227 270.000 353.000 0.000 1.000 1.000 1.000
cb0d8bf87fca47e3b73f634959a9f523 -650.933 38.635 -275.495 270.000 345.000 0.000 1.000 1.000 1.000
717ae274519f4f4fa760e6fbf4a3614b -664.639 39.971 -283.497 345.000 90.000 270.000 1.000 1.000 1.000
717ae274519f4f4fa760e6fbf4a3614b -658.399 38.635 -276.218 270.000 -0.000 0.000 1.000 1.000 1.000
4ca1de6fdcc84b6bbc4a76c3ad394739 -658.941 38.948 -275.576 270.000 -0.000 0.000 1.000 1.000 1.000
756faa5eea0b4df7b2602e1d77932057 -657.669 38.948 -275.539 270.000 -0.000 0.000 1.000 1.000 1.000
aacd164d8e4041aab78179c7886f4461 -659.045 38.948 -276.947 270.000 -0.000 0.000 1.000 1.000 1.000
aacd164d8e4041aab78179c7886f4461 -657.779 38.948 -276.926 270.000 -0.000 0.000 1.000 1.000 1.000
4ca1de6fdcc84b6bbc4a76c3ad394739 -652.609 38.664 -285.010 270.000 -0.000 0.000 1.000 1.000 1.000
4ca1de6fdcc84b6bbc4a76c3ad394739 -654.034 39.069 -285.306 -0.000 29.000 0.000 1.000 1.000 1.000
82352cf5ad914f4cb9293fe22aec07ee -660.636 39.477 -284.614 270.000 -0.000 0.000 1.000 1.000 1.000
82352cf5ad914f4cb9293fe22aec07ee -658.789 39.466 -284.625 -0.000 90.000 270.000 1.000 1.000 1.000
07132524c8554ac4b24fd7618b32c297 -660.613 39.822 -299.238 270.000 336.000 0.000 1.000 1.000 1.000
247828ef63574258b6e1be743309c028 -656.519 39.822 -299.208 270.000 6.000 0.000 1.000 1.000 1.000
247828ef63574258b6e1be743309c028 -652.412 39.822 -299.677 270.000 -0.000 0.000 1.000 1.000 1.000
07132524c8554ac4b24fd7618b32c297 -652.441 39.822 -298.617 270.000 179.000 0.000 1.000 1.000 1.000
07132524c8554ac4b24fd7618b32c297 -655.179 39.884 -284.697 270.000 174.000 0.000 1.000 1.000 1.000
07132524c8554ac4b24fd7618b32c297 -709.506 39.568 -334.768 270.000 169.000 0.000 1.000 1.000 1.000
247828ef63574258b6e1be743309c028 -709.420 39.582 -320.929 270.000 6.000 0.000 1.000 1.000 1.000
247828ef63574258b6e1be743309c028 -709.405 39.978 -320.858 270.000 355.000 0.000 1.000 1.000 1.000
de4817ed3deb459cb40bc486e0a5feea -663.087 38.381 -340.115 270.000 270.000 0.000 1.000 1.000 1.000
53f724bd841b42b2839d476f07e1d3de -660.117 38.760 -294.203 270.000 250.000 0.000 1.000 1.000 1.000
9cdd1e1cd19f46f9bd7de58c9ee94fa7 -651.953 39.559 -294.125 270.000 351.000 0.000 1.000 1.000 1.000
e0cb5fc3d4ef44e6a01fec03dcdf45da -697.993 38.381 -263.759 270.000 -0.000 0.000 1.000 1.000 1.000
e0cb5fc3d4ef44e6a01fec03dcdf45da -705.993 38.381 -263.759 270.000 -0.000 0.000 1.000 1.000 1.000
1c45b10c4b414989ae1bd815ac7e7e35 -702.189 38.562 -306.690 270.000 15.000 0.000 1.000 1.000 1.000
b5e4a1bbcf854ad59dc1dde9b86a6f07 -699.770 38.562 -305.962 270.000 45.000 0.000 1.000 1.000 1.000
81698500116d48798141d66e6571a83e -698.728 38.562 -302.799 270.000 333.000 0.000 1.000 1.000 1.000
92e2c47121f8428fa5c1f71bc931d36b -701.451 38.562 -301.768 270.000 355.000 0.000 1.000 1.000 1.000
3df136f3d13c430981ca630f11e043f4 -703.827 38.562 -304.045 270.000 12.000 0.000 1.000 1.000 1.000
9208995c471e47ea9bf75e945ab6de29 -701.339 38.357 -304.315 270.000 -0.000 0.000 1.000 1.000 1.000
aa5713bdfae44bacbc36979248e25128 -663.208 41.812 -274.444 270.000 -0.000 0.000 1.000 1.000 1.000
91c7b343d13446faba663d2f63e03276 -730.257 40.828 -299.638 270.000 270.000 0.000 1.000 1.000 1.000
91c7b343d13446faba663d2f63e03276 -663.116 41.760 -304.960 270.000 -0.000 0.000 1.000 1.000 1.000
aa5713bdfae44bacbc36979248e25128 -732.981 56.513 -329.582 270.000 90.000 0.000 1.000 1.000 1.000
de4817ed3deb459cb40bc486e0a5feea -739.508 38.381 -317.985 270.000 270.000 0.000 1.000 1.000 1.000
de4817ed3deb459cb40bc486e0a5feea -663.131 38.381 -239.126 270.000 180.000 0.000 1.000 1.000 1.000
de4817ed3deb459cb40bc486e0a5feea -650.832 38.381 -239.126 270.000 180.000 0.000 1.000 1.000 1.000
de4817ed3deb459cb40bc486e0a5feea -653.263 38.381 -239.126 270.000 180.000 0.000 1.000 1.000 1.000
de4817ed3deb459cb40bc486e0a5feea -655.694 38.381 -239.126 270.000 180.000 0.000 1.000 1.000 1.000
de4817ed3deb459cb40bc486e0a5feea -648.361 38.381 -239.126 270.000 180.000 0.000 1.000 1.000 1.000
de4817ed3deb459cb40bc486e0a5feea -645.865 38.381 -239.126 270.000 180.000 0.000 1.000 1.000 1.000
de4817ed3deb459cb40bc486e0a5feea -643.394 38.381 -239.126 270.000 180.000 0.000 1.000 1.000 1.000
de4817ed3deb459cb40bc486e0a5feea -640.963 38.381 -239.126 270.000 180.000 0.000 1.000 1.000 1.000
de4817ed3deb459cb40bc486e0a5feea -658.165 38.381 -239.126 270.000 180.000 0.000 1.000 1.000 1.000
de4817ed3deb459cb40bc486e0a5feea -737.026 38.381 -239.126 270.000 180.000 0.000 1.000 1.000 1.000
de4817ed3deb459cb40bc486e0a5feea -739.520 38.381 -239.126 270.000 180.000 0.000 1.000 1.000 1.000
de4817ed3deb459cb40bc486e0a5feea -697.624 38.381 -239.126 270.000 180.000 0.000 1.000 1.000 1.000
de4817ed3deb459cb40bc486e0a5feea -695.127 38.381 -239.126 270.000 180.000 0.000 1.000 1.000 1.000
de4817ed3deb459cb40bc486e0a5feea -668.026 38.381 -239.126 270.000 180.000 0.000 1.000 1.000 1.000
de4817ed3deb459cb40bc486e0a5feea -677.895 38.381 -239.126 270.000 180.000 0.000 1.000 1.000 1.000
de4817ed3deb459cb40bc486e0a5feea -675.464 38.381 -239.126 270.000 180.000 0.000 1.000 1.000 1.000
de4817ed3deb459cb40bc486e0a5feea -672.993 38.381 -239.126 270.000 180.000 0.000 1.000 1.000 1.000
de4817ed3deb459cb40bc486e0a5feea -727.157 38.381 -239.126 270.000 180.000 0.000 1.000 1.000 1.000
de4817ed3deb459cb40bc486e0a5feea -729.588 38.381 -239.126 270.000 180.000 0.000 1.000 1.000 1.000
de4817ed3deb459cb40bc486e0a5feea -724.726 38.381 -239.126 270.000 180.000 0.000 1.000 1.000 1.000
de4817ed3deb459cb40bc486e0a5feea -722.255 38.381 -239.126 270.000 180.000 0.000 1.000 1.000 1.000
de4817ed3deb459cb40bc486e0a5feea -719.759 38.381 -239.126 270.000 180.000 0.000 1.000 1.000 1.000
de4817ed3deb459cb40bc486e0a5feea -717.289 38.381 -239.126 270.000 180.000 0.000 1.000 1.000 1.000
de4817ed3deb459cb40bc486e0a5feea -714.858 38.381 -239.126 270.000 180.000 0.000 1.000 1.000 1.000
de4817ed3deb459cb40bc486e0a5feea -700.094 38.381 -239.126 270.000 180.000 0.000 1.000 1.000 1.000
de4817ed3deb459cb40bc486e0a5feea -707.427 38.381 -239.126 270.000 180.000 0.000 1.000 1.000 1.000
de4817ed3deb459cb40bc486e0a5feea -702.525 38.381 -239.126 270.000 180.000 0.000 1.000 1.000 1.000
de4817ed3deb459cb40bc486e0a5feea -704.956 38.381 -239.126 270.000 180.000 0.000 1.000 1.000 1.000
de4817ed3deb459cb40bc486e0a5feea -709.923 38.381 -239.126 270.000 180.000 0.000 1.000 1.000 1.000
de4817ed3deb459cb40bc486e0a5feea -712.394 38.381 -239.126 270.000 180.000 0.000 1.000 1.000 1.000
de4817ed3deb459cb40bc486e0a5feea -732.059 38.381 -239.126 270.000 180.000 0.000 1.000 1.000 1.000
de4817ed3deb459cb40bc486e0a5feea -734.555 38.381 -239.126 270.000 180.000 0.000 1.000 1.000 1.000
de4817ed3deb459cb40bc486e0a5feea -665.595 38.381 -239.126 270.000 180.000 0.000 1.000 1.000 1.000
383b6c539e1b4916b1229d3d2414941b -684.849 38.381 -229.878 270.000 -0.000 0.000 1.000 1.000 1.000
de4817ed3deb459cb40bc486e0a5feea -739.508 38.381 -253.924 270.000 270.000 0.000 1.000 1.000 1.000
de4817ed3deb459cb40bc486e0a5feea -739.508 38.381 -241.624 270.000 270.000 0.000 1.000 1.000 1.000
de4817ed3deb459cb40bc486e0a5feea -739.508 38.381 -244.095 270.000 270.000 0.000 1.000 1.000 1.000
de4817ed3deb459cb40bc486e0a5feea -739.508 38.381 -249.062 270.000 270.000 0.000 1.000 1.000 1.000
de4817ed3deb459cb40bc486e0a5feea -739.508 38.381 -246.591 270.000 270.000 0.000 1.000 1.000 1.000
de4817ed3deb459cb40bc486e0a5feea -739.508 38.381 -251.493 270.000 270.000 0.000 1.000 1.000 1.000
8ca23631b8394017b902a2a6bab23205 -727.199 38.262 -250.465 270.000 -0.000 0.000 1.000 1.000 1.000
de4817ed3deb459cb40bc486e0a5feea -714.935 38.381 -244.057 270.000 90.000 0.000 1.000 1.000 1.000
de4817ed3deb459cb40bc486e0a5feea -714.935 38.381 -251.495 270.000 90.000 0.000 1.000 1.000 1.000
de4817ed3deb459cb40bc486e0a5feea -714.935 38.381 -249.024 270.000 90.000 0.000 1.000 1.000 1.000
de4817ed3deb459cb40bc486e0a5feea -714.935 38.381 -246.528 270.000 90.000 0.000 1.000 1.000 1.000
de4817ed3deb459cb40bc486e0a5feea -714.935 38.381 -253.926 270.000 90.000 0.000 1.000 1.000 1.000
de4817ed3deb459cb40bc486e0a5feea -714.935 38.381 -241.626 270.000 90.000 0.000 1.000 1.000 1.000
8ca23631b8394017b902a2a6bab23205 -651.327 38.228 -250.900 270.000 90.000 0.000 1.000 1.000 1.000
de4817ed3deb459cb40bc486e0a5feea -663.113 38.381 -244.095 270.000 270.000 0.000 1.000 1.000 1.000
de4817ed3deb459cb40bc486e0a5feea -663.113 38.381 -241.624 270.000 270.000 0.000 1.000 1.000 1.000
de4817ed3deb459cb40bc486e0a5feea -663.113 38.381 -246.591 270.000 270.000 0.000 1.000 1.000 1.000
4943fefd0b4d4a5c947265ac783b5475 -677.895 38.381 -241.126 270.000 90.000 0.000 1.000 1.000 1.000
4943fefd0b4d4a5c947265ac783b5475 -697.624 38.381 -241.126 270.000 90.000 0.000 1.000 1.000 1.000
9f9bb88bfada4136a88d3664f1816a5e -675.937 38.579 -230.256 270.000 180.000 0.000 1.000 1.000 1.000
0e9877cb456a42dcb72272bd24850851 -702.150 38.381 -251.383 270.000 -0.000 0.000 1.000 1.000 1.000
de4817ed3deb459cb40bc486e0a5feea -697.623 38.381 -236.654 270.000 180.000 0.000 1.000 1.000 1.000
de4817ed3deb459cb40bc486e0a5feea -697.623 38.381 -231.736 270.000 180.000 0.000 1.000 1.000 1.000
de4817ed3deb459cb40bc486e0a5feea -697.623 38.381 -234.208 270.000 180.000 0.000 1.000 1.000 1.000
de4817ed3deb459cb40bc486e0a5feea -697.623 38.381 -221.914 270.000 180.000 0.000 1.000 1.000 1.000
de4817ed3deb459cb40bc486e0a5feea -697.623 38.381 -224.386 270.000 180.000 0.000 1.000 1.000 1.000
de4817ed3deb459cb40bc486e0a5feea -697.623 38.381 -226.832 270.000 180.000 0.000 1.000 1.000 1.000
de4817ed3deb459cb40bc486e0a5feea -697.623 38.381 -229.304 270.000 180.000 0.000 1.000 1.000 1.000
de4817ed3deb459cb40bc486e0a5feea -668.026 38.381 -236.658 270.000 180.000 0.000 1.000 1.000 1.000
de4817ed3deb459cb40bc486e0a5feea -668.026 38.381 -234.212 270.000 180.000 0.000 1.000 1.000 1.000
de4817ed3deb459cb40bc486e0a5feea -668.026 38.381 -231.740 270.000 180.000 0.000 1.000 1.000 1.000
de4817ed3deb459cb40bc486e0a5feea -668.026 38.381 -229.308 270.000 180.000 0.000 1.000 1.000 1.000
de4817ed3deb459cb40bc486e0a5feea -668.026 38.381 -226.836 270.000 180.000 0.000 1.000 1.000 1.000
de4817ed3deb459cb40bc486e0a5feea -668.026 38.381 -221.918 270.000 180.000 0.000 1.000 1.000 1.000
de4817ed3deb459cb40bc486e0a5feea -668.026 38.381 -224.390 270.000 180.000 0.000 1.000 1.000 1.000
de4817ed3deb459cb40bc486e0a5feea -670.469 38.381 -221.918 270.000 180.000 0.000 1.000 1.000 1.000
de4817ed3deb459cb40bc486e0a5feea -675.332 38.381 -221.918 270.000 180.000 0.000 1.000 1.000 1.000
de4817ed3deb459cb40bc486e0a5feea -672.889 38.381 -221.918 270.000 180.000 0.000 1.000 1.000 1.000
de4817ed3deb459cb40bc486e0a5feea -677.808 38.381 -221.918 270.000 180.000 0.000 1.000 1.000 1.000
de4817ed3deb459cb40bc486e0a5feea -680.326 38.381 -239.126 270.000 180.000 0.000 1.000 1.000 1.000
de4817ed3deb459cb40bc486e0a5feea -680.311 38.381 -221.918 270.000 180.000 0.000 1.000 1.000 1.000
de4817ed3deb459cb40bc486e0a5feea -695.183 38.381 -221.914 270.000 180.000 0.000 1.000 1.000 1.000
24cf4485f2894fa998e94b5ff5d219a0 -679.429 38.381 -227.307 270.000 -0.000 0.000 1.000 1.000 1.000
24cf4485f2894fa998e94b5ff5d219a0 -679.429 38.381 -229.307 270.000 -0.000 0.000 1.000 1.000 1.000
24cf4485f2894fa998e94b5ff5d219a0 -679.429 38.381 -231.307 270.000 -0.000 0.000 1.000 1.000 1.000
24cf4485f2894fa998e94b5ff5d219a0 -679.429 38.381 -233.307 270.000 -0.000 0.000 1.000 1.000 1.000
87806c2130bc4bd8b4f3276edf2222a6 -677.481 38.579 -229.560 270.000 -0.000 0.000 1.000 1.000 1.000
65906f4174724825849478b60ecc348a -673.873 38.579 -231.298 270.000 90.000 0.000 1.000 1.000 1.000
65906f4174724825849478b60ecc348a -673.873 38.579 -232.071 270.000 90.000 0.000 1.000 1.000 1.000
65906f4174724825849478b60ecc348a -673.873 38.579 -232.821 270.000 90.000 0.000 1.000 1.000 1.000
9215cb84c2a942d084fa1dffa0031949 -676.492 38.998 -229.735 0.000 11.000 90.000 1.000 1.000 1.000
8ac1606335904264ba794ba6971a0ae8 -677.500 39.766 -229.937 270.000 261.000 0.000 1.000 1.000 1.000
91c7b343d13446faba663d2f63e03276 -653.582 56.586 -246.675 270.000 -0.000 0.000 1.000 1.000 1.000
de4817ed3deb459cb40bc486e0a5feea -660.631 38.381 -239.126 270.000 180.000 0.000 1.000 1.000 1.000
6123b0bb5c3a409bb38ad2c2abab8dbb -650.713 38.383 -21.833 270.000 166.000 0.000 1.000 1.000 1.000
6123b0bb5c3a409bb38ad2c2abab8dbb -654.860 38.383 -22.601 270.000 173.000 0.000 1.000 1.000 1.000
6123b0bb5c3a409bb38ad2c2abab8dbb -659.077 38.383 -22.962 270.000 177.000 0.000 1.000 1.000 1.000
25f82f8261264d5eb12f99d80bbe2d89 -648.456 38.381 -20.387 270.000 165.000 0.000 1.000 1.000 1.000
25f82f8261264d5eb12f99d80bbe2d89 -740.462 38.357 -93.571 270.000 58.000 0.000 1.000 1.000 1.000
34af62084fc3401eb960900aa3a759c8 -728.394 38.381 -86.504 270.000 330.000 0.000 1.000 1.000 1.000
bc4b9a034fe04c669285becc489d01a0 -722.356 38.381 -85.726 270.000 236.000 0.000 1.000 1.000 1.000
bc4b9a034fe04c669285becc489d01a0 -682.269 38.381 -58.516 270.000 245.000 0.000 1.000 1.000 1.000
bc4b9a034fe04c669285becc489d01a0 -640.998 38.381 -42.443 270.000 255.000 0.000 1.000 1.000 1.000
bc4b9a034fe04c669285becc489d01a0 -654.702 40.175 42.958 270.000 157.000 0.000 1.000 1.000 1.000
bc4b9a034fe04c669285becc489d01a0 -676.103 43.852 83.354 270.000 153.000 0.000 1.000 1.000 1.000
bc4b9a034fe04c669285becc489d01a0 -707.618 52.178 127.320 270.000 151.000 0.000 1.000 1.000 1.000
862a4ad08b0b4899b35ef82309e47919 -722.254 52.084 55.330 309.000 90.000 336.000 1.000 1.000 1.000
bc4b9a034fe04c669285becc489d01a0 -740.243 64.625 173.137 270.000 145.000 0.000 1.000 1.000 1.000
73fa45a827954cf0a765cd1ab24a29e7 -724.796 37.271 857.503 270.000 345.000 0.000 1.000 1.000 1.000
eba9c90a66b54c2d89b7fc4f95698310 -609.718 26.116 -721.435 270.000 252.000 0.000 1.000 1.000 1.000
eba9c90a66b54c2d89b7fc4f95698310 -604.012 26.116 -719.581 270.000 252.000 0.000 1.000 1.000 1.000
eba9c90a66b54c2d89b7fc4f95698310 -598.305 26.116 -717.727 270.000 252.000 0.000 1.000 1.000 1.000
cb0d8bf87fca47e3b73f634959a9f523 -623.043 28.611 -721.937 282.000 90.000 270.000 1.000 1.000 1.000
054a9392fed9484e950ff92d13631f06 -620.511 28.040 -722.154 282.786 82.670 218.769 1.000 1.000 1.000
4ca1de6fdcc84b6bbc4a76c3ad394739 -621.208 28.713 -729.878 352.821 214.625 114.695 1.000 1.000 1.000
a85e3cc04d95433bb636c5b7bcbc8a10 -533.700 12.366 -523.508 289.353 0.000 0.000 0.445 0.553 0.448
5be4c8929e7e4e9c8aa832565342e6fe -542.914 5.532 -504.523 286.564 90.000 270.000 0.444 0.410 0.462
de4817ed3deb459cb40bc486e0a5feea -638.508 38.381 -337.687 270.000 270.000 0.000 1.000 1.000 1.000
de4817ed3deb459cb40bc486e0a5feea -638.508 38.381 -340.129 270.000 270.000 0.000 1.000 1.000 1.000
de4817ed3deb459cb40bc486e0a5feea -638.508 38.381 -327.818 270.000 270.000 0.000 1.000 1.000 1.000
de4817ed3deb459cb40bc486e0a5feea -638.508 38.381 -330.289 270.000 270.000 0.000 1.000 1.000 1.000
de4817ed3deb459cb40bc486e0a5feea -638.508 38.381 -332.785 270.000 270.000 0.000 1.000 1.000 1.000
de4817ed3deb459cb40bc486e0a5feea -638.508 38.381 -335.256 270.000 270.000 0.000 1.000 1.000 1.000
de4817ed3deb459cb40bc486e0a5feea -638.508 38.381 -325.387 270.000 270.000 0.000 1.000 1.000 1.000
de4817ed3deb459cb40bc486e0a5feea -638.508 38.381 -310.624 270.000 270.000 0.000 1.000 1.000 1.000
de4817ed3deb459cb40bc486e0a5feea -638.508 38.381 -313.055 270.000 270.000 0.000 1.000 1.000 1.000
de4817ed3deb459cb40bc486e0a5feea -638.508 38.381 -315.518 270.000 270.000 0.000 1.000 1.000 1.000
de4817ed3deb459cb40bc486e0a5feea -638.508 38.381 -320.485 270.000 270.000 0.000 1.000 1.000 1.000
de4817ed3deb459cb40bc486e0a5feea -638.508 38.381 -322.956 270.000 270.000 0.000 1.000 1.000 1.000
de4817ed3deb459cb40bc486e0a5feea -638.508 38.381 -300.755 270.000 270.000 0.000 1.000 1.000 1.000
de4817ed3deb459cb40bc486e0a5feea -638.508 38.381 -303.186 270.000 270.000 0.000 1.000 1.000 1.000
de4817ed3deb459cb40bc486e0a5feea -638.508 38.381 -305.657 270.000 270.000 0.000 1.000 1.000 1.000
de4817ed3deb459cb40bc486e0a5feea -638.508 38.381 -308.153 270.000 270.000 0.000 1.000 1.000 1.000
de4817ed3deb459cb40bc486e0a5feea -638.508 38.381 -295.853 270.000 270.000 0.000 1.000 1.000 1.000
de4817ed3deb459cb40bc486e0a5feea -638.508 38.381 -298.324 270.000 270.000 0.000 1.000 1.000 1.000
de4817ed3deb459cb40bc486e0a5feea -638.508 38.381 -293.357 270.000 270.000 0.000 1.000 1.000 1.000
de4817ed3deb459cb40bc486e0a5feea -638.508 38.381 -290.887 270.000 270.000 0.000 1.000 1.000 1.000
de4817ed3deb459cb40bc486e0a5feea -638.508 38.381 -285.993 270.000 270.000 0.000 1.000 1.000 1.000
de4817ed3deb459cb40bc486e0a5feea -638.508 38.381 -288.424 270.000 270.000 0.000 1.000 1.000 1.000
de4817ed3deb459cb40bc486e0a5feea -638.508 38.381 -278.556 270.000 270.000 0.000 1.000 1.000 1.000
de4817ed3deb459cb40bc486e0a5feea -638.508 38.381 -281.026 270.000 270.000 0.000 1.000 1.000 1.000
de4817ed3deb459cb40bc486e0a5feea -638.508 38.381 -283.523 270.000 270.000 0.000 1.000 1.000 1.000
de4817ed3deb459cb40bc486e0a5feea -638.508 38.381 -276.125 270.000 270.000 0.000 1.000 1.000 1.000
de4817ed3deb459cb40bc486e0a5feea -638.508 38.381 -258.891 270.000 270.000 0.000 1.000 1.000 1.000
de4817ed3deb459cb40bc486e0a5feea -638.508 38.381 -261.361 270.000 270.000 0.000 1.000 1.000 1.000
de4817ed3deb459cb40bc486e0a5feea -638.508 38.381 -263.792 270.000 270.000 0.000 1.000 1.000 1.000
de4817ed3deb459cb40bc486e0a5feea -638.508 38.381 -271.223 270.000 270.000 0.000 1.000 1.000 1.000
de4817ed3deb459cb40bc486e0a5feea -638.508 38.381 -273.694 270.000 270.000 0.000 1.000 1.000 1.000
de4817ed3deb459cb40bc486e0a5feea -638.508 38.381 -268.727 270.000 270.000 0.000 1.000 1.000 1.000
de4817ed3deb459cb40bc486e0a5feea -638.508 38.381 -266.256 270.000 270.000 0.000 1.000 1.000 1.000
de4817ed3deb459cb40bc486e0a5feea -638.508 38.381 -256.395 270.000 270.000 0.000 1.000 1.000 1.000
de4817ed3deb459cb40bc486e0a5feea -638.508 38.381 -317.985 270.000 270.000 0.000 1.000 1.000 1.000
de4817ed3deb459cb40bc486e0a5feea -638.508 38.381 -246.591 270.000 270.000 0.000 1.000 1.000 1.000
de4817ed3deb459cb40bc486e0a5feea -638.508 38.381 -251.493 270.000 270.000 0.000 1.000 1.000 1.000
de4817ed3deb459cb40bc486e0a5feea -638.508 38.381 -249.062 270.000 270.000 0.000 1.000 1.000 1.000
de4817ed3deb459cb40bc486e0a5feea -638.508 38.381 -244.095 270.000 270.000 0.000 1.000 1.000 1.000
de4817ed3deb459cb40bc486e0a5feea -638.508 38.381 -253.924 270.000 270.000 0.000 1.000 1.000 1.000
de4817ed3deb459cb40bc486e0a5feea -638.508 38.381 -241.624 270.000 270.000 0.000 1.000 1.000 1.000
de4817ed3deb459cb40bc486e0a5feea -638.508 38.381 -239.126 270.000 270.000 0.000 1.000 1.000 1.000
6123b0bb5c3a409bb38ad2c2abab8dbb -625.944 38.381 -14.411 270.000 154.000 0.000 1.000 1.000 1.000
6123b0bb5c3a409bb38ad2c2abab8dbb -629.840 38.381 -16.023 270.000 161.000 0.000 1.000 1.000 1.000
6123b0bb5c3a409bb38ad2c2abab8dbb -633.890 38.381 -17.254 270.000 165.000 0.000 1.000 1.000 1.000
2e1249333ada4c63aef6fbb6b4835add -636.615 38.381 -18.256 270.000 165.000 0.000 1.000 1.000 1.000
34af62084fc3401eb960900aa3a759c8 -554.869 38.381 -5.685 270.000 180.000 0.000 1.000 1.000 1.000
bc4b9a034fe04c669285becc489d01a0 -593.531 38.381 -31.431 270.000 264.000 0.000 1.000 1.000 1.000
bc4b9a034fe04c669285becc489d01a0 -536.475 38.381 -27.770 270.000 221.000 0.000 1.000 1.000 1.000
bc4b9a034fe04c669285becc489d01a0 -636.455 38.483 -1.025 270.000 162.000 0.000 1.000 1.000 1.000
a8681fcb59d44b1588caec49f30a9c8f -547.001 38.381 -29.347 270.000 285.000 0.000 1.000 1.000 1.000
bc4b9a034fe04c669285becc489d01a0 -527.932 38.388 11.048 270.000 210.000 0.000 1.000 1.000 1.000
40921a1a3cd742f69cc25cc25b856572 -515.698 38.381 192.366 270.000 -0.000 0.000 1.000 1.000 1.000
40921a1a3cd742f69cc25cc25b856572 -515.698 38.381 237.521 270.000 -0.000 0.000 1.000 1.000 1.000
c2ea9b50d4d640438800b9ff553ec627 -513.033 38.729 253.982 270.000 -0.000 0.000 1.000 1.000 1.000
e7572f0283b8411fbbc55ee6cae3bb97 -516.247 38.634 216.938 270.000 270.000 0.000 1.000 1.000 1.000 Bed_0
0e8c0a20e8e947018e8e5859f0a4064f -517.518 38.634 218.899 270.000 -0.000 0.000 1.000 1.000 1.000
8cffc239fd2d4a8383b0cc60399a5b35 -517.768 38.634 211.701 270.000 -0.000 0.000 1.000 1.000 1.000
8388edfa33b84f78ad7f5d277412433b -512.276 38.634 208.613 270.000 180.000 0.000 1.000 1.000 1.000 Wardrobe_0
862a4ad08b0b4899b35ef82309e47919 -564.376 50.966 203.087 321.000 90.000 270.000 1.000 1.000 1.000
4a874717e96245638786ae053fca74e5 -538.090 38.404 510.471 270.000 255.000 0.000 1.000 1.000 1.000
3ae249c445724a41b7a2621e1864bdc1 -535.192 38.339 511.247 270.000 255.000 0.000 1.000 1.000 1.000
3ae249c445724a41b7a2621e1864bdc1 -534.162 38.339 507.404 270.000 255.000 0.000 1.000 1.000 1.000
a31640c238084120a4cc7dce956cb7eb -533.479 38.339 504.761 270.000 165.000 0.000 1.000 1.000 1.000
3b7850bff71945e289483d9eee6ec844 -560.315 38.615 504.523 270.000 255.000 0.000 1.000 1.000 1.000
b06ca473809a47a1bb47e72bedd0e421 -552.754 38.615 503.797 270.000 -0.000 0.000 1.000 1.000 1.000
ae22774b549f44d29926a956ac6c0a4d -552.356 38.615 497.605 270.000 345.000 0.000 1.000 1.000 1.000
87806c2130bc4bd8b4f3276edf2222a6 -551.744 38.615 495.321 270.000 255.000 0.000 1.000 1.000 1.000
ae22774b549f44d29926a956ac6c0a4d -551.170 38.615 493.178 270.000 165.000 0.000 1.000 1.000 1.000
d412f1a6b4c9404a88de772651615e4b -568.248 38.615 510.462 270.000 210.000 0.000 1.000 1.000 1.000
d412f1a6b4c9404a88de772651615e4b -558.250 38.615 491.718 270.000 165.000 0.000 1.000 1.000 1.000
0e8c0a20e8e947018e8e5859f0a4064f -558.767 38.615 493.650 270.000 165.000 0.000 1.000 1.000 1.000
d412f1a6b4c9404a88de772651615e4b -559.285 38.615 495.582 270.000 345.000 0.000 1.000 1.000 1.000
d412f1a6b4c9404a88de772651615e4b -564.078 38.615 494.298 270.000 345.000 0.000 1.000 1.000 1.000
0e8c0a20e8e947018e8e5859f0a4064f -563.560 38.615 492.366 270.000 165.000 0.000 1.000 1.000 1.000
d412f1a6b4c9404a88de772651615e4b -563.042 38.615 490.434 270.000 165.000 0.000 1.000 1.000 1.000
449513fcccb0441abbc8ac47ca0e4440 -558.734 39.802 493.638 270.000 345.000 0.000 1.000 1.000 1.000
449513fcccb0441abbc8ac47ca0e4440 -563.560 39.802 492.345 270.000 165.000 0.000 1.000 1.000 1.000
d412f1a6b4c9404a88de772651615e4b -562.913 38.567 506.023 270.000 300.000 0.000 1.000 1.000 1.000
2e060a3768094817887d5f2c8d884d61 -560.315 38.567 504.523 270.000 255.000 0.000 1.000 1.000 1.000
d412f1a6b4c9404a88de772651615e4b -561.815 38.567 501.925 270.000 210.000 0.000 1.000 1.000 1.000
d412f1a6b4c9404a88de772651615e4b -557.717 38.567 503.023 270.000 120.000 0.000 1.000 1.000 1.000
d412f1a6b4c9404a88de772651615e4b -558.815 38.567 507.122 270.000 30.000 0.000 1.000 1.000 1.000
050dbe869b1c4fd5b215c552d145effd -566.879 38.615 501.913 270.000 255.000 0.000 1.000 1.000 1.000
050dbe869b1c4fd5b215c552d145effd -566.493 38.615 500.472 270.000 255.000 0.000 1.000 1.000 1.000
050dbe869b1c4fd5b215c552d145effd -567.651 38.615 504.793 270.000 255.000 0.000 1.000 1.000 1.000
050dbe869b1c4fd5b215c552d145effd -567.265 38.615 503.352 270.000 255.000 0.000 1.000 1.000 1.000
156a673581474f6aa368ff6e08b8f25a -567.432 39.965 504.101 270.000 255.000 0.000 1.000 1.000 1.000
156a673581474f6aa368ff6e08b8f25a -566.640 39.965 501.145 270.000 255.000 0.000 1.000 1.000 1.000
e73f9a6daf7f4852a60374999a0723a6 -569.964 38.365 506.852 270.000 75.000 0.000 1.000 1.000 1.000
e9ce671e95c14e60a12cf755f25dce3f -569.187 38.365 503.954 270.000 75.000 0.000 1.000 1.000 1.000
61e43d05791d4269b626de9bedbf0a03 -569.855 38.865 506.490 270.000 81.000 0.000 1.000 1.000 1.000
a19b3ec55a2046668611c9d2775efd99 -570.153 38.865 507.391 270.000 342.000 0.000 1.000 1.000 1.000
a19b3ec55a2046668611c9d2775efd99 -569.063 38.865 503.437 270.000 348.000 0.000 1.000 1.000 1.000
409c99861aa9411cbbb653f74d0d655d -561.940 45.510 510.300 270.000 255.000 0.000 1.000 1.000 1.000
3ae249c445724a41b7a2621e1864bdc1 -536.217 38.339 515.075 270.000 255.000 0.000 1.000 1.000 1.000
a31640c238084120a4cc7dce956cb7eb -536.970 38.339 517.787 270.000 345.000 0.000 1.000 1.000 1.000
4a874717e96245638786ae053fca74e5 -532.294 38.404 512.024 270.000 255.000 0.000 1.000 1.000 1.000
ae22774b549f44d29926a956ac6c0a4d -556.755 38.541 516.799 270.000 75.000 0.000 1.000 1.000 1.000
b489a8a63fca4d179fd315cbae8b6ed7 -562.904 40.769 515.151 270.000 255.000 0.000 1.000 1.000 1.000
d412f1a6b4c9404a88de772651615e4b -569.829 38.615 516.565 270.000 300.000 0.000 1.000 1.000 1.000
2e060a3768094817887d5f2c8d884d61 -568.377 38.615 513.705 270.000 315.000 0.000 1.000 1.000 1.000
f463c0c6285544ac86845d98a07d73a9 -563.768 38.615 514.946 270.000 75.000 0.000 1.000 1.000 1.000
366521728ff44c17a184f991a4c9cc27 -563.680 39.874 513.888 289.000 165.000 0.000 1.000 1.000 1.000
76744b70db354aecb685e81b4d73698f -564.261 39.046 516.000 277.000 345.000 -0.000 1.000 1.000 1.000
d9b2708a3f10443aa6f25ebd5b1c9056 -568.690 39.879 513.135 -0.000 0.000 0.000 1.000 1.000 1.000
aa5713bdfae44bacbc36979248e25128 -554.886 41.900 514.293 270.000 75.000 0.000 1.000 1.000 1.000
91c7b343d13446faba663d2f63e03276 -555.128 42.042 515.194 270.000 75.000 0.000 1.000 1.000 1.000
91c7b343d13446faba663d2f63e03276 -571.342 41.883 515.563 270.000 75.000 0.000 1.000 1.000 1.000
73fa45a827954cf0a765cd1ab24a29e7 -551.113 38.337 856.248 270.000 60.000 0.000 1.000 1.000 1.000
6125b4de591b44359237f6d7191dd919 -527.470 46.708 960.513 270.000 -0.000 0.000 1.000 1.000 1.000
6125b4de591b44359237f6d7191dd919 -627.993 48.134 969.124 270.000 254.000 0.000 1.000 1.000 1.000
f0372d2c80a84648b83d92e8d1ffa445 -511.742 15.351 -537.072 270.000 -0.000 0.000 0.441 0.441 0.328
2cb6e4e689dc455b95c6339b47b2810c -385.547 38.381 -4.520 270.000 180.000 0.000 1.000 1.000 1.000
2cb6e4e689dc455b95c6339b47b2810c -390.201 38.381 -4.520 270.000 180.000 0.000 1.000 1.000 1.000
2cb6e4e689dc455b95c6339b47b2810c -394.846 38.381 -4.520 270.000 180.000 0.000 1.000 1.000 1.000
2cb6e4e689dc455b95c6339b47b2810c -397.225 38.381 -2.178 270.000 270.000 0.000 1.000 1.000 1.000
3ae249c445724a41b7a2621e1864bdc1 -396.354 38.381 -1.246 270.000 270.000 0.000 1.000 1.000 1.000
b832729132a546a29eaedac06b84a46f -406.888 38.592 57.145 270.000 180.000 0.000 1.000 1.000 1.000
b832729132a546a29eaedac06b84a46f -406.888 38.592 105.145 270.000 180.000 0.000 1.000 1.000 1.000
b832729132a546a29eaedac06b84a46f -406.888 38.592 81.145 270.000 180.000 0.000 1.000 1.000 1.000
3e0c35eab929407baa0dec3ca2b646a1 -479.006 38.384 81.548 270.000 270.000 0.000 1.000 1.000 1.000
3e0c35eab929407baa0dec3ca2b646a1 -479.006 38.384 99.548 270.000 270.000 0.000 1.000 1.000 1.000
e683abf817c34a0e8f8a2e657f75dcbe -455.006 38.384 81.548 270.000 180.000 0.000 1.000 1.000 1.000
3e0c35eab929407baa0dec3ca2b646a1 -455.006 38.384 57.548 270.000 180.000 0.000 1.000 1.000 1.000
8221c9c6360c4629a7dc1a197fac0196 -406.888 38.592 33.145 270.000 180.000 0.000 1.000 1.000 1.000
b832729132a546a29eaedac06b84a46f -454.888 38.592 33.145 270.000 270.000 0.000 1.000 1.000 1.000
b832729132a546a29eaedac06b84a46f -430.888 38.592 33.145 270.000 270.000 0.000 1.000 1.000 1.000
27501590239d4699a8dc001efa4dee37 -478.888 38.592 33.145 270.000 90.000 0.000 1.000 1.000 1.000
3e0c35eab929407baa0dec3ca2b646a1 -437.006 38.384 57.548 270.000 180.000 0.000 1.000 1.000 1.000
b2ff709de7a54b09a11a1b3b344e88e5 -420.349 38.381 51.162 270.000 90.000 0.000 1.000 1.000 1.000
b2ff709de7a54b09a11a1b3b344e88e5 -420.349 38.381 55.324 270.000 90.000 0.000 1.000 1.000 1.000
b2ff709de7a54b09a11a1b3b344e88e5 -420.349 38.381 63.670 270.000 90.000 0.000 1.000 1.000 1.000
b2ff709de7a54b09a11a1b3b344e88e5 -420.349 38.381 59.507 270.000 90.000 0.000 1.000 1.000 1.000
b2ff709de7a54b09a11a1b3b344e88e5 -420.349 38.381 76.208 270.000 90.000 0.000 1.000 1.000 1.000
b2ff709de7a54b09a11a1b3b344e88e5 -420.349 38.381 80.370 270.000 90.000 0.000 1.000 1.000 1.000
b2ff709de7a54b09a11a1b3b344e88e5 -420.349 38.381 72.025 270.000 90.000 0.000 1.000 1.000 1.000
b2ff709de7a54b09a11a1b3b344e88e5 -420.349 38.381 67.862 270.000 90.000 0.000 1.000 1.000 1.000
b2ff709de7a54b09a11a1b3b344e88e5 -420.349 38.381 113.729 270.000 90.000 0.000 1.000 1.000 1.000
b2ff709de7a54b09a11a1b3b344e88e5 -420.349 38.381 109.566 270.000 90.000 0.000 1.000 1.000 1.000
b2ff709de7a54b09a11a1b3b344e88e5 -420.349 38.381 101.220 270.000 90.000 0.000 1.000 1.000 1.000
b2ff709de7a54b09a11a1b3b344e88e5 -420.349 38.381 97.028 270.000 90.000 0.000 1.000 1.000 1.000
b2ff709de7a54b09a11a1b3b344e88e5 -420.349 38.381 92.865 270.000 90.000 0.000 1.000 1.000 1.000
b2ff709de7a54b09a11a1b3b344e88e5 -420.349 38.381 88.682 270.000 90.000 0.000 1.000 1.000 1.000
b2ff709de7a54b09a11a1b3b344e88e5 -420.349 38.381 84.520 270.000 90.000 0.000 1.000 1.000 1.000
b2ff709de7a54b09a11a1b3b344e88e5 -451.684 38.381 115.882 270.000 -0.000 0.000 1.000 1.000 1.000
b2ff709de7a54b09a11a1b3b344e88e5 -459.995 38.381 115.882 270.000 -0.000 0.000 1.000 1.000 1.000
b2ff709de7a54b09a11a1b3b344e88e5 -455.833 38.381 115.882 270.000 -0.000 0.000 1.000 1.000 1.000
b2ff709de7a54b09a11a1b3b344e88e5 -464.178 38.381 115.882 270.000 -0.000 0.000 1.000 1.000 1.000
b2ff709de7a54b09a11a1b3b344e88e5 -468.341 38.381 115.882 270.000 -0.000 0.000 1.000 1.000 1.000
b2ff709de7a54b09a11a1b3b344e88e5 -472.533 38.381 115.882 270.000 -0.000 0.000 1.000 1.000 1.000
b2ff709de7a54b09a11a1b3b344e88e5 -476.696 38.381 115.882 270.000 -0.000 0.000 1.000 1.000 1.000
b2ff709de7a54b09a11a1b3b344e88e5 -485.042 38.381 115.882 270.000 -0.000 0.000 1.000 1.000 1.000
b2ff709de7a54b09a11a1b3b344e88e5 -480.879 38.381 115.882 270.000 -0.000 0.000 1.000 1.000 1.000
b2ff709de7a54b09a11a1b3b344e88e5 -447.521 38.381 115.882 270.000 -0.000 0.000 1.000 1.000 1.000
b2ff709de7a54b09a11a1b3b344e88e5 -443.338 38.381 115.882 270.000 -0.000 0.000 1.000 1.000 1.000
b2ff709de7a54b09a11a1b3b344e88e5 -434.983 38.381 115.882 270.000 -0.000 0.000 1.000 1.000 1.000
b2ff709de7a54b09a11a1b3b344e88e5 -430.820 38.381 115.882 270.000 -0.000 0.000 1.000 1.000 1.000
b2ff709de7a54b09a11a1b3b344e88e5 -439.175 38.381 115.882 270.000 -0.000 0.000 1.000 1.000 1.000
b2ff709de7a54b09a11a1b3b344e88e5 -426.637 38.381 115.882 270.000 -0.000 0.000 1.000 1.000 1.000
b2ff709de7a54b09a11a1b3b344e88e5 -422.475 38.381 115.882 270.000 -0.000 0.000 1.000 1.000 1.000
e7607b6f68054e1f9d898dd800b9c8d5 -420.349 38.381 105.383 270.000 270.000 0.000 1.000 1.000 1.000
019caf7c72a5446eb3dd666e759c1f91 -406.888 38.592 33.145 270.000 180.000 0.000 1.000 1.000 1.000
42229938f39b4ccd9f0228c4d0ef972c -396.621 38.952 118.726 270.000 180.000 0.000 1.000 1.000 1.000
42229938f39b4ccd9f0228c4d0ef972c -417.118 38.952 118.985 270.000 270.000 0.000 1.000 1.000 1.000
42229938f39b4ccd9f0228c4d0ef972c -417.121 38.952 43.222 270.000 -0.000 0.000 1.000 1.000 1.000
42229938f39b4ccd9f0228c4d0ef972c -417.121 38.952 23.127 270.000 270.000 0.000 1.000 1.000 1.000
42229938f39b4ccd9f0228c4d0ef972c -396.931 38.952 23.109 270.000 180.000 0.000 1.000 1.000 1.000
734aa6d8bb7642618c4b3522de821ee4 -396.888 38.963 105.144 270.000 180.000 0.000 1.000 1.000 1.000
734aa6d8bb7642618c4b3522de821ee4 -396.889 38.963 57.143 270.000 180.000 0.000 1.000 1.000 1.000
d4dea3aa823a4244be941b4b114e157d -388.002 43.396 64.574 270.000 -0.000 0.000 1.000 1.000 1.000
d4dea3aa823a4244be941b4b114e157d -388.002 43.396 66.574 270.000 -0.000 0.000 1.000 1.000 1.000
d4dea3aa823a4244be941b4b114e157d -388.002 43.396 68.574 270.000 -0.000 0.000 1.000 1.000 1.000
8548fc360c554b399e98cde4d40eca5d -391.754 40.057 110.819 270.000 270.000 0.000 1.000 1.000 1.000
cf45d6da9d6a4e129da721948b0b3a8a -391.794 41.423 55.202 -0.000 0.000 90.000 1.000 1.000 1.000
c6c4219aca5c47eca96284662a5620bf -409.094 38.774 6.719 270.000 180.000 0.000 1.000 1.000 1.000
8548fc360c554b399e98cde4d40eca5d -408.297 40.255 14.447 15.000 270.000 270.000 1.000 1.000 1.000
d4dea3aa823a4244be941b4b114e157d -413.846 43.524 4.708 270.000 -0.000 0.000 1.000 1.000 1.000
d4dea3aa823a4244be941b4b114e157d -413.846 43.524 2.708 270.000 180.000 0.000 1.000 1.000 1.000
4943fefd0b4d4a5c947265ac783b5475 -394.807 38.381 18.010 270.000 90.000 0.000 1.000 1.000 1.000
2cb6e4e689dc455b95c6339b47b2810c -394.846 38.381 18.889 270.000 180.000 0.000 1.000 1.000 1.000
2cb6e4e689dc455b95c6339b47b2810c -397.225 38.381 16.480 270.000 270.000 0.000 1.000 1.000 1.000
2cb6e4e689dc455b95c6339b47b2810c -397.225 38.381 7.140 270.000 270.000 0.000 1.000 1.000 1.000
2cb6e4e689dc455b95c6339b47b2810c -397.225 38.381 2.486 270.000 270.000 0.000 1.000 1.000 1.000
4a874717e96245638786ae053fca74e5 -393.255 38.381 2.792 270.000 90.000 0.000 1.000 1.000 1.000
3ae249c445724a41b7a2621e1864bdc1 -396.354 38.381 2.786 270.000 270.000 0.000 1.000 1.000 1.000
3ae249c445724a41b7a2621e1864bdc1 -396.354 38.381 6.842 270.000 270.000 0.000 1.000 1.000 1.000
a9ff5bb270694bf5920c316d1deff0fe -402.715 38.774 1.157 312.000 75.000 10.000 1.000 1.000 1.000
0d59f6daef124334b9a96301a4ec459a -409.250 38.774 2.808 270.000 270.000 0.000 1.000 1.000 1.000
0d59f6daef124334b9a96301a4ec459a -413.999 38.774 2.808 270.000 270.000 0.000 1.000 1.000 1.000
8242af6ef10e42ce9a2a31df1e0c2767 -410.010 38.774 4.575 270.000 180.000 0.000 1.000 1.000 1.000 Wardrobe_1
8388edfa33b84f78ad7f5d277412433b -414.010 38.774 4.575 270.000 180.000 0.000 1.000 1.000 1.000 Wardrobe_0
050dbe869b1c4fd5b215c552d145effd -416.141 38.774 11.192 270.000 270.000 0.000 1.000 1.000 1.000
050dbe869b1c4fd5b215c552d145effd -416.141 38.774 9.738 270.000 270.000 0.000 1.000 1.000 1.000
050dbe869b1c4fd5b215c552d145effd -416.141 38.774 6.807 270.000 270.000 0.000 1.000 1.000 1.000
050dbe869b1c4fd5b215c552d145effd -416.141 38.774 12.688 270.000 270.000 0.000 1.000 1.000 1.000
0aeeefaf364f46f9906aff76c40c6d2b -416.141 38.774 8.261 270.000 270.000 0.000 1.000 1.000 1.000
156a673581474f6aa368ff6e08b8f25a -416.113 40.124 11.137 270.000 270.000 0.000 1.000 1.000 1.000
5c5d591a49c948a4a812b662b48e87f3 -411.116 38.774 10.621 270.000 270.000 0.000 1.000 1.000 1.000
c09e13f5e43647e79692469b5a9ed4ed -411.115 38.774 11.705 270.000 -0.000 0.000 1.000 1.000 1.000
f16f2c63e5e1484ab4125af2535e5d6d -411.235 39.962 10.746 270.000 180.000 0.000 1.000 1.000 1.000
0fcf5364097e4a199d419a9cf2a60dd7 -412.512 38.774 10.663 270.000 180.000 0.000 1.000 1.000 1.000
65906f4174724825849478b60ecc348a -407.005 38.774 11.602 270.000 90.000 0.000 1.000 1.000 1.000
65906f4174724825849478b60ecc348a -407.005 38.774 12.382 270.000 90.000 0.000 1.000 1.000 1.000
65906f4174724825849478b60ecc348a -407.005 38.774 10.838 270.000 90.000 0.000 1.000 1.000 1.000
e63c261e7b3742dc9778820c11ef7760 -391.648 39.646 68.800 -0.000 270.000 0.000 1.000 1.000 1.000
e63c261e7b3742dc9778820c11ef7760 -391.648 39.646 64.289 -0.000 270.000 0.000 1.000 1.000 1.000
e63c261e7b3742dc9778820c11ef7760 -391.648 39.646 56.165 -0.000 270.000 0.000 1.000 1.000 1.000
e63c261e7b3742dc9778820c11ef7760 -391.648 39.646 51.669 -0.000 270.000 0.000 1.000 1.000 1.000
3d37d6da42a34f19b6b6a25e3ab8eaab -387.534 38.646 60.184 270.000 90.000 0.000 1.000 1.000 1.000
3d37d6da42a34f19b6b6a25e3ab8eaab -387.534 38.646 53.184 270.000 90.000 0.000 1.000 1.000 1.000
3d37d6da42a34f19b6b6a25e3ab8eaab -387.534 38.646 67.184 270.000 90.000 0.000 1.000 1.000 1.000
84b3a672bc0643d1b12b2b345a88ba46 -384.332 39.655 97.170 270.000 279.000 0.000 1.000 1.000 1.000
d412f1a6b4c9404a88de772651615e4b -388.373 38.655 93.975 270.000 180.000 0.000 1.000 1.000 1.000
ae22774b549f44d29926a956ac6c0a4d -390.700 38.655 96.488 270.000 270.000 0.000 1.000 1.000 1.000
ae22774b549f44d29926a956ac6c0a4d -390.700 38.655 109.288 270.000 270.000 0.000 1.000 1.000 1.000
d412f1a6b4c9404a88de772651615e4b -388.373 38.655 111.831 270.000 -0.000 0.000 1.000 1.000 1.000
52d575ae564f46649523c98875130784 -388.527 39.842 96.392 270.000 69.000 0.000 1.000 1.000 1.000
4f2244b2de3c4af1bf8ca336b92172c6 -388.050 39.948 109.693 -0.000 170.000 0.000 1.000 1.000 1.000
6ca718d67ffc40f78f0a1ba4bbc1c403 -388.660 39.917 109.199 -0.000 157.000 0.000 1.000 1.000 1.000
5c5d591a49c948a4a812b662b48e87f3 -388.373 38.655 96.488 270.000 -0.000 0.000 1.000 1.000 1.000
5c5d591a49c948a4a812b662b48e87f3 -388.373 38.655 109.288 270.000 -0.000 0.000 1.000 1.000 1.000
bc4b9a034fe04c669285becc489d01a0 -495.314 38.600 18.250 270.000 270.000 0.000 1.000 1.000 1.000
a31640c238084120a4cc7dce956cb7eb -416.501 38.552 93.148 270.000 270.000 0.000 1.000 1.000 1.000
a31640c238084120a4cc7dce956cb7eb -397.275 38.552 93.148 270.000 90.000 0.000 1.000 1.000 1.000
a31640c238084120a4cc7dce956cb7eb -397.275 38.552 69.148 270.000 90.000 0.000 1.000 1.000 1.000
a31640c238084120a4cc7dce956cb7eb -416.501 38.552 69.148 270.000 270.000 0.000 1.000 1.000 1.000
a31640c238084120a4cc7dce956cb7eb -442.888 38.552 42.762 270.000 -0.000 0.000 1.000 1.000 1.000
a31640c238084120a4cc7dce956cb7eb -442.889 38.552 23.535 270.000 180.000 0.000 1.000 1.000 1.000
a31640c238084120a4cc7dce956cb7eb -442.887 38.552 119.535 270.000 180.000 0.000 1.000 1.000 1.000
a31640c238084120a4cc7dce956cb7eb -466.887 38.552 119.536 270.000 180.000 0.000 1.000 1.000 1.000
0e9877cb456a42dcb72272bd24850851 -433.094 38.336 6.934 270.000 90.000 0.000 1.000 1.000 1.000
e0cb5fc3d4ef44e6a01fec03dcdf45da -418.735 38.389 10.278 270.000 90.000 0.000 1.000 1.000 1.000
aa5713bdfae44bacbc36979248e25128 -413.739 42.050 14.524 270.000 -0.000 0.000 1.000 1.000 1.000
aa5713bdfae44bacbc36979248e25128 -391.845 41.967 107.422 270.000 270.000 0.000 1.000 1.000 1.000
b832729132a546a29eaedac06b84a46f -430.888 38.592 129.145 270.000 270.000 0.000 1.000 1.000 1.000
b832729132a546a29eaedac06b84a46f -406.888 38.592 153.145 270.000 -0.000 0.000 1.000 1.000 1.000
b832729132a546a29eaedac06b84a46f -406.888 38.592 177.145 270.000 -0.000 0.000 1.000 1.000 1.000
b832729132a546a29eaedac06b84a46f -406.888 38.592 225.145 270.000 -0.000 0.000 1.000 1.000 1.000
b832729132a546a29eaedac06b84a46f -406.888 38.592 249.145 270.000 -0.000 0.000 1.000 1.000 1.000
bec22e8664b54b06aaee361c062980e3 -406.888 38.592 129.145 270.000 -0.000 0.000 1.000 1.000 1.000
8221c9c6360c4629a7dc1a197fac0196 -406.888 38.592 201.145 270.000 90.000 0.000 1.000 1.000 1.000
b832729132a546a29eaedac06b84a46f -430.888 38.592 201.145 270.000 270.000 0.000 1.000 1.000 1.000
b832729132a546a29eaedac06b84a46f -478.888 38.592 249.145 270.000 180.000 0.000 1.000 1.000 1.000
b832729132a546a29eaedac06b84a46f -478.888 38.592 225.145 270.000 180.000 0.000 1.000 1.000 1.000
8221c9c6360c4629a7dc1a197fac0196 -478.888 38.592 201.145 270.000 270.000 0.000 1.000 1.000 1.000
b832729132a546a29eaedac06b84a46f -478.888 38.592 177.145 270.000 180.000 0.000 1.000 1.000 1.000
b832729132a546a29eaedac06b84a46f -478.888 38.592 153.145 270.000 180.000 0.000 1.000 1.000 1.000
329682e42ea141ea8d033278e88d763c -478.888 38.592 129.145 270.000 90.000 0.000 1.000 1.000 1.000
a5a481145d364690808babe05b8698ae -432.550 38.670 159.243 270.000 180.000 0.000 1.000 1.000 1.000 House_06
21557bbadf9e49aca5600bedeb42528f -456.583 38.669 177.447 270.000 -0.000 0.000 1.000 1.000 1.000 House_09
ab34e1ff0bf440a08eb459f43aac73bf -509.100 38.634 215.742 270.000 180.000 0.000 1.000 1.000 1.000 House_03
ac7f421216f945a19b7c452645be432e -437.594 38.381 247.009 270.000 30.000 0.000 1.000 1.000 1.000
f56352b61a5c4ea8b30192fee88c6a95 -435.455 38.381 236.867 270.000 120.000 0.000 1.000 1.000 1.000
7f3c89b1a27f404abc882cc2b924a244 -449.276 38.381 245.531 270.000 -0.000 0.000 1.000 1.000 1.000
136c7a88f75548e7beda39ce49d6ff49 -452.281 38.381 234.977 270.000 300.000 0.000 1.000 1.000 1.000
2db512fea15a4434bafe0c45a0dd2016 -442.155 38.381 223.019 270.000 -0.000 0.000 1.000 1.000 1.000
191e013d4c264ca9958e06aadcc4c3d6 -459.145 38.381 243.993 270.000 270.000 0.000 1.000 1.000 1.000
fdfdd8af09954fc4b48471b70822ff96 -435.149 38.381 221.445 270.000 105.000 0.000 1.000 1.000 1.000
dc5d53f65f1e43d4aa66e97c245775bc -504.826 38.759 163.065 270.000 180.000 0.000 1.000 1.000 1.000 House_08
019caf7c72a5446eb3dd666e759c1f91 -406.888 38.592 201.145 270.000 90.000 0.000 1.000 1.000 1.000
019caf7c72a5446eb3dd666e759c1f91 -478.888 38.592 201.145 270.000 270.000 0.000 1.000 1.000 1.000
019caf7c72a5446eb3dd666e759c1f91 -406.888 38.592 129.145 270.000 -0.000 0.000 1.000 1.000 1.000
42229938f39b4ccd9f0228c4d0ef972c -397.006 38.952 139.174 270.000 90.000 0.000 1.000 1.000 1.000
42229938f39b4ccd9f0228c4d0ef972c -417.100 38.952 139.174 270.000 -0.000 0.000 1.000 1.000 1.000
42229938f39b4ccd9f0228c4d0ef972c -396.937 38.952 211.195 270.000 90.000 0.000 1.000 1.000 1.000
42229938f39b4ccd9f0228c4d0ef972c -396.955 38.952 191.005 270.000 180.000 0.000 1.000 1.000 1.000
42229938f39b4ccd9f0228c4d0ef972c -417.049 38.952 191.005 270.000 270.000 0.000 1.000 1.000 1.000
42229938f39b4ccd9f0228c4d0ef972c -488.936 38.952 190.985 270.000 270.000 0.000 1.000 1.000 1.000
42229938f39b4ccd9f0228c4d0ef972c -488.918 38.952 211.174 270.000 -0.000 0.000 1.000 1.000 1.000
42229938f39b4ccd9f0228c4d0ef972c -468.823 38.952 211.174 270.000 90.000 0.000 1.000 1.000 1.000
fdfdd8af09954fc4b48471b70822ff96 -448.895 38.381 221.167 270.000 75.000 0.000 1.000 1.000 1.000
191e013d4c264ca9958e06aadcc4c3d6 -423.779 38.381 243.993 270.000 90.000 0.000 1.000 1.000 1.000
191e013d4c264ca9958e06aadcc4c3d6 -441.445 38.381 254.124 270.000 -0.000 0.000 1.000 1.000 1.000
449513fcccb0441abbc8ac47ca0e4440 -435.680 39.568 221.676 270.000 25.000 0.000 1.000 1.000 1.000
52d575ae564f46649523c98875130784 -448.867 39.568 221.163 270.000 58.000 0.000 1.000 1.000 1.000
99c4048f91634e45986add0a89ffc2df -488.638 39.024 163.713 277.245 90.000 189.000 1.000 1.000 1.000
99c4048f91634e45986add0a89ffc2df -488.706 38.987 213.703 274.355 90.000 169.000 1.000 1.000 1.000
99c4048f91634e45986add0a89ffc2df -396.512 38.952 198.549 270.000 103.000 0.000 1.000 1.000 1.000
734aa6d8bb7642618c4b3522de821ee4 -488.888 38.963 153.145 270.000 180.000 0.000 1.000 1.000 1.000
734aa6d8bb7642618c4b3522de821ee4 -488.887 38.963 225.145 270.000 180.000 0.000 1.000 1.000 1.000
734aa6d8bb7642618c4b3522de821ee4 -488.886 38.963 254.027 270.000 180.000 0.000 1.000 1.000 1.000
734aa6d8bb7642618c4b3522de821ee4 -468.887 38.963 177.144 270.000 180.000 0.000 1.000 1.000 1.000
734aa6d8bb7642618c4b3522de821ee4 -396.887 38.963 201.144 270.000 180.000 0.000 1.000 1.000 1.000
734aa6d8bb7642618c4b3522de821ee4 -416.888 38.963 153.144 270.000 180.000 0.000 1.000 1.000 1.000
99c4048f91634e45986add0a89ffc2df -416.746 38.988 155.845 270.000 266.000 0.000 1.000 1.000 1.000
99c4048f91634e45986add0a89ffc2df -469.479 39.010 170.116 277.210 270.000 166.000 1.000 1.000 1.000
cf45d6da9d6a4e129da721948b0b3a8a -499.309 41.696 213.835 -0.000 0.000 90.000 1.000 1.000 1.000
8548fc360c554b399e98cde4d40eca5d -499.011 40.078 165.270 270.000 270.000 0.000 1.000 1.000 1.000
8548fc360c554b399e98cde4d40eca5d -458.623 40.256 167.703 270.000 270.000 0.000 1.000 1.000 1.000
cf45d6da9d6a4e129da721948b0b3a8a -426.911 41.463 167.024 -0.000 270.000 90.000 1.000 1.000 1.000
40921a1a3cd742f69cc25cc25b856572 -389.777 38.381 178.126 270.000 -0.000 0.000 1.000 1.000 1.000
40921a1a3cd742f69cc25cc25b856572 -385.578 38.381 178.126 270.000 -0.000 0.000 1.000 1.000 1.000
40921a1a3cd742f69cc25cc25b856572 -385.578 38.381 224.844 270.000 -0.000 0.000 1.000 1.000 1.000
40921a1a3cd742f69cc25cc25b856572 -389.777 38.381 224.844 270.000 -0.000 0.000 1.000 1.000 1.000
af7b3564a4194483b243b1951ad9d422 -391.272 38.381 175.978 270.000 270.000 0.000 1.000 1.000 1.000
af7b3564a4194483b243b1951ad9d422 -391.272 38.381 171.910 270.000 270.000 0.000 1.000 1.000 1.000
af7b3564a4194483b243b1951ad9d422 -391.272 38.381 163.754 270.000 270.000 0.000 1.000 1.000 1.000
af7b3564a4194483b243b1951ad9d422 -391.272 38.381 167.821 270.000 270.000 0.000 1.000 1.000 1.000
af7b3564a4194483b243b1951ad9d422 -391.272 38.381 147.444 270.000 270.000 0.000 1.000 1.000 1.000
af7b3564a4194483b243b1951ad9d422 -391.272 38.381 151.511 270.000 270.000 0.000 1.000 1.000 1.000
af7b3564a4194483b243b1951ad9d422 -391.272 38.381 155.600 270.000 270.000 0.000 1.000 1.000 1.000
af7b3564a4194483b243b1951ad9d422 -391.272 38.381 159.667 270.000 270.000 0.000 1.000 1.000 1.000
af7b3564a4194483b243b1951ad9d422 -385.147 38.381 145.329 270.000 180.000 0.000 1.000 1.000 1.000
af7b3564a4194483b243b1951ad9d422 -389.214 38.381 145.329 270.000 180.000 0.000 1.000 1.000 1.000
40921a1a3cd742f69cc25cc25b856572 -444.068 38.381 173.504 270.000 270.000 0.000 1.000 1.000 1.000
40921a1a3cd742f69cc25cc25b856572 -444.068 38.381 177.688 270.000 270.000 0.000 1.000 1.000 1.000
40921a1a3cd742f69cc25cc25b856572 -444.068 38.381 169.336 270.000 270.000 0.000 1.000 1.000 1.000
40921a1a3cd742f69cc25cc25b856572 -444.068 38.381 165.153 270.000 270.000 0.000 1.000 1.000 1.000
40921a1a3cd742f69cc25cc25b856572 -444.068 38.381 186.066 270.000 270.000 0.000 1.000 1.000 1.000
40921a1a3cd742f69cc25cc25b856572 -444.068 38.381 181.883 270.000 270.000 0.000 1.000 1.000 1.000
40921a1a3cd742f69cc25cc25b856572 -444.068 38.381 161.002 270.000 270.000 0.000 1.000 1.000 1.000
40921a1a3cd742f69cc25cc25b856572 -444.068 38.381 156.819 270.000 270.000 0.000 1.000 1.000 1.000
40921a1a3cd742f69cc25cc25b856572 -444.068 38.381 152.637 270.000 270.000 0.000 1.000 1.000 1.000
40921a1a3cd742f69cc25cc25b856572 -444.068 38.381 148.454 270.000 270.000 0.000 1.000 1.000 1.000
40921a1a3cd742f69cc25cc25b856572 -444.068 38.381 144.284 270.000 270.000 0.000 1.000 1.000 1.000
40921a1a3cd742f69cc25cc25b856572 -511.515 38.381 192.366 270.000 -0.000 0.000 1.000 1.000 1.000
40921a1a3cd742f69cc25cc25b856572 -507.346 38.381 192.366 270.000 -0.000 0.000 1.000 1.000 1.000
40921a1a3cd742f69cc25cc25b856572 -503.163 38.381 192.366 270.000 -0.000 0.000 1.000 1.000 1.000
40921a1a3cd742f69cc25cc25b856572 -498.968 38.381 192.366 270.000 -0.000 0.000 1.000 1.000 1.000
40921a1a3cd742f69cc25cc25b856572 -494.785 38.381 192.366 270.000 -0.000 0.000 1.000 1.000 1.000
40921a1a3cd742f69cc25cc25b856572 -511.515 38.381 237.521 270.000 -0.000 0.000 1.000 1.000 1.000
40921a1a3cd742f69cc25cc25b856572 -507.346 38.381 237.521 270.000 -0.000 0.000 1.000 1.000 1.000
40921a1a3cd742f69cc25cc25b856572 -503.163 38.381 237.521 270.000 -0.000 0.000 1.000 1.000 1.000
40921a1a3cd742f69cc25cc25b856572 -498.968 38.381 237.521 270.000 -0.000 0.000 1.000 1.000 1.000
40921a1a3cd742f69cc25cc25b856572 -494.785 38.381 237.521 270.000 -0.000 0.000 1.000 1.000 1.000
abf653b7838a4b47aa83c5119ed5a0e7 -463.299 38.381 214.697 270.000 -0.000 0.000 1.000 1.000 1.000
abf653b7838a4b47aa83c5119ed5a0e7 -459.454 38.381 214.697 270.000 -0.000 0.000 1.000 1.000 1.000
abf653b7838a4b47aa83c5119ed5a0e7 -455.460 38.381 214.697 270.000 180.000 0.000 1.000 1.000 1.000
abf653b7838a4b47aa83c5119ed5a0e7 -451.643 38.381 214.697 270.000 -0.000 0.000 1.000 1.000 1.000
abf653b7838a4b47aa83c5119ed5a0e7 -447.868 38.381 214.697 270.000 180.000 0.000 1.000 1.000 1.000
abf653b7838a4b47aa83c5119ed5a0e7 -422.166 38.381 214.697 270.000 180.000 0.000 1.000 1.000 1.000
abf653b7838a4b47aa83c5119ed5a0e7 -425.941 38.381 214.697 270.000 -0.000 0.000 1.000 1.000 1.000
abf653b7838a4b47aa83c5119ed5a0e7 -429.758 38.381 214.697 270.000 180.000 0.000 1.000 1.000 1.000
abf653b7838a4b47aa83c5119ed5a0e7 -433.752 38.381 214.697 270.000 -0.000 0.000 1.000 1.000 1.000
abf653b7838a4b47aa83c5119ed5a0e7 -437.597 38.381 214.697 270.000 -0.000 0.000 1.000 1.000 1.000
abf653b7838a4b47aa83c5119ed5a0e7 -465.015 38.381 232.163 270.000 90.000 0.000 1.000 1.000 1.000
abf653b7838a4b47aa83c5119ed5a0e7 -465.015 38.381 228.388 270.000 270.000 0.000 1.000 1.000 1.000
abf653b7838a4b47aa83c5119ed5a0e7 -465.015 38.381 224.571 270.000 90.000 0.000 1.000 1.000 1.000
abf653b7838a4b47aa83c5119ed5a0e7 -465.015 38.381 220.577 270.000 270.000 0.000 1.000 1.000 1.000
abf653b7838a4b47aa83c5119ed5a0e7 -465.015 38.381 216.732 270.000 270.000 0.000 1.000 1.000 1.000
abf653b7838a4b47aa83c5119ed5a0e7 -465.015 38.381 254.388 270.000 270.000 0.000 1.000 1.000 1.000
abf653b7838a4b47aa83c5119ed5a0e7 -465.015 38.381 250.571 270.000 90.000 0.000 1.000 1.000 1.000
abf653b7838a4b47aa83c5119ed5a0e7 -465.015 38.381 246.577 270.000 270.000 0.000 1.000 1.000 1.000
abf653b7838a4b47aa83c5119ed5a0e7 -465.015 38.381 242.732 270.000 270.000 0.000 1.000 1.000 1.000
abf653b7838a4b47aa83c5119ed5a0e7 -420.279 38.381 219.961 270.000 90.000 0.000 1.000 1.000 1.000
abf653b7838a4b47aa83c5119ed5a0e7 -420.279 38.381 223.777 270.000 270.000 0.000 1.000 1.000 1.000
abf653b7838a4b47aa83c5119ed5a0e7 -420.279 38.381 227.772 270.000 90.000 0.000 1.000 1.000 1.000
abf653b7838a4b47aa83c5119ed5a0e7 -420.279 38.381 231.616 270.000 90.000 0.000 1.000 1.000 1.000
abf653b7838a4b47aa83c5119ed5a0e7 -420.279 38.381 242.185 270.000 270.000 0.000 1.000 1.000 1.000
abf653b7838a4b47aa83c5119ed5a0e7 -420.279 38.381 245.961 270.000 90.000 0.000 1.000 1.000 1.000
abf653b7838a4b47aa83c5119ed5a0e7 -420.279 38.381 249.777 270.000 270.000 0.000 1.000 1.000 1.000
abf653b7838a4b47aa83c5119ed5a0e7 -420.279 38.381 253.772 270.000 90.000 0.000 1.000 1.000 1.000
abf653b7838a4b47aa83c5119ed5a0e7 -420.279 38.381 216.185 270.000 270.000 0.000 1.000 1.000 1.000
1011ef5d23db4535bdfacff31b3f7bd4 -443.893 38.952 191.155 270.000 180.000 0.000 1.000 1.000 1.000
791c01cf53c74d6fb88811d695100760 -443.893 38.952 191.155 270.000 180.000 0.000 1.000 1.000 1.000
a94b6d3b1d164f21a173548e3cb8a566 -503.146 38.759 158.671 270.000 -0.000 0.000 1.000 1.000 1.000 Bed_0
0e8c0a20e8e947018e8e5859f0a4064f -500.665 38.759 159.708 270.000 -0.000 0.000 1.000 1.000 1.000
0e8c0a20e8e947018e8e5859f0a4064f -505.580 38.759 159.708 270.000 -0.000 0.000 1.000 1.000 1.000
6b1dc75a2d88411bbc3af6843e71db02 -510.326 41.407 164.002 270.000 270.000 0.000 1.000 1.000 1.000
f463c0c6285544ac86845d98a07d73a9 -509.948 38.759 171.014 270.000 270.000 0.000 1.000 1.000 1.000
f463c0c6285544ac86845d98a07d73a9 -435.556 38.670 150.898 270.000 -0.000 0.000 1.000 1.000 1.000
050dbe869b1c4fd5b215c552d145effd -501.044 38.759 161.574 270.000 180.000 0.000 1.000 1.000 1.000
050dbe869b1c4fd5b215c552d145effd -503.941 38.759 161.574 270.000 180.000 0.000 1.000 1.000 1.000
0aeeefaf364f46f9906aff76c40c6d2b -502.486 38.759 161.574 270.000 180.000 0.000 1.000 1.000 1.000
91dbbf923c8c401bb6b2d56084783f73 -505.366 38.759 161.610 270.000 180.000 0.000 1.000 1.000 1.000
87806c2130bc4bd8b4f3276edf2222a6 -503.389 38.759 166.188 270.000 90.000 0.000 1.000 1.000 1.000
9215cb84c2a942d084fa1dffa0031949 -504.688 38.759 166.217 270.000 270.000 0.000 1.000 1.000 1.000
9215cb84c2a942d084fa1dffa0031949 -502.181 38.759 166.217 270.000 90.000 0.000 1.000 1.000 1.000
8242af6ef10e42ce9a2a31df1e0c2767 -509.972 38.759 155.069 270.000 270.000 0.000 1.000 1.000 1.000 Wardrobe_1
9215cb84c2a942d084fa1dffa0031949 -384.657 38.652 248.418 270.000 270.000 0.000 1.000 1.000 1.000
a94b6d3b1d164f21a173548e3cb8a566 -507.022 38.634 211.911 270.000 90.000 0.000 1.000 1.000 1.000 Bed_0
f463c0c6285544ac86845d98a07d73a9 -506.866 38.634 216.293 270.000 180.000 0.000 1.000 1.000 1.000
050dbe869b1c4fd5b215c552d145effd -500.109 38.634 213.335 270.000 90.000 0.000 1.000 1.000 1.000
050dbe869b1c4fd5b215c552d145effd -500.109 38.634 216.290 270.000 90.000 0.000 1.000 1.000 1.000
0aeeefaf364f46f9906aff76c40c6d2b -500.109 38.634 214.815 270.000 90.000 0.000 1.000 1.000 1.000
91dbbf923c8c401bb6b2d56084783f73 -500.144 38.634 219.748 270.000 90.000 0.000 1.000 1.000 1.000
a305bcc1cdaa486fb91d05201e7d3e6f -500.385 38.634 217.772 270.000 90.000 0.000 1.000 1.000 1.000
2e060a3768094817887d5f2c8d884d61 -504.973 38.634 221.838 270.000 330.000 0.000 1.000 1.000 1.000
9215cb84c2a942d084fa1dffa0031949 -503.660 38.634 221.748 270.000 98.000 0.000 1.000 1.000 1.000
9215cb84c2a942d084fa1dffa0031949 -504.930 38.634 220.421 270.000 179.000 0.000 1.000 1.000 1.000
9215cb84c2a942d084fa1dffa0031949 -506.353 38.634 221.737 270.000 280.000 0.000 1.000 1.000 1.000
a94b6d3b1d164f21a173548e3cb8a566 -453.610 38.669 182.898 270.000 -0.000 0.000 1.000 1.000 1.000 Bed_1
0e8c0a20e8e947018e8e5859f0a4064f -451.220 38.669 183.939 270.000 -0.000 0.000 1.000 1.000 1.000
0e8c0a20e8e947018e8e5859f0a4064f -456.023 38.669 183.939 270.000 -0.000 0.000 1.000 1.000 1.000
050dbe869b1c4fd5b215c552d145effd -454.447 38.669 164.479 270.000 180.000 0.000 1.000 1.000 1.000
050dbe869b1c4fd5b215c552d145effd -457.400 38.669 164.479 270.000 180.000 0.000 1.000 1.000 1.000
0aeeefaf364f46f9906aff76c40c6d2b -455.912 38.669 164.479 270.000 180.000 0.000 1.000 1.000 1.000
91dbbf923c8c401bb6b2d56084783f73 -451.335 38.669 164.431 270.000 180.000 0.000 1.000 1.000 1.000
a305bcc1cdaa486fb91d05201e7d3e6f -452.884 38.669 164.685 270.000 180.000 0.000 1.000 1.000 1.000
87806c2130bc4bd8b4f3276edf2222a6 -459.747 38.669 176.384 270.000 -0.000 0.000 1.000 1.000 1.000
9215cb84c2a942d084fa1dffa0031949 -459.720 38.669 175.183 270.000 183.001 0.000 1.000 1.000 1.000
9215cb84c2a942d084fa1dffa0031949 -459.810 38.669 177.710 270.000 354.000 0.000 1.000 1.000 1.000
b06ca473809a47a1bb47e72bedd0e421 -463.533 38.669 180.527 270.000 -0.000 0.000 1.000 1.000 1.000
8242af6ef10e42ce9a2a31df1e0c2767 -457.949 38.669 176.790 270.000 270.000 0.000 1.000 1.000 1.000 Wardrobe_1
8388edfa33b84f78ad7f5d277412433b -439.694 38.670 158.649 270.000 270.000 0.000 1.000 1.000 1.000 Wardrobe_1
a94b6d3b1d164f21a173548e3cb8a566 -435.458 38.670 153.696 270.000 180.000 0.000 1.000 1.000 1.000 Bed_0
0e8c0a20e8e947018e8e5859f0a4064f -437.823 38.670 152.636 270.000 -0.000 0.000 1.000 1.000 1.000
0e8c0a20e8e947018e8e5859f0a4064f -433.093 38.670 152.636 270.000 -0.000 0.000 1.000 1.000 1.000
29ea162548484889be12ecd51bf6294c -437.730 39.857 152.629 270.000 105.000 0.000 1.000 1.000 1.000
29ea162548484889be12ecd51bf6294c -433.187 39.857 152.654 270.000 75.000 0.000 1.000 1.000 1.000
2e060a3768094817887d5f2c8d884d61 -432.379 38.670 159.422 270.000 330.000 0.000 1.000 1.000 1.000
9215cb84c2a942d084fa1dffa0031949 -432.154 38.670 158.123 270.000 164.000 0.000 1.000 1.000 1.000
9215cb84c2a942d084fa1dffa0031949 -433.788 38.670 159.736 270.000 279.000 0.000 1.000 1.000 1.000
6ca718d67ffc40f78f0a1ba4bbc1c403 -432.080 39.902 159.786 -0.000 0.000 0.000 1.000 1.000 1.000
d412f1a6b4c9404a88de772651615e4b -426.205 38.670 152.933 270.000 105.000 0.000 1.000 1.000 1.000
d412f1a6b4c9404a88de772651615e4b -426.205 38.670 156.750 270.000 75.000 0.000 1.000 1.000 1.000
b489a8a63fca4d179fd315cbae8b6ed7 -430.196 40.983 154.917 270.000 270.000 0.000 1.000 1.000 1.000
050dbe869b1c4fd5b215c552d145effd -425.594 38.670 164.526 270.000 90.000 0.000 1.000 1.000 1.000
050dbe869b1c4fd5b215c552d145effd -425.594 38.670 161.594 270.000 90.000 0.000 1.000 1.000 1.000
0aeeefaf364f46f9906aff76c40c6d2b -425.594 38.670 163.054 270.000 90.000 0.000 1.000 1.000 1.000
086b683233c245968b38d98c2c9e10f1 -426.919 38.670 165.943 270.000 -0.000 0.000 1.000 1.000 1.000
050dbe869b1c4fd5b215c552d145effd -425.594 38.670 165.994 270.000 90.000 0.000 1.000 1.000 1.000
2d1daa0412b94503aa57a5b422187d48 -425.699 40.020 165.748 270.000 24.000 0.000 1.000 1.000 1.000
a305bcc1cdaa486fb91d05201e7d3e6f -428.558 38.670 165.943 270.000 -0.000 0.000 1.000 1.000 1.000
68339521990c4d70903dfd68da2cd886 -439.297 38.670 163.236 270.000 270.000 0.000 1.000 1.000 1.000
90da84de3f214d129de92b6ee8df60af -439.297 38.670 165.236 270.000 270.000 0.000 1.000 1.000 1.000
ae22774b549f44d29926a956ac6c0a4d -452.913 38.669 175.552 270.000 270.000 0.000 1.000 1.000 1.000
b489a8a63fca4d179fd315cbae8b6ed7 -449.179 40.850 175.552 270.000 90.000 0.000 1.000 1.000 1.000
98e78ae063ac4fb3bc382a03e437260d -450.980 39.857 183.982 270.000 63.000 0.000 1.000 1.000 1.000
449513fcccb0441abbc8ac47ca0e4440 -459.811 39.857 176.442 270.000 -0.000 0.000 1.000 1.000 1.000
050dbe869b1c4fd5b215c552d145effd -500.048 38.729 247.771 270.000 180.000 0.000 1.000 1.000 1.000
050dbe869b1c4fd5b215c552d145effd -501.498 38.729 247.771 270.000 180.000 0.000 1.000 1.000 1.000
050dbe869b1c4fd5b215c552d145effd -504.407 38.729 247.771 270.000 180.000 0.000 1.000 1.000 1.000
0aeeefaf364f46f9906aff76c40c6d2b -502.956 38.729 247.771 270.000 180.000 0.000 1.000 1.000 1.000
050dbe869b1c4fd5b215c552d145effd -505.879 38.729 247.771 270.000 180.000 0.000 1.000 1.000 1.000
a305bcc1cdaa486fb91d05201e7d3e6f -499.962 38.729 252.809 270.000 90.000 0.000 1.000 1.000 1.000
56e56fe3b9f24351aa37af59b4869584 -499.688 38.729 251.269 270.000 90.000 0.000 1.000 1.000 1.000
086b683233c245968b38d98c2c9e10f1 -499.962 38.729 254.518 270.000 90.000 0.000 1.000 1.000 1.000
584641f35e8540ec85ed88f3aca40622 -505.952 38.729 254.815 270.000 -0.000 0.000 1.000 1.000 1.000
90da84de3f214d129de92b6ee8df60af -385.261 43.402 240.840 270.000 90.000 0.000 1.000 1.000 1.000
68339521990c4d70903dfd68da2cd886 -385.261 43.402 242.840 270.000 90.000 0.000 1.000 1.000 1.000
a31640c238084120a4cc7dce956cb7eb -442.887 38.552 138.762 270.000 -0.000 0.000 1.000 1.000 1.000
a31640c238084120a4cc7dce956cb7eb -442.886 38.552 210.762 270.000 -0.000 0.000 1.000 1.000 1.000
a31640c238084120a4cc7dce956cb7eb -416.500 38.552 165.148 270.000 270.000 0.000 1.000 1.000 1.000
a31640c238084120a4cc7dce956cb7eb -397.274 38.552 165.148 270.000 90.000 0.000 1.000 1.000 1.000
a31640c238084120a4cc7dce956cb7eb -416.499 38.552 237.148 270.000 270.000 0.000 1.000 1.000 1.000
a31640c238084120a4cc7dce956cb7eb -397.273 38.552 237.148 270.000 90.000 0.000 1.000 1.000 1.000
a31640c238084120a4cc7dce956cb7eb -488.499 38.552 237.149 270.000 270.000 0.000 1.000 1.000 1.000
a31640c238084120a4cc7dce956cb7eb -469.273 38.552 237.149 270.000 90.000 0.000 1.000 1.000 1.000
a31640c238084120a4cc7dce956cb7eb -488.500 38.552 165.149 270.000 270.000 0.000 1.000 1.000 1.000
a31640c238084120a4cc7dce956cb7eb -469.274 38.552 165.149 270.000 90.000 0.000 1.000 1.000 1.000
a31640c238084120a4cc7dce956cb7eb -488.500 38.552 141.149 270.000 270.000 0.000 1.000 1.000 1.000
a31640c238084120a4cc7dce956cb7eb -468.542 38.952 139.735 270.000 45.001 0.000 1.000 1.000 1.000
aa5713bdfae44bacbc36979248e25128 -455.419 41.920 185.260 270.000 -0.000 0.000 1.000 1.000 1.000
aa5713bdfae44bacbc36979248e25128 -504.981 42.000 151.271 270.000 -0.000 0.000 1.000 1.000 1.000
7a7212d2746742fa8141682e965f84cc -424.915 42.025 154.857 -0.000 90.000 270.000 1.000 1.000 1.000
7a7212d2746742fa8141682e965f84cc -424.915 42.025 163.618 -0.000 90.000 270.000 1.000 1.000 1.000
7a7212d2746742fa8141682e965f84cc -499.171 42.111 163.998 -0.000 90.000 270.000 1.000 1.000 1.000
7a7212d2746742fa8141682e965f84cc -499.171 42.111 157.707 -0.000 90.000 270.000 1.000 1.000 1.000
7a7212d2746742fa8141682e965f84cc -498.936 42.110 250.950 -0.000 90.000 270.000 1.000 1.000 1.000
7a7212d2746742fa8141682e965f84cc -384.927 41.982 252.441 -0.000 0.000 270.000 1.000 1.000 1.000
aa5713bdfae44bacbc36979248e25128 -388.904 41.883 246.495 270.000 270.000 0.000 1.000 1.000 1.000
7a7212d2746742fa8141682e965f84cc -464.133 42.053 177.567 -0.000 90.000 270.000 1.000 1.000 1.000
b832729132a546a29eaedac06b84a46f -454.888 38.592 129.145 270.000 270.000 0.000 1.000 1.000 1.000
b832729132a546a29eaedac06b84a46f -454.888 38.592 201.145 270.000 270.000 0.000 1.000 1.000 1.000
329682e42ea141ea8d033278e88d763c -478.888 38.592 273.145 270.000 180.000 0.000 1.000 1.000 1.000
b832729132a546a29eaedac06b84a46f -430.888 38.592 273.145 270.000 270.000 0.000 1.000 1.000 1.000
8221c9c6360c4629a7dc1a197fac0196 -406.888 38.592 273.145 270.000 -0.000 0.000 1.000 1.000 1.000
b032d4d1a1094da5b2ab6374cd7f06c2 -445.635 38.678 298.424 270.000 -0.000 0.000 1.000 1.000 1.000 House_05
019caf7c72a5446eb3dd666e759c1f91 -406.888 38.592 273.145 270.000 -0.000 0.000 1.000 1.000 1.000
42229938f39b4ccd9f0228c4d0ef972c -396.989 38.952 283.141 270.000 90.000 0.000 1.000 1.000 1.000
42229938f39b4ccd9f0228c4d0ef972c -417.083 38.952 283.141 270.000 -0.000 0.000 1.000 1.000 1.000
42229938f39b4ccd9f0228c4d0ef972c -417.101 38.952 262.951 270.000 270.000 0.000 1.000 1.000 1.000
99c4048f91634e45986add0a89ffc2df -440.006 39.001 283.292 275.208 180.000 166.000 1.000 1.000 1.000
734aa6d8bb7642618c4b3522de821ee4 -454.886 38.963 283.144 270.000 180.000 0.000 1.000 1.000 1.000
8548fc360c554b399e98cde4d40eca5d -450.919 40.402 290.704 15.000 90.000 270.000 1.000 1.000 1.000
cf45d6da9d6a4e129da721948b0b3a8a -498.921 40.327 260.817 270.000 270.000 0.000 1.000 1.000 1.000
1e95865e2a3d40fb935df83ddbf06458 -506.684 38.729 256.773 270.000 270.000 0.000 1.000 1.000 1.000 House_01
99c4048f91634e45986add0a89ffc2df -488.726 39.006 256.779 273.536 90.000 182.000 1.000 1.000 1.000
abf653b7838a4b47aa83c5119ed5a0e7 -465.015 38.381 258.163 270.000 90.000 0.000 1.000 1.000 1.000
abf653b7838a4b47aa83c5119ed5a0e7 -420.279 38.381 257.616 270.000 90.000 0.000 1.000 1.000 1.000
abf653b7838a4b47aa83c5119ed5a0e7 -421.995 38.381 259.651 270.000 180.000 0.000 1.000 1.000 1.000
abf653b7838a4b47aa83c5119ed5a0e7 -425.840 38.381 259.651 270.000 180.000 0.000 1.000 1.000 1.000
abf653b7838a4b47aa83c5119ed5a0e7 -429.834 38.381 259.651 270.000 -0.000 0.000 1.000 1.000 1.000
abf653b7838a4b47aa83c5119ed5a0e7 -433.651 38.381 259.651 270.000 180.000 0.000 1.000 1.000 1.000
abf653b7838a4b47aa83c5119ed5a0e7 -437.426 38.381 259.651 270.000 -0.000 0.000 1.000 1.000 1.000
abf653b7838a4b47aa83c5119ed5a0e7 -447.697 38.381 259.651 270.000 180.000 0.000 1.000 1.000 1.000
abf653b7838a4b47aa83c5119ed5a0e7 -451.542 38.381 259.651 270.000 180.000 0.000 1.000 1.000 1.000
abf653b7838a4b47aa83c5119ed5a0e7 -455.536 38.381 259.651 270.000 -0.000 0.000 1.000 1.000 1.000
abf653b7838a4b47aa83c5119ed5a0e7 -459.353 38.381 259.651 270.000 180.000 0.000 1.000 1.000 1.000
abf653b7838a4b47aa83c5119ed5a0e7 -463.128 38.381 259.651 270.000 -0.000 0.000 1.000 1.000 1.000
e7572f0283b8411fbbc55ee6cae3bb97 -510.772 38.729 265.136 270.000 270.000 0.000 1.000 1.000 1.000 Bed_1
f463c0c6285544ac86845d98a07d73a9 -510.547 38.729 256.112 270.000 180.000 0.000 1.000 1.000 1.000
8388edfa33b84f78ad7f5d277412433b -502.626 38.729 265.922 270.000 -0.000 0.000 1.000 1.000 1.000 Wardrobe_0
68339521990c4d70903dfd68da2cd886 -505.993 38.729 263.656 270.000 270.000 0.000 1.000 1.000 1.000
90da84de3f214d129de92b6ee8df60af -505.993 38.729 261.656 270.000 270.000 0.000 1.000 1.000 1.000
87806c2130bc4bd8b4f3276edf2222a6 -500.210 38.729 259.448 270.000 -0.000 0.000 1.000 1.000 1.000
9215cb84c2a942d084fa1dffa0031949 -500.253 38.729 258.251 270.000 191.001 0.000 1.000 1.000 1.000
9215cb84c2a942d084fa1dffa0031949 -500.387 38.729 260.767 270.000 353.000 0.000 1.000 1.000 1.000
52d575ae564f46649523c98875130784 -500.184 39.917 259.901 270.000 347.000 0.000 1.000 1.000 1.000
a94b6d3b1d164f21a173548e3cb8a566 -452.333 38.678 303.972 270.000 -0.000 0.000 1.000 1.000 1.000 Bed_1
0e8c0a20e8e947018e8e5859f0a4064f -449.941 38.669 305.033 270.000 -0.000 0.000 1.000 1.000 1.000
0e8c0a20e8e947018e8e5859f0a4064f -454.726 38.669 305.033 270.000 -0.000 0.000 1.000 1.000 1.000
29ea162548484889be12ecd51bf6294c -449.995 39.857 305.052 270.000 285.000 0.000 1.000 1.000 1.000
29ea162548484889be12ecd51bf6294c -454.715 39.857 305.032 270.000 255.000 0.000 1.000 1.000 1.000
8388edfa33b84f78ad7f5d277412433b -440.988 38.678 298.780 270.000 180.000 0.000 1.000 1.000 1.000 Wardrobe_0
90da84de3f214d129de92b6ee8df60af -443.520 38.678 299.140 270.000 180.000 0.000 1.000 1.000 1.000
68339521990c4d70903dfd68da2cd886 -445.520 38.678 299.140 270.000 180.000 0.000 1.000 1.000 1.000
050dbe869b1c4fd5b215c552d145effd -444.589 38.678 305.445 270.000 -0.000 0.000 1.000 1.000 1.000
050dbe869b1c4fd5b215c552d145effd -441.640 38.678 305.445 270.000 -0.000 0.000 1.000 1.000 1.000
0aeeefaf364f46f9906aff76c40c6d2b -443.107 38.678 305.445 270.000 -0.000 0.000 1.000 1.000 1.000
91dbbf923c8c401bb6b2d56084783f73 -446.041 38.678 305.432 270.000 -0.000 0.000 1.000 1.000 1.000
a305bcc1cdaa486fb91d05201e7d3e6f -440.098 38.678 305.211 270.000 -0.000 0.000 1.000 1.000 1.000
2e060a3768094817887d5f2c8d884d61 -435.841 38.678 292.952 270.000 330.000 0.000 1.000 1.000 1.000
9215cb84c2a942d084fa1dffa0031949 -435.632 38.678 294.356 270.000 9.000 0.000 1.000 1.000 1.000
9215cb84c2a942d084fa1dffa0031949 -437.306 38.678 292.736 270.028 258.000 0.000 1.000 1.000 1.000
52d575ae564f46649523c98875130784 -436.003 39.866 293.111 270.000 128.000 0.000 1.000 1.000 1.000
87806c2130bc4bd8b4f3276edf2222a6 -441.534 38.678 297.002 270.000 270.000 0.000 1.000 1.000 1.000
9215cb84c2a942d084fa1dffa0031949 -441.490 38.678 296.076 270.000 180.000 0.000 1.000 1.000 1.000
8712392ad0304c38b90061d908cbb293 -441.495 39.866 296.952 270.000 -0.000 0.000 1.000 1.000 1.000
f821ad54240043be8a6b3280a142bee4 -440.418 38.678 296.916 270.000 -0.000 0.000 1.000 1.000 1.000
b489a8a63fca4d179fd315cbae8b6ed7 -449.714 40.840 297.924 270.000 -0.000 0.000 1.000 1.000 1.000
ae22774b549f44d29926a956ac6c0a4d -449.714 38.581 291.776 270.000 180.000 0.000 1.000 1.000 1.000
0e8c0a20e8e947018e8e5859f0a4064f -456.013 38.678 291.920 270.000 -0.000 0.000 1.000 1.000 1.000
ce6db4c70aee4e59afa82271d2aca431 -455.924 39.866 291.892 270.000 121.000 0.000 1.000 1.000 1.000
a31640c238084120a4cc7dce956cb7eb -442.885 38.552 282.762 270.000 -0.000 0.000 1.000 1.000 1.000
a31640c238084120a4cc7dce956cb7eb -442.885 38.552 263.535 270.000 180.000 0.000 1.000 1.000 1.000
a31640c238084120a4cc7dce956cb7eb -468.410 38.952 262.761 270.000 135.001 0.000 1.000 1.000 1.000
a31640c238084120a4cc7dce956cb7eb -488.498 38.552 261.149 270.000 270.000 0.000 1.000 1.000 1.000
a31640c238084120a4cc7dce956cb7eb -466.885 38.552 282.762 270.000 -0.000 0.000 1.000 1.000 1.000
aa5713bdfae44bacbc36979248e25128 -433.949 41.914 292.978 270.000 270.000 0.000 1.000 1.000 1.000
7a7212d2746742fa8141682e965f84cc -498.936 42.110 259.230 -0.000 90.000 270.000 1.000 1.000 1.000
7a7212d2746742fa8141682e965f84cc -454.399 42.059 290.692 -0.000 0.000 270.000 1.000 1.000 1.000
7a7212d2746742fa8141682e965f84cc -449.747 42.036 290.692 -0.000 0.000 270.000 1.000 1.000 1.000
7a7212d2746742fa8141682e965f84cc -441.519 42.059 290.692 -0.000 0.000 270.000 1.000 1.000 1.000
7a7212d2746742fa8141682e965f84cc -436.867 42.036 290.692 -0.000 0.000 270.000 1.000 1.000 1.000
b832729132a546a29eaedac06b84a46f -454.888 38.592 273.145 270.000 270.000 0.000 1.000 1.000 1.000
ff5cbfca73df49928a5a87d18b943ba7 -509.338 38.385 518.183 270.000 165.000 0.000 1.000 1.000 1.000
73fa45a827954cf0a765cd1ab24a29e7 -404.917 38.013 726.365 270.000 120.000 0.000 1.000 1.000 1.000
815c57fb27484f57988c24e4161a0340 -395.933 38.134 834.191 270.000 226.000 0.000 1.000 1.000 1.000
42f6f645c4704fd9a67079f1d8bfe28e -387.094 42.134 832.389 270.000 45.000 0.000 1.000 1.000 1.000
aa5713bdfae44bacbc36979248e25128 -388.710 45.428 827.544 270.000 315.000 0.000 1.000 1.000 1.000
73fa45a827954cf0a765cd1ab24a29e7 -502.905 38.192 913.886 270.000 225.000 0.000 1.000 1.000 1.000
70a6d5cb04454b8fb0c48d8d1221b7ba -294.095 38.381 -800.393 270.000 300.000 0.000 1.000 1.000 1.000
70a6d5cb04454b8fb0c48d8d1221b7ba -307.453 38.381 -821.267 270.000 300.000 0.000 1.000 1.000 1.000
70a6d5cb04454b8fb0c48d8d1221b7ba -286.571 38.381 -833.323 270.000 300.000 0.000 1.000 1.000 1.000
70a6d5cb04454b8fb0c48d8d1221b7ba -273.399 38.381 -812.342 270.000 300.000 0.000 1.000 1.000 1.000
70a6d5cb04454b8fb0c48d8d1221b7ba -265.749 38.381 -845.231 270.000 300.000 0.000 1.000 1.000 1.000
3e0c35eab929407baa0dec3ca2b646a1 -258.970 38.381 -861.126 270.000 210.000 0.000 1.000 1.000 1.000
3e0c35eab929407baa0dec3ca2b646a1 -321.324 38.381 -825.126 270.000 210.000 0.000 1.000 1.000 1.000
3e0c35eab929407baa0dec3ca2b646a1 -290.147 38.381 -843.126 270.000 210.000 0.000 1.000 1.000 1.000
70a6d5cb04454b8fb0c48d8d1221b7ba -267.034 38.381 -762.832 270.000 301.000 0.000 1.000 1.000 1.000
70a6d5cb04454b8fb0c48d8d1221b7ba -283.434 38.447 -738.994 355.000 121.000 90.000 1.000 1.000 1.000
3e0c35eab929407baa0dec3ca2b646a1 -262.703 38.381 -723.593 270.000 30.000 0.000 1.000 1.000 1.000
3ae249c445724a41b7a2621e1864bdc1 -296.479 38.302 -653.408 270.000 165.000 0.000 1.000 1.000 1.000
3ae249c445724a41b7a2621e1864bdc1 -292.636 38.302 -652.378 270.000 165.000 0.000 1.000 1.000 1.000
a31640c238084120a4cc7dce956cb7eb -308.402 38.302 -670.751 270.000 165.000 0.000 1.000 1.000 1.000
4a874717e96245638786ae053fca74e5 -311.158 38.367 -660.447 270.000 165.000 0.000 1.000 1.000 1.000
4a874717e96245638786ae053fca74e5 -295.703 38.367 -656.306 270.000 165.000 0.000 1.000 1.000 1.000
3ae249c445724a41b7a2621e1864bdc1 -300.282 38.302 -654.427 270.000 165.000 0.000 1.000 1.000 1.000
3ae249c445724a41b7a2621e1864bdc1 -304.200 38.302 -655.477 270.000 165.000 0.000 1.000 1.000 1.000
3ae249c445724a41b7a2621e1864bdc1 -307.981 38.302 -656.490 270.000 165.000 0.000 1.000 1.000 1.000
3ae249c445724a41b7a2621e1864bdc1 -311.966 38.302 -657.558 270.000 165.000 0.000 1.000 1.000 1.000
3ae249c445724a41b7a2621e1864bdc1 -315.801 38.302 -658.585 270.000 165.000 0.000 1.000 1.000 1.000
4a874717e96245638786ae053fca74e5 -289.900 38.367 -677.872 270.000 345.000 0.000 1.000 1.000 1.000
4a874717e96245638786ae053fca74e5 -305.355 38.367 -682.013 270.000 345.000 0.000 1.000 1.000 1.000
3ae249c445724a41b7a2621e1864bdc1 -285.257 38.302 -679.734 270.000 345.000 0.000 1.000 1.000 1.000
3ae249c445724a41b7a2621e1864bdc1 -289.092 38.302 -680.761 270.000 345.000 0.000 1.000 1.000 1.000
3ae249c445724a41b7a2621e1864bdc1 -293.076 38.302 -681.829 270.000 345.000 0.000 1.000 1.000 1.000
3ae249c445724a41b7a2621e1864bdc1 -296.858 38.302 -682.842 270.000 345.000 0.000 1.000 1.000 1.000
3ae249c445724a41b7a2621e1864bdc1 -300.776 38.302 -683.892 270.000 345.000 0.000 1.000 1.000 1.000
3ae249c445724a41b7a2621e1864bdc1 -304.578 38.302 -684.911 270.000 345.000 0.000 1.000 1.000 1.000
3ae249c445724a41b7a2621e1864bdc1 -308.421 38.302 -685.941 270.000 345.000 0.000 1.000 1.000 1.000
a31640c238084120a4cc7dce956cb7eb -308.143 38.302 -671.717 270.000 345.000 0.000 1.000 1.000 1.000
a31640c238084120a4cc7dce956cb7eb -292.656 38.302 -667.567 270.000 345.000 0.000 1.000 1.000 1.000
a31640c238084120a4cc7dce956cb7eb -292.915 38.302 -666.602 270.000 165.000 0.000 1.000 1.000 1.000
4943fefd0b4d4a5c947265ac783b5475 -290.176 38.381 -751.760 270.000 210.000 0.000 1.000 1.000 1.000
4943fefd0b4d4a5c947265ac783b5475 -275.991 38.381 -727.191 270.000 210.000 0.000 1.000 1.000 1.000
0bc86687c4e2446594218f60806a80a9 -267.203 54.788 -457.443 270.000 168.000 0.000 1.000 1.000 1.000
0bc86687c4e2446594218f60806a80a9 -275.839 54.788 -410.837 270.000 171.000 0.000 1.000 1.000 1.000
a85e3cc04d95433bb636c5b7bcbc8a10 -266.127 8.709 -454.144 270.000 -0.000 0.000 0.972 0.481 0.398
0bc86687c4e2446594218f60806a80a9 -285.754 54.788 -316.539 270.000 177.000 0.000 1.000 1.000 1.000
66e5c86e6d964ba69ce37725ed443c07 -282.037 54.788 -363.768 270.000 174.000 0.000 1.000 1.000 1.000
0bc86687c4e2446594218f60806a80a9 -286.994 54.788 -269.183 270.000 180.000 0.000 1.000 1.000 1.000
90da84de3f214d129de92b6ee8df60af -282.804 54.600 -264.833 275.654 69.931 314.930 1.000 1.000 1.000
1844f8668ac841cb8028e65af96f23e3 -282.637 54.402 -264.636 270.000 -0.000 0.000 1.000 1.000 1.000
a1b84704e21440f59c4e55e2cee59dcd -281.969 54.788 -266.337 270.000 -0.000 0.000 1.000 1.000 1.000
a1b84704e21440f59c4e55e2cee59dcd -283.449 54.788 -262.638 270.000 269.000 0.000 1.000 1.000 1.000
19c615f4814e4faa8535b2aac4d40481 -283.776 54.762 -265.895 286.349 216.949 141.909 1.000 1.000 1.000
1844f8668ac841cb8028e65af96f23e3 -289.513 32.698 -363.023 270.000 -0.000 0.000 1.000 1.000 1.000
1844f8668ac841cb8028e65af96f23e3 -286.417 32.953 -363.027 270.000 85.000 0.000 1.026 1.046 1.092
1844f8668ac841cb8028e65af96f23e3 -286.795 33.064 -365.135 270.000 345.000 0.000 1.046 1.027 1.092
be3a81c502e647169ef23c64dd634681 -289.335 48.775 -366.441 319.036 338.591 14.415 1.000 1.000 1.000
2a59a02fee7a4addad960e377d804aab -284.588 34.585 -361.167 304.585 48.002 2.448 1.000 1.000 1.000
92d8fbf3edcf4f29a40edc5ebf8903d1 -290.383 44.013 -362.937 317.696 301.950 93.709 1.000 1.000 1.000
5c95693b14a64ddeb1d56184400706d6 -282.542 53.800 -365.986 287.693 270.701 193.339 1.000 1.000 1.000
a1b84704e21440f59c4e55e2cee59dcd -292.587 33.088 -368.163 270.000 -0.000 0.000 1.000 1.000 1.000
a1b84704e21440f59c4e55e2cee59dcd -289.558 32.983 -358.426 270.000 124.000 0.000 1.000 1.000 1.000
19c615f4814e4faa8535b2aac4d40481 -284.538 33.328 -366.021 270.000 -0.000 0.000 1.000 1.000 1.000
19c615f4814e4faa8535b2aac4d40481 -289.057 33.186 -360.987 270.000 -0.000 0.000 1.000 1.000 1.000
1844f8668ac841cb8028e65af96f23e3 -294.135 32.234 -356.233 270.000 93.000 0.000 1.000 1.000 1.000
bca7ab61ae6046aeb5bcc4832202a29a -290.598 49.954 -367.781 270.000 -0.000 0.000 1.000 1.000 1.000
bca7ab61ae6046aeb5bcc4832202a29a -290.675 47.533 -365.501 270.000 351.000 0.000 1.000 1.000 1.000
bca7ab61ae6046aeb5bcc4832202a29a -288.192 47.762 -364.884 270.000 166.000 0.000 1.000 1.000 1.000
bca7ab61ae6046aeb5bcc4832202a29a -288.137 50.241 -367.396 270.000 184.001 0.000 1.000 1.000 1.000
bca7ab61ae6046aeb5bcc4832202a29a -292.023 42.995 -363.555 303.000 306.000 90.000 1.000 1.000 1.000
bca7ab61ae6046aeb5bcc4832202a29a -289.951 43.172 -360.908 323.940 294.601 106.911 1.000 1.000 1.000
bca7ab61ae6046aeb5bcc4832202a29a -288.563 45.082 -361.973 37.000 90.000 270.000 1.000 1.000 1.000
bca7ab61ae6046aeb5bcc4832202a29a -286.468 42.773 -365.333 77.611 269.674 74.249 1.000 1.000 1.000
bca7ab61ae6046aeb5bcc4832202a29a -285.476 38.212 -363.647 321.407 88.292 212.941 1.000 1.000 1.000
bca7ab61ae6046aeb5bcc4832202a29a -287.960 40.447 -362.594 314.914 331.092 290.443 1.000 1.000 1.000
bca7ab61ae6046aeb5bcc4832202a29a -288.318 39.288 -360.250 291.096 303.760 142.273 1.000 1.000 1.000
bca7ab61ae6046aeb5bcc4832202a29a -285.855 37.104 -361.235 296.576 314.793 129.268 1.000 1.000 1.000
bca7ab61ae6046aeb5bcc4832202a29a -292.042 34.290 -356.725 270.000 138.000 0.000 1.000 1.000 1.000
bca7ab61ae6046aeb5bcc4832202a29a -293.968 34.160 -358.253 270.000 322.000 0.000 1.000 1.000 1.000
bca7ab61ae6046aeb5bcc4832202a29a -286.077 35.380 -360.842 271.995 273.998 132.001 1.000 1.000 1.000
bca7ab61ae6046aeb5bcc4832202a29a -284.471 33.984 -359.440 271.996 274.001 129.000 1.000 1.000 1.000
bca7ab61ae6046aeb5bcc4832202a29a -282.673 33.978 -361.182 271.999 274.000 319.000 1.000 1.000 1.000
bca7ab61ae6046aeb5bcc4832202a29a -284.569 35.482 -362.708 272.000 274.000 321.000 1.000 1.000 1.000
bca7ab61ae6046aeb5bcc4832202a29a -286.490 41.319 -362.980 276.756 89.727 103.825 1.000 1.000 1.000
bca7ab61ae6046aeb5bcc4832202a29a -287.934 33.019 -356.903 11.000 90.000 270.000 1.000 1.000 1.000
bca7ab61ae6046aeb5bcc4832202a29a -285.362 33.153 -369.190 305.000 135.000 270.000 1.000 1.000 1.000
bca7ab61ae6046aeb5bcc4832202a29a -294.203 33.000 -365.311 350.000 90.000 270.000 1.000 1.000 1.000
a39105c7be2a4ac89f462c05b6a0d701 -283.174 52.887 -357.749 308.000 223.000 90.000 1.000 1.000 1.000
f35fb587d92c4a628250fd96753cc4c3 -293.878 32.916 -356.473 315.000 320.000 180.001 1.000 1.000 1.000
bca7ab61ae6046aeb5bcc4832202a29a -284.143 53.667 -366.939 270.000 293.000 0.000 1.000 1.000 1.000
bca7ab61ae6046aeb5bcc4832202a29a -281.550 54.274 -367.739 270.000 267.000 0.000 1.000 1.000 1.000
bca7ab61ae6046aeb5bcc4832202a29a -283.572 53.463 -364.439 270.000 96.000 0.000 1.000 1.000 1.000
bca7ab61ae6046aeb5bcc4832202a29a -280.878 54.325 -365.157 270.000 102.000 0.000 1.000 1.000 1.000
bca7ab61ae6046aeb5bcc4832202a29a -281.558 53.813 -357.798 24.000 90.000 301.000 1.000 1.000 1.000
bca7ab61ae6046aeb5bcc4832202a29a -283.587 53.796 -356.037 40.798 77.754 279.744 1.000 1.000 1.000
bca7ab61ae6046aeb5bcc4832202a29a -282.886 52.300 -359.521 300.000 225.000 90.001 1.000 1.000 1.000
1844f8668ac841cb8028e65af96f23e3 -281.954 53.029 -356.911 299.191 210.720 153.585 1.000 1.000 1.000
1844f8668ac841cb8028e65af96f23e3 -279.872 53.730 -367.034 270.000 245.000 0.000 1.000 1.000 1.000
7197b9a111b94a77907c03d5eaecb478 -287.762 42.348 -363.919 301.383 28.173 334.806 1.000 1.000 1.000
3f51b44ce86948818ce51a52d9754122 -286.990 38.720 -361.926 320.602 63.319 37.008 1.000 1.000 1.000
19c615f4814e4faa8535b2aac4d40481 -290.190 45.503 -363.517 297.170 335.300 22.254 0.879 0.973 1.413
1844f8668ac841cb8028e65af96f23e3 -283.376 33.293 -360.635 270.000 257.000 0.000 1.027 1.046 0.817
5375fd19924b4826b0cb432064c2d480 -286.994 54.788 -197.183 270.000 180.000 0.000 1.000 1.000 1.000
6125b4de591b44359237f6d7191dd919 -283.471 31.088 -162.545 270.000 -0.000 0.000 1.000 1.000 1.000
6125b4de591b44359237f6d7191dd919 -292.872 30.786 -161.501 270.000 -0.000 0.000 1.000 1.000 1.000
27501590239d4699a8dc001efa4dee37 -286.888 38.592 -86.855 270.000 -0.000 0.000 1.000 1.000 1.000
b832729132a546a29eaedac06b84a46f -262.888 38.592 -38.855 270.000 270.000 0.000 1.000 1.000 1.000
b832729132a546a29eaedac06b84a46f -310.888 38.592 -38.855 270.000 270.000 0.000 1.000 1.000 1.000
b832729132a546a29eaedac06b84a46f -286.888 38.592 -62.855 270.000 180.000 0.000 1.000 1.000 1.000
329682e42ea141ea8d033278e88d763c -334.888 38.592 -38.855 270.000 90.000 0.000 1.000 1.000 1.000
b832729132a546a29eaedac06b84a46f -334.888 38.592 -14.855 270.000 180.000 0.000 1.000 1.000 1.000
e3226d1d2fa443c0a8e04615fa1b869b -329.464 54.490 -15.360 270.000 270.000 0.000 1.000 1.000 1.000
5375fd19924b4826b0cb432064c2d480 -377.465 54.490 -15.360 270.000 90.000 0.000 1.000 1.000 1.000
26102ac2d37e4662b99258c29f8fdb2c -311.274 38.712 -60.896 270.000 270.000 0.000 1.000 1.000 1.000
8221c9c6360c4629a7dc1a197fac0196 -286.888 38.592 -38.855 270.000 -0.000 0.000 1.000 1.000 1.000
a7ff18b6ce3e42008f7b6ceecbd274d6 -260.308 38.703 -65.294 270.000 90.000 0.000 1.000 1.000 1.000
ae4baf5f84e64aa8b30800c7a067d48e -310.124 38.716 -18.368 270.000 -0.000 0.000 1.000 1.000 1.000
22a77d436f764b6a84ff6e6cdc4bb542 -270.888 38.670 -14.605 270.000 180.000 0.000 1.000 1.000 1.000
019caf7c72a5446eb3dd666e759c1f91 -286.888 38.592 -38.855 270.000 -0.000 0.000 1.000 1.000 1.000
42229938f39b4ccd9f0228c4d0ef972c -276.898 38.952 -48.838 270.000 180.000 0.000 1.000 1.000 1.000
42229938f39b4ccd9f0228c4d0ef972c -276.898 38.952 -28.743 270.000 90.000 0.000 1.000 1.000 1.000
42229938f39b4ccd9f0228c4d0ef972c -297.087 38.952 -28.725 270.000 -0.000 0.000 1.000 1.000 1.000
6896cb9ddd2d411592b9a93ca6671c3f -263.151 38.703 -75.773 270.000 180.000 0.000 1.000 1.000 1.000
6896cb9ddd2d411592b9a93ca6671c3f -266.151 38.703 -75.773 270.000 180.000 0.000 1.000 1.000 1.000
6896cb9ddd2d411592b9a93ca6671c3f -269.151 38.703 -75.773 270.000 180.000 0.000 1.000 1.000 1.000
6896cb9ddd2d411592b9a93ca6671c3f -260.151 38.703 -75.773 270.000 180.000 0.000 1.000 1.000 1.000
734aa6d8bb7642618c4b3522de821ee4 -310.890 38.963 -28.858 270.000 180.000 0.000 1.000 1.000 1.000
734aa6d8bb7642618c4b3522de821ee4 -296.890 38.963 -62.858 270.000 180.000 0.000 1.000 1.000 1.000
734aa6d8bb7642618c4b3522de821ee4 -276.890 38.963 -62.858 270.000 180.000 0.000 1.000 1.000 1.000
40921a1a3cd742f69cc25cc25b856572 -291.525 38.381 -23.538 270.000 270.000 0.000 1.000 1.000 1.000
40921a1a3cd742f69cc25cc25b856572 -291.525 38.381 -19.350 270.000 270.000 0.000 1.000 1.000 1.000
40921a1a3cd742f69cc25cc25b856572 -291.525 38.381 -10.963 270.000 270.000 0.000 1.000 1.000 1.000
40921a1a3cd742f69cc25cc25b856572 -291.525 38.381 -15.151 270.000 270.000 0.000 1.000 1.000 1.000
40921a1a3cd742f69cc25cc25b856572 -291.525 38.381 -2.635 270.000 270.000 0.000 1.000 1.000 1.000
40921a1a3cd742f69cc25cc25b856572 -291.525 38.381 -6.823 270.000 270.000 0.000 1.000 1.000 1.000
6b1dc75a2d88411bbc3af6843e71db02 -257.143 41.486 -67.544 60.000 90.000 90.000 1.000 1.000 1.000
daa453b1ed27491ea396a67fb2c0503f -270.628 42.585 -75.354 270.000 270.000 0.000 1.000 1.000 1.000
ea16c67ebb4a49f2bb9c7c6a3282724e -256.411 38.793 -72.102 3.000 107.000 180.001 1.000 1.000 1.000
65906f4174724825849478b60ecc348a -256.549 38.703 -68.498 270.000 -0.000 0.000 1.000 1.000 1.000
65906f4174724825849478b60ecc348a -257.311 38.703 -68.498 270.000 -0.000 0.000 1.000 1.000 1.000
65906f4174724825849478b60ecc348a -256.549 38.703 -75.344 270.000 180.000 0.000 1.000 1.000 1.000
65906f4174724825849478b60ecc348a -257.311 38.703 -75.344 270.000 180.000 0.000 1.000 1.000 1.000
87806c2130bc4bd8b4f3276edf2222a6 -269.128 38.703 -57.816 270.000 270.000 0.000 1.000 1.000 1.000
ae22774b549f44d29926a956ac6c0a4d -269.128 38.703 -55.816 270.000 -0.000 0.000 1.000 1.000 1.000
ae22774b549f44d29926a956ac6c0a4d -269.128 38.703 -59.816 270.000 180.000 0.000 1.000 1.000 1.000
ae22774b549f44d29926a956ac6c0a4d -263.950 38.703 -59.816 270.000 180.000 0.000 1.000 1.000 1.000
87806c2130bc4bd8b4f3276edf2222a6 -263.950 38.703 -57.816 270.000 270.000 0.000 1.000 1.000 1.000
ae22774b549f44d29926a956ac6c0a4d -263.950 38.703 -55.816 270.000 -0.000 0.000 1.000 1.000 1.000
ae22774b549f44d29926a956ac6c0a4d -263.950 38.703 -69.844 270.000 180.000 0.000 1.000 1.000 1.000
87806c2130bc4bd8b4f3276edf2222a6 -263.950 38.703 -67.844 270.000 270.000 0.000 1.000 1.000 1.000
ae22774b549f44d29926a956ac6c0a4d -263.950 38.703 -65.844 270.000 -0.000 0.000 1.000 1.000 1.000
ae22774b549f44d29926a956ac6c0a4d -269.128 38.703 -65.844 270.000 -0.000 0.000 1.000 1.000 1.000
87806c2130bc4bd8b4f3276edf2222a6 -269.128 38.703 -67.844 270.000 270.000 0.000 1.000 1.000 1.000
ae22774b549f44d29926a956ac6c0a4d -269.128 38.703 -69.844 270.000 180.000 0.000 1.000 1.000 1.000
d052b477b5bc4b2e8ec64effa1f8776e -256.212 43.453 -60.731 270.000 -0.000 0.000 1.000 1.000 1.000
d4dea3aa823a4244be941b4b114e157d -259.494 43.453 -60.787 270.000 270.000 0.000 1.000 1.000 1.000
d4dea3aa823a4244be941b4b114e157d -315.999 43.466 -21.044 270.000 -0.000 0.000 1.000 1.000 1.000
d4dea3aa823a4244be941b4b114e157d -307.870 43.462 -56.318 270.000 -0.000 0.000 1.000 1.000 1.000
d4dea3aa823a4244be941b4b114e157d -304.870 43.462 -56.318 270.000 -0.000 0.000 1.000 1.000 1.000
cf45d6da9d6a4e129da721948b0b3a8a -271.096 41.528 -64.025 -0.000 0.000 90.000 1.000 1.000 1.000
8548fc360c554b399e98cde4d40eca5d -302.544 42.107 -57.806 30.000 0.000 270.000 1.000 1.000 1.000
cf45d6da9d6a4e129da721948b0b3a8a -307.015 41.573 -23.616 -0.000 270.000 90.000 1.000 1.000 1.000
cf45d6da9d6a4e129da721948b0b3a8a -275.325 40.304 -8.855 270.000 -0.000 0.000 1.000 1.000 1.000
8548fc360c554b399e98cde4d40eca5d -360.849 41.504 -4.874 90.000 0.000 0.000 1.000 1.000 1.000
2cb6e4e689dc455b95c6339b47b2810c -369.096 38.381 -2.178 270.000 270.000 0.000 1.000 1.000 1.000
2cb6e4e689dc455b95c6339b47b2810c -371.543 38.381 -4.520 270.000 180.000 0.000 1.000 1.000 1.000
2cb6e4e689dc455b95c6339b47b2810c -376.207 38.381 -4.520 270.000 180.000 0.000 1.000 1.000 1.000
2cb6e4e689dc455b95c6339b47b2810c -380.861 38.381 -4.520 270.000 180.000 0.000 1.000 1.000 1.000
3ae249c445724a41b7a2621e1864bdc1 -370.305 38.381 -1.227 270.000 270.000 0.000 1.000 1.000 1.000
84b3a672bc0643d1b12b2b345a88ba46 -310.833 39.966 -18.574 270.000 180.000 0.000 1.000 1.000 1.000
8388edfa33b84f78ad7f5d277412433b -309.826 38.716 -13.749 270.000 -0.000 0.000 1.000 1.000 1.000 Wardrobe_1
8388edfa33b84f78ad7f5d277412433b -306.826 38.716 -13.749 270.000 -0.000 0.000 1.000 1.000 1.000 Wardrobe_0
8388edfa33b84f78ad7f5d277412433b -303.826 38.716 -13.749 270.000 -0.000 0.000 1.000 1.000 1.000 Wardrobe_0
8388edfa33b84f78ad7f5d277412433b -315.826 38.716 -13.749 270.000 -0.000 0.000 1.000 1.000 1.000 Wardrobe_1
8242af6ef10e42ce9a2a31df1e0c2767 -312.826 38.716 -13.749 270.000 -0.000 0.000 1.000 1.000 1.000 Wardrobe_0
717ae274519f4f4fa760e6fbf4a3614b -318.350 40.038 -21.388 345.000 90.000 270.000 1.000 1.000 1.000
07132524c8554ac4b24fd7618b32c297 -307.727 39.966 -18.576 270.000 173.000 0.000 1.000 1.000 1.000
247828ef63574258b6e1be743309c028 -318.377 39.599 -14.890 345.000 90.000 270.000 1.000 1.000 1.000
247828ef63574258b6e1be743309c028 -318.264 39.467 -13.890 334.000 90.000 270.000 1.000 1.000 1.000
07132524c8554ac4b24fd7618b32c297 -317.723 38.692 -16.375 270.000 279.000 0.000 1.000 1.000 1.000
5424f370683f4372bd975c26088a8ce5 -301.782 38.701 -20.505 273.000 90.000 0.000 1.000 1.000 1.000
5424f370683f4372bd975c26088a8ce5 -301.782 38.701 -21.724 279.482 18.285 71.480 1.000 1.000 1.000
5424f370683f4372bd975c26088a8ce5 -302.418 38.716 -21.163 291.000 90.000 0.000 1.000 1.000 1.000
f469ad7065fb4e4a9ca2160fa58354b4 -305.828 38.712 -67.433 270.000 180.000 0.000 1.000 1.000 1.000
84b3a672bc0643d1b12b2b345a88ba46 -309.076 39.962 -61.595 270.000 87.000 0.000 1.000 1.000 1.000
a305bcc1cdaa486fb91d05201e7d3e6f -315.329 38.712 -55.148 270.000 -0.000 0.000 1.000 1.000 1.000
a305bcc1cdaa486fb91d05201e7d3e6f -313.845 38.712 -55.148 270.000 -0.000 0.000 1.000 1.000 1.000
a305bcc1cdaa486fb91d05201e7d3e6f -312.353 38.712 -55.148 270.000 -0.000 0.000 1.000 1.000 1.000
c2ea9b50d4d640438800b9ff553ec627 -314.686 38.712 -59.648 270.000 -0.000 0.000 1.000 1.000 1.000
c2ea9b50d4d640438800b9ff553ec627 -314.686 38.712 -64.648 270.000 -0.000 0.000 1.000 1.000 1.000
02923364713c4385a2bdaa7221d717ae -319.282 38.712 -65.135 270.000 270.000 0.000 1.000 1.000 1.000
02923364713c4385a2bdaa7221d717ae -319.282 38.712 -63.637 270.000 270.000 0.000 1.000 1.000 1.000
02923364713c4385a2bdaa7221d717ae -319.282 38.712 -60.655 270.000 270.000 0.000 1.000 1.000 1.000
02923364713c4385a2bdaa7221d717ae -319.282 38.712 -59.159 270.000 270.000 0.000 1.000 1.000 1.000
e4f33bd5aafb4204904ea375c00de967 -319.282 38.712 -62.153 270.000 270.000 0.000 1.000 1.000 1.000
91dbbf923c8c401bb6b2d56084783f73 -317.432 38.712 -54.756 270.000 -0.000 0.000 1.000 1.000 1.000
ba1cd9e03adf4a2091a3314a6a30eafb -263.323 38.670 -16.059 270.000 -0.000 0.000 1.000 1.000 1.000
ba1cd9e03adf4a2091a3314a6a30eafb -270.436 38.670 -16.059 270.000 -0.000 0.000 1.000 1.000 1.000
cb0d8bf87fca47e3b73f634959a9f523 -283.696 38.381 -14.338 270.000 353.000 0.000 1.000 1.000 1.000
cb0d8bf87fca47e3b73f634959a9f523 -283.808 38.381 -12.883 270.000 11.000 0.000 1.000 1.000 1.000
054a9392fed9484e950ff92d13631f06 -284.421 38.381 -20.981 270.000 351.000 0.000 1.000 1.000 1.000
4ca1de6fdcc84b6bbc4a76c3ad394739 -283.948 38.381 -22.386 270.000 -0.000 0.000 1.000 1.000 1.000
756faa5eea0b4df7b2602e1d77932057 -285.832 38.381 -21.387 270.000 -0.000 0.000 1.000 1.000 1.000
aacd164d8e4041aab78179c7886f4461 -267.116 38.670 -9.774 270.000 -0.000 0.000 1.000 1.000 1.000
bca7ab61ae6046aeb5bcc4832202a29a -276.104 38.833 -9.749 -0.000 0.000 270.000 1.000 1.000 1.000
bca7ab61ae6046aeb5bcc4832202a29a -276.264 39.237 -9.749 -0.000 0.000 270.000 1.000 1.000 1.000
bca7ab61ae6046aeb5bcc4832202a29a -276.078 39.621 -9.749 -0.000 0.000 270.000 1.000 1.000 1.000
bca7ab61ae6046aeb5bcc4832202a29a -277.227 38.986 -9.674 -0.000 0.000 315.000 1.000 1.000 1.000
717ae274519f4f4fa760e6fbf4a3614b -277.403 40.073 -19.767 345.000 0.000 0.000 1.000 1.000 1.000
87806c2130bc4bd8b4f3276edf2222a6 -277.295 38.670 -14.121 270.000 180.000 0.000 1.000 1.000 1.000
9215cb84c2a942d084fa1dffa0031949 -276.539 38.670 -14.175 270.000 90.000 0.000 1.000 1.000 1.000
ce6db4c70aee4e59afa82271d2aca431 -277.691 39.857 -14.786 270.000 165.000 0.000 1.000 1.000 1.000
9215cb84c2a942d084fa1dffa0031949 -352.647 38.661 -2.762 270.000 4.000 0.000 1.000 1.000 1.000
87806c2130bc4bd8b4f3276edf2222a6 -352.676 38.661 -3.673 270.000 90.000 0.000 1.000 1.000 1.000
6ce99109b6e94ddeb5ef925a2de6730a -352.591 39.848 -3.523 270.000 180.000 0.000 1.000 1.000 1.000
d412f1a6b4c9404a88de772651615e4b -361.114 38.661 -3.297 270.000 97.000 0.000 1.000 1.000 1.000
2e060a3768094817887d5f2c8d884d61 -363.437 38.661 -2.963 270.000 330.000 0.000 1.000 1.000 1.000
d412f1a6b4c9404a88de772651615e4b -363.716 38.661 -0.495 270.000 349.000 0.000 1.000 1.000 1.000
52d575ae564f46649523c98875130784 -363.115 39.848 -2.473 270.000 201.000 0.000 1.000 1.000 1.000
e73f9a6daf7f4852a60374999a0723a6 -320.992 38.381 -61.400 270.000 90.000 0.000 1.000 1.000 1.000
61e43d05791d4269b626de9bedbf0a03 -320.807 38.881 -61.798 270.000 -0.000 0.000 1.000 1.000 1.000
40921a1a3cd742f69cc25cc25b856572 -285.185 38.381 -25.693 270.000 180.000 0.000 1.000 1.000 1.000
40921a1a3cd742f69cc25cc25b856572 -289.373 38.381 -25.693 270.000 180.000 0.000 1.000 1.000 1.000
40921a1a3cd742f69cc25cc25b856572 -276.806 38.381 -25.693 270.000 180.000 0.000 1.000 1.000 1.000
40921a1a3cd742f69cc25cc25b856572 -280.995 38.381 -25.693 270.000 180.000 0.000 1.000 1.000 1.000
40921a1a3cd742f69cc25cc25b856572 -268.541 38.381 -25.693 270.000 180.000 0.000 1.000 1.000 1.000
40921a1a3cd742f69cc25cc25b856572 -272.729 38.381 -25.693 270.000 180.000 0.000 1.000 1.000 1.000
40921a1a3cd742f69cc25cc25b856572 -256.099 38.381 -25.693 270.000 180.000 0.000 1.000 1.000 1.000
40921a1a3cd742f69cc25cc25b856572 -260.176 38.381 -25.693 270.000 180.000 0.000 1.000 1.000 1.000
40921a1a3cd742f69cc25cc25b856572 -264.364 38.381 -25.693 270.000 180.000 0.000 1.000 1.000 1.000
e73f9a6daf7f4852a60374999a0723a6 -290.728 38.381 -17.079 270.000 270.000 0.000 1.000 1.000 1.000
e9ce671e95c14e60a12cf755f25dce3f -290.752 38.381 -13.769 270.000 270.000 0.000 1.000 1.000 1.000
61e43d05791d4269b626de9bedbf0a03 -290.752 38.881 -13.433 270.000 -0.000 0.000 1.000 1.000 1.000
61e43d05791d4269b626de9bedbf0a03 -290.701 38.881 -14.443 270.000 278.000 0.000 1.000 1.000 1.000
a19b3ec55a2046668611c9d2775efd99 -290.602 38.881 -17.655 270.000 -0.000 0.000 1.000 1.000 1.000
109490c43e274d07ba8a4778d89bf50f -266.814 42.249 -16.231 270.000 -0.000 0.000 1.000 1.000 1.000
109490c43e274d07ba8a4778d89bf50f -274.214 42.249 -16.231 270.000 -0.000 0.000 1.000 1.000 1.000
a31640c238084120a4cc7dce956cb7eb -325.276 38.552 -2.853 270.000 90.000 0.000 1.000 1.000 1.000
a31640c238084120a4cc7dce956cb7eb -344.502 38.552 -2.853 270.000 270.000 0.000 1.000 1.000 1.000
a31640c238084120a4cc7dce956cb7eb -277.277 38.552 -74.854 270.000 90.000 0.000 1.000 1.000 1.000
a31640c238084120a4cc7dce956cb7eb -296.503 38.552 -74.854 270.000 270.000 0.000 1.000 1.000 1.000
a31640c238084120a4cc7dce956cb7eb -322.888 38.552 -48.469 270.000 180.000 0.000 1.000 1.000 1.000
a31640c238084120a4cc7dce956cb7eb -324.583 38.552 -28.538 270.000 45.000 0.000 1.000 1.000 1.000
a31640c238084120a4cc7dce956cb7eb -344.502 38.552 -26.853 270.000 270.000 0.000 1.000 1.000 1.000
a227d89ce4f34339a0124c146c1f8218 -274.650 38.365 -117.400 270.000 195.000 0.000 1.000 1.000 1.000
dc1f98c3805c474193cb9b380d0c083c -260.546 38.670 -10.633 270.000 352.000 0.000 1.000 1.000 1.000
aa5713bdfae44bacbc36979248e25128 -302.427 41.931 -64.150 270.000 270.000 0.000 1.000 1.000 1.000
0bc86687c4e2446594218f60806a80a9 -293.464 54.490 44.640 270.000 180.000 0.000 1.000 1.000 1.000
b832729132a546a29eaedac06b84a46f -358.888 38.592 33.145 270.000 270.000 0.000 1.000 1.000 1.000
78defce53f044f0bb0068165da9d5a79 -270.888 38.552 9.145 270.000 270.000 0.000 1.000 1.000 1.000
f7d6fad3f24d469485c0cf4989a44e57 -270.888 38.693 32.895 270.000 270.000 0.000 1.000 1.000 1.000
8221c9c6360c4629a7dc1a197fac0196 -334.888 38.592 33.145 270.000 90.000 0.000 1.000 1.000 1.000
b832729132a546a29eaedac06b84a46f -334.888 38.592 57.145 270.000 180.000 0.000 1.000 1.000 1.000
988be9685b5240dcbf77b751795e1982 -311.741 38.694 82.588 270.000 90.000 0.000 1.000 1.000 1.000 Apartment_2
5f383e6021d245fca17ea573528f776e -311.818 38.681 16.420 270.000 90.000 0.000 1.000 1.000 1.000 Apartment_3
b530d9f1c84d41aabf260f7dc09d0c1c -311.794 38.668 47.958 270.000 90.000 0.000 1.000 1.000 1.000 Apartment_0
b832729132a546a29eaedac06b84a46f -334.888 38.592 81.145 270.000 180.000 0.000 1.000 1.000 1.000
ae6885db8be24a70b30e9e397f8c2827 -360.471 38.693 69.199 270.000 270.000 0.000 1.000 1.000 1.000
6e3ca6bc668446abb996bf0a60ef31e7 -357.921 38.681 102.926 270.000 180.000 0.000 1.000 1.000 1.000
cae73faea2804166ab05340cab4a56d0 -261.328 38.655 67.116 270.000 315.000 0.000 1.000 1.000 1.000
7f3c89b1a27f404abc882cc2b924a244 -288.687 38.381 125.107 270.000 180.000 0.000 1.000 1.000 1.000
ac7f421216f945a19b7c452645be432e -285.997 38.381 115.368 270.000 180.000 0.000 1.000 1.000 1.000
768dd50d28414f53bc0dbd2b98f2ddf3 -381.034 38.655 102.929 270.000 90.000 0.000 1.000 1.000 1.000
40921a1a3cd742f69cc25cc25b856572 -276.860 38.381 116.041 270.000 90.000 0.000 1.000 1.000 1.000
40921a1a3cd742f69cc25cc25b856572 -276.860 38.381 120.238 270.000 90.000 0.000 1.000 1.000 1.000
40921a1a3cd742f69cc25cc25b856572 -276.860 38.381 124.422 270.000 90.000 0.000 1.000 1.000 1.000
40921a1a3cd742f69cc25cc25b856572 -276.860 38.381 111.847 270.000 90.000 0.000 1.000 1.000 1.000
40921a1a3cd742f69cc25cc25b856572 -299.901 38.381 109.700 270.000 180.000 0.000 1.000 1.000 1.000
40921a1a3cd742f69cc25cc25b856572 -295.704 38.381 109.700 270.000 180.000 0.000 1.000 1.000 1.000
40921a1a3cd742f69cc25cc25b856572 -291.520 38.381 109.700 270.000 180.000 0.000 1.000 1.000 1.000
40921a1a3cd742f69cc25cc25b856572 -287.328 38.381 109.700 270.000 180.000 0.000 1.000 1.000 1.000
40921a1a3cd742f69cc25cc25b856572 -283.131 38.381 109.700 270.000 180.000 0.000 1.000 1.000 1.000
40921a1a3cd742f69cc25cc25b856572 -278.947 38.381 109.700 270.000 180.000 0.000 1.000 1.000 1.000
4a874717e96245638786ae053fca74e5 -312.047 38.405 97.988 270.000 180.000 0.000 1.000 1.000 1.000
3ae249c445724a41b7a2621e1864bdc1 -315.970 38.405 95.079 270.000 -0.000 0.000 1.000 1.000 1.000
3ae249c445724a41b7a2621e1864bdc1 -312.079 38.405 95.079 270.000 -0.000 0.000 1.000 1.000 1.000
3ae249c445724a41b7a2621e1864bdc1 -308.074 38.405 95.079 270.000 -0.000 0.000 1.000 1.000 1.000
e82d7826bffa4b1fb4785b8c57eab8e3 -299.989 39.599 123.313 270.000 -0.000 0.000 1.000 1.000 1.000
f6d69dd4dd504de894facc3bfa1f62a7 -299.989 44.349 123.313 270.000 -0.000 0.000 1.000 1.000 1.000
e82d7826bffa4b1fb4785b8c57eab8e3 -308.041 39.627 69.644 270.000 90.000 0.000 1.000 1.000 1.000
f6d69dd4dd504de894facc3bfa1f62a7 -308.041 44.377 69.644 270.000 90.000 0.000 1.000 1.000 1.000
f6d69dd4dd504de894facc3bfa1f62a7 -308.041 49.127 69.644 270.000 90.000 0.000 1.000 1.000 1.000
f6d69dd4dd504de894facc3bfa1f62a7 -308.041 53.877 69.644 270.000 90.000 0.000 1.000 1.000 1.000
f6d69dd4dd504de894facc3bfa1f62a7 -308.041 58.627 69.644 270.000 90.000 0.000 1.000 1.000 1.000
f6d69dd4dd504de894facc3bfa1f62a7 -308.041 63.377 69.644 270.000 90.000 0.000 1.000 1.000 1.000
f6d69dd4dd504de894facc3bfa1f62a7 -315.861 44.377 59.220 270.000 270.000 0.000 1.000 1.000 1.000
e82d7826bffa4b1fb4785b8c57eab8e3 -315.861 39.627 59.220 270.000 270.000 0.000 1.000 1.000 1.000
f6d69dd4dd504de894facc3bfa1f62a7 -315.861 49.127 59.220 270.000 270.000 0.000 1.000 1.000 1.000
f6d69dd4dd504de894facc3bfa1f62a7 -315.861 53.877 59.220 270.000 270.000 0.000 1.000 1.000 1.000
f6d69dd4dd504de894facc3bfa1f62a7 -315.861 58.627 59.220 270.000 270.000 0.000 1.000 1.000 1.000
019caf7c72a5446eb3dd666e759c1f91 -334.888 38.592 33.145 270.000 90.000 0.000 1.000 1.000 1.000
99662274a5d645f9bd210808c47a7dd0 -324.593 38.952 115.452 270.000 270.000 0.000 1.000 1.000 1.000
42229938f39b4ccd9f0228c4d0ef972c -324.981 38.952 118.801 270.000 180.000 0.000 1.000 1.000 1.000
42229938f39b4ccd9f0228c4d0ef972c -345.075 38.952 118.801 270.000 270.000 0.000 1.000 1.000 1.000
42229938f39b4ccd9f0228c4d0ef972c -345.156 38.952 22.954 270.000 270.000 0.000 1.000 1.000 1.000
42229938f39b4ccd9f0228c4d0ef972c -325.062 38.952 22.954 270.000 180.000 0.000 1.000 1.000 1.000
42229938f39b4ccd9f0228c4d0ef972c -325.044 38.952 43.143 270.000 90.000 0.000 1.000 1.000 1.000
e0cb5fc3d4ef44e6a01fec03dcdf45da -284.847 38.693 32.895 270.000 90.000 0.000 1.000 1.000 1.000
6366cc74eea847029ad77697f447fcc0 -334.888 38.592 105.145 270.000 270.000 0.000 1.000 1.000 1.000
734aa6d8bb7642618c4b3522de821ee4 -358.889 38.963 23.143 270.000 180.000 0.000 1.000 1.000 1.000
734aa6d8bb7642618c4b3522de821ee4 -344.889 38.963 57.143 270.000 180.000 0.000 1.000 1.000 1.000
734aa6d8bb7642618c4b3522de821ee4 -358.888 38.963 119.143 270.000 180.000 0.000 1.000 1.000 1.000
734aa6d8bb7642618c4b3522de821ee4 -324.888 38.963 81.143 270.000 180.000 0.000 1.000 1.000 1.000
734aa6d8bb7642618c4b3522de821ee4 -324.889 38.963 57.143 270.000 180.000 0.000 1.000 1.000 1.000
734aa6d8bb7642618c4b3522de821ee4 -324.889 38.963 9.143 270.000 180.000 0.000 1.000 1.000 1.000
0e9877cb456a42dcb72272bd24850851 -311.812 71.944 79.781 270.000 -0.000 0.000 1.000 1.000 1.000
e0cb5fc3d4ef44e6a01fec03dcdf45da -314.458 71.944 89.775 270.000 -0.000 0.000 1.000 1.000 1.000
40921a1a3cd742f69cc25cc25b856572 -291.525 38.381 1.563 270.000 270.000 0.000 1.000 1.000 1.000
40921a1a3cd742f69cc25cc25b856572 -291.525 38.381 5.752 270.000 270.000 0.000 1.000 1.000 1.000
40921a1a3cd742f69cc25cc25b856572 -291.525 38.381 22.525 270.000 270.000 0.000 1.000 1.000 1.000
40921a1a3cd742f69cc25cc25b856572 -291.525 38.381 18.336 270.000 270.000 0.000 1.000 1.000 1.000
40921a1a3cd742f69cc25cc25b856572 -291.525 38.381 9.949 270.000 270.000 0.000 1.000 1.000 1.000
40921a1a3cd742f69cc25cc25b856572 -291.525 38.381 39.268 270.000 270.000 0.000 1.000 1.000 1.000
40921a1a3cd742f69cc25cc25b856572 -291.525 38.381 35.080 270.000 270.000 0.000 1.000 1.000 1.000
40921a1a3cd742f69cc25cc25b856572 -291.525 38.381 30.881 270.000 270.000 0.000 1.000 1.000 1.000
40921a1a3cd742f69cc25cc25b856572 -291.525 38.381 26.693 270.000 270.000 0.000 1.000 1.000 1.000
40921a1a3cd742f69cc25cc25b856572 -276.787 38.381 41.410 270.000 -0.000 0.000 1.000 1.000 1.000
40921a1a3cd742f69cc25cc25b856572 -280.975 38.381 41.410 270.000 -0.000 0.000 1.000 1.000 1.000
40921a1a3cd742f69cc25cc25b856572 -285.174 38.381 41.410 270.000 -0.000 0.000 1.000 1.000 1.000
40921a1a3cd742f69cc25cc25b856572 -289.362 38.381 41.410 270.000 -0.000 0.000 1.000 1.000 1.000
40921a1a3cd742f69cc25cc25b856572 -260.077 38.381 41.410 270.000 -0.000 0.000 1.000 1.000 1.000
40921a1a3cd742f69cc25cc25b856572 -264.266 38.381 41.410 270.000 -0.000 0.000 1.000 1.000 1.000
40921a1a3cd742f69cc25cc25b856572 -268.464 38.381 41.410 270.000 -0.000 0.000 1.000 1.000 1.000
40921a1a3cd742f69cc25cc25b856572 -272.652 38.381 41.410 270.000 -0.000 0.000 1.000 1.000 1.000
b2ff709de7a54b09a11a1b3b344e88e5 -371.250 38.381 59.119 270.000 90.000 0.000 1.000 1.000 1.000
b2ff709de7a54b09a11a1b3b344e88e5 -371.250 38.381 54.941 270.000 90.000 0.000 1.000 1.000 1.000
b2ff709de7a54b09a11a1b3b344e88e5 -369.147 38.381 48.645 270.000 -0.000 0.000 1.000 1.000 1.000
b2ff709de7a54b09a11a1b3b344e88e5 -371.250 38.381 50.770 270.000 90.000 0.000 1.000 1.000 1.000
b2ff709de7a54b09a11a1b3b344e88e5 -364.974 38.381 48.645 270.000 -0.000 0.000 1.000 1.000 1.000
b2ff709de7a54b09a11a1b3b344e88e5 -356.604 38.381 48.645 270.000 -0.000 0.000 1.000 1.000 1.000
b2ff709de7a54b09a11a1b3b344e88e5 -360.777 38.381 48.645 270.000 -0.000 0.000 1.000 1.000 1.000
b2ff709de7a54b09a11a1b3b344e88e5 -352.435 38.381 48.645 270.000 -0.000 0.000 1.000 1.000 1.000
b2ff709de7a54b09a11a1b3b344e88e5 -350.297 38.381 54.941 270.000 90.000 0.000 1.000 1.000 1.000
b2ff709de7a54b09a11a1b3b344e88e5 -350.297 38.381 50.770 270.000 90.000 0.000 1.000 1.000 1.000
b2ff709de7a54b09a11a1b3b344e88e5 -350.297 38.381 59.119 270.000 90.000 0.000 1.000 1.000 1.000
40921a1a3cd742f69cc25cc25b856572 -352.586 38.381 90.888 270.000 90.000 0.000 1.000 1.000 1.000
40921a1a3cd742f69cc25cc25b856572 -352.586 38.381 86.690 270.000 90.000 0.000 1.000 1.000 1.000
40921a1a3cd742f69cc25cc25b856572 -365.167 38.381 90.888 270.000 270.000 0.000 1.000 1.000 1.000
40921a1a3cd742f69cc25cc25b856572 -365.167 38.381 86.690 270.000 270.000 0.000 1.000 1.000 1.000
40921a1a3cd742f69cc25cc25b856572 -363.072 38.381 84.599 270.000 180.000 0.000 1.000 1.000 1.000
40921a1a3cd742f69cc25cc25b856572 -358.874 38.381 84.599 270.000 180.000 0.000 1.000 1.000 1.000
40921a1a3cd742f69cc25cc25b856572 -354.686 38.381 84.599 270.000 180.000 0.000 1.000 1.000 1.000
40921a1a3cd742f69cc25cc25b856572 -367.992 38.381 95.482 270.000 -0.000 0.000 1.000 1.000 1.000
40921a1a3cd742f69cc25cc25b856572 -373.981 38.381 69.500 270.000 180.000 0.000 1.000 1.000 1.000
40921a1a3cd742f69cc25cc25b856572 -293.668 38.381 35.092 270.000 180.000 0.000 1.000 1.000 1.000
40921a1a3cd742f69cc25cc25b856572 -297.863 38.381 35.092 270.000 180.000 0.000 1.000 1.000 1.000
40921a1a3cd742f69cc25cc25b856572 -306.210 38.381 35.092 270.000 180.000 0.000 1.000 1.000 1.000
40921a1a3cd742f69cc25cc25b856572 -302.015 38.381 35.092 270.000 180.000 0.000 1.000 1.000 1.000
40921a1a3cd742f69cc25cc25b856572 -310.399 38.381 35.092 270.000 180.000 0.000 1.000 1.000 1.000
40921a1a3cd742f69cc25cc25b856572 -314.593 38.381 35.092 270.000 180.000 0.000 1.000 1.000 1.000
40921a1a3cd742f69cc25cc25b856572 -318.768 38.381 35.092 270.000 180.000 0.000 1.000 1.000 1.000
40921a1a3cd742f69cc25cc25b856572 -314.443 38.381 66.510 270.000 -0.000 0.000 1.000 1.000 1.000
40921a1a3cd742f69cc25cc25b856572 -318.638 38.381 66.510 270.000 -0.000 0.000 1.000 1.000 1.000
40921a1a3cd742f69cc25cc25b856572 -310.291 38.381 66.510 270.000 -0.000 0.000 1.000 1.000 1.000
40921a1a3cd742f69cc25cc25b856572 -306.096 38.381 66.510 270.000 -0.000 0.000 1.000 1.000 1.000
40921a1a3cd742f69cc25cc25b856572 -301.908 38.381 66.510 270.000 -0.000 0.000 1.000 1.000 1.000
40921a1a3cd742f69cc25cc25b856572 -297.713 38.381 66.510 270.000 -0.000 0.000 1.000 1.000 1.000
40921a1a3cd742f69cc25cc25b856572 -293.539 38.381 66.510 270.000 -0.000 0.000 1.000 1.000 1.000
40921a1a3cd742f69cc25cc25b856572 -283.099 38.381 43.583 270.000 90.000 0.000 1.000 1.000 1.000
40921a1a3cd742f69cc25cc25b856572 -283.099 38.381 47.733 270.000 90.000 0.000 1.000 1.000 1.000
40921a1a3cd742f69cc25cc25b856572 -283.099 38.381 56.058 270.000 90.000 0.000 1.000 1.000 1.000
40921a1a3cd742f69cc25cc25b856572 -283.099 38.381 51.908 270.000 90.000 0.000 1.000 1.000 1.000
40921a1a3cd742f69cc25cc25b856572 -283.099 38.381 64.383 270.000 90.000 0.000 1.000 1.000 1.000
40921a1a3cd742f69cc25cc25b856572 -283.099 38.381 60.232 270.000 90.000 0.000 1.000 1.000 1.000
40921a1a3cd742f69cc25cc25b856572 -285.213 38.381 66.510 270.000 -0.000 0.000 1.000 1.000 1.000
40921a1a3cd742f69cc25cc25b856572 -293.603 38.381 107.511 270.000 90.000 0.000 1.000 1.000 1.000
40921a1a3cd742f69cc25cc25b856572 -293.603 38.381 103.362 270.000 90.000 0.000 1.000 1.000 1.000
40921a1a3cd742f69cc25cc25b856572 -293.603 38.381 99.202 270.000 90.000 0.000 1.000 1.000 1.000
40921a1a3cd742f69cc25cc25b856572 -293.603 38.381 95.053 270.000 90.000 0.000 1.000 1.000 1.000
40921a1a3cd742f69cc25cc25b856572 -293.603 38.381 81.046 270.000 90.000 0.000 1.000 1.000 1.000
40921a1a3cd742f69cc25cc25b856572 -293.603 38.381 76.897 270.000 90.000 0.000 1.000 1.000 1.000
40921a1a3cd742f69cc25cc25b856572 -293.603 38.381 72.762 270.000 90.000 0.000 1.000 1.000 1.000
40921a1a3cd742f69cc25cc25b856572 -293.603 38.381 68.612 270.000 90.000 0.000 1.000 1.000 1.000
40921a1a3cd742f69cc25cc25b856572 -274.786 38.381 127.040 270.000 345.000 0.000 1.000 1.000 1.000
40921a1a3cd742f69cc25cc25b856572 -260.994 38.381 79.746 270.000 45.000 0.000 1.000 1.000 1.000
40921a1a3cd742f69cc25cc25b856572 -258.032 38.381 76.784 270.000 45.000 0.000 1.000 1.000 1.000
40921a1a3cd742f69cc25cc25b856572 -275.775 38.381 73.870 270.000 315.000 0.000 1.000 1.000 1.000
40921a1a3cd742f69cc25cc25b856572 -278.726 38.381 70.918 270.000 315.000 0.000 1.000 1.000 1.000
40921a1a3cd742f69cc25cc25b856572 -281.662 38.381 67.982 270.000 315.000 0.000 1.000 1.000 1.000
40921a1a3cd742f69cc25cc25b856572 -266.952 38.381 82.692 270.000 315.000 0.000 1.000 1.000 1.000
40921a1a3cd742f69cc25cc25b856572 -269.904 38.381 79.741 270.000 315.000 0.000 1.000 1.000 1.000
40921a1a3cd742f69cc25cc25b856572 -272.839 38.381 76.805 270.000 315.000 0.000 1.000 1.000 1.000
40921a1a3cd742f69cc25cc25b856572 -263.961 38.381 82.712 270.000 45.000 0.000 1.000 1.000 1.000
40921a1a3cd742f69cc25cc25b856572 -265.469 38.381 86.238 270.000 90.000 0.000 1.000 1.000 1.000
40921a1a3cd742f69cc25cc25b856572 -265.469 38.381 90.432 270.000 90.000 0.000 1.000 1.000 1.000
40921a1a3cd742f69cc25cc25b856572 -275.408 38.381 108.299 270.000 225.000 0.000 1.000 1.000 1.000
40921a1a3cd742f69cc25cc25b856572 -272.442 38.381 105.332 270.000 225.000 0.000 1.000 1.000 1.000
d4dea3aa823a4244be941b4b114e157d -312.257 52.932 126.826 270.000 90.000 0.000 1.000 1.000 1.000
d4dea3aa823a4244be941b4b114e157d -306.559 76.694 91.389 270.000 -0.000 0.000 1.000 1.000 1.000
d4dea3aa823a4244be941b4b114e157d -306.559 76.694 89.389 270.000 -0.000 0.000 1.000 1.000 1.000
d052b477b5bc4b2e8ec64effa1f8776e -310.467 67.168 45.768 270.000 -0.000 0.000 1.000 1.000 1.000
d4dea3aa823a4244be941b4b114e157d -313.412 67.168 45.759 270.000 270.000 0.000 1.000 1.000 1.000
d4dea3aa823a4244be941b4b114e157d -307.630 67.168 43.556 270.000 -0.000 0.000 1.000 1.000 1.000
d4dea3aa823a4244be941b4b114e157d -364.198 43.443 68.845 270.000 90.000 0.000 1.000 1.000 1.000
d4dea3aa823a4244be941b4b114e157d -362.198 43.443 68.845 270.000 90.000 0.000 1.000 1.000 1.000
c089d4794e704f6d901c2d7e4f28ac54 -383.996 38.646 60.184 270.000 90.000 0.000 1.000 1.000 1.000
d4dea3aa823a4244be941b4b114e157d -265.844 43.443 31.868 270.000 90.000 0.000 1.000 1.000 1.000
d4dea3aa823a4244be941b4b114e157d -267.844 43.443 31.868 270.000 90.000 0.000 1.000 1.000 1.000
d4dea3aa823a4244be941b4b114e157d -268.025 43.405 67.984 270.000 45.000 0.000 1.000 1.000 1.000
d052b477b5bc4b2e8ec64effa1f8776e -376.114 43.405 97.690 270.000 -0.000 0.000 1.000 1.000 1.000
d4dea3aa823a4244be941b4b114e157d -375.179 43.405 100.308 270.000 270.000 0.000 1.000 1.000 1.000
d4dea3aa823a4244be941b4b114e157d -379.044 43.405 97.736 270.000 270.000 0.000 1.000 1.000 1.000
d4dea3aa823a4244be941b4b114e157d -362.465 43.431 110.209 270.000 -0.000 0.000 1.000 1.000 1.000
d4dea3aa823a4244be941b4b114e157d -316.424 48.181 26.124 270.000 -0.000 0.000 1.000 1.000 1.000
d4dea3aa823a4244be941b4b114e157d -316.424 48.181 24.124 270.000 -0.000 0.000 1.000 1.000 1.000
d4dea3aa823a4244be941b4b114e157d -316.424 48.181 22.124 270.000 -0.000 0.000 1.000 1.000 1.000
8548fc360c554b399e98cde4d40eca5d -263.292 40.404 27.127 300.000 270.000 90.000 1.000 1.000 1.000
8548fc360c554b399e98cde4d40eca5d -320.586 40.303 23.300 346.000 180.001 90.000 1.000 1.000 1.000
8548fc360c554b399e98cde4d40eca5d -320.523 41.671 54.637 75.000 180.000 90.000 1.000 1.000 1.000
cf45d6da9d6a4e129da721948b0b3a8a -319.487 40.448 77.689 270.000 90.000 0.000 1.000 1.000 1.000
486dda0171c645f7a3855f3c46796380 -269.159 38.381 26.392 270.000 -0.000 0.000 1.000 1.000 1.000
e65f2ee13fbc4d53ad7981e31ed9178f -271.996 38.952 9.629 270.000 108.000 0.000 1.000 1.000 1.000
e65f2ee13fbc4d53ad7981e31ed9178f -271.982 38.952 9.036 270.000 338.000 0.000 1.000 1.000 1.000
e65f2ee13fbc4d53ad7981e31ed9178f -269.833 38.952 9.458 270.000 -0.000 0.000 1.000 1.000 1.000
cf906420511b4eb6a4efba1838068cb4 -265.888 38.914 9.145 270.000 180.000 0.000 1.000 1.000 1.000
cf906420511b4eb6a4efba1838068cb4 -275.888 38.914 9.145 270.000 180.000 0.000 1.000 1.000 1.000
e9f0b774202d420aa3a2b0dc661570da -264.009 38.693 30.523 270.000 90.000 0.000 1.000 1.000 1.000
de77f2af2bfd49e8a3e1c388f1665081 -261.302 38.693 34.973 270.000 90.000 0.000 1.000 1.000 1.000
84b3a672bc0643d1b12b2b345a88ba46 -263.563 39.943 31.044 270.000 350.000 0.000 1.000 1.000 1.000
daa453b1ed27491ea396a67fb2c0503f -261.844 42.536 27.587 270.000 180.000 0.000 1.000 1.000 1.000
cf45d6da9d6a4e129da721948b0b3a8a -361.172 40.250 112.674 270.000 -0.000 0.000 1.000 1.000 1.000
cf45d6da9d6a4e129da721948b0b3a8a -349.215 40.413 68.960 270.000 90.000 0.000 1.000 1.000 1.000
113bcf43c0f0470b8fe47217bbbe55ad -291.525 38.381 14.138 270.000 270.000 0.000 1.000 1.000 1.000
b832729132a546a29eaedac06b84a46f -334.888 38.592 9.145 270.000 -0.000 0.000 1.000 1.000 1.000
fbc6a34ebb67439c967d924bbe0486d1 -357.592 38.661 7.045 270.000 180.000 0.000 1.000 1.000 1.000
d4dea3aa823a4244be941b4b114e157d -358.252 43.411 6.986 270.000 90.000 0.000 1.000 1.000 1.000
d4dea3aa823a4244be941b4b114e157d -358.252 43.411 15.183 270.000 90.000 0.000 1.000 1.000 1.000
6366cc74eea847029ad77697f447fcc0 -382.888 38.592 33.145 270.000 -0.000 0.000 1.000 1.000 1.000
4943fefd0b4d4a5c947265ac783b5475 -371.355 38.381 18.020 270.000 90.000 0.000 1.000 1.000 1.000
2cb6e4e689dc455b95c6339b47b2810c -369.096 38.381 16.480 270.000 270.000 0.000 1.000 1.000 1.000
2cb6e4e689dc455b95c6339b47b2810c -369.096 38.381 11.826 270.000 270.000 0.000 1.000 1.000 1.000
2cb6e4e689dc455b95c6339b47b2810c -369.096 38.381 2.486 270.000 270.000 0.000 1.000 1.000 1.000
2cb6e4e689dc455b95c6339b47b2810c -369.096 38.381 7.140 270.000 270.000 0.000 1.000 1.000 1.000
2cb6e4e689dc455b95c6339b47b2810c -371.543 38.381 18.889 270.000 180.000 0.000 1.000 1.000 1.000
4a874717e96245638786ae053fca74e5 -373.279 38.381 2.792 270.000 90.000 0.000 1.000 1.000 1.000
3ae249c445724a41b7a2621e1864bdc1 -370.305 38.381 6.906 270.000 270.000 0.000 1.000 1.000 1.000
3ae249c445724a41b7a2621e1864bdc1 -370.305 38.381 2.688 270.000 270.000 0.000 1.000 1.000 1.000
be02c0e774714f2a963e8d6ee54bbabf -262.537 38.381 38.969 270.000 180.000 0.000 1.000 1.000 1.000
be02c0e774714f2a963e8d6ee54bbabf -381.716 38.381 72.262 270.000 180.000 0.000 1.000 1.000 1.000
3d37d6da42a34f19b6b6a25e3ab8eaab -268.847 38.693 32.654 270.000 270.000 0.000 1.000 1.000 1.000
3d37d6da42a34f19b6b6a25e3ab8eaab -272.847 38.693 32.654 270.000 270.000 0.000 1.000 1.000 1.000
3d37d6da42a34f19b6b6a25e3ab8eaab -276.847 38.693 32.654 270.000 270.000 0.000 1.000 1.000 1.000
7259ea03530a4ff880e857ca62a0c662 -270.777 38.693 37.928 270.000 -0.000 0.000 1.000 1.000 1.000
7259ea03530a4ff880e857ca62a0c662 -274.736 38.693 37.928 270.000 -0.000 0.000 1.000 1.000 1.000
8c05d039f62a4e40a3e448fcaeb31efd -364.655 38.661 10.246 270.000 270.000 0.000 1.000 1.000 1.000
8c05d039f62a4e40a3e448fcaeb31efd -364.655 38.661 11.009 270.000 270.000 0.000 1.000 1.000 1.000
8c05d039f62a4e40a3e448fcaeb31efd -364.655 38.661 12.545 270.000 270.000 0.000 1.000 1.000 1.000
8c05d039f62a4e40a3e448fcaeb31efd -364.655 38.661 11.782 270.000 270.000 0.000 1.000 1.000 1.000
8c05d039f62a4e40a3e448fcaeb31efd -364.655 38.661 8.731 270.000 270.000 0.000 1.000 1.000 1.000
8c05d039f62a4e40a3e448fcaeb31efd -364.655 38.661 9.494 270.000 270.000 0.000 1.000 1.000 1.000
c2ea9b50d4d640438800b9ff553ec627 -357.210 38.661 10.777 270.000 -0.000 0.000 1.000 1.000 1.000
c2ea9b50d4d640438800b9ff553ec627 -360.930 38.661 10.777 270.000 -0.000 0.000 1.000 1.000 1.000
050dbe869b1c4fd5b215c552d145effd -354.526 38.661 1.852 270.000 -0.000 0.000 1.000 1.000 1.000
050dbe869b1c4fd5b215c552d145effd -356.003 38.661 1.852 270.000 -0.000 0.000 1.000 1.000 1.000
050dbe869b1c4fd5b215c552d145effd -353.046 38.661 1.852 270.000 -0.000 0.000 1.000 1.000 1.000
050dbe869b1c4fd5b215c552d145effd -351.569 38.661 1.852 270.000 -0.000 0.000 1.000 1.000 1.000
156a673581474f6aa368ff6e08b8f25a -352.330 40.011 1.742 270.000 -0.000 0.000 1.000 1.000 1.000
3d37d6da42a34f19b6b6a25e3ab8eaab -382.534 38.646 60.184 270.000 90.000 0.000 1.000 1.000 1.000
3d37d6da42a34f19b6b6a25e3ab8eaab -382.534 38.646 53.184 270.000 90.000 0.000 1.000 1.000 1.000
3d37d6da42a34f19b6b6a25e3ab8eaab -382.534 38.646 67.184 270.000 90.000 0.000 1.000 1.000 1.000
e9f0b774202d420aa3a2b0dc661570da -378.367 38.646 64.241 270.000 90.000 0.000 1.000 1.000 1.000
e9f0b774202d420aa3a2b0dc661570da -378.367 38.646 57.141 270.000 90.000 0.000 1.000 1.000 1.000
84b3a672bc0643d1b12b2b345a88ba46 -377.910 39.896 57.636 270.000 351.000 0.000 1.000 1.000 1.000
84b3a672bc0643d1b12b2b345a88ba46 -377.910 39.896 64.707 270.000 351.000 0.000 1.000 1.000 1.000
84b3a672bc0643d1b12b2b345a88ba46 -358.830 39.931 107.662 270.000 353.000 0.000 1.000 1.000 1.000
3d37d6da42a34f19b6b6a25e3ab8eaab -362.998 38.681 100.386 270.000 180.000 0.000 1.000 1.000 1.000
3d37d6da42a34f19b6b6a25e3ab8eaab -362.998 38.681 96.386 270.000 180.000 0.000 1.000 1.000 1.000
3d37d6da42a34f19b6b6a25e3ab8eaab -352.897 38.681 96.386 270.000 180.000 0.000 1.000 1.000 1.000
3d37d6da42a34f19b6b6a25e3ab8eaab -352.897 38.681 100.386 270.000 180.000 0.000 1.000 1.000 1.000
e73f9a6daf7f4852a60374999a0723a6 -356.174 38.373 92.196 270.000 -0.000 0.000 1.000 1.000 1.000
2e698a7b85e94c019b3f91ec8796a961 -360.549 38.406 88.557 270.000 20.000 0.000 1.000 1.000 1.000 Cardboard_1
54ce5b19a2564000bd0227e9a51410a0 -357.991 38.414 87.584 270.000 256.000 0.000 1.000 1.000 1.000 Cardboard_0
2e698a7b85e94c019b3f91ec8796a961 -361.525 38.414 85.939 270.000 300.000 0.000 1.000 1.000 1.000 Cardboard_0
5f56c3fa62254a5eab04750d1738bae9 -362.193 39.906 95.904 270.000 -0.000 0.000 1.000 1.000 1.000 Cardboard_1
5f56c3fa62254a5eab04750d1738bae9 -362.079 39.156 100.875 270.000 -0.000 0.000 1.000 1.000 1.000 Cardboard_1
579a96c41b3d4175aa984902d5ab368f -362.994 39.156 96.947 270.000 -0.000 0.000 1.000 1.000 1.000 Cardboard_1
579a96c41b3d4175aa984902d5ab368f -352.071 39.156 95.811 270.000 -0.000 0.000 1.000 1.000 1.000 Cardboard_0
5f56c3fa62254a5eab04750d1738bae9 -352.884 39.906 100.877 270.000 -0.000 0.000 1.000 1.000 1.000 Cardboard_0
5f56c3fa62254a5eab04750d1738bae9 -353.106 40.656 96.902 270.000 353.000 0.000 1.000 1.000 1.000 Cardboard_1
5f56c3fa62254a5eab04750d1738bae9 -361.140 40.656 100.820 270.000 354.000 0.000 1.000 1.000 1.000 Cardboard_0
5f56c3fa62254a5eab04750d1738bae9 -361.681 39.906 99.856 270.000 -0.000 0.000 1.000 1.000 1.000 Cardboard_0
2e698a7b85e94c019b3f91ec8796a961 -359.019 38.738 102.367 270.000 305.000 0.000 1.000 1.000 1.000 Cardboard_1
54ce5b19a2564000bd0227e9a51410a0 -358.386 38.712 94.816 270.000 27.000 0.000 1.000 1.000 1.000 Cardboard_0
84b3a672bc0643d1b12b2b345a88ba46 -354.291 39.943 68.684 270.000 94.000 0.000 1.000 1.000 1.000
c2ea9b50d4d640438800b9ff553ec627 -361.031 38.693 68.507 270.000 -0.000 0.000 1.000 1.000 1.000
c2ea9b50d4d640438800b9ff553ec627 -365.031 38.693 68.507 270.000 -0.000 0.000 1.000 1.000 1.000
c2ea9b50d4d640438800b9ff553ec627 -369.031 38.693 68.507 270.000 -0.000 0.000 1.000 1.000 1.000
c2ea9b50d4d640438800b9ff553ec627 -369.031 38.693 73.507 270.000 -0.000 0.000 1.000 1.000 1.000
c2ea9b50d4d640438800b9ff553ec627 -365.031 38.693 73.507 270.000 -0.000 0.000 1.000 1.000 1.000
c2ea9b50d4d640438800b9ff553ec627 -361.031 38.693 73.507 270.000 -0.000 0.000 1.000 1.000 1.000
d6b9b42d15d64370aef38df79c8c56ac -357.216 38.381 59.239 270.000 -0.000 0.000 1.000 1.000 1.000
61e43d05791d4269b626de9bedbf0a03 -359.135 38.631 58.652 270.000 340.000 0.000 1.000 1.000 1.000
a19b3ec55a2046668611c9d2775efd99 -358.050 38.631 59.777 270.000 6.000 0.000 1.000 1.000 1.000
61e43d05791d4269b626de9bedbf0a03 -355.375 38.631 58.708 270.000 285.000 0.000 1.000 1.000 1.000
61e43d05791d4269b626de9bedbf0a03 -357.759 38.631 58.733 270.000 274.000 0.000 1.000 1.000 1.000
82352cf5ad914f4cb9293fe22aec07ee -351.517 39.078 49.944 270.000 270.000 0.000 1.000 1.000 1.000
82352cf5ad914f4cb9293fe22aec07ee -353.432 39.229 49.794 -0.000 270.000 90.000 1.000 1.000 1.000
717ae274519f4f4fa760e6fbf4a3614b -368.986 38.381 50.812 270.000 359.000 0.000 1.000 1.000 1.000
717ae274519f4f4fa760e6fbf4a3614b -363.012 40.091 62.074 345.000 0.000 270.000 1.000 1.000 1.000
717ae274519f4f4fa760e6fbf4a3614b -361.863 38.381 53.744 270.000 54.000 0.000 1.000 1.000 1.000
4ca1de6fdcc84b6bbc4a76c3ad394739 -361.677 38.694 54.692 270.000 -0.000 0.000 1.000 1.000 1.000
4ca1de6fdcc84b6bbc4a76c3ad394739 -360.874 38.694 53.588 270.000 -0.000 0.000 1.000 1.000 1.000
4ca1de6fdcc84b6bbc4a76c3ad394739 -362.673 38.694 53.837 270.000 -0.000 0.000 1.000 1.000 1.000
4ca1de6fdcc84b6bbc4a76c3ad394739 -361.967 38.694 52.796 270.000 -0.000 0.000 1.000 1.000 1.000
756faa5eea0b4df7b2602e1d77932057 -368.321 38.699 50.231 270.000 -0.000 0.000 1.000 1.000 1.000
756faa5eea0b4df7b2602e1d77932057 -369.599 38.699 51.506 270.000 -0.000 0.000 1.000 1.000 1.000
aacd164d8e4041aab78179c7886f4461 -369.602 38.699 50.224 270.000 -0.000 0.000 1.000 1.000 1.000
aacd164d8e4041aab78179c7886f4461 -368.363 38.699 51.626 270.000 -0.000 0.000 1.000 1.000 1.000
cb0d8bf87fca47e3b73f634959a9f523 -352.959 38.381 60.033 270.000 16.000 0.000 1.000 1.000 1.000
63d50ff7268240eab2c3c18919079226 -364.341 39.352 59.898 270.000 -0.000 0.000 1.000 1.000 1.000
63d50ff7268240eab2c3c18919079226 -362.226 39.352 59.898 270.000 -0.000 0.000 1.000 1.000 1.000
63d50ff7268240eab2c3c18919079226 -363.272 40.953 59.898 270.000 -0.000 0.000 1.000 1.000 1.000
cb0d8bf87fca47e3b73f634959a9f523 -356.063 38.381 53.641 270.000 70.000 0.000 1.000 1.000 1.000
cb0d8bf87fca47e3b73f634959a9f523 -354.430 38.381 53.552 270.000 79.000 0.000 1.000 1.000 1.000
cb0d8bf87fca47e3b73f634959a9f523 -355.324 38.381 52.415 270.000 45.000 0.000 1.000 1.000 1.000
054a9392fed9484e950ff92d13631f06 -365.754 38.381 49.917 270.000 4.000 0.000 1.000 1.000 1.000
65906f4174724825849478b60ecc348a -379.973 38.655 110.308 270.000 90.000 0.000 1.000 1.000 1.000
65906f4174724825849478b60ecc348a -379.973 38.655 109.542 270.000 90.000 0.000 1.000 1.000 1.000
65906f4174724825849478b60ecc348a -379.973 38.655 108.005 270.000 90.000 0.000 1.000 1.000 1.000
65906f4174724825849478b60ecc348a -379.973 38.655 108.770 270.000 90.000 0.000 1.000 1.000 1.000
3d37d6da42a34f19b6b6a25e3ab8eaab -374.598 38.655 109.275 270.000 -0.000 0.000 1.000 1.000 1.000
5c5d591a49c948a4a812b662b48e87f3 -374.034 38.655 95.212 270.000 270.000 0.000 1.000 1.000 1.000
c09e13f5e43647e79692469b5a9ed4ed -374.034 38.655 94.129 270.000 180.000 0.000 1.000 1.000 1.000
5c5d591a49c948a4a812b662b48e87f3 -376.417 38.655 94.668 270.000 180.000 0.000 1.000 1.000 1.000
6b1dc75a2d88411bbc3af6843e71db02 -370.534 41.072 96.876 270.000 90.000 0.000 1.000 1.000 1.000
2c7cff9158b445b2a7ac437a3ac38806 -379.034 41.195 96.608 270.000 270.000 0.000 1.000 1.000 1.000
f16f2c63e5e1484ab4125af2535e5d6d -375.566 39.842 95.069 270.000 315.000 0.000 1.000 1.000 1.000
0fcf5364097e4a199d419a9cf2a60dd7 -375.322 38.655 95.243 270.000 -0.000 0.000 1.000 1.000 1.000
ce6db4c70aee4e59afa82271d2aca431 -376.037 39.842 93.877 270.000 186.002 0.000 1.000 1.000 1.000
c09e13f5e43647e79692469b5a9ed4ed -373.028 38.655 97.267 270.000 15.000 0.000 1.000 1.000 1.000
c09e13f5e43647e79692469b5a9ed4ed -374.861 38.655 97.227 270.000 345.000 0.000 1.000 1.000 1.000
e73f9a6daf7f4852a60374999a0723a6 -302.974 38.381 83.671 270.000 270.000 0.000 1.000 1.000 1.000
61e43d05791d4269b626de9bedbf0a03 -303.092 38.881 83.186 270.000 -0.000 0.000 1.000 1.000 1.000
e73f9a6daf7f4852a60374999a0723a6 -302.083 38.381 53.135 270.000 270.000 0.000 1.000 1.000 1.000
a19b3ec55a2046668611c9d2775efd99 -302.196 38.881 53.617 270.000 -0.000 0.000 1.000 1.000 1.000
61e43d05791d4269b626de9bedbf0a03 -302.211 38.881 52.531 270.000 270.000 0.000 1.000 1.000 1.000
e9ce671e95c14e60a12cf755f25dce3f -302.042 38.381 10.250 270.000 270.000 0.000 1.000 1.000 1.000
a19b3ec55a2046668611c9d2775efd99 -302.046 38.881 10.843 270.000 -0.000 0.000 1.000 1.000 1.000
e73f9a6daf7f4852a60374999a0723a6 -367.904 38.381 94.628 270.000 -0.000 0.000 1.000 1.000 1.000
61e43d05791d4269b626de9bedbf0a03 -367.460 38.881 94.741 270.000 -0.000 0.000 1.000 1.000 1.000
e9ce671e95c14e60a12cf755f25dce3f -375.271 38.381 52.810 270.000 270.000 0.000 1.000 1.000 1.000
61e43d05791d4269b626de9bedbf0a03 -375.321 38.881 53.367 270.000 -0.000 0.000 1.000 1.000 1.000
a19b3ec55a2046668611c9d2775efd99 -375.260 38.881 52.156 270.000 -0.000 0.000 1.000 1.000 1.000
b0f015c0234a4e95a7a61873e34d4d4b -280.117 38.660 79.584 270.000 45.000 0.000 1.000 1.000 1.000
b3f45cfd50b54cd89ee25272c4bd28a3 -301.718 38.381 69.309 270.000 51.000 0.000 1.000 1.000 1.000
b3f45cfd50b54cd89ee25272c4bd28a3 -296.968 38.381 95.088 270.000 165.000 0.000 1.000 1.000 1.000
bd1554d0c8564890a852dd34932d16d3 -288.994 52.927 100.007 270.000 315.000 0.000 1.000 1.000 1.000
bd1554d0c8564890a852dd34932d16d3 -288.994 46.178 100.007 270.000 315.000 0.000 1.000 1.000 1.000
bd1554d0c8564890a852dd34932d16d3 -288.994 39.450 100.007 270.000 315.000 0.000 1.000 1.000 1.000
b3f45cfd50b54cd89ee25272c4bd28a3 -288.975 54.306 65.862 270.000 -0.000 0.000 1.000 1.000 1.000
b3f45cfd50b54cd89ee25272c4bd28a3 -297.922 54.490 52.806 270.000 -0.000 0.000 1.000 1.000 1.000
b047e1fb621e499d8803ce0d90e5b241 -269.850 38.381 121.360 270.000 -0.000 0.000 1.000 1.000 1.000
b55c500ae0cd4b40904bf75578173812 -269.886 46.424 122.090 270.000 -0.000 0.000 1.000 1.000 1.000
b55c500ae0cd4b40904bf75578173812 -269.886 39.727 122.090 270.000 -0.000 0.000 1.000 1.000 1.000
cb0d8bf87fca47e3b73f634959a9f523 -277.693 54.484 92.059 270.000 56.000 0.000 1.000 1.000 1.000
cb0d8bf87fca47e3b73f634959a9f523 -278.541 54.484 90.833 270.000 40.000 0.000 1.000 1.000 1.000
cb0d8bf87fca47e3b73f634959a9f523 -279.460 54.484 91.956 270.000 45.000 0.000 1.000 1.000 1.000
054a9392fed9484e950ff92d13631f06 -280.092 54.484 90.053 270.000 46.000 0.000 1.000 1.000 1.000
717ae274519f4f4fa760e6fbf4a3614b -277.266 54.484 105.050 270.000 330.000 0.000 1.000 1.000 1.000
717ae274519f4f4fa760e6fbf4a3614b -284.930 54.484 81.706 270.000 22.000 0.000 1.000 1.000 1.000
07132524c8554ac4b24fd7618b32c297 -285.625 54.716 81.973 270.000 108.000 0.000 1.000 1.000 1.000
07132524c8554ac4b24fd7618b32c297 -276.952 54.734 104.459 270.000 339.000 0.000 1.000 1.000 1.000
247828ef63574258b6e1be743309c028 -277.616 54.734 105.669 270.000 323.000 0.000 1.000 1.000 1.000
247828ef63574258b6e1be743309c028 -284.232 54.734 81.275 270.000 296.000 0.000 1.000 1.000 1.000
419ab455e8b04104a81a3343fa69adb2 -297.793 54.490 58.046 293.000 203.000 90.000 1.000 1.000 1.000
1844f8668ac841cb8028e65af96f23e3 -296.388 54.369 57.032 270.000 -0.000 0.000 1.000 1.000 1.000
1844f8668ac841cb8028e65af96f23e3 -298.970 54.150 59.180 270.000 222.000 0.000 1.000 1.000 1.000
bca7ab61ae6046aeb5bcc4832202a29a -295.910 55.180 58.378 297.000 195.000 270.000 1.000 1.000 1.000
bca7ab61ae6046aeb5bcc4832202a29a -298.817 55.142 59.630 297.000 195.000 270.000 1.000 1.000 1.000
717ae274519f4f4fa760e6fbf4a3614b -273.831 38.348 103.948 270.000 45.000 0.000 1.000 1.000 1.000
07132524c8554ac4b24fd7618b32c297 -274.420 38.591 103.477 270.000 47.000 0.000 1.000 1.000 1.000
247828ef63574258b6e1be743309c028 -273.324 38.591 104.447 270.000 44.000 0.000 1.000 1.000 1.000
247828ef63574258b6e1be743309c028 -273.324 39.005 104.447 270.000 57.000 0.000 1.000 1.000 1.000
e333b2454ddf4b888e22bb7edf9d28f7 -275.871 38.660 80.445 270.000 45.000 0.000 1.000 1.000 1.000
e333b2454ddf4b888e22bb7edf9d28f7 -281.028 38.660 75.288 270.000 225.000 0.000 1.000 1.000 1.000
6ca29393aa7241348bf098dc4fbd7d18 -277.389 38.660 78.725 270.000 120.000 0.000 1.000 1.000 1.000
6ca29393aa7241348bf098dc4fbd7d18 -279.203 38.660 76.900 270.000 150.000 0.000 1.000 1.000 1.000
5c5d591a49c948a4a812b662b48e87f3 -281.840 38.660 81.307 270.000 45.000 0.000 1.000 1.000 1.000
82352cf5ad914f4cb9293fe22aec07ee -266.630 39.240 85.449 0.000 186.003 270.000 1.000 1.000 1.000
82352cf5ad914f4cb9293fe22aec07ee -294.775 39.231 94.492 0.000 164.000 180.001 1.000 1.000 1.000
054a9392fed9484e950ff92d13631f06 -261.760 38.381 101.795 270.000 347.000 0.000 1.000 1.000 1.000
054a9392fed9484e950ff92d13631f06 -262.205 38.381 103.717 270.000 351.000 0.000 1.000 1.000 1.000
054a9392fed9484e950ff92d13631f06 -263.775 38.381 101.436 270.000 353.000 0.000 1.000 1.000 1.000
054a9392fed9484e950ff92d13631f06 -264.166 38.381 103.453 270.000 349.000 0.000 1.000 1.000 1.000
054a9392fed9484e950ff92d13631f06 -262.956 40.256 102.637 270.000 327.000 0.000 1.000 1.000 1.000
63d50ff7268240eab2c3c18919079226 -258.681 40.969 121.232 270.000 135.000 0.000 1.000 1.000 1.000
63d50ff7268240eab2c3c18919079226 -259.397 39.290 120.517 270.000 135.000 0.000 1.000 1.000 1.000
63d50ff7268240eab2c3c18919079226 -257.941 39.290 121.972 270.000 135.000 0.000 1.000 1.000 1.000
f911a15e7f9b4e4da643a47b3b9aa27d -306.499 39.545 90.324 270.000 90.000 0.000 1.000 1.000 1.000
f911a15e7f9b4e4da643a47b3b9aa27d -305.808 40.567 47.934 270.000 180.000 0.000 1.000 1.000 1.000
a94b6d3b1d164f21a173548e3cb8a566 -316.034 48.182 119.812 270.000 180.000 0.000 1.000 1.000 1.000 Bed_1
e7572f0283b8411fbbc55ee6cae3bb97 -306.005 48.182 118.752 270.000 270.000 0.000 1.000 1.000 1.000 Bed_1
a94b6d3b1d164f21a173548e3cb8a566 -305.478 43.432 119.731 270.000 180.000 0.000 1.000 1.000 1.000 Bed_0
e7572f0283b8411fbbc55ee6cae3bb97 -315.464 43.432 121.499 270.000 -0.000 0.000 1.000 1.000 1.000 Bed_1
e7572f0283b8411fbbc55ee6cae3bb97 -303.818 38.682 120.795 270.000 180.000 0.000 1.000 1.000 1.000 Bed_1
a94b6d3b1d164f21a173548e3cb8a566 -315.955 38.682 121.743 270.000 180.000 0.000 1.000 1.000 1.000 Bed_0
90da84de3f214d129de92b6ee8df60af -312.285 43.436 118.583 270.000 180.000 0.000 1.000 1.000 1.000
68339521990c4d70903dfd68da2cd886 -310.402 43.429 118.527 270.000 180.000 0.000 1.000 1.000 1.000
90da84de3f214d129de92b6ee8df60af -312.285 48.165 118.583 270.000 180.000 0.000 1.000 1.000 1.000
68339521990c4d70903dfd68da2cd886 -310.402 48.159 118.527 270.000 180.000 0.000 1.000 1.000 1.000
a94b6d3b1d164f21a173548e3cb8a566 -314.047 38.681 25.192 270.000 90.000 0.000 1.000 1.000 1.000 Bed_1
e7572f0283b8411fbbc55ee6cae3bb97 -319.266 38.681 4.900 270.000 180.000 0.000 1.000 1.000 1.000 Bed_0
e7572f0283b8411fbbc55ee6cae3bb97 -309.663 38.681 24.473 270.000 270.000 0.000 1.000 1.000 1.000 Bed_0
90da84de3f214d129de92b6ee8df60af -304.094 38.685 12.788 270.000 90.000 0.000 1.000 1.000 1.000
68339521990c4d70903dfd68da2cd886 -304.038 38.678 14.671 270.000 90.000 0.000 1.000 1.000 1.000
de77f2af2bfd49e8a3e1c388f1665081 -303.265 43.431 5.080 270.000 90.000 0.000 1.000 1.000 1.000
a94b6d3b1d164f21a173548e3cb8a566 -316.236 43.431 4.885 270.000 180.000 0.000 1.000 1.000 1.000 Bed_1
a94b6d3b1d164f21a173548e3cb8a566 -318.352 43.431 24.931 270.000 270.000 0.000 1.000 1.000 1.000 Bed_1
e7572f0283b8411fbbc55ee6cae3bb97 -305.207 43.431 28.931 270.000 90.000 0.000 1.000 1.000 1.000 Bed_0
437ea643805e43e399126f631aaf2a03 -313.989 38.617 49.382 270.000 90.000 0.000 1.000 1.000 1.000
0467a617f1194026bff310538f34dd05 -313.989 39.811 49.382 270.000 180.000 0.000 1.000 1.000 1.000
87806c2130bc4bd8b4f3276edf2222a6 -313.991 38.668 47.301 270.000 180.000 0.000 1.000 1.000 1.000
156a673581474f6aa368ff6e08b8f25a -314.052 39.856 47.428 270.000 90.000 0.000 1.000 1.000 1.000
87806c2130bc4bd8b4f3276edf2222a6 -318.440 38.668 40.484 270.000 90.000 0.000 1.000 1.000 1.000
038e95f9ee6a49e7899f50acfe11f7d1 -316.334 38.668 41.122 270.000 90.000 0.000 1.000 1.000 1.000
87806c2130bc4bd8b4f3276edf2222a6 -314.140 38.668 40.484 270.000 90.000 0.000 1.000 1.000 1.000
038e95f9ee6a49e7899f50acfe11f7d1 -311.867 38.668 41.122 270.000 90.000 0.000 1.000 1.000 1.000
038e95f9ee6a49e7899f50acfe11f7d1 -316.134 38.668 54.764 270.000 90.000 0.000 1.000 1.000 1.000
038e95f9ee6a49e7899f50acfe11f7d1 -311.823 38.668 54.764 270.000 90.000 0.000 1.000 1.000 1.000
87806c2130bc4bd8b4f3276edf2222a6 -313.929 38.668 55.405 270.000 90.000 0.000 1.000 1.000 1.000
87806c2130bc4bd8b4f3276edf2222a6 -318.440 38.668 55.405 270.000 90.000 0.000 1.000 1.000 1.000
87806c2130bc4bd8b4f3276edf2222a6 -310.038 38.668 55.405 270.000 90.000 0.000 1.000 1.000 1.000
038e95f9ee6a49e7899f50acfe11f7d1 -307.932 38.668 54.764 270.000 90.000 0.000 1.000 1.000 1.000
87806c2130bc4bd8b4f3276edf2222a6 -305.765 38.668 55.405 270.000 90.000 0.000 1.000 1.000 1.000
87806c2130bc4bd8b4f3276edf2222a6 -309.973 38.668 40.484 270.000 90.000 0.000 1.000 1.000 1.000
038e95f9ee6a49e7899f50acfe11f7d1 -307.700 38.668 41.122 270.000 90.000 0.000 1.000 1.000 1.000
87806c2130bc4bd8b4f3276edf2222a6 -305.454 38.668 40.484 270.000 90.000 0.000 1.000 1.000 1.000
ce6db4c70aee4e59afa82271d2aca431 -306.104 39.856 40.469 270.000 100.000 0.000 1.000 1.000 1.000
ce6db4c70aee4e59afa82271d2aca431 -317.993 39.856 40.325 270.000 70.000 0.000 1.000 1.000 1.000
9215cb84c2a942d084fa1dffa0031949 -318.363 38.668 41.258 270.000 354.000 0.000 1.000 1.000 1.000
9215cb84c2a942d084fa1dffa0031949 -314.302 38.668 41.258 270.000 1.000 0.000 1.000 1.000 1.000
9215cb84c2a942d084fa1dffa0031949 -309.734 38.668 41.258 270.000 10.000 0.000 1.000 1.000 1.000
9215cb84c2a942d084fa1dffa0031949 -305.387 38.668 41.258 270.000 3.000 0.000 1.000 1.000 1.000
9215cb84c2a942d084fa1dffa0031949 -318.482 38.668 54.673 270.000 183.001 0.000 1.000 1.000 1.000
9215cb84c2a942d084fa1dffa0031949 -313.818 38.668 54.673 270.000 180.000 0.000 1.000 1.000 1.000
9215cb84c2a942d084fa1dffa0031949 -310.094 38.668 54.673 270.000 180.000 0.000 1.000 1.000 1.000
9215cb84c2a942d084fa1dffa0031949 -305.713 38.668 54.673 270.000 175.000 0.000 1.000 1.000 1.000
8712392ad0304c38b90061d908cbb293 -318.481 39.856 55.351 270.000 357.000 0.000 1.000 1.000 1.000
8712392ad0304c38b90061d908cbb293 -313.751 39.856 55.351 270.000 358.000 0.000 1.000 1.000 1.000
8712392ad0304c38b90061d908cbb293 -310.080 39.856 55.351 270.000 -0.000 0.000 1.000 1.000 1.000
8712392ad0304c38b90061d908cbb293 -305.701 39.856 55.351 270.000 9.000 0.000 1.000 1.000 1.000
f821ad54240043be8a6b3280a142bee4 -304.689 38.668 55.397 270.000 -0.000 0.000 1.000 1.000 1.000
f821ad54240043be8a6b3280a142bee4 -309.028 38.668 55.397 270.000 -0.000 0.000 1.000 1.000 1.000
f821ad54240043be8a6b3280a142bee4 -312.783 38.668 55.397 270.000 -0.000 0.000 1.000 1.000 1.000
f821ad54240043be8a6b3280a142bee4 -317.283 38.668 55.397 270.000 -0.000 0.000 1.000 1.000 1.000
f821ad54240043be8a6b3280a142bee4 -311.022 38.668 40.437 270.000 180.000 0.000 1.000 1.000 1.000
8712392ad0304c38b90061d908cbb293 -310.054 39.856 40.482 270.000 184.001 0.000 1.000 1.000 1.000
f821ad54240043be8a6b3280a142bee4 -315.205 38.668 40.437 270.000 180.000 0.000 1.000 1.000 1.000
8712392ad0304c38b90061d908cbb293 -314.153 39.856 40.482 270.000 172.000 0.000 1.000 1.000 1.000
038e95f9ee6a49e7899f50acfe11f7d1 -317.753 38.694 76.289 270.000 -0.000 0.000 1.000 1.000 1.000
437ea643805e43e399126f631aaf2a03 -304.744 38.661 83.850 270.000 90.000 0.000 1.000 1.000 1.000
0467a617f1194026bff310538f34dd05 -304.744 39.855 83.850 270.000 180.000 0.000 1.000 1.000 1.000
5c5d591a49c948a4a812b662b48e87f3 -318.173 38.694 89.786 270.000 -0.000 0.000 1.000 1.000 1.000
5c5d591a49c948a4a812b662b48e87f3 -318.173 38.694 84.424 270.000 -0.000 0.000 1.000 1.000 1.000
5c5d591a49c948a4a812b662b48e87f3 -318.173 38.694 78.924 270.000 -0.000 0.000 1.000 1.000 1.000
038e95f9ee6a49e7899f50acfe11f7d1 -317.753 38.694 81.696 270.000 -0.000 0.000 1.000 1.000 1.000
038e95f9ee6a49e7899f50acfe11f7d1 -317.753 38.694 86.966 270.000 -0.000 0.000 1.000 1.000 1.000
038e95f9ee6a49e7899f50acfe11f7d1 -310.662 38.694 86.966 270.000 -0.000 0.000 1.000 1.000 1.000
038e95f9ee6a49e7899f50acfe11f7d1 -310.662 38.694 81.696 270.000 -0.000 0.000 1.000 1.000 1.000
038e95f9ee6a49e7899f50acfe11f7d1 -310.662 38.694 76.289 270.000 -0.000 0.000 1.000 1.000 1.000
038e95f9ee6a49e7899f50acfe11f7d1 -308.986 38.694 77.950 270.000 270.000 0.000 1.000 1.000 1.000
038e95f9ee6a49e7899f50acfe11f7d1 -308.986 38.694 81.194 270.000 270.000 0.000 1.000 1.000 1.000
038e95f9ee6a49e7899f50acfe11f7d1 -308.986 38.694 84.398 270.000 270.000 0.000 1.000 1.000 1.000
038e95f9ee6a49e7899f50acfe11f7d1 -308.986 38.694 87.624 270.000 270.000 0.000 1.000 1.000 1.000
5c5d591a49c948a4a812b662b48e87f3 -310.110 38.694 78.924 270.000 -0.000 0.000 1.000 1.000 1.000
5c5d591a49c948a4a812b662b48e87f3 -310.110 38.694 84.424 270.000 -0.000 0.000 1.000 1.000 1.000
5c5d591a49c948a4a812b662b48e87f3 -310.110 38.694 89.786 270.000 -0.000 0.000 1.000 1.000 1.000
5c5d591a49c948a4a812b662b48e87f3 -305.124 38.694 81.197 270.000 -0.000 0.000 1.000 1.000 1.000
156a673581474f6aa368ff6e08b8f25a -305.199 39.882 81.332 270.000 90.000 0.000 1.000 1.000 1.000
f16f2c63e5e1484ab4125af2535e5d6d -310.215 39.882 89.860 270.000 90.000 0.000 1.000 1.000 1.000
f16f2c63e5e1484ab4125af2535e5d6d -310.215 39.882 84.589 270.000 90.000 0.000 1.000 1.000 1.000
f16f2c63e5e1484ab4125af2535e5d6d -310.215 39.882 78.940 270.000 90.000 0.000 1.000 1.000 1.000
0fcf5364097e4a199d419a9cf2a60dd7 -310.101 38.694 77.611 270.000 100.000 0.000 1.000 1.000 1.000
0fcf5364097e4a199d419a9cf2a60dd7 -310.101 38.694 83.039 270.000 96.000 0.000 1.000 1.000 1.000
0fcf5364097e4a199d419a9cf2a60dd7 -310.115 38.694 88.462 270.000 90.000 0.000 1.000 1.000 1.000
c09e13f5e43647e79692469b5a9ed4ed -311.133 38.694 89.920 270.000 270.000 0.000 1.000 1.000 1.000
c09e13f5e43647e79692469b5a9ed4ed -311.133 38.694 84.546 270.000 270.000 0.000 1.000 1.000 1.000
c09e13f5e43647e79692469b5a9ed4ed -311.133 38.694 79.044 270.000 270.000 0.000 1.000 1.000 1.000
c09e13f5e43647e79692469b5a9ed4ed -317.254 38.694 89.791 270.000 90.000 0.000 1.000 1.000 1.000
0fcf5364097e4a199d419a9cf2a60dd7 -318.142 38.694 91.160 270.000 265.000 0.000 1.000 1.000 1.000
f16f2c63e5e1484ab4125af2535e5d6d -318.172 39.882 89.896 270.000 270.000 0.000 1.000 1.000 1.000
0fcf5364097e4a199d419a9cf2a60dd7 -318.286 38.694 85.796 270.000 276.000 0.000 1.000 1.000 1.000
c09e13f5e43647e79692469b5a9ed4ed -317.254 38.694 84.421 270.000 90.000 0.000 1.000 1.000 1.000
f16f2c63e5e1484ab4125af2535e5d6d -318.172 39.882 84.378 270.000 270.000 0.000 1.000 1.000 1.000
0fcf5364097e4a199d419a9cf2a60dd7 -318.271 38.694 80.373 270.000 270.000 0.000 1.000 1.000 1.000
c09e13f5e43647e79692469b5a9ed4ed -317.254 38.694 78.916 270.000 90.000 0.000 1.000 1.000 1.000
f16f2c63e5e1484ab4125af2535e5d6d -318.172 39.882 78.976 270.000 270.000 0.000 1.000 1.000 1.000
aa7fd5bc5e634a0c846770a28ff6cd65 -289.404 38.381 107.816 270.000 270.000 0.000 1.000 1.000 1.000
4f2b60ecae204b899eec282891a79e05 -293.849 38.381 84.532 270.000 105.000 0.000 1.000 1.000 1.000
aa7fd5bc5e634a0c846770a28ff6cd65 -290.549 54.484 94.646 270.000 37.000 0.000 1.000 1.000 1.000
cb0d8bf87fca47e3b73f634959a9f523 -310.669 38.381 67.199 270.000 -0.000 0.000 1.000 1.000 1.000
113bcf43c0f0470b8fe47217bbbe55ad -289.402 38.381 66.510 270.000 -0.000 0.000 1.000 1.000 1.000
61e43d05791d4269b626de9bedbf0a03 -286.401 38.506 57.369 270.000 188.002 0.000 1.000 1.000 1.000
d6b9b42d15d64370aef38df79c8c56ac -286.920 38.256 58.922 270.000 269.000 0.000 1.000 1.000 1.000
cb0d8bf87fca47e3b73f634959a9f523 -297.256 38.381 34.419 270.000 -0.000 0.000 1.000 1.000 1.000
a19b3ec55a2046668611c9d2775efd99 -287.055 38.506 58.512 270.000 350.000 0.000 1.000 1.000 1.000
61e43d05791d4269b626de9bedbf0a03 -286.377 38.506 61.009 270.000 248.000 0.000 1.000 1.000 1.000
1011ef5d23db4535bdfacff31b3f7bd4 -325.045 38.952 65.231 270.000 90.000 0.000 1.000 1.000 1.000
791c01cf53c74d6fb88811d695100760 -325.045 38.952 65.231 270.000 90.000 0.000 1.000 1.000 1.000
584641f35e8540ec85ed88f3aca40622 -307.359 38.682 124.548 270.000 -0.000 0.000 1.000 1.000 1.000
584641f35e8540ec85ed88f3aca40622 -315.144 43.432 118.479 270.000 -0.000 0.000 1.000 1.000 1.000
87806c2130bc4bd8b4f3276edf2222a6 -318.844 43.432 125.726 270.000 -0.000 0.000 1.000 1.000 1.000
9215cb84c2a942d084fa1dffa0031949 -318.084 43.432 125.744 270.000 77.000 0.000 1.000 1.000 1.000
52d575ae564f46649523c98875130784 -319.014 44.620 125.425 270.000 -0.000 0.000 1.000 1.000 1.000
2e060a3768094817887d5f2c8d884d61 -304.334 48.182 127.261 270.000 330.000 0.000 1.000 1.000 1.000
9215cb84c2a942d084fa1dffa0031949 -305.903 48.182 127.740 270.000 293.000 0.000 1.000 1.000 1.000
9215cb84c2a942d084fa1dffa0031949 -304.204 48.182 126.075 270.000 178.000 0.000 1.000 1.000 1.000
52d575ae564f46649523c98875130784 -304.373 49.370 127.265 270.000 39.000 0.000 1.000 1.000 1.000
584641f35e8540ec85ed88f3aca40622 -307.475 48.182 120.454 270.000 -0.000 0.000 1.000 1.000 1.000
0e8c0a20e8e947018e8e5859f0a4064f -318.581 48.182 118.873 270.000 -0.000 0.000 1.000 1.000 1.000
29ea162548484889be12ecd51bf6294c -318.593 49.370 118.611 270.000 145.000 0.000 1.000 1.000 1.000
0aeeefaf364f46f9906aff76c40c6d2b -319.339 48.134 124.330 270.000 270.000 0.000 1.000 1.000 1.000
050dbe869b1c4fd5b215c552d145effd -319.339 48.134 125.789 270.000 270.000 0.000 1.000 1.000 1.000
56e56fe3b9f24351aa37af59b4869584 -319.229 48.134 127.174 270.000 270.000 0.000 1.000 1.000 1.000
584641f35e8540ec85ed88f3aca40622 -315.590 38.682 118.913 270.000 -0.000 0.000 1.000 1.000 1.000
584641f35e8540ec85ed88f3aca40622 -307.562 43.432 118.574 270.000 -0.000 0.000 1.000 1.000 1.000
584641f35e8540ec85ed88f3aca40622 -303.371 43.432 118.449 270.000 -0.000 0.000 1.000 1.000 1.000
8388edfa33b84f78ad7f5d277412433b -314.302 38.681 13.368 270.000 -0.000 0.000 1.000 1.000 1.000 Wardrobe_0
8388edfa33b84f78ad7f5d277412433b -314.667 38.681 19.520 270.000 180.000 0.000 1.000 1.000 1.000 Wardrobe_0
8242af6ef10e42ce9a2a31df1e0c2767 -311.242 38.681 21.588 270.000 270.000 0.000 1.000 1.000 1.000 Wardrobe_1
8242af6ef10e42ce9a2a31df1e0c2767 -314.667 43.429 19.454 270.000 180.000 0.000 1.000 1.000 1.000 Wardrobe_0
8388edfa33b84f78ad7f5d277412433b -311.252 43.431 27.010 270.000 270.000 0.000 1.000 1.000 1.000 Wardrobe_0
8388edfa33b84f78ad7f5d277412433b -312.456 43.431 11.499 270.000 90.000 0.000 1.000 1.000 1.000 Wardrobe_1
0e8c0a20e8e947018e8e5859f0a4064f -318.716 43.431 4.000 270.000 -0.000 0.000 1.000 1.000 1.000
0e8c0a20e8e947018e8e5859f0a4064f -313.750 43.431 4.000 270.000 -0.000 0.000 1.000 1.000 1.000
0e8c0a20e8e947018e8e5859f0a4064f -319.381 43.309 22.567 270.000 -0.000 0.000 1.000 1.000 1.000
0e8c0a20e8e947018e8e5859f0a4064f -319.381 43.309 27.331 270.000 -0.000 0.000 1.000 1.000 1.000
0e8c0a20e8e947018e8e5859f0a4064f -313.087 38.681 27.559 270.000 -0.000 0.000 1.000 1.000 1.000
0e8c0a20e8e947018e8e5859f0a4064f -313.087 38.681 22.729 270.000 -0.000 0.000 1.000 1.000 1.000
0e8c0a20e8e947018e8e5859f0a4064f -317.351 38.681 3.831 270.000 90.000 0.000 1.000 1.000 1.000
0e8c0a20e8e947018e8e5859f0a4064f -304.307 43.431 26.909 270.000 -0.000 0.000 1.000 1.000 1.000
8cffc239fd2d4a8383b0cc60399a5b35 -310.784 43.431 22.117 270.000 -0.000 0.000 1.000 1.000 1.000
050dbe869b1c4fd5b215c552d145effd -303.771 43.431 23.544 270.000 90.000 0.000 1.000 1.000 1.000
050dbe869b1c4fd5b215c552d145effd -303.771 43.431 20.559 270.000 90.000 0.000 1.000 1.000 1.000
0aeeefaf364f46f9906aff76c40c6d2b -303.771 43.431 22.054 270.000 90.000 0.000 1.000 1.000 1.000
6fb78536e8cb4b01b6050a2efb3d912c -303.855 44.781 20.575 270.000 98.000 0.000 1.000 1.000 1.000
2e060a3768094817887d5f2c8d884d61 -313.581 43.431 28.233 270.000 330.000 0.000 1.000 1.000 1.000
9215cb84c2a942d084fa1dffa0031949 -313.283 43.431 26.854 270.000 158.000 0.000 1.000 1.000 1.000
9215cb84c2a942d084fa1dffa0031949 -315.089 43.431 28.685 270.000 282.000 0.000 1.000 1.000 1.000
98e78ae063ac4fb3bc382a03e437260d -313.140 44.619 28.602 270.000 39.000 0.000 1.000 1.000 1.000
87806c2130bc4bd8b4f3276edf2222a6 -319.423 43.431 10.346 270.000 -0.000 0.000 1.000 1.000 1.000
9215cb84c2a942d084fa1dffa0031949 -318.760 43.431 10.241 270.000 83.000 0.000 1.000 1.000 1.000
6ce99109b6e94ddeb5ef925a2de6730a -319.688 44.619 10.539 270.000 276.000 0.000 1.000 1.000 1.000
29ea162548484889be12ecd51bf6294c -313.840 44.619 3.792 270.000 57.000 0.000 1.000 1.000 1.000
29ea162548484889be12ecd51bf6294c -318.696 44.619 3.818 270.000 113.000 0.000 1.000 1.000 1.000
366521728ff44c17a184f991a4c9cc27 -319.371 44.572 22.665 -0.000 250.000 0.000 1.000 1.000 1.000
0aeeefaf364f46f9906aff76c40c6d2b -307.223 38.681 29.537 270.000 -0.000 0.000 1.000 1.000 1.000
050dbe869b1c4fd5b215c552d145effd -308.713 38.681 29.537 270.000 -0.000 0.000 1.000 1.000 1.000
050dbe869b1c4fd5b215c552d145effd -305.728 38.681 29.537 270.000 -0.000 0.000 1.000 1.000 1.000
56e56fe3b9f24351aa37af59b4869584 -304.295 38.681 29.390 270.000 -0.000 0.000 1.000 1.000 1.000
a305bcc1cdaa486fb91d05201e7d3e6f -310.225 38.681 29.181 270.000 -0.000 0.000 1.000 1.000 1.000
87806c2130bc4bd8b4f3276edf2222a6 -304.145 38.681 22.917 270.000 -0.000 0.000 1.000 1.000 1.000
9215cb84c2a942d084fa1dffa0031949 -304.224 38.681 21.533 270.000 188.002 0.000 1.000 1.000 1.000
9215cb84c2a942d084fa1dffa0031949 -304.215 38.681 24.208 270.000 353.000 0.000 1.000 1.000 1.000
52d575ae564f46649523c98875130784 -304.200 39.869 23.016 270.000 10.000 0.000 1.000 1.000 1.000
ae22774b549f44d29926a956ac6c0a4d -314.768 38.573 8.581 270.000 270.000 0.000 1.000 1.000 1.000
b489a8a63fca4d179fd315cbae8b6ed7 -312.068 40.964 8.581 270.000 90.000 0.000 1.000 1.000 1.000
584641f35e8540ec85ed88f3aca40622 -312.790 38.681 3.590 270.000 -0.000 0.000 1.000 1.000 1.000
29ea162548484889be12ecd51bf6294c -312.908 39.869 27.592 270.000 326.000 0.000 1.000 1.000 1.000
29ea162548484889be12ecd51bf6294c -313.129 39.869 22.793 270.000 57.000 0.000 1.000 1.000 1.000
87806c2130bc4bd8b4f3276edf2222a6 -259.817 38.655 61.546 270.000 315.000 0.000 1.000 1.000 1.000
9215cb84c2a942d084fa1dffa0031949 -260.524 38.655 60.839 270.000 225.000 0.000 1.000 1.000 1.000
84b3a672bc0643d1b12b2b345a88ba46 -259.341 39.842 61.479 270.000 60.000 0.000 1.000 1.000 1.000
68339521990c4d70903dfd68da2cd886 -264.158 38.655 62.852 270.000 225.000 0.000 1.000 1.000 1.000
90da84de3f214d129de92b6ee8df60af -265.572 38.655 64.266 270.000 225.000 0.000 1.000 1.000 1.000
90da84de3f214d129de92b6ee8df60af -268.401 38.655 67.095 270.000 225.000 0.000 1.000 1.000 1.000
68339521990c4d70903dfd68da2cd886 -266.987 38.655 65.680 270.000 225.000 0.000 1.000 1.000 1.000
90da84de3f214d129de92b6ee8df60af -257.065 38.655 69.945 270.000 45.000 0.000 1.000 1.000 1.000
68339521990c4d70903dfd68da2cd886 -258.479 38.655 71.359 270.000 45.000 0.000 1.000 1.000 1.000
90da84de3f214d129de92b6ee8df60af -259.893 38.655 72.773 270.000 45.000 0.000 1.000 1.000 1.000
68339521990c4d70903dfd68da2cd886 -261.308 38.655 74.188 270.000 45.000 0.000 1.000 1.000 1.000
e3226d1d2fa443c0a8e04615fa1b869b -257.464 54.490 104.640 270.000 90.000 0.000 1.000 1.000 1.000
e73f9a6daf7f4852a60374999a0723a6 -270.578 38.317 70.963 270.000 135.000 0.000 1.000 1.000 1.000
61e43d05791d4269b626de9bedbf0a03 -270.915 38.817 70.605 270.000 135.000 0.000 1.000 1.000 1.000
61e43d05791d4269b626de9bedbf0a03 -270.230 38.817 71.290 270.000 30.000 0.000 1.000 1.000 1.000
a31640c238084120a4cc7dce956cb7eb -325.275 38.552 93.147 270.000 90.000 0.000 1.000 1.000 1.000
a31640c238084120a4cc7dce956cb7eb -344.501 38.552 93.147 270.000 270.000 0.000 1.000 1.000 1.000
a31640c238084120a4cc7dce956cb7eb -325.275 38.552 69.147 270.000 90.000 0.000 1.000 1.000 1.000
a31640c238084120a4cc7dce956cb7eb -344.501 38.552 69.147 270.000 270.000 0.000 1.000 1.000 1.000
a31640c238084120a4cc7dce956cb7eb -370.888 38.552 42.760 270.000 -0.000 0.000 1.000 1.000 1.000
a31640c238084120a4cc7dce956cb7eb -370.889 38.552 23.534 270.000 180.000 0.000 1.000 1.000 1.000
a31640c238084120a4cc7dce956cb7eb -370.887 38.552 119.534 270.000 180.000 0.000 1.000 1.000 1.000
545c0410078242378ce286d294ce5408 -275.934 38.357 52.624 270.000 150.000 0.000 1.000 1.000 1.000
7cc1fd97881a4dc298921a12306a1618 -278.934 38.480 57.820 270.000 150.000 0.000 1.000 1.000 1.000
aa8dc1f70c754e71a2b11271b6a2ad2d -278.934 38.480 57.820 270.000 150.000 0.000 1.000 1.000 1.000
b72b3e79a48a4194bb4f4e6c604a3381 -278.818 39.705 58.019 270.000 150.000 0.000 1.000 1.000 1.000
78d9035383ba4cd6b5efdfa127f2054b -278.818 39.705 58.019 270.000 150.000 0.000 1.000 1.000 1.000
01145113ecff42dbb9eb5b3b0c00b69d -279.104 39.866 57.821 270.000 180.000 0.000 1.000 1.000 1.000
e9edc6e7d6c145cd9ddc593b507c7bdc -279.104 39.866 57.821 270.000 180.000 0.000 1.000 1.000 1.000
06bc649044064a91a579edbce90e7e63 -278.775 39.865 57.595 -0.000 150.000 0.000 1.000 1.000 1.000
ddc80d472e3645dbbf106f805c31d6cc -278.775 39.865 57.595 -0.000 150.000 0.000 1.000 1.000 1.000
af77885ab97f452fb03e71ac6865393e -278.816 39.670 58.036 0.000 138.000 210.000 1.000 1.000 1.000
2938859620194772a1ce84022b336cb0 -276.224 39.536 52.532 285.000 150.000 0.000 1.179 1.179 1.179
4f2ce81cd9b240c686c9975fb3944eff -276.224 39.536 52.532 285.000 150.000 0.000 1.179 1.179 1.179
507a8acfc54f4efcadc8c7e2ebfd1356 -274.165 38.381 49.606 270.000 45.000 0.000 1.000 1.000 1.000
c14cacd444fc48b78fc7645538273905 -274.165 38.381 49.606 270.000 45.000 0.000 1.000 1.000 1.000
330a53d38e29485a94a4cd3cdb93b91e -274.165 38.381 49.606 270.000 45.000 0.000 1.000 1.000 1.000
af77885ab97f452fb03e71ac6865393e -279.056 39.731 57.884 332.227 82.083 213.708 1.000 1.000 1.000
200c4c900eb4416bbc415da89268382c -277.016 38.377 54.497 270.000 150.000 0.000 1.000 1.000 1.000
aa5713bdfae44bacbc36979248e25128 -360.959 42.000 112.607 270.000 -0.000 0.000 1.000 1.000 1.000
91c7b343d13446faba663d2f63e03276 -353.869 41.904 8.029 270.000 270.000 0.000 1.000 1.000 1.000
7a7212d2746742fa8141682e965f84cc -320.525 41.911 10.766 -0.000 90.000 270.000 1.000 1.000 1.000
7a7212d2746742fa8141682e965f84cc -320.525 41.911 5.987 -0.000 90.000 270.000 1.000 1.000 1.000
7a7212d2746742fa8141682e965f84cc -320.525 41.911 22.319 -0.000 90.000 270.000 1.000 1.000 1.000
7a7212d2746742fa8141682e965f84cc -320.525 41.911 27.098 -0.000 90.000 270.000 1.000 1.000 1.000
7a7212d2746742fa8141682e965f84cc -302.603 42.061 120.804 -0.000 90.000 270.000 1.000 1.000 1.000
7a7212d2746742fa8141682e965f84cc -302.603 42.061 125.849 -0.000 90.000 270.000 1.000 1.000 1.000
2938859620194772a1ce84022b336cb0 -275.714 39.536 52.826 285.000 150.000 0.000 1.179 1.179 1.179
4f2ce81cd9b240c686c9975fb3944eff -275.714 39.536 52.826 285.000 150.000 0.000 1.179 1.179 1.179
991df3e0410b46b8b7c894194ad01520 -290.620 41.805 44.596 -0.000 270.000 90.000 1.000 1.000 1.000
b832729132a546a29eaedac06b84a46f -382.888 38.592 129.145 270.000 270.000 0.000 1.000 1.000 1.000
b832729132a546a29eaedac06b84a46f -358.888 38.592 129.145 270.000 270.000 0.000 1.000 1.000 1.000
b832729132a546a29eaedac06b84a46f -334.888 38.592 153.145 270.000 -0.000 0.000 1.000 1.000 1.000
b832729132a546a29eaedac06b84a46f -262.888 38.592 201.145 270.000 270.000 0.000 1.000 1.000 1.000
b832729132a546a29eaedac06b84a46f -334.888 38.592 225.145 270.000 -0.000 0.000 1.000 1.000 1.000
b832729132a546a29eaedac06b84a46f -286.888 38.592 201.145 270.000 270.000 0.000 1.000 1.000 1.000
b832729132a546a29eaedac06b84a46f -334.888 38.592 177.145 270.000 -0.000 0.000 1.000 1.000 1.000
8221c9c6360c4629a7dc1a197fac0196 -334.888 38.592 201.145 270.000 270.000 0.000 1.000 1.000 1.000
b832729132a546a29eaedac06b84a46f -334.888 38.592 249.145 270.000 -0.000 0.000 1.000 1.000 1.000
53ad0da716c547e89fa2d538b9cccb02 -371.057 38.652 244.791 270.000 180.000 0.000 1.000 1.000 1.000 House_01
ad6f3a64f6e04e029848886fcd098b53 -374.124 38.665 161.770 270.000 180.000 0.000 1.000 1.000 1.000 House_01
298f2f8d9b714d7597e064726dfee416 -373.492 38.740 200.046 270.000 90.000 0.000 1.000 1.000 1.000 House_00
a257d1327990438885a5608780695d47 -310.591 38.667 230.280 270.000 90.000 0.000 1.000 1.000 1.000
fe65ea3208654738ac6c54c589e0e363 -310.487 38.714 157.316 270.000 180.000 0.000 1.000 1.000 1.000
fbc6a34ebb67439c967d924bbe0486d1 -261.543 38.690 249.744 270.000 180.000 0.000 1.000 1.000 1.000
c6c4219aca5c47eca96284662a5620bf -261.440 38.686 224.605 270.000 270.000 0.000 1.000 1.000 1.000
3da2faf13e984b0e9306fcaf55b6a23c -286.218 38.606 178.565 270.000 180.000 0.000 1.000 1.000 1.000
416b63aac05f45b39a032bc8d74c8d6d -286.213 38.660 226.733 270.000 -0.000 0.000 1.000 1.000 1.000
cd7bc5fafe044e59843f8e38f579bae2 -264.191 38.638 176.185 270.000 90.000 0.000 1.000 1.000 1.000
887f4fef352d4792bf5364d61da68ec1 -281.088 38.381 254.519 270.000 -0.000 0.000 1.000 1.000 1.000
8221c9c6360c4629a7dc1a197fac0196 -334.888 38.592 129.145 270.000 90.000 0.000 1.000 1.000 1.000
767638d2909e4e5d9ed1cbb699adde33 -311.274 38.682 129.104 270.000 -0.000 0.000 1.000 1.000 1.000 Apartment_0
f56352b61a5c4ea8b30192fee88c6a95 -293.710 38.381 135.280 270.000 345.001 0.000 1.000 1.000 1.000
4a874717e96245638786ae053fca74e5 -318.765 38.405 180.178 270.000 90.000 0.000 1.000 1.000 1.000
4a874717e96245638786ae053fca74e5 -302.751 38.405 180.178 270.000 90.000 0.000 1.000 1.000 1.000
3ae249c445724a41b7a2621e1864bdc1 -299.842 38.405 184.151 270.000 270.000 0.000 1.000 1.000 1.000
3ae249c445724a41b7a2621e1864bdc1 -299.842 38.405 180.146 270.000 270.000 0.000 1.000 1.000 1.000
3ae249c445724a41b7a2621e1864bdc1 -299.842 38.405 176.255 270.000 270.000 0.000 1.000 1.000 1.000
3ae249c445724a41b7a2621e1864bdc1 -321.706 38.405 176.255 270.000 270.000 0.000 1.000 1.000 1.000
3ae249c445724a41b7a2621e1864bdc1 -321.706 38.405 180.146 270.000 270.000 0.000 1.000 1.000 1.000
3ae249c445724a41b7a2621e1864bdc1 -321.706 38.405 184.151 270.000 270.000 0.000 1.000 1.000 1.000
40921a1a3cd742f69cc25cc25b856572 -304.657 38.381 142.871 270.000 270.000 0.000 1.000 1.000 1.000
40921a1a3cd742f69cc25cc25b856572 -298.463 38.381 145.438 270.000 -0.000 0.000 1.000 1.000 1.000
40921a1a3cd742f69cc25cc25b856572 -294.266 38.381 145.438 270.000 -0.000 0.000 1.000 1.000 1.000
40921a1a3cd742f69cc25cc25b856572 -290.082 38.381 145.438 270.000 -0.000 0.000 1.000 1.000 1.000
40921a1a3cd742f69cc25cc25b856572 -281.685 38.381 145.438 270.000 -0.000 0.000 1.000 1.000 1.000
d1c40c041f3d4a01ade8c91f941b205a -268.583 38.718 151.081 270.000 90.000 0.000 1.000 1.000 1.000
40921a1a3cd742f69cc25cc25b856572 -272.251 38.381 164.146 270.000 90.000 0.000 1.000 1.000 1.000
40921a1a3cd742f69cc25cc25b856572 -276.201 38.381 171.829 270.000 -0.000 0.000 1.000 1.000 1.000
40921a1a3cd742f69cc25cc25b856572 -298.401 38.381 162.250 270.000 -0.000 0.000 1.000 1.000 1.000
40921a1a3cd742f69cc25cc25b856572 -292.128 38.381 168.553 270.000 270.000 0.000 1.000 1.000 1.000
40921a1a3cd742f69cc25cc25b856572 -292.128 38.381 164.396 270.000 270.000 0.000 1.000 1.000 1.000
113bcf43c0f0470b8fe47217bbbe55ad -294.244 38.381 162.250 270.000 -0.000 0.000 1.000 1.000 1.000
40921a1a3cd742f69cc25cc25b856572 -276.860 38.381 128.614 270.000 90.000 0.000 1.000 1.000 1.000
40921a1a3cd742f69cc25cc25b856572 -276.860 38.381 132.811 270.000 90.000 0.000 1.000 1.000 1.000
40921a1a3cd742f69cc25cc25b856572 -276.860 38.381 136.995 270.000 90.000 0.000 1.000 1.000 1.000
136c7a88f75548e7beda39ce49d6ff49 -284.677 38.381 135.836 270.000 135.001 0.000 1.000 1.000 1.000
019caf7c72a5446eb3dd666e759c1f91 -334.888 38.592 201.145 270.000 270.000 0.000 1.000 1.000 1.000
019caf7c72a5446eb3dd666e759c1f91 -334.888 38.592 129.145 270.000 90.000 0.000 1.000 1.000 1.000
99662274a5d645f9bd210808c47a7dd0 -300.721 38.952 191.040 270.000 -0.000 0.000 1.000 1.000 1.000
42229938f39b4ccd9f0228c4d0ef972c -324.963 38.952 138.990 270.000 90.000 0.000 1.000 1.000 1.000
42229938f39b4ccd9f0228c4d0ef972c -344.936 38.952 190.985 270.000 270.000 0.000 1.000 1.000 1.000
42229938f39b4ccd9f0228c4d0ef972c -344.918 38.952 211.174 270.000 -0.000 0.000 1.000 1.000 1.000
42229938f39b4ccd9f0228c4d0ef972c -324.823 38.952 211.174 270.000 90.000 0.000 1.000 1.000 1.000
6366cc74eea847029ad77697f447fcc0 -310.888 38.592 201.145 270.000 -0.000 0.000 1.000 1.000 1.000
99c4048f91634e45986add0a89ffc2df -362.458 38.984 139.408 271.980 180.000 176.000 1.000 1.000 1.000
9bce22473d334aefad8864f0bc8447cb -364.644 38.991 139.599 271.980 180.000 186.000 1.000 1.000 1.000
734aa6d8bb7642618c4b3522de821ee4 -382.888 38.963 139.143 270.000 180.000 0.000 1.000 1.000 1.000
734aa6d8bb7642618c4b3522de821ee4 -324.888 38.963 129.143 270.000 180.000 0.000 1.000 1.000 1.000
734aa6d8bb7642618c4b3522de821ee4 -324.888 38.963 153.143 270.000 180.000 0.000 1.000 1.000 1.000
734aa6d8bb7642618c4b3522de821ee4 -310.887 38.963 211.142 270.000 180.000 0.000 1.000 1.000 1.000
734aa6d8bb7642618c4b3522de821ee4 -286.887 38.963 211.142 270.000 180.000 0.000 1.000 1.000 1.000
734aa6d8bb7642618c4b3522de821ee4 -262.887 38.963 211.142 270.000 180.000 0.000 1.000 1.000 1.000
734aa6d8bb7642618c4b3522de821ee4 -286.887 38.963 191.142 270.000 180.000 0.000 1.000 1.000 1.000
113bcf43c0f0470b8fe47217bbbe55ad -285.886 38.381 145.438 270.000 -0.000 0.000 1.000 1.000 1.000
40921a1a3cd742f69cc25cc25b856572 -258.626 38.381 131.370 270.000 345.000 0.000 1.000 1.000 1.000
40921a1a3cd742f69cc25cc25b856572 -266.707 38.381 129.205 270.000 345.000 0.000 1.000 1.000 1.000
40921a1a3cd742f69cc25cc25b856572 -262.661 38.381 130.289 270.000 345.000 0.000 1.000 1.000 1.000
40921a1a3cd742f69cc25cc25b856572 -270.740 38.381 128.124 270.000 345.000 0.000 1.000 1.000 1.000
cf45d6da9d6a4e129da721948b0b3a8a -263.870 40.341 155.550 270.000 270.000 0.000 1.000 1.000 1.000
1ae76dd19f2e4f9aa38e26028196550f -270.149 38.718 153.960 270.000 -0.000 0.000 1.000 1.000 1.000
1ae76dd19f2e4f9aa38e26028196550f -270.149 38.718 151.960 270.000 -0.000 0.000 1.000 1.000 1.000
1ae76dd19f2e4f9aa38e26028196550f -270.149 38.718 149.960 270.000 -0.000 0.000 1.000 1.000 1.000
1ae76dd19f2e4f9aa38e26028196550f -270.149 38.718 147.960 270.000 -0.000 0.000 1.000 1.000 1.000
1ae76dd19f2e4f9aa38e26028196550f -270.149 38.718 145.960 270.000 -0.000 0.000 1.000 1.000 1.000
84b3a672bc0643d1b12b2b345a88ba46 -271.345 39.968 142.224 270.000 90.000 0.000 1.000 1.000 1.000
a305bcc1cdaa486fb91d05201e7d3e6f -275.360 38.718 146.858 270.000 90.000 0.000 1.000 1.000 1.000
a305bcc1cdaa486fb91d05201e7d3e6f -275.360 38.718 148.349 270.000 90.000 0.000 1.000 1.000 1.000
a305bcc1cdaa486fb91d05201e7d3e6f -275.360 38.718 149.847 270.000 90.000 0.000 1.000 1.000 1.000
56e56fe3b9f24351aa37af59b4869584 -275.055 38.718 144.396 270.000 90.000 0.000 1.000 1.000 1.000
02923364713c4385a2bdaa7221d717ae -278.612 38.718 148.429 270.000 270.000 0.000 1.000 1.000 1.000
02923364713c4385a2bdaa7221d717ae -278.612 38.718 149.891 270.000 270.000 0.000 1.000 1.000 1.000
02923364713c4385a2bdaa7221d717ae -278.612 38.718 146.963 270.000 270.000 0.000 1.000 1.000 1.000
02923364713c4385a2bdaa7221d717ae -277.425 38.718 154.120 270.000 -0.000 0.000 1.000 1.000 1.000
e4f33bd5aafb4204904ea375c00de967 -275.954 38.718 154.120 270.000 -0.000 0.000 1.000 1.000 1.000
e73f9a6daf7f4852a60374999a0723a6 -282.650 38.366 169.875 270.000 -0.000 0.000 1.000 1.000 1.000
e73f9a6daf7f4852a60374999a0723a6 -285.650 38.360 169.875 270.000 -0.000 0.000 1.000 1.000 1.000
e9ce671e95c14e60a12cf755f25dce3f -293.665 38.381 146.226 270.000 180.000 0.000 1.000 1.000 1.000
61e43d05791d4269b626de9bedbf0a03 -293.156 38.881 146.038 270.000 -0.000 0.000 1.000 1.000 1.000
61e43d05791d4269b626de9bedbf0a03 -282.159 38.881 169.890 270.000 -0.000 0.000 1.000 1.000 1.000
a19b3ec55a2046668611c9d2775efd99 -283.105 38.881 169.858 270.000 270.000 0.000 1.000 1.000 1.000
120685628efd43c0b05ecec83006a5a7 -277.162 38.718 158.257 270.000 270.000 0.000 1.000 1.000 1.000
120685628efd43c0b05ecec83006a5a7 -266.161 38.718 159.038 270.000 270.000 0.000 1.000 1.000 1.000
120685628efd43c0b05ecec83006a5a7 -266.161 38.718 155.053 270.000 270.000 0.000 1.000 1.000 1.000
120685628efd43c0b05ecec83006a5a7 -266.161 38.718 151.074 270.000 270.000 0.000 1.000 1.000 1.000
120685628efd43c0b05ecec83006a5a7 -266.161 38.718 147.104 270.000 270.000 0.000 1.000 1.000 1.000
6b1dc75a2d88411bbc3af6843e71db02 -267.666 41.305 139.581 270.000 180.000 0.000 1.000 1.000 1.000
d4dea3aa823a4244be941b4b114e157d -256.169 43.440 239.984 270.000 -0.000 0.000 1.000 1.000 1.000
d4dea3aa823a4244be941b4b114e157d -256.169 43.440 242.984 270.000 -0.000 0.000 1.000 1.000 1.000
d4dea3aa823a4244be941b4b114e157d -266.477 43.436 226.439 270.000 270.000 0.000 1.000 1.000 1.000
d4dea3aa823a4244be941b4b114e157d -266.477 43.436 229.439 270.000 270.000 0.000 1.000 1.000 1.000
d4dea3aa823a4244be941b4b114e157d -292.846 43.410 220.482 270.000 -0.000 0.000 1.000 1.000 1.000
d4dea3aa823a4244be941b4b114e157d -289.846 43.410 220.482 270.000 -0.000 0.000 1.000 1.000 1.000
d4dea3aa823a4244be941b4b114e157d -317.378 43.417 220.957 270.000 270.000 0.000 1.000 1.000 1.000
d4dea3aa823a4244be941b4b114e157d -317.378 43.417 239.419 270.000 270.000 0.000 1.000 1.000 1.000
d052b477b5bc4b2e8ec64effa1f8776e -309.884 43.564 151.449 270.000 -0.000 0.000 1.000 1.000 1.000
d4dea3aa823a4244be941b4b114e157d -308.821 43.564 153.353 270.000 -0.000 0.000 1.000 1.000 1.000
d4dea3aa823a4244be941b4b114e157d -313.069 43.564 151.488 270.000 -0.000 0.000 1.000 1.000 1.000
d4dea3aa823a4244be941b4b114e157d -281.785 43.356 183.972 270.000 -0.000 0.000 1.000 1.000 1.000
d4dea3aa823a4244be941b4b114e157d -281.785 43.356 181.972 270.000 -0.000 0.000 1.000 1.000 1.000
d4dea3aa823a4244be941b4b114e157d -258.681 43.388 170.624 270.000 -0.000 0.000 1.000 1.000 1.000
d4dea3aa823a4244be941b4b114e157d -261.681 43.388 170.624 270.000 -0.000 0.000 1.000 1.000 1.000
d4dea3aa823a4244be941b4b114e157d -258.681 43.388 172.624 270.000 180.000 0.000 1.000 1.000 1.000
d4dea3aa823a4244be941b4b114e157d -261.681 43.388 172.624 270.000 180.000 0.000 1.000 1.000 1.000
d052b477b5bc4b2e8ec64effa1f8776e -271.316 43.468 149.053 270.000 -0.000 0.000 1.000 1.000 1.000
d4dea3aa823a4244be941b4b114e157d -270.209 43.468 151.214 270.000 -0.000 0.000 1.000 1.000 1.000
d052b477b5bc4b2e8ec64effa1f8776e -310.043 52.932 129.719 270.000 90.000 0.000 1.000 1.000 1.000
d4dea3aa823a4244be941b4b114e157d -307.962 52.932 128.683 270.000 90.000 0.000 1.000 1.000 1.000
d4dea3aa823a4244be941b4b114e157d -310.016 52.932 132.945 270.000 90.000 0.000 1.000 1.000 1.000
8548fc360c554b399e98cde4d40eca5d -319.988 41.948 132.184 90.000 90.000 0.000 1.000 1.000 1.000
cf45d6da9d6a4e129da721948b0b3a8a -311.956 41.753 169.220 -0.000 270.000 90.000 1.000 1.000 1.000
cf45d6da9d6a4e129da721948b0b3a8a -289.397 40.121 186.288 270.000 -0.000 0.000 1.000 1.000 1.000
8548fc360c554b399e98cde4d40eca5d -272.077 40.714 185.899 345.000 90.000 270.000 1.000 1.000 1.000
cf45d6da9d6a4e129da721948b0b3a8a -259.687 41.589 237.782 -0.000 270.000 90.000 1.000 1.000 1.000
8548fc360c554b399e98cde4d40eca5d -263.991 40.097 216.954 300.000 90.000 270.000 1.000 1.000 1.000
cf45d6da9d6a4e129da721948b0b3a8a -281.573 41.492 216.967 -0.000 270.000 90.000 1.000 1.000 1.000
8548fc360c554b399e98cde4d40eca5d -318.416 40.236 216.299 330.000 90.000 270.000 1.000 1.000 1.000
cf45d6da9d6a4e129da721948b0b3a8a -362.412 40.326 252.523 270.000 -0.000 0.000 1.000 1.000 1.000
cf45d6da9d6a4e129da721948b0b3a8a -363.731 40.331 203.636 270.000 270.000 0.000 1.000 1.000 1.000
8548fc360c554b399e98cde4d40eca5d -372.721 40.240 152.046 270.000 -0.000 0.000 1.000 1.000 1.000
40921a1a3cd742f69cc25cc25b856572 -352.000 38.381 178.126 270.000 -0.000 0.000 1.000 1.000 1.000
40921a1a3cd742f69cc25cc25b856572 -356.198 38.381 178.126 270.000 -0.000 0.000 1.000 1.000 1.000
40921a1a3cd742f69cc25cc25b856572 -364.587 38.381 178.126 270.000 -0.000 0.000 1.000 1.000 1.000
40921a1a3cd742f69cc25cc25b856572 -360.389 38.381 178.126 270.000 -0.000 0.000 1.000 1.000 1.000
40921a1a3cd742f69cc25cc25b856572 -372.976 38.381 178.126 270.000 -0.000 0.000 1.000 1.000 1.000
40921a1a3cd742f69cc25cc25b856572 -381.366 38.381 178.126 270.000 -0.000 0.000 1.000 1.000 1.000
40921a1a3cd742f69cc25cc25b856572 -377.168 38.381 178.126 270.000 -0.000 0.000 1.000 1.000 1.000
40921a1a3cd742f69cc25cc25b856572 -368.778 38.381 178.126 270.000 -0.000 0.000 1.000 1.000 1.000
40921a1a3cd742f69cc25cc25b856572 -352.000 38.381 224.844 270.000 -0.000 0.000 1.000 1.000 1.000
40921a1a3cd742f69cc25cc25b856572 -356.198 38.381 224.844 270.000 -0.000 0.000 1.000 1.000 1.000
40921a1a3cd742f69cc25cc25b856572 -364.587 38.381 224.844 270.000 -0.000 0.000 1.000 1.000 1.000
40921a1a3cd742f69cc25cc25b856572 -360.389 38.381 224.844 270.000 -0.000 0.000 1.000 1.000 1.000
40921a1a3cd742f69cc25cc25b856572 -368.778 38.381 224.844 270.000 -0.000 0.000 1.000 1.000 1.000
40921a1a3cd742f69cc25cc25b856572 -372.976 38.381 224.844 270.000 -0.000 0.000 1.000 1.000 1.000
40921a1a3cd742f69cc25cc25b856572 -377.168 38.381 224.844 270.000 -0.000 0.000 1.000 1.000 1.000
40921a1a3cd742f69cc25cc25b856572 -381.366 38.381 224.844 270.000 -0.000 0.000 1.000 1.000 1.000
af7b3564a4194483b243b1951ad9d422 -360.680 38.381 145.329 270.000 180.000 0.000 1.000 1.000 1.000
af7b3564a4194483b243b1951ad9d422 -364.747 38.381 145.329 270.000 180.000 0.000 1.000 1.000 1.000
af7b3564a4194483b243b1951ad9d422 -368.836 38.381 145.329 270.000 180.000 0.000 1.000 1.000 1.000
af7b3564a4194483b243b1951ad9d422 -372.903 38.381 145.329 270.000 180.000 0.000 1.000 1.000 1.000
af7b3564a4194483b243b1951ad9d422 -376.991 38.381 145.329 270.000 180.000 0.000 1.000 1.000 1.000
af7b3564a4194483b243b1951ad9d422 -381.058 38.381 145.329 270.000 180.000 0.000 1.000 1.000 1.000
af7b3564a4194483b243b1951ad9d422 -352.527 38.381 145.329 270.000 180.000 0.000 1.000 1.000 1.000
af7b3564a4194483b243b1951ad9d422 -356.594 38.381 145.329 270.000 180.000 0.000 1.000 1.000 1.000
af7b3564a4194483b243b1951ad9d422 -350.436 38.381 175.978 270.000 90.000 0.000 1.000 1.000 1.000
af7b3564a4194483b243b1951ad9d422 -350.436 38.381 171.910 270.000 90.000 0.000 1.000 1.000 1.000
af7b3564a4194483b243b1951ad9d422 -350.436 38.381 167.821 270.000 90.000 0.000 1.000 1.000 1.000
af7b3564a4194483b243b1951ad9d422 -350.436 38.381 163.754 270.000 90.000 0.000 1.000 1.000 1.000
af7b3564a4194483b243b1951ad9d422 -350.436 38.381 159.667 270.000 90.000 0.000 1.000 1.000 1.000
af7b3564a4194483b243b1951ad9d422 -350.436 38.381 151.511 270.000 90.000 0.000 1.000 1.000 1.000
af7b3564a4194483b243b1951ad9d422 -350.436 38.381 147.444 270.000 90.000 0.000 1.000 1.000 1.000
84b3a672bc0643d1b12b2b345a88ba46 -268.940 39.888 176.463 270.000 354.000 0.000 1.000 1.000 1.000
84b3a672bc0643d1b12b2b345a88ba46 -264.355 39.888 176.463 270.000 7.000 0.000 1.000 1.000 1.000
3d37d6da42a34f19b6b6a25e3ab8eaab -263.195 38.638 183.123 270.000 270.000 0.000 1.000 1.000 1.000
3d37d6da42a34f19b6b6a25e3ab8eaab -269.754 38.638 183.123 270.000 270.000 0.000 1.000 1.000 1.000
65906f4174724825849478b60ecc348a -273.216 38.638 172.654 270.000 270.000 0.000 1.000 1.000 1.000
65906f4174724825849478b60ecc348a -273.216 38.638 173.419 270.000 270.000 0.000 1.000 1.000 1.000
65906f4174724825849478b60ecc348a -273.216 38.638 174.961 270.000 270.000 0.000 1.000 1.000 1.000
65906f4174724825849478b60ecc348a -273.216 38.638 174.196 270.000 270.000 0.000 1.000 1.000 1.000
65906f4174724825849478b60ecc348a -273.216 38.638 171.153 270.000 270.000 0.000 1.000 1.000 1.000
65906f4174724825849478b60ecc348a -273.216 38.638 171.919 270.000 270.000 0.000 1.000 1.000 1.000
3d37d6da42a34f19b6b6a25e3ab8eaab -267.707 38.638 170.648 270.000 -0.000 0.000 1.000 1.000 1.000
3d37d6da42a34f19b6b6a25e3ab8eaab -259.707 38.638 170.648 270.000 -0.000 0.000 1.000 1.000 1.000
84b3a672bc0643d1b12b2b345a88ba46 -286.922 39.817 176.845 270.000 8.000 0.000 1.000 1.000 1.000
02923364713c4385a2bdaa7221d717ae -286.811 38.606 171.533 270.000 180.000 0.000 1.000 1.000 1.000
02923364713c4385a2bdaa7221d717ae -288.287 38.606 171.533 270.000 180.000 0.000 1.000 1.000 1.000
02923364713c4385a2bdaa7221d717ae -291.227 38.606 171.533 270.000 180.000 0.000 1.000 1.000 1.000
02923364713c4385a2bdaa7221d717ae -292.672 38.606 171.533 270.000 180.000 0.000 1.000 1.000 1.000
e4f33bd5aafb4204904ea375c00de967 -289.751 38.606 171.533 270.000 180.000 0.000 1.000 1.000 1.000
156a673581474f6aa368ff6e08b8f25a -291.942 39.956 171.617 270.000 180.000 0.000 1.000 1.000 1.000
8388edfa33b84f78ad7f5d277412433b -293.375 38.606 175.018 270.000 270.000 0.000 1.000 1.000 1.000 Wardrobe_0
b06ca473809a47a1bb47e72bedd0e421 -288.022 38.606 185.590 270.000 -0.000 0.000 1.000 1.000 1.000
87806c2130bc4bd8b4f3276edf2222a6 -281.824 38.606 184.526 270.000 -0.000 0.000 1.000 1.000 1.000
ae22774b549f44d29926a956ac6c0a4d -283.824 38.606 184.526 270.000 270.000 0.000 1.000 1.000 1.000
ae22774b549f44d29926a956ac6c0a4d -279.824 38.606 184.526 270.000 90.000 0.000 1.000 1.000 1.000
449513fcccb0441abbc8ac47ca0e4440 -281.845 39.793 184.470 270.000 270.000 0.000 1.000 1.000 1.000
d412f1a6b4c9404a88de772651615e4b -289.626 38.606 184.131 270.000 90.000 0.000 1.000 1.000 1.000
2e060a3768094817887d5f2c8d884d61 -292.132 38.606 184.215 270.000 330.000 0.000 1.000 1.000 1.000
d412f1a6b4c9404a88de772651615e4b -292.107 38.606 181.758 270.000 180.000 0.000 1.000 1.000 1.000
9215cb84c2a942d084fa1dffa0031949 -280.288 38.606 178.379 270.000 -0.000 0.000 1.000 1.000 1.000
2e060a3768094817887d5f2c8d884d61 -280.190 38.606 176.903 270.000 330.000 0.000 1.000 1.000 1.000
9215cb84c2a942d084fa1dffa0031949 -280.288 38.606 175.386 270.000 180.000 0.000 1.000 1.000 1.000
9215cb84c2a942d084fa1dffa0031949 -281.489 38.606 176.912 270.000 270.000 0.000 1.000 1.000 1.000
e9f0b774202d420aa3a2b0dc661570da -314.809 38.714 166.749 270.000 -0.000 0.000 1.000 1.000 1.000
e9f0b774202d420aa3a2b0dc661570da -307.236 38.714 166.749 270.000 -0.000 0.000 1.000 1.000 1.000
84b3a672bc0643d1b12b2b345a88ba46 -315.340 39.964 167.232 270.000 259.000 0.000 1.000 1.000 1.000
84b3a672bc0643d1b12b2b345a88ba46 -307.730 39.964 167.232 270.000 259.000 0.000 1.000 1.000 1.000
de77f2af2bfd49e8a3e1c388f1665081 -310.295 38.714 162.429 270.000 -0.000 0.000 1.000 1.000 1.000
3d37d6da42a34f19b6b6a25e3ab8eaab -315.022 38.714 157.052 270.000 -0.000 0.000 1.000 1.000 1.000
3d37d6da42a34f19b6b6a25e3ab8eaab -315.022 38.714 151.052 270.000 -0.000 0.000 1.000 1.000 1.000
3d37d6da42a34f19b6b6a25e3ab8eaab -306.022 38.714 157.052 270.000 -0.000 0.000 1.000 1.000 1.000
3d37d6da42a34f19b6b6a25e3ab8eaab -306.022 38.714 151.052 270.000 -0.000 0.000 1.000 1.000 1.000
7259ea03530a4ff880e857ca62a0c662 -315.022 38.714 145.932 270.000 180.000 0.000 1.000 1.000 1.000
7259ea03530a4ff880e857ca62a0c662 -313.022 38.714 145.932 270.000 180.000 0.000 1.000 1.000 1.000
7259ea03530a4ff880e857ca62a0c662 -317.022 38.714 145.932 270.000 180.000 0.000 1.000 1.000 1.000
7259ea03530a4ff880e857ca62a0c662 -304.022 38.714 145.919 270.000 180.000 0.000 1.000 1.000 1.000
7259ea03530a4ff880e857ca62a0c662 -306.022 38.714 145.919 270.000 180.000 0.000 1.000 1.000 1.000
7259ea03530a4ff880e857ca62a0c662 -308.022 38.714 145.919 270.000 180.000 0.000 1.000 1.000 1.000
be02c0e774714f2a963e8d6ee54bbabf -305.537 38.381 235.898 270.000 270.000 0.000 1.000 1.000 1.000
40921a1a3cd742f69cc25cc25b856572 -303.512 38.381 223.082 270.000 180.000 0.000 1.000 1.000 1.000
40921a1a3cd742f69cc25cc25b856572 -299.329 38.381 223.082 270.000 180.000 0.000 1.000 1.000 1.000
61e43d05791d4269b626de9bedbf0a03 -297.911 38.381 224.003 270.000 -0.000 0.000 1.000 1.000 1.000
be02c0e774714f2a963e8d6ee54bbabf -316.162 38.381 140.876 270.000 180.000 0.000 1.000 1.000 1.000
ae22774b549f44d29926a956ac6c0a4d -261.163 38.653 238.843 270.000 180.000 0.000 1.000 1.000 1.000
b489a8a63fca4d179fd315cbae8b6ed7 -261.109 41.014 244.976 270.000 -0.000 0.000 1.000 1.000 1.000
87806c2130bc4bd8b4f3276edf2222a6 -256.406 38.690 238.950 270.000 270.000 0.000 1.000 1.000 1.000
9215cb84c2a942d084fa1dffa0031949 -256.295 38.690 239.785 270.000 7.000 0.000 1.000 1.000 1.000
2e060a3768094817887d5f2c8d884d61 -267.301 38.690 239.833 270.000 330.000 0.000 1.000 1.000 1.000
9215cb84c2a942d084fa1dffa0031949 -265.736 38.690 239.674 270.000 98.000 0.000 1.000 1.000 1.000
9215cb84c2a942d084fa1dffa0031949 -267.295 38.690 241.393 270.000 352.000 0.000 1.000 1.000 1.000
98e78ae063ac4fb3bc382a03e437260d -267.509 39.877 239.373 270.000 218.000 0.000 1.000 1.000 1.000
8c05d039f62a4e40a3e448fcaeb31efd -262.833 38.690 246.010 270.000 180.000 0.000 1.000 1.000 1.000
8c05d039f62a4e40a3e448fcaeb31efd -262.063 38.690 246.010 270.000 180.000 0.000 1.000 1.000 1.000
8c05d039f62a4e40a3e448fcaeb31efd -260.522 38.690 246.010 270.000 180.000 0.000 1.000 1.000 1.000
8c05d039f62a4e40a3e448fcaeb31efd -261.291 38.690 246.010 270.000 180.000 0.000 1.000 1.000 1.000
c2ea9b50d4d640438800b9ff553ec627 -261.129 38.690 253.535 270.000 270.000 0.000 1.000 1.000 1.000
c2ea9b50d4d640438800b9ff553ec627 -265.570 38.690 253.535 270.000 270.000 0.000 1.000 1.000 1.000
9215cb84c2a942d084fa1dffa0031949 -265.025 38.686 224.779 270.000 99.000 0.000 1.000 1.000 1.000
9215cb84c2a942d084fa1dffa0031949 -265.021 38.686 226.179 270.000 90.000 0.000 1.000 1.000 1.000
9215cb84c2a942d084fa1dffa0031949 -265.021 38.686 228.179 270.000 90.000 0.000 1.000 1.000 1.000
9215cb84c2a942d084fa1dffa0031949 -265.021 38.777 230.876 299.000 -0.000 90.000 1.000 1.000 1.000
9215cb84c2a942d084fa1dffa0031949 -268.463 38.971 224.516 354.881 44.905 275.365 1.000 1.000 1.000
9215cb84c2a942d084fa1dffa0031949 -268.465 38.686 226.179 270.000 270.000 0.000 1.000 1.000 1.000
9215cb84c2a942d084fa1dffa0031949 -268.465 38.686 228.179 270.000 270.000 0.000 1.000 1.000 1.000
9215cb84c2a942d084fa1dffa0031949 -268.465 38.686 230.179 270.000 270.000 0.000 1.000 1.000 1.000
a9ff5bb270694bf5920c316d1deff0fe -267.582 38.710 223.533 297.408 309.831 157.187 1.000 1.000 1.000
8388edfa33b84f78ad7f5d277412433b -261.711 38.686 231.812 270.000 -0.000 0.000 1.000 1.000 1.000 Wardrobe_1
050dbe869b1c4fd5b215c552d145effd -256.492 38.686 222.585 270.000 180.000 0.000 1.000 1.000 1.000
050dbe869b1c4fd5b215c552d145effd -257.957 38.686 222.585 270.000 180.000 0.000 1.000 1.000 1.000
156a673581474f6aa368ff6e08b8f25a -256.501 40.036 222.575 270.000 180.000 0.000 1.000 1.000 1.000
6ce99109b6e94ddeb5ef925a2de6730a -256.276 39.877 239.020 270.000 168.000 0.000 1.000 1.000 1.000
6ce99109b6e94ddeb5ef925a2de6730a -257.266 39.873 227.249 270.000 187.002 0.000 1.000 1.000 1.000
87806c2130bc4bd8b4f3276edf2222a6 -261.239 38.686 226.885 270.000 270.000 0.000 1.000 1.000 1.000
87806c2130bc4bd8b4f3276edf2222a6 -256.761 38.686 226.885 270.000 270.000 0.000 1.000 1.000 1.000
9215cb84c2a942d084fa1dffa0031949 -256.715 38.686 227.556 270.000 -0.000 0.000 1.000 1.000 1.000
9215cb84c2a942d084fa1dffa0031949 -261.124 38.686 227.860 270.000 8.000 0.000 1.000 1.000 1.000
9215cb84c2a942d084fa1dffa0031949 -261.139 39.137 224.739 -0.000 255.000 270.000 1.000 1.000 1.000
65906f4174724825849478b60ecc348a -258.808 38.686 231.689 270.000 -0.000 0.000 1.000 1.000 1.000
65906f4174724825849478b60ecc348a -259.552 38.686 231.689 270.000 -0.000 0.000 1.000 1.000 1.000
65906f4174724825849478b60ecc348a -258.049 38.686 231.689 270.000 -0.000 0.000 1.000 1.000 1.000
f463c0c6285544ac86845d98a07d73a9 -285.904 38.643 234.856 270.000 270.000 0.000 1.000 1.000 1.000
f463c0c6285544ac86845d98a07d73a9 -286.577 38.643 234.856 270.000 90.000 0.000 1.000 1.000 1.000
f463c0c6285544ac86845d98a07d73a9 -285.904 38.643 228.856 270.000 270.000 0.000 1.000 1.000 1.000
f463c0c6285544ac86845d98a07d73a9 -286.577 38.643 228.856 270.000 90.000 0.000 1.000 1.000 1.000
f463c0c6285544ac86845d98a07d73a9 -291.850 38.643 234.856 270.000 90.000 0.000 1.000 1.000 1.000
f463c0c6285544ac86845d98a07d73a9 -291.149 38.643 234.856 270.000 270.000 0.000 1.000 1.000 1.000
f463c0c6285544ac86845d98a07d73a9 -291.850 38.643 228.856 270.000 90.000 0.000 1.000 1.000 1.000
f463c0c6285544ac86845d98a07d73a9 -291.149 38.643 228.856 270.000 270.000 0.000 1.000 1.000 1.000
f463c0c6285544ac86845d98a07d73a9 -296.394 38.643 228.856 270.000 270.000 0.000 1.000 1.000 1.000
f463c0c6285544ac86845d98a07d73a9 -296.394 38.643 234.856 270.000 270.000 0.000 1.000 1.000 1.000
f463c0c6285544ac86845d98a07d73a9 -276.080 38.643 234.856 270.000 90.000 0.000 1.000 1.000 1.000
f463c0c6285544ac86845d98a07d73a9 -276.080 38.643 228.856 270.000 90.000 0.000 1.000 1.000 1.000
f463c0c6285544ac86845d98a07d73a9 -281.328 38.643 228.856 270.000 90.000 0.000 1.000 1.000 1.000
f463c0c6285544ac86845d98a07d73a9 -280.600 38.643 228.856 270.000 270.000 0.000 1.000 1.000 1.000
f463c0c6285544ac86845d98a07d73a9 -281.328 38.643 234.856 270.000 90.000 0.000 1.000 1.000 1.000
f463c0c6285544ac86845d98a07d73a9 -280.600 38.643 234.856 270.000 270.000 0.000 1.000 1.000 1.000
2e060a3768094817887d5f2c8d884d61 -295.125 38.660 218.848 270.000 330.000 0.000 1.000 1.000 1.000
d412f1a6b4c9404a88de772651615e4b -295.397 38.660 221.262 270.000 356.000 0.000 1.000 1.000 1.000
d412f1a6b4c9404a88de772651615e4b -292.647 38.660 218.479 270.000 94.000 0.000 1.000 1.000 1.000
d412f1a6b4c9404a88de772651615e4b -276.952 38.660 221.340 270.000 4.000 0.000 1.000 1.000 1.000
d412f1a6b4c9404a88de772651615e4b -279.736 38.660 218.590 270.000 266.000 0.000 1.000 1.000 1.000
2e060a3768094817887d5f2c8d884d61 -277.322 38.660 218.862 270.000 240.000 0.000 1.000 1.000 1.000
52d575ae564f46649523c98875130784 -294.766 39.848 219.048 270.000 234.000 0.000 1.000 1.000 1.000
76744b70db354aecb685e81b4d73698f -290.998 39.891 229.903 292.000 0.000 0.000 1.000 1.000 1.000
4f2244b2de3c4af1bf8ca336b92172c6 -277.561 39.939 218.809 -0.000 118.000 0.000 1.000 1.000 1.000
366521728ff44c17a184f991a4c9cc27 -276.205 39.914 229.957 281.000 0.000 0.000 1.000 1.000 1.000
c3231627118d41d3b6fc4032edb79c46 -281.464 40.725 233.743 277.000 180.001 0.000 1.000 1.000 1.000
6ca718d67ffc40f78f0a1ba4bbc1c403 -276.221 38.873 234.975 -0.000 0.000 0.000 1.000 1.000 1.000
19ff8f2c79eb4b5a8d09ac8396ea8146 -291.989 38.952 233.899 330.000 180.001 0.000 1.000 1.000 1.000
d9b2708a3f10443aa6f25ebd5b1c9056 -296.267 39.669 228.871 -0.000 346.000 0.000 1.000 1.000 1.000
32d869a19d90495790277a94502c5aba -290.940 39.671 228.728 -0.000 0.000 0.000 1.000 1.000 1.000
4f2244b2de3c4af1bf8ca336b92172c6 -281.462 39.663 229.012 -0.000 0.000 0.000 1.000 1.000 1.000
366521728ff44c17a184f991a4c9cc27 -289.139 38.746 234.298 0.000 300.000 -0.000 1.000 1.000 1.000
76744b70db354aecb685e81b4d73698f -280.482 39.681 228.434 -0.000 195.002 0.000 1.000 1.000 1.000
c3231627118d41d3b6fc4032edb79c46 -285.747 40.748 227.757 278.000 180.001 0.000 1.000 1.000 1.000
6ca718d67ffc40f78f0a1ba4bbc1c403 -286.746 39.061 235.932 285.000 0.000 0.000 1.000 1.000 1.000
19ff8f2c79eb4b5a8d09ac8396ea8146 -276.247 38.961 234.550 330.000 0.000 0.000 1.000 1.000 1.000
d9b2708a3f10443aa6f25ebd5b1c9056 -281.434 40.678 227.802 300.000 180.001 0.000 1.000 1.000 1.000
32d869a19d90495790277a94502c5aba -277.525 39.848 219.676 -0.000 100.000 0.000 1.000 1.000 1.000
8c05d039f62a4e40a3e448fcaeb31efd -312.014 38.667 226.471 270.000 180.000 0.000 1.000 1.000 1.000
8c05d039f62a4e40a3e448fcaeb31efd -311.239 38.667 226.471 270.000 180.000 0.000 1.000 1.000 1.000
8c05d039f62a4e40a3e448fcaeb31efd -312.782 38.667 226.471 270.000 180.000 0.000 1.000 1.000 1.000
8c05d039f62a4e40a3e448fcaeb31efd -313.531 38.667 226.471 270.000 180.000 0.000 1.000 1.000 1.000
8c05d039f62a4e40a3e448fcaeb31efd -311.252 38.667 234.088 270.000 -0.000 0.000 1.000 1.000 1.000
8c05d039f62a4e40a3e448fcaeb31efd -312.001 38.667 234.088 270.000 -0.000 0.000 1.000 1.000 1.000
8c05d039f62a4e40a3e448fcaeb31efd -312.769 38.667 234.088 270.000 -0.000 0.000 1.000 1.000 1.000
8c05d039f62a4e40a3e448fcaeb31efd -313.543 38.667 234.088 270.000 -0.000 0.000 1.000 1.000 1.000
6b4d591370dc4173bf2f510aa2bb2177 -314.786 40.694 225.502 270.000 -0.000 0.000 1.000 1.000 1.000
bd9dc86e90ee4731a1f7dbad653388c7 -319.223 38.667 222.128 270.000 180.000 0.000 1.000 1.000 1.000
1a959d77e9f84f1594684ab595442317 -319.223 38.667 222.776 270.000 -0.000 0.000 1.000 1.000 1.000
1a959d77e9f84f1594684ab595442317 -319.223 38.667 219.390 270.000 -0.000 0.000 1.000 1.000 1.000
bd9dc86e90ee4731a1f7dbad653388c7 -319.223 38.667 218.743 270.000 180.000 0.000 1.000 1.000 1.000
1a959d77e9f84f1594684ab595442317 -317.484 38.667 222.776 270.000 -0.000 0.000 1.000 1.000 1.000
bd9dc86e90ee4731a1f7dbad653388c7 -317.484 38.667 222.128 270.000 180.000 0.000 1.000 1.000 1.000
bd9dc86e90ee4731a1f7dbad653388c7 -317.484 38.667 218.743 270.000 180.000 0.000 1.000 1.000 1.000
1a959d77e9f84f1594684ab595442317 -317.484 38.667 219.390 270.000 -0.000 0.000 1.000 1.000 1.000
1a959d77e9f84f1594684ab595442317 -314.010 38.667 222.776 270.000 -0.000 0.000 1.000 1.000 1.000
bd9dc86e90ee4731a1f7dbad653388c7 -314.010 38.667 222.128 270.000 180.000 0.000 1.000 1.000 1.000
bd9dc86e90ee4731a1f7dbad653388c7 -314.010 38.667 218.743 270.000 180.000 0.000 1.000 1.000 1.000
1a959d77e9f84f1594684ab595442317 -314.010 38.667 219.390 270.000 -0.000 0.000 1.000 1.000 1.000
bd9dc86e90ee4731a1f7dbad653388c7 -315.749 38.667 218.743 270.000 180.000 0.000 1.000 1.000 1.000
1a959d77e9f84f1594684ab595442317 -315.749 38.667 219.390 270.000 -0.000 0.000 1.000 1.000 1.000
1a959d77e9f84f1594684ab595442317 -315.749 38.667 222.776 270.000 -0.000 0.000 1.000 1.000 1.000
bd9dc86e90ee4731a1f7dbad653388c7 -315.749 38.667 222.128 270.000 180.000 0.000 1.000 1.000 1.000
1a959d77e9f84f1594684ab595442317 -310.520 38.667 222.776 270.000 -0.000 0.000 1.000 1.000 1.000
bd9dc86e90ee4731a1f7dbad653388c7 -310.520 38.667 222.128 270.000 180.000 0.000 1.000 1.000 1.000
bd9dc86e90ee4731a1f7dbad653388c7 -310.520 38.667 218.743 270.000 180.000 0.000 1.000 1.000 1.000
1a959d77e9f84f1594684ab595442317 -310.520 38.667 219.390 270.000 -0.000 0.000 1.000 1.000 1.000
bd9dc86e90ee4731a1f7dbad653388c7 -312.259 38.667 218.743 270.000 180.000 0.000 1.000 1.000 1.000
1a959d77e9f84f1594684ab595442317 -312.259 38.667 219.390 270.000 -0.000 0.000 1.000 1.000 1.000
1a959d77e9f84f1594684ab595442317 -312.259 38.667 222.776 270.000 -0.000 0.000 1.000 1.000 1.000
bd9dc86e90ee4731a1f7dbad653388c7 -312.259 38.667 222.128 270.000 180.000 0.000 1.000 1.000 1.000
6b4d591370dc4173bf2f510aa2bb2177 -314.956 40.694 235.114 270.000 180.000 0.000 1.000 1.000 1.000
1a959d77e9f84f1594684ab595442317 -310.518 38.667 237.840 270.000 180.000 0.000 1.000 1.000 1.000
bd9dc86e90ee4731a1f7dbad653388c7 -310.518 38.667 238.487 270.000 -0.000 0.000 1.000 1.000 1.000
1a959d77e9f84f1594684ab595442317 -312.257 38.667 237.840 270.000 180.000 0.000 1.000 1.000 1.000
bd9dc86e90ee4731a1f7dbad653388c7 -312.257 38.667 238.487 270.000 -0.000 0.000 1.000 1.000 1.000
1a959d77e9f84f1594684ab595442317 -313.992 38.667 237.840 270.000 180.000 0.000 1.000 1.000 1.000
bd9dc86e90ee4731a1f7dbad653388c7 -313.992 38.667 238.487 270.000 -0.000 0.000 1.000 1.000 1.000
1a959d77e9f84f1594684ab595442317 -315.731 38.667 237.840 270.000 180.000 0.000 1.000 1.000 1.000
bd9dc86e90ee4731a1f7dbad653388c7 -315.731 38.667 238.487 270.000 -0.000 0.000 1.000 1.000 1.000
1a959d77e9f84f1594684ab595442317 -317.482 38.667 237.840 270.000 180.000 0.000 1.000 1.000 1.000
bd9dc86e90ee4731a1f7dbad653388c7 -317.482 38.667 238.487 270.000 -0.000 0.000 1.000 1.000 1.000
1a959d77e9f84f1594684ab595442317 -319.221 38.667 237.840 270.000 180.000 0.000 1.000 1.000 1.000
bd9dc86e90ee4731a1f7dbad653388c7 -319.221 38.667 238.487 270.000 -0.000 0.000 1.000 1.000 1.000
1a959d77e9f84f1594684ab595442317 -310.518 38.667 241.225 270.000 180.000 0.000 1.000 1.000 1.000
bd9dc86e90ee4731a1f7dbad653388c7 -310.518 38.667 241.873 270.000 -0.000 0.000 1.000 1.000 1.000
1a959d77e9f84f1594684ab595442317 -312.257 38.667 241.225 270.000 180.000 0.000 1.000 1.000 1.000
bd9dc86e90ee4731a1f7dbad653388c7 -312.257 38.667 241.873 270.000 -0.000 0.000 1.000 1.000 1.000
1a959d77e9f84f1594684ab595442317 -313.992 38.667 241.225 270.000 180.000 0.000 1.000 1.000 1.000
bd9dc86e90ee4731a1f7dbad653388c7 -313.992 38.667 241.873 270.000 -0.000 0.000 1.000 1.000 1.000
1a959d77e9f84f1594684ab595442317 -315.731 38.667 241.225 270.000 180.000 0.000 1.000 1.000 1.000
bd9dc86e90ee4731a1f7dbad653388c7 -315.731 38.667 241.873 270.000 -0.000 0.000 1.000 1.000 1.000
1a959d77e9f84f1594684ab595442317 -317.482 38.667 241.225 270.000 180.000 0.000 1.000 1.000 1.000
bd9dc86e90ee4731a1f7dbad653388c7 -317.482 38.667 241.873 270.000 -0.000 0.000 1.000 1.000 1.000
1a959d77e9f84f1594684ab595442317 -319.221 38.667 241.225 270.000 180.000 0.000 1.000 1.000 1.000
bd9dc86e90ee4731a1f7dbad653388c7 -319.221 38.667 241.873 270.000 -0.000 0.000 1.000 1.000 1.000
4943fefd0b4d4a5c947265ac783b5475 -321.656 38.381 220.964 270.000 -0.000 0.000 1.000 1.000 1.000
8c05d039f62a4e40a3e448fcaeb31efd -314.293 38.667 234.088 270.000 -0.000 0.000 1.000 1.000 1.000
8c05d039f62a4e40a3e448fcaeb31efd -310.480 38.667 234.088 270.000 -0.000 0.000 1.000 1.000 1.000
8c05d039f62a4e40a3e448fcaeb31efd -314.279 38.667 226.471 270.000 180.000 0.000 1.000 1.000 1.000
8c05d039f62a4e40a3e448fcaeb31efd -310.500 38.667 226.471 270.000 180.000 0.000 1.000 1.000 1.000
e7572f0283b8411fbbc55ee6cae3bb97 -315.534 48.182 137.613 270.000 -0.000 0.000 1.000 1.000 1.000 Bed_1
e7572f0283b8411fbbc55ee6cae3bb97 -307.085 48.182 138.400 270.000 -0.000 0.000 1.000 1.000 1.000 Bed_1
a94b6d3b1d164f21a173548e3cb8a566 -317.343 43.432 138.916 270.000 90.000 0.000 1.000 1.000 1.000 Bed_0
e7572f0283b8411fbbc55ee6cae3bb97 -305.347 43.432 139.404 270.000 270.000 0.000 1.000 1.000 1.000 Bed_1
e7572f0283b8411fbbc55ee6cae3bb97 -303.796 38.682 137.305 270.000 -0.000 0.000 1.000 1.000 1.000 Bed_1
e7572f0283b8411fbbc55ee6cae3bb97 -316.897 38.682 139.331 270.000 90.000 0.000 1.000 1.000 1.000 Bed_0
90da84de3f214d129de92b6ee8df60af -310.421 38.686 139.603 270.000 -0.000 0.000 1.000 1.000 1.000
68339521990c4d70903dfd68da2cd886 -312.304 38.679 139.659 270.000 -0.000 0.000 1.000 1.000 1.000
1011ef5d23db4535bdfacff31b3f7bd4 -275.040 38.952 191.214 270.000 180.000 0.000 1.000 1.000 1.000
791c01cf53c74d6fb88811d695100760 -275.040 38.952 191.214 270.000 180.000 0.000 1.000 1.000 1.000
409d6c60f1334fe7886b20c6f280fb7f -383.551 38.315 160.561 308.000 270.000 90.000 1.000 1.000 1.000
8388edfa33b84f78ad7f5d277412433b -316.977 38.682 128.529 270.000 -0.000 0.000 1.000 1.000 1.000 Wardrobe_0
0e8c0a20e8e947018e8e5859f0a4064f -303.779 38.682 128.057 270.000 -0.000 0.000 1.000 1.000 1.000
becc624cee1a4845808af80472ee9310 -303.953 39.870 128.017 270.000 -0.000 0.000 1.000 1.000 1.000
87806c2130bc4bd8b4f3276edf2222a6 -303.763 38.682 132.261 270.000 -0.000 0.000 1.000 1.000 1.000
9215cb84c2a942d084fa1dffa0031949 -304.665 38.682 132.339 270.000 271.000 0.000 1.000 1.000 1.000
8712392ad0304c38b90061d908cbb293 -303.735 39.870 132.207 270.000 94.000 0.000 1.000 1.000 1.000
f821ad54240043be8a6b3280a142bee4 -303.785 38.682 131.187 270.000 90.000 0.000 1.000 1.000 1.000
91dbbf923c8c401bb6b2d56084783f73 -319.229 38.682 130.609 270.000 270.000 0.000 1.000 1.000 1.000
050dbe869b1c4fd5b215c552d145effd -319.339 38.682 132.000 270.000 270.000 0.000 1.000 1.000 1.000
050dbe869b1c4fd5b215c552d145effd -319.339 38.682 134.889 270.000 270.000 0.000 1.000 1.000 1.000
0aeeefaf364f46f9906aff76c40c6d2b -319.339 38.682 133.439 270.000 270.000 0.000 1.000 1.000 1.000
2d1daa0412b94503aa57a5b422187d48 -319.197 40.032 134.955 270.000 275.000 0.000 1.000 1.000 1.000
f463c0c6285544ac86845d98a07d73a9 -307.652 38.682 136.612 270.000 270.000 0.000 1.000 1.000 1.000
8242af6ef10e42ce9a2a31df1e0c2767 -317.423 43.432 129.669 270.000 180.000 0.000 1.000 1.000 1.000 Wardrobe_0
0aeeefaf364f46f9906aff76c40c6d2b -319.181 43.432 135.464 270.000 270.000 0.000 1.000 1.000 1.000
050dbe869b1c4fd5b215c552d145effd -319.181 43.432 133.981 270.000 270.000 0.000 1.000 1.000 1.000
2e060a3768094817887d5f2c8d884d61 -304.391 43.432 131.105 270.000 330.000 0.000 1.000 1.000 1.000
8388edfa33b84f78ad7f5d277412433b -307.684 43.432 135.665 270.000 270.000 0.000 1.000 1.000 1.000 Wardrobe_0
9215cb84c2a942d084fa1dffa0031949 -304.230 43.432 132.392 270.000 14.000 0.000 1.000 1.000 1.000
0e8c0a20e8e947018e8e5859f0a4064f -305.180 48.182 139.576 270.000 -0.000 0.000 1.000 1.000 1.000
29ea162548484889be12ecd51bf6294c -305.392 49.370 139.437 270.000 304.000 0.000 1.000 1.000 1.000
050dbe869b1c4fd5b215c552d145effd -303.360 48.182 132.351 270.000 90.000 0.000 1.000 1.000 1.000
050dbe869b1c4fd5b215c552d145effd -303.360 48.182 133.833 270.000 90.000 0.000 1.000 1.000 1.000
0aeeefaf364f46f9906aff76c40c6d2b -303.360 48.182 130.894 270.000 90.000 0.000 1.000 1.000 1.000
6fb78536e8cb4b01b6050a2efb3d912c -303.380 49.532 133.354 270.000 78.000 0.000 1.000 1.000 1.000
f463c0c6285544ac86845d98a07d73a9 -305.559 43.432 128.517 270.000 -0.000 0.000 1.000 1.000 1.000
87806c2130bc4bd8b4f3276edf2222a6 -317.968 48.182 139.416 270.000 270.000 0.000 1.000 1.000 1.000
9215cb84c2a942d084fa1dffa0031949 -318.136 48.182 138.576 270.000 185.002 0.000 1.000 1.000 1.000
6ce99109b6e94ddeb5ef925a2de6730a -318.496 49.370 139.526 270.000 349.000 0.000 1.000 1.000 1.000
8242af6ef10e42ce9a2a31df1e0c2767 -317.144 48.182 129.681 270.000 180.000 0.000 1.000 1.000 1.000 Wardrobe_0
87806c2130bc4bd8b4f3276edf2222a6 -380.812 38.652 248.369 270.000 270.000 0.000 1.000 1.000 1.000
87806c2130bc4bd8b4f3276edf2222a6 -383.272 38.652 248.369 270.000 270.000 0.000 1.000 1.000 1.000
9215cb84c2a942d084fa1dffa0031949 -379.531 38.652 248.418 270.000 90.000 0.000 1.000 1.000 1.000
6b1dc75a2d88411bbc3af6843e71db02 -380.337 41.554 244.291 270.000 180.000 0.000 1.000 1.000 1.000
5c5d591a49c948a4a812b662b48e87f3 -374.712 38.740 191.500 270.000 270.000 0.000 1.000 1.000 1.000
c09e13f5e43647e79692469b5a9ed4ed -374.763 38.740 192.274 270.000 -0.000 0.000 1.000 1.000 1.000
f16f2c63e5e1484ab4125af2535e5d6d -374.697 39.927 191.496 270.000 176.000 0.000 1.000 1.000 1.000
0fcf5364097e4a199d419a9cf2a60dd7 -376.070 38.740 191.537 270.000 180.000 0.000 1.000 1.000 1.000
a94b6d3b1d164f21a173548e3cb8a566 -367.489 38.740 207.508 270.000 -0.000 0.000 1.000 1.000 1.000 Bed_0
68339521990c4d70903dfd68da2cd886 -375.837 38.740 208.729 270.000 -0.000 0.000 1.000 1.000 1.000
90da84de3f214d129de92b6ee8df60af -373.837 38.740 208.729 270.000 -0.000 0.000 1.000 1.000 1.000
0e8c0a20e8e947018e8e5859f0a4064f -365.119 38.740 208.634 270.000 -0.000 0.000 1.000 1.000 1.000
0e8c0a20e8e947018e8e5859f0a4064f -369.852 38.740 208.634 270.000 -0.000 0.000 1.000 1.000 1.000
050dbe869b1c4fd5b215c552d145effd -376.324 38.740 198.384 270.000 270.000 0.000 1.000 1.000 1.000
050dbe869b1c4fd5b215c552d145effd -376.324 38.740 201.320 270.000 270.000 0.000 1.000 1.000 1.000
0aeeefaf364f46f9906aff76c40c6d2b -376.324 38.740 199.863 270.000 270.000 0.000 1.000 1.000 1.000
91dbbf923c8c401bb6b2d56084783f73 -372.189 38.740 201.609 270.000 92.000 0.000 1.000 1.000 1.000
a305bcc1cdaa486fb91d05201e7d3e6f -372.397 38.740 199.698 270.000 92.000 0.000 1.000 1.000 1.000
086b683233c245968b38d98c2c9e10f1 -372.097 38.740 198.078 270.000 92.000 0.000 1.000 1.000 1.000
e7572f0283b8411fbbc55ee6cae3bb97 -369.229 38.740 191.740 270.000 270.000 0.000 1.000 1.000 1.000 Bed_1
e7572f0283b8411fbbc55ee6cae3bb97 -369.229 38.740 198.881 270.000 270.000 0.000 1.000 1.000 1.000 Bed_0
8388edfa33b84f78ad7f5d277412433b -367.476 38.740 200.664 270.000 180.000 0.000 1.000 1.000 1.000 Wardrobe_0
8242af6ef10e42ce9a2a31df1e0c2767 -364.344 38.719 195.310 270.000 90.000 0.000 1.000 1.000 1.000 Wardrobe_1
584641f35e8540ec85ed88f3aca40622 -364.481 38.740 199.262 270.000 -0.000 0.000 1.000 1.000 1.000
584641f35e8540ec85ed88f3aca40622 -364.518 38.740 191.184 270.000 -0.000 0.000 1.000 1.000 1.000
87806c2130bc4bd8b4f3276edf2222a6 -381.665 38.740 199.181 270.000 270.000 0.000 1.000 1.000 1.000
87806c2130bc4bd8b4f3276edf2222a6 -381.665 38.740 201.032 270.000 270.000 0.000 1.000 1.000 1.000
9215cb84c2a942d084fa1dffa0031949 -381.603 38.740 201.925 270.000 -0.000 0.000 1.000 1.000 1.000
9215cb84c2a942d084fa1dffa0031949 -380.453 38.740 200.907 270.000 87.000 0.000 1.000 1.000 1.000
9215cb84c2a942d084fa1dffa0031949 -380.453 38.740 199.226 270.000 96.000 0.000 1.000 1.000 1.000
9215cb84c2a942d084fa1dffa0031949 -381.603 38.740 198.342 270.000 180.000 0.000 1.000 1.000 1.000
050dbe869b1c4fd5b215c552d145effd -368.157 38.652 239.772 270.000 180.000 0.000 1.000 1.000 1.000
050dbe869b1c4fd5b215c552d145effd -369.617 38.652 239.772 270.000 180.000 0.000 1.000 1.000 1.000
050dbe869b1c4fd5b215c552d145effd -372.553 38.652 239.772 270.000 180.000 0.000 1.000 1.000 1.000
050dbe869b1c4fd5b215c552d145effd -374.004 38.652 239.772 270.000 180.000 0.000 1.000 1.000 1.000
050dbe869b1c4fd5b215c552d145effd -368.160 42.931 239.772 90.000 0.000 0.000 1.000 1.000 1.000
050dbe869b1c4fd5b215c552d145effd -369.611 42.931 239.772 90.000 0.000 0.000 1.000 1.000 1.000
050dbe869b1c4fd5b215c552d145effd -371.086 42.931 239.772 90.000 0.000 0.000 1.000 1.000 1.000
050dbe869b1c4fd5b215c552d145effd -372.547 42.931 239.772 90.000 0.000 0.000 1.000 1.000 1.000
050dbe869b1c4fd5b215c552d145effd -374.007 42.931 239.772 90.000 0.000 0.000 1.000 1.000 1.000
0aeeefaf364f46f9906aff76c40c6d2b -371.078 38.652 239.772 270.000 180.000 0.000 1.000 1.000 1.000
6fb78536e8cb4b01b6050a2efb3d912c -373.541 40.002 239.879 270.000 180.000 0.000 1.000 1.000 1.000
56e56fe3b9f24351aa37af59b4869584 -368.041 38.652 243.307 270.000 -0.000 0.000 1.000 1.000 1.000
a305bcc1cdaa486fb91d05201e7d3e6f -374.129 38.652 243.065 270.000 -0.000 0.000 1.000 1.000 1.000
c2ea9b50d4d640438800b9ff553ec627 -382.030 43.402 245.340 270.000 270.000 0.000 1.000 1.000 1.000
c2ea9b50d4d640438800b9ff553ec627 -378.030 43.402 245.340 270.000 270.000 0.000 1.000 1.000 1.000
a94b6d3b1d164f21a173548e3cb8a566 -361.094 43.402 248.251 270.000 -0.000 0.000 1.000 1.000 1.000 Bed_0
0e8c0a20e8e947018e8e5859f0a4064f -363.470 43.402 249.392 270.000 -0.000 0.000 1.000 1.000 1.000
0e8c0a20e8e947018e8e5859f0a4064f -358.717 43.402 249.392 270.000 -0.000 0.000 1.000 1.000 1.000
b489a8a63fca4d179fd315cbae8b6ed7 -361.095 45.675 239.328 270.000 180.000 0.000 1.000 1.000 1.000
87806c2130bc4bd8b4f3276edf2222a6 -360.930 43.402 240.181 270.000 270.000 0.000 1.000 1.000 1.000
8388edfa33b84f78ad7f5d277412433b -366.209 43.402 244.784 270.000 270.000 0.000 1.000 1.000 1.000 Wardrobe_1
d412f1a6b4c9404a88de772651615e4b -358.644 38.652 242.326 270.000 135.000 0.000 1.000 1.000 1.000
d412f1a6b4c9404a88de772651615e4b -363.593 38.652 242.326 270.000 225.000 0.000 1.000 1.000 1.000
d412f1a6b4c9404a88de772651615e4b -358.644 38.652 249.008 270.000 45.000 0.000 1.000 1.000 1.000
d412f1a6b4c9404a88de772651615e4b -363.593 38.652 249.008 270.000 315.000 0.000 1.000 1.000 1.000
87806c2130bc4bd8b4f3276edf2222a6 -361.118 38.652 243.326 270.000 90.000 0.000 1.000 1.000 1.000
87806c2130bc4bd8b4f3276edf2222a6 -361.118 38.652 248.008 270.000 90.000 0.000 1.000 1.000 1.000
449513fcccb0441abbc8ac47ca0e4440 -361.089 39.840 248.188 270.000 270.000 0.000 1.000 1.000 1.000
52d575ae564f46649523c98875130784 -361.677 39.840 243.135 270.000 87.000 0.000 1.000 1.000 1.000
366521728ff44c17a184f991a4c9cc27 -360.460 39.915 243.123 -0.000 348.000 0.000 1.000 1.000 1.000
6ca718d67ffc40f78f0a1ba4bbc1c403 -360.476 40.100 242.953 -0.000 0.000 0.000 1.000 1.000 1.000
a94b6d3b1d164f21a173548e3cb8a566 -375.686 38.665 164.894 270.000 270.000 0.000 1.000 1.000 1.000 Bed_0
0e8c0a20e8e947018e8e5859f0a4064f -376.797 38.665 167.283 270.000 -0.000 0.000 1.000 1.000 1.000
0e8c0a20e8e947018e8e5859f0a4064f -376.797 38.665 162.461 270.000 -0.000 0.000 1.000 1.000 1.000
8388edfa33b84f78ad7f5d277412433b -371.486 38.635 164.894 270.000 90.000 0.000 1.000 1.000 1.000 Wardrobe_0
e7572f0283b8411fbbc55ee6cae3bb97 -365.567 43.415 157.644 270.000 90.000 0.000 1.000 1.000 1.000 Bed_0
0e8c0a20e8e947018e8e5859f0a4064f -364.490 43.415 159.460 270.000 -0.000 0.000 1.000 1.000 1.000
0e8c0a20e8e947018e8e5859f0a4064f -364.490 43.415 162.635 270.000 -0.000 0.000 1.000 1.000 1.000
e7572f0283b8411fbbc55ee6cae3bb97 -365.567 43.415 164.502 270.000 90.000 0.000 1.000 1.000 1.000 Bed_0
f463c0c6285544ac86845d98a07d73a9 -370.255 43.415 161.047 270.000 270.000 0.000 1.000 1.000 1.000
5c5d591a49c948a4a812b662b48e87f3 -362.152 43.415 163.855 270.000 -0.000 0.000 1.000 1.000 1.000
f16f2c63e5e1484ab4125af2535e5d6d -362.172 44.602 163.951 270.000 270.000 0.000 1.000 1.000 1.000
0fcf5364097e4a199d419a9cf2a60dd7 -362.099 43.415 165.218 270.000 276.000 0.000 1.000 1.000 1.000
c09e13f5e43647e79692469b5a9ed4ed -361.381 43.415 163.849 270.000 91.000 0.000 1.000 1.000 1.000
584641f35e8540ec85ed88f3aca40622 -362.532 43.415 160.811 270.000 -0.000 0.000 1.000 1.000 1.000
68339521990c4d70903dfd68da2cd886 -376.862 43.415 160.390 270.000 270.000 0.000 1.000 1.000 1.000
90da84de3f214d129de92b6ee8df60af -376.862 43.415 162.390 270.000 270.000 0.000 1.000 1.000 1.000
87806c2130bc4bd8b4f3276edf2222a6 -372.019 43.415 159.851 270.000 -0.000 0.000 1.000 1.000 1.000
8388edfa33b84f78ad7f5d277412433b -371.449 43.415 162.726 270.000 90.000 0.000 1.000 1.000 1.000 Wardrobe_0
2e060a3768094817887d5f2c8d884d61 -367.068 38.665 165.238 270.000 16.000 0.000 1.000 1.000 1.000
9215cb84c2a942d084fa1dffa0031949 -368.061 38.665 163.934 270.000 211.000 0.000 1.000 1.000 1.000
9215cb84c2a942d084fa1dffa0031949 -368.443 38.665 166.228 270.000 310.000 0.000 1.000 1.000 1.000
9215cb84c2a942d084fa1dffa0031949 -365.975 38.665 166.307 270.000 39.000 0.000 1.000 1.000 1.000
9215cb84c2a942d084fa1dffa0031949 -365.964 38.665 164.236 270.000 128.000 0.000 1.000 1.000 1.000
050dbe869b1c4fd5b215c552d145effd -367.977 38.665 152.839 270.000 180.000 0.000 1.000 1.000 1.000
050dbe869b1c4fd5b215c552d145effd -369.448 38.665 152.839 270.000 180.000 0.000 1.000 1.000 1.000
050dbe869b1c4fd5b215c552d145effd -373.885 38.665 152.839 270.000 180.000 0.000 1.000 1.000 1.000
0aeeefaf364f46f9906aff76c40c6d2b -370.932 38.665 152.839 270.000 180.000 0.000 1.000 1.000 1.000
91dbbf923c8c401bb6b2d56084783f73 -375.333 38.665 152.839 270.000 180.000 0.000 1.000 1.000 1.000
086b683233c245968b38d98c2c9e10f1 -366.458 38.665 153.097 270.000 180.000 0.000 1.000 1.000 1.000
2d1daa0412b94503aa57a5b422187d48 -368.472 40.015 152.856 270.000 178.000 0.000 1.000 1.000 1.000
a305bcc1cdaa486fb91d05201e7d3e6f -372.400 38.665 153.078 270.000 180.000 0.000 1.000 1.000 1.000
a31640c238084120a4cc7dce956cb7eb -274.886 38.552 210.759 270.000 -0.000 0.000 1.000 1.000 1.000
a31640c238084120a4cc7dce956cb7eb -298.886 38.552 210.760 270.000 -0.000 0.000 1.000 1.000 1.000
a31640c238084120a4cc7dce956cb7eb -298.886 38.552 191.533 270.000 180.000 0.000 1.000 1.000 1.000
a31640c238084120a4cc7dce956cb7eb -325.273 38.552 165.147 270.000 90.000 0.000 1.000 1.000 1.000
a31640c238084120a4cc7dce956cb7eb -344.500 38.552 165.147 270.000 270.000 0.000 1.000 1.000 1.000
a31640c238084120a4cc7dce956cb7eb -325.272 38.552 237.147 270.000 90.000 0.000 1.000 1.000 1.000
a31640c238084120a4cc7dce956cb7eb -344.498 38.552 237.147 270.000 270.000 0.000 1.000 1.000 1.000
a31640c238084120a4cc7dce956cb7eb -370.887 38.552 138.760 270.000 -0.000 0.000 1.000 1.000 1.000
685843fb38e045d889d29c3000164ee5 -315.513 38.667 240.925 270.000 17.000 0.000 1.000 1.000 1.000
aa5713bdfae44bacbc36979248e25128 -265.020 41.939 237.912 270.000 -0.000 0.000 1.000 1.000 1.000
aa5713bdfae44bacbc36979248e25128 -261.217 41.945 185.853 270.000 -0.000 0.000 1.000 1.000 1.000
aa5713bdfae44bacbc36979248e25128 -290.523 41.903 186.422 270.000 -0.000 0.000 1.000 1.000 1.000
aa5713bdfae44bacbc36979248e25128 -263.892 41.928 146.250 270.000 270.000 0.000 1.000 1.000 1.000
aa5713bdfae44bacbc36979248e25128 -355.302 41.894 241.239 270.000 270.000 0.000 1.000 1.000 1.000
7a7212d2746742fa8141682e965f84cc -383.164 42.097 197.609 -0.000 90.000 270.000 1.000 1.000 1.000
7a7212d2746742fa8141682e965f84cc -383.164 42.097 202.626 -0.000 90.000 270.000 1.000 1.000 1.000
7a7212d2746742fa8141682e965f84cc -367.277 42.033 152.087 -0.000 0.000 270.000 1.000 1.000 1.000
7a7212d2746742fa8141682e965f84cc -374.369 42.033 152.087 -0.000 0.000 270.000 1.000 1.000 1.000
7a7212d2746742fa8141682e965f84cc -379.031 41.982 252.441 -0.000 0.000 270.000 1.000 1.000 1.000
7a7212d2746742fa8141682e965f84cc -358.440 41.982 252.441 -0.000 0.000 270.000 1.000 1.000 1.000
7a7212d2746742fa8141682e965f84cc -363.531 41.982 252.441 -0.000 0.000 270.000 1.000 1.000 1.000
7a7212d2746742fa8141682e965f84cc -302.603 42.061 137.387 -0.000 90.000 270.000 1.000 1.000 1.000
7a7212d2746742fa8141682e965f84cc -302.603 42.061 132.342 -0.000 90.000 270.000 1.000 1.000 1.000
b832729132a546a29eaedac06b84a46f -358.888 38.592 273.145 270.000 270.000 0.000 1.000 1.000 1.000
b832729132a546a29eaedac06b84a46f -382.888 38.592 273.145 270.000 270.000 0.000 1.000 1.000 1.000
329682e42ea141ea8d033278e88d763c -334.888 38.592 273.145 270.000 270.000 0.000 1.000 1.000 1.000
a434abe6483d4a39a242857c8c6cd64a -370.780 38.650 303.436 270.000 270.000 0.000 1.000 1.000 1.000 House_07
28c973094ebf4bcd8b669465052c841f -261.006 38.381 365.814 270.000 314.000 0.000 1.000 1.000 1.000
99c4048f91634e45986add0a89ffc2df -373.755 38.996 282.327 271.886 180.000 189.000 1.000 1.000 1.000
99c4048f91634e45986add0a89ffc2df -374.659 39.007 263.191 272.487 -0.000 199.000 1.000 1.000 1.000
9bce22473d334aefad8864f0bc8447cb -375.914 39.002 263.313 272.487 0.000 185.003 1.000 1.000 1.000
734aa6d8bb7642618c4b3522de821ee4 -382.886 38.963 283.143 270.000 180.000 0.000 1.000 1.000 1.000
734aa6d8bb7642618c4b3522de821ee4 -382.886 38.963 263.143 270.000 180.000 0.000 1.000 1.000 1.000
8548fc360c554b399e98cde4d40eca5d -367.032 41.709 299.211 75.000 90.000 270.000 1.000 1.000 1.000
f463c0c6285544ac86845d98a07d73a9 -261.678 38.690 261.101 270.000 -0.000 0.000 1.000 1.000 1.000
e7572f0283b8411fbbc55ee6cae3bb97 -363.317 38.650 302.936 270.000 90.000 0.000 1.000 1.000 1.000 Bed_1
0e8c0a20e8e947018e8e5859f0a4064f -362.247 38.650 301.080 270.000 -0.000 0.000 1.000 1.000 1.000
050dbe869b1c4fd5b215c552d145effd -379.691 38.650 303.485 270.000 270.000 0.000 1.000 1.000 1.000
050dbe869b1c4fd5b215c552d145effd -379.691 38.650 306.413 270.000 270.000 0.000 1.000 1.000 1.000
0aeeefaf364f46f9906aff76c40c6d2b -379.691 38.650 304.958 270.000 270.000 0.000 1.000 1.000 1.000
91dbbf923c8c401bb6b2d56084783f73 -379.724 38.650 307.816 270.000 270.000 0.000 1.000 1.000 1.000
086b683233c245968b38d98c2c9e10f1 -379.454 38.650 301.972 270.000 270.000 0.000 1.000 1.000 1.000
6fb78536e8cb4b01b6050a2efb3d912c -379.678 41.150 307.858 270.000 274.000 0.000 1.000 1.000 1.000
8388edfa33b84f78ad7f5d277412433b -367.603 38.650 310.674 270.000 -0.000 0.000 1.000 1.000 1.000 Wardrobe_0
68339521990c4d70903dfd68da2cd886 -364.431 38.650 305.885 270.000 180.000 0.000 1.000 1.000 1.000
90da84de3f214d129de92b6ee8df60af -366.431 38.650 305.885 270.000 180.000 0.000 1.000 1.000 1.000
2e060a3768094817887d5f2c8d884d61 -373.576 38.650 309.240 270.000 15.000 0.000 1.000 1.000 1.000
d412f1a6b4c9404a88de772651615e4b -371.797 38.650 307.698 270.000 135.000 0.000 1.000 1.000 1.000
d412f1a6b4c9404a88de772651615e4b -375.066 38.650 307.467 270.000 225.000 0.000 1.000 1.000 1.000
52d575ae564f46649523c98875130784 -373.353 39.838 308.796 270.000 -0.000 0.000 1.000 1.000 1.000
f463c0c6285544ac86845d98a07d73a9 -371.505 38.650 299.784 270.000 180.000 0.000 1.000 1.000 1.000
a31640c238084120a4cc7dce956cb7eb -370.885 38.552 282.760 270.000 -0.000 0.000 1.000 1.000 1.000
a31640c238084120a4cc7dce956cb7eb -370.885 38.552 263.534 270.000 180.000 0.000 1.000 1.000 1.000
a31640c238084120a4cc7dce956cb7eb -345.314 38.952 262.847 270.000 225.001 0.000 1.000 1.000 1.000
a31640c238084120a4cc7dce956cb7eb -346.885 38.552 282.760 270.000 -0.000 0.000 1.000 1.000 1.000
a31640c238084120a4cc7dce956cb7eb -325.272 38.552 261.147 270.000 90.000 0.000 1.000 1.000 1.000
ebfb3476f7f0406f88d0cba7054afc3f -274.876 38.381 338.319 270.000 330.000 0.000 1.000 1.000 1.000
7a7212d2746742fa8141682e965f84cc -360.991 42.056 308.069 356.164 89.477 270.523 1.000 1.000 1.000
7a7212d2746742fa8141682e965f84cc -360.940 42.111 302.109 356.164 89.477 270.523 1.000 1.000 1.000
34af62084fc3401eb960900aa3a759c8 -332.226 38.381 397.694 270.000 203.000 0.000 1.000 1.000 1.000
25f82f8261264d5eb12f99d80bbe2d89 -321.496 38.381 393.917 270.000 288.000 0.000 1.000 1.000 1.000
73fa45a827954cf0a765cd1ab24a29e7 -296.895 38.381 670.840 270.000 255.000 0.000 1.000 1.000 1.000
73fa45a827954cf0a765cd1ab24a29e7 -360.313 38.075 672.429 270.000 315.000 0.000 1.000 1.000 1.000
e196083d7e0a4020bf98d8eecea279b8 -344.630 39.480 886.255 335.501 144.176 99.476 1.000 1.000 1.000
1844f8668ac841cb8028e65af96f23e3 -346.854 38.522 882.993 270.000 -0.000 0.000 1.000 1.000 1.000
1844f8668ac841cb8028e65af96f23e3 -350.635 39.126 882.890 280.999 90.000 124.001 1.000 1.000 1.000
1844f8668ac841cb8028e65af96f23e3 -347.259 38.461 885.393 270.000 283.000 0.000 1.000 1.000 1.000
1844f8668ac841cb8028e65af96f23e3 -339.924 39.647 891.041 292.133 263.181 98.567 1.000 1.000 1.000
1844f8668ac841cb8028e65af96f23e3 -340.825 39.197 886.681 285.000 273.000 0.000 1.000 1.000 1.000
1844f8668ac841cb8028e65af96f23e3 -342.972 38.589 888.398 278.478 225.157 323.158 1.000 1.000 1.000
19c615f4814e4faa8535b2aac4d40481 -349.393 39.305 880.157 270.000 -0.000 0.000 1.000 1.000 1.000
19c615f4814e4faa8535b2aac4d40481 -338.884 40.092 884.997 292.000 270.000 8.000 1.000 1.000 1.000
19c615f4814e4faa8535b2aac4d40481 -344.451 38.701 892.021 270.000 264.000 0.000 1.000 1.000 1.000
1844f8668ac841cb8028e65af96f23e3 -368.435 44.176 862.153 295.284 226.800 130.335 1.000 1.000 1.000
1844f8668ac841cb8028e65af96f23e3 -368.387 42.102 858.733 308.888 225.712 127.209 1.000 1.000 1.000
1844f8668ac841cb8028e65af96f23e3 -373.446 39.500 854.506 285.000 224.000 -0.000 1.000 1.000 1.000
1844f8668ac841cb8028e65af96f23e3 -374.530 40.137 856.632 290.706 214.218 143.983 1.000 1.000 1.000
862a4ad08b0b4899b35ef82309e47919 -339.678 43.168 873.679 302.070 324.409 31.236 1.000 1.000 1.000
6125b4de591b44359237f6d7191dd919 -358.313 40.179 872.424 270.000 -0.000 0.000 1.000 1.000 1.000
78d39335b1c740c0ae38ca60efd49e73 -339.611 41.319 884.458 303.000 290.000 -0.000 1.000 1.000 1.000
862a4ad08b0b4899b35ef82309e47919 -340.635 44.347 902.667 316.677 192.417 171.409 1.000 1.000 1.000
862a4ad08b0b4899b35ef82309e47919 -342.620 52.264 911.071 317.000 180.001 120.000 1.000 1.000 1.000
862a4ad08b0b4899b35ef82309e47919 -354.401 41.314 896.213 44.199 325.316 189.539 1.000 1.000 1.000
3e0c35eab929407baa0dec3ca2b646a1 -196.616 38.381 -897.126 270.000 210.000 0.000 1.000 1.000 1.000
6125b4de591b44359237f6d7191dd919 -246.019 45.499 -925.947 302.710 247.677 342.382 1.000 1.000 1.000
862a4ad08b0b4899b35ef82309e47919 -229.497 48.861 -929.025 318.536 31.427 337.971 1.000 1.000 1.000
70a6d5cb04454b8fb0c48d8d1221b7ba -190.804 38.381 -779.120 270.000 300.000 0.000 1.000 1.000 1.000
70a6d5cb04454b8fb0c48d8d1221b7ba -169.730 38.381 -791.452 270.000 300.000 0.000 1.000 1.000 1.000
70a6d5cb04454b8fb0c48d8d1221b7ba -148.806 38.381 -803.687 270.000 300.000 0.000 1.000 1.000 1.000
70a6d5cb04454b8fb0c48d8d1221b7ba -185.214 38.381 -810.728 270.000 300.000 0.000 1.000 1.000 1.000
70a6d5cb04454b8fb0c48d8d1221b7ba -164.790 38.381 -822.685 270.000 300.000 0.000 1.000 1.000 1.000
70a6d5cb04454b8fb0c48d8d1221b7ba -205.728 38.381 -798.801 270.000 300.000 0.000 1.000 1.000 1.000
70a6d5cb04454b8fb0c48d8d1221b7ba -226.049 38.381 -786.797 270.000 300.000 0.000 1.000 1.000 1.000
70a6d5cb04454b8fb0c48d8d1221b7ba -246.445 38.381 -774.765 270.000 301.000 0.000 1.000 1.000 1.000
70a6d5cb04454b8fb0c48d8d1221b7ba -252.678 38.381 -824.305 270.000 300.000 0.000 1.000 1.000 1.000
70a6d5cb04454b8fb0c48d8d1221b7ba -231.970 38.381 -836.261 270.000 300.000 0.000 1.000 1.000 1.000
70a6d5cb04454b8fb0c48d8d1221b7ba -211.212 38.381 -848.246 270.000 300.000 0.000 1.000 1.000 1.000
70a6d5cb04454b8fb0c48d8d1221b7ba -190.587 38.381 -860.153 270.000 300.000 0.000 1.000 1.000 1.000
70a6d5cb04454b8fb0c48d8d1221b7ba -244.831 38.381 -857.308 270.000 300.000 0.000 1.000 1.000 1.000
70a6d5cb04454b8fb0c48d8d1221b7ba -223.973 38.381 -869.304 270.000 300.000 0.000 1.000 1.000 1.000
70a6d5cb04454b8fb0c48d8d1221b7ba -203.019 38.381 -881.402 270.000 300.000 0.000 1.000 1.000 1.000
3e0c35eab929407baa0dec3ca2b646a1 -169.173 38.381 -777.593 270.000 30.000 0.000 1.000 1.000 1.000
3e0c35eab929407baa0dec3ca2b646a1 -137.996 38.381 -795.593 270.000 30.000 0.000 1.000 1.000 1.000
3e0c35eab929407baa0dec3ca2b646a1 -227.793 38.381 -879.126 270.000 210.000 0.000 1.000 1.000 1.000
ba1cd9e03adf4a2091a3314a6a30eafb -183.414 38.546 -840.247 270.000 300.000 0.000 1.000 1.000 1.000
ba1cd9e03adf4a2091a3314a6a30eafb -180.515 38.546 -835.226 270.000 120.000 0.000 1.000 1.000 1.000
bca7ab61ae6046aeb5bcc4832202a29a -190.565 38.536 -840.692 -0.000 90.000 270.000 1.000 1.000 1.000
bca7ab61ae6046aeb5bcc4832202a29a -189.825 38.536 -839.674 -0.000 90.000 270.000 1.000 1.000 1.000
bca7ab61ae6046aeb5bcc4832202a29a -190.141 38.908 -840.046 -0.000 90.000 270.000 1.000 1.000 1.000
bca7ab61ae6046aeb5bcc4832202a29a -179.613 38.875 -845.949 288.000 120.000 270.000 1.000 1.000 1.000
bca7ab61ae6046aeb5bcc4832202a29a -180.451 38.573 -846.754 -0.000 90.000 270.000 1.000 1.000 1.000
bca7ab61ae6046aeb5bcc4832202a29a -176.514 38.566 -828.330 -0.000 90.000 270.000 1.000 1.000 1.000
bca7ab61ae6046aeb5bcc4832202a29a -176.629 38.978 -828.240 -0.000 90.000 270.000 1.000 1.000 1.000
bca7ab61ae6046aeb5bcc4832202a29a -176.588 39.349 -828.313 -0.000 90.000 270.000 1.000 1.000 1.000
bca7ab61ae6046aeb5bcc4832202a29a -176.510 39.713 -828.255 -0.000 90.000 270.000 1.000 1.000 1.000
bca7ab61ae6046aeb5bcc4832202a29a -177.458 38.828 -828.070 285.000 90.000 270.000 1.000 1.000 1.000
ff5cbfca73df49928a5a87d18b943ba7 -181.991 38.102 -837.783 270.000 30.000 0.000 1.000 1.000 1.000
c2ea9b50d4d640438800b9ff553ec627 -183.311 38.381 -828.694 270.000 18.000 0.000 1.000 1.000 1.000
c2ea9b50d4d640438800b9ff553ec627 -186.929 38.381 -847.171 270.000 309.000 0.000 1.000 1.000 1.000
c2ea9b50d4d640438800b9ff553ec627 -171.693 38.381 -831.393 270.000 130.000 0.000 1.000 1.000 1.000
4ca1de6fdcc84b6bbc4a76c3ad394739 -176.948 38.399 -840.696 270.000 -0.000 0.000 1.000 1.000 1.000
756faa5eea0b4df7b2602e1d77932057 -192.928 38.426 -844.954 270.000 -0.000 0.000 1.000 1.000 1.000
aacd164d8e4041aab78179c7886f4461 -193.306 38.426 -843.816 270.000 -0.000 0.000 1.000 1.000 1.000
aacd164d8e4041aab78179c7886f4461 -184.664 38.390 -830.180 270.000 -0.000 0.000 1.000 1.000 1.000
cb0d8bf87fca47e3b73f634959a9f523 -187.246 38.381 -835.266 270.000 324.000 0.000 1.000 1.000 1.000
054a9392fed9484e950ff92d13631f06 -182.346 38.287 -850.070 270.000 -0.000 0.000 1.000 1.000 1.000
e0cb5fc3d4ef44e6a01fec03dcdf45da -173.991 38.102 -823.927 270.000 30.000 0.000 1.000 1.000 1.000
e0cb5fc3d4ef44e6a01fec03dcdf45da -189.991 38.102 -851.640 270.000 30.000 0.000 1.000 1.000 1.000
91c7b343d13446faba663d2f63e03276 -172.032 42.370 -834.904 270.000 300.000 0.000 1.000 1.000 1.000
70a6d5cb04454b8fb0c48d8d1221b7ba -211.774 38.381 -766.703 270.000 300.000 0.000 1.000 1.000 1.000
70a6d5cb04454b8fb0c48d8d1221b7ba -232.908 38.381 -754.501 270.000 301.000 0.000 1.000 1.000 1.000
70a6d5cb04454b8fb0c48d8d1221b7ba -253.961 38.381 -742.135 270.000 301.000 0.000 1.000 1.000 1.000
3e0c35eab929407baa0dec3ca2b646a1 -231.526 38.381 -741.593 270.000 30.000 0.000 1.000 1.000 1.000
3e0c35eab929407baa0dec3ca2b646a1 -200.350 38.381 -759.593 270.000 30.000 0.000 1.000 1.000 1.000
34af62084fc3401eb960900aa3a759c8 -227.146 38.381 -656.091 270.000 66.000 0.000 1.000 1.000 1.000
bc4b9a034fe04c669285becc489d01a0 -227.145 38.381 -668.948 270.000 340.000 0.000 1.000 1.000 1.000
bc4b9a034fe04c669285becc489d01a0 -204.070 38.381 -711.626 270.000 327.000 0.000 1.000 1.000 1.000
bc4b9a034fe04c669285becc489d01a0 -173.830 38.381 -746.245 270.000 317.000 0.000 1.000 1.000 1.000
5375fd19924b4826b0cb432064c2d480 -252.233 54.788 -527.870 270.000 348.000 0.000 1.000 1.000 1.000
25f82f8261264d5eb12f99d80bbe2d89 -234.018 38.273 -637.977 270.000 156.000 0.000 1.000 1.000 1.000
bc4b9a034fe04c669285becc489d01a0 -255.679 38.570 -584.894 270.000 348.000 0.000 1.000 1.000 1.000
bc4b9a034fe04c669285becc489d01a0 -244.539 38.325 -623.628 270.000 346.000 0.000 1.000 1.000 1.000
6125b4de591b44359237f6d7191dd919 -241.043 32.195 -559.072 270.000 -0.000 0.000 1.000 1.000 1.000
6125b4de591b44359237f6d7191dd919 -249.190 32.177 -559.518 292.353 357.860 121.124 1.000 1.000 1.000
15839f5f26b6439d9bb6e3bbc6860d11 -230.930 7.475 -459.076 296.334 20.595 270.000 0.409 0.712 0.510
5be4c8929e7e4e9c8aa832565342e6fe -244.590 7.530 -469.714 270.000 -0.000 0.000 0.256 0.452 0.217
f0372d2c80a84648b83d92e8d1ffa445 -241.766 8.952 -492.777 270.000 -0.000 0.000 1.000 1.000 0.786
329682e42ea141ea8d033278e88d763c -238.888 38.592 -38.855 270.000 -0.000 0.000 1.000 1.000 1.000
b832729132a546a29eaedac06b84a46f -238.888 38.592 -14.855 270.000 180.000 0.000 1.000 1.000 1.000
ecb8cb1cf28a4c299e6cb79cdb482da2 -226.120 38.714 -50.750 270.000 135.000 0.000 1.000 1.000 1.000
93e93aeb36ec4685a262c4da4fdc1ced -215.806 38.636 -14.232 270.000 90.000 0.000 1.000 1.000 1.000
40921a1a3cd742f69cc25cc25b856572 -243.699 38.381 -52.742 270.000 75.000 0.000 1.000 1.000 1.000
40921a1a3cd742f69cc25cc25b856572 -242.621 38.381 -56.768 270.000 75.000 0.000 1.000 1.000 1.000
40921a1a3cd742f69cc25cc25b856572 -240.464 38.381 -64.815 270.000 75.000 0.000 1.000 1.000 1.000
40921a1a3cd742f69cc25cc25b856572 -241.543 38.381 -60.790 270.000 75.000 0.000 1.000 1.000 1.000
40921a1a3cd742f69cc25cc25b856572 -238.299 38.381 -72.897 270.000 75.000 0.000 1.000 1.000 1.000
40921a1a3cd742f69cc25cc25b856572 -239.377 38.381 -68.872 270.000 75.000 0.000 1.000 1.000 1.000
40921a1a3cd742f69cc25cc25b856572 -216.207 38.381 -35.564 270.000 15.000 0.000 1.000 1.000 1.000
40921a1a3cd742f69cc25cc25b856572 -220.229 38.381 -34.486 270.000 15.000 0.000 1.000 1.000 1.000
40921a1a3cd742f69cc25cc25b856572 -224.254 38.381 -33.408 270.000 15.000 0.000 1.000 1.000 1.000
40921a1a3cd742f69cc25cc25b856572 -204.099 38.381 -38.808 270.000 15.000 0.000 1.000 1.000 1.000
40921a1a3cd742f69cc25cc25b856572 -208.125 38.381 -37.730 270.000 15.000 0.000 1.000 1.000 1.000
40921a1a3cd742f69cc25cc25b856572 -212.181 38.381 -36.643 270.000 15.000 0.000 1.000 1.000 1.000
40921a1a3cd742f69cc25cc25b856572 -225.289 38.381 -1.259 270.000 270.000 0.000 1.000 1.000 1.000
f6d69dd4dd504de894facc3bfa1f62a7 -212.095 44.295 -3.861 270.000 270.000 0.000 1.000 1.000 1.000
e82d7826bffa4b1fb4785b8c57eab8e3 -212.095 39.545 -3.861 270.000 270.000 0.000 1.000 1.000 1.000
99662274a5d645f9bd210808c47a7dd0 -249.236 38.952 -1.027 270.000 90.000 0.000 1.000 1.000 1.000
734aa6d8bb7642618c4b3522de821ee4 -236.121 38.952 -42.094 270.000 225.001 0.000 1.000 1.000 1.000
734aa6d8bb7642618c4b3522de821ee4 -248.890 38.963 -14.858 270.000 180.000 0.000 1.000 1.000 1.000
734aa6d8bb7642618c4b3522de821ee4 -228.890 38.963 -14.859 270.000 180.000 0.000 1.000 1.000 1.000
6b1dc75a2d88411bbc3af6843e71db02 -255.143 41.486 -67.544 15.000 270.000 270.000 1.000 1.000 1.000
6b1dc75a2d88411bbc3af6843e71db02 -253.143 41.486 -67.544 324.000 90.000 90.000 1.000 1.000 1.000
6b1dc75a2d88411bbc3af6843e71db02 -251.143 41.486 -67.544 270.000 180.000 0.000 1.000 1.000 1.000
84b3a672bc0643d1b12b2b345a88ba46 -252.993 39.953 -63.122 270.000 270.000 0.000 1.000 1.000 1.000
84b3a672bc0643d1b12b2b345a88ba46 -252.993 39.953 -59.442 270.000 270.000 0.000 1.000 1.000 1.000
daa453b1ed27491ea396a67fb2c0503f -249.999 42.600 -68.295 270.000 90.000 0.000 1.000 1.000 1.000
65906f4174724825849478b60ecc348a -255.311 38.703 -68.498 270.000 -0.000 0.000 1.000 1.000 1.000
65906f4174724825849478b60ecc348a -254.549 38.703 -68.498 270.000 -0.000 0.000 1.000 1.000 1.000
65906f4174724825849478b60ecc348a -252.549 38.703 -68.498 270.000 -0.000 0.000 1.000 1.000 1.000
65906f4174724825849478b60ecc348a -253.311 38.703 -68.498 270.000 -0.000 0.000 1.000 1.000 1.000
65906f4174724825849478b60ecc348a -250.549 38.703 -68.498 270.000 -0.000 0.000 1.000 1.000 1.000
65906f4174724825849478b60ecc348a -251.311 38.703 -68.498 270.000 -0.000 0.000 1.000 1.000 1.000
65906f4174724825849478b60ecc348a -252.549 38.703 -75.344 270.000 180.000 0.000 1.000 1.000 1.000
65906f4174724825849478b60ecc348a -253.311 38.703 -75.344 270.000 180.000 0.000 1.000 1.000 1.000
65906f4174724825849478b60ecc348a -254.549 38.703 -75.344 270.000 180.000 0.000 1.000 1.000 1.000
65906f4174724825849478b60ecc348a -255.311 38.703 -75.344 270.000 180.000 0.000 1.000 1.000 1.000
65906f4174724825849478b60ecc348a -251.311 38.703 -75.344 270.000 180.000 0.000 1.000 1.000 1.000
65906f4174724825849478b60ecc348a -250.549 38.703 -75.344 270.000 180.000 0.000 1.000 1.000 1.000
d4dea3aa823a4244be941b4b114e157d -255.251 43.453 -58.315 270.000 -0.000 0.000 1.000 1.000 1.000
d4dea3aa823a4244be941b4b114e157d -224.777 43.464 -45.330 270.000 45.000 0.000 1.000 1.000 1.000
d4dea3aa823a4244be941b4b114e157d -213.296 53.886 -17.214 270.000 180.000 0.000 1.000 1.000 1.000
d4dea3aa823a4244be941b4b114e157d -213.296 53.886 -15.214 270.000 180.000 0.000 1.000 1.000 1.000
cf45d6da9d6a4e129da721948b0b3a8a -223.590 41.517 -19.268 -0.000 180.000 90.000 1.000 1.000 1.000
8548fc360c554b399e98cde4d40eca5d -233.161 41.859 -48.267 75.000 225.000 90.000 1.000 1.000 1.000
050dbe869b1c4fd5b215c552d145effd -225.381 38.714 -58.585 270.000 135.000 0.000 1.000 1.000 1.000
050dbe869b1c4fd5b215c552d145effd -226.405 38.714 -59.610 270.000 135.000 0.000 1.000 1.000 1.000
156a673581474f6aa368ff6e08b8f25a -225.968 40.064 -59.110 270.000 135.000 0.000 1.000 1.000 1.000
0aeeefaf364f46f9906aff76c40c6d2b -224.332 38.714 -57.537 270.000 135.000 0.000 1.000 1.000 1.000
87806c2130bc4bd8b4f3276edf2222a6 -226.692 38.714 -43.530 270.000 45.000 0.000 1.000 1.000 1.000
9215cb84c2a942d084fa1dffa0031949 -227.658 38.714 -44.436 270.000 226.000 0.000 1.000 1.000 1.000
9215cb84c2a942d084fa1dffa0031949 -225.851 38.714 -42.620 270.000 41.000 0.000 1.000 1.000 1.000
87806c2130bc4bd8b4f3276edf2222a6 -233.386 38.714 -50.223 270.000 45.000 0.000 1.000 1.000 1.000
9215cb84c2a942d084fa1dffa0031949 -232.545 38.714 -49.314 270.000 41.000 0.000 1.000 1.000 1.000
9215cb84c2a942d084fa1dffa0031949 -234.352 38.714 -51.130 270.000 226.000 0.000 1.000 1.000 1.000
84b3a672bc0643d1b12b2b345a88ba46 -223.114 39.964 -50.192 270.000 321.000 0.000 1.000 1.000 1.000
84b3a672bc0643d1b12b2b345a88ba46 -226.564 39.964 -53.691 270.000 308.000 0.000 1.000 1.000 1.000
c2ea9b50d4d640438800b9ff553ec627 -222.355 38.650 -54.907 270.000 45.000 0.000 1.000 1.000 1.000
c2ea9b50d4d640438800b9ff553ec627 -220.234 38.650 -52.786 270.000 45.000 0.000 1.000 1.000 1.000
c2ea9b50d4d640438800b9ff553ec627 -218.113 38.650 -50.665 270.000 45.000 0.000 1.000 1.000 1.000
e9ce671e95c14e60a12cf755f25dce3f -220.613 38.381 -56.238 270.000 315.000 0.000 1.000 1.000 1.000
a19b3ec55a2046668611c9d2775efd99 -220.894 38.881 -56.591 270.000 315.000 0.000 1.000 1.000 1.000
e73f9a6daf7f4852a60374999a0723a6 -207.110 38.381 -10.385 270.000 270.000 0.000 1.000 1.000 1.000
61e43d05791d4269b626de9bedbf0a03 -207.108 38.881 -9.949 270.000 -0.000 0.000 1.000 1.000 1.000
a19b3ec55a2046668611c9d2775efd99 -207.116 38.881 -10.998 270.000 276.000 0.000 1.000 1.000 1.000
e7572f0283b8411fbbc55ee6cae3bb97 -212.393 48.136 -14.256 270.000 -0.000 0.000 1.000 1.000 1.000 Bed_1
e7572f0283b8411fbbc55ee6cae3bb97 -221.191 43.386 -10.097 270.000 270.000 0.000 1.000 1.000 1.000 Bed_0
e7572f0283b8411fbbc55ee6cae3bb97 -215.822 38.636 -7.557 270.000 90.000 0.000 1.000 1.000 1.000 Bed_0
90da84de3f214d129de92b6ee8df60af -222.033 38.640 -16.251 270.000 180.000 0.000 1.000 1.000 1.000
68339521990c4d70903dfd68da2cd886 -220.150 38.633 -16.307 270.000 180.000 0.000 1.000 1.000 1.000
8cffc239fd2d4a8383b0cc60399a5b35 -222.380 48.136 -19.870 270.000 -0.000 0.000 1.000 1.000 1.000
050dbe869b1c4fd5b215c552d145effd -211.124 48.136 -7.082 270.000 -0.000 0.000 1.000 1.000 1.000
0aeeefaf364f46f9906aff76c40c6d2b -209.646 48.136 -7.082 270.000 -0.000 0.000 1.000 1.000 1.000
91dbbf923c8c401bb6b2d56084783f73 -212.540 48.136 -7.082 270.000 -0.000 0.000 1.000 1.000 1.000
a305bcc1cdaa486fb91d05201e7d3e6f -217.218 48.136 -10.282 270.000 180.000 0.000 1.000 1.000 1.000
086b683233c245968b38d98c2c9e10f1 -215.549 48.136 -10.282 270.000 180.000 0.000 1.000 1.000 1.000
8388edfa33b84f78ad7f5d277412433b -215.270 48.136 -17.781 270.000 -0.000 0.000 1.000 1.000 1.000 Wardrobe_0
8242af6ef10e42ce9a2a31df1e0c2767 -215.865 43.386 -10.683 270.000 180.000 0.000 1.000 1.000 1.000 Wardrobe_1
050dbe869b1c4fd5b215c552d145effd -212.814 43.386 -14.941 270.000 270.000 0.000 1.000 1.000 1.000
050dbe869b1c4fd5b215c552d145effd -212.814 43.386 -13.468 270.000 270.000 0.000 1.000 1.000 1.000
0aeeefaf364f46f9906aff76c40c6d2b -212.814 43.386 -11.997 270.000 270.000 0.000 1.000 1.000 1.000
91dbbf923c8c401bb6b2d56084783f73 -212.860 43.386 -16.451 270.000 270.000 0.000 1.000 1.000 1.000
2d1daa0412b94503aa57a5b422187d48 -212.867 44.736 -14.806 270.000 264.000 0.000 1.000 1.000 1.000
a305bcc1cdaa486fb91d05201e7d3e6f -209.008 43.386 -13.954 270.000 90.000 0.000 1.000 1.000 1.000
086b683233c245968b38d98c2c9e10f1 -209.011 43.386 -15.515 270.000 90.000 0.000 1.000 1.000 1.000
87806c2130bc4bd8b4f3276edf2222a6 -215.714 43.386 -20.948 270.000 270.000 0.000 1.000 1.000 1.000
9215cb84c2a942d084fa1dffa0031949 -215.558 43.386 -20.060 270.000 -0.000 0.000 1.000 1.000 1.000
6ce99109b6e94ddeb5ef925a2de6730a -216.337 44.574 -20.993 270.000 197.001 0.000 1.000 1.000 1.000
8388edfa33b84f78ad7f5d277412433b -208.681 38.636 -8.932 270.000 90.000 0.000 1.000 1.000 1.000 Wardrobe_0
87806c2130bc4bd8b4f3276edf2222a6 -212.556 38.636 -14.457 270.000 -0.000 0.000 1.000 1.000 1.000
becc624cee1a4845808af80472ee9310 -212.589 39.824 -14.528 270.000 270.000 0.000 1.000 1.000 1.000
ae22774b549f44d29926a956ac6c0a4d -208.937 38.636 -14.489 270.000 90.000 0.000 1.000 1.000 1.000
050dbe869b1c4fd5b215c552d145effd -217.466 38.636 -17.980 270.000 -0.000 0.000 1.000 1.000 1.000
050dbe869b1c4fd5b215c552d145effd -220.384 38.636 -17.980 270.000 -0.000 0.000 1.000 1.000 1.000
050dbe869b1c4fd5b215c552d145effd -215.970 38.636 -17.980 270.000 -0.000 0.000 1.000 1.000 1.000
0aeeefaf364f46f9906aff76c40c6d2b -218.928 38.636 -17.980 270.000 -0.000 0.000 1.000 1.000 1.000
56e56fe3b9f24351aa37af59b4869584 -214.542 38.636 -17.980 270.000 -0.000 0.000 1.000 1.000 1.000
6fb78536e8cb4b01b6050a2efb3d912c -216.498 39.986 -18.025 270.000 -0.000 0.000 1.000 1.000 1.000
086b683233c245968b38d98c2c9e10f1 -221.932 38.636 -18.201 270.000 -0.000 0.000 1.000 1.000 1.000
2e060a3768094817887d5f2c8d884d61 -209.830 38.636 -20.255 270.000 45.000 0.000 1.000 1.000 1.000
9215cb84c2a942d084fa1dffa0031949 -210.079 38.636 -18.836 270.000 7.000 0.000 1.000 1.000 1.000
9215cb84c2a942d084fa1dffa0031949 -211.284 38.636 -20.814 270.000 245.000 0.000 1.000 1.000 1.000
a31640c238084120a4cc7dce956cb7eb -229.276 38.552 -2.855 270.000 90.000 0.000 1.000 1.000 1.000
a31640c238084120a4cc7dce956cb7eb -248.502 38.552 -2.854 270.000 270.000 0.000 1.000 1.000 1.000
a31640c238084120a4cc7dce956cb7eb -248.698 38.552 -28.443 270.000 315.001 0.000 1.000 1.000 1.000
a31640c238084120a4cc7dce956cb7eb -229.276 38.552 -26.855 270.000 90.000 0.000 1.000 1.000 1.000
a31640c238084120a4cc7dce956cb7eb -250.888 38.552 -48.469 270.000 180.000 0.000 1.000 1.000 1.000
91c7b343d13446faba663d2f63e03276 -223.567 41.939 -8.161 270.000 263.000 0.000 1.000 1.000 1.000
329682e42ea141ea8d033278e88d763c -238.888 38.592 57.145 270.000 180.000 0.000 1.000 1.000 1.000
b832729132a546a29eaedac06b84a46f -238.888 38.592 33.145 270.000 180.000 0.000 1.000 1.000 1.000
b832729132a546a29eaedac06b84a46f -214.888 38.592 57.145 270.000 270.000 0.000 1.000 1.000 1.000
b832729132a546a29eaedac06b84a46f -190.888 38.592 57.145 270.000 270.000 0.000 1.000 1.000 1.000
8221c9c6360c4629a7dc1a197fac0196 -166.888 38.592 57.145 270.000 180.000 0.000 1.000 1.000 1.000
0bc86687c4e2446594218f60806a80a9 -233.464 54.490 104.640 270.000 90.000 0.000 1.000 1.000 1.000
b832729132a546a29eaedac06b84a46f -166.888 38.592 105.145 270.000 180.000 0.000 1.000 1.000 1.000
b832729132a546a29eaedac06b84a46f -166.888 38.592 81.145 270.000 180.000 0.000 1.000 1.000 1.000
66e5c86e6d964ba69ce37725ed443c07 -185.464 54.490 104.640 270.000 90.000 0.000 1.000 1.000 1.000
6d0767454e284f4aabebd61236a77f6b -219.798 39.259 108.934 270.000 255.000 0.000 1.000 1.000 1.000
afb524e8c22b4e91a595df0d0c712d10 -212.463 38.649 31.607 270.000 180.000 0.000 1.000 1.000 1.000 Apartment_3
d99de5162a4d467f99b83cfca53f83b0 -242.452 38.743 89.646 270.000 285.000 0.000 1.000 1.000 1.000
9daa71d37d9b4b5b9b2e5d969ae51252 -210.412 38.748 80.345 270.000 180.000 0.000 1.000 1.000 1.000
9daa71d37d9b4b5b9b2e5d969ae51252 -190.412 38.748 80.345 270.000 270.000 0.000 1.000 1.000 1.000
f4f34259cf234f3a935fd90ec20579a5 -174.501 38.673 29.231 270.000 180.000 0.000 1.000 1.000 1.000 Apartment_0
b1e1c8eca411452fa3163169d987c17f -135.697 38.616 30.823 270.000 180.000 0.000 1.000 1.000 1.000 Office_0
1844f8668ac841cb8028e65af96f23e3 -184.836 38.107 97.170 270.000 -0.000 0.000 1.000 1.000 1.000
1844f8668ac841cb8028e65af96f23e3 -184.882 38.130 99.479 270.000 301.000 0.000 1.000 1.000 1.000
1844f8668ac841cb8028e65af96f23e3 -188.256 38.100 98.909 270.000 238.000 0.000 1.000 1.000 1.000
19c615f4814e4faa8535b2aac4d40481 -187.591 38.381 100.647 287.000 0.000 0.000 1.000 1.000 1.000
19c615f4814e4faa8535b2aac4d40481 -185.805 38.615 96.073 270.000 63.000 0.000 1.000 1.000 1.000
dc2a0958281c47a59716df4a512750c2 -189.850 41.116 97.356 327.434 231.215 198.431 1.000 1.000 1.000
28481923c22545898a9796e033c9c0a5 -193.024 38.052 99.260 303.000 121.000 90.000 1.000 1.000 1.000
fe82fba3a8764692895444ecda14815b -186.628 45.088 97.003 286.349 71.909 36.949 1.000 1.000 1.000
7197b9a111b94a77907c03d5eaecb478 -183.275 48.629 97.452 324.982 267.796 178.868 1.000 1.000 1.000
daf27a38df56413098af409aaf9f543c -191.487 52.156 103.836 310.757 121.026 199.433 1.000 1.000 1.000
2c0af9b13c534655959aeb8bb9f6df73 -180.027 53.806 102.462 285.000 229.000 270.000 1.000 1.000 1.000
63de1c957c424fccabd821debd271318 -184.484 38.146 101.741 346.940 199.919 90.351 1.000 1.000 1.000
bca7ab61ae6046aeb5bcc4832202a29a -186.403 39.406 102.516 11.000 90.000 270.000 1.000 1.000 1.000
bca7ab61ae6046aeb5bcc4832202a29a -184.996 39.372 102.117 8.000 90.000 280.000 1.000 1.000 1.000
bca7ab61ae6046aeb5bcc4832202a29a -182.076 39.335 101.142 11.000 90.000 270.000 1.000 1.000 1.000
bca7ab61ae6046aeb5bcc4832202a29a -192.910 38.748 101.414 321.000 90.000 300.000 1.000 1.000 1.000
bca7ab61ae6046aeb5bcc4832202a29a -194.727 39.052 98.763 336.000 90.000 303.000 1.000 1.000 1.000
bca7ab61ae6046aeb5bcc4832202a29a -189.062 43.342 98.942 270.000 65.000 0.000 1.000 1.000 1.000
bca7ab61ae6046aeb5bcc4832202a29a -190.927 40.630 98.704 292.000 90.000 343.000 1.000 1.000 1.000
bca7ab61ae6046aeb5bcc4832202a29a -188.197 41.985 96.132 270.000 238.000 0.000 1.000 1.000 1.000
bca7ab61ae6046aeb5bcc4832202a29a -189.703 39.480 96.017 270.000 242.000 0.000 1.000 1.000 1.000
bca7ab61ae6046aeb5bcc4832202a29a -185.766 45.012 95.257 270.000 288.000 0.000 1.000 1.000 1.000
bca7ab61ae6046aeb5bcc4832202a29a -188.336 45.706 96.353 270.000 266.000 0.000 1.000 1.000 1.000
bca7ab61ae6046aeb5bcc4832202a29a -184.734 44.649 97.624 270.000 98.000 0.000 1.000 1.000 1.000
bca7ab61ae6046aeb5bcc4832202a29a -187.684 45.399 98.702 270.000 99.000 0.000 1.000 1.000 1.000
bca7ab61ae6046aeb5bcc4832202a29a -182.561 49.774 98.814 270.000 79.000 0.000 1.000 1.000 1.000
bca7ab61ae6046aeb5bcc4832202a29a -184.115 47.628 98.634 270.000 96.000 0.000 1.000 1.000 1.000
bca7ab61ae6046aeb5bcc4832202a29a -183.961 47.803 96.083 270.000 251.000 0.000 1.000 1.000 1.000
bca7ab61ae6046aeb5bcc4832202a29a -182.487 49.948 96.207 270.000 253.000 0.000 1.000 1.000 1.000
bca7ab61ae6046aeb5bcc4832202a29a -189.825 50.890 103.527 270.000 142.000 0.000 1.000 1.000 1.000
bca7ab61ae6046aeb5bcc4832202a29a -193.176 53.510 103.936 309.000 36.000 270.000 1.000 1.000 1.000
bca7ab61ae6046aeb5bcc4832202a29a -181.968 53.639 102.860 270.000 312.000 0.000 1.000 1.000 1.000
bca7ab61ae6046aeb5bcc4832202a29a -180.510 53.797 100.509 322.000 51.000 270.000 1.000 1.000 1.000
bca7ab61ae6046aeb5bcc4832202a29a -179.799 54.280 104.214 293.000 240.000 270.000 1.000 1.000 1.000
bca7ab61ae6046aeb5bcc4832202a29a -178.111 54.250 102.080 270.000 135.000 0.000 1.000 1.000 1.000
bca7ab61ae6046aeb5bcc4832202a29a -190.025 38.381 103.253 338.000 90.000 270.000 1.000 1.000 1.000
bca7ab61ae6046aeb5bcc4832202a29a -182.588 38.381 95.126 10.000 153.000 270.000 1.000 1.000 1.000
1844f8668ac841cb8028e65af96f23e3 -183.238 38.120 101.257 270.000 242.000 0.000 1.000 1.000 1.000
1844f8668ac841cb8028e65af96f23e3 -179.054 53.604 104.064 279.000 270.000 90.000 1.000 1.000 1.000
1844f8668ac841cb8028e65af96f23e3 -193.268 53.086 104.970 287.699 106.659 254.089 1.000 1.000 1.000
717ae274519f4f4fa760e6fbf4a3614b -199.559 54.263 78.590 342.000 90.000 270.000 1.000 1.000 1.000
717ae274519f4f4fa760e6fbf4a3614b -200.642 54.495 83.251 -0.000 90.000 270.000 1.000 1.000 1.000
40921a1a3cd742f69cc25cc25b856572 -214.847 38.381 17.547 270.000 -0.000 0.000 1.000 1.000 1.000
40921a1a3cd742f69cc25cc25b856572 -219.011 38.381 17.547 270.000 -0.000 0.000 1.000 1.000 1.000
40921a1a3cd742f69cc25cc25b856572 -223.179 38.381 17.547 270.000 -0.000 0.000 1.000 1.000 1.000
40921a1a3cd742f69cc25cc25b856572 -202.313 38.381 17.547 270.000 -0.000 0.000 1.000 1.000 1.000
40921a1a3cd742f69cc25cc25b856572 -206.480 38.381 17.547 270.000 -0.000 0.000 1.000 1.000 1.000
40921a1a3cd742f69cc25cc25b856572 -210.680 38.381 17.547 270.000 -0.000 0.000 1.000 1.000 1.000
40921a1a3cd742f69cc25cc25b856572 -225.289 38.381 2.909 270.000 270.000 0.000 1.000 1.000 1.000
40921a1a3cd742f69cc25cc25b856572 -225.289 38.381 7.072 270.000 270.000 0.000 1.000 1.000 1.000
40921a1a3cd742f69cc25cc25b856572 -225.289 38.381 11.240 270.000 270.000 0.000 1.000 1.000 1.000
40921a1a3cd742f69cc25cc25b856572 -225.289 38.381 15.440 270.000 270.000 0.000 1.000 1.000 1.000
f6d69dd4dd504de894facc3bfa1f62a7 -159.586 44.285 31.678 270.000 -0.000 0.000 1.000 1.000 1.000
e82d7826bffa4b1fb4785b8c57eab8e3 -159.586 39.535 31.678 270.000 -0.000 0.000 1.000 1.000 1.000
40921a1a3cd742f69cc25cc25b856572 -195.961 38.381 36.422 270.000 270.000 0.000 1.000 1.000 1.000
40921a1a3cd742f69cc25cc25b856572 -195.961 38.381 40.590 270.000 270.000 0.000 1.000 1.000 1.000
40921a1a3cd742f69cc25cc25b856572 -195.961 38.381 32.223 270.000 270.000 0.000 1.000 1.000 1.000
40921a1a3cd742f69cc25cc25b856572 -195.961 38.381 28.055 270.000 270.000 0.000 1.000 1.000 1.000
40921a1a3cd742f69cc25cc25b856572 -195.961 38.381 23.891 270.000 270.000 0.000 1.000 1.000 1.000
40921a1a3cd742f69cc25cc25b856572 -195.961 38.381 19.723 270.000 270.000 0.000 1.000 1.000 1.000
40921a1a3cd742f69cc25cc25b856572 -198.120 38.381 17.547 270.000 -0.000 0.000 1.000 1.000 1.000
40921a1a3cd742f69cc25cc25b856572 -153.154 38.381 23.879 270.000 90.000 0.000 1.000 1.000 1.000
40921a1a3cd742f69cc25cc25b856572 -153.154 38.381 28.079 270.000 90.000 0.000 1.000 1.000 1.000
40921a1a3cd742f69cc25cc25b856572 -153.154 38.381 32.246 270.000 90.000 0.000 1.000 1.000 1.000
40921a1a3cd742f69cc25cc25b856572 -153.154 38.381 36.410 270.000 90.000 0.000 1.000 1.000 1.000
40921a1a3cd742f69cc25cc25b856572 -153.154 38.381 40.578 270.000 90.000 0.000 1.000 1.000 1.000
40921a1a3cd742f69cc25cc25b856572 -153.154 38.381 19.712 270.000 90.000 0.000 1.000 1.000 1.000
da1c87cc3a2745829c18a0198a539a90 -250.561 38.658 117.316 270.000 225.000 0.000 1.000 1.000 1.000
b55c500ae0cd4b40904bf75578173812 -243.311 68.565 89.864 270.000 105.000 0.000 1.000 1.000 1.000
b55c500ae0cd4b40904bf75578173812 -243.311 61.830 89.864 270.000 105.000 0.000 1.000 1.000 1.000
b55c500ae0cd4b40904bf75578173812 -243.311 55.092 89.864 270.000 105.000 0.000 1.000 1.000 1.000
b55c500ae0cd4b40904bf75578173812 -243.311 48.374 89.864 270.000 105.000 0.000 1.000 1.000 1.000
b55c500ae0cd4b40904bf75578173812 -243.311 41.642 89.864 270.000 105.000 0.000 1.000 1.000 1.000
019caf7c72a5446eb3dd666e759c1f91 -166.888 38.592 57.145 270.000 180.000 0.000 1.000 1.000 1.000
99662274a5d645f9bd210808c47a7dd0 -153.005 38.952 67.324 270.000 180.000 0.000 1.000 1.000 1.000
42229938f39b4ccd9f0228c4d0ef972c -176.916 38.952 67.257 270.000 -0.000 0.000 1.000 1.000 1.000
42229938f39b4ccd9f0228c4d0ef972c -176.916 38.952 47.163 270.000 270.000 0.000 1.000 1.000 1.000
42229938f39b4ccd9f0228c4d0ef972c -156.727 38.952 47.144 270.000 180.000 0.000 1.000 1.000 1.000
cadd54d6147e4996a0fbe90b6110a7cd -152.958 38.381 70.997 270.000 45.000 0.000 1.000 1.000 1.000
52eb3f807f2f4ce9a714ba09e47e6e9a -255.251 38.381 32.417 270.000 270.000 0.000 1.000 1.000 1.000
6366cc74eea847029ad77697f447fcc0 -142.888 38.592 57.144 270.000 180.000 0.000 1.000 1.000 1.000
6366cc74eea847029ad77697f447fcc0 -238.887 38.592 9.145 270.000 90.000 0.000 1.000 1.000 1.000
734aa6d8bb7642618c4b3522de821ee4 -242.292 38.963 126.769 270.000 225.001 0.000 1.000 1.000 1.000
734aa6d8bb7642618c4b3522de821ee4 -248.889 38.963 33.142 270.000 180.000 0.000 1.000 1.000 1.000
734aa6d8bb7642618c4b3522de821ee4 -247.524 38.952 50.291 270.000 15.000 0.000 1.000 1.000 1.000
734aa6d8bb7642618c4b3522de821ee4 -228.889 38.963 33.141 270.000 180.000 0.000 1.000 1.000 1.000
734aa6d8bb7642618c4b3522de821ee4 -166.889 38.963 47.141 270.000 180.000 0.000 1.000 1.000 1.000
734aa6d8bb7642618c4b3522de821ee4 -142.889 38.963 47.140 270.000 180.000 0.000 1.000 1.000 1.000
40921a1a3cd742f69cc25cc25b856572 -255.886 38.381 41.410 270.000 -0.000 0.000 1.000 1.000 1.000
40921a1a3cd742f69cc25cc25b856572 -246.202 38.381 64.954 270.000 45.000 0.000 1.000 1.000 1.000
40921a1a3cd742f69cc25cc25b856572 -252.118 38.381 70.870 270.000 45.000 0.000 1.000 1.000 1.000
40921a1a3cd742f69cc25cc25b856572 -249.164 38.381 67.916 270.000 45.000 0.000 1.000 1.000 1.000
40921a1a3cd742f69cc25cc25b856572 -255.080 38.381 73.832 270.000 45.000 0.000 1.000 1.000 1.000
40921a1a3cd742f69cc25cc25b856572 -230.128 38.381 72.075 270.000 270.000 0.000 1.000 1.000 1.000
40921a1a3cd742f69cc25cc25b856572 -230.128 38.381 76.259 270.000 270.000 0.000 1.000 1.000 1.000
40921a1a3cd742f69cc25cc25b856572 -230.128 38.381 80.456 270.000 270.000 0.000 1.000 1.000 1.000
40921a1a3cd742f69cc25cc25b856572 -230.128 38.381 84.650 270.000 270.000 0.000 1.000 1.000 1.000
40921a1a3cd742f69cc25cc25b856572 -230.128 38.381 88.810 270.000 270.000 0.000 1.000 1.000 1.000
40921a1a3cd742f69cc25cc25b856572 -230.128 38.381 97.191 270.000 270.000 0.000 1.000 1.000 1.000
40921a1a3cd742f69cc25cc25b856572 -230.128 38.381 105.561 270.000 270.000 0.000 1.000 1.000 1.000
40921a1a3cd742f69cc25cc25b856572 -230.128 38.381 109.740 270.000 270.000 0.000 1.000 1.000 1.000
40921a1a3cd742f69cc25cc25b856572 -230.128 38.381 113.926 270.000 270.000 0.000 1.000 1.000 1.000
40921a1a3cd742f69cc25cc25b856572 -182.010 38.381 116.092 270.000 -0.000 0.000 1.000 1.000 1.000
40921a1a3cd742f69cc25cc25b856572 -186.196 38.381 116.092 270.000 -0.000 0.000 1.000 1.000 1.000
40921a1a3cd742f69cc25cc25b856572 -190.376 38.381 116.092 270.000 -0.000 0.000 1.000 1.000 1.000
40921a1a3cd742f69cc25cc25b856572 -194.551 38.381 116.092 270.000 -0.000 0.000 1.000 1.000 1.000
40921a1a3cd742f69cc25cc25b856572 -211.286 38.381 116.092 270.000 -0.000 0.000 1.000 1.000 1.000
40921a1a3cd742f69cc25cc25b856572 -215.481 38.381 116.092 270.000 -0.000 0.000 1.000 1.000 1.000
40921a1a3cd742f69cc25cc25b856572 -219.677 38.381 116.092 270.000 -0.000 0.000 1.000 1.000 1.000
40921a1a3cd742f69cc25cc25b856572 -223.861 38.381 116.092 270.000 -0.000 0.000 1.000 1.000 1.000
40921a1a3cd742f69cc25cc25b856572 -179.885 38.381 72.082 270.000 90.000 0.000 1.000 1.000 1.000
40921a1a3cd742f69cc25cc25b856572 -179.885 38.381 76.268 270.000 90.000 0.000 1.000 1.000 1.000
40921a1a3cd742f69cc25cc25b856572 -179.885 38.381 80.448 270.000 90.000 0.000 1.000 1.000 1.000
40921a1a3cd742f69cc25cc25b856572 -179.885 38.381 84.623 270.000 90.000 0.000 1.000 1.000 1.000
40921a1a3cd742f69cc25cc25b856572 -179.885 38.381 88.818 270.000 90.000 0.000 1.000 1.000 1.000
40921a1a3cd742f69cc25cc25b856572 -179.885 38.381 93.015 270.000 90.000 0.000 1.000 1.000 1.000
40921a1a3cd742f69cc25cc25b856572 -179.885 38.381 97.198 270.000 90.000 0.000 1.000 1.000 1.000
40921a1a3cd742f69cc25cc25b856572 -179.885 38.381 101.358 270.000 90.000 0.000 1.000 1.000 1.000
40921a1a3cd742f69cc25cc25b856572 -179.885 38.381 105.553 270.000 90.000 0.000 1.000 1.000 1.000
40921a1a3cd742f69cc25cc25b856572 -179.885 38.381 109.749 270.000 90.000 0.000 1.000 1.000 1.000
40921a1a3cd742f69cc25cc25b856572 -179.885 38.381 113.933 270.000 90.000 0.000 1.000 1.000 1.000
40921a1a3cd742f69cc25cc25b856572 -223.854 38.381 69.976 270.000 180.000 0.000 1.000 1.000 1.000
40921a1a3cd742f69cc25cc25b856572 -219.668 38.381 69.976 270.000 180.000 0.000 1.000 1.000 1.000
40921a1a3cd742f69cc25cc25b856572 -215.489 38.381 69.976 270.000 180.000 0.000 1.000 1.000 1.000
40921a1a3cd742f69cc25cc25b856572 -211.313 38.381 69.976 270.000 180.000 0.000 1.000 1.000 1.000
40921a1a3cd742f69cc25cc25b856572 -202.922 38.381 69.976 270.000 180.000 0.000 1.000 1.000 1.000
40921a1a3cd742f69cc25cc25b856572 -207.119 38.381 69.976 270.000 180.000 0.000 1.000 1.000 1.000
40921a1a3cd742f69cc25cc25b856572 -198.738 38.381 69.976 270.000 180.000 0.000 1.000 1.000 1.000
40921a1a3cd742f69cc25cc25b856572 -190.384 38.381 69.976 270.000 180.000 0.000 1.000 1.000 1.000
40921a1a3cd742f69cc25cc25b856572 -194.578 38.381 69.976 270.000 180.000 0.000 1.000 1.000 1.000
40921a1a3cd742f69cc25cc25b856572 -186.187 38.381 69.976 270.000 180.000 0.000 1.000 1.000 1.000
40921a1a3cd742f69cc25cc25b856572 -182.003 38.381 69.976 270.000 180.000 0.000 1.000 1.000 1.000
d6b9b42d15d64370aef38df79c8c56ac -194.951 38.381 109.602 270.000 283.000 0.000 1.000 1.000 1.000
82352cf5ad914f4cb9293fe22aec07ee -212.432 39.167 110.731 270.000 75.000 0.000 1.000 1.000 1.000
82352cf5ad914f4cb9293fe22aec07ee -195.232 44.338 79.812 -0.000 270.000 90.000 1.000 1.000 1.000
82352cf5ad914f4cb9293fe22aec07ee -196.008 44.338 77.631 0.000 186.003 270.000 1.000 1.000 1.000
82352cf5ad914f4cb9293fe22aec07ee -196.056 53.846 71.739 270.000 -0.000 0.000 1.000 1.000 1.000
e73f9a6daf7f4852a60374999a0723a6 -209.421 52.977 71.582 270.000 180.000 0.000 1.000 1.000 1.000
61e43d05791d4269b626de9bedbf0a03 -194.712 38.631 111.440 270.000 312.000 0.000 1.000 1.000 1.000
a19b3ec55a2046668611c9d2775efd99 -194.468 38.631 109.683 270.000 273.000 0.000 1.000 1.000 1.000
61e43d05791d4269b626de9bedbf0a03 -195.545 38.631 107.564 270.000 205.000 0.000 1.000 1.000 1.000
61e43d05791d4269b626de9bedbf0a03 -194.711 38.631 108.205 270.000 279.000 0.000 1.000 1.000 1.000
a1b84704e21440f59c4e55e2cee59dcd -196.819 43.498 85.364 270.000 310.000 0.000 1.000 1.000 1.000
a1b84704e21440f59c4e55e2cee59dcd -212.098 48.248 79.756 270.000 239.000 0.000 1.000 1.000 1.000
a1b84704e21440f59c4e55e2cee59dcd -194.080 48.248 79.909 270.000 72.000 0.000 1.000 1.000 1.000
a1b84704e21440f59c4e55e2cee59dcd -195.152 52.998 86.825 270.000 249.000 0.000 1.000 1.000 1.000
a1b84704e21440f59c4e55e2cee59dcd -209.194 52.998 88.259 270.000 -0.000 0.000 1.000 1.000 1.000
a1b84704e21440f59c4e55e2cee59dcd -217.238 52.998 74.718 270.000 75.000 0.000 1.000 1.000 1.000
a1b84704e21440f59c4e55e2cee59dcd -198.513 43.498 79.978 270.000 213.000 0.000 1.000 1.000 1.000
a1b84704e21440f59c4e55e2cee59dcd -184.335 38.748 73.877 270.000 298.000 0.000 1.000 1.000 1.000
a1b84704e21440f59c4e55e2cee59dcd -209.244 38.748 74.860 270.000 196.000 0.000 1.000 1.000 1.000
a1b84704e21440f59c4e55e2cee59dcd -198.283 38.748 86.978 270.000 257.000 0.000 1.000 1.000 1.000
717ae274519f4f4fa760e6fbf4a3614b -192.832 38.748 76.865 270.000 315.000 0.000 1.000 1.000 1.000
717ae274519f4f4fa760e6fbf4a3614b -217.548 49.458 79.186 330.000 180.001 180.001 1.000 1.000 1.000
717ae274519f4f4fa760e6fbf4a3614b -186.526 52.998 79.993 270.000 22.000 0.000 1.000 1.000 1.000
717ae274519f4f4fa760e6fbf4a3614b -216.463 38.748 73.299 270.000 -0.000 0.000 1.000 1.000 1.000
63d50ff7268240eab2c3c18919079226 -213.324 39.275 92.073 270.000 -0.000 0.000 1.000 1.000 1.000
63d50ff7268240eab2c3c18919079226 -211.265 39.275 92.073 270.000 -0.000 0.000 1.000 1.000 1.000
63d50ff7268240eab2c3c18919079226 -212.278 40.954 92.073 270.000 -0.000 0.000 1.000 1.000 1.000
63d50ff7268240eab2c3c18919079226 -208.196 40.954 92.073 270.000 -0.000 0.000 1.000 1.000 1.000
63d50ff7268240eab2c3c18919079226 -209.242 39.275 92.073 270.000 -0.000 0.000 1.000 1.000 1.000
63d50ff7268240eab2c3c18919079226 -207.183 39.275 92.073 270.000 -0.000 0.000 1.000 1.000 1.000
63d50ff7268240eab2c3c18919079226 -210.222 40.954 92.073 270.000 -0.000 0.000 1.000 1.000 1.000
4ca1de6fdcc84b6bbc4a76c3ad394739 -193.888 39.048 76.910 270.000 -0.000 0.000 1.000 1.000 1.000
4ca1de6fdcc84b6bbc4a76c3ad394739 -192.905 39.048 76.037 270.000 -0.000 0.000 1.000 1.000 1.000
4ca1de6fdcc84b6bbc4a76c3ad394739 -192.868 39.048 77.873 270.000 -0.000 0.000 1.000 1.000 1.000
4ca1de6fdcc84b6bbc4a76c3ad394739 -191.807 39.048 76.920 270.000 -0.000 0.000 1.000 1.000 1.000
756faa5eea0b4df7b2602e1d77932057 -217.027 39.070 73.997 270.000 -0.000 0.000 1.000 1.000 1.000
756faa5eea0b4df7b2602e1d77932057 -215.793 39.070 74.094 270.000 -0.000 0.000 1.000 1.000 1.000
756faa5eea0b4df7b2602e1d77932057 -215.896 39.070 72.472 270.000 -0.000 0.000 1.000 1.000 1.000
756faa5eea0b4df7b2602e1d77932057 -217.071 39.070 72.487 270.000 -0.000 0.000 1.000 1.000 1.000
aacd164d8e4041aab78179c7886f4461 -186.758 53.336 80.959 270.000 -0.000 0.000 1.000 1.000 1.000
aacd164d8e4041aab78179c7886f4461 -185.629 53.336 80.507 270.000 -0.000 0.000 1.000 1.000 1.000
aacd164d8e4041aab78179c7886f4461 -186.073 53.336 79.269 270.000 -0.000 0.000 1.000 1.000 1.000
aacd164d8e4041aab78179c7886f4461 -187.364 53.336 79.624 270.000 -0.000 0.000 1.000 1.000 1.000
cb0d8bf87fca47e3b73f634959a9f523 -229.395 38.381 104.679 270.000 -0.000 0.000 1.000 1.000 1.000
cb0d8bf87fca47e3b73f634959a9f523 -229.395 38.381 106.006 270.000 351.000 0.000 1.000 1.000 1.000
cb0d8bf87fca47e3b73f634959a9f523 -211.240 38.748 81.828 270.000 347.000 0.000 1.000 1.000 1.000
cb0d8bf87fca47e3b73f634959a9f523 -210.990 43.498 74.315 270.000 16.000 0.000 1.000 1.000 1.000
cb0d8bf87fca47e3b73f634959a9f523 -209.519 43.498 74.092 270.000 13.000 0.000 1.000 1.000 1.000
cb0d8bf87fca47e3b73f634959a9f523 -203.435 48.248 76.444 270.000 320.000 0.000 1.000 1.000 1.000
cb0d8bf87fca47e3b73f634959a9f523 -209.160 52.998 80.051 270.000 54.000 0.000 1.000 1.000 1.000
cb0d8bf87fca47e3b73f634959a9f523 -208.079 52.998 79.169 270.000 36.000 0.000 1.000 1.000 1.000
cb0d8bf87fca47e3b73f634959a9f523 -207.814 52.998 80.572 270.000 36.000 0.000 1.000 1.000 1.000
054a9392fed9484e950ff92d13631f06 -209.454 52.998 78.210 270.000 311.000 0.000 1.000 1.000 1.000
054a9392fed9484e950ff92d13631f06 -201.576 48.248 76.640 270.000 338.000 0.000 1.000 1.000 1.000
054a9392fed9484e950ff92d13631f06 -209.907 43.498 75.832 270.000 11.000 0.000 1.000 1.000 1.000
054a9392fed9484e950ff92d13631f06 -186.725 38.748 88.868 270.000 -0.000 0.000 1.000 1.000 1.000
113bcf43c0f0470b8fe47217bbbe55ad -230.128 38.381 93.003 270.000 270.000 0.000 1.000 1.000 1.000
1844f8668ac841cb8028e65af96f23e3 -229.729 37.908 93.751 270.000 289.000 0.000 1.000 1.000 1.000
40921a1a3cd742f69cc25cc25b856572 -228.009 38.381 116.092 270.000 -0.000 0.000 1.000 1.000 1.000
40921a1a3cd742f69cc25cc25b856572 -227.951 38.381 69.976 270.000 180.000 0.000 1.000 1.000 1.000
40921a1a3cd742f69cc25cc25b856572 -230.128 38.381 101.390 270.000 270.000 0.000 1.000 1.000 1.000
90e706f660424c3c84df919683d5bdb3 -223.438 38.381 85.612 270.000 180.000 0.000 1.000 1.000 1.000
90e706f660424c3c84df919683d5bdb3 -223.438 43.131 85.612 270.000 180.000 0.000 1.000 1.000 1.000
90e706f660424c3c84df919683d5bdb3 -223.438 47.881 85.612 270.000 180.000 0.000 1.000 1.000 1.000
054a9392fed9484e950ff92d13631f06 -203.210 38.381 101.974 270.000 334.000 0.000 1.000 1.000 1.000
cb0d8bf87fca47e3b73f634959a9f523 -202.060 38.381 103.246 270.000 327.000 0.000 1.000 1.000 1.000
cb0d8bf87fca47e3b73f634959a9f523 -202.101 38.381 100.759 270.000 335.000 0.000 1.000 1.000 1.000
cb0d8bf87fca47e3b73f634959a9f523 -204.403 38.367 100.752 270.000 327.000 0.000 1.000 1.000 1.000
717ae274519f4f4fa760e6fbf4a3614b -210.327 38.381 100.213 270.000 15.000 0.000 1.000 1.000 1.000
4ca1de6fdcc84b6bbc4a76c3ad394739 -210.724 38.694 101.057 270.000 -0.000 0.000 1.000 1.000 1.000
756faa5eea0b4df7b2602e1d77932057 -209.401 38.694 100.573 270.000 -0.000 0.000 1.000 1.000 1.000
aacd164d8e4041aab78179c7886f4461 -211.134 38.694 99.662 270.000 -0.000 0.000 1.000 1.000 1.000
aacd164d8e4041aab78179c7886f4461 -209.875 38.694 99.337 270.000 -0.000 0.000 1.000 1.000 1.000
cf45d6da9d6a4e129da721948b0b3a8a -218.986 42.031 106.302 -0.000 255.000 90.000 1.000 1.000 1.000
87806c2130bc4bd8b4f3276edf2222a6 -221.164 39.259 107.018 270.000 75.000 0.000 1.000 1.000 1.000
9215cb84c2a942d084fa1dffa0031949 -220.732 39.690 108.075 -0.000 264.000 90.000 1.000 1.000 1.000
87806c2130bc4bd8b4f3276edf2222a6 -250.424 38.658 122.951 270.000 225.000 0.000 1.000 1.000 1.000
9215cb84c2a942d084fa1dffa0031949 -251.038 38.658 123.463 270.000 315.000 0.000 1.000 1.000 1.000
c2ea9b50d4d640438800b9ff553ec627 -246.134 38.658 116.217 270.000 45.000 0.000 1.000 1.000 1.000
c2ea9b50d4d640438800b9ff553ec627 -249.644 38.658 112.707 270.000 45.000 0.000 1.000 1.000 1.000
c2ea9b50d4d640438800b9ff553ec627 -247.896 38.658 114.454 270.000 45.000 0.000 1.000 1.000 1.000
c2ea9b50d4d640438800b9ff553ec627 -253.462 38.658 120.020 270.000 45.000 0.000 1.000 1.000 1.000
c2ea9b50d4d640438800b9ff553ec627 -255.209 38.658 118.272 270.000 45.000 0.000 1.000 1.000 1.000
8548fc360c554b399e98cde4d40eca5d -242.952 40.068 119.269 270.000 45.000 0.000 1.000 1.000 1.000
120685628efd43c0b05ecec83006a5a7 -129.481 38.693 74.902 270.000 -0.000 0.000 1.000 1.000 1.000
84b3a672bc0643d1b12b2b345a88ba46 -132.171 39.934 85.822 270.000 270.000 0.000 1.000 1.000 1.000
c2ea9b50d4d640438800b9ff553ec627 -130.139 38.693 88.857 270.000 270.000 0.000 1.000 1.000 1.000
65906f4174724825849478b60ecc348a -224.596 39.259 107.317 270.000 255.000 0.000 1.000 1.000 1.000
65906f4174724825849478b60ecc348a -224.400 39.259 106.584 270.000 255.000 0.000 1.000 1.000 1.000
65906f4174724825849478b60ecc348a -224.793 39.259 108.052 270.000 255.000 0.000 1.000 1.000 1.000
65906f4174724825849478b60ecc348a -224.989 39.259 108.784 270.000 255.000 0.000 1.000 1.000 1.000
d052b477b5bc4b2e8ec64effa1f8776e -215.615 52.899 36.895 270.000 -0.000 0.000 1.000 1.000 1.000
d4dea3aa823a4244be941b4b114e157d -218.604 52.899 36.862 270.000 -0.000 0.000 1.000 1.000 1.000
d4dea3aa823a4244be941b4b114e157d -212.704 52.899 35.093 270.000 180.000 0.000 1.000 1.000 1.000
d052b477b5bc4b2e8ec64effa1f8776e -212.615 52.899 32.895 270.000 90.000 0.000 1.000 1.000 1.000
d4dea3aa823a4244be941b4b114e157d -215.034 52.899 29.980 270.000 90.000 0.000 1.000 1.000 1.000
d4dea3aa823a4244be941b4b114e157d -181.233 52.923 36.709 270.000 -0.000 0.000 1.000 1.000 1.000
d4dea3aa823a4244be941b4b114e157d -181.233 52.923 34.709 270.000 -0.000 0.000 1.000 1.000 1.000
d4dea3aa823a4244be941b4b114e157d -178.233 52.923 34.709 270.000 -0.000 0.000 1.000 1.000 1.000
d4dea3aa823a4244be941b4b114e157d -178.233 52.923 36.709 270.000 -0.000 0.000 1.000 1.000 1.000
d4dea3aa823a4244be941b4b114e157d -129.939 48.116 37.808 270.000 -0.000 0.000 1.000 1.000 1.000
d4dea3aa823a4244be941b4b114e157d -132.939 48.116 37.808 270.000 -0.000 0.000 1.000 1.000 1.000
d4dea3aa823a4244be941b4b114e157d -129.939 48.116 25.808 270.000 -0.000 0.000 1.000 1.000 1.000
d4dea3aa823a4244be941b4b114e157d -132.939 48.116 25.808 270.000 -0.000 0.000 1.000 1.000 1.000
d4dea3aa823a4244be941b4b114e157d -255.567 43.408 118.088 270.000 315.000 0.000 1.000 1.000 1.000
cf45d6da9d6a4e129da721948b0b3a8a -139.625 44.917 41.610 270.000 -0.000 0.000 1.000 1.000 1.000
8548fc360c554b399e98cde4d40eca5d -177.720 40.414 41.523 336.000 270.000 90.000 1.000 1.000 1.000
8548fc360c554b399e98cde4d40eca5d -222.682 39.959 32.700 270.000 270.000 0.000 1.000 1.000 1.000
b1ec8dc6a50749a99c8c2c57666e4920 -185.685 43.303 90.710 286.000 -0.000 38.000 1.000 1.000 1.000
bca7ab61ae6046aeb5bcc4832202a29a -185.602 43.987 88.944 270.000 214.000 0.000 1.000 1.000 1.000
bca7ab61ae6046aeb5bcc4832202a29a -183.671 43.051 91.318 270.000 219.000 0.000 1.000 1.000 1.000
bca7ab61ae6046aeb5bcc4832202a29a -185.611 42.806 92.734 289.000 309.000 90.000 1.000 1.000 1.000
bca7ab61ae6046aeb5bcc4832202a29a -187.819 43.826 90.405 290.000 122.000 270.000 1.000 1.000 1.000
19c615f4814e4faa8535b2aac4d40481 -187.476 44.030 87.303 277.294 202.157 256.888 1.000 1.000 0.699
be02c0e774714f2a963e8d6ee54bbabf -201.906 38.381 38.897 270.000 270.000 0.000 1.000 1.000 1.000
42f6f645c4704fd9a67079f1d8bfe28e -242.075 71.743 85.089 270.000 105.000 0.000 1.000 1.000 1.000
e9ce671e95c14e60a12cf755f25dce3f -201.246 38.381 29.742 270.000 270.000 0.000 1.000 1.000 1.000
e73f9a6daf7f4852a60374999a0723a6 -201.246 38.377 26.742 270.000 270.000 0.000 1.000 1.000 1.000
61e43d05791d4269b626de9bedbf0a03 -201.266 38.881 29.277 270.000 -0.000 0.000 1.000 1.000 1.000
a19b3ec55a2046668611c9d2775efd99 -201.190 38.881 26.200 270.000 90.000 0.000 1.000 1.000 1.000
61e43d05791d4269b626de9bedbf0a03 -201.266 38.881 27.140 270.000 279.000 0.000 1.000 1.000 1.000
61e43d05791d4269b626de9bedbf0a03 -161.055 38.889 22.919 270.000 279.000 0.000 1.000 1.000 1.000
e73f9a6daf7f4852a60374999a0723a6 -161.035 38.389 22.521 270.000 270.000 0.000 1.000 1.000 1.000
61e43d05791d4269b626de9bedbf0a03 -161.055 38.889 19.087 270.000 -0.000 0.000 1.000 1.000 1.000
e9ce671e95c14e60a12cf755f25dce3f -161.035 38.389 19.552 270.000 270.000 0.000 1.000 1.000 1.000
61e43d05791d4269b626de9bedbf0a03 -161.002 38.889 20.068 270.000 156.000 0.000 1.000 1.000 1.000
e73f9a6daf7f4852a60374999a0723a6 -132.384 38.381 19.058 270.000 -0.000 0.000 1.000 1.000 1.000
61e43d05791d4269b626de9bedbf0a03 -132.906 38.881 19.011 270.000 279.000 0.000 1.000 1.000 1.000
b3f45cfd50b54cd89ee25272c4bd28a3 -240.274 38.381 113.007 270.000 210.000 0.000 1.000 1.000 1.000
b3f45cfd50b54cd89ee25272c4bd28a3 -242.231 38.381 65.774 270.000 335.000 0.000 1.000 1.000 1.000
b3f45cfd50b54cd89ee25272c4bd28a3 -233.492 38.381 69.703 270.000 343.000 0.000 1.000 1.000 1.000
8646f11d084e46f49cf86979ffaf9673 -250.101 38.644 79.273 270.000 315.000 0.000 1.000 1.000 1.000
b3f45cfd50b54cd89ee25272c4bd28a3 -251.903 54.490 109.049 270.000 270.000 0.000 1.000 1.000 1.000
b3f45cfd50b54cd89ee25272c4bd28a3 -241.235 54.490 100.508 270.000 270.000 0.000 1.000 1.000 1.000
717ae274519f4f4fa760e6fbf4a3614b -241.854 55.873 100.786 345.000 270.000 90.000 1.000 1.000 1.000
717ae274519f4f4fa760e6fbf4a3614b -236.968 38.337 100.219 270.000 90.000 0.000 1.000 1.000 1.000
07132524c8554ac4b24fd7618b32c297 -237.717 38.580 100.303 270.000 77.000 0.000 1.000 1.000 1.000
247828ef63574258b6e1be743309c028 -236.256 38.580 100.213 270.000 89.000 0.000 1.000 1.000 1.000
0d59f6daef124334b9a96301a4ec459a -248.687 38.644 77.858 270.000 45.000 0.000 1.000 1.000 1.000
0d59f6daef124334b9a96301a4ec459a -251.515 38.644 80.687 270.000 45.000 0.000 1.000 1.000 1.000
a94b6d3b1d164f21a173548e3cb8a566 -128.197 43.366 30.842 270.000 90.000 0.000 1.000 1.000 1.000 Bed_0
a94b6d3b1d164f21a173548e3cb8a566 -128.212 38.616 38.042 270.000 90.000 0.000 1.000 1.000 1.000 Bed_1
a94b6d3b1d164f21a173548e3cb8a566 -206.379 38.649 26.171 270.000 -0.000 0.000 1.000 1.000 1.000 Bed_0
a94b6d3b1d164f21a173548e3cb8a566 -212.433 43.399 32.193 270.000 90.000 0.000 1.000 1.000 1.000 Bed_0
e7572f0283b8411fbbc55ee6cae3bb97 -203.371 48.149 24.665 270.000 -0.000 0.000 1.000 1.000 1.000 Bed_1
68339521990c4d70903dfd68da2cd886 -144.476 38.616 24.806 270.000 270.000 0.000 1.000 1.000 1.000
90da84de3f214d129de92b6ee8df60af -144.420 38.623 26.689 270.000 270.000 0.000 1.000 1.000 1.000
f469ad7065fb4e4a9ca2160fa58354b4 -145.254 43.366 39.483 270.000 270.000 0.000 1.000 1.000 1.000
90da84de3f214d129de92b6ee8df60af -207.698 38.653 29.369 270.000 180.000 0.000 1.000 1.000 1.000
68339521990c4d70903dfd68da2cd886 -205.815 38.646 29.313 270.000 180.000 0.000 1.000 1.000 1.000
038e95f9ee6a49e7899f50acfe11f7d1 -170.217 38.673 35.753 270.000 -0.000 0.000 1.000 1.000 1.000
038e95f9ee6a49e7899f50acfe11f7d1 -167.034 38.673 35.753 270.000 -0.000 0.000 1.000 1.000 1.000
038e95f9ee6a49e7899f50acfe11f7d1 -163.844 38.673 35.753 270.000 -0.000 0.000 1.000 1.000 1.000
038e95f9ee6a49e7899f50acfe11f7d1 -171.839 38.673 37.393 270.000 270.000 0.000 1.000 1.000 1.000
038e95f9ee6a49e7899f50acfe11f7d1 -171.839 38.673 34.151 270.000 270.000 0.000 1.000 1.000 1.000
038e95f9ee6a49e7899f50acfe11f7d1 -177.141 38.673 34.129 270.000 90.000 0.000 1.000 1.000 1.000
038e95f9ee6a49e7899f50acfe11f7d1 -178.763 38.673 35.768 270.000 180.000 0.000 1.000 1.000 1.000
038e95f9ee6a49e7899f50acfe11f7d1 -177.141 38.673 37.371 270.000 90.000 0.000 1.000 1.000 1.000
038e95f9ee6a49e7899f50acfe11f7d1 -181.946 38.673 35.768 270.000 180.000 0.000 1.000 1.000 1.000
038e95f9ee6a49e7899f50acfe11f7d1 -185.137 38.673 35.768 270.000 180.000 0.000 1.000 1.000 1.000
038e95f9ee6a49e7899f50acfe11f7d1 -177.141 38.673 22.129 270.000 90.000 0.000 1.000 1.000 1.000
038e95f9ee6a49e7899f50acfe11f7d1 -178.763 38.673 23.768 270.000 180.000 0.000 1.000 1.000 1.000
038e95f9ee6a49e7899f50acfe11f7d1 -177.141 38.673 25.371 270.000 90.000 0.000 1.000 1.000 1.000
038e95f9ee6a49e7899f50acfe11f7d1 -181.946 38.673 23.768 270.000 180.000 0.000 1.000 1.000 1.000
038e95f9ee6a49e7899f50acfe11f7d1 -185.137 38.673 23.768 270.000 180.000 0.000 1.000 1.000 1.000
5c5d591a49c948a4a812b662b48e87f3 -184.330 38.673 22.737 270.000 270.000 0.000 1.000 1.000 1.000
5c5d591a49c948a4a812b662b48e87f3 -179.415 38.673 22.737 270.000 270.000 0.000 1.000 1.000 1.000
038e95f9ee6a49e7899f50acfe11f7d1 -181.946 38.673 22.062 270.000 90.000 0.000 1.000 1.000 1.000
038e95f9ee6a49e7899f50acfe11f7d1 -181.946 38.673 37.454 270.000 90.000 0.000 1.000 1.000 1.000
038e95f9ee6a49e7899f50acfe11f7d1 -166.992 38.673 37.393 270.000 270.000 0.000 1.000 1.000 1.000
038e95f9ee6a49e7899f50acfe11f7d1 -166.992 38.673 34.151 270.000 270.000 0.000 1.000 1.000 1.000
c09e13f5e43647e79692469b5a9ed4ed -179.314 38.673 21.781 270.000 175.000 0.000 1.000 1.000 1.000
c09e13f5e43647e79692469b5a9ed4ed -184.311 38.673 21.781 270.000 193.000 0.000 1.000 1.000 1.000
5c5d591a49c948a4a812b662b48e87f3 -184.270 38.673 24.924 270.000 90.000 0.000 1.000 1.000 1.000
c09e13f5e43647e79692469b5a9ed4ed -184.372 38.673 25.880 270.000 355.000 0.000 1.000 1.000 1.000
5c5d591a49c948a4a812b662b48e87f3 -179.355 38.673 24.924 270.000 90.000 0.000 1.000 1.000 1.000
c09e13f5e43647e79692469b5a9ed4ed -179.374 38.673 25.880 270.000 13.000 0.000 1.000 1.000 1.000
5c5d591a49c948a4a812b662b48e87f3 -184.270 38.673 36.824 270.000 90.000 0.000 1.000 1.000 1.000
c09e13f5e43647e79692469b5a9ed4ed -184.372 38.673 37.781 270.000 355.000 0.000 1.000 1.000 1.000
5c5d591a49c948a4a812b662b48e87f3 -179.355 38.673 36.824 270.000 90.000 0.000 1.000 1.000 1.000
c09e13f5e43647e79692469b5a9ed4ed -179.374 38.673 37.781 270.000 13.000 0.000 1.000 1.000 1.000
5c5d591a49c948a4a812b662b48e87f3 -179.415 38.673 34.638 270.000 270.000 0.000 1.000 1.000 1.000
c09e13f5e43647e79692469b5a9ed4ed -179.314 38.673 33.682 270.000 175.000 0.000 1.000 1.000 1.000
c09e13f5e43647e79692469b5a9ed4ed -184.311 38.673 33.682 270.000 193.000 0.000 1.000 1.000 1.000
5c5d591a49c948a4a812b662b48e87f3 -184.330 38.673 34.638 270.000 270.000 0.000 1.000 1.000 1.000
5c5d591a49c948a4a812b662b48e87f3 -169.268 38.673 36.824 270.000 90.000 0.000 1.000 1.000 1.000
c09e13f5e43647e79692469b5a9ed4ed -169.369 38.673 37.781 270.000 355.000 0.000 1.000 1.000 1.000
5c5d591a49c948a4a812b662b48e87f3 -164.352 38.673 36.824 270.000 90.000 0.000 1.000 1.000 1.000
c09e13f5e43647e79692469b5a9ed4ed -164.371 38.673 37.781 270.000 13.000 0.000 1.000 1.000 1.000
5c5d591a49c948a4a812b662b48e87f3 -164.412 38.673 34.638 270.000 270.000 0.000 1.000 1.000 1.000
c09e13f5e43647e79692469b5a9ed4ed -164.311 38.673 33.682 270.000 175.000 0.000 1.000 1.000 1.000
c09e13f5e43647e79692469b5a9ed4ed -169.309 38.673 33.682 270.000 193.000 0.000 1.000 1.000 1.000
5c5d591a49c948a4a812b662b48e87f3 -169.328 38.673 34.638 270.000 270.000 0.000 1.000 1.000 1.000
437ea643805e43e399126f631aaf2a03 -186.347 38.673 29.861 270.000 270.000 0.000 1.000 1.000 1.000
0467a617f1194026bff310538f34dd05 -186.347 39.867 29.861 270.000 -0.000 0.000 1.000 1.000 1.000
ce6db4c70aee4e59afa82271d2aca431 -184.840 39.861 24.831 270.000 107.000 0.000 1.000 1.000 1.000
ce6db4c70aee4e59afa82271d2aca431 -170.003 39.861 34.896 270.000 262.000 0.000 1.000 1.000 1.000
6ce99109b6e94ddeb5ef925a2de6730a -164.505 39.861 34.640 270.000 -0.000 0.000 1.000 1.000 1.000
6ce99109b6e94ddeb5ef925a2de6730a -179.372 39.861 36.937 270.000 180.000 0.000 1.000 1.000 1.000
8712392ad0304c38b90061d908cbb293 -179.407 39.861 34.470 270.000 -0.000 0.000 1.000 1.000 1.000
f821ad54240043be8a6b3280a142bee4 -180.676 38.673 34.635 270.000 356.000 0.000 1.000 1.000 1.000
f821ad54240043be8a6b3280a142bee4 -180.708 38.673 24.877 270.000 184.001 0.000 1.000 1.000 1.000
8712392ad0304c38b90061d908cbb293 -179.278 39.861 25.013 270.000 180.000 0.000 1.000 1.000 1.000
f16f2c63e5e1484ab4125af2535e5d6d -179.432 39.861 22.645 270.000 -0.000 0.000 1.000 1.000 1.000
0fcf5364097e4a199d419a9cf2a60dd7 -180.747 38.673 22.727 270.000 -0.000 0.000 1.000 1.000 1.000
0fcf5364097e4a199d419a9cf2a60dd7 -185.642 38.673 22.743 270.000 -0.000 0.000 1.000 1.000 1.000
f16f2c63e5e1484ab4125af2535e5d6d -184.432 39.861 22.681 270.000 -0.000 0.000 1.000 1.000 1.000
f16f2c63e5e1484ab4125af2535e5d6d -184.389 39.861 34.643 270.000 -0.000 0.000 1.000 1.000 1.000
0fcf5364097e4a199d419a9cf2a60dd7 -182.958 38.673 34.568 270.000 -0.000 0.000 1.000 1.000 1.000
0fcf5364097e4a199d419a9cf2a60dd7 -185.571 38.673 36.865 270.000 180.000 0.000 1.000 1.000 1.000
f16f2c63e5e1484ab4125af2535e5d6d -184.381 39.861 36.906 270.000 180.000 0.000 1.000 1.000 1.000
f16f2c63e5e1484ab4125af2535e5d6d -169.198 39.861 36.940 270.000 180.000 0.000 1.000 1.000 1.000
f16f2c63e5e1484ab4125af2535e5d6d -164.496 39.861 36.940 270.000 180.000 0.000 1.000 1.000 1.000
0fcf5364097e4a199d419a9cf2a60dd7 -165.589 38.673 36.843 270.000 180.000 0.000 1.000 1.000 1.000
0fcf5364097e4a199d419a9cf2a60dd7 -170.667 38.673 36.843 270.000 180.000 0.000 1.000 1.000 1.000
5c5d591a49c948a4a812b662b48e87f3 -168.714 38.673 25.916 270.000 90.000 0.000 1.000 1.000 1.000
5c5d591a49c948a4a812b662b48e87f3 -165.751 38.673 25.916 270.000 90.000 0.000 1.000 1.000 1.000
c09e13f5e43647e79692469b5a9ed4ed -168.739 38.673 25.056 270.000 184.001 0.000 1.000 1.000 1.000
c09e13f5e43647e79692469b5a9ed4ed -165.717 38.673 25.056 270.000 175.000 0.000 1.000 1.000 1.000
c09e13f5e43647e79692469b5a9ed4ed -168.739 38.673 26.875 270.000 355.000 0.000 1.000 1.000 1.000
c09e13f5e43647e79692469b5a9ed4ed -165.717 38.673 26.875 270.000 4.000 0.000 1.000 1.000 1.000
6b1dc75a2d88411bbc3af6843e71db02 -162.251 41.492 25.751 270.000 90.000 0.000 1.000 1.000 1.000
8242af6ef10e42ce9a2a31df1e0c2767 -136.851 38.616 38.525 270.000 270.000 0.000 1.000 1.000 1.000 Wardrobe_1
050dbe869b1c4fd5b215c552d145effd -131.799 38.616 33.853 270.000 -0.000 0.000 1.000 1.000 1.000
050dbe869b1c4fd5b215c552d145effd -130.343 38.616 33.853 270.000 -0.000 0.000 1.000 1.000 1.000
0aeeefaf364f46f9906aff76c40c6d2b -128.893 38.616 33.853 270.000 -0.000 0.000 1.000 1.000 1.000
2d1daa0412b94503aa57a5b422187d48 -131.781 39.966 33.684 270.000 347.000 0.000 1.000 1.000 1.000
91dbbf923c8c401bb6b2d56084783f73 -129.021 38.616 27.750 270.000 180.000 0.000 1.000 1.000 1.000
a305bcc1cdaa486fb91d05201e7d3e6f -130.948 38.616 27.989 270.000 180.000 0.000 1.000 1.000 1.000
2e060a3768094817887d5f2c8d884d61 -128.039 38.616 22.057 270.000 330.000 0.000 1.000 1.000 1.000
9215cb84c2a942d084fa1dffa0031949 -129.491 38.616 21.935 270.000 257.000 0.000 1.000 1.000 1.000
f463c0c6285544ac86845d98a07d73a9 -131.291 38.616 26.438 270.000 -0.000 0.000 1.000 1.000 1.000
ae22774b549f44d29926a956ac6c0a4d -130.243 43.366 26.098 270.000 -0.000 0.000 1.000 1.000 1.000
b489a8a63fca4d179fd315cbae8b6ed7 -130.136 45.665 20.323 270.000 180.000 0.000 1.000 1.000 1.000
87806c2130bc4bd8b4f3276edf2222a6 -130.162 43.366 21.453 270.000 270.000 0.000 1.000 1.000 1.000
8388edfa33b84f78ad7f5d277412433b -136.864 43.366 38.302 270.000 270.000 0.000 1.000 1.000 1.000 Wardrobe_1
f463c0c6285544ac86845d98a07d73a9 -131.792 43.366 35.194 270.000 180.000 0.000 1.000 1.000 1.000
584641f35e8540ec85ed88f3aca40622 -203.465 48.149 27.387 270.000 -0.000 0.000 1.000 1.000 1.000
8388edfa33b84f78ad7f5d277412433b -207.965 48.149 27.795 270.000 -0.000 0.000 1.000 1.000 1.000 Wardrobe_1
5c5d591a49c948a4a812b662b48e87f3 -211.353 48.149 32.610 270.000 -0.000 0.000 1.000 1.000 1.000
f16f2c63e5e1484ab4125af2535e5d6d -211.611 49.337 33.381 270.000 60.000 0.000 1.000 1.000 1.000
f16f2c63e5e1484ab4125af2535e5d6d -211.264 49.337 32.098 270.000 90.000 0.000 1.000 1.000 1.000
0fcf5364097e4a199d419a9cf2a60dd7 -211.369 48.149 31.278 270.000 90.000 0.000 1.000 1.000 1.000
c09e13f5e43647e79692469b5a9ed4ed -212.501 48.149 32.594 270.000 279.000 0.000 1.000 1.000 1.000
050dbe869b1c4fd5b215c552d145effd -221.890 48.149 25.786 270.000 270.000 0.000 1.000 1.000 1.000
d010fb4c4feb4f8fab81f1a5695617ba -231.852 38.381 85.402 270.000 -0.000 0.000 1.000 1.000 1.000
1011ef5d23db4535bdfacff31b3f7bd4 -228.987 38.952 7.202 270.000 90.000 0.000 1.000 1.000 1.000
791c01cf53c74d6fb88811d695100760 -228.987 38.952 7.202 270.000 90.000 0.000 1.000 1.000 1.000
050dbe869b1c4fd5b215c552d145effd -221.890 48.149 30.259 270.000 270.000 0.000 1.000 1.000 1.000
050dbe869b1c4fd5b215c552d145effd -221.890 48.149 28.767 270.000 270.000 0.000 1.000 1.000 1.000
050dbe869b1c4fd5b215c552d145effd -221.890 48.149 24.313 270.000 270.000 0.000 1.000 1.000 1.000
0aeeefaf364f46f9906aff76c40c6d2b -221.890 48.149 27.278 270.000 270.000 0.000 1.000 1.000 1.000
91dbbf923c8c401bb6b2d56084783f73 -221.891 48.149 31.760 270.000 270.000 0.000 1.000 1.000 1.000
a305bcc1cdaa486fb91d05201e7d3e6f -221.630 48.149 22.775 270.000 270.000 0.000 1.000 1.000 1.000
2e060a3768094817887d5f2c8d884d61 -220.548 48.149 39.475 270.000 330.000 0.000 1.000 1.000 1.000
9215cb84c2a942d084fa1dffa0031949 -220.537 48.149 37.846 270.000 194.000 0.000 1.000 1.000 1.000
9215cb84c2a942d084fa1dffa0031949 -219.137 48.149 39.696 270.000 87.000 0.000 1.000 1.000 1.000
19ff8f2c79eb4b5a8d09ac8396ea8146 -220.759 49.404 39.914 -0.000 231.000 0.000 1.000 1.000 1.000
0e8c0a20e8e947018e8e5859f0a4064f -211.317 43.399 29.823 270.000 -0.000 0.000 1.000 1.000 1.000
0e8c0a20e8e947018e8e5859f0a4064f -211.317 43.399 34.610 270.000 -0.000 0.000 1.000 1.000 1.000
29ea162548484889be12ecd51bf6294c -211.190 44.587 29.907 270.000 21.000 0.000 1.000 1.000 1.000
050dbe869b1c4fd5b215c552d145effd -219.818 43.399 22.599 270.000 180.000 0.000 1.000 1.000 1.000
050dbe869b1c4fd5b215c552d145effd -216.837 43.399 22.599 270.000 180.000 0.000 1.000 1.000 1.000
0aeeefaf364f46f9906aff76c40c6d2b -218.325 43.399 22.599 270.000 180.000 0.000 1.000 1.000 1.000
56e56fe3b9f24351aa37af59b4869584 -221.252 43.399 22.621 270.000 180.000 0.000 1.000 1.000 1.000
086b683233c245968b38d98c2c9e10f1 -215.312 43.399 22.832 270.000 180.000 0.000 1.000 1.000 1.000
2d1daa0412b94503aa57a5b422187d48 -219.773 44.749 22.626 270.000 190.002 0.000 1.000 1.000 1.000
87806c2130bc4bd8b4f3276edf2222a6 -207.947 43.399 25.180 270.000 270.000 0.000 1.000 1.000 1.000
87806c2130bc4bd8b4f3276edf2222a6 -205.459 43.399 25.180 270.000 270.000 0.000 1.000 1.000 1.000
9215cb84c2a942d084fa1dffa0031949 -207.973 43.399 24.171 270.000 180.000 0.000 1.000 1.000 1.000
9215cb84c2a942d084fa1dffa0031949 -205.681 43.399 24.171 270.000 180.000 0.000 1.000 1.000 1.000
9215cb84c2a942d084fa1dffa0031949 -207.973 43.399 26.034 270.000 -0.000 0.000 1.000 1.000 1.000
9215cb84c2a942d084fa1dffa0031949 -205.681 43.399 26.034 270.000 -0.000 0.000 1.000 1.000 1.000
ae22774b549f44d29926a956ac6c0a4d -220.588 43.399 40.153 270.000 -0.000 0.000 1.000 1.000 1.000
87806c2130bc4bd8b4f3276edf2222a6 -220.588 43.399 37.153 270.000 270.000 0.000 1.000 1.000 1.000
ae22774b549f44d29926a956ac6c0a4d -220.588 43.399 34.153 270.000 180.000 0.000 1.000 1.000 1.000
52d575ae564f46649523c98875130784 -220.687 44.587 37.069 270.000 18.000 0.000 1.000 1.000 1.000
0e8c0a20e8e947018e8e5859f0a4064f -203.978 38.649 27.328 270.000 -0.000 0.000 1.000 1.000 1.000
0e8c0a20e8e947018e8e5859f0a4064f -208.795 38.649 27.328 270.000 -0.000 0.000 1.000 1.000 1.000
f463c0c6285544ac86845d98a07d73a9 -218.453 38.649 22.406 270.000 180.000 0.000 1.000 1.000 1.000
366521728ff44c17a184f991a4c9cc27 -218.481 39.698 22.511 -0.000 246.000 0.000 1.000 1.000 1.000
d9b2708a3f10443aa6f25ebd5b1c9056 -217.329 40.670 22.573 282.000 90.000 0.000 1.000 1.000 1.000
6ca718d67ffc40f78f0a1ba4bbc1c403 -208.826 39.946 27.402 -0.000 294.000 0.000 1.000 1.000 1.000
8242af6ef10e42ce9a2a31df1e0c2767 -214.453 38.649 22.439 270.000 180.000 0.000 1.000 1.000 1.000 Wardrobe_0
8cffc239fd2d4a8383b0cc60399a5b35 -213.280 48.149 22.939 270.000 270.000 0.000 1.000 1.000 1.000
050dbe869b1c4fd5b215c552d145effd -217.993 38.649 40.633 270.000 -0.000 0.000 1.000 1.000 1.000
050dbe869b1c4fd5b215c552d145effd -215.059 38.649 40.633 270.000 -0.000 0.000 1.000 1.000 1.000
0aeeefaf364f46f9906aff76c40c6d2b -216.530 38.649 40.633 270.000 -0.000 0.000 1.000 1.000 1.000
91dbbf923c8c401bb6b2d56084783f73 -219.458 38.649 40.578 270.000 -0.000 0.000 1.000 1.000 1.000
086b683233c245968b38d98c2c9e10f1 -213.469 38.649 40.401 270.000 -0.000 0.000 1.000 1.000 1.000
6fb78536e8cb4b01b6050a2efb3d912c -215.178 39.999 40.519 270.000 8.000 0.000 1.000 1.000 1.000
ae22774b549f44d29926a956ac6c0a4d -217.885 38.597 31.601 270.000 270.000 0.000 1.000 1.000 1.000
b489a8a63fca4d179fd315cbae8b6ed7 -210.463 40.882 31.601 270.000 90.000 0.000 1.000 1.000 1.000
87806c2130bc4bd8b4f3276edf2222a6 -214.885 38.597 31.601 270.000 180.000 0.000 1.000 1.000 1.000
c3231627118d41d3b6fc4032edb79c46 -214.832 39.863 31.723 -0.000 74.000 0.000 1.000 1.000 1.000
84b3a672bc0643d1b12b2b345a88ba46 -250.503 39.846 122.448 270.000 150.000 0.000 1.000 1.000 1.000
90da84de3f214d129de92b6ee8df60af -254.237 38.655 67.117 270.000 45.000 0.000 1.000 1.000 1.000
68339521990c4d70903dfd68da2cd886 -255.651 38.655 68.531 270.000 45.000 0.000 1.000 1.000 1.000
a31640c238084120a4cc7dce956cb7eb -176.500 38.552 93.145 270.000 270.000 0.000 1.000 1.000 1.000
a31640c238084120a4cc7dce956cb7eb -157.274 38.552 93.144 270.000 90.000 0.000 1.000 1.000 1.000
a31640c238084120a4cc7dce956cb7eb -226.887 38.552 119.532 270.000 180.000 0.000 1.000 1.000 1.000
a31640c238084120a4cc7dce956cb7eb -229.276 38.552 21.145 270.000 90.000 0.000 1.000 1.000 1.000
a31640c238084120a4cc7dce956cb7eb -248.502 38.552 21.146 270.000 270.000 0.000 1.000 1.000 1.000
a31640c238084120a4cc7dce956cb7eb -228.178 38.552 46.243 270.000 135.001 0.000 1.000 1.000 1.000
a31640c238084120a4cc7dce956cb7eb -248.501 38.552 45.146 270.000 270.000 0.000 1.000 1.000 1.000
a31640c238084120a4cc7dce956cb7eb -202.888 38.552 47.532 270.000 180.000 0.000 1.000 1.000 1.000
a31640c238084120a4cc7dce956cb7eb -202.888 38.552 66.758 270.000 -0.000 0.000 1.000 1.000 1.000
a31640c238084120a4cc7dce956cb7eb -130.888 38.552 47.531 270.000 180.000 0.000 1.000 1.000 1.000
a31640c238084120a4cc7dce956cb7eb -130.888 38.552 66.757 270.000 -0.000 0.000 1.000 1.000 1.000
a31640c238084120a4cc7dce956cb7eb -226.888 38.552 66.758 270.000 -0.000 0.000 1.000 1.000 1.000
a31640c238084120a4cc7dce956cb7eb -177.035 38.952 118.835 270.000 225.001 0.000 1.000 1.000 1.000
a31640c238084120a4cc7dce956cb7eb -157.274 38.552 117.144 270.000 90.000 0.000 1.000 1.000 1.000
ba109246d52c400a8f35704aef77a3ee -208.837 53.518 71.591 272.000 90.000 267.000 1.363 1.392 1.289
ba109246d52c400a8f35704aef77a3ee -211.420 52.915 71.339 283.000 82.000 270.000 1.238 1.238 1.238
ba109246d52c400a8f35704aef77a3ee -210.022 53.523 71.598 270.000 94.000 0.000 1.220 1.215 1.219
ba109246d52c400a8f35704aef77a3ee -208.064 53.331 71.327 358.000 72.000 0.000 1.307 1.000 1.214
ba109246d52c400a8f35704aef77a3ee -230.810 38.357 89.699 270.000 -0.000 0.000 1.377 1.377 1.377
ba109246d52c400a8f35704aef77a3ee -231.969 38.357 89.645 270.000 90.000 0.000 1.114 1.114 1.114
ba109246d52c400a8f35704aef77a3ee -233.143 38.339 89.577 304.000 90.000 270.000 1.000 1.000 1.000
ba109246d52c400a8f35704aef77a3ee -232.529 38.397 90.218 356.190 338.636 85.310 1.000 1.171 0.925
ba109246d52c400a8f35704aef77a3ee -230.590 38.357 90.755 270.000 195.000 0.000 1.000 1.000 1.000
aa5713bdfae44bacbc36979248e25128 -219.030 42.620 70.643 270.000 -0.000 0.000 1.000 1.000 1.000
7a7212d2746742fa8141682e965f84cc -133.872 41.976 41.479 -0.000 180.000 270.000 1.000 1.000 1.000
7a7212d2746742fa8141682e965f84cc -129.480 41.976 41.479 -0.000 180.000 270.000 1.000 1.000 1.000
aa5713bdfae44bacbc36979248e25128 -213.848 41.963 41.334 270.000 -0.000 0.000 1.000 1.000 1.000
91c7b343d13446faba663d2f63e03276 -171.234 41.949 41.387 270.000 -0.000 0.000 1.000 1.000 1.000
91c7b343d13446faba663d2f63e03276 -222.496 42.534 105.397 270.000 345.000 0.000 1.000 1.000 1.000
ba109246d52c400a8f35704aef77a3ee -231.647 38.357 90.651 270.000 165.000 0.000 0.978 0.900 0.779
ba109246d52c400a8f35704aef77a3ee -230.845 38.357 92.087 323.277 193.794 352.508 1.176 0.946 1.184
ba109246d52c400a8f35704aef77a3ee -207.547 53.011 72.779 286.783 251.543 64.857 1.238 1.344 1.342
ba109246d52c400a8f35704aef77a3ee -211.292 53.132 72.028 356.190 11.636 85.310 1.000 1.171 0.925
94ba4cdf35a6448e8726689ae907793c -184.995 43.426 88.935 270.000 292.000 0.000 0.447 0.309 0.377
94ba4cdf35a6448e8726689ae907793c -187.665 43.253 87.835 270.000 -0.000 0.000 0.923 0.730 0.677
19c615f4814e4faa8535b2aac4d40481 -186.370 45.360 96.692 280.771 245.692 37.536 0.744 0.901 1.475
b832729132a546a29eaedac06b84a46f -238.888 38.592 177.145 270.000 180.000 0.000 1.000 1.000 1.000
b832729132a546a29eaedac06b84a46f -238.888 38.592 153.145 270.000 180.000 0.000 1.000 1.000 1.000
329682e42ea141ea8d033278e88d763c -238.888 38.592 129.145 270.000 90.000 0.000 1.000 1.000 1.000
b832729132a546a29eaedac06b84a46f -214.888 38.592 129.145 270.000 270.000 0.000 1.000 1.000 1.000
329682e42ea141ea8d033278e88d763c -166.888 38.592 129.145 270.000 270.000 0.000 1.000 1.000 1.000
b832729132a546a29eaedac06b84a46f -238.888 38.592 225.145 270.000 180.000 0.000 1.000 1.000 1.000
27501590239d4699a8dc001efa4dee37 -238.888 38.592 249.145 270.000 180.000 0.000 1.000 1.000 1.000
642aaf4267374b2c84d86b0a01b92acf -199.145 38.626 235.654 270.000 -0.000 0.000 1.000 1.000 1.000
70ce34bd31824b039f3780636355d49e -238.888 38.592 201.145 270.000 270.000 0.000 1.000 1.000 1.000
f3fb2139936a4bbc90cba46d2ad1ec11 -191.437 38.698 171.062 270.000 -0.000 0.000 1.000 1.000 1.000
99662274a5d645f9bd210808c47a7dd0 -200.894 38.952 139.564 270.000 180.000 0.000 1.000 1.000 1.000
4943fefd0b4d4a5c947265ac783b5475 -254.163 38.381 235.022 270.000 180.000 0.000 1.000 1.000 1.000
77736ae0948f44e3bfa20c051df7f5ea -191.437 38.552 154.062 270.000 -0.000 0.000 1.000 1.000 1.000
2cb6e4e689dc455b95c6339b47b2810c -224.773 38.381 173.510 270.000 270.000 0.000 1.000 1.000 1.000
2cb6e4e689dc455b95c6339b47b2810c -224.773 38.381 164.119 270.000 270.000 0.000 1.000 1.000 1.000
2cb6e4e689dc455b95c6339b47b2810c -224.773 38.381 168.814 270.000 270.000 0.000 1.000 1.000 1.000
2cb6e4e689dc455b95c6339b47b2810c -224.773 38.381 145.346 270.000 270.000 0.000 1.000 1.000 1.000
2cb6e4e689dc455b95c6339b47b2810c -224.773 38.381 150.041 270.000 270.000 0.000 1.000 1.000 1.000
2cb6e4e689dc455b95c6339b47b2810c -224.773 38.381 154.737 270.000 270.000 0.000 1.000 1.000 1.000
2cb6e4e689dc455b95c6339b47b2810c -224.773 38.381 159.432 270.000 270.000 0.000 1.000 1.000 1.000
2cb6e4e689dc455b95c6339b47b2810c -222.395 38.381 180.486 270.000 180.000 0.000 1.000 1.000 1.000
2cb6e4e689dc455b95c6339b47b2810c -217.695 38.381 180.486 270.000 180.000 0.000 1.000 1.000 1.000
2cb6e4e689dc455b95c6339b47b2810c -213.003 38.381 180.486 270.000 180.000 0.000 1.000 1.000 1.000
2cb6e4e689dc455b95c6339b47b2810c -224.773 38.381 178.187 270.000 270.000 0.000 1.000 1.000 1.000
4a874717e96245638786ae053fca74e5 -217.613 38.376 175.916 270.000 -0.000 0.000 1.000 1.000 1.000
3ae249c445724a41b7a2621e1864bdc1 -221.587 38.376 178.825 270.000 180.000 0.000 1.000 1.000 1.000
3ae249c445724a41b7a2621e1864bdc1 -217.582 38.376 178.825 270.000 180.000 0.000 1.000 1.000 1.000
3ae249c445724a41b7a2621e1864bdc1 -213.691 38.376 178.825 270.000 180.000 0.000 1.000 1.000 1.000
4a874717e96245638786ae053fca74e5 -207.140 38.398 197.720 270.000 -0.000 0.000 1.000 1.000 1.000
3ae249c445724a41b7a2621e1864bdc1 -211.114 38.398 200.630 270.000 180.000 0.000 1.000 1.000 1.000
3ae249c445724a41b7a2621e1864bdc1 -207.109 38.398 200.630 270.000 180.000 0.000 1.000 1.000 1.000
3ae249c445724a41b7a2621e1864bdc1 -203.218 38.398 200.630 270.000 180.000 0.000 1.000 1.000 1.000
4a874717e96245638786ae053fca74e5 -207.140 38.398 203.672 270.000 -0.000 0.000 1.000 1.000 1.000
4a874717e96245638786ae053fca74e5 -191.140 38.398 197.720 270.000 -0.000 0.000 1.000 1.000 1.000
3ae249c445724a41b7a2621e1864bdc1 -195.114 38.398 200.630 270.000 180.000 0.000 1.000 1.000 1.000
3ae249c445724a41b7a2621e1864bdc1 -191.109 38.398 200.630 270.000 180.000 0.000 1.000 1.000 1.000
3ae249c445724a41b7a2621e1864bdc1 -187.218 38.398 200.630 270.000 180.000 0.000 1.000 1.000 1.000
4a874717e96245638786ae053fca74e5 -191.140 38.398 203.672 270.000 -0.000 0.000 1.000 1.000 1.000
3ae249c445724a41b7a2621e1864bdc1 -199.149 38.398 200.630 270.000 180.000 0.000 1.000 1.000 1.000
a31640c238084120a4cc7dce956cb7eb -189.206 38.381 200.677 270.000 270.000 0.000 1.000 1.000 1.000
a31640c238084120a4cc7dce956cb7eb -193.094 38.381 200.677 270.000 90.000 0.000 1.000 1.000 1.000
a31640c238084120a4cc7dce956cb7eb -209.070 38.381 200.677 270.000 90.000 0.000 1.000 1.000 1.000
a31640c238084120a4cc7dce956cb7eb -205.182 38.381 200.677 270.000 270.000 0.000 1.000 1.000 1.000
019caf7c72a5446eb3dd666e759c1f91 -238.888 38.592 201.145 270.000 270.000 0.000 1.000 1.000 1.000
42229938f39b4ccd9f0228c4d0ef972c -249.118 38.952 190.985 270.000 270.000 0.000 1.000 1.000 1.000
42229938f39b4ccd9f0228c4d0ef972c -249.100 38.952 211.174 270.000 -0.000 0.000 1.000 1.000 1.000
42229938f39b4ccd9f0228c4d0ef972c -229.006 38.952 211.174 270.000 90.000 0.000 1.000 1.000 1.000
42229938f39b4ccd9f0228c4d0ef972c -228.621 38.952 190.726 270.000 180.000 0.000 1.000 1.000 1.000
6366cc74eea847029ad77697f447fcc0 -190.888 38.592 129.145 270.000 180.000 0.000 1.000 1.000 1.000
734aa6d8bb7642618c4b3522de821ee4 -248.887 38.963 177.142 270.000 180.000 0.000 1.000 1.000 1.000
734aa6d8bb7642618c4b3522de821ee4 -248.888 38.963 153.142 270.000 180.000 0.000 1.000 1.000 1.000
734aa6d8bb7642618c4b3522de821ee4 -214.888 38.963 139.141 270.000 180.000 0.000 1.000 1.000 1.000
734aa6d8bb7642618c4b3522de821ee4 -228.887 38.963 225.141 270.000 180.000 0.000 1.000 1.000 1.000
40921a1a3cd742f69cc25cc25b856572 -254.580 38.381 132.454 270.000 345.000 0.000 1.000 1.000 1.000
d052b477b5bc4b2e8ec64effa1f8776e -192.186 43.448 172.928 270.000 -0.000 0.000 1.000 1.000 1.000
d052b477b5bc4b2e8ec64effa1f8776e -187.186 43.448 171.928 270.000 270.000 0.000 1.000 1.000 1.000
d4dea3aa823a4244be941b4b114e157d -187.209 43.448 168.687 270.000 270.000 0.000 1.000 1.000 1.000
d4dea3aa823a4244be941b4b114e157d -195.536 43.448 172.960 270.000 -0.000 0.000 1.000 1.000 1.000
d4dea3aa823a4244be941b4b114e157d -191.278 43.448 175.298 270.000 180.000 0.000 1.000 1.000 1.000
d052b477b5bc4b2e8ec64effa1f8776e -188.763 48.126 248.674 270.000 -0.000 0.000 1.000 1.000 1.000
d4dea3aa823a4244be941b4b114e157d -192.536 48.126 248.622 270.000 -0.000 0.000 1.000 1.000 1.000
d4dea3aa823a4244be941b4b114e157d -185.738 48.126 246.816 270.000 180.000 0.000 1.000 1.000 1.000
d4dea3aa823a4244be941b4b114e157d -209.692 48.126 244.701 270.000 180.000 0.000 1.000 1.000 1.000
d4dea3aa823a4244be941b4b114e157d -211.997 48.126 248.486 270.000 -0.000 0.000 1.000 1.000 1.000
d052b477b5bc4b2e8ec64effa1f8776e -209.589 48.126 247.511 270.000 270.000 0.000 1.000 1.000 1.000
d4dea3aa823a4244be941b4b114e157d -200.634 48.126 248.147 270.000 270.000 0.000 1.000 1.000 1.000
d4dea3aa823a4244be941b4b114e157d -200.634 48.126 245.147 270.000 270.000 0.000 1.000 1.000 1.000
cf45d6da9d6a4e129da721948b0b3a8a -185.865 41.458 161.332 -0.000 270.000 90.000 1.000 1.000 1.000
8548fc360c554b399e98cde4d40eca5d -206.527 41.908 216.885 90.000 180.000 0.000 1.000 1.000 1.000
be02c0e774714f2a963e8d6ee54bbabf -203.454 38.381 254.696 270.000 180.000 0.000 1.000 1.000 1.000
84b3a672bc0643d1b12b2b345a88ba46 -189.622 39.948 164.346 270.000 180.000 0.000 1.000 1.000 1.000
84b3a672bc0643d1b12b2b345a88ba46 -193.372 39.948 164.346 270.000 180.000 0.000 1.000 1.000 1.000
87806c2130bc4bd8b4f3276edf2222a6 -208.380 38.698 177.763 270.000 -0.000 0.000 1.000 1.000 1.000
f821ad54240043be8a6b3280a142bee4 -208.375 38.698 173.774 270.000 90.000 0.000 1.000 1.000 1.000
8712392ad0304c38b90061d908cbb293 -208.380 39.851 173.313 270.000 75.000 0.000 1.000 1.000 1.000
87806c2130bc4bd8b4f3276edf2222a6 -208.380 38.698 172.763 270.000 -0.000 0.000 1.000 1.000 1.000
6ce99109b6e94ddeb5ef925a2de6730a -208.250 39.885 178.347 270.000 81.000 0.000 1.000 1.000 1.000
9215cb84c2a942d084fa1dffa0031949 -209.327 38.698 177.884 270.000 270.000 0.000 1.000 1.000 1.000
9215cb84c2a942d084fa1dffa0031949 -209.327 38.698 172.788 270.000 270.000 0.000 1.000 1.000 1.000
9215cb84c2a942d084fa1dffa0031949 -206.872 38.698 177.681 270.000 90.000 0.000 1.000 1.000 1.000
9215cb84c2a942d084fa1dffa0031949 -206.960 38.698 172.310 270.000 101.000 0.000 1.000 1.000 1.000
9215cb84c2a942d084fa1dffa0031949 -206.829 38.698 173.754 270.000 85.000 0.000 1.000 1.000 1.000
2c7cff9158b445b2a7ac437a3ac38806 -207.339 41.004 180.562 270.000 -0.000 0.000 1.000 1.000 1.000
6b1dc75a2d88411bbc3af6843e71db02 -207.396 41.212 166.562 270.000 180.000 0.000 1.000 1.000 1.000
29594d1b41d94dae8d6e85c4bfd391fd -193.226 38.698 176.173 270.000 -0.000 0.000 1.000 1.000 1.000
e333b2454ddf4b888e22bb7edf9d28f7 -192.558 38.698 173.848 270.000 -0.000 0.000 1.000 1.000 1.000
e333b2454ddf4b888e22bb7edf9d28f7 -192.558 38.698 178.304 270.000 -0.000 0.000 1.000 1.000 1.000
e333b2454ddf4b888e22bb7edf9d28f7 -203.035 38.698 173.848 270.000 -0.000 0.000 1.000 1.000 1.000
29594d1b41d94dae8d6e85c4bfd391fd -202.419 38.698 176.173 270.000 -0.000 0.000 1.000 1.000 1.000
e333b2454ddf4b888e22bb7edf9d28f7 -203.035 38.698 178.304 270.000 -0.000 0.000 1.000 1.000 1.000
6ca29393aa7241348bf098dc4fbd7d18 -201.828 38.698 172.338 270.000 270.000 0.000 1.000 1.000 1.000
6ca29393aa7241348bf098dc4fbd7d18 -201.828 38.698 176.989 270.000 270.000 0.000 1.000 1.000 1.000
6ca29393aa7241348bf098dc4fbd7d18 -193.850 38.698 176.866 270.000 90.000 0.000 1.000 1.000 1.000
6ca29393aa7241348bf098dc4fbd7d18 -193.850 38.698 172.331 270.000 90.000 0.000 1.000 1.000 1.000
29594d1b41d94dae8d6e85c4bfd391fd -184.974 38.698 175.915 270.000 270.000 0.000 1.000 1.000 1.000
29594d1b41d94dae8d6e85c4bfd391fd -184.974 38.698 178.990 270.000 270.000 0.000 1.000 1.000 1.000
e333b2454ddf4b888e22bb7edf9d28f7 -181.965 38.698 178.695 270.000 -0.000 0.000 1.000 1.000 1.000
e333b2454ddf4b888e22bb7edf9d28f7 -188.160 38.698 178.695 270.000 -0.000 0.000 1.000 1.000 1.000
6ca29393aa7241348bf098dc4fbd7d18 -180.318 38.698 180.061 270.000 15.000 0.000 1.000 1.000 1.000
6ca29393aa7241348bf098dc4fbd7d18 -186.627 38.698 180.019 270.000 15.000 0.000 1.000 1.000 1.000
f463c0c6285544ac86845d98a07d73a9 -178.075 38.698 173.284 270.000 270.000 0.000 1.000 1.000 1.000
f463c0c6285544ac86845d98a07d73a9 -178.075 38.698 177.284 270.000 270.000 0.000 1.000 1.000 1.000
f463c0c6285544ac86845d98a07d73a9 -172.797 38.698 173.284 270.000 90.000 0.000 1.000 1.000 1.000
f463c0c6285544ac86845d98a07d73a9 -172.797 38.698 177.284 270.000 90.000 0.000 1.000 1.000 1.000
050dbe869b1c4fd5b215c552d145effd -254.997 38.686 222.585 270.000 180.000 0.000 1.000 1.000 1.000
ce6db4c70aee4e59afa82271d2aca431 -255.950 39.873 227.132 270.000 87.000 0.000 1.000 1.000 1.000
8242af6ef10e42ce9a2a31df1e0c2767 -255.711 38.686 231.812 270.000 -0.000 0.000 1.000 1.000 1.000 Wardrobe_1
b3f45cfd50b54cd89ee25272c4bd28a3 -253.069 38.381 129.391 270.000 240.000 0.000 1.000 1.000 1.000
e9f0b774202d420aa3a2b0dc661570da -217.315 38.626 223.226 270.000 270.000 0.000 1.000 1.000 1.000
84b3a672bc0643d1b12b2b345a88ba46 -217.842 39.876 222.790 270.000 173.000 0.000 1.000 1.000 1.000
84b3a672bc0643d1b12b2b345a88ba46 -202.788 39.783 252.514 270.000 263.000 0.000 1.000 1.000 1.000
e9f0b774202d420aa3a2b0dc661570da -202.352 38.533 251.987 270.000 -0.000 0.000 1.000 1.000 1.000
84b3a672bc0643d1b12b2b345a88ba46 -197.044 39.785 250.786 270.000 173.000 0.000 1.000 1.000 1.000
e9f0b774202d420aa3a2b0dc661570da -196.517 38.535 251.222 270.000 270.000 0.000 1.000 1.000 1.000
84b3a672bc0643d1b12b2b345a88ba46 -181.975 39.822 224.968 270.000 263.000 0.000 1.000 1.000 1.000
e9f0b774202d420aa3a2b0dc661570da -181.539 38.572 224.441 270.000 -0.000 0.000 1.000 1.000 1.000
84b3a672bc0643d1b12b2b345a88ba46 -180.087 44.515 220.916 270.000 353.000 0.000 1.000 1.000 1.000
e9f0b774202d420aa3a2b0dc661570da -180.615 43.265 220.481 270.000 90.000 0.000 1.000 1.000 1.000
e9f0b774202d420aa3a2b0dc661570da -216.349 43.284 219.384 270.000 180.000 0.000 1.000 1.000 1.000
84b3a672bc0643d1b12b2b345a88ba46 -215.913 44.534 218.857 270.000 83.000 0.000 1.000 1.000 1.000
e9f0b774202d420aa3a2b0dc661570da -195.610 43.208 247.045 270.000 180.000 0.000 1.000 1.000 1.000
84b3a672bc0643d1b12b2b345a88ba46 -195.174 44.458 246.518 270.000 83.000 0.000 1.000 1.000 1.000
e9f0b774202d420aa3a2b0dc661570da -201.435 43.208 248.142 270.000 90.000 0.000 1.000 1.000 1.000
84b3a672bc0643d1b12b2b345a88ba46 -200.908 44.458 248.578 270.000 353.000 0.000 1.000 1.000 1.000
3d37d6da42a34f19b6b6a25e3ab8eaab -213.434 43.376 250.284 270.000 270.000 0.000 1.000 1.000 1.000
3d37d6da42a34f19b6b6a25e3ab8eaab -208.434 43.376 250.284 270.000 270.000 0.000 1.000 1.000 1.000
3d37d6da42a34f19b6b6a25e3ab8eaab -206.217 43.376 222.199 270.000 -0.000 0.000 1.000 1.000 1.000
6896cb9ddd2d411592b9a93ca6671c3f -196.150 38.626 225.407 270.000 90.000 0.000 1.000 1.000 1.000
de77f2af2bfd49e8a3e1c388f1665081 -219.743 43.306 235.654 270.000 270.000 0.000 1.000 1.000 1.000
f469ad7065fb4e4a9ca2160fa58354b4 -178.618 43.306 235.654 270.000 90.000 0.000 1.000 1.000 1.000
191e013d4c264ca9958e06aadcc4c3d6 -199.145 43.340 243.144 270.000 -0.000 0.000 1.000 1.000 1.000
191e013d4c264ca9958e06aadcc4c3d6 -199.145 43.340 228.068 270.000 180.000 0.000 1.000 1.000 1.000
191e013d4c264ca9958e06aadcc4c3d6 -199.145 38.624 243.144 270.000 -0.000 0.000 1.000 1.000 1.000
3d37d6da42a34f19b6b6a25e3ab8eaab -191.775 43.376 222.498 270.000 90.000 0.000 1.000 1.000 1.000
7259ea03530a4ff880e857ca62a0c662 -198.452 43.376 223.530 270.000 270.000 0.000 1.000 1.000 1.000
7259ea03530a4ff880e857ca62a0c662 -198.452 43.376 220.530 270.000 270.000 0.000 1.000 1.000 1.000
3d37d6da42a34f19b6b6a25e3ab8eaab -187.508 43.376 251.113 270.000 180.000 0.000 1.000 1.000 1.000
3d37d6da42a34f19b6b6a25e3ab8eaab -187.508 43.376 248.113 270.000 180.000 0.000 1.000 1.000 1.000
3d37d6da42a34f19b6b6a25e3ab8eaab -190.587 38.626 221.827 270.000 90.000 0.000 1.000 1.000 1.000
3d37d6da42a34f19b6b6a25e3ab8eaab -186.587 38.626 221.827 270.000 90.000 0.000 1.000 1.000 1.000
7259ea03530a4ff880e857ca62a0c662 -179.149 38.626 220.561 270.000 90.000 0.000 1.000 1.000 1.000
3d37d6da42a34f19b6b6a25e3ab8eaab -209.467 38.626 221.916 270.000 -0.000 0.000 1.000 1.000 1.000
3d37d6da42a34f19b6b6a25e3ab8eaab -183.548 38.626 249.715 270.000 180.000 0.000 1.000 1.000 1.000
3d37d6da42a34f19b6b6a25e3ab8eaab -190.548 38.626 249.715 270.000 180.000 0.000 1.000 1.000 1.000
3d37d6da42a34f19b6b6a25e3ab8eaab -214.713 38.626 249.406 270.000 -0.000 0.000 1.000 1.000 1.000
3d37d6da42a34f19b6b6a25e3ab8eaab -207.713 38.626 249.406 270.000 -0.000 0.000 1.000 1.000 1.000
5c5d591a49c948a4a812b662b48e87f3 -216.599 38.626 239.563 270.000 270.000 0.000 1.000 1.000 1.000
c09e13f5e43647e79692469b5a9ed4ed -216.482 38.626 240.869 270.000 -0.000 0.000 1.000 1.000 1.000
c09e13f5e43647e79692469b5a9ed4ed -216.482 38.626 238.557 270.000 180.000 0.000 1.000 1.000 1.000
c09e13f5e43647e79692469b5a9ed4ed -216.560 38.626 233.403 270.000 350.000 0.000 1.000 1.000 1.000
5c5d591a49c948a4a812b662b48e87f3 -216.443 38.626 232.398 270.000 90.000 0.000 1.000 1.000 1.000
c09e13f5e43647e79692469b5a9ed4ed -216.310 38.626 231.235 270.000 180.000 0.000 1.000 1.000 1.000
d412f1a6b4c9404a88de772651615e4b -179.405 38.626 231.188 270.000 90.000 0.000 1.000 1.000 1.000
d412f1a6b4c9404a88de772651615e4b -182.625 38.626 227.967 270.000 180.000 0.000 1.000 1.000 1.000
d412f1a6b4c9404a88de772651615e4b -179.405 38.626 240.118 270.000 90.000 0.000 1.000 1.000 1.000
d412f1a6b4c9404a88de772651615e4b -182.625 38.626 243.338 270.000 -0.000 0.000 1.000 1.000 1.000
2e060a3768094817887d5f2c8d884d61 -182.568 38.626 240.133 270.000 330.000 0.000 1.000 1.000 1.000
2e060a3768094817887d5f2c8d884d61 -182.568 38.626 231.249 270.000 330.000 0.000 1.000 1.000 1.000
449513fcccb0441abbc8ac47ca0e4440 -182.165 39.813 230.869 270.000 53.000 0.000 1.000 1.000 1.000
366521728ff44c17a184f991a4c9cc27 -182.819 39.883 240.672 -0.000 183.001 0.000 1.000 1.000 1.000
c3231627118d41d3b6fc4032edb79c46 -181.991 39.901 240.012 -0.000 202.002 0.000 1.000 1.000 1.000
437ea643805e43e399126f631aaf2a03 -179.165 38.626 235.653 270.000 90.000 0.000 1.000 1.000 1.000
0467a617f1194026bff310538f34dd05 -179.165 39.853 235.653 270.000 -0.000 0.000 1.000 1.000 1.000
6b1dc75a2d88411bbc3af6843e71db02 -199.118 46.374 244.154 270.000 -0.000 0.000 1.000 1.000 1.000
6b1dc75a2d88411bbc3af6843e71db02 -199.118 41.576 244.154 270.000 -0.000 0.000 1.000 1.000 1.000
a31640c238084120a4cc7dce956cb7eb -202.887 38.552 138.758 270.000 -0.000 0.000 1.000 1.000 1.000
a31640c238084120a4cc7dce956cb7eb -228.449 38.952 139.179 270.000 45.001 0.000 1.000 1.000 1.000
a31640c238084120a4cc7dce956cb7eb -248.499 38.552 165.146 270.000 270.000 0.000 1.000 1.000 1.000
a31640c238084120a4cc7dce956cb7eb -229.273 38.552 165.145 270.000 90.000 0.000 1.000 1.000 1.000
a31640c238084120a4cc7dce956cb7eb -248.499 38.552 237.146 270.000 270.000 0.000 1.000 1.000 1.000
a31640c238084120a4cc7dce956cb7eb -229.272 38.552 237.145 270.000 90.000 0.000 1.000 1.000 1.000
a31640c238084120a4cc7dce956cb7eb -248.500 38.552 141.146 270.000 270.000 0.000 1.000 1.000 1.000
a31640c238084120a4cc7dce956cb7eb -178.887 38.552 138.758 270.000 -0.000 0.000 1.000 1.000 1.000
be02c0e774714f2a963e8d6ee54bbabf -205.454 38.381 254.696 270.000 180.000 0.000 1.000 1.000 1.000
e82d7826bffa4b1fb4785b8c57eab8e3 -175.982 39.290 235.247 270.000 -0.000 0.000 1.000 1.000 1.000
f6d69dd4dd504de894facc3bfa1f62a7 -175.982 44.040 235.247 270.000 -0.000 0.000 1.000 1.000 1.000
aa5713bdfae44bacbc36979248e25128 -197.121 41.961 161.342 270.000 -0.000 0.000 1.000 1.000 1.000
28c973094ebf4bcd8b669465052c841f -250.486 38.381 353.534 270.000 325.000 0.000 1.000 1.000 1.000
28c973094ebf4bcd8b669465052c841f -153.694 38.381 607.662 270.000 5.000 0.000 1.000 1.000 1.000
28c973094ebf4bcd8b669465052c841f -155.987 38.381 591.633 270.000 11.000 0.000 1.000 1.000 1.000
28c973094ebf4bcd8b669465052c841f -147.716 36.681 824.875 270.000 219.000 0.000 1.000 1.000 1.000
28c973094ebf4bcd8b669465052c841f -157.265 36.681 811.799 270.000 213.000 0.000 1.000 1.000 1.000
7e1ad0495e7d4d82bf79d631c07a9e3d -7.268 38.381 -996.631 270.000 180.000 0.000 1.000 1.000 1.000
7e1ad0495e7d4d82bf79d631c07a9e3d -7.268 38.381 -1020.631 270.000 180.000 0.000 1.000 1.000 1.000
9bd2e0ef06e54927ae2f39394a466b8e -7.268 38.381 -972.631 270.000 180.000 0.000 1.000 1.000 1.000
6125b4de591b44359237f6d7191dd919 -10.020 38.581 -975.600 270.000 -0.000 0.000 1.000 1.000 1.000
6125b4de591b44359237f6d7191dd919 -3.655 37.179 -978.836 297.646 223.464 64.805 1.000 1.000 1.000
6125b4de591b44359237f6d7191dd919 -7.838 43.519 -981.423 12.445 195.123 151.639 1.000 1.000 1.000
862a4ad08b0b4899b35ef82309e47919 -4.998 36.365 -967.338 280.970 359.969 25.684 1.000 1.000 1.000
1844f8668ac841cb8028e65af96f23e3 -4.776 38.169 -966.661 270.000 -0.000 0.000 1.000 1.000 1.000
1844f8668ac841cb8028e65af96f23e3 -11.653 38.112 -963.234 270.000 64.000 0.000 1.000 1.000 1.000
a1b84704e21440f59c4e55e2cee59dcd -4.826 38.581 -961.650 270.000 297.000 0.000 1.000 1.000 1.000
a1b84704e21440f59c4e55e2cee59dcd -10.074 38.581 -959.677 270.000 264.000 0.000 1.000 1.000 1.000
c188b3b5442d4095b59b0600ff316e0c -9.812 39.226 -966.135 302.051 285.022 64.422 1.000 1.000 1.000
716024de5b674e969f3a6af41115ddf4 -1.317 38.581 -960.448 270.000 105.000 0.000 1.000 1.000 1.000
716024de5b674e969f3a6af41115ddf4 -5.260 38.581 -959.725 270.000 95.000 0.000 1.000 1.000 1.000
716024de5b674e969f3a6af41115ddf4 -9.120 38.581 -959.725 270.000 85.000 0.000 1.000 1.000 1.000
716024de5b674e969f3a6af41115ddf4 -13.014 38.581 -960.401 270.000 75.000 0.000 1.000 1.000 1.000
717ae274519f4f4fa760e6fbf4a3614b -1.541 38.589 -955.027 270.000 200.000 0.000 1.000 1.000 1.000
07132524c8554ac4b24fd7618b32c297 -1.105 38.875 -954.284 270.000 203.000 0.000 1.000 1.000 1.000
247828ef63574258b6e1be743309c028 -1.725 38.845 -955.790 270.000 200.000 0.000 1.000 1.000 1.000
cb0d8bf87fca47e3b73f634959a9f523 -7.820 38.581 -954.129 270.000 75.000 0.000 1.000 1.000 1.000
4ca1de6fdcc84b6bbc4a76c3ad394739 -7.839 38.620 -952.802 270.000 -0.000 0.000 1.000 1.000 1.000
054a9392fed9484e950ff92d13631f06 -6.029 38.581 -953.483 270.000 358.000 0.000 1.000 1.000 1.000
756faa5eea0b4df7b2602e1d77932057 -6.912 38.620 -951.996 270.000 -0.000 0.000 1.000 1.000 1.000
aacd164d8e4041aab78179c7886f4461 -5.612 38.620 -951.942 270.000 -0.000 0.000 1.000 1.000 1.000
419ab455e8b04104a81a3343fa69adb2 -4.288 38.323 -930.355 320.000 96.000 270.000 1.000 1.000 1.000
1844f8668ac841cb8028e65af96f23e3 -3.259 37.927 -929.123 270.000 122.000 0.000 1.000 1.000 1.000
1844f8668ac841cb8028e65af96f23e3 -4.394 38.050 -932.283 270.000 332.000 0.000 1.000 1.000 1.000
bca7ab61ae6046aeb5bcc4832202a29a -5.107 39.313 -931.612 325.000 119.000 247.000 1.000 1.000 1.000
bca7ab61ae6046aeb5bcc4832202a29a -4.893 39.291 -928.881 4.023 201.808 227.267 1.000 1.000 1.000
bc4b9a034fe04c669285becc489d01a0 -20.156 38.917 -911.656 270.000 1.000 0.000 1.000 1.000 1.000
25f82f8261264d5eb12f99d80bbe2d89 -15.405 38.381 -799.511 270.000 89.000 0.000 1.000 1.000 1.000
34af62084fc3401eb960900aa3a759c8 -16.620 38.381 -780.026 282.000 197.000 0.000 1.000 1.000 1.000
1259f929cad44eefba709e01123d40ac -15.720 38.566 -777.767 277.613 257.914 113.269 1.000 1.000 1.000
419ab455e8b04104a81a3343fa69adb2 -11.949 38.581 -768.797 339.000 245.000 90.000 1.000 1.000 1.000
1844f8668ac841cb8028e65af96f23e3 -11.417 38.204 -770.390 270.000 -0.000 0.000 1.000 1.000 1.000
1844f8668ac841cb8028e65af96f23e3 -15.298 38.128 -776.075 275.000 270.000 90.000 1.000 1.000 1.000
1844f8668ac841cb8028e65af96f23e3 -16.249 38.149 -779.196 270.000 150.000 0.000 1.000 1.000 1.000
bca7ab61ae6046aeb5bcc4832202a29a -14.611 38.778 -779.385 291.000 284.000 270.000 1.000 1.000 1.000
bca7ab61ae6046aeb5bcc4832202a29a -14.196 38.748 -776.499 270.000 185.003 0.000 1.000 1.000 1.000
bca7ab61ae6046aeb5bcc4832202a29a -17.463 38.754 -778.995 275.999 99.001 270.000 1.000 1.000 1.000
bca7ab61ae6046aeb5bcc4832202a29a -16.831 38.881 -776.099 270.000 20.000 0.000 1.000 1.000 1.000
bca7ab61ae6046aeb5bcc4832202a29a -11.046 39.789 -770.008 24.000 90.000 270.000 1.000 1.000 1.000
bc4b9a034fe04c669285becc489d01a0 -122.843 38.381 -783.094 270.000 277.000 0.000 1.000 1.000 1.000
bc4b9a034fe04c669285becc489d01a0 -69.201 38.381 -800.443 270.000 276.000 0.000 1.000 1.000 1.000
bc4b9a034fe04c669285becc489d01a0 -23.746 38.381 -805.232 270.000 316.000 0.000 1.000 1.000 1.000
bc4b9a034fe04c669285becc489d01a0 -21.163 38.405 -856.252 270.000 1.000 0.000 1.000 1.000 1.000
419ab455e8b04104a81a3343fa69adb2 -12.003 38.324 -759.703 278.000 180.001 188.000 1.000 1.000 1.000
1259f929cad44eefba709e01123d40ac -12.710 38.581 -741.048 320.000 97.000 270.000 1.000 1.000 1.000
7dbd37f093314f4d99c3d33a0cc89931 -11.825 38.581 -749.348 325.651 190.732 85.201 1.000 1.000 1.000
1844f8668ac841cb8028e65af96f23e3 -9.999 38.158 -750.682 270.000 -0.000 0.000 1.000 1.000 1.000
1844f8668ac841cb8028e65af96f23e3 -13.828 38.170 -749.443 276.000 278.000 -0.000 1.000 1.000 1.000
bca7ab61ae6046aeb5bcc4832202a29a -9.898 39.885 -748.982 355.149 86.465 306.150 1.000 1.000 1.000
bca7ab61ae6046aeb5bcc4832202a29a -14.123 39.494 -748.328 11.434 78.482 320.861 1.000 1.000 1.000
bca7ab61ae6046aeb5bcc4832202a29a -12.802 39.665 -748.707 354.000 90.000 302.000 1.000 1.000 1.000
1844f8668ac841cb8028e65af96f23e3 -11.817 38.074 -742.602 270.000 -0.000 0.000 1.000 1.000 1.000
1844f8668ac841cb8028e65af96f23e3 -12.147 38.327 -739.558 270.000 84.000 0.000 1.000 1.000 1.000
1844f8668ac841cb8028e65af96f23e3 -11.998 38.226 -758.032 270.000 -0.000 0.000 1.000 1.000 1.000
1844f8668ac841cb8028e65af96f23e3 -11.960 38.191 -761.760 270.000 297.000 0.000 1.000 1.000 1.000
1844f8668ac841cb8028e65af96f23e3 -13.081 38.289 -767.776 270.000 67.000 0.000 1.000 1.000 1.000
bca7ab61ae6046aeb5bcc4832202a29a -12.304 39.815 -767.518 14.000 90.000 270.000 1.000 1.000 1.000
bca7ab61ae6046aeb5bcc4832202a29a -10.328 38.787 -758.712 317.000 270.000 282.000 1.000 1.000 1.000
bca7ab61ae6046aeb5bcc4832202a29a -13.042 38.742 -758.093 270.000 12.000 0.000 1.000 1.000 1.000
bca7ab61ae6046aeb5bcc4832202a29a -13.566 39.619 -742.309 328.000 90.000 270.000 1.000 1.000 1.000
bca7ab61ae6046aeb5bcc4832202a29a -13.148 39.628 -739.413 318.000 90.000 270.000 1.000 1.000 1.000
bc4b9a034fe04c669285becc489d01a0 -29.097 38.381 -651.115 270.000 352.000 0.000 1.000 1.000 1.000
bc4b9a034fe04c669285becc489d01a0 -22.126 38.381 -706.840 270.000 358.000 0.000 1.000 1.000 1.000
bc4b9a034fe04c669285becc489d01a0 -22.029 38.381 -760.589 270.000 2.000 0.000 1.000 1.000 1.000
28c973094ebf4bcd8b669465052c841f -11.977 38.381 -535.078 270.000 216.000 0.000 1.000 1.000 1.000
28c973094ebf4bcd8b669465052c841f -20.117 38.381 -548.920 270.000 205.000 0.000 1.000 1.000 1.000
28c973094ebf4bcd8b669465052c841f -1.520 38.381 -522.790 270.000 225.000 0.000 1.000 1.000 1.000
bc4b9a034fe04c669285becc489d01a0 -21.059 38.322 -542.943 270.000 32.000 0.000 1.000 1.000 1.000
bc4b9a034fe04c669285becc489d01a0 -34.916 38.510 -591.837 270.000 11.000 0.000 1.000 1.000 1.000
27501590239d4699a8dc001efa4dee37 -118.888 38.592 57.145 270.000 270.000 0.000 1.000 1.000 1.000
5375fd19924b4826b0cb432064c2d480 -113.464 54.490 104.640 270.000 270.000 0.000 1.000 1.000 1.000
34af62084fc3401eb960900aa3a759c8 -19.906 38.365 96.809 270.000 -0.000 0.000 1.000 1.000 1.000
205a7602a5104e38a138b93a3f07d9cf -121.707 38.693 81.302 270.000 180.000 0.000 1.000 1.000 1.000
734aa6d8bb7642618c4b3522de821ee4 -118.889 38.963 67.140 270.000 180.000 0.000 1.000 1.000 1.000
120685628efd43c0b05ecec83006a5a7 -125.508 38.693 74.902 270.000 -0.000 0.000 1.000 1.000 1.000
120685628efd43c0b05ecec83006a5a7 -113.990 38.693 74.902 270.000 -0.000 0.000 1.000 1.000 1.000
120685628efd43c0b05ecec83006a5a7 -117.964 38.693 74.902 270.000 -0.000 0.000 1.000 1.000 1.000
8548fc360c554b399e98cde4d40eca5d -125.658 40.054 72.549 270.000 -0.000 0.000 1.000 1.000 1.000
84b3a672bc0643d1b12b2b345a88ba46 -123.054 39.949 81.585 270.000 180.000 0.000 1.000 1.000 1.000
84b3a672bc0643d1b12b2b345a88ba46 -117.357 39.949 81.585 270.000 180.000 0.000 1.000 1.000 1.000
a305bcc1cdaa486fb91d05201e7d3e6f -112.170 38.693 87.616 270.000 90.000 0.000 1.000 1.000 1.000
a305bcc1cdaa486fb91d05201e7d3e6f -112.170 38.693 89.091 270.000 90.000 0.000 1.000 1.000 1.000
02923364713c4385a2bdaa7221d717ae -117.668 38.647 87.613 270.000 90.000 0.000 1.000 1.000 1.000
02923364713c4385a2bdaa7221d717ae -117.668 38.647 86.147 270.000 90.000 0.000 1.000 1.000 1.000
02923364713c4385a2bdaa7221d717ae -116.672 38.647 89.093 270.000 270.000 0.000 1.000 1.000 1.000
02923364713c4385a2bdaa7221d717ae -116.672 38.647 87.627 270.000 270.000 0.000 1.000 1.000 1.000
e4f33bd5aafb4204904ea375c00de967 -116.672 38.647 86.140 270.000 270.000 0.000 1.000 1.000 1.000
e4f33bd5aafb4204904ea375c00de967 -117.668 38.647 89.100 270.000 90.000 0.000 1.000 1.000 1.000
a305bcc1cdaa486fb91d05201e7d3e6f -112.170 38.693 86.156 270.000 90.000 0.000 1.000 1.000 1.000
a305bcc1cdaa486fb91d05201e7d3e6f -122.170 38.693 87.626 270.000 270.000 0.000 1.000 1.000 1.000
a305bcc1cdaa486fb91d05201e7d3e6f -122.170 38.693 89.086 270.000 270.000 0.000 1.000 1.000 1.000
a305bcc1cdaa486fb91d05201e7d3e6f -122.170 38.693 86.151 270.000 270.000 0.000 1.000 1.000 1.000
c2ea9b50d4d640438800b9ff553ec627 -124.624 38.693 88.857 270.000 270.000 0.000 1.000 1.000 1.000
56e56fe3b9f24351aa37af59b4869584 -127.354 38.693 89.320 270.000 -0.000 0.000 1.000 1.000 1.000
f469ad7065fb4e4a9ca2160fa58354b4 -127.289 38.693 81.317 270.000 -0.000 0.000 1.000 1.000 1.000
d052b477b5bc4b2e8ec64effa1f8776e -121.907 43.443 81.324 270.000 -0.000 0.000 1.000 1.000 1.000
d4dea3aa823a4244be941b4b114e157d -120.822 43.443 83.638 270.000 -0.000 0.000 1.000 1.000 1.000
d4dea3aa823a4244be941b4b114e157d -118.911 43.443 79.256 270.000 180.000 0.000 1.000 1.000 1.000
0e8c0a20e8e947018e8e5859f0a4064f -127.227 38.616 35.640 270.000 -0.000 0.000 1.000 1.000 1.000
0e8c0a20e8e947018e8e5859f0a4064f -127.227 38.616 40.447 270.000 -0.000 0.000 1.000 1.000 1.000
050dbe869b1c4fd5b215c552d145effd -127.437 38.616 33.853 270.000 -0.000 0.000 1.000 1.000 1.000
9215cb84c2a942d084fa1dffa0031949 -127.725 38.616 23.547 270.000 24.000 0.000 1.000 1.000 1.000
0e8c0a20e8e947018e8e5859f0a4064f -127.090 43.366 28.091 270.000 -0.000 0.000 1.000 1.000 1.000
0e8c0a20e8e947018e8e5859f0a4064f -127.090 43.366 33.616 270.000 -0.000 0.000 1.000 1.000 1.000
ce6db4c70aee4e59afa82271d2aca431 -127.046 44.553 28.229 270.000 39.000 0.000 1.000 1.000 1.000
8cffc239fd2d4a8383b0cc60399a5b35 -127.456 43.366 38.014 270.000 -0.000 0.000 1.000 1.000 1.000
bc4b9a034fe04c669285becc489d01a0 -12.772 38.365 91.614 270.000 210.000 0.000 1.000 1.000 1.000
bc4b9a034fe04c669285becc489d01a0 -31.540 38.381 49.819 270.000 236.000 0.000 1.000 1.000 1.000
bc4b9a034fe04c669285becc489d01a0 -93.805 38.381 44.022 270.000 274.000 0.000 1.000 1.000 1.000
026f1c9406c34b8786517e1a6a10db4b -8.551 38.365 123.031 270.000 105.000 0.000 1.000 1.000 1.000
91c7b343d13446faba663d2f63e03276 -117.414 41.909 72.535 270.000 -0.000 0.000 1.000 1.000 1.000
401e37524a134407b7e7119e3d54e3b5 -53.741 51.718 587.429 270.000 260.000 0.000 1.000 1.000 1.000
b55c500ae0cd4b40904bf75578173812 -54.401 62.088 587.312 270.000 260.000 0.000 1.000 1.000 1.000
b55c500ae0cd4b40904bf75578173812 -54.401 55.340 587.312 270.000 260.000 0.000 1.000 1.000 1.000
b55c500ae0cd4b40904bf75578173812 -54.401 68.807 587.312 270.000 260.000 0.000 1.000 1.000 1.000
b047e1fb621e499d8803ce0d90e5b241 9.573 38.087 -944.028 270.000 45.000 0.000 1.000 1.000 1.000
b55c500ae0cd4b40904bf75578173812 9.056 46.188 -944.545 270.000 45.000 0.000 1.000 1.000 1.000
b55c500ae0cd4b40904bf75578173812 9.056 39.448 -944.545 270.000 45.000 0.000 1.000 1.000 1.000
25f82f8261264d5eb12f99d80bbe2d89 3.390 38.381 -780.388 270.000 269.000 0.000 1.000 1.000 1.000
34af62084fc3401eb960900aa3a759c8 3.402 38.381 -799.450 270.000 -0.000 0.000 1.000 1.000 1.000
bc4b9a034fe04c669285becc489d01a0 35.414 38.381 -799.999 270.000 264.000 0.000 1.000 1.000 1.000
bc4b9a034fe04c669285becc489d01a0 79.433 38.381 -787.478 270.000 249.000 0.000 1.000 1.000 1.000
401e37524a134407b7e7119e3d54e3b5 92.101 70.355 -629.190 270.000 46.000 0.000 1.000 1.000 1.000
b55c500ae0cd4b40904bf75578173812 92.584 87.444 -628.724 270.000 46.000 0.000 1.000 1.000 1.000
b55c500ae0cd4b40904bf75578173812 92.584 80.724 -628.724 270.000 46.000 0.000 1.000 1.000 1.000
b55c500ae0cd4b40904bf75578173812 92.584 73.976 -628.724 270.000 46.000 0.000 1.000 1.000 1.000
bc4b9a034fe04c669285becc489d01a0 121.448 38.430 -472.300 270.000 54.000 0.000 1.000 1.000 1.000
bc4b9a034fe04c669285becc489d01a0 74.266 38.381 -495.375 270.000 84.000 0.000 1.000 1.000 1.000
bc4b9a034fe04c669285becc489d01a0 15.582 38.717 -508.762 270.000 64.000 0.000 1.000 1.000 1.000
28c973094ebf4bcd8b669465052c841f 99.541 38.417 125.234 270.000 62.000 0.000 1.000 1.000 1.000
bc4b9a034fe04c669285becc489d01a0 42.611 38.387 103.174 270.000 254.000 0.000 1.000 1.000 1.000
bc4b9a034fe04c669285becc489d01a0 101.908 38.438 123.840 270.000 241.000 0.000 1.000 1.000 1.000
862a4ad08b0b4899b35ef82309e47919 95.604 47.338 100.429 319.034 330.257 20.536 1.000 1.000 1.000
419ab455e8b04104a81a3343fa69adb2 126.943 38.328 169.604 315.000 143.000 270.000 1.000 1.000 1.000
1259f929cad44eefba709e01123d40ac 120.873 38.513 161.900 281.218 354.129 43.328 1.000 1.000 1.000
bca7ab61ae6046aeb5bcc4832202a29a 127.770 39.394 171.070 336.000 90.000 300.000 1.000 1.000 1.000
bca7ab61ae6046aeb5bcc4832202a29a 125.249 39.299 169.294 338.000 90.000 304.000 1.000 1.000 1.000
bca7ab61ae6046aeb5bcc4832202a29a 118.983 38.700 161.519 282.000 133.000 270.000 1.000 1.000 1.000
bca7ab61ae6046aeb5bcc4832202a29a 120.864 39.047 159.880 67.000 90.000 228.000 1.000 1.000 1.000
1844f8668ac841cb8028e65af96f23e3 127.278 38.229 168.943 270.000 -0.000 0.000 1.000 1.000 1.000
1844f8668ac841cb8028e65af96f23e3 120.937 38.106 162.251 270.000 -0.000 0.000 1.000 1.000 1.000
28c973094ebf4bcd8b669465052c841f 113.307 38.417 133.687 270.000 55.000 0.000 1.000 1.000 1.000
28c973094ebf4bcd8b669465052c841f 125.928 38.417 143.762 270.000 48.000 0.000 1.000 1.000 1.000
eba9c90a66b54c2d89b7fc4f95698310 87.263 26.117 466.335 270.000 162.000 0.000 1.000 1.000 1.000
eba9c90a66b54c2d89b7fc4f95698310 89.117 26.117 460.628 270.000 162.000 0.000 1.000 1.000 1.000
eba9c90a66b54c2d89b7fc4f95698310 90.971 26.117 454.922 270.000 162.000 0.000 1.000 1.000 1.000
eba9c90a66b54c2d89b7fc4f95698310 84.841 26.117 460.845 270.000 72.000 0.000 1.000 1.000 1.000
eba9c90a66b54c2d89b7fc4f95698310 92.826 26.117 449.216 270.000 162.000 0.000 1.000 1.000 1.000
eba9c90a66b54c2d89b7fc4f95698310 94.680 26.117 443.509 270.000 162.000 0.000 1.000 1.000 1.000
456dadaeae094821a2d446aa4f77cb9e 82.648 18.698 464.574 298.000 162.000 270.000 1.000 1.000 1.000
049a125ccb8f47d9b385d5b7e30fcc86 97.665 24.801 445.395 318.078 39.435 303.138 1.000 1.000 1.000
2db512fea15a4434bafe0c45a0dd2016 104.036 37.141 406.021 270.000 -0.000 0.000 1.000 1.000 1.000
fdfdd8af09954fc4b48471b70822ff96 117.576 37.003 414.910 277.209 326.373 33.767 1.000 1.000 1.000
449513fcccb0441abbc8ac47ca0e4440 117.495 38.139 415.792 277.209 326.373 129.768 1.000 1.000 1.000
a94b6d3b1d164f21a173548e3cb8a566 121.748 37.995 400.867 270.000 60.000 0.000 1.000 1.000 1.000 Bed_1
4590100ec9704b73adeb03fe53f0d087 118.760 37.995 399.142 270.000 60.000 0.000 1.000 1.000 1.000
0e8c0a20e8e947018e8e5859f0a4064f 123.967 37.995 399.350 270.000 60.000 0.000 1.000 1.000 1.000
0e8c0a20e8e947018e8e5859f0a4064f 121.559 37.995 403.520 270.000 60.000 0.000 1.000 1.000 1.000
8388edfa33b84f78ad7f5d277412433b 113.300 37.995 401.964 270.000 330.000 0.000 1.000 1.000 1.000 Wardrobe_0
87806c2130bc4bd8b4f3276edf2222a6 114.958 37.995 396.910 270.000 330.000 0.000 1.000 1.000 1.000
9215cb84c2a942d084fa1dffa0031949 114.411 37.995 397.993 270.000 334.000 0.000 1.000 1.000 1.000
9215cb84c2a942d084fa1dffa0031949 115.560 37.995 395.877 270.000 134.000 0.000 1.000 1.000 1.000
f463c0c6285544ac86845d98a07d73a9 121.330 37.995 394.690 270.000 150.000 0.000 1.000 1.000 1.000
c3231627118d41d3b6fc4032edb79c46 122.202 40.097 395.348 282.000 60.000 0.000 1.000 1.000 1.000
4f2244b2de3c4af1bf8ca336b92172c6 120.890 39.035 394.595 -0.000 75.000 0.000 1.000 1.000 1.000
19ff8f2c79eb4b5a8d09ac8396ea8146 120.347 38.431 394.340 300.000 240.000 -0.000 1.000 1.000 1.000
aa5713bdfae44bacbc36979248e25128 124.369 41.296 400.862 270.000 60.000 0.000 1.000 1.000 1.000
eba9c90a66b54c2d89b7fc4f95698310 71.308 26.117 727.375 270.000 15.000 0.000 1.000 1.000 1.000
eba9c90a66b54c2d89b7fc4f95698310 69.755 26.117 721.580 270.000 15.000 0.000 1.000 1.000 1.000
eba9c90a66b54c2d89b7fc4f95698310 68.202 26.117 715.784 270.000 15.000 0.000 1.000 1.000 1.000
eba9c90a66b54c2d89b7fc4f95698310 66.649 26.117 709.989 270.000 15.000 0.000 1.000 1.000 1.000
fdfdd8af09954fc4b48471b70822ff96 109.163 35.754 764.720 282.367 194.125 166.034 1.000 1.000 1.000
049a125ccb8f47d9b385d5b7e30fcc86 71.265 23.607 716.285 309.133 110.138 250.702 1.000 1.000 1.000
449513fcccb0441abbc8ac47ca0e4440 109.222 36.832 763.894 282.367 194.124 261.034 1.000 1.000 1.000
901306dba3f345c8a8f789d9000e69f5 109.254 38.577 797.120 270.000 338.000 0.000 1.000 1.000 1.000
323f1c73b0f14d609e0bc0628d05bf23 91.610 38.535 795.744 270.000 302.000 0.000 1.000 1.000 1.000
323f1c73b0f14d609e0bc0628d05bf23 123.049 38.574 811.672 270.000 4.000 0.000 1.000 1.000 1.000
fdfdd8af09954fc4b48471b70822ff96 85.948 34.830 769.651 281.675 200.049 288.752 1.000 1.000 1.000
5feb0d40c34d4117912b4df420bea1b7 100.842 37.228 777.765 270.000 104.000 0.000 1.000 1.000 1.000
5feb0d40c34d4117912b4df420bea1b7 125.778 37.647 771.525 270.000 225.000 0.000 1.000 1.000 1.000
aa5713bdfae44bacbc36979248e25128 109.944 40.638 793.777 270.000 338.000 0.000 1.000 1.000 1.000
862a4ad08b0b4899b35ef82309e47919 247.486 61.106 -946.883 312.420 17.952 346.549 1.000 1.000 1.000
53ad0da716c547e89fa2d538b9cccb02 225.620 38.658 -865.025 270.000 225.000 0.000 1.000 1.000 1.000 House_08
c289c4c47fea4d9cb09cfb6f0ae7ff5d 247.829 38.381 -889.234 270.000 -0.000 0.000 1.000 1.000 1.000
82b2685c3bb845a596e14fe2f719471e 252.411 38.381 -872.406 270.000 67.000 0.000 1.000 1.000 1.000
cf45d6da9d6a4e129da721948b0b3a8a 226.512 41.370 -854.965 -0.000 315.000 90.000 1.000 1.000 1.000
a94b6d3b1d164f21a173548e3cb8a566 235.054 43.408 -874.627 270.000 135.000 0.000 1.000 1.000 1.000 Bed_0
0e8c0a20e8e947018e8e5859f0a4064f 237.507 43.408 -873.579 270.000 45.000 0.000 1.000 1.000 1.000
0e8c0a20e8e947018e8e5859f0a4064f 234.023 43.408 -877.064 270.000 45.000 0.000 1.000 1.000 1.000
29ea162548484889be12ecd51bf6294c 234.078 44.595 -877.144 270.000 77.000 0.000 1.000 1.000 1.000
f463c0c6285544ac86845d98a07d73a9 229.044 43.408 -868.443 270.000 315.000 0.000 1.000 1.000 1.000
87806c2130bc4bd8b4f3276edf2222a6 228.773 43.408 -861.814 270.000 315.000 0.000 1.000 1.000 1.000
9215cb84c2a942d084fa1dffa0031949 229.696 43.408 -862.703 270.000 135.000 0.000 1.000 1.000 1.000
9215cb84c2a942d084fa1dffa0031949 227.932 43.408 -860.939 270.000 315.000 0.000 1.000 1.000 1.000
050dbe869b1c4fd5b215c552d145effd 220.286 38.658 -859.781 270.000 225.000 0.000 1.000 1.000 1.000
050dbe869b1c4fd5b215c552d145effd 221.336 38.658 -860.831 270.000 225.000 0.000 1.000 1.000 1.000
0aeeefaf364f46f9906aff76c40c6d2b 219.247 38.658 -858.742 270.000 225.000 0.000 1.000 1.000 1.000
56e56fe3b9f24351aa37af59b4869584 226.238 38.658 -855.786 270.000 45.000 0.000 1.000 1.000 1.000
a305bcc1cdaa486fb91d05201e7d3e6f 222.966 38.658 -852.936 270.000 45.000 0.000 1.000 1.000 1.000
050dbe869b1c4fd5b215c552d145effd 218.197 38.658 -857.692 270.000 225.000 0.000 1.000 1.000 1.000
050dbe869b1c4fd5b215c552d145effd 217.142 38.658 -856.637 270.000 225.000 0.000 1.000 1.000 1.000
050dbe869b1c4fd5b215c552d145effd 222.124 38.658 -851.665 270.000 45.000 0.000 1.000 1.000 1.000
050dbe869b1c4fd5b215c552d145effd 224.213 38.658 -853.754 270.000 45.000 0.000 1.000 1.000 1.000
6fb78536e8cb4b01b6050a2efb3d912c 221.243 40.008 -860.689 270.000 226.000 0.000 1.000 1.000 1.000
2d1daa0412b94503aa57a5b422187d48 217.224 40.008 -856.664 270.000 234.000 0.000 1.000 1.000 1.000
b489a8a63fca4d179fd315cbae8b6ed7 220.567 40.818 -864.538 270.000 315.000 0.000 1.000 1.000 1.000
ae22774b549f44d29926a956ac6c0a4d 225.555 38.658 -869.797 270.000 135.000 0.000 1.000 1.000 1.000
68339521990c4d70903dfd68da2cd886 222.773 43.408 -868.904 270.000 225.000 0.000 1.000 1.000 1.000
086b683233c245968b38d98c2c9e10f1 225.099 38.658 -854.969 270.000 45.000 0.000 1.000 1.000 1.000
90da84de3f214d129de92b6ee8df60af 221.603 43.408 -867.776 270.000 225.000 0.000 1.000 1.000 1.000
4f2244b2de3c4af1bf8ca336b92172c6 228.357 44.653 -869.375 272.996 224.999 -0.000 1.000 1.000 1.000
87806c2130bc4bd8b4f3276edf2222a6 234.069 38.658 -870.605 270.000 45.000 0.000 1.000 1.000 1.000
87806c2130bc4bd8b4f3276edf2222a6 232.303 38.658 -872.371 270.000 45.000 0.000 1.000 1.000 1.000
98e78ae063ac4fb3bc382a03e437260d 217.377 44.595 -850.756 270.000 31.000 0.000 1.000 1.000 1.000
9215cb84c2a942d084fa1dffa0031949 234.837 38.658 -869.820 270.000 45.000 0.000 1.000 1.000 1.000
9215cb84c2a942d084fa1dffa0031949 231.780 39.088 -873.317 -0.000 280.000 270.000 1.000 1.000 1.000
9215cb84c2a942d084fa1dffa0031949 233.532 38.658 -869.909 270.000 315.000 0.000 1.000 1.000 1.000
9215cb84c2a942d084fa1dffa0031949 231.634 38.658 -871.806 270.000 315.000 0.000 1.000 1.000 1.000
9215cb84c2a942d084fa1dffa0031949 234.727 38.658 -871.105 270.000 135.000 0.000 1.000 1.000 1.000
9215cb84c2a942d084fa1dffa0031949 232.830 38.658 -873.002 270.000 135.000 0.000 1.000 1.000 1.000
b06ca473809a47a1bb47e72bedd0e421 230.268 38.658 -862.671 270.000 -0.000 0.000 1.000 1.000 1.000
8388edfa33b84f78ad7f5d277412433b 213.719 43.408 -857.376 270.000 135.000 0.000 1.000 1.000 1.000 Wardrobe_1
e7572f0283b8411fbbc55ee6cae3bb97 218.603 43.408 -857.371 270.000 315.000 0.000 1.000 1.000 1.000 Bed_1
584641f35e8540ec85ed88f3aca40622 222.088 43.408 -861.139 270.000 45.000 0.000 1.000 1.000 1.000
2e060a3768094817887d5f2c8d884d61 217.010 43.408 -851.285 270.000 -0.000 0.000 1.000 1.000 1.000
9215cb84c2a942d084fa1dffa0031949 216.352 43.408 -852.462 270.000 206.000 0.000 1.000 1.000 1.000
449513fcccb0441abbc8ac47ca0e4440 228.839 44.595 -861.735 270.000 315.000 0.000 1.000 1.000 1.000
7a7212d2746742fa8141682e965f84cc 221.093 42.007 -849.825 -0.000 225.000 270.000 1.000 1.000 1.000
7a7212d2746742fa8141682e965f84cc 225.378 42.007 -854.109 -0.000 225.000 270.000 1.000 1.000 1.000
7a7212d2746742fa8141682e965f84cc 239.871 42.007 -868.602 -0.000 225.000 270.000 1.000 1.000 1.000
7a7212d2746742fa8141682e965f84cc 236.384 42.007 -865.115 -0.000 225.000 270.000 1.000 1.000 1.000
91c7b343d13446faba663d2f63e03276 229.560 41.857 -877.058 270.000 225.000 0.000 1.000 1.000 1.000
91c7b343d13446faba663d2f63e03276 228.105 46.665 -859.433 270.000 225.000 0.000 1.000 1.000 1.000
6123b0bb5c3a409bb38ad2c2abab8dbb 169.765 38.381 -741.329 270.000 319.000 0.000 1.000 1.000 1.000
6123b0bb5c3a409bb38ad2c2abab8dbb 173.111 38.381 -738.763 270.000 326.000 0.000 1.000 1.000 1.000
6123b0bb5c3a409bb38ad2c2abab8dbb 176.704 38.381 -736.526 270.000 330.000 0.000 1.000 1.000 1.000
6123b0bb5c3a409bb38ad2c2abab8dbb 191.131 38.381 -728.296 270.000 330.000 0.000 1.000 1.000 1.000
6123b0bb5c3a409bb38ad2c2abab8dbb 194.905 38.381 -726.416 270.000 337.000 0.000 1.000 1.000 1.000
6123b0bb5c3a409bb38ad2c2abab8dbb 198.859 38.381 -724.905 270.000 341.000 0.000 1.000 1.000 1.000
25f82f8261264d5eb12f99d80bbe2d89 179.762 38.381 -736.131 270.000 60.000 0.000 1.000 1.000 1.000
2e1249333ada4c63aef6fbb6b4835add 188.795 38.381 -730.683 270.000 330.000 0.000 1.000 1.000 1.000
bc4b9a034fe04c669285becc489d01a0 144.382 38.381 -758.325 270.000 246.000 0.000 1.000 1.000 1.000
bc4b9a034fe04c669285becc489d01a0 205.208 38.381 -726.333 270.000 241.000 0.000 1.000 1.000 1.000
bc4b9a034fe04c669285becc489d01a0 253.893 38.381 -695.038 270.000 239.000 0.000 1.000 1.000 1.000
27501590239d4699a8dc001efa4dee37 183.693 38.600 -435.023 270.000 45.000 0.000 1.000 1.000 1.000
b832729132a546a29eaedac06b84a46f 234.605 38.600 -384.112 270.000 225.000 0.000 1.000 1.000 1.000
b832729132a546a29eaedac06b84a46f 217.635 38.600 -401.082 270.000 225.000 0.000 1.000 1.000 1.000
b832729132a546a29eaedac06b84a46f 200.664 38.600 -418.053 270.000 225.000 0.000 1.000 1.000 1.000
fbc6a34ebb67439c967d924bbe0486d1 200.465 38.587 -450.670 270.000 45.000 0.000 1.000 1.000 1.000
c6c4219aca5c47eca96284662a5620bf 219.599 38.637 -431.390 270.000 135.000 0.000 1.000 1.000 1.000
4943fefd0b4d4a5c947265ac783b5475 207.088 38.294 -433.610 270.000 45.000 0.000 1.000 1.000 1.000
b032d4d1a1094da5b2ab6374cd7f06c2 176.539 38.656 -394.237 270.000 315.000 0.000 1.000 1.000 1.000 House_06
cae73faea2804166ab05340cab4a56d0 163.158 38.659 -420.499 270.000 315.000 0.000 1.000 1.000 1.000
120685628efd43c0b05ecec83006a5a7 246.706 38.636 -401.429 270.000 315.000 0.000 1.000 1.000 1.000
120685628efd43c0b05ecec83006a5a7 238.555 38.636 -409.580 270.000 315.000 0.000 1.000 1.000 1.000
205a7602a5104e38a138b93a3f07d9cf 247.160 38.636 -410.051 270.000 315.000 0.000 1.000 1.000 1.000
cadd54d6147e4996a0fbe90b6110a7cd 247.812 38.980 -384.827 270.000 90.000 0.000 1.000 1.000 1.000
99c4048f91634e45986add0a89ffc2df 191.880 38.980 -412.895 270.000 292.000 0.000 1.000 1.000 1.000
99c4048f91634e45986add0a89ffc2df 220.373 39.451 -384.510 -0.000 41.000 270.000 1.000 1.000 1.000
734aa6d8bb7642618c4b3522de821ee4 224.706 38.989 -408.153 270.000 225.000 0.000 1.000 1.000 1.000
734aa6d8bb7642618c4b3522de821ee4 210.564 38.989 -394.011 270.000 225.000 0.000 1.000 1.000 1.000
734aa6d8bb7642618c4b3522de821ee4 193.593 38.989 -410.981 270.000 225.000 0.000 1.000 1.000 1.000
734aa6d8bb7642618c4b3522de821ee4 176.622 38.989 -427.952 270.000 225.000 0.000 1.000 1.000 1.000
40921a1a3cd742f69cc25cc25b856572 203.316 38.381 -392.553 270.000 225.000 0.000 1.000 1.000 1.000
40921a1a3cd742f69cc25cc25b856572 200.375 38.381 -389.613 270.000 225.000 0.000 1.000 1.000 1.000
40921a1a3cd742f69cc25cc25b856572 197.401 38.381 -386.639 270.000 225.000 0.000 1.000 1.000 1.000
40921a1a3cd742f69cc25cc25b856572 170.251 38.381 -413.789 270.000 225.000 0.000 1.000 1.000 1.000
40921a1a3cd742f69cc25cc25b856572 176.166 38.381 -419.703 270.000 225.000 0.000 1.000 1.000 1.000
40921a1a3cd742f69cc25cc25b856572 173.225 38.381 -416.762 270.000 225.000 0.000 1.000 1.000 1.000
40921a1a3cd742f69cc25cc25b856572 164.332 38.381 -407.869 270.000 225.000 0.000 1.000 1.000 1.000
40921a1a3cd742f69cc25cc25b856572 161.369 38.381 -404.906 270.000 225.000 0.000 1.000 1.000 1.000
40921a1a3cd742f69cc25cc25b856572 158.431 38.381 -401.968 270.000 225.000 0.000 1.000 1.000 1.000
40921a1a3cd742f69cc25cc25b856572 167.306 38.381 -410.843 270.000 225.000 0.000 1.000 1.000 1.000
87806c2130bc4bd8b4f3276edf2222a6 162.811 38.659 -420.212 270.000 135.000 0.000 1.000 1.000 1.000
87806c2130bc4bd8b4f3276edf2222a6 164.933 38.659 -422.333 270.000 135.000 0.000 1.000 1.000 1.000
68339521990c4d70903dfd68da2cd886 163.364 38.659 -427.883 270.000 225.000 0.000 1.000 1.000 1.000
90da84de3f214d129de92b6ee8df60af 162.151 38.659 -426.671 270.000 225.000 0.000 1.000 1.000 1.000
90da84de3f214d129de92b6ee8df60af 159.712 38.659 -424.231 270.000 225.000 0.000 1.000 1.000 1.000
68339521990c4d70903dfd68da2cd886 160.925 38.659 -425.444 270.000 225.000 0.000 1.000 1.000 1.000
90da84de3f214d129de92b6ee8df60af 157.255 38.659 -421.774 270.000 225.000 0.000 1.000 1.000 1.000
68339521990c4d70903dfd68da2cd886 158.468 38.659 -422.987 270.000 225.000 0.000 1.000 1.000 1.000
90da84de3f214d129de92b6ee8df60af 170.489 38.659 -420.770 270.000 45.000 0.000 1.000 1.000 1.000
68339521990c4d70903dfd68da2cd886 169.276 38.659 -419.557 270.000 45.000 0.000 1.000 1.000 1.000
90da84de3f214d129de92b6ee8df60af 168.032 38.659 -418.314 270.000 45.000 0.000 1.000 1.000 1.000
68339521990c4d70903dfd68da2cd886 166.820 38.659 -417.101 270.000 45.000 0.000 1.000 1.000 1.000
90da84de3f214d129de92b6ee8df60af 165.593 38.659 -415.874 270.000 45.000 0.000 1.000 1.000 1.000
68339521990c4d70903dfd68da2cd886 164.380 38.659 -414.661 270.000 45.000 0.000 1.000 1.000 1.000
5c5d591a49c948a4a812b662b48e87f3 159.145 38.659 -416.198 270.000 45.000 0.000 1.000 1.000 1.000
c09e13f5e43647e79692469b5a9ed4ed 158.593 38.659 -415.484 270.000 315.000 0.000 1.000 1.000 1.000
84b3a672bc0643d1b12b2b345a88ba46 159.266 39.847 -416.261 270.000 143.000 0.000 1.000 1.000 1.000
65906f4174724825849478b60ecc348a 155.707 38.659 -417.198 270.000 315.000 0.000 1.000 1.000 1.000
65906f4174724825849478b60ecc348a 155.183 38.659 -417.722 270.000 315.000 0.000 1.000 1.000 1.000
e9ce671e95c14e60a12cf755f25dce3f 155.413 38.381 -415.163 270.000 135.000 0.000 1.000 1.000 1.000
e73f9a6daf7f4852a60374999a0723a6 243.283 38.381 -422.434 270.000 45.000 0.000 1.000 1.000 1.000
61e43d05791d4269b626de9bedbf0a03 155.175 38.881 -415.444 270.000 30.000 0.000 1.000 1.000 1.000
e73f9a6daf7f4852a60374999a0723a6 241.162 38.381 -420.313 270.000 45.000 0.000 1.000 1.000 1.000
61e43d05791d4269b626de9bedbf0a03 242.934 38.881 -422.060 270.000 44.000 0.000 1.000 1.000 1.000
a19b3ec55a2046668611c9d2775efd99 241.567 38.881 -420.537 270.000 324.000 0.000 1.000 1.000 1.000
a19b3ec55a2046668611c9d2775efd99 240.821 38.881 -419.894 270.000 309.000 0.000 1.000 1.000 1.000
be02c0e774714f2a963e8d6ee54bbabf 214.610 38.381 -437.789 270.000 45.000 0.000 1.000 1.000 1.000
40921a1a3cd742f69cc25cc25b856572 226.978 38.381 -413.926 270.000 45.000 0.000 1.000 1.000 1.000
40921a1a3cd742f69cc25cc25b856572 229.918 38.381 -416.867 270.000 45.000 0.000 1.000 1.000 1.000
40921a1a3cd742f69cc25cc25b856572 232.892 38.381 -419.841 270.000 45.000 0.000 1.000 1.000 1.000
40921a1a3cd742f69cc25cc25b856572 235.838 38.381 -422.786 270.000 45.000 0.000 1.000 1.000 1.000
40921a1a3cd742f69cc25cc25b856572 238.812 38.381 -425.760 270.000 45.000 0.000 1.000 1.000 1.000
40921a1a3cd742f69cc25cc25b856572 241.775 38.381 -428.723 270.000 45.000 0.000 1.000 1.000 1.000
40921a1a3cd742f69cc25cc25b856572 244.713 38.381 -431.661 270.000 45.000 0.000 1.000 1.000 1.000
d4dea3aa823a4244be941b4b114e157d 251.505 43.386 -410.130 270.000 315.000 0.000 1.000 1.000 1.000
d4dea3aa823a4244be941b4b114e157d 252.919 43.386 -411.544 270.000 315.000 0.000 1.000 1.000 1.000
d4dea3aa823a4244be941b4b114e157d 250.798 43.386 -413.666 270.000 315.000 0.000 1.000 1.000 1.000
d4dea3aa823a4244be941b4b114e157d 249.384 43.386 -412.251 270.000 315.000 0.000 1.000 1.000 1.000
d052b477b5bc4b2e8ec64effa1f8776e 251.030 43.386 -408.222 270.000 135.000 0.000 1.000 1.000 1.000
d4dea3aa823a4244be941b4b114e157d 195.374 43.337 -456.575 270.000 45.000 0.000 1.000 1.000 1.000
d4dea3aa823a4244be941b4b114e157d 200.985 43.337 -450.965 270.000 45.000 0.000 1.000 1.000 1.000
d4dea3aa823a4244be941b4b114e157d 212.136 43.387 -430.797 270.000 315.000 0.000 1.000 1.000 1.000
d4dea3aa823a4244be941b4b114e157d 157.701 43.409 -419.077 270.000 225.000 0.000 1.000 1.000 1.000
cf45d6da9d6a4e129da721948b0b3a8a 209.287 40.625 -442.580 270.000 45.000 0.000 1.000 1.000 1.000
8548fc360c554b399e98cde4d40eca5d 213.019 41.740 -426.932 90.000 315.000 0.000 1.000 1.000 1.000
cf45d6da9d6a4e129da721948b0b3a8a 237.941 41.435 -406.902 90.000 135.000 0.000 1.000 1.000 1.000
cf45d6da9d6a4e129da721948b0b3a8a 184.335 41.461 -397.442 90.000 135.000 0.000 1.000 1.000 1.000
84b3a672bc0643d1b12b2b345a88ba46 247.562 39.917 -410.005 270.000 321.000 0.000 1.000 1.000 1.000
84b3a672bc0643d1b12b2b345a88ba46 244.545 39.917 -412.999 270.000 309.000 0.000 1.000 1.000 1.000
c2ea9b50d4d640438800b9ff553ec627 254.419 38.636 -413.093 270.000 315.000 0.000 1.000 1.000 1.000
6b1dc75a2d88411bbc3af6843e71db02 243.083 41.687 -420.470 270.000 225.000 0.000 1.000 1.000 1.000
02923364713c4385a2bdaa7221d717ae 249.269 38.636 -419.318 270.000 135.000 0.000 1.000 1.000 1.000
02923364713c4385a2bdaa7221d717ae 247.227 38.636 -421.360 270.000 135.000 0.000 1.000 1.000 1.000
02923364713c4385a2bdaa7221d717ae 251.345 38.636 -417.243 270.000 135.000 0.000 1.000 1.000 1.000
e4f33bd5aafb4204904ea375c00de967 248.243 38.636 -420.344 270.000 135.000 0.000 1.000 1.000 1.000
e4f33bd5aafb4204904ea375c00de967 250.319 38.636 -418.269 270.000 135.000 0.000 1.000 1.000 1.000
a305bcc1cdaa486fb91d05201e7d3e6f 247.726 38.636 -415.676 270.000 315.000 0.000 1.000 1.000 1.000
a305bcc1cdaa486fb91d05201e7d3e6f 246.689 38.636 -416.713 270.000 315.000 0.000 1.000 1.000 1.000
a305bcc1cdaa486fb91d05201e7d3e6f 245.649 38.636 -417.753 270.000 315.000 0.000 1.000 1.000 1.000
91dbbf923c8c401bb6b2d56084783f73 252.347 38.636 -416.184 270.000 135.000 0.000 1.000 1.000 1.000
56e56fe3b9f24351aa37af59b4869584 246.160 38.636 -422.385 270.000 135.000 0.000 1.000 1.000 1.000
a94b6d3b1d164f21a173548e3cb8a566 186.211 38.656 -390.558 270.000 45.000 0.000 1.000 1.000 1.000 Bed_1
0e8c0a20e8e947018e8e5859f0a4064f 188.623 38.656 -391.480 270.000 315.000 0.000 1.000 1.000 1.000
0e8c0a20e8e947018e8e5859f0a4064f 185.247 38.656 -388.104 270.000 315.000 0.000 1.000 1.000 1.000
ce6db4c70aee4e59afa82271d2aca431 188.457 39.844 -391.530 270.000 28.000 0.000 1.000 1.000 1.000
87806c2130bc4bd8b4f3276edf2222a6 172.142 38.656 -397.310 270.000 45.000 0.000 1.000 1.000 1.000
9215cb84c2a942d084fa1dffa0031949 173.165 38.656 -396.384 270.000 45.000 0.000 1.000 1.000 1.000
9215cb84c2a942d084fa1dffa0031949 171.303 38.656 -398.246 270.000 233.000 0.000 1.000 1.000 1.000
9215cb84c2a942d084fa1dffa0031949 171.435 38.656 -396.660 270.000 320.000 0.000 1.000 1.000 1.000
050dbe869b1c4fd5b215c552d145effd 167.422 38.656 -393.427 270.000 315.000 0.000 1.000 1.000 1.000
050dbe869b1c4fd5b215c552d145effd 169.511 38.656 -391.338 270.000 315.000 0.000 1.000 1.000 1.000
050dbe869b1c4fd5b215c552d145effd 165.346 38.656 -395.503 270.000 315.000 0.000 1.000 1.000 1.000
050dbe869b1c4fd5b215c552d145effd 166.384 38.656 -394.464 270.000 315.000 0.000 1.000 1.000 1.000
0aeeefaf364f46f9906aff76c40c6d2b 168.460 38.656 -392.388 270.000 315.000 0.000 1.000 1.000 1.000
91dbbf923c8c401bb6b2d56084783f73 164.345 38.656 -396.503 270.000 315.000 0.000 1.000 1.000 1.000
6fb78536e8cb4b01b6050a2efb3d912c 166.432 40.006 -394.552 270.000 315.000 0.000 1.000 1.000 1.000
ae22774b549f44d29926a956ac6c0a4d 173.611 38.570 -387.595 270.000 315.000 0.000 1.000 1.000 1.000
584641f35e8540ec85ed88f3aca40622 175.054 38.656 -386.082 270.000 315.000 0.000 1.000 1.000 1.000
584641f35e8540ec85ed88f3aca40622 172.161 38.656 -389.060 270.000 315.000 0.000 1.000 1.000 1.000
b489a8a63fca4d179fd315cbae8b6ed7 178.340 40.833 -392.324 270.000 135.000 0.000 1.000 1.000 1.000
f463c0c6285544ac86845d98a07d73a9 179.871 38.656 -392.140 270.000 315.000 0.000 1.000 1.000 1.000
68339521990c4d70903dfd68da2cd886 173.138 38.656 -399.224 270.000 315.000 0.000 1.000 1.000 1.000
90da84de3f214d129de92b6ee8df60af 174.552 38.656 -397.810 270.000 315.000 0.000 1.000 1.000 1.000
2e060a3768094817887d5f2c8d884d61 173.785 38.656 -405.403 270.000 15.000 0.000 1.000 1.000 1.000
9215cb84c2a942d084fa1dffa0031949 172.777 38.656 -404.448 270.000 309.000 0.000 1.000 1.000 1.000
9215cb84c2a942d084fa1dffa0031949 174.949 38.656 -404.540 270.000 56.000 0.000 1.000 1.000 1.000
52d575ae564f46649523c98875130784 173.593 39.844 -405.144 270.000 165.000 0.000 1.000 1.000 1.000
0d59f6daef124334b9a96301a4ec459a 221.049 38.637 -439.242 270.000 225.000 0.000 1.000 1.000 1.000
0d59f6daef124334b9a96301a4ec459a 223.878 38.637 -436.414 270.000 225.000 0.000 1.000 1.000 1.000
a9ff5bb270694bf5920c316d1deff0fe 228.365 38.637 -431.311 285.000 90.000 0.000 1.000 1.000 1.000
8242af6ef10e42ce9a2a31df1e0c2767 221.597 38.637 -432.414 270.000 135.000 0.000 1.000 1.000 1.000 Wardrobe_0
050dbe869b1c4fd5b215c552d145effd 219.615 38.637 -434.187 270.000 135.000 0.000 1.000 1.000 1.000
050dbe869b1c4fd5b215c552d145effd 218.575 38.637 -435.227 270.000 135.000 0.000 1.000 1.000 1.000
050dbe869b1c4fd5b215c552d145effd 216.476 38.637 -437.326 270.000 135.000 0.000 1.000 1.000 1.000
050dbe869b1c4fd5b215c552d145effd 217.515 38.637 -436.286 270.000 135.000 0.000 1.000 1.000 1.000
156a673581474f6aa368ff6e08b8f25a 218.130 39.987 -435.787 270.000 135.000 0.000 1.000 1.000 1.000
87806c2130bc4bd8b4f3276edf2222a6 216.874 38.637 -429.049 270.000 45.000 0.000 1.000 1.000 1.000
87806c2130bc4bd8b4f3276edf2222a6 213.686 38.637 -432.237 270.000 45.000 0.000 1.000 1.000 1.000
9215cb84c2a942d084fa1dffa0031949 216.206 38.637 -428.372 270.000 326.000 0.000 1.000 1.000 1.000
9215cb84c2a942d084fa1dffa0031949 217.705 38.637 -430.110 270.000 126.000 0.000 1.000 1.000 1.000
9215cb84c2a942d084fa1dffa0031949 212.968 38.637 -431.419 270.000 315.000 0.000 1.000 1.000 1.000
6ce99109b6e94ddeb5ef925a2de6730a 213.608 39.824 -432.153 270.000 133.000 0.000 1.000 1.000 1.000
c2ea9b50d4d640438800b9ff553ec627 198.003 38.587 -453.316 270.000 315.000 0.000 1.000 1.000 1.000
c2ea9b50d4d640438800b9ff553ec627 200.831 38.587 -456.145 270.000 315.000 0.000 1.000 1.000 1.000
8c05d039f62a4e40a3e448fcaeb31efd 194.199 38.587 -460.303 270.000 225.000 0.000 1.000 1.000 1.000
8c05d039f62a4e40a3e448fcaeb31efd 193.653 38.587 -459.757 270.000 225.000 0.000 1.000 1.000 1.000
8c05d039f62a4e40a3e448fcaeb31efd 192.578 38.587 -458.681 270.000 225.000 0.000 1.000 1.000 1.000
8c05d039f62a4e40a3e448fcaeb31efd 193.124 38.587 -459.228 270.000 225.000 0.000 1.000 1.000 1.000
8c05d039f62a4e40a3e448fcaeb31efd 194.748 38.587 -460.852 270.000 225.000 0.000 1.000 1.000 1.000
8c05d039f62a4e40a3e448fcaeb31efd 195.295 38.587 -461.399 270.000 225.000 0.000 1.000 1.000 1.000
87806c2130bc4bd8b4f3276edf2222a6 211.251 38.587 -446.336 270.000 315.000 0.000 1.000 1.000 1.000
8712392ad0304c38b90061d908cbb293 211.237 39.774 -446.490 270.000 45.000 0.000 1.000 1.000 1.000
f821ad54240043be8a6b3280a142bee4 212.052 38.587 -447.155 270.000 45.000 0.000 1.000 1.000 1.000
9215cb84c2a942d084fa1dffa0031949 210.495 38.587 -447.103 270.000 228.000 0.000 1.000 1.000 1.000
d412f1a6b4c9404a88de772651615e4b 201.297 38.587 -443.142 270.000 300.000 0.000 1.000 1.000 1.000
d412f1a6b4c9404a88de772651615e4b 205.177 38.587 -446.843 270.000 150.000 0.000 1.000 1.000 1.000
2e060a3768094817887d5f2c8d884d61 203.424 38.587 -444.767 270.000 -0.000 0.000 1.000 1.000 1.000
98e78ae063ac4fb3bc382a03e437260d 202.925 39.774 -445.437 270.000 225.000 0.000 1.000 1.000 1.000
8388edfa33b84f78ad7f5d277412433b 204.976 38.587 -439.112 270.000 45.000 0.000 1.000 1.000 1.000 Wardrobe_0
bc4b9a034fe04c669285becc489d01a0 159.291 38.381 -438.060 270.000 54.000 0.000 1.000 1.000 1.000
862a4ad08b0b4899b35ef82309e47919 250.886 49.905 -492.544 322.007 344.703 9.557 1.000 1.000 1.000
862a4ad08b0b4899b35ef82309e47919 223.108 45.413 -492.942 323.000 5.000 270.000 1.000 1.000 1.000
a31640c238084120a4cc7dce956cb7eb 232.917 38.580 -399.394 270.000 135.000 0.000 1.000 1.000 1.000
a31640c238084120a4cc7dce956cb7eb 219.322 38.580 -385.799 270.000 315.000 0.000 1.000 1.000 1.000
a31640c238084120a4cc7dce956cb7eb 215.947 38.580 -416.365 270.000 135.000 0.000 1.000 1.000 1.000
a31640c238084120a4cc7dce956cb7eb 202.352 38.580 -402.770 270.000 315.000 0.000 1.000 1.000 1.000
a31640c238084120a4cc7dce956cb7eb 198.976 38.580 -433.335 270.000 135.000 0.000 1.000 1.000 1.000
a31640c238084120a4cc7dce956cb7eb 185.381 38.580 -419.740 270.000 315.000 0.000 1.000 1.000 1.000
8fcf88ad84054270aa190663b3f9550b 246.791 39.823 -401.527 270.000 314.000 0.000 1.000 1.000 1.000
1938738b6f8d44bab2c6af105451d26c 238.557 39.823 -409.686 270.000 -0.000 0.000 1.000 1.000 1.000
ef0f7002a7624ffcbca5cea957da6605 204.704 38.357 -385.593 270.000 256.000 0.000 1.000 1.000 1.000
ef0f7002a7624ffcbca5cea957da6605 183.829 38.357 -398.864 270.000 115.000 0.000 1.000 1.000 1.000
38a6b83fc88542f0bdef58d75bb674b3 200.025 38.093 -397.322 279.842 20.915 293.770 1.000 1.000 1.000
38a6b83fc88542f0bdef58d75bb674b3 181.020 37.964 -416.207 273.000 215.000 90.000 1.000 1.000 1.000
cb6965c6613f4d42a5dc6dcf2ef17e2d 217.922 42.334 -438.807 303.000 270.000 73.000 1.000 1.000 1.000
cb6965c6613f4d42a5dc6dcf2ef17e2d 217.583 39.778 -438.773 346.000 90.000 276.000 1.000 1.000 1.000
cb6965c6613f4d42a5dc6dcf2ef17e2d 205.857 40.959 -449.744 -0.000 225.000 90.000 1.000 1.000 1.000
cb6965c6613f4d42a5dc6dcf2ef17e2d 160.495 41.139 -411.531 0.000 135.000 299.000 1.000 1.000 1.000
cb6965c6613f4d42a5dc6dcf2ef17e2d 158.866 39.119 -413.159 0.000 135.000 168.000 1.000 1.000 1.000
7a7212d2746742fa8141682e965f84cc 171.096 42.068 -405.435 -0.000 225.000 270.000 1.000 1.000 1.000
7a7212d2746742fa8141682e965f84cc 165.465 42.068 -399.805 -0.000 225.000 270.000 1.000 1.000 1.000
7a7212d2746742fa8141682e965f84cc 187.734 42.068 -388.798 -0.000 225.000 270.000 1.000 1.000 1.000
aa5713bdfae44bacbc36979248e25128 176.798 41.989 -405.009 270.000 315.000 0.000 1.000 1.000 1.000
91c7b343d13446faba663d2f63e03276 200.367 40.963 -439.822 270.000 315.000 0.000 1.000 1.000 1.000
aa5713bdfae44bacbc36979248e25128 243.043 41.869 -401.905 270.000 315.000 0.000 1.000 1.000 1.000
91c7b343d13446faba663d2f63e03276 211.606 41.940 -428.482 270.000 315.000 0.000 1.000 1.000 1.000
21557bbadf9e49aca5600bedeb42528f 225.299 38.630 -350.749 270.000 225.000 0.000 1.000 1.000 1.000 House_09
298f2f8d9b714d7597e064726dfee416 255.960 38.682 -326.198 270.000 315.000 0.000 1.000 1.000 1.000 House_03
ab34e1ff0bf440a08eb459f43aac73bf 202.447 38.628 -373.046 270.000 225.000 0.000 1.000 1.000 1.000 House_04
019caf7c72a5446eb3dd666e759c1f91 251.576 38.600 -367.141 270.000 315.000 0.000 1.000 1.000 1.000
6366cc74eea847029ad77697f447fcc0 251.576 38.600 -367.141 270.000 315.000 0.000 1.000 1.000 1.000
99c4048f91634e45986add0a89ffc2df 240.490 38.980 -365.002 270.000 320.000 0.000 1.000 1.000 1.000
734aa6d8bb7642618c4b3522de821ee4 244.505 38.989 -360.070 270.000 225.000 0.000 1.000 1.000 1.000
40921a1a3cd742f69cc25cc25b856572 247.203 38.381 -342.785 270.000 225.000 0.000 1.000 1.000 1.000
40921a1a3cd742f69cc25cc25b856572 250.144 38.381 -345.726 270.000 225.000 0.000 1.000 1.000 1.000
40921a1a3cd742f69cc25cc25b856572 244.229 38.381 -339.811 270.000 225.000 0.000 1.000 1.000 1.000
40921a1a3cd742f69cc25cc25b856572 241.284 38.381 -336.865 270.000 225.000 0.000 1.000 1.000 1.000
40921a1a3cd742f69cc25cc25b856572 238.310 38.381 -333.891 270.000 225.000 0.000 1.000 1.000 1.000
40921a1a3cd742f69cc25cc25b856572 235.342 38.307 -330.924 271.000 315.000 270.000 1.000 1.000 1.000
40921a1a3cd742f69cc25cc25b856572 232.369 38.172 -327.950 271.000 315.000 270.000 1.000 1.000 1.000
40921a1a3cd742f69cc25cc25b856572 222.156 38.381 -367.832 270.000 225.000 0.000 1.000 1.000 1.000
40921a1a3cd742f69cc25cc25b856572 225.097 38.381 -370.773 270.000 225.000 0.000 1.000 1.000 1.000
40921a1a3cd742f69cc25cc25b856572 219.182 38.381 -364.858 270.000 225.000 0.000 1.000 1.000 1.000
40921a1a3cd742f69cc25cc25b856572 216.237 38.381 -361.912 270.000 225.000 0.000 1.000 1.000 1.000
40921a1a3cd742f69cc25cc25b856572 213.263 38.381 -358.938 270.000 225.000 0.000 1.000 1.000 1.000
40921a1a3cd742f69cc25cc25b856572 210.299 38.381 -355.975 270.000 225.000 0.000 1.000 1.000 1.000
40921a1a3cd742f69cc25cc25b856572 207.362 38.381 -353.038 270.000 225.000 0.000 1.000 1.000 1.000
40921a1a3cd742f69cc25cc25b856572 194.456 38.381 -383.693 270.000 225.000 0.000 1.000 1.000 1.000
40921a1a3cd742f69cc25cc25b856572 191.482 38.381 -380.719 270.000 225.000 0.000 1.000 1.000 1.000
40921a1a3cd742f69cc25cc25b856572 188.519 38.381 -377.756 270.000 225.000 0.000 1.000 1.000 1.000
40921a1a3cd742f69cc25cc25b856572 185.581 38.381 -374.818 270.000 225.000 0.000 1.000 1.000 1.000
cf45d6da9d6a4e129da721948b0b3a8a 213.293 40.513 -372.944 270.000 45.000 0.000 1.000 1.000 1.000
8548fc360c554b399e98cde4d40eca5d 235.098 41.662 -343.822 90.000 135.000 0.000 1.000 1.000 1.000
8388edfa33b84f78ad7f5d277412433b 178.044 38.656 -382.642 270.000 315.000 0.000 1.000 1.000 1.000 Wardrobe_0
a94b6d3b1d164f21a173548e3cb8a566 247.312 38.682 -324.118 270.000 315.000 0.000 1.000 1.000 1.000 Bed_1
0e8c0a20e8e947018e8e5859f0a4064f 248.245 38.682 -321.662 270.000 315.000 0.000 1.000 1.000 1.000
0e8c0a20e8e947018e8e5859f0a4064f 244.848 38.682 -325.060 270.000 315.000 0.000 1.000 1.000 1.000
8242af6ef10e42ce9a2a31df1e0c2767 252.183 38.682 -321.564 270.000 225.000 0.000 1.000 1.000 1.000 Wardrobe_1
2e060a3768094817887d5f2c8d884d61 252.687 38.682 -333.711 270.000 15.000 0.000 1.000 1.000 1.000
9215cb84c2a942d084fa1dffa0031949 251.278 38.682 -332.593 270.000 299.000 0.000 1.000 1.000 1.000
9215cb84c2a942d084fa1dffa0031949 253.916 38.682 -332.818 270.000 56.000 0.000 1.000 1.000 1.000
b489a8a63fca4d179fd315cbae8b6ed7 254.741 40.748 -324.871 270.000 315.000 0.000 1.000 1.000 1.000
87806c2130bc4bd8b4f3276edf2222a6 233.626 38.630 -341.368 270.000 315.000 0.000 1.000 1.000 1.000
9215cb84c2a942d084fa1dffa0031949 232.972 38.630 -341.999 270.000 233.000 0.000 1.000 1.000 1.000
8712392ad0304c38b90061d908cbb293 233.700 39.818 -341.401 270.000 45.000 0.000 1.000 1.000 1.000
f821ad54240043be8a6b3280a142bee4 234.446 38.630 -342.260 270.000 49.000 0.000 1.000 1.000 1.000
f463c0c6285544ac86845d98a07d73a9 227.239 38.630 -352.494 270.000 315.000 0.000 1.000 1.000 1.000
050dbe869b1c4fd5b215c552d145effd 219.428 38.630 -346.680 270.000 315.000 0.000 1.000 1.000 1.000
050dbe869b1c4fd5b215c552d145effd 218.379 38.630 -347.729 270.000 315.000 0.000 1.000 1.000 1.000
050dbe869b1c4fd5b215c552d145effd 217.332 38.630 -348.776 270.000 315.000 0.000 1.000 1.000 1.000
050dbe869b1c4fd5b215c552d145effd 221.516 38.630 -344.592 270.000 315.000 0.000 1.000 1.000 1.000
0aeeefaf364f46f9906aff76c40c6d2b 220.475 38.630 -345.633 270.000 315.000 0.000 1.000 1.000 1.000
56e56fe3b9f24351aa37af59b4869584 222.647 38.630 -343.512 270.000 315.000 0.000 1.000 1.000 1.000
6fb78536e8cb4b01b6050a2efb3d912c 217.550 39.980 -348.598 270.000 307.000 0.000 1.000 1.000 1.000
2d1daa0412b94503aa57a5b422187d48 218.792 39.980 -347.525 270.000 315.000 0.000 1.000 1.000 1.000
e7572f0283b8411fbbc55ee6cae3bb97 220.627 38.630 -355.077 270.000 135.000 0.000 1.000 1.000 1.000 Bed_0
0e8c0a20e8e947018e8e5859f0a4064f 222.772 38.630 -354.514 270.000 315.000 0.000 1.000 1.000 1.000
29ea162548484889be12ecd51bf6294c 222.998 39.818 -354.774 270.000 18.000 0.000 1.000 1.000 1.000
2e060a3768094817887d5f2c8d884d61 223.415 38.630 -348.989 270.000 -0.000 0.000 1.000 1.000 1.000
9215cb84c2a942d084fa1dffa0031949 224.209 38.630 -347.727 270.000 36.000 0.000 1.000 1.000 1.000
9215cb84c2a942d084fa1dffa0031949 222.700 38.630 -350.284 270.000 204.001 0.000 1.000 1.000 1.000
ce6db4c70aee4e59afa82271d2aca431 224.090 39.818 -349.383 270.000 27.000 0.000 1.000 1.000 1.000
8388edfa33b84f78ad7f5d277412433b 226.382 38.630 -351.618 270.000 135.000 0.000 1.000 1.000 1.000 Wardrobe_1
b06ca473809a47a1bb47e72bedd0e421 227.965 38.630 -357.797 270.000 -0.000 0.000 1.000 1.000 1.000
ae22774b549f44d29926a956ac6c0a4d 202.183 38.628 -363.108 270.000 45.000 0.000 1.000 1.000 1.000
b489a8a63fca4d179fd315cbae8b6ed7 197.544 40.992 -367.790 270.000 225.000 0.000 1.000 1.000 1.000
87806c2130bc4bd8b4f3276edf2222a6 198.844 38.628 -366.599 270.000 315.000 0.000 1.000 1.000 1.000
a94b6d3b1d164f21a173548e3cb8a566 194.270 38.629 -372.717 270.000 225.000 0.000 1.000 1.000 1.000 Bed_0
0e8c0a20e8e947018e8e5859f0a4064f 191.796 38.628 -371.629 270.000 45.000 0.000 1.000 1.000 1.000
0e8c0a20e8e947018e8e5859f0a4064f 195.292 38.628 -375.125 270.000 45.000 0.000 1.000 1.000 1.000
8388edfa33b84f78ad7f5d277412433b 203.110 38.628 -374.583 270.000 45.000 0.000 1.000 1.000 1.000 Wardrobe_0
8cffc239fd2d4a8383b0cc60399a5b35 198.783 38.628 -378.786 270.000 135.000 0.000 1.000 1.000 1.000
050dbe869b1c4fd5b215c552d145effd 212.005 38.629 -376.136 270.000 135.000 0.000 1.000 1.000 1.000
050dbe869b1c4fd5b215c552d145effd 210.961 38.629 -377.180 270.000 135.000 0.000 1.000 1.000 1.000
050dbe869b1c4fd5b215c552d145effd 208.879 38.629 -379.262 270.000 135.000 0.000 1.000 1.000 1.000
050dbe869b1c4fd5b215c552d145effd 207.844 38.629 -380.297 270.000 135.000 0.000 1.000 1.000 1.000
0aeeefaf364f46f9906aff76c40c6d2b 209.923 38.629 -378.218 270.000 135.000 0.000 1.000 1.000 1.000
56e56fe3b9f24351aa37af59b4869584 206.809 38.629 -381.362 270.000 135.000 0.000 1.000 1.000 1.000
a305bcc1cdaa486fb91d05201e7d3e6f 212.959 38.628 -374.851 270.000 135.000 0.000 1.000 1.000 1.000
2d1daa0412b94503aa57a5b422187d48 208.397 39.979 -379.467 270.000 140.000 0.000 1.000 1.000 1.000
2e060a3768094817887d5f2c8d884d61 207.757 38.629 -369.966 270.000 15.000 0.000 1.000 1.000 1.000
d412f1a6b4c9404a88de772651615e4b 209.582 38.629 -371.599 270.000 120.000 0.000 1.000 1.000 1.000
d412f1a6b4c9404a88de772651615e4b 206.288 38.629 -368.226 270.000 323.000 0.000 1.000 1.000 1.000
52d575ae564f46649523c98875130784 207.939 39.816 -370.421 270.000 228.000 0.000 1.000 1.000 1.000
4f2244b2de3c4af1bf8ca336b92172c6 195.087 39.816 -375.122 -0.000 209.003 0.000 1.000 1.000 1.000
32d869a19d90495790277a94502c5aba 191.860 39.816 -371.679 -0.000 250.000 0.000 1.000 1.000 1.000
049a125ccb8f47d9b385d5b7e30fcc86 234.595 38.381 -353.594 303.000 135.000 270.000 1.000 1.000 1.000
a31640c238084120a4cc7dce956cb7eb 253.264 38.580 -351.858 270.000 315.000 0.000 1.000 1.000 1.000
a31640c238084120a4cc7dce956cb7eb 236.293 38.580 -368.829 270.000 315.000 0.000 1.000 1.000 1.000
ef0f7002a7624ffcbca5cea957da6605 255.235 38.357 -334.520 270.000 -0.000 0.000 1.000 1.000 1.000
ef0f7002a7624ffcbca5cea957da6605 226.389 38.357 -361.479 270.000 -0.000 0.000 1.000 1.000 1.000
ef0f7002a7624ffcbca5cea957da6605 229.174 38.357 -358.926 270.000 82.000 0.000 1.000 1.000 1.000
7ce113ae9f3345c5b30be33a602d4980 253.387 39.780 -335.753 -0.000 135.000 180.000 1.000 1.000 1.000
38a6b83fc88542f0bdef58d75bb674b3 234.881 38.192 -353.776 275.652 271.930 44.930 1.000 1.000 1.000
5c95206b5e1b43658ab29d4488704609 211.128 38.357 -379.513 270.000 44.000 0.000 1.000 1.000 1.000
7a7212d2746742fa8141682e965f84cc 182.103 42.068 -383.167 -0.000 225.000 270.000 1.000 1.000 1.000
7a7212d2746742fa8141682e965f84cc 212.434 42.068 -376.966 -0.000 135.000 270.000 1.000 1.000 1.000
7a7212d2746742fa8141682e965f84cc 208.727 42.068 -380.674 -0.000 135.000 270.000 1.000 1.000 1.000
7a7212d2746742fa8141682e965f84cc 230.693 42.068 -356.257 -0.000 135.000 270.000 1.000 1.000 1.000
419ab455e8b04104a81a3343fa69adb2 143.012 38.625 191.303 345.000 270.000 90.000 1.000 1.000 1.000
8b7a12b81903447f8a8c663ed478087d 148.231 39.513 199.047 18.866 234.261 89.336 1.000 1.000 1.000
1259f929cad44eefba709e01123d40ac 151.732 38.591 205.983 283.423 228.421 163.368 1.000 1.000 1.000
7dbd37f093314f4d99c3d33a0cc89931 136.049 38.297 179.663 279.988 307.060 93.360 1.000 1.000 1.000
1844f8668ac841cb8028e65af96f23e3 134.984 38.243 178.317 270.000 -0.000 0.000 1.000 1.000 1.000
1844f8668ac841cb8028e65af96f23e3 137.188 38.190 180.899 270.000 88.000 0.000 1.000 1.000 1.000
bca7ab61ae6046aeb5bcc4832202a29a 135.804 38.640 177.299 300.000 323.000 270.000 1.000 1.000 1.000
bca7ab61ae6046aeb5bcc4832202a29a 138.266 38.682 180.452 283.000 298.000 270.000 1.000 1.000 1.000
bca7ab61ae6046aeb5bcc4832202a29a 137.431 38.567 179.450 286.000 317.000 270.000 1.000 1.000 1.000
bca7ab61ae6046aeb5bcc4832202a29a 133.469 38.542 179.286 333.000 90.000 270.000 1.000 1.000 1.000
bca7ab61ae6046aeb5bcc4832202a29a 143.186 39.856 192.391 18.000 90.000 270.000 1.000 1.000 1.000
bca7ab61ae6046aeb5bcc4832202a29a 143.196 39.846 189.797 33.000 90.000 270.000 1.000 1.000 1.000
bca7ab61ae6046aeb5bcc4832202a29a 149.018 40.732 197.070 5.000 90.000 270.000 1.000 1.000 1.000
bca7ab61ae6046aeb5bcc4832202a29a 147.888 40.669 198.676 358.000 90.000 270.000 1.000 1.000 1.000
bca7ab61ae6046aeb5bcc4832202a29a 146.812 40.742 200.072 0.000 90.000 273.000 1.000 1.000 1.000
bca7ab61ae6046aeb5bcc4832202a29a 153.633 39.071 206.674 87.003 269.998 56.003 1.000 1.000 1.000
bca7ab61ae6046aeb5bcc4832202a29a 151.277 38.819 207.955 294.000 122.000 270.000 1.000 1.000 1.000
1844f8668ac841cb8028e65af96f23e3 151.055 38.221 204.828 270.000 -0.000 0.000 1.000 1.000 1.000
1844f8668ac841cb8028e65af96f23e3 148.650 38.338 196.720 270.000 -0.000 0.000 1.000 1.000 1.000
1844f8668ac841cb8028e65af96f23e3 147.068 38.302 199.391 270.000 -0.000 0.000 1.000 1.000 1.000
1844f8668ac841cb8028e65af96f23e3 142.766 38.132 192.053 270.000 -0.000 0.000 1.000 1.000 1.000
1844f8668ac841cb8028e65af96f23e3 142.281 38.253 188.662 270.000 239.000 0.000 1.000 1.000 1.000
bc4b9a034fe04c669285becc489d01a0 151.624 38.365 169.447 270.000 207.000 0.000 1.000 1.000 1.000
bc4b9a034fe04c669285becc489d01a0 184.850 38.503 223.080 270.000 200.000 0.000 1.000 1.000 1.000
5901859ec7834d2198dcfd38ec267d24 147.684 38.813 199.146 285.208 113.483 247.255 1.000 1.000 1.000
bc4b9a034fe04c669285becc489d01a0 212.004 38.472 271.612 270.000 222.000 0.000 1.000 1.000 1.000
eba9c90a66b54c2d89b7fc4f95698310 170.680 26.117 488.178 270.000 143.000 0.000 1.000 1.000 1.000
eba9c90a66b54c2d89b7fc4f95698310 167.069 26.117 492.970 270.000 143.000 0.000 1.000 1.000 1.000
eba9c90a66b54c2d89b7fc4f95698310 174.290 26.117 483.386 270.000 143.000 0.000 1.000 1.000 1.000
409d6c60f1334fe7886b20c6f280fb7f 166.572 22.215 486.601 309.499 18.541 321.821 1.000 1.000 1.000
2db512fea15a4434bafe0c45a0dd2016 195.544 37.797 451.364 270.000 96.000 0.000 1.000 1.000 1.000
fdfdd8af09954fc4b48471b70822ff96 182.012 37.167 449.022 277.000 319.000 -0.000 1.000 1.000 1.000
52d575ae564f46649523c98875130784 181.596 38.280 449.876 277.000 319.000 265.000 1.000 1.000 1.000
a94b6d3b1d164f21a173548e3cb8a566 193.633 38.314 430.359 270.000 165.000 0.000 1.000 1.000 1.000 Bed_1
cd6541fe90244c79bc2046ebf00c036e 192.728 38.314 433.735 270.000 75.000 0.000 1.000 1.000 1.000
2e060a3768094817887d5f2c8d884d61 188.196 38.314 436.317 270.000 315.000 0.000 1.000 1.000 1.000
9215cb84c2a942d084fa1dffa0031949 189.591 38.314 436.561 270.000 75.000 0.000 1.000 1.000 1.000
9215cb84c2a942d084fa1dffa0031949 188.199 38.314 434.907 270.000 197.001 0.000 1.000 1.000 1.000
9215cb84c2a942d084fa1dffa0031949 186.570 38.332 439.112 281.000 165.000 -0.000 1.000 1.000 1.000
0e8c0a20e8e947018e8e5859f0a4064f 191.549 38.314 428.660 270.000 345.000 0.000 1.000 1.000 1.000
0e8c0a20e8e947018e8e5859f0a4064f 196.261 38.314 429.922 270.000 345.000 0.000 1.000 1.000 1.000
8242af6ef10e42ce9a2a31df1e0c2767 195.038 38.314 439.640 270.000 345.000 0.000 1.000 1.000 1.000 Wardrobe_0
b06ca473809a47a1bb47e72bedd0e421 193.353 38.314 439.240 270.000 -0.000 0.000 1.000 1.000 1.000
aa5713bdfae44bacbc36979248e25128 186.194 41.583 435.978 270.000 75.000 0.000 1.000 1.000 1.000
91c7b343d13446faba663d2f63e03276 191.944 40.522 439.499 270.000 345.000 0.000 1.000 1.000 1.000
191e013d4c264ca9958e06aadcc4c3d6 234.485 33.737 616.359 270.000 105.000 0.000 1.000 1.000 1.000
eba9c90a66b54c2d89b7fc4f95698310 148.299 26.117 713.134 270.000 6.000 0.000 1.000 1.000 1.000
eba9c90a66b54c2d89b7fc4f95698310 147.672 26.117 707.167 270.000 6.000 0.000 1.000 1.000 1.000
eba9c90a66b54c2d89b7fc4f95698310 147.045 26.117 701.200 270.000 6.000 0.000 1.000 1.000 1.000
eba9c90a66b54c2d89b7fc4f95698310 146.418 26.117 695.232 270.000 6.000 0.000 1.000 1.000 1.000
eba9c90a66b54c2d89b7fc4f95698310 142.906 26.117 700.090 270.000 96.000 0.000 1.000 1.000 1.000
fdfdd8af09954fc4b48471b70822ff96 138.406 35.277 753.419 280.000 180.001 180.001 1.000 1.000 1.000
456dadaeae094821a2d446aa4f77cb9e 139.913 21.486 693.666 323.601 220.116 293.896 1.000 1.000 1.000
323f1c73b0f14d609e0bc0628d05bf23 139.537 38.511 777.171 270.000 114.000 0.000 1.000 1.000 1.000
901306dba3f345c8a8f789d9000e69f5 135.362 38.560 793.619 270.000 47.000 0.000 1.000 1.000 1.000
6125b4de591b44359237f6d7191dd919 149.236 45.654 971.318 270.000 -0.000 0.000 1.000 1.000 1.000
862a4ad08b0b4899b35ef82309e47919 148.797 45.178 958.255 321.341 117.318 252.116 1.000 1.000 1.000
ee33081cead64df0b4bca9a8a1009686 272.044 38.692 -834.382 270.000 270.000 0.000 1.000 1.000 1.000
887f4fef352d4792bf5364d61da68ec1 273.014 38.381 -803.203 270.000 -0.000 0.000 1.000 1.000 1.000
0782b08fa3ac4482981aa970e9d27121 267.698 38.381 -877.943 270.000 -0.000 0.000 1.000 1.000 1.000
0782b08fa3ac4482981aa970e9d27121 262.341 38.381 -882.128 270.000 -0.000 0.000 1.000 1.000 1.000
e0cb5fc3d4ef44e6a01fec03dcdf45da 264.859 38.381 -847.102 270.000 270.000 0.000 1.000 1.000 1.000
ff5cbfca73df49928a5a87d18b943ba7 272.726 38.381 -860.492 270.000 270.000 0.000 1.000 1.000 1.000
68155e3ccabf49369cf5b9622f6a7185 272.726 38.987 -860.492 270.000 270.000 0.000 1.000 1.000 1.000
f040bebd4d524dd0823ff939d1041d80 272.044 38.692 -833.638 270.000 270.000 0.000 1.000 1.000 1.000
8a75fef7daab4e4d9067a2e2c6a1c748 272.044 39.782 -833.638 -0.000 180.000 90.000 1.000 1.000 1.000
8a75fef7daab4e4d9067a2e2c6a1c748 263.100 40.327 -829.576 345.000 90.000 270.000 1.000 1.000 1.000
717ae274519f4f4fa760e6fbf4a3614b 279.436 38.692 -839.248 270.000 342.000 0.000 1.000 1.000 1.000
717ae274519f4f4fa760e6fbf4a3614b 279.436 38.986 -839.248 270.000 14.000 0.000 1.000 1.000 1.000
cb0d8bf87fca47e3b73f634959a9f523 270.677 43.442 -828.252 270.000 -0.000 0.000 1.000 1.000 1.000
054a9392fed9484e950ff92d13631f06 263.574 38.692 -840.289 270.000 -0.000 0.000 1.000 1.000 1.000
cb0d8bf87fca47e3b73f634959a9f523 263.341 38.692 -838.559 270.000 14.000 0.000 1.000 1.000 1.000
cb0d8bf87fca47e3b73f634959a9f523 268.626 38.692 -840.441 270.000 342.000 0.000 1.000 1.000 1.000
4ca1de6fdcc84b6bbc4a76c3ad394739 280.966 38.732 -828.379 270.000 -0.000 0.000 1.000 1.000 1.000
756faa5eea0b4df7b2602e1d77932057 279.801 38.732 -828.035 270.000 -0.000 0.000 1.000 1.000 1.000
cf45d6da9d6a4e129da721948b0b3a8a 262.368 44.985 -833.260 270.000 270.000 0.000 1.000 1.000 1.000
b6a6be4c75b544b382b9a4f8c71f216e 284.907 38.823 -818.919 276.000 240.000 180.000 1.000 1.000 1.000
1717ae4805914278bd32427585166c7d 317.576 38.381 -885.151 270.000 -0.000 0.000 1.000 1.000 1.000
1717ae4805914278bd32427585166c7d 314.100 38.381 -871.148 270.000 180.000 0.000 1.000 1.000 1.000
1717ae4805914278bd32427585166c7d 314.100 38.381 -857.289 270.000 180.000 0.000 1.000 1.000 1.000
1717ae4805914278bd32427585166c7d 314.100 38.381 -843.268 270.000 -0.000 0.000 1.000 1.000 1.000
1717ae4805914278bd32427585166c7d 313.905 38.381 -829.318 270.000 -0.000 0.000 1.000 1.000 1.000
1717ae4805914278bd32427585166c7d 313.629 38.381 -815.102 270.000 -0.000 0.000 1.000 1.000 1.000
1717ae4805914278bd32427585166c7d 313.629 38.381 -801.189 270.000 -0.000 0.000 1.000 1.000 1.000
1717ae4805914278bd32427585166c7d 315.541 38.381 -787.082 270.000 -0.000 0.000 1.000 1.000 1.000
1717ae4805914278bd32427585166c7d 335.541 38.381 -787.082 270.000 -0.000 0.000 1.000 1.000 1.000
1717ae4805914278bd32427585166c7d 333.629 38.381 -801.189 270.000 -0.000 0.000 1.000 1.000 1.000
1717ae4805914278bd32427585166c7d 333.629 38.381 -815.102 270.000 -0.000 0.000 1.000 1.000 1.000
1717ae4805914278bd32427585166c7d 333.905 38.381 -829.318 270.000 -0.000 0.000 1.000 1.000 1.000
1717ae4805914278bd32427585166c7d 334.100 38.381 -857.289 270.000 180.000 0.000 1.000 1.000 1.000
1717ae4805914278bd32427585166c7d 334.100 38.381 -843.268 270.000 -0.000 0.000 1.000 1.000 1.000
1717ae4805914278bd32427585166c7d 334.100 38.381 -871.148 270.000 180.000 0.000 1.000 1.000 1.000
1717ae4805914278bd32427585166c7d 337.576 38.381 -885.151 270.000 -0.000 0.000 1.000 1.000 1.000
1717ae4805914278bd32427585166c7d 355.541 38.381 -787.082 270.000 -0.000 0.000 1.000 1.000 1.000
1717ae4805914278bd32427585166c7d 353.629 38.381 -801.189 270.000 -0.000 0.000 1.000 1.000 1.000
1717ae4805914278bd32427585166c7d 353.629 38.381 -815.102 270.000 -0.000 0.000 1.000 1.000 1.000
1717ae4805914278bd32427585166c7d 353.905 38.381 -829.318 270.000 -0.000 0.000 1.000 1.000 1.000
1717ae4805914278bd32427585166c7d 354.100 38.381 -857.289 270.000 180.000 0.000 1.000 1.000 1.000
1717ae4805914278bd32427585166c7d 354.100 38.381 -843.268 270.000 -0.000 0.000 1.000 1.000 1.000
1717ae4805914278bd32427585166c7d 354.100 38.381 -871.148 270.000 180.000 0.000 1.000 1.000 1.000
1717ae4805914278bd32427585166c7d 357.576 38.381 -885.151 270.000 -0.000 0.000 1.000 1.000 1.000
1717ae4805914278bd32427585166c7d 375.541 38.381 -787.082 270.000 -0.000 0.000 1.000 1.000 1.000
1717ae4805914278bd32427585166c7d 373.629 38.381 -801.189 270.000 -0.000 0.000 1.000 1.000 1.000
1717ae4805914278bd32427585166c7d 373.629 38.381 -815.102 270.000 -0.000 0.000 1.000 1.000 1.000
1717ae4805914278bd32427585166c7d 373.905 38.381 -829.318 270.000 -0.000 0.000 1.000 1.000 1.000
1717ae4805914278bd32427585166c7d 374.100 38.381 -857.289 270.000 180.000 0.000 1.000 1.000 1.000
1717ae4805914278bd32427585166c7d 374.100 38.381 -843.268 270.000 -0.000 0.000 1.000 1.000 1.000
1717ae4805914278bd32427585166c7d 374.100 38.381 -871.148 270.000 180.000 0.000 1.000 1.000 1.000
1717ae4805914278bd32427585166c7d 377.576 38.381 -885.151 270.000 -0.000 0.000 1.000 1.000 1.000
91c7b343d13446faba663d2f63e03276 262.264 41.904 -835.828 270.000 270.000 0.000 1.000 1.000 1.000
aa5713bdfae44bacbc36979248e25128 281.750 46.700 -833.244 270.000 270.000 0.000 1.000 1.000 1.000
bc4b9a034fe04c669285becc489d01a0 308.330 38.381 -653.092 270.000 233.000 0.000 1.000 1.000 1.000
bc4b9a034fe04c669285becc489d01a0 351.106 38.381 -613.934 270.000 232.000 0.000 1.000 1.000 1.000
78defce53f044f0bb0068165da9d5a79 284.884 38.381 -401.474 270.000 45.000 0.000 1.000 1.000 1.000
f7d6fad3f24d469485c0cf4989a44e57 299.560 38.617 -416.150 270.000 45.000 0.000 1.000 1.000 1.000
cf906420511b4eb6a4efba1838068cb4 281.503 38.707 -404.855 270.000 315.000 0.000 1.000 1.000 1.000
cf906420511b4eb6a4efba1838068cb4 288.722 38.707 -397.636 270.000 315.000 0.000 1.000 1.000 1.000
e9ce671e95c14e60a12cf755f25dce3f 302.392 38.381 -422.853 270.000 315.000 0.000 1.000 1.000 1.000
61e43d05791d4269b626de9bedbf0a03 302.687 38.881 -422.574 270.000 44.000 0.000 1.000 1.000 1.000
a19b3ec55a2046668611c9d2775efd99 302.025 38.881 -423.334 270.000 227.000 0.000 1.000 1.000 1.000
be02c0e774714f2a963e8d6ee54bbabf 309.454 38.381 -414.782 270.000 315.000 0.000 1.000 1.000 1.000
d4dea3aa823a4244be941b4b114e157d 295.774 43.317 -418.002 270.000 315.000 0.000 1.000 1.000 1.000
d052b477b5bc4b2e8ec64effa1f8776e 299.325 43.317 -417.273 270.000 135.000 0.000 1.000 1.000 1.000
8548fc360c554b399e98cde4d40eca5d 298.424 40.189 -409.166 345.000 225.000 90.000 1.000 1.000 1.000
84b3a672bc0643d1b12b2b345a88ba46 257.244 39.868 -405.394 270.000 45.000 0.000 1.000 1.000 1.000
c2ea9b50d4d640438800b9ff553ec627 257.247 38.636 -410.265 270.000 315.000 0.000 1.000 1.000 1.000
486dda0171c645f7a3855f3c46796380 303.966 38.381 -405.639 270.000 225.000 0.000 1.000 1.000 1.000
e65f2ee13fbc4d53ad7981e31ed9178f 305.896 38.381 -407.761 270.000 -0.000 0.000 1.000 1.000 1.000
e65f2ee13fbc4d53ad7981e31ed9178f 306.350 38.381 -408.112 270.000 260.000 0.000 1.000 1.000 1.000
e65f2ee13fbc4d53ad7981e31ed9178f 306.375 38.381 -407.527 270.000 221.000 0.000 1.000 1.000 1.000
daa453b1ed27491ea396a67fb2c0503f 309.797 42.554 -413.413 270.000 135.000 0.000 1.000 1.000 1.000
e9f0b774202d420aa3a2b0dc661570da 306.935 38.617 -413.733 270.000 45.000 0.000 1.000 1.000 1.000
84b3a672bc0643d1b12b2b345a88ba46 306.883 39.867 -413.038 270.000 306.000 0.000 1.000 1.000 1.000
3d37d6da42a34f19b6b6a25e3ab8eaab 300.295 38.617 -418.312 270.000 315.000 0.000 1.000 1.000 1.000
3d37d6da42a34f19b6b6a25e3ab8eaab 297.467 38.617 -415.483 270.000 315.000 0.000 1.000 1.000 1.000
7259ea03530a4ff880e857ca62a0c662 293.357 38.617 -422.693 270.000 225.000 0.000 1.000 1.000 1.000
7259ea03530a4ff880e857ca62a0c662 291.943 38.617 -421.279 270.000 225.000 0.000 1.000 1.000 1.000
7259ea03530a4ff880e857ca62a0c662 290.528 38.617 -419.865 270.000 225.000 0.000 1.000 1.000 1.000
f469ad7065fb4e4a9ca2160fa58354b4 295.220 38.617 -425.317 270.000 225.000 0.000 1.000 1.000 1.000
6896cb9ddd2d411592b9a93ca6671c3f 305.091 38.617 -408.247 270.000 45.000 0.000 1.000 1.000 1.000
ee402fc9debe4f03bffb31a49eb04fb7 268.167 51.613 -483.292 322.686 337.368 22.759 1.000 1.000 1.000
6125b4de591b44359237f6d7191dd919 334.429 44.918 -452.958 270.000 -0.000 0.000 1.000 1.000 1.000
6125b4de591b44359237f6d7191dd919 364.628 49.522 -426.991 270.000 207.000 0.000 1.000 1.000 1.000
862a4ad08b0b4899b35ef82309e47919 364.151 50.339 -409.679 304.463 280.645 81.191 1.000 1.000 1.000
cb6965c6613f4d42a5dc6dcf2ef17e2d 278.243 38.769 -408.114 -0.000 315.000 32.000 1.000 1.000 1.000
cb6965c6613f4d42a5dc6dcf2ef17e2d 301.183 38.585 -406.270 0.000 315.000 214.000 1.000 1.000 1.000
aa5713bdfae44bacbc36979248e25128 297.856 41.891 -409.630 270.000 315.000 0.000 1.000 1.000 1.000
91c7b343d13446faba663d2f63e03276 297.246 42.055 -410.240 270.000 315.000 0.000 1.000 1.000 1.000
b832729132a546a29eaedac06b84a46f 285.517 38.600 -333.200 270.000 225.000 0.000 1.000 1.000 1.000
b832729132a546a29eaedac06b84a46f 268.546 38.600 -350.171 270.000 225.000 0.000 1.000 1.000 1.000
27501590239d4699a8dc001efa4dee37 302.488 38.600 -316.230 270.000 225.000 0.000 1.000 1.000 1.000
4a874717e96245638786ae053fca74e5 285.928 38.381 -372.900 270.000 45.000 0.000 1.000 1.000 1.000
3ae249c445724a41b7a2621e1864bdc1 290.808 38.381 -373.712 270.000 45.000 0.000 1.000 1.000 1.000
3ae249c445724a41b7a2621e1864bdc1 287.926 38.381 -370.830 270.000 45.000 0.000 1.000 1.000 1.000
3ae249c445724a41b7a2621e1864bdc1 285.121 38.381 -368.025 270.000 45.000 0.000 1.000 1.000 1.000
768dd50d28414f53bc0dbd2b98f2ddf3 280.559 38.640 -297.217 270.000 315.000 0.000 1.000 1.000 1.000
a5a481145d364690808babe05b8698ae 320.126 38.606 -340.618 270.000 45.000 0.000 1.000 1.000 1.000 House_08
99662274a5d645f9bd210808c47a7dd0 265.975 38.980 -367.250 270.000 315.000 0.000 1.000 1.000 1.000
d1c40c041f3d4a01ade8c91f941b205a 291.613 38.605 -364.604 270.000 225.000 0.000 1.000 1.000 1.000
52eb3f807f2f4ce9a714ba09e47e6e9a 269.404 38.980 -363.219 270.000 180.000 0.000 1.000 1.000 1.000
120685628efd43c0b05ecec83006a5a7 295.524 38.605 -371.902 270.000 45.000 0.000 1.000 1.000 1.000
120685628efd43c0b05ecec83006a5a7 289.891 38.605 -366.269 270.000 45.000 0.000 1.000 1.000 1.000
120685628efd43c0b05ecec83006a5a7 302.690 38.605 -363.671 270.000 45.000 0.000 1.000 1.000 1.000
1ae76dd19f2e4f9aa38e26028196550f 290.287 38.605 -360.597 270.000 225.000 0.000 1.000 1.000 1.000
1ae76dd19f2e4f9aa38e26028196550f 291.701 38.605 -362.011 270.000 225.000 0.000 1.000 1.000 1.000
1ae76dd19f2e4f9aa38e26028196550f 293.115 38.605 -363.426 270.000 225.000 0.000 1.000 1.000 1.000
1ae76dd19f2e4f9aa38e26028196550f 294.529 38.605 -364.840 270.000 225.000 0.000 1.000 1.000 1.000
1ae76dd19f2e4f9aa38e26028196550f 288.872 38.605 -359.183 270.000 225.000 0.000 1.000 1.000 1.000
84b3a672bc0643d1b12b2b345a88ba46 287.284 39.855 -356.410 270.000 219.000 0.000 1.000 1.000 1.000
02923364713c4385a2bdaa7221d717ae 295.368 38.605 -359.114 270.000 225.000 0.000 1.000 1.000 1.000
02923364713c4385a2bdaa7221d717ae 292.239 38.605 -355.985 270.000 225.000 0.000 1.000 1.000 1.000
02923364713c4385a2bdaa7221d717ae 293.284 38.605 -357.031 270.000 225.000 0.000 1.000 1.000 1.000
02923364713c4385a2bdaa7221d717ae 296.409 38.605 -360.155 270.000 225.000 0.000 1.000 1.000 1.000
e4f33bd5aafb4204904ea375c00de967 294.322 38.605 -358.069 270.000 225.000 0.000 1.000 1.000 1.000
2d1daa0412b94503aa57a5b422187d48 292.544 39.955 -356.199 270.020 237.000 0.000 1.000 1.000 1.000
91dbbf923c8c401bb6b2d56084783f73 297.858 38.605 -356.681 270.000 45.000 0.000 1.000 1.000 1.000
a305bcc1cdaa486fb91d05201e7d3e6f 296.597 38.605 -355.771 270.000 45.000 0.000 1.000 1.000 1.000
086b683233c245968b38d98c2c9e10f1 295.456 38.605 -354.620 270.000 45.000 0.000 1.000 1.000 1.000
28c973094ebf4bcd8b669465052c841f 363.508 38.400 -259.094 270.000 255.000 0.000 1.000 1.000 1.000
99c4048f91634e45986add0a89ffc2df 270.709 38.980 -334.267 270.000 314.000 0.000 1.000 1.000 1.000
99c4048f91634e45986add0a89ffc2df 306.058 38.980 -326.400 270.000 134.000 0.000 1.000 1.000 1.000
734aa6d8bb7642618c4b3522de821ee4 309.559 38.989 -323.301 270.000 225.000 0.000 1.000 1.000 1.000
734aa6d8bb7642618c4b3522de821ee4 295.417 38.989 -309.159 270.000 225.000 0.000 1.000 1.000 1.000
734aa6d8bb7642618c4b3522de821ee4 267.132 38.989 -337.443 270.000 225.000 0.000 1.000 1.000 1.000
734aa6d8bb7642618c4b3522de821ee4 281.274 38.989 -351.585 270.000 225.000 0.000 1.000 1.000 1.000
40921a1a3cd742f69cc25cc25b856572 297.672 38.381 -343.575 270.000 225.000 0.000 1.000 1.000 1.000
40921a1a3cd742f69cc25cc25b856572 300.610 38.381 -346.513 270.000 225.000 0.000 1.000 1.000 1.000
40921a1a3cd742f69cc25cc25b856572 306.547 38.381 -352.450 270.000 225.000 0.000 1.000 1.000 1.000
40921a1a3cd742f69cc25cc25b856572 303.573 38.381 -349.476 270.000 225.000 0.000 1.000 1.000 1.000
40921a1a3cd742f69cc25cc25b856572 309.492 38.381 -355.396 270.000 225.000 0.000 1.000 1.000 1.000
40921a1a3cd742f69cc25cc25b856572 312.466 38.381 -358.370 270.000 225.000 0.000 1.000 1.000 1.000
40921a1a3cd742f69cc25cc25b856572 315.407 38.381 -361.310 270.000 225.000 0.000 1.000 1.000 1.000
40921a1a3cd742f69cc25cc25b856572 262.045 38.304 -304.264 270.995 315.001 90.000 1.000 1.000 1.000
40921a1a3cd742f69cc25cc25b856572 259.108 38.149 -301.328 272.000 315.000 90.000 1.000 1.000 1.000
40921a1a3cd742f69cc25cc25b856572 265.002 38.381 -307.221 270.000 45.000 0.000 1.000 1.000 1.000
40921a1a3cd742f69cc25cc25b856572 267.947 38.381 -310.167 270.000 45.000 0.000 1.000 1.000 1.000
40921a1a3cd742f69cc25cc25b856572 270.921 38.381 -313.141 270.000 45.000 0.000 1.000 1.000 1.000
40921a1a3cd742f69cc25cc25b856572 273.884 38.381 -316.104 270.000 45.000 0.000 1.000 1.000 1.000
40921a1a3cd742f69cc25cc25b856572 276.822 38.381 -319.042 270.000 45.000 0.000 1.000 1.000 1.000
61e43d05791d4269b626de9bedbf0a03 297.895 38.686 -354.349 270.000 224.000 0.000 1.000 1.000 1.000
e73f9a6daf7f4852a60374999a0723a6 297.546 38.186 -353.975 270.000 225.000 0.000 1.000 1.000 1.000
61e43d05791d4269b626de9bedbf0a03 297.176 38.686 -353.654 270.000 310.000 0.000 1.000 1.000 1.000
d4dea3aa823a4244be941b4b114e157d 284.801 43.355 -359.342 270.000 315.000 0.000 1.000 1.000 1.000
d4dea3aa823a4244be941b4b114e157d 286.215 43.355 -360.757 270.000 315.000 0.000 1.000 1.000 1.000
d4dea3aa823a4244be941b4b114e157d 271.443 43.390 -297.043 270.000 45.000 0.000 1.000 1.000 1.000
d4dea3aa823a4244be941b4b114e157d 272.858 43.390 -295.628 270.000 45.000 0.000 1.000 1.000 1.000
8548fc360c554b399e98cde4d40eca5d 293.911 41.828 -373.555 75.000 315.000 90.000 1.000 1.000 1.000
8548fc360c554b399e98cde4d40eca5d 261.949 40.195 -334.053 270.000 315.000 0.000 1.000 1.000 1.000
cf45d6da9d6a4e129da721948b0b3a8a 284.963 41.625 -308.030 15.000 225.000 90.000 1.000 1.000 1.000
cf45d6da9d6a4e129da721948b0b3a8a 316.787 41.505 -348.195 0.000 135.000 90.000 1.000 1.000 1.000
8cffc239fd2d4a8383b0cc60399a5b35 328.376 38.606 -339.488 270.000 315.000 0.000 1.000 1.000 1.000
8242af6ef10e42ce9a2a31df1e0c2767 325.536 38.606 -335.886 270.000 45.000 0.000 1.000 1.000 1.000 Wardrobe_0
e7572f0283b8411fbbc55ee6cae3bb97 321.567 38.606 -339.461 270.000 315.000 0.000 1.000 1.000 1.000 Bed_1
0e8c0a20e8e947018e8e5859f0a4064f 319.444 38.606 -340.035 270.000 315.000 0.000 1.000 1.000 1.000
29ea162548484889be12ecd51bf6294c 319.430 39.794 -339.981 270.000 213.000 0.000 1.000 1.000 1.000
5c5d591a49c948a4a812b662b48e87f3 318.673 38.606 -332.832 270.000 45.000 0.000 1.000 1.000 1.000
c09e13f5e43647e79692469b5a9ed4ed 319.018 38.606 -333.610 270.000 135.000 0.000 1.000 1.000 1.000
0fcf5364097e4a199d419a9cf2a60dd7 317.717 38.606 -333.870 270.000 309.000 0.000 1.000 1.000 1.000
f16f2c63e5e1484ab4125af2535e5d6d 318.432 39.794 -333.090 270.000 315.000 0.000 1.000 1.000 1.000
f16f2c63e5e1484ab4125af2535e5d6d 319.624 39.794 -332.471 270.000 356.000 0.000 1.000 1.000 1.000
2e060a3768094817887d5f2c8d884d61 311.969 38.606 -340.671 270.000 15.000 0.000 1.000 1.000 1.000
9215cb84c2a942d084fa1dffa0031949 312.856 38.606 -339.465 270.000 35.000 0.000 1.000 1.000 1.000
9215cb84c2a942d084fa1dffa0031949 312.788 38.606 -341.922 270.000 147.000 0.000 1.000 1.000 1.000
52d575ae564f46649523c98875130784 311.902 39.794 -340.461 270.000 256.000 0.000 1.000 1.000 1.000
050dbe869b1c4fd5b215c552d145effd 319.356 38.606 -349.680 270.000 225.000 0.000 1.000 1.000 1.000
050dbe869b1c4fd5b215c552d145effd 317.255 38.606 -347.579 270.000 225.000 0.000 1.000 1.000 1.000
0aeeefaf364f46f9906aff76c40c6d2b 318.297 38.606 -348.621 270.000 225.000 0.000 1.000 1.000 1.000
91dbbf923c8c401bb6b2d56084783f73 322.774 38.606 -347.959 270.000 135.000 0.000 1.000 1.000 1.000
9215cb84c2a942d084fa1dffa0031949 290.637 39.097 -301.197 -0.000 238.000 270.000 1.000 1.000 1.000
9215cb84c2a942d084fa1dffa0031949 292.051 38.640 -299.783 270.000 135.000 0.000 1.000 1.000 1.000
9215cb84c2a942d084fa1dffa0031949 293.465 38.640 -298.368 270.000 135.000 0.000 1.000 1.000 1.000
9215cb84c2a942d084fa1dffa0031949 284.618 38.640 -307.215 270.000 135.000 0.000 1.000 1.000 1.000
9215cb84c2a942d084fa1dffa0031949 283.204 38.640 -308.630 270.000 135.000 0.000 1.000 1.000 1.000
9215cb84c2a942d084fa1dffa0031949 281.790 38.640 -310.044 270.000 135.000 0.000 1.000 1.000 1.000
87806c2130bc4bd8b4f3276edf2222a6 281.083 38.640 -306.508 270.000 45.000 0.000 1.000 1.000 1.000
87806c2130bc4bd8b4f3276edf2222a6 289.930 38.640 -297.661 270.000 45.000 0.000 1.000 1.000 1.000
4f2244b2de3c4af1bf8ca336b92172c6 290.014 39.883 -297.834 -0.000 0.000 0.000 1.000 1.000 1.000
6ca718d67ffc40f78f0a1ba4bbc1c403 290.548 39.828 -297.420 -0.000 340.000 0.000 1.000 1.000 1.000
52d575ae564f46649523c98875130784 281.162 39.828 -306.563 270.000 315.000 0.000 1.000 1.000 1.000
84b3a672bc0643d1b12b2b345a88ba46 279.010 39.640 -303.306 270.000 135.000 0.000 1.000 1.000 1.000
c2ea9b50d4d640438800b9ff553ec627 268.331 38.640 -297.069 270.000 45.000 0.000 1.000 1.000 1.000
c2ea9b50d4d640438800b9ff553ec627 271.867 38.640 -300.605 270.000 45.000 0.000 1.000 1.000 1.000
87806c2130bc4bd8b4f3276edf2222a6 281.904 38.640 -289.106 270.000 45.000 0.000 1.000 1.000 1.000
65906f4174724825849478b60ecc348a 277.746 38.640 -285.814 270.000 315.000 0.000 1.000 1.000 1.000
65906f4174724825849478b60ecc348a 277.206 38.640 -286.354 270.000 315.000 0.000 1.000 1.000 1.000
65906f4174724825849478b60ecc348a 278.287 38.640 -285.273 270.000 315.000 0.000 1.000 1.000 1.000
65906f4174724825849478b60ecc348a 278.827 38.640 -284.732 270.000 315.000 0.000 1.000 1.000 1.000
87806c2130bc4bd8b4f3276edf2222a6 283.667 38.640 -287.799 270.000 135.000 0.000 1.000 1.000 1.000
2c7cff9158b445b2a7ac437a3ac38806 279.304 41.037 -292.074 270.000 225.000 0.000 1.000 1.000 1.000
ce6db4c70aee4e59afa82271d2aca431 282.739 39.828 -288.112 270.000 254.000 0.000 1.000 1.000 1.000
6ce99109b6e94ddeb5ef925a2de6730a 283.954 39.828 -288.435 270.000 35.000 0.000 1.000 1.000 1.000
9215cb84c2a942d084fa1dffa0031949 282.555 38.640 -289.925 270.000 137.000 0.000 1.000 1.000 1.000
9215cb84c2a942d084fa1dffa0031949 280.445 38.640 -287.476 270.000 320.000 0.000 1.000 1.000 1.000
65906f4174724825849478b60ecc348a 285.035 38.640 -290.940 270.000 315.000 0.000 1.000 1.000 1.000
65906f4174724825849478b60ecc348a 284.494 38.640 -291.480 270.000 315.000 0.000 1.000 1.000 1.000
65906f4174724825849478b60ecc348a 283.953 38.640 -292.021 270.000 315.000 0.000 1.000 1.000 1.000
65906f4174724825849478b60ecc348a 283.413 38.640 -292.562 270.000 315.000 0.000 1.000 1.000 1.000
f463c0c6285544ac86845d98a07d73a9 329.489 38.606 -338.194 270.000 225.000 0.000 1.000 1.000 1.000
8cffc239fd2d4a8383b0cc60399a5b35 257.975 38.682 -316.143 270.000 315.000 0.000 1.000 1.000 1.000
050dbe869b1c4fd5b215c552d145effd 263.339 38.682 -331.417 270.000 135.000 0.000 1.000 1.000 1.000
050dbe869b1c4fd5b215c552d145effd 261.231 38.682 -333.524 270.000 135.000 0.000 1.000 1.000 1.000
91dbbf923c8c401bb6b2d56084783f73 265.448 38.682 -329.288 270.000 135.000 0.000 1.000 1.000 1.000
a305bcc1cdaa486fb91d05201e7d3e6f 260.087 38.682 -334.447 270.000 135.000 0.000 1.000 1.000 1.000
086b683233c245968b38d98c2c9e10f1 264.258 38.682 -330.180 270.000 135.000 0.000 1.000 1.000 1.000
0aeeefaf364f46f9906aff76c40c6d2b 262.285 38.682 -332.470 270.000 135.000 0.000 1.000 1.000 1.000
d412f1a6b4c9404a88de772651615e4b 258.879 38.682 -326.558 270.000 105.000 0.000 1.000 1.000 1.000
d412f1a6b4c9404a88de772651615e4b 256.152 38.682 -329.231 270.000 165.000 0.000 1.000 1.000 1.000
bc4b9a034fe04c669285becc489d01a0 353.226 39.469 -258.040 270.000 66.000 0.000 1.000 1.000 1.000
bc4b9a034fe04c669285becc489d01a0 308.754 38.373 -289.640 270.000 54.000 0.000 1.000 1.000 1.000
a31640c238084120a4cc7dce956cb7eb 287.205 38.580 -317.917 270.000 315.000 0.000 1.000 1.000 1.000
a31640c238084120a4cc7dce956cb7eb 300.800 38.580 -331.512 270.000 135.000 0.000 1.000 1.000 1.000
a31640c238084120a4cc7dce956cb7eb 270.234 38.580 -334.888 270.000 315.000 0.000 1.000 1.000 1.000
a31640c238084120a4cc7dce956cb7eb 283.829 38.580 -348.483 270.000 135.000 0.000 1.000 1.000 1.000
1938738b6f8d44bab2c6af105451d26c 295.494 39.792 -371.909 270.000 -0.000 0.000 1.000 1.000 1.000
8fcf88ad84054270aa190663b3f9550b 289.801 39.792 -366.351 270.000 40.000 0.000 1.000 1.000 1.000
8fcf88ad84054270aa190663b3f9550b 302.525 39.792 -363.897 270.000 45.000 0.000 1.000 1.000 1.000
1938738b6f8d44bab2c6af105451d26c 294.722 39.855 -363.728 270.000 -0.000 0.000 1.000 1.000 1.000
1938738b6f8d44bab2c6af105451d26c 290.159 39.855 -359.215 270.000 -0.000 0.000 1.000 1.000 1.000
ef0f7002a7624ffcbca5cea957da6605 315.505 38.357 -347.838 270.000 -0.000 0.000 1.000 1.000 1.000
7ce113ae9f3345c5b30be33a602d4980 333.746 38.606 -335.412 270.000 316.000 0.000 1.000 1.000 1.000
38a6b83fc88542f0bdef58d75bb674b3 313.628 38.313 -334.783 270.000 136.000 0.000 1.000 1.000 1.000
cb6965c6613f4d42a5dc6dcf2ef17e2d 282.897 39.980 -295.987 -0.000 225.000 90.000 1.000 1.000 1.000
7a7212d2746742fa8141682e965f84cc 261.147 42.029 -334.903 -0.000 135.000 270.000 1.000 1.000 1.000
7a7212d2746742fa8141682e965f84cc 264.733 42.029 -331.316 -0.000 135.000 270.000 1.000 1.000 1.000
7a7212d2746742fa8141682e965f84cc 317.673 41.990 -331.989 -0.000 135.000 270.000 1.000 1.000 1.000
7a7212d2746742fa8141682e965f84cc 311.495 41.990 -338.167 -0.000 135.000 270.000 1.000 1.000 1.000
91c7b343d13446faba663d2f63e03276 284.842 41.901 -364.462 270.000 45.000 0.000 1.000 1.000 1.000
91c7b343d13446faba663d2f63e03276 300.635 40.930 -358.387 270.000 45.000 0.000 1.000 1.000 1.000
91c7b343d13446faba663d2f63e03276 312.523 41.940 -343.952 270.000 45.000 0.000 1.000 1.000 1.000
91c7b343d13446faba663d2f63e03276 293.936 41.909 -296.405 270.000 45.000 0.000 1.000 1.000 1.000
28c973094ebf4bcd8b669465052c841f 379.410 38.400 -255.835 270.000 262.000 0.000 1.000 1.000 1.000
9ed3b3aca28c44f4aa4e47fa0eccbf50 380.993 8.189 51.356 270.000 332.916 0.000 0.693 0.693 0.200
9556a896aebc456480bd220da7efada0 359.281 38.810 352.697 270.000 255.000 0.000 1.000 1.000 1.000
b211e52ce31041468ead8de7766ca997 312.916 38.810 340.274 270.000 75.000 0.000 1.000 1.000 1.000
bc4b9a034fe04c669285becc489d01a0 259.932 38.354 311.534 270.000 251.000 0.000 1.000 1.000 1.000
6125b4de591b44359237f6d7191dd919 298.475 29.844 332.741 299.000 0.000 0.000 1.000 1.000 1.000
6125b4de591b44359237f6d7191dd919 299.158 29.119 339.643 304.000 304.000 90.000 1.000 1.000 1.000
191e013d4c264ca9958e06aadcc4c3d6 295.470 34.971 599.797 270.000 329.000 0.000 1.000 1.000 1.000
a85e3cc04d95433bb636c5b7bcbc8a10 316.329 13.711 725.886 270.000 -0.000 0.000 0.642 0.520 0.259
9ed3b3aca28c44f4aa4e47fa0eccbf50 323.000 15.140 725.915 270.000 -0.000 0.000 0.377 0.204 0.156
5be4c8929e7e4e9c8aa832565342e6fe 279.244 13.242 943.884 270.000 -0.000 0.000 0.510 0.312 0.510
15839f5f26b6439d9bb6e3bbc6860d11 278.396 15.727 939.367 270.000 101.377 0.000 0.749 0.778 0.749
15839f5f26b6439d9bb6e3bbc6860d11 291.357 15.727 939.474 270.000 41.851 0.000 0.749 0.687 0.749
5be4c8929e7e4e9c8aa832565342e6fe 287.991 17.239 941.965 270.000 -0.000 0.000 0.334 0.312 0.100
6125b4de591b44359237f6d7191dd919 458.048 58.229 -935.576 270.000 -0.000 0.000 1.000 1.000 1.000
862a4ad08b0b4899b35ef82309e47919 387.688 53.578 -952.057 297.154 6.585 354.135 1.000 1.000 1.000
ee402fc9debe4f03bffb31a49eb04fb7 448.986 57.772 -759.081 311.360 260.898 96.857 1.000 1.000 1.000
bc4b9a034fe04c669285becc489d01a0 395.225 38.381 -571.247 270.000 230.000 0.000 1.000 1.000 1.000
bc4b9a034fe04c669285becc489d01a0 438.801 38.383 -530.342 270.000 224.000 0.000 1.000 1.000 1.000
f460fd09aee446a588d1b863ca496af7 478.418 38.388 -485.049 270.000 150.000 0.000 1.000 1.000 1.000
bc4b9a034fe04c669285becc489d01a0 471.668 38.396 -495.882 270.000 252.000 0.000 1.000 1.000 1.000
bc4b9a034fe04c669285becc489d01a0 504.987 38.854 -504.704 270.000 312.000 0.000 1.000 1.000 1.000
bc4b9a034fe04c669285becc489d01a0 504.106 38.375 -293.834 270.000 119.000 0.000 1.000 1.000 1.000
bc4b9a034fe04c669285becc489d01a0 452.844 38.348 -266.061 270.000 107.000 0.000 1.000 1.000 1.000
bc4b9a034fe04c669285becc489d01a0 400.539 38.693 -252.930 270.000 86.000 0.000 1.000 1.000 1.000
1483dddb992e48ad97aaa30d18986cc4 401.397 9.171 71.199 290.024 267.255 92.922 1.000 1.000 1.000
1844f8668ac841cb8028e65af96f23e3 404.281 9.929 52.690 270.000 157.000 0.000 1.000 1.000 1.000
1844f8668ac841cb8028e65af96f23e3 401.846 10.103 49.839 285.573 181.301 50.753 1.000 1.000 1.000
1844f8668ac841cb8028e65af96f23e3 397.688 9.310 51.487 297.273 253.204 188.757 1.000 1.000 1.000
1844f8668ac841cb8028e65af96f23e3 405.925 9.544 63.723 270.000 -0.000 0.000 1.000 1.000 1.000
1844f8668ac841cb8028e65af96f23e3 404.074 9.923 90.500 270.000 -0.000 0.000 1.000 1.000 1.000
19c615f4814e4faa8535b2aac4d40481 398.343 9.861 50.572 286.000 219.000 180.000 1.000 1.000 1.000
19c615f4814e4faa8535b2aac4d40481 403.392 10.343 49.821 292.455 164.545 98.858 1.000 1.000 1.000
15839f5f26b6439d9bb6e3bbc6860d11 414.467 8.507 70.706 292.239 277.407 82.005 0.746 1.000 1.000
f0372d2c80a84648b83d92e8d1ffa445 415.427 9.168 59.120 270.000 -0.000 0.000 0.895 0.725 0.725
5be4c8929e7e4e9c8aa832565342e6fe 419.168 11.875 68.086 273.971 180.000 120.821 0.528 0.405 0.299
300a90f084644ca2adc1bda2df733724 423.666 12.170 77.897 270.000 -0.000 0.000 1.729 1.729 1.729
a85e3cc04d95433bb636c5b7bcbc8a10 388.092 7.847 96.594 270.000 90.197 0.000 0.407 0.407 0.407
b211e52ce31041468ead8de7766ca997 452.010 38.810 377.544 270.000 255.000 0.000 1.000 1.000 1.000
9556a896aebc456480bd220da7efada0 405.645 38.810 365.120 270.000 255.000 0.000 1.000 1.000 1.000
bc4b9a034fe04c669285becc489d01a0 495.476 38.381 372.311 270.000 256.000 0.000 1.000 1.000 1.000
6125b4de591b44359237f6d7191dd919 465.783 30.465 375.483 295.000 0.000 0.000 1.000 1.000 1.000
15839f5f26b6439d9bb6e3bbc6860d11 403.400 17.189 364.110 270.000 -0.000 0.000 1.038 0.774 0.804
300a90f084644ca2adc1bda2df733724 409.083 18.318 362.900 270.000 -0.000 0.000 1.000 1.279 1.000
e6f7a2a017294837af7a46c402e8a2a0 405.783 17.271 358.821 270.000 183.647 0.000 1.094 1.025 0.799
6125b4de591b44359237f6d7191dd919 462.769 29.580 385.269 354.000 90.000 270.000 1.000 1.000 1.000
bc4b9a034fe04c669285becc489d01a0 541.057 50.509 -535.838 270.000 312.000 0.000 1.000 1.000 1.000
bc4b9a034fe04c669285becc489d01a0 575.765 52.525 -571.383 270.000 312.000 0.000 1.000 1.000 1.000
bc4b9a034fe04c669285becc489d01a0 611.960 44.005 -607.579 270.000 312.000 0.000 1.000 1.000 1.000
bc4b9a034fe04c669285becc489d01a0 514.075 38.381 -443.969 270.000 216.000 0.000 1.000 1.000 1.000
bc4b9a034fe04c669285becc489d01a0 560.238 38.365 -385.686 270.000 216.000 0.000 1.000 1.000 1.000
25f82f8261264d5eb12f99d80bbe2d89 561.536 38.359 -341.434 270.000 216.000 0.000 1.000 1.000 1.000
34af62084fc3401eb960900aa3a759c8 548.939 38.365 -357.137 270.000 135.000 0.000 1.000 1.000 1.000
bc4b9a034fe04c669285becc489d01a0 597.323 38.373 -334.251 270.000 213.000 0.000 1.000 1.000 1.000
bc4b9a034fe04c669285becc489d01a0 621.161 38.340 -297.514 270.000 209.000 0.000 1.000 1.000 1.000
bc4b9a034fe04c669285becc489d01a0 546.717 38.357 -323.357 270.000 122.000 0.000 1.000 1.000 1.000
298f2f8d9b714d7597e064726dfee416 619.804 38.593 -11.080 270.000 180.000 0.000 1.000 1.000 1.000 House_02
887f4fef352d4792bf5364d61da68ec1 594.304 37.896 -4.155 270.000 46.000 0.000 1.000 1.000 1.000
e0cb5fc3d4ef44e6a01fec03dcdf45da 627.248 38.278 -24.890 270.000 -0.000 0.000 1.000 1.000 1.000
8548fc360c554b399e98cde4d40eca5d 617.109 40.124 -1.393 270.000 -0.000 0.000 1.000 1.000 1.000
a94b6d3b1d164f21a173548e3cb8a566 617.640 38.593 -17.041 270.000 90.000 0.000 1.000 1.000 1.000 Bed_1
e7572f0283b8411fbbc55ee6cae3bb97 628.228 38.593 -16.911 270.000 -0.000 0.000 1.000 1.000 1.000 Bed_1
e7572f0283b8411fbbc55ee6cae3bb97 621.057 38.593 -16.911 270.000 -0.000 0.000 1.000 1.000 1.000 Bed_0
584641f35e8540ec85ed88f3aca40622 620.630 38.593 -13.996 270.000 -0.000 0.000 1.000 1.000 1.000
584641f35e8540ec85ed88f3aca40622 628.726 38.593 -13.996 270.000 -0.000 0.000 1.000 1.000 1.000
8242af6ef10e42ce9a2a31df1e0c2767 624.567 38.577 -20.225 270.000 180.000 0.000 1.000 1.000 1.000 Wardrobe_0
b489a8a63fca4d179fd315cbae8b6ed7 610.391 40.746 -17.117 270.000 270.000 0.000 1.000 1.000 1.000
0e8c0a20e8e947018e8e5859f0a4064f 618.688 38.593 -19.495 270.000 -0.000 0.000 1.000 1.000 1.000
0e8c0a20e8e947018e8e5859f0a4064f 618.688 38.593 -14.597 270.000 -0.000 0.000 1.000 1.000 1.000
29ea162548484889be12ecd51bf6294c 618.498 39.781 -19.266 270.000 35.000 0.000 1.000 1.000 1.000
29ea162548484889be12ecd51bf6294c 618.872 39.781 -14.625 270.000 333.000 0.000 1.000 1.000 1.000
f463c0c6285544ac86845d98a07d73a9 614.564 38.593 -4.008 270.000 270.000 0.000 1.000 1.000 1.000
b06ca473809a47a1bb47e72bedd0e421 624.744 38.593 -5.848 270.000 -0.000 0.000 1.000 1.000 1.000
050dbe869b1c4fd5b215c552d145effd 628.722 38.593 -8.918 270.000 90.000 0.000 1.000 1.000 1.000
0aeeefaf364f46f9906aff76c40c6d2b 628.722 38.593 -10.413 270.000 90.000 0.000 1.000 1.000 1.000
91dbbf923c8c401bb6b2d56084783f73 628.722 38.593 -11.908 270.000 90.000 0.000 1.000 1.000 1.000
a305bcc1cdaa486fb91d05201e7d3e6f 628.491 38.593 -7.423 270.000 90.000 0.000 1.000 1.000 1.000
2e060a3768094817887d5f2c8d884d61 612.348 38.593 -9.858 270.000 15.000 0.000 1.000 1.000 1.000
9215cb84c2a942d084fa1dffa0031949 613.339 38.593 -8.852 270.000 43.000 0.000 1.000 1.000 1.000
9215cb84c2a942d084fa1dffa0031949 613.572 38.593 -10.800 270.000 130.000 0.000 1.000 1.000 1.000
9215cb84c2a942d084fa1dffa0031949 611.347 38.593 -8.764 270.000 317.000 0.000 1.000 1.000 1.000
9215cb84c2a942d084fa1dffa0031949 611.303 38.593 -10.776 270.000 218.000 0.000 1.000 1.000 1.000
52d575ae564f46649523c98875130784 612.742 39.781 -9.486 270.000 24.000 0.000 1.000 1.000 1.000
ae22774b549f44d29926a956ac6c0a4d 619.808 38.593 -8.186 270.000 -0.000 0.000 1.000 1.000 1.000
87806c2130bc4bd8b4f3276edf2222a6 619.808 38.593 -10.186 270.000 90.000 0.000 1.000 1.000 1.000
ae22774b549f44d29926a956ac6c0a4d 619.808 38.593 -12.186 270.000 180.000 0.000 1.000 1.000 1.000
aa5713bdfae44bacbc36979248e25128 610.059 41.806 -8.402 270.000 270.000 0.000 1.000 1.000 1.000
7a7212d2746742fa8141682e965f84cc 617.244 41.956 -1.364 -0.000 0.000 270.000 1.000 1.000 1.000
7a7212d2746742fa8141682e965f84cc 622.351 41.956 -1.364 -0.000 0.000 270.000 1.000 1.000 1.000
ee33081cead64df0b4bca9a8a1009686 594.607 38.648 26.430 270.000 150.000 0.000 1.000 1.000 1.000
e6335a2fff0c4b2189f2ed49de754785 618.862 38.615 34.682 270.000 75.000 0.000 1.000 1.000 1.000
82b2685c3bb845a596e14fe2f719471e 612.216 38.381 17.582 270.000 67.000 0.000 1.000 1.000 1.000
cf45d6da9d6a4e129da721948b0b3a8a 588.760 45.210 34.319 -0.000 60.000 270.000 1.000 1.000 1.000
b6a6be4c75b544b382b9a4f8c71f216e 621.318 39.157 37.985 276.000 164.000 180.000 1.000 1.000 1.000
717ae274519f4f4fa760e6fbf4a3614b 600.247 38.648 25.544 270.000 60.000 0.000 1.000 1.000 1.000
717ae274519f4f4fa760e6fbf4a3614b 600.247 38.926 25.544 270.000 44.000 0.000 1.000 1.000 1.000
cb0d8bf87fca47e3b73f634959a9f523 585.065 38.648 30.957 270.000 339.000 0.000 1.000 1.000 1.000
cb0d8bf87fca47e3b73f634959a9f523 585.594 38.648 29.519 270.000 333.000 0.000 1.000 1.000 1.000
054a9392fed9484e950ff92d13631f06 594.520 38.648 21.188 270.000 324.000 0.000 1.000 1.000 1.000
4ca1de6fdcc84b6bbc4a76c3ad394739 595.707 38.648 37.338 270.000 -0.000 0.000 1.000 1.000 1.000
756faa5eea0b4df7b2602e1d77932057 595.422 39.091 36.355 -0.000 90.000 270.000 1.000 1.000 1.000
aacd164d8e4041aab78179c7886f4461 594.739 38.648 36.816 270.000 -0.000 0.000 1.000 1.000 1.000
bca7ab61ae6046aeb5bcc4832202a29a 602.572 39.137 20.494 291.000 150.000 270.000 1.000 1.000 1.000
bca7ab61ae6046aeb5bcc4832202a29a 614.479 38.797 26.356 -0.000 90.000 270.000 1.000 1.000 1.000
bca7ab61ae6046aeb5bcc4832202a29a 614.378 39.185 26.301 -0.000 90.000 270.000 1.000 1.000 1.000
bca7ab61ae6046aeb5bcc4832202a29a 614.450 39.583 26.301 -0.000 90.000 270.000 1.000 1.000 1.000
bca7ab61ae6046aeb5bcc4832202a29a 613.502 39.027 27.347 -0.000 155.000 330.000 1.000 1.000 1.000
cb0d8bf87fca47e3b73f634959a9f523 590.249 43.398 31.129 270.000 318.000 0.000 1.000 1.000 1.000
bd1554d0c8564890a852dd34932d16d3 591.352 40.464 27.516 270.000 60.000 0.000 1.000 1.000 1.000
717ae274519f4f4fa760e6fbf4a3614b 611.980 38.615 38.553 270.000 74.000 0.000 1.000 1.000 1.000
717ae274519f4f4fa760e6fbf4a3614b 625.920 38.615 30.627 270.000 164.000 0.000 1.000 1.000 1.000
4ca1de6fdcc84b6bbc4a76c3ad394739 611.149 38.926 38.933 270.000 -0.000 0.000 1.000 1.000 1.000
4ca1de6fdcc84b6bbc4a76c3ad394739 612.349 38.926 39.338 270.000 -0.000 0.000 1.000 1.000 1.000
4ca1de6fdcc84b6bbc4a76c3ad394739 612.699 38.926 38.125 270.000 -0.000 0.000 1.000 1.000 1.000
4ca1de6fdcc84b6bbc4a76c3ad394739 611.473 38.926 37.819 270.000 -0.000 0.000 1.000 1.000 1.000
756faa5eea0b4df7b2602e1d77932057 626.425 38.908 31.352 270.000 -0.000 0.000 1.000 1.000 1.000
756faa5eea0b4df7b2602e1d77932057 626.754 38.908 30.211 270.000 -0.000 0.000 1.000 1.000 1.000
756faa5eea0b4df7b2602e1d77932057 625.478 38.908 29.747 270.000 -0.000 0.000 1.000 1.000 1.000
756faa5eea0b4df7b2602e1d77932057 625.201 38.908 31.123 270.000 -0.000 0.000 1.000 1.000 1.000
cb0d8bf87fca47e3b73f634959a9f523 618.753 38.600 34.929 270.000 338.000 0.000 1.000 1.000 1.000
cb0d8bf87fca47e3b73f634959a9f523 617.570 38.600 35.927 270.000 326.000 0.000 1.000 1.000 1.000
cb0d8bf87fca47e3b73f634959a9f523 617.370 38.600 34.388 270.000 -0.000 0.000 1.000 1.000 1.000
cb0d8bf87fca47e3b73f634959a9f523 618.022 39.842 35.140 270.000 10.000 0.000 1.000 1.000 1.000
1717ae4805914278bd32427585166c7d 592.609 38.381 68.841 270.000 -0.000 0.000 1.000 1.000 1.000
1717ae4805914278bd32427585166c7d 591.966 38.381 82.841 270.000 180.000 0.000 1.000 1.000 1.000
1717ae4805914278bd32427585166c7d 595.335 38.381 96.841 270.000 180.000 0.000 1.000 1.000 1.000
1717ae4805914278bd32427585166c7d 595.335 38.381 110.936 270.000 -0.000 0.000 1.000 1.000 1.000
1717ae4805914278bd32427585166c7d 613.673 38.381 60.983 270.000 -0.000 0.000 1.000 1.000 1.000
1717ae4805914278bd32427585166c7d 635.509 38.381 54.782 270.000 -0.000 0.000 1.000 1.000 1.000
1717ae4805914278bd32427585166c7d 615.642 38.381 110.936 270.000 -0.000 0.000 1.000 1.000 1.000
1717ae4805914278bd32427585166c7d 637.310 38.381 113.066 270.000 180.000 0.000 1.000 1.000 1.000
1717ae4805914278bd32427585166c7d 633.731 38.381 69.200 270.000 180.000 0.000 1.000 1.000 1.000
1717ae4805914278bd32427585166c7d 614.862 38.381 76.940 270.000 -0.000 0.000 1.000 1.000 1.000
1717ae4805914278bd32427585166c7d 637.697 38.381 83.094 270.000 -0.000 0.000 1.000 1.000 1.000
1717ae4805914278bd32427585166c7d 636.723 38.381 97.333 270.000 180.000 0.000 1.000 1.000 1.000
1717ae4805914278bd32427585166c7d 614.626 38.381 89.148 270.000 180.000 0.000 1.000 1.000 1.000
a2dbbe74ffcb490599ac07afacbd00be 621.399 38.016 100.535 276.999 180.000 109.000 1.000 1.000 1.000
9b7028d0e0bd45d2b8737105779c1b59 620.826 38.618 102.430 294.000 180.000 279.000 1.000 1.000 1.000
1844f8668ac841cb8028e65af96f23e3 622.743 37.947 101.000 270.000 -0.000 0.000 1.000 1.000 1.000
1844f8668ac841cb8028e65af96f23e3 612.639 37.894 99.963 270.000 72.000 0.000 1.000 1.000 1.000
19c615f4814e4faa8535b2aac4d40481 624.556 38.381 99.638 270.000 -0.000 0.000 1.000 1.000 1.000
91c7b343d13446faba663d2f63e03276 600.281 41.863 18.393 270.000 330.000 0.000 1.000 1.000 1.000
aa5713bdfae44bacbc36979248e25128 590.763 46.623 35.450 270.000 330.000 0.000 1.000 1.000 1.000
aa5713bdfae44bacbc36979248e25128 626.664 41.842 35.319 270.000 75.000 0.000 1.000 1.000 1.000
bc4b9a034fe04c669285becc489d01a0 554.208 38.365 387.443 270.000 262.000 0.000 1.000 1.000 1.000
bc4b9a034fe04c669285becc489d01a0 603.572 38.434 395.397 270.000 268.000 0.000 1.000 1.000 1.000
862a4ad08b0b4899b35ef82309e47919 618.449 60.457 726.203 322.000 90.000 270.000 1.000 1.000 1.000
e796fc2a42f440529cc1a24ac59b4b24 710.571 38.381 -768.443 284.000 239.000 193.000 1.000 1.000 1.000
e796fc2a42f440529cc1a24ac59b4b24 719.078 38.381 -769.272 315.000 79.000 180.000 1.000 1.000 1.000
6125b4de591b44359237f6d7191dd919 746.405 49.719 -833.730 270.000 -0.000 0.000 1.000 1.000 1.000
e796fc2a42f440529cc1a24ac59b4b24 685.339 38.381 -650.002 270.000 135.000 0.000 1.000 1.000 1.000
de4817ed3deb459cb40bc486e0a5feea 686.040 38.381 -656.817 270.000 315.000 0.000 1.000 1.000 1.000
de4817ed3deb459cb40bc486e0a5feea 684.293 38.381 -655.070 270.000 315.000 0.000 1.000 1.000 1.000
4943fefd0b4d4a5c947265ac783b5475 686.944 38.381 -652.217 270.000 45.000 0.000 1.000 1.000 1.000
383b6c539e1b4916b1229d3d2414941b 674.128 38.381 -661.436 270.000 135.000 0.000 1.000 1.000 1.000
de4817ed3deb459cb40bc486e0a5feea 682.526 38.381 -653.303 270.000 315.000 0.000 1.000 1.000 1.000
8ca23631b8394017b902a2a6bab23205 713.096 38.208 -648.205 270.000 45.000 0.000 1.000 1.000 1.000
e0cb5fc3d4ef44e6a01fec03dcdf45da 722.584 38.381 -738.838 270.000 315.000 0.000 1.000 1.000 1.000
e796fc2a42f440529cc1a24ac59b4b24 702.823 38.381 -641.206 270.000 135.000 0.000 1.000 1.000 1.000
e0cb5fc3d4ef44e6a01fec03dcdf45da 719.049 38.381 -735.303 270.000 315.000 0.000 1.000 1.000 1.000
e796fc2a42f440529cc1a24ac59b4b24 694.092 38.381 -641.248 270.000 135.000 0.000 1.000 1.000 1.000
e796fc2a42f440529cc1a24ac59b4b24 698.441 38.381 -645.588 270.000 135.000 0.000 1.000 1.000 1.000
e796fc2a42f440529cc1a24ac59b4b24 689.688 38.381 -654.342 270.000 135.000 0.000 1.000 1.000 1.000
e796fc2a42f440529cc1a24ac59b4b24 694.070 38.381 -649.960 270.000 135.000 0.000 1.000 1.000 1.000
e796fc2a42f440529cc1a24ac59b4b24 689.721 38.381 -645.620 270.000 135.000 0.000 1.000 1.000 1.000
e796fc2a42f440529cc1a24ac59b4b24 663.420 38.381 -711.263 270.000 45.000 0.000 1.000 1.000 1.000
e796fc2a42f440529cc1a24ac59b4b24 663.440 38.381 -680.589 270.000 135.000 0.000 1.000 1.000 1.000
8ca23631b8394017b902a2a6bab23205 665.683 38.208 -695.617 270.000 315.000 0.000 1.000 1.000 1.000
e796fc2a42f440529cc1a24ac59b4b24 663.474 38.381 -671.867 270.000 135.000 0.000 1.000 1.000 1.000
e796fc2a42f440529cc1a24ac59b4b24 667.823 38.381 -676.207 270.000 135.000 0.000 1.000 1.000 1.000
e796fc2a42f440529cc1a24ac59b4b24 667.839 38.381 -667.501 270.000 135.000 0.000 1.000 1.000 1.000
e796fc2a42f440529cc1a24ac59b4b24 672.188 38.381 -671.841 270.000 135.000 0.000 1.000 1.000 1.000
de4817ed3deb459cb40bc486e0a5feea 671.160 38.381 -664.670 270.000 315.000 0.000 1.000 1.000 1.000
de4817ed3deb459cb40bc486e0a5feea 674.673 38.381 -668.183 270.000 315.000 0.000 1.000 1.000 1.000
de4817ed3deb459cb40bc486e0a5feea 672.927 38.381 -666.437 270.000 315.000 0.000 1.000 1.000 1.000
4943fefd0b4d4a5c947265ac783b5475 669.797 38.381 -669.365 270.000 45.000 0.000 1.000 1.000 1.000
e796fc2a42f440529cc1a24ac59b4b24 654.622 38.381 -711.266 270.000 45.000 0.000 1.000 1.000 1.000
e796fc2a42f440529cc1a24ac59b4b24 659.042 38.381 -706.885 270.000 45.000 0.000 1.000 1.000 1.000
e796fc2a42f440529cc1a24ac59b4b24 645.972 38.381 -689.369 270.000 135.000 0.000 1.000 1.000 1.000
e796fc2a42f440529cc1a24ac59b4b24 650.338 38.381 -685.003 270.000 135.000 0.000 1.000 1.000 1.000
e796fc2a42f440529cc1a24ac59b4b24 654.720 38.381 -680.621 270.000 135.000 0.000 1.000 1.000 1.000
e796fc2a42f440529cc1a24ac59b4b24 659.091 38.381 -676.249 270.000 135.000 0.000 1.000 1.000 1.000
e796fc2a42f440529cc1a24ac59b4b24 654.687 38.381 -689.343 270.000 135.000 0.000 1.000 1.000 1.000
e796fc2a42f440529cc1a24ac59b4b24 659.069 38.381 -684.961 270.000 135.000 0.000 1.000 1.000 1.000
e796fc2a42f440529cc1a24ac59b4b24 650.321 38.381 -693.709 270.000 135.000 0.000 1.000 1.000 1.000
e796fc2a42f440529cc1a24ac59b4b24 641.589 38.381 -693.751 270.000 135.000 0.000 1.000 1.000 1.000
e796fc2a42f440529cc1a24ac59b4b24 650.278 38.381 -706.921 270.000 45.000 0.000 1.000 1.000 1.000
e796fc2a42f440529cc1a24ac59b4b24 650.342 38.381 -698.185 270.000 45.000 0.000 1.000 1.000 1.000
e796fc2a42f440529cc1a24ac59b4b24 645.916 38.381 -702.559 270.000 45.000 0.000 1.000 1.000 1.000
e796fc2a42f440529cc1a24ac59b4b24 654.688 38.381 -702.530 270.000 45.000 0.000 1.000 1.000 1.000
e796fc2a42f440529cc1a24ac59b4b24 641.572 38.381 -698.215 270.000 45.000 0.000 1.000 1.000 1.000
e796fc2a42f440529cc1a24ac59b4b24 742.142 38.381 -658.652 270.000 225.000 0.000 1.000 1.000 1.000
e796fc2a42f440529cc1a24ac59b4b24 742.200 38.381 -649.910 270.000 225.000 0.000 1.000 1.000 1.000
e796fc2a42f440529cc1a24ac59b4b24 737.835 38.381 -645.544 270.000 225.000 0.000 1.000 1.000 1.000
e796fc2a42f440529cc1a24ac59b4b24 737.760 38.381 -654.271 270.000 225.000 0.000 1.000 1.000 1.000
e796fc2a42f440529cc1a24ac59b4b24 733.473 38.381 -641.182 270.000 225.000 0.000 1.000 1.000 1.000
e796fc2a42f440529cc1a24ac59b4b24 733.408 38.381 -649.919 270.000 225.000 0.000 1.000 1.000 1.000
e796fc2a42f440529cc1a24ac59b4b24 729.063 38.381 -645.573 270.000 225.000 0.000 1.000 1.000 1.000
e796fc2a42f440529cc1a24ac59b4b24 742.055 38.381 -732.916 270.000 315.000 0.000 1.000 1.000 1.000
e796fc2a42f440529cc1a24ac59b4b24 737.679 38.381 -737.292 270.000 315.000 0.000 1.000 1.000 1.000
5bfcadf69ea843499917251013a252d9 733.513 38.668 -676.030 270.000 315.000 0.000 1.000 1.000 1.000
e796fc2a42f440529cc1a24ac59b4b24 724.682 38.381 -641.192 270.000 225.000 0.000 1.000 1.000 1.000
e796fc2a42f440529cc1a24ac59b4b24 742.051 38.381 -741.665 270.000 315.000 0.000 1.000 1.000 1.000
e796fc2a42f440529cc1a24ac59b4b24 733.325 38.381 -741.646 270.000 315.000 0.000 1.000 1.000 1.000
8ca23631b8394017b902a2a6bab23205 713.859 38.208 -743.793 270.000 225.000 0.000 1.000 1.000 1.000
e796fc2a42f440529cc1a24ac59b4b24 685.154 38.381 -741.797 270.000 45.000 0.000 1.000 1.000 1.000
e796fc2a42f440529cc1a24ac59b4b24 685.212 38.381 -733.055 270.000 45.000 0.000 1.000 1.000 1.000
e796fc2a42f440529cc1a24ac59b4b24 689.594 38.381 -737.436 270.000 45.000 0.000 1.000 1.000 1.000
e796fc2a42f440529cc1a24ac59b4b24 693.945 38.381 -741.788 270.000 45.000 0.000 1.000 1.000 1.000
e796fc2a42f440529cc1a24ac59b4b24 680.772 38.381 -737.415 270.000 45.000 0.000 1.000 1.000 1.000
e796fc2a42f440529cc1a24ac59b4b24 676.428 38.381 -733.071 270.000 45.000 0.000 1.000 1.000 1.000
e796fc2a42f440529cc1a24ac59b4b24 676.492 38.381 -724.335 270.000 45.000 0.000 1.000 1.000 1.000
e796fc2a42f440529cc1a24ac59b4b24 667.700 38.381 -724.344 270.000 45.000 0.000 1.000 1.000 1.000
e796fc2a42f440529cc1a24ac59b4b24 672.066 38.381 -728.709 270.000 45.000 0.000 1.000 1.000 1.000
e796fc2a42f440529cc1a24ac59b4b24 663.356 38.381 -719.999 270.000 45.000 0.000 1.000 1.000 1.000
e796fc2a42f440529cc1a24ac59b4b24 667.766 38.381 -715.608 270.000 45.000 0.000 1.000 1.000 1.000
e796fc2a42f440529cc1a24ac59b4b24 672.140 38.381 -719.983 270.000 45.000 0.000 1.000 1.000 1.000
e796fc2a42f440529cc1a24ac59b4b24 658.994 38.381 -715.637 270.000 45.000 0.000 1.000 1.000 1.000
e796fc2a42f440529cc1a24ac59b4b24 759.653 38.381 -667.363 270.000 225.000 0.000 1.000 1.000 1.000
e796fc2a42f440529cc1a24ac59b4b24 759.588 38.381 -676.098 270.000 225.000 0.000 1.000 1.000 1.000
e796fc2a42f440529cc1a24ac59b4b24 755.213 38.381 -671.724 270.000 225.000 0.000 1.000 1.000 1.000
e796fc2a42f440529cc1a24ac59b4b24 755.288 38.381 -662.997 270.000 225.000 0.000 1.000 1.000 1.000
e796fc2a42f440529cc1a24ac59b4b24 750.862 38.381 -667.372 270.000 225.000 0.000 1.000 1.000 1.000
e796fc2a42f440529cc1a24ac59b4b24 750.926 38.381 -658.635 270.000 225.000 0.000 1.000 1.000 1.000
8ca23631b8394017b902a2a6bab23205 761.271 38.208 -696.381 270.000 135.000 0.000 1.000 1.000 1.000
e796fc2a42f440529cc1a24ac59b4b24 746.582 38.381 -654.291 270.000 225.000 0.000 1.000 1.000 1.000
e796fc2a42f440529cc1a24ac59b4b24 755.171 38.381 -719.800 270.000 315.000 0.000 1.000 1.000 1.000
e796fc2a42f440529cc1a24ac59b4b24 759.547 38.381 -715.424 270.000 315.000 0.000 1.000 1.000 1.000
e796fc2a42f440529cc1a24ac59b4b24 755.190 38.381 -728.526 270.000 315.000 0.000 1.000 1.000 1.000
e796fc2a42f440529cc1a24ac59b4b24 750.817 38.381 -724.154 270.000 315.000 0.000 1.000 1.000 1.000
e796fc2a42f440529cc1a24ac59b4b24 759.543 38.381 -724.173 270.000 315.000 0.000 1.000 1.000 1.000
e796fc2a42f440529cc1a24ac59b4b24 750.813 38.381 -732.903 270.000 315.000 0.000 1.000 1.000 1.000
e796fc2a42f440529cc1a24ac59b4b24 746.427 38.381 -737.289 270.000 315.000 0.000 1.000 1.000 1.000
e796fc2a42f440529cc1a24ac59b4b24 724.584 38.381 -750.387 270.000 315.000 0.000 1.000 1.000 1.000
e796fc2a42f440529cc1a24ac59b4b24 728.949 38.381 -746.022 270.000 315.000 0.000 1.000 1.000 1.000
e796fc2a42f440529cc1a24ac59b4b24 733.321 38.381 -750.395 270.000 315.000 0.000 1.000 1.000 1.000
e796fc2a42f440529cc1a24ac59b4b24 737.697 38.381 -746.019 270.000 315.000 0.000 1.000 1.000 1.000
e796fc2a42f440529cc1a24ac59b4b24 715.854 38.381 -759.117 270.000 315.000 0.000 1.000 1.000 1.000
e796fc2a42f440529cc1a24ac59b4b24 724.580 38.381 -759.136 270.000 315.000 0.000 1.000 1.000 1.000
e796fc2a42f440529cc1a24ac59b4b24 720.208 38.381 -754.763 270.000 315.000 0.000 1.000 1.000 1.000
e796fc2a42f440529cc1a24ac59b4b24 728.956 38.381 -754.760 270.000 315.000 0.000 1.000 1.000 1.000
e796fc2a42f440529cc1a24ac59b4b24 711.369 38.381 -759.211 270.000 45.000 0.000 1.000 1.000 1.000
e796fc2a42f440529cc1a24ac59b4b24 702.672 38.381 -750.514 270.000 45.000 0.000 1.000 1.000 1.000
e796fc2a42f440529cc1a24ac59b4b24 702.597 38.381 -759.241 270.000 45.000 0.000 1.000 1.000 1.000
e796fc2a42f440529cc1a24ac59b4b24 707.024 38.381 -754.866 270.000 45.000 0.000 1.000 1.000 1.000
e796fc2a42f440529cc1a24ac59b4b24 689.519 38.381 -746.162 270.000 45.000 0.000 1.000 1.000 1.000
e796fc2a42f440529cc1a24ac59b4b24 693.881 38.381 -750.524 270.000 45.000 0.000 1.000 1.000 1.000
e796fc2a42f440529cc1a24ac59b4b24 698.232 38.381 -754.875 270.000 45.000 0.000 1.000 1.000 1.000
e796fc2a42f440529cc1a24ac59b4b24 698.291 38.381 -746.133 270.000 45.000 0.000 1.000 1.000 1.000
e796fc2a42f440529cc1a24ac59b4b24 763.998 38.381 -671.707 270.000 225.000 0.000 1.000 1.000 1.000
e796fc2a42f440529cc1a24ac59b4b24 763.933 38.381 -680.444 270.000 225.000 0.000 1.000 1.000 1.000
e796fc2a42f440529cc1a24ac59b4b24 763.912 38.381 -711.059 270.000 315.000 0.000 1.000 1.000 1.000
e796fc2a42f440529cc1a24ac59b4b24 763.920 38.381 -719.796 270.000 315.000 0.000 1.000 1.000 1.000
e796fc2a42f440529cc1a24ac59b4b24 720.526 38.381 -763.658 277.000 135.000 171.000 1.000 1.000 1.000
e796fc2a42f440529cc1a24ac59b4b24 706.959 38.381 -763.603 270.000 45.000 0.000 1.000 1.000 1.000
b0f015c0234a4e95a7a61873e34d4d4b 702.523 38.482 -658.633 270.000 135.000 0.000 1.000 1.000 1.000
323f1c73b0f14d609e0bc0628d05bf23 744.363 38.604 -715.634 270.000 123.000 0.000 1.000 1.000 1.000
901306dba3f345c8a8f789d9000e69f5 745.550 38.577 -700.021 270.000 73.000 0.000 1.000 1.000 1.000
8646f11d084e46f49cf86979ffaf9673 688.975 38.527 -720.568 270.000 45.000 0.000 1.000 1.000 1.000
8646f11d084e46f49cf86979ffaf9673 676.954 38.527 -708.547 270.000 45.000 0.000 1.000 1.000 1.000
8646f11d084e46f49cf86979ffaf9673 700.996 38.527 -732.588 270.000 45.000 0.000 1.000 1.000 1.000
4a874717e96245638786ae053fca74e5 672.163 38.389 -686.542 270.000 45.000 0.000 1.000 1.000 1.000
3ae249c445724a41b7a2621e1864bdc1 667.192 38.381 -685.824 270.000 45.000 0.000 1.000 1.000 1.000
3ae249c445724a41b7a2621e1864bdc1 670.083 38.381 -688.716 270.000 45.000 0.000 1.000 1.000 1.000
3ae249c445724a41b7a2621e1864bdc1 672.869 38.381 -691.501 270.000 45.000 0.000 1.000 1.000 1.000
aa7fd5bc5e634a0c846770a28ff6cd65 705.631 38.346 -693.907 270.000 225.000 0.000 1.000 1.000 1.000
aa7fd5bc5e634a0c846770a28ff6cd65 718.257 38.346 -706.600 270.000 48.000 0.000 1.000 1.000 1.000
d010fb4c4feb4f8fab81f1a5695617ba 715.309 38.346 -703.585 270.000 48.000 0.000 1.000 1.000 1.000
d010fb4c4feb4f8fab81f1a5695617ba 709.163 38.346 -697.439 270.000 225.000 0.000 1.000 1.000 1.000
aa7fd5bc5e634a0c846770a28ff6cd65 711.506 38.346 -699.782 270.000 225.000 0.000 1.000 1.000 1.000
d010fb4c4feb4f8fab81f1a5695617ba 723.143 38.346 -696.564 270.000 220.000 0.000 1.000 1.000 1.000
aa7fd5bc5e634a0c846770a28ff6cd65 725.681 38.346 -698.694 270.000 220.000 0.000 1.000 1.000 1.000
aa7fd5bc5e634a0c846770a28ff6cd65 712.702 38.346 -686.836 270.000 44.000 0.000 1.000 1.000 1.000
d010fb4c4feb4f8fab81f1a5695617ba 710.359 38.346 -684.493 270.000 225.000 0.000 1.000 1.000 1.000
0e9877cb456a42dcb72272bd24850851 729.751 38.300 -727.676 270.000 315.000 0.000 1.000 1.000 1.000
901306dba3f345c8a8f789d9000e69f5 740.003 38.900 -678.606 270.000 40.000 0.000 1.000 1.000 1.000
323f1c73b0f14d609e0bc0628d05bf23 726.510 38.900 -672.919 270.000 230.000 0.000 1.000 1.000 1.000
0d59f6daef124334b9a96301a4ec459a 735.806 38.668 -665.546 270.000 315.000 0.000 1.000 1.000 1.000
0d59f6daef124334b9a96301a4ec459a 739.197 38.668 -668.936 270.000 315.000 0.000 1.000 1.000 1.000
0d59f6daef124334b9a96301a4ec459a 742.706 38.668 -672.446 270.000 315.000 0.000 1.000 1.000 1.000
0d59f6daef124334b9a96301a4ec459a 746.097 38.668 -675.836 270.000 315.000 0.000 1.000 1.000 1.000
0d59f6daef124334b9a96301a4ec459a 733.242 38.668 -688.691 270.000 315.000 0.000 1.000 1.000 1.000
0d59f6daef124334b9a96301a4ec459a 729.851 38.668 -685.301 270.000 315.000 0.000 1.000 1.000 1.000
0d59f6daef124334b9a96301a4ec459a 726.342 38.668 -681.791 270.000 315.000 0.000 1.000 1.000 1.000
0d59f6daef124334b9a96301a4ec459a 722.951 38.668 -678.401 270.000 315.000 0.000 1.000 1.000 1.000
4f2b60ecae204b899eec282891a79e05 702.904 38.346 -691.396 270.000 232.000 0.000 1.000 1.000 1.000
4f2b60ecae204b899eec282891a79e05 717.835 38.346 -691.323 270.000 242.000 0.000 1.000 1.000 1.000
e333b2454ddf4b888e22bb7edf9d28f7 701.705 38.482 -654.675 270.000 315.000 0.000 1.000 1.000 1.000
e333b2454ddf4b888e22bb7edf9d28f7 706.461 38.482 -659.431 270.000 135.000 0.000 1.000 1.000 1.000
e333b2454ddf4b888e22bb7edf9d28f7 703.259 38.482 -662.633 270.000 135.000 0.000 1.000 1.000 1.000
e333b2454ddf4b888e22bb7edf9d28f7 698.503 38.482 -657.877 270.000 315.000 0.000 1.000 1.000 1.000
5c5d591a49c948a4a812b662b48e87f3 704.181 38.482 -656.965 270.000 315.000 0.000 1.000 1.000 1.000
6ca29393aa7241348bf098dc4fbd7d18 701.843 38.482 -656.484 270.000 30.000 0.000 1.000 1.000 1.000
6ca29393aa7241348bf098dc4fbd7d18 704.631 38.482 -659.273 270.000 60.000 0.000 1.000 1.000 1.000
6ca29393aa7241348bf098dc4fbd7d18 700.253 38.482 -658.076 270.000 240.000 0.000 1.000 1.000 1.000
6ca29393aa7241348bf098dc4fbd7d18 703.042 38.482 -660.864 270.000 210.000 0.000 1.000 1.000 1.000
65906f4174724825849478b60ecc348a 700.063 38.482 -660.526 270.000 225.000 0.000 1.000 1.000 1.000
65906f4174724825849478b60ecc348a 700.605 38.482 -661.068 270.000 225.000 0.000 1.000 1.000 1.000
65906f4174724825849478b60ecc348a 701.134 38.482 -661.596 270.000 225.000 0.000 1.000 1.000 1.000
65906f4174724825849478b60ecc348a 699.553 38.482 -660.016 270.000 225.000 0.000 1.000 1.000 1.000
fdfdd8af09954fc4b48471b70822ff96 695.895 38.381 -704.234 270.000 -0.000 0.000 1.000 1.000 1.000
fdfdd8af09954fc4b48471b70822ff96 702.338 38.381 -709.812 270.000 60.000 0.000 1.000 1.000 1.000
5feb0d40c34d4117912b4df420bea1b7 696.800 38.381 -709.882 270.000 27.000 0.000 1.000 1.000 1.000
449513fcccb0441abbc8ac47ca0e4440 702.940 39.568 -709.565 270.000 330.000 0.000 1.000 1.000 1.000
0d59f6daef124334b9a96301a4ec459a 688.271 38.527 -724.100 270.000 225.000 0.000 1.000 1.000 1.000
0d59f6daef124334b9a96301a4ec459a 685.443 38.527 -721.272 270.000 45.000 0.000 1.000 1.000 1.000
0d59f6daef124334b9a96301a4ec459a 689.685 38.527 -717.029 270.000 45.000 0.000 1.000 1.000 1.000
0d59f6daef124334b9a96301a4ec459a 692.514 38.527 -719.857 270.000 225.000 0.000 1.000 1.000 1.000
0d59f6daef124334b9a96301a4ec459a 700.289 38.527 -736.124 270.000 225.000 0.000 1.000 1.000 1.000
0d59f6daef124334b9a96301a4ec459a 697.460 38.527 -733.296 270.000 45.000 0.000 1.000 1.000 1.000
0d59f6daef124334b9a96301a4ec459a 701.703 38.527 -729.053 270.000 45.000 0.000 1.000 1.000 1.000
0d59f6daef124334b9a96301a4ec459a 704.531 38.527 -731.881 270.000 225.000 0.000 1.000 1.000 1.000
0d59f6daef124334b9a96301a4ec459a 677.661 38.494 -705.011 270.000 45.000 0.000 1.000 1.000 1.000
0d59f6daef124334b9a96301a4ec459a 680.490 38.494 -707.840 270.000 225.000 0.000 1.000 1.000 1.000
0d59f6daef124334b9a96301a4ec459a 676.247 38.494 -712.082 270.000 225.000 0.000 1.000 1.000 1.000
0d59f6daef124334b9a96301a4ec459a 673.419 38.494 -709.254 270.000 45.000 0.000 1.000 1.000 1.000
bc4b9a034fe04c669285becc489d01a0 651.055 38.419 -646.696 270.000 312.000 0.000 1.000 1.000 1.000
07132524c8554ac4b24fd7618b32c297 695.552 39.568 -703.765 270.000 99.000 0.000 1.000 1.000 1.000
b41e66f0964e4824ae8f0edb3bfa2f7b 704.181 41.556 -693.257 270.000 36.000 0.000 1.000 1.000 1.000
b41e66f0964e4824ae8f0edb3bfa2f7b 711.589 41.556 -685.722 270.000 45.000 0.000 1.000 1.000 1.000
4d6caaac51934b9aac9d3a045b7caaf2 724.475 41.556 -697.681 270.000 49.000 0.000 1.000 1.000 1.000
96b3eaf77486491f806384df0b7410e4 710.392 41.556 -698.668 270.000 216.000 0.000 1.000 1.000 1.000
b41e66f0964e4824ae8f0edb3bfa2f7b 716.805 41.556 -705.081 270.000 45.000 0.000 1.000 1.000 1.000
383b6c539e1b4916b1229d3d2414941b 682.935 38.381 -660.343 270.000 315.000 0.000 1.000 1.000 1.000
aa5713bdfae44bacbc36979248e25128 698.032 40.732 -654.839 270.000 315.000 0.000 1.000 1.000 1.000
91c7b343d13446faba663d2f63e03276 715.250 56.451 -739.182 270.000 45.000 0.000 1.000 1.000 1.000
91c7b343d13446faba663d2f63e03276 742.222 40.715 -700.599 270.000 75.000 0.000 1.000 1.000 1.000
e796fc2a42f440529cc1a24ac59b4b24 720.394 38.381 -628.104 270.000 225.000 0.000 1.000 1.000 1.000
e796fc2a42f440529cc1a24ac59b4b24 724.757 38.381 -632.466 270.000 225.000 0.000 1.000 1.000 1.000
e796fc2a42f440529cc1a24ac59b4b24 716.038 38.381 -623.747 270.000 225.000 0.000 1.000 1.000 1.000
e796fc2a42f440529cc1a24ac59b4b24 715.985 38.381 -632.495 270.000 225.000 0.000 1.000 1.000 1.000
e796fc2a42f440529cc1a24ac59b4b24 711.585 38.381 -623.756 270.000 135.000 0.000 1.000 1.000 1.000
e796fc2a42f440529cc1a24ac59b4b24 711.571 38.381 -632.458 270.000 135.000 0.000 1.000 1.000 1.000
e796fc2a42f440529cc1a24ac59b4b24 707.222 38.381 -628.118 270.000 135.000 0.000 1.000 1.000 1.000
e796fc2a42f440529cc1a24ac59b4b24 702.840 38.381 -632.500 270.000 135.000 0.000 1.000 1.000 1.000
e796fc2a42f440529cc1a24ac59b4b24 729.122 38.381 -636.831 270.000 225.000 0.000 1.000 1.000 1.000
e796fc2a42f440529cc1a24ac59b4b24 720.330 38.381 -636.840 270.000 225.000 0.000 1.000 1.000 1.000
e796fc2a42f440529cc1a24ac59b4b24 707.189 38.381 -636.841 270.000 135.000 0.000 1.000 1.000 1.000
e796fc2a42f440529cc1a24ac59b4b24 698.475 38.381 -636.866 270.000 135.000 0.000 1.000 1.000 1.000
6125b4de591b44359237f6d7191dd919 762.159 67.483 -400.735 270.000 -0.000 0.000 1.000 1.000 1.000
862a4ad08b0b4899b35ef82309e47919 759.830 58.528 -387.353 315.864 14.002 350.149 1.000 1.000 1.000
537803a83f69445ea688a6d855a8faf1 666.194 38.654 -193.890 270.000 30.000 0.000 1.000 1.000 1.000
b3a26f2abbd649e38c31595af87be9ea 682.194 38.654 -166.178 270.000 210.000 0.000 1.000 1.000 1.000
bc4b9a034fe04c669285becc489d01a0 647.544 38.365 -250.435 270.000 202.000 0.000 1.000 1.000 1.000
bc4b9a034fe04c669285becc489d01a0 706.785 38.365 -149.532 270.000 202.000 0.000 1.000 1.000 1.000
6125b4de591b44359237f6d7191dd919 653.857 30.225 -223.216 295.000 0.000 0.000 1.000 1.000 1.000
6125b4de591b44359237f6d7191dd919 643.015 28.915 -221.829 270.000 -0.000 0.000 1.000 1.000 1.000
6125b4de591b44359237f6d7191dd919 685.709 29.738 -166.446 289.173 332.902 28.445 1.000 1.000 1.000
6125b4de591b44359237f6d7191dd919 680.598 28.800 -157.682 358.218 0.908 332.986 1.000 1.000 1.000
b3a26f2abbd649e38c31595af87be9ea 650.194 38.654 -221.603 270.000 30.000 0.000 1.000 1.000 1.000
6123b0bb5c3a409bb38ad2c2abab8dbb 723.803 38.381 -5.735 270.000 96.000 0.000 1.000 1.000 1.000
6123b0bb5c3a409bb38ad2c2abab8dbb 724.105 38.381 -1.513 270.000 92.000 0.000 1.000 1.000 1.000
bc4b9a034fe04c669285becc489d01a0 733.443 38.396 -92.860 270.000 195.000 0.000 1.000 1.000 1.000
bc4b9a034fe04c669285becc489d01a0 743.611 38.381 -51.273 270.000 192.001 0.000 1.000 1.000 1.000
bc4b9a034fe04c669285becc489d01a0 691.066 38.381 -1.523 270.000 263.000 0.000 1.000 1.000 1.000
bc4b9a034fe04c669285becc489d01a0 649.967 38.381 -2.817 270.000 272.000 0.000 1.000 1.000 1.000
c289c4c47fea4d9cb09cfb6f0ae7ff5d 641.632 38.964 32.048 270.000 -0.000 0.000 1.000 1.000 1.000
c289c4c47fea4d9cb09cfb6f0ae7ff5d 658.638 38.964 28.372 270.000 -0.000 0.000 1.000 1.000 1.000
6123b0bb5c3a409bb38ad2c2abab8dbb 722.429 38.381 18.416 270.000 85.000 0.000 1.000 1.000 1.000
6123b0bb5c3a409bb38ad2c2abab8dbb 721.920 38.381 22.618 270.000 81.000 0.000 1.000 1.000 1.000
6123b0bb5c3a409bb38ad2c2abab8dbb 721.009 38.381 26.735 270.000 74.000 0.000 1.000 1.000 1.000
6123b0bb5c3a409bb38ad2c2abab8dbb 723.996 38.381 2.702 270.000 85.000 0.000 1.000 1.000 1.000
25f82f8261264d5eb12f99d80bbe2d89 722.740 38.381 4.590 270.000 81.000 0.000 1.000 1.000 1.000
2e1249333ada4c63aef6fbb6b4835add 722.017 38.381 14.659 270.000 90.000 0.000 1.000 1.000 1.000
bc4b9a034fe04c669285becc489d01a0 745.599 38.381 0.430 270.000 179.000 0.000 1.000 1.000 1.000
bc4b9a034fe04c669285becc489d01a0 736.737 38.395 52.246 270.000 160.000 0.000 1.000 1.000 1.000
bc4b9a034fe04c669285becc489d01a0 724.823 38.466 104.360 270.000 178.000 0.000 1.000 1.000 1.000
1717ae4805914278bd32427585166c7d 655.515 38.381 51.066 270.000 180.000 0.000 1.000 1.000 1.000
1717ae4805914278bd32427585166c7d 656.639 38.381 107.186 270.000 180.000 0.000 1.000 1.000 1.000
1717ae4805914278bd32427585166c7d 659.127 38.381 78.961 270.000 180.000 0.000 1.000 1.000 1.000
1717ae4805914278bd32427585166c7d 659.233 38.381 92.875 270.000 -0.000 0.000 1.000 1.000 1.000
1717ae4805914278bd32427585166c7d 657.395 38.381 65.003 270.000 180.000 0.000 1.000 1.000 1.000
28c973094ebf4bcd8b669465052c841f 694.717 38.381 130.110 270.000 179.000 0.000 1.000 1.000 1.000
28c973094ebf4bcd8b669465052c841f 695.862 38.381 146.188 270.000 189.003 0.000 1.000 1.000 1.000
bc4b9a034fe04c669285becc489d01a0 731.103 38.381 175.035 270.000 188.002 0.000 1.000 1.000 1.000
bc4b9a034fe04c669285becc489d01a0 751.141 38.462 234.334 270.000 187.002 0.000 1.000 1.000 1.000
ff5cbfca73df49928a5a87d18b943ba7 674.565 38.237 157.201 270.000 270.000 0.000 1.000 1.000 1.000
cb0d8bf87fca47e3b73f634959a9f523 667.663 38.443 164.510 270.000 324.000 0.000 1.000 1.000 1.000
aacd164d8e4041aab78179c7886f4461 665.711 38.381 153.434 270.000 -0.000 0.000 1.000 1.000 1.000
c2ea9b50d4d640438800b9ff553ec627 676.728 38.438 160.410 270.000 309.000 0.000 1.000 1.000 1.000
054a9392fed9484e950ff92d13631f06 668.970 38.443 162.694 270.000 -0.000 0.000 1.000 1.000 1.000
cb0d8bf87fca47e3b73f634959a9f523 669.072 38.381 151.426 270.000 12.000 0.000 1.000 1.000 1.000
aacd164d8e4041aab78179c7886f4461 663.262 38.409 151.582 270.000 -0.000 0.000 1.000 1.000 1.000
756faa5eea0b4df7b2602e1d77932057 663.640 38.409 150.444 270.000 -0.000 0.000 1.000 1.000 1.000
717ae274519f4f4fa760e6fbf4a3614b 682.505 38.402 153.978 270.000 330.000 0.000 1.000 1.000 1.000
aa5713bdfae44bacbc36979248e25128 684.417 42.651 150.440 270.000 -0.000 0.000 1.000 1.000 1.000
27501590239d4699a8dc001efa4dee37 740.188 38.707 315.077 270.000 -0.000 0.000 1.000 1.000 1.000
8221c9c6360c4629a7dc1a197fac0196 740.188 38.707 363.077 270.000 270.000 0.000 1.000 1.000 1.000
b832729132a546a29eaedac06b84a46f 740.188 38.707 339.077 270.000 180.000 0.000 1.000 1.000 1.000
b832729132a546a29eaedac06b84a46f 764.188 38.707 363.077 270.000 90.000 0.000 1.000 1.000 1.000
1e95865e2a3d40fb935df83ddbf06458 712.656 38.695 311.942 270.000 180.000 0.000 1.000 1.000 1.000 House_00
ad6f3a64f6e04e029848886fcd098b53 710.034 38.668 346.694 270.000 90.000 0.000 1.000 1.000 1.000 House_09
019caf7c72a5446eb3dd666e759c1f91 740.188 38.707 363.077 270.000 270.000 0.000 1.000 1.000 1.000
42229938f39b4ccd9f0228c4d0ef972c 729.899 39.242 353.042 270.000 270.000 0.000 1.000 1.000 1.000
42229938f39b4ccd9f0228c4d0ef972c 730.158 39.242 373.538 270.000 -0.000 0.000 1.000 1.000 1.000
42229938f39b4ccd9f0228c4d0ef972c 750.348 39.242 373.520 270.000 90.000 0.000 1.000 1.000 1.000
99c4048f91634e45986add0a89ffc2df 730.363 39.593 316.990 358.272 333.051 266.605 1.000 1.000 1.000
99c4048f91634e45986add0a89ffc2df 730.620 39.118 341.870 272.319 90.000 189.000 1.000 1.000 1.000
9bce22473d334aefad8864f0bc8447cb 730.630 39.117 344.305 272.318 90.000 178.000 1.000 1.000 1.000
734aa6d8bb7642618c4b3522de821ee4 750.188 39.057 339.076 270.000 180.000 0.000 1.000 1.000 1.000
734aa6d8bb7642618c4b3522de821ee4 764.188 39.059 373.077 270.000 270.000 0.000 1.000 1.000 1.000
734aa6d8bb7642618c4b3522de821ee4 730.188 39.057 339.077 270.000 180.000 0.000 1.000 1.000 1.000
734aa6d8bb7642618c4b3522de821ee4 730.188 39.057 315.077 270.000 180.000 0.000 1.000 1.000 1.000
cadd54d6147e4996a0fbe90b6110a7cd 754.048 38.381 376.984 270.000 45.000 0.000 1.000 1.000 1.000
dc5d53f65f1e43d4aa66e97c245775bc 763.324 38.638 328.340 270.000 -0.000 0.000 1.000 1.000 1.000 House_01
456dadaeae094821a2d446aa4f77cb9e 760.966 38.600 341.282 315.000 0.000 270.000 1.000 1.000 1.000
99c4048f91634e45986add0a89ffc2df 749.779 39.128 329.917 274.252 270.000 191.000 1.000 1.000 1.000
40921a1a3cd742f69cc25cc25b856572 724.485 38.381 332.465 270.000 180.000 0.000 1.000 1.000 1.000
40921a1a3cd742f69cc25cc25b856572 720.294 38.381 332.465 270.000 180.000 0.000 1.000 1.000 1.000
40921a1a3cd742f69cc25cc25b856572 711.899 38.381 332.465 270.000 180.000 0.000 1.000 1.000 1.000
40921a1a3cd742f69cc25cc25b856572 716.090 38.381 332.465 270.000 180.000 0.000 1.000 1.000 1.000
40921a1a3cd742f69cc25cc25b856572 699.322 38.381 332.465 270.000 180.000 0.000 1.000 1.000 1.000
40921a1a3cd742f69cc25cc25b856572 703.526 38.381 332.465 270.000 180.000 0.000 1.000 1.000 1.000
40921a1a3cd742f69cc25cc25b856572 707.718 38.381 332.465 270.000 180.000 0.000 1.000 1.000 1.000
40921a1a3cd742f69cc25cc25b856572 711.911 38.381 372.660 270.000 -0.000 0.000 1.000 1.000 1.000
40921a1a3cd742f69cc25cc25b856572 707.720 38.381 372.660 270.000 -0.000 0.000 1.000 1.000 1.000
40921a1a3cd742f69cc25cc25b856572 724.487 38.381 372.660 270.000 -0.000 0.000 1.000 1.000 1.000
40921a1a3cd742f69cc25cc25b856572 720.283 38.381 372.660 270.000 -0.000 0.000 1.000 1.000 1.000
40921a1a3cd742f69cc25cc25b856572 716.092 38.381 372.660 270.000 -0.000 0.000 1.000 1.000 1.000
40921a1a3cd742f69cc25cc25b856572 703.516 38.381 372.660 270.000 -0.000 0.000 1.000 1.000 1.000
40921a1a3cd742f69cc25cc25b856572 699.325 38.381 372.660 270.000 -0.000 0.000 1.000 1.000 1.000
40921a1a3cd742f69cc25cc25b856572 701.420 38.381 378.957 270.000 90.000 0.000 1.000 1.000 1.000
40921a1a3cd742f69cc25cc25b856572 701.420 38.381 374.766 270.000 90.000 0.000 1.000 1.000 1.000
40921a1a3cd742f69cc25cc25b856572 701.420 38.381 383.108 270.000 90.000 0.000 1.000 1.000 1.000
40921a1a3cd742f69cc25cc25b856572 695.131 38.381 372.660 270.000 -0.000 0.000 1.000 1.000 1.000
40921a1a3cd742f69cc25cc25b856572 686.753 38.381 372.660 270.000 -0.000 0.000 1.000 1.000 1.000
40921a1a3cd742f69cc25cc25b856572 690.946 38.381 372.660 270.000 -0.000 0.000 1.000 1.000 1.000
40921a1a3cd742f69cc25cc25b856572 682.629 38.381 372.660 270.000 -0.000 0.000 1.000 1.000 1.000
ae4baf5f84e64aa8b30800c7a067d48e 690.147 38.770 382.120 270.000 180.000 0.000 1.000 1.000 1.000
daa453b1ed27491ea396a67fb2c0503f 681.848 42.638 377.530 270.000 270.000 0.000 1.000 1.000 1.000
e9ce671e95c14e60a12cf755f25dce3f 705.351 38.369 383.333 270.000 90.000 0.000 1.000 1.000 1.000
a19b3ec55a2046668611c9d2775efd99 705.342 38.869 383.985 270.000 272.000 0.000 1.000 1.000 1.000
a19b3ec55a2046668611c9d2775efd99 705.328 38.869 382.907 270.000 -0.000 0.000 1.000 1.000 1.000
af7b3564a4194483b243b1951ad9d422 725.489 38.381 334.543 270.000 90.000 0.000 1.000 1.000 1.000
af7b3564a4194483b243b1951ad9d422 725.489 38.381 338.621 270.000 90.000 0.000 1.000 1.000 1.000
af7b3564a4194483b243b1951ad9d422 725.489 38.381 346.787 270.000 90.000 0.000 1.000 1.000 1.000
af7b3564a4194483b243b1951ad9d422 725.489 38.381 354.900 270.000 90.000 0.000 1.000 1.000 1.000
af7b3564a4194483b243b1951ad9d422 725.489 38.381 350.823 270.000 90.000 0.000 1.000 1.000 1.000
af7b3564a4194483b243b1951ad9d422 725.489 38.381 370.586 270.000 90.000 0.000 1.000 1.000 1.000
af7b3564a4194483b243b1951ad9d422 725.489 38.381 366.508 270.000 90.000 0.000 1.000 1.000 1.000
af7b3564a4194483b243b1951ad9d422 725.489 38.381 358.997 270.000 90.000 0.000 1.000 1.000 1.000
fdfdd8af09954fc4b48471b70822ff96 692.198 38.575 356.680 270.000 70.000 0.000 1.000 1.000 1.000
72c01d8385f04c7aafa844e41cae0fea 690.391 38.640 356.331 278.478 315.157 45.158 1.000 1.000 1.000
2db512fea15a4434bafe0c45a0dd2016 693.549 38.560 351.215 270.000 -0.000 0.000 1.000 1.000 1.000
cf45d6da9d6a4e129da721948b0b3a8a 757.571 41.459 326.197 -0.000 0.000 90.000 1.000 1.000 1.000
cf45d6da9d6a4e129da721948b0b3a8a 711.829 41.623 319.676 -0.000 270.000 90.000 1.000 1.000 1.000
8548fc360c554b399e98cde4d40eca5d 715.587 45.229 355.344 -0.000 180.000 270.000 1.000 1.000 1.000
3d37d6da42a34f19b6b6a25e3ab8eaab 712.563 38.711 382.511 270.000 180.000 0.000 1.000 1.000 1.000
3d37d6da42a34f19b6b6a25e3ab8eaab 719.563 38.711 382.511 270.000 180.000 0.000 1.000 1.000 1.000
65906f4174724825849478b60ecc348a 725.138 38.711 383.530 270.000 90.000 0.000 1.000 1.000 1.000
65906f4174724825849478b60ecc348a 725.138 38.711 382.006 270.000 90.000 0.000 1.000 1.000 1.000
65906f4174724825849478b60ecc348a 725.138 38.711 382.777 270.000 90.000 0.000 1.000 1.000 1.000
65906f4174724825849478b60ecc348a 725.138 38.711 380.489 270.000 90.000 0.000 1.000 1.000 1.000
65906f4174724825849478b60ecc348a 725.138 38.711 381.260 270.000 90.000 0.000 1.000 1.000 1.000
d4dea3aa823a4244be941b4b114e157d 684.760 43.520 383.940 270.000 90.000 0.000 1.000 1.000 1.000
87806c2130bc4bd8b4f3276edf2222a6 689.105 38.770 378.021 270.000 270.000 0.000 1.000 1.000 1.000
87806c2130bc4bd8b4f3276edf2222a6 685.105 38.770 378.021 270.000 270.000 0.000 1.000 1.000 1.000
87806c2130bc4bd8b4f3276edf2222a6 693.105 38.770 378.021 270.000 270.000 0.000 1.000 1.000 1.000
07132524c8554ac4b24fd7618b32c297 693.084 39.958 378.348 270.000 184.001 0.000 1.000 1.000 1.000
07132524c8554ac4b24fd7618b32c297 685.129 39.958 378.272 270.000 174.000 0.000 1.000 1.000 1.000
247828ef63574258b6e1be743309c028 689.173 39.958 378.174 270.000 14.000 0.000 1.000 1.000 1.000
247828ef63574258b6e1be743309c028 689.173 40.309 378.174 270.000 356.000 0.000 1.000 1.000 1.000
84b3a672bc0643d1b12b2b345a88ba46 688.480 40.020 382.303 270.000 -0.000 0.000 1.000 1.000 1.000
5424f370683f4372bd975c26088a8ce5 698.602 38.770 380.782 270.000 90.000 0.000 1.000 1.000 1.000
5424f370683f4372bd975c26088a8ce5 698.602 38.770 378.927 270.000 90.000 0.000 1.000 1.000 1.000
5424f370683f4372bd975c26088a8ce5 698.169 38.770 379.365 282.000 90.000 0.000 1.000 1.000 1.000
5424f370683f4372bd975c26088a8ce5 698.304 38.770 380.352 -0.000 284.000 180.001 1.000 1.000 1.000
ce6db4c70aee4e59afa82271d2aca431 687.412 40.020 382.331 270.000 261.000 0.000 1.000 1.000 1.000
c2ea9b50d4d640438800b9ff553ec627 715.082 38.695 307.780 270.000 -0.000 0.000 1.000 1.000 1.000
e7572f0283b8411fbbc55ee6cae3bb97 704.331 38.695 306.485 270.000 180.000 0.000 1.000 1.000 1.000 Bed_0
0e8c0a20e8e947018e8e5859f0a4064f 706.251 38.695 305.333 270.000 -0.000 0.000 1.000 1.000 1.000
8242af6ef10e42ce9a2a31df1e0c2767 713.291 38.695 307.570 270.000 90.000 0.000 1.000 1.000 1.000 Wardrobe_1
050dbe869b1c4fd5b215c552d145effd 716.713 38.695 318.976 270.000 -0.000 0.000 1.000 1.000 1.000
050dbe869b1c4fd5b215c552d145effd 719.678 38.695 318.976 270.000 -0.000 0.000 1.000 1.000 1.000
0aeeefaf364f46f9906aff76c40c6d2b 718.188 38.695 318.976 270.000 -0.000 0.000 1.000 1.000 1.000
68339521990c4d70903dfd68da2cd886 720.860 38.695 312.663 270.000 180.000 0.000 1.000 1.000 1.000
90da84de3f214d129de92b6ee8df60af 718.860 38.695 312.663 270.000 180.000 0.000 1.000 1.000 1.000
91dbbf923c8c401bb6b2d56084783f73 721.720 38.695 316.491 270.000 90.000 0.000 1.000 1.000 1.000
2d1daa0412b94503aa57a5b422187d48 716.538 40.045 318.888 270.000 351.000 0.000 1.000 1.000 1.000
29ea162548484889be12ecd51bf6294c 705.922 39.882 305.085 270.000 36.000 0.000 1.000 1.000 1.000
c3231627118d41d3b6fc4032edb79c46 706.549 39.966 305.489 -0.000 163.000 0.000 1.000 1.000 1.000
f463c0c6285544ac86845d98a07d73a9 706.745 38.695 312.223 270.000 180.000 0.000 1.000 1.000 1.000
2e060a3768094817887d5f2c8d884d61 709.887 38.695 317.837 270.000 330.000 0.000 1.000 1.000 1.000
9215cb84c2a942d084fa1dffa0031949 711.433 38.695 317.591 270.000 104.000 0.000 1.000 1.000 1.000
9215cb84c2a942d084fa1dffa0031949 708.192 38.695 317.663 270.000 265.000 0.000 1.000 1.000 1.000
ce6db4c70aee4e59afa82271d2aca431 709.751 39.882 318.368 270.000 257.000 0.000 1.000 1.000 1.000
c3231627118d41d3b6fc4032edb79c46 706.512 39.732 312.368 -0.000 278.000 0.000 1.000 1.000 1.000
c3231627118d41d3b6fc4032edb79c46 707.875 40.794 312.409 279.000 90.000 0.000 1.000 1.000 1.000
f463c0c6285544ac86845d98a07d73a9 762.766 38.638 317.139 270.000 180.000 0.000 1.000 1.000 1.000
a94b6d3b1d164f21a173548e3cb8a566 759.831 38.638 327.386 270.000 270.000 0.000 1.000 1.000 1.000 Bed_0
050dbe869b1c4fd5b215c552d145effd 758.367 38.638 335.103 270.000 270.000 0.000 1.000 1.000 1.000
050dbe869b1c4fd5b215c552d145effd 758.367 38.638 332.121 270.000 270.000 0.000 1.000 1.000 1.000
0aeeefaf364f46f9906aff76c40c6d2b 758.367 38.638 333.616 270.000 270.000 0.000 1.000 1.000 1.000
56e56fe3b9f24351aa37af59b4869584 761.130 38.638 331.257 270.000 180.000 0.000 1.000 1.000 1.000
6fb78536e8cb4b01b6050a2efb3d912c 758.395 39.988 335.278 270.000 279.000 0.000 1.000 1.000 1.000
2e060a3768094817887d5f2c8d884d61 762.959 38.638 338.232 270.000 330.000 0.000 1.000 1.000 1.000
9215cb84c2a942d084fa1dffa0031949 764.307 38.638 338.224 270.000 102.000 0.000 1.000 1.000 1.000
9215cb84c2a942d084fa1dffa0031949 761.444 38.638 338.148 270.000 260.000 0.000 1.000 1.000 1.000
5c5d591a49c948a4a812b662b48e87f3 707.170 38.668 348.836 270.000 270.000 0.000 1.000 1.000 1.000
5c5d591a49c948a4a812b662b48e87f3 704.170 38.668 348.836 270.000 270.000 0.000 1.000 1.000 1.000
5c5d591a49c948a4a812b662b48e87f3 710.170 38.668 348.836 270.000 270.000 0.000 1.000 1.000 1.000
f16f2c63e5e1484ab4125af2535e5d6d 707.287 39.855 349.251 270.000 -0.000 0.000 1.000 1.000 1.000
f16f2c63e5e1484ab4125af2535e5d6d 708.626 39.855 349.126 270.000 15.000 0.000 1.000 1.000 1.000
f16f2c63e5e1484ab4125af2535e5d6d 705.963 39.855 349.098 270.000 345.000 0.000 1.000 1.000 1.000
f16f2c63e5e1484ab4125af2535e5d6d 709.785 39.855 348.483 270.000 45.000 0.000 1.000 1.000 1.000
f16f2c63e5e1484ab4125af2535e5d6d 704.763 39.855 348.586 270.000 330.000 0.000 1.000 1.000 1.000
0fcf5364097e4a199d419a9cf2a60dd7 703.337 39.855 348.602 270.000 -0.000 0.000 1.000 1.000 1.000
c09e13f5e43647e79692469b5a9ed4ed 707.268 38.668 347.736 270.000 183.001 0.000 1.000 1.000 1.000
584641f35e8540ec85ed88f3aca40622 710.942 38.668 343.713 270.000 -0.000 0.000 1.000 1.000 1.000
584641f35e8540ec85ed88f3aca40622 703.095 38.668 343.632 270.000 -0.000 0.000 1.000 1.000 1.000
daa453b1ed27491ea396a67fb2c0503f 707.296 41.131 349.155 2.064 75.140 307.731 1.000 1.000 1.000
a94b6d3b1d164f21a173548e3cb8a566 713.269 43.418 346.363 270.000 90.000 0.000 1.000 1.000 1.000 Bed_0
0e8c0a20e8e947018e8e5859f0a4064f 714.356 43.418 344.005 270.000 -0.000 0.000 1.000 1.000 1.000
0e8c0a20e8e947018e8e5859f0a4064f 714.356 43.418 348.777 270.000 -0.000 0.000 1.000 1.000 1.000
8242af6ef10e42ce9a2a31df1e0c2767 711.818 43.418 350.541 270.000 180.000 0.000 1.000 1.000 1.000 Wardrobe_0
68339521990c4d70903dfd68da2cd886 712.065 43.418 356.496 270.000 -0.000 0.000 1.000 1.000 1.000
90da84de3f214d129de92b6ee8df60af 710.065 43.418 356.496 270.000 -0.000 0.000 1.000 1.000 1.000
8388edfa33b84f78ad7f5d277412433b 708.818 43.418 350.541 270.000 180.000 0.000 1.000 1.000 1.000 Wardrobe_0
8cffc239fd2d4a8383b0cc60399a5b35 707.023 43.418 362.191 270.000 90.000 0.000 1.000 1.000 1.000
4943fefd0b4d4a5c947265ac783b5475 754.511 38.381 330.572 270.000 -0.000 0.000 1.000 1.000 1.000
050dbe869b1c4fd5b215c552d145effd 705.721 38.668 350.620 270.000 180.000 0.000 1.000 1.000 1.000
050dbe869b1c4fd5b215c552d145effd 708.628 38.668 350.620 270.000 180.000 0.000 1.000 1.000 1.000
0aeeefaf364f46f9906aff76c40c6d2b 707.169 38.668 350.620 270.000 180.000 0.000 1.000 1.000 1.000
56e56fe3b9f24351aa37af59b4869584 704.254 38.668 350.644 270.000 180.000 0.000 1.000 1.000 1.000
a305bcc1cdaa486fb91d05201e7d3e6f 710.166 38.668 350.901 270.000 180.000 0.000 1.000 1.000 1.000
2e060a3768094817887d5f2c8d884d61 704.221 38.668 356.907 270.000 315.000 0.000 1.000 1.000 1.000
9215cb84c2a942d084fa1dffa0031949 704.210 38.668 355.427 270.000 192.001 0.000 1.000 1.000 1.000
9215cb84c2a942d084fa1dffa0031949 705.556 38.668 357.530 270.000 70.000 0.000 1.000 1.000 1.000
98e78ae063ac4fb3bc382a03e437260d 703.419 39.855 357.046 270.000 291.000 0.000 1.000 1.000 1.000
f463c0c6285544ac86845d98a07d73a9 719.046 38.668 349.950 270.000 90.000 0.000 1.000 1.000 1.000
76744b70db354aecb685e81b4d73698f 718.816 39.087 350.984 301.000 0.000 0.000 1.000 1.000 1.000
19ff8f2c79eb4b5a8d09ac8396ea8146 718.927 39.715 350.006 -0.000 188.003 0.000 1.000 1.000 1.000
52d575ae564f46649523c98875130784 692.343 39.762 356.749 270.000 342.000 0.000 1.000 1.000 1.000
af7b3564a4194483b243b1951ad9d422 725.489 38.381 342.709 270.000 90.000 0.000 1.000 1.000 1.000
be02c0e774714f2a963e8d6ee54bbabf 714.342 38.381 377.156 270.000 -0.000 0.000 1.000 1.000 1.000
bc4b9a034fe04c669285becc489d01a0 755.026 38.381 294.149 270.000 182.001 0.000 1.000 1.000 1.000
a31640c238084120a4cc7dce956cb7eb 730.575 38.687 327.077 270.000 270.000 0.000 1.000 1.000 1.000
a31640c238084120a4cc7dce956cb7eb 749.801 38.687 327.076 270.000 90.000 0.000 1.000 1.000 1.000
7a7212d2746742fa8141682e965f84cc 757.690 41.984 333.595 -0.000 90.000 270.000 1.000 1.000 1.000
7a7212d2746742fa8141682e965f84cc 757.690 41.984 327.312 -0.000 90.000 270.000 1.000 1.000 1.000
7a7212d2746742fa8141682e965f84cc 719.859 42.041 346.409 -0.000 90.000 270.000 1.000 1.000 1.000
7a7212d2746742fa8141682e965f84cc 719.859 42.041 353.723 -0.000 90.000 270.000 1.000 1.000 1.000
7a7212d2746742fa8141682e965f84cc 718.343 42.041 319.625 -0.000 0.000 270.000 1.000 1.000 1.000
7a7212d2746742fa8141682e965f84cc 710.053 42.041 319.625 -0.000 0.000 270.000 1.000 1.000 1.000
aa5713bdfae44bacbc36979248e25128 757.541 41.868 321.479 270.000 270.000 0.000 1.000 1.000 1.000
91c7b343d13446faba663d2f63e03276 722.349 41.957 306.613 270.000 90.000 0.000 1.000 1.000 1.000
91c7b343d13446faba663d2f63e03276 702.312 41.957 352.215 270.000 270.000 0.000 1.000 1.000 1.000
b832729132a546a29eaedac06b84a46f 740.188 38.707 387.077 270.000 180.000 0.000 1.000 1.000 1.000
b832729132a546a29eaedac06b84a46f 740.188 38.707 435.077 270.000 -0.000 0.000 1.000 1.000 1.000
b832729132a546a29eaedac06b84a46f 716.188 38.707 411.077 270.000 270.000 0.000 1.000 1.000 1.000
27501590239d4699a8dc001efa4dee37 740.188 38.707 459.077 270.000 180.000 0.000 1.000 1.000 1.000
27501590239d4699a8dc001efa4dee37 692.188 38.707 411.077 270.000 90.000 0.000 1.000 1.000 1.000
70ce34bd31824b039f3780636355d49e 740.188 38.707 411.077 270.000 270.000 0.000 1.000 1.000 1.000
cd7bc5fafe044e59843f8e38f579bae2 716.096 38.711 387.224 270.000 90.000 0.000 1.000 1.000 1.000
6e3ca6bc668446abb996bf0a60ef31e7 765.923 38.682 462.300 270.000 90.000 0.000 1.000 1.000 1.000
fe65ea3208654738ac6c54c589e0e363 765.807 38.725 437.830 270.000 -0.000 0.000 1.000 1.000 1.000
53ad0da716c547e89fa2d538b9cccb02 714.878 38.668 444.918 270.000 270.000 0.000 1.000 1.000 1.000 House_03
26102ac2d37e4662b99258c29f8fdb2c 689.759 38.727 436.104 270.000 -0.000 0.000 1.000 1.000 1.000
019caf7c72a5446eb3dd666e759c1f91 740.188 38.707 411.077 270.000 270.000 0.000 1.000 1.000 1.000
42229938f39b4ccd9f0228c4d0ef972c 750.348 39.242 421.215 270.000 90.000 0.000 1.000 1.000 1.000
42229938f39b4ccd9f0228c4d0ef972c 730.158 39.242 421.234 270.000 -0.000 0.000 1.000 1.000 1.000
42229938f39b4ccd9f0228c4d0ef972c 729.899 39.242 400.737 270.000 270.000 0.000 1.000 1.000 1.000
42229938f39b4ccd9f0228c4d0ef972c 750.348 39.242 401.121 270.000 180.000 0.000 1.000 1.000 1.000
9bce22473d334aefad8864f0bc8447cb 730.105 39.104 436.195 273.546 90.000 197.000 1.000 1.000 1.000
99c4048f91634e45986add0a89ffc2df 730.455 39.083 437.738 273.546 90.000 188.000 1.000 1.000 1.000
734aa6d8bb7642618c4b3522de821ee4 730.190 39.057 459.077 270.000 180.000 0.000 1.000 1.000 1.000
734aa6d8bb7642618c4b3522de821ee4 750.190 39.057 459.076 270.000 180.000 0.000 1.000 1.000 1.000
734aa6d8bb7642618c4b3522de821ee4 730.189 39.057 387.077 270.000 180.000 0.000 1.000 1.000 1.000
734aa6d8bb7642618c4b3522de821ee4 692.189 39.057 401.077 270.000 180.000 0.000 1.000 1.000 1.000
734aa6d8bb7642618c4b3522de821ee4 692.189 39.057 421.077 270.000 180.000 0.000 1.000 1.000 1.000
40921a1a3cd742f69cc25cc25b856572 700.611 38.381 426.360 270.000 270.000 0.000 1.000 1.000 1.000
40921a1a3cd742f69cc25cc25b856572 700.611 38.381 430.522 270.000 270.000 0.000 1.000 1.000 1.000
40921a1a3cd742f69cc25cc25b856572 700.611 38.381 438.866 270.000 270.000 0.000 1.000 1.000 1.000
40921a1a3cd742f69cc25cc25b856572 700.611 38.381 434.704 270.000 270.000 0.000 1.000 1.000 1.000
40921a1a3cd742f69cc25cc25b856572 700.611 38.381 455.527 270.000 270.000 0.000 1.000 1.000 1.000
40921a1a3cd742f69cc25cc25b856572 700.611 38.381 451.365 270.000 270.000 0.000 1.000 1.000 1.000
40921a1a3cd742f69cc25cc25b856572 700.611 38.381 447.183 270.000 270.000 0.000 1.000 1.000 1.000
40921a1a3cd742f69cc25cc25b856572 700.611 38.381 443.021 270.000 270.000 0.000 1.000 1.000 1.000
40921a1a3cd742f69cc25cc25b856572 700.611 38.381 468.006 270.000 270.000 0.000 1.000 1.000 1.000
40921a1a3cd742f69cc25cc25b856572 700.611 38.381 463.825 270.000 270.000 0.000 1.000 1.000 1.000
40921a1a3cd742f69cc25cc25b856572 700.611 38.381 459.662 270.000 270.000 0.000 1.000 1.000 1.000
205a7602a5104e38a138b93a3f07d9cf 766.122 38.536 390.446 270.000 270.000 0.000 1.000 1.000 1.000
4a874717e96245638786ae053fca74e5 765.819 38.381 421.598 270.000 -0.000 0.000 1.000 1.000 1.000
3ae249c445724a41b7a2621e1864bdc1 765.920 38.381 424.452 270.000 -0.000 0.000 1.000 1.000 1.000
3ae249c445724a41b7a2621e1864bdc1 761.821 38.381 424.452 270.000 -0.000 0.000 1.000 1.000 1.000
40921a1a3cd742f69cc25cc25b856572 701.420 38.381 387.299 270.000 90.000 0.000 1.000 1.000 1.000
40921a1a3cd742f69cc25cc25b856572 701.420 38.381 395.680 270.000 90.000 0.000 1.000 1.000 1.000
40921a1a3cd742f69cc25cc25b856572 701.420 38.381 391.489 270.000 90.000 0.000 1.000 1.000 1.000
daa453b1ed27491ea396a67fb2c0503f 698.160 43.524 387.794 270.000 180.000 0.000 1.000 1.000 1.000
e9ce671e95c14e60a12cf755f25dce3f 691.302 38.381 445.846 270.000 180.000 0.000 1.000 1.000 1.000
61e43d05791d4269b626de9bedbf0a03 691.759 38.881 445.886 270.000 -0.000 0.000 1.000 1.000 1.000
a19b3ec55a2046668611c9d2775efd99 690.777 38.881 445.827 270.000 261.000 0.000 1.000 1.000 1.000
a19b3ec55a2046668611c9d2775efd99 693.363 38.381 445.836 270.000 47.000 0.000 1.000 1.000 1.000
cf45d6da9d6a4e129da721948b0b3a8a 719.150 40.275 396.965 270.000 -0.000 0.000 1.000 1.000 1.000
cf45d6da9d6a4e129da721948b0b3a8a 687.039 41.617 387.374 -0.000 90.000 90.000 1.000 1.000 1.000
8548fc360c554b399e98cde4d40eca5d 692.630 40.517 427.301 -0.000 90.000 270.000 1.000 1.000 1.000
8548fc360c554b399e98cde4d40eca5d 722.652 40.083 460.628 270.000 270.000 0.000 1.000 1.000 1.000
8548fc360c554b399e98cde4d40eca5d 756.186 41.800 459.435 90.000 90.000 0.000 1.000 1.000 1.000
cf45d6da9d6a4e129da721948b0b3a8a 764.359 40.471 425.971 270.000 -0.000 0.000 1.000 1.000 1.000
8548fc360c554b399e98cde4d40eca5d 757.373 41.693 387.647 30.000 180.001 90.000 1.000 1.000 1.000
65906f4174724825849478b60ecc348a 725.138 38.711 384.302 270.000 90.000 0.000 1.000 1.000 1.000
84b3a672bc0643d1b12b2b345a88ba46 716.455 39.961 387.509 270.000 10.000 0.000 1.000 1.000 1.000
84b3a672bc0643d1b12b2b345a88ba46 711.114 39.961 387.465 270.000 353.000 0.000 1.000 1.000 1.000
c2ea9b50d4d640438800b9ff553ec627 717.867 38.711 393.391 270.000 -0.000 0.000 1.000 1.000 1.000
c2ea9b50d4d640438800b9ff553ec627 709.867 38.711 393.391 270.000 -0.000 0.000 1.000 1.000 1.000
d4dea3aa823a4244be941b4b114e157d 715.563 43.461 388.211 270.000 -0.000 0.000 1.000 1.000 1.000
d052b477b5bc4b2e8ec64effa1f8776e 714.640 43.461 386.302 270.000 -0.000 0.000 1.000 1.000 1.000
d4dea3aa823a4244be941b4b114e157d 717.643 43.461 384.399 270.000 -0.000 0.000 1.000 1.000 1.000
d052b477b5bc4b2e8ec64effa1f8776e 766.000 43.286 391.350 270.000 -0.000 0.000 1.000 1.000 1.000
d4dea3aa823a4244be941b4b114e157d 763.001 43.286 391.237 270.000 270.000 0.000 1.000 1.000 1.000
d052b477b5bc4b2e8ec64effa1f8776e 763.969 43.575 440.192 270.000 -0.000 0.000 1.000 1.000 1.000
d052b477b5bc4b2e8ec64effa1f8776e 765.969 43.575 437.192 270.000 -0.000 0.000 1.000 1.000 1.000
d4dea3aa823a4244be941b4b114e157d 762.486 43.575 437.121 270.000 -0.000 0.000 1.000 1.000 1.000
d4dea3aa823a4244be941b4b114e157d 765.010 43.575 442.321 270.000 180.000 0.000 1.000 1.000 1.000
d4dea3aa823a4244be941b4b114e157d 693.554 43.477 430.651 270.000 -0.000 0.000 1.000 1.000 1.000
717ae274519f4f4fa760e6fbf4a3614b 681.908 40.149 384.907 345.000 90.000 270.000 1.000 1.000 1.000
84b3a672bc0643d1b12b2b345a88ba46 688.532 39.977 433.793 270.000 176.000 0.000 1.000 1.000 1.000
a305bcc1cdaa486fb91d05201e7d3e6f 687.580 38.727 443.827 270.000 -0.000 0.000 1.000 1.000 1.000
a305bcc1cdaa486fb91d05201e7d3e6f 686.122 38.727 443.827 270.000 -0.000 0.000 1.000 1.000 1.000
a305bcc1cdaa486fb91d05201e7d3e6f 689.056 38.727 443.827 270.000 -0.000 0.000 1.000 1.000 1.000
a305bcc1cdaa486fb91d05201e7d3e6f 690.502 38.727 443.827 270.000 -0.000 0.000 1.000 1.000 1.000
c2ea9b50d4d640438800b9ff553ec627 686.315 38.727 438.827 270.000 -0.000 0.000 1.000 1.000 1.000
c2ea9b50d4d640438800b9ff553ec627 690.315 38.727 438.827 270.000 -0.000 0.000 1.000 1.000 1.000
de77f2af2bfd49e8a3e1c388f1665081 683.241 38.727 430.547 270.000 270.000 0.000 1.000 1.000 1.000
6b1dc75a2d88411bbc3af6843e71db02 696.259 41.456 439.768 270.000 90.000 0.000 1.000 1.000 1.000
ae22774b549f44d29926a956ac6c0a4d 693.584 38.727 428.382 270.000 180.000 0.000 1.000 1.000 1.000
84b3a672bc0643d1b12b2b345a88ba46 761.113 39.932 463.482 270.000 269.000 0.000 1.000 1.000 1.000
54ce5b19a2564000bd0227e9a51410a0 765.866 38.713 455.586 270.000 7.000 0.000 1.000 1.000 1.000 Cardboard_1
f469ad7065fb4e4a9ca2160fa58354b4 765.809 38.725 432.203 270.000 -0.000 0.000 1.000 1.000 1.000
de77f2af2bfd49e8a3e1c388f1665081 766.148 38.536 395.950 270.000 90.000 0.000 1.000 1.000 1.000
84b3a672bc0643d1b12b2b345a88ba46 766.386 39.795 391.651 270.000 270.000 0.000 1.000 1.000 1.000
84b3a672bc0643d1b12b2b345a88ba46 766.386 39.795 387.014 270.000 266.000 0.000 1.000 1.000 1.000
120685628efd43c0b05ecec83006a5a7 759.647 38.536 396.191 270.000 270.000 0.000 1.000 1.000 1.000
120685628efd43c0b05ecec83006a5a7 759.647 38.536 384.710 270.000 270.000 0.000 1.000 1.000 1.000
e9f0b774202d420aa3a2b0dc661570da 765.807 38.695 434.830 270.000 180.000 0.000 1.000 1.000 1.000
84b3a672bc0643d1b12b2b345a88ba46 766.335 39.945 434.391 270.000 84.000 0.000 1.000 1.000 1.000
3d37d6da42a34f19b6b6a25e3ab8eaab 762.807 38.725 441.224 270.000 180.000 0.000 1.000 1.000 1.000
7259ea03530a4ff880e857ca62a0c662 756.769 38.725 443.219 270.000 270.000 0.000 1.000 1.000 1.000
7259ea03530a4ff880e857ca62a0c662 756.769 38.725 441.753 270.000 270.000 0.000 1.000 1.000 1.000
7259ea03530a4ff880e857ca62a0c662 756.769 38.725 444.695 270.000 270.000 0.000 1.000 1.000 1.000
7259ea03530a4ff880e857ca62a0c662 756.769 38.725 440.261 270.000 270.000 0.000 1.000 1.000 1.000
7259ea03530a4ff880e857ca62a0c662 756.769 38.725 446.190 270.000 270.000 0.000 1.000 1.000 1.000
3d37d6da42a34f19b6b6a25e3ab8eaab 762.807 38.725 445.224 270.000 180.000 0.000 1.000 1.000 1.000
c2ea9b50d4d640438800b9ff553ec627 713.867 38.711 393.391 270.000 -0.000 0.000 1.000 1.000 1.000
a94b6d3b1d164f21a173548e3cb8a566 716.336 43.418 454.747 270.000 270.000 0.000 1.000 1.000 1.000 Bed_0
0e8c0a20e8e947018e8e5859f0a4064f 715.235 43.418 457.186 270.000 -0.000 0.000 1.000 1.000 1.000
0e8c0a20e8e947018e8e5859f0a4064f 715.235 43.418 452.333 270.000 -0.000 0.000 1.000 1.000 1.000
8388edfa33b84f78ad7f5d277412433b 712.040 43.418 458.801 270.000 180.000 0.000 1.000 1.000 1.000 Wardrobe_1
98e78ae063ac4fb3bc382a03e437260d 715.104 44.606 457.335 270.000 290.000 0.000 1.000 1.000 1.000
8cffc239fd2d4a8383b0cc60399a5b35 719.449 43.418 445.052 270.000 -0.000 0.000 1.000 1.000 1.000
b489a8a63fca4d179fd315cbae8b6ed7 709.378 46.067 434.673 270.000 270.000 0.000 1.000 1.000 1.000
ae22774b549f44d29926a956ac6c0a4d 714.962 43.419 434.627 270.000 90.000 0.000 1.000 1.000 1.000
0e8c0a20e8e947018e8e5859f0a4064f 714.962 43.419 432.196 270.000 -0.000 0.000 1.000 1.000 1.000
0e8c0a20e8e947018e8e5859f0a4064f 714.962 43.419 437.196 270.000 -0.000 0.000 1.000 1.000 1.000
87806c2130bc4bd8b4f3276edf2222a6 710.279 43.418 434.555 270.000 -0.000 0.000 1.000 1.000 1.000
0fcf5364097e4a199d419a9cf2a60dd7 710.276 43.615 434.133 -0.000 0.000 270.000 1.000 1.000 1.000
366521728ff44c17a184f991a4c9cc27 710.499 44.656 434.044 -0.000 287.000 0.000 1.000 1.000 1.000
c3231627118d41d3b6fc4032edb79c46 710.417 44.705 434.765 -0.000 270.000 0.000 1.000 1.000 1.000
e7572f0283b8411fbbc55ee6cae3bb97 710.362 38.668 446.974 270.000 -0.000 0.000 1.000 1.000 1.000 Bed_0
f463c0c6285544ac86845d98a07d73a9 711.560 38.668 441.360 270.000 180.000 0.000 1.000 1.000 1.000
0e8c0a20e8e947018e8e5859f0a4064f 712.282 38.668 448.104 270.000 -0.000 0.000 1.000 1.000 1.000
29ea162548484889be12ecd51bf6294c 712.369 39.856 448.294 270.000 330.000 0.000 1.000 1.000 1.000
68339521990c4d70903dfd68da2cd886 715.098 38.668 451.249 270.000 270.000 0.000 1.000 1.000 1.000
90da84de3f214d129de92b6ee8df60af 715.101 38.668 453.251 270.000 270.000 0.000 1.000 1.000 1.000
c2ea9b50d4d640438800b9ff553ec627 721.335 38.668 453.088 270.000 -0.000 0.000 1.000 1.000 1.000
c2ea9b50d4d640438800b9ff553ec627 721.335 38.668 458.850 270.000 -0.000 0.000 1.000 1.000 1.000
b06ca473809a47a1bb47e72bedd0e421 719.805 38.668 443.256 270.000 -0.000 0.000 1.000 1.000 1.000
050dbe869b1c4fd5b215c552d145effd 721.787 38.668 434.264 270.000 90.000 0.000 1.000 1.000 1.000
050dbe869b1c4fd5b215c552d145effd 721.787 38.668 431.335 270.000 90.000 0.000 1.000 1.000 1.000
0aeeefaf364f46f9906aff76c40c6d2b 721.787 38.668 432.801 270.000 90.000 0.000 1.000 1.000 1.000
050dbe869b1c4fd5b215c552d145effd 721.787 43.021 438.664 90.000 270.000 0.000 1.000 1.000 1.000
050dbe869b1c4fd5b215c552d145effd 721.787 43.021 435.734 90.000 270.000 0.000 1.000 1.000 1.000
050dbe869b1c4fd5b215c552d145effd 721.787 43.021 434.262 90.000 270.000 0.000 1.000 1.000 1.000
050dbe869b1c4fd5b215c552d145effd 721.787 43.021 432.816 90.000 270.000 0.000 1.000 1.000 1.000
050dbe869b1c4fd5b215c552d145effd 721.787 43.021 431.322 90.000 270.000 0.000 1.000 1.000 1.000
050dbe869b1c4fd5b215c552d145effd 721.787 43.021 437.198 90.000 270.000 0.000 1.000 1.000 1.000
e4f33bd5aafb4204904ea375c00de967 714.866 38.668 456.702 270.000 270.000 0.000 1.000 1.000 1.000
a305bcc1cdaa486fb91d05201e7d3e6f 721.555 38.668 437.182 270.000 90.000 0.000 1.000 1.000 1.000
086b683233c245968b38d98c2c9e10f1 721.555 38.668 438.678 270.000 90.000 0.000 1.000 1.000 1.000
91dbbf923c8c401bb6b2d56084783f73 721.787 38.668 435.719 270.000 90.000 0.000 1.000 1.000 1.000
2d1daa0412b94503aa57a5b422187d48 721.679 40.018 431.399 270.000 95.000 0.000 1.000 1.000 1.000
87806c2130bc4bd8b4f3276edf2222a6 713.374 38.668 436.159 270.000 -0.000 0.000 1.000 1.000 1.000
87806c2130bc4bd8b4f3276edf2222a6 713.374 38.668 433.668 270.000 -0.000 0.000 1.000 1.000 1.000
9215cb84c2a942d084fa1dffa0031949 714.317 38.668 433.565 270.000 90.000 0.000 1.000 1.000 1.000
9215cb84c2a942d084fa1dffa0031949 714.317 38.668 436.010 270.000 90.000 0.000 1.000 1.000 1.000
9215cb84c2a942d084fa1dffa0031949 712.183 38.668 433.565 270.000 270.000 0.000 1.000 1.000 1.000
9215cb84c2a942d084fa1dffa0031949 712.183 38.668 436.010 270.000 270.000 0.000 1.000 1.000 1.000
584641f35e8540ec85ed88f3aca40622 719.623 43.418 461.725 270.000 -0.000 0.000 1.000 1.000 1.000
ce6db4c70aee4e59afa82271d2aca431 721.902 40.168 437.489 270.000 345.000 0.000 1.000 1.000 1.000
91dbbf923c8c401bb6b2d56084783f73 693.789 38.727 444.128 270.000 -0.000 0.000 1.000 1.000 1.000
02923364713c4385a2bdaa7221d717ae 695.768 38.727 441.299 270.000 90.000 0.000 1.000 1.000 1.000
02923364713c4385a2bdaa7221d717ae 695.768 38.727 438.339 270.000 90.000 0.000 1.000 1.000 1.000
e4f33bd5aafb4204904ea375c00de967 695.768 38.727 439.816 270.000 90.000 0.000 1.000 1.000 1.000
be02c0e774714f2a963e8d6ee54bbabf 761.966 38.381 450.195 270.000 180.000 0.000 1.000 1.000 1.000
bc4b9a034fe04c669285becc489d01a0 666.733 38.404 398.207 270.000 270.000 0.000 1.000 1.000 1.000
bc4b9a034fe04c669285becc489d01a0 755.305 38.381 484.028 270.000 183.001 0.000 1.000 1.000 1.000
a31640c238084120a4cc7dce956cb7eb 730.576 38.687 447.077 270.000 270.000 0.000 1.000 1.000 1.000
a31640c238084120a4cc7dce956cb7eb 749.802 38.687 447.076 270.000 90.000 0.000 1.000 1.000 1.000
a31640c238084120a4cc7dce956cb7eb 704.189 38.687 401.464 270.000 180.000 0.000 1.000 1.000 1.000
a31640c238084120a4cc7dce956cb7eb 704.189 38.687 420.690 270.000 -0.000 0.000 1.000 1.000 1.000
21b7d7de3f234265ac93a659b78a4056 758.136 39.723 385.008 270.000 8.000 0.000 1.000 1.000 1.000
7a7212d2746742fa8141682e965f84cc 722.677 42.041 432.409 -0.000 270.000 270.000 1.000 1.000 1.000
7a7212d2746742fa8141682e965f84cc 722.677 42.041 437.409 -0.000 270.000 270.000 1.000 1.000 1.000
7a7212d2746742fa8141682e965f84cc 722.677 42.041 459.097 -0.000 270.000 270.000 1.000 1.000 1.000
7a7212d2746742fa8141682e965f84cc 722.677 42.041 452.730 -0.000 270.000 270.000 1.000 1.000 1.000
91c7b343d13446faba663d2f63e03276 715.912 41.926 462.665 270.000 -0.000 0.000 1.000 1.000 1.000
91c7b343d13446faba663d2f63e03276 720.639 46.594 436.034 270.000 90.000 0.000 1.000 1.000 1.000
aa5713bdfae44bacbc36979248e25128 756.177 41.898 467.364 270.000 90.000 0.000 1.000 1.000 1.000
aa5713bdfae44bacbc36979248e25128 757.907 42.104 426.004 270.000 -0.000 0.000 1.000 1.000 1.000
aa5713bdfae44bacbc36979248e25128 757.404 41.805 399.118 270.000 270.000 0.000 1.000 1.000 1.000
91c7b343d13446faba663d2f63e03276 757.404 41.805 386.447 270.000 270.000 0.000 1.000 1.000 1.000
91c7b343d13446faba663d2f63e03276 696.302 42.023 387.392 270.000 -0.000 0.000 1.000 1.000 1.000
aa5713bdfae44bacbc36979248e25128 686.681 41.988 427.410 270.000 -0.000 0.000 1.000 1.000 1.000
91c7b343d13446faba663d2f63e03276 709.231 41.967 436.112 270.000 270.000 0.000 1.000 1.000 1.000
bc4b9a034fe04c669285becc489d01a0 753.874 38.381 551.493 270.000 173.000 0.000 1.000 1.000 1.000
bc4b9a034fe04c669285becc489d01a0 751.401 38.381 598.522 270.000 171.000 0.000 1.000 1.000 1.000
bc4b9a034fe04c669285becc489d01a0 742.058 38.381 666.209 270.000 161.000 0.000 1.000 1.000 1.000
bc4b9a034fe04c669285becc489d01a0 732.649 38.381 709.954 270.000 157.000 0.000 1.000 1.000 1.000
bc4b9a034fe04c669285becc489d01a0 718.563 38.462 753.547 270.000 157.000 0.000 1.000 1.000 1.000
862a4ad08b0b4899b35ef82309e47919 651.476 44.775 761.167 323.000 90.000 270.000 1.000 1.000 1.000
bc4b9a034fe04c669285becc489d01a0 702.775 38.439 804.297 270.000 160.000 0.000 1.000 1.000 1.000
bc4b9a034fe04c669285becc489d01a0 688.675 38.381 855.778 270.000 169.000 0.000 1.000 1.000 1.000
7e1ad0495e7d4d82bf79d631c07a9e3d 661.279 38.381 996.068 270.000 -0.000 0.000 1.000 1.000 1.000
7e1ad0495e7d4d82bf79d631c07a9e3d 661.279 38.381 1020.068 270.000 -0.000 0.000 1.000 1.000 1.000
9bd2e0ef06e54927ae2f39394a466b8e 661.279 38.381 972.068 270.000 -0.000 0.000 1.000 1.000 1.000
b047e1fb621e499d8803ce0d90e5b241 675.133 35.226 941.280 270.000 150.000 0.000 1.000 1.000 1.000
b55c500ae0cd4b40904bf75578173812 674.768 36.588 941.912 270.000 150.000 0.000 1.000 1.000 1.000
b55c500ae0cd4b40904bf75578173812 674.768 43.328 941.912 270.000 150.000 0.000 1.000 1.000 1.000
6125b4de591b44359237f6d7191dd919 664.204 39.735 972.263 12.000 61.000 270.000 1.000 1.000 1.000
6125b4de591b44359237f6d7191dd919 658.248 35.973 973.575 270.000 -0.000 0.000 1.000 1.000 1.000
6125b4de591b44359237f6d7191dd919 660.255 44.709 975.893 270.000 -0.000 0.000 1.000 1.000 1.000
862a4ad08b0b4899b35ef82309e47919 660.838 35.762 966.545 270.000 102.000 0.000 1.000 1.000 1.000
1844f8668ac841cb8028e65af96f23e3 661.127 38.128 963.389 270.000 -0.000 0.000 1.000 1.000 1.000
a1b84704e21440f59c4e55e2cee59dcd 663.221 38.581 960.633 270.000 275.000 0.000 1.000 1.000 1.000
a1b84704e21440f59c4e55e2cee59dcd 654.978 38.581 960.887 270.000 133.000 0.000 1.000 1.000 1.000
50e414027c70475dbdd9e9ddafcc45bf 658.146 38.801 965.299 295.389 60.892 330.645 1.000 1.000 1.000
716024de5b674e969f3a6af41115ddf4 667.208 38.581 961.064 270.000 256.000 0.000 1.000 1.000 1.000
716024de5b674e969f3a6af41115ddf4 663.303 38.581 960.456 270.000 266.000 0.000 1.000 1.000 1.000
716024de5b674e969f3a6af41115ddf4 659.444 38.581 960.523 270.000 276.000 0.000 1.000 1.000 1.000
716024de5b674e969f3a6af41115ddf4 655.514 38.581 961.315 270.000 286.000 0.000 1.000 1.000 1.000
717ae274519f4f4fa760e6fbf4a3614b 674.541 38.382 946.144 270.000 44.000 0.000 1.000 1.000 1.000
cb0d8bf87fca47e3b73f634959a9f523 672.149 38.381 940.328 270.000 57.000 0.000 1.000 1.000 1.000
07132524c8554ac4b24fd7618b32c297 674.059 38.668 945.667 270.000 32.000 0.000 1.000 1.000 1.000
247828ef63574258b6e1be743309c028 675.020 38.637 946.766 270.000 50.000 0.000 1.000 1.000 1.000
054a9392fed9484e950ff92d13631f06 673.369 38.381 938.958 270.000 340.000 0.000 1.000 1.000 1.000
4ca1de6fdcc84b6bbc4a76c3ad394739 671.739 38.410 938.763 270.000 -0.000 0.000 1.000 1.000 1.000
756faa5eea0b4df7b2602e1d77932057 679.513 38.422 941.087 270.000 -0.000 0.000 1.000 1.000 1.000
aacd164d8e4041aab78179c7886f4461 679.545 38.413 940.031 270.000 -0.000 0.000 1.000 1.000 1.000
7dbd37f093314f4d99c3d33a0cc89931 664.686 38.915 931.470 332.000 101.000 90.000 1.000 1.000 1.000
1844f8668ac841cb8028e65af96f23e3 665.967 38.207 933.318 270.000 -0.000 0.000 1.000 1.000 1.000
1844f8668ac841cb8028e65af96f23e3 665.062 38.137 929.448 270.000 133.000 0.000 1.000 1.000 1.000
bca7ab61ae6046aeb5bcc4832202a29a 664.514 40.081 933.417 330.000 90.000 270.000 1.000 1.000 1.000
bca7ab61ae6046aeb5bcc4832202a29a 663.851 40.182 929.825 347.000 90.000 282.000 1.000 1.000 1.000
bc4b9a034fe04c669285becc489d01a0 678.721 38.381 904.359 270.000 176.000 0.000 1.000 1.000 1.000
862a4ad08b0b4899b35ef82309e47919 735.424 55.198 963.080 316.373 240.642 108.154 1.000 1.000 1.000
91c7b343d13446faba663d2f63e03276 674.581 48.319 945.353 270.000 345.000 0.000 1.000 1.000 1.000
862a4ad08b0b4899b35ef82309e47919 801.840 76.443 -829.746 314.744 327.848 24.058 1.000 1.000 1.000
e796fc2a42f440529cc1a24ac59b4b24 781.438 38.381 -689.147 270.000 225.000 0.000 1.000 1.000 1.000
e796fc2a42f440529cc1a24ac59b4b24 772.731 38.381 -680.441 270.000 225.000 0.000 1.000 1.000 1.000
e796fc2a42f440529cc1a24ac59b4b24 777.076 38.381 -684.785 270.000 225.000 0.000 1.000 1.000 1.000
e796fc2a42f440529cc1a24ac59b4b24 772.666 38.381 -689.176 270.000 225.000 0.000 1.000 1.000 1.000
e796fc2a42f440529cc1a24ac59b4b24 768.311 38.381 -684.822 270.000 225.000 0.000 1.000 1.000 1.000
e796fc2a42f440529cc1a24ac59b4b24 768.360 38.381 -676.069 270.000 225.000 0.000 1.000 1.000 1.000
e796fc2a42f440529cc1a24ac59b4b24 785.773 38.381 -697.943 270.000 315.000 0.000 1.000 1.000 1.000
e796fc2a42f440529cc1a24ac59b4b24 785.782 38.381 -693.491 270.000 225.000 0.000 1.000 1.000 1.000
e796fc2a42f440529cc1a24ac59b4b24 777.011 38.381 -693.522 270.000 225.000 0.000 1.000 1.000 1.000
e796fc2a42f440529cc1a24ac59b4b24 777.018 38.381 -697.953 270.000 315.000 0.000 1.000 1.000 1.000
e796fc2a42f440529cc1a24ac59b4b24 781.391 38.381 -702.325 270.000 315.000 0.000 1.000 1.000 1.000
e796fc2a42f440529cc1a24ac59b4b24 777.015 38.381 -706.701 270.000 315.000 0.000 1.000 1.000 1.000
e796fc2a42f440529cc1a24ac59b4b24 772.642 38.381 -702.329 270.000 315.000 0.000 1.000 1.000 1.000
e796fc2a42f440529cc1a24ac59b4b24 772.661 38.381 -711.055 270.000 315.000 0.000 1.000 1.000 1.000
e796fc2a42f440529cc1a24ac59b4b24 768.288 38.381 -706.683 270.000 315.000 0.000 1.000 1.000 1.000
e796fc2a42f440529cc1a24ac59b4b24 768.284 38.381 -715.432 270.000 315.000 0.000 1.000 1.000 1.000
6125b4de591b44359237f6d7191dd919 846.978 56.976 -747.907 270.000 255.000 0.000 1.000 1.000 1.000
862a4ad08b0b4899b35ef82309e47919 862.491 59.753 -665.889 314.788 256.453 104.178 1.000 1.000 1.000
6125b4de591b44359237f6d7191dd919 800.756 59.081 -589.463 270.000 -0.000 0.000 1.000 1.000 1.000
6125b4de591b44359237f6d7191dd919 813.264 64.425 -593.798 270.000 355.000 0.000 1.357 1.000 1.000
ee402fc9debe4f03bffb31a49eb04fb7 857.419 53.444 -391.134 327.457 10.694 354.199 1.000 1.000 1.000
862a4ad08b0b4899b35ef82309e47919 891.835 44.141 -394.639 323.016 38.751 334.227 1.000 1.000 1.000
6125b4de591b44359237f6d7191dd919 830.744 43.945 -385.230 270.000 -0.000 0.000 1.000 1.000 1.000
862a4ad08b0b4899b35ef82309e47919 791.680 54.282 -55.190 311.400 304.503 62.724 1.000 1.000 1.000
ee402fc9debe4f03bffb31a49eb04fb7 784.766 52.593 0.719 315.000 270.000 90.000 1.000 1.000 1.000
862a4ad08b0b4899b35ef82309e47919 785.055 53.060 33.669 317.654 282.219 261.700 1.000 1.000 1.000
862a4ad08b0b4899b35ef82309e47919 818.678 70.883 133.448 309.342 282.427 10.476 1.000 1.000 1.000
27501590239d4699a8dc001efa4dee37 788.188 38.707 363.077 270.000 270.000 0.000 1.000 1.000 1.000
734aa6d8bb7642618c4b3522de821ee4 788.188 39.059 373.077 270.000 270.000 0.000 1.000 1.000 1.000
734aa6d8bb7642618c4b3522de821ee4 788.188 39.059 353.077 270.000 270.000 0.000 1.000 1.000 1.000
3da2faf13e984b0e9306fcaf55b6a23c 789.622 38.605 339.313 270.000 180.000 0.000 1.000 1.000 1.000
40921a1a3cd742f69cc25cc25b856572 777.879 38.381 347.296 270.000 90.000 0.000 1.000 1.000 1.000
40921a1a3cd742f69cc25cc25b856572 777.879 38.381 343.144 270.000 90.000 0.000 1.000 1.000 1.000
40921a1a3cd742f69cc25cc25b856572 777.879 38.381 334.824 270.000 90.000 0.000 1.000 1.000 1.000
40921a1a3cd742f69cc25cc25b856572 777.879 38.381 338.975 270.000 90.000 0.000 1.000 1.000 1.000
40921a1a3cd742f69cc25cc25b856572 777.879 38.381 318.193 270.000 90.000 0.000 1.000 1.000 1.000
40921a1a3cd742f69cc25cc25b856572 777.879 38.381 322.345 270.000 90.000 0.000 1.000 1.000 1.000
40921a1a3cd742f69cc25cc25b856572 777.879 38.381 326.514 270.000 90.000 0.000 1.000 1.000 1.000
40921a1a3cd742f69cc25cc25b856572 777.879 38.381 330.665 270.000 90.000 0.000 1.000 1.000 1.000
40921a1a3cd742f69cc25cc25b856572 777.879 38.381 309.838 270.000 90.000 0.000 1.000 1.000 1.000
40921a1a3cd742f69cc25cc25b856572 777.879 38.381 313.989 270.000 90.000 0.000 1.000 1.000 1.000
e73f9a6daf7f4852a60374999a0723a6 784.075 38.374 330.569 270.000 -0.000 0.000 1.000 1.000 1.000
a19b3ec55a2046668611c9d2775efd99 784.525 38.881 330.642 270.000 -0.000 0.000 1.000 1.000 1.000
8548fc360c554b399e98cde4d40eca5d 786.242 40.004 378.204 270.000 -0.000 0.000 1.000 1.000 1.000
cf45d6da9d6a4e129da721948b0b3a8a 795.269 41.596 347.035 -0.000 270.000 90.000 1.000 1.000 1.000
d4dea3aa823a4244be941b4b114e157d 794.336 43.399 380.949 270.000 180.000 0.000 1.000 1.000 1.000
d4dea3aa823a4244be941b4b114e157d 793.119 43.355 335.228 270.000 -0.000 0.000 1.000 1.000 1.000
d4dea3aa823a4244be941b4b114e157d 793.119 43.355 337.228 270.000 -0.000 0.000 1.000 1.000 1.000
c2ea9b50d4d640438800b9ff553ec627 768.788 38.536 381.411 270.000 -0.000 0.000 1.000 1.000 1.000
c2ea9b50d4d640438800b9ff553ec627 772.788 38.536 381.411 270.000 -0.000 0.000 1.000 1.000 1.000
87806c2130bc4bd8b4f3276edf2222a6 787.080 38.649 381.689 270.000 -0.000 0.000 1.000 1.000 1.000
84b3a672bc0643d1b12b2b345a88ba46 787.296 39.836 381.230 270.000 98.000 0.000 1.000 1.000 1.000
9215cb84c2a942d084fa1dffa0031949 786.094 38.649 381.859 270.000 270.000 0.000 1.000 1.000 1.000
c2ea9b50d4d640438800b9ff553ec627 793.948 38.649 380.941 270.000 270.000 0.000 1.000 1.000 1.000
84b3a672bc0643d1b12b2b345a88ba46 790.338 39.817 336.201 270.000 79.000 0.000 1.000 1.000 1.000
b06ca473809a47a1bb47e72bedd0e421 787.728 38.605 346.100 270.000 -0.000 0.000 1.000 1.000 1.000
156a673581474f6aa368ff6e08b8f25a 787.222 39.817 337.626 270.000 -0.000 0.000 1.000 1.000 1.000
156a673581474f6aa368ff6e08b8f25a 784.222 39.817 337.626 270.000 -0.000 0.000 1.000 1.000 1.000
f463c0c6285544ac86845d98a07d73a9 783.935 38.605 332.195 270.000 180.000 0.000 1.000 1.000 1.000
02923364713c4385a2bdaa7221d717ae 789.181 38.605 332.335 270.000 180.000 0.000 1.000 1.000 1.000
02923364713c4385a2bdaa7221d717ae 786.241 38.605 332.335 270.000 180.000 0.000 1.000 1.000 1.000
e4f33bd5aafb4204904ea375c00de967 787.694 38.605 332.335 270.000 180.000 0.000 1.000 1.000 1.000
87806c2130bc4bd8b4f3276edf2222a6 793.963 38.605 345.720 270.000 270.000 0.000 1.000 1.000 1.000
2e060a3768094817887d5f2c8d884d61 783.974 38.605 344.812 270.000 330.000 0.000 1.000 1.000 1.000
2e060a3768094817887d5f2c8d884d61 795.671 38.605 335.540 270.000 330.000 0.000 1.000 1.000 1.000
9215cb84c2a942d084fa1dffa0031949 792.668 38.605 345.808 270.000 270.000 0.000 1.000 1.000 1.000
9215cb84c2a942d084fa1dffa0031949 795.072 38.605 345.672 270.000 93.000 0.000 1.000 1.000 1.000
d412f1a6b4c9404a88de772651615e4b 786.482 38.605 345.251 270.000 75.000 0.000 1.000 1.000 1.000
d412f1a6b4c9404a88de772651615e4b 783.597 38.605 342.487 270.000 195.000 0.000 1.000 1.000 1.000
52d575ae564f46649523c98875130784 784.060 39.793 344.465 270.000 304.000 0.000 1.000 1.000 1.000
449513fcccb0441abbc8ac47ca0e4440 793.852 39.793 345.752 270.000 279.000 0.000 1.000 1.000 1.000
9215cb84c2a942d084fa1dffa0031949 795.772 38.605 337.107 270.000 11.000 0.000 1.000 1.000 1.000
9215cb84c2a942d084fa1dffa0031949 795.707 38.605 334.043 270.000 163.000 0.000 1.000 1.000 1.000
9215cb84c2a942d084fa1dffa0031949 794.077 38.605 335.547 270.000 270.000 0.000 1.000 1.000 1.000
68339521990c4d70903dfd68da2cd886 768.086 38.638 319.191 270.000 90.000 0.000 1.000 1.000 1.000
90da84de3f214d129de92b6ee8df60af 768.086 38.638 321.191 270.000 90.000 0.000 1.000 1.000 1.000
8388edfa33b84f78ad7f5d277412433b 768.457 38.638 327.383 270.000 90.000 0.000 1.000 1.000 1.000 Wardrobe_0
6125b4de591b44359237f6d7191dd919 859.019 51.736 366.460 270.000 -0.000 0.000 1.000 1.000 1.000
ee402fc9debe4f03bffb31a49eb04fb7 839.769 53.741 303.483 321.000 306.000 90.000 1.000 1.000 1.000
ee402fc9debe4f03bffb31a49eb04fb7 853.701 52.445 338.227 315.000 280.000 180.001 1.000 1.000 1.000
a31640c238084120a4cc7dce956cb7eb 776.188 38.687 353.463 270.000 180.000 0.000 1.000 1.000 1.000
a31640c238084120a4cc7dce956cb7eb 776.188 38.687 372.689 270.000 -0.000 0.000 1.000 1.000 1.000
91c7b343d13446faba663d2f63e03276 785.590 41.908 378.127 270.000 -0.000 0.000 1.000 1.000 1.000
aa5713bdfae44bacbc36979248e25128 785.499 41.908 347.047 270.000 -0.000 0.000 1.000 1.000 1.000
da1c87cc3a2745829c18a0198a539a90 790.469 38.649 384.879 270.000 -0.000 0.000 1.000 1.000 1.000
3ae249c445724a41b7a2621e1864bdc1 769.823 38.381 424.452 270.000 -0.000 0.000 1.000 1.000 1.000
40921a1a3cd742f69cc25cc25b856572 771.454 38.381 452.255 270.000 270.000 0.000 1.000 1.000 1.000
b2ff709de7a54b09a11a1b3b344e88e5 778.010 38.381 455.080 270.000 -0.000 0.000 1.000 1.000 1.000
b2ff709de7a54b09a11a1b3b344e88e5 778.010 38.381 467.694 270.000 -0.000 0.000 1.000 1.000 1.000
b2ff709de7a54b09a11a1b3b344e88e5 780.163 38.381 457.204 270.000 90.000 0.000 1.000 1.000 1.000
b2ff709de7a54b09a11a1b3b344e88e5 780.163 38.381 461.372 270.000 90.000 0.000 1.000 1.000 1.000
b2ff709de7a54b09a11a1b3b344e88e5 780.163 38.381 465.542 270.000 90.000 0.000 1.000 1.000 1.000
e73f9a6daf7f4852a60374999a0723a6 772.993 38.381 450.901 270.000 180.000 0.000 1.000 1.000 1.000
61e43d05791d4269b626de9bedbf0a03 772.390 38.881 450.895 270.000 272.000 0.000 1.000 1.000 1.000
a19b3ec55a2046668611c9d2775efd99 773.666 38.881 450.961 270.000 266.000 0.000 1.000 1.000 1.000
40921a1a3cd742f69cc25cc25b856572 777.258 38.381 385.678 270.000 180.000 0.000 1.000 1.000 1.000
40921a1a3cd742f69cc25cc25b856572 781.439 38.381 385.678 270.000 180.000 0.000 1.000 1.000 1.000
e73f9a6daf7f4852a60374999a0723a6 777.148 38.381 386.507 270.000 180.000 0.000 1.000 1.000 1.000
e73f9a6daf7f4852a60374999a0723a6 781.334 38.381 386.507 270.000 180.000 0.000 1.000 1.000 1.000
a19b3ec55a2046668611c9d2775efd99 780.904 38.881 386.527 270.000 -0.000 0.000 1.000 1.000 1.000
61e43d05791d4269b626de9bedbf0a03 777.615 38.881 386.393 270.000 282.000 0.000 1.000 1.000 1.000
61e43d05791d4269b626de9bedbf0a03 776.665 38.881 386.516 270.000 -0.000 0.000 1.000 1.000 1.000
d4dea3aa823a4244be941b4b114e157d 769.014 43.286 389.177 270.000 -0.000 0.000 1.000 1.000 1.000
d4dea3aa823a4244be941b4b114e157d 768.943 43.575 434.365 270.000 270.000 0.000 1.000 1.000 1.000
d4dea3aa823a4244be941b4b114e157d 772.766 43.432 466.684 270.000 -0.000 0.000 1.000 1.000 1.000
3d37d6da42a34f19b6b6a25e3ab8eaab 770.394 38.682 458.364 270.000 -0.000 0.000 1.000 1.000 1.000
3d37d6da42a34f19b6b6a25e3ab8eaab 770.394 38.682 462.364 270.000 -0.000 0.000 1.000 1.000 1.000
3d37d6da42a34f19b6b6a25e3ab8eaab 770.394 38.682 466.364 270.000 -0.000 0.000 1.000 1.000 1.000
2e698a7b85e94c019b3f91ec8796a961 776.896 38.422 463.425 270.000 347.000 0.000 1.000 1.000 1.000 Cardboard_1
5f56c3fa62254a5eab04750d1738bae9 771.884 39.906 461.916 270.000 -0.000 0.000 1.000 1.000 1.000 Cardboard_0
579a96c41b3d4175aa984902d5ab368f 768.566 40.645 466.863 270.000 -0.000 0.000 1.000 1.000 1.000 Cardboard_1
2e698a7b85e94c019b3f91ec8796a961 769.252 40.680 458.764 270.000 -0.000 0.000 1.000 1.000 1.000 Cardboard_1
5f56c3fa62254a5eab04750d1738bae9 769.680 39.156 465.895 270.000 -0.000 0.000 1.000 1.000 1.000 Cardboard_0
579a96c41b3d4175aa984902d5ab368f 771.580 39.156 457.830 270.000 -0.000 0.000 1.000 1.000 1.000 Cardboard_1
2e698a7b85e94c019b3f91ec8796a961 770.094 40.684 466.874 270.000 -0.000 0.000 1.000 1.000 1.000 Cardboard_1
54ce5b19a2564000bd0227e9a51410a0 778.383 38.388 459.419 270.000 59.000 0.000 1.000 1.000 1.000 Cardboard_0
5f56c3fa62254a5eab04750d1738bae9 771.215 39.156 466.763 270.000 -0.000 0.000 1.000 1.000 1.000 Cardboard_1
579a96c41b3d4175aa984902d5ab368f 770.782 39.906 462.879 270.000 -0.000 0.000 1.000 1.000 1.000 Cardboard_1
84b3a672bc0643d1b12b2b345a88ba46 771.286 39.773 400.981 270.000 5.000 0.000 1.000 1.000 1.000
02923364713c4385a2bdaa7221d717ae 770.368 38.529 389.671 270.000 270.000 0.000 1.000 1.000 1.000
e4f33bd5aafb4204904ea375c00de967 770.368 38.529 391.122 270.000 270.000 0.000 1.000 1.000 1.000
02923364713c4385a2bdaa7221d717ae 770.368 38.529 392.606 270.000 270.000 0.000 1.000 1.000 1.000
e4f33bd5aafb4204904ea375c00de967 770.368 38.529 394.056 270.000 270.000 0.000 1.000 1.000 1.000
a305bcc1cdaa486fb91d05201e7d3e6f 774.035 38.529 392.589 270.000 90.000 0.000 1.000 1.000 1.000
a305bcc1cdaa486fb91d05201e7d3e6f 774.035 38.529 394.059 270.000 90.000 0.000 1.000 1.000 1.000
a305bcc1cdaa486fb91d05201e7d3e6f 774.035 38.529 391.122 270.000 90.000 0.000 1.000 1.000 1.000
02923364713c4385a2bdaa7221d717ae 770.368 38.529 395.493 270.000 270.000 0.000 1.000 1.000 1.000
56e56fe3b9f24351aa37af59b4869584 774.174 38.529 389.328 270.000 90.000 0.000 1.000 1.000 1.000
086b683233c245968b38d98c2c9e10f1 773.965 38.536 395.966 270.000 90.000 0.000 1.000 1.000 1.000
3d37d6da42a34f19b6b6a25e3ab8eaab 770.807 38.725 441.224 270.000 180.000 0.000 1.000 1.000 1.000
3d37d6da42a34f19b6b6a25e3ab8eaab 770.807 38.725 445.224 270.000 180.000 0.000 1.000 1.000 1.000
c2ea9b50d4d640438800b9ff553ec627 793.948 38.649 384.941 270.000 270.000 0.000 1.000 1.000 1.000
c2ea9b50d4d640438800b9ff553ec627 793.948 38.649 388.941 270.000 270.000 0.000 1.000 1.000 1.000
c2ea9b50d4d640438800b9ff553ec627 786.948 38.649 388.941 270.000 270.000 0.000 1.000 1.000 1.000
be02c0e774714f2a963e8d6ee54bbabf 797.530 38.381 387.089 270.000 270.000 0.000 1.000 1.000 1.000
862a4ad08b0b4899b35ef82309e47919 859.289 56.801 389.370 308.543 258.721 98.866 1.000 1.000 1.000
02923364713c4385a2bdaa7221d717ae 871.216 33.740 636.991 270.000 90.000 0.000 1.000 1.000 1.000
6dfee3a2c4a1420b8ba38f4688f1ec90 871.253 35.116 635.772 270.000 65.000 0.000 1.000 1.000 1.000
d08ea4578da7406a984a36368388b997 871.102 35.116 634.775 270.000 124.000 0.000 1.000 1.000 1.000
02923364713c4385a2bdaa7221d717ae 871.216 33.740 635.511 270.000 90.000 0.000 1.000 1.000 1.000
02923364713c4385a2bdaa7221d717ae 871.216 33.740 634.026 270.000 90.000 0.000 1.000 1.000 1.000
02923364713c4385a2bdaa7221d717ae 871.216 33.740 632.601 270.000 90.000 0.000 1.000 1.000 1.000
02923364713c4385a2bdaa7221d717ae 871.216 33.740 631.149 270.000 90.000 0.000 1.000 1.000 1.000
e796fc2a42f440529cc1a24ac59b4b24 884.724 38.246 627.861 270.000 270.000 0.000 1.000 1.000 1.000
e796fc2a42f440529cc1a24ac59b4b24 884.724 38.246 634.045 270.000 270.000 0.000 1.000 1.000 1.000
daa453b1ed27491ea396a67fb2c0503f 871.089 42.337 620.503 270.000 179.000 0.000 1.000 1.000 1.000
daa453b1ed27491ea396a67fb2c0503f 871.247 37.577 629.767 270.000 179.000 0.000 1.000 1.000 1.000
109490c43e274d07ba8a4778d89bf50f 877.741 42.276 629.543 270.000 90.000 0.000 1.000 1.000 1.000
109490c43e274d07ba8a4778d89bf50f 877.741 42.276 624.543 270.000 90.000 0.000 1.000 1.000 1.000
4ca1de6fdcc84b6bbc4a76c3ad394739 874.067 38.543 621.702 270.000 194.000 0.000 1.000 1.000 1.000
756faa5eea0b4df7b2602e1d77932057 873.445 38.543 622.698 270.000 194.000 0.000 1.000 1.000 1.000
aacd164d8e4041aab78179c7886f4461 874.578 38.543 622.717 270.000 194.000 0.000 1.000 1.000 1.000
4ca1de6fdcc84b6bbc4a76c3ad394739 874.822 38.945 624.902 0.000 325.000 180.001 1.000 1.000 1.000
cb0d8bf87fca47e3b73f634959a9f523 881.905 38.517 623.424 270.000 194.000 0.000 1.000 1.000 1.000
cb0d8bf87fca47e3b73f634959a9f523 880.412 38.517 623.016 270.000 165.000 0.000 1.000 1.000 1.000
054a9392fed9484e950ff92d13631f06 881.875 38.517 627.024 270.000 93.000 0.000 1.000 1.000 1.000
cb0d8bf87fca47e3b73f634959a9f523 882.135 38.517 628.614 270.000 92.000 0.000 1.000 1.000 1.000
e796fc2a42f440529cc1a24ac59b4b24 875.409 38.245 618.573 270.000 -0.000 0.000 1.000 1.000 1.000
e796fc2a42f440529cc1a24ac59b4b24 881.574 38.246 618.573 270.000 -0.000 0.000 1.000 1.000 1.000
e796fc2a42f440529cc1a24ac59b4b24 884.724 38.246 621.696 270.000 270.000 0.000 1.000 1.000 1.000
daa453b1ed27491ea396a67fb2c0503f 882.227 42.338 620.697 270.000 179.000 0.000 1.000 1.000 1.000
717ae274519f4f4fa760e6fbf4a3614b 877.598 39.743 621.032 330.000 -0.000 270.000 1.000 1.000 1.000
054a9392fed9484e950ff92d13631f06 881.838 38.517 621.569 270.000 174.000 0.000 1.000 1.000 1.000
2c7cff9158b445b2a7ac437a3ac38806 867.300 36.208 629.558 270.000 180.000 0.000 1.000 1.000 1.000
109490c43e274d07ba8a4778d89bf50f 867.888 37.523 635.703 270.000 90.000 0.000 1.000 1.000 1.000
e796fc2a42f440529cc1a24ac59b4b24 869.239 38.245 618.573 270.000 -0.000 0.000 1.000 1.000 1.000
02923364713c4385a2bdaa7221d717ae 866.856 38.516 631.562 270.000 270.000 0.000 1.000 1.000 1.000
02923364713c4385a2bdaa7221d717ae 866.856 38.516 630.104 270.000 270.000 0.000 1.000 1.000 1.000
d08ea4578da7406a984a36368388b997 866.981 39.866 631.613 270.000 259.000 0.000 1.000 1.000 1.000
6dfee3a2c4a1420b8ba38f4688f1ec90 866.962 39.867 632.229 270.000 276.000 0.000 1.000 1.000 1.000
02923364713c4385a2bdaa7221d717ae 866.856 38.516 633.020 270.000 270.000 0.000 1.000 1.000 1.000
02923364713c4385a2bdaa7221d717ae 866.856 38.516 628.614 270.000 270.000 0.000 1.000 1.000 1.000
e4f33bd5aafb4204904ea375c00de967 866.856 38.516 627.155 270.000 270.000 0.000 1.000 1.000 1.000
02923364713c4385a2bdaa7221d717ae 866.856 38.516 625.669 270.000 270.000 0.000 1.000 1.000 1.000
d08ea4578da7406a984a36368388b997 866.994 39.866 628.443 270.000 277.999 0.000 1.000 1.000 1.000
6dfee3a2c4a1420b8ba38f4688f1ec90 866.862 39.868 629.038 270.000 300.000 0.000 1.000 1.000 1.000
e796fc2a42f440529cc1a24ac59b4b24 826.018 38.245 618.573 270.000 -0.000 0.000 1.000 1.000 1.000
e796fc2a42f440529cc1a24ac59b4b24 822.888 38.245 634.068 270.000 90.000 0.000 1.000 1.000 1.000
e796fc2a42f440529cc1a24ac59b4b24 822.888 38.245 621.733 270.000 90.000 0.000 1.000 1.000 1.000
e796fc2a42f440529cc1a24ac59b4b24 822.888 38.245 627.898 270.000 90.000 0.000 1.000 1.000 1.000
0e9877cb456a42dcb72272bd24850851 836.087 38.272 635.499 270.000 359.000 0.000 1.000 1.000 1.000
e796fc2a42f440529cc1a24ac59b4b24 832.183 38.245 618.573 270.000 -0.000 0.000 1.000 1.000 1.000
e0cb5fc3d4ef44e6a01fec03dcdf45da 831.760 38.272 624.275 270.000 359.000 0.000 1.000 1.000 1.000
e796fc2a42f440529cc1a24ac59b4b24 838.368 38.245 618.573 270.000 -0.000 0.000 1.000 1.000 1.000
e796fc2a42f440529cc1a24ac59b4b24 844.532 38.245 618.573 270.000 -0.000 0.000 1.000 1.000 1.000
e0cb5fc3d4ef44e6a01fec03dcdf45da 840.619 38.272 624.429 270.000 359.000 0.000 1.000 1.000 1.000
36cdf6b17cfa4f208fc008f48de11b00 862.682 33.910 632.991 270.000 90.000 0.000 1.000 1.000 1.000
36cdf6b17cfa4f208fc008f48de11b00 862.682 33.910 636.991 270.000 90.000 0.000 1.000 1.000 1.000
6ca29393aa7241348bf098dc4fbd7d18 864.339 33.910 636.991 270.000 270.000 0.000 1.000 1.000 1.000
6ca29393aa7241348bf098dc4fbd7d18 864.339 33.910 632.991 270.000 270.000 0.000 1.000 1.000 1.000
109490c43e274d07ba8a4778d89bf50f 866.444 42.276 634.543 270.000 90.000 0.000 1.000 1.000 1.000
15e37c81815d49659d9e88c5ae449045 865.815 39.866 630.248 270.000 91.000 0.000 1.000 1.000 1.000
e4f33bd5aafb4204904ea375c00de967 865.862 38.516 631.562 270.000 90.000 0.000 1.000 1.000 1.000
02923364713c4385a2bdaa7221d717ae 865.861 38.516 633.020 270.000 90.000 0.000 1.000 1.000 1.000
02923364713c4385a2bdaa7221d717ae 865.862 38.516 630.104 270.000 90.000 0.000 1.000 1.000 1.000
02923364713c4385a2bdaa7221d717ae 865.862 38.516 628.614 270.000 90.000 0.000 1.000 1.000 1.000
28fda54e2d0344e799b90be5c447f8a8 866.444 38.516 638.808 270.000 90.000 0.000 1.000 1.000 1.000
99f2fd1d347f4fe1be6bcec3b019bbba 856.214 43.266 627.317 270.000 300.000 0.000 1.000 1.000 1.000
109490c43e274d07ba8a4778d89bf50f 855.255 42.275 629.543 270.000 90.000 0.000 1.000 1.000 1.000
109490c43e274d07ba8a4778d89bf50f 855.255 42.275 634.543 270.000 90.000 0.000 1.000 1.000 1.000
5424f370683f4372bd975c26088a8ce5 855.089 38.453 637.499 270.000 -0.000 0.000 1.000 1.000 1.000
5424f370683f4372bd975c26088a8ce5 853.089 38.453 637.499 270.000 -0.000 0.000 1.000 1.000 1.000
5424f370683f4372bd975c26088a8ce5 857.089 38.453 637.499 270.000 -0.000 0.000 1.000 1.000 1.000
e796fc2a42f440529cc1a24ac59b4b24 863.075 38.245 618.573 270.000 -0.000 0.000 1.000 1.000 1.000
109490c43e274d07ba8a4778d89bf50f 866.444 42.275 629.543 270.000 90.000 0.000 1.000 1.000 1.000
109490c43e274d07ba8a4778d89bf50f 866.444 42.275 624.543 270.000 90.000 0.000 1.000 1.000 1.000
02923364713c4385a2bdaa7221d717ae 865.862 38.516 627.155 270.000 90.000 0.000 1.000 1.000 1.000
02923364713c4385a2bdaa7221d717ae 865.862 38.516 625.669 270.000 90.000 0.000 1.000 1.000 1.000
daa453b1ed27491ea396a67fb2c0503f 860.211 42.337 620.313 270.000 179.000 0.000 1.000 1.000 1.000
e796fc2a42f440529cc1a24ac59b4b24 850.723 38.245 618.573 270.000 -0.000 0.000 1.000 1.000 1.000
e796fc2a42f440529cc1a24ac59b4b24 856.888 38.245 618.573 270.000 -0.000 0.000 1.000 1.000 1.000
109490c43e274d07ba8a4778d89bf50f 855.255 42.275 624.543 270.000 90.000 0.000 1.000 1.000 1.000
5c5d591a49c948a4a812b662b48e87f3 855.240 38.516 621.238 270.000 90.000 0.000 1.000 1.000 1.000
99f2fd1d347f4fe1be6bcec3b019bbba 866.765 43.266 627.317 270.000 284.999 0.000 1.000 1.000 1.000
de77f2af2bfd49e8a3e1c388f1665081 857.902 38.516 639.046 270.000 180.000 0.000 1.000 1.000 1.000
daa453b1ed27491ea396a67fb2c0503f 860.123 42.337 639.243 270.000 179.000 0.000 1.000 1.000 1.000
156a673581474f6aa368ff6e08b8f25a 853.275 39.678 639.992 270.000 180.000 0.000 1.000 1.000 1.000
f469ad7065fb4e4a9ca2160fa58354b4 856.127 38.516 639.046 270.000 180.000 0.000 1.000 1.000 1.000
daa453b1ed27491ea396a67fb2c0503f 871.048 42.337 639.260 270.000 179.000 0.000 1.000 1.000 1.000
daa453b1ed27491ea396a67fb2c0503f 882.356 42.337 639.263 270.000 179.000 0.000 1.000 1.000 1.000
2c7cff9158b445b2a7ac437a3ac38806 877.730 40.782 639.026 270.000 180.000 0.000 1.000 1.000 1.000
07132524c8554ac4b24fd7618b32c297 855.469 39.703 621.355 270.000 168.000 0.000 1.000 1.000 1.000
247828ef63574258b6e1be743309c028 853.599 39.326 621.238 333.000 269.999 90.000 1.000 1.000 1.000
6ca29393aa7241348bf098dc4fbd7d18 864.385 33.638 644.456 350.301 118.443 190.787 1.000 1.000 1.000
6ca29393aa7241348bf098dc4fbd7d18 864.339 33.909 640.991 270.000 270.000 0.000 1.000 1.000 1.000
cf45d6da9d6a4e129da721948b0b3a8a 866.038 33.790 645.667 351.862 65.726 182.829 1.000 1.000 1.000
8548fc360c554b399e98cde4d40eca5d 865.557 33.798 642.458 350.000 133.000 -0.000 1.000 1.000 1.000
8548fc360c554b399e98cde4d40eca5d 864.978 33.746 644.172 351.822 97.587 186.778 1.000 1.000 1.000
109490c43e274d07ba8a4778d89bf50f 866.388 42.275 643.000 270.000 90.000 0.000 1.000 1.000 1.000
5c03485c467445ce9f0328fd54eec5f6 862.682 33.909 644.991 270.000 302.999 0.000 1.000 1.000 1.000
36cdf6b17cfa4f208fc008f48de11b00 862.682 33.909 640.991 270.000 90.000 0.000 1.000 1.000 1.000
0fcf5364097e4a199d419a9cf2a60dd7 862.245 38.516 642.992 270.000 -0.000 0.000 1.000 1.000 1.000
5c5d591a49c948a4a812b662b48e87f3 863.328 38.516 642.992 270.000 90.000 0.000 1.000 1.000 1.000
f16f2c63e5e1484ab4125af2535e5d6d 863.165 39.696 642.992 270.000 -0.000 0.000 1.000 1.000 1.000
c09e13f5e43647e79692469b5a9ed4ed 863.328 38.516 642.088 270.000 180.000 0.000 1.000 1.000 1.000
d4dea3aa823a4244be941b4b114e157d 859.158 43.276 645.457 270.000 90.000 0.000 1.000 1.000 1.000
109490c43e274d07ba8a4778d89bf50f 855.255 42.275 643.000 270.000 90.000 0.000 1.000 1.000 1.000
87806c2130bc4bd8b4f3276edf2222a6 853.293 38.516 640.048 270.000 270.000 0.000 1.000 1.000 1.000
d052b477b5bc4b2e8ec64effa1f8776e 857.116 43.276 646.301 270.000 90.000 0.000 1.000 1.000 1.000
e796fc2a42f440529cc1a24ac59b4b24 823.368 37.780 645.919 275.998 28.000 76.003 1.000 1.000 1.000
e796fc2a42f440529cc1a24ac59b4b24 822.888 38.244 640.232 270.000 90.000 0.000 1.000 1.000 1.000
e796fc2a42f440529cc1a24ac59b4b24 826.039 37.043 650.838 308.794 129.446 23.626 1.000 1.000 1.000
1844f8668ac841cb8028e65af96f23e3 824.226 37.868 647.861 270.000 194.000 0.000 1.000 1.000 1.000
1844f8668ac841cb8028e65af96f23e3 828.363 37.779 651.572 270.000 54.000 0.000 1.000 1.000 1.000
bca7ab61ae6046aeb5bcc4832202a29a 822.327 38.563 657.132 359.965 313.300 284.519 1.000 1.000 1.000
717ae274519f4f4fa760e6fbf4a3614b 820.684 38.213 647.916 270.000 213.000 0.000 1.000 1.000 1.000
bca7ab61ae6046aeb5bcc4832202a29a 820.707 39.192 655.847 317.000 315.000 270.000 1.000 1.000 1.000
1844f8668ac841cb8028e65af96f23e3 820.120 38.284 657.398 270.000 70.000 0.000 1.000 1.000 1.000
716024de5b674e969f3a6af41115ddf4 829.488 38.267 653.538 270.000 161.000 0.000 1.000 1.000 1.000
e796fc2a42f440529cc1a24ac59b4b24 829.492 38.244 662.816 356.946 75.988 0.115 1.000 1.000 1.000
e796fc2a42f440529cc1a24ac59b4b24 826.440 37.186 666.765 288.754 56.870 323.000 1.000 1.000 1.000
1844f8668ac841cb8028e65af96f23e3 829.854 37.697 665.991 270.000 40.000 0.000 1.000 1.000 1.000
1844f8668ac841cb8028e65af96f23e3 831.422 37.790 661.797 270.000 158.000 0.000 1.000 1.000 1.000
1844f8668ac841cb8028e65af96f23e3 826.864 37.749 659.887 270.000 121.000 0.000 1.000 1.000 1.000
716024de5b674e969f3a6af41115ddf4 828.382 38.267 660.426 270.000 185.003 0.000 1.000 1.000 1.000
bca7ab61ae6046aeb5bcc4832202a29a 821.419 39.192 658.702 294.000 284.000 270.000 1.000 1.000 1.000
bca7ab61ae6046aeb5bcc4832202a29a 816.544 38.678 669.323 298.000 62.000 270.000 1.000 1.000 1.000
6dbcfd098e714fe996badcda957bdd77 805.587 38.381 671.375 270.000 85.000 0.000 1.000 1.000 1.000
1844f8668ac841cb8028e65af96f23e3 838.309 37.879 654.760 270.000 311.000 0.000 1.000 1.000 1.000
bca7ab61ae6046aeb5bcc4832202a29a 837.136 39.461 656.862 328.000 194.000 281.000 1.000 1.000 1.000
bca7ab61ae6046aeb5bcc4832202a29a 839.939 38.950 655.839 344.000 284.000 236.000 1.000 1.000 1.000
e796fc2a42f440529cc1a24ac59b4b24 822.888 38.244 677.289 270.000 90.000 0.000 1.000 1.000 1.000
401e37524a134407b7e7119e3d54e3b5 834.880 37.697 670.158 270.000 179.000 0.000 1.000 1.000 1.000
b55c500ae0cd4b40904bf75578173812 834.833 41.578 669.159 270.000 179.000 0.000 1.000 1.000 1.000
e796fc2a42f440529cc1a24ac59b4b24 823.390 38.244 671.187 270.000 79.000 0.000 1.000 1.000 1.000
b55c500ae0cd4b40904bf75578173812 834.833 48.228 669.159 270.000 179.000 0.000 1.000 1.000 1.000
bca7ab61ae6046aeb5bcc4832202a29a 814.562 38.393 671.488 282.000 51.000 270.000 1.000 1.000 1.000
bca7ab61ae6046aeb5bcc4832202a29a 816.540 38.467 673.546 321.000 210.000 270.000 1.000 1.000 1.000
bca7ab61ae6046aeb5bcc4832202a29a 820.066 38.398 671.695 345.000 284.000 270.000 1.000 1.000 1.000
1844f8668ac841cb8028e65af96f23e3 816.622 37.986 671.777 270.000 211.000 0.000 1.000 1.000 1.000
aa7fd5bc5e634a0c846770a28ff6cd65 865.008 38.377 674.185 270.000 -0.000 0.000 1.000 1.000 1.000
6ca29393aa7241348bf098dc4fbd7d18 864.339 33.909 648.991 270.000 270.000 0.000 1.000 1.000 1.000
36cdf6b17cfa4f208fc008f48de11b00 862.682 33.909 648.991 270.000 90.000 0.000 1.000 1.000 1.000
5c5d591a49c948a4a812b662b48e87f3 863.298 38.516 653.178 270.000 270.000 0.000 1.000 1.000 1.000
c09e13f5e43647e79692469b5a9ed4ed 863.298 38.515 654.082 270.000 -0.000 0.000 1.000 1.000 1.000
f16f2c63e5e1484ab4125af2535e5d6d 863.460 39.696 653.179 270.000 180.000 0.000 1.000 1.000 1.000
0fcf5364097e4a199d419a9cf2a60dd7 864.380 38.516 653.079 270.000 180.000 0.000 1.000 1.000 1.000
109490c43e274d07ba8a4778d89bf50f 866.388 42.275 653.000 270.000 90.000 0.000 1.000 1.000 1.000
aa7fd5bc5e634a0c846770a28ff6cd65 865.008 38.378 664.110 270.000 -0.000 0.000 1.000 1.000 1.000
4f2b60ecae204b899eec282891a79e05 859.083 38.377 674.185 270.000 180.000 0.000 1.000 1.000 1.000
109490c43e274d07ba8a4778d89bf50f 866.388 42.275 648.000 270.000 90.000 0.000 1.000 1.000 1.000
fdfdd8af09954fc4b48471b70822ff96 857.384 38.515 654.446 270.000 -0.000 0.000 1.000 1.000 1.000
fdfdd8af09954fc4b48471b70822ff96 857.384 38.516 651.345 270.000 -0.000 0.000 1.000 1.000 1.000
d052b477b5bc4b2e8ec64effa1f8776e 858.112 43.276 650.084 270.000 180.000 0.000 1.000 1.000 1.000
d4dea3aa823a4244be941b4b114e157d 861.013 43.276 650.084 270.000 90.000 0.000 1.000 1.000 1.000
aa7fd5bc5e634a0c846770a28ff6cd65 854.614 38.378 664.110 270.000 180.000 0.000 1.000 1.000 1.000
4f2b60ecae204b899eec282891a79e05 859.083 38.378 664.110 270.000 180.000 0.000 1.000 1.000 1.000
d010fb4c4feb4f8fab81f1a5695617ba 854.614 38.377 674.185 270.000 164.000 0.000 1.000 1.000 1.000
109490c43e274d07ba8a4778d89bf50f 855.255 42.275 648.000 270.000 90.000 0.000 1.000 1.000 1.000
fdfdd8af09954fc4b48471b70822ff96 853.384 38.516 651.345 270.000 -0.000 0.000 1.000 1.000 1.000
fdfdd8af09954fc4b48471b70822ff96 853.384 38.515 654.446 270.000 -0.000 0.000 1.000 1.000 1.000
daa453b1ed27491ea396a67fb2c0503f 849.731 43.815 658.021 270.000 179.000 0.000 1.000 1.000 1.000
daa453b1ed27491ea396a67fb2c0503f 849.245 43.815 657.457 270.000 89.000 0.000 1.000 1.000 1.000
109490c43e274d07ba8a4778d89bf50f 855.255 42.275 653.000 270.000 90.000 0.000 1.000 1.000 1.000
6b1dc75a2d88411bbc3af6843e71db02 855.538 41.494 657.328 270.000 -0.000 0.000 1.000 1.000 1.000
b55c500ae0cd4b40904bf75578173812 834.833 54.958 669.159 270.000 179.000 0.000 1.000 1.000 1.000
e796fc2a42f440529cc1a24ac59b4b24 844.538 38.243 680.412 270.000 180.000 0.000 1.000 1.000 1.000
e796fc2a42f440529cc1a24ac59b4b24 838.373 38.243 680.412 270.000 180.000 0.000 1.000 1.000 1.000
e796fc2a42f440529cc1a24ac59b4b24 863.080 38.243 680.412 270.000 180.000 0.000 1.000 1.000 1.000
e796fc2a42f440529cc1a24ac59b4b24 856.889 38.243 680.412 270.000 180.000 0.000 1.000 1.000 1.000
e796fc2a42f440529cc1a24ac59b4b24 850.725 38.243 680.412 270.000 180.000 0.000 1.000 1.000 1.000
e796fc2a42f440529cc1a24ac59b4b24 826.039 38.243 680.412 270.000 180.000 0.000 1.000 1.000 1.000
e796fc2a42f440529cc1a24ac59b4b24 832.203 38.243 680.412 270.000 180.000 0.000 1.000 1.000 1.000
15e37c81815d49659d9e88c5ae449045 871.216 35.142 645.336 270.000 90.000 0.000 1.000 1.000 1.000
02923364713c4385a2bdaa7221d717ae 871.216 33.740 643.885 270.000 90.000 0.000 1.000 1.000 1.000
02923364713c4385a2bdaa7221d717ae 871.216 33.740 645.336 270.000 90.000 0.000 1.000 1.000 1.000
02923364713c4385a2bdaa7221d717ae 871.216 33.740 646.762 270.000 90.000 0.000 1.000 1.000 1.000
109490c43e274d07ba8a4778d89bf50f 867.888 37.522 645.703 270.000 90.000 0.000 1.000 1.000 1.000
5c5d591a49c948a4a812b662b48e87f3 869.687 38.516 642.992 270.000 90.000 0.000 1.000 1.000 1.000
f16f2c63e5e1484ab4125af2535e5d6d 869.525 39.696 642.992 270.000 -0.000 0.000 1.000 1.000 1.000
0fcf5364097e4a199d419a9cf2a60dd7 868.604 38.516 642.992 270.000 -0.000 0.000 1.000 1.000 1.000
109490c43e274d07ba8a4778d89bf50f 867.888 37.522 640.703 270.000 90.000 0.000 1.000 1.000 1.000
c09e13f5e43647e79692469b5a9ed4ed 869.687 38.516 642.088 270.000 180.000 0.000 1.000 1.000 1.000
daa453b1ed27491ea396a67fb2c0503f 871.470 37.576 651.561 270.000 89.000 0.000 1.000 1.000 1.000
02923364713c4385a2bdaa7221d717ae 871.216 33.740 648.246 270.000 90.000 0.000 1.000 1.000 1.000
02923364713c4385a2bdaa7221d717ae 871.216 33.740 649.726 270.000 90.000 0.000 1.000 1.000 1.000
4f2b60ecae204b899eec282891a79e05 869.477 38.377 674.185 270.000 180.000 0.000 1.000 1.000 1.000
b627c1c924144a56bde7023ff000cd36 869.245 38.243 680.412 270.000 180.000 0.000 1.000 1.000 1.000
4f2b60ecae204b899eec282891a79e05 869.477 38.378 664.110 270.000 180.000 0.000 1.000 1.000 1.000
0fcf5364097e4a199d419a9cf2a60dd7 870.740 38.515 653.079 270.000 180.000 0.000 1.000 1.000 1.000
5c5d591a49c948a4a812b662b48e87f3 869.657 38.515 653.178 270.000 270.000 0.000 1.000 1.000 1.000
f16f2c63e5e1484ab4125af2535e5d6d 869.819 39.696 653.179 270.000 180.000 0.000 1.000 1.000 1.000
c09e13f5e43647e79692469b5a9ed4ed 869.971 38.828 654.649 335.983 116.741 270.100 1.000 1.000 1.000
02923364713c4385a2bdaa7221d717ae 877.278 38.516 647.079 270.000 90.000 0.000 1.000 1.000 1.000
02923364713c4385a2bdaa7221d717ae 878.272 38.516 647.079 270.000 270.000 0.000 1.000 1.000 1.000
e4f33bd5aafb4204904ea375c00de967 878.272 38.516 645.621 270.000 270.000 0.000 1.000 1.000 1.000
02923364713c4385a2bdaa7221d717ae 877.278 38.516 645.621 270.000 90.000 0.000 1.000 1.000 1.000
d08ea4578da7406a984a36368388b997 877.061 39.855 646.503 270.000 98.000 0.000 1.000 1.000 1.000
6dfee3a2c4a1420b8ba38f4688f1ec90 877.142 39.857 647.087 270.000 65.000 0.000 1.000 1.000 1.000
e796fc2a42f440529cc1a24ac59b4b24 884.724 38.246 640.210 270.000 270.000 0.000 1.000 1.000 1.000
e796fc2a42f440529cc1a24ac59b4b24 884.724 38.245 646.401 270.000 270.000 0.000 1.000 1.000 1.000
109490c43e274d07ba8a4778d89bf50f 877.423 42.275 643.000 270.000 90.000 0.000 1.000 1.000 1.000
02923364713c4385a2bdaa7221d717ae 877.278 38.516 644.135 270.000 90.000 0.000 1.000 1.000 1.000
02923364713c4385a2bdaa7221d717ae 878.272 38.516 644.135 270.000 270.000 0.000 1.000 1.000 1.000
d4dea3aa823a4244be941b4b114e157d 869.208 43.276 644.436 270.000 180.000 0.000 1.000 1.000 1.000
e796fc2a42f440529cc1a24ac59b4b24 884.724 38.244 677.252 270.000 270.000 0.000 1.000 1.000 1.000
e796fc2a42f440529cc1a24ac59b4b24 881.594 38.243 680.412 270.000 180.000 0.000 1.000 1.000 1.000
e796fc2a42f440529cc1a24ac59b4b24 884.724 38.244 671.087 270.000 270.000 0.000 1.000 1.000 1.000
aa7fd5bc5e634a0c846770a28ff6cd65 875.386 38.377 674.185 270.000 180.000 0.000 1.000 1.000 1.000
4f2b60ecae204b899eec282891a79e05 879.854 38.377 674.185 270.000 180.000 0.000 1.000 1.000 1.000
e796fc2a42f440529cc1a24ac59b4b24 875.430 38.243 680.412 270.000 180.000 0.000 1.000 1.000 1.000
aa7fd5bc5e634a0c846770a28ff6cd65 875.386 38.378 664.110 270.000 180.000 0.000 1.000 1.000 1.000
e796fc2a42f440529cc1a24ac59b4b24 884.724 38.244 664.917 270.000 270.000 0.000 1.000 1.000 1.000
4f2b60ecae204b899eec282891a79e05 879.854 38.378 664.110 270.000 180.000 0.000 1.000 1.000 1.000
e796fc2a42f440529cc1a24ac59b4b24 884.724 38.245 658.752 270.000 270.000 0.000 1.000 1.000 1.000
2c7cff9158b445b2a7ac437a3ac38806 877.730 40.782 657.243 270.000 -0.000 0.000 1.000 1.000 1.000
e796fc2a42f440529cc1a24ac59b4b24 884.724 38.245 652.565 270.000 270.000 0.000 1.000 1.000 1.000
109490c43e274d07ba8a4778d89bf50f 877.423 42.275 648.000 270.000 90.000 0.000 1.000 1.000 1.000
02923364713c4385a2bdaa7221d717ae 878.272 38.516 651.486 270.000 270.000 0.000 1.000 1.000 1.000
02923364713c4385a2bdaa7221d717ae 877.278 38.516 651.486 270.000 90.000 0.000 1.000 1.000 1.000
e4f33bd5aafb4204904ea375c00de967 877.278 38.516 650.028 270.000 90.000 0.000 1.000 1.000 1.000
02923364713c4385a2bdaa7221d717ae 878.272 38.516 650.028 270.000 270.000 0.000 1.000 1.000 1.000
02923364713c4385a2bdaa7221d717ae 878.272 38.516 648.569 270.000 270.000 0.000 1.000 1.000 1.000
02923364713c4385a2bdaa7221d717ae 877.278 38.516 648.569 270.000 90.000 0.000 1.000 1.000 1.000
15e37c81815d49659d9e88c5ae449045 878.350 39.866 651.195 270.000 280.000 0.000 1.000 1.000 1.000
15e37c81815d49659d9e88c5ae449045 878.414 39.866 650.125 270.028 255.000 0.000 1.000 1.000 1.000
109490c43e274d07ba8a4778d89bf50f 877.423 42.275 653.000 270.000 90.000 0.000 1.000 1.000 1.000
d052b477b5bc4b2e8ec64effa1f8776e 869.208 43.276 647.338 270.000 270.000 0.000 1.000 1.000 1.000
07132524c8554ac4b24fd7618b32c297 819.815 38.476 647.987 270.000 126.000 0.000 1.000 1.000 1.000
247828ef63574258b6e1be743309c028 821.369 38.464 647.846 270.000 278.000 0.000 1.000 1.000 1.000
1259f929cad44eefba709e01123d40ac 838.047 38.271 655.693 313.000 194.000 101.000 1.000 1.000 1.000
8b7a12b81903447f8a8c663ed478087d 819.802 38.483 657.711 291.000 284.000 274.000 1.000 1.000 1.000
419ab455e8b04104a81a3343fa69adb2 816.711 38.040 671.344 276.998 274.001 42.002 1.000 1.000 1.000
bc4b9a034fe04c669285becc489d01a0 780.652 38.381 670.494 270.000 83.000 0.000 1.000 1.000 1.000
43c3746dc20d4e56a9fc042cce0a5d8b 819.509 38.750 658.793 279.842 335.915 23.770 1.000 1.000 1.000
d7b223270834423e9dd2c2b877caba20 868.786 39.703 653.584 270.000 19.000 0.000 1.000 1.000 1.000
96b3eaf77486491f806384df0b7410e4 867.051 41.637 674.185 270.000 -0.000 0.000 1.000 1.000 1.000
4d6caaac51934b9aac9d3a045b7caaf2 877.428 41.637 674.185 270.000 180.000 0.000 1.000 1.000 1.000
4d6caaac51934b9aac9d3a045b7caaf2 867.051 41.638 664.110 270.000 180.000 0.000 1.000 1.000 1.000
4d6caaac51934b9aac9d3a045b7caaf2 856.657 41.637 664.110 270.000 -0.000 0.000 1.000 1.000 1.000
4d6caaac51934b9aac9d3a045b7caaf2 851.200 40.014 671.160 303.000 241.000 180.001 1.000 1.000 1.000
b41e66f0964e4824ae8f0edb3bfa2f7b 877.428 41.638 664.110 270.000 -0.000 0.000 1.000 1.000 1.000
ec38f2feb1c24897b5ed254474af7f25 866.444 40.684 657.281 -0.000 180.000 0.000 1.000 1.000 1.000
ec38f2feb1c24897b5ed254474af7f25 866.444 35.792 652.024 -0.000 180.000 0.000 1.000 1.000 1.000
ec38f2feb1c24897b5ed254474af7f25 849.403 39.871 645.283 -0.000 270.000 0.000 1.000 1.000 1.000
aa5713bdfae44bacbc36979248e25128 849.658 40.739 647.399 270.000 270.000 0.000 1.000 1.000 1.000
ee402fc9debe4f03bffb31a49eb04fb7 907.924 51.971 -409.594 319.988 28.794 214.551 1.000 1.000 1.000
ee402fc9debe4f03bffb31a49eb04fb7 966.019 42.280 -405.244 319.454 353.162 187.114 1.000 1.000 1.000
862a4ad08b0b4899b35ef82309e47919 943.756 40.078 -405.341 318.000 0.000 0.000 1.000 1.000 1.000
6125b4de591b44359237f6d7191dd919 910.549 47.193 -172.748 309.000 180.001 180.001 1.000 1.000 1.000
862a4ad08b0b4899b35ef82309e47919 963.072 73.641 -126.618 326.244 145.621 200.816 1.000 1.000 1.000
ee402fc9debe4f03bffb31a49eb04fb7 952.988 67.982 612.175 330.000 270.000 281.000 1.000 1.000 1.000
6125b4de591b44359237f6d7191dd919 916.908 59.199 763.617 270.000 -0.000 0.000 1.000 1.000 1.000
ee402fc9debe4f03bffb31a49eb04fb7 957.154 60.251 706.387 322.000 270.000 90.000 1.000 1.000 1.000
ee402fc9debe4f03bffb31a49eb04fb7 957.071 64.769 667.720 320.000 270.000 353.000 1.000 1.000 1.000
862a4ad08b0b4899b35ef82309e47919 960.251 68.204 640.046 323.000 270.000 90.000 1.000 1.000 1.000
