v 3.097567 -3.875284 -0.008309
v 2.397568 -3.875284 2.857547
v 2.397568 -3.875284 -0.008309
v 3.097567 -3.875284 2.857547
v 4.000004 2.999996 2.750000
v 4.000004 2.499996 0.000000
v 4.000004 2.499996 2.750000
v 4.000004 2.999996 0.000000
v -2.089581 8.098707 0.910340
v -2.089580 7.398707 3.884760
v -2.089580 7.398707 0.910340
v -2.089581 8.098707 3.884760
v -1.959998 7.999998 3.750000
v -1.959998 7.499998 1.000000
v -1.959998 7.499998 3.750000
v -1.959998 7.999998 1.000000
v 8.000004 7.499996 3.750000
v 7.500004 7.499996 0.000000
v 7.500004 7.499996 3.750000
v 8.000004 7.499996 0.000000
v 7.390604 -6.617224 0.910340
v 8.090604 -6.617225 3.884759
v 8.090604 -6.617225 0.910340
v 7.390604 -6.617224 3.884759
v 2.500004 7.499996 0.000000
v 2.500004 2.499996 4.250000
v 2.500004 2.499996 0.000000
v 2.500004 7.499996 4.250000
v 1.667418 7.398719 0.910340
v 1.667417 8.098719 3.884760
v 1.667417 8.098719 0.910340
v 1.667418 7.398719 3.884760
v -2.931248 7.398718 0.910340
v -2.931250 8.098718 3.884760
v -2.931250 8.098718 0.910340
v -2.931248 7.398718 3.884760
v 7.500004 7.499996 3.750000
v 7.500004 7.999996 0.000000
v 7.500004 7.999996 3.750000
v 7.500004 7.499996 0.000000
v 6.604669 2.397950 -0.008309
v 6.604669 3.097950 2.857547
v 6.604669 3.097950 -0.008309
v 6.604669 2.397950 2.857547
v 2.999995 -6.500005 2.750000
v 2.499995 -6.500005 -0.000000
v 2.999995 -6.500005 -0.000000
v 2.499995 -6.500005 2.750000
v 6.500004 2.499996 2.750000
v 6.500004 2.999996 0.000000
v 6.500004 2.999996 2.750000
v 6.500004 2.499996 0.000000
v -7.405428 -3.973821 2.647419
v -8.105430 -3.973824 3.884760
v -8.105430 -3.973824 2.647419
v -7.405428 -3.973821 3.884760
v -6.499999 8.000000 1.000000
v -2.959998 7.499998 1.000000
v -6.499999 7.500000 1.000000
v -2.959998 7.999998 1.000000
v 1.500004 7.999996 1.000000
v -1.959998 7.499998 1.000000
v -1.959998 7.999998 1.000000
v 1.500004 7.499996 1.000000
v 7.499995 -6.500005 3.750000
v 7.999995 -6.500005 1.000000
v 7.999995 -6.500005 3.750000
v 7.499995 -6.500005 1.000000
v -8.000003 -3.999997 2.750000
v -7.500003 -6.499997 2.750000
v -8.000003 -6.499997 2.750000
v -7.500003 -3.999997 2.750000
v 2.999995 -2.500005 4.250000
v -7.500003 -2.499997 -0.000000
v 2.999995 -2.500005 -0.000000
v -7.500003 -2.499997 4.250000
v 7.500004 2.999996 3.750000
v 7.500004 7.499996 4.250000
v 7.500004 2.999996 4.250000
v 7.500004 7.499996 3.750000
v 2.397570 -6.617227 -0.008309
v 3.097570 -6.617227 2.857547
v 3.097570 -6.617227 -0.008309
v 2.397570 -6.617227 2.857547
v -8.000003 -6.499997 2.750000
v -7.500003 -6.499997 3.750000
v -8.000003 -6.499997 3.750000
v -7.500003 -6.499997 2.750000
v -7.500003 -3.999997 2.750000
v -8.000003 -3.999997 3.750000
v -7.500003 -3.999997 3.750000
v -8.000003 -3.999997 2.750000
v 5.083167 8.092034 5.069922
v 5.215667 8.092034 5.069921
v 5.149417 8.092034 5.136172
v 5.149417 8.092034 5.003672
v 7.500004 7.499996 4.750000
v -7.499999 7.500000 5.750000
v 7.500004 7.499996 5.750000
v -7.499999 7.500000 4.750000
v -7.499999 7.500000 4.250000
v -7.500003 -2.499997 -0.000000
v -7.500003 -2.499997 4.250000
v -7.499999 7.500000 0.000000
v -6.499999 8.000000 3.750000
v -6.499999 7.500000 1.000000
v -6.499999 7.500000 3.750000
v -6.499999 8.000000 1.000000
v 3.862726 3.097949 -0.008309
v 3.862726 2.397949 2.857547
v 3.862726 2.397949 -0.008309
v 3.862726 3.097949 2.857547
v 2.397570 -6.617227 2.857547
v 3.097567 -3.875284 2.857547
v 3.097570 -6.617227 2.857547
v 2.397568 -3.875284 2.857547
v -6.688248 8.098705 0.910340
v -6.688246 7.398705 3.884760
v -6.688246 7.398705 0.910340
v -6.688248 8.098705 3.884760
v 7.500004 7.499996 3.750000
v 3.000004 7.499996 4.250000
v 7.500004 7.499996 4.250000
v 3.000004 7.499996 3.750000
v -8.000003 -6.499997 3.750000
v -7.500003 -3.999997 3.750000
v -8.000003 -3.999997 3.750000
v -7.500003 -6.499997 3.750000
v 2.499995 -6.500005 2.750000
v 2.999995 -4.000005 2.750000
v 2.499995 -4.000005 2.750000
v 2.999995 -6.500005 2.750000
v 7.999995 -6.500005 3.750000
v 7.500004 1.499996 3.750000
v 7.499995 -6.500005 3.750000
v 8.000004 1.499996 3.750000
v 8.000004 2.999996 3.750000
v 7.500004 7.499996 3.750000
v 7.500004 2.999996 3.750000
v 8.000004 7.499996 3.750000
v -1.959998 7.499998 3.750000
v 1.500004 7.999996 3.750000
v -1.959998 7.999998 3.750000
v 1.500004 7.499996 3.750000
v 3.000004 7.499996 3.750000
v 7.500004 7.999996 3.750000
v 3.000004 7.999996 3.750000
v 7.500004 7.499996 3.750000
v -6.499999 8.000000 3.750000
v -2.959998 7.499998 3.750000
v -2.959998 7.999998 3.750000
v -6.499999 7.500000 3.750000
v 4.000004 2.499996 2.750000
v 6.500004 2.999996 2.750000
v 4.000004 2.999996 2.750000
v 6.500004 2.499996 2.750000
v 3.000004 7.499996 4.250000
v 7.500004 2.999996 4.250000
v 7.500004 7.499996 4.250000
v 3.000004 2.999996 4.250000
v -7.500003 -7.499997 4.250000
v 2.499995 -3.000005 4.250000
v -7.500003 -2.999997 4.250000
v 2.499995 -7.500005 4.250000
v -2.089580 7.398707 0.910340
v -1.886236 8.098707 0.910340
v -2.089581 8.098707 0.910340
v 1.464071 7.398719 0.910340
v 1.667417 8.098719 0.910340
v 1.667418 7.398719 0.910340
v -2.959998 7.499998 3.750000
v -2.959998 7.999998 1.000000
v -2.959998 7.999998 3.750000
v -2.959998 7.499998 1.000000
v 8.000004 1.499996 1.000000
v 7.500004 1.499996 3.750000
v 8.000004 1.499996 3.750000
v 7.500004 1.499996 1.000000
v 8.090602 1.615253 0.910340
v 7.390602 1.615252 3.884759
v 7.390602 1.615252 0.910340
v 8.090602 1.615253 3.884759
v -7.500003 -7.499997 4.750000
v 7.500004 7.499996 4.750000
v 7.499995 -7.500005 4.750000
v -7.499999 7.500000 4.750000
v 7.499995 -7.500005 4.750000
v 7.500004 7.499996 5.750000
v 7.499995 -7.500005 5.750000
v 7.500004 7.499996 4.750000
v 2.999995 -7.500005 5.750000
v 7.499995 -7.500005 4.750000
v 7.499995 -7.500005 5.750000
v -7.500003 -7.499997 4.750000
v -7.500003 -7.499997 5.750000
v -7.499999 7.500000 4.750000
v -7.500003 -7.499997 5.750000
v -7.499999 7.500000 5.750000
v -7.500003 -7.499997 4.750000
v 2.999995 -4.000005 2.750000
v 2.499995 -4.000005 -0.000000
v 2.499995 -4.000005 2.750000
v 2.999995 -4.000005 -0.000000
v 4.066073 2.397950 2.657547
v 4.066073 3.097949 -0.008309
v 4.066073 2.397950 -0.008309
v 4.066073 3.097949 2.657547
v 6.401323 3.097950 2.657547
v 6.401322 2.397951 -0.008309
v 6.401323 3.097950 -0.008309
v 6.401322 2.397951 2.657547
v 4.066073 3.097949 2.657547
v 6.401322 2.397951 2.657547
v 6.401323 3.097950 2.657547
v 4.066073 2.397950 2.657547
v 6.401322 2.397951 -0.008309
v 6.604669 3.097950 -0.008309
v 6.401323 3.097950 -0.008309
v 6.604669 2.397950 -0.008309
v 3.862726 3.097949 -0.008309
v 4.066073 2.397950 -0.008309
v 4.066073 3.097949 -0.008309
v 3.862726 2.397949 -0.008309
v 3.097570 -6.413879 2.657547
v 2.397570 -6.413880 -0.008309
v 3.097570 -6.413879 -0.008309
v 2.397570 -6.413880 2.657547
v 2.397568 -4.078630 2.657547
v 3.097568 -4.078630 -0.008309
v 2.397568 -4.078630 -0.008309
v 3.097568 -4.078630 2.657547
v 3.097570 -6.413879 2.657547
v 2.397568 -4.078630 2.657547
v 2.397570 -6.413880 2.657547
v 3.097568 -4.078630 2.657547
v 2.397568 -4.078630 -0.008309
v 3.097567 -3.875284 -0.008309
v 2.397568 -3.875284 -0.008309
v 3.097568 -4.078630 -0.008309
v 3.097570 -6.617227 -0.008309
v 2.397570 -6.413880 -0.008309
v 2.397570 -6.617227 -0.008309
v 3.097570 -6.413879 -0.008309
v 8.090603 -6.413877 3.684760
v 7.390604 -6.413878 1.110225
v 8.090603 -6.413877 1.110225
v 7.390604 -6.413878 3.684760
v 7.390602 1.411906 3.684760
v 8.090602 1.411907 1.110225
v 7.390602 1.411906 1.110225
v 8.090602 1.411907 3.684760
v 8.090603 -6.413877 3.684760
v 7.390602 1.411906 3.684760
v 7.390604 -6.413878 3.684760
v 8.090602 1.411907 3.684760
v 3.862726 3.097949 2.857547
v 6.604669 2.397950 2.857547
v 3.862726 2.397949 2.857547
v 6.604669 3.097950 2.857547
v 8.090603 -6.413877 1.110225
v 7.390602 1.411906 1.110225
v 8.090602 1.411907 1.110225
v 7.390604 -6.413878 1.110225
v 7.390604 -6.617224 3.884759
v 8.090603 -6.413877 3.884759
v 8.090604 -6.617225 3.884759
v 7.390604 -6.413878 3.884759
v 7.390602 1.615252 3.884759
v 8.090602 1.615253 3.884759
v 1.464069 8.098719 3.684760
v 1.464071 7.398719 1.110225
v 1.464069 8.098719 1.110225
v 1.464071 7.398719 3.684760
v -1.886234 7.398708 3.684760
v -1.886236 8.098707 1.110225
v -1.886234 7.398708 1.110225
v -1.886236 8.098707 3.684760
v 1.464071 7.398719 3.684760
v -1.886236 8.098707 3.684760
v -1.886234 7.398708 3.684760
v 1.464069 8.098719 3.684760
v -1.886236 8.098707 1.110225
v 1.464071 7.398719 1.110225
v -1.886234 7.398708 1.110225
v 1.464069 8.098719 1.110225
v 1.500004 7.499996 3.750000
v 1.500004 7.999996 1.000000
v 1.500004 7.999996 3.750000
v 1.500004 7.499996 1.000000
v -3.134597 8.098717 3.684760
v -3.134595 7.398717 1.110225
v -3.134597 8.098717 1.110225
v -3.134595 7.398717 3.684760
v -6.484900 7.398706 3.684760
v -6.484901 8.098705 1.110225
v -6.484900 7.398706 1.110225
v -6.484901 8.098705 3.684760
v -3.134595 7.398717 3.684760
v -6.484901 8.098705 3.684760
v -6.484900 7.398706 3.684760
v -3.134597 8.098717 3.684760
v -6.484901 8.098705 1.110225
v -3.134595 7.398717 1.110225
v -6.484900 7.398706 1.110225
v -3.134597 8.098717 1.110225
v 2.499995 -7.500005 4.250000
v -7.500003 -7.499997 -0.000000
v 2.499995 -7.500005 -0.000000
v -7.500003 -7.499997 4.250000
v 2.999995 -7.500005 -0.000000
v 7.499995 -7.500005 4.250000
v 2.999995 -7.500005 4.250000
v 7.499995 -7.500005 -0.000000
v -7.907242 -5.196745 4.068742
v -7.907241 -5.396744 2.068741
v -7.907242 -5.196745 2.068741
v -7.907241 -5.396744 4.068742
v -7.707242 -5.196745 4.068742
v -7.907242 -5.196745 2.068741
v -7.707242 -5.196745 2.068741
v -7.907242 -5.196745 4.068742
v -7.707242 -5.396745 4.068742
v -7.707242 -5.196745 2.068741
v -7.707242 -5.396745 2.068741
v -7.707242 -5.196745 4.068742
v -7.907241 -5.396744 4.068742
v -7.707242 -5.396745 2.068741
v -7.907241 -5.396744 2.068741
v -7.707242 -5.396745 4.068742
v -8.105428 -4.177171 3.684760
v -7.405428 -4.177169 2.847303
v -8.105428 -4.177171 2.847303
v -7.405428 -4.177169 3.684760
v -7.405415 -6.422365 3.684760
v -8.105415 -6.422366 2.847303
v -7.405415 -6.422365 2.847303
v -8.105415 -6.422366 3.684760
v -7.405428 -4.177169 3.684760
v -8.105415 -6.422366 3.684760
v -7.405415 -6.422365 3.684760
v -8.105428 -4.177171 3.684760
v -8.105415 -6.422366 2.847303
v -7.405428 -4.177169 2.847303
v -7.405415 -6.422365 2.847303
v -8.105428 -4.177171 2.847303
v -2.931250 8.098718 0.910340
v -3.134595 7.398717 0.910340
v -2.931248 7.398718 0.910340
v -6.484901 8.098705 0.910340
v -6.688246 7.398705 0.910340
v -6.688248 8.098705 0.910340
v -8.105414 -6.625712 2.647419
v -7.405414 -6.625711 3.884760
v -7.405414 -6.625711 2.647419
v -8.105414 -6.625712 3.884760
v -7.907241 -4.596745 4.068742
v -7.907242 -4.796745 2.068741
v -7.907241 -4.596745 2.068741
v -7.907242 -4.796745 4.068742
v -7.707242 -4.596745 4.068742
v -7.907241 -4.596745 2.068741
v -7.707242 -4.596745 2.068741
v -7.907241 -4.596745 4.068742
v -7.707242 -4.796745 4.068742
v -7.707242 -4.596745 2.068741
v -7.707242 -4.796745 2.068741
v -7.707242 -4.596745 4.068742
v -7.907242 -4.796745 4.068742
v -7.707242 -4.796745 2.068741
v -7.907242 -4.796745 2.068741
v -7.707242 -4.796745 4.068742
v -7.907243 -5.796746 4.068742
v -7.907242 -5.996745 2.068741
v -7.907243 -5.796746 2.068741
v -7.907242 -5.996745 4.068742
v -7.707242 -5.796745 4.068742
v -7.907243 -5.796746 2.068741
v -7.707242 -5.796745 2.068741
v -7.907243 -5.796746 4.068742
v -7.707242 -5.996746 4.068742
v -7.707242 -5.796745 2.068741
v -7.707242 -5.996746 2.068741
v -7.707242 -5.796745 4.068742
v -7.907242 -5.996745 4.068742
v -7.707242 -5.996746 2.068741
v -7.907242 -5.996745 2.068741
v -7.707242 -5.996746 4.068742
v 5.368166 8.092033 4.338672
v 5.479417 8.092034 5.191172
v 5.368167 8.092034 5.191172
v 5.479416 8.092034 4.338671
v 6.678167 8.092035 4.707420
v 6.550667 7.892035 4.707421
v 6.678167 7.892035 4.707420
v 6.550667 8.092035 4.707420
v 6.263167 7.892035 4.946171
v 6.263167 8.092035 4.946171
v 6.678167 8.092035 4.707420
v 6.678166 7.892035 4.338671
v 6.678166 8.092035 4.338670
v 6.678167 7.892035 4.707420
v 6.678166 8.092035 4.338670
v 6.800666 7.892035 4.338670
v 6.800666 8.092035 4.338670
v 6.678166 7.892035 4.338671
v 6.800667 8.092036 5.191170
v 6.800666 7.892035 4.338670
v 6.800667 7.892036 5.191171
v 6.800666 8.092035 4.338670
v 6.263167 8.092035 4.946171
v 6.534417 7.892036 5.191171
v 6.263167 7.892035 4.946171
v 6.534417 8.092035 5.191171
v 6.800667 7.892036 5.191171
v 6.800667 8.092036 5.191170
v 6.389417 8.092035 4.951170
v 6.539417 7.892035 4.817420
v 6.389417 7.892035 4.951171
v 6.539417 8.092035 4.817420
v 6.678167 7.892035 4.817420
v 6.678167 8.092035 4.817420
v 6.534417 8.092035 5.081171
v 6.678167 7.892036 5.081171
v 6.678167 8.092036 5.081171
v 6.534417 7.892035 5.081171
v 6.389417 7.892035 4.951171
v 6.389417 8.092035 4.951170
v 6.678167 8.092035 4.817420
v 6.678167 7.892036 5.081171
v 6.678167 7.892035 4.817420
v 6.678167 8.092036 5.081171
v 6.205667 8.092035 4.624921
v 5.909417 7.892035 4.327421
v 6.205667 7.892035 4.624921
v 5.909416 8.092034 4.327421
v 6.205667 8.092035 4.624921
v 5.909417 7.892035 4.911171
v 5.909417 8.092035 4.911171
v 6.205667 7.892035 4.624921
v 5.605667 8.092034 4.624921
v 5.909417 7.892035 4.911171
v 5.605667 7.892035 4.624921
v 5.909417 8.092035 4.911171
v 5.909416 8.092034 4.327421
v 5.605667 7.892035 4.624921
v 5.909417 7.892035 4.327421
v 5.605667 8.092034 4.624921
v 5.719417 8.092034 4.623671
v 5.910666 7.892035 4.427421
v 5.719417 7.892035 4.623672
v 5.910666 8.092034 4.427421
v 5.910666 8.092034 4.811171
v 5.719417 7.892035 4.623672
v 5.910667 7.892035 4.811171
v 5.719417 8.092034 4.623671
v 6.091917 8.092034 4.624921
v 5.910667 7.892035 4.811171
v 6.091917 7.892035 4.624921
v 5.910666 8.092034 4.811171
v 5.910666 8.092034 4.427421
v 6.091917 7.892035 4.624921
v 5.910666 7.892035 4.427421
v 6.091917 8.092034 4.624921
v 5.479417 8.092034 5.191172
v 5.479416 7.892034 4.338672
v 5.479417 7.892035 5.191172
v 5.479416 8.092034 4.338671
v 5.479417 8.092034 5.191172
v 5.368167 7.892035 5.191172
v 5.368167 8.092034 5.191172
v 5.479417 7.892035 5.191172
v 5.368166 8.092033 4.338672
v 5.368167 7.892035 5.191172
v 5.368166 7.892034 4.338672
v 5.368167 8.092034 5.191172
v 5.368166 8.092033 4.338672
v 5.479416 7.892034 4.338672
v 5.479416 8.092034 4.338671
v 5.368166 7.892034 4.338672
v 5.205666 8.092033 4.338672
v 5.205667 7.892034 4.899922
v 5.205667 8.092034 4.899922
v 5.205667 7.892034 4.338672
v 5.205667 8.092034 4.899922
v 5.094417 7.892034 4.899922
v 5.094417 8.092034 4.899922
v 5.205667 7.892034 4.899922
v 5.094416 8.092033 4.338672
v 5.094417 7.892034 4.899922
v 5.094417 7.892034 4.338672
v 5.094417 8.092034 4.899922
v 5.205666 8.092033 4.338672
v 5.094417 7.892034 4.338672
v 5.205667 7.892034 4.338672
v 5.094416 8.092033 4.338672
v 5.149417 8.092034 5.136172
v 5.215667 7.892034 5.069922
v 5.149417 7.892034 5.136172
v 5.215667 8.092034 5.069921
v 5.149417 8.092034 5.136172
v 5.083167 7.892034 5.069922
v 5.083167 8.092034 5.069922
v 5.149417 7.892034 5.136172
v 5.149417 8.092034 5.003672
v 5.083167 7.892034 5.069922
v 5.149417 7.892034 5.003672
v 5.083167 8.092034 5.069922
v 5.215667 8.092034 5.069921
v 5.149417 7.892034 5.003672
v 5.215667 7.892034 5.069922
v 5.149417 8.092034 5.003672
v 4.676917 8.092033 4.808672
v 4.848166 7.892034 4.618672
v 4.848166 8.092033 4.618672
v 4.676917 7.892034 4.808672
v 4.658166 8.092033 4.432422
v 4.848166 7.892034 4.618672
v 4.658166 7.892033 4.432422
v 4.848166 8.092033 4.618672
v 4.509417 8.092033 4.469922
v 4.658166 7.892033 4.432422
v 4.509417 7.892033 4.469923
v 4.658166 8.092033 4.432422
v 4.509417 8.092033 4.469922
v 4.509417 7.892033 4.359922
v 4.509417 8.092033 4.359922
v 4.509417 7.892033 4.469923
v 4.676916 8.092033 4.327422
v 4.509417 7.892033 4.359922
v 4.676916 7.892033 4.327422
v 4.509417 8.092033 4.359922
v 4.961916 8.092033 4.608672
v 4.676916 7.892033 4.327422
v 4.961917 7.892034 4.608672
v 4.676916 8.092033 4.327422
v 4.684417 8.092033 4.911172
v 4.961917 7.892034 4.608672
v 4.684417 7.892034 4.911172
v 4.961916 8.092033 4.608672
v 4.684417 8.092033 4.911172
v 4.521917 7.892034 4.872422
v 4.521917 8.092033 4.872422
v 4.684417 7.892034 4.911172
v 4.521917 8.092033 4.753672
v 4.521917 7.892034 4.872422
v 4.521917 7.892033 4.753673
v 4.521917 8.092033 4.872422
v 4.521917 8.092033 4.753672
v 4.676917 7.892034 4.808672
v 4.676917 8.092033 4.808672
v 4.521917 7.892033 4.753673
v 4.141916 8.092032 4.327423
v 4.414417 7.892033 4.626173
v 4.414417 8.092033 4.626173
v 4.141916 7.892033 4.327423
v 4.151917 8.092033 4.911173
v 4.414417 7.892033 4.626173
v 4.151917 7.892033 4.911173
v 4.414417 8.092033 4.626173
v 3.908167 8.092032 4.602423
v 4.151917 7.892033 4.911173
v 3.908167 7.892033 4.602423
v 4.151917 8.092033 4.911173
v 3.908167 8.092032 4.602423
v 4.303166 7.892033 4.602423
v 4.303166 8.092033 4.602422
v 3.908167 7.892033 4.602423
v 4.114417 8.092032 4.433672
v 4.303166 7.892033 4.602423
v 4.114417 7.892033 4.433673
v 4.303166 8.092033 4.602422
v 3.918167 8.092032 4.501173
v 4.114417 7.892033 4.433673
v 3.918167 7.892033 4.501173
v 4.114417 8.092032 4.433672
v 3.918167 8.092032 4.393673
v 3.918167 7.892033 4.501173
v 3.918167 7.892032 4.393673
v 3.918167 8.092032 4.501173
v 3.918167 8.092032 4.393673
v 4.141916 7.892033 4.327423
v 4.141916 8.092032 4.327423
v 3.918167 7.892032 4.393673
v 4.149417 8.092033 4.814923
v 4.300667 7.892033 4.676173
v 4.300667 8.092033 4.676172
v 4.149417 7.892033 4.814923
v 4.018167 8.092032 4.676173
v 4.300667 7.892033 4.676173
v 4.018167 7.892033 4.676173
v 4.300667 8.092033 4.676172
v 4.018167 8.092032 4.676173
v 4.149417 7.892033 4.814923
v 4.149417 8.092033 4.814923
v 4.018167 7.892033 4.676173
v 5.205666 8.092033 4.338672
v 5.094417 8.092034 4.899922
v 5.094416 8.092033 4.338672
v 5.205667 8.092034 4.899922
v 2.499995 -6.500005 2.750000
v 2.499995 -7.500005 -0.000000
v 2.499995 -6.500005 -0.000000
v 2.499995 -7.500005 4.250000
v 2.499995 -4.000005 2.750000
v 2.499995 -3.000005 4.250000
v 2.499995 -3.000005 -0.000000
v 2.499995 -4.000005 -0.000000
v 2.999995 -6.500005 -0.000000
v 7.499995 -7.500005 -0.000000
v 2.999995 -7.500005 -0.000000
v 2.999995 -4.000005 -0.000000
v 7.499995 -2.500005 -0.000000
v 2.499995 -6.500005 -0.000000
v 2.999995 -2.500005 -0.000000
v 2.499995 -4.000005 -0.000000
v 7.500004 1.499996 0.000000
v -7.500003 -7.499997 -0.000000
v 2.499995 -7.500005 -0.000000
v -7.500003 -2.999997 -0.000000
v 2.499995 -3.000005 -0.000000
v 4.000004 2.499996 0.000000
v 6.500004 2.499996 0.000000
v 7.500004 2.499996 0.000000
v 6.500004 2.999996 0.000000
v 2.500004 2.499996 0.000000
v 4.000004 2.999996 0.000000
v -7.500003 -2.499997 -0.000000
v -1.959998 7.499998 0.000000
v -7.499999 7.500000 0.000000
v 1.500004 7.499996 0.000000
v 2.500004 7.499996 0.000000
v 7.500004 7.499996 0.000000
v 8.000004 2.999996 0.000000
v 8.000004 7.499996 0.000000
v 3.000004 7.999996 0.000000
v 3.000004 2.999996 0.000000
v 7.500004 7.999996 0.000000
v 2.499995 -3.000005 4.250000
v -7.500003 -2.999997 3.750000
v -7.500003 -2.999997 4.250000
v -7.500003 -2.999997 2.750000
v 2.499995 -3.000005 -0.000000
v -7.500003 -2.999997 -0.000000
v 7.499995 -2.500005 1.000000
v 7.999995 -6.500005 1.000000
v 7.499995 -6.500005 1.000000
v 7.999995 -2.500005 1.000000
v 7.500004 1.499996 1.000000
v 8.000004 1.499996 1.000000
v 8.000000 -8.000000 -6.000000
v 2.999995 -8.000005 5.750000
v 7.999995 -8.000005 5.750000
v -8.000001 -7.999998 -6.000000
v -8.000003 -7.999997 3.750000
v -8.000003 -7.999997 5.750000
v 4.000004 2.999996 0.000000
v 4.000004 2.999996 2.750000
v 3.000004 2.999996 0.000000
v 3.000004 2.999996 4.250000
v 6.500004 2.999996 2.750000
v 7.500004 2.999996 4.250000
v 7.500004 2.999996 3.750000
v 8.000004 2.999996 3.750000
v 8.000004 2.999996 0.000000
v 6.500004 2.999996 0.000000
v -7.500003 -2.499997 4.250000
v -6.499999 7.500000 4.250000
v -7.499999 7.500000 4.250000
v -2.959998 7.499998 4.250000
v 2.500004 2.499996 4.250000
v 2.500004 7.499996 4.250000
v 2.999995 -2.500005 4.250000
v 7.500004 2.499996 4.250000
v 7.499995 -7.500005 4.250000
v 2.999995 -7.500005 4.250000
v 2.397570 -6.413880 -0.008309
v 2.397570 -6.413880 2.657547
v 2.397570 -6.617227 -0.008309
v 2.397570 -6.617227 2.857547
v 2.397568 -4.078630 2.657547
v 2.397568 -3.875284 2.857547
v 2.397568 -3.875284 -0.008309
v 2.397568 -4.078630 -0.008309
v 2.999995 -4.000005 -0.000000
v 2.999995 -4.000005 2.750000
v 2.999995 -2.500005 -0.000000
v 2.999995 -2.500005 4.250000
v 2.999995 -7.500005 4.250000
v 2.999995 -6.500005 2.750000
v 2.999995 -7.500005 -0.000000
v 2.999995 -6.500005 -0.000000
v 8.090603 -6.413877 0.910340
v 7.390604 -6.617224 0.910340
v 8.090604 -6.617225 0.910340
v 7.390604 -6.413878 0.910340
v 7.390602 1.615252 0.910340
v 8.090602 1.615253 0.910340
v 4.066073 3.097949 2.657547
v 3.862726 3.097949 -0.008309
v 4.066073 3.097949 -0.008309
v 3.862726 3.097949 2.857547
v 6.604669 3.097950 2.857547
v 6.401323 3.097950 2.657547
v 6.604669 3.097950 -0.008309
v 6.401323 3.097950 -0.008309
v 3.097568 -4.078630 2.657547
v 3.097567 -3.875284 -0.008309
v 3.097568 -4.078630 -0.008309
v 3.097567 -3.875284 2.857547
v 3.097570 -6.413879 2.657547
v 3.097570 -6.617227 2.857547
v 3.097570 -6.617227 -0.008309
v 3.097570 -6.413879 -0.008309
v -2.089581 8.098707 3.884760
v -1.886236 8.098707 3.884760
v -2.089580 7.398707 3.884760
v 1.464071 7.398719 3.884760
v 1.667417 8.098719 3.884760
v 1.667418 7.398719 3.884760
v 6.500004 2.499996 2.750000
v 7.500004 2.499996 0.000000
v 6.500004 2.499996 0.000000
v 7.500004 2.499996 4.250000
v 4.000004 2.499996 2.750000
v 2.500004 2.499996 4.250000
v 2.500004 2.499996 0.000000
v 4.000004 2.499996 0.000000
v -6.688248 8.098705 3.884760
v -6.484901 8.098705 3.884760
v -6.688246 7.398705 3.884760
v -3.134595 7.398717 3.884760
v -2.931250 8.098718 3.884760
v -2.931248 7.398718 3.884760
v -8.105414 -6.625712 3.884760
v -7.405428 -4.177169 3.884760
v -7.405414 -6.625711 3.884760
v -8.105428 -4.177171 3.884760
v -8.105430 -3.973824 3.884760
v -7.405428 -3.973821 3.884760
v 4.521917 8.092033 4.753672
v 4.676917 8.092033 4.808672
v 4.521917 8.092033 4.872422
v 4.684417 8.092033 4.911172
v 4.848166 8.092033 4.618672
v 4.961916 8.092033 4.608672
v 4.676916 8.092033 4.327422
v 4.658166 8.092033 4.432422
v 4.509417 8.092033 4.359922
v 4.509417 8.092033 4.469922
v -8.105428 -4.177171 2.647419
v -7.405428 -3.973821 2.647419
v -8.105430 -3.973824 2.647419
v -7.405428 -4.177169 2.647419
v -8.105414 -6.625712 2.647419
v -7.405414 -6.625711 2.647419
v 6.401322 2.397951 -0.008309
v 6.401322 2.397951 2.657547
v 6.604669 2.397950 -0.008309
v 6.604669 2.397950 2.857547
v 4.066073 2.397950 2.657547
v 3.862726 2.397949 2.857547
v 3.862726 2.397949 -0.008309
v 4.066073 2.397950 -0.008309
v 3.000004 7.499996 3.750000
v 3.000004 2.999996 4.250000
v 3.000004 7.499996 4.250000
v 3.000004 2.999996 0.000000
v 3.000004 7.999996 0.000000
v 3.000004 7.999996 3.750000
v 3.918167 8.092032 4.393673
v 4.114417 8.092032 4.433672
v 3.918167 8.092032 4.501173
v 4.141916 8.092032 4.327423
v 4.303166 8.092033 4.602422
v 4.414417 8.092033 4.626173
v 4.018167 8.092032 4.676173
v 3.908167 8.092032 4.602423
v 4.300667 8.092033 4.676172
v 4.149417 8.092033 4.814923
v 4.151917 8.092033 4.911173
v 6.800666 8.092035 4.338670
v 6.678167 8.092035 4.707420
v 6.678166 8.092035 4.338670
v 6.678167 8.092035 4.817420
v 6.800667 8.092036 5.191170
v 6.550667 8.092035 4.707420
v 6.678167 8.092036 5.081171
v 6.539417 8.092035 4.817420
v 6.534417 8.092035 5.191171
v 6.534417 8.092035 5.081171
v 6.389417 8.092035 4.951170
v 6.263167 8.092035 4.946171
v 8.000004 7.999996 5.750000
v 8.000004 7.499996 3.750000
v 8.000004 7.499996 5.750000
v 8.000004 7.999996 0.000000
v 8.000004 7.499996 0.000000
v 8.000000 8.000000 -6.000000
v 8.000004 2.999996 0.000000
v 8.000004 2.999996 3.750000
v 8.000000 -2.500000 -6.000000
v 8.000004 1.499996 1.000000
v 7.999995 -2.500005 1.000000
v 8.000004 1.499996 3.750000
v 7.999995 -6.500005 1.000000
v 8.000000 -8.000000 -6.000000
v 7.999995 -8.000005 5.750000
v 7.999995 -6.500005 3.750000
v 5.910666 8.092034 4.427421
v 5.909416 8.092034 4.327421
v 6.091917 8.092034 4.624921
v 5.719417 8.092034 4.623671
v 6.205667 8.092035 4.624921
v 5.605667 8.092034 4.624921
v 5.910666 8.092034 4.811171
v 5.909417 8.092035 4.911171
v -8.000003 -3.999997 2.750000
v -8.000003 -2.499997 5.750000
v -8.000003 -3.999997 3.750000
v -8.000003 -6.499997 3.750000
v -8.000003 -7.999997 5.750000
v -8.000003 -7.999997 3.750000
v -8.000003 -6.499997 2.750000
v -8.000001 -7.999998 -6.000000
v -7.999999 8.000000 5.750000
v -7.999997 8.000003 -6.000000
v -6.484900 7.398706 3.684760
v -6.688246 7.398705 3.884760
v -3.134595 7.398717 3.884760
v -6.688246 7.398705 0.910340
v -6.484900 7.398706 1.110225
v -3.134595 7.398717 0.910340
v -3.134595 7.398717 1.110225
v -2.931248 7.398718 0.910340
v -3.134595 7.398717 3.684760
v -2.931248 7.398718 3.884760
v 8.090603 -6.413877 3.884759
v 8.090603 -6.413877 3.684760
v 8.090604 -6.617225 3.884759
v 8.090604 -6.617225 0.910340
v 8.090603 -6.413877 1.110225
v 8.090603 -6.413877 0.910340
v 8.090602 1.411907 1.110225
v 8.090602 1.615253 0.910340
v 8.090602 1.411907 3.684760
v 8.090602 1.615253 3.884759
v -3.134597 8.098717 3.684760
v -2.931250 8.098718 3.884760
v -6.484901 8.098705 3.884760
v -2.931250 8.098718 0.910340
v -3.134597 8.098717 1.110225
v -6.484901 8.098705 0.910340
v -6.484901 8.098705 1.110225
v -6.688248 8.098705 0.910340
v -6.484901 8.098705 3.684760
v -6.688248 8.098705 3.884760
v -1.886234 7.398708 3.684760
v -2.089580 7.398707 3.884760
v 1.464071 7.398719 3.884760
v -2.089580 7.398707 0.910340
v -1.886234 7.398708 1.110225
v 1.464071 7.398719 0.910340
v 1.464071 7.398719 1.110225
v 1.667418 7.398719 0.910340
v 1.464071 7.398719 3.684760
v 1.667418 7.398719 3.884760
v 1.464069 8.098719 3.684760
v 1.667417 8.098719 3.884760
v -1.886236 8.098707 3.884760
v 1.667417 8.098719 0.910340
v 1.464069 8.098719 1.110225
v -1.886236 8.098707 0.910340
v -1.886236 8.098707 1.110225
v -2.089581 8.098707 0.910340
v -1.886236 8.098707 3.684760
v -2.089581 8.098707 3.884760
v 7.390602 1.411906 3.684760
v 7.390602 1.615252 3.884759
v 7.390604 -6.413878 3.884759
v 7.390602 1.615252 0.910340
v 7.390602 1.411906 1.110225
v 7.390604 -6.413878 0.910340
v 7.390604 -6.413878 1.110225
v 7.390604 -6.617224 0.910340
v 7.390604 -6.413878 3.684760
v 7.390604 -6.617224 3.884759
v -8.000003 -7.999997 5.750000
v -7.500003 -7.499997 5.750000
v 2.999995 -8.000005 5.750000
v -8.000003 -2.499997 5.750000
v 2.999995 -7.500005 5.750000
v -7.499999 7.500000 5.750000
v 7.499995 -7.500005 5.750000
v 7.999995 -8.000005 5.750000
v 8.000004 7.499996 5.750000
v -7.999999 8.000000 5.750000
v -6.499999 8.000000 5.750000
v 1.500004 7.999996 5.750000
v 7.500004 7.499996 5.750000
v 8.000004 7.999996 5.750000
v 1.500004 7.499996 0.000000
v 1.500004 7.499996 1.000000
v 2.500004 7.499996 0.000000
v 2.500004 7.499996 4.250000
v 1.500004 7.499996 3.750000
v -1.959998 7.499998 1.000000
v -2.959998 7.499998 4.250000
v -1.959998 7.499998 3.750000
v -1.959998 7.499998 0.000000
v -2.959998 7.499998 3.750000
v -6.499999 7.500000 4.250000
v -6.499999 7.500000 3.750000
v -7.499999 7.500000 4.250000
v -6.499999 7.500000 1.000000
v -7.499999 7.500000 0.000000
v -2.959998 7.499998 1.000000
v 7.499995 -6.500005 1.000000
v 7.499995 -7.500005 -0.000000
v 7.499995 -2.500005 -0.000000
v 7.499995 -7.500005 4.250000
v 7.499995 -2.500005 1.000000
v 7.499995 -6.500005 3.750000
v 7.500004 1.499996 3.750000
v 7.500004 2.499996 4.250000
v 7.500004 1.499996 1.000000
v 7.500004 1.499996 0.000000
v 7.500004 2.499996 0.000000
v -7.500003 -7.499997 -0.000000
v -7.500003 -6.499997 2.750000
v -7.500003 -2.999997 -0.000000
v -7.500003 -7.499997 4.250000
v -7.500003 -3.999997 2.750000
v -7.500003 -6.499997 3.750000
v -7.500003 -2.999997 2.750000
v -7.500003 -2.999997 4.250000
v -7.500003 -3.999997 3.750000
v -7.500003 -2.999997 3.750000
v -7.405415 -6.422365 3.684760
v -7.405414 -6.625711 3.884760
v -7.405428 -4.177169 3.884760
v -7.405414 -6.625711 2.647419
v -7.405415 -6.422365 2.847303
v -7.405428 -4.177169 2.647419
v -7.405428 -4.177169 2.847303
v -7.405428 -3.973821 2.647419
v -7.405428 -4.177169 3.684760
v -7.405428 -3.973821 3.884760
v -8.105415 -6.422366 3.684760
v -8.105414 -6.625712 3.884760
v -8.105414 -6.625712 2.647419
v -8.105428 -4.177171 3.884760
v -8.105415 -6.422366 2.847303
v -8.105428 -4.177171 2.647419
v -8.105428 -4.177171 2.847303
v -8.105430 -3.973824 2.647419
v -8.105428 -4.177171 3.684760
v -8.105430 -3.973824 3.884760
v 8.000004 7.999996 0.000000
v 7.500004 7.999996 0.000000
v 8.000000 8.000000 -6.000000
v 7.500004 7.999996 3.750000
v 8.000004 7.999996 5.750000
v 3.000004 7.999996 3.750000
v 3.000004 7.999996 0.000000
v 1.500004 7.999996 5.750000
v 1.500004 7.999996 0.000000
v -7.999997 8.000003 -6.000000
v 1.500004 7.999996 1.000000
v 1.500004 7.999996 3.750000
v -1.959998 7.999998 3.750000
v -1.959998 7.999998 1.000000
v -2.959998 7.999998 3.750000
v -6.499999 8.000000 5.750000
v -2.959998 7.999998 1.000000
v -6.499999 8.000000 3.750000
v -7.999999 8.000000 5.750000
v -6.499999 8.000000 1.000000
vt 0.671687365 0.817302048
vt 0.679748833 0.850477338
vt 0.679748833 0.817302048
vt 0.671687365 0.850477338
vt 0.613361955 0.776195705
vt 0.614445806 0.781894028
vt 0.614445806 0.776195705
vt 0.613361955 0.781894028
vt 0.623987019 0.808984935
vt 0.632048488 0.843416929
vt 0.632048488 0.808984935
vt 0.623987019 0.843416929
vt 0.619323254 0.781894028
vt 0.618239403 0.776195705
vt 0.618239403 0.781894028
vt 0.619323254 0.776195705
vt 0.208841622 0.80941236
vt 0.207757771 0.801641941
vt 0.207757771 0.80941236
vt 0.208841681 0.801641941
vt 0.597793877 0.808984935
vt 0.605855346 0.84341687
vt 0.605855346 0.808984935
vt 0.597793877 0.843416929
vt 0.798954844 0.851018727
vt 0.808167815 0.840658128
vt 0.798954844 0.840658128
vt 0.808167815 0.851018727
vt 0.613916874 0.843416929
vt 0.605855405 0.808984935
vt 0.605855346 0.843416929
vt 0.613916814 0.808984935
vt 0.61592555 0.808984935
vt 0.623987019 0.843416929
vt 0.623987019 0.808984935
vt 0.61592555 0.843416929
vt 0.207757771 0.755537271
vt 0.208841681 0.763307691
vt 0.208841681 0.755537271
vt 0.207757771 0.763307691
vt 0.687810302 0.812594175
vt 0.69587183 0.845769465
vt 0.69587177 0.812594175
vt 0.687810302 0.845769465
vt 0.617155552 0.781894028
vt 0.618239403 0.776195705
vt 0.617155552 0.776195705
vt 0.618239403 0.781894028
vt 0.613361955 0.781894028
vt 0.612278104 0.776195705
vt 0.612278104 0.781894028
vt 0.613361955 0.776195705
vt 0.623987019 0.857740462
vt 0.61592555 0.843416929
vt 0.61592555 0.857740462
vt 0.623987019 0.843416929
vt 0.655633211 0.736742556
vt 0.656717062 0.744077861
vt 0.656717062 0.736742556
vt 0.655633211 0.744077861
vt 0.656175137 0.775076687
vt 0.657258987 0.767907202
vt 0.656175137 0.767907202
vt 0.657258987 0.775076687
vt 0.616071701 0.776195705
vt 0.617155552 0.781894028
vt 0.617155552 0.776195705
vt 0.616071701 0.781894028
vt 0.599751055 0.740906835
vt 0.600834906 0.735726595
vt 0.599751055 0.735726595
vt 0.600834966 0.740906835
vt 0.851522982 0.766061842
vt 0.860735893 0.787819088
vt 0.860735893 0.766061842
vt 0.851522982 0.787819088
vt 0.207757771 0.818736911
vt 0.206673861 0.80941236
vt 0.206673861 0.818736911
vt 0.207757771 0.80941236
vt 0.663625836 0.817302048
vt 0.671687365 0.850477338
vt 0.671687365 0.817302048
vt 0.663625836 0.850477338
vt 0.590538085 0.704644799
vt 0.591621995 0.702572703
vt 0.590538085 0.702572703
vt 0.591621995 0.704644799
vt 0.589454234 0.704644799
vt 0.590538085 0.702572703
vt 0.589454234 0.702572703
vt 0.590538085 0.704644799
vt 0.660529196 0.691649437
vt 0.654387712 0.69795084
vt 0.660529196 0.69795084
vt 0.654387712 0.691649437
vt 0.171989799 0.817700863
vt 0.169822037 0.786619067
vt 0.169822037 0.817700863
vt 0.171989799 0.786619067
vt 0.879161835 0.76709789
vt 0.869948864 0.787819088
vt 0.879161835 0.787819088
vt 0.869948864 0.76709789
vt 0.657258987 0.780775011
vt 0.656175137 0.775076687
vt 0.656175137 0.780775011
vt 0.657258987 0.775076687
vt 0.679748833 0.812594175
vt 0.687810302 0.845769465
vt 0.687810302 0.812594175
vt 0.679748833 0.845769465
vt 0.703933299 0.812594116
vt 0.69587183 0.780853331
vt 0.69587183 0.812594175
vt 0.703933299 0.780853331
vt 0.545407593 0.841418207
vt 0.537346125 0.806986153
vt 0.537346125 0.841418207
vt 0.545407593 0.806986153
vt 0.207757771 0.788691163
vt 0.208841681 0.798015714
vt 0.208841681 0.788691163
vt 0.207757771 0.798015714
vt 0.598667145 0.740906835
vt 0.599751055 0.735726595
vt 0.598667145 0.735726595
vt 0.599751055 0.740906835
vt 0.656175137 0.749340951
vt 0.657258987 0.744160712
vt 0.656175137 0.744160712
vt 0.657258987 0.749340951
vt 0.654007435 0.714032114
vt 0.655091286 0.730609059
vt 0.655091286 0.714032114
vt 0.654007435 0.730609059
vt 0.207215846 0.776258469
vt 0.208299696 0.785583019
vt 0.208299696 0.776258469
vt 0.207215846 0.785583019
vt 0.657258987 0.756510556
vt 0.656175137 0.749340951
vt 0.656175137 0.756510556
vt 0.657258987 0.749340951
vt 0.208841681 0.818736911
vt 0.207757771 0.80941236
vt 0.207757771 0.818736911
vt 0.208841622 0.80941236
vt 0.655091286 0.730609059
vt 0.656175137 0.723273754
vt 0.655091286 0.723273754
vt 0.656175137 0.730609059
vt 0.657258987 0.767907202
vt 0.656175137 0.762726843
vt 0.656175137 0.767907202
vt 0.657258987 0.762726843
vt 0.387536228 0.308744192
vt 0.397291124 0.318068743
vt 0.397291124 0.308744192
vt 0.387536228 0.318068743
vt 0.372903883 0.288022995
vt 0.363148928 0.267301798
vt 0.363148987 0.288022995
vt 0.372903883 0.267301798
vt 0.690487623 0.678511381
vt 0.698549092 0.680865347
vt 0.698549092 0.678511441
vt 0.690487623 0.7196486
vt 0.698549092 0.722002566
vt 0.690487623 0.722002566
vt 0.656175137 0.723273754
vt 0.657258987 0.728972077
vt 0.657258987 0.723273754
vt 0.656175137 0.728972077
vt 0.614987731 0.781894028
vt 0.616071701 0.776195705
vt 0.614987731 0.776195705
vt 0.616071701 0.781894028
vt 0.560861945 0.841418207
vt 0.552800477 0.806986153
vt 0.552800477 0.841418207
vt 0.560861945 0.806986153
vt 0.854284644 0.260886908
vt 0.886801004 0.229805112
vt 0.854284644 0.229805112
vt 0.886801004 0.260886908
vt 0.16711235 0.817700863
vt 0.164944589 0.786619067
vt 0.164944589 0.817700863
vt 0.16711235 0.786619067
vt 0.169822037 0.808376312
vt 0.167654276 0.817700863
vt 0.169822037 0.817700863
vt 0.167654276 0.786619067
vt 0.169822037 0.786619067
vt 0.137305707 0.756573319
vt 0.139473468 0.787655115
vt 0.139473468 0.756573319
vt 0.137305707 0.787655115
vt 0.656717062 0.736742556
vt 0.655633211 0.731044233
vt 0.655633211 0.736742556
vt 0.656717062 0.731044233
vt 0.69587183 0.752862632
vt 0.703933299 0.722002566
vt 0.69587183 0.722002625
vt 0.703933299 0.752862632
vt 0.64750284 0.860227466
vt 0.655564368 0.829367399
vt 0.64750284 0.829367399
vt 0.655564368 0.860227466
vt 0.552800477 0.868451118
vt 0.560861945 0.841418207
vt 0.552800477 0.841418207
vt 0.560861945 0.868451118
vt 0.657538772 0.755177855
vt 0.655196965 0.763281107
vt 0.657538772 0.763281107
vt 0.655196965 0.755177855
vt 0.652855158 0.763281107
vt 0.650513291 0.755177855
vt 0.650513291 0.763281107
vt 0.652855158 0.755177855
vt 0.698549092 0.722002566
vt 0.70661056 0.691142559
vt 0.698549092 0.691142559
vt 0.70661056 0.722002566
vt 0.655564368 0.860227466
vt 0.663625836 0.829367399
vt 0.655564368 0.829367399
vt 0.663625836 0.860227466
vt 0.69587183 0.753820419
vt 0.703933299 0.780853331
vt 0.703933299 0.75382036
vt 0.69587183 0.780853331
vt 0.655196965 0.763281107
vt 0.652855158 0.755177855
vt 0.652855158 0.763281107
vt 0.655196965 0.755177855
vt 0.648171484 0.763281107
vt 0.650513291 0.755177855
vt 0.648171484 0.755177855
vt 0.650513291 0.763281107
vt 0.711994827 0.722002566
vt 0.703933299 0.751805544
vt 0.711994827 0.751805544
vt 0.703933299 0.722002625
vt 0.703933358 0.812594175
vt 0.711994827 0.782791257
vt 0.703933299 0.782791257
vt 0.711994827 0.812594175
vt 0.69587183 0.812594116
vt 0.687810361 0.722002625
vt 0.687810361 0.812594175
vt 0.69587183 0.722002566
vt 0.703933299 0.84433502
vt 0.69587183 0.812594175
vt 0.69587183 0.84433502
vt 0.703933299 0.812594175
vt 0.687810302 0.722002625
vt 0.679748833 0.812594175
vt 0.687810361 0.812594175
vt 0.679748833 0.722002566
vt 0.663625836 0.722002625
vt 0.671687305 0.724356532
vt 0.671687305 0.722002566
vt 0.663625836 0.724356532
vt 0.663625836 0.817302048
vt 0.671687365 0.817302048
vt 0.720056236 0.812594175
vt 0.711994767 0.842397094
vt 0.720056236 0.842397094
vt 0.711994767 0.812594175
vt 0.703933299 0.782791257
vt 0.711994767 0.752988338
vt 0.703933299 0.752988338
vt 0.711994767 0.782791257
vt 0.595116615 0.806986153
vt 0.587055147 0.845769405
vt 0.595116615 0.845769405
vt 0.587055147 0.806986153
vt 0.571600735 0.845769405
vt 0.563539267 0.806986153
vt 0.563539267 0.845769405
vt 0.571600735 0.806986153
vt 0.656175137 0.717575431
vt 0.657258987 0.723273754
vt 0.657258987 0.717575431
vt 0.656175137 0.723273754
vt 0.720056236 0.751805544
vt 0.711994767 0.781608403
vt 0.720056236 0.781608403
vt 0.711994767 0.751805544
vt 0.70661056 0.720945477
vt 0.714672029 0.691142559
vt 0.70661056 0.691142559
vt 0.714672029 0.720945477
vt 0.587055147 0.806986153
vt 0.578993618 0.845769405
vt 0.587055147 0.845769405
vt 0.578993678 0.806986153
vt 0.529284656 0.806986153
vt 0.537346125 0.845769465
vt 0.537346125 0.806986153
vt 0.529284656 0.845769465
vt 0.801591754 0.755537271
vt 0.810804725 0.776258469
vt 0.810804725 0.755537271
vt 0.801591754 0.776258469
vt 0.808167815 0.860343277
vt 0.798954844 0.851018727
vt 0.798954844 0.860343277
vt 0.808167815 0.851018727
vt 0.62338537 0.207546979
vt 0.623842657 0.202950537
vt 0.62338537 0.202950537
vt 0.623842657 0.207546979
vt 0.619727135 0.204940468
vt 0.620184422 0.200344056
vt 0.619727135 0.200344056
vt 0.620184422 0.204940468
vt 0.619269907 0.204940468
vt 0.619727135 0.200344056
vt 0.619269907 0.200344056
vt 0.619727135 0.204940468
vt 0.618716717 0.204940468
vt 0.619174004 0.200344056
vt 0.618716717 0.200344056
vt 0.619174004 0.204940468
vt 0.648171484 0.755177855
vt 0.640110016 0.764872313
vt 0.648171484 0.764872313
vt 0.640110016 0.755177855
vt 0.640110016 0.755177855
vt 0.632048547 0.764872313
vt 0.640110016 0.764872313
vt 0.632048488 0.755177855
vt 0.537346125 0.867408633
vt 0.545407593 0.841418207
vt 0.537346125 0.841418207
vt 0.545407593 0.867408693
vt 0.711994767 0.86928302
vt 0.703933299 0.843292594
vt 0.703933299 0.86928302
vt 0.711994767 0.843292534
vt 0.674364626 0.722002566
vt 0.666303158 0.7196486
vt 0.666303158 0.722002566
vt 0.674364626 0.680865347
vt 0.666303158 0.678511381
vt 0.674364626 0.678511441
vt 0.605855405 0.857740462
vt 0.597793877 0.843416929
vt 0.597793877 0.857740462
vt 0.605855405 0.843416929
vt 0.633700311 0.203289241
vt 0.634157538 0.198692828
vt 0.633700311 0.198692828
vt 0.634157538 0.203289241
vt 0.6140697 0.204940468
vt 0.614526987 0.200344056
vt 0.6140697 0.200344056
vt 0.614526987 0.204940468
vt 0.62338537 0.202950537
vt 0.623842657 0.198354125
vt 0.62338537 0.198354125
vt 0.623842657 0.202950537
vt 0.613516569 0.204940468
vt 0.613973796 0.200344056
vt 0.613516569 0.200344056
vt 0.613973796 0.204940468
vt 0.614526987 0.204940468
vt 0.614984274 0.200344056
vt 0.614526987 0.200344056
vt 0.614984274 0.204940468
vt 0.617042005 0.193757713
vt 0.616584718 0.198354125
vt 0.617042005 0.198354155
vt 0.616584718 0.193757713
vt 0.622072816 0.305983573
vt 0.622530103 0.301387101
vt 0.622072816 0.301387101
vt 0.622530103 0.305983573
vt 0.617042005 0.198354155
vt 0.616584718 0.202950567
vt 0.617042005 0.202950567
vt 0.616584718 0.198354155
vt 0.581757188 0.724184632
vt 0.574464798 0.781520605
vt 0.581757188 0.781520605
vt 0.574464738 0.724184632
vt 0.546944916 0.753014088
vt 0.560054898 0.761588216
vt 0.560054898 0.753014088
vt 0.546944916 0.761588216
vt 0.560054898 0.781174898
vt 0.546944916 0.781174898
vt 0.667497694 0.666848779
vt 0.654387712 0.691649437
vt 0.667497694 0.691649437
vt 0.654387712 0.666848779
vt 0.623086691 0.803531289
vt 0.615057886 0.79008007
vt 0.615057886 0.803531289
vt 0.623086691 0.79008007
vt 0.64127779 0.724184632
vt 0.628167808 0.666848779
vt 0.628167808 0.724184632
vt 0.64127779 0.666848779
vt 0.574464738 0.78842628
vt 0.561354816 0.77090466
vt 0.561354816 0.78842628
vt 0.574464738 0.77090466
vt 0.561354816 0.753014088
vt 0.574464738 0.753014088
vt 0.661680162 0.742144942
vt 0.674790084 0.752608895
vt 0.674790084 0.742144942
vt 0.661680162 0.752608895
vt 0.674790084 0.761932254
vt 0.661680162 0.761932254
vt 0.546944916 0.790841818
vt 0.560054898 0.781174898
vt 0.546944916 0.781174898
vt 0.560054898 0.790841818
vt 0.560054898 0.800454974
vt 0.546944916 0.800454974
vt 0.674790084 0.742144942
vt 0.661680162 0.724406123
vt 0.661680162 0.742144942
vt 0.674790084 0.724406123
vt 0.582177937 0.776476741
vt 0.595287859 0.796485424
vt 0.595287859 0.776476741
vt 0.582177937 0.796485424
vt 0.615057886 0.764501452
vt 0.628167808 0.743771434
vt 0.615057886 0.743771434
vt 0.628167808 0.764501452
vt 0.615057886 0.724184632
vt 0.628167808 0.743771434
vt 0.628167808 0.724184632
vt 0.615057886 0.743771434
vt 0.595287859 0.774963379
vt 0.608397841 0.795705199
vt 0.608397841 0.774963379
vt 0.595287859 0.795705199
vt 0.654353023 0.788495064
vt 0.64127779 0.801946282
vt 0.654353023 0.801946282
vt 0.64127779 0.788495064
vt 0.640509009 0.789255023
vt 0.628167808 0.802706242
vt 0.640509009 0.802706242
vt 0.628167808 0.789255023
vt 0.64127779 0.775971889
vt 0.628167808 0.763445497
vt 0.628167808 0.775971889
vt 0.64127779 0.763445497
vt 0.64127779 0.789255023
vt 0.628167808 0.775971889
vt 0.628167808 0.789255023
vt 0.64127779 0.775971889
vt 0.654387712 0.724184632
vt 0.64127779 0.666848779
vt 0.64127779 0.724184632
vt 0.654387712 0.666848779
vt 0.574464738 0.781520605
vt 0.581750512 0.794971824
vt 0.581750512 0.781520605
vt 0.574464798 0.794971824
vt 0.628167808 0.724184632
vt 0.615057886 0.666848779
vt 0.615057886 0.724184632
vt 0.628167808 0.666848779
vt 0.607480347 0.700906694
vt 0.614771843 0.714357913
vt 0.614771843 0.700906694
vt 0.607480347 0.714357913
vt 0.654387772 0.724184632
vt 0.64127779 0.761932254
vt 0.654387772 0.761932254
vt 0.64127779 0.724184632
vt 0.674790084 0.742144942
vt 0.682075858 0.755596161
vt 0.682075858 0.742144942
vt 0.674790144 0.755596161
vt 0.608397841 0.774963379
vt 0.595287859 0.737215877
vt 0.595287859 0.774963379
vt 0.608397841 0.737215877
vt 0.614771843 0.714357913
vt 0.607480347 0.727809191
vt 0.614771783 0.727809191
vt 0.607480347 0.714357913
vt 0.614771843 0.727809191
vt 0.610247374 0.741260409
vt 0.614771843 0.741260409
vt 0.610247374 0.727809191
vt 0.610429168 0.768162847
vt 0.614771843 0.781614065
vt 0.614771843 0.768162847
vt 0.610429168 0.781614065
vt 0.614771843 0.741260409
vt 0.610361278 0.754711628
vt 0.614771843 0.754711628
vt 0.610361278 0.741260409
vt 0.614771843 0.754711628
vt 0.610429168 0.768162847
vt 0.614771843 0.768162847
vt 0.610429168 0.754711628
vt 0.667497694 0.69887948
vt 0.654387712 0.711658239
vt 0.667497694 0.711658239
vt 0.654387712 0.69887948
vt 0.667497694 0.724184632
vt 0.654387712 0.711658239
vt 0.654387712 0.724184632
vt 0.667497694 0.711658239
vt 0.677344441 0.782697558
vt 0.667497694 0.796148777
vt 0.677344441 0.796148777
vt 0.667497694 0.782697558
vt 0.674790084 0.755596161
vt 0.682000577 0.769047379
vt 0.682000577 0.755596161
vt 0.674790084 0.769047379
vt 0.678509474 0.710733414
vt 0.667497694 0.724184632
vt 0.678509474 0.724184632
vt 0.667497694 0.710733414
vt 0.595287859 0.756131649
vt 0.582177937 0.737215877
vt 0.582177937 0.756131649
vt 0.595287859 0.737215877
vt 0.595287859 0.776476741
vt 0.582177937 0.756131649
vt 0.582177937 0.776476741
vt 0.595287859 0.756131649
vt 0.667497694 0.697282195
vt 0.678031087 0.710733414
vt 0.678031087 0.697282195
vt 0.667497694 0.710733414
vt 0.674790084 0.737857342
vt 0.682574153 0.724406123
vt 0.674790084 0.724406123
vt 0.682574153 0.737857342
vt 0.667497694 0.666848779
vt 0.677599847 0.680299997
vt 0.677599847 0.666848779
vt 0.667497694 0.680299997
vt 0.64127779 0.724184632
vt 0.628167808 0.744277477
vt 0.64127779 0.744277477
vt 0.628167808 0.724184632
vt 0.64127779 0.763445497
vt 0.628167808 0.744277477
vt 0.628167808 0.763445497
vt 0.64127779 0.744277477
vt 0.654387772 0.761932254
vt 0.667497694 0.782697558
vt 0.667497694 0.761932254
vt 0.654387772 0.782697558
vt 0.64127779 0.788495064
vt 0.654387772 0.761932254
vt 0.64127779 0.761932254
vt 0.654387772 0.788495064
vt 0.615057886 0.777882576
vt 0.628167808 0.79008007
vt 0.628167808 0.777882576
vt 0.615057886 0.79008007
vt 0.615057886 0.764501452
vt 0.628167808 0.777882576
vt 0.628167808 0.764501452
vt 0.615057886 0.777882576
vt 0.676592767 0.782697558
vt 0.683639348 0.76924634
vt 0.676592767 0.76924634
vt 0.683639348 0.782697558
vt 0.561354816 0.80354321
vt 0.574464738 0.78842628
vt 0.561354816 0.78842628
vt 0.574464738 0.80354321
vt 0.667497694 0.683830976
vt 0.67755419 0.697282195
vt 0.67755419 0.683830976
vt 0.667497694 0.697282195
vt 0.654387772 0.782697558
vt 0.667497694 0.801680088
vt 0.667497694 0.782697558
vt 0.654387772 0.801680088
vt 0.676592767 0.782697558
vt 0.667497694 0.76924634
vt 0.667497694 0.782697558
vt 0.676592767 0.76924634
vt 0.654387772 0.724184632
vt 0.661680162 0.761932254
vt 0.661680162 0.724184632
vt 0.654387772 0.761932254
vt 0.81134665 0.72756362
vt 0.805385292 0.725491524
vt 0.805385292 0.72756362
vt 0.814598262 0.725491524
vt 0.81134665 0.732743979
vt 0.814598262 0.734816074
vt 0.805385292 0.734816074
vt 0.805385292 0.732743979
vt 0.155558258 0.280023575
vt 0.15772596 0.289348066
vt 0.15772596 0.280023575
vt 0.150138825 0.280023575
vt 0.146887213 0.289348066
vt 0.155558258 0.278987527
vt 0.146887213 0.280023575
vt 0.150138825 0.278987527
vt 0.138216197 0.289348125
vt 0.15772596 0.25826633
vt 0.15772596 0.278987527
vt 0.147971064 0.25826633
vt 0.147971064 0.278987527
vt 0.136048436 0.282095671
vt 0.136048436 0.28727597
vt 0.136048436 0.289348125
vt 0.134964556 0.28727597
vt 0.136048436 0.278987527
vt 0.134964556 0.282095671
vt 0.146887213 0.25826633
vt 0.125209659 0.269745827
vt 0.125209659 0.25826633
vt 0.125209659 0.276915431
vt 0.125209659 0.278987527
vt 0.125209659 0.289348125
vt 0.134964556 0.290384173
vt 0.125209659 0.290384173
vt 0.124125779 0.280023575
vt 0.134964556 0.280023575
vt 0.124125779 0.289348125
vt 0.801591754 0.80941236
vt 0.802675605 0.788691163
vt 0.801591754 0.788691163
vt 0.804843366 0.788691163
vt 0.810804665 0.80941236
vt 0.810804665 0.788691163
vt 0.654007316 0.755474508
vt 0.655091286 0.747186005
vt 0.654007316 0.747186005
vt 0.655091286 0.755474508
vt 0.654007435 0.763763011
vt 0.655091286 0.763763011
vt 0.130260497 0.820809007
vt 0.104789376 0.810448408
vt 0.104789376 0.820809007
vt 0.130260497 0.787655115
vt 0.109124899 0.787655115
vt 0.104789376 0.787655115
vt 0.120560408 0.694245756
vt 0.126521766 0.694245756
vt 0.120560408 0.69217366
vt 0.129773378 0.69217366
vt 0.126521766 0.699425995
vt 0.129773378 0.70149821
vt 0.128689528 0.70149821
vt 0.128689528 0.702534258
vt 0.120560408 0.702534258
vt 0.120560408 0.699426115
vt 0.305703402 0.289059043
vt 0.327380955 0.291131139
vt 0.327380955 0.289059043
vt 0.327380955 0.298466444
vt 0.316542208 0.30978024
vt 0.327380955 0.30978024
vt 0.305703461 0.310816288
vt 0.316542208 0.320140839
vt 0.294864655 0.320140839
vt 0.294864655 0.310816288
vt 0.661284029 0.722002625
vt 0.661284029 0.752862632
vt 0.663625836 0.722002566
vt 0.663625836 0.755177855
vt 0.634390354 0.752862632
vt 0.632048488 0.755177855
vt 0.632048488 0.722002625
vt 0.634390354 0.722002625
vt 0.841768026 0.759845436
vt 0.847729385 0.759845436
vt 0.841768026 0.756737292
vt 0.850980997 0.756737292
vt 0.850980997 0.76709789
vt 0.847729385 0.765025795
vt 0.841768026 0.76709789
vt 0.841768026 0.765025795
vt 0.671687365 0.724356532
vt 0.679748833 0.722002625
vt 0.671687365 0.722002566
vt 0.679748833 0.724356532
vt 0.679748833 0.817302048
vt 0.671687365 0.817302048
vt 0.531626463 0.776126146
vt 0.529284656 0.806986153
vt 0.531626463 0.806986153
vt 0.529284656 0.773810923
vt 0.560861945 0.773810923
vt 0.558520138 0.776126146
vt 0.560861945 0.806986153
vt 0.558520138 0.806986153
vt 0.592774808 0.80467093
vt 0.595116615 0.773810863
vt 0.592774808 0.773810863
vt 0.595116615 0.806986153
vt 0.565881133 0.80467093
vt 0.563539267 0.806986153
vt 0.563539267 0.773810863
vt 0.565881133 0.773810863
vt 0.682426095 0.722002566
vt 0.682426095 0.7196486
vt 0.674364626 0.722002566
vt 0.674364626 0.680865407
vt 0.682426095 0.678511381
vt 0.674364626 0.678511441
vt 0.854774594 0.763989747
vt 0.860735893 0.766061842
vt 0.860735893 0.763989747
vt 0.851522982 0.766061842
vt 0.854774594 0.758809388
vt 0.851522982 0.755701244
vt 0.860735893 0.755701244
vt 0.860735893 0.758809388
vt 0.690487623 0.722002566
vt 0.690487564 0.7196486
vt 0.682426155 0.722002566
vt 0.682426095 0.680865407
vt 0.690487564 0.678511441
vt 0.682426095 0.678511441
vt 0.703933299 0.812594175
vt 0.711994767 0.840938568
vt 0.711994767 0.812594175
vt 0.703933299 0.840938628
vt 0.703933299 0.843292534
vt 0.711994767 0.843292534
vt 0.600229442 0.672734141
vt 0.610153675 0.677055359
vt 0.605491459 0.666848779
vt 0.615057886 0.672316313
vt 0.610006452 0.694257915
vt 0.615057886 0.699925184
vt 0.588828683 0.700906694
vt 0.592575729 0.694850326
vt 0.582177937 0.691680551
vt 0.587052226 0.686228812
vt 0.640110016 0.857711852
vt 0.632048488 0.860065818
vt 0.640110016 0.860065818
vt 0.632048547 0.857711852
vt 0.640110016 0.829367459
vt 0.632048488 0.829367399
vt 0.634390354 0.79866904
vt 0.634390295 0.767808974
vt 0.632048488 0.79866904
vt 0.632048488 0.765493751
vt 0.66128397 0.767808974
vt 0.663625836 0.765493751
vt 0.663625836 0.79866904
vt 0.66128397 0.79866904
vt 0.134108901 0.778166592
vt 0.135192752 0.787491143
vt 0.135192752 0.778166592
vt 0.125979841 0.787491143
vt 0.125979841 0.777130544
vt 0.134108901 0.777130544
vt 0.593717694 0.737215877
vt 0.601455033 0.72633338
vt 0.588968992 0.731874168
vt 0.607480288 0.730366588
vt 0.603141665 0.709393263
vt 0.607480347 0.703170776
vt 0.586081445 0.71864599
vt 0.584012032 0.727296293
vt 0.599762738 0.705841899
vt 0.586308599 0.705802679
vt 0.582177937 0.700906694
vt 0.582177937 0.724184632
vt 0.574148059 0.699383974
vt 0.574148059 0.724184632
vt 0.574148059 0.691985726
vt 0.582177937 0.666848779
vt 0.565790474 0.699383974
vt 0.574148059 0.674246907
vt 0.565053046 0.691985726
vt 0.56472528 0.666848779
vt 0.56472528 0.674246907
vt 0.555220604 0.682990193
vt 0.546944916 0.683326483
vt 0.171989799 0.788691163
vt 0.176325321 0.787655115
vt 0.171989799 0.787655115
vt 0.184454381 0.788691163
vt 0.184454381 0.787655115
vt 0.197460949 0.788691163
vt 0.184454381 0.778330564
vt 0.176325321 0.778330564
vt 0.197460949 0.766933918
vt 0.18228662 0.775222421
vt 0.18228662 0.766933918
vt 0.176325321 0.775222421
vt 0.18228662 0.758645415
vt 0.197460949 0.755537271
vt 0.171989799 0.755537271
vt 0.176325321 0.758645415
vt 0.569724381 0.729064703
vt 0.574464738 0.7244187
vt 0.55216223 0.729650259
vt 0.569306016 0.747489691
vt 0.546944916 0.724184632
vt 0.574464738 0.753014088
vt 0.551753461 0.747124076
vt 0.547127783 0.751890182
vt 0.145976722 0.811484456
vt 0.139473468 0.808376312
vt 0.143808991 0.811484456
vt 0.143808991 0.816664815
vt 0.139473468 0.819772959
vt 0.143808991 0.819772959
vt 0.145976722 0.816664815
vt 0.164944589 0.819772959
vt 0.139473468 0.786619067
vt 0.164944589 0.786619067
vt 0.600097179 0.680865347
vt 0.597793877 0.678511441
vt 0.597793877 0.7196486
vt 0.632048488 0.678511381
vt 0.629746556 0.680865347
vt 0.632048488 0.7196486
vt 0.629746556 0.7196486
vt 0.632048488 0.722002566
vt 0.600097179 0.7196486
vt 0.597793877 0.722002566
vt 0.563539267 0.771456957
vt 0.561235964 0.771456957
vt 0.563539267 0.773810863
vt 0.529284656 0.773810923
vt 0.531586587 0.771456957
vt 0.529284656 0.771456957
vt 0.531586587 0.680865347
vt 0.529284656 0.678511381
vt 0.561235964 0.680865347
vt 0.563539267 0.678511381
vt 0.600097179 0.724356532
vt 0.597793877 0.722002625
vt 0.597793877 0.763139784
vt 0.632048488 0.722002625
vt 0.629746556 0.724356532
vt 0.632048488 0.763139784
vt 0.629746556 0.763139784
vt 0.632048488 0.765493751
vt 0.600097179 0.763139844
vt 0.597793877 0.765493751
vt 0.600097179 0.767847657
vt 0.597793877 0.765493751
vt 0.597793877 0.806630969
vt 0.632048488 0.765493751
vt 0.629746556 0.767847657
vt 0.632048488 0.806630969
vt 0.629746556 0.806630969
vt 0.632048488 0.808984935
vt 0.600097179 0.806630969
vt 0.597793877 0.808984935
vt 0.63435179 0.680865407
vt 0.632048488 0.678511381
vt 0.632048488 0.7196486
vt 0.666303098 0.678511381
vt 0.664001167 0.680865407
vt 0.666303098 0.7196486
vt 0.664001167 0.7196486
vt 0.666303098 0.722002566
vt 0.63435179 0.7196486
vt 0.632048488 0.722002566
vt 0.595490575 0.771456957
vt 0.597793877 0.773810863
vt 0.597793877 0.680865347
vt 0.563539267 0.773810863
vt 0.565841198 0.771456957
vt 0.563539267 0.680865347
vt 0.565841198 0.680865347
vt 0.563539267 0.678511381
vt 0.595490634 0.680865347
vt 0.597793877 0.678511381
vt 0.104789376 0.756573319
vt 0.105873257 0.755537271
vt 0.104789376 0.733780026
vt 0.116712034 0.756573319
vt 0.105873257 0.733780026
vt 0.138389587 0.755537271
vt 0.105873257 0.724455476
vt 0.104789376 0.723419428
vt 0.138389587 0.723419428
vt 0.139473468 0.756573319
vt 0.139473468 0.753465176
vt 0.139473468 0.73688817
vt 0.138389587 0.724455476
vt 0.139473468 0.723419428
vt 0.808167815 0.838586032
vt 0.806000113 0.838586032
vt 0.808167815 0.840658128
vt 0.798954844 0.840658128
vt 0.800038755 0.838586032
vt 0.806000113 0.831416428
vt 0.798954844 0.829344332
vt 0.800038755 0.831416428
vt 0.808167815 0.831416428
vt 0.800038755 0.829344332
vt 0.798954844 0.822009027
vt 0.800038755 0.822009027
vt 0.798954844 0.819936931
vt 0.806000113 0.822009027
vt 0.808167815 0.819936931
vt 0.806000113 0.829344332
vt 0.867781103 0.785746992
vt 0.869948864 0.787819088
vt 0.869948864 0.777458489
vt 0.860735893 0.787819088
vt 0.867781103 0.777458489
vt 0.861819804 0.785746992
vt 0.861819804 0.769169986
vt 0.860735893 0.76709789
vt 0.867781103 0.769169986
vt 0.869948864 0.769169986
vt 0.869948864 0.76709789
vt 0.810804665 0.819772959
vt 0.804843366 0.821845055
vt 0.810804665 0.829097509
vt 0.801591754 0.819772959
vt 0.804843366 0.827025414
vt 0.802675605 0.821845055
vt 0.804843366 0.829097509
vt 0.801591754 0.829097509
vt 0.802675605 0.827025414
vt 0.802675605 0.829097509
vt 0.643994927 0.827013493
vt 0.64629823 0.829367399
vt 0.64629823 0.801023006
vt 0.632048488 0.829367399
vt 0.634350479 0.827013493
vt 0.632048488 0.801023006
vt 0.634350479 0.801023006
vt 0.632048488 0.79866904
vt 0.643994927 0.801023006
vt 0.64629823 0.79866904
vt 0.661322534 0.801022947
vt 0.663625777 0.79866904
vt 0.649376094 0.79866904
vt 0.663625836 0.827013433
vt 0.651678026 0.801023006
vt 0.649376094 0.827013433
vt 0.651678026 0.827013433
vt 0.649376094 0.829367399
vt 0.661322534 0.827013433
vt 0.663625777 0.829367399
vt 0.184454381 0.788691163
vt 0.184454381 0.789727211
vt 0.197460949 0.788691163
vt 0.176325321 0.789727211
vt 0.171989799 0.788691163
vt 0.176325321 0.799051762
vt 0.184454381 0.799051762
vt 0.171989799 0.802159905
vt 0.184454381 0.802159905
vt 0.197460949 0.821845055
vt 0.18228662 0.802159905
vt 0.176325321 0.802159905
vt 0.176325321 0.80932951
vt 0.18228662 0.80932951
vt 0.176325321 0.811401606
vt 0.171989799 0.818736911
vt 0.18228662 0.811401606
vt 0.176325321 0.818736911
vt 0.171989799 0.821845055
vt 0.18228662 0.818736911
vn 0.000000 1.000000 0.000000
vn 0.000000 1.000000 0.000000
vn 0.000000 1.000000 0.000000
vn 0.000000 1.000000 0.000000
vn 1.000000 0.000000 0.000000
vn 1.000000 0.000000 0.000000
vn 1.000000 0.000000 0.000000
vn 1.000000 0.000000 0.000000
vn -1.000000 0.000000 0.000000
vn -1.000000 0.000000 0.000000
vn -1.000000 0.000000 0.000000
vn -1.000000 0.000000 0.000000
vn 1.000000 0.000000 0.000000
vn 1.000000 0.000000 0.000000
vn 1.000000 0.000000 0.000000
vn 1.000000 0.000000 0.000000
vn 0.000000 -1.000000 -0.000000
vn 0.000000 -1.000000 -0.000000
vn 0.000000 -1.000000 -0.000000
vn 0.000000 -1.000000 -0.000000
vn 0.000000 -1.000000 -0.000000
vn 0.000000 -1.000000 -0.000000
vn 0.000000 -1.000000 -0.000000
vn 0.000000 -1.000000 -0.000000
vn -1.000000 0.000000 0.000000
vn -1.000000 0.000000 0.000000
vn -1.000000 0.000000 0.000000
vn -1.000000 0.000000 0.000000
vn 1.000000 0.000000 0.000000
vn 1.000000 0.000000 0.000000
vn 1.000000 0.000000 0.000000
vn 1.000000 0.000000 0.000000
vn 1.000000 0.000000 0.000000
vn 1.000000 0.000000 0.000000
vn 1.000000 0.000000 0.000000
vn 1.000000 0.000000 0.000000
vn -1.000000 0.000000 0.000000
vn -1.000000 0.000000 0.000000
vn -1.000000 0.000000 0.000000
vn -1.000000 0.000000 0.000000
vn 1.000000 0.000000 0.000000
vn 1.000000 0.000000 0.000000
vn 1.000000 0.000000 0.000000
vn 1.000000 0.000000 0.000000
vn 0.000000 1.000000 0.000000
vn 0.000000 1.000000 0.000000
vn 0.000000 1.000000 0.000000
vn 0.000000 1.000000 0.000000
vn -1.000000 0.000000 0.000000
vn -1.000000 0.000000 0.000000
vn -1.000000 0.000000 0.000000
vn -1.000000 0.000000 0.000000
vn 0.000000 1.000000 0.000000
vn 0.000000 1.000000 0.000000
vn 0.000000 1.000000 0.000000
vn 0.000000 1.000000 0.000000
vn 0.000000 -0.000000 1.000000
vn 0.000000 -0.000000 1.000000
vn 0.000000 -0.000000 1.000000
vn 0.000000 -0.000000 1.000000
vn 0.000000 -0.000000 1.000000
vn 0.000000 -0.000000 1.000000
vn 0.000000 -0.000000 1.000000
vn 0.000000 -0.000000 1.000000
vn 0.000000 1.000000 0.000000
vn 0.000000 1.000000 0.000000
vn 0.000000 1.000000 0.000000
vn 0.000000 1.000000 0.000000
vn 0.000000 -0.000000 1.000000
vn 0.000000 -0.000000 1.000000
vn 0.000000 -0.000000 1.000000
vn 0.000000 -0.000000 1.000000
vn 0.000000 1.000000 0.000000
vn 0.000000 1.000000 0.000000
vn 0.000000 1.000000 0.000000
vn 0.000000 1.000000 0.000000
vn -1.000000 0.000000 0.000000
vn -1.000000 0.000000 0.000000
vn -1.000000 0.000000 0.000000
vn -1.000000 0.000000 0.000000
vn 0.000000 -1.000000 -0.000000
vn 0.000000 -1.000000 -0.000000
vn 0.000000 -1.000000 -0.000000
vn 0.000000 -1.000000 -0.000000
vn 0.000000 1.000000 0.000000
vn 0.000000 1.000000 0.000000
vn 0.000000 1.000000 0.000000
vn 0.000000 1.000000 0.000000
vn 0.000000 -1.000000 -0.000000
vn 0.000000 -1.000000 -0.000000
vn 0.000000 -1.000000 -0.000000
vn 0.000000 -1.000000 -0.000000
vn 0.000000 1.000000 0.000000
vn 0.000000 1.000000 0.000000
vn 0.000000 1.000000 0.000000
vn 0.000000 1.000000 0.000000
vn 0.000000 -1.000000 -0.000000
vn 0.000000 -1.000000 -0.000000
vn 0.000000 -1.000000 -0.000000
vn 0.000000 -1.000000 -0.000000
vn 1.000000 0.000000 0.000000
vn 1.000000 0.000000 0.000000
vn 1.000000 0.000000 0.000000
vn 1.000000 0.000000 0.000000
vn 1.000000 0.000000 0.000000
vn 1.000000 0.000000 0.000000
vn 1.000000 0.000000 0.000000
vn 1.000000 0.000000 0.000000
vn -1.000000 0.000000 0.000000
vn -1.000000 0.000000 0.000000
vn -1.000000 0.000000 0.000000
vn -1.000000 0.000000 0.000000
vn 0.000000 -0.000000 1.000000
vn 0.000000 -0.000000 1.000000
vn 0.000000 -0.000000 1.000000
vn 0.000000 -0.000000 1.000000
vn -1.000000 0.000000 0.000000
vn -1.000000 0.000000 0.000000
vn -1.000000 0.000000 0.000000
vn -1.000000 0.000000 0.000000
vn 0.000000 -1.000000 -0.000000
vn 0.000000 -1.000000 -0.000000
vn 0.000000 -1.000000 -0.000000
vn 0.000000 -1.000000 -0.000000
vn 0.000000 0.000000 -1.000000
vn 0.000000 0.000000 -1.000000
vn 0.000000 0.000000 -1.000000
vn 0.000000 0.000000 -1.000000
vn 0.000000 0.000000 -1.000000
vn 0.000000 0.000000 -1.000000
vn 0.000000 0.000000 -1.000000
vn 0.000000 0.000000 -1.000000
vn 0.000000 0.000000 -1.000000
vn 0.000000 0.000000 -1.000000
vn 0.000000 0.000000 -1.000000
vn 0.000000 0.000000 -1.000000
vn 0.000000 0.000000 -1.000000
vn 0.000000 0.000000 -1.000000
vn 0.000000 0.000000 -1.000000
vn 0.000000 0.000000 -1.000000
vn 0.000000 0.000000 -1.000000
vn 0.000000 0.000000 -1.000000
vn 0.000000 0.000000 -1.000000
vn 0.000000 0.000000 -1.000000
vn 0.000000 0.000000 -1.000000
vn 0.000000 0.000000 -1.000000
vn 0.000000 0.000000 -1.000000
vn 0.000000 0.000000 -1.000000
vn 0.000000 0.000000 -1.000000
vn 0.000000 0.000000 -1.000000
vn 0.000000 0.000000 -1.000000
vn 0.000000 0.000000 -1.000000
vn 0.000000 0.000000 -1.000000
vn 0.000000 0.000000 -1.000000
vn 0.000000 0.000000 -1.000000
vn 0.000000 0.000000 -1.000000
vn 0.000000 0.000000 -1.000000
vn 0.000000 0.000000 -1.000000
vn 0.000000 0.000000 -1.000000
vn 0.000000 0.000000 -1.000000
vn 0.000000 0.000000 -1.000000
vn 0.000000 0.000000 -1.000000
vn 0.000000 0.000000 -1.000000
vn 0.000000 0.000000 -1.000000
vn 0.000000 0.000000 -1.000000
vn 0.000000 0.000000 -1.000000
vn 0.000000 0.000000 -1.000000
vn 0.000000 0.000000 -1.000000
vn 0.000000 0.000000 -1.000000
vn 0.000000 0.000000 -1.000000
vn -1.000000 0.000000 0.000000
vn -1.000000 0.000000 0.000000
vn -1.000000 0.000000 0.000000
vn -1.000000 0.000000 0.000000
vn 0.000000 -1.000000 -0.000000
vn 0.000000 -1.000000 -0.000000
vn 0.000000 -1.000000 -0.000000
vn 0.000000 -1.000000 -0.000000
vn 0.000000 1.000000 0.000000
vn 0.000000 1.000000 0.000000
vn 0.000000 1.000000 0.000000
vn 0.000000 1.000000 0.000000
vn 0.000000 -0.000000 1.000000
vn 0.000000 -0.000000 1.000000
vn 0.000000 -0.000000 1.000000
vn 0.000000 -0.000000 1.000000
vn -1.000000 0.000000 0.000000
vn -1.000000 0.000000 0.000000
vn -1.000000 0.000000 0.000000
vn -1.000000 0.000000 0.000000
vn 0.000000 1.000000 0.000000
vn 0.000000 1.000000 0.000000
vn 0.000000 1.000000 0.000000
vn 0.000000 1.000000 0.000000
vn 0.000000 1.000000 0.000000
vn 1.000000 0.000000 0.000000
vn 1.000000 0.000000 0.000000
vn 1.000000 0.000000 0.000000
vn 1.000000 0.000000 0.000000
vn 0.000000 -1.000000 -0.000000
vn 0.000000 -1.000000 -0.000000
vn 0.000000 -1.000000 -0.000000
vn 0.000000 -1.000000 -0.000000
vn 1.000000 0.000000 0.000000
vn 1.000000 0.000000 0.000000
vn 1.000000 0.000000 0.000000
vn 1.000000 0.000000 0.000000
vn -1.000000 0.000000 0.000000
vn -1.000000 0.000000 0.000000
vn -1.000000 0.000000 0.000000
vn -1.000000 0.000000 0.000000
vn 0.000000 0.000000 -1.000000
vn 0.000000 0.000000 -1.000000
vn 0.000000 0.000000 -1.000000
vn 0.000000 0.000000 -1.000000
vn 0.000000 0.000000 -1.000000
vn 0.000000 0.000000 -1.000000
vn 0.000000 0.000000 -1.000000
vn 0.000000 0.000000 -1.000000
vn 0.000000 0.000000 -1.000000
vn 0.000000 0.000000 -1.000000
vn 0.000000 0.000000 -1.000000
vn 0.000000 0.000000 -1.000000
vn 0.000000 1.000000 0.000000
vn 0.000000 1.000000 0.000000
vn 0.000000 1.000000 0.000000
vn 0.000000 1.000000 0.000000
vn 0.000000 -1.000000 -0.000000
vn 0.000000 -1.000000 -0.000000
vn 0.000000 -1.000000 -0.000000
vn 0.000000 -1.000000 -0.000000
vn 0.000000 0.000000 -1.000000
vn 0.000000 0.000000 -1.000000
vn 0.000000 0.000000 -1.000000
vn 0.000000 0.000000 -1.000000
vn 0.000000 0.000000 -1.000000
vn 0.000000 0.000000 -1.000000
vn 0.000000 0.000000 -1.000000
vn 0.000000 0.000000 -1.000000
vn 0.000000 0.000000 -1.000000
vn 0.000000 0.000000 -1.000000
vn 0.000000 0.000000 -1.000000
vn 0.000000 0.000000 -1.000000
vn 0.000000 1.000000 0.000000
vn 0.000000 1.000000 0.000000
vn 0.000000 1.000000 0.000000
vn 0.000000 1.000000 0.000000
vn 0.000000 -1.000000 -0.000000
vn 0.000000 -1.000000 -0.000000
vn 0.000000 -1.000000 -0.000000
vn 0.000000 -1.000000 -0.000000
vn 0.000000 0.000000 -1.000000
vn 0.000000 0.000000 -1.000000
vn 0.000000 0.000000 -1.000000
vn 0.000000 0.000000 -1.000000
vn 0.000000 -0.000000 1.000000
vn 0.000000 -0.000000 1.000000
vn 0.000000 -0.000000 1.000000
vn 0.000000 -0.000000 1.000000
vn 0.000000 -0.000000 1.000000
vn 0.000000 -0.000000 1.000000
vn 0.000000 -0.000000 1.000000
vn 0.000000 -0.000000 1.000000
vn 0.000000 -0.000000 1.000000
vn 0.000000 -0.000000 1.000000
vn 0.000000 -0.000000 1.000000
vn 0.000000 -0.000000 1.000000
vn 0.000000 -0.000000 1.000000
vn 0.000000 -0.000000 1.000000
vn -1.000000 0.000000 0.000000
vn -1.000000 0.000000 0.000000
vn -1.000000 0.000000 0.000000
vn -1.000000 0.000000 0.000000
vn 1.000000 0.000000 0.000000
vn 1.000000 0.000000 0.000000
vn 1.000000 0.000000 0.000000
vn 1.000000 0.000000 0.000000
vn 0.000000 0.000000 -1.000000
vn 0.000000 0.000000 -1.000000
vn 0.000000 0.000000 -1.000000
vn 0.000000 0.000000 -1.000000
vn 0.000000 -0.000000 1.000000
vn 0.000000 -0.000000 1.000000
vn 0.000000 -0.000000 1.000000
vn 0.000000 -0.000000 1.000000
vn -1.000000 0.000000 0.000000
vn -1.000000 0.000000 0.000000
vn -1.000000 0.000000 0.000000
vn -1.000000 0.000000 0.000000
vn -1.000000 0.000000 0.000000
vn -1.000000 0.000000 0.000000
vn -1.000000 0.000000 0.000000
vn -1.000000 0.000000 0.000000
vn 1.000000 0.000000 0.000000
vn 1.000000 0.000000 0.000000
vn 1.000000 0.000000 0.000000
vn 1.000000 0.000000 0.000000
vn 0.000000 0.000000 -1.000000
vn 0.000000 0.000000 -1.000000
vn 0.000000 0.000000 -1.000000
vn 0.000000 0.000000 -1.000000
vn 0.000000 -0.000000 1.000000
vn 0.000000 -0.000000 1.000000
vn 0.000000 -0.000000 1.000000
vn 0.000000 -0.000000 1.000000
vn 0.000000 1.000000 0.000000
vn 0.000000 1.000000 0.000000
vn 0.000000 1.000000 0.000000
vn 0.000000 1.000000 0.000000
vn 0.000000 1.000000 0.000000
vn 0.000000 1.000000 0.000000
vn 0.000000 1.000000 0.000000
vn 0.000000 1.000000 0.000000
vn -1.000000 0.000000 0.000000
vn -1.000000 0.000000 0.000000
vn -1.000000 0.000000 0.000000
vn -1.000000 0.000000 0.000000
vn 0.000000 1.000000 0.000000
vn 0.000000 1.000000 0.000000
vn 0.000000 1.000000 0.000000
vn 0.000000 1.000000 0.000000
vn 1.000000 0.000000 0.000000
vn 1.000000 0.000000 0.000000
vn 1.000000 0.000000 0.000000
vn 1.000000 0.000000 0.000000
vn 0.000000 -1.000000 -0.000000
vn 0.000000 -1.000000 -0.000000
vn 0.000000 -1.000000 -0.000000
vn 0.000000 -1.000000 -0.000000
vn 0.000000 -1.000000 -0.000000
vn 0.000000 -1.000000 -0.000000
vn 0.000000 -1.000000 -0.000000
vn 0.000000 -1.000000 -0.000000
vn 0.000000 1.000000 0.000000
vn 0.000000 1.000000 0.000000
vn 0.000000 1.000000 0.000000
vn 0.000000 1.000000 0.000000
vn 0.000000 0.000000 -1.000000
vn 0.000000 0.000000 -1.000000
vn 0.000000 0.000000 -1.000000
vn 0.000000 0.000000 -1.000000
vn 0.000000 -0.000000 1.000000
vn 0.000000 -0.000000 1.000000
vn 0.000000 -0.000000 1.000000
vn 0.000000 -0.000000 1.000000
vn 0.000000 0.000000 -1.000000
vn 0.000000 0.000000 -1.000000
vn 0.000000 0.000000 -1.000000
vn 0.000000 0.000000 -1.000000
vn 0.000000 0.000000 -1.000000
vn 0.000000 0.000000 -1.000000
vn 0.000000 -1.000000 -0.000000
vn 0.000000 -1.000000 -0.000000
vn 0.000000 -1.000000 -0.000000
vn 0.000000 -1.000000 -0.000000
vn -1.000000 0.000000 0.000000
vn -1.000000 0.000000 0.000000
vn -1.000000 0.000000 0.000000
vn -1.000000 0.000000 0.000000
vn 0.000000 1.000000 0.000000
vn 0.000000 1.000000 0.000000
vn 0.000000 1.000000 0.000000
vn 0.000000 1.000000 0.000000
vn 1.000000 0.000000 0.000000
vn 1.000000 0.000000 0.000000
vn 1.000000 0.000000 0.000000
vn 1.000000 0.000000 0.000000
vn 0.000000 -1.000000 -0.000000
vn 0.000000 -1.000000 -0.000000
vn 0.000000 -1.000000 -0.000000
vn 0.000000 -1.000000 -0.000000
vn -1.000000 0.000000 0.000000
vn -1.000000 0.000000 0.000000
vn -1.000000 0.000000 0.000000
vn -1.000000 0.000000 0.000000
vn 0.000000 1.000000 0.000000
vn 0.000000 1.000000 0.000000
vn 0.000000 1.000000 0.000000
vn 0.000000 1.000000 0.000000
vn 1.000000 0.000000 0.000000
vn 1.000000 0.000000 0.000000
vn 1.000000 0.000000 0.000000
vn 1.000000 0.000000 0.000000
vn 0.000000 -1.000000 -0.000000
vn 0.000000 -1.000000 -0.000000
vn 0.000000 -1.000000 -0.000000
vn 0.000000 -1.000000 -0.000000
vn 0.000000 1.000000 0.000000
vn 0.000000 1.000000 0.000000
vn 0.000000 1.000000 0.000000
vn 0.000000 1.000000 0.000000
vn 0.000000 0.000000 -1.000000
vn -0.224791 0.000000 -0.974407
vn 0.000000 0.000000 -1.000000
vn -0.449582 0.000000 -0.893239
vn -0.638868 0.000000 -0.769316
vn -0.638868 0.000000 -0.769316
vn -1.000000 0.000000 0.000000
vn -1.000000 0.000000 0.000000
vn -1.000000 0.000000 0.000000
vn -1.000000 0.000000 0.000000
vn 0.000000 0.000000 -1.000000
vn 0.000000 0.000000 -1.000000
vn 0.000000 0.000000 -1.000000
vn 0.000000 0.000000 -1.000000
vn 1.000000 0.000000 0.000000
vn 1.000000 0.000000 0.000000
vn 1.000000 0.000000 0.000000
vn 1.000000 0.000000 0.000000
vn -0.670286 -0.000000 0.742103
vn -0.474902 -0.000000 0.880039
vn -0.670286 -0.000000 0.742103
vn -0.237451 -0.000000 0.971400
vn 0.000000 -0.000000 1.000000
vn 0.000000 -0.000000 1.000000
vn 0.665522 -0.000000 0.746378
vn 0.471022 -0.000000 0.882122
vn 0.665523 -0.000000 0.746377
vn 0.235510 -0.000000 0.971872
vn 0.000000 -0.000000 1.000000
vn 0.000000 -0.000000 1.000000
vn 0.357372 0.000000 -0.933962
vn 0.000000 0.000000 -1.000000
vn 0.000000 0.000000 -1.000000
vn 0.357372 0.000000 -0.933962
vn 0.667544 0.000000 -0.744570
vn 0.667544 0.000000 -0.744570
vn -1.000000 0.000000 0.000000
vn -1.000000 0.000000 0.000000
vn -1.000000 0.000000 0.000000
vn -1.000000 0.000000 0.000000
vn 0.708593 0.000000 -0.705617
vn 0.708593 0.000000 -0.705617
vn 0.708594 0.000000 -0.705617
vn 0.708593 0.000000 -0.705617
vn 0.694866 -0.000000 0.719139
vn 0.694866 -0.000000 0.719139
vn 0.694866 -0.000000 0.719140
vn 0.694866 -0.000000 0.719139
vn -0.685831 -0.000000 0.727761
vn -0.685831 -0.000000 0.727761
vn -0.685831 -0.000000 0.727761
vn -0.685831 -0.000000 0.727761
vn -0.699719 0.000000 -0.714418
vn -0.699719 0.000000 -0.714418
vn -0.699719 0.000000 -0.714418
vn -0.699719 0.000000 -0.714418
vn 0.716172 -0.000000 0.697924
vn 0.716172 -0.000000 0.697924
vn 0.716172 -0.000000 0.697924
vn 0.716171 -0.000000 0.697924
vn 0.700071 0.000000 -0.714073
vn 0.700071 0.000000 -0.714073
vn 0.700070 0.000000 -0.714074
vn 0.700072 0.000000 -0.714073
vn -0.716662 0.000000 -0.697421
vn -0.716662 0.000000 -0.697421
vn -0.716662 0.000000 -0.697421
vn -0.716661 0.000000 -0.697422
vn -0.736766 -0.000000 0.676147
vn -0.736766 -0.000000 0.676147
vn -0.736766 -0.000000 0.676148
vn -0.736766 -0.000000 0.676147
vn 1.000000 0.000000 0.000000
vn 1.000000 0.000000 0.000000
vn 1.000000 0.000000 0.000000
vn 1.000000 0.000000 0.000000
vn 0.000000 -0.000000 1.000000
vn 0.000000 -0.000000 1.000000
vn 0.000000 -0.000000 1.000000
vn 0.000000 -0.000000 1.000000
vn -1.000000 0.000000 0.000000
vn -1.000000 0.000000 0.000000
vn -1.000000 0.000000 0.000000
vn -1.000000 0.000000 0.000000
vn 0.000000 0.000000 -1.000000
vn 0.000000 0.000000 -1.000000
vn 0.000000 0.000000 -1.000000
vn 0.000000 0.000000 -1.000000
vn 1.000000 0.000000 0.000000
vn 1.000000 0.000000 0.000000
vn 1.000000 0.000000 0.000000
vn 1.000000 0.000000 0.000000
vn 0.000000 -0.000000 1.000000
vn 0.000000 -0.000000 1.000000
vn 0.000000 -0.000000 1.000000
vn 0.000000 -0.000000 1.000000
vn -1.000000 0.000000 0.000000
vn -1.000000 0.000000 0.000000
vn -1.000000 0.000000 0.000000
vn -1.000000 0.000000 0.000000
vn 0.000000 0.000000 -1.000000
vn 0.000000 0.000000 -1.000000
vn 0.000000 0.000000 -1.000000
vn 0.000000 0.000000 -1.000000
vn 0.707109 -0.000000 0.707104
vn 0.707109 -0.000000 0.707104
vn 0.707109 -0.000000 0.707104
vn 0.707109 -0.000000 0.707104
vn -0.707106 -0.000000 0.707108
vn -0.707106 -0.000000 0.707108
vn -0.707107 -0.000000 0.707107
vn -0.707104 -0.000000 0.707109
vn -0.707109 0.000000 -0.707104
vn -0.707109 0.000000 -0.707104
vn -0.707109 0.000000 -0.707104
vn -0.707109 0.000000 -0.707104
vn 0.707108 0.000000 -0.707106
vn 0.707108 0.000000 -0.707106
vn 0.707109 0.000000 -0.707104
vn 0.707107 0.000000 -0.707107
vn -0.742809 0.000000 -0.669503
vn -0.742809 0.000000 -0.669503
vn -0.742809 0.000000 -0.669503
vn -0.742809 0.000000 -0.669503
vn -0.700024 -0.000000 0.714119
vn -0.700024 -0.000000 0.714119
vn -0.700025 -0.000000 0.714119
vn -0.700024 -0.000000 0.714119
vn 0.244454 -0.000000 0.969661
vn 0.244454 -0.000000 0.969661
vn 0.244455 -0.000000 0.969661
vn 0.244452 -0.000000 0.969661
vn -1.000000 0.000000 0.000000
vn -1.000000 0.000000 0.000000
vn -1.000000 0.000000 0.000000
vn -1.000000 0.000000 0.000000
vn -0.190479 0.000000 -0.981691
vn -0.190479 0.000000 -0.981691
vn -0.190479 0.000000 -0.981691
vn -0.190479 0.000000 -0.981691
vn 0.702408 0.000000 -0.711775
vn 0.702408 0.000000 -0.711775
vn 0.702408 0.000000 -0.711775
vn 0.702408 0.000000 -0.711775
vn 0.736902 -0.000000 0.676000
vn 0.736902 -0.000000 0.676000
vn 0.736901 -0.000000 0.676000
vn 0.736902 -0.000000 0.676000
vn -0.231957 -0.000000 0.972726
vn -0.231957 -0.000000 0.972726
vn -0.231956 -0.000000 0.972726
vn -0.231959 -0.000000 0.972726
vn -1.000000 0.000000 0.000000
vn -1.000000 0.000000 0.000000
vn -1.000000 0.000000 0.000000
vn -1.000000 0.000000 0.000000
vn 0.334409 0.000000 -0.942428
vn 0.334409 0.000000 -0.942428
vn 0.334409 0.000000 -0.942428
vn 0.334409 0.000000 -0.942428
vn 0.738819 0.000000 -0.673904
vn 0.738819 0.000000 -0.673904
vn 0.738819 0.000000 -0.673904
vn 0.738819 0.000000 -0.673904
vn 0.735546 -0.000000 0.677475
vn 0.735546 -0.000000 0.677475
vn 0.735546 -0.000000 0.677475
vn 0.735546 -0.000000 0.677475
vn -0.784882 -0.000000 0.619645
vn -0.784882 -0.000000 0.619645
vn -0.784882 -0.000000 0.619645
vn -0.784883 -0.000000 0.619645
vn 0.000000 0.000000 -1.000000
vn 0.000000 0.000000 -1.000000
vn 0.000000 0.000000 -1.000000
vn 0.000000 0.000000 -1.000000
vn -0.666506 -0.000000 0.745500
vn -0.666506 -0.000000 0.745500
vn -0.666506 -0.000000 0.745500
vn -0.666506 -0.000000 0.745500
vn 0.325250 -0.000000 0.945628
vn 0.325250 -0.000000 0.945628
vn 0.325249 -0.000000 0.945628
vn 0.325251 -0.000000 0.945628
vn -1.000000 0.000000 0.000000
vn -1.000000 0.000000 0.000000
vn -1.000000 0.000000 0.000000
vn -1.000000 0.000000 0.000000
vn -0.283908 0.000000 -0.958852
vn -0.283908 0.000000 -0.958852
vn -0.283908 0.000000 -0.958852
vn -0.283908 0.000000 -0.958852
vn -0.676001 0.000000 -0.736900
vn -0.676001 0.000000 -0.736900
vn -0.676002 0.000000 -0.736900
vn -0.676001 0.000000 -0.736901
vn 0.000000 -0.000000 1.000000
vn 0.000000 -0.000000 1.000000
vn 0.000000 -0.000000 1.000000
vn 0.000000 -0.000000 1.000000
vn 0.726468 0.000000 -0.687201
vn 0.726468 0.000000 -0.687201
vn 0.726468 0.000000 -0.687201
vn 0.726468 0.000000 -0.687201
vn 0.000000 1.000000 0.000000
vn 0.000000 1.000000 0.000000
vn 0.000000 1.000000 0.000000
vn 0.000000 1.000000 0.000000
vn -1.000000 0.000000 0.000000
vn -1.000000 0.000000 0.000000
vn -1.000000 0.000000 0.000000
vn -1.000000 0.000000 0.000000
vn -1.000000 0.000000 0.000000
vn -1.000000 0.000000 0.000000
vn -1.000000 0.000000 0.000000
vn -1.000000 0.000000 0.000000
vn 0.000000 -0.000000 1.000000
vn 0.000000 -0.000000 1.000000
vn 0.000000 -0.000000 1.000000
vn 0.000000 -0.000000 1.000000
vn 0.000000 -0.000000 1.000000
vn 0.000000 -0.000000 1.000000
vn 0.000000 -0.000000 1.000000
vn 0.000000 -0.000000 1.000000
vn 0.000000 -0.000000 1.000000
vn 0.000000 -0.000000 1.000000
vn 0.000000 -0.000000 1.000000
vn 0.000000 -0.000000 1.000000
vn 0.000000 -0.000000 1.000000
vn 0.000000 -0.000000 1.000000
vn 0.000000 -0.000000 1.000000
vn 0.000000 -0.000000 1.000000
vn 0.000000 -0.000000 1.000000
vn 0.000000 -0.000000 1.000000
vn 0.000000 -0.000000 1.000000
vn 0.000000 -0.000000 1.000000
vn 0.000000 -0.000000 1.000000
vn 0.000000 -0.000000 1.000000
vn 0.000000 -0.000000 1.000000
vn 0.000000 -0.000000 1.000000
vn 0.000000 -0.000000 1.000000
vn 0.000000 -0.000000 1.000000
vn 0.000000 -0.000000 1.000000
vn 0.000000 -0.000000 1.000000
vn 0.000000 -0.000000 1.000000
vn 0.000000 -0.000000 1.000000
vn 0.000000 -1.000000 -0.000000
vn 0.000000 -1.000000 -0.000000
vn 0.000000 -1.000000 -0.000000
vn 0.000000 -1.000000 -0.000000
vn 0.000000 -1.000000 -0.000000
vn 0.000000 -1.000000 -0.000000
vn 0.000000 -0.000000 1.000000
vn 0.000000 -0.000000 1.000000
vn 0.000000 -0.000000 1.000000
vn 0.000000 -0.000000 1.000000
vn 0.000000 -0.000000 1.000000
vn 0.000000 -0.000000 1.000000
vn 0.000000 -1.000000 -0.000000
vn 0.000000 -1.000000 -0.000000
vn 0.000000 -1.000000 -0.000000
vn 0.000000 -1.000000 -0.000000
vn 0.000000 -1.000000 -0.000000
vn 0.000000 -1.000000 -0.000000
vn 0.000000 1.000000 0.000000
vn 0.000000 1.000000 0.000000
vn 0.000000 1.000000 0.000000
vn 0.000000 1.000000 0.000000
vn 0.000000 1.000000 0.000000
vn 0.000000 1.000000 0.000000
vn 0.000000 1.000000 0.000000
vn 0.000000 1.000000 0.000000
vn 0.000000 1.000000 0.000000
vn 0.000000 1.000000 0.000000
vn 0.000000 0.000000 -1.000000
vn 0.000000 0.000000 -1.000000
vn 0.000000 0.000000 -1.000000
vn 0.000000 0.000000 -1.000000
vn 0.000000 0.000000 -1.000000
vn 0.000000 0.000000 -1.000000
vn 0.000000 0.000000 -1.000000
vn 0.000000 0.000000 -1.000000
vn 0.000000 0.000000 -1.000000
vn 0.000000 0.000000 -1.000000
vn -1.000000 0.000000 0.000000
vn -1.000000 0.000000 0.000000
vn -1.000000 0.000000 0.000000
vn -1.000000 0.000000 0.000000
vn -1.000000 0.000000 0.000000
vn -1.000000 0.000000 0.000000
vn -1.000000 0.000000 0.000000
vn -1.000000 0.000000 0.000000
vn 1.000000 0.000000 0.000000
vn 1.000000 0.000000 0.000000
vn 1.000000 0.000000 0.000000
vn 1.000000 0.000000 0.000000
vn 1.000000 0.000000 0.000000
vn 1.000000 0.000000 0.000000
vn 1.000000 0.000000 0.000000
vn 1.000000 0.000000 0.000000
vn 0.000000 0.000000 -1.000000
vn 0.000000 0.000000 -1.000000
vn 0.000000 0.000000 -1.000000
vn 0.000000 0.000000 -1.000000
vn 0.000000 0.000000 -1.000000
vn 0.000000 0.000000 -1.000000
vn 0.000000 1.000000 0.000000
vn 0.000000 1.000000 0.000000
vn 0.000000 1.000000 0.000000
vn 0.000000 1.000000 0.000000
vn 0.000000 1.000000 0.000000
vn 0.000000 1.000000 0.000000
vn 0.000000 1.000000 0.000000
vn 0.000000 1.000000 0.000000
vn 1.000000 0.000000 0.000000
vn 1.000000 0.000000 0.000000
vn 1.000000 0.000000 0.000000
vn 1.000000 0.000000 0.000000
vn 1.000000 0.000000 0.000000
vn 1.000000 0.000000 0.000000
vn 1.000000 0.000000 0.000000
vn 1.000000 0.000000 0.000000
vn 0.000000 -0.000000 1.000000
vn 0.000000 -0.000000 1.000000
vn 0.000000 -0.000000 1.000000
vn 0.000000 -0.000000 1.000000
vn 0.000000 -0.000000 1.000000
vn 0.000000 -0.000000 1.000000
vn 0.000000 -1.000000 -0.000000
vn 0.000000 -1.000000 -0.000000
vn 0.000000 -1.000000 -0.000000
vn 0.000000 -1.000000 -0.000000
vn 0.000000 -1.000000 -0.000000
vn 0.000000 -1.000000 -0.000000
vn 0.000000 -1.000000 -0.000000
vn 0.000000 -1.000000 -0.000000
vn 0.000000 -0.000000 1.000000
vn 0.000000 -0.000000 1.000000
vn 0.000000 -0.000000 1.000000
vn 0.000000 -0.000000 1.000000
vn 0.000000 -0.000000 1.000000
vn 0.000000 -0.000000 1.000000
vn 0.000000 -0.000000 1.000000
vn 0.000000 -0.000000 1.000000
vn 0.000000 -0.000000 1.000000
vn 0.000000 -0.000000 1.000000
vn 0.000000 -0.000000 1.000000
vn 0.000000 -0.000000 1.000000
vn 0.000000 1.000000 0.000000
vn 0.000000 1.000000 0.000000
vn 0.000000 1.000000 0.000000
vn 0.000000 1.000000 0.000000
vn 0.000000 1.000000 0.000000
vn 0.000000 1.000000 0.000000
vn 0.000000 1.000000 0.000000
vn 0.000000 1.000000 0.000000
vn 0.000000 1.000000 0.000000
vn 0.000000 1.000000 0.000000
vn 0.000000 0.000000 -1.000000
vn 0.000000 0.000000 -1.000000
vn 0.000000 0.000000 -1.000000
vn 0.000000 0.000000 -1.000000
vn 0.000000 0.000000 -1.000000
vn 0.000000 0.000000 -1.000000
vn 0.000000 -1.000000 -0.000000
vn 0.000000 -1.000000 -0.000000
vn 0.000000 -1.000000 -0.000000
vn 0.000000 -1.000000 -0.000000
vn 0.000000 -1.000000 -0.000000
vn 0.000000 -1.000000 -0.000000
vn 0.000000 -1.000000 -0.000000
vn 0.000000 -1.000000 -0.000000
vn 1.000000 0.000000 0.000000
vn 1.000000 0.000000 0.000000
vn 1.000000 0.000000 0.000000
vn 1.000000 0.000000 0.000000
vn 1.000000 0.000000 0.000000
vn 1.000000 0.000000 0.000000
vn 0.000000 1.000000 0.000000
vn 0.000000 1.000000 0.000000
vn 0.000000 1.000000 0.000000
vn 0.000000 1.000000 0.000000
vn 0.000000 1.000000 0.000000
vn 0.000000 1.000000 0.000000
vn 0.000000 1.000000 0.000000
vn 0.000000 1.000000 0.000000
vn 0.000000 1.000000 0.000000
vn 0.000000 1.000000 0.000000
vn 0.000000 1.000000 0.000000
vn 0.000000 1.000000 0.000000
vn 0.000000 1.000000 0.000000
vn 0.000000 1.000000 0.000000
vn 0.000000 1.000000 0.000000
vn 0.000000 1.000000 0.000000
vn 0.000000 1.000000 0.000000
vn 0.000000 1.000000 0.000000
vn 0.000000 1.000000 0.000000
vn 0.000000 1.000000 0.000000
vn 0.000000 1.000000 0.000000
vn 0.000000 1.000000 0.000000
vn 0.000000 1.000000 0.000000
vn 1.000000 0.000000 0.000000
vn 1.000000 0.000000 0.000000
vn 1.000000 0.000000 0.000000
vn 1.000000 0.000000 0.000000
vn 1.000000 0.000000 0.000000
vn 1.000000 0.000000 0.000000
vn 1.000000 0.000000 0.000000
vn 1.000000 0.000000 0.000000
vn 1.000000 0.000000 0.000000
vn 1.000000 0.000000 0.000000
vn 1.000000 0.000000 0.000000
vn 1.000000 0.000000 0.000000
vn 1.000000 0.000000 0.000000
vn 1.000000 0.000000 0.000000
vn 1.000000 0.000000 0.000000
vn 1.000000 0.000000 0.000000
vn 0.000000 1.000000 0.000000
vn 0.000000 1.000000 0.000000
vn 0.000000 1.000000 0.000000
vn 0.000000 1.000000 0.000000
vn 0.000000 1.000000 0.000000
vn 0.000000 1.000000 0.000000
vn 0.000000 1.000000 0.000000
vn 0.000000 1.000000 0.000000
vn -1.000000 0.000000 0.000000
vn -1.000000 0.000000 0.000000
vn -1.000000 0.000000 0.000000
vn -1.000000 0.000000 0.000000
vn -1.000000 0.000000 0.000000
vn -1.000000 0.000000 0.000000
vn -1.000000 0.000000 0.000000
vn -1.000000 0.000000 0.000000
vn -1.000000 0.000000 0.000000
vn -1.000000 0.000000 0.000000
vn 0.000000 -1.000000 -0.000000
vn 0.000000 -1.000000 -0.000000
vn 0.000000 -1.000000 -0.000000
vn 0.000000 -1.000000 -0.000000
vn 0.000000 -1.000000 -0.000000
vn 0.000000 -1.000000 -0.000000
vn 0.000000 -1.000000 -0.000000
vn 0.000000 -1.000000 -0.000000
vn 0.000000 -1.000000 -0.000000
vn 0.000000 -1.000000 -0.000000
vn 1.000000 0.000000 0.000000
vn 1.000000 0.000000 0.000000
vn 1.000000 0.000000 0.000000
vn 1.000000 0.000000 0.000000
vn 1.000000 0.000000 0.000000
vn 1.000000 0.000000 0.000000
vn 1.000000 0.000000 0.000000
vn 1.000000 0.000000 0.000000
vn 1.000000 0.000000 0.000000
vn 1.000000 0.000000 0.000000
vn 0.000000 1.000000 0.000000
vn 0.000000 1.000000 0.000000
vn 0.000000 1.000000 0.000000
vn 0.000000 1.000000 0.000000
vn 0.000000 1.000000 0.000000
vn 0.000000 1.000000 0.000000
vn 0.000000 1.000000 0.000000
vn 0.000000 1.000000 0.000000
vn 0.000000 1.000000 0.000000
vn 0.000000 1.000000 0.000000
vn 0.000000 -1.000000 -0.000000
vn 0.000000 -1.000000 -0.000000
vn 0.000000 -1.000000 -0.000000
vn 0.000000 -1.000000 -0.000000
vn 0.000000 -1.000000 -0.000000
vn 0.000000 -1.000000 -0.000000
vn 0.000000 -1.000000 -0.000000
vn 0.000000 -1.000000 -0.000000
vn 0.000000 -1.000000 -0.000000
vn 0.000000 -1.000000 -0.000000
vn 0.000000 1.000000 0.000000
vn 0.000000 1.000000 0.000000
vn 0.000000 1.000000 0.000000
vn 0.000000 1.000000 0.000000
vn 0.000000 1.000000 0.000000
vn 0.000000 1.000000 0.000000
vn 0.000000 1.000000 0.000000
vn 0.000000 1.000000 0.000000
vn 0.000000 1.000000 0.000000
vn 0.000000 1.000000 0.000000
vn -1.000000 0.000000 0.000000
vn -1.000000 0.000000 0.000000
vn -1.000000 0.000000 0.000000
vn -1.000000 0.000000 0.000000
vn -1.000000 0.000000 0.000000
vn -1.000000 0.000000 0.000000
vn -1.000000 0.000000 0.000000
vn -1.000000 0.000000 0.000000
vn -1.000000 0.000000 0.000000
vn -1.000000 0.000000 0.000000
vn 0.000000 -0.000000 1.000000
vn 0.000000 -0.000000 1.000000
vn 0.000000 -0.000000 1.000000
vn 0.000000 -0.000000 1.000000
vn 0.000000 -0.000000 1.000000
vn 0.000000 -0.000000 1.000000
vn 0.000000 -0.000000 1.000000
vn 0.000000 -0.000000 1.000000
vn 0.000000 -0.000000 1.000000
vn 0.000000 -0.000000 1.000000
vn 0.000000 -0.000000 1.000000
vn 0.000000 -0.000000 1.000000
vn 0.000000 -0.000000 1.000000
vn 0.000000 -0.000000 1.000000
vn 0.000000 -1.000000 -0.000000
vn 0.000000 -1.000000 -0.000000
vn 0.000000 -1.000000 -0.000000
vn 0.000000 -1.000000 -0.000000
vn 0.000000 -1.000000 -0.000000
vn 0.000000 -1.000000 -0.000000
vn 0.000000 -1.000000 -0.000000
vn 0.000000 -1.000000 -0.000000
vn 0.000000 -1.000000 -0.000000
vn 0.000000 -1.000000 -0.000000
vn 0.000000 -1.000000 -0.000000
vn 0.000000 -1.000000 -0.000000
vn 0.000000 -1.000000 -0.000000
vn 0.000000 -1.000000 -0.000000
vn 0.000000 -1.000000 -0.000000
vn 0.000000 -1.000000 -0.000000
vn -1.000000 0.000000 0.000000
vn -1.000000 0.000000 0.000000
vn -1.000000 0.000000 0.000000
vn -1.000000 0.000000 0.000000
vn -1.000000 0.000000 0.000000
vn -1.000000 0.000000 0.000000
vn -1.000000 0.000000 0.000000
vn -1.000000 0.000000 0.000000
vn -1.000000 0.000000 0.000000
vn -1.000000 0.000000 0.000000
vn -1.000000 0.000000 0.000000
vn 1.000000 0.000000 0.000000
vn 1.000000 0.000000 0.000000
vn 1.000000 0.000000 0.000000
vn 1.000000 0.000000 0.000000
vn 1.000000 0.000000 0.000000
vn 1.000000 0.000000 0.000000
vn 1.000000 0.000000 0.000000
vn 1.000000 0.000000 0.000000
vn 1.000000 0.000000 0.000000
vn 1.000000 0.000000 0.000000
vn 1.000000 0.000000 0.000000
vn 1.000000 0.000000 0.000000
vn 1.000000 0.000000 0.000000
vn 1.000000 0.000000 0.000000
vn 1.000000 0.000000 0.000000
vn 1.000000 0.000000 0.000000
vn 1.000000 0.000000 0.000000
vn 1.000000 0.000000 0.000000
vn 1.000000 0.000000 0.000000
vn 1.000000 0.000000 0.000000
vn -1.000000 0.000000 0.000000
vn -1.000000 0.000000 0.000000
vn -1.000000 0.000000 0.000000
vn -1.000000 0.000000 0.000000
vn -1.000000 0.000000 0.000000
vn -1.000000 0.000000 0.000000
vn -1.000000 0.000000 0.000000
vn -1.000000 0.000000 0.000000
vn -1.000000 0.000000 0.000000
vn -1.000000 0.000000 0.000000
vn 0.000000 1.000000 0.000000
vn 0.000000 1.000000 0.000000
vn 0.000000 1.000000 0.000000
vn 0.000000 1.000000 0.000000
vn 0.000000 1.000000 0.000000
vn 0.000000 1.000000 0.000000
vn 0.000000 1.000000 0.000000
vn 0.000000 1.000000 0.000000
vn 0.000000 1.000000 0.000000
vn 0.000000 1.000000 0.000000
vn 0.000000 1.000000 0.000000
vn 0.000000 1.000000 0.000000
vn 0.000000 1.000000 0.000000
vn 0.000000 1.000000 0.000000
vn 0.000000 1.000000 0.000000
vn 0.000000 1.000000 0.000000
vn 0.000000 1.000000 0.000000
vn 0.000000 1.000000 0.000000
vn 0.000000 1.000000 0.000000
vn 0.000000 1.000000 0.000000
f 3/3/3 2/2/2 1/1/1
f 1/1/1 2/2/2 4/4/4
f 7/7/7 6/6/6 5/5/5
f 5/5/5 6/6/6 8/8/8
f 11/11/11 10/10/10 9/9/9
f 9/9/9 10/10/10 12/12/12
f 15/15/15 14/14/14 13/13/13
f 13/13/13 14/14/14 16/16/16
f 19/19/19 18/18/18 17/17/17
f 17/17/17 18/18/18 20/20/20
f 23/23/23 22/22/22 21/21/21
f 21/21/21 22/22/22 24/24/24
f 27/27/27 26/26/26 25/25/25
f 25/25/25 26/26/26 28/28/28
f 31/31/31 30/30/30 29/29/29
f 29/29/29 30/30/30 32/32/32
f 35/35/35 34/34/34 33/33/33
f 33/33/33 34/34/34 36/36/36
f 39/39/39 38/38/38 37/37/37
f 37/37/37 38/38/38 40/40/40
f 43/43/43 42/42/42 41/41/41
f 41/41/41 42/42/42 44/44/44
f 47/47/47 46/46/46 45/45/45
f 45/45/45 46/46/46 48/48/48
f 51/51/51 50/50/50 49/49/49
f 49/49/49 50/50/50 52/52/52
f 55/55/55 54/54/54 53/53/53
f 53/53/53 54/54/54 56/56/56
f 59/59/59 58/58/58 57/57/57
f 57/57/57 58/58/58 60/60/60
f 63/63/63 62/62/62 61/61/61
f 61/61/61 62/62/62 64/64/64
f 67/67/67 66/66/66 65/65/65
f 65/65/65 66/66/66 68/68/68
f 71/71/71 70/70/70 69/69/69
f 69/69/69 70/70/70 72/72/72
f 75/75/75 74/74/74 73/73/73
f 73/73/73 74/74/74 76/76/76
f 79/79/79 78/78/78 77/77/77
f 77/77/77 78/78/78 80/80/80
f 83/83/83 82/82/82 81/81/81
f 81/81/81 82/82/82 84/84/84
f 87/87/87 86/86/86 85/85/85
f 85/85/85 86/86/86 88/88/88
f 91/91/91 90/90/90 89/89/89
f 89/89/89 90/90/90 92/92/92
f 95/95/95 94/94/94 93/93/93
f 93/93/93 94/94/94 96/96/96
f 99/99/99 98/98/98 97/97/97
f 97/97/97 98/98/98 100/100/100
f 103/103/103 102/102/102 101/101/101
f 101/101/101 102/102/102 104/104/104
f 107/107/107 106/106/106 105/105/105
f 105/105/105 106/106/106 108/108/108
f 111/111/111 110/110/110 109/109/109
f 109/109/109 110/110/110 112/112/112
f 115/115/115 114/114/114 113/113/113
f 113/113/113 114/114/114 116/116/116
f 119/119/119 118/118/118 117/117/117
f 117/117/117 118/118/118 120/120/120
f 123/123/123 122/122/122 121/121/121
f 121/121/121 122/122/122 124/124/124
f 127/127/127 126/126/126 125/125/125
f 125/125/125 126/126/126 128/128/128
f 131/131/131 130/130/130 129/129/129
f 129/129/129 130/130/130 132/132/132
f 135/135/135 134/134/134 133/133/133
f 133/133/133 134/134/134 136/136/136
f 139/139/139 138/138/138 137/137/137
f 137/137/137 138/138/138 140/140/140
f 143/143/143 142/142/142 141/141/141
f 141/141/141 142/142/142 144/144/144
f 147/147/147 146/146/146 145/145/145
f 145/145/145 146/146/146 148/148/148
f 151/151/151 150/150/150 149/149/149
f 149/149/149 150/150/150 152/152/152
f 155/155/155 154/154/154 153/153/153
f 153/153/153 154/154/154 156/156/156
f 159/159/159 158/158/158 157/157/157
f 157/157/157 158/158/158 160/160/160
f 163/163/163 162/162/162 161/161/161
f 161/161/161 162/162/162 164/164/164
f 167/167/167 166/166/166 165/165/165
f 165/165/165 166/166/166 168/168/168
f 169/169/169 168/168/168 166/166/166
f 170/170/170 168/168/168 169/169/169
f 173/173/173 172/172/172 171/171/171
f 171/171/171 172/172/172 174/174/174
f 177/177/177 176/176/176 175/175/175
f 175/175/175 176/176/176 178/178/178
f 181/181/181 180/180/180 179/179/179
f 179/179/179 180/180/180 182/182/182
f 185/185/185 184/184/184 183/183/183
f 183/183/183 184/184/184 186/186/186
f 189/189/189 188/188/188 187/187/187
f 187/187/187 188/188/188 190/190/190
f 193/193/193 192/192/192 191/191/191
f 194/194/194 191/191/191 192/192/192
f 191/191/191 194/194/194 195/195/195
f 198/198/198 197/197/197 196/196/196
f 196/196/196 197/197/197 199/199/199
f 202/202/202 201/201/201 200/200/200
f 200/200/200 201/201/201 203/203/203
f 206/206/206 205/205/205 204/204/204
f 204/204/204 205/205/205 207/207/207
f 210/210/210 209/209/209 208/208/208
f 208/208/208 209/209/209 211/211/211
f 214/214/214 213/213/213 212/212/212
f 212/212/212 213/213/213 215/215/215
f 218/218/218 217/217/217 216/216/216
f 216/216/216 217/217/217 219/219/219
f 222/222/222 221/221/221 220/220/220
f 220/220/220 221/221/221 223/223/223
f 226/226/226 225/225/225 224/224/224
f 224/224/224 225/225/225 227/227/227
f 230/230/230 229/229/229 228/228/228
f 228/228/228 229/229/229 231/231/231
f 234/234/234 233/233/233 232/232/232
f 232/232/232 233/233/233 235/235/235
f 238/238/238 237/237/237 236/236/236
f 236/236/236 237/237/237 239/239/239
f 242/242/242 241/241/241 240/240/240
f 240/240/240 241/241/241 243/243/243
f 246/246/246 245/245/245 244/244/244
f 244/244/244 245/245/245 247/247/247
f 250/250/250 249/249/249 248/248/248
f 248/248/248 249/249/249 251/251/251
f 254/254/254 253/253/253 252/252/252
f 252/252/252 253/253/253 255/255/255
f 258/258/258 257/257/257 256/256/256
f 256/256/256 257/257/257 259/259/259
f 262/262/262 261/261/261 260/260/260
f 260/260/260 261/261/261 263/263/263
f 266/266/266 265/265/265 264/264/264
f 264/264/264 265/265/265 267/267/267
f 268/268/268 267/267/267 265/265/265
f 268/268/268 265/265/265 269/269/269
f 272/272/272 271/271/271 270/270/270
f 270/270/270 271/271/271 273/273/273
f 276/276/276 275/275/275 274/274/274
f 274/274/274 275/275/275 277/277/277
f 280/280/280 279/279/279 278/278/278
f 278/278/278 279/279/279 281/281/281
f 284/284/284 283/283/283 282/282/282
f 282/282/282 283/283/283 285/285/285
f 288/288/288 287/287/287 286/286/286
f 286/286/286 287/287/287 289/289/289
f 292/292/292 291/291/291 290/290/290
f 290/290/290 291/291/291 293/293/293
f 296/296/296 295/295/295 294/294/294
f 294/294/294 295/295/295 297/297/297
f 300/300/300 299/299/299 298/298/298
f 298/298/298 299/299/299 301/301/301
f 304/304/304 303/303/303 302/302/302
f 302/302/302 303/303/303 305/305/305
f 308/308/308 307/307/307 306/306/306
f 306/306/306 307/307/307 309/309/309
f 312/312/312 311/311/311 310/310/310
f 310/310/310 311/311/311 313/313/313
f 316/316/316 315/315/315 314/314/314
f 314/314/314 315/315/315 317/317/317
f 320/320/320 319/319/319 318/318/318
f 318/318/318 319/319/319 321/321/321
f 324/324/324 323/323/323 322/322/322
f 322/322/322 323/323/323 325/325/325
f 328/328/328 327/327/327 326/326/326
f 326/326/326 327/327/327 329/329/329
f 332/332/332 331/331/331 330/330/330
f 330/330/330 331/331/331 333/333/333
f 336/336/336 335/335/335 334/334/334
f 334/334/334 335/335/335 337/337/337
f 340/340/340 339/339/339 338/338/338
f 338/338/338 339/339/339 341/341/341
f 344/344/344 343/343/343 342/342/342
f 342/342/342 343/343/343 345/345/345
f 348/348/348 347/347/347 346/346/346
f 346/346/346 347/347/347 349/349/349
f 350/350/350 349/349/349 347/347/347
f 351/351/351 349/349/349 350/350/350
f 354/354/354 353/353/353 352/352/352
f 352/352/352 353/353/353 355/355/355
f 358/358/358 357/357/357 356/356/356
f 356/356/356 357/357/357 359/359/359
f 362/362/362 361/361/361 360/360/360
f 360/360/360 361/361/361 363/363/363
f 366/366/366 365/365/365 364/364/364
f 364/364/364 365/365/365 367/367/367
f 370/370/370 369/369/369 368/368/368
f 368/368/368 369/369/369 371/371/371
f 374/374/374 373/373/373 372/372/372
f 372/372/372 373/373/373 375/375/375
f 378/378/378 377/377/377 376/376/376
f 376/376/376 377/377/377 379/379/379
f 382/382/382 381/381/381 380/380/380
f 380/380/380 381/381/381 383/383/383
f 386/386/386 385/385/385 384/384/384
f 384/384/384 385/385/385 387/387/387
f 390/390/390 389/389/389 388/388/388
f 388/388/388 389/389/389 391/391/391
f 394/394/394 393/393/393 392/392/392
f 392/392/392 393/393/393 395/395/395
f 393/393/393 396/396/396 395/395/395
f 395/395/395 396/396/396 397/397/397
f 400/400/400 399/399/399 398/398/398
f 398/398/398 399/399/399 401/401/401
f 404/404/404 403/403/403 402/402/402
f 402/402/402 403/403/403 405/405/405
f 408/408/408 407/407/407 406/406/406
f 406/406/406 407/407/407 409/409/409
f 412/412/412 411/411/411 410/410/410
f 410/410/410 411/411/411 413/413/413
f 411/411/411 414/414/414 413/413/413
f 413/413/413 414/414/414 415/415/415
f 418/418/418 417/417/417 416/416/416
f 416/416/416 417/417/417 419/419/419
f 417/417/417 420/420/420 419/419/419
f 419/419/419 420/420/420 421/421/421
f 424/424/424 423/423/423 422/422/422
f 422/422/422 423/423/423 425/425/425
f 425/425/425 426/426/426 422/422/422
f 422/422/422 426/426/426 427/427/427
f 430/430/430 429/429/429 428/428/428
f 428/428/428 429/429/429 431/431/431
f 434/434/434 433/433/433 432/432/432
f 432/432/432 433/433/433 435/435/435
f 438/438/438 437/437/437 436/436/436
f 436/436/436 437/437/437 439/439/439
f 442/442/442 441/441/441 440/440/440
f 440/440/440 441/441/441 443/443/443
f 446/446/446 445/445/445 444/444/444
f 444/444/444 445/445/445 447/447/447
f 450/450/450 449/449/449 448/448/448
f 448/448/448 449/449/449 451/451/451
f 454/454/454 453/453/453 452/452/452
f 452/452/452 453/453/453 455/455/455
f 458/458/458 457/457/457 456/456/456
f 456/456/456 457/457/457 459/459/459
f 462/462/462 461/461/461 460/460/460
f 460/460/460 461/461/461 463/463/463
f 466/466/466 465/465/465 464/464/464
f 464/464/464 465/465/465 467/467/467
f 470/470/470 469/469/469 468/468/468
f 468/468/468 469/469/469 471/471/471
f 474/474/474 473/473/473 472/472/472
f 472/472/472 473/473/473 475/475/475
f 478/478/478 477/477/477 476/476/476
f 476/476/476 477/477/477 479/479/479
f 482/482/482 481/481/481 480/480/480
f 480/480/480 481/481/481 483/483/483
f 486/486/486 485/485/485 484/484/484
f 484/484/484 485/485/485 487/487/487
f 490/490/490 489/489/489 488/488/488
f 488/488/488 489/489/489 491/491/491
f 494/494/494 493/493/493 492/492/492
f 492/492/492 493/493/493 495/495/495
f 498/498/498 497/497/497 496/496/496
f 496/496/496 497/497/497 499/499/499
f 502/502/502 501/501/501 500/500/500
f 500/500/500 501/501/501 503/503/503
f 506/506/506 505/505/505 504/504/504
f 504/504/504 505/505/505 507/507/507
f 510/510/510 509/509/509 508/508/508
f 508/508/508 509/509/509 511/511/511
f 514/514/514 513/513/513 512/512/512
f 512/512/512 513/513/513 515/515/515
f 518/518/518 517/517/517 516/516/516
f 516/516/516 517/517/517 519/519/519
f 522/522/522 521/521/521 520/520/520
f 520/520/520 521/521/521 523/523/523
f 526/526/526 525/525/525 524/524/524
f 524/524/524 525/525/525 527/527/527
f 530/530/530 529/529/529 528/528/528
f 528/528/528 529/529/529 531/531/531
f 534/534/534 533/533/533 532/532/532
f 532/532/532 533/533/533 535/535/535
f 538/538/538 537/537/537 536/536/536
f 536/536/536 537/537/537 539/539/539
f 542/542/542 541/541/541 540/540/540
f 540/540/540 541/541/541 543/543/543
f 546/546/546 545/545/545 544/544/544
f 544/544/544 545/545/545 547/547/547
f 550/550/550 549/549/549 548/548/548
f 548/548/548 549/549/549 551/551/551
f 554/554/554 553/553/553 552/552/552
f 552/552/552 553/553/553 555/555/555
f 558/558/558 557/557/557 556/556/556
f 556/556/556 557/557/557 559/559/559
f 562/562/562 561/561/561 560/560/560
f 560/560/560 561/561/561 563/563/563
f 566/566/566 565/565/565 564/564/564
f 564/564/564 565/565/565 567/567/567
f 570/570/570 569/569/569 568/568/568
f 568/568/568 569/569/569 571/571/571
f 574/574/574 573/573/573 572/572/572
f 572/572/572 573/573/573 575/575/575
f 578/578/578 577/577/577 576/576/576
f 576/576/576 577/577/577 579/579/579
f 582/582/582 581/581/581 580/580/580
f 580/580/580 581/581/581 583/583/583
f 586/586/586 585/585/585 584/584/584
f 584/584/584 585/585/585 587/587/587
f 590/590/590 589/589/589 588/588/588
f 588/588/588 589/589/589 591/591/591
f 594/594/594 593/593/593 592/592/592
f 592/592/592 593/593/593 595/595/595
f 598/598/598 597/597/597 596/596/596
f 596/596/596 597/597/597 599/599/599
f 602/602/602 601/601/601 600/600/600
f 601/601/601 603/603/603 600/600/600
f 600/600/600 603/603/603 604/604/604
f 603/603/603 605/605/605 604/604/604
f 606/606/606 604/604/604 605/605/605
f 607/607/607 604/604/604 606/606/606
f 610/610/610 609/609/609 608/608/608
f 609/609/609 611/611/611 608/608/608
f 612/612/612 611/611/611 609/609/609
f 608/608/608 611/611/611 613/613/613
f 614/614/614 611/611/611 612/612/612
f 615/615/615 613/613/613 611/611/611
f 616/616/616 614/614/614 612/612/612
f 617/617/617 613/613/613 615/615/615
f 618/618/618 613/613/613 617/617/617
f 617/617/617 615/615/615 619/619/619
f 620/620/620 619/619/619 615/615/615
f 621/621/621 614/614/614 616/616/616
f 622/622/622 621/621/621 616/616/616
f 623/623/623 622/622/622 616/616/616
f 622/622/622 624/624/624 621/621/621
f 625/625/625 614/614/614 621/621/621
f 626/626/626 621/621/621 624/624/624
f 627/627/627 614/614/614 625/625/625
f 627/627/627 625/625/625 628/628/628
f 627/627/627 628/628/628 629/629/629
f 628/628/628 625/625/625 630/630/630
f 631/631/631 630/630/630 625/625/625
f 632/632/632 626/626/626 624/624/624
f 633/633/633 632/632/632 624/624/624
f 634/634/634 632/632/632 633/633/633
f 626/626/626 632/632/632 635/635/635
f 636/636/636 626/626/626 635/635/635
f 635/635/635 632/632/632 637/637/637
f 640/640/640 639/639/639 638/638/638
f 641/641/641 638/638/638 639/639/639
f 642/642/642 638/638/638 641/641/641
f 642/642/642 641/641/641 643/643/643
f 646/646/646 645/645/645 644/644/644
f 645/645/645 647/647/647 644/644/644
f 648/648/648 644/644/644 647/647/647
f 649/649/649 648/648/648 647/647/647
f 652/652/652 651/651/651 650/650/650
f 651/651/651 653/653/653 650/650/650
f 653/653/653 651/651/651 654/654/654
f 655/655/655 654/654/654 651/651/651
f 658/658/658 657/657/657 656/656/656
f 658/658/658 659/659/659 657/657/657
f 657/657/657 659/659/659 660/660/660
f 661/661/661 660/660/660 659/659/659
f 662/662/662 660/660/660 661/661/661
f 663/663/663 660/660/660 662/662/662
f 664/664/664 660/660/660 663/663/663
f 665/665/665 660/660/660 664/664/664
f 668/668/668 667/667/667 666/666/666
f 667/667/667 669/669/669 666/666/666
f 669/669/669 670/670/670 666/666/666
f 671/671/671 670/670/670 669/669/669
f 666/666/666 670/670/670 672/672/672
f 673/673/673 672/672/672 670/670/670
f 674/674/674 672/672/672 673/673/673
f 675/675/675 672/672/672 674/674/674
f 678/678/678 677/677/677 676/676/676
f 678/678/678 679/679/679 677/677/677
f 677/677/677 679/679/679 680/680/680
f 681/681/681 680/680/680 679/679/679
f 682/682/682 680/680/680 681/681/681
f 683/683/683 680/680/680 682/682/682
f 686/686/686 685/685/685 684/684/684
f 686/686/686 687/687/687 685/685/685
f 688/688/688 685/685/685 687/687/687
f 689/689/689 685/685/685 688/688/688
f 690/690/690 689/689/689 688/688/688
f 691/691/691 689/689/689 690/690/690
f 694/694/694 693/693/693 692/692/692
f 695/695/695 692/692/692 693/693/693
f 696/696/696 692/692/692 695/695/695
f 697/697/697 692/692/692 696/696/696
f 700/700/700 699/699/699 698/698/698
f 699/699/699 701/701/701 698/698/698
f 702/702/702 698/698/698 701/701/701
f 698/698/698 702/702/702 703/703/703
f 704/704/704 703/703/703 702/702/702
f 705/705/705 703/703/703 704/704/704
f 708/708/708 707/707/707 706/706/706
f 707/707/707 709/709/709 706/706/706
f 706/706/706 709/709/709 710/710/710
f 711/711/711 710/710/710 709/709/709
f 712/712/712 710/710/710 711/711/711
f 713/713/713 710/710/710 712/712/712
f 716/716/716 715/715/715 714/714/714
f 716/716/716 717/717/717 715/715/715
f 718/718/718 715/715/715 717/717/717
f 719/719/719 718/718/718 717/717/717
f 722/722/722 721/721/721 720/720/720
f 721/721/721 723/723/723 720/720/720
f 723/723/723 724/724/724 720/720/720
f 724/724/724 723/723/723 725/725/725
f 726/726/726 724/724/724 725/725/725
f 727/727/727 724/724/724 726/726/726
f 730/730/730 729/729/729 728/728/728
f 730/730/730 731/731/731 729/729/729
f 732/732/732 729/729/729 731/731/731
f 733/733/733 732/732/732 731/731/731
f 736/736/736 735/735/735 734/734/734
f 737/737/737 734/734/734 735/735/735
f 737/737/737 735/735/735 738/738/738
f 739/739/739 738/738/738 735/735/735
f 742/742/742 741/741/741 740/740/740
f 742/742/742 743/743/743 741/741/741
f 743/743/743 744/744/744 741/741/741
f 743/743/743 745/745/745 744/744/744
f 746/746/746 744/744/744 745/745/745
f 747/747/747 744/744/744 746/746/746
f 748/748/748 747/747/747 746/746/746
f 749/749/749 747/747/747 748/748/748
f 752/752/752 751/751/751 750/750/750
f 751/751/751 753/753/753 750/750/750
f 754/754/754 750/750/750 753/753/753
f 755/755/755 754/754/754 753/753/753
f 758/758/758 757/757/757 756/756/756
f 758/758/758 759/759/759 757/757/757
f 757/757/757 759/759/759 760/760/760
f 761/761/761 760/760/760 759/759/759
f 762/762/762 760/760/760 761/761/761
f 763/763/763 760/760/760 762/762/762
f 766/766/766 765/765/765 764/764/764
f 765/765/765 767/767/767 764/764/764
f 768/768/768 764/764/764 767/767/767
f 769/769/769 764/764/764 768/768/768
f 772/772/772 771/771/771 770/770/770
f 770/770/770 771/771/771 773/773/773
f 774/774/774 773/773/773 771/771/771
f 773/773/773 774/774/774 775/775/775
f 776/776/776 775/775/775 774/774/774
f 776/776/776 774/774/774 777/777/777
f 776/776/776 778/778/778 775/775/775
f 779/779/779 776/776/776 777/777/777
f 780/780/780 775/775/775 778/778/778
f 777/777/777 780/780/780 779/779/779
f 779/779/779 780/780/780 778/778/778
f 783/783/783 782/782/782 781/781/781
f 781/781/781 782/782/782 784/784/784
f 784/784/784 785/785/785 781/781/781
f 782/782/782 786/786/786 784/784/784
f 787/787/787 785/785/785 784/784/784
f 784/784/784 786/786/786 788/788/788
f 787/787/787 789/789/789 785/785/785
f 787/787/787 790/790/790 789/789/789
f 786/786/786 791/791/791 788/788/788
f 790/790/790 791/791/791 789/789/789
f 791/791/791 786/786/786 792/792/792
f 789/789/789 791/791/791 792/792/792
f 795/795/795 794/794/794 793/793/793
f 796/796/796 793/793/793 794/794/794
f 796/796/796 794/794/794 797/797/797
f 796/796/796 797/797/797 798/798/798
f 797/797/797 799/799/799 798/798/798
f 795/795/795 800/800/800 794/794/794
f 801/801/801 798/798/798 799/799/799
f 799/799/799 800/800/800 802/802/802
f 802/802/802 801/801/801 799/799/799
f 801/801/801 802/802/802 803/803/803
f 802/802/802 800/800/800 804/804/804
f 795/795/795 804/804/804 800/800/800
f 803/803/803 805/805/805 801/801/801
f 801/801/801 805/805/805 806/806/806
f 804/804/804 795/795/795 807/807/807
f 806/806/806 805/805/805 807/807/807
f 808/808/808 804/804/804 807/807/807
f 805/805/805 808/808/808 807/807/807
f 811/811/811 810/810/810 809/809/809
f 810/810/810 812/812/812 809/809/809
f 810/810/810 811/811/811 813/813/813
f 812/812/812 810/810/810 814/814/814
f 815/815/815 813/813/813 811/811/811
f 816/816/816 812/812/812 814/814/814
f 816/816/816 813/813/813 815/815/815
f 815/815/815 812/812/812 816/816/816
f 819/819/819 818/818/818 817/817/817
f 819/819/819 820/820/820 818/818/818
f 820/820/820 821/821/821 818/818/818
f 821/821/821 820/820/820 822/822/822
f 820/820/820 823/823/823 822/822/822
f 822/822/822 823/823/823 824/824/824
f 823/823/823 817/817/817 824/824/824
f 825/825/825 817/817/817 818/818/818
f 826/826/826 824/824/824 817/817/817
f 826/826/826 817/817/817 825/825/825
f 829/829/829 828/828/828 827/827/827
f 830/830/830 827/827/827 828/828/828
f 831/831/831 827/827/827 830/830/830
f 832/832/832 831/831/831 830/830/830
f 833/833/833 831/831/831 832/832/832
f 832/832/832 834/834/834 833/833/833
f 829/829/829 827/827/827 835/835/835
f 833/833/833 834/834/834 835/835/835
f 829/829/829 835/835/835 836/836/836
f 836/836/836 835/835/835 834/834/834
f 839/839/839 838/838/838 837/837/837
f 839/839/839 840/840/840 838/838/838
f 841/841/841 838/838/838 840/840/840
f 842/842/842 841/841/841 840/840/840
f 841/841/841 842/842/842 843/843/843
f 842/842/842 844/844/844 843/843/843
f 838/838/838 845/845/845 837/837/837
f 843/843/843 844/844/844 845/845/845
f 837/837/837 845/845/845 846/846/846
f 844/844/844 846/846/846 845/845/845
f 849/849/849 848/848/848 847/847/847
f 850/850/850 847/847/847 848/848/848
f 851/851/851 847/847/847 850/850/850
f 852/852/852 851/851/851 850/850/850
f 853/853/853 851/851/851 852/852/852
f 852/852/852 854/854/854 853/853/853
f 849/849/849 847/847/847 855/855/855
f 855/855/855 853/853/853 854/854/854
f 855/855/855 856/856/856 849/849/849
f 856/856/856 855/855/855 854/854/854
f 859/859/859 858/858/858 857/857/857
f 860/860/860 857/857/857 858/858/858
f 861/861/861 857/857/857 860/860/860
f 862/862/862 861/861/861 860/860/860
f 863/863/863 861/861/861 862/862/862
f 862/862/862 864/864/864 863/863/863
f 859/859/859 857/857/857 865/865/865
f 865/865/865 863/863/863 864/864/864
f 865/865/865 866/866/866 859/859/859
f 866/866/866 865/865/865 864/864/864
f 869/869/869 868/868/868 867/867/867
f 870/870/870 867/867/867 868/868/868
f 871/871/871 867/867/867 870/870/870
f 872/872/872 871/871/871 870/870/870
f 873/873/873 871/871/871 872/872/872
f 874/874/874 873/873/873 872/872/872
f 869/869/869 867/867/867 875/875/875
f 873/873/873 874/874/874 875/875/875
f 869/869/869 875/875/875 876/876/876
f 876/876/876 875/875/875 874/874/874
f 879/879/879 878/878/878 877/877/877
f 880/880/880 877/877/877 878/878/878
f 881/881/881 877/877/877 880/880/880
f 882/882/882 881/881/881 880/880/880
f 883/883/883 881/881/881 882/882/882
f 884/884/884 883/883/883 882/882/882
f 879/879/879 877/877/877 885/885/885
f 883/883/883 884/884/884 885/885/885
f 879/879/879 885/885/885 886/886/886
f 886/886/886 885/885/885 884/884/884
f 889/889/889 888/888/888 887/887/887
f 888/888/888 890/890/890 887/887/887
f 891/891/891 888/888/888 889/889/889
f 888/888/888 892/892/892 890/890/890
f 891/891/891 889/889/889 893/893/893
f 889/889/889 894/894/894 893/893/893
f 895/895/895 893/893/893 894/894/894
f 890/890/890 892/892/892 896/896/896
f 897/897/897 896/896/896 892/892/892
f 897/897/897 892/892/892 898/898/898
f 899/899/899 893/893/893 895/895/895
f 899/899/899 898/898/898 892/892/892
f 900/900/900 899/899/899 895/895/895
f 900/900/900 898/898/898 899/899/899
f 903/903/903 902/902/902 901/901/901
f 903/903/903 904/904/904 902/902/902
f 902/902/902 904/904/904 905/905/905
f 902/902/902 906/906/906 901/901/901
f 904/904/904 907/907/907 905/905/905
f 905/905/905 907/907/907 908/908/908
f 901/901/901 906/906/906 909/909/909
f 910/910/910 908/908/908 907/907/907
f 908/908/908 910/910/910 906/906/906
f 907/907/907 911/911/911 910/910/910
f 910/910/910 911/911/911 912/912/912
f 913/913/913 912/912/912 911/911/911
f 913/913/913 914/914/914 912/912/912
f 913/913/913 915/915/915 914/914/914
f 916/916/916 906/906/906 910/910/910
f 909/909/909 906/906/906 916/916/916
f 914/914/914 915/915/915 916/916/916
f 909/909/909 916/916/916 915/915/915
f 919/919/919 918/918/918 917/917/917
f 918/918/918 920/920/920 917/917/917
f 919/919/919 917/917/917 921/921/921
f 917/917/917 920/920/920 922/922/922
f 923/923/923 922/922/922 920/920/920
f 924/924/924 923/923/923 920/920/920
f 921/921/921 925/925/925 919/919/919
f 925/925/925 923/923/923 924/924/924
f 919/919/919 925/925/925 926/926/926
f 927/927/927 925/925/925 924/924/924
f 926/926/926 925/925/925 927/927/927
f 930/930/930 929/929/929 928/928/928
f 929/929/929 931/931/931 928/928/928
f 932/932/932 929/929/929 930/930/930
f 931/931/931 929/929/929 933/933/933
f 932/932/932 930/930/930 934/934/934
f 935/935/935 931/931/931 933/933/933
f 934/934/934 936/936/936 932/932/932
f 936/936/936 935/935/935 933/933/933
f 937/937/937 936/936/936 934/934/934
f 937/937/937 935/935/935 936/936/936
f 940/940/940 939/939/939 938/938/938
f 941/941/941 938/938/938 939/939/939
f 938/938/938 941/941/941 942/942/942
f 943/943/943 942/942/942 941/941/941
f 944/944/944 942/942/942 943/943/943
f 943/943/943 945/945/945 944/944/944
f 940/940/940 938/938/938 946/946/946
f 946/946/946 944/944/944 945/945/945
f 946/946/946 947/947/947 940/940/940
f 947/947/947 946/946/946 945/945/945
f 950/950/950 949/949/949 948/948/948
f 951/951/951 948/948/948 949/949/949
f 952/952/952 950/950/950 948/948/948
f 953/953/953 950/950/950 952/952/952
f 954/954/954 953/953/953 952/952/952
f 953/953/953 954/954/954 955/955/955
f 956/956/956 948/948/948 951/951/951
f 956/956/956 955/955/955 954/954/954
f 957/957/957 956/956/956 951/951/951
f 956/956/956 957/957/957 955/955/955
f 960/960/960 959/959/959 958/958/958
f 959/959/959 961/961/961 958/958/958
f 958/958/958 961/961/961 962/962/962
f 963/963/963 962/962/962 961/961/961
f 960/960/960 964/964/964 959/959/959
f 962/962/962 963/963/963 965/965/965
f 964/964/964 960/960/960 966/966/966
f 966/966/966 960/960/960 967/967/967
f 964/964/964 968/968/968 963/963/963
f 968/968/968 964/964/964 966/966/966
f 968/968/968 969/969/969 963/963/963
f 965/965/965 963/963/963 969/969/969
f 969/969/969 970/970/970 965/965/965
f 968/968/968 966/966/966 971/971/971
f 965/965/965 970/970/970 972/972/972
f 970/970/970 971/971/971 972/972/972
f 965/965/965 972/972/972 973/973/973
f 974/974/974 972/972/972 971/971/971
f 966/966/966 974/974/974 971/971/971
f 975/975/975 973/973/973 972/972/972
f 975/975/975 976/976/976 973/973/973
f 977/977/977 974/974/974 966/966/966
f 977/977/977 966/966/966 967/967/967
f 976/976/976 977/977/977 967/967/967
f 975/975/975 977/977/977 976/976/976
