v 0.856000 -0.474000 29.599999
v 0.473500 -0.474000 29.599999
v 0.548500 -0.549000 27.305000
v -1.506500 -1.124000 14.682499
v -1.506500 -1.506500 14.682499
v -4.506500 -0.706500 14.807499
v -1.506500 -1.506500 14.682499
v -1.506500 -1.506500 14.299999
v -4.506500 -0.706500 14.424999
v -2.456500 -2.456500 -1.000000
v -2.074000 -2.456500 -1.000000
v -0.874000 -1.256500 20.037499
v -0.874000 -0.874000 20.037499
v -1.074000 -1.074000 16.212500
v -0.874000 1.256000 20.037499
v -1.074000 1.456000 16.212500
v -1.074000 1.073500 16.212500
v -1.074000 1.073500 15.829998
v -1.074000 -1.074000 15.829998
v -1.074000 -1.074000 16.212500
v -0.874000 -1.256500 20.037499
v -1.074000 -1.456500 16.212500
v -1.074000 -1.456500 15.829998
v -1.124000 -1.124000 14.682499
v -1.124000 -1.506500 14.682499
v -1.074000 1.456000 15.829998
v -1.124000 1.123500 14.682499
v -1.124000 1.506000 14.682499
v -1.124000 -1.124000 14.299999
v -1.124000 1.123500 14.299999
v -1.124000 1.506000 14.299999
v -2.074000 2.073500 -1.000000
v -2.074000 2.456000 -1.000000
v 0.931000 -0.931500 27.305000
v 0.856000 -0.474000 29.599999
v 0.931000 -0.549000 27.305000
v 1.123500 -1.124000 14.299999
v -1.124000 -1.124000 14.299999
v -1.124000 -1.506500 14.299999
v -1.124000 1.123500 14.299999
v -1.506500 -1.124000 14.299999
v -1.456500 -1.456500 15.829998
v -1.506500 -1.506500 14.682499
v -1.506500 -1.124000 14.682499
v 0.856000 -0.856500 29.982498
v 0.856000 -0.474000 29.599999
v 0.931000 -0.931500 27.305000
v -1.456500 -1.074000 15.829998
v -1.506500 -1.124000 14.682499
v -1.124000 -1.124000 14.682499
v -1.124000 -1.124000 14.299999
v 1.123500 -1.124000 14.299999
v -1.506500 -1.124000 14.299999
v -2.074000 -2.074000 -1.000000
v -1.506500 -1.506500 14.299999
v -2.456500 -2.456500 -1.000000
v -2.456500 -2.074000 -1.000000
v -1.124000 -1.506500 14.299999
v -1.124000 -1.124000 14.299999
v -2.074000 -2.074000 -1.000000
v -1.506500 -1.124000 14.299999
v -2.456500 -2.074000 -1.000000
v -2.074000 -2.074000 -1.000000
v -0.219596 -1.430406 14.478852
v -1.620066 -1.617002 11.370039
v -1.620066 -1.367002 11.370039
v -1.620066 -1.367002 11.370039
v -0.219596 -1.180406 14.478852
v -1.620066 -1.367002 11.370039
v -1.393489 -1.367002 11.264384
v 0.006981 -1.180406 14.373198
v 0.006981 -1.430406 14.373198
v -1.393489 -1.617002 11.264384
v -1.620066 -1.617002 11.370039
v -0.163818 -1.592002 11.345632
v -1.787675 -1.833569 8.192148
v -1.787675 -1.583569 8.192148
v -1.787675 -1.583569 8.192148
v -0.163818 -1.392002 11.345632
v -0.163818 -1.392002 11.345632
v -1.787675 -1.583569 8.192148
v -1.561098 -1.583569 8.086493
v -1.561098 -1.833569 8.086493
v -1.787675 -1.833569 8.192148
v -0.163818 -1.592002 11.345632
v -0.143787 -1.801805 8.110558
v -2.027263 -2.060467 4.526365
v -2.027263 -1.810467 4.526365
v -2.027263 -1.810467 4.526365
v -0.143787 -1.601805 8.110558
v -1.800686 -2.060467 4.420709
v -2.027263 -2.060467 4.526365
v -0.143787 -1.801805 8.110558
v -0.143787 -1.601805 8.110558
v -2.027263 -1.810467 4.526365
v -1.800686 -1.810467 4.420709
v -1.062929 -1.435332 14.537892
v -1.289506 -1.435332 14.643548
v -0.158908 -1.400986 16.096340
v -0.158908 -1.117802 16.096340
v -1.289506 -1.185332 14.643548
v -1.062929 -1.185332 14.537892
v -0.999844 -0.942213 20.009066
v -0.999844 -1.192213 20.009066
v 0.098499 -1.168562 21.757620
v -0.999844 -1.192213 20.009066
v -1.226422 -1.192213 20.114721
v -0.177539 -1.168562 21.886337
v -0.177539 -0.863988 21.886337
v -1.226422 -0.942213 20.114721
v -0.999844 -0.942213 20.009066
v 0.443851 -0.808481 29.869070
v -0.650617 -0.881657 27.297491
v -0.650617 -0.631657 27.297491
v -0.424040 -0.631657 27.191835
v -0.424040 -0.881657 27.191835
v 0.702238 -0.808481 29.748583
v -0.650617 -0.631657 27.297491
v -0.424040 -0.631657 27.191835
v 0.702238 -0.523381 29.748583
v -0.163818 -1.253625 18.147152
v -1.287423 -1.409837 16.126244
v -1.287423 -1.159837 16.126244
v -1.287423 -1.159837 16.126244
v -0.163818 -1.053625 18.147152
v -0.163818 -1.053625 18.147152
v -1.287423 -1.159837 16.126244
v -1.060846 -1.159837 16.020588
v -1.060846 -1.159837 16.020588
v -1.060846 -1.409837 16.020588
v 0.017443 -1.253625 18.062628
v -1.060846 -1.409837 16.020588
v -1.287423 -1.409837 16.126244
v -0.163818 -1.253625 18.147152
v -0.234637 -0.908266 25.909443
v -0.963520 -1.003578 23.856199
v -0.963520 -0.753578 23.856199
v -0.963520 -0.753578 23.856199
v -0.736943 -0.753578 23.750544
v -0.008060 -0.658266 25.803789
v -0.736943 -0.753578 23.750544
v -0.736943 -1.003578 23.750544
v -0.008060 -0.908266 25.803789
v -0.008060 -0.908266 25.803789
v -0.008060 -0.658266 25.803789
v -0.008060 -0.908266 25.803789
v -0.736943 -1.003578 23.750544
v -0.963520 -1.003578 23.856199
v -0.163818 -0.978578 23.721441
v -1.019992 -1.120877 21.852798
v -1.019992 -0.870877 21.852798
v -1.019992 -0.870877 21.852798
v -0.163818 -0.778578 23.721441
v -1.019992 -0.870877 21.852798
v -0.793415 -0.870877 21.747143
v 0.017443 -0.778578 23.636917
v -0.793415 -0.870877 21.747143
v -0.793415 -1.120877 21.747143
v 0.017443 -0.978578 23.636917
v 0.017443 -0.978578 23.636917
v -0.793415 -1.120877 21.747143
v -1.019992 -1.120877 21.852798
v 1.620066 -1.367002 11.370039
v 1.620066 -1.617002 11.370039
v 0.219596 -1.430406 14.478852
v 1.620066 -1.367002 11.370039
v 0.219596 -1.180406 14.478852
v 1.620066 -1.367002 11.370039
v 0.219596 -1.180406 14.478852
v -0.006981 -1.180406 14.373198
v 1.620066 -1.617002 11.370039
v 1.393489 -1.617002 11.264384
v -0.006981 -1.430406 14.373198
v 1.787675 -1.583569 8.192148
v 1.787675 -1.833569 8.192148
v 0.163818 -1.592002 11.345632
v 1.787675 -1.583569 8.192148
v 0.163818 -1.392002 11.345632
v 1.561098 -1.583569 8.086493
v 1.787675 -1.583569 8.192148
v 0.163818 -1.392002 11.345632
v 1.561098 -1.833569 8.086493
v -0.017443 -1.592002 11.261108
v 0.163818 -1.592002 11.345632
v 2.027263 -1.810467 4.526365
v 2.027263 -2.060467 4.526365
v 0.143787 -1.801805 8.110558
v 2.027263 -1.810467 4.526365
v 0.143787 -1.601805 8.110558
v 1.800686 -2.060467 4.420709
v -0.037474 -1.801805 8.026033
v 0.143787 -1.801805 8.110558
v 1.800686 -1.810467 4.420709
v 2.027263 -1.810467 4.526365
v 0.143787 -1.601805 8.110558
v 1.062929 -1.435332 14.537892
v -0.097744 -1.400986 15.976662
v 0.158908 -1.400986 16.096340
v 1.062929 -1.185332 14.537892
v 1.289506 -1.185332 14.643548
v 0.158908 -1.117802 16.096340
v 0.999844 -0.942213 20.009066
v -0.098499 -0.863988 21.757620
v -0.098499 -1.168562 21.757620
v 0.999844 -1.192213 20.009066
v -0.098499 -1.168562 21.757620
v 0.177539 -1.168562 21.886337
v 0.999844 -0.942213 20.009066
v 1.226422 -0.942213 20.114721
v 0.177539 -0.863988 21.886337
v 0.650617 -0.631657 27.297491
v 0.650617 -0.881657 27.297491
v -0.443851 -0.808481 29.869070
v 0.424040 -0.631657 27.191835
v -0.702238 -0.523381 29.748583
v -0.702238 -0.808481 29.748583
v 0.650617 -0.631657 27.297491
v -0.443851 -0.523381 29.869070
v -0.702238 -0.523381 29.748583
v 1.287423 -1.159837 16.126244
v 1.287423 -1.409837 16.126244
v 0.163818 -1.253625 18.147152
v 1.287423 -1.159837 16.126244
v 0.163818 -1.053625 18.147152
v 1.060846 -1.159837 16.020588
v 1.287423 -1.159837 16.126244
v 0.163818 -1.053625 18.147152
v 1.060846 -1.159837 16.020588
v -0.017443 -1.053625 18.062628
v -0.017443 -1.253625 18.062628
v 1.060846 -1.409837 16.020588
v -0.017443 -1.253625 18.062628
v 0.163818 -1.253625 18.147152
v 0.963520 -0.753578 23.856199
v 0.963520 -1.003578 23.856199
v 0.234637 -0.908266 25.909443
v 0.963520 -0.753578 23.856199
v 0.234637 -0.658266 25.909443
v 0.008060 -0.658266 25.803789
v 0.736943 -0.753578 23.750544
v 0.008060 -0.658266 25.803789
v 0.008060 -0.908266 25.803789
v 0.008060 -0.908266 25.803789
v 0.736943 -1.003578 23.750544
v 0.963520 -1.003578 23.856199
v 0.736943 -1.003578 23.750544
v 0.008060 -0.908266 25.803789
v 1.019992 -0.870877 21.852798
v 1.019992 -1.120877 21.852798
v 0.163818 -0.978578 23.721441
v 1.019992 -0.870877 21.852798
v 0.163818 -0.778578 23.721441
v 1.019992 -0.870877 21.852798
v 0.163818 -0.778578 23.721441
v -0.017443 -0.778578 23.636917
v 0.793415 -0.870877 21.747143
v -0.017443 -0.778578 23.636917
v -0.017443 -0.978578 23.636917
v 1.019992 -1.120877 21.852798
v 0.793415 -1.120877 21.747143
v -0.017443 -0.978578 23.636917
v 1.430406 -0.219596 14.478852
v 1.617002 -1.620066 11.370039
v 1.367002 -1.620066 11.370039
v 1.367002 -1.620066 11.370039
v 1.180406 -0.219596 14.478852
v 1.367002 -1.620066 11.370039
v 1.367002 -1.393489 11.264384
v 1.180406 0.006981 14.373198
v 1.430406 0.006981 14.373198
v 1.617002 -1.393489 11.264384
v 1.617002 -1.620066 11.370039
v 1.592002 -0.163818 11.345632
v 1.833569 -1.787674 8.192148
v 1.583569 -1.787674 8.192148
v 1.583569 -1.787674 8.192148
v 1.392002 -0.163818 11.345632
v 1.392002 -0.163818 11.345632
v 1.583569 -1.787674 8.192148
v 1.583569 -1.561097 8.086493
v 1.833569 -1.561097 8.086493
v 1.833569 -1.787674 8.192148
v 1.592002 -0.163818 11.345632
v 1.801805 -0.143787 8.110558
v 2.060467 -2.027263 4.526365
v 1.810468 -2.027263 4.526365
v 1.810468 -2.027263 4.526365
v 1.601805 -0.143787 8.110558
v 2.060467 -1.800686 4.420709
v 2.060467 -2.027263 4.526365
v 1.801805 -0.143787 8.110558
v 1.601805 -0.143787 8.110558
v 1.810468 -2.027263 4.526365
v 1.810468 -1.800686 4.420709
v 1.435332 -1.062929 14.537892
v 1.435332 -1.289506 14.643548
v 1.400986 -0.158908 16.096340
v 1.117802 -0.158908 16.096340
v 1.185332 -1.289506 14.643548
v 1.185332 -1.062929 14.537892
v 0.942213 -0.999844 20.009066
v 1.192213 -0.999844 20.009066
v 1.168562 0.098499 21.757620
v 1.192213 -0.999844 20.009066
v 1.192213 -1.226422 20.114721
v 1.168562 -0.177539 21.886337
v 0.863988 -0.177539 21.886337
v 0.942213 -1.226422 20.114721
v 0.942213 -0.999844 20.009066
v 0.808481 0.443851 29.869070
v 0.881657 -0.650617 27.297491
v 0.631657 -0.650617 27.297491
v 0.631657 -0.424040 27.191835
v 0.881657 -0.424040 27.191835
v 0.808481 0.702239 29.748583
v 0.631657 -0.650617 27.297491
v 0.631657 -0.424040 27.191835
v 0.523381 0.702238 29.748583
v 1.253625 -0.163818 18.147152
v 1.409837 -1.287423 16.126244
v 1.159837 -1.287423 16.126244
v 1.159837 -1.287423 16.126244
v 1.053625 -0.163818 18.147152
v 1.053625 -0.163818 18.147152
v 1.159837 -1.287423 16.126244
v 1.159837 -1.060846 16.020588
v 1.159837 -1.060846 16.020588
v 1.409837 -1.060846 16.020588
v 1.253625 0.017443 18.062628
v 1.409837 -1.060846 16.020588
v 1.409837 -1.287423 16.126244
v 1.253625 -0.163818 18.147152
v 0.908266 -0.234637 25.909443
v 1.003578 -0.963520 23.856199
v 0.753578 -0.963520 23.856199
v 0.753578 -0.963520 23.856199
v 0.753578 -0.736943 23.750544
v 0.658266 -0.008060 25.803789
v 0.753578 -0.736943 23.750544
v 1.003578 -0.736943 23.750544
v 0.908266 -0.008060 25.803789
v 0.908266 -0.008060 25.803789
v 0.658266 -0.008060 25.803789
v 0.908266 -0.008060 25.803789
v 1.003578 -0.736943 23.750544
v 1.003578 -0.963520 23.856199
v 0.978578 -0.163818 23.721441
v 1.120877 -1.019992 21.852798
v 0.870877 -1.019992 21.852798
v 0.870877 -1.019992 21.852798
v 0.778578 -0.163818 23.721441
v 0.870877 -1.019992 21.852798
v 0.870877 -0.793414 21.747143
v 0.778578 0.017443 23.636917
v 0.870877 -0.793414 21.747143
v 1.120877 -0.793414 21.747143
v 0.978578 0.017443 23.636917
v 0.978578 0.017443 23.636917
v 1.120877 -0.793414 21.747143
v 1.120877 -1.019992 21.852798
v 1.367002 1.620066 11.370039
v 1.617002 1.620066 11.370039
v 1.430406 0.219596 14.478852
v 1.367002 1.620066 11.370039
v 1.180406 0.219596 14.478852
v 1.367002 1.620066 11.370039
v 1.180406 0.219596 14.478852
v 1.180406 -0.006981 14.373198
v 1.617002 1.620066 11.370039
v 1.617002 1.393489 11.264384
v 1.430406 -0.006981 14.373198
v 1.583569 1.787675 8.192148
v 1.833569 1.787675 8.192148
v 1.592002 0.163818 11.345632
v 1.583569 1.787675 8.192148
v 1.392002 0.163818 11.345632
v 1.583569 1.561098 8.086493
v 1.583569 1.787675 8.192148
v 1.392002 0.163818 11.345632
v 1.833569 1.561098 8.086493
v 1.592002 -0.017443 11.261108
v 1.592002 0.163818 11.345632
v 1.810467 2.027263 4.526365
v 2.060467 2.027263 4.526365
v 1.801805 0.143787 8.110558
v 1.810467 2.027263 4.526365
v 1.601805 0.143787 8.110558
v 2.060467 1.800686 4.420709
v 1.801805 -0.037474 8.026033
v 1.801805 0.143787 8.110558
v 1.810467 1.800686 4.420709
v 1.810467 2.027263 4.526365
v 1.601805 0.143787 8.110558
v 1.435332 1.062929 14.537892
v 1.400986 -0.097744 15.976662
v 1.400986 0.158908 16.096340
v 1.185332 1.062929 14.537892
v 1.185332 1.289506 14.643548
v 1.117802 0.158908 16.096340
v 0.942213 0.999845 20.009066
v 0.863988 -0.098499 21.757620
v 1.168562 -0.098499 21.757620
v 1.192213 0.999845 20.009066
v 1.168562 -0.098499 21.757620
v 1.168562 0.177539 21.886337
v 0.942213 0.999845 20.009066
v 0.942213 1.226422 20.114721
v 0.863988 0.177539 21.886337
v 0.631657 0.650617 27.297491
v 0.881657 0.650617 27.297491
v 0.808481 -0.443851 29.869070
v 0.631657 0.424040 27.191835
v 0.523381 -0.702238 29.748583
v 0.808481 -0.702238 29.748583
v 0.631657 0.650617 27.297491
v 0.523381 -0.443851 29.869070
v 0.523381 -0.702238 29.748583
v 1.159837 1.287423 16.126244
v 1.409837 1.287423 16.126244
v 1.253625 0.163818 18.147152
v 1.159837 1.287423 16.126244
v 1.053625 0.163818 18.147152
v 1.159837 1.060846 16.020588
v 1.159837 1.287423 16.126244
v 1.053625 0.163818 18.147152
v 1.159837 1.060846 16.020588
v 1.053625 -0.017443 18.062628
v 1.253625 -0.017443 18.062628
v 1.409837 1.060846 16.020588
v 1.253625 -0.017443 18.062628
v 1.253625 0.163818 18.147152
v 0.753578 0.963520 23.856199
v 1.003578 0.963520 23.856199
v 0.908266 0.234637 25.909443
v 0.753578 0.963520 23.856199
v 0.658266 0.234637 25.909443
v 0.658266 0.008060 25.803789
v 0.753578 0.736943 23.750544
v 0.658266 0.008060 25.803789
v 0.908266 0.008060 25.803789
v 0.908266 0.008060 25.803789
v 1.003578 0.736943 23.750544
v 1.003578 0.963520 23.856199
v 1.003578 0.736943 23.750544
v 0.908266 0.008060 25.803789
v 0.870877 1.019992 21.852798
v 1.120877 1.019992 21.852798
v 0.978578 0.163818 23.721441
v 0.870877 1.019992 21.852798
v 0.778578 0.163818 23.721441
v 0.870877 1.019992 21.852798
v 0.778578 0.163818 23.721441
v 0.778578 -0.017443 23.636917
v 0.870877 0.793415 21.747143
v 0.778578 -0.017443 23.636917
v 0.978578 -0.017443 23.636917
v 1.120877 1.019992 21.852798
v 1.120877 0.793415 21.747143
v 0.978578 -0.017443 23.636917
v 0.219596 1.430406 14.478852
v 1.620066 1.617002 11.370039
v 1.620066 1.367002 11.370039
v 1.620066 1.367002 11.370039
v 0.219596 1.180406 14.478852
v 1.620066 1.367002 11.370039
v 1.393489 1.367002 11.264384
v -0.006981 1.180406 14.373198
v -0.006981 1.430406 14.373198
v 1.393489 1.617002 11.264384
v 1.620066 1.617002 11.370039
v 0.163818 1.592002 11.345632
v 1.787674 1.833569 8.192148
v 1.787674 1.583569 8.192148
v 1.787674 1.583569 8.192148
v 0.163818 1.392002 11.345632
v 0.163818 1.392002 11.345632
v 1.787674 1.583569 8.192148
v 1.561097 1.583569 8.086493
v 1.561097 1.833569 8.086493
v 1.787674 1.833569 8.192148
v 0.163818 1.592002 11.345632
v 0.143787 1.801805 8.110558
v 2.027263 2.060468 4.526365
v 2.027263 1.810468 4.526365
v 2.027263 1.810468 4.526365
v 0.143787 1.601805 8.110558
v 1.800686 2.060468 4.420709
v 2.027263 2.060468 4.526365
v 0.143787 1.801805 8.110558
v 0.143787 1.601805 8.110558
v 2.027263 1.810468 4.526365
v 1.800686 1.810468 4.420709
v 1.062929 1.435332 14.537892
v 1.289506 1.435332 14.643548
v 0.158908 1.400986 16.096340
v 0.158908 1.117802 16.096340
v 1.289506 1.185332 14.643548
v 1.062929 1.185332 14.537892
v 0.999844 0.942213 20.009066
v 0.999844 1.192213 20.009066
v -0.098499 1.168562 21.757620
v 0.999844 1.192213 20.009066
v 1.226421 1.192213 20.114721
v 0.177538 1.168562 21.886337
v 0.177539 0.863988 21.886337
v 1.226421 0.942213 20.114721
v 0.999844 0.942213 20.009066
v -0.443851 0.808481 29.869070
v 0.650617 0.881657 27.297491
v 0.650617 0.631657 27.297491
v 0.424040 0.631657 27.191835
v 0.424040 0.881657 27.191835
v -0.702239 0.808481 29.748583
v 0.650617 0.631657 27.297491
v 0.424040 0.631657 27.191835
v -0.702239 0.523381 29.748583
v 0.163818 1.253625 18.147152
v 1.287423 1.409837 16.126244
v 1.287423 1.159837 16.126244
v 1.287423 1.159837 16.126244
v 0.163818 1.053625 18.147152
v 0.163818 1.053625 18.147152
v 1.287423 1.159837 16.126244
v 1.060846 1.159837 16.020588
v 1.060846 1.159837 16.020588
v 1.060846 1.409837 16.020588
v -0.017444 1.253625 18.062628
v 1.060846 1.409837 16.020588
v 1.287423 1.409837 16.126244
v 0.163818 1.253625 18.147152
v 0.234637 0.908266 25.909443
v 0.963520 1.003578 23.856199
v 0.963520 0.753578 23.856199
v 0.963520 0.753578 23.856199
v 0.736943 0.753578 23.750544
v 0.008060 0.658266 25.803789
v 0.736943 0.753578 23.750544
v 0.736943 1.003578 23.750544
v 0.008060 0.908266 25.803789
v 0.008060 0.908266 25.803789
v 0.008060 0.658266 25.803789
v 0.008060 0.908266 25.803789
v 0.736943 1.003578 23.750544
v 0.963520 1.003578 23.856199
v 0.163818 0.978578 23.721441
v 1.019992 1.120877 21.852798
v 1.019992 0.870877 21.852798
v 1.019992 0.870877 21.852798
v 0.163818 0.778578 23.721441
v 1.019992 0.870877 21.852798
v 0.793414 0.870877 21.747143
v -0.017443 0.778578 23.636917
v 0.793414 0.870877 21.747143
v 0.793414 1.120877 21.747143
v -0.017443 0.978578 23.636917
v -0.017443 0.978578 23.636917
v 0.793414 1.120877 21.747143
v 1.019992 1.120877 21.852798
v -1.620066 1.367002 11.370039
v -1.620066 1.617002 11.370039
v -0.219596 1.430406 14.478852
v -1.620066 1.367002 11.370039
v -0.219596 1.180406 14.478852
v -1.620066 1.367002 11.370039
v -0.219596 1.180406 14.478852
v 0.006981 1.180406 14.373198
v -1.620066 1.617002 11.370039
v -1.393489 1.617002 11.264384
v 0.006981 1.430406 14.373198
v -1.787675 1.583569 8.192148
v -1.787675 1.833569 8.192148
v -0.163818 1.592002 11.345632
v -1.787675 1.583569 8.192148
v -0.163818 1.392002 11.345632
v -1.561098 1.583569 8.086493
v -1.787675 1.583569 8.192148
v -0.163818 1.392002 11.345632
v -1.561098 1.833569 8.086493
v 0.017443 1.592002 11.261108
v -0.163818 1.592002 11.345632
v -2.027263 1.810467 4.526365
v -2.027263 2.060467 4.526365
v -0.143787 1.801805 8.110558
v -2.027263 1.810467 4.526365
v -0.143787 1.601805 8.110558
v -1.800686 2.060467 4.420709
v 0.037474 1.801805 8.026033
v -0.143787 1.801805 8.110558
v -1.800686 1.810467 4.420709
v -2.027263 1.810467 4.526365
v -0.143787 1.601805 8.110558
v -1.062929 1.435332 14.537892
v 0.097744 1.400986 15.976662
v -0.158908 1.400986 16.096340
v -1.062929 1.185332 14.537892
v -1.289506 1.185332 14.643548
v -0.158908 1.117802 16.096340
v -0.999845 0.942213 20.009066
v 0.098498 0.863988 21.757620
v 0.098498 1.168562 21.757620
v -0.999845 1.192213 20.009066
v 0.098498 1.168562 21.757620
v -0.177539 1.168562 21.886337
v -0.999845 0.942213 20.009066
v -1.226422 0.942213 20.114721
v -0.177539 0.863988 21.886337
v -0.650617 0.631657 27.297491
v -0.650617 0.881657 27.297491
v 0.443851 0.808481 29.869070
v -0.424040 0.631657 27.191835
v 0.702238 0.523381 29.748583
v 0.702238 0.808481 29.748583
v -0.650617 0.631657 27.297491
v 0.443851 0.523381 29.869070
v 0.702238 0.523381 29.748583
v -1.287423 1.159837 16.126244
v -1.287423 1.409837 16.126244
v -0.163818 1.253625 18.147152
v -1.287423 1.159837 16.126244
v -0.163818 1.053625 18.147152
v -1.060846 1.159837 16.020588
v -1.287423 1.159837 16.126244
v -0.163818 1.053625 18.147152
v -1.060846 1.159837 16.020588
v 0.017443 1.053625 18.062628
v 0.017443 1.253625 18.062628
v -1.060846 1.409837 16.020588
v 0.017443 1.253625 18.062628
v -0.163818 1.253625 18.147152
v -0.963520 0.753578 23.856199
v -0.963520 1.003578 23.856199
v -0.234637 0.908266 25.909443
v -0.963520 0.753578 23.856199
v -0.234637 0.658266 25.909443
v -0.008060 0.658266 25.803789
v -0.736943 0.753578 23.750544
v -0.008060 0.658266 25.803789
v -0.008060 0.908266 25.803789
v -0.008060 0.908266 25.803789
v -0.736943 1.003578 23.750544
v -0.963520 1.003578 23.856199
v -0.736943 1.003578 23.750544
v -0.008060 0.908266 25.803789
v -1.019992 0.870877 21.852798
v -1.019992 1.120877 21.852798
v -0.163818 0.978578 23.721441
v -1.019992 0.870877 21.852798
v -0.163818 0.778578 23.721441
v -1.019992 0.870877 21.852798
v -0.163818 0.778578 23.721441
v 0.017443 0.778578 23.636917
v -0.793415 0.870877 21.747143
v 0.017443 0.778578 23.636917
v 0.017443 0.978578 23.636917
v -1.019992 1.120877 21.852798
v -0.793415 1.120877 21.747143
v 0.017443 0.978578 23.636917
v -1.430406 0.219596 14.478852
v -1.617002 1.620066 11.370039
v -1.367002 1.620066 11.370039
v -1.367002 1.620066 11.370039
v -1.180406 0.219596 14.478852
v -1.367002 1.620066 11.370039
v -1.367002 1.393489 11.264384
v -1.180406 -0.006981 14.373198
v -1.430406 -0.006981 14.373198
v -1.617002 1.393489 11.264384
v -1.617002 1.620066 11.370039
v -1.592002 0.163818 11.345632
v -1.833569 1.787674 8.192148
v -1.583569 1.787674 8.192148
v -1.583569 1.787674 8.192148
v -1.392002 0.163818 11.345632
v -1.392002 0.163818 11.345632
v -1.583569 1.787674 8.192148
v -1.583569 1.561097 8.086493
v -1.833569 1.561097 8.086493
v -1.833569 1.787674 8.192148
v -1.592002 0.163818 11.345632
v -1.801805 0.143787 8.110558
v -2.060468 2.027263 4.526365
v -1.810468 2.027263 4.526365
v -1.810468 2.027263 4.526365
v -1.601805 0.143787 8.110558
v -2.060468 1.800686 4.420709
v -2.060468 2.027263 4.526365
v -1.801805 0.143787 8.110558
v -1.601805 0.143787 8.110558
v -1.810468 2.027263 4.526365
v -1.810468 1.800686 4.420709
v -1.435332 1.062929 14.537892
v -1.435332 1.289506 14.643548
v -1.400986 0.158908 16.096340
v -1.117802 0.158908 16.096340
v -1.185332 1.289506 14.643548
v -1.185332 1.062929 14.537892
v -0.942213 0.999844 20.009066
v -1.192213 0.999844 20.009066
v -1.168562 -0.098499 21.757620
v -1.192213 0.999844 20.009066
v -1.192213 1.226421 20.114721
v -1.168562 0.177538 21.886337
v -0.863988 0.177538 21.886337
v -0.942213 1.226421 20.114721
v -0.942213 0.999844 20.009066
v -0.808481 -0.443851 29.869070
v -0.881657 0.650617 27.297491
v -0.631657 0.650617 27.297491
v -0.631657 0.424040 27.191835
v -0.881657 0.424040 27.191835
v -0.808481 -0.702239 29.748583
v -0.631657 0.650617 27.297491
v -0.631657 0.424040 27.191835
v -0.523381 -0.702239 29.748583
v -1.253625 0.163818 18.147152
v -1.409837 1.287423 16.126244
v -1.159837 1.287423 16.126244
v -1.159837 1.287423 16.126244
v -1.053625 0.163818 18.147152
v -1.053625 0.163818 18.147152
v -1.159837 1.287423 16.126244
v -1.159837 1.060846 16.020588
v -1.159837 1.060846 16.020588
v -1.409837 1.060846 16.020588
v -1.253625 -0.017444 18.062628
v -1.409837 1.060846 16.020588
v -1.409837 1.287423 16.126244
v -1.253625 0.163818 18.147152
v -0.908266 0.234637 25.909443
v -1.003578 0.963520 23.856199
v -0.753578 0.963520 23.856199
v -0.753578 0.963520 23.856199
v -0.753578 0.736943 23.750544
v -0.658266 0.008060 25.803789
v -0.753578 0.736943 23.750544
v -1.003578 0.736943 23.750544
v -0.908266 0.008060 25.803789
v -0.908266 0.008060 25.803789
v -0.658266 0.008060 25.803789
v -0.908266 0.008060 25.803789
v -1.003578 0.736943 23.750544
v -1.003578 0.963520 23.856199
v -0.978578 0.163818 23.721441
v -1.120877 1.019992 21.852798
v -0.870877 1.019992 21.852798
v -0.870877 1.019992 21.852798
v -0.778578 0.163818 23.721441
v -0.870877 1.019992 21.852798
v -0.870877 0.793414 21.747143
v -0.778578 -0.017444 23.636917
v -0.870877 0.793414 21.747143
v -1.120877 0.793414 21.747143
v -0.978578 -0.017444 23.636917
v -0.978578 -0.017444 23.636917
v -1.120877 0.793414 21.747143
v -1.120877 1.019992 21.852798
v -1.367002 -1.620067 11.370039
v -1.617002 -1.620067 11.370039
v -1.430406 -0.219596 14.478852
v -1.367002 -1.620067 11.370039
v -1.180406 -0.219596 14.478852
v -1.367002 -1.620067 11.370039
v -1.180406 -0.219596 14.478852
v -1.180406 0.006981 14.373198
v -1.617002 -1.620067 11.370039
v -1.617002 -1.393489 11.264384
v -1.430406 0.006981 14.373198
v -1.506500 -1.124000 14.682499
v -4.506500 -0.706500 14.807499
v -4.506500 -0.362250 14.807499
v -4.506500 0.336750 14.807499
v -4.888999 -0.362250 15.007499
v -4.888999 0.336750 15.007499
v -4.506500 0.681000 14.807499
v -1.506500 1.123500 14.682499
v -1.506500 1.506000 14.682499
v -1.124000 1.123500 14.682499
v -1.124000 -1.124000 14.682499
v 1.123500 -1.124000 14.682499
v 1.123500 -1.506500 14.682499
v 1.123500 1.506000 14.682499
v -1.124000 1.506000 14.682499
v 1.123500 1.123500 14.682499
v 1.506000 -1.124000 14.682499
v 1.506000 1.123500 14.682499
v 4.506000 -0.706500 14.807499
v 1.506000 -1.506500 14.682499
v 4.506000 -0.362250 14.807499
v 1.506000 1.506000 14.682499
v 4.506000 0.681000 14.807499
v 4.506000 0.336750 14.807499
v 4.888500 -0.362250 15.007499
v 4.888500 0.336750 15.007499
v -1.583568 -1.787675 8.192148
v -1.833568 -1.787675 8.192148
v -1.592002 -0.163818 11.345632
v -1.583568 -1.787675 8.192148
v -1.392002 -0.163818 11.345632
v -1.583568 -1.561098 8.086493
v -1.583568 -1.787675 8.192148
v -1.392002 -0.163818 11.345632
v -1.833568 -1.561098 8.086493
v -1.592002 0.017443 11.261108
v -1.592002 -0.163818 11.345632
v 0.931000 -0.931500 27.305000
v 0.548500 -0.931500 27.305000
v 0.473500 -0.856500 29.599999
v -1.810467 -2.027263 4.526365
v -2.060467 -2.027263 4.526365
v -1.801805 -0.143787 8.110558
v -1.810467 -2.027263 4.526365
v -1.601805 -0.143787 8.110558
v -2.060467 -1.800686 4.420709
v -1.801805 0.037474 8.026033
v -1.801805 -0.143787 8.110558
v -1.810467 -1.800686 4.420709
v -1.810467 -2.027263 4.526365
v -1.601805 -0.143787 8.110558
v -1.435332 -1.062929 14.537892
v -1.400986 0.097744 15.976662
v -1.400986 -0.158908 16.096340
v -1.185332 -1.062929 14.537892
v -1.185332 -1.289506 14.643548
v -1.117802 -0.158908 16.096340
v -0.942213 -0.999845 20.009066
v -0.863988 0.098498 21.757620
v -1.168562 0.098498 21.757620
v -1.192213 -0.999845 20.009066
v -1.168562 0.098498 21.757620
v -1.168562 -0.177539 21.886337
v -0.942213 -0.999845 20.009066
v -0.942213 -1.226422 20.114721
v -0.863988 -0.177539 21.886337
v -0.631657 -0.650617 27.297491
v -0.881657 -0.650617 27.297491
v -0.808481 0.443851 29.869070
v -0.631657 -0.424040 27.191835
v -0.523381 0.702238 29.748583
v -0.808481 0.702238 29.748583
v -0.631657 -0.650617 27.297491
v -0.523381 0.443851 29.869070
v -0.523381 0.702238 29.748583
v -1.159837 -1.287423 16.126244
v -1.409837 -1.287424 16.126244
v -1.253625 -0.163818 18.147152
v -1.159837 -1.287423 16.126244
v -1.053625 -0.163818 18.147152
v -1.159837 -1.060846 16.020588
v -1.159837 -1.287423 16.126244
v -1.053625 -0.163818 18.147152
v -1.159837 -1.060846 16.020588
v -1.053625 0.017443 18.062628
v -1.253625 0.017443 18.062628
v -1.409837 -1.060847 16.020588
v -1.253625 0.017443 18.062628
v -1.253625 -0.163818 18.147152
v -0.753578 -0.963521 23.856199
v -1.003578 -0.963521 23.856199
v -0.908266 -0.234637 25.909443
v -0.753578 -0.963521 23.856199
v -0.658266 -0.234637 25.909443
v -0.658266 -0.008060 25.803789
v -0.753578 -0.736943 23.750544
v -0.658266 -0.008060 25.803789
v -0.908266 -0.008060 25.803789
v -0.908266 -0.008060 25.803789
v -1.003578 -0.736943 23.750544
v -1.003578 -0.963521 23.856199
v -1.003578 -0.736943 23.750544
v -0.908266 -0.008060 25.803789
v -0.870877 -1.019992 21.852798
v -1.120877 -1.019992 21.852798
v -0.978578 -0.163818 23.721441
v -0.870877 -1.019992 21.852798
v -0.778578 -0.163818 23.721441
v -0.870877 -1.019992 21.852798
v -0.778578 -0.163818 23.721441
v -0.778578 0.017443 23.636917
v -0.870877 -0.793415 21.747143
v -0.778578 0.017443 23.636917
v -0.978578 0.017443 23.636917
v -1.120877 -1.019992 21.852798
v -1.120877 -0.793415 21.747143
v -0.978578 0.017443 23.636917
v -3.234259 -0.934954 21.287502
v -2.809702 -1.034239 20.266724
v -2.809702 -0.784239 20.266724
v -2.809702 -0.784239 20.266724
v -2.578871 -0.784239 20.362730
v -3.003428 -0.684954 21.383507
v -2.578871 -0.784239 20.362730
v -2.578871 -1.034239 20.362730
v -3.003428 -0.934954 21.383507
v -3.003428 -0.934954 21.383507
v -2.578871 -1.034239 20.362730
v -2.809702 -1.034239 20.266724
v -2.491621 -0.939193 14.557758
v -2.260791 -0.996748 14.653765
v -2.685347 -0.844248 15.674542
v -2.685347 -1.094248 15.674542
v -2.260791 -1.246748 14.653765
v -2.491621 -1.189193 14.557758
v -2.299201 -0.747243 26.840122
v -1.874645 -0.837780 25.936148
v -1.874645 -0.587780 25.936148
v -1.874645 -0.587780 25.936148
v -1.643814 -0.611975 26.032154
v -2.068370 -0.515210 26.936127
v -1.643814 -0.611975 26.032154
v -1.643814 -0.861975 26.032154
v -2.068370 -0.765210 26.936127
v -2.068370 -0.765210 26.936127
v -2.068370 -0.515210 26.936127
v -2.068370 -0.765210 26.936127
v -1.643814 -0.861975 26.032154
v -1.874645 -0.837780 25.936148
v 2.809702 -0.784239 20.266724
v 2.809702 -1.034239 20.266724
v 3.234259 -0.934954 21.287502
v 2.809702 -0.784239 20.266724
v 3.234259 -0.684954 21.287502
v 3.003428 -0.684954 21.383507
v 2.578871 -0.784239 20.362730
v 3.003428 -0.684954 21.383507
v 3.003428 -0.934954 21.383507
v 2.809702 -1.034239 20.266724
v 2.578871 -1.034239 20.362730
v 3.003428 -0.934954 21.383507
v 2.491621 -0.939193 14.557758
v 2.916178 -0.797518 15.578537
v 2.685347 -0.844248 15.674542
v 2.491621 -1.189193 14.557758
v 2.260791 -1.246748 14.653765
v 2.685347 -1.094248 15.674542
v 1.874645 -0.587780 25.936148
v 1.874645 -0.837780 25.936148
v 2.299201 -0.747243 26.840122
v 1.874645 -0.587780 25.936148
v 2.299201 -0.497243 26.840122
v 2.068370 -0.515210 26.936127
v 1.643814 -0.611975 26.032154
v 2.068370 -0.515210 26.936127
v 2.068370 -0.765210 26.936127
v 2.068370 -0.765210 26.936127
v 1.643814 -0.861975 26.032154
v 1.874645 -0.837780 25.936148
v 1.643814 -0.861975 26.032154
v 2.068370 -0.765210 26.936127
v -2.809702 0.784239 20.266724
v -2.809702 1.034239 20.266724
v -3.234259 0.934954 21.287502
v -2.809702 0.784239 20.266724
v -3.234259 0.684954 21.287502
v -3.003428 0.684954 21.383507
v -2.578871 0.784239 20.362730
v -3.003428 0.684954 21.383507
v -3.003428 0.934954 21.383507
v -2.809702 1.034239 20.266724
v -2.578871 1.034239 20.362730
v -3.003428 0.934954 21.383507
v -2.491621 0.939193 14.557758
v -2.916178 0.797518 15.578537
v -2.685347 0.844248 15.674542
v -2.491621 1.189193 14.557758
v -2.260791 1.246748 14.653765
v -2.685347 1.094248 15.674542
v -1.874645 0.587780 25.936148
v -1.874645 0.837780 25.936148
v -2.299201 0.747243 26.840122
v -1.874645 0.587780 25.936148
v -2.299201 0.497243 26.840122
v -2.068370 0.515210 26.936127
v -1.643814 0.611975 26.032154
v -2.068370 0.515210 26.936127
v -2.068370 0.765210 26.936127
v -2.068370 0.765210 26.936127
v -1.643814 0.861975 26.032154
v -1.874645 0.837780 25.936148
v -1.643814 0.861975 26.032154
v -2.068370 0.765210 26.936127
v 3.234259 0.934954 21.287502
v 2.809702 1.034239 20.266724
v 2.809702 0.784239 20.266724
v 2.809702 0.784239 20.266724
v 2.578871 0.784239 20.362730
v 3.003428 0.684954 21.383507
v 2.578871 0.784239 20.362730
v 2.578871 1.034239 20.362730
v 3.003428 0.934954 21.383507
v 3.003428 0.934954 21.383507
v 2.578871 1.034239 20.362730
v 2.809702 1.034239 20.266724
v 2.491621 0.939193 14.557758
v 2.260791 0.996748 14.653765
v 2.685347 0.844248 15.674542
v 2.685347 1.094248 15.674542
v 2.260791 1.246748 14.653765
v 2.491621 1.189193 14.557758
v 2.299201 0.747243 26.840122
v 1.874645 0.837780 25.936148
v 1.874645 0.587780 25.936148
v 1.874645 0.587780 25.936148
v 1.643814 0.611975 26.032154
v 2.068370 0.515210 26.936127
v 1.643814 0.611975 26.032154
v 1.643814 0.861975 26.032154
v 2.068370 0.765210 26.936127
v 2.068370 0.765210 26.936127
v 2.068370 0.515210 26.936127
v 2.068370 0.765210 26.936127
v 1.643814 0.861975 26.032154
v 1.874645 0.837780 25.936148
v -0.874000 1.256000 20.037499
v -1.074000 1.073500 16.212500
v -0.874000 0.873500 20.037499
v 1.123500 -1.124000 14.299999
v -1.124000 -1.506500 14.299999
v 1.123500 -1.506500 14.299999
v 1.506000 -1.124000 14.299999
v 1.506000 1.123500 14.299999
v 1.123500 1.123500 14.299999
v 1.123500 1.506000 14.299999
v -1.124000 1.506000 14.299999
v -1.124000 1.123500 14.299999
v 1.506000 -1.506500 14.299999
v 4.506000 -0.706500 14.424999
v 4.506000 -0.362250 14.424999
v 4.888500 -0.706500 14.424999
v 4.506000 0.336750 14.424999
v 4.888500 0.681000 14.424999
v 4.506000 0.681000 14.424999
v 1.506000 1.506000 14.299999
v -1.506500 1.123500 14.299999
v -1.506500 -1.124000 14.299999
v -4.506500 0.681000 14.424999
v -1.506500 1.506000 14.299999
v -4.506500 0.336750 14.424999
v -4.888999 0.681000 14.424999
v -4.506500 -0.362250 14.424999
v -4.888999 -0.706500 14.424999
v -4.506500 -0.706500 14.424999
v -1.506500 -1.506500 14.299999
v -1.124000 -1.124000 14.682499
v 1.123500 -1.506500 14.682499
v -1.124000 -1.506500 14.682499
v -1.506500 1.123500 14.682499
v -1.506500 -1.124000 14.682499
v -1.506500 -1.506500 14.299999
v -2.456500 -2.074000 -1.000000
v -1.506500 -1.124000 14.299999
v -1.124000 -1.506500 14.299999
v -2.074000 -2.074000 -1.000000
v -2.074000 -2.456500 -1.000000
v -1.620066 -1.367002 11.370039
v 0.006981 -1.180406 14.373198
v -0.219596 -1.180406 14.478852
v 0.006981 -1.430406 14.373198
v -1.620066 -1.617002 11.370039
v -0.219596 -1.430406 14.478852
v -0.163818 -1.392002 11.345632
v -1.561098 -1.583569 8.086493
v 0.017443 -1.392002 11.261108
v -1.561098 -1.833569 8.086493
v -0.163818 -1.592002 11.345632
v 0.017443 -1.592002 11.261108
v -1.800686 -2.060467 4.420709
v -0.143787 -1.801805 8.110558
v 0.037474 -1.801805 8.026033
v -0.143787 -1.601805 8.110558
v -1.800686 -1.810467 4.420709
v 0.037474 -1.601805 8.026033
v -1.062929 -1.435332 14.537892
v -0.158908 -1.400986 16.096340
v 0.097744 -1.400986 15.976662
v -0.158908 -1.117802 16.096340
v -1.062929 -1.185332 14.537892
v 0.097744 -1.117802 15.976662
v -0.999844 -0.942213 20.009066
v 0.098499 -1.168562 21.757620
v 0.098499 -0.863988 21.757620
v -0.999844 -1.192213 20.009066
v -0.177539 -1.168562 21.886337
v 0.098499 -1.168562 21.757620
v -0.177539 -0.863988 21.886337
v -0.999844 -0.942213 20.009066
v 0.098499 -0.863988 21.757620
v 0.443851 -0.808481 29.869070
v -0.650617 -0.631657 27.297491
v 0.443851 -0.523381 29.869070
v -0.424040 -0.631657 27.191835
v 0.702238 -0.808481 29.748583
v 0.702238 -0.523381 29.748583
v -0.650617 -0.631657 27.297491
v 0.702238 -0.523381 29.748583
v 0.443851 -0.523381 29.869070
v -0.163818 -1.053625 18.147152
v -1.060846 -1.159837 16.020588
v 0.017443 -1.053625 18.062628
v -1.060846 -1.159837 16.020588
v 0.017443 -1.253625 18.062628
v 0.017443 -1.053625 18.062628
v -1.060846 -1.409837 16.020588
v -0.163818 -1.253625 18.147152
v 0.017443 -1.253625 18.062628
v -0.234637 -0.908266 25.909443
v -0.963520 -0.753578 23.856199
v -0.234637 -0.658266 25.909443
v -0.963520 -0.753578 23.856199
v -0.008060 -0.658266 25.803789
v -0.234637 -0.658266 25.909443
v -0.008060 -0.908266 25.803789
v -0.963520 -1.003578 23.856199
v -0.234637 -0.908266 25.909443
v -1.019992 -0.870877 21.852798
v 0.017443 -0.778578 23.636917
v -0.163818 -0.778578 23.721441
v -0.793415 -0.870877 21.747143
v 0.017443 -0.978578 23.636917
v 0.017443 -0.778578 23.636917
v 0.017443 -0.978578 23.636917
v -1.019992 -1.120877 21.852798
v -0.163818 -0.978578 23.721441
v 1.620066 -1.367002 11.370039
v -0.006981 -1.180406 14.373198
v 1.393489 -1.367002 11.264384
v 1.620066 -1.617002 11.370039
v -0.006981 -1.430406 14.373198
v 0.219596 -1.430406 14.478852
v 1.561098 -1.583569 8.086493
v 0.163818 -1.392002 11.345632
v -0.017443 -1.392002 11.261108
v 1.561098 -1.833569 8.086493
v 0.163818 -1.592002 11.345632
v 1.787675 -1.833569 8.192148
v 1.800686 -2.060467 4.420709
v 0.143787 -1.801805 8.110558
v 2.027263 -2.060467 4.526365
v 1.800686 -1.810467 4.420709
v 0.143787 -1.601805 8.110558
v -0.037474 -1.601805 8.026033
v 1.062929 -1.435332 14.537892
v 0.158908 -1.400986 16.096340
v 1.289506 -1.435332 14.643548
v 1.062929 -1.185332 14.537892
v 0.158908 -1.117802 16.096340
v -0.097744 -1.117802 15.976662
v 0.999844 -0.942213 20.009066
v -0.098499 -1.168562 21.757620
v 0.999844 -1.192213 20.009066
v 0.999844 -1.192213 20.009066
v 0.177539 -1.168562 21.886337
v 1.226422 -1.192213 20.114721
v 0.999844 -0.942213 20.009066
v 0.177539 -0.863988 21.886337
v -0.098499 -0.863988 21.757620
v 0.650617 -0.631657 27.297491
v -0.443851 -0.808481 29.869070
v -0.443851 -0.523381 29.869070
v 0.424040 -0.631657 27.191835
v -0.702238 -0.808481 29.748583
v 0.424040 -0.881657 27.191835
v 0.650617 -0.631657 27.297491
v -0.702238 -0.523381 29.748583
v 0.424040 -0.631657 27.191835
v 1.060846 -1.159837 16.020588
v 0.163818 -1.053625 18.147152
v -0.017443 -1.053625 18.062628
v 1.060846 -1.159837 16.020588
v -0.017443 -1.253625 18.062628
v 1.060846 -1.409837 16.020588
v 1.060846 -1.409837 16.020588
v 0.163818 -1.253625 18.147152
v 1.287423 -1.409837 16.126244
v 0.963520 -0.753578 23.856199
v 0.234637 -0.908266 25.909443
v 0.234637 -0.658266 25.909443
v 0.963520 -0.753578 23.856199
v 0.008060 -0.658266 25.803789
v 0.736943 -0.753578 23.750544
v 0.963520 -1.003578 23.856199
v 0.008060 -0.908266 25.803789
v 0.234637 -0.908266 25.909443
v 1.019992 -0.870877 21.852798
v -0.017443 -0.778578 23.636917
v 0.793415 -0.870877 21.747143
v 0.793415 -0.870877 21.747143
v -0.017443 -0.978578 23.636917
v 0.793415 -1.120877 21.747143
v 1.019992 -1.120877 21.852798
v -0.017443 -0.978578 23.636917
v 0.163818 -0.978578 23.721441
v 1.367002 -1.620066 11.370039
v 1.180406 0.006981 14.373198
v 1.180406 -0.219596 14.478852
v 1.430406 0.006981 14.373198
v 1.617002 -1.620066 11.370039
v 1.430406 -0.219596 14.478852
v 1.392002 -0.163818 11.345632
v 1.583569 -1.561097 8.086493
v 1.392002 0.017443 11.261108
v 1.833569 -1.561097 8.086493
v 1.592002 -0.163818 11.345632
v 1.592002 0.017443 11.261108
v 2.060467 -1.800686 4.420709
v 1.801805 -0.143787 8.110558
v 1.801805 0.037475 8.026033
v 1.601805 -0.143787 8.110558
v 1.810468 -1.800686 4.420709
v 1.601805 0.037475 8.026033
v 1.435332 -1.062929 14.537892
v 1.400986 -0.158908 16.096340
v 1.400986 0.097744 15.976662
v 1.117802 -0.158908 16.096340
v 1.185332 -1.062929 14.537892
v 1.117802 0.097744 15.976662
v 0.942213 -0.999844 20.009066
v 1.168562 0.098499 21.757620
v 0.863988 0.098499 21.757620
v 1.192213 -0.999844 20.009066
v 1.168562 -0.177539 21.886337
v 1.168562 0.098499 21.757620
v 0.863988 -0.177539 21.886337
v 0.942213 -0.999844 20.009066
v 0.863988 0.098499 21.757620
v 0.808481 0.443851 29.869070
v 0.631657 -0.650617 27.297491
v 0.523381 0.443851 29.869070
v 0.631657 -0.424040 27.191835
v 0.808481 0.702239 29.748583
v 0.523381 0.702238 29.748583
v 0.631657 -0.650617 27.297491
v 0.523381 0.702238 29.748583
v 0.523381 0.443851 29.869070
v 1.053625 -0.163818 18.147152
v 1.159837 -1.060846 16.020588
v 1.053625 0.017443 18.062628
v 1.159837 -1.060846 16.020588
v 1.253625 0.017443 18.062628
v 1.053625 0.017443 18.062628
v 1.409837 -1.060846 16.020588
v 1.253625 -0.163818 18.147152
v 1.253625 0.017443 18.062628
v 0.908266 -0.234637 25.909443
v 0.753578 -0.963520 23.856199
v 0.658266 -0.234637 25.909443
v 0.753578 -0.963520 23.856199
v 0.658266 -0.008060 25.803789
v 0.658266 -0.234637 25.909443
v 0.908266 -0.008060 25.803789
v 1.003578 -0.963520 23.856199
v 0.908266 -0.234637 25.909443
v 0.870877 -1.019992 21.852798
v 0.778578 0.017443 23.636917
v 0.778578 -0.163818 23.721441
v 0.870877 -0.793414 21.747143
v 0.978578 0.017443 23.636917
v 0.778578 0.017443 23.636917
v 0.978578 0.017443 23.636917
v 1.120877 -1.019992 21.852798
v 0.978578 -0.163818 23.721441
v 1.367002 1.620066 11.370039
v 1.180406 -0.006981 14.373198
v 1.367002 1.393489 11.264384
v 1.617002 1.620066 11.370039
v 1.430406 -0.006981 14.373198
v 1.430406 0.219596 14.478852
v 1.583569 1.561098 8.086493
v 1.392002 0.163818 11.345632
v 1.392002 -0.017443 11.261108
v 1.833569 1.561098 8.086493
v 1.592002 0.163818 11.345632
v 1.833569 1.787675 8.192148
v 2.060467 1.800686 4.420709
v 1.801805 0.143787 8.110558
v 2.060467 2.027263 4.526365
v 1.810467 1.800686 4.420709
v 1.601805 0.143787 8.110558
v 1.601805 -0.037474 8.026033
v 1.435332 1.062929 14.537892
v 1.400986 0.158908 16.096340
v 1.435332 1.289506 14.643548
v 1.185332 1.062929 14.537892
v 1.117802 0.158908 16.096340
v 1.117802 -0.097744 15.976662
v 0.942213 0.999845 20.009066
v 1.168562 -0.098499 21.757620
v 1.192213 0.999845 20.009066
v 1.192213 0.999845 20.009066
v 1.168562 0.177539 21.886337
v 1.192213 1.226422 20.114721
v 0.942213 0.999845 20.009066
v 0.863988 0.177539 21.886337
v 0.863988 -0.098499 21.757620
v 0.631657 0.650617 27.297491
v 0.808481 -0.443851 29.869070
v 0.523381 -0.443851 29.869070
v 0.631657 0.424040 27.191835
v 0.808481 -0.702238 29.748583
v 0.881657 0.424040 27.191835
v 0.631657 0.650617 27.297491
v 0.523381 -0.702238 29.748583
v 0.631657 0.424040 27.191835
v 1.159837 1.060846 16.020588
v 1.053625 0.163818 18.147152
v 1.053625 -0.017443 18.062628
v 1.159837 1.060846 16.020588
v 1.253625 -0.017443 18.062628
v 1.409837 1.060846 16.020588
v 1.409837 1.060846 16.020588
v 1.253625 0.163818 18.147152
v 1.409837 1.287423 16.126244
v 0.753578 0.963520 23.856199
v 0.908266 0.234637 25.909443
v 0.658266 0.234637 25.909443
v 0.753578 0.963520 23.856199
v 0.658266 0.008060 25.803789
v 0.753578 0.736943 23.750544
v 1.003578 0.963520 23.856199
v 0.908266 0.008060 25.803789
v 0.908266 0.234637 25.909443
v 0.870877 1.019992 21.852798
v 0.778578 -0.017443 23.636917
v 0.870877 0.793415 21.747143
v 0.870877 0.793415 21.747143
v 0.978578 -0.017443 23.636917
v 1.120877 0.793415 21.747143
v 1.120877 1.019992 21.852798
v 0.978578 -0.017443 23.636917
v 0.978578 0.163818 23.721441
v 1.620066 1.367002 11.370039
v -0.006981 1.180406 14.373198
v 0.219596 1.180406 14.478852
v -0.006981 1.430406 14.373198
v 1.620066 1.617002 11.370039
v 0.219596 1.430406 14.478852
v 0.163818 1.392002 11.345632
v 1.561097 1.583569 8.086493
v -0.017444 1.392002 11.261108
v 1.561097 1.833569 8.086493
v 0.163818 1.592002 11.345632
v -0.017444 1.592002 11.261108
v 1.800686 2.060468 4.420709
v 0.143787 1.801805 8.110558
v -0.037475 1.801805 8.026033
v 0.143787 1.601805 8.110558
v 1.800686 1.810468 4.420709
v -0.037475 1.601805 8.026033
v 1.062929 1.435332 14.537892
v 0.158908 1.400986 16.096340
v -0.097744 1.400986 15.976662
v 0.158908 1.117802 16.096340
v 1.062929 1.185332 14.537892
v -0.097744 1.117802 15.976662
v 0.999844 0.942213 20.009066
v -0.098499 1.168562 21.757620
v -0.098499 0.863988 21.757620
v 0.999844 1.192213 20.009066
v 0.177538 1.168562 21.886337
v -0.098499 1.168562 21.757620
v 0.177539 0.863988 21.886337
v 0.999844 0.942213 20.009066
v -0.098499 0.863988 21.757620
v -0.443851 0.808481 29.869070
v 0.650617 0.631657 27.297491
v -0.443851 0.523381 29.869070
v 0.424040 0.631657 27.191835
v -0.702239 0.808481 29.748583
v -0.702239 0.523381 29.748583
v 0.650617 0.631657 27.297491
v -0.702239 0.523381 29.748583
v -0.443851 0.523381 29.869070
v 0.163818 1.053625 18.147152
v 1.060846 1.159837 16.020588
v -0.017443 1.053625 18.062628
v 1.060846 1.159837 16.020588
v -0.017444 1.253625 18.062628
v -0.017443 1.053625 18.062628
v 1.060846 1.409837 16.020588
v 0.163818 1.253625 18.147152
v -0.017444 1.253625 18.062628
v 0.234637 0.908266 25.909443
v 0.963520 0.753578 23.856199
v 0.234637 0.658266 25.909443
v 0.963520 0.753578 23.856199
v 0.008060 0.658266 25.803789
v 0.234637 0.658266 25.909443
v 0.008060 0.908266 25.803789
v 0.963520 1.003578 23.856199
v 0.234637 0.908266 25.909443
v 1.019992 0.870877 21.852798
v -0.017443 0.778578 23.636917
v 0.163818 0.778578 23.721441
v 0.793414 0.870877 21.747143
v -0.017443 0.978578 23.636917
v -0.017443 0.778578 23.636917
v -0.017443 0.978578 23.636917
v 1.019992 1.120877 21.852798
v 0.163818 0.978578 23.721441
v -1.620066 1.367002 11.370039
v 0.006981 1.180406 14.373198
v -1.393489 1.367002 11.264384
v -1.620066 1.617002 11.370039
v 0.006981 1.430406 14.373198
v -0.219596 1.430406 14.478852
v -1.561098 1.583569 8.086493
v -0.163818 1.392002 11.345632
v 0.017443 1.392002 11.261108
v -1.561098 1.833569 8.086493
v -0.163818 1.592002 11.345632
v -1.787675 1.833569 8.192148
v -1.800686 2.060467 4.420709
v -0.143787 1.801805 8.110558
v -2.027263 2.060467 4.526365
v -1.800686 1.810467 4.420709
v -0.143787 1.601805 8.110558
v 0.037474 1.601805 8.026033
v -1.062929 1.435332 14.537892
v -0.158908 1.400986 16.096340
v -1.289506 1.435332 14.643548
v -1.062929 1.185332 14.537892
v -0.158908 1.117802 16.096340
v 0.097744 1.117802 15.976662
v -0.999845 0.942213 20.009066
v 0.098498 1.168562 21.757620
v -0.999845 1.192213 20.009066
v -0.999845 1.192213 20.009066
v -0.177539 1.168562 21.886337
v -1.226422 1.192213 20.114721
v -0.999845 0.942213 20.009066
v -0.177539 0.863988 21.886337
v 0.098498 0.863988 21.757620
v -0.650617 0.631657 27.297491
v 0.443851 0.808481 29.869070
v 0.443851 0.523381 29.869070
v -0.424040 0.631657 27.191835
v 0.702238 0.808481 29.748583
v -0.424040 0.881657 27.191835
v -0.650617 0.631657 27.297491
v 0.702238 0.523381 29.748583
v -0.424040 0.631657 27.191835
v -1.060846 1.159837 16.020588
v -0.163818 1.053625 18.147152
v 0.017443 1.053625 18.062628
v -1.060846 1.159837 16.020588
v 0.017443 1.253625 18.062628
v -1.060846 1.409837 16.020588
v -1.060846 1.409837 16.020588
v -0.163818 1.253625 18.147152
v -1.287423 1.409837 16.126244
v -0.963520 0.753578 23.856199
v -0.234637 0.908266 25.909443
v -0.234637 0.658266 25.909443
v -0.963520 0.753578 23.856199
v -0.008060 0.658266 25.803789
v -0.736943 0.753578 23.750544
v -0.963520 1.003578 23.856199
v -0.008060 0.908266 25.803789
v -0.234637 0.908266 25.909443
v -1.019992 0.870877 21.852798
v 0.017443 0.778578 23.636917
v -0.793415 0.870877 21.747143
v -0.793415 0.870877 21.747143
v 0.017443 0.978578 23.636917
v -0.793415 1.120877 21.747143
v -1.019992 1.120877 21.852798
v 0.017443 0.978578 23.636917
v -0.163818 0.978578 23.721441
v -1.367002 1.620066 11.370039
v -1.180406 -0.006981 14.373198
v -1.180406 0.219596 14.478852
v -1.430406 -0.006981 14.373198
v -1.617002 1.620066 11.370039
v -1.430406 0.219596 14.478852
v -1.392002 0.163818 11.345632
v -1.583569 1.561097 8.086493
v -1.392002 -0.017444 11.261108
v -1.833569 1.561097 8.086493
v -1.592002 0.163818 11.345632
v -1.592002 -0.017444 11.261108
v -2.060468 1.800686 4.420709
v -1.801805 0.143787 8.110558
v -1.801805 -0.037475 8.026033
v -1.601805 0.143787 8.110558
v -1.810468 1.800686 4.420709
v -1.601805 -0.037475 8.026033
v -1.435332 1.062929 14.537892
v -1.400986 0.158908 16.096340
v -1.400986 -0.097744 15.976662
v -1.117802 0.158908 16.096340
v -1.185332 1.062929 14.537892
v -1.117802 -0.097744 15.976662
v -0.942213 0.999844 20.009066
v -1.168562 -0.098499 21.757620
v -0.863988 -0.098499 21.757620
v -1.192213 0.999844 20.009066
v -1.168562 0.177538 21.886337
v -1.168562 -0.098499 21.757620
v -0.863988 0.177538 21.886337
v -0.942213 0.999844 20.009066
v -0.863988 -0.098499 21.757620
v -0.808481 -0.443851 29.869070
v -0.631657 0.650617 27.297491
v -0.523381 -0.443851 29.869070
v -0.631657 0.424040 27.191835
v -0.808481 -0.702239 29.748583
v -0.523381 -0.702239 29.748583
v -0.631657 0.650617 27.297491
v -0.523381 -0.702239 29.748583
v -0.523381 -0.443851 29.869070
v -1.053625 0.163818 18.147152
v -1.159837 1.060846 16.020588
v -1.053625 -0.017444 18.062628
v -1.159837 1.060846 16.020588
v -1.253625 -0.017444 18.062628
v -1.053625 -0.017444 18.062628
v -1.409837 1.060846 16.020588
v -1.253625 0.163818 18.147152
v -1.253625 -0.017444 18.062628
v -0.908266 0.234637 25.909443
v -0.753578 0.963520 23.856199
v -0.658266 0.234637 25.909443
v -0.753578 0.963520 23.856199
v -0.658266 0.008060 25.803789
v -0.658266 0.234637 25.909443
v -0.908266 0.008060 25.803789
v -1.003578 0.963520 23.856199
v -0.908266 0.234637 25.909443
v -0.870877 1.019992 21.852798
v -0.778578 -0.017444 23.636917
v -0.778578 0.163818 23.721441
v -0.870877 0.793414 21.747143
v -0.978578 -0.017444 23.636917
v -0.778578 -0.017444 23.636917
v -0.978578 -0.017444 23.636917
v -1.120877 1.019992 21.852798
v -0.978578 0.163818 23.721441
v -1.367002 -1.620067 11.370039
v -1.180406 0.006981 14.373198
v -1.367002 -1.393489 11.264384
v -1.617002 -1.620067 11.370039
v -1.430406 0.006981 14.373198
v -1.430406 -0.219596 14.478852
v -1.583568 -1.561098 8.086493
v -1.392002 -0.163818 11.345632
v -1.392002 0.017443 11.261108
v -1.833568 -1.561098 8.086493
v -1.592002 -0.163818 11.345632
v -1.833568 -1.787675 8.192148
v -2.060467 -1.800686 4.420709
v -1.801805 -0.143787 8.110558
v -2.060467 -2.027263 4.526365
v -1.810467 -1.800686 4.420709
v -1.601805 -0.143787 8.110558
v -1.601805 0.037474 8.026033
v -1.435332 -1.062929 14.537892
v -1.400986 -0.158908 16.096340
v -1.435332 -1.289506 14.643548
v -1.185332 -1.062929 14.537892
v -1.117802 -0.158908 16.096340
v -1.117802 0.097744 15.976662
v -0.942213 -0.999845 20.009066
v -1.168562 0.098498 21.757620
v -1.192213 -0.999845 20.009066
v -1.192213 -0.999845 20.009066
v -1.168562 -0.177539 21.886337
v -1.192213 -1.226422 20.114721
v -0.942213 -0.999845 20.009066
v -0.863988 -0.177539 21.886337
v -0.863988 0.098498 21.757620
v -0.631657 -0.650617 27.297491
v -0.808481 0.443851 29.869070
v -0.523381 0.443851 29.869070
v -0.631657 -0.424040 27.191835
v -0.808481 0.702238 29.748583
v -0.881657 -0.424040 27.191835
v -0.631657 -0.650617 27.297491
v -0.523381 0.702238 29.748583
v -0.631657 -0.424040 27.191835
v -1.159837 -1.060846 16.020588
v -1.053625 -0.163818 18.147152
v -1.053625 0.017443 18.062628
v -1.159837 -1.060846 16.020588
v -1.253625 0.017443 18.062628
v -1.409837 -1.060847 16.020588
v -1.409837 -1.060847 16.020588
v -1.253625 -0.163818 18.147152
v -1.409837 -1.287424 16.126244
v -0.753578 -0.963521 23.856199
v -0.908266 -0.234637 25.909443
v -0.658266 -0.234637 25.909443
v -0.753578 -0.963521 23.856199
v -0.658266 -0.008060 25.803789
v -0.753578 -0.736943 23.750544
v -1.003578 -0.963521 23.856199
v -0.908266 -0.008060 25.803789
v -0.908266 -0.234637 25.909443
v -0.870877 -1.019992 21.852798
v -0.778578 0.017443 23.636917
v -0.870877 -0.793415 21.747143
v -0.870877 -0.793415 21.747143
v -0.978578 0.017443 23.636917
v -1.120877 -0.793415 21.747143
v -1.120877 -1.019992 21.852798
v -0.978578 0.017443 23.636917
v -0.978578 -0.163818 23.721441
v -3.234259 -0.934954 21.287502
v -2.809702 -0.784239 20.266724
v -3.234259 -0.684954 21.287502
v -2.809702 -0.784239 20.266724
v -3.003428 -0.684954 21.383507
v -3.234259 -0.684954 21.287502
v -2.578871 -0.784239 20.362730
v -3.003428 -0.934954 21.383507
v -3.003428 -0.684954 21.383507
v -3.003428 -0.934954 21.383507
v -2.809702 -1.034239 20.266724
v -3.234259 -0.934954 21.287502
v -2.491621 -0.939193 14.557758
v -2.685347 -0.844248 15.674542
v -2.916178 -0.797518 15.578537
v -2.685347 -1.094248 15.674542
v -2.491621 -1.189193 14.557758
v -2.916178 -1.047518 15.578537
v -2.299201 -0.747243 26.840122
v -1.874645 -0.587780 25.936148
v -2.299201 -0.497243 26.840122
v -1.874645 -0.587780 25.936148
v -2.068370 -0.515210 26.936127
v -2.299201 -0.497243 26.840122
v -2.068370 -0.765210 26.936127
v -1.874645 -0.837780 25.936148
v -2.299201 -0.747243 26.840122
v 2.809702 -0.784239 20.266724
v 3.234259 -0.934954 21.287502
v 3.234259 -0.684954 21.287502
v 2.809702 -0.784239 20.266724
v 3.003428 -0.684954 21.383507
v 2.578871 -0.784239 20.362730
v 2.578871 -0.784239 20.362730
v 3.003428 -0.934954 21.383507
v 2.578871 -1.034239 20.362730
v 2.809702 -1.034239 20.266724
v 3.003428 -0.934954 21.383507
v 3.234259 -0.934954 21.287502
v 2.491621 -0.939193 14.557758
v 2.685347 -0.844248 15.674542
v 2.260791 -0.996748 14.653765
v 2.491621 -1.189193 14.557758
v 2.685347 -1.094248 15.674542
v 2.916178 -1.047518 15.578537
v 1.874645 -0.587780 25.936148
v 2.299201 -0.747243 26.840122
v 2.299201 -0.497243 26.840122
v 1.874645 -0.587780 25.936148
v 2.068370 -0.515210 26.936127
v 1.643814 -0.611975 26.032154
v 1.874645 -0.837780 25.936148
v 2.068370 -0.765210 26.936127
v 2.299201 -0.747243 26.840122
v -2.809702 0.784239 20.266724
v -3.234259 0.934954 21.287502
v -3.234259 0.684954 21.287502
v -2.809702 0.784239 20.266724
v -3.003428 0.684954 21.383507
v -2.578871 0.784239 20.362730
v -2.578871 0.784239 20.362730
v -3.003428 0.934954 21.383507
v -2.578871 1.034239 20.362730
v -2.809702 1.034239 20.266724
v -3.003428 0.934954 21.383507
v -3.234259 0.934954 21.287502
v -2.491621 0.939193 14.557758
v -2.685347 0.844248 15.674542
v -2.260791 0.996748 14.653765
v -2.491621 1.189193 14.557758
v -2.685347 1.094248 15.674542
v -2.916178 1.047518 15.578537
v -1.874645 0.587780 25.936148
v -2.299201 0.747243 26.840122
v -2.299201 0.497243 26.840122
v -1.874645 0.587780 25.936148
v -2.068370 0.515210 26.936127
v -1.643814 0.611975 26.032154
v -1.874645 0.837780 25.936148
v -2.068370 0.765210 26.936127
v -2.299201 0.747243 26.840122
v 3.234259 0.934954 21.287502
v 2.809702 0.784239 20.266724
v 3.234259 0.684954 21.287502
v 2.809702 0.784239 20.266724
v 3.003428 0.684954 21.383507
v 3.234259 0.684954 21.287502
v 2.578871 0.784239 20.362730
v 3.003428 0.934954 21.383507
v 3.003428 0.684954 21.383507
v 3.003428 0.934954 21.383507
v 2.809702 1.034239 20.266724
v 3.234259 0.934954 21.287502
v 2.491621 0.939193 14.557758
v 2.685347 0.844248 15.674542
v 2.916178 0.797518 15.578537
v 2.685347 1.094248 15.674542
v 2.491621 1.189193 14.557758
v 2.916178 1.047518 15.578537
v 2.299201 0.747243 26.840122
v 1.874645 0.587780 25.936148
v 2.299201 0.497243 26.840122
v 1.874645 0.587780 25.936148
v 2.068370 0.515210 26.936127
v 2.299201 0.497243 26.840122
v 2.068370 0.765210 26.936127
v 1.874645 0.837780 25.936148
v 2.299201 0.747243 26.840122
v 1.494387 -1.617002 11.442213
v -1.494387 -1.617002 11.442213
v -1.494387 -1.367002 11.442213
v 1.494387 -1.367002 11.442213
v -1.833569 -1.661996 7.914417
v -1.583569 1.661995 7.914417
v -1.833569 1.661995 7.914417
v -1.583569 -1.661996 7.914417
v 1.617002 1.494387 11.192213
v 1.617002 -1.494387 11.192213
v 1.617002 -1.494387 11.442213
v 1.617002 1.494387 11.442213
v 0.473500 -0.856500 29.599999
v 0.548500 -0.931500 27.305000
v 0.548500 -0.549000 27.305000
v 0.473500 -0.474000 29.599999
v 0.473500 -0.474000 29.982498
v 0.473500 0.473500 29.599999
v 0.473500 0.473500 29.982498
v 0.473500 0.856000 29.599999
v 0.548500 0.548500 27.305000
v 0.548500 0.931000 27.305000
v 0.548500 0.548500 26.922497
v 0.548500 -0.549000 26.922497
v 0.548500 0.931000 26.922497
v 0.573500 0.573500 26.157497
v 0.573500 0.956000 26.157497
v 0.548500 -0.931500 26.922497
v 0.573500 -0.574000 26.157497
v 0.573500 -0.956500 26.157497
v 0.573500 0.573500 25.774998
v 0.573500 -0.574000 25.774998
v 0.573500 0.956000 25.774998
v 0.823500 0.823500 21.949999
v 0.823500 1.206000 21.949999
v 0.573500 -0.956500 25.774998
v 0.823500 -0.824000 21.949999
v 0.823500 -1.206500 21.949999
v 0.823500 0.823500 21.567499
v 0.823500 -0.824000 21.567499
v 0.823500 1.206000 21.567499
v 0.873500 0.873500 20.419998
v 0.873500 1.256000 20.419998
v 0.823500 -1.206500 21.567499
v 0.873500 -0.874000 20.419998
v 0.873500 -1.256500 20.419998
v 0.873500 0.873500 20.037499
v 0.873500 -0.874000 20.037499
v 0.873500 1.256000 20.037499
v 1.073500 1.073500 16.212500
v 1.073500 1.456000 16.212500
v 0.873500 -1.256500 20.037499
v 1.073500 -1.074000 16.212500
v 1.073500 -1.456500 16.212500
v 1.073500 1.073500 15.829998
v 1.073500 -1.074000 15.829998
v 1.073500 1.456000 15.829998
v 1.123500 1.123500 14.682499
v 1.123500 1.506000 14.682499
v 1.073500 -1.456500 15.829998
v 1.123500 -1.124000 14.682499
v 1.123500 -1.506500 14.682499
v 1.123500 1.123500 14.299999
v 1.123500 -1.124000 14.299999
v 1.123500 -1.506500 14.299999
v 2.073500 -2.074000 -1.000000
v 2.073500 -2.456500 -1.000000
v 1.123500 1.506000 14.299999
v 2.073500 2.073500 -1.000000
v 2.073500 2.456000 -1.000000
v 1.003578 0.822661 23.568024
v 0.753578 0.822661 23.568024
v 0.753578 -0.822661 23.568024
v 1.003578 -0.822661 23.568024
v 0.473500 -0.474000 29.599999
v 0.856000 -0.474000 29.599999
v 0.856000 0.473500 29.599999
v 0.473500 0.473500 29.599999
v -0.474000 -0.856500 29.599999
v 0.473500 -0.856500 29.599999
v -0.474000 -0.474000 29.599999
v 0.473500 0.856000 29.599999
v -0.474000 0.856000 29.599999
v -0.474000 0.473500 29.599999
v -0.856500 -0.474000 29.599999
v -0.856500 0.473500 29.599999
v 1.494387 -1.617002 11.192213
v -1.494387 -1.617002 11.192213
v -1.494387 -1.617002 11.442213
v 1.494387 -1.617002 11.442213
v 0.823500 -0.824000 21.567499
v -0.824000 -1.206500 21.567499
v 0.823500 -1.206500 21.567499
v -0.824000 -0.824000 21.567499
v -0.824000 0.823500 21.567499
v -1.206500 -0.824000 21.567499
v -1.206500 0.823500 21.567499
v -1.206500 1.206000 21.567499
v -5.756500 0.681000 20.544998
v -5.756500 0.336750 20.544998
v -5.756500 -0.706500 20.544998
v -1.206500 -1.206500 21.567499
v -5.756500 -0.362250 20.544998
v 0.823500 0.823500 21.567499
v -0.824000 1.206000 21.567499
v 0.823500 1.206000 21.567499
v 1.206000 0.823500 21.567499
v 1.206000 -0.824000 21.567499
v 1.206000 -1.206500 21.567499
v 5.756000 -0.706500 20.544998
v 5.756000 -0.362250 20.544998
v 5.756000 0.336750 20.544998
v 5.756000 0.681000 20.544998
v 1.206000 1.206000 21.567499
v -1.617002 -1.494387 11.192213
v -1.617003 1.494387 11.192213
v -1.617003 1.494387 11.442213
v -1.617002 -1.494387 11.442213
v -1.901584 2.060467 4.498634
v 1.901584 2.060468 4.498634
v 1.901584 1.810468 4.498634
v -1.901584 1.810467 4.498634
v -0.931500 0.931000 26.922497
v -0.956500 0.573500 26.157497
v -0.956500 0.956000 26.157497
v -0.931500 0.548500 26.922497
v -0.956500 0.573500 25.774998
v -0.956500 -0.574000 26.157497
v -0.956500 -0.574000 25.774998
v -0.931500 -0.931500 26.922497
v -0.956500 -0.956500 26.157497
v -0.931500 -0.549000 26.922497
v -0.931500 -0.549000 27.305000
v -0.931500 0.548500 27.305000
v -0.956500 0.956000 25.774998
v -1.206500 0.823500 21.949999
v -1.206500 1.206000 21.949999
v -0.956500 -0.956500 25.774998
v -1.206500 -0.824000 21.949999
v -1.206500 -1.206500 21.949999
v -1.206500 0.823500 21.567499
v -1.206500 -0.824000 21.567499
v -1.206500 1.206000 21.567499
v -1.256500 0.873500 20.419998
v -1.256500 1.256000 20.419998
v -0.931500 0.931000 27.305000
v -0.856500 0.856000 29.599999
v -0.856500 0.473500 29.599999
v -0.856500 0.473500 29.982498
v -0.856500 0.856000 29.982498
v -0.856500 -0.474000 29.982498
v -0.856500 -0.474000 29.599999
v -0.856500 -0.856500 29.599999
v -0.856500 -0.856500 29.982498
v -0.931500 -0.931500 27.305000
v -1.256500 0.873500 20.037499
v -1.256500 -0.874000 20.419998
v -1.256500 -0.874000 20.037499
v -1.206500 -1.206500 21.567499
v -1.256500 -1.256500 20.419998
v -1.256500 1.256000 20.037499
v -1.456500 1.073500 16.212500
v -1.456500 1.456000 16.212500
v -1.256500 -1.256500 20.037499
v -1.456500 -1.074000 16.212500
v -1.456500 -1.456500 16.212500
v -1.456500 1.073500 15.829998
v -1.456500 -1.074000 15.829998
v -1.456500 -1.456500 15.829998
v -1.506500 -1.124000 14.682499
v -1.456500 1.456000 15.829998
v -1.506500 1.123500 14.682499
v -1.506500 1.506000 14.682499
v -1.506500 1.123500 14.299999
v -1.506500 -1.124000 14.299999
v -1.506500 1.506000 14.299999
v -2.456500 2.073500 -1.000000
v -2.456500 2.456000 -1.000000
v -0.574000 -0.574000 26.157497
v 0.573500 -0.956500 26.157497
v -0.574000 -0.956500 26.157497
v 0.573500 -0.574000 26.157497
v 0.956000 -0.574000 26.157497
v 0.573500 0.573500 26.157497
v 0.956000 0.573500 26.157497
v 3.956000 -0.706500 26.282497
v 0.956000 -0.956500 26.157497
v 3.956000 -0.362250 26.282497
v 0.956000 0.956000 26.157497
v 3.956000 0.681000 26.282497
v 3.956000 0.336750 26.282497
v 4.338500 -0.362250 26.532497
v 4.338500 0.336750 26.532497
v 0.573500 0.956000 26.157497
v -0.574000 0.573500 26.157497
v -0.574000 0.956000 26.157497
v -0.956500 0.573500 26.157497
v -0.956500 -0.574000 26.157497
v -3.956500 0.681000 26.282497
v -0.956500 0.956000 26.157497
v -3.956500 0.336750 26.282497
v -0.956500 -0.956500 26.157497
v -3.956500 -0.706500 26.282497
v -3.956500 -0.362250 26.282497
v -4.338999 -0.362250 26.532497
v -4.338999 0.336750 26.532497
v 0.956000 -0.956500 25.774998
v 0.823500 -1.206500 21.949999
v 0.573500 -0.956500 25.774998
v 1.206000 -1.206500 21.949999
v -0.474000 0.856000 29.599999
v -0.549000 0.931000 27.305000
v -0.549000 0.548500 27.305000
v -0.474000 0.473500 29.599999
v -0.474000 0.473500 29.982498
v -0.474000 -0.474000 29.599999
v -0.474000 -0.474000 29.982498
v -0.474000 -0.856500 29.599999
v -0.549000 -0.549000 27.305000
v -0.549000 -0.931500 27.305000
v -0.549000 -0.549000 26.922497
v -0.549000 0.548500 26.922497
v -0.549000 -0.931500 26.922497
v -0.574000 -0.574000 26.157497
v -0.574000 -0.956500 26.157497
v -0.549000 0.931000 26.922497
v -0.574000 0.573500 26.157497
v -0.574000 0.956000 26.157497
v -0.574000 -0.574000 25.774998
v -0.574000 0.573500 25.774998
v -0.574000 -0.956500 25.774998
v -0.824000 -0.824000 21.949999
v -0.824000 -1.206500 21.949999
v -0.574000 0.956000 25.774998
v -0.824000 0.823500 21.949999
v -0.824000 1.206000 21.949999
v -0.824000 -0.824000 21.567499
v -0.824000 0.823500 21.567499
v -0.824000 -1.206500 21.567499
v -0.874000 -0.874000 20.419998
v -0.874000 -1.256500 20.419998
v -0.824000 1.206000 21.567499
v -0.874000 0.873500 20.419998
v -0.874000 1.256000 20.419998
v -0.874000 -0.874000 20.037499
v -0.874000 0.873500 20.037499
v 0.931000 -0.549000 26.922497
v 0.931000 -0.549000 27.305000
v 0.931000 0.548500 27.305000
v 0.931000 0.548500 26.922497
v 0.931000 -0.931500 26.922497
v 0.956000 -0.574000 26.157497
v 0.956000 -0.956500 26.157497
v 0.856000 0.473500 29.599999
v 0.931000 0.931000 27.305000
v 0.856000 0.856000 29.982498
v 0.856000 -0.474000 29.599999
v 0.856000 -0.856500 29.982498
v 0.931000 0.931000 26.922497
v 0.956000 0.573500 26.157497
v 0.956000 0.956000 26.157497
v 0.956000 -0.574000 25.774998
v 0.956000 0.573500 25.774998
v 1.833569 1.661995 7.914417
v 1.583569 1.661995 7.914417
v 1.583569 -1.661995 7.914417
v 1.833569 -1.661995 7.914417
v 0.548500 0.548500 26.922497
v 0.548500 0.931000 26.922497
v -0.549000 0.931000 26.922497
v -0.549000 0.548500 26.922497
v 0.548500 -0.549000 26.922497
v 0.931000 0.548500 26.922497
v 0.931000 -0.549000 26.922497
v -0.549000 -0.931500 26.922497
v 0.548500 -0.931500 26.922497
v -0.549000 -0.549000 26.922497
v -0.931500 -0.549000 26.922497
v -0.931500 0.548500 26.922497
v 0.931000 -0.931500 26.922497
v 3.956000 -0.706500 26.282497
v 3.956000 -0.362250 26.282497
v 3.956000 0.336750 26.282497
v 3.956000 0.681000 26.282497
v 0.931000 0.931000 26.922497
v -0.931500 0.931000 26.922497
v -3.956500 0.681000 26.282497
v -3.956500 0.336750 26.282497
v -3.956500 -0.706500 26.282497
v -0.931500 -0.931500 26.922497
v -3.956500 -0.362250 26.282497
v -4.506500 -0.362250 14.424999
v -1.506500 -1.124000 14.299999
v -1.506500 -1.124000 14.682499
v -4.506500 -0.362250 14.807499
v -1.456500 -1.074000 16.212500
v -4.888999 -0.362250 15.007499
v -1.456500 -1.074000 15.829998
v -1.124000 -1.124000 14.682499
v -1.074000 -1.074000 15.829998
v 1.123500 -1.124000 14.299999
v 1.123500 -1.124000 14.682499
v -1.074000 -1.074000 16.212500
v 1.073500 -1.074000 15.829998
v 1.073500 -1.074000 16.212500
v 1.456000 -1.074000 15.829998
v 1.506000 -1.124000 14.682499
v 1.506000 -1.124000 14.299999
v 2.073500 -2.074000 -1.000000
v 2.456000 -2.074000 -1.000000
v 4.506000 -0.362250 14.424999
v 4.506000 -0.362250 14.807499
v 1.456000 -1.074000 16.212500
v 4.888500 -0.362250 15.007499
v 1.256000 -0.874000 20.037499
v 0.873500 -0.874000 20.037499
v 1.256000 -0.874000 20.419998
v 5.756000 -0.362250 20.162499
v 5.756000 -0.362250 20.544998
v 1.206000 -0.824000 21.949999
v 6.138500 -0.362250 20.744999
v 1.206000 -0.824000 21.567499
v 0.873500 -0.874000 20.419998
v 0.823500 -0.824000 21.567499
v -0.874000 -0.874000 20.419998
v -0.874000 -0.874000 20.037499
v 0.956000 -0.574000 25.774998
v 0.823500 -0.824000 21.949999
v 0.573500 -0.574000 25.774998
v -0.824000 -0.824000 21.949999
v -0.824000 -0.824000 21.567499
v -1.206500 -0.824000 21.567499
v -1.256500 -0.874000 20.419998
v -5.756500 -0.362250 20.162499
v -1.256500 -0.874000 20.037499
v -5.756500 -0.362250 20.544998
v -1.206500 -0.824000 21.949999
v -6.138999 -0.362250 20.744999
v -0.956500 -0.574000 25.774998
v -0.574000 -0.574000 25.774998
v -0.574000 -0.574000 26.157497
v 0.573500 -0.574000 26.157497
v -3.956500 -0.362250 25.899998
v -0.956500 -0.574000 26.157497
v -3.956500 -0.362250 26.282497
v -0.931500 -0.549000 26.922497
v -0.549000 -0.549000 26.922497
v -0.931500 -0.549000 27.305000
v -4.338999 -0.362250 26.532497
v -0.856500 -0.474000 29.599999
v -0.549000 -0.549000 27.305000
v -0.474000 -0.474000 29.599999
v 0.548500 -0.549000 26.922497
v 0.548500 -0.549000 27.305000
v 0.931000 -0.549000 26.922497
v 0.956000 -0.574000 26.157497
v 0.856000 -0.474000 29.599999
v 0.931000 -0.549000 27.305000
v 3.956000 -0.362250 26.282497
v 4.338500 -0.362250 26.532497
v 3.956000 -0.362250 25.899998
v -0.474000 -0.474000 29.982498
v 0.473500 -0.474000 29.599999
v 0.473500 -0.474000 29.982498
v 0.822661 0.753578 23.568024
v -0.822661 0.753578 23.568024
v -0.822661 0.753578 23.818024
v 0.822661 0.753578 23.818024
v 0.573500 0.573500 25.774998
v 0.573500 0.956000 25.774998
v -0.574000 0.956000 25.774998
v -0.574000 0.573500 25.774998
v 0.573500 -0.574000 25.774998
v 0.956000 0.573500 25.774998
v 0.956000 -0.574000 25.774998
v -0.574000 -0.956500 25.774998
v 0.573500 -0.956500 25.774998
v -0.574000 -0.574000 25.774998
v -0.956500 -0.574000 25.774998
v -0.956500 0.573500 25.774998
v 0.956000 -0.956500 25.774998
v 3.956000 -0.706500 25.899998
v 3.956000 -0.362250 25.899998
v 4.338500 -0.706500 25.899998
v 3.956000 0.336750 25.899998
v 4.338500 0.681000 25.899998
v 3.956000 0.681000 25.899998
v 0.956000 0.956000 25.774998
v -3.956500 0.681000 25.899998
v -0.956500 0.956000 25.774998
v -3.956500 0.336750 25.899998
v -4.338999 0.681000 25.899998
v -4.338999 -0.706500 25.899998
v -3.956500 -0.362250 25.899998
v -3.956500 -0.706500 25.899998
v -0.956500 -0.956500 25.774998
v -4.888999 0.681000 15.007499
v -1.456500 1.456000 16.212500
v -1.456500 1.073500 16.212500
v -4.888999 0.336750 15.007499
v -1.074000 1.073500 16.212500
v -1.074000 -1.074000 16.212500
v -1.456500 -1.074000 16.212500
v 1.073500 1.456000 16.212500
v -1.074000 1.456000 16.212500
v 1.073500 1.073500 16.212500
v 1.073500 -1.456500 16.212500
v -1.074000 -1.456500 16.212500
v 1.073500 -1.074000 16.212500
v 1.456000 -1.074000 16.212500
v 1.456000 1.073500 16.212500
v -1.456500 -1.456500 16.212500
v -4.888999 -0.706500 15.007499
v -4.888999 -0.362250 15.007499
v 4.888500 -0.362250 15.007499
v 4.888500 -0.706500 15.007499
v 1.456000 -1.456500 16.212500
v 1.456000 1.456000 16.212500
v 4.888500 0.681000 15.007499
v 4.888500 0.336750 15.007499
v 0.956000 -0.956500 25.774998
v 0.956000 -0.574000 25.774998
v 1.206000 -0.824000 21.949999
v 1.206000 -1.206500 21.949999
v 1.256000 -1.256500 20.037499
v 1.456000 -1.456500 16.212500
v 1.073500 -1.456500 16.212500
v 0.873500 -1.256500 20.037499
v 0.956000 0.956000 25.774998
v 1.206000 1.206000 21.949999
v 1.206000 0.823500 21.949999
v 0.956000 0.573500 25.774998
v 0.473500 0.473500 29.982498
v -0.474000 0.473500 29.599999
v -0.474000 0.473500 29.982498
v 0.473500 0.473500 29.599999
v -0.856500 0.473500 29.599999
v -0.549000 0.548500 27.305000
v -0.931500 0.548500 27.305000
v -3.956500 0.336750 26.282497
v -4.338999 0.336750 26.532497
v -0.931500 0.548500 26.922497
v -0.956500 0.573500 26.157497
v -3.956500 0.336750 25.899998
v -0.956500 0.573500 25.774998
v -0.574000 0.573500 26.157497
v -0.549000 0.548500 26.922497
v 0.548500 0.548500 27.305000
v 0.856000 0.473500 29.599999
v 0.548500 0.548500 26.922497
v 0.931000 0.548500 27.305000
v 4.338500 0.336750 26.532497
v 3.956000 0.336750 26.282497
v 0.931000 0.548500 26.922497
v 0.573500 0.573500 26.157497
v -0.574000 0.573500 25.774998
v 0.956000 0.573500 26.157497
v 3.956000 0.336750 25.899998
v 0.956000 0.573500 25.774998
v 0.573500 0.573500 25.774998
v 0.823500 0.823500 21.949999
v 1.206000 0.823500 21.949999
v -0.824000 0.823500 21.949999
v -1.206500 0.823500 21.949999
v -0.824000 0.823500 21.567499
v 0.823500 0.823500 21.567499
v 6.138500 0.336750 20.744999
v 5.756000 0.336750 20.544998
v 1.206000 0.823500 21.567499
v 0.873500 0.873500 20.419998
v 1.256000 0.873500 20.419998
v 5.756000 0.336750 20.162499
v 1.256000 0.873500 20.037499
v -5.756500 0.336750 20.544998
v -6.138999 0.336750 20.744999
v -1.206500 0.823500 21.567499
v -0.874000 0.873500 20.419998
v -1.256500 0.873500 20.419998
v -5.756500 0.336750 20.162499
v -1.256500 0.873500 20.037499
v -0.874000 0.873500 20.037499
v 0.873500 0.873500 20.037499
v -1.074000 1.073500 16.212500
v -1.456500 1.073500 16.212500
v 1.073500 1.073500 16.212500
v -1.074000 1.073500 15.829998
v 1.456000 1.073500 16.212500
v 1.073500 1.073500 15.829998
v -4.506500 0.336750 14.807499
v -4.888999 0.336750 15.007499
v -1.456500 1.073500 15.829998
v -1.124000 1.123500 14.682499
v -1.506500 1.123500 14.682499
v -4.506500 0.336750 14.424999
v -1.506500 1.123500 14.299999
v -2.074000 2.073500 -1.000000
v -2.456500 2.073500 -1.000000
v -1.124000 1.123500 14.299999
v 1.123500 1.123500 14.682499
v 1.123500 1.123500 14.299999
v 1.456000 1.073500 15.829998
v 1.506000 1.123500 14.682499
v 1.506000 1.123500 14.299999
v 2.073500 2.073500 -1.000000
v 2.456000 2.073500 -1.000000
v 4.506000 0.336750 14.424999
v 4.506000 0.336750 14.807499
v 4.888500 0.336750 15.007499
v 1.206000 -0.824000 21.567499
v 1.206000 -0.824000 21.949999
v 1.206000 0.823500 21.949999
v 1.206000 0.823500 21.567499
v 1.206000 -1.206500 21.567499
v 1.256000 -0.874000 20.419998
v 1.256000 -1.256500 20.419998
v 1.206000 1.206000 21.567499
v 1.256000 0.873500 20.419998
v 1.256000 1.256000 20.419998
v 1.256000 -0.874000 20.037499
v 1.256000 0.873500 20.037499
v -1.278625 -1.041681 18.243734
v -1.278625 1.041680 18.243734
v -1.028625 1.041680 18.243734
v -1.028625 -1.041681 18.243734
v -5.756500 0.681000 20.544998
v -1.256500 1.256000 20.419998
v -1.256500 0.873500 20.419998
v -5.756500 0.336750 20.544998
v -5.756500 -0.362250 20.544998
v -6.138999 -0.362250 20.744999
v -6.138999 0.336750 20.744999
v -1.256500 -0.874000 20.419998
v -5.756500 -0.706500 20.544998
v -1.256500 -1.256500 20.419998
v -0.874000 -0.874000 20.419998
v -0.874000 0.873500 20.419998
v 0.873500 1.256000 20.419998
v -0.874000 1.256000 20.419998
v 0.873500 0.873500 20.419998
v 0.873500 -1.256500 20.419998
v -0.874000 -1.256500 20.419998
v 0.873500 -0.874000 20.419998
v 1.256000 -0.874000 20.419998
v 1.256000 0.873500 20.419998
v 5.756000 -0.706500 20.544998
v 1.256000 -1.256500 20.419998
v 5.756000 -0.362250 20.544998
v 1.256000 1.256000 20.419998
v 5.756000 0.681000 20.544998
v 5.756000 0.336750 20.544998
v 6.138500 -0.362250 20.744999
v 6.138500 0.336750 20.744999
v 1.206000 0.823500 21.949999
v 6.138500 0.681000 20.744999
v 1.206000 1.206000 21.949999
v 1.206000 -0.824000 21.949999
v 6.138500 -0.706500 20.744999
v 1.206000 -1.206500 21.949999
v 0.823500 0.823500 21.949999
v 0.823500 -0.824000 21.949999
v 0.823500 1.206000 21.949999
v -0.824000 0.823500 21.949999
v -0.824000 1.206000 21.949999
v -0.824000 -0.824000 21.949999
v 0.823500 -1.206500 21.949999
v -0.824000 -1.206500 21.949999
v -1.206500 0.823500 21.949999
v -1.206500 -0.824000 21.949999
v -6.138999 0.681000 20.744999
v -1.206500 1.206000 21.949999
v -1.206500 -1.206500 21.949999
v -6.138999 -0.706500 20.744999
v -1.206500 1.206000 21.949999
v -0.824000 1.206000 21.949999
v -0.956500 0.956000 25.774998
v -0.574000 0.956000 25.774998
v -0.956500 0.956000 26.157497
v -3.956500 0.681000 25.899998
v -0.574000 0.956000 26.157497
v 0.573500 0.956000 25.774998
v -3.956500 0.681000 26.282497
v -4.338999 0.681000 25.899998
v -4.338999 0.681000 26.532497
v -0.931500 0.931000 27.305000
v -0.931500 0.931000 26.922497
v -0.549000 0.931000 26.922497
v 0.573500 0.956000 26.157497
v -0.549000 0.931000 27.305000
v -0.856500 0.856000 29.599999
v 0.548500 0.931000 26.922497
v -0.474000 0.856000 29.599999
v -0.856500 0.856000 29.982498
v 0.473500 0.856000 29.599999
v 0.856000 0.856000 29.982498
v 0.931000 0.931000 27.305000
v 0.548500 0.931000 27.305000
v 0.931000 0.931000 26.922497
v 3.956000 0.681000 26.282497
v 4.338500 0.681000 26.532497
v 4.338500 0.681000 25.899998
v 3.956000 0.681000 25.899998
v 0.956000 0.956000 26.157497
v 0.956000 0.956000 25.774998
v 0.823500 1.206000 21.949999
v 1.206000 1.206000 21.949999
v -0.824000 1.206000 21.567499
v -1.206500 1.206000 21.567499
v -1.206500 1.206000 21.949999
v 0.823500 1.206000 21.567499
v -0.874000 1.256000 20.419998
v 1.206000 1.206000 21.949999
v -5.756500 0.681000 20.544998
v -6.138999 0.681000 20.744999
v -6.138999 0.681000 20.162499
v -5.756500 0.681000 20.162499
v -1.256500 1.256000 20.419998
v -1.256500 1.256000 20.037499
v -0.874000 1.256000 20.037499
v 0.873500 1.256000 20.037499
v 0.873500 1.256000 20.419998
v 1.206000 1.206000 21.567499
v 5.756000 0.681000 20.544998
v 6.138500 0.681000 20.744999
v 6.138500 0.681000 20.162499
v 5.756000 0.681000 20.162499
v 1.256000 1.256000 20.419998
v 1.256000 1.256000 20.037499
v -1.256500 1.256000 20.037499
v -1.074000 1.456000 16.212500
v -1.456500 1.456000 16.212500
v 1.073500 1.456000 16.212500
v 1.256000 1.256000 20.037499
v 1.456000 1.456000 16.212500
v -1.074000 1.456000 15.829998
v -1.456500 1.456000 15.829998
v -1.456500 1.456000 16.212500
v 1.073500 1.456000 15.829998
v -1.124000 1.506000 14.682499
v -4.506500 0.681000 14.807499
v -4.888999 0.681000 15.007499
v -4.888999 0.681000 14.424999
v -4.506500 0.681000 14.424999
v -1.506500 1.506000 14.682499
v -1.506500 1.506000 14.299999
v 1.456000 1.456000 15.829998
v 1.456000 1.456000 16.212500
v 1.123500 1.506000 14.682499
v 4.506000 0.681000 14.807499
v 4.888500 0.681000 15.007499
v 4.888500 0.681000 14.424999
v 4.506000 0.681000 14.424999
v 1.506000 1.506000 14.682499
v 1.506000 1.506000 14.299999
v -1.124000 1.506000 14.299999
v -2.074000 2.456000 -1.000000
v -2.456500 2.456000 -1.000000
v 1.123500 1.506000 14.299999
v 2.073500 2.456000 -1.000000
v 2.456000 2.456000 -1.000000
v -0.824000 -1.206500 21.949999
v -0.956500 -0.956500 25.774998
v -0.574000 -0.956500 25.774998
v -1.206500 -1.206500 21.949999
v 0.873500 0.873500 20.037499
v 0.873500 1.256000 20.037499
v -0.874000 1.256000 20.037499
v -0.874000 0.873500 20.037499
v 0.873500 -0.874000 20.037499
v 1.256000 0.873500 20.037499
v 1.256000 -0.874000 20.037499
v -0.874000 -1.256500 20.037499
v 0.873500 -1.256500 20.037499
v -0.874000 -0.874000 20.037499
v -1.256500 -0.874000 20.037499
v -1.256500 0.873500 20.037499
v 1.256000 -1.256500 20.037499
v 5.756000 -0.706500 20.162499
v 5.756000 -0.362250 20.162499
v 6.138500 -0.706500 20.162499
v 5.756000 0.336750 20.162499
v 6.138500 0.681000 20.162499
v 5.756000 0.681000 20.162499
v 1.256000 1.256000 20.037499
v -5.756500 0.681000 20.162499
v -1.256500 1.256000 20.037499
v -5.756500 0.336750 20.162499
v -6.138999 0.681000 20.162499
v -5.756500 -0.362250 20.162499
v -6.138999 -0.706500 20.162499
v -5.756500 -0.706500 20.162499
v -1.256500 -1.256500 20.037499
v -1.661995 1.833569 8.164417
v 1.661995 1.833569 8.164417
v 1.661995 1.583569 8.164417
v -1.661995 1.583569 8.164417
v 1.256000 -1.256500 20.037499
v 1.256000 -0.874000 20.037499
v 1.456000 -1.074000 16.212500
v 1.456000 -1.456500 16.212500
v -1.256500 -1.256500 20.037499
v -0.874000 -1.256500 20.037499
v -1.074000 -1.456500 16.212500
v -1.456500 -1.456500 16.212500
v -1.256500 -0.874000 20.037499
v -1.456500 -1.074000 16.212500
v -1.074000 -1.074000 16.212500
v -0.874000 -0.874000 20.037499
v 1.256000 1.256000 20.037499
v 1.456000 1.456000 16.212500
v 1.456000 1.073500 16.212500
v 1.256000 0.873500 20.037499
v 1.456000 -1.074000 15.829998
v 1.456000 -1.074000 16.212500
v 1.456000 1.073500 16.212500
v 1.456000 1.073500 15.829998
v 1.456000 -1.456500 15.829998
v 1.506000 -1.124000 14.682499
v 1.506000 -1.506500 14.682499
v 1.456000 1.456000 15.829998
v 1.506000 1.123500 14.682499
v 1.506000 1.506000 14.682499
v 1.506000 -1.124000 14.299999
v 1.506000 1.123500 14.299999
v 1.506000 -1.506500 14.299999
v 2.456000 -2.074000 -1.000000
v 2.456000 -2.456500 -1.000000
v 1.506000 1.506000 14.299999
v 2.456000 2.073500 -1.000000
v 2.456000 2.456000 -1.000000
v 1.073500 1.073500 15.829998
v 1.073500 1.456000 15.829998
v -1.074000 1.456000 15.829998
v -1.074000 1.073500 15.829998
v 1.073500 -1.074000 15.829998
v 1.456000 1.073500 15.829998
v 1.456000 -1.074000 15.829998
v -1.074000 -1.456500 15.829998
v 1.073500 -1.456500 15.829998
v -1.074000 -1.074000 15.829998
v -1.456500 -1.074000 15.829998
v -1.456500 1.073500 15.829998
v 1.456000 -1.456500 15.829998
v 4.506000 -0.706500 14.807499
v 4.506000 -0.362250 14.807499
v 4.506000 0.336750 14.807499
v 4.506000 0.681000 14.807499
v 1.456000 1.456000 15.829998
v -1.456500 1.456000 15.829998
v -4.506500 0.681000 14.807499
v -4.506500 0.336750 14.807499
v -4.506500 -0.706500 14.807499
v -1.456500 -1.456500 15.829998
v -4.506500 -0.362250 14.807499
v 1.661995 -1.833569 7.914417
v 1.661995 -1.583569 7.914417
v -1.661995 -1.583569 7.914417
v -1.661995 -1.833569 7.914417
v 4.506000 -0.362250 14.807499
v 4.506000 -0.362250 14.424999
v 4.506000 0.336750 14.424999
v 4.506000 0.336750 14.807499
v 1.278625 1.041680 17.993734
v 1.278625 -1.041680 17.993734
v 1.278625 -1.041680 18.243734
v 1.278625 1.041680 18.243734
v 0.931000 0.548500 27.305000
v 0.931000 0.931000 27.305000
v 4.338500 0.681000 26.532497
v 4.338500 0.336750 26.532497
v 0.931000 -0.549000 27.305000
v 0.548500 0.548500 27.305000
v 0.548500 -0.549000 27.305000
v 4.338500 -0.362250 26.532497
v 4.338500 -0.706500 26.532497
v 0.931000 -0.931500 27.305000
v 0.548500 0.931000 27.305000
v -0.549000 0.548500 27.305000
v -0.549000 0.931000 27.305000
v -0.549000 -0.549000 27.305000
v 0.548500 -0.931500 27.305000
v -0.549000 -0.931500 27.305000
v -0.931500 0.548500 27.305000
v -0.931500 -0.549000 27.305000
v -4.338999 0.681000 26.532497
v -0.931500 0.931000 27.305000
v -4.338999 0.336750 26.532497
v -0.931500 -0.931500 27.305000
v -4.338999 -0.706500 26.532497
v -4.338999 -0.362250 26.532497
v 0.822661 -1.003578 23.568024
v -0.822661 -1.003578 23.568024
v -0.822661 -1.003578 23.818024
v 0.822661 -1.003578 23.818024
v -1.456500 -1.456500 15.829998
v -1.074000 -1.456500 15.829998
v -1.124000 -1.506500 14.682499
v -1.506500 -1.506500 14.682499
v -1.506500 -1.506500 14.299999
v -1.124000 -1.506500 14.299999
v -2.074000 -2.456500 -1.000000
v 1.123500 -1.506500 14.299999
v 3.956000 -0.362250 26.282497
v 3.956000 -0.362250 25.899998
v 3.956000 0.336750 25.899998
v 3.956000 0.336750 26.282497
v 5.756000 -0.362250 20.544998
v 5.756000 -0.362250 20.162499
v 5.756000 0.336750 20.162499
v 5.756000 0.336750 20.544998
v 1.278625 1.041680 18.243734
v 1.278625 -1.041680 18.243734
v 1.028625 -1.041680 18.243734
v 1.028625 1.041680 18.243734
v -4.506500 0.336750 14.424999
v -4.506500 -0.362250 14.424999
v -4.506500 -0.362250 14.807499
v -4.506500 0.336750 14.807499
v 2.060468 1.901584 4.248633
v 2.060468 -1.901584 4.248633
v 2.060468 -1.901584 4.498634
v 2.060468 1.901584 4.498634
v -0.822661 1.003578 23.568024
v -0.822661 0.753578 23.568024
v 0.822661 0.753578 23.568024
v 0.822661 1.003578 23.568024
v -1.494387 -1.367002 11.192213
v 1.494387 -1.367002 11.192213
v 1.494387 -1.367002 11.442213
v -1.494387 -1.367002 11.442213
v -2.060467 -1.901584 4.498634
v -2.060468 1.901584 4.498634
v -1.810468 1.901584 4.498634
v -1.810467 -1.901584 4.498634
v -3.956500 0.336750 25.899998
v -3.956500 -0.362250 25.899998
v -3.956500 -0.362250 26.282497
v -3.956500 0.336750 26.282497
v -5.756500 0.336750 20.162499
v -5.756500 -0.362250 20.162499
v -5.756500 -0.362250 20.544998
v -5.756500 0.336750 20.544998
v -1.393489 -1.367002 11.264384
v -1.393489 -1.617002 11.264384
v 0.006981 -1.430406 14.373198
v 0.006981 -1.180406 14.373198
v 1.661995 -1.833569 7.914417
v -1.661995 -1.833569 7.914417
v -1.661995 -1.833569 8.164417
v 1.661995 -1.833569 8.164417
v -1.028625 1.041680 17.993734
v -1.028625 -1.041681 17.993734
v -1.028625 -1.041681 18.243734
v -1.028625 1.041680 18.243734
v -1.583569 1.661995 7.914417
v -1.583569 -1.661996 7.914417
v -1.583569 -1.661996 8.164417
v -1.583569 1.661995 8.164417
v -1.561098 -1.583569 8.086493
v -1.561098 -1.833569 8.086493
v 0.017443 -1.592002 11.261108
v 0.017443 -1.392002 11.261108
v 1.901584 -2.060468 4.498634
v -1.901584 -2.060468 4.498634
v -1.901584 -1.810468 4.498634
v 1.901584 -1.810468 4.498634
v -1.041681 1.278625 18.243734
v 1.041680 1.278625 18.243734
v 1.041680 1.028625 18.243734
v -1.041681 1.028625 18.243734
v 1.041680 -1.278625 17.993734
v -1.041680 -1.278625 17.993734
v -1.041680 -1.278625 18.243734
v 1.041680 -1.278625 18.243734
v 0.822661 -1.003578 23.568024
v 0.822661 -0.753578 23.568024
v -0.822661 -0.753578 23.568024
v -0.822661 -1.003578 23.568024
v -1.367003 1.494387 11.192213
v -1.367002 -1.494387 11.192213
v -1.367002 -1.494387 11.442213
v -1.367003 1.494387 11.442213
v 1.901584 1.810468 4.248633
v -1.901584 1.810467 4.248633
v -1.901584 1.810467 4.498634
v 1.901584 1.810468 4.498634
v -1.800686 -1.810467 4.420709
v -1.800686 -2.060467 4.420709
v 0.037474 -1.801805 8.026033
v 0.037474 -1.601805 8.026033
v -0.143787 -2.030397 4.464207
v -2.212781 -2.289059 0.803728
v -2.212781 -2.039059 0.803728
v -0.143787 -1.830397 4.464207
v -1.986204 -2.039059 0.698072
v -1.986204 -2.289059 0.698072
v 0.037474 -2.030397 4.379683
v 0.037474 -1.830397 4.379683
v -1.986204 -2.289059 0.698072
v -2.212781 -2.289059 0.803728
v -0.143787 -2.030397 4.464207
v 0.037474 -2.030397 4.379683
v -0.143787 -1.830397 4.464207
v -2.212781 -2.039059 0.803728
v -1.986204 -2.039059 0.698072
v 0.037474 -1.830397 4.379683
v -0.158908 -1.400986 16.096340
v -1.289506 -1.435332 14.643548
v -1.289506 -1.185332 14.643548
v -0.158908 -1.117802 16.096340
v -1.062929 -1.185332 14.537892
v -1.062929 -1.435332 14.537892
v 0.097744 -1.400986 15.976662
v 0.097744 -1.117802 15.976662
v -0.177539 -1.168562 21.886337
v -1.226422 -1.192213 20.114721
v -1.226422 -0.942213 20.114721
v -0.177539 -0.863988 21.886337
v 0.702238 -0.808481 29.748583
v -0.424040 -0.881657 27.191835
v -0.650617 -0.881657 27.297491
v 0.443851 -0.808481 29.869070
v -0.225976 -1.183313 20.194111
v -1.226679 -1.278625 18.337915
v -1.226679 -1.028625 18.337915
v -0.225976 -0.933313 20.194111
v -0.225976 -0.933313 20.194111
v -1.226679 -1.028625 18.337915
v -1.000102 -1.028625 18.232260
v 0.000601 -0.933313 20.088457
v -1.000102 -1.028625 18.232260
v -1.000102 -1.278625 18.232260
v 0.000601 -1.183313 20.088457
v 0.000601 -0.933313 20.088457
v -1.000102 -1.278625 18.232260
v -1.226679 -1.278625 18.337915
v -0.225976 -1.183313 20.194111
v 0.000601 -1.183313 20.088457
v 1.041680 -1.278625 17.993734
v 1.041680 -1.028625 17.993734
v -1.041680 -1.028625 17.993734
v -1.041680 -1.278625 17.993734
v 0.753578 -0.822661 23.568024
v 0.753578 0.822661 23.568024
v 0.753578 0.822661 23.818024
v 0.753578 -0.822661 23.818024
v -2.060467 -1.901584 4.248633
v -2.060468 1.901584 4.248633
v -2.060468 1.901584 4.498634
v -2.060467 -1.901584 4.498634
v -1.617002 -1.494387 11.442213
v -1.617003 1.494387 11.442213
v -1.367003 1.494387 11.442213
v -1.367002 -1.494387 11.442213
v -1.278625 -1.041681 17.993734
v -1.278625 1.041680 17.993734
v -1.278625 1.041680 18.243734
v -1.278625 -1.041681 18.243734
v -0.822661 -0.753578 23.568024
v 0.822661 -0.753578 23.568024
v 0.822661 -0.753578 23.818024
v -0.822661 -0.753578 23.818024
v 1.041680 -1.278625 18.243734
v -1.041680 -1.278625 18.243734
v -1.041680 -1.028625 18.243734
v 1.041680 -1.028625 18.243734
v 1.393489 -1.367002 11.264384
v -0.006981 -1.180406 14.373198
v -0.006981 -1.430406 14.373198
v 1.393489 -1.617002 11.264384
v 1.561098 -1.583569 8.086493
v -0.017443 -1.392002 11.261108
v -0.017443 -1.592002 11.261108
v 1.561098 -1.833569 8.086493
v 1.800686 -1.810467 4.420709
v -0.037474 -1.601805 8.026033
v -0.037474 -1.801805 8.026033
v 1.800686 -2.060467 4.420709
v 2.212781 -2.039059 0.803728
v 2.212781 -2.289059 0.803728
v 0.143787 -2.030397 4.464207
v 0.143787 -1.830397 4.464207
v 1.986204 -2.039059 0.698072
v -0.037474 -1.830397 4.379683
v -0.037474 -2.030397 4.379683
v 1.986204 -2.289059 0.698072
v 1.986204 -2.289059 0.698072
v -0.037474 -2.030397 4.379683
v 0.143787 -2.030397 4.464207
v 2.212781 -2.289059 0.803728
v 1.986204 -2.039059 0.698072
v 2.212781 -2.039059 0.803728
v 0.143787 -1.830397 4.464207
v -0.037474 -1.830397 4.379683
v 1.289506 -1.185332 14.643548
v 1.289506 -1.435332 14.643548
v 0.158908 -1.400986 16.096340
v 0.158908 -1.117802 16.096340
v 1.062929 -1.185332 14.537892
v -0.097744 -1.117802 15.976662
v -0.097744 -1.400986 15.976662
v 1.062929 -1.435332 14.537892
v 1.226422 -0.942213 20.114721
v 1.226422 -1.192213 20.114721
v 0.177539 -1.168562 21.886337
v 0.177539 -0.863988 21.886337
v 0.650617 -0.881657 27.297491
v 0.424040 -0.881657 27.191835
v -0.702238 -0.808481 29.748583
v -0.443851 -0.808481 29.869070
v 1.226679 -1.028625 18.337915
v 1.226679 -1.278625 18.337915
v 0.225976 -1.183313 20.194111
v 0.225976 -0.933313 20.194111
v 1.000102 -1.028625 18.232260
v 1.226679 -1.028625 18.337915
v 0.225976 -0.933313 20.194111
v -0.000601 -0.933313 20.088457
v 1.000102 -1.028625 18.232260
v -0.000601 -0.933313 20.088457
v -0.000601 -1.183313 20.088457
v 1.000102 -1.278625 18.232260
v 1.000102 -1.278625 18.232260
v -0.000601 -1.183313 20.088457
v 0.225976 -1.183313 20.194111
v 1.226679 -1.278625 18.337915
v 1.367002 -1.393489 11.264384
v 1.617002 -1.393489 11.264384
v 1.430406 0.006981 14.373198
v 1.180406 0.006981 14.373198
v -1.041681 1.278625 17.993734
v -1.041681 1.028625 17.993734
v 1.041680 1.028625 17.993734
v 1.041680 1.278625 17.993734
v -1.661995 -1.583569 7.914417
v 1.661995 -1.583569 7.914417
v 1.661995 -1.583569 8.164417
v -1.661995 -1.583569 8.164417
v -1.661995 1.833569 7.914417
v -1.661995 1.583569 7.914417
v 1.661995 1.583569 7.914417
v 1.661995 1.833569 7.914417
v 1.583569 -1.561097 8.086493
v 1.833569 -1.561097 8.086493
v 1.592002 0.017443 11.261108
v 1.392002 0.017443 11.261108
v 1.278625 1.041680 17.993734
v 1.028625 1.041680 17.993734
v 1.028625 -1.041680 17.993734
v 1.278625 -1.041680 17.993734
v 1.833569 1.661995 8.164417
v 1.833569 -1.661995 8.164417
v 1.583569 -1.661995 8.164417
v 1.583569 1.661995 8.164417
v 1.003578 0.822661 23.818024
v 1.003578 -0.822661 23.818024
v 0.753578 -0.822661 23.818024
v 0.753578 0.822661 23.818024
v 1.028625 -1.041680 17.993734
v 1.028625 1.041680 17.993734
v 1.028625 1.041680 18.243734
v 1.028625 -1.041680 18.243734
v 1.810468 -1.800686 4.420709
v 2.060467 -1.800686 4.420709
v 1.801805 0.037475 8.026033
v 1.601805 0.037475 8.026033
v 2.030397 -0.143787 4.464207
v 2.289059 -2.212781 0.803728
v 2.039059 -2.212781 0.803728
v 1.830397 -0.143787 4.464207
v 2.039059 -1.986204 0.698072
v 2.289059 -1.986204 0.698072
v 2.030397 0.037475 4.379683
v 1.830397 0.037475 4.379683
v 2.289059 -1.986204 0.698072
v 2.289059 -2.212781 0.803728
v 2.030397 -0.143787 4.464207
v 2.030397 0.037475 4.379683
v 1.830397 -0.143787 4.464207
v 2.039059 -2.212781 0.803728
v 2.039059 -1.986204 0.698072
v 1.830397 0.037475 4.379683
v 1.400986 -0.158908 16.096340
v 1.435332 -1.289506 14.643548
v 1.185332 -1.289506 14.643548
v 1.117802 -0.158908 16.096340
v 1.185332 -1.062929 14.537892
v 1.435332 -1.062929 14.537892
v 1.400986 0.097744 15.976662
v 1.117802 0.097744 15.976662
v 1.168562 -0.177539 21.886337
v 1.192213 -1.226422 20.114721
v 0.942213 -1.226422 20.114721
v 0.863988 -0.177539 21.886337
v 0.808481 0.702239 29.748583
v 0.881657 -0.424040 27.191835
v 0.881657 -0.650617 27.297491
v 0.808481 0.443851 29.869070
v 1.183313 -0.225976 20.194111
v 1.278625 -1.226679 18.337915
v 1.028625 -1.226679 18.337915
v 0.933313 -0.225976 20.194111
v 0.933313 -0.225976 20.194111
v 1.028625 -1.226679 18.337915
v 1.028625 -1.000102 18.232260
v 0.933313 0.000601 20.088457
v 1.028625 -1.000102 18.232260
v 1.278625 -1.000102 18.232260
v 1.183313 0.000601 20.088457
v 0.933313 0.000601 20.088457
v 1.278625 -1.000102 18.232260
v 1.278625 -1.226679 18.337915
v 1.183313 -0.225976 20.194111
v 1.183313 0.000601 20.088457
v 2.060468 1.901584 4.248633
v 1.810467 1.901584 4.248633
v 1.810468 -1.901584 4.248633
v 2.060468 -1.901584 4.248633
v -1.278625 -1.041681 17.993734
v -1.028625 -1.041681 17.993734
v -1.028625 1.041680 17.993734
v -1.278625 1.041680 17.993734
v 1.494387 -1.617002 11.192213
v 1.494387 -1.367002 11.192213
v -1.494387 -1.367002 11.192213
v -1.494387 -1.617002 11.192213
v 1.833569 1.661995 7.914417
v 1.833569 -1.661995 7.914417
v 1.833569 -1.661995 8.164417
v 1.833569 1.661995 8.164417
v 1.003578 0.822661 23.568024
v 1.003578 -0.822661 23.568024
v 1.003578 -0.822661 23.818024
v 1.003578 0.822661 23.818024
v 1.367002 1.393489 11.264384
v 1.180406 -0.006981 14.373198
v 1.430406 -0.006981 14.373198
v 1.617002 1.393489 11.264384
v 1.583569 1.561098 8.086493
v 1.392002 -0.017443 11.261108
v 1.592002 -0.017443 11.261108
v 1.833569 1.561098 8.086493
v 1.810467 1.800686 4.420709
v 1.601805 -0.037474 8.026033
v 1.801805 -0.037474 8.026033
v 2.060467 1.800686 4.420709
v 2.039059 2.212781 0.803728
v 2.289059 2.212781 0.803728
v 2.030397 0.143787 4.464207
v 1.830397 0.143787 4.464207
v 2.039059 1.986204 0.698072
v 1.830397 -0.037474 4.379683
v 2.030397 -0.037474 4.379683
v 2.289059 1.986204 0.698072
v 2.289059 1.986204 0.698072
v 2.030397 -0.037474 4.379683
v 2.030397 0.143787 4.464207
v 2.289059 2.212781 0.803728
v 2.039059 1.986204 0.698072
v 2.039059 2.212781 0.803728
v 1.830397 0.143787 4.464207
v 1.830397 -0.037474 4.379683
v 1.185332 1.289506 14.643548
v 1.435332 1.289506 14.643548
v 1.400986 0.158908 16.096340
v 1.117802 0.158908 16.096340
v 1.185332 1.062929 14.537892
v 1.117802 -0.097744 15.976662
v 1.400986 -0.097744 15.976662
v 1.435332 1.062929 14.537892
v 0.942213 1.226422 20.114721
v 1.192213 1.226422 20.114721
v 1.168562 0.177539 21.886337
v 0.863988 0.177539 21.886337
v 0.881657 0.650617 27.297491
v 0.881657 0.424040 27.191835
v 0.808481 -0.702238 29.748583
v 0.808481 -0.443851 29.869070
v 1.028625 1.226679 18.337915
v 1.278625 1.226679 18.337915
v 1.183313 0.225976 20.194111
v 0.933313 0.225976 20.194111
v 1.028625 1.000102 18.232260
v 1.028625 1.226679 18.337915
v 0.933313 0.225976 20.194111
v 0.933313 -0.000601 20.088457
v 1.028625 1.000102 18.232260
v 0.933313 -0.000601 20.088457
v 1.183313 -0.000601 20.088457
v 1.278625 1.000102 18.232260
v 1.278625 1.000102 18.232260
v 1.183313 -0.000601 20.088457
v 1.183313 0.225976 20.194111
v 1.278625 1.226679 18.337915
v 2.073500 -2.456500 -1.000000
v 1.506000 -1.506500 14.299999
v 2.456000 -2.456500 -1.000000
v 1.123500 -1.506500 14.299999
v 1.123500 -1.506500 14.682499
v -1.124000 -1.506500 14.682499
v 1.506000 -1.506500 14.682499
v 4.506000 -0.706500 14.424999
v 1.456000 -1.456500 15.829998
v 4.506000 -0.706500 14.807499
v 4.888500 -0.706500 14.424999
v 4.888500 -0.706500 15.007499
v 1.456000 -1.456500 16.212500
v 1.073500 -1.456500 15.829998
v 1.073500 -1.456500 16.212500
v -1.074000 -1.456500 15.829998
v -1.074000 -1.456500 16.212500
v -1.456500 -1.456500 15.829998
v -1.456500 -1.456500 16.212500
v -4.506500 -0.706500 14.807499
v -4.888999 -0.706500 15.007499
v -4.888999 -0.706500 14.424999
v -4.506500 -0.706500 14.424999
v -1.506500 -1.506500 14.682499
v 1.393489 1.367002 11.264384
v 1.393489 1.617002 11.264384
v -0.006981 1.430406 14.373198
v -0.006981 1.180406 14.373198
v 1.661995 1.583569 7.914417
v -1.661995 1.583569 7.914417
v -1.661995 1.583569 8.164417
v 1.661995 1.583569 8.164417
v -1.901584 1.810467 4.248633
v 1.901584 1.810468 4.248633
v 1.901584 2.060468 4.248633
v -1.901584 2.060467 4.248633
v -0.822661 1.003578 23.818024
v 0.822661 1.003578 23.818024
v 0.822661 0.753578 23.818024
v -0.822661 0.753578 23.818024
v 1.561097 1.583569 8.086493
v 1.561097 1.833569 8.086493
v -0.017444 1.592002 11.261108
v -0.017444 1.392002 11.261108
v -1.494387 1.617002 11.192213
v 1.494387 1.617002 11.192213
v 1.494387 1.617002 11.442213
v -1.494387 1.617002 11.442213
v 1.901584 -2.060468 4.248633
v 1.901584 -1.810468 4.248633
v -1.901584 -1.810468 4.248633
v -1.901584 -2.060468 4.248633
v 0.822661 -1.003578 23.818024
v -0.822661 -1.003578 23.818024
v -0.822661 -0.753578 23.818024
v 0.822661 -0.753578 23.818024
v 1.494387 1.367002 11.192213
v -1.494387 1.367002 11.192213
v -1.494387 1.367002 11.442213
v 1.494387 1.367002 11.442213
v -1.833569 -1.661996 7.914417
v -1.833569 1.661995 7.914417
v -1.833569 1.661995 8.164417
v -1.833569 -1.661996 8.164417
v -1.901584 2.060467 4.248633
v 1.901584 2.060468 4.248633
v 1.901584 2.060468 4.498634
v -1.901584 2.060467 4.498634
v 1.800686 1.810468 4.420709
v 1.800686 2.060468 4.420709
v -0.037475 1.801805 8.026033
v -0.037475 1.601805 8.026033
v 0.143787 2.030397 4.464207
v 2.212781 2.289059 0.803728
v 2.212781 2.039059 0.803728
v 0.143787 1.830397 4.464207
v 1.986204 2.039059 0.698072
v 1.986204 2.289059 0.698072
v -0.037475 2.030397 4.379683
v -0.037475 1.830397 4.379683
v 1.986204 2.289059 0.698072
v 2.212781 2.289059 0.803728
v 0.143787 2.030397 4.464207
v -0.037475 2.030397 4.379683
v 0.143787 1.830397 4.464207
v 2.212781 2.039059 0.803728
v 1.986204 2.039059 0.698072
v -0.037475 1.830397 4.379683
v 0.158908 1.400986 16.096340
v 1.289506 1.435332 14.643548
v 1.289506 1.185332 14.643548
v 0.158908 1.117802 16.096340
v 1.062929 1.185332 14.537892
v 1.062929 1.435332 14.537892
v -0.097744 1.400986 15.976662
v -0.097744 1.117802 15.976662
v 0.177538 1.168562 21.886337
v 1.226421 1.192213 20.114721
v 1.226421 0.942213 20.114721
v 0.177539 0.863988 21.886337
v -0.702239 0.808481 29.748583
v 0.424040 0.881657 27.191835
v 0.650617 0.881657 27.297491
v -0.443851 0.808481 29.869070
v 0.225976 1.183313 20.194111
v 1.226679 1.278625 18.337915
v 1.226679 1.028625 18.337915
v 0.225976 0.933313 20.194111
v 0.225976 0.933313 20.194111
v 1.226679 1.028625 18.337915
v 1.000102 1.028625 18.232260
v -0.000601 0.933313 20.088457
v 1.000102 1.028625 18.232260
v 1.000102 1.278625 18.232260
v -0.000601 1.183313 20.088457
v -0.000601 0.933313 20.088457
v 1.000102 1.278625 18.232260
v 1.226679 1.278625 18.337915
v 0.225976 1.183313 20.194111
v -0.000601 1.183313 20.088457
v 1.661995 -1.833569 8.164417
v -1.661995 -1.833569 8.164417
v -1.661995 -1.583569 8.164417
v 1.661995 -1.583569 8.164417
v -1.661995 1.833569 7.914417
v 1.661995 1.833569 7.914417
v 1.661995 1.833569 8.164417
v -1.661995 1.833569 8.164417
v 1.367002 -1.494387 11.192213
v 1.367002 1.494387 11.192213
v 1.367002 1.494387 11.442213
v 1.367002 -1.494387 11.442213
v 1.617002 1.494387 11.442213
v 1.617002 -1.494387 11.442213
v 1.367002 -1.494387 11.442213
v 1.367002 1.494387 11.442213
v -1.041681 1.278625 17.993734
v 1.041680 1.278625 17.993734
v 1.041680 1.278625 18.243734
v -1.041681 1.278625 18.243734
v -0.822661 1.003578 23.568024
v 0.822661 1.003578 23.568024
v 0.822661 1.003578 23.818024
v -0.822661 1.003578 23.818024
v -1.393489 1.367002 11.264384
v 0.006981 1.180406 14.373198
v 0.006981 1.430406 14.373198
v -1.393489 1.617002 11.264384
v -1.561098 1.583569 8.086493
v 0.017443 1.392002 11.261108
v 0.017443 1.592002 11.261108
v -1.561098 1.833569 8.086493
v -1.800686 1.810467 4.420709
v 0.037474 1.601805 8.026033
v 0.037474 1.801805 8.026033
v -1.800686 2.060467 4.420709
v -2.212782 2.039059 0.803728
v -2.212782 2.289059 0.803728
v -0.143787 2.030397 4.464207
v -0.143787 1.830397 4.464207
v -1.986204 2.039059 0.698072
v 0.037474 1.830397 4.379683
v 0.037474 2.030397 4.379683
v -1.986205 2.289059 0.698072
v -1.986205 2.289059 0.698072
v 0.037474 2.030397 4.379683
v -0.143787 2.030397 4.464207
v -2.212782 2.289059 0.803728
v -1.986204 2.039059 0.698072
v -2.212782 2.039059 0.803728
v -0.143787 1.830397 4.464207
v 0.037474 1.830397 4.379683
v -1.289506 1.185332 14.643548
v -1.289506 1.435332 14.643548
v -0.158908 1.400986 16.096340
v -0.158908 1.117802 16.096340
v -1.062929 1.185332 14.537892
v 0.097744 1.117802 15.976662
v 0.097744 1.400986 15.976662
v -1.062929 1.435332 14.537892
v -1.226422 0.942213 20.114721
v -1.226422 1.192213 20.114721
v -0.177539 1.168562 21.886337
v -0.177539 0.863988 21.886337
v -0.650617 0.881657 27.297491
v -0.424040 0.881657 27.191835
v 0.702238 0.808481 29.748583
v 0.443851 0.808481 29.869070
v -1.226679 1.028625 18.337915
v -1.226679 1.278625 18.337915
v -0.225976 1.183313 20.194111
v -0.225976 0.933313 20.194111
v -1.000102 1.028625 18.232260
v -1.226679 1.028625 18.337915
v -0.225976 0.933313 20.194111
v 0.000601 0.933313 20.088457
v -1.000102 1.028625 18.232260
v 0.000601 0.933313 20.088457
v 0.000601 1.183313 20.088457
v -1.000102 1.278625 18.232260
v -1.000102 1.278625 18.232260
v 0.000601 1.183313 20.088457
v -0.225976 1.183313 20.194111
v -1.226679 1.278625 18.337915
v -1.367002 1.393489 11.264384
v -1.617002 1.393489 11.264384
v -1.430406 -0.006981 14.373198
v -1.180406 -0.006981 14.373198
v -1.617002 -1.494387 11.192213
v -1.367002 -1.494387 11.192213
v -1.367003 1.494387 11.192213
v -1.617003 1.494387 11.192213
v 1.901584 -2.060468 4.248633
v -1.901584 -2.060468 4.248633
v -1.901584 -2.060468 4.498634
v 1.901584 -2.060468 4.498634
v -1.810468 1.901584 4.248633
v -1.810467 -1.901584 4.248633
v -1.810467 -1.901584 4.498634
v -1.810468 1.901584 4.498634
v -1.901584 -1.810468 4.248633
v 1.901584 -1.810468 4.248633
v 1.901584 -1.810468 4.498634
v -1.901584 -1.810468 4.498634
v -1.583569 1.561097 8.086493
v -1.833569 1.561097 8.086493
v -1.592002 -0.017444 11.261108
v -1.392002 -0.017444 11.261108
v -1.494387 1.617002 11.442213
v 1.494387 1.617002 11.442213
v 1.494387 1.367002 11.442213
v -1.494387 1.367002 11.442213
v 1.041680 1.028625 17.993734
v -1.041681 1.028625 17.993734
v -1.041681 1.028625 18.243734
v 1.041680 1.028625 18.243734
v -1.041680 -1.028625 17.993734
v 1.041680 -1.028625 17.993734
v 1.041680 -1.028625 18.243734
v -1.041680 -1.028625 18.243734
v -1.810467 -1.901584 4.248633
v -1.810468 1.901584 4.248633
v -2.060468 1.901584 4.248633
v -2.060467 -1.901584 4.248633
v -1.833569 -1.661996 8.164417
v -1.833569 1.661995 8.164417
v -1.583569 1.661995 8.164417
v -1.583569 -1.661996 8.164417
v 1.617002 1.494387 11.192213
v 1.367002 1.494387 11.192213
v 1.367002 -1.494387 11.192213
v 1.617002 -1.494387 11.192213
v -1.810468 1.800686 4.420709
v -2.060468 1.800686 4.420709
v -1.801805 -0.037475 8.026033
v -1.601805 -0.037475 8.026033
v -2.030397 0.143787 4.464207
v -2.289059 2.212781 0.803728
v -2.039059 2.212781 0.803728
v -1.830397 0.143787 4.464207
v -2.039059 1.986204 0.698072
v -2.289059 1.986204 0.698072
v -2.030397 -0.037475 4.379683
v -1.830397 -0.037475 4.379683
v -2.289059 1.986204 0.698072
v -2.289059 2.212781 0.803728
v -2.030397 0.143787 4.464207
v -2.030397 -0.037475 4.379683
v -1.830397 0.143787 4.464207
v -2.039059 2.212781 0.803728
v -2.039059 1.986204 0.698072
v -1.830397 -0.037475 4.379683
v -1.400986 0.158908 16.096340
v -1.435332 1.289506 14.643548
v -1.185332 1.289506 14.643548
v -1.117802 0.158908 16.096340
v -1.185332 1.062929 14.537892
v -1.435332 1.062929 14.537892
v -1.400986 -0.097744 15.976662
v -1.117802 -0.097744 15.976662
v -1.168562 0.177538 21.886337
v -1.192213 1.226421 20.114721
v -0.942213 1.226421 20.114721
v -0.863988 0.177538 21.886337
v -0.808481 -0.702239 29.748583
v -0.881657 0.424040 27.191835
v -0.881657 0.650617 27.297491
v -0.808481 -0.443851 29.869070
v -1.183313 0.225976 20.194111
v -1.278625 1.226679 18.337915
v -1.028625 1.226679 18.337915
v -0.933313 0.225976 20.194111
v -0.933313 0.225976 20.194111
v -1.028625 1.226679 18.337915
v -1.028625 1.000102 18.232260
v -0.933313 -0.000601 20.088457
v -1.028625 1.000102 18.232260
v -1.278625 1.000102 18.232260
v -1.183313 -0.000601 20.088457
v -0.933313 -0.000601 20.088457
v -1.278625 1.000102 18.232260
v -1.278625 1.226679 18.337915
v -1.183313 0.225976 20.194111
v -1.183313 -0.000601 20.088457
v -1.494387 1.617002 11.192213
v -1.494387 1.367002 11.192213
v 1.494387 1.367002 11.192213
v 1.494387 1.617002 11.192213
v 1.583569 -1.661995 7.914417
v 1.583569 1.661995 7.914417
v 1.583569 1.661995 8.164417
v 1.583569 -1.661995 8.164417
v 2.060468 1.901584 4.498634
v 2.060468 -1.901584 4.498634
v 1.810468 -1.901584 4.498634
v 1.810467 1.901584 4.498634
v 1.810468 -1.901584 4.248633
v 1.810467 1.901584 4.248633
v 1.810467 1.901584 4.498634
v 1.810468 -1.901584 4.498634
v -1.003578 -0.822661 23.818024
v -1.003578 0.822661 23.818024
v -0.753578 0.822661 23.818024
v -0.753578 -0.822661 23.818024
v -0.753578 0.822661 23.568024
v -0.753578 -0.822661 23.568024
v -0.753578 -0.822661 23.818024
v -0.753578 0.822661 23.818024
v -1.003578 -0.822661 23.568024
v -0.753578 -0.822661 23.568024
v -0.753578 0.822661 23.568024
v -1.003578 0.822661 23.568024
v -1.367002 -1.393489 11.264384
v -1.180406 0.006981 14.373198
v -1.430406 0.006981 14.373198
v -1.617002 -1.393489 11.264384
v -1.583568 -1.561098 8.086493
v -1.392002 0.017443 11.261108
v -1.592002 0.017443 11.261108
v -1.833568 -1.561098 8.086493
v -1.810467 -1.800686 4.420709
v -1.601805 0.037474 8.026033
v -1.801805 0.037474 8.026033
v -2.060467 -1.800686 4.420709
v -2.039059 -2.212782 0.803728
v -2.289059 -2.212782 0.803728
v -2.030397 -0.143787 4.464207
v -1.830397 -0.143787 4.464207
v -2.039059 -1.986205 0.698072
v -1.830397 0.037474 4.379683
v -2.030397 0.037474 4.379683
v -2.289059 -1.986205 0.698072
v -2.289059 -1.986205 0.698072
v -2.030397 0.037474 4.379683
v -2.030397 -0.143787 4.464207
v -2.289059 -2.212782 0.803728
v -2.039059 -1.986205 0.698072
v -2.039059 -2.212782 0.803728
v -1.830397 -0.143787 4.464207
v -1.830397 0.037474 4.379683
v -1.185332 -1.289506 14.643548
v -1.435332 -1.289506 14.643548
v -1.400986 -0.158908 16.096340
v -1.117802 -0.158908 16.096340
v -1.185332 -1.062929 14.537892
v -1.117802 0.097744 15.976662
v -1.400986 0.097744 15.976662
v -1.435332 -1.062929 14.537892
v -0.942213 -1.226422 20.114721
v -1.192213 -1.226422 20.114721
v -1.168562 -0.177539 21.886337
v -0.863988 -0.177539 21.886337
v -0.881657 -0.650617 27.297491
v -0.881657 -0.424040 27.191835
v -0.808481 0.702238 29.748583
v -0.808481 0.443851 29.869070
v -1.028625 -1.226679 18.337915
v -1.278625 -1.226679 18.337915
v -1.183313 -0.225976 20.194111
v -0.933313 -0.225976 20.194111
v -1.028625 -1.000102 18.232260
v -1.028625 -1.226679 18.337915
v -0.933313 -0.225976 20.194111
v -0.933313 0.000601 20.088457
v -1.028625 -1.000102 18.232260
v -0.933313 0.000601 20.088457
v -1.183313 0.000601 20.088457
v -1.278625 -1.000102 18.232260
v -1.278625 -1.000102 18.232260
v -1.183313 0.000601 20.088457
v -1.183313 -0.225976 20.194111
v -1.278625 -1.226679 18.337915
v 3.931724 1.353041 25.246195
v 4.207088 1.411948 25.330324
v 4.207088 0.388008 26.047297
v 3.931724 0.329101 25.963167
v 4.207088 1.411948 25.330324
v 4.389855 1.279940 25.141796
v 4.389855 0.256000 25.858769
v 4.207088 0.388008 26.047297
v 4.389855 0.256000 25.858769
v 4.389855 1.279940 25.141796
v 4.227448 1.139447 24.941153
v 4.227448 0.115507 25.658123
v 4.227448 0.115507 25.658123
v 4.227448 1.139447 24.941153
v 3.944308 1.184626 25.005674
v 3.944308 0.160685 25.722645
v 3.944308 1.184626 25.005674
v 3.931724 1.353041 25.246195
v 3.931724 0.329101 25.963167
v 3.944308 0.160685 25.722645
v 4.707843 0.413618 14.560231
v 4.707843 1.437558 13.843261
v 4.945607 1.338475 13.701756
v 4.945607 0.314535 14.418727
v 4.945607 1.338475 13.701756
v 4.854789 1.178156 13.472796
v 4.854789 0.154216 14.189767
v 4.945607 0.314535 14.418727
v 4.854789 0.154216 14.189767
v 4.854789 1.178156 13.472796
v 4.560897 1.178156 13.472796
v 4.560897 0.154216 14.189767
v 4.560897 0.154216 14.189767
v 4.560897 1.178156 13.472796
v 4.470079 1.338475 13.701756
v 4.470079 0.314535 14.418727
v 4.470079 1.338475 13.701756
v 4.707843 1.437558 13.843261
v 4.707843 0.413618 14.560231
v 4.470079 0.314535 14.418727
v 6.110816 1.388438 19.576132
v 6.194531 1.226852 19.345362
v 6.194531 0.202912 20.062334
v 6.110816 0.364498 20.293102
v 6.194531 1.226852 19.345362
v 5.952471 1.131252 19.208832
v 5.952471 0.107312 19.925802
v 6.194531 0.202912 20.062334
v 5.952471 0.107312 19.925802
v 5.952471 1.131252 19.208832
v 5.719155 1.233755 19.355221
v 5.719155 0.209815 20.072191
v 5.719155 0.209815 20.072191
v 5.719155 1.233755 19.355221
v 5.817018 1.392705 19.582226
v 5.817018 0.368765 20.299196
v 5.817018 0.368765 20.299196
v 5.817018 1.392705 19.582226
v 6.110816 1.388438 19.576132
v 6.110816 0.364498 20.293102
v -4.207088 1.411948 25.330324
v -3.931724 1.353041 25.246195
v -3.931724 0.329101 25.963167
v -4.207088 0.388008 26.047297
v -4.207088 1.411948 25.330324
v -4.207088 0.388008 26.047297
v -4.389855 0.256000 25.858769
v -4.389855 1.279940 25.141796
v -4.227448 1.139447 24.941153
v -4.389855 1.279940 25.141796
v -4.389855 0.256000 25.858769
v -4.227448 0.115507 25.658123
v -3.944308 1.184626 25.005674
v -4.227448 1.139447 24.941153
v -4.227448 0.115507 25.658123
v -3.944308 0.160685 25.722645
v -3.944308 1.184626 25.005674
v -3.944308 0.160685 25.722645
v -3.931724 0.329101 25.963167
v -3.931724 1.353041 25.246195
v -4.227448 1.139447 24.941153
v -4.207088 1.411948 25.330324
v -4.389855 1.279940 25.141796
v -3.944308 1.184626 25.005674
v -3.931724 1.353041 25.246195
v -4.707843 1.437558 13.843261
v -4.707843 0.413618 14.560231
v -4.945607 0.314535 14.418727
v -4.945607 1.338475 13.701756
v -4.854789 1.178156 13.472796
v -4.945607 1.338475 13.701756
v -4.945607 0.314535 14.418727
v -4.854789 0.154216 14.189767
v -4.560897 1.178156 13.472796
v -4.854789 1.178156 13.472796
v -4.854789 0.154216 14.189767
v -4.560897 0.154216 14.189767
v -4.470079 1.338475 13.701756
v -4.560897 1.178156 13.472796
v -4.560897 0.154216 14.189767
v -4.470079 0.314535 14.418727
v -4.470079 1.338475 13.701756
v -4.470079 0.314535 14.418727
v -4.707843 0.413618 14.560231
v -4.707843 1.437558 13.843261
v -6.110816 1.388438 19.576132
v -6.110816 0.364498 20.293102
v -6.194531 0.202912 20.062334
v -6.194531 1.226852 19.345362
v -6.194531 1.226852 19.345362
v -6.194531 0.202912 20.062334
v -5.952471 0.107312 19.925802
v -5.952471 1.131252 19.208832
v -5.719155 1.233755 19.355221
v -5.952471 1.131252 19.208832
v -5.952471 0.107312 19.925802
v -5.719155 0.209815 20.072191
v -5.719155 0.209815 20.072191
v -6.110816 0.364498 20.293102
v -5.817018 0.368765 20.299196
v -5.952471 0.107312 19.925802
v -6.194531 0.202912 20.062334
v -5.817018 1.392705 19.582226
v -5.719155 1.233755 19.355221
v -5.719155 0.209815 20.072191
v -5.817018 0.368765 20.299196
v -5.817018 1.392705 19.582226
v -5.817018 0.368765 20.299196
v -6.110816 0.364498 20.293102
v -6.110816 1.388438 19.576132
v 4.207088 -1.411948 25.330324
v 3.931724 -1.353041 25.246195
v 3.931724 -0.329101 25.963167
v 4.207088 -0.388008 26.047297
v 4.207088 -1.411948 25.330324
v 4.207088 -0.388008 26.047297
v 4.389855 -0.256000 25.858769
v 4.389855 -1.279940 25.141796
v 4.227448 -1.139447 24.941153
v 4.389855 -1.279940 25.141796
v 4.389855 -0.256000 25.858769
v 4.227448 -0.115507 25.658123
v 3.944308 -1.184626 25.005674
v 4.227448 -1.139447 24.941153
v 4.227448 -0.115507 25.658123
v 3.944308 -0.160685 25.722645
v 3.944308 -1.184626 25.005674
v 3.944308 -0.160685 25.722645
v 3.931724 -0.329101 25.963167
v 3.931724 -1.353041 25.246195
v 4.227448 -1.139447 24.941153
v 4.207088 -1.411948 25.330324
v 4.389855 -1.279940 25.141796
v 3.944308 -1.184626 25.005674
v 3.931724 -1.353041 25.246195
v 4.707843 -1.437558 13.843261
v 4.707843 -0.413618 14.560231
v 4.945607 -0.314535 14.418727
v 4.945607 -1.338475 13.701756
v 4.854789 -1.178156 13.472796
v 4.945607 -1.338475 13.701756
v 4.945607 -0.314535 14.418727
v 4.854789 -0.154216 14.189767
v 4.560897 -1.178156 13.472796
v 4.854789 -1.178156 13.472796
v 4.854789 -0.154216 14.189767
v 4.560897 -0.154216 14.189767
v 4.470079 -1.338475 13.701756
v 4.560897 -1.178156 13.472796
v 4.560897 -0.154216 14.189767
v 4.470079 -0.314535 14.418727
v 4.470079 -1.338475 13.701756
v 4.470079 -0.314535 14.418727
v 4.707843 -0.413618 14.560231
v 4.707843 -1.437558 13.843261
v 6.110816 -1.388438 19.576132
v 6.110816 -0.364498 20.293102
v 6.194531 -0.202912 20.062334
v 6.194531 -1.226852 19.345362
v 6.194531 -1.226852 19.345362
v 6.194531 -0.202912 20.062334
v 5.952471 -0.107312 19.925802
v 5.952471 -1.131252 19.208832
v 5.719155 -1.233755 19.355221
v 5.952471 -1.131252 19.208832
v 5.952471 -0.107312 19.925802
v 5.719155 -0.209815 20.072191
v 5.719155 -0.209815 20.072191
v 6.110816 -0.364498 20.293102
v 5.817018 -0.368765 20.299196
v 5.952471 -0.107312 19.925802
v 6.194531 -0.202912 20.062334
v 5.817018 -1.392705 19.582226
v 5.719155 -1.233755 19.355221
v 5.719155 -0.209815 20.072191
v 5.817018 -0.368765 20.299196
v 5.817018 -1.392705 19.582226
v 5.817018 -0.368765 20.299196
v 6.110816 -0.364498 20.293102
v 6.110816 -1.388438 19.576132
v -3.931724 -1.353041 25.246195
v -4.207088 -1.411948 25.330324
v -4.207088 -0.388008 26.047297
v -3.931724 -0.329101 25.963167
v -4.207088 -1.411948 25.330324
v -4.389855 -1.279940 25.141796
v -4.389855 -0.256000 25.858769
v -4.207088 -0.388008 26.047297
v -4.389855 -0.256000 25.858769
v -4.389855 -1.279940 25.141796
v -4.227448 -1.139447 24.941153
v -4.227448 -0.115507 25.658123
v -4.227448 -0.115507 25.658123
v -4.227448 -1.139447 24.941153
v -3.944308 -1.184626 25.005674
v -3.944308 -0.160685 25.722645
v -3.944308 -1.184626 25.005674
v -3.931724 -1.353041 25.246195
v -3.931724 -0.329101 25.963167
v -3.944308 -0.160685 25.722645
v -4.707843 -0.413618 14.560231
v -4.707843 -1.437558 13.843261
v -4.945607 -1.338475 13.701756
v -4.945607 -0.314535 14.418727
v -4.945607 -1.338475 13.701756
v -4.854789 -1.178156 13.472796
v -4.854789 -0.154216 14.189767
v -4.945607 -0.314535 14.418727
v -4.854789 -0.154216 14.189767
v -4.854789 -1.178156 13.472796
v -4.560897 -1.178156 13.472796
v -4.560897 -0.154216 14.189767
v -4.560897 -0.154216 14.189767
v -4.560897 -1.178156 13.472796
v -4.470079 -1.338475 13.701756
v -4.470079 -0.314535 14.418727
v -4.470079 -1.338475 13.701756
v -4.707843 -1.437558 13.843261
v -4.707843 -0.413618 14.560231
v -4.470079 -0.314535 14.418727
v -6.110816 -1.388438 19.576132
v -6.194531 -1.226852 19.345362
v -6.194531 -0.202912 20.062334
v -6.110816 -0.364498 20.293102
v -6.194531 -1.226852 19.345362
v -5.952471 -1.131252 19.208832
v -5.952471 -0.107312 19.925802
v -6.194531 -0.202912 20.062334
v -5.952471 -0.107312 19.925802
v -5.952471 -1.131252 19.208832
v -5.719155 -1.233755 19.355221
v -5.719155 -0.209815 20.072191
v -5.719155 -0.209815 20.072191
v -5.719155 -1.233755 19.355221
v -5.817018 -1.392705 19.582226
v -5.817018 -0.368765 20.299196
v -5.817018 -0.368765 20.299196
v -5.817018 -1.392705 19.582226
v -6.110816 -1.388438 19.576132
v -6.110816 -0.364498 20.293102
v -2.916178 -1.047518 15.578537
v -2.491621 -1.189193 14.557758
v -2.491621 -0.939193 14.557758
v -2.916178 -0.797518 15.578537
v -2.260791 -0.996748 14.653765
v -2.260791 -1.246748 14.653765
v -2.685347 -1.094248 15.674542
v -2.685347 -0.844248 15.674542
v 2.491621 -0.939193 14.557758
v 2.491621 -1.189193 14.557758
v 2.916178 -1.047518 15.578537
v 2.916178 -0.797518 15.578537
v 2.260791 -0.996748 14.653765
v 2.685347 -0.844248 15.674542
v 2.685347 -1.094248 15.674542
v 2.260791 -1.246748 14.653765
v -2.491621 0.939193 14.557758
v -2.491621 1.189193 14.557758
v -2.916178 1.047518 15.578537
v -2.916178 0.797518 15.578537
v -2.260791 0.996748 14.653765
v -2.685347 0.844248 15.674542
v -2.685347 1.094248 15.674542
v -2.260791 1.246748 14.653765
v 2.916178 1.047518 15.578537
v 2.491621 1.189193 14.557758
v 2.491621 0.939193 14.557758
v 2.916178 0.797518 15.578537
v 2.260791 0.996748 14.653765
v 2.260791 1.246748 14.653765
v 2.685347 1.094248 15.674542
v 2.685347 0.844248 15.674542
v -1.003578 -0.822661 23.568024
v -1.003578 0.822661 23.568024
v -1.003578 0.822661 23.818024
v -1.003578 -0.822661 23.818024
v -4.338999 -0.706500 26.532497
v -4.338999 -0.706500 25.899998
v -4.338999 -0.362250 26.532497
v -4.338999 0.336750 26.532497
v -4.338999 0.681000 25.899998
v -4.338999 0.681000 26.532497
v 4.888500 -0.706500 15.007499
v 4.888500 -0.362250 15.007499
v 4.888500 -0.706500 14.424999
v 4.888500 0.681000 14.424999
v 4.888500 0.336750 15.007499
v 4.888500 0.681000 15.007499
v -6.138999 -0.706500 20.744999
v -6.138999 -0.706500 20.162499
v -6.138999 -0.362250 20.744999
v -6.138999 0.336750 20.744999
v -6.138999 0.681000 20.162499
v -6.138999 0.681000 20.744999
v -4.888999 -0.706500 15.007499
v -4.888999 -0.706500 14.424999
v -4.888999 -0.362250 15.007499
v -4.888999 0.336750 15.007499
v -4.888999 0.681000 14.424999
v -4.888999 0.681000 15.007499
v 4.338500 -0.706500 26.532497
v 4.338500 -0.362250 26.532497
v 4.338500 -0.706500 25.899998
v 4.338500 0.681000 25.899998
v 4.338500 0.336750 26.532497
v 4.338500 0.681000 26.532497
v 6.138500 -0.706500 20.744999
v 6.138500 -0.362250 20.744999
v 6.138500 -0.706500 20.162499
v 6.138500 0.681000 20.162499
v 6.138500 0.336750 20.744999
v 6.138500 0.681000 20.744999
v 4.389855 0.256000 25.858769
v 3.931724 0.329101 25.963167
v 4.207088 0.388008 26.047297
v 4.227448 0.115507 25.658123
v 3.944308 0.160685 25.722645
v 3.944308 1.184626 25.005674
v 4.227448 1.139447 24.941153
v 3.931724 1.353041 25.246195
v 4.207088 1.411948 25.330324
v 4.389855 1.279940 25.141796
v 4.854789 0.154216 14.189767
v 4.707843 0.413618 14.560231
v 4.945607 0.314535 14.418727
v 4.560897 0.154216 14.189767
v 4.470079 0.314535 14.418727
v 4.470079 1.338475 13.701756
v 4.945607 1.338475 13.701756
v 4.707843 1.437558 13.843261
v 4.560897 1.178156 13.472796
v 4.854789 1.178156 13.472796
v 5.952471 0.107312 19.925802
v 5.719155 0.209815 20.072191
v 6.194531 0.202912 20.062334
v 6.110816 0.364498 20.293102
v 5.817018 0.368765 20.299196
v 5.817018 1.392705 19.582226
v 5.719155 1.233755 19.355221
v 6.110816 1.388438 19.576132
v 6.194531 1.226852 19.345362
v 5.952471 1.131252 19.208832
v -3.931724 0.329101 25.963167
v -3.944308 0.160685 25.722645
v -4.207088 0.388008 26.047297
v -4.389855 0.256000 25.858769
v -4.227448 0.115507 25.658123
v -4.707843 0.413618 14.560231
v -4.854789 0.154216 14.189767
v -4.945607 0.314535 14.418727
v -4.470079 0.314535 14.418727
v -4.560897 0.154216 14.189767
v -4.945607 1.338475 13.701756
v -4.470079 1.338475 13.701756
v -4.707843 1.437558 13.843261
v -4.854789 1.178156 13.472796
v -4.560897 1.178156 13.472796
v -6.194531 1.226852 19.345362
v -5.952471 1.131252 19.208832
v -6.110816 1.388438 19.576132
v -5.817018 1.392705 19.582226
v -5.719155 1.233755 19.355221
v 3.931724 -0.329101 25.963167
v 3.944308 -0.160685 25.722645
v 4.207088 -0.388008 26.047297
v 4.389855 -0.256000 25.858769
v 4.227448 -0.115507 25.658123
v 4.707843 -0.413618 14.560231
v 4.854789 -0.154216 14.189767
v 4.945607 -0.314535 14.418727
v 4.470079 -0.314535 14.418727
v 4.560897 -0.154216 14.189767
v 4.945607 -1.338475 13.701756
v 4.470079 -1.338475 13.701756
v 4.707843 -1.437558 13.843261
v 4.854789 -1.178156 13.472796
v 4.560897 -1.178156 13.472796
v 6.194531 -1.226852 19.345362
v 5.952471 -1.131252 19.208832
v 6.110816 -1.388438 19.576132
v 5.817018 -1.392705 19.582226
v 5.719155 -1.233755 19.355221
v -4.389855 -0.256000 25.858769
v -3.931724 -0.329101 25.963167
v -4.207088 -0.388008 26.047297
v -4.227448 -0.115507 25.658123
v -3.944308 -0.160685 25.722645
v -3.944308 -1.184626 25.005674
v -4.227448 -1.139447 24.941153
v -3.931724 -1.353041 25.246195
v -4.207088 -1.411948 25.330324
v -4.389855 -1.279940 25.141796
v -4.854789 -0.154216 14.189767
v -4.707843 -0.413618 14.560231
v -4.945607 -0.314535 14.418727
v -4.560897 -0.154216 14.189767
v -4.470079 -0.314535 14.418727
v -4.470079 -1.338475 13.701756
v -4.945607 -1.338475 13.701756
v -4.707843 -1.437558 13.843261
v -4.560897 -1.178156 13.472796
v -4.854789 -1.178156 13.472796
v -5.952471 -0.107312 19.925802
v -5.719155 -0.209815 20.072191
v -6.194531 -0.202912 20.062334
v -6.110816 -0.364498 20.293102
v -5.817018 -0.368765 20.299196
v -5.817018 -1.392705 19.582226
v -5.719155 -1.233755 19.355221
v -6.110816 -1.388438 19.576132
v -6.194531 -1.226852 19.345362
v -5.952471 -1.131252 19.208832
v -1.206500 -1.206500 21.949999
v -5.756500 -0.706500 20.544998
v -6.138999 -0.706500 20.744999
v -6.138999 -0.706500 20.162499
v -5.756500 -0.706500 20.162499
v -1.206500 -1.206500 21.567499
v -1.256500 -1.256500 20.419998
v -1.256500 -1.256500 20.037499
v -0.824000 -1.206500 21.949999
v -0.874000 -1.256500 20.419998
v -0.874000 -1.256500 20.037499
v 0.873500 -1.256500 20.037499
v -0.824000 -1.206500 21.567499
v 0.873500 -1.256500 20.419998
v 0.823500 -1.206500 21.567499
v 0.823500 -1.206500 21.949999
v 1.256000 -1.256500 20.037499
v 1.206000 -1.206500 21.567499
v 1.206000 -1.206500 21.949999
v 1.256000 -1.256500 20.419998
v 5.756000 -0.706500 20.162499
v 5.756000 -0.706500 20.544998
v 6.138500 -0.706500 20.744999
v 6.138500 -0.706500 20.162499
v -4.338999 -0.706500 26.532497
v -3.956500 -0.706500 26.282497
v -4.338999 -0.706500 25.899998
v -3.956500 -0.706500 25.899998
v -0.931500 -0.931500 27.305000
v -0.956500 -0.956500 26.157497
v -0.956500 -0.956500 25.774998
v -0.574000 -0.956500 25.774998
v -0.931500 -0.931500 26.922497
v -0.574000 -0.956500 26.157497
v 0.573500 -0.956500 25.774998
v -0.549000 -0.931500 26.922497
v 0.573500 -0.956500 26.157497
v 0.956000 -0.956500 25.774998
v -0.549000 -0.931500 27.305000
v -0.856500 -0.856500 29.599999
v 0.548500 -0.931500 26.922497
v -0.474000 -0.856500 29.599999
v -0.856500 -0.856500 29.982498
v 0.473500 -0.856500 29.599999
v 0.856000 -0.856500 29.982498
v 0.931000 -0.931500 27.305000
v 0.548500 -0.931500 27.305000
v 0.931000 -0.931500 26.922497
v 0.956000 -0.956500 26.157497
v 3.956000 -0.706500 25.899998
v 3.956000 -0.706500 26.282497
v 4.338500 -0.706500 26.532497
v 4.338500 -0.706500 25.899998
v 0.856000 -0.856500 29.982498
v 0.473500 0.473500 29.982498
v 0.856000 0.856000 29.982498
v -0.856500 0.856000 29.982498
v 0.473500 -0.474000 29.982498
v -0.474000 0.473500 29.982498
v -0.856500 -0.856500 29.982498
v -0.856500 0.473500 29.982498
v -0.474000 -0.474000 29.982498
v -0.856500 -0.474000 29.982498
vt 0.269611031 0.871301055
vt 0.269577175 0.871221662
vt 0.269201756 0.869518042
vt 0.266946524 0.859436512
vt 0.266915083 0.859368443
vt 0.267119348 0.860157132
vt 0.266915083 0.859368443
vt 0.266878903 0.859087229
vt 0.267111301 0.860151529
vt 0.210591435 0.604958713
vt 0.210414782 0.604947567
vt 0.268141508 0.864733219
vt 0.268141806 0.864747405
vt 0.267154515 0.86032033
vt 0.268142641 0.864767551
vt 0.267276227 0.860859036
vt 0.267275006 0.860852838
vt 0.267264366 0.860809445
vt 0.267140269 0.860248804
vt 0.267154515 0.86032033
vt 0.268141508 0.864733219
vt 0.267152876 0.860308647
vt 0.267139196 0.860227942
vt 0.266979635 0.859501243
vt 0.266978025 0.859445453
vt 0.267264336 0.860814929
vt 0.267210245 0.860553861
vt 0.267213166 0.860571027
vt 0.266980648 0.859463096
vt 0.267206669 0.86053884
vt 0.267208219 0.860555172
vt 0.267206669 0.86054647
vt 0.267206669 0.86054647
vt 0.269208401 0.869514108
vt 0.269611031 0.871301055
vt 0.269201636 0.869514942
vt 0.267237395 0.86064887
vt 0.266980648 0.859463096
vt 0.266972899 0.859286189
vt 0.267206669 0.86053884
vt 0.266922206 0.859297037
vt 0.2671206 0.860205054
vt 0.266915083 0.859368443
vt 0.266946524 0.859436512
vt 0.269616783 0.871375322
vt 0.269611031 0.871301055
vt 0.269208401 0.869514108
vt 0.267132729 0.860227227
vt 0.266946524 0.859436512
vt 0.266979635 0.859501243
vt 0.266980648 0.859463096
vt 0.267237395 0.86064887
vt 0.266922206 0.859297037
vt 0.210572362 0.605571747
vt 0.266878903 0.859087229
vt 0.210591435 0.604958713
vt 0.210702315 0.605373144
vt 0.266972899 0.859286189
vt 0.266980648 0.859463096
vt 0.210572362 0.605571747
vt 0.266922206 0.859297037
vt 0.210702315 0.605373144
vt 0.210572362 0.605571747
vt 0.202921286 0.191131979
vt 0.20582135 0.0767984092
vt 0.205915257 0.0766450465
vt 0.205915257 0.0766450465
vt 0.20315586 0.192777842
vt 0.205915257 0.0766450465
vt 0.205915272 0.0746749938
vt 0.203543484 0.191395074
vt 0.203277767 0.190572172
vt 0.205774739 0.0760633349
vt 0.20582135 0.0767984092
vt 0.187515259 0.208327681
vt 0.194179758 0.076077342
vt 0.194254816 0.07605353
vt 0.194254816 0.07605353
vt 0.187602729 0.209866315
vt 0.187602729 0.209866315
vt 0.194254816 0.07605353
vt 0.194254801 0.0746749938
vt 0.194154367 0.0757814646
vt 0.194179758 0.076077342
vt 0.187515259 0.208327681
vt 0.179900467 0.241402775
vt 0.187413335 0.0758413672
vt 0.187465549 0.0758613646
vt 0.187465549 0.0758613646
vt 0.179971591 0.242906541
vt 0.187386543 0.0756931603
vt 0.187413335 0.0758413672
vt 0.179900467 0.241402775
vt 0.179971591 0.242906541
vt 0.187465549 0.0758613646
vt 0.187465549 0.0746749938
vt 0.219746783 0.0999208987
vt 0.217635155 0.0999627709
vt 0.220110953 0.0966540277
vt 0.220986679 0.100842625
vt 0.217196032 0.097897172
vt 0.219527632 0.0971219838
vt 0.219821364 0.0925422311
vt 0.219906211 0.0952886939
vt 0.215345383 0.0917371213
vt 0.219906211 0.0952886939
vt 0.217698246 0.0953463912
vt 0.220567733 0.0917371213
vt 0.221551701 0.0966043174
vt 0.217293784 0.0931937993
vt 0.219821364 0.0925422311
vt 0.220577464 0.0854854286
vt 0.216532186 0.0902588367
vt 0.215938464 0.0868736207
vt 0.219386756 0.0868807733
vt 0.219455704 0.0898353457
vt 0.215345383 0.086363554
vt 0.215938464 0.0868736207
vt 0.219386756 0.0868807733
vt 0.215345383 0.0916874111
vt 0.196793497 0.145722508
vt 0.202729464 0.0766285062
vt 0.202871591 0.0763213634
vt 0.202871591 0.0763213634
vt 0.196819901 0.147455245
vt 0.196819901 0.147455245
vt 0.202871591 0.0763213634
vt 0.202871591 0.0746749938
vt 0.202871591 0.0746749938
vt 0.202634707 0.076328069
vt 0.197168648 0.145549238
vt 0.202634707 0.076328069
vt 0.202729464 0.0766285062
vt 0.196793497 0.145722508
vt 0.205987126 0.134375095
vt 0.211328119 0.0774770975
vt 0.21146974 0.0785090327
vt 0.21146974 0.0785090327
vt 0.211799428 0.0771740675
vt 0.206376225 0.132096738
vt 0.211799428 0.0771740675
vt 0.211799428 0.0746749938
vt 0.205964968 0.132397532
vt 0.205964968 0.132397532
vt 0.206376225 0.132096738
vt 0.205964968 0.132397532
vt 0.211799428 0.0746749938
vt 0.211328119 0.0774770975
vt 0.211849123 0.130788267
vt 0.215130806 0.0770845413
vt 0.215295702 0.0767394006
vt 0.215295702 0.0767394006
vt 0.21202524 0.132457644
vt 0.215295702 0.0767394006
vt 0.215295702 0.0746749938
vt 0.212439269 0.130956143
vt 0.215295702 0.0746749938
vt 0.21502465 0.0763351321
vt 0.212207422 0.130168706
vt 0.212207422 0.130168706
vt 0.21502465 0.0763351321
vt 0.215130806 0.0770845413
vt 0.205915257 0.0766450465
vt 0.20582135 0.0767984092
vt 0.202921286 0.191131979
vt 0.205915257 0.0766450465
vt 0.20315586 0.192777842
vt 0.205915257 0.0766450465
vt 0.20315586 0.192777842
vt 0.203543484 0.191395074
vt 0.20582135 0.0767984092
vt 0.205774739 0.0760633349
vt 0.203277767 0.190572172
vt 0.194254816 0.07605353
vt 0.194179758 0.076077342
vt 0.187515259 0.208327681
vt 0.194254816 0.07605353
vt 0.187602729 0.209866315
vt 0.194254801 0.0746749938
vt 0.194254816 0.07605353
vt 0.187602729 0.209866315
vt 0.194154367 0.0757814646
vt 0.187875062 0.208138376
vt 0.187515259 0.208327681
vt 0.187465549 0.0758613646
vt 0.187413335 0.0758413672
vt 0.179900467 0.241402775
vt 0.187465549 0.0758613646
vt 0.179971591 0.242906541
vt 0.187386543 0.0756931603
vt 0.180255368 0.241297215
vt 0.179900467 0.241402775
vt 0.187465549 0.0746749938
vt 0.187465549 0.0758613646
vt 0.179971591 0.242906541
vt 0.219746783 0.0999208987
vt 0.215345383 0.0966540277
vt 0.220110953 0.0966540277
vt 0.219527632 0.0971219838
vt 0.217196032 0.097897172
vt 0.220986679 0.100842625
vt 0.219821364 0.0925422311
vt 0.216999263 0.0960418284
vt 0.215345383 0.0917371213
vt 0.219906211 0.0952886939
vt 0.215345383 0.0917371213
vt 0.220567733 0.0917371213
vt 0.219821364 0.0925422311
vt 0.217293784 0.0931937993
vt 0.221551701 0.0966043174
vt 0.215938464 0.0868736207
vt 0.216532186 0.0902588367
vt 0.220577464 0.0854854286
vt 0.219386756 0.0868807733
vt 0.215345383 0.0916874111
vt 0.215345383 0.086363554
vt 0.215938464 0.0868736207
vt 0.219615802 0.0899811685
vt 0.215345383 0.0916874111
vt 0.202871591 0.0763213634
vt 0.202729464 0.0766285062
vt 0.196793497 0.145722508
vt 0.202871591 0.0763213634
vt 0.196819901 0.147455245
vt 0.202871591 0.0746749938
vt 0.202871591 0.0763213634
vt 0.196819901 0.147455245
vt 0.202871591 0.0746749938
vt 0.197270676 0.146389365
vt 0.197168648 0.145549238
vt 0.202634707 0.076328069
vt 0.197168648 0.145549238
vt 0.196793497 0.145722508
vt 0.21146974 0.0785090327
vt 0.211328119 0.0774770975
vt 0.205987126 0.134375095
vt 0.21146974 0.0785090327
vt 0.206492722 0.133097589
vt 0.206376225 0.132096738
vt 0.211799428 0.0771740675
vt 0.206376225 0.132096738
vt 0.205964968 0.132397532
vt 0.205964968 0.132397532
vt 0.211799428 0.0746749938
vt 0.211328119 0.0774770975
vt 0.211799428 0.0746749938
vt 0.205964968 0.132397532
vt 0.215295702 0.0767394006
vt 0.215130806 0.0770845413
vt 0.211849123 0.130788267
vt 0.215295702 0.0767394006
vt 0.21202524 0.132457644
vt 0.215295702 0.0767394006
vt 0.21202524 0.132457644
vt 0.212439269 0.130956143
vt 0.215295702 0.0746749938
vt 0.212439269 0.130956143
vt 0.212207422 0.130168706
vt 0.215130806 0.0770845413
vt 0.21502465 0.0763351321
vt 0.212207422 0.130168706
vt 0.202921286 0.191131979
vt 0.20582135 0.0767984092
vt 0.205915257 0.0766450465
vt 0.205915257 0.0766450465
vt 0.20315586 0.192777842
vt 0.205915257 0.0766450465
vt 0.205915272 0.0746749938
vt 0.203543484 0.191395074
vt 0.203277767 0.190572172
vt 0.205774739 0.0760633349
vt 0.20582135 0.0767984092
vt 0.187515259 0.208327681
vt 0.194179758 0.076077342
vt 0.194254816 0.07605353
vt 0.194254816 0.07605353
vt 0.187602729 0.209866315
vt 0.187602729 0.209866315
vt 0.194254816 0.07605353
vt 0.194254801 0.0746749938
vt 0.194154367 0.0757814646
vt 0.194179758 0.076077342
vt 0.187515259 0.208327681
vt 0.179900467 0.241402775
vt 0.187413335 0.0758413672
vt 0.187465549 0.0758613646
vt 0.187465549 0.0758613646
vt 0.179971591 0.242906541
vt 0.187386543 0.0756931603
vt 0.187413335 0.0758413672
vt 0.179900467 0.241402775
vt 0.179971591 0.242906541
vt 0.187465549 0.0758613646
vt 0.187465549 0.0746749938
vt 0.219746783 0.0999208987
vt 0.217635155 0.0999627709
vt 0.220110953 0.0966540277
vt 0.220986679 0.100842625
vt 0.217196032 0.097897172
vt 0.219527632 0.0971219838
vt 0.219821364 0.0925422311
vt 0.219906211 0.0952886939
vt 0.215345383 0.0917371213
vt 0.219906211 0.0952886939
vt 0.217698246 0.0953463912
vt 0.220567733 0.0917371213
vt 0.221551701 0.0966043174
vt 0.217293784 0.0931937993
vt 0.219821364 0.0925422311
vt 0.220577464 0.0854854286
vt 0.216532186 0.0902588367
vt 0.215938464 0.0868736207
vt 0.219386756 0.0868807733
vt 0.219455704 0.0898353457
vt 0.215345383 0.086363554
vt 0.215938464 0.0868736207
vt 0.219386756 0.0868807733
vt 0.215345383 0.0916874111
vt 0.196793497 0.145722508
vt 0.202729464 0.0766285062
vt 0.202871591 0.0763213634
vt 0.202871591 0.0763213634
vt 0.196819901 0.147455245
vt 0.196819901 0.147455245
vt 0.202871591 0.0763213634
vt 0.202871591 0.0746749938
vt 0.202871591 0.0746749938
vt 0.202634707 0.076328069
vt 0.197168648 0.145549238
vt 0.202634707 0.076328069
vt 0.202729464 0.0766285062
vt 0.196793497 0.145722508
vt 0.205987126 0.134375095
vt 0.211328119 0.0774770975
vt 0.21146974 0.0785090327
vt 0.21146974 0.0785090327
vt 0.211799428 0.0771740675
vt 0.206376225 0.132096738
vt 0.211799428 0.0771740675
vt 0.211799428 0.0746749938
vt 0.205964968 0.132397532
vt 0.205964968 0.132397532
vt 0.206376225 0.132096738
vt 0.205964968 0.132397532
vt 0.211799428 0.0746749938
vt 0.211328119 0.0774770975
vt 0.211849123 0.130788267
vt 0.215130806 0.0770845413
vt 0.215295702 0.0767394006
vt 0.215295702 0.0767394006
vt 0.21202524 0.132457644
vt 0.215295702 0.0767394006
vt 0.215295702 0.0746749938
vt 0.212439269 0.130956143
vt 0.215295702 0.0746749938
vt 0.21502465 0.0763351321
vt 0.212207422 0.130168706
vt 0.212207422 0.130168706
vt 0.21502465 0.0763351321
vt 0.215130806 0.0770845413
vt 0.205915257 0.0766450465
vt 0.20582135 0.0767984092
vt 0.202921286 0.191131979
vt 0.205915257 0.0766450465
vt 0.20315586 0.192777842
vt 0.205915257 0.0766450465
vt 0.20315586 0.192777842
vt 0.203543484 0.191395074
vt 0.20582135 0.0767984092
vt 0.205774739 0.0760633349
vt 0.203277767 0.190572172
vt 0.194254816 0.07605353
vt 0.194179758 0.076077342
vt 0.187515259 0.208327681
vt 0.194254816 0.07605353
vt 0.187602729 0.209866315
vt 0.194254801 0.0746749938
vt 0.194254816 0.07605353
vt 0.187602729 0.209866315
vt 0.194154367 0.0757814646
vt 0.187875062 0.208138376
vt 0.187515259 0.208327681
vt 0.187465549 0.0758613646
vt 0.187413335 0.0758413672
vt 0.179900467 0.241402775
vt 0.187465549 0.0758613646
vt 0.179971591 0.242906541
vt 0.187386543 0.0756931603
vt 0.180255368 0.241297215
vt 0.179900467 0.241402775
vt 0.187465549 0.0746749938
vt 0.187465549 0.0758613646
vt 0.179971591 0.242906541
vt 0.219746783 0.0999208987
vt 0.215345383 0.0966540277
vt 0.220110953 0.0966540277
vt 0.219527632 0.0971219838
vt 0.217196032 0.097897172
vt 0.220986679 0.100842625
vt 0.219821364 0.0925422311
vt 0.216999263 0.0960418284
vt 0.215345383 0.0917371213
vt 0.219906211 0.0952886939
vt 0.215345383 0.0917371213
vt 0.220567733 0.0917371213
vt 0.219821364 0.0925422311
vt 0.217293784 0.0931937993
vt 0.221551701 0.0966043174
vt 0.215938464 0.0868736207
vt 0.216532186 0.0902588367
vt 0.220577464 0.0854854286
vt 0.219386756 0.0868807733
vt 0.215345383 0.0916874111
vt 0.215345383 0.086363554
vt 0.215938464 0.0868736207
vt 0.219615802 0.0899811685
vt 0.215345383 0.0916874111
vt 0.202871591 0.0763213634
vt 0.202729464 0.0766285062
vt 0.196793497 0.145722508
vt 0.202871591 0.0763213634
vt 0.196819901 0.147455245
vt 0.202871591 0.0746749938
vt 0.202871591 0.0763213634
vt 0.196819901 0.147455245
vt 0.202871591 0.0746749938
vt 0.197270676 0.146389365
vt 0.197168648 0.145549238
vt 0.202634707 0.076328069
vt 0.197168648 0.145549238
vt 0.196793497 0.145722508
vt 0.21146974 0.0785090327
vt 0.211328119 0.0774770975
vt 0.205987126 0.134375095
vt 0.21146974 0.0785090327
vt 0.206492722 0.133097589
vt 0.206376225 0.132096738
vt 0.211799428 0.0771740675
vt 0.206376225 0.132096738
vt 0.205964968 0.132397532
vt 0.205964968 0.132397532
vt 0.211799428 0.0746749938
vt 0.211328119 0.0774770975
vt 0.211799428 0.0746749938
vt 0.205964968 0.132397532
vt 0.215295702 0.0767394006
vt 0.215130806 0.0770845413
vt 0.211849123 0.130788267
vt 0.215295702 0.0767394006
vt 0.21202524 0.132457644
vt 0.215295702 0.0767394006
vt 0.21202524 0.132457644
vt 0.212439269 0.130956143
vt 0.215295702 0.0746749938
vt 0.212439269 0.130956143
vt 0.212207422 0.130168706
vt 0.215130806 0.0770845413
vt 0.21502465 0.0763351321
vt 0.212207422 0.130168706
vt 0.202921286 0.191131979
vt 0.20582135 0.0767984092
vt 0.205915257 0.0766450465
vt 0.205915257 0.0766450465
vt 0.20315586 0.192777842
vt 0.205915257 0.0766450465
vt 0.205915272 0.0746749938
vt 0.203543484 0.191395074
vt 0.203277767 0.190572172
vt 0.205774739 0.0760633349
vt 0.20582135 0.0767984092
vt 0.187515259 0.208327681
vt 0.194179758 0.076077342
vt 0.194254816 0.07605353
vt 0.194254816 0.07605353
vt 0.187602729 0.209866315
vt 0.187602729 0.209866315
vt 0.194254816 0.07605353
vt 0.194254801 0.0746749938
vt 0.194154367 0.0757814646
vt 0.194179758 0.076077342
vt 0.187515259 0.208327681
vt 0.179900467 0.241402775
vt 0.187413335 0.0758413672
vt 0.187465549 0.0758613646
vt 0.187465549 0.0758613646
vt 0.179971591 0.242906541
vt 0.187386543 0.0756931603
vt 0.187413335 0.0758413672
vt 0.179900467 0.241402775
vt 0.179971591 0.242906541
vt 0.187465549 0.0758613646
vt 0.187465549 0.0746749938
vt 0.219746783 0.0999208987
vt 0.217635155 0.0999627709
vt 0.220110953 0.0966540277
vt 0.220986679 0.100842625
vt 0.217196032 0.097897172
vt 0.219527632 0.0971219838
vt 0.219821364 0.0925422311
vt 0.219906211 0.0952886939
vt 0.215345383 0.0917371213
vt 0.219906211 0.0952886939
vt 0.217698246 0.0953463912
vt 0.220567733 0.0917371213
vt 0.221551701 0.0966043174
vt 0.217293784 0.0931937993
vt 0.219821364 0.0925422311
vt 0.220577464 0.0854854286
vt 0.216532186 0.0902588367
vt 0.215938464 0.0868736207
vt 0.219386756 0.0868807733
vt 0.219455704 0.0898353457
vt 0.215345383 0.086363554
vt 0.215938464 0.0868736207
vt 0.219386756 0.0868807733
vt 0.215345383 0.0916874111
vt 0.196793497 0.145722508
vt 0.202729464 0.0766285062
vt 0.202871591 0.0763213634
vt 0.202871591 0.0763213634
vt 0.196819901 0.147455245
vt 0.196819901 0.147455245
vt 0.202871591 0.0763213634
vt 0.202871591 0.0746749938
vt 0.202871591 0.0746749938
vt 0.202634707 0.076328069
vt 0.197168648 0.145549238
vt 0.202634707 0.076328069
vt 0.202729464 0.0766285062
vt 0.196793497 0.145722508
vt 0.205987126 0.134375095
vt 0.211328119 0.0774770975
vt 0.21146974 0.0785090327
vt 0.21146974 0.0785090327
vt 0.211799428 0.0771740675
vt 0.206376225 0.132096738
vt 0.211799428 0.0771740675
vt 0.211799428 0.0746749938
vt 0.205964968 0.132397532
vt 0.205964968 0.132397532
vt 0.206376225 0.132096738
vt 0.205964968 0.132397532
vt 0.211799428 0.0746749938
vt 0.211328119 0.0774770975
vt 0.211849123 0.130788267
vt 0.215130806 0.0770845413
vt 0.215295702 0.0767394006
vt 0.215295702 0.0767394006
vt 0.21202524 0.132457644
vt 0.215295702 0.0767394006
vt 0.215295702 0.0746749938
vt 0.212439269 0.130956143
vt 0.215295702 0.0746749938
vt 0.21502465 0.0763351321
vt 0.212207422 0.130168706
vt 0.212207422 0.130168706
vt 0.21502465 0.0763351321
vt 0.215130806 0.0770845413
vt 0.205915257 0.0766450465
vt 0.20582135 0.0767984092
vt 0.202921286 0.191131979
vt 0.205915257 0.0766450465
vt 0.20315586 0.192777842
vt 0.205915257 0.0766450465
vt 0.20315586 0.192777842
vt 0.203543484 0.191395074
vt 0.20582135 0.0767984092
vt 0.205774739 0.0760633349
vt 0.203277767 0.190572172
vt 0.194254816 0.07605353
vt 0.194179758 0.076077342
vt 0.187515259 0.208327681
vt 0.194254816 0.07605353
vt 0.187602729 0.209866315
vt 0.194254801 0.0746749938
vt 0.194254816 0.07605353
vt 0.187602729 0.209866315
vt 0.194154367 0.0757814646
vt 0.187875062 0.208138376
vt 0.187515259 0.208327681
vt 0.187465549 0.0758613646
vt 0.187413335 0.0758413672
vt 0.179900467 0.241402775
vt 0.187465549 0.0758613646
vt 0.179971591 0.242906541
vt 0.187386543 0.0756931603
vt 0.180255368 0.241297215
vt 0.179900467 0.241402775
vt 0.187465549 0.0746749938
vt 0.187465549 0.0758613646
vt 0.179971591 0.242906541
vt 0.219746783 0.0999208987
vt 0.215345383 0.0966540277
vt 0.220110953 0.0966540277
vt 0.219527632 0.0971219838
vt 0.217196032 0.097897172
vt 0.220986679 0.100842625
vt 0.219821364 0.0925422311
vt 0.216999263 0.0960418284
vt 0.215345383 0.0917371213
vt 0.219906211 0.0952886939
vt 0.215345383 0.0917371213
vt 0.220567733 0.0917371213
vt 0.219821364 0.0925422311
vt 0.217293784 0.0931937993
vt 0.221551701 0.0966043174
vt 0.215938464 0.0868736207
vt 0.216532186 0.0902588367
vt 0.220577464 0.0854854286
vt 0.219386756 0.0868807733
vt 0.215345383 0.0916874111
vt 0.215345383 0.086363554
vt 0.215938464 0.0868736207
vt 0.219615802 0.0899811685
vt 0.215345383 0.0916874111
vt 0.202871591 0.0763213634
vt 0.202729464 0.0766285062
vt 0.196793497 0.145722508
vt 0.202871591 0.0763213634
vt 0.196819901 0.147455245
vt 0.202871591 0.0746749938
vt 0.202871591 0.0763213634
vt 0.196819901 0.147455245
vt 0.202871591 0.0746749938
vt 0.197270676 0.146389365
vt 0.197168648 0.145549238
vt 0.202634707 0.076328069
vt 0.197168648 0.145549238
vt 0.196793497 0.145722508
vt 0.21146974 0.0785090327
vt 0.211328119 0.0774770975
vt 0.205987126 0.134375095
vt 0.21146974 0.0785090327
vt 0.206492722 0.133097589
vt 0.206376225 0.132096738
vt 0.211799428 0.0771740675
vt 0.206376225 0.132096738
vt 0.205964968 0.132397532
vt 0.205964968 0.132397532
vt 0.211799428 0.0746749938
vt 0.211328119 0.0774770975
vt 0.211799428 0.0746749938
vt 0.205964968 0.132397532
vt 0.215295702 0.0767394006
vt 0.215130806 0.0770845413
vt 0.211849123 0.130788267
vt 0.215295702 0.0767394006
vt 0.21202524 0.132457644
vt 0.215295702 0.0767394006
vt 0.21202524 0.132457644
vt 0.212439269 0.130956143
vt 0.215295702 0.0746749938
vt 0.212439269 0.130956143
vt 0.212207422 0.130168706
vt 0.215130806 0.0770845413
vt 0.21502465 0.0763351321
vt 0.212207422 0.130168706
vt 0.202921286 0.191131979
vt 0.20582135 0.0767984092
vt 0.205915257 0.0766450465
vt 0.205915257 0.0766450465
vt 0.20315586 0.192777842
vt 0.205915257 0.0766450465
vt 0.205915272 0.0746749938
vt 0.203543484 0.191395074
vt 0.203277767 0.190572172
vt 0.205774739 0.0760633349
vt 0.20582135 0.0767984092
vt 0.187515259 0.208327681
vt 0.194179758 0.076077342
vt 0.194254816 0.07605353
vt 0.194254816 0.07605353
vt 0.187602729 0.209866315
vt 0.187602729 0.209866315
vt 0.194254816 0.07605353
vt 0.194254801 0.0746749938
vt 0.194154367 0.0757814646
vt 0.194179758 0.076077342
vt 0.187515259 0.208327681
vt 0.179900467 0.241402775
vt 0.187413335 0.0758413672
vt 0.187465549 0.0758613646
vt 0.187465549 0.0758613646
vt 0.179971591 0.242906541
vt 0.187386543 0.0756931603
vt 0.187413335 0.0758413672
vt 0.179900467 0.241402775
vt 0.179971591 0.242906541
vt 0.187465549 0.0758613646
vt 0.187465549 0.0746749938
vt 0.219746783 0.0999208987
vt 0.217635155 0.0999627709
vt 0.220110953 0.0966540277
vt 0.220986679 0.100842625
vt 0.217196032 0.097897172
vt 0.219527632 0.0971219838
vt 0.219821364 0.0925422311
vt 0.219906211 0.0952886939
vt 0.215345383 0.0917371213
vt 0.219906211 0.0952886939
vt 0.217698246 0.0953463912
vt 0.220567733 0.0917371213
vt 0.221551701 0.0966043174
vt 0.217293784 0.0931937993
vt 0.219821364 0.0925422311
vt 0.220577464 0.0854854286
vt 0.216532186 0.0902588367
vt 0.215938464 0.0868736207
vt 0.219386756 0.0868807733
vt 0.219455704 0.0898353457
vt 0.215345383 0.086363554
vt 0.215938464 0.0868736207
vt 0.219386756 0.0868807733
vt 0.215345383 0.0916874111
vt 0.196793497 0.145722508
vt 0.202729464 0.0766285062
vt 0.202871591 0.0763213634
vt 0.202871591 0.0763213634
vt 0.196819901 0.147455245
vt 0.196819901 0.147455245
vt 0.202871591 0.0763213634
vt 0.202871591 0.0746749938
vt 0.202871591 0.0746749938
vt 0.202634707 0.076328069
vt 0.197168648 0.145549238
vt 0.202634707 0.076328069
vt 0.202729464 0.0766285062
vt 0.196793497 0.145722508
vt 0.205987126 0.134375095
vt 0.211328119 0.0774770975
vt 0.21146974 0.0785090327
vt 0.21146974 0.0785090327
vt 0.211799428 0.0771740675
vt 0.206376225 0.132096738
vt 0.211799428 0.0771740675
vt 0.211799428 0.0746749938
vt 0.205964968 0.132397532
vt 0.205964968 0.132397532
vt 0.206376225 0.132096738
vt 0.205964968 0.132397532
vt 0.211799428 0.0746749938
vt 0.211328119 0.0774770975
vt 0.211849123 0.130788267
vt 0.215130806 0.0770845413
vt 0.215295702 0.0767394006
vt 0.215295702 0.0767394006
vt 0.21202524 0.132457644
vt 0.215295702 0.0767394006
vt 0.215295702 0.0746749938
vt 0.212439269 0.130956143
vt 0.215295702 0.0746749938
vt 0.21502465 0.0763351321
vt 0.212207422 0.130168706
vt 0.212207422 0.130168706
vt 0.21502465 0.0763351321
vt 0.215130806 0.0770845413
vt 0.205915257 0.0766450465
vt 0.20582135 0.0767984092
vt 0.202921286 0.191131979
vt 0.205915257 0.0766450465
vt 0.20315586 0.192777842
vt 0.205915257 0.0766450465
vt 0.20315586 0.192777842
vt 0.203543484 0.191395074
vt 0.20582135 0.0767984092
vt 0.205774739 0.0760633349
vt 0.203277767 0.190572172
vt 0.266946524 0.859436512
vt 0.267119348 0.860157132
vt 0.267120242 0.860173106
vt 0.267130733 0.860221982
vt 0.267122686 0.860171318
vt 0.267129004 0.860197067
vt 0.267141193 0.860236406
vt 0.26720649 0.860541701
vt 0.267211854 0.86056006
vt 0.267210245 0.860553861
vt 0.266979635 0.859501243
vt 0.267239451 0.860664248
vt 0.267237484 0.860656977
vt 0.267297089 0.860936522
vt 0.267213166 0.860571027
vt 0.267295957 0.860933185
vt 0.267245144 0.86068356
vt 0.267296731 0.860937834
vt 0.267286211 0.860884428
vt 0.267245471 0.860677958
vt 0.267287552 0.860888362
vt 0.267296672 0.860942245
vt 0.26728934 0.860906601
vt 0.267290652 0.860901833
vt 0.267286599 0.86088717
vt 0.267287672 0.86089313
vt 0.194254816 0.07605353
vt 0.194179758 0.076077342
vt 0.187515259 0.208327681
vt 0.194254816 0.07605353
vt 0.187602729 0.209866315
vt 0.194254801 0.0746749938
vt 0.194254816 0.07605353
vt 0.187602729 0.209866315
vt 0.194154367 0.0757814646
vt 0.187875062 0.208138376
vt 0.187515259 0.208327681
vt 0.269208401 0.869514108
vt 0.269201994 0.869519114
vt 0.269578218 0.8712008
vt 0.187465549 0.0758613646
vt 0.187413335 0.0758413672
vt 0.179900467 0.241402775
vt 0.187465549 0.0758613646
vt 0.179971591 0.242906541
vt 0.187386543 0.0756931603
vt 0.180255368 0.241297215
vt 0.179900467 0.241402775
vt 0.187465549 0.0746749938
vt 0.187465549 0.0758613646
vt 0.179971591 0.242906541
vt 0.219746783 0.0999208987
vt 0.215345383 0.0966540277
vt 0.220110953 0.0966540277
vt 0.219527632 0.0971219838
vt 0.217196032 0.097897172
vt 0.220986679 0.100842625
vt 0.219821364 0.0925422311
vt 0.216999263 0.0960418284
vt 0.215345383 0.0917371213
vt 0.219906211 0.0952886939
vt 0.215345383 0.0917371213
vt 0.220567733 0.0917371213
vt 0.219821364 0.0925422311
vt 0.217293784 0.0931937993
vt 0.221551701 0.0966043174
vt 0.215938464 0.0868736207
vt 0.216532186 0.0902588367
vt 0.220577464 0.0854854286
vt 0.219386756 0.0868807733
vt 0.215345383 0.0916874111
vt 0.215345383 0.086363554
vt 0.215938464 0.0868736207
vt 0.219615802 0.0899811685
vt 0.215345383 0.0916874111
vt 0.202871591 0.0763213634
vt 0.202729464 0.0766285062
vt 0.196793497 0.145722508
vt 0.202871591 0.0763213634
vt 0.196819901 0.147455245
vt 0.202871591 0.0746749938
vt 0.202871591 0.0763213634
vt 0.196819901 0.147455245
vt 0.202871591 0.0746749938
vt 0.197270676 0.146389365
vt 0.197168648 0.145549238
vt 0.202634707 0.076328069
vt 0.197168648 0.145549238
vt 0.196793497 0.145722508
vt 0.21146974 0.0785090327
vt 0.211328119 0.0774770975
vt 0.205987126 0.134375095
vt 0.21146974 0.0785090327
vt 0.206492722 0.133097589
vt 0.206376225 0.132096738
vt 0.211799428 0.0771740675
vt 0.206376225 0.132096738
vt 0.205964968 0.132397532
vt 0.205964968 0.132397532
vt 0.211799428 0.0746749938
vt 0.211328119 0.0774770975
vt 0.211799428 0.0746749938
vt 0.205964968 0.132397532
vt 0.215295702 0.0767394006
vt 0.215130806 0.0770845413
vt 0.211849123 0.130788267
vt 0.215295702 0.0767394006
vt 0.21202524 0.132457644
vt 0.215295702 0.0767394006
vt 0.21202524 0.132457644
vt 0.212439269 0.130956143
vt 0.215295702 0.0746749938
vt 0.212439269 0.130956143
vt 0.212207422 0.130168706
vt 0.215130806 0.0770845413
vt 0.21502465 0.0763351321
vt 0.212207422 0.130168706
vt 0.235115364 0.30416438
vt 0.251348227 0.17623347
vt 0.245586544 0.195326179
vt 0.245586544 0.195326179
vt 0.248035431 0.202309519
vt 0.232184425 0.306115896
vt 0.248035431 0.202309519
vt 0.251348227 0.194658279
vt 0.232159466 0.315954
vt 0.232159466 0.315954
vt 0.251348227 0.194658279
vt 0.251348227 0.17623347
vt 0.232127011 0.17623347
vt 0.227351725 0.192852914
vt 0.206837162 0.30990389
vt 0.210880846 0.297620982
vt 0.229354128 0.195554584
vt 0.23212707 0.190404683
vt 0.254611075 0.285213917
vt 0.273603529 0.17623347
vt 0.267055035 0.19565329
vt 0.267055035 0.19565329
vt 0.269464642 0.201835245
vt 0.251872003 0.286165386
vt 0.269464642 0.201835245
vt 0.273603529 0.194132417
vt 0.251380622 0.296392709
vt 0.251380622 0.296392709
vt 0.251872003 0.286165386
vt 0.251380622 0.296392709
vt 0.273603529 0.194132417
vt 0.273603529 0.17623347
vt 0.245586544 0.195326179
vt 0.251348227 0.17623347
vt 0.235115364 0.30416438
vt 0.245586544 0.195326179
vt 0.233507693 0.301953346
vt 0.232184425 0.306115896
vt 0.248035431 0.202309519
vt 0.232184425 0.306115896
vt 0.232159466 0.315954
vt 0.251348227 0.17623347
vt 0.251348227 0.194658279
vt 0.232159466 0.315954
vt 0.232127011 0.17623347
vt 0.206535131 0.29880777
vt 0.206837162 0.30990389
vt 0.23212707 0.190404683
vt 0.229354128 0.195554584
vt 0.210880846 0.297620982
vt 0.267055035 0.19565329
vt 0.273603529 0.17623347
vt 0.254611075 0.285213917
vt 0.267055035 0.19565329
vt 0.253452271 0.282795101
vt 0.251872003 0.286165386
vt 0.269464642 0.201835245
vt 0.251872003 0.286165386
vt 0.251380622 0.296392709
vt 0.251380622 0.296392709
vt 0.273603529 0.194132417
vt 0.273603529 0.17623347
vt 0.273603529 0.194132417
vt 0.251380622 0.296392709
vt 0.245586544 0.195326179
vt 0.251348227 0.17623347
vt 0.235115364 0.30416438
vt 0.245586544 0.195326179
vt 0.233507693 0.301953346
vt 0.232184425 0.306115896
vt 0.248035431 0.202309519
vt 0.232184425 0.306115896
vt 0.232159466 0.315954
vt 0.251348227 0.17623347
vt 0.251348227 0.194658279
vt 0.232159466 0.315954
vt 0.232127011 0.17623347
vt 0.206535131 0.29880777
vt 0.206837162 0.30990389
vt 0.23212707 0.190404683
vt 0.229354128 0.195554584
vt 0.210880846 0.297620982
vt 0.267055035 0.19565329
vt 0.273603529 0.17623347
vt 0.254611075 0.285213917
vt 0.267055035 0.19565329
vt 0.253452271 0.282795101
vt 0.251872003 0.286165386
vt 0.269464642 0.201835245
vt 0.251872003 0.286165386
vt 0.251380622 0.296392709
vt 0.251380622 0.296392709
vt 0.273603529 0.194132417
vt 0.273603529 0.17623347
vt 0.273603529 0.194132417
vt 0.251380622 0.296392709
vt 0.235115364 0.30416438
vt 0.251348227 0.17623347
vt 0.245586544 0.195326179
vt 0.245586544 0.195326179
vt 0.248035431 0.202309519
vt 0.232184425 0.306115896
vt 0.248035431 0.202309519
vt 0.251348227 0.194658279
vt 0.232159466 0.315954
vt 0.232159466 0.315954
vt 0.251348227 0.194658279
vt 0.251348227 0.17623347
vt 0.232127011 0.17623347
vt 0.227351725 0.192852914
vt 0.206837162 0.30990389
vt 0.210880846 0.297620982
vt 0.229354128 0.195554584
vt 0.23212707 0.190404683
vt 0.254611075 0.285213917
vt 0.273603529 0.17623347
vt 0.267055035 0.19565329
vt 0.267055035 0.19565329
vt 0.269464642 0.201835245
vt 0.251872003 0.286165386
vt 0.269464642 0.201835245
vt 0.273603529 0.194132417
vt 0.251380622 0.296392709
vt 0.251380622 0.296392709
vt 0.251872003 0.286165386
vt 0.251380622 0.296392709
vt 0.273603529 0.194132417
vt 0.273603529 0.17623347
vt 0.268142641 0.864767551
vt 0.267275006 0.860852838
vt 0.268147528 0.864778042
vt 0.267237395 0.86064887
vt 0.266972899 0.859286189
vt 0.267237663 0.860638976
vt 0.267243057 0.860669374
vt 0.267294168 0.86092782
vt 0.267293274 0.860922337
vt 0.267293513 0.86092484
vt 0.267208219 0.860555172
vt 0.267206669 0.86053884
vt 0.267245829 0.860661745
vt 0.267287314 0.860882163
vt 0.267287493 0.860887408
vt 0.267287076 0.860885501
vt 0.267290056 0.860899329
vt 0.267289698 0.860899329
vt 0.267290562 0.860902548
vt 0.267293334 0.860931516
vt 0.26720354 0.860527635
vt 0.266922206 0.859297037
vt 0.267132193 0.860230088
vt 0.267207175 0.860546112
vt 0.267129511 0.860215902
vt 0.267130673 0.860217333
vt 0.267119139 0.860170126
vt 0.26711762 0.860163808
vt 0.267111301 0.860151529
vt 0.266878903 0.859087229
vt 0.266979635 0.859501243
vt 0.267237484 0.860656977
vt 0.266978025 0.859445453
vt 0.26720649 0.860541701
vt 0.266946524 0.859436512
vt 0.266878903 0.859087229
vt 0.210702315 0.605373144
vt 0.266922206 0.859297037
vt 0.266972899 0.859286189
vt 0.210572362 0.605571747
vt 0.210414782 0.604947567
vt 0.205915257 0.0766450465
vt 0.203543484 0.191395074
vt 0.20315586 0.192777842
vt 0.203277767 0.190572172
vt 0.20582135 0.0767984092
vt 0.202921286 0.191131979
vt 0.187602729 0.209866315
vt 0.194254801 0.0746749938
vt 0.18799673 0.20895806
vt 0.194154367 0.0757814646
vt 0.187515259 0.208327681
vt 0.187875062 0.208138376
vt 0.187386543 0.0756931603
vt 0.179900467 0.241402775
vt 0.180255368 0.241297215
vt 0.179971591 0.242906541
vt 0.187465549 0.0746749938
vt 0.180355102 0.242111355
vt 0.219746783 0.0999208987
vt 0.220110953 0.0966540277
vt 0.215345383 0.0966540277
vt 0.220986679 0.100842625
vt 0.219527632 0.0971219838
vt 0.21694617 0.100469679
vt 0.219821364 0.0925422311
vt 0.215345383 0.0917371213
vt 0.216999263 0.0960418284
vt 0.219906211 0.0952886939
vt 0.220567733 0.0917371213
vt 0.215345383 0.0917371213
vt 0.221551701 0.0966043174
vt 0.219821364 0.0925422311
vt 0.216999263 0.0960418284
vt 0.220577464 0.0854854286
vt 0.215938464 0.0868736207
vt 0.219615802 0.0899811685
vt 0.219386756 0.0868807733
vt 0.215345383 0.086363554
vt 0.215345383 0.0916874111
vt 0.215938464 0.0868736207
vt 0.215345383 0.0916874111
vt 0.219615802 0.0899811685
vt 0.196819901 0.147455245
vt 0.202871591 0.0746749938
vt 0.197270676 0.146389365
vt 0.202871591 0.0746749938
vt 0.197168648 0.145549238
vt 0.197270676 0.146389365
vt 0.202634707 0.076328069
vt 0.196793497 0.145722508
vt 0.197168648 0.145549238
vt 0.205987126 0.134375095
vt 0.21146974 0.0785090327
vt 0.206492722 0.133097589
vt 0.21146974 0.0785090327
vt 0.206376225 0.132096738
vt 0.206492722 0.133097589
vt 0.205964968 0.132397532
vt 0.211328119 0.0774770975
vt 0.205987126 0.134375095
vt 0.215295702 0.0767394006
vt 0.212439269 0.130956143
vt 0.21202524 0.132457644
vt 0.215295702 0.0746749938
vt 0.212207422 0.130168706
vt 0.212439269 0.130956143
vt 0.212207422 0.130168706
vt 0.215130806 0.0770845413
vt 0.211849123 0.130788267
vt 0.205915257 0.0766450465
vt 0.203543484 0.191395074
vt 0.205915272 0.0746749938
vt 0.20582135 0.0767984092
vt 0.203277767 0.190572172
vt 0.202921286 0.191131979
vt 0.194254801 0.0746749938
vt 0.187602729 0.209866315
vt 0.18799673 0.20895806
vt 0.194154367 0.0757814646
vt 0.187515259 0.208327681
vt 0.194179758 0.076077342
vt 0.187386543 0.0756931603
vt 0.179900467 0.241402775
vt 0.187413335 0.0758413672
vt 0.187465549 0.0746749938
vt 0.179971591 0.242906541
vt 0.180355102 0.242111355
vt 0.219746783 0.0999208987
vt 0.220110953 0.0966540277
vt 0.217635155 0.0999627709
vt 0.219527632 0.0971219838
vt 0.220986679 0.100842625
vt 0.21694617 0.100469679
vt 0.219821364 0.0925422311
vt 0.215345383 0.0917371213
vt 0.219906211 0.0952886939
vt 0.219906211 0.0952886939
vt 0.220567733 0.0917371213
vt 0.217698246 0.0953463912
vt 0.219821364 0.0925422311
vt 0.221551701 0.0966043174
vt 0.216999263 0.0960418284
vt 0.215938464 0.0868736207
vt 0.220577464 0.0854854286
vt 0.219615802 0.0899811685
vt 0.219386756 0.0868807733
vt 0.215345383 0.086363554
vt 0.219455704 0.0898353457
vt 0.215938464 0.0868736207
vt 0.215345383 0.0916874111
vt 0.219386756 0.0868807733
vt 0.202871591 0.0746749938
vt 0.196819901 0.147455245
vt 0.197270676 0.146389365
vt 0.202871591 0.0746749938
vt 0.197168648 0.145549238
vt 0.202634707 0.076328069
vt 0.202634707 0.076328069
vt 0.196793497 0.145722508
vt 0.202729464 0.0766285062
vt 0.21146974 0.0785090327
vt 0.205987126 0.134375095
vt 0.206492722 0.133097589
vt 0.21146974 0.0785090327
vt 0.206376225 0.132096738
vt 0.211799428 0.0771740675
vt 0.211328119 0.0774770975
vt 0.205964968 0.132397532
vt 0.205987126 0.134375095
vt 0.215295702 0.0767394006
vt 0.212439269 0.130956143
vt 0.215295702 0.0746749938
vt 0.215295702 0.0746749938
vt 0.212207422 0.130168706
vt 0.21502465 0.0763351321
vt 0.215130806 0.0770845413
vt 0.212207422 0.130168706
vt 0.211849123 0.130788267
vt 0.205915257 0.0766450465
vt 0.203543484 0.191395074
vt 0.20315586 0.192777842
vt 0.203277767 0.190572172
vt 0.20582135 0.0767984092
vt 0.202921286 0.191131979
vt 0.187602729 0.209866315
vt 0.194254801 0.0746749938
vt 0.18799673 0.20895806
vt 0.194154367 0.0757814646
vt 0.187515259 0.208327681
vt 0.187875062 0.208138376
vt 0.187386543 0.0756931603
vt 0.179900467 0.241402775
vt 0.180255368 0.241297215
vt 0.179971591 0.242906541
vt 0.187465549 0.0746749938
vt 0.180355102 0.242111355
vt 0.219746783 0.0999208987
vt 0.220110953 0.0966540277
vt 0.215345383 0.0966540277
vt 0.220986679 0.100842625
vt 0.219527632 0.0971219838
vt 0.21694617 0.100469679
vt 0.219821364 0.0925422311
vt 0.215345383 0.0917371213
vt 0.216999263 0.0960418284
vt 0.219906211 0.0952886939
vt 0.220567733 0.0917371213
vt 0.215345383 0.0917371213
vt 0.221551701 0.0966043174
vt 0.219821364 0.0925422311
vt 0.216999263 0.0960418284
vt 0.220577464 0.0854854286
vt 0.215938464 0.0868736207
vt 0.219615802 0.0899811685
vt 0.219386756 0.0868807733
vt 0.215345383 0.086363554
vt 0.215345383 0.0916874111
vt 0.215938464 0.0868736207
vt 0.215345383 0.0916874111
vt 0.219615802 0.0899811685
vt 0.196819901 0.147455245
vt 0.202871591 0.0746749938
vt 0.197270676 0.146389365
vt 0.202871591 0.0746749938
vt 0.197168648 0.145549238
vt 0.197270676 0.146389365
vt 0.202634707 0.076328069
vt 0.196793497 0.145722508
vt 0.197168648 0.145549238
vt 0.205987126 0.134375095
vt 0.21146974 0.0785090327
vt 0.206492722 0.133097589
vt 0.21146974 0.0785090327
vt 0.206376225 0.132096738
vt 0.206492722 0.133097589
vt 0.205964968 0.132397532
vt 0.211328119 0.0774770975
vt 0.205987126 0.134375095
vt 0.215295702 0.0767394006
vt 0.212439269 0.130956143
vt 0.21202524 0.132457644
vt 0.215295702 0.0746749938
vt 0.212207422 0.130168706
vt 0.212439269 0.130956143
vt 0.212207422 0.130168706
vt 0.215130806 0.0770845413
vt 0.211849123 0.130788267
vt 0.205915257 0.0766450465
vt 0.203543484 0.191395074
vt 0.205915272 0.0746749938
vt 0.20582135 0.0767984092
vt 0.203277767 0.190572172
vt 0.202921286 0.191131979
vt 0.194254801 0.0746749938
vt 0.187602729 0.209866315
vt 0.18799673 0.20895806
vt 0.194154367 0.0757814646
vt 0.187515259 0.208327681
vt 0.194179758 0.076077342
vt 0.187386543 0.0756931603
vt 0.179900467 0.241402775
vt 0.187413335 0.0758413672
vt 0.187465549 0.0746749938
vt 0.179971591 0.242906541
vt 0.180355102 0.242111355
vt 0.219746783 0.0999208987
vt 0.220110953 0.0966540277
vt 0.217635155 0.0999627709
vt 0.219527632 0.0971219838
vt 0.220986679 0.100842625
vt 0.21694617 0.100469679
vt 0.219821364 0.0925422311
vt 0.215345383 0.0917371213
vt 0.219906211 0.0952886939
vt 0.219906211 0.0952886939
vt 0.220567733 0.0917371213
vt 0.217698246 0.0953463912
vt 0.219821364 0.0925422311
vt 0.221551701 0.0966043174
vt 0.216999263 0.0960418284
vt 0.215938464 0.0868736207
vt 0.220577464 0.0854854286
vt 0.219615802 0.0899811685
vt 0.219386756 0.0868807733
vt 0.215345383 0.086363554
vt 0.219455704 0.0898353457
vt 0.215938464 0.0868736207
vt 0.215345383 0.0916874111
vt 0.219386756 0.0868807733
vt 0.202871591 0.0746749938
vt 0.196819901 0.147455245
vt 0.197270676 0.146389365
vt 0.202871591 0.0746749938
vt 0.197168648 0.145549238
vt 0.202634707 0.076328069
vt 0.202634707 0.076328069
vt 0.196793497 0.145722508
vt 0.202729464 0.0766285062
vt 0.21146974 0.0785090327
vt 0.205987126 0.134375095
vt 0.206492722 0.133097589
vt 0.21146974 0.0785090327
vt 0.206376225 0.132096738
vt 0.211799428 0.0771740675
vt 0.211328119 0.0774770975
vt 0.205964968 0.132397532
vt 0.205987126 0.134375095
vt 0.215295702 0.0767394006
vt 0.212439269 0.130956143
vt 0.215295702 0.0746749938
vt 0.215295702 0.0746749938
vt 0.212207422 0.130168706
vt 0.21502465 0.0763351321
vt 0.215130806 0.0770845413
vt 0.212207422 0.130168706
vt 0.211849123 0.130788267
vt 0.205915257 0.0766450465
vt 0.203543484 0.191395074
vt 0.20315586 0.192777842
vt 0.203277767 0.190572172
vt 0.20582135 0.0767984092
vt 0.202921286 0.191131979
vt 0.187602729 0.209866315
vt 0.194254801 0.0746749938
vt 0.18799673 0.20895806
vt 0.194154367 0.0757814646
vt 0.187515259 0.208327681
vt 0.187875062 0.208138376
vt 0.187386543 0.0756931603
vt 0.179900467 0.241402775
vt 0.180255368 0.241297215
vt 0.179971591 0.242906541
vt 0.187465549 0.0746749938
vt 0.180355102 0.242111355
vt 0.219746783 0.0999208987
vt 0.220110953 0.0966540277
vt 0.215345383 0.0966540277
vt 0.220986679 0.100842625
vt 0.219527632 0.0971219838
vt 0.21694617 0.100469679
vt 0.219821364 0.0925422311
vt 0.215345383 0.0917371213
vt 0.216999263 0.0960418284
vt 0.219906211 0.0952886939
vt 0.220567733 0.0917371213
vt 0.215345383 0.0917371213
vt 0.221551701 0.0966043174
vt 0.219821364 0.0925422311
vt 0.216999263 0.0960418284
vt 0.220577464 0.0854854286
vt 0.215938464 0.0868736207
vt 0.219615802 0.0899811685
vt 0.219386756 0.0868807733
vt 0.215345383 0.086363554
vt 0.215345383 0.0916874111
vt 0.215938464 0.0868736207
vt 0.215345383 0.0916874111
vt 0.219615802 0.0899811685
vt 0.196819901 0.147455245
vt 0.202871591 0.0746749938
vt 0.197270676 0.146389365
vt 0.202871591 0.0746749938
vt 0.197168648 0.145549238
vt 0.197270676 0.146389365
vt 0.202634707 0.076328069
vt 0.196793497 0.145722508
vt 0.197168648 0.145549238
vt 0.205987126 0.134375095
vt 0.21146974 0.0785090327
vt 0.206492722 0.133097589
vt 0.21146974 0.0785090327
vt 0.206376225 0.132096738
vt 0.206492722 0.133097589
vt 0.205964968 0.132397532
vt 0.211328119 0.0774770975
vt 0.205987126 0.134375095
vt 0.215295702 0.0767394006
vt 0.212439269 0.130956143
vt 0.21202524 0.132457644
vt 0.215295702 0.0746749938
vt 0.212207422 0.130168706
vt 0.212439269 0.130956143
vt 0.212207422 0.130168706
vt 0.215130806 0.0770845413
vt 0.211849123 0.130788267
vt 0.205915257 0.0766450465
vt 0.203543484 0.191395074
vt 0.205915272 0.0746749938
vt 0.20582135 0.0767984092
vt 0.203277767 0.190572172
vt 0.202921286 0.191131979
vt 0.194254801 0.0746749938
vt 0.187602729 0.209866315
vt 0.18799673 0.20895806
vt 0.194154367 0.0757814646
vt 0.187515259 0.208327681
vt 0.194179758 0.076077342
vt 0.187386543 0.0756931603
vt 0.179900467 0.241402775
vt 0.187413335 0.0758413672
vt 0.187465549 0.0746749938
vt 0.179971591 0.242906541
vt 0.180355102 0.242111355
vt 0.219746783 0.0999208987
vt 0.220110953 0.0966540277
vt 0.217635155 0.0999627709
vt 0.219527632 0.0971219838
vt 0.220986679 0.100842625
vt 0.21694617 0.100469679
vt 0.219821364 0.0925422311
vt 0.215345383 0.0917371213
vt 0.219906211 0.0952886939
vt 0.219906211 0.0952886939
vt 0.220567733 0.0917371213
vt 0.217698246 0.0953463912
vt 0.219821364 0.0925422311
vt 0.221551701 0.0966043174
vt 0.216999263 0.0960418284
vt 0.215938464 0.0868736207
vt 0.220577464 0.0854854286
vt 0.219615802 0.0899811685
vt 0.219386756 0.0868807733
vt 0.215345383 0.086363554
vt 0.219455704 0.0898353457
vt 0.215938464 0.0868736207
vt 0.215345383 0.0916874111
vt 0.219386756 0.0868807733
vt 0.202871591 0.0746749938
vt 0.196819901 0.147455245
vt 0.197270676 0.146389365
vt 0.202871591 0.0746749938
vt 0.197168648 0.145549238
vt 0.202634707 0.076328069
vt 0.202634707 0.076328069
vt 0.196793497 0.145722508
vt 0.202729464 0.0766285062
vt 0.21146974 0.0785090327
vt 0.205987126 0.134375095
vt 0.206492722 0.133097589
vt 0.21146974 0.0785090327
vt 0.206376225 0.132096738
vt 0.211799428 0.0771740675
vt 0.211328119 0.0774770975
vt 0.205964968 0.132397532
vt 0.205987126 0.134375095
vt 0.215295702 0.0767394006
vt 0.212439269 0.130956143
vt 0.215295702 0.0746749938
vt 0.215295702 0.0746749938
vt 0.212207422 0.130168706
vt 0.21502465 0.0763351321
vt 0.215130806 0.0770845413
vt 0.212207422 0.130168706
vt 0.211849123 0.130788267
vt 0.205915257 0.0766450465
vt 0.203543484 0.191395074
vt 0.20315586 0.192777842
vt 0.203277767 0.190572172
vt 0.20582135 0.0767984092
vt 0.202921286 0.191131979
vt 0.187602729 0.209866315
vt 0.194254801 0.0746749938
vt 0.18799673 0.20895806
vt 0.194154367 0.0757814646
vt 0.187515259 0.208327681
vt 0.187875062 0.208138376
vt 0.187386543 0.0756931603
vt 0.179900467 0.241402775
vt 0.180255368 0.241297215
vt 0.179971591 0.242906541
vt 0.187465549 0.0746749938
vt 0.180355102 0.242111355
vt 0.219746783 0.0999208987
vt 0.220110953 0.0966540277
vt 0.215345383 0.0966540277
vt 0.220986679 0.100842625
vt 0.219527632 0.0971219838
vt 0.21694617 0.100469679
vt 0.219821364 0.0925422311
vt 0.215345383 0.0917371213
vt 0.216999263 0.0960418284
vt 0.219906211 0.0952886939
vt 0.220567733 0.0917371213
vt 0.215345383 0.0917371213
vt 0.221551701 0.0966043174
vt 0.219821364 0.0925422311
vt 0.216999263 0.0960418284
vt 0.220577464 0.0854854286
vt 0.215938464 0.0868736207
vt 0.219615802 0.0899811685
vt 0.219386756 0.0868807733
vt 0.215345383 0.086363554
vt 0.215345383 0.0916874111
vt 0.215938464 0.0868736207
vt 0.215345383 0.0916874111
vt 0.219615802 0.0899811685
vt 0.196819901 0.147455245
vt 0.202871591 0.0746749938
vt 0.197270676 0.146389365
vt 0.202871591 0.0746749938
vt 0.197168648 0.145549238
vt 0.197270676 0.146389365
vt 0.202634707 0.076328069
vt 0.196793497 0.145722508
vt 0.197168648 0.145549238
vt 0.205987126 0.134375095
vt 0.21146974 0.0785090327
vt 0.206492722 0.133097589
vt 0.21146974 0.0785090327
vt 0.206376225 0.132096738
vt 0.206492722 0.133097589
vt 0.205964968 0.132397532
vt 0.211328119 0.0774770975
vt 0.205987126 0.134375095
vt 0.215295702 0.0767394006
vt 0.212439269 0.130956143
vt 0.21202524 0.132457644
vt 0.215295702 0.0746749938
vt 0.212207422 0.130168706
vt 0.212439269 0.130956143
vt 0.212207422 0.130168706
vt 0.215130806 0.0770845413
vt 0.211849123 0.130788267
vt 0.205915257 0.0766450465
vt 0.203543484 0.191395074
vt 0.205915272 0.0746749938
vt 0.20582135 0.0767984092
vt 0.203277767 0.190572172
vt 0.202921286 0.191131979
vt 0.194254801 0.0746749938
vt 0.187602729 0.209866315
vt 0.18799673 0.20895806
vt 0.194154367 0.0757814646
vt 0.187515259 0.208327681
vt 0.194179758 0.076077342
vt 0.187386543 0.0756931603
vt 0.179900467 0.241402775
vt 0.187413335 0.0758413672
vt 0.187465549 0.0746749938
vt 0.179971591 0.242906541
vt 0.180355102 0.242111355
vt 0.219746783 0.0999208987
vt 0.220110953 0.0966540277
vt 0.217635155 0.0999627709
vt 0.219527632 0.0971219838
vt 0.220986679 0.100842625
vt 0.21694617 0.100469679
vt 0.219821364 0.0925422311
vt 0.215345383 0.0917371213
vt 0.219906211 0.0952886939
vt 0.219906211 0.0952886939
vt 0.220567733 0.0917371213
vt 0.217698246 0.0953463912
vt 0.219821364 0.0925422311
vt 0.221551701 0.0966043174
vt 0.216999263 0.0960418284
vt 0.215938464 0.0868736207
vt 0.220577464 0.0854854286
vt 0.219615802 0.0899811685
vt 0.219386756 0.0868807733
vt 0.215345383 0.086363554
vt 0.219455704 0.0898353457
vt 0.215938464 0.0868736207
vt 0.215345383 0.0916874111
vt 0.219386756 0.0868807733
vt 0.202871591 0.0746749938
vt 0.196819901 0.147455245
vt 0.197270676 0.146389365
vt 0.202871591 0.0746749938
vt 0.197168648 0.145549238
vt 0.202634707 0.076328069
vt 0.202634707 0.076328069
vt 0.196793497 0.145722508
vt 0.202729464 0.0766285062
vt 0.21146974 0.0785090327
vt 0.205987126 0.134375095
vt 0.206492722 0.133097589
vt 0.21146974 0.0785090327
vt 0.206376225 0.132096738
vt 0.211799428 0.0771740675
vt 0.211328119 0.0774770975
vt 0.205964968 0.132397532
vt 0.205987126 0.134375095
vt 0.215295702 0.0767394006
vt 0.212439269 0.130956143
vt 0.215295702 0.0746749938
vt 0.215295702 0.0746749938
vt 0.212207422 0.130168706
vt 0.21502465 0.0763351321
vt 0.215130806 0.0770845413
vt 0.212207422 0.130168706
vt 0.211849123 0.130788267
vt 0.235115364 0.30416438
vt 0.245586544 0.195326179
vt 0.233507693 0.301953346
vt 0.245586544 0.195326179
vt 0.232184425 0.306115896
vt 0.233507693 0.301953346
vt 0.248035431 0.202309519
vt 0.232159466 0.315954
vt 0.232184425 0.306115896
vt 0.232159466 0.315954
vt 0.251348227 0.17623347
vt 0.235115364 0.30416438
vt 0.232127011 0.17623347
vt 0.206837162 0.30990389
vt 0.206535131 0.29880777
vt 0.210880846 0.297620982
vt 0.23212707 0.190404683
vt 0.209413797 0.29422465
vt 0.254611075 0.285213917
vt 0.267055035 0.19565329
vt 0.253452271 0.282795101
vt 0.267055035 0.19565329
vt 0.251872003 0.286165386
vt 0.253452271 0.282795101
vt 0.251380622 0.296392709
vt 0.273603529 0.17623347
vt 0.254611075 0.285213917
vt 0.245586544 0.195326179
vt 0.235115364 0.30416438
vt 0.233507693 0.301953346
vt 0.245586544 0.195326179
vt 0.232184425 0.306115896
vt 0.248035431 0.202309519
vt 0.248035431 0.202309519
vt 0.232159466 0.315954
vt 0.251348227 0.194658279
vt 0.251348227 0.17623347
vt 0.232159466 0.315954
vt 0.235115364 0.30416438
vt 0.232127011 0.17623347
vt 0.206837162 0.30990389
vt 0.227351725 0.192852914
vt 0.23212707 0.190404683
vt 0.210880846 0.297620982
vt 0.209413797 0.29422465
vt 0.267055035 0.19565329
vt 0.254611075 0.285213917
vt 0.253452271 0.282795101
vt 0.267055035 0.19565329
vt 0.251872003 0.286165386
vt 0.269464642 0.201835245
vt 0.273603529 0.17623347
vt 0.251380622 0.296392709
vt 0.254611075 0.285213917
vt 0.245586544 0.195326179
vt 0.235115364 0.30416438
vt 0.233507693 0.301953346
vt 0.245586544 0.195326179
vt 0.232184425 0.306115896
vt 0.248035431 0.202309519
vt 0.248035431 0.202309519
vt 0.232159466 0.315954
vt 0.251348227 0.194658279
vt 0.251348227 0.17623347
vt 0.232159466 0.315954
vt 0.235115364 0.30416438
vt 0.232127011 0.17623347
vt 0.206837162 0.30990389
vt 0.227351725 0.192852914
vt 0.23212707 0.190404683
vt 0.210880846 0.297620982
vt 0.209413797 0.29422465
vt 0.267055035 0.19565329
vt 0.254611075 0.285213917
vt 0.253452271 0.282795101
vt 0.267055035 0.19565329
vt 0.251872003 0.286165386
vt 0.269464642 0.201835245
vt 0.273603529 0.17623347
vt 0.251380622 0.296392709
vt 0.254611075 0.285213917
vt 0.235115364 0.30416438
vt 0.245586544 0.195326179
vt 0.233507693 0.301953346
vt 0.245586544 0.195326179
vt 0.232184425 0.306115896
vt 0.233507693 0.301953346
vt 0.248035431 0.202309519
vt 0.232159466 0.315954
vt 0.232184425 0.306115896
vt 0.232159466 0.315954
vt 0.251348227 0.17623347
vt 0.235115364 0.30416438
vt 0.232127011 0.17623347
vt 0.206837162 0.30990389
vt 0.206535131 0.29880777
vt 0.210880846 0.297620982
vt 0.23212707 0.190404683
vt 0.209413797 0.29422465
vt 0.254611075 0.285213917
vt 0.267055035 0.19565329
vt 0.253452271 0.282795101
vt 0.267055035 0.19565329
vt 0.251872003 0.286165386
vt 0.253452271 0.282795101
vt 0.251380622 0.296392709
vt 0.273603529 0.17623347
vt 0.254611075 0.285213917
vt 0.217850953 0.0750195086
vt 0.217850953 0.0750195086
vt 0.217178181 0.0752277076
vt 0.217178181 0.0752277076
vt 0.20773375 0.139669627
vt 0.208432481 0.139458865
vt 0.20773375 0.139669627
vt 0.208432481 0.139458865
vt 0.217236698 0.0746749938
vt 0.217236698 0.0746749938
vt 0.217850953 0.0750195086
vt 0.217850953 0.0750195086
vt 0.269578218 0.8712008
vt 0.269201994 0.869519114
vt 0.269201756 0.869518042
vt 0.269577175 0.871221662
vt 0.269584239 0.871307492
vt 0.269509494 0.870911837
vt 0.269517779 0.870942354
vt 0.26950109 0.870875597
vt 0.269195139 0.869492292
vt 0.269194722 0.869490623
vt 0.269184828 0.869444966
vt 0.269189775 0.869464755
vt 0.269183874 0.869439125
vt 0.269143879 0.869259953
vt 0.269144177 0.869257569
vt 0.269188553 0.86946094
vt 0.269146293 0.869269013
vt 0.26914525 0.86926806
vt 0.269135654 0.869220495
vt 0.269136786 0.869228601
vt 0.269134194 0.86920619
vt 0.26825428 0.865256906
vt 0.268253058 0.865250945
vt 0.269132197 0.869215727
vt 0.268253326 0.865249157
vt 0.268251777 0.86524272
vt 0.268243849 0.865207553
vt 0.268241793 0.865199447
vt 0.268243521 0.865200162
vt 0.26816237 0.864841104
vt 0.268163621 0.864839673
vt 0.268238813 0.865192056
vt 0.268158793 0.86482513
vt 0.268156826 0.864823461
vt 0.268154383 0.864803076
vt 0.268149644 0.86478591
vt 0.268154204 0.864791989
vt 0.267345041 0.861153722
vt 0.267346025 0.86115253
vt 0.268144727 0.864774466
vt 0.267300129 0.860947967
vt 0.267296165 0.860939741
vt 0.267337143 0.861117482
vt 0.267291784 0.860908031
vt 0.267338127 0.861115813
vt 0.267295957 0.860933185
vt 0.267297089 0.860936522
vt 0.26728785 0.860898256
vt 0.267239451 0.860664248
vt 0.267237484 0.860656977
vt 0.267293274 0.860922337
vt 0.267237395 0.86064887
vt 0.267237663 0.860638976
vt 0.267246187 0.860662699
vt 0.267246187 0.860662699
vt 0.267293513 0.86092484
vt 0.267293602 0.86093235
vt 0.267293602 0.86093235
vt 0.215345383 0.0822694898
vt 0.21738492 0.082811743
vt 0.21738492 0.082811743
vt 0.215345383 0.0822694898
vt 0.269577175 0.871221662
vt 0.269611031 0.871301055
vt 0.26950717 0.870930433
vt 0.269509494 0.870911837
vt 0.269504249 0.870867372
vt 0.269578218 0.8712008
vt 0.269496977 0.87086463
vt 0.26950109 0.870875597
vt 0.269467473 0.870743036
vt 0.269474059 0.870756388
vt 0.269488215 0.870828986
vt 0.269472957 0.870737553
vt 0.217236698 0.0746749938
vt 0.217236698 0.0746749938
vt 0.217850953 0.0750195086
vt 0.217850953 0.0750195086
vt 0.268241793 0.865199447
vt 0.268237591 0.865174413
vt 0.268238813 0.865192056
vt 0.268238008 0.865182519
vt 0.268240511 0.865194559
vt 0.268235505 0.86517477
vt 0.268239498 0.865186691
vt 0.268242925 0.865178108
vt 0.268189669 0.864958405
vt 0.268187732 0.864958763
vt 0.26818645 0.864958048
vt 0.268228501 0.865167618
vt 0.268188238 0.864957929
vt 0.268243849 0.865207553
vt 0.26823765 0.865187883
vt 0.268243521 0.865200162
vt 0.268241584 0.865200877
vt 0.268241018 0.865192652
vt 0.268244267 0.865183473
vt 0.268195331 0.864982724
vt 0.268193662 0.864983201
vt 0.268194377 0.864983439
vt 0.268192589 0.864983916
vt 0.268235028 0.865194559
vt 0.217236698 0.0746749938
vt 0.217236698 0.0746749938
vt 0.217850953 0.0750195086
vt 0.217850953 0.0750195086
vt 0.209348664 0.134709954
vt 0.209348664 0.134709954
vt 0.20851934 0.134424806
vt 0.20851934 0.134424806
vt 0.269184709 0.869418263
vt 0.269141793 0.869245291
vt 0.269146562 0.869241357
vt 0.269180179 0.869424462
vt 0.269131809 0.869201303
vt 0.26914081 0.86925149
vt 0.269131124 0.869206786
vt 0.269176006 0.869432211
vt 0.269134879 0.869250655
vt 0.269182801 0.869434714
vt 0.269192427 0.869479895
vt 0.269190073 0.869467378
vt 0.269132495 0.869185448
vt 0.268250376 0.865231752
vt 0.268254876 0.865223289
vt 0.269123822 0.869193196
vt 0.268244922 0.865221143
vt 0.268236995 0.865214705
vt 0.268239498 0.865186691
vt 0.268235505 0.86517477
vt 0.268242925 0.865178108
vt 0.268157661 0.864812136
vt 0.268162251 0.864809036
vt 0.269195557 0.869465113
vt 0.269465923 0.870721936
vt 0.269472957 0.870737553
vt 0.269478083 0.870763421
vt 0.269472778 0.870751619
vt 0.269491971 0.870854735
vt 0.269488215 0.870828986
vt 0.26949501 0.870828032
vt 0.269498348 0.87086165
vt 0.269186497 0.869481683
vt 0.268147528 0.864768744
vt 0.2681472 0.864785075
vt 0.268137336 0.864737868
vt 0.268228501 0.865167618
vt 0.268140912 0.864782691
vt 0.268148661 0.864755154
vt 0.267273277 0.860836267
vt 0.267280638 0.860842705
vt 0.268129557 0.864722967
vt 0.267146289 0.860298276
vt 0.267134249 0.860285759
vt 0.267261982 0.860791326
vt 0.267132729 0.860227227
vt 0.2671206 0.860205054
vt 0.266946524 0.859436512
vt 0.267269373 0.860797048
vt 0.26720649 0.860541701
vt 0.267211854 0.86056006
vt 0.26720354 0.860527635
vt 0.266922206 0.859297037
vt 0.267207175 0.860546112
vt 0.267206669 0.86054647
vt 0.267206669 0.86054647
vt 0.269143164 0.869256496
vt 0.26914525 0.86926806
vt 0.26914376 0.869255066
vt 0.269146293 0.869269013
vt 0.269146681 0.869265079
vt 0.269143879 0.869259953
vt 0.269141793 0.869256496
vt 0.26916343 0.869339466
vt 0.269152045 0.869262099
vt 0.26916188 0.869339705
vt 0.269135594 0.869254827
vt 0.269160509 0.869338393
vt 0.269161761 0.869338393
vt 0.269160599 0.86933291
vt 0.26916042 0.86933279
vt 0.269144177 0.869257569
vt 0.269141674 0.869250417
vt 0.269140422 0.869248748
vt 0.269141793 0.869245291
vt 0.26914081 0.86925149
vt 0.269158483 0.869321346
vt 0.269146562 0.869241357
vt 0.26915735 0.869321704
vt 0.269134879 0.869250655
vt 0.269156396 0.869322658
vt 0.269157678 0.8693223
vt 0.269156158 0.869316339
vt 0.269156277 0.869316101
vt 0.269137502 0.869203687
vt 0.268251777 0.86524272
vt 0.269132197 0.869215727
vt 0.268256038 0.865228534
vt 0.269467473 0.870743036
vt 0.269191086 0.869472504
vt 0.269191027 0.8694731
vt 0.269474059 0.870756388
vt 0.269479394 0.870779991
vt 0.269496977 0.87086463
vt 0.26950109 0.870892763
vt 0.269504249 0.870867372
vt 0.269194335 0.86948657
vt 0.269194305 0.869487643
vt 0.269184172 0.869440079
vt 0.269181132 0.869429111
vt 0.269183695 0.869436502
vt 0.269143164 0.869256496
vt 0.26914376 0.869255066
vt 0.269179821 0.869424343
vt 0.269141674 0.869250417
vt 0.269140422 0.869248748
vt 0.269134939 0.869217157
vt 0.269132614 0.869212031
vt 0.269133925 0.869203568
vt 0.268248737 0.865233421
vt 0.268247366 0.865226984
vt 0.269127727 0.86919868
vt 0.268252075 0.865244269
vt 0.268250763 0.865238428
vt 0.268238008 0.865182519
vt 0.268240511 0.865194559
vt 0.268237591 0.865174413
vt 0.268150687 0.86479032
vt 0.268151939 0.864787698
vt 0.26823765 0.865187883
vt 0.268156886 0.864817619
vt 0.268155158 0.864817142
vt 0.268141806 0.864747405
vt 0.268147528 0.864778042
vt 0.269189477 0.86946249
vt 0.269201636 0.869514942
vt 0.269194067 0.869488835
vt 0.269184291 0.869442463
vt 0.269195408 0.869457126
vt 0.269146681 0.869265079
vt 0.269152045 0.869262099
vt 0.26950717 0.870930433
vt 0.269187748 0.869488358
vt 0.269509017 0.870922804
vt 0.269611031 0.871301055
vt 0.269616783 0.871375322
vt 0.269177079 0.869438052
vt 0.269141793 0.869256496
vt 0.269135594 0.869254827
vt 0.26913628 0.869219065
vt 0.269132078 0.869211555
vt 0.20773375 0.139669627
vt 0.208432481 0.139458865
vt 0.208432481 0.139458865
vt 0.20773375 0.139669627
vt 0.269184828 0.869444966
vt 0.269183874 0.869439125
vt 0.269179821 0.869424343
vt 0.269181132 0.869429111
vt 0.269189775 0.869464755
vt 0.269184291 0.869442463
vt 0.269189477 0.86946249
vt 0.269183695 0.869436502
vt 0.269188553 0.86946094
vt 0.269184172 0.869440079
vt 0.269182801 0.869434714
vt 0.269180179 0.869424462
vt 0.269195408 0.869457126
vt 0.26916343 0.869339466
vt 0.26916188 0.869339705
vt 0.269161761 0.869338393
vt 0.269160509 0.869338393
vt 0.269177079 0.869438052
vt 0.269184709 0.869418263
vt 0.269158483 0.869321346
vt 0.26915735 0.869321704
vt 0.269156396 0.869322658
vt 0.269176006 0.869432211
vt 0.269157678 0.8693223
vt 0.267119139 0.860170126
vt 0.266922206 0.859297037
vt 0.266946524 0.859436512
vt 0.267120242 0.860173106
vt 0.267146289 0.860298276
vt 0.267122686 0.860171318
vt 0.267132729 0.860227227
vt 0.266979635 0.859501243
vt 0.267140269 0.860248804
vt 0.267237395 0.86064887
vt 0.267239451 0.860664248
vt 0.267154515 0.86032033
vt 0.267291784 0.860908031
vt 0.267300129 0.860947967
vt 0.267294347 0.860914826
vt 0.267245144 0.86068356
vt 0.267243057 0.860669374
vt 0.267246187 0.860662699
vt 0.267246187 0.860662699
vt 0.267287493 0.860887408
vt 0.267287552 0.860888362
vt 0.267302006 0.860949874
vt 0.267286599 0.86088717
vt 0.268150091 0.864778519
vt 0.268149644 0.86478591
vt 0.268160045 0.864821315
vt 0.268193483 0.864981055
vt 0.268193662 0.864983201
vt 0.268251806 0.865237474
vt 0.268192589 0.86497581
vt 0.268241018 0.865192652
vt 0.268158793 0.86482513
vt 0.268241793 0.865199447
vt 0.268150687 0.86479032
vt 0.268141806 0.864747405
vt 0.26913628 0.869219065
vt 0.268253326 0.865249157
vt 0.269136786 0.869228601
vt 0.268248737 0.865233421
vt 0.268238008 0.865182519
vt 0.268235505 0.86517477
vt 0.2681472 0.864785075
vt 0.268187433 0.864955783
vt 0.268137336 0.864737868
vt 0.268188238 0.864957929
vt 0.268244922 0.865221143
vt 0.268186033 0.864950538
vt 0.269131124 0.869206786
vt 0.269134939 0.869217157
vt 0.269143164 0.869256496
vt 0.269146293 0.869269013
vt 0.269156933 0.869319797
vt 0.26914081 0.86925149
vt 0.269157678 0.8693223
vt 0.269182801 0.869434714
vt 0.269184172 0.869440079
vt 0.269192427 0.869479895
vt 0.269156158 0.869316339
vt 0.269488215 0.870828986
vt 0.269194335 0.86948657
vt 0.269496977 0.87086463
vt 0.269189775 0.869464755
vt 0.269201756 0.869518042
vt 0.269189477 0.86946249
vt 0.269146681 0.869265079
vt 0.269611031 0.871301055
vt 0.269201636 0.869514942
vt 0.26916188 0.869339705
vt 0.269160599 0.86933291
vt 0.269161493 0.869336843
vt 0.26950109 0.870892763
vt 0.269577175 0.871221662
vt 0.269584239 0.871307492
vt 0.21738492 0.082811743
vt 0.21738492 0.082811743
vt 0.218051955 0.0827617347
vt 0.218051955 0.0827617347
vt 0.269135654 0.869220495
vt 0.269134194 0.86920619
vt 0.269127727 0.86919868
vt 0.269132614 0.869212031
vt 0.269136786 0.869228601
vt 0.269132078 0.869211555
vt 0.26913628 0.869219065
vt 0.269133925 0.869203568
vt 0.269132197 0.869215727
vt 0.269134939 0.869217157
vt 0.269131124 0.869206786
vt 0.269131809 0.869201303
vt 0.269137502 0.869203687
vt 0.269162089 0.869336486
vt 0.269161493 0.869336843
vt 0.269161522 0.869336128
vt 0.269161046 0.869336128
vt 0.269160688 0.869335413
vt 0.269160271 0.869335532
vt 0.269124418 0.869197369
vt 0.269157499 0.869318604
vt 0.269132495 0.869185448
vt 0.269157022 0.86931932
vt 0.269157052 0.869318604
vt 0.269156575 0.869319201
vt 0.269156933 0.869319797
vt 0.269156277 0.869319677
vt 0.269123822 0.869193196
vt 0.267136872 0.860208511
vt 0.267280638 0.860842705
vt 0.267273277 0.860836267
vt 0.267129004 0.860197067
vt 0.267275006 0.860852838
vt 0.267154515 0.86032033
vt 0.267146289 0.860298276
vt 0.267346025 0.86115253
vt 0.267276227 0.860859036
vt 0.267345041 0.861153722
vt 0.267296165 0.860939741
vt 0.267152876 0.860308647
vt 0.267300129 0.860947967
vt 0.267302006 0.860949874
vt 0.267342925 0.861150384
vt 0.267134249 0.860285759
vt 0.267122507 0.860163212
vt 0.267122686 0.860171318
vt 0.267286599 0.86088717
vt 0.267285973 0.860885501
vt 0.267302811 0.86094141
vt 0.267339736 0.86115098
vt 0.267286777 0.860897183
vt 0.267287672 0.86089313
vt 0.269137502 0.869203687
vt 0.26913628 0.869219065
vt 0.268251806 0.865237474
vt 0.268256038 0.865228534
vt 0.268151194 0.864764094
vt 0.267302811 0.86094141
vt 0.267296165 0.860939741
vt 0.268144727 0.864774466
vt 0.269124418 0.869197369
vt 0.268243253 0.865239739
vt 0.268250704 0.865245581
vt 0.269132078 0.869211555
vt 0.269517779 0.870942354
vt 0.269474059 0.870756388
vt 0.269479394 0.870779991
vt 0.269509494 0.870911837
vt 0.269472957 0.870737553
vt 0.269191027 0.8694731
vt 0.269190073 0.869467378
vt 0.26915735 0.869321704
vt 0.269156277 0.869316101
vt 0.269180179 0.869424462
vt 0.269141793 0.869245291
vt 0.269157022 0.86931932
vt 0.269131809 0.869201303
vt 0.269141674 0.869250417
vt 0.269181132 0.869429111
vt 0.269195139 0.869492292
vt 0.26950717 0.870930433
vt 0.269184828 0.869444966
vt 0.269194067 0.869488835
vt 0.26916042 0.86933279
vt 0.269161761 0.869338393
vt 0.269184291 0.869442463
vt 0.269143879 0.869259953
vt 0.269132614 0.869212031
vt 0.269141793 0.869256496
vt 0.269161046 0.869336128
vt 0.269132078 0.869211555
vt 0.269135654 0.869220495
vt 0.26825428 0.865256906
vt 0.268250704 0.865245581
vt 0.268252075 0.865244269
vt 0.268250376 0.865231752
vt 0.268240511 0.865194559
vt 0.268243849 0.865207553
vt 0.268192112 0.864976048
vt 0.268194377 0.864983439
vt 0.268241584 0.865200877
vt 0.26816237 0.864841104
vt 0.268159717 0.864838004
vt 0.268193603 0.864981413
vt 0.268150985 0.864796519
vt 0.268187732 0.864958763
vt 0.268186569 0.864950657
vt 0.268239498 0.865186691
vt 0.268156886 0.864817619
vt 0.268157661 0.864812136
vt 0.268187523 0.864956379
vt 0.268147528 0.864768744
vt 0.268147528 0.864778042
vt 0.268154383 0.864803076
vt 0.267275006 0.860852838
vt 0.267273277 0.860836267
vt 0.267345041 0.861153722
vt 0.267264366 0.860809445
vt 0.267342925 0.861150384
vt 0.267337143 0.861117482
vt 0.267130733 0.860221982
vt 0.267129004 0.860197067
vt 0.267261982 0.860791326
vt 0.267210245 0.860553861
vt 0.26720649 0.860541701
vt 0.267129511 0.860215902
vt 0.26720354 0.860527635
vt 0.267206669 0.86054647
vt 0.267206669 0.86054647
vt 0.267206669 0.86053884
vt 0.267295957 0.860933185
vt 0.267293274 0.860922337
vt 0.267335773 0.861116409
vt 0.267296731 0.860937834
vt 0.267294168 0.86092782
vt 0.267293602 0.86093235
vt 0.267293602 0.86093235
vt 0.267290056 0.860899329
vt 0.267290652 0.860901833
vt 0.267287672 0.86089313
vt 0.268241018 0.865192652
vt 0.268251806 0.865237474
vt 0.268250704 0.865245581
vt 0.268241584 0.865200877
vt 0.268244267 0.865183473
vt 0.268160045 0.864821315
vt 0.268164366 0.864817262
vt 0.268235028 0.865194559
vt 0.268159717 0.864838004
vt 0.268154502 0.86483705
vt 0.268150091 0.864778519
vt 0.268150985 0.864796519
vt 0.21740368 0.0788555443
vt 0.21740368 0.0788555443
vt 0.218030527 0.0791806281
vt 0.218030527 0.0791806281
vt 0.268189669 0.864958405
vt 0.268162251 0.864809036
vt 0.268157661 0.864812136
vt 0.268187732 0.864958763
vt 0.268188238 0.864957929
vt 0.268186033 0.864950538
vt 0.268186569 0.864950657
vt 0.2681472 0.864785075
vt 0.26818645 0.864958048
vt 0.268140912 0.864782691
vt 0.268150687 0.86479032
vt 0.268156886 0.864817619
vt 0.268163621 0.864839673
vt 0.268155158 0.864817142
vt 0.26816237 0.864841104
vt 0.268156826 0.864823461
vt 0.268151939 0.864787698
vt 0.268158793 0.86482513
vt 0.268160045 0.864821315
vt 0.268159717 0.864838004
vt 0.268195331 0.864982724
vt 0.268164366 0.864817262
vt 0.268193662 0.864983201
vt 0.268154502 0.86483705
vt 0.268192589 0.864983916
vt 0.268194377 0.864983439
vt 0.268192589 0.86497581
vt 0.268192112 0.864976048
vt 0.268250704 0.865245581
vt 0.268191606 0.864976764
vt 0.268243253 0.865239739
vt 0.268251806 0.865237474
vt 0.268193245 0.864976048
vt 0.268256038 0.865228534
vt 0.26825428 0.865256906
vt 0.268253326 0.865249157
vt 0.268253058 0.865250945
vt 0.268252075 0.865244269
vt 0.268250763 0.865238428
vt 0.268248737 0.865233421
vt 0.268251777 0.86524272
vt 0.268247366 0.865226984
vt 0.268250376 0.865231752
vt 0.268244922 0.865221143
vt 0.268187404 0.864951134
vt 0.268254876 0.865223289
vt 0.268236995 0.865214705
vt 0.268185496 0.864951015
vt 0.268254876 0.865223289
vt 0.268250763 0.865238428
vt 0.269132495 0.869185448
vt 0.269127727 0.86919868
vt 0.269146562 0.869241357
vt 0.269157499 0.869318604
vt 0.269140422 0.869248748
vt 0.269134194 0.86920619
vt 0.269158483 0.869321346
vt 0.269157052 0.869318604
vt 0.269157112 0.869315982
vt 0.269195557 0.869465113
vt 0.269184709 0.869418263
vt 0.269179821 0.869424343
vt 0.269144177 0.869257569
vt 0.269191086 0.869472504
vt 0.269465923 0.870721936
vt 0.269183874 0.869439125
vt 0.269467473 0.870743036
vt 0.269472778 0.870751619
vt 0.26950109 0.870875597
vt 0.269509017 0.870922804
vt 0.269187748 0.869488358
vt 0.269194722 0.869490623
vt 0.269177079 0.869438052
vt 0.269160509 0.869338393
vt 0.269159585 0.869333029
vt 0.269160688 0.869335413
vt 0.269160271 0.869335532
vt 0.269135594 0.869254827
vt 0.269124418 0.869197369
vt 0.268253058 0.865250945
vt 0.268243253 0.865239739
vt 0.26823765 0.865187883
vt 0.268242925 0.865178108
vt 0.268254876 0.865223289
vt 0.268243521 0.865200162
vt 0.268155158 0.864817142
vt 0.268243253 0.865239739
vt 0.268189669 0.864958405
vt 0.268187404 0.864951134
vt 0.268187404 0.864954829
vt 0.268188238 0.864955783
vt 0.268162251 0.864809036
vt 0.268148661 0.864755154
vt 0.268142641 0.864767551
vt 0.268154204 0.864791989
vt 0.268163621 0.864839673
vt 0.268235028 0.865194559
vt 0.268192589 0.864983916
vt 0.268191606 0.864976764
vt 0.268193096 0.864979982
vt 0.268192708 0.864981055
vt 0.268154502 0.86483705
vt 0.268144369 0.864785314
vt 0.268148661 0.864755154
vt 0.267276227 0.860859036
vt 0.267280638 0.860842705
vt 0.267346025 0.86115253
vt 0.268144369 0.864785314
vt 0.267339736 0.86115098
vt 0.267264336 0.860814929
vt 0.267269373 0.860797048
vt 0.267280638 0.860842705
vt 0.267338127 0.861115813
vt 0.267213166 0.860571027
vt 0.267141193 0.860236406
vt 0.267136872 0.860208511
vt 0.267130673 0.860217333
vt 0.267132193 0.860230088
vt 0.267211854 0.86056006
vt 0.267207175 0.860546112
vt 0.267332256 0.861117244
vt 0.267339736 0.86115098
vt 0.267297089 0.860936522
vt 0.26728934 0.860906601
vt 0.267286777 0.860897183
vt 0.267289698 0.860899329
vt 0.267290562 0.860902548
vt 0.267296672 0.860942245
vt 0.267293334 0.860931516
vt 0.267208219 0.860555172
vt 0.267206669 0.86054647
vt 0.267206669 0.86054647
vt 0.267293513 0.86092484
vt 0.267293602 0.86093235
vt 0.267293602 0.86093235
vt 0.268247366 0.865226984
vt 0.269123822 0.869193196
vt 0.269133925 0.869203568
vt 0.268236995 0.865214705
vt 0.268154383 0.864803076
vt 0.268154204 0.864791989
vt 0.268142641 0.864767551
vt 0.268147528 0.864778042
vt 0.268149644 0.86478591
vt 0.268150985 0.864796519
vt 0.268150091 0.864778519
vt 0.268141508 0.864733219
vt 0.268144727 0.864774466
vt 0.268141806 0.864747405
vt 0.268137336 0.864737868
vt 0.268147528 0.864768744
vt 0.268151194 0.864764094
vt 0.268194139 0.864980102
vt 0.268193483 0.864981055
vt 0.268193334 0.864979506
vt 0.268193603 0.864981413
vt 0.268193096 0.864979982
vt 0.268192708 0.864981055
vt 0.268144369 0.864785314
vt 0.268188238 0.864955783
vt 0.268148661 0.864755154
vt 0.268187523 0.864956379
vt 0.268187404 0.864954829
vt 0.268187433 0.864955783
vt 0.268186927 0.864954233
vt 0.26818639 0.864955187
vt 0.268129557 0.864722967
vt 0.205964968 0.13918221
vt 0.205964968 0.13918221
vt 0.207851633 0.139094234
vt 0.207851633 0.139094234
vt 0.268151194 0.864764094
vt 0.268150091 0.864778519
vt 0.267302006 0.860949874
vt 0.267302811 0.86094141
vt 0.268129557 0.864722967
vt 0.268141508 0.864733219
vt 0.267152876 0.860308647
vt 0.267134249 0.860285759
vt 0.268137336 0.864737868
vt 0.267146289 0.860298276
vt 0.267154515 0.86032033
vt 0.268141806 0.864747405
vt 0.268144369 0.864785314
vt 0.267339736 0.86115098
vt 0.267342925 0.861150384
vt 0.268150985 0.864796519
vt 0.267294347 0.860914826
vt 0.267302006 0.860949874
vt 0.267342925 0.861150384
vt 0.267335773 0.861116409
vt 0.26729545 0.860905766
vt 0.267245144 0.86068356
vt 0.267245471 0.860677958
vt 0.267332256 0.861117244
vt 0.267296731 0.860937834
vt 0.267296672 0.860942245
vt 0.267243057 0.860669374
vt 0.267294168 0.86092782
vt 0.267245829 0.860661745
vt 0.267246187 0.860662699
vt 0.267246187 0.860662699
vt 0.267293334 0.860931516
vt 0.267293602 0.86093235
vt 0.267293602 0.86093235
vt 0.267337143 0.861117482
vt 0.267338127 0.861115813
vt 0.267264336 0.860814929
vt 0.267264366 0.860809445
vt 0.267291784 0.860908031
vt 0.267335773 0.861116409
vt 0.267294347 0.860914826
vt 0.267139196 0.860227942
vt 0.26728785 0.860898256
vt 0.267140269 0.860248804
vt 0.267132729 0.860227227
vt 0.267261982 0.860791326
vt 0.26729545 0.860905766
vt 0.267286211 0.860884428
vt 0.267287552 0.860888362
vt 0.267290652 0.860901833
vt 0.26728934 0.860906601
vt 0.267332256 0.861117244
vt 0.267269373 0.860797048
vt 0.267141193 0.860236406
vt 0.267130733 0.860221982
vt 0.267119348 0.860157132
vt 0.2671206 0.860205054
vt 0.267120242 0.860173106
vt 0.20773375 0.139669627
vt 0.208432481 0.139458865
vt 0.208432481 0.139458865
vt 0.20773375 0.139669627
vt 0.267287552 0.860888362
vt 0.267287493 0.860887408
vt 0.267290056 0.860899329
vt 0.267290652 0.860901833
vt 0.215345383 0.0787842274
vt 0.215345383 0.0787842274
vt 0.21740368 0.0788555443
vt 0.21740368 0.0788555443
vt 0.269194067 0.869488835
vt 0.269187748 0.869488358
vt 0.269159585 0.869333029
vt 0.26916042 0.86933279
vt 0.269201636 0.869514942
vt 0.269195139 0.869492292
vt 0.269201756 0.869518042
vt 0.269160599 0.86933291
vt 0.269161642 0.86933291
vt 0.269208401 0.869514108
vt 0.269194722 0.869490623
vt 0.269191027 0.8694731
vt 0.269191086 0.869472504
vt 0.269194335 0.86948657
vt 0.269201994 0.869519114
vt 0.269194305 0.869487643
vt 0.269190073 0.869467378
vt 0.269192427 0.869479895
vt 0.269157112 0.869315982
vt 0.269195557 0.869465113
vt 0.269156277 0.869316101
vt 0.269186497 0.869481683
vt 0.269155294 0.869316697
vt 0.269156158 0.869316339
vt 0.215345383 0.0822694898
vt 0.215345383 0.0822694898
vt 0.217445225 0.0824801624
vt 0.217445225 0.0824801624
vt 0.2671206 0.860205054
vt 0.267139196 0.860227942
vt 0.266978025 0.859445453
vt 0.266915083 0.859368443
vt 0.266878903 0.859087229
vt 0.266972899 0.859286189
vt 0.210414782 0.604947567
vt 0.267237663 0.860638976
vt 0.26916188 0.869339705
vt 0.269161493 0.869336843
vt 0.269161046 0.869336128
vt 0.269161761 0.869338393
vt 0.268193662 0.864983201
vt 0.268193483 0.864981055
vt 0.268193603 0.864981413
vt 0.268194377 0.864983439
vt 0.21740368 0.0788555443
vt 0.21740368 0.0788555443
vt 0.218030527 0.0791806281
vt 0.218030527 0.0791806281
vt 0.267129511 0.860215902
vt 0.267119139 0.860170126
vt 0.267120242 0.860173106
vt 0.267130733 0.860221982
vt 0.208483309 0.13485232
vt 0.208483309 0.13485232
vt 0.209348664 0.134709954
vt 0.209348664 0.134709954
vt 0.215345383 0.0822694898
vt 0.21738492 0.082811743
vt 0.21738492 0.082811743
vt 0.215345383 0.0822694898
vt 0.215345383 0.0747542083
vt 0.215345383 0.0747542083
vt 0.217178181 0.0752277076
vt 0.217178181 0.0752277076
vt 0.209348664 0.134709954
vt 0.209348664 0.134709954
vt 0.20851934 0.134424806
vt 0.20851934 0.134424806
vt 0.269157022 0.86931932
vt 0.269156933 0.869319797
vt 0.269157678 0.8693223
vt 0.26915735 0.869321704
vt 0.268187523 0.864956379
vt 0.268187433 0.864955783
vt 0.268188238 0.864957929
vt 0.268187732 0.864958763
vt 0.205915272 0.0746749938
vt 0.205774739 0.0760633349
vt 0.203277767 0.190572172
vt 0.203543484 0.191395074
vt 0.20773375 0.139669627
vt 0.20773375 0.139669627
vt 0.205964968 0.13918221
vt 0.205964968 0.13918221
vt 0.217336476 0.0793107152
vt 0.217336476 0.0793107152
vt 0.218030527 0.0791806281
vt 0.218030527 0.0791806281
vt 0.208432481 0.139458865
vt 0.208432481 0.139458865
vt 0.207851633 0.139094234
vt 0.207851633 0.139094234
vt 0.194254801 0.0746749938
vt 0.194154367 0.0757814646
vt 0.187875062 0.208138376
vt 0.18799673 0.20895806
vt 0.209348664 0.134709954
vt 0.209348664 0.134709954
vt 0.20851934 0.134424806
vt 0.20851934 0.134424806
vt 0.21740368 0.0788555443
vt 0.21740368 0.0788555443
vt 0.218030527 0.0791806281
vt 0.218030527 0.0791806281
vt 0.215345383 0.0787842274
vt 0.215345383 0.0787842274
vt 0.21740368 0.0788555443
vt 0.21740368 0.0788555443
vt 0.215345383 0.0822694898
vt 0.21738492 0.082811743
vt 0.21738492 0.082811743
vt 0.215345383 0.0822694898
vt 0.215345383 0.0747542083
vt 0.215345383 0.0747542083
vt 0.217178181 0.0752277076
vt 0.217178181 0.0752277076
vt 0.205964968 0.134424806
vt 0.205964968 0.134424806
vt 0.20851934 0.134424806
vt 0.20851934 0.134424806
vt 0.187465549 0.0746749938
vt 0.187386543 0.0756931603
vt 0.180255368 0.241297215
vt 0.180355102 0.242111355
vt 0.194304511 0.259725899
vt 0.196651489 0.075535506
vt 0.196659893 0.0766260922
vt 0.194363534 0.261262566
vt 0.196743801 0.0768321753
vt 0.196743801 0.0746749938
vt 0.194642946 0.259815186
vt 0.194724038 0.260641187
vt 0.196743801 0.0746749938
vt 0.196651489 0.075535506
vt 0.194304511 0.259725899
vt 0.194642946 0.259815186
vt 0.194363534 0.261262566
vt 0.196659893 0.0766260922
vt 0.196743801 0.0768321753
vt 0.194724038 0.260641187
vt 0.220110953 0.0966540277
vt 0.217635155 0.0999627709
vt 0.217196032 0.097897172
vt 0.220986679 0.100842625
vt 0.219527632 0.0971219838
vt 0.219746783 0.0999208987
vt 0.215345383 0.0966540277
vt 0.21694617 0.100469679
vt 0.220567733 0.0917371213
vt 0.217698246 0.0953463912
vt 0.217293784 0.0931937993
vt 0.221551701 0.0966043174
vt 0.215345383 0.086363554
vt 0.219455704 0.0898353457
vt 0.216532186 0.0902588367
vt 0.220577464 0.0854854286
vt 0.259145796 0.194134444
vt 0.262054592 0.136471838
vt 0.26215294 0.137633145
vt 0.259276897 0.196079284
vt 0.259276897 0.196079284
vt 0.26215294 0.137633145
vt 0.262400657 0.137213916
vt 0.259697735 0.194676071
vt 0.262400657 0.137213916
vt 0.262400657 0.134424806
vt 0.25952211 0.193818063
vt 0.259697735 0.194676071
vt 0.262400657 0.134424806
vt 0.262054592 0.136471838
vt 0.259145796 0.194134444
vt 0.25952211 0.193818063
vt 0.215345383 0.0787842274
vt 0.217336476 0.0793107152
vt 0.217336476 0.0793107152
vt 0.215345383 0.0787842274
vt 0.21738492 0.082811743
vt 0.21738492 0.082811743
vt 0.218051955 0.0827617347
vt 0.218051955 0.0827617347
vt 0.208483309 0.13485232
vt 0.208483309 0.13485232
vt 0.209348664 0.134709954
vt 0.209348664 0.134709954
vt 0.217850953 0.0750195086
vt 0.217850953 0.0750195086
vt 0.217178181 0.0752277076
vt 0.217178181 0.0752277076
vt 0.215345383 0.0787842274
vt 0.215345383 0.0787842274
vt 0.21740368 0.0788555443
vt 0.21740368 0.0788555443
vt 0.21738492 0.082811743
vt 0.21738492 0.082811743
vt 0.218051955 0.0827617347
vt 0.218051955 0.0827617347
vt 0.21740368 0.0788555443
vt 0.21740368 0.0788555443
vt 0.218030527 0.0791806281
vt 0.218030527 0.0791806281
vt 0.205915272 0.0746749938
vt 0.203543484 0.191395074
vt 0.203277767 0.190572172
vt 0.205774739 0.0760633349
vt 0.194254801 0.0746749938
vt 0.18799673 0.20895806
vt 0.187875062 0.208138376
vt 0.194154367 0.0757814646
vt 0.187465549 0.0746749938
vt 0.180355102 0.242111355
vt 0.180255368 0.241297215
vt 0.187386543 0.0756931603
vt 0.196659893 0.0766260922
vt 0.196651489 0.075535506
vt 0.194304511 0.259725899
vt 0.194363534 0.261262566
vt 0.196743801 0.0768321753
vt 0.194724038 0.260641187
vt 0.194642946 0.259815186
vt 0.196743801 0.0746749938
vt 0.196743801 0.0746749938
vt 0.194642946 0.259815186
vt 0.194304511 0.259725899
vt 0.196651489 0.075535506
vt 0.196743801 0.0768321753
vt 0.196659893 0.0766260922
vt 0.194363534 0.261262566
vt 0.194724038 0.260641187
vt 0.217196032 0.097897172
vt 0.217635155 0.0999627709
vt 0.220110953 0.0966540277
vt 0.220986679 0.100842625
vt 0.219527632 0.0971219838
vt 0.21694617 0.100469679
vt 0.215345383 0.0966540277
vt 0.219746783 0.0999208987
vt 0.217293784 0.0931937993
vt 0.217698246 0.0953463912
vt 0.220567733 0.0917371213
vt 0.221551701 0.0966043174
vt 0.216532186 0.0902588367
vt 0.219455704 0.0898353457
vt 0.215345383 0.086363554
vt 0.220577464 0.0854854286
vt 0.26215294 0.137633145
vt 0.262054592 0.136471838
vt 0.259145796 0.194134444
vt 0.259276897 0.196079284
vt 0.262400657 0.137213916
vt 0.26215294 0.137633145
vt 0.259276897 0.196079284
vt 0.259697735 0.194676071
vt 0.262400657 0.137213916
vt 0.259697735 0.194676071
vt 0.25952211 0.193818063
vt 0.262400657 0.134424806
vt 0.262400657 0.134424806
vt 0.25952211 0.193818063
vt 0.259145796 0.194134444
vt 0.262054592 0.136471838
vt 0.205915272 0.0746749938
vt 0.205774739 0.0760633349
vt 0.203277767 0.190572172
vt 0.203543484 0.191395074
vt 0.215345383 0.0787842274
vt 0.217336476 0.0793107152
vt 0.217336476 0.0793107152
vt 0.215345383 0.0787842274
vt 0.208432481 0.139458865
vt 0.208432481 0.139458865
vt 0.207851633 0.139094234
vt 0.207851633 0.139094234
vt 0.20773375 0.139669627
vt 0.208432481 0.139458865
vt 0.208432481 0.139458865
vt 0.20773375 0.139669627
vt 0.194254801 0.0746749938
vt 0.194154367 0.0757814646
vt 0.187875062 0.208138376
vt 0.18799673 0.20895806
vt 0.215345383 0.0787842274
vt 0.217336476 0.0793107152
vt 0.217336476 0.0793107152
vt 0.215345383 0.0787842274
vt 0.205964968 0.13918221
vt 0.205964968 0.13918221
vt 0.207851633 0.139094234
vt 0.207851633 0.139094234
vt 0.217445225 0.0824801624
vt 0.217445225 0.0824801624
vt 0.218051955 0.0827617347
vt 0.218051955 0.0827617347
vt 0.217336476 0.0793107152
vt 0.217336476 0.0793107152
vt 0.218030527 0.0791806281
vt 0.218030527 0.0791806281
vt 0.187465549 0.0746749938
vt 0.187386543 0.0756931603
vt 0.180255368 0.241297215
vt 0.180355102 0.242111355
vt 0.194304511 0.259725899
vt 0.196651489 0.075535506
vt 0.196659893 0.0766260922
vt 0.194363534 0.261262566
vt 0.196743801 0.0768321753
vt 0.196743801 0.0746749938
vt 0.194642946 0.259815186
vt 0.194724038 0.260641187
vt 0.196743801 0.0746749938
vt 0.196651489 0.075535506
vt 0.194304511 0.259725899
vt 0.194642946 0.259815186
vt 0.194363534 0.261262566
vt 0.196659893 0.0766260922
vt 0.196743801 0.0768321753
vt 0.194724038 0.260641187
vt 0.220110953 0.0966540277
vt 0.217635155 0.0999627709
vt 0.217196032 0.097897172
vt 0.220986679 0.100842625
vt 0.219527632 0.0971219838
vt 0.219746783 0.0999208987
vt 0.215345383 0.0966540277
vt 0.21694617 0.100469679
vt 0.220567733 0.0917371213
vt 0.217698246 0.0953463912
vt 0.217293784 0.0931937993
vt 0.221551701 0.0966043174
vt 0.215345383 0.086363554
vt 0.219455704 0.0898353457
vt 0.216532186 0.0902588367
vt 0.220577464 0.0854854286
vt 0.259145796 0.194134444
vt 0.262054592 0.136471838
vt 0.26215294 0.137633145
vt 0.259276897 0.196079284
vt 0.259276897 0.196079284
vt 0.26215294 0.137633145
vt 0.262400657 0.137213916
vt 0.259697735 0.194676071
vt 0.262400657 0.137213916
vt 0.262400657 0.134424806
vt 0.25952211 0.193818063
vt 0.259697735 0.194676071
vt 0.262400657 0.134424806
vt 0.262054592 0.136471838
vt 0.259145796 0.194134444
vt 0.25952211 0.193818063
vt 0.208483309 0.13485232
vt 0.205964968 0.134424806
vt 0.205964968 0.134424806
vt 0.208483309 0.13485232
vt 0.215345383 0.0787842274
vt 0.217336476 0.0793107152
vt 0.217336476 0.0793107152
vt 0.215345383 0.0787842274
vt 0.217236698 0.0746749938
vt 0.215345383 0.0747542083
vt 0.215345383 0.0747542083
vt 0.217236698 0.0746749938
vt 0.20773375 0.139669627
vt 0.20773375 0.139669627
vt 0.205964968 0.13918221
vt 0.205964968 0.13918221
vt 0.215345383 0.0822694898
vt 0.215345383 0.0822694898
vt 0.217445225 0.0824801624
vt 0.217445225 0.0824801624
vt 0.205915272 0.0746749938
vt 0.203543484 0.191395074
vt 0.203277767 0.190572172
vt 0.205774739 0.0760633349
vt 0.194254801 0.0746749938
vt 0.18799673 0.20895806
vt 0.187875062 0.208138376
vt 0.194154367 0.0757814646
vt 0.187465549 0.0746749938
vt 0.180355102 0.242111355
vt 0.180255368 0.241297215
vt 0.187386543 0.0756931603
vt 0.196659893 0.0766260922
vt 0.196651489 0.075535506
vt 0.194304511 0.259725899
vt 0.194363534 0.261262566
vt 0.196743801 0.0768321753
vt 0.194724038 0.260641187
vt 0.194642946 0.259815186
vt 0.196743801 0.0746749938
vt 0.196743801 0.0746749938
vt 0.194642946 0.259815186
vt 0.194304511 0.259725899
vt 0.196651489 0.075535506
vt 0.196743801 0.0768321753
vt 0.196659893 0.0766260922
vt 0.194363534 0.261262566
vt 0.194724038 0.260641187
vt 0.217196032 0.097897172
vt 0.217635155 0.0999627709
vt 0.220110953 0.0966540277
vt 0.220986679 0.100842625
vt 0.219527632 0.0971219838
vt 0.21694617 0.100469679
vt 0.215345383 0.0966540277
vt 0.219746783 0.0999208987
vt 0.217293784 0.0931937993
vt 0.217698246 0.0953463912
vt 0.220567733 0.0917371213
vt 0.221551701 0.0966043174
vt 0.216532186 0.0902588367
vt 0.219455704 0.0898353457
vt 0.215345383 0.086363554
vt 0.220577464 0.0854854286
vt 0.26215294 0.137633145
vt 0.262054592 0.136471838
vt 0.259145796 0.194134444
vt 0.259276897 0.196079284
vt 0.262400657 0.137213916
vt 0.26215294 0.137633145
vt 0.259276897 0.196079284
vt 0.259697735 0.194676071
vt 0.262400657 0.137213916
vt 0.259697735 0.194676071
vt 0.25952211 0.193818063
vt 0.262400657 0.134424806
vt 0.262400657 0.134424806
vt 0.25952211 0.193818063
vt 0.259145796 0.194134444
vt 0.262054592 0.136471838
vt 0.267246187 0.860662699
vt 0.267245829 0.860661745
vt 0.267246187 0.860662699
vt 0.267237663 0.860638976
vt 0.267237484 0.860656977
vt 0.266978025 0.859445453
vt 0.267245471 0.860677958
vt 0.267287314 0.860882163
vt 0.26729545 0.860905766
vt 0.267286211 0.860884428
vt 0.267287076 0.860885501
vt 0.267285973 0.860885501
vt 0.267302811 0.86094141
vt 0.26728785 0.860898256
vt 0.267296165 0.860939741
vt 0.267139196 0.860227942
vt 0.267152876 0.860308647
vt 0.2671206 0.860205054
vt 0.267134249 0.860285759
vt 0.267119348 0.860157132
vt 0.267122507 0.860163212
vt 0.26711762 0.860163808
vt 0.267111301 0.860151529
vt 0.266915083 0.859368443
vt 0.205915272 0.0746749938
vt 0.205774739 0.0760633349
vt 0.203277767 0.190572172
vt 0.203543484 0.191395074
vt 0.208432481 0.139458865
vt 0.208432481 0.139458865
vt 0.207851633 0.139094234
vt 0.207851633 0.139094234
vt 0.205964968 0.134424806
vt 0.205964968 0.134424806
vt 0.208483309 0.13485232
vt 0.208483309 0.13485232
vt 0.217445225 0.0824801624
vt 0.217445225 0.0824801624
vt 0.218051955 0.0827617347
vt 0.218051955 0.0827617347
vt 0.194254801 0.0746749938
vt 0.194154367 0.0757814646
vt 0.187875062 0.208138376
vt 0.18799673 0.20895806
vt 0.217236698 0.0746749938
vt 0.217236698 0.0746749938
vt 0.217850953 0.0750195086
vt 0.217850953 0.0750195086
vt 0.208483309 0.13485232
vt 0.205964968 0.134424806
vt 0.205964968 0.134424806
vt 0.208483309 0.13485232
vt 0.217445225 0.0824801624
vt 0.217445225 0.0824801624
vt 0.218051955 0.0827617347
vt 0.218051955 0.0827617347
vt 0.215345383 0.0747542083
vt 0.215345383 0.0747542083
vt 0.217178181 0.0752277076
vt 0.217178181 0.0752277076
vt 0.20773375 0.139669627
vt 0.20773375 0.139669627
vt 0.205964968 0.13918221
vt 0.205964968 0.13918221
vt 0.208483309 0.13485232
vt 0.208483309 0.13485232
vt 0.209348664 0.134709954
vt 0.209348664 0.134709954
vt 0.187465549 0.0746749938
vt 0.187386543 0.0756931603
vt 0.180255368 0.241297215
vt 0.180355102 0.242111355
vt 0.194304511 0.259725899
vt 0.196651489 0.075535506
vt 0.196659893 0.0766260922
vt 0.194363534 0.261262566
vt 0.196743801 0.0768321753
vt 0.196743801 0.0746749938
vt 0.194642946 0.259815186
vt 0.194724038 0.260641187
vt 0.196743801 0.0746749938
vt 0.196651489 0.075535506
vt 0.194304511 0.259725899
vt 0.194642946 0.259815186
vt 0.194363534 0.261262566
vt 0.196659893 0.0766260922
vt 0.196743801 0.0768321753
vt 0.194724038 0.260641187
vt 0.220110953 0.0966540277
vt 0.217635155 0.0999627709
vt 0.217196032 0.097897172
vt 0.220986679 0.100842625
vt 0.219527632 0.0971219838
vt 0.219746783 0.0999208987
vt 0.215345383 0.0966540277
vt 0.21694617 0.100469679
vt 0.220567733 0.0917371213
vt 0.217698246 0.0953463912
vt 0.217293784 0.0931937993
vt 0.221551701 0.0966043174
vt 0.215345383 0.086363554
vt 0.219455704 0.0898353457
vt 0.216532186 0.0902588367
vt 0.220577464 0.0854854286
vt 0.259145796 0.194134444
vt 0.262054592 0.136471838
vt 0.26215294 0.137633145
vt 0.259276897 0.196079284
vt 0.259276897 0.196079284
vt 0.26215294 0.137633145
vt 0.262400657 0.137213916
vt 0.259697735 0.194676071
vt 0.262400657 0.137213916
vt 0.262400657 0.134424806
vt 0.25952211 0.193818063
vt 0.259697735 0.194676071
vt 0.262400657 0.134424806
vt 0.262054592 0.136471838
vt 0.259145796 0.194134444
vt 0.25952211 0.193818063
vt 0.205964968 0.13918221
vt 0.205964968 0.13918221
vt 0.207851633 0.139094234
vt 0.207851633 0.139094234
vt 0.20773375 0.139669627
vt 0.20773375 0.139669627
vt 0.205964968 0.13918221
vt 0.205964968 0.13918221
vt 0.215345383 0.0747542083
vt 0.215345383 0.0747542083
vt 0.217178181 0.0752277076
vt 0.217178181 0.0752277076
vt 0.217850953 0.0750195086
vt 0.217850953 0.0750195086
vt 0.217178181 0.0752277076
vt 0.217178181 0.0752277076
vt 0.215345383 0.0787842274
vt 0.215345383 0.0787842274
vt 0.21740368 0.0788555443
vt 0.21740368 0.0788555443
vt 0.215345383 0.0822694898
vt 0.215345383 0.0822694898
vt 0.217445225 0.0824801624
vt 0.217445225 0.0824801624
vt 0.205915272 0.0746749938
vt 0.203543484 0.191395074
vt 0.203277767 0.190572172
vt 0.205774739 0.0760633349
vt 0.194254801 0.0746749938
vt 0.18799673 0.20895806
vt 0.187875062 0.208138376
vt 0.194154367 0.0757814646
vt 0.187465549 0.0746749938
vt 0.180355102 0.242111355
vt 0.180255368 0.241297215
vt 0.187386543 0.0756931603
vt 0.196659893 0.0766260922
vt 0.196651489 0.075535506
vt 0.194304511 0.259725899
vt 0.194363534 0.261262566
vt 0.196743801 0.0768321753
vt 0.194724038 0.260641187
vt 0.194642946 0.259815186
vt 0.196743801 0.0746749938
vt 0.196743801 0.0746749938
vt 0.194642946 0.259815186
vt 0.194304511 0.259725899
vt 0.196651489 0.075535506
vt 0.196743801 0.0768321753
vt 0.196659893 0.0766260922
vt 0.194363534 0.261262566
vt 0.194724038 0.260641187
vt 0.217196032 0.097897172
vt 0.217635155 0.0999627709
vt 0.220110953 0.0966540277
vt 0.220986679 0.100842625
vt 0.219527632 0.0971219838
vt 0.21694617 0.100469679
vt 0.215345383 0.0966540277
vt 0.219746783 0.0999208987
vt 0.217293784 0.0931937993
vt 0.217698246 0.0953463912
vt 0.220567733 0.0917371213
vt 0.221551701 0.0966043174
vt 0.216532186 0.0902588367
vt 0.219455704 0.0898353457
vt 0.215345383 0.086363554
vt 0.220577464 0.0854854286
vt 0.26215294 0.137633145
vt 0.262054592 0.136471838
vt 0.259145796 0.194134444
vt 0.259276897 0.196079284
vt 0.262400657 0.137213916
vt 0.26215294 0.137633145
vt 0.259276897 0.196079284
vt 0.259697735 0.194676071
vt 0.262400657 0.137213916
vt 0.259697735 0.194676071
vt 0.25952211 0.193818063
vt 0.262400657 0.134424806
vt 0.262400657 0.134424806
vt 0.25952211 0.193818063
vt 0.259145796 0.194134444
vt 0.262054592 0.136471838
vt 0.205915272 0.0746749938
vt 0.205774739 0.0760633349
vt 0.203277767 0.190572172
vt 0.203543484 0.191395074
vt 0.217236698 0.0746749938
vt 0.215345383 0.0747542083
vt 0.215345383 0.0747542083
vt 0.217236698 0.0746749938
vt 0.208483309 0.13485232
vt 0.208483309 0.13485232
vt 0.209348664 0.134709954
vt 0.209348664 0.134709954
vt 0.205964968 0.134424806
vt 0.205964968 0.134424806
vt 0.20851934 0.134424806
vt 0.20851934 0.134424806
vt 0.205964968 0.134424806
vt 0.205964968 0.134424806
vt 0.20851934 0.134424806
vt 0.20851934 0.134424806
vt 0.194254801 0.0746749938
vt 0.194154367 0.0757814646
vt 0.187875062 0.208138376
vt 0.18799673 0.20895806
vt 0.217850953 0.0750195086
vt 0.217850953 0.0750195086
vt 0.217178181 0.0752277076
vt 0.217178181 0.0752277076
vt 0.217336476 0.0793107152
vt 0.217336476 0.0793107152
vt 0.218030527 0.0791806281
vt 0.218030527 0.0791806281
vt 0.217336476 0.0793107152
vt 0.217336476 0.0793107152
vt 0.218030527 0.0791806281
vt 0.218030527 0.0791806281
vt 0.205964968 0.134424806
vt 0.205964968 0.134424806
vt 0.208483309 0.13485232
vt 0.208483309 0.13485232
vt 0.205964968 0.13918221
vt 0.205964968 0.13918221
vt 0.207851633 0.139094234
vt 0.207851633 0.139094234
vt 0.217236698 0.0746749938
vt 0.215345383 0.0747542083
vt 0.215345383 0.0747542083
vt 0.217236698 0.0746749938
vt 0.187465549 0.0746749938
vt 0.187386543 0.0756931603
vt 0.180255368 0.241297215
vt 0.180355102 0.242111355
vt 0.194304511 0.259725899
vt 0.196651489 0.075535506
vt 0.196659893 0.0766260922
vt 0.194363534 0.261262566
vt 0.196743801 0.0768321753
vt 0.196743801 0.0746749938
vt 0.194642946 0.259815186
vt 0.194724038 0.260641187
vt 0.196743801 0.0746749938
vt 0.196651489 0.075535506
vt 0.194304511 0.259725899
vt 0.194642946 0.259815186
vt 0.194363534 0.261262566
vt 0.196659893 0.0766260922
vt 0.196743801 0.0768321753
vt 0.194724038 0.260641187
vt 0.220110953 0.0966540277
vt 0.217635155 0.0999627709
vt 0.217196032 0.097897172
vt 0.220986679 0.100842625
vt 0.219527632 0.0971219838
vt 0.219746783 0.0999208987
vt 0.215345383 0.0966540277
vt 0.21694617 0.100469679
vt 0.220567733 0.0917371213
vt 0.217698246 0.0953463912
vt 0.217293784 0.0931937993
vt 0.221551701 0.0966043174
vt 0.215345383 0.086363554
vt 0.219455704 0.0898353457
vt 0.216532186 0.0902588367
vt 0.220577464 0.0854854286
vt 0.259145796 0.194134444
vt 0.262054592 0.136471838
vt 0.26215294 0.137633145
vt 0.259276897 0.196079284
vt 0.259276897 0.196079284
vt 0.26215294 0.137633145
vt 0.262400657 0.137213916
vt 0.259697735 0.194676071
vt 0.262400657 0.137213916
vt 0.262400657 0.134424806
vt 0.25952211 0.193818063
vt 0.259697735 0.194676071
vt 0.262400657 0.134424806
vt 0.262054592 0.136471838
vt 0.259145796 0.194134444
vt 0.25952211 0.193818063
vt 0.217236698 0.0746749938
vt 0.215345383 0.0747542083
vt 0.215345383 0.0747542083
vt 0.217236698 0.0746749938
vt 0.208432481 0.139458865
vt 0.208432481 0.139458865
vt 0.207851633 0.139094234
vt 0.207851633 0.139094234
vt 0.209348664 0.134709954
vt 0.209348664 0.134709954
vt 0.20851934 0.134424806
vt 0.20851934 0.134424806
vt 0.205964968 0.134424806
vt 0.205964968 0.134424806
vt 0.20851934 0.134424806
vt 0.20851934 0.134424806
vt 0.217445225 0.0824801624
vt 0.217445225 0.0824801624
vt 0.218051955 0.0827617347
vt 0.218051955 0.0827617347
vt 0.21738492 0.082811743
vt 0.21738492 0.082811743
vt 0.218051955 0.0827617347
vt 0.218051955 0.0827617347
vt 0.215345383 0.0822694898
vt 0.21738492 0.082811743
vt 0.21738492 0.082811743
vt 0.215345383 0.0822694898
vt 0.205915272 0.0746749938
vt 0.203543484 0.191395074
vt 0.203277767 0.190572172
vt 0.205774739 0.0760633349
vt 0.194254801 0.0746749938
vt 0.18799673 0.20895806
vt 0.187875062 0.208138376
vt 0.194154367 0.0757814646
vt 0.187465549 0.0746749938
vt 0.180355102 0.242111355
vt 0.180255368 0.241297215
vt 0.187386543 0.0756931603
vt 0.196659893 0.0766260922
vt 0.196651489 0.075535506
vt 0.194304511 0.259725899
vt 0.194363534 0.261262566
vt 0.196743801 0.0768321753
vt 0.194724038 0.260641187
vt 0.194642946 0.259815186
vt 0.196743801 0.0746749938
vt 0.196743801 0.0746749938
vt 0.194642946 0.259815186
vt 0.194304511 0.259725899
vt 0.196651489 0.075535506
vt 0.196743801 0.0768321753
vt 0.196659893 0.0766260922
vt 0.194363534 0.261262566
vt 0.194724038 0.260641187
vt 0.217196032 0.097897172
vt 0.217635155 0.0999627709
vt 0.220110953 0.0966540277
vt 0.220986679 0.100842625
vt 0.219527632 0.0971219838
vt 0.21694617 0.100469679
vt 0.215345383 0.0966540277
vt 0.219746783 0.0999208987
vt 0.217293784 0.0931937993
vt 0.217698246 0.0953463912
vt 0.220567733 0.0917371213
vt 0.221551701 0.0966043174
vt 0.216532186 0.0902588367
vt 0.219455704 0.0898353457
vt 0.215345383 0.086363554
vt 0.220577464 0.0854854286
vt 0.26215294 0.137633145
vt 0.262054592 0.136471838
vt 0.259145796 0.194134444
vt 0.259276897 0.196079284
vt 0.262400657 0.137213916
vt 0.26215294 0.137633145
vt 0.259276897 0.196079284
vt 0.259697735 0.194676071
vt 0.262400657 0.137213916
vt 0.259697735 0.194676071
vt 0.25952211 0.193818063
vt 0.262400657 0.134424806
vt 0.262400657 0.134424806
vt 0.25952211 0.193818063
vt 0.259145796 0.194134444
vt 0.262054592 0.136471838
vt 0.645008981 0.699696422
vt 0.645008981 0.776865959
vt 0.722178519 0.776865959
vt 0.722178519 0.699696422
vt 0.645008981 0.699696422
vt 0.645008981 0.776865959
vt 0.722178519 0.776865959
vt 0.722178519 0.699696422
vt 0.722178519 0.699696422
vt 0.645008981 0.699696422
vt 0.645008981 0.776865959
vt 0.722178519 0.776865959
vt 0.722178519 0.699696422
vt 0.645008981 0.699696422
vt 0.645008981 0.776865959
vt 0.722178519 0.776865959
vt 0.645008981 0.699696422
vt 0.645008981 0.776865959
vt 0.722178519 0.776865959
vt 0.722178519 0.699696422
vt 0.722178519 0.699696422
vt 0.645008981 0.699696422
vt 0.645008981 0.776865959
vt 0.722178519 0.776865959
vt 0.645008981 0.699696422
vt 0.645008981 0.776865959
vt 0.722178519 0.776865959
vt 0.722178519 0.699696422
vt 0.722178519 0.699696422
vt 0.645008981 0.699696422
vt 0.645008981 0.776865959
vt 0.722178519 0.776865959
vt 0.722178519 0.699696422
vt 0.645008981 0.699696422
vt 0.645008981 0.776865959
vt 0.722178519 0.776865959
vt 0.645008981 0.699696422
vt 0.645008981 0.776865959
vt 0.722178519 0.776865959
vt 0.722178519 0.699696422
vt 0.645008981 0.699696422
vt 0.645008981 0.776865959
vt 0.722178519 0.776865959
vt 0.722178519 0.699696422
vt 0.645008981 0.699696422
vt 0.645008981 0.776865959
vt 0.722178519 0.776865959
vt 0.722178519 0.699696422
vt 0.722178519 0.699696422
vt 0.645008981 0.699696422
vt 0.645008981 0.776865959
vt 0.722178519 0.776865959
vt 0.722178519 0.699696422
vt 0.645008981 0.699696422
vt 0.645008981 0.776865959
vt 0.722178519 0.776865959
vt 0.722178519 0.699696422
vt 0.645008981 0.699696422
vt 0.645008981 0.776865959
vt 0.722178519 0.776865959
vt 0.645008981 0.776865959
vt 0.645008981 0.699696422
vt 0.722178519 0.699696422
vt 0.722178519 0.776865959
vt 0.645008981 0.699696422
vt 0.722178519 0.699696422
vt 0.722178519 0.776865959
vt 0.645008981 0.776865959
vt 0.645008981 0.776865959
vt 0.645008981 0.699696422
vt 0.722178519 0.699696422
vt 0.722178519 0.776865959
vt 0.645008981 0.776865959
vt 0.645008981 0.699696422
vt 0.722178519 0.699696422
vt 0.722178519 0.776865959
vt 0.645008981 0.699696422
vt 0.722178519 0.699696422
vt 0.722178519 0.776865959
vt 0.645008981 0.776865959
vt 0.660914183 0.707065463
vt 0.720290065 0.750204563
vt 0.706273317 0.707065463
vt 0.646897435 0.750204563
vt 0.68359375 0.776865959
vt 0.645008981 0.699696422
vt 0.722178519 0.699696422
vt 0.722178519 0.776865959
vt 0.645008981 0.776865959
vt 0.645008981 0.776865959
vt 0.645008981 0.699696422
vt 0.722178519 0.699696422
vt 0.722178519 0.776865959
vt 0.645008981 0.776865959
vt 0.645008981 0.699696422
vt 0.722178519 0.699696422
vt 0.722178519 0.776865959
vt 0.645008981 0.776865959
vt 0.645008981 0.699696422
vt 0.722178519 0.699696422
vt 0.722178519 0.776865959
vt 0.645008981 0.699696422
vt 0.722178519 0.699696422
vt 0.722178519 0.776865959
vt 0.645008981 0.776865959
vt 0.645008981 0.699696422
vt 0.722178519 0.699696422
vt 0.722178519 0.776865959
vt 0.645008981 0.776865959
vt 0.645008981 0.699696422
vt 0.722178519 0.699696422
vt 0.722178519 0.776865959
vt 0.645008981 0.776865959
vt 0.645008981 0.776865959
vt 0.645008981 0.699696422
vt 0.722178519 0.699696422
vt 0.722178519 0.776865959
vt 0.660914183 0.707065463
vt 0.720290065 0.750204563
vt 0.706273317 0.707065463
vt 0.646897435 0.750204563
vt 0.68359375 0.776865959
vt 0.645008981 0.776865959
vt 0.645008981 0.699696422
vt 0.722178519 0.699696422
vt 0.722178519 0.776865959
vt 0.645008981 0.699696422
vt 0.722178519 0.699696422
vt 0.722178519 0.776865959
vt 0.645008981 0.776865959
vt 0.645008981 0.776865959
vt 0.645008981 0.699696422
vt 0.722178519 0.699696422
vt 0.722178519 0.776865959
vt 0.645008981 0.699696422
vt 0.722178519 0.699696422
vt 0.722178519 0.776865959
vt 0.645008981 0.776865959
vt 0.645008981 0.776865959
vt 0.645008981 0.699696422
vt 0.722178519 0.699696422
vt 0.722178519 0.776865959
vt 0.645008981 0.776865959
vt 0.645008981 0.699696422
vt 0.722178519 0.699696422
vt 0.722178519 0.776865959
vt 0.645008981 0.699696422
vt 0.722178519 0.699696422
vt 0.722178519 0.776865959
vt 0.645008981 0.776865959
vt 0.660914183 0.707065463
vt 0.720290065 0.750204563
vt 0.706273317 0.707065463
vt 0.646897435 0.750204563
vt 0.68359375 0.776865959
vt 0.645008981 0.699696422
vt 0.722178519 0.699696422
vt 0.722178519 0.776865959
vt 0.645008981 0.776865959
vt 0.645008981 0.776865959
vt 0.645008981 0.699696422
vt 0.722178519 0.699696422
vt 0.722178519 0.776865959
vt 0.645008981 0.776865959
vt 0.645008981 0.699696422
vt 0.722178519 0.699696422
vt 0.722178519 0.776865959
vt 0.645008981 0.776865959
vt 0.645008981 0.699696422
vt 0.722178519 0.699696422
vt 0.722178519 0.776865959
vt 0.645008981 0.699696422
vt 0.722178519 0.699696422
vt 0.722178519 0.776865959
vt 0.645008981 0.776865959
vt 0.645008981 0.699696422
vt 0.722178519 0.699696422
vt 0.722178519 0.776865959
vt 0.645008981 0.776865959
vt 0.645008981 0.699696422
vt 0.722178519 0.699696422
vt 0.722178519 0.776865959
vt 0.645008981 0.776865959
vt 0.645008981 0.776865959
vt 0.645008981 0.699696422
vt 0.722178519 0.699696422
vt 0.722178519 0.776865959
vt 0.660914183 0.707065463
vt 0.720290065 0.750204563
vt 0.706273317 0.707065463
vt 0.646897435 0.750204563
vt 0.68359375 0.776865959
vt 0.645008981 0.776865959
vt 0.645008981 0.699696422
vt 0.722178519 0.699696422
vt 0.722178519 0.776865959
vt 0.645008981 0.699696422
vt 0.722178519 0.699696422
vt 0.722178519 0.776865959
vt 0.645008981 0.776865959
vt 0.645008981 0.699696422
vt 0.645008981 0.776865959
vt 0.722178519 0.776865959
vt 0.722178519 0.699696422
vt 0.645008981 0.699696422
vt 0.645008981 0.776865959
vt 0.722178519 0.776865959
vt 0.722178519 0.699696422
vt 0.722178519 0.699696422
vt 0.645008981 0.699696422
vt 0.645008981 0.776865959
vt 0.722178519 0.776865959
vt 0.722178519 0.699696422
vt 0.645008981 0.699696422
vt 0.645008981 0.776865959
vt 0.722178519 0.776865959
vt 0.645008981 0.699696422
vt 0.645008981 0.776865959
vt 0.722178519 0.776865959
vt 0.722178519 0.699696422
vt 0.722178519 0.699696422
vt 0.645008981 0.699696422
vt 0.645008981 0.776865959
vt 0.722178519 0.776865959
vt 0.645008981 0.699696422
vt 0.645008981 0.776865959
vt 0.722178519 0.776865959
vt 0.722178519 0.699696422
vt 0.722178519 0.699696422
vt 0.645008981 0.699696422
vt 0.645008981 0.776865959
vt 0.722178519 0.776865959
vt 0.722178519 0.699696422
vt 0.645008981 0.699696422
vt 0.645008981 0.776865959
vt 0.722178519 0.776865959
vt 0.645008981 0.699696422
vt 0.645008981 0.776865959
vt 0.722178519 0.776865959
vt 0.722178519 0.699696422
vt 0.645008981 0.699696422
vt 0.645008981 0.776865959
vt 0.722178519 0.776865959
vt 0.722178519 0.699696422
vt 0.645008981 0.699696422
vt 0.645008981 0.776865959
vt 0.722178519 0.776865959
vt 0.722178519 0.699696422
vt 0.722178519 0.699696422
vt 0.645008981 0.699696422
vt 0.645008981 0.776865959
vt 0.722178519 0.776865959
vt 0.722178519 0.699696422
vt 0.645008981 0.699696422
vt 0.645008981 0.776865959
vt 0.722178519 0.776865959
vt 0.722178519 0.699696422
vt 0.645008981 0.699696422
vt 0.645008981 0.776865959
vt 0.722178519 0.776865959
vt 0.209413797 0.29422465
vt 0.23212707 0.190404683
vt 0.232127011 0.17623347
vt 0.206535131 0.29880777
vt 0.227351725 0.192852914
vt 0.229354128 0.195554584
vt 0.210880846 0.297620982
vt 0.206837162 0.30990389
vt 0.232127011 0.17623347
vt 0.23212707 0.190404683
vt 0.209413797 0.29422465
vt 0.206535131 0.29880777
vt 0.227351725 0.192852914
vt 0.206837162 0.30990389
vt 0.210880846 0.297620982
vt 0.229354128 0.195554584
vt 0.232127011 0.17623347
vt 0.23212707 0.190404683
vt 0.209413797 0.29422465
vt 0.206535131 0.29880777
vt 0.227351725 0.192852914
vt 0.206837162 0.30990389
vt 0.210880846 0.297620982
vt 0.229354128 0.195554584
vt 0.209413797 0.29422465
vt 0.23212707 0.190404683
vt 0.232127011 0.17623347
vt 0.206535131 0.29880777
vt 0.227351725 0.192852914
vt 0.229354128 0.195554584
vt 0.210880846 0.297620982
vt 0.206837162 0.30990389
vt 0.215345383 0.0822694898
vt 0.215345383 0.0822694898
vt 0.217445225 0.0824801624
vt 0.217445225 0.0824801624
vt 0.269155294 0.869316697
vt 0.269156575 0.869319201
vt 0.269156158 0.869316339
vt 0.269156277 0.869316101
vt 0.269157052 0.869318604
vt 0.269157112 0.869315982
vt 0.267285973 0.860885501
vt 0.267286599 0.86088717
vt 0.267287076 0.860885501
vt 0.267289698 0.860899329
vt 0.267287672 0.86089313
vt 0.267286777 0.860897183
vt 0.268185496 0.864951015
vt 0.268186927 0.864954233
vt 0.268186033 0.864950538
vt 0.268186569 0.864950657
vt 0.268187404 0.864954829
vt 0.268187404 0.864951134
vt 0.267122507 0.860163212
vt 0.26711762 0.860163808
vt 0.267122686 0.860171318
vt 0.267129004 0.860197067
vt 0.267130673 0.860217333
vt 0.267136872 0.860208511
vt 0.269161642 0.86933291
vt 0.269160599 0.86933291
vt 0.269161522 0.869336128
vt 0.269160688 0.869335413
vt 0.26916042 0.86933279
vt 0.269159585 0.869333029
vt 0.268193245 0.864976048
vt 0.268192589 0.86497581
vt 0.268193334 0.864979506
vt 0.268193096 0.864979982
vt 0.268192112 0.864976048
vt 0.268191606 0.864976764
vt 0.646897435 0.750204563
vt 0.720290065 0.750204563
vt 0.68359375 0.776865959
vt 0.660914183 0.707065463
vt 0.706273317 0.707065463
vt 0.646897435 0.750204563
vt 0.660914183 0.707065463
vt 0.68359375 0.776865959
vt 0.720290065 0.750204563
vt 0.706273317 0.707065463
vt 0.646897435 0.750204563
vt 0.720290065 0.750204563
vt 0.68359375 0.776865959
vt 0.660914183 0.707065463
vt 0.706273317 0.707065463
vt 0.646897435 0.750204563
vt 0.720290065 0.750204563
vt 0.68359375 0.776865959
vt 0.660914183 0.707065463
vt 0.706273317 0.707065463
vt 0.646897435 0.750204563
vt 0.660914183 0.707065463
vt 0.68359375 0.776865959
vt 0.720290065 0.750204563
vt 0.706273317 0.707065463
vt 0.646897435 0.750204563
vt 0.660914183 0.707065463
vt 0.68359375 0.776865959
vt 0.720290065 0.750204563
vt 0.706273317 0.707065463
vt 0.720290065 0.750204563
vt 0.706273317 0.707065463
vt 0.68359375 0.776865959
vt 0.646897435 0.750204563
vt 0.660914183 0.707065463
vt 0.720290065 0.750204563
vt 0.646897435 0.750204563
vt 0.68359375 0.776865959
vt 0.706273317 0.707065463
vt 0.660914183 0.707065463
vt 0.720290065 0.750204563
vt 0.646897435 0.750204563
vt 0.68359375 0.776865959
vt 0.706273317 0.707065463
vt 0.660914183 0.707065463
vt 0.720290065 0.750204563
vt 0.706273317 0.707065463
vt 0.68359375 0.776865959
vt 0.646897435 0.750204563
vt 0.660914183 0.707065463
vt 0.720290065 0.750204563
vt 0.706273317 0.707065463
vt 0.68359375 0.776865959
vt 0.646897435 0.750204563
vt 0.660914183 0.707065463
vt 0.720290065 0.750204563
vt 0.646897435 0.750204563
vt 0.68359375 0.776865959
vt 0.706273317 0.707065463
vt 0.660914183 0.707065463
vt 0.720290065 0.750204563
vt 0.646897435 0.750204563
vt 0.68359375 0.776865959
vt 0.706273317 0.707065463
vt 0.660914183 0.707065463
vt 0.720290065 0.750204563
vt 0.706273317 0.707065463
vt 0.68359375 0.776865959
vt 0.646897435 0.750204563
vt 0.660914183 0.707065463
vt 0.646897435 0.750204563
vt 0.720290065 0.750204563
vt 0.68359375 0.776865959
vt 0.660914183 0.707065463
vt 0.706273317 0.707065463
vt 0.646897435 0.750204563
vt 0.660914183 0.707065463
vt 0.68359375 0.776865959
vt 0.720290065 0.750204563
vt 0.706273317 0.707065463
vt 0.646897435 0.750204563
vt 0.720290065 0.750204563
vt 0.68359375 0.776865959
vt 0.660914183 0.707065463
vt 0.706273317 0.707065463
vt 0.646897435 0.750204563
vt 0.720290065 0.750204563
vt 0.68359375 0.776865959
vt 0.660914183 0.707065463
vt 0.706273317 0.707065463
vt 0.646897435 0.750204563
vt 0.660914183 0.707065463
vt 0.68359375 0.776865959
vt 0.720290065 0.750204563
vt 0.706273317 0.707065463
vt 0.646897435 0.750204563
vt 0.660914183 0.707065463
vt 0.68359375 0.776865959
vt 0.720290065 0.750204563
vt 0.706273317 0.707065463
vt 0.268236995 0.865214705
vt 0.26818645 0.864958048
vt 0.268185496 0.864951015
vt 0.268186927 0.864954233
vt 0.26818639 0.864955187
vt 0.268228501 0.865167618
vt 0.268140912 0.864782691
vt 0.268129557 0.864722967
vt 0.268247366 0.865226984
vt 0.268151939 0.864787698
vt 0.268141508 0.864733219
vt 0.268144727 0.864774466
vt 0.268237591 0.865174413
vt 0.268156826 0.864823461
vt 0.268238813 0.865192056
vt 0.268251777 0.86524272
vt 0.268151194 0.864764094
vt 0.268244267 0.865183473
vt 0.268256038 0.865228534
vt 0.268164366 0.864817262
vt 0.268194139 0.864980102
vt 0.268195331 0.864982724
vt 0.268193245 0.864976048
vt 0.268193334 0.864979506
vt 0.269155294 0.869316697
vt 0.269156396 0.869322658
vt 0.269156575 0.869319201
vt 0.269156277 0.869319677
vt 0.269186497 0.869481683
vt 0.269134879 0.869250655
vt 0.269123822 0.869193196
vt 0.269133925 0.869203568
vt 0.269176006 0.869432211
vt 0.26914376 0.869255066
vt 0.269132197 0.869215727
vt 0.269183695 0.869436502
vt 0.26914525 0.86926806
vt 0.269137502 0.869203687
vt 0.269194305 0.869487643
vt 0.26949501 0.870828032
vt 0.269188553 0.86946094
vt 0.269504249 0.870867372
vt 0.269498348 0.87086165
vt 0.269578218 0.8712008
vt 0.269616783 0.871375322
vt 0.269208401 0.869514108
vt 0.269201994 0.869519114
vt 0.269195408 0.869457126
vt 0.269152045 0.869262099
vt 0.269162089 0.869336486
vt 0.26916343 0.869339466
vt 0.269161642 0.86933291
vt 0.269161522 0.869336128
vt 0.269616783 0.871375322
vt 0.269517779 0.870942354
vt 0.269509017 0.870922804
vt 0.269472778 0.870751619
vt 0.269584239 0.871307492
vt 0.269479394 0.870779991
vt 0.269498348 0.87086165
vt 0.269478083 0.870763421
vt 0.26950109 0.870892763
vt 0.269491971 0.870854735
vn 0.000000 0.999466 -0.032662
vn 0.000000 0.999941 -0.010889
vn 0.000000 0.999763 -0.021777
vn 0.027759 0.000000 0.999615
vn 0.041631 0.000000 0.999133
vn 0.041631 0.000000 0.999133
vn -0.129956 -0.991459 0.010978
vn -0.051837 -0.998344 0.024935
vn -0.173079 -0.984908 0.000000
vn 0.000000 -0.998078 0.061972
vn 0.000000 -0.998078 0.061972
vn 0.998636 0.000000 -0.052216
vn 0.999848 0.000000 -0.017411
vn 0.999394 0.000000 -0.034821
vn 0.998636 0.000000 -0.052216
vn 0.998636 0.000000 -0.052216
vn 0.999659 0.000000 -0.026117
vn 0.999763 0.000000 -0.021771
vn 0.999895 0.000000 -0.014514
vn 0.999394 0.000000 -0.034821
vn 0.998636 0.000000 -0.052216
vn 0.998636 0.000000 -0.052216
vn 0.999052 0.000000 -0.043532
vn 0.999579 0.000000 -0.029027
vn 0.999052 0.000000 -0.043532
vn 0.999052 0.000000 -0.043532
vn 0.999763 0.000000 -0.021771
vn 0.999052 0.000000 -0.043532
vn 0.999786 0.000000 -0.020666
vn 0.999519 0.000000 -0.031001
vn 0.998078 0.000000 -0.061972
vn 0.998078 0.000000 -0.061972
vn 0.998078 0.000000 -0.061972
vn 0.999459 0.013615 0.029948
vn 0.999865 0.006808 0.014975
vn 0.999867 0.000000 0.016333
vn 0.000000 0.000000 -1.000000
vn 0.000000 0.000000 -1.000000
vn 0.000000 0.000000 -1.000000
vn 0.000000 0.000000 -1.000000
vn -0.020820 0.000000 -0.999783
vn -0.999052 0.000000 0.043532
vn -0.999052 0.000000 0.043532
vn -0.999763 0.000000 0.021771
vn 0.999815 0.013616 0.013616
vn 0.999865 0.006808 0.014975
vn 0.999459 0.013615 0.029948
vn 0.076212 0.996664 -0.029197
vn 0.165239 0.986145 -0.014614
vn 0.000000 0.999763 -0.021771
vn 0.000000 0.999519 -0.031001
vn 0.000000 0.999786 -0.020666
vn 0.082637 0.995710 -0.041618
vn 0.000000 0.998078 -0.061972
vn -0.998078 0.000000 0.061972
vn -0.998078 0.000000 0.061972
vn -0.998078 0.000000 0.061972
vn 0.998078 0.000000 -0.061972
vn 0.999786 0.000000 -0.020666
vn 0.998078 0.000000 -0.061972
vn 0.082637 0.995710 -0.041618
vn 0.000000 0.998078 -0.061972
vn 0.000000 0.998078 -0.061972
vn -0.911756 0.000000 0.410732
vn -0.911756 0.000000 0.410732
vn -0.911756 0.000000 0.410732
vn -0.911756 0.000000 0.410732
vn -0.911756 0.000000 0.410732
vn -0.023095 0.998506 -0.049528
vn -0.023095 0.998506 -0.049528
vn -0.023095 0.998506 -0.049528
vn 0.023095 -0.998506 0.049528
vn 0.023095 -0.998506 0.049528
vn 0.023095 -0.998506 0.049528
vn -0.889051 0.000000 0.457808
vn -0.889051 0.000000 0.457808
vn -0.889051 0.000000 0.457808
vn -0.889051 0.000000 0.457808
vn -0.889051 0.000000 0.457808
vn -0.022809 0.998543 -0.048914
vn -0.022809 0.998543 -0.048914
vn -0.022809 0.998543 -0.048914
vn 0.028737 -0.997685 0.061628
vn 0.028738 -0.997685 0.061628
vn 0.028737 -0.997685 0.061628
vn -0.885217 0.000000 0.465177
vn -0.885217 0.000000 0.465177
vn -0.885217 0.000000 0.465177
vn -0.885217 0.000000 0.465177
vn -0.885217 0.000000 0.465177
vn 0.026974 -0.997961 0.057846
vn 0.026974 -0.997961 0.057846
vn 0.026974 -0.997961 0.057846
vn -0.021775 0.998672 -0.046697
vn -0.021775 0.998672 -0.046697
vn -0.021775 0.998672 -0.046697
vn 0.008087 -0.999817 0.017343
vn 0.008087 -0.999817 0.017343
vn 0.008087 -0.999817 0.017343
vn -0.015893 0.999293 -0.034082
vn -0.015893 0.999293 -0.034082
vn -0.015893 0.999293 -0.034082
vn 0.846800 0.000000 -0.531912
vn 0.846800 0.000000 -0.531912
vn 0.846800 0.000000 -0.531912
vn 0.004878 -0.999933 0.010461
vn 0.004878 -0.999933 0.010461
vn 0.004878 -0.999933 0.010461
vn -0.016123 0.999272 -0.034576
vn -0.016123 0.999272 -0.034576
vn -0.016123 0.999272 -0.034576
vn -0.920132 0.000000 0.391609
vn -0.920132 0.000000 0.391609
vn -0.920132 0.000000 0.391609
vn 0.915142 0.000000 -0.403131
vn 0.915142 0.000000 -0.403131
vn 0.915142 0.000000 -0.403131
vn -0.016370 0.999250 -0.035106
vn -0.016370 0.999250 -0.035106
vn -0.016370 0.999250 -0.035106
vn -0.873996 0.000000 0.485933
vn -0.873996 0.000000 0.485933
vn -0.873996 0.000000 0.485933
vn -0.873996 0.000000 0.485933
vn -0.873996 0.000000 0.485933
vn -0.019441 0.998941 -0.041692
vn -0.019441 0.998941 -0.041692
vn -0.019441 0.998941 -0.041692
vn 0.884287 0.000000 -0.466944
vn 0.884287 0.000000 -0.466944
vn 0.884287 0.000000 -0.466944
vn 0.028558 -0.997714 0.061243
vn 0.028558 -0.997714 0.061243
vn 0.028558 -0.997714 0.061243
vn -0.942382 0.000000 0.334537
vn -0.942382 0.000000 0.334537
vn -0.942382 0.000000 0.334537
vn -0.018554 0.999036 -0.039789
vn -0.018554 0.999036 -0.039789
vn -0.018554 0.999036 -0.039789
vn 0.942383 0.000000 -0.334537
vn 0.942383 0.000000 -0.334537
vn 0.942383 0.000000 -0.334537
vn 0.942383 0.000000 -0.334537
vn 0.942383 0.000000 -0.334537
vn 0.018554 -0.999036 0.039789
vn 0.018554 -0.999036 0.039789
vn 0.018554 -0.999036 0.039789
vn -0.909118 0.000000 0.416539
vn -0.909118 0.000000 0.416539
vn -0.909118 0.000000 0.416539
vn -0.909118 0.000000 0.416539
vn -0.909118 0.000000 0.416539
vn -0.018959 0.998993 -0.040657
vn -0.018959 0.998993 -0.040657
vn -0.018959 0.998993 -0.040657
vn 0.918977 0.000000 -0.394311
vn 0.918977 0.000000 -0.394311
vn 0.918977 0.000000 -0.394311
vn 0.029189 -0.997612 0.062595
vn 0.029189 -0.997612 0.062595
vn 0.029189 -0.997612 0.062595
vn 0.911756 0.000000 0.410732
vn 0.911756 0.000000 0.410732
vn 0.911756 0.000000 0.410732
vn 0.911756 0.000000 0.410732
vn 0.911756 0.000000 0.410732
vn 0.023095 0.998506 -0.049528
vn 0.023095 0.998506 -0.049528
vn 0.023095 0.998506 -0.049528
vn -0.023095 -0.998506 0.049528
vn -0.023095 -0.998506 0.049528
vn -0.023095 -0.998506 0.049528
vn 0.889051 0.000000 0.457808
vn 0.889051 0.000000 0.457808
vn 0.889051 0.000000 0.457808
vn 0.889051 0.000000 0.457808
vn 0.889051 0.000000 0.457808
vn 0.022809 0.998543 -0.048914
vn 0.022809 0.998543 -0.048914
vn 0.022809 0.998543 -0.048914
vn -0.028737 -0.997685 0.061628
vn -0.028737 -0.997685 0.061628
vn -0.028737 -0.997685 0.061628
vn 0.885217 0.000000 0.465177
vn 0.885217 0.000000 0.465177
vn 0.885217 0.000000 0.465177
vn 0.885217 0.000000 0.465177
vn 0.885217 0.000000 0.465177
vn -0.026974 -0.997961 0.057846
vn -0.026974 -0.997961 0.057846
vn -0.026974 -0.997961 0.057846
vn 0.021775 0.998672 -0.046697
vn 0.021775 0.998672 -0.046697
vn 0.021775 0.998672 -0.046697
vn -0.008087 -0.999817 0.017343
vn -0.008087 -0.999817 0.017343
vn -0.008087 -0.999817 0.017343
vn 0.015893 0.999293 -0.034082
vn 0.015893 0.999293 -0.034082
vn 0.015893 0.999293 -0.034082
vn -0.846800 0.000000 -0.531912
vn -0.846800 0.000000 -0.531912
vn -0.846800 0.000000 -0.531912
vn -0.004878 -0.999933 0.010461
vn -0.004878 -0.999933 0.010461
vn -0.004878 -0.999933 0.010461
vn 0.016123 0.999272 -0.034576
vn 0.016123 0.999272 -0.034576
vn 0.016123 0.999272 -0.034576
vn 0.920132 0.000000 0.391609
vn 0.920132 0.000000 0.391609
vn 0.920132 0.000000 0.391609
vn -0.915142 0.000000 -0.403131
vn -0.915142 0.000000 -0.403131
vn -0.915142 0.000000 -0.403131
vn 0.016370 0.999250 -0.035106
vn 0.016370 0.999250 -0.035106
vn 0.016370 0.999250 -0.035106
vn 0.873996 0.000000 0.485933
vn 0.873996 0.000000 0.485933
vn 0.873996 0.000000 0.485933
vn 0.873996 0.000000 0.485933
vn 0.873996 0.000000 0.485933
vn 0.019441 0.998941 -0.041692
vn 0.019441 0.998941 -0.041692
vn 0.019441 0.998941 -0.041692
vn -0.884287 0.000000 -0.466944
vn -0.884287 0.000000 -0.466944
vn -0.884287 0.000000 -0.466944
vn -0.028558 -0.997714 0.061243
vn -0.028558 -0.997714 0.061243
vn -0.028558 -0.997714 0.061243
vn 0.942382 0.000000 0.334537
vn 0.942382 0.000000 0.334537
vn 0.942382 0.000000 0.334537
vn 0.018554 0.999036 -0.039789
vn 0.018554 0.999036 -0.039789
vn 0.018554 0.999036 -0.039789
vn -0.942383 0.000000 -0.334537
vn -0.942383 0.000000 -0.334537
vn -0.942383 0.000000 -0.334537
vn -0.942383 0.000000 -0.334537
vn -0.942383 0.000000 -0.334537
vn -0.018554 -0.999036 0.039789
vn -0.018554 -0.999036 0.039789
vn -0.018554 -0.999036 0.039789
vn 0.909118 0.000000 0.416539
vn 0.909118 0.000000 0.416539
vn 0.909118 0.000000 0.416539
vn 0.909118 0.000000 0.416539
vn 0.909118 0.000000 0.416539
vn 0.018959 0.998993 -0.040657
vn 0.018959 0.998993 -0.040657
vn 0.018959 0.998993 -0.040657
vn -0.918977 0.000000 -0.394311
vn -0.918977 0.000000 -0.394311
vn -0.918977 0.000000 -0.394311
vn -0.029189 -0.997612 0.062595
vn -0.029189 -0.997612 0.062595
vn -0.029189 -0.997612 0.062595
vn 0.000000 -0.911756 0.410732
vn 0.000000 -0.911756 0.410732
vn 0.000000 -0.911756 0.410732
vn 0.000000 -0.911756 0.410732
vn 0.000000 -0.911756 0.410732
vn -0.998506 -0.023095 -0.049528
vn -0.998506 -0.023095 -0.049528
vn -0.998506 -0.023095 -0.049528
vn 0.998506 0.023095 0.049528
vn 0.998506 0.023095 0.049528
vn 0.998506 0.023095 0.049528
vn 0.000000 -0.889051 0.457808
vn 0.000000 -0.889051 0.457808
vn 0.000000 -0.889051 0.457808
vn 0.000000 -0.889051 0.457808
vn 0.000000 -0.889051 0.457808
vn -0.998543 -0.022809 -0.048914
vn -0.998543 -0.022809 -0.048914
vn -0.998543 -0.022809 -0.048914
vn 0.997685 0.028738 0.061628
vn 0.997685 0.028738 0.061628
vn 0.997685 0.028738 0.061628
vn 0.000000 -0.885217 0.465177
vn 0.000000 -0.885217 0.465178
vn 0.000000 -0.885217 0.465177
vn 0.000000 -0.885217 0.465177
vn 0.000000 -0.885217 0.465177
vn 0.997961 0.026974 0.057846
vn 0.997961 0.026974 0.057846
vn 0.997961 0.026974 0.057846
vn -0.998672 -0.021775 -0.046697
vn -0.998672 -0.021775 -0.046697
vn -0.998672 -0.021775 -0.046697
vn 0.999817 0.008087 0.017343
vn 0.999817 0.008087 0.017343
vn 0.999817 0.008087 0.017343
vn -0.999293 -0.015893 -0.034082
vn -0.999293 -0.015893 -0.034082
vn -0.999293 -0.015893 -0.034082
vn 0.000000 0.846800 -0.531912
vn 0.000000 0.846800 -0.531912
vn 0.000000 0.846800 -0.531912
vn 0.999933 0.004878 0.010461
vn 0.999933 0.004878 0.010461
vn 0.999933 0.004878 0.010461
vn -0.999272 -0.016123 -0.034576
vn -0.999272 -0.016123 -0.034576
vn -0.999272 -0.016123 -0.034576
vn 0.000000 -0.920132 0.391609
vn 0.000000 -0.920132 0.391609
vn 0.000000 -0.920132 0.391609
vn 0.000000 0.915142 -0.403131
vn 0.000000 0.915142 -0.403131
vn 0.000000 0.915142 -0.403131
vn -0.999250 -0.016370 -0.035106
vn -0.999250 -0.016370 -0.035106
vn -0.999250 -0.016370 -0.035106
vn 0.000000 -0.873996 0.485933
vn 0.000000 -0.873996 0.485933
vn 0.000000 -0.873996 0.485933
vn 0.000000 -0.873996 0.485933
vn 0.000000 -0.873996 0.485933
vn -0.998941 -0.019441 -0.041692
vn -0.998941 -0.019441 -0.041692
vn -0.998941 -0.019441 -0.041692
vn 0.000000 0.884287 -0.466944
vn 0.000000 0.884287 -0.466944
vn 0.000000 0.884287 -0.466944
vn 0.997714 0.028558 0.061243
vn 0.997714 0.028558 0.061243
vn 0.997714 0.028558 0.061243
vn 0.000000 -0.942382 0.334537
vn 0.000000 -0.942382 0.334537
vn 0.000000 -0.942382 0.334537
vn -0.999036 -0.018554 -0.039789
vn -0.999036 -0.018554 -0.039789
vn -0.999036 -0.018554 -0.039789
vn 0.000000 0.942383 -0.334537
vn 0.000000 0.942383 -0.334537
vn 0.000000 0.942383 -0.334537
vn 0.000000 0.942383 -0.334537
vn 0.000000 0.942383 -0.334537
vn 0.999036 0.018554 0.039789
vn 0.999036 0.018554 0.039789
vn 0.999036 0.018554 0.039789
vn 0.000000 -0.909118 0.416539
vn 0.000000 -0.909118 0.416539
vn 0.000000 -0.909118 0.416539
vn 0.000000 -0.909118 0.416539
vn 0.000000 -0.909118 0.416539
vn -0.998993 -0.018959 -0.040657
vn -0.998993 -0.018959 -0.040657
vn -0.998993 -0.018959 -0.040657
vn 0.000000 0.918977 -0.394311
vn 0.000000 0.918977 -0.394311
vn 0.000000 0.918977 -0.394311
vn 0.997612 0.029189 0.062595
vn 0.997612 0.029189 0.062595
vn 0.997612 0.029189 0.062595
vn 0.000000 0.911756 0.410732
vn 0.000000 0.911756 0.410732
vn 0.000000 0.911756 0.410732
vn 0.000000 0.911756 0.410732
vn 0.000000 0.911756 0.410732
vn -0.998506 0.023095 -0.049528
vn -0.998506 0.023095 -0.049528
vn -0.998506 0.023095 -0.049528
vn 0.998506 -0.023095 0.049528
vn 0.998506 -0.023095 0.049528
vn 0.998506 -0.023095 0.049528
vn 0.000000 0.889051 0.457808
vn 0.000000 0.889051 0.457808
vn 0.000000 0.889051 0.457808
vn 0.000000 0.889051 0.457808
vn 0.000000 0.889051 0.457808
vn -0.998543 0.022809 -0.048914
vn -0.998543 0.022809 -0.048914
vn -0.998543 0.022809 -0.048914
vn 0.997685 -0.028737 0.061628
vn 0.997685 -0.028737 0.061628
vn 0.997685 -0.028737 0.061628
vn 0.000000 0.885217 0.465177
vn 0.000000 0.885217 0.465178
vn 0.000000 0.885217 0.465177
vn 0.000000 0.885217 0.465177
vn 0.000000 0.885217 0.465177
vn 0.997961 -0.026974 0.057846
vn 0.997961 -0.026974 0.057846
vn 0.997961 -0.026974 0.057846
vn -0.998672 0.021775 -0.046697
vn -0.998672 0.021775 -0.046697
vn -0.998672 0.021775 -0.046697
vn 0.999817 -0.008087 0.017343
vn 0.999817 -0.008087 0.017343
vn 0.999817 -0.008087 0.017343
vn -0.999293 0.015893 -0.034082
vn -0.999293 0.015893 -0.034082
vn -0.999293 0.015893 -0.034082
vn 0.000000 -0.846800 -0.531912
vn 0.000000 -0.846800 -0.531912
vn 0.000000 -0.846800 -0.531912
vn 0.999933 -0.004878 0.010461
vn 0.999933 -0.004878 0.010461
vn 0.999933 -0.004878 0.010461
vn -0.999272 0.016123 -0.034576
vn -0.999272 0.016123 -0.034576
vn -0.999272 0.016123 -0.034576
vn 0.000000 0.920132 0.391609
vn 0.000000 0.920132 0.391609
vn 0.000000 0.920132 0.391609
vn 0.000000 -0.915142 -0.403131
vn 0.000000 -0.915142 -0.403131
vn 0.000000 -0.915142 -0.403131
vn -0.999250 0.016370 -0.035106
vn -0.999250 0.016370 -0.035106
vn -0.999250 0.016370 -0.035106
vn 0.000000 0.873996 0.485933
vn 0.000000 0.873996 0.485933
vn 0.000000 0.873996 0.485933
vn 0.000000 0.873996 0.485933
vn 0.000000 0.873996 0.485933
vn -0.998941 0.019441 -0.041692
vn -0.998941 0.019441 -0.041692
vn -0.998941 0.019441 -0.041692
vn 0.000000 -0.884287 -0.466944
vn 0.000000 -0.884287 -0.466944
vn 0.000000 -0.884287 -0.466944
vn 0.997714 -0.028558 0.061243
vn 0.997714 -0.028558 0.061243
vn 0.997714 -0.028558 0.061243
vn 0.000000 0.942382 0.334538
vn 0.000000 0.942382 0.334538
vn 0.000000 0.942382 0.334538
vn -0.999036 0.018554 -0.039789
vn -0.999036 0.018554 -0.039789
vn -0.999036 0.018554 -0.039789
vn 0.000000 -0.942383 -0.334537
vn 0.000000 -0.942383 -0.334537
vn 0.000000 -0.942383 -0.334537
vn 0.000000 -0.942383 -0.334537
vn 0.000000 -0.942383 -0.334537
vn 0.999036 -0.018554 0.039789
vn 0.999036 -0.018554 0.039789
vn 0.999036 -0.018554 0.039789
vn 0.000000 0.909118 0.416539
vn 0.000000 0.909118 0.416539
vn 0.000000 0.909118 0.416539
vn 0.000000 0.909118 0.416539
vn 0.000000 0.909118 0.416539
vn -0.998993 0.018959 -0.040657
vn -0.998993 0.018959 -0.040657
vn -0.998993 0.018959 -0.040657
vn 0.000000 -0.918977 -0.394311
vn 0.000000 -0.918977 -0.394311
vn 0.000000 -0.918977 -0.394311
vn 0.997612 -0.029189 0.062595
vn 0.997612 -0.029189 0.062595
vn 0.997612 -0.029189 0.062595
vn 0.911756 0.000000 0.410732
vn 0.911756 0.000000 0.410732
vn 0.911756 0.000000 0.410732
vn 0.911756 0.000000 0.410732
vn 0.911756 0.000000 0.410732
vn 0.023095 -0.998506 -0.049528
vn 0.023095 -0.998506 -0.049528
vn 0.023095 -0.998506 -0.049528
vn -0.023095 0.998506 0.049528
vn -0.023095 0.998506 0.049528
vn -0.023095 0.998506 0.049528
vn 0.889051 0.000000 0.457808
vn 0.889051 0.000000 0.457808
vn 0.889051 0.000000 0.457808
vn 0.889051 0.000000 0.457808
vn 0.889051 0.000000 0.457808
vn 0.022809 -0.998543 -0.048914
vn 0.022809 -0.998543 -0.048914
vn 0.022809 -0.998543 -0.048914
vn -0.028738 0.997685 0.061628
vn -0.028738 0.997685 0.061628
vn -0.028738 0.997685 0.061628
vn 0.885217 0.000000 0.465177
vn 0.885217 0.000000 0.465177
vn 0.885217 0.000000 0.465177
vn 0.885217 0.000000 0.465177
vn 0.885217 0.000000 0.465177
vn -0.026974 0.997961 0.057846
vn -0.026974 0.997961 0.057846
vn -0.026974 0.997961 0.057846
vn 0.021775 -0.998672 -0.046697
vn 0.021775 -0.998672 -0.046697
vn 0.021775 -0.998672 -0.046697
vn -0.008087 0.999817 0.017343
vn -0.008087 0.999817 0.017343
vn -0.008087 0.999817 0.017343
vn 0.015893 -0.999293 -0.034082
vn 0.015893 -0.999293 -0.034082
vn 0.015893 -0.999293 -0.034082
vn -0.846800 0.000000 -0.531912
vn -0.846800 0.000000 -0.531912
vn -0.846800 0.000000 -0.531912
vn -0.004878 0.999933 0.010461
vn -0.004878 0.999933 0.010461
vn -0.004878 0.999933 0.010461
vn 0.016123 -0.999272 -0.034576
vn 0.016124 -0.999272 -0.034576
vn 0.016123 -0.999272 -0.034576
vn 0.920132 0.000000 0.391609
vn 0.920132 0.000000 0.391609
vn 0.920132 0.000000 0.391609
vn -0.915142 0.000000 -0.403131
vn -0.915142 0.000000 -0.403131
vn -0.915142 0.000000 -0.403131
vn 0.016370 -0.999250 -0.035106
vn 0.016370 -0.999250 -0.035106
vn 0.016370 -0.999250 -0.035106
vn 0.873996 0.000000 0.485933
vn 0.873996 0.000000 0.485933
vn 0.873996 0.000000 0.485933
vn 0.873996 0.000000 0.485933
vn 0.873996 0.000000 0.485933
vn 0.019441 -0.998941 -0.041692
vn 0.019441 -0.998941 -0.041692
vn 0.019441 -0.998941 -0.041692
vn -0.884287 0.000000 -0.466944
vn -0.884287 0.000000 -0.466944
vn -0.884287 0.000000 -0.466944
vn -0.028558 0.997714 0.061243
vn -0.028558 0.997714 0.061243
vn -0.028558 0.997714 0.061243
vn 0.942382 0.000000 0.334538
vn 0.942382 0.000000 0.334538
vn 0.942382 0.000000 0.334538
vn 0.018554 -0.999036 -0.039789
vn 0.018554 -0.999036 -0.039789
vn 0.018554 -0.999036 -0.039789
vn -0.942383 0.000000 -0.334537
vn -0.942383 0.000000 -0.334537
vn -0.942383 0.000000 -0.334537
vn -0.942383 0.000000 -0.334537
vn -0.942383 0.000000 -0.334537
vn -0.018554 0.999036 0.039789
vn -0.018554 0.999036 0.039789
vn -0.018554 0.999036 0.039789
vn 0.909118 0.000000 0.416539
vn 0.909118 0.000000 0.416539
vn 0.909118 0.000000 0.416539
vn 0.909118 0.000000 0.416539
vn 0.909118 0.000000 0.416539
vn 0.018959 -0.998993 -0.040657
vn 0.018959 -0.998993 -0.040657
vn 0.018959 -0.998993 -0.040657
vn -0.918977 0.000000 -0.394311
vn -0.918977 0.000000 -0.394311
vn -0.918977 0.000000 -0.394311
vn -0.029189 0.997612 0.062595
vn -0.029189 0.997612 0.062595
vn -0.029189 0.997612 0.062595
vn -0.911756 0.000000 0.410732
vn -0.911756 0.000000 0.410732
vn -0.911756 0.000000 0.410732
vn -0.911756 0.000000 0.410732
vn -0.911756 0.000000 0.410732
vn -0.023095 -0.998506 -0.049528
vn -0.023095 -0.998506 -0.049528
vn -0.023095 -0.998506 -0.049528
vn 0.023095 0.998506 0.049528
vn 0.023095 0.998506 0.049528
vn 0.023095 0.998506 0.049528
vn -0.889051 0.000000 0.457808
vn -0.889051 0.000000 0.457808
vn -0.889051 0.000000 0.457808
vn -0.889051 0.000000 0.457808
vn -0.889051 0.000000 0.457808
vn -0.022809 -0.998543 -0.048914
vn -0.022809 -0.998543 -0.048914
vn -0.022809 -0.998543 -0.048914
vn 0.028737 0.997685 0.061628
vn 0.028737 0.997685 0.061628
vn 0.028737 0.997685 0.061628
vn -0.885217 0.000000 0.465177
vn -0.885217 0.000000 0.465177
vn -0.885217 0.000000 0.465177
vn -0.885217 0.000000 0.465177
vn -0.885217 0.000000 0.465177
vn 0.026974 0.997961 0.057846
vn 0.026974 0.997961 0.057846
vn 0.026974 0.997961 0.057846
vn -0.021775 -0.998672 -0.046697
vn -0.021775 -0.998672 -0.046697
vn -0.021775 -0.998672 -0.046697
vn 0.008087 0.999817 0.017343
vn 0.008087 0.999817 0.017343
vn 0.008087 0.999817 0.017343
vn -0.015893 -0.999293 -0.034082
vn -0.015893 -0.999293 -0.034082
vn -0.015893 -0.999293 -0.034082
vn 0.846800 0.000000 -0.531912
vn 0.846800 0.000000 -0.531912
vn 0.846800 0.000000 -0.531912
vn 0.004878 0.999933 0.010461
vn 0.004878 0.999933 0.010461
vn 0.004878 0.999933 0.010461
vn -0.016123 -0.999272 -0.034576
vn -0.016123 -0.999272 -0.034576
vn -0.016123 -0.999272 -0.034576
vn -0.920132 0.000000 0.391609
vn -0.920132 0.000000 0.391609
vn -0.920132 0.000000 0.391609
vn 0.915142 0.000000 -0.403131
vn 0.915142 0.000000 -0.403131
vn 0.915142 0.000000 -0.403131
vn -0.016370 -0.999250 -0.035106
vn -0.016370 -0.999250 -0.035106
vn -0.016370 -0.999250 -0.035106
vn -0.873996 0.000000 0.485933
vn -0.873996 0.000000 0.485933
vn -0.873996 0.000000 0.485933
vn -0.873996 0.000000 0.485933
vn -0.873996 0.000000 0.485933
vn -0.019441 -0.998941 -0.041692
vn -0.019441 -0.998941 -0.041692
vn -0.019441 -0.998941 -0.041692
vn 0.884287 0.000000 -0.466944
vn 0.884287 0.000000 -0.466944
vn 0.884287 0.000000 -0.466944
vn 0.028558 0.997714 0.061243
vn 0.028558 0.997714 0.061243
vn 0.028558 0.997714 0.061243
vn -0.942382 0.000000 0.334537
vn -0.942382 0.000000 0.334537
vn -0.942382 0.000000 0.334537
vn -0.018554 -0.999036 -0.039789
vn -0.018554 -0.999036 -0.039789
vn -0.018554 -0.999036 -0.039789
vn 0.942383 0.000000 -0.334537
vn 0.942383 0.000000 -0.334537
vn 0.942383 0.000000 -0.334537
vn 0.942383 0.000000 -0.334537
vn 0.942383 0.000000 -0.334537
vn 0.018554 0.999036 0.039789
vn 0.018554 0.999036 0.039789
vn 0.018554 0.999036 0.039789
vn -0.909118 0.000000 0.416539
vn -0.909118 0.000000 0.416539
vn -0.909118 0.000000 0.416539
vn -0.909118 0.000000 0.416539
vn -0.909118 0.000000 0.416539
vn -0.018959 -0.998993 -0.040657
vn -0.018959 -0.998993 -0.040657
vn -0.018959 -0.998993 -0.040657
vn 0.918977 0.000000 -0.394311
vn 0.918977 0.000000 -0.394311
vn 0.918977 0.000000 -0.394311
vn 0.029189 0.997612 0.062595
vn 0.029189 0.997612 0.062595
vn 0.029189 0.997612 0.062595
vn 0.000000 0.911756 0.410732
vn 0.000000 0.911756 0.410732
vn 0.000000 0.911756 0.410732
vn 0.000000 0.911756 0.410732
vn 0.000000 0.911756 0.410732
vn 0.998506 0.023095 -0.049528
vn 0.998506 0.023095 -0.049528
vn 0.998506 0.023095 -0.049528
vn -0.998506 -0.023095 0.049528
vn -0.998506 -0.023095 0.049528
vn -0.998506 -0.023095 0.049528
vn 0.000000 0.889051 0.457808
vn 0.000000 0.889051 0.457808
vn 0.000000 0.889051 0.457808
vn 0.000000 0.889051 0.457808
vn 0.000000 0.889051 0.457808
vn 0.998543 0.022809 -0.048914
vn 0.998543 0.022809 -0.048914
vn 0.998543 0.022809 -0.048914
vn -0.997685 -0.028737 0.061628
vn -0.997685 -0.028738 0.061628
vn -0.997685 -0.028737 0.061628
vn 0.000000 0.885217 0.465177
vn 0.000000 0.885217 0.465177
vn 0.000000 0.885217 0.465177
vn 0.000000 0.885217 0.465177
vn 0.000000 0.885217 0.465177
vn -0.997961 -0.026974 0.057846
vn -0.997961 -0.026974 0.057846
vn -0.997961 -0.026974 0.057846
vn 0.998672 0.021775 -0.046697
vn 0.998672 0.021775 -0.046697
vn 0.998672 0.021775 -0.046697
vn -0.999817 -0.008087 0.017343
vn -0.999817 -0.008087 0.017343
vn -0.999817 -0.008087 0.017343
vn 0.999293 0.015893 -0.034082
vn 0.999293 0.015893 -0.034082
vn 0.999293 0.015893 -0.034082
vn 0.000000 -0.846800 -0.531912
vn 0.000000 -0.846800 -0.531912
vn 0.000000 -0.846800 -0.531912
vn -0.999933 -0.004878 0.010461
vn -0.999933 -0.004878 0.010461
vn -0.999933 -0.004878 0.010461
vn 0.999272 0.016123 -0.034576
vn 0.999272 0.016124 -0.034576
vn 0.999272 0.016123 -0.034576
vn 0.000000 0.920132 0.391609
vn 0.000000 0.920132 0.391609
vn 0.000000 0.920132 0.391609
vn 0.000000 -0.915142 -0.403131
vn 0.000000 -0.915142 -0.403131
vn 0.000000 -0.915142 -0.403131
vn 0.999250 0.016370 -0.035106
vn 0.999250 0.016370 -0.035106
vn 0.999250 0.016370 -0.035106
vn 0.000000 0.873996 0.485933
vn 0.000000 0.873996 0.485933
vn 0.000000 0.873996 0.485933
vn 0.000000 0.873996 0.485933
vn 0.000000 0.873996 0.485933
vn 0.998941 0.019441 -0.041692
vn 0.998941 0.019441 -0.041692
vn 0.998941 0.019441 -0.041692
vn 0.000000 -0.884287 -0.466944
vn 0.000000 -0.884287 -0.466944
vn 0.000000 -0.884287 -0.466944
vn -0.997714 -0.028558 0.061243
vn -0.997714 -0.028558 0.061243
vn -0.997714 -0.028558 0.061243
vn 0.000000 0.942382 0.334537
vn 0.000000 0.942382 0.334537
vn 0.000000 0.942382 0.334537
vn 0.999036 0.018554 -0.039789
vn 0.999036 0.018554 -0.039789
vn 0.999036 0.018554 -0.039789
vn 0.000000 -0.942383 -0.334537
vn 0.000000 -0.942383 -0.334537
vn 0.000000 -0.942383 -0.334537
vn 0.000000 -0.942383 -0.334537
vn 0.000000 -0.942383 -0.334537
vn -0.999036 -0.018554 0.039789
vn -0.999036 -0.018554 0.039789
vn -0.999036 -0.018554 0.039789
vn 0.000000 0.909118 0.416539
vn 0.000000 0.909118 0.416539
vn 0.000000 0.909118 0.416539
vn 0.000000 0.909118 0.416539
vn 0.000000 0.909118 0.416539
vn 0.998993 0.018959 -0.040657
vn 0.998993 0.018959 -0.040657
vn 0.998993 0.018959 -0.040657
vn 0.000000 -0.918977 -0.394311
vn 0.000000 -0.918977 -0.394311
vn 0.000000 -0.918977 -0.394311
vn -0.997612 -0.029189 0.062595
vn -0.997612 -0.029189 0.062595
vn -0.997612 -0.029189 0.062595
vn 0.000000 -0.911756 0.410732
vn 0.000000 -0.911756 0.410732
vn 0.000000 -0.911756 0.410732
vn 0.000000 -0.911756 0.410732
vn 0.000000 -0.911756 0.410732
vn 0.998506 -0.023095 -0.049528
vn 0.998506 -0.023095 -0.049528
vn 0.998506 -0.023095 -0.049528
vn -0.998506 0.023095 0.049528
vn -0.998506 0.023095 0.049528
vn -0.998506 0.023095 0.049528
vn 0.027759 0.000000 0.999615
vn 0.041631 0.000000 0.999133
vn 0.258734 0.000000 0.965949
vn 0.329843 0.000000 0.944036
vn 0.463358 0.000000 0.886171
vn 0.463358 0.000000 0.886171
vn 0.041631 0.000000 0.999133
vn 0.020820 0.000000 0.999783
vn 0.041631 0.000000 0.999133
vn 0.000000 0.000000 1.000000
vn 0.000000 0.000000 1.000000
vn 0.000000 0.000000 1.000000
vn 0.000000 0.000000 1.000000
vn 0.000000 0.000000 1.000000
vn 0.000000 0.000000 1.000000
vn 0.000000 0.000000 1.000000
vn -0.020820 0.000000 0.999783
vn -0.027759 0.000000 0.999615
vn -0.041631 0.000000 0.999133
vn -0.041631 0.000000 0.999133
vn -0.258734 0.000000 0.965949
vn -0.041631 0.000000 0.999133
vn -0.041631 0.000000 0.999133
vn -0.329843 0.000000 0.944036
vn -0.463357 0.000000 0.886172
vn -0.463357 0.000000 0.886172
vn 0.000000 -0.889051 0.457808
vn 0.000000 -0.889051 0.457808
vn 0.000000 -0.889051 0.457808
vn 0.000000 -0.889051 0.457808
vn 0.000000 -0.889051 0.457808
vn 0.998543 -0.022809 -0.048914
vn 0.998543 -0.022809 -0.048914
vn 0.998543 -0.022809 -0.048914
vn -0.997685 0.028737 0.061628
vn -0.997685 0.028737 0.061628
vn -0.997685 0.028737 0.061628
vn 0.019183 -0.999812 -0.002968
vn 0.000000 -0.999967 0.008166
vn -0.006808 -0.999865 0.014975
vn 0.000000 -0.885217 0.465177
vn 0.000000 -0.885217 0.465177
vn 0.000000 -0.885217 0.465177
vn 0.000000 -0.885217 0.465177
vn 0.000000 -0.885217 0.465177
vn -0.997961 0.026974 0.057846
vn -0.997961 0.026974 0.057846
vn -0.997961 0.026974 0.057846
vn 0.998672 -0.021775 -0.046697
vn 0.998672 -0.021775 -0.046697
vn 0.998672 -0.021775 -0.046697
vn -0.999817 0.008087 0.017343
vn -0.999817 0.008087 0.017343
vn -0.999817 0.008087 0.017343
vn 0.999293 -0.015893 -0.034082
vn 0.999293 -0.015893 -0.034082
vn 0.999293 -0.015893 -0.034082
vn 0.000000 0.846800 -0.531912
vn 0.000000 0.846800 -0.531912
vn 0.000000 0.846800 -0.531912
vn -0.999933 0.004878 0.010461
vn -0.999933 0.004878 0.010461
vn -0.999933 0.004878 0.010461
vn 0.999272 -0.016123 -0.034576
vn 0.999272 -0.016123 -0.034576
vn 0.999272 -0.016123 -0.034576
vn 0.000000 -0.920132 0.391609
vn 0.000000 -0.920132 0.391609
vn 0.000000 -0.920132 0.391609
vn 0.000000 0.915142 -0.403131
vn 0.000000 0.915142 -0.403131
vn 0.000000 0.915142 -0.403131
vn 0.999250 -0.016370 -0.035106
vn 0.999250 -0.016370 -0.035106
vn 0.999250 -0.016370 -0.035106
vn 0.000000 -0.873996 0.485933
vn 0.000000 -0.873996 0.485933
vn 0.000000 -0.873996 0.485933
vn 0.000000 -0.873996 0.485933
vn 0.000000 -0.873996 0.485933
vn 0.998941 -0.019441 -0.041692
vn 0.998941 -0.019441 -0.041692
vn 0.998941 -0.019441 -0.041692
vn 0.000000 0.884287 -0.466944
vn 0.000000 0.884287 -0.466944
vn 0.000000 0.884287 -0.466944
vn -0.997714 0.028558 0.061243
vn -0.997714 0.028558 0.061243
vn -0.997714 0.028558 0.061243
vn 0.000000 -0.942382 0.334538
vn 0.000000 -0.942382 0.334537
vn 0.000000 -0.942382 0.334538
vn 0.999036 -0.018554 -0.039789
vn 0.999036 -0.018554 -0.039789
vn 0.999036 -0.018554 -0.039789
vn 0.000000 0.942383 -0.334537
vn 0.000000 0.942383 -0.334537
vn 0.000000 0.942383 -0.334537
vn 0.000000 0.942383 -0.334537
vn 0.000000 0.942383 -0.334537
vn -0.999036 0.018554 0.039789
vn -0.999036 0.018554 0.039789
vn -0.999036 0.018554 0.039789
vn 0.000000 -0.909118 0.416539
vn 0.000000 -0.909118 0.416539
vn 0.000000 -0.909118 0.416539
vn 0.000000 -0.909118 0.416539
vn 0.000000 -0.909118 0.416539
vn 0.998993 -0.018959 -0.040657
vn 0.998993 -0.018959 -0.040657
vn 0.998993 -0.018959 -0.040657
vn 0.000000 0.918977 -0.394311
vn 0.000000 0.918977 -0.394311
vn 0.000000 0.918977 -0.394311
vn -0.997612 0.029189 0.062595
vn -0.997612 0.029189 0.062595
vn -0.997612 0.029189 0.062595
vn -0.923323 0.000000 -0.384024
vn -0.923323 0.000000 -0.384024
vn -0.923323 0.000000 -0.384024
vn 0.034349 0.995992 -0.082588
vn 0.034350 0.995992 -0.082588
vn 0.034349 0.995992 -0.082588
vn 0.923323 0.000000 0.384024
vn 0.923323 0.000000 0.384024
vn 0.923323 0.000000 0.384024
vn -0.034349 -0.995992 0.082588
vn -0.034350 -0.995992 0.082588
vn -0.034349 -0.995992 0.082588
vn 0.236443 0.970758 -0.041515
vn 0.256467 0.965821 -0.037622
vn 0.236443 0.970758 -0.041515
vn -0.236443 -0.970758 0.041515
vn -0.256467 -0.965821 0.037622
vn -0.236443 -0.970758 0.041515
vn -0.905144 0.000000 -0.425106
vn -0.905144 0.000000 -0.425106
vn -0.905144 0.000000 -0.425106
vn 0.111589 0.992475 -0.050407
vn 0.123829 0.991145 -0.047939
vn 0.111589 0.992475 -0.050407
vn 0.905143 0.000000 0.425106
vn 0.905143 0.000000 0.425106
vn 0.905143 0.000000 0.425106
vn 0.905143 0.000000 0.425106
vn 0.905143 0.000000 0.425106
vn -0.111589 -0.992475 0.050407
vn -0.123829 -0.991145 0.047939
vn -0.111589 -0.992475 0.050407
vn 0.923323 0.000000 -0.384024
vn 0.923323 0.000000 -0.384024
vn 0.923323 0.000000 -0.384024
vn -0.034349 0.995992 -0.082588
vn -0.034349 0.995992 -0.082588
vn -0.034349 0.995992 -0.082588
vn -0.923323 0.000000 0.384024
vn -0.923323 0.000000 0.384024
vn -0.923323 0.000000 0.384024
vn 0.034349 -0.995992 0.082588
vn 0.034350 -0.995992 0.082588
vn 0.034349 -0.995992 0.082588
vn -0.236443 0.970758 -0.041515
vn -0.216314 0.975268 -0.045390
vn -0.236443 0.970758 -0.041515
vn 0.236443 -0.970758 0.041515
vn 0.256467 -0.965821 0.037622
vn 0.236443 -0.970758 0.041515
vn 0.905144 0.000000 -0.425106
vn 0.905144 0.000000 -0.425106
vn 0.905144 0.000000 -0.425106
vn -0.111589 0.992475 -0.050407
vn -0.099330 0.993649 -0.052867
vn -0.111589 0.992475 -0.050407
vn -0.905143 0.000000 0.425106
vn -0.905143 0.000000 0.425106
vn -0.905143 0.000000 0.425106
vn -0.905143 0.000000 0.425106
vn -0.905143 0.000000 0.425106
vn 0.111589 -0.992475 0.050407
vn 0.123829 -0.991145 0.047939
vn 0.111589 -0.992475 0.050407
vn -0.923323 0.000000 -0.384024
vn -0.923323 0.000000 -0.384024
vn -0.923323 0.000000 -0.384024
vn 0.034349 -0.995992 -0.082588
vn 0.034349 -0.995992 -0.082588
vn 0.034349 -0.995992 -0.082588
vn 0.923323 0.000000 0.384024
vn 0.923323 0.000000 0.384024
vn 0.923323 0.000000 0.384024
vn -0.034349 0.995992 0.082588
vn -0.034350 0.995992 0.082588
vn -0.034349 0.995992 0.082588
vn 0.236443 -0.970758 -0.041515
vn 0.216314 -0.975268 -0.045390
vn 0.236443 -0.970758 -0.041515
vn -0.236443 0.970758 0.041515
vn -0.256467 0.965821 0.037622
vn -0.236443 0.970758 0.041515
vn -0.905144 0.000000 -0.425106
vn -0.905144 0.000000 -0.425106
vn -0.905144 0.000000 -0.425106
vn 0.111589 -0.992475 -0.050407
vn 0.099330 -0.993649 -0.052867
vn 0.111589 -0.992475 -0.050407
vn 0.905143 0.000000 0.425106
vn 0.905143 0.000000 0.425106
vn 0.905143 0.000000 0.425106
vn 0.905143 0.000000 0.425106
vn 0.905143 0.000000 0.425106
vn -0.111589 0.992475 0.050407
vn -0.123829 0.991145 0.047939
vn -0.111589 0.992475 0.050407
vn 0.923323 0.000000 -0.384024
vn 0.923323 0.000000 -0.384024
vn 0.923323 0.000000 -0.384024
vn -0.034349 -0.995992 -0.082588
vn -0.034350 -0.995992 -0.082588
vn -0.034349 -0.995992 -0.082588
vn -0.923323 0.000000 0.384024
vn -0.923323 0.000000 0.384024
vn -0.923323 0.000000 0.384024
vn 0.034349 0.995992 0.082588
vn 0.034350 0.995992 0.082588
vn 0.034349 0.995992 0.082588
vn -0.236443 -0.970758 -0.041515
vn -0.256467 -0.965821 -0.037622
vn -0.236443 -0.970758 -0.041515
vn 0.236443 0.970758 0.041515
vn 0.256467 0.965821 0.037622
vn 0.236443 0.970758 0.041515
vn 0.905144 0.000000 -0.425106
vn 0.905144 0.000000 -0.425106
vn 0.905144 0.000000 -0.425106
vn -0.111589 -0.992475 -0.050407
vn -0.123829 -0.991145 -0.047939
vn -0.111589 -0.992475 -0.050407
vn -0.905143 0.000000 0.425106
vn -0.905143 0.000000 0.425106
vn -0.905143 0.000000 0.425106
vn -0.905143 0.000000 0.425106
vn -0.905143 0.000000 0.425106
vn 0.111589 0.992475 0.050407
vn 0.123829 0.991145 0.047939
vn 0.111589 0.992475 0.050407
vn 0.998636 0.000000 -0.052216
vn 0.999659 0.000000 -0.026117
vn 0.999659 0.000000 -0.026117
vn 0.000000 0.000000 -1.000000
vn 0.000000 0.000000 -1.000000
vn 0.000000 0.000000 -1.000000
vn 0.027759 0.000000 -0.999615
vn 0.020820 0.000000 -0.999783
vn 0.000000 0.000000 -1.000000
vn 0.000000 0.000000 -1.000000
vn 0.000000 0.000000 -1.000000
vn 0.000000 0.000000 -1.000000
vn 0.041631 0.000000 -0.999133
vn 0.027759 0.000000 -0.999615
vn 0.013880 0.000000 -0.999904
vn 0.000000 0.000000 -1.000000
vn 0.010409 0.000000 -0.999946
vn 0.000000 0.000000 -1.000000
vn 0.027759 0.000000 -0.999615
vn 0.041631 0.000000 -0.999133
vn -0.027759 0.000000 -0.999615
vn -0.020820 0.000000 -0.999783
vn -0.027759 0.000000 -0.999615
vn -0.041631 0.000000 -0.999133
vn -0.013880 0.000000 -0.999904
vn 0.000000 0.000000 -1.000000
vn -0.010409 0.000000 -0.999946
vn 0.000000 0.000000 -1.000000
vn -0.027759 0.000000 -0.999615
vn -0.041631 0.000000 -0.999133
vn 0.000000 0.000000 1.000000
vn 0.000000 0.000000 1.000000
vn 0.000000 0.000000 1.000000
vn 0.020820 0.000000 0.999783
vn 0.027759 0.000000 0.999615
vn -0.998078 0.000000 0.061972
vn -0.998078 0.000000 0.061972
vn -0.999519 0.000000 0.031001
vn 0.998078 0.000000 -0.061972
vn 0.998078 0.000000 -0.061972
vn 0.998078 0.000000 -0.061972
vn -0.023095 0.998506 -0.049528
vn -0.023095 0.998506 -0.049528
vn -0.023095 0.998506 -0.049528
vn 0.023095 -0.998506 0.049528
vn 0.023095 -0.998506 0.049528
vn 0.023095 -0.998506 0.049528
vn -0.022809 0.998543 -0.048914
vn -0.022809 0.998543 -0.048914
vn -0.022809 0.998543 -0.048914
vn 0.028737 -0.997685 0.061628
vn 0.028737 -0.997685 0.061628
vn 0.028737 -0.997685 0.061628
vn 0.026974 -0.997961 0.057846
vn 0.026974 -0.997961 0.057846
vn 0.026974 -0.997961 0.057846
vn -0.021775 0.998672 -0.046697
vn -0.021775 0.998672 -0.046697
vn -0.021775 0.998672 -0.046697
vn 0.008087 -0.999817 0.017343
vn 0.008087 -0.999817 0.017343
vn 0.008087 -0.999817 0.017343
vn -0.015893 0.999293 -0.034082
vn -0.015893 0.999293 -0.034082
vn -0.015893 0.999293 -0.034082
vn 0.846800 0.000000 -0.531912
vn 0.846800 0.000000 -0.531912
vn 0.846800 0.000000 -0.531912
vn 0.004878 -0.999933 0.010461
vn 0.004878 -0.999933 0.010461
vn 0.004878 -0.999933 0.010461
vn -0.016123 0.999272 -0.034576
vn -0.016123 0.999272 -0.034576
vn -0.016123 0.999272 -0.034576
vn -0.920132 0.000000 0.391609
vn -0.920132 0.000000 0.391609
vn -0.920132 0.000000 0.391609
vn 0.915142 0.000000 -0.403131
vn 0.915142 0.000000 -0.403131
vn 0.915142 0.000000 -0.403131
vn -0.016370 0.999250 -0.035106
vn -0.016370 0.999250 -0.035106
vn -0.016370 0.999250 -0.035106
vn -0.019441 0.998941 -0.041692
vn -0.019441 0.998941 -0.041692
vn -0.019441 0.998941 -0.041692
vn 0.884287 0.000000 -0.466944
vn 0.884287 0.000000 -0.466944
vn 0.884287 0.000000 -0.466944
vn 0.028558 -0.997714 0.061243
vn 0.028558 -0.997714 0.061243
vn 0.028558 -0.997714 0.061243
vn -0.942382 0.000000 0.334537
vn -0.942382 0.000000 0.334537
vn -0.942382 0.000000 0.334537
vn -0.018554 0.999036 -0.039789
vn -0.018554 0.999036 -0.039789
vn -0.018554 0.999036 -0.039789
vn 0.018554 -0.999036 0.039789
vn 0.018554 -0.999036 0.039789
vn 0.018554 -0.999036 0.039789
vn -0.018959 0.998993 -0.040657
vn -0.018959 0.998993 -0.040657
vn -0.018959 0.998993 -0.040657
vn 0.918977 0.000000 -0.394311
vn 0.918977 0.000000 -0.394311
vn 0.918977 0.000000 -0.394311
vn 0.029189 -0.997612 0.062595
vn 0.029189 -0.997612 0.062595
vn 0.029189 -0.997612 0.062595
vn 0.023095 0.998506 -0.049528
vn 0.023095 0.998506 -0.049528
vn 0.023095 0.998506 -0.049528
vn -0.023095 -0.998506 0.049528
vn -0.023095 -0.998506 0.049528
vn -0.023095 -0.998506 0.049528
vn 0.022809 0.998543 -0.048914
vn 0.022809 0.998543 -0.048914
vn 0.022809 0.998543 -0.048914
vn -0.028737 -0.997685 0.061628
vn -0.028737 -0.997685 0.061628
vn -0.028738 -0.997685 0.061628
vn -0.026974 -0.997961 0.057846
vn -0.026974 -0.997961 0.057846
vn -0.026974 -0.997961 0.057846
vn 0.021775 0.998672 -0.046697
vn 0.021775 0.998672 -0.046697
vn 0.021775 0.998672 -0.046697
vn -0.008087 -0.999817 0.017343
vn -0.008087 -0.999817 0.017343
vn -0.008087 -0.999817 0.017343
vn 0.015893 0.999293 -0.034082
vn 0.015893 0.999293 -0.034082
vn 0.015893 0.999293 -0.034082
vn -0.846800 0.000000 -0.531912
vn -0.846800 0.000000 -0.531912
vn -0.846800 0.000000 -0.531912
vn -0.004878 -0.999933 0.010461
vn -0.004878 -0.999933 0.010461
vn -0.004878 -0.999933 0.010461
vn 0.016123 0.999272 -0.034576
vn 0.016123 0.999272 -0.034576
vn 0.016123 0.999272 -0.034576
vn 0.920132 0.000000 0.391609
vn 0.920132 0.000000 0.391609
vn 0.920132 0.000000 0.391609
vn -0.915142 0.000000 -0.403131
vn -0.915142 0.000000 -0.403131
vn -0.915142 0.000000 -0.403131
vn 0.016370 0.999250 -0.035106
vn 0.016370 0.999250 -0.035106
vn 0.016370 0.999250 -0.035106
vn 0.019441 0.998941 -0.041692
vn 0.019441 0.998941 -0.041692
vn 0.019441 0.998941 -0.041692
vn -0.884287 0.000000 -0.466944
vn -0.884287 0.000000 -0.466944
vn -0.884287 0.000000 -0.466944
vn -0.028558 -0.997714 0.061243
vn -0.028558 -0.997714 0.061243
vn -0.028558 -0.997714 0.061243
vn 0.942382 0.000000 0.334537
vn 0.942382 0.000000 0.334537
vn 0.942382 0.000000 0.334537
vn 0.018554 0.999036 -0.039789
vn 0.018554 0.999036 -0.039789
vn 0.018554 0.999036 -0.039789
vn -0.018554 -0.999036 0.039789
vn -0.018554 -0.999036 0.039789
vn -0.018554 -0.999036 0.039789
vn 0.018959 0.998993 -0.040657
vn 0.018959 0.998993 -0.040657
vn 0.018959 0.998993 -0.040657
vn -0.918977 0.000000 -0.394311
vn -0.918977 0.000000 -0.394311
vn -0.918977 0.000000 -0.394311
vn -0.029189 -0.997612 0.062595
vn -0.029189 -0.997612 0.062595
vn -0.029189 -0.997612 0.062595
vn -0.998506 -0.023095 -0.049528
vn -0.998506 -0.023095 -0.049528
vn -0.998506 -0.023095 -0.049528
vn 0.998506 0.023095 0.049528
vn 0.998506 0.023095 0.049528
vn 0.998506 0.023095 0.049528
vn -0.998543 -0.022809 -0.048914
vn -0.998543 -0.022809 -0.048914
vn -0.998543 -0.022809 -0.048914
vn 0.997685 0.028738 0.061628
vn 0.997685 0.028738 0.061628
vn 0.997685 0.028737 0.061628
vn 0.997961 0.026974 0.057846
vn 0.997961 0.026974 0.057846
vn 0.997961 0.026974 0.057846
vn -0.998672 -0.021775 -0.046697
vn -0.998672 -0.021775 -0.046697
vn -0.998672 -0.021775 -0.046697
vn 0.999817 0.008087 0.017343
vn 0.999817 0.008087 0.017343
vn 0.999817 0.008087 0.017343
vn -0.999293 -0.015893 -0.034082
vn -0.999293 -0.015893 -0.034082
vn -0.999293 -0.015893 -0.034082
vn 0.000000 0.846800 -0.531912
vn 0.000000 0.846800 -0.531912
vn 0.000000 0.846800 -0.531912
vn 0.999933 0.004878 0.010461
vn 0.999933 0.004878 0.010461
vn 0.999933 0.004878 0.010461
vn -0.999272 -0.016123 -0.034576
vn -0.999272 -0.016123 -0.034576
vn -0.999272 -0.016123 -0.034576
vn 0.000000 -0.920132 0.391609
vn 0.000000 -0.920132 0.391609
vn 0.000000 -0.920132 0.391609
vn 0.000000 0.915142 -0.403131
vn 0.000000 0.915142 -0.403131
vn 0.000000 0.915142 -0.403131
vn -0.999250 -0.016370 -0.035106
vn -0.999250 -0.016370 -0.035106
vn -0.999250 -0.016370 -0.035106
vn -0.998941 -0.019441 -0.041692
vn -0.998941 -0.019441 -0.041692
vn -0.998941 -0.019441 -0.041692
vn 0.000000 0.884287 -0.466944
vn 0.000000 0.884287 -0.466944
vn 0.000000 0.884287 -0.466944
vn 0.997714 0.028558 0.061243
vn 0.997714 0.028558 0.061243
vn 0.997714 0.028558 0.061243
vn 0.000000 -0.942382 0.334537
vn 0.000000 -0.942382 0.334537
vn 0.000000 -0.942382 0.334537
vn -0.999036 -0.018554 -0.039789
vn -0.999036 -0.018554 -0.039789
vn -0.999036 -0.018554 -0.039789
vn 0.999036 0.018554 0.039789
vn 0.999036 0.018554 0.039789
vn 0.999036 0.018554 0.039789
vn -0.998993 -0.018959 -0.040657
vn -0.998993 -0.018959 -0.040657
vn -0.998993 -0.018959 -0.040657
vn 0.000000 0.918977 -0.394311
vn 0.000000 0.918977 -0.394311
vn 0.000000 0.918977 -0.394311
vn 0.997612 0.029189 0.062595
vn 0.997612 0.029189 0.062595
vn 0.997612 0.029189 0.062595
vn -0.998506 0.023095 -0.049528
vn -0.998506 0.023095 -0.049528
vn -0.998506 0.023095 -0.049528
vn 0.998506 -0.023095 0.049528
vn 0.998506 -0.023095 0.049528
vn 0.998506 -0.023095 0.049528
vn -0.998543 0.022809 -0.048914
vn -0.998543 0.022809 -0.048914
vn -0.998543 0.022809 -0.048914
vn 0.997685 -0.028737 0.061628
vn 0.997685 -0.028737 0.061628
vn 0.997685 -0.028738 0.061627
vn 0.997961 -0.026974 0.057846
vn 0.997961 -0.026974 0.057846
vn 0.997961 -0.026974 0.057846
vn -0.998672 0.021775 -0.046697
vn -0.998672 0.021775 -0.046697
vn -0.998672 0.021775 -0.046697
vn 0.999817 -0.008087 0.017343
vn 0.999817 -0.008087 0.017343
vn 0.999817 -0.008087 0.017343
vn -0.999293 0.015893 -0.034082
vn -0.999293 0.015893 -0.034082
vn -0.999293 0.015893 -0.034082
vn 0.000000 -0.846800 -0.531912
vn 0.000000 -0.846800 -0.531912
vn 0.000000 -0.846800 -0.531912
vn 0.999933 -0.004878 0.010461
vn 0.999933 -0.004878 0.010461
vn 0.999933 -0.004878 0.010461
vn -0.999272 0.016123 -0.034576
vn -0.999272 0.016123 -0.034576
vn -0.999272 0.016123 -0.034576
vn 0.000000 0.920132 0.391609
vn 0.000000 0.920132 0.391609
vn 0.000000 0.920132 0.391609
vn 0.000000 -0.915142 -0.403131
vn 0.000000 -0.915142 -0.403131
vn 0.000000 -0.915142 -0.403131
vn -0.999250 0.016370 -0.035106
vn -0.999250 0.016370 -0.035106
vn -0.999250 0.016370 -0.035106
vn -0.998941 0.019441 -0.041692
vn -0.998941 0.019441 -0.041692
vn -0.998941 0.019441 -0.041692
vn 0.000000 -0.884287 -0.466944
vn 0.000000 -0.884287 -0.466944
vn 0.000000 -0.884287 -0.466944
vn 0.997714 -0.028558 0.061243
vn 0.997714 -0.028558 0.061243
vn 0.997714 -0.028558 0.061243
vn 0.000000 0.942382 0.334538
vn 0.000000 0.942382 0.334538
vn 0.000000 0.942382 0.334538
vn -0.999036 0.018554 -0.039789
vn -0.999036 0.018554 -0.039789
vn -0.999036 0.018554 -0.039789
vn 0.999036 -0.018554 0.039789
vn 0.999036 -0.018554 0.039789
vn 0.999036 -0.018554 0.039789
vn -0.998993 0.018959 -0.040657
vn -0.998993 0.018959 -0.040657
vn -0.998993 0.018959 -0.040657
vn 0.000000 -0.918977 -0.394311
vn 0.000000 -0.918977 -0.394311
vn 0.000000 -0.918977 -0.394311
vn 0.997612 -0.029189 0.062595
vn 0.997612 -0.029189 0.062595
vn 0.997612 -0.029189 0.062595
vn 0.023095 -0.998506 -0.049528
vn 0.023095 -0.998506 -0.049528
vn 0.023095 -0.998506 -0.049528
vn -0.023095 0.998506 0.049528
vn -0.023095 0.998506 0.049528
vn -0.023095 0.998506 0.049528
vn 0.022809 -0.998543 -0.048914
vn 0.022809 -0.998543 -0.048914
vn 0.022809 -0.998543 -0.048914
vn -0.028738 0.997685 0.061628
vn -0.028738 0.997685 0.061628
vn -0.028737 0.997685 0.061628
vn -0.026974 0.997961 0.057846
vn -0.026974 0.997961 0.057846
vn -0.026974 0.997961 0.057846
vn 0.021775 -0.998672 -0.046697
vn 0.021775 -0.998672 -0.046697
vn 0.021775 -0.998672 -0.046697
vn -0.008087 0.999817 0.017343
vn -0.008087 0.999817 0.017343
vn -0.008087 0.999817 0.017343
vn 0.015893 -0.999293 -0.034082
vn 0.015893 -0.999293 -0.034082
vn 0.015893 -0.999293 -0.034082
vn -0.846800 0.000000 -0.531912
vn -0.846800 0.000000 -0.531912
vn -0.846800 0.000000 -0.531912
vn -0.004878 0.999933 0.010461
vn -0.004878 0.999933 0.010461
vn -0.004878 0.999933 0.010461
vn 0.016123 -0.999272 -0.034576
vn 0.016123 -0.999272 -0.034576
vn 0.016123 -0.999272 -0.034576
vn 0.920132 0.000000 0.391609
vn 0.920132 0.000000 0.391609
vn 0.920132 0.000000 0.391609
vn -0.915142 0.000000 -0.403131
vn -0.915142 0.000000 -0.403131
vn -0.915142 0.000000 -0.403131
vn 0.016370 -0.999250 -0.035106
vn 0.016370 -0.999250 -0.035106
vn 0.016370 -0.999250 -0.035106
vn 0.019441 -0.998941 -0.041692
vn 0.019441 -0.998941 -0.041692
vn 0.019441 -0.998941 -0.041692
vn -0.884287 0.000000 -0.466944
vn -0.884287 0.000000 -0.466944
vn -0.884287 0.000000 -0.466944
vn -0.028558 0.997714 0.061243
vn -0.028558 0.997714 0.061243
vn -0.028558 0.997714 0.061243
vn 0.942382 0.000000 0.334538
vn 0.942382 0.000000 0.334538
vn 0.942382 0.000000 0.334537
vn 0.018554 -0.999036 -0.039789
vn 0.018554 -0.999036 -0.039789
vn 0.018554 -0.999036 -0.039789
vn -0.018554 0.999036 0.039789
vn -0.018554 0.999036 0.039789
vn -0.018554 0.999036 0.039789
vn 0.018959 -0.998993 -0.040657
vn 0.018959 -0.998993 -0.040657
vn 0.018959 -0.998993 -0.040657
vn -0.918977 0.000000 -0.394311
vn -0.918977 0.000000 -0.394311
vn -0.918977 0.000000 -0.394311
vn -0.029189 0.997612 0.062595
vn -0.029189 0.997612 0.062595
vn -0.029189 0.997612 0.062595
vn -0.023095 -0.998506 -0.049528
vn -0.023095 -0.998506 -0.049528
vn -0.023095 -0.998506 -0.049528
vn 0.023095 0.998506 0.049528
vn 0.023095 0.998506 0.049528
vn 0.023095 0.998506 0.049528
vn -0.022809 -0.998543 -0.048914
vn -0.022809 -0.998543 -0.048914
vn -0.022809 -0.998543 -0.048914
vn 0.028737 0.997685 0.061628
vn 0.028737 0.997685 0.061628
vn 0.028738 0.997685 0.061627
vn 0.026974 0.997961 0.057846
vn 0.026974 0.997961 0.057846
vn 0.026974 0.997961 0.057845
vn -0.021775 -0.998672 -0.046697
vn -0.021775 -0.998672 -0.046697
vn -0.021775 -0.998672 -0.046697
vn 0.008087 0.999817 0.017343
vn 0.008087 0.999817 0.017343
vn 0.008087 0.999817 0.017343
vn -0.015893 -0.999293 -0.034082
vn -0.015893 -0.999293 -0.034082
vn -0.015893 -0.999293 -0.034082
vn 0.846800 0.000000 -0.531912
vn 0.846800 0.000000 -0.531912
vn 0.846800 0.000000 -0.531912
vn 0.004878 0.999933 0.010461
vn 0.004878 0.999933 0.010461
vn 0.004878 0.999933 0.010461
vn -0.016123 -0.999272 -0.034576
vn -0.016123 -0.999272 -0.034576
vn -0.016123 -0.999272 -0.034576
vn -0.920132 0.000000 0.391609
vn -0.920132 0.000000 0.391609
vn -0.920132 0.000000 0.391609
vn 0.915142 0.000000 -0.403131
vn 0.915142 0.000000 -0.403131
vn 0.915142 0.000000 -0.403131
vn -0.016370 -0.999250 -0.035106
vn -0.016370 -0.999250 -0.035106
vn -0.016370 -0.999250 -0.035106
vn -0.019441 -0.998941 -0.041692
vn -0.019441 -0.998941 -0.041692
vn -0.019441 -0.998941 -0.041692
vn 0.884287 0.000000 -0.466944
vn 0.884287 0.000000 -0.466944
vn 0.884287 0.000000 -0.466944
vn 0.028558 0.997714 0.061243
vn 0.028558 0.997714 0.061243
vn 0.028558 0.997714 0.061243
vn -0.942382 0.000000 0.334537
vn -0.942382 0.000000 0.334537
vn -0.942382 0.000000 0.334537
vn -0.018554 -0.999036 -0.039789
vn -0.018554 -0.999036 -0.039789
vn -0.018554 -0.999036 -0.039789
vn 0.018554 0.999036 0.039789
vn 0.018554 0.999036 0.039789
vn 0.018554 0.999036 0.039789
vn -0.018959 -0.998993 -0.040657
vn -0.018959 -0.998993 -0.040657
vn -0.018959 -0.998993 -0.040657
vn 0.918977 0.000000 -0.394311
vn 0.918977 0.000000 -0.394311
vn 0.918977 0.000000 -0.394311
vn 0.029189 0.997612 0.062595
vn 0.029189 0.997612 0.062595
vn 0.029189 0.997612 0.062595
vn 0.998506 0.023095 -0.049528
vn 0.998506 0.023095 -0.049528
vn 0.998506 0.023095 -0.049528
vn -0.998506 -0.023095 0.049528
vn -0.998506 -0.023095 0.049528
vn -0.998506 -0.023095 0.049528
vn 0.998543 0.022809 -0.048914
vn 0.998543 0.022809 -0.048914
vn 0.998543 0.022809 -0.048914
vn -0.997685 -0.028737 0.061628
vn -0.997685 -0.028737 0.061628
vn -0.997685 -0.028737 0.061628
vn -0.997961 -0.026974 0.057846
vn -0.997961 -0.026974 0.057846
vn -0.997961 -0.026974 0.057846
vn 0.998672 0.021775 -0.046697
vn 0.998672 0.021775 -0.046697
vn 0.998672 0.021775 -0.046697
vn -0.999817 -0.008087 0.017343
vn -0.999817 -0.008087 0.017343
vn -0.999817 -0.008087 0.017343
vn 0.999293 0.015893 -0.034082
vn 0.999293 0.015893 -0.034082
vn 0.999293 0.015893 -0.034082
vn 0.000000 -0.846800 -0.531912
vn 0.000000 -0.846800 -0.531912
vn 0.000000 -0.846800 -0.531912
vn -0.999933 -0.004878 0.010461
vn -0.999933 -0.004878 0.010461
vn -0.999933 -0.004878 0.010461
vn 0.999272 0.016123 -0.034576
vn 0.999272 0.016123 -0.034576
vn 0.999272 0.016123 -0.034577
vn 0.000000 0.920132 0.391609
vn 0.000000 0.920132 0.391609
vn 0.000000 0.920132 0.391609
vn 0.000000 -0.915142 -0.403131
vn 0.000000 -0.915142 -0.403131
vn 0.000000 -0.915142 -0.403131
vn 0.999250 0.016370 -0.035106
vn 0.999250 0.016370 -0.035106
vn 0.999250 0.016370 -0.035106
vn 0.998941 0.019441 -0.041692
vn 0.998941 0.019441 -0.041692
vn 0.998941 0.019441 -0.041692
vn 0.000000 -0.884287 -0.466944
vn 0.000000 -0.884287 -0.466944
vn 0.000000 -0.884287 -0.466944
vn -0.997714 -0.028558 0.061243
vn -0.997714 -0.028558 0.061243
vn -0.997714 -0.028558 0.061243
vn 0.000000 0.942382 0.334537
vn 0.000000 0.942382 0.334537
vn 0.000000 0.942382 0.334537
vn 0.999036 0.018554 -0.039789
vn 0.999036 0.018554 -0.039789
vn 0.999036 0.018554 -0.039789
vn -0.999036 -0.018554 0.039789
vn -0.999036 -0.018554 0.039789
vn -0.999036 -0.018554 0.039789
vn 0.998993 0.018959 -0.040657
vn 0.998993 0.018959 -0.040657
vn 0.998993 0.018959 -0.040657
vn 0.000000 -0.918977 -0.394311
vn 0.000000 -0.918977 -0.394311
vn 0.000000 -0.918977 -0.394311
vn -0.997612 -0.029189 0.062595
vn -0.997612 -0.029189 0.062595
vn -0.997612 -0.029189 0.062595
vn 0.998506 -0.023095 -0.049528
vn 0.998506 -0.023095 -0.049528
vn 0.998506 -0.023095 -0.049528
vn -0.998506 0.023095 0.049528
vn -0.998506 0.023095 0.049528
vn -0.998506 0.023095 0.049528
vn 0.998543 -0.022809 -0.048914
vn 0.998543 -0.022809 -0.048914
vn 0.998543 -0.022809 -0.048914
vn -0.997685 0.028737 0.061628
vn -0.997685 0.028737 0.061628
vn -0.997685 0.028738 0.061627
vn -0.997961 0.026974 0.057846
vn -0.997961 0.026974 0.057846
vn -0.997961 0.026974 0.057845
vn 0.998672 -0.021775 -0.046697
vn 0.998672 -0.021775 -0.046697
vn 0.998672 -0.021775 -0.046697
vn -0.999817 0.008087 0.017343
vn -0.999817 0.008087 0.017343
vn -0.999817 0.008087 0.017343
vn 0.999293 -0.015893 -0.034082
vn 0.999293 -0.015893 -0.034082
vn 0.999293 -0.015893 -0.034082
vn 0.000000 0.846800 -0.531912
vn 0.000000 0.846800 -0.531912
vn 0.000000 0.846800 -0.531912
vn -0.999933 0.004878 0.010461
vn -0.999933 0.004878 0.010461
vn -0.999933 0.004878 0.010461
vn 0.999272 -0.016123 -0.034576
vn 0.999272 -0.016123 -0.034576
vn 0.999272 -0.016123 -0.034576
vn 0.000000 -0.920132 0.391609
vn 0.000000 -0.920132 0.391609
vn 0.000000 -0.920132 0.391609
vn 0.000000 0.915142 -0.403131
vn 0.000000 0.915142 -0.403131
vn 0.000000 0.915142 -0.403131
vn 0.999250 -0.016370 -0.035106
vn 0.999250 -0.016370 -0.035106
vn 0.999250 -0.016370 -0.035106
vn 0.998941 -0.019441 -0.041692
vn 0.998941 -0.019441 -0.041692
vn 0.998941 -0.019441 -0.041692
vn 0.000000 0.884287 -0.466944
vn 0.000000 0.884287 -0.466944
vn 0.000000 0.884287 -0.466944
vn -0.997714 0.028558 0.061243
vn -0.997714 0.028558 0.061243
vn -0.997714 0.028558 0.061243
vn 0.000000 -0.942382 0.334538
vn 0.000000 -0.942382 0.334538
vn 0.000000 -0.942382 0.334538
vn 0.999036 -0.018554 -0.039789
vn 0.999036 -0.018554 -0.039789
vn 0.999036 -0.018554 -0.039789
vn -0.999036 0.018554 0.039789
vn -0.999036 0.018554 0.039789
vn -0.999036 0.018554 0.039789
vn 0.998993 -0.018959 -0.040657
vn 0.998993 -0.018959 -0.040657
vn 0.998993 -0.018959 -0.040657
vn 0.000000 0.918977 -0.394311
vn 0.000000 0.918977 -0.394311
vn 0.000000 0.918977 -0.394311
vn -0.997612 0.029189 0.062595
vn -0.997612 0.029189 0.062595
vn -0.997612 0.029189 0.062595
vn -0.923323 0.000000 -0.384024
vn -0.923323 0.000000 -0.384024
vn -0.923323 0.000000 -0.384024
vn 0.034349 0.995992 -0.082588
vn 0.034349 0.995992 -0.082588
vn 0.034349 0.995992 -0.082588
vn 0.923323 0.000000 0.384024
vn 0.923323 0.000000 0.384024
vn 0.923323 0.000000 0.384024
vn -0.034349 -0.995992 0.082588
vn -0.034349 -0.995992 0.082588
vn -0.034349 -0.995992 0.082588
vn 0.236443 0.970758 -0.041515
vn 0.236443 0.970758 -0.041515
vn 0.216314 0.975268 -0.045390
vn -0.236443 -0.970758 0.041515
vn -0.236443 -0.970758 0.041515
vn -0.216314 -0.975268 0.045390
vn -0.905144 0.000000 -0.425106
vn -0.905144 0.000000 -0.425106
vn -0.905144 0.000000 -0.425106
vn 0.111589 0.992475 -0.050407
vn 0.111589 0.992475 -0.050407
vn 0.099330 0.993649 -0.052867
vn -0.111589 -0.992475 0.050407
vn -0.111589 -0.992475 0.050407
vn -0.099330 -0.993649 0.052867
vn 0.923323 0.000000 -0.384024
vn 0.923323 0.000000 -0.384024
vn 0.923323 0.000000 -0.384024
vn -0.034349 0.995992 -0.082588
vn -0.034349 0.995992 -0.082588
vn -0.034350 0.995992 -0.082588
vn -0.923323 0.000000 0.384024
vn -0.923323 0.000000 0.384024
vn -0.923323 0.000000 0.384024
vn 0.034349 -0.995992 0.082588
vn 0.034349 -0.995992 0.082588
vn 0.034349 -0.995992 0.082588
vn -0.236443 0.970758 -0.041515
vn -0.236443 0.970758 -0.041515
vn -0.256467 0.965821 -0.037622
vn 0.236443 -0.970758 0.041515
vn 0.236443 -0.970758 0.041515
vn 0.216314 -0.975268 0.045390
vn 0.905144 0.000000 -0.425106
vn 0.905144 0.000000 -0.425106
vn 0.905144 0.000000 -0.425106
vn -0.111589 0.992475 -0.050407
vn -0.111589 0.992475 -0.050407
vn -0.123829 0.991145 -0.047939
vn 0.111589 -0.992475 0.050407
vn 0.111589 -0.992475 0.050407
vn 0.099330 -0.993649 0.052867
vn -0.923323 0.000000 -0.384024
vn -0.923323 0.000000 -0.384024
vn -0.923323 0.000000 -0.384024
vn 0.034349 -0.995992 -0.082588
vn 0.034349 -0.995992 -0.082588
vn 0.034350 -0.995992 -0.082588
vn 0.923323 0.000000 0.384024
vn 0.923323 0.000000 0.384024
vn 0.923323 0.000000 0.384024
vn -0.034349 0.995992 0.082588
vn -0.034349 0.995992 0.082588
vn -0.034349 0.995992 0.082588
vn 0.236443 -0.970758 -0.041515
vn 0.236443 -0.970758 -0.041515
vn 0.256467 -0.965821 -0.037622
vn -0.236443 0.970758 0.041515
vn -0.236443 0.970758 0.041515
vn -0.216314 0.975268 0.045390
vn -0.905144 0.000000 -0.425106
vn -0.905144 0.000000 -0.425106
vn -0.905144 0.000000 -0.425106
vn 0.111589 -0.992475 -0.050407
vn 0.111589 -0.992475 -0.050407
vn 0.123829 -0.991145 -0.047939
vn -0.111589 0.992475 0.050407
vn -0.111589 0.992475 0.050407
vn -0.099330 0.993649 0.052867
vn 0.923323 0.000000 -0.384024
vn 0.923323 0.000000 -0.384024
vn 0.923323 0.000000 -0.384024
vn -0.034349 -0.995992 -0.082588
vn -0.034349 -0.995992 -0.082588
vn -0.034349 -0.995992 -0.082588
vn -0.923323 0.000000 0.384024
vn -0.923323 0.000000 0.384024
vn -0.923323 0.000000 0.384024
vn 0.034349 0.995992 0.082588
vn 0.034349 0.995992 0.082588
vn 0.034349 0.995992 0.082588
vn -0.236443 -0.970758 -0.041515
vn -0.236443 -0.970758 -0.041515
vn -0.216314 -0.975268 -0.045390
vn 0.236443 0.970758 0.041515
vn 0.236443 0.970758 0.041515
vn 0.216314 0.975268 0.045390
vn 0.905144 0.000000 -0.425106
vn 0.905144 0.000000 -0.425106
vn 0.905144 0.000000 -0.425106
vn -0.111589 -0.992475 -0.050407
vn -0.111589 -0.992475 -0.050407
vn -0.099330 -0.993649 -0.052867
vn 0.111589 0.992475 0.050407
vn 0.111589 0.992475 0.050407
vn 0.099330 0.993649 0.052867
vn 0.000000 0.000000 1.000000
vn 0.000000 0.000000 1.000000
vn 0.000000 0.000000 1.000000
vn 0.000000 0.000000 1.000000
vn 0.000000 0.000000 -1.000000
vn 0.000000 0.000000 -1.000000
vn 0.000000 0.000000 -1.000000
vn 0.000000 0.000000 -1.000000
vn 1.000000 0.000000 0.000000
vn 1.000000 0.000000 0.000000
vn 1.000000 0.000000 0.000000
vn 1.000000 0.000000 0.000000
vn -0.999466 0.000000 -0.032662
vn -0.999466 0.000000 -0.032662
vn -0.999867 0.000000 -0.016333
vn -0.999867 0.000000 -0.016333
vn -1.000000 0.000000 0.000000
vn -0.999941 0.000000 -0.010889
vn -1.000000 0.000000 0.000000
vn -0.999466 0.000000 -0.032662
vn -0.999763 0.000000 -0.021777
vn -0.999466 0.000000 -0.032662
vn -0.999941 0.000000 -0.010889
vn -0.999867 0.000000 -0.016333
vn -0.999466 0.000000 -0.032662
vn -0.999763 0.000000 -0.021777
vn -0.999466 0.000000 -0.032662
vn -0.999466 0.000000 -0.032662
vn -0.999867 0.000000 -0.016333
vn -0.999466 0.000000 -0.032662
vn -0.999763 0.000000 -0.021750
vn -0.999468 0.000000 -0.032628
vn -0.997871 0.000000 -0.065220
vn -0.999053 0.000000 -0.043501
vn -0.997871 0.000000 -0.065220
vn -0.997871 0.000000 -0.065220
vn -0.999468 0.000000 -0.032628
vn -0.997871 0.000000 -0.065220
vn -0.999895 0.000000 -0.014514
vn -0.999763 0.000000 -0.021771
vn -0.999052 0.000000 -0.043532
vn -0.999579 0.000000 -0.029027
vn -0.999052 0.000000 -0.043532
vn -0.999052 0.000000 -0.043532
vn -0.999763 0.000000 -0.021771
vn -0.999052 0.000000 -0.043532
vn -0.999848 0.000000 -0.017411
vn -0.999659 0.000000 -0.026117
vn -0.998636 0.000000 -0.052216
vn -0.999394 0.000000 -0.034821
vn -0.998636 0.000000 -0.052216
vn -0.998636 0.000000 -0.052216
vn -0.999659 0.000000 -0.026117
vn -0.998636 0.000000 -0.052216
vn -0.999895 0.000000 -0.014514
vn -0.999763 0.000000 -0.021771
vn -0.999052 0.000000 -0.043532
vn -0.999579 0.000000 -0.029027
vn -0.999052 0.000000 -0.043532
vn -0.999052 0.000000 -0.043532
vn -0.999763 0.000000 -0.021771
vn -0.999052 0.000000 -0.043532
vn -0.999786 0.000000 -0.020666
vn -0.999519 0.000000 -0.031001
vn -0.998078 0.000000 -0.061972
vn -0.998078 0.000000 -0.061972
vn -0.998078 0.000000 -0.061972
vn -0.998078 0.000000 -0.061972
vn -0.998078 0.000000 -0.061972
vn -0.998078 0.000000 -0.061972
vn 0.000000 0.000000 -1.000000
vn 0.000000 0.000000 -1.000000
vn 0.000000 0.000000 -1.000000
vn 0.000000 0.000000 -1.000000
vn 0.000000 0.000000 -1.000000
vn 0.000000 0.000000 -1.000000
vn 0.000000 0.000000 -1.000000
vn 0.000000 0.000000 -1.000000
vn 0.000000 0.000000 -1.000000
vn 0.000000 0.000000 -1.000000
vn 0.000000 0.000000 -1.000000
vn 0.000000 0.000000 -1.000000
vn 0.000000 0.000000 -1.000000
vn 0.000000 0.000000 -1.000000
vn 0.000000 0.000000 -1.000000
vn 0.000000 0.000000 -1.000000
vn 0.000000 -1.000000 0.000000
vn 0.000000 -1.000000 0.000000
vn 0.000000 -1.000000 0.000000
vn 0.000000 -1.000000 0.000000
vn 0.000000 0.000000 -1.000000
vn 0.000000 0.000000 -1.000000
vn 0.000000 0.000000 -1.000000
vn 0.000000 0.000000 -1.000000
vn 0.000000 0.000000 -1.000000
vn 0.110302 0.000000 -0.993898
vn 0.146968 0.000000 -0.989141
vn 0.219257 0.000000 -0.975667
vn 0.219257 0.000000 -0.975667
vn 0.219257 0.000000 -0.975667
vn 0.219257 0.000000 -0.975667
vn 0.219257 0.000000 -0.975667
vn 0.219257 0.000000 -0.975667
vn 0.000000 0.000000 -1.000000
vn 0.000000 0.000000 -1.000000
vn 0.000000 0.000000 -1.000000
vn -0.110302 0.000000 -0.993898
vn -0.146968 0.000000 -0.989141
vn -0.219257 0.000000 -0.975667
vn -0.219257 0.000000 -0.975667
vn -0.219257 0.000000 -0.975667
vn -0.219257 0.000000 -0.975667
vn -0.219257 0.000000 -0.975667
vn -0.219257 0.000000 -0.975667
vn -1.000000 0.000000 0.000000
vn -1.000000 0.000000 0.000000
vn -1.000000 0.000000 0.000000
vn -1.000000 0.000000 0.000000
vn 0.000000 0.000000 1.000000
vn 0.000000 0.000000 1.000000
vn 0.000000 0.000000 1.000000
vn 0.000000 0.000000 1.000000
vn -0.999466 0.000000 0.032662
vn -0.999763 0.000000 0.021777
vn -0.999466 0.000000 0.032662
vn -0.999941 0.000000 0.010889
vn -0.999763 0.000000 0.021750
vn -0.999867 0.000000 0.016333
vn -0.999468 0.000000 0.032628
vn -0.999466 0.000000 0.032662
vn -0.999466 0.000000 0.032662
vn -0.999867 0.000000 0.016333
vn -0.999867 0.000000 0.016333
vn -0.999763 0.000000 0.021777
vn -0.997871 0.000000 0.065220
vn -0.999053 0.000000 0.043501
vn -0.997871 0.000000 0.065220
vn -0.997871 0.000000 0.065220
vn -0.999468 0.000000 0.032628
vn -0.997871 0.000000 0.065220
vn -0.999895 0.000000 0.014514
vn -0.999763 0.000000 0.021771
vn -0.999052 0.000000 0.043532
vn -0.999579 0.000000 0.029027
vn -0.999052 0.000000 0.043532
vn -0.999466 0.000000 0.032662
vn -0.999867 0.000000 0.016333
vn -0.999967 0.000000 0.008166
vn -1.000000 0.000000 0.000000
vn -1.000000 0.000000 0.000000
vn -1.000000 0.000000 0.000000
vn -0.999941 0.000000 0.010889
vn -0.999867 0.000000 0.016333
vn -1.000000 0.000000 0.000000
vn -0.999466 0.000000 0.032662
vn -0.999848 0.000000 0.017411
vn -0.999763 0.000000 0.021771
vn -0.999659 0.000000 0.026117
vn -0.999052 0.000000 0.043532
vn -0.999052 0.000000 0.043532
vn -0.998636 0.000000 0.052216
vn -0.999394 0.000000 0.034821
vn -0.998636 0.000000 0.052216
vn -0.998636 0.000000 0.052216
vn -0.999659 0.000000 0.026117
vn -0.998636 0.000000 0.052216
vn -0.999895 0.000000 0.014514
vn -0.999763 0.000000 0.021771
vn -0.999052 0.000000 0.043532
vn -0.999763 0.000000 0.021771
vn -0.999052 0.000000 0.043532
vn -0.999579 0.000000 0.029027
vn -0.999052 0.000000 0.043532
vn -0.999786 0.000000 0.020666
vn -0.999519 0.000000 0.031001
vn -0.998078 0.000000 0.061972
vn -0.998078 0.000000 0.061972
vn -0.998078 0.000000 0.061972
vn 0.000000 0.000000 1.000000
vn 0.000000 0.000000 1.000000
vn 0.000000 0.000000 1.000000
vn 0.000000 0.000000 1.000000
vn -0.020820 0.000000 0.999783
vn 0.000000 0.000000 1.000000
vn -0.027759 0.000000 0.999615
vn -0.041631 0.000000 0.999133
vn -0.041631 0.000000 0.999133
vn -0.305316 0.000000 0.952251
vn -0.041631 0.000000 0.999133
vn -0.041631 0.000000 0.999133
vn -0.391052 0.000000 0.920369
vn -0.547102 0.000000 0.837066
vn -0.547102 0.000000 0.837066
vn 0.000000 0.000000 1.000000
vn 0.000000 0.000000 1.000000
vn 0.000000 0.000000 1.000000
vn 0.020820 0.000000 0.999783
vn 0.027759 0.000000 0.999615
vn 0.041631 0.000000 0.999133
vn 0.041631 0.000000 0.999133
vn 0.391052 0.000000 0.920368
vn 0.041631 0.000000 0.999133
vn 0.041631 0.000000 0.999133
vn 0.305316 0.000000 0.952251
vn 0.547102 0.000000 0.837066
vn 0.547102 0.000000 0.837066
vn 0.016627 -0.999521 0.026116
vn 0.000000 -0.999659 0.026101
vn 0.000000 -0.999867 0.016312
vn 0.044554 -0.998872 -0.016426
vn 0.999466 0.000000 -0.032662
vn 0.999466 0.000000 -0.032662
vn 0.999867 0.000000 -0.016333
vn 0.999867 0.000000 -0.016333
vn 1.000000 0.000000 0.000000
vn 0.999941 0.000000 -0.010889
vn 1.000000 0.000000 0.000000
vn 0.999466 0.000000 -0.032662
vn 0.999763 0.000000 -0.021777
vn 0.999466 0.000000 -0.032662
vn 0.999941 0.000000 -0.010889
vn 0.999867 0.000000 -0.016333
vn 0.999466 0.000000 -0.032662
vn 0.999763 0.000000 -0.021777
vn 0.999466 0.000000 -0.032662
vn 0.999466 0.000000 -0.032662
vn 0.999867 0.000000 -0.016333
vn 0.999466 0.000000 -0.032662
vn 0.999763 0.000000 -0.021750
vn 0.999468 0.000000 -0.032628
vn 0.997871 0.000000 -0.065220
vn 0.999053 0.000000 -0.043501
vn 0.997871 0.000000 -0.065220
vn 0.997871 0.000000 -0.065220
vn 0.999468 0.000000 -0.032628
vn 0.997871 0.000000 -0.065220
vn 0.999895 0.000000 -0.014514
vn 0.999763 0.000000 -0.021771
vn 0.999052 0.000000 -0.043532
vn 0.999579 0.000000 -0.029027
vn 0.999052 0.000000 -0.043532
vn 0.999052 0.000000 -0.043532
vn 0.999763 0.000000 -0.021771
vn 0.999052 0.000000 -0.043532
vn 0.999848 0.000000 -0.017411
vn 0.999659 0.000000 -0.026117
vn 0.999941 0.000000 0.010889
vn 0.999867 0.000000 0.016333
vn 0.999941 0.000000 0.010889
vn 0.999867 0.000000 0.016333
vn 0.999466 0.000000 0.032662
vn 0.999763 0.000000 0.021777
vn 0.999466 0.000000 0.032662
vn 0.999759 -0.009078 0.019967
vn 0.999459 -0.013615 0.029948
vn 0.999918 -0.009077 0.009077
vn 0.999865 0.006808 0.014975
vn 0.999815 0.013616 0.013616
vn 0.999466 0.000000 0.032662
vn 0.999867 0.000000 0.016333
vn 0.999466 0.000000 0.032662
vn 0.999763 0.000000 0.021750
vn 0.999468 0.000000 0.032628
vn 0.000000 0.000000 -1.000000
vn 0.000000 0.000000 -1.000000
vn 0.000000 0.000000 -1.000000
vn 0.000000 0.000000 -1.000000
vn 0.000000 0.000000 -1.000000
vn 0.000000 0.000000 -1.000000
vn 0.000000 0.000000 -1.000000
vn 0.000000 0.000000 -1.000000
vn 0.000000 0.000000 -1.000000
vn -0.104059 0.000000 -0.994571
vn -0.138661 0.000000 -0.990340
vn 0.000000 0.000000 -1.000000
vn 0.000000 0.000000 -1.000000
vn 0.000000 0.000000 -1.000000
vn 0.104059 0.000000 -0.994571
vn 0.138661 0.000000 -0.990340
vn -0.206988 0.000000 -0.978343
vn -0.206988 0.000000 -0.978343
vn -0.206988 0.000000 -0.978343
vn -0.206988 0.000000 -0.978343
vn -0.206988 0.000000 -0.978343
vn -0.206988 0.000000 -0.978343
vn 0.206988 0.000000 -0.978343
vn 0.206988 0.000000 -0.978343
vn 0.206988 0.000000 -0.978343
vn 0.206988 0.000000 -0.978343
vn 0.206988 0.000000 -0.978343
vn 0.206988 0.000000 -0.978343
vn 0.246107 0.969243 0.000000
vn 0.082637 0.995710 -0.041618
vn 0.165239 0.986145 -0.014614
vn 0.199211 0.976929 0.076969
vn 0.117097 0.991324 0.059706
vn 0.119841 0.965975 0.229195
vn 0.076212 0.996664 -0.029197
vn 0.000000 0.999763 -0.021771
vn 0.000000 0.999763 -0.021771
vn 0.000000 0.999786 -0.020666
vn 0.000000 0.999579 -0.029027
vn 0.000000 0.999659 -0.026117
vn 0.000000 0.999895 -0.014514
vn 0.000000 0.999394 -0.034821
vn -0.076212 0.996664 -0.029197
vn -0.165239 0.986145 -0.014614
vn -0.082637 0.995710 -0.041618
vn 0.000000 0.998078 -0.061972
vn 0.000000 0.998078 -0.061972
vn -0.246107 0.969243 0.000000
vn -0.199211 0.976929 0.076969
vn -0.117097 0.991324 0.059706
vn -0.119840 0.965975 0.229195
vn -0.037730 0.998679 -0.034871
vn 0.000000 0.999848 -0.017411
vn -0.075453 0.997043 -0.014534
vn -0.112994 0.993596 0.000000
vn -0.092560 0.994888 0.040369
vn -0.054936 0.998316 0.018626
vn -0.063207 0.990652 0.120883
vn -0.033700 0.999009 -0.029060
vn 0.000000 0.999579 -0.029027
vn 0.000000 0.999895 -0.014514
vn 0.000000 0.999763 -0.021771
vn 0.000000 0.999659 -0.026117
vn -0.023493 0.998776 -0.043525
vn 0.000000 0.999053 -0.043501
vn 0.000000 0.999763 -0.021750
vn 0.000000 0.999468 -0.032628
vn 0.000000 0.999763 -0.021771
vn 0.033700 0.999009 -0.029060
vn 0.075453 0.997043 -0.014534
vn 0.112994 0.993596 0.000000
vn 0.037730 0.998679 -0.034871
vn 0.092560 0.994888 0.040369
vn 0.054936 0.998316 0.018626
vn 0.063207 0.990652 0.120883
vn 0.023493 0.998776 -0.043525
vn 0.000000 0.999468 -0.032628
vn 0.000000 0.999867 -0.016333
vn 0.000000 0.999763 -0.021777
vn 0.070408 0.997518 0.000000
vn 0.046970 0.998837 -0.010895
vn 0.057564 0.998127 0.020706
vn 0.020551 0.999551 -0.021787
vn 0.000000 0.999867 -0.016333
vn 0.034103 0.999370 0.009819
vn 0.040579 0.997246 0.062086
vn 0.000000 0.999466 -0.032662
vn 0.000000 0.999867 -0.016333
vn 0.000000 0.999867 -0.016333
vn 0.000000 0.999941 -0.010889
vn 0.000000 0.999763 -0.021777
vn -0.020551 0.999551 -0.021787
vn -0.046970 0.998837 -0.010895
vn 0.000000 0.999466 -0.032662
vn -0.034103 0.999370 0.009819
vn -0.057564 0.998127 0.020706
vn -0.040579 0.997246 0.062086
vn -0.070408 0.997518 0.000000
vn 0.000000 1.000000 0.000000
vn 0.000000 0.999941 -0.010889
vn 0.000000 1.000000 0.000000
vn 0.000000 -1.000000 0.000000
vn 0.000000 -1.000000 0.000000
vn 0.000000 -1.000000 0.000000
vn 0.000000 -1.000000 0.000000
vn 0.000000 0.000000 -1.000000
vn 0.000000 0.000000 -1.000000
vn 0.000000 0.000000 -1.000000
vn 0.000000 0.000000 -1.000000
vn 0.000000 0.000000 -1.000000
vn 0.020820 0.000000 -0.999783
vn 0.027759 0.000000 -0.999615
vn 0.000000 0.000000 -1.000000
vn 0.000000 0.000000 -1.000000
vn 0.000000 0.000000 -1.000000
vn -0.020820 0.000000 -0.999783
vn -0.027759 0.000000 -0.999615
vn 0.041631 0.000000 -0.999133
vn 0.027759 0.000000 -0.999615
vn 0.013880 0.000000 -0.999904
vn 0.000000 0.000000 -1.000000
vn 0.010409 0.000000 -0.999946
vn 0.000000 0.000000 -1.000000
vn 0.027759 0.000000 -0.999615
vn 0.041631 0.000000 -0.999133
vn -0.027759 0.000000 -0.999615
vn -0.041631 0.000000 -0.999133
vn -0.010409 0.000000 -0.999946
vn 0.000000 0.000000 -1.000000
vn 0.000000 0.000000 -1.000000
vn -0.013880 0.000000 -0.999904
vn -0.027759 0.000000 -0.999615
vn -0.041631 0.000000 -0.999133
vn -0.331238 0.000000 0.943547
vn -0.331238 0.000000 0.943547
vn -0.168007 0.000000 0.985786
vn -0.331238 0.000000 0.943547
vn 0.000000 0.000000 1.000000
vn 0.000000 0.000000 1.000000
vn -0.223649 0.000000 0.974670
vn 0.000000 0.000000 1.000000
vn 0.000000 0.000000 1.000000
vn 0.000000 0.000000 1.000000
vn 0.000000 0.000000 1.000000
vn 0.000000 0.000000 1.000000
vn 0.000000 0.000000 1.000000
vn 0.168007 0.000000 0.985786
vn 0.223649 0.000000 0.974670
vn -0.331238 0.000000 0.943547
vn -0.331238 0.000000 0.943547
vn -0.331238 0.000000 0.943547
vn 0.331238 0.000000 0.943547
vn 0.331238 0.000000 0.943547
vn 0.331238 0.000000 0.943547
vn 0.331238 0.000000 0.943547
vn 0.331238 0.000000 0.943547
vn 0.331238 0.000000 0.943547
vn 0.997871 0.000000 0.065220
vn 0.999763 0.000000 0.021750
vn 0.999053 0.000000 0.043501
vn 0.997871 0.000000 0.065220
vn 0.024301 -0.999486 0.020918
vn 0.092224 -0.994597 -0.047656
vn 0.000000 -0.999848 0.017411
vn 0.000000 -0.999915 0.013057
vn 0.997871 0.000000 0.065220
vn 0.997871 0.000000 0.065220
vn 0.999468 0.000000 0.032628
vn 0.999468 0.000000 0.032628
vn 0.000000 -1.000000 0.000000
vn 0.000000 -0.999941 -0.010889
vn 0.000000 -1.000000 0.000000
vn 0.000000 -0.999867 -0.016333
vn 0.000000 -0.999466 -0.032662
vn 0.000000 -0.999763 -0.021777
vn 0.038654 -0.999174 0.012577
vn 0.064867 -0.997618 0.023463
vn 0.045975 -0.996463 0.070342
vn 0.023292 -0.999491 -0.021789
vn 0.052490 -0.998562 -0.010896
vn 0.078672 -0.996901 0.000000
vn 0.026255 -0.998707 -0.043531
vn 0.000000 -0.999763 -0.021777
vn 0.000000 -0.999941 -0.010889
vn 0.000000 -0.999867 -0.016333
vn 0.000000 -0.999466 -0.032662
vn 0.000000 -0.999867 -0.016333
vn -0.038654 -0.999174 0.012577
vn -0.045975 -0.996463 0.070342
vn -0.064867 -0.997618 0.023463
vn -0.023292 -0.999491 -0.021789
vn 0.000000 -0.999867 -0.016333
vn 0.000000 -0.999763 -0.021750
vn -0.052490 -0.998562 -0.010896
vn -0.078672 -0.996901 0.000000
vn -0.026254 -0.998707 -0.043531
vn 0.000000 -0.999468 -0.032628
vn 0.000000 -0.999468 -0.032628
vn -0.057885 -0.998107 0.020779
vn 0.000000 -0.999053 -0.043501
vn 0.057885 -0.998107 0.020779
vn 0.000000 -0.999895 -0.014514
vn 0.000000 -0.999763 -0.021771
vn -0.066560 -0.989629 0.127296
vn -0.097323 -0.994344 0.042519
vn -0.035509 -0.998947 -0.029064
vn 0.000000 -0.999763 -0.021771
vn -0.079099 -0.996761 -0.014536
vn -0.118438 -0.992961 0.000000
vn -0.039553 -0.998609 -0.034876
vn 0.097323 -0.994344 0.042519
vn 0.066560 -0.989629 0.127296
vn 0.035509 -0.998947 -0.029064
vn 0.000000 -0.999579 -0.029027
vn 0.079099 -0.996761 -0.014536
vn 0.118438 -0.992961 0.000000
vn 0.039553 -0.998609 -0.034876
vn 0.000000 -0.999848 -0.017411
vn 0.000000 -0.999659 -0.026117
vn 0.000000 -0.999394 -0.034821
vn 0.121056 -0.990690 0.062278
vn 0.000000 -0.999659 -0.026117
vn 0.000000 -0.999895 -0.014514
vn -0.121056 -0.990690 0.062278
vn 0.000000 -0.999763 -0.021771
vn 0.205703 -0.975378 0.079522
vn 0.123754 -0.963674 0.236680
vn 0.078775 -0.996464 -0.029209
vn 0.000000 -0.999579 -0.029027
vn 0.170393 -0.985268 -0.014620
vn 0.253672 -0.967290 0.000000
vn 0.085214 -0.995492 -0.041636
vn 0.000000 -0.998078 -0.061972
vn 0.000000 -0.998078 -0.061972
vn 0.000000 -0.999786 -0.020666
vn 0.000000 -0.999763 -0.021771
vn 0.000000 -0.999519 -0.031001
vn -0.078775 -0.996464 -0.029209
vn -0.170393 -0.985268 -0.014620
vn -0.085214 -0.995492 -0.041636
vn 0.000000 -0.998078 -0.061972
vn 0.000000 -0.998078 -0.061972
vn -0.253672 -0.967290 0.000000
vn -0.205703 -0.975378 0.079522
vn -0.123754 -0.963674 0.236680
vn 0.999895 0.000000 0.014514
vn 0.999053 0.000000 0.043501
vn 0.999468 0.000000 0.032628
vn 0.999763 0.000000 0.021771
vn 0.999052 0.000000 0.043532
vn 0.999579 0.000000 0.029027
vn 0.999052 0.000000 0.043532
vn 0.999052 0.000000 0.043532
vn 0.999763 0.000000 0.021771
vn 0.999052 0.000000 0.043532
vn 0.999848 0.000000 0.017411
vn 0.999659 0.000000 0.026117
vn 0.000000 0.000000 1.000000
vn 0.000000 0.000000 1.000000
vn 0.000000 0.000000 1.000000
vn 0.000000 0.000000 1.000000
vn 0.027767 0.000000 0.999614
vn 0.027767 0.000000 0.999614
vn 0.013885 0.000000 0.999904
vn 0.325576 0.000000 0.945516
vn 0.252029 0.000000 0.967720
vn 0.243685 0.000000 0.969854
vn 0.120793 0.000000 0.992678
vn 0.018513 0.000000 0.999829
vn 0.027767 0.000000 0.999614
vn 0.027767 0.000000 0.999614
vn 0.000000 0.000000 1.000000
vn 0.000000 0.000000 1.000000
vn 0.000000 0.000000 1.000000
vn 0.000000 0.000000 1.000000
vn 0.000000 0.000000 1.000000
vn 0.000000 0.000000 1.000000
vn 0.000000 0.000000 1.000000
vn 0.000000 0.000000 1.000000
vn -0.013885 0.000000 0.999904
vn -0.018513 0.000000 0.999829
vn -0.027767 0.000000 0.999614
vn -0.027767 0.000000 0.999614
vn -0.252029 0.000000 0.967720
vn -0.027767 0.000000 0.999614
vn -0.027767 0.000000 0.999614
vn -0.325575 0.000000 0.945516
vn -0.243685 0.000000 0.969854
vn -0.120793 0.000000 0.992678
vn 0.159227 0.000000 0.987242
vn 0.237319 0.000000 0.971432
vn 0.237319 0.000000 0.971432
vn 0.119516 0.000000 0.992832
vn 0.237319 0.000000 0.971432
vn 0.237319 0.000000 0.971432
vn 0.000000 0.000000 1.000000
vn 0.000000 0.000000 1.000000
vn 0.000000 0.000000 1.000000
vn 0.000000 0.000000 1.000000
vn 0.000000 0.000000 1.000000
vn 0.000000 0.000000 1.000000
vn 0.000000 0.000000 1.000000
vn 0.000000 0.000000 1.000000
vn -0.119516 0.000000 0.992832
vn -0.159227 0.000000 0.987242
vn -0.237319 0.000000 0.971432
vn -0.237319 0.000000 0.971432
vn -0.237319 0.000000 0.971432
vn -0.237319 0.000000 0.971432
vn -0.046758 0.998743 -0.018033
vn 0.000000 0.999659 0.026101
vn -0.022851 0.999205 0.032653
vn 0.000000 0.999867 0.016312
vn -0.036553 0.999310 0.006540
vn -0.060913 0.998143 0.000000
vn 0.000000 0.999915 0.013067
vn 0.000000 0.999867 0.016312
vn -0.045631 0.998820 -0.016609
vn 0.000000 1.000000 0.000000
vn -0.027136 0.998769 -0.041518
vn -0.027351 0.999575 -0.010068
vn -0.020607 0.999654 0.016344
vn 0.000000 0.999967 0.008166
vn 0.000000 0.999915 0.013067
vn 0.000000 0.999915 0.013067
vn 0.000000 0.999763 0.021777
vn 0.000000 0.999967 0.008166
vn 0.000000 0.999941 0.010889
vn 0.000000 1.000000 0.000000
vn -0.006808 0.999865 0.014975
vn -0.013616 0.999815 0.013616
vn 0.021905 0.999749 -0.004616
vn 0.000000 0.999967 0.008166
vn 0.016484 0.999779 0.013074
vn 0.045631 0.998820 -0.016609
vn 0.027136 0.998769 -0.041518
vn 0.000000 1.000000 0.000000
vn 0.060913 0.998143 0.000000
vn 0.045694 0.998922 0.008175
vn 0.018278 0.999492 0.026119
vn 0.000000 0.999659 0.026101
vn 0.037384 0.999197 -0.014418
vn 0.000000 0.999941 0.010885
vn -0.022954 0.999584 0.017435
vn -0.046758 0.998743 -0.018033
vn 0.000000 0.999941 0.010885
vn 0.000000 0.999895 0.014514
vn 0.037384 0.999197 -0.014418
vn -0.062796 0.997648 -0.027496
vn -0.035943 0.996987 -0.068742
vn 0.000000 1.000000 0.000000
vn -0.084650 0.996411 0.000000
vn -0.063513 0.997921 0.010907
vn -0.025391 0.999459 0.020920
vn 0.000000 0.999848 0.017411
vn 0.000000 0.999915 0.013057
vn 0.000000 0.999848 0.017417
vn 0.028698 0.999350 0.021798
vn 0.062796 0.997648 -0.027496
vn 0.035943 0.996987 -0.068742
vn 0.000000 1.000000 0.000000
vn 0.084650 0.996411 0.000000
vn 0.063513 0.997921 0.010907
vn 0.025391 0.999459 0.020920
vn -0.025391 0.999459 0.020920
vn 0.000000 0.999782 0.020893
vn -0.095163 0.994227 -0.049564
vn 0.000000 0.999848 0.017411
vn 0.025391 0.999459 0.020920
vn 0.095163 0.994227 -0.049564
vn 0.000000 0.999941 0.010885
vn -0.049510 0.998620 0.017503
vn -0.095163 0.994227 -0.049564
vn 0.000000 0.999895 0.014514
vn 0.000000 0.999848 0.017417
vn -0.129742 0.990277 -0.050193
vn -0.065502 0.989958 -0.125272
vn 0.000000 1.000000 0.000000
vn -0.178194 0.983995 0.000000
vn -0.107002 0.994220 0.008783
vn -0.066770 0.997280 0.031211
vn 0.049510 0.998620 0.017503
vn 0.095163 0.994227 -0.049564
vn 0.000000 0.999848 0.017417
vn 0.129742 0.990277 -0.050193
vn 0.065501 0.989958 -0.125272
vn 0.000000 1.000000 0.000000
vn 0.178194 0.983995 0.000000
vn 0.133804 0.990947 0.010984
vn 0.053362 0.998264 0.024944
vn 0.000000 0.999880 0.015499
vn 0.000000 0.998078 0.061972
vn 0.000000 0.998078 0.061972
vn 0.000000 0.999880 0.015499
vn 0.000000 0.998078 0.061972
vn 0.000000 0.998078 0.061972
vn 0.000000 -0.999763 0.021750
vn -0.020786 -0.999251 0.032649
vn 0.000000 -0.999867 0.016312
vn -0.044554 -0.998872 -0.016426
vn 0.000000 0.000000 -1.000000
vn 0.000000 0.000000 -1.000000
vn 0.000000 0.000000 -1.000000
vn 0.000000 0.000000 -1.000000
vn 0.000000 0.000000 -1.000000
vn 0.013885 0.000000 -0.999904
vn 0.018513 0.000000 -0.999829
vn 0.000000 0.000000 -1.000000
vn 0.000000 0.000000 -1.000000
vn 0.000000 0.000000 -1.000000
vn -0.013885 0.000000 -0.999904
vn -0.018513 0.000000 -0.999829
vn 0.027767 0.000000 -0.999614
vn 0.018513 0.000000 -0.999829
vn 0.009256 0.000000 -0.999957
vn 0.000000 0.000000 -1.000000
vn 0.006942 0.000000 -0.999976
vn 0.000000 0.000000 -1.000000
vn 0.018513 0.000000 -0.999829
vn 0.027767 0.000000 -0.999614
vn -0.018513 0.000000 -0.999829
vn -0.027767 0.000000 -0.999614
vn -0.009256 0.000000 -0.999957
vn 0.000000 0.000000 -1.000000
vn -0.006942 0.000000 -0.999976
vn 0.000000 0.000000 -1.000000
vn -0.018513 0.000000 -0.999829
vn -0.027767 0.000000 -0.999614
vn 0.000000 0.000000 1.000000
vn 0.000000 0.000000 1.000000
vn 0.000000 0.000000 1.000000
vn 0.000000 0.000000 1.000000
vn 0.998636 0.000000 0.052216
vn 0.999848 0.000000 0.017411
vn 0.999394 0.000000 0.034821
vn 0.998636 0.000000 0.052216
vn -0.024301 -0.999486 0.020918
vn 0.000000 -0.999848 0.017411
vn 0.000000 -0.999782 0.020893
vn -0.092224 -0.994597 -0.047656
vn 0.037730 0.998679 -0.034871
vn 0.117097 0.991324 0.059706
vn 0.000000 0.999659 -0.026117
vn 0.000000 0.999659 -0.026117
vn 0.998636 0.000000 0.052216
vn 0.998636 0.000000 0.052216
vn 0.999659 0.000000 0.026117
vn 0.999659 0.000000 0.026117
vn 0.999895 0.000000 0.014514
vn 0.999394 0.000000 0.034821
vn 0.999659 0.000000 0.026117
vn 0.999763 0.000000 0.021771
vn 0.999052 0.000000 0.043532
vn 0.999579 0.000000 0.029027
vn 0.999052 0.000000 0.043532
vn 0.999052 0.000000 0.043532
vn 0.999763 0.000000 0.021771
vn 0.999052 0.000000 0.043532
vn 0.999786 0.000000 0.020666
vn 0.999519 0.000000 0.031001
vn 0.998078 0.000000 0.061972
vn 0.998078 0.000000 0.061972
vn 0.998078 0.000000 0.061972
vn 0.998078 0.000000 0.061972
vn 0.998078 0.000000 0.061972
vn 0.998078 0.000000 0.061972
vn 0.000000 0.000000 -1.000000
vn 0.000000 0.000000 -1.000000
vn 0.000000 0.000000 -1.000000
vn 0.000000 0.000000 -1.000000
vn 0.000000 0.000000 -1.000000
vn -0.161031 0.000000 -0.986949
vn -0.214391 0.000000 -0.976748
vn 0.000000 0.000000 -1.000000
vn 0.000000 0.000000 -1.000000
vn 0.000000 0.000000 -1.000000
vn 0.161031 0.000000 -0.986949
vn 0.214391 0.000000 -0.976748
vn -0.317859 0.000000 -0.948138
vn -0.317859 0.000000 -0.948138
vn -0.317859 0.000000 -0.948138
vn -0.317859 0.000000 -0.948138
vn -0.317859 0.000000 -0.948138
vn -0.317859 0.000000 -0.948138
vn 0.317859 0.000000 -0.948138
vn 0.317859 0.000000 -0.948138
vn 0.317859 0.000000 -0.948138
vn 0.317859 0.000000 -0.948138
vn 0.317859 0.000000 -0.948138
vn 0.317859 0.000000 -0.948138
vn 0.000000 0.000000 -1.000000
vn 0.000000 0.000000 -1.000000
vn 0.000000 0.000000 -1.000000
vn 0.000000 0.000000 -1.000000
vn -1.000000 0.000000 0.000000
vn -1.000000 0.000000 0.000000
vn -1.000000 0.000000 0.000000
vn -1.000000 0.000000 0.000000
vn 1.000000 0.000000 0.000000
vn 1.000000 0.000000 0.000000
vn 1.000000 0.000000 0.000000
vn 1.000000 0.000000 0.000000
vn 0.148215 0.000000 0.988955
vn 0.221096 0.000000 0.975252
vn 0.221096 0.000000 0.975252
vn 0.221096 0.000000 0.975252
vn 0.111238 0.000000 0.993794
vn 0.000000 0.000000 1.000000
vn 0.000000 0.000000 1.000000
vn 0.221096 0.000000 0.975252
vn 0.221096 0.000000 0.975252
vn 0.221096 0.000000 0.975252
vn 0.000000 0.000000 1.000000
vn 0.000000 0.000000 1.000000
vn 0.000000 0.000000 1.000000
vn 0.000000 0.000000 1.000000
vn 0.000000 0.000000 1.000000
vn 0.000000 0.000000 1.000000
vn -0.111238 0.000000 0.993794
vn -0.148215 0.000000 0.988955
vn -0.221096 0.000000 0.975252
vn -0.221096 0.000000 0.975252
vn -0.221096 0.000000 0.975252
vn -0.221096 0.000000 0.975252
vn -0.221096 0.000000 0.975252
vn -0.221096 0.000000 0.975252
vn 0.000000 -1.000000 0.000000
vn 0.000000 -1.000000 0.000000
vn 0.000000 -1.000000 0.000000
vn 0.000000 -1.000000 0.000000
vn -0.047991 -0.998694 0.017498
vn 0.000000 -0.999941 0.010885
vn 0.000000 -0.999895 0.014514
vn -0.129956 -0.991459 0.010978
vn -0.051837 -0.998344 0.024935
vn 0.000000 -0.999786 0.020666
vn 0.000000 -0.998078 0.061972
vn 0.000000 -0.999880 0.015499
vn -1.000000 0.000000 0.000000
vn -1.000000 0.000000 0.000000
vn -1.000000 0.000000 0.000000
vn -1.000000 0.000000 0.000000
vn -1.000000 0.000000 0.000000
vn -1.000000 0.000000 0.000000
vn -1.000000 0.000000 0.000000
vn -1.000000 0.000000 0.000000
vn 0.000000 0.000000 1.000000
vn 0.000000 0.000000 1.000000
vn 0.000000 0.000000 1.000000
vn 0.000000 0.000000 1.000000
vn 1.000000 0.000000 0.000000
vn 1.000000 0.000000 0.000000
vn 1.000000 0.000000 0.000000
vn 1.000000 0.000000 0.000000
vn 1.000000 0.000000 0.000000
vn 1.000000 0.000000 0.000000
vn 1.000000 0.000000 0.000000
vn 1.000000 0.000000 0.000000
vn 0.000000 0.000000 -1.000000
vn 0.000000 0.000000 -1.000000
vn 0.000000 0.000000 -1.000000
vn 0.000000 0.000000 -1.000000
vn 0.000000 1.000000 0.000000
vn 0.000000 1.000000 0.000000
vn 0.000000 1.000000 0.000000
vn 0.000000 1.000000 0.000000
vn 0.000000 0.000000 1.000000
vn 0.000000 0.000000 1.000000
vn 0.000000 0.000000 1.000000
vn 0.000000 0.000000 1.000000
vn 1.000000 0.000000 0.000000
vn 1.000000 0.000000 0.000000
vn 1.000000 0.000000 0.000000
vn 1.000000 0.000000 0.000000
vn 1.000000 0.000000 0.000000
vn 1.000000 0.000000 0.000000
vn 1.000000 0.000000 0.000000
vn 1.000000 0.000000 0.000000
vn 0.911756 0.000000 -0.410731
vn 0.911756 0.000000 -0.410731
vn 0.911756 0.000000 -0.410731
vn 0.911756 0.000000 -0.410731
vn 0.000000 -1.000000 0.000000
vn 0.000000 -1.000000 0.000000
vn 0.000000 -1.000000 0.000000
vn 0.000000 -1.000000 0.000000
vn 1.000000 0.000000 0.000000
vn 1.000000 0.000000 0.000000
vn 1.000000 0.000000 0.000000
vn 1.000000 0.000000 0.000000
vn 1.000000 0.000000 0.000000
vn 1.000000 0.000000 0.000000
vn 1.000000 0.000000 0.000000
vn 1.000000 0.000000 0.000000
vn 0.895414 0.000000 -0.445234
vn 0.895414 0.000000 -0.445234
vn 0.895414 0.000000 -0.445234
vn 0.895414 0.000000 -0.445234
vn 0.000000 0.000000 1.000000
vn 0.000000 0.000000 1.000000
vn 0.000000 0.000000 1.000000
vn 0.000000 0.000000 1.000000
vn 0.000000 0.000000 1.000000
vn 0.000000 0.000000 1.000000
vn 0.000000 0.000000 1.000000
vn 0.000000 0.000000 1.000000
vn 0.000000 -1.000000 0.000000
vn 0.000000 -1.000000 0.000000
vn 0.000000 -1.000000 0.000000
vn 0.000000 -1.000000 0.000000
vn 0.000000 0.000000 -1.000000
vn 0.000000 0.000000 -1.000000
vn 0.000000 0.000000 -1.000000
vn 0.000000 0.000000 -1.000000
vn 1.000000 0.000000 0.000000
vn 1.000000 0.000000 0.000000
vn 1.000000 0.000000 0.000000
vn 1.000000 0.000000 0.000000
vn 0.000000 -1.000000 0.000000
vn 0.000000 -1.000000 0.000000
vn 0.000000 -1.000000 0.000000
vn 0.000000 -1.000000 0.000000
vn 0.890891 0.000000 -0.454217
vn 0.890891 0.000000 -0.454217
vn 0.890891 0.000000 -0.454217
vn 0.890891 0.000000 -0.454217
vn -0.870560 0.000000 0.492062
vn -0.870560 0.000000 0.492062
vn -0.870560 0.000000 0.492062
vn -0.870560 0.000000 0.492062
vn 0.876337 0.000000 -0.481698
vn 0.876337 0.000000 -0.481698
vn 0.876337 0.000000 -0.481698
vn 0.876337 0.000000 -0.481698
vn 0.026028 -0.998102 0.055817
vn 0.026028 -0.998102 0.055817
vn 0.026028 -0.998102 0.055817
vn 0.026028 -0.998102 0.055817
vn -0.021011 0.998763 -0.045058
vn -0.021011 0.998763 -0.045058
vn -0.021011 0.998763 -0.045058
vn -0.021011 0.998763 -0.045058
vn -0.789181 0.000000 0.614160
vn -0.789181 0.000000 0.614160
vn -0.789181 0.000000 0.614160
vn -0.789181 0.000000 0.614160
vn 0.778314 0.000000 -0.627875
vn 0.778314 0.000000 -0.627875
vn 0.778314 0.000000 -0.627875
vn 0.778314 0.000000 -0.627875
vn -0.860497 0.000000 0.509456
vn -0.860497 0.000000 0.509456
vn -0.860497 0.000000 0.509456
vn -0.860497 0.000000 0.509456
vn 0.011068 -0.999657 0.023735
vn 0.011068 -0.999657 0.023735
vn 0.011068 -0.999657 0.023735
vn 0.011068 -0.999657 0.023735
vn -0.880231 0.000000 0.474546
vn -0.880231 0.000000 0.474546
vn -0.880231 0.000000 0.474546
vn -0.880231 0.000000 0.474546
vn -0.019114 0.998977 -0.040991
vn -0.019114 0.998977 -0.040991
vn -0.019114 0.998977 -0.040991
vn -0.019114 0.998977 -0.040991
vn 0.880231 0.000000 -0.474545
vn 0.880231 0.000000 -0.474545
vn 0.880231 0.000000 -0.474545
vn 0.880231 0.000000 -0.474545
vn 0.019114 -0.998977 0.040991
vn 0.019114 -0.998977 0.040991
vn 0.019114 -0.998977 0.040991
vn 0.019114 -0.998977 0.040991
vn 0.000000 0.000000 -1.000000
vn 0.000000 0.000000 -1.000000
vn 0.000000 0.000000 -1.000000
vn 0.000000 0.000000 -1.000000
vn -1.000000 0.000000 0.000000
vn -1.000000 0.000000 0.000000
vn -1.000000 0.000000 0.000000
vn -1.000000 0.000000 0.000000
vn -1.000000 0.000000 0.000000
vn -1.000000 0.000000 0.000000
vn -1.000000 0.000000 0.000000
vn -1.000000 0.000000 0.000000
vn 0.000000 0.000000 1.000000
vn 0.000000 0.000000 1.000000
vn 0.000000 0.000000 1.000000
vn 0.000000 0.000000 1.000000
vn -1.000000 0.000000 0.000000
vn -1.000000 0.000000 0.000000
vn -1.000000 0.000000 0.000000
vn -1.000000 0.000000 0.000000
vn 0.000000 1.000000 0.000000
vn 0.000000 1.000000 0.000000
vn 0.000000 1.000000 0.000000
vn 0.000000 1.000000 0.000000
vn 0.000000 0.000000 1.000000
vn 0.000000 0.000000 1.000000
vn 0.000000 0.000000 1.000000
vn 0.000000 0.000000 1.000000
vn -0.911756 0.000000 -0.410731
vn -0.911756 0.000000 -0.410731
vn -0.911756 0.000000 -0.410731
vn -0.911756 0.000000 -0.410731
vn -0.895414 0.000000 -0.445234
vn -0.895414 0.000000 -0.445234
vn -0.895414 0.000000 -0.445234
vn -0.895414 0.000000 -0.445234
vn -0.890891 0.000000 -0.454217
vn -0.890891 0.000000 -0.454217
vn -0.890891 0.000000 -0.454217
vn -0.890891 0.000000 -0.454217
vn 0.870560 0.000000 0.492062
vn 0.870560 0.000000 0.492062
vn 0.870560 0.000000 0.492062
vn 0.870560 0.000000 0.492062
vn -0.876337 0.000000 -0.481698
vn -0.876337 0.000000 -0.481698
vn -0.876337 0.000000 -0.481698
vn -0.876337 0.000000 -0.481698
vn -0.026028 -0.998102 0.055817
vn -0.026028 -0.998102 0.055817
vn -0.026028 -0.998102 0.055817
vn -0.026028 -0.998102 0.055817
vn 0.021011 0.998763 -0.045058
vn 0.021011 0.998763 -0.045058
vn 0.021011 0.998763 -0.045058
vn 0.021011 0.998763 -0.045058
vn 0.789181 0.000000 0.614160
vn 0.789181 0.000000 0.614160
vn 0.789181 0.000000 0.614160
vn 0.789181 0.000000 0.614160
vn -0.778314 0.000000 -0.627875
vn -0.778314 0.000000 -0.627875
vn -0.778314 0.000000 -0.627875
vn -0.778314 0.000000 -0.627875
vn 0.860497 0.000000 0.509456
vn 0.860497 0.000000 0.509456
vn 0.860497 0.000000 0.509456
vn 0.860497 0.000000 0.509456
vn -0.011068 -0.999657 0.023735
vn -0.011068 -0.999657 0.023735
vn -0.011068 -0.999657 0.023735
vn -0.011068 -0.999657 0.023735
vn 0.880231 0.000000 0.474546
vn 0.880231 0.000000 0.474546
vn 0.880231 0.000000 0.474546
vn 0.880231 0.000000 0.474546
vn 0.019114 0.998977 -0.040991
vn 0.019114 0.998977 -0.040991
vn 0.019114 0.998977 -0.040991
vn 0.019114 0.998977 -0.040991
vn -0.880231 0.000000 -0.474545
vn -0.880231 0.000000 -0.474545
vn -0.880231 0.000000 -0.474545
vn -0.880231 0.000000 -0.474545
vn -0.019114 -0.998977 0.040991
vn -0.019114 -0.998977 0.040991
vn -0.019114 -0.998977 0.040991
vn -0.019114 -0.998977 0.040991
vn 0.000000 0.911756 -0.410731
vn 0.000000 0.911756 -0.410731
vn 0.000000 0.911756 -0.410731
vn 0.000000 0.911756 -0.410731
vn 0.000000 0.000000 -1.000000
vn 0.000000 0.000000 -1.000000
vn 0.000000 0.000000 -1.000000
vn 0.000000 0.000000 -1.000000
vn 0.000000 1.000000 0.000000
vn 0.000000 1.000000 0.000000
vn 0.000000 1.000000 0.000000
vn 0.000000 1.000000 0.000000
vn 0.000000 0.000000 -1.000000
vn 0.000000 0.000000 -1.000000
vn 0.000000 0.000000 -1.000000
vn 0.000000 0.000000 -1.000000
vn 0.000000 0.895414 -0.445234
vn 0.000000 0.895414 -0.445234
vn 0.000000 0.895414 -0.445234
vn 0.000000 0.895414 -0.445234
vn 0.000000 0.000000 -1.000000
vn 0.000000 0.000000 -1.000000
vn 0.000000 0.000000 -1.000000
vn 0.000000 0.000000 -1.000000
vn 0.000000 0.000000 1.000000
vn 0.000000 0.000000 1.000000
vn 0.000000 0.000000 1.000000
vn 0.000000 0.000000 1.000000
vn 0.000000 0.000000 1.000000
vn 0.000000 0.000000 1.000000
vn 0.000000 0.000000 1.000000
vn 0.000000 0.000000 1.000000
vn -1.000000 0.000000 0.000000
vn -1.000000 0.000000 0.000000
vn -1.000000 0.000000 0.000000
vn -1.000000 0.000000 0.000000
vn 0.000000 0.890891 -0.454217
vn 0.000000 0.890891 -0.454217
vn 0.000000 0.890891 -0.454217
vn 0.000000 0.890891 -0.454217
vn 0.000000 -0.870560 0.492062
vn 0.000000 -0.870560 0.492062
vn 0.000000 -0.870560 0.492062
vn 0.000000 -0.870560 0.492062
vn 0.000000 0.876337 -0.481698
vn 0.000000 0.876337 -0.481698
vn 0.000000 0.876337 -0.481698
vn 0.000000 0.876337 -0.481698
vn 0.998102 0.026028 0.055817
vn 0.998102 0.026028 0.055817
vn 0.998102 0.026028 0.055817
vn 0.998102 0.026028 0.055817
vn -0.998763 -0.021011 -0.045058
vn -0.998763 -0.021011 -0.045058
vn -0.998763 -0.021011 -0.045058
vn -0.998763 -0.021011 -0.045058
vn 0.000000 -0.789181 0.614160
vn 0.000000 -0.789181 0.614160
vn 0.000000 -0.789181 0.614160
vn 0.000000 -0.789181 0.614160
vn 0.000000 0.778314 -0.627875
vn 0.000000 0.778314 -0.627875
vn 0.000000 0.778314 -0.627875
vn 0.000000 0.778314 -0.627875
vn 0.000000 -0.860497 0.509456
vn 0.000000 -0.860497 0.509456
vn 0.000000 -0.860497 0.509456
vn 0.000000 -0.860497 0.509456
vn 0.999657 0.011068 0.023735
vn 0.999657 0.011068 0.023735
vn 0.999657 0.011068 0.023735
vn 0.999657 0.011068 0.023735
vn 0.000000 -0.880231 0.474546
vn 0.000000 -0.880231 0.474546
vn 0.000000 -0.880231 0.474546
vn 0.000000 -0.880231 0.474546
vn -0.998977 -0.019114 -0.040991
vn -0.998977 -0.019114 -0.040991
vn -0.998977 -0.019114 -0.040991
vn -0.998977 -0.019114 -0.040991
vn 0.000000 0.880231 -0.474545
vn 0.000000 0.880231 -0.474545
vn 0.000000 0.880231 -0.474545
vn 0.000000 0.880231 -0.474545
vn 0.998977 0.019114 0.040991
vn 0.998977 0.019114 0.040991
vn 0.998977 0.019114 0.040991
vn 0.998977 0.019114 0.040991
vn 0.000000 0.000000 -1.000000
vn 0.000000 0.000000 -1.000000
vn 0.000000 0.000000 -1.000000
vn 0.000000 0.000000 -1.000000
vn 0.000000 0.000000 -1.000000
vn 0.000000 0.000000 -1.000000
vn 0.000000 0.000000 -1.000000
vn 0.000000 0.000000 -1.000000
vn 0.000000 0.000000 -1.000000
vn 0.000000 0.000000 -1.000000
vn 0.000000 0.000000 -1.000000
vn 0.000000 0.000000 -1.000000
vn 1.000000 0.000000 0.000000
vn 1.000000 0.000000 0.000000
vn 1.000000 0.000000 0.000000
vn 1.000000 0.000000 0.000000
vn 1.000000 0.000000 0.000000
vn 1.000000 0.000000 0.000000
vn 1.000000 0.000000 0.000000
vn 1.000000 0.000000 0.000000
vn 0.000000 -0.911756 -0.410732
vn 0.000000 -0.911756 -0.410732
vn 0.000000 -0.911756 -0.410732
vn 0.000000 -0.911756 -0.410732
vn 0.000000 -0.895414 -0.445234
vn 0.000000 -0.895414 -0.445234
vn 0.000000 -0.895414 -0.445234
vn 0.000000 -0.895414 -0.445234
vn 0.000000 -0.890891 -0.454217
vn 0.000000 -0.890891 -0.454217
vn 0.000000 -0.890891 -0.454217
vn 0.000000 -0.890891 -0.454217
vn 0.000000 0.870560 0.492062
vn 0.000000 0.870560 0.492062
vn 0.000000 0.870560 0.492062
vn 0.000000 0.870560 0.492062
vn 0.000000 -0.876337 -0.481698
vn 0.000000 -0.876337 -0.481698
vn 0.000000 -0.876337 -0.481698
vn 0.000000 -0.876337 -0.481698
vn 0.998102 -0.026028 0.055817
vn 0.998102 -0.026028 0.055817
vn 0.998102 -0.026028 0.055817
vn 0.998102 -0.026028 0.055817
vn -0.998763 0.021011 -0.045058
vn -0.998763 0.021011 -0.045058
vn -0.998763 0.021011 -0.045058
vn -0.998763 0.021011 -0.045058
vn 0.000000 0.789181 0.614160
vn 0.000000 0.789181 0.614160
vn 0.000000 0.789181 0.614160
vn 0.000000 0.789181 0.614160
vn 0.000000 -0.778314 -0.627875
vn 0.000000 -0.778314 -0.627875
vn 0.000000 -0.778314 -0.627875
vn 0.000000 -0.778314 -0.627875
vn 0.000000 0.860497 0.509456
vn 0.000000 0.860497 0.509456
vn 0.000000 0.860497 0.509456
vn 0.000000 0.860497 0.509456
vn 0.999657 -0.011068 0.023735
vn 0.999657 -0.011068 0.023735
vn 0.999657 -0.011068 0.023735
vn 0.999657 -0.011068 0.023735
vn 0.000000 0.880231 0.474546
vn 0.000000 0.880231 0.474546
vn 0.000000 0.880231 0.474546
vn 0.000000 0.880231 0.474546
vn -0.998977 0.019114 -0.040991
vn -0.998977 0.019114 -0.040991
vn -0.998977 0.019114 -0.040991
vn -0.998977 0.019114 -0.040991
vn 0.000000 -0.880231 -0.474545
vn 0.000000 -0.880231 -0.474545
vn 0.000000 -0.880231 -0.474545
vn 0.000000 -0.880231 -0.474545
vn 0.998977 -0.019114 0.040991
vn 0.998977 -0.019114 0.040991
vn 0.998977 -0.019114 0.040991
vn 0.998977 -0.019114 0.040991
vn 0.000000 -0.998078 0.061972
vn 0.051837 -0.998344 0.024935
vn 0.000000 -0.998078 0.061972
vn 0.000000 -0.999880 0.015499
vn 0.000000 -0.999848 0.017417
vn 0.000000 -0.999895 0.014514
vn 0.129956 -0.991459 0.010978
vn 0.173079 -0.984908 0.000000
vn 0.047991 -0.998694 0.017498
vn 0.125839 -0.990857 -0.048661
vn 0.000000 -1.000000 0.000000
vn 0.063508 -0.990563 -0.121459
vn 0.092224 -0.994597 -0.047656
vn 0.000000 -0.999895 0.014514
vn 0.000000 -0.999848 0.017411
vn 0.000000 -0.999941 0.010885
vn 0.000000 -0.999782 0.020893
vn -0.047991 -0.998694 0.017498
vn -0.092224 -0.994597 -0.047656
vn -0.125839 -0.990857 -0.048661
vn -0.063508 -0.990563 -0.121459
vn 0.000000 -1.000000 0.000000
vn -0.173079 -0.984908 0.000000
vn -0.129956 -0.991459 0.010978
vn -0.911756 0.000000 -0.410731
vn -0.911756 0.000000 -0.410731
vn -0.911756 0.000000 -0.410731
vn -0.911756 0.000000 -0.410731
vn 0.000000 -1.000000 0.000000
vn 0.000000 -1.000000 0.000000
vn 0.000000 -1.000000 0.000000
vn 0.000000 -1.000000 0.000000
vn 0.000000 0.000000 -1.000000
vn 0.000000 0.000000 -1.000000
vn 0.000000 0.000000 -1.000000
vn 0.000000 0.000000 -1.000000
vn 0.000000 0.000000 1.000000
vn 0.000000 0.000000 1.000000
vn 0.000000 0.000000 1.000000
vn 0.000000 0.000000 1.000000
vn -0.895414 0.000000 -0.445234
vn -0.895414 0.000000 -0.445234
vn -0.895414 0.000000 -0.445234
vn -0.895414 0.000000 -0.445234
vn 0.000000 1.000000 0.000000
vn 0.000000 1.000000 0.000000
vn 0.000000 1.000000 0.000000
vn 0.000000 1.000000 0.000000
vn 0.000000 0.000000 -1.000000
vn 0.000000 0.000000 -1.000000
vn 0.000000 0.000000 -1.000000
vn 0.000000 0.000000 -1.000000
vn 0.000000 0.000000 1.000000
vn 0.000000 0.000000 1.000000
vn 0.000000 0.000000 1.000000
vn 0.000000 0.000000 1.000000
vn 0.000000 -1.000000 0.000000
vn 0.000000 -1.000000 0.000000
vn 0.000000 -1.000000 0.000000
vn 0.000000 -1.000000 0.000000
vn -1.000000 0.000000 0.000000
vn -1.000000 0.000000 0.000000
vn -1.000000 0.000000 0.000000
vn -1.000000 0.000000 0.000000
vn 0.000000 1.000000 0.000000
vn 0.000000 1.000000 0.000000
vn 0.000000 1.000000 0.000000
vn 0.000000 1.000000 0.000000
vn -0.890891 0.000000 -0.454217
vn -0.890891 0.000000 -0.454217
vn -0.890891 0.000000 -0.454217
vn -0.890891 0.000000 -0.454217
vn 0.870560 0.000000 0.492062
vn 0.870560 0.000000 0.492062
vn 0.870560 0.000000 0.492062
vn 0.870560 0.000000 0.492062
vn -0.876337 0.000000 -0.481698
vn -0.876337 0.000000 -0.481698
vn -0.876337 0.000000 -0.481698
vn -0.876337 0.000000 -0.481698
vn -0.026028 0.998102 0.055817
vn -0.026028 0.998102 0.055817
vn -0.026028 0.998102 0.055817
vn -0.026028 0.998102 0.055817
vn 0.021011 -0.998763 -0.045058
vn 0.021011 -0.998763 -0.045058
vn 0.021011 -0.998763 -0.045058
vn 0.021011 -0.998763 -0.045058
vn 0.789181 0.000000 0.614160
vn 0.789181 0.000000 0.614160
vn 0.789181 0.000000 0.614160
vn 0.789181 0.000000 0.614160
vn -0.778314 0.000000 -0.627875
vn -0.778314 0.000000 -0.627875
vn -0.778314 0.000000 -0.627875
vn -0.778314 0.000000 -0.627875
vn 0.860497 0.000000 0.509456
vn 0.860497 0.000000 0.509456
vn 0.860497 0.000000 0.509456
vn 0.860497 0.000000 0.509456
vn -0.011068 0.999657 0.023735
vn -0.011068 0.999657 0.023735
vn -0.011068 0.999657 0.023735
vn -0.011068 0.999657 0.023735
vn 0.880231 0.000000 0.474546
vn 0.880231 0.000000 0.474546
vn 0.880231 0.000000 0.474546
vn 0.880231 0.000000 0.474546
vn 0.019114 -0.998977 -0.040991
vn 0.019114 -0.998977 -0.040991
vn 0.019114 -0.998977 -0.040991
vn 0.019114 -0.998977 -0.040991
vn -0.880231 0.000000 -0.474545
vn -0.880231 0.000000 -0.474545
vn -0.880231 0.000000 -0.474545
vn -0.880231 0.000000 -0.474545
vn -0.019114 0.998977 0.040991
vn -0.019114 0.998977 0.040991
vn -0.019114 0.998977 0.040991
vn -0.019114 0.998977 0.040991
vn 0.000000 0.000000 1.000000
vn 0.000000 0.000000 1.000000
vn 0.000000 0.000000 1.000000
vn 0.000000 0.000000 1.000000
vn 0.000000 1.000000 0.000000
vn 0.000000 1.000000 0.000000
vn 0.000000 1.000000 0.000000
vn 0.000000 1.000000 0.000000
vn -1.000000 0.000000 0.000000
vn -1.000000 0.000000 0.000000
vn -1.000000 0.000000 0.000000
vn -1.000000 0.000000 0.000000
vn 0.000000 0.000000 1.000000
vn 0.000000 0.000000 1.000000
vn 0.000000 0.000000 1.000000
vn 0.000000 0.000000 1.000000
vn 0.000000 1.000000 0.000000
vn 0.000000 1.000000 0.000000
vn 0.000000 1.000000 0.000000
vn 0.000000 1.000000 0.000000
vn 0.000000 1.000000 0.000000
vn 0.000000 1.000000 0.000000
vn 0.000000 1.000000 0.000000
vn 0.000000 1.000000 0.000000
vn 0.911756 0.000000 -0.410732
vn 0.911756 0.000000 -0.410732
vn 0.911756 0.000000 -0.410732
vn 0.911756 0.000000 -0.410731
vn 0.895414 0.000000 -0.445234
vn 0.895414 0.000000 -0.445234
vn 0.895414 0.000000 -0.445234
vn 0.895414 0.000000 -0.445234
vn 0.890891 0.000000 -0.454217
vn 0.890891 0.000000 -0.454217
vn 0.890891 0.000000 -0.454217
vn 0.890891 0.000000 -0.454217
vn -0.870560 0.000000 0.492062
vn -0.870560 0.000000 0.492062
vn -0.870560 0.000000 0.492062
vn -0.870560 0.000000 0.492062
vn 0.876337 0.000000 -0.481698
vn 0.876337 0.000000 -0.481698
vn 0.876337 0.000000 -0.481698
vn 0.876337 0.000000 -0.481698
vn 0.026028 0.998102 0.055817
vn 0.026028 0.998102 0.055817
vn 0.026028 0.998102 0.055817
vn 0.026028 0.998102 0.055817
vn -0.021011 -0.998763 -0.045058
vn -0.021011 -0.998763 -0.045058
vn -0.021011 -0.998763 -0.045058
vn -0.021011 -0.998763 -0.045058
vn -0.789181 0.000000 0.614160
vn -0.789181 0.000000 0.614160
vn -0.789181 0.000000 0.614160
vn -0.789181 0.000000 0.614160
vn 0.778314 0.000000 -0.627875
vn 0.778314 0.000000 -0.627875
vn 0.778314 0.000000 -0.627875
vn 0.778314 0.000000 -0.627875
vn -0.860497 0.000000 0.509456
vn -0.860497 0.000000 0.509456
vn -0.860497 0.000000 0.509456
vn -0.860497 0.000000 0.509456
vn 0.011068 0.999657 0.023735
vn 0.011068 0.999657 0.023735
vn 0.011068 0.999657 0.023735
vn 0.011068 0.999657 0.023735
vn -0.880231 0.000000 0.474546
vn -0.880231 0.000000 0.474546
vn -0.880231 0.000000 0.474546
vn -0.880231 0.000000 0.474546
vn -0.019114 -0.998977 -0.040991
vn -0.019114 -0.998977 -0.040991
vn -0.019114 -0.998977 -0.040991
vn -0.019114 -0.998977 -0.040991
vn 0.880231 0.000000 -0.474545
vn 0.880231 0.000000 -0.474545
vn 0.880231 0.000000 -0.474545
vn 0.880231 0.000000 -0.474545
vn 0.019114 0.998977 0.040991
vn 0.019114 0.998977 0.040991
vn 0.019114 0.998977 0.040991
vn 0.019114 0.998977 0.040991
vn 0.000000 -0.911756 -0.410731
vn 0.000000 -0.911756 -0.410731
vn 0.000000 -0.911756 -0.410731
vn 0.000000 -0.911756 -0.410731
vn 0.000000 0.000000 -1.000000
vn 0.000000 0.000000 -1.000000
vn 0.000000 0.000000 -1.000000
vn 0.000000 0.000000 -1.000000
vn 0.000000 -1.000000 0.000000
vn 0.000000 -1.000000 0.000000
vn 0.000000 -1.000000 0.000000
vn 0.000000 -1.000000 0.000000
vn 1.000000 0.000000 0.000000
vn 1.000000 0.000000 0.000000
vn 1.000000 0.000000 0.000000
vn 1.000000 0.000000 0.000000
vn 0.000000 1.000000 0.000000
vn 0.000000 1.000000 0.000000
vn 0.000000 1.000000 0.000000
vn 0.000000 1.000000 0.000000
vn 0.000000 -0.895414 -0.445234
vn 0.000000 -0.895414 -0.445234
vn 0.000000 -0.895414 -0.445234
vn 0.000000 -0.895414 -0.445234
vn 0.000000 0.000000 1.000000
vn 0.000000 0.000000 1.000000
vn 0.000000 0.000000 1.000000
vn 0.000000 0.000000 1.000000
vn 0.000000 -1.000000 0.000000
vn 0.000000 -1.000000 0.000000
vn 0.000000 -1.000000 0.000000
vn 0.000000 -1.000000 0.000000
vn 0.000000 1.000000 0.000000
vn 0.000000 1.000000 0.000000
vn 0.000000 1.000000 0.000000
vn 0.000000 1.000000 0.000000
vn 0.000000 0.000000 -1.000000
vn 0.000000 0.000000 -1.000000
vn 0.000000 0.000000 -1.000000
vn 0.000000 0.000000 -1.000000
vn 0.000000 0.000000 1.000000
vn 0.000000 0.000000 1.000000
vn 0.000000 0.000000 1.000000
vn 0.000000 0.000000 1.000000
vn 0.000000 0.000000 -1.000000
vn 0.000000 0.000000 -1.000000
vn 0.000000 0.000000 -1.000000
vn 0.000000 0.000000 -1.000000
vn 0.000000 -0.890891 -0.454217
vn 0.000000 -0.890891 -0.454217
vn 0.000000 -0.890891 -0.454217
vn 0.000000 -0.890891 -0.454217
vn 0.000000 0.870560 0.492062
vn 0.000000 0.870560 0.492062
vn 0.000000 0.870560 0.492062
vn 0.000000 0.870560 0.492062
vn 0.000000 -0.876337 -0.481698
vn 0.000000 -0.876337 -0.481698
vn 0.000000 -0.876337 -0.481698
vn 0.000000 -0.876337 -0.481698
vn -0.998102 -0.026028 0.055817
vn -0.998102 -0.026028 0.055817
vn -0.998102 -0.026028 0.055817
vn -0.998102 -0.026028 0.055817
vn 0.998763 0.021011 -0.045058
vn 0.998763 0.021011 -0.045058
vn 0.998763 0.021011 -0.045058
vn 0.998763 0.021011 -0.045058
vn 0.000000 0.789181 0.614160
vn 0.000000 0.789181 0.614160
vn 0.000000 0.789181 0.614160
vn 0.000000 0.789181 0.614160
vn 0.000000 -0.778314 -0.627875
vn 0.000000 -0.778314 -0.627875
vn 0.000000 -0.778314 -0.627875
vn 0.000000 -0.778314 -0.627875
vn 0.000000 0.860497 0.509456
vn 0.000000 0.860497 0.509456
vn 0.000000 0.860497 0.509456
vn 0.000000 0.860497 0.509456
vn -0.999657 -0.011068 0.023735
vn -0.999657 -0.011068 0.023735
vn -0.999657 -0.011068 0.023735
vn -0.999657 -0.011068 0.023735
vn 0.000000 0.880231 0.474546
vn 0.000000 0.880231 0.474546
vn 0.000000 0.880231 0.474546
vn 0.000000 0.880231 0.474546
vn 0.998977 0.019114 -0.040991
vn 0.998977 0.019114 -0.040991
vn 0.998977 0.019114 -0.040991
vn 0.998977 0.019114 -0.040991
vn 0.000000 -0.880231 -0.474545
vn 0.000000 -0.880231 -0.474545
vn 0.000000 -0.880231 -0.474545
vn 0.000000 -0.880231 -0.474545
vn -0.998977 -0.019114 0.040991
vn -0.998977 -0.019114 0.040991
vn -0.998977 -0.019114 0.040991
vn -0.998977 -0.019114 0.040991
vn 0.000000 0.000000 -1.000000
vn 0.000000 0.000000 -1.000000
vn 0.000000 0.000000 -1.000000
vn 0.000000 0.000000 -1.000000
vn -1.000000 0.000000 0.000000
vn -1.000000 0.000000 0.000000
vn -1.000000 0.000000 0.000000
vn -1.000000 0.000000 0.000000
vn 0.000000 0.000000 1.000000
vn 0.000000 0.000000 1.000000
vn 0.000000 0.000000 1.000000
vn 0.000000 0.000000 1.000000
vn -1.000000 0.000000 0.000000
vn -1.000000 0.000000 0.000000
vn -1.000000 0.000000 0.000000
vn -1.000000 0.000000 0.000000
vn 0.000000 0.000000 1.000000
vn 0.000000 0.000000 1.000000
vn 0.000000 0.000000 1.000000
vn 0.000000 0.000000 1.000000
vn 1.000000 0.000000 0.000000
vn 1.000000 0.000000 0.000000
vn 1.000000 0.000000 0.000000
vn 1.000000 0.000000 0.000000
vn 0.000000 0.000000 -1.000000
vn 0.000000 0.000000 -1.000000
vn 0.000000 0.000000 -1.000000
vn 0.000000 0.000000 -1.000000
vn 0.000000 0.911756 -0.410732
vn 0.000000 0.911756 -0.410732
vn 0.000000 0.911756 -0.410732
vn 0.000000 0.911756 -0.410732
vn 0.000000 0.895414 -0.445234
vn 0.000000 0.895414 -0.445234
vn 0.000000 0.895414 -0.445234
vn 0.000000 0.895414 -0.445234
vn 0.000000 0.890891 -0.454217
vn 0.000000 0.890891 -0.454217
vn 0.000000 0.890891 -0.454217
vn 0.000000 0.890891 -0.454217
vn 0.000000 -0.870560 0.492062
vn 0.000000 -0.870560 0.492062
vn 0.000000 -0.870560 0.492062
vn 0.000000 -0.870560 0.492062
vn 0.000000 0.876337 -0.481698
vn 0.000000 0.876337 -0.481698
vn 0.000000 0.876337 -0.481698
vn 0.000000 0.876337 -0.481698
vn -0.998102 0.026028 0.055817
vn -0.998102 0.026028 0.055817
vn -0.998102 0.026028 0.055817
vn -0.998102 0.026028 0.055817
vn 0.998763 -0.021011 -0.045058
vn 0.998763 -0.021011 -0.045058
vn 0.998763 -0.021011 -0.045058
vn 0.998763 -0.021011 -0.045058
vn 0.000000 -0.789181 0.614160
vn 0.000000 -0.789181 0.614160
vn 0.000000 -0.789181 0.614160
vn 0.000000 -0.789181 0.614160
vn 0.000000 0.778314 -0.627875
vn 0.000000 0.778314 -0.627875
vn 0.000000 0.778314 -0.627875
vn 0.000000 0.778314 -0.627875
vn 0.000000 -0.860497 0.509456
vn 0.000000 -0.860497 0.509456
vn 0.000000 -0.860497 0.509456
vn 0.000000 -0.860497 0.509456
vn -0.999657 0.011068 0.023735
vn -0.999657 0.011068 0.023735
vn -0.999657 0.011068 0.023735
vn -0.999657 0.011068 0.023735
vn 0.000000 -0.880231 0.474546
vn 0.000000 -0.880231 0.474546
vn 0.000000 -0.880231 0.474546
vn 0.000000 -0.880231 0.474546
vn 0.998977 -0.019114 -0.040991
vn 0.998977 -0.019114 -0.040991
vn 0.998977 -0.019114 -0.040991
vn 0.998977 -0.019114 -0.040991
vn 0.000000 0.880231 -0.474545
vn 0.000000 0.880231 -0.474545
vn 0.000000 0.880231 -0.474545
vn 0.000000 0.880231 -0.474545
vn -0.998977 0.019114 0.040991
vn -0.998977 0.019114 0.040991
vn -0.998977 0.019114 0.040991
vn -0.998977 0.019114 0.040991
vn -0.349457 0.537415 0.767506
vn -0.349456 0.537415 0.767506
vn -0.349457 0.537415 0.767506
vn -0.349457 0.537415 0.767506
vn 0.783108 0.356700 0.509418
vn 0.783108 0.356700 0.509419
vn 0.783108 0.356700 0.509418
vn 0.783108 0.356700 0.509418
vn 0.833442 -0.316963 -0.452669
vn 0.833441 -0.316964 -0.452670
vn 0.833442 -0.316963 -0.452669
vn 0.833442 -0.316962 -0.452669
vn -0.268011 -0.552593 -0.789184
vn -0.268011 -0.552592 -0.789184
vn -0.268011 -0.552593 -0.789184
vn -0.268011 -0.552593 -0.789184
vn -0.999083 -0.024559 -0.035074
vn -0.999083 -0.024559 -0.035074
vn -0.999083 -0.024559 -0.035074
vn -0.999083 -0.024559 -0.035074
vn 0.587785 0.464033 0.662708
vn 0.587786 0.464033 0.662708
vn 0.587785 0.464033 0.662708
vn 0.587784 0.464034 0.662708
vn 0.951056 -0.177245 -0.253132
vn 0.951056 -0.177245 -0.253132
vn 0.951056 -0.177245 -0.253132
vn 0.951056 -0.177245 -0.253132
vn 0.000000 -0.573577 -0.819152
vn 0.000000 -0.573577 -0.819152
vn 0.000000 -0.573577 -0.819152
vn 0.000000 -0.573577 -0.819152
vn -0.951056 -0.177245 -0.253132
vn -0.951056 -0.177245 -0.253132
vn -0.951056 -0.177245 -0.253132
vn -0.951056 -0.177245 -0.253132
vn -0.587784 0.464034 0.662708
vn -0.587785 0.464033 0.662708
vn -0.587784 0.464034 0.662708
vn -0.587784 0.464034 0.662709
vn 0.958573 0.163382 0.233333
vn 0.958573 0.163382 0.233333
vn 0.958573 0.163382 0.233333
vn 0.958573 0.163382 0.233334
vn 0.567122 -0.472417 -0.674681
vn 0.567120 -0.472418 -0.674682
vn 0.567122 -0.472417 -0.674681
vn 0.567124 -0.472417 -0.674680
vn -0.608073 -0.455351 -0.650309
vn -0.608073 -0.455351 -0.650309
vn -0.608073 -0.455351 -0.650309
vn -0.608073 -0.455351 -0.650309
vn -0.942931 0.190993 0.272767
vn -0.942931 0.190993 0.272767
vn -0.942931 0.190993 0.272767
vn -0.942931 0.190993 0.272767
vn 0.025312 0.573393 0.818890
vn 0.025312 0.573393 0.818890
vn 0.025312 0.573393 0.818890
vn 0.025312 0.573393 0.818890
vn 0.349457 0.537415 0.767506
vn 0.349456 0.537415 0.767506
vn 0.349457 0.537415 0.767506
vn 0.349457 0.537415 0.767506
vn -0.783108 0.356700 0.509418
vn -0.783108 0.356700 0.509418
vn -0.783108 0.356700 0.509418
vn -0.783108 0.356700 0.509419
vn -0.833442 -0.316963 -0.452669
vn -0.833441 -0.316964 -0.452670
vn -0.833442 -0.316963 -0.452669
vn -0.833442 -0.316962 -0.452669
vn 0.268011 -0.552593 -0.789184
vn 0.268011 -0.552593 -0.789184
vn 0.268011 -0.552593 -0.789184
vn 0.268011 -0.552593 -0.789184
vn 0.999083 -0.024559 -0.035074
vn 0.999083 -0.024559 -0.035074
vn 0.999083 -0.024559 -0.035074
vn 0.999083 -0.024559 -0.035074
vn 0.000000 0.819152 -0.573577
vn 0.000000 0.819151 -0.573578
vn 0.000000 0.819152 -0.573577
vn 0.000000 0.819151 -0.573578
vn 0.000000 0.819150 -0.573579
vn -0.587785 0.464033 0.662708
vn -0.587784 0.464033 0.662709
vn -0.587785 0.464033 0.662708
vn -0.587786 0.464033 0.662707
vn -0.951056 -0.177245 -0.253132
vn -0.951056 -0.177245 -0.253132
vn -0.951056 -0.177245 -0.253132
vn -0.951056 -0.177245 -0.253132
vn 0.000000 -0.573577 -0.819152
vn 0.000000 -0.573577 -0.819152
vn 0.000000 -0.573577 -0.819152
vn 0.000000 -0.573577 -0.819152
vn 0.951056 -0.177245 -0.253132
vn 0.951056 -0.177245 -0.253132
vn 0.951056 -0.177245 -0.253132
vn 0.951056 -0.177245 -0.253132
vn 0.587784 0.464034 0.662708
vn 0.587784 0.464034 0.662709
vn 0.587784 0.464034 0.662708
vn 0.587785 0.464033 0.662708
vn -0.958573 0.163382 0.233333
vn -0.958573 0.163382 0.233334
vn -0.958573 0.163382 0.233333
vn -0.958573 0.163382 0.233333
vn -0.567122 -0.472417 -0.674681
vn -0.567124 -0.472417 -0.674680
vn -0.567122 -0.472417 -0.674681
vn -0.567120 -0.472418 -0.674682
vn 0.608073 -0.455351 -0.650309
vn 0.608073 -0.455351 -0.650309
vn 0.608073 -0.455351 -0.650309
vn 0.608073 -0.455351 -0.650309
vn 0.000000 -0.819153 0.573575
vn 0.000000 -0.819152 0.573576
vn 0.000000 -0.819154 0.573574
vn 0.000000 -0.819152 0.573577
vn 0.000000 -0.819151 0.573577
vn 0.942931 0.190993 0.272767
vn 0.942931 0.190993 0.272767
vn 0.942931 0.190993 0.272767
vn 0.942931 0.190993 0.272767
vn -0.025312 0.573393 0.818890
vn -0.025312 0.573393 0.818890
vn -0.025312 0.573393 0.818890
vn -0.025312 0.573393 0.818890
vn -0.349457 -0.537415 0.767506
vn -0.349456 -0.537415 0.767506
vn -0.349457 -0.537415 0.767506
vn -0.349457 -0.537415 0.767506
vn 0.783108 -0.356700 0.509418
vn 0.783108 -0.356700 0.509418
vn 0.783108 -0.356700 0.509418
vn 0.783108 -0.356700 0.509419
vn 0.833442 0.316963 -0.452669
vn 0.833441 0.316964 -0.452670
vn 0.833442 0.316963 -0.452669
vn 0.833442 0.316962 -0.452669
vn -0.268011 0.552593 -0.789184
vn -0.268011 0.552593 -0.789184
vn -0.268011 0.552593 -0.789184
vn -0.268011 0.552593 -0.789184
vn -0.999083 0.024559 -0.035074
vn -0.999083 0.024559 -0.035074
vn -0.999083 0.024559 -0.035074
vn -0.999083 0.024559 -0.035074
vn 0.000000 -0.819152 -0.573577
vn 0.000000 -0.819151 -0.573578
vn 0.000000 -0.819152 -0.573577
vn 0.000000 -0.819151 -0.573578
vn 0.000000 -0.819150 -0.573579
vn 0.587785 -0.464033 0.662708
vn 0.587784 -0.464033 0.662709
vn 0.587785 -0.464033 0.662708
vn 0.587786 -0.464033 0.662707
vn 0.951056 0.177245 -0.253132
vn 0.951056 0.177245 -0.253132
vn 0.951056 0.177245 -0.253132
vn 0.951056 0.177245 -0.253132
vn 0.000000 0.573577 -0.819152
vn 0.000000 0.573577 -0.819152
vn 0.000000 0.573577 -0.819152
vn 0.000000 0.573577 -0.819152
vn -0.951056 0.177245 -0.253132
vn -0.951056 0.177245 -0.253132
vn -0.951056 0.177245 -0.253132
vn -0.951056 0.177245 -0.253132
vn -0.587784 -0.464034 0.662708
vn -0.587784 -0.464034 0.662709
vn -0.587784 -0.464034 0.662708
vn -0.587785 -0.464033 0.662708
vn 0.958573 -0.163382 0.233333
vn 0.958573 -0.163382 0.233334
vn 0.958573 -0.163382 0.233333
vn 0.958573 -0.163382 0.233333
vn 0.567122 0.472417 -0.674681
vn 0.567124 0.472417 -0.674680
vn 0.567122 0.472417 -0.674681
vn 0.567120 0.472418 -0.674682
vn -0.608073 0.455351 -0.650309
vn -0.608073 0.455351 -0.650309
vn -0.608073 0.455351 -0.650309
vn -0.608073 0.455351 -0.650309
vn 0.000000 0.819153 0.573575
vn 0.000000 0.819152 0.573576
vn 0.000000 0.819154 0.573574
vn 0.000000 0.819152 0.573577
vn 0.000000 0.819151 0.573577
vn -0.942931 -0.190993 0.272767
vn -0.942931 -0.190993 0.272767
vn -0.942931 -0.190993 0.272767
vn -0.942931 -0.190993 0.272767
vn 0.025312 -0.573393 0.818890
vn 0.025312 -0.573393 0.818890
vn 0.025312 -0.573393 0.818890
vn 0.025312 -0.573393 0.818890
vn 0.349457 -0.537415 0.767506
vn 0.349456 -0.537415 0.767506
vn 0.349457 -0.537415 0.767506
vn 0.349457 -0.537415 0.767506
vn -0.783108 -0.356700 0.509418
vn -0.783108 -0.356700 0.509419
vn -0.783108 -0.356700 0.509418
vn -0.783108 -0.356700 0.509418
vn -0.833442 0.316963 -0.452669
vn -0.833441 0.316964 -0.452670
vn -0.833442 0.316963 -0.452669
vn -0.833442 0.316962 -0.452669
vn 0.268011 0.552593 -0.789184
vn 0.268011 0.552592 -0.789184
vn 0.268011 0.552593 -0.789184
vn 0.268011 0.552593 -0.789184
vn 0.999083 0.024559 -0.035074
vn 0.999083 0.024559 -0.035074
vn 0.999083 0.024559 -0.035074
vn 0.999083 0.024559 -0.035074
vn -0.587785 -0.464033 0.662708
vn -0.587786 -0.464033 0.662708
vn -0.587785 -0.464033 0.662708
vn -0.587784 -0.464034 0.662708
vn -0.951056 0.177245 -0.253132
vn -0.951056 0.177245 -0.253132
vn -0.951056 0.177245 -0.253132
vn -0.951056 0.177245 -0.253132
vn 0.000000 0.573577 -0.819152
vn 0.000000 0.573577 -0.819152
vn 0.000000 0.573577 -0.819152
vn 0.000000 0.573577 -0.819152
vn 0.951056 0.177245 -0.253132
vn 0.951056 0.177245 -0.253132
vn 0.951056 0.177245 -0.253132
vn 0.951056 0.177245 -0.253132
vn 0.587784 -0.464034 0.662708
vn 0.587785 -0.464033 0.662708
vn 0.587784 -0.464034 0.662708
vn 0.587784 -0.464034 0.662709
vn -0.958573 -0.163382 0.233333
vn -0.958573 -0.163382 0.233333
vn -0.958573 -0.163382 0.233333
vn -0.958573 -0.163382 0.233334
vn -0.567122 0.472417 -0.674681
vn -0.567120 0.472418 -0.674682
vn -0.567122 0.472417 -0.674681
vn -0.567124 0.472417 -0.674680
vn 0.608073 0.455351 -0.650309
vn 0.608073 0.455351 -0.650309
vn 0.608073 0.455351 -0.650309
vn 0.608073 0.455351 -0.650309
vn 0.942931 -0.190993 0.272767
vn 0.942931 -0.190993 0.272767
vn 0.942931 -0.190993 0.272767
vn 0.942931 -0.190993 0.272767
vn -0.025312 -0.573393 0.818890
vn -0.025312 -0.573393 0.818890
vn -0.025312 -0.573393 0.818890
vn -0.025312 -0.573393 0.818890
vn -0.923323 0.000000 -0.384024
vn -0.923323 0.000000 -0.384024
vn -0.923323 0.000000 -0.384024
vn -0.923323 0.000000 -0.384024
vn 0.923323 0.000000 0.384024
vn 0.923323 0.000000 0.384024
vn 0.923323 0.000000 0.384024
vn 0.923323 0.000000 0.384024
vn 0.923323 0.000000 -0.384024
vn 0.923323 0.000000 -0.384024
vn 0.923323 0.000000 -0.384024
vn 0.923323 0.000000 -0.384024
vn -0.923323 0.000000 0.384024
vn -0.923323 0.000000 0.384024
vn -0.923323 0.000000 0.384024
vn -0.923323 0.000000 0.384024
vn -0.923323 0.000000 -0.384024
vn -0.923323 0.000000 -0.384024
vn -0.923323 0.000000 -0.384024
vn -0.923323 0.000000 -0.384024
vn 0.923323 0.000000 0.384024
vn 0.923323 0.000000 0.384024
vn 0.923323 0.000000 0.384024
vn 0.923323 0.000000 0.384024
vn 0.923323 0.000000 -0.384024
vn 0.923323 0.000000 -0.384024
vn 0.923323 0.000000 -0.384024
vn 0.923323 0.000000 -0.384024
vn -0.923323 0.000000 0.384024
vn -0.923323 0.000000 0.384024
vn -0.923323 0.000000 0.384024
vn -0.923323 0.000000 0.384024
vn -1.000000 0.000000 0.000000
vn -1.000000 0.000000 0.000000
vn -1.000000 0.000000 0.000000
vn -1.000000 0.000000 0.000000
vn -1.000000 0.000000 0.000000
vn -1.000000 0.000000 0.000000
vn -1.000000 0.000000 0.000000
vn -1.000000 0.000000 0.000000
vn -1.000000 0.000000 0.000000
vn -1.000000 0.000000 0.000000
vn 1.000000 0.000000 0.000000
vn 1.000000 0.000000 0.000000
vn 1.000000 0.000000 0.000000
vn 1.000000 0.000000 0.000000
vn 1.000000 0.000000 0.000000
vn 1.000000 0.000000 0.000000
vn -1.000000 0.000000 0.000000
vn -1.000000 0.000000 0.000000
vn -1.000000 0.000000 0.000000
vn -1.000000 0.000000 0.000000
vn -1.000000 0.000000 0.000000
vn -1.000000 0.000000 0.000000
vn -1.000000 0.000000 0.000000
vn -1.000000 0.000000 0.000000
vn -1.000000 0.000000 0.000000
vn -1.000000 0.000000 0.000000
vn -1.000000 0.000000 0.000000
vn -1.000000 0.000000 0.000000
vn 1.000000 0.000000 0.000000
vn 1.000000 0.000000 0.000000
vn 1.000000 0.000000 0.000000
vn 1.000000 0.000000 0.000000
vn 1.000000 0.000000 0.000000
vn 1.000000 0.000000 0.000000
vn 1.000000 0.000000 0.000000
vn 1.000000 0.000000 0.000000
vn 1.000000 0.000000 0.000000
vn 1.000000 0.000000 0.000000
vn 1.000000 0.000000 0.000000
vn 1.000000 0.000000 0.000000
vn 0.000000 -0.819153 0.573575
vn 0.000000 -0.819153 0.573575
vn 0.000000 -0.819153 0.573575
vn 0.000000 -0.819153 0.573575
vn 0.000000 -0.819153 0.573576
vn 0.000000 0.819150 -0.573579
vn 0.000000 0.819151 -0.573578
vn 0.000000 0.819151 -0.573578
vn 0.000000 0.819152 -0.573577
vn 0.000000 0.819152 -0.573577
vn 0.000000 -0.819152 0.573577
vn 0.000000 -0.819152 0.573577
vn 0.000000 -0.819152 0.573577
vn 0.000000 -0.819152 0.573577
vn 0.000000 -0.819152 0.573577
vn 0.000000 0.819152 -0.573576
vn 0.000000 0.819152 -0.573576
vn 0.000000 0.819152 -0.573576
vn 0.000000 0.819152 -0.573576
vn 0.000000 0.819152 -0.573576
vn 0.000000 -0.819153 0.573575
vn 0.000000 -0.819153 0.573576
vn 0.000000 -0.819152 0.573576
vn 0.000000 -0.819152 0.573576
vn 0.000000 -0.819154 0.573574
vn 0.000000 0.819154 -0.573574
vn 0.000000 0.819153 -0.573575
vn 0.000000 0.819153 -0.573574
vn 0.000000 0.819152 -0.573576
vn 0.000000 0.819152 -0.573577
vn 0.000000 -0.819153 0.573576
vn 0.000000 -0.819153 0.573575
vn 0.000000 -0.819153 0.573576
vn 0.000000 -0.819153 0.573575
vn 0.000000 -0.819153 0.573575
vn 0.000000 -0.819152 0.573577
vn 0.000000 -0.819152 0.573577
vn 0.000000 -0.819152 0.573577
vn 0.000000 -0.819152 0.573577
vn 0.000000 -0.819152 0.573576
vn 0.000000 0.819152 -0.573576
vn 0.000000 0.819152 -0.573576
vn 0.000000 0.819152 -0.573576
vn 0.000000 0.819152 -0.573576
vn 0.000000 0.819152 -0.573576
vn 0.000000 0.819153 -0.573575
vn 0.000000 0.819153 -0.573575
vn 0.000000 0.819153 -0.573575
vn 0.000000 0.819153 -0.573575
vn 0.000000 0.819153 -0.573575
vn 0.000000 0.819153 0.573576
vn 0.000000 0.819153 0.573575
vn 0.000000 0.819153 0.573576
vn 0.000000 0.819153 0.573575
vn 0.000000 0.819153 0.573575
vn 0.000000 0.819152 0.573577
vn 0.000000 0.819152 0.573577
vn 0.000000 0.819152 0.573577
vn 0.000000 0.819152 0.573577
vn 0.000000 0.819152 0.573576
vn 0.000000 -0.819152 -0.573576
vn 0.000000 -0.819152 -0.573576
vn 0.000000 -0.819152 -0.573576
vn 0.000000 -0.819152 -0.573576
vn 0.000000 -0.819152 -0.573576
vn 0.000000 -0.819153 -0.573575
vn 0.000000 -0.819153 -0.573575
vn 0.000000 -0.819153 -0.573575
vn 0.000000 -0.819153 -0.573575
vn 0.000000 -0.819153 -0.573575
vn 0.000000 0.819153 0.573575
vn 0.000000 0.819153 0.573575
vn 0.000000 0.819153 0.573575
vn 0.000000 0.819153 0.573575
vn 0.000000 0.819153 0.573576
vn 0.000000 -0.819150 -0.573579
vn 0.000000 -0.819151 -0.573578
vn 0.000000 -0.819151 -0.573578
vn 0.000000 -0.819152 -0.573577
vn 0.000000 -0.819152 -0.573577
vn 0.000000 0.819152 0.573577
vn 0.000000 0.819152 0.573577
vn 0.000000 0.819152 0.573577
vn 0.000000 0.819152 0.573577
vn 0.000000 0.819152 0.573577
vn 0.000000 -0.819152 -0.573576
vn 0.000000 -0.819152 -0.573576
vn 0.000000 -0.819152 -0.573576
vn 0.000000 -0.819152 -0.573576
vn 0.000000 -0.819152 -0.573576
vn 0.000000 0.819153 0.573575
vn 0.000000 0.819153 0.573576
vn 0.000000 0.819152 0.573576
vn 0.000000 0.819152 0.573576
vn 0.000000 0.819154 0.573574
vn 0.000000 -0.819154 -0.573574
vn 0.000000 -0.819153 -0.573575
vn 0.000000 -0.819153 -0.573574
vn 0.000000 -0.819152 -0.573576
vn 0.000000 -0.819152 -0.573577
vn -0.044554 -0.998872 -0.016426
vn -0.059940 -0.997858 -0.026209
vn -0.034261 -0.997263 -0.065523
vn 0.000000 -1.000000 0.000000
vn -0.081013 -0.996713 0.000000
vn -0.021872 -0.999609 0.017433
vn -0.060783 -0.998091 0.010905
vn -0.024301 -0.999486 0.020918
vn 0.000000 -0.999763 0.021750
vn 0.000000 -0.999895 0.014514
vn 0.000000 -0.999848 0.017411
vn 0.000000 -0.999915 0.013057
vn 0.000000 -0.999895 0.014514
vn 0.000000 -0.999848 0.017417
vn 0.000000 -0.999941 0.010885
vn 0.000000 -0.999659 0.026101
vn 0.024301 -0.999486 0.020918
vn 0.021872 -0.999609 0.017433
vn 0.044554 -0.998872 -0.016426
vn 0.060783 -0.998091 0.010905
vn 0.081013 -0.996713 0.000000
vn 0.059940 -0.997858 -0.026209
vn 0.034261 -0.997263 -0.065523
vn 0.000000 -1.000000 0.000000
vn -0.024439 -0.999002 -0.037392
vn -0.041255 -0.999037 -0.014958
vn 0.000000 -1.000000 0.000000
vn -0.055406 -0.998464 0.000000
vn -0.024629 -0.999661 -0.008419
vn -0.033249 -0.999426 0.006538
vn -0.020786 -0.999251 0.032649
vn 0.000000 -0.999867 0.016312
vn -0.018556 -0.999694 0.016342
vn 0.000000 -0.999915 0.013067
vn 0.000000 -0.999867 0.016312
vn 0.000000 -0.999967 0.008166
vn 0.000000 -0.999915 0.013067
vn 0.016627 -0.999521 0.026116
vn 0.000000 -0.999915 0.013067
vn 0.000000 -0.999763 0.021777
vn 0.000000 -0.999967 0.008166
vn 0.000000 -0.999941 0.010889
vn 0.000000 -1.000000 0.000000
vn -0.006808 -0.999865 0.014975
vn -0.013616 -0.999815 0.013616
vn 0.019183 -0.999812 -0.002968
vn 0.000000 -0.999967 0.008166
vn 0.014844 -0.999804 0.013072
vn 0.041563 -0.999102 0.008173
vn 0.055406 -0.998464 0.000000
vn 0.041255 -0.999037 -0.014958
vn 0.024439 -0.999002 -0.037392
vn 0.000000 -1.000000 0.000000
vn 0.000000 0.000000 1.000000
vn 0.000000 0.000000 1.000000
vn 0.000000 0.000000 1.000000
vn 0.000000 0.000000 1.000000
vn 0.000000 0.000000 1.000000
vn 0.000000 0.000000 1.000000
vn 0.000000 0.000000 1.000000
vn 0.000000 0.000000 1.000000
vn 0.000000 0.000000 1.000000
vn 0.000000 0.000000 1.000000
f 3/3/3 2/2/2 1/1/1
f 6/6/6 5/5/5 4/4/4
f 9/9/9 8/8/8 7/7/7
f 11/11/11 8/8/8 10/10/10
f 14/14/14 13/13/13 12/12/12
f 17/17/17 16/16/16 15/15/15
f 19/19/19 18/18/18 17/17/17
f 20/20/20 19/19/19 17/17/17
f 22/22/22 20/20/20 21/21/21
f 24/24/24 19/19/19 23/23/23
f 25/25/25 24/24/24 23/23/23
f 18/18/18 27/27/27 26/26/26
f 27/27/27 28/28/28 26/26/26
f 24/24/24 29/29/29 27/27/27
f 29/29/29 30/30/30 27/27/27
f 30/30/30 32/32/32 31/31/31
f 32/32/32 33/33/33 31/31/31
f 36/36/36 35/35/35 34/34/34
f 39/39/39 38/38/38 37/37/37
f 38/38/38 41/41/41 40/40/40
f 44/44/44 43/43/43 42/42/42
f 47/47/47 46/46/46 45/45/45
f 50/50/50 49/49/49 48/48/48
f 52/52/52 51/51/51 50/50/50
f 51/51/51 54/54/54 53/53/53
f 57/57/57 56/56/56 55/55/55
f 60/60/60 59/59/59 58/58/58
f 63/63/63 62/62/62 61/61/61
f 66/66/66 65/65/65 64/64/64
f 68/68/68 67/67/67 64/64/64
f 71/71/71 70/70/70 69/69/69
f 74/74/74 73/73/73 72/72/72
f 77/77/77 76/76/76 75/75/75
f 79/79/79 78/78/78 75/75/75
f 82/82/82 81/81/81 80/80/80
f 85/85/85 84/84/84 83/83/83
f 88/88/88 87/87/87 86/86/86
f 90/90/90 89/89/89 86/86/86
f 93/93/93 92/92/92 91/91/91
f 96/96/96 95/95/95 94/94/94
f 99/99/99 98/98/98 97/97/97
f 102/102/102 101/101/101 100/100/100
f 105/105/105 104/104/104 103/103/103
f 108/108/108 107/107/107 106/106/106
f 111/111/111 110/110/110 109/109/109
f 114/114/114 113/113/113 112/112/112
f 117/117/117 116/116/116 115/115/115
f 120/120/120 119/119/119 118/118/118
f 123/123/123 122/122/122 121/121/121
f 125/125/125 124/124/124 121/121/121
f 128/128/128 127/127/127 126/126/126
f 131/131/131 130/130/130 129/129/129
f 134/134/134 133/133/133 132/132/132
f 137/137/137 136/136/136 135/135/135
f 140/140/140 139/139/139 138/138/138
f 143/143/143 142/142/142 141/141/141
f 145/145/145 144/144/144 141/141/141
f 148/148/148 147/147/147 146/146/146
f 151/151/151 150/150/150 149/149/149
f 153/153/153 152/152/152 149/149/149
f 156/156/156 155/155/155 154/154/154
f 159/159/159 158/158/158 157/157/157
f 162/162/162 161/161/161 160/160/160
f 165/165/165 164/164/164 163/163/163
f 167/167/167 165/165/165 166/166/166
f 170/170/170 169/169/169 168/168/168
f 173/173/173 172/172/172 171/171/171
f 176/176/176 175/175/175 174/174/174
f 178/178/178 176/176/176 177/177/177
f 181/181/181 180/180/180 179/179/179
f 184/184/184 183/183/183 182/182/182
f 187/187/187 186/186/186 185/185/185
f 189/189/189 187/187/187 188/188/188
f 192/192/192 191/191/191 190/190/190
f 195/195/195 194/194/194 193/193/193
f 198/198/198 197/197/197 196/196/196
f 201/201/201 200/200/200 199/199/199
f 204/204/204 203/203/203 202/202/202
f 207/207/207 206/206/206 205/205/205
f 210/210/210 209/209/209 208/208/208
f 213/213/213 212/212/212 211/211/211
f 216/216/216 215/215/215 214/214/214
f 219/219/219 218/218/218 217/217/217
f 222/222/222 221/221/221 220/220/220
f 224/224/224 222/222/222 223/223/223
f 227/227/227 226/226/226 225/225/225
f 230/230/230 229/229/229 228/228/228
f 233/233/233 232/232/232 231/231/231
f 236/236/236 235/235/235 234/234/234
f 239/239/239 238/238/238 237/237/237
f 242/242/242 241/241/241 240/240/240
f 244/244/244 243/243/243 240/240/240
f 247/247/247 246/246/246 245/245/245
f 250/250/250 249/249/249 248/248/248
f 252/252/252 250/250/250 251/251/251
f 255/255/255 254/254/254 253/253/253
f 258/258/258 257/257/257 256/256/256
f 261/261/261 260/260/260 259/259/259
f 264/264/264 263/263/263 262/262/262
f 266/266/266 265/265/265 262/262/262
f 269/269/269 268/268/268 267/267/267
f 272/272/272 271/271/271 270/270/270
f 275/275/275 274/274/274 273/273/273
f 277/277/277 276/276/276 273/273/273
f 280/280/280 279/279/279 278/278/278
f 283/283/283 282/282/282 281/281/281
f 286/286/286 285/285/285 284/284/284
f 288/288/288 287/287/287 284/284/284
f 291/291/291 290/290/290 289/289/289
f 294/294/294 293/293/293 292/292/292
f 297/297/297 296/296/296 295/295/295
f 300/300/300 299/299/299 298/298/298
f 303/303/303 302/302/302 301/301/301
f 306/306/306 305/305/305 304/304/304
f 309/309/309 308/308/308 307/307/307
f 312/312/312 311/311/311 310/310/310
f 315/315/315 314/314/314 313/313/313
f 318/318/318 317/317/317 316/316/316
f 321/321/321 320/320/320 319/319/319
f 323/323/323 322/322/322 319/319/319
f 326/326/326 325/325/325 324/324/324
f 329/329/329 328/328/328 327/327/327
f 332/332/332 331/331/331 330/330/330
f 335/335/335 334/334/334 333/333/333
f 338/338/338 337/337/337 336/336/336
f 341/341/341 340/340/340 339/339/339
f 343/343/343 342/342/342 339/339/339
f 346/346/346 345/345/345 344/344/344
f 349/349/349 348/348/348 347/347/347
f 351/351/351 350/350/350 347/347/347
f 354/354/354 353/353/353 352/352/352
f 357/357/357 356/356/356 355/355/355
f 360/360/360 359/359/359 358/358/358
f 363/363/363 362/362/362 361/361/361
f 365/365/365 363/363/363 364/364/364
f 368/368/368 367/367/367 366/366/366
f 371/371/371 370/370/370 369/369/369
f 374/374/374 373/373/373 372/372/372
f 376/376/376 374/374/374 375/375/375
f 379/379/379 378/378/378 377/377/377
f 382/382/382 381/381/381 380/380/380
f 385/385/385 384/384/384 383/383/383
f 387/387/387 385/385/385 386/386/386
f 390/390/390 389/389/389 388/388/388
f 393/393/393 392/392/392 391/391/391
f 396/396/396 395/395/395 394/394/394
f 399/399/399 398/398/398 397/397/397
f 402/402/402 401/401/401 400/400/400
f 405/405/405 404/404/404 403/403/403
f 408/408/408 407/407/407 406/406/406
f 411/411/411 410/410/410 409/409/409
f 414/414/414 413/413/413 412/412/412
f 417/417/417 416/416/416 415/415/415
f 420/420/420 419/419/419 418/418/418
f 422/422/422 420/420/420 421/421/421
f 425/425/425 424/424/424 423/423/423
f 428/428/428 427/427/427 426/426/426
f 431/431/431 430/430/430 429/429/429
f 434/434/434 433/433/433 432/432/432
f 437/437/437 436/436/436 435/435/435
f 440/440/440 439/439/439 438/438/438
f 442/442/442 441/441/441 438/438/438
f 445/445/445 444/444/444 443/443/443
f 448/448/448 447/447/447 446/446/446
f 450/450/450 448/448/448 449/449/449
f 453/453/453 452/452/452 451/451/451
f 456/456/456 455/455/455 454/454/454
f 459/459/459 458/458/458 457/457/457
f 462/462/462 461/461/461 460/460/460
f 464/464/464 463/463/463 460/460/460
f 467/467/467 466/466/466 465/465/465
f 470/470/470 469/469/469 468/468/468
f 473/473/473 472/472/472 471/471/471
f 475/475/475 474/474/474 471/471/471
f 478/478/478 477/477/477 476/476/476
f 481/481/481 480/480/480 479/479/479
f 484/484/484 483/483/483 482/482/482
f 486/486/486 485/485/485 482/482/482
f 489/489/489 488/488/488 487/487/487
f 492/492/492 491/491/491 490/490/490
f 495/495/495 494/494/494 493/493/493
f 498/498/498 497/497/497 496/496/496
f 501/501/501 500/500/500 499/499/499
f 504/504/504 503/503/503 502/502/502
f 507/507/507 506/506/506 505/505/505
f 510/510/510 509/509/509 508/508/508
f 513/513/513 512/512/512 511/511/511
f 516/516/516 515/515/515 514/514/514
f 519/519/519 518/518/518 517/517/517
f 521/521/521 520/520/520 517/517/517
f 524/524/524 523/523/523 522/522/522
f 527/527/527 526/526/526 525/525/525
f 530/530/530 529/529/529 528/528/528
f 533/533/533 532/532/532 531/531/531
f 536/536/536 535/535/535 534/534/534
f 539/539/539 538/538/538 537/537/537
f 541/541/541 540/540/540 537/537/537
f 544/544/544 543/543/543 542/542/542
f 547/547/547 546/546/546 545/545/545
f 549/549/549 548/548/548 545/545/545
f 552/552/552 551/551/551 550/550/550
f 555/555/555 554/554/554 553/553/553
f 558/558/558 557/557/557 556/556/556
f 561/561/561 560/560/560 559/559/559
f 563/563/563 561/561/561 562/562/562
f 566/566/566 565/565/565 564/564/564
f 569/569/569 568/568/568 567/567/567
f 572/572/572 571/571/571 570/570/570
f 574/574/574 572/572/572 573/573/573
f 577/577/577 576/576/576 575/575/575
f 580/580/580 579/579/579 578/578/578
f 583/583/583 582/582/582 581/581/581
f 585/585/585 583/583/583 584/584/584
f 588/588/588 587/587/587 586/586/586
f 591/591/591 590/590/590 589/589/589
f 594/594/594 593/593/593 592/592/592
f 597/597/597 596/596/596 595/595/595
f 600/600/600 599/599/599 598/598/598
f 603/603/603 602/602/602 601/601/601
f 606/606/606 605/605/605 604/604/604
f 609/609/609 608/608/608 607/607/607
f 612/612/612 611/611/611 610/610/610
f 615/615/615 614/614/614 613/613/613
f 618/618/618 617/617/617 616/616/616
f 620/620/620 618/618/618 619/619/619
f 623/623/623 622/622/622 621/621/621
f 626/626/626 625/625/625 624/624/624
f 629/629/629 628/628/628 627/627/627
f 632/632/632 631/631/631 630/630/630
f 635/635/635 634/634/634 633/633/633
f 638/638/638 637/637/637 636/636/636
f 640/640/640 639/639/639 636/636/636
f 643/643/643 642/642/642 641/641/641
f 646/646/646 645/645/645 644/644/644
f 648/648/648 646/646/646 647/647/647
f 651/651/651 650/650/650 649/649/649
f 654/654/654 653/653/653 652/652/652
f 657/657/657 656/656/656 655/655/655
f 660/660/660 659/659/659 658/658/658
f 662/662/662 661/661/661 658/658/658
f 665/665/665 664/664/664 663/663/663
f 668/668/668 667/667/667 666/666/666
f 671/671/671 670/670/670 669/669/669
f 673/673/673 672/672/672 669/669/669
f 676/676/676 675/675/675 674/674/674
f 679/679/679 678/678/678 677/677/677
f 682/682/682 681/681/681 680/680/680
f 684/684/684 683/683/683 680/680/680
f 687/687/687 686/686/686 685/685/685
f 690/690/690 689/689/689 688/688/688
f 693/693/693 692/692/692 691/691/691
f 696/696/696 695/695/695 694/694/694
f 699/699/699 698/698/698 697/697/697
f 702/702/702 701/701/701 700/700/700
f 705/705/705 704/704/704 703/703/703
f 708/708/708 707/707/707 706/706/706
f 711/711/711 710/710/710 709/709/709
f 714/714/714 713/713/713 712/712/712
f 717/717/717 716/716/716 715/715/715
f 719/719/719 718/718/718 715/715/715
f 722/722/722 721/721/721 720/720/720
f 725/725/725 724/724/724 723/723/723
f 728/728/728 727/727/727 726/726/726
f 731/731/731 730/730/730 729/729/729
f 734/734/734 733/733/733 732/732/732
f 737/737/737 736/736/736 735/735/735
f 739/739/739 738/738/738 735/735/735
f 742/742/742 741/741/741 740/740/740
f 745/745/745 744/744/744 743/743/743
f 747/747/747 746/746/746 743/743/743
f 750/750/750 749/749/749 748/748/748
f 753/753/753 752/752/752 751/751/751
f 756/756/756 755/755/755 754/754/754
f 759/759/759 758/758/758 757/757/757
f 761/761/761 759/759/759 760/760/760
f 764/764/764 763/763/763 762/762/762
f 767/767/767 766/766/766 765/765/765
f 770/770/770 769/769/769 768/768/768
f 772/772/772 770/770/770 771/771/771
f 773/773/773 772/772/772 771/771/771
f 771/771/771 775/775/775 774/774/774
f 775/775/775 776/776/776 774/774/774
f 778/778/778 777/777/777 775/775/775
f 780/780/780 779/779/779 778/778/778
f 782/782/782 777/777/777 781/781/781
f 777/777/777 783/783/783 781/781/781
f 783/783/783 779/779/779 784/784/784
f 785/785/785 783/783/783 784/784/784
f 787/787/787 786/786/786 784/784/784
f 786/786/786 788/788/788 784/784/784
f 790/790/790 789/789/789 785/785/785
f 791/791/791 790/790/790 785/785/785
f 791/791/791 788/788/788 792/792/792
f 793/793/793 791/791/791 792/792/792
f 796/796/796 795/795/795 794/794/794
f 798/798/798 796/796/796 797/797/797
f 801/801/801 800/800/800 799/799/799
f 804/804/804 803/803/803 802/802/802
f 807/807/807 806/806/806 805/805/805
f 810/810/810 809/809/809 808/808/808
f 812/812/812 810/810/810 811/811/811
f 815/815/815 814/814/814 813/813/813
f 818/818/818 817/817/817 816/816/816
f 821/821/821 820/820/820 819/819/819
f 824/824/824 823/823/823 822/822/822
f 827/827/827 826/826/826 825/825/825
f 830/830/830 829/829/829 828/828/828
f 833/833/833 832/832/832 831/831/831
f 836/836/836 835/835/835 834/834/834
f 839/839/839 838/838/838 837/837/837
f 842/842/842 841/841/841 840/840/840
f 845/845/845 844/844/844 843/843/843
f 847/847/847 845/845/845 846/846/846
f 850/850/850 849/849/849 848/848/848
f 853/853/853 852/852/852 851/851/851
f 856/856/856 855/855/855 854/854/854
f 859/859/859 858/858/858 857/857/857
f 862/862/862 861/861/861 860/860/860
f 865/865/865 864/864/864 863/863/863
f 867/867/867 866/866/866 863/863/863
f 870/870/870 869/869/869 868/868/868
f 873/873/873 872/872/872 871/871/871
f 875/875/875 873/873/873 874/874/874
f 878/878/878 877/877/877 876/876/876
f 881/881/881 880/880/880 879/879/879
f 884/884/884 883/883/883 882/882/882
f 887/887/887 886/886/886 885/885/885
f 890/890/890 889/889/889 888/888/888
f 893/893/893 892/892/892 891/891/891
f 896/896/896 895/895/895 894/894/894
f 899/899/899 898/898/898 897/897/897
f 902/902/902 901/901/901 900/900/900
f 905/905/905 904/904/904 903/903/903
f 908/908/908 907/907/907 906/906/906
f 911/911/911 910/910/910 909/909/909
f 913/913/913 912/912/912 909/909/909
f 916/916/916 915/915/915 914/914/914
f 919/919/919 918/918/918 917/917/917
f 922/922/922 921/921/921 920/920/920
f 925/925/925 924/924/924 923/923/923
f 928/928/928 927/927/927 926/926/926
f 931/931/931 930/930/930 929/929/929
f 934/934/934 933/933/933 932/932/932
f 937/937/937 936/936/936 935/935/935
f 940/940/940 939/939/939 938/938/938
f 943/943/943 942/942/942 941/941/941
f 945/945/945 944/944/944 941/941/941
f 948/948/948 947/947/947 946/946/946
f 951/951/951 950/950/950 949/949/949
f 954/954/954 953/953/953 952/952/952
f 957/957/957 956/956/956 955/955/955
f 960/960/960 959/959/959 958/958/958
f 963/963/963 962/962/962 961/961/961
f 966/966/966 965/965/965 964/964/964
f 969/969/969 968/968/968 967/967/967
f 972/972/972 971/971/971 970/970/970
f 975/975/975 974/974/974 973/973/973
f 977/977/977 976/976/976 973/973/973
f 980/980/980 979/979/979 978/978/978
f 983/983/983 982/982/982 981/981/981
f 986/986/986 985/985/985 984/984/984
f 989/989/989 988/988/988 987/987/987
f 992/992/992 991/991/991 990/990/990
f 995/995/995 994/994/994 993/993/993
f 998/998/998 997/997/997 996/996/996
f 1001/1001/1001 1000/1000/1000 999/999/999
f 1004/1004/1004 1003/1003/1003 1002/1002/1002
f 1007/1007/1007 1006/1006/1006 1005/1005/1005
f 1009/1009/1009 1008/1008/1008 1005/1005/1005
f 1012/1012/1012 1011/1011/1011 1010/1010/1010
f 1015/1015/1015 1014/1014/1014 1013/1013/1013
f 1018/1018/1018 1017/1017/1017 1016/1016/1016
f 1020/1020/1020 1019/1019/1019 1016/1016/1016
f 1021/1021/1021 1020/1020/1020 1016/1016/1016
f 1023/1023/1023 1022/1022/1022 1021/1021/1021
f 1024/1024/1024 1023/1023/1023 1021/1021/1021
f 1019/1019/1019 1026/1026/1026 1025/1025/1025
f 1019/1019/1019 1027/1027/1027 1026/1026/1026
f 1028/1028/1028 1026/1026/1026 1027/1027/1027
f 1029/1029/1029 1028/1028/1028 1027/1027/1027
f 1030/1030/1030 1028/1028/1028 1029/1029/1029
f 1030/1030/1030 1029/1029/1029 1031/1031/1031
f 1020/1020/1020 1031/1031/1031 1029/1029/1029
f 1032/1032/1032 1031/1031/1031 1020/1020/1020
f 1034/1034/1034 1033/1033/1033 1024/1024/1024
f 1036/1036/1036 1033/1033/1033 1035/1035/1035
f 1033/1033/1033 1037/1037/1037 1035/1035/1035
f 1035/1035/1035 1037/1037/1037 1038/1038/1038
f 1037/1037/1037 1039/1039/1039 1038/1038/1038
f 1040/1040/1040 1038/1038/1038 1039/1039/1039
f 1040/1040/1040 1039/1039/1039 1041/1041/1041
f 1034/1034/1034 1041/1041/1041 1039/1039/1039
f 1042/1042/1042 1041/1041/1041 1034/1034/1034
f 1045/1045/1045 1044/1044/1044 1043/1043/1043
f 1047/1047/1047 1043/1043/1043 1046/1046/1046
f 1050/1050/1050 1049/1049/1049 1048/1048/1048
f 1053/1053/1053 1052/1052/1052 1051/1051/1051
f 1056/1056/1056 1055/1055/1055 1054/1054/1054
f 1059/1059/1059 1058/1058/1058 1057/1057/1057
f 1062/1062/1062 1061/1061/1061 1060/1060/1060
f 1065/1065/1065 1064/1064/1064 1063/1063/1063
f 1068/1068/1068 1067/1067/1067 1066/1066/1066
f 1071/1071/1071 1070/1070/1070 1069/1069/1069
f 1074/1074/1074 1073/1073/1073 1072/1072/1072
f 1077/1077/1077 1076/1076/1076 1075/1075/1075
f 1080/1080/1080 1079/1079/1079 1078/1078/1078
f 1083/1083/1083 1082/1082/1082 1081/1081/1081
f 1086/1086/1086 1085/1085/1085 1084/1084/1084
f 1089/1089/1089 1088/1088/1088 1087/1087/1087
f 1092/1092/1092 1091/1091/1091 1090/1090/1090
f 1095/1095/1095 1094/1094/1094 1093/1093/1093
f 1098/1098/1098 1097/1097/1097 1096/1096/1096
f 1101/1101/1101 1100/1100/1100 1099/1099/1099
f 1104/1104/1104 1103/1103/1103 1102/1102/1102
f 1107/1107/1107 1106/1106/1106 1105/1105/1105
f 1110/1110/1110 1109/1109/1109 1108/1108/1108
f 1113/1113/1113 1112/1112/1112 1111/1111/1111
f 1116/1116/1116 1115/1115/1115 1114/1114/1114
f 1119/1119/1119 1118/1118/1118 1117/1117/1117
f 1122/1122/1122 1121/1121/1121 1120/1120/1120
f 1125/1125/1125 1124/1124/1124 1123/1123/1123
f 1128/1128/1128 1127/1127/1127 1126/1126/1126
f 1131/1131/1131 1130/1130/1130 1129/1129/1129
f 1134/1134/1134 1133/1133/1133 1132/1132/1132
f 1137/1137/1137 1136/1136/1136 1135/1135/1135
f 1140/1140/1140 1139/1139/1139 1138/1138/1138
f 1143/1143/1143 1142/1142/1142 1141/1141/1141
f 1146/1146/1146 1145/1145/1145 1144/1144/1144
f 1149/1149/1149 1148/1148/1148 1147/1147/1147
f 1152/1152/1152 1151/1151/1151 1150/1150/1150
f 1155/1155/1155 1154/1154/1154 1153/1153/1153
f 1158/1158/1158 1157/1157/1157 1156/1156/1156
f 1161/1161/1161 1160/1160/1160 1159/1159/1159
f 1164/1164/1164 1163/1163/1163 1162/1162/1162
f 1167/1167/1167 1166/1166/1166 1165/1165/1165
f 1170/1170/1170 1169/1169/1169 1168/1168/1168
f 1173/1173/1173 1172/1172/1172 1171/1171/1171
f 1176/1176/1176 1175/1175/1175 1174/1174/1174
f 1179/1179/1179 1178/1178/1178 1177/1177/1177
f 1182/1182/1182 1181/1181/1181 1180/1180/1180
f 1185/1185/1185 1184/1184/1184 1183/1183/1183
f 1188/1188/1188 1187/1187/1187 1186/1186/1186
f 1191/1191/1191 1190/1190/1190 1189/1189/1189
f 1194/1194/1194 1193/1193/1193 1192/1192/1192
f 1197/1197/1197 1196/1196/1196 1195/1195/1195
f 1200/1200/1200 1199/1199/1199 1198/1198/1198
f 1203/1203/1203 1202/1202/1202 1201/1201/1201
f 1206/1206/1206 1205/1205/1205 1204/1204/1204
f 1209/1209/1209 1208/1208/1208 1207/1207/1207
f 1212/1212/1212 1211/1211/1211 1210/1210/1210
f 1215/1215/1215 1214/1214/1214 1213/1213/1213
f 1218/1218/1218 1217/1217/1217 1216/1216/1216
f 1221/1221/1221 1220/1220/1220 1219/1219/1219
f 1224/1224/1224 1223/1223/1223 1222/1222/1222
f 1227/1227/1227 1226/1226/1226 1225/1225/1225
f 1230/1230/1230 1229/1229/1229 1228/1228/1228
f 1233/1233/1233 1232/1232/1232 1231/1231/1231
f 1236/1236/1236 1235/1235/1235 1234/1234/1234
f 1239/1239/1239 1238/1238/1238 1237/1237/1237
f 1242/1242/1242 1241/1241/1241 1240/1240/1240
f 1245/1245/1245 1244/1244/1244 1243/1243/1243
f 1248/1248/1248 1247/1247/1247 1246/1246/1246
f 1251/1251/1251 1250/1250/1250 1249/1249/1249
f 1254/1254/1254 1253/1253/1253 1252/1252/1252
f 1257/1257/1257 1256/1256/1256 1255/1255/1255
f 1260/1260/1260 1259/1259/1259 1258/1258/1258
f 1263/1263/1263 1262/1262/1262 1261/1261/1261
f 1266/1266/1266 1265/1265/1265 1264/1264/1264
f 1269/1269/1269 1268/1268/1268 1267/1267/1267
f 1272/1272/1272 1271/1271/1271 1270/1270/1270
f 1275/1275/1275 1274/1274/1274 1273/1273/1273
f 1278/1278/1278 1277/1277/1277 1276/1276/1276
f 1281/1281/1281 1280/1280/1280 1279/1279/1279
f 1284/1284/1284 1283/1283/1283 1282/1282/1282
f 1287/1287/1287 1286/1286/1286 1285/1285/1285
f 1290/1290/1290 1289/1289/1289 1288/1288/1288
f 1293/1293/1293 1292/1292/1292 1291/1291/1291
f 1296/1296/1296 1295/1295/1295 1294/1294/1294
f 1299/1299/1299 1298/1298/1298 1297/1297/1297
f 1302/1302/1302 1301/1301/1301 1300/1300/1300
f 1305/1305/1305 1304/1304/1304 1303/1303/1303
f 1308/1308/1308 1307/1307/1307 1306/1306/1306
f 1311/1311/1311 1310/1310/1310 1309/1309/1309
f 1314/1314/1314 1313/1313/1313 1312/1312/1312
f 1317/1317/1317 1316/1316/1316 1315/1315/1315
f 1320/1320/1320 1319/1319/1319 1318/1318/1318
f 1323/1323/1323 1322/1322/1322 1321/1321/1321
f 1326/1326/1326 1325/1325/1325 1324/1324/1324
f 1329/1329/1329 1328/1328/1328 1327/1327/1327
f 1332/1332/1332 1331/1331/1331 1330/1330/1330
f 1335/1335/1335 1334/1334/1334 1333/1333/1333
f 1338/1338/1338 1337/1337/1337 1336/1336/1336
f 1341/1341/1341 1340/1340/1340 1339/1339/1339
f 1344/1344/1344 1343/1343/1343 1342/1342/1342
f 1347/1347/1347 1346/1346/1346 1345/1345/1345
f 1350/1350/1350 1349/1349/1349 1348/1348/1348
f 1353/1353/1353 1352/1352/1352 1351/1351/1351
f 1356/1356/1356 1355/1355/1355 1354/1354/1354
f 1359/1359/1359 1358/1358/1358 1357/1357/1357
f 1362/1362/1362 1361/1361/1361 1360/1360/1360
f 1365/1365/1365 1364/1364/1364 1363/1363/1363
f 1368/1368/1368 1367/1367/1367 1366/1366/1366
f 1371/1371/1371 1370/1370/1370 1369/1369/1369
f 1374/1374/1374 1373/1373/1373 1372/1372/1372
f 1377/1377/1377 1376/1376/1376 1375/1375/1375
f 1380/1380/1380 1379/1379/1379 1378/1378/1378
f 1383/1383/1383 1382/1382/1382 1381/1381/1381
f 1386/1386/1386 1385/1385/1385 1384/1384/1384
f 1389/1389/1389 1388/1388/1388 1387/1387/1387
f 1392/1392/1392 1391/1391/1391 1390/1390/1390
f 1395/1395/1395 1394/1394/1394 1393/1393/1393
f 1398/1398/1398 1397/1397/1397 1396/1396/1396
f 1401/1401/1401 1400/1400/1400 1399/1399/1399
f 1404/1404/1404 1403/1403/1403 1402/1402/1402
f 1407/1407/1407 1406/1406/1406 1405/1405/1405
f 1410/1410/1410 1409/1409/1409 1408/1408/1408
f 1413/1413/1413 1412/1412/1412 1411/1411/1411
f 1416/1416/1416 1415/1415/1415 1414/1414/1414
f 1419/1419/1419 1418/1418/1418 1417/1417/1417
f 1422/1422/1422 1421/1421/1421 1420/1420/1420
f 1425/1425/1425 1424/1424/1424 1423/1423/1423
f 1428/1428/1428 1427/1427/1427 1426/1426/1426
f 1431/1431/1431 1430/1430/1430 1429/1429/1429
f 1434/1434/1434 1433/1433/1433 1432/1432/1432
f 1437/1437/1437 1436/1436/1436 1435/1435/1435
f 1440/1440/1440 1439/1439/1439 1438/1438/1438
f 1443/1443/1443 1442/1442/1442 1441/1441/1441
f 1446/1446/1446 1445/1445/1445 1444/1444/1444
f 1449/1449/1449 1448/1448/1448 1447/1447/1447
f 1452/1452/1452 1451/1451/1451 1450/1450/1450
f 1455/1455/1455 1454/1454/1454 1453/1453/1453
f 1458/1458/1458 1457/1457/1457 1456/1456/1456
f 1461/1461/1461 1460/1460/1460 1459/1459/1459
f 1464/1464/1464 1463/1463/1463 1462/1462/1462
f 1467/1467/1467 1466/1466/1466 1465/1465/1465
f 1470/1470/1470 1469/1469/1469 1468/1468/1468
f 1473/1473/1473 1472/1472/1472 1471/1471/1471
f 1476/1476/1476 1475/1475/1475 1474/1474/1474
f 1479/1479/1479 1478/1478/1478 1477/1477/1477
f 1482/1482/1482 1481/1481/1481 1480/1480/1480
f 1485/1485/1485 1484/1484/1484 1483/1483/1483
f 1488/1488/1488 1487/1487/1487 1486/1486/1486
f 1491/1491/1491 1490/1490/1490 1489/1489/1489
f 1494/1494/1494 1493/1493/1493 1492/1492/1492
f 1497/1497/1497 1496/1496/1496 1495/1495/1495
f 1500/1500/1500 1499/1499/1499 1498/1498/1498
f 1503/1503/1503 1502/1502/1502 1501/1501/1501
f 1506/1506/1506 1505/1505/1505 1504/1504/1504
f 1509/1509/1509 1508/1508/1508 1507/1507/1507
f 1512/1512/1512 1511/1511/1511 1510/1510/1510
f 1515/1515/1515 1514/1514/1514 1513/1513/1513
f 1518/1518/1518 1517/1517/1517 1516/1516/1516
f 1521/1521/1521 1520/1520/1520 1519/1519/1519
f 1524/1524/1524 1523/1523/1523 1522/1522/1522
f 1527/1527/1527 1526/1526/1526 1525/1525/1525
f 1530/1530/1530 1529/1529/1529 1528/1528/1528
f 1533/1533/1533 1532/1532/1532 1531/1531/1531
f 1536/1536/1536 1535/1535/1535 1534/1534/1534
f 1539/1539/1539 1538/1538/1538 1537/1537/1537
f 1542/1542/1542 1541/1541/1541 1540/1540/1540
f 1545/1545/1545 1544/1544/1544 1543/1543/1543
f 1548/1548/1548 1547/1547/1547 1546/1546/1546
f 1551/1551/1551 1550/1550/1550 1549/1549/1549
f 1554/1554/1554 1553/1553/1553 1552/1552/1552
f 1557/1557/1557 1556/1556/1556 1555/1555/1555
f 1560/1560/1560 1559/1559/1559 1558/1558/1558
f 1563/1563/1563 1562/1562/1562 1561/1561/1561
f 1566/1566/1566 1565/1565/1565 1564/1564/1564
f 1569/1569/1569 1568/1568/1568 1567/1567/1567
f 1572/1572/1572 1571/1571/1571 1570/1570/1570
f 1575/1575/1575 1574/1574/1574 1573/1573/1573
f 1578/1578/1578 1577/1577/1577 1576/1576/1576
f 1581/1581/1581 1580/1580/1580 1579/1579/1579
f 1584/1584/1584 1583/1583/1583 1582/1582/1582
f 1587/1587/1587 1586/1586/1586 1585/1585/1585
f 1590/1590/1590 1589/1589/1589 1588/1588/1588
f 1593/1593/1593 1592/1592/1592 1591/1591/1591
f 1596/1596/1596 1595/1595/1595 1594/1594/1594
f 1599/1599/1599 1598/1598/1598 1597/1597/1597
f 1602/1602/1602 1601/1601/1601 1600/1600/1600
f 1605/1605/1605 1604/1604/1604 1603/1603/1603
f 1608/1608/1608 1607/1607/1607 1606/1606/1606
f 1611/1611/1611 1610/1610/1610 1609/1609/1609
f 1614/1614/1614 1613/1613/1613 1612/1612/1612
f 1617/1617/1617 1616/1616/1616 1615/1615/1615
f 1620/1620/1620 1619/1619/1619 1618/1618/1618
f 1623/1623/1623 1622/1622/1622 1621/1621/1621
f 1626/1626/1626 1625/1625/1625 1624/1624/1624
f 1629/1629/1629 1628/1628/1628 1627/1627/1627
f 1632/1632/1632 1631/1631/1631 1630/1630/1630
f 1635/1635/1635 1634/1634/1634 1633/1633/1633
f 1638/1638/1638 1637/1637/1637 1636/1636/1636
f 1641/1641/1641 1640/1640/1640 1639/1639/1639
f 1644/1644/1644 1643/1643/1643 1642/1642/1642
f 1647/1647/1647 1646/1646/1646 1645/1645/1645
f 1650/1650/1650 1649/1649/1649 1648/1648/1648
f 1653/1653/1653 1652/1652/1652 1651/1651/1651
f 1656/1656/1656 1655/1655/1655 1654/1654/1654
f 1659/1659/1659 1658/1658/1658 1657/1657/1657
f 1662/1662/1662 1661/1661/1661 1660/1660/1660
f 1665/1665/1665 1664/1664/1664 1663/1663/1663
f 1668/1668/1668 1667/1667/1667 1666/1666/1666
f 1671/1671/1671 1670/1670/1670 1669/1669/1669
f 1674/1674/1674 1673/1673/1673 1672/1672/1672
f 1677/1677/1677 1676/1676/1676 1675/1675/1675
f 1680/1680/1680 1679/1679/1679 1678/1678/1678
f 1683/1683/1683 1682/1682/1682 1681/1681/1681
f 1686/1686/1686 1685/1685/1685 1684/1684/1684
f 1689/1689/1689 1688/1688/1688 1687/1687/1687
f 1692/1692/1692 1691/1691/1691 1690/1690/1690
f 1695/1695/1695 1694/1694/1694 1693/1693/1693
f 1698/1698/1698 1697/1697/1697 1696/1696/1696
f 1701/1701/1701 1700/1700/1700 1699/1699/1699
f 1704/1704/1704 1703/1703/1703 1702/1702/1702
f 1707/1707/1707 1706/1706/1706 1705/1705/1705
f 1710/1710/1710 1709/1709/1709 1708/1708/1708
f 1713/1713/1713 1712/1712/1712 1711/1711/1711
f 1716/1716/1716 1715/1715/1715 1714/1714/1714
f 1717/1717/1717 1716/1716/1716 1714/1714/1714
f 1720/1720/1720 1719/1719/1719 1718/1718/1718
f 1719/1719/1719 1721/1721/1721 1718/1718/1718
f 1724/1724/1724 1723/1723/1723 1722/1722/1722
f 1725/1725/1725 1724/1724/1724 1722/1722/1722
f 1728/1728/1728 1727/1727/1727 1726/1726/1726
f 1729/1729/1729 1728/1728/1728 1726/1726/1726
f 1731/1731/1731 1729/1729/1729 1730/1730/1730
f 1732/1732/1732 1731/1731/1731 1730/1730/1730
f 1734/1734/1734 1731/1731/1731 1733/1733/1733
f 1735/1735/1735 1734/1734/1734 1733/1733/1733
f 1734/1734/1734 1736/1736/1736 1728/1728/1728
f 1736/1736/1736 1737/1737/1737 1728/1728/1728
f 1739/1739/1739 1736/1736/1736 1738/1738/1738
f 1740/1740/1740 1739/1739/1739 1738/1738/1738
f 1737/1737/1737 1742/1742/1742 1741/1741/1741
f 1742/1742/1742 1743/1743/1743 1741/1741/1741
f 1739/1739/1739 1744/1744/1744 1742/1742/1742
f 1744/1744/1744 1745/1745/1745 1742/1742/1742
f 1747/1747/1747 1744/1744/1744 1746/1746/1746
f 1748/1748/1748 1747/1747/1747 1746/1746/1746
f 1745/1745/1745 1750/1750/1750 1749/1749/1749
f 1750/1750/1750 1751/1751/1751 1749/1749/1749
f 1747/1747/1747 1752/1752/1752 1750/1750/1750
f 1752/1752/1752 1753/1753/1753 1750/1750/1750
f 1755/1755/1755 1752/1752/1752 1754/1754/1754
f 1756/1756/1756 1755/1755/1755 1754/1754/1754
f 1753/1753/1753 1758/1758/1758 1757/1757/1757
f 1758/1758/1758 1759/1759/1759 1757/1757/1757
f 1755/1755/1755 1760/1760/1760 1758/1758/1758
f 1760/1760/1760 1761/1761/1761 1758/1758/1758
f 1763/1763/1763 1760/1760/1760 1762/1762/1762
f 1764/1764/1764 1763/1763/1763 1762/1762/1762
f 1761/1761/1761 1766/1766/1766 1765/1765/1765
f 1766/1766/1766 1767/1767/1767 1765/1765/1765
f 1763/1763/1763 1768/1768/1768 1766/1766/1766
f 1768/1768/1768 1769/1769/1769 1766/1766/1766
f 1771/1771/1771 1768/1768/1768 1770/1770/1770
f 1772/1772/1772 1771/1771/1771 1770/1770/1770
f 1769/1769/1769 1774/1774/1774 1773/1773/1773
f 1774/1774/1774 1775/1775/1775 1773/1773/1773
f 1771/1771/1771 1776/1776/1776 1774/1774/1774
f 1776/1776/1776 1777/1777/1777 1774/1774/1774
f 1777/1777/1777 1779/1779/1779 1778/1778/1778
f 1779/1779/1779 1780/1780/1780 1778/1778/1778
f 1782/1782/1782 1776/1776/1776 1781/1781/1781
f 1783/1783/1783 1782/1782/1782 1781/1781/1781
f 1786/1786/1786 1785/1785/1785 1784/1784/1784
f 1787/1787/1787 1786/1786/1786 1784/1784/1784
f 1790/1790/1790 1789/1789/1789 1788/1788/1788
f 1791/1791/1791 1790/1790/1790 1788/1788/1788
f 1793/1793/1793 1792/1792/1792 1788/1788/1788
f 1792/1792/1792 1794/1794/1794 1788/1788/1788
f 1796/1796/1796 1795/1795/1795 1791/1791/1791
f 1797/1797/1797 1796/1796/1796 1791/1791/1791
f 1794/1794/1794 1798/1798/1798 1797/1797/1797
f 1798/1798/1798 1799/1799/1799 1797/1797/1797
f 1802/1802/1802 1801/1801/1801 1800/1800/1800
f 1803/1803/1803 1802/1802/1802 1800/1800/1800
f 1806/1806/1806 1805/1805/1805 1804/1804/1804
f 1805/1805/1805 1807/1807/1807 1804/1804/1804
f 1807/1807/1807 1809/1809/1809 1808/1808/1808
f 1809/1809/1809 1810/1810/1810 1808/1808/1808
f 1812/1812/1812 1811/1811/1811 1810/1810/1810
f 1813/1813/1813 1812/1812/1812 1810/1810/1810
f 1809/1809/1809 1815/1815/1815 1814/1814/1814
f 1816/1816/1816 1809/1809/1809 1814/1814/1814
f 1808/1808/1808 1818/1818/1818 1817/1817/1817
f 1818/1818/1818 1819/1819/1819 1817/1817/1817
f 1817/1817/1817 1820/1820/1820 1804/1804/1804
f 1820/1820/1820 1821/1821/1821 1804/1804/1804
f 1823/1823/1823 1822/1822/1822 1821/1821/1821
f 1824/1824/1824 1823/1823/1823 1821/1821/1821
f 1826/1826/1826 1825/1825/1825 1820/1820/1820
f 1827/1827/1827 1826/1826/1826 1820/1820/1820
f 1830/1830/1830 1829/1829/1829 1828/1828/1828
f 1831/1831/1831 1830/1830/1830 1828/1828/1828
f 1834/1834/1834 1833/1833/1833 1832/1832/1832
f 1835/1835/1835 1834/1834/1834 1832/1832/1832
f 1838/1838/1838 1837/1837/1837 1836/1836/1836
f 1837/1837/1837 1839/1839/1839 1836/1836/1836
f 1841/1841/1841 1837/1837/1837 1840/1840/1840
f 1842/1842/1842 1841/1841/1841 1840/1840/1840
f 1841/1841/1841 1844/1844/1844 1843/1843/1843
f 1845/1845/1845 1841/1841/1841 1843/1843/1843
f 1845/1845/1845 1846/1846/1846 1839/1839/1839
f 1846/1846/1846 1847/1847/1847 1839/1839/1839
f 1849/1849/1849 1840/1840/1840 1848/1848/1848
f 1850/1850/1850 1849/1849/1849 1848/1848/1848
f 1842/1842/1842 1852/1852/1852 1851/1851/1851
f 1852/1852/1852 1853/1853/1853 1851/1851/1851
f 1852/1852/1852 1849/1849/1849 1854/1854/1854
f 1855/1855/1855 1852/1852/1852 1854/1854/1854
f 1857/1857/1857 1854/1854/1854 1856/1856/1856
f 1858/1858/1858 1857/1857/1857 1856/1856/1856
f 1847/1847/1847 1860/1860/1860 1859/1859/1859
f 1847/1847/1847 1861/1861/1861 1860/1860/1860
f 1862/1862/1862 1860/1860/1860 1861/1861/1861
f 1863/1863/1863 1860/1860/1860 1862/1862/1862
f 1864/1864/1864 1862/1862/1862 1861/1861/1861
f 1865/1865/1865 1864/1864/1864 1861/1861/1861
f 1866/1866/1866 1864/1864/1864 1865/1865/1865
f 1867/1867/1867 1864/1864/1864 1866/1866/1866
f 1846/1846/1846 1866/1866/1866 1865/1865/1865
f 1868/1868/1868 1866/1866/1866 1846/1846/1846
f 1870/1870/1870 1857/1857/1857 1869/1869/1869
f 1871/1871/1871 1870/1870/1870 1869/1869/1869
f 1870/1870/1870 1873/1873/1873 1872/1872/1872
f 1855/1855/1855 1870/1870/1870 1872/1872/1872
f 1875/1875/1875 1869/1869/1869 1874/1874/1874
f 1876/1876/1876 1875/1875/1875 1874/1874/1874
f 1871/1871/1871 1878/1878/1878 1877/1877/1877
f 1878/1878/1878 1879/1879/1879 1877/1877/1877
f 1878/1878/1878 1875/1875/1875 1880/1880/1880
f 1881/1881/1881 1878/1878/1878 1880/1880/1880
f 1881/1881/1881 1883/1883/1883 1882/1882/1882
f 1885/1885/1885 1880/1880/1880 1884/1884/1884
f 1886/1886/1886 1885/1885/1885 1884/1884/1884
f 1883/1883/1883 1885/1885/1885 1887/1887/1887
f 1888/1888/1888 1883/1883/1883 1887/1887/1887
f 1890/1890/1890 1887/1887/1887 1889/1889/1889
f 1891/1891/1891 1890/1890/1890 1889/1889/1889
f 1894/1894/1894 1893/1893/1893 1892/1892/1892
f 1893/1893/1893 1895/1895/1895 1892/1892/1892
f 1897/1897/1897 1895/1895/1895 1896/1896/1896
f 1898/1898/1898 1897/1897/1897 1896/1896/1896
f 1900/1900/1900 1899/1899/1899 1896/1896/1896
f 1899/1899/1899 1901/1901/1901 1896/1896/1896
f 1903/1903/1903 1902/1902/1902 1898/1898/1898
f 1904/1904/1904 1903/1903/1903 1898/1898/1898
f 1904/1904/1904 1901/1901/1901 1905/1905/1905
f 1906/1906/1906 1904/1904/1904 1905/1905/1905
f 1908/1908/1908 1897/1897/1897 1907/1907/1907
f 1909/1909/1909 1908/1908/1908 1907/1907/1907
f 1892/1892/1892 1908/1908/1908 1910/1910/1910
f 1911/1911/1911 1892/1892/1892 1910/1910/1910
f 1910/1910/1910 1913/1913/1913 1912/1912/1912
f 1914/1914/1914 1910/1910/1910 1912/1912/1912
f 1916/1916/1916 1915/1915/1915 1911/1911/1911
f 1917/1917/1917 1916/1916/1916 1911/1911/1911
f 1918/1918/1918 1917/1917/1917 1914/1914/1914
f 1919/1919/1919 1918/1918/1918 1914/1914/1914
f 1922/1922/1922 1921/1921/1921 1920/1920/1920
f 1920/1920/1920 1921/1921/1921 1923/1923/1923
f 1926/1926/1926 1925/1925/1925 1924/1924/1924
f 1927/1927/1927 1926/1926/1926 1924/1924/1924
f 1929/1929/1929 1927/1927/1927 1928/1928/1928
f 1930/1930/1930 1929/1929/1929 1928/1928/1928
f 1932/1932/1932 1929/1929/1929 1931/1931/1931
f 1933/1933/1933 1932/1932/1932 1931/1931/1931
f 1932/1932/1932 1934/1934/1934 1926/1926/1926
f 1934/1934/1934 1935/1935/1935 1926/1926/1926
f 1937/1937/1937 1934/1934/1934 1936/1936/1936
f 1938/1938/1938 1937/1937/1937 1936/1936/1936
f 1935/1935/1935 1940/1940/1940 1939/1939/1939
f 1940/1940/1940 1941/1941/1941 1939/1939/1939
f 1937/1937/1937 1942/1942/1942 1940/1940/1940
f 1942/1942/1942 1943/1943/1943 1940/1940/1940
f 1945/1945/1945 1942/1942/1942 1944/1944/1944
f 1946/1946/1946 1945/1945/1945 1944/1944/1944
f 1943/1943/1943 1948/1948/1948 1947/1947/1947
f 1948/1948/1948 1949/1949/1949 1947/1947/1947
f 1945/1945/1945 1950/1950/1950 1948/1948/1948
f 1950/1950/1950 1951/1951/1951 1948/1948/1948
f 1953/1953/1953 1950/1950/1950 1952/1952/1952
f 1954/1954/1954 1953/1953/1953 1952/1952/1952
f 1951/1951/1951 1956/1956/1956 1955/1955/1955
f 1956/1956/1956 1957/1957/1957 1955/1955/1955
f 1953/1953/1953 1958/1958/1958 1956/1956/1956
f 1958/1958/1958 1959/1959/1959 1956/1956/1956
f 1962/1962/1962 1961/1961/1961 1960/1960/1960
f 1963/1963/1963 1962/1962/1962 1960/1960/1960
f 1965/1965/1965 1960/1960/1960 1964/1964/1964
f 1966/1966/1966 1965/1965/1965 1964/1964/1964
f 1962/1962/1962 1968/1968/1968 1967/1967/1967
f 1968/1968/1968 1969/1969/1969 1967/1967/1967
f 1969/1969/1969 1970/1970/1970 1967/1967/1967
f 1970/1970/1970 1969/1969/1969 1971/1971/1971
f 1963/1963/1963 1973/1973/1973 1972/1972/1972
f 1973/1973/1973 1974/1974/1974 1972/1972/1972
f 1973/1973/1973 1965/1965/1965 1975/1975/1975
f 1976/1976/1976 1973/1973/1973 1975/1975/1975
f 1979/1979/1979 1978/1978/1978 1977/1977/1977
f 1980/1980/1980 1979/1979/1979 1977/1977/1977
f 1983/1983/1983 1982/1982/1982 1981/1981/1981
f 1984/1984/1984 1983/1983/1983 1981/1981/1981
f 1981/1981/1981 1986/1986/1986 1985/1985/1985
f 1986/1986/1986 1987/1987/1987 1985/1985/1985
f 1989/1989/1989 1988/1988/1988 1985/1985/1985
f 1988/1988/1988 1990/1990/1990 1985/1985/1985
f 1990/1990/1990 1991/1991/1991 1984/1984/1984
f 1991/1991/1991 1992/1992/1992 1984/1984/1984
f 1994/1994/1994 1993/1993/1993 1987/1987/1987
f 1995/1995/1995 1994/1994/1994 1987/1987/1987
f 1997/1997/1997 1996/1996/1996 1986/1986/1986
f 1998/1998/1998 1997/1997/1997 1986/1986/1986
f 2000/2000/2000 1999/1999/1999 1992/1992/1992
f 2001/2001/2001 2000/2000/2000 1992/1992/1992
f 1991/1991/1991 2003/2003/2003 2002/2002/2002
f 2004/2004/2004 1991/1991/1991 2002/2002/2002
f 2007/2007/2007 2006/2006/2006 2005/2005/2005
f 2008/2008/2008 2007/2007/2007 2005/2005/2005
f 2010/2010/2010 2009/2009/2009 2008/2008/2008
f 2009/2009/2009 2011/2011/2011 2008/2008/2008
f 2013/2013/2013 2012/2012/2012 2011/2011/2011
f 2015/2015/2015 2014/2014/2014 2012/2012/2012
f 2017/2017/2017 2013/2013/2013 2016/2016/2016
f 2018/2018/2018 2017/2017/2017 2016/2016/2016
f 2015/2015/2015 2017/2017/2017 2019/2019/2019
f 2020/2020/2020 2015/2015/2015 2019/2019/2019
f 2022/2022/2022 2014/2014/2014 2021/2021/2021
f 2023/2023/2023 2022/2022/2022 2021/2021/2021
f 2024/2024/2024 2021/2021/2021 2020/2020/2020
f 2025/2025/2025 2024/2024/2024 2020/2020/2020
f 2025/2025/2025 2019/2019/2019 2026/2026/2026
f 2027/2027/2027 2025/2025/2025 2026/2026/2026
f 2026/2026/2026 2018/2018/2018 2028/2028/2028
f 2018/2018/2018 2029/2029/2029 2028/2028/2028
f 2031/2031/2031 2028/2028/2028 2030/2030/2030
f 2032/2032/2032 2031/2031/2031 2030/2030/2030
f 2034/2034/2034 2032/2032/2032 2033/2033/2033
f 2032/2032/2032 2035/2035/2035 2033/2033/2033
f 2030/2030/2030 2036/2036/2036 2035/2035/2035
f 2036/2036/2036 2037/2037/2037 2035/2035/2035
f 2036/2036/2036 2029/2029/2029 2038/2038/2038
f 2029/2029/2029 2039/2039/2039 2038/2038/2038
f 2033/2033/2033 2041/2041/2041 2040/2040/2040
f 2041/2041/2041 2042/2042/2042 2040/2040/2040
f 2041/2041/2041 2037/2037/2037 2043/2043/2043
f 2037/2037/2037 2044/2044/2044 2043/2043/2043
f 2044/2044/2044 2038/2038/2038 2045/2045/2045
f 2038/2038/2038 2046/2046/2046 2045/2045/2045
f 2046/2046/2046 2048/2048/2048 2047/2047/2047
f 2049/2049/2049 2046/2046/2046 2047/2047/2047
f 2050/2050/2050 2045/2045/2045 2049/2049/2049
f 2051/2051/2051 2050/2050/2050 2049/2049/2049
f 2043/2043/2043 2050/2050/2050 2052/2052/2052
f 2053/2053/2053 2043/2043/2043 2052/2052/2052
f 2042/2042/2042 2053/2053/2053 2054/2054/2054
f 2055/2055/2055 2042/2042/2042 2054/2054/2054
f 2057/2057/2057 2052/2052/2052 2056/2056/2056
f 2058/2058/2058 2057/2057/2057 2056/2056/2056
f 2054/2054/2054 2057/2057/2057 2059/2059/2059
f 2060/2060/2060 2054/2054/2054 2059/2059/2059
f 2061/2061/2061 2059/2059/2059 2058/2058/2058
f 2062/2062/2062 2061/2061/2061 2058/2058/2058
f 2064/2064/2064 2061/2061/2061 2063/2063/2063
f 2065/2065/2065 2064/2064/2064 2063/2063/2063
f 2066/2066/2066 2060/2060/2060 2064/2064/2064
f 2067/2067/2067 2066/2066/2066 2064/2064/2064
f 2055/2055/2055 2066/2066/2066 2068/2068/2068
f 2069/2069/2069 2055/2055/2055 2068/2068/2068
f 2071/2071/2071 2067/2067/2067 2070/2070/2070
f 2072/2072/2072 2068/2068/2068 2071/2071/2071
f 2073/2073/2073 2072/2072/2072 2071/2071/2071
f 2072/2072/2072 2074/2074/2074 2069/2069/2069
f 2074/2074/2074 2040/2040/2040 2069/2069/2069
f 2076/2076/2076 2065/2065/2065 2075/2075/2075
f 2077/2077/2077 2076/2076/2076 2075/2075/2075
f 2080/2080/2080 2079/2079/2079 2078/2078/2078
f 2081/2081/2081 2080/2080/2080 2078/2078/2078
f 2084/2084/2084 2083/2083/2083 2082/2082/2082
f 2085/2085/2085 2084/2084/2084 2082/2082/2082
f 2082/2082/2082 2087/2087/2087 2086/2086/2086
f 2087/2087/2087 2088/2088/2088 2086/2086/2086
f 2090/2090/2090 2089/2089/2089 2086/2086/2086
f 2089/2089/2089 2091/2091/2091 2086/2086/2086
f 2091/2091/2091 2092/2092/2092 2085/2085/2085
f 2092/2092/2092 2093/2093/2093 2085/2085/2085
f 2088/2088/2088 2095/2095/2095 2094/2094/2094
f 2088/2088/2088 2096/2096/2096 2095/2095/2095
f 2097/2097/2097 2095/2095/2095 2096/2096/2096
f 2098/2098/2098 2097/2097/2097 2096/2096/2096
f 2099/2099/2099 2097/2097/2097 2098/2098/2098
f 2099/2099/2099 2098/2098/2098 2100/2100/2100
f 2087/2087/2087 2100/2100/2100 2098/2098/2098
f 2101/2101/2101 2100/2100/2100 2087/2087/2087
f 2103/2103/2103 2093/2093/2093 2102/2102/2102
f 2093/2093/2093 2104/2104/2104 2102/2102/2102
f 2102/2102/2102 2104/2104/2104 2105/2105/2105
f 2104/2104/2104 2106/2106/2106 2105/2105/2105
f 2107/2107/2107 2106/2106/2106 2104/2104/2104
f 2106/2106/2106 2107/2107/2107 2108/2108/2108
f 2092/2092/2092 2108/2108/2108 2107/2107/2107
f 2109/2109/2109 2108/2108/2108 2092/2092/2092
f 2112/2112/2112 2111/2111/2111 2110/2110/2110
f 2113/2113/2113 2112/2112/2112 2110/2110/2110
f 2115/2115/2115 2114/2114/2114 2112/2112/2112
f 2116/2116/2116 2115/2115/2115 2112/2112/2112
f 2118/2118/2118 2114/2114/2114 2117/2117/2117
f 2114/2114/2114 2119/2119/2119 2117/2117/2117
f 2121/2121/2121 2120/2120/2120 2115/2115/2115
f 2120/2120/2120 2122/2122/2122 2115/2115/2115
f 2119/2119/2119 2122/2122/2122 2123/2123/2123
f 2124/2124/2124 2119/2119/2119 2123/2123/2123
f 2126/2126/2126 2125/2125/2125 2116/2116/2116
f 2127/2127/2127 2126/2126/2126 2116/2116/2116
f 2129/2129/2129 2128/2128/2128 2123/2123/2123
f 2130/2130/2130 2129/2129/2129 2123/2123/2123
f 2132/2132/2132 2131/2131/2131 2124/2124/2124
f 2133/2133/2133 2132/2132/2132 2124/2124/2124
f 2136/2136/2136 2135/2135/2135 2134/2134/2134
f 2137/2137/2137 2136/2136/2136 2134/2134/2134
f 2140/2140/2140 2139/2139/2139 2138/2138/2138
f 2140/2140/2140 2138/2138/2138 2141/2141/2141
f 2144/2144/2144 2143/2143/2143 2142/2142/2142
f 2145/2145/2145 2144/2144/2144 2142/2142/2142
f 2148/2148/2148 2147/2147/2147 2146/2146/2146
f 2147/2147/2147 2149/2149/2149 2146/2146/2146
f 2151/2151/2151 2147/2147/2147 2150/2150/2150
f 2152/2152/2152 2151/2151/2151 2150/2150/2150
f 2154/2154/2154 2153/2153/2153 2152/2152/2152
f 2153/2153/2153 2155/2155/2155 2152/2152/2152
f 2153/2153/2153 2157/2157/2157 2156/2156/2156
f 2157/2157/2157 2158/2158/2158 2156/2156/2156
f 2156/2156/2156 2159/2159/2159 2155/2155/2155
f 2159/2159/2159 2160/2160/2160 2155/2155/2155
f 2151/2151/2151 2160/2160/2160 2161/2161/2161
f 2149/2149/2149 2161/2161/2161 2162/2162/2162
f 2160/2160/2160 2163/2163/2163 2161/2161/2161
f 2161/2161/2161 2164/2164/2164 2162/2162/2162
f 2166/2166/2166 2165/2165/2165 2164/2164/2164
f 2167/2167/2167 2166/2166/2166 2164/2164/2164
f 2163/2163/2163 2168/2168/2168 2167/2167/2167
f 2159/2159/2159 2169/2169/2169 2168/2168/2168
f 2168/2168/2168 2170/2170/2170 2167/2167/2167
f 2171/2171/2171 2166/2166/2166 2170/2170/2170
f 2172/2172/2172 2171/2171/2171 2170/2170/2170
f 2169/2169/2169 2173/2173/2173 2168/2168/2168
f 2173/2173/2173 2174/2174/2174 2172/2172/2172
f 2174/2174/2174 2175/2175/2175 2172/2172/2172
f 2176/2176/2176 2169/2169/2169 2158/2158/2158
f 2177/2177/2177 2176/2176/2176 2158/2158/2158
f 2176/2176/2176 2178/2178/2178 2174/2174/2174
f 2178/2178/2178 2179/2179/2179 2174/2174/2174
f 2181/2181/2181 2180/2180/2180 2175/2175/2175
f 2182/2182/2182 2181/2181/2181 2175/2175/2175
f 2179/2179/2179 2183/2183/2183 2182/2182/2182
f 2183/2183/2183 2184/2184/2184 2182/2182/2182
f 2185/2185/2185 2181/2181/2181 2184/2184/2184
f 2186/2186/2186 2185/2185/2185 2184/2184/2184
f 2188/2188/2188 2187/2187/2187 2177/2177/2177
f 2187/2187/2187 2189/2189/2189 2177/2177/2177
f 2190/2190/2190 2178/2178/2178 2189/2189/2189
f 2191/2191/2191 2190/2190/2190 2189/2189/2189
f 2187/2187/2187 2192/2192/2192 2191/2191/2191
f 2192/2192/2192 2193/2193/2193 2191/2191/2191
f 2190/2190/2190 2194/2194/2194 2183/2183/2183
f 2194/2194/2194 2195/2195/2195 2183/2183/2183
f 2196/2196/2196 2194/2194/2194 2193/2193/2193
f 2197/2197/2197 2196/2196/2196 2193/2193/2193
f 2195/2195/2195 2198/2198/2198 2186/2186/2186
f 2196/2196/2196 2199/2199/2199 2198/2198/2198
f 2198/2198/2198 2200/2200/2200 2186/2186/2186
f 2199/2199/2199 2201/2201/2201 2198/2198/2198
f 2203/2203/2203 2202/2202/2202 2197/2197/2197
f 2202/2202/2202 2204/2204/2204 2197/2197/2197
f 2205/2205/2205 2199/2199/2199 2204/2204/2204
f 2206/2206/2206 2205/2205/2205 2204/2204/2204
f 2202/2202/2202 2207/2207/2207 2206/2206/2206
f 2207/2207/2207 2208/2208/2208 2206/2206/2206
f 2210/2210/2210 2209/2209/2209 2208/2208/2208
f 2209/2209/2209 2211/2211/2211 2208/2208/2208
f 2205/2205/2205 2211/2211/2211 2212/2212/2212
f 2211/2211/2211 2213/2213/2213 2212/2212/2212
f 2201/2201/2201 2212/2212/2212 2214/2214/2214
f 2212/2212/2212 2215/2215/2215 2214/2214/2214
f 2213/2213/2213 2217/2217/2217 2216/2216/2216
f 2217/2217/2217 2218/2218/2218 2216/2216/2216
f 2216/2216/2216 2219/2219/2219 2215/2215/2215
f 2219/2219/2219 2220/2220/2220 2215/2215/2215
f 2214/2214/2214 2220/2220/2220 2200/2200/2200
f 2220/2220/2220 2221/2221/2221 2200/2200/2200
f 2224/2224/2224 2223/2223/2223 2222/2222/2222
f 2225/2225/2225 2224/2224/2224 2222/2222/2222
f 2227/2227/2227 2222/2222/2222 2226/2226/2226
f 2228/2228/2228 2227/2227/2227 2226/2226/2226
f 2225/2225/2225 2230/2230/2230 2229/2229/2229
f 2230/2230/2230 2231/2231/2231 2229/2229/2229
f 2230/2230/2230 2227/2227/2227 2232/2232/2232
f 2233/2233/2233 2230/2230/2230 2232/2232/2232
f 2236/2236/2236 2235/2235/2235 2234/2234/2234
f 2237/2237/2237 2236/2236/2236 2234/2234/2234
f 2240/2240/2240 2239/2239/2239 2238/2238/2238
f 2241/2241/2241 2240/2240/2240 2238/2238/2238
f 2243/2243/2243 2242/2242/2242 2241/2241/2241
f 2244/2244/2244 2243/2243/2243 2241/2241/2241
f 2242/2242/2242 2246/2246/2246 2245/2245/2245
f 2246/2246/2246 2247/2247/2247 2245/2245/2245
f 2245/2245/2245 2248/2248/2248 2240/2240/2240
f 2248/2248/2248 2249/2249/2249 2240/2240/2240
f 2251/2251/2251 2249/2249/2249 2250/2250/2250
f 2249/2249/2249 2252/2252/2252 2250/2250/2250
f 2254/2254/2254 2253/2253/2253 2248/2248/2248
f 2253/2253/2253 2255/2255/2255 2248/2248/2248
f 2252/2252/2252 2255/2255/2255 2256/2256/2256
f 2257/2257/2257 2252/2252/2252 2256/2256/2256
f 2259/2259/2259 2258/2258/2258 2256/2256/2256
f 2258/2258/2258 2260/2260/2260 2256/2256/2256
f 2262/2262/2262 2261/2261/2261 2257/2257/2257
f 2263/2263/2263 2262/2262/2262 2257/2257/2257
f 2263/2263/2263 2260/2260/2260 2264/2264/2264
f 2265/2265/2265 2263/2263/2263 2264/2264/2264
f 2265/2265/2265 2267/2267/2267 2266/2266/2266
f 2267/2267/2267 2268/2268/2268 2266/2266/2266
f 2270/2270/2270 2264/2264/2264 2269/2269/2269
f 2271/2271/2271 2270/2270/2270 2269/2269/2269
f 2266/2266/2266 2272/2272/2272 2269/2269/2269
f 2272/2272/2272 2273/2273/2273 2269/2269/2269
f 2275/2275/2275 2272/2272/2272 2274/2274/2274
f 2276/2276/2276 2275/2275/2275 2274/2274/2274
f 2278/2278/2278 2273/2273/2273 2277/2277/2277
f 2279/2279/2279 2278/2278/2278 2277/2277/2277
f 2277/2277/2277 2275/2275/2275 2280/2280/2280
f 2281/2281/2281 2277/2277/2277 2280/2280/2280
f 2280/2280/2280 2283/2283/2283 2282/2282/2282
f 2244/2244/2244 2280/2280/2280 2282/2282/2282
f 2285/2285/2285 2284/2284/2284 2281/2281/2281
f 2243/2243/2243 2285/2285/2285 2281/2281/2281
f 2288/2288/2288 2287/2287/2287 2286/2286/2286
f 2289/2289/2289 2287/2287/2287 2288/2288/2288
f 2290/2290/2290 2289/2289/2289 2288/2288/2288
f 2288/2288/2288 2291/2291/2291 2290/2290/2290
f 2292/2292/2292 2289/2289/2289 2290/2290/2290
f 2292/2292/2292 2293/2293/2293 2289/2289/2289
f 2290/2290/2290 2291/2291/2291 2294/2294/2294
f 2295/2295/2295 2294/2294/2294 2291/2291/2291
f 2296/2296/2296 2294/2294/2294 2295/2295/2295
f 2297/2297/2297 2294/2294/2294 2296/2296/2296
f 2292/2292/2292 2290/2290/2290 2298/2298/2298
f 2298/2298/2298 2294/2294/2294 2297/2297/2297
f 2299/2299/2299 2292/2292/2292 2298/2298/2298
f 2298/2298/2298 2297/2297/2297 2299/2299/2299
f 2292/2292/2292 2300/2300/2300 2293/2293/2293
f 2297/2297/2297 2301/2301/2301 2299/2299/2299
f 2301/2301/2301 2297/2297/2297 2302/2302/2302
f 2299/2299/2299 2301/2301/2301 2303/2303/2303
f 2304/2304/2304 2301/2301/2301 2302/2302/2302
f 2305/2305/2305 2304/2304/2304 2302/2302/2302
f 2304/2304/2304 2305/2305/2305 2306/2306/2306
f 2305/2305/2305 2307/2307/2307 2306/2306/2306
f 2308/2308/2308 2306/2306/2306 2307/2307/2307
f 2301/2301/2301 2309/2309/2309 2303/2303/2303
f 2306/2306/2306 2308/2308/2308 2309/2309/2309
f 2303/2303/2303 2309/2309/2309 2310/2310/2310
f 2310/2310/2310 2309/2309/2309 2308/2308/2308
f 2300/2300/2300 2303/2303/2303 2310/2310/2310
f 2310/2310/2310 2308/2308/2308 2311/2311/2311
f 2308/2308/2308 2312/2312/2312 2311/2311/2311
f 2313/2313/2313 2311/2311/2311 2312/2312/2312
f 2313/2313/2313 2314/2314/2314 2311/2311/2311
f 2315/2315/2315 2311/2311/2311 2314/2314/2314
f 2300/2300/2300 2310/2310/2310 2315/2315/2315
f 2316/2316/2316 2315/2315/2315 2314/2314/2314
f 2316/2316/2316 2300/2300/2300 2315/2315/2315
f 2293/2293/2293 2300/2300/2300 2316/2316/2316
f 2293/2293/2293 2316/2316/2316 2317/2317/2317
f 2316/2316/2316 2318/2318/2318 2317/2317/2317
f 2317/2317/2317 2319/2319/2319 2287/2287/2287
f 2287/2287/2287 2319/2319/2319 2320/2320/2320
f 2321/2321/2321 2287/2287/2287 2320/2320/2320
f 2322/2322/2322 2319/2319/2319 2317/2317/2317
f 2319/2319/2319 2323/2323/2323 2320/2320/2320
f 2322/2322/2322 2317/2317/2317 2324/2324/2324
f 2321/2321/2321 2320/2320/2320 2325/2325/2325
f 2326/2326/2326 2321/2321/2321 2325/2325/2325
f 2326/2326/2326 2325/2325/2325 2327/2327/2327
f 2325/2325/2325 2328/2328/2328 2327/2327/2327
f 2325/2325/2325 2329/2329/2329 2328/2328/2328
f 2320/2320/2320 2323/2323/2323 2329/2329/2329
f 2329/2329/2329 2330/2330/2330 2328/2328/2328
f 2329/2329/2329 2323/2323/2323 2330/2330/2330
f 2330/2330/2330 2323/2323/2323 2331/2331/2331
f 2331/2331/2331 2323/2323/2323 2332/2332/2332
f 2333/2333/2333 2332/2332/2332 2323/2323/2323
f 2334/2334/2334 2322/2322/2322 2324/2324/2324
f 2333/2333/2333 2322/2322/2322 2334/2334/2334
f 2335/2335/2335 2334/2334/2334 2324/2324/2324
f 2336/2336/2336 2335/2335/2335 2324/2324/2324
f 2336/2336/2336 2337/2337/2337 2335/2335/2335
f 2337/2337/2337 2338/2338/2338 2335/2335/2335
f 2335/2335/2335 2338/2338/2338 2339/2339/2339
f 2339/2339/2339 2333/2333/2333 2334/2334/2334
f 2338/2338/2338 2340/2340/2340 2339/2339/2339
f 2339/2339/2339 2340/2340/2340 2333/2333/2333
f 2333/2333/2333 2340/2340/2340 2332/2332/2332
f 2331/2331/2331 2342/2342/2342 2341/2341/2341
f 2342/2342/2342 2343/2343/2343 2341/2341/2341
f 2332/2332/2332 2345/2345/2345 2344/2344/2344
f 2346/2346/2346 2344/2344/2344 2345/2345/2345
f 2342/2342/2342 2344/2344/2344 2347/2347/2347
f 2342/2342/2342 2347/2347/2347 2348/2348/2348
f 2342/2342/2342 2348/2348/2348 2349/2349/2349
f 2347/2347/2347 2344/2344/2344 2350/2350/2350
f 2351/2351/2351 2348/2348/2348 2347/2347/2347
f 2349/2349/2349 2348/2348/2348 2352/2352/2352
f 2353/2353/2353 2349/2349/2349 2352/2352/2352
f 2353/2353/2353 2352/2352/2352 2354/2354/2354
f 2352/2352/2352 2355/2355/2355 2354/2354/2354
f 2352/2352/2352 2356/2356/2356 2355/2355/2355
f 2356/2356/2356 2348/2348/2348 2351/2351/2351
f 2356/2356/2356 2357/2357/2357 2355/2355/2355
f 2350/2350/2350 2344/2344/2344 2358/2358/2358
f 2359/2359/2359 2358/2358/2358 2344/2344/2344
f 2360/2360/2360 2350/2350/2350 2358/2358/2358
f 2361/2361/2361 2358/2358/2358 2359/2359/2359
f 2362/2362/2362 2361/2361/2361 2359/2359/2359
f 2362/2362/2362 2363/2363/2363 2361/2361/2361
f 2363/2363/2363 2364/2364/2364 2361/2361/2361
f 2361/2361/2361 2364/2364/2364 2365/2365/2365
f 2365/2365/2365 2360/2360/2360 2358/2358/2358
f 2364/2364/2364 2366/2366/2366 2365/2365/2365
f 2365/2365/2365 2366/2366/2366 2360/2360/2360
f 2356/2356/2356 2351/2351/2351 2367/2367/2367
f 2356/2356/2356 2367/2367/2367 2357/2357/2357
f 2368/2368/2368 2357/2357/2357 2367/2367/2367
f 2369/2369/2369 2357/2357/2357 2368/2368/2368
f 2370/2370/2370 2367/2367/2367 2351/2351/2351
f 2360/2360/2360 2370/2370/2370 2351/2351/2351
f 2370/2370/2370 2360/2360/2360 2366/2366/2366
f 2371/2371/2371 2370/2370/2370 2366/2366/2366
f 2371/2371/2371 2366/2366/2366 2372/2372/2372
f 2375/2375/2375 2374/2374/2374 2373/2373/2373
f 2374/2374/2374 2376/2376/2376 2373/2373/2373
f 2379/2379/2379 2378/2378/2378 2377/2377/2377
f 2380/2380/2380 2379/2379/2379 2377/2377/2377
f 2377/2377/2377 2382/2382/2382 2381/2381/2381
f 2382/2382/2382 2383/2383/2383 2381/2381/2381
f 2385/2385/2385 2384/2384/2384 2381/2381/2381
f 2384/2384/2384 2386/2386/2386 2381/2381/2381
f 2386/2386/2386 2387/2387/2387 2380/2380/2380
f 2387/2387/2387 2388/2388/2388 2380/2380/2380
f 2383/2383/2383 2390/2390/2390 2389/2389/2389
f 2383/2383/2383 2391/2391/2391 2390/2390/2390
f 2392/2392/2392 2390/2390/2390 2391/2391/2391
f 2393/2393/2393 2392/2392/2392 2391/2391/2391
f 2394/2394/2394 2392/2392/2392 2393/2393/2393
f 2394/2394/2394 2393/2393/2393 2395/2395/2395
f 2382/2382/2382 2395/2395/2395 2393/2393/2393
f 2396/2396/2396 2395/2395/2395 2382/2382/2382
f 2398/2398/2398 2388/2388/2388 2397/2397/2397
f 2388/2388/2388 2399/2399/2399 2397/2397/2397
f 2397/2397/2397 2399/2399/2399 2400/2400/2400
f 2399/2399/2399 2401/2401/2401 2400/2400/2400
f 2402/2402/2402 2400/2400/2400 2401/2401/2401
f 2402/2402/2402 2401/2401/2401 2403/2403/2403
f 2387/2387/2387 2403/2403/2403 2401/2401/2401
f 2404/2404/2404 2403/2403/2403 2387/2387/2387
f 2407/2407/2407 2406/2406/2406 2405/2405/2405
f 2408/2408/2408 2407/2407/2407 2405/2405/2405
f 2411/2411/2411 2410/2410/2410 2409/2409/2409
f 2412/2412/2412 2411/2411/2411 2409/2409/2409
f 2415/2415/2415 2414/2414/2414 2413/2413/2413
f 2416/2416/2416 2415/2415/2415 2413/2413/2413
f 2419/2419/2419 2418/2418/2418 2417/2417/2417
f 2420/2420/2420 2419/2419/2419 2417/2417/2417
f 2423/2423/2423 2422/2422/2422 2421/2421/2421
f 2424/2424/2424 2423/2423/2423 2421/2421/2421
f 2427/2427/2427 2426/2426/2426 2425/2425/2425
f 2428/2428/2428 2427/2427/2427 2425/2425/2425
f 2430/2430/2430 2425/2425/2425 2429/2429/2429
f 2431/2431/2431 2430/2430/2430 2429/2429/2429
f 2428/2428/2428 2433/2433/2433 2432/2432/2432
f 2433/2433/2433 2434/2434/2434 2432/2432/2432
f 2433/2433/2433 2430/2430/2430 2435/2435/2435
f 2436/2436/2436 2433/2433/2433 2435/2435/2435
f 2438/2438/2438 2435/2435/2435 2437/2437/2437
f 2439/2439/2439 2438/2438/2438 2437/2437/2437
f 2436/2436/2436 2441/2441/2441 2440/2440/2440
f 2441/2441/2441 2442/2442/2442 2440/2440/2440
f 2445/2445/2445 2444/2444/2444 2443/2443/2443
f 2446/2446/2446 2445/2445/2445 2443/2443/2443
f 2443/2443/2443 2448/2448/2448 2447/2447/2447
f 2448/2448/2448 2449/2449/2449 2447/2447/2447
f 2451/2451/2451 2450/2450/2450 2447/2447/2447
f 2450/2450/2450 2452/2452/2452 2447/2447/2447
f 2452/2452/2452 2453/2453/2453 2446/2446/2446
f 2453/2453/2453 2454/2454/2454 2446/2446/2446
f 2456/2456/2456 2455/2455/2455 2449/2449/2449
f 2457/2457/2457 2456/2456/2456 2449/2449/2449
f 2459/2459/2459 2458/2458/2458 2448/2448/2448
f 2460/2460/2460 2459/2459/2459 2448/2448/2448
f 2462/2462/2462 2461/2461/2461 2454/2454/2454
f 2463/2463/2463 2462/2462/2462 2454/2454/2454
f 2453/2453/2453 2465/2465/2465 2464/2464/2464
f 2466/2466/2466 2453/2453/2453 2464/2464/2464
f 2469/2469/2469 2468/2468/2468 2467/2467/2467
f 2470/2470/2470 2469/2469/2469 2467/2467/2467
f 2473/2473/2473 2472/2472/2472 2471/2471/2471
f 2474/2474/2474 2473/2473/2473 2471/2471/2471
f 2477/2477/2477 2476/2476/2476 2475/2475/2475
f 2478/2478/2478 2477/2477/2477 2475/2475/2475
f 2481/2481/2481 2480/2480/2480 2479/2479/2479
f 2482/2482/2482 2481/2481/2481 2479/2479/2479
f 2479/2479/2479 2484/2484/2484 2483/2483/2483
f 2484/2484/2484 2485/2485/2485 2483/2483/2483
f 2487/2487/2487 2486/2486/2486 2483/2483/2483
f 2488/2488/2488 2487/2487/2487 2483/2483/2483
f 2490/2490/2490 2484/2484/2484 2489/2489/2489
f 2491/2491/2491 2490/2490/2490 2489/2489/2489
f 2493/2493/2493 2485/2485/2485 2492/2492/2492
f 2494/2494/2494 2493/2493/2493 2492/2492/2492
f 2492/2492/2492 2490/2490/2490 2495/2495/2495
f 2496/2496/2496 2492/2492/2492 2495/2495/2495
f 2495/2495/2495 2498/2498/2498 2497/2497/2497
f 2499/2499/2499 2495/2495/2495 2497/2497/2497
f 2501/2501/2501 2500/2500/2500 2496/2496/2496
f 2502/2502/2502 2501/2501/2501 2496/2496/2496
f 2505/2505/2505 2504/2504/2504 2503/2503/2503
f 2506/2506/2506 2505/2505/2505 2503/2503/2503
f 2509/2509/2509 2508/2508/2508 2507/2507/2507
f 2510/2510/2510 2509/2509/2509 2507/2507/2507
f 2511/2511/2511 2509/2509/2509 2510/2510/2510
f 2512/2512/2512 2509/2509/2509 2511/2511/2511
f 2513/2513/2513 2512/2512/2512 2511/2511/2511
f 2514/2514/2514 2509/2509/2509 2512/2512/2512
f 2517/2517/2517 2516/2516/2516 2515/2515/2515
f 2518/2518/2518 2517/2517/2517 2515/2515/2515
f 2521/2521/2521 2520/2520/2520 2519/2519/2519
f 2522/2522/2522 2521/2521/2521 2519/2519/2519
f 2525/2525/2525 2524/2524/2524 2523/2523/2523
f 2526/2526/2526 2525/2525/2525 2523/2523/2523
f 2529/2529/2529 2528/2528/2528 2527/2527/2527
f 2530/2530/2530 2529/2529/2529 2527/2527/2527
f 2533/2533/2533 2532/2532/2532 2531/2531/2531
f 2534/2534/2534 2533/2533/2533 2531/2531/2531
f 2537/2537/2537 2536/2536/2536 2535/2535/2535
f 2538/2538/2538 2537/2537/2537 2535/2535/2535
f 2541/2541/2541 2540/2540/2540 2539/2539/2539
f 2542/2542/2542 2541/2541/2541 2539/2539/2539
f 2545/2545/2545 2544/2544/2544 2543/2543/2543
f 2546/2546/2546 2545/2545/2545 2543/2543/2543
f 2549/2549/2549 2548/2548/2548 2547/2547/2547
f 2550/2550/2550 2549/2549/2549 2547/2547/2547
f 2553/2553/2553 2552/2552/2552 2551/2551/2551
f 2554/2554/2554 2553/2553/2553 2551/2551/2551
f 2557/2557/2557 2556/2556/2556 2555/2555/2555
f 2558/2558/2558 2557/2557/2557 2555/2555/2555
f 2561/2561/2561 2560/2560/2560 2559/2559/2559
f 2562/2562/2562 2561/2561/2561 2559/2559/2559
f 2565/2565/2565 2564/2564/2564 2563/2563/2563
f 2566/2566/2566 2565/2565/2565 2563/2563/2563
f 2569/2569/2569 2568/2568/2568 2567/2567/2567
f 2570/2570/2570 2569/2569/2569 2567/2567/2567
f 2573/2573/2573 2572/2572/2572 2571/2571/2571
f 2574/2574/2574 2573/2573/2573 2571/2571/2571
f 2577/2577/2577 2576/2576/2576 2575/2575/2575
f 2578/2578/2578 2577/2577/2577 2575/2575/2575
f 2581/2581/2581 2580/2580/2580 2579/2579/2579
f 2582/2582/2582 2581/2581/2581 2579/2579/2579
f 2585/2585/2585 2584/2584/2584 2583/2583/2583
f 2586/2586/2586 2585/2585/2585 2583/2583/2583
f 2589/2589/2589 2588/2588/2588 2587/2587/2587
f 2590/2590/2590 2589/2589/2589 2587/2587/2587
f 2593/2593/2593 2592/2592/2592 2591/2591/2591
f 2594/2594/2594 2593/2593/2593 2591/2591/2591
f 2597/2597/2597 2596/2596/2596 2595/2595/2595
f 2598/2598/2598 2597/2597/2597 2595/2595/2595
f 2601/2601/2601 2600/2600/2600 2599/2599/2599
f 2602/2602/2602 2601/2601/2601 2599/2599/2599
f 2605/2605/2605 2604/2604/2604 2603/2603/2603
f 2606/2606/2606 2605/2605/2605 2603/2603/2603
f 2609/2609/2609 2608/2608/2608 2607/2607/2607
f 2610/2610/2610 2609/2609/2609 2607/2607/2607
f 2613/2613/2613 2612/2612/2612 2611/2611/2611
f 2614/2614/2614 2613/2613/2613 2611/2611/2611
f 2617/2617/2617 2616/2616/2616 2615/2615/2615
f 2618/2618/2618 2617/2617/2617 2615/2615/2615
f 2621/2621/2621 2620/2620/2620 2619/2619/2619
f 2622/2622/2622 2621/2621/2621 2619/2619/2619
f 2625/2625/2625 2624/2624/2624 2623/2623/2623
f 2626/2626/2626 2625/2625/2625 2623/2623/2623
f 2629/2629/2629 2628/2628/2628 2627/2627/2627
f 2630/2630/2630 2629/2629/2629 2627/2627/2627
f 2633/2633/2633 2632/2632/2632 2631/2631/2631
f 2634/2634/2634 2633/2633/2633 2631/2631/2631
f 2637/2637/2637 2636/2636/2636 2635/2635/2635
f 2638/2638/2638 2637/2637/2637 2635/2635/2635
f 2641/2641/2641 2640/2640/2640 2639/2639/2639
f 2642/2642/2642 2641/2641/2641 2639/2639/2639
f 2645/2645/2645 2644/2644/2644 2643/2643/2643
f 2646/2646/2646 2645/2645/2645 2643/2643/2643
f 2649/2649/2649 2648/2648/2648 2647/2647/2647
f 2650/2650/2650 2649/2649/2649 2647/2647/2647
f 2653/2653/2653 2652/2652/2652 2651/2651/2651
f 2654/2654/2654 2653/2653/2653 2651/2651/2651
f 2657/2657/2657 2656/2656/2656 2655/2655/2655
f 2658/2658/2658 2657/2657/2657 2655/2655/2655
f 2661/2661/2661 2660/2660/2660 2659/2659/2659
f 2662/2662/2662 2661/2661/2661 2659/2659/2659
f 2665/2665/2665 2664/2664/2664 2663/2663/2663
f 2666/2666/2666 2665/2665/2665 2663/2663/2663
f 2669/2669/2669 2668/2668/2668 2667/2667/2667
f 2670/2670/2670 2669/2669/2669 2667/2667/2667
f 2673/2673/2673 2672/2672/2672 2671/2671/2671
f 2674/2674/2674 2673/2673/2673 2671/2671/2671
f 2677/2677/2677 2676/2676/2676 2675/2675/2675
f 2678/2678/2678 2677/2677/2677 2675/2675/2675
f 2681/2681/2681 2680/2680/2680 2679/2679/2679
f 2682/2682/2682 2681/2681/2681 2679/2679/2679
f 2685/2685/2685 2684/2684/2684 2683/2683/2683
f 2686/2686/2686 2685/2685/2685 2683/2683/2683
f 2689/2689/2689 2688/2688/2688 2687/2687/2687
f 2690/2690/2690 2689/2689/2689 2687/2687/2687
f 2693/2693/2693 2692/2692/2692 2691/2691/2691
f 2694/2694/2694 2693/2693/2693 2691/2691/2691
f 2697/2697/2697 2696/2696/2696 2695/2695/2695
f 2698/2698/2698 2697/2697/2697 2695/2695/2695
f 2701/2701/2701 2700/2700/2700 2699/2699/2699
f 2702/2702/2702 2701/2701/2701 2699/2699/2699
f 2705/2705/2705 2704/2704/2704 2703/2703/2703
f 2706/2706/2706 2705/2705/2705 2703/2703/2703
f 2709/2709/2709 2708/2708/2708 2707/2707/2707
f 2710/2710/2710 2709/2709/2709 2707/2707/2707
f 2713/2713/2713 2712/2712/2712 2711/2711/2711
f 2714/2714/2714 2713/2713/2713 2711/2711/2711
f 2717/2717/2717 2716/2716/2716 2715/2715/2715
f 2718/2718/2718 2717/2717/2717 2715/2715/2715
f 2721/2721/2721 2720/2720/2720 2719/2719/2719
f 2722/2722/2722 2721/2721/2721 2719/2719/2719
f 2725/2725/2725 2724/2724/2724 2723/2723/2723
f 2726/2726/2726 2725/2725/2725 2723/2723/2723
f 2729/2729/2729 2728/2728/2728 2727/2727/2727
f 2730/2730/2730 2729/2729/2729 2727/2727/2727
f 2733/2733/2733 2732/2732/2732 2731/2731/2731
f 2734/2734/2734 2733/2733/2733 2731/2731/2731
f 2737/2737/2737 2736/2736/2736 2735/2735/2735
f 2738/2738/2738 2737/2737/2737 2735/2735/2735
f 2741/2741/2741 2740/2740/2740 2739/2739/2739
f 2742/2742/2742 2741/2741/2741 2739/2739/2739
f 2745/2745/2745 2744/2744/2744 2743/2743/2743
f 2746/2746/2746 2745/2745/2745 2743/2743/2743
f 2749/2749/2749 2748/2748/2748 2747/2747/2747
f 2750/2750/2750 2749/2749/2749 2747/2747/2747
f 2753/2753/2753 2752/2752/2752 2751/2751/2751
f 2754/2754/2754 2753/2753/2753 2751/2751/2751
f 2757/2757/2757 2756/2756/2756 2755/2755/2755
f 2758/2758/2758 2757/2757/2757 2755/2755/2755
f 2761/2761/2761 2760/2760/2760 2759/2759/2759
f 2762/2762/2762 2761/2761/2761 2759/2759/2759
f 2765/2765/2765 2764/2764/2764 2763/2763/2763
f 2766/2766/2766 2765/2765/2765 2763/2763/2763
f 2769/2769/2769 2768/2768/2768 2767/2767/2767
f 2770/2770/2770 2769/2769/2769 2767/2767/2767
f 2773/2773/2773 2772/2772/2772 2771/2771/2771
f 2774/2774/2774 2773/2773/2773 2771/2771/2771
f 2777/2777/2777 2776/2776/2776 2775/2775/2775
f 2778/2778/2778 2777/2777/2777 2775/2775/2775
f 2781/2781/2781 2780/2780/2780 2779/2779/2779
f 2782/2782/2782 2781/2781/2781 2779/2779/2779
f 2785/2785/2785 2784/2784/2784 2783/2783/2783
f 2786/2786/2786 2785/2785/2785 2783/2783/2783
f 2789/2789/2789 2788/2788/2788 2787/2787/2787
f 2790/2790/2790 2789/2789/2789 2787/2787/2787
f 2793/2793/2793 2792/2792/2792 2791/2791/2791
f 2794/2794/2794 2793/2793/2793 2791/2791/2791
f 2797/2797/2797 2796/2796/2796 2795/2795/2795
f 2798/2798/2798 2797/2797/2797 2795/2795/2795
f 2801/2801/2801 2800/2800/2800 2799/2799/2799
f 2802/2802/2802 2801/2801/2801 2799/2799/2799
f 2805/2805/2805 2804/2804/2804 2803/2803/2803
f 2806/2806/2806 2805/2805/2805 2803/2803/2803
f 2809/2809/2809 2808/2808/2808 2807/2807/2807
f 2810/2810/2810 2809/2809/2809 2807/2807/2807
f 2813/2813/2813 2812/2812/2812 2811/2811/2811
f 2814/2814/2814 2813/2813/2813 2811/2811/2811
f 2817/2817/2817 2816/2816/2816 2815/2815/2815
f 2818/2818/2818 2817/2817/2817 2815/2815/2815
f 2821/2821/2821 2820/2820/2820 2819/2819/2819
f 2822/2822/2822 2821/2821/2821 2819/2819/2819
f 2825/2825/2825 2824/2824/2824 2823/2823/2823
f 2826/2826/2826 2825/2825/2825 2823/2823/2823
f 2829/2829/2829 2828/2828/2828 2827/2827/2827
f 2830/2830/2830 2829/2829/2829 2827/2827/2827
f 2833/2833/2833 2832/2832/2832 2831/2831/2831
f 2834/2834/2834 2833/2833/2833 2831/2831/2831
f 2837/2837/2837 2836/2836/2836 2835/2835/2835
f 2838/2838/2838 2837/2837/2837 2835/2835/2835
f 2841/2841/2841 2840/2840/2840 2839/2839/2839
f 2842/2842/2842 2841/2841/2841 2839/2839/2839
f 2845/2845/2845 2844/2844/2844 2843/2843/2843
f 2846/2846/2846 2845/2845/2845 2843/2843/2843
f 2849/2849/2849 2848/2848/2848 2847/2847/2847
f 2850/2850/2850 2849/2849/2849 2847/2847/2847
f 2853/2853/2853 2852/2852/2852 2851/2851/2851
f 2854/2854/2854 2853/2853/2853 2851/2851/2851
f 2857/2857/2857 2856/2856/2856 2855/2855/2855
f 2858/2858/2858 2857/2857/2857 2855/2855/2855
f 2861/2861/2861 2860/2860/2860 2859/2859/2859
f 2862/2862/2862 2861/2861/2861 2859/2859/2859
f 2865/2865/2865 2864/2864/2864 2863/2863/2863
f 2866/2866/2866 2865/2865/2865 2863/2863/2863
f 2869/2869/2869 2868/2868/2868 2867/2867/2867
f 2870/2870/2870 2869/2869/2869 2867/2867/2867
f 2873/2873/2873 2872/2872/2872 2871/2871/2871
f 2874/2874/2874 2873/2873/2873 2871/2871/2871
f 2877/2877/2877 2876/2876/2876 2875/2875/2875
f 2878/2878/2878 2877/2877/2877 2875/2875/2875
f 2881/2881/2881 2880/2880/2880 2879/2879/2879
f 2882/2882/2882 2881/2881/2881 2879/2879/2879
f 2885/2885/2885 2884/2884/2884 2883/2883/2883
f 2886/2886/2886 2885/2885/2885 2883/2883/2883
f 2889/2889/2889 2888/2888/2888 2887/2887/2887
f 2890/2890/2890 2889/2889/2889 2887/2887/2887
f 2893/2893/2893 2892/2892/2892 2891/2891/2891
f 2894/2894/2894 2893/2893/2893 2891/2891/2891
f 2897/2897/2897 2896/2896/2896 2895/2895/2895
f 2898/2898/2898 2897/2897/2897 2895/2895/2895
f 2901/2901/2901 2900/2900/2900 2899/2899/2899
f 2902/2902/2902 2901/2901/2901 2899/2899/2899
f 2905/2905/2905 2904/2904/2904 2903/2903/2903
f 2906/2906/2906 2905/2905/2905 2903/2903/2903
f 2909/2909/2909 2908/2908/2908 2907/2907/2907
f 2907/2907/2907 2908/2908/2908 2910/2910/2910
f 2911/2911/2911 2910/2910/2910 2908/2908/2908
f 2911/2911/2911 2912/2912/2912 2910/2910/2910
f 2911/2911/2911 2908/2908/2908 2913/2913/2913
f 2908/2908/2908 2914/2914/2914 2913/2913/2913
f 2911/2911/2911 2913/2913/2913 2915/2915/2915
f 2914/2914/2914 2916/2916/2916 2913/2913/2913
f 2914/2914/2914 2917/2917/2917 2916/2916/2916
f 2917/2917/2917 2918/2918/2918 2916/2916/2916
f 2916/2916/2916 2918/2918/2918 2919/2919/2919
f 2915/2915/2915 2916/2916/2916 2919/2919/2919
f 2920/2920/2920 2911/2911/2911 2915/2915/2915
f 2919/2919/2919 2921/2921/2921 2915/2915/2915
f 2920/2920/2920 2915/2915/2915 2921/2921/2921
f 2920/2920/2920 2921/2921/2921 2922/2922/2922
f 2923/2923/2923 2922/2922/2922 2921/2921/2921
f 2924/2924/2924 2922/2922/2922 2923/2923/2923
f 2925/2925/2925 2924/2924/2924 2923/2923/2923
f 2926/2926/2926 2924/2924/2924 2925/2925/2925
f 2927/2927/2927 2926/2926/2926 2925/2925/2925
f 2927/2927/2927 2928/2928/2928 2926/2926/2926
f 2928/2928/2928 2929/2929/2929 2926/2926/2926
f 2926/2926/2926 2929/2929/2929 2930/2930/2930
f 2933/2933/2933 2932/2932/2932 2931/2931/2931
f 2934/2934/2934 2933/2933/2933 2931/2931/2931
f 2937/2937/2937 2936/2936/2936 2935/2935/2935
f 2938/2938/2938 2937/2937/2937 2935/2935/2935
f 2941/2941/2941 2940/2940/2940 2939/2939/2939
f 2942/2942/2942 2941/2941/2941 2939/2939/2939
f 2945/2945/2945 2944/2944/2944 2943/2943/2943
f 2946/2946/2946 2945/2945/2945 2943/2943/2943
f 2949/2949/2949 2948/2948/2948 2947/2947/2947
f 2950/2950/2950 2949/2949/2949 2947/2947/2947
f 2953/2953/2953 2952/2952/2952 2951/2951/2951
f 2954/2954/2954 2953/2953/2953 2951/2951/2951
f 2957/2957/2957 2956/2956/2956 2955/2955/2955
f 2958/2958/2958 2957/2957/2957 2955/2955/2955
f 2961/2961/2961 2960/2960/2960 2959/2959/2959
f 2962/2962/2962 2961/2961/2961 2959/2959/2959
f 2965/2965/2965 2964/2964/2964 2963/2963/2963
f 2966/2966/2966 2965/2965/2965 2963/2963/2963
f 2969/2969/2969 2968/2968/2968 2967/2967/2967
f 2970/2970/2970 2969/2969/2969 2967/2967/2967
f 2973/2973/2973 2972/2972/2972 2971/2971/2971
f 2974/2974/2974 2973/2973/2973 2971/2971/2971
f 2977/2977/2977 2976/2976/2976 2975/2975/2975
f 2978/2978/2978 2977/2977/2977 2975/2975/2975
f 2981/2981/2981 2980/2980/2980 2979/2979/2979
f 2982/2982/2982 2981/2981/2981 2979/2979/2979
f 2985/2985/2985 2984/2984/2984 2983/2983/2983
f 2986/2986/2986 2985/2985/2985 2983/2983/2983
f 2989/2989/2989 2988/2988/2988 2987/2987/2987
f 2990/2990/2990 2989/2989/2989 2987/2987/2987
f 2993/2993/2993 2992/2992/2992 2991/2991/2991
f 2994/2994/2994 2993/2993/2993 2991/2991/2991
f 2997/2997/2997 2996/2996/2996 2995/2995/2995
f 2998/2998/2998 2997/2997/2997 2995/2995/2995
f 3001/3001/3001 3000/3000/3000 2999/2999/2999
f 3002/3002/3002 3001/3001/3001 2999/2999/2999
f 3005/3005/3005 3004/3004/3004 3003/3003/3003
f 3006/3006/3006 3005/3005/3005 3003/3003/3003
f 3009/3009/3009 3008/3008/3008 3007/3007/3007
f 3010/3010/3010 3009/3009/3009 3007/3007/3007
f 3013/3013/3013 3012/3012/3012 3011/3011/3011
f 3014/3014/3014 3013/3013/3013 3011/3011/3011
f 3017/3017/3017 3016/3016/3016 3015/3015/3015
f 3018/3018/3018 3017/3017/3017 3015/3015/3015
f 3021/3021/3021 3020/3020/3020 3019/3019/3019
f 3022/3022/3022 3021/3021/3021 3019/3019/3019
f 3025/3025/3025 3024/3024/3024 3023/3023/3023
f 3026/3026/3026 3025/3025/3025 3023/3023/3023
f 3029/3029/3029 3028/3028/3028 3027/3027/3027
f 3030/3030/3030 3029/3029/3029 3027/3027/3027
f 3033/3033/3033 3032/3032/3032 3031/3031/3031
f 3034/3034/3034 3033/3033/3033 3031/3031/3031
f 3037/3037/3037 3036/3036/3036 3035/3035/3035
f 3038/3038/3038 3037/3037/3037 3035/3035/3035
f 3041/3041/3041 3040/3040/3040 3039/3039/3039
f 3042/3042/3042 3041/3041/3041 3039/3039/3039
f 3045/3045/3045 3044/3044/3044 3043/3043/3043
f 3046/3046/3046 3045/3045/3045 3043/3043/3043
f 3049/3049/3049 3048/3048/3048 3047/3047/3047
f 3050/3050/3050 3049/3049/3049 3047/3047/3047
f 3053/3053/3053 3052/3052/3052 3051/3051/3051
f 3054/3054/3054 3053/3053/3053 3051/3051/3051
f 3057/3057/3057 3056/3056/3056 3055/3055/3055
f 3058/3058/3058 3057/3057/3057 3055/3055/3055
f 3061/3061/3061 3060/3060/3060 3059/3059/3059
f 3062/3062/3062 3061/3061/3061 3059/3059/3059
f 3065/3065/3065 3064/3064/3064 3063/3063/3063
f 3066/3066/3066 3065/3065/3065 3063/3063/3063
f 3069/3069/3069 3068/3068/3068 3067/3067/3067
f 3070/3070/3070 3069/3069/3069 3067/3067/3067
f 3073/3073/3073 3072/3072/3072 3071/3071/3071
f 3074/3074/3074 3073/3073/3073 3071/3071/3071
f 3077/3077/3077 3076/3076/3076 3075/3075/3075
f 3078/3078/3078 3077/3077/3077 3075/3075/3075
f 3081/3081/3081 3080/3080/3080 3079/3079/3079
f 3082/3082/3082 3081/3081/3081 3079/3079/3079
f 3085/3085/3085 3084/3084/3084 3083/3083/3083
f 3086/3086/3086 3085/3085/3085 3083/3083/3083
f 3089/3089/3089 3088/3088/3088 3087/3087/3087
f 3090/3090/3090 3089/3089/3089 3087/3087/3087
f 3093/3093/3093 3092/3092/3092 3091/3091/3091
f 3094/3094/3094 3093/3093/3093 3091/3091/3091
f 3097/3097/3097 3096/3096/3096 3095/3095/3095
f 3098/3098/3098 3097/3097/3097 3095/3095/3095
f 3101/3101/3101 3100/3100/3100 3099/3099/3099
f 3102/3102/3102 3101/3101/3101 3099/3099/3099
f 3105/3105/3105 3104/3104/3104 3103/3103/3103
f 3106/3106/3106 3105/3105/3105 3103/3103/3103
f 3109/3109/3109 3108/3108/3108 3107/3107/3107
f 3110/3110/3110 3109/3109/3109 3107/3107/3107
f 3113/3113/3113 3112/3112/3112 3111/3111/3111
f 3114/3114/3114 3113/3113/3113 3111/3111/3111
f 3117/3117/3117 3116/3116/3116 3115/3115/3115
f 3118/3118/3118 3117/3117/3117 3115/3115/3115
f 3121/3121/3121 3120/3120/3120 3119/3119/3119
f 3122/3122/3122 3121/3121/3121 3119/3119/3119
f 3125/3125/3125 3124/3124/3124 3123/3123/3123
f 3126/3126/3126 3125/3125/3125 3123/3123/3123
f 3129/3129/3129 3128/3128/3128 3127/3127/3127
f 3130/3130/3130 3129/3129/3129 3127/3127/3127
f 3133/3133/3133 3132/3132/3132 3131/3131/3131
f 3134/3134/3134 3133/3133/3133 3131/3131/3131
f 3137/3137/3137 3136/3136/3136 3135/3135/3135
f 3138/3138/3138 3137/3137/3137 3135/3135/3135
f 3141/3141/3141 3140/3140/3140 3139/3139/3139
f 3142/3142/3142 3141/3141/3141 3139/3139/3139
f 3145/3145/3145 3144/3144/3144 3143/3143/3143
f 3146/3146/3146 3145/3145/3145 3143/3143/3143
f 3149/3149/3149 3148/3148/3148 3147/3147/3147
f 3150/3150/3150 3149/3149/3149 3147/3147/3147
f 3153/3153/3153 3152/3152/3152 3151/3151/3151
f 3154/3154/3154 3153/3153/3153 3151/3151/3151
f 3157/3157/3157 3156/3156/3156 3155/3155/3155
f 3158/3158/3158 3157/3157/3157 3155/3155/3155
f 3161/3161/3161 3160/3160/3160 3159/3159/3159
f 3162/3162/3162 3161/3161/3161 3159/3159/3159
f 3165/3165/3165 3164/3164/3164 3163/3163/3163
f 3166/3166/3166 3165/3165/3165 3163/3163/3163
f 3169/3169/3169 3168/3168/3168 3167/3167/3167
f 3170/3170/3170 3169/3169/3169 3167/3167/3167
f 3173/3173/3173 3172/3172/3172 3171/3171/3171
f 3174/3174/3174 3173/3173/3173 3171/3171/3171
f 3177/3177/3177 3176/3176/3176 3175/3175/3175
f 3178/3178/3178 3177/3177/3177 3175/3175/3175
f 3181/3181/3181 3180/3180/3180 3179/3179/3179
f 3182/3182/3182 3181/3181/3181 3179/3179/3179
f 3185/3185/3185 3184/3184/3184 3183/3183/3183
f 3186/3186/3186 3185/3185/3185 3183/3183/3183
f 3189/3189/3189 3188/3188/3188 3187/3187/3187
f 3190/3190/3190 3189/3189/3189 3187/3187/3187
f 3193/3193/3193 3192/3192/3192 3191/3191/3191
f 3194/3194/3194 3193/3193/3193 3191/3191/3191
f 3197/3197/3197 3196/3196/3196 3195/3195/3195
f 3198/3198/3198 3197/3197/3197 3195/3195/3195
f 3201/3201/3201 3200/3200/3200 3199/3199/3199
f 3202/3202/3202 3201/3201/3201 3199/3199/3199
f 3205/3205/3205 3204/3204/3204 3203/3203/3203
f 3206/3206/3206 3205/3205/3205 3203/3203/3203
f 3209/3209/3209 3208/3208/3208 3207/3207/3207
f 3210/3210/3210 3209/3209/3209 3207/3207/3207
f 3213/3213/3213 3212/3212/3212 3211/3211/3211
f 3214/3214/3214 3213/3213/3213 3211/3211/3211
f 3217/3217/3217 3216/3216/3216 3215/3215/3215
f 3218/3218/3218 3217/3217/3217 3215/3215/3215
f 3221/3221/3221 3220/3220/3220 3219/3219/3219
f 3222/3222/3222 3221/3221/3221 3219/3219/3219
f 3225/3225/3225 3224/3224/3224 3223/3223/3223
f 3226/3226/3226 3225/3225/3225 3223/3223/3223
f 3229/3229/3229 3228/3228/3228 3227/3227/3227
f 3230/3230/3230 3229/3229/3229 3227/3227/3227
f 3233/3233/3233 3232/3232/3232 3231/3231/3231
f 3234/3234/3234 3233/3233/3233 3231/3231/3231
f 3237/3237/3237 3236/3236/3236 3235/3235/3235
f 3238/3238/3238 3237/3237/3237 3235/3235/3235
f 3241/3241/3241 3240/3240/3240 3239/3239/3239
f 3242/3242/3242 3241/3241/3241 3239/3239/3239
f 3245/3245/3245 3244/3244/3244 3243/3243/3243
f 3246/3246/3246 3245/3245/3245 3243/3243/3243
f 3249/3249/3249 3248/3248/3248 3247/3247/3247
f 3250/3250/3250 3249/3249/3249 3247/3247/3247
f 3253/3253/3253 3252/3252/3252 3251/3251/3251
f 3254/3254/3254 3253/3253/3253 3251/3251/3251
f 3257/3257/3257 3256/3256/3256 3255/3255/3255
f 3258/3258/3258 3257/3257/3257 3255/3255/3255
f 3261/3261/3261 3260/3260/3260 3259/3259/3259
f 3262/3262/3262 3261/3261/3261 3259/3259/3259
f 3265/3265/3265 3264/3264/3264 3263/3263/3263
f 3266/3266/3266 3265/3265/3265 3263/3263/3263
f 3269/3269/3269 3268/3268/3268 3267/3267/3267
f 3270/3270/3270 3269/3269/3269 3267/3267/3267
f 3273/3273/3273 3272/3272/3272 3271/3271/3271
f 3274/3274/3274 3273/3273/3273 3271/3271/3271
f 3277/3277/3277 3276/3276/3276 3275/3275/3275
f 3278/3278/3278 3277/3277/3277 3275/3275/3275
f 3281/3281/3281 3280/3280/3280 3279/3279/3279
f 3282/3282/3282 3281/3281/3281 3279/3279/3279
f 3285/3285/3285 3284/3284/3284 3283/3283/3283
f 3286/3286/3286 3285/3285/3285 3283/3283/3283
f 3289/3289/3289 3288/3288/3288 3287/3287/3287
f 3290/3290/3290 3289/3289/3289 3287/3287/3287
f 3293/3293/3293 3292/3292/3292 3291/3291/3291
f 3294/3294/3294 3293/3293/3293 3291/3291/3291
f 3297/3297/3297 3296/3296/3296 3295/3295/3295
f 3298/3298/3298 3297/3297/3297 3295/3295/3295
f 3301/3301/3301 3300/3300/3300 3299/3299/3299
f 3302/3302/3302 3301/3301/3301 3299/3299/3299
f 3305/3305/3305 3304/3304/3304 3303/3303/3303
f 3306/3306/3306 3305/3305/3305 3303/3303/3303
f 3309/3309/3309 3308/3308/3308 3307/3307/3307
f 3310/3310/3310 3309/3309/3309 3307/3307/3307
f 3313/3313/3313 3312/3312/3312 3311/3311/3311
f 3314/3314/3314 3313/3313/3313 3311/3311/3311
f 3317/3317/3317 3316/3316/3316 3315/3315/3315
f 3318/3318/3318 3317/3317/3317 3315/3315/3315
f 3321/3321/3321 3320/3320/3320 3319/3319/3319
f 3322/3322/3322 3321/3321/3321 3319/3319/3319
f 3325/3325/3325 3324/3324/3324 3323/3323/3323
f 3326/3326/3326 3325/3325/3325 3323/3323/3323
f 3329/3329/3329 3328/3328/3328 3327/3327/3327
f 3330/3330/3330 3329/3329/3329 3327/3327/3327
f 3333/3333/3333 3332/3332/3332 3331/3331/3331
f 3334/3334/3334 3333/3333/3333 3331/3331/3331
f 3337/3337/3337 3336/3336/3336 3335/3335/3335
f 3338/3338/3338 3337/3337/3337 3335/3335/3335
f 3341/3341/3341 3340/3340/3340 3339/3339/3339
f 3342/3342/3342 3341/3341/3341 3339/3339/3339
f 3345/3345/3345 3344/3344/3344 3343/3343/3343
f 3346/3346/3346 3345/3345/3345 3343/3343/3343
f 3349/3349/3349 3348/3348/3348 3347/3347/3347
f 3350/3350/3350 3349/3349/3349 3347/3347/3347
f 3353/3353/3353 3352/3352/3352 3351/3351/3351
f 3354/3354/3354 3353/3353/3353 3351/3351/3351
f 3357/3357/3357 3356/3356/3356 3355/3355/3355
f 3358/3358/3358 3357/3357/3357 3355/3355/3355
f 3361/3361/3361 3360/3360/3360 3359/3359/3359
f 3362/3362/3362 3361/3361/3361 3359/3359/3359
f 3365/3365/3365 3364/3364/3364 3363/3363/3363
f 3366/3366/3366 3365/3365/3365 3363/3363/3363
f 3369/3369/3369 3368/3368/3368 3367/3367/3367
f 3370/3370/3370 3369/3369/3369 3367/3367/3367
f 3373/3373/3373 3372/3372/3372 3371/3371/3371
f 3374/3374/3374 3373/3373/3373 3371/3371/3371
f 3377/3377/3377 3376/3376/3376 3375/3375/3375
f 3378/3378/3378 3377/3377/3377 3375/3375/3375
f 3381/3381/3381 3380/3380/3380 3379/3379/3379
f 3379/3379/3379 3380/3380/3380 3382/3382/3382
f 3383/3383/3383 3382/3382/3382 3380/3380/3380
f 3386/3386/3386 3385/3385/3385 3384/3384/3384
f 3387/3387/3387 3386/3386/3386 3384/3384/3384
f 3390/3390/3390 3389/3389/3389 3388/3388/3388
f 3391/3391/3391 3390/3390/3390 3388/3388/3388
f 3394/3394/3394 3393/3393/3393 3392/3392/3392
f 3395/3395/3395 3394/3394/3394 3392/3392/3392
f 3398/3398/3398 3397/3397/3397 3396/3396/3396
f 3399/3399/3399 3398/3398/3398 3396/3396/3396
f 3402/3402/3402 3401/3401/3401 3400/3400/3400
f 3403/3403/3403 3402/3402/3402 3400/3400/3400
f 3406/3406/3406 3405/3405/3405 3404/3404/3404
f 3407/3407/3407 3406/3406/3406 3404/3404/3404
f 3410/3410/3410 3409/3409/3409 3408/3408/3408
f 3411/3411/3411 3410/3410/3410 3408/3408/3408
f 3414/3414/3414 3413/3413/3413 3412/3412/3412
f 3415/3415/3415 3414/3414/3414 3412/3412/3412
f 3418/3418/3418 3417/3417/3417 3416/3416/3416
f 3416/3416/3416 3417/3417/3417 3419/3419/3419
f 3420/3420/3420 3419/3419/3419 3417/3417/3417
f 3423/3423/3423 3422/3422/3422 3421/3421/3421
f 3424/3424/3424 3423/3423/3423 3421/3421/3421
f 3427/3427/3427 3426/3426/3426 3425/3425/3425
f 3428/3428/3428 3427/3427/3427 3425/3425/3425
f 3431/3431/3431 3430/3430/3430 3429/3429/3429
f 3432/3432/3432 3431/3431/3431 3429/3429/3429
f 3435/3435/3435 3434/3434/3434 3433/3433/3433
f 3436/3436/3436 3435/3435/3435 3433/3433/3433
f 3439/3439/3439 3438/3438/3438 3437/3437/3437
f 3440/3440/3440 3439/3439/3439 3437/3437/3437
f 3443/3443/3443 3442/3442/3442 3441/3441/3441
f 3444/3444/3444 3443/3443/3443 3441/3441/3441
f 3447/3447/3447 3446/3446/3446 3445/3445/3445
f 3448/3448/3448 3447/3447/3447 3445/3445/3445
f 3451/3451/3451 3450/3450/3450 3449/3449/3449
f 3449/3449/3449 3450/3450/3450 3452/3452/3452
f 3453/3453/3453 3452/3452/3452 3450/3450/3450
f 3456/3456/3456 3455/3455/3455 3454/3454/3454
f 3457/3457/3457 3456/3456/3456 3454/3454/3454
f 3460/3460/3460 3459/3459/3459 3458/3458/3458
f 3461/3461/3461 3460/3460/3460 3458/3458/3458
f 3464/3464/3464 3463/3463/3463 3462/3462/3462
f 3465/3465/3465 3464/3464/3464 3462/3462/3462
f 3468/3468/3468 3467/3467/3467 3466/3466/3466
f 3469/3469/3469 3468/3468/3468 3466/3466/3466
f 3472/3472/3472 3471/3471/3471 3470/3470/3470
f 3473/3473/3473 3472/3472/3472 3470/3470/3470
f 3476/3476/3476 3475/3475/3475 3474/3474/3474
f 3477/3477/3477 3476/3476/3476 3474/3474/3474
f 3480/3480/3480 3479/3479/3479 3478/3478/3478
f 3481/3481/3481 3480/3480/3480 3478/3478/3478
f 3484/3484/3484 3483/3483/3483 3482/3482/3482
f 3485/3485/3485 3484/3484/3484 3482/3482/3482
f 3488/3488/3488 3487/3487/3487 3486/3486/3486
f 3486/3486/3486 3487/3487/3487 3489/3489/3489
f 3490/3490/3490 3489/3489/3489 3487/3487/3487
f 3493/3493/3493 3492/3492/3492 3491/3491/3491
f 3494/3494/3494 3493/3493/3493 3491/3491/3491
f 3497/3497/3497 3496/3496/3496 3495/3495/3495
f 3498/3498/3498 3497/3497/3497 3495/3495/3495
f 3501/3501/3501 3500/3500/3500 3499/3499/3499
f 3502/3502/3502 3501/3501/3501 3499/3499/3499
f 3505/3505/3505 3504/3504/3504 3503/3503/3503
f 3506/3506/3506 3505/3505/3505 3503/3503/3503
f 3509/3509/3509 3508/3508/3508 3507/3507/3507
f 3510/3510/3510 3509/3509/3509 3507/3507/3507
f 3513/3513/3513 3512/3512/3512 3511/3511/3511
f 3514/3514/3514 3513/3513/3513 3511/3511/3511
f 3517/3517/3517 3516/3516/3516 3515/3515/3515
f 3518/3518/3518 3517/3517/3517 3515/3515/3515
f 3521/3521/3521 3520/3520/3520 3519/3519/3519
f 3522/3522/3522 3521/3521/3521 3519/3519/3519
f 3525/3525/3525 3524/3524/3524 3523/3523/3523
f 3526/3526/3526 3525/3525/3525 3523/3523/3523
f 3529/3529/3529 3528/3528/3528 3527/3527/3527
f 3530/3530/3530 3529/3529/3529 3527/3527/3527
f 3533/3533/3533 3532/3532/3532 3531/3531/3531
f 3534/3534/3534 3533/3533/3533 3531/3531/3531
f 3537/3537/3537 3536/3536/3536 3535/3535/3535
f 3538/3538/3538 3537/3537/3537 3535/3535/3535
f 3541/3541/3541 3540/3540/3540 3539/3539/3539
f 3542/3542/3542 3541/3541/3541 3539/3539/3539
f 3545/3545/3545 3544/3544/3544 3543/3543/3543
f 3546/3546/3546 3545/3545/3545 3543/3543/3543
f 3549/3549/3549 3548/3548/3548 3547/3547/3547
f 3550/3550/3550 3549/3549/3549 3547/3547/3547
f 3553/3553/3553 3552/3552/3552 3551/3551/3551
f 3554/3554/3554 3553/3553/3553 3551/3551/3551
f 3557/3557/3557 3556/3556/3556 3555/3555/3555
f 3558/3558/3558 3557/3557/3557 3555/3555/3555
f 3561/3561/3561 3560/3560/3560 3559/3559/3559
f 3562/3562/3562 3561/3561/3561 3559/3559/3559
f 3565/3565/3565 3564/3564/3564 3563/3563/3563
f 3566/3566/3566 3565/3565/3565 3563/3563/3563
f 3569/3569/3569 3568/3568/3568 3567/3567/3567
f 3570/3570/3570 3569/3569/3569 3567/3567/3567
f 3573/3573/3573 3572/3572/3572 3571/3571/3571
f 3574/3574/3574 3573/3573/3573 3571/3571/3571
f 3577/3577/3577 3576/3576/3576 3575/3575/3575
f 3578/3578/3578 3577/3577/3577 3575/3575/3575
f 3581/3581/3581 3580/3580/3580 3579/3579/3579
f 3582/3582/3582 3581/3581/3581 3579/3579/3579
f 3585/3585/3585 3584/3584/3584 3583/3583/3583
f 3586/3586/3586 3585/3585/3585 3583/3583/3583
f 3589/3589/3589 3588/3588/3588 3587/3587/3587
f 3590/3590/3590 3589/3589/3589 3587/3587/3587
f 3593/3593/3593 3592/3592/3592 3591/3591/3591
f 3594/3594/3594 3593/3593/3593 3591/3591/3591
f 3597/3597/3597 3596/3596/3596 3595/3595/3595
f 3596/3596/3596 3597/3597/3597 3598/3598/3598
f 3596/3596/3596 3598/3598/3598 3599/3599/3599
f 3600/3600/3600 3599/3599/3599 3598/3598/3598
f 3603/3603/3603 3602/3602/3602 3601/3601/3601
f 3603/3603/3603 3604/3604/3604 3602/3602/3602
f 3605/3605/3605 3602/3602/3602 3604/3604/3604
f 3606/3606/3606 3605/3605/3605 3604/3604/3604
f 3609/3609/3609 3608/3608/3608 3607/3607/3607
f 3608/3608/3608 3609/3609/3609 3610/3610/3610
f 3608/3608/3608 3610/3610/3610 3611/3611/3611
f 3612/3612/3612 3611/3611/3611 3610/3610/3610
f 3615/3615/3615 3614/3614/3614 3613/3613/3613
f 3614/3614/3614 3615/3615/3615 3616/3616/3616
f 3614/3614/3614 3616/3616/3616 3617/3617/3617
f 3618/3618/3618 3617/3617/3617 3616/3616/3616
f 3621/3621/3621 3620/3620/3620 3619/3619/3619
f 3621/3621/3621 3622/3622/3622 3620/3620/3620
f 3623/3623/3623 3620/3620/3620 3622/3622/3622
f 3624/3624/3624 3623/3623/3623 3622/3622/3622
f 3627/3627/3627 3626/3626/3626 3625/3625/3625
f 3627/3627/3627 3628/3628/3628 3626/3626/3626
f 3629/3629/3629 3626/3626/3626 3628/3628/3628
f 3630/3630/3630 3629/3629/3629 3628/3628/3628
f 3633/3633/3633 3632/3632/3632 3631/3631/3631
f 3634/3634/3634 3631/3631/3631 3632/3632/3632
f 3635/3635/3635 3634/3634/3634 3632/3632/3632
f 3638/3638/3638 3637/3637/3637 3636/3636/3636
f 3637/3637/3637 3638/3638/3638 3639/3639/3639
f 3640/3640/3640 3637/3637/3637 3639/3639/3639
f 3643/3643/3643 3642/3642/3642 3641/3641/3641
f 3644/3644/3644 3641/3641/3641 3642/3642/3642
f 3645/3645/3645 3644/3644/3644 3642/3642/3642
f 3648/3648/3648 3647/3647/3647 3646/3646/3646
f 3649/3649/3649 3646/3646/3646 3647/3647/3647
f 3650/3650/3650 3649/3649/3649 3647/3647/3647
f 3653/3653/3653 3652/3652/3652 3651/3651/3651
f 3652/3652/3652 3653/3653/3653 3654/3654/3654
f 3655/3655/3655 3652/3652/3652 3654/3654/3654
f 3658/3658/3658 3657/3657/3657 3656/3656/3656
f 3657/3657/3657 3658/3658/3658 3659/3659/3659
f 3660/3660/3660 3657/3657/3657 3659/3659/3659
f 3663/3663/3663 3662/3662/3662 3661/3661/3661
f 3662/3662/3662 3663/3663/3663 3664/3664/3664
f 3665/3665/3665 3662/3662/3662 3664/3664/3664
f 3668/3668/3668 3667/3667/3667 3666/3666/3666
f 3669/3669/3669 3666/3666/3666 3667/3667/3667
f 3670/3670/3670 3669/3669/3669 3667/3667/3667
f 3673/3673/3673 3672/3672/3672 3671/3671/3671
f 3674/3674/3674 3671/3671/3671 3672/3672/3672
f 3675/3675/3675 3674/3674/3674 3672/3672/3672
f 3678/3678/3678 3677/3677/3677 3676/3676/3676
f 3677/3677/3677 3678/3678/3678 3679/3679/3679
f 3680/3680/3680 3677/3677/3677 3679/3679/3679
f 3683/3683/3683 3682/3682/3682 3681/3681/3681
f 3682/3682/3682 3683/3683/3683 3684/3684/3684
f 3685/3685/3685 3682/3682/3682 3684/3684/3684
f 3688/3688/3688 3687/3687/3687 3686/3686/3686
f 3689/3689/3689 3686/3686/3686 3687/3687/3687
f 3690/3690/3690 3689/3689/3689 3687/3687/3687
f 3693/3693/3693 3692/3692/3692 3691/3691/3691
f 3694/3694/3694 3691/3691/3691 3692/3692/3692
f 3695/3695/3695 3694/3694/3694 3692/3692/3692
f 3698/3698/3698 3697/3697/3697 3696/3696/3696
f 3697/3697/3697 3698/3698/3698 3699/3699/3699
f 3700/3700/3700 3697/3697/3697 3699/3699/3699
f 3703/3703/3703 3702/3702/3702 3701/3701/3701
f 3704/3704/3704 3701/3701/3701 3702/3702/3702
f 3705/3705/3705 3704/3704/3704 3702/3702/3702
f 3708/3708/3708 3707/3707/3707 3706/3706/3706
f 3707/3707/3707 3708/3708/3708 3709/3709/3709
f 3710/3710/3710 3707/3707/3707 3709/3709/3709
f 3713/3713/3713 3712/3712/3712 3711/3711/3711
f 3714/3714/3714 3711/3711/3711 3712/3712/3712
f 3715/3715/3715 3714/3714/3714 3712/3712/3712
f 3718/3718/3718 3717/3717/3717 3716/3716/3716
f 3719/3719/3719 3716/3716/3716 3717/3717/3717
f 3720/3720/3720 3719/3719/3719 3717/3717/3717
f 3723/3723/3723 3722/3722/3722 3721/3721/3721
f 3722/3722/3722 3723/3723/3723 3724/3724/3724
f 3725/3725/3725 3722/3722/3722 3724/3724/3724
f 3728/3728/3728 3727/3727/3727 3726/3726/3726
f 3727/3727/3727 3728/3728/3728 3729/3729/3729
f 3730/3730/3730 3727/3727/3727 3729/3729/3729
f 3733/3733/3733 3732/3732/3732 3731/3731/3731
f 3733/3733/3733 3734/3734/3734 3732/3732/3732
f 3734/3734/3734 3735/3735/3735 3732/3732/3732
f 3732/3732/3732 3736/3736/3736 3731/3731/3731
f 3732/3732/3732 3735/3735/3735 3737/3737/3737
f 3735/3735/3735 3738/3738/3738 3737/3737/3737
f 3731/3731/3731 3736/3736/3736 3739/3739/3739
f 3737/3737/3737 3738/3738/3738 3740/3740/3740
f 3737/3737/3737 3740/3740/3740 3736/3736/3736
f 3741/3741/3741 3740/3740/3740 3738/3738/3738
f 3741/3741/3741 3742/3742/3742 3740/3740/3740
f 3743/3743/3743 3736/3736/3736 3740/3740/3740
f 3736/3736/3736 3743/3743/3743 3739/3739/3739
f 3740/3740/3740 3742/3742/3742 3744/3744/3744
f 3745/3745/3745 3739/3739/3739 3743/3743/3743
f 3746/3746/3746 3739/3739/3739 3745/3745/3745
f 3744/3744/3744 3742/3742/3742 3747/3747/3747
f 3746/3746/3746 3745/3745/3745 3748/3748/3748
f 3745/3745/3745 3744/3744/3744 3748/3748/3748
f 3749/3749/3749 3746/3746/3746 3748/3748/3748
f 3750/3750/3750 3744/3744/3744 3747/3747/3747
f 3744/3744/3744 3750/3750/3750 3748/3748/3748
f 3747/3747/3747 3751/3751/3751 3750/3750/3750
f 3748/3748/3748 3752/3752/3752 3749/3749/3749
f 3751/3751/3751 3752/3752/3752 3750/3750/3750
f 3752/3752/3752 3753/3753/3753 3749/3749/3749
f 3751/3751/3751 3754/3754/3754 3752/3752/3752
f 3754/3754/3754 3753/3753/3753 3752/3752/3752
f 3757/3757/3757 3756/3756/3756 3755/3755/3755
f 3758/3758/3758 3756/3756/3756 3757/3757/3757
f 3759/3759/3759 3755/3755/3755 3756/3756/3756
f 3760/3760/3760 3756/3756/3756 3758/3758/3758
f 3761/3761/3761 3760/3760/3760 3758/3758/3758
f 3761/3761/3761 3762/3762/3762 3760/3760/3760
f 3763/3763/3763 3759/3759/3759 3756/3756/3756
f 3762/3762/3762 3764/3764/3764 3760/3760/3760
f 3760/3760/3760 3764/3764/3764 3763/3763/3763
f 3765/3765/3765 3764/3764/3764 3762/3762/3762
f 3764/3764/3764 3766/3766/3766 3763/3763/3763
f 3766/3766/3766 3759/3759/3759 3763/3763/3763
f 3764/3764/3764 3765/3765/3765 3767/3767/3767
f 3765/3765/3765 3768/3768/3768 3767/3767/3767
f 3759/3759/3759 3766/3766/3766 3769/3769/3769
f 3759/3759/3759 3769/3769/3769 3770/3770/3770
f 3766/3766/3766 3771/3771/3771 3769/3769/3769
f 3769/3769/3769 3772/3772/3772 3770/3770/3770
f 3772/3772/3772 3773/3773/3773 3770/3770/3770
f 3772/3772/3772 3774/3774/3774 3773/3773/3773
f 3773/3773/3773 3774/3774/3774 3775/3775/3775
f 3775/3775/3775 3774/3774/3774 3776/3776/3776
f 3769/3769/3769 3771/3771/3771 3777/3777/3777
f 3778/3778/3778 3777/3777/3777 3771/3771/3771
f 3767/3767/3767 3778/3778/3778 3771/3771/3771
f 3776/3776/3776 3777/3777/3777 3778/3778/3778
f 3779/3779/3779 3767/3767/3767 3768/3768/3768
f 3778/3778/3778 3767/3767/3767 3779/3779/3779
f 3768/3768/3768 3780/3780/3780 3779/3779/3779
f 3778/3778/3778 3781/3781/3781 3776/3776/3776
f 3779/3779/3779 3780/3780/3780 3781/3781/3781
f 3776/3776/3776 3781/3781/3781 3782/3782/3782
f 3783/3783/3783 3781/3781/3781 3780/3780/3780
f 3782/3782/3782 3781/3781/3781 3783/3783/3783
f 3786/3786/3786 3785/3785/3785 3784/3784/3784
f 3787/3787/3787 3785/3785/3785 3786/3786/3786
f 3788/3788/3788 3784/3784/3784 3785/3785/3785
f 3789/3789/3789 3785/3785/3785 3787/3787/3787
f 3790/3790/3790 3784/3784/3784 3788/3788/3788
f 3789/3789/3789 3787/3787/3787 3791/3791/3791
f 3792/3792/3792 3790/3790/3790 3788/3788/3788
f 3792/3792/3792 3789/3789/3789 3791/3791/3791
f 3790/3790/3790 3792/3792/3792 3793/3793/3793
f 3793/3793/3793 3792/3792/3792 3791/3791/3791
