v 4.999998 -6.500000 -0.000000
v 4.999998 -7.000000 -0.500000
v 4.999998 -7.000000 -0.000000
v 4.999998 7.000000 0.000000
v 4.999998 7.000000 -0.500000
v 4.999998 6.500000 -0.500000
v 4.999998 6.500000 0.000000
v 4.999998 4.642857 -0.500000
v 4.999998 4.642857 0.000000
v 4.999998 2.785714 -0.500000
v 4.999998 2.785714 0.000000
v 4.999998 0.928571 -0.500000
v 4.999998 0.928571 0.000000
v 4.999998 -0.928571 -0.500000
v 4.999998 -0.928571 -0.000000
v 4.999998 -2.785714 -0.500000
v 4.999998 -2.785714 -0.000000
v 4.999998 -4.642857 -0.500000
v 4.999998 -4.642857 -0.000000
v 4.999998 -6.500000 -0.500000
v 4.999998 -6.500000 -0.000000
v 4.999998 -7.000000 -0.500000
v 4.999998 7.000000 0.000000
v 4.999998 6.500000 -0.500000
v 4.999998 6.500000 0.000000
v 4.499998 -0.928571 1.000000
v 4.499998 -0.928571 2.750000
v 4.499998 -0.928571 3.750000
v 4.499998 -4.642857 1.000000
v 4.499998 -4.642857 2.750000
v 4.499998 -4.642857 3.750000
v -4.499998 -6.500000 -0.000000
v -4.499998 2.785714 0.000000
v -4.499998 6.500000 0.000000
v 1.250000 -7.000000 -0.000000
v -1.250000 -7.000000 -0.000000
v -1.250000 7.000000 0.000000
v 1.250000 -6.500000 -0.000000
v 1.250000 -7.000000 -0.000000
v 1.250000 6.500000 0.000000
v 1.250000 7.000000 0.000000
v 4.499998 -6.500000 -0.000000
v 4.499998 0.928571 0.000000
v 4.499998 2.785714 0.000000
v 4.499998 6.500000 0.000000
v -1.250000 -6.500000 -0.000000
v -1.250000 -6.500000 1.000000
v -4.499998 -6.500000 2.750000
v -4.499998 -6.500000 2.750000
v -4.499998 -6.500000 -0.000000
v -1.250000 -6.500000 1.000000
v -1.250000 -6.500000 2.750000
v -4.499998 -6.500000 4.250000
v 1.250000 -6.500000 2.750000
v -4.499998 -6.500000 4.250000
v 4.499998 -6.500000 4.250000
v -4.499998 -6.500000 4.250000
v 1.250000 -6.500000 2.750000
v 1.250000 -6.500000 2.750000
v 1.250000 -6.500000 1.000000
v 4.499998 -6.500000 -0.000000
v 1.250000 -6.500000 -0.000000
v 4.499998 -7.000000 1.000000
v 4.999998 -7.000000 2.750000
v 4.999998 -7.000000 1.000000
v 4.499998 -7.000000 2.750000
v 4.999998 -7.000000 2.750000
v 1.250000 -7.000000 1.000000
v 4.999998 -7.000000 3.750000
v 4.499998 -7.000000 3.750000
v 1.250000 -7.000000 2.750000
v 1.250000 -7.000000 3.750000
v -1.250000 -7.000000 2.750000
v -1.250000 -7.000000 3.750000
v -4.499998 -7.000000 2.750000
v -4.499998 -7.000000 3.750000
v -4.499998 -7.000000 1.000000
v -1.250000 -7.000000 1.000000
v -4.999998 -7.000000 1.000000
v -4.999998 -7.000000 2.750000
v -4.999998 -7.000000 1.000000
v -4.999998 -7.000000 3.750000
v 4.999998 6.500000 1.000000
v 4.999998 7.000000 2.750000
v 4.999998 7.000000 1.000000
v -4.499998 7.000000 1.000000
v -4.999998 7.000000 2.750000
v -4.999998 7.000000 1.000000
v -1.250000 7.000000 1.000000
v -4.499998 7.000000 2.750000
v -4.999998 7.000000 2.750000
v -4.999998 7.000000 3.750000
v -4.499998 7.000000 3.750000
v -1.250000 7.000000 2.750000
v -1.250000 7.000000 3.750000
v 1.250000 7.000000 2.750000
v 1.250000 7.000000 3.750000
v 4.499998 7.000000 2.750000
v 4.499998 7.000000 3.750000
v 4.499998 7.000000 1.000000
v 1.250000 7.000000 1.000000
v 4.999998 7.000000 1.000000
v 4.999998 7.000000 2.750000
v 4.999998 7.000000 1.000000
v 4.999998 7.000000 3.750000
v -4.499998 0.928571 1.000000
v -4.499998 0.928571 2.750000
v -4.499998 2.785714 0.000000
v -4.499998 2.785714 2.750000
v -4.499998 0.928571 3.750000
v -4.499998 2.785714 3.750000
v -4.499998 6.500000 4.250000
v -4.499998 -6.500000 4.250000
v -4.499998 -4.642857 3.750000
v -4.499998 -0.928571 3.750000
v -4.499998 -2.785714 3.750000
v -4.499998 6.500000 4.250000
v -4.499998 6.500000 4.250000
v -4.499998 -0.928571 3.750000
v -4.499998 4.642857 3.750000
v -4.499998 -0.928571 1.000000
v -4.499998 -2.785714 2.750000
v -4.499998 -2.785714 1.000000
v -4.499998 6.500000 0.000000
v -4.499998 4.642857 2.750000
v -4.499998 4.642857 1.000000
v -4.499998 -6.500000 4.250000
v -4.499998 -4.642857 2.750000
v -4.499998 -6.500000 2.750000
v -4.499998 -4.642857 1.000000
v -4.499998 -6.500000 -0.000000
v -4.499998 0.928571 2.750000
v -4.499998 2.785714 2.750000
v -4.499998 2.785714 0.000000
v -4.499998 -4.642857 1.000000
v -4.499998 -6.500000 -0.000000
v -4.499998 -2.785714 1.000000
v -4.499998 -0.928571 1.000000
v -4.499998 0.928571 1.000000
v -4.499998 6.500000 0.000000
v -4.499998 2.785714 1.000000
v -4.499998 4.642857 1.000000
v -4.499998 2.785714 2.750000
v -4.499998 2.785714 1.000000
v -4.499998 2.785714 0.000000
v -4.499998 -0.928571 3.750000
v -4.499998 -0.928571 2.750000
v -4.499998 -0.928571 1.000000
v -4.999998 -4.642857 2.750000
v -4.999998 -4.642857 3.750000
v -4.999998 -6.500000 3.750000
v -4.999998 7.000000 2.750000
v -4.999998 7.000000 3.750000
v -4.999998 6.500000 3.750000
v -4.999998 7.000000 2.750000
v -4.999998 6.500000 2.750000
v -4.999998 7.000000 1.000000
v -4.999998 4.642857 3.750000
v -4.999998 4.642857 2.750000
v -4.999998 6.500000 1.000000
v -4.999998 4.642857 1.000000
v 4.999998 4.642857 2.750000
v 4.999998 4.642857 3.750000
v 4.999998 6.500000 3.750000
v 4.999998 -7.000000 1.000000
v 4.999998 -7.000000 2.750000
v 4.999998 -6.500000 2.750000
v 4.999998 -7.000000 1.000000
v 4.999998 -6.500000 1.000000
v 4.999998 -4.642857 2.750000
v 4.999998 -4.642857 1.000000
v 4.999998 -4.642857 3.750000
v 4.999998 -6.500000 3.750000
v 4.999998 -7.000000 2.750000
v 4.999998 -7.000000 3.750000
v -4.999998 -6.500000 1.000000
v -4.999998 -7.000000 2.750000
v -4.999998 -7.000000 1.000000
v -4.999998 -4.642857 1.000000
v -4.999998 -6.500000 2.750000
v -4.999998 -4.642857 2.750000
v -4.999998 -7.000000 2.750000
v -4.999998 -6.500000 3.750000
v -4.999998 -7.000000 3.750000
v -4.999998 7.000000 1.000000
v -4.999998 6.500000 2.750000
v -4.999998 6.500000 1.000000
v 4.499998 0.928571 1.000000
v 4.499998 0.928571 0.000000
v 4.499998 2.785714 2.750000
v 4.499998 0.928571 0.000000
v 4.499998 -0.928571 1.000000
v 4.499998 -2.785714 1.000000
v 4.499998 -4.642857 1.000000
v 4.499998 -6.500000 -0.000000
v 4.499998 -4.642857 3.750000
v 4.499998 -6.500000 -0.000000
v 4.499998 -6.500000 4.250000
v 4.499998 6.500000 4.250000
v 4.499998 -4.642857 3.750000
v 4.499998 -2.785714 3.750000
v 4.499998 -0.928571 3.750000
v 4.499998 -2.785714 2.750000
v 4.499998 -2.785714 1.000000
v 4.499998 -0.928571 1.000000
v 4.499998 0.928571 3.750000
v 4.499998 2.785714 3.750000
v 4.499998 4.642857 3.750000
v 4.499998 0.928571 2.750000
v 4.499998 2.785714 2.750000
v 4.499998 0.928571 1.000000
v 4.499998 4.642857 2.750000
v 4.499998 6.500000 4.250000
v 4.499998 4.642857 1.000000
v 4.499998 6.500000 0.000000
v 4.499998 2.785714 0.000000
v 4.499998 4.642857 1.000000
v 4.499998 2.785714 1.000000
v 4.499998 0.928571 0.000000
v 4.499998 2.785714 2.750000
v 4.499998 2.785714 0.000000
v 4.499998 2.785714 1.000000
v 4.499998 2.785714 2.750000
v 4.999998 7.000000 4.250000
v 3.999999 7.000000 5.125000
v -3.999999 7.000000 5.125000
v -1.999999 7.000000 5.750000
v -3.999999 7.000000 5.125000
v 1.999999 7.000000 5.750000
v 0.000000 7.000000 6.000000
v 3.999999 -7.000000 5.125000
v 4.999998 -7.000000 4.250000
v 4.499998 -7.000000 4.250000
v 1.250000 -7.000000 4.250000
v 3.999999 -7.000000 5.125000
v -1.250000 -7.000000 4.250000
v 3.999999 -7.000000 5.125000
v -4.499998 -7.000000 4.250000
v -4.999998 -7.000000 4.250000
v -3.999999 -7.000000 5.125000
v 3.999999 -7.000000 5.125000
v 1.999999 -7.000000 5.750000
v 3.999999 -7.000000 5.125000
v -1.999999 -7.000000 5.750000
v 0.000000 -7.000000 6.000000
v 4.499998 -4.642857 3.750000
v 4.999998 -4.642857 3.750000
v 4.999998 -2.785714 3.750000
v 4.499998 -4.642857 3.750000
v 4.499998 -2.785714 3.750000
v -4.999998 6.500000 0.000000
v -4.999998 7.000000 -0.500000
v -4.999998 7.000000 0.000000
v 4.499998 7.000000 0.000000
v 4.999998 7.000000 -0.500000
v 4.999998 7.000000 0.000000
v -4.499998 -7.000000 -0.000000
v -4.999998 -7.000000 -0.500000
v -4.999998 -7.000000 -0.000000
v 4.999998 -7.000000 -0.000000
v 4.999998 -7.000000 -0.500000
v 4.499998 -7.000000 -0.500000
v 4.499998 -7.000000 -0.000000
v 1.250000 -7.000000 -0.500000
v 1.250000 -7.000000 -0.000000
v -1.250000 -7.000000 -0.500000
v 4.999998 -7.000000 -0.000000
v 4.499998 -7.000000 -0.500000
v 4.499998 -7.000000 -0.000000
v -4.999998 7.000000 0.000000
v -4.999998 7.000000 -0.500000
v -4.499998 7.000000 -0.500000
v -4.499998 7.000000 0.000000
v -1.250000 7.000000 -0.500000
v -1.250000 7.000000 0.000000
v 1.250000 7.000000 -0.500000
v 1.250000 7.000000 0.000000
v 4.499998 7.000000 -0.500000
v 4.499998 7.000000 0.000000
v 4.999998 7.000000 -0.500000
v -4.999998 7.000000 0.000000
v -4.499998 7.000000 -0.500000
v -4.499998 7.000000 0.000000
v -4.999998 -7.000000 -0.000000
v -4.999998 -7.000000 -0.500000
v -4.999998 -6.500000 -0.500000
v -4.999998 -6.500000 -0.000000
v -4.999998 -4.642857 -0.500000
v -4.999998 -4.642857 -0.000000
v -4.999998 -2.785714 -0.500000
v -4.999998 -2.785714 -0.000000
v -4.999998 -0.928571 -0.500000
v -4.999998 -0.928571 -0.000000
v -4.999998 0.928571 -0.500000
v -4.999998 0.928571 0.000000
v -4.999998 2.785714 -0.500000
v -4.999998 2.785714 0.000000
v -4.999998 4.642857 -0.500000
v -4.999998 4.642857 0.000000
v -4.999998 6.500000 -0.500000
v -4.999998 6.500000 0.000000
v -4.999998 7.000000 -0.500000
v -4.999998 -7.000000 -0.000000
v -4.999998 -6.500000 -0.500000
v -4.999998 -6.500000 -0.000000
v -1.150000 -6.400000 2.650000
v 1.150000 -6.400000 2.650000
v -1.350000 -6.400000 2.850000
v 1.350000 -6.400000 2.850000
v -1.350000 -6.400000 2.850000
v 1.150000 -6.400000 2.650000
v -1.350000 -6.400000 -0.100000
v -1.150000 -6.400000 -0.100000
v -1.150000 -6.400000 2.650000
v 1.150000 -7.100000 2.650000
v -1.150000 -7.100000 2.650000
v 1.350000 -7.100000 2.850000
v -1.150000 -7.100000 -0.100000
v -1.350000 -7.100000 -0.100000
v -1.350000 -7.100000 2.850000
v -1.350000 -7.100000 2.850000
v 1.350000 -7.100000 2.850000
v -1.150000 -7.100000 2.650000
v 1.350000 -7.100000 -0.100000
v 1.150000 -7.100000 -0.100000
v 1.150000 -7.100000 2.650000
v 5.099998 1.028572 1.100000
v 5.099998 0.828572 1.100000
v 5.099998 0.828572 3.650000
v 5.099998 0.828572 3.850000
v 5.099998 1.028572 3.850000
v 5.099998 0.828572 3.650000
v 5.099998 0.828572 3.850000
v 5.099998 1.028572 1.100000
v -1.150011 7.099998 2.650000
v 1.149989 7.100002 2.650000
v -1.350011 7.099998 2.850000
v 1.349989 7.100002 2.850000
v -1.350011 7.099998 2.850000
v 1.149989 7.100002 2.650000
v -1.350011 7.099998 -0.100000
v -1.150011 7.099998 -0.100000
v -1.150011 7.099998 2.650000
v -4.400006 4.542850 3.850000
v -4.400002 2.685708 3.850000
v -5.100002 2.685706 3.850000
v -5.100006 4.542849 3.850000
v -5.100007 4.742849 3.850000
v -4.400007 4.742850 3.850000
v 4.399998 1.028571 3.850000
v 5.099998 1.028572 3.850000
v 5.099998 0.828572 3.850000
v 4.400000 -1.028571 3.850000
v 4.400000 -0.828571 3.850000
v 5.099998 0.828572 3.850000
v 4.400000 -0.828571 3.850000
v 4.399998 1.028571 3.850000
v 5.100000 -1.028571 3.850000
v 4.400000 -1.028571 3.850000
v 4.400000 -0.828571 3.850000
v 4.399998 0.828571 3.850000
v 4.399998 1.028571 3.850000
v 4.400000 -0.828571 1.100000
v 4.400000 -0.828571 3.650000
v 5.099998 -2.685714 0.900000
v 4.399998 -2.685714 0.900000
v 4.400000 -4.542857 0.900000
v 4.399998 -2.685714 0.900000
v 4.399998 -2.885714 0.900000
v 4.400000 -4.542857 0.900000
v 4.400000 -4.542857 1.100000
v 4.400000 -4.542857 3.650000
v 4.399998 -2.885714 3.650000
v 4.399998 -2.885714 1.100000
v 4.399998 -2.685714 3.850000
v 4.399998 -2.885714 1.100000
v 4.399998 -2.885714 0.900000
v 4.399998 -2.685714 3.850000
v 4.400000 -4.542857 3.650000
v 4.400000 -4.742857 3.850000
v 4.399998 -2.885714 3.650000
v 4.399998 -2.885714 0.900000
v 4.399998 -2.685714 0.900000
v 4.399998 -2.685714 3.850000
v 5.100000 -4.742857 0.900000
v 5.100000 -4.742857 3.850000
v 5.099999 -4.542856 1.100000
v 5.099998 -2.885714 3.850000
v 5.099999 -4.542856 3.650000
v 5.099998 -2.885714 3.650000
v 5.099999 -4.542856 3.650000
v 5.099999 -4.542856 1.100000
v 5.100000 -4.742857 3.850000
v 5.099998 -2.685714 1.100000
v 5.099998 -2.685714 3.850000
v 4.399998 -2.685714 3.850000
v -5.099997 -1.028580 0.900000
v -4.399997 -1.028578 0.900000
v -4.399997 -0.828578 0.900000
v -4.399997 -0.828578 0.900000
v -4.400002 1.028565 0.900000
v -5.099997 -1.028580 0.900000
v -5.100001 1.028563 0.900000
v -5.099997 -0.828580 0.900000
v -4.400002 1.028565 0.900000
v -5.099997 -0.828580 0.900000
v -5.099997 -1.028580 0.900000
v 4.399998 1.028571 3.850000
v 4.399998 0.828571 3.850000
v 4.399998 0.828571 3.650000
v 4.399998 1.028571 0.900000
v 4.399998 0.828571 1.100000
v 4.399998 1.028571 0.900000
v 4.400000 -0.828571 1.100000
v 4.400000 -1.028571 0.900000
v 4.400000 -0.828571 3.850000
v 4.400000 -1.028571 3.850000
v 4.399998 0.828571 3.650000
v 4.399998 0.828571 1.100000
v 4.399998 1.028571 3.850000
v 4.400000 -1.028571 0.900000
v 4.400000 -0.828571 1.100000
v 4.400000 -0.828571 3.850000
v 5.100000 -1.028571 0.900000
v 5.100000 -1.028571 3.850000
v 5.100000 -0.828571 1.100000
v 5.099998 0.828572 3.850000
v 5.100000 -0.828571 3.650000
v 5.099998 0.828572 3.650000
v 5.100000 -0.828571 3.650000
v 5.100000 -0.828571 1.100000
v 5.100000 -1.028571 3.850000
v 5.099991 4.742865 0.900000
v 5.099992 4.542865 0.900000
v 5.099992 4.542865 1.100000
v 5.099991 4.742865 3.850000
v 5.099992 4.542865 3.650000
v 5.099993 2.685722 3.850000
v 5.099993 2.885722 3.650000
v 5.099992 4.542865 1.100000
v 5.099992 4.542865 3.650000
v 5.099991 4.742865 0.900000
v 5.099993 2.885722 0.900000
v 5.099993 2.685722 0.900000
v 5.099993 2.685722 3.850000
v 5.099993 2.685722 3.850000
v 5.099993 2.885722 3.650000
v 5.099993 2.885722 0.900000
v 5.099993 2.885722 3.650000
v 5.099993 2.885722 1.100000
v 5.099993 2.885722 0.900000
v 5.099991 4.742865 3.850000
v 5.099992 4.542865 3.650000
v 5.099993 2.885722 3.650000
v 4.399992 4.542864 3.650000
v 4.399992 4.542864 1.100000
v 4.399992 4.742865 3.850000
v 4.399992 4.542864 1.100000
v 4.399992 4.542864 0.900000
v 4.399992 4.742865 3.850000
v 4.399993 2.885722 3.650000
v 4.399993 2.685722 3.850000
v 4.399992 4.542864 3.650000
v 4.399992 4.542864 0.900000
v 4.399992 4.742865 0.900000
v 4.399992 4.742865 3.850000
v 4.399993 2.885722 0.900000
v 4.399993 2.885722 1.100000
v 4.399993 2.885722 3.650000
v 4.399992 4.742865 0.900000
v 4.399992 4.542864 0.900000
v -5.100007 4.742849 3.850000
v -5.100006 4.542849 3.850000
v -5.100006 4.542849 3.650000
v -5.100006 4.542849 0.900000
v -5.100007 4.742849 0.900000
v 4.400000 -4.742857 3.850000
v 5.099998 -2.885714 3.850000
v 5.100000 -4.742857 3.850000
v -4.400002 2.685708 0.900000
v -4.400002 2.685708 3.850000
v -4.400002 2.885707 1.100000
v -4.400006 4.542850 3.850000
v -4.400002 2.885707 3.650000
v -4.400006 4.542850 3.650000
v -4.400002 2.885707 1.100000
v -4.400006 4.542850 0.900000
v -4.400002 2.685708 0.900000
v -4.400002 2.885707 1.100000
v -4.400006 4.542850 1.100000
v -4.400006 4.542850 0.900000
v -4.400002 2.885707 3.650000
v -4.400002 2.885707 1.100000
v -4.400002 2.685708 3.850000
v -5.100001 1.028563 3.850000
v -4.400002 1.028565 3.850000
v -5.099997 -0.828580 3.850000
v -4.400002 1.028565 3.850000
v -4.399997 -0.828578 3.850000
v -4.399997 -1.028578 3.850000
v -4.399997 -1.028578 3.850000
v -5.099997 -1.028580 3.850000
v -4.400002 1.028565 3.850000
v -5.099997 -1.028580 3.850000
v -5.099997 -0.828580 3.850000
v 1.149990 6.400002 2.650000
v -1.150010 6.399998 2.650000
v 1.349990 6.400002 2.850000
v -1.150010 6.399998 -0.100000
v -1.350010 6.399998 -0.100000
v -1.350010 6.399998 2.850000
v -1.350010 6.399998 2.850000
v 1.349990 6.400002 2.850000
v -1.150010 6.399998 2.650000
v 1.349990 6.400002 -0.100000
v 1.149990 6.400002 -0.100000
v 1.149990 6.400002 2.650000
v -4.399989 -2.685729 0.900000
v -4.399989 -2.885728 0.900000
v -4.399989 -2.885728 1.100000
v -4.399989 -2.885728 3.850000
v -4.399989 -2.685729 3.850000
v -5.100002 2.685706 3.850000
v -5.100002 2.685706 0.900000
v -5.100002 2.885706 3.650000
v -5.100006 4.542849 0.900000
v -5.100006 4.542849 1.100000
v -5.100002 2.885706 1.100000
v -4.400007 4.742850 0.900000
v -4.400006 4.542850 0.900000
v -4.400006 4.542850 1.100000
v -4.400006 4.542850 3.850000
v -4.400007 4.742850 3.850000
v -5.099984 -4.742873 0.900000
v -4.399984 -4.742871 0.900000
v -4.399989 -2.885728 0.900000
v -4.399989 -2.685729 0.900000
v -5.099989 -2.685730 0.900000
v -4.399989 -2.885728 0.900000
v -4.399989 -2.685729 0.900000
v -5.099984 -4.742873 0.900000
v -5.099989 -2.685730 0.900000
v -5.099989 -2.885730 0.900000
v -5.099984 -4.742873 0.900000
v 5.099998 -2.685714 1.100000
v 5.099998 -2.885714 1.100000
v 5.099998 -2.885714 3.650000
v 5.099998 -2.885714 3.850000
v 5.099998 -2.685714 3.850000
v 5.099998 -2.885714 3.650000
v 5.099998 -2.885714 3.850000
v 5.099998 -2.685714 1.100000
v 5.099998 1.028572 1.100000
v 5.099998 1.028572 3.850000
v 4.399998 1.028571 3.850000
v -5.099984 -4.742873 3.850000
v -5.099989 -2.885730 3.850000
v -5.099989 -2.685730 3.850000
v -5.099984 -4.742873 3.850000
v -4.399989 -2.885728 3.850000
v -4.399984 -4.742871 3.850000
v -5.100001 0.828563 3.650000
v -5.100001 0.828563 1.100000
v -5.100001 1.028563 3.850000
v -5.100001 1.028563 0.900000
v -5.100001 1.028563 3.850000
v -5.100001 0.828563 1.100000
v -5.099997 -0.828580 3.850000
v -5.099997 -0.828580 3.650000
v -5.100001 0.828563 3.650000
v -4.400002 1.028565 0.900000
v -4.399997 -0.828578 0.900000
v -4.399997 -0.828578 1.100000
v -4.400002 0.828565 1.100000
v -4.400002 0.828565 3.650000
v -4.399997 -0.828578 3.650000
v -4.399997 -0.828578 3.850000
v -4.400002 1.028565 3.850000
v -4.399997 -0.828578 1.100000
v -4.400002 0.828565 1.100000
v -4.400002 1.028565 0.900000
v -4.400002 1.028565 3.850000
v -4.400002 0.828565 3.650000
v -5.100002 2.685706 0.900000
v -4.400002 2.685708 0.900000
v -4.400006 4.542850 0.900000
v -4.400007 4.742850 0.900000
v -5.100006 4.542849 0.900000
v -4.400006 4.542850 0.900000
v -4.400007 4.742850 0.900000
v -5.100002 2.685706 0.900000
v -5.100007 4.742849 0.900000
v -5.100006 4.542849 0.900000
v -4.399984 -4.742871 0.900000
v -4.399984 -4.742871 3.850000
v -4.399985 -4.542871 1.100000
v -4.399989 -2.885728 3.850000
v -4.399985 -4.542871 3.650000
v -4.399989 -2.885728 3.650000
v -4.399985 -4.542871 3.650000
v -4.399985 -4.542871 1.100000
v -4.399984 -4.742871 3.850000
v -5.099989 -2.885730 0.900000
v -5.099989 -2.885730 1.100000
v -5.099985 -4.542872 1.100000
v -5.099984 -4.742873 3.850000
v -5.099984 -4.742873 0.900000
v -5.099985 -4.542872 3.650000
v -5.099989 -2.685730 3.850000
v -5.099989 -2.885730 3.850000
v -5.099989 -2.885730 3.650000
v -5.099989 -2.885730 0.900000
v -5.099989 -2.685730 0.900000
v 5.099991 4.742865 0.900000
v 4.399992 4.742865 0.900000
v 4.399993 2.885722 0.900000
v -4.499998 7.000000 0.000000
v -4.999998 7.000000 1.000000
v -4.999998 7.000000 0.000000
v -4.499998 7.000000 1.000000
v -1.250000 7.000000 0.000000
v -1.250000 7.000000 1.000000
v 1.250000 7.000000 0.000000
v 1.250000 6.500000 1.000000
v 1.250000 6.500000 0.000000
v 1.250000 7.000000 1.000000
v 1.250000 6.500000 2.750000
v 1.250000 7.000000 2.750000
v -4.499998 6.500000 0.000000
v -1.250000 6.500000 0.000000
v -1.250000 -6.500000 -0.000000
v -4.499998 -6.500000 -0.000000
v -1.250000 -7.000000 -0.000000
v -1.250000 6.500000 0.000000
v -1.250000 7.000000 0.000000
v -1.250000 -6.500000 -0.000000
v -1.250000 6.500000 0.000000
v -1.250000 7.000000 1.000000
v -1.250000 7.000000 0.000000
v -1.250000 6.500000 1.000000
v -1.250000 7.000000 2.750000
v -1.250000 6.500000 2.750000
v -4.499998 -7.000000 -0.000000
v -1.250000 -7.000000 1.000000
v -1.250000 -7.000000 -0.000000
v -4.499998 -7.000000 1.000000
v -4.999998 -7.000000 -0.000000
v -4.999998 -7.000000 1.000000
v -4.999998 7.000000 0.000000
v -4.999998 7.000000 1.000000
v -4.999998 6.500000 1.000000
v -4.999998 6.500000 0.000000
v -4.999998 4.642857 1.000000
v -4.999998 4.642857 0.000000
v -4.999998 2.785714 1.000000
v -4.999998 2.785714 0.000000
v -4.999998 0.928571 1.000000
v -4.999998 0.928571 0.000000
v -4.999998 -0.928571 1.000000
v -4.999998 -0.928571 -0.000000
v -4.999998 -2.785714 1.000000
v -4.999998 -2.785714 -0.000000
v -4.999998 -4.642857 1.000000
v -4.999998 -4.642857 -0.000000
v -4.999998 -6.500000 1.000000
v -4.999998 -6.500000 -0.000000
v -4.999998 -7.000000 1.000000
v -4.999998 -7.000000 -0.000000
v 4.999998 6.500000 0.000000
v 4.999998 7.000000 1.000000
v 4.999998 7.000000 0.000000
v 4.999998 6.500000 1.000000
v 4.999998 4.642857 0.000000
v 4.999998 4.642857 1.000000
v 4.999998 2.785714 0.000000
v 4.999998 2.785714 1.000000
v 4.999998 0.928571 0.000000
v 4.999998 0.928571 1.000000
v 4.999998 -0.928571 -0.000000
v 4.999998 -0.928571 1.000000
v 4.999998 -2.785714 -0.000000
v 4.999998 -2.785714 1.000000
v 4.999998 -4.642857 -0.000000
v 4.999998 -4.642857 1.000000
v 4.999998 -6.500000 -0.000000
v 4.999998 -6.500000 1.000000
v 4.999998 -7.000000 -0.000000
v 4.999998 -7.000000 1.000000
v -4.499998 -4.642857 1.000000
v -4.999998 -4.642857 2.750000
v -4.999998 -4.642857 1.000000
v -4.499998 -4.642857 2.750000
v -4.999998 -4.642857 3.750000
v -4.499998 -4.642857 3.750000
v 4.999998 2.785714 1.000000
v 4.499998 2.785714 2.750000
v 4.499998 2.785714 1.000000
v 4.999998 2.785714 2.750000
v 4.499998 2.785714 3.750000
v 4.999998 2.785714 3.750000
v -4.999998 0.928571 1.000000
v -4.499998 0.928571 2.750000
v -4.499998 0.928571 1.000000
v -4.999998 0.928571 2.750000
v -4.499998 0.928571 3.750000
v -4.999998 0.928571 3.750000
v -4.999998 -0.928571 1.000000
v -4.999998 -2.785714 2.750000
v -4.999998 -2.785714 1.000000
v -4.999998 -0.928571 2.750000
v -4.999998 -2.785714 3.750000
v -4.999998 -0.928571 3.750000
v -4.499998 -4.642857 1.000000
v -4.999998 -4.642857 1.000000
v -4.999998 -2.785714 1.000000
v -4.499998 -2.785714 1.000000
v -4.499998 -0.928571 1.000000
v -4.999998 -0.928571 1.000000
v -4.999998 0.928571 1.000000
v -4.499998 0.928571 1.000000
v -4.499998 2.785714 1.000000
v -4.999998 2.785714 1.000000
v -4.999998 4.642857 1.000000
v -4.499998 4.642857 1.000000
v 4.999998 -4.642857 1.000000
v 4.499998 -4.642857 2.750000
v 4.499998 -4.642857 1.000000
v 4.999998 -4.642857 2.750000
v 4.499998 -4.642857 3.750000
v 4.999998 -4.642857 3.750000
v 4.999998 -4.642857 1.000000
v 4.499998 -4.642857 1.000000
v 4.499998 -2.785714 1.000000
v 4.999998 -2.785714 1.000000
v 4.999998 -0.928571 1.000000
v 4.499998 -0.928571 1.000000
v 4.499998 0.928571 1.000000
v 4.999998 0.928571 1.000000
v 4.999998 2.785714 1.000000
v 4.499998 2.785714 1.000000
v 4.499998 4.642857 1.000000
v 4.999998 4.642857 1.000000
v 1.250000 -7.000000 -0.000000
v 1.250000 -7.000000 1.000000
v 4.499998 -7.000000 1.000000
v 4.499998 -7.000000 -0.000000
v 4.999998 -7.000000 1.000000
v 4.999998 -7.000000 -0.000000
v -1.250000 -7.000000 -0.000000
v -1.250000 -6.500000 1.000000
v -1.250000 -6.500000 -0.000000
v -1.250000 -7.000000 1.000000
v -1.250000 -6.500000 2.750000
v -1.250000 -7.000000 2.750000
v 1.250000 -6.500000 -0.000000
v 1.250000 -7.000000 1.000000
v 1.250000 -7.000000 -0.000000
v 1.250000 -6.500000 1.000000
v 1.250000 -7.000000 2.750000
v 1.250000 -6.500000 2.750000
v 4.999998 7.000000 0.000000
v 4.999998 7.000000 1.000000
v 4.499998 7.000000 1.000000
v 4.499998 7.000000 0.000000
v 1.250000 7.000000 1.000000
v 1.250000 7.000000 0.000000
v -4.999998 -2.785714 2.750000
v -4.999998 -2.785714 3.750000
v -4.499998 -2.785714 3.750000
v -4.499998 -2.785714 2.750000
v -4.999998 -2.785714 1.000000
v -4.499998 -2.785714 1.000000
v 4.499998 4.642857 2.750000
v 4.499998 4.642857 3.750000
v 4.999998 4.642857 3.750000
v 4.999998 4.642857 2.750000
v 4.499998 4.642857 1.000000
v 4.999998 4.642857 1.000000
v -4.499998 2.785714 2.750000
v -4.499998 2.785714 3.750000
v -4.999998 2.785714 3.750000
v -4.999998 2.785714 2.750000
v -4.499998 2.785714 1.000000
v -4.999998 2.785714 1.000000
v 4.999998 0.928571 2.750000
v 4.999998 0.928571 3.750000
v 4.999998 2.785714 3.750000
v 4.999998 2.785714 2.750000
v 4.999998 0.928571 1.000000
v 4.999998 2.785714 1.000000
v 4.499998 -2.785714 2.750000
v 4.499998 -2.785714 3.750000
v 4.999998 -2.785714 3.750000
v 4.999998 -2.785714 2.750000
v 4.499998 -2.785714 1.000000
v 4.999998 -2.785714 1.000000
v 4.999998 -0.928571 1.000000
v 4.499998 -0.928571 2.750000
v 4.499998 -0.928571 1.000000
v 4.999998 -0.928571 2.750000
v 4.499998 -0.928571 3.750000
v 4.999998 -0.928571 3.750000
v -4.999998 2.785714 1.000000
v -4.999998 0.928571 2.750000
v -4.999998 0.928571 1.000000
v -4.999998 2.785714 2.750000
v -4.999998 0.928571 3.750000
v -4.999998 2.785714 3.750000
v -4.999998 4.642857 1.000000
v -4.499998 4.642857 2.750000
v -4.499998 4.642857 1.000000
v -4.999998 4.642857 2.750000
v -4.499998 4.642857 3.750000
v -4.999998 4.642857 3.750000
v 4.999998 -2.785714 1.000000
v 4.999998 -0.928571 2.750000
v 4.999998 -0.928571 1.000000
v 4.999998 -2.785714 2.750000
v 4.999998 -0.928571 3.750000
v 4.999998 -2.785714 3.750000
v -4.499998 -0.928571 1.000000
v -4.999998 -0.928571 2.750000
v -4.999998 -0.928571 1.000000
v -4.499998 -0.928571 2.750000
v -4.999998 -0.928571 3.750000
v -4.499998 -0.928571 3.750000
v 4.499998 0.928571 1.000000
v 4.999998 0.928571 2.750000
v 4.999998 0.928571 1.000000
v 4.499998 0.928571 2.750000
v 4.999998 0.928571 3.750000
v 4.499998 0.928571 3.750000
v -4.999998 -7.000000 3.750000
v -4.999998 -7.000000 4.250000
v -4.499998 -7.000000 4.250000
v -4.499998 -7.000000 3.750000
v -1.250000 -7.000000 4.250000
v -1.250000 -7.000000 3.750000
v 1.250000 -7.000000 4.250000
v 1.250000 -7.000000 3.750000
v 4.499998 -7.000000 4.250000
v 4.499998 -7.000000 3.750000
v 4.999998 -7.000000 4.250000
v 4.999998 -7.000000 3.750000
v -4.999998 2.785714 3.750000
v -4.999998 2.785714 4.250000
v -4.999998 0.928571 4.250000
v -4.999998 0.928571 3.750000
v -4.999998 -0.928571 4.250000
v -4.999998 -0.928571 3.750000
v -4.999998 -2.785714 4.250000
v -4.999998 -2.785714 3.750000
v -4.999998 -4.642857 4.250000
v -4.999998 -4.642857 3.750000
v -4.999998 4.642857 3.750000
v -4.999998 2.785714 4.250000
v -4.999998 4.642857 4.250000
v -4.999998 6.500000 3.750000
v -4.999998 6.500000 4.250000
v -4.999998 7.000000 3.750000
v -4.999998 7.000000 4.250000
v 4.999998 -7.000000 3.750000
v 4.999998 -7.000000 4.250000
v 4.999998 -6.500000 4.250000
v 4.999998 -6.500000 3.750000
v 4.999998 -4.642857 4.250000
v 4.999998 -4.642857 3.750000
v 4.999998 -2.785714 4.250000
v 4.999998 -2.785714 3.750000
v 4.999998 -0.928571 4.250000
v 4.999998 -0.928571 3.750000
v 4.999998 0.928572 4.250000
v 4.999998 0.928571 3.750000
v 4.999998 2.785714 4.250000
v 4.999998 2.785714 3.750000
v -3.999999 7.000000 5.125000
v -4.999998 7.000000 4.250000
v -4.499998 7.000000 4.250000
v -1.250000 7.000000 4.250000
v 1.250000 7.000000 4.250000
v -3.999999 7.000000 5.125000
v 1.250000 7.000000 4.250000
v 4.499998 7.000000 4.250000
v -3.999999 7.000000 5.125000
v 4.999998 7.000000 4.250000
v 4.999998 2.785714 3.750000
v 4.999998 2.785714 4.250000
v 4.999998 4.642857 4.250000
v 4.999998 4.642857 3.750000
v 4.999998 6.500000 4.250000
v 4.999998 6.500000 3.750000
v 4.999998 7.000000 3.750000
v 4.999998 7.000000 4.250000
v 4.499998 7.000000 4.250000
v 4.499998 7.000000 3.750000
v 1.250000 7.000000 4.250000
v 1.250000 7.000000 3.750000
v -1.250000 7.000000 4.250000
v -1.250000 7.000000 3.750000
v -4.499998 7.000000 4.250000
v -4.499998 7.000000 3.750000
v -4.999998 7.000000 4.250000
v -4.999998 7.000000 3.750000
v 4.499998 6.500000 4.250000
v 4.499998 6.500000 0.000000
v 1.250000 6.500000 0.000000
v 1.250000 6.500000 1.000000
v 1.250000 6.500000 2.750000
v -1.250000 6.500000 2.750000
v -4.499998 6.500000 4.250000
v -1.250000 6.500000 2.750000
v -1.250000 6.500000 1.000000
v -4.499998 6.500000 0.000000
v -1.250000 6.500000 0.000000
v 1.250000 -7.000000 2.750000
v 1.250000 -6.500000 2.750000
v -1.250000 -6.500000 2.750000
v -1.250000 -7.000000 2.750000
v 4.499998 -0.928571 3.750000
v 4.999998 -0.928571 3.750000
v 4.999998 0.928571 3.750000
v 4.499998 0.928571 3.750000
v 4.499998 2.785714 3.750000
v 4.999998 2.785714 3.750000
v 4.999998 4.642857 3.750000
v 4.499998 4.642857 3.750000
v 1.250000 6.500000 2.750000
v 1.250000 7.000000 2.750000
v -1.250000 7.000000 2.750000
v -1.250000 6.500000 2.750000
v -4.999998 2.785714 3.750000
v -4.499998 2.785714 3.750000
v -4.499998 4.642857 3.750000
v -4.999998 4.642857 3.750000
v -4.999998 -0.928571 3.750000
v -4.499998 -0.928571 3.750000
v -4.499998 0.928571 3.750000
v -4.999998 0.928571 3.750000
v -4.999998 -4.642857 3.750000
v -4.499998 -4.642857 3.750000
v -4.499998 -2.785714 3.750000
v -4.999998 -2.785714 3.750000
v -4.499998 6.500000 4.250000
v -4.499998 -6.500000 4.250000
v 4.499998 -6.500000 4.250000
v 4.499998 6.500000 4.250000
v 3.999999 7.000000 5.125000
v 4.999998 7.000000 4.250000
v 4.999998 6.500000 4.250000
v 4.999998 4.642857 4.250000
v 4.999998 2.785714 4.250000
v 4.999998 0.928572 4.250000
v 4.999998 -0.928571 4.250000
v 4.999998 -2.785714 4.250000
v 4.999998 -4.642857 4.250000
v 4.999998 -6.500000 4.250000
v 4.999998 -7.000000 4.250000
v 3.999999 -7.000000 5.125000
v 1.999999 7.000000 5.750000
v 1.999999 -7.000000 5.750000
v 0.000000 7.000000 6.000000
v 0.000000 -7.000000 6.000000
v -1.999999 7.000000 5.750000
v -1.999999 -7.000000 5.750000
v -3.999999 7.000000 5.125000
v -3.999999 -7.000000 5.125000
v -4.999998 7.000000 4.250000
v -4.999998 -7.000000 4.250000
v -4.999998 -6.500000 3.750000
v -4.999998 -6.500000 4.250000
v -4.999998 -7.000000 4.250000
v -4.999998 -7.000000 3.750000
v -4.999998 -4.642857 3.750000
v -4.999998 -4.642857 4.250000
v -4.999998 -6.500000 4.250000
v -4.999998 -6.500000 3.750000
v 4.999998 6.500000 3.750000
v 4.999998 6.500000 4.250000
v 4.999998 7.000000 4.250000
v 4.999998 7.000000 3.750000
v -4.999998 -7.000000 4.250000
v -4.999998 6.500000 4.250000
v -4.999998 7.000000 4.250000
v -4.999998 4.642857 4.250000
v -4.999998 2.785714 4.250000
v -4.999998 0.928571 4.250000
v -4.999998 -0.928571 4.250000
v -4.999998 -2.785714 4.250000
v -4.999998 -4.642857 4.250000
v -4.999998 -6.500000 4.250000
v -4.499998 -7.000000 -0.000000
v -4.499998 -7.000000 -0.500000
v -4.999998 -7.000000 -0.500000
v -1.250000 -7.000000 -0.000000
v -1.250000 -7.000000 -0.500000
v 1.250000 -7.000000 -0.000000
v 4.499998 -7.000000 -0.500000
v 4.999998 -7.000000 -0.500000
v 4.999998 -6.500000 -0.500000
v 4.999998 -4.642857 -0.500000
v 4.999998 -2.785714 -0.500000
v 4.999998 -0.928571 -0.500000
v 4.999998 0.928571 -0.500000
v 4.999998 2.785714 -0.500000
v 4.999998 4.642857 -0.500000
v 4.999998 6.500000 -0.500000
v 4.999998 7.000000 -0.500000
v 4.499998 7.000000 -0.500000
v 1.250000 -7.000000 -0.500000
v 1.250000 7.000000 -0.500000
v -1.250000 -7.000000 -0.500000
v -1.250000 7.000000 -0.500000
v -4.499998 -7.000000 -0.500000
v -4.499998 7.000000 -0.500000
v -4.999998 -7.000000 -0.500000
v -4.999998 7.000000 -0.500000
v -4.999998 7.000000 -0.500000
v -4.999998 -6.500000 -0.500000
v -4.999998 -7.000000 -0.500000
v -4.999998 -4.642857 -0.500000
v -4.999998 -2.785714 -0.500000
v -4.999998 -0.928571 -0.500000
v -4.999998 0.928571 -0.500000
v -4.999998 2.785714 -0.500000
v -4.999998 4.642857 -0.500000
v -4.999998 6.500000 -0.500000
v 1.150000 -7.100000 2.650000
v 1.150000 -7.100000 -0.100000
v 1.150000 -6.400000 -0.100000
v 1.150000 -6.400000 2.650000
v 1.350000 -6.400000 2.850000
v 1.350000 -7.100000 2.850000
v -1.350000 -7.100000 2.850000
v -1.350000 -6.400000 2.850000
v 1.150000 -6.400000 2.650000
v 1.150000 -6.400000 -0.100000
v 1.350000 -6.400000 -0.100000
v 1.350000 -6.400000 2.850000
v -1.150000 -7.100000 2.650000
v 1.150000 -7.100000 2.650000
v 1.150000 -6.400000 2.650000
v -1.150000 -6.400000 2.650000
v -1.150000 -6.400000 2.650000
v -1.150000 -6.400000 -0.100000
v -1.150000 -7.100000 -0.100000
v -1.150000 -7.100000 2.650000
v 1.150000 -7.100000 -0.100000
v 1.350000 -7.100000 -0.100000
v 1.350000 -6.400000 -0.100000
v 1.150000 -6.400000 -0.100000
v -1.350000 -7.100000 -0.100000
v -1.150000 -7.100000 -0.100000
v -1.150000 -6.400000 -0.100000
v -1.350000 -6.400000 -0.100000
v -1.150011 7.099998 2.650000
v -1.150011 7.099998 -0.100000
v -1.150010 6.399998 -0.100000
v -1.150010 6.399998 2.650000
v -1.350010 6.399998 2.850000
v -1.350011 7.099998 2.850000
v 1.349989 7.100002 2.850000
v 1.349990 6.400002 2.850000
v 1.149989 7.100002 2.650000
v -1.150011 7.099998 2.650000
v -1.150010 6.399998 2.650000
v 1.149990 6.400002 2.650000
v 1.149990 6.400002 2.650000
v 1.149990 6.400002 -0.100000
v 1.149989 7.100002 -0.100000
v 1.149989 7.100002 2.650000
v -1.150011 7.099998 -0.100000
v -1.350011 7.099998 -0.100000
v -1.350010 6.399998 -0.100000
v -1.150010 6.399998 -0.100000
v 1.349989 7.100002 -0.100000
v 1.149989 7.100002 -0.100000
v 1.149990 6.400002 -0.100000
v 1.349990 6.400002 -0.100000
v 1.149989 7.100002 2.650000
v 1.149989 7.100002 -0.100000
v 1.349989 7.100002 -0.100000
v 1.349989 7.100002 2.850000
v -4.399989 -2.685729 3.850000
v -5.099989 -2.685730 3.850000
v -5.099989 -2.685730 0.900000
v -4.399989 -2.685729 0.900000
v -5.100002 2.685706 3.850000
v -4.400002 2.685708 3.850000
v -4.400002 2.685708 0.900000
v -5.100002 2.685706 0.900000
v 1.350000 -7.100000 2.850000
v 1.350000 -6.400000 2.850000
v 1.350000 -6.400000 -0.100000
v 1.350000 -7.100000 -0.100000
v 5.099998 -2.885714 3.650000
v 5.099998 -2.885714 1.100000
v 4.399998 -2.885714 1.100000
v 4.399998 -2.885714 3.650000
v -5.100002 2.685706 3.850000
v -4.400007 4.742850 3.850000
v -4.400006 4.542850 3.850000
v -5.100006 4.542849 3.850000
v 5.099999 -4.542856 3.650000
v 5.099998 -2.885714 3.650000
v 4.399998 -2.885714 3.650000
v 4.400000 -4.542857 3.650000
v 1.349990 6.400002 2.850000
v 1.349989 7.100002 2.850000
v 1.349989 7.100002 -0.100000
v 1.349990 6.400002 -0.100000
v 4.400000 -4.542857 3.650000
v 4.400000 -4.542857 1.100000
v 5.099999 -4.542856 1.100000
v 5.099999 -4.542856 3.650000
v 4.400000 -4.742857 0.900000
v 5.100000 -4.742857 0.900000
v 5.099998 -2.685714 0.900000
v 4.400000 -4.542857 0.900000
v 5.099998 -2.885714 1.100000
v 5.099999 -4.542856 1.100000
v 4.400000 -4.542857 1.100000
v 4.399998 -2.885714 1.100000
v 4.400000 -4.542857 3.650000
v 4.400000 -4.742857 0.900000
v 4.400000 -4.542857 0.900000
v 4.400000 -4.742857 3.850000
v 5.099999 -4.542856 1.100000
v 5.099998 -2.685714 0.900000
v 5.100000 -4.742857 0.900000
v 5.099998 -2.885714 1.100000
v 5.099998 -2.685714 1.100000
v 4.400000 -4.542857 0.900000
v 4.399998 -2.885714 0.900000
v 4.399998 -2.885714 1.100000
v 4.400000 -4.542857 1.100000
v -4.400007 4.742850 3.850000
v -5.100007 4.742849 3.850000
v -5.100007 4.742849 0.900000
v -4.400007 4.742850 0.900000
v 4.399998 -2.685714 3.850000
v 4.399998 -2.685714 0.900000
v 5.099998 -2.685714 0.900000
v 5.099998 -2.685714 1.100000
v 5.099998 0.828572 3.650000
v 5.099998 0.828572 1.100000
v 4.399998 0.828571 1.100000
v 4.399998 0.828571 3.650000
v 4.400000 -0.828571 3.850000
v 4.400000 -0.828571 3.650000
v 4.399998 0.828571 3.650000
v 4.399998 0.828571 3.850000
v 5.100000 -0.828571 3.650000
v 5.099998 0.828572 3.650000
v 4.399998 0.828571 3.650000
v 4.400000 -0.828571 3.650000
v 4.400000 -0.828571 3.650000
v 4.400000 -0.828571 1.100000
v 5.100000 -0.828571 1.100000
v 5.100000 -0.828571 3.650000
v 5.100000 -1.028571 0.900000
v 5.099998 1.028572 0.900000
v 4.399998 1.028571 0.900000
v 4.400000 -1.028571 0.900000
v 5.099998 0.828572 1.100000
v 5.100000 -0.828571 1.100000
v 4.400000 -0.828571 1.100000
v 4.399998 0.828571 1.100000
v -4.400002 1.028565 3.850000
v -5.100001 1.028563 3.850000
v -5.100001 1.028563 0.900000
v -4.400002 1.028565 0.900000
v 4.400000 -1.028571 3.850000
v 5.100000 -1.028571 3.850000
v 5.100000 -1.028571 0.900000
v 4.400000 -1.028571 0.900000
v 5.099993 2.885722 3.650000
v 4.399993 2.885722 3.650000
v 4.399993 2.885722 1.100000
v 5.099993 2.885722 1.100000
v 5.100000 -0.828571 1.100000
v 5.099998 1.028572 0.900000
v 5.100000 -1.028571 0.900000
v 5.099998 0.828572 1.100000
v 5.099998 1.028572 1.100000
v 5.099992 4.542865 3.650000
v 4.399992 4.542864 3.650000
v 4.399993 2.885722 3.650000
v 5.099993 2.885722 3.650000
v -1.350011 7.099998 2.850000
v -1.350010 6.399998 2.850000
v -1.350010 6.399998 -0.100000
v -1.350011 7.099998 -0.100000
v 4.399992 4.542864 3.650000
v 5.099992 4.542865 3.650000
v 5.099992 4.542865 1.100000
v 4.399992 4.542864 1.100000
v 5.099993 2.885722 1.100000
v 4.399993 2.885722 1.100000
v 4.399992 4.542864 1.100000
v 5.099992 4.542865 1.100000
v 4.399993 2.685722 3.850000
v 4.399993 2.685722 0.900000
v 4.399993 2.885722 3.650000
v 4.399993 2.885722 0.900000
v -5.100006 4.542849 3.650000
v -5.100006 4.542849 1.100000
v -5.100007 4.742849 3.850000
v -5.100006 4.542849 0.900000
v 4.399998 -2.685714 3.850000
v 5.099998 -2.685714 3.850000
v 5.099998 -2.885714 3.850000
v 4.400000 -4.742857 3.850000
v 5.099992 4.542865 1.100000
v 5.099992 4.542865 0.900000
v 5.099993 2.885722 0.900000
v 5.099993 2.885722 1.100000
v 4.399992 4.542864 0.900000
v 4.399992 4.542864 1.100000
v 4.399993 2.885722 1.100000
v 4.399993 2.885722 0.900000
v 5.099991 4.742865 3.850000
v 4.399992 4.742865 3.850000
v 4.399992 4.742865 0.900000
v 5.099991 4.742865 0.900000
v 4.400000 -4.742857 3.850000
v 5.100000 -4.742857 3.850000
v 5.100000 -4.742857 0.900000
v 4.400000 -4.742857 0.900000
v -5.100002 2.885706 3.650000
v -5.100002 2.885706 1.100000
v -4.400002 2.885707 1.100000
v -4.400002 2.885707 3.650000
v -1.350000 -6.400000 2.850000
v -1.350000 -7.100000 2.850000
v -1.350000 -7.100000 -0.100000
v -1.350000 -6.400000 -0.100000
v -5.100006 4.542849 3.650000
v -5.100002 2.885706 3.650000
v -4.400002 2.885707 3.650000
v -4.400006 4.542850 3.650000
v -4.400006 4.542850 3.650000
v -4.400006 4.542850 1.100000
v -5.100006 4.542849 1.100000
v -5.100006 4.542849 3.650000
v -5.100002 2.885706 1.100000
v -5.100006 4.542849 1.100000
v -4.400006 4.542850 1.100000
v -4.400002 2.885707 1.100000
v 4.399993 2.685722 3.850000
v 5.099993 2.685722 3.850000
v 5.099993 2.685722 0.900000
v 4.399993 2.685722 0.900000
v -4.399989 -2.885728 1.100000
v -4.399989 -2.885728 3.650000
v -4.399989 -2.685729 0.900000
v -4.399989 -2.885728 3.850000
v -5.100002 2.885706 3.650000
v -5.100006 4.542849 3.850000
v -5.100002 2.685706 3.850000
v -5.100006 4.542849 3.650000
v -5.100002 2.885706 1.100000
v -5.100002 2.685706 0.900000
v -5.100006 4.542849 0.900000
v -4.400006 4.542850 1.100000
v -4.400006 4.542850 3.650000
v -4.400007 4.742850 0.900000
v -4.400006 4.542850 3.850000
v 4.399998 1.028571 3.850000
v 4.399998 1.028571 0.900000
v 5.099998 1.028572 0.900000
v 5.099998 1.028572 1.100000
v -5.099997 -0.828580 3.650000
v -5.099997 -0.828580 1.100000
v -4.399997 -0.828578 1.100000
v -4.399997 -0.828578 3.650000
v -5.100001 0.828563 3.650000
v -5.099997 -0.828580 3.650000
v -4.399997 -0.828578 3.650000
v -4.400002 0.828565 3.650000
v -5.099989 -2.685730 3.850000
v -4.399989 -2.685729 3.850000
v -4.399989 -2.885728 3.850000
v -5.099984 -4.742873 3.850000
v -5.100001 0.828563 1.100000
v -5.099997 -0.828580 1.100000
v -5.099997 -0.828580 0.900000
v -5.100001 1.028563 0.900000
v -4.400002 0.828565 3.650000
v -4.400002 0.828565 1.100000
v -5.100001 0.828563 1.100000
v -5.100001 0.828563 3.650000
v -5.099997 -0.828580 1.100000
v -5.100001 0.828563 1.100000
v -4.400002 0.828565 1.100000
v -4.399997 -0.828578 1.100000
v -5.099997 -0.828580 3.850000
v -5.099997 -1.028580 3.850000
v -5.099997 -1.028580 0.900000
v -5.099997 -0.828580 0.900000
v -5.099997 -0.828580 0.900000
v -5.099997 -0.828580 3.650000
v -5.099997 -0.828580 3.850000
v -5.099997 -0.828580 1.100000
v -5.099997 -1.028580 3.850000
v -4.399997 -1.028578 3.850000
v -4.399997 -1.028578 0.900000
v -5.099997 -1.028580 0.900000
v -4.399997 -0.828578 0.900000
v -4.399997 -1.028578 0.900000
v -4.399997 -1.028578 3.850000
v -4.399997 -0.828578 3.850000
v -4.399997 -0.828578 3.850000
v -4.399997 -0.828578 1.100000
v -4.399997 -0.828578 0.900000
v -4.399997 -0.828578 3.650000
v 5.099993 2.685722 3.850000
v 4.399993 2.685722 3.850000
v 4.399992 4.742865 3.850000
v 5.099991 4.742865 3.850000
v -5.099984 -4.742873 3.850000
v -4.399984 -4.742871 3.850000
v -4.399984 -4.742871 0.900000
v -5.099984 -4.742873 0.900000
v -5.099989 -2.885730 3.650000
v -4.399989 -2.885728 3.650000
v -4.399989 -2.885728 1.100000
v -5.099989 -2.885730 1.100000
v -4.399985 -4.542871 1.100000
v -4.399989 -2.885728 0.900000
v -4.399984 -4.742871 0.900000
v -4.399989 -2.885728 1.100000
v -5.099985 -4.542872 3.650000
v -4.399985 -4.542871 3.650000
v -4.399989 -2.885728 3.650000
v -5.099989 -2.885730 3.650000
v -5.099985 -4.542872 3.650000
v -5.099989 -2.885730 3.850000
v -5.099984 -4.742873 3.850000
v -5.099989 -2.885730 3.650000
v -5.099985 -4.542872 1.100000
v -5.099984 -4.742873 0.900000
v -5.099989 -2.885730 0.900000
v -5.099989 -2.885730 1.100000
v -5.099989 -2.685730 3.850000
v -5.099989 -2.885730 3.650000
v -4.399985 -4.542871 3.650000
v -5.099985 -4.542872 3.650000
v -5.099985 -4.542872 1.100000
v -4.399985 -4.542871 1.100000
v -5.099989 -2.885730 1.100000
v -4.399989 -2.885728 1.100000
v -4.399985 -4.542871 1.100000
v -5.099985 -4.542872 1.100000
v 4.399993 2.685722 0.900000
v 5.099993 2.685722 0.900000
v 5.099993 2.885722 0.900000
v 5.099992 4.542865 0.900000
v 5.099992 4.542865 0.900000
v 5.099991 4.742865 0.900000
v 4.399993 2.685722 0.900000
v 4.399993 2.885722 0.900000
v 4.249998 -6.750000 -0.250000
v 4.249998 -6.750000 -1.000000
v 4.249998 -6.250000 -1.000000
v 4.249998 -6.250000 -0.250000
v 4.249998 -6.250000 -0.250000
v 4.249998 -6.250000 -1.000000
v 4.749998 -6.250000 -1.000000
v 4.749998 -6.250000 -0.250000
v 4.749998 -6.250000 -0.250000
v 4.749998 -6.250000 -1.000000
v 4.749998 -6.750000 -1.000000
v 4.749998 -6.750000 -0.250000
v 4.749998 -6.750000 -0.250000
v 4.749998 -6.750000 -1.000000
v 4.249998 -6.750000 -1.000000
v 4.249998 -6.750000 -0.250000
v 4.249998 -6.750000 -1.000000
v 4.749998 -6.750000 -1.000000
v 4.749998 -6.250000 -1.000000
v 4.249998 -6.250000 -1.000000
v -4.249998 -6.750000 -0.250000
v -4.249998 -6.250000 -0.250000
v -4.249998 -6.250000 -1.000000
v -4.249998 -6.750000 -1.000000
v -4.249998 -6.250000 -0.250000
v -4.749998 -6.250000 -0.250000
v -4.749998 -6.250000 -1.000000
v -4.249998 -6.250000 -1.000000
v -4.749998 -6.250000 -0.250000
v -4.749998 -6.750000 -0.250000
v -4.749998 -6.750000 -1.000000
v -4.749998 -6.250000 -1.000000
v -4.749998 -6.750000 -0.250000
v -4.249998 -6.750000 -0.250000
v -4.249998 -6.750000 -1.000000
v -4.749998 -6.750000 -1.000000
v -4.249998 -6.750000 -1.000000
v -4.249998 -6.250000 -1.000000
v -4.749998 -6.250000 -1.000000
v -4.749998 -6.750000 -1.000000
v 4.249998 6.750000 -0.250000
v 4.249998 6.250000 -0.250000
v 4.249998 6.250000 -1.000000
v 4.249998 6.750000 -1.000000
v 4.249998 6.250000 -0.250000
v 4.749998 6.250000 -0.250000
v 4.749998 6.250000 -1.000000
v 4.249998 6.250000 -1.000000
v 4.749998 6.250000 -0.250000
v 4.749998 6.750000 -0.250000
v 4.749998 6.750000 -1.000000
v 4.749998 6.250000 -1.000000
v 4.749998 6.750000 -0.250000
v 4.249998 6.750000 -0.250000
v 4.249998 6.750000 -1.000000
v 4.749998 6.750000 -1.000000
v 4.249998 6.750000 -1.000000
v 4.249998 6.250000 -1.000000
v 4.749998 6.250000 -1.000000
v 4.749998 6.750000 -1.000000
v -4.249998 6.750000 -0.250000
v -4.249998 6.750000 -1.000000
v -4.249998 6.250000 -1.000000
v -4.249998 6.250000 -0.250000
v -4.249998 6.250000 -0.250000
v -4.249998 6.250000 -1.000000
v -4.749998 6.250000 -1.000000
v -4.749998 6.250000 -0.250000
v -4.749998 6.250000 -0.250000
v -4.749998 6.250000 -1.000000
v -4.749998 6.750000 -1.000000
v -4.749998 6.750000 -0.250000
v -4.749998 6.750000 -0.250000
v -4.749998 6.750000 -1.000000
v -4.249998 6.750000 -1.000000
v -4.249998 6.750000 -0.250000
v -4.249998 6.750000 -1.000000
v -4.749998 6.750000 -1.000000
v -4.749998 6.250000 -1.000000
v -4.249998 6.250000 -1.000000
v 4.999998 4.642857 2.750000
v 4.999998 6.500000 3.750000
v 4.999998 6.500000 2.750000
v 4.999998 4.642857 1.000000
v 4.999998 7.000000 3.750000
v 4.999998 6.500000 1.000000
v 4.999998 7.000000 2.750000
vt 0.354088008 0.250923008
vt 0.336539 0.236690998
vt 0.354084998 0.250216007
vt 0.367980003 0.248361006
vt 0.377103001 0.231408998
vt 0.374507993 0.233033001
vt 0.36828801 0.248802006
vt 0.369224012 0.233680993
vt 0.366457999 0.248674005
vt 0.36490199 0.234429002
vt 0.364542991 0.248795003
vt 0.361043006 0.234955996
vt 0.362682015 0.249004006
vt 0.357109994 0.235202998
vt 0.360507995 0.249312997
vt 0.352647007 0.235346004
vt 0.358478993 0.249663994
vt 0.347250015 0.235798001
vt 0.356216013 0.250151992
vt 0.340705991 0.237194002
vt 0.354088008 0.250923008
vt 0.336539 0.236690998
vt 0.367980003 0.248361006
vt 0.374507993 0.233033001
vt 0.36828801 0.248802006
vt 0.845189989 0.694911003
vt 0.845324993 0.695644021
vt 0.845782995 0.696200013
vt 0.841938019 0.695801973
vt 0.842652977 0.696411014
vt 0.843429029 0.696757972
vt 0.368883997 0.244717002
vt 0.379404008 0.243917003
vt 0.382252008 0.242192
vt 0.36243999 0.237369001
vt 0.361566007 0.242736995
vt 0.387537003 0.238085002
vt 0.365263999 0.237923995
vt 0.36243999 0.237369001
vt 0.382248998 0.234873995
vt 0.384187996 0.233512998
vt 0.368528008 0.235734001
vt 0.374832988 0.234381005
vt 0.376428992 0.234136
vt 0.378829002 0.233955994
vt 0.837653995 0.703290999
vt 0.838917971 0.703858018
vt 0.842393994 0.705682993
vt 0.842393994 0.705682993
vt 0.841582 0.705886006
vt 0.838917971 0.703858018
vt 0.841050982 0.703266978
vt 0.843439996 0.705133021
vt 0.841212988 0.699096978
vt 0.843439996 0.705133021
vt 0.843083978 0.697355986
vt 0.843439996 0.705133021
vt 0.841212988 0.699096978
vt 0.841212988 0.699096978
vt 0.839164019 0.698610008
vt 0.841225982 0.69690299
vt 0.837961972 0.699091971
vt 0.0967990011 0.722113013
vt 0.0993809998 0.723993003
vt 0.0970320031 0.722163022
vt 0.0991260037 0.724054992
vt 0.0993809998 0.723993003
vt 0.0957890004 0.726006985
vt 0.100625001 0.72478801
vt 0.100187004 0.725004017
vt 0.0984750018 0.726875007
vt 0.0995609984 0.727272987
vt 0.098503001 0.730834007
vt 0.099816002 0.730349004
vt 0.100033 0.734266996
vt 0.102009997 0.732949972
vt 0.0966250002 0.736958027
vt 0.0953850001 0.731881976
vt 0.0969170034 0.736909986
vt 0.100299001 0.734344006
vt 0.0969170034 0.736909986
vt 0.102600001 0.733345985
vt 0.109006003 0.720539987
vt 0.107427999 0.722490013
vt 0.109134004 0.720319986
vt 0.117471002 0.733367026
vt 0.112709001 0.73179698
vt 0.117091 0.73328203
vt 0.115125999 0.728277028
vt 0.113119997 0.731754005
vt 0.112709001 0.73179698
vt 0.110610999 0.731133997
vt 0.111235 0.73082298
vt 0.112130001 0.728402972
vt 0.110845 0.728368998
vt 0.109958 0.724880993
vt 0.109108001 0.725618005
vt 0.107601002 0.722580016
vt 0.106422 0.72368598
vt 0.109251 0.720254004
vt 0.111824997 0.723209023
vt 0.109134004 0.720319986
vt 0.107427999 0.722490013
vt 0.109134004 0.720319986
vt 0.105950996 0.723381996
vt 0.850674987 0.707100987
vt 0.850394011 0.706115007
vt 0.852101982 0.705085993
vt 0.851011992 0.705905974
vt 0.849673986 0.705349028
vt 0.850594997 0.704967976
vt 0.852850974 0.703289986
vt 0.843439996 0.705133021
vt 0.843967974 0.705964983
vt 0.846952021 0.705635011
vt 0.845902026 0.706035972
vt 0.852850974 0.703289986
vt 0.852850974 0.703289986
vt 0.846952021 0.705635011
vt 0.852434993 0.704190016
vt 0.847220004 0.707727015
vt 0.846073985 0.706843019
vt 0.845422029 0.707822025
vt 0.854948997 0.703360975
vt 0.853682995 0.704374015
vt 0.854920983 0.705012977
vt 0.843439996 0.705133021
vt 0.843187988 0.706487
vt 0.842393994 0.705682993
vt 0.842559993 0.707361996
vt 0.841582 0.705886006
vt 0.850394011 0.706115007
vt 0.851011992 0.705905974
vt 0.852101982 0.705085993
vt 0.842559993 0.707361996
vt 0.841582 0.705886006
vt 0.845422029 0.707822025
vt 0.847220004 0.707727015
vt 0.850674987 0.707100987
vt 0.854948997 0.703360975
vt 0.852384984 0.706532001
vt 0.854920983 0.705012977
vt 0.851011992 0.705905974
vt 0.852384984 0.706532001
vt 0.852101982 0.705085993
vt 0.846952021 0.705635011
vt 0.846780002 0.70669198
vt 0.847220004 0.707727015
vt 0.100938998 0.734543025
vt 0.102034003 0.733771026
vt 0.102384001 0.733817995
vt 0.112709001 0.73179698
vt 0.110610999 0.731133997
vt 0.109945998 0.731679022
vt 0.112709001 0.73179698
vt 0.112397 0.731806993
vt 0.117091 0.73328203
vt 0.109214 0.732147992
vt 0.111212 0.732455015
vt 0.116429999 0.733022988
vt 0.113863997 0.733937025
vt 0.107323997 0.72239399
vt 0.106678002 0.722958982
vt 0.106078997 0.722971976
vt 0.0970320031 0.722163022
vt 0.0993809998 0.723993003
vt 0.0995630026 0.723941982
vt 0.0970320031 0.722163022
vt 0.0973569974 0.722370028
vt 0.100309998 0.723755002
vt 0.0989840031 0.722337008
vt 0.101501003 0.72418499
vt 0.101097003 0.724363983
vt 0.0993809998 0.723993003
vt 0.100625001 0.72478801
vt 0.0973469988 0.73664403
vt 0.100299001 0.734344006
vt 0.0969170034 0.736909986
vt 0.0995900035 0.736627996
vt 0.100339003 0.734403014
vt 0.100938998 0.734543025
vt 0.100299001 0.734344006
vt 0.102384001 0.733817995
vt 0.102600001 0.733345985
vt 0.117091 0.73328203
vt 0.112397 0.731806993
vt 0.116429999 0.733022988
vt 0.847576022 0.694473028
vt 0.847530007 0.695550025
vt 0.848563015 0.694976985
vt 0.847530007 0.695550025
vt 0.845189989 0.694911003
vt 0.843952 0.695152998
vt 0.841938019 0.695801973
vt 0.841225982 0.69690299
vt 0.843429029 0.696757972
vt 0.841225982 0.69690299
vt 0.843083978 0.697355986
vt 0.850243986 0.696048975
vt 0.843429029 0.696757972
vt 0.844765007 0.696608007
vt 0.845782995 0.696200013
vt 0.844767988 0.695788026
vt 0.843952 0.695152998
vt 0.845189989 0.694911003
vt 0.847957015 0.695694029
vt 0.848908007 0.695564985
vt 0.849752009 0.695430994
vt 0.848037004 0.695047021
vt 0.848563015 0.694976985
vt 0.847576022 0.694473028
vt 0.850134015 0.694989026
vt 0.850243986 0.696048975
vt 0.850504994 0.694356024
vt 0.851526976 0.695124984
vt 0.849126995 0.695303977
vt 0.850504994 0.694356024
vt 0.848747015 0.694338024
vt 0.847530007 0.695550025
vt 0.848563015 0.694976985
vt 0.849126995 0.695303977
vt 0.848747015 0.694338024
vt 0.848563015 0.694976985
vt 0.104511 0.723909974
vt 0.105873004 0.724958003
vt 0.109581001 0.729759991
vt 0.108893 0.728600025
vt 0.109581001 0.729759991
vt 0.107052997 0.726179004
vt 0.108176 0.727468014
vt 0.101094 0.726200998
vt 0.101144001 0.725466013
vt 0.100658998 0.725519001
vt 0.100083999 0.727509975
vt 0.101094 0.726200998
vt 0.100479998 0.730147004
vt 0.101094 0.726200998
vt 0.103179999 0.732392013
vt 0.104654998 0.732809007
vt 0.103370003 0.731546998
vt 0.101094 0.726200998
vt 0.101370998 0.727432013
vt 0.101094 0.726200998
vt 0.102475002 0.73012501
vt 0.101681001 0.728686988
vt 0.641233027 0.748194993
vt 0.637750983 0.752237022
vt 0.652958989 0.752237022
vt 0.641233027 0.748194993
vt 0.650538027 0.749324024
vt 0.377429992 0.263175011
vt 0.415165991 0.267722994
vt 0.378093988 0.264555991
vt 0.367940009 0.247639
vt 0.377103001 0.231408998
vt 0.367980003 0.248361006
vt 0.352766007 0.269753993
vt 0.329185992 0.286098003
vt 0.353412002 0.268676013
vt 0.354084998 0.250216007
vt 0.336539 0.236690998
vt 0.332087994 0.236718997
vt 0.353668988 0.249339998
vt 0.320928991 0.248839006
vt 0.350910991 0.255816013
vt 0.310550988 0.26433301
vt 0.354084998 0.250216007
vt 0.332087994 0.236718997
vt 0.353668988 0.249339998
vt 0.378093988 0.264555991
vt 0.415165991 0.267722994
vt 0.421970993 0.261602014
vt 0.379568994 0.265906006
vt 0.405663013 0.242731005
vt 0.376008004 0.256532013
vt 0.392545015 0.235238999
vt 0.372658998 0.251960009
vt 0.380075991 0.230012998
vt 0.367940009 0.247639
vt 0.377103001 0.231408998
vt 0.378093988 0.264555991
vt 0.421970993 0.261602014
vt 0.379568994 0.265906006
vt 0.353412002 0.268676013
vt 0.329185992 0.286098003
vt 0.33545199 0.287757009
vt 0.353509992 0.26781401
vt 0.346139014 0.291698009
vt 0.356783986 0.268927008
vt 0.356555015 0.293471009
vt 0.360437006 0.269385993
vt 0.36677599 0.293471009
vt 0.36393401 0.269288003
vt 0.377016008 0.291772008
vt 0.367769003 0.268602014
vt 0.38737601 0.288136005
vt 0.371172011 0.267396986
vt 0.397825986 0.282032996
vt 0.374626011 0.265554011
vt 0.407949001 0.272718996
vt 0.377429992 0.263175011
vt 0.415165991 0.267722994
vt 0.353412002 0.268676013
vt 0.33545199 0.287757009
vt 0.353509992 0.26781401
vt 0.642821014 0.767619014
vt 0.642821014 0.813453972
vt 0.596987009 0.767619014
vt 0.642821014 0.767619014
vt 0.596987009 0.767619014
vt 0.642821014 0.813453972
vt 0.596987009 0.813453972
vt 0.642821014 0.813453972
vt 0.642821014 0.767619014
vt 0.642821014 0.767619014
vt 0.642821014 0.813453972
vt 0.596987009 0.767619014
vt 0.596987009 0.813453972
vt 0.642821014 0.813453972
vt 0.642821014 0.767619014
vt 0.642821014 0.767619014
vt 0.596987009 0.767619014
vt 0.642821014 0.813453972
vt 0.596987009 0.813453972
vt 0.642821014 0.813453972
vt 0.642821014 0.767619014
vt 0.596987009 0.813453972
vt 0.642821014 0.813453972
vt 0.642821014 0.767619014
vt 0.642821014 0.767619014
vt 0.596987009 0.767619014
vt 0.642821014 0.767619014
vt 0.642821014 0.767619014
vt 0.596987009 0.813453972
vt 0.642821014 0.767619014
vt 0.642821014 0.813453972
vt 0.596987009 0.767619014
vt 0.642821014 0.767619014
vt 0.596987009 0.767619014
vt 0.642821014 0.813453972
vt 0.596987009 0.813453972
vt 0.642821014 0.813453972
vt 0.642821014 0.767619014
vt 0.642821014 0.767619014
vt 0.642821014 0.767619014
vt 0.596987009 0.767619014
vt 0.596987009 0.813453972
vt 0.596987009 0.813453972
vt 0.642821014 0.813453972
vt 0.642821014 0.767619014
vt 0.596987009 0.767619014
vt 0.596987009 0.813453972
vt 0.642821014 0.813453972
vt 0.642821014 0.767619014
vt 0.596987009 0.813453972
vt 0.642821014 0.767619014
vt 0.642821014 0.767619014
vt 0.596987009 0.813453972
vt 0.642821014 0.813453972
vt 0.642821014 0.767619014
vt 0.642821014 0.767619014
vt 0.642821014 0.767619014
vt 0.642821014 0.767619014
vt 0.642821014 0.767619014
vt 0.596987009 0.813453972
vt 0.642821014 0.813453972
vt 0.642821014 0.813453972
vt 0.642821014 0.813453972
vt 0.642821014 0.767619014
vt 0.642821014 0.813453972
vt 0.642821014 0.767619014
vt 0.642821014 0.767619014
vt 0.642821014 0.813453972
vt 0.596987009 0.813453972
vt 0.642821014 0.767619014
vt 0.596987009 0.813453972
vt 0.596987009 0.813453972
vt 0.642821014 0.767619014
vt 0.642821014 0.767619014
vt 0.596987009 0.767619014
vt 0.642821014 0.813453972
vt 0.596987009 0.813453972
vt 0.642821014 0.813453972
vt 0.642821014 0.767619014
vt 0.642821014 0.813453972
vt 0.642821014 0.767619014
vt 0.596987009 0.813453972
vt 0.596987009 0.767619014
vt 0.642821014 0.813453972
vt 0.596987009 0.813453972
vt 0.642821014 0.813453972
vt 0.596987009 0.813453972
vt 0.642821014 0.767619014
vt 0.642821014 0.767619014
vt 0.642821014 0.767619014
vt 0.596987009 0.767619014
vt 0.596987009 0.813453972
vt 0.642821014 0.813453972
vt 0.642821014 0.767619014
vt 0.642821014 0.767619014
vt 0.642821014 0.767619014
vt 0.596987009 0.813453972
vt 0.596987009 0.767619014
vt 0.596987009 0.767619014
vt 0.642821014 0.767619014
vt 0.596987009 0.767619014
vt 0.596987009 0.813453972
vt 0.642821014 0.767619014
vt 0.596987009 0.767619014
vt 0.596987009 0.813453972
vt 0.642821014 0.813453972
vt 0.596987009 0.813453972
vt 0.642821014 0.813453972
vt 0.642821014 0.767619014
vt 0.596987009 0.813453972
vt 0.642821014 0.767619014
vt 0.596987009 0.767619014
vt 0.596987009 0.813453972
vt 0.596987009 0.813453972
vt 0.642821014 0.767619014
vt 0.596987009 0.813453972
vt 0.642821014 0.767619014
vt 0.642821014 0.767619014
vt 0.642821014 0.813453972
vt 0.642821014 0.767619014
vt 0.596987009 0.813453972
vt 0.596987009 0.767619014
vt 0.642821014 0.813453972
vt 0.596987009 0.813453972
vt 0.642821014 0.813453972
vt 0.596987009 0.813453972
vt 0.642821014 0.767619014
vt 0.642821014 0.813453972
vt 0.642821014 0.767619014
vt 0.596987009 0.767619014
vt 0.596987009 0.813453972
vt 0.596987009 0.767619014
vt 0.596987009 0.767619014
vt 0.642821014 0.767619014
vt 0.596987009 0.767619014
vt 0.596987009 0.767619014
vt 0.642821014 0.813453972
vt 0.642821014 0.813453972
vt 0.642821014 0.767619014
vt 0.596987009 0.767619014
vt 0.596987009 0.767619014
vt 0.642821014 0.767619014
vt 0.642821014 0.813453972
vt 0.642821014 0.767619014
vt 0.642821014 0.813453972
vt 0.642821014 0.813453972
vt 0.596987009 0.813453972
vt 0.596987009 0.767619014
vt 0.642821014 0.767619014
vt 0.642821014 0.767619014
vt 0.642821014 0.813453972
vt 0.596987009 0.767619014
vt 0.642821014 0.813453972
vt 0.642821014 0.813453972
vt 0.596987009 0.767619014
vt 0.596987009 0.767619014
vt 0.596987009 0.813453972
vt 0.642821014 0.767619014
vt 0.642821014 0.813453972
vt 0.642821014 0.767619014
vt 0.596987009 0.767619014
vt 0.642821014 0.767619014
vt 0.596987009 0.767619014
vt 0.596987009 0.767619014
vt 0.596987009 0.813453972
vt 0.642821014 0.813453972
vt 0.642821014 0.767619014
vt 0.596987009 0.767619014
vt 0.596987009 0.813453972
vt 0.596987009 0.813453972
vt 0.642821014 0.813453972
vt 0.642821014 0.813453972
vt 0.596987009 0.813453972
vt 0.596987009 0.813453972
vt 0.642821014 0.813453972
vt 0.642821014 0.767619014
vt 0.596987009 0.813453972
vt 0.596987009 0.767619014
vt 0.642821014 0.813453972
vt 0.596987009 0.813453972
vt 0.596987009 0.813453972
vt 0.596987009 0.767619014
vt 0.642821014 0.813453972
vt 0.596987009 0.813453972
vt 0.642821014 0.767619014
vt 0.596987009 0.767619014
vt 0.642821014 0.813453972
vt 0.596987009 0.813453972
vt 0.642821014 0.767619014
vt 0.596987009 0.813453972
vt 0.642821014 0.813453972
vt 0.596987009 0.813453972
vt 0.642821014 0.813453972
vt 0.642821014 0.767619014
vt 0.642821014 0.767619014
vt 0.642821014 0.767619014
vt 0.596987009 0.767619014
vt 0.642821014 0.813453972
vt 0.596987009 0.767619014
vt 0.596987009 0.813453972
vt 0.642821014 0.767619014
vt 0.642821014 0.813453972
vt 0.596987009 0.767619014
vt 0.596987009 0.813453972
vt 0.642821014 0.813453972
vt 0.642821014 0.767619014
vt 0.642821014 0.767619014
vt 0.596987009 0.767619014
vt 0.642821014 0.813453972
vt 0.596987009 0.813453972
vt 0.642821014 0.813453972
vt 0.642821014 0.767619014
vt 0.642821014 0.813453972
vt 0.642821014 0.767619014
vt 0.596987009 0.767619014
vt 0.596987009 0.767619014
vt 0.596987009 0.813453972
vt 0.596987009 0.767619014
vt 0.596987009 0.813453972
vt 0.642821014 0.767619014
vt 0.642821014 0.767619014
vt 0.596987009 0.767619014
vt 0.596987009 0.813453972
vt 0.596987009 0.813453972
vt 0.642821014 0.813453972
vt 0.642821014 0.767619014
vt 0.642821014 0.767619014
vt 0.596987009 0.767619014
vt 0.596987009 0.767619014
vt 0.596987009 0.813453972
vt 0.642821014 0.767619014
vt 0.642821014 0.813453972
vt 0.642821014 0.767619014
vt 0.642821014 0.767619014
vt 0.642821014 0.813453972
vt 0.596987009 0.767619014
vt 0.642821014 0.767619014
vt 0.596987009 0.767619014
vt 0.596987009 0.767619014
vt 0.596987009 0.813453972
vt 0.642821014 0.813453972
vt 0.642821014 0.767619014
vt 0.642821014 0.767619014
vt 0.596987009 0.767619014
vt 0.642821014 0.767619014
vt 0.642821014 0.767619014
vt 0.596987009 0.813453972
vt 0.642821014 0.767619014
vt 0.642821014 0.767619014
vt 0.596987009 0.767619014
vt 0.642821014 0.767619014
vt 0.596987009 0.767619014
vt 0.596987009 0.767619014
vt 0.642821014 0.767619014
vt 0.642821014 0.813453972
vt 0.642821014 0.813453972
vt 0.642821014 0.813453972
vt 0.596987009 0.813453972
vt 0.642821014 0.767619014
vt 0.642821014 0.813453972
vt 0.642821014 0.767619014
vt 0.596987009 0.813453972
vt 0.596987009 0.767619014
vt 0.596987009 0.813453972
vt 0.642821014 0.813453972
vt 0.596987009 0.813453972
vt 0.596987009 0.813453972
vt 0.642821014 0.813453972
vt 0.642821014 0.767619014
vt 0.642821014 0.767619014
vt 0.642821014 0.813453972
vt 0.642821014 0.767619014
vt 0.596987009 0.767619014
vt 0.642821014 0.813453972
vt 0.642821014 0.767619014
vt 0.596987009 0.813453972
vt 0.596987009 0.767619014
vt 0.642821014 0.767619014
vt 0.596987009 0.813453972
vt 0.642821014 0.813453972
vt 0.642821014 0.813453972
vt 0.642821014 0.767619014
vt 0.596987009 0.813453972
vt 0.642821014 0.813453972
vt 0.642821014 0.767619014
vt 0.596987009 0.813453972
vt 0.596987009 0.767619014
vt 0.596987009 0.813453972
vt 0.642821014 0.767619014
vt 0.596987009 0.767619014
vt 0.642821014 0.813453972
vt 0.596987009 0.813453972
vt 0.642821014 0.767619014
vt 0.642821014 0.813453972
vt 0.642821014 0.767619014
vt 0.642821014 0.813453972
vt 0.596987009 0.767619014
vt 0.642821014 0.813453972
vt 0.642821014 0.767619014
vt 0.596987009 0.767619014
vt 0.596987009 0.813453972
vt 0.642821014 0.813453972
vt 0.596987009 0.767619014
vt 0.596987009 0.767619014
vt 0.596987009 0.813453972
vt 0.642821014 0.813453972
vt 0.642821014 0.813453972
vt 0.642821014 0.767619014
vt 0.596987009 0.767619014
vt 0.596987009 0.813453972
vt 0.642821014 0.767619014
vt 0.907289028 0.212653995
vt 0.906114995 0.210307002
vt 0.906114995 0.212653995
vt 0.907288015 0.210307002
vt 0.914915979 0.212652996
vt 0.914915979 0.210306004
vt 0.632803023 0.758614004
vt 0.629797995 0.752604008
vt 0.629797995 0.758614004
vt 0.632803023 0.752604008
vt 0.629797995 0.74208802
vt 0.632803023 0.74208802
vt 0.382252008 0.242192
vt 0.384465009 0.238573
vt 0.364955992 0.242121994
vt 0.368883997 0.244717002
vt 0.361566007 0.242736995
vt 0.384465009 0.238573
vt 0.387537003 0.238085002
vt 0.364955992 0.242121994
vt 0.629797995 0.710537016
vt 0.632803023 0.716547012
vt 0.632803023 0.710537016
vt 0.629797995 0.716547012
vt 0.632803023 0.727064013
vt 0.629797995 0.727064013
vt 0.872085989 0.212657005
vt 0.864458978 0.210309997
vt 0.864458978 0.212657005
vt 0.872085989 0.210309997
vt 0.873259008 0.212657005
vt 0.873259008 0.210309997
vt 0.906114995 0.212653995
vt 0.906114995 0.210307002
vt 0.904941022 0.210307002
vt 0.904941976 0.212653995
vt 0.900583029 0.210308
vt 0.900583029 0.212654993
vt 0.896224022 0.210308
vt 0.896224022 0.212654993
vt 0.891866028 0.210308999
vt 0.891866028 0.212656006
vt 0.887507021 0.210308999
vt 0.887507021 0.212656006
vt 0.883149028 0.210308999
vt 0.883149028 0.212656006
vt 0.878790021 0.210309997
vt 0.878790021 0.212656006
vt 0.874432027 0.210309997
vt 0.874432027 0.212657005
vt 0.873259008 0.210309997
vt 0.873259008 0.212657005
vt 0.904941976 0.212660998
vt 0.906116009 0.215008005
vt 0.906116009 0.212660998
vt 0.904941976 0.215008005
vt 0.900583982 0.212660998
vt 0.900583982 0.215008005
vt 0.896224976 0.212660998
vt 0.896224976 0.215008005
vt 0.891866982 0.212660998
vt 0.891866982 0.215008005
vt 0.887508988 0.212660998
vt 0.887508988 0.215008005
vt 0.883149981 0.212660998
vt 0.883149981 0.215008005
vt 0.878791988 0.212660998
vt 0.878791988 0.215008005
vt 0.874432981 0.212660998
vt 0.874432981 0.215008005
vt 0.873260021 0.212660998
vt 0.873260021 0.215008005
vt 0.654438972 0.690518975
vt 0.664988995 0.684108019
vt 0.650891006 0.687514007
vt 0.664187014 0.688353002
vt 0.672773004 0.688179016
vt 0.66979897 0.690079987
vt 0.658291996 0.716947973
vt 0.668842018 0.710537016
vt 0.654744983 0.713943005
vt 0.668039978 0.714782
vt 0.676626027 0.714608014
vt 0.673651993 0.716508985
vt 0.633406997 0.688983023
vt 0.637024999 0.700677991
vt 0.636398971 0.691340029
vt 0.632833004 0.702413976
vt 0.64091301 0.705473006
vt 0.639515996 0.710506976
vt 0.105043001 0.736746013
vt 0.103490002 0.734574974
vt 0.102766998 0.736847997
vt 0.104468003 0.734457016
vt 0.103642002 0.733631015
vt 0.104535997 0.733363986
vt 0.654438972 0.690518975
vt 0.650891006 0.687514007
vt 0.650891006 0.700311005
vt 0.653612018 0.698188007
vt 0.645539999 0.689311028
vt 0.647898972 0.684108019
vt 0.633406997 0.688983023
vt 0.636398971 0.691340029
vt 0.636380017 0.716947973
vt 0.632833004 0.713943005
vt 0.632833004 0.726740003
vt 0.635553002 0.724617004
vt 0.640926003 0.730350018
vt 0.640184999 0.742951989
vt 0.642813981 0.733376026
vt 0.635791004 0.742712975
vt 0.641233027 0.748194993
vt 0.637750983 0.752237022
vt 0.640926003 0.730350018
vt 0.642813981 0.733376026
vt 0.650678992 0.735087991
vt 0.653971016 0.731779993
vt 0.627480984 0.689311028
vt 0.62984103 0.684108019
vt 0.615348995 0.688983023
vt 0.618340015 0.691340029
vt 0.658291996 0.716947973
vt 0.654744983 0.713943005
vt 0.654744983 0.726740003
vt 0.657464981 0.724617004
vt 0.864458978 0.212660998
vt 0.864458978 0.215008005
vt 0.872085989 0.215008005
vt 0.872085989 0.212660998
vt 0.873260021 0.215008005
vt 0.873260021 0.212660998
vt 0.61778003 0.758614004
vt 0.614775002 0.752604008
vt 0.614775002 0.758614004
vt 0.617779016 0.752604008
vt 0.614773989 0.742087007
vt 0.617779016 0.742087007
vt 0.614775002 0.710537016
vt 0.617779016 0.716547012
vt 0.61778003 0.710537016
vt 0.614775002 0.716547012
vt 0.617779016 0.727063
vt 0.614773989 0.727063
vt 0.906116009 0.212660998
vt 0.906116009 0.215008005
vt 0.907289028 0.215008005
vt 0.907289028 0.212660998
vt 0.914915979 0.215008005
vt 0.914915979 0.212660998
vt 0.663218021 0.703890979
vt 0.671751022 0.701355994
vt 0.668322027 0.698275983
vt 0.663105011 0.699757993
vt 0.650891006 0.700311005
vt 0.653612018 0.698188007
vt 0.667071998 0.730319977
vt 0.675603986 0.727784991
vt 0.67217499 0.724704981
vt 0.666957974 0.726186991
vt 0.654744983 0.726740003
vt 0.657464981 0.724617004
vt 0.646129012 0.714782
vt 0.651741028 0.716508985
vt 0.654715002 0.714608014
vt 0.646930993 0.710537016
vt 0.636380017 0.716947973
vt 0.632833004 0.713943005
vt 0.105474003 0.722661018
vt 0.105580002 0.723300993
vt 0.106192999 0.723143995
vt 0.106122002 0.722553015
vt 0.104887001 0.721256971
vt 0.106237002 0.721071005
vt 0.650758028 0.743206978
vt 0.650538027 0.749324024
vt 0.652958989 0.752237022
vt 0.654715002 0.743748009
vt 0.650678992 0.735087991
vt 0.653971016 0.731779993
vt 0.627480984 0.689311028
vt 0.632803023 0.695962012
vt 0.62984103 0.684108019
vt 0.62895602 0.696304023
vt 0.632803023 0.703715026
vt 0.629912019 0.702166021
vt 0.110788003 0.735321999
vt 0.107836001 0.733978987
vt 0.108623996 0.736131012
vt 0.108617 0.733588994
vt 0.107247002 0.733141005
vt 0.107580997 0.732877016
vt 0.632833004 0.726740003
vt 0.645047009 0.726186991
vt 0.635553002 0.724617004
vt 0.645160019 0.730319977
vt 0.650264025 0.724704981
vt 0.65369302 0.727784991
vt 0.101126999 0.721943974
vt 0.102959 0.72319299
vt 0.102588996 0.721632004
vt 0.102265999 0.723411024
vt 0.103465997 0.723815978
vt 0.102793999 0.724049985
vt 0.645539999 0.689311028
vt 0.650861025 0.695962012
vt 0.647898972 0.684108019
vt 0.647014022 0.696304023
vt 0.650861025 0.703715026
vt 0.647970974 0.702166021
vt 0.615348995 0.688983023
vt 0.618966997 0.700677991
vt 0.618340015 0.691340029
vt 0.614773989 0.702413976
vt 0.622855008 0.705473006
vt 0.621456981 0.710506976
vt 0.831246972 0.332129002
vt 0.833301008 0.331591994
vt 0.831825972 0.331176013
vt 0.830657005 0.331734002
vt 0.829127014 0.328931004
vt 0.828463018 0.329131991
vt 0.828729987 0.326292992
vt 0.828207016 0.326056004
vt 0.829304993 0.324303001
vt 0.828832984 0.323787987
vt 0.829791009 0.324248999
vt 0.829271972 0.323570997
vt 0.836227 0.331660986
vt 0.835160017 0.331604987
vt 0.835801005 0.331652999
vt 0.835892975 0.331925005
vt 0.833239973 0.331678987
vt 0.833181977 0.332147002
vt 0.832588017 0.331981003
vt 0.832288027 0.332414001
vt 0.831596971 0.332195014
vt 0.830680013 0.332554996
vt 0.837861001 0.330931008
vt 0.835160017 0.331604987
vt 0.836153984 0.331045985
vt 0.838593006 0.330462009
vt 0.836483002 0.330475986
vt 0.839257002 0.329917014
vt 0.838383973 0.329219013
vt 0.829271972 0.323570997
vt 0.829791009 0.324248999
vt 0.831121981 0.323294014
vt 0.829743028 0.323146999
vt 0.831251979 0.322966993
vt 0.830147028 0.322968006
vt 0.832147002 0.32287699
vt 0.831439972 0.322833002
vt 0.832458973 0.322834015
vt 0.832112014 0.322600007
vt 0.834423006 0.322283
vt 0.834226012 0.32208401
vt 0.834708989 0.322066993
vt 0.83484 0.321927011
vt 0.109581001 0.729759991
vt 0.109737001 0.730436027
vt 0.110391997 0.730304003
vt 0.110188998 0.728231013
vt 0.1087 0.72587198
vt 0.109581001 0.729759991
vt 0.1087 0.72587198
vt 0.105695002 0.724171996
vt 0.109581001 0.729759991
vt 0.104511 0.723909974
vt 0.83484 0.321927011
vt 0.834708989 0.322066993
vt 0.83456099 0.321996003
vt 0.835325003 0.321741998
vt 0.833800972 0.321981996
vt 0.834725022 0.321754992
vt 0.834598005 0.322165012
vt 0.833157003 0.32269299
vt 0.83434099 0.322955012
vt 0.835069001 0.322470009
vt 0.837346971 0.324654996
vt 0.837755024 0.324402004
vt 0.838836014 0.327013999
vt 0.83949101 0.327152997
vt 0.839038014 0.329086989
vt 0.839882016 0.329605997
vt 0.838383973 0.329219013
vt 0.839257002 0.329917014
vt 0.850243986 0.696048975
vt 0.851526976 0.695124984
vt 0.854946971 0.696043015
vt 0.853744984 0.696060002
vt 0.85235399 0.69720602
vt 0.854471982 0.700896025
vt 0.852850974 0.703289986
vt 0.854471982 0.700896025
vt 0.856476009 0.700680017
vt 0.854948997 0.703360975
vt 0.857161999 0.699742019
vt 0.617779016 0.727063
vt 0.614773989 0.727063
vt 0.614773989 0.742087007
vt 0.617779016 0.742087007
vt 0.632803023 0.703715026
vt 0.629912019 0.702166021
vt 0.622855008 0.705473006
vt 0.621456981 0.710506976
vt 0.676626027 0.714608014
vt 0.673651993 0.716508985
vt 0.67217499 0.724704981
vt 0.675603986 0.727784991
vt 0.629797995 0.74208802
vt 0.632803023 0.74208802
vt 0.632803023 0.727064013
vt 0.629797995 0.727064013
vt 0.654715002 0.714608014
vt 0.651741028 0.716508985
vt 0.650264025 0.724704981
vt 0.65369302 0.727784991
vt 0.650861025 0.703715026
vt 0.647970974 0.702166021
vt 0.64091301 0.705473006
vt 0.639515996 0.710506976
vt 0.672773004 0.688179016
vt 0.66979897 0.690079987
vt 0.668322027 0.698275983
vt 0.671751022 0.701355994
vt 0.603819013 0.329744011
vt 0.594408989 0.331586003
vt 0.59405297 0.323810011
vt 0.601212978 0.322503
vt 0.101094 0.726200998
vt 0.101144001 0.725466013
vt 0.101144001 0.725466013
vt 0.101144001 0.725466013
vt 0.101144001 0.725466013
vt 0.101144001 0.725466013
vt 0.101144001 0.725466013
vt 0.101144001 0.725466013
vt 0.101144001 0.725466013
vt 0.101144001 0.725466013
vt 0.101144001 0.725466013
vt 0.101094 0.726200998
vt 0.101370998 0.727432013
vt 0.101370998 0.727432013
vt 0.101681001 0.728686988
vt 0.101681001 0.728686988
vt 0.102475002 0.73012501
vt 0.102475002 0.73012501
vt 0.103370003 0.731546998
vt 0.103370003 0.731546998
vt 0.104654998 0.732809007
vt 0.104654998 0.732809007
vt 0.831031024 0.332601994
vt 0.832313001 0.332419008
vt 0.833301008 0.331591994
vt 0.831246972 0.332129002
vt 0.830680013 0.332554996
vt 0.831596971 0.332195014
vt 0.832313001 0.332419008
vt 0.831031024 0.332601994
vt 0.834725022 0.321754992
vt 0.833800972 0.321981996
vt 0.833157003 0.32269299
vt 0.834598005 0.322165012
vt 0.104654998 0.732809007
vt 0.104654998 0.732809007
vt 0.104654998 0.732809007
vt 0.104654998 0.732809007
vt 0.104654998 0.732809007
vt 0.104654998 0.732809007
vt 0.104654998 0.732809007
vt 0.104654998 0.732809007
vt 0.104654998 0.732809007
vt 0.104654998 0.732809007
vt 0.352766007 0.269753993
vt 0.322926015 0.283638
vt 0.329185992 0.286098003
vt 0.350035995 0.261182994
vt 0.310550988 0.26433301
vt 0.350910991 0.255816013
vt 0.342844009 0.290858001
vt 0.342844009 0.292201012
vt 0.344186991 0.292201012
vt 0.34917599 0.292201012
vt 0.354166001 0.292201012
vt 0.359154999 0.292201012
vt 0.364143997 0.292201012
vt 0.369132996 0.292201012
vt 0.374123007 0.292201012
vt 0.379112005 0.292201012
vt 0.380454987 0.292201012
vt 0.380454987 0.290858001
vt 0.342844009 0.282126993
vt 0.380454987 0.282126993
vt 0.342844009 0.27541101
vt 0.380454987 0.27541101
vt 0.342844009 0.266678989
vt 0.380454987 0.266678989
vt 0.342844009 0.265336007
vt 0.380454987 0.265336007
vt 0.380454987 0.265336007
vt 0.344186991 0.265336007
vt 0.342844009 0.265336007
vt 0.34917599 0.265336007
vt 0.354164988 0.265336007
vt 0.359154999 0.265336007
vt 0.364143997 0.265336007
vt 0.369132996 0.265336007
vt 0.374123007 0.265336007
vt 0.379112005 0.265336007
vt 0.596987009 0.767619014
vt 0.596987009 0.813453972
vt 0.642821014 0.813453972
vt 0.642821014 0.767619014
vt 0.642821014 0.767619014
vt 0.596987009 0.767619014
vt 0.596987009 0.813453972
vt 0.642821014 0.813453972
vt 0.642821014 0.813453972
vt 0.596987009 0.813453972
vt 0.642821014 0.813453972
vt 0.642821014 0.767619014
vt 0.596987009 0.767619014
vt 0.596987009 0.813453972
vt 0.642821014 0.813453972
vt 0.642821014 0.767619014
vt 0.596987009 0.767619014
vt 0.596987009 0.813453972
vt 0.642821014 0.813453972
vt 0.642821014 0.767619014
vt 0.596987009 0.767619014
vt 0.596987009 0.813453972
vt 0.642821014 0.813453972
vt 0.642821014 0.767619014
vt 0.596987009 0.767619014
vt 0.596987009 0.813453972
vt 0.642821014 0.813453972
vt 0.642821014 0.767619014
vt 0.596987009 0.767619014
vt 0.596987009 0.813453972
vt 0.642821014 0.813453972
vt 0.642821014 0.767619014
vt 0.642821014 0.767619014
vt 0.596987009 0.767619014
vt 0.596987009 0.813453972
vt 0.642821014 0.813453972
vt 0.596987009 0.767619014
vt 0.596987009 0.813453972
vt 0.642821014 0.813453972
vt 0.642821014 0.767619014
vt 0.596987009 0.767619014
vt 0.596987009 0.813453972
vt 0.642821014 0.813453972
vt 0.642821014 0.767619014
vt 0.596987009 0.767619014
vt 0.596987009 0.813453972
vt 0.642821014 0.813453972
vt 0.642821014 0.767619014
vt 0.596987009 0.767619014
vt 0.596987009 0.813453972
vt 0.642821014 0.813453972
vt 0.642821014 0.767619014
vt 0.642821014 0.813453972
vt 0.596987009 0.813453972
vt 0.642821014 0.813453972
vt 0.642821014 0.767619014
vt 0.596987009 0.767619014
vt 0.596987009 0.813453972
vt 0.642821014 0.813453972
vt 0.642821014 0.767619014
vt 0.642821014 0.767619014
vt 0.596987009 0.767619014
vt 0.596987009 0.813453972
vt 0.642821014 0.813453972
vt 0.642821014 0.767619014
vt 0.596987009 0.767619014
vt 0.596987009 0.813453972
vt 0.642821014 0.813453972
vt 0.596987009 0.767619014
vt 0.596987009 0.813453972
vt 0.642821014 0.813453972
vt 0.642821014 0.767619014
vt 0.596987009 0.767619014
vt 0.642821014 0.813453972
vt 0.642821014 0.767619014
vt 0.596987009 0.813453972
vt 0.596987009 0.767619014
vt 0.596987009 0.813453972
vt 0.642821014 0.813453972
vt 0.642821014 0.767619014
vt 0.642821014 0.767619014
vt 0.596987009 0.767619014
vt 0.596987009 0.813453972
vt 0.642821014 0.813453972
vt 0.596987009 0.767619014
vt 0.596987009 0.813453972
vt 0.642821014 0.813453972
vt 0.642821014 0.767619014
vt 0.642821014 0.767619014
vt 0.596987009 0.767619014
vt 0.596987009 0.813453972
vt 0.642821014 0.813453972
vt 0.596987009 0.767619014
vt 0.596987009 0.813453972
vt 0.642821014 0.813453972
vt 0.642821014 0.767619014
vt 0.642821014 0.767619014
vt 0.596987009 0.813453972
vt 0.642821014 0.813453972
vt 0.596987009 0.767619014
vt 0.596987009 0.813453972
vt 0.596987009 0.813453972
vt 0.642821014 0.813453972
vt 0.596987009 0.813453972
vt 0.596987009 0.767619014
vt 0.596987009 0.767619014
vt 0.596987009 0.813453972
vt 0.642821014 0.813453972
vt 0.642821014 0.767619014
vt 0.642821014 0.767619014
vt 0.596987009 0.767619014
vt 0.596987009 0.813453972
vt 0.642821014 0.813453972
vt 0.596987009 0.767619014
vt 0.596987009 0.813453972
vt 0.642821014 0.813453972
vt 0.642821014 0.767619014
vt 0.596987009 0.767619014
vt 0.596987009 0.813453972
vt 0.642821014 0.813453972
vt 0.642821014 0.767619014
vt 0.596987009 0.767619014
vt 0.596987009 0.813453972
vt 0.642821014 0.813453972
vt 0.642821014 0.767619014
vt 0.596987009 0.767619014
vt 0.596987009 0.813453972
vt 0.642821014 0.813453972
vt 0.642821014 0.767619014
vt 0.596987009 0.767619014
vt 0.596987009 0.813453972
vt 0.642821014 0.813453972
vt 0.642821014 0.767619014
vt 0.596987009 0.767619014
vt 0.596987009 0.813453972
vt 0.642821014 0.813453972
vt 0.642821014 0.767619014
vt 0.596987009 0.767619014
vt 0.596987009 0.813453972
vt 0.642821014 0.813453972
vt 0.642821014 0.767619014
vt 0.642821014 0.767619014
vt 0.596987009 0.767619014
vt 0.596987009 0.813453972
vt 0.642821014 0.813453972
vt 0.642821014 0.767619014
vt 0.596987009 0.767619014
vt 0.596987009 0.813453972
vt 0.642821014 0.813453972
vt 0.596987009 0.767619014
vt 0.596987009 0.813453972
vt 0.642821014 0.813453972
vt 0.642821014 0.767619014
vt 0.596987009 0.813453972
vt 0.596987009 0.813453972
vt 0.642821014 0.813453972
vt 0.596987009 0.813453972
vt 0.596987009 0.767619014
vt 0.596987009 0.767619014
vt 0.596987009 0.813453972
vt 0.642821014 0.813453972
vt 0.642821014 0.767619014
vt 0.642821014 0.767619014
vt 0.596987009 0.767619014
vt 0.596987009 0.813453972
vt 0.642821014 0.813453972
vt 0.596987009 0.767619014
vt 0.596987009 0.813453972
vt 0.642821014 0.813453972
vt 0.642821014 0.767619014
vt 0.596987009 0.767619014
vt 0.596987009 0.813453972
vt 0.642821014 0.813453972
vt 0.642821014 0.767619014
vt 0.596987009 0.813453972
vt 0.642821014 0.813453972
vt 0.596987009 0.767619014
vt 0.642821014 0.767619014
vt 0.596987009 0.813453972
vt 0.596987009 0.813453972
vt 0.642821014 0.767619014
vt 0.596987009 0.813453972
vt 0.642821014 0.767619014
vt 0.596987009 0.767619014
vt 0.596987009 0.813453972
vt 0.642821014 0.813453972
vt 0.596987009 0.767619014
vt 0.596987009 0.813453972
vt 0.642821014 0.813453972
vt 0.642821014 0.767619014
vt 0.596987009 0.767619014
vt 0.596987009 0.813453972
vt 0.642821014 0.813453972
vt 0.642821014 0.767619014
vt 0.596987009 0.767619014
vt 0.596987009 0.813453972
vt 0.642821014 0.813453972
vt 0.642821014 0.767619014
vt 0.642821014 0.767619014
vt 0.596987009 0.767619014
vt 0.596987009 0.813453972
vt 0.642821014 0.813453972
vt 0.596987009 0.767619014
vt 0.596987009 0.813453972
vt 0.642821014 0.813453972
vt 0.642821014 0.767619014
vt 0.642821014 0.767619014
vt 0.596987009 0.767619014
vt 0.596987009 0.813453972
vt 0.642821014 0.813453972
vt 0.596987009 0.767619014
vt 0.596987009 0.813453972
vt 0.642821014 0.813453972
vt 0.642821014 0.767619014
vt 0.596987009 0.767619014
vt 0.596987009 0.813453972
vt 0.642821014 0.813453972
vt 0.642821014 0.767619014
vt 0.596987009 0.767619014
vt 0.596987009 0.813453972
vt 0.642821014 0.813453972
vt 0.642821014 0.767619014
vt 0.596987009 0.767619014
vt 0.596987009 0.813453972
vt 0.642821014 0.813453972
vt 0.642821014 0.767619014
vt 0.596987009 0.767619014
vt 0.596987009 0.767619014
vt 0.642821014 0.813453972
vt 0.596987009 0.767619014
vt 0.642821014 0.767619014
vt 0.642821014 0.767619014
vt 0.596987009 0.767619014
vt 0.642821014 0.813453972
vt 0.596987009 0.813453972
vt 0.596987009 0.813453972
vt 0.642821014 0.767619014
vt 0.642821014 0.767619014
vt 0.642821014 0.767619014
vt 0.596987009 0.813453972
vt 0.642821014 0.767619014
vt 0.596987009 0.767619014
vt 0.596987009 0.813453972
vt 0.642821014 0.813453972
vt 0.642821014 0.767619014
vt 0.596987009 0.767619014
vt 0.596987009 0.813453972
vt 0.642821014 0.813453972
vt 0.642821014 0.767619014
vt 0.596987009 0.767619014
vt 0.596987009 0.813453972
vt 0.642821014 0.813453972
vt 0.642821014 0.767619014
vt 0.596987009 0.767619014
vt 0.596987009 0.813453972
vt 0.642821014 0.813453972
vt 0.642821014 0.767619014
vt 0.596987009 0.813453972
vt 0.596987009 0.813453972
vt 0.642821014 0.813453972
vt 0.642821014 0.813453972
vt 0.596987009 0.767619014
vt 0.596987009 0.813453972
vt 0.642821014 0.813453972
vt 0.642821014 0.767619014
vt 0.596987009 0.767619014
vt 0.596987009 0.813453972
vt 0.642821014 0.813453972
vt 0.642821014 0.767619014
vt 0.642821014 0.767619014
vt 0.596987009 0.767619014
vt 0.596987009 0.813453972
vt 0.642821014 0.813453972
vt 0.642821014 0.813453972
vt 0.642821014 0.767619014
vt 0.642821014 0.767619014
vt 0.642821014 0.767619014
vt 0.642821014 0.767619014
vt 0.596987009 0.767619014
vt 0.596987009 0.813453972
vt 0.642821014 0.813453972
vt 0.596987009 0.813453972
vt 0.642821014 0.813453972
vt 0.642821014 0.767619014
vt 0.596987009 0.767619014
vt 0.596987009 0.767619014
vt 0.596987009 0.813453972
vt 0.596987009 0.813453972
vt 0.596987009 0.813453972
vt 0.596987009 0.767619014
vt 0.596987009 0.813453972
vt 0.642821014 0.813453972
vt 0.642821014 0.767619014
vt 0.596987009 0.767619014
vt 0.596987009 0.813453972
vt 0.642821014 0.813453972
vt 0.642821014 0.767619014
vt 0.596987009 0.767619014
vt 0.596987009 0.813453972
vt 0.642821014 0.813453972
vt 0.642821014 0.767619014
vt 0.642821014 0.813453972
vt 0.642821014 0.767619014
vt 0.642821014 0.767619014
vt 0.642821014 0.813453972
vt 0.596987009 0.767619014
vt 0.596987009 0.813453972
vt 0.642821014 0.813453972
vt 0.642821014 0.767619014
vt 0.596987009 0.767619014
vt 0.596987009 0.767619014
vt 0.596987009 0.813453972
vt 0.642821014 0.767619014
vt 0.596987009 0.767619014
vt 0.642821014 0.813453972
vt 0.642821014 0.813453972
vt 0.642821014 0.813453972
vt 0.596987009 0.767619014
vt 0.642821014 0.813453972
vt 0.596987009 0.767619014
vt 0.596987009 0.813453972
vt 0.642821014 0.813453972
vt 0.642821014 0.767619014
vt 0.596987009 0.767619014
vt 0.596987009 0.813453972
vt 0.642821014 0.813453972
vt 0.642821014 0.767619014
vt 0.642821014 0.813453972
vt 0.642821014 0.767619014
vt 0.596987009 0.767619014
vt 0.596987009 0.813453972
vt 0.596987009 0.813453972
vt 0.596987009 0.767619014
vt 0.642821014 0.813453972
vt 0.642821014 0.767619014
vt 0.604130983 0.72864598
vt 0.604130983 0.72864598
vt 0.604130983 0.72864598
vt 0.604130983 0.72864598
vt 0.604130983 0.72864598
vt 0.604130983 0.72864598
vt 0.604130983 0.72864598
vt 0.604130983 0.72864598
vt 0.604130983 0.72864598
vt 0.604130983 0.72864598
vt 0.604130983 0.72864598
vt 0.604130983 0.72864598
vt 0.604130983 0.72864598
vt 0.604130983 0.72864598
vt 0.604130983 0.72864598
vt 0.604130983 0.72864598
vt 0.604130983 0.72864598
vt 0.604130983 0.72864598
vt 0.604130983 0.72864598
vt 0.604130983 0.72864598
vt 0.604130983 0.72864598
vt 0.604130983 0.72864598
vt 0.604130983 0.72864598
vt 0.604130983 0.72864598
vt 0.604130983 0.72864598
vt 0.604130983 0.72864598
vt 0.604130983 0.72864598
vt 0.604130983 0.72864598
vt 0.604130983 0.72864598
vt 0.604130983 0.72864598
vt 0.604130983 0.72864598
vt 0.604130983 0.72864598
vt 0.604130983 0.72864598
vt 0.604130983 0.72864598
vt 0.604130983 0.72864598
vt 0.604130983 0.72864598
vt 0.604130983 0.72864598
vt 0.604130983 0.72864598
vt 0.604130983 0.72864598
vt 0.604130983 0.72864598
vt 0.604130983 0.72864598
vt 0.604130983 0.72864598
vt 0.604130983 0.72864598
vt 0.604130983 0.72864598
vt 0.604130983 0.72864598
vt 0.604130983 0.72864598
vt 0.604130983 0.72864598
vt 0.604130983 0.72864598
vt 0.604130983 0.72864598
vt 0.604130983 0.72864598
vt 0.604130983 0.72864598
vt 0.604130983 0.72864598
vt 0.604130983 0.72864598
vt 0.604130983 0.72864598
vt 0.604130983 0.72864598
vt 0.604130983 0.72864598
vt 0.604130983 0.72864598
vt 0.604130983 0.72864598
vt 0.604130983 0.72864598
vt 0.604130983 0.72864598
vt 0.604130983 0.72864598
vt 0.604130983 0.72864598
vt 0.604130983 0.72864598
vt 0.604130983 0.72864598
vt 0.604130983 0.72864598
vt 0.604130983 0.72864598
vt 0.604130983 0.72864598
vt 0.604130983 0.72864598
vt 0.604130983 0.72864598
vt 0.604130983 0.72864598
vt 0.604130983 0.72864598
vt 0.604130983 0.72864598
vt 0.604130983 0.72864598
vt 0.604130983 0.72864598
vt 0.604130983 0.72864598
vt 0.604130983 0.72864598
vt 0.604130983 0.72864598
vt 0.604130983 0.72864598
vt 0.604130983 0.72864598
vt 0.604130983 0.72864598
vt 0.107323997 0.72239399
vt 0.106078997 0.722971976
vt 0.107435003 0.722397029
vt 0.107954003 0.720901012
vt 0.105950996 0.723381996
vt 0.109006003 0.720539987
vt 0.107427999 0.722490013
vn 1.000000 0.000000 0.000000
vn 1.000000 0.000000 0.000000
vn 1.000000 0.000000 0.000000
vn 1.000000 0.000000 0.000000
vn 1.000000 0.000000 0.000000
vn 1.000000 0.000000 0.000000
vn 1.000000 0.000000 0.000000
vn 1.000000 0.000000 0.000000
vn 1.000000 0.000000 0.000000
vn 1.000000 0.000000 0.000000
vn 1.000000 0.000000 0.000000
vn 1.000000 0.000000 0.000000
vn 1.000000 0.000000 0.000000
vn 1.000000 0.000000 0.000000
vn 1.000000 0.000000 0.000000
vn 1.000000 0.000000 0.000000
vn 1.000000 0.000000 0.000000
vn 1.000000 0.000000 0.000000
vn 1.000000 0.000000 0.000000
vn 1.000000 0.000000 0.000000
vn 1.000000 0.000000 0.000000
vn 1.000000 0.000000 0.000000
vn 1.000000 0.000000 0.000000
vn 1.000000 0.000000 0.000000
vn 1.000000 0.000000 0.000000
vn 0.000000 1.000000 0.000000
vn 0.000000 1.000000 0.000000
vn 0.000000 1.000000 0.000000
vn 0.000000 1.000000 0.000000
vn 0.000000 1.000000 0.000000
vn 0.000000 1.000000 0.000000
vn 0.000000 1.000000 0.000000
vn 0.000000 1.000000 0.000000
vn 0.000000 1.000000 0.000000
vn 0.000000 -0.000000 1.000000
vn 0.000000 -0.000000 1.000000
vn 0.000000 -0.000000 1.000000
vn 0.000000 -0.000000 1.000000
vn 0.000000 -0.000000 1.000000
vn 0.000000 -0.000000 1.000000
vn 0.000000 -0.000000 1.000000
vn 0.000000 -0.000000 1.000000
vn 0.000000 -0.000000 1.000000
vn 0.000000 -0.000000 1.000000
vn 0.000000 -0.000000 1.000000
vn 0.000000 1.000000 0.000000
vn 0.000000 1.000000 0.000000
vn 0.000000 1.000000 0.000000
vn 0.000000 1.000000 0.000000
vn 0.000000 1.000000 0.000000
vn 0.000000 1.000000 0.000000
vn 0.000000 1.000000 0.000000
vn 0.000000 1.000000 0.000000
vn 0.000000 1.000000 0.000000
vn 0.000000 1.000000 0.000000
vn 0.000000 1.000000 0.000000
vn 0.000000 1.000000 0.000000
vn 0.000000 1.000000 0.000000
vn 0.000000 1.000000 0.000000
vn 0.000000 1.000000 0.000000
vn 0.000000 1.000000 0.000000
vn 0.000000 1.000000 0.000000
vn 0.000000 -1.000000 -0.000000
vn 0.000000 -1.000000 -0.000000
vn 0.000000 -1.000000 -0.000000
vn 0.000000 -1.000000 -0.000000
vn 0.000000 -1.000000 -0.000000
vn 0.000000 -1.000000 -0.000000
vn 0.000000 -1.000000 -0.000000
vn 0.000000 -1.000000 -0.000000
vn 0.000000 -1.000000 -0.000000
vn 0.000000 -1.000000 -0.000000
vn 0.000000 -1.000000 -0.000000
vn 0.000000 -1.000000 -0.000000
vn 0.000000 -1.000000 -0.000000
vn 0.000000 -1.000000 -0.000000
vn 0.000000 -1.000000 -0.000000
vn 0.000000 -1.000000 -0.000000
vn 0.000000 -1.000000 -0.000000
vn 0.000000 -1.000000 -0.000000
vn 0.000000 -1.000000 -0.000000
vn 0.000000 -1.000000 -0.000000
vn 1.000000 0.000000 0.000000
vn 1.000000 0.000000 0.000000
vn 1.000000 0.000000 0.000000
vn 0.000000 1.000000 0.000000
vn 0.000000 1.000000 0.000000
vn 0.000000 1.000000 0.000000
vn 0.000000 1.000000 0.000000
vn 0.000000 1.000000 0.000000
vn 0.000000 1.000000 0.000000
vn 0.000000 1.000000 0.000000
vn 0.000000 1.000000 0.000000
vn 0.000000 1.000000 0.000000
vn 0.000000 1.000000 0.000000
vn 0.000000 1.000000 0.000000
vn 0.000000 1.000000 0.000000
vn 0.000000 1.000000 0.000000
vn 0.000000 1.000000 0.000000
vn 0.000000 1.000000 0.000000
vn 0.000000 1.000000 0.000000
vn 0.000000 1.000000 0.000000
vn 0.000000 1.000000 0.000000
vn 0.000000 1.000000 0.000000
vn 0.000000 1.000000 0.000000
vn 1.000000 0.000000 0.000000
vn 1.000000 0.000000 0.000000
vn 1.000000 0.000000 0.000000
vn 1.000000 0.000000 0.000000
vn 1.000000 0.000000 0.000000
vn 1.000000 0.000000 0.000000
vn 1.000000 0.000000 0.000000
vn 1.000000 0.000000 0.000000
vn 1.000000 0.000000 0.000000
vn 1.000000 0.000000 0.000000
vn 1.000000 0.000000 0.000000
vn 1.000000 0.000000 0.000000
vn 1.000000 0.000000 0.000000
vn 1.000000 0.000000 0.000000
vn 1.000000 0.000000 0.000000
vn 1.000000 0.000000 0.000000
vn 1.000000 0.000000 0.000000
vn 1.000000 0.000000 0.000000
vn 1.000000 0.000000 0.000000
vn 1.000000 0.000000 0.000000
vn 1.000000 0.000000 0.000000
vn 1.000000 0.000000 0.000000
vn 1.000000 0.000000 0.000000
vn 1.000000 0.000000 0.000000
vn 1.000000 0.000000 0.000000
vn 1.000000 0.000000 0.000000
vn 1.000000 0.000000 0.000000
vn 1.000000 0.000000 0.000000
vn 1.000000 0.000000 0.000000
vn 1.000000 0.000000 0.000000
vn 1.000000 0.000000 0.000000
vn 1.000000 0.000000 0.000000
vn 1.000000 0.000000 0.000000
vn 1.000000 0.000000 0.000000
vn 1.000000 0.000000 0.000000
vn 1.000000 0.000000 0.000000
vn 1.000000 0.000000 0.000000
vn 0.000000 1.000000 0.000000
vn 0.000000 1.000000 0.000000
vn 0.000000 1.000000 0.000000
vn 0.000000 1.000000 0.000000
vn 0.000000 1.000000 0.000000
vn 0.000000 1.000000 0.000000
vn -1.000000 0.000000 0.000000
vn -1.000000 0.000000 0.000000
vn -1.000000 0.000000 0.000000
vn -1.000000 0.000000 0.000000
vn -1.000000 0.000000 0.000000
vn -1.000000 0.000000 0.000000
vn -1.000000 0.000000 0.000000
vn -1.000000 0.000000 0.000000
vn -1.000000 0.000000 0.000000
vn -1.000000 0.000000 0.000000
vn -1.000000 0.000000 0.000000
vn -1.000000 0.000000 0.000000
vn -1.000000 0.000000 0.000000
vn 1.000000 0.000000 0.000000
vn 1.000000 0.000000 0.000000
vn 1.000000 0.000000 0.000000
vn 1.000000 0.000000 0.000000
vn 1.000000 0.000000 0.000000
vn 1.000000 0.000000 0.000000
vn 1.000000 0.000000 0.000000
vn 1.000000 0.000000 0.000000
vn 1.000000 0.000000 0.000000
vn 1.000000 0.000000 0.000000
vn 1.000000 0.000000 0.000000
vn 1.000000 0.000000 0.000000
vn 1.000000 0.000000 0.000000
vn 1.000000 0.000000 0.000000
vn -1.000000 0.000000 0.000000
vn -1.000000 0.000000 0.000000
vn -1.000000 0.000000 0.000000
vn -1.000000 0.000000 0.000000
vn -1.000000 0.000000 0.000000
vn -1.000000 0.000000 0.000000
vn -1.000000 0.000000 0.000000
vn -1.000000 0.000000 0.000000
vn -1.000000 0.000000 0.000000
vn -1.000000 0.000000 0.000000
vn -1.000000 0.000000 0.000000
vn -1.000000 0.000000 0.000000
vn -1.000000 0.000000 0.000000
vn -1.000000 0.000000 0.000000
vn -1.000000 0.000000 0.000000
vn -1.000000 0.000000 0.000000
vn -1.000000 0.000000 0.000000
vn -1.000000 0.000000 0.000000
vn -1.000000 0.000000 0.000000
vn -1.000000 0.000000 0.000000
vn -1.000000 0.000000 0.000000
vn -1.000000 0.000000 0.000000
vn -1.000000 0.000000 0.000000
vn -1.000000 0.000000 0.000000
vn -1.000000 0.000000 0.000000
vn -1.000000 0.000000 0.000000
vn -1.000000 0.000000 0.000000
vn -1.000000 0.000000 0.000000
vn -1.000000 0.000000 0.000000
vn -1.000000 0.000000 0.000000
vn -1.000000 0.000000 0.000000
vn -1.000000 0.000000 0.000000
vn -1.000000 0.000000 0.000000
vn -1.000000 0.000000 0.000000
vn -1.000000 0.000000 0.000000
vn -1.000000 0.000000 0.000000
vn -1.000000 0.000000 0.000000
vn -1.000000 0.000000 0.000000
vn -1.000000 0.000000 0.000000
vn -1.000000 0.000000 0.000000
vn -1.000000 0.000000 0.000000
vn -1.000000 0.000000 0.000000
vn -1.000000 0.000000 0.000000
vn -1.000000 0.000000 0.000000
vn -1.000000 0.000000 0.000000
vn 0.000000 1.000000 0.000000
vn 0.000000 1.000000 0.000000
vn 0.000000 1.000000 0.000000
vn 0.000000 1.000000 0.000000
vn 0.000000 1.000000 0.000000
vn 0.000000 1.000000 0.000000
vn 0.000000 1.000000 0.000000
vn 0.000000 1.000000 0.000000
vn 0.000000 1.000000 0.000000
vn 0.000000 1.000000 0.000000
vn 0.000000 -1.000000 -0.000000
vn 0.000000 -1.000000 -0.000000
vn 0.000000 -1.000000 -0.000000
vn 0.000000 -1.000000 -0.000000
vn 0.000000 -1.000000 -0.000000
vn 0.000000 -1.000000 -0.000000
vn 0.000000 -1.000000 -0.000000
vn 0.000000 -1.000000 -0.000000
vn 0.000000 -1.000000 -0.000000
vn 0.000000 -1.000000 -0.000000
vn 0.000000 -1.000000 -0.000000
vn 0.000000 -1.000000 -0.000000
vn 0.000000 -1.000000 -0.000000
vn 0.000000 -1.000000 -0.000000
vn 0.000000 -1.000000 -0.000000
vn 0.000000 0.000000 -1.000000
vn 0.000000 0.000000 -1.000000
vn 0.000000 0.000000 -1.000000
vn 0.000000 0.000000 -1.000000
vn 0.000000 0.000000 -1.000000
vn -1.000000 0.000000 0.000000
vn -1.000000 0.000000 0.000000
vn -1.000000 0.000000 0.000000
vn 0.000000 1.000000 0.000000
vn 0.000000 1.000000 0.000000
vn 0.000000 1.000000 0.000000
vn 0.000000 -1.000000 -0.000000
vn 0.000000 -1.000000 -0.000000
vn 0.000000 -1.000000 -0.000000
vn 0.000000 -1.000000 -0.000000
vn 0.000000 -1.000000 -0.000000
vn 0.000000 -1.000000 -0.000000
vn 0.000000 -1.000000 -0.000000
vn 0.000000 -1.000000 -0.000000
vn 0.000000 -1.000000 -0.000000
vn 0.000000 -1.000000 -0.000000
vn 0.000000 -1.000000 -0.000000
vn 0.000000 -1.000000 -0.000000
vn 0.000000 -1.000000 -0.000000
vn 0.000000 1.000000 0.000000
vn 0.000000 1.000000 0.000000
vn 0.000000 1.000000 0.000000
vn 0.000000 1.000000 0.000000
vn 0.000000 1.000000 0.000000
vn 0.000000 1.000000 0.000000
vn 0.000000 1.000000 0.000000
vn 0.000000 1.000000 0.000000
vn 0.000000 1.000000 0.000000
vn 0.000000 1.000000 0.000000
vn 0.000000 1.000000 0.000000
vn 0.000000 1.000000 0.000000
vn 0.000000 1.000000 0.000000
vn 0.000000 1.000000 0.000000
vn -1.000000 0.000000 0.000000
vn -1.000000 0.000000 0.000000
vn -1.000000 0.000000 0.000000
vn -1.000000 0.000000 0.000000
vn -1.000000 0.000000 0.000000
vn -1.000000 0.000000 0.000000
vn -1.000000 0.000000 0.000000
vn -1.000000 0.000000 0.000000
vn -1.000000 0.000000 0.000000
vn -1.000000 0.000000 0.000000
vn -1.000000 0.000000 0.000000
vn -1.000000 0.000000 0.000000
vn -1.000000 0.000000 0.000000
vn -1.000000 0.000000 0.000000
vn -1.000000 0.000000 0.000000
vn -1.000000 0.000000 0.000000
vn -1.000000 0.000000 0.000000
vn -1.000000 0.000000 0.000000
vn -1.000000 0.000000 0.000000
vn -1.000000 0.000000 0.000000
vn -1.000000 0.000000 0.000000
vn -1.000000 0.000000 0.000000
vn 0.000000 1.000000 0.000000
vn 0.000000 1.000000 0.000000
vn 0.000000 1.000000 0.000000
vn 0.000000 1.000000 0.000000
vn 0.000000 1.000000 0.000000
vn 0.000000 1.000000 0.000000
vn 0.000000 1.000000 0.000000
vn 0.000000 1.000000 0.000000
vn 0.000000 1.000000 0.000000
vn 0.000000 -1.000000 -0.000000
vn 0.000000 -1.000000 -0.000000
vn 0.000000 -1.000000 -0.000000
vn 0.000000 -1.000000 -0.000000
vn 0.000000 -1.000000 -0.000000
vn 0.000000 -1.000000 -0.000000
vn 0.000000 -1.000000 -0.000000
vn 0.000000 -1.000000 -0.000000
vn 0.000000 -1.000000 -0.000000
vn 0.000000 -1.000000 -0.000000
vn 0.000000 -1.000000 -0.000000
vn 0.000000 -1.000000 -0.000000
vn 1.000000 0.000000 0.000000
vn 1.000000 0.000000 0.000000
vn 1.000000 0.000000 0.000000
vn 1.000000 0.000000 0.000000
vn 1.000000 0.000000 0.000000
vn 1.000000 0.000000 0.000000
vn 1.000000 0.000000 0.000000
vn 1.000000 0.000000 0.000000
vn 0.000000 1.000000 0.000000
vn 0.000000 1.000000 0.000000
vn 0.000000 1.000000 0.000000
vn 0.000000 1.000000 0.000000
vn 0.000000 1.000000 0.000000
vn 0.000000 1.000000 0.000000
vn 0.000000 1.000000 0.000000
vn 0.000000 1.000000 0.000000
vn 0.000000 1.000000 0.000000
vn 0.000000 -0.000000 1.000000
vn 0.000000 -0.000000 1.000000
vn 0.000000 -0.000000 1.000000
vn 0.000000 -0.000000 1.000000
vn 0.000000 -0.000000 1.000000
vn 0.000000 -0.000000 1.000000
vn 0.000000 -0.000000 1.000000
vn 0.000000 -0.000000 1.000000
vn 0.000000 -0.000000 1.000000
vn 0.000000 -0.000000 1.000000
vn 0.000000 -0.000000 1.000000
vn 0.000000 -0.000000 1.000000
vn 0.000000 -0.000000 1.000000
vn 0.000000 -0.000000 1.000000
vn 0.000000 -0.000000 1.000000
vn 0.000000 -0.000000 1.000000
vn 0.000000 1.000000 0.000000
vn 0.000000 1.000000 0.000000
vn 0.000000 1.000000 0.000000
vn 0.000000 1.000000 0.000000
vn 0.000000 1.000000 0.000000
vn 0.000000 0.000000 -1.000000
vn 0.000000 0.000000 -1.000000
vn 0.000000 0.000000 -1.000000
vn 0.000000 1.000000 0.000000
vn 0.000000 1.000000 0.000000
vn 0.000000 1.000000 0.000000
vn 0.000000 1.000000 0.000000
vn 0.000000 1.000000 0.000000
vn -1.000000 0.000000 0.000000
vn -1.000000 0.000000 0.000000
vn -1.000000 0.000000 0.000000
vn -1.000000 0.000000 0.000000
vn -1.000000 0.000000 0.000000
vn -1.000000 0.000000 0.000000
vn -1.000000 0.000000 0.000000
vn -1.000000 0.000000 0.000000
vn -1.000000 0.000000 0.000000
vn -1.000000 0.000000 0.000000
vn -1.000000 0.000000 0.000000
vn -1.000000 0.000000 0.000000
vn 1.000000 0.000000 0.000000
vn 1.000000 0.000000 0.000000
vn 1.000000 0.000000 0.000000
vn 1.000000 0.000000 0.000000
vn 1.000000 0.000000 0.000000
vn 1.000000 0.000000 0.000000
vn 1.000000 0.000000 0.000000
vn 1.000000 0.000000 0.000000
vn 1.000000 0.000000 0.000000
vn 0.000000 1.000000 0.000000
vn 0.000000 1.000000 0.000000
vn 0.000000 1.000000 0.000000
vn 0.000000 0.000000 -1.000000
vn 0.000000 0.000000 -1.000000
vn 0.000000 0.000000 -1.000000
vn 0.000000 0.000000 -1.000000
vn 0.000000 0.000000 -1.000000
vn 0.000000 0.000000 -1.000000
vn 0.000000 0.000000 -1.000000
vn 0.000000 0.000000 -1.000000
vn 0.000000 0.000000 -1.000000
vn 0.000000 0.000000 -1.000000
vn 0.000000 0.000000 -1.000000
vn -1.000000 0.000000 0.000000
vn -1.000000 0.000000 0.000000
vn -1.000000 0.000000 0.000000
vn -1.000000 0.000000 0.000000
vn -1.000000 0.000000 0.000000
vn -1.000000 0.000000 0.000000
vn -1.000000 0.000000 0.000000
vn -1.000000 0.000000 0.000000
vn -1.000000 0.000000 0.000000
vn -1.000000 0.000000 0.000000
vn -1.000000 0.000000 0.000000
vn -1.000000 0.000000 0.000000
vn -1.000000 0.000000 0.000000
vn -1.000000 0.000000 0.000000
vn -1.000000 0.000000 0.000000
vn -1.000000 0.000000 0.000000
vn 1.000000 0.000000 0.000000
vn 1.000000 0.000000 0.000000
vn 1.000000 0.000000 0.000000
vn 1.000000 0.000000 0.000000
vn 1.000000 0.000000 0.000000
vn 1.000000 0.000000 0.000000
vn 1.000000 0.000000 0.000000
vn 1.000000 0.000000 0.000000
vn 1.000000 0.000000 0.000000
vn 1.000000 0.000000 0.000000
vn 1.000000 0.000000 0.000000
vn 1.000000 0.000000 0.000000
vn 1.000000 0.000000 0.000000
vn 1.000000 0.000000 0.000000
vn 1.000000 0.000000 0.000000
vn 1.000000 0.000000 0.000000
vn 1.000000 0.000000 0.000000
vn 1.000000 0.000000 0.000000
vn 1.000000 0.000000 0.000000
vn 1.000000 0.000000 0.000000
vn 1.000000 0.000000 0.000000
vn 1.000000 0.000000 0.000000
vn 1.000000 0.000000 0.000000
vn 1.000000 0.000000 0.000000
vn 1.000000 0.000000 0.000000
vn 0.000000 1.000000 0.000000
vn 0.000000 1.000000 0.000000
vn 0.000000 1.000000 0.000000
vn 1.000000 0.000000 0.000000
vn 1.000000 0.000000 0.000000
vn 1.000000 0.000000 0.000000
vn -1.000000 0.000000 0.000000
vn -1.000000 0.000000 0.000000
vn -1.000000 0.000000 0.000000
vn -1.000000 0.000000 0.000000
vn -1.000000 0.000000 0.000000
vn -1.000000 0.000000 0.000000
vn -1.000000 0.000000 0.000000
vn -1.000000 0.000000 0.000000
vn -1.000000 0.000000 0.000000
vn -1.000000 0.000000 0.000000
vn -1.000000 0.000000 0.000000
vn -1.000000 0.000000 0.000000
vn 0.000000 1.000000 0.000000
vn 0.000000 1.000000 0.000000
vn 0.000000 1.000000 0.000000
vn 0.000000 1.000000 0.000000
vn 0.000000 1.000000 0.000000
vn -1.000000 0.000000 0.000000
vn -1.000000 0.000000 0.000000
vn -1.000000 0.000000 0.000000
vn -1.000000 0.000000 0.000000
vn -1.000000 0.000000 0.000000
vn 0.000000 -0.000000 1.000000
vn 0.000000 -0.000000 1.000000
vn 0.000000 -0.000000 1.000000
vn 1.000000 0.000000 0.000000
vn 1.000000 0.000000 0.000000
vn 1.000000 0.000000 0.000000
vn 1.000000 0.000000 0.000000
vn 1.000000 0.000000 0.000000
vn 1.000000 0.000000 0.000000
vn 1.000000 0.000000 0.000000
vn 1.000000 0.000000 0.000000
vn 1.000000 0.000000 0.000000
vn 1.000000 0.000000 0.000000
vn 1.000000 0.000000 0.000000
vn 1.000000 0.000000 0.000000
vn 1.000000 0.000000 0.000000
vn 1.000000 0.000000 0.000000
vn 1.000000 0.000000 0.000000
vn 0.000000 -0.000000 1.000000
vn 0.000000 -0.000000 1.000000
vn 0.000000 -0.000000 1.000000
vn 0.000000 1.000000 0.000000
vn 0.000000 1.000000 0.000000
vn 0.000000 1.000000 0.000000
vn 0.000000 -0.000000 1.000000
vn 0.000000 -0.000000 1.000000
vn 0.000000 -0.000000 1.000000
vn 0.000000 -0.000000 1.000000
vn 0.000000 -0.000000 1.000000
vn 0.000000 -1.000000 -0.000000
vn 0.000000 -1.000000 -0.000000
vn 0.000000 -1.000000 -0.000000
vn 0.000000 -1.000000 -0.000000
vn 0.000000 -1.000000 -0.000000
vn 0.000000 -1.000000 -0.000000
vn 0.000000 -1.000000 -0.000000
vn 0.000000 -1.000000 -0.000000
vn 0.000000 -1.000000 -0.000000
vn 0.000000 -1.000000 -0.000000
vn 0.000000 -1.000000 -0.000000
vn 0.000000 -1.000000 -0.000000
vn 1.000000 0.000000 0.000000
vn 1.000000 0.000000 0.000000
vn 1.000000 0.000000 0.000000
vn 1.000000 0.000000 0.000000
vn 1.000000 0.000000 0.000000
vn -1.000000 0.000000 0.000000
vn -1.000000 0.000000 0.000000
vn -1.000000 0.000000 0.000000
vn -1.000000 0.000000 0.000000
vn -1.000000 0.000000 0.000000
vn -1.000000 0.000000 0.000000
vn 1.000000 0.000000 0.000000
vn 1.000000 0.000000 0.000000
vn 1.000000 0.000000 0.000000
vn 1.000000 0.000000 0.000000
vn 1.000000 0.000000 0.000000
vn 0.000000 0.000000 -1.000000
vn 0.000000 0.000000 -1.000000
vn 0.000000 0.000000 -1.000000
vn 0.000000 0.000000 -1.000000
vn 0.000000 0.000000 -1.000000
vn 0.000000 0.000000 -1.000000
vn 0.000000 0.000000 -1.000000
vn 0.000000 0.000000 -1.000000
vn 0.000000 1.000000 0.000000
vn 0.000000 1.000000 0.000000
vn 0.000000 1.000000 0.000000
vn 1.000000 0.000000 0.000000
vn 1.000000 0.000000 0.000000
vn 1.000000 0.000000 0.000000
vn 1.000000 0.000000 0.000000
vn 1.000000 0.000000 0.000000
vn 1.000000 0.000000 0.000000
vn 1.000000 0.000000 0.000000
vn 1.000000 0.000000 0.000000
vn 0.000000 1.000000 0.000000
vn 0.000000 1.000000 0.000000
vn 0.000000 1.000000 0.000000
vn 0.000000 1.000000 0.000000
vn 0.000000 1.000000 0.000000
vn 0.000000 1.000000 0.000000
vn 0.000000 -0.000000 1.000000
vn 0.000000 -0.000000 1.000000
vn 0.000000 -0.000000 1.000000
vn -1.000000 0.000000 0.000000
vn -1.000000 0.000000 0.000000
vn -1.000000 0.000000 0.000000
vn -1.000000 0.000000 0.000000
vn -1.000000 0.000000 0.000000
vn -1.000000 0.000000 0.000000
vn -1.000000 0.000000 0.000000
vn -1.000000 0.000000 0.000000
vn -1.000000 0.000000 0.000000
vn 1.000000 0.000000 0.000000
vn 1.000000 0.000000 0.000000
vn 1.000000 0.000000 0.000000
vn 1.000000 0.000000 0.000000
vn 1.000000 0.000000 0.000000
vn 1.000000 0.000000 0.000000
vn 1.000000 0.000000 0.000000
vn 1.000000 0.000000 0.000000
vn 1.000000 0.000000 0.000000
vn 1.000000 0.000000 0.000000
vn 1.000000 0.000000 0.000000
vn 1.000000 0.000000 0.000000
vn 1.000000 0.000000 0.000000
vn 0.000000 0.000000 -1.000000
vn 0.000000 0.000000 -1.000000
vn 0.000000 0.000000 -1.000000
vn 0.000000 0.000000 -1.000000
vn 0.000000 0.000000 -1.000000
vn 0.000000 0.000000 -1.000000
vn 0.000000 0.000000 -1.000000
vn 0.000000 0.000000 -1.000000
vn 0.000000 0.000000 -1.000000
vn 0.000000 0.000000 -1.000000
vn 1.000000 0.000000 0.000000
vn 1.000000 0.000000 0.000000
vn 1.000000 0.000000 0.000000
vn 1.000000 0.000000 0.000000
vn 1.000000 0.000000 0.000000
vn 1.000000 0.000000 0.000000
vn 1.000000 0.000000 0.000000
vn 1.000000 0.000000 0.000000
vn 1.000000 0.000000 0.000000
vn -1.000000 0.000000 0.000000
vn -1.000000 0.000000 0.000000
vn -1.000000 0.000000 0.000000
vn -1.000000 0.000000 0.000000
vn -1.000000 0.000000 0.000000
vn -1.000000 0.000000 0.000000
vn -1.000000 0.000000 0.000000
vn -1.000000 0.000000 0.000000
vn -1.000000 0.000000 0.000000
vn -1.000000 0.000000 0.000000
vn -1.000000 0.000000 0.000000
vn 0.000000 0.000000 -1.000000
vn 0.000000 0.000000 -1.000000
vn 0.000000 0.000000 -1.000000
vn 0.000000 1.000000 0.000000
vn 0.000000 1.000000 0.000000
vn 0.000000 1.000000 0.000000
vn 0.000000 1.000000 0.000000
vn 0.000000 1.000000 0.000000
vn 0.000000 1.000000 0.000000
vn -1.000000 0.000000 0.000000
vn -1.000000 0.000000 0.000000
vn -1.000000 0.000000 0.000000
vn -1.000000 0.000000 0.000000
vn -1.000000 0.000000 0.000000
vn -1.000000 0.000000 0.000000
vn 0.000000 -0.000000 1.000000
vn 0.000000 -0.000000 1.000000
vn 0.000000 -0.000000 1.000000
vn 0.000000 -0.000000 1.000000
vn 0.000000 1.000000 0.000000
vn 0.000000 1.000000 0.000000
vn 0.000000 1.000000 0.000000
vn 0.000000 1.000000 0.000000
vn 1.000000 0.000000 0.000000
vn 1.000000 0.000000 0.000000
vn 1.000000 0.000000 0.000000
vn 1.000000 0.000000 0.000000
vn 1.000000 0.000000 0.000000
vn 1.000000 0.000000 0.000000
vn 0.000000 -1.000000 -0.000000
vn 0.000000 -1.000000 -0.000000
vn 0.000000 -1.000000 -0.000000
vn 0.000000 -1.000000 -0.000000
vn 0.000000 -1.000000 -0.000000
vn 0.000000 -1.000000 -0.000000
vn -1.000000 0.000000 0.000000
vn -1.000000 0.000000 0.000000
vn -1.000000 0.000000 0.000000
vn -1.000000 0.000000 0.000000
vn -1.000000 0.000000 0.000000
vn -1.000000 0.000000 0.000000
vn -1.000000 0.000000 0.000000
vn -1.000000 0.000000 0.000000
vn -1.000000 0.000000 0.000000
vn -1.000000 0.000000 0.000000
vn -1.000000 0.000000 0.000000
vn -1.000000 0.000000 0.000000
vn -1.000000 0.000000 0.000000
vn -1.000000 0.000000 0.000000
vn -1.000000 0.000000 0.000000
vn -1.000000 0.000000 0.000000
vn -1.000000 0.000000 0.000000
vn -1.000000 0.000000 0.000000
vn -1.000000 0.000000 0.000000
vn -1.000000 0.000000 0.000000
vn 1.000000 0.000000 0.000000
vn 1.000000 0.000000 0.000000
vn 1.000000 0.000000 0.000000
vn 1.000000 0.000000 0.000000
vn 1.000000 0.000000 0.000000
vn 1.000000 0.000000 0.000000
vn 1.000000 0.000000 0.000000
vn 1.000000 0.000000 0.000000
vn 1.000000 0.000000 0.000000
vn 1.000000 0.000000 0.000000
vn 1.000000 0.000000 0.000000
vn 1.000000 0.000000 0.000000
vn 1.000000 0.000000 0.000000
vn 1.000000 0.000000 0.000000
vn 1.000000 0.000000 0.000000
vn 1.000000 0.000000 0.000000
vn 1.000000 0.000000 0.000000
vn 1.000000 0.000000 0.000000
vn 1.000000 0.000000 0.000000
vn 1.000000 0.000000 0.000000
vn 0.000000 1.000000 0.000000
vn 0.000000 1.000000 0.000000
vn 0.000000 1.000000 0.000000
vn 0.000000 1.000000 0.000000
vn 0.000000 1.000000 0.000000
vn 0.000000 1.000000 0.000000
vn 0.000000 1.000000 0.000000
vn 0.000000 1.000000 0.000000
vn 0.000000 1.000000 0.000000
vn 0.000000 1.000000 0.000000
vn 0.000000 1.000000 0.000000
vn 0.000000 1.000000 0.000000
vn 0.000000 -1.000000 -0.000000
vn 0.000000 -1.000000 -0.000000
vn 0.000000 -1.000000 -0.000000
vn 0.000000 -1.000000 -0.000000
vn 0.000000 -1.000000 -0.000000
vn 0.000000 -1.000000 -0.000000
vn -1.000000 0.000000 0.000000
vn -1.000000 0.000000 0.000000
vn -1.000000 0.000000 0.000000
vn -1.000000 0.000000 0.000000
vn -1.000000 0.000000 0.000000
vn -1.000000 0.000000 0.000000
vn 0.000000 -0.000000 1.000000
vn 0.000000 -0.000000 1.000000
vn 0.000000 -0.000000 1.000000
vn 0.000000 -0.000000 1.000000
vn 0.000000 -0.000000 1.000000
vn 0.000000 -0.000000 1.000000
vn 0.000000 -0.000000 1.000000
vn 0.000000 -0.000000 1.000000
vn 0.000000 -0.000000 1.000000
vn 0.000000 -0.000000 1.000000
vn 0.000000 -0.000000 1.000000
vn 0.000000 -0.000000 1.000000
vn 0.000000 1.000000 0.000000
vn 0.000000 1.000000 0.000000
vn 0.000000 1.000000 0.000000
vn 0.000000 1.000000 0.000000
vn 0.000000 1.000000 0.000000
vn 0.000000 1.000000 0.000000
vn 0.000000 -0.000000 1.000000
vn 0.000000 -0.000000 1.000000
vn 0.000000 -0.000000 1.000000
vn 0.000000 -0.000000 1.000000
vn 0.000000 -0.000000 1.000000
vn 0.000000 -0.000000 1.000000
vn 0.000000 -0.000000 1.000000
vn 0.000000 -0.000000 1.000000
vn 0.000000 -0.000000 1.000000
vn 0.000000 -0.000000 1.000000
vn 0.000000 -0.000000 1.000000
vn 0.000000 -0.000000 1.000000
vn 0.000000 -1.000000 -0.000000
vn 0.000000 -1.000000 -0.000000
vn 0.000000 -1.000000 -0.000000
vn 0.000000 -1.000000 -0.000000
vn 0.000000 -1.000000 -0.000000
vn 0.000000 -1.000000 -0.000000
vn 1.000000 0.000000 0.000000
vn 1.000000 0.000000 0.000000
vn 1.000000 0.000000 0.000000
vn 1.000000 0.000000 0.000000
vn 1.000000 0.000000 0.000000
vn 1.000000 0.000000 0.000000
vn -1.000000 0.000000 0.000000
vn -1.000000 0.000000 0.000000
vn -1.000000 0.000000 0.000000
vn -1.000000 0.000000 0.000000
vn -1.000000 0.000000 0.000000
vn -1.000000 0.000000 0.000000
vn 0.000000 1.000000 0.000000
vn 0.000000 1.000000 0.000000
vn 0.000000 1.000000 0.000000
vn 0.000000 1.000000 0.000000
vn 0.000000 1.000000 0.000000
vn 0.000000 1.000000 0.000000
vn 0.000000 -1.000000 -0.000000
vn 0.000000 -1.000000 -0.000000
vn 0.000000 -1.000000 -0.000000
vn 0.000000 -1.000000 -0.000000
vn 0.000000 -1.000000 -0.000000
vn 0.000000 -1.000000 -0.000000
vn 0.000000 -1.000000 -0.000000
vn 0.000000 -1.000000 -0.000000
vn 0.000000 -1.000000 -0.000000
vn 0.000000 -1.000000 -0.000000
vn 0.000000 -1.000000 -0.000000
vn 0.000000 -1.000000 -0.000000
vn 0.000000 1.000000 0.000000
vn 0.000000 1.000000 0.000000
vn 0.000000 1.000000 0.000000
vn 0.000000 1.000000 0.000000
vn 0.000000 1.000000 0.000000
vn 0.000000 1.000000 0.000000
vn 1.000000 0.000000 0.000000
vn 1.000000 0.000000 0.000000
vn 1.000000 0.000000 0.000000
vn 1.000000 0.000000 0.000000
vn 1.000000 0.000000 0.000000
vn 1.000000 0.000000 0.000000
vn 0.000000 -1.000000 -0.000000
vn 0.000000 -1.000000 -0.000000
vn 0.000000 -1.000000 -0.000000
vn 0.000000 -1.000000 -0.000000
vn 0.000000 -1.000000 -0.000000
vn 0.000000 -1.000000 -0.000000
vn 0.000000 1.000000 0.000000
vn 0.000000 1.000000 0.000000
vn 0.000000 1.000000 0.000000
vn 0.000000 1.000000 0.000000
vn 0.000000 1.000000 0.000000
vn 0.000000 1.000000 0.000000
vn -1.000000 0.000000 0.000000
vn -1.000000 0.000000 0.000000
vn -1.000000 0.000000 0.000000
vn -1.000000 0.000000 0.000000
vn -1.000000 0.000000 0.000000
vn -1.000000 0.000000 0.000000
vn 0.000000 -1.000000 -0.000000
vn 0.000000 -1.000000 -0.000000
vn 0.000000 -1.000000 -0.000000
vn 0.000000 -1.000000 -0.000000
vn 0.000000 -1.000000 -0.000000
vn 0.000000 -1.000000 -0.000000
vn 1.000000 0.000000 0.000000
vn 1.000000 0.000000 0.000000
vn 1.000000 0.000000 0.000000
vn 1.000000 0.000000 0.000000
vn 1.000000 0.000000 0.000000
vn 1.000000 0.000000 0.000000
vn 0.000000 1.000000 0.000000
vn 0.000000 1.000000 0.000000
vn 0.000000 1.000000 0.000000
vn 0.000000 1.000000 0.000000
vn 0.000000 1.000000 0.000000
vn 0.000000 1.000000 0.000000
vn 0.000000 -1.000000 -0.000000
vn 0.000000 -1.000000 -0.000000
vn 0.000000 -1.000000 -0.000000
vn 0.000000 -1.000000 -0.000000
vn 0.000000 -1.000000 -0.000000
vn 0.000000 -1.000000 -0.000000
vn 0.000000 -1.000000 -0.000000
vn 0.000000 -1.000000 -0.000000
vn 0.000000 -1.000000 -0.000000
vn 0.000000 -1.000000 -0.000000
vn 0.000000 -1.000000 -0.000000
vn 0.000000 -1.000000 -0.000000
vn 0.000000 -1.000000 -0.000000
vn 0.000000 -1.000000 -0.000000
vn 0.000000 -1.000000 -0.000000
vn 0.000000 -1.000000 -0.000000
vn 0.000000 -1.000000 -0.000000
vn 0.000000 -1.000000 -0.000000
vn -1.000000 0.000000 0.000000
vn -1.000000 0.000000 0.000000
vn -1.000000 0.000000 0.000000
vn -1.000000 0.000000 0.000000
vn -1.000000 0.000000 0.000000
vn -1.000000 0.000000 0.000000
vn -1.000000 0.000000 0.000000
vn -1.000000 0.000000 0.000000
vn -1.000000 0.000000 0.000000
vn -1.000000 0.000000 0.000000
vn -1.000000 0.000000 0.000000
vn -1.000000 0.000000 0.000000
vn -1.000000 0.000000 0.000000
vn -1.000000 0.000000 0.000000
vn -1.000000 0.000000 0.000000
vn -1.000000 0.000000 0.000000
vn -1.000000 0.000000 0.000000
vn 1.000000 0.000000 0.000000
vn 1.000000 0.000000 0.000000
vn 1.000000 0.000000 0.000000
vn 1.000000 0.000000 0.000000
vn 1.000000 0.000000 0.000000
vn 1.000000 0.000000 0.000000
vn 1.000000 0.000000 0.000000
vn 1.000000 0.000000 0.000000
vn 1.000000 0.000000 0.000000
vn 1.000000 0.000000 0.000000
vn 1.000000 0.000000 0.000000
vn 1.000000 0.000000 0.000000
vn 1.000000 0.000000 0.000000
vn 1.000000 0.000000 0.000000
vn 0.000000 1.000000 0.000000
vn 0.000000 1.000000 0.000000
vn 0.000000 1.000000 0.000000
vn 0.000000 1.000000 0.000000
vn 0.000000 1.000000 0.000000
vn 0.000000 1.000000 0.000000
vn 0.000000 1.000000 0.000000
vn 0.000000 1.000000 0.000000
vn 0.000000 1.000000 0.000000
vn 0.000000 1.000000 0.000000
vn 1.000000 0.000000 0.000000
vn 1.000000 0.000000 0.000000
vn 1.000000 0.000000 0.000000
vn 1.000000 0.000000 0.000000
vn 1.000000 0.000000 0.000000
vn 1.000000 0.000000 0.000000
vn 0.000000 1.000000 0.000000
vn 0.000000 1.000000 0.000000
vn 0.000000 1.000000 0.000000
vn 0.000000 1.000000 0.000000
vn 0.000000 1.000000 0.000000
vn 0.000000 1.000000 0.000000
vn 0.000000 1.000000 0.000000
vn 0.000000 1.000000 0.000000
vn 0.000000 1.000000 0.000000
vn 0.000000 1.000000 0.000000
vn 0.000000 1.000000 0.000000
vn 0.000000 1.000000 0.000000
vn 0.000000 -1.000000 -0.000000
vn 0.000000 -1.000000 -0.000000
vn 0.000000 -1.000000 -0.000000
vn 0.000000 -1.000000 -0.000000
vn 0.000000 -1.000000 -0.000000
vn 0.000000 -1.000000 -0.000000
vn 0.000000 -1.000000 -0.000000
vn 0.000000 -1.000000 -0.000000
vn 0.000000 -1.000000 -0.000000
vn 0.000000 -1.000000 -0.000000
vn 0.000000 -1.000000 -0.000000
vn 0.000000 0.000000 -1.000000
vn 0.000000 0.000000 -1.000000
vn 0.000000 0.000000 -1.000000
vn 0.000000 0.000000 -1.000000
vn 0.000000 0.000000 -1.000000
vn 0.000000 0.000000 -1.000000
vn 0.000000 0.000000 -1.000000
vn 0.000000 0.000000 -1.000000
vn 0.000000 0.000000 -1.000000
vn 0.000000 0.000000 -1.000000
vn 0.000000 0.000000 -1.000000
vn 0.000000 0.000000 -1.000000
vn 0.000000 0.000000 -1.000000
vn 0.000000 0.000000 -1.000000
vn 0.000000 0.000000 -1.000000
vn 0.000000 0.000000 -1.000000
vn 0.000000 0.000000 -1.000000
vn 0.000000 0.000000 -1.000000
vn 0.000000 0.000000 -1.000000
vn 0.000000 0.000000 -1.000000
vn 0.000000 0.000000 -1.000000
vn 0.000000 0.000000 -1.000000
vn 0.000000 0.000000 -1.000000
vn 0.000000 0.000000 -1.000000
vn 0.000000 0.000000 -1.000000
vn 0.000000 0.000000 -1.000000
vn 0.000000 0.000000 -1.000000
vn 0.000000 0.000000 -1.000000
vn 0.000000 0.000000 -1.000000
vn 0.000000 0.000000 -1.000000
vn 0.000000 0.000000 -1.000000
vn 0.000000 0.000000 -1.000000
vn 0.630213 -0.000000 0.776422
vn 0.658505 -0.000000 0.752576
vn 0.658505 -0.000000 0.752576
vn 0.658505 -0.000000 0.752576
vn 0.658505 -0.000000 0.752576
vn 0.658505 -0.000000 0.752576
vn 0.658505 -0.000000 0.752576
vn 0.658505 -0.000000 0.752576
vn 0.658505 -0.000000 0.752576
vn 0.658505 -0.000000 0.752576
vn 0.658505 -0.000000 0.752576
vn 0.488926 -0.000000 0.872325
vn 0.211999 -0.000000 0.977270
vn 0.211999 -0.000000 0.977270
vn 0.000000 -0.000000 1.000000
vn 0.000000 -0.000000 1.000000
vn -0.211999 -0.000000 0.977270
vn -0.211999 -0.000000 0.977270
vn -0.488926 -0.000000 0.872325
vn -0.548930 -0.000000 0.835868
vn -0.658505 -0.000000 0.752576
vn -0.658505 -0.000000 0.752576
vn -1.000000 0.000000 0.000000
vn -1.000000 0.000000 0.000000
vn -1.000000 0.000000 0.000000
vn -1.000000 0.000000 0.000000
vn -1.000000 0.000000 0.000000
vn -1.000000 0.000000 0.000000
vn -1.000000 0.000000 0.000000
vn -1.000000 0.000000 0.000000
vn 1.000000 0.000000 0.000000
vn 1.000000 0.000000 0.000000
vn 1.000000 0.000000 0.000000
vn 1.000000 0.000000 0.000000
vn 0.000000 1.000000 0.000000
vn 0.000000 1.000000 0.000000
vn 0.000000 1.000000 0.000000
vn 0.000000 1.000000 0.000000
vn 0.000000 1.000000 0.000000
vn 0.000000 1.000000 0.000000
vn 0.000000 1.000000 0.000000
vn 0.000000 1.000000 0.000000
vn 0.000000 1.000000 0.000000
vn 0.000000 1.000000 0.000000
vn 0.000000 -1.000000 -0.000000
vn 0.000000 -1.000000 -0.000000
vn 0.000000 -1.000000 -0.000000
vn 0.000000 -1.000000 -0.000000
vn 0.000000 -1.000000 -0.000000
vn 0.000000 -1.000000 -0.000000
vn 0.000000 0.000000 -1.000000
vn 0.000000 0.000000 -1.000000
vn 0.000000 0.000000 -1.000000
vn 0.000000 0.000000 -1.000000
vn 0.000000 0.000000 -1.000000
vn 0.000000 0.000000 -1.000000
vn 0.000000 0.000000 -1.000000
vn 0.000000 0.000000 -1.000000
vn 0.000000 0.000000 -1.000000
vn 0.000000 0.000000 -1.000000
vn 0.000000 0.000000 -1.000000
vn 0.000000 0.000000 -1.000000
vn 0.000000 0.000000 -1.000000
vn 0.000000 0.000000 -1.000000
vn 0.000000 0.000000 -1.000000
vn 0.000000 0.000000 -1.000000
vn 0.000000 0.000000 -1.000000
vn 0.000000 0.000000 -1.000000
vn 0.000000 0.000000 -1.000000
vn 0.000000 0.000000 -1.000000
vn 0.000000 1.000000 0.000000
vn 0.000000 1.000000 0.000000
vn 0.000000 1.000000 0.000000
vn 0.000000 1.000000 0.000000
vn 0.000000 1.000000 0.000000
vn 0.000000 1.000000 0.000000
vn 0.000000 1.000000 0.000000
vn 0.000000 1.000000 0.000000
vn 0.000000 1.000000 0.000000
vn 0.000000 1.000000 0.000000
vn -1.000000 0.000000 0.000000
vn -1.000000 0.000000 0.000000
vn -1.000000 0.000000 0.000000
vn -1.000000 0.000000 0.000000
vn 0.000000 -0.000000 1.000000
vn 0.000000 -0.000000 1.000000
vn 0.000000 -0.000000 1.000000
vn 0.000000 -0.000000 1.000000
vn 0.000000 1.000000 0.000000
vn 0.000000 1.000000 0.000000
vn 0.000000 1.000000 0.000000
vn 0.000000 1.000000 0.000000
vn 0.000000 0.000000 -1.000000
vn 0.000000 0.000000 -1.000000
vn 0.000000 0.000000 -1.000000
vn 0.000000 0.000000 -1.000000
vn 1.000000 0.000000 0.000000
vn 1.000000 0.000000 0.000000
vn 1.000000 0.000000 0.000000
vn 1.000000 0.000000 0.000000
vn 0.000000 0.000000 -1.000000
vn 0.000000 0.000000 -1.000000
vn 0.000000 0.000000 -1.000000
vn 0.000000 0.000000 -1.000000
vn 0.000000 0.000000 -1.000000
vn 0.000000 0.000000 -1.000000
vn 0.000000 0.000000 -1.000000
vn 0.000000 0.000000 -1.000000
vn 1.000000 0.000000 0.000000
vn 1.000000 0.000000 0.000000
vn 1.000000 0.000000 0.000000
vn 1.000000 0.000000 0.000000
vn 0.000000 -0.000000 1.000000
vn 0.000000 -0.000000 1.000000
vn 0.000000 -0.000000 1.000000
vn 0.000000 -0.000000 1.000000
vn 0.000000 0.000000 -1.000000
vn 0.000000 0.000000 -1.000000
vn 0.000000 0.000000 -1.000000
vn 0.000000 0.000000 -1.000000
vn -1.000000 0.000000 0.000000
vn -1.000000 0.000000 0.000000
vn -1.000000 0.000000 0.000000
vn -1.000000 0.000000 0.000000
vn 0.000000 0.000000 -1.000000
vn 0.000000 0.000000 -1.000000
vn 0.000000 0.000000 -1.000000
vn 0.000000 0.000000 -1.000000
vn 0.000000 0.000000 -1.000000
vn 0.000000 0.000000 -1.000000
vn 0.000000 0.000000 -1.000000
vn 0.000000 0.000000 -1.000000
vn 0.000000 1.000000 0.000000
vn 0.000000 1.000000 0.000000
vn 0.000000 1.000000 0.000000
vn 0.000000 1.000000 0.000000
vn 0.000000 1.000000 0.000000
vn 0.000000 1.000000 0.000000
vn 0.000000 1.000000 0.000000
vn 0.000000 1.000000 0.000000
vn 0.000000 -1.000000 -0.000000
vn 0.000000 -1.000000 -0.000000
vn 0.000000 -1.000000 -0.000000
vn 0.000000 -1.000000 -0.000000
vn 1.000000 0.000000 0.000000
vn 1.000000 0.000000 0.000000
vn 1.000000 0.000000 0.000000
vn 1.000000 0.000000 0.000000
vn 0.000000 -1.000000 -0.000000
vn 0.000000 -1.000000 -0.000000
vn 0.000000 -1.000000 -0.000000
vn 0.000000 -1.000000 -0.000000
vn 0.000000 -0.000000 1.000000
vn 0.000000 -0.000000 1.000000
vn 0.000000 -0.000000 1.000000
vn 0.000000 -0.000000 1.000000
vn 0.000000 0.000000 -1.000000
vn 0.000000 0.000000 -1.000000
vn 0.000000 0.000000 -1.000000
vn 0.000000 0.000000 -1.000000
vn 1.000000 0.000000 0.000000
vn 1.000000 0.000000 0.000000
vn 1.000000 0.000000 0.000000
vn 1.000000 0.000000 0.000000
vn 0.000000 1.000000 0.000000
vn 0.000000 1.000000 0.000000
vn 0.000000 1.000000 0.000000
vn 0.000000 1.000000 0.000000
vn 0.000000 0.000000 -1.000000
vn 0.000000 0.000000 -1.000000
vn 0.000000 0.000000 -1.000000
vn 0.000000 0.000000 -1.000000
vn 0.000000 -0.000000 1.000000
vn 0.000000 -0.000000 1.000000
vn 0.000000 -0.000000 1.000000
vn 0.000000 -0.000000 1.000000
vn -1.000000 0.000000 0.000000
vn -1.000000 0.000000 0.000000
vn -1.000000 0.000000 0.000000
vn -1.000000 0.000000 0.000000
vn 1.000000 0.000000 0.000000
vn 1.000000 0.000000 0.000000
vn 1.000000 0.000000 0.000000
vn 1.000000 0.000000 0.000000
vn 1.000000 0.000000 0.000000
vn -1.000000 0.000000 0.000000
vn -1.000000 0.000000 0.000000
vn -1.000000 0.000000 0.000000
vn -1.000000 0.000000 0.000000
vn 0.000000 1.000000 0.000000
vn 0.000000 1.000000 0.000000
vn 0.000000 1.000000 0.000000
vn 0.000000 1.000000 0.000000
vn 0.000000 1.000000 0.000000
vn 0.000000 1.000000 0.000000
vn 0.000000 1.000000 0.000000
vn 0.000000 1.000000 0.000000
vn 0.000000 -1.000000 -0.000000
vn 0.000000 -1.000000 -0.000000
vn 0.000000 -1.000000 -0.000000
vn 0.000000 -1.000000 -0.000000
vn -1.000000 0.000000 0.000000
vn -1.000000 0.000000 0.000000
vn -1.000000 0.000000 0.000000
vn -1.000000 0.000000 0.000000
vn 0.000000 0.000000 -1.000000
vn 0.000000 0.000000 -1.000000
vn 0.000000 0.000000 -1.000000
vn 0.000000 0.000000 -1.000000
vn 0.000000 1.000000 0.000000
vn 0.000000 1.000000 0.000000
vn 0.000000 1.000000 0.000000
vn 0.000000 1.000000 0.000000
vn 0.000000 0.000000 -1.000000
vn 0.000000 0.000000 -1.000000
vn 0.000000 0.000000 -1.000000
vn 0.000000 0.000000 -1.000000
vn 0.000000 -0.000000 1.000000
vn 0.000000 -0.000000 1.000000
vn 0.000000 -0.000000 1.000000
vn 0.000000 -0.000000 1.000000
vn 0.000000 1.000000 0.000000
vn 0.000000 1.000000 0.000000
vn 0.000000 1.000000 0.000000
vn 0.000000 1.000000 0.000000
vn 0.000000 -1.000000 -0.000000
vn 0.000000 -1.000000 -0.000000
vn 0.000000 -1.000000 -0.000000
vn 0.000000 -1.000000 -0.000000
vn 0.000000 1.000000 0.000000
vn 0.000000 1.000000 0.000000
vn 0.000000 1.000000 0.000000
vn 0.000000 1.000000 0.000000
vn 1.000000 0.000000 0.000000
vn 1.000000 0.000000 0.000000
vn 1.000000 0.000000 0.000000
vn 1.000000 0.000000 0.000000
vn 1.000000 0.000000 0.000000
vn 0.000000 0.000000 -1.000000
vn 0.000000 0.000000 -1.000000
vn 0.000000 0.000000 -1.000000
vn 0.000000 0.000000 -1.000000
vn -1.000000 0.000000 0.000000
vn -1.000000 0.000000 0.000000
vn -1.000000 0.000000 0.000000
vn -1.000000 0.000000 0.000000
vn 0.000000 -1.000000 -0.000000
vn 0.000000 -1.000000 -0.000000
vn 0.000000 -1.000000 -0.000000
vn 0.000000 -1.000000 -0.000000
vn 0.000000 -0.000000 1.000000
vn 0.000000 -0.000000 1.000000
vn 0.000000 -0.000000 1.000000
vn 0.000000 -0.000000 1.000000
vn -1.000000 0.000000 0.000000
vn -1.000000 0.000000 0.000000
vn -1.000000 0.000000 0.000000
vn -1.000000 0.000000 0.000000
vn -1.000000 0.000000 0.000000
vn -1.000000 0.000000 0.000000
vn -1.000000 0.000000 0.000000
vn -1.000000 0.000000 0.000000
vn 0.000000 -0.000000 1.000000
vn 0.000000 -0.000000 1.000000
vn 0.000000 -0.000000 1.000000
vn 0.000000 -0.000000 1.000000
vn 1.000000 0.000000 0.000000
vn 1.000000 0.000000 0.000000
vn 1.000000 0.000000 0.000000
vn 1.000000 0.000000 0.000000
vn -1.000000 0.000000 0.000000
vn -1.000000 0.000000 0.000000
vn -1.000000 0.000000 0.000000
vn -1.000000 0.000000 0.000000
vn 0.000000 1.000000 0.000000
vn 0.000000 1.000000 0.000000
vn 0.000000 1.000000 0.000000
vn 0.000000 1.000000 0.000000
vn 0.000000 -1.000000 -0.000000
vn 0.000000 -1.000000 -0.000000
vn 0.000000 -1.000000 -0.000000
vn 0.000000 -1.000000 -0.000000
vn 0.000000 1.000000 0.000000
vn 0.000000 1.000000 0.000000
vn 0.000000 1.000000 0.000000
vn 0.000000 1.000000 0.000000
vn -1.000000 0.000000 0.000000
vn -1.000000 0.000000 0.000000
vn -1.000000 0.000000 0.000000
vn -1.000000 0.000000 0.000000
vn 0.000000 0.000000 -1.000000
vn 0.000000 0.000000 -1.000000
vn 0.000000 0.000000 -1.000000
vn 0.000000 0.000000 -1.000000
vn 0.000000 -1.000000 -0.000000
vn 0.000000 -1.000000 -0.000000
vn 0.000000 -1.000000 -0.000000
vn 0.000000 -1.000000 -0.000000
vn 0.000000 -0.000000 1.000000
vn 0.000000 -0.000000 1.000000
vn 0.000000 -0.000000 1.000000
vn 0.000000 -0.000000 1.000000
vn 0.000000 -1.000000 -0.000000
vn 0.000000 -1.000000 -0.000000
vn 0.000000 -1.000000 -0.000000
vn 0.000000 -1.000000 -0.000000
vn 1.000000 0.000000 0.000000
vn 1.000000 0.000000 0.000000
vn 1.000000 0.000000 0.000000
vn 1.000000 0.000000 0.000000
vn -1.000000 0.000000 0.000000
vn -1.000000 0.000000 0.000000
vn -1.000000 0.000000 0.000000
vn -1.000000 0.000000 0.000000
vn -1.000000 0.000000 0.000000
vn -1.000000 0.000000 0.000000
vn -1.000000 0.000000 0.000000
vn 1.000000 0.000000 0.000000
vn 1.000000 0.000000 0.000000
vn 1.000000 0.000000 0.000000
vn 1.000000 0.000000 0.000000
vn 0.000000 1.000000 0.000000
vn 0.000000 1.000000 0.000000
vn 0.000000 1.000000 0.000000
vn 0.000000 1.000000 0.000000
vn 0.000000 1.000000 0.000000
vn 0.000000 1.000000 0.000000
vn 0.000000 1.000000 0.000000
vn 0.000000 1.000000 0.000000
vn 0.000000 0.000000 -1.000000
vn 0.000000 0.000000 -1.000000
vn 0.000000 0.000000 -1.000000
vn 0.000000 0.000000 -1.000000
vn 0.000000 -0.000000 1.000000
vn 0.000000 -0.000000 1.000000
vn 0.000000 -0.000000 1.000000
vn 0.000000 -0.000000 1.000000
vn -1.000000 0.000000 0.000000
vn -1.000000 0.000000 0.000000
vn -1.000000 0.000000 0.000000
vn -1.000000 0.000000 0.000000
vn 0.000000 -1.000000 -0.000000
vn 0.000000 -1.000000 -0.000000
vn 0.000000 -1.000000 -0.000000
vn 0.000000 -1.000000 -0.000000
vn 0.000000 -0.000000 1.000000
vn 0.000000 -0.000000 1.000000
vn 0.000000 -0.000000 1.000000
vn 0.000000 -0.000000 1.000000
vn -1.000000 0.000000 0.000000
vn -1.000000 0.000000 0.000000
vn -1.000000 0.000000 0.000000
vn -1.000000 0.000000 0.000000
vn 0.000000 1.000000 0.000000
vn 0.000000 1.000000 0.000000
vn 0.000000 1.000000 0.000000
vn 0.000000 1.000000 0.000000
vn 0.000000 -1.000000 -0.000000
vn 0.000000 -1.000000 -0.000000
vn 0.000000 -1.000000 -0.000000
vn 0.000000 -1.000000 -0.000000
vn 1.000000 0.000000 0.000000
vn 1.000000 0.000000 0.000000
vn 1.000000 0.000000 0.000000
vn 1.000000 0.000000 0.000000
vn 0.000000 1.000000 0.000000
vn 0.000000 1.000000 0.000000
vn 0.000000 1.000000 0.000000
vn 0.000000 1.000000 0.000000
vn 0.000000 -0.000000 1.000000
vn 0.000000 -0.000000 1.000000
vn 0.000000 -0.000000 1.000000
vn 0.000000 -0.000000 1.000000
vn 0.000000 -1.000000 -0.000000
vn 0.000000 -1.000000 -0.000000
vn 0.000000 -1.000000 -0.000000
vn 0.000000 -1.000000 -0.000000
vn 0.000000 -1.000000 -0.000000
vn 0.000000 -1.000000 -0.000000
vn 0.000000 -1.000000 -0.000000
vn 0.000000 -1.000000 -0.000000
vn 1.000000 0.000000 0.000000
vn 1.000000 0.000000 0.000000
vn 1.000000 0.000000 0.000000
vn 1.000000 0.000000 0.000000
vn 0.000000 0.000000 -1.000000
vn 0.000000 0.000000 -1.000000
vn 0.000000 0.000000 -1.000000
vn 0.000000 0.000000 -1.000000
vn -1.000000 0.000000 0.000000
vn -1.000000 0.000000 0.000000
vn -1.000000 0.000000 0.000000
vn -1.000000 0.000000 0.000000
vn -1.000000 0.000000 0.000000
vn -1.000000 0.000000 0.000000
vn -1.000000 0.000000 0.000000
vn -1.000000 0.000000 0.000000
vn -1.000000 0.000000 0.000000
vn -1.000000 0.000000 0.000000
vn 0.000000 1.000000 0.000000
vn 0.000000 1.000000 0.000000
vn 0.000000 1.000000 0.000000
vn 0.000000 1.000000 0.000000
vn 0.000000 -0.000000 1.000000
vn 0.000000 -0.000000 1.000000
vn 0.000000 -0.000000 1.000000
vn 0.000000 -0.000000 1.000000
vn 0.000000 0.000000 -1.000000
vn 0.000000 0.000000 -1.000000
vn 0.000000 0.000000 -1.000000
vn 0.000000 0.000000 -1.000000
vn 0.000000 0.000000 -1.000000
vn 0.000000 0.000000 -1.000000
vn 0.000000 0.000000 -1.000000
vn 0.000000 0.000000 -1.000000
vn -1.000000 0.000000 0.000000
vn -1.000000 0.000000 0.000000
vn -1.000000 0.000000 0.000000
vn -1.000000 0.000000 0.000000
vn 0.000000 1.000000 0.000000
vn 0.000000 1.000000 0.000000
vn 0.000000 1.000000 0.000000
vn 0.000000 1.000000 0.000000
vn 1.000000 0.000000 0.000000
vn 1.000000 0.000000 0.000000
vn 1.000000 0.000000 0.000000
vn 1.000000 0.000000 0.000000
vn 0.000000 -1.000000 -0.000000
vn 0.000000 -1.000000 -0.000000
vn 0.000000 -1.000000 -0.000000
vn 0.000000 -1.000000 -0.000000
vn 0.000000 0.000000 -1.000000
vn 0.000000 0.000000 -1.000000
vn 0.000000 0.000000 -1.000000
vn 0.000000 0.000000 -1.000000
vn 1.000000 0.000000 0.000000
vn 1.000000 0.000000 0.000000
vn 1.000000 0.000000 0.000000
vn 1.000000 0.000000 0.000000
vn 0.000000 1.000000 0.000000
vn 0.000000 1.000000 0.000000
vn 0.000000 1.000000 0.000000
vn 0.000000 1.000000 0.000000
vn -1.000000 0.000000 0.000000
vn -1.000000 0.000000 0.000000
vn -1.000000 0.000000 0.000000
vn -1.000000 0.000000 0.000000
vn 0.000000 -1.000000 -0.000000
vn 0.000000 -1.000000 -0.000000
vn 0.000000 -1.000000 -0.000000
vn 0.000000 -1.000000 -0.000000
vn 0.000000 0.000000 -1.000000
vn 0.000000 0.000000 -1.000000
vn 0.000000 0.000000 -1.000000
vn 0.000000 0.000000 -1.000000
vn -1.000000 0.000000 0.000000
vn -1.000000 0.000000 0.000000
vn -1.000000 0.000000 0.000000
vn -1.000000 0.000000 0.000000
vn 0.000000 -1.000000 -0.000000
vn 0.000000 -1.000000 -0.000000
vn 0.000000 -1.000000 -0.000000
vn 0.000000 -1.000000 -0.000000
vn 1.000000 0.000000 0.000000
vn 1.000000 0.000000 0.000000
vn 1.000000 0.000000 0.000000
vn 1.000000 0.000000 0.000000
vn 0.000000 1.000000 0.000000
vn 0.000000 1.000000 0.000000
vn 0.000000 1.000000 0.000000
vn 0.000000 1.000000 0.000000
vn 0.000000 0.000000 -1.000000
vn 0.000000 0.000000 -1.000000
vn 0.000000 0.000000 -1.000000
vn 0.000000 0.000000 -1.000000
vn 1.000000 0.000000 0.000000
vn 1.000000 0.000000 0.000000
vn 1.000000 0.000000 0.000000
vn 1.000000 0.000000 0.000000
vn 0.000000 -1.000000 -0.000000
vn 0.000000 -1.000000 -0.000000
vn 0.000000 -1.000000 -0.000000
vn 0.000000 -1.000000 -0.000000
vn -1.000000 0.000000 0.000000
vn -1.000000 0.000000 0.000000
vn -1.000000 0.000000 0.000000
vn -1.000000 0.000000 0.000000
vn 0.000000 1.000000 0.000000
vn 0.000000 1.000000 0.000000
vn 0.000000 1.000000 0.000000
vn 0.000000 1.000000 0.000000
vn 0.000000 0.000000 -1.000000
vn 0.000000 0.000000 -1.000000
vn 0.000000 0.000000 -1.000000
vn 0.000000 0.000000 -1.000000
vn 1.000000 0.000000 0.000000
vn 1.000000 0.000000 0.000000
vn 1.000000 0.000000 0.000000
vn 1.000000 0.000000 0.000000
vn 1.000000 0.000000 0.000000
vn 1.000000 0.000000 0.000000
vn 1.000000 0.000000 0.000000
f 3/3/3 2/2/2 1/1/1
f 6/6/6 5/5/5 4/4/4
f 8/8/8 6/6/6 7/7/7
f 9/9/9 8/8/8 7/7/7
f 10/10/10 8/8/8 9/9/9
f 11/11/11 10/10/10 9/9/9
f 12/12/12 10/10/10 11/11/11
f 13/13/13 12/12/12 11/11/11
f 14/14/14 12/12/12 13/13/13
f 15/15/15 14/14/14 13/13/13
f 16/16/16 14/14/14 15/15/15
f 17/17/17 16/16/16 15/15/15
f 18/18/18 16/16/16 17/17/17
f 19/19/19 18/18/18 17/17/17
f 20/20/20 18/18/18 19/19/19
f 21/21/21 20/20/20 19/19/19
f 22/22/22 20/20/20 21/21/21
f 25/25/25 24/24/24 23/23/23
f 28/28/28 27/27/27 26/26/26
f 31/31/31 30/30/30 29/29/29
f 34/34/34 33/33/33 32/32/32
f 37/37/37 36/36/36 35/35/35
f 37/37/37 39/39/39 38/38/38
f 37/37/37 38/38/38 40/40/40
f 40/40/40 41/41/41 37/37/37
f 40/40/40 38/38/38 42/42/42
f 40/40/40 42/42/42 43/43/43
f 40/40/40 43/43/43 44/44/44
f 44/44/44 45/45/45 40/40/40
f 48/48/48 47/47/47 46/46/46
f 46/46/46 50/50/50 49/49/49
f 49/49/49 52/52/52 51/51/51
f 49/49/49 53/53/53 52/52/52
f 55/55/55 54/54/54 52/52/52
f 58/58/58 57/57/57 56/56/56
f 60/60/60 59/59/59 56/56/56
f 60/60/60 56/56/56 61/61/61
f 61/61/61 62/62/62 60/60/60
f 65/65/65 64/64/64 63/63/63
f 67/67/67 66/66/66 63/63/63
f 63/63/63 66/66/66 68/68/68
f 67/67/67 69/69/69 66/66/66
f 69/69/69 70/70/70 66/66/66
f 66/66/66 71/71/71 68/68/68
f 66/66/66 70/70/70 71/71/71
f 70/70/70 72/72/72 71/71/71
f 71/71/71 72/72/72 73/73/73
f 72/72/72 74/74/74 73/73/73
f 73/73/73 74/74/74 75/75/75
f 74/74/74 76/76/76 75/75/75
f 73/73/73 75/75/75 77/77/77
f 78/78/78 73/73/73 77/77/77
f 77/77/77 75/75/75 79/79/79
f 75/75/75 76/76/76 80/80/80
f 75/75/75 80/80/80 81/81/81
f 76/76/76 82/82/82 80/80/80
f 85/85/85 84/84/84 83/83/83
f 88/88/88 87/87/87 86/86/86
f 86/86/86 90/90/90 89/89/89
f 91/91/91 90/90/90 86/86/86
f 91/91/91 92/92/92 90/90/90
f 92/92/92 93/93/93 90/90/90
f 90/90/90 94/94/94 89/89/89
f 90/90/90 93/93/93 94/94/94
f 93/93/93 95/95/95 94/94/94
f 94/94/94 95/95/95 96/96/96
f 95/95/95 97/97/97 96/96/96
f 96/96/96 97/97/97 98/98/98
f 97/97/97 99/99/99 98/98/98
f 96/96/96 98/98/98 100/100/100
f 101/101/101 96/96/96 100/100/100
f 100/100/100 98/98/98 102/102/102
f 98/98/98 99/99/99 103/103/103
f 98/98/98 103/103/103 104/104/104
f 99/99/99 105/105/105 103/103/103
f 108/108/108 107/107/107 106/106/106
f 110/110/110 107/107/107 109/109/109
f 110/110/110 109/109/109 111/111/111
f 110/110/110 111/111/111 112/112/112
f 114/114/114 112/112/112 113/113/113
f 116/116/116 115/115/115 112/112/112
f 114/114/114 116/116/116 117/117/117
f 119/119/119 110/110/110 118/118/118
f 111/111/111 120/120/120 118/118/118
f 119/119/119 116/116/116 121/121/121
f 121/121/121 116/116/116 122/122/122
f 121/121/121 122/122/122 123/123/123
f 120/120/120 124/124/124 118/118/118
f 124/124/124 120/120/120 125/125/125
f 124/124/124 125/125/125 126/126/126
f 128/128/128 114/114/114 127/127/127
f 127/127/127 129/129/129 128/128/128
f 129/129/129 130/130/130 128/128/128
f 130/130/130 129/129/129 131/131/131
f 134/134/134 133/133/133 132/132/132
f 136/136/136 134/134/134 135/135/135
f 134/134/134 137/137/137 135/135/135
f 134/134/134 138/138/138 137/137/137
f 134/134/134 139/139/139 138/138/138
f 141/141/141 134/134/134 140/140/140
f 140/140/140 142/142/142 141/141/141
f 145/145/145 144/144/144 143/143/143
f 148/148/148 147/147/147 146/146/146
f 151/151/151 150/150/150 149/149/149
f 154/154/154 153/153/153 152/152/152
f 156/156/156 154/154/154 155/155/155
f 156/156/156 155/155/155 157/157/157
f 158/158/158 154/154/154 156/156/156
f 159/159/159 158/158/158 156/156/156
f 159/159/159 156/156/156 160/160/160
f 161/161/161 159/159/159 160/160/160
f 164/164/164 163/163/163 162/162/162
f 167/167/167 166/166/166 165/165/165
f 169/169/169 167/167/167 168/168/168
f 170/170/170 167/167/167 169/169/169
f 171/171/171 170/170/170 169/169/169
f 170/170/170 172/172/172 167/167/167
f 172/172/172 173/173/173 167/167/167
f 167/167/167 173/173/173 174/174/174
f 173/173/173 175/175/175 174/174/174
f 178/178/178 177/177/177 176/176/176
f 176/176/176 180/180/180 179/179/179
f 180/180/180 181/181/181 179/179/179
f 182/182/182 180/180/180 176/176/176
f 180/180/180 183/183/183 181/181/181
f 182/182/182 184/184/184 180/180/180
f 184/184/184 183/183/183 180/180/180
f 187/187/187 186/186/186 185/185/185
f 190/190/190 189/189/189 188/188/188
f 192/192/192 188/188/188 191/191/191
f 193/193/193 192/192/192 191/191/191
f 194/194/194 193/193/193 191/191/191
f 194/194/194 191/191/191 195/195/195
f 197/197/197 196/196/196 194/194/194
f 196/196/196 197/197/197 198/198/198
f 198/198/198 199/199/199 196/196/196
f 199/199/199 201/201/201 200/200/200
f 199/199/199 202/202/202 201/201/201
f 203/203/203 201/201/201 202/202/202
f 202/202/202 204/204/204 203/203/203
f 202/202/202 205/205/205 204/204/204
f 199/199/199 206/206/206 202/202/202
f 199/199/199 207/207/207 206/206/206
f 199/199/199 208/208/208 207/207/207
f 207/207/207 209/209/209 206/206/206
f 209/209/209 207/207/207 210/210/210
f 211/211/211 209/209/209 210/210/210
f 213/213/213 212/212/212 208/208/208
f 213/213/213 214/214/214 212/212/212
f 214/214/214 213/213/213 215/215/215
f 217/217/217 215/215/215 216/216/216
f 216/216/216 218/218/218 217/217/217
f 220/220/220 216/216/216 219/219/219
f 223/223/223 222/222/222 221/221/221
f 226/226/226 225/225/225 224/224/224
f 228/228/228 227/227/227 225/225/225
f 227/227/227 229/229/229 225/225/225
f 227/227/227 230/230/230 229/229/229
f 233/233/233 232/232/232 231/231/231
f 235/235/235 234/234/234 233/233/233
f 237/237/237 236/236/236 234/234/234
f 235/235/235 238/238/238 236/236/236
f 237/237/237 239/239/239 238/238/238
f 241/241/241 240/240/240 239/239/239
f 243/243/243 242/242/242 240/240/240
f 242/242/242 244/244/244 240/240/240
f 242/242/242 245/245/245 244/244/244
f 248/248/248 247/247/247 246/246/246
f 250/250/250 248/248/248 249/249/249
f 253/253/253 252/252/252 251/251/251
f 256/256/256 255/255/255 254/254/254
f 259/259/259 258/258/258 257/257/257
f 262/262/262 261/261/261 260/260/260
f 264/264/264 262/262/262 263/263/263
f 265/265/265 264/264/264 263/263/263
f 266/266/266 264/264/264 265/265/265
f 269/269/269 268/268/268 267/267/267
f 272/272/272 271/271/271 270/270/270
f 274/274/274 272/272/272 273/273/273
f 275/275/275 274/274/274 273/273/273
f 276/276/276 274/274/274 275/275/275
f 277/277/277 276/276/276 275/275/275
f 278/278/278 276/276/276 277/277/277
f 279/279/279 278/278/278 277/277/277
f 280/280/280 278/278/278 279/279/279
f 283/283/283 282/282/282 281/281/281
f 286/286/286 285/285/285 284/284/284
f 288/288/288 286/286/286 287/287/287
f 289/289/289 288/288/288 287/287/287
f 290/290/290 288/288/288 289/289/289
f 291/291/291 290/290/290 289/289/289
f 292/292/292 290/290/290 291/291/291
f 293/293/293 292/292/292 291/291/291
f 294/294/294 292/292/292 293/293/293
f 295/295/295 294/294/294 293/293/293
f 296/296/296 294/294/294 295/295/295
f 297/297/297 296/296/296 295/295/295
f 298/298/298 296/296/296 297/297/297
f 299/299/299 298/298/298 297/297/297
f 300/300/300 298/298/298 299/299/299
f 301/301/301 300/300/300 299/299/299
f 302/302/302 300/300/300 301/301/301
f 305/305/305 304/304/304 303/303/303
f 308/308/308 307/307/307 306/306/306
f 311/311/311 310/310/310 309/309/309
f 313/313/313 312/312/312 310/310/310
f 310/310/310 314/314/314 313/313/313
f 317/317/317 316/316/316 315/315/315
f 319/319/319 318/318/318 316/316/316
f 316/316/316 320/320/320 319/319/319
f 323/323/323 322/322/322 321/321/321
f 325/325/325 324/324/324 322/322/322
f 322/322/322 326/326/326 325/325/325
f 329/329/329 328/328/328 327/327/327
f 327/327/327 331/331/331 330/330/330
f 334/334/334 333/333/333 332/332/332
f 337/337/337 336/336/336 335/335/335
f 340/340/340 339/339/339 338/338/338
f 342/342/342 341/341/341 339/339/339
f 339/339/339 343/343/343 342/342/342
f 346/346/346 345/345/345 344/344/344
f 349/349/349 348/348/348 347/347/347
f 352/352/352 351/351/351 350/350/350
f 352/352/352 354/354/354 353/353/353
f 357/357/357 356/356/356 355/355/355
f 359/359/359 358/358/358 355/355/355
f 362/362/362 361/361/361 360/360/360
f 360/360/360 364/364/364 363/363/363
f 367/367/367 366/366/366 365/365/365
f 370/370/370 369/369/369 368/368/368
f 372/372/372 371/371/371 370/370/370
f 375/375/375 374/374/374 373/373/373
f 378/378/378 377/377/377 376/376/376
f 380/380/380 378/378/378 379/379/379
f 378/378/378 381/381/381 379/379/379
f 384/384/384 383/383/383 382/382/382
f 387/387/387 386/386/386 385/385/385
f 389/389/389 388/388/388 386/386/386
f 389/389/389 390/390/390 388/388/388
f 393/393/393 392/392/392 391/391/391
f 396/396/396 395/395/395 394/394/394
f 399/399/399 398/398/398 397/397/397
f 402/402/402 401/401/401 400/400/400
f 404/404/404 403/403/403 401/401/401
f 407/407/407 406/406/406 405/405/405
f 410/410/410 409/409/409 408/408/408
f 412/412/412 408/408/408 411/411/411
f 414/414/414 412/412/412 413/413/413
f 414/414/414 413/413/413 415/415/415
f 415/415/415 417/417/417 416/416/416
f 420/420/420 419/419/419 418/418/418
f 423/423/423 422/422/422 421/421/421
f 426/426/426 425/425/425 424/424/424
f 428/428/428 427/427/427 425/425/425
f 428/428/428 429/429/429 427/427/427
f 432/432/432 431/431/431 430/430/430
f 435/435/435 434/434/434 433/433/433
f 437/437/437 433/433/433 436/436/436
f 439/439/439 436/436/436 438/438/438
f 442/442/442 441/441/441 440/440/440
f 445/445/445 444/444/444 443/443/443
f 448/448/448 447/447/447 446/446/446
f 451/451/451 450/450/450 449/449/449
f 454/454/454 453/453/453 452/452/452
f 457/457/457 456/456/456 455/455/455
f 460/460/460 459/459/459 458/458/458
f 462/462/462 460/460/460 461/461/461
f 460/460/460 463/463/463 461/461/461
f 466/466/466 465/465/465 464/464/464
f 469/469/469 468/468/468 467/467/467
f 467/467/467 471/471/471 470/470/470
f 474/474/474 473/473/473 472/472/472
f 472/472/472 476/476/476 475/475/475
f 479/479/479 478/478/478 477/477/477
f 482/482/482 481/481/481 480/480/480
f 484/484/484 483/483/483 481/481/481
f 484/484/484 485/485/485 483/483/483
f 488/488/488 487/487/487 486/486/486
f 491/491/491 490/490/490 489/489/489
f 494/494/494 493/493/493 492/492/492
f 497/497/497 496/496/496 495/495/495
f 500/500/500 499/499/499 498/498/498
f 503/503/503 502/502/502 501/501/501
f 503/503/503 505/505/505 504/504/504
f 508/508/508 507/507/507 506/506/506
f 510/510/510 509/509/509 507/507/507
f 507/507/507 511/511/511 510/510/510
f 514/514/514 513/513/513 512/512/512
f 516/516/516 515/515/515 513/513/513
f 513/513/513 517/517/517 516/516/516
f 520/520/520 519/519/519 518/518/518
f 518/518/518 522/522/522 521/521/521
f 525/525/525 524/524/524 523/523/523
f 528/528/528 527/527/527 526/526/526
f 531/531/531 530/530/530 529/529/529
f 529/529/529 533/533/533 532/532/532
f 536/536/536 535/535/535 534/534/534
f 534/534/534 538/538/538 537/537/537
f 541/541/541 540/540/540 539/539/539
f 544/544/544 543/543/543 542/542/542
f 547/547/547 546/546/546 545/545/545
f 545/545/545 549/549/549 548/548/548
f 552/552/552 551/551/551 550/550/550
f 555/555/555 554/554/554 553/553/553
f 558/558/558 557/557/557 556/556/556
f 561/561/561 560/560/560 559/559/559
f 564/564/564 563/563/563 562/562/562
f 567/567/567 566/566/566 565/565/565
f 569/569/569 568/568/568 566/566/566
f 566/566/566 570/570/570 569/569/569
f 573/573/573 572/572/572 571/571/571
f 571/571/571 575/575/575 574/574/574
f 577/577/577 576/576/576 575/575/575
f 575/575/575 578/578/578 577/577/577
f 581/581/581 580/580/580 579/579/579
f 583/583/583 581/581/581 582/582/582
f 586/586/586 585/585/585 584/584/584
f 584/584/584 588/588/588 587/587/587
f 591/591/591 590/590/590 589/589/589
f 593/593/593 592/592/592 590/590/590
f 596/596/596 595/595/595 594/594/594
f 598/598/598 597/597/597 595/595/595
f 598/598/598 599/599/599 597/597/597
f 602/602/602 601/601/601 600/600/600
f 605/605/605 604/604/604 603/603/603
f 608/608/608 607/607/607 606/606/606
f 611/611/611 610/610/610 609/609/609
f 609/609/609 613/613/613 612/612/612
f 616/616/616 615/615/615 614/614/614
f 619/619/619 618/618/618 617/617/617
f 618/618/618 620/620/620 617/617/617
f 617/617/617 620/620/620 621/621/621
f 620/620/620 622/622/622 621/621/621
f 625/625/625 624/624/624 623/623/623
f 624/624/624 626/626/626 623/623/623
f 624/624/624 627/627/627 626/626/626
f 627/627/627 628/628/628 626/626/626
f 631/631/631 630/630/630 629/629/629
f 629/629/629 632/632/632 631/631/631
f 635/635/635 634/634/634 633/633/633
f 634/634/634 636/636/636 633/633/633
f 639/639/639 638/638/638 637/637/637
f 638/638/638 640/640/640 637/637/637
f 638/638/638 641/641/641 640/640/640
f 641/641/641 642/642/642 640/640/640
f 645/645/645 644/644/644 643/643/643
f 644/644/644 646/646/646 643/643/643
f 643/643/643 646/646/646 647/647/647
f 646/646/646 648/648/648 647/647/647
f 651/651/651 650/650/650 649/649/649
f 652/652/652 651/651/651 649/649/649
f 653/653/653 651/651/651 652/652/652
f 654/654/654 653/653/653 652/652/652
f 655/655/655 653/653/653 654/654/654
f 656/656/656 655/655/655 654/654/654
f 657/657/657 655/655/655 656/656/656
f 658/658/658 657/657/657 656/656/656
f 659/659/659 657/657/657 658/658/658
f 660/660/660 659/659/659 658/658/658
f 661/661/661 659/659/659 660/660/660
f 662/662/662 661/661/661 660/660/660
f 663/663/663 661/661/661 662/662/662
f 664/664/664 663/663/663 662/662/662
f 665/665/665 663/663/663 664/664/664
f 666/666/666 665/665/665 664/664/664
f 667/667/667 665/665/665 666/666/666
f 668/668/668 667/667/667 666/666/666
f 671/671/671 670/670/670 669/669/669
f 670/670/670 672/672/672 669/669/669
f 669/669/669 672/672/672 673/673/673
f 672/672/672 674/674/674 673/673/673
f 673/673/673 674/674/674 675/675/675
f 674/674/674 676/676/676 675/675/675
f 675/675/675 676/676/676 677/677/677
f 676/676/676 678/678/678 677/677/677
f 677/677/677 678/678/678 679/679/679
f 678/678/678 680/680/680 679/679/679
f 679/679/679 680/680/680 681/681/681
f 680/680/680 682/682/682 681/681/681
f 681/681/681 682/682/682 683/683/683
f 682/682/682 684/684/684 683/683/683
f 683/683/683 684/684/684 685/685/685
f 684/684/684 686/686/686 685/685/685
f 685/685/685 686/686/686 687/687/687
f 686/686/686 688/688/688 687/687/687
f 691/691/691 690/690/690 689/689/689
f 690/690/690 692/692/692 689/689/689
f 690/690/690 693/693/693 692/692/692
f 693/693/693 694/694/694 692/692/692
f 697/697/697 696/696/696 695/695/695
f 696/696/696 698/698/698 695/695/695
f 696/696/696 699/699/699 698/698/698
f 699/699/699 700/700/700 698/698/698
f 703/703/703 702/702/702 701/701/701
f 702/702/702 704/704/704 701/701/701
f 702/702/702 705/705/705 704/704/704
f 705/705/705 706/706/706 704/704/704
f 709/709/709 708/708/708 707/707/707
f 708/708/708 710/710/710 707/707/707
f 708/708/708 711/711/711 710/710/710
f 711/711/711 712/712/712 710/710/710
f 715/715/715 714/714/714 713/713/713
f 716/716/716 715/715/715 713/713/713
f 719/719/719 718/718/718 717/717/717
f 720/720/720 719/719/719 717/717/717
f 723/723/723 722/722/722 721/721/721
f 724/724/724 723/723/723 721/721/721
f 727/727/727 726/726/726 725/725/725
f 726/726/726 728/728/728 725/725/725
f 726/726/726 729/729/729 728/728/728
f 729/729/729 730/730/730 728/728/728
f 733/733/733 732/732/732 731/731/731
f 734/734/734 733/733/733 731/731/731
f 737/737/737 736/736/736 735/735/735
f 738/738/738 737/737/737 735/735/735
f 741/741/741 740/740/740 739/739/739
f 742/742/742 741/741/741 739/739/739
f 745/745/745 744/744/744 743/743/743
f 746/746/746 745/745/745 743/743/743
f 747/747/747 745/745/745 746/746/746
f 748/748/748 747/747/747 746/746/746
f 751/751/751 750/750/750 749/749/749
f 750/750/750 752/752/752 749/749/749
f 750/750/750 753/753/753 752/752/752
f 753/753/753 754/754/754 752/752/752
f 757/757/757 756/756/756 755/755/755
f 756/756/756 758/758/758 755/755/755
f 756/756/756 759/759/759 758/758/758
f 759/759/759 760/760/760 758/758/758
f 763/763/763 762/762/762 761/761/761
f 764/764/764 763/763/763 761/761/761
f 765/765/765 763/763/763 764/764/764
f 766/766/766 765/765/765 764/764/764
f 769/769/769 768/768/768 767/767/767
f 770/770/770 769/769/769 767/767/767
f 770/770/770 767/767/767 771/771/771
f 772/772/772 770/770/770 771/771/771
f 775/775/775 774/774/774 773/773/773
f 776/776/776 775/775/775 773/773/773
f 776/776/776 773/773/773 777/777/777
f 778/778/778 776/776/776 777/777/777
f 781/781/781 780/780/780 779/779/779
f 782/782/782 781/781/781 779/779/779
f 782/782/782 779/779/779 783/783/783
f 784/784/784 782/782/782 783/783/783
f 787/787/787 786/786/786 785/785/785
f 788/788/788 787/787/787 785/785/785
f 788/788/788 785/785/785 789/789/789
f 790/790/790 788/788/788 789/789/789
f 793/793/793 792/792/792 791/791/791
f 794/794/794 793/793/793 791/791/791
f 794/794/794 791/791/791 795/795/795
f 796/796/796 794/794/794 795/795/795
f 799/799/799 798/798/798 797/797/797
f 798/798/798 800/800/800 797/797/797
f 798/798/798 801/801/801 800/800/800
f 801/801/801 802/802/802 800/800/800
f 805/805/805 804/804/804 803/803/803
f 804/804/804 806/806/806 803/803/803
f 804/804/804 807/807/807 806/806/806
f 807/807/807 808/808/808 806/806/806
f 811/811/811 810/810/810 809/809/809
f 810/810/810 812/812/812 809/809/809
f 810/810/810 813/813/813 812/812/812
f 813/813/813 814/814/814 812/812/812
f 817/817/817 816/816/816 815/815/815
f 816/816/816 818/818/818 815/815/815
f 816/816/816 819/819/819 818/818/818
f 819/819/819 820/820/820 818/818/818
f 823/823/823 822/822/822 821/821/821
f 822/822/822 824/824/824 821/821/821
f 822/822/822 825/825/825 824/824/824
f 825/825/825 826/826/826 824/824/824
f 829/829/829 828/828/828 827/827/827
f 828/828/828 830/830/830 827/827/827
f 828/828/828 831/831/831 830/830/830
f 831/831/831 832/832/832 830/830/830
f 835/835/835 834/834/834 833/833/833
f 836/836/836 835/835/835 833/833/833
f 837/837/837 835/835/835 836/836/836
f 838/838/838 837/837/837 836/836/836
f 839/839/839 837/837/837 838/838/838
f 840/840/840 839/839/839 838/838/838
f 841/841/841 839/839/839 840/840/840
f 842/842/842 841/841/841 840/840/840
f 843/843/843 841/841/841 842/842/842
f 844/844/844 843/843/843 842/842/842
f 847/847/847 846/846/846 845/845/845
f 848/848/848 847/847/847 845/845/845
f 849/849/849 847/847/847 848/848/848
f 850/850/850 849/849/849 848/848/848
f 851/851/851 849/849/849 850/850/850
f 852/852/852 851/851/851 850/850/850
f 853/853/853 851/851/851 852/852/852
f 854/854/854 853/853/853 852/852/852
f 845/845/845 856/856/856 855/855/855
f 856/856/856 857/857/857 855/855/855
f 855/855/855 857/857/857 858/858/858
f 857/857/857 859/859/859 858/858/858
f 858/858/858 859/859/859 860/860/860
f 859/859/859 861/861/861 860/860/860
f 864/864/864 863/863/863 862/862/862
f 865/865/865 864/864/864 862/862/862
f 866/866/866 864/864/864 865/865/865
f 867/867/867 866/866/866 865/865/865
f 868/868/868 866/866/866 867/867/867
f 869/869/869 868/868/868 867/867/867
f 870/870/870 868/868/868 869/869/869
f 871/871/871 870/870/870 869/869/869
f 872/872/872 870/870/870 871/871/871
f 873/873/873 872/872/872 871/871/871
f 874/874/874 872/872/872 873/873/873
f 875/875/875 874/874/874 873/873/873
f 878/878/878 877/877/877 876/876/876
f 876/876/876 880/880/880 879/879/879
f 881/881/881 879/879/879 878/878/878
f 884/884/884 883/883/883 882/882/882
f 884/884/884 885/885/885 883/883/883
f 888/888/888 887/887/887 886/886/886
f 889/889/889 888/888/888 886/886/886
f 890/890/890 888/888/888 889/889/889
f 891/891/891 890/890/890 889/889/889
f 894/894/894 893/893/893 892/892/892
f 895/895/895 894/894/894 892/892/892
f 896/896/896 894/894/894 895/895/895
f 897/897/897 896/896/896 895/895/895
f 898/898/898 896/896/896 897/897/897
f 899/899/899 898/898/898 897/897/897
f 900/900/900 898/898/898 899/899/899
f 901/901/901 900/900/900 899/899/899
f 902/902/902 900/900/900 901/901/901
f 903/903/903 902/902/902 901/901/901
f 906/906/906 905/905/905 904/904/904
f 904/904/904 907/907/907 906/906/906
f 904/904/904 908/908/908 907/907/907
f 904/904/904 909/909/909 908/908/908
f 911/911/911 904/904/904 910/910/910
f 912/912/912 911/911/911 910/910/910
f 912/912/912 910/910/910 913/913/913
f 913/913/913 914/914/914 912/912/912
f 917/917/917 916/916/916 915/915/915
f 918/918/918 917/917/917 915/915/915
f 921/921/921 920/920/920 919/919/919
f 922/922/922 921/921/921 919/919/919
f 925/925/925 924/924/924 923/923/923
f 926/926/926 925/925/925 923/923/923
f 929/929/929 928/928/928 927/927/927
f 930/930/930 929/929/929 927/927/927
f 933/933/933 932/932/932 931/931/931
f 934/934/934 933/933/933 931/931/931
f 937/937/937 936/936/936 935/935/935
f 938/938/938 937/937/937 935/935/935
f 941/941/941 940/940/940 939/939/939
f 942/942/942 941/941/941 939/939/939
f 945/945/945 944/944/944 943/943/943
f 946/946/946 945/945/945 943/943/943
f 949/949/949 948/948/948 947/947/947
f 947/947/947 950/950/950 949/949/949
f 947/947/947 951/951/951 950/950/950
f 947/947/947 952/952/952 951/951/951
f 947/947/947 953/953/953 952/952/952
f 947/947/947 954/954/954 953/953/953
f 947/947/947 955/955/955 954/954/954
f 947/947/947 956/956/956 955/955/955
f 947/947/947 957/957/957 956/956/956
f 947/947/947 958/958/958 957/957/957
f 947/947/947 959/959/959 958/958/958
f 959/959/959 960/960/960 958/958/958
f 959/959/959 961/961/961 960/960/960
f 961/961/961 962/962/962 960/960/960
f 961/961/961 963/963/963 962/962/962
f 963/963/963 964/964/964 962/962/962
f 963/963/963 965/965/965 964/964/964
f 965/965/965 966/966/966 964/964/964
f 966/966/966 965/965/965 967/967/967
f 967/967/967 968/968/968 966/966/966
f 971/971/971 970/970/970 969/969/969
f 972/972/972 971/971/971 969/969/969
f 975/975/975 974/974/974 973/973/973
f 976/976/976 975/975/975 973/973/973
f 979/979/979 978/978/978 977/977/977
f 980/980/980 979/979/979 977/977/977
f 983/983/983 982/982/982 981/981/981
f 982/982/982 984/984/984 981/981/981
f 984/984/984 985/985/985 981/981/981
f 985/985/985 986/986/986 981/981/981
f 986/986/986 987/987/987 981/981/981
f 987/987/987 988/988/988 981/981/981
f 988/988/988 989/989/989 981/981/981
f 989/989/989 990/990/990 981/981/981
f 993/993/993 992/992/992 991/991/991
f 991/991/991 992/992/992 994/994/994
f 992/992/992 995/995/995 994/994/994
f 994/994/994 995/995/995 996/996/996
f 999/999/999 998/998/998 997/997/997
f 997/997/997 1000/1000/1000 999/999/999
f 997/997/997 1001/1001/1001 1000/1000/1000
f 997/997/997 1002/1002/1002 1001/1001/1001
f 997/997/997 1003/1003/1003 1002/1002/1002
f 997/997/997 1004/1004/1004 1003/1003/1003
f 997/997/997 1005/1005/1005 1004/1004/1004
f 997/997/997 1006/1006/1006 1005/1005/1005
f 997/997/997 1007/1007/1007 1006/1006/1006
f 997/997/997 1008/1008/1008 1007/1007/1007
f 997/997/997 1009/1009/1009 1008/1008/1008
f 1009/1009/1009 1010/1010/1010 1008/1008/1008
f 1009/1009/1009 1011/1011/1011 1010/1010/1010
f 1011/1011/1011 1012/1012/1012 1010/1010/1010
f 1011/1011/1011 1013/1013/1013 1012/1012/1012
f 1013/1013/1013 1014/1014/1014 1012/1012/1012
f 1013/1013/1013 1015/1015/1015 1014/1014/1014
f 1015/1015/1015 1016/1016/1016 1014/1014/1014
f 1019/1019/1019 1018/1018/1018 1017/1017/1017
f 1018/1018/1018 1020/1020/1020 1017/1017/1017
f 1020/1020/1020 1021/1021/1021 1017/1017/1017
f 1021/1021/1021 1022/1022/1022 1017/1017/1017
f 1022/1022/1022 1023/1023/1023 1017/1017/1017
f 1023/1023/1023 1024/1024/1024 1017/1017/1017
f 1024/1024/1024 1025/1025/1025 1017/1017/1017
f 1025/1025/1025 1026/1026/1026 1017/1017/1017
f 1029/1029/1029 1028/1028/1028 1027/1027/1027
f 1030/1030/1030 1029/1029/1029 1027/1027/1027
f 1033/1033/1033 1032/1032/1032 1031/1031/1031
f 1034/1034/1034 1033/1033/1033 1031/1031/1031
f 1037/1037/1037 1036/1036/1036 1035/1035/1035
f 1035/1035/1035 1038/1038/1038 1037/1037/1037
f 1041/1041/1041 1040/1040/1040 1039/1039/1039
f 1042/1042/1042 1041/1041/1041 1039/1039/1039
f 1045/1045/1045 1044/1044/1044 1043/1043/1043
f 1046/1046/1046 1045/1045/1045 1043/1043/1043
f 1049/1049/1049 1048/1048/1048 1047/1047/1047
f 1050/1050/1050 1049/1049/1049 1047/1047/1047
f 1053/1053/1053 1052/1052/1052 1051/1051/1051
f 1054/1054/1054 1053/1053/1053 1051/1051/1051
f 1057/1057/1057 1056/1056/1056 1055/1055/1055
f 1058/1058/1058 1057/1057/1057 1055/1055/1055
f 1061/1061/1061 1060/1060/1060 1059/1059/1059
f 1062/1062/1062 1061/1061/1061 1059/1059/1059
f 1065/1065/1065 1064/1064/1064 1063/1063/1063
f 1066/1066/1066 1065/1065/1065 1063/1063/1063
f 1069/1069/1069 1068/1068/1068 1067/1067/1067
f 1070/1070/1070 1069/1069/1069 1067/1067/1067
f 1073/1073/1073 1072/1072/1072 1071/1071/1071
f 1074/1074/1074 1073/1073/1073 1071/1071/1071
f 1077/1077/1077 1076/1076/1076 1075/1075/1075
f 1078/1078/1078 1077/1077/1077 1075/1075/1075
f 1081/1081/1081 1080/1080/1080 1079/1079/1079
f 1079/1079/1079 1082/1082/1082 1081/1081/1081
f 1085/1085/1085 1084/1084/1084 1083/1083/1083
f 1086/1086/1086 1085/1085/1085 1083/1083/1083
f 1089/1089/1089 1088/1088/1088 1087/1087/1087
f 1090/1090/1090 1089/1089/1089 1087/1087/1087
f 1093/1093/1093 1092/1092/1092 1091/1091/1091
f 1094/1094/1094 1093/1093/1093 1091/1091/1091
f 1097/1097/1097 1096/1096/1096 1095/1095/1095
f 1098/1098/1098 1097/1097/1097 1095/1095/1095
f 1101/1101/1101 1100/1100/1100 1099/1099/1099
f 1100/1100/1100 1102/1102/1102 1099/1099/1099
f 1105/1105/1105 1104/1104/1104 1103/1103/1103
f 1106/1106/1106 1105/1105/1105 1103/1103/1103
f 1109/1109/1109 1108/1108/1108 1107/1107/1107
f 1110/1110/1110 1109/1109/1109 1107/1107/1107
f 1113/1113/1113 1112/1112/1112 1111/1111/1111
f 1114/1114/1114 1113/1113/1113 1111/1111/1111
f 1117/1117/1117 1116/1116/1116 1115/1115/1115
f 1115/1115/1115 1118/1118/1118 1117/1117/1117
f 1121/1121/1121 1120/1120/1120 1119/1119/1119
f 1122/1122/1122 1121/1121/1121 1119/1119/1119
f 1125/1125/1125 1124/1124/1124 1123/1123/1123
f 1123/1123/1123 1124/1124/1124 1126/1126/1126
f 1129/1129/1129 1128/1128/1128 1127/1127/1127
f 1128/1128/1128 1130/1130/1130 1127/1127/1127
f 1128/1128/1128 1131/1131/1131 1130/1130/1130
f 1134/1134/1134 1133/1133/1133 1132/1132/1132
f 1135/1135/1135 1134/1134/1134 1132/1132/1132
f 1138/1138/1138 1137/1137/1137 1136/1136/1136
f 1139/1139/1139 1138/1138/1138 1136/1136/1136
f 1142/1142/1142 1141/1141/1141 1140/1140/1140
f 1140/1140/1140 1143/1143/1143 1142/1142/1142
f 1146/1146/1146 1145/1145/1145 1144/1144/1144
f 1147/1147/1147 1146/1146/1146 1144/1144/1144
f 1150/1150/1150 1149/1149/1149 1148/1148/1148
f 1151/1151/1151 1150/1150/1150 1148/1148/1148
f 1154/1154/1154 1153/1153/1153 1152/1152/1152
f 1155/1155/1155 1154/1154/1154 1152/1152/1152
f 1158/1158/1158 1157/1157/1157 1156/1156/1156
f 1159/1159/1159 1158/1158/1158 1156/1156/1156
f 1162/1162/1162 1161/1161/1161 1160/1160/1160
f 1163/1163/1163 1162/1162/1162 1160/1160/1160
f 1166/1166/1166 1165/1165/1165 1164/1164/1164
f 1167/1167/1167 1166/1166/1166 1164/1164/1164
f 1170/1170/1170 1169/1169/1169 1168/1168/1168
f 1171/1171/1171 1170/1170/1170 1168/1168/1168
f 1174/1174/1174 1173/1173/1173 1172/1172/1172
f 1175/1175/1175 1174/1174/1174 1172/1172/1172
f 1178/1178/1178 1177/1177/1177 1176/1176/1176
f 1179/1179/1179 1178/1178/1178 1176/1176/1176
f 1182/1182/1182 1181/1181/1181 1180/1180/1180
f 1181/1181/1181 1183/1183/1183 1180/1180/1180
f 1181/1181/1181 1184/1184/1184 1183/1183/1183
f 1187/1187/1187 1186/1186/1186 1185/1185/1185
f 1188/1188/1188 1187/1187/1187 1185/1185/1185
f 1191/1191/1191 1190/1190/1190 1189/1189/1189
f 1192/1192/1192 1191/1191/1191 1189/1189/1189
f 1195/1195/1195 1194/1194/1194 1193/1193/1193
f 1196/1196/1196 1195/1195/1195 1193/1193/1193
f 1199/1199/1199 1198/1198/1198 1197/1197/1197
f 1200/1200/1200 1199/1199/1199 1197/1197/1197
f 1203/1203/1203 1202/1202/1202 1201/1201/1201
f 1204/1204/1204 1202/1202/1202 1203/1203/1203
f 1207/1207/1207 1206/1206/1206 1205/1205/1205
f 1207/1207/1207 1208/1208/1208 1206/1206/1206
f 1211/1211/1211 1210/1210/1210 1209/1209/1209
f 1209/1209/1209 1212/1212/1212 1211/1211/1211
f 1215/1215/1215 1214/1214/1214 1213/1213/1213
f 1216/1216/1216 1215/1215/1215 1213/1213/1213
f 1219/1219/1219 1218/1218/1218 1217/1217/1217
f 1220/1220/1220 1219/1219/1219 1217/1217/1217
f 1223/1223/1223 1222/1222/1222 1221/1221/1221
f 1224/1224/1224 1223/1223/1223 1221/1221/1221
f 1227/1227/1227 1226/1226/1226 1225/1225/1225
f 1228/1228/1228 1227/1227/1227 1225/1225/1225
f 1231/1231/1231 1230/1230/1230 1229/1229/1229
f 1232/1232/1232 1231/1231/1231 1229/1229/1229
f 1235/1235/1235 1234/1234/1234 1233/1233/1233
f 1236/1236/1236 1235/1235/1235 1233/1233/1233
f 1239/1239/1239 1238/1238/1238 1237/1237/1237
f 1240/1240/1240 1239/1239/1239 1237/1237/1237
f 1243/1243/1243 1242/1242/1242 1241/1241/1241
f 1244/1244/1244 1243/1243/1243 1241/1241/1241
f 1247/1247/1247 1246/1246/1246 1245/1245/1245
f 1248/1248/1248 1247/1247/1247 1245/1245/1245
f 1251/1251/1251 1250/1250/1250 1249/1249/1249
f 1252/1252/1252 1251/1251/1251 1249/1249/1249
f 1255/1255/1255 1254/1254/1254 1253/1253/1253
f 1255/1255/1255 1256/1256/1256 1254/1254/1254
f 1259/1259/1259 1258/1258/1258 1257/1257/1257
f 1258/1258/1258 1260/1260/1260 1257/1257/1257
f 1262/1262/1262 1257/1257/1257 1261/1261/1261
f 1261/1261/1261 1263/1263/1263 1262/1262/1262
f 1266/1266/1266 1265/1265/1265 1264/1264/1264
f 1266/1266/1266 1267/1267/1267 1265/1265/1265
f 1270/1270/1270 1269/1269/1269 1268/1268/1268
f 1268/1268/1268 1271/1271/1271 1270/1270/1270
f 1274/1274/1274 1273/1273/1273 1272/1272/1272
f 1275/1275/1275 1274/1274/1274 1272/1272/1272
f 1278/1278/1278 1277/1277/1277 1276/1276/1276
f 1279/1279/1279 1278/1278/1278 1276/1276/1276
f 1282/1282/1282 1281/1281/1281 1280/1280/1280
f 1280/1280/1280 1283/1283/1283 1282/1282/1282
f 1286/1286/1286 1285/1285/1285 1284/1284/1284
f 1284/1284/1284 1287/1287/1287 1286/1286/1286
f 1290/1290/1290 1289/1289/1289 1288/1288/1288
f 1291/1291/1291 1290/1290/1290 1288/1288/1288
f 1294/1294/1294 1293/1293/1293 1292/1292/1292
f 1295/1295/1295 1294/1294/1294 1292/1292/1292
f 1298/1298/1298 1297/1297/1297 1296/1296/1296
f 1296/1296/1296 1299/1299/1299 1298/1298/1298
f 1302/1302/1302 1301/1301/1301 1300/1300/1300
f 1301/1301/1301 1303/1303/1303 1300/1300/1300
f 1306/1306/1306 1305/1305/1305 1304/1304/1304
f 1307/1307/1307 1306/1306/1306 1304/1304/1304
f 1310/1310/1310 1309/1309/1309 1308/1308/1308
f 1308/1308/1308 1311/1311/1311 1310/1310/1310
f 1314/1314/1314 1313/1313/1313 1312/1312/1312
f 1313/1313/1313 1315/1315/1315 1312/1312/1312
f 1318/1318/1318 1317/1317/1317 1316/1316/1316
f 1319/1319/1319 1318/1318/1318 1316/1316/1316
f 1322/1322/1322 1321/1321/1321 1320/1320/1320
f 1323/1323/1323 1322/1322/1322 1320/1320/1320
f 1326/1326/1326 1325/1325/1325 1324/1324/1324
f 1327/1327/1327 1326/1326/1326 1324/1324/1324
f 1330/1330/1330 1329/1329/1329 1328/1328/1328
f 1329/1329/1329 1331/1331/1331 1328/1328/1328
f 1334/1334/1334 1333/1333/1333 1332/1332/1332
f 1335/1335/1335 1334/1334/1334 1332/1332/1332
f 1338/1338/1338 1337/1337/1337 1336/1336/1336
f 1337/1337/1337 1339/1339/1339 1336/1336/1336
f 1341/1341/1341 1336/1336/1336 1340/1340/1340
f 1340/1340/1340 1342/1342/1342 1341/1341/1341
f 1344/1344/1344 1342/1342/1342 1343/1343/1343
f 1344/1344/1344 1343/1343/1343 1345/1345/1345
f 1348/1348/1348 1347/1347/1347 1346/1346/1346
f 1349/1349/1349 1348/1348/1348 1346/1346/1346
f 1352/1352/1352 1351/1351/1351 1350/1350/1350
f 1353/1353/1353 1352/1352/1352 1350/1350/1350
f 1356/1356/1356 1355/1355/1355 1354/1354/1354
f 1354/1354/1354 1357/1357/1357 1356/1356/1356
f 1360/1360/1360 1359/1359/1359 1358/1358/1358
f 1360/1360/1360 1361/1361/1361 1359/1359/1359
f 1364/1364/1364 1363/1363/1363 1362/1362/1362
f 1365/1365/1365 1364/1364/1364 1362/1362/1362
f 1368/1368/1368 1367/1367/1367 1366/1366/1366
f 1369/1369/1369 1368/1368/1368 1366/1366/1366
f 1372/1372/1372 1371/1371/1371 1370/1370/1370
f 1373/1373/1373 1372/1372/1372 1370/1370/1370
f 1376/1376/1376 1375/1375/1375 1374/1374/1374
f 1377/1377/1377 1376/1376/1376 1374/1374/1374
f 1380/1380/1380 1379/1379/1379 1378/1378/1378
f 1381/1381/1381 1380/1380/1380 1378/1378/1378
f 1384/1384/1384 1383/1383/1383 1382/1382/1382
f 1385/1385/1385 1384/1384/1384 1382/1382/1382
f 1388/1388/1388 1387/1387/1387 1386/1386/1386
f 1389/1389/1389 1388/1388/1388 1386/1386/1386
f 1392/1392/1392 1391/1391/1391 1390/1390/1390
f 1393/1393/1393 1392/1392/1392 1390/1390/1390
f 1396/1396/1396 1395/1395/1395 1394/1394/1394
f 1397/1397/1397 1396/1396/1396 1394/1394/1394
f 1400/1400/1400 1399/1399/1399 1398/1398/1398
f 1401/1401/1401 1400/1400/1400 1398/1398/1398
f 1404/1404/1404 1403/1403/1403 1402/1402/1402
f 1405/1405/1405 1404/1404/1404 1402/1402/1402
f 1408/1408/1408 1407/1407/1407 1406/1406/1406
f 1409/1409/1409 1408/1408/1408 1406/1406/1406
f 1412/1412/1412 1411/1411/1411 1410/1410/1410
f 1413/1413/1413 1412/1412/1412 1410/1410/1410
f 1416/1416/1416 1415/1415/1415 1414/1414/1414
f 1417/1417/1417 1416/1416/1416 1414/1414/1414
f 1420/1420/1420 1419/1419/1419 1418/1418/1418
f 1421/1421/1421 1420/1420/1420 1418/1418/1418
f 1424/1424/1424 1423/1423/1423 1422/1422/1422
f 1425/1425/1425 1424/1424/1424 1422/1422/1422
f 1428/1428/1428 1427/1427/1427 1426/1426/1426
f 1429/1429/1429 1428/1428/1428 1426/1426/1426
f 1432/1432/1432 1431/1431/1431 1430/1430/1430
f 1433/1433/1433 1432/1432/1432 1430/1430/1430
f 1436/1436/1436 1435/1435/1435 1434/1434/1434
f 1437/1437/1437 1436/1436/1436 1434/1434/1434
f 1440/1440/1440 1439/1439/1439 1438/1438/1438
f 1441/1441/1441 1440/1440/1440 1438/1438/1438
f 1444/1444/1444 1443/1443/1443 1442/1442/1442
f 1444/1444/1444 1442/1442/1442 1445/1445/1445
f 1446/1446/1446 1443/1443/1443 1444/1444/1444
f 1447/1447/1447 1444/1444/1444 1445/1445/1445
f 1448/1448/1448 1446/1446/1446 1444/1444/1444
f 1448/1448/1448 1444/1444/1444 1447/1447/1447
