g Model_0
v 1.293449 1.974999 -2.150006
v 1.293448 -0.225001 -2.150006
v 1.293448 0.974999 -2.350006
v 1.418444 -0.225001 -3.150006
v 1.418446 0.974999 -2.800006
v 1.418444 0.974999 -3.150007
v 1.418444 0.974999 -3.150007
v 1.418443 -0.225001 -3.350006
v 1.418443 1.974999 -3.350007
v 1.418444 1.774999 -3.150007
v 1.418446 1.974999 -2.700007
v 1.293446 0.974999 -2.700006
v 1.418446 0.974999 -2.700007
v 1.293448 0.974999 -2.350006
v 1.293448 0.974999 -2.350006
v 1.418448 0.974999 -2.350006
v 1.293444 0.974999 -3.150006
v 1.418444 1.774999 -3.150007
v 1.418444 0.974999 -3.150007
v 1.293446 1.774999 -2.800006
v 1.293446 1.774999 -2.700006
v 1.293446 0.974999 -2.800006
v 1.293446 1.974999 -2.800006
v 1.293448 1.774999 -2.350006
v 1.293449 1.974999 -2.150006
v 1.293448 0.974999 -2.350006
v 1.293446 1.774999 -2.800006
v 1.293446 1.774999 -2.700006
v 1.293444 1.774999 -3.150006
v 1.293444 1.774999 -3.150006
v 1.293443 1.974999 -3.350006
v 1.293444 0.974999 -3.150006
v 1.293443 -0.225001 -3.350006
v 1.293446 0.974999 -2.800006
v 1.293448 -0.225001 -2.350006
v 1.293448 0.974999 -2.350006
v 1.293448 -0.225001 -2.150006
v 1.293446 0.974999 -2.700006
v 1.293446 0.974999 -2.800006
v 1.418446 0.974999 -2.800006
v 1.293446 1.774999 -2.800006
v 1.293448 0.974999 -2.350006
v 1.418448 0.974999 -2.350006
v 1.293448 1.774999 -2.350006
v 1.293446 0.974999 -2.700006
v 1.293448 -0.225001 -2.350006
v 1.293446 0.974999 -2.800006
v 1.293446 0.974999 -2.800006
v 1.293446 1.774999 -2.700006
v 1.418448 0.974999 -2.350006
v 1.418449 1.974999 -2.150007
v 1.418448 1.774999 -2.350007
v 1.293446 0.974999 -2.800006
v 1.418444 0.974999 -3.150007
v 1.418446 0.974999 -2.800006
v 1.293444 0.974999 -3.150006
v 1.418444 0.974999 -3.150007
v 1.293448 1.774999 -2.350006
v 1.418448 0.974999 -2.350006
v 1.418448 1.774999 -2.350007
v 1.293446 1.774999 -2.700006
v 1.418448 1.774999 -2.350007
v 1.418446 1.774999 -2.700007
v 1.293446 1.774999 -2.800006
v 1.418446 0.974999 -2.800006
v 1.418446 1.774999 -2.800007
v 1.293448 1.774999 -2.350006
v 1.418448 1.774999 -2.350007
v 1.293446 1.774999 -2.700006
v 1.418448 1.774999 -2.350007
v 1.418449 1.974999 -2.150007
v 1.418446 1.974999 -2.700007
v 1.418448 0.974999 -2.350006
v 1.418448 -0.225001 -2.150006
v 1.418448 -0.225001 -2.150006
v 1.418446 0.974999 -2.700007
v 1.418446 0.974999 -2.700007
v 1.418444 -0.225001 -3.150006
v 1.418446 0.974999 -2.800006
v 1.418443 1.974999 -3.350007
v 1.418444 0.974999 -3.150007
v 1.418444 1.774999 -3.150007
v 1.418446 1.974999 -2.700007
v 1.418446 1.774999 -2.800007
v 1.418446 1.774999 -2.700007
v 1.418446 1.974999 -2.700007
v 1.418448 1.774999 -2.350007
v -0.351112 1.975001 2.450001
v -0.351112 0.025001 2.550002
v -0.351113 0.025001 2.450001
v -0.251112 1.975001 2.450001
v -0.351113 0.025001 2.450001
v -0.251113 0.025001 2.450001
v -0.251112 1.975001 2.550001
v -0.251113 0.025001 2.450001
v -0.251112 0.025001 2.550001
v -0.351112 1.975001 2.550001
v -0.251112 0.025001 2.550001
v -0.351112 0.025001 2.550002
v -0.351132 1.975000 -2.049999
v -0.351132 0.024999 -1.949999
v -0.351132 0.024999 -2.049999
v -0.251132 1.975000 -2.050000
v -0.351132 0.024999 -2.049999
v -0.251132 0.024999 -2.049999
v -0.251132 1.975000 -1.949999
v -0.251132 0.024999 -2.049999
v -0.251132 0.024999 -1.949999
v -0.351131 1.975000 -1.949999
v -0.251132 0.024999 -1.949999
v -0.351132 0.024999 -1.949999
v -0.351119 1.975000 0.950001
v -0.351119 0.025000 1.050002
v -0.351119 0.025000 0.950001
v -0.251119 1.975000 0.950001
v -0.351119 0.025000 0.950001
v -0.251119 0.025000 0.950001
v -0.251118 1.975000 1.050001
v -0.251119 0.025000 0.950001
v -0.251119 0.025000 1.050001
v -0.351118 1.975000 1.050001
v -0.251119 0.025000 1.050001
v -0.351119 0.025000 1.050002
v -0.351125 1.975000 -0.549999
v -0.351125 0.025000 -0.449998
v -0.351126 0.025000 -0.549999
v -0.251125 1.975000 -0.550000
v -0.351126 0.025000 -0.549999
v -0.251126 0.025000 -0.549999
v -0.251125 1.975000 -0.449999
v -0.251126 0.025000 -0.549999
v -0.251125 0.025000 -0.449999
v -0.351125 1.975000 -0.449999
v -0.251125 0.025000 -0.449999
v -0.351125 0.025000 -0.449998
v 1.293444 1.774999 -3.150006
v 1.418444 1.774999 -3.150007
v 1.293444 0.974999 -3.150006
v -0.351112 1.975001 2.550001
v -0.351112 0.025001 2.550002
v -0.351112 1.975001 2.450001
v -0.351112 1.975001 2.450001
v -0.351113 0.025001 2.450001
v -0.251112 1.975001 2.450001
v -0.251112 1.975001 2.450001
v -0.251113 0.025001 2.450001
v -0.251112 1.975001 2.550001
v -0.251112 1.975001 2.550001
v -0.251112 0.025001 2.550001
v -0.351112 1.975001 2.550001
v -0.351131 1.975000 -1.949999
v -0.351132 0.024999 -1.949999
v -0.351132 1.975000 -2.049999
v -0.351132 1.975000 -2.049999
v -0.351132 0.024999 -2.049999
v -0.251132 1.975000 -2.050000
v -0.251132 1.975000 -2.050000
v -0.251132 0.024999 -2.049999
v -0.251132 1.975000 -1.949999
v -0.251132 1.975000 -1.949999
v -0.251132 0.024999 -1.949999
v -0.351131 1.975000 -1.949999
v -0.351118 1.975000 1.050001
v -0.351119 0.025000 1.050002
v -0.351119 1.975000 0.950001
v -0.351119 1.975000 0.950001
v -0.351119 0.025000 0.950001
v -0.251119 1.975000 0.950001
v -0.251119 1.975000 0.950001
v -0.251119 0.025000 0.950001
v -0.251118 1.975000 1.050001
v -0.251118 1.975000 1.050001
v -0.251119 0.025000 1.050001
v -0.351118 1.975000 1.050001
v -0.351125 1.975000 -0.449999
v -0.351125 0.025000 -0.449998
v -0.351125 1.975000 -0.549999
v -0.351125 1.975000 -0.549999
v -0.351126 0.025000 -0.549999
v -0.251125 1.975000 -0.550000
v -0.251125 1.975000 -0.550000
v -0.251126 0.025000 -0.549999
v -0.251125 1.975000 -0.449999
v -0.251125 1.975000 -0.449999
v -0.251125 0.025000 -0.449999
v -0.351125 1.975000 -0.449999
v -1.480972 1.874999 -3.320369
v -1.480972 2.374999 -3.249994
v -1.480972 1.874999 -3.249994
v -1.480972 1.874999 -3.249994
v -1.480967 2.375000 -2.249994
v -1.480967 1.875000 -2.249994
v 1.480944 1.874999 -3.250007
v 1.480944 2.374999 -3.250007
v 1.480944 1.874999 -3.320382
v 1.480944 1.874999 -3.320382
v 1.480943 2.374999 -3.500008
v 1.480942 1.874999 -3.570382
v 1.293446 1.774999 -2.700006
v 1.418446 1.774999 -2.700007
v 1.293446 0.974999 -2.700006
v 1.418446 0.974999 -2.700007
v 1.554473 0.020747 4.304294
v -0.653714 0.020747 4.023176
v 1.554471 0.020747 3.956237
v -0.653712 0.020747 4.371234
v -1.552974 0.020747 4.304312
v -1.552976 0.020747 3.956254
v 1.293446 1.774999 -2.800006
v 1.418446 1.774999 -2.800007
v 1.293444 1.774999 -3.150006
v 1.418444 1.774999 -3.150007
v -1.555932 0.020745 -3.754461
v -1.555932 -0.238705 -3.754461
v 0.654329 0.020745 -3.821398
v 0.654329 -0.238705 -3.821398
v 1.554438 0.020744 -3.754475
v 1.554438 -0.238706 -3.754475
v 0.694982 -0.126861 2.439827
v 0.694990 -0.395866 4.454894
v 0.694982 -0.324045 2.449212
v 0.694990 -0.198683 4.445510
v 0.892388 -0.126861 2.439827
v 0.892397 -0.395866 4.454893
v 0.892397 -0.198683 4.445509
v 0.892388 -0.324045 2.449211
v 0.694990 -0.198683 4.445510
v 0.892397 -0.395866 4.454893
v 0.694990 -0.395866 4.454894
v 0.892397 -0.198683 4.445509
v 0.694982 -0.324045 2.449212
v 0.892397 -0.395866 4.454893
v 0.892388 -0.324045 2.449211
v 0.694990 -0.395866 4.454894
v 0.892388 -0.126861 2.439827
v 0.694990 -0.198683 4.445510
v 0.694982 -0.126861 2.439827
v 0.892397 -0.198683 4.445509
v -1.555932 0.020745 -3.754461
v -1.555930 -0.238705 -3.406404
v -1.555932 -0.238705 -3.754461
v -1.555930 0.020745 -3.406404
v 1.554439 0.020745 -3.406418
v 1.554438 -0.238706 -3.754475
v 1.554439 -0.238705 -3.406418
v 1.554438 0.020744 -3.754475
v 1.554471 0.020747 3.956237
v -0.653714 -0.238703 4.023176
v 1.554470 -0.238703 3.956237
v -0.653714 0.020747 4.023176
v -1.552977 -0.238703 3.956254
v -1.552976 0.020747 3.956254
v 0.654331 0.020745 -3.473341
v 1.554438 0.020744 -3.754475
v 1.554439 0.020745 -3.406418
v 0.654329 0.020745 -3.821398
v -1.555932 0.020745 -3.754461
v -1.555930 0.020745 -3.406404
v 0.654331 0.020745 -3.473341
v -1.555930 -0.238705 -3.406404
v -1.555930 0.020745 -3.406404
v 0.654331 -0.238705 -3.473341
v 1.554439 -0.238705 -3.406418
v 1.554439 0.020745 -3.406418
v 1.554473 0.020747 4.304294
v 1.554470 -0.238703 3.956237
v 1.554473 -0.238703 4.304294
v 1.554471 0.020747 3.956237
v -0.653712 0.020747 4.371234
v -1.552975 -0.238703 4.304312
v -1.552974 0.020747 4.304312
v -0.653712 -0.238703 4.371234
v 1.554473 -0.238703 4.304294
v 1.554473 0.020747 4.304294
v -1.552976 0.020747 3.956254
v -1.552975 -0.238703 4.304312
v -1.552977 -0.238703 3.956254
v -1.552974 0.020747 4.304312
v 1.418446 1.774999 -2.700007
v 1.418446 1.774999 -2.800007
v 1.418446 0.974999 -2.700007
v 1.418446 0.974999 -2.800006
v 1.554439 -0.238705 -3.406418
v 1.554438 -0.238706 -3.754475
v 0.654331 -0.238705 -3.473341
v 0.654329 -0.238705 -3.821398
v -1.555932 -0.238705 -3.754461
v -1.555930 -0.238705 -3.406404
v -1.552977 -0.238703 3.956254
v -1.552975 -0.238703 4.304312
v -0.653714 -0.238703 4.023176
v -0.653712 -0.238703 4.371234
v 1.554473 -0.238703 4.304294
v 1.554470 -0.238703 3.956237
v -0.923208 2.775001 2.353472
v -0.923206 2.275001 2.853472
v -0.923230 2.274999 -2.853465
v -0.923228 2.775000 -2.353465
v -0.923228 2.775000 -2.353465
v -0.923230 2.274999 -2.853465
v 0.923206 2.274999 -2.853473
v 0.923208 2.774999 -2.353473
v 0.923229 2.775001 2.353464
v -0.923208 2.775001 2.353472
v -0.923206 2.275001 2.853472
v 0.923231 2.275001 2.853464
v 0.923208 2.774999 -2.353473
v 0.923206 2.274999 -2.853473
v 0.923231 2.275001 2.853464
v 0.923229 2.775001 2.353464
v -1.480973 -0.062501 -3.445369
v -1.480973 -0.250001 -3.445369
v -1.480974 -0.094462 -3.695369
v -1.480974 0.062770 -3.695369
v 1.230942 0.062769 -3.695381
v 1.230942 -0.094462 -3.695381
v 1.480942 -0.094462 -3.695382
v 1.480942 0.062769 -3.695382
v 1.480975 -0.062499 3.999994
v 1.480975 -0.249999 3.999994
v 1.480976 -0.219702 4.249994
v 1.480976 -0.047350 4.249994
v -1.230939 -0.047350 4.250006
v -1.230939 -0.219701 4.250006
v -1.480939 -0.219701 4.250007
v -1.480939 -0.047350 4.250007
v 1.230943 -0.250001 -3.445381
v 1.480943 -0.250001 -3.445382
v 1.480942 -0.094462 -3.695382
v 1.230942 -0.094462 -3.695381
v -1.230953 0.625001 1.125005
v -1.230953 0.875001 1.125005
v -1.230954 0.875000 0.875005
v -1.230954 0.625000 0.875005
v -1.230953 0.125001 1.125005
v -1.230954 0.125000 0.875005
v 0.480942 0.062769 -3.695377
v 0.480942 -0.094462 -3.695377
v 1.230942 -0.094462 -3.695381
v 1.230942 0.062769 -3.695381
v 1.480976 -0.047350 4.249994
v 1.480976 -0.219702 4.249994
v 1.230976 -0.219702 4.249995
v 1.230976 -0.047350 4.249995
v 0.480943 -0.250001 -3.445377
v 1.230943 -0.250001 -3.445381
v 1.230942 -0.094462 -3.695381
v 0.480942 -0.094462 -3.695377
v 1.480968 0.625001 2.374994
v 1.480968 0.875001 2.374993
v 1.480963 0.875000 1.124993
v 1.480963 0.625000 1.124993
v 0.480976 -0.047350 4.249998
v 0.480976 -0.219701 4.249998
v -1.230939 -0.219701 4.250006
v -1.230939 -0.047350 4.250006
v -1.230959 0.625000 -0.374995
v -1.230959 0.875000 -0.374995
v -1.230960 0.875000 -0.624995
v -1.230960 0.625000 -0.624995
v -1.230959 0.125000 -0.374995
v -1.230960 0.125000 -0.624995
v -1.480974 0.062770 -3.695369
v -1.480974 -0.094462 -3.695369
v -1.230974 -0.094462 -3.695370
v -1.230974 0.062770 -3.695370
v -1.480973 -0.250001 -3.445369
v -1.230973 -0.250001 -3.445370
v -1.230974 -0.094462 -3.695370
v -1.480974 -0.094462 -3.695369
v -1.480972 -0.125001 -3.249994
v -1.480972 -0.375001 -3.249994
v -1.480973 -0.250001 -3.445369
v -1.480973 -0.062501 -3.445369
v 1.480942 0.062769 -3.695382
v 1.480942 -0.094462 -3.695382
v 1.480943 -0.250001 -3.445382
v 1.480943 -0.062501 -3.445382
v 1.230944 -0.375001 -3.250005
v 1.480944 -0.375001 -3.250007
v 1.480943 -0.250001 -3.445382
v 1.230943 -0.250001 -3.445381
v 0.480949 0.624999 -2.000002
v 0.480949 0.874999 -2.000002
v 1.230949 0.874999 -2.000006
v 1.230949 0.624999 -2.000006
v 0.480949 0.124999 -2.000002
v 1.230949 0.124999 -2.000005
v 0.480943 -0.375001 -3.250002
v 1.230944 -0.375001 -3.250005
v 1.230943 -0.250001 -3.445381
v 0.480943 -0.250001 -3.445377
v -1.480939 0.625002 4.250007
v -1.480939 0.875002 4.250006
v -1.230939 0.875001 4.250005
v -1.230939 0.625001 4.250005
v 0.480944 0.124999 -3.250002
v -1.230972 0.124999 -3.249995
v -1.230973 0.124999 -3.445370
v 0.480943 0.124999 -3.445377
v -1.480972 -0.375001 -3.249994
v -1.230972 -0.375001 -3.249995
v -1.230973 -0.250001 -3.445370
v -1.480973 -0.250001 -3.445369
v 1.480969 -0.124999 2.624994
v 1.480969 -0.374999 2.624994
v 1.480975 -0.249999 3.999994
v 1.480975 -0.062499 3.999994
v -1.480939 -0.047350 4.250007
v -1.480939 -0.219701 4.250007
v -1.480940 -0.249999 4.000007
v -1.480940 -0.062499 4.000007
v 1.230976 -0.219702 4.249995
v 1.480976 -0.219702 4.249994
v 1.480975 -0.249999 3.999994
v 1.230975 -0.249999 3.999995
v -1.480954 0.625000 0.875006
v -1.480954 0.875001 0.875006
v -1.480953 0.875001 1.125006
v -1.480953 0.625001 1.125006
v 0.480976 -0.219701 4.249998
v 1.230976 -0.219702 4.249995
v 1.230975 -0.249999 3.999995
v 0.480975 -0.249999 3.999998
v 1.480963 0.625000 1.124993
v 1.480963 0.875000 1.124993
v 1.480962 0.875000 0.874993
v 1.480962 0.625000 0.874993
v -1.480967 0.625000 -2.249994
v -1.480967 0.875000 -2.249994
v -1.480966 0.875000 -1.999994
v -1.480966 0.625000 -1.999994
v -1.480939 -0.219701 4.250007
v -1.230939 -0.219701 4.250006
v -1.230940 -0.249999 4.000006
v -1.480940 -0.249999 4.000007
v -1.480968 -0.125000 -2.249994
v -1.480968 -0.375000 -2.249994
v -1.480972 -0.375001 -3.249994
v -1.480972 -0.125001 -3.249994
v 1.230948 -0.375001 -2.250005
v 1.480948 -0.375001 -2.250006
v 1.480944 -0.375001 -3.250007
v 1.230944 -0.375001 -3.250005
v 1.480975 0.625001 3.999994
v 1.480975 0.875001 3.999994
v 1.480969 0.875001 2.624994
v 1.480969 0.625001 2.624994
v 0.480948 -0.375001 -2.250002
v 1.230948 -0.375001 -2.250005
v 1.230944 -0.375001 -3.250005
v 0.480943 -0.375001 -3.250002
v 1.230944 -0.125001 -3.250005
v 1.480944 -0.125001 -3.250007
v 1.480948 -0.125001 -2.250007
v 1.230948 -0.125001 -2.250005
v 0.480948 0.124999 -2.250002
v -1.230968 0.124999 -2.249995
v -1.230972 0.124999 -3.249995
v 0.480944 0.124999 -3.250002
v -1.480968 -0.375000 -2.249994
v -1.230968 -0.375001 -2.249995
v -1.230972 -0.375001 -3.249995
v -1.480972 -0.375001 -3.249994
v 1.480943 -0.062501 -3.445382
v 1.480943 -0.250001 -3.445382
v 1.480944 -0.375001 -3.250007
v 1.480944 -0.125001 -3.250007
v 1.480944 -0.125001 -3.250007
v 1.480944 -0.375001 -3.250007
v 1.480948 -0.375001 -2.250006
v 1.480948 -0.125001 -2.250007
v -1.480966 -0.125000 -1.999994
v -1.480967 -0.375000 -1.999994
v -1.480968 -0.375000 -2.249994
v -1.480968 -0.125000 -2.249994
v 1.230949 -0.375001 -2.000005
v 1.480949 -0.375001 -2.000006
v 1.480948 -0.375001 -2.250006
v 1.230948 -0.375001 -2.250005
v -1.480947 0.625001 2.375006
v -1.480947 0.875001 2.375006
v -1.480946 0.875001 2.625006
v -1.480946 0.625001 2.625006
v 0.480949 -0.375001 -2.000002
v 1.230949 -0.375001 -2.000005
v 1.230948 -0.375001 -2.250005
v 0.480948 -0.375001 -2.250002
v 1.480962 0.625000 0.874993
v 1.480962 0.875000 0.874993
v 1.480956 0.875000 -0.375007
v 1.480956 0.625000 -0.375007
v 0.480949 0.124999 -2.000002
v -1.230966 0.125000 -1.999995
v -1.230968 0.124999 -2.249995
v 0.480948 0.124999 -2.250002
v -1.480967 -0.375000 -1.999994
v -1.230967 -0.375000 -1.999995
v -1.230968 -0.375001 -2.249995
v -1.480968 -0.375000 -2.249994
v 1.480948 -0.125001 -2.250007
v 1.480948 -0.375001 -2.250006
v 1.480949 -0.375001 -2.000006
v 1.480949 -0.125001 -2.000007
v -1.480961 -0.125000 -0.624994
v -1.480961 -0.375000 -0.624994
v -1.480967 -0.375000 -1.999994
v -1.480966 -0.125000 -1.999994
v 1.230955 -0.375000 -0.625005
v 1.480955 -0.375000 -0.625006
v 1.480949 -0.375001 -2.000006
v 1.230949 -0.375001 -2.000005
v -1.230960 0.625000 -0.624995
v -1.230960 0.875000 -0.624995
v -1.230966 0.875000 -1.999995
v -1.230966 0.625000 -1.999995
v -1.230960 0.125000 -0.624995
v -1.230966 0.125000 -1.999995
v 0.480955 -0.375000 -0.625002
v 1.230955 -0.375000 -0.625005
v 1.230949 -0.375001 -2.000005
v 0.480949 -0.375001 -2.000002
v -1.480960 0.625000 -0.624994
v -1.480960 0.875000 -0.624994
v -1.480959 0.875000 -0.374994
v -1.480959 0.625000 -0.374994
v 0.480955 0.125000 -0.625002
v -1.230960 0.125000 -0.624995
v -1.230966 0.125000 -1.999995
v 0.480949 0.124999 -2.000002
v -1.480961 -0.375000 -0.624994
v -1.230961 -0.375000 -0.624995
v -1.230967 -0.375000 -1.999995
v -1.480967 -0.375000 -1.999994
v 1.480949 -0.125001 -2.000007
v 1.480949 -0.375001 -2.000006
v 1.480955 -0.375000 -0.625006
v 1.480955 -0.125000 -0.625006
v 1.480956 -0.125000 -0.375006
v 1.480956 -0.375000 -0.375006
v 1.480962 -0.375000 0.874994
v 1.480962 -0.125000 0.874994
v 1.480963 -0.125000 1.124994
v 1.480963 -0.375000 1.124994
v 1.480968 -0.375000 2.374994
v 1.480968 -0.124999 2.374994
v -1.480946 -0.124999 2.625007
v -1.480946 -0.374999 2.625007
v -1.480947 -0.374999 2.375007
v -1.480947 -0.124999 2.375007
v -1.480953 -0.124999 1.125007
v -1.480953 -0.374999 1.125007
v -1.480954 -0.375000 0.875007
v -1.480954 -0.125000 0.875007
v -1.480959 -0.125000 -0.374994
v -1.480959 -0.375000 -0.374993
v -1.480961 -0.375000 -0.624994
v -1.480961 -0.125000 -0.624994
v 1.230969 -0.374999 2.624995
v 1.480969 -0.374999 2.624994
v 1.480968 -0.375000 2.374994
v 1.230968 -0.374999 2.374995
v 1.230963 -0.375000 1.124995
v 1.480963 -0.375000 1.124994
v 1.480962 -0.375000 0.874994
v 1.230962 -0.375000 0.874995
v 1.230956 -0.375000 -0.375005
v 1.480956 -0.375000 -0.375006
v 1.480955 -0.375000 -0.625006
v 1.230955 -0.375000 -0.625005
v -1.480974 0.624999 -3.695369
v -1.480974 0.874999 -3.695369
v -1.480973 0.874999 -3.445369
v -1.480973 0.624999 -3.445369
v 1.480956 0.625000 -0.375007
v 1.480956 0.875000 -0.375007
v 1.480955 0.875000 -0.625007
v 1.480955 0.625000 -0.625007
v 1.230962 0.625000 0.874995
v 1.230962 0.875000 0.874995
v 1.230963 0.875000 1.124995
v 1.230963 0.625000 1.124995
v 1.230962 0.125000 0.874995
v 1.230963 0.125000 1.124995
v 0.480969 -0.374999 2.624998
v 1.230969 -0.374999 2.624995
v 1.230968 -0.374999 2.374995
v 0.480968 -0.374999 2.374998
v 0.480963 -0.375000 1.124998
v 1.230963 -0.375000 1.124995
v 1.230962 -0.375000 0.874995
v 0.480961 -0.375000 0.874998
v 0.480956 -0.375000 -0.375002
v 1.230956 -0.375000 -0.375005
v 1.230955 -0.375000 -0.625005
v 0.480955 -0.375000 -0.625002
v -1.480972 0.624999 -3.249994
v -1.480972 0.874999 -3.249994
v -1.480967 0.875000 -2.249994
v -1.480967 0.625000 -2.249994
v 1.480944 0.624999 -3.250007
v 1.480944 0.874999 -3.250007
v 1.480943 0.874999 -3.445382
v 1.480943 0.624999 -3.445382
v -1.480953 0.625001 1.125006
v -1.480953 0.875001 1.125006
v -1.480947 0.875001 2.375006
v -1.480947 0.625001 2.375006
v 0.480969 0.125001 2.624998
v -1.230946 0.125001 2.625005
v -1.230947 0.125001 2.375005
v 0.480968 0.125001 2.374998
v 0.480963 0.125000 1.124998
v -1.230953 0.125001 1.125005
v -1.230954 0.125000 0.875005
v 0.480962 0.125000 0.874998
v 0.480956 0.125000 -0.375002
v -1.230959 0.125000 -0.374995
v -1.230960 0.125000 -0.624995
v 0.480955 0.125000 -0.625002
v -1.480946 -0.374999 2.625007
v -1.230946 -0.374999 2.625006
v -1.230947 -0.374999 2.375006
v -1.480947 -0.374999 2.375007
v -1.480953 -0.374999 1.125007
v -1.230953 -0.375000 1.125005
v -1.230954 -0.375000 0.875005
v -1.480954 -0.375000 0.875007
v -1.480959 -0.375000 -0.374993
v -1.230959 -0.375000 -0.374995
v -1.230961 -0.375000 -0.624995
v -1.480961 -0.375000 -0.624994
v 1.480955 -0.125000 -0.625006
v 1.480955 -0.375000 -0.625006
v 1.480956 -0.375000 -0.375006
v 1.480956 -0.125000 -0.375006
v -1.480954 -0.125000 0.875007
v -1.480954 -0.375000 0.875007
v -1.480959 -0.375000 -0.374993
v -1.480959 -0.125000 -0.374994
v 1.230962 -0.375000 0.874995
v 1.480962 -0.375000 0.874994
v 1.480956 -0.375000 -0.375006
v 1.230956 -0.375000 -0.375005
v 1.480943 0.624999 -3.445382
v 1.480943 0.874999 -3.445382
v 1.480942 0.874999 -3.695382
v 1.480942 0.624999 -3.695382
v 0.480961 -0.375000 0.874998
v 1.230962 -0.375000 0.874995
v 1.230956 -0.375000 -0.375005
v 0.480956 -0.375000 -0.375002
v -1.480966 0.625000 -1.999994
v -1.480966 0.875000 -1.999994
v -1.480960 0.875000 -0.624994
v -1.480960 0.625000 -0.624994
v 0.480962 0.125000 0.874998
v -1.230954 0.125000 0.875005
v -1.230959 0.125000 -0.374995
v 0.480956 0.125000 -0.375002
v -1.480954 -0.375000 0.875007
v -1.230954 -0.375000 0.875005
v -1.230959 -0.375000 -0.374995
v -1.480959 -0.375000 -0.374993
v 1.480962 -0.125000 0.874994
v 1.480962 -0.375000 0.874994
v 1.480963 -0.375000 1.124994
v 1.480963 -0.125000 1.124994
v -1.480947 -0.124999 2.375007
v -1.480947 -0.374999 2.375007
v -1.480953 -0.374999 1.125007
v -1.480953 -0.124999 1.125007
v 1.230968 -0.374999 2.374995
v 1.480968 -0.375000 2.374994
v 1.480963 -0.375000 1.124994
v 1.230963 -0.375000 1.124995
v 1.480948 0.624999 -2.250007
v 1.480948 0.874999 -2.250007
v 1.230948 0.874999 -2.250006
v 1.230948 0.624999 -2.250006
v 1.480948 0.124999 -2.250007
v 1.230948 0.124999 -2.250005
v 0.480968 -0.374999 2.374998
v 1.230968 -0.374999 2.374995
v 1.230963 -0.375000 1.124995
v 0.480963 -0.375000 1.124998
v 1.480955 0.625000 -0.625007
v 1.480955 0.875000 -0.625007
v 1.480949 0.874999 -2.000007
v 1.480949 0.624999 -2.000007
v 0.480968 0.125001 2.374998
v -1.230947 0.125001 2.375005
v -1.230953 0.125001 1.125005
v 0.480963 0.125000 1.124998
v -1.480947 -0.374999 2.375007
v -1.230947 -0.374999 2.375006
v -1.230953 -0.375000 1.125005
v -1.480953 -0.374999 1.125007
v 1.480968 -0.124999 2.374994
v 1.480968 -0.375000 2.374994
v 1.480969 -0.374999 2.624994
v 1.480969 -0.124999 2.624994
v -1.480940 -0.062499 4.000007
v -1.480940 -0.249999 4.000007
v -1.480946 -0.374999 2.625007
v -1.480946 -0.124999 2.625007
v 1.230975 -0.249999 3.999995
v 1.480975 -0.249999 3.999994
v 1.480969 -0.374999 2.624994
v 1.230969 -0.374999 2.624995
v -1.230966 0.625000 -1.999995
v -1.230966 0.875000 -1.999995
v -1.230967 0.875000 -2.249995
v -1.230967 0.625000 -2.249995
v -1.230966 0.125000 -1.999995
v -1.230968 0.124999 -2.249995
v 0.480975 -0.249999 3.999998
v 1.230975 -0.249999 3.999995
v 1.230969 -0.374999 2.624995
v 0.480969 -0.374999 2.624998
v 0.480942 0.624999 -3.695378
v 0.480942 0.874999 -3.695378
v -1.230974 0.874999 -3.695370
v -1.230974 0.624999 -3.695370
v 0.480975 0.125001 3.999998
v -1.230940 0.125001 4.000006
v -1.230946 0.125001 2.625005
v 0.480969 0.125001 2.624998
v -1.480940 -0.249999 4.000007
v -1.230940 -0.249999 4.000006
v -1.230946 -0.374999 2.625006
v -1.480946 -0.374999 2.625007
v 1.230976 0.875001 4.249995
v 1.230977 1.875001 4.249994
v 1.480977 1.875001 4.249993
v 1.480976 0.875001 4.249994
v 1.230942 0.874999 -3.695381
v 1.230942 1.874999 -3.570381
v 1.230944 1.874999 -3.320381
v 1.230943 0.874999 -3.445381
v 0.480943 0.874999 -3.445378
v -1.230973 0.874999 -3.445370
v -1.230974 0.874999 -3.695370
v 0.480942 0.874999 -3.695378
v 1.480949 0.874999 -2.000007
v 1.480949 1.874999 -2.000007
v 1.480948 1.874999 -2.250007
v 1.480948 0.874999 -2.250007
v 1.480962 0.875000 0.874993
v 1.480962 1.875000 0.874993
v 1.230962 1.875000 0.874994
v 1.230962 0.875000 0.874995
v 1.480956 0.875000 -0.375007
v 1.480956 1.875000 -0.375007
v 1.480955 1.875000 -0.625007
v 1.480955 0.875000 -0.625007
v -1.230974 0.874999 -3.695370
v -1.230973 1.874999 -3.570370
v -1.480973 1.874999 -3.570369
v -1.480974 0.874999 -3.695369
v 1.230956 0.875000 -0.375006
v 1.230956 1.875000 -0.375006
v 1.480956 1.875000 -0.375007
v 1.480956 0.875000 -0.375007
v -1.230960 0.875000 -0.624995
v -1.480960 0.875000 -0.624994
v -1.480966 0.875000 -1.999994
v -1.230966 0.875000 -1.999995
v 1.480943 0.874999 -3.445382
v 1.480944 1.874999 -3.320382
v 1.480942 1.874999 -3.570382
v 1.480942 0.874999 -3.695382
v 1.480969 0.875001 2.624994
v 1.480969 1.875001 2.624993
v 1.480968 1.875001 2.374993
v 1.480968 0.875001 2.374993
v -1.480939 0.875002 4.250006
v -1.480939 1.875002 4.250006
v -1.230939 1.875002 4.250005
v -1.230939 0.875001 4.250005
v -1.230954 0.875000 0.875005
v -1.480954 0.875001 0.875006
v -1.480959 0.875000 -0.374994
v -1.230959 0.875000 -0.374995
v 1.480962 0.875000 0.874993
v 1.230962 0.875000 0.874995
v 1.230956 0.875000 -0.375006
v 1.480956 0.875000 -0.375007
v -1.230947 0.875001 2.375005
v -1.480947 0.875001 2.375006
v -1.480953 0.875001 1.125006
v -1.230953 0.875001 1.125005
v 1.480968 0.875001 2.374993
v 1.230968 0.875001 2.374995
v 1.230963 0.875000 1.124995
v 1.480963 0.875000 1.124993
v -1.230940 0.875001 4.000005
v -1.480940 0.875001 4.000006
v -1.480946 0.875001 2.625006
v -1.230946 0.875001 2.625005
v 1.480975 0.875001 3.999994
v 1.230975 0.875001 3.999995
v 1.230969 0.875001 2.624995
v 1.480969 0.875001 2.624994
v 1.230956 0.625000 -0.375006
v 1.230956 0.875000 -0.375006
v 1.230962 0.875000 0.874995
v 1.230962 0.625000 0.874995
v 1.230956 0.125000 -0.375005
v 1.230962 0.125000 0.874995
v -1.230972 0.624999 -3.249995
v -1.230972 0.874999 -3.249995
v -1.230973 0.874999 -3.445370
v -1.230973 0.624999 -3.445370
v -1.230972 0.124999 -3.249995
v -1.230973 0.124999 -3.445370
v 1.230969 0.625001 2.624995
v 1.230969 0.875001 2.624995
v 1.230975 0.875001 3.999995
v 1.230975 0.625001 3.999995
v 1.230969 0.125001 2.624995
v 1.230975 0.125001 3.999995
v 1.480969 0.625001 2.624994
v 1.480969 0.875001 2.624994
v 1.480968 0.875001 2.374993
v 1.480968 0.625001 2.374994
v 1.480942 0.624999 -3.695382
v 1.480942 0.874999 -3.695382
v 1.230942 0.874999 -3.695381
v 1.230942 0.624999 -3.695381
v 1.480949 0.624999 -2.000007
v 1.480949 0.874999 -2.000007
v 1.480948 0.874999 -2.250007
v 1.480948 0.624999 -2.250007
v -1.230974 0.624999 -3.695370
v -1.230974 0.874999 -3.695370
v -1.480974 0.874999 -3.695369
v -1.480974 0.624999 -3.695369
v -1.230954 0.625000 0.875005
v -1.230954 0.875000 0.875005
v -1.230959 0.875000 -0.374995
v -1.230959 0.625000 -0.374995
v -1.230954 0.125000 0.875005
v -1.230959 0.125000 -0.374995
v -1.230940 0.625001 4.000005
v -1.230940 0.875001 4.000005
v -1.230946 0.875001 2.625005
v -1.230946 0.625001 2.625005
v -1.230940 0.125001 4.000006
v -1.230946 0.125001 2.625005
v 1.230963 0.625000 1.124995
v 1.230963 0.875000 1.124995
v 1.230968 0.875001 2.374995
v 1.230968 0.625001 2.374995
v 1.230963 0.125000 1.124995
v 1.230968 0.125001 2.374995
v -1.480973 0.624999 -3.445369
v -1.480973 0.874999 -3.445369
v -1.480972 0.874999 -3.249994
v -1.480972 0.624999 -3.249994
v -1.230947 0.625001 2.375005
v -1.230947 0.875001 2.375005
v -1.230953 0.875001 1.125005
v -1.230953 0.625001 1.125005
v -1.230947 0.125001 2.375005
v -1.230953 0.125001 1.125005
v -1.480940 0.625001 4.000007
v -1.480940 0.875001 4.000006
v -1.480939 0.875002 4.250006
v -1.480939 0.625002 4.250007
v -1.230967 0.625000 -2.249995
v -1.230967 0.875000 -2.249995
v -1.230972 0.874999 -3.249995
v -1.230972 0.624999 -3.249995
v -1.230968 0.124999 -2.249995
v -1.230972 0.124999 -3.249995
v 1.230968 0.625001 2.374995
v 1.230968 0.875001 2.374995
v 1.230969 0.875001 2.624995
v 1.230969 0.625001 2.624995
v 1.230968 0.125001 2.374995
v 1.230969 0.125001 2.624995
v 0.480944 0.624999 -3.250002
v 0.480944 0.874999 -3.250002
v 1.230944 0.874999 -3.250006
v 1.230944 0.624999 -3.250006
v 0.480944 0.124999 -3.250002
v 1.230944 0.124999 -3.250006
v 0.480976 0.625001 4.249998
v 0.480976 0.875001 4.249998
v 1.230976 0.875001 4.249995
v 1.230976 0.625001 4.249995
v 0.480975 0.625001 3.999998
v 0.480975 0.875001 3.999998
v -1.230940 0.875001 4.000005
v -1.230940 0.625001 4.000005
v 0.480975 0.125001 3.999998
v -1.230940 0.125001 4.000006
v -1.480959 0.625000 -0.374994
v -1.480959 0.875000 -0.374994
v -1.480954 0.875001 0.875006
v -1.480954 0.625000 0.875006
v 1.230976 0.625001 4.249995
v 1.230976 0.875001 4.249995
v 1.480976 0.875001 4.249994
v 1.480976 0.625001 4.249994
v -1.480946 0.625001 2.625006
v -1.480946 0.875001 2.625006
v -1.480940 0.875001 4.000006
v -1.480940 0.625001 4.000007
v 1.230955 0.625000 -0.625006
v 1.230955 0.875000 -0.625006
v 1.230956 0.875000 -0.375006
v 1.230956 0.625000 -0.375006
v 1.230955 0.125000 -0.625005
v 1.230956 0.125000 -0.375005
v -1.230946 0.625001 2.625005
v -1.230946 0.875001 2.625005
v -1.230947 0.875001 2.375005
v -1.230947 0.625001 2.375005
v -1.230946 0.125001 2.625005
v -1.230947 0.125001 2.375005
v 1.480976 0.625001 4.249994
v 1.480976 0.875001 4.249994
v 1.480975 0.875001 3.999994
v 1.480975 0.625001 3.999994
v 1.480956 1.875000 -0.375007
v 1.480956 2.375000 -0.375007
v 1.480955 2.375000 -0.625007
v 1.480955 1.875000 -0.625007
v -1.480954 1.875001 0.875006
v -1.480954 2.375001 0.875006
v -1.480953 2.375001 1.125006
v -1.480953 1.875001 1.125006
v -1.230973 1.874999 -3.570370
v -1.230973 2.374999 -3.499996
v -1.480973 2.374999 -3.499995
v -1.480973 1.874999 -3.570369
v 1.480963 2.375000 1.124993
v 1.480963 1.875000 1.124993
v 1.480968 1.875001 2.374993
v 1.480968 2.375001 2.374993
v 1.230962 1.875000 0.874994
v 1.480962 1.875000 0.874993
v 1.480956 1.875000 -0.375007
v 1.230956 1.875000 -0.375006
v -1.480947 1.875001 2.375006
v -1.480947 2.375001 2.375006
v -1.480946 2.375001 2.625006
v -1.480946 1.875001 2.625006
v -1.480960 1.875000 -0.624994
v -1.480960 2.375000 -0.624994
v -1.480959 2.375000 -0.374994
v -1.480959 1.875000 -0.374994
v -1.480939 1.875002 4.250006
v -1.480939 2.375002 4.250006
v -1.230939 2.375002 4.250005
v -1.230939 1.875002 4.250005
v 1.230962 2.375000 0.874994
v 1.230956 2.375000 -0.375006
v 1.480956 2.375000 -0.375007
v 1.480962 2.375000 0.874993
v 1.480963 0.875000 1.124993
v 1.480963 1.875000 1.124993
v 1.480962 1.875000 0.874993
v 1.480962 0.875000 0.874993
v -1.230973 0.874999 -3.445370
v -1.230972 1.874999 -3.320370
v -1.230973 1.874999 -3.570370
v -1.230974 0.874999 -3.695370
v -1.480960 0.875000 -0.624994
v -1.480960 1.875000 -0.624994
v -1.480959 1.875000 -0.374994
v -1.480959 0.875000 -0.374994
v -1.230966 0.875000 -1.999995
v -1.230966 1.875000 -1.999995
v -1.230967 1.875000 -2.249995
v -1.230967 0.875000 -2.249995
v -1.480947 0.875001 2.375006
v -1.480947 1.875001 2.375006
v -1.480946 1.875001 2.625006
v -1.480946 0.875001 2.625006
v -1.480954 0.875001 0.875006
v -1.480954 1.875001 0.875006
v -1.480953 1.875001 1.125006
v -1.480953 0.875001 1.125006
v 0.480976 0.875001 4.249998
v 0.480976 1.875001 4.249998
v 1.230977 1.875001 4.249994
v 1.230976 0.875001 4.249995
v 1.480975 0.875001 3.999994
v 1.480975 1.875001 3.999993
v 1.230975 1.875001 3.999994
v 1.230975 0.875001 3.999995
v -1.480967 0.875000 -2.249994
v -1.480967 1.875000 -2.249994
v -1.480966 1.875000 -1.999994
v -1.480966 0.875000 -1.999994
v -1.480974 0.874999 -3.695369
v -1.480973 1.874999 -3.570369
v -1.480972 1.874999 -3.320369
v -1.480973 0.874999 -3.445369
v 1.480942 0.874999 -3.695382
v 1.480942 1.874999 -3.570382
v 1.230942 1.874999 -3.570381
v 1.230942 0.874999 -3.695381
v -1.480966 0.875000 -1.999994
v -1.480966 1.875000 -1.999994
v -1.230966 1.875000 -1.999995
v -1.230966 0.875000 -1.999995
v -1.480953 0.875001 1.125006
v -1.480953 1.875001 1.125006
v -1.230953 1.875001 1.125005
v -1.230953 0.875001 1.125005
v 1.480976 0.875001 4.249994
v 1.480977 1.875001 4.249993
v 1.480975 1.875001 3.999993
v 1.480975 0.875001 3.999994
v 1.480944 0.874999 -3.250007
v 1.480944 1.874999 -3.250007
v 1.480944 1.874999 -3.320382
v 1.480943 0.874999 -3.445382
v -1.480940 0.875001 4.000006
v -1.480940 1.875002 4.000006
v -1.480939 1.875002 4.250006
v -1.480939 0.875002 4.250006
v -1.480959 0.875000 -0.374994
v -1.480959 1.875000 -0.374994
v -1.230959 1.875000 -0.374995
v -1.230959 0.875000 -0.374995
v 1.480944 2.374999 -3.250007
v 1.230944 2.374999 -3.250006
v 1.230943 2.374999 -3.500007
v 1.480943 2.374999 -3.500008
v -1.230939 2.375002 4.250005
v -1.480939 2.375002 4.250006
v -1.480940 2.375002 4.000006
v -1.230940 2.375001 4.000005
v 1.480977 2.375001 4.249993
v 1.230977 2.375001 4.249994
v 1.230975 2.375001 3.999994
v 1.480976 2.375001 3.999993
v 0.480976 2.375001 4.249998
v -1.230939 2.375002 4.250005
v -1.230940 2.375001 4.000005
v 0.480975 2.375001 3.999998
v 1.480956 2.375000 -0.375007
v 1.230956 2.375000 -0.375006
v 1.230955 2.375000 -0.625006
v 1.480955 2.375000 -0.625007
v 1.230977 1.875001 4.249994
v 1.230977 2.375001 4.249994
v 1.480977 2.375001 4.249993
v 1.480977 1.875001 4.249993
v 1.480956 2.375000 -0.375007
v 1.480956 1.875000 -0.375007
v 1.480962 1.875000 0.874993
v 1.480962 2.375000 0.874993
v 1.480963 1.875000 1.124993
v 1.480963 2.375000 1.124993
v 1.480962 2.375000 0.874993
v 1.480962 1.875000 0.874993
v 0.480942 1.874999 -3.570378
v -1.230973 1.874999 -3.570370
v -1.230972 1.874999 -3.320370
v 0.480943 1.874999 -3.320378
v 1.480949 1.874999 -2.000007
v 1.480949 2.374999 -2.000007
v 1.480948 2.374999 -2.250007
v 1.480948 1.874999 -2.250007
v 0.480943 2.374999 -3.500003
v 0.480944 2.374999 -3.250003
v -1.230972 2.374999 -3.249995
v -1.230973 2.374999 -3.499996
v 0.480976 1.875001 4.249998
v 0.480976 2.375001 4.249998
v 1.230977 2.375001 4.249994
v 1.230977 1.875001 4.249994
v 1.480969 1.875001 2.624993
v 1.480970 2.375001 2.624993
v 1.480968 2.375001 2.374993
v 1.480968 1.875001 2.374993
v 1.480942 1.874999 -3.570382
v 1.480943 2.374999 -3.500008
v 1.230943 2.374999 -3.500007
v 1.230942 1.874999 -3.570381
v -1.480967 1.875000 -2.249994
v -1.480967 2.375000 -2.249994
v -1.480966 2.375000 -1.999994
v -1.480966 1.875000 -1.999994
v -1.480940 1.875002 4.000006
v -1.480940 2.375002 4.000006
v -1.480939 2.375002 4.250006
v -1.480939 1.875002 4.250006
v 1.480955 2.375000 -0.625007
v 1.480949 2.374999 -2.000007
v 1.480949 1.874999 -2.000007
v 1.480955 1.875000 -0.625007
v 1.480977 1.875001 4.249993
v 1.480977 2.375001 4.249993
v 1.480976 2.375001 3.999993
v 1.480975 1.875001 3.999993
v 0.480942 1.874999 -3.570378
v 0.480943 2.374999 -3.500003
v -1.230973 2.374999 -3.499996
v -1.230973 1.874999 -3.570370
v 1.480976 2.375001 3.999993
v 1.480970 2.375001 2.624993
v 1.480969 1.875001 2.624993
v 1.480975 1.875001 3.999993
v -1.480946 2.375001 2.625006
v -1.480940 2.375002 4.000006
v -1.480940 1.875002 4.000006
v -1.480946 1.875001 2.625006
v -1.480940 2.375002 4.000006
v -1.480946 2.375001 2.625006
v -1.230946 2.375001 2.625005
v -1.230940 2.375001 4.000005
v -1.480947 2.375001 2.375006
v -1.480947 1.875001 2.375006
v -1.480953 1.875001 1.125006
v -1.480953 2.375001 1.125006
v -1.480959 1.875000 -0.374994
v -1.480959 2.375000 -0.374994
v -1.480954 2.375001 0.875006
v -1.480954 1.875001 0.875006
v -1.480960 2.375000 -0.624994
v -1.480960 1.875000 -0.624994
v -1.480966 1.875000 -1.999994
v -1.480966 2.375000 -1.999994
v 0.480968 1.875001 2.374998
v 0.480969 1.875001 2.624998
v 1.230969 1.875001 2.624994
v 1.230968 1.875001 2.374994
v 1.230968 0.875001 2.374995
v 1.230968 1.875001 2.374994
v 1.230969 1.875001 2.624994
v 1.230969 0.875001 2.624995
v -1.230953 0.875001 1.125005
v -1.230953 1.875001 1.125005
v -1.230954 1.875001 0.875005
v -1.230954 0.875000 0.875005
v 1.480948 0.874999 -2.250007
v 1.480948 1.874999 -2.250007
v 1.230948 1.874999 -2.250006
v 1.230948 0.874999 -2.250006
v 1.480968 0.875001 2.374993
v 1.480968 1.875001 2.374993
v 1.230968 1.875001 2.374994
v 1.230968 0.875001 2.374995
v 1.230944 1.874999 -3.250006
v 1.230948 1.874999 -2.250006
v 1.480948 1.874999 -2.250007
v 1.480944 1.874999 -3.250007
v 1.480955 0.875000 -0.625007
v 1.480955 1.875000 -0.625007
v 1.230955 1.875000 -0.625006
v 1.230955 0.875000 -0.625006
v -1.230946 0.875001 2.625005
v -1.230946 1.875001 2.625005
v -1.230947 1.875001 2.375005
v -1.230947 0.875001 2.375005
v -1.230940 0.875001 4.000005
v -1.230940 1.875001 4.000005
v -1.480940 1.875002 4.000006
v -1.480940 0.875001 4.000006
v 1.230955 0.875000 -0.625006
v 1.230955 1.875000 -0.625006
v 1.230956 1.875000 -0.375006
v 1.230956 0.875000 -0.375006
v -1.480946 0.875001 2.625006
v -1.480946 1.875001 2.625006
v -1.230946 1.875001 2.625005
v -1.230946 0.875001 2.625005
v -1.230947 0.875001 2.375005
v -1.230947 1.875001 2.375005
v -1.480947 1.875001 2.375006
v -1.480947 0.875001 2.375006
v 1.230962 0.875000 0.874995
v 1.230962 1.875000 0.874994
v 1.230963 1.875000 1.124994
v 1.230963 0.875000 1.124995
v 0.480975 0.875001 3.999998
v 0.480975 1.875001 3.999998
v -1.230940 1.875001 4.000005
v -1.230940 0.875001 4.000005
v 1.230969 0.875001 2.624995
v 1.230969 1.875001 2.624994
v 1.480969 1.875001 2.624993
v 1.480969 0.875001 2.624994
v -1.230954 0.875000 0.875005
v -1.230954 1.875001 0.875005
v -1.480954 1.875001 0.875006
v -1.480954 0.875001 0.875006
v -1.230960 0.875000 -0.624995
v -1.230960 1.875000 -0.624995
v -1.480960 1.875000 -0.624994
v -1.480960 0.875000 -0.624994
v 1.230963 0.875000 1.124995
v 1.230963 1.875000 1.124994
v 1.480963 1.875000 1.124993
v 1.480963 0.875000 1.124993
v -1.230959 0.875000 -0.374995
v -1.230959 1.875000 -0.374995
v -1.230960 1.875000 -0.624995
v -1.230960 0.875000 -0.624995
v -1.230966 2.375000 -1.999995
v -1.480966 2.375000 -1.999994
v -1.480967 2.375000 -2.249994
v -1.230967 2.375000 -2.249995
v 1.480949 2.374999 -2.000007
v 1.230949 2.374999 -2.000006
v 1.230948 2.374999 -2.250006
v 1.480948 2.374999 -2.250007
v -1.230946 2.375001 2.625005
v -1.480946 2.375001 2.625006
v -1.480947 2.375001 2.375006
v -1.230947 2.375001 2.375005
v -1.230953 2.375001 1.125005
v -1.480953 2.375001 1.125006
v -1.480954 2.375001 0.875006
v -1.230954 2.375001 0.875005
v -1.230959 2.375000 -0.374995
v -1.480959 2.375000 -0.374994
v -1.480960 2.375000 -0.624994
v -1.230960 2.375000 -0.624995
v 1.480970 2.375001 2.624993
v 1.230970 2.375001 2.624994
v 1.230968 2.375001 2.374994
v 1.480968 2.375001 2.374993
v 1.480963 2.375000 1.124993
v 1.230963 2.375000 1.124994
v 1.230962 2.375000 0.874994
v 1.480962 2.375000 0.874993
v 1.230968 1.875001 2.374994
v 1.480968 1.875001 2.374993
v 1.480963 1.875000 1.124993
v 1.230963 1.875000 1.124994
v 1.230949 1.874999 -2.000006
v 1.230955 1.875000 -0.625006
v 1.480955 1.875000 -0.625007
v 1.480949 1.874999 -2.000007
v 1.230949 2.374999 -2.000006
v 1.480949 2.374999 -2.000007
v 1.480955 2.375000 -0.625007
v 1.230955 2.375000 -0.625006
v 1.230968 2.375001 2.374994
v 1.230963 2.375000 1.124994
v 1.480963 2.375000 1.124993
v 1.480968 2.375001 2.374993
v 1.230975 2.375001 3.999994
v 1.230970 2.375001 2.624994
v 1.480970 2.375001 2.624993
v 1.480976 2.375001 3.999993
v 1.230975 1.875001 3.999994
v 1.480975 1.875001 3.999993
v 1.480969 1.875001 2.624993
v 1.230969 1.875001 2.624994
v -1.480940 1.875002 4.000006
v -1.230940 1.875001 4.000005
v -1.230946 1.875001 2.625005
v -1.480946 1.875001 2.625006
v -1.480947 2.375001 2.375006
v -1.480953 2.375001 1.125006
v -1.230953 2.375001 1.125005
v -1.230947 2.375001 2.375005
v -1.480947 1.875001 2.375006
v -1.230947 1.875001 2.375005
v -1.230953 1.875001 1.125005
v -1.480953 1.875001 1.125006
v -1.480954 2.375001 0.875006
v -1.480959 2.375000 -0.374994
v -1.230959 2.375000 -0.374995
v -1.230954 2.375001 0.875005
v -1.480954 1.875001 0.875006
v -1.230954 1.875001 0.875005
v -1.230959 1.875000 -0.374995
v -1.480959 1.875000 -0.374994
v -1.480966 2.375000 -1.999994
v -1.230966 2.375000 -1.999995
v -1.230960 2.375000 -0.624995
v -1.480960 2.375000 -0.624994
v -1.480966 1.875000 -1.999994
v -1.480960 1.875000 -0.624994
v -1.230960 1.875000 -0.624995
v -1.230966 1.875000 -1.999995
v 0.480943 1.874999 -3.320378
v 0.480944 1.874999 -3.250003
v 1.230944 1.874999 -3.250006
v 1.230944 1.874999 -3.320381
v 0.480944 1.874999 -3.250003
v 0.480948 1.874999 -2.250003
v 1.230948 1.874999 -2.250006
v 1.230944 1.874999 -3.250006
v 0.480948 2.374999 -2.250003
v 0.480949 2.374999 -2.000003
v -1.230966 2.375000 -1.999995
v -1.230967 2.375000 -2.249995
v 0.480948 1.874999 -2.250003
v 0.480949 1.874999 -2.000003
v 1.230949 1.874999 -2.000006
v 1.230948 1.874999 -2.250006
v 0.480949 2.374999 -2.000003
v 0.480955 2.375000 -0.625003
v -1.230960 2.375000 -0.624995
v -1.230966 2.375000 -1.999995
v 0.480949 1.874999 -2.000003
v 0.480955 1.875000 -0.625003
v 1.230955 1.875000 -0.625006
v 1.230949 1.874999 -2.000006
v 0.480955 2.375000 -0.625003
v 0.480956 2.375000 -0.375003
v -1.230959 2.375000 -0.374995
v -1.230960 2.375000 -0.624995
v 0.480955 1.875000 -0.625003
v 0.480956 1.875000 -0.375002
v 1.230956 1.875000 -0.375006
v 1.230955 1.875000 -0.625006
v 0.480956 2.375000 -0.375003
v 0.480962 2.375000 0.874997
v -1.230954 2.375001 0.875005
v -1.230959 2.375000 -0.374995
v 0.480956 1.875000 -0.375002
v 0.480962 1.875000 0.874998
v 1.230962 1.875000 0.874994
v 1.230956 1.875000 -0.375006
v 0.480962 2.375000 0.874997
v 0.480963 2.375000 1.124997
v -1.230953 2.375001 1.125005
v -1.230954 2.375001 0.875005
v 0.480962 1.875000 0.874998
v 0.480963 1.875000 1.124998
v 1.230963 1.875000 1.124994
v 1.230962 1.875000 0.874994
v 0.480963 2.375000 1.124997
v 0.480968 2.375001 2.374998
v -1.230947 2.375001 2.375005
v -1.230953 2.375001 1.125005
v 0.480963 1.875000 1.124998
v 0.480968 1.875001 2.374998
v 1.230968 1.875001 2.374994
v 1.230963 1.875000 1.124994
v 0.480968 2.375001 2.374998
v 0.480969 2.375001 2.624998
v -1.230946 2.375001 2.625005
v -1.230947 2.375001 2.375005
v 0.480969 2.375001 2.624998
v 0.480975 2.375001 3.999998
v -1.230940 2.375001 4.000005
v -1.230946 2.375001 2.625005
v 0.480969 1.875001 2.624998
v 0.480975 1.875001 3.999998
v 1.230975 1.875001 3.999994
v 1.230969 1.875001 2.624994
v -1.480973 0.124999 -3.445369
v -1.480973 -0.062501 -3.445369
v -1.480974 0.062770 -3.695369
v -1.480974 0.124999 -3.695369
v 1.230942 0.124999 -3.695381
v 1.230942 0.062769 -3.695381
v 1.480942 0.062769 -3.695382
v 1.480942 0.124999 -3.695382
v 1.480975 0.125001 3.999994
v 1.480975 -0.062499 3.999994
v 1.480976 -0.047350 4.249994
v 1.480976 0.125001 4.249994
v -1.230939 0.125001 4.250006
v -1.230939 -0.047350 4.250006
v -1.480939 -0.047350 4.250007
v -1.480939 0.125001 4.250007
v 0.480942 0.124999 -3.695378
v 0.480942 0.062769 -3.695377
v 1.230942 0.062769 -3.695381
v 1.230942 0.124999 -3.695381
v 1.480976 0.125001 4.249994
v 1.480976 -0.047350 4.249994
v 1.230976 -0.047350 4.249995
v 1.230976 0.125001 4.249995
v 0.480976 0.125001 4.249998
v 0.480976 -0.047350 4.249998
v -1.230939 -0.047350 4.250006
v -1.230939 0.125001 4.250006
v -1.480974 0.124999 -3.695369
v -1.480974 0.062770 -3.695369
v -1.230974 0.062770 -3.695370
v -1.230974 0.124999 -3.695370
v -1.480972 0.124999 -3.249994
v -1.480972 -0.125001 -3.249994
v -1.480973 -0.062501 -3.445369
v -1.480973 0.124999 -3.445369
v 1.480942 0.124999 -3.695382
v 1.480942 0.062769 -3.695382
v 1.480943 -0.062501 -3.445382
v 1.480943 0.124999 -3.445382
v 1.480969 0.125001 2.624994
v 1.480969 -0.124999 2.624994
v 1.480975 -0.062499 3.999994
v 1.480975 0.125001 3.999994
v -1.480939 0.125001 4.250007
v -1.480939 -0.047350 4.250007
v -1.480940 -0.062499 4.000007
v -1.480940 0.125001 4.000007
v -1.480968 0.125000 -2.249994
v -1.480968 -0.125000 -2.249994
v -1.480972 -0.125001 -3.249994
v -1.480972 0.124999 -3.249994
v 1.480943 0.124999 -3.445382
v 1.480943 -0.062501 -3.445382
v 1.480944 -0.125001 -3.250007
v 1.480944 0.124999 -3.250007
v 1.230944 0.124999 -3.250006
v 1.230944 -0.125001 -3.250005
v 1.230948 -0.125001 -2.250005
v 1.230948 0.124999 -2.250005
v -1.480966 0.125000 -1.999994
v -1.480966 -0.125000 -1.999994
v -1.480968 -0.125000 -2.249994
v -1.480968 0.125000 -2.249994
v 1.480948 0.124999 -2.250007
v 1.480948 -0.125001 -2.250007
v 1.480949 -0.125001 -2.000007
v 1.480949 0.124999 -2.000007
v -1.480960 0.125000 -0.624994
v -1.480961 -0.125000 -0.624994
v -1.480966 -0.125000 -1.999994
v -1.480966 0.125000 -1.999994
v 1.480949 0.124999 -2.000007
v 1.480949 -0.125001 -2.000007
v 1.480955 -0.125000 -0.625006
v 1.480955 0.125000 -0.625007
v 1.480956 0.125000 -0.375006
v 1.480956 -0.125000 -0.375006
v 1.480962 -0.125000 0.874994
v 1.480962 0.125000 0.874994
v 1.480963 0.125000 1.124994
v 1.480963 -0.125000 1.124994
v 1.480968 -0.124999 2.374994
v 1.480968 0.125001 2.374994
v -1.480946 0.125001 2.625007
v -1.480946 -0.124999 2.625007
v -1.480947 -0.124999 2.375007
v -1.480947 0.125001 2.375007
v -1.480953 0.125001 1.125006
v -1.480953 -0.124999 1.125007
v -1.480954 -0.125000 0.875007
v -1.480954 0.125000 0.875006
v -1.480959 0.125000 -0.374994
v -1.480959 -0.125000 -0.374994
v -1.480961 -0.125000 -0.624994
v -1.480960 0.125000 -0.624994
v 1.480955 0.125000 -0.625007
v 1.480955 -0.125000 -0.625006
v 1.480956 -0.125000 -0.375006
v 1.480956 0.125000 -0.375006
v -1.480954 0.125000 0.875006
v -1.480954 -0.125000 0.875007
v -1.480959 -0.125000 -0.374994
v -1.480959 0.125000 -0.374994
v 1.480962 0.125000 0.874994
v 1.480962 -0.125000 0.874994
v 1.480963 -0.125000 1.124994
v 1.480963 0.125000 1.124994
v -1.480947 0.125001 2.375007
v -1.480947 -0.124999 2.375007
v -1.480953 -0.124999 1.125007
v -1.480953 0.125001 1.125006
v 1.480968 0.125001 2.374994
v 1.480968 -0.124999 2.374994
v 1.480969 -0.124999 2.624994
v 1.480969 0.125001 2.624994
v -1.480940 0.125001 4.000007
v -1.480940 -0.062499 4.000007
v -1.480946 -0.124999 2.625007
v -1.480946 0.125001 2.625007
v 1.480948 0.124999 -2.250007
v 1.230948 0.124999 -2.250005
v 1.230948 -0.125001 -2.250005
v 1.480948 -0.125001 -2.250007
v 1.480944 0.124999 -3.250007
v 1.480944 -0.125001 -3.250007
v 1.230944 -0.125001 -3.250005
v 1.230944 0.124999 -3.250006
v -1.230973 0.874999 -3.445370
v -1.480973 0.874999 -3.445369
v -1.480972 1.874999 -3.320369
v -1.230972 1.874999 -3.320370
v -1.230973 0.874999 -3.445370
v -1.230972 0.874999 -3.249995
v -1.480972 0.874999 -3.249994
v -1.480973 0.874999 -3.445369
v -1.230972 0.874999 -3.249995
v -1.230967 0.875000 -2.249995
v -1.480967 0.875000 -2.249994
v -1.480972 0.874999 -3.249994
v -1.230967 0.875000 -2.249995
v -1.230967 1.875000 -2.249995
v -1.480967 1.875000 -2.249994
v -1.480967 0.875000 -2.249994
v -1.230972 1.874999 -3.249995
v -1.480972 1.874999 -3.249994
v -1.480967 1.875000 -2.249994
v -1.230967 1.875000 -2.249995
v -1.230972 1.874999 -3.320370
v -1.480972 1.874999 -3.320369
v -1.480972 1.874999 -3.249994
v -1.230972 1.874999 -3.249995
v -1.230974 0.062770 -3.695370
v -1.230974 -0.094462 -3.695370
v 0.480942 -0.094462 -3.695377
v 0.480942 0.062769 -3.695377
v -1.230973 -0.250001 -3.445370
v 0.480943 -0.250001 -3.445377
v 0.480942 -0.094462 -3.695377
v -1.230974 -0.094462 -3.695370
v 1.230976 -0.047350 4.249995
v 1.230976 -0.219702 4.249995
v 0.480976 -0.219701 4.249998
v 0.480976 -0.047350 4.249998
v -1.230972 -0.375001 -3.249995
v 0.480943 -0.375001 -3.250002
v 0.480943 -0.250001 -3.445377
v -1.230973 -0.250001 -3.445370
v 0.480948 0.624999 -2.250002
v 0.480948 0.874999 -2.250002
v 0.480949 0.874999 -2.000002
v 0.480949 0.624999 -2.000002
v 0.480948 0.124999 -2.250002
v 0.480949 0.124999 -2.000002
v -1.230939 -0.219701 4.250006
v 0.480976 -0.219701 4.249998
v 0.480975 -0.249999 3.999998
v -1.230940 -0.249999 4.000006
v -1.230968 -0.375001 -2.249995
v 0.480948 -0.375001 -2.250002
v 0.480943 -0.375001 -3.250002
v -1.230972 -0.375001 -3.249995
v 1.230948 0.124999 -2.250005
v 0.480948 0.124999 -2.250002
v 0.480944 0.124999 -3.250002
v 1.230944 0.124999 -3.250006
v -1.230967 -0.375000 -1.999995
v 0.480949 -0.375001 -2.000002
v 0.480948 -0.375001 -2.250002
v -1.230968 -0.375001 -2.249995
v -1.230961 -0.375000 -0.624995
v 0.480955 -0.375000 -0.625002
v 0.480949 -0.375001 -2.000002
v -1.230967 -0.375000 -1.999995
v 1.230955 0.125000 -0.625005
v 0.480955 0.125000 -0.625002
v 0.480949 0.124999 -2.000002
v 1.230949 0.124999 -2.000005
v -1.230946 -0.374999 2.625006
v 0.480969 -0.374999 2.624998
v 0.480968 -0.374999 2.374998
v -1.230947 -0.374999 2.375006
v -1.230953 -0.375000 1.125005
v 0.480963 -0.375000 1.124998
v 0.480961 -0.375000 0.874998
v -1.230954 -0.375000 0.875005
v -1.230959 -0.375000 -0.374995
v 0.480956 -0.375000 -0.375002
v 0.480955 -0.375000 -0.625002
v -1.230961 -0.375000 -0.624995
v 1.230969 0.125001 2.624995
v 0.480969 0.125001 2.624998
v 0.480968 0.125001 2.374998
v 1.230968 0.125001 2.374995
v 1.230963 0.125000 1.124995
v 0.480963 0.125000 1.124998
v 0.480962 0.125000 0.874998
v 1.230962 0.125000 0.874995
v 1.230956 0.125000 -0.375005
v 0.480956 0.125000 -0.375002
v 0.480955 0.125000 -0.625002
v 1.230955 0.125000 -0.625005
v -1.230954 -0.375000 0.875005
v 0.480961 -0.375000 0.874998
v 0.480956 -0.375000 -0.375002
v -1.230959 -0.375000 -0.374995
v 1.230962 0.125000 0.874995
v 0.480962 0.125000 0.874998
v 0.480956 0.125000 -0.375002
v 1.230956 0.125000 -0.375005
v -1.230947 -0.374999 2.375006
v 0.480968 -0.374999 2.374998
v 0.480963 -0.375000 1.124998
v -1.230953 -0.375000 1.125005
v 1.230968 0.125001 2.374995
v 0.480968 0.125001 2.374998
v 0.480963 0.125000 1.124998
v 1.230963 0.125000 1.124995
v -1.230940 -0.249999 4.000006
v 0.480975 -0.249999 3.999998
v 0.480969 -0.374999 2.624998
v -1.230946 -0.374999 2.625006
v 1.230942 0.624999 -3.695381
v 1.230942 0.874999 -3.695381
v 0.480942 0.874999 -3.695378
v 0.480942 0.624999 -3.695378
v 1.230975 0.125001 3.999995
v 0.480975 0.125001 3.999998
v 0.480969 0.125001 2.624998
v 1.230969 0.125001 2.624995
v 1.230943 0.874999 -3.445381
v 0.480943 0.874999 -3.445378
v 0.480942 0.874999 -3.695378
v 1.230942 0.874999 -3.695381
v -1.230973 0.624999 -3.445370
v -1.230973 0.874999 -3.445370
v 0.480943 0.874999 -3.445378
v 0.480943 0.624999 -3.445378
v -1.230973 0.124999 -3.445370
v 0.480943 0.124999 -3.445377
v -1.230939 0.625001 4.250005
v -1.230939 0.875001 4.250005
v 0.480976 0.875001 4.249998
v 0.480976 0.625001 4.249998
v 1.230975 0.625001 3.999995
v 1.230975 0.875001 3.999995
v 0.480975 0.875001 3.999998
v 0.480975 0.625001 3.999998
v 1.230975 0.125001 3.999995
v 0.480975 0.125001 3.999998
v -1.230939 0.875001 4.250005
v -1.230939 1.875002 4.250005
v 0.480976 1.875001 4.249998
v 0.480976 0.875001 4.249998
v 1.230977 2.375001 4.249994
v 0.480976 2.375001 4.249998
v 0.480975 2.375001 3.999998
v 1.230975 2.375001 3.999994
v 1.230942 1.874999 -3.570381
v 0.480942 1.874999 -3.570378
v 0.480943 1.874999 -3.320378
v 1.230944 1.874999 -3.320381
v 1.230943 2.374999 -3.500007
v 1.230944 2.374999 -3.250006
v 0.480944 2.374999 -3.250003
v 0.480943 2.374999 -3.500003
v -1.230939 1.875002 4.250005
v -1.230939 2.375002 4.250005
v 0.480976 2.375001 4.249998
v 0.480976 1.875001 4.249998
v 1.230942 1.874999 -3.570381
v 1.230943 2.374999 -3.500007
v 0.480943 2.374999 -3.500003
v 0.480942 1.874999 -3.570378
v -1.230947 1.875001 2.375005
v -1.230946 1.875001 2.625005
v 0.480969 1.875001 2.624998
v 0.480968 1.875001 2.374998
v 1.230975 0.875001 3.999995
v 1.230975 1.875001 3.999994
v 0.480975 1.875001 3.999998
v 0.480975 0.875001 3.999998
v -1.230972 1.874999 -3.320370
v -1.230972 1.874999 -3.249995
v 0.480944 1.874999 -3.250003
v 0.480943 1.874999 -3.320378
v -1.230972 1.874999 -3.249995
v -1.230967 1.875000 -2.249995
v 0.480948 1.874999 -2.250003
v 0.480944 1.874999 -3.250003
v 1.230948 2.374999 -2.250006
v 1.230949 2.374999 -2.000006
v 0.480949 2.374999 -2.000003
v 0.480948 2.374999 -2.250003
v -1.230967 1.875000 -2.249995
v -1.230966 1.875000 -1.999995
v 0.480949 1.874999 -2.000003
v 0.480948 1.874999 -2.250003
v 1.230949 2.374999 -2.000006
v 1.230955 2.375000 -0.625006
v 0.480955 2.375000 -0.625003
v 0.480949 2.374999 -2.000003
v -1.230966 1.875000 -1.999995
v -1.230960 1.875000 -0.624995
v 0.480955 1.875000 -0.625003
v 0.480949 1.874999 -2.000003
v 1.230955 2.375000 -0.625006
v 1.230956 2.375000 -0.375006
v 0.480956 2.375000 -0.375003
v 0.480955 2.375000 -0.625003
v -1.230960 1.875000 -0.624995
v -1.230959 1.875000 -0.374995
v 0.480956 1.875000 -0.375002
v 0.480955 1.875000 -0.625003
v 1.230956 2.375000 -0.375006
v 1.230962 2.375000 0.874994
v 0.480962 2.375000 0.874997
v 0.480956 2.375000 -0.375003
v -1.230959 1.875000 -0.374995
v -1.230954 1.875001 0.875005
v 0.480962 1.875000 0.874998
v 0.480956 1.875000 -0.375002
v 1.230962 2.375000 0.874994
v 1.230963 2.375000 1.124994
v 0.480963 2.375000 1.124997
v 0.480962 2.375000 0.874997
v -1.230954 1.875001 0.875005
v -1.230953 1.875001 1.125005
v 0.480963 1.875000 1.124998
v 0.480962 1.875000 0.874998
v 1.230963 2.375000 1.124994
v 1.230968 2.375001 2.374994
v 0.480968 2.375001 2.374998
v 0.480963 2.375000 1.124997
v -1.230953 1.875001 1.125005
v -1.230947 1.875001 2.375005
v 0.480968 1.875001 2.374998
v 0.480963 1.875000 1.124998
v 1.230968 2.375001 2.374994
v 1.230970 2.375001 2.624994
v 0.480969 2.375001 2.624998
v 0.480968 2.375001 2.374998
v 1.230970 2.375001 2.624994
v 1.230975 2.375001 3.999994
v 0.480975 2.375001 3.999998
v 0.480969 2.375001 2.624998
v -1.230946 1.875001 2.625005
v -1.230940 1.875001 4.000005
v 0.480975 1.875001 3.999998
v 0.480969 1.875001 2.624998
v -1.230974 0.124999 -3.695370
v -1.230974 0.062770 -3.695370
v 0.480942 0.062769 -3.695377
v 0.480942 0.124999 -3.695378
v 1.230976 0.125001 4.249995
v 1.230976 -0.047350 4.249995
v 0.480976 -0.047350 4.249998
v 0.480976 0.125001 4.249998
v 1.230944 0.874999 -3.250006
v 0.480944 0.874999 -3.250002
v 0.480943 0.874999 -3.445378
v 1.230943 0.874999 -3.445381
v 1.480955 0.875000 -0.625007
v 1.230955 0.875000 -0.625006
v 1.230949 0.874999 -2.000006
v 1.480949 0.874999 -2.000007
v 1.230943 0.874999 -3.445381
v 1.230944 1.874999 -3.320381
v 1.230944 1.874999 -3.250006
v 1.230944 0.874999 -3.250006
v 0.480943 0.624999 -3.445378
v 0.480943 0.874999 -3.445378
v 0.480944 0.874999 -3.250002
v 0.480944 0.624999 -3.250002
v 0.480943 0.124999 -3.445377
v 0.480944 0.124999 -3.250002
v 1.230944 0.624999 -3.250006
v 1.230944 0.874999 -3.250006
v 1.480944 0.874999 -3.250007
v 1.480944 0.624999 -3.250007
v 1.230944 0.124999 -3.250006
v 1.480944 0.124999 -3.250007
v 1.230949 0.624999 -2.000006
v 1.230949 0.874999 -2.000006
v 1.230955 0.875000 -0.625006
v 1.230955 0.625000 -0.625006
v 1.230949 0.124999 -2.000005
v 1.230955 0.125000 -0.625005
v 1.230944 0.874999 -3.250006
v 1.230944 1.874999 -3.250006
v 1.480944 1.874999 -3.250007
v 1.480944 0.874999 -3.250007
v 1.230948 0.874999 -2.250006
v 1.230948 1.874999 -2.250006
v 1.230949 1.874999 -2.000006
v 1.230949 0.874999 -2.000006
v 1.230949 0.874999 -2.000006
v 1.230949 1.874999 -2.000006
v 1.480949 1.874999 -2.000007
v 1.480949 0.874999 -2.000007
v 1.230948 0.624999 -2.250006
v 1.230948 0.874999 -2.250006
v 0.480948 0.874999 -2.250002
v 0.480948 0.624999 -2.250002
v 1.230948 0.124999 -2.250005
v 0.480948 0.124999 -2.250002
v 1.230949 0.874999 -2.000006
v 0.480949 0.874999 -2.000002
v 0.480948 0.874999 -2.250002
v 1.230948 0.874999 -2.250006
v 1.480968 0.125001 2.374994
v 1.480968 0.625001 2.374994
v 1.480963 0.625000 1.124993
v 1.480963 0.125000 1.124994
v -1.480939 0.125001 4.250007
v -1.480939 0.625002 4.250007
v -1.230939 0.625001 4.250005
v -1.230939 0.125001 4.250006
v -1.480954 0.125000 0.875006
v -1.480954 0.625000 0.875006
v -1.480953 0.625001 1.125006
v -1.480953 0.125001 1.125006
v 1.480963 0.125000 1.124994
v 1.480963 0.625000 1.124993
v 1.480962 0.625000 0.874993
v 1.480962 0.125000 0.874994
v -1.480968 0.125000 -2.249994
v -1.480967 0.625000 -2.249994
v -1.480966 0.625000 -1.999994
v -1.480966 0.125000 -1.999994
v 1.480975 0.125001 3.999994
v 1.480975 0.625001 3.999994
v 1.480969 0.625001 2.624994
v 1.480969 0.125001 2.624994
v -1.480947 0.125001 2.375007
v -1.480947 0.625001 2.375006
v -1.480946 0.625001 2.625006
v -1.480946 0.125001 2.625007
v 1.480962 0.125000 0.874994
v 1.480962 0.625000 0.874993
v 1.480956 0.625000 -0.375007
v 1.480956 0.125000 -0.375006
v -1.480960 0.125000 -0.624994
v -1.480960 0.625000 -0.624994
v -1.480959 0.625000 -0.374994
v -1.480959 0.125000 -0.374994
v -1.480974 0.124999 -3.695369
v -1.480974 0.624999 -3.695369
v -1.480973 0.624999 -3.445369
v -1.480973 0.124999 -3.445369
v 1.480956 0.125000 -0.375006
v 1.480956 0.625000 -0.375007
v 1.480955 0.625000 -0.625007
v 1.480955 0.125000 -0.625007
v -1.480972 0.124999 -3.249994
v -1.480972 0.624999 -3.249994
v -1.480967 0.625000 -2.249994
v -1.480968 0.125000 -2.249994
v 1.480944 0.124999 -3.250007
v 1.480944 0.624999 -3.250007
v 1.480943 0.624999 -3.445382
v 1.480943 0.124999 -3.445382
v -1.480953 0.125001 1.125006
v -1.480953 0.625001 1.125006
v -1.480947 0.625001 2.375006
v -1.480947 0.125001 2.375007
v 1.480943 0.124999 -3.445382
v 1.480943 0.624999 -3.445382
v 1.480942 0.624999 -3.695382
v 1.480942 0.124999 -3.695382
v -1.480966 0.125000 -1.999994
v -1.480966 0.625000 -1.999994
v -1.480960 0.625000 -0.624994
v -1.480960 0.125000 -0.624994
v 1.480955 0.125000 -0.625007
v 1.480955 0.625000 -0.625007
v 1.480949 0.624999 -2.000007
v 1.480949 0.124999 -2.000007
v 0.480942 0.124999 -3.695378
v 0.480942 0.624999 -3.695378
v -1.230974 0.624999 -3.695370
v -1.230974 0.124999 -3.695370
v 1.480969 0.125001 2.624994
v 1.480969 0.625001 2.624994
v 1.480968 0.625001 2.374994
v 1.480968 0.125001 2.374994
v 1.480942 0.124999 -3.695382
v 1.480942 0.624999 -3.695382
v 1.230942 0.624999 -3.695381
v 1.230942 0.124999 -3.695381
v 1.480949 0.124999 -2.000007
v 1.480949 0.624999 -2.000007
v 1.480948 0.624999 -2.250007
v 1.480948 0.124999 -2.250007
v -1.230974 0.124999 -3.695370
v -1.230974 0.624999 -3.695370
v -1.480974 0.624999 -3.695369
v -1.480974 0.124999 -3.695369
v -1.480973 0.124999 -3.445369
v -1.480973 0.624999 -3.445369
v -1.480972 0.624999 -3.249994
v -1.480972 0.124999 -3.249994
v -1.480940 0.125001 4.000007
v -1.480940 0.625001 4.000007
v -1.480939 0.625002 4.250007
v -1.480939 0.125001 4.250007
v 0.480976 0.125001 4.249998
v 0.480976 0.625001 4.249998
v 1.230976 0.625001 4.249995
v 1.230976 0.125001 4.249995
v -1.480959 0.125000 -0.374994
v -1.480959 0.625000 -0.374994
v -1.480954 0.625000 0.875006
v -1.480954 0.125000 0.875006
v 1.230976 0.125001 4.249995
v 1.230976 0.625001 4.249995
v 1.480976 0.625001 4.249994
v 1.480976 0.125001 4.249994
v -1.480946 0.125001 2.625007
v -1.480946 0.625001 2.625006
v -1.480940 0.625001 4.000007
v -1.480940 0.125001 4.000007
v 1.480976 0.125001 4.249994
v 1.480976 0.625001 4.249994
v 1.480975 0.625001 3.999994
v 1.480975 0.125001 3.999994
v 1.230942 0.124999 -3.695381
v 1.230942 0.624999 -3.695381
v 0.480942 0.624999 -3.695378
v 0.480942 0.124999 -3.695378
v -1.230939 0.125001 4.250006
v -1.230939 0.625001 4.250005
v 0.480976 0.625001 4.249998
v 0.480976 0.125001 4.249998
v -1.230972 2.374999 -3.249995
v -1.480972 2.374999 -3.249994
v -1.480973 2.374999 -3.499995
v -1.230973 2.374999 -3.499996
v 1.480948 1.874999 -2.250007
v 1.480948 2.374999 -2.250007
v 1.480944 2.374999 -3.250007
v 1.480944 1.874999 -3.250007
v -1.480973 1.874999 -3.570369
v -1.480973 2.374999 -3.499995
v -1.480972 2.374999 -3.249994
v -1.480972 1.874999 -3.320369
v 1.230944 2.374999 -3.250006
v 1.480944 2.374999 -3.250007
v 1.480948 2.374999 -2.250007
v 1.230948 2.374999 -2.250006
v -1.230967 2.375000 -2.249995
v -1.480967 2.375000 -2.249994
v -1.480972 2.374999 -3.249994
v -1.230972 2.374999 -3.249995
v 0.480944 2.374999 -3.250003
v 0.480948 2.374999 -2.250003
v -1.230967 2.375000 -2.249995
v -1.230972 2.374999 -3.249995
v 1.230944 2.374999 -3.250006
v 1.230948 2.374999 -2.250006
v 0.480948 2.374999 -2.250003
v 0.480944 2.374999 -3.250003
vt 0.603541553 0.267187178
vt 0.653088987 0.203558803
vt 0.625637412 0.244005501
vt 0.615181684 0.242453277
vt 0.615927815 0.239803374
vt 0.611554563 0.240701258
vt 0.611554563 0.240701258
vt 0.614668846 0.241566956
vt 0.609936774 0.244889081
vt 0.609800756 0.244529247
vt 0.611315966 0.246818185
vt 0.616275787 0.2390486
vt 0.617112398 0.240751386
vt 0.625637412 0.244005501
vt 0.625637412 0.244005501
vt 0.62067163 0.244229794
vt 0.609066427 0.238721073
vt 0.609800756 0.244529247
vt 0.611554563 0.240701258
vt 0.609441221 0.246097982
vt 0.609211564 0.246506393
vt 0.617310405 0.239001691
vt 0.608178377 0.24567914
vt 0.611425877 0.254291832
vt 0.603541553 0.267187178
vt 0.625637412 0.244005501
vt 0.609441221 0.246097982
vt 0.609211564 0.246506393
vt 0.609109223 0.24461472
vt 0.609109223 0.24461472
vt 0.608388722 0.245304048
vt 0.609066427 0.238721073
vt 0.603541553 0.205786675
vt 0.617310405 0.239001691
vt 0.643538117 0.203971356
vt 0.625637412 0.244005501
vt 0.653088987 0.203558803
vt 0.616275787 0.2390486
vt 0.617310405 0.239001691
vt 0.615927815 0.239803374
vt 0.609441221 0.246097982
vt 0.625637412 0.244005501
vt 0.62067163 0.244229794
vt 0.611425877 0.254291832
vt 0.616275787 0.2390486
vt 0.643538117 0.203971356
vt 0.617310405 0.239001691
vt 0.617310405 0.239001691
vt 0.609211564 0.246506393
vt 0.62067163 0.244229794
vt 0.612711132 0.248756409
vt 0.612967372 0.250542462
vt 0.617310405 0.239001691
vt 0.611554563 0.240701258
vt 0.615927815 0.239803374
vt 0.609066427 0.238721073
vt 0.611554563 0.240701258
vt 0.611425877 0.254291832
vt 0.62067163 0.244229794
vt 0.612967372 0.250542462
vt 0.609211564 0.246506393
vt 0.612967372 0.250542462
vt 0.610075057 0.246796548
vt 0.609441221 0.246097982
vt 0.615927815 0.239803374
vt 0.609690905 0.245923042
vt 0.611425877 0.254291832
vt 0.612967372 0.250542462
vt 0.609211564 0.246506393
vt 0.612967372 0.250542462
vt 0.612711132 0.248756409
vt 0.611315966 0.246818185
vt 0.62067163 0.244229794
vt 0.617854595 0.244595885
vt 0.617854595 0.244595885
vt 0.617112398 0.240751386
vt 0.617112398 0.240751386
vt 0.615181684 0.242453277
vt 0.615927815 0.239803374
vt 0.609936774 0.244889081
vt 0.611554563 0.240701258
vt 0.609800756 0.244529247
vt 0.611315966 0.246818185
vt 0.609690905 0.245923042
vt 0.610075057 0.246796548
vt 0.611315966 0.246818185
vt 0.612967372 0.250542462
vt 0.380014956 0.746980309
vt 0.376914591 0.838131785
vt 0.376827598 0.83762145
vt 0.379982769 0.747218013
vt 0.376827598 0.83762145
vt 0.376938105 0.837435722
vt 0.379966706 0.74697876
vt 0.376938105 0.837435722
vt 0.377035797 0.837628484
vt 0.380014956 0.746264338
vt 0.377035797 0.837628484
vt 0.376914591 0.838131785
vt 0.373613656 0.746260166
vt 0.370638728 0.837628484
vt 0.370517552 0.838131785
vt 0.373613656 0.746976256
vt 0.370517552 0.838131785
vt 0.370430529 0.83762145
vt 0.373581499 0.747214079
vt 0.370430529 0.83762145
vt 0.370541006 0.837435722
vt 0.373565435 0.746974707
vt 0.370541006 0.837435722
vt 0.370638728 0.837628484
vt 0.376813918 0.746984363
vt 0.373714328 0.838131785
vt 0.373627335 0.83762145
vt 0.376781762 0.747222066
vt 0.373627335 0.83762145
vt 0.373737842 0.837435722
vt 0.376765668 0.746982694
vt 0.373737842 0.837435722
vt 0.373835534 0.837628484
vt 0.376813918 0.746268272
vt 0.373835534 0.837628484
vt 0.373714328 0.838131785
vt 0.370384693 0.747219086
vt 0.367234051 0.83762145
vt 0.367344528 0.837435722
vt 0.3703686 0.746979713
vt 0.367344528 0.837435722
vt 0.36744225 0.837628484
vt 0.37041685 0.746265292
vt 0.36744225 0.837628484
vt 0.367321074 0.838131785
vt 0.37041685 0.746981382
vt 0.367321074 0.838131785
vt 0.367234051 0.83762145
vt 0.609109223 0.24461472
vt 0.609800756 0.244529247
vt 0.609066427 0.238721073
vt 0.380014956 0.746264338
vt 0.376914591 0.838131785
vt 0.380014956 0.746980309
vt 0.380014956 0.746980309
vt 0.376827598 0.83762145
vt 0.379982769 0.747218013
vt 0.379982769 0.747218013
vt 0.376938105 0.837435722
vt 0.379966706 0.74697876
vt 0.379966706 0.74697876
vt 0.377035797 0.837628484
vt 0.380014956 0.746264338
vt 0.373565435 0.746974707
vt 0.370638728 0.837628484
vt 0.373613656 0.746260166
vt 0.373613656 0.746260166
vt 0.370517552 0.838131785
vt 0.373613656 0.746976256
vt 0.373613656 0.746976256
vt 0.370430529 0.83762145
vt 0.373581499 0.747214079
vt 0.373581499 0.747214079
vt 0.370541006 0.837435722
vt 0.373565435 0.746974707
vt 0.376813918 0.746268272
vt 0.373714328 0.838131785
vt 0.376813918 0.746984363
vt 0.376813918 0.746984363
vt 0.373627335 0.83762145
vt 0.376781762 0.747222066
vt 0.376781762 0.747222066
vt 0.373737842 0.837435722
vt 0.376765668 0.746982694
vt 0.376765668 0.746982694
vt 0.373835534 0.837628484
vt 0.376813918 0.746268272
vt 0.37041685 0.746981382
vt 0.367234051 0.83762145
vt 0.370384693 0.747219086
vt 0.370384693 0.747219086
vt 0.367344528 0.837435722
vt 0.3703686 0.746979713
vt 0.3703686 0.746979713
vt 0.36744225 0.837628484
vt 0.37041685 0.746265292
vt 0.37041685 0.746265292
vt 0.367321074 0.838131785
vt 0.37041685 0.746981382
vt 0.0508201122 0.765077114
vt 0.0508201122 0.795703173
vt 0.0814462006 0.765077114
vt 0.0508201122 0.765077114
vt 0.0814462006 0.795703173
vt 0.0814462006 0.765077114
vt 0.0508201122 0.765077114
vt 0.0508201122 0.795703173
vt 0.0814462006 0.765077114
vt 0.0508201122 0.765077114
vt 0.0814462006 0.795703173
vt 0.0814462006 0.765077114
vt 0.609211564 0.246506393
vt 0.610075057 0.246796548
vt 0.616275787 0.2390486
vt 0.617112398 0.240751386
vt 0.666040421 0.154350013
vt 0.653772891 0.104478449
vt 0.650852442 0.154350072
vt 0.668960869 0.104478449
vt 0.666040421 0.0841687322
vt 0.650852442 0.0841687322
vt 0.609441221 0.246097982
vt 0.609690905 0.245923042
vt 0.609109223 0.24461472
vt 0.609800756 0.244529247
vt 0.62112087 0.327214807
vt 0.640030742 0.327214807
vt 0.62112087 0.243917823
vt 0.640030742 0.243917823
vt 0.62112087 0.209993273
vt 0.640030742 0.209993273
vt 0.902443171 0.286447644
vt 0.88990134 0.223607123
vt 0.88990134 0.28593722
vt 0.902443171 0.224117547
vt 0.88990134 0.223607123
vt 0.87735945 0.286447644
vt 0.88990134 0.28593722
vt 0.87735945 0.224117547
vt 0.940199912 0.223607123
vt 0.927614391 0.229737967
vt 0.940199912 0.229737967
vt 0.927614391 0.223607123
vt 0.915028751 0.28593719
vt 0.902443171 0.223607123
vt 0.902443171 0.28593719
vt 0.915028751 0.223607123
vt 0.927614391 0.28593719
vt 0.915028751 0.223607123
vt 0.915028751 0.28593719
vt 0.927614391 0.223607123
vt 0.658940673 0.226171732
vt 0.677850544 0.242350191
vt 0.677850544 0.226171732
vt 0.658940673 0.242350191
vt 0.677850544 0.226171732
vt 0.658940673 0.209993273
vt 0.658940673 0.226171732
vt 0.677850544 0.209993273
vt 0.709712267 0.154350013
vt 0.698390782 0.104479551
vt 0.698390782 0.154350013
vt 0.709712207 0.104479551
vt 0.698390782 0.0841687322
vt 0.709712267 0.0841687322
vt 0.565506876 0.243915945
vt 0.585996926 0.209993273
vt 0.560628951 0.209993273
vt 0.59087491 0.243915945
vt 0.585996926 0.327214867
vt 0.560628951 0.327214867
vt 0.658940613 0.243917823
vt 0.640030742 0.327214867
vt 0.658940673 0.327214807
vt 0.640030742 0.243917823
vt 0.640030742 0.209993303
vt 0.658940673 0.209993273
vt 0.709712267 0.0938548744
vt 0.721033752 0.103541046
vt 0.721033752 0.0938548744
vt 0.709712267 0.103541046
vt 0.687069297 0.104479551
vt 0.698390782 0.0841687322
vt 0.687069297 0.0841687322
vt 0.698390782 0.104479551
vt 0.698390782 0.154350013
vt 0.687069297 0.154350013
vt 0.721033752 0.0938548744
vt 0.709712267 0.0841687322
vt 0.709712267 0.0938548744
vt 0.721033752 0.0841687322
vt 0.610075057 0.246796548
vt 0.609690905 0.245923042
vt 0.617112398 0.240751386
vt 0.615927815 0.239803374
vt 0.59087491 0.327214867
vt 0.616242886 0.327214867
vt 0.595752835 0.293292195
vt 0.62112087 0.293292195
vt 0.616242886 0.209993273
vt 0.59087491 0.209993273
vt 0.668960869 0.154350072
vt 0.684148848 0.154350013
vt 0.671881318 0.134040326
vt 0.687069297 0.134040326
vt 0.684148848 0.0841687322
vt 0.668960869 0.0841687322
vt 0.0678549409 0.795467138
vt 0.0610912144 0.799902856
vt 0.111233771 0.799902856
vt 0.102880359 0.795906484
vt 0.102880359 0.795906484
vt 0.111233771 0.799902856
vt 0.109544396 0.776630521
vt 0.1027807 0.781066298
vt 0.0677552223 0.780626893
vt 0.0678549409 0.795467138
vt 0.0610912144 0.799902856
vt 0.05940184 0.776630521
vt 0.1027807 0.781066298
vt 0.109544396 0.776630521
vt 0.05940184 0.776630521
vt 0.0677552223 0.780626893
vt 0.406472862 0.056723088
vt 0.406472862 0.0873491466
vt 0.43709895 0.0873491466
vt 0.43709895 0.056723088
vt 0.406472862 0.056723088
vt 0.406472862 0.0873491466
vt 0.43709895 0.0873491466
vt 0.43709895 0.056723088
vt 0.406472862 0.056723088
vt 0.406472862 0.0873491466
vt 0.43709895 0.0873491466
vt 0.43709895 0.056723088
vt 0.406472862 0.056723088
vt 0.406472862 0.0873491466
vt 0.43709895 0.0873491466
vt 0.43709895 0.056723088
vt 0.336744219 0.0677911639
vt 0.336744219 0.0984172225
vt 0.367370307 0.0984172225
vt 0.367370307 0.0677911639
vt 0.0508201122 0.780390143
vt 0.0508201122 0.795703173
vt 0.0814462006 0.795703173
vt 0.0814462006 0.780390143
vt 0.0508201122 0.765077114
vt 0.0814462006 0.765077114
vt 0.406472862 0.056723088
vt 0.406472862 0.0873491466
vt 0.43709895 0.0873491466
vt 0.43709895 0.056723088
vt 0.406472862 0.056723088
vt 0.406472862 0.0873491466
vt 0.43709895 0.0873491466
vt 0.43709895 0.056723088
vt 0.336744219 0.0677911639
vt 0.336744219 0.0984172225
vt 0.367370307 0.0984172225
vt 0.367370307 0.0677911639
vt 0.911175072 0.63871932
vt 0.911175072 0.65403235
vt 0.94180119 0.65403235
vt 0.94180119 0.63871932
vt 0.406472862 0.056723088
vt 0.406472862 0.0873491466
vt 0.43709895 0.0873491466
vt 0.43709895 0.056723088
vt 0.0508201122 0.780390143
vt 0.0508201122 0.795703173
vt 0.0814462006 0.795703173
vt 0.0814462006 0.780390143
vt 0.0508201122 0.765077114
vt 0.0814462006 0.765077114
vt 0.406472862 0.056723088
vt 0.406472862 0.0873491466
vt 0.43709895 0.0873491466
vt 0.43709895 0.056723088
vt 0.336744219 0.0677911639
vt 0.336744219 0.0984172225
vt 0.367370307 0.0984172225
vt 0.367370307 0.0677911639
vt 0.406472862 0.056723088
vt 0.406472862 0.0873491466
vt 0.43709895 0.0873491466
vt 0.43709895 0.056723088
vt 0.393929064 0.112063289
vt 0.393929064 0.142689347
vt 0.424555153 0.142689347
vt 0.424555153 0.112063289
vt 0.336744219 0.0677911639
vt 0.336744219 0.0984172225
vt 0.367370307 0.0984172225
vt 0.367370307 0.0677911639
vt 0.0508201122 0.780390143
vt 0.0508201122 0.795703173
vt 0.0814462006 0.795703173
vt 0.0814462006 0.780390143
vt 0.0508201122 0.765077114
vt 0.0814462006 0.765077114
vt 0.336744219 0.0677911639
vt 0.336744219 0.0984172225
vt 0.367370307 0.0984172225
vt 0.367370307 0.0677911639
vt 0.911175072 0.63871932
vt 0.911175072 0.65403235
vt 0.94180119 0.65403235
vt 0.94180119 0.63871932
vt 0.667678416 0.694241703
vt 0.667678416 0.724867761
vt 0.698304534 0.724867761
vt 0.698304534 0.694241703
vt 0.336744219 0.0677911639
vt 0.336744219 0.0984172225
vt 0.367370307 0.0984172225
vt 0.367370307 0.0677911639
vt 0.406472862 0.056723088
vt 0.406472862 0.0873491466
vt 0.43709895 0.0873491466
vt 0.43709895 0.056723088
vt 0.406472862 0.056723088
vt 0.406472862 0.0873491466
vt 0.43709895 0.0873491466
vt 0.43709895 0.056723088
vt 0.358880281 0.0936166048
vt 0.358880281 0.124242663
vt 0.38950637 0.124242663
vt 0.38950637 0.0936166048
vt 0.911175072 0.63871932
vt 0.911175072 0.65403235
vt 0.94180119 0.65403235
vt 0.94180119 0.63871932
vt 0.358880281 0.0936166048
vt 0.358880281 0.124242663
vt 0.38950637 0.124242663
vt 0.38950637 0.0936166048
vt 0.911175072 0.63871932
vt 0.911175072 0.65403235
vt 0.94180119 0.65403235
vt 0.94180119 0.63871932
vt 0.911175072 0.63871932
vt 0.911175072 0.65403235
vt 0.94180119 0.65403235
vt 0.94180119 0.63871932
vt 0.358880281 0.0936166048
vt 0.358880281 0.124242663
vt 0.38950637 0.124242663
vt 0.38950637 0.0936166048
vt 0.406472862 0.056723088
vt 0.406472862 0.0873491466
vt 0.43709895 0.0873491466
vt 0.43709895 0.056723088
vt 0.336744219 0.0677911639
vt 0.336744219 0.0984172225
vt 0.367370307 0.0984172225
vt 0.367370307 0.0677911639
vt 0.911175072 0.63871932
vt 0.911175072 0.65403235
vt 0.94180119 0.65403235
vt 0.94180119 0.63871932
vt 0.336744219 0.0677911639
vt 0.336744219 0.0984172225
vt 0.367370307 0.0984172225
vt 0.367370307 0.0677911639
vt 0.602745891 0.732610881
vt 0.602745891 0.76323694
vt 0.633371949 0.76323694
vt 0.633371949 0.732610881
vt 0.667678416 0.694241703
vt 0.667678416 0.724867761
vt 0.698304534 0.724867761
vt 0.698304534 0.694241703
vt 0.336744219 0.0677911639
vt 0.336744219 0.0984172225
vt 0.367370307 0.0984172225
vt 0.367370307 0.0677911639
vt 0.406472862 0.056723088
vt 0.406472862 0.0873491466
vt 0.43709895 0.0873491466
vt 0.43709895 0.056723088
vt 0.406472862 0.056723088
vt 0.406472862 0.0873491466
vt 0.43709895 0.0873491466
vt 0.43709895 0.056723088
vt 0.406472862 0.056723088
vt 0.406472862 0.0873491466
vt 0.43709895 0.0873491466
vt 0.43709895 0.056723088
vt 0.336744219 0.0677911639
vt 0.336744219 0.0984172225
vt 0.367370307 0.0984172225
vt 0.367370307 0.0677911639
vt 0.911175072 0.63871932
vt 0.911175072 0.65403235
vt 0.94180119 0.65403235
vt 0.94180119 0.63871932
vt 0.336744219 0.0677911639
vt 0.336744219 0.0984172225
vt 0.367370307 0.0984172225
vt 0.367370307 0.0677911639
vt 0.911175072 0.63871932
vt 0.911175072 0.65403235
vt 0.94180119 0.65403235
vt 0.94180119 0.63871932
vt 0.667678416 0.694241703
vt 0.667678416 0.724867761
vt 0.698304534 0.724867761
vt 0.698304534 0.694241703
vt 0.336744219 0.0677911639
vt 0.336744219 0.0984172225
vt 0.367370307 0.0984172225
vt 0.367370307 0.0677911639
vt 0.406472862 0.056723088
vt 0.406472862 0.0873491466
vt 0.43709895 0.0873491466
vt 0.43709895 0.056723088
vt 0.406472862 0.056723088
vt 0.406472862 0.0873491466
vt 0.43709895 0.0873491466
vt 0.43709895 0.056723088
vt 0.336744219 0.0677911639
vt 0.336744219 0.0984172225
vt 0.367370307 0.0984172225
vt 0.367370307 0.0677911639
vt 0.0508201122 0.780390143
vt 0.0508201122 0.795703173
vt 0.0814462006 0.795703173
vt 0.0814462006 0.780390143
vt 0.0508201122 0.765077114
vt 0.0814462006 0.765077114
vt 0.336744219 0.0677911639
vt 0.336744219 0.0984172225
vt 0.367370307 0.0984172225
vt 0.367370307 0.0677911639
vt 0.911175072 0.63871932
vt 0.911175072 0.65403235
vt 0.94180119 0.65403235
vt 0.94180119 0.63871932
vt 0.667678416 0.694241703
vt 0.667678416 0.724867761
vt 0.698304534 0.724867761
vt 0.698304534 0.694241703
vt 0.336744219 0.0677911639
vt 0.336744219 0.0984172225
vt 0.367370307 0.0984172225
vt 0.367370307 0.0677911639
vt 0.406472862 0.056723088
vt 0.406472862 0.0873491466
vt 0.43709895 0.0873491466
vt 0.43709895 0.056723088
vt 0.406472862 0.056723088
vt 0.406472862 0.0873491466
vt 0.43709895 0.0873491466
vt 0.43709895 0.056723088
vt 0.406472862 0.056723088
vt 0.406472862 0.0873491466
vt 0.43709895 0.0873491466
vt 0.43709895 0.056723088
vt 0.406472862 0.056723088
vt 0.406472862 0.0873491466
vt 0.43709895 0.0873491466
vt 0.43709895 0.056723088
vt 0.406472862 0.056723088
vt 0.406472862 0.0873491466
vt 0.43709895 0.0873491466
vt 0.43709895 0.056723088
vt 0.406472862 0.056723088
vt 0.406472862 0.0873491466
vt 0.43709895 0.0873491466
vt 0.43709895 0.056723088
vt 0.336744219 0.0677911639
vt 0.336744219 0.0984172225
vt 0.367370307 0.0984172225
vt 0.367370307 0.0677911639
vt 0.336744219 0.0677911639
vt 0.336744219 0.0984172225
vt 0.367370307 0.0984172225
vt 0.367370307 0.0677911639
vt 0.336744219 0.0677911639
vt 0.336744219 0.0984172225
vt 0.367370307 0.0984172225
vt 0.367370307 0.0677911639
vt 0.911175072 0.63871932
vt 0.911175072 0.65403235
vt 0.94180119 0.65403235
vt 0.94180119 0.63871932
vt 0.911175072 0.63871932
vt 0.911175072 0.65403235
vt 0.94180119 0.65403235
vt 0.94180119 0.63871932
vt 0.0508201122 0.780390143
vt 0.0508201122 0.795703173
vt 0.0814462006 0.795703173
vt 0.0814462006 0.780390143
vt 0.0508201122 0.765077114
vt 0.0814462006 0.765077114
vt 0.336744219 0.0677911639
vt 0.336744219 0.0984172225
vt 0.367370307 0.0984172225
vt 0.367370307 0.0677911639
vt 0.336744219 0.0677911639
vt 0.336744219 0.0984172225
vt 0.367370307 0.0984172225
vt 0.367370307 0.0677911639
vt 0.336744219 0.0677911639
vt 0.336744219 0.0984172225
vt 0.367370307 0.0984172225
vt 0.367370307 0.0677911639
vt 0.911175072 0.63871932
vt 0.911175072 0.65403235
vt 0.94180119 0.65403235
vt 0.94180119 0.63871932
vt 0.911175072 0.63871932
vt 0.911175072 0.65403235
vt 0.94180119 0.65403235
vt 0.94180119 0.63871932
vt 0.911175072 0.63871932
vt 0.911175072 0.65403235
vt 0.94180119 0.65403235
vt 0.94180119 0.63871932
vt 0.667678416 0.694241703
vt 0.667678416 0.724867761
vt 0.698304534 0.724867761
vt 0.698304534 0.694241703
vt 0.667678416 0.694241703
vt 0.667678416 0.724867761
vt 0.698304534 0.724867761
vt 0.698304534 0.694241703
vt 0.667678416 0.694241703
vt 0.667678416 0.724867761
vt 0.698304534 0.724867761
vt 0.698304534 0.694241703
vt 0.336744219 0.0677911639
vt 0.336744219 0.0984172225
vt 0.367370307 0.0984172225
vt 0.367370307 0.0677911639
vt 0.336744219 0.0677911639
vt 0.336744219 0.0984172225
vt 0.367370307 0.0984172225
vt 0.367370307 0.0677911639
vt 0.336744219 0.0677911639
vt 0.336744219 0.0984172225
vt 0.367370307 0.0984172225
vt 0.367370307 0.0677911639
vt 0.406472862 0.056723088
vt 0.406472862 0.0873491466
vt 0.43709895 0.0873491466
vt 0.43709895 0.056723088
vt 0.406472862 0.056723088
vt 0.406472862 0.0873491466
vt 0.43709895 0.0873491466
vt 0.43709895 0.056723088
vt 0.336744219 0.0677911639
vt 0.336744219 0.0984172225
vt 0.367370307 0.0984172225
vt 0.367370307 0.0677911639
vt 0.911175072 0.63871932
vt 0.911175072 0.65403235
vt 0.94180119 0.65403235
vt 0.94180119 0.63871932
vt 0.336744219 0.0677911639
vt 0.336744219 0.0984172225
vt 0.367370307 0.0984172225
vt 0.367370307 0.0677911639
vt 0.911175072 0.63871932
vt 0.911175072 0.65403235
vt 0.94180119 0.65403235
vt 0.94180119 0.63871932
vt 0.667678416 0.694241703
vt 0.667678416 0.724867761
vt 0.698304534 0.724867761
vt 0.698304534 0.694241703
vt 0.336744219 0.0677911639
vt 0.336744219 0.0984172225
vt 0.367370307 0.0984172225
vt 0.367370307 0.0677911639
vt 0.406472862 0.056723088
vt 0.406472862 0.0873491466
vt 0.43709895 0.0873491466
vt 0.43709895 0.056723088
vt 0.406472862 0.056723088
vt 0.406472862 0.0873491466
vt 0.43709895 0.0873491466
vt 0.43709895 0.056723088
vt 0.336744219 0.0677911639
vt 0.336744219 0.0984172225
vt 0.367370307 0.0984172225
vt 0.367370307 0.0677911639
vt 0.0508201122 0.780390143
vt 0.0508201122 0.795703173
vt 0.0814462006 0.795703173
vt 0.0814462006 0.780390143
vt 0.0508201122 0.765077114
vt 0.0814462006 0.765077114
vt 0.336744219 0.0677911639
vt 0.336744219 0.0984172225
vt 0.367370307 0.0984172225
vt 0.367370307 0.0677911639
vt 0.911175072 0.63871932
vt 0.911175072 0.65403235
vt 0.94180119 0.65403235
vt 0.94180119 0.63871932
vt 0.667678416 0.694241703
vt 0.667678416 0.724867761
vt 0.698304534 0.724867761
vt 0.698304534 0.694241703
vt 0.336744219 0.0677911639
vt 0.336744219 0.0984172225
vt 0.367370307 0.0984172225
vt 0.367370307 0.0677911639
vt 0.406472862 0.056723088
vt 0.406472862 0.0873491466
vt 0.43709895 0.0873491466
vt 0.43709895 0.056723088
vt 0.406472862 0.056723088
vt 0.406472862 0.0873491466
vt 0.43709895 0.0873491466
vt 0.43709895 0.056723088
vt 0.336744219 0.0677911639
vt 0.336744219 0.0984172225
vt 0.367370307 0.0984172225
vt 0.367370307 0.0677911639
vt 0.0508201122 0.780390143
vt 0.0508201122 0.795703173
vt 0.0814462006 0.795703173
vt 0.0814462006 0.780390143
vt 0.0508201122 0.765077114
vt 0.0814462006 0.765077114
vt 0.336744219 0.0677911639
vt 0.336744219 0.0984172225
vt 0.367370307 0.0984172225
vt 0.367370307 0.0677911639
vt 0.911175072 0.63871932
vt 0.911175072 0.65403235
vt 0.94180119 0.65403235
vt 0.94180119 0.63871932
vt 0.667678416 0.694241703
vt 0.667678416 0.724867761
vt 0.698304534 0.724867761
vt 0.698304534 0.694241703
vt 0.336744219 0.0677911639
vt 0.336744219 0.0984172225
vt 0.367370307 0.0984172225
vt 0.367370307 0.0677911639
vt 0.0508201122 0.765077114
vt 0.0508201122 0.795703173
vt 0.0814462006 0.795703173
vt 0.0814462006 0.765077114
vt 0.0508201122 0.765077114
vt 0.0508201122 0.795703173
vt 0.0814462006 0.795703173
vt 0.0814462006 0.765077114
vt 0.0508201122 0.765077114
vt 0.0508201122 0.795703173
vt 0.0814462006 0.795703173
vt 0.0814462006 0.765077114
vt 0.0508201122 0.765077114
vt 0.0508201122 0.795703173
vt 0.0814462006 0.795703173
vt 0.0814462006 0.765077114
vt 0.0508201122 0.765077114
vt 0.0508201122 0.795703173
vt 0.0814462006 0.795703173
vt 0.0814462006 0.765077114
vt 0.0508201122 0.765077114
vt 0.0508201122 0.795703173
vt 0.0814462006 0.795703173
vt 0.0814462006 0.765077114
vt 0.0508201122 0.765077114
vt 0.0508201122 0.795703173
vt 0.0814462006 0.795703173
vt 0.0814462006 0.765077114
vt 0.0508201122 0.765077114
vt 0.0508201122 0.795703173
vt 0.0814462006 0.795703173
vt 0.0814462006 0.765077114
vt 0.0508201122 0.765077114
vt 0.0508201122 0.795703173
vt 0.0814462006 0.795703173
vt 0.0814462006 0.765077114
vt 0.0508201122 0.765077114
vt 0.0508201122 0.795703173
vt 0.0814462006 0.795703173
vt 0.0814462006 0.765077114
vt 0.0508201122 0.765077114
vt 0.0508201122 0.795703173
vt 0.0814462006 0.795703173
vt 0.0814462006 0.765077114
vt 0.0508201122 0.765077114
vt 0.0508201122 0.795703173
vt 0.0814462006 0.795703173
vt 0.0814462006 0.765077114
vt 0.0508201122 0.765077114
vt 0.0508201122 0.795703173
vt 0.0814462006 0.795703173
vt 0.0814462006 0.765077114
vt 0.0508201122 0.765077114
vt 0.0508201122 0.795703173
vt 0.0814462006 0.795703173
vt 0.0814462006 0.765077114
vt 0.0508201122 0.765077114
vt 0.0508201122 0.795703173
vt 0.0814462006 0.795703173
vt 0.0814462006 0.765077114
vt 0.0508201122 0.765077114
vt 0.0508201122 0.795703173
vt 0.0814462006 0.795703173
vt 0.0814462006 0.765077114
vt 0.0508201122 0.765077114
vt 0.0508201122 0.795703173
vt 0.0814462006 0.795703173
vt 0.0814462006 0.765077114
vt 0.0508201122 0.765077114
vt 0.0508201122 0.795703173
vt 0.0814462006 0.795703173
vt 0.0814462006 0.765077114
vt 0.0508201122 0.780390143
vt 0.0508201122 0.795703173
vt 0.0814462006 0.795703173
vt 0.0814462006 0.780390143
vt 0.0508201122 0.765077114
vt 0.0814462006 0.765077114
vt 0.0508201122 0.780390143
vt 0.0508201122 0.795703173
vt 0.0814462006 0.795703173
vt 0.0814462006 0.780390143
vt 0.0508201122 0.765077114
vt 0.0814462006 0.765077114
vt 0.0508201122 0.780390143
vt 0.0508201122 0.795703173
vt 0.0814462006 0.795703173
vt 0.0814462006 0.780390143
vt 0.0508201122 0.765077114
vt 0.0814462006 0.765077114
vt 0.911175072 0.63871932
vt 0.911175072 0.65403235
vt 0.94180119 0.65403235
vt 0.94180119 0.63871932
vt 0.911175072 0.63871932
vt 0.911175072 0.65403235
vt 0.94180119 0.65403235
vt 0.94180119 0.63871932
vt 0.911175072 0.63871932
vt 0.911175072 0.65403235
vt 0.94180119 0.65403235
vt 0.94180119 0.63871932
vt 0.911175072 0.63871932
vt 0.911175072 0.65403235
vt 0.94180119 0.65403235
vt 0.94180119 0.63871932
vt 0.0508201122 0.780390143
vt 0.0508201122 0.795703173
vt 0.0814462006 0.795703173
vt 0.0814462006 0.780390143
vt 0.0508201122 0.765077114
vt 0.0814462006 0.765077114
vt 0.0508201122 0.780390143
vt 0.0508201122 0.795703173
vt 0.0814462006 0.795703173
vt 0.0814462006 0.780390143
vt 0.0508201122 0.765077114
vt 0.0814462006 0.765077114
vt 0.0508201122 0.780390143
vt 0.0508201122 0.795703173
vt 0.0814462006 0.795703173
vt 0.0814462006 0.780390143
vt 0.0508201122 0.765077114
vt 0.0814462006 0.765077114
vt 0.911175072 0.63871932
vt 0.911175072 0.65403235
vt 0.94180119 0.65403235
vt 0.94180119 0.63871932
vt 0.0508201122 0.780390143
vt 0.0508201122 0.795703173
vt 0.0814462006 0.795703173
vt 0.0814462006 0.780390143
vt 0.0508201122 0.765077114
vt 0.0814462006 0.765077114
vt 0.911175072 0.63871932
vt 0.911175072 0.65403235
vt 0.94180119 0.65403235
vt 0.94180119 0.63871932
vt 0.0508201122 0.780390143
vt 0.0508201122 0.795703173
vt 0.0814462006 0.795703173
vt 0.0814462006 0.780390143
vt 0.0508201122 0.765077114
vt 0.0814462006 0.765077114
vt 0.0508201122 0.780390143
vt 0.0508201122 0.795703173
vt 0.0814462006 0.795703173
vt 0.0814462006 0.780390143
vt 0.0508201122 0.765077114
vt 0.0814462006 0.765077114
vt 0.0508201122 0.780390143
vt 0.0508201122 0.795703173
vt 0.0814462006 0.795703173
vt 0.0814462006 0.780390143
vt 0.0508201122 0.765077114
vt 0.0814462006 0.765077114
vt 0.911175072 0.63871932
vt 0.911175072 0.65403235
vt 0.94180119 0.65403235
vt 0.94180119 0.63871932
vt 0.0508201122 0.780390143
vt 0.0508201122 0.795703173
vt 0.0814462006 0.795703173
vt 0.0814462006 0.780390143
vt 0.0508201122 0.765077114
vt 0.0814462006 0.765077114
vt 0.911175072 0.63871932
vt 0.911175072 0.65403235
vt 0.94180119 0.65403235
vt 0.94180119 0.63871932
vt 0.911175072 0.63871932
vt 0.911175072 0.65403235
vt 0.94180119 0.65403235
vt 0.94180119 0.63871932
vt 0.911175072 0.63871932
vt 0.911175072 0.65403235
vt 0.94180119 0.65403235
vt 0.94180119 0.63871932
vt 0.0508201122 0.780390143
vt 0.0508201122 0.795703173
vt 0.0814462006 0.795703173
vt 0.0814462006 0.780390143
vt 0.0508201122 0.765077114
vt 0.0814462006 0.765077114
vt 0.0508201122 0.780390143
vt 0.0508201122 0.795703173
vt 0.0814462006 0.795703173
vt 0.0814462006 0.780390143
vt 0.0508201122 0.765077114
vt 0.0814462006 0.765077114
vt 0.911175072 0.63871932
vt 0.911175072 0.65403235
vt 0.94180119 0.65403235
vt 0.94180119 0.63871932
vt 0.0508201122 0.765077114
vt 0.0508201122 0.795703173
vt 0.0814462006 0.795703173
vt 0.0814462006 0.765077114
vt 0.0508201122 0.765077114
vt 0.0508201122 0.795703173
vt 0.0814462006 0.795703173
vt 0.0814462006 0.765077114
vt 0.0508201122 0.765077114
vt 0.0508201122 0.795703173
vt 0.0814462006 0.795703173
vt 0.0814462006 0.765077114
vt 0.0508201122 0.765077114
vt 0.0508201122 0.795703173
vt 0.0814462006 0.795703173
vt 0.0814462006 0.765077114
vt 0.0508201122 0.765077114
vt 0.0508201122 0.795703173
vt 0.0814462006 0.795703173
vt 0.0814462006 0.765077114
vt 0.0508201122 0.765077114
vt 0.0508201122 0.795703173
vt 0.0814462006 0.795703173
vt 0.0814462006 0.765077114
vt 0.0508201122 0.765077114
vt 0.0508201122 0.795703173
vt 0.0814462006 0.795703173
vt 0.0814462006 0.765077114
vt 0.0508201122 0.765077114
vt 0.0508201122 0.795703173
vt 0.0814462006 0.795703173
vt 0.0814462006 0.765077114
vt 0.0508201122 0.765077114
vt 0.0508201122 0.795703173
vt 0.0814462006 0.795703173
vt 0.0814462006 0.765077114
vt 0.0508201122 0.765077114
vt 0.0508201122 0.795703173
vt 0.0814462006 0.795703173
vt 0.0814462006 0.765077114
vt 0.0508201122 0.765077114
vt 0.0508201122 0.795703173
vt 0.0814462006 0.795703173
vt 0.0814462006 0.765077114
vt 0.0508201122 0.765077114
vt 0.0508201122 0.795703173
vt 0.0814462006 0.795703173
vt 0.0814462006 0.765077114
vt 0.0508201122 0.765077114
vt 0.0508201122 0.795703173
vt 0.0814462006 0.795703173
vt 0.0814462006 0.765077114
vt 0.0508201122 0.765077114
vt 0.0508201122 0.795703173
vt 0.0814462006 0.795703173
vt 0.0814462006 0.765077114
vt 0.0508201122 0.765077114
vt 0.0508201122 0.795703173
vt 0.0814462006 0.795703173
vt 0.0814462006 0.765077114
vt 0.0508201122 0.765077114
vt 0.0508201122 0.795703173
vt 0.0814462006 0.795703173
vt 0.0814462006 0.765077114
vt 0.0508201122 0.765077114
vt 0.0508201122 0.795703173
vt 0.0814462006 0.795703173
vt 0.0814462006 0.765077114
vt 0.0508201122 0.765077114
vt 0.0508201122 0.795703173
vt 0.0814462006 0.795703173
vt 0.0814462006 0.765077114
vt 0.0508201122 0.765077114
vt 0.0508201122 0.795703173
vt 0.0814462006 0.795703173
vt 0.0814462006 0.765077114
vt 0.0508201122 0.765077114
vt 0.0508201122 0.795703173
vt 0.0814462006 0.795703173
vt 0.0814462006 0.765077114
vt 0.0508201122 0.765077114
vt 0.0508201122 0.795703173
vt 0.0814462006 0.795703173
vt 0.0814462006 0.765077114
vt 0.0508201122 0.765077114
vt 0.0508201122 0.795703173
vt 0.0814462006 0.795703173
vt 0.0814462006 0.765077114
vt 0.0508201122 0.765077114
vt 0.0508201122 0.795703173
vt 0.0814462006 0.795703173
vt 0.0814462006 0.765077114
vt 0.0508201122 0.765077114
vt 0.0508201122 0.795703173
vt 0.0814462006 0.795703173
vt 0.0814462006 0.765077114
vt 0.0508201122 0.765077114
vt 0.0508201122 0.795703173
vt 0.0814462006 0.795703173
vt 0.0814462006 0.765077114
vt 0.0508201122 0.765077114
vt 0.0508201122 0.795703173
vt 0.0814462006 0.795703173
vt 0.0814462006 0.765077114
vt 0.0508201122 0.765077114
vt 0.0508201122 0.795703173
vt 0.0814462006 0.795703173
vt 0.0814462006 0.765077114
vt 0.0508201122 0.765077114
vt 0.0508201122 0.795703173
vt 0.0814462006 0.795703173
vt 0.0814462006 0.765077114
vt 0.0508201122 0.765077114
vt 0.0508201122 0.795703173
vt 0.0814462006 0.795703173
vt 0.0814462006 0.765077114
vt 0.0508201122 0.765077114
vt 0.0508201122 0.795703173
vt 0.0814462006 0.795703173
vt 0.0814462006 0.765077114
vt 0.0508201122 0.765077114
vt 0.0508201122 0.795703173
vt 0.0814462006 0.795703173
vt 0.0814462006 0.765077114
vt 0.0508201122 0.765077114
vt 0.0508201122 0.795703173
vt 0.0814462006 0.795703173
vt 0.0814462006 0.765077114
vt 0.0508201122 0.765077114
vt 0.0508201122 0.795703173
vt 0.0814462006 0.795703173
vt 0.0814462006 0.765077114
vt 0.0508201122 0.765077114
vt 0.0508201122 0.795703173
vt 0.0814462006 0.795703173
vt 0.0814462006 0.765077114
vt 0.0508201122 0.765077114
vt 0.0508201122 0.795703173
vt 0.0814462006 0.795703173
vt 0.0814462006 0.765077114
vt 0.0508201122 0.765077114
vt 0.0508201122 0.795703173
vt 0.0814462006 0.795703173
vt 0.0814462006 0.765077114
vt 0.0508201122 0.765077114
vt 0.0508201122 0.795703173
vt 0.0814462006 0.795703173
vt 0.0814462006 0.765077114
vt 0.0508201122 0.765077114
vt 0.0508201122 0.795703173
vt 0.0814462006 0.795703173
vt 0.0814462006 0.765077114
vt 0.0508201122 0.765077114
vt 0.0508201122 0.795703173
vt 0.0814462006 0.795703173
vt 0.0814462006 0.765077114
vt 0.0508201122 0.765077114
vt 0.0508201122 0.795703173
vt 0.0814462006 0.795703173
vt 0.0814462006 0.765077114
vt 0.0508201122 0.765077114
vt 0.0508201122 0.795703173
vt 0.0814462006 0.795703173
vt 0.0814462006 0.765077114
vt 0.0508201122 0.765077114
vt 0.0508201122 0.795703173
vt 0.0814462006 0.795703173
vt 0.0814462006 0.765077114
vt 0.0508201122 0.765077114
vt 0.0508201122 0.795703173
vt 0.0814462006 0.795703173
vt 0.0814462006 0.765077114
vt 0.0508201122 0.765077114
vt 0.0508201122 0.795703173
vt 0.0814462006 0.795703173
vt 0.0814462006 0.765077114
vt 0.0508201122 0.765077114
vt 0.0508201122 0.795703173
vt 0.0814462006 0.795703173
vt 0.0814462006 0.765077114
vt 0.0508201122 0.765077114
vt 0.0508201122 0.795703173
vt 0.0814462006 0.795703173
vt 0.0814462006 0.765077114
vt 0.0508201122 0.765077114
vt 0.0508201122 0.795703173
vt 0.0814462006 0.795703173
vt 0.0814462006 0.765077114
vt 0.0508201122 0.765077114
vt 0.0508201122 0.795703173
vt 0.0814462006 0.795703173
vt 0.0814462006 0.765077114
vt 0.0508201122 0.765077114
vt 0.0508201122 0.795703173
vt 0.0814462006 0.795703173
vt 0.0814462006 0.765077114
vt 0.0508201122 0.765077114
vt 0.0508201122 0.795703173
vt 0.0814462006 0.795703173
vt 0.0814462006 0.765077114
vt 0.0508201122 0.765077114
vt 0.0508201122 0.795703173
vt 0.0814462006 0.795703173
vt 0.0814462006 0.765077114
vt 0.0508201122 0.765077114
vt 0.0508201122 0.795703173
vt 0.0814462006 0.795703173
vt 0.0814462006 0.765077114
vt 0.0508201122 0.765077114
vt 0.0508201122 0.795703173
vt 0.0814462006 0.795703173
vt 0.0814462006 0.765077114
vt 0.0508201122 0.765077114
vt 0.0508201122 0.795703173
vt 0.0814462006 0.795703173
vt 0.0814462006 0.765077114
vt 0.0508201122 0.765077114
vt 0.0508201122 0.795703173
vt 0.0814462006 0.795703173
vt 0.0814462006 0.765077114
vt 0.0508201122 0.765077114
vt 0.0508201122 0.795703173
vt 0.0814462006 0.795703173
vt 0.0814462006 0.765077114
vt 0.0508201122 0.765077114
vt 0.0508201122 0.795703173
vt 0.0814462006 0.795703173
vt 0.0814462006 0.765077114
vt 0.0508201122 0.765077114
vt 0.0508201122 0.795703173
vt 0.0814462006 0.795703173
vt 0.0814462006 0.765077114
vt 0.0508201122 0.765077114
vt 0.0508201122 0.795703173
vt 0.0814462006 0.795703173
vt 0.0814462006 0.765077114
vt 0.0508201122 0.765077114
vt 0.0508201122 0.795703173
vt 0.0814462006 0.795703173
vt 0.0814462006 0.765077114
vt 0.0508201122 0.765077114
vt 0.0508201122 0.795703173
vt 0.0814462006 0.795703173
vt 0.0814462006 0.765077114
vt 0.0508201122 0.765077114
vt 0.0508201122 0.795703173
vt 0.0814462006 0.795703173
vt 0.0814462006 0.765077114
vt 0.0508201122 0.765077114
vt 0.0508201122 0.795703173
vt 0.0814462006 0.795703173
vt 0.0814462006 0.765077114
vt 0.0508201122 0.765077114
vt 0.0508201122 0.795703173
vt 0.0814462006 0.795703173
vt 0.0814462006 0.765077114
vt 0.0508201122 0.765077114
vt 0.0508201122 0.795703173
vt 0.0814462006 0.795703173
vt 0.0814462006 0.765077114
vt 0.0508201122 0.765077114
vt 0.0508201122 0.795703173
vt 0.0814462006 0.795703173
vt 0.0814462006 0.765077114
vt 0.0508201122 0.765077114
vt 0.0508201122 0.795703173
vt 0.0814462006 0.795703173
vt 0.0814462006 0.765077114
vt 0.0508201122 0.765077114
vt 0.0508201122 0.795703173
vt 0.0814462006 0.795703173
vt 0.0814462006 0.765077114
vt 0.0508201122 0.765077114
vt 0.0508201122 0.795703173
vt 0.0814462006 0.795703173
vt 0.0814462006 0.765077114
vt 0.0508201122 0.765077114
vt 0.0508201122 0.795703173
vt 0.0814462006 0.795703173
vt 0.0814462006 0.765077114
vt 0.0508201122 0.765077114
vt 0.0508201122 0.795703173
vt 0.0814462006 0.795703173
vt 0.0814462006 0.765077114
vt 0.0508201122 0.765077114
vt 0.0508201122 0.795703173
vt 0.0814462006 0.795703173
vt 0.0814462006 0.765077114
vt 0.0508201122 0.765077114
vt 0.0508201122 0.795703173
vt 0.0814462006 0.795703173
vt 0.0814462006 0.765077114
vt 0.0508201122 0.765077114
vt 0.0508201122 0.795703173
vt 0.0814462006 0.795703173
vt 0.0814462006 0.765077114
vt 0.0508201122 0.765077114
vt 0.0508201122 0.795703173
vt 0.0814462006 0.795703173
vt 0.0814462006 0.765077114
vt 0.0508201122 0.765077114
vt 0.0508201122 0.795703173
vt 0.0814462006 0.795703173
vt 0.0814462006 0.765077114
vt 0.0508201122 0.765077114
vt 0.0508201122 0.795703173
vt 0.0814462006 0.795703173
vt 0.0814462006 0.765077114
vt 0.0508201122 0.765077114
vt 0.0508201122 0.795703173
vt 0.0814462006 0.795703173
vt 0.0814462006 0.765077114
vt 0.0508201122 0.765077114
vt 0.0508201122 0.795703173
vt 0.0814462006 0.795703173
vt 0.0814462006 0.765077114
vt 0.0508201122 0.765077114
vt 0.0508201122 0.795703173
vt 0.0814462006 0.795703173
vt 0.0814462006 0.765077114
vt 0.0508201122 0.765077114
vt 0.0508201122 0.795703173
vt 0.0814462006 0.795703173
vt 0.0814462006 0.765077114
vt 0.0508201122 0.765077114
vt 0.0508201122 0.795703173
vt 0.0814462006 0.795703173
vt 0.0814462006 0.765077114
vt 0.0508201122 0.765077114
vt 0.0508201122 0.795703173
vt 0.0814462006 0.795703173
vt 0.0814462006 0.765077114
vt 0.0508201122 0.765077114
vt 0.0508201122 0.795703173
vt 0.0814462006 0.795703173
vt 0.0814462006 0.765077114
vt 0.0508201122 0.765077114
vt 0.0508201122 0.795703173
vt 0.0814462006 0.795703173
vt 0.0814462006 0.765077114
vt 0.0508201122 0.765077114
vt 0.0508201122 0.795703173
vt 0.0814462006 0.795703173
vt 0.0814462006 0.765077114
vt 0.0508201122 0.765077114
vt 0.0508201122 0.795703173
vt 0.0814462006 0.795703173
vt 0.0814462006 0.765077114
vt 0.0508201122 0.765077114
vt 0.0508201122 0.795703173
vt 0.0814462006 0.795703173
vt 0.0814462006 0.765077114
vt 0.0508201122 0.765077114
vt 0.0508201122 0.795703173
vt 0.0814462006 0.795703173
vt 0.0814462006 0.765077114
vt 0.0508201122 0.765077114
vt 0.0508201122 0.795703173
vt 0.0814462006 0.795703173
vt 0.0814462006 0.765077114
vt 0.0508201122 0.765077114
vt 0.0508201122 0.795703173
vt 0.0814462006 0.795703173
vt 0.0814462006 0.765077114
vt 0.0508201122 0.765077114
vt 0.0508201122 0.795703173
vt 0.0814462006 0.795703173
vt 0.0814462006 0.765077114
vt 0.0508201122 0.765077114
vt 0.0508201122 0.795703173
vt 0.0814462006 0.795703173
vt 0.0814462006 0.765077114
vt 0.0508201122 0.765077114
vt 0.0508201122 0.795703173
vt 0.0814462006 0.795703173
vt 0.0814462006 0.765077114
vt 0.0508201122 0.765077114
vt 0.0508201122 0.795703173
vt 0.0814462006 0.795703173
vt 0.0814462006 0.765077114
vt 0.0508201122 0.765077114
vt 0.0508201122 0.795703173
vt 0.0814462006 0.795703173
vt 0.0814462006 0.765077114
vt 0.0508201122 0.765077114
vt 0.0508201122 0.795703173
vt 0.0814462006 0.795703173
vt 0.0814462006 0.765077114
vt 0.0508201122 0.765077114
vt 0.0508201122 0.795703173
vt 0.0814462006 0.795703173
vt 0.0814462006 0.765077114
vt 0.0508201122 0.765077114
vt 0.0508201122 0.795703173
vt 0.0814462006 0.795703173
vt 0.0814462006 0.765077114
vt 0.0508201122 0.765077114
vt 0.0508201122 0.795703173
vt 0.0814462006 0.795703173
vt 0.0814462006 0.765077114
vt 0.0508201122 0.765077114
vt 0.0508201122 0.795703173
vt 0.0814462006 0.795703173
vt 0.0814462006 0.765077114
vt 0.0508201122 0.765077114
vt 0.0508201122 0.795703173
vt 0.0814462006 0.795703173
vt 0.0814462006 0.765077114
vt 0.0508201122 0.765077114
vt 0.0508201122 0.795703173
vt 0.0814462006 0.795703173
vt 0.0814462006 0.765077114
vt 0.0508201122 0.765077114
vt 0.0508201122 0.795703173
vt 0.0814462006 0.795703173
vt 0.0814462006 0.765077114
vt 0.0508201122 0.765077114
vt 0.0508201122 0.795703173
vt 0.0814462006 0.795703173
vt 0.0814462006 0.765077114
vt 0.0508201122 0.765077114
vt 0.0508201122 0.795703173
vt 0.0814462006 0.795703173
vt 0.0814462006 0.765077114
vt 0.0508201122 0.765077114
vt 0.0508201122 0.795703173
vt 0.0814462006 0.795703173
vt 0.0814462006 0.765077114
vt 0.406472862 0.056723088
vt 0.406472862 0.0873491466
vt 0.43709895 0.0873491466
vt 0.43709895 0.056723088
vt 0.406472862 0.056723088
vt 0.406472862 0.0873491466
vt 0.43709895 0.0873491466
vt 0.43709895 0.056723088
vt 0.406472862 0.056723088
vt 0.406472862 0.0873491466
vt 0.43709895 0.0873491466
vt 0.43709895 0.056723088
vt 0.406472862 0.056723088
vt 0.406472862 0.0873491466
vt 0.43709895 0.0873491466
vt 0.43709895 0.056723088
vt 0.406472862 0.056723088
vt 0.406472862 0.0873491466
vt 0.43709895 0.0873491466
vt 0.43709895 0.056723088
vt 0.406472862 0.056723088
vt 0.406472862 0.0873491466
vt 0.43709895 0.0873491466
vt 0.43709895 0.056723088
vt 0.406472862 0.056723088
vt 0.406472862 0.0873491466
vt 0.43709895 0.0873491466
vt 0.43709895 0.056723088
vt 0.406472862 0.056723088
vt 0.406472862 0.0873491466
vt 0.43709895 0.0873491466
vt 0.43709895 0.056723088
vt 0.406472862 0.056723088
vt 0.406472862 0.0873491466
vt 0.43709895 0.0873491466
vt 0.43709895 0.056723088
vt 0.406472862 0.056723088
vt 0.406472862 0.0873491466
vt 0.43709895 0.0873491466
vt 0.43709895 0.056723088
vt 0.406472862 0.056723088
vt 0.406472862 0.0873491466
vt 0.43709895 0.0873491466
vt 0.43709895 0.056723088
vt 0.406472862 0.056723088
vt 0.406472862 0.0873491466
vt 0.43709895 0.0873491466
vt 0.43709895 0.056723088
vt 0.406472862 0.056723088
vt 0.406472862 0.0873491466
vt 0.43709895 0.0873491466
vt 0.43709895 0.056723088
vt 0.406472862 0.056723088
vt 0.406472862 0.0873491466
vt 0.43709895 0.0873491466
vt 0.43709895 0.056723088
vt 0.602745891 0.732610881
vt 0.602745891 0.76323694
vt 0.633371949 0.76323694
vt 0.633371949 0.732610881
vt 0.406472862 0.056723088
vt 0.406472862 0.0873491466
vt 0.43709895 0.0873491466
vt 0.43709895 0.056723088
vt 0.406472862 0.056723088
vt 0.406472862 0.0873491466
vt 0.43709895 0.0873491466
vt 0.43709895 0.056723088
vt 0.406472862 0.056723088
vt 0.406472862 0.0873491466
vt 0.43709895 0.0873491466
vt 0.43709895 0.056723088
vt 0.406472862 0.056723088
vt 0.406472862 0.0873491466
vt 0.43709895 0.0873491466
vt 0.43709895 0.056723088
vt 0.406472862 0.056723088
vt 0.406472862 0.0873491466
vt 0.43709895 0.0873491466
vt 0.43709895 0.056723088
vt 0.406472862 0.056723088
vt 0.406472862 0.0873491466
vt 0.43709895 0.0873491466
vt 0.43709895 0.056723088
vt 0.406472862 0.056723088
vt 0.406472862 0.0873491466
vt 0.43709895 0.0873491466
vt 0.43709895 0.056723088
vt 0.406472862 0.056723088
vt 0.406472862 0.0873491466
vt 0.43709895 0.0873491466
vt 0.43709895 0.056723088
vt 0.406472862 0.056723088
vt 0.406472862 0.0873491466
vt 0.43709895 0.0873491466
vt 0.43709895 0.056723088
vt 0.406472862 0.056723088
vt 0.406472862 0.0873491466
vt 0.43709895 0.0873491466
vt 0.43709895 0.056723088
vt 0.406472862 0.056723088
vt 0.406472862 0.0873491466
vt 0.43709895 0.0873491466
vt 0.43709895 0.056723088
vt 0.406472862 0.056723088
vt 0.406472862 0.0873491466
vt 0.43709895 0.0873491466
vt 0.43709895 0.056723088
vt 0.406472862 0.056723088
vt 0.406472862 0.0873491466
vt 0.43709895 0.0873491466
vt 0.43709895 0.056723088
vt 0.406472862 0.056723088
vt 0.406472862 0.0873491466
vt 0.43709895 0.0873491466
vt 0.43709895 0.056723088
vt 0.406472862 0.056723088
vt 0.406472862 0.0873491466
vt 0.43709895 0.0873491466
vt 0.43709895 0.056723088
vt 0.0508201122 0.765077114
vt 0.0508201122 0.795703173
vt 0.0814462006 0.795703173
vt 0.0814462006 0.765077114
vt 0.0508201122 0.765077114
vt 0.0508201122 0.795703173
vt 0.0814462006 0.795703173
vt 0.0814462006 0.765077114
vt 0.0508201122 0.765077114
vt 0.0508201122 0.795703173
vt 0.0814462006 0.795703173
vt 0.0814462006 0.765077114
vt 0.0508201122 0.765077114
vt 0.0508201122 0.795703173
vt 0.0814462006 0.795703173
vt 0.0814462006 0.765077114
vt 0.0508201122 0.765077114
vt 0.0508201122 0.795703173
vt 0.0814462006 0.795703173
vt 0.0814462006 0.765077114
vt 0.0508201122 0.765077114
vt 0.0508201122 0.795703173
vt 0.0814462006 0.795703173
vt 0.0814462006 0.765077114
vt 0.0508201122 0.765077114
vt 0.0508201122 0.795703173
vt 0.0814462006 0.795703173
vt 0.0814462006 0.765077114
vt 0.0508201122 0.765077114
vt 0.0508201122 0.795703173
vt 0.0814462006 0.795703173
vt 0.0814462006 0.765077114
vt 0.406472862 0.056723088
vt 0.406472862 0.0873491466
vt 0.43709895 0.0873491466
vt 0.43709895 0.056723088
vt 0.336744219 0.0677911639
vt 0.336744219 0.0984172225
vt 0.367370307 0.0984172225
vt 0.367370307 0.0677911639
vt 0.406472862 0.056723088
vt 0.406472862 0.0873491466
vt 0.43709895 0.0873491466
vt 0.43709895 0.056723088
vt 0.336744219 0.0677911639
vt 0.336744219 0.0984172225
vt 0.367370307 0.0984172225
vt 0.367370307 0.0677911639
vt 0.0508201122 0.780390143
vt 0.0508201122 0.795703173
vt 0.0814462006 0.795703173
vt 0.0814462006 0.780390143
vt 0.0508201122 0.765077114
vt 0.0814462006 0.765077114
vt 0.358880281 0.0936166048
vt 0.358880281 0.124242663
vt 0.38950637 0.124242663
vt 0.38950637 0.0936166048
vt 0.336744219 0.0677911639
vt 0.336744219 0.0984172225
vt 0.367370307 0.0984172225
vt 0.367370307 0.0677911639
vt 0.667678416 0.694241703
vt 0.667678416 0.724867761
vt 0.698304534 0.724867761
vt 0.698304534 0.694241703
vt 0.336744219 0.0677911639
vt 0.336744219 0.0984172225
vt 0.367370307 0.0984172225
vt 0.367370307 0.0677911639
vt 0.336744219 0.0677911639
vt 0.336744219 0.0984172225
vt 0.367370307 0.0984172225
vt 0.367370307 0.0677911639
vt 0.667678416 0.694241703
vt 0.667678416 0.724867761
vt 0.698304534 0.724867761
vt 0.698304534 0.694241703
vt 0.336744219 0.0677911639
vt 0.336744219 0.0984172225
vt 0.367370307 0.0984172225
vt 0.367370307 0.0677911639
vt 0.336744219 0.0677911639
vt 0.336744219 0.0984172225
vt 0.367370307 0.0984172225
vt 0.367370307 0.0677911639
vt 0.336744219 0.0677911639
vt 0.336744219 0.0984172225
vt 0.367370307 0.0984172225
vt 0.367370307 0.0677911639
vt 0.667678416 0.694241703
vt 0.667678416 0.724867761
vt 0.698304534 0.724867761
vt 0.698304534 0.694241703
vt 0.667678416 0.694241703
vt 0.667678416 0.724867761
vt 0.698304534 0.724867761
vt 0.698304534 0.694241703
vt 0.667678416 0.694241703
vt 0.667678416 0.724867761
vt 0.698304534 0.724867761
vt 0.698304534 0.694241703
vt 0.336744219 0.0677911639
vt 0.336744219 0.0984172225
vt 0.367370307 0.0984172225
vt 0.367370307 0.0677911639
vt 0.667678416 0.694241703
vt 0.667678416 0.724867761
vt 0.698304534 0.724867761
vt 0.698304534 0.694241703
vt 0.336744219 0.0677911639
vt 0.336744219 0.0984172225
vt 0.367370307 0.0984172225
vt 0.367370307 0.0677911639
vt 0.667678416 0.694241703
vt 0.667678416 0.724867761
vt 0.698304534 0.724867761
vt 0.698304534 0.694241703
vt 0.336744219 0.0677911639
vt 0.336744219 0.0984172225
vt 0.367370307 0.0984172225
vt 0.367370307 0.0677911639
vt 0.911175072 0.63871932
vt 0.911175072 0.65403235
vt 0.94180119 0.65403235
vt 0.94180119 0.63871932
vt 0.667678416 0.694241703
vt 0.667678416 0.724867761
vt 0.698304534 0.724867761
vt 0.698304534 0.694241703
vt 0.0508201122 0.765077114
vt 0.0508201122 0.795703173
vt 0.0814462006 0.795703173
vt 0.0814462006 0.765077114
vt 0.0508201122 0.780390143
vt 0.0508201122 0.795703173
vt 0.0814462006 0.795703173
vt 0.0814462006 0.780390143
vt 0.0508201122 0.765077114
vt 0.0814462006 0.765077114
vt 0.911175072 0.63871932
vt 0.911175072 0.65403235
vt 0.94180119 0.65403235
vt 0.94180119 0.63871932
vt 0.0508201122 0.780390143
vt 0.0508201122 0.795703173
vt 0.0814462006 0.795703173
vt 0.0814462006 0.780390143
vt 0.0508201122 0.765077114
vt 0.0814462006 0.765077114
vt 0.0508201122 0.765077114
vt 0.0508201122 0.795703173
vt 0.0814462006 0.795703173
vt 0.0814462006 0.765077114
vt 0.0508201122 0.765077114
vt 0.0508201122 0.795703173
vt 0.0814462006 0.795703173
vt 0.0814462006 0.765077114
vt 0.0508201122 0.765077114
vt 0.0508201122 0.795703173
vt 0.0814462006 0.795703173
vt 0.0814462006 0.765077114
vt 0.0508201122 0.765077114
vt 0.0508201122 0.795703173
vt 0.0814462006 0.795703173
vt 0.0814462006 0.765077114
vt 0.0508201122 0.765077114
vt 0.0508201122 0.795703173
vt 0.0814462006 0.795703173
vt 0.0814462006 0.765077114
vt 0.0508201122 0.765077114
vt 0.0508201122 0.795703173
vt 0.0814462006 0.795703173
vt 0.0814462006 0.765077114
vt 0.0508201122 0.765077114
vt 0.0508201122 0.795703173
vt 0.0814462006 0.795703173
vt 0.0814462006 0.765077114
vt 0.0508201122 0.765077114
vt 0.0508201122 0.795703173
vt 0.0814462006 0.795703173
vt 0.0814462006 0.765077114
vt 0.0508201122 0.765077114
vt 0.0508201122 0.795703173
vt 0.0814462006 0.795703173
vt 0.0814462006 0.765077114
vt 0.0508201122 0.765077114
vt 0.0508201122 0.795703173
vt 0.0814462006 0.795703173
vt 0.0814462006 0.765077114
vt 0.0508201122 0.765077114
vt 0.0508201122 0.795703173
vt 0.0814462006 0.795703173
vt 0.0814462006 0.765077114
vt 0.0508201122 0.765077114
vt 0.0508201122 0.795703173
vt 0.0814462006 0.795703173
vt 0.0814462006 0.765077114
vt 0.0508201122 0.765077114
vt 0.0508201122 0.795703173
vt 0.0814462006 0.795703173
vt 0.0814462006 0.765077114
vt 0.0508201122 0.765077114
vt 0.0508201122 0.795703173
vt 0.0814462006 0.795703173
vt 0.0814462006 0.765077114
vt 0.0508201122 0.765077114
vt 0.0508201122 0.795703173
vt 0.0814462006 0.795703173
vt 0.0814462006 0.765077114
vt 0.0508201122 0.765077114
vt 0.0508201122 0.795703173
vt 0.0814462006 0.795703173
vt 0.0814462006 0.765077114
vt 0.0508201122 0.765077114
vt 0.0508201122 0.795703173
vt 0.0814462006 0.795703173
vt 0.0814462006 0.765077114
vt 0.0508201122 0.765077114
vt 0.0508201122 0.795703173
vt 0.0814462006 0.795703173
vt 0.0814462006 0.765077114
vt 0.0508201122 0.765077114
vt 0.0508201122 0.795703173
vt 0.0814462006 0.795703173
vt 0.0814462006 0.765077114
vt 0.0508201122 0.765077114
vt 0.0508201122 0.795703173
vt 0.0814462006 0.795703173
vt 0.0814462006 0.765077114
vt 0.0508201122 0.765077114
vt 0.0508201122 0.795703173
vt 0.0814462006 0.795703173
vt 0.0814462006 0.765077114
vt 0.0508201122 0.765077114
vt 0.0508201122 0.795703173
vt 0.0814462006 0.795703173
vt 0.0814462006 0.765077114
vt 0.0508201122 0.765077114
vt 0.0508201122 0.795703173
vt 0.0814462006 0.795703173
vt 0.0814462006 0.765077114
vt 0.0508201122 0.765077114
vt 0.0508201122 0.795703173
vt 0.0814462006 0.795703173
vt 0.0814462006 0.765077114
vt 0.0508201122 0.765077114
vt 0.0508201122 0.795703173
vt 0.0814462006 0.795703173
vt 0.0814462006 0.765077114
vt 0.406472862 0.056723088
vt 0.406472862 0.0873491466
vt 0.43709895 0.0873491466
vt 0.43709895 0.056723088
vt 0.406472862 0.056723088
vt 0.406472862 0.0873491466
vt 0.43709895 0.0873491466
vt 0.43709895 0.056723088
vt 0.0508201122 0.765077114
vt 0.0508201122 0.795703173
vt 0.0814462006 0.795703173
vt 0.0814462006 0.765077114
vt 0.0508201122 0.765077114
vt 0.0508201122 0.795703173
vt 0.0814462006 0.795703173
vt 0.0814462006 0.765077114
vt 0.0508201122 0.765077114
vt 0.0508201122 0.795703173
vt 0.0814462006 0.795703173
vt 0.0814462006 0.765077114
vt 0.0508201122 0.780390143
vt 0.0508201122 0.795703173
vt 0.0814462006 0.795703173
vt 0.0814462006 0.780390143
vt 0.0508201122 0.765077114
vt 0.0814462006 0.765077114
vt 0.0508201122 0.780390143
vt 0.0508201122 0.795703173
vt 0.0814462006 0.795703173
vt 0.0814462006 0.780390143
vt 0.0508201122 0.765077114
vt 0.0814462006 0.765077114
vt 0.0508201122 0.780390143
vt 0.0508201122 0.795703173
vt 0.0814462006 0.795703173
vt 0.0814462006 0.780390143
vt 0.0508201122 0.765077114
vt 0.0814462006 0.765077114
vt 0.0508201122 0.765077114
vt 0.0508201122 0.795703173
vt 0.0814462006 0.795703173
vt 0.0814462006 0.765077114
vt 0.0508201122 0.765077114
vt 0.0508201122 0.795703173
vt 0.0814462006 0.795703173
vt 0.0814462006 0.765077114
vt 0.0508201122 0.765077114
vt 0.0508201122 0.795703173
vt 0.0814462006 0.795703173
vt 0.0814462006 0.765077114
vt 0.0508201122 0.780390143
vt 0.0508201122 0.795703173
vt 0.0814462006 0.795703173
vt 0.0814462006 0.780390143
vt 0.0508201122 0.765077114
vt 0.0814462006 0.765077114
vt 0.0508201122 0.765077114
vt 0.0508201122 0.795703173
vt 0.0814462006 0.795703173
vt 0.0814462006 0.765077114
vt 0.131926686 0.718797982
vt 0.131926686 0.734111011
vt 0.162552744 0.734111011
vt 0.162552744 0.718797982
vt 0.131926686 0.718797982
vt 0.131926686 0.734111011
vt 0.162552744 0.734111011
vt 0.162552744 0.718797982
vt 0.131926686 0.718797982
vt 0.131926686 0.734111011
vt 0.162552744 0.734111011
vt 0.162552744 0.718797982
vt 0.131926686 0.718797982
vt 0.131926686 0.734111011
vt 0.162552744 0.734111011
vt 0.162552744 0.718797982
vt 0.131926686 0.718797982
vt 0.131926686 0.734111011
vt 0.162552744 0.734111011
vt 0.162552744 0.718797982
vt 0.131926686 0.718797982
vt 0.131926686 0.734111011
vt 0.162552744 0.734111011
vt 0.162552744 0.718797982
vt 0.131926686 0.718797982
vt 0.131926686 0.734111011
vt 0.162552744 0.734111011
vt 0.162552744 0.718797982
vt 0.131926686 0.718797982
vt 0.131926686 0.734111011
vt 0.162552744 0.734111011
vt 0.162552744 0.718797982
vt 0.131926686 0.718797982
vt 0.131926686 0.734111011
vt 0.162552744 0.734111011
vt 0.162552744 0.718797982
vt 0.131926686 0.718797982
vt 0.131926686 0.734111011
vt 0.162552744 0.734111011
vt 0.162552744 0.718797982
vt 0.131926686 0.718797982
vt 0.131926686 0.734111011
vt 0.162552744 0.734111011
vt 0.162552744 0.718797982
vt 0.131926686 0.718797982
vt 0.131926686 0.734111011
vt 0.162552744 0.734111011
vt 0.162552744 0.718797982
vt 0.131926686 0.718797982
vt 0.131926686 0.734111011
vt 0.162552744 0.734111011
vt 0.162552744 0.718797982
vt 0.131926686 0.718797982
vt 0.131926686 0.734111011
vt 0.162552744 0.734111011
vt 0.162552744 0.718797982
vt 0.131926686 0.718797982
vt 0.131926686 0.734111011
vt 0.162552744 0.734111011
vt 0.162552744 0.718797982
vt 0.131926686 0.718797982
vt 0.131926686 0.734111011
vt 0.162552744 0.734111011
vt 0.162552744 0.718797982
vt 0.131926686 0.718797982
vt 0.131926686 0.734111011
vt 0.162552744 0.734111011
vt 0.162552744 0.718797982
vt 0.131926686 0.718797982
vt 0.131926686 0.734111011
vt 0.162552744 0.734111011
vt 0.162552744 0.718797982
vt 0.131926686 0.718797982
vt 0.131926686 0.734111011
vt 0.162552744 0.734111011
vt 0.162552744 0.718797982
vt 0.131926686 0.718797982
vt 0.131926686 0.734111011
vt 0.162552744 0.734111011
vt 0.162552744 0.718797982
vt 0.131926686 0.718797982
vt 0.131926686 0.734111011
vt 0.162552744 0.734111011
vt 0.162552744 0.718797982
vt 0.131926686 0.718797982
vt 0.131926686 0.734111011
vt 0.162552744 0.734111011
vt 0.162552744 0.718797982
vt 0.131926686 0.718797982
vt 0.131926686 0.734111011
vt 0.162552744 0.734111011
vt 0.162552744 0.718797982
vt 0.131926686 0.718797982
vt 0.131926686 0.734111011
vt 0.162552744 0.734111011
vt 0.162552744 0.718797982
vt 0.131926686 0.718797982
vt 0.131926686 0.734111011
vt 0.162552744 0.734111011
vt 0.162552744 0.718797982
vt 0.131926686 0.718797982
vt 0.131926686 0.734111011
vt 0.162552744 0.734111011
vt 0.162552744 0.718797982
vt 0.131926686 0.718797982
vt 0.131926686 0.734111011
vt 0.162552744 0.734111011
vt 0.162552744 0.718797982
vt 0.131926686 0.718797982
vt 0.131926686 0.734111011
vt 0.162552744 0.734111011
vt 0.162552744 0.718797982
vt 0.131926686 0.718797982
vt 0.131926686 0.734111011
vt 0.162552744 0.734111011
vt 0.162552744 0.718797982
vt 0.131926686 0.718797982
vt 0.131926686 0.734111011
vt 0.162552744 0.734111011
vt 0.162552744 0.718797982
vt 0.131926686 0.718797982
vt 0.131926686 0.734111011
vt 0.162552744 0.734111011
vt 0.162552744 0.718797982
vt 0.0508201122 0.765077114
vt 0.0508201122 0.795703173
vt 0.0814462006 0.795703173
vt 0.0814462006 0.765077114
vt 0.0508201122 0.765077114
vt 0.0508201122 0.795703173
vt 0.0814462006 0.795703173
vt 0.0814462006 0.765077114
vt 0.0508201122 0.765077114
vt 0.0508201122 0.795703173
vt 0.0814462006 0.795703173
vt 0.0814462006 0.765077114
vt 0.0508201122 0.765077114
vt 0.0508201122 0.795703173
vt 0.0814462006 0.795703173
vt 0.0814462006 0.765077114
vt 0.0508201122 0.765077114
vt 0.0508201122 0.795703173
vt 0.0814462006 0.795703173
vt 0.0814462006 0.765077114
vt 0.0508201122 0.765077114
vt 0.0508201122 0.795703173
vt 0.0814462006 0.795703173
vt 0.0814462006 0.765077114
vt 0.0508201122 0.765077114
vt 0.0508201122 0.795703173
vt 0.0814462006 0.795703173
vt 0.0814462006 0.765077114
vn -1.000000 0.000000 0.000004
vn -1.000000 0.000000 0.000004
vn -1.000000 0.000000 0.000004
vn 1.000000 -0.000000 -0.000004
vn 1.000000 -0.000000 -0.000004
vn 1.000000 -0.000000 -0.000004
vn 1.000000 -0.000000 -0.000004
vn 1.000000 -0.000000 -0.000004
vn 1.000000 -0.000000 -0.000004
vn 1.000000 -0.000000 -0.000004
vn 1.000000 -0.000000 -0.000004
vn 0.000000 1.000000 -0.000000
vn 0.000000 1.000000 -0.000000
vn 0.000000 1.000000 -0.000000
vn 0.000000 1.000000 -0.000000
vn 0.000000 1.000000 -0.000000
vn 0.000004 0.000000 1.000000
vn 0.000004 0.000000 1.000000
vn 0.000004 0.000000 1.000000
vn -1.000000 0.000000 0.000004
vn -1.000000 0.000000 0.000004
vn -1.000000 0.000000 0.000004
vn -1.000000 0.000000 0.000004
vn -1.000000 0.000000 0.000004
vn -1.000000 0.000000 0.000004
vn -1.000000 0.000000 0.000004
vn -1.000000 0.000000 0.000004
vn -1.000000 0.000000 0.000004
vn -1.000000 0.000000 0.000004
vn -1.000000 0.000000 0.000004
vn -1.000000 0.000000 0.000004
vn -1.000000 0.000000 0.000004
vn -1.000000 0.000000 0.000004
vn -1.000000 0.000000 0.000004
vn -1.000000 0.000000 0.000004
vn -1.000000 0.000000 0.000004
vn -1.000000 0.000000 0.000004
vn -1.000000 0.000000 0.000004
vn -0.000004 -0.000000 -1.000000
vn -0.000004 -0.000000 -1.000000
vn -0.000004 -0.000000 -1.000000
vn -0.000004 -0.000000 -1.000000
vn -0.000004 -0.000000 -1.000000
vn -0.000004 -0.000000 -1.000000
vn -1.000000 0.000000 0.000004
vn -1.000000 0.000000 0.000004
vn -1.000000 0.000000 0.000004
vn -1.000000 0.000000 0.000004
vn -1.000000 0.000000 0.000004
vn 1.000000 -0.000000 -0.000004
vn 1.000000 -0.000000 -0.000004
vn 1.000000 -0.000000 -0.000004
vn 0.000000 1.000000 -0.000000
vn 0.000000 1.000000 -0.000000
vn 0.000000 1.000000 -0.000000
vn 0.000000 1.000000 -0.000000
vn 0.000000 1.000000 -0.000000
vn -0.000004 -0.000000 -1.000000
vn -0.000004 -0.000000 -1.000000
vn -0.000004 -0.000000 -1.000000
vn -0.000000 -1.000000 0.000000
vn -0.000000 -1.000000 0.000000
vn -0.000000 -1.000000 0.000000
vn -0.000004 -0.000000 -1.000000
vn -0.000004 -0.000000 -1.000000
vn -0.000004 -0.000000 -1.000000
vn -0.000000 -1.000000 0.000000
vn -0.000000 -1.000000 0.000000
vn -0.000000 -1.000000 0.000000
vn 1.000000 -0.000000 -0.000004
vn 1.000000 -0.000000 -0.000004
vn 1.000000 -0.000000 -0.000004
vn 1.000000 -0.000000 -0.000004
vn 1.000000 -0.000000 -0.000004
vn 1.000000 -0.000000 -0.000004
vn 1.000000 -0.000000 -0.000004
vn 1.000000 -0.000000 -0.000004
vn 1.000000 -0.000000 -0.000004
vn 1.000000 -0.000000 -0.000004
vn 1.000000 -0.000000 -0.000004
vn 1.000000 -0.000000 -0.000004
vn 1.000000 -0.000000 -0.000004
vn 1.000000 -0.000000 -0.000004
vn 1.000000 -0.000000 -0.000004
vn 1.000000 -0.000000 -0.000004
vn 1.000000 -0.000000 -0.000004
vn 1.000000 -0.000000 -0.000004
vn -1.000000 0.000000 0.000004
vn -1.000000 0.000000 0.000004
vn -1.000000 0.000000 0.000004
vn -0.000004 -0.000000 -1.000000
vn -0.000004 -0.000000 -1.000000
vn -0.000004 -0.000000 -1.000000
vn 1.000000 -0.000000 -0.000004
vn 1.000000 -0.000000 -0.000004
vn 1.000000 -0.000000 -0.000004
vn 0.000004 0.000000 1.000000
vn 0.000004 0.000000 1.000000
vn 0.000004 0.000000 1.000000
vn -1.000000 0.000000 0.000004
vn -1.000000 0.000000 0.000004
vn -1.000000 0.000000 0.000004
vn -0.000004 -0.000000 -1.000000
vn -0.000004 -0.000000 -1.000000
vn -0.000004 -0.000000 -1.000000
vn 1.000000 -0.000000 -0.000004
vn 1.000000 -0.000000 -0.000004
vn 1.000000 -0.000000 -0.000004
vn 0.000004 0.000000 1.000000
vn 0.000004 0.000000 1.000000
vn 0.000004 0.000000 1.000000
vn -1.000000 0.000000 0.000004
vn -1.000000 0.000000 0.000004
vn -1.000000 0.000000 0.000004
vn -0.000004 -0.000000 -1.000000
vn -0.000004 -0.000000 -1.000000
vn -0.000004 -0.000000 -1.000000
vn 1.000000 -0.000000 -0.000004
vn 1.000000 -0.000000 -0.000004
vn 1.000000 -0.000000 -0.000004
vn 0.000004 0.000000 1.000000
vn 0.000004 0.000000 1.000000
vn 0.000004 0.000000 1.000000
vn -1.000000 0.000000 0.000004
vn -1.000000 0.000000 0.000004
vn -1.000000 0.000000 0.000004
vn -0.000004 -0.000000 -1.000000
vn -0.000004 -0.000000 -1.000000
vn -0.000004 -0.000000 -1.000000
vn 1.000000 -0.000000 -0.000004
vn 1.000000 -0.000000 -0.000004
vn 1.000000 -0.000000 -0.000004
vn 0.000004 0.000000 1.000000
vn 0.000004 0.000000 1.000000
vn 0.000004 0.000000 1.000000
vn 0.000004 0.000000 1.000000
vn 0.000004 0.000000 1.000000
vn 0.000004 0.000000 1.000000
vn -1.000000 0.000000 0.000004
vn -1.000000 0.000000 0.000004
vn -1.000000 0.000000 0.000004
vn -0.000004 -0.000000 -1.000000
vn -0.000004 -0.000000 -1.000000
vn -0.000004 -0.000000 -1.000000
vn 1.000000 -0.000000 -0.000004
vn 1.000000 -0.000000 -0.000004
vn 1.000000 -0.000000 -0.000004
vn 0.000004 0.000000 1.000000
vn 0.000004 0.000000 1.000000
vn 0.000004 0.000000 1.000000
vn -1.000000 0.000000 0.000004
vn -1.000000 0.000000 0.000004
vn -1.000000 0.000000 0.000004
vn -0.000004 -0.000000 -1.000000
vn -0.000004 -0.000000 -1.000000
vn -0.000004 -0.000000 -1.000000
vn 1.000000 -0.000000 -0.000004
vn 1.000000 -0.000000 -0.000004
vn 1.000000 -0.000000 -0.000004
vn 0.000004 0.000000 1.000000
vn 0.000004 0.000000 1.000000
vn 0.000004 0.000000 1.000000
vn -1.000000 0.000000 0.000004
vn -1.000000 0.000000 0.000004
vn -1.000000 0.000000 0.000004
vn -0.000004 -0.000000 -1.000000
vn -0.000004 -0.000000 -1.000000
vn -0.000004 -0.000000 -1.000000
vn 1.000000 -0.000000 -0.000004
vn 1.000000 -0.000000 -0.000004
vn 1.000000 -0.000000 -0.000004
vn 0.000004 0.000000 1.000000
vn 0.000004 0.000000 1.000000
vn 0.000004 0.000000 1.000000
vn -1.000000 0.000000 0.000004
vn -1.000000 0.000000 0.000004
vn -1.000000 0.000000 0.000004
vn -0.000004 -0.000000 -1.000000
vn -0.000004 -0.000000 -1.000000
vn -0.000004 -0.000000 -1.000000
vn 1.000000 -0.000000 -0.000004
vn 1.000000 -0.000000 -0.000004
vn 1.000000 -0.000000 -0.000004
vn 0.000004 0.000000 1.000000
vn 0.000004 0.000000 1.000000
vn 0.000004 0.000000 1.000000
vn -1.000000 0.000000 0.000004
vn -1.000000 0.000000 0.000004
vn -1.000000 0.000000 0.000004
vn -1.000000 0.000000 0.000004
vn -1.000000 0.000000 0.000004
vn -1.000000 0.000000 0.000004
vn 1.000000 -0.000000 -0.000004
vn 1.000000 -0.000000 -0.000004
vn 1.000000 -0.000000 -0.000004
vn 1.000000 -0.000000 -0.000004
vn 1.000000 -0.000000 -0.000004
vn 1.000000 -0.000000 -0.000004
vn 0.000004 0.000000 1.000000
vn 0.000004 0.000000 1.000000
vn 0.000004 0.000000 1.000000
vn 0.000004 0.000000 1.000000
vn 0.000000 1.000000 -0.000000
vn 0.000000 1.000000 -0.000000
vn 0.000000 1.000000 -0.000000
vn 0.000000 1.000000 -0.000000
vn 0.000000 1.000000 -0.000000
vn 0.000000 1.000000 -0.000000
vn -0.000000 -1.000000 0.000000
vn -0.000000 -1.000000 0.000000
vn -0.000000 -1.000000 0.000000
vn -0.000000 -1.000000 0.000000
vn -0.030271 -0.000000 -0.999542
vn -0.030271 -0.000000 -0.999542
vn 0.004540 -0.000000 -0.999990
vn 0.039388 -0.000000 -0.999224
vn 0.074146 -0.000000 -0.997247
vn 0.074146 -0.000000 -0.997247
vn -1.000000 0.000000 0.000004
vn -1.000000 0.000000 0.000004
vn -1.000000 0.000000 0.000004
vn -1.000000 0.000000 0.000004
vn 1.000000 -0.000000 -0.000004
vn 1.000000 -0.000000 -0.000004
vn 1.000000 -0.000000 -0.000004
vn 1.000000 -0.000000 -0.000004
vn 0.000004 0.047537 0.998869
vn 0.000004 0.047537 0.998869
vn 0.000004 0.047537 0.998869
vn 0.000004 0.047537 0.998869
vn -0.000000 -0.999359 -0.035786
vn -0.000000 -0.999359 -0.035786
vn -0.000000 -0.999359 -0.035786
vn -0.000000 -0.999359 -0.035786
vn 0.000000 0.999359 0.035786
vn 0.000000 0.999359 0.035786
vn 0.000000 0.999359 0.035786
vn 0.000000 0.999359 0.035786
vn -1.000000 0.000000 0.000004
vn -1.000000 0.000000 0.000004
vn -1.000000 0.000000 0.000004
vn -1.000000 0.000000 0.000004
vn 1.000000 -0.000000 -0.000004
vn 1.000000 -0.000000 -0.000004
vn 1.000000 -0.000000 -0.000004
vn 1.000000 -0.000000 -0.000004
vn -0.030300 -0.000000 -0.999541
vn 0.004543 -0.000000 -0.999990
vn -0.030300 -0.000000 -0.999541
vn 0.039424 -0.000000 -0.999223
vn 0.074214 -0.000000 -0.997242
vn 0.074214 -0.000000 -0.997242
vn 0.000000 1.000000 -0.000000
vn 0.000000 1.000000 -0.000000
vn 0.000000 1.000000 -0.000000
vn 0.000000 1.000000 -0.000000
vn 0.000000 1.000000 -0.000000
vn 0.000000 1.000000 -0.000000
vn -0.021968 0.000000 0.999759
vn 0.030271 0.000000 0.999542
vn 0.030271 0.000000 0.999542
vn -0.021968 0.000000 0.999759
vn -0.074146 0.000000 0.997247
vn -0.074146 0.000000 0.997247
vn 1.000000 -0.000000 -0.000004
vn 1.000000 -0.000000 -0.000004
vn 1.000000 -0.000000 -0.000004
vn 1.000000 -0.000000 -0.000004
vn -0.021987 0.000000 0.999758
vn -0.074214 0.000000 0.997242
vn -0.074214 0.000000 0.997242
vn -0.021987 0.000000 0.999758
vn 0.030300 0.000000 0.999541
vn 0.030300 0.000000 0.999541
vn -1.000000 0.000000 0.000004
vn -1.000000 0.000000 0.000004
vn -1.000000 0.000000 0.000004
vn -1.000000 0.000000 0.000004
vn 1.000000 -0.000000 -0.000004
vn 1.000000 -0.000000 -0.000004
vn 1.000000 -0.000000 -0.000004
vn 1.000000 -0.000000 -0.000004
vn -0.000000 -1.000000 0.000000
vn -0.000000 -1.000000 0.000000
vn -0.000000 -1.000000 0.000000
vn -0.000000 -1.000000 0.000000
vn -0.000000 -1.000000 0.000000
vn -0.000000 -1.000000 0.000000
vn -0.000000 -1.000000 0.000000
vn -0.000000 -1.000000 0.000000
vn -0.000000 -1.000000 0.000000
vn -0.000000 -1.000000 0.000000
vn -0.000000 -1.000000 0.000000
vn -0.000000 -1.000000 0.000000
vn -1.000000 0.000000 0.000004
vn -1.000000 0.000000 0.000004
vn -1.000000 0.000000 0.000004
vn -1.000000 0.000000 0.000004
vn -0.000002 0.923879 -0.382684
vn -0.000003 0.707107 -0.707107
vn -0.000003 0.707107 -0.707107
vn -0.000002 0.923879 -0.382684
vn 0.000002 0.923880 0.382683
vn 0.000002 0.923880 0.382683
vn 0.000003 0.707107 0.707107
vn 0.000003 0.707107 0.707107
vn 1.000000 -0.000000 -0.000004
vn 1.000000 -0.000000 -0.000004
vn 1.000000 -0.000000 -0.000004
vn 1.000000 -0.000000 -0.000004
vn -1.000000 0.000000 0.000004
vn -1.000000 0.000000 0.000004
vn -1.000000 0.000000 0.000004
vn -1.000000 0.000000 0.000004
vn -0.000004 -0.000000 -1.000000
vn -0.000004 -0.000000 -1.000000
vn -0.000004 -0.000000 -1.000000
vn -0.000004 -0.000000 -1.000000
vn 1.000000 -0.000000 -0.000004
vn 1.000000 -0.000000 -0.000004
vn 1.000000 -0.000000 -0.000004
vn 1.000000 -0.000000 -0.000004
vn 0.000004 0.000000 1.000000
vn 0.000004 0.000000 1.000000
vn 0.000004 0.000000 1.000000
vn 0.000004 0.000000 1.000000
vn -0.000002 -0.845733 -0.533607
vn -0.000002 -0.845733 -0.533607
vn -0.000002 -0.849082 -0.528262
vn -0.000002 -0.849082 -0.528262
vn 1.000000 -0.000000 -0.000004
vn 1.000000 -0.000000 -0.000004
vn 1.000000 -0.000000 -0.000004
vn 1.000000 -0.000000 -0.000004
vn 1.000000 -0.000000 -0.000004
vn 1.000000 -0.000000 -0.000004
vn -0.000004 -0.000000 -1.000000
vn -0.000004 -0.000000 -1.000000
vn -0.000004 -0.000000 -1.000000
vn -0.000004 -0.000000 -1.000000
vn 0.000004 0.000000 1.000000
vn 0.000004 0.000000 1.000000
vn 0.000004 0.000000 1.000000
vn 0.000004 0.000000 1.000000
vn -0.000002 -0.845733 -0.533607
vn -0.000002 -0.845733 -0.533607
vn -0.000002 -0.849082 -0.528262
vn -0.000002 -0.849082 -0.528262
vn 1.000000 -0.000000 -0.000004
vn 1.000000 -0.000000 -0.000004
vn 1.000000 -0.000000 -0.000004
vn 1.000000 -0.000000 -0.000004
vn 0.000004 0.000000 1.000000
vn 0.000004 0.000000 1.000000
vn 0.000004 0.000000 1.000000
vn 0.000004 0.000000 1.000000
vn 1.000000 -0.000000 -0.000004
vn 1.000000 -0.000000 -0.000004
vn 1.000000 -0.000000 -0.000004
vn 1.000000 -0.000000 -0.000004
vn 1.000000 -0.000000 -0.000004
vn 1.000000 -0.000000 -0.000004
vn -0.000004 -0.000000 -1.000000
vn -0.000004 -0.000000 -1.000000
vn -0.000004 -0.000000 -1.000000
vn -0.000004 -0.000000 -1.000000
vn -0.000002 -0.845733 -0.533607
vn -0.000002 -0.845733 -0.533607
vn -0.000002 -0.849082 -0.528262
vn -0.000002 -0.849082 -0.528262
vn -1.000000 0.000000 0.000004
vn -1.000000 0.000000 0.000004
vn -1.000000 0.000000 0.000004
vn -1.000000 0.000000 0.000004
vn 1.000000 -0.000000 -0.000004
vn 1.000000 -0.000000 -0.000004
vn 1.000000 -0.000000 -0.000004
vn 1.000000 -0.000000 -0.000004
vn -0.000001 -0.959779 -0.280758
vn -0.000001 -0.959779 -0.280758
vn -0.000002 -0.845733 -0.533607
vn -0.000002 -0.845733 -0.533607
vn 0.000004 0.000000 1.000000
vn 0.000004 0.000000 1.000000
vn 0.000004 0.000000 1.000000
vn 0.000004 0.000000 1.000000
vn 0.000004 0.000000 1.000000
vn 0.000004 0.000000 1.000000
vn -0.000001 -0.959779 -0.280758
vn -0.000001 -0.959779 -0.280758
vn -0.000002 -0.845733 -0.533607
vn -0.000002 -0.845733 -0.533607
vn 0.000004 0.000000 1.000000
vn 0.000004 0.000000 1.000000
vn 0.000004 0.000000 1.000000
vn 0.000004 0.000000 1.000000
vn 0.000000 1.000000 -0.000000
vn 0.000000 1.000000 -0.000000
vn 0.000000 1.000000 -0.000000
vn 0.000000 1.000000 -0.000000
vn -0.000001 -0.959779 -0.280758
vn -0.000001 -0.959779 -0.280758
vn -0.000002 -0.845733 -0.533607
vn -0.000002 -0.845733 -0.533607
vn 1.000000 -0.000000 -0.000004
vn 1.000000 -0.000000 -0.000004
vn 1.000000 -0.000000 -0.000004
vn 1.000000 -0.000000 -0.000004
vn -1.000000 0.000000 0.000004
vn -1.000000 0.000000 0.000004
vn -1.000000 0.000000 0.000004
vn -1.000000 0.000000 0.000004
vn 0.000000 -0.992736 0.120309
vn 0.000000 -0.992736 0.120309
vn 0.000000 -0.994426 0.105435
vn 0.000000 -0.994426 0.105435
vn -1.000000 0.000000 0.000004
vn -1.000000 0.000000 0.000004
vn -1.000000 0.000000 0.000004
vn -1.000000 0.000000 0.000004
vn 0.000000 -0.992736 0.120309
vn 0.000000 -0.992736 0.120309
vn 0.000000 -0.994426 0.105435
vn 0.000000 -0.994426 0.105435
vn 1.000000 -0.000000 -0.000004
vn 1.000000 -0.000000 -0.000004
vn 1.000000 -0.000000 -0.000004
vn 1.000000 -0.000000 -0.000004
vn -1.000000 0.000000 0.000004
vn -1.000000 0.000000 0.000004
vn -1.000000 0.000000 0.000004
vn -1.000000 0.000000 0.000004
vn 0.000000 -0.992736 0.120309
vn 0.000000 -0.992736 0.120309
vn 0.000000 -0.994426 0.105435
vn 0.000000 -0.994426 0.105435
vn -1.000000 0.000000 0.000004
vn -1.000000 0.000000 0.000004
vn -1.000000 0.000000 0.000004
vn -1.000000 0.000000 0.000004
vn -0.000000 -1.000000 0.000000
vn -0.000000 -1.000000 0.000000
vn -0.000001 -0.959779 -0.280758
vn -0.000001 -0.959779 -0.280758
vn 1.000000 -0.000000 -0.000004
vn 1.000000 -0.000000 -0.000004
vn 1.000000 -0.000000 -0.000004
vn 1.000000 -0.000000 -0.000004
vn -0.000000 -1.000000 0.000000
vn -0.000000 -1.000000 0.000000
vn -0.000001 -0.959779 -0.280758
vn -0.000001 -0.959779 -0.280758
vn 0.000000 1.000000 -0.000000
vn 0.000000 1.000000 -0.000000
vn 0.000000 1.000000 -0.000000
vn 0.000000 1.000000 -0.000000
vn 0.000000 1.000000 -0.000000
vn 0.000000 1.000000 -0.000000
vn 0.000000 1.000000 -0.000000
vn 0.000000 1.000000 -0.000000
vn -0.000000 -1.000000 0.000000
vn -0.000000 -1.000000 0.000000
vn -0.000001 -0.959779 -0.280758
vn -0.000001 -0.959779 -0.280758
vn 1.000000 -0.000000 -0.000004
vn 1.000000 -0.000000 -0.000004
vn 1.000000 -0.000000 -0.000004
vn 1.000000 -0.000000 -0.000004
vn 1.000000 -0.000000 -0.000004
vn 1.000000 -0.000000 -0.000004
vn 1.000000 -0.000000 -0.000004
vn 1.000000 -0.000000 -0.000004
vn -1.000000 0.000000 0.000004
vn -1.000000 0.000000 0.000004
vn -1.000000 0.000000 0.000004
vn -1.000000 0.000000 0.000004
vn -0.000000 -1.000000 0.000000
vn -0.000000 -1.000000 0.000000
vn -0.000000 -1.000000 0.000000
vn -0.000000 -1.000000 0.000000
vn -1.000000 0.000000 0.000004
vn -1.000000 0.000000 0.000004
vn -1.000000 0.000000 0.000004
vn -1.000000 0.000000 0.000004
vn -0.000000 -1.000000 0.000000
vn -0.000000 -1.000000 0.000000
vn -0.000000 -1.000000 0.000000
vn -0.000000 -1.000000 0.000000
vn 1.000000 -0.000000 -0.000004
vn 1.000000 -0.000000 -0.000004
vn 1.000000 -0.000000 -0.000004
vn 1.000000 -0.000000 -0.000004
vn 0.000000 1.000000 -0.000000
vn 0.000000 1.000000 -0.000000
vn 0.000000 1.000000 -0.000000
vn 0.000000 1.000000 -0.000000
vn -0.000000 -1.000000 0.000000
vn -0.000000 -1.000000 0.000000
vn -0.000000 -1.000000 0.000000
vn -0.000000 -1.000000 0.000000
vn 1.000000 -0.000000 -0.000004
vn 1.000000 -0.000000 -0.000004
vn 1.000000 -0.000000 -0.000004
vn 1.000000 -0.000000 -0.000004
vn -1.000000 0.000000 0.000004
vn -1.000000 0.000000 0.000004
vn -1.000000 0.000000 0.000004
vn -1.000000 0.000000 0.000004
vn -0.000000 -1.000000 0.000000
vn -0.000000 -1.000000 0.000000
vn -0.000000 -1.000000 0.000000
vn -0.000000 -1.000000 0.000000
vn 1.000000 -0.000000 -0.000004
vn 1.000000 -0.000000 -0.000004
vn 1.000000 -0.000000 -0.000004
vn 1.000000 -0.000000 -0.000004
vn 1.000000 -0.000000 -0.000004
vn 1.000000 -0.000000 -0.000004
vn -0.000000 -1.000000 0.000000
vn -0.000000 -1.000000 0.000000
vn -0.000000 -1.000000 0.000000
vn -0.000000 -1.000000 0.000000
vn -1.000000 0.000000 0.000004
vn -1.000000 0.000000 0.000004
vn -1.000000 0.000000 0.000004
vn -1.000000 0.000000 0.000004
vn 0.000000 1.000000 -0.000000
vn 0.000000 1.000000 -0.000000
vn 0.000000 1.000000 -0.000000
vn 0.000000 1.000000 -0.000000
vn -0.000000 -1.000000 0.000000
vn -0.000000 -1.000000 0.000000
vn -0.000000 -1.000000 0.000000
vn -0.000000 -1.000000 0.000000
vn 1.000000 -0.000000 -0.000004
vn 1.000000 -0.000000 -0.000004
vn 1.000000 -0.000000 -0.000004
vn 1.000000 -0.000000 -0.000004
vn 1.000000 -0.000000 -0.000004
vn 1.000000 -0.000000 -0.000004
vn 1.000000 -0.000000 -0.000004
vn 1.000000 -0.000000 -0.000004
vn 1.000000 -0.000000 -0.000004
vn 1.000000 -0.000000 -0.000004
vn 1.000000 -0.000000 -0.000004
vn 1.000000 -0.000000 -0.000004
vn -1.000000 0.000000 0.000004
vn -1.000000 0.000000 0.000004
vn -1.000000 0.000000 0.000004
vn -1.000000 0.000000 0.000004
vn -1.000000 0.000000 0.000004
vn -1.000000 0.000000 0.000004
vn -1.000000 0.000000 0.000004
vn -1.000000 0.000000 0.000004
vn -1.000000 0.000000 0.000004
vn -1.000000 0.000000 0.000004
vn -1.000000 0.000000 0.000004
vn -1.000000 0.000000 0.000004
vn 0.000000 -0.998973 0.045315
vn 0.000000 -0.998973 0.045315
vn -0.000000 -1.000000 0.000000
vn -0.000000 -1.000000 0.000000
vn -0.000000 -1.000000 0.000000
vn -0.000000 -1.000000 0.000000
vn -0.000000 -1.000000 0.000000
vn -0.000000 -1.000000 0.000000
vn -0.000000 -1.000000 0.000000
vn -0.000000 -1.000000 0.000000
vn -0.000000 -1.000000 0.000000
vn -0.000000 -1.000000 0.000000
vn -1.000000 0.000000 0.000004
vn -1.000000 0.000000 0.000004
vn -1.000000 0.000000 0.000004
vn -1.000000 0.000000 0.000004
vn 1.000000 -0.000000 -0.000004
vn 1.000000 -0.000000 -0.000004
vn 1.000000 -0.000000 -0.000004
vn 1.000000 -0.000000 -0.000004
vn -1.000000 0.000000 0.000004
vn -1.000000 0.000000 0.000004
vn -1.000000 0.000000 0.000004
vn -1.000000 0.000000 0.000004
vn -1.000000 0.000000 0.000004
vn -1.000000 0.000000 0.000004
vn 0.000000 -0.998973 0.045315
vn 0.000000 -0.998973 0.045315
vn -0.000000 -1.000000 0.000000
vn -0.000000 -1.000000 0.000000
vn -0.000000 -1.000000 0.000000
vn -0.000000 -1.000000 0.000000
vn -0.000000 -1.000000 0.000000
vn -0.000000 -1.000000 0.000000
vn -0.000000 -1.000000 0.000000
vn -0.000000 -1.000000 0.000000
vn -0.000000 -1.000000 0.000000
vn -0.000000 -1.000000 0.000000
vn -1.000000 0.000000 0.000004
vn -1.000000 0.000000 0.000004
vn -1.000000 0.000000 0.000004
vn -1.000000 0.000000 0.000004
vn 1.000000 -0.000000 -0.000004
vn 1.000000 -0.000000 -0.000004
vn 1.000000 -0.000000 -0.000004
vn 1.000000 -0.000000 -0.000004
vn -1.000000 0.000000 0.000004
vn -1.000000 0.000000 0.000004
vn -1.000000 0.000000 0.000004
vn -1.000000 0.000000 0.000004
vn 0.000000 1.000000 -0.000000
vn 0.000000 1.000000 -0.000000
vn 0.000000 1.000000 -0.000000
vn 0.000000 1.000000 -0.000000
vn 0.000000 1.000000 -0.000000
vn 0.000000 1.000000 -0.000000
vn 0.000000 1.000000 -0.000000
vn 0.000000 1.000000 -0.000000
vn 0.000000 1.000000 -0.000000
vn 0.000000 1.000000 -0.000000
vn 0.000000 1.000000 -0.000000
vn 0.000000 1.000000 -0.000000
vn 0.000000 -0.998973 0.045315
vn 0.000000 -0.998973 0.045315
vn -0.000000 -1.000000 0.000000
vn -0.000000 -1.000000 0.000000
vn -0.000000 -1.000000 0.000000
vn -0.000000 -1.000000 0.000000
vn -0.000000 -1.000000 0.000000
vn -0.000000 -1.000000 0.000000
vn -0.000000 -1.000000 0.000000
vn -0.000000 -1.000000 0.000000
vn -0.000000 -1.000000 0.000000
vn -0.000000 -1.000000 0.000000
vn 1.000000 -0.000000 -0.000004
vn 1.000000 -0.000000 -0.000004
vn 1.000000 -0.000000 -0.000004
vn 1.000000 -0.000000 -0.000004
vn -1.000000 0.000000 0.000004
vn -1.000000 0.000000 0.000004
vn -1.000000 0.000000 0.000004
vn -1.000000 0.000000 0.000004
vn -0.000000 -1.000000 0.000000
vn -0.000000 -1.000000 0.000000
vn -0.000000 -1.000000 0.000000
vn -0.000000 -1.000000 0.000000
vn 1.000000 -0.000000 -0.000004
vn 1.000000 -0.000000 -0.000004
vn 1.000000 -0.000000 -0.000004
vn 1.000000 -0.000000 -0.000004
vn -0.000000 -1.000000 0.000000
vn -0.000000 -1.000000 0.000000
vn -0.000000 -1.000000 0.000000
vn -0.000000 -1.000000 0.000000
vn -1.000000 0.000000 0.000004
vn -1.000000 0.000000 0.000004
vn -1.000000 0.000000 0.000004
vn -1.000000 0.000000 0.000004
vn 0.000000 1.000000 -0.000000
vn 0.000000 1.000000 -0.000000
vn 0.000000 1.000000 -0.000000
vn 0.000000 1.000000 -0.000000
vn -0.000000 -1.000000 0.000000
vn -0.000000 -1.000000 0.000000
vn -0.000000 -1.000000 0.000000
vn -0.000000 -1.000000 0.000000
vn 1.000000 -0.000000 -0.000004
vn 1.000000 -0.000000 -0.000004
vn 1.000000 -0.000000 -0.000004
vn 1.000000 -0.000000 -0.000004
vn -1.000000 0.000000 0.000004
vn -1.000000 0.000000 0.000004
vn -1.000000 0.000000 0.000004
vn -1.000000 0.000000 0.000004
vn -0.000000 -1.000000 0.000000
vn -0.000000 -1.000000 0.000000
vn -0.000000 -1.000000 0.000000
vn -0.000000 -1.000000 0.000000
vn -0.000004 -0.000000 -1.000000
vn -0.000004 -0.000000 -1.000000
vn -0.000004 -0.000000 -1.000000
vn -0.000004 -0.000000 -1.000000
vn -0.000004 -0.000000 -1.000000
vn -0.000004 -0.000000 -1.000000
vn -0.000000 -1.000000 0.000000
vn -0.000000 -1.000000 0.000000
vn -0.000000 -1.000000 0.000000
vn -0.000000 -1.000000 0.000000
vn 1.000000 -0.000000 -0.000004
vn 1.000000 -0.000000 -0.000004
vn 1.000000 -0.000000 -0.000004
vn 1.000000 -0.000000 -0.000004
vn 0.000000 1.000000 -0.000000
vn 0.000000 1.000000 -0.000000
vn 0.000000 1.000000 -0.000000
vn 0.000000 1.000000 -0.000000
vn -0.000000 -1.000000 0.000000
vn -0.000000 -1.000000 0.000000
vn -0.000000 -1.000000 0.000000
vn -0.000000 -1.000000 0.000000
vn 1.000000 -0.000000 -0.000004
vn 1.000000 -0.000000 -0.000004
vn 1.000000 -0.000000 -0.000004
vn 1.000000 -0.000000 -0.000004
vn -1.000000 0.000000 0.000004
vn -1.000000 0.000000 0.000004
vn -1.000000 0.000000 0.000004
vn -1.000000 0.000000 0.000004
vn 0.000000 -0.994426 0.105435
vn 0.000000 -0.994426 0.105435
vn 0.000000 -0.998973 0.045315
vn 0.000000 -0.998973 0.045315
vn 1.000000 -0.000000 -0.000004
vn 1.000000 -0.000000 -0.000004
vn 1.000000 -0.000000 -0.000004
vn 1.000000 -0.000000 -0.000004
vn 1.000000 -0.000000 -0.000004
vn 1.000000 -0.000000 -0.000004
vn 0.000000 -0.994426 0.105435
vn 0.000000 -0.994426 0.105435
vn 0.000000 -0.998973 0.045315
vn 0.000000 -0.998973 0.045315
vn -0.000004 -0.000000 -1.000000
vn -0.000004 -0.000000 -1.000000
vn -0.000004 0.041416 -0.999142
vn -0.000004 -0.000000 -1.000000
vn 0.000000 1.000000 -0.000000
vn 0.000000 1.000000 -0.000000
vn 0.000000 1.000000 -0.000000
vn 0.000000 1.000000 -0.000000
vn 0.000000 -0.994426 0.105435
vn 0.000000 -0.994426 0.105435
vn 0.000000 -0.998973 0.045315
vn 0.000000 -0.998973 0.045315
vn 0.000004 0.000000 1.000000
vn 0.000004 0.000000 1.000000
vn 0.000004 0.000000 1.000000
vn 0.000004 0.000000 1.000000
vn -1.000000 0.000000 0.000004
vn -1.000000 0.000000 0.000004
vn -1.000000 0.000000 0.000004
vn -1.000000 0.000000 0.000004
vn 0.000000 1.000000 -0.000000
vn 0.000000 1.000000 -0.000000
vn 0.000000 1.000000 -0.000000
vn 0.000000 1.000000 -0.000000
vn 1.000000 -0.000000 -0.000004
vn 1.000000 -0.000000 -0.000004
vn 1.000000 -0.000000 -0.000004
vn 1.000000 -0.000000 -0.000004
vn -0.000004 -0.000000 -1.000000
vn -0.000004 -0.000000 -1.000000
vn -0.000004 -0.000000 -1.000000
vn -0.000004 -0.000000 -1.000000
vn 1.000000 -0.000000 -0.000004
vn 1.000000 -0.000000 -0.000004
vn 1.000000 -0.000000 -0.000004
vn 1.000000 -0.000000 -0.000004
vn -0.000004 0.041416 -0.999142
vn -0.000004 0.134265 -0.990945
vn -0.000004 0.131709 -0.991288
vn -0.000004 0.062137 -0.998068
vn 0.000004 0.000000 1.000000
vn 0.000004 0.000000 1.000000
vn 0.000004 0.000000 1.000000
vn 0.000004 0.000000 1.000000
vn 0.000000 1.000000 -0.000000
vn 0.000000 1.000000 -0.000000
vn 0.000000 1.000000 -0.000000
vn 0.000000 1.000000 -0.000000
vn 1.000000 -0.000000 -0.000004
vn 1.000000 -0.000000 -0.000004
vn 1.000000 -0.000000 -0.000004
vn 1.000000 -0.000000 -0.000004
vn 1.000000 -0.000000 -0.000004
vn 1.000000 -0.000000 -0.000004
vn 1.000000 -0.000000 -0.000004
vn 1.000000 -0.000000 -0.000004
vn 0.000004 0.000000 1.000000
vn 0.000004 0.000000 1.000000
vn 0.000004 0.000000 1.000000
vn 0.000004 0.000000 1.000000
vn 0.000000 1.000000 -0.000000
vn 0.000000 1.000000 -0.000000
vn 0.000000 1.000000 -0.000000
vn 0.000000 1.000000 -0.000000
vn 0.000000 1.000000 -0.000000
vn 0.000000 1.000000 -0.000000
vn 0.000000 1.000000 -0.000000
vn 0.000000 1.000000 -0.000000
vn 0.000000 1.000000 -0.000000
vn 0.000000 1.000000 -0.000000
vn 0.000000 1.000000 -0.000000
vn 0.000000 1.000000 -0.000000
vn 0.000000 1.000000 -0.000000
vn 0.000000 1.000000 -0.000000
vn 0.000000 1.000000 -0.000000
vn 0.000000 1.000000 -0.000000
vn 0.000000 1.000000 -0.000000
vn 0.000000 1.000000 -0.000000
vn 0.000000 1.000000 -0.000000
vn 0.000000 1.000000 -0.000000
vn 0.000000 1.000000 -0.000000
vn 0.000000 1.000000 -0.000000
vn 0.000000 1.000000 -0.000000
vn 0.000000 1.000000 -0.000000
vn -1.000000 0.000000 0.000004
vn -1.000000 0.000000 0.000004
vn -1.000000 0.000000 0.000004
vn -1.000000 0.000000 0.000004
vn -1.000000 0.000000 0.000004
vn -1.000000 0.000000 0.000004
vn 1.000000 -0.000000 -0.000004
vn 1.000000 -0.000000 -0.000004
vn 1.000000 -0.000000 -0.000004
vn 1.000000 -0.000000 -0.000004
vn 1.000000 -0.000000 -0.000004
vn 1.000000 -0.000000 -0.000004
vn -1.000000 0.000000 0.000004
vn -1.000000 0.000000 0.000004
vn -1.000000 0.000000 0.000004
vn -1.000000 0.000000 0.000004
vn -1.000000 0.000000 0.000004
vn -1.000000 0.000000 0.000004
vn 1.000000 -0.000000 -0.000004
vn 1.000000 -0.000000 -0.000004
vn 1.000000 -0.000000 -0.000004
vn 1.000000 -0.000000 -0.000004
vn -0.000004 -0.000000 -1.000000
vn -0.000004 0.062137 -0.998068
vn -0.000004 0.041416 -0.999142
vn -0.000004 -0.000000 -1.000000
vn 1.000000 -0.000000 -0.000004
vn 1.000000 -0.000000 -0.000004
vn 1.000000 -0.000000 -0.000004
vn 1.000000 -0.000000 -0.000004
vn -0.000004 -0.000000 -1.000000
vn -0.000004 0.041416 -0.999142
vn -0.000004 0.062137 -0.998068
vn -0.000004 -0.000000 -1.000000
vn 1.000000 -0.000000 -0.000004
vn 1.000000 -0.000000 -0.000004
vn 1.000000 -0.000000 -0.000004
vn 1.000000 -0.000000 -0.000004
vn 1.000000 -0.000000 -0.000004
vn 1.000000 -0.000000 -0.000004
vn 1.000000 -0.000000 -0.000004
vn 1.000000 -0.000000 -0.000004
vn 1.000000 -0.000000 -0.000004
vn 1.000000 -0.000000 -0.000004
vn 1.000000 -0.000000 -0.000004
vn 1.000000 -0.000000 -0.000004
vn -1.000000 0.000000 0.000004
vn -1.000000 0.000000 0.000004
vn -1.000000 0.000000 0.000004
vn -1.000000 0.000000 0.000004
vn -1.000000 0.000000 0.000004
vn -1.000000 0.000000 0.000004
vn -1.000000 0.000000 0.000004
vn -1.000000 0.000000 0.000004
vn -1.000000 0.000000 0.000004
vn -1.000000 0.000000 0.000004
vn 1.000000 -0.000000 -0.000004
vn 1.000000 -0.000000 -0.000004
vn 1.000000 -0.000000 -0.000004
vn 1.000000 -0.000000 -0.000004
vn 1.000000 -0.000000 -0.000004
vn 1.000000 -0.000000 -0.000004
vn -1.000000 0.000000 0.000004
vn -1.000000 0.000000 0.000004
vn -1.000000 0.000000 0.000004
vn -1.000000 0.000000 0.000004
vn 1.000000 -0.000000 -0.000004
vn 1.000000 -0.000000 -0.000004
vn 1.000000 -0.000000 -0.000004
vn 1.000000 -0.000000 -0.000004
vn 1.000000 -0.000000 -0.000004
vn 1.000000 -0.000000 -0.000004
vn -1.000000 0.000000 0.000004
vn -1.000000 0.000000 0.000004
vn -1.000000 0.000000 0.000004
vn -1.000000 0.000000 0.000004
vn -1.000000 0.000000 0.000004
vn -1.000000 0.000000 0.000004
vn 0.000004 0.000000 1.000000
vn 0.000004 0.000000 1.000000
vn 0.000004 0.000000 1.000000
vn 0.000004 0.000000 1.000000
vn 0.000004 0.000000 1.000000
vn 0.000004 0.000000 1.000000
vn 0.000004 0.000000 1.000000
vn 0.000004 0.000000 1.000000
vn 0.000004 0.000000 1.000000
vn 0.000004 0.000000 1.000000
vn -0.000004 -0.000000 -1.000000
vn -0.000004 -0.000000 -1.000000
vn -0.000004 -0.000000 -1.000000
vn -0.000004 -0.000000 -1.000000
vn -0.000004 -0.000000 -1.000000
vn -0.000004 -0.000000 -1.000000
vn -1.000000 0.000000 0.000004
vn -1.000000 0.000000 0.000004
vn -1.000000 0.000000 0.000004
vn -1.000000 0.000000 0.000004
vn 0.000004 0.000000 1.000000
vn 0.000004 0.000000 1.000000
vn 0.000004 0.000000 1.000000
vn 0.000004 0.000000 1.000000
vn -1.000000 0.000000 0.000004
vn -1.000000 0.000000 0.000004
vn -1.000000 0.000000 0.000004
vn -1.000000 0.000000 0.000004
vn -1.000000 0.000000 0.000004
vn -1.000000 0.000000 0.000004
vn -1.000000 0.000000 0.000004
vn -1.000000 0.000000 0.000004
vn -1.000000 0.000000 0.000004
vn -1.000000 0.000000 0.000004
vn 1.000000 -0.000000 -0.000004
vn 1.000000 -0.000000 -0.000004
vn 1.000000 -0.000000 -0.000004
vn 1.000000 -0.000000 -0.000004
vn 1.000000 -0.000000 -0.000004
vn 1.000000 -0.000000 -0.000004
vn 1.000000 -0.000000 -0.000004
vn 1.000000 -0.000000 -0.000004
vn 1.000000 -0.000000 -0.000004
vn 1.000000 -0.000000 -0.000004
vn 1.000000 -0.000000 -0.000004
vn 1.000000 -0.000000 -0.000004
vn 1.000000 -0.000000 -0.000004
vn 1.000000 -0.000000 -0.000004
vn -1.000000 0.000000 0.000004
vn -1.000000 0.000000 0.000004
vn -1.000000 0.000000 0.000004
vn -1.000000 0.000000 0.000004
vn -0.000004 0.134265 -0.990945
vn -0.000004 0.139375 -0.990240
vn -0.000004 0.139375 -0.990240
vn -0.000004 0.131709 -0.991288
vn 1.000000 -0.000000 -0.000004
vn 1.000000 -0.000000 -0.000004
vn 1.000000 -0.000000 -0.000004
vn 1.000000 -0.000000 -0.000004
vn -0.000000 -1.000000 0.000000
vn -0.000000 -1.000000 0.000000
vn -0.000000 -1.000000 0.000000
vn -0.000000 -1.000000 0.000000
vn -1.000000 0.000000 0.000004
vn -1.000000 0.000000 0.000004
vn -1.000000 0.000000 0.000004
vn -1.000000 0.000000 0.000004
vn -1.000000 0.000000 0.000004
vn -1.000000 0.000000 0.000004
vn -1.000000 0.000000 0.000004
vn -1.000000 0.000000 0.000004
vn 0.000004 0.000000 1.000000
vn 0.000004 0.000000 1.000000
vn 0.000004 0.000000 1.000000
vn 0.000004 0.000000 1.000000
vn 0.000000 1.000000 -0.000000
vn 0.000000 1.000000 -0.000000
vn 0.000000 1.000000 -0.000000
vn 0.000000 1.000000 -0.000000
vn 1.000000 -0.000000 -0.000004
vn 1.000000 -0.000000 -0.000004
vn 1.000000 -0.000000 -0.000004
vn 1.000000 -0.000000 -0.000004
vn 1.000000 -0.000000 -0.000004
vn 1.000000 -0.000000 -0.000004
vn 1.000000 -0.000000 -0.000004
vn 1.000000 -0.000000 -0.000004
vn -1.000000 0.000000 0.000004
vn -1.000000 0.000000 0.000004
vn -1.000000 0.000000 0.000004
vn -1.000000 0.000000 0.000004
vn 1.000000 -0.000000 -0.000004
vn 1.000000 -0.000000 -0.000004
vn 1.000000 -0.000000 -0.000004
vn 1.000000 -0.000000 -0.000004
vn -1.000000 0.000000 0.000004
vn -1.000000 0.000000 0.000004
vn -1.000000 0.000000 0.000004
vn -1.000000 0.000000 0.000004
vn -1.000000 0.000000 0.000004
vn -1.000000 0.000000 0.000004
vn -1.000000 0.000000 0.000004
vn -1.000000 0.000000 0.000004
vn 0.000004 0.000000 1.000000
vn 0.000004 0.000000 1.000000
vn 0.000004 0.000000 1.000000
vn 0.000004 0.000000 1.000000
vn -0.000004 -0.000000 -1.000000
vn -0.000004 -0.000000 -1.000000
vn -0.000004 -0.000000 -1.000000
vn -0.000004 -0.000000 -1.000000
vn -1.000000 0.000000 0.000004
vn -1.000000 0.000000 0.000004
vn -1.000000 0.000000 0.000004
vn -1.000000 0.000000 0.000004
vn -1.000000 0.000000 0.000004
vn -1.000000 0.000000 0.000004
vn -1.000000 0.000000 0.000004
vn -1.000000 0.000000 0.000004
vn -0.000004 0.062137 -0.998068
vn -0.000004 0.131709 -0.991288
vn -0.000004 0.134265 -0.990945
vn -0.000004 0.041416 -0.999142
vn 0.000004 0.000000 1.000000
vn 0.000004 0.000000 1.000000
vn 0.000004 0.000000 1.000000
vn 0.000004 0.000000 1.000000
vn 0.000004 0.000000 1.000000
vn 0.000004 0.000000 1.000000
vn 0.000004 0.000000 1.000000
vn 0.000004 0.000000 1.000000
vn 1.000000 -0.000000 -0.000004
vn 1.000000 -0.000000 -0.000004
vn 1.000000 -0.000000 -0.000004
vn 1.000000 -0.000000 -0.000004
vn 1.000000 -0.000000 -0.000004
vn 1.000000 -0.000000 -0.000004
vn 1.000000 -0.000000 -0.000004
vn 1.000000 -0.000000 -0.000004
vn -1.000000 0.000000 0.000004
vn -1.000000 0.000000 0.000004
vn -1.000000 0.000000 0.000004
vn -1.000000 0.000000 0.000004
vn 0.000004 0.000000 1.000000
vn 0.000004 0.000000 1.000000
vn 0.000004 0.000000 1.000000
vn 0.000004 0.000000 1.000000
vn 0.000000 1.000000 -0.000000
vn 0.000000 1.000000 -0.000000
vn 0.000000 1.000000 -0.000000
vn 0.000000 1.000000 -0.000000
vn 0.000000 1.000000 -0.000000
vn 0.000000 1.000000 -0.000000
vn 0.000000 1.000000 -0.000000
vn 0.000000 1.000000 -0.000000
vn 0.000000 1.000000 -0.000000
vn 0.000000 1.000000 -0.000000
vn 0.000000 1.000000 -0.000000
vn 0.000000 1.000000 -0.000000
vn 0.000000 1.000000 -0.000000
vn 0.000000 1.000000 -0.000000
vn 0.000000 1.000000 -0.000000
vn 0.000000 1.000000 -0.000000
vn 0.000000 1.000000 -0.000000
vn 0.000000 1.000000 -0.000000
vn 0.000000 1.000000 -0.000000
vn 0.000000 1.000000 -0.000000
vn 0.000004 0.000000 1.000000
vn 0.000004 0.000000 1.000000
vn 0.000004 0.000000 1.000000
vn 0.000004 0.000000 1.000000
vn 1.000000 -0.000000 -0.000004
vn 1.000000 -0.000000 -0.000004
vn 1.000000 -0.000000 -0.000004
vn 1.000000 -0.000000 -0.000004
vn 1.000000 -0.000000 -0.000004
vn 1.000000 -0.000000 -0.000004
vn 1.000000 -0.000000 -0.000004
vn 1.000000 -0.000000 -0.000004
vn -0.000000 -1.000000 0.000000
vn -0.000000 -1.000000 0.000000
vn -0.000000 -1.000000 0.000000
vn -0.000000 -1.000000 0.000000
vn 1.000000 -0.000000 -0.000004
vn 1.000000 -0.000000 -0.000004
vn 1.000000 -0.000000 -0.000004
vn 1.000000 -0.000000 -0.000004
vn 0.000000 1.000000 -0.000000
vn 0.000000 1.000000 -0.000000
vn 0.000000 1.000000 -0.000000
vn 0.000000 1.000000 -0.000000
vn 0.000004 0.000000 1.000000
vn 0.000004 0.000000 1.000000
vn 0.000004 0.000000 1.000000
vn 0.000004 0.000000 1.000000
vn 1.000000 -0.000000 -0.000004
vn 1.000000 -0.000000 -0.000004
vn 1.000000 -0.000000 -0.000004
vn 1.000000 -0.000000 -0.000004
vn -0.000004 0.131709 -0.991288
vn -0.000004 0.139375 -0.990240
vn -0.000004 0.139375 -0.990240
vn -0.000004 0.134265 -0.990945
vn -1.000000 0.000000 0.000004
vn -1.000000 0.000000 0.000004
vn -1.000000 0.000000 0.000004
vn -1.000000 0.000000 0.000004
vn -1.000000 0.000000 0.000004
vn -1.000000 0.000000 0.000004
vn -1.000000 0.000000 0.000004
vn -1.000000 0.000000 0.000004
vn 1.000000 -0.000000 -0.000004
vn 1.000000 -0.000000 -0.000004
vn 1.000000 -0.000000 -0.000004
vn 1.000000 -0.000000 -0.000004
vn 1.000000 -0.000000 -0.000004
vn 1.000000 -0.000000 -0.000004
vn 1.000000 -0.000000 -0.000004
vn 1.000000 -0.000000 -0.000004
vn -0.000004 0.139375 -0.990240
vn -0.000004 0.139375 -0.990240
vn -0.000004 0.139375 -0.990240
vn -0.000004 0.134265 -0.990945
vn 1.000000 -0.000000 -0.000004
vn 1.000000 -0.000000 -0.000004
vn 1.000000 -0.000000 -0.000004
vn 1.000000 -0.000000 -0.000004
vn -1.000000 0.000000 0.000004
vn -1.000000 0.000000 0.000004
vn -1.000000 0.000000 0.000004
vn -1.000000 0.000000 0.000004
vn 0.000000 1.000000 -0.000000
vn 0.000000 1.000000 -0.000000
vn 0.000000 1.000000 -0.000000
vn 0.000000 1.000000 -0.000000
vn -1.000000 0.000000 0.000004
vn -1.000000 0.000000 0.000004
vn -1.000000 0.000000 0.000004
vn -1.000000 0.000000 0.000004
vn -1.000000 0.000000 0.000004
vn -1.000000 0.000000 0.000004
vn -1.000000 0.000000 0.000004
vn -1.000000 0.000000 0.000004
vn -1.000000 0.000000 0.000004
vn -1.000000 0.000000 0.000004
vn -1.000000 0.000000 0.000004
vn -1.000000 0.000000 0.000004
vn -0.000000 -1.000000 0.000000
vn -0.000000 -1.000000 0.000000
vn -0.000000 -1.000000 0.000000
vn -0.000000 -1.000000 0.000000
vn -1.000000 0.000000 0.000004
vn -1.000000 0.000000 0.000004
vn -1.000000 0.000000 0.000004
vn -1.000000 0.000000 0.000004
vn 1.000000 -0.000000 -0.000004
vn 1.000000 -0.000000 -0.000004
vn 1.000000 -0.000000 -0.000004
vn 1.000000 -0.000000 -0.000004
vn -0.000004 -0.000000 -1.000000
vn -0.000004 -0.000000 -1.000000
vn -0.000004 -0.000000 -1.000000
vn -0.000004 -0.000000 -1.000000
vn -0.000004 -0.000000 -1.000000
vn -0.000004 -0.000000 -1.000000
vn -0.000004 -0.000000 -1.000000
vn -0.000004 -0.000000 -1.000000
vn -0.000000 -1.000000 0.000000
vn -0.000000 -1.000000 0.000000
vn -0.000000 -1.000000 0.000000
vn -0.000000 -1.000000 0.000000
vn -0.000004 -0.000000 -1.000000
vn -0.000004 -0.000000 -1.000000
vn -0.000004 -0.000000 -1.000000
vn -0.000004 -0.000000 -1.000000
vn 1.000000 -0.000000 -0.000004
vn 1.000000 -0.000000 -0.000004
vn 1.000000 -0.000000 -0.000004
vn 1.000000 -0.000000 -0.000004
vn -0.000004 -0.000000 -1.000000
vn -0.000004 -0.000000 -1.000000
vn -0.000004 -0.000000 -1.000000
vn -0.000004 -0.000000 -1.000000
vn -1.000000 0.000000 0.000004
vn -1.000000 0.000000 0.000004
vn -1.000000 0.000000 0.000004
vn -1.000000 0.000000 0.000004
vn 0.000004 0.000000 1.000000
vn 0.000004 0.000000 1.000000
vn 0.000004 0.000000 1.000000
vn 0.000004 0.000000 1.000000
vn -0.000004 -0.000000 -1.000000
vn -0.000004 -0.000000 -1.000000
vn -0.000004 -0.000000 -1.000000
vn -0.000004 -0.000000 -1.000000
vn -1.000000 0.000000 0.000004
vn -1.000000 0.000000 0.000004
vn -1.000000 0.000000 0.000004
vn -1.000000 0.000000 0.000004
vn -0.000004 -0.000000 -1.000000
vn -0.000004 -0.000000 -1.000000
vn -0.000004 -0.000000 -1.000000
vn -0.000004 -0.000000 -1.000000
vn 0.000004 0.000000 1.000000
vn 0.000004 0.000000 1.000000
vn 0.000004 0.000000 1.000000
vn 0.000004 0.000000 1.000000
vn -0.000004 -0.000000 -1.000000
vn -0.000004 -0.000000 -1.000000
vn -0.000004 -0.000000 -1.000000
vn -0.000004 -0.000000 -1.000000
vn -0.000004 -0.000000 -1.000000
vn -0.000004 -0.000000 -1.000000
vn -0.000004 -0.000000 -1.000000
vn -0.000004 -0.000000 -1.000000
vn 0.000004 0.000000 1.000000
vn 0.000004 0.000000 1.000000
vn 0.000004 0.000000 1.000000
vn 0.000004 0.000000 1.000000
vn 1.000000 -0.000000 -0.000004
vn 1.000000 -0.000000 -0.000004
vn 1.000000 -0.000000 -0.000004
vn 1.000000 -0.000000 -0.000004
vn 0.000000 1.000000 -0.000000
vn 0.000000 1.000000 -0.000000
vn 0.000000 1.000000 -0.000000
vn 0.000000 1.000000 -0.000000
vn 0.000000 1.000000 -0.000000
vn 0.000000 1.000000 -0.000000
vn 0.000000 1.000000 -0.000000
vn 0.000000 1.000000 -0.000000
vn 0.000000 1.000000 -0.000000
vn 0.000000 1.000000 -0.000000
vn 0.000000 1.000000 -0.000000
vn 0.000000 1.000000 -0.000000
vn 0.000000 1.000000 -0.000000
vn 0.000000 1.000000 -0.000000
vn 0.000000 1.000000 -0.000000
vn 0.000000 1.000000 -0.000000
vn 0.000000 1.000000 -0.000000
vn 0.000000 1.000000 -0.000000
vn 0.000000 1.000000 -0.000000
vn 0.000000 1.000000 -0.000000
vn 0.000000 1.000000 -0.000000
vn 0.000000 1.000000 -0.000000
vn 0.000000 1.000000 -0.000000
vn 0.000000 1.000000 -0.000000
vn 0.000000 1.000000 -0.000000
vn 0.000000 1.000000 -0.000000
vn 0.000000 1.000000 -0.000000
vn 0.000000 1.000000 -0.000000
vn -0.000000 -1.000000 0.000000
vn -0.000000 -1.000000 0.000000
vn -0.000000 -1.000000 0.000000
vn -0.000000 -1.000000 0.000000
vn -0.000000 -1.000000 0.000000
vn -0.000000 -1.000000 0.000000
vn -0.000000 -1.000000 0.000000
vn -0.000000 -1.000000 0.000000
vn 0.000000 1.000000 -0.000000
vn 0.000000 1.000000 -0.000000
vn 0.000000 1.000000 -0.000000
vn 0.000000 1.000000 -0.000000
vn 0.000000 1.000000 -0.000000
vn 0.000000 1.000000 -0.000000
vn 0.000000 1.000000 -0.000000
vn 0.000000 1.000000 -0.000000
vn 0.000000 1.000000 -0.000000
vn 0.000000 1.000000 -0.000000
vn 0.000000 1.000000 -0.000000
vn 0.000000 1.000000 -0.000000
vn -0.000000 -1.000000 0.000000
vn -0.000000 -1.000000 0.000000
vn -0.000000 -1.000000 0.000000
vn -0.000000 -1.000000 0.000000
vn -0.000000 -1.000000 0.000000
vn -0.000000 -1.000000 0.000000
vn -0.000000 -1.000000 0.000000
vn -0.000000 -1.000000 0.000000
vn 0.000000 1.000000 -0.000000
vn 0.000000 1.000000 -0.000000
vn 0.000000 1.000000 -0.000000
vn 0.000000 1.000000 -0.000000
vn -0.000000 -1.000000 0.000000
vn -0.000000 -1.000000 0.000000
vn -0.000000 -1.000000 0.000000
vn -0.000000 -1.000000 0.000000
vn 0.000000 1.000000 -0.000000
vn 0.000000 1.000000 -0.000000
vn 0.000000 1.000000 -0.000000
vn 0.000000 1.000000 -0.000000
vn -0.000000 -1.000000 0.000000
vn -0.000000 -1.000000 0.000000
vn -0.000000 -1.000000 0.000000
vn -0.000000 -1.000000 0.000000
vn 0.000000 1.000000 -0.000000
vn 0.000000 1.000000 -0.000000
vn 0.000000 1.000000 -0.000000
vn 0.000000 1.000000 -0.000000
vn -0.000000 -1.000000 0.000000
vn -0.000000 -1.000000 0.000000
vn -0.000000 -1.000000 0.000000
vn -0.000000 -1.000000 0.000000
vn -0.000000 -1.000000 0.000000
vn -0.000000 -1.000000 0.000000
vn -0.000000 -1.000000 0.000000
vn -0.000000 -1.000000 0.000000
vn -0.000000 -1.000000 0.000000
vn -0.000000 -1.000000 0.000000
vn -0.000000 -1.000000 0.000000
vn -0.000000 -1.000000 0.000000
vn 0.000000 1.000000 -0.000000
vn 0.000000 1.000000 -0.000000
vn 0.000000 1.000000 -0.000000
vn 0.000000 1.000000 -0.000000
vn -0.000000 -1.000000 0.000000
vn -0.000000 -1.000000 0.000000
vn -0.000000 -1.000000 0.000000
vn -0.000000 -1.000000 0.000000
vn 0.000000 1.000000 -0.000000
vn 0.000000 1.000000 -0.000000
vn 0.000000 1.000000 -0.000000
vn 0.000000 1.000000 -0.000000
vn -0.000000 -1.000000 0.000000
vn -0.000000 -1.000000 0.000000
vn -0.000000 -1.000000 0.000000
vn -0.000000 -1.000000 0.000000
vn 0.000000 1.000000 -0.000000
vn 0.000000 1.000000 -0.000000
vn 0.000000 1.000000 -0.000000
vn 0.000000 1.000000 -0.000000
vn -0.000000 -1.000000 0.000000
vn -0.000000 -1.000000 0.000000
vn -0.000000 -1.000000 0.000000
vn -0.000000 -1.000000 0.000000
vn 0.000000 1.000000 -0.000000
vn 0.000000 1.000000 -0.000000
vn 0.000000 1.000000 -0.000000
vn 0.000000 1.000000 -0.000000
vn -0.000000 -1.000000 0.000000
vn -0.000000 -1.000000 0.000000
vn -0.000000 -1.000000 0.000000
vn -0.000000 -1.000000 0.000000
vn 0.000000 1.000000 -0.000000
vn 0.000000 1.000000 -0.000000
vn 0.000000 1.000000 -0.000000
vn 0.000000 1.000000 -0.000000
vn -0.000000 -1.000000 0.000000
vn -0.000000 -1.000000 0.000000
vn -0.000000 -1.000000 0.000000
vn -0.000000 -1.000000 0.000000
vn 0.000000 1.000000 -0.000000
vn 0.000000 1.000000 -0.000000
vn 0.000000 1.000000 -0.000000
vn 0.000000 1.000000 -0.000000
vn -0.000000 -1.000000 0.000000
vn -0.000000 -1.000000 0.000000
vn -0.000000 -1.000000 0.000000
vn -0.000000 -1.000000 0.000000
vn 0.000000 1.000000 -0.000000
vn 0.000000 1.000000 -0.000000
vn 0.000000 1.000000 -0.000000
vn 0.000000 1.000000 -0.000000
vn 0.000000 1.000000 -0.000000
vn 0.000000 1.000000 -0.000000
vn 0.000000 1.000000 -0.000000
vn 0.000000 1.000000 -0.000000
vn -0.000000 -1.000000 0.000000
vn -0.000000 -1.000000 0.000000
vn -0.000000 -1.000000 0.000000
vn -0.000000 -1.000000 0.000000
vn -1.000000 0.000000 0.000004
vn -1.000000 0.000000 0.000004
vn -1.000000 0.000000 0.000004
vn -1.000000 0.000000 0.000004
vn -0.000004 -0.000000 -1.000000
vn -0.000004 -0.000000 -1.000000
vn -0.000004 -0.000000 -1.000000
vn -0.000004 -0.000000 -1.000000
vn 1.000000 -0.000000 -0.000004
vn 1.000000 -0.000000 -0.000004
vn 1.000000 -0.000000 -0.000004
vn 1.000000 -0.000000 -0.000004
vn 0.000004 0.000000 1.000000
vn 0.000004 0.000000 1.000000
vn 0.000004 0.000000 1.000000
vn 0.000004 0.000000 1.000000
vn -0.000004 -0.000000 -1.000000
vn -0.000004 -0.000000 -1.000000
vn -0.000004 -0.000000 -1.000000
vn -0.000004 -0.000000 -1.000000
vn 0.000004 0.000000 1.000000
vn 0.000004 0.000000 1.000000
vn 0.000004 0.000000 1.000000
vn 0.000004 0.000000 1.000000
vn 0.000004 0.000000 1.000000
vn 0.000004 0.000000 1.000000
vn 0.000004 0.000000 1.000000
vn 0.000004 0.000000 1.000000
vn -0.000004 -0.000000 -1.000000
vn -0.000004 -0.000000 -1.000000
vn -0.000004 -0.000000 -1.000000
vn -0.000004 -0.000000 -1.000000
vn -1.000000 0.000000 0.000004
vn -1.000000 0.000000 0.000004
vn -1.000000 0.000000 0.000004
vn -1.000000 0.000000 0.000004
vn 1.000000 -0.000000 -0.000004
vn 1.000000 -0.000000 -0.000004
vn 1.000000 -0.000000 -0.000004
vn 1.000000 -0.000000 -0.000004
vn 1.000000 -0.000000 -0.000004
vn 1.000000 -0.000000 -0.000004
vn 1.000000 -0.000000 -0.000004
vn 1.000000 -0.000000 -0.000004
vn -1.000000 0.000000 0.000004
vn -1.000000 0.000000 0.000004
vn -1.000000 0.000000 0.000004
vn -1.000000 0.000000 0.000004
vn -1.000000 0.000000 0.000004
vn -1.000000 0.000000 0.000004
vn -1.000000 0.000000 0.000004
vn -1.000000 0.000000 0.000004
vn 1.000000 -0.000000 -0.000004
vn 1.000000 -0.000000 -0.000004
vn 1.000000 -0.000000 -0.000004
vn 1.000000 -0.000000 -0.000004
vn 1.000000 -0.000000 -0.000004
vn 1.000000 -0.000000 -0.000004
vn 1.000000 -0.000000 -0.000004
vn 1.000000 -0.000000 -0.000004
vn -1.000000 0.000000 0.000004
vn -1.000000 0.000000 0.000004
vn -1.000000 0.000000 0.000004
vn -1.000000 0.000000 0.000004
vn 1.000000 -0.000000 -0.000004
vn 1.000000 -0.000000 -0.000004
vn 1.000000 -0.000000 -0.000004
vn 1.000000 -0.000000 -0.000004
vn -1.000000 0.000000 0.000004
vn -1.000000 0.000000 0.000004
vn -1.000000 0.000000 0.000004
vn -1.000000 0.000000 0.000004
vn 1.000000 -0.000000 -0.000004
vn 1.000000 -0.000000 -0.000004
vn 1.000000 -0.000000 -0.000004
vn 1.000000 -0.000000 -0.000004
vn 1.000000 -0.000000 -0.000004
vn 1.000000 -0.000000 -0.000004
vn 1.000000 -0.000000 -0.000004
vn 1.000000 -0.000000 -0.000004
vn 1.000000 -0.000000 -0.000004
vn 1.000000 -0.000000 -0.000004
vn 1.000000 -0.000000 -0.000004
vn 1.000000 -0.000000 -0.000004
vn -1.000000 0.000000 0.000004
vn -1.000000 0.000000 0.000004
vn -1.000000 0.000000 0.000004
vn -1.000000 0.000000 0.000004
vn -1.000000 0.000000 0.000004
vn -1.000000 0.000000 0.000004
vn -1.000000 0.000000 0.000004
vn -1.000000 0.000000 0.000004
vn -1.000000 0.000000 0.000004
vn -1.000000 0.000000 0.000004
vn -1.000000 0.000000 0.000004
vn -1.000000 0.000000 0.000004
vn 1.000000 -0.000000 -0.000004
vn 1.000000 -0.000000 -0.000004
vn 1.000000 -0.000000 -0.000004
vn 1.000000 -0.000000 -0.000004
vn -1.000000 0.000000 0.000004
vn -1.000000 0.000000 0.000004
vn -1.000000 0.000000 0.000004
vn -1.000000 0.000000 0.000004
vn 1.000000 -0.000000 -0.000004
vn 1.000000 -0.000000 -0.000004
vn 1.000000 -0.000000 -0.000004
vn 1.000000 -0.000000 -0.000004
vn -1.000000 0.000000 0.000004
vn -1.000000 0.000000 0.000004
vn -1.000000 0.000000 0.000004
vn -1.000000 0.000000 0.000004
vn 1.000000 -0.000000 -0.000004
vn 1.000000 -0.000000 -0.000004
vn 1.000000 -0.000000 -0.000004
vn 1.000000 -0.000000 -0.000004
vn -1.000000 0.000000 0.000004
vn -1.000000 0.000000 0.000004
vn -1.000000 0.000000 0.000004
vn -1.000000 0.000000 0.000004
vn -0.000004 -0.000000 -1.000000
vn -0.000004 -0.000000 -1.000000
vn -0.000004 -0.000000 -1.000000
vn -0.000004 -0.000000 -1.000000
vn 0.000004 0.000000 1.000000
vn 0.000004 0.000000 1.000000
vn 0.000004 0.000000 1.000000
vn 0.000004 0.000000 1.000000
vn 0.000004 -0.062137 0.998068
vn 0.000004 -0.124035 0.992278
vn 0.000004 -0.124035 0.992278
vn 0.000004 -0.124035 0.992278
vn 0.000000 1.000000 -0.000000
vn 0.000000 1.000000 -0.000000
vn 0.000000 1.000000 -0.000000
vn 0.000000 1.000000 -0.000000
vn 0.000000 1.000000 -0.000000
vn 0.000000 1.000000 -0.000000
vn 0.000000 1.000000 -0.000000
vn 0.000000 1.000000 -0.000000
vn -0.000004 -0.000000 -1.000000
vn -0.000004 -0.000000 -1.000000
vn -0.000004 -0.000000 -1.000000
vn -0.000004 -0.000000 -1.000000
vn -0.000000 -1.000000 0.000000
vn -0.000000 -1.000000 0.000000
vn -0.000000 -1.000000 0.000000
vn -0.000000 -1.000000 0.000000
vn -0.000000 -1.000000 0.000000
vn -0.000000 -1.000000 0.000000
vn -0.000000 -1.000000 0.000000
vn -0.000000 -1.000000 0.000000
vn -0.000004 -0.000000 -1.000000
vn -0.000004 -0.000000 -1.000000
vn -0.000004 -0.000000 -1.000000
vn -0.000004 -0.000000 -1.000000
vn -0.000002 -0.845733 -0.533607
vn -0.000002 -0.845733 -0.533607
vn -0.000002 -0.849082 -0.528262
vn -0.000002 -0.849082 -0.528262
vn 0.000004 0.000000 1.000000
vn 0.000004 0.000000 1.000000
vn 0.000004 0.000000 1.000000
vn 0.000004 0.000000 1.000000
vn -0.000001 -0.959779 -0.280758
vn -0.000001 -0.959779 -0.280758
vn -0.000002 -0.845733 -0.533607
vn -0.000002 -0.845733 -0.533607
vn -1.000000 0.000000 0.000004
vn -1.000000 0.000000 0.000004
vn -1.000000 0.000000 0.000004
vn -1.000000 0.000000 0.000004
vn -1.000000 0.000000 0.000004
vn -1.000000 0.000000 0.000004
vn 0.000000 -0.992736 0.120309
vn 0.000000 -0.992736 0.120309
vn 0.000000 -0.994426 0.105435
vn 0.000000 -0.994426 0.105435
vn -0.000000 -1.000000 0.000000
vn -0.000000 -1.000000 0.000000
vn -0.000001 -0.959779 -0.280758
vn -0.000001 -0.959779 -0.280758
vn 0.000000 1.000000 -0.000000
vn 0.000000 1.000000 -0.000000
vn 0.000000 1.000000 -0.000000
vn 0.000000 1.000000 -0.000000
vn -0.000000 -1.000000 0.000000
vn -0.000000 -1.000000 0.000000
vn -0.000000 -1.000000 0.000000
vn -0.000000 -1.000000 0.000000
vn -0.000000 -1.000000 0.000000
vn -0.000000 -1.000000 0.000000
vn -0.000000 -1.000000 0.000000
vn -0.000000 -1.000000 0.000000
vn 0.000000 1.000000 -0.000000
vn 0.000000 1.000000 -0.000000
vn 0.000000 1.000000 -0.000000
vn 0.000000 1.000000 -0.000000
vn 0.000000 -0.998973 0.045315
vn 0.000000 -0.998973 0.045315
vn -0.000000 -1.000000 0.000000
vn -0.000000 -1.000000 0.000000
vn -0.000000 -1.000000 0.000000
vn -0.000000 -1.000000 0.000000
vn -0.000000 -1.000000 0.000000
vn -0.000000 -1.000000 0.000000
vn -0.000000 -1.000000 0.000000
vn -0.000000 -1.000000 0.000000
vn -0.000000 -1.000000 0.000000
vn -0.000000 -1.000000 0.000000
vn 0.000000 1.000000 -0.000000
vn 0.000000 1.000000 -0.000000
vn 0.000000 1.000000 -0.000000
vn 0.000000 1.000000 -0.000000
vn 0.000000 1.000000 -0.000000
vn 0.000000 1.000000 -0.000000
vn 0.000000 1.000000 -0.000000
vn 0.000000 1.000000 -0.000000
vn 0.000000 1.000000 -0.000000
vn 0.000000 1.000000 -0.000000
vn 0.000000 1.000000 -0.000000
vn 0.000000 1.000000 -0.000000
vn -0.000000 -1.000000 0.000000
vn -0.000000 -1.000000 0.000000
vn -0.000000 -1.000000 0.000000
vn -0.000000 -1.000000 0.000000
vn 0.000000 1.000000 -0.000000
vn 0.000000 1.000000 -0.000000
vn 0.000000 1.000000 -0.000000
vn 0.000000 1.000000 -0.000000
vn -0.000000 -1.000000 0.000000
vn -0.000000 -1.000000 0.000000
vn -0.000000 -1.000000 0.000000
vn -0.000000 -1.000000 0.000000
vn 0.000000 1.000000 -0.000000
vn 0.000000 1.000000 -0.000000
vn 0.000000 1.000000 -0.000000
vn 0.000000 1.000000 -0.000000
vn 0.000000 -0.994426 0.105435
vn 0.000000 -0.994426 0.105435
vn 0.000000 -0.998973 0.045315
vn 0.000000 -0.998973 0.045315
vn -0.000004 -0.000000 -1.000000
vn -0.000004 0.041416 -0.999142
vn -0.000004 -0.000000 -1.000000
vn -0.000004 -0.000000 -1.000000
vn 0.000000 1.000000 -0.000000
vn 0.000000 1.000000 -0.000000
vn 0.000000 1.000000 -0.000000
vn 0.000000 1.000000 -0.000000
vn 0.000000 1.000000 -0.000000
vn 0.000000 1.000000 -0.000000
vn 0.000000 1.000000 -0.000000
vn 0.000000 1.000000 -0.000000
vn 0.000004 0.000000 1.000000
vn 0.000004 -0.062137 0.998068
vn 0.000004 0.000000 1.000000
vn 0.000004 0.000000 1.000000
vn 0.000004 0.000000 1.000000
vn 0.000004 0.000000 1.000000
vn 0.000004 0.000000 1.000000
vn 0.000004 0.000000 1.000000
vn 0.000004 0.000000 1.000000
vn 0.000004 0.000000 1.000000
vn -0.000004 -0.000000 -1.000000
vn -0.000004 -0.000000 -1.000000
vn -0.000004 -0.000000 -1.000000
vn -0.000004 -0.000000 -1.000000
vn -0.000004 -0.000000 -1.000000
vn -0.000004 -0.000000 -1.000000
vn 0.000004 0.000000 1.000000
vn 0.000004 0.000000 1.000000
vn 0.000004 0.000000 1.000000
vn 0.000004 0.000000 1.000000
vn 0.000000 1.000000 -0.000000
vn 0.000000 1.000000 -0.000000
vn 0.000000 1.000000 -0.000000
vn 0.000000 1.000000 -0.000000
vn -0.000000 -1.000000 0.000000
vn -0.000000 -1.000000 0.000000
vn -0.000000 -1.000000 0.000000
vn -0.000000 -1.000000 0.000000
vn 0.000000 1.000000 -0.000000
vn 0.000000 1.000000 -0.000000
vn 0.000000 1.000000 -0.000000
vn 0.000000 1.000000 -0.000000
vn 0.000004 0.000000 1.000000
vn 0.000004 0.000000 1.000000
vn 0.000004 0.000000 1.000000
vn 0.000004 0.000000 1.000000
vn -0.000004 0.134265 -0.990945
vn -0.000004 0.139375 -0.990240
vn -0.000004 0.139375 -0.990240
vn -0.000004 0.139375 -0.990240
vn -0.000000 -1.000000 0.000000
vn -0.000000 -1.000000 0.000000
vn -0.000000 -1.000000 0.000000
vn -0.000000 -1.000000 0.000000
vn -0.000004 -0.000000 -1.000000
vn -0.000004 -0.000000 -1.000000
vn -0.000004 -0.000000 -1.000000
vn -0.000004 -0.000000 -1.000000
vn -0.000000 -1.000000 0.000000
vn -0.000000 -1.000000 0.000000
vn -0.000000 -1.000000 0.000000
vn -0.000000 -1.000000 0.000000
vn -0.000000 -1.000000 0.000000
vn -0.000000 -1.000000 0.000000
vn -0.000000 -1.000000 0.000000
vn -0.000000 -1.000000 0.000000
vn 0.000000 1.000000 -0.000000
vn 0.000000 1.000000 -0.000000
vn 0.000000 1.000000 -0.000000
vn 0.000000 1.000000 -0.000000
vn -0.000000 -1.000000 0.000000
vn -0.000000 -1.000000 0.000000
vn -0.000000 -1.000000 0.000000
vn -0.000000 -1.000000 0.000000
vn 0.000000 1.000000 -0.000000
vn 0.000000 1.000000 -0.000000
vn 0.000000 1.000000 -0.000000
vn 0.000000 1.000000 -0.000000
vn -0.000000 -1.000000 0.000000
vn -0.000000 -1.000000 0.000000
vn -0.000000 -1.000000 0.000000
vn -0.000000 -1.000000 0.000000
vn 0.000000 1.000000 -0.000000
vn 0.000000 1.000000 -0.000000
vn 0.000000 1.000000 -0.000000
vn 0.000000 1.000000 -0.000000
vn -0.000000 -1.000000 0.000000
vn -0.000000 -1.000000 0.000000
vn -0.000000 -1.000000 0.000000
vn -0.000000 -1.000000 0.000000
vn 0.000000 1.000000 -0.000000
vn 0.000000 1.000000 -0.000000
vn 0.000000 1.000000 -0.000000
vn 0.000000 1.000000 -0.000000
vn -0.000000 -1.000000 0.000000
vn -0.000000 -1.000000 0.000000
vn -0.000000 -1.000000 0.000000
vn -0.000000 -1.000000 0.000000
vn 0.000000 1.000000 -0.000000
vn 0.000000 1.000000 -0.000000
vn 0.000000 1.000000 -0.000000
vn 0.000000 1.000000 -0.000000
vn -0.000000 -1.000000 0.000000
vn -0.000000 -1.000000 0.000000
vn -0.000000 -1.000000 0.000000
vn -0.000000 -1.000000 0.000000
vn 0.000000 1.000000 -0.000000
vn 0.000000 1.000000 -0.000000
vn 0.000000 1.000000 -0.000000
vn 0.000000 1.000000 -0.000000
vn -0.000000 -1.000000 0.000000
vn -0.000000 -1.000000 0.000000
vn -0.000000 -1.000000 0.000000
vn -0.000000 -1.000000 0.000000
vn 0.000000 1.000000 -0.000000
vn 0.000000 1.000000 -0.000000
vn 0.000000 1.000000 -0.000000
vn 0.000000 1.000000 -0.000000
vn 0.000000 1.000000 -0.000000
vn 0.000000 1.000000 -0.000000
vn 0.000000 1.000000 -0.000000
vn 0.000000 1.000000 -0.000000
vn -0.000000 -1.000000 0.000000
vn -0.000000 -1.000000 0.000000
vn -0.000000 -1.000000 0.000000
vn -0.000000 -1.000000 0.000000
vn -0.000004 -0.000000 -1.000000
vn -0.000004 -0.000000 -1.000000
vn -0.000004 -0.000000 -1.000000
vn -0.000004 -0.000000 -1.000000
vn 0.000004 0.000000 1.000000
vn 0.000004 0.000000 1.000000
vn 0.000004 0.000000 1.000000
vn 0.000004 0.000000 1.000000
vn 0.000000 1.000000 -0.000000
vn 0.000000 1.000000 -0.000000
vn 0.000000 1.000000 -0.000000
vn 0.000000 1.000000 -0.000000
vn 0.000000 1.000000 -0.000000
vn 0.000000 1.000000 -0.000000
vn 0.000000 1.000000 -0.000000
vn 0.000000 1.000000 -0.000000
vn -1.000000 0.000000 0.000004
vn -1.000000 0.000000 0.000004
vn -1.000000 0.000000 0.000004
vn -1.000000 0.000000 0.000004
vn -1.000000 0.000000 0.000004
vn -1.000000 0.000000 0.000004
vn -1.000000 0.000000 0.000004
vn -1.000000 0.000000 0.000004
vn -1.000000 0.000000 0.000004
vn -1.000000 0.000000 0.000004
vn 0.000004 0.000000 1.000000
vn 0.000004 0.000000 1.000000
vn 0.000004 0.000000 1.000000
vn 0.000004 0.000000 1.000000
vn 0.000004 0.000000 1.000000
vn 0.000004 0.000000 1.000000
vn -1.000000 0.000000 0.000004
vn -1.000000 0.000000 0.000004
vn -1.000000 0.000000 0.000004
vn -1.000000 0.000000 0.000004
vn -1.000000 0.000000 0.000004
vn -1.000000 0.000000 0.000004
vn 0.000004 0.000000 1.000000
vn 0.000004 0.000000 1.000000
vn 0.000004 0.000000 1.000000
vn 0.000004 0.000000 1.000000
vn -1.000000 0.000000 0.000004
vn -1.000000 0.000000 0.000004
vn -1.000000 0.000000 0.000004
vn -1.000000 0.000000 0.000004
vn 0.000004 0.000000 1.000000
vn 0.000004 0.000000 1.000000
vn 0.000004 0.000000 1.000000
vn 0.000004 0.000000 1.000000
vn -0.000004 -0.000000 -1.000000
vn -0.000004 -0.000000 -1.000000
vn -0.000004 -0.000000 -1.000000
vn -0.000004 -0.000000 -1.000000
vn -0.000004 -0.000000 -1.000000
vn -0.000004 -0.000000 -1.000000
vn 0.000000 1.000000 -0.000000
vn 0.000000 1.000000 -0.000000
vn 0.000000 1.000000 -0.000000
vn 0.000000 1.000000 -0.000000
vn 1.000000 -0.000000 -0.000004
vn 1.000000 -0.000000 -0.000004
vn 1.000000 -0.000000 -0.000004
vn 1.000000 -0.000000 -0.000004
vn 0.000004 0.000000 1.000000
vn 0.000004 0.000000 1.000000
vn 0.000004 0.000000 1.000000
vn 0.000004 0.000000 1.000000
vn -1.000000 0.000000 0.000004
vn -1.000000 0.000000 0.000004
vn -1.000000 0.000000 0.000004
vn -1.000000 0.000000 0.000004
vn 1.000000 -0.000000 -0.000004
vn 1.000000 -0.000000 -0.000004
vn 1.000000 -0.000000 -0.000004
vn 1.000000 -0.000000 -0.000004
vn -1.000000 0.000000 0.000004
vn -1.000000 0.000000 0.000004
vn -1.000000 0.000000 0.000004
vn -1.000000 0.000000 0.000004
vn 1.000000 -0.000000 -0.000004
vn 1.000000 -0.000000 -0.000004
vn 1.000000 -0.000000 -0.000004
vn 1.000000 -0.000000 -0.000004
vn -1.000000 0.000000 0.000004
vn -1.000000 0.000000 0.000004
vn -1.000000 0.000000 0.000004
vn -1.000000 0.000000 0.000004
vn 1.000000 -0.000000 -0.000004
vn 1.000000 -0.000000 -0.000004
vn 1.000000 -0.000000 -0.000004
vn 1.000000 -0.000000 -0.000004
vn -1.000000 0.000000 0.000004
vn -1.000000 0.000000 0.000004
vn -1.000000 0.000000 0.000004
vn -1.000000 0.000000 0.000004
vn -1.000000 0.000000 0.000004
vn -1.000000 0.000000 0.000004
vn -1.000000 0.000000 0.000004
vn -1.000000 0.000000 0.000004
vn 1.000000 -0.000000 -0.000004
vn 1.000000 -0.000000 -0.000004
vn 1.000000 -0.000000 -0.000004
vn 1.000000 -0.000000 -0.000004
vn -1.000000 0.000000 0.000004
vn -1.000000 0.000000 0.000004
vn -1.000000 0.000000 0.000004
vn -1.000000 0.000000 0.000004
vn 1.000000 -0.000000 -0.000004
vn 1.000000 -0.000000 -0.000004
vn 1.000000 -0.000000 -0.000004
vn 1.000000 -0.000000 -0.000004
vn -1.000000 0.000000 0.000004
vn -1.000000 0.000000 0.000004
vn -1.000000 0.000000 0.000004
vn -1.000000 0.000000 0.000004
vn 1.000000 -0.000000 -0.000004
vn 1.000000 -0.000000 -0.000004
vn 1.000000 -0.000000 -0.000004
vn 1.000000 -0.000000 -0.000004
vn -1.000000 0.000000 0.000004
vn -1.000000 0.000000 0.000004
vn -1.000000 0.000000 0.000004
vn -1.000000 0.000000 0.000004
vn 1.000000 -0.000000 -0.000004
vn 1.000000 -0.000000 -0.000004
vn 1.000000 -0.000000 -0.000004
vn 1.000000 -0.000000 -0.000004
vn -0.000004 -0.000000 -1.000000
vn -0.000004 -0.000000 -1.000000
vn -0.000004 -0.000000 -1.000000
vn -0.000004 -0.000000 -1.000000
vn 1.000000 -0.000000 -0.000004
vn 1.000000 -0.000000 -0.000004
vn 1.000000 -0.000000 -0.000004
vn 1.000000 -0.000000 -0.000004
vn -0.000004 -0.000000 -1.000000
vn -0.000004 -0.000000 -1.000000
vn -0.000004 -0.000000 -1.000000
vn -0.000004 -0.000000 -1.000000
vn 1.000000 -0.000000 -0.000004
vn 1.000000 -0.000000 -0.000004
vn 1.000000 -0.000000 -0.000004
vn 1.000000 -0.000000 -0.000004
vn -0.000004 -0.000000 -1.000000
vn -0.000004 -0.000000 -1.000000
vn -0.000004 -0.000000 -1.000000
vn -0.000004 -0.000000 -1.000000
vn -1.000000 0.000000 0.000004
vn -1.000000 0.000000 0.000004
vn -1.000000 0.000000 0.000004
vn -1.000000 0.000000 0.000004
vn -1.000000 0.000000 0.000004
vn -1.000000 0.000000 0.000004
vn -1.000000 0.000000 0.000004
vn -1.000000 0.000000 0.000004
vn 0.000004 0.000000 1.000000
vn 0.000004 0.000000 1.000000
vn 0.000004 0.000000 1.000000
vn 0.000004 0.000000 1.000000
vn -1.000000 0.000000 0.000004
vn -1.000000 0.000000 0.000004
vn -1.000000 0.000000 0.000004
vn -1.000000 0.000000 0.000004
vn 0.000004 0.000000 1.000000
vn 0.000004 0.000000 1.000000
vn 0.000004 0.000000 1.000000
vn 0.000004 0.000000 1.000000
vn -1.000000 0.000000 0.000004
vn -1.000000 0.000000 0.000004
vn -1.000000 0.000000 0.000004
vn -1.000000 0.000000 0.000004
vn 1.000000 -0.000000 -0.000004
vn 1.000000 -0.000000 -0.000004
vn 1.000000 -0.000000 -0.000004
vn 1.000000 -0.000000 -0.000004
vn -0.000004 -0.000000 -1.000000
vn -0.000004 -0.000000 -1.000000
vn -0.000004 -0.000000 -1.000000
vn -0.000004 -0.000000 -1.000000
vn 0.000004 0.000000 1.000000
vn 0.000004 0.000000 1.000000
vn 0.000004 0.000000 1.000000
vn 0.000004 0.000000 1.000000
vn 0.000000 1.000000 -0.000000
vn 0.000000 1.000000 -0.000000
vn 0.000000 1.000000 -0.000000
vn 0.000000 1.000000 -0.000000
vn 1.000000 -0.000000 -0.000004
vn 1.000000 -0.000000 -0.000004
vn 1.000000 -0.000000 -0.000004
vn 1.000000 -0.000000 -0.000004
vn -1.000000 0.000000 0.000004
vn -1.000000 0.000000 0.000004
vn -1.000000 0.000000 0.000004
vn -1.000000 0.000000 0.000004
vn 0.000000 1.000000 -0.000000
vn 0.000000 1.000000 -0.000000
vn 0.000000 1.000000 -0.000000
vn 0.000000 1.000000 -0.000000
vn 0.000000 1.000000 -0.000000
vn 0.000000 1.000000 -0.000000
vn 0.000000 1.000000 -0.000000
vn 0.000000 1.000000 -0.000000
vn 0.000000 1.000000 -0.000000
vn 0.000000 1.000000 -0.000000
vn 0.000000 1.000000 -0.000000
vn 0.000000 1.000000 -0.000000
vn 0.000000 1.000000 -0.000000
vn 0.000000 1.000000 -0.000000
vn 0.000000 1.000000 -0.000000
vn 0.000000 1.000000 -0.000000
f 3/3/3 2/2/2 1/1/1
f 6/6/6 5/5/5 4/4/4
f 4/4/4 8/8/8 7/7/7
f 7/7/7 8/8/8 9/9/9
f 11/11/11 10/10/10 9/9/9
f 14/14/14 13/13/13 12/12/12
f 16/16/16 13/13/13 15/15/15
f 19/19/19 18/18/18 17/17/17
f 22/22/22 21/21/21 20/20/20
f 21/21/21 24/24/24 23/23/23
f 23/23/23 24/24/24 25/25/25
f 24/24/24 26/26/26 25/25/25
f 28/28/28 23/23/23 27/27/27
f 27/27/27 23/23/23 29/29/29
f 23/23/23 31/31/31 30/30/30
f 29/29/29 31/31/31 32/32/32
f 31/31/31 33/33/33 32/32/32
f 33/33/33 34/34/34 32/32/32
f 33/33/33 35/35/35 34/34/34
f 35/35/35 37/37/37 36/36/36
f 38/38/38 35/35/35 36/36/36
f 41/41/41 40/40/40 39/39/39
f 44/44/44 43/43/43 42/42/42
f 47/47/47 46/46/46 45/45/45
f 49/49/49 48/48/48 45/45/45
f 52/52/52 51/51/51 50/50/50
f 55/55/55 54/54/54 53/53/53
f 53/53/53 57/57/57 56/56/56
f 60/60/60 59/59/59 58/58/58
f 63/63/63 62/62/62 61/61/61
f 66/66/66 65/65/65 64/64/64
f 69/69/69 68/68/68 67/67/67
f 72/72/72 71/71/71 70/70/70
f 71/71/71 74/74/74 73/73/73
f 76/76/76 73/73/73 75/75/75
f 75/75/75 78/78/78 77/77/77
f 78/78/78 79/79/79 77/77/77
f 82/82/82 81/81/81 80/80/80
f 84/84/84 82/82/82 83/83/83
f 84/84/84 86/86/86 85/85/85
f 85/85/85 86/86/86 87/87/87
f 90/90/90 89/89/89 88/88/88
f 93/93/93 92/92/92 91/91/91
f 96/96/96 95/95/95 94/94/94
f 99/99/99 98/98/98 97/97/97
f 102/102/102 101/101/101 100/100/100
f 105/105/105 104/104/104 103/103/103
f 108/108/108 107/107/107 106/106/106
f 111/111/111 110/110/110 109/109/109
f 114/114/114 113/113/113 112/112/112
f 117/117/117 116/116/116 115/115/115
f 120/120/120 119/119/119 118/118/118
f 123/123/123 122/122/122 121/121/121
f 126/126/126 125/125/125 124/124/124
f 129/129/129 128/128/128 127/127/127
f 132/132/132 131/131/131 130/130/130
f 135/135/135 134/134/134 133/133/133
f 138/138/138 137/137/137 136/136/136
f 141/141/141 140/140/140 139/139/139
f 144/144/144 143/143/143 142/142/142
f 147/147/147 146/146/146 145/145/145
f 150/150/150 149/149/149 148/148/148
f 153/153/153 152/152/152 151/151/151
f 156/156/156 155/155/155 154/154/154
f 159/159/159 158/158/158 157/157/157
f 162/162/162 161/161/161 160/160/160
f 165/165/165 164/164/164 163/163/163
f 168/168/168 167/167/167 166/166/166
f 171/171/171 170/170/170 169/169/169
f 174/174/174 173/173/173 172/172/172
f 177/177/177 176/176/176 175/175/175
f 180/180/180 179/179/179 178/178/178
f 183/183/183 182/182/182 181/181/181
f 186/186/186 185/185/185 184/184/184
f 189/189/189 188/188/188 187/187/187
f 191/191/191 188/188/188 190/190/190
f 192/192/192 191/191/191 190/190/190
f 195/195/195 194/194/194 193/193/193
f 197/197/197 194/194/194 196/196/196
f 198/198/198 197/197/197 196/196/196
f 201/201/201 200/200/200 199/199/199
f 202/202/202 200/200/200 201/201/201
f 205/205/205 204/204/204 203/203/203
f 204/204/204 206/206/206 203/203/203
f 207/207/207 206/206/206 204/204/204
f 208/208/208 207/207/207 204/204/204
f 211/211/211 210/210/210 209/209/209
f 212/212/212 210/210/210 211/211/211
f 215/215/215 214/214/214 213/213/213
f 216/216/216 214/214/214 215/215/215
f 217/217/217 216/216/216 215/215/215
f 218/218/218 216/216/216 217/217/217
f 221/221/221 220/220/220 219/219/219
f 219/219/219 220/220/220 222/222/222
f 225/225/225 224/224/224 223/223/223
f 223/223/223 224/224/224 226/226/226
f 229/229/229 228/228/228 227/227/227
f 227/227/227 228/228/228 230/230/230
f 233/233/233 232/232/232 231/231/231
f 231/231/231 232/232/232 234/234/234
f 237/237/237 236/236/236 235/235/235
f 235/235/235 236/236/236 238/238/238
f 241/241/241 240/240/240 239/239/239
f 239/239/239 240/240/240 242/242/242
f 245/245/245 244/244/244 243/243/243
f 243/243/243 244/244/244 246/246/246
f 249/249/249 248/248/248 247/247/247
f 247/247/247 248/248/248 250/250/250
f 248/248/248 251/251/251 250/250/250
f 250/250/250 251/251/251 252/252/252
f 255/255/255 254/254/254 253/253/253
f 254/254/254 256/256/256 253/253/253
f 253/253/253 256/256/256 257/257/257
f 258/258/258 253/253/253 257/257/257
f 261/261/261 260/260/260 259/259/259
f 259/259/259 260/260/260 262/262/262
f 262/262/262 263/263/263 259/259/259
f 259/259/259 263/263/263 264/264/264
f 267/267/267 266/266/266 265/265/265
f 265/265/265 266/266/266 268/268/268
f 271/271/271 270/270/270 269/269/269
f 269/269/269 270/270/270 272/272/272
f 272/272/272 273/273/273 269/269/269
f 269/269/269 273/273/273 274/274/274
f 277/277/277 276/276/276 275/275/275
f 275/275/275 276/276/276 278/278/278
f 281/281/281 280/280/280 279/279/279
f 280/280/280 281/281/281 282/282/282
f 285/285/285 284/284/284 283/283/283
f 286/286/286 284/284/284 285/285/285
f 285/285/285 287/287/287 286/286/286
f 288/288/288 287/287/287 285/285/285
f 291/291/291 290/290/290 289/289/289
f 292/292/292 290/290/290 291/291/291
f 291/291/291 293/293/293 292/292/292
f 294/294/294 293/293/293 291/291/291
f 297/297/297 296/296/296 295/295/295
f 298/298/298 297/297/297 295/295/295
f 301/301/301 300/300/300 299/299/299
f 302/302/302 301/301/301 299/299/299
f 302/302/302 299/299/299 303/303/303
f 299/299/299 304/304/304 303/303/303
f 304/304/304 305/305/305 303/303/303
f 305/305/305 306/306/306 303/303/303
f 309/309/309 308/308/308 307/307/307
f 310/310/310 309/309/309 307/307/307
f 313/313/313 312/312/312 311/311/311
f 314/314/314 313/313/313 311/311/311
f 317/317/317 316/316/316 315/315/315
f 318/318/318 317/317/317 315/315/315
f 321/321/321 320/320/320 319/319/319
f 322/322/322 321/321/321 319/319/319
f 325/325/325 324/324/324 323/323/323
f 326/326/326 325/325/325 323/323/323
f 329/329/329 328/328/328 327/327/327
f 330/330/330 329/329/329 327/327/327
f 333/333/333 332/332/332 331/331/331
f 334/334/334 333/333/333 331/331/331
f 334/334/334 331/331/331 335/335/335
f 336/336/336 334/334/334 335/335/335
f 339/339/339 338/338/338 337/337/337
f 340/340/340 339/339/339 337/337/337
f 343/343/343 342/342/342 341/341/341
f 344/344/344 343/343/343 341/341/341
f 347/347/347 346/346/346 345/345/345
f 348/348/348 347/347/347 345/345/345
f 351/351/351 350/350/350 349/349/349
f 352/352/352 351/351/351 349/349/349
f 355/355/355 354/354/354 353/353/353
f 356/356/356 355/355/355 353/353/353
f 359/359/359 358/358/358 357/357/357
f 360/360/360 359/359/359 357/357/357
f 360/360/360 357/357/357 361/361/361
f 362/362/362 360/360/360 361/361/361
f 365/365/365 364/364/364 363/363/363
f 366/366/366 365/365/365 363/363/363
f 369/369/369 368/368/368 367/367/367
f 370/370/370 369/369/369 367/367/367
f 373/373/373 372/372/372 371/371/371
f 374/374/374 373/373/373 371/371/371
f 377/377/377 376/376/376 375/375/375
f 378/378/378 377/377/377 375/375/375
f 381/381/381 380/380/380 379/379/379
f 382/382/382 381/381/381 379/379/379
f 385/385/385 384/384/384 383/383/383
f 386/386/386 385/385/385 383/383/383
f 386/386/386 383/383/383 387/387/387
f 388/388/388 386/386/386 387/387/387
f 391/391/391 390/390/390 389/389/389
f 392/392/392 391/391/391 389/389/389
f 395/395/395 394/394/394 393/393/393
f 396/396/396 395/395/395 393/393/393
f 399/399/399 398/398/398 397/397/397
f 400/400/400 399/399/399 397/397/397
f 403/403/403 402/402/402 401/401/401
f 404/404/404 403/403/403 401/401/401
f 407/407/407 406/406/406 405/405/405
f 408/408/408 407/407/407 405/405/405
f 411/411/411 410/410/410 409/409/409
f 412/412/412 411/411/411 409/409/409
f 415/415/415 414/414/414 413/413/413
f 416/416/416 415/415/415 413/413/413
f 419/419/419 418/418/418 417/417/417
f 420/420/420 419/419/419 417/417/417
f 423/423/423 422/422/422 421/421/421
f 424/424/424 423/423/423 421/421/421
f 427/427/427 426/426/426 425/425/425
f 428/428/428 427/427/427 425/425/425
f 431/431/431 430/430/430 429/429/429
f 432/432/432 431/431/431 429/429/429
f 435/435/435 434/434/434 433/433/433
f 436/436/436 435/435/435 433/433/433
f 439/439/439 438/438/438 437/437/437
f 440/440/440 439/439/439 437/437/437
f 443/443/443 442/442/442 441/441/441
f 444/444/444 443/443/443 441/441/441
f 447/447/447 446/446/446 445/445/445
f 448/448/448 447/447/447 445/445/445
f 451/451/451 450/450/450 449/449/449
f 452/452/452 451/451/451 449/449/449
f 455/455/455 454/454/454 453/453/453
f 456/456/456 455/455/455 453/453/453
f 459/459/459 458/458/458 457/457/457
f 460/460/460 459/459/459 457/457/457
f 463/463/463 462/462/462 461/461/461
f 464/464/464 463/463/463 461/461/461
f 467/467/467 466/466/466 465/465/465
f 468/468/468 467/467/467 465/465/465
f 471/471/471 470/470/470 469/469/469
f 472/472/472 471/471/471 469/469/469
f 475/475/475 474/474/474 473/473/473
f 476/476/476 475/475/475 473/473/473
f 479/479/479 478/478/478 477/477/477
f 480/480/480 479/479/479 477/477/477
f 483/483/483 482/482/482 481/481/481
f 484/484/484 483/483/483 481/481/481
f 487/487/487 486/486/486 485/485/485
f 488/488/488 487/487/487 485/485/485
f 491/491/491 490/490/490 489/489/489
f 492/492/492 491/491/491 489/489/489
f 495/495/495 494/494/494 493/493/493
f 496/496/496 495/495/495 493/493/493
f 499/499/499 498/498/498 497/497/497
f 500/500/500 499/499/499 497/497/497
f 503/503/503 502/502/502 501/501/501
f 504/504/504 503/503/503 501/501/501
f 507/507/507 506/506/506 505/505/505
f 508/508/508 507/507/507 505/505/505
f 511/511/511 510/510/510 509/509/509
f 512/512/512 511/511/511 509/509/509
f 515/515/515 514/514/514 513/513/513
f 516/516/516 515/515/515 513/513/513
f 516/516/516 513/513/513 517/517/517
f 518/518/518 516/516/516 517/517/517
f 521/521/521 520/520/520 519/519/519
f 522/522/522 521/521/521 519/519/519
f 525/525/525 524/524/524 523/523/523
f 526/526/526 525/525/525 523/523/523
f 529/529/529 528/528/528 527/527/527
f 530/530/530 529/529/529 527/527/527
f 533/533/533 532/532/532 531/531/531
f 534/534/534 533/533/533 531/531/531
f 537/537/537 536/536/536 535/535/535
f 538/538/538 537/537/537 535/535/535
f 541/541/541 540/540/540 539/539/539
f 542/542/542 541/541/541 539/539/539
f 545/545/545 544/544/544 543/543/543
f 546/546/546 545/545/545 543/543/543
f 549/549/549 548/548/548 547/547/547
f 550/550/550 549/549/549 547/547/547
f 553/553/553 552/552/552 551/551/551
f 554/554/554 553/553/553 551/551/551
f 557/557/557 556/556/556 555/555/555
f 558/558/558 557/557/557 555/555/555
f 561/561/561 560/560/560 559/559/559
f 562/562/562 561/561/561 559/559/559
f 565/565/565 564/564/564 563/563/563
f 566/566/566 565/565/565 563/563/563
f 569/569/569 568/568/568 567/567/567
f 570/570/570 569/569/569 567/567/567
f 573/573/573 572/572/572 571/571/571
f 574/574/574 573/573/573 571/571/571
f 577/577/577 576/576/576 575/575/575
f 578/578/578 577/577/577 575/575/575
f 581/581/581 580/580/580 579/579/579
f 582/582/582 581/581/581 579/579/579
f 582/582/582 579/579/579 583/583/583
f 584/584/584 582/582/582 583/583/583
f 587/587/587 586/586/586 585/585/585
f 588/588/588 587/587/587 585/585/585
f 591/591/591 590/590/590 589/589/589
f 592/592/592 591/591/591 589/589/589
f 595/595/595 594/594/594 593/593/593
f 596/596/596 595/595/595 593/593/593
f 599/599/599 598/598/598 597/597/597
f 600/600/600 599/599/599 597/597/597
f 603/603/603 602/602/602 601/601/601
f 604/604/604 603/603/603 601/601/601
f 607/607/607 606/606/606 605/605/605
f 608/608/608 607/607/607 605/605/605
f 611/611/611 610/610/610 609/609/609
f 612/612/612 611/611/611 609/609/609
f 615/615/615 614/614/614 613/613/613
f 616/616/616 615/615/615 613/613/613
f 619/619/619 618/618/618 617/617/617
f 620/620/620 619/619/619 617/617/617
f 623/623/623 622/622/622 621/621/621
f 624/624/624 623/623/623 621/621/621
f 627/627/627 626/626/626 625/625/625
f 628/628/628 627/627/627 625/625/625
f 631/631/631 630/630/630 629/629/629
f 632/632/632 631/631/631 629/629/629
f 635/635/635 634/634/634 633/633/633
f 636/636/636 635/635/635 633/633/633
f 639/639/639 638/638/638 637/637/637
f 640/640/640 639/639/639 637/637/637
f 643/643/643 642/642/642 641/641/641
f 644/644/644 643/643/643 641/641/641
f 647/647/647 646/646/646 645/645/645
f 648/648/648 647/647/647 645/645/645
f 651/651/651 650/650/650 649/649/649
f 652/652/652 651/651/651 649/649/649
f 655/655/655 654/654/654 653/653/653
f 656/656/656 655/655/655 653/653/653
f 659/659/659 658/658/658 657/657/657
f 660/660/660 659/659/659 657/657/657
f 663/663/663 662/662/662 661/661/661
f 664/664/664 663/663/663 661/661/661
f 667/667/667 666/666/666 665/665/665
f 668/668/668 667/667/667 665/665/665
f 671/671/671 670/670/670 669/669/669
f 672/672/672 671/671/671 669/669/669
f 675/675/675 674/674/674 673/673/673
f 676/676/676 675/675/675 673/673/673
f 679/679/679 678/678/678 677/677/677
f 680/680/680 679/679/679 677/677/677
f 680/680/680 677/677/677 681/681/681
f 682/682/682 680/680/680 681/681/681
f 685/685/685 684/684/684 683/683/683
f 686/686/686 685/685/685 683/683/683
f 689/689/689 688/688/688 687/687/687
f 690/690/690 689/689/689 687/687/687
f 693/693/693 692/692/692 691/691/691
f 694/694/694 693/693/693 691/691/691
f 697/697/697 696/696/696 695/695/695
f 698/698/698 697/697/697 695/695/695
f 701/701/701 700/700/700 699/699/699
f 702/702/702 701/701/701 699/699/699
f 705/705/705 704/704/704 703/703/703
f 706/706/706 705/705/705 703/703/703
f 709/709/709 708/708/708 707/707/707
f 710/710/710 709/709/709 707/707/707
f 713/713/713 712/712/712 711/711/711
f 714/714/714 713/713/713 711/711/711
f 714/714/714 711/711/711 715/715/715
f 716/716/716 714/714/714 715/715/715
f 719/719/719 718/718/718 717/717/717
f 720/720/720 719/719/719 717/717/717
f 723/723/723 722/722/722 721/721/721
f 724/724/724 723/723/723 721/721/721
f 727/727/727 726/726/726 725/725/725
f 728/728/728 727/727/727 725/725/725
f 731/731/731 730/730/730 729/729/729
f 732/732/732 731/731/731 729/729/729
f 735/735/735 734/734/734 733/733/733
f 736/736/736 735/735/735 733/733/733
f 739/739/739 738/738/738 737/737/737
f 740/740/740 739/739/739 737/737/737
f 743/743/743 742/742/742 741/741/741
f 744/744/744 743/743/743 741/741/741
f 747/747/747 746/746/746 745/745/745
f 748/748/748 747/747/747 745/745/745
f 751/751/751 750/750/750 749/749/749
f 752/752/752 751/751/751 749/749/749
f 755/755/755 754/754/754 753/753/753
f 756/756/756 755/755/755 753/753/753
f 759/759/759 758/758/758 757/757/757
f 760/760/760 759/759/759 757/757/757
f 763/763/763 762/762/762 761/761/761
f 764/764/764 763/763/763 761/761/761
f 767/767/767 766/766/766 765/765/765
f 768/768/768 767/767/767 765/765/765
f 771/771/771 770/770/770 769/769/769
f 772/772/772 771/771/771 769/769/769
f 775/775/775 774/774/774 773/773/773
f 776/776/776 775/775/775 773/773/773
f 779/779/779 778/778/778 777/777/777
f 780/780/780 779/779/779 777/777/777
f 783/783/783 782/782/782 781/781/781
f 784/784/784 783/783/783 781/781/781
f 787/787/787 786/786/786 785/785/785
f 788/788/788 787/787/787 785/785/785
f 791/791/791 790/790/790 789/789/789
f 792/792/792 791/791/791 789/789/789
f 795/795/795 794/794/794 793/793/793
f 796/796/796 795/795/795 793/793/793
f 799/799/799 798/798/798 797/797/797
f 800/800/800 799/799/799 797/797/797
f 803/803/803 802/802/802 801/801/801
f 804/804/804 803/803/803 801/801/801
f 807/807/807 806/806/806 805/805/805
f 808/808/808 807/807/807 805/805/805
f 808/808/808 805/805/805 809/809/809
f 810/810/810 808/808/808 809/809/809
f 813/813/813 812/812/812 811/811/811
f 814/814/814 813/813/813 811/811/811
f 814/814/814 811/811/811 815/815/815
f 816/816/816 814/814/814 815/815/815
f 819/819/819 818/818/818 817/817/817
f 820/820/820 819/819/819 817/817/817
f 820/820/820 817/817/817 821/821/821
f 822/822/822 820/820/820 821/821/821
f 825/825/825 824/824/824 823/823/823
f 826/826/826 825/825/825 823/823/823
f 829/829/829 828/828/828 827/827/827
f 830/830/830 829/829/829 827/827/827
f 833/833/833 832/832/832 831/831/831
f 834/834/834 833/833/833 831/831/831
f 837/837/837 836/836/836 835/835/835
f 838/838/838 837/837/837 835/835/835
f 841/841/841 840/840/840 839/839/839
f 842/842/842 841/841/841 839/839/839
f 842/842/842 839/839/839 843/843/843
f 844/844/844 842/842/842 843/843/843
f 847/847/847 846/846/846 845/845/845
f 848/848/848 847/847/847 845/845/845
f 848/848/848 845/845/845 849/849/849
f 850/850/850 848/848/848 849/849/849
f 853/853/853 852/852/852 851/851/851
f 854/854/854 853/853/853 851/851/851
f 854/854/854 851/851/851 855/855/855
f 856/856/856 854/854/854 855/855/855
f 859/859/859 858/858/858 857/857/857
f 860/860/860 859/859/859 857/857/857
f 863/863/863 862/862/862 861/861/861
f 864/864/864 863/863/863 861/861/861
f 864/864/864 861/861/861 865/865/865
f 866/866/866 864/864/864 865/865/865
f 869/869/869 868/868/868 867/867/867
f 870/870/870 869/869/869 867/867/867
f 873/873/873 872/872/872 871/871/871
f 874/874/874 873/873/873 871/871/871
f 874/874/874 871/871/871 875/875/875
f 876/876/876 874/874/874 875/875/875
f 879/879/879 878/878/878 877/877/877
f 880/880/880 879/879/879 877/877/877
f 880/880/880 877/877/877 881/881/881
f 882/882/882 880/880/880 881/881/881
f 885/885/885 884/884/884 883/883/883
f 886/886/886 885/885/885 883/883/883
f 886/886/886 883/883/883 887/887/887
f 888/888/888 886/886/886 887/887/887
f 891/891/891 890/890/890 889/889/889
f 892/892/892 891/891/891 889/889/889
f 895/895/895 894/894/894 893/893/893
f 896/896/896 895/895/895 893/893/893
f 896/896/896 893/893/893 897/897/897
f 898/898/898 896/896/896 897/897/897
f 901/901/901 900/900/900 899/899/899
f 902/902/902 901/901/901 899/899/899
f 905/905/905 904/904/904 903/903/903
f 906/906/906 905/905/905 903/903/903
f 909/909/909 908/908/908 907/907/907
f 910/910/910 909/909/909 907/907/907
f 913/913/913 912/912/912 911/911/911
f 914/914/914 913/913/913 911/911/911
f 914/914/914 911/911/911 915/915/915
f 916/916/916 914/914/914 915/915/915
f 919/919/919 918/918/918 917/917/917
f 920/920/920 919/919/919 917/917/917
f 920/920/920 917/917/917 921/921/921
f 922/922/922 920/920/920 921/921/921
f 925/925/925 924/924/924 923/923/923
f 926/926/926 925/925/925 923/923/923
f 929/929/929 928/928/928 927/927/927
f 930/930/930 929/929/929 927/927/927
f 933/933/933 932/932/932 931/931/931
f 934/934/934 933/933/933 931/931/931
f 937/937/937 936/936/936 935/935/935
f 938/938/938 937/937/937 935/935/935
f 941/941/941 940/940/940 939/939/939
f 942/942/942 941/941/941 939/939/939
f 945/945/945 944/944/944 943/943/943
f 946/946/946 945/945/945 943/943/943
f 949/949/949 948/948/948 947/947/947
f 950/950/950 949/949/949 947/947/947
f 953/953/953 952/952/952 951/951/951
f 954/954/954 953/953/953 951/951/951
f 957/957/957 956/956/956 955/955/955
f 958/958/958 957/957/957 955/955/955
f 961/961/961 960/960/960 959/959/959
f 962/962/962 961/961/961 959/959/959
f 965/965/965 964/964/964 963/963/963
f 966/966/966 965/965/965 963/963/963
f 969/969/969 968/968/968 967/967/967
f 970/970/970 969/969/969 967/967/967
f 973/973/973 972/972/972 971/971/971
f 974/974/974 973/973/973 971/971/971
f 977/977/977 976/976/976 975/975/975
f 978/978/978 977/977/977 975/975/975
f 981/981/981 980/980/980 979/979/979
f 982/982/982 981/981/981 979/979/979
f 985/985/985 984/984/984 983/983/983
f 986/986/986 985/985/985 983/983/983
f 989/989/989 988/988/988 987/987/987
f 990/990/990 989/989/989 987/987/987
f 993/993/993 992/992/992 991/991/991
f 994/994/994 993/993/993 991/991/991
f 997/997/997 996/996/996 995/995/995
f 998/998/998 997/997/997 995/995/995
f 1001/1001/1001 1000/1000/1000 999/999/999
f 1002/1002/1002 1001/1001/1001 999/999/999
f 1005/1005/1005 1004/1004/1004 1003/1003/1003
f 1006/1006/1006 1005/1005/1005 1003/1003/1003
f 1009/1009/1009 1008/1008/1008 1007/1007/1007
f 1010/1010/1010 1009/1009/1009 1007/1007/1007
f 1013/1013/1013 1012/1012/1012 1011/1011/1011
f 1014/1014/1014 1013/1013/1013 1011/1011/1011
f 1017/1017/1017 1016/1016/1016 1015/1015/1015
f 1018/1018/1018 1017/1017/1017 1015/1015/1015
f 1021/1021/1021 1020/1020/1020 1019/1019/1019
f 1022/1022/1022 1021/1021/1021 1019/1019/1019
f 1025/1025/1025 1024/1024/1024 1023/1023/1023
f 1026/1026/1026 1025/1025/1025 1023/1023/1023
f 1029/1029/1029 1028/1028/1028 1027/1027/1027
f 1030/1030/1030 1029/1029/1029 1027/1027/1027
f 1033/1033/1033 1032/1032/1032 1031/1031/1031
f 1034/1034/1034 1033/1033/1033 1031/1031/1031
f 1037/1037/1037 1036/1036/1036 1035/1035/1035
f 1038/1038/1038 1037/1037/1037 1035/1035/1035
f 1041/1041/1041 1040/1040/1040 1039/1039/1039
f 1042/1042/1042 1041/1041/1041 1039/1039/1039
f 1045/1045/1045 1044/1044/1044 1043/1043/1043
f 1046/1046/1046 1045/1045/1045 1043/1043/1043
f 1049/1049/1049 1048/1048/1048 1047/1047/1047
f 1050/1050/1050 1049/1049/1049 1047/1047/1047
f 1053/1053/1053 1052/1052/1052 1051/1051/1051
f 1054/1054/1054 1053/1053/1053 1051/1051/1051
f 1057/1057/1057 1056/1056/1056 1055/1055/1055
f 1058/1058/1058 1057/1057/1057 1055/1055/1055
f 1061/1061/1061 1060/1060/1060 1059/1059/1059
f 1062/1062/1062 1061/1061/1061 1059/1059/1059
f 1065/1065/1065 1064/1064/1064 1063/1063/1063
f 1066/1066/1066 1065/1065/1065 1063/1063/1063
f 1069/1069/1069 1068/1068/1068 1067/1067/1067
f 1070/1070/1070 1069/1069/1069 1067/1067/1067
f 1073/1073/1073 1072/1072/1072 1071/1071/1071
f 1074/1074/1074 1073/1073/1073 1071/1071/1071
f 1077/1077/1077 1076/1076/1076 1075/1075/1075
f 1078/1078/1078 1077/1077/1077 1075/1075/1075
f 1081/1081/1081 1080/1080/1080 1079/1079/1079
f 1082/1082/1082 1081/1081/1081 1079/1079/1079
f 1085/1085/1085 1084/1084/1084 1083/1083/1083
f 1086/1086/1086 1085/1085/1085 1083/1083/1083
f 1089/1089/1089 1088/1088/1088 1087/1087/1087
f 1090/1090/1090 1089/1089/1089 1087/1087/1087
f 1093/1093/1093 1092/1092/1092 1091/1091/1091
f 1094/1094/1094 1093/1093/1093 1091/1091/1091
f 1097/1097/1097 1096/1096/1096 1095/1095/1095
f 1098/1098/1098 1097/1097/1097 1095/1095/1095
f 1101/1101/1101 1100/1100/1100 1099/1099/1099
f 1102/1102/1102 1101/1101/1101 1099/1099/1099
f 1105/1105/1105 1104/1104/1104 1103/1103/1103
f 1106/1106/1106 1105/1105/1105 1103/1103/1103
f 1109/1109/1109 1108/1108/1108 1107/1107/1107
f 1110/1110/1110 1109/1109/1109 1107/1107/1107
f 1113/1113/1113 1112/1112/1112 1111/1111/1111
f 1114/1114/1114 1113/1113/1113 1111/1111/1111
f 1117/1117/1117 1116/1116/1116 1115/1115/1115
f 1118/1118/1118 1117/1117/1117 1115/1115/1115
f 1121/1121/1121 1120/1120/1120 1119/1119/1119
f 1122/1122/1122 1121/1121/1121 1119/1119/1119
f 1125/1125/1125 1124/1124/1124 1123/1123/1123
f 1126/1126/1126 1125/1125/1125 1123/1123/1123
f 1129/1129/1129 1128/1128/1128 1127/1127/1127
f 1130/1130/1130 1129/1129/1129 1127/1127/1127
f 1133/1133/1133 1132/1132/1132 1131/1131/1131
f 1134/1134/1134 1133/1133/1133 1131/1131/1131
f 1137/1137/1137 1136/1136/1136 1135/1135/1135
f 1138/1138/1138 1137/1137/1137 1135/1135/1135
f 1141/1141/1141 1140/1140/1140 1139/1139/1139
f 1142/1142/1142 1141/1141/1141 1139/1139/1139
f 1145/1145/1145 1144/1144/1144 1143/1143/1143
f 1146/1146/1146 1145/1145/1145 1143/1143/1143
f 1149/1149/1149 1148/1148/1148 1147/1147/1147
f 1150/1150/1150 1149/1149/1149 1147/1147/1147
f 1153/1153/1153 1152/1152/1152 1151/1151/1151
f 1154/1154/1154 1153/1153/1153 1151/1151/1151
f 1157/1157/1157 1156/1156/1156 1155/1155/1155
f 1158/1158/1158 1157/1157/1157 1155/1155/1155
f 1161/1161/1161 1160/1160/1160 1159/1159/1159
f 1162/1162/1162 1161/1161/1161 1159/1159/1159
f 1165/1165/1165 1164/1164/1164 1163/1163/1163
f 1166/1166/1166 1165/1165/1165 1163/1163/1163
f 1169/1169/1169 1168/1168/1168 1167/1167/1167
f 1170/1170/1170 1169/1169/1169 1167/1167/1167
f 1173/1173/1173 1172/1172/1172 1171/1171/1171
f 1174/1174/1174 1173/1173/1173 1171/1171/1171
f 1177/1177/1177 1176/1176/1176 1175/1175/1175
f 1178/1178/1178 1177/1177/1177 1175/1175/1175
f 1181/1181/1181 1180/1180/1180 1179/1179/1179
f 1182/1182/1182 1181/1181/1181 1179/1179/1179
f 1185/1185/1185 1184/1184/1184 1183/1183/1183
f 1186/1186/1186 1185/1185/1185 1183/1183/1183
f 1189/1189/1189 1188/1188/1188 1187/1187/1187
f 1190/1190/1190 1189/1189/1189 1187/1187/1187
f 1193/1193/1193 1192/1192/1192 1191/1191/1191
f 1194/1194/1194 1193/1193/1193 1191/1191/1191
f 1197/1197/1197 1196/1196/1196 1195/1195/1195
f 1198/1198/1198 1197/1197/1197 1195/1195/1195
f 1201/1201/1201 1200/1200/1200 1199/1199/1199
f 1202/1202/1202 1201/1201/1201 1199/1199/1199
f 1205/1205/1205 1204/1204/1204 1203/1203/1203
f 1206/1206/1206 1205/1205/1205 1203/1203/1203
f 1209/1209/1209 1208/1208/1208 1207/1207/1207
f 1210/1210/1210 1209/1209/1209 1207/1207/1207
f 1213/1213/1213 1212/1212/1212 1211/1211/1211
f 1214/1214/1214 1213/1213/1213 1211/1211/1211
f 1217/1217/1217 1216/1216/1216 1215/1215/1215
f 1218/1218/1218 1217/1217/1217 1215/1215/1215
f 1221/1221/1221 1220/1220/1220 1219/1219/1219
f 1222/1222/1222 1221/1221/1221 1219/1219/1219
f 1225/1225/1225 1224/1224/1224 1223/1223/1223
f 1226/1226/1226 1225/1225/1225 1223/1223/1223
f 1229/1229/1229 1228/1228/1228 1227/1227/1227
f 1230/1230/1230 1229/1229/1229 1227/1227/1227
f 1233/1233/1233 1232/1232/1232 1231/1231/1231
f 1234/1234/1234 1233/1233/1233 1231/1231/1231
f 1237/1237/1237 1236/1236/1236 1235/1235/1235
f 1238/1238/1238 1237/1237/1237 1235/1235/1235
f 1241/1241/1241 1240/1240/1240 1239/1239/1239
f 1242/1242/1242 1241/1241/1241 1239/1239/1239
f 1245/1245/1245 1244/1244/1244 1243/1243/1243
f 1246/1246/1246 1245/1245/1245 1243/1243/1243
f 1249/1249/1249 1248/1248/1248 1247/1247/1247
f 1250/1250/1250 1249/1249/1249 1247/1247/1247
f 1253/1253/1253 1252/1252/1252 1251/1251/1251
f 1254/1254/1254 1253/1253/1253 1251/1251/1251
f 1257/1257/1257 1256/1256/1256 1255/1255/1255
f 1258/1258/1258 1257/1257/1257 1255/1255/1255
f 1261/1261/1261 1260/1260/1260 1259/1259/1259
f 1262/1262/1262 1261/1261/1261 1259/1259/1259
f 1265/1265/1265 1264/1264/1264 1263/1263/1263
f 1266/1266/1266 1265/1265/1265 1263/1263/1263
f 1269/1269/1269 1268/1268/1268 1267/1267/1267
f 1270/1270/1270 1269/1269/1269 1267/1267/1267
f 1273/1273/1273 1272/1272/1272 1271/1271/1271
f 1274/1274/1274 1273/1273/1273 1271/1271/1271
f 1277/1277/1277 1276/1276/1276 1275/1275/1275
f 1278/1278/1278 1277/1277/1277 1275/1275/1275
f 1281/1281/1281 1280/1280/1280 1279/1279/1279
f 1282/1282/1282 1281/1281/1281 1279/1279/1279
f 1285/1285/1285 1284/1284/1284 1283/1283/1283
f 1286/1286/1286 1285/1285/1285 1283/1283/1283
f 1289/1289/1289 1288/1288/1288 1287/1287/1287
f 1290/1290/1290 1289/1289/1289 1287/1287/1287
f 1293/1293/1293 1292/1292/1292 1291/1291/1291
f 1294/1294/1294 1293/1293/1293 1291/1291/1291
f 1297/1297/1297 1296/1296/1296 1295/1295/1295
f 1298/1298/1298 1297/1297/1297 1295/1295/1295
f 1301/1301/1301 1300/1300/1300 1299/1299/1299
f 1302/1302/1302 1301/1301/1301 1299/1299/1299
f 1305/1305/1305 1304/1304/1304 1303/1303/1303
f 1306/1306/1306 1305/1305/1305 1303/1303/1303
f 1309/1309/1309 1308/1308/1308 1307/1307/1307
f 1310/1310/1310 1309/1309/1309 1307/1307/1307
f 1313/1313/1313 1312/1312/1312 1311/1311/1311
f 1314/1314/1314 1313/1313/1313 1311/1311/1311
f 1317/1317/1317 1316/1316/1316 1315/1315/1315
f 1318/1318/1318 1317/1317/1317 1315/1315/1315
f 1321/1321/1321 1320/1320/1320 1319/1319/1319
f 1322/1322/1322 1321/1321/1321 1319/1319/1319
f 1325/1325/1325 1324/1324/1324 1323/1323/1323
f 1326/1326/1326 1325/1325/1325 1323/1323/1323
f 1329/1329/1329 1328/1328/1328 1327/1327/1327
f 1330/1330/1330 1329/1329/1329 1327/1327/1327
f 1333/1333/1333 1332/1332/1332 1331/1331/1331
f 1334/1334/1334 1333/1333/1333 1331/1331/1331
f 1337/1337/1337 1336/1336/1336 1335/1335/1335
f 1338/1338/1338 1337/1337/1337 1335/1335/1335
f 1341/1341/1341 1340/1340/1340 1339/1339/1339
f 1342/1342/1342 1341/1341/1341 1339/1339/1339
f 1345/1345/1345 1344/1344/1344 1343/1343/1343
f 1346/1346/1346 1345/1345/1345 1343/1343/1343
f 1349/1349/1349 1348/1348/1348 1347/1347/1347
f 1350/1350/1350 1349/1349/1349 1347/1347/1347
f 1353/1353/1353 1352/1352/1352 1351/1351/1351
f 1354/1354/1354 1353/1353/1353 1351/1351/1351
f 1357/1357/1357 1356/1356/1356 1355/1355/1355
f 1358/1358/1358 1357/1357/1357 1355/1355/1355
f 1361/1361/1361 1360/1360/1360 1359/1359/1359
f 1362/1362/1362 1361/1361/1361 1359/1359/1359
f 1365/1365/1365 1364/1364/1364 1363/1363/1363
f 1366/1366/1366 1365/1365/1365 1363/1363/1363
f 1369/1369/1369 1368/1368/1368 1367/1367/1367
f 1370/1370/1370 1369/1369/1369 1367/1367/1367
f 1373/1373/1373 1372/1372/1372 1371/1371/1371
f 1374/1374/1374 1373/1373/1373 1371/1371/1371
f 1377/1377/1377 1376/1376/1376 1375/1375/1375
f 1378/1378/1378 1377/1377/1377 1375/1375/1375
f 1381/1381/1381 1380/1380/1380 1379/1379/1379
f 1382/1382/1382 1381/1381/1381 1379/1379/1379
f 1385/1385/1385 1384/1384/1384 1383/1383/1383
f 1386/1386/1386 1385/1385/1385 1383/1383/1383
f 1389/1389/1389 1388/1388/1388 1387/1387/1387
f 1390/1390/1390 1389/1389/1389 1387/1387/1387
f 1393/1393/1393 1392/1392/1392 1391/1391/1391
f 1394/1394/1394 1393/1393/1393 1391/1391/1391
f 1397/1397/1397 1396/1396/1396 1395/1395/1395
f 1398/1398/1398 1397/1397/1397 1395/1395/1395
f 1401/1401/1401 1400/1400/1400 1399/1399/1399
f 1402/1402/1402 1401/1401/1401 1399/1399/1399
f 1405/1405/1405 1404/1404/1404 1403/1403/1403
f 1406/1406/1406 1405/1405/1405 1403/1403/1403
f 1409/1409/1409 1408/1408/1408 1407/1407/1407
f 1410/1410/1410 1409/1409/1409 1407/1407/1407
f 1413/1413/1413 1412/1412/1412 1411/1411/1411
f 1414/1414/1414 1413/1413/1413 1411/1411/1411
f 1417/1417/1417 1416/1416/1416 1415/1415/1415
f 1418/1418/1418 1417/1417/1417 1415/1415/1415
f 1421/1421/1421 1420/1420/1420 1419/1419/1419
f 1422/1422/1422 1421/1421/1421 1419/1419/1419
f 1425/1425/1425 1424/1424/1424 1423/1423/1423
f 1426/1426/1426 1425/1425/1425 1423/1423/1423
f 1429/1429/1429 1428/1428/1428 1427/1427/1427
f 1430/1430/1430 1429/1429/1429 1427/1427/1427
f 1433/1433/1433 1432/1432/1432 1431/1431/1431
f 1434/1434/1434 1433/1433/1433 1431/1431/1431
f 1437/1437/1437 1436/1436/1436 1435/1435/1435
f 1438/1438/1438 1437/1437/1437 1435/1435/1435
f 1441/1441/1441 1440/1440/1440 1439/1439/1439
f 1442/1442/1442 1441/1441/1441 1439/1439/1439
f 1445/1445/1445 1444/1444/1444 1443/1443/1443
f 1446/1446/1446 1445/1445/1445 1443/1443/1443
f 1449/1449/1449 1448/1448/1448 1447/1447/1447
f 1450/1450/1450 1449/1449/1449 1447/1447/1447
f 1453/1453/1453 1452/1452/1452 1451/1451/1451
f 1454/1454/1454 1453/1453/1453 1451/1451/1451
f 1457/1457/1457 1456/1456/1456 1455/1455/1455
f 1458/1458/1458 1457/1457/1457 1455/1455/1455
f 1461/1461/1461 1460/1460/1460 1459/1459/1459
f 1462/1462/1462 1461/1461/1461 1459/1459/1459
f 1465/1465/1465 1464/1464/1464 1463/1463/1463
f 1466/1466/1466 1465/1465/1465 1463/1463/1463
f 1469/1469/1469 1468/1468/1468 1467/1467/1467
f 1470/1470/1470 1469/1469/1469 1467/1467/1467
f 1473/1473/1473 1472/1472/1472 1471/1471/1471
f 1474/1474/1474 1473/1473/1473 1471/1471/1471
f 1477/1477/1477 1476/1476/1476 1475/1475/1475
f 1478/1478/1478 1477/1477/1477 1475/1475/1475
f 1481/1481/1481 1480/1480/1480 1479/1479/1479
f 1482/1482/1482 1481/1481/1481 1479/1479/1479
f 1485/1485/1485 1484/1484/1484 1483/1483/1483
f 1486/1486/1486 1485/1485/1485 1483/1483/1483
f 1489/1489/1489 1488/1488/1488 1487/1487/1487
f 1490/1490/1490 1489/1489/1489 1487/1487/1487
f 1493/1493/1493 1492/1492/1492 1491/1491/1491
f 1494/1494/1494 1493/1493/1493 1491/1491/1491
f 1497/1497/1497 1496/1496/1496 1495/1495/1495
f 1498/1498/1498 1497/1497/1497 1495/1495/1495
f 1501/1501/1501 1500/1500/1500 1499/1499/1499
f 1502/1502/1502 1501/1501/1501 1499/1499/1499
f 1505/1505/1505 1504/1504/1504 1503/1503/1503
f 1506/1506/1506 1505/1505/1505 1503/1503/1503
f 1509/1509/1509 1508/1508/1508 1507/1507/1507
f 1510/1510/1510 1509/1509/1509 1507/1507/1507
f 1513/1513/1513 1512/1512/1512 1511/1511/1511
f 1514/1514/1514 1513/1513/1513 1511/1511/1511
f 1517/1517/1517 1516/1516/1516 1515/1515/1515
f 1518/1518/1518 1517/1517/1517 1515/1515/1515
f 1521/1521/1521 1520/1520/1520 1519/1519/1519
f 1522/1522/1522 1521/1521/1521 1519/1519/1519
f 1525/1525/1525 1524/1524/1524 1523/1523/1523
f 1526/1526/1526 1525/1525/1525 1523/1523/1523
f 1526/1526/1526 1523/1523/1523 1527/1527/1527
f 1528/1528/1528 1526/1526/1526 1527/1527/1527
f 1531/1531/1531 1530/1530/1530 1529/1529/1529
f 1532/1532/1532 1531/1531/1531 1529/1529/1529
f 1535/1535/1535 1534/1534/1534 1533/1533/1533
f 1536/1536/1536 1535/1535/1535 1533/1533/1533
f 1539/1539/1539 1538/1538/1538 1537/1537/1537
f 1540/1540/1540 1539/1539/1539 1537/1537/1537
f 1543/1543/1543 1542/1542/1542 1541/1541/1541
f 1544/1544/1544 1543/1543/1543 1541/1541/1541
f 1547/1547/1547 1546/1546/1546 1545/1545/1545
f 1548/1548/1548 1547/1547/1547 1545/1545/1545
f 1551/1551/1551 1550/1550/1550 1549/1549/1549
f 1552/1552/1552 1551/1551/1551 1549/1549/1549
f 1555/1555/1555 1554/1554/1554 1553/1553/1553
f 1556/1556/1556 1555/1555/1555 1553/1553/1553
f 1559/1559/1559 1558/1558/1558 1557/1557/1557
f 1560/1560/1560 1559/1559/1559 1557/1557/1557
f 1563/1563/1563 1562/1562/1562 1561/1561/1561
f 1564/1564/1564 1563/1563/1563 1561/1561/1561
f 1567/1567/1567 1566/1566/1566 1565/1565/1565
f 1568/1568/1568 1567/1567/1567 1565/1565/1565
f 1571/1571/1571 1570/1570/1570 1569/1569/1569
f 1572/1572/1572 1571/1571/1571 1569/1569/1569
f 1575/1575/1575 1574/1574/1574 1573/1573/1573
f 1576/1576/1576 1575/1575/1575 1573/1573/1573
f 1579/1579/1579 1578/1578/1578 1577/1577/1577
f 1580/1580/1580 1579/1579/1579 1577/1577/1577
f 1583/1583/1583 1582/1582/1582 1581/1581/1581
f 1584/1584/1584 1583/1583/1583 1581/1581/1581
f 1587/1587/1587 1586/1586/1586 1585/1585/1585
f 1588/1588/1588 1587/1587/1587 1585/1585/1585
f 1591/1591/1591 1590/1590/1590 1589/1589/1589
f 1592/1592/1592 1591/1591/1591 1589/1589/1589
f 1595/1595/1595 1594/1594/1594 1593/1593/1593
f 1596/1596/1596 1595/1595/1595 1593/1593/1593
f 1599/1599/1599 1598/1598/1598 1597/1597/1597
f 1600/1600/1600 1599/1599/1599 1597/1597/1597
f 1603/1603/1603 1602/1602/1602 1601/1601/1601
f 1604/1604/1604 1603/1603/1603 1601/1601/1601
f 1607/1607/1607 1606/1606/1606 1605/1605/1605
f 1608/1608/1608 1607/1607/1607 1605/1605/1605
f 1611/1611/1611 1610/1610/1610 1609/1609/1609
f 1612/1612/1612 1611/1611/1611 1609/1609/1609
f 1612/1612/1612 1609/1609/1609 1613/1613/1613
f 1614/1614/1614 1612/1612/1612 1613/1613/1613
f 1617/1617/1617 1616/1616/1616 1615/1615/1615
f 1618/1618/1618 1617/1617/1617 1615/1615/1615
f 1621/1621/1621 1620/1620/1620 1619/1619/1619
f 1622/1622/1622 1621/1621/1621 1619/1619/1619
f 1622/1622/1622 1619/1619/1619 1623/1623/1623
f 1624/1624/1624 1622/1622/1622 1623/1623/1623
f 1627/1627/1627 1626/1626/1626 1625/1625/1625
f 1628/1628/1628 1627/1627/1627 1625/1625/1625
f 1631/1631/1631 1630/1630/1630 1629/1629/1629
f 1632/1632/1632 1631/1631/1631 1629/1629/1629
f 1635/1635/1635 1634/1634/1634 1633/1633/1633
f 1636/1636/1636 1635/1635/1635 1633/1633/1633
f 1639/1639/1639 1638/1638/1638 1637/1637/1637
f 1640/1640/1640 1639/1639/1639 1637/1637/1637
f 1643/1643/1643 1642/1642/1642 1641/1641/1641
f 1644/1644/1644 1643/1643/1643 1641/1641/1641
f 1647/1647/1647 1646/1646/1646 1645/1645/1645
f 1648/1648/1648 1647/1647/1647 1645/1645/1645
f 1651/1651/1651 1650/1650/1650 1649/1649/1649
f 1652/1652/1652 1651/1651/1651 1649/1649/1649
f 1655/1655/1655 1654/1654/1654 1653/1653/1653
f 1656/1656/1656 1655/1655/1655 1653/1653/1653
f 1659/1659/1659 1658/1658/1658 1657/1657/1657
f 1660/1660/1660 1659/1659/1659 1657/1657/1657
f 1663/1663/1663 1662/1662/1662 1661/1661/1661
f 1664/1664/1664 1663/1663/1663 1661/1661/1661
f 1667/1667/1667 1666/1666/1666 1665/1665/1665
f 1668/1668/1668 1667/1667/1667 1665/1665/1665
f 1671/1671/1671 1670/1670/1670 1669/1669/1669
f 1672/1672/1672 1671/1671/1671 1669/1669/1669
f 1675/1675/1675 1674/1674/1674 1673/1673/1673
f 1676/1676/1676 1675/1675/1675 1673/1673/1673
f 1679/1679/1679 1678/1678/1678 1677/1677/1677
f 1680/1680/1680 1679/1679/1679 1677/1677/1677
f 1683/1683/1683 1682/1682/1682 1681/1681/1681
f 1684/1684/1684 1683/1683/1683 1681/1681/1681
f 1687/1687/1687 1686/1686/1686 1685/1685/1685
f 1688/1688/1688 1687/1687/1687 1685/1685/1685
f 1691/1691/1691 1690/1690/1690 1689/1689/1689
f 1692/1692/1692 1691/1691/1691 1689/1689/1689
f 1695/1695/1695 1694/1694/1694 1693/1693/1693
f 1696/1696/1696 1695/1695/1695 1693/1693/1693
f 1699/1699/1699 1698/1698/1698 1697/1697/1697
f 1700/1700/1700 1699/1699/1699 1697/1697/1697
f 1703/1703/1703 1702/1702/1702 1701/1701/1701
f 1704/1704/1704 1703/1703/1703 1701/1701/1701
f 1707/1707/1707 1706/1706/1706 1705/1705/1705
f 1708/1708/1708 1707/1707/1707 1705/1705/1705
f 1711/1711/1711 1710/1710/1710 1709/1709/1709
f 1712/1712/1712 1711/1711/1711 1709/1709/1709
f 1715/1715/1715 1714/1714/1714 1713/1713/1713
f 1716/1716/1716 1715/1715/1715 1713/1713/1713
f 1719/1719/1719 1718/1718/1718 1717/1717/1717
f 1720/1720/1720 1719/1719/1719 1717/1717/1717
f 1723/1723/1723 1722/1722/1722 1721/1721/1721
f 1724/1724/1724 1723/1723/1723 1721/1721/1721
f 1727/1727/1727 1726/1726/1726 1725/1725/1725
f 1728/1728/1728 1727/1727/1727 1725/1725/1725
f 1731/1731/1731 1730/1730/1730 1729/1729/1729
f 1732/1732/1732 1731/1731/1731 1729/1729/1729
f 1735/1735/1735 1734/1734/1734 1733/1733/1733
f 1736/1736/1736 1735/1735/1735 1733/1733/1733
f 1739/1739/1739 1738/1738/1738 1737/1737/1737
f 1740/1740/1740 1739/1739/1739 1737/1737/1737
f 1743/1743/1743 1742/1742/1742 1741/1741/1741
f 1744/1744/1744 1743/1743/1743 1741/1741/1741
f 1747/1747/1747 1746/1746/1746 1745/1745/1745
f 1748/1748/1748 1747/1747/1747 1745/1745/1745
f 1748/1748/1748 1745/1745/1745 1749/1749/1749
f 1750/1750/1750 1748/1748/1748 1749/1749/1749
f 1753/1753/1753 1752/1752/1752 1751/1751/1751
f 1754/1754/1754 1753/1753/1753 1751/1751/1751
f 1754/1754/1754 1751/1751/1751 1755/1755/1755
f 1756/1756/1756 1754/1754/1754 1755/1755/1755
f 1759/1759/1759 1758/1758/1758 1757/1757/1757
f 1760/1760/1760 1759/1759/1759 1757/1757/1757
f 1760/1760/1760 1757/1757/1757 1761/1761/1761
f 1762/1762/1762 1760/1760/1760 1761/1761/1761
f 1765/1765/1765 1764/1764/1764 1763/1763/1763
f 1766/1766/1766 1765/1765/1765 1763/1763/1763
f 1769/1769/1769 1768/1768/1768 1767/1767/1767
f 1770/1770/1770 1769/1769/1769 1767/1767/1767
f 1773/1773/1773 1772/1772/1772 1771/1771/1771
f 1774/1774/1774 1773/1773/1773 1771/1771/1771
f 1777/1777/1777 1776/1776/1776 1775/1775/1775
f 1778/1778/1778 1777/1777/1777 1775/1775/1775
f 1778/1778/1778 1775/1775/1775 1779/1779/1779
f 1780/1780/1780 1778/1778/1778 1779/1779/1779
f 1783/1783/1783 1782/1782/1782 1781/1781/1781
f 1784/1784/1784 1783/1783/1783 1781/1781/1781
f 1787/1787/1787 1786/1786/1786 1785/1785/1785
f 1788/1788/1788 1787/1787/1787 1785/1785/1785
f 1791/1791/1791 1790/1790/1790 1789/1789/1789
f 1792/1792/1792 1791/1791/1791 1789/1789/1789
f 1795/1795/1795 1794/1794/1794 1793/1793/1793
f 1796/1796/1796 1795/1795/1795 1793/1793/1793
f 1799/1799/1799 1798/1798/1798 1797/1797/1797
f 1800/1800/1800 1799/1799/1799 1797/1797/1797
f 1803/1803/1803 1802/1802/1802 1801/1801/1801
f 1804/1804/1804 1803/1803/1803 1801/1801/1801
f 1807/1807/1807 1806/1806/1806 1805/1805/1805
f 1808/1808/1808 1807/1807/1807 1805/1805/1805
f 1811/1811/1811 1810/1810/1810 1809/1809/1809
f 1812/1812/1812 1811/1811/1811 1809/1809/1809
f 1815/1815/1815 1814/1814/1814 1813/1813/1813
f 1816/1816/1816 1815/1815/1815 1813/1813/1813
f 1819/1819/1819 1818/1818/1818 1817/1817/1817
f 1820/1820/1820 1819/1819/1819 1817/1817/1817
f 1823/1823/1823 1822/1822/1822 1821/1821/1821
f 1824/1824/1824 1823/1823/1823 1821/1821/1821
f 1827/1827/1827 1826/1826/1826 1825/1825/1825
f 1828/1828/1828 1827/1827/1827 1825/1825/1825
f 1831/1831/1831 1830/1830/1830 1829/1829/1829
f 1832/1832/1832 1831/1831/1831 1829/1829/1829
f 1835/1835/1835 1834/1834/1834 1833/1833/1833
f 1836/1836/1836 1835/1835/1835 1833/1833/1833
f 1839/1839/1839 1838/1838/1838 1837/1837/1837
f 1840/1840/1840 1839/1839/1839 1837/1837/1837
f 1843/1843/1843 1842/1842/1842 1841/1841/1841
f 1844/1844/1844 1843/1843/1843 1841/1841/1841
f 1847/1847/1847 1846/1846/1846 1845/1845/1845
f 1848/1848/1848 1847/1847/1847 1845/1845/1845
f 1851/1851/1851 1850/1850/1850 1849/1849/1849
f 1852/1852/1852 1851/1851/1851 1849/1849/1849
f 1855/1855/1855 1854/1854/1854 1853/1853/1853
f 1856/1856/1856 1855/1855/1855 1853/1853/1853
f 1859/1859/1859 1858/1858/1858 1857/1857/1857
f 1860/1860/1860 1859/1859/1859 1857/1857/1857
f 1863/1863/1863 1862/1862/1862 1861/1861/1861
f 1864/1864/1864 1863/1863/1863 1861/1861/1861
f 1867/1867/1867 1866/1866/1866 1865/1865/1865
f 1868/1868/1868 1867/1867/1867 1865/1865/1865
f 1871/1871/1871 1870/1870/1870 1869/1869/1869
f 1872/1872/1872 1871/1871/1871 1869/1869/1869
f 1875/1875/1875 1874/1874/1874 1873/1873/1873
f 1876/1876/1876 1875/1875/1875 1873/1873/1873
f 1879/1879/1879 1878/1878/1878 1877/1877/1877
f 1880/1880/1880 1879/1879/1879 1877/1877/1877
f 1883/1883/1883 1882/1882/1882 1881/1881/1881
f 1884/1884/1884 1883/1883/1883 1881/1881/1881
f 1887/1887/1887 1886/1886/1886 1885/1885/1885
f 1888/1888/1888 1887/1887/1887 1885/1885/1885
f 1891/1891/1891 1890/1890/1890 1889/1889/1889
f 1892/1892/1892 1891/1891/1891 1889/1889/1889
f 1895/1895/1895 1894/1894/1894 1893/1893/1893
f 1896/1896/1896 1895/1895/1895 1893/1893/1893
f 1899/1899/1899 1898/1898/1898 1897/1897/1897
f 1900/1900/1900 1899/1899/1899 1897/1897/1897
f 1903/1903/1903 1902/1902/1902 1901/1901/1901
f 1904/1904/1904 1903/1903/1903 1901/1901/1901
f 1907/1907/1907 1906/1906/1906 1905/1905/1905
f 1908/1908/1908 1907/1907/1907 1905/1905/1905
f 1911/1911/1911 1910/1910/1910 1909/1909/1909
f 1912/1912/1912 1911/1911/1911 1909/1909/1909
f 1915/1915/1915 1914/1914/1914 1913/1913/1913
f 1916/1916/1916 1915/1915/1915 1913/1913/1913
f 1919/1919/1919 1918/1918/1918 1917/1917/1917
f 1920/1920/1920 1919/1919/1919 1917/1917/1917
f 1923/1923/1923 1922/1922/1922 1921/1921/1921
f 1924/1924/1924 1923/1923/1923 1921/1921/1921
f 1927/1927/1927 1926/1926/1926 1925/1925/1925
f 1928/1928/1928 1927/1927/1927 1925/1925/1925
f 1931/1931/1931 1930/1930/1930 1929/1929/1929
f 1932/1932/1932 1931/1931/1931 1929/1929/1929
f 1935/1935/1935 1934/1934/1934 1933/1933/1933
f 1936/1936/1936 1935/1935/1935 1933/1933/1933
