# Generated static comparison: original coordinates, no scaling. Nominal rest suspension, +Y up / -Z forward.
v -1.23096300 0.47500000 -1.21115900
v -1.18096800 0.47499900 -2.45766000
v -1.18096900 0.72499900 -2.52319900
v -1.23096300 0.72500000 -1.21115900
v -1.23096200 0.47500000 -0.96115900
v -1.23096300 1.60000000 -1.21115900
v -1.18096900 1.47495300 -2.48735100
v -1.23096200 0.72500000 -0.96115900
v -1.23095700 0.47500000 0.32192700
v -1.23096200 1.72500000 -0.87289800
v -1.23095900 2.47500000 -0.21115900
v -1.23096000 2.47500000 -0.51115900
v -1.23095700 1.72500000 0.32192700
v -1.23095700 0.72500000 0.32192700
v -1.23095600 0.47500000 0.57192700
v -1.23095800 2.75903100 0.03304300
v -1.23095900 2.72500000 -0.21695700
v -1.23095700 2.53508200 0.32192600
v -1.23095700 2.78508200 0.32192600
v -1.23095500 2.78508200 0.57192600
v -1.23095500 2.53508200 0.57192600
v -1.23095400 2.78191400 1.03301100
v -1.23095600 1.72500000 0.57192700
v -1.23095300 2.49349500 1.22979800
v -1.23095200 2.73596500 1.41125200
v -1.23095600 0.72500000 0.57192700
v -1.23095200 0.47500100 1.50661700
v -1.23095200 1.72500100 1.44284000
v -1.23095100 2.47500100 1.54312300
v -1.23095100 2.70912200 1.66125200
v -1.23095200 0.72500100 1.50661700
v -1.23095100 0.47500100 1.75661700
v -1.23095100 1.72500100 1.75661700
v -1.23095100 2.42500100 1.79312300
v -1.23095000 2.67500100 1.91125200
v -1.23095100 0.72500100 1.75661700
v -1.23094900 0.47500000 2.09177100
v -1.23094900 0.72500000 2.11071200
v -1.23094900 0.47500000 2.32692500
v -1.23094900 0.72500000 2.36480700
v -1.23095000 1.72500100 2.00661700
v -1.23094900 1.72500100 2.25661700
v -1.23095000 2.42500100 2.04312400
v -1.23094900 2.43120000 2.10887500
v -1.23094900 2.61790200 2.11506500
v -0.93096800 0.47499900 -2.45766100
v -1.18096800 0.47499900 -2.45766000
v -1.23096300 0.47500000 -1.21115900
v -0.98096300 0.47500000 -1.21116000
v 0.93094700 0.47499900 -2.45766800
v -1.23096200 0.47500000 -0.96115900
v 0.98095300 0.47499900 -1.21116800
v 1.18094700 0.47499900 -2.45766900
v 1.23095300 0.47499900 -1.21116900
v -0.98096200 0.47500000 -0.96116000
v -1.23095700 0.47500000 0.32192700
v 0.98095400 0.47500000 -0.96116800
v 1.23095400 0.47500000 -0.96116900
v -0.98095700 0.47500000 0.32192600
v -1.23095600 0.47500000 0.57192700
v 0.98095900 0.47500000 0.32191800
v 1.23095900 0.47500000 0.32191700
v -0.98095600 0.47500000 0.57192600
v -1.23095200 0.47500100 1.50661700
v 0.98096100 0.47500000 0.57191800
v 1.23096100 0.47500000 0.57191700
v -0.98095200 0.47500100 1.50661600
v -1.23095100 0.47500100 1.75661700
v 0.98096500 0.47500000 1.50660800
v 1.23096500 0.47500000 1.50660700
v -0.98095100 0.47500100 1.75661600
v 0.98096600 0.47500000 1.75660800
v 1.23096600 0.47500000 1.75660700
v 1.23096700 0.47500000 2.09176100
v 0.98096700 0.47500000 2.09176200
v 1.23096800 0.47500000 2.32691500
v 0.98096800 0.47500000 2.32691600
v -0.98094900 0.47500000 2.09177000
v -1.23094900 0.47500000 2.09177100
v -0.98094900 0.47500000 2.32692400
v -1.23094900 0.47500000 2.32692500
v 1.18094800 0.72499900 -2.52320800
v 1.18094800 1.47495300 -2.48736000
v 0.93094800 1.59995300 -2.48735900
v 0.93094800 0.72499900 -2.52320700
v -0.93096900 1.59995300 -2.48735200
v 0.93094700 0.47499900 -2.45766800
v 1.18094700 0.47499900 -2.45766900
v -0.93096800 0.47499900 -2.45766100
v -0.93096900 0.72499900 -2.52320000
v -1.18096900 1.47495300 -2.48735100
v -1.18096800 0.47499900 -2.45766000
v -1.18096900 0.72499900 -2.52319900
v -0.93096900 1.59995300 -2.48735200
v -1.23096300 1.60000000 -1.21115900
v -1.18096900 1.47495300 -2.48735100
v -0.98096300 1.72500000 -1.21116000
v 0.93094800 1.59995300 -2.48735900
v 0.98095300 1.72500000 -1.21116700
v 1.18094800 1.47495300 -2.48736000
v 1.23095300 1.60000000 -1.21116800
v 0.98096600 1.72500100 2.00660900
v 0.98096500 0.72500000 1.90661000
v 0.98096500 0.72500000 1.75661000
v 0.98096500 1.72500000 1.75660900
v 0.98096400 0.72500000 1.44283300
v 0.98096400 1.72500000 1.44283300
v 0.98096000 0.72500000 0.57191900
v 0.98096000 1.72500000 0.57191900
v 0.98095900 0.72500000 0.32191900
v 0.98095900 1.72500000 0.32191900
v 0.98095400 0.72500000 -0.86116700
v 0.98095500 1.72500000 -0.87290700
v 0.98095300 0.72500000 -1.11116700
v 0.98095300 1.72500000 -1.21116700
v -0.98095600 1.72500000 0.57192600
v -0.98095200 1.72500100 1.44283900
v -1.23095200 1.72500100 1.44284000
v -1.23095600 1.72500000 0.57192700
v 1.23096000 1.72500000 0.57191800
v 1.23096400 1.72500000 1.44283100
v 0.98096400 1.72500000 1.44283300
v 0.98096000 1.72500000 0.57191900
v -0.98096200 1.72500000 -0.87290000
v -0.98095700 1.72500000 0.32192600
v -1.23095700 1.72500000 0.32192700
v -1.23096200 1.72500000 -0.87289800
v 1.23095500 1.72500000 -0.87290800
v 1.23095900 1.72500000 0.32191800
v 0.98095900 1.72500000 0.32191900
v 0.98095500 1.72500000 -0.87290700
v 0.98095900 1.72500000 0.32191900
v 0.98095900 2.53508100 0.32191900
v 0.98096000 2.53508100 0.57191900
v 0.98096000 1.72500000 0.57191900
v -0.98096200 0.72500000 -0.86116000
v -0.98096300 1.72500000 -1.21116000
v -0.98096300 0.72500000 -1.11116000
v -0.98096200 1.72500000 -0.87290000
v -0.98095700 0.72500000 0.32192600
v -0.98095700 1.72500000 0.32192600
v -0.98095600 0.72500000 0.57192600
v -0.98095600 1.72500000 0.57192600
v -0.98095200 0.72500100 1.44283900
v -0.98095200 1.72500100 1.44283900
v -0.98095100 0.72500100 1.75661600
v -0.98095100 1.72500100 1.75661600
v -0.98095000 0.72500100 1.90661600
v -0.98095000 1.72500100 2.00661500
v 0.98096600 1.72500100 2.00660900
v 0.98096700 1.72500100 2.25660900
v -0.98094900 1.72500100 2.25661600
v -0.98095000 1.72500100 2.00661500
v -0.98096300 0.72500000 -1.11116000
v -0.98096300 1.72500000 -1.21116000
v 0.98095300 1.72500000 -1.21116700
v 0.98095300 0.72500000 -1.11116700
v 0.98095300 0.72500000 -1.11116700
v -0.98096200 0.72500000 -0.86116000
v -0.98096300 0.72500000 -1.11116000
v 0.98095400 0.72500000 -0.86116700
v -0.98095700 0.72500000 0.32192600
v 0.98095900 0.72500000 0.32191900
v -0.98095600 0.72500000 0.57192600
v 0.98096000 0.72500000 0.57191900
v -0.98095200 0.72500100 1.44283900
v 0.98096400 0.72500000 1.44283300
v -0.98095100 0.72500100 1.75661600
v 0.98096500 0.72500000 1.75661000
v -0.98095000 0.72500100 1.90661600
v 0.98096500 0.72500000 1.90661000
v 0.98096000 1.72500000 0.57191900
v 0.98096000 2.53508100 0.57191900
v 1.23096100 2.53508100 0.57191800
v 1.23096000 1.72500000 0.57191800
v 0.98095500 1.72500000 -0.87290700
v 0.98095800 2.47500000 -0.21116700
v 1.23095800 2.47500000 -0.21116800
v 1.23095500 1.72500000 -0.87290800
v 1.23095600 2.47500000 -0.51116800
v 1.23095800 2.72500000 -0.21696600
v 0.98095800 2.72500000 -0.21696500
v 0.98095600 2.47500000 -0.51116700
v 1.23095300 1.60000000 -1.21116800
v 0.98095300 1.72500000 -1.21116700
v -0.98095900 2.72500000 -0.21695800
v -0.98096000 2.47500000 -0.51116000
v -1.23095900 2.72500000 -0.21695700
v -1.23096000 2.47500000 -0.51115900
v -0.98096300 1.72500000 -1.21116000
v -1.23096300 1.60000000 -1.21115900
v 0.98095300 1.72500000 -1.21116700
v 0.98095600 2.47500000 -0.51116700
v 0.98095800 2.47500000 -0.21116700
v 0.98095500 1.72500000 -0.87290700
v 1.23095900 1.72500000 0.32191800
v 1.23095900 2.53508100 0.32191800
v 0.98095900 2.53508100 0.32191900
v 0.98095900 1.72500000 0.32191900
v -1.23096200 1.72500000 -0.87289800
v -1.23095900 2.47500000 -0.21115900
v -0.98095900 2.47500000 -0.21116000
v -0.98096200 1.72500000 -0.87290000
v -1.23095600 1.72500000 0.57192700
v -1.23095500 2.53508200 0.57192600
v -0.98095500 2.53508200 0.57192500
v -0.98095600 1.72500000 0.57192600
v 1.23096400 1.72500000 1.44283100
v 1.23096300 2.49349400 1.22979000
v 0.98096300 2.47325100 1.22979100
v 0.98096400 1.72500000 1.44283300
v -0.98095600 1.72500000 0.57192600
v -0.98095500 2.53508200 0.57192500
v -0.98095700 2.53508200 0.32192500
v -0.98095700 1.72500000 0.32192600
v -0.98095100 1.72500100 1.75661600
v -0.98095300 2.49349500 1.22979700
v -0.98095200 1.72500100 1.44283900
v -0.98095100 2.44647600 1.54312200
v -0.98095000 1.72500100 2.00661500
v -0.98095100 2.42500100 1.79312200
v -0.98094900 1.72500100 2.25661600
v -0.98095000 2.42500100 2.04312200
v -0.98095200 1.72500100 1.44283900
v -0.98095300 2.49349500 1.22979700
v -1.23095300 2.49349500 1.22979800
v -1.23095200 1.72500100 1.44284000
v -0.98096200 1.72500000 -0.87290000
v -0.98095900 2.47500000 -0.21116000
v -0.98096000 2.47500000 -0.51116000
v -0.98096300 1.72500000 -1.21116000
v -0.98095700 1.72500000 0.32192600
v -0.98095700 2.53508200 0.32192500
v -1.23095700 2.53508200 0.32192600
v -1.23095700 1.72500000 0.32192700
v 0.98096400 1.72500000 1.44283300
v 0.98096300 2.47325100 1.22979100
v 0.98096400 2.44647600 1.54311600
v 0.98096500 1.72500000 1.75660900
v 0.98096500 2.42500100 1.79311600
v 0.98096600 1.72500100 2.00660900
v 0.98096600 2.42500100 2.04311600
v 0.98096700 1.72500100 2.25660900
v -0.98095900 2.72500000 -0.21695800
v -1.23095800 2.75903100 0.03304300
v -1.23095900 2.72500000 -0.21695700
v -0.98095800 2.75903100 0.03304200
v 0.98095900 2.75903100 0.03303500
v 0.98095800 2.72500000 -0.21696500
v 1.23095800 2.72500000 -0.21696600
v 1.23095900 2.75903100 0.03303400
v 1.23095900 2.78508200 0.28303400
v -0.98095700 2.78508200 0.32192500
v -1.23095700 2.78508200 0.32192600
v -1.23095500 2.78508200 0.57192600
v 0.98095900 2.78508200 0.28303500
v 0.98096000 2.78508200 0.53303500
v 1.23096000 2.78508200 0.53303400
v 1.23096200 2.75691400 1.03300200
v -0.98095500 2.78508200 0.57192500
v 0.98096200 2.75691400 1.03300300
v -0.98095400 2.78191400 1.03301000
v -1.23095400 2.78191400 1.03301100
v -1.23095200 2.73596500 1.41125200
v 0.98096400 2.73596500 1.41124400
v 1.23096400 2.73596500 1.41124300
v -0.98095200 2.73596500 1.41125100
v -0.98095100 2.70912200 1.66125100
v -1.23095100 2.70912200 1.66125200
v -1.23095000 2.67500100 1.91125200
v 0.98096500 2.70912200 1.66124400
v 1.23096500 2.70912200 1.66124300
v -0.98095000 2.67500100 1.91125100
v -1.23094900 2.61790200 2.11506500
v -0.98094900 2.61790200 2.11506400
v 0.98096600 2.67500100 1.91124400
v 1.23096600 2.67500100 1.91124300
v 0.98096600 2.61790000 2.11505700
v 1.23096600 2.61790000 2.11505600
v 1.23096300 2.49349400 1.22979000
v 1.23096100 2.53508100 0.57191800
v 0.98096000 2.53508100 0.57191900
v 0.98096300 2.47325100 1.22979100
v -0.98095300 2.49349500 1.22979700
v -0.98095100 2.44647600 1.54312200
v 0.98096400 2.44647600 1.54311600
v 0.98096500 2.42500100 1.79311600
v -0.98095100 2.42500100 1.79312200
v 0.98096600 2.42500100 2.04311600
v -0.98095000 2.42500100 2.04312200
v -0.98095500 2.53508200 0.57192500
v -1.23095500 2.53508200 0.57192600
v -1.23095300 2.49349500 1.22979800
v -0.98095700 2.53508200 0.32192500
v 0.98095900 2.53508100 0.32191900
v 0.98095800 2.47500000 -0.21116700
v 1.23095900 2.53508100 0.32191800
v 1.23095800 2.47500000 -0.21116800
v -0.98095900 2.47500000 -0.21116000
v -1.23095900 2.47500000 -0.21115900
v -1.23095700 2.53508200 0.32192600
v 0.98096600 2.43119900 2.10886700
v 1.23096600 2.43119900 2.10886600
v 1.23096600 2.42500100 2.04311500
v -0.98094900 2.43120000 2.10887400
v -1.23095000 2.42500100 2.04312400
v -1.23094900 2.43120000 2.10887500
v -0.98094900 0.47500000 2.32692400
v -1.23094900 0.47500000 2.32692500
v -1.23094900 0.72500000 2.36480700
v -0.98094800 0.72500000 2.36480600
v 0.98096800 0.47500000 2.32691600
v -0.98094900 1.72500100 2.25661600
v -1.23094900 1.72500100 2.25661700
v -0.98095000 2.42500100 2.04312200
v -1.23095000 2.42500100 2.04312400
v 0.98096700 1.72500100 2.25660900
v 0.98096700 0.72500000 2.36480000
v 1.23096800 0.47500000 2.32691500
v 1.23096700 0.72500000 2.36479900
v 1.23096700 1.72500100 2.25660800
v 1.23096600 2.42500100 2.04311500
v 0.98096600 2.42500100 2.04311600
v 1.23096700 0.47500000 2.09176100
v 1.23096800 0.47500000 2.32691500
v 1.23096700 0.72500000 2.36479900
v 1.23096600 0.72500000 2.11070300
v 1.23096600 0.47500000 1.75660700
v 1.23096700 1.72500100 2.25660800
v 1.23096500 0.72500000 1.75660900
v 1.23096500 0.47500000 1.50660700
v 1.23096600 1.72500000 2.00660800
v 1.23096400 0.72500000 1.50660900
v 1.23096100 0.47500000 0.57191700
v 1.23096500 2.42500100 1.79311500
v 1.23096600 2.42500100 2.04311500
v 1.23096000 0.72500000 0.57191800
v 1.23095900 0.47500000 0.32191700
v 1.23095900 0.72500000 0.32191800
v 1.23095400 0.47500000 -0.96116900
v 1.23095400 0.72500000 -0.96116800
v 1.23095300 0.47499900 -1.21116900
v 1.23095300 0.72499900 -1.21116800
v 1.18094700 0.47499900 -2.45766900
v 1.18094800 0.72499900 -2.52320800
v 1.18094800 1.47495300 -2.48736000
v 1.23095300 1.60000000 -1.21116800
v 1.23095500 1.72500000 -0.87290800
v 1.23095600 2.47500000 -0.51116800
v 1.23095900 1.72500000 0.32191800
v 1.23095800 2.47500000 -0.21116800
v 1.23095800 2.72500000 -0.21696600
v 1.23095900 2.75903100 0.03303400
v 1.23095900 2.78508200 0.28303400
v 1.23095900 2.53508100 0.32191800
v 1.23096000 1.72500000 0.57191800
v 1.23096100 2.53508100 0.57191800
v 1.23096000 2.78508200 0.53303400
v 1.23096400 1.72500000 1.44283100
v 1.23096200 2.75691400 1.03300200
v 1.23096300 2.49349400 1.22979000
v 1.23096500 1.72500000 1.75660800
v 1.23096400 2.42500000 1.54311500
v 1.23096400 2.73596500 1.41124300
v 1.23096500 2.70912200 1.66124300
v 1.23096600 2.67500100 1.91124300
v 1.23096600 2.61790000 2.11505600
v 1.23096600 2.43119900 2.10886600
v -0.98096000 2.47500000 -0.51116000
v -0.98095900 2.47500000 -0.21116000
v 0.98095800 2.47500000 -0.21116700
v 0.98095600 2.47500000 -0.51116700
v -0.98095000 1.72500100 2.00661500
v -0.98095000 0.72500100 1.90661600
v 0.98096500 0.72500000 1.90661000
v 0.98096600 1.72500100 2.00660900
v 0.98096600 2.43119900 2.10886700
v 1.23096600 2.61790000 2.11505600
v 1.23096600 2.43119900 2.10886600
v 0.98096600 2.61790000 2.11505700
v -0.98094900 2.43120000 2.10887400
v -0.98094900 2.61790200 2.11506400
v -1.23094900 2.43120000 2.10887500
v -1.23094900 2.61790200 2.11506500
v -0.93094700 0.52397500 2.55920300
v -0.93094700 0.32656900 2.55920300
v -0.93095600 0.49365300 0.55920300
v -0.93095600 0.69106000 0.55920300
v -0.73355000 0.69106000 0.55920200
v -0.73355000 0.49365300 0.55920200
v -0.73354100 0.32656900 2.55920200
v -0.73354100 0.52397500 2.55920200
v -0.73354100 0.52397500 2.55920200
v -0.73354100 0.32656900 2.55920200
v -0.93094700 0.32656900 2.55920300
v -0.93094700 0.52397500 2.55920300
v -0.93094700 0.32656900 2.55920300
v -0.73354100 0.32656900 2.55920200
v -0.73355000 0.49365300 0.55920200
v -0.93095600 0.49365300 0.55920300
v -0.73354100 0.52397500 2.55920200
v -0.93094700 0.52397500 2.55920300
v -0.93095600 0.69106000 0.55920300
v -0.73355000 0.69106000 0.55920200
v -1.26081100 0.70080300 -2.25435800
v -1.26081200 0.44135300 -2.25435800
v -1.26081300 0.44135300 -2.60241500
v -1.26081300 0.70080300 -2.60241500
v 0.53124900 0.70080300 -2.66935000
v 1.26104900 0.44135300 -2.60242600
v 1.26104900 0.70080200 -2.60242600
v 0.53124900 0.44135300 -2.66935000
v -0.51626700 0.70080300 -2.66934600
v -0.51626700 0.44135300 -2.66934600
v -1.26081300 0.70080300 -2.60241500
v -1.26081300 0.44135300 -2.60241500
v 1.26104900 0.70080200 -2.60242600
v 1.26104900 0.44135300 -2.60242600
v 1.26105100 0.44135300 -2.25436900
v 1.26105100 0.70080300 -2.25436900
v -0.51626600 0.70080300 -2.32128800
v -1.26081200 0.44135300 -2.25435800
v -1.26081100 0.70080300 -2.25435800
v -0.51626600 0.44135300 -2.32128800
v 0.53125000 0.70080300 -2.32129300
v 0.53125000 0.44135300 -2.32129300
v 1.26105100 0.70080300 -2.25436900
v 1.26105100 0.44135300 -2.25436900
v 0.53125000 0.44135300 -2.32129300
v 1.26105100 0.44135300 -2.25436900
v 1.26104900 0.44135300 -2.60242600
v 0.53124900 0.44135300 -2.66935000
v -0.51626600 0.44135300 -2.32128800
v -0.51626700 0.44135300 -2.66934600
v -1.26081200 0.44135300 -2.25435800
v -1.26081300 0.44135300 -2.60241500
v -0.51626600 0.70080300 -2.32128800
v -1.26081100 0.70080300 -2.25435800
v -1.26081300 0.70080300 -2.60241500
v -0.51626700 0.70080300 -2.66934600
v 0.53125000 0.70080300 -2.32129300
v 0.53124900 0.70080300 -2.66935000
v 1.26105100 0.70080300 -2.25436900
v 1.26104900 0.70080200 -2.60242600
v 1.26081400 0.70080400 2.06807300
v 1.26081400 0.44135400 2.06807300
v 1.26081600 0.44135400 2.41613100
v 1.26081600 0.70080400 2.41613100
v -0.53124600 0.70080400 2.48306800
v -1.26104600 0.44135400 2.41614600
v -1.26104600 0.70080400 2.41614600
v -0.53124600 0.44135400 2.48306900
v 0.51627000 0.70080400 2.48306300
v 0.51627000 0.44135400 2.48306300
v 1.26081600 0.70080400 2.41613100
v 1.26081600 0.44135400 2.41613100
v -1.26104600 0.70080400 2.41614600
v -1.26104600 0.44135400 2.41614600
v -1.26104800 0.44135400 2.06808800
v -1.26104800 0.70080400 2.06808800
v 0.51626800 0.70080400 2.13500500
v 1.26081400 0.44135400 2.06807300
v 1.26081400 0.70080400 2.06807300
v 0.51626800 0.44135400 2.13500500
v -0.53124800 0.70080400 2.13501100
v -0.53124800 0.44135400 2.13501100
v -1.26104800 0.70080400 2.06808800
v -1.26104800 0.44135400 2.06808800
v -0.53124800 0.44135400 2.13501100
v -1.26104800 0.44135400 2.06808800
v -1.26104600 0.44135400 2.41614600
v -0.53124600 0.44135400 2.48306900
v 0.51626800 0.44135400 2.13500500
v 0.51627000 0.44135400 2.48306300
v 1.26081400 0.44135400 2.06807300
v 1.26081600 0.44135400 2.41613100
v 0.51626800 0.70080400 2.13500500
v 1.26081400 0.70080400 2.06807300
v 1.26081600 0.70080400 2.41613100
v 0.51627000 0.70080400 2.48306300
v -0.53124800 0.70080400 2.13501100
v -0.53124600 0.70080400 2.48306800
v -1.26104800 0.70080400 2.06808800
v -1.26104600 0.70080400 2.41614600
v -0.49160000 1.42517700 -2.56593500
v -0.49160000 1.10911200 -2.56593500
v 0.50658300 1.10911200 -2.56593900
v 0.50658300 1.42517700 -2.56594000
v -0.49159900 1.10911200 -2.44054500
v 0.50658300 1.10911200 -2.44054900
v 0.50658300 1.10911200 -2.56593900
v -0.49160000 1.10911200 -2.56593500
v 0.50658300 1.42517700 -2.44054900
v -0.49159900 1.42517700 -2.44054500
v -0.49160000 1.42517700 -2.56593500
v 0.50658300 1.42517700 -2.56594000
v -0.49160000 1.10911200 -2.56593500
v -0.49160000 1.42517700 -2.56593500
v -0.49159900 1.42517700 -2.44054500
v -0.49159900 1.10911200 -2.44054500
v 0.50658300 1.10911200 -2.56593900
v 0.50658300 1.10911200 -2.44054900
v 0.50658300 1.42517700 -2.44054900
v 0.50658300 1.42517700 -2.56594000
v -0.05000000 0.47107900 2.43306600
v 0.05000000 0.47107900 2.43306600
v 0.05000000 0.47107900 2.75920300
v -0.05000000 0.47107900 2.75920300
v -0.05000000 0.52107900 2.75920300
v 0.05000000 0.52107900 2.75920300
v 0.05000000 0.52107900 2.43306600
v -0.05000000 0.52107900 2.43306600
v 0.05000000 0.52107900 2.70920300
v 0.03535500 0.52107900 2.74455800
v 0.00000000 0.52107900 2.75920300
v -0.03535500 0.52107900 2.74455800
v -0.05000000 0.52107900 2.70920300
v -0.03535500 0.52107900 2.67384800
v 0.00000000 0.52107900 2.65920300
v 0.03535500 0.52107900 2.67384800
v 0.03535500 0.62107900 2.67384800
v 0.00000000 0.62107900 2.65920300
v -0.03535500 0.62107900 2.67384800
v -0.05000000 0.62107900 2.70920300
v -0.03535500 0.62107900 2.74455800
v 0.00000000 0.62107900 2.75920300
v 0.03535500 0.62107900 2.74455800
v 0.05000000 0.62107900 2.70920300
v -0.10647200 0.97399800 -0.13299500
v -0.10647000 0.49789100 -0.79797100
v -0.10647000 0.97399900 -0.79797100
v -0.10647200 0.49789000 -0.13299500
v -0.10647400 0.97399800 0.13797500
v -0.10647400 0.49789000 0.13797500
v -0.10647400 1.98962900 0.19720100
v -0.10647300 2.02468100 -0.07149300
v -0.10647000 0.97399900 -0.79797100
v -0.10647000 0.49789100 -0.79797100
v -0.89349600 0.49789100 -0.79797500
v -0.89349600 0.97399900 -0.79797400
v -0.89350000 0.97399800 0.13797200
v -0.89350000 0.49789000 0.13797200
v -0.10647400 0.49789000 0.13797500
v -0.10647400 0.97399800 0.13797500
v -0.89350000 1.98962900 0.19719800
v -0.10647400 1.98962900 0.19720100
v -0.89349900 0.97399800 -0.13299800
v -0.10647200 0.97399800 -0.13299500
v -0.10647000 0.97399900 -0.79797100
v -0.89349600 0.97399900 -0.79797400
v -0.89349600 0.97399900 -0.79797400
v -0.89349600 0.49789100 -0.79797500
v -0.89349900 0.49789000 -0.13299800
v -0.89349900 0.97399800 -0.13299800
v -0.89350000 0.49789000 0.13797200
v -0.89350000 0.97399800 0.13797200
v -0.89349900 2.02468100 -0.07149600
v -0.89350000 1.98962900 0.19719800
v -0.89349900 0.97399800 -0.13299800
v -0.89349900 2.02468100 -0.07149600
v -0.10647300 2.02468100 -0.07149300
v -0.10647200 0.97399800 -0.13299500
v -0.89350000 1.98962900 0.19719800
v -0.10647400 1.98962900 0.19720100
v -0.10647300 2.02468100 -0.07149300
v -0.89349900 2.02468100 -0.07149600
v 0.89352800 0.97399800 -0.13299500
v 0.89353000 0.49789000 -0.79797200
v 0.89353000 0.97399800 -0.79797100
v 0.89352800 0.49789000 -0.13299600
v 0.89352700 0.97399800 0.13797500
v 0.89352700 0.49789000 0.13797500
v 0.89352700 1.98962900 0.19720100
v 0.89352800 2.02468100 -0.07149300
v 0.89353000 0.97399800 -0.79797100
v 0.89353000 0.49789000 -0.79797200
v 0.10650400 0.49789000 -0.79797400
v 0.10650400 0.97399800 -0.79797400
v 0.10650000 0.97399800 0.13797200
v 0.10650000 0.49789000 0.13797200
v 0.89352700 0.49789000 0.13797500
v 0.89352700 0.97399800 0.13797500
v 0.10650000 1.98962900 0.19719800
v 0.89352700 1.98962900 0.19720100
v 0.10650100 0.97399800 -0.13299800
v 0.89352800 0.97399800 -0.13299500
v 0.89353000 0.97399800 -0.79797100
v 0.10650400 0.97399800 -0.79797400
v 0.10650400 0.97399800 -0.79797400
v 0.10650400 0.49789000 -0.79797400
v 0.10650100 0.49789000 -0.13299800
v 0.10650100 0.97399800 -0.13299800
v 0.10650000 0.49789000 0.13797200
v 0.10650000 0.97399800 0.13797200
v 0.10650100 2.02468100 -0.07149600
v 0.10650000 1.98962900 0.19719800
v 0.10650100 0.97399800 -0.13299800
v 0.10650100 2.02468100 -0.07149600
v 0.89352800 2.02468100 -0.07149300
v 0.89352800 0.97399800 -0.13299500
v 0.10650000 1.98962900 0.19719800
v 0.89352700 1.98962900 0.19720100
v 0.89352800 2.02468100 -0.07149300
v 0.10650100 2.02468100 -0.07149600
v -0.10648800 0.97399800 1.02704900
v -0.10648500 0.49789100 0.36207300
v -0.10648500 0.97399900 0.36207300
v -0.10648800 0.49789000 1.02704900
v -0.10648900 0.97399800 1.29801900
v -0.10648900 0.49789000 1.29801900
v -0.10649000 1.98962800 1.35724600
v -0.10648900 2.02468100 1.08855200
v -0.10648500 0.97399900 0.36207300
v -0.10648500 0.49789100 0.36207300
v -0.89351100 0.49789100 0.36206900
v -0.89351100 0.97399900 0.36207000
v -0.89351500 0.97399700 1.29801600
v -0.89351500 0.49788900 1.29801500
v -0.10648900 0.49789000 1.29801900
v -0.10648900 0.97399800 1.29801900
v -0.89351600 1.98962800 1.35724200
v -0.10649000 1.98962800 1.35724600
v -0.89351400 0.97399800 1.02704600
v -0.10648800 0.97399800 1.02704900
v -0.10648500 0.97399900 0.36207300
v -0.89351100 0.97399900 0.36207000
v -0.89351100 0.97399900 0.36207000
v -0.89351100 0.49789100 0.36206900
v -0.89351400 0.49789000 1.02704500
v -0.89351400 0.97399800 1.02704600
v -0.89351500 0.49788900 1.29801500
v -0.89351500 0.97399700 1.29801600
v -0.89351500 2.02468100 1.08854800
v -0.89351600 1.98962800 1.35724200
v -0.89351400 0.97399800 1.02704600
v -0.89351500 2.02468100 1.08854800
v -0.10648900 2.02468100 1.08855200
v -0.10648800 0.97399800 1.02704900
v -0.89351600 1.98962800 1.35724200
v -0.10649000 1.98962800 1.35724600
v -0.10648900 2.02468100 1.08855200
v -0.89351500 2.02468100 1.08854800
v 0.89352700 0.97399800 1.02711000
v 0.89353000 0.49789100 0.36213400
v 0.89353000 0.97399900 0.36213400
v 0.89352700 0.49789000 1.02711000
v 0.89352600 0.97399800 1.29808000
v 0.89352600 0.49789000 1.29808000
v 0.89352600 1.98962800 1.35730700
v 0.89352700 2.02468100 1.08861300
v 0.89353000 0.97399900 0.36213400
v 0.89353000 0.49789100 0.36213400
v 0.10650400 0.49789100 0.36213000
v 0.10650400 0.97399900 0.36213100
v 0.10650000 0.97399700 1.29807700
v 0.10650000 0.49788900 1.29807600
v 0.89352600 0.49789000 1.29808000
v 0.89352600 0.97399800 1.29808000
v 0.10649900 1.98962800 1.35730300
v 0.89352600 1.98962800 1.35730700
v 0.10650100 0.97399800 1.02710700
v 0.89352700 0.97399800 1.02711000
v 0.89353000 0.97399900 0.36213400
v 0.10650400 0.97399900 0.36213100
v 0.10650400 0.97399900 0.36213100
v 0.10650400 0.49789100 0.36213000
v 0.10650100 0.49789000 1.02710600
v 0.10650100 0.97399800 1.02710700
v 0.10650000 0.49788900 1.29807600
v 0.10650000 0.97399700 1.29807700
v 0.10650100 2.02468100 1.08860900
v 0.10649900 1.98962800 1.35730300
v 0.10650100 0.97399800 1.02710700
v 0.10650100 2.02468100 1.08860900
v 0.89352700 2.02468100 1.08861300
v 0.89352700 0.97399800 1.02711000
v 0.10649900 1.98962800 1.35730300
v 0.89352600 1.98962800 1.35730700
v 0.89352700 2.02468100 1.08861300
v 0.10650100 2.02468100 1.08860900
v -0.42540800 1.46982200 -1.14550400
v -0.42540800 1.17361400 -1.06613600
v -0.42540800 1.16005800 -1.11672900
v -0.42540800 1.45626600 -1.19609700
v -0.46545200 1.51750600 -1.21250600
v -0.71775700 1.67143900 -1.25375300
v -0.71775800 1.68499500 -1.20316000
v -0.46545300 1.53106200 -1.16191300
v -0.46545200 1.51750600 -1.21250600
v -0.19226700 1.68417700 -1.25716400
v -0.15222200 1.62293900 -1.24075500
v -0.42540800 1.45626600 -1.19609700
v -0.50549800 1.45626600 -1.19609700
v -0.71775700 1.67143900 -1.25375300
v -0.75780200 1.61019900 -1.23734400
v -0.46545300 1.53106200 -1.16191300
v -0.71775800 1.68499500 -1.20316000
v -0.75780300 1.62375500 -1.18675100
v -0.50549800 1.46982200 -1.14550400
v -0.42540800 1.46982200 -1.14550400
v -0.19226800 1.69773400 -1.20657100
v -0.15222300 1.63649500 -1.19016200
v -0.50549800 1.46982200 -1.14550400
v -0.75780300 1.62375500 -1.18675100
v -0.75780200 1.61019900 -1.23734400
v -0.50549800 1.45626600 -1.19609700
v -0.50549800 1.46982200 -1.14550400
v -0.50549800 1.17361400 -1.06613600
v -0.42540800 1.17361400 -1.06613600
v -0.42540800 1.46982200 -1.14550400
v -0.42540800 1.45626600 -1.19609700
v -0.42540800 1.16005800 -1.11672900
v -0.50549800 1.16005800 -1.11672900
v -0.50549800 1.45626600 -1.19609700
v -0.50549800 1.45626600 -1.19609700
v -0.50549800 1.16005800 -1.11672900
v -0.50549800 1.17361400 -1.06613600
v -0.50549800 1.46982200 -1.14550400
v -0.46545300 1.53106200 -1.16191300
v -0.19226800 1.69773400 -1.20657100
v -0.19226700 1.68417700 -1.25716400
v -0.46545200 1.51750600 -1.21250600
v -0.42540800 1.45626600 -1.19609700
v -0.15222200 1.62293900 -1.24075500
v -0.15222300 1.63649500 -1.19016200
v -0.42540800 1.46982200 -1.14550400
v -0.61202000 1.23632400 -1.17046900
v -0.46501200 1.22848300 -1.04753400
v -0.46501200 1.19827500 -1.16027300
v -0.61202000 1.26653100 -1.05772900
v -0.31800400 1.26653100 -1.05772800
v -0.71963600 1.34027400 -1.19832200
v -0.31800400 1.23632400 -1.17046700
v -0.71963700 1.37048200 -1.08558300
v -0.21038700 1.37048200 -1.08558100
v -0.75902700 1.48227300 -1.23637100
v -0.21038700 1.34027400 -1.19832000
v -0.75902800 1.51248100 -1.12363200
v -0.17099600 1.51248100 -1.12362900
v -0.71963600 1.62427200 -1.27441900
v -0.17099500 1.48227300 -1.23636800
v -0.71963700 1.65448000 -1.16168000
v -0.21038600 1.65448000 -1.16167800
v -0.61201900 1.72822300 -1.30227200
v -0.21038500 1.62427200 -1.27441700
v -0.61202000 1.75843000 -1.18953200
v -0.31800400 1.75843000 -1.18953100
v -0.46501100 1.76627100 -1.31246600
v -0.31800300 1.72822300 -1.30227000
v -0.46501200 1.79647900 -1.19972700
v -0.84890100 1.48227300 -1.23637100
v -0.71963600 1.34027400 -1.19832200
v -0.79747000 1.29686900 -1.18669200
v -0.75902700 1.48227300 -1.23637100
v -0.61202000 1.23632400 -1.17046900
v -0.79746900 1.66767800 -1.28605000
v -0.65695700 1.16114300 -1.15032400
v -0.71963600 1.62427200 -1.27441900
v -0.46501200 1.19827500 -1.16027300
v -0.65695600 1.80340400 -1.32241600
v -0.46501200 1.11146400 -1.13701200
v -0.61201900 1.72822300 -1.30227200
v -0.31800400 1.23632400 -1.17046700
v -0.46501100 1.85308200 -1.33572700
v -0.27306700 1.16114300 -1.15032300
v -0.46501100 1.76627100 -1.31246600
v -0.21038700 1.34027400 -1.19832000
v -0.27306600 1.80340400 -1.32241500
v -0.13255400 1.29686800 -1.18668900
v -0.31800300 1.72822300 -1.30227000
v -0.17099500 1.48227300 -1.23636800
v -0.13255300 1.66767800 -1.28604700
v -0.08112100 1.48227300 -1.23636800
v -0.21038500 1.62427200 -1.27441700
v -0.27306700 1.83361100 -1.20967500
v -0.31800400 1.75843000 -1.18953100
v -0.21038600 1.65448000 -1.16167800
v -0.13255400 1.69788500 -1.17330700
v -0.46501100 1.88329000 -1.22298800
v -0.17099600 1.51248100 -1.12362900
v -0.46501200 1.79647900 -1.19972700
v -0.08112200 1.51248100 -1.12362900
v -0.65695700 1.83361100 -1.20967700
v -0.21038700 1.37048200 -1.08558100
v -0.61202000 1.75843000 -1.18953200
v -0.13255400 1.32707600 -1.07395000
v -0.79747000 1.69788600 -1.17331100
v -0.31800400 1.26653100 -1.05772800
v -0.71963700 1.65448000 -1.16168000
v -0.27306700 1.19135000 -1.03758300
v -0.84890200 1.51248100 -1.12363200
v -0.46501200 1.22848300 -1.04753400
v -0.75902800 1.51248100 -1.12363200
v -0.46501200 1.14167200 -1.02427300
v -0.79747000 1.32707600 -1.07395300
v -0.61202000 1.26653100 -1.05772900
v -0.71963700 1.37048200 -1.08558300
v -0.65695700 1.19135000 -1.03758500
v -0.27306600 1.80340400 -1.32241500
v -0.46501100 1.88329000 -1.22298800
v -0.27306700 1.83361100 -1.20967500
v -0.46501100 1.85308200 -1.33572700
v -0.13255300 1.66767800 -1.28604700
v -0.65695700 1.83361100 -1.20967700
v -0.13255400 1.69788500 -1.17330700
v -0.65695600 1.80340400 -1.32241600
v -0.08112100 1.48227300 -1.23636800
v -0.79747000 1.69788600 -1.17331100
v -0.08112200 1.51248100 -1.12362900
v -0.79746900 1.66767800 -1.28605000
v -0.13255400 1.29686800 -1.18668900
v -0.84890200 1.51248100 -1.12363200
v -0.13255400 1.32707600 -1.07395000
v -0.84890100 1.48227300 -1.23637100
v -0.27306700 1.16114300 -1.15032300
v -0.79747000 1.32707600 -1.07395300
v -0.27306700 1.19135000 -1.03758300
v -0.79747000 1.29686900 -1.18669200
v -0.46501200 1.11146400 -1.13701200
v -0.65695700 1.19135000 -1.03758500
v -0.46501200 1.14167200 -1.02427300
v -0.65695700 1.16114300 -1.15032400
v 0.57813100 1.26804300 -2.56593500
v 0.69759100 1.06113300 -2.56593400
v 0.69759000 1.06113300 -2.44054400
v 0.57813000 1.26804300 -2.44054500
v 0.69759100 1.06113300 -2.56593400
v 0.93651100 1.06113300 -2.56593300
v 0.93651000 1.06113300 -2.44054300
v 0.69759000 1.06113300 -2.44054400
v 0.93651100 1.06113300 -2.56593300
v 1.05597000 1.26804300 -2.56593300
v 1.05597000 1.26804300 -2.44054300
v 0.93651000 1.06113300 -2.44054300
v 1.05597000 1.26804300 -2.56593300
v 0.93651000 1.47495300 -2.56593300
v 0.93651000 1.47495300 -2.44054300
v 1.05597000 1.26804300 -2.44054300
v 0.57813000 1.26804300 -2.44054500
v 0.69759000 1.06113300 -2.44054400
v 0.93651000 1.06113300 -2.44054300
v 1.05597000 1.26804300 -2.44054300
v 0.69759000 1.47495300 -2.44054400
v 0.93651000 1.47495300 -2.44054300
v 0.93651000 1.47495300 -2.56593300
v 0.69759100 1.47495300 -2.56593400
v 0.69759000 1.47495300 -2.44054400
v 0.93651000 1.47495300 -2.44054300
v 0.69759100 1.47495300 -2.56593400
v 0.57813100 1.26804300 -2.56593500
v 0.57813000 1.26804300 -2.44054500
v 0.69759000 1.47495300 -2.44054400
v 0.93651100 1.06113300 -2.56593300
v 0.69759100 1.06113300 -2.56593400
v 0.57813100 1.26804300 -2.56593500
v 1.05597000 1.26804300 -2.56593300
v 0.69759100 1.47495300 -2.56593400
v 0.93651000 1.47495300 -2.56593300
v -0.57811200 1.26804300 -2.56594000
v -0.57811300 1.26804300 -2.44055000
v -0.69757300 1.06113200 -2.44055000
v -0.69757200 1.06113200 -2.56594000
v -0.69757200 1.06113200 -2.56594000
v -0.69757300 1.06113200 -2.44055000
v -0.93649200 1.06113200 -2.44055100
v -0.93649200 1.06113200 -2.56594100
v -0.93649200 1.06113200 -2.56594100
v -0.93649200 1.06113200 -2.44055100
v -1.05595200 1.26804300 -2.44055200
v -1.05595200 1.26804300 -2.56594200
v -1.05595200 1.26804300 -2.56594200
v -1.05595200 1.26804300 -2.44055200
v -0.93649300 1.47495300 -2.44055100
v -0.93649200 1.47495300 -2.56594100
v -0.93649200 1.06113200 -2.44055100
v -0.69757300 1.06113200 -2.44055000
v -0.57811300 1.26804300 -2.44055000
v -1.05595200 1.26804300 -2.44055200
v -0.93649300 1.47495300 -2.44055100
v -0.69757300 1.47495300 -2.44055000
v -0.93649200 1.47495300 -2.56594100
v -0.93649300 1.47495300 -2.44055100
v -0.69757300 1.47495300 -2.44055000
v -0.69757200 1.47495300 -2.56594000
v -0.69757200 1.47495300 -2.56594000
v -0.69757300 1.47495300 -2.44055000
v -0.57811300 1.26804300 -2.44055000
v -0.57811200 1.26804300 -2.56594000
v -0.57811200 1.26804300 -2.56594000
v -0.69757200 1.06113200 -2.56594000
v -0.93649200 1.06113200 -2.56594100
v -1.05595200 1.26804300 -2.56594200
v -0.69757200 1.47495300 -2.56594000
v -0.93649200 1.47495300 -2.56594100
v -1.02424900 1.52694500 2.22435700
v -1.02424900 1.52694500 2.34974600
v -0.46730900 1.52694500 2.34974800
v -0.46730800 1.52694500 2.22435900
v -0.46730800 1.27223000 2.22435900
v -0.46730900 1.27223000 2.34974800
v -1.02424900 1.27223000 2.34974600
v -1.02424900 1.27223000 2.22435700
v -1.02424900 1.52694500 2.34974600
v -1.02424900 1.52694500 2.22435700
v -1.02424900 1.27223000 2.22435700
v -1.02424900 1.27223000 2.34974600
v -0.46730900 1.52694500 2.34974800
v -1.02424900 1.52694500 2.34974600
v -1.02424900 1.27223000 2.34974600
v -0.46730900 1.27223000 2.34974800
v -0.46730800 1.52694500 2.22435900
v -0.46730900 1.52694500 2.34974800
v -0.46730900 1.27223000 2.34974800
v -0.46730800 1.27223000 2.22435900
v 1.02422900 1.52694600 2.22436600
v 0.46728800 1.52694600 2.22436300
v 0.46728800 1.52694600 2.34975200
v 1.02422900 1.52694600 2.34975500
v 0.46728800 1.27223000 2.22436300
v 1.02422900 1.27223100 2.22436600
v 1.02422900 1.27223100 2.34975500
v 0.46728800 1.27223100 2.34975300
v 1.02422900 1.52694600 2.34975500
v 1.02422900 1.27223100 2.34975500
v 1.02422900 1.27223100 2.22436600
v 1.02422900 1.52694600 2.22436600
v 0.46728800 1.52694600 2.34975200
v 0.46728800 1.27223100 2.34975300
v 1.02422900 1.27223100 2.34975500
v 1.02422900 1.52694600 2.34975500
v 0.46728800 1.52694600 2.22436300
v 0.46728800 1.27223000 2.22436300
v 0.46728800 1.27223100 2.34975300
v 0.46728800 1.52694600 2.34975200
v -1.40000000 0.00000000 -1.62000000
v -1.50000000 0.01500000 -1.61999900
v -1.49999900 0.08200800 -1.34813600
v -1.39999900 0.06872600 -1.34116600
v -1.20000000 0.00000000 -1.62000000
v -1.49999800 0.26768200 -1.13855400
v -1.19999900 0.06872600 -1.34116700
v -1.10000000 0.01500000 -1.62000100
v -1.09999900 0.08200800 -1.34813800
v -1.19999800 0.25916100 -1.12621000
v -1.09999800 0.26768200 -1.13855500
v -1.39999800 0.25916100 -1.12620900
v -1.49999700 0.52948600 -1.03926400
v -1.19999700 0.52767800 -1.02437500
v -1.09999700 0.52948600 -1.03926600
v -1.39999700 0.52767800 -1.02437400
v -1.49999800 0.80744400 -1.07301500
v -1.19999800 0.81276300 -1.05899100
v -1.09999800 0.80744400 -1.07301600
v -1.39999800 0.81276300 -1.05899000
v -1.49999800 1.03787900 -1.23207200
v -1.19999800 1.04910600 -1.22212700
v -1.09999800 1.03787900 -1.23207400
v -1.39999800 1.04910600 -1.22212600
v -1.49999900 1.16800100 -1.47999900
v -1.19999900 1.18256500 -1.47641100
v -1.09999900 1.16800100 -1.48000100
v -1.39999900 1.18256500 -1.47641000
v -1.50000100 1.16800100 -1.75999900
v -1.20000100 1.18256500 -1.76359000
v -1.10000100 1.16800100 -1.76000100
v -1.40000100 1.18256500 -1.76358900
v -1.50000200 1.03787900 -2.00792600
v -1.20000200 1.04910600 -2.01787400
v -1.10000200 1.03787900 -2.00792800
v -1.40000200 1.04910600 -2.01787300
v -1.50000200 0.80744400 -2.16698400
v -1.20000200 0.81276300 -2.18101000
v -1.10000200 0.80744400 -2.16698500
v -1.40000200 0.81276300 -2.18100900
v -1.50000300 0.52948600 -2.20073400
v -1.20000300 0.52767800 -2.21562600
v -1.10000300 0.52948600 -2.20073600
v -1.40000300 0.52767800 -2.21562500
v -1.50000200 0.26768200 -2.10144500
v -1.20000200 0.25916100 -2.11379100
v -1.10000200 0.26768200 -2.10144600
v -1.40000200 0.25916100 -2.11379000
v -1.50000100 0.08200800 -1.89186200
v -1.20000100 0.06872600 -1.89883400
v -1.10000100 0.08200800 -1.89186400
v -1.40000100 0.06872600 -1.89883300
v -1.50000000 0.01500000 -1.61999900
v -1.40000000 0.00000000 -1.62000000
v -1.20000000 0.00000000 -1.62000000
v -1.10000000 0.01500000 -1.62000100
v -1.09999900 0.25111800 -1.43689300
v -1.10000000 0.20598600 -1.62000100
v -1.10000000 0.01500000 -1.62000100
v -1.09999900 0.08200800 -1.34813800
v -1.09999900 0.37617400 -1.29573300
v -1.09999800 0.26768200 -1.13855500
v -1.50000000 0.20598600 -1.61999900
v -1.49999900 0.08200800 -1.34813600
v -1.50000000 0.01500000 -1.61999900
v -1.49999900 0.25111800 -1.43689100
v -1.49999800 0.26768200 -1.13855400
v -1.49999900 0.37617400 -1.29573200
v -1.49999700 0.52948600 -1.03926400
v -1.49999800 0.55250700 -1.22885700
v -1.49999800 0.80744400 -1.07301500
v -1.49999800 0.73971900 -1.25158900
v -1.49999800 1.03787900 -1.23207200
v -1.49999900 0.89492400 -1.35871900
v -1.49999900 1.16800100 -1.47999900
v -1.50000000 0.98256500 -1.52570500
v -1.50000100 1.16800100 -1.75999900
v -1.50000000 0.98256500 -1.71429300
v -1.50000200 1.03787900 -2.00792600
v -1.50000100 0.89492400 -1.88127900
v -1.50000200 0.80744400 -2.16698400
v -1.50000200 0.73971900 -1.98840900
v -1.50000300 0.52948600 -2.20073400
v -1.50000200 0.55250700 -2.01114100
v -1.50000200 0.26768200 -2.10144500
v -1.50000100 0.37617400 -1.94426700
v -1.50000100 0.08200800 -1.89186200
v -1.50000100 0.25111800 -1.80310700
v -1.50000000 0.01500000 -1.61999900
v -1.50000000 0.20598600 -1.61999900
v -1.09999800 0.55250700 -1.22885900
v -1.09999900 0.37617400 -1.29573300
v -1.09999800 0.26768200 -1.13855500
v -1.09999700 0.52948600 -1.03926600
v -1.09999800 0.73971900 -1.25159100
v -1.09999800 0.80744400 -1.07301600
v -1.09999900 0.89492400 -1.35872100
v -1.09999800 1.03787900 -1.23207400
v -1.10000000 0.98256500 -1.52570700
v -1.09999900 1.16800100 -1.48000100
v -1.10000000 0.98256500 -1.71429500
v -1.10000100 1.16800100 -1.76000100
v -1.10000100 0.89492400 -1.88128100
v -1.10000200 1.03787900 -2.00792800
v -1.10000200 0.73971900 -1.98841100
v -1.10000100 0.89492400 -1.88128100
v -1.10000200 1.03787900 -2.00792800
v -1.10000200 0.80744400 -2.16698500
v -1.10000200 0.55250700 -2.01114300
v -1.10000300 0.52948600 -2.20073600
v -1.10000100 0.37617400 -1.94426800
v -1.10000200 0.55250700 -2.01114300
v -1.10000300 0.52948600 -2.20073600
v -1.10000200 0.26768200 -2.10144600
v -1.10000100 0.25111800 -1.80310900
v -1.10000100 0.37617400 -1.94426800
v -1.10000200 0.26768200 -2.10144600
v -1.10000100 0.08200800 -1.89186400
v -1.10000000 0.20598600 -1.62000100
v -1.10000000 0.01500000 -1.62000100
v -1.18000100 0.26856200 -1.79395300
v -1.18000000 0.22568600 -1.62000100
v -1.18000100 0.38736600 -1.92805500
v -1.17999900 0.26856200 -1.44604800
v -1.18000200 0.73273300 -1.96999000
v -1.18000200 0.55488100 -1.99158500
v -1.17999900 0.88017800 -1.37178500
v -1.17999900 0.38736600 -1.31194600
v -1.17999800 0.55488100 -1.24841600
v -1.17999800 0.73273300 -1.27001100
v -1.18000000 0.96343700 -1.70958000
v -1.18000000 0.96343700 -1.53042100
v -1.18000100 0.88017800 -1.86821600
v -1.41999900 0.38736600 -1.31194500
v -1.41999900 0.26856200 -1.44604700
v -1.42000000 0.22568600 -1.61999900
v -1.41999900 0.88017800 -1.37178400
v -1.41999800 0.55488100 -1.24841500
v -1.41999800 0.73273300 -1.27001000
v -1.42000200 0.73273300 -1.96998900
v -1.42000200 0.55488100 -1.99158400
v -1.42000100 0.38736600 -1.92805400
v -1.42000100 0.26856200 -1.79395200
v -1.42000000 0.96343700 -1.70957900
v -1.42000100 0.88017800 -1.86821500
v -1.42000000 0.96343700 -1.53042000
v -1.47999900 0.50300400 -1.48328100
v -1.47999900 0.56095300 -1.41892300
v -1.47999900 0.51340000 -1.43437400
v -1.47999900 0.59811000 -1.45237900
v -1.47999900 0.58771500 -1.50128700
v -1.48000000 0.54016200 -1.51673700
v -1.47999900 0.70005300 -1.48550300
v -1.48000000 0.67971700 -1.53118000
v -1.48000000 0.70910600 -1.57163100
v -1.47999900 0.74978000 -1.48027600
v -1.48000000 0.77916900 -1.52072700
v -1.48000000 0.75883200 -1.56640400
v -1.49999900 0.58771500 -1.50128700
v -1.49999900 0.54016200 -1.51673700
v -1.50000000 0.54016200 -1.72326100
v -1.50000000 0.58771400 -1.73871200
v -1.50000000 0.67971700 -1.53118000
v -1.49999900 0.59811000 -1.45237900
v -1.49999900 0.70005300 -1.48550300
v -1.49999900 0.56095300 -1.41892300
v -1.49999900 0.74978000 -1.48027600
v -1.50000000 0.70910600 -1.57163100
v -1.49999900 0.52274600 -1.38223500
v -1.49999900 0.51340000 -1.43437300
v -1.50000000 0.35000000 -1.61999900
v -1.49999900 0.80225400 -1.47305300
v -1.50000000 0.77916900 -1.52072700
v -1.47999800 0.36094200 -1.26467800
v -1.47999900 0.18819700 -1.50244200
v -1.47999900 0.86405800 -1.28284200
v -1.47999800 0.58454900 -1.19202400
v -1.50000000 0.39669900 -1.59499900
v -1.49999900 0.50300400 -1.48328100
v -1.50000000 0.44000000 -1.56999900
v -1.50000000 0.48330100 -1.59499900
v -1.49999900 0.54016200 -1.51673700
v -1.50000000 0.54016200 -1.72326100
v -1.50000000 0.48330100 -1.64499900
v -1.50000100 0.50300400 -1.75671700
v -1.50000000 0.44000000 -1.66999900
v -1.50000100 0.51340000 -1.80562500
v -1.50000000 0.39669900 -1.64499900
v -1.50000100 0.52274600 -1.85776300
v -1.50000100 0.56095300 -1.82107600
v -1.48000200 0.36094200 -1.97532000
v -1.48000100 0.18819700 -1.73755600
v -1.50000100 0.74978000 -1.75972200
v -1.50000100 0.70005300 -1.75449600
v -1.50000100 0.59811000 -1.78761900
v -1.50000000 0.67971700 -1.70881800
v -1.50000000 0.70910600 -1.66836800
v -1.50000000 0.75883200 -1.67359400
v -1.50000000 0.75883200 -1.56640400
v -1.50000000 0.77916900 -1.71927100
v -1.50000100 0.80225400 -1.76694500
v -1.48000100 0.86405800 -1.95715700
v -1.48000200 0.58454900 -2.04797500
v -1.48000100 1.00225400 -1.76694600
v -1.47999900 1.00225400 -1.47305300
v -1.48000000 0.39669900 -1.59499900
v -1.48000000 0.39669900 -1.64499900
v -1.48000000 0.44000000 -1.66999900
v -1.48000000 0.48330100 -1.64499900
v -1.48000000 0.48330100 -1.59499900
v -1.48000000 0.44000000 -1.56999900
v -1.48000000 0.54016200 -1.72326100
v -1.48000100 0.50300400 -1.75671700
v -1.48000100 0.51340000 -1.80562500
v -1.48000100 0.59811000 -1.78761900
v -1.48000100 0.58771400 -1.73871200
v -1.48000100 0.56095300 -1.82107600
v -1.48000100 0.74978000 -1.75972200
v -1.48000000 0.77916900 -1.71927100
v -1.48000000 0.75883200 -1.67359400
v -1.48000100 0.70005300 -1.75449600
v -1.48000000 0.67971700 -1.70881900
v -1.48000000 0.70910600 -1.66836800
v -1.39999800 0.58454900 -1.19202400
v -1.39999900 0.52274600 -1.38223500
v -1.49999900 0.52274600 -1.38223500
v -1.47999800 0.58454900 -1.19202400
v -1.39999800 0.86405800 -1.28284200
v -1.47999900 0.86405800 -1.28284200
v -1.49999900 0.80225400 -1.47305300
v -1.39999900 0.80225400 -1.47305300
v -1.48000100 0.86405800 -1.95715700
v -1.40000100 0.86405800 -1.95715700
v -1.40000100 0.80225400 -1.76694600
v -1.50000100 0.80225400 -1.76694500
v -1.40000200 0.58454900 -2.04797500
v -1.48000200 0.58454900 -2.04797500
v -1.50000100 0.52274600 -1.85776300
v -1.40000100 0.52274600 -1.85776400
v -1.50000100 0.80225400 -1.76694500
v -1.40000100 0.80225400 -1.76694600
v -1.40000100 1.00225400 -1.76694600
v -1.48000100 1.00225400 -1.76694600
v -1.39999900 0.18819700 -1.50244200
v -1.40000000 0.35000000 -1.62000000
v -1.50000000 0.35000000 -1.61999900
v -1.47999900 0.18819700 -1.50244200
v -1.39999900 0.80225400 -1.47305300
v -1.49999900 0.80225400 -1.47305300
v -1.47999900 1.00225400 -1.47305300
v -1.39999900 1.00225400 -1.47305300
v -1.40000200 0.36094200 -1.97532100
v -1.40000100 0.52274600 -1.85776400
v -1.50000100 0.52274600 -1.85776300
v -1.48000200 0.36094200 -1.97532000
v -1.39999800 0.36094200 -1.26467800
v -1.47999800 0.36094200 -1.26467800
v -1.49999900 0.52274600 -1.38223500
v -1.39999900 0.52274600 -1.38223500
v -1.40000000 0.18819700 -1.73755700
v -1.48000100 0.18819700 -1.73755600
v -1.50000000 0.35000000 -1.61999900
v -1.40000000 0.35000000 -1.62000000
v -1.10000100 0.42322300 -1.79677800
v -1.10000000 0.35000000 -1.62000100
v -1.09999900 0.42322300 -1.44322400
v -1.10000100 0.60000000 -1.87000100
v -1.09999900 0.60000000 -1.37000100
v -1.10000100 0.77677700 -1.79677800
v -1.09999900 0.77677700 -1.44322400
v -1.10000000 0.85000000 -1.62000100
v -1.47999900 0.70005300 -1.48550300
v -1.50000000 0.67971700 -1.53118000
v -1.48000000 0.67971700 -1.53118000
v -1.48000000 0.70910600 -1.57163100
v -1.49999900 0.70005300 -1.48550300
v -1.50000000 0.70910600 -1.57163100
v -1.47999900 0.74978000 -1.48027600
v -1.48000000 0.75883200 -1.56640400
v -1.49999900 0.74978000 -1.48027600
v -1.50000000 0.75883200 -1.56640400
v -1.48000000 0.77916900 -1.52072700
v -1.50000000 0.77916900 -1.52072700
v -1.50000000 0.67971700 -1.70881800
v -1.48000100 0.70005300 -1.75449600
v -1.48000000 0.67971700 -1.70881900
v -1.48000000 0.70910600 -1.66836800
v -1.50000100 0.70005300 -1.75449600
v -1.50000000 0.70910600 -1.66836800
v -1.48000100 0.74978000 -1.75972200
v -1.48000000 0.75883200 -1.67359400
v -1.50000100 0.74978000 -1.75972200
v -1.50000000 0.75883200 -1.67359400
v -1.48000000 0.77916900 -1.71927100
v -1.50000000 0.77916900 -1.71927100
v -1.50000100 0.50300400 -1.75671700
v -1.48000100 0.50300400 -1.75671700
v -1.48000000 0.54016200 -1.72326100
v -1.48000100 0.51340000 -1.80562500
v -1.50000000 0.54016200 -1.72326100
v -1.50000100 0.51340000 -1.80562500
v -1.48000100 0.58771400 -1.73871200
v -1.48000100 0.56095300 -1.82107600
v -1.50000000 0.58771400 -1.73871200
v -1.50000100 0.56095300 -1.82107600
v -1.48000100 0.59811000 -1.78761900
v -1.50000100 0.59811000 -1.78761900
v -1.48000000 0.44000000 -1.56999900
v -1.50000000 0.44000000 -1.56999900
v -1.50000000 0.39669900 -1.59499900
v -1.50000000 0.48330100 -1.59499900
v -1.48000000 0.39669900 -1.59499900
v -1.48000000 0.48330100 -1.59499900
v -1.48000000 0.48330100 -1.64499900
v -1.50000000 0.48330100 -1.64499900
v -1.50000000 0.39669900 -1.64499900
v -1.48000000 0.39669900 -1.64499900
v -1.48000000 0.44000000 -1.66999900
v -1.50000000 0.44000000 -1.66999900
v -1.49999900 0.58771500 -1.50128700
v -1.49999900 0.59811000 -1.45237900
v -1.47999900 0.59811000 -1.45237900
v -1.49999900 0.56095300 -1.41892300
v -1.47999900 0.58771500 -1.50128700
v -1.47999900 0.56095300 -1.41892300
v -1.49999900 0.54016200 -1.51673700
v -1.49999900 0.51340000 -1.43437300
v -1.48000000 0.54016200 -1.51673700
v -1.47999900 0.51340000 -1.43437400
v -1.49999900 0.50300400 -1.48328100
v -1.47999900 0.50300400 -1.48328100
v -1.10000200 0.55250700 -2.01114300
v -1.10000100 0.37617400 -1.94426800
v -1.18000100 0.38736600 -1.92805500
v -1.18000200 0.55488100 -1.99158500
v -1.18000100 0.26856200 -1.79395300
v -1.10000200 0.73971900 -1.98841100
v -1.10000100 0.25111800 -1.80310900
v -1.18000200 0.73273300 -1.96999000
v -1.18000000 0.22568600 -1.62000100
v -1.10000100 0.89492400 -1.88128100
v -1.10000000 0.20598600 -1.62000100
v -1.18000100 0.88017800 -1.86821600
v -1.17999900 0.26856200 -1.44604800
v -1.10000000 0.98256500 -1.71429500
v -1.09999900 0.25111800 -1.43689300
v -1.18000000 0.96343700 -1.70958000
v -1.17999900 0.38736600 -1.31194600
v -1.10000000 0.98256500 -1.52570700
v -1.09999900 0.37617400 -1.29573300
v -1.18000000 0.96343700 -1.53042100
v -1.17999800 0.55488100 -1.24841600
v -1.09999900 0.89492400 -1.35872100
v -1.09999800 0.55250700 -1.22885900
v -1.17999900 0.88017800 -1.37178500
v -1.17999800 0.73273300 -1.27001100
v -1.09999800 0.73971900 -1.25159100
v -1.49999800 0.55250700 -1.22885700
v -1.49999900 0.37617400 -1.29573200
v -1.41999900 0.38736600 -1.31194500
v -1.41999800 0.55488100 -1.24841500
v -1.41999900 0.26856200 -1.44604700
v -1.49999800 0.73971900 -1.25158900
v -1.49999900 0.25111800 -1.43689100
v -1.41999800 0.73273300 -1.27001000
v -1.42000000 0.22568600 -1.61999900
v -1.49999900 0.89492400 -1.35871900
v -1.50000000 0.20598600 -1.61999900
v -1.41999900 0.88017800 -1.37178400
v -1.42000100 0.26856200 -1.79395200
v -1.50000000 0.98256500 -1.52570500
v -1.50000100 0.25111800 -1.80310700
v -1.42000000 0.96343700 -1.53042000
v -1.42000100 0.38736600 -1.92805400
v -1.50000000 0.98256500 -1.71429300
v -1.50000100 0.37617400 -1.94426700
v -1.42000000 0.96343700 -1.70957900
v -1.42000200 0.55488100 -1.99158400
v -1.50000100 0.89492400 -1.88127900
v -1.50000200 0.55250700 -2.01114100
v -1.42000100 0.88017800 -1.86821500
v -1.42000200 0.73273300 -1.96998900
v -1.50000200 0.73971900 -1.98840900
v -1.10000100 0.60000000 -1.87000100
v -1.18000100 0.60000000 -1.87000100
v -1.18000100 0.42322300 -1.79677700
v -1.10000100 0.77677700 -1.79677800
v -1.10000100 0.42322300 -1.79677800
v -1.18000100 0.77677700 -1.79677700
v -1.18000000 0.35000000 -1.62000100
v -1.10000000 0.85000000 -1.62000100
v -1.10000000 0.35000000 -1.62000100
v -1.18000000 0.85000000 -1.62000100
v -1.17999900 0.42322300 -1.44322400
v -1.09999900 0.77677700 -1.44322400
v -1.09999900 0.42322300 -1.44322400
v -1.17999900 0.77677700 -1.44322400
v -1.17999900 0.60000000 -1.37000100
v -1.09999900 0.60000000 -1.37000100
v 1.40000000 0.00000000 -1.62000000
v 1.50000000 0.01500000 -1.61999900
v 1.49999900 0.08200800 -1.34813600
v 1.39999900 0.06872600 -1.34116600
v 1.20000000 0.00000000 -1.62000000
v 1.49999800 0.26768200 -1.13855400
v 1.19999900 0.06872600 -1.34116700
v 1.10000000 0.01500000 -1.62000100
v 1.09999900 0.08200800 -1.34813800
v 1.19999800 0.25916100 -1.12621000
v 1.09999800 0.26768200 -1.13855500
v 1.39999800 0.25916100 -1.12620900
v 1.49999700 0.52948600 -1.03926400
v 1.19999700 0.52767800 -1.02437500
v 1.09999700 0.52948600 -1.03926600
v 1.39999700 0.52767800 -1.02437400
v 1.49999800 0.80744400 -1.07301500
v 1.19999800 0.81276300 -1.05899100
v 1.09999800 0.80744400 -1.07301600
v 1.39999800 0.81276300 -1.05899000
v 1.49999800 1.03787900 -1.23207200
v 1.19999800 1.04910600 -1.22212700
v 1.09999800 1.03787900 -1.23207400
v 1.39999800 1.04910600 -1.22212600
v 1.49999900 1.16800100 -1.47999900
v 1.19999900 1.18256500 -1.47641100
v 1.09999900 1.16800100 -1.48000100
v 1.39999900 1.18256500 -1.47641000
v 1.50000100 1.16800100 -1.75999900
v 1.20000100 1.18256500 -1.76359000
v 1.10000100 1.16800100 -1.76000100
v 1.40000100 1.18256500 -1.76358900
v 1.50000200 1.03787900 -2.00792600
v 1.20000200 1.04910600 -2.01787400
v 1.10000200 1.03787900 -2.00792800
v 1.40000200 1.04910600 -2.01787300
v 1.50000200 0.80744400 -2.16698400
v 1.20000200 0.81276300 -2.18101000
v 1.10000200 0.80744400 -2.16698500
v 1.40000200 0.81276300 -2.18100900
v 1.50000300 0.52948600 -2.20073400
v 1.20000300 0.52767800 -2.21562600
v 1.10000300 0.52948600 -2.20073600
v 1.40000300 0.52767800 -2.21562500
v 1.50000200 0.26768200 -2.10144500
v 1.20000200 0.25916100 -2.11379100
v 1.10000200 0.26768200 -2.10144600
v 1.40000200 0.25916100 -2.11379000
v 1.50000100 0.08200800 -1.89186200
v 1.20000100 0.06872600 -1.89883400
v 1.10000100 0.08200800 -1.89186400
v 1.40000100 0.06872600 -1.89883300
v 1.50000000 0.01500000 -1.61999900
v 1.40000000 0.00000000 -1.62000000
v 1.20000000 0.00000000 -1.62000000
v 1.10000000 0.01500000 -1.62000100
v 1.09999900 0.25111800 -1.43689300
v 1.10000000 0.20598600 -1.62000100
v 1.10000000 0.01500000 -1.62000100
v 1.09999900 0.08200800 -1.34813800
v 1.09999900 0.37617400 -1.29573300
v 1.09999800 0.26768200 -1.13855500
v 1.50000000 0.20598600 -1.61999900
v 1.49999900 0.08200800 -1.34813600
v 1.50000000 0.01500000 -1.61999900
v 1.49999900 0.25111800 -1.43689100
v 1.49999800 0.26768200 -1.13855400
v 1.49999900 0.37617400 -1.29573200
v 1.49999700 0.52948600 -1.03926400
v 1.49999800 0.55250700 -1.22885700
v 1.49999800 0.80744400 -1.07301500
v 1.49999800 0.73971900 -1.25158900
v 1.49999800 1.03787900 -1.23207200
v 1.49999900 0.89492400 -1.35871900
v 1.49999900 1.16800100 -1.47999900
v 1.50000000 0.98256500 -1.52570500
v 1.50000100 1.16800100 -1.75999900
v 1.50000000 0.98256500 -1.71429300
v 1.50000200 1.03787900 -2.00792600
v 1.50000100 0.89492400 -1.88127900
v 1.50000200 0.80744400 -2.16698400
v 1.50000200 0.73971900 -1.98840900
v 1.50000300 0.52948600 -2.20073400
v 1.50000200 0.55250700 -2.01114100
v 1.50000200 0.26768200 -2.10144500
v 1.50000100 0.37617400 -1.94426700
v 1.50000100 0.08200800 -1.89186200
v 1.50000100 0.25111800 -1.80310700
v 1.50000000 0.01500000 -1.61999900
v 1.50000000 0.20598600 -1.61999900
v 1.09999800 0.55250700 -1.22885900
v 1.09999900 0.37617400 -1.29573300
v 1.09999800 0.26768200 -1.13855500
v 1.09999700 0.52948600 -1.03926600
v 1.09999800 0.73971900 -1.25159100
v 1.09999800 0.80744400 -1.07301600
v 1.09999900 0.89492400 -1.35872100
v 1.09999800 1.03787900 -1.23207400
v 1.10000000 0.98256500 -1.52570700
v 1.09999900 1.16800100 -1.48000100
v 1.10000000 0.98256500 -1.71429500
v 1.10000100 1.16800100 -1.76000100
v 1.10000100 0.89492400 -1.88128100
v 1.10000200 1.03787900 -2.00792800
v 1.10000200 0.73971900 -1.98841100
v 1.10000100 0.89492400 -1.88128100
v 1.10000200 1.03787900 -2.00792800
v 1.10000200 0.80744400 -2.16698500
v 1.10000200 0.55250700 -2.01114300
v 1.10000300 0.52948600 -2.20073600
v 1.10000100 0.37617400 -1.94426800
v 1.10000200 0.55250700 -2.01114300
v 1.10000300 0.52948600 -2.20073600
v 1.10000200 0.26768200 -2.10144600
v 1.10000100 0.25111800 -1.80310900
v 1.10000100 0.37617400 -1.94426800
v 1.10000200 0.26768200 -2.10144600
v 1.10000100 0.08200800 -1.89186400
v 1.10000000 0.20598600 -1.62000100
v 1.10000000 0.01500000 -1.62000100
v 1.18000100 0.26856200 -1.79395300
v 1.18000000 0.22568600 -1.62000100
v 1.18000100 0.38736600 -1.92805500
v 1.17999900 0.26856200 -1.44604800
v 1.18000200 0.73273300 -1.96999000
v 1.18000200 0.55488100 -1.99158500
v 1.17999900 0.88017800 -1.37178500
v 1.17999900 0.38736600 -1.31194600
v 1.17999800 0.55488100 -1.24841600
v 1.17999800 0.73273300 -1.27001100
v 1.18000000 0.96343700 -1.70958000
v 1.18000000 0.96343700 -1.53042100
v 1.18000100 0.88017800 -1.86821600
v 1.41999900 0.38736600 -1.31194500
v 1.41999900 0.26856200 -1.44604700
v 1.42000000 0.22568600 -1.61999900
v 1.41999900 0.88017800 -1.37178400
v 1.41999800 0.55488100 -1.24841500
v 1.41999800 0.73273300 -1.27001000
v 1.42000200 0.73273300 -1.96998900
v 1.42000200 0.55488100 -1.99158400
v 1.42000100 0.38736600 -1.92805400
v 1.42000100 0.26856200 -1.79395200
v 1.42000000 0.96343700 -1.70957900
v 1.42000100 0.88017800 -1.86821500
v 1.42000000 0.96343700 -1.53042000
v 1.47999900 0.50300400 -1.48328100
v 1.47999900 0.56095300 -1.41892300
v 1.47999900 0.51340000 -1.43437400
v 1.47999900 0.59811000 -1.45237900
v 1.47999900 0.58771500 -1.50128700
v 1.48000000 0.54016200 -1.51673700
v 1.47999900 0.70005300 -1.48550300
v 1.48000000 0.67971700 -1.53118000
v 1.48000000 0.70910600 -1.57163100
v 1.47999900 0.74978000 -1.48027600
v 1.48000000 0.77916900 -1.52072700
v 1.48000000 0.75883200 -1.56640400
v 1.49999900 0.58771500 -1.50128700
v 1.49999900 0.54016200 -1.51673700
v 1.50000000 0.54016200 -1.72326100
v 1.50000000 0.58771400 -1.73871200
v 1.50000000 0.67971700 -1.53118000
v 1.49999900 0.59811000 -1.45237900
v 1.49999900 0.70005300 -1.48550300
v 1.49999900 0.56095300 -1.41892300
v 1.49999900 0.74978000 -1.48027600
v 1.50000000 0.70910600 -1.57163100
v 1.49999900 0.52274600 -1.38223500
v 1.49999900 0.51340000 -1.43437300
v 1.50000000 0.35000000 -1.61999900
v 1.49999900 0.80225400 -1.47305300
v 1.50000000 0.77916900 -1.52072700
v 1.47999800 0.36094200 -1.26467800
v 1.47999900 0.18819700 -1.50244200
v 1.47999900 0.86405800 -1.28284200
v 1.47999800 0.58454900 -1.19202400
v 1.50000000 0.39669900 -1.59499900
v 1.49999900 0.50300400 -1.48328100
v 1.50000000 0.44000000 -1.56999900
v 1.50000000 0.48330100 -1.59499900
v 1.49999900 0.54016200 -1.51673700
v 1.50000000 0.54016200 -1.72326100
v 1.50000000 0.48330100 -1.64499900
v 1.50000100 0.50300400 -1.75671700
v 1.50000000 0.44000000 -1.66999900
v 1.50000100 0.51340000 -1.80562500
v 1.50000000 0.39669900 -1.64499900
v 1.50000100 0.52274600 -1.85776300
v 1.50000100 0.56095300 -1.82107600
v 1.48000200 0.36094200 -1.97532000
v 1.48000100 0.18819700 -1.73755600
v 1.50000100 0.74978000 -1.75972200
v 1.50000100 0.70005300 -1.75449600
v 1.50000100 0.59811000 -1.78761900
v 1.50000000 0.67971700 -1.70881800
v 1.50000000 0.70910600 -1.66836800
v 1.50000000 0.75883200 -1.67359400
v 1.50000000 0.75883200 -1.56640400
v 1.50000000 0.77916900 -1.71927100
v 1.50000100 0.80225400 -1.76694500
v 1.48000100 0.86405800 -1.95715700
v 1.48000200 0.58454900 -2.04797500
v 1.48000100 1.00225400 -1.76694600
v 1.47999900 1.00225400 -1.47305300
v 1.48000000 0.39669900 -1.59499900
v 1.48000000 0.39669900 -1.64499900
v 1.48000000 0.44000000 -1.66999900
v 1.48000000 0.48330100 -1.64499900
v 1.48000000 0.48330100 -1.59499900
v 1.48000000 0.44000000 -1.56999900
v 1.48000000 0.54016200 -1.72326100
v 1.48000100 0.50300400 -1.75671700
v 1.48000100 0.51340000 -1.80562500
v 1.48000100 0.59811000 -1.78761900
v 1.48000100 0.58771400 -1.73871200
v 1.48000100 0.56095300 -1.82107600
v 1.48000100 0.74978000 -1.75972200
v 1.48000000 0.77916900 -1.71927100
v 1.48000000 0.75883200 -1.67359400
v 1.48000100 0.70005300 -1.75449600
v 1.48000000 0.67971700 -1.70881900
v 1.48000000 0.70910600 -1.66836800
v 1.39999800 0.58454900 -1.19202400
v 1.39999900 0.52274600 -1.38223500
v 1.49999900 0.52274600 -1.38223500
v 1.47999800 0.58454900 -1.19202400
v 1.39999800 0.86405800 -1.28284200
v 1.47999900 0.86405800 -1.28284200
v 1.49999900 0.80225400 -1.47305300
v 1.39999900 0.80225400 -1.47305300
v 1.48000100 0.86405800 -1.95715700
v 1.40000100 0.86405800 -1.95715700
v 1.40000100 0.80225400 -1.76694600
v 1.50000100 0.80225400 -1.76694500
v 1.40000200 0.58454900 -2.04797500
v 1.48000200 0.58454900 -2.04797500
v 1.50000100 0.52274600 -1.85776300
v 1.40000100 0.52274600 -1.85776400
v 1.50000100 0.80225400 -1.76694500
v 1.40000100 0.80225400 -1.76694600
v 1.40000100 1.00225400 -1.76694600
v 1.48000100 1.00225400 -1.76694600
v 1.39999900 0.18819700 -1.50244200
v 1.40000000 0.35000000 -1.62000000
v 1.50000000 0.35000000 -1.61999900
v 1.47999900 0.18819700 -1.50244200
v 1.39999900 0.80225400 -1.47305300
v 1.49999900 0.80225400 -1.47305300
v 1.47999900 1.00225400 -1.47305300
v 1.39999900 1.00225400 -1.47305300
v 1.40000200 0.36094200 -1.97532100
v 1.40000100 0.52274600 -1.85776400
v 1.50000100 0.52274600 -1.85776300
v 1.48000200 0.36094200 -1.97532000
v 1.39999800 0.36094200 -1.26467800
v 1.47999800 0.36094200 -1.26467800
v 1.49999900 0.52274600 -1.38223500
v 1.39999900 0.52274600 -1.38223500
v 1.40000000 0.18819700 -1.73755700
v 1.48000100 0.18819700 -1.73755600
v 1.50000000 0.35000000 -1.61999900
v 1.40000000 0.35000000 -1.62000000
v 1.10000100 0.42322300 -1.79677800
v 1.10000000 0.35000000 -1.62000100
v 1.09999900 0.42322300 -1.44322400
v 1.10000100 0.60000000 -1.87000100
v 1.09999900 0.60000000 -1.37000100
v 1.10000100 0.77677700 -1.79677800
v 1.09999900 0.77677700 -1.44322400
v 1.10000000 0.85000000 -1.62000100
v 1.47999900 0.70005300 -1.48550300
v 1.50000000 0.67971700 -1.53118000
v 1.48000000 0.67971700 -1.53118000
v 1.48000000 0.70910600 -1.57163100
v 1.49999900 0.70005300 -1.48550300
v 1.50000000 0.70910600 -1.57163100
v 1.47999900 0.74978000 -1.48027600
v 1.48000000 0.75883200 -1.56640400
v 1.49999900 0.74978000 -1.48027600
v 1.50000000 0.75883200 -1.56640400
v 1.48000000 0.77916900 -1.52072700
v 1.50000000 0.77916900 -1.52072700
v 1.50000000 0.67971700 -1.70881800
v 1.48000100 0.70005300 -1.75449600
v 1.48000000 0.67971700 -1.70881900
v 1.48000000 0.70910600 -1.66836800
v 1.50000100 0.70005300 -1.75449600
v 1.50000000 0.70910600 -1.66836800
v 1.48000100 0.74978000 -1.75972200
v 1.48000000 0.75883200 -1.67359400
v 1.50000100 0.74978000 -1.75972200
v 1.50000000 0.75883200 -1.67359400
v 1.48000000 0.77916900 -1.71927100
v 1.50000000 0.77916900 -1.71927100
v 1.50000100 0.50300400 -1.75671700
v 1.48000100 0.50300400 -1.75671700
v 1.48000000 0.54016200 -1.72326100
v 1.48000100 0.51340000 -1.80562500
v 1.50000000 0.54016200 -1.72326100
v 1.50000100 0.51340000 -1.80562500
v 1.48000100 0.58771400 -1.73871200
v 1.48000100 0.56095300 -1.82107600
v 1.50000000 0.58771400 -1.73871200
v 1.50000100 0.56095300 -1.82107600
v 1.48000100 0.59811000 -1.78761900
v 1.50000100 0.59811000 -1.78761900
v 1.48000000 0.44000000 -1.56999900
v 1.50000000 0.44000000 -1.56999900
v 1.50000000 0.39669900 -1.59499900
v 1.50000000 0.48330100 -1.59499900
v 1.48000000 0.39669900 -1.59499900
v 1.48000000 0.48330100 -1.59499900
v 1.48000000 0.48330100 -1.64499900
v 1.50000000 0.48330100 -1.64499900
v 1.50000000 0.39669900 -1.64499900
v 1.48000000 0.39669900 -1.64499900
v 1.48000000 0.44000000 -1.66999900
v 1.50000000 0.44000000 -1.66999900
v 1.49999900 0.58771500 -1.50128700
v 1.49999900 0.59811000 -1.45237900
v 1.47999900 0.59811000 -1.45237900
v 1.49999900 0.56095300 -1.41892300
v 1.47999900 0.58771500 -1.50128700
v 1.47999900 0.56095300 -1.41892300
v 1.49999900 0.54016200 -1.51673700
v 1.49999900 0.51340000 -1.43437300
v 1.48000000 0.54016200 -1.51673700
v 1.47999900 0.51340000 -1.43437400
v 1.49999900 0.50300400 -1.48328100
v 1.47999900 0.50300400 -1.48328100
v 1.10000200 0.55250700 -2.01114300
v 1.10000100 0.37617400 -1.94426800
v 1.18000100 0.38736600 -1.92805500
v 1.18000200 0.55488100 -1.99158500
v 1.18000100 0.26856200 -1.79395300
v 1.10000200 0.73971900 -1.98841100
v 1.10000100 0.25111800 -1.80310900
v 1.18000200 0.73273300 -1.96999000
v 1.18000000 0.22568600 -1.62000100
v 1.10000100 0.89492400 -1.88128100
v 1.10000000 0.20598600 -1.62000100
v 1.18000100 0.88017800 -1.86821600
v 1.17999900 0.26856200 -1.44604800
v 1.10000000 0.98256500 -1.71429500
v 1.09999900 0.25111800 -1.43689300
v 1.18000000 0.96343700 -1.70958000
v 1.17999900 0.38736600 -1.31194600
v 1.10000000 0.98256500 -1.52570700
v 1.09999900 0.37617400 -1.29573300
v 1.18000000 0.96343700 -1.53042100
v 1.17999800 0.55488100 -1.24841600
v 1.09999900 0.89492400 -1.35872100
v 1.09999800 0.55250700 -1.22885900
v 1.17999900 0.88017800 -1.37178500
v 1.17999800 0.73273300 -1.27001100
v 1.09999800 0.73971900 -1.25159100
v 1.49999800 0.55250700 -1.22885700
v 1.49999900 0.37617400 -1.29573200
v 1.41999900 0.38736600 -1.31194500
v 1.41999800 0.55488100 -1.24841500
v 1.41999900 0.26856200 -1.44604700
v 1.49999800 0.73971900 -1.25158900
v 1.49999900 0.25111800 -1.43689100
v 1.41999800 0.73273300 -1.27001000
v 1.42000000 0.22568600 -1.61999900
v 1.49999900 0.89492400 -1.35871900
v 1.50000000 0.20598600 -1.61999900
v 1.41999900 0.88017800 -1.37178400
v 1.42000100 0.26856200 -1.79395200
v 1.50000000 0.98256500 -1.52570500
v 1.50000100 0.25111800 -1.80310700
v 1.42000000 0.96343700 -1.53042000
v 1.42000100 0.38736600 -1.92805400
v 1.50000000 0.98256500 -1.71429300
v 1.50000100 0.37617400 -1.94426700
v 1.42000000 0.96343700 -1.70957900
v 1.42000200 0.55488100 -1.99158400
v 1.50000100 0.89492400 -1.88127900
v 1.50000200 0.55250700 -2.01114100
v 1.42000100 0.88017800 -1.86821500
v 1.42000200 0.73273300 -1.96998900
v 1.50000200 0.73971900 -1.98840900
v 1.10000100 0.60000000 -1.87000100
v 1.18000100 0.60000000 -1.87000100
v 1.18000100 0.42322300 -1.79677700
v 1.10000100 0.77677700 -1.79677800
v 1.10000100 0.42322300 -1.79677800
v 1.18000100 0.77677700 -1.79677700
v 1.18000000 0.35000000 -1.62000100
v 1.10000000 0.85000000 -1.62000100
v 1.10000000 0.35000000 -1.62000100
v 1.18000000 0.85000000 -1.62000100
v 1.17999900 0.42322300 -1.44322400
v 1.09999900 0.77677700 -1.44322400
v 1.09999900 0.42322300 -1.44322400
v 1.17999900 0.77677700 -1.44322400
v 1.17999900 0.60000000 -1.37000100
v 1.09999900 0.60000000 -1.37000100
v -1.40000000 0.00000000 1.38000000
v -1.50000000 0.01500000 1.38000100
v -1.49999900 0.08200800 1.65186400
v -1.39999900 0.06872600 1.65883400
v -1.20000000 0.00000000 1.38000000
v -1.49999800 0.26768200 1.86144600
v -1.19999900 0.06872600 1.65883300
v -1.10000000 0.01500000 1.37999900
v -1.09999900 0.08200800 1.65186200
v -1.19999800 0.25916100 1.87379000
v -1.09999800 0.26768200 1.86144500
v -1.39999800 0.25916100 1.87379100
v -1.49999700 0.52948600 1.96073600
v -1.19999700 0.52767800 1.97562500
v -1.09999700 0.52948600 1.96073400
v -1.39999700 0.52767800 1.97562600
v -1.49999800 0.80744400 1.92698500
v -1.19999800 0.81276300 1.94100900
v -1.09999800 0.80744400 1.92698400
v -1.39999800 0.81276300 1.94101000
v -1.49999800 1.03787900 1.76792800
v -1.19999800 1.04910600 1.77787300
v -1.09999800 1.03787900 1.76792600
v -1.39999800 1.04910600 1.77787400
v -1.49999900 1.16800100 1.52000100
v -1.19999900 1.18256500 1.52358900
v -1.09999900 1.16800100 1.51999900
v -1.39999900 1.18256500 1.52359000
v -1.50000100 1.16800100 1.24000100
v -1.20000100 1.18256500 1.23641000
v -1.10000100 1.16800100 1.23999900
v -1.40000100 1.18256500 1.23641100
v -1.50000200 1.03787900 0.99207400
v -1.20000200 1.04910600 0.98212600
v -1.10000200 1.03787900 0.99207200
v -1.40000200 1.04910600 0.98212700
v -1.50000200 0.80744400 0.83301600
v -1.20000200 0.81276300 0.81899000
v -1.10000200 0.80744400 0.83301500
v -1.40000200 0.81276300 0.81899100
v -1.50000300 0.52948600 0.79926600
v -1.20000300 0.52767800 0.78437400
v -1.10000300 0.52948600 0.79926400
v -1.40000300 0.52767800 0.78437500
v -1.50000200 0.26768200 0.89855500
v -1.20000200 0.25916100 0.88620900
v -1.10000200 0.26768200 0.89855400
v -1.40000200 0.25916100 0.88621000
v -1.50000100 0.08200800 1.10813800
v -1.20000100 0.06872600 1.10116600
v -1.10000100 0.08200800 1.10813600
v -1.40000100 0.06872600 1.10116700
v -1.50000000 0.01500000 1.38000100
v -1.40000000 0.00000000 1.38000000
v -1.20000000 0.00000000 1.38000000
v -1.10000000 0.01500000 1.37999900
v -1.09999900 0.25111800 1.56310700
v -1.10000000 0.20598600 1.37999900
v -1.10000000 0.01500000 1.37999900
v -1.09999900 0.08200800 1.65186200
v -1.09999900 0.37617400 1.70426700
v -1.09999800 0.26768200 1.86144500
v -1.50000000 0.20598600 1.38000100
v -1.49999900 0.08200800 1.65186400
v -1.50000000 0.01500000 1.38000100
v -1.49999900 0.25111800 1.56310900
v -1.49999800 0.26768200 1.86144600
v -1.49999900 0.37617400 1.70426800
v -1.49999700 0.52948600 1.96073600
v -1.49999800 0.55250700 1.77114300
v -1.49999800 0.80744400 1.92698500
v -1.49999800 0.73971900 1.74841100
v -1.49999800 1.03787900 1.76792800
v -1.49999900 0.89492400 1.64128100
v -1.49999900 1.16800100 1.52000100
v -1.50000000 0.98256500 1.47429500
v -1.50000100 1.16800100 1.24000100
v -1.50000000 0.98256500 1.28570700
v -1.50000200 1.03787900 0.99207400
v -1.50000100 0.89492400 1.11872100
v -1.50000200 0.80744400 0.83301600
v -1.50000200 0.73971900 1.01159100
v -1.50000300 0.52948600 0.79926600
v -1.50000200 0.55250700 0.98885900
v -1.50000200 0.26768200 0.89855500
v -1.50000100 0.37617400 1.05573300
v -1.50000100 0.08200800 1.10813800
v -1.50000100 0.25111800 1.19689300
v -1.50000000 0.01500000 1.38000100
v -1.50000000 0.20598600 1.38000100
v -1.09999800 0.55250700 1.77114100
v -1.09999900 0.37617400 1.70426700
v -1.09999800 0.26768200 1.86144500
v -1.09999700 0.52948600 1.96073400
v -1.09999800 0.73971900 1.74840900
v -1.09999800 0.80744400 1.92698400
v -1.09999900 0.89492400 1.64127900
v -1.09999800 1.03787900 1.76792600
v -1.10000000 0.98256500 1.47429300
v -1.09999900 1.16800100 1.51999900
v -1.10000000 0.98256500 1.28570500
v -1.10000100 1.16800100 1.23999900
v -1.10000100 0.89492400 1.11871900
v -1.10000200 1.03787900 0.99207200
v -1.10000200 0.73971900 1.01158900
v -1.10000100 0.89492400 1.11871900
v -1.10000200 1.03787900 0.99207200
v -1.10000200 0.80744400 0.83301500
v -1.10000200 0.55250700 0.98885700
v -1.10000300 0.52948600 0.79926400
v -1.10000100 0.37617400 1.05573200
v -1.10000200 0.55250700 0.98885700
v -1.10000300 0.52948600 0.79926400
v -1.10000200 0.26768200 0.89855400
v -1.10000100 0.25111800 1.19689100
v -1.10000100 0.37617400 1.05573200
v -1.10000200 0.26768200 0.89855400
v -1.10000100 0.08200800 1.10813600
v -1.10000000 0.20598600 1.37999900
v -1.10000000 0.01500000 1.37999900
v -1.18000100 0.26856200 1.20604700
v -1.18000000 0.22568600 1.37999900
v -1.18000100 0.38736600 1.07194500
v -1.17999900 0.26856200 1.55395200
v -1.18000200 0.73273300 1.03001000
v -1.18000200 0.55488100 1.00841500
v -1.17999900 0.88017800 1.62821500
v -1.17999900 0.38736600 1.68805400
v -1.17999800 0.55488100 1.75158400
v -1.17999800 0.73273300 1.72998900
v -1.18000000 0.96343700 1.29042000
v -1.18000000 0.96343700 1.46957900
v -1.18000100 0.88017800 1.13178400
v -1.41999900 0.38736600 1.68805500
v -1.41999900 0.26856200 1.55395300
v -1.42000000 0.22568600 1.38000100
v -1.41999900 0.88017800 1.62821600
v -1.41999800 0.55488100 1.75158500
v -1.41999800 0.73273300 1.72999000
v -1.42000200 0.73273300 1.03001100
v -1.42000200 0.55488100 1.00841600
v -1.42000100 0.38736600 1.07194600
v -1.42000100 0.26856200 1.20604800
v -1.42000000 0.96343700 1.29042100
v -1.42000100 0.88017800 1.13178500
v -1.42000000 0.96343700 1.46958000
v -1.47999900 0.50300400 1.51671900
v -1.47999900 0.56095300 1.58107700
v -1.47999900 0.51340000 1.56562600
v -1.47999900 0.59811000 1.54762100
v -1.47999900 0.58771500 1.49871300
v -1.48000000 0.54016200 1.48326300
v -1.47999900 0.70005300 1.51449700
v -1.48000000 0.67971700 1.46882000
v -1.48000000 0.70910600 1.42836900
v -1.47999900 0.74978000 1.51972400
v -1.48000000 0.77916900 1.47927300
v -1.48000000 0.75883200 1.43359600
v -1.49999900 0.58771500 1.49871300
v -1.49999900 0.54016200 1.48326300
v -1.50000000 0.54016200 1.27673900
v -1.50000000 0.58771400 1.26128800
v -1.50000000 0.67971700 1.46882000
v -1.49999900 0.59811000 1.54762100
v -1.49999900 0.70005300 1.51449700
v -1.49999900 0.56095300 1.58107700
v -1.49999900 0.74978000 1.51972400
v -1.50000000 0.70910600 1.42836900
v -1.49999900 0.52274600 1.61776500
v -1.49999900 0.51340000 1.56562700
v -1.50000000 0.35000000 1.38000100
v -1.49999900 0.80225400 1.52694700
v -1.50000000 0.77916900 1.47927300
v -1.47999800 0.36094200 1.73532200
v -1.47999900 0.18819700 1.49755800
v -1.47999900 0.86405800 1.71715800
v -1.47999800 0.58454900 1.80797600
v -1.50000000 0.39669900 1.40500100
v -1.49999900 0.50300400 1.51671900
v -1.50000000 0.44000000 1.43000100
v -1.50000000 0.48330100 1.40500100
v -1.49999900 0.54016200 1.48326300
v -1.50000000 0.54016200 1.27673900
v -1.50000000 0.48330100 1.35500100
v -1.50000100 0.50300400 1.24328300
v -1.50000000 0.44000000 1.33000100
v -1.50000100 0.51340000 1.19437500
v -1.50000000 0.39669900 1.35500100
v -1.50000100 0.52274600 1.14223700
v -1.50000100 0.56095300 1.17892400
v -1.48000200 0.36094200 1.02468000
v -1.48000100 0.18819700 1.26244400
v -1.50000100 0.74978000 1.24027800
v -1.50000100 0.70005300 1.24550400
v -1.50000100 0.59811000 1.21238100
v -1.50000000 0.67971700 1.29118200
v -1.50000000 0.70910600 1.33163200
v -1.50000000 0.75883200 1.32640600
v -1.50000000 0.75883200 1.43359600
v -1.50000000 0.77916900 1.28072900
v -1.50000100 0.80225400 1.23305500
v -1.48000100 0.86405800 1.04284300
v -1.48000200 0.58454900 0.95202500
v -1.48000100 1.00225400 1.23305400
v -1.47999900 1.00225400 1.52694700
v -1.48000000 0.39669900 1.40500100
v -1.48000000 0.39669900 1.35500100
v -1.48000000 0.44000000 1.33000100
v -1.48000000 0.48330100 1.35500100
v -1.48000000 0.48330100 1.40500100
v -1.48000000 0.44000000 1.43000100
v -1.48000000 0.54016200 1.27673900
v -1.48000100 0.50300400 1.24328300
v -1.48000100 0.51340000 1.19437500
v -1.48000100 0.59811000 1.21238100
v -1.48000100 0.58771400 1.26128800
v -1.48000100 0.56095300 1.17892400
v -1.48000100 0.74978000 1.24027800
v -1.48000000 0.77916900 1.28072900
v -1.48000000 0.75883200 1.32640600
v -1.48000100 0.70005300 1.24550400
v -1.48000000 0.67971700 1.29118100
v -1.48000000 0.70910600 1.33163200
v -1.39999800 0.58454900 1.80797600
v -1.39999900 0.52274600 1.61776500
v -1.49999900 0.52274600 1.61776500
v -1.47999800 0.58454900 1.80797600
v -1.39999800 0.86405800 1.71715800
v -1.47999900 0.86405800 1.71715800
v -1.49999900 0.80225400 1.52694700
v -1.39999900 0.80225400 1.52694700
v -1.48000100 0.86405800 1.04284300
v -1.40000100 0.86405800 1.04284300
v -1.40000100 0.80225400 1.23305400
v -1.50000100 0.80225400 1.23305500
v -1.40000200 0.58454900 0.95202500
v -1.48000200 0.58454900 0.95202500
v -1.50000100 0.52274600 1.14223700
v -1.40000100 0.52274600 1.14223600
v -1.50000100 0.80225400 1.23305500
v -1.40000100 0.80225400 1.23305400
v -1.40000100 1.00225400 1.23305400
v -1.48000100 1.00225400 1.23305400
v -1.39999900 0.18819700 1.49755800
v -1.40000000 0.35000000 1.38000000
v -1.50000000 0.35000000 1.38000100
v -1.47999900 0.18819700 1.49755800
v -1.39999900 0.80225400 1.52694700
v -1.49999900 0.80225400 1.52694700
v -1.47999900 1.00225400 1.52694700
v -1.39999900 1.00225400 1.52694700
v -1.40000200 0.36094200 1.02467900
v -1.40000100 0.52274600 1.14223600
v -1.50000100 0.52274600 1.14223700
v -1.48000200 0.36094200 1.02468000
v -1.39999800 0.36094200 1.73532200
v -1.47999800 0.36094200 1.73532200
v -1.49999900 0.52274600 1.61776500
v -1.39999900 0.52274600 1.61776500
v -1.40000000 0.18819700 1.26244300
v -1.48000100 0.18819700 1.26244400
v -1.50000000 0.35000000 1.38000100
v -1.40000000 0.35000000 1.38000000
v -1.10000100 0.42322300 1.20322200
v -1.10000000 0.35000000 1.37999900
v -1.09999900 0.42322300 1.55677600
v -1.10000100 0.60000000 1.12999900
v -1.09999900 0.60000000 1.62999900
v -1.10000100 0.77677700 1.20322200
v -1.09999900 0.77677700 1.55677600
v -1.10000000 0.85000000 1.37999900
v -1.47999900 0.70005300 1.51449700
v -1.50000000 0.67971700 1.46882000
v -1.48000000 0.67971700 1.46882000
v -1.48000000 0.70910600 1.42836900
v -1.49999900 0.70005300 1.51449700
v -1.50000000 0.70910600 1.42836900
v -1.47999900 0.74978000 1.51972400
v -1.48000000 0.75883200 1.43359600
v -1.49999900 0.74978000 1.51972400
v -1.50000000 0.75883200 1.43359600
v -1.48000000 0.77916900 1.47927300
v -1.50000000 0.77916900 1.47927300
v -1.50000000 0.67971700 1.29118200
v -1.48000100 0.70005300 1.24550400
v -1.48000000 0.67971700 1.29118100
v -1.48000000 0.70910600 1.33163200
v -1.50000100 0.70005300 1.24550400
v -1.50000000 0.70910600 1.33163200
v -1.48000100 0.74978000 1.24027800
v -1.48000000 0.75883200 1.32640600
v -1.50000100 0.74978000 1.24027800
v -1.50000000 0.75883200 1.32640600
v -1.48000000 0.77916900 1.28072900
v -1.50000000 0.77916900 1.28072900
v -1.50000100 0.50300400 1.24328300
v -1.48000100 0.50300400 1.24328300
v -1.48000000 0.54016200 1.27673900
v -1.48000100 0.51340000 1.19437500
v -1.50000000 0.54016200 1.27673900
v -1.50000100 0.51340000 1.19437500
v -1.48000100 0.58771400 1.26128800
v -1.48000100 0.56095300 1.17892400
v -1.50000000 0.58771400 1.26128800
v -1.50000100 0.56095300 1.17892400
v -1.48000100 0.59811000 1.21238100
v -1.50000100 0.59811000 1.21238100
v -1.48000000 0.44000000 1.43000100
v -1.50000000 0.44000000 1.43000100
v -1.50000000 0.39669900 1.40500100
v -1.50000000 0.48330100 1.40500100
v -1.48000000 0.39669900 1.40500100
v -1.48000000 0.48330100 1.40500100
v -1.48000000 0.48330100 1.35500100
v -1.50000000 0.48330100 1.35500100
v -1.50000000 0.39669900 1.35500100
v -1.48000000 0.39669900 1.35500100
v -1.48000000 0.44000000 1.33000100
v -1.50000000 0.44000000 1.33000100
v -1.49999900 0.58771500 1.49871300
v -1.49999900 0.59811000 1.54762100
v -1.47999900 0.59811000 1.54762100
v -1.49999900 0.56095300 1.58107700
v -1.47999900 0.58771500 1.49871300
v -1.47999900 0.56095300 1.58107700
v -1.49999900 0.54016200 1.48326300
v -1.49999900 0.51340000 1.56562700
v -1.48000000 0.54016200 1.48326300
v -1.47999900 0.51340000 1.56562600
v -1.49999900 0.50300400 1.51671900
v -1.47999900 0.50300400 1.51671900
v -1.10000200 0.55250700 0.98885700
v -1.10000100 0.37617400 1.05573200
v -1.18000100 0.38736600 1.07194500
v -1.18000200 0.55488100 1.00841500
v -1.18000100 0.26856200 1.20604700
v -1.10000200 0.73971900 1.01158900
v -1.10000100 0.25111800 1.19689100
v -1.18000200 0.73273300 1.03001000
v -1.18000000 0.22568600 1.37999900
v -1.10000100 0.89492400 1.11871900
v -1.10000000 0.20598600 1.37999900
v -1.18000100 0.88017800 1.13178400
v -1.17999900 0.26856200 1.55395200
v -1.10000000 0.98256500 1.28570500
v -1.09999900 0.25111800 1.56310700
v -1.18000000 0.96343700 1.29042000
v -1.17999900 0.38736600 1.68805400
v -1.10000000 0.98256500 1.47429300
v -1.09999900 0.37617400 1.70426700
v -1.18000000 0.96343700 1.46957900
v -1.17999800 0.55488100 1.75158400
v -1.09999900 0.89492400 1.64127900
v -1.09999800 0.55250700 1.77114100
v -1.17999900 0.88017800 1.62821500
v -1.17999800 0.73273300 1.72998900
v -1.09999800 0.73971900 1.74840900
v -1.49999800 0.55250700 1.77114300
v -1.49999900 0.37617400 1.70426800
v -1.41999900 0.38736600 1.68805500
v -1.41999800 0.55488100 1.75158500
v -1.41999900 0.26856200 1.55395300
v -1.49999800 0.73971900 1.74841100
v -1.49999900 0.25111800 1.56310900
v -1.41999800 0.73273300 1.72999000
v -1.42000000 0.22568600 1.38000100
v -1.49999900 0.89492400 1.64128100
v -1.50000000 0.20598600 1.38000100
v -1.41999900 0.88017800 1.62821600
v -1.42000100 0.26856200 1.20604800
v -1.50000000 0.98256500 1.47429500
v -1.50000100 0.25111800 1.19689300
v -1.42000000 0.96343700 1.46958000
v -1.42000100 0.38736600 1.07194600
v -1.50000000 0.98256500 1.28570700
v -1.50000100 0.37617400 1.05573300
v -1.42000000 0.96343700 1.29042100
v -1.42000200 0.55488100 1.00841600
v -1.50000100 0.89492400 1.11872100
v -1.50000200 0.55250700 0.98885900
v -1.42000100 0.88017800 1.13178500
v -1.42000200 0.73273300 1.03001100
v -1.50000200 0.73971900 1.01159100
v -1.10000100 0.60000000 1.12999900
v -1.18000100 0.60000000 1.12999900
v -1.18000100 0.42322300 1.20322300
v -1.10000100 0.77677700 1.20322200
v -1.10000100 0.42322300 1.20322200
v -1.18000100 0.77677700 1.20322300
v -1.18000000 0.35000000 1.37999900
v -1.10000000 0.85000000 1.37999900
v -1.10000000 0.35000000 1.37999900
v -1.18000000 0.85000000 1.37999900
v -1.17999900 0.42322300 1.55677600
v -1.09999900 0.77677700 1.55677600
v -1.09999900 0.42322300 1.55677600
v -1.17999900 0.77677700 1.55677600
v -1.17999900 0.60000000 1.62999900
v -1.09999900 0.60000000 1.62999900
v 1.40000000 0.00000000 1.38000000
v 1.50000000 0.01500000 1.38000100
v 1.49999900 0.08200800 1.65186400
v 1.39999900 0.06872600 1.65883400
v 1.20000000 0.00000000 1.38000000
v 1.49999800 0.26768200 1.86144600
v 1.19999900 0.06872600 1.65883300
v 1.10000000 0.01500000 1.37999900
v 1.09999900 0.08200800 1.65186200
v 1.19999800 0.25916100 1.87379000
v 1.09999800 0.26768200 1.86144500
v 1.39999800 0.25916100 1.87379100
v 1.49999700 0.52948600 1.96073600
v 1.19999700 0.52767800 1.97562500
v 1.09999700 0.52948600 1.96073400
v 1.39999700 0.52767800 1.97562600
v 1.49999800 0.80744400 1.92698500
v 1.19999800 0.81276300 1.94100900
v 1.09999800 0.80744400 1.92698400
v 1.39999800 0.81276300 1.94101000
v 1.49999800 1.03787900 1.76792800
v 1.19999800 1.04910600 1.77787300
v 1.09999800 1.03787900 1.76792600
v 1.39999800 1.04910600 1.77787400
v 1.49999900 1.16800100 1.52000100
v 1.19999900 1.18256500 1.52358900
v 1.09999900 1.16800100 1.51999900
v 1.39999900 1.18256500 1.52359000
v 1.50000100 1.16800100 1.24000100
v 1.20000100 1.18256500 1.23641000
v 1.10000100 1.16800100 1.23999900
v 1.40000100 1.18256500 1.23641100
v 1.50000200 1.03787900 0.99207400
v 1.20000200 1.04910600 0.98212600
v 1.10000200 1.03787900 0.99207200
v 1.40000200 1.04910600 0.98212700
v 1.50000200 0.80744400 0.83301600
v 1.20000200 0.81276300 0.81899000
v 1.10000200 0.80744400 0.83301500
v 1.40000200 0.81276300 0.81899100
v 1.50000300 0.52948600 0.79926600
v 1.20000300 0.52767800 0.78437400
v 1.10000300 0.52948600 0.79926400
v 1.40000300 0.52767800 0.78437500
v 1.50000200 0.26768200 0.89855500
v 1.20000200 0.25916100 0.88620900
v 1.10000200 0.26768200 0.89855400
v 1.40000200 0.25916100 0.88621000
v 1.50000100 0.08200800 1.10813800
v 1.20000100 0.06872600 1.10116600
v 1.10000100 0.08200800 1.10813600
v 1.40000100 0.06872600 1.10116700
v 1.50000000 0.01500000 1.38000100
v 1.40000000 0.00000000 1.38000000
v 1.20000000 0.00000000 1.38000000
v 1.10000000 0.01500000 1.37999900
v 1.09999900 0.25111800 1.56310700
v 1.10000000 0.20598600 1.37999900
v 1.10000000 0.01500000 1.37999900
v 1.09999900 0.08200800 1.65186200
v 1.09999900 0.37617400 1.70426700
v 1.09999800 0.26768200 1.86144500
v 1.50000000 0.20598600 1.38000100
v 1.49999900 0.08200800 1.65186400
v 1.50000000 0.01500000 1.38000100
v 1.49999900 0.25111800 1.56310900
v 1.49999800 0.26768200 1.86144600
v 1.49999900 0.37617400 1.70426800
v 1.49999700 0.52948600 1.96073600
v 1.49999800 0.55250700 1.77114300
v 1.49999800 0.80744400 1.92698500
v 1.49999800 0.73971900 1.74841100
v 1.49999800 1.03787900 1.76792800
v 1.49999900 0.89492400 1.64128100
v 1.49999900 1.16800100 1.52000100
v 1.50000000 0.98256500 1.47429500
v 1.50000100 1.16800100 1.24000100
v 1.50000000 0.98256500 1.28570700
v 1.50000200 1.03787900 0.99207400
v 1.50000100 0.89492400 1.11872100
v 1.50000200 0.80744400 0.83301600
v 1.50000200 0.73971900 1.01159100
v 1.50000300 0.52948600 0.79926600
v 1.50000200 0.55250700 0.98885900
v 1.50000200 0.26768200 0.89855500
v 1.50000100 0.37617400 1.05573300
v 1.50000100 0.08200800 1.10813800
v 1.50000100 0.25111800 1.19689300
v 1.50000000 0.01500000 1.38000100
v 1.50000000 0.20598600 1.38000100
v 1.09999800 0.55250700 1.77114100
v 1.09999900 0.37617400 1.70426700
v 1.09999800 0.26768200 1.86144500
v 1.09999700 0.52948600 1.96073400
v 1.09999800 0.73971900 1.74840900
v 1.09999800 0.80744400 1.92698400
v 1.09999900 0.89492400 1.64127900
v 1.09999800 1.03787900 1.76792600
v 1.10000000 0.98256500 1.47429300
v 1.09999900 1.16800100 1.51999900
v 1.10000000 0.98256500 1.28570500
v 1.10000100 1.16800100 1.23999900
v 1.10000100 0.89492400 1.11871900
v 1.10000200 1.03787900 0.99207200
v 1.10000200 0.73971900 1.01158900
v 1.10000100 0.89492400 1.11871900
v 1.10000200 1.03787900 0.99207200
v 1.10000200 0.80744400 0.83301500
v 1.10000200 0.55250700 0.98885700
v 1.10000300 0.52948600 0.79926400
v 1.10000100 0.37617400 1.05573200
v 1.10000200 0.55250700 0.98885700
v 1.10000300 0.52948600 0.79926400
v 1.10000200 0.26768200 0.89855400
v 1.10000100 0.25111800 1.19689100
v 1.10000100 0.37617400 1.05573200
v 1.10000200 0.26768200 0.89855400
v 1.10000100 0.08200800 1.10813600
v 1.10000000 0.20598600 1.37999900
v 1.10000000 0.01500000 1.37999900
v 1.18000100 0.26856200 1.20604700
v 1.18000000 0.22568600 1.37999900
v 1.18000100 0.38736600 1.07194500
v 1.17999900 0.26856200 1.55395200
v 1.18000200 0.73273300 1.03001000
v 1.18000200 0.55488100 1.00841500
v 1.17999900 0.88017800 1.62821500
v 1.17999900 0.38736600 1.68805400
v 1.17999800 0.55488100 1.75158400
v 1.17999800 0.73273300 1.72998900
v 1.18000000 0.96343700 1.29042000
v 1.18000000 0.96343700 1.46957900
v 1.18000100 0.88017800 1.13178400
v 1.41999900 0.38736600 1.68805500
v 1.41999900 0.26856200 1.55395300
v 1.42000000 0.22568600 1.38000100
v 1.41999900 0.88017800 1.62821600
v 1.41999800 0.55488100 1.75158500
v 1.41999800 0.73273300 1.72999000
v 1.42000200 0.73273300 1.03001100
v 1.42000200 0.55488100 1.00841600
v 1.42000100 0.38736600 1.07194600
v 1.42000100 0.26856200 1.20604800
v 1.42000000 0.96343700 1.29042100
v 1.42000100 0.88017800 1.13178500
v 1.42000000 0.96343700 1.46958000
v 1.47999900 0.50300400 1.51671900
v 1.47999900 0.56095300 1.58107700
v 1.47999900 0.51340000 1.56562600
v 1.47999900 0.59811000 1.54762100
v 1.47999900 0.58771500 1.49871300
v 1.48000000 0.54016200 1.48326300
v 1.47999900 0.70005300 1.51449700
v 1.48000000 0.67971700 1.46882000
v 1.48000000 0.70910600 1.42836900
v 1.47999900 0.74978000 1.51972400
v 1.48000000 0.77916900 1.47927300
v 1.48000000 0.75883200 1.43359600
v 1.49999900 0.58771500 1.49871300
v 1.49999900 0.54016200 1.48326300
v 1.50000000 0.54016200 1.27673900
v 1.50000000 0.58771400 1.26128800
v 1.50000000 0.67971700 1.46882000
v 1.49999900 0.59811000 1.54762100
v 1.49999900 0.70005300 1.51449700
v 1.49999900 0.56095300 1.58107700
v 1.49999900 0.74978000 1.51972400
v 1.50000000 0.70910600 1.42836900
v 1.49999900 0.52274600 1.61776500
v 1.49999900 0.51340000 1.56562700
v 1.50000000 0.35000000 1.38000100
v 1.49999900 0.80225400 1.52694700
v 1.50000000 0.77916900 1.47927300
v 1.47999800 0.36094200 1.73532200
v 1.47999900 0.18819700 1.49755800
v 1.47999900 0.86405800 1.71715800
v 1.47999800 0.58454900 1.80797600
v 1.50000000 0.39669900 1.40500100
v 1.49999900 0.50300400 1.51671900
v 1.50000000 0.44000000 1.43000100
v 1.50000000 0.48330100 1.40500100
v 1.49999900 0.54016200 1.48326300
v 1.50000000 0.54016200 1.27673900
v 1.50000000 0.48330100 1.35500100
v 1.50000100 0.50300400 1.24328300
v 1.50000000 0.44000000 1.33000100
v 1.50000100 0.51340000 1.19437500
v 1.50000000 0.39669900 1.35500100
v 1.50000100 0.52274600 1.14223700
v 1.50000100 0.56095300 1.17892400
v 1.48000200 0.36094200 1.02468000
v 1.48000100 0.18819700 1.26244400
v 1.50000100 0.74978000 1.24027800
v 1.50000100 0.70005300 1.24550400
v 1.50000100 0.59811000 1.21238100
v 1.50000000 0.67971700 1.29118200
v 1.50000000 0.70910600 1.33163200
v 1.50000000 0.75883200 1.32640600
v 1.50000000 0.75883200 1.43359600
v 1.50000000 0.77916900 1.28072900
v 1.50000100 0.80225400 1.23305500
v 1.48000100 0.86405800 1.04284300
v 1.48000200 0.58454900 0.95202500
v 1.48000100 1.00225400 1.23305400
v 1.47999900 1.00225400 1.52694700
v 1.48000000 0.39669900 1.40500100
v 1.48000000 0.39669900 1.35500100
v 1.48000000 0.44000000 1.33000100
v 1.48000000 0.48330100 1.35500100
v 1.48000000 0.48330100 1.40500100
v 1.48000000 0.44000000 1.43000100
v 1.48000000 0.54016200 1.27673900
v 1.48000100 0.50300400 1.24328300
v 1.48000100 0.51340000 1.19437500
v 1.48000100 0.59811000 1.21238100
v 1.48000100 0.58771400 1.26128800
v 1.48000100 0.56095300 1.17892400
v 1.48000100 0.74978000 1.24027800
v 1.48000000 0.77916900 1.28072900
v 1.48000000 0.75883200 1.32640600
v 1.48000100 0.70005300 1.24550400
v 1.48000000 0.67971700 1.29118100
v 1.48000000 0.70910600 1.33163200
v 1.39999800 0.58454900 1.80797600
v 1.39999900 0.52274600 1.61776500
v 1.49999900 0.52274600 1.61776500
v 1.47999800 0.58454900 1.80797600
v 1.39999800 0.86405800 1.71715800
v 1.47999900 0.86405800 1.71715800
v 1.49999900 0.80225400 1.52694700
v 1.39999900 0.80225400 1.52694700
v 1.48000100 0.86405800 1.04284300
v 1.40000100 0.86405800 1.04284300
v 1.40000100 0.80225400 1.23305400
v 1.50000100 0.80225400 1.23305500
v 1.40000200 0.58454900 0.95202500
v 1.48000200 0.58454900 0.95202500
v 1.50000100 0.52274600 1.14223700
v 1.40000100 0.52274600 1.14223600
v 1.50000100 0.80225400 1.23305500
v 1.40000100 0.80225400 1.23305400
v 1.40000100 1.00225400 1.23305400
v 1.48000100 1.00225400 1.23305400
v 1.39999900 0.18819700 1.49755800
v 1.40000000 0.35000000 1.38000000
v 1.50000000 0.35000000 1.38000100
v 1.47999900 0.18819700 1.49755800
v 1.39999900 0.80225400 1.52694700
v 1.49999900 0.80225400 1.52694700
v 1.47999900 1.00225400 1.52694700
v 1.39999900 1.00225400 1.52694700
v 1.40000200 0.36094200 1.02467900
v 1.40000100 0.52274600 1.14223600
v 1.50000100 0.52274600 1.14223700
v 1.48000200 0.36094200 1.02468000
v 1.39999800 0.36094200 1.73532200
v 1.47999800 0.36094200 1.73532200
v 1.49999900 0.52274600 1.61776500
v 1.39999900 0.52274600 1.61776500
v 1.40000000 0.18819700 1.26244300
v 1.48000100 0.18819700 1.26244400
v 1.50000000 0.35000000 1.38000100
v 1.40000000 0.35000000 1.38000000
v 1.10000100 0.42322300 1.20322200
v 1.10000000 0.35000000 1.37999900
v 1.09999900 0.42322300 1.55677600
v 1.10000100 0.60000000 1.12999900
v 1.09999900 0.60000000 1.62999900
v 1.10000100 0.77677700 1.20322200
v 1.09999900 0.77677700 1.55677600
v 1.10000000 0.85000000 1.37999900
v 1.47999900 0.70005300 1.51449700
v 1.50000000 0.67971700 1.46882000
v 1.48000000 0.67971700 1.46882000
v 1.48000000 0.70910600 1.42836900
v 1.49999900 0.70005300 1.51449700
v 1.50000000 0.70910600 1.42836900
v 1.47999900 0.74978000 1.51972400
v 1.48000000 0.75883200 1.43359600
v 1.49999900 0.74978000 1.51972400
v 1.50000000 0.75883200 1.43359600
v 1.48000000 0.77916900 1.47927300
v 1.50000000 0.77916900 1.47927300
v 1.50000000 0.67971700 1.29118200
v 1.48000100 0.70005300 1.24550400
v 1.48000000 0.67971700 1.29118100
v 1.48000000 0.70910600 1.33163200
v 1.50000100 0.70005300 1.24550400
v 1.50000000 0.70910600 1.33163200
v 1.48000100 0.74978000 1.24027800
v 1.48000000 0.75883200 1.32640600
v 1.50000100 0.74978000 1.24027800
v 1.50000000 0.75883200 1.32640600
v 1.48000000 0.77916900 1.28072900
v 1.50000000 0.77916900 1.28072900
v 1.50000100 0.50300400 1.24328300
v 1.48000100 0.50300400 1.24328300
v 1.48000000 0.54016200 1.27673900
v 1.48000100 0.51340000 1.19437500
v 1.50000000 0.54016200 1.27673900
v 1.50000100 0.51340000 1.19437500
v 1.48000100 0.58771400 1.26128800
v 1.48000100 0.56095300 1.17892400
v 1.50000000 0.58771400 1.26128800
v 1.50000100 0.56095300 1.17892400
v 1.48000100 0.59811000 1.21238100
v 1.50000100 0.59811000 1.21238100
v 1.48000000 0.44000000 1.43000100
v 1.50000000 0.44000000 1.43000100
v 1.50000000 0.39669900 1.40500100
v 1.50000000 0.48330100 1.40500100
v 1.48000000 0.39669900 1.40500100
v 1.48000000 0.48330100 1.40500100
v 1.48000000 0.48330100 1.35500100
v 1.50000000 0.48330100 1.35500100
v 1.50000000 0.39669900 1.35500100
v 1.48000000 0.39669900 1.35500100
v 1.48000000 0.44000000 1.33000100
v 1.50000000 0.44000000 1.33000100
v 1.49999900 0.58771500 1.49871300
v 1.49999900 0.59811000 1.54762100
v 1.47999900 0.59811000 1.54762100
v 1.49999900 0.56095300 1.58107700
v 1.47999900 0.58771500 1.49871300
v 1.47999900 0.56095300 1.58107700
v 1.49999900 0.54016200 1.48326300
v 1.49999900 0.51340000 1.56562700
v 1.48000000 0.54016200 1.48326300
v 1.47999900 0.51340000 1.56562600
v 1.49999900 0.50300400 1.51671900
v 1.47999900 0.50300400 1.51671900
v 1.10000200 0.55250700 0.98885700
v 1.10000100 0.37617400 1.05573200
v 1.18000100 0.38736600 1.07194500
v 1.18000200 0.55488100 1.00841500
v 1.18000100 0.26856200 1.20604700
v 1.10000200 0.73971900 1.01158900
v 1.10000100 0.25111800 1.19689100
v 1.18000200 0.73273300 1.03001000
v 1.18000000 0.22568600 1.37999900
v 1.10000100 0.89492400 1.11871900
v 1.10000000 0.20598600 1.37999900
v 1.18000100 0.88017800 1.13178400
v 1.17999900 0.26856200 1.55395200
v 1.10000000 0.98256500 1.28570500
v 1.09999900 0.25111800 1.56310700
v 1.18000000 0.96343700 1.29042000
v 1.17999900 0.38736600 1.68805400
v 1.10000000 0.98256500 1.47429300
v 1.09999900 0.37617400 1.70426700
v 1.18000000 0.96343700 1.46957900
v 1.17999800 0.55488100 1.75158400
v 1.09999900 0.89492400 1.64127900
v 1.09999800 0.55250700 1.77114100
v 1.17999900 0.88017800 1.62821500
v 1.17999800 0.73273300 1.72998900
v 1.09999800 0.73971900 1.74840900
v 1.49999800 0.55250700 1.77114300
v 1.49999900 0.37617400 1.70426800
v 1.41999900 0.38736600 1.68805500
v 1.41999800 0.55488100 1.75158500
v 1.41999900 0.26856200 1.55395300
v 1.49999800 0.73971900 1.74841100
v 1.49999900 0.25111800 1.56310900
v 1.41999800 0.73273300 1.72999000
v 1.42000000 0.22568600 1.38000100
v 1.49999900 0.89492400 1.64128100
v 1.50000000 0.20598600 1.38000100
v 1.41999900 0.88017800 1.62821600
v 1.42000100 0.26856200 1.20604800
v 1.50000000 0.98256500 1.47429500
v 1.50000100 0.25111800 1.19689300
v 1.42000000 0.96343700 1.46958000
v 1.42000100 0.38736600 1.07194600
v 1.50000000 0.98256500 1.28570700
v 1.50000100 0.37617400 1.05573300
v 1.42000000 0.96343700 1.29042100
v 1.42000200 0.55488100 1.00841600
v 1.50000100 0.89492400 1.11872100
v 1.50000200 0.55250700 0.98885900
v 1.42000100 0.88017800 1.13178500
v 1.42000200 0.73273300 1.03001100
v 1.50000200 0.73971900 1.01159100
v 1.10000100 0.60000000 1.12999900
v 1.18000100 0.60000000 1.12999900
v 1.18000100 0.42322300 1.20322300
v 1.10000100 0.77677700 1.20322200
v 1.10000100 0.42322300 1.20322200
v 1.18000100 0.77677700 1.20322300
v 1.18000000 0.35000000 1.37999900
v 1.10000000 0.85000000 1.37999900
v 1.10000000 0.35000000 1.37999900
v 1.18000000 0.85000000 1.37999900
v 1.17999900 0.42322300 1.55677600
v 1.09999900 0.77677700 1.55677600
v 1.09999900 0.42322300 1.55677600
v 1.17999900 0.77677700 1.55677600
v 1.17999900 0.60000000 1.62999900
v 1.09999900 0.60000000 1.62999900
v -1.10600000 0.60000000 4.54525240
v 1.10600000 0.60000000 4.54525240
v 1.10600000 0.60000000 7.43238440
v -1.10600000 0.60000000 7.43238440
v -1.10600000 0.85000000 7.43238440
v 1.10600000 0.85000000 7.43238440
v 1.10600000 0.85000000 4.54525240
v -1.10600000 0.85000000 4.54525240
v -0.09523500 0.62107900 2.88789940
v -0.00476500 0.62107900 2.93050640
v -0.00476500 0.52107900 2.93050640
v -0.09523500 0.52107900 2.88789940
v -1.17623500 0.67500000 5.18323240
v -1.08576500 0.67500000 5.22583940
v -1.08576500 0.77500000 5.22583940
v -1.17623500 0.77500000 5.18323240
v 0.00476500 0.62107900 2.93050640
v 0.09523500 0.62107900 2.88789940
v 0.09523500 0.52107900 2.88789940
v 0.00476500 0.52107900 2.93050640
v 1.08576500 0.67500000 5.22583940
v 1.17623500 0.67500000 5.18323240
v 1.17623500 0.77500000 5.18323240
v 1.08576500 0.77500000 5.22583940
v -1.30000000 0.40000000 6.25253140
v 1.30000000 0.40000000 6.25253140
v 1.30000000 0.40000000 6.35253140
v -1.30000000 0.40000000 6.35253140
v -1.30000000 0.50000000 6.35253140
v 1.30000000 0.50000000 6.35253140
v 1.30000000 0.50000000 6.25253140
v -1.30000000 0.50000000 6.25253140
v -1.23100000 0.60000000 4.42025240
v -0.98100000 0.60000000 4.42025240
v -0.98100000 0.60000000 7.55738440
v -1.23100000 0.60000000 7.55738440
v -1.23100000 1.85000100 7.55738440
v -0.98100000 1.85000100 7.55738440
v -0.98100000 1.85000100 4.42025240
v -1.23100000 1.85000100 4.42025240
v 0.98100000 0.60000000 4.42025240
v 1.23100000 0.60000000 4.42025240
v 1.23100000 0.60000000 7.55738440
v 0.98100000 0.60000000 7.55738440
v 0.98100000 1.85000100 7.55738440
v 1.23100000 1.85000100 7.55738440
v 1.23100000 1.85000100 4.42025240
v 0.98100000 1.85000100 4.42025240
v -1.10600000 0.60000000 4.42025240
v 1.10600000 0.60000000 4.42025240
v 1.10600000 0.60000000 4.67025240
v -1.10600000 0.60000000 4.67025240
v -1.10600000 1.85000100 4.67025240
v 1.10600000 1.85000100 4.67025240
v 1.10600000 1.85000100 4.42025240
v -1.10600000 1.85000100 4.42025240
v -1.10600000 0.60000000 7.30738440
v 1.10600000 0.60000000 7.30738440
v 1.10600000 0.60000000 7.55738440
v -1.10600000 0.60000000 7.55738440
v -1.10600000 1.85000100 7.55738440
v 1.10600000 1.85000100 7.55738440
v 1.10600000 1.85000100 7.30738440
v -1.10600000 1.85000100 7.30738440
v -0.10000000 0.52107900 2.60920340
v 0.10000000 0.52107900 2.60920340
v 0.10000000 0.52107900 2.90920340
v -0.10000000 0.52107900 2.90920340
v -0.10000000 0.62107900 2.90920340
v 0.10000000 0.62107900 2.90920340
v 0.10000000 0.62107900 2.60920340
v -0.10000000 0.62107900 2.60920340
v 0.10000000 0.00000000 3.53972740
v 0.20000000 0.00000000 3.53972740
v 0.20000000 0.00000000 3.58972740
v 0.10000000 0.00000000 3.58972740
v 0.10000000 0.52107900 3.58972740
v 0.20000000 0.52107900 3.58972740
v 0.20000000 0.52107900 3.53972740
v 0.10000000 0.52107900 3.53972740
v 1.11345200 1.51453950 7.58101030
v 1.11345200 1.18546150 7.58101030
v 1.11345300 1.18546150 7.39110330
v 1.11345200 1.51453950 7.58101030
v 1.11345300 1.18546150 7.39110330
v 1.11345300 1.51453950 7.39110330
v 0.78437400 1.51453950 7.39110230
v 0.78437400 1.18546150 7.39110230
v 0.78437300 1.18546150 7.58100830
v 0.78437400 1.51453950 7.39110230
v 0.78437300 1.18546150 7.58100830
v 0.78437300 1.51453950 7.58100830
v 1.11345200 1.18546150 7.58101030
v 0.78437300 1.18546150 7.58100830
v 0.78437400 1.18546150 7.39110230
v 1.11345200 1.18546150 7.58101030
v 0.78437400 1.18546150 7.39110230
v 1.11345300 1.18546150 7.39110330
v 0.78437300 1.51453950 7.58100830
v 1.11345200 1.51453950 7.58101030
v 1.11345300 1.51453950 7.39110330
v 0.78437300 1.51453950 7.58100830
v 1.11345300 1.51453950 7.39110330
v 0.78437400 1.51453950 7.39110230
v -1.11347600 1.51453950 7.58100030
v -1.11347600 1.51453950 7.39109430
v -1.11347600 1.18546150 7.39109430
v -1.11347600 1.51453950 7.58100030
v -1.11347600 1.18546150 7.39109430
v -1.11347600 1.18546150 7.58100030
v -0.78439700 1.51453950 7.39109530
v -0.78439800 1.51453950 7.58100230
v -0.78439800 1.18546150 7.58100230
v -0.78439700 1.51453950 7.39109530
v -0.78439800 1.18546150 7.58100230
v -0.78439700 1.18546150 7.39109530
v -1.11347600 1.18546150 7.58100030
v -1.11347600 1.18546150 7.39109430
v -0.78439700 1.18546150 7.39109530
v -1.11347600 1.18546150 7.58100030
v -0.78439700 1.18546150 7.39109530
v -0.78439800 1.18546150 7.58100230
v -0.78439800 1.51453950 7.58100230
v -0.78439700 1.51453950 7.39109530
v -1.11347600 1.51453950 7.39109430
v -0.78439800 1.51453950 7.58100230
v -1.11347600 1.51453950 7.39109430
v -1.11347600 1.51453950 7.58100030
v 0.78437300 1.51453950 7.58100830
v 0.78437300 1.18546150 7.58100830
v 1.11345200 1.18546150 7.58101030
v 1.11345200 1.51453950 7.58101030
v -0.78439800 1.51453950 7.58100230
v -1.11347600 1.51453950 7.58100030
v -1.11347600 1.18546150 7.58100030
v -0.78439800 1.18546150 7.58100230
v -1.50000000 0.54015600 6.33965558
v -1.50000000 0.54015600 6.26540958
v -1.50000000 0.63750000 6.30253258
v -1.50000000 0.42258300 6.24859858
v -1.50000000 0.41287700 6.21237658
v -1.50000000 0.47741700 6.24859858
v -1.50000000 0.47741700 6.24859858
v -1.50000000 0.41287700 6.21237658
v -1.50000000 0.48712300 6.21237658
v -1.40000000 0.00000000 6.30253158
v -1.50000000 0.01125000 6.30253258
v -1.49999900 0.06150600 6.50642958
v -1.39999900 0.05154500 6.51165758
v -1.20000000 0.00000000 6.30253158
v -1.49999800 0.20076200 6.66361658
v -1.19999900 0.05154500 6.51165658
v -1.10000000 0.01125000 6.30253058
v -1.09999900 0.06150600 6.50642758
v -1.19999800 0.19437100 6.67287358
v -1.09999800 0.20076200 6.66361458
v -1.39999800 0.19437100 6.67287458
v -1.49999800 0.39711500 6.73808358
v -1.19999800 0.39575800 6.74925058
v -1.09999800 0.39711500 6.73808158
v -1.39999800 0.39575800 6.74925058
v -1.49999800 0.60558300 6.71277058
v -1.19999800 0.60957200 6.72328858
v -1.09999800 0.60558300 6.71276958
v -1.39999800 0.60957200 6.72328958
v -1.49999900 0.77840900 6.59347758
v -1.19999900 0.78683000 6.60093658
v -1.09999900 0.77840900 6.59347558
v -1.39999900 0.78683000 6.60093758
v -1.50000000 0.87600100 6.40753258
v -1.20000000 0.88692400 6.41022358
v -1.10000000 0.87600100 6.40753058
v -1.40000000 0.88692400 6.41022458
v -1.50000000 0.87600100 6.19753258
v -1.20000000 0.88692400 6.19483858
v -1.10000000 0.87600100 6.19753058
v -1.40000000 0.88692400 6.19483958
v -1.50000100 0.77840900 6.01158758
v -1.20000100 0.78683000 6.00412558
v -1.10000100 0.77840900 6.01158558
v -1.40000100 0.78683000 6.00412658
v -1.50000200 0.60558300 5.89229358
v -1.20000200 0.60957200 5.88177358
v -1.10000200 0.60558300 5.89229258
v -1.40000200 0.60957200 5.88177458
v -1.50000200 0.39711500 5.86698158
v -1.20000200 0.39575800 5.85581258
v -1.10000200 0.39711500 5.86697958
v -1.40000200 0.39575800 5.85581258
v -1.50000200 0.20076200 5.94144858
v -1.20000200 0.19437100 5.93218858
v -1.10000200 0.20076200 5.94144658
v -1.40000200 0.19437100 5.93218958
v -1.50000100 0.06150600 6.09863558
v -1.20000100 0.05154500 6.09340558
v -1.10000100 0.06150600 6.09863358
v -1.40000100 0.05154500 6.09340658
v -1.50000000 0.01125000 6.30253258
v -1.40000000 0.00000000 6.30253158
v -1.20000000 0.00000000 6.30253158
v -1.10000000 0.01125000 6.30253058
v -1.09999900 0.18833800 6.43986158
v -1.10000000 0.15448900 6.30253058
v -1.10000000 0.01125000 6.30253058
v -1.09999900 0.06150600 6.50642758
v -1.09999900 0.28213100 6.54573158
v -1.09999800 0.20076200 6.66361458
v -1.50000000 0.15448900 6.30253258
v -1.49999900 0.06150600 6.50642958
v -1.50000000 0.01125000 6.30253258
v -1.49999900 0.18833800 6.43986358
v -1.49999800 0.20076200 6.66361658
v -1.49999900 0.28213100 6.54573358
v -1.49999800 0.39711500 6.73808358
v -1.49999900 0.41438000 6.59588858
v -1.49999800 0.60558300 6.71277058
v -1.49999900 0.55479000 6.57883958
v -1.49999900 0.77840900 6.59347758
v -1.49999900 0.67119300 6.49849258
v -1.50000000 0.87600100 6.40753258
v -1.50000000 0.73692400 6.37325258
v -1.50000000 0.87600100 6.19753258
v -1.50000000 0.73692400 6.23181258
v -1.50000100 0.77840900 6.01158758
v -1.50000100 0.67119300 6.10657258
v -1.50000200 0.60558300 5.89229358
v -1.50000100 0.55479000 6.02622458
v -1.50000200 0.39711500 5.86698158
v -1.50000100 0.41438000 6.00917658
v -1.50000200 0.20076200 5.94144858
v -1.50000100 0.28213100 6.05933158
v -1.50000100 0.06150600 6.09863558
v -1.50000100 0.18833800 6.16520158
v -1.50000000 0.01125000 6.30253258
v -1.50000000 0.15448900 6.30253258
v -1.09999900 0.41438000 6.59588658
v -1.09999900 0.28213100 6.54573158
v -1.09999800 0.20076200 6.66361458
v -1.09999800 0.39711500 6.73808158
v -1.09999900 0.55479000 6.57883858
v -1.09999800 0.60558300 6.71276958
v -1.09999900 0.67119300 6.49849058
v -1.09999900 0.77840900 6.59347558
v -1.10000000 0.73692400 6.37325058
v -1.10000000 0.87600100 6.40753058
v -1.10000000 0.73692400 6.23181058
v -1.10000000 0.87600100 6.19753058
v -1.10000100 0.67119300 6.10657058
v -1.10000100 0.77840900 6.01158558
v -1.10000100 0.55479000 6.02622358
v -1.10000100 0.67119300 6.10657058
v -1.10000100 0.77840900 6.01158558
v -1.10000200 0.60558300 5.89229258
v -1.10000100 0.41438000 6.00917458
v -1.10000200 0.39711500 5.86697958
v -1.10000100 0.28213100 6.05932958
v -1.10000100 0.41438000 6.00917458
v -1.10000200 0.39711500 5.86697958
v -1.10000200 0.20076200 5.94144658
v -1.10000100 0.18833800 6.16519958
v -1.10000100 0.28213100 6.05932958
v -1.10000200 0.20076200 5.94144658
v -1.10000100 0.06150600 6.09863358
v -1.10000000 0.15448900 6.30253058
v -1.10000000 0.01125000 6.30253058
v -1.18000100 0.20142100 6.17206658
v -1.18000000 0.16926500 6.30253058
v -1.18000100 0.29052400 6.07149058
v -1.17999900 0.20142100 6.43299558
v -1.18000100 0.54955000 6.04003858
v -1.18000100 0.41616100 6.02384258
v -1.17999900 0.66013300 6.48869258
v -1.17999900 0.29052400 6.53357158
v -1.17999900 0.41616100 6.58121958
v -1.17999900 0.54955000 6.56502358
v -1.18000000 0.72257800 6.23534658
v -1.18000000 0.72257800 6.36971558
v -1.18000100 0.66013300 6.11636958
v -1.41999900 0.29052400 6.53357258
v -1.41999900 0.20142100 6.43299658
v -1.42000000 0.16926500 6.30253258
v -1.41999900 0.66013300 6.48869358
v -1.41999900 0.41616100 6.58122058
v -1.41999900 0.54955000 6.56502458
v -1.42000100 0.54955000 6.04003958
v -1.42000100 0.41616100 6.02384358
v -1.42000100 0.29052400 6.07149158
v -1.42000100 0.20142100 6.17206758
v -1.42000000 0.72257800 6.23534758
v -1.42000100 0.66013300 6.11637058
v -1.42000000 0.72257800 6.36971658
v -1.50000000 0.26250000 6.30253258
v -1.40000000 0.28762000 6.39628158
v -1.40000000 0.26250000 6.30253158
v -1.50000000 0.28762000 6.39628258
v -1.50000000 0.28762000 6.39628258
v -1.47999900 0.26079100 6.56037158
v -1.47999900 0.19216100 6.49174158
v -1.49999900 0.35625000 6.46491258
v -1.49999900 0.35625000 6.46491258
v -1.39999900 0.45000000 6.49003158
v -1.39999900 0.35625000 6.46491158
v -1.49999900 0.45000000 6.49003258
v -1.49999900 0.45000000 6.49003258
v -1.41999900 0.48494100 6.62043258
v -1.39999900 0.45000000 6.49003158
v -1.47999900 0.48494100 6.62043258
v -1.49999900 0.54375000 6.46491258
v -1.40000000 0.61238000 6.39628158
v -1.39999900 0.54375000 6.46491158
v -1.50000000 0.61238000 6.39628258
v -1.40000000 0.63750000 6.30253158
v -1.48000000 0.76790000 6.33747258
v -1.50000000 0.63750000 6.30253258
v -1.42000000 0.76790000 6.33747258
v -1.50000000 0.63750000 6.30253258
v -1.40000000 0.61238000 6.20878158
v -1.40000000 0.63750000 6.30253158
v -1.50000000 0.61238000 6.20878258
v -1.50000000 0.61238000 6.20878258
v -1.48000100 0.63920900 6.04469358
v -1.48000100 0.70783900 6.11332258
v -1.50000100 0.54375000 6.14015258
v -1.50000100 0.54375000 6.14015258
v -1.40000100 0.45000000 6.11503158
v -1.40000100 0.54375000 6.14015258
v -1.50000100 0.45000000 6.11503258
v -1.50000100 0.35625000 6.14015258
v -1.48000100 0.41505900 5.98463258
v -1.50000100 0.45000000 6.11503258
v -1.48000100 0.32130900 6.00975258
v -1.50000000 0.35984400 6.33965558
v -1.50000000 0.35013800 6.37587758
v -1.50000000 0.28762000 6.39628258
v -1.50000000 0.26250000 6.30253258
v -1.50000000 0.35984400 6.26540958
v -1.50000100 0.35625000 6.14015258
v -1.40000000 0.28762000 6.20878158
v -1.40000100 0.35625000 6.14015258
v -1.50000000 0.28762000 6.20878258
v -1.50000000 0.61238000 6.20878258
v -1.42000100 0.70783900 6.11332258
v -1.40000000 0.61238000 6.20878158
v -1.48000100 0.70783900 6.11332258
v -1.40000100 0.54375000 6.14015258
v -1.48000100 0.63920900 6.04469358
v -1.50000100 0.54375000 6.14015258
v -1.42000100 0.63920900 6.04469258
v -1.50000000 0.63750000 6.30253258
v -1.47999900 0.74278000 6.43122258
v -1.50000000 0.61238000 6.39628258
v -1.48000000 0.76790000 6.33747258
v -1.50000000 0.61238000 6.39628258
v -1.41999900 0.74278000 6.43122258
v -1.40000000 0.61238000 6.39628158
v -1.47999900 0.74278000 6.43122258
v -1.39999900 0.54375000 6.46491158
v -1.47999900 0.57869100 6.59531258
v -1.49999900 0.54375000 6.46491258
v -1.41999900 0.57869100 6.59531158
v -1.49999900 0.54375000 6.46491258
v -1.47999900 0.48494100 6.62043258
v -1.49999900 0.45000000 6.49003258
v -1.47999900 0.57869100 6.59531258
v -1.50000000 0.28762000 6.39628258
v -1.41999900 0.19216100 6.49174158
v -1.40000000 0.28762000 6.39628158
v -1.47999900 0.19216100 6.49174158
v -1.39999900 0.35625000 6.46491158
v -1.47999900 0.26079100 6.56037158
v -1.49999900 0.35625000 6.46491258
v -1.41999900 0.26079100 6.56037158
v -1.40000000 0.26250000 6.30253158
v -1.48000000 0.13210000 6.26759158
v -1.50000000 0.26250000 6.30253258
v -1.42000000 0.13210000 6.26759158
v -1.50000000 0.26250000 6.30253258
v -1.48000100 0.15722000 6.17384158
v -1.50000000 0.28762000 6.20878258
v -1.48000000 0.13210000 6.26759158
v -1.50000000 0.28762000 6.20878258
v -1.42000100 0.15722000 6.17384158
v -1.40000000 0.28762000 6.20878158
v -1.48000100 0.15722000 6.17384158
v -1.50000100 0.45000000 6.11503258
v -1.42000100 0.41505900 5.98463258
v -1.40000100 0.45000000 6.11503158
v -1.48000100 0.41505900 5.98463258
v -1.40000100 0.35625000 6.14015258
v -1.48000100 0.32130900 6.00975258
v -1.50000100 0.35625000 6.14015258
v -1.42000100 0.32130900 6.00975258
v -1.48000000 0.35984400 6.33965558
v -1.50000000 0.35013800 6.37587758
v -1.50000000 0.35984400 6.33965558
v -1.48000000 0.35013800 6.37587758
v -1.48000000 0.35013800 6.37587758
v -1.50000000 0.37665500 6.40239458
v -1.50000000 0.35013800 6.37587758
v -1.48000000 0.37665500 6.40239458
v -1.48000000 0.37665500 6.40239458
v -1.50000000 0.41287700 6.39268858
v -1.50000000 0.37665500 6.40239458
v -1.48000000 0.41287700 6.39268858
v -1.48000000 0.41287700 6.39268858
v -1.50000000 0.42258300 6.35646658
v -1.50000000 0.41287700 6.39268858
v -1.48000000 0.42258300 6.35646658
v -1.48000000 0.42258300 6.35646658
v -1.50000000 0.39606600 6.32994958
v -1.50000000 0.42258300 6.35646658
v -1.48000000 0.39606600 6.32994958
v -1.48000000 0.39606600 6.32994958
v -1.50000000 0.35984400 6.33965558
v -1.50000000 0.39606600 6.32994958
v -1.48000000 0.35984400 6.33965558
v -1.48000000 0.41287700 6.21237658
v -1.50000000 0.37665500 6.20267058
v -1.50000000 0.41287700 6.21237658
v -1.48000000 0.37665500 6.20267058
v -1.50000000 0.37665500 6.20267058
v -1.48000000 0.35013800 6.22918658
v -1.50000000 0.35013800 6.22918758
v -1.48000000 0.37665500 6.20267058
v -1.48000000 0.35013800 6.22918658
v -1.50000000 0.35984400 6.26540958
v -1.50000000 0.35013800 6.22918758
v -1.48000000 0.35984400 6.26540958
v -1.48000000 0.35984400 6.26540958
v -1.50000000 0.39606600 6.27511458
v -1.50000000 0.35984400 6.26540958
v -1.48000000 0.39606600 6.27511458
v -1.48000000 0.39606600 6.27511458
v -1.50000000 0.42258300 6.24859858
v -1.50000000 0.39606600 6.27511458
v -1.48000000 0.42258300 6.24859858
v -1.48000000 0.42258300 6.24859858
v -1.50000000 0.41287700 6.21237658
v -1.50000000 0.42258300 6.24859858
v -1.48000000 0.41287700 6.21237658
v -1.48000000 0.54015600 6.26540958
v -1.50000000 0.54986200 6.22918758
v -1.50000000 0.54015600 6.26540958
v -1.48000000 0.54986200 6.22918658
v -1.48000000 0.54986200 6.22918658
v -1.50000000 0.52334500 6.20267058
v -1.50000000 0.54986200 6.22918758
v -1.48000000 0.52334500 6.20267058
v -1.50000000 0.52334500 6.20267058
v -1.48000000 0.48712300 6.21237658
v -1.50000000 0.48712300 6.21237658
v -1.48000000 0.52334500 6.20267058
v -1.48000000 0.48712300 6.21237658
v -1.50000000 0.47741700 6.24859858
v -1.50000000 0.48712300 6.21237658
v -1.48000000 0.47741700 6.24859858
v -1.48000000 0.50393400 6.27511458
v -1.50000000 0.47741700 6.24859858
v -1.48000000 0.47741700 6.24859858
v -1.50000000 0.50393400 6.27511458
v -1.48000000 0.50393400 6.27511458
v -1.50000000 0.54015600 6.26540958
v -1.50000000 0.50393400 6.27511458
v -1.48000000 0.54015600 6.26540958
v -1.48000000 0.48712300 6.39268858
v -1.50000000 0.52334500 6.40239458
v -1.50000000 0.48712300 6.39268858
v -1.48000000 0.52334500 6.40239458
v -1.48000000 0.52334500 6.40239458
v -1.50000000 0.54986200 6.37587758
v -1.50000000 0.52334500 6.40239458
v -1.48000000 0.54986200 6.37587758
v -1.48000000 0.54986200 6.37587758
v -1.50000000 0.54015600 6.33965558
v -1.50000000 0.54986200 6.37587758
v -1.48000000 0.54015600 6.33965558
v -1.48000000 0.54015600 6.33965558
v -1.50000000 0.50393400 6.32994958
v -1.50000000 0.54015600 6.33965558
v -1.48000000 0.50393400 6.32994958
v -1.50000000 0.50393400 6.32994958
v -1.48000000 0.47741700 6.35646658
v -1.50000000 0.47741700 6.35646658
v -1.48000000 0.50393400 6.32994958
v -1.48000000 0.47741700 6.35646658
v -1.50000000 0.48712300 6.39268858
v -1.50000000 0.47741700 6.35646658
v -1.48000000 0.48712300 6.39268858
v -1.48000000 0.54015600 6.33965558
v -1.48000000 0.47741700 6.35646658
v -1.48000000 0.50393400 6.32994958
v -1.48000000 0.54986200 6.37587758
v -1.48000000 0.52334500 6.40239458
v -1.48000000 0.48712300 6.39268858
v -1.48000000 0.39606600 6.32994958
v -1.48000000 0.35013800 6.37587758
v -1.48000000 0.35984400 6.33965558
v -1.48000000 0.41287700 6.39268858
v -1.48000000 0.37665500 6.40239458
v -1.48000000 0.42258300 6.35646658
v -1.48000000 0.42258300 6.24859858
v -1.48000000 0.37665500 6.20267058
v -1.48000000 0.41287700 6.21237658
v -1.48000000 0.39606600 6.27511458
v -1.48000000 0.35984400 6.26540958
v -1.48000000 0.35013800 6.22918658
v -1.48000000 0.50393400 6.27511458
v -1.48000000 0.54986200 6.22918658
v -1.48000000 0.54015600 6.26540958
v -1.48000000 0.48712300 6.21237658
v -1.48000000 0.52334500 6.20267058
v -1.48000000 0.47741700 6.24859858
v -1.50000000 0.47741700 6.24859858
v -1.50000000 0.50393400 6.27511458
v -1.50000000 0.50393400 6.32994958
v -1.50000000 0.42258300 6.24859858
v -1.50000000 0.39606600 6.32994958
v -1.50000000 0.39606600 6.27511458
v -1.50000000 0.47741700 6.35646658
v -1.50000000 0.42258300 6.35646658
v -1.50000000 0.50393400 6.32994958
v -1.50000000 0.50393400 6.27511458
v -1.50000000 0.54015600 6.26540958
v -1.50000000 0.54015600 6.33965558
v -1.50000000 0.54015600 6.26540958
v -1.50000000 0.54986200 6.22918758
v -1.50000000 0.61238000 6.20878258
v -1.50000000 0.63750000 6.30253258
v -1.50000000 0.61238000 6.39628258
v -1.50000000 0.54015600 6.33965558
v -1.50000000 0.54986200 6.37587758
v -1.50000000 0.54986200 6.22918758
v -1.50000000 0.52334500 6.20267058
v -1.50000000 0.61238000 6.20878258
v -1.50000100 0.54375000 6.14015258
v -1.50000000 0.52334500 6.20267058
v -1.50000000 0.48712300 6.21237658
v -1.50000100 0.45000000 6.11503258
v -1.50000000 0.41287700 6.21237658
v -1.50000100 0.35625000 6.14015258
v -1.50000000 0.37665500 6.20267058
v -1.50000000 0.28762000 6.20878258
v -1.50000000 0.37665500 6.20267058
v -1.50000000 0.35013800 6.22918758
v -1.50000000 0.61238000 6.39628258
v -1.49999900 0.54375000 6.46491258
v -1.50000000 0.54986200 6.37587758
v -1.50000000 0.52334500 6.40239458
v -1.49999900 0.54375000 6.46491258
v -1.50000000 0.48712300 6.39268858
v -1.50000000 0.52334500 6.40239458
v -1.49999900 0.45000000 6.49003258
v -1.50000000 0.41287700 6.39268858
v -1.50000000 0.42258300 6.35646658
v -1.50000000 0.47741700 6.35646658
v -1.49999900 0.35625000 6.46491258
v -1.50000000 0.41287700 6.39268858
v -1.50000000 0.37665500 6.40239458
v -1.50000000 0.28762000 6.39628258
v -1.50000000 0.35013800 6.37587758
v -1.50000000 0.26250000 6.30253258
v -1.50000000 0.28762000 6.20878258
v -1.50000000 0.35984400 6.26540958
v -1.50000000 0.35013800 6.22918758
v -1.50000000 0.35984400 6.26540958
v -1.50000000 0.39606600 6.27511458
v -1.50000000 0.35984400 6.33965558
v -1.50000000 0.39606600 6.32994958
v -1.10000100 0.31741700 6.16994858
v -1.10000000 0.26250000 6.30253058
v -1.09999900 0.31741700 6.43511358
v -1.10000100 0.45000000 6.11503058
v -1.09999900 0.45000000 6.49003058
v -1.10000100 0.58258300 6.16994858
v -1.09999900 0.58258300 6.43511358
v -1.10000000 0.63750000 6.30253058
v -1.10000100 0.41438000 6.00917458
v -1.10000100 0.28213100 6.05932958
v -1.18000100 0.29052400 6.07149058
v -1.18000100 0.41616100 6.02384258
v -1.18000100 0.20142100 6.17206658
v -1.10000100 0.55479000 6.02622358
v -1.10000100 0.18833800 6.16519958
v -1.18000100 0.54955000 6.04003858
v -1.18000000 0.16926500 6.30253058
v -1.10000100 0.67119300 6.10657058
v -1.10000000 0.15448900 6.30253058
v -1.18000100 0.66013300 6.11636958
v -1.17999900 0.20142100 6.43299558
v -1.10000000 0.73692400 6.23181058
v -1.09999900 0.18833800 6.43986158
v -1.18000000 0.72257800 6.23534658
v -1.17999900 0.29052400 6.53357158
v -1.10000000 0.73692400 6.37325058
v -1.09999900 0.28213100 6.54573158
v -1.18000000 0.72257800 6.36971558
v -1.17999900 0.41616100 6.58121958
v -1.09999900 0.67119300 6.49849058
v -1.09999900 0.41438000 6.59588658
v -1.17999900 0.66013300 6.48869258
v -1.17999900 0.54955000 6.56502358
v -1.09999900 0.55479000 6.57883858
v -1.49999900 0.41438000 6.59588858
v -1.49999900 0.28213100 6.54573358
v -1.41999900 0.29052400 6.53357258
v -1.41999900 0.41616100 6.58122058
v -1.41999900 0.20142100 6.43299658
v -1.49999900 0.55479000 6.57883958
v -1.49999900 0.18833800 6.43986358
v -1.41999900 0.54955000 6.56502458
v -1.42000000 0.16926500 6.30253258
v -1.49999900 0.67119300 6.49849258
v -1.50000000 0.15448900 6.30253258
v -1.41999900 0.66013300 6.48869358
v -1.42000100 0.20142100 6.17206758
v -1.50000000 0.73692400 6.37325258
v -1.50000100 0.18833800 6.16520158
v -1.42000000 0.72257800 6.36971658
v -1.42000100 0.29052400 6.07149158
v -1.50000000 0.73692400 6.23181258
v -1.50000100 0.28213100 6.05933158
v -1.42000000 0.72257800 6.23534758
v -1.42000100 0.41616100 6.02384358
v -1.50000100 0.67119300 6.10657258
v -1.50000100 0.41438000 6.00917658
v -1.42000100 0.66013300 6.11637058
v -1.42000100 0.54955000 6.04003958
v -1.50000100 0.55479000 6.02622458
v -1.10000100 0.45000000 6.11503058
v -1.18000100 0.45000000 6.11503158
v -1.18000100 0.31741700 6.16994858
v -1.10000100 0.58258300 6.16994858
v -1.10000100 0.31741700 6.16994858
v -1.18000100 0.58258300 6.16994858
v -1.18000000 0.26250000 6.30253058
v -1.10000000 0.63750000 6.30253058
v -1.10000000 0.26250000 6.30253058
v -1.18000000 0.63750000 6.30253058
v -1.18000000 0.31741700 6.43511358
v -1.09999900 0.58258300 6.43511358
v -1.09999900 0.31741700 6.43511358
v -1.18000000 0.58258300 6.43511358
v -1.17999900 0.45000000 6.49003058
v -1.09999900 0.45000000 6.49003058
v 1.50000000 0.54015600 6.33965558
v 1.50000000 0.54015600 6.26540958
v 1.50000000 0.63750000 6.30253258
v 1.50000000 0.42258300 6.24859858
v 1.50000000 0.41287700 6.21237658
v 1.50000000 0.47741700 6.24859858
v 1.50000000 0.47741700 6.24859858
v 1.50000000 0.41287700 6.21237658
v 1.50000000 0.48712300 6.21237658
v 1.40000000 0.00000000 6.30253158
v 1.50000000 0.01125000 6.30253258
v 1.49999900 0.06150600 6.50642958
v 1.39999900 0.05154500 6.51165758
v 1.20000000 0.00000000 6.30253158
v 1.49999800 0.20076200 6.66361658
v 1.19999900 0.05154500 6.51165658
v 1.10000000 0.01125000 6.30253058
v 1.09999900 0.06150600 6.50642758
v 1.19999800 0.19437100 6.67287358
v 1.09999800 0.20076200 6.66361458
v 1.39999800 0.19437100 6.67287458
v 1.49999800 0.39711500 6.73808358
v 1.19999800 0.39575800 6.74925058
v 1.09999800 0.39711500 6.73808158
v 1.39999800 0.39575800 6.74925058
v 1.49999800 0.60558300 6.71277058
v 1.19999800 0.60957200 6.72328858
v 1.09999800 0.60558300 6.71276958
v 1.39999800 0.60957200 6.72328958
v 1.49999900 0.77840900 6.59347758
v 1.19999900 0.78683000 6.60093658
v 1.09999900 0.77840900 6.59347558
v 1.39999900 0.78683000 6.60093758
v 1.50000000 0.87600100 6.40753258
v 1.20000000 0.88692400 6.41022358
v 1.10000000 0.87600100 6.40753058
v 1.40000000 0.88692400 6.41022458
v 1.50000000 0.87600100 6.19753258
v 1.20000000 0.88692400 6.19483858
v 1.10000000 0.87600100 6.19753058
v 1.40000000 0.88692400 6.19483958
v 1.50000100 0.77840900 6.01158758
v 1.20000100 0.78683000 6.00412558
v 1.10000100 0.77840900 6.01158558
v 1.40000100 0.78683000 6.00412658
v 1.50000200 0.60558300 5.89229358
v 1.20000200 0.60957200 5.88177358
v 1.10000200 0.60558300 5.89229258
v 1.40000200 0.60957200 5.88177458
v 1.50000200 0.39711500 5.86698158
v 1.20000200 0.39575800 5.85581258
v 1.10000200 0.39711500 5.86697958
v 1.40000200 0.39575800 5.85581258
v 1.50000200 0.20076200 5.94144858
v 1.20000200 0.19437100 5.93218858
v 1.10000200 0.20076200 5.94144658
v 1.40000200 0.19437100 5.93218958
v 1.50000100 0.06150600 6.09863558
v 1.20000100 0.05154500 6.09340558
v 1.10000100 0.06150600 6.09863358
v 1.40000100 0.05154500 6.09340658
v 1.50000000 0.01125000 6.30253258
v 1.40000000 0.00000000 6.30253158
v 1.20000000 0.00000000 6.30253158
v 1.10000000 0.01125000 6.30253058
v 1.09999900 0.18833800 6.43986158
v 1.10000000 0.15448900 6.30253058
v 1.10000000 0.01125000 6.30253058
v 1.09999900 0.06150600 6.50642758
v 1.09999900 0.28213100 6.54573158
v 1.09999800 0.20076200 6.66361458
v 1.50000000 0.15448900 6.30253258
v 1.49999900 0.06150600 6.50642958
v 1.50000000 0.01125000 6.30253258
v 1.49999900 0.18833800 6.43986358
v 1.49999800 0.20076200 6.66361658
v 1.49999900 0.28213100 6.54573358
v 1.49999800 0.39711500 6.73808358
v 1.49999900 0.41438000 6.59588858
v 1.49999800 0.60558300 6.71277058
v 1.49999900 0.55479000 6.57883958
v 1.49999900 0.77840900 6.59347758
v 1.49999900 0.67119300 6.49849258
v 1.50000000 0.87600100 6.40753258
v 1.50000000 0.73692400 6.37325258
v 1.50000000 0.87600100 6.19753258
v 1.50000000 0.73692400 6.23181258
v 1.50000100 0.77840900 6.01158758
v 1.50000100 0.67119300 6.10657258
v 1.50000200 0.60558300 5.89229358
v 1.50000100 0.55479000 6.02622458
v 1.50000200 0.39711500 5.86698158
v 1.50000100 0.41438000 6.00917658
v 1.50000200 0.20076200 5.94144858
v 1.50000100 0.28213100 6.05933158
v 1.50000100 0.06150600 6.09863558
v 1.50000100 0.18833800 6.16520158
v 1.50000000 0.01125000 6.30253258
v 1.50000000 0.15448900 6.30253258
v 1.09999900 0.41438000 6.59588658
v 1.09999900 0.28213100 6.54573158
v 1.09999800 0.20076200 6.66361458
v 1.09999800 0.39711500 6.73808158
v 1.09999900 0.55479000 6.57883858
v 1.09999800 0.60558300 6.71276958
v 1.09999900 0.67119300 6.49849058
v 1.09999900 0.77840900 6.59347558
v 1.10000000 0.73692400 6.37325058
v 1.10000000 0.87600100 6.40753058
v 1.10000000 0.73692400 6.23181058
v 1.10000000 0.87600100 6.19753058
v 1.10000100 0.67119300 6.10657058
v 1.10000100 0.77840900 6.01158558
v 1.10000100 0.55479000 6.02622358
v 1.10000100 0.67119300 6.10657058
v 1.10000100 0.77840900 6.01158558
v 1.10000200 0.60558300 5.89229258
v 1.10000100 0.41438000 6.00917458
v 1.10000200 0.39711500 5.86697958
v 1.10000100 0.28213100 6.05932958
v 1.10000100 0.41438000 6.00917458
v 1.10000200 0.39711500 5.86697958
v 1.10000200 0.20076200 5.94144658
v 1.10000100 0.18833800 6.16519958
v 1.10000100 0.28213100 6.05932958
v 1.10000200 0.20076200 5.94144658
v 1.10000100 0.06150600 6.09863358
v 1.10000000 0.15448900 6.30253058
v 1.10000000 0.01125000 6.30253058
v 1.18000100 0.20142100 6.17206658
v 1.18000000 0.16926500 6.30253058
v 1.18000100 0.29052400 6.07149058
v 1.17999900 0.20142100 6.43299558
v 1.18000100 0.54955000 6.04003858
v 1.18000100 0.41616100 6.02384258
v 1.17999900 0.66013300 6.48869258
v 1.17999900 0.29052400 6.53357158
v 1.17999900 0.41616100 6.58121958
v 1.17999900 0.54955000 6.56502358
v 1.18000000 0.72257800 6.23534658
v 1.18000000 0.72257800 6.36971558
v 1.18000100 0.66013300 6.11636958
v 1.41999900 0.29052400 6.53357258
v 1.41999900 0.20142100 6.43299658
v 1.42000000 0.16926500 6.30253258
v 1.41999900 0.66013300 6.48869358
v 1.41999900 0.41616100 6.58122058
v 1.41999900 0.54955000 6.56502458
v 1.42000100 0.54955000 6.04003958
v 1.42000100 0.41616100 6.02384358
v 1.42000100 0.29052400 6.07149158
v 1.42000100 0.20142100 6.17206758
v 1.42000000 0.72257800 6.23534758
v 1.42000100 0.66013300 6.11637058
v 1.42000000 0.72257800 6.36971658
v 1.50000000 0.26250000 6.30253258
v 1.40000000 0.28762000 6.39628158
v 1.40000000 0.26250000 6.30253158
v 1.50000000 0.28762000 6.39628258
v 1.50000000 0.28762000 6.39628258
v 1.47999900 0.26079100 6.56037158
v 1.47999900 0.19216100 6.49174158
v 1.49999900 0.35625000 6.46491258
v 1.49999900 0.35625000 6.46491258
v 1.39999900 0.45000000 6.49003158
v 1.39999900 0.35625000 6.46491158
v 1.49999900 0.45000000 6.49003258
v 1.49999900 0.45000000 6.49003258
v 1.41999900 0.48494100 6.62043258
v 1.39999900 0.45000000 6.49003158
v 1.47999900 0.48494100 6.62043258
v 1.49999900 0.54375000 6.46491258
v 1.40000000 0.61238000 6.39628158
v 1.39999900 0.54375000 6.46491158
v 1.50000000 0.61238000 6.39628258
v 1.40000000 0.63750000 6.30253158
v 1.48000000 0.76790000 6.33747258
v 1.50000000 0.63750000 6.30253258
v 1.42000000 0.76790000 6.33747258
v 1.50000000 0.63750000 6.30253258
v 1.40000000 0.61238000 6.20878158
v 1.40000000 0.63750000 6.30253158
v 1.50000000 0.61238000 6.20878258
v 1.50000000 0.61238000 6.20878258
v 1.48000100 0.63920900 6.04469358
v 1.48000100 0.70783900 6.11332258
v 1.50000100 0.54375000 6.14015258
v 1.50000100 0.54375000 6.14015258
v 1.40000100 0.45000000 6.11503158
v 1.40000100 0.54375000 6.14015258
v 1.50000100 0.45000000 6.11503258
v 1.50000100 0.35625000 6.14015258
v 1.48000100 0.41505900 5.98463258
v 1.50000100 0.45000000 6.11503258
v 1.48000100 0.32130900 6.00975258
v 1.50000000 0.35984400 6.33965558
v 1.50000000 0.35013800 6.37587758
v 1.50000000 0.28762000 6.39628258
v 1.50000000 0.26250000 6.30253258
v 1.50000000 0.35984400 6.26540958
v 1.50000100 0.35625000 6.14015258
v 1.40000000 0.28762000 6.20878158
v 1.40000100 0.35625000 6.14015258
v 1.50000000 0.28762000 6.20878258
v 1.50000000 0.61238000 6.20878258
v 1.42000100 0.70783900 6.11332258
v 1.40000000 0.61238000 6.20878158
v 1.48000100 0.70783900 6.11332258
v 1.40000100 0.54375000 6.14015258
v 1.48000100 0.63920900 6.04469358
v 1.50000100 0.54375000 6.14015258
v 1.42000100 0.63920900 6.04469258
v 1.50000000 0.63750000 6.30253258
v 1.47999900 0.74278000 6.43122258
v 1.50000000 0.61238000 6.39628258
v 1.48000000 0.76790000 6.33747258
v 1.50000000 0.61238000 6.39628258
v 1.41999900 0.74278000 6.43122258
v 1.40000000 0.61238000 6.39628158
v 1.47999900 0.74278000 6.43122258
v 1.39999900 0.54375000 6.46491158
v 1.47999900 0.57869100 6.59531258
v 1.49999900 0.54375000 6.46491258
v 1.41999900 0.57869100 6.59531158
v 1.49999900 0.54375000 6.46491258
v 1.47999900 0.48494100 6.62043258
v 1.49999900 0.45000000 6.49003258
v 1.47999900 0.57869100 6.59531258
v 1.50000000 0.28762000 6.39628258
v 1.41999900 0.19216100 6.49174158
v 1.40000000 0.28762000 6.39628158
v 1.47999900 0.19216100 6.49174158
v 1.39999900 0.35625000 6.46491158
v 1.47999900 0.26079100 6.56037158
v 1.49999900 0.35625000 6.46491258
v 1.41999900 0.26079100 6.56037158
v 1.40000000 0.26250000 6.30253158
v 1.48000000 0.13210000 6.26759158
v 1.50000000 0.26250000 6.30253258
v 1.42000000 0.13210000 6.26759158
v 1.50000000 0.26250000 6.30253258
v 1.48000100 0.15722000 6.17384158
v 1.50000000 0.28762000 6.20878258
v 1.48000000 0.13210000 6.26759158
v 1.50000000 0.28762000 6.20878258
v 1.42000100 0.15722000 6.17384158
v 1.40000000 0.28762000 6.20878158
v 1.48000100 0.15722000 6.17384158
v 1.50000100 0.45000000 6.11503258
v 1.42000100 0.41505900 5.98463258
v 1.40000100 0.45000000 6.11503158
v 1.48000100 0.41505900 5.98463258
v 1.40000100 0.35625000 6.14015258
v 1.48000100 0.32130900 6.00975258
v 1.50000100 0.35625000 6.14015258
v 1.42000100 0.32130900 6.00975258
v 1.48000000 0.35984400 6.33965558
v 1.50000000 0.35013800 6.37587758
v 1.50000000 0.35984400 6.33965558
v 1.48000000 0.35013800 6.37587758
v 1.48000000 0.35013800 6.37587758
v 1.50000000 0.37665500 6.40239458
v 1.50000000 0.35013800 6.37587758
v 1.48000000 0.37665500 6.40239458
v 1.48000000 0.37665500 6.40239458
v 1.50000000 0.41287700 6.39268858
v 1.50000000 0.37665500 6.40239458
v 1.48000000 0.41287700 6.39268858
v 1.48000000 0.41287700 6.39268858
v 1.50000000 0.42258300 6.35646658
v 1.50000000 0.41287700 6.39268858
v 1.48000000 0.42258300 6.35646658
v 1.48000000 0.42258300 6.35646658
v 1.50000000 0.39606600 6.32994958
v 1.50000000 0.42258300 6.35646658
v 1.48000000 0.39606600 6.32994958
v 1.48000000 0.39606600 6.32994958
v 1.50000000 0.35984400 6.33965558
v 1.50000000 0.39606600 6.32994958
v 1.48000000 0.35984400 6.33965558
v 1.48000000 0.41287700 6.21237658
v 1.50000000 0.37665500 6.20267058
v 1.50000000 0.41287700 6.21237658
v 1.48000000 0.37665500 6.20267058
v 1.50000000 0.37665500 6.20267058
v 1.48000000 0.35013800 6.22918658
v 1.50000000 0.35013800 6.22918758
v 1.48000000 0.37665500 6.20267058
v 1.48000000 0.35013800 6.22918658
v 1.50000000 0.35984400 6.26540958
v 1.50000000 0.35013800 6.22918758
v 1.48000000 0.35984400 6.26540958
v 1.48000000 0.35984400 6.26540958
v 1.50000000 0.39606600 6.27511458
v 1.50000000 0.35984400 6.26540958
v 1.48000000 0.39606600 6.27511458
v 1.48000000 0.39606600 6.27511458
v 1.50000000 0.42258300 6.24859858
v 1.50000000 0.39606600 6.27511458
v 1.48000000 0.42258300 6.24859858
v 1.48000000 0.42258300 6.24859858
v 1.50000000 0.41287700 6.21237658
v 1.50000000 0.42258300 6.24859858
v 1.48000000 0.41287700 6.21237658
v 1.48000000 0.54015600 6.26540958
v 1.50000000 0.54986200 6.22918758
v 1.50000000 0.54015600 6.26540958
v 1.48000000 0.54986200 6.22918658
v 1.48000000 0.54986200 6.22918658
v 1.50000000 0.52334500 6.20267058
v 1.50000000 0.54986200 6.22918758
v 1.48000000 0.52334500 6.20267058
v 1.50000000 0.52334500 6.20267058
v 1.48000000 0.48712300 6.21237658
v 1.50000000 0.48712300 6.21237658
v 1.48000000 0.52334500 6.20267058
v 1.48000000 0.48712300 6.21237658
v 1.50000000 0.47741700 6.24859858
v 1.50000000 0.48712300 6.21237658
v 1.48000000 0.47741700 6.24859858
v 1.48000000 0.50393400 6.27511458
v 1.50000000 0.47741700 6.24859858
v 1.48000000 0.47741700 6.24859858
v 1.50000000 0.50393400 6.27511458
v 1.48000000 0.50393400 6.27511458
v 1.50000000 0.54015600 6.26540958
v 1.50000000 0.50393400 6.27511458
v 1.48000000 0.54015600 6.26540958
v 1.48000000 0.48712300 6.39268858
v 1.50000000 0.52334500 6.40239458
v 1.50000000 0.48712300 6.39268858
v 1.48000000 0.52334500 6.40239458
v 1.48000000 0.52334500 6.40239458
v 1.50000000 0.54986200 6.37587758
v 1.50000000 0.52334500 6.40239458
v 1.48000000 0.54986200 6.37587758
v 1.48000000 0.54986200 6.37587758
v 1.50000000 0.54015600 6.33965558
v 1.50000000 0.54986200 6.37587758
v 1.48000000 0.54015600 6.33965558
v 1.48000000 0.54015600 6.33965558
v 1.50000000 0.50393400 6.32994958
v 1.50000000 0.54015600 6.33965558
v 1.48000000 0.50393400 6.32994958
v 1.50000000 0.50393400 6.32994958
v 1.48000000 0.47741700 6.35646658
v 1.50000000 0.47741700 6.35646658
v 1.48000000 0.50393400 6.32994958
v 1.48000000 0.47741700 6.35646658
v 1.50000000 0.48712300 6.39268858
v 1.50000000 0.47741700 6.35646658
v 1.48000000 0.48712300 6.39268858
v 1.48000000 0.54015600 6.33965558
v 1.48000000 0.47741700 6.35646658
v 1.48000000 0.50393400 6.32994958
v 1.48000000 0.54986200 6.37587758
v 1.48000000 0.52334500 6.40239458
v 1.48000000 0.48712300 6.39268858
v 1.48000000 0.39606600 6.32994958
v 1.48000000 0.35013800 6.37587758
v 1.48000000 0.35984400 6.33965558
v 1.48000000 0.41287700 6.39268858
v 1.48000000 0.37665500 6.40239458
v 1.48000000 0.42258300 6.35646658
v 1.48000000 0.42258300 6.24859858
v 1.48000000 0.37665500 6.20267058
v 1.48000000 0.41287700 6.21237658
v 1.48000000 0.39606600 6.27511458
v 1.48000000 0.35984400 6.26540958
v 1.48000000 0.35013800 6.22918658
v 1.48000000 0.50393400 6.27511458
v 1.48000000 0.54986200 6.22918658
v 1.48000000 0.54015600 6.26540958
v 1.48000000 0.48712300 6.21237658
v 1.48000000 0.52334500 6.20267058
v 1.48000000 0.47741700 6.24859858
v 1.50000000 0.47741700 6.24859858
v 1.50000000 0.50393400 6.27511458
v 1.50000000 0.50393400 6.32994958
v 1.50000000 0.42258300 6.24859858
v 1.50000000 0.39606600 6.32994958
v 1.50000000 0.39606600 6.27511458
v 1.50000000 0.47741700 6.35646658
v 1.50000000 0.42258300 6.35646658
v 1.50000000 0.50393400 6.32994958
v 1.50000000 0.50393400 6.27511458
v 1.50000000 0.54015600 6.26540958
v 1.50000000 0.54015600 6.33965558
v 1.50000000 0.54015600 6.26540958
v 1.50000000 0.54986200 6.22918758
v 1.50000000 0.61238000 6.20878258
v 1.50000000 0.63750000 6.30253258
v 1.50000000 0.61238000 6.39628258
v 1.50000000 0.54015600 6.33965558
v 1.50000000 0.54986200 6.37587758
v 1.50000000 0.54986200 6.22918758
v 1.50000000 0.52334500 6.20267058
v 1.50000000 0.61238000 6.20878258
v 1.50000100 0.54375000 6.14015258
v 1.50000000 0.52334500 6.20267058
v 1.50000000 0.48712300 6.21237658
v 1.50000100 0.45000000 6.11503258
v 1.50000000 0.41287700 6.21237658
v 1.50000100 0.35625000 6.14015258
v 1.50000000 0.37665500 6.20267058
v 1.50000000 0.28762000 6.20878258
v 1.50000000 0.37665500 6.20267058
v 1.50000000 0.35013800 6.22918758
v 1.50000000 0.61238000 6.39628258
v 1.49999900 0.54375000 6.46491258
v 1.50000000 0.54986200 6.37587758
v 1.50000000 0.52334500 6.40239458
v 1.49999900 0.54375000 6.46491258
v 1.50000000 0.48712300 6.39268858
v 1.50000000 0.52334500 6.40239458
v 1.49999900 0.45000000 6.49003258
v 1.50000000 0.41287700 6.39268858
v 1.50000000 0.42258300 6.35646658
v 1.50000000 0.47741700 6.35646658
v 1.49999900 0.35625000 6.46491258
v 1.50000000 0.41287700 6.39268858
v 1.50000000 0.37665500 6.40239458
v 1.50000000 0.28762000 6.39628258
v 1.50000000 0.35013800 6.37587758
v 1.50000000 0.26250000 6.30253258
v 1.50000000 0.28762000 6.20878258
v 1.50000000 0.35984400 6.26540958
v 1.50000000 0.35013800 6.22918758
v 1.50000000 0.35984400 6.26540958
v 1.50000000 0.39606600 6.27511458
v 1.50000000 0.35984400 6.33965558
v 1.50000000 0.39606600 6.32994958
v 1.10000100 0.31741700 6.16994858
v 1.10000000 0.26250000 6.30253058
v 1.09999900 0.31741700 6.43511358
v 1.10000100 0.45000000 6.11503058
v 1.09999900 0.45000000 6.49003058
v 1.10000100 0.58258300 6.16994858
v 1.09999900 0.58258300 6.43511358
v 1.10000000 0.63750000 6.30253058
v 1.10000100 0.41438000 6.00917458
v 1.10000100 0.28213100 6.05932958
v 1.18000100 0.29052400 6.07149058
v 1.18000100 0.41616100 6.02384258
v 1.18000100 0.20142100 6.17206658
v 1.10000100 0.55479000 6.02622358
v 1.10000100 0.18833800 6.16519958
v 1.18000100 0.54955000 6.04003858
v 1.18000000 0.16926500 6.30253058
v 1.10000100 0.67119300 6.10657058
v 1.10000000 0.15448900 6.30253058
v 1.18000100 0.66013300 6.11636958
v 1.17999900 0.20142100 6.43299558
v 1.10000000 0.73692400 6.23181058
v 1.09999900 0.18833800 6.43986158
v 1.18000000 0.72257800 6.23534658
v 1.17999900 0.29052400 6.53357158
v 1.10000000 0.73692400 6.37325058
v 1.09999900 0.28213100 6.54573158
v 1.18000000 0.72257800 6.36971558
v 1.17999900 0.41616100 6.58121958
v 1.09999900 0.67119300 6.49849058
v 1.09999900 0.41438000 6.59588658
v 1.17999900 0.66013300 6.48869258
v 1.17999900 0.54955000 6.56502358
v 1.09999900 0.55479000 6.57883858
v 1.49999900 0.41438000 6.59588858
v 1.49999900 0.28213100 6.54573358
v 1.41999900 0.29052400 6.53357258
v 1.41999900 0.41616100 6.58122058
v 1.41999900 0.20142100 6.43299658
v 1.49999900 0.55479000 6.57883958
v 1.49999900 0.18833800 6.43986358
v 1.41999900 0.54955000 6.56502458
v 1.42000000 0.16926500 6.30253258
v 1.49999900 0.67119300 6.49849258
v 1.50000000 0.15448900 6.30253258
v 1.41999900 0.66013300 6.48869358
v 1.42000100 0.20142100 6.17206758
v 1.50000000 0.73692400 6.37325258
v 1.50000100 0.18833800 6.16520158
v 1.42000000 0.72257800 6.36971658
v 1.42000100 0.29052400 6.07149158
v 1.50000000 0.73692400 6.23181258
v 1.50000100 0.28213100 6.05933158
v 1.42000000 0.72257800 6.23534758
v 1.42000100 0.41616100 6.02384358
v 1.50000100 0.67119300 6.10657258
v 1.50000100 0.41438000 6.00917658
v 1.42000100 0.66013300 6.11637058
v 1.42000100 0.54955000 6.04003958
v 1.50000100 0.55479000 6.02622458
v 1.10000100 0.45000000 6.11503058
v 1.18000100 0.45000000 6.11503158
v 1.18000100 0.31741700 6.16994858
v 1.10000100 0.58258300 6.16994858
v 1.10000100 0.31741700 6.16994858
v 1.18000100 0.58258300 6.16994858
v 1.18000000 0.26250000 6.30253058
v 1.10000000 0.63750000 6.30253058
v 1.10000000 0.26250000 6.30253058
v 1.18000000 0.63750000 6.30253058
v 1.18000000 0.31741700 6.43511358
v 1.09999900 0.58258300 6.43511358
v 1.09999900 0.31741700 6.43511358
v 1.18000000 0.58258300 6.43511358
v 1.17999900 0.45000000 6.49003058
v 1.09999900 0.45000000 6.49003058
vt 0.15375043 0.71436433
vt 0.20546259 0.71436468
vt 0.20817733 0.70400105
vt 0.15375045 0.70400117
vt 0.14338730 0.71436429
vt 0.15375045 0.66773015
vt 0.20669237 0.67291357
vt 0.14338730 0.70400113
vt 0.09020013 0.71436422
vt 0.13972868 0.66254857
vt 0.11229794 0.63145918
vt 0.12473369 0.63145919
vt 0.09020016 0.66254856
vt 0.09020013 0.70400108
vt 0.07983699 0.71436422
vt 0.10217513 0.61968536
vt 0.11253827 0.62109605
vt 0.09020019 0.62896863
vt 0.09020020 0.61860549
vt 0.07983705 0.61860547
vt 0.07983705 0.62896861
vt 0.06072395 0.61873678
vt 0.07983702 0.66254854
vt 0.05256660 0.63069250
vt 0.04504491 0.62064147
vt 0.07983699 0.70400108
vt 0.04109169 0.71436419
vt 0.04373546 0.66254851
vt 0.03957850 0.63145912
vt 0.03468177 0.62175418
vt 0.04109172 0.70400105
vt 0.03072855 0.71436417
vt 0.03072863 0.66254850
vt 0.02921536 0.63353173
vt 0.02431862 0.62316858
vt 0.03072859 0.70400105
vt 0.01683557 0.71436417
vt 0.01605045 0.70400105
vt 0.00708785 0.71436422
vt 0.00551756 0.70400105
vt 0.02036549 0.66254850
vt 0.01000234 0.66254848
vt 0.01885220 0.63353173
vt 0.01612662 0.63327475
vt 0.01587004 0.62553549
vt 0.20385070 0.51795333
vt 0.20385067 0.50759021
vt 0.15218014 0.50551762
vt 0.15218014 0.51588074
vt 0.20385078 0.59513443
vt 0.14181703 0.50551763
vt 0.15218022 0.59720715
vt 0.20385079 0.60549758
vt 0.15218024 0.60757030
vt 0.14181703 0.51588075
vt 0.08862989 0.50551763
vt 0.14181709 0.59720717
vt 0.14181709 0.60757031
vt 0.08862989 0.51588075
vt 0.07826678 0.50551763
vt 0.08862989 0.59720721
vt 0.08862989 0.60757036
vt 0.07826678 0.51588075
vt 0.03952152 0.50551760
vt 0.07826673 0.59720721
vt 0.07826673 0.60757036
vt 0.03952150 0.51588072
vt 0.02915840 0.50551759
vt 0.03952143 0.59720719
vt 0.03952143 0.60757034
vt 0.02915840 0.51588071
vt 0.02915829 0.59720718
vt 0.02915828 0.60757033
vt 0.01526529 0.60757031
vt 0.01526529 0.59720716
vt 0.00551756 0.60757028
vt 0.00551756 0.59720713
vt 0.01526541 0.51588070
vt 0.01526543 0.50551757
vt 0.00551772 0.51588068
vt 0.00551772 0.50551756
vt 0.21654063 0.92098111
vt 0.21654217 0.88985848
vt 0.20617695 0.88468152
vt 0.20617755 0.92098075
vt 0.12899624 0.88468152
vt 0.20617738 0.93169403
vt 0.21654035 0.93169424
vt 0.12899601 0.93169463
vt 0.12899573 0.92098120
vt 0.11863092 0.88985857
vt 0.11863284 0.93169492
vt 0.11863251 0.92098159
vt 0.34161943 0.55867235
vt 0.32797366 0.50607009
vt 0.33004627 0.55922481
vt 0.33954677 0.50551763
vt 0.41880056 0.55867231
vt 0.42087319 0.50551756
vt 0.43037373 0.55922477
vt 0.43244633 0.50607003
vt 0.26575977 0.83956772
vt 0.26990503 0.88102028
vt 0.27612290 0.88102028
vt 0.27612290 0.83956772
vt 0.28912976 0.88102028
vt 0.28912976 0.83956772
vt 0.32523134 0.88102028
vt 0.32523134 0.83956772
vt 0.33559448 0.88102028
vt 0.33559445 0.83956772
vt 0.38463637 0.88102028
vt 0.38512304 0.83956772
vt 0.39499953 0.88102028
vt 0.39914480 0.83956772
vt 0.39677155 0.91345364
vt 0.36067000 0.91345364
vt 0.36067000 0.92381680
vt 0.39677155 0.92381680
vt 0.39677155 0.89205536
vt 0.36067000 0.89205536
vt 0.36067000 0.90241852
vt 0.39677155 0.90241852
vt 0.48113531 0.66809222
vt 0.43160680 0.66809222
vt 0.43160680 0.67845538
vt 0.48113531 0.67845535
vt 0.48113534 0.68949048
vt 0.43160680 0.68949048
vt 0.43160680 0.69985361
vt 0.48113534 0.69985361
vt 0.44348145 0.50551756
vt 0.44348145 0.53909748
vt 0.45384461 0.53909748
vt 0.45384461 0.50551756
vt 0.23750746 0.83219385
vt 0.25201589 0.87364638
vt 0.24787062 0.83219385
vt 0.23799412 0.87364638
vt 0.18846557 0.83219385
vt 0.18846560 0.87364638
vt 0.17810243 0.83219385
vt 0.17810245 0.87364638
vt 0.14200088 0.83219388
vt 0.14200090 0.87364644
vt 0.12899405 0.83219391
vt 0.12899406 0.87364644
vt 0.12277617 0.83219391
vt 0.11863092 0.87364644
vt 0.10060385 0.99448231
vt 0.10060385 0.98411924
vt 0.01927737 0.98411927
vt 0.01927737 0.99448243
vt 0.33924517 0.74840383
vt 0.33924520 0.79006311
vt 0.42057163 0.79006302
vt 0.42057157 0.74840374
vt 0.33924532 0.61227415
vt 0.42057168 0.62263732
vt 0.42057168 0.61227418
vt 0.33924529 0.62263727
vt 0.42057165 0.67167921
vt 0.33924526 0.67167918
vt 0.42057163 0.68204236
vt 0.33924526 0.68204230
vt 0.42057157 0.71814391
vt 0.33924520 0.71814387
vt 0.42057154 0.73115076
vt 0.33924517 0.73115070
vt 0.42057154 0.73736864
vt 0.33924517 0.73736864
vt 0.24421042 0.78717262
vt 0.24421042 0.82075256
vt 0.25457355 0.82075256
vt 0.25457355 0.78717262
vt 0.22281216 0.77789572
vt 0.22281216 0.81935653
vt 0.23317529 0.81935653
vt 0.23317532 0.77789572
vt 0.28176370 0.72593984
vt 0.26575986 0.72593984
vt 0.26575986 0.73630296
vt 0.28176370 0.73630297
vt 0.32821006 0.72539979
vt 0.32429042 0.73630300
vt 0.26575980 0.81762931
vt 0.28176364 0.81762934
vt 0.26575977 0.82799247
vt 0.28176364 0.82799247
vt 0.32429042 0.81762940
vt 0.32821006 0.82853261
vt 0.48261869 0.64680642
vt 0.44009194 0.64680642
vt 0.43160680 0.65589765
vt 0.47305137 0.65705711
vt 0.44354636 0.55388220
vt 0.44354636 0.58746213
vt 0.45390952 0.58746213
vt 0.45390952 0.55388220
vt 0.22281216 0.72539979
vt 0.22281218 0.76686060
vt 0.23317529 0.76686060
vt 0.23317532 0.72539979
vt 0.43160680 0.75550377
vt 0.43160680 0.78908372
vt 0.44196996 0.78908372
vt 0.44196996 0.75550377
vt 0.45300755 0.71088874
vt 0.45300505 0.74394619
vt 0.46337068 0.74313836
vt 0.46337068 0.71088874
vt 0.43160680 0.71088874
vt 0.43160680 0.74446869
vt 0.44196996 0.74446869
vt 0.44196996 0.71088874
vt 0.02624384 0.94064039
vt 0.04808181 0.97249639
vt 0.03925070 0.94064039
vt 0.03509370 0.97054735
vt 0.01588071 0.94064039
vt 0.02473057 0.96965715
vt 0.00551756 0.94064039
vt 0.01436742 0.96965715
vt 0.45300505 0.75498131
vt 0.45300505 0.78803876
vt 0.46336821 0.78803879
vt 0.46336821 0.75498131
vt 0.24421044 0.73467670
vt 0.24421042 0.77613750
vt 0.25353539 0.76790991
vt 0.25472465 0.72539979
vt 0.22757728 0.88468152
vt 0.22757728 0.91826147
vt 0.23794042 0.91826147
vt 0.23794042 0.88468152
vt 0.06835424 0.97308409
vt 0.10060384 0.97308412
vt 0.09597974 0.96089640
vt 0.06479251 0.96057442
vt 0.09228577 0.95117316
vt 0.06195472 0.95060739
vt 0.08944798 0.94120613
vt 0.05911693 0.94064039
vt 0.01588138 0.92960519
vt 0.00551797 0.91914636
vt 0.00551806 0.92960528
vt 0.01588134 0.91914624
vt 0.09720907 0.91914645
vt 0.09720907 0.92960519
vt 0.10757219 0.92960513
vt 0.10757211 0.91914645
vt 0.10757201 0.90872735
vt 0.01588115 0.90712240
vt 0.00551779 0.90712258
vt 0.00551756 0.89675927
vt 0.09720915 0.90872726
vt 0.09720911 0.89836410
vt 0.10757193 0.89836457
vt 0.10757417 0.87760738
vt 0.01588083 0.89675906
vt 0.09721037 0.87760466
vt 0.01587960 0.87764806
vt 0.00551759 0.87764516
vt 0.00552591 0.86185020
vt 0.09721750 0.86190060
vt 0.10758016 0.86190534
vt 0.01588928 0.86185577
vt 0.01589482 0.85143292
vt 0.00553153 0.85142729
vt 0.00553729 0.84096786
vt 0.09722268 0.85147816
vt 0.10758539 0.85148340
vt 0.01590060 0.84097359
vt 0.00554216 0.83219385
vt 0.01590548 0.83219960
vt 0.09722816 0.84101898
vt 0.10759100 0.84102458
vt 0.09723296 0.83224520
vt 0.10759581 0.83225089
vt 0.25583139 0.71436468
vt 0.28315628 0.71433620
vt 0.28314546 0.70397308
vt 0.25575480 0.70396793
vt 0.25584868 0.62263728
vt 0.24271515 0.62264225
vt 0.24271937 0.70396861
vt 0.23231804 0.70396917
vt 0.23231387 0.62264280
vt 0.22195491 0.70396969
vt 0.22195071 0.62264334
vt 0.28317356 0.62264671
vt 0.28317714 0.61228358
vt 0.25585225 0.61227415
vt 0.29353669 0.62265028
vt 0.29350859 0.70397665
vt 0.31574625 0.70398432
vt 0.29350501 0.71433978
vt 0.31574270 0.71434745
vt 0.31577432 0.62265795
vt 0.31577790 0.61229482
vt 0.29354024 0.61228714
vt 0.21921727 0.70396985
vt 0.21921781 0.71433300
vt 0.22195545 0.71433285
vt 0.21921299 0.62264348
vt 0.22195016 0.61228005
vt 0.21921246 0.61228020
vt 0.22524910 0.50551756
vt 0.21488592 0.50551757
vt 0.21488594 0.51599903
vt 0.22524908 0.51599903
vt 0.30657542 0.50551757
vt 0.22524910 0.55769351
vt 0.21488594 0.55769351
vt 0.22524911 0.58802993
vt 0.21488594 0.58802994
vt 0.30657542 0.55769346
vt 0.30657539 0.51599901
vt 0.31693855 0.50551757
vt 0.31693852 0.51599901
vt 0.31693852 0.55769345
vt 0.31693852 0.58802979
vt 0.30657542 0.58802979
vt 0.01683566 0.72539988
vt 0.00708795 0.72539985
vt 0.00551756 0.73576298
vt 0.01605044 0.73576303
vt 0.03072864 0.72539991
vt 0.01000225 0.77721557
vt 0.03072858 0.73576304
vt 0.04109178 0.72539993
vt 0.02036539 0.77721557
vt 0.04109171 0.73576306
vt 0.07983705 0.72539999
vt 0.02921519 0.80623236
vt 0.01885207 0.80623236
vt 0.07983699 0.73576312
vt 0.09020019 0.72540000
vt 0.09020012 0.73576315
vt 0.14338736 0.72540005
vt 0.14338732 0.73576318
vt 0.15375051 0.72540005
vt 0.15375048 0.73576321
vt 0.20546266 0.72539979
vt 0.20817739 0.73576345
vt 0.20669237 0.76685095
vt 0.15375039 0.77203423
vt 0.13972861 0.77721575
vt 0.12473354 0.80830514
vt 0.09020007 0.77721569
vt 0.11229779 0.80830514
vt 0.11253810 0.81866825
vt 0.10217497 0.82007888
vt 0.09181184 0.82115874
vt 0.09020002 0.81079561
vt 0.07983693 0.77721566
vt 0.07983688 0.81079558
vt 0.08144870 0.82115874
vt 0.04373536 0.77721560
vt 0.06072376 0.81999105
vt 0.05256643 0.80907163
vt 0.03072852 0.77721560
vt 0.03957832 0.80623236
vt 0.04504471 0.81912264
vt 0.03468158 0.81800991
vt 0.02431845 0.81659547
vt 0.01586988 0.81422853
vt 0.01612651 0.80648929
vt 0.32821006 0.62266222
vt 0.31577432 0.62265795
vt 0.31574625 0.70398432
vt 0.32818204 0.70398860
vt 0.41017985 0.92089409
vt 0.45183915 0.92089409
vt 0.45183915 0.83956772
vt 0.41017985 0.83956772
vt 0.35744947 0.98579344
vt 0.36781287 0.99353647
vt 0.36781254 0.98579302
vt 0.35744980 0.99353689
vt 0.27612296 0.98579681
vt 0.27612326 0.99354032
vt 0.26575977 0.98579723
vt 0.26576009 0.99354076
vt 0.26644105 0.90023839
vt 0.26575980 0.90839297
vt 0.34895366 0.90839300
vt 0.34963489 0.90023839
vt 0.34963489 0.92473060
vt 0.34895366 0.91657597
vt 0.26575977 0.91657597
vt 0.26644105 0.92473060
vt 0.47105727 0.87321371
vt 0.47105727 0.86503068
vt 0.46287426 0.86503068
vt 0.46287426 0.87321371
vt 0.26575980 0.90839297
vt 0.26575977 0.91657597
vt 0.34895366 0.91657597
vt 0.34895366 0.90839300
vt 0.26644105 0.89205536
vt 0.26644105 0.90023839
vt 0.34963489 0.90023839
vt 0.34963489 0.89205536
vt 0.46287426 0.85399559
vt 0.47362912 0.85399559
vt 0.47362912 0.83956772
vt 0.46287426 0.83956772
vt 0.19304088 0.97096735
vt 0.22341992 0.98172221
vt 0.22341992 0.97096735
vt 0.19304088 0.98172221
vt 0.14961867 0.97096735
vt 0.14961867 0.98172221
vt 0.11863092 0.97096738
vt 0.11863092 0.98172221
vt 0.46924570 0.81185308
vt 0.46924570 0.80109823
vt 0.45481786 0.80109823
vt 0.45481786 0.81185308
vt 0.29674759 0.97475788
vt 0.26575977 0.96400300
vt 0.26575977 0.97475791
vt 0.29674759 0.96400300
vt 0.34016976 0.97475788
vt 0.34016976 0.96400300
vt 0.37054876 0.97475788
vt 0.37054876 0.96400300
vt 0.34004530 0.95019355
vt 0.37029734 0.95296791
vt 0.37029737 0.93854001
vt 0.34004530 0.93576571
vt 0.29662311 0.95019355
vt 0.29662311 0.93576571
vt 0.26575977 0.95296788
vt 0.26575977 0.93854001
vt 0.14949423 0.94550434
vt 0.11863092 0.94273004
vt 0.11863092 0.95715791
vt 0.14949423 0.95993224
vt 0.19291642 0.94550434
vt 0.19291642 0.95993224
vt 0.22316849 0.94273004
vt 0.22316849 0.95715791
vt 0.25472465 0.96831057
vt 0.25472462 0.95755571
vt 0.24029675 0.95755574
vt 0.24029677 0.96831059
vt 0.41171151 0.94652057
vt 0.38133249 0.93576574
vt 0.38133249 0.94652057
vt 0.41171151 0.93576571
vt 0.45513371 0.94652057
vt 0.45513365 0.93576571
vt 0.48612145 0.94652057
vt 0.48612145 0.93576571
vt 0.24029675 0.93576574
vt 0.24029677 0.94652060
vt 0.25472465 0.94652057
vt 0.25472462 0.93576571
vt 0.45538503 0.96400300
vt 0.48637280 0.97475788
vt 0.48637280 0.96400300
vt 0.45538503 0.97475788
vt 0.41196284 0.96400300
vt 0.41196284 0.97475788
vt 0.38158384 0.96400306
vt 0.38158384 0.97475788
vt 0.36949724 0.80387253
vt 0.33924517 0.80109823
vt 0.33924517 0.81552613
vt 0.36949724 0.81830043
vt 0.41291940 0.80387253
vt 0.41291940 0.81830043
vt 0.44378275 0.80109823
vt 0.44378275 0.81552610
vt 0.40164793 0.58468780
vt 0.43251124 0.58746212
vt 0.43251124 0.57303425
vt 0.40164793 0.57025993
vt 0.35822573 0.58468782
vt 0.35822573 0.57025993
vt 0.32797366 0.58746213
vt 0.32797366 0.57303424
vt 0.43680453 0.61747188
vt 0.43680453 0.63057357
vt 0.47818175 0.63057359
vt 0.47818175 0.61747189
vt 0.43680453 0.63577130
vt 0.47818175 0.63577130
vt 0.47818175 0.63057359
vt 0.43680453 0.63057357
vt 0.47818175 0.61227415
vt 0.43680453 0.61227415
vt 0.43680453 0.61747188
vt 0.47818175 0.61747189
vt 0.43680453 0.63057357
vt 0.43680453 0.61747188
vt 0.43160680 0.61747188
vt 0.43160680 0.63057357
vt 0.47818175 0.63057359
vt 0.48337948 0.63057359
vt 0.48337948 0.61747189
vt 0.47818175 0.61747189
vt 0.58618164 0.99951172
vt 0.58715820 0.99853516
vt 0.58789062 0.99804688
vt 0.58789062 0.99804688
vt 0.58789062 0.99804688
vt 0.58789062 0.99804688
vt 0.58789062 0.99804688
vt 0.58789062 0.99804688
vt 0.58789062 0.99804688
vt 0.58789062 0.99804688
vt 0.58789062 0.99804688
vt 0.58789062 0.99804688
vt 0.58789062 0.99804688
vt 0.58789062 0.99804688
vt 0.58789062 0.99804688
vt 0.58789062 0.99804688
vt 0.58789062 0.99804688
vt 0.58789062 0.99804688
vt 0.58789062 0.99804688
vt 0.58789062 0.99804688
vt 0.58789062 0.99804688
vt 0.58789062 0.99804688
vt 0.58789062 0.99804688
vt 0.58789062 0.99804688
vt 0.58789062 0.99804688
vt 0.58789062 0.99804688
vt 0.58789062 0.99804688
vt 0.58789062 0.99804688
vt 0.58789062 0.99804688
vt 0.58789062 0.99804688
vt 0.58789062 0.99804688
vt 0.58789062 0.99804688
vt 0.58789062 0.99804688
vt 0.58789062 0.99804688
vt 0.58789062 0.99804688
vt 0.58789062 0.99804688
vt 0.58789062 0.99804688
vt 0.58789062 0.99804688
vt 0.58789062 0.99804688
vt 0.58789062 0.99804688
vt 0.58789062 0.99804688
vt 0.58789062 0.99804688
vt 0.58789062 0.99804688
vt 0.58789062 0.99804688
vt 0.58789062 0.99804688
vt 0.58789062 0.99804688
vt 0.58789062 0.99804688
vt 0.58789062 0.99804688
vt 0.58789062 0.99804688
vt 0.58789062 0.99804688
vt 0.58789062 0.99804688
vt 0.58789062 0.99804688
vt 0.58789062 0.99804688
vt 0.58789062 0.99804688
vt 0.58789062 0.99804688
vt 0.58789062 0.99804688
vt 0.58789062 0.99804688
vt 0.58789062 0.99804688
vt 0.58789062 0.99804688
vt 0.58789062 0.99804688
vt 0.58789062 0.99804688
vt 0.58789062 0.99804688
vt 0.58789062 0.99804688
vt 0.58789062 0.99804688
vt 0.58789062 0.99804688
vt 0.58789062 0.99804688
vt 0.58789062 0.99804688
vt 0.58789062 0.99804688
vt 0.58789062 0.99804688
vt 0.58789062 0.99804688
vt 0.58789062 0.99804688
vt 0.58789062 0.99804688
vt 0.58789062 0.99804688
vt 0.58789062 0.99804688
vt 0.58789062 0.99804688
vt 0.58789062 0.99804688
vt 0.58789062 0.99804688
vt 0.58789062 0.99804688
vt 0.58789062 0.99804688
vt 0.58789062 0.99804688
vt 0.58789062 0.99804688
vt 0.58789062 0.99804688
vt 0.58789062 0.99804688
vt 0.58789062 0.99804688
vt 0.58789062 0.99804688
vt 0.58789062 0.99804688
vt 0.58789062 0.99804688
vt 0.58789062 0.99804688
vt 0.58789062 0.99804688
vt 0.58789062 0.99804688
vt 0.58789062 0.99804688
vt 0.58789062 0.99804688
vt 0.58789062 0.99804688
vt 0.58789062 0.99804688
vt 0.58789062 0.99804688
vt 0.58789062 0.99804688
vt 0.58789062 0.99804688
vt 0.58789062 0.99804688
vt 0.58789062 0.99804688
vt 0.58789062 0.99804688
vt 0.58789062 0.99804688
vt 0.58789062 0.99804688
vt 0.58789062 0.99804688
vt 0.58789062 0.99804688
vt 0.58789062 0.99804688
vt 0.58789062 0.99804688
vt 0.58789062 0.99804688
vt 0.58789062 0.99804688
vt 0.58789062 0.99804688
vt 0.58789062 0.99804688
vt 0.58789062 0.99804688
vt 0.58789062 0.99804688
vt 0.58789062 0.99804688
vt 0.58789062 0.99804688
vt 0.58789062 0.99804688
vt 0.58789062 0.99804688
vt 0.58789062 0.99804688
vt 0.58789062 0.99804688
vt 0.58789062 0.99804688
vt 0.58789062 0.99804688
vt 0.58789062 0.99804688
vt 0.58789062 0.99804688
vt 0.58789062 0.99804688
vt 0.58789062 0.99804688
vt 0.58789062 0.99804688
vt 0.58789062 0.99804688
vt 0.58789062 0.99804688
vt 0.58789062 0.99804688
vt 0.58789062 0.99804688
vt 0.58789062 0.99804688
vt 0.58789062 0.99804688
vt 0.58789062 0.99804688
vt 0.58789062 0.99804688
vt 0.58789062 0.99804688
vt 0.58789062 0.99804688
vt 0.58789062 0.99804688
vt 0.58789062 0.99804688
vt 0.58789062 0.99804688
vt 0.58789062 0.99804688
vt 0.58789062 0.99804688
vt 0.58789062 0.99804688
vt 0.58789062 0.99804688
vt 0.58789062 0.99804688
vt 0.58789062 0.99804688
vt 0.58789062 0.99804688
vt 0.58789062 0.99804688
vt 0.58789062 0.99804688
vt 0.58789062 0.99804688
vt 0.58789062 0.99804688
vt 0.58789062 0.99804688
vt 0.58789062 0.99804688
vt 0.58789062 0.99804688
vt 0.58789062 0.99804688
vt 0.58789062 0.99804688
vt 0.59136092 0.99902704
vt 0.59136523 0.99902849
vt 0.59136525 0.99902907
vt 0.59136117 0.99903082
vt 0.59136529 0.99902581
vt 0.59152811 0.99902705
vt 0.59153214 0.99902913
vt 0.59136538 0.99903232
vt 0.59136529 0.99902581
vt 0.59117506 0.99903107
vt 0.59116846 0.99903726
vt 0.59136117 0.99903082
vt 0.59136961 0.99903060
vt 0.59152811 0.99902705
vt 0.59153483 0.99903265
vt 0.59136538 0.99903232
vt 0.59153214 0.99902913
vt 0.59154884 0.99902693
vt 0.59136981 0.99902706
vt 0.59136092 0.99902704
vt 0.59117104 0.99903347
vt 0.59115429 0.99903140
vt 0.59136981 0.99902706
vt 0.59154884 0.99902693
vt 0.59153483 0.99903265
vt 0.59136961 0.99903060
vt 0.59136981 0.99902706
vt 0.59136562 0.99902849
vt 0.59136523 0.99902849
vt 0.59136092 0.99902704
vt 0.59136117 0.99903082
vt 0.59136525 0.99902907
vt 0.59136562 0.99902906
vt 0.59136961 0.99903060
vt 0.59136961 0.99903060
vt 0.59136562 0.99902906
vt 0.59136562 0.99902849
vt 0.59136981 0.99902706
vt 0.59136538 0.99903232
vt 0.59117104 0.99903347
vt 0.59117506 0.99903107
vt 0.59136529 0.99902581
vt 0.59136117 0.99903082
vt 0.59116846 0.99903726
vt 0.59115429 0.99903140
vt 0.59136092 0.99902704
vt 0.59005634 0.99899629
vt 0.59005634 0.99899629
vt 0.59005634 0.99899629
vt 0.59005634 0.99899629
vt 0.59005634 0.99899629
vt 0.59005634 0.99899629
vt 0.59005634 0.99899629
vt 0.59005634 0.99899629
vt 0.59005634 0.99899629
vt 0.59005634 0.99899629
vt 0.59005634 0.99899629
vt 0.59005634 0.99899629
vt 0.59005634 0.99899629
vt 0.59005634 0.99899629
vt 0.59005634 0.99899629
vt 0.59005634 0.99899629
vt 0.59005634 0.99899629
vt 0.59005634 0.99899629
vt 0.59005634 0.99899629
vt 0.59005634 0.99899629
vt 0.59005634 0.99899629
vt 0.59005634 0.99899629
vt 0.59005634 0.99899629
vt 0.59005634 0.99899629
vt 0.59005634 0.99899629
vt 0.59005634 0.99899629
vt 0.59005634 0.99899629
vt 0.59005634 0.99899629
vt 0.59005634 0.99899629
vt 0.59005634 0.99899629
vt 0.59005634 0.99899629
vt 0.59005634 0.99899629
vt 0.59005634 0.99899629
vt 0.59005634 0.99899629
vt 0.59005634 0.99899629
vt 0.59005634 0.99899629
vt 0.59005634 0.99899629
vt 0.59005634 0.99899629
vt 0.59005634 0.99899629
vt 0.59005634 0.99899629
vt 0.59005634 0.99899629
vt 0.59005634 0.99899629
vt 0.59005634 0.99899629
vt 0.59005634 0.99899629
vt 0.59005634 0.99899629
vt 0.59005634 0.99899629
vt 0.59005634 0.99899629
vt 0.59005634 0.99899629
vt 0.59005634 0.99899629
vt 0.59005634 0.99899629
vt 0.59005634 0.99899629
vt 0.59005634 0.99899629
vt 0.59005634 0.99899629
vt 0.59005634 0.99899629
vt 0.59005634 0.99899629
vt 0.59005634 0.99899629
vt 0.59005634 0.99899629
vt 0.59005634 0.99899629
vt 0.59005634 0.99899629
vt 0.59005634 0.99899629
vt 0.59005634 0.99899629
vt 0.59005634 0.99899629
vt 0.59005634 0.99899629
vt 0.59005634 0.99899629
vt 0.59005634 0.99899629
vt 0.59005634 0.99899629
vt 0.59005634 0.99899629
vt 0.59005634 0.99899629
vt 0.59005634 0.99899629
vt 0.59005634 0.99899629
vt 0.59005634 0.99899629
vt 0.59005634 0.99899629
vt 0.59005634 0.99899629
vt 0.59005634 0.99899629
vt 0.59005634 0.99899629
vt 0.59005634 0.99899629
vt 0.59005634 0.99899629
vt 0.59005634 0.99899629
vt 0.59005634 0.99899629
vt 0.59005634 0.99899629
vt 0.59005634 0.99899629
vt 0.59005634 0.99899629
vt 0.59005634 0.99899629
vt 0.59005634 0.99899629
vt 0.59005634 0.99899629
vt 0.59005634 0.99899629
vt 0.59005634 0.99899629
vt 0.59005634 0.99899629
vt 0.59005634 0.99899629
vt 0.59005634 0.99899629
vt 0.59005634 0.99899629
vt 0.59005634 0.99899629
vt 0.59005634 0.99899629
vt 0.59005634 0.99899629
vt 0.59005634 0.99899629
vt 0.59005634 0.99899629
vt 0.59188746 0.99847389
vt 0.59188746 0.99857329
vt 0.59198686 0.99857329
vt 0.59198686 0.99847389
vt 0.59188746 0.99847389
vt 0.59188746 0.99857329
vt 0.59198686 0.99857329
vt 0.59198686 0.99847389
vt 0.59188746 0.99847389
vt 0.59188746 0.99857329
vt 0.59198686 0.99857329
vt 0.59198686 0.99847389
vt 0.59188746 0.99847389
vt 0.59188746 0.99857329
vt 0.59198686 0.99857329
vt 0.59198686 0.99847389
vt 0.59198020 0.99854844
vt 0.59193716 0.99857329
vt 0.59189411 0.99854844
vt 0.59189411 0.99849874
vt 0.59198020 0.99849874
vt 0.59193716 0.99847389
vt 0.59188746 0.99847389
vt 0.59188746 0.99857329
vt 0.59198686 0.99857329
vt 0.59198686 0.99847389
vt 0.59188746 0.99847389
vt 0.59188746 0.99857329
vt 0.59198686 0.99857329
vt 0.59198686 0.99847389
vt 0.59198020 0.99849874
vt 0.59198020 0.99854844
vt 0.59193716 0.99857329
vt 0.59193716 0.99847389
vt 0.59189411 0.99854844
vt 0.59189411 0.99849874
vt 0.59188746 0.99847389
vt 0.59198686 0.99847389
vt 0.59198686 0.99857329
vt 0.59188746 0.99857329
vt 0.59188746 0.99847389
vt 0.59198686 0.99847389
vt 0.59198686 0.99857329
vt 0.59188746 0.99857329
vt 0.59188746 0.99847389
vt 0.59198686 0.99847389
vt 0.59198686 0.99857329
vt 0.59188746 0.99857329
vt 0.59188746 0.99847389
vt 0.59198686 0.99847389
vt 0.59198686 0.99857329
vt 0.59188746 0.99857329
vt 0.59189411 0.99854844
vt 0.59193716 0.99857329
vt 0.59198020 0.99854844
vt 0.59189411 0.99849874
vt 0.59193716 0.99847389
vt 0.59198020 0.99849874
vt 0.59188746 0.99847389
vt 0.59198686 0.99847389
vt 0.59198686 0.99857329
vt 0.59188746 0.99857329
vt 0.59188746 0.99847389
vt 0.59198686 0.99847389
vt 0.59198686 0.99857329
vt 0.59188746 0.99857329
vt 0.59193716 0.99857329
vt 0.59198020 0.99854844
vt 0.59198020 0.99849874
vt 0.59193716 0.99847389
vt 0.59189411 0.99854844
vt 0.59189411 0.99849874
vt 0.59536838 0.99948368
vt 0.59536838 0.99948368
vt 0.59536838 0.99948368
vt 0.59536838 0.99948368
vt 0.59536838 0.99948368
vt 0.59536838 0.99948368
vt 0.59536838 0.99948368
vt 0.59536838 0.99948368
vt 0.59536838 0.99948368
vt 0.59536838 0.99948368
vt 0.59536838 0.99948368
vt 0.59536838 0.99948368
vt 0.59536838 0.99948368
vt 0.59536838 0.99948368
vt 0.59536838 0.99948368
vt 0.59536838 0.99948368
vt 0.59536838 0.99948368
vt 0.59536838 0.99948368
vt 0.59536838 0.99948368
vt 0.59536838 0.99948368
vt 0.59536838 0.99948368
vt 0.59536838 0.99948368
vt 0.59536838 0.99948368
vt 0.59536838 0.99948368
vt 0.59536838 0.99948368
vt 0.59536838 0.99948368
vt 0.59536838 0.99948368
vt 0.59536838 0.99948368
vt 0.59536838 0.99948368
vt 0.59536838 0.99948368
vt 0.59536838 0.99948368
vt 0.59536838 0.99948368
vt 0.59536838 0.99948368
vt 0.59536838 0.99948368
vt 0.59536838 0.99948368
vt 0.59536838 0.99948368
vt 0.59536838 0.99948368
vt 0.59536838 0.99948368
vt 0.59536838 0.99948368
vt 0.59536838 0.99948368
vt 0.43911743 0.99669266
vt 0.44067383 0.99631500
vt 0.45028687 0.99631500
vt 0.44873047 0.99669266
vt 0.43911743 0.99744797
vt 0.45989990 0.99631500
vt 0.44873047 0.99744797
vt 0.44067383 0.99782562
vt 0.45028687 0.99782562
vt 0.45834351 0.99744797
vt 0.45989990 0.99782562
vt 0.45834351 0.99669266
vt 0.46949768 0.99631500
vt 0.46792603 0.99744797
vt 0.46949768 0.99782562
vt 0.46792603 0.99669266
vt 0.47911072 0.99631500
vt 0.47753906 0.99744797
vt 0.47911072 0.99782562
vt 0.47753906 0.99669266
vt 0.48871613 0.99631500
vt 0.48715210 0.99744797
vt 0.48871613 0.99782562
vt 0.48715210 0.99669266
vt 0.49831963 0.99631500
vt 0.49675751 0.99744797
vt 0.49832058 0.99782562
vt 0.49675751 0.99669266
vt 0.50792694 0.99631500
vt 0.50636292 0.99744797
vt 0.50792694 0.99782562
vt 0.50636292 0.99669266
vt 0.51753235 0.99631500
vt 0.51597595 0.99744797
vt 0.51753235 0.99782562
vt 0.51597595 0.99669266
vt 0.52714539 0.99631500
vt 0.52557373 0.99744797
vt 0.52714539 0.99782562
vt 0.52557373 0.99669266
vt 0.53674316 0.99631500
vt 0.53518677 0.99744797
vt 0.53674316 0.99782562
vt 0.53518677 0.99669266
vt 0.54635620 0.99631500
vt 0.54479980 0.99744797
vt 0.54635620 0.99782562
vt 0.54479980 0.99669266
vt 0.55596924 0.99631500
vt 0.55441284 0.99744797
vt 0.55596924 0.99782562
vt 0.55441284 0.99669266
vt 0.56555176 0.99631500
vt 0.56402588 0.99669266
vt 0.56402588 0.99744797
vt 0.56555176 0.99782562
vt 0.45108032 0.99860001
vt 0.44146729 0.99860001
vt 0.44067383 0.99782562
vt 0.45028687 0.99782562
vt 0.46066284 0.99860001
vt 0.45989990 0.99782562
vt 0.44146729 0.99553871
vt 0.45028687 0.99631500
vt 0.44067383 0.99631500
vt 0.45108032 0.99553871
vt 0.45989990 0.99631500
vt 0.46066284 0.99553871
vt 0.46949768 0.99631500
vt 0.47027588 0.99553871
vt 0.47911072 0.99631500
vt 0.47988892 0.99553871
vt 0.48871613 0.99631500
vt 0.48949432 0.99553871
vt 0.49831963 0.99631500
vt 0.49910116 0.99553871
vt 0.50792694 0.99631500
vt 0.50870514 0.99553871
vt 0.51753235 0.99631500
vt 0.51831055 0.99553871
vt 0.52714539 0.99631500
vt 0.52792358 0.99553871
vt 0.53674316 0.99631500
vt 0.53753662 0.99553871
vt 0.54635620 0.99631500
vt 0.54714966 0.99553871
vt 0.55596924 0.99631500
vt 0.55673218 0.99553871
vt 0.56555176 0.99631500
vt 0.56634521 0.99553871
vt 0.47027588 0.99860001
vt 0.46066284 0.99860001
vt 0.45989990 0.99782562
vt 0.46949768 0.99782562
vt 0.47988892 0.99860001
vt 0.47911072 0.99782562
vt 0.48949432 0.99860001
vt 0.48871613 0.99782562
vt 0.49910116 0.99860001
vt 0.49832058 0.99782562
vt 0.50870514 0.99860001
vt 0.50792694 0.99782562
vt 0.51831055 0.99860001
vt 0.51753235 0.99782562
vt 0.52792358 0.99860001
vt 0.51831055 0.99860001
vt 0.51753235 0.99782562
vt 0.52714539 0.99782562
vt 0.53753662 0.99860001
vt 0.53674316 0.99782562
vt 0.54714966 0.99860001
vt 0.53753662 0.99860001
vt 0.53674316 0.99782562
vt 0.54635620 0.99782562
vt 0.55673218 0.99860001
vt 0.54714966 0.99860001
vt 0.54635620 0.99782562
vt 0.55596924 0.99782562
vt 0.56634521 0.99860001
vt 0.56555176 0.99782562
vt 0.50486374 0.99330330
vt 0.50486374 0.99330330
vt 0.50486374 0.99330330
vt 0.50486374 0.99330330
vt 0.50486374 0.99330330
vt 0.50486374 0.99330330
vt 0.50486374 0.99330330
vt 0.50486374 0.99330330
vt 0.50486374 0.99330330
vt 0.50486374 0.99330330
vt 0.50486374 0.99330330
vt 0.50486374 0.99330330
vt 0.50486374 0.99330330
vt 0.50486374 0.99330330
vt 0.50486374 0.99330330
vt 0.50486374 0.99330330
vt 0.50486374 0.99330330
vt 0.50486374 0.99330330
vt 0.50486374 0.99330330
vt 0.50486374 0.99330330
vt 0.50486374 0.99330330
vt 0.50486374 0.99330330
vt 0.50486374 0.99330330
vt 0.50486374 0.99330330
vt 0.50486374 0.99330330
vt 0.50486374 0.99330330
vt 0.50277138 0.99299955
vt 0.50277138 0.99299955
vt 0.50277138 0.99299955
vt 0.50277138 0.99299955
vt 0.50277138 0.99299955
vt 0.50277138 0.99299955
vt 0.50277138 0.99299955
vt 0.50277138 0.99299955
vt 0.50277138 0.99299955
vt 0.50277138 0.99299955
vt 0.50277138 0.99299955
vt 0.50277138 0.99299955
vt 0.50687408 0.99323559
vt 0.50687408 0.99323559
vt 0.50687408 0.99323559
vt 0.50687408 0.99323559
vt 0.50687408 0.99323559
vt 0.50687408 0.99323559
vt 0.50687408 0.99323559
vt 0.50687408 0.99323559
vt 0.50687408 0.99323559
vt 0.50687408 0.99323559
vt 0.50687408 0.99323559
vt 0.50687408 0.99323559
vt 0.50687408 0.99323559
vt 0.50687408 0.99323559
vt 0.50687408 0.99323559
vt 0.50687408 0.99323559
vt 0.50687408 0.99323559
vt 0.50687408 0.99323559
vt 0.50687408 0.99323559
vt 0.50687408 0.99323559
vt 0.50687408 0.99323559
vt 0.50687408 0.99323559
vt 0.50687408 0.99323559
vt 0.50687408 0.99323559
vt 0.50687408 0.99323559
vt 0.50687408 0.99323559
vt 0.50687408 0.99323559
vt 0.50687408 0.99323559
vt 0.50687408 0.99323559
vt 0.50687408 0.99323559
vt 0.50687408 0.99323559
vt 0.50687408 0.99323559
vt 0.50687408 0.99323559
vt 0.50687408 0.99323559
vt 0.50687408 0.99323559
vt 0.50687408 0.99323559
vt 0.50687408 0.99323559
vt 0.50687408 0.99323559
vt 0.50687408 0.99323559
vt 0.50687408 0.99323559
vt 0.50687408 0.99323559
vt 0.50687408 0.99323559
vt 0.50687408 0.99323559
vt 0.50687408 0.99323559
vt 0.50687408 0.99323559
vt 0.50687408 0.99323559
vt 0.50687408 0.99323559
vt 0.50277138 0.99299955
vt 0.50277138 0.99299955
vt 0.50277138 0.99299955
vt 0.50277138 0.99299955
vt 0.50277138 0.99299955
vt 0.50277138 0.99299955
vt 0.50277138 0.99299955
vt 0.50277138 0.99299955
vt 0.50277138 0.99299955
vt 0.50277138 0.99299955
vt 0.50277138 0.99299955
vt 0.50277138 0.99299955
vt 0.50277138 0.99299955
vt 0.50277138 0.99299955
vt 0.50277138 0.99299955
vt 0.50277138 0.99299955
vt 0.50277138 0.99299955
vt 0.50277138 0.99299955
vt 0.50687408 0.99323559
vt 0.50687408 0.99323559
vt 0.50687408 0.99323559
vt 0.50687408 0.99323559
vt 0.50687408 0.99323559
vt 0.50687408 0.99323559
vt 0.50687408 0.99323559
vt 0.50687408 0.99323559
vt 0.50687408 0.99323559
vt 0.50687408 0.99323559
vt 0.50687408 0.99323559
vt 0.50687408 0.99323559
vt 0.50687408 0.99323559
vt 0.50687408 0.99323559
vt 0.50687408 0.99323559
vt 0.50687408 0.99323559
vt 0.50687408 0.99323559
vt 0.50687408 0.99323559
vt 0.50687408 0.99323559
vt 0.50687408 0.99323559
vt 0.50687408 0.99323559
vt 0.50687408 0.99323559
vt 0.50687408 0.99323559
vt 0.50687408 0.99323559
vt 0.50687408 0.99323559
vt 0.50687408 0.99323559
vt 0.50687408 0.99323559
vt 0.50687408 0.99323559
vt 0.50687408 0.99323559
vt 0.50687408 0.99323559
vt 0.50687408 0.99323559
vt 0.50687408 0.99323559
vt 0.50687408 0.99323559
vt 0.50687408 0.99323559
vt 0.50687408 0.99323559
vt 0.50687408 0.99323559
vt 0.50687408 0.99323559
vt 0.50687408 0.99323559
vt 0.50687408 0.99323559
vt 0.50687408 0.99323559
vt 0.50671387 0.99321842
vt 0.50671387 0.99321842
vt 0.50671387 0.99321842
vt 0.50671387 0.99321842
vt 0.50671387 0.99321842
vt 0.50671387 0.99321842
vt 0.50671387 0.99321842
vt 0.50671387 0.99321842
vt 0.50675201 0.99299002
vt 0.50675201 0.99299002
vt 0.50675201 0.99299002
vt 0.50675201 0.99299002
vt 0.50675201 0.99299002
vt 0.50675201 0.99299002
vt 0.50675201 0.99299002
vt 0.50675201 0.99299002
vt 0.50675201 0.99299002
vt 0.50675201 0.99299002
vt 0.50675201 0.99299002
vt 0.50675201 0.99299002
vt 0.50675201 0.99299002
vt 0.50675201 0.99299002
vt 0.50675201 0.99299002
vt 0.50675201 0.99299002
vt 0.50675201 0.99299002
vt 0.50675201 0.99299002
vt 0.50675201 0.99299002
vt 0.50675201 0.99299002
vt 0.50675201 0.99299002
vt 0.50675201 0.99299002
vt 0.50675201 0.99299002
vt 0.50675201 0.99299002
vt 0.50675201 0.99299002
vt 0.50675201 0.99299002
vt 0.50675201 0.99299002
vt 0.50675201 0.99299002
vt 0.50675201 0.99299002
vt 0.50675201 0.99299002
vt 0.50675201 0.99299002
vt 0.50675201 0.99299002
vt 0.50675201 0.99299002
vt 0.50675201 0.99299002
vt 0.50675201 0.99299002
vt 0.50675201 0.99299002
vt 0.50675201 0.99299002
vt 0.50675201 0.99299002
vt 0.50675201 0.99299002
vt 0.50675201 0.99299002
vt 0.50675201 0.99299002
vt 0.50675201 0.99299002
vt 0.50675201 0.99299002
vt 0.50675201 0.99299002
vt 0.50675201 0.99299002
vt 0.50675201 0.99299002
vt 0.50675201 0.99299002
vt 0.50675201 0.99299002
vt 0.50675201 0.99299002
vt 0.50675201 0.99299002
vt 0.50675201 0.99299002
vt 0.50675201 0.99299002
vt 0.50675201 0.99299002
vt 0.50675201 0.99299002
vt 0.50675201 0.99299002
vt 0.50675201 0.99299002
vt 0.50675201 0.99299002
vt 0.50675201 0.99299002
vt 0.50675201 0.99299002
vt 0.50675201 0.99299002
vt 0.50693512 0.99322510
vt 0.50693512 0.99322510
vt 0.50693512 0.99322510
vt 0.50693512 0.99322510
vt 0.50693512 0.99322510
vt 0.50693512 0.99322510
vt 0.50693512 0.99322510
vt 0.50693512 0.99322510
vt 0.50693512 0.99322510
vt 0.50693512 0.99322510
vt 0.50693512 0.99322510
vt 0.50693512 0.99322510
vt 0.50693512 0.99322510
vt 0.50693512 0.99322510
vt 0.50693512 0.99322510
vt 0.50693512 0.99322510
vt 0.50693512 0.99322510
vt 0.50693512 0.99322510
vt 0.50693512 0.99322510
vt 0.50693512 0.99322510
vt 0.50693512 0.99322510
vt 0.50693512 0.99322510
vt 0.50693512 0.99322510
vt 0.50693512 0.99322510
vt 0.50693512 0.99322510
vt 0.50693512 0.99322510
vt 0.50693130 0.99310255
vt 0.50693130 0.99310255
vt 0.50693130 0.99310255
vt 0.50693130 0.99310255
vt 0.50693130 0.99310255
vt 0.50693130 0.99310255
vt 0.50693130 0.99310255
vt 0.50693130 0.99310255
vt 0.50693130 0.99310255
vt 0.50693130 0.99310255
vt 0.50693130 0.99310255
vt 0.50693130 0.99310255
vt 0.50693130 0.99310255
vt 0.50693130 0.99310255
vt 0.50693130 0.99310255
vt 0.50693130 0.99310255
vt 0.50693130 0.99310255
vt 0.50693130 0.99310255
vt 0.50693130 0.99310255
vt 0.50693130 0.99310255
vt 0.50693130 0.99310255
vt 0.50693130 0.99310255
vt 0.50693130 0.99310255
vt 0.50693130 0.99310255
vt 0.50693130 0.99310255
vt 0.50693130 0.99310255
vt 0.50671387 0.99321842
vt 0.50671387 0.99321842
vt 0.50671387 0.99321842
vt 0.50671387 0.99321842
vt 0.50671387 0.99321842
vt 0.50671387 0.99321842
vt 0.50671387 0.99321842
vt 0.50671387 0.99321842
vt 0.50671387 0.99321842
vt 0.50671387 0.99321842
vt 0.50671387 0.99321842
vt 0.50671387 0.99321842
vt 0.50671387 0.99321842
vt 0.50671387 0.99321842
vt 0.50671387 0.99321842
vt 0.50671387 0.99321842
vt 0.43911743 0.99669266
vt 0.44067383 0.99631500
vt 0.45028687 0.99631500
vt 0.44873047 0.99669266
vt 0.43911743 0.99744797
vt 0.45989990 0.99631500
vt 0.44873047 0.99744797
vt 0.44067383 0.99782562
vt 0.45028687 0.99782562
vt 0.45834351 0.99744797
vt 0.45989990 0.99782562
vt 0.45834351 0.99669266
vt 0.46949768 0.99631500
vt 0.46792603 0.99744797
vt 0.46949768 0.99782562
vt 0.46792603 0.99669266
vt 0.47911072 0.99631500
vt 0.47753906 0.99744797
vt 0.47911072 0.99782562
vt 0.47753906 0.99669266
vt 0.48871613 0.99631500
vt 0.48715210 0.99744797
vt 0.48871613 0.99782562
vt 0.48715210 0.99669266
vt 0.49831963 0.99631500
vt 0.49675751 0.99744797
vt 0.49832058 0.99782562
vt 0.49675751 0.99669266
vt 0.50792694 0.99631500
vt 0.50636292 0.99744797
vt 0.50792694 0.99782562
vt 0.50636292 0.99669266
vt 0.51753235 0.99631500
vt 0.51597595 0.99744797
vt 0.51753235 0.99782562
vt 0.51597595 0.99669266
vt 0.52714539 0.99631500
vt 0.52557373 0.99744797
vt 0.52714539 0.99782562
vt 0.52557373 0.99669266
vt 0.53674316 0.99631500
vt 0.53518677 0.99744797
vt 0.53674316 0.99782562
vt 0.53518677 0.99669266
vt 0.54635620 0.99631500
vt 0.54479980 0.99744797
vt 0.54635620 0.99782562
vt 0.54479980 0.99669266
vt 0.55596924 0.99631500
vt 0.55441284 0.99744797
vt 0.55596924 0.99782562
vt 0.55441284 0.99669266
vt 0.56555176 0.99631500
vt 0.56402588 0.99669266
vt 0.56402588 0.99744797
vt 0.56555176 0.99782562
vt 0.45108032 0.99860001
vt 0.44146729 0.99860001
vt 0.44067383 0.99782562
vt 0.45028687 0.99782562
vt 0.46066284 0.99860001
vt 0.45989990 0.99782562
vt 0.44146729 0.99553871
vt 0.45028687 0.99631500
vt 0.44067383 0.99631500
vt 0.45108032 0.99553871
vt 0.45989990 0.99631500
vt 0.46066284 0.99553871
vt 0.46949768 0.99631500
vt 0.47027588 0.99553871
vt 0.47911072 0.99631500
vt 0.47988892 0.99553871
vt 0.48871613 0.99631500
vt 0.48949432 0.99553871
vt 0.49831963 0.99631500
vt 0.49910116 0.99553871
vt 0.50792694 0.99631500
vt 0.50870514 0.99553871
vt 0.51753235 0.99631500
vt 0.51831055 0.99553871
vt 0.52714539 0.99631500
vt 0.52792358 0.99553871
vt 0.53674316 0.99631500
vt 0.53753662 0.99553871
vt 0.54635620 0.99631500
vt 0.54714966 0.99553871
vt 0.55596924 0.99631500
vt 0.55673218 0.99553871
vt 0.56555176 0.99631500
vt 0.56634521 0.99553871
vt 0.47027588 0.99860001
vt 0.46066284 0.99860001
vt 0.45989990 0.99782562
vt 0.46949768 0.99782562
vt 0.47988892 0.99860001
vt 0.47911072 0.99782562
vt 0.48949432 0.99860001
vt 0.48871613 0.99782562
vt 0.49910116 0.99860001
vt 0.49832058 0.99782562
vt 0.50870514 0.99860001
vt 0.50792694 0.99782562
vt 0.51831055 0.99860001
vt 0.51753235 0.99782562
vt 0.52792358 0.99860001
vt 0.51831055 0.99860001
vt 0.51753235 0.99782562
vt 0.52714539 0.99782562
vt 0.53753662 0.99860001
vt 0.53674316 0.99782562
vt 0.54714966 0.99860001
vt 0.53753662 0.99860001
vt 0.53674316 0.99782562
vt 0.54635620 0.99782562
vt 0.55673218 0.99860001
vt 0.54714966 0.99860001
vt 0.54635620 0.99782562
vt 0.55596924 0.99782562
vt 0.56634521 0.99860001
vt 0.56555176 0.99782562
vt 0.50486374 0.99330330
vt 0.50486374 0.99330330
vt 0.50486374 0.99330330
vt 0.50486374 0.99330330
vt 0.50486374 0.99330330
vt 0.50486374 0.99330330
vt 0.50486374 0.99330330
vt 0.50486374 0.99330330
vt 0.50486374 0.99330330
vt 0.50486374 0.99330330
vt 0.50486374 0.99330330
vt 0.50486374 0.99330330
vt 0.50486374 0.99330330
vt 0.50486374 0.99330330
vt 0.50486374 0.99330330
vt 0.50486374 0.99330330
vt 0.50486374 0.99330330
vt 0.50486374 0.99330330
vt 0.50486374 0.99330330
vt 0.50486374 0.99330330
vt 0.50486374 0.99330330
vt 0.50486374 0.99330330
vt 0.50486374 0.99330330
vt 0.50486374 0.99330330
vt 0.50486374 0.99330330
vt 0.50486374 0.99330330
vt 0.50277138 0.99299955
vt 0.50277138 0.99299955
vt 0.50277138 0.99299955
vt 0.50277138 0.99299955
vt 0.50277138 0.99299955
vt 0.50277138 0.99299955
vt 0.50277138 0.99299955
vt 0.50277138 0.99299955
vt 0.50277138 0.99299955
vt 0.50277138 0.99299955
vt 0.50277138 0.99299955
vt 0.50277138 0.99299955
vt 0.50687408 0.99323559
vt 0.50687408 0.99323559
vt 0.50687408 0.99323559
vt 0.50687408 0.99323559
vt 0.50687408 0.99323559
vt 0.50687408 0.99323559
vt 0.50687408 0.99323559
vt 0.50687408 0.99323559
vt 0.50687408 0.99323559
vt 0.50687408 0.99323559
vt 0.50687408 0.99323559
vt 0.50687408 0.99323559
vt 0.50687408 0.99323559
vt 0.50687408 0.99323559
vt 0.50687408 0.99323559
vt 0.50687408 0.99323559
vt 0.50687408 0.99323559
vt 0.50687408 0.99323559
vt 0.50687408 0.99323559
vt 0.50687408 0.99323559
vt 0.50687408 0.99323559
vt 0.50687408 0.99323559
vt 0.50687408 0.99323559
vt 0.50687408 0.99323559
vt 0.50687408 0.99323559
vt 0.50687408 0.99323559
vt 0.50687408 0.99323559
vt 0.50687408 0.99323559
vt 0.50687408 0.99323559
vt 0.50687408 0.99323559
vt 0.50687408 0.99323559
vt 0.50687408 0.99323559
vt 0.50687408 0.99323559
vt 0.50687408 0.99323559
vt 0.50687408 0.99323559
vt 0.50687408 0.99323559
vt 0.50687408 0.99323559
vt 0.50687408 0.99323559
vt 0.50687408 0.99323559
vt 0.50687408 0.99323559
vt 0.50687408 0.99323559
vt 0.50687408 0.99323559
vt 0.50687408 0.99323559
vt 0.50687408 0.99323559
vt 0.50687408 0.99323559
vt 0.50687408 0.99323559
vt 0.50687408 0.99323559
vt 0.50277138 0.99299955
vt 0.50277138 0.99299955
vt 0.50277138 0.99299955
vt 0.50277138 0.99299955
vt 0.50277138 0.99299955
vt 0.50277138 0.99299955
vt 0.50277138 0.99299955
vt 0.50277138 0.99299955
vt 0.50277138 0.99299955
vt 0.50277138 0.99299955
vt 0.50277138 0.99299955
vt 0.50277138 0.99299955
vt 0.50277138 0.99299955
vt 0.50277138 0.99299955
vt 0.50277138 0.99299955
vt 0.50277138 0.99299955
vt 0.50277138 0.99299955
vt 0.50277138 0.99299955
vt 0.50687408 0.99323559
vt 0.50687408 0.99323559
vt 0.50687408 0.99323559
vt 0.50687408 0.99323559
vt 0.50687408 0.99323559
vt 0.50687408 0.99323559
vt 0.50687408 0.99323559
vt 0.50687408 0.99323559
vt 0.50687408 0.99323559
vt 0.50687408 0.99323559
vt 0.50687408 0.99323559
vt 0.50687408 0.99323559
vt 0.50687408 0.99323559
vt 0.50687408 0.99323559
vt 0.50687408 0.99323559
vt 0.50687408 0.99323559
vt 0.50687408 0.99323559
vt 0.50687408 0.99323559
vt 0.50687408 0.99323559
vt 0.50687408 0.99323559
vt 0.50687408 0.99323559
vt 0.50687408 0.99323559
vt 0.50687408 0.99323559
vt 0.50687408 0.99323559
vt 0.50687408 0.99323559
vt 0.50687408 0.99323559
vt 0.50687408 0.99323559
vt 0.50687408 0.99323559
vt 0.50687408 0.99323559
vt 0.50687408 0.99323559
vt 0.50687408 0.99323559
vt 0.50687408 0.99323559
vt 0.50687408 0.99323559
vt 0.50687408 0.99323559
vt 0.50687408 0.99323559
vt 0.50687408 0.99323559
vt 0.50687408 0.99323559
vt 0.50687408 0.99323559
vt 0.50687408 0.99323559
vt 0.50687408 0.99323559
vt 0.50671387 0.99321842
vt 0.50671387 0.99321842
vt 0.50671387 0.99321842
vt 0.50671387 0.99321842
vt 0.50671387 0.99321842
vt 0.50671387 0.99321842
vt 0.50671387 0.99321842
vt 0.50671387 0.99321842
vt 0.50675201 0.99299002
vt 0.50675201 0.99299002
vt 0.50675201 0.99299002
vt 0.50675201 0.99299002
vt 0.50675201 0.99299002
vt 0.50675201 0.99299002
vt 0.50675201 0.99299002
vt 0.50675201 0.99299002
vt 0.50675201 0.99299002
vt 0.50675201 0.99299002
vt 0.50675201 0.99299002
vt 0.50675201 0.99299002
vt 0.50675201 0.99299002
vt 0.50675201 0.99299002
vt 0.50675201 0.99299002
vt 0.50675201 0.99299002
vt 0.50675201 0.99299002
vt 0.50675201 0.99299002
vt 0.50675201 0.99299002
vt 0.50675201 0.99299002
vt 0.50675201 0.99299002
vt 0.50675201 0.99299002
vt 0.50675201 0.99299002
vt 0.50675201 0.99299002
vt 0.50675201 0.99299002
vt 0.50675201 0.99299002
vt 0.50675201 0.99299002
vt 0.50675201 0.99299002
vt 0.50675201 0.99299002
vt 0.50675201 0.99299002
vt 0.50675201 0.99299002
vt 0.50675201 0.99299002
vt 0.50675201 0.99299002
vt 0.50675201 0.99299002
vt 0.50675201 0.99299002
vt 0.50675201 0.99299002
vt 0.50675201 0.99299002
vt 0.50675201 0.99299002
vt 0.50675201 0.99299002
vt 0.50675201 0.99299002
vt 0.50675201 0.99299002
vt 0.50675201 0.99299002
vt 0.50675201 0.99299002
vt 0.50675201 0.99299002
vt 0.50675201 0.99299002
vt 0.50675201 0.99299002
vt 0.50675201 0.99299002
vt 0.50675201 0.99299002
vt 0.50675201 0.99299002
vt 0.50675201 0.99299002
vt 0.50675201 0.99299002
vt 0.50675201 0.99299002
vt 0.50675201 0.99299002
vt 0.50675201 0.99299002
vt 0.50675201 0.99299002
vt 0.50675201 0.99299002
vt 0.50675201 0.99299002
vt 0.50675201 0.99299002
vt 0.50675201 0.99299002
vt 0.50675201 0.99299002
vt 0.50693512 0.99322510
vt 0.50693512 0.99322510
vt 0.50693512 0.99322510
vt 0.50693512 0.99322510
vt 0.50693512 0.99322510
vt 0.50693512 0.99322510
vt 0.50693512 0.99322510
vt 0.50693512 0.99322510
vt 0.50693512 0.99322510
vt 0.50693512 0.99322510
vt 0.50693512 0.99322510
vt 0.50693512 0.99322510
vt 0.50693512 0.99322510
vt 0.50693512 0.99322510
vt 0.50693512 0.99322510
vt 0.50693512 0.99322510
vt 0.50693512 0.99322510
vt 0.50693512 0.99322510
vt 0.50693512 0.99322510
vt 0.50693512 0.99322510
vt 0.50693512 0.99322510
vt 0.50693512 0.99322510
vt 0.50693512 0.99322510
vt 0.50693512 0.99322510
vt 0.50693512 0.99322510
vt 0.50693512 0.99322510
vt 0.50693130 0.99310255
vt 0.50693130 0.99310255
vt 0.50693130 0.99310255
vt 0.50693130 0.99310255
vt 0.50693130 0.99310255
vt 0.50693130 0.99310255
vt 0.50693130 0.99310255
vt 0.50693130 0.99310255
vt 0.50693130 0.99310255
vt 0.50693130 0.99310255
vt 0.50693130 0.99310255
vt 0.50693130 0.99310255
vt 0.50693130 0.99310255
vt 0.50693130 0.99310255
vt 0.50693130 0.99310255
vt 0.50693130 0.99310255
vt 0.50693130 0.99310255
vt 0.50693130 0.99310255
vt 0.50693130 0.99310255
vt 0.50693130 0.99310255
vt 0.50693130 0.99310255
vt 0.50693130 0.99310255
vt 0.50693130 0.99310255
vt 0.50693130 0.99310255
vt 0.50693130 0.99310255
vt 0.50693130 0.99310255
vt 0.50671387 0.99321842
vt 0.50671387 0.99321842
vt 0.50671387 0.99321842
vt 0.50671387 0.99321842
vt 0.50671387 0.99321842
vt 0.50671387 0.99321842
vt 0.50671387 0.99321842
vt 0.50671387 0.99321842
vt 0.50671387 0.99321842
vt 0.50671387 0.99321842
vt 0.50671387 0.99321842
vt 0.50671387 0.99321842
vt 0.50671387 0.99321842
vt 0.50671387 0.99321842
vt 0.50671387 0.99321842
vt 0.50671387 0.99321842
vt 0.43911743 0.99669266
vt 0.44067383 0.99631500
vt 0.45028687 0.99631500
vt 0.44873047 0.99669266
vt 0.43911743 0.99744797
vt 0.45989990 0.99631500
vt 0.44873047 0.99744797
vt 0.44067383 0.99782562
vt 0.45028687 0.99782562
vt 0.45834351 0.99744797
vt 0.45989990 0.99782562
vt 0.45834351 0.99669266
vt 0.46949768 0.99631500
vt 0.46792603 0.99744797
vt 0.46949768 0.99782562
vt 0.46792603 0.99669266
vt 0.47911072 0.99631500
vt 0.47753906 0.99744797
vt 0.47911072 0.99782562
vt 0.47753906 0.99669266
vt 0.48871613 0.99631500
vt 0.48715210 0.99744797
vt 0.48871613 0.99782562
vt 0.48715210 0.99669266
vt 0.49831963 0.99631500
vt 0.49675751 0.99744797
vt 0.49832058 0.99782562
vt 0.49675751 0.99669266
vt 0.50792694 0.99631500
vt 0.50636292 0.99744797
vt 0.50792694 0.99782562
vt 0.50636292 0.99669266
vt 0.51753235 0.99631500
vt 0.51597595 0.99744797
vt 0.51753235 0.99782562
vt 0.51597595 0.99669266
vt 0.52714539 0.99631500
vt 0.52557373 0.99744797
vt 0.52714539 0.99782562
vt 0.52557373 0.99669266
vt 0.53674316 0.99631500
vt 0.53518677 0.99744797
vt 0.53674316 0.99782562
vt 0.53518677 0.99669266
vt 0.54635620 0.99631500
vt 0.54479980 0.99744797
vt 0.54635620 0.99782562
vt 0.54479980 0.99669266
vt 0.55596924 0.99631500
vt 0.55441284 0.99744797
vt 0.55596924 0.99782562
vt 0.55441284 0.99669266
vt 0.56555176 0.99631500
vt 0.56402588 0.99669266
vt 0.56402588 0.99744797
vt 0.56555176 0.99782562
vt 0.45108032 0.99860001
vt 0.44146729 0.99860001
vt 0.44067383 0.99782562
vt 0.45028687 0.99782562
vt 0.46066284 0.99860001
vt 0.45989990 0.99782562
vt 0.44146729 0.99553871
vt 0.45028687 0.99631500
vt 0.44067383 0.99631500
vt 0.45108032 0.99553871
vt 0.45989990 0.99631500
vt 0.46066284 0.99553871
vt 0.46949768 0.99631500
vt 0.47027588 0.99553871
vt 0.47911072 0.99631500
vt 0.47988892 0.99553871
vt 0.48871613 0.99631500
vt 0.48949432 0.99553871
vt 0.49831963 0.99631500
vt 0.49910116 0.99553871
vt 0.50792694 0.99631500
vt 0.50870514 0.99553871
vt 0.51753235 0.99631500
vt 0.51831055 0.99553871
vt 0.52714539 0.99631500
vt 0.52792358 0.99553871
vt 0.53674316 0.99631500
vt 0.53753662 0.99553871
vt 0.54635620 0.99631500
vt 0.54714966 0.99553871
vt 0.55596924 0.99631500
vt 0.55673218 0.99553871
vt 0.56555176 0.99631500
vt 0.56634521 0.99553871
vt 0.47027588 0.99860001
vt 0.46066284 0.99860001
vt 0.45989990 0.99782562
vt 0.46949768 0.99782562
vt 0.47988892 0.99860001
vt 0.47911072 0.99782562
vt 0.48949432 0.99860001
vt 0.48871613 0.99782562
vt 0.49910116 0.99860001
vt 0.49832058 0.99782562
vt 0.50870514 0.99860001
vt 0.50792694 0.99782562
vt 0.51831055 0.99860001
vt 0.51753235 0.99782562
vt 0.52792358 0.99860001
vt 0.51831055 0.99860001
vt 0.51753235 0.99782562
vt 0.52714539 0.99782562
vt 0.53753662 0.99860001
vt 0.53674316 0.99782562
vt 0.54714966 0.99860001
vt 0.53753662 0.99860001
vt 0.53674316 0.99782562
vt 0.54635620 0.99782562
vt 0.55673218 0.99860001
vt 0.54714966 0.99860001
vt 0.54635620 0.99782562
vt 0.55596924 0.99782562
vt 0.56634521 0.99860001
vt 0.56555176 0.99782562
vt 0.50486374 0.99330330
vt 0.50486374 0.99330330
vt 0.50486374 0.99330330
vt 0.50486374 0.99330330
vt 0.50486374 0.99330330
vt 0.50486374 0.99330330
vt 0.50486374 0.99330330
vt 0.50486374 0.99330330
vt 0.50486374 0.99330330
vt 0.50486374 0.99330330
vt 0.50486374 0.99330330
vt 0.50486374 0.99330330
vt 0.50486374 0.99330330
vt 0.50486374 0.99330330
vt 0.50486374 0.99330330
vt 0.50486374 0.99330330
vt 0.50486374 0.99330330
vt 0.50486374 0.99330330
vt 0.50486374 0.99330330
vt 0.50486374 0.99330330
vt 0.50486374 0.99330330
vt 0.50486374 0.99330330
vt 0.50486374 0.99330330
vt 0.50486374 0.99330330
vt 0.50486374 0.99330330
vt 0.50486374 0.99330330
vt 0.50277138 0.99299955
vt 0.50277138 0.99299955
vt 0.50277138 0.99299955
vt 0.50277138 0.99299955
vt 0.50277138 0.99299955
vt 0.50277138 0.99299955
vt 0.50277138 0.99299955
vt 0.50277138 0.99299955
vt 0.50277138 0.99299955
vt 0.50277138 0.99299955
vt 0.50277138 0.99299955
vt 0.50277138 0.99299955
vt 0.50687408 0.99323559
vt 0.50687408 0.99323559
vt 0.50687408 0.99323559
vt 0.50687408 0.99323559
vt 0.50687408 0.99323559
vt 0.50687408 0.99323559
vt 0.50687408 0.99323559
vt 0.50687408 0.99323559
vt 0.50687408 0.99323559
vt 0.50687408 0.99323559
vt 0.50687408 0.99323559
vt 0.50687408 0.99323559
vt 0.50687408 0.99323559
vt 0.50687408 0.99323559
vt 0.50687408 0.99323559
vt 0.50687408 0.99323559
vt 0.50687408 0.99323559
vt 0.50687408 0.99323559
vt 0.50687408 0.99323559
vt 0.50687408 0.99323559
vt 0.50687408 0.99323559
vt 0.50687408 0.99323559
vt 0.50687408 0.99323559
vt 0.50687408 0.99323559
vt 0.50687408 0.99323559
vt 0.50687408 0.99323559
vt 0.50687408 0.99323559
vt 0.50687408 0.99323559
vt 0.50687408 0.99323559
vt 0.50687408 0.99323559
vt 0.50687408 0.99323559
vt 0.50687408 0.99323559
vt 0.50687408 0.99323559
vt 0.50687408 0.99323559
vt 0.50687408 0.99323559
vt 0.50687408 0.99323559
vt 0.50687408 0.99323559
vt 0.50687408 0.99323559
vt 0.50687408 0.99323559
vt 0.50687408 0.99323559
vt 0.50687408 0.99323559
vt 0.50687408 0.99323559
vt 0.50687408 0.99323559
vt 0.50687408 0.99323559
vt 0.50687408 0.99323559
vt 0.50687408 0.99323559
vt 0.50687408 0.99323559
vt 0.50277138 0.99299955
vt 0.50277138 0.99299955
vt 0.50277138 0.99299955
vt 0.50277138 0.99299955
vt 0.50277138 0.99299955
vt 0.50277138 0.99299955
vt 0.50277138 0.99299955
vt 0.50277138 0.99299955
vt 0.50277138 0.99299955
vt 0.50277138 0.99299955
vt 0.50277138 0.99299955
vt 0.50277138 0.99299955
vt 0.50277138 0.99299955
vt 0.50277138 0.99299955
vt 0.50277138 0.99299955
vt 0.50277138 0.99299955
vt 0.50277138 0.99299955
vt 0.50277138 0.99299955
vt 0.50687408 0.99323559
vt 0.50687408 0.99323559
vt 0.50687408 0.99323559
vt 0.50687408 0.99323559
vt 0.50687408 0.99323559
vt 0.50687408 0.99323559
vt 0.50687408 0.99323559
vt 0.50687408 0.99323559
vt 0.50687408 0.99323559
vt 0.50687408 0.99323559
vt 0.50687408 0.99323559
vt 0.50687408 0.99323559
vt 0.50687408 0.99323559
vt 0.50687408 0.99323559
vt 0.50687408 0.99323559
vt 0.50687408 0.99323559
vt 0.50687408 0.99323559
vt 0.50687408 0.99323559
vt 0.50687408 0.99323559
vt 0.50687408 0.99323559
vt 0.50687408 0.99323559
vt 0.50687408 0.99323559
vt 0.50687408 0.99323559
vt 0.50687408 0.99323559
vt 0.50687408 0.99323559
vt 0.50687408 0.99323559
vt 0.50687408 0.99323559
vt 0.50687408 0.99323559
vt 0.50687408 0.99323559
vt 0.50687408 0.99323559
vt 0.50687408 0.99323559
vt 0.50687408 0.99323559
vt 0.50687408 0.99323559
vt 0.50687408 0.99323559
vt 0.50687408 0.99323559
vt 0.50687408 0.99323559
vt 0.50687408 0.99323559
vt 0.50687408 0.99323559
vt 0.50687408 0.99323559
vt 0.50687408 0.99323559
vt 0.50671387 0.99321842
vt 0.50671387 0.99321842
vt 0.50671387 0.99321842
vt 0.50671387 0.99321842
vt 0.50671387 0.99321842
vt 0.50671387 0.99321842
vt 0.50671387 0.99321842
vt 0.50671387 0.99321842
vt 0.50675201 0.99299002
vt 0.50675201 0.99299002
vt 0.50675201 0.99299002
vt 0.50675201 0.99299002
vt 0.50675201 0.99299002
vt 0.50675201 0.99299002
vt 0.50675201 0.99299002
vt 0.50675201 0.99299002
vt 0.50675201 0.99299002
vt 0.50675201 0.99299002
vt 0.50675201 0.99299002
vt 0.50675201 0.99299002
vt 0.50675201 0.99299002
vt 0.50675201 0.99299002
vt 0.50675201 0.99299002
vt 0.50675201 0.99299002
vt 0.50675201 0.99299002
vt 0.50675201 0.99299002
vt 0.50675201 0.99299002
vt 0.50675201 0.99299002
vt 0.50675201 0.99299002
vt 0.50675201 0.99299002
vt 0.50675201 0.99299002
vt 0.50675201 0.99299002
vt 0.50675201 0.99299002
vt 0.50675201 0.99299002
vt 0.50675201 0.99299002
vt 0.50675201 0.99299002
vt 0.50675201 0.99299002
vt 0.50675201 0.99299002
vt 0.50675201 0.99299002
vt 0.50675201 0.99299002
vt 0.50675201 0.99299002
vt 0.50675201 0.99299002
vt 0.50675201 0.99299002
vt 0.50675201 0.99299002
vt 0.50675201 0.99299002
vt 0.50675201 0.99299002
vt 0.50675201 0.99299002
vt 0.50675201 0.99299002
vt 0.50675201 0.99299002
vt 0.50675201 0.99299002
vt 0.50675201 0.99299002
vt 0.50675201 0.99299002
vt 0.50675201 0.99299002
vt 0.50675201 0.99299002
vt 0.50675201 0.99299002
vt 0.50675201 0.99299002
vt 0.50675201 0.99299002
vt 0.50675201 0.99299002
vt 0.50675201 0.99299002
vt 0.50675201 0.99299002
vt 0.50675201 0.99299002
vt 0.50675201 0.99299002
vt 0.50675201 0.99299002
vt 0.50675201 0.99299002
vt 0.50675201 0.99299002
vt 0.50675201 0.99299002
vt 0.50675201 0.99299002
vt 0.50675201 0.99299002
vt 0.50693512 0.99322510
vt 0.50693512 0.99322510
vt 0.50693512 0.99322510
vt 0.50693512 0.99322510
vt 0.50693512 0.99322510
vt 0.50693512 0.99322510
vt 0.50693512 0.99322510
vt 0.50693512 0.99322510
vt 0.50693512 0.99322510
vt 0.50693512 0.99322510
vt 0.50693512 0.99322510
vt 0.50693512 0.99322510
vt 0.50693512 0.99322510
vt 0.50693512 0.99322510
vt 0.50693512 0.99322510
vt 0.50693512 0.99322510
vt 0.50693512 0.99322510
vt 0.50693512 0.99322510
vt 0.50693512 0.99322510
vt 0.50693512 0.99322510
vt 0.50693512 0.99322510
vt 0.50693512 0.99322510
vt 0.50693512 0.99322510
vt 0.50693512 0.99322510
vt 0.50693512 0.99322510
vt 0.50693512 0.99322510
vt 0.50693130 0.99310255
vt 0.50693130 0.99310255
vt 0.50693130 0.99310255
vt 0.50693130 0.99310255
vt 0.50693130 0.99310255
vt 0.50693130 0.99310255
vt 0.50693130 0.99310255
vt 0.50693130 0.99310255
vt 0.50693130 0.99310255
vt 0.50693130 0.99310255
vt 0.50693130 0.99310255
vt 0.50693130 0.99310255
vt 0.50693130 0.99310255
vt 0.50693130 0.99310255
vt 0.50693130 0.99310255
vt 0.50693130 0.99310255
vt 0.50693130 0.99310255
vt 0.50693130 0.99310255
vt 0.50693130 0.99310255
vt 0.50693130 0.99310255
vt 0.50693130 0.99310255
vt 0.50693130 0.99310255
vt 0.50693130 0.99310255
vt 0.50693130 0.99310255
vt 0.50693130 0.99310255
vt 0.50693130 0.99310255
vt 0.50671387 0.99321842
vt 0.50671387 0.99321842
vt 0.50671387 0.99321842
vt 0.50671387 0.99321842
vt 0.50671387 0.99321842
vt 0.50671387 0.99321842
vt 0.50671387 0.99321842
vt 0.50671387 0.99321842
vt 0.50671387 0.99321842
vt 0.50671387 0.99321842
vt 0.50671387 0.99321842
vt 0.50671387 0.99321842
vt 0.50671387 0.99321842
vt 0.50671387 0.99321842
vt 0.50671387 0.99321842
vt 0.50671387 0.99321842
vt 0.43911743 0.99669266
vt 0.44067383 0.99631500
vt 0.45028687 0.99631500
vt 0.44873047 0.99669266
vt 0.43911743 0.99744797
vt 0.45989990 0.99631500
vt 0.44873047 0.99744797
vt 0.44067383 0.99782562
vt 0.45028687 0.99782562
vt 0.45834351 0.99744797
vt 0.45989990 0.99782562
vt 0.45834351 0.99669266
vt 0.46949768 0.99631500
vt 0.46792603 0.99744797
vt 0.46949768 0.99782562
vt 0.46792603 0.99669266
vt 0.47911072 0.99631500
vt 0.47753906 0.99744797
vt 0.47911072 0.99782562
vt 0.47753906 0.99669266
vt 0.48871613 0.99631500
vt 0.48715210 0.99744797
vt 0.48871613 0.99782562
vt 0.48715210 0.99669266
vt 0.49831963 0.99631500
vt 0.49675751 0.99744797
vt 0.49832058 0.99782562
vt 0.49675751 0.99669266
vt 0.50792694 0.99631500
vt 0.50636292 0.99744797
vt 0.50792694 0.99782562
vt 0.50636292 0.99669266
vt 0.51753235 0.99631500
vt 0.51597595 0.99744797
vt 0.51753235 0.99782562
vt 0.51597595 0.99669266
vt 0.52714539 0.99631500
vt 0.52557373 0.99744797
vt 0.52714539 0.99782562
vt 0.52557373 0.99669266
vt 0.53674316 0.99631500
vt 0.53518677 0.99744797
vt 0.53674316 0.99782562
vt 0.53518677 0.99669266
vt 0.54635620 0.99631500
vt 0.54479980 0.99744797
vt 0.54635620 0.99782562
vt 0.54479980 0.99669266
vt 0.55596924 0.99631500
vt 0.55441284 0.99744797
vt 0.55596924 0.99782562
vt 0.55441284 0.99669266
vt 0.56555176 0.99631500
vt 0.56402588 0.99669266
vt 0.56402588 0.99744797
vt 0.56555176 0.99782562
vt 0.45108032 0.99860001
vt 0.44146729 0.99860001
vt 0.44067383 0.99782562
vt 0.45028687 0.99782562
vt 0.46066284 0.99860001
vt 0.45989990 0.99782562
vt 0.44146729 0.99553871
vt 0.45028687 0.99631500
vt 0.44067383 0.99631500
vt 0.45108032 0.99553871
vt 0.45989990 0.99631500
vt 0.46066284 0.99553871
vt 0.46949768 0.99631500
vt 0.47027588 0.99553871
vt 0.47911072 0.99631500
vt 0.47988892 0.99553871
vt 0.48871613 0.99631500
vt 0.48949432 0.99553871
vt 0.49831963 0.99631500
vt 0.49910116 0.99553871
vt 0.50792694 0.99631500
vt 0.50870514 0.99553871
vt 0.51753235 0.99631500
vt 0.51831055 0.99553871
vt 0.52714539 0.99631500
vt 0.52792358 0.99553871
vt 0.53674316 0.99631500
vt 0.53753662 0.99553871
vt 0.54635620 0.99631500
vt 0.54714966 0.99553871
vt 0.55596924 0.99631500
vt 0.55673218 0.99553871
vt 0.56555176 0.99631500
vt 0.56634521 0.99553871
vt 0.47027588 0.99860001
vt 0.46066284 0.99860001
vt 0.45989990 0.99782562
vt 0.46949768 0.99782562
vt 0.47988892 0.99860001
vt 0.47911072 0.99782562
vt 0.48949432 0.99860001
vt 0.48871613 0.99782562
vt 0.49910116 0.99860001
vt 0.49832058 0.99782562
vt 0.50870514 0.99860001
vt 0.50792694 0.99782562
vt 0.51831055 0.99860001
vt 0.51753235 0.99782562
vt 0.52792358 0.99860001
vt 0.51831055 0.99860001
vt 0.51753235 0.99782562
vt 0.52714539 0.99782562
vt 0.53753662 0.99860001
vt 0.53674316 0.99782562
vt 0.54714966 0.99860001
vt 0.53753662 0.99860001
vt 0.53674316 0.99782562
vt 0.54635620 0.99782562
vt 0.55673218 0.99860001
vt 0.54714966 0.99860001
vt 0.54635620 0.99782562
vt 0.55596924 0.99782562
vt 0.56634521 0.99860001
vt 0.56555176 0.99782562
vt 0.50486374 0.99330330
vt 0.50486374 0.99330330
vt 0.50486374 0.99330330
vt 0.50486374 0.99330330
vt 0.50486374 0.99330330
vt 0.50486374 0.99330330
vt 0.50486374 0.99330330
vt 0.50486374 0.99330330
vt 0.50486374 0.99330330
vt 0.50486374 0.99330330
vt 0.50486374 0.99330330
vt 0.50486374 0.99330330
vt 0.50486374 0.99330330
vt 0.50486374 0.99330330
vt 0.50486374 0.99330330
vt 0.50486374 0.99330330
vt 0.50486374 0.99330330
vt 0.50486374 0.99330330
vt 0.50486374 0.99330330
vt 0.50486374 0.99330330
vt 0.50486374 0.99330330
vt 0.50486374 0.99330330
vt 0.50486374 0.99330330
vt 0.50486374 0.99330330
vt 0.50486374 0.99330330
vt 0.50486374 0.99330330
vt 0.50277138 0.99299955
vt 0.50277138 0.99299955
vt 0.50277138 0.99299955
vt 0.50277138 0.99299955
vt 0.50277138 0.99299955
vt 0.50277138 0.99299955
vt 0.50277138 0.99299955
vt 0.50277138 0.99299955
vt 0.50277138 0.99299955
vt 0.50277138 0.99299955
vt 0.50277138 0.99299955
vt 0.50277138 0.99299955
vt 0.50687408 0.99323559
vt 0.50687408 0.99323559
vt 0.50687408 0.99323559
vt 0.50687408 0.99323559
vt 0.50687408 0.99323559
vt 0.50687408 0.99323559
vt 0.50687408 0.99323559
vt 0.50687408 0.99323559
vt 0.50687408 0.99323559
vt 0.50687408 0.99323559
vt 0.50687408 0.99323559
vt 0.50687408 0.99323559
vt 0.50687408 0.99323559
vt 0.50687408 0.99323559
vt 0.50687408 0.99323559
vt 0.50687408 0.99323559
vt 0.50687408 0.99323559
vt 0.50687408 0.99323559
vt 0.50687408 0.99323559
vt 0.50687408 0.99323559
vt 0.50687408 0.99323559
vt 0.50687408 0.99323559
vt 0.50687408 0.99323559
vt 0.50687408 0.99323559
vt 0.50687408 0.99323559
vt 0.50687408 0.99323559
vt 0.50687408 0.99323559
vt 0.50687408 0.99323559
vt 0.50687408 0.99323559
vt 0.50687408 0.99323559
vt 0.50687408 0.99323559
vt 0.50687408 0.99323559
vt 0.50687408 0.99323559
vt 0.50687408 0.99323559
vt 0.50687408 0.99323559
vt 0.50687408 0.99323559
vt 0.50687408 0.99323559
vt 0.50687408 0.99323559
vt 0.50687408 0.99323559
vt 0.50687408 0.99323559
vt 0.50687408 0.99323559
vt 0.50687408 0.99323559
vt 0.50687408 0.99323559
vt 0.50687408 0.99323559
vt 0.50687408 0.99323559
vt 0.50687408 0.99323559
vt 0.50687408 0.99323559
vt 0.50277138 0.99299955
vt 0.50277138 0.99299955
vt 0.50277138 0.99299955
vt 0.50277138 0.99299955
vt 0.50277138 0.99299955
vt 0.50277138 0.99299955
vt 0.50277138 0.99299955
vt 0.50277138 0.99299955
vt 0.50277138 0.99299955
vt 0.50277138 0.99299955
vt 0.50277138 0.99299955
vt 0.50277138 0.99299955
vt 0.50277138 0.99299955
vt 0.50277138 0.99299955
vt 0.50277138 0.99299955
vt 0.50277138 0.99299955
vt 0.50277138 0.99299955
vt 0.50277138 0.99299955
vt 0.50687408 0.99323559
vt 0.50687408 0.99323559
vt 0.50687408 0.99323559
vt 0.50687408 0.99323559
vt 0.50687408 0.99323559
vt 0.50687408 0.99323559
vt 0.50687408 0.99323559
vt 0.50687408 0.99323559
vt 0.50687408 0.99323559
vt 0.50687408 0.99323559
vt 0.50687408 0.99323559
vt 0.50687408 0.99323559
vt 0.50687408 0.99323559
vt 0.50687408 0.99323559
vt 0.50687408 0.99323559
vt 0.50687408 0.99323559
vt 0.50687408 0.99323559
vt 0.50687408 0.99323559
vt 0.50687408 0.99323559
vt 0.50687408 0.99323559
vt 0.50687408 0.99323559
vt 0.50687408 0.99323559
vt 0.50687408 0.99323559
vt 0.50687408 0.99323559
vt 0.50687408 0.99323559
vt 0.50687408 0.99323559
vt 0.50687408 0.99323559
vt 0.50687408 0.99323559
vt 0.50687408 0.99323559
vt 0.50687408 0.99323559
vt 0.50687408 0.99323559
vt 0.50687408 0.99323559
vt 0.50687408 0.99323559
vt 0.50687408 0.99323559
vt 0.50687408 0.99323559
vt 0.50687408 0.99323559
vt 0.50687408 0.99323559
vt 0.50687408 0.99323559
vt 0.50687408 0.99323559
vt 0.50687408 0.99323559
vt 0.50671387 0.99321842
vt 0.50671387 0.99321842
vt 0.50671387 0.99321842
vt 0.50671387 0.99321842
vt 0.50671387 0.99321842
vt 0.50671387 0.99321842
vt 0.50671387 0.99321842
vt 0.50671387 0.99321842
vt 0.50675201 0.99299002
vt 0.50675201 0.99299002
vt 0.50675201 0.99299002
vt 0.50675201 0.99299002
vt 0.50675201 0.99299002
vt 0.50675201 0.99299002
vt 0.50675201 0.99299002
vt 0.50675201 0.99299002
vt 0.50675201 0.99299002
vt 0.50675201 0.99299002
vt 0.50675201 0.99299002
vt 0.50675201 0.99299002
vt 0.50675201 0.99299002
vt 0.50675201 0.99299002
vt 0.50675201 0.99299002
vt 0.50675201 0.99299002
vt 0.50675201 0.99299002
vt 0.50675201 0.99299002
vt 0.50675201 0.99299002
vt 0.50675201 0.99299002
vt 0.50675201 0.99299002
vt 0.50675201 0.99299002
vt 0.50675201 0.99299002
vt 0.50675201 0.99299002
vt 0.50675201 0.99299002
vt 0.50675201 0.99299002
vt 0.50675201 0.99299002
vt 0.50675201 0.99299002
vt 0.50675201 0.99299002
vt 0.50675201 0.99299002
vt 0.50675201 0.99299002
vt 0.50675201 0.99299002
vt 0.50675201 0.99299002
vt 0.50675201 0.99299002
vt 0.50675201 0.99299002
vt 0.50675201 0.99299002
vt 0.50675201 0.99299002
vt 0.50675201 0.99299002
vt 0.50675201 0.99299002
vt 0.50675201 0.99299002
vt 0.50675201 0.99299002
vt 0.50675201 0.99299002
vt 0.50675201 0.99299002
vt 0.50675201 0.99299002
vt 0.50675201 0.99299002
vt 0.50675201 0.99299002
vt 0.50675201 0.99299002
vt 0.50675201 0.99299002
vt 0.50675201 0.99299002
vt 0.50675201 0.99299002
vt 0.50675201 0.99299002
vt 0.50675201 0.99299002
vt 0.50675201 0.99299002
vt 0.50675201 0.99299002
vt 0.50675201 0.99299002
vt 0.50675201 0.99299002
vt 0.50675201 0.99299002
vt 0.50675201 0.99299002
vt 0.50675201 0.99299002
vt 0.50675201 0.99299002
vt 0.50693512 0.99322510
vt 0.50693512 0.99322510
vt 0.50693512 0.99322510
vt 0.50693512 0.99322510
vt 0.50693512 0.99322510
vt 0.50693512 0.99322510
vt 0.50693512 0.99322510
vt 0.50693512 0.99322510
vt 0.50693512 0.99322510
vt 0.50693512 0.99322510
vt 0.50693512 0.99322510
vt 0.50693512 0.99322510
vt 0.50693512 0.99322510
vt 0.50693512 0.99322510
vt 0.50693512 0.99322510
vt 0.50693512 0.99322510
vt 0.50693512 0.99322510
vt 0.50693512 0.99322510
vt 0.50693512 0.99322510
vt 0.50693512 0.99322510
vt 0.50693512 0.99322510
vt 0.50693512 0.99322510
vt 0.50693512 0.99322510
vt 0.50693512 0.99322510
vt 0.50693512 0.99322510
vt 0.50693512 0.99322510
vt 0.50693130 0.99310255
vt 0.50693130 0.99310255
vt 0.50693130 0.99310255
vt 0.50693130 0.99310255
vt 0.50693130 0.99310255
vt 0.50693130 0.99310255
vt 0.50693130 0.99310255
vt 0.50693130 0.99310255
vt 0.50693130 0.99310255
vt 0.50693130 0.99310255
vt 0.50693130 0.99310255
vt 0.50693130 0.99310255
vt 0.50693130 0.99310255
vt 0.50693130 0.99310255
vt 0.50693130 0.99310255
vt 0.50693130 0.99310255
vt 0.50693130 0.99310255
vt 0.50693130 0.99310255
vt 0.50693130 0.99310255
vt 0.50693130 0.99310255
vt 0.50693130 0.99310255
vt 0.50693130 0.99310255
vt 0.50693130 0.99310255
vt 0.50693130 0.99310255
vt 0.50693130 0.99310255
vt 0.50693130 0.99310255
vt 0.50671387 0.99321842
vt 0.50671387 0.99321842
vt 0.50671387 0.99321842
vt 0.50671387 0.99321842
vt 0.50671387 0.99321842
vt 0.50671387 0.99321842
vt 0.50671387 0.99321842
vt 0.50671387 0.99321842
vt 0.50671387 0.99321842
vt 0.50671387 0.99321842
vt 0.50671387 0.99321842
vt 0.50671387 0.99321842
vt 0.50671387 0.99321842
vt 0.50671387 0.99321842
vt 0.50671387 0.99321842
vt 0.50671387 0.99321842
vt 0.50488281 0.98339844
vt 0.50097656 0.98339844
vt 0.50683594 0.98339844
vt 0.50292969 0.98339844
vt 0.50097656 0.98144531
vt 0.50097656 0.98144531
vt 0.50097656 0.98144531
vt 0.50097656 0.98144531
vt 0.50097656 0.98144531
vt 0.50097656 0.98144531
vt 0.50097656 0.98144531
vt 0.50097656 0.98144531
vt 0.50097656 0.98144531
vt 0.50097656 0.98144531
vt 0.50097656 0.98144531
vt 0.50097656 0.98144531
vt 0.50097656 0.98144531
vt 0.50097656 0.98144531
vt 0.50097656 0.98144531
vt 0.50097656 0.98144531
vt 0.50097656 0.98144531
vt 0.50097656 0.98144531
vt 0.50097656 0.98144531
vt 0.50097656 0.98144531
vt 0.50097656 0.98144531
vt 0.50097656 0.98144531
vt 0.50097656 0.98144531
vt 0.50097656 0.98144531
vt 0.50097656 0.98144531
vt 0.50097656 0.98144531
vt 0.50097656 0.98144531
vt 0.50097656 0.98144531
vt 0.50097656 0.98144531
vt 0.50097656 0.98144531
vt 0.50097656 0.98144531
vt 0.50097656 0.98144531
vt 0.50097656 0.98144531
vt 0.50097656 0.98144531
vt 0.50097656 0.98144531
vt 0.50097656 0.98144531
vt 0.50097656 0.98144531
vt 0.50097656 0.98144531
vt 0.50097656 0.98144531
vt 0.50097656 0.98144531
vt 0.50097656 0.98144531
vt 0.50097656 0.98144531
vt 0.50097656 0.98144531
vt 0.50097656 0.98144531
vt 0.50097656 0.98144531
vt 0.50097656 0.98144531
vt 0.50097656 0.98144531
vt 0.50097656 0.98144531
vt 0.50097656 0.98144531
vt 0.50097656 0.98144531
vt 0.50097656 0.98144531
vt 0.50097656 0.98144531
vt 0.50097656 0.98144531
vt 0.50097656 0.98144531
vt 0.50097656 0.98144531
vt 0.50097656 0.98144531
vt 0.50682831 0.99316263
vt 0.50682831 0.99316263
vt 0.50682831 0.99316263
vt 0.50682831 0.99316263
vt 0.50682831 0.99316263
vt 0.50682831 0.99316263
vt 0.50682831 0.99316263
vt 0.50682831 0.99316263
vt 0.50682831 0.99316263
vt 0.43911743 0.99669266
vt 0.44067383 0.99631500
vt 0.45028687 0.99631500
vt 0.44873047 0.99669266
vt 0.43911743 0.99744797
vt 0.45989990 0.99631500
vt 0.44873047 0.99744797
vt 0.44067383 0.99782562
vt 0.45028687 0.99782562
vt 0.45834351 0.99744797
vt 0.45989990 0.99782562
vt 0.45834351 0.99669266
vt 0.46949768 0.99631500
vt 0.46792603 0.99744797
vt 0.46949768 0.99782562
vt 0.46792603 0.99669266
vt 0.47911072 0.99631500
vt 0.47753906 0.99744797
vt 0.47911072 0.99782562
vt 0.47753906 0.99669266
vt 0.48871613 0.99631500
vt 0.48715210 0.99744797
vt 0.48871613 0.99782562
vt 0.48715210 0.99669266
vt 0.49831963 0.99631500
vt 0.49675751 0.99744797
vt 0.49832058 0.99782562
vt 0.49675751 0.99669266
vt 0.50792694 0.99631500
vt 0.50636292 0.99744797
vt 0.50792694 0.99782562
vt 0.50636292 0.99669266
vt 0.51753235 0.99631500
vt 0.51597595 0.99744797
vt 0.51753235 0.99782562
vt 0.51597595 0.99669266
vt 0.52714539 0.99631500
vt 0.52557373 0.99744797
vt 0.52714539 0.99782562
vt 0.52557373 0.99669266
vt 0.53674316 0.99631500
vt 0.53518677 0.99744797
vt 0.53674316 0.99782562
vt 0.53518677 0.99669266
vt 0.54635620 0.99631500
vt 0.54479980 0.99744797
vt 0.54635620 0.99782562
vt 0.54479980 0.99669266
vt 0.55596924 0.99631500
vt 0.55441284 0.99744797
vt 0.55596924 0.99782562
vt 0.55441284 0.99669266
vt 0.56555176 0.99631500
vt 0.56402588 0.99669266
vt 0.56402588 0.99744797
vt 0.56555176 0.99782562
vt 0.45108032 0.99860001
vt 0.44146729 0.99860001
vt 0.44067383 0.99782562
vt 0.45028687 0.99782562
vt 0.46066284 0.99860001
vt 0.45989990 0.99782562
vt 0.44146729 0.99553871
vt 0.45028687 0.99631500
vt 0.44067383 0.99631500
vt 0.45108032 0.99553871
vt 0.45989990 0.99631500
vt 0.46066284 0.99553871
vt 0.46949768 0.99631500
vt 0.47027588 0.99553871
vt 0.47911072 0.99631500
vt 0.47988892 0.99553871
vt 0.48871613 0.99631500
vt 0.48949432 0.99553871
vt 0.49831963 0.99631500
vt 0.49910116 0.99553871
vt 0.50792694 0.99631500
vt 0.50870514 0.99553871
vt 0.51753235 0.99631500
vt 0.51831055 0.99553871
vt 0.52714539 0.99631500
vt 0.52792358 0.99553871
vt 0.53674316 0.99631500
vt 0.53753662 0.99553871
vt 0.54635620 0.99631500
vt 0.54714966 0.99553871
vt 0.55596924 0.99631500
vt 0.55673218 0.99553871
vt 0.56555176 0.99631500
vt 0.56634521 0.99553871
vt 0.47027588 0.99860001
vt 0.46066284 0.99860001
vt 0.45989990 0.99782562
vt 0.46949768 0.99782562
vt 0.47988892 0.99860001
vt 0.47911072 0.99782562
vt 0.48949432 0.99860001
vt 0.48871613 0.99782562
vt 0.49910116 0.99860001
vt 0.49832058 0.99782562
vt 0.50870514 0.99860001
vt 0.50792694 0.99782562
vt 0.51831055 0.99860001
vt 0.51753235 0.99782562
vt 0.52792358 0.99860001
vt 0.51831055 0.99860001
vt 0.51753235 0.99782562
vt 0.52714539 0.99782562
vt 0.53753662 0.99860001
vt 0.53674316 0.99782562
vt 0.54714966 0.99860001
vt 0.53753662 0.99860001
vt 0.53674316 0.99782562
vt 0.54635620 0.99782562
vt 0.55673218 0.99860001
vt 0.54714966 0.99860001
vt 0.54635620 0.99782562
vt 0.55596924 0.99782562
vt 0.56634521 0.99860001
vt 0.56555176 0.99782562
vt 0.50486374 0.99330330
vt 0.50486374 0.99330330
vt 0.50486374 0.99330330
vt 0.50486374 0.99330330
vt 0.50486374 0.99330330
vt 0.50486374 0.99330330
vt 0.50486374 0.99330330
vt 0.50486374 0.99330330
vt 0.50486374 0.99330330
vt 0.50486374 0.99330330
vt 0.50486374 0.99330330
vt 0.50486374 0.99330330
vt 0.50486374 0.99330330
vt 0.50486374 0.99330330
vt 0.50486374 0.99330330
vt 0.50486374 0.99330330
vt 0.50486374 0.99330330
vt 0.50486374 0.99330330
vt 0.50486374 0.99330330
vt 0.50486374 0.99330330
vt 0.50486374 0.99330330
vt 0.50486374 0.99330330
vt 0.50486374 0.99330330
vt 0.50486374 0.99330330
vt 0.50486374 0.99330330
vt 0.50486374 0.99330330
vt 0.50682831 0.99316263
vt 0.50682831 0.99316263
vt 0.50682831 0.99316263
vt 0.50682831 0.99316263
vt 0.50682831 0.99316263
vt 0.50682831 0.99316263
vt 0.50682831 0.99316263
vt 0.50682831 0.99316263
vt 0.50682831 0.99316263
vt 0.50682831 0.99316263
vt 0.50682831 0.99316263
vt 0.50682831 0.99316263
vt 0.50682831 0.99316263
vt 0.50682831 0.99316263
vt 0.50682831 0.99316263
vt 0.50682831 0.99316263
vt 0.50682831 0.99316263
vt 0.50682831 0.99316263
vt 0.50682831 0.99316263
vt 0.50682831 0.99316263
vt 0.50682831 0.99316263
vt 0.50682831 0.99316263
vt 0.50682831 0.99316263
vt 0.50682831 0.99316263
vt 0.50682831 0.99316263
vt 0.50682831 0.99316263
vt 0.50682831 0.99316263
vt 0.50682831 0.99316263
vt 0.50682831 0.99316263
vt 0.50682831 0.99316263
vt 0.50682831 0.99316263
vt 0.50682831 0.99316263
vt 0.50682831 0.99316263
vt 0.50682831 0.99316263
vt 0.50682831 0.99316263
vt 0.50682831 0.99316263
vt 0.50682831 0.99316263
vt 0.50682831 0.99316263
vt 0.50682831 0.99316263
vt 0.50682831 0.99316263
vt 0.50682831 0.99316263
vt 0.50682831 0.99316263
vt 0.50682831 0.99316263
vt 0.50682831 0.99316263
vt 0.50682831 0.99316263
vt 0.50682831 0.99316263
vt 0.50682831 0.99316263
vt 0.50682831 0.99316263
vt 0.50682831 0.99316263
vt 0.50682831 0.99316263
vt 0.50682831 0.99316263
vt 0.50682831 0.99316263
vt 0.50682831 0.99316263
vt 0.50682831 0.99316263
vt 0.50682831 0.99316263
vt 0.50682831 0.99316263
vt 0.50682831 0.99316263
vt 0.50682831 0.99316263
vt 0.50682831 0.99316263
vt 0.50682831 0.99316263
vt 0.50682831 0.99316263
vt 0.50682831 0.99316263
vt 0.50682831 0.99316263
vt 0.50682831 0.99316263
vt 0.50682831 0.99316263
vt 0.50682831 0.99316263
vt 0.50682831 0.99316263
vt 0.50682831 0.99316263
vt 0.50682831 0.99316263
vt 0.50682831 0.99316263
vt 0.50682831 0.99316263
vt 0.50682831 0.99316263
vt 0.50682831 0.99316263
vt 0.50682831 0.99316263
vt 0.50682831 0.99316263
vt 0.50682831 0.99316263
vt 0.50682831 0.99316263
vt 0.50682831 0.99316263
vt 0.50682831 0.99316263
vt 0.50682831 0.99316263
vt 0.50682831 0.99316263
vt 0.50682831 0.99316263
vt 0.50682831 0.99316263
vt 0.50682831 0.99316263
vt 0.50682831 0.99316263
vt 0.50682831 0.99316263
vt 0.50682831 0.99316263
vt 0.50682831 0.99316263
vt 0.50682831 0.99316263
vt 0.50682831 0.99316263
vt 0.50682831 0.99316263
vt 0.50682831 0.99316263
vt 0.50682831 0.99316263
vt 0.50682831 0.99316263
vt 0.50682831 0.99316263
vt 0.50682831 0.99316263
vt 0.50682831 0.99316263
vt 0.50682831 0.99316263
vt 0.50682831 0.99316263
vt 0.50682831 0.99316263
vt 0.50682831 0.99316263
vt 0.50682068 0.99312496
vt 0.50682068 0.99312496
vt 0.50682068 0.99312496
vt 0.50682068 0.99312496
vt 0.50682068 0.99312496
vt 0.50682068 0.99312496
vt 0.50682068 0.99312496
vt 0.50682068 0.99312496
vt 0.50682068 0.99312496
vt 0.50682068 0.99312496
vt 0.50682068 0.99312496
vt 0.50682068 0.99312496
vt 0.50682068 0.99312496
vt 0.50682068 0.99312496
vt 0.50682068 0.99312496
vt 0.50682068 0.99312496
vt 0.50682068 0.99312496
vt 0.50682068 0.99312496
vt 0.50682068 0.99312496
vt 0.50682068 0.99312496
vt 0.50682068 0.99312496
vt 0.50682068 0.99312496
vt 0.50682068 0.99312496
vt 0.50682068 0.99312496
vt 0.50682068 0.99312496
vt 0.50682068 0.99312496
vt 0.50682068 0.99312496
vt 0.50682068 0.99312496
vt 0.50682068 0.99312496
vt 0.50682068 0.99312496
vt 0.50682068 0.99312496
vt 0.50682068 0.99312496
vt 0.50682068 0.99312496
vt 0.50682068 0.99312496
vt 0.50682068 0.99312496
vt 0.50682068 0.99312496
vt 0.50682068 0.99312496
vt 0.50682068 0.99312496
vt 0.50682068 0.99312496
vt 0.50682068 0.99312496
vt 0.50682068 0.99312496
vt 0.50682068 0.99312496
vt 0.50682068 0.99312496
vt 0.50682068 0.99312496
vt 0.50682068 0.99312496
vt 0.50682068 0.99312496
vt 0.50682068 0.99312496
vt 0.50682068 0.99312496
vt 0.50682068 0.99312496
vt 0.50682068 0.99312496
vt 0.50682068 0.99312496
vt 0.50682068 0.99312496
vt 0.50682068 0.99312496
vt 0.50682068 0.99312496
vt 0.50682068 0.99312496
vt 0.50682068 0.99312496
vt 0.50682068 0.99312496
vt 0.50682068 0.99312496
vt 0.50682068 0.99312496
vt 0.50682068 0.99312496
vt 0.50682068 0.99312496
vt 0.50682068 0.99312496
vt 0.50682068 0.99312496
vt 0.50682068 0.99312496
vt 0.50682068 0.99312496
vt 0.50682068 0.99312496
vt 0.50682068 0.99312496
vt 0.50682068 0.99312496
vt 0.50682068 0.99312496
vt 0.50682068 0.99312496
vt 0.50682068 0.99312496
vt 0.50682068 0.99312496
vt 0.50682068 0.99312496
vt 0.50682068 0.99312496
vt 0.50682068 0.99312496
vt 0.50682068 0.99312496
vt 0.50682068 0.99312496
vt 0.50682068 0.99312496
vt 0.50682068 0.99312496
vt 0.50682068 0.99312496
vt 0.50682068 0.99312496
vt 0.50682068 0.99312496
vt 0.50682068 0.99312496
vt 0.50682068 0.99312496
vt 0.50682068 0.99312496
vt 0.50682068 0.99312496
vt 0.50682068 0.99312496
vt 0.50682068 0.99312496
vt 0.50682068 0.99312496
vt 0.50682068 0.99312496
vt 0.50682068 0.99312496
vt 0.50682068 0.99312496
vt 0.50682068 0.99312496
vt 0.50682068 0.99312496
vt 0.50682068 0.99312496
vt 0.50682068 0.99312496
vt 0.50079393 0.99321556
vt 0.50079393 0.99321556
vt 0.50079393 0.99321556
vt 0.50079393 0.99321556
vt 0.50079393 0.99321556
vt 0.50079393 0.99321556
vt 0.50079393 0.99321556
vt 0.50079393 0.99321556
vt 0.50079393 0.99321556
vt 0.50079393 0.99321556
vt 0.50079393 0.99321556
vt 0.50079393 0.99321556
vt 0.50079393 0.99321556
vt 0.50079393 0.99321556
vt 0.50079393 0.99321556
vt 0.50079393 0.99321556
vt 0.50079393 0.99321556
vt 0.50079393 0.99321556
vt 0.50079393 0.99321556
vt 0.50079393 0.99321556
vt 0.50079393 0.99321556
vt 0.50079393 0.99321556
vt 0.50079393 0.99321556
vt 0.50079393 0.99321556
vt 0.50682831 0.99316263
vt 0.50682831 0.99316263
vt 0.50682831 0.99316263
vt 0.50682831 0.99316263
vt 0.50682831 0.99316263
vt 0.50682831 0.99316263
vt 0.50682831 0.99316263
vt 0.50682831 0.99316263
vt 0.50682831 0.99316263
vt 0.50682831 0.99316263
vt 0.50682831 0.99316263
vt 0.50682831 0.99316263
vt 0.50682831 0.99316263
vt 0.50682831 0.99316263
vt 0.50682831 0.99316263
vt 0.50682831 0.99316263
vt 0.50682831 0.99316263
vt 0.50682831 0.99316263
vt 0.50682831 0.99316263
vt 0.50682831 0.99316263
vt 0.50682831 0.99316263
vt 0.50682831 0.99316263
vt 0.50682831 0.99316263
vt 0.50682831 0.99316263
vt 0.50682831 0.99316263
vt 0.50682831 0.99316263
vt 0.50682831 0.99316263
vt 0.50682831 0.99316263
vt 0.50682831 0.99316263
vt 0.50682831 0.99316263
vt 0.50682831 0.99316263
vt 0.50682831 0.99316263
vt 0.50682831 0.99316263
vt 0.50682831 0.99316263
vt 0.50682831 0.99316263
vt 0.50682831 0.99316263
vt 0.50682831 0.99316263
vt 0.50682831 0.99316263
vt 0.50682831 0.99316263
vt 0.50682831 0.99316263
vt 0.50682831 0.99316263
vt 0.50682831 0.99316263
vt 0.50682831 0.99316263
vt 0.50682831 0.99316263
vt 0.50682831 0.99316263
vt 0.50682831 0.99316263
vt 0.50682831 0.99316263
vt 0.50682831 0.99316263
vt 0.50682831 0.99316263
vt 0.50682831 0.99316263
vt 0.50682831 0.99316263
vt 0.50682831 0.99316263
vt 0.50682831 0.99316263
vt 0.50682831 0.99316263
vt 0.50682831 0.99316263
vt 0.50682831 0.99316263
vt 0.50675201 0.99338341
vt 0.50675201 0.99338341
vt 0.50675201 0.99338341
vt 0.50675201 0.99338341
vt 0.50675201 0.99338341
vt 0.50675201 0.99338341
vt 0.50675201 0.99338341
vt 0.50675201 0.99338341
vt 0.50693512 0.99322510
vt 0.50693512 0.99322510
vt 0.50693512 0.99322510
vt 0.50693512 0.99322510
vt 0.50693512 0.99322510
vt 0.50693512 0.99322510
vt 0.50693512 0.99322510
vt 0.50693512 0.99322510
vt 0.50693512 0.99322510
vt 0.50693512 0.99322510
vt 0.50693512 0.99322510
vt 0.50693512 0.99322510
vt 0.50693512 0.99322510
vt 0.50693512 0.99322510
vt 0.50693512 0.99322510
vt 0.50693512 0.99322510
vt 0.50693512 0.99322510
vt 0.50693512 0.99322510
vt 0.50693512 0.99322510
vt 0.50693512 0.99322510
vt 0.50693512 0.99322510
vt 0.50693512 0.99322510
vt 0.50693512 0.99322510
vt 0.50693512 0.99322510
vt 0.50693512 0.99322510
vt 0.50693512 0.99322510
vt 0.50693130 0.99310255
vt 0.50693130 0.99310255
vt 0.50693130 0.99310255
vt 0.50693130 0.99310255
vt 0.50693130 0.99310255
vt 0.50693130 0.99310255
vt 0.50693130 0.99310255
vt 0.50693130 0.99310255
vt 0.50693130 0.99310255
vt 0.50693130 0.99310255
vt 0.50693130 0.99310255
vt 0.50693130 0.99310255
vt 0.50693130 0.99310255
vt 0.50693130 0.99310255
vt 0.50693130 0.99310255
vt 0.50693130 0.99310255
vt 0.50693130 0.99310255
vt 0.50693130 0.99310255
vt 0.50693130 0.99310255
vt 0.50693130 0.99310255
vt 0.50693130 0.99310255
vt 0.50693130 0.99310255
vt 0.50693130 0.99310255
vt 0.50693130 0.99310255
vt 0.50693130 0.99310255
vt 0.50693130 0.99310255
vt 0.50675201 0.99338341
vt 0.50675201 0.99338341
vt 0.50675201 0.99338341
vt 0.50675201 0.99338341
vt 0.50675201 0.99338341
vt 0.50675201 0.99338341
vt 0.50675201 0.99338341
vt 0.50675201 0.99338341
vt 0.50675201 0.99338341
vt 0.50675201 0.99338341
vt 0.50675201 0.99338341
vt 0.50675201 0.99338341
vt 0.50675201 0.99338341
vt 0.50675201 0.99338341
vt 0.50675201 0.99338341
vt 0.50675201 0.99338341
vt 0.50682831 0.99316263
vt 0.50682831 0.99316263
vt 0.50682831 0.99316263
vt 0.50682831 0.99316263
vt 0.50682831 0.99316263
vt 0.50682831 0.99316263
vt 0.50682831 0.99316263
vt 0.50682831 0.99316263
vt 0.50682831 0.99316263
vt 0.43911743 0.99669266
vt 0.44067383 0.99631500
vt 0.45028687 0.99631500
vt 0.44873047 0.99669266
vt 0.43911743 0.99744797
vt 0.45989990 0.99631500
vt 0.44873047 0.99744797
vt 0.44067383 0.99782562
vt 0.45028687 0.99782562
vt 0.45834351 0.99744797
vt 0.45989990 0.99782562
vt 0.45834351 0.99669266
vt 0.46949768 0.99631500
vt 0.46792603 0.99744797
vt 0.46949768 0.99782562
vt 0.46792603 0.99669266
vt 0.47911072 0.99631500
vt 0.47753906 0.99744797
vt 0.47911072 0.99782562
vt 0.47753906 0.99669266
vt 0.48871613 0.99631500
vt 0.48715210 0.99744797
vt 0.48871613 0.99782562
vt 0.48715210 0.99669266
vt 0.49831963 0.99631500
vt 0.49675751 0.99744797
vt 0.49832058 0.99782562
vt 0.49675751 0.99669266
vt 0.50792694 0.99631500
vt 0.50636292 0.99744797
vt 0.50792694 0.99782562
vt 0.50636292 0.99669266
vt 0.51753235 0.99631500
vt 0.51597595 0.99744797
vt 0.51753235 0.99782562
vt 0.51597595 0.99669266
vt 0.52714539 0.99631500
vt 0.52557373 0.99744797
vt 0.52714539 0.99782562
vt 0.52557373 0.99669266
vt 0.53674316 0.99631500
vt 0.53518677 0.99744797
vt 0.53674316 0.99782562
vt 0.53518677 0.99669266
vt 0.54635620 0.99631500
vt 0.54479980 0.99744797
vt 0.54635620 0.99782562
vt 0.54479980 0.99669266
vt 0.55596924 0.99631500
vt 0.55441284 0.99744797
vt 0.55596924 0.99782562
vt 0.55441284 0.99669266
vt 0.56555176 0.99631500
vt 0.56402588 0.99669266
vt 0.56402588 0.99744797
vt 0.56555176 0.99782562
vt 0.45108032 0.99860001
vt 0.44146729 0.99860001
vt 0.44067383 0.99782562
vt 0.45028687 0.99782562
vt 0.46066284 0.99860001
vt 0.45989990 0.99782562
vt 0.44146729 0.99553871
vt 0.45028687 0.99631500
vt 0.44067383 0.99631500
vt 0.45108032 0.99553871
vt 0.45989990 0.99631500
vt 0.46066284 0.99553871
vt 0.46949768 0.99631500
vt 0.47027588 0.99553871
vt 0.47911072 0.99631500
vt 0.47988892 0.99553871
vt 0.48871613 0.99631500
vt 0.48949432 0.99553871
vt 0.49831963 0.99631500
vt 0.49910116 0.99553871
vt 0.50792694 0.99631500
vt 0.50870514 0.99553871
vt 0.51753235 0.99631500
vt 0.51831055 0.99553871
vt 0.52714539 0.99631500
vt 0.52792358 0.99553871
vt 0.53674316 0.99631500
vt 0.53753662 0.99553871
vt 0.54635620 0.99631500
vt 0.54714966 0.99553871
vt 0.55596924 0.99631500
vt 0.55673218 0.99553871
vt 0.56555176 0.99631500
vt 0.56634521 0.99553871
vt 0.47027588 0.99860001
vt 0.46066284 0.99860001
vt 0.45989990 0.99782562
vt 0.46949768 0.99782562
vt 0.47988892 0.99860001
vt 0.47911072 0.99782562
vt 0.48949432 0.99860001
vt 0.48871613 0.99782562
vt 0.49910116 0.99860001
vt 0.49832058 0.99782562
vt 0.50870514 0.99860001
vt 0.50792694 0.99782562
vt 0.51831055 0.99860001
vt 0.51753235 0.99782562
vt 0.52792358 0.99860001
vt 0.51831055 0.99860001
vt 0.51753235 0.99782562
vt 0.52714539 0.99782562
vt 0.53753662 0.99860001
vt 0.53674316 0.99782562
vt 0.54714966 0.99860001
vt 0.53753662 0.99860001
vt 0.53674316 0.99782562
vt 0.54635620 0.99782562
vt 0.55673218 0.99860001
vt 0.54714966 0.99860001
vt 0.54635620 0.99782562
vt 0.55596924 0.99782562
vt 0.56634521 0.99860001
vt 0.56555176 0.99782562
vt 0.50486374 0.99330330
vt 0.50486374 0.99330330
vt 0.50486374 0.99330330
vt 0.50486374 0.99330330
vt 0.50486374 0.99330330
vt 0.50486374 0.99330330
vt 0.50486374 0.99330330
vt 0.50486374 0.99330330
vt 0.50486374 0.99330330
vt 0.50486374 0.99330330
vt 0.50486374 0.99330330
vt 0.50486374 0.99330330
vt 0.50486374 0.99330330
vt 0.50486374 0.99330330
vt 0.50486374 0.99330330
vt 0.50486374 0.99330330
vt 0.50486374 0.99330330
vt 0.50486374 0.99330330
vt 0.50486374 0.99330330
vt 0.50486374 0.99330330
vt 0.50486374 0.99330330
vt 0.50486374 0.99330330
vt 0.50486374 0.99330330
vt 0.50486374 0.99330330
vt 0.50486374 0.99330330
vt 0.50486374 0.99330330
vt 0.50682831 0.99316263
vt 0.50682831 0.99316263
vt 0.50682831 0.99316263
vt 0.50682831 0.99316263
vt 0.50682831 0.99316263
vt 0.50682831 0.99316263
vt 0.50682831 0.99316263
vt 0.50682831 0.99316263
vt 0.50682831 0.99316263
vt 0.50682831 0.99316263
vt 0.50682831 0.99316263
vt 0.50682831 0.99316263
vt 0.50682831 0.99316263
vt 0.50682831 0.99316263
vt 0.50682831 0.99316263
vt 0.50682831 0.99316263
vt 0.50682831 0.99316263
vt 0.50682831 0.99316263
vt 0.50682831 0.99316263
vt 0.50682831 0.99316263
vt 0.50682831 0.99316263
vt 0.50682831 0.99316263
vt 0.50682831 0.99316263
vt 0.50682831 0.99316263
vt 0.50682831 0.99316263
vt 0.50682831 0.99316263
vt 0.50682831 0.99316263
vt 0.50682831 0.99316263
vt 0.50682831 0.99316263
vt 0.50682831 0.99316263
vt 0.50682831 0.99316263
vt 0.50682831 0.99316263
vt 0.50682831 0.99316263
vt 0.50682831 0.99316263
vt 0.50682831 0.99316263
vt 0.50682831 0.99316263
vt 0.50682831 0.99316263
vt 0.50682831 0.99316263
vt 0.50682831 0.99316263
vt 0.50682831 0.99316263
vt 0.50682831 0.99316263
vt 0.50682831 0.99316263
vt 0.50682831 0.99316263
vt 0.50682831 0.99316263
vt 0.50682831 0.99316263
vt 0.50682831 0.99316263
vt 0.50682831 0.99316263
vt 0.50682831 0.99316263
vt 0.50682831 0.99316263
vt 0.50682831 0.99316263
vt 0.50682831 0.99316263
vt 0.50682831 0.99316263
vt 0.50682831 0.99316263
vt 0.50682831 0.99316263
vt 0.50682831 0.99316263
vt 0.50682831 0.99316263
vt 0.50682831 0.99316263
vt 0.50682831 0.99316263
vt 0.50682831 0.99316263
vt 0.50682831 0.99316263
vt 0.50682831 0.99316263
vt 0.50682831 0.99316263
vt 0.50682831 0.99316263
vt 0.50682831 0.99316263
vt 0.50682831 0.99316263
vt 0.50682831 0.99316263
vt 0.50682831 0.99316263
vt 0.50682831 0.99316263
vt 0.50682831 0.99316263
vt 0.50682831 0.99316263
vt 0.50682831 0.99316263
vt 0.50682831 0.99316263
vt 0.50682831 0.99316263
vt 0.50682831 0.99316263
vt 0.50682831 0.99316263
vt 0.50682831 0.99316263
vt 0.50682831 0.99316263
vt 0.50682831 0.99316263
vt 0.50682831 0.99316263
vt 0.50682831 0.99316263
vt 0.50682831 0.99316263
vt 0.50682831 0.99316263
vt 0.50682831 0.99316263
vt 0.50682831 0.99316263
vt 0.50682831 0.99316263
vt 0.50682831 0.99316263
vt 0.50682831 0.99316263
vt 0.50682831 0.99316263
vt 0.50682831 0.99316263
vt 0.50682831 0.99316263
vt 0.50682831 0.99316263
vt 0.50682831 0.99316263
vt 0.50682831 0.99316263
vt 0.50682831 0.99316263
vt 0.50682831 0.99316263
vt 0.50682831 0.99316263
vt 0.50682831 0.99316263
vt 0.50682831 0.99316263
vt 0.50682831 0.99316263
vt 0.50682831 0.99316263
vt 0.50682831 0.99316263
vt 0.50682068 0.99312496
vt 0.50682068 0.99312496
vt 0.50682068 0.99312496
vt 0.50682068 0.99312496
vt 0.50682068 0.99312496
vt 0.50682068 0.99312496
vt 0.50682068 0.99312496
vt 0.50682068 0.99312496
vt 0.50682068 0.99312496
vt 0.50682068 0.99312496
vt 0.50682068 0.99312496
vt 0.50682068 0.99312496
vt 0.50682068 0.99312496
vt 0.50682068 0.99312496
vt 0.50682068 0.99312496
vt 0.50682068 0.99312496
vt 0.50682068 0.99312496
vt 0.50682068 0.99312496
vt 0.50682068 0.99312496
vt 0.50682068 0.99312496
vt 0.50682068 0.99312496
vt 0.50682068 0.99312496
vt 0.50682068 0.99312496
vt 0.50682068 0.99312496
vt 0.50682068 0.99312496
vt 0.50682068 0.99312496
vt 0.50682068 0.99312496
vt 0.50682068 0.99312496
vt 0.50682068 0.99312496
vt 0.50682068 0.99312496
vt 0.50682068 0.99312496
vt 0.50682068 0.99312496
vt 0.50682068 0.99312496
vt 0.50682068 0.99312496
vt 0.50682068 0.99312496
vt 0.50682068 0.99312496
vt 0.50682068 0.99312496
vt 0.50682068 0.99312496
vt 0.50682068 0.99312496
vt 0.50682068 0.99312496
vt 0.50682068 0.99312496
vt 0.50682068 0.99312496
vt 0.50682068 0.99312496
vt 0.50682068 0.99312496
vt 0.50682068 0.99312496
vt 0.50682068 0.99312496
vt 0.50682068 0.99312496
vt 0.50682068 0.99312496
vt 0.50682068 0.99312496
vt 0.50682068 0.99312496
vt 0.50682068 0.99312496
vt 0.50682068 0.99312496
vt 0.50682068 0.99312496
vt 0.50682068 0.99312496
vt 0.50682068 0.99312496
vt 0.50682068 0.99312496
vt 0.50682068 0.99312496
vt 0.50682068 0.99312496
vt 0.50682068 0.99312496
vt 0.50682068 0.99312496
vt 0.50682068 0.99312496
vt 0.50682068 0.99312496
vt 0.50682068 0.99312496
vt 0.50682068 0.99312496
vt 0.50682068 0.99312496
vt 0.50682068 0.99312496
vt 0.50682068 0.99312496
vt 0.50682068 0.99312496
vt 0.50682068 0.99312496
vt 0.50682068 0.99312496
vt 0.50682068 0.99312496
vt 0.50682068 0.99312496
vt 0.50682068 0.99312496
vt 0.50682068 0.99312496
vt 0.50682068 0.99312496
vt 0.50682068 0.99312496
vt 0.50682068 0.99312496
vt 0.50682068 0.99312496
vt 0.50682068 0.99312496
vt 0.50682068 0.99312496
vt 0.50682068 0.99312496
vt 0.50682068 0.99312496
vt 0.50682068 0.99312496
vt 0.50682068 0.99312496
vt 0.50682068 0.99312496
vt 0.50682068 0.99312496
vt 0.50682068 0.99312496
vt 0.50682068 0.99312496
vt 0.50682068 0.99312496
vt 0.50682068 0.99312496
vt 0.50682068 0.99312496
vt 0.50682068 0.99312496
vt 0.50682068 0.99312496
vt 0.50682068 0.99312496
vt 0.50682068 0.99312496
vt 0.50682068 0.99312496
vt 0.50079393 0.99321556
vt 0.50079393 0.99321556
vt 0.50079393 0.99321556
vt 0.50079393 0.99321556
vt 0.50079393 0.99321556
vt 0.50079393 0.99321556
vt 0.50079393 0.99321556
vt 0.50079393 0.99321556
vt 0.50079393 0.99321556
vt 0.50079393 0.99321556
vt 0.50079393 0.99321556
vt 0.50079393 0.99321556
vt 0.50079393 0.99321556
vt 0.50079393 0.99321556
vt 0.50079393 0.99321556
vt 0.50079393 0.99321556
vt 0.50079393 0.99321556
vt 0.50079393 0.99321556
vt 0.50079393 0.99321556
vt 0.50079393 0.99321556
vt 0.50079393 0.99321556
vt 0.50079393 0.99321556
vt 0.50079393 0.99321556
vt 0.50079393 0.99321556
vt 0.50682831 0.99316263
vt 0.50682831 0.99316263
vt 0.50682831 0.99316263
vt 0.50682831 0.99316263
vt 0.50682831 0.99316263
vt 0.50682831 0.99316263
vt 0.50682831 0.99316263
vt 0.50682831 0.99316263
vt 0.50682831 0.99316263
vt 0.50682831 0.99316263
vt 0.50682831 0.99316263
vt 0.50682831 0.99316263
vt 0.50682831 0.99316263
vt 0.50682831 0.99316263
vt 0.50682831 0.99316263
vt 0.50682831 0.99316263
vt 0.50682831 0.99316263
vt 0.50682831 0.99316263
vt 0.50682831 0.99316263
vt 0.50682831 0.99316263
vt 0.50682831 0.99316263
vt 0.50682831 0.99316263
vt 0.50682831 0.99316263
vt 0.50682831 0.99316263
vt 0.50682831 0.99316263
vt 0.50682831 0.99316263
vt 0.50682831 0.99316263
vt 0.50682831 0.99316263
vt 0.50682831 0.99316263
vt 0.50682831 0.99316263
vt 0.50682831 0.99316263
vt 0.50682831 0.99316263
vt 0.50682831 0.99316263
vt 0.50682831 0.99316263
vt 0.50682831 0.99316263
vt 0.50682831 0.99316263
vt 0.50682831 0.99316263
vt 0.50682831 0.99316263
vt 0.50682831 0.99316263
vt 0.50682831 0.99316263
vt 0.50682831 0.99316263
vt 0.50682831 0.99316263
vt 0.50682831 0.99316263
vt 0.50682831 0.99316263
vt 0.50682831 0.99316263
vt 0.50682831 0.99316263
vt 0.50682831 0.99316263
vt 0.50682831 0.99316263
vt 0.50682831 0.99316263
vt 0.50682831 0.99316263
vt 0.50682831 0.99316263
vt 0.50682831 0.99316263
vt 0.50682831 0.99316263
vt 0.50682831 0.99316263
vt 0.50682831 0.99316263
vt 0.50682831 0.99316263
vt 0.50675201 0.99338341
vt 0.50675201 0.99338341
vt 0.50675201 0.99338341
vt 0.50675201 0.99338341
vt 0.50675201 0.99338341
vt 0.50675201 0.99338341
vt 0.50675201 0.99338341
vt 0.50675201 0.99338341
vt 0.50693512 0.99322510
vt 0.50693512 0.99322510
vt 0.50693512 0.99322510
vt 0.50693512 0.99322510
vt 0.50693512 0.99322510
vt 0.50693512 0.99322510
vt 0.50693512 0.99322510
vt 0.50693512 0.99322510
vt 0.50693512 0.99322510
vt 0.50693512 0.99322510
vt 0.50693512 0.99322510
vt 0.50693512 0.99322510
vt 0.50693512 0.99322510
vt 0.50693512 0.99322510
vt 0.50693512 0.99322510
vt 0.50693512 0.99322510
vt 0.50693512 0.99322510
vt 0.50693512 0.99322510
vt 0.50693512 0.99322510
vt 0.50693512 0.99322510
vt 0.50693512 0.99322510
vt 0.50693512 0.99322510
vt 0.50693512 0.99322510
vt 0.50693512 0.99322510
vt 0.50693512 0.99322510
vt 0.50693512 0.99322510
vt 0.50693130 0.99310255
vt 0.50693130 0.99310255
vt 0.50693130 0.99310255
vt 0.50693130 0.99310255
vt 0.50693130 0.99310255
vt 0.50693130 0.99310255
vt 0.50693130 0.99310255
vt 0.50693130 0.99310255
vt 0.50693130 0.99310255
vt 0.50693130 0.99310255
vt 0.50693130 0.99310255
vt 0.50693130 0.99310255
vt 0.50693130 0.99310255
vt 0.50693130 0.99310255
vt 0.50693130 0.99310255
vt 0.50693130 0.99310255
vt 0.50693130 0.99310255
vt 0.50693130 0.99310255
vt 0.50693130 0.99310255
vt 0.50693130 0.99310255
vt 0.50693130 0.99310255
vt 0.50693130 0.99310255
vt 0.50693130 0.99310255
vt 0.50693130 0.99310255
vt 0.50693130 0.99310255
vt 0.50693130 0.99310255
vt 0.50675201 0.99338341
vt 0.50675201 0.99338341
vt 0.50675201 0.99338341
vt 0.50675201 0.99338341
vt 0.50675201 0.99338341
vt 0.50675201 0.99338341
vt 0.50675201 0.99338341
vt 0.50675201 0.99338341
vt 0.50675201 0.99338341
vt 0.50675201 0.99338341
vt 0.50675201 0.99338341
vt 0.50675201 0.99338341
vt 0.50675201 0.99338341
vt 0.50675201 0.99338341
vt 0.50675201 0.99338341
vt 0.50675201 0.99338341
vn -0.99980600 -0.00256000 -0.01952700
vn -0.99922400 -0.00512000 -0.03905000
vn -0.99924300 -0.00213400 -0.03884700
vn -0.99981100 -0.00106700 -0.01942500
vn -1.00000000 0.00000000 0.00000400
vn -0.99991700 0.00028400 -0.01288100
vn -0.99925300 0.00085300 -0.03864400
vn -1.00000000 0.00000000 0.00000400
vn -1.00000000 0.00000000 0.00000400
vn -1.00000000 0.00000000 0.00000400
vn -1.00000000 0.00000000 0.00000400
vn -1.00000000 0.00000000 0.00000400
vn -1.00000000 0.00000000 0.00000400
vn -1.00000000 0.00000000 0.00000400
vn -1.00000000 0.00000000 0.00000400
vn -1.00000000 0.00000000 0.00000400
vn -1.00000000 0.00000000 0.00000400
vn -1.00000000 0.00000000 0.00000400
vn -1.00000000 0.00000000 0.00000400
vn -1.00000000 0.00000000 0.00000400
vn -1.00000000 0.00000000 0.00000400
vn -1.00000000 0.00000000 0.00000400
vn -1.00000000 0.00000000 0.00000400
vn -1.00000000 0.00000000 0.00000400
vn -1.00000000 0.00000000 0.00000400
vn -1.00000000 0.00000000 0.00000400
vn -1.00000000 0.00000000 0.00000400
vn -1.00000000 0.00000000 0.00000400
vn -1.00000000 0.00000000 0.00000400
vn -1.00000000 0.00000000 0.00000400
vn -1.00000000 0.00000000 0.00000400
vn -1.00000000 0.00000000 0.00000400
vn -1.00000000 0.00000000 0.00000400
vn -1.00000000 0.00000000 0.00000400
vn -1.00000000 0.00000000 0.00000400
vn -1.00000000 0.00000000 0.00000400
vn -1.00000000 0.00000000 0.00000400
vn -1.00000000 0.00000000 0.00000400
vn -1.00000000 0.00000000 0.00000400
vn -1.00000000 0.00000000 0.00000400
vn -1.00000000 0.00000000 0.00000400
vn -1.00000000 0.00000000 0.00000400
vn -1.00000000 0.00000000 0.00000400
vn -1.00000000 0.00000000 0.00000400
vn -1.00000000 0.00000000 0.00000400
vn -0.00000000 -1.00000000 0.00000000
vn -0.00000000 -1.00000000 0.00000000
vn -0.00000000 -1.00000000 0.00000000
vn -0.00000000 -1.00000000 0.00000000
vn -0.00000000 -1.00000000 0.00000000
vn -0.00000000 -1.00000000 0.00000000
vn -0.00000000 -1.00000000 0.00000000
vn -0.00000000 -1.00000000 0.00000000
vn -0.00000000 -1.00000000 0.00000000
vn -0.00000000 -1.00000000 0.00000000
vn -0.00000000 -1.00000000 0.00000000
vn -0.00000000 -1.00000000 0.00000000
vn -0.00000000 -1.00000000 0.00000000
vn -0.00000000 -1.00000000 0.00000000
vn -0.00000000 -1.00000000 0.00000000
vn -0.00000000 -1.00000000 0.00000000
vn -0.00000000 -1.00000000 0.00000000
vn -0.00000000 -1.00000000 0.00000000
vn -0.00000000 -1.00000000 0.00000000
vn -0.00000000 -1.00000000 0.00000000
vn -0.00000000 -1.00000000 0.00000000
vn -0.00000000 -1.00000000 0.00000000
vn -0.00000000 -1.00000000 0.00000000
vn -0.00000000 -1.00000000 0.00000000
vn -0.00000000 -1.00000000 0.00000000
vn -0.00000000 -1.00000000 0.00000000
vn -0.00000000 -1.00000000 0.00000000
vn -0.00000000 -1.00000000 0.00000000
vn -0.00000000 -1.00000000 0.00000000
vn -0.00000000 -1.00000000 0.00000000
vn -0.00000000 -1.00000000 0.00000000
vn -0.00000000 -1.00000000 0.00000000
vn -0.00000000 -1.00000000 0.00000000
vn -0.00000000 -1.00000000 0.00000000
vn -0.00000000 -1.00000000 0.00000000
vn -0.00000000 -1.00000000 0.00000000
vn 0.00556800 -0.10595000 -0.99435600
vn 0.01101500 0.04407800 -0.99896700
vn 0.00550500 0.04250800 -0.99908100
vn 0.00278200 -0.10673100 -0.99428400
vn -0.00551400 0.04250800 -0.99908100
vn -0.00000400 -0.25358700 -0.96731300
vn -0.00000400 -0.25358700 -0.96731300
vn -0.00000400 -0.25358700 -0.96731300
vn -0.00279000 -0.10673100 -0.99428400
vn -0.01102400 0.04407800 -0.99896700
vn -0.00000400 -0.25358700 -0.96731200
vn -0.00557700 -0.10595000 -0.99435600
vn -0.22843000 0.96801100 -0.10379800
vn -0.32636200 0.82623800 -0.45915000
vn -0.44476100 0.88952200 -0.10458200
vn -0.21882100 0.91346300 -0.34307800
vn 0.22842900 0.96801100 -0.10380000
vn 0.21881900 0.91346300 -0.34307900
vn 0.44476100 0.88952200 -0.10458600
vn 0.32635800 0.82623800 -0.45915300
vn -1.00000000 0.00000000 0.00000400
vn -1.00000000 0.00000000 0.00000400
vn -1.00000000 0.00000000 0.00000400
vn -1.00000000 0.00000000 0.00000400
vn -1.00000000 0.00000000 0.00000400
vn -1.00000000 0.00000000 0.00000400
vn -1.00000000 0.00000000 0.00000400
vn -1.00000000 0.00000000 0.00000400
vn -1.00000000 0.00000000 0.00000400
vn -1.00000000 0.00000000 0.00000400
vn -1.00000000 0.00000000 0.00000400
vn -1.00000000 0.00000000 0.00000400
vn -1.00000000 0.00000000 0.00000400
vn -1.00000000 0.00000000 0.00000400
vn 0.00000000 1.00000000 -0.00000000
vn 0.00000000 1.00000000 -0.00000000
vn 0.00000000 1.00000000 -0.00000000
vn 0.00000000 1.00000000 -0.00000000
vn 0.00000000 1.00000000 -0.00000000
vn 0.00000000 1.00000000 -0.00000000
vn 0.00000000 1.00000000 -0.00000000
vn 0.00000000 1.00000000 -0.00000000
vn 0.00000000 1.00000000 -0.00000000
vn 0.00000000 1.00000000 -0.00000000
vn 0.00000000 1.00000000 -0.00000000
vn 0.00000000 1.00000000 -0.00000000
vn 0.00000000 1.00000000 -0.00000000
vn 0.00000000 1.00000000 -0.00000000
vn 0.00000000 1.00000000 -0.00000000
vn 0.00000000 1.00000000 -0.00000000
vn -1.00000000 0.00000000 0.00000400
vn -1.00000000 0.00000000 0.00000400
vn -1.00000000 0.00000000 0.00000400
vn -1.00000000 0.00000000 0.00000400
vn 1.00000000 -0.00000000 -0.00000400
vn 1.00000000 -0.00000000 -0.00000400
vn 1.00000000 -0.00000000 -0.00000400
vn 1.00000000 -0.00000000 -0.00000400
vn 1.00000000 -0.00000000 -0.00000400
vn 1.00000000 -0.00000000 -0.00000400
vn 1.00000000 -0.00000000 -0.00000400
vn 1.00000000 -0.00000000 -0.00000400
vn 1.00000000 -0.00000000 -0.00000400
vn 1.00000000 -0.00000000 -0.00000400
vn 1.00000000 -0.00000000 -0.00000400
vn 1.00000000 -0.00000000 -0.00000400
vn 1.00000000 -0.00000000 -0.00000400
vn 1.00000000 -0.00000000 -0.00000400
vn 0.00000000 1.00000000 -0.00000000
vn 0.00000000 1.00000000 -0.00000000
vn 0.00000000 1.00000000 -0.00000000
vn 0.00000000 1.00000000 -0.00000000
vn 0.00000400 0.09950400 0.99503700
vn 0.00000400 0.09950400 0.99503700
vn 0.00000400 0.09950400 0.99503700
vn 0.00000400 0.09950400 0.99503700
vn 0.00000000 1.00000000 -0.00000000
vn 0.00000000 1.00000000 -0.00000000
vn 0.00000000 1.00000000 -0.00000000
vn 0.00000000 1.00000000 -0.00000000
vn 0.00000000 1.00000000 -0.00000000
vn 0.00000000 1.00000000 -0.00000000
vn 0.00000000 1.00000000 -0.00000000
vn 0.00000000 1.00000000 -0.00000000
vn 0.00000000 1.00000000 -0.00000000
vn 0.00000000 1.00000000 -0.00000000
vn 0.00000000 1.00000000 -0.00000000
vn 0.00000000 1.00000000 -0.00000000
vn 0.00000000 1.00000000 -0.00000000
vn 0.00000000 1.00000000 -0.00000000
vn 0.00000400 0.00000000 1.00000000
vn 0.00000400 0.00000000 1.00000000
vn 0.00000400 0.00000000 1.00000000
vn 0.00000400 0.00000000 1.00000000
vn 0.00000300 -0.66160700 0.74985100
vn 0.00000100 -0.93858600 0.34504600
vn 0.00000200 -0.88697900 0.46180900
vn 0.00000300 -0.66160700 0.74985100
vn 0.08102700 0.70753300 -0.70201900
vn -0.00000200 0.91316200 -0.40759800
vn -0.00000200 0.91316200 -0.40759800
vn 0.05397900 0.72678800 -0.68473800
vn 0.32635800 0.82623800 -0.45915300
vn 0.21881900 0.91346300 -0.34307900
vn -0.00000200 0.91316200 -0.40759800
vn -0.05398500 0.72678800 -0.68473700
vn -0.00000200 0.91316200 -0.40759800
vn -0.08103300 0.70753300 -0.70201900
vn -0.21882100 0.91346300 -0.34307800
vn -0.32636200 0.82623800 -0.45915000
vn -1.00000000 0.00000000 0.00000400
vn -1.00000000 0.00000000 0.00000400
vn -1.00000000 0.00000000 0.00000400
vn -1.00000000 0.00000000 0.00000400
vn -0.00000400 -0.00000000 -1.00000000
vn -0.00000400 -0.00000000 -1.00000000
vn -0.00000400 -0.00000000 -1.00000000
vn -0.00000400 -0.00000000 -1.00000000
vn 0.00000300 -0.66160700 0.74985100
vn 0.00000200 -0.88697900 0.46180900
vn 0.00000100 -0.93858600 0.34504600
vn 0.00000300 -0.66160700 0.74985100
vn 0.00000400 0.00000000 1.00000000
vn 0.00000400 0.00000000 1.00000000
vn 0.00000400 0.00000000 1.00000000
vn 0.00000400 0.00000000 1.00000000
vn 0.01094500 -0.27043500 -0.96267600
vn 0.01094500 -0.27043500 -0.96267600
vn 0.01094500 -0.27043500 -0.96267600
vn 0.01094500 -0.27043500 -0.96267600
vn 1.00000000 -0.00000000 -0.00000400
vn 1.00000000 -0.00000000 -0.00000400
vn 1.00000000 -0.00000000 -0.00000400
vn 1.00000000 -0.00000000 -0.00000400
vn 1.00000000 -0.00000000 -0.00000400
vn 1.00000000 -0.00000000 -0.00000400
vn 1.00000000 -0.00000000 -0.00000400
vn 1.00000000 -0.00000000 -0.00000400
vn 1.00000000 -0.00000000 -0.00000400
vn 1.00000000 -0.00000000 -0.00000400
vn 1.00000000 -0.00000000 -0.00000400
vn 1.00000000 -0.00000000 -0.00000400
vn -0.00000400 -0.26714500 -0.96365600
vn -0.00000400 -0.26714500 -0.96365600
vn -0.00000400 -0.26714500 -0.96365600
vn -0.00000400 -0.26714500 -0.96365600
vn 1.00000000 -0.00000000 -0.00000400
vn 1.00000000 -0.00000000 -0.00000400
vn 1.00000000 -0.00000000 -0.00000400
vn 1.00000000 -0.00000000 -0.00000400
vn -0.00000400 -0.00000000 -1.00000000
vn -0.00000400 -0.00000000 -1.00000000
vn -0.00000400 -0.00000000 -1.00000000
vn -0.00000400 -0.00000000 -1.00000000
vn -1.00000000 0.00000000 0.00000400
vn -1.00000000 0.00000000 0.00000400
vn -1.00000000 0.00000000 0.00000400
vn -1.00000000 0.00000000 0.00000400
vn -1.00000000 0.00000000 0.00000400
vn -1.00000000 0.00000000 0.00000400
vn -1.00000000 0.00000000 0.00000400
vn -1.00000000 0.00000000 0.00000400
vn -0.00000200 0.91316200 -0.40759800
vn -0.00000000 0.99366600 -0.11237500
vn -0.00000200 0.91316200 -0.40759800
vn -0.00023900 0.99348300 -0.11397700
vn -0.00023900 0.99308100 -0.11742800
vn -0.00000200 0.91316200 -0.40759800
vn -0.00000200 0.91316200 -0.40759800
vn -0.00000000 0.99286100 -0.11927600
vn -0.00000000 0.99865300 -0.05189100
vn -0.00023900 0.99891500 -0.04656300
vn -0.00000000 0.99898900 -0.04495200
vn 0.00000000 0.99999400 0.00343500
vn -0.00023900 0.99874800 -0.05003300
vn 0.00167300 0.99975200 0.02221600
vn 0.00000000 0.99960400 0.02813600
vn 0.00000000 0.99844300 0.05577500
vn 0.00167300 0.99995000 0.00986500
vn 0.00326000 0.99830700 0.05806800
vn 0.00326300 0.99806500 0.06209700
vn 0.00000000 0.99796000 0.06383600
vn 0.00000100 0.99351700 0.11368000
vn 0.00158700 0.99600800 0.08924700
vn 0.00000000 0.99670900 0.08105700
vn 0.00158700 0.99441200 0.10555800
vn 0.00000100 0.99265200 0.12100800
vn 0.00000100 0.99265200 0.12100800
vn 0.00000100 0.97918300 0.20297900
vn 0.00000100 0.99265200 0.12100800
vn 0.00000100 0.99265200 0.12100800
vn 0.00000100 0.97918300 0.20297900
vn 0.00000100 0.96292500 0.26976800
vn 0.00000100 0.96292500 0.26976900
vn 0.00000100 0.97918300 0.20298000
vn 0.00000100 0.97918300 0.20298100
vn 0.00000100 0.96292400 0.26977200
vn 0.00000100 0.96292400 0.26977300
vn 0.04032800 -0.99611400 -0.07829500
vn 0.04032800 -0.99611400 -0.07829500
vn 0.01173900 -0.99856400 -0.05226400
vn 0.01002400 -0.99577900 -0.09123700
vn -0.00342400 -0.99627600 -0.08615500
vn -0.00256300 -0.99485500 -0.10128100
vn -0.00256300 -0.99485500 -0.10128100
vn -0.00000000 -0.99908200 -0.04283200
vn -0.00000000 -0.99908200 -0.04283200
vn 0.00000000 -0.99803700 0.06263300
vn 0.00000000 -0.99803600 0.06263700
vn -0.00171600 -0.99888500 -0.04717600
vn -0.00000000 -0.99800800 -0.06308900
vn -0.00000000 -0.99800800 -0.06308900
vn 0.00000000 -0.99720100 0.07476900
vn 0.00000000 -0.99720100 0.07476900
vn 0.00000100 -0.96618400 0.25785300
vn 0.00000000 -0.99370900 0.11199600
vn 0.00000200 -0.88697900 0.46180900
vn 0.00000100 -0.96618400 0.25785300
vn 0.00000200 -0.88697900 0.46180900
vn 0.00000000 -0.99370900 0.11199600
vn 0.00000000 -0.99558600 0.09385800
vn 0.00000000 -0.99558600 0.09385500
vn 0.00000000 -0.99558600 0.09385500
vn 0.00000000 -0.99558500 0.09386400
vn 0.00000000 -0.99558500 0.09386600
vn 0.00000000 -0.99558500 0.09386600
vn 0.00000400 -0.14981900 0.98871300
vn 0.00000400 -0.14981700 0.98871400
vn 0.00000400 -0.02130500 0.99977300
vn 0.00000400 -0.02130600 0.99977300
vn 0.00000400 -0.14982300 0.98871300
vn 0.00000400 0.16961700 0.98551000
vn 0.00000400 0.20053100 0.97968700
vn 0.00000400 0.29172400 0.95650200
vn 0.00000400 0.29172400 0.95650200
vn 0.00000400 0.16961700 0.98551000
vn 0.00000400 -0.02130700 0.99977300
vn 0.00000400 -0.14982400 0.98871300
vn 0.00000400 -0.02130800 0.99977300
vn 0.00000400 0.20053100 0.97968700
vn 0.00000400 0.29172400 0.95650200
vn 0.00000400 0.29172400 0.95650200
vn 1.00000000 -0.00000000 -0.00000400
vn 1.00000000 -0.00000000 -0.00000400
vn 1.00000000 -0.00000000 -0.00000400
vn 1.00000000 -0.00000000 -0.00000400
vn 1.00000000 -0.00000000 -0.00000400
vn 1.00000000 -0.00000000 -0.00000400
vn 1.00000000 -0.00000000 -0.00000400
vn 1.00000000 -0.00000000 -0.00000400
vn 1.00000000 -0.00000000 -0.00000400
vn 1.00000000 -0.00000000 -0.00000400
vn 1.00000000 -0.00000000 -0.00000400
vn 1.00000000 -0.00000000 -0.00000400
vn 1.00000000 -0.00000000 -0.00000400
vn 1.00000000 -0.00000000 -0.00000400
vn 1.00000000 -0.00000000 -0.00000400
vn 1.00000000 -0.00000000 -0.00000400
vn 1.00000000 -0.00000000 -0.00000400
vn 1.00000000 -0.00000000 -0.00000400
vn 0.99980600 -0.00256100 -0.01953500
vn 0.99981100 -0.00106700 -0.01943400
vn 0.99922400 -0.00512100 -0.03905900
vn 0.99924300 -0.00213400 -0.03885600
vn 0.99925200 0.00085200 -0.03865300
vn 0.99991700 0.00028400 -0.01288900
vn 1.00000000 -0.00000000 -0.00000400
vn 1.00000000 -0.00000000 -0.00000400
vn 1.00000000 -0.00000000 -0.00000400
vn 1.00000000 -0.00000000 -0.00000400
vn 1.00000000 -0.00000000 -0.00000400
vn 1.00000000 -0.00000000 -0.00000400
vn 1.00000000 -0.00000000 -0.00000400
vn 1.00000000 -0.00000000 -0.00000400
vn 1.00000000 -0.00000000 -0.00000400
vn 1.00000000 -0.00000000 -0.00000400
vn 1.00000000 -0.00000000 -0.00000400
vn 1.00000000 -0.00000000 -0.00000400
vn 1.00000000 -0.00000000 -0.00000400
vn 1.00000000 -0.00000000 -0.00000400
vn 1.00000000 -0.00000000 -0.00000400
vn 1.00000000 -0.00000000 -0.00000400
vn 1.00000000 -0.00000000 -0.00000400
vn 1.00000000 -0.00000000 -0.00000400
vn 1.00000000 -0.00000000 -0.00000400
vn 1.00000000 -0.00000000 -0.00000400
vn 1.00000000 -0.00000000 -0.00000400
vn -0.00000000 -1.00000000 0.00000000
vn 0.00000000 -0.99720100 0.07476900
vn 0.00000000 -0.99720100 0.07476900
vn -0.00000000 -1.00000000 0.00000000
vn -0.00000400 0.09950300 -0.99503700
vn -0.00000400 0.09950300 -0.99503700
vn -0.00000400 0.09950300 -0.99503700
vn -0.00000400 0.09950300 -0.99503700
vn 0.00000400 -0.03313700 0.99945100
vn 0.00000400 -0.03313800 0.99945100
vn 0.00000400 -0.03313800 0.99945100
vn 0.00000400 -0.03313700 0.99945100
vn 0.00000400 -0.03313600 0.99945100
vn 0.00000400 -0.03313600 0.99945100
vn 0.00000400 -0.03313500 0.99945100
vn 0.00000400 -0.03313500 0.99945100
vn -1.00000000 0.00000000 0.00000400
vn -1.00000000 0.00000000 0.00000400
vn -1.00000000 0.00000000 0.00000400
vn -1.00000000 0.00000000 0.00000400
vn 1.00000000 -0.00000000 -0.00000400
vn 1.00000000 -0.00000000 -0.00000400
vn 1.00000000 -0.00000000 -0.00000400
vn 1.00000000 -0.00000000 -0.00000400
vn 0.00000400 0.00000000 1.00000000
vn 0.00000400 0.00000000 1.00000000
vn 0.00000400 0.00000000 1.00000000
vn 0.00000400 0.00000000 1.00000000
vn -0.00000000 -0.99652900 -0.08325200
vn -0.00000000 -0.99652900 -0.08325200
vn -0.00000000 -0.99652900 -0.08325200
vn -0.00000000 -0.99652900 -0.08325200
vn 0.00000000 0.99652900 0.08325200
vn 0.00000000 0.99652900 0.08325200
vn 0.00000000 0.99652900 0.08325200
vn 0.00000000 0.99652900 0.08325200
vn -1.00000000 0.00000000 0.00000400
vn -1.00000000 0.00000000 0.00000400
vn -1.00000000 0.00000000 0.00000400
vn -1.00000000 0.00000000 0.00000400
vn 0.04570500 -0.00000000 -0.99895500
vn 0.09131900 -0.00000000 -0.99582200
vn 0.09131900 -0.00000000 -0.99582200
vn 0.04570500 -0.00000000 -0.99895500
vn -0.04481400 -0.00000000 -0.99899500
vn -0.04481400 -0.00000000 -0.99899500
vn -0.08953300 -0.00000000 -0.99598400
vn -0.08953300 -0.00000000 -0.99598400
vn 1.00000000 -0.00000000 -0.00000400
vn 1.00000000 -0.00000000 -0.00000400
vn 1.00000000 -0.00000000 -0.00000400
vn 1.00000000 -0.00000000 -0.00000400
vn 0.04481400 0.00000000 0.99899500
vn 0.08953300 0.00000000 0.99598400
vn 0.08953300 0.00000000 0.99598400
vn 0.04481400 0.00000000 0.99899500
vn -0.04570500 0.00000000 0.99895500
vn -0.04570500 0.00000000 0.99895500
vn -0.09131900 0.00000000 0.99582200
vn -0.09131900 0.00000000 0.99582200
vn -0.00000000 -1.00000000 0.00000000
vn -0.00000000 -1.00000000 0.00000000
vn -0.00000000 -1.00000000 0.00000000
vn -0.00000000 -1.00000000 0.00000000
vn -0.00000000 -1.00000000 0.00000000
vn -0.00000000 -1.00000000 0.00000000
vn -0.00000000 -1.00000000 0.00000000
vn -0.00000000 -1.00000000 0.00000000
vn 0.00000000 1.00000000 -0.00000000
vn 0.00000000 1.00000000 -0.00000000
vn 0.00000000 1.00000000 -0.00000000
vn 0.00000000 1.00000000 -0.00000000
vn 0.00000000 1.00000000 -0.00000000
vn 0.00000000 1.00000000 -0.00000000
vn 0.00000000 1.00000000 -0.00000000
vn 0.00000000 1.00000000 -0.00000000
vn 1.00000000 -0.00000000 -0.00000400
vn 1.00000000 -0.00000000 -0.00000400
vn 1.00000000 -0.00000000 -0.00000400
vn 1.00000000 -0.00000000 -0.00000400
vn -0.04570400 0.00000000 0.99895500
vn -0.09131700 0.00000000 0.99582200
vn -0.09131700 0.00000000 0.99582200
vn -0.04570400 0.00000000 0.99895500
vn 0.04481500 0.00000000 0.99899500
vn 0.04481500 0.00000000 0.99899500
vn 0.08953500 0.00000000 0.99598400
vn 0.08953500 0.00000000 0.99598400
vn -1.00000000 0.00000000 0.00000400
vn -1.00000000 0.00000000 0.00000400
vn -1.00000000 0.00000000 0.00000400
vn -1.00000000 0.00000000 0.00000400
vn -0.04481500 -0.00000000 -0.99899500
vn -0.08953500 -0.00000000 -0.99598400
vn -0.08953500 -0.00000000 -0.99598400
vn -0.04481500 -0.00000000 -0.99899500
vn 0.04570400 -0.00000000 -0.99895500
vn 0.04570400 -0.00000000 -0.99895500
vn 0.09131700 -0.00000000 -0.99582200
vn 0.09131700 -0.00000000 -0.99582200
vn -0.00000000 -1.00000000 0.00000000
vn -0.00000000 -1.00000000 0.00000000
vn -0.00000000 -1.00000000 0.00000000
vn -0.00000000 -1.00000000 0.00000000
vn -0.00000000 -1.00000000 0.00000000
vn -0.00000000 -1.00000000 0.00000000
vn -0.00000000 -1.00000000 0.00000000
vn -0.00000000 -1.00000000 0.00000000
vn 0.00000000 1.00000000 -0.00000000
vn 0.00000000 1.00000000 -0.00000000
vn 0.00000000 1.00000000 -0.00000000
vn 0.00000000 1.00000000 -0.00000000
vn 0.00000000 1.00000000 -0.00000000
vn 0.00000000 1.00000000 -0.00000000
vn 0.00000000 1.00000000 -0.00000000
vn 0.00000000 1.00000000 -0.00000000
vn -0.00000400 -0.00000000 -1.00000000
vn -0.00000400 -0.00000000 -1.00000000
vn -0.00000400 -0.00000000 -1.00000000
vn -0.00000400 -0.00000000 -1.00000000
vn -0.00000000 -1.00000000 0.00000000
vn -0.00000000 -1.00000000 0.00000000
vn -0.00000000 -1.00000000 0.00000000
vn -0.00000000 -1.00000000 0.00000000
vn 0.00000000 1.00000000 -0.00000000
vn 0.00000000 1.00000000 -0.00000000
vn 0.00000000 1.00000000 -0.00000000
vn 0.00000000 1.00000000 -0.00000000
vn -1.00000000 0.00000000 0.00000400
vn -1.00000000 0.00000000 0.00000400
vn -1.00000000 0.00000000 0.00000400
vn -1.00000000 0.00000000 0.00000400
vn 1.00000000 -0.00000000 -0.00000400
vn 1.00000000 -0.00000000 -0.00000400
vn 1.00000000 -0.00000000 -0.00000400
vn 1.00000000 -0.00000000 -0.00000400
vn 0.00000000 -1.00000000 0.00000000
vn -0.00000000 1.00000000 0.00000000
vn 0.00000000 0.00000000 -1.00000000
vn 1.00000000 0.00000000 0.00000000
vn 0.00000000 -0.00000000 1.00000000
vn -1.00000000 0.00000000 0.00000000
vn 0.92387500 -0.00000000 0.38269300
vn 0.38269100 -0.00000000 0.92387600
vn -0.38269100 0.00000000 0.92387600
vn -0.92387500 0.00000000 0.38269300
vn -0.92387500 0.00000000 -0.38269300
vn -0.38269100 0.00000000 -0.92387600
vn 0.38269100 0.00000000 -0.92387600
vn 0.92387500 0.00000000 -0.38269300
vn 1.00000000 -0.00000000 0.00000400
vn 1.00000000 -0.00000000 0.00000400
vn 1.00000000 -0.00000000 0.00000400
vn 1.00000000 -0.00000000 0.00000400
vn 1.00000000 -0.00000000 0.00000400
vn 1.00000000 -0.00000000 0.00000400
vn 1.00000000 -0.00000000 0.00000400
vn 1.00000000 -0.00000000 0.00000400
vn 0.00000400 0.00000100 -1.00000000
vn 0.00000400 0.00000100 -1.00000000
vn 0.00000400 0.00000100 -1.00000000
vn 0.00000400 0.00000100 -1.00000000
vn -0.00000400 -0.02912100 0.99957600
vn -0.00000400 -0.00000100 1.00000000
vn -0.00000400 -0.00000100 1.00000000
vn -0.00000400 -0.02912100 0.99957600
vn -0.00000400 -0.05821600 0.99830400
vn -0.00000400 -0.05821600 0.99830400
vn 0.00000000 1.00000000 0.00000100
vn 0.00000000 1.00000000 0.00000100
vn 0.00000000 1.00000000 0.00000100
vn 0.00000000 1.00000000 0.00000100
vn -1.00000000 0.00000000 -0.00000400
vn -1.00000000 0.00000000 -0.00000400
vn -1.00000000 0.00000000 -0.00000400
vn -1.00000000 0.00000000 -0.00000400
vn -1.00000000 0.00000000 -0.00000400
vn -1.00000000 0.00000000 -0.00000400
vn -1.00000000 0.00000000 -0.00000400
vn -1.00000000 0.00000000 -0.00000400
vn 0.00000400 0.05843500 -0.99829100
vn 0.00000400 0.05843500 -0.99829100
vn 0.00000400 0.05843500 -0.99829100
vn 0.00000400 0.05843500 -0.99829100
vn -0.00000000 0.99159800 0.12935800
vn -0.00000000 0.99159800 0.12935800
vn -0.00000000 0.99159800 0.12935800
vn -0.00000000 0.99159800 0.12935800
vn 1.00000000 -0.00000000 0.00000400
vn 1.00000000 -0.00000000 0.00000400
vn 1.00000000 -0.00000000 0.00000400
vn 1.00000000 -0.00000000 0.00000400
vn 1.00000000 -0.00000000 0.00000400
vn 1.00000000 -0.00000000 0.00000400
vn 1.00000000 -0.00000000 0.00000400
vn 1.00000000 -0.00000000 0.00000400
vn 0.00000400 0.00000100 -1.00000000
vn 0.00000400 0.00000100 -1.00000000
vn 0.00000400 0.00000100 -1.00000000
vn 0.00000400 0.00000100 -1.00000000
vn -0.00000400 -0.02912100 0.99957600
vn -0.00000400 -0.00000100 1.00000000
vn -0.00000400 -0.00000100 1.00000000
vn -0.00000400 -0.02912100 0.99957600
vn -0.00000400 -0.05821600 0.99830400
vn -0.00000400 -0.05821600 0.99830400
vn 0.00000000 1.00000000 0.00000100
vn 0.00000000 1.00000000 0.00000100
vn 0.00000000 1.00000000 0.00000100
vn 0.00000000 1.00000000 0.00000100
vn -1.00000000 0.00000000 -0.00000400
vn -1.00000000 0.00000000 -0.00000400
vn -1.00000000 0.00000000 -0.00000400
vn -1.00000000 0.00000000 -0.00000400
vn -1.00000000 0.00000000 -0.00000400
vn -1.00000000 0.00000000 -0.00000400
vn -1.00000000 0.00000000 -0.00000400
vn -1.00000000 0.00000000 -0.00000400
vn 0.00000400 0.05843500 -0.99829100
vn 0.00000400 0.05843500 -0.99829100
vn 0.00000400 0.05843500 -0.99829100
vn 0.00000400 0.05843500 -0.99829100
vn -0.00000000 0.99159800 0.12935800
vn -0.00000000 0.99159800 0.12935800
vn -0.00000000 0.99159800 0.12935800
vn -0.00000000 0.99159800 0.12935800
vn 1.00000000 0.00000000 0.00000400
vn 1.00000000 0.00000000 0.00000400
vn 1.00000000 0.00000000 0.00000400
vn 1.00000000 0.00000000 0.00000400
vn 1.00000000 0.00000000 0.00000400
vn 1.00000000 0.00000000 0.00000400
vn 1.00000000 0.00000000 0.00000400
vn 1.00000000 0.00000000 0.00000400
vn 0.00000400 0.00000100 -1.00000000
vn 0.00000400 0.00000100 -1.00000000
vn 0.00000400 0.00000100 -1.00000000
vn 0.00000400 0.00000100 -1.00000000
vn -0.00000400 -0.02912100 0.99957600
vn -0.00000400 -0.00000100 1.00000000
vn -0.00000400 -0.00000100 1.00000000
vn -0.00000400 -0.02912100 0.99957600
vn -0.00000400 -0.05821600 0.99830400
vn -0.00000400 -0.05821600 0.99830400
vn -0.00000000 1.00000000 0.00000100
vn -0.00000000 1.00000000 0.00000100
vn -0.00000000 1.00000000 0.00000100
vn -0.00000000 1.00000000 0.00000100
vn -1.00000000 -0.00000000 -0.00000400
vn -1.00000000 -0.00000000 -0.00000400
vn -1.00000000 -0.00000000 -0.00000400
vn -1.00000000 -0.00000000 -0.00000400
vn -1.00000000 -0.00000000 -0.00000400
vn -1.00000000 -0.00000000 -0.00000400
vn -1.00000000 -0.00000000 -0.00000400
vn -1.00000000 -0.00000000 -0.00000400
vn 0.00000400 0.05843600 -0.99829100
vn 0.00000400 0.05843600 -0.99829100
vn 0.00000400 0.05843600 -0.99829100
vn 0.00000400 0.05843600 -0.99829100
vn -0.00000100 0.99159800 0.12935900
vn -0.00000100 0.99159800 0.12935900
vn -0.00000100 0.99159800 0.12935900
vn -0.00000100 0.99159800 0.12935900
vn 1.00000000 0.00000000 0.00000400
vn 1.00000000 0.00000000 0.00000400
vn 1.00000000 0.00000000 0.00000400
vn 1.00000000 0.00000000 0.00000400
vn 1.00000000 0.00000000 0.00000400
vn 1.00000000 0.00000000 0.00000400
vn 1.00000000 0.00000000 0.00000400
vn 1.00000000 0.00000000 0.00000400
vn 0.00000400 0.00000100 -1.00000000
vn 0.00000400 0.00000100 -1.00000000
vn 0.00000400 0.00000100 -1.00000000
vn 0.00000400 0.00000100 -1.00000000
vn -0.00000400 -0.02912100 0.99957600
vn -0.00000400 -0.00000100 1.00000000
vn -0.00000400 -0.00000100 1.00000000
vn -0.00000400 -0.02912100 0.99957600
vn -0.00000400 -0.05821600 0.99830400
vn -0.00000400 -0.05821600 0.99830400
vn -0.00000000 1.00000000 0.00000100
vn -0.00000000 1.00000000 0.00000100
vn -0.00000000 1.00000000 0.00000100
vn -0.00000000 1.00000000 0.00000100
vn -1.00000000 -0.00000000 -0.00000400
vn -1.00000000 -0.00000000 -0.00000400
vn -1.00000000 -0.00000000 -0.00000400
vn -1.00000000 -0.00000000 -0.00000400
vn -1.00000000 -0.00000000 -0.00000400
vn -1.00000000 -0.00000000 -0.00000400
vn -1.00000000 -0.00000000 -0.00000400
vn -1.00000000 -0.00000000 -0.00000400
vn 0.00000400 0.05843600 -0.99829100
vn 0.00000400 0.05843600 -0.99829100
vn 0.00000400 0.05843600 -0.99829100
vn 0.00000400 0.05843600 -0.99829100
vn -0.00000100 0.99159800 0.12935900
vn -0.00000100 0.99159800 0.12935900
vn -0.00000100 0.99159800 0.12935900
vn -0.00000100 0.99159800 0.12935900
vn 1.00000000 0.00000000 0.00000400
vn 1.00000000 0.00000000 0.00000400
vn 1.00000000 0.00000000 0.00000400
vn 1.00000000 0.00000000 0.00000400
vn 0.53402400 0.81666200 -0.21882000
vn 0.53402400 0.81666200 -0.21882000
vn 0.53402400 0.81666200 -0.21882000
vn 0.53402400 0.81666200 -0.21882000
vn 0.00000400 -0.25881700 -0.96592600
vn 0.00000400 -0.25881700 -0.96592600
vn 0.00000400 -0.25881700 -0.96592600
vn 0.00000400 -0.25881700 -0.96592600
vn 0.00000400 -0.25881700 -0.96592600
vn 0.00000400 -0.25881700 -0.96592600
vn 0.00000400 -0.25881700 -0.96592600
vn -0.00000400 0.25881700 0.96592600
vn -0.00000400 0.25881700 0.96592600
vn -0.00000400 0.25881700 0.96592600
vn -0.00000400 0.25881700 0.96592600
vn -0.00000400 0.25881700 0.96592600
vn -0.00000400 0.25881700 0.96592600
vn -0.00000400 0.25881700 0.96592600
vn -0.53402400 -0.81666200 0.21882000
vn -0.53402400 -0.81666200 0.21882000
vn -0.53402400 -0.81666200 0.21882000
vn -0.53402400 -0.81666200 0.21882000
vn -0.00000400 0.25881700 0.96592600
vn -0.00000400 0.25881700 0.96592600
vn -0.00000400 0.25881700 0.96592600
vn -0.00000400 0.25881700 0.96592600
vn 0.00000400 -0.25881700 -0.96592600
vn 0.00000400 -0.25881700 -0.96592600
vn 0.00000400 -0.25881700 -0.96592600
vn 0.00000400 -0.25881700 -0.96592600
vn -1.00000000 -0.00000000 -0.00000400
vn -1.00000000 -0.00000000 -0.00000400
vn -1.00000000 -0.00000000 -0.00000400
vn -1.00000000 -0.00000000 -0.00000400
vn -0.53402100 0.81666200 -0.21882500
vn -0.53402100 0.81666200 -0.21882500
vn -0.53402100 0.81666200 -0.21882500
vn -0.53402100 0.81666200 -0.21882500
vn 0.53402300 -0.81666100 0.21882400
vn 0.53402300 -0.81666100 0.21882400
vn 0.53402300 -0.81666100 0.21882400
vn 0.53402300 -0.81666100 0.21882400
vn 0.50000100 0.83651600 -0.22414000
vn 0.00000100 0.96592600 -0.25881700
vn 0.00000100 0.96592600 -0.25881700
vn 0.50000100 0.83651600 -0.22414000
vn -0.50000000 0.83651600 -0.22414400
vn 0.86602600 0.48296300 -0.12940500
vn -0.50000000 0.83651600 -0.22414400
vn 0.86602600 0.48296300 -0.12940500
vn -0.86602500 0.48296300 -0.12941200
vn 1.00000000 0.00000000 0.00000400
vn -0.86602500 0.48296300 -0.12941200
vn 1.00000000 0.00000000 0.00000400
vn -1.00000000 -0.00000000 -0.00000400
vn 0.86602500 -0.48296300 0.12941200
vn -1.00000000 -0.00000000 -0.00000400
vn 0.86602500 -0.48296300 0.12941200
vn -0.86602600 -0.48296200 0.12940500
vn 0.50000000 -0.83651600 0.22414400
vn -0.86602600 -0.48296200 0.12940500
vn 0.50000000 -0.83651600 0.22414400
vn -0.49999900 -0.83651800 0.22414000
vn -0.00000100 -0.96592600 0.25881700
vn -0.49999900 -0.83651800 0.22414000
vn -0.00000100 -0.96592600 0.25881700
vn 0.00000400 -0.25881700 -0.96592600
vn 0.00000400 -0.25881700 -0.96592600
vn 0.00000400 -0.25881700 -0.96592600
vn 0.00000400 -0.25881700 -0.96592600
vn 0.00000400 -0.25881700 -0.96592600
vn 0.00000400 -0.25881700 -0.96592600
vn 0.00000400 -0.25881700 -0.96592600
vn 0.00000400 -0.25881700 -0.96592600
vn 0.00000400 -0.25881700 -0.96592600
vn 0.00000400 -0.25881700 -0.96592600
vn 0.00000400 -0.25881700 -0.96592600
vn 0.00000400 -0.25881700 -0.96592600
vn 0.00000400 -0.25881700 -0.96592600
vn 0.00000400 -0.25881700 -0.96592600
vn 0.00000400 -0.25881700 -0.96592600
vn 0.00000400 -0.25881700 -0.96592600
vn 0.00000400 -0.25881700 -0.96592600
vn 0.00000400 -0.25881700 -0.96592600
vn 0.00000400 -0.25881700 -0.96592600
vn 0.00000400 -0.25881700 -0.96592600
vn 0.00000400 -0.25881700 -0.96592600
vn 0.00000400 -0.25881700 -0.96592600
vn 0.00000400 -0.25881700 -0.96592600
vn 0.00000400 -0.25881700 -0.96592600
vn -0.00000400 0.25881700 0.96592600
vn -0.00000400 0.25881700 0.96592600
vn -0.00000400 0.25881700 0.96592600
vn -0.00000400 0.25881700 0.96592600
vn -0.00000400 0.25881700 0.96592600
vn -0.00000400 0.25881700 0.96592600
vn -0.00000400 0.25881700 0.96592600
vn -0.00000400 0.25881700 0.96592600
vn -0.00000400 0.25881700 0.96592600
vn -0.00000400 0.25881700 0.96592600
vn -0.00000400 0.25881700 0.96592600
vn -0.00000400 0.25881700 0.96592600
vn -0.00000400 0.25881700 0.96592600
vn -0.00000400 0.25881700 0.96592600
vn -0.00000400 0.25881700 0.96592600
vn -0.00000400 0.25881700 0.96592600
vn -0.00000400 0.25881700 0.96592600
vn -0.00000400 0.25881700 0.96592600
vn -0.00000400 0.25881700 0.96592600
vn -0.00000400 0.25881700 0.96592600
vn -0.00000400 0.25881700 0.96592600
vn -0.00000400 0.25881700 0.96592600
vn -0.00000400 0.25881700 0.96592600
vn -0.00000400 0.25881700 0.96592600
vn 0.50000100 0.83651700 -0.22414000
vn 0.00000100 0.96592600 -0.25881700
vn 0.50000100 0.83651700 -0.22414000
vn 0.00000100 0.96592600 -0.25881700
vn 0.86602600 0.48296300 -0.12940500
vn -0.49999900 0.83651700 -0.22414500
vn 0.86602600 0.48296300 -0.12940500
vn -0.49999900 0.83651700 -0.22414500
vn 1.00000000 0.00000000 0.00000400
vn -0.86602500 0.48296300 -0.12941200
vn 1.00000000 0.00000000 0.00000400
vn -0.86602500 0.48296300 -0.12941200
vn 0.86602500 -0.48296300 0.12941200
vn -1.00000000 -0.00000000 -0.00000400
vn 0.86602500 -0.48296300 0.12941200
vn -1.00000000 -0.00000000 -0.00000400
vn 0.49999900 -0.83651700 0.22414500
vn -0.86602600 -0.48296300 0.12940500
vn 0.49999900 -0.83651700 0.22414500
vn -0.86602600 -0.48296300 0.12940500
vn -0.00000100 -0.96592600 0.25881700
vn -0.50000100 -0.83651700 0.22414000
vn -0.00000100 -0.96592600 0.25881700
vn -0.50000100 -0.83651700 0.22414000
vn -0.86602500 -0.50000100 -0.00000400
vn -0.86602500 -0.50000100 -0.00000400
vn -0.86602500 -0.50000100 -0.00000400
vn -0.86602500 -0.50000100 -0.00000400
vn 0.00000000 -1.00000000 0.00000000
vn 0.00000000 -1.00000000 0.00000000
vn 0.00000000 -1.00000000 0.00000000
vn 0.00000000 -1.00000000 0.00000000
vn 0.86602500 -0.50000000 0.00000400
vn 0.86602500 -0.50000000 0.00000400
vn 0.86602500 -0.50000000 0.00000400
vn 0.86602500 -0.50000000 0.00000400
vn 0.86602500 0.50000100 0.00000400
vn 0.86602500 0.50000100 0.00000400
vn 0.86602500 0.50000100 0.00000400
vn 0.86602500 0.50000100 0.00000400
vn -0.00000400 0.00000000 1.00000000
vn -0.00000400 0.00000000 1.00000000
vn -0.00000400 0.00000000 1.00000000
vn -0.00000400 0.00000000 1.00000000
vn -0.00000400 0.00000000 1.00000000
vn -0.00000400 0.00000000 1.00000000
vn -0.00000000 1.00000000 -0.00000000
vn -0.00000000 1.00000000 -0.00000000
vn -0.00000000 1.00000000 -0.00000000
vn -0.00000000 1.00000000 -0.00000000
vn -0.86602500 0.50000100 -0.00000400
vn -0.86602500 0.50000100 -0.00000400
vn -0.86602500 0.50000100 -0.00000400
vn -0.86602500 0.50000100 -0.00000400
vn 0.00000400 -0.00000000 -1.00000000
vn 0.00000400 -0.00000000 -1.00000000
vn 0.00000400 -0.00000000 -1.00000000
vn 0.00000400 -0.00000000 -1.00000000
vn 0.00000400 -0.00000000 -1.00000000
vn 0.00000400 -0.00000000 -1.00000000
vn 0.86602500 -0.50000000 0.00000400
vn 0.86602500 -0.50000000 0.00000400
vn 0.86602500 -0.50000000 0.00000400
vn 0.86602500 -0.50000000 0.00000400
vn 0.00000000 -1.00000000 0.00000000
vn 0.00000000 -1.00000000 0.00000000
vn 0.00000000 -1.00000000 0.00000000
vn 0.00000000 -1.00000000 0.00000000
vn -0.86602500 -0.50000100 -0.00000400
vn -0.86602500 -0.50000100 -0.00000400
vn -0.86602500 -0.50000100 -0.00000400
vn -0.86602500 -0.50000100 -0.00000400
vn -0.86602500 0.50000100 -0.00000400
vn -0.86602500 0.50000100 -0.00000400
vn -0.86602500 0.50000100 -0.00000400
vn -0.86602500 0.50000100 -0.00000400
vn -0.00000400 0.00000000 1.00000000
vn -0.00000400 0.00000000 1.00000000
vn -0.00000400 0.00000000 1.00000000
vn -0.00000400 0.00000000 1.00000000
vn -0.00000400 0.00000000 1.00000000
vn -0.00000400 0.00000000 1.00000000
vn -0.00000000 1.00000000 -0.00000000
vn -0.00000000 1.00000000 -0.00000000
vn -0.00000000 1.00000000 -0.00000000
vn -0.00000000 1.00000000 -0.00000000
vn 0.86602500 0.50000100 0.00000400
vn 0.86602500 0.50000100 0.00000400
vn 0.86602500 0.50000100 0.00000400
vn 0.86602500 0.50000100 0.00000400
vn 0.00000400 -0.00000000 -1.00000000
vn 0.00000400 -0.00000000 -1.00000000
vn 0.00000400 -0.00000000 -1.00000000
vn 0.00000400 -0.00000000 -1.00000000
vn 0.00000400 -0.00000000 -1.00000000
vn 0.00000400 -0.00000000 -1.00000000
vn -0.00000000 1.00000000 -0.00000000
vn -0.00000000 1.00000000 -0.00000000
vn -0.00000000 1.00000000 -0.00000000
vn -0.00000000 1.00000000 -0.00000000
vn 0.00000000 -1.00000000 0.00000000
vn 0.00000000 -1.00000000 0.00000000
vn 0.00000000 -1.00000000 0.00000000
vn 0.00000000 -1.00000000 0.00000000
vn -1.00000000 -0.00000000 -0.00000400
vn -1.00000000 -0.00000000 -0.00000400
vn -1.00000000 -0.00000000 -0.00000400
vn -1.00000000 -0.00000000 -0.00000400
vn -0.00000400 0.00000000 1.00000000
vn -0.00000400 0.00000000 1.00000000
vn -0.00000400 0.00000000 1.00000000
vn -0.00000400 0.00000000 1.00000000
vn 1.00000000 0.00000000 0.00000400
vn 1.00000000 0.00000000 0.00000400
vn 1.00000000 0.00000000 0.00000400
vn 1.00000000 0.00000000 0.00000400
vn -0.00000000 1.00000000 -0.00000000
vn -0.00000000 1.00000000 -0.00000000
vn -0.00000000 1.00000000 -0.00000000
vn -0.00000000 1.00000000 -0.00000000
vn 0.00000000 -1.00000000 0.00000000
vn 0.00000000 -1.00000000 0.00000000
vn 0.00000000 -1.00000000 0.00000000
vn 0.00000000 -1.00000000 0.00000000
vn 1.00000000 0.00000000 0.00000400
vn 1.00000000 0.00000000 0.00000400
vn 1.00000000 0.00000000 0.00000400
vn 1.00000000 0.00000000 0.00000400
vn -0.00000400 0.00000000 1.00000000
vn -0.00000400 0.00000000 1.00000000
vn -0.00000400 0.00000000 1.00000000
vn -0.00000400 0.00000000 1.00000000
vn -1.00000000 -0.00000000 -0.00000400
vn -1.00000000 -0.00000000 -0.00000400
vn -1.00000000 -0.00000000 -0.00000400
vn -1.00000000 -0.00000000 -0.00000400
vn -0.07356400 -0.99729100 0.00000000
vn -0.14834000 -0.98893600 0.00000100
vn -0.14834400 -0.87566700 0.45956700
vn -0.07353200 -0.88314600 0.46329800
vn 0.07356400 -0.99729100 -0.00000000
vn -0.14828300 -0.56190100 0.81380500
vn 0.07353700 -0.88314600 0.46329800
vn 0.14834000 -0.98893600 -0.00000100
vn 0.14834800 -0.87566700 0.45956600
vn 0.07355300 -0.56642300 0.82082500
vn 0.14829000 -0.56190100 0.81380400
vn -0.07354600 -0.56642300 0.82082600
vn -0.14828100 -0.11917800 0.98173800
vn 0.07353600 -0.12021300 0.99002100
vn 0.14829000 -0.11917800 0.98173700
vn -0.07352700 -0.12021300 0.99002100
vn -0.14829900 0.35055600 0.92472600
vn 0.07353900 0.35370100 0.93246300
vn 0.14830700 0.35055600 0.92472500
vn -0.07353100 0.35370100 0.93246400
vn -0.14831500 0.74024600 0.65577300
vn 0.07355400 0.74662300 0.66116900
vn 0.14832100 0.74024600 0.65577200
vn -0.07354800 0.74662300 0.66116900
vn -0.14834800 0.96017900 0.23674900
vn 0.07355200 0.96831400 0.23866000
vn 0.14835000 0.96017900 0.23674700
vn -0.07355000 0.96831400 0.23866100
vn -0.14835000 0.96017900 -0.23674700
vn 0.07355000 0.96831400 -0.23866100
vn 0.14834800 0.96017900 -0.23674900
vn -0.07355200 0.96831400 -0.23866000
vn -0.14832100 0.74024600 -0.65577200
vn 0.07354800 0.74662300 -0.66116900
vn 0.14831500 0.74024600 -0.65577300
vn -0.07355400 0.74662300 -0.66116900
vn -0.14830700 0.35055600 -0.92472500
vn 0.07353100 0.35370100 -0.93246400
vn 0.14829900 0.35055600 -0.92472600
vn -0.07353900 0.35370100 -0.93246300
vn -0.14829000 -0.11917800 -0.98173700
vn 0.07352700 -0.12021300 -0.99002100
vn 0.14828100 -0.11917800 -0.98173800
vn -0.07353600 -0.12021300 -0.99002100
vn -0.14829000 -0.56190100 -0.81380400
vn 0.07354600 -0.56642300 -0.82082600
vn 0.14828300 -0.56190100 -0.81380500
vn -0.07355300 -0.56642300 -0.82082500
vn -0.14834800 -0.87566700 -0.45956600
vn 0.07353200 -0.88314600 -0.46329800
vn 0.14834400 -0.87566700 -0.45956700
vn -0.07353700 -0.88314600 -0.46329800
vn -0.14834000 -0.98893600 0.00000100
vn -0.07356400 -0.99729100 0.00000000
vn 0.07356400 -0.99729100 -0.00000000
vn 0.14834000 -0.98893600 -0.00000100
vn 1.00000000 0.00000000 -0.00000500
vn 1.00000000 0.00000000 -0.00000500
vn 1.00000000 0.00000000 -0.00000500
vn 1.00000000 0.00000000 -0.00000500
vn 1.00000000 0.00000000 -0.00000500
vn 1.00000000 0.00000000 -0.00000500
vn -1.00000000 0.00000000 0.00000500
vn -1.00000000 0.00000000 0.00000500
vn -1.00000000 0.00000000 0.00000500
vn -1.00000000 0.00000000 0.00000500
vn -1.00000000 0.00000000 0.00000500
vn -1.00000000 0.00000000 0.00000500
vn -1.00000000 0.00000000 0.00000500
vn -1.00000000 0.00000000 0.00000500
vn -1.00000000 0.00000000 0.00000500
vn -1.00000000 0.00000000 0.00000500
vn -1.00000000 0.00000000 0.00000500
vn -1.00000000 0.00000000 0.00000500
vn -1.00000000 0.00000000 0.00000500
vn -1.00000000 0.00000000 0.00000500
vn -1.00000000 0.00000000 0.00000500
vn -1.00000000 0.00000000 0.00000500
vn -1.00000000 0.00000000 0.00000500
vn -1.00000000 0.00000000 0.00000500
vn -1.00000000 0.00000000 0.00000500
vn -1.00000000 0.00000000 0.00000500
vn -1.00000000 0.00000000 0.00000500
vn -1.00000000 0.00000000 0.00000500
vn -1.00000000 0.00000000 0.00000500
vn -1.00000000 0.00000000 0.00000500
vn -1.00000000 0.00000000 0.00000500
vn -1.00000000 0.00000000 0.00000500
vn -1.00000000 0.00000000 0.00000500
vn -1.00000000 0.00000000 0.00000500
vn 1.00000000 0.00000000 -0.00000500
vn 1.00000000 0.00000000 -0.00000500
vn 1.00000000 0.00000000 -0.00000500
vn 1.00000000 0.00000000 -0.00000500
vn 1.00000000 0.00000000 -0.00000500
vn 1.00000000 0.00000000 -0.00000500
vn 1.00000000 0.00000000 -0.00000500
vn 1.00000000 0.00000000 -0.00000500
vn 1.00000000 0.00000000 -0.00000500
vn 1.00000000 0.00000000 -0.00000500
vn 1.00000000 0.00000000 -0.00000500
vn 1.00000000 0.00000000 -0.00000500
vn 1.00000000 0.00000000 -0.00000500
vn 1.00000000 0.00000000 -0.00000500
vn 1.00000000 0.00000000 -0.00000500
vn 1.00000000 0.00000000 -0.00000500
vn 1.00000000 0.00000000 -0.00000500
vn 1.00000000 0.00000000 -0.00000500
vn 1.00000000 0.00000000 -0.00000500
vn 1.00000000 0.00000000 -0.00000500
vn 1.00000000 0.00000000 -0.00000500
vn 1.00000000 0.00000000 -0.00000500
vn 1.00000000 0.00000000 -0.00000500
vn 1.00000000 0.00000000 -0.00000500
vn 1.00000000 0.00000000 -0.00000500
vn 1.00000000 0.00000000 -0.00000500
vn 1.00000000 0.00000000 -0.00000500
vn 1.00000000 0.00000000 -0.00000500
vn 1.00000000 0.00000000 -0.00000500
vn 1.00000000 0.00000000 -0.00000500
vn 1.00000000 0.00000000 -0.00000500
vn 1.00000000 0.00000000 -0.00000500
vn 1.00000000 0.00000000 -0.00000500
vn 1.00000000 0.00000000 -0.00000500
vn 1.00000000 0.00000000 -0.00000500
vn 1.00000000 0.00000000 -0.00000500
vn 1.00000000 0.00000000 -0.00000500
vn 1.00000000 0.00000000 -0.00000500
vn 1.00000000 0.00000000 -0.00000500
vn 1.00000000 0.00000000 -0.00000500
vn 1.00000000 0.00000000 -0.00000500
vn 1.00000000 0.00000000 -0.00000500
vn 1.00000000 0.00000000 -0.00000500
vn -1.00000000 0.00000000 0.00000500
vn -1.00000000 0.00000000 0.00000500
vn -1.00000000 0.00000000 0.00000500
vn -1.00000000 0.00000000 0.00000500
vn -1.00000000 0.00000000 0.00000500
vn -1.00000000 0.00000000 0.00000500
vn -1.00000000 0.00000000 0.00000500
vn -1.00000000 0.00000000 0.00000500
vn -1.00000000 0.00000000 0.00000500
vn -1.00000000 0.00000000 0.00000500
vn -1.00000000 0.00000000 0.00000500
vn -1.00000000 0.00000000 0.00000500
vn -1.00000000 0.00000000 0.00000500
vn -1.00000000 0.00000000 0.00000500
vn -1.00000000 0.00000000 0.00000500
vn -1.00000000 0.00000000 0.00000500
vn -1.00000000 0.00000000 0.00000500
vn -1.00000000 0.00000000 0.00000500
vn -1.00000000 0.00000000 0.00000500
vn -1.00000000 0.00000000 0.00000500
vn -1.00000000 0.00000000 0.00000500
vn -1.00000000 0.00000000 0.00000500
vn -1.00000000 0.00000000 0.00000500
vn -1.00000000 0.00000000 0.00000500
vn -1.00000000 0.00000000 0.00000500
vn -1.00000000 0.00000000 0.00000500
vn -0.99998600 -0.00527200 0.00016400
vn -1.00000000 -0.00049800 -0.00028400
vn -1.00000000 0.00000000 0.00000500
vn -1.00000000 0.00000000 0.00000500
vn -1.00000000 0.00000000 0.00000500
vn -1.00000000 0.00000000 0.00000500
vn -1.00000000 0.00000000 0.00000500
vn -1.00000000 0.00000000 0.00000500
vn -1.00000000 0.00000000 0.00000500
vn -0.99839800 -0.00260500 0.05651500
vn -1.00000000 -0.00047200 0.00008900
vn -0.99872800 -0.05042500 0.00000500
vn -0.99727900 0.06452800 0.03565600
vn -1.00000000 0.00000000 0.00000500
vn -0.99503800 -0.08049900 0.05847200
vn -0.99503800 -0.08049900 0.05847200
vn -0.99504000 0.03074400 0.09460200
vn -0.99504000 0.03074400 0.09460200
vn -1.00000000 0.00000000 0.00000500
vn -1.00000000 -0.00047200 0.00008800
vn -0.99999800 0.00198200 -0.00034500
vn -1.00000000 0.00032200 0.00010000
vn -0.99998600 -0.00527200 0.00016400
vn -1.00000000 -0.00049800 -0.00028400
vn -1.00000000 -0.00082700 0.00024900
vn -0.99999800 0.00207700 0.00037100
vn -1.00000000 -0.00033000 -0.00005400
vn -1.00000000 -0.00033000 -0.00005500
vn -1.00000000 0.00000000 0.00000500
vn -0.99827900 -0.00783000 -0.05811400
vn -1.00000000 0.00000000 0.00000500
vn -0.99503900 -0.08049900 -0.05846300
vn -0.99503900 -0.08049900 -0.05846300
vn -1.00000000 0.00000000 0.00000500
vn -1.00000000 0.00000000 0.00000500
vn -1.00000000 0.00000000 0.00000500
vn -1.00000000 0.00000000 0.00000500
vn -1.00000000 0.00000000 0.00000500
vn -1.00000000 0.00000000 0.00000500
vn -1.00000000 0.00000000 0.00000500
vn -1.00000000 0.00000000 0.00000500
vn -0.99672600 0.07166600 -0.03744600
vn -0.99504100 0.03074400 -0.09459300
vn -0.99504100 0.03074400 -0.09459300
vn -0.99504000 0.09948000 0.00000400
vn -0.99504000 0.09948000 0.00000400
vn -1.00000000 0.00000000 0.00000500
vn -1.00000000 0.00000000 0.00000500
vn -1.00000000 0.00000000 0.00000500
vn -1.00000000 0.00000000 0.00000500
vn -1.00000000 0.00000000 0.00000500
vn -1.00000000 0.00000000 0.00000500
vn -1.00000000 0.00000000 0.00000500
vn -1.00000000 0.00000000 0.00000500
vn -1.00000000 0.00000000 0.00000500
vn -1.00000000 0.00000000 0.00000500
vn -1.00000000 0.00000000 0.00000500
vn -1.00000000 0.00000000 0.00000500
vn -1.00000000 0.00000000 0.00000500
vn -1.00000000 0.00000000 0.00000500
vn -1.00000000 0.00000000 0.00000500
vn -1.00000000 0.00000000 0.00000500
vn -1.00000000 0.00000000 0.00000500
vn -1.00000000 0.00000000 0.00000500
vn 0.00000100 -0.95104800 0.30904200
vn 0.00000100 -0.95104800 0.30904200
vn 0.00000100 -0.95104800 0.30904200
vn 0.00000100 -0.95104800 0.30904200
vn -0.00000100 0.95104800 -0.30904200
vn -0.00000100 0.95104800 -0.30904200
vn -0.00000100 0.95104800 -0.30904200
vn -0.00000100 0.95104800 -0.30904200
vn 0.00000100 0.95104800 0.30904200
vn 0.00000100 0.95104800 0.30904200
vn 0.00000100 0.95104800 0.30904200
vn 0.00000100 0.95104800 0.30904200
vn -0.00000100 -0.95104800 -0.30904200
vn -0.00000100 -0.95104800 -0.30904200
vn -0.00000100 -0.95104800 -0.30904200
vn -0.00000100 -0.95104800 -0.30904200
vn -0.00000500 0.00000000 -1.00000000
vn -0.00000500 0.00000000 -1.00000000
vn -0.00000500 0.00000000 -1.00000000
vn -0.00000500 0.00000000 -1.00000000
vn -0.00000400 -0.58782300 -0.80898900
vn -0.00000400 -0.58782300 -0.80898900
vn -0.00000400 -0.58782300 -0.80898900
vn -0.00000400 -0.58782300 -0.80898900
vn 0.00000500 0.00000000 1.00000000
vn 0.00000500 0.00000000 1.00000000
vn 0.00000500 0.00000000 1.00000000
vn 0.00000500 0.00000000 1.00000000
vn -0.00000400 0.58782300 -0.80898900
vn -0.00000400 0.58782300 -0.80898900
vn -0.00000400 0.58782300 -0.80898900
vn -0.00000400 0.58782300 -0.80898900
vn 0.00000400 0.58782300 0.80898900
vn 0.00000400 0.58782300 0.80898900
vn 0.00000400 0.58782300 0.80898900
vn 0.00000400 0.58782300 0.80898900
vn 0.00000400 -0.58782300 0.80898900
vn 0.00000400 -0.58782300 0.80898900
vn 0.00000400 -0.58782300 0.80898900
vn 0.00000400 -0.58782300 0.80898900
vn 1.00000000 0.00000000 -0.00000500
vn 1.00000000 0.00000000 -0.00000500
vn 1.00000000 0.00000000 -0.00000500
vn 1.00000000 0.00000000 -0.00000500
vn 1.00000000 0.00000000 -0.00000500
vn 1.00000000 0.00000000 -0.00000500
vn 1.00000000 0.00000000 -0.00000500
vn 1.00000000 0.00000000 -0.00000500
vn 0.59717500 0.47144400 -0.64894000
vn -0.00016200 0.99416000 0.10791200
vn 0.59711800 0.79778400 0.08360800
vn 0.59712500 0.32614700 0.73285100
vn -0.00229100 0.56457700 -0.82537700
vn -0.00258600 0.37714800 0.92614900
vn 0.59711800 -0.32614700 -0.73285600
vn 0.59718100 -0.47144400 0.64893400
vn -0.00160000 -0.43644100 -0.89973200
vn -0.00098300 -0.61126700 0.79142400
vn 0.59710800 -0.79777200 -0.08379600
vn 0.00012400 -0.99491200 -0.10074800
vn -0.00017700 0.99412800 -0.10821400
vn 0.59718100 0.47144400 0.64893400
vn 0.59709900 0.79776000 -0.08397700
vn 0.59711800 0.32614700 -0.73285600
vn -0.00227400 0.56457700 0.82537700
vn -0.00261700 0.37714800 -0.92614900
vn -0.59711800 -0.32614700 0.73285600
vn -0.59718100 -0.47144400 -0.64893400
vn -0.00159100 -0.43644100 0.89973200
vn -0.00099100 -0.61126700 -0.79142400
vn -0.59710500 -0.79776800 0.08385600
vn 0.00012400 -0.99491200 0.10074800
vn -0.00020200 0.94885400 -0.31571500
vn 0.59723200 0.76277900 -0.24795500
vn 0.59712900 0.16673800 -0.78462400
vn -0.59716100 0.59618700 0.53662000
vn -0.00202200 0.18210600 -0.98327700
vn -0.00094800 0.73274100 0.68050700
vn 0.41527900 -0.85253300 -0.31738200
vn -0.59712900 -0.16673800 0.78462400
vn 0.02178600 -0.52538900 -0.85058300
vn -0.00188100 -0.23816700 0.97122200
vn 0.07800800 -0.63380400 0.76955000
vn 0.00018800 -0.95447100 0.29830300
vn -0.59710900 -0.00002800 -0.80216000
vn -0.00000500 0.00000000 -1.00000000
vn -0.00000200 0.86607200 -0.49992000
vn -0.00000200 -0.86607200 -0.49992000
vn -0.59714200 0.69479200 -0.40085700
vn 0.59708000 -0.69472300 -0.40106800
vn 0.59708300 -0.69472300 0.40106200
vn 0.00000200 -0.86607200 0.49992000
vn 0.00000200 0.86607200 0.49992000
vn -0.59708000 0.69472300 0.40106800
vn 0.59710900 0.00002900 0.80216000
vn 0.00000500 0.00000000 1.00000000
vn -0.00041900 -0.75922200 0.65083200
vn 0.00018700 -0.95447100 -0.29830300
vn 0.59725000 -0.76280200 -0.24784000
vn -0.00189000 -0.23816700 -0.97122200
vn 0.59718300 -0.59571600 0.53711800
vn -0.59713600 -0.16673800 -0.78461900
vn -0.00201500 0.18198800 0.98329900
vn -0.00095300 0.73274100 -0.68050700
vn 0.59713600 0.16673800 0.78461900
vn 0.59716100 0.59618700 -0.53662000
vn -0.00019800 0.94885400 0.31571500
vn 0.59725300 0.76280200 0.24783500
vn 0.23914800 0.11707000 0.96390000
vn 0.23907600 0.55161200 0.79910400
vn 0.23907600 0.55161200 0.79910400
vn 0.23914800 0.11707000 0.96390000
vn 0.23912500 0.85981700 0.45114700
vn 0.23918400 -0.34430200 0.90788100
vn 0.23912500 0.85981700 0.45114700
vn 0.23918400 -0.34430200 0.90788100
vn 0.23908800 0.97099800 -0.00000100
vn 0.23915400 -0.72661000 0.64408400
vn 0.23908800 0.97099800 -0.00000100
vn 0.23915400 -0.72661000 0.64408400
vn 0.23912100 0.85981700 -0.45114900
vn 0.23911100 -0.94277100 0.23239600
vn 0.23912100 0.85981700 -0.45114900
vn 0.23911100 -0.94277100 0.23239600
vn 0.23906900 0.55161200 -0.79910600
vn 0.23910900 -0.94277100 -0.23239800
vn 0.23906900 0.55161200 -0.79910600
vn 0.23910900 -0.94277100 -0.23239800
vn 0.23914000 0.11707000 -0.96390200
vn 0.23914800 -0.72661000 -0.64408600
vn 0.23914000 0.11707000 -0.96390200
vn 0.23914800 -0.72661000 -0.64408600
vn 0.23917600 -0.34430200 -0.90788300
vn 0.23917600 -0.34430200 -0.90788300
vn -0.23914800 0.11707000 -0.96390000
vn -0.23907600 0.55161200 -0.79910400
vn -0.23907600 0.55161200 -0.79910400
vn -0.23914800 0.11707000 -0.96390000
vn -0.23912500 0.85981700 -0.45114700
vn -0.23918400 -0.34430200 -0.90788100
vn -0.23912500 0.85981700 -0.45114700
vn -0.23918400 -0.34430200 -0.90788100
vn -0.23908800 0.97099800 0.00000100
vn -0.23915400 -0.72661000 -0.64408400
vn -0.23908800 0.97099800 0.00000100
vn -0.23915400 -0.72661000 -0.64408400
vn -0.23912100 0.85981700 0.45114900
vn -0.23911100 -0.94277100 -0.23239600
vn -0.23912100 0.85981700 0.45114900
vn -0.23911100 -0.94277100 -0.23239600
vn -0.23906900 0.55161200 0.79910600
vn -0.23910900 -0.94277100 0.23239800
vn -0.23906900 0.55161200 0.79910600
vn -0.23910900 -0.94277100 0.23239800
vn -0.23914000 0.11707000 0.96390200
vn -0.23914800 -0.72661000 0.64408600
vn -0.23914000 0.11707000 0.96390200
vn -0.23914800 -0.72661000 0.64408600
vn -0.23917600 -0.34430200 0.90788300
vn -0.23917600 -0.34430200 0.90788300
vn -0.00000500 0.00000000 -1.00000000
vn -0.00000500 0.00000000 -1.00000000
vn -0.00000300 -0.70710700 -0.70710700
vn -0.00000300 0.70710700 -0.70710700
vn -0.00000300 -0.70710700 -0.70710700
vn -0.00000300 0.70710700 -0.70710700
vn -0.00000000 -1.00000000 -0.00000000
vn -0.00000000 1.00000000 -0.00000000
vn -0.00000000 -1.00000000 -0.00000000
vn -0.00000000 1.00000000 -0.00000000
vn 0.00000300 -0.70710700 0.70710700
vn 0.00000300 0.70710700 0.70710700
vn 0.00000300 -0.70710700 0.70710700
vn 0.00000300 0.70710700 0.70710700
vn 0.00000500 0.00000000 1.00000000
vn 0.00000500 0.00000000 1.00000000
vn 0.07356400 -0.99729100 0.00000000
vn 0.14834000 -0.98893600 0.00000100
vn 0.14834400 -0.87566700 0.45956700
vn 0.07353200 -0.88314600 0.46329800
vn -0.07356400 -0.99729100 -0.00000000
vn 0.14828300 -0.56190100 0.81380500
vn -0.07353700 -0.88314600 0.46329800
vn -0.14834000 -0.98893600 -0.00000100
vn -0.14834800 -0.87566700 0.45956600
vn -0.07355300 -0.56642300 0.82082500
vn -0.14829000 -0.56190100 0.81380400
vn 0.07354600 -0.56642300 0.82082600
vn 0.14828100 -0.11917800 0.98173800
vn -0.07353600 -0.12021300 0.99002100
vn -0.14829000 -0.11917800 0.98173700
vn 0.07352700 -0.12021300 0.99002100
vn 0.14829900 0.35055600 0.92472600
vn -0.07353900 0.35370100 0.93246300
vn -0.14830700 0.35055600 0.92472500
vn 0.07353100 0.35370100 0.93246400
vn 0.14831500 0.74024600 0.65577300
vn -0.07355400 0.74662300 0.66116900
vn -0.14832100 0.74024600 0.65577200
vn 0.07354800 0.74662300 0.66116900
vn 0.14834800 0.96017900 0.23674900
vn -0.07355200 0.96831400 0.23866000
vn -0.14835000 0.96017900 0.23674700
vn 0.07355000 0.96831400 0.23866100
vn 0.14835000 0.96017900 -0.23674700
vn -0.07355000 0.96831400 -0.23866100
vn -0.14834800 0.96017900 -0.23674900
vn 0.07355200 0.96831400 -0.23866000
vn 0.14832100 0.74024600 -0.65577200
vn -0.07354800 0.74662300 -0.66116900
vn -0.14831500 0.74024600 -0.65577300
vn 0.07355400 0.74662300 -0.66116900
vn 0.14830700 0.35055600 -0.92472500
vn -0.07353100 0.35370100 -0.93246400
vn -0.14829900 0.35055600 -0.92472600
vn 0.07353900 0.35370100 -0.93246300
vn 0.14829000 -0.11917800 -0.98173700
vn -0.07352700 -0.12021300 -0.99002100
vn -0.14828100 -0.11917800 -0.98173800
vn 0.07353600 -0.12021300 -0.99002100
vn 0.14829000 -0.56190100 -0.81380400
vn -0.07354600 -0.56642300 -0.82082600
vn -0.14828300 -0.56190100 -0.81380500
vn 0.07355300 -0.56642300 -0.82082500
vn 0.14834800 -0.87566700 -0.45956600
vn -0.07353200 -0.88314600 -0.46329800
vn -0.14834400 -0.87566700 -0.45956700
vn 0.07353700 -0.88314600 -0.46329800
vn 0.14834000 -0.98893600 0.00000100
vn 0.07356400 -0.99729100 0.00000000
vn -0.07356400 -0.99729100 -0.00000000
vn -0.14834000 -0.98893600 -0.00000100
vn -1.00000000 0.00000000 -0.00000500
vn -1.00000000 0.00000000 -0.00000500
vn -1.00000000 0.00000000 -0.00000500
vn -1.00000000 0.00000000 -0.00000500
vn -1.00000000 0.00000000 -0.00000500
vn -1.00000000 0.00000000 -0.00000500
vn 1.00000000 0.00000000 0.00000500
vn 1.00000000 0.00000000 0.00000500
vn 1.00000000 0.00000000 0.00000500
vn 1.00000000 0.00000000 0.00000500
vn 1.00000000 0.00000000 0.00000500
vn 1.00000000 0.00000000 0.00000500
vn 1.00000000 0.00000000 0.00000500
vn 1.00000000 0.00000000 0.00000500
vn 1.00000000 0.00000000 0.00000500
vn 1.00000000 0.00000000 0.00000500
vn 1.00000000 0.00000000 0.00000500
vn 1.00000000 0.00000000 0.00000500
vn 1.00000000 0.00000000 0.00000500
vn 1.00000000 0.00000000 0.00000500
vn 1.00000000 0.00000000 0.00000500
vn 1.00000000 0.00000000 0.00000500
vn 1.00000000 0.00000000 0.00000500
vn 1.00000000 0.00000000 0.00000500
vn 1.00000000 0.00000000 0.00000500
vn 1.00000000 0.00000000 0.00000500
vn 1.00000000 0.00000000 0.00000500
vn 1.00000000 0.00000000 0.00000500
vn 1.00000000 0.00000000 0.00000500
vn 1.00000000 0.00000000 0.00000500
vn 1.00000000 0.00000000 0.00000500
vn 1.00000000 0.00000000 0.00000500
vn 1.00000000 0.00000000 0.00000500
vn 1.00000000 0.00000000 0.00000500
vn -1.00000000 0.00000000 -0.00000500
vn -1.00000000 0.00000000 -0.00000500
vn -1.00000000 0.00000000 -0.00000500
vn -1.00000000 0.00000000 -0.00000500
vn -1.00000000 0.00000000 -0.00000500
vn -1.00000000 0.00000000 -0.00000500
vn -1.00000000 0.00000000 -0.00000500
vn -1.00000000 0.00000000 -0.00000500
vn -1.00000000 0.00000000 -0.00000500
vn -1.00000000 0.00000000 -0.00000500
vn -1.00000000 0.00000000 -0.00000500
vn -1.00000000 0.00000000 -0.00000500
vn -1.00000000 0.00000000 -0.00000500
vn -1.00000000 0.00000000 -0.00000500
vn -1.00000000 0.00000000 -0.00000500
vn -1.00000000 0.00000000 -0.00000500
vn -1.00000000 0.00000000 -0.00000500
vn -1.00000000 0.00000000 -0.00000500
vn -1.00000000 0.00000000 -0.00000500
vn -1.00000000 0.00000000 -0.00000500
vn -1.00000000 0.00000000 -0.00000500
vn -1.00000000 0.00000000 -0.00000500
vn -1.00000000 0.00000000 -0.00000500
vn -1.00000000 0.00000000 -0.00000500
vn -1.00000000 0.00000000 -0.00000500
vn -1.00000000 0.00000000 -0.00000500
vn -1.00000000 0.00000000 -0.00000500
vn -1.00000000 0.00000000 -0.00000500
vn -1.00000000 0.00000000 -0.00000500
vn -1.00000000 0.00000000 -0.00000500
vn -1.00000000 0.00000000 -0.00000500
vn -1.00000000 0.00000000 -0.00000500
vn -1.00000000 0.00000000 -0.00000500
vn -1.00000000 0.00000000 -0.00000500
vn -1.00000000 0.00000000 -0.00000500
vn -1.00000000 0.00000000 -0.00000500
vn -1.00000000 0.00000000 -0.00000500
vn -1.00000000 0.00000000 -0.00000500
vn -1.00000000 0.00000000 -0.00000500
vn -1.00000000 0.00000000 -0.00000500
vn -1.00000000 0.00000000 -0.00000500
vn -1.00000000 0.00000000 -0.00000500
vn -1.00000000 0.00000000 -0.00000500
vn 1.00000000 0.00000000 0.00000500
vn 1.00000000 0.00000000 0.00000500
vn 1.00000000 0.00000000 0.00000500
vn 1.00000000 0.00000000 0.00000500
vn 1.00000000 0.00000000 0.00000500
vn 1.00000000 0.00000000 0.00000500
vn 1.00000000 0.00000000 0.00000500
vn 1.00000000 0.00000000 0.00000500
vn 1.00000000 0.00000000 0.00000500
vn 1.00000000 0.00000000 0.00000500
vn 1.00000000 0.00000000 0.00000500
vn 1.00000000 0.00000000 0.00000500
vn 1.00000000 0.00000000 0.00000500
vn 1.00000000 0.00000000 0.00000500
vn 1.00000000 0.00000000 0.00000500
vn 1.00000000 0.00000000 0.00000500
vn 1.00000000 0.00000000 0.00000500
vn 1.00000000 0.00000000 0.00000500
vn 1.00000000 0.00000000 0.00000500
vn 1.00000000 0.00000000 0.00000500
vn 1.00000000 0.00000000 0.00000500
vn 1.00000000 0.00000000 0.00000500
vn 1.00000000 0.00000000 0.00000500
vn 1.00000000 0.00000000 0.00000500
vn 1.00000000 0.00000000 0.00000500
vn 1.00000000 0.00000000 0.00000500
vn 0.99998600 -0.00527200 0.00016400
vn 1.00000000 -0.00049800 -0.00028400
vn 1.00000000 0.00000000 0.00000500
vn 1.00000000 0.00000000 0.00000500
vn 1.00000000 0.00000000 0.00000500
vn 1.00000000 0.00000000 0.00000500
vn 1.00000000 0.00000000 0.00000500
vn 1.00000000 0.00000000 0.00000500
vn 1.00000000 0.00000000 0.00000500
vn 0.99839800 -0.00260500 0.05651500
vn 1.00000000 -0.00047200 0.00008900
vn 0.99872800 -0.05042500 0.00000500
vn 0.99727900 0.06452800 0.03565600
vn 1.00000000 0.00000000 0.00000500
vn 0.99503800 -0.08049900 0.05847200
vn 0.99503800 -0.08049900 0.05847200
vn 0.99504000 0.03074400 0.09460200
vn 0.99504000 0.03074400 0.09460200
vn 1.00000000 0.00000000 0.00000500
vn 1.00000000 -0.00047200 0.00008800
vn 0.99999800 0.00198200 -0.00034500
vn 1.00000000 0.00032200 0.00010000
vn 0.99998600 -0.00527200 0.00016400
vn 1.00000000 -0.00049800 -0.00028400
vn 1.00000000 -0.00082700 0.00024900
vn 0.99999800 0.00207700 0.00037100
vn 1.00000000 -0.00033000 -0.00005400
vn 1.00000000 -0.00033000 -0.00005500
vn 1.00000000 0.00000000 0.00000500
vn 0.99827900 -0.00783000 -0.05811400
vn 1.00000000 0.00000000 0.00000500
vn 0.99503900 -0.08049900 -0.05846300
vn 0.99503900 -0.08049900 -0.05846300
vn 1.00000000 0.00000000 0.00000500
vn 1.00000000 0.00000000 0.00000500
vn 1.00000000 0.00000000 0.00000500
vn 1.00000000 0.00000000 0.00000500
vn 1.00000000 0.00000000 0.00000500
vn 1.00000000 0.00000000 0.00000500
vn 1.00000000 0.00000000 0.00000500
vn 1.00000000 0.00000000 0.00000500
vn 0.99672600 0.07166600 -0.03744600
vn 0.99504100 0.03074400 -0.09459300
vn 0.99504100 0.03074400 -0.09459300
vn 0.99504000 0.09948000 0.00000400
vn 0.99504000 0.09948000 0.00000400
vn 1.00000000 0.00000000 0.00000500
vn 1.00000000 0.00000000 0.00000500
vn 1.00000000 0.00000000 0.00000500
vn 1.00000000 0.00000000 0.00000500
vn 1.00000000 0.00000000 0.00000500
vn 1.00000000 0.00000000 0.00000500
vn 1.00000000 0.00000000 0.00000500
vn 1.00000000 0.00000000 0.00000500
vn 1.00000000 0.00000000 0.00000500
vn 1.00000000 0.00000000 0.00000500
vn 1.00000000 0.00000000 0.00000500
vn 1.00000000 0.00000000 0.00000500
vn 1.00000000 0.00000000 0.00000500
vn 1.00000000 0.00000000 0.00000500
vn 1.00000000 0.00000000 0.00000500
vn 1.00000000 0.00000000 0.00000500
vn 1.00000000 0.00000000 0.00000500
vn 1.00000000 0.00000000 0.00000500
vn -0.00000100 -0.95104800 0.30904200
vn -0.00000100 -0.95104800 0.30904200
vn -0.00000100 -0.95104800 0.30904200
vn -0.00000100 -0.95104800 0.30904200
vn 0.00000100 0.95104800 -0.30904200
vn 0.00000100 0.95104800 -0.30904200
vn 0.00000100 0.95104800 -0.30904200
vn 0.00000100 0.95104800 -0.30904200
vn -0.00000100 0.95104800 0.30904200
vn -0.00000100 0.95104800 0.30904200
vn -0.00000100 0.95104800 0.30904200
vn -0.00000100 0.95104800 0.30904200
vn 0.00000100 -0.95104800 -0.30904200
vn 0.00000100 -0.95104800 -0.30904200
vn 0.00000100 -0.95104800 -0.30904200
vn 0.00000100 -0.95104800 -0.30904200
vn 0.00000500 0.00000000 -1.00000000
vn 0.00000500 0.00000000 -1.00000000
vn 0.00000500 0.00000000 -1.00000000
vn 0.00000500 0.00000000 -1.00000000
vn 0.00000400 -0.58782300 -0.80898900
vn 0.00000400 -0.58782300 -0.80898900
vn 0.00000400 -0.58782300 -0.80898900
vn 0.00000400 -0.58782300 -0.80898900
vn -0.00000500 0.00000000 1.00000000
vn -0.00000500 0.00000000 1.00000000
vn -0.00000500 0.00000000 1.00000000
vn -0.00000500 0.00000000 1.00000000
vn 0.00000400 0.58782300 -0.80898900
vn 0.00000400 0.58782300 -0.80898900
vn 0.00000400 0.58782300 -0.80898900
vn 0.00000400 0.58782300 -0.80898900
vn -0.00000400 0.58782300 0.80898900
vn -0.00000400 0.58782300 0.80898900
vn -0.00000400 0.58782300 0.80898900
vn -0.00000400 0.58782300 0.80898900
vn -0.00000400 -0.58782300 0.80898900
vn -0.00000400 -0.58782300 0.80898900
vn -0.00000400 -0.58782300 0.80898900
vn -0.00000400 -0.58782300 0.80898900
vn -1.00000000 0.00000000 -0.00000500
vn -1.00000000 0.00000000 -0.00000500
vn -1.00000000 0.00000000 -0.00000500
vn -1.00000000 0.00000000 -0.00000500
vn -1.00000000 0.00000000 -0.00000500
vn -1.00000000 0.00000000 -0.00000500
vn -1.00000000 0.00000000 -0.00000500
vn -1.00000000 0.00000000 -0.00000500
vn -0.59717500 0.47144400 -0.64894000
vn 0.00016200 0.99416000 0.10791200
vn -0.59711800 0.79778400 0.08360800
vn -0.59712500 0.32614700 0.73285100
vn 0.00229100 0.56457700 -0.82537700
vn 0.00258600 0.37714800 0.92614900
vn -0.59711800 -0.32614700 -0.73285600
vn -0.59718100 -0.47144400 0.64893400
vn 0.00160000 -0.43644100 -0.89973200
vn 0.00098300 -0.61126700 0.79142400
vn -0.59710800 -0.79777200 -0.08379600
vn -0.00012400 -0.99491200 -0.10074800
vn 0.00017700 0.99412800 -0.10821400
vn -0.59718100 0.47144400 0.64893400
vn -0.59709900 0.79776000 -0.08397700
vn -0.59711800 0.32614700 -0.73285600
vn 0.00227400 0.56457700 0.82537700
vn 0.00261700 0.37714800 -0.92614900
vn 0.59711800 -0.32614700 0.73285600
vn 0.59718100 -0.47144400 -0.64893400
vn 0.00159100 -0.43644100 0.89973200
vn 0.00099100 -0.61126700 -0.79142400
vn 0.59710500 -0.79776800 0.08385600
vn -0.00012400 -0.99491200 0.10074800
vn 0.00020200 0.94885400 -0.31571500
vn -0.59723200 0.76277900 -0.24795500
vn -0.59712900 0.16673800 -0.78462400
vn 0.59716100 0.59618700 0.53662000
vn 0.00202200 0.18210600 -0.98327700
vn 0.00094800 0.73274100 0.68050700
vn -0.41527900 -0.85253300 -0.31738200
vn 0.59712900 -0.16673800 0.78462400
vn -0.02178600 -0.52538900 -0.85058300
vn 0.00188100 -0.23816700 0.97122200
vn -0.07800800 -0.63380400 0.76955000
vn -0.00018800 -0.95447100 0.29830300
vn 0.59710900 -0.00002800 -0.80216000
vn 0.00000500 0.00000000 -1.00000000
vn 0.00000200 0.86607200 -0.49992000
vn 0.00000200 -0.86607200 -0.49992000
vn 0.59714200 0.69479200 -0.40085700
vn -0.59708000 -0.69472300 -0.40106800
vn -0.59708300 -0.69472300 0.40106200
vn -0.00000200 -0.86607200 0.49992000
vn -0.00000200 0.86607200 0.49992000
vn 0.59708000 0.69472300 0.40106800
vn -0.59710900 0.00002900 0.80216000
vn -0.00000500 0.00000000 1.00000000
vn 0.00041900 -0.75922200 0.65083200
vn -0.00018700 -0.95447100 -0.29830300
vn -0.59725000 -0.76280200 -0.24784000
vn 0.00189000 -0.23816700 -0.97122200
vn -0.59718300 -0.59571600 0.53711800
vn 0.59713600 -0.16673800 -0.78461900
vn 0.00201500 0.18198800 0.98329900
vn 0.00095300 0.73274100 -0.68050700
vn -0.59713600 0.16673800 0.78461900
vn -0.59716100 0.59618700 -0.53662000
vn 0.00019800 0.94885400 0.31571500
vn -0.59725300 0.76280200 0.24783500
vn -0.23914800 0.11707000 0.96390000
vn -0.23907600 0.55161200 0.79910400
vn -0.23907600 0.55161200 0.79910400
vn -0.23914800 0.11707000 0.96390000
vn -0.23912500 0.85981700 0.45114700
vn -0.23918400 -0.34430200 0.90788100
vn -0.23912500 0.85981700 0.45114700
vn -0.23918400 -0.34430200 0.90788100
vn -0.23908800 0.97099800 -0.00000100
vn -0.23915400 -0.72661000 0.64408400
vn -0.23908800 0.97099800 -0.00000100
vn -0.23915400 -0.72661000 0.64408400
vn -0.23912100 0.85981700 -0.45114900
vn -0.23911100 -0.94277100 0.23239600
vn -0.23912100 0.85981700 -0.45114900
vn -0.23911100 -0.94277100 0.23239600
vn -0.23906900 0.55161200 -0.79910600
vn -0.23910900 -0.94277100 -0.23239800
vn -0.23906900 0.55161200 -0.79910600
vn -0.23910900 -0.94277100 -0.23239800
vn -0.23914000 0.11707000 -0.96390200
vn -0.23914800 -0.72661000 -0.64408600
vn -0.23914000 0.11707000 -0.96390200
vn -0.23914800 -0.72661000 -0.64408600
vn -0.23917600 -0.34430200 -0.90788300
vn -0.23917600 -0.34430200 -0.90788300
vn 0.23914800 0.11707000 -0.96390000
vn 0.23907600 0.55161200 -0.79910400
vn 0.23907600 0.55161200 -0.79910400
vn 0.23914800 0.11707000 -0.96390000
vn 0.23912500 0.85981700 -0.45114700
vn 0.23918400 -0.34430200 -0.90788100
vn 0.23912500 0.85981700 -0.45114700
vn 0.23918400 -0.34430200 -0.90788100
vn 0.23908800 0.97099800 0.00000100
vn 0.23915400 -0.72661000 -0.64408400
vn 0.23908800 0.97099800 0.00000100
vn 0.23915400 -0.72661000 -0.64408400
vn 0.23912100 0.85981700 0.45114900
vn 0.23911100 -0.94277100 -0.23239600
vn 0.23912100 0.85981700 0.45114900
vn 0.23911100 -0.94277100 -0.23239600
vn 0.23906900 0.55161200 0.79910600
vn 0.23910900 -0.94277100 0.23239800
vn 0.23906900 0.55161200 0.79910600
vn 0.23910900 -0.94277100 0.23239800
vn 0.23914000 0.11707000 0.96390200
vn 0.23914800 -0.72661000 0.64408600
vn 0.23914000 0.11707000 0.96390200
vn 0.23914800 -0.72661000 0.64408600
vn 0.23917600 -0.34430200 0.90788300
vn 0.23917600 -0.34430200 0.90788300
vn 0.00000500 0.00000000 -1.00000000
vn 0.00000500 0.00000000 -1.00000000
vn 0.00000300 -0.70710700 -0.70710700
vn 0.00000300 0.70710700 -0.70710700
vn 0.00000300 -0.70710700 -0.70710700
vn 0.00000300 0.70710700 -0.70710700
vn 0.00000000 -1.00000000 -0.00000000
vn 0.00000000 1.00000000 -0.00000000
vn 0.00000000 -1.00000000 -0.00000000
vn 0.00000000 1.00000000 -0.00000000
vn -0.00000300 -0.70710700 0.70710700
vn -0.00000300 0.70710700 0.70710700
vn -0.00000300 -0.70710700 0.70710700
vn -0.00000300 0.70710700 0.70710700
vn -0.00000500 0.00000000 1.00000000
vn -0.00000500 0.00000000 1.00000000
vn -0.07356400 -0.99729100 0.00000000
vn -0.14834000 -0.98893600 0.00000100
vn -0.14834400 -0.87566700 0.45956700
vn -0.07353200 -0.88314600 0.46329800
vn 0.07356400 -0.99729100 -0.00000000
vn -0.14828300 -0.56190100 0.81380500
vn 0.07353700 -0.88314600 0.46329800
vn 0.14834000 -0.98893600 -0.00000100
vn 0.14834800 -0.87566700 0.45956600
vn 0.07355300 -0.56642300 0.82082500
vn 0.14829000 -0.56190100 0.81380400
vn -0.07354600 -0.56642300 0.82082600
vn -0.14828100 -0.11917800 0.98173800
vn 0.07353600 -0.12021300 0.99002100
vn 0.14829000 -0.11917800 0.98173700
vn -0.07352700 -0.12021300 0.99002100
vn -0.14829900 0.35055600 0.92472600
vn 0.07353900 0.35370100 0.93246300
vn 0.14830700 0.35055600 0.92472500
vn -0.07353100 0.35370100 0.93246400
vn -0.14831500 0.74024600 0.65577300
vn 0.07355400 0.74662300 0.66116900
vn 0.14832100 0.74024600 0.65577200
vn -0.07354800 0.74662300 0.66116900
vn -0.14834800 0.96017900 0.23674900
vn 0.07355200 0.96831400 0.23866000
vn 0.14835000 0.96017900 0.23674700
vn -0.07355000 0.96831400 0.23866100
vn -0.14835000 0.96017900 -0.23674700
vn 0.07355000 0.96831400 -0.23866100
vn 0.14834800 0.96017900 -0.23674900
vn -0.07355200 0.96831400 -0.23866000
vn -0.14832100 0.74024600 -0.65577200
vn 0.07354800 0.74662300 -0.66116900
vn 0.14831500 0.74024600 -0.65577300
vn -0.07355400 0.74662300 -0.66116900
vn -0.14830700 0.35055600 -0.92472500
vn 0.07353100 0.35370100 -0.93246400
vn 0.14829900 0.35055600 -0.92472600
vn -0.07353900 0.35370100 -0.93246300
vn -0.14829000 -0.11917800 -0.98173700
vn 0.07352700 -0.12021300 -0.99002100
vn 0.14828100 -0.11917800 -0.98173800
vn -0.07353600 -0.12021300 -0.99002100
vn -0.14829000 -0.56190100 -0.81380400
vn 0.07354600 -0.56642300 -0.82082600
vn 0.14828300 -0.56190100 -0.81380500
vn -0.07355300 -0.56642300 -0.82082500
vn -0.14834800 -0.87566700 -0.45956600
vn 0.07353200 -0.88314600 -0.46329800
vn 0.14834400 -0.87566700 -0.45956700
vn -0.07353700 -0.88314600 -0.46329800
vn -0.14834000 -0.98893600 0.00000100
vn -0.07356400 -0.99729100 0.00000000
vn 0.07356400 -0.99729100 -0.00000000
vn 0.14834000 -0.98893600 -0.00000100
vn 1.00000000 0.00000000 -0.00000500
vn 1.00000000 0.00000000 -0.00000500
vn 1.00000000 0.00000000 -0.00000500
vn 1.00000000 0.00000000 -0.00000500
vn 1.00000000 0.00000000 -0.00000500
vn 1.00000000 0.00000000 -0.00000500
vn -1.00000000 0.00000000 0.00000500
vn -1.00000000 0.00000000 0.00000500
vn -1.00000000 0.00000000 0.00000500
vn -1.00000000 0.00000000 0.00000500
vn -1.00000000 0.00000000 0.00000500
vn -1.00000000 0.00000000 0.00000500
vn -1.00000000 0.00000000 0.00000500
vn -1.00000000 0.00000000 0.00000500
vn -1.00000000 0.00000000 0.00000500
vn -1.00000000 0.00000000 0.00000500
vn -1.00000000 0.00000000 0.00000500
vn -1.00000000 0.00000000 0.00000500
vn -1.00000000 0.00000000 0.00000500
vn -1.00000000 0.00000000 0.00000500
vn -1.00000000 0.00000000 0.00000500
vn -1.00000000 0.00000000 0.00000500
vn -1.00000000 0.00000000 0.00000500
vn -1.00000000 0.00000000 0.00000500
vn -1.00000000 0.00000000 0.00000500
vn -1.00000000 0.00000000 0.00000500
vn -1.00000000 0.00000000 0.00000500
vn -1.00000000 0.00000000 0.00000500
vn -1.00000000 0.00000000 0.00000500
vn -1.00000000 0.00000000 0.00000500
vn -1.00000000 0.00000000 0.00000500
vn -1.00000000 0.00000000 0.00000500
vn -1.00000000 0.00000000 0.00000500
vn -1.00000000 0.00000000 0.00000500
vn 1.00000000 0.00000000 -0.00000500
vn 1.00000000 0.00000000 -0.00000500
vn 1.00000000 0.00000000 -0.00000500
vn 1.00000000 0.00000000 -0.00000500
vn 1.00000000 0.00000000 -0.00000500
vn 1.00000000 0.00000000 -0.00000500
vn 1.00000000 0.00000000 -0.00000500
vn 1.00000000 0.00000000 -0.00000500
vn 1.00000000 0.00000000 -0.00000500
vn 1.00000000 0.00000000 -0.00000500
vn 1.00000000 0.00000000 -0.00000500
vn 1.00000000 0.00000000 -0.00000500
vn 1.00000000 0.00000000 -0.00000500
vn 1.00000000 0.00000000 -0.00000500
vn 1.00000000 0.00000000 -0.00000500
vn 1.00000000 0.00000000 -0.00000500
vn 1.00000000 0.00000000 -0.00000500
vn 1.00000000 0.00000000 -0.00000500
vn 1.00000000 0.00000000 -0.00000500
vn 1.00000000 0.00000000 -0.00000500
vn 1.00000000 0.00000000 -0.00000500
vn 1.00000000 0.00000000 -0.00000500
vn 1.00000000 0.00000000 -0.00000500
vn 1.00000000 0.00000000 -0.00000500
vn 1.00000000 0.00000000 -0.00000500
vn 1.00000000 0.00000000 -0.00000500
vn 1.00000000 0.00000000 -0.00000500
vn 1.00000000 0.00000000 -0.00000500
vn 1.00000000 0.00000000 -0.00000500
vn 1.00000000 0.00000000 -0.00000500
vn 1.00000000 0.00000000 -0.00000500
vn 1.00000000 0.00000000 -0.00000500
vn 1.00000000 0.00000000 -0.00000500
vn 1.00000000 0.00000000 -0.00000500
vn 1.00000000 0.00000000 -0.00000500
vn 1.00000000 0.00000000 -0.00000500
vn 1.00000000 0.00000000 -0.00000500
vn 1.00000000 0.00000000 -0.00000500
vn 1.00000000 0.00000000 -0.00000500
vn 1.00000000 0.00000000 -0.00000500
vn 1.00000000 0.00000000 -0.00000500
vn 1.00000000 0.00000000 -0.00000500
vn 1.00000000 0.00000000 -0.00000500
vn -1.00000000 0.00000000 0.00000500
vn -1.00000000 0.00000000 0.00000500
vn -1.00000000 0.00000000 0.00000500
vn -1.00000000 0.00000000 0.00000500
vn -1.00000000 0.00000000 0.00000500
vn -1.00000000 0.00000000 0.00000500
vn -1.00000000 0.00000000 0.00000500
vn -1.00000000 0.00000000 0.00000500
vn -1.00000000 0.00000000 0.00000500
vn -1.00000000 0.00000000 0.00000500
vn -1.00000000 0.00000000 0.00000500
vn -1.00000000 0.00000000 0.00000500
vn -1.00000000 0.00000000 0.00000500
vn -1.00000000 0.00000000 0.00000500
vn -1.00000000 0.00000000 0.00000500
vn -1.00000000 0.00000000 0.00000500
vn -1.00000000 0.00000000 0.00000500
vn -1.00000000 0.00000000 0.00000500
vn -1.00000000 0.00000000 0.00000500
vn -1.00000000 0.00000000 0.00000500
vn -1.00000000 0.00000000 0.00000500
vn -1.00000000 0.00000000 0.00000500
vn -1.00000000 0.00000000 0.00000500
vn -1.00000000 0.00000000 0.00000500
vn -1.00000000 0.00000000 0.00000500
vn -1.00000000 0.00000000 0.00000500
vn -0.99998600 -0.00527200 0.00016400
vn -1.00000000 -0.00049800 -0.00028400
vn -1.00000000 0.00000000 0.00000500
vn -1.00000000 0.00000000 0.00000500
vn -1.00000000 0.00000000 0.00000500
vn -1.00000000 0.00000000 0.00000500
vn -1.00000000 0.00000000 0.00000500
vn -1.00000000 0.00000000 0.00000500
vn -1.00000000 0.00000000 0.00000500
vn -0.99839800 -0.00260500 0.05651500
vn -1.00000000 -0.00047200 0.00008900
vn -0.99872800 -0.05042500 0.00000500
vn -0.99727900 0.06452800 0.03565600
vn -1.00000000 0.00000000 0.00000500
vn -0.99503800 -0.08049900 0.05847200
vn -0.99503800 -0.08049900 0.05847200
vn -0.99504000 0.03074400 0.09460200
vn -0.99504000 0.03074400 0.09460200
vn -1.00000000 0.00000000 0.00000500
vn -1.00000000 -0.00047200 0.00008800
vn -0.99999800 0.00198200 -0.00034500
vn -1.00000000 0.00032200 0.00010000
vn -0.99998600 -0.00527200 0.00016400
vn -1.00000000 -0.00049800 -0.00028400
vn -1.00000000 -0.00082700 0.00024900
vn -0.99999800 0.00207700 0.00037100
vn -1.00000000 -0.00033000 -0.00005400
vn -1.00000000 -0.00033000 -0.00005500
vn -1.00000000 0.00000000 0.00000500
vn -0.99827900 -0.00783000 -0.05811400
vn -1.00000000 0.00000000 0.00000500
vn -0.99503900 -0.08049900 -0.05846300
vn -0.99503900 -0.08049900 -0.05846300
vn -1.00000000 0.00000000 0.00000500
vn -1.00000000 0.00000000 0.00000500
vn -1.00000000 0.00000000 0.00000500
vn -1.00000000 0.00000000 0.00000500
vn -1.00000000 0.00000000 0.00000500
vn -1.00000000 0.00000000 0.00000500
vn -1.00000000 0.00000000 0.00000500
vn -1.00000000 0.00000000 0.00000500
vn -0.99672600 0.07166600 -0.03744600
vn -0.99504100 0.03074400 -0.09459300
vn -0.99504100 0.03074400 -0.09459300
vn -0.99504000 0.09948000 0.00000400
vn -0.99504000 0.09948000 0.00000400
vn -1.00000000 0.00000000 0.00000500
vn -1.00000000 0.00000000 0.00000500
vn -1.00000000 0.00000000 0.00000500
vn -1.00000000 0.00000000 0.00000500
vn -1.00000000 0.00000000 0.00000500
vn -1.00000000 0.00000000 0.00000500
vn -1.00000000 0.00000000 0.00000500
vn -1.00000000 0.00000000 0.00000500
vn -1.00000000 0.00000000 0.00000500
vn -1.00000000 0.00000000 0.00000500
vn -1.00000000 0.00000000 0.00000500
vn -1.00000000 0.00000000 0.00000500
vn -1.00000000 0.00000000 0.00000500
vn -1.00000000 0.00000000 0.00000500
vn -1.00000000 0.00000000 0.00000500
vn -1.00000000 0.00000000 0.00000500
vn -1.00000000 0.00000000 0.00000500
vn -1.00000000 0.00000000 0.00000500
vn 0.00000100 -0.95104800 0.30904200
vn 0.00000100 -0.95104800 0.30904200
vn 0.00000100 -0.95104800 0.30904200
vn 0.00000100 -0.95104800 0.30904200
vn -0.00000100 0.95104800 -0.30904200
vn -0.00000100 0.95104800 -0.30904200
vn -0.00000100 0.95104800 -0.30904200
vn -0.00000100 0.95104800 -0.30904200
vn 0.00000100 0.95104800 0.30904200
vn 0.00000100 0.95104800 0.30904200
vn 0.00000100 0.95104800 0.30904200
vn 0.00000100 0.95104800 0.30904200
vn -0.00000100 -0.95104800 -0.30904200
vn -0.00000100 -0.95104800 -0.30904200
vn -0.00000100 -0.95104800 -0.30904200
vn -0.00000100 -0.95104800 -0.30904200
vn -0.00000500 0.00000000 -1.00000000
vn -0.00000500 0.00000000 -1.00000000
vn -0.00000500 0.00000000 -1.00000000
vn -0.00000500 0.00000000 -1.00000000
vn -0.00000400 -0.58782300 -0.80898900
vn -0.00000400 -0.58782300 -0.80898900
vn -0.00000400 -0.58782300 -0.80898900
vn -0.00000400 -0.58782300 -0.80898900
vn 0.00000500 0.00000000 1.00000000
vn 0.00000500 0.00000000 1.00000000
vn 0.00000500 0.00000000 1.00000000
vn 0.00000500 0.00000000 1.00000000
vn -0.00000400 0.58782300 -0.80898900
vn -0.00000400 0.58782300 -0.80898900
vn -0.00000400 0.58782300 -0.80898900
vn -0.00000400 0.58782300 -0.80898900
vn 0.00000400 0.58782300 0.80898900
vn 0.00000400 0.58782300 0.80898900
vn 0.00000400 0.58782300 0.80898900
vn 0.00000400 0.58782300 0.80898900
vn 0.00000400 -0.58782300 0.80898900
vn 0.00000400 -0.58782300 0.80898900
vn 0.00000400 -0.58782300 0.80898900
vn 0.00000400 -0.58782300 0.80898900
vn 1.00000000 0.00000000 -0.00000500
vn 1.00000000 0.00000000 -0.00000500
vn 1.00000000 0.00000000 -0.00000500
vn 1.00000000 0.00000000 -0.00000500
vn 1.00000000 0.00000000 -0.00000500
vn 1.00000000 0.00000000 -0.00000500
vn 1.00000000 0.00000000 -0.00000500
vn 1.00000000 0.00000000 -0.00000500
vn 0.59717500 0.47144400 -0.64894000
vn -0.00016200 0.99416000 0.10791200
vn 0.59711800 0.79778400 0.08360800
vn 0.59712500 0.32614700 0.73285100
vn -0.00229100 0.56457700 -0.82537700
vn -0.00258600 0.37714800 0.92614900
vn 0.59711800 -0.32614700 -0.73285600
vn 0.59718100 -0.47144400 0.64893400
vn -0.00160000 -0.43644100 -0.89973200
vn -0.00098300 -0.61126700 0.79142400
vn 0.59710800 -0.79777200 -0.08379600
vn 0.00012400 -0.99491200 -0.10074800
vn -0.00017700 0.99412800 -0.10821400
vn 0.59718100 0.47144400 0.64893400
vn 0.59709900 0.79776000 -0.08397700
vn 0.59711800 0.32614700 -0.73285600
vn -0.00227400 0.56457700 0.82537700
vn -0.00261700 0.37714800 -0.92614900
vn -0.59711800 -0.32614700 0.73285600
vn -0.59718100 -0.47144400 -0.64893400
vn -0.00159100 -0.43644100 0.89973200
vn -0.00099100 -0.61126700 -0.79142400
vn -0.59710500 -0.79776800 0.08385600
vn 0.00012400 -0.99491200 0.10074800
vn -0.00020200 0.94885400 -0.31571500
vn 0.59723200 0.76277900 -0.24795500
vn 0.59712900 0.16673800 -0.78462400
vn -0.59716100 0.59618700 0.53662000
vn -0.00202200 0.18210600 -0.98327700
vn -0.00094800 0.73274100 0.68050700
vn 0.41527900 -0.85253300 -0.31738200
vn -0.59712900 -0.16673800 0.78462400
vn 0.02178600 -0.52538900 -0.85058300
vn -0.00188100 -0.23816700 0.97122200
vn 0.07800800 -0.63380400 0.76955000
vn 0.00018800 -0.95447100 0.29830300
vn -0.59710900 -0.00002800 -0.80216000
vn -0.00000500 0.00000000 -1.00000000
vn -0.00000200 0.86607200 -0.49992000
vn -0.00000200 -0.86607200 -0.49992000
vn -0.59714200 0.69479200 -0.40085700
vn 0.59708000 -0.69472300 -0.40106800
vn 0.59708300 -0.69472300 0.40106200
vn 0.00000200 -0.86607200 0.49992000
vn 0.00000200 0.86607200 0.49992000
vn -0.59708000 0.69472300 0.40106800
vn 0.59710900 0.00002900 0.80216000
vn 0.00000500 0.00000000 1.00000000
vn -0.00041900 -0.75922200 0.65083200
vn 0.00018700 -0.95447100 -0.29830300
vn 0.59725000 -0.76280200 -0.24784000
vn -0.00189000 -0.23816700 -0.97122200
vn 0.59718300 -0.59571600 0.53711800
vn -0.59713600 -0.16673800 -0.78461900
vn -0.00201500 0.18198800 0.98329900
vn -0.00095300 0.73274100 -0.68050700
vn 0.59713600 0.16673800 0.78461900
vn 0.59716100 0.59618700 -0.53662000
vn -0.00019800 0.94885400 0.31571500
vn 0.59725300 0.76280200 0.24783500
vn 0.23914800 0.11707000 0.96390000
vn 0.23907600 0.55161200 0.79910400
vn 0.23907600 0.55161200 0.79910400
vn 0.23914800 0.11707000 0.96390000
vn 0.23912500 0.85981700 0.45114700
vn 0.23918400 -0.34430200 0.90788100
vn 0.23912500 0.85981700 0.45114700
vn 0.23918400 -0.34430200 0.90788100
vn 0.23908800 0.97099800 -0.00000100
vn 0.23915400 -0.72661000 0.64408400
vn 0.23908800 0.97099800 -0.00000100
vn 0.23915400 -0.72661000 0.64408400
vn 0.23912100 0.85981700 -0.45114900
vn 0.23911100 -0.94277100 0.23239600
vn 0.23912100 0.85981700 -0.45114900
vn 0.23911100 -0.94277100 0.23239600
vn 0.23906900 0.55161200 -0.79910600
vn 0.23910900 -0.94277100 -0.23239800
vn 0.23906900 0.55161200 -0.79910600
vn 0.23910900 -0.94277100 -0.23239800
vn 0.23914000 0.11707000 -0.96390200
vn 0.23914800 -0.72661000 -0.64408600
vn 0.23914000 0.11707000 -0.96390200
vn 0.23914800 -0.72661000 -0.64408600
vn 0.23917600 -0.34430200 -0.90788300
vn 0.23917600 -0.34430200 -0.90788300
vn -0.23914800 0.11707000 -0.96390000
vn -0.23907600 0.55161200 -0.79910400
vn -0.23907600 0.55161200 -0.79910400
vn -0.23914800 0.11707000 -0.96390000
vn -0.23912500 0.85981700 -0.45114700
vn -0.23918400 -0.34430200 -0.90788100
vn -0.23912500 0.85981700 -0.45114700
vn -0.23918400 -0.34430200 -0.90788100
vn -0.23908800 0.97099800 0.00000100
vn -0.23915400 -0.72661000 -0.64408400
vn -0.23908800 0.97099800 0.00000100
vn -0.23915400 -0.72661000 -0.64408400
vn -0.23912100 0.85981700 0.45114900
vn -0.23911100 -0.94277100 -0.23239600
vn -0.23912100 0.85981700 0.45114900
vn -0.23911100 -0.94277100 -0.23239600
vn -0.23906900 0.55161200 0.79910600
vn -0.23910900 -0.94277100 0.23239800
vn -0.23906900 0.55161200 0.79910600
vn -0.23910900 -0.94277100 0.23239800
vn -0.23914000 0.11707000 0.96390200
vn -0.23914800 -0.72661000 0.64408600
vn -0.23914000 0.11707000 0.96390200
vn -0.23914800 -0.72661000 0.64408600
vn -0.23917600 -0.34430200 0.90788300
vn -0.23917600 -0.34430200 0.90788300
vn -0.00000500 0.00000000 -1.00000000
vn -0.00000500 0.00000000 -1.00000000
vn -0.00000300 -0.70710700 -0.70710700
vn -0.00000300 0.70710700 -0.70710700
vn -0.00000300 -0.70710700 -0.70710700
vn -0.00000300 0.70710700 -0.70710700
vn -0.00000000 -1.00000000 -0.00000000
vn -0.00000000 1.00000000 -0.00000000
vn -0.00000000 -1.00000000 -0.00000000
vn -0.00000000 1.00000000 -0.00000000
vn 0.00000300 -0.70710700 0.70710700
vn 0.00000300 0.70710700 0.70710700
vn 0.00000300 -0.70710700 0.70710700
vn 0.00000300 0.70710700 0.70710700
vn 0.00000500 0.00000000 1.00000000
vn 0.00000500 0.00000000 1.00000000
vn 0.07356400 -0.99729100 0.00000000
vn 0.14834000 -0.98893600 0.00000100
vn 0.14834400 -0.87566700 0.45956700
vn 0.07353200 -0.88314600 0.46329800
vn -0.07356400 -0.99729100 -0.00000000
vn 0.14828300 -0.56190100 0.81380500
vn -0.07353700 -0.88314600 0.46329800
vn -0.14834000 -0.98893600 -0.00000100
vn -0.14834800 -0.87566700 0.45956600
vn -0.07355300 -0.56642300 0.82082500
vn -0.14829000 -0.56190100 0.81380400
vn 0.07354600 -0.56642300 0.82082600
vn 0.14828100 -0.11917800 0.98173800
vn -0.07353600 -0.12021300 0.99002100
vn -0.14829000 -0.11917800 0.98173700
vn 0.07352700 -0.12021300 0.99002100
vn 0.14829900 0.35055600 0.92472600
vn -0.07353900 0.35370100 0.93246300
vn -0.14830700 0.35055600 0.92472500
vn 0.07353100 0.35370100 0.93246400
vn 0.14831500 0.74024600 0.65577300
vn -0.07355400 0.74662300 0.66116900
vn -0.14832100 0.74024600 0.65577200
vn 0.07354800 0.74662300 0.66116900
vn 0.14834800 0.96017900 0.23674900
vn -0.07355200 0.96831400 0.23866000
vn -0.14835000 0.96017900 0.23674700
vn 0.07355000 0.96831400 0.23866100
vn 0.14835000 0.96017900 -0.23674700
vn -0.07355000 0.96831400 -0.23866100
vn -0.14834800 0.96017900 -0.23674900
vn 0.07355200 0.96831400 -0.23866000
vn 0.14832100 0.74024600 -0.65577200
vn -0.07354800 0.74662300 -0.66116900
vn -0.14831500 0.74024600 -0.65577300
vn 0.07355400 0.74662300 -0.66116900
vn 0.14830700 0.35055600 -0.92472500
vn -0.07353100 0.35370100 -0.93246400
vn -0.14829900 0.35055600 -0.92472600
vn 0.07353900 0.35370100 -0.93246300
vn 0.14829000 -0.11917800 -0.98173700
vn -0.07352700 -0.12021300 -0.99002100
vn -0.14828100 -0.11917800 -0.98173800
vn 0.07353600 -0.12021300 -0.99002100
vn 0.14829000 -0.56190100 -0.81380400
vn -0.07354600 -0.56642300 -0.82082600
vn -0.14828300 -0.56190100 -0.81380500
vn 0.07355300 -0.56642300 -0.82082500
vn 0.14834800 -0.87566700 -0.45956600
vn -0.07353200 -0.88314600 -0.46329800
vn -0.14834400 -0.87566700 -0.45956700
vn 0.07353700 -0.88314600 -0.46329800
vn 0.14834000 -0.98893600 0.00000100
vn 0.07356400 -0.99729100 0.00000000
vn -0.07356400 -0.99729100 -0.00000000
vn -0.14834000 -0.98893600 -0.00000100
vn -1.00000000 0.00000000 -0.00000500
vn -1.00000000 0.00000000 -0.00000500
vn -1.00000000 0.00000000 -0.00000500
vn -1.00000000 0.00000000 -0.00000500
vn -1.00000000 0.00000000 -0.00000500
vn -1.00000000 0.00000000 -0.00000500
vn 1.00000000 0.00000000 0.00000500
vn 1.00000000 0.00000000 0.00000500
vn 1.00000000 0.00000000 0.00000500
vn 1.00000000 0.00000000 0.00000500
vn 1.00000000 0.00000000 0.00000500
vn 1.00000000 0.00000000 0.00000500
vn 1.00000000 0.00000000 0.00000500
vn 1.00000000 0.00000000 0.00000500
vn 1.00000000 0.00000000 0.00000500
vn 1.00000000 0.00000000 0.00000500
vn 1.00000000 0.00000000 0.00000500
vn 1.00000000 0.00000000 0.00000500
vn 1.00000000 0.00000000 0.00000500
vn 1.00000000 0.00000000 0.00000500
vn 1.00000000 0.00000000 0.00000500
vn 1.00000000 0.00000000 0.00000500
vn 1.00000000 0.00000000 0.00000500
vn 1.00000000 0.00000000 0.00000500
vn 1.00000000 0.00000000 0.00000500
vn 1.00000000 0.00000000 0.00000500
vn 1.00000000 0.00000000 0.00000500
vn 1.00000000 0.00000000 0.00000500
vn 1.00000000 0.00000000 0.00000500
vn 1.00000000 0.00000000 0.00000500
vn 1.00000000 0.00000000 0.00000500
vn 1.00000000 0.00000000 0.00000500
vn 1.00000000 0.00000000 0.00000500
vn 1.00000000 0.00000000 0.00000500
vn -1.00000000 0.00000000 -0.00000500
vn -1.00000000 0.00000000 -0.00000500
vn -1.00000000 0.00000000 -0.00000500
vn -1.00000000 0.00000000 -0.00000500
vn -1.00000000 0.00000000 -0.00000500
vn -1.00000000 0.00000000 -0.00000500
vn -1.00000000 0.00000000 -0.00000500
vn -1.00000000 0.00000000 -0.00000500
vn -1.00000000 0.00000000 -0.00000500
vn -1.00000000 0.00000000 -0.00000500
vn -1.00000000 0.00000000 -0.00000500
vn -1.00000000 0.00000000 -0.00000500
vn -1.00000000 0.00000000 -0.00000500
vn -1.00000000 0.00000000 -0.00000500
vn -1.00000000 0.00000000 -0.00000500
vn -1.00000000 0.00000000 -0.00000500
vn -1.00000000 0.00000000 -0.00000500
vn -1.00000000 0.00000000 -0.00000500
vn -1.00000000 0.00000000 -0.00000500
vn -1.00000000 0.00000000 -0.00000500
vn -1.00000000 0.00000000 -0.00000500
vn -1.00000000 0.00000000 -0.00000500
vn -1.00000000 0.00000000 -0.00000500
vn -1.00000000 0.00000000 -0.00000500
vn -1.00000000 0.00000000 -0.00000500
vn -1.00000000 0.00000000 -0.00000500
vn -1.00000000 0.00000000 -0.00000500
vn -1.00000000 0.00000000 -0.00000500
vn -1.00000000 0.00000000 -0.00000500
vn -1.00000000 0.00000000 -0.00000500
vn -1.00000000 0.00000000 -0.00000500
vn -1.00000000 0.00000000 -0.00000500
vn -1.00000000 0.00000000 -0.00000500
vn -1.00000000 0.00000000 -0.00000500
vn -1.00000000 0.00000000 -0.00000500
vn -1.00000000 0.00000000 -0.00000500
vn -1.00000000 0.00000000 -0.00000500
vn -1.00000000 0.00000000 -0.00000500
vn -1.00000000 0.00000000 -0.00000500
vn -1.00000000 0.00000000 -0.00000500
vn -1.00000000 0.00000000 -0.00000500
vn -1.00000000 0.00000000 -0.00000500
vn -1.00000000 0.00000000 -0.00000500
vn 1.00000000 0.00000000 0.00000500
vn 1.00000000 0.00000000 0.00000500
vn 1.00000000 0.00000000 0.00000500
vn 1.00000000 0.00000000 0.00000500
vn 1.00000000 0.00000000 0.00000500
vn 1.00000000 0.00000000 0.00000500
vn 1.00000000 0.00000000 0.00000500
vn 1.00000000 0.00000000 0.00000500
vn 1.00000000 0.00000000 0.00000500
vn 1.00000000 0.00000000 0.00000500
vn 1.00000000 0.00000000 0.00000500
vn 1.00000000 0.00000000 0.00000500
vn 1.00000000 0.00000000 0.00000500
vn 1.00000000 0.00000000 0.00000500
vn 1.00000000 0.00000000 0.00000500
vn 1.00000000 0.00000000 0.00000500
vn 1.00000000 0.00000000 0.00000500
vn 1.00000000 0.00000000 0.00000500
vn 1.00000000 0.00000000 0.00000500
vn 1.00000000 0.00000000 0.00000500
vn 1.00000000 0.00000000 0.00000500
vn 1.00000000 0.00000000 0.00000500
vn 1.00000000 0.00000000 0.00000500
vn 1.00000000 0.00000000 0.00000500
vn 1.00000000 0.00000000 0.00000500
vn 1.00000000 0.00000000 0.00000500
vn 0.99998600 -0.00527200 0.00016400
vn 1.00000000 -0.00049800 -0.00028400
vn 1.00000000 0.00000000 0.00000500
vn 1.00000000 0.00000000 0.00000500
vn 1.00000000 0.00000000 0.00000500
vn 1.00000000 0.00000000 0.00000500
vn 1.00000000 0.00000000 0.00000500
vn 1.00000000 0.00000000 0.00000500
vn 1.00000000 0.00000000 0.00000500
vn 0.99839800 -0.00260500 0.05651500
vn 1.00000000 -0.00047200 0.00008900
vn 0.99872800 -0.05042500 0.00000500
vn 0.99727900 0.06452800 0.03565600
vn 1.00000000 0.00000000 0.00000500
vn 0.99503800 -0.08049900 0.05847200
vn 0.99503800 -0.08049900 0.05847200
vn 0.99504000 0.03074400 0.09460200
vn 0.99504000 0.03074400 0.09460200
vn 1.00000000 0.00000000 0.00000500
vn 1.00000000 -0.00047200 0.00008800
vn 0.99999800 0.00198200 -0.00034500
vn 1.00000000 0.00032200 0.00010000
vn 0.99998600 -0.00527200 0.00016400
vn 1.00000000 -0.00049800 -0.00028400
vn 1.00000000 -0.00082700 0.00024900
vn 0.99999800 0.00207700 0.00037100
vn 1.00000000 -0.00033000 -0.00005400
vn 1.00000000 -0.00033000 -0.00005500
vn 1.00000000 0.00000000 0.00000500
vn 0.99827900 -0.00783000 -0.05811400
vn 1.00000000 0.00000000 0.00000500
vn 0.99503900 -0.08049900 -0.05846300
vn 0.99503900 -0.08049900 -0.05846300
vn 1.00000000 0.00000000 0.00000500
vn 1.00000000 0.00000000 0.00000500
vn 1.00000000 0.00000000 0.00000500
vn 1.00000000 0.00000000 0.00000500
vn 1.00000000 0.00000000 0.00000500
vn 1.00000000 0.00000000 0.00000500
vn 1.00000000 0.00000000 0.00000500
vn 1.00000000 0.00000000 0.00000500
vn 0.99672600 0.07166600 -0.03744600
vn 0.99504100 0.03074400 -0.09459300
vn 0.99504100 0.03074400 -0.09459300
vn 0.99504000 0.09948000 0.00000400
vn 0.99504000 0.09948000 0.00000400
vn 1.00000000 0.00000000 0.00000500
vn 1.00000000 0.00000000 0.00000500
vn 1.00000000 0.00000000 0.00000500
vn 1.00000000 0.00000000 0.00000500
vn 1.00000000 0.00000000 0.00000500
vn 1.00000000 0.00000000 0.00000500
vn 1.00000000 0.00000000 0.00000500
vn 1.00000000 0.00000000 0.00000500
vn 1.00000000 0.00000000 0.00000500
vn 1.00000000 0.00000000 0.00000500
vn 1.00000000 0.00000000 0.00000500
vn 1.00000000 0.00000000 0.00000500
vn 1.00000000 0.00000000 0.00000500
vn 1.00000000 0.00000000 0.00000500
vn 1.00000000 0.00000000 0.00000500
vn 1.00000000 0.00000000 0.00000500
vn 1.00000000 0.00000000 0.00000500
vn 1.00000000 0.00000000 0.00000500
vn -0.00000100 -0.95104800 0.30904200
vn -0.00000100 -0.95104800 0.30904200
vn -0.00000100 -0.95104800 0.30904200
vn -0.00000100 -0.95104800 0.30904200
vn 0.00000100 0.95104800 -0.30904200
vn 0.00000100 0.95104800 -0.30904200
vn 0.00000100 0.95104800 -0.30904200
vn 0.00000100 0.95104800 -0.30904200
vn -0.00000100 0.95104800 0.30904200
vn -0.00000100 0.95104800 0.30904200
vn -0.00000100 0.95104800 0.30904200
vn -0.00000100 0.95104800 0.30904200
vn 0.00000100 -0.95104800 -0.30904200
vn 0.00000100 -0.95104800 -0.30904200
vn 0.00000100 -0.95104800 -0.30904200
vn 0.00000100 -0.95104800 -0.30904200
vn 0.00000500 0.00000000 -1.00000000
vn 0.00000500 0.00000000 -1.00000000
vn 0.00000500 0.00000000 -1.00000000
vn 0.00000500 0.00000000 -1.00000000
vn 0.00000400 -0.58782300 -0.80898900
vn 0.00000400 -0.58782300 -0.80898900
vn 0.00000400 -0.58782300 -0.80898900
vn 0.00000400 -0.58782300 -0.80898900
vn -0.00000500 0.00000000 1.00000000
vn -0.00000500 0.00000000 1.00000000
vn -0.00000500 0.00000000 1.00000000
vn -0.00000500 0.00000000 1.00000000
vn 0.00000400 0.58782300 -0.80898900
vn 0.00000400 0.58782300 -0.80898900
vn 0.00000400 0.58782300 -0.80898900
vn 0.00000400 0.58782300 -0.80898900
vn -0.00000400 0.58782300 0.80898900
vn -0.00000400 0.58782300 0.80898900
vn -0.00000400 0.58782300 0.80898900
vn -0.00000400 0.58782300 0.80898900
vn -0.00000400 -0.58782300 0.80898900
vn -0.00000400 -0.58782300 0.80898900
vn -0.00000400 -0.58782300 0.80898900
vn -0.00000400 -0.58782300 0.80898900
vn -1.00000000 0.00000000 -0.00000500
vn -1.00000000 0.00000000 -0.00000500
vn -1.00000000 0.00000000 -0.00000500
vn -1.00000000 0.00000000 -0.00000500
vn -1.00000000 0.00000000 -0.00000500
vn -1.00000000 0.00000000 -0.00000500
vn -1.00000000 0.00000000 -0.00000500
vn -1.00000000 0.00000000 -0.00000500
vn -0.59717500 0.47144400 -0.64894000
vn 0.00016200 0.99416000 0.10791200
vn -0.59711800 0.79778400 0.08360800
vn -0.59712500 0.32614700 0.73285100
vn 0.00229100 0.56457700 -0.82537700
vn 0.00258600 0.37714800 0.92614900
vn -0.59711800 -0.32614700 -0.73285600
vn -0.59718100 -0.47144400 0.64893400
vn 0.00160000 -0.43644100 -0.89973200
vn 0.00098300 -0.61126700 0.79142400
vn -0.59710800 -0.79777200 -0.08379600
vn -0.00012400 -0.99491200 -0.10074800
vn 0.00017700 0.99412800 -0.10821400
vn -0.59718100 0.47144400 0.64893400
vn -0.59709900 0.79776000 -0.08397700
vn -0.59711800 0.32614700 -0.73285600
vn 0.00227400 0.56457700 0.82537700
vn 0.00261700 0.37714800 -0.92614900
vn 0.59711800 -0.32614700 0.73285600
vn 0.59718100 -0.47144400 -0.64893400
vn 0.00159100 -0.43644100 0.89973200
vn 0.00099100 -0.61126700 -0.79142400
vn 0.59710500 -0.79776800 0.08385600
vn -0.00012400 -0.99491200 0.10074800
vn 0.00020200 0.94885400 -0.31571500
vn -0.59723200 0.76277900 -0.24795500
vn -0.59712900 0.16673800 -0.78462400
vn 0.59716100 0.59618700 0.53662000
vn 0.00202200 0.18210600 -0.98327700
vn 0.00094800 0.73274100 0.68050700
vn -0.41527900 -0.85253300 -0.31738200
vn 0.59712900 -0.16673800 0.78462400
vn -0.02178600 -0.52538900 -0.85058300
vn 0.00188100 -0.23816700 0.97122200
vn -0.07800800 -0.63380400 0.76955000
vn -0.00018800 -0.95447100 0.29830300
vn 0.59710900 -0.00002800 -0.80216000
vn 0.00000500 0.00000000 -1.00000000
vn 0.00000200 0.86607200 -0.49992000
vn 0.00000200 -0.86607200 -0.49992000
vn 0.59714200 0.69479200 -0.40085700
vn -0.59708000 -0.69472300 -0.40106800
vn -0.59708300 -0.69472300 0.40106200
vn -0.00000200 -0.86607200 0.49992000
vn -0.00000200 0.86607200 0.49992000
vn 0.59708000 0.69472300 0.40106800
vn -0.59710900 0.00002900 0.80216000
vn -0.00000500 0.00000000 1.00000000
vn 0.00041900 -0.75922200 0.65083200
vn -0.00018700 -0.95447100 -0.29830300
vn -0.59725000 -0.76280200 -0.24784000
vn 0.00189000 -0.23816700 -0.97122200
vn -0.59718300 -0.59571600 0.53711800
vn 0.59713600 -0.16673800 -0.78461900
vn 0.00201500 0.18198800 0.98329900
vn 0.00095300 0.73274100 -0.68050700
vn -0.59713600 0.16673800 0.78461900
vn -0.59716100 0.59618700 -0.53662000
vn 0.00019800 0.94885400 0.31571500
vn -0.59725300 0.76280200 0.24783500
vn -0.23914800 0.11707000 0.96390000
vn -0.23907600 0.55161200 0.79910400
vn -0.23907600 0.55161200 0.79910400
vn -0.23914800 0.11707000 0.96390000
vn -0.23912500 0.85981700 0.45114700
vn -0.23918400 -0.34430200 0.90788100
vn -0.23912500 0.85981700 0.45114700
vn -0.23918400 -0.34430200 0.90788100
vn -0.23908800 0.97099800 -0.00000100
vn -0.23915400 -0.72661000 0.64408400
vn -0.23908800 0.97099800 -0.00000100
vn -0.23915400 -0.72661000 0.64408400
vn -0.23912100 0.85981700 -0.45114900
vn -0.23911100 -0.94277100 0.23239600
vn -0.23912100 0.85981700 -0.45114900
vn -0.23911100 -0.94277100 0.23239600
vn -0.23906900 0.55161200 -0.79910600
vn -0.23910900 -0.94277100 -0.23239800
vn -0.23906900 0.55161200 -0.79910600
vn -0.23910900 -0.94277100 -0.23239800
vn -0.23914000 0.11707000 -0.96390200
vn -0.23914800 -0.72661000 -0.64408600
vn -0.23914000 0.11707000 -0.96390200
vn -0.23914800 -0.72661000 -0.64408600
vn -0.23917600 -0.34430200 -0.90788300
vn -0.23917600 -0.34430200 -0.90788300
vn 0.23914800 0.11707000 -0.96390000
vn 0.23907600 0.55161200 -0.79910400
vn 0.23907600 0.55161200 -0.79910400
vn 0.23914800 0.11707000 -0.96390000
vn 0.23912500 0.85981700 -0.45114700
vn 0.23918400 -0.34430200 -0.90788100
vn 0.23912500 0.85981700 -0.45114700
vn 0.23918400 -0.34430200 -0.90788100
vn 0.23908800 0.97099800 0.00000100
vn 0.23915400 -0.72661000 -0.64408400
vn 0.23908800 0.97099800 0.00000100
vn 0.23915400 -0.72661000 -0.64408400
vn 0.23912100 0.85981700 0.45114900
vn 0.23911100 -0.94277100 -0.23239600
vn 0.23912100 0.85981700 0.45114900
vn 0.23911100 -0.94277100 -0.23239600
vn 0.23906900 0.55161200 0.79910600
vn 0.23910900 -0.94277100 0.23239800
vn 0.23906900 0.55161200 0.79910600
vn 0.23910900 -0.94277100 0.23239800
vn 0.23914000 0.11707000 0.96390200
vn 0.23914800 -0.72661000 0.64408600
vn 0.23914000 0.11707000 0.96390200
vn 0.23914800 -0.72661000 0.64408600
vn 0.23917600 -0.34430200 0.90788300
vn 0.23917600 -0.34430200 0.90788300
vn 0.00000500 0.00000000 -1.00000000
vn 0.00000500 0.00000000 -1.00000000
vn 0.00000300 -0.70710700 -0.70710700
vn 0.00000300 0.70710700 -0.70710700
vn 0.00000300 -0.70710700 -0.70710700
vn 0.00000300 0.70710700 -0.70710700
vn 0.00000000 -1.00000000 -0.00000000
vn 0.00000000 1.00000000 -0.00000000
vn 0.00000000 -1.00000000 -0.00000000
vn 0.00000000 1.00000000 -0.00000000
vn -0.00000300 -0.70710700 0.70710700
vn -0.00000300 0.70710700 0.70710700
vn -0.00000300 -0.70710700 0.70710700
vn -0.00000300 0.70710700 0.70710700
vn -0.00000500 0.00000000 1.00000000
vn -0.00000500 0.00000000 1.00000000
vn 0.00000000 -1.00000000 0.00000000
vn -0.00000000 1.00000000 0.00000000
vn 0.00000000 0.00000000 -1.00000000
vn 1.00000000 0.00000000 0.00000000
vn 0.00000000 -0.00000000 1.00000000
vn -1.00000000 0.00000000 0.00000000
vn 0.42606700 0.00000000 -0.90469200
vn -0.42606600 0.00000000 0.90469200
vn -0.02580100 -0.99816500 0.05478400
vn 0.90469100 0.00000000 0.42606900
vn 0.02580100 0.99816500 -0.05478400
vn -0.90469100 0.00000000 -0.42606900
vn -0.42606700 0.00000000 -0.90469200
vn 0.42606600 0.00000000 0.90469200
vn 0.02580100 -0.99816500 0.05478400
vn 0.90469100 0.00000000 -0.42606900
vn -0.02580100 0.99816500 -0.05478400
vn -0.90469100 0.00000000 0.42606900
vn 1.00000000 0.00000000 0.00000400
vn 1.00000000 0.00000000 0.00000400
vn 1.00000000 0.00000000 0.00000400
vn 1.00000000 0.00000000 0.00000400
vn 1.00000000 0.00000000 0.00000400
vn 1.00000000 0.00000000 0.00000400
vn -1.00000000 -0.00000000 -0.00000400
vn -1.00000000 -0.00000000 -0.00000400
vn -1.00000000 -0.00000000 -0.00000400
vn -1.00000000 -0.00000000 -0.00000400
vn -1.00000000 -0.00000000 -0.00000400
vn -1.00000000 -0.00000000 -0.00000400
vn 0.00000000 -1.00000000 0.00000000
vn 0.00000000 -1.00000000 0.00000000
vn 0.00000000 -1.00000000 0.00000000
vn 0.00000000 -1.00000000 0.00000000
vn 0.00000000 -1.00000000 0.00000000
vn 0.00000000 -1.00000000 0.00000000
vn -0.00000000 1.00000000 -0.00000000
vn -0.00000000 1.00000000 -0.00000000
vn -0.00000000 1.00000000 -0.00000000
vn -0.00000000 1.00000000 -0.00000000
vn -0.00000000 1.00000000 -0.00000000
vn -0.00000000 1.00000000 -0.00000000
vn -1.00000000 -0.00000000 -0.00000400
vn -1.00000000 -0.00000000 -0.00000400
vn -1.00000000 -0.00000000 -0.00000400
vn -1.00000000 -0.00000000 -0.00000400
vn -1.00000000 -0.00000000 -0.00000400
vn -1.00000000 -0.00000000 -0.00000400
vn 1.00000000 0.00000000 0.00000400
vn 1.00000000 0.00000000 0.00000400
vn 1.00000000 0.00000000 0.00000400
vn 1.00000000 0.00000000 0.00000400
vn 1.00000000 0.00000000 0.00000400
vn 1.00000000 0.00000000 0.00000400
vn 0.00000000 -1.00000000 0.00000000
vn 0.00000000 -1.00000000 0.00000000
vn 0.00000000 -1.00000000 0.00000000
vn 0.00000000 -1.00000000 0.00000000
vn 0.00000000 -1.00000000 0.00000000
vn 0.00000000 -1.00000000 0.00000000
vn -0.00000000 1.00000000 -0.00000000
vn -0.00000000 1.00000000 -0.00000000
vn -0.00000000 1.00000000 -0.00000000
vn -0.00000000 1.00000000 -0.00000000
vn -0.00000000 1.00000000 -0.00000000
vn -0.00000000 1.00000000 -0.00000000
vn -0.00000400 0.00000000 1.00000000
vn -0.00000400 0.00000000 1.00000000
vn -0.00000400 0.00000000 1.00000000
vn -0.00000400 0.00000000 1.00000000
vn -0.00000400 0.00000000 1.00000000
vn -0.00000400 0.00000000 1.00000000
vn -0.00000400 0.00000000 1.00000000
vn -0.00000400 0.00000000 1.00000000
vn -1.00000000 0.00000000 0.00000500
vn -1.00000000 0.00000000 0.00000500
vn -0.99826200 -0.05692300 -0.01524300
vn -1.00000000 0.00000000 0.00000500
vn -1.00000000 0.00000000 0.00000500
vn -1.00000000 0.00000000 0.00000500
vn -1.00000000 0.00000000 0.00000500
vn -1.00000000 0.00000000 0.00000500
vn -1.00000000 0.00000000 0.00000500
vn -0.05523800 -0.99847300 0.00000000
vn -0.11179500 -0.99373100 0.00000100
vn -0.11179700 -0.87991300 0.46179500
vn -0.05521400 -0.88419300 0.46384700
vn 0.05523800 -0.99847300 -0.00000000
vn -0.11175000 -0.56462400 0.81774800
vn 0.05521800 -0.88419300 0.46384700
vn 0.11179500 -0.99373100 -0.00000100
vn 0.11180100 -0.87991300 0.46179400
vn 0.05523100 -0.56709500 0.82179900
vn 0.11175700 -0.56462400 0.81774700
vn -0.05522400 -0.56709500 0.82179900
vn -0.11174900 -0.11975500 0.98649400
vn 0.05521800 -0.12035600 0.99119400
vn 0.11175800 -0.11975500 0.98649300
vn -0.05521000 -0.12035600 0.99119400
vn -0.11176200 0.35225500 0.92920700
vn 0.05522100 0.35412100 0.93356800
vn 0.11177000 0.35225500 0.92920600
vn -0.05521300 0.35412100 0.93356900
vn -0.11177500 0.74383400 0.65895100
vn 0.05523200 0.74750800 0.66195300
vn 0.11178100 0.74383400 0.65895000
vn -0.05522600 0.74750800 0.66195300
vn -0.11180000 0.96483500 0.23789700
vn 0.05523000 0.96946200 0.23894300
vn 0.11180200 0.96483500 0.23789600
vn -0.05522800 0.96946200 0.23894300
vn -0.11180200 0.96483500 -0.23789600
vn 0.05522800 0.96946200 -0.23894300
vn 0.11180000 0.96483500 -0.23789700
vn -0.05523000 0.96946200 -0.23894300
vn -0.11178100 0.74383400 -0.65895000
vn 0.05522600 0.74750800 -0.66195300
vn 0.11177500 0.74383400 -0.65895100
vn -0.05523200 0.74750800 -0.66195300
vn -0.11177000 0.35225500 -0.92920600
vn 0.05521300 0.35412100 -0.93356900
vn 0.11176200 0.35225500 -0.92920700
vn -0.05522100 0.35412100 -0.93356800
vn -0.11175800 -0.11975500 -0.98649300
vn 0.05521000 -0.12035600 -0.99119400
vn 0.11174900 -0.11975500 -0.98649400
vn -0.05521800 -0.12035600 -0.99119400
vn -0.11175700 -0.56462400 -0.81774700
vn 0.05522400 -0.56709500 -0.82179900
vn 0.11175000 -0.56462400 -0.81774800
vn -0.05523100 -0.56709500 -0.82179900
vn -0.11180100 -0.87991300 -0.46179400
vn 0.05521400 -0.88419300 -0.46384700
vn 0.11179700 -0.87991300 -0.46179500
vn -0.05521800 -0.88419300 -0.46384700
vn -0.11179500 -0.99373100 0.00000100
vn -0.05523800 -0.99847300 0.00000000
vn 0.05523800 -0.99847300 -0.00000000
vn 0.11179500 -0.99373100 -0.00000100
vn 1.00000000 0.00000000 -0.00000500
vn 1.00000000 0.00000000 -0.00000500
vn 1.00000000 0.00000000 -0.00000500
vn 1.00000000 0.00000000 -0.00000500
vn 1.00000000 0.00000000 -0.00000500
vn 1.00000000 0.00000000 -0.00000500
vn -1.00000000 0.00000000 0.00000500
vn -1.00000000 0.00000000 0.00000500
vn -1.00000000 0.00000000 0.00000500
vn -1.00000000 0.00000000 0.00000500
vn -1.00000000 0.00000000 0.00000500
vn -1.00000000 0.00000000 0.00000500
vn -1.00000000 0.00000000 0.00000500
vn -1.00000000 0.00000000 0.00000500
vn -1.00000000 0.00000000 0.00000500
vn -1.00000000 0.00000000 0.00000500
vn -1.00000000 0.00000000 0.00000500
vn -1.00000000 0.00000000 0.00000500
vn -1.00000000 0.00000000 0.00000500
vn -1.00000000 0.00000000 0.00000500
vn -1.00000000 0.00000000 0.00000500
vn -1.00000000 0.00000000 0.00000500
vn -1.00000000 0.00000000 0.00000500
vn -1.00000000 0.00000000 0.00000500
vn -1.00000000 0.00000000 0.00000500
vn -1.00000000 0.00000000 0.00000500
vn -1.00000000 0.00000000 0.00000500
vn -1.00000000 0.00000000 0.00000500
vn -1.00000000 0.00000000 0.00000500
vn -1.00000000 0.00000000 0.00000500
vn -1.00000000 0.00000000 0.00000500
vn -1.00000000 0.00000000 0.00000500
vn -1.00000000 0.00000000 0.00000500
vn -1.00000000 0.00000000 0.00000500
vn 1.00000000 0.00000000 -0.00000500
vn 1.00000000 0.00000000 -0.00000500
vn 1.00000000 0.00000000 -0.00000500
vn 1.00000000 0.00000000 -0.00000500
vn 1.00000000 0.00000000 -0.00000500
vn 1.00000000 0.00000000 -0.00000500
vn 1.00000000 0.00000000 -0.00000500
vn 1.00000000 0.00000000 -0.00000500
vn 1.00000000 0.00000000 -0.00000500
vn 1.00000000 0.00000000 -0.00000500
vn 1.00000000 0.00000000 -0.00000500
vn 1.00000000 0.00000000 -0.00000500
vn 1.00000000 0.00000000 -0.00000500
vn 1.00000000 0.00000000 -0.00000500
vn 1.00000000 0.00000000 -0.00000500
vn 1.00000000 0.00000000 -0.00000500
vn 1.00000000 0.00000000 -0.00000500
vn 1.00000000 0.00000000 -0.00000500
vn 1.00000000 0.00000000 -0.00000500
vn 1.00000000 0.00000000 -0.00000500
vn 1.00000000 0.00000000 -0.00000500
vn 1.00000000 0.00000000 -0.00000500
vn 1.00000000 0.00000000 -0.00000500
vn 1.00000000 0.00000000 -0.00000500
vn 1.00000000 0.00000000 -0.00000500
vn 1.00000000 0.00000000 -0.00000500
vn 1.00000000 0.00000000 -0.00000500
vn 1.00000000 0.00000000 -0.00000500
vn 1.00000000 0.00000000 -0.00000500
vn 1.00000000 0.00000000 -0.00000500
vn 1.00000000 0.00000000 -0.00000500
vn 1.00000000 0.00000000 -0.00000500
vn 1.00000000 0.00000000 -0.00000500
vn 1.00000000 0.00000000 -0.00000500
vn 1.00000000 0.00000000 -0.00000500
vn 1.00000000 0.00000000 -0.00000500
vn 1.00000000 0.00000000 -0.00000500
vn 1.00000000 0.00000000 -0.00000500
vn 1.00000000 0.00000000 -0.00000500
vn 1.00000000 0.00000000 -0.00000500
vn 1.00000000 0.00000000 -0.00000500
vn 1.00000000 0.00000000 -0.00000500
vn 1.00000000 0.00000000 -0.00000500
vn -1.00000000 0.00000000 0.00000500
vn -1.00000000 0.00000000 0.00000500
vn -1.00000000 0.00000000 0.00000500
vn -1.00000000 0.00000000 0.00000500
vn -1.00000000 0.00000000 0.00000500
vn -1.00000000 0.00000000 0.00000500
vn -1.00000000 0.00000000 0.00000500
vn -1.00000000 0.00000000 0.00000500
vn -1.00000000 0.00000000 0.00000500
vn -1.00000000 0.00000000 0.00000500
vn -1.00000000 0.00000000 0.00000500
vn -1.00000000 0.00000000 0.00000500
vn -1.00000000 0.00000000 0.00000500
vn 0.00000100 -0.96592600 0.25881700
vn 0.00000100 -0.96592600 0.25881700
vn 0.00000100 -0.96592600 0.25881700
vn 0.00000100 -0.96592600 0.25881700
vn -0.97043800 -0.17065800 0.17066300
vn -0.98920400 -0.10361900 0.10362400
vn -0.98920400 -0.10361900 0.10362400
vn -0.96746700 -0.17889300 0.17889800
vn 0.00000400 -0.25881700 0.96592600
vn 0.00000400 -0.25881700 0.96592600
vn 0.00000400 -0.25881700 0.96592600
vn 0.00000400 -0.25881700 0.96592600
vn 0.00000100 -0.96592600 0.25881700
vn 0.00000100 -0.96592600 0.25881700
vn 0.00000100 -0.96592600 0.25881700
vn 0.00000100 -0.96592600 0.25881700
vn 0.00000300 0.70710700 0.70710700
vn 0.00000300 0.70710700 0.70710700
vn 0.00000300 0.70710700 0.70710700
vn 0.00000300 0.70710700 0.70710700
vn -0.00000400 0.25881700 -0.96592600
vn -0.00000400 0.25881700 -0.96592600
vn -0.00000400 0.25881700 -0.96592600
vn -0.00000400 0.25881700 -0.96592600
vn -0.00000100 0.96592600 -0.25881700
vn -0.00000100 0.96592600 -0.25881700
vn -0.00000100 0.96592600 -0.25881700
vn -0.00000100 0.96592600 -0.25881700
vn -0.97044000 0.17065800 -0.17065400
vn -0.98920500 0.10361900 -0.10361500
vn -0.98920500 0.10361900 -0.10361500
vn -0.96746900 0.17889300 -0.17888900
vn -0.00000400 0.25881700 -0.96592600
vn -0.00000400 0.25881700 -0.96592600
vn -0.00000400 0.25881700 -0.96592600
vn -0.00000400 0.25881700 -0.96592600
vn -0.97269200 -0.06006900 -0.22419100
vn -0.98919500 -0.03793500 -0.14161000
vn -0.96747500 -0.06546100 -0.24435100
vn -0.98919500 -0.03793500 -0.14161000
vn -1.00000000 0.00000000 0.00000500
vn -1.00000000 0.00000000 0.00000500
vn -0.99879400 0.03472400 -0.03472000
vn -0.99826200 0.05692300 0.01525200
vn -1.00000000 0.00000000 0.00000500
vn -0.00000300 -0.70710700 -0.70710700
vn -0.00000300 -0.70710700 -0.70710700
vn -0.00000300 -0.70710700 -0.70710700
vn -0.00000300 -0.70710700 -0.70710700
vn 0.00000300 0.70710700 0.70710700
vn 0.00000300 0.70710700 0.70710700
vn 0.00000300 0.70710700 0.70710700
vn 0.00000300 0.70710700 0.70710700
vn -0.00000300 -0.70710700 -0.70710700
vn -0.00000300 -0.70710700 -0.70710700
vn -0.00000300 -0.70710700 -0.70710700
vn -0.00000300 -0.70710700 -0.70710700
vn -0.97269100 0.22419500 0.06007400
vn -0.98919500 0.14161400 0.03794000
vn -0.96747300 0.24435500 0.06546500
vn -0.98919500 0.14161400 0.03794000
vn 0.00000400 -0.25881700 0.96592600
vn 0.00000400 -0.25881700 0.96592600
vn 0.00000400 -0.25881700 0.96592600
vn 0.00000400 -0.25881700 0.96592600
vn -0.00000100 0.96592600 -0.25881700
vn -0.00000100 0.96592600 -0.25881700
vn -0.00000100 0.96592600 -0.25881700
vn -0.00000100 0.96592600 -0.25881700
vn -0.97042700 0.06247000 0.23317100
vn -0.98919400 0.03793500 0.14161900
vn -0.96747300 0.06546100 0.24436000
vn -0.98919400 0.03793500 0.14161900
vn -0.00000300 -0.70710700 -0.70710700
vn -0.00000300 -0.70710700 -0.70710700
vn -0.00000300 -0.70710700 -0.70710700
vn -0.00000300 -0.70710700 -0.70710700
vn 0.00000300 0.70710700 0.70710700
vn 0.00000300 0.70710700 0.70710700
vn 0.00000300 0.70710700 0.70710700
vn 0.00000300 0.70710700 0.70710700
vn 0.00000400 -0.25881700 0.96592600
vn 0.00000400 -0.25881700 0.96592600
vn 0.00000400 -0.25881700 0.96592600
vn 0.00000400 -0.25881700 0.96592600
vn -0.97269200 -0.22419500 -0.06006500
vn -0.98919500 -0.14161400 -0.03793100
vn -0.96564100 -0.25102800 -0.06724100
vn -0.98919500 -0.14161400 -0.03793100
vn -0.00000400 0.25881700 -0.96592600
vn -0.00000400 0.25881700 -0.96592600
vn -0.00000400 0.25881700 -0.96592600
vn -0.00000400 0.25881700 -0.96592600
vn -0.00000100 0.96592600 -0.25881700
vn -0.00000100 0.96592600 -0.25881700
vn -0.00000100 0.96592600 -0.25881700
vn -0.00000100 0.96592600 -0.25881700
vn 0.00000100 -0.96592600 0.25881700
vn 0.00000100 -0.96592600 0.25881700
vn 0.00000100 -0.96592600 0.25881700
vn 0.00000100 -0.96592600 0.25881700
vn -0.00000800 0.99743900 -0.07152500
vn 0.00001500 0.82812300 0.56054600
vn 0.00002200 0.89954400 -0.43683100
vn -0.00016100 0.56054600 0.82812300
vn -0.00001200 0.43683100 -0.89954400
vn 0.00001000 0.89954400 -0.43683100
vn 0.00001900 0.07158500 -0.99743400
vn -0.00002400 0.99743400 -0.07158500
vn -0.00001100 -0.56054600 -0.82812300
vn 0.00000800 0.07152500 -0.99743900
vn 0.00002100 -0.82812300 -0.56054600
vn -0.00002800 0.43683100 -0.89954400
vn -0.00000700 -0.99743900 0.07152500
vn 0.00001000 -0.82812300 -0.56054600
vn 0.00002600 -0.89954400 0.43683100
vn -0.00002700 -0.56054600 -0.82812300
vn -0.00000400 -0.43683100 0.89954400
vn 0.00001400 -0.89954400 0.43683100
vn 0.00002800 -0.07158500 0.99743400
vn -0.00002300 -0.99743400 0.07158500
vn -0.00000400 0.56054600 0.82812300
vn 0.00001700 -0.07152500 0.99743900
vn 0.00002600 0.82812300 0.56054600
vn -0.00001900 -0.43683100 0.89954400
vn -0.00000300 0.07152500 0.99743900
vn 0.00002200 -0.70710700 0.70710700
vn 0.00002800 0.43683100 0.89954400
vn -0.00001500 -0.70710700 0.70710700
vn 0.00003300 0.96592600 0.25881700
vn 0.00003400 0.25881700 0.96592600
vn 0.00002200 0.25881700 0.96592600
vn -0.00001700 0.96592600 0.25881700
vn -0.00001500 0.70710700 -0.70710700
vn 0.00001200 0.99743900 0.07152500
vn 0.00001500 0.70710700 -0.70710700
vn -0.00002200 0.89954400 0.43683100
vn -0.00001200 -0.07152500 -0.99743900
vn 0.00000800 0.56054600 -0.82812300
vn 0.00001900 -0.43683100 -0.89954400
vn -0.00002600 0.82812300 -0.56054600
vn -0.00001000 -0.89954400 -0.43683100
vn 0.00000800 -0.43683100 -0.89954400
vn 0.00002300 -0.99743400 -0.07158500
vn -0.00002800 -0.07158500 -0.99743400
vn -0.00000500 -0.82812300 0.56054600
vn 0.00001200 -0.99743900 -0.07152500
vn 0.00002700 -0.56054600 0.82812300
vn -0.00002600 -0.89954400 -0.43683100
vn -0.00000700 -0.99743900 0.07152500
vn 0.00001000 -0.82812300 -0.56054600
vn 0.00002500 -0.89954400 0.43683100
vn -0.00002700 -0.56054600 -0.82812300
vn -0.00000400 -0.43683100 0.89954400
vn 0.00002000 -0.96592600 0.25881700
vn 0.00002800 -0.07158500 0.99743400
vn -0.00001700 -0.96592600 0.25881700
vn 0.00003500 0.70710700 0.70710700
vn 0.00003400 -0.25881700 0.96592600
vn 0.00002200 -0.25881700 0.96592600
vn -0.00001500 0.70710700 0.70710700
vn -0.00001300 0.96592600 -0.25881700
vn 0.00002200 0.70710700 0.70710700
vn 0.00012500 0.96592600 -0.25881700
vn -0.00012300 0.70710700 0.70710700
vn -0.00003200 0.96592600 -0.25881700
vn -0.00003400 0.25881700 -0.96592600
vn -0.00002200 0.25881700 -0.96592600
vn 0.00001700 0.96592600 -0.25881700
vn -0.00001500 -0.70710700 -0.70710700
vn 0.00000800 0.07152500 -0.99743900
vn 0.00001500 -0.70710700 -0.70710700
vn -0.00002800 0.43683100 -0.89954400
vn -0.00001200 -0.07152500 -0.99743900
vn 0.00000800 0.56054600 -0.82812300
vn 0.00001900 -0.43683100 -0.89954400
vn -0.00002600 0.82812300 -0.56054600
vn -0.00001000 -0.89954400 -0.43683100
vn 0.00000800 -0.43683100 -0.89954400
vn 0.00002300 -0.99743400 -0.07158500
vn -0.00002800 -0.07158500 -0.99743400
vn -0.00000500 -0.82812300 0.56054600
vn 0.00001200 -0.99743900 -0.07152500
vn 0.00002700 -0.56054600 0.82812300
vn -0.00002500 -0.89954400 -0.43683100
vn -0.00000300 0.07152500 0.99743900
vn 0.00002200 -0.70710700 0.70710700
vn 0.00002800 0.43683100 0.89954400
vn -0.00001500 -0.70710700 0.70710700
vn 0.00003300 0.96592600 0.25881700
vn 0.00003400 0.25881700 0.96592600
vn 0.00002200 0.25881700 0.96592600
vn -0.00001700 0.96592600 0.25881700
vn -0.00001500 0.70710700 -0.70710700
vn 0.00001200 0.99743900 0.07152500
vn 0.00001500 0.70710700 -0.70710700
vn -0.00002200 0.89954400 0.43683100
vn -1.00000000 0.00000000 0.00000500
vn -1.00000000 0.00000000 0.00000500
vn -1.00000000 0.00000000 0.00000500
vn -1.00000000 0.00000000 0.00000500
vn -1.00000000 0.00000000 0.00000500
vn -1.00000000 0.00000000 0.00000500
vn -1.00000000 0.00000000 0.00000500
vn -1.00000000 0.00000000 0.00000500
vn -1.00000000 0.00000000 0.00000500
vn -1.00000000 0.00000000 0.00000500
vn -1.00000000 0.00000000 0.00000500
vn -1.00000000 0.00000000 0.00000500
vn -1.00000000 0.00000000 0.00000500
vn -1.00000000 0.00000000 0.00000500
vn -1.00000000 0.00000000 0.00000500
vn -1.00000000 0.00000000 0.00000500
vn -1.00000000 0.00000000 0.00000500
vn -1.00000000 0.00000000 0.00000500
vn -1.00000000 0.00000000 0.00000500
vn -1.00000000 0.00000000 0.00000500
vn -1.00000000 0.00000000 0.00000500
vn -1.00000000 0.00000000 0.00000500
vn -1.00000000 0.00000000 0.00000500
vn -1.00000000 0.00000000 0.00000500
vn -1.00000000 0.00000000 0.00000500
vn -1.00000000 0.00000000 0.00000500
vn -1.00000000 0.00000000 0.00000500
vn -1.00000000 0.00000000 0.00000500
vn -1.00000000 0.00000000 0.00000500
vn -1.00000000 0.00000000 0.00000500
vn -1.00000000 0.00000000 0.00000500
vn -1.00000000 0.00000000 0.00000500
vn -1.00000000 0.00000000 0.00000500
vn -1.00000000 0.00000000 0.00000500
vn -1.00000000 0.00000000 0.00000500
vn -1.00000000 0.00000000 0.00000500
vn -1.00000000 0.00000000 0.00000500
vn -1.00000000 0.00000000 0.00000500
vn -0.99879300 -0.03472400 0.03472900
vn -0.99826200 -0.05692300 -0.01524300
vn -0.99932000 -0.03561700 -0.00954100
vn -1.00000000 0.00000000 0.00000500
vn -1.00000000 0.00000000 0.00000500
vn -1.00000000 0.00000000 0.00000500
vn -1.00000000 0.00000000 0.00000500
vn -0.99879300 -0.03472400 0.03472900
vn -0.99932000 -0.02607700 0.02608200
vn -1.00000000 0.00000000 0.00000500
vn -1.00000000 0.00000000 0.00000500
vn -0.99932000 0.00954000 0.03562200
vn -1.00000000 0.00000000 0.00000500
vn -0.99826200 0.01525700 0.05692700
vn -1.00000000 0.00000000 0.00000500
vn -0.99956600 0.02846400 0.00762900
vn -1.00000000 0.00000000 0.00000500
vn -1.00000000 0.00000000 0.00000500
vn -0.99932000 -0.03561700 -0.00954100
vn -0.99879300 -0.01270700 -0.04744700
vn -1.00000000 0.00000000 0.00000500
vn -1.00000000 0.00000000 0.00000500
vn -0.99879300 -0.01270700 -0.04744700
vn -1.00000000 0.00000000 0.00000500
vn -1.00000000 0.00000000 0.00000500
vn -0.99932000 -0.00954000 -0.03561300
vn -1.00000000 0.00000000 0.00000500
vn -1.00000000 0.00000000 0.00000500
vn -1.00000000 0.00000000 0.00000500
vn -0.99932000 0.02607700 -0.02607300
vn -1.00000000 0.00000000 0.00000500
vn -1.00000000 0.00000000 0.00000500
vn -0.99879400 0.03472400 -0.03472000
vn -1.00000000 0.00000000 0.00000500
vn -0.99826200 0.05692300 0.01525200
vn -0.99956600 0.02846400 0.00762900
vn -1.00000000 0.00000000 0.00000500
vn -1.00000000 0.00000000 0.00000500
vn -1.00000000 0.00000000 0.00000500
vn -1.00000000 0.00000000 0.00000500
vn -1.00000000 0.00000000 0.00000500
vn -1.00000000 0.00000000 0.00000500
vn 1.00000000 0.00000000 -0.00000500
vn 1.00000000 0.00000000 -0.00000500
vn 1.00000000 0.00000000 -0.00000500
vn 1.00000000 0.00000000 -0.00000500
vn 1.00000000 0.00000000 -0.00000500
vn 1.00000000 0.00000000 -0.00000500
vn 1.00000000 0.00000000 -0.00000500
vn 1.00000000 0.00000000 -0.00000500
vn 0.18164900 0.11856200 0.97619000
vn 0.18159300 0.55864100 0.80928700
vn 0.18159300 0.55864100 0.80928700
vn 0.18164900 0.11856200 0.97619000
vn 0.18163000 0.87077800 0.45689800
vn 0.18167700 -0.34869300 0.91946000
vn 0.18163000 0.87077800 0.45689800
vn 0.18167700 -0.34869300 0.91946000
vn 0.18160100 0.98337200 -0.00000100
vn 0.18165300 -0.73587400 0.65229700
vn 0.18160100 0.98337200 -0.00000100
vn 0.18165300 -0.73587400 0.65229700
vn 0.18162600 0.87077800 -0.45690000
vn 0.18162000 -0.95478800 0.23535900
vn 0.18162600 0.87077800 -0.45690000
vn 0.18162000 -0.95478800 0.23535900
vn 0.18158500 0.55864100 -0.80928800
vn 0.18161800 -0.95478800 -0.23536000
vn 0.18158500 0.55864100 -0.80928800
vn 0.18161800 -0.95478800 -0.23536000
vn 0.18164000 0.11856200 -0.97619100
vn 0.18164800 -0.73587400 -0.65229800
vn 0.18164000 0.11856200 -0.97619100
vn 0.18164800 -0.73587400 -0.65229800
vn 0.18166900 -0.34869300 -0.91946200
vn 0.18166900 -0.34869300 -0.91946200
vn -0.18164900 0.11856200 -0.97619000
vn -0.18159300 0.55864100 -0.80928700
vn -0.18159300 0.55864100 -0.80928700
vn -0.18164900 0.11856200 -0.97619000
vn -0.18163000 0.87077800 -0.45689800
vn -0.18167700 -0.34869300 -0.91946000
vn -0.18163000 0.87077800 -0.45689800
vn -0.18167700 -0.34869300 -0.91946000
vn -0.18160100 0.98337200 0.00000100
vn -0.18165300 -0.73587400 -0.65229700
vn -0.18160100 0.98337200 0.00000100
vn -0.18165300 -0.73587400 -0.65229700
vn -0.18162600 0.87077800 0.45690000
vn -0.18162000 -0.95478800 -0.23535900
vn -0.18162600 0.87077800 0.45690000
vn -0.18162000 -0.95478800 -0.23535900
vn -0.18158500 0.55864100 0.80928800
vn -0.18161800 -0.95478800 0.23536000
vn -0.18158500 0.55864100 0.80928800
vn -0.18161800 -0.95478800 0.23536000
vn -0.18164000 0.11856200 0.97619100
vn -0.18164800 -0.73587400 0.65229800
vn -0.18164000 0.11856200 0.97619100
vn -0.18164800 -0.73587400 0.65229800
vn -0.18166900 -0.34869300 0.91946200
vn -0.18166900 -0.34869300 0.91946200
vn -0.00000500 0.00000000 -1.00000000
vn -0.00000500 0.00000000 -1.00000000
vn -0.00000300 -0.70710700 -0.70710700
vn -0.00000300 0.70710700 -0.70710700
vn -0.00000300 -0.70710700 -0.70710700
vn -0.00000300 0.70710700 -0.70710700
vn -0.00000000 -1.00000000 -0.00000000
vn -0.00000000 1.00000000 -0.00000000
vn -0.00000000 -1.00000000 -0.00000000
vn -0.00000000 1.00000000 -0.00000000
vn 0.00000300 -0.70710700 0.70710700
vn 0.00000300 0.70710700 0.70710700
vn 0.00000300 -0.70710700 0.70710700
vn 0.00000300 0.70710700 0.70710700
vn 0.00000500 0.00000000 1.00000000
vn 0.00000500 0.00000000 1.00000000
vn 1.00000000 0.00000000 0.00000500
vn 1.00000000 0.00000000 0.00000500
vn 0.99826200 -0.05692300 -0.01524300
vn 1.00000000 0.00000000 0.00000500
vn 1.00000000 0.00000000 0.00000500
vn 1.00000000 0.00000000 0.00000500
vn 1.00000000 0.00000000 0.00000500
vn 1.00000000 0.00000000 0.00000500
vn 1.00000000 0.00000000 0.00000500
vn 0.05523800 -0.99847300 0.00000000
vn 0.11179500 -0.99373100 0.00000100
vn 0.11179700 -0.87991300 0.46179500
vn 0.05521400 -0.88419300 0.46384700
vn -0.05523800 -0.99847300 -0.00000000
vn 0.11175000 -0.56462400 0.81774800
vn -0.05521800 -0.88419300 0.46384700
vn -0.11179500 -0.99373100 -0.00000100
vn -0.11180100 -0.87991300 0.46179400
vn -0.05523100 -0.56709500 0.82179900
vn -0.11175700 -0.56462400 0.81774700
vn 0.05522400 -0.56709500 0.82179900
vn 0.11174900 -0.11975500 0.98649400
vn -0.05521800 -0.12035600 0.99119400
vn -0.11175800 -0.11975500 0.98649300
vn 0.05521000 -0.12035600 0.99119400
vn 0.11176200 0.35225500 0.92920700
vn -0.05522100 0.35412100 0.93356800
vn -0.11177000 0.35225500 0.92920600
vn 0.05521300 0.35412100 0.93356900
vn 0.11177500 0.74383400 0.65895100
vn -0.05523200 0.74750800 0.66195300
vn -0.11178100 0.74383400 0.65895000
vn 0.05522600 0.74750800 0.66195300
vn 0.11180000 0.96483500 0.23789700
vn -0.05523000 0.96946200 0.23894300
vn -0.11180200 0.96483500 0.23789600
vn 0.05522800 0.96946200 0.23894300
vn 0.11180200 0.96483500 -0.23789600
vn -0.05522800 0.96946200 -0.23894300
vn -0.11180000 0.96483500 -0.23789700
vn 0.05523000 0.96946200 -0.23894300
vn 0.11178100 0.74383400 -0.65895000
vn -0.05522600 0.74750800 -0.66195300
vn -0.11177500 0.74383400 -0.65895100
vn 0.05523200 0.74750800 -0.66195300
vn 0.11177000 0.35225500 -0.92920600
vn -0.05521300 0.35412100 -0.93356900
vn -0.11176200 0.35225500 -0.92920700
vn 0.05522100 0.35412100 -0.93356800
vn 0.11175800 -0.11975500 -0.98649300
vn -0.05521000 -0.12035600 -0.99119400
vn -0.11174900 -0.11975500 -0.98649400
vn 0.05521800 -0.12035600 -0.99119400
vn 0.11175700 -0.56462400 -0.81774700
vn -0.05522400 -0.56709500 -0.82179900
vn -0.11175000 -0.56462400 -0.81774800
vn 0.05523100 -0.56709500 -0.82179900
vn 0.11180100 -0.87991300 -0.46179400
vn -0.05521400 -0.88419300 -0.46384700
vn -0.11179700 -0.87991300 -0.46179500
vn 0.05521800 -0.88419300 -0.46384700
vn 0.11179500 -0.99373100 0.00000100
vn 0.05523800 -0.99847300 0.00000000
vn -0.05523800 -0.99847300 -0.00000000
vn -0.11179500 -0.99373100 -0.00000100
vn -1.00000000 0.00000000 -0.00000500
vn -1.00000000 0.00000000 -0.00000500
vn -1.00000000 0.00000000 -0.00000500
vn -1.00000000 0.00000000 -0.00000500
vn -1.00000000 0.00000000 -0.00000500
vn -1.00000000 0.00000000 -0.00000500
vn 1.00000000 0.00000000 0.00000500
vn 1.00000000 0.00000000 0.00000500
vn 1.00000000 0.00000000 0.00000500
vn 1.00000000 0.00000000 0.00000500
vn 1.00000000 0.00000000 0.00000500
vn 1.00000000 0.00000000 0.00000500
vn 1.00000000 0.00000000 0.00000500
vn 1.00000000 0.00000000 0.00000500
vn 1.00000000 0.00000000 0.00000500
vn 1.00000000 0.00000000 0.00000500
vn 1.00000000 0.00000000 0.00000500
vn 1.00000000 0.00000000 0.00000500
vn 1.00000000 0.00000000 0.00000500
vn 1.00000000 0.00000000 0.00000500
vn 1.00000000 0.00000000 0.00000500
vn 1.00000000 0.00000000 0.00000500
vn 1.00000000 0.00000000 0.00000500
vn 1.00000000 0.00000000 0.00000500
vn 1.00000000 0.00000000 0.00000500
vn 1.00000000 0.00000000 0.00000500
vn 1.00000000 0.00000000 0.00000500
vn 1.00000000 0.00000000 0.00000500
vn 1.00000000 0.00000000 0.00000500
vn 1.00000000 0.00000000 0.00000500
vn 1.00000000 0.00000000 0.00000500
vn 1.00000000 0.00000000 0.00000500
vn 1.00000000 0.00000000 0.00000500
vn 1.00000000 0.00000000 0.00000500
vn -1.00000000 0.00000000 -0.00000500
vn -1.00000000 0.00000000 -0.00000500
vn -1.00000000 0.00000000 -0.00000500
vn -1.00000000 0.00000000 -0.00000500
vn -1.00000000 0.00000000 -0.00000500
vn -1.00000000 0.00000000 -0.00000500
vn -1.00000000 0.00000000 -0.00000500
vn -1.00000000 0.00000000 -0.00000500
vn -1.00000000 0.00000000 -0.00000500
vn -1.00000000 0.00000000 -0.00000500
vn -1.00000000 0.00000000 -0.00000500
vn -1.00000000 0.00000000 -0.00000500
vn -1.00000000 0.00000000 -0.00000500
vn -1.00000000 0.00000000 -0.00000500
vn -1.00000000 0.00000000 -0.00000500
vn -1.00000000 0.00000000 -0.00000500
vn -1.00000000 0.00000000 -0.00000500
vn -1.00000000 0.00000000 -0.00000500
vn -1.00000000 0.00000000 -0.00000500
vn -1.00000000 0.00000000 -0.00000500
vn -1.00000000 0.00000000 -0.00000500
vn -1.00000000 0.00000000 -0.00000500
vn -1.00000000 0.00000000 -0.00000500
vn -1.00000000 0.00000000 -0.00000500
vn -1.00000000 0.00000000 -0.00000500
vn -1.00000000 0.00000000 -0.00000500
vn -1.00000000 0.00000000 -0.00000500
vn -1.00000000 0.00000000 -0.00000500
vn -1.00000000 0.00000000 -0.00000500
vn -1.00000000 0.00000000 -0.00000500
vn -1.00000000 0.00000000 -0.00000500
vn -1.00000000 0.00000000 -0.00000500
vn -1.00000000 0.00000000 -0.00000500
vn -1.00000000 0.00000000 -0.00000500
vn -1.00000000 0.00000000 -0.00000500
vn -1.00000000 0.00000000 -0.00000500
vn -1.00000000 0.00000000 -0.00000500
vn -1.00000000 0.00000000 -0.00000500
vn -1.00000000 0.00000000 -0.00000500
vn -1.00000000 0.00000000 -0.00000500
vn -1.00000000 0.00000000 -0.00000500
vn -1.00000000 0.00000000 -0.00000500
vn -1.00000000 0.00000000 -0.00000500
vn 1.00000000 0.00000000 0.00000500
vn 1.00000000 0.00000000 0.00000500
vn 1.00000000 0.00000000 0.00000500
vn 1.00000000 0.00000000 0.00000500
vn 1.00000000 0.00000000 0.00000500
vn 1.00000000 0.00000000 0.00000500
vn 1.00000000 0.00000000 0.00000500
vn 1.00000000 0.00000000 0.00000500
vn 1.00000000 0.00000000 0.00000500
vn 1.00000000 0.00000000 0.00000500
vn 1.00000000 0.00000000 0.00000500
vn 1.00000000 0.00000000 0.00000500
vn 1.00000000 0.00000000 0.00000500
vn -0.00000100 -0.96592600 0.25881700
vn -0.00000100 -0.96592600 0.25881700
vn -0.00000100 -0.96592600 0.25881700
vn -0.00000100 -0.96592600 0.25881700
vn 0.97043800 -0.17065800 0.17066300
vn 0.98920400 -0.10361900 0.10362400
vn 0.98920400 -0.10361900 0.10362400
vn 0.96746700 -0.17889300 0.17889800
vn -0.00000400 -0.25881700 0.96592600
vn -0.00000400 -0.25881700 0.96592600
vn -0.00000400 -0.25881700 0.96592600
vn -0.00000400 -0.25881700 0.96592600
vn -0.00000100 -0.96592600 0.25881700
vn -0.00000100 -0.96592600 0.25881700
vn -0.00000100 -0.96592600 0.25881700
vn -0.00000100 -0.96592600 0.25881700
vn -0.00000300 0.70710700 0.70710700
vn -0.00000300 0.70710700 0.70710700
vn -0.00000300 0.70710700 0.70710700
vn -0.00000300 0.70710700 0.70710700
vn 0.00000400 0.25881700 -0.96592600
vn 0.00000400 0.25881700 -0.96592600
vn 0.00000400 0.25881700 -0.96592600
vn 0.00000400 0.25881700 -0.96592600
vn 0.00000100 0.96592600 -0.25881700
vn 0.00000100 0.96592600 -0.25881700
vn 0.00000100 0.96592600 -0.25881700
vn 0.00000100 0.96592600 -0.25881700
vn 0.97044000 0.17065800 -0.17065400
vn 0.98920500 0.10361900 -0.10361500
vn 0.98920500 0.10361900 -0.10361500
vn 0.96746900 0.17889300 -0.17888900
vn 0.00000400 0.25881700 -0.96592600
vn 0.00000400 0.25881700 -0.96592600
vn 0.00000400 0.25881700 -0.96592600
vn 0.00000400 0.25881700 -0.96592600
vn 0.97269200 -0.06006900 -0.22419100
vn 0.98919500 -0.03793500 -0.14161000
vn 0.96747500 -0.06546100 -0.24435100
vn 0.98919500 -0.03793500 -0.14161000
vn 1.00000000 0.00000000 0.00000500
vn 1.00000000 0.00000000 0.00000500
vn 0.99879400 0.03472400 -0.03472000
vn 0.99826200 0.05692300 0.01525200
vn 1.00000000 0.00000000 0.00000500
vn 0.00000300 -0.70710700 -0.70710700
vn 0.00000300 -0.70710700 -0.70710700
vn 0.00000300 -0.70710700 -0.70710700
vn 0.00000300 -0.70710700 -0.70710700
vn -0.00000300 0.70710700 0.70710700
vn -0.00000300 0.70710700 0.70710700
vn -0.00000300 0.70710700 0.70710700
vn -0.00000300 0.70710700 0.70710700
vn 0.00000300 -0.70710700 -0.70710700
vn 0.00000300 -0.70710700 -0.70710700
vn 0.00000300 -0.70710700 -0.70710700
vn 0.00000300 -0.70710700 -0.70710700
vn 0.97269100 0.22419500 0.06007400
vn 0.98919500 0.14161400 0.03794000
vn 0.96747300 0.24435500 0.06546500
vn 0.98919500 0.14161400 0.03794000
vn -0.00000400 -0.25881700 0.96592600
vn -0.00000400 -0.25881700 0.96592600
vn -0.00000400 -0.25881700 0.96592600
vn -0.00000400 -0.25881700 0.96592600
vn 0.00000100 0.96592600 -0.25881700
vn 0.00000100 0.96592600 -0.25881700
vn 0.00000100 0.96592600 -0.25881700
vn 0.00000100 0.96592600 -0.25881700
vn 0.97042700 0.06247000 0.23317100
vn 0.98919400 0.03793500 0.14161900
vn 0.96747300 0.06546100 0.24436000
vn 0.98919400 0.03793500 0.14161900
vn 0.00000300 -0.70710700 -0.70710700
vn 0.00000300 -0.70710700 -0.70710700
vn 0.00000300 -0.70710700 -0.70710700
vn 0.00000300 -0.70710700 -0.70710700
vn -0.00000300 0.70710700 0.70710700
vn -0.00000300 0.70710700 0.70710700
vn -0.00000300 0.70710700 0.70710700
vn -0.00000300 0.70710700 0.70710700
vn -0.00000400 -0.25881700 0.96592600
vn -0.00000400 -0.25881700 0.96592600
vn -0.00000400 -0.25881700 0.96592600
vn -0.00000400 -0.25881700 0.96592600
vn 0.97269200 -0.22419500 -0.06006500
vn 0.98919500 -0.14161400 -0.03793100
vn 0.96564100 -0.25102800 -0.06724100
vn 0.98919500 -0.14161400 -0.03793100
vn 0.00000400 0.25881700 -0.96592600
vn 0.00000400 0.25881700 -0.96592600
vn 0.00000400 0.25881700 -0.96592600
vn 0.00000400 0.25881700 -0.96592600
vn 0.00000100 0.96592600 -0.25881700
vn 0.00000100 0.96592600 -0.25881700
vn 0.00000100 0.96592600 -0.25881700
vn 0.00000100 0.96592600 -0.25881700
vn -0.00000100 -0.96592600 0.25881700
vn -0.00000100 -0.96592600 0.25881700
vn -0.00000100 -0.96592600 0.25881700
vn -0.00000100 -0.96592600 0.25881700
vn 0.00000800 0.99743900 -0.07152500
vn -0.00001500 0.82812300 0.56054600
vn -0.00002200 0.89954400 -0.43683100
vn 0.00016100 0.56054600 0.82812300
vn 0.00001200 0.43683100 -0.89954400
vn -0.00001000 0.89954400 -0.43683100
vn -0.00001900 0.07158500 -0.99743400
vn 0.00002400 0.99743400 -0.07158500
vn 0.00001100 -0.56054600 -0.82812300
vn -0.00000800 0.07152500 -0.99743900
vn -0.00002100 -0.82812300 -0.56054600
vn 0.00002800 0.43683100 -0.89954400
vn 0.00000700 -0.99743900 0.07152500
vn -0.00001000 -0.82812300 -0.56054600
vn -0.00002600 -0.89954400 0.43683100
vn 0.00002700 -0.56054600 -0.82812300
vn 0.00000400 -0.43683100 0.89954400
vn -0.00001400 -0.89954400 0.43683100
vn -0.00002800 -0.07158500 0.99743400
vn 0.00002300 -0.99743400 0.07158500
vn 0.00000400 0.56054600 0.82812300
vn -0.00001700 -0.07152500 0.99743900
vn -0.00002600 0.82812300 0.56054600
vn 0.00001900 -0.43683100 0.89954400
vn 0.00000300 0.07152500 0.99743900
vn -0.00002200 -0.70710700 0.70710700
vn -0.00002800 0.43683100 0.89954400
vn 0.00001500 -0.70710700 0.70710700
vn -0.00003300 0.96592600 0.25881700
vn -0.00003400 0.25881700 0.96592600
vn -0.00002200 0.25881700 0.96592600
vn 0.00001700 0.96592600 0.25881700
vn 0.00001500 0.70710700 -0.70710700
vn -0.00001200 0.99743900 0.07152500
vn -0.00001500 0.70710700 -0.70710700
vn 0.00002200 0.89954400 0.43683100
vn 0.00001200 -0.07152500 -0.99743900
vn -0.00000800 0.56054600 -0.82812300
vn -0.00001900 -0.43683100 -0.89954400
vn 0.00002600 0.82812300 -0.56054600
vn 0.00001000 -0.89954400 -0.43683100
vn -0.00000800 -0.43683100 -0.89954400
vn -0.00002300 -0.99743400 -0.07158500
vn 0.00002800 -0.07158500 -0.99743400
vn 0.00000500 -0.82812300 0.56054600
vn -0.00001200 -0.99743900 -0.07152500
vn -0.00002700 -0.56054600 0.82812300
vn 0.00002600 -0.89954400 -0.43683100
vn 0.00000700 -0.99743900 0.07152500
vn -0.00001000 -0.82812300 -0.56054600
vn -0.00002500 -0.89954400 0.43683100
vn 0.00002700 -0.56054600 -0.82812300
vn 0.00000400 -0.43683100 0.89954400
vn -0.00002000 -0.96592600 0.25881700
vn -0.00002800 -0.07158500 0.99743400
vn 0.00001700 -0.96592600 0.25881700
vn -0.00003500 0.70710700 0.70710700
vn -0.00003400 -0.25881700 0.96592600
vn -0.00002200 -0.25881700 0.96592600
vn 0.00001500 0.70710700 0.70710700
vn 0.00001300 0.96592600 -0.25881700
vn -0.00002200 0.70710700 0.70710700
vn -0.00012500 0.96592600 -0.25881700
vn 0.00012300 0.70710700 0.70710700
vn 0.00003200 0.96592600 -0.25881700
vn 0.00003400 0.25881700 -0.96592600
vn 0.00002200 0.25881700 -0.96592600
vn -0.00001700 0.96592600 -0.25881700
vn 0.00001500 -0.70710700 -0.70710700
vn -0.00000800 0.07152500 -0.99743900
vn -0.00001500 -0.70710700 -0.70710700
vn 0.00002800 0.43683100 -0.89954400
vn 0.00001200 -0.07152500 -0.99743900
vn -0.00000800 0.56054600 -0.82812300
vn -0.00001900 -0.43683100 -0.89954400
vn 0.00002600 0.82812300 -0.56054600
vn 0.00001000 -0.89954400 -0.43683100
vn -0.00000800 -0.43683100 -0.89954400
vn -0.00002300 -0.99743400 -0.07158500
vn 0.00002800 -0.07158500 -0.99743400
vn 0.00000500 -0.82812300 0.56054600
vn -0.00001200 -0.99743900 -0.07152500
vn -0.00002700 -0.56054600 0.82812300
vn 0.00002500 -0.89954400 -0.43683100
vn 0.00000300 0.07152500 0.99743900
vn -0.00002200 -0.70710700 0.70710700
vn -0.00002800 0.43683100 0.89954400
vn 0.00001500 -0.70710700 0.70710700
vn -0.00003300 0.96592600 0.25881700
vn -0.00003400 0.25881700 0.96592600
vn -0.00002200 0.25881700 0.96592600
vn 0.00001700 0.96592600 0.25881700
vn 0.00001500 0.70710700 -0.70710700
vn -0.00001200 0.99743900 0.07152500
vn -0.00001500 0.70710700 -0.70710700
vn 0.00002200 0.89954400 0.43683100
vn 1.00000000 0.00000000 0.00000500
vn 1.00000000 0.00000000 0.00000500
vn 1.00000000 0.00000000 0.00000500
vn 1.00000000 0.00000000 0.00000500
vn 1.00000000 0.00000000 0.00000500
vn 1.00000000 0.00000000 0.00000500
vn 1.00000000 0.00000000 0.00000500
vn 1.00000000 0.00000000 0.00000500
vn 1.00000000 0.00000000 0.00000500
vn 1.00000000 0.00000000 0.00000500
vn 1.00000000 0.00000000 0.00000500
vn 1.00000000 0.00000000 0.00000500
vn 1.00000000 0.00000000 0.00000500
vn 1.00000000 0.00000000 0.00000500
vn 1.00000000 0.00000000 0.00000500
vn 1.00000000 0.00000000 0.00000500
vn 1.00000000 0.00000000 0.00000500
vn 1.00000000 0.00000000 0.00000500
vn 1.00000000 0.00000000 0.00000500
vn 1.00000000 0.00000000 0.00000500
vn 1.00000000 0.00000000 0.00000500
vn 1.00000000 0.00000000 0.00000500
vn 1.00000000 0.00000000 0.00000500
vn 1.00000000 0.00000000 0.00000500
vn 1.00000000 0.00000000 0.00000500
vn 1.00000000 0.00000000 0.00000500
vn 1.00000000 0.00000000 0.00000500
vn 1.00000000 0.00000000 0.00000500
vn 1.00000000 0.00000000 0.00000500
vn 1.00000000 0.00000000 0.00000500
vn 1.00000000 0.00000000 0.00000500
vn 1.00000000 0.00000000 0.00000500
vn 1.00000000 0.00000000 0.00000500
vn 1.00000000 0.00000000 0.00000500
vn 1.00000000 0.00000000 0.00000500
vn 1.00000000 0.00000000 0.00000500
vn 1.00000000 0.00000000 0.00000500
vn 1.00000000 0.00000000 0.00000500
vn 0.99879300 -0.03472400 0.03472900
vn 0.99826200 -0.05692300 -0.01524300
vn 0.99932000 -0.03561700 -0.00954100
vn 1.00000000 0.00000000 0.00000500
vn 1.00000000 0.00000000 0.00000500
vn 1.00000000 0.00000000 0.00000500
vn 1.00000000 0.00000000 0.00000500
vn 0.99879300 -0.03472400 0.03472900
vn 0.99932000 -0.02607700 0.02608200
vn 1.00000000 0.00000000 0.00000500
vn 1.00000000 0.00000000 0.00000500
vn 0.99932000 0.00954000 0.03562200
vn 1.00000000 0.00000000 0.00000500
vn 0.99826200 0.01525700 0.05692700
vn 1.00000000 0.00000000 0.00000500
vn 0.99956600 0.02846400 0.00762900
vn 1.00000000 0.00000000 0.00000500
vn 1.00000000 0.00000000 0.00000500
vn 0.99932000 -0.03561700 -0.00954100
vn 0.99879300 -0.01270700 -0.04744700
vn 1.00000000 0.00000000 0.00000500
vn 1.00000000 0.00000000 0.00000500
vn 0.99879300 -0.01270700 -0.04744700
vn 1.00000000 0.00000000 0.00000500
vn 1.00000000 0.00000000 0.00000500
vn 0.99932000 -0.00954000 -0.03561300
vn 1.00000000 0.00000000 0.00000500
vn 1.00000000 0.00000000 0.00000500
vn 1.00000000 0.00000000 0.00000500
vn 0.99932000 0.02607700 -0.02607300
vn 1.00000000 0.00000000 0.00000500
vn 1.00000000 0.00000000 0.00000500
vn 0.99879400 0.03472400 -0.03472000
vn 1.00000000 0.00000000 0.00000500
vn 0.99826200 0.05692300 0.01525200
vn 0.99956600 0.02846400 0.00762900
vn 1.00000000 0.00000000 0.00000500
vn 1.00000000 0.00000000 0.00000500
vn 1.00000000 0.00000000 0.00000500
vn 1.00000000 0.00000000 0.00000500
vn 1.00000000 0.00000000 0.00000500
vn 1.00000000 0.00000000 0.00000500
vn -1.00000000 0.00000000 -0.00000500
vn -1.00000000 0.00000000 -0.00000500
vn -1.00000000 0.00000000 -0.00000500
vn -1.00000000 0.00000000 -0.00000500
vn -1.00000000 0.00000000 -0.00000500
vn -1.00000000 0.00000000 -0.00000500
vn -1.00000000 0.00000000 -0.00000500
vn -1.00000000 0.00000000 -0.00000500
vn -0.18164900 0.11856200 0.97619000
vn -0.18159300 0.55864100 0.80928700
vn -0.18159300 0.55864100 0.80928700
vn -0.18164900 0.11856200 0.97619000
vn -0.18163000 0.87077800 0.45689800
vn -0.18167700 -0.34869300 0.91946000
vn -0.18163000 0.87077800 0.45689800
vn -0.18167700 -0.34869300 0.91946000
vn -0.18160100 0.98337200 -0.00000100
vn -0.18165300 -0.73587400 0.65229700
vn -0.18160100 0.98337200 -0.00000100
vn -0.18165300 -0.73587400 0.65229700
vn -0.18162600 0.87077800 -0.45690000
vn -0.18162000 -0.95478800 0.23535900
vn -0.18162600 0.87077800 -0.45690000
vn -0.18162000 -0.95478800 0.23535900
vn -0.18158500 0.55864100 -0.80928800
vn -0.18161800 -0.95478800 -0.23536000
vn -0.18158500 0.55864100 -0.80928800
vn -0.18161800 -0.95478800 -0.23536000
vn -0.18164000 0.11856200 -0.97619100
vn -0.18164800 -0.73587400 -0.65229800
vn -0.18164000 0.11856200 -0.97619100
vn -0.18164800 -0.73587400 -0.65229800
vn -0.18166900 -0.34869300 -0.91946200
vn -0.18166900 -0.34869300 -0.91946200
vn 0.18164900 0.11856200 -0.97619000
vn 0.18159300 0.55864100 -0.80928700
vn 0.18159300 0.55864100 -0.80928700
vn 0.18164900 0.11856200 -0.97619000
vn 0.18163000 0.87077800 -0.45689800
vn 0.18167700 -0.34869300 -0.91946000
vn 0.18163000 0.87077800 -0.45689800
vn 0.18167700 -0.34869300 -0.91946000
vn 0.18160100 0.98337200 0.00000100
vn 0.18165300 -0.73587400 -0.65229700
vn 0.18160100 0.98337200 0.00000100
vn 0.18165300 -0.73587400 -0.65229700
vn 0.18162600 0.87077800 0.45690000
vn 0.18162000 -0.95478800 -0.23535900
vn 0.18162600 0.87077800 0.45690000
vn 0.18162000 -0.95478800 -0.23535900
vn 0.18158500 0.55864100 0.80928800
vn 0.18161800 -0.95478800 0.23536000
vn 0.18158500 0.55864100 0.80928800
vn 0.18161800 -0.95478800 0.23536000
vn 0.18164000 0.11856200 0.97619100
vn 0.18164800 -0.73587400 0.65229800
vn 0.18164000 0.11856200 0.97619100
vn 0.18164800 -0.73587400 0.65229800
vn 0.18166900 -0.34869300 0.91946200
vn 0.18166900 -0.34869300 0.91946200
vn 0.00000500 0.00000000 -1.00000000
vn 0.00000500 0.00000000 -1.00000000
vn 0.00000300 -0.70710700 -0.70710700
vn 0.00000300 0.70710700 -0.70710700
vn 0.00000300 -0.70710700 -0.70710700
vn 0.00000300 0.70710700 -0.70710700
vn 0.00000000 -1.00000000 -0.00000000
vn 0.00000000 1.00000000 -0.00000000
vn 0.00000000 -1.00000000 -0.00000000
vn 0.00000000 1.00000000 -0.00000000
vn -0.00000300 -0.70710700 0.70710700
vn -0.00000300 0.70710700 0.70710700
vn -0.00000300 -0.70710700 0.70710700
vn -0.00000300 0.70710700 0.70710700
vn -0.00000500 0.00000000 1.00000000
vn -0.00000500 0.00000000 1.00000000
f 3/3/3 2/2/2 1/1/1
f 4/4/4 3/3/3 1/1/1
f 4/4/4 1/1/1 5/5/5
f 4/4/4 6/6/6 3/3/3
f 6/6/6 7/7/7 3/3/3
f 8/8/8 4/4/4 5/5/5
f 8/8/8 5/5/5 9/9/9
f 10/10/10 6/6/6 4/4/4
f 8/8/8 10/10/10 4/4/4
f 10/10/10 11/11/11 6/6/6
f 11/11/11 12/12/12 6/6/6
f 13/13/13 10/10/10 8/8/8
f 14/14/14 8/8/8 9/9/9
f 14/14/14 13/13/13 8/8/8
f 14/14/14 9/9/9 15/15/15
f 11/11/11 16/16/16 12/12/12
f 16/16/16 17/17/17 12/12/12
f 16/16/16 11/11/11 18/18/18
f 19/19/19 16/16/16 18/18/18
f 20/20/20 19/19/19 18/18/18
f 21/21/21 20/20/20 18/18/18
f 21/21/21 18/18/18 13/13/13
f 22/22/22 20/20/20 21/21/21
f 23/23/23 21/21/21 13/13/13
f 23/23/23 13/13/13 14/14/14
f 24/24/24 22/22/22 21/21/21
f 25/25/25 22/22/22 24/24/24
f 26/26/26 14/14/14 15/15/15
f 26/26/26 23/23/23 14/14/14
f 26/26/26 15/15/15 27/27/27
f 28/28/28 23/23/23 26/26/26
f 29/29/29 25/25/25 24/24/24
f 29/29/29 24/24/24 28/28/28
f 30/30/30 25/25/25 29/29/29
f 31/31/31 26/26/26 27/27/27
f 31/31/31 28/28/28 26/26/26
f 31/31/31 27/27/27 32/32/32
f 33/33/33 29/29/29 28/28/28
f 33/33/33 28/28/28 31/31/31
f 34/34/34 30/30/30 29/29/29
f 34/34/34 29/29/29 33/33/33
f 35/35/35 30/30/30 34/34/34
f 36/36/36 31/31/31 32/32/32
f 36/36/36 33/33/33 31/31/31
f 32/32/32 37/37/37 36/36/36
f 37/37/37 38/38/38 36/36/36
f 36/36/36 38/38/38 33/33/33
f 37/37/37 39/39/39 38/38/38
f 39/39/39 40/40/40 38/38/38
f 38/38/38 41/41/41 33/33/33
f 38/38/38 40/40/40 41/41/41
f 41/41/41 34/34/34 33/33/33
f 40/40/40 42/42/42 41/41/41
f 42/42/42 43/43/43 41/41/41
f 43/43/43 34/34/34 41/41/41
f 43/43/43 35/35/35 34/34/34
f 43/43/43 44/44/44 35/35/35
f 44/44/44 45/45/45 35/35/35
f 48/48/48 47/47/47 46/46/46
f 49/49/49 48/48/48 46/46/46
f 49/49/49 46/46/46 50/50/50
f 51/51/51 48/48/48 49/49/49
f 52/52/52 49/49/49 50/50/50
f 52/52/52 50/50/50 53/53/53
f 54/54/54 52/52/52 53/53/53
f 55/55/55 51/51/51 49/49/49
f 55/55/55 49/49/49 52/52/52
f 56/56/56 51/51/51 55/55/55
f 57/57/57 52/52/52 54/54/54
f 57/57/57 55/55/55 52/52/52
f 58/58/58 57/57/57 54/54/54
f 59/59/59 56/56/56 55/55/55
f 59/59/59 55/55/55 57/57/57
f 60/60/60 56/56/56 59/59/59
f 61/61/61 57/57/57 58/58/58
f 61/61/61 59/59/59 57/57/57
f 62/62/62 61/61/61 58/58/58
f 63/63/63 60/60/60 59/59/59
f 63/63/63 59/59/59 61/61/61
f 64/64/64 60/60/60 63/63/63
f 65/65/65 61/61/61 62/62/62
f 65/65/65 63/63/63 61/61/61
f 66/66/66 65/65/65 62/62/62
f 67/67/67 64/64/64 63/63/63
f 67/67/67 63/63/63 65/65/65
f 68/68/68 64/64/64 67/67/67
f 69/69/69 65/65/65 66/66/66
f 69/69/69 67/67/67 65/65/65
f 70/70/70 69/69/69 66/66/66
f 71/71/71 68/68/68 67/67/67
f 71/71/71 67/67/67 69/69/69
f 72/72/72 69/69/69 70/70/70
f 72/72/72 71/71/71 69/69/69
f 73/73/73 72/72/72 70/70/70
f 73/73/73 74/74/74 72/72/72
f 74/74/74 75/75/75 72/72/72
f 72/72/72 75/75/75 71/71/71
f 74/74/74 76/76/76 75/75/75
f 76/76/76 77/77/77 75/75/75
f 71/71/71 78/78/78 68/68/68
f 75/75/75 78/78/78 71/71/71
f 75/75/75 77/77/77 78/78/78
f 78/78/78 79/79/79 68/68/68
f 77/77/77 80/80/80 78/78/78
f 78/78/78 80/80/80 79/79/79
f 80/80/80 81/81/81 79/79/79
f 84/84/84 83/83/83 82/82/82
f 85/85/85 84/84/84 82/82/82
f 86/86/86 84/84/84 85/85/85
f 87/87/87 85/85/85 82/82/82
f 88/88/88 87/87/87 82/82/82
f 87/87/87 89/89/89 85/85/85
f 90/90/90 86/86/86 85/85/85
f 89/89/89 90/90/90 85/85/85
f 91/91/91 86/86/86 90/90/90
f 89/89/89 92/92/92 90/90/90
f 93/93/93 91/91/91 90/90/90
f 92/92/92 93/93/93 90/90/90
f 96/96/96 95/95/95 94/94/94
f 95/95/95 97/97/97 94/94/94
f 94/94/94 97/97/97 98/98/98
f 97/97/97 99/99/99 98/98/98
f 98/98/98 99/99/99 100/100/100
f 99/99/99 101/101/101 100/100/100
f 104/104/104 103/103/103 102/102/102
f 105/105/105 104/104/104 102/102/102
f 106/106/106 104/104/104 105/105/105
f 107/107/107 106/106/106 105/105/105
f 106/106/106 107/107/107 108/108/108
f 107/107/107 109/109/109 108/108/108
f 108/108/108 109/109/109 110/110/110
f 109/109/109 111/111/111 110/110/110
f 110/110/110 111/111/111 112/112/112
f 111/111/111 113/113/113 112/112/112
f 112/112/112 113/113/113 114/114/114
f 113/113/113 115/115/115 114/114/114
f 118/118/118 117/117/117 116/116/116
f 119/119/119 118/118/118 116/116/116
f 122/122/122 121/121/121 120/120/120
f 123/123/123 122/122/122 120/120/120
f 126/126/126 125/125/125 124/124/124
f 127/127/127 126/126/126 124/124/124
f 130/130/130 129/129/129 128/128/128
f 131/131/131 130/130/130 128/128/128
f 134/134/134 133/133/133 132/132/132
f 135/135/135 134/134/134 132/132/132
f 138/138/138 137/137/137 136/136/136
f 137/137/137 139/139/139 136/136/136
f 136/136/136 139/139/139 140/140/140
f 139/139/139 141/141/141 140/140/140
f 140/140/140 141/141/141 142/142/142
f 141/141/141 143/143/143 142/142/142
f 142/142/142 143/143/143 144/144/144
f 143/143/143 145/145/145 144/144/144
f 146/146/146 144/144/144 145/145/145
f 147/147/147 146/146/146 145/145/145
f 148/148/148 146/146/146 147/147/147
f 149/149/149 148/148/148 147/147/147
f 152/152/152 151/151/151 150/150/150
f 153/153/153 152/152/152 150/150/150
f 156/156/156 155/155/155 154/154/154
f 157/157/157 156/156/156 154/154/154
f 160/160/160 159/159/159 158/158/158
f 159/159/159 161/161/161 158/158/158
f 159/159/159 162/162/162 161/161/161
f 162/162/162 163/163/163 161/161/161
f 162/162/162 164/164/164 163/163/163
f 164/164/164 165/165/165 163/163/163
f 164/164/164 166/166/166 165/165/165
f 166/166/166 167/167/167 165/165/165
f 166/166/166 168/168/168 167/167/167
f 168/168/168 169/169/169 167/167/167
f 168/168/168 170/170/170 169/169/169
f 170/170/170 171/171/171 169/169/169
f 174/174/174 173/173/173 172/172/172
f 175/175/175 174/174/174 172/172/172
f 178/178/178 177/177/177 176/176/176
f 179/179/179 178/178/178 176/176/176
f 182/182/182 181/181/181 180/180/180
f 183/183/183 182/182/182 180/180/180
f 183/183/183 180/180/180 184/184/184
f 185/185/185 183/183/183 184/184/184
f 182/182/182 183/183/183 186/186/186
f 183/183/183 187/187/187 186/186/186
f 188/188/188 186/186/186 187/187/187
f 189/189/189 188/188/188 187/187/187
f 189/189/189 187/187/187 190/190/190
f 191/191/191 189/189/189 190/190/190
f 194/194/194 193/193/193 192/192/192
f 195/195/195 194/194/194 192/192/192
f 198/198/198 197/197/197 196/196/196
f 199/199/199 198/198/198 196/196/196
f 202/202/202 201/201/201 200/200/200
f 203/203/203 202/202/202 200/200/200
f 206/206/206 205/205/205 204/204/204
f 207/207/207 206/206/206 204/204/204
f 210/210/210 209/209/209 208/208/208
f 211/211/211 210/210/210 208/208/208
f 214/214/214 213/213/213 212/212/212
f 215/215/215 214/214/214 212/212/212
f 218/218/218 217/217/217 216/216/216
f 217/217/217 219/219/219 216/216/216
f 216/216/216 219/219/219 220/220/220
f 219/219/219 221/221/221 220/220/220
f 220/220/220 221/221/221 222/222/222
f 221/221/221 223/223/223 222/222/222
f 226/226/226 225/225/225 224/224/224
f 227/227/227 226/226/226 224/224/224
f 230/230/230 229/229/229 228/228/228
f 231/231/231 230/230/230 228/228/228
f 234/234/234 233/233/233 232/232/232
f 235/235/235 234/234/234 232/232/232
f 238/238/238 237/237/237 236/236/236
f 239/239/239 238/238/238 236/236/236
f 240/240/240 238/238/238 239/239/239
f 241/241/241 240/240/240 239/239/239
f 242/242/242 240/240/240 241/241/241
f 243/243/243 242/242/242 241/241/241
f 246/246/246 245/245/245 244/244/244
f 245/245/245 247/247/247 244/244/244
f 247/247/247 248/248/248 244/244/244
f 248/248/248 249/249/249 244/244/244
f 249/249/249 248/248/248 250/250/250
f 248/248/248 251/251/251 250/250/250
f 251/251/251 248/248/248 252/252/252
f 247/247/247 245/245/245 253/253/253
f 245/245/245 254/254/254 253/253/253
f 254/254/254 255/255/255 253/253/253
f 256/256/256 248/248/248 247/247/247
f 248/248/248 256/256/256 252/252/252
f 253/253/253 256/256/256 247/247/247
f 256/256/256 257/257/257 252/252/252
f 257/257/257 256/256/256 253/253/253
f 257/257/257 258/258/258 252/252/252
f 258/258/258 257/257/257 259/259/259
f 255/255/255 260/260/260 253/253/253
f 260/260/260 257/257/257 253/253/253
f 257/257/257 261/261/261 259/259/259
f 261/261/261 257/257/257 260/260/260
f 260/260/260 255/255/255 262/262/262
f 262/262/262 261/261/261 260/260/260
f 255/255/255 263/263/263 262/262/262
f 263/263/263 264/264/264 262/262/262
f 261/261/261 265/265/265 259/259/259
f 265/265/265 266/266/266 259/259/259
f 261/261/261 262/262/262 267/267/267
f 264/264/264 267/267/267 262/262/262
f 265/265/265 261/261/261 267/267/267
f 267/267/267 264/264/264 268/268/268
f 267/267/267 268/268/268 265/265/265
f 264/264/264 269/269/269 268/268/268
f 268/268/268 269/269/269 270/270/270
f 266/266/266 265/265/265 271/271/271
f 268/268/268 271/271/271 265/265/265
f 272/272/272 266/266/266 271/271/271
f 273/273/273 268/268/268 270/270/270
f 268/268/268 273/273/273 271/271/271
f 270/270/270 274/274/274 273/273/273
f 274/274/274 275/275/275 273/273/273
f 271/271/271 276/276/276 272/272/272
f 273/273/273 276/276/276 271/271/271
f 273/273/273 275/275/275 276/276/276
f 276/276/276 277/277/277 272/272/272
f 275/275/275 278/278/278 276/276/276
f 276/276/276 278/278/278 277/277/277
f 278/278/278 279/279/279 277/277/277
f 282/282/282 281/281/281 280/280/280
f 283/283/283 282/282/282 280/280/280
f 283/283/283 284/284/284 282/282/282
f 284/284/284 283/283/283 285/285/285
f 283/283/283 286/286/286 285/285/285
f 286/286/286 287/287/287 285/285/285
f 287/287/287 288/288/288 285/285/285
f 287/287/287 289/289/289 288/288/288
f 289/289/289 290/290/290 288/288/288
f 284/284/284 291/291/291 282/282/282
f 292/292/292 291/291/291 284/284/284
f 293/293/293 292/292/292 284/284/284
f 282/282/282 291/291/291 294/294/294
f 295/295/295 282/282/282 294/294/294
f 295/295/295 294/294/294 296/296/296
f 295/295/295 296/296/296 297/297/297
f 296/296/296 298/298/298 297/297/297
f 294/294/294 299/299/299 296/296/296
f 300/300/300 299/299/299 294/294/294
f 301/301/301 300/300/300 294/294/294
f 289/289/289 302/302/302 290/290/290
f 303/303/303 302/302/302 289/289/289
f 304/304/304 303/303/303 289/289/289
f 302/302/302 305/305/305 290/290/290
f 290/290/290 305/305/305 306/306/306
f 305/305/305 307/307/307 306/306/306
f 310/310/310 309/309/309 308/308/308
f 311/311/311 310/310/310 308/308/308
f 311/311/311 308/308/308 312/312/312
f 311/311/311 313/313/313 310/310/310
f 313/313/313 314/314/314 310/310/310
f 313/313/313 315/315/315 314/314/314
f 315/315/315 316/316/316 314/314/314
f 317/317/317 313/313/313 311/311/311
f 318/318/318 311/311/311 312/312/312
f 318/318/318 317/317/317 311/311/311
f 318/318/318 312/312/312 319/319/319
f 320/320/320 318/318/318 319/319/319
f 320/320/320 321/321/321 318/318/318
f 321/321/321 317/317/317 318/318/318
f 321/321/321 322/322/322 317/317/317
f 322/322/322 323/323/323 317/317/317
f 326/326/326 325/325/325 324/324/324
f 327/327/327 326/326/326 324/324/324
f 327/327/327 324/324/324 328/328/328
f 329/329/329 326/326/326 327/327/327
f 330/330/330 327/327/327 328/328/328
f 330/330/330 328/328/328 331/331/331
f 332/332/332 329/329/329 327/327/327
f 332/332/332 327/327/327 330/330/330
f 333/333/333 330/330/330 331/331/331
f 333/333/333 331/331/331 334/334/334
f 332/332/332 335/335/335 329/329/329
f 335/335/335 336/336/336 329/329/329
f 337/337/337 333/333/333 334/334/334
f 337/337/337 334/334/334 338/338/338
f 339/339/339 337/337/337 338/338/338
f 339/339/339 338/338/338 340/340/340
f 341/341/341 339/339/339 340/340/340
f 341/341/341 340/340/340 342/342/342
f 343/343/343 341/341/341 342/342/342
f 343/343/343 342/342/342 344/344/344
f 345/345/345 343/343/343 344/344/344
f 345/345/345 346/346/346 343/343/343
f 346/346/346 347/347/347 343/343/343
f 343/343/343 347/347/347 341/341/341
f 347/347/347 348/348/348 341/341/341
f 341/341/341 348/348/348 339/339/339
f 347/347/347 349/349/349 348/348/348
f 348/348/348 350/350/350 339/339/339
f 339/339/339 350/350/350 337/337/337
f 349/349/349 351/351/351 348/348/348
f 349/349/349 352/352/352 351/351/351
f 352/352/352 353/353/353 351/351/351
f 351/351/351 353/353/353 354/354/354
f 355/355/355 351/351/351 354/354/354
f 350/350/350 356/356/356 337/337/337
f 350/350/350 355/355/355 356/356/356
f 337/337/337 356/356/356 333/333/333
f 355/355/355 354/354/354 357/357/357
f 355/355/355 357/357/357 356/356/356
f 354/354/354 358/358/358 357/357/357
f 356/356/356 359/359/359 333/333/333
f 358/358/358 360/360/360 357/357/357
f 333/333/333 359/359/359 330/330/330
f 360/360/360 361/361/361 357/357/357
f 359/359/359 362/362/362 330/330/330
f 359/359/359 361/361/361 362/362/362
f 362/362/362 332/332/332 330/330/330
f 361/361/361 360/360/360 363/363/363
f 361/361/361 363/363/363 362/362/362
f 362/362/362 363/363/363 332/332/332
f 360/360/360 364/364/364 363/363/363
f 363/363/363 335/335/335 332/332/332
f 363/363/363 364/364/364 335/335/335
f 364/364/364 365/365/365 335/335/335
f 335/335/335 365/365/365 336/336/336
f 365/365/365 366/366/366 336/336/336
f 366/366/366 367/367/367 336/336/336
f 367/367/367 368/368/368 336/336/336
f 371/371/371 370/370/370 369/369/369
f 372/372/372 371/371/371 369/369/369
f 375/375/375 374/374/374 373/373/373
f 376/376/376 375/375/375 373/373/373
f 379/379/379 378/378/378 377/377/377
f 378/378/378 380/380/380 377/377/377
f 381/381/381 377/377/377 380/380/380
f 382/382/382 381/381/381 380/380/380
f 381/381/381 382/382/382 383/383/383
f 382/382/382 384/384/384 383/383/383
f 387/387/387 386/386/386 385/385/385
f 388/388/388 387/387/387 385/385/385
f 391/391/391 390/390/390 389/389/389
f 392/392/392 391/391/391 389/389/389
f 395/395/395 394/394/394 393/393/393
f 396/396/396 395/395/395 393/393/393
f 399/399/399 398/398/398 397/397/397
f 400/400/400 399/399/399 397/397/397
f 403/403/403 402/402/402 401/401/401
f 404/404/404 403/403/403 401/401/401
f 407/407/407 406/406/406 405/405/405
f 408/408/408 407/407/407 405/405/405
f 411/411/411 410/410/410 409/409/409
f 410/410/410 412/412/412 409/409/409
f 409/409/409 412/412/412 413/413/413
f 412/412/412 414/414/414 413/413/413
f 413/413/413 414/414/414 415/415/415
f 414/414/414 416/416/416 415/415/415
f 419/419/419 418/418/418 417/417/417
f 420/420/420 419/419/419 417/417/417
f 423/423/423 422/422/422 421/421/421
f 422/422/422 424/424/424 421/421/421
f 421/421/421 424/424/424 425/425/425
f 424/424/424 426/426/426 425/425/425
f 425/425/425 426/426/426 427/427/427
f 426/426/426 428/428/428 427/427/427
f 431/431/431 430/430/430 429/429/429
f 432/432/432 431/431/431 429/429/429
f 432/432/432 429/429/429 433/433/433
f 434/434/434 432/432/432 433/433/433
f 434/434/434 433/433/433 435/435/435
f 436/436/436 434/434/434 435/435/435
f 439/439/439 438/438/438 437/437/437
f 440/440/440 439/439/439 437/437/437
f 440/440/440 437/437/437 441/441/441
f 442/442/442 440/440/440 441/441/441
f 442/442/442 441/441/441 443/443/443
f 444/444/444 442/442/442 443/443/443
f 447/447/447 446/446/446 445/445/445
f 448/448/448 447/447/447 445/445/445
f 451/451/451 450/450/450 449/449/449
f 450/450/450 452/452/452 449/449/449
f 449/449/449 452/452/452 453/453/453
f 452/452/452 454/454/454 453/453/453
f 453/453/453 454/454/454 455/455/455
f 454/454/454 456/456/456 455/455/455
f 459/459/459 458/458/458 457/457/457
f 460/460/460 459/459/459 457/457/457
f 463/463/463 462/462/462 461/461/461
f 462/462/462 464/464/464 461/461/461
f 461/461/461 464/464/464 465/465/465
f 464/464/464 466/466/466 465/465/465
f 465/465/465 466/466/466 467/467/467
f 466/466/466 468/468/468 467/467/467
f 471/471/471 470/470/470 469/469/469
f 472/472/472 471/471/471 469/469/469
f 472/472/472 469/469/469 473/473/473
f 474/474/474 472/472/472 473/473/473
f 474/474/474 473/473/473 475/475/475
f 476/476/476 474/474/474 475/475/475
f 479/479/479 478/478/478 477/477/477
f 480/480/480 479/479/479 477/477/477
f 480/480/480 477/477/477 481/481/481
f 482/482/482 480/480/480 481/481/481
f 482/482/482 481/481/481 483/483/483
f 484/484/484 482/482/482 483/483/483
f 487/487/487 486/486/486 485/485/485
f 488/488/488 487/487/487 485/485/485
f 491/491/491 490/490/490 489/489/489
f 492/492/492 491/491/491 489/489/489
f 495/495/495 494/494/494 493/493/493
f 496/496/496 495/495/495 493/493/493
f 499/499/499 498/498/498 497/497/497
f 500/500/500 499/499/499 497/497/497
f 503/503/503 502/502/502 501/501/501
f 504/504/504 503/503/503 501/501/501
f 505/505/505 506/505/505 507/505/505
f 505/505/505 507/505/505 508/505/505
f 509/505/506 510/505/506 511/505/506
f 509/505/506 511/505/506 512/505/506
f 505/505/507 512/505/507 511/505/507
f 505/505/507 511/505/507 506/505/507
f 506/505/508 511/505/508 510/505/508
f 506/505/508 510/505/508 507/505/508
f 507/505/509 510/505/509 509/505/509
f 507/505/509 509/505/509 508/505/509
f 508/505/510 509/505/510 512/505/510
f 508/505/510 512/505/510 505/505/510
f 513/506/505 514/506/505 515/506/505
f 513/506/505 515/506/505 516/506/505
f 513/506/505 516/506/505 517/506/505
f 513/506/505 517/506/505 518/506/505
f 513/506/505 518/506/505 519/506/505
f 513/506/505 519/506/505 520/506/505
f 521/506/506 522/506/506 523/506/506
f 521/506/506 523/506/506 524/506/506
f 521/506/506 524/506/506 525/506/506
f 521/506/506 525/506/506 526/506/506
f 521/506/506 526/506/506 527/506/506
f 521/506/506 527/506/506 528/506/506
f 513/506/511 528/506/511 527/506/511
f 513/506/511 527/506/511 514/506/511
f 514/506/512 527/506/512 526/506/512
f 514/506/512 526/506/512 515/506/512
f 515/506/513 526/506/513 525/506/513
f 515/506/513 525/506/513 516/506/513
f 516/506/514 525/506/514 524/506/514
f 516/506/514 524/506/514 517/506/514
f 517/506/515 524/506/515 523/506/515
f 517/506/515 523/506/515 518/506/515
f 518/506/516 523/506/516 522/506/516
f 518/506/516 522/506/516 519/506/516
f 519/506/517 522/506/517 521/506/517
f 519/506/517 521/506/517 520/506/517
f 520/506/518 521/506/518 528/506/518
f 520/506/518 528/506/518 513/506/518
f 529/507/519 530/508/520 531/509/521
f 529/507/519 532/510/522 530/508/520
f 533/511/523 532/510/522 529/507/519
f 533/511/523 534/512/524 532/510/522
f 529/507/519 535/513/525 533/511/523
f 529/507/519 536/514/526 535/513/525
f 537/515/527 538/516/528 539/517/529
f 537/515/527 539/517/529 540/518/530
f 541/519/531 542/520/532 543/521/533
f 541/519/531 543/521/533 544/522/534
f 544/522/534 545/523/535 541/519/531
f 544/522/534 546/524/536 545/523/535
f 547/525/537 548/526/538 549/527/539
f 547/525/537 549/527/539 550/528/540
f 551/529/541 552/530/542 553/531/543
f 551/529/541 553/531/543 554/532/544
f 554/532/544 553/531/543 555/533/545
f 554/532/544 555/533/545 556/534/546
f 556/534/546 557/535/547 554/532/544
f 556/534/546 558/536/548 557/535/547
f 559/537/549 560/538/550 561/539/551
f 559/537/549 561/539/551 562/540/552
f 563/541/553 564/542/554 565/543/555
f 563/541/553 565/543/555 566/544/556
f 567/545/557 568/546/558 569/547/559
f 567/545/557 570/548/560 568/546/558
f 571/549/561 570/548/560 567/545/557
f 571/549/561 572/550/562 570/548/560
f 567/545/557 573/551/563 571/549/561
f 567/545/557 574/552/564 573/551/563
f 575/553/565 576/554/566 577/555/567
f 575/553/565 577/555/567 578/556/568
f 579/557/569 580/558/570 581/559/571
f 579/557/569 581/559/571 582/560/572
f 582/560/572 583/561/573 579/557/569
f 582/560/572 584/562/574 583/561/573
f 585/563/575 586/564/576 587/565/577
f 585/563/575 587/565/577 588/566/578
f 589/567/579 590/568/580 591/569/581
f 589/567/579 591/569/581 592/570/582
f 592/570/582 591/569/581 593/571/583
f 592/570/582 593/571/583 594/572/584
f 594/572/584 595/573/585 592/570/582
f 594/572/584 596/574/586 595/573/585
f 597/575/587 598/576/588 599/577/589
f 597/575/587 599/577/589 600/578/590
f 601/579/591 602/580/592 603/581/593
f 601/579/591 603/581/593 604/582/594
f 605/583/595 606/584/596 607/585/597
f 605/583/595 608/586/598 606/584/596
f 609/587/599 608/586/598 605/583/595
f 609/587/599 610/588/600 608/586/598
f 605/583/595 611/589/601 609/587/599
f 605/583/595 612/590/602 611/589/601
f 613/591/603 614/592/604 615/593/605
f 613/591/603 615/593/605 616/594/606
f 617/595/607 618/596/608 619/597/609
f 617/595/607 619/597/609 620/598/610
f 620/598/610 621/599/611 617/595/607
f 620/598/610 622/600/612 621/599/611
f 623/601/613 624/602/614 625/603/615
f 623/601/613 625/603/615 626/604/616
f 627/605/617 628/606/618 629/607/619
f 627/605/617 629/607/619 630/608/620
f 630/608/620 629/607/619 631/609/621
f 630/608/620 631/609/621 632/610/622
f 632/610/622 633/611/623 630/608/620
f 632/610/622 634/612/624 633/611/623
f 635/613/625 636/614/626 637/615/627
f 635/613/625 637/615/627 638/616/628
f 639/617/629 640/618/630 641/619/631
f 639/617/629 641/619/631 642/620/632
f 643/621/633 644/622/634 645/623/635
f 643/621/633 646/624/636 644/622/634
f 647/625/637 646/624/636 643/621/633
f 647/625/637 648/626/638 646/624/636
f 643/621/633 649/627/639 647/625/637
f 643/621/633 650/628/640 649/627/639
f 651/629/641 652/630/642 653/631/643
f 651/629/641 653/631/643 654/632/644
f 655/633/645 656/634/646 657/635/647
f 655/633/645 657/635/647 658/636/648
f 658/636/648 659/637/649 655/633/645
f 658/636/648 660/638/650 659/637/649
f 661/639/651 662/640/652 663/641/653
f 661/639/651 663/641/653 664/642/654
f 665/643/655 666/644/656 667/645/657
f 665/643/655 667/645/657 668/646/658
f 668/646/658 667/645/657 669/647/659
f 668/646/658 669/647/659 670/648/660
f 670/648/660 671/649/661 668/646/658
f 670/648/660 672/650/662 671/649/661
f 673/651/663 674/652/664 675/653/665
f 673/651/663 675/653/665 676/654/666
f 677/655/667 678/656/668 679/657/669
f 677/655/667 679/657/669 680/658/670
f 681/659/671 682/660/672 683/661/673
f 681/659/671 683/661/673 684/662/674
f 685/663/675 686/664/676 687/665/677
f 685/663/675 687/665/677 688/666/678
f 689/667/679 690/668/680 691/669/681
f 689/667/679 691/669/681 692/670/682
f 689/667/679 692/670/682 693/671/683
f 693/671/683 694/672/684 689/667/679
f 693/671/683 695/673/685 694/672/684
f 696/674/686 697/675/687 698/676/688
f 696/674/686 698/676/688 699/677/689
f 699/677/689 700/678/690 696/674/686
f 700/678/690 701/679/691 696/674/686
f 700/678/690 702/680/692 701/679/691
f 703/681/693 704/682/694 705/683/695
f 703/681/693 705/683/695 706/684/696
f 707/685/697 708/686/698 709/687/699
f 707/685/697 709/687/699 710/688/700
f 711/689/701 712/690/702 713/691/703
f 711/689/701 713/691/703 714/692/704
f 715/693/705 716/694/706 717/695/707
f 715/693/705 717/695/707 718/696/708
f 719/697/709 720/698/710 721/699/711
f 719/697/709 721/699/711 722/700/712
f 723/701/713 724/702/714 725/703/715
f 723/701/713 725/703/715 726/704/716
f 727/705/717 728/706/718 729/707/719
f 727/705/717 730/708/720 728/706/718
f 729/707/719 728/706/718 731/709/721
f 732/710/722 730/708/720 727/705/717
f 729/707/719 731/709/721 733/711/723
f 732/710/722 734/712/724 730/708/720
f 733/711/723 731/709/721 735/713/725
f 736/714/726 734/712/724 732/710/722
f 733/711/723 735/713/725 737/715/727
f 736/714/726 738/716/728 734/712/724
f 737/715/727 735/713/725 739/717/729
f 740/718/730 738/716/728 736/714/726
f 737/715/727 739/717/729 741/719/731
f 740/718/730 742/720/732 738/716/728
f 741/719/731 739/717/729 743/721/733
f 744/722/734 742/720/732 740/718/730
f 741/719/731 743/721/733 745/723/735
f 744/722/734 746/724/736 742/720/732
f 745/723/735 743/721/733 747/725/737
f 748/726/738 746/724/736 744/722/734
f 745/723/735 747/725/737 749/727/739
f 748/726/738 750/728/740 746/724/736
f 749/727/739 747/725/737 750/728/740
f 749/727/739 750/728/740 748/726/738
f 751/729/741 752/730/742 753/731/743
f 751/729/741 754/732/744 752/730/742
f 753/731/743 752/730/742 755/733/745
f 756/734/746 754/732/744 751/729/741
f 753/731/743 755/733/745 757/735/747
f 756/734/746 758/736/748 754/732/744
f 757/735/747 755/733/745 759/737/749
f 760/738/750 758/736/748 756/734/746
f 757/735/747 759/737/749 761/739/751
f 760/738/750 762/740/752 758/736/748
f 761/739/751 759/737/749 763/741/753
f 764/742/754 762/740/752 760/738/750
f 761/739/751 763/741/753 765/743/755
f 764/742/754 766/744/756 762/740/752
f 765/743/755 763/741/753 767/745/757
f 768/746/758 766/744/756 764/742/754
f 765/743/755 767/745/757 769/747/759
f 768/746/758 770/748/760 766/744/756
f 769/747/759 767/745/757 771/749/761
f 772/750/762 770/748/760 768/746/758
f 769/747/759 771/749/761 773/751/763
f 772/750/762 774/752/764 770/748/760
f 773/751/763 771/749/761 774/752/764
f 773/751/763 774/752/764 772/750/762
f 775/753/765 776/754/766 777/755/767
f 775/753/765 777/755/767 778/756/768
f 779/757/769 776/754/766 775/753/765
f 778/756/768 777/755/767 780/758/770
f 779/757/769 781/759/771 776/754/766
f 778/756/768 780/758/770 782/760/772
f 783/761/773 781/759/771 779/757/769
f 782/760/772 780/758/770 784/762/774
f 783/761/773 785/763/775 781/759/771
f 782/760/772 784/762/774 786/764/776
f 787/765/777 785/763/775 783/761/773
f 786/764/776 784/762/774 788/766/778
f 787/765/777 789/767/779 785/763/775
f 786/764/776 788/766/778 790/768/780
f 791/769/781 789/767/779 787/765/777
f 790/768/780 788/766/778 792/770/782
f 791/769/781 793/771/783 789/767/779
f 790/768/780 792/770/782 794/772/784
f 795/773/785 793/771/783 791/769/781
f 794/772/784 792/770/782 796/774/786
f 795/773/785 797/775/787 793/771/783
f 794/772/784 796/774/786 798/776/788
f 798/776/788 797/775/787 795/773/785
f 798/776/788 796/774/786 797/775/787
f 799/777/789 800/778/790 801/779/791
f 799/777/789 802/780/792 800/778/790
f 803/781/793 799/777/789 801/779/791
f 802/780/792 804/782/794 800/778/790
f 803/781/793 801/779/791 805/783/795
f 802/780/792 806/784/796 804/782/794
f 807/785/797 803/781/793 805/783/795
f 806/784/796 808/786/798 804/782/794
f 807/785/797 805/783/795 809/787/799
f 806/784/796 810/788/800 808/786/798
f 811/789/801 807/785/797 809/787/799
f 810/788/800 812/790/802 808/786/798
f 811/789/801 809/787/799 813/791/803
f 810/788/800 814/792/804 812/790/802
f 815/793/805 811/789/801 813/791/803
f 814/792/804 816/794/806 812/790/802
f 815/793/805 813/791/803 817/795/807
f 814/792/804 818/796/808 816/794/806
f 819/797/809 815/793/805 817/795/807
f 818/796/808 820/798/810 816/794/806
f 819/797/809 817/795/807 821/799/811
f 818/796/808 822/800/812 820/798/810
f 822/800/812 819/797/809 821/799/811
f 822/800/812 821/799/811 820/798/810
f 823/801/813 824/802/814 825/803/815
f 823/801/813 825/803/815 826/804/816
f 827/805/817 828/806/818 829/807/819
f 827/805/817 829/807/819 830/808/820
f 831/809/821 832/810/822 833/811/823
f 831/809/821 833/811/823 834/812/824
f 835/813/825 836/814/826 837/815/827
f 835/813/825 837/815/827 838/816/828
f 839/817/829 840/818/830 841/819/831
f 841/819/831 842/820/832 839/817/829
f 842/820/832 843/821/833 839/817/829
f 842/820/832 844/822/834 843/821/833
f 845/823/835 846/824/836 847/825/837
f 845/823/835 847/825/837 848/826/838
f 849/827/839 850/828/840 851/829/841
f 849/827/839 851/829/841 852/830/842
f 853/831/843 854/832/844 855/833/845
f 855/833/845 856/834/846 853/831/843
f 855/833/845 857/835/847 856/834/846
f 857/835/847 858/836/848 856/834/846
f 859/837/849 860/838/850 861/839/851
f 859/837/849 861/839/851 862/840/852
f 863/841/853 864/842/854 865/843/855
f 863/841/853 865/843/855 866/844/856
f 867/845/857 868/846/858 869/847/859
f 867/845/857 869/847/859 870/848/860
f 871/849/861 872/850/862 873/851/863
f 871/849/861 873/851/863 874/852/864
f 875/853/865 876/854/866 877/855/867
f 877/855/867 878/856/868 875/853/865
f 877/855/867 879/857/869 878/856/868
f 877/855/867 880/858/870 879/857/869
f 881/859/871 882/860/872 883/861/873
f 881/859/871 883/861/873 884/862/874
f 885/863/875 886/864/876 887/865/877
f 885/863/875 887/865/877 888/866/878
f 889/867/879 890/868/880 891/869/881
f 891/869/881 892/870/882 889/867/879
f 892/870/882 893/871/883 889/867/879
f 892/870/882 894/872/884 893/871/883
f 895/873/885 896/874/886 897/875/887
f 895/873/885 897/875/887 898/876/888
f 899/877/889 900/878/890 901/879/891
f 899/877/889 901/879/891 902/880/892
f 903/881/893 904/882/894 905/883/895
f 903/881/893 905/883/895 906/884/896
f 907/885/897 908/886/898 909/887/899
f 907/885/897 909/887/899 910/888/900
f 911/889/901 912/890/902 913/891/903
f 911/889/901 913/891/903 914/892/904
f 915/893/905 916/894/906 917/895/907
f 915/893/905 917/895/907 918/896/908
f 919/897/909 920/898/910 921/899/911
f 919/897/909 921/899/911 922/900/912
f 923/901/913 924/902/914 925/903/915
f 923/901/913 925/903/915 926/904/916
f 927/905/917 928/906/918 929/907/919
f 927/905/917 929/907/919 930/908/920
f 931/909/921 932/910/922 933/911/923
f 931/909/921 933/911/923 934/912/924
f 937/915/927 936/914/926 935/913/925
f 938/916/928 937/915/927 935/913/925
f 938/916/928 935/913/925 939/917/929
f 940/918/930 937/915/927 938/916/928
f 941/919/931 938/916/928 939/917/929
f 941/919/931 939/917/929 942/920/932
f 943/921/933 941/919/931 942/920/932
f 944/922/934 941/919/931 943/921/933
f 941/919/931 944/922/934 938/916/928
f 945/923/935 944/922/934 943/921/933
f 946/924/936 940/918/930 938/916/928
f 944/922/934 946/924/936 938/916/928
f 947/925/937 940/918/930 946/924/936
f 948/926/938 944/922/934 945/923/935
f 944/922/934 948/926/938 946/924/936
f 949/927/939 948/926/938 945/923/935
f 950/928/940 947/925/937 946/924/936
f 948/926/938 950/928/940 946/924/936
f 951/929/941 947/925/937 950/928/940
f 952/930/942 948/926/938 949/927/939
f 948/926/938 952/930/942 950/928/940
f 953/931/943 952/930/942 949/927/939
f 954/932/944 951/929/941 950/928/940
f 952/930/942 954/932/944 950/928/940
f 955/933/945 951/929/941 954/932/944
f 956/934/946 952/930/942 953/931/943
f 952/930/942 956/934/946 954/932/944
f 957/935/947 956/934/946 953/931/943
f 958/936/948 955/933/945 954/932/944
f 956/934/946 958/936/948 954/932/944
f 959/937/949 955/933/945 958/936/948
f 960/938/950 956/934/946 957/935/947
f 956/934/946 960/938/950 958/936/948
f 961/939/951 960/938/950 957/935/947
f 962/940/952 959/937/949 958/936/948
f 960/938/950 962/940/952 958/936/948
f 963/941/953 959/937/949 962/940/952
f 964/942/954 960/938/950 961/939/951
f 960/938/950 964/942/954 962/940/952
f 965/943/955 964/942/954 961/939/951
f 966/944/956 963/941/953 962/940/952
f 964/942/954 966/944/956 962/940/952
f 967/945/957 963/941/953 966/944/956
f 968/946/958 964/942/954 965/943/955
f 964/942/954 968/946/958 966/944/956
f 969/947/959 968/946/958 965/943/955
f 970/948/960 967/945/957 966/944/956
f 968/946/958 970/948/960 966/944/956
f 971/949/961 967/945/957 970/948/960
f 972/950/962 968/946/958 969/947/959
f 968/946/958 972/950/962 970/948/960
f 973/951/963 972/950/962 969/947/959
f 974/952/964 971/949/961 970/948/960
f 972/950/962 974/952/964 970/948/960
f 975/953/965 971/949/961 974/952/964
f 976/954/966 972/950/962 973/951/963
f 972/950/962 976/954/966 974/952/964
f 977/955/967 976/954/966 973/951/963
f 978/956/968 975/953/965 974/952/964
f 976/954/966 978/956/968 974/952/964
f 979/957/969 975/953/965 978/956/968
f 980/958/970 976/954/966 977/955/967
f 976/954/966 980/958/970 978/956/968
f 981/959/971 980/958/970 977/955/967
f 982/960/972 979/957/969 978/956/968
f 980/958/970 982/960/972 978/956/968
f 983/961/973 979/957/969 982/960/972
f 984/962/974 980/958/970 981/959/971
f 980/958/970 984/962/974 982/960/972
f 985/963/975 984/962/974 981/959/971
f 986/964/976 983/961/973 982/960/972
f 984/962/974 986/964/976 982/960/972
f 987/965/977 983/961/973 986/964/976
f 988/966/978 987/965/977 986/964/976
f 989/967/979 988/966/978 986/964/976
f 984/962/974 989/967/979 986/964/976
f 989/967/979 984/962/974 985/963/975
f 990/968/980 989/967/979 985/963/975
f 993/971/983 992/970/982 991/969/981
f 994/972/984 993/971/983 991/969/981
f 994/972/984 991/969/981 995/973/985
f 996/974/986 994/972/984 995/973/985
f 999/977/989 998/976/988 997/975/987
f 998/976/988 1000/978/990 997/975/987
f 998/976/988 1001/979/991 1000/978/990
f 1001/979/991 1002/980/992 1000/978/990
f 1001/979/991 1003/981/993 1002/980/992
f 1003/981/993 1004/982/994 1002/980/992
f 1003/981/993 1005/983/995 1004/982/994
f 1005/983/995 1006/984/996 1004/982/994
f 1005/983/995 1007/985/997 1006/984/996
f 1007/985/997 1008/986/998 1006/984/996
f 1007/985/997 1009/987/999 1008/986/998
f 1009/987/999 1010/988/1000 1008/986/998
f 1009/987/999 1011/989/1001 1010/988/1000
f 1011/989/1001 1012/990/1002 1010/988/1000
f 1011/989/1001 1013/991/1003 1012/990/1002
f 1013/991/1003 1014/992/1004 1012/990/1002
f 1013/991/1003 1015/993/1005 1014/992/1004
f 1015/993/1005 1016/994/1006 1014/992/1004
f 1015/993/1005 1017/995/1007 1016/994/1006
f 1017/995/1007 1018/996/1008 1016/994/1006
f 1017/995/1007 1019/997/1009 1018/996/1008
f 1019/997/1009 1020/998/1010 1018/996/1008
f 1019/997/1009 1021/999/1011 1020/998/1010
f 1021/999/1011 1022/1000/1012 1020/998/1010
f 1021/999/1011 1023/1001/1013 1022/1000/1012
f 1023/1001/1013 1024/1002/1014 1022/1000/1012
f 1027/1005/1017 1026/1004/1016 1025/1003/1015
f 1028/1006/1018 1027/1005/1017 1025/1003/1015
f 1028/1006/1018 1025/1003/1015 1029/1007/1019
f 1030/1008/1020 1028/1006/1018 1029/1007/1019
f 1030/1008/1020 1029/1007/1019 1031/1009/1021
f 1032/1010/1022 1030/1008/1020 1031/1009/1021
f 1032/1010/1022 1031/1009/1021 1033/1011/1023
f 1034/1012/1024 1032/1010/1022 1033/1011/1023
f 1034/1012/1024 1033/1011/1023 1035/1013/1025
f 1036/1014/1026 1034/1012/1024 1035/1013/1025
f 1036/1014/1026 1035/1013/1025 1037/1015/1027
f 1038/1016/1028 1036/1014/1026 1037/1015/1027
f 1041/1019/1031 1040/1018/1030 1039/1017/1029
f 1042/1020/1032 1041/1019/1031 1039/1017/1029
f 1042/1020/1032 1039/1017/1029 1043/1021/1033
f 1044/1022/1034 1042/1020/1032 1043/1021/1033
f 1047/1025/1037 1046/1024/1036 1045/1023/1035
f 1048/1026/1038 1047/1025/1037 1045/1023/1035
f 1051/1029/1041 1050/1028/1040 1049/1027/1039
f 1052/1030/1042 1051/1029/1041 1049/1027/1039
f 1052/1030/1042 1049/1027/1039 1053/1031/1043
f 1054/1032/1044 1052/1030/1042 1053/1031/1043
f 1057/1035/1047 1056/1034/1046 1055/1033/1045
f 1057/1035/1047 1058/1036/1048 1056/1034/1046
f 1058/1036/1048 1057/1035/1047 1059/1037/1049
f 1057/1035/1047 1060/1038/1050 1059/1037/1049
f 1059/1037/1049 1061/1039/1051 1058/1036/1048
f 1061/1039/1051 1062/1040/1052 1058/1036/1048
f 1061/1039/1051 1063/1041/1053 1062/1040/1052
f 1061/1039/1051 1064/1042/1054 1063/1041/1053
f 1059/1037/1049 1065/1043/1055 1061/1039/1051
f 1065/1043/1055 1066/1044/1056 1061/1039/1051
f 1059/1037/1049 1067/1045/1057 1065/1043/1055
f 1070/1048/1060 1069/1047/1059 1068/1046/1058
f 1071/1049/1061 1070/1048/1060 1068/1046/1058
f 1071/1049/1061 1068/1046/1058 1072/1050/1062
f 1072/1050/1062 1073/1051/1063 1071/1049/1061
f 1071/1049/1061 1074/1052/1064 1070/1048/1060
f 1070/1048/1060 1074/1052/1064 1075/1053/1065
f 1070/1048/1060 1075/1053/1065 1076/1054/1066
f 1076/1054/1066 1077/1055/1067 1070/1048/1060
f 1071/1049/1061 1078/1056/1068 1074/1052/1064
f 1078/1056/1068 1079/1057/1069 1074/1052/1064
f 1071/1049/1061 1080/1058/1070 1078/1056/1068
f 1083/1061/1073 1082/1060/1072 1081/1059/1071
f 1082/1060/1072 1084/1062/1074 1081/1059/1071
f 1084/1062/1074 1085/1063/1075 1081/1059/1071
f 1085/1063/1075 1086/1064/1076 1081/1059/1071
f 1089/1067/1079 1088/1066/1078 1087/1065/1077
f 1087/1065/1077 1090/1068/1080 1089/1067/1079
f 1090/1068/1080 1091/1069/1081 1089/1067/1079
f 1091/1069/1081 1092/1070/1082 1089/1067/1079
f 1095/1073/1085 1094/1072/1084 1093/1071/1083
f 1095/1073/1085 1093/1071/1083 1096/1074/1086
f 1093/1071/1083 1097/1075/1087 1096/1074/1086
f 1093/1071/1083 1098/1076/1088 1097/1075/1087
f 1098/1076/1088 1099/1077/1089 1097/1075/1087
f 1099/1077/1089 1098/1076/1088 1100/1078/1090
f 1100/1078/1090 1101/1079/1091 1099/1077/1089
f 1096/1074/1086 1097/1075/1087 1102/1080/1092
f 1101/1079/1091 1100/1078/1090 1103/1081/1093
f 1100/1078/1090 1104/1082/1094 1103/1081/1093
f 1105/1083/1095 1103/1081/1093 1104/1082/1094
f 1103/1081/1093 1106/1084/1096 1101/1079/1091
f 1106/1084/1096 1107/1085/1097 1101/1079/1091
f 1108/1086/1098 1103/1081/1093 1105/1083/1095
f 1109/1087/1099 1108/1086/1098 1105/1083/1095
f 1106/1084/1096 1103/1081/1093 1110/1088/1100
f 1103/1081/1093 1111/1089/1101 1110/1088/1100
f 1104/1082/1094 1112/1090/1102 1105/1083/1095
f 1112/1090/1102 1104/1082/1094 1113/1091/1103
f 1113/1091/1103 1114/1092/1104 1112/1090/1102
f 1115/1093/1105 1114/1092/1104 1113/1091/1103
f 1116/1094/1106 1115/1093/1105 1113/1091/1103
f 1115/1093/1105 1116/1094/1106 1117/1095/1107
f 1117/1095/1107 1118/1096/1108 1115/1093/1105
f 1118/1096/1108 1117/1095/1107 1119/1097/1109
f 1120/1098/1110 1118/1096/1108 1119/1097/1109
f 1120/1098/1110 1119/1097/1109 1121/1099/1111
f 1121/1099/1111 1122/1100/1112 1120/1098/1110
f 1112/1090/1102 1122/1100/1112 1105/1083/1095
f 1122/1100/1112 1121/1099/1111 1123/1101/1113
f 1123/1101/1113 1105/1083/1095 1122/1100/1112
f 1124/1102/1114 1123/1101/1113 1121/1099/1111
f 1105/1083/1095 1123/1101/1113 1125/1103/1115
f 1126/1104/1116 1105/1083/1095 1125/1103/1115
f 1127/1105/1117 1123/1101/1113 1124/1102/1114
f 1124/1102/1114 1128/1106/1118 1127/1105/1117
f 1129/1107/1119 1128/1106/1118 1124/1102/1114
f 1129/1107/1119 1096/1074/1086 1128/1106/1118
f 1096/1074/1086 1130/1108/1120 1128/1106/1118
f 1130/1108/1120 1096/1074/1086 1102/1080/1092
f 1102/1080/1092 1131/1109/1121 1130/1108/1120
f 1131/1109/1121 1102/1080/1092 1132/1110/1122
f 1102/1080/1092 1133/1111/1123 1132/1110/1122
f 1133/1111/1123 1134/1112/1124 1132/1110/1122
f 1134/1112/1124 1133/1111/1123 1107/1085/1097
f 1127/1105/1117 1134/1112/1124 1135/1113/1125
f 1134/1112/1124 1107/1085/1097 1135/1113/1125
f 1123/1101/1113 1127/1105/1117 1135/1113/1125
f 1135/1113/1125 1107/1085/1097 1106/1084/1096
f 1123/1101/1113 1135/1113/1125 1136/1114/1126
f 1137/1115/1127 1123/1101/1113 1136/1114/1126
f 1138/1116/1128 1135/1113/1125 1106/1084/1096
f 1139/1117/1129 1138/1116/1128 1106/1084/1096
f 1142/1120/1132 1141/1119/1131 1140/1118/1130
f 1143/1121/1133 1142/1120/1132 1140/1118/1130
f 1144/1122/1134 1143/1121/1133 1140/1118/1130
f 1140/1118/1130 1145/1123/1135 1144/1122/1134
f 1148/1126/1138 1147/1125/1137 1146/1124/1136
f 1148/1126/1138 1146/1124/1136 1149/1127/1139
f 1146/1124/1136 1150/1128/1140 1149/1127/1139
f 1151/1129/1141 1148/1126/1138 1149/1127/1139
f 1154/1132/1144 1153/1131/1143 1152/1130/1142
f 1152/1130/1142 1155/1133/1145 1154/1132/1144
f 1155/1133/1145 1156/1134/1146 1154/1132/1144
f 1156/1134/1146 1157/1135/1147 1154/1132/1144
f 1160/1138/1150 1159/1137/1149 1158/1136/1148
f 1161/1139/1151 1160/1138/1150 1158/1136/1148
f 1164/1142/1154 1163/1141/1153 1162/1140/1152
f 1165/1143/1155 1164/1142/1154 1162/1140/1152
f 1168/1146/1158 1167/1145/1157 1166/1144/1156
f 1169/1147/1159 1168/1146/1158 1166/1144/1156
f 1172/1150/1162 1171/1149/1161 1170/1148/1160
f 1173/1151/1163 1172/1150/1162 1170/1148/1160
f 1176/1154/1166 1175/1153/1165 1174/1152/1164
f 1177/1155/1167 1176/1154/1166 1174/1152/1164
f 1180/1158/1170 1179/1157/1169 1178/1156/1168
f 1181/1159/1171 1180/1158/1170 1178/1156/1168
f 1184/1162/1174 1183/1161/1173 1182/1160/1172
f 1185/1163/1175 1184/1162/1174 1182/1160/1172
f 1188/1166/1178 1187/1165/1177 1186/1164/1176
f 1189/1167/1179 1188/1166/1178 1186/1164/1176
f 1192/1170/1182 1191/1169/1181 1190/1168/1180
f 1193/1171/1183 1192/1170/1182 1190/1168/1180
f 1196/1174/1186 1195/1173/1185 1194/1172/1184
f 1197/1175/1187 1196/1174/1186 1194/1172/1184
f 1200/1178/1190 1199/1177/1189 1198/1176/1188
f 1198/1176/1188 1201/1179/1191 1200/1178/1190
f 1201/1179/1191 1202/1180/1192 1200/1178/1190
f 1201/1179/1191 1203/1181/1193 1202/1180/1192
f 1203/1181/1193 1204/1182/1194 1202/1180/1192
f 1203/1181/1193 1205/1183/1195 1204/1182/1194
f 1208/1186/1198 1207/1185/1197 1206/1184/1196
f 1208/1186/1198 1209/1187/1199 1207/1185/1197
f 1207/1185/1197 1210/1188/1200 1206/1184/1196
f 1209/1187/1199 1211/1189/1201 1207/1185/1197
f 1206/1184/1196 1210/1188/1200 1212/1190/1202
f 1209/1187/1199 1213/1191/1203 1211/1189/1201
f 1210/1188/1200 1214/1192/1204 1212/1190/1202
f 1213/1191/1203 1215/1193/1205 1211/1189/1201
f 1216/1194/1206 1212/1190/1202 1214/1192/1204
f 1213/1191/1203 1216/1194/1206 1215/1193/1205
f 1217/1195/1207 1216/1194/1206 1214/1192/1204
f 1216/1194/1206 1217/1195/1207 1215/1193/1205
f 1220/1198/1210 1219/1197/1209 1218/1196/1208
f 1220/1198/1210 1218/1196/1208 1221/1199/1211
f 1219/1197/1209 1222/1200/1212 1218/1196/1208
f 1218/1196/1208 1223/1201/1213 1221/1199/1211
f 1219/1197/1209 1224/1202/1214 1222/1200/1212
f 1225/1203/1215 1221/1199/1211 1223/1201/1213
f 1224/1202/1214 1226/1204/1216 1222/1200/1212
f 1227/1205/1217 1225/1203/1215 1223/1201/1213
f 1226/1204/1216 1224/1202/1214 1228/1206/1218
f 1228/1206/1218 1225/1203/1215 1227/1205/1217
f 1229/1207/1219 1226/1204/1216 1228/1206/1218
f 1229/1207/1219 1228/1206/1218 1227/1205/1217
f 1232/1210/1222 1231/1209/1221 1230/1208/1220
f 1231/1209/1221 1233/1211/1223 1230/1208/1220
f 1234/1212/1224 1232/1210/1222 1230/1208/1220
f 1233/1211/1223 1235/1213/1225 1230/1208/1220
f 1232/1210/1222 1234/1212/1224 1236/1214/1226
f 1233/1211/1223 1237/1215/1227 1235/1213/1225
f 1234/1212/1224 1238/1216/1228 1236/1214/1226
f 1237/1215/1227 1239/1217/1229 1235/1213/1225
f 1238/1216/1228 1240/1218/1230 1236/1214/1226
f 1237/1215/1227 1240/1218/1230 1239/1217/1229
f 1238/1216/1228 1241/1219/1231 1240/1218/1230
f 1240/1218/1230 1241/1219/1231 1239/1217/1229
f 1244/1222/1234 1243/1221/1233 1242/1220/1232
f 1242/1220/1232 1243/1221/1233 1245/1223/1235
f 1246/1224/1236 1244/1222/1234 1242/1220/1232
f 1247/1225/1237 1242/1220/1232 1245/1223/1235
f 1248/1226/1238 1247/1225/1237 1245/1223/1235
f 1249/1227/1239 1248/1226/1238 1245/1223/1235
f 1244/1222/1234 1246/1224/1236 1250/1228/1240
f 1246/1224/1236 1251/1229/1241 1250/1228/1240
f 1248/1226/1238 1249/1227/1239 1252/1230/1242
f 1251/1229/1241 1252/1230/1242 1250/1228/1240
f 1249/1227/1239 1253/1231/1243 1252/1230/1242
f 1252/1230/1242 1253/1231/1243 1250/1228/1240
f 1256/1234/1246 1255/1233/1245 1254/1232/1244
f 1257/1235/1247 1255/1233/1245 1256/1234/1246
f 1258/1236/1248 1256/1234/1246 1254/1232/1244
f 1259/1237/1249 1257/1235/1247 1256/1234/1246
f 1258/1236/1248 1254/1232/1244 1260/1238/1250
f 1257/1235/1247 1259/1237/1249 1261/1239/1251
f 1262/1240/1252 1258/1236/1248 1260/1238/1250
f 1259/1237/1249 1263/1241/1253 1261/1239/1251
f 1262/1240/1252 1260/1238/1250 1264/1242/1254
f 1261/1239/1251 1263/1241/1253 1264/1242/1254
f 1265/1243/1255 1262/1240/1252 1264/1242/1254
f 1263/1241/1253 1265/1243/1255 1264/1242/1254
f 1268/1246/1258 1267/1245/1257 1266/1244/1256
f 1269/1247/1259 1268/1246/1258 1266/1244/1256
f 1268/1246/1258 1270/1248/1260 1267/1245/1257
f 1269/1247/1259 1266/1244/1256 1271/1249/1261
f 1270/1248/1260 1272/1250/1262 1267/1245/1257
f 1273/1251/1263 1269/1247/1259 1271/1249/1261
f 1270/1248/1260 1274/1252/1264 1272/1250/1262
f 1273/1251/1263 1271/1249/1261 1275/1253/1265
f 1274/1252/1264 1276/1254/1266 1272/1250/1262
f 1277/1255/1267 1273/1251/1263 1275/1253/1265
f 1274/1252/1264 1278/1256/1268 1276/1254/1266
f 1277/1255/1267 1275/1253/1265 1279/1257/1269
f 1278/1256/1268 1280/1258/1270 1276/1254/1266
f 1281/1259/1271 1277/1255/1267 1279/1257/1269
f 1278/1256/1268 1282/1260/1272 1280/1258/1270
f 1281/1259/1271 1279/1257/1269 1283/1261/1273
f 1282/1260/1272 1284/1262/1274 1280/1258/1270
f 1285/1263/1275 1281/1259/1271 1283/1261/1273
f 1282/1260/1272 1286/1264/1276 1284/1262/1274
f 1285/1263/1275 1283/1261/1273 1287/1265/1277
f 1286/1264/1276 1288/1266/1278 1284/1262/1274
f 1289/1267/1279 1285/1263/1275 1287/1265/1277
f 1286/1264/1276 1290/1268/1280 1288/1266/1278
f 1289/1267/1279 1287/1265/1277 1291/1269/1281
f 1290/1268/1280 1291/1269/1281 1288/1266/1278
f 1290/1268/1280 1289/1267/1279 1291/1269/1281
f 1294/1272/1284 1293/1271/1283 1292/1270/1282
f 1295/1273/1285 1294/1272/1284 1292/1270/1282
f 1294/1272/1284 1296/1274/1286 1293/1271/1283
f 1295/1273/1285 1292/1270/1282 1297/1275/1287
f 1296/1274/1286 1298/1276/1288 1293/1271/1283
f 1299/1277/1289 1295/1273/1285 1297/1275/1287
f 1296/1274/1286 1300/1278/1290 1298/1276/1288
f 1299/1277/1289 1297/1275/1287 1301/1279/1291
f 1300/1278/1290 1302/1280/1292 1298/1276/1288
f 1303/1281/1293 1299/1277/1289 1301/1279/1291
f 1300/1278/1290 1304/1282/1294 1302/1280/1292
f 1303/1281/1293 1301/1279/1291 1305/1283/1295
f 1304/1282/1294 1306/1284/1296 1302/1280/1292
f 1307/1285/1297 1303/1281/1293 1305/1283/1295
f 1304/1282/1294 1308/1286/1298 1306/1284/1296
f 1307/1285/1297 1305/1283/1295 1309/1287/1299
f 1308/1286/1298 1310/1288/1300 1306/1284/1296
f 1311/1289/1301 1307/1285/1297 1309/1287/1299
f 1308/1286/1298 1312/1290/1302 1310/1288/1300
f 1311/1289/1301 1309/1287/1299 1313/1291/1303
f 1312/1290/1302 1314/1292/1304 1310/1288/1300
f 1315/1293/1305 1311/1289/1301 1313/1291/1303
f 1312/1290/1302 1316/1294/1306 1314/1292/1304
f 1315/1293/1305 1313/1291/1303 1317/1295/1307
f 1316/1294/1306 1317/1295/1307 1314/1292/1304
f 1316/1294/1306 1315/1293/1305 1317/1295/1307
f 1320/1298/1310 1319/1297/1309 1318/1296/1308
f 1318/1296/1308 1319/1297/1309 1321/1299/1311
f 1322/1300/1312 1320/1298/1310 1318/1296/1308
f 1319/1297/1309 1323/1301/1313 1321/1299/1311
f 1324/1302/1314 1320/1298/1310 1322/1300/1312
f 1321/1299/1311 1323/1301/1313 1325/1303/1315
f 1326/1304/1316 1324/1302/1314 1322/1300/1312
f 1323/1301/1313 1327/1305/1317 1325/1303/1315
f 1328/1306/1318 1324/1302/1314 1326/1304/1316
f 1325/1303/1315 1327/1305/1317 1329/1307/1319
f 1330/1308/1320 1328/1306/1318 1326/1304/1316
f 1327/1305/1317 1331/1309/1321 1329/1307/1319
f 1332/1310/1322 1328/1306/1318 1330/1308/1320
f 1329/1307/1319 1331/1309/1321 1333/1311/1323
f 1333/1311/1323 1332/1310/1322 1330/1308/1320
f 1331/1309/1321 1332/1310/1322 1333/1311/1323
f 1334/1312/1324 1335/1313/1325 1336/1314/1326
f 1334/1312/1324 1336/1314/1326 1337/1315/1327
f 1338/1316/1328 1334/1312/1324 1337/1315/1327
f 1337/1315/1327 1336/1314/1326 1339/1317/1329
f 1338/1316/1328 1337/1315/1327 1340/1318/1330
f 1341/1319/1331 1338/1316/1328 1340/1318/1330
f 1341/1319/1331 1340/1318/1330 1342/1320/1332
f 1342/1320/1332 1340/1318/1330 1343/1321/1333
f 1337/1315/1327 1343/1321/1333 1340/1318/1330
f 1342/1320/1332 1343/1321/1333 1344/1322/1334
f 1337/1315/1327 1339/1317/1329 1345/1323/1335
f 1337/1315/1327 1345/1323/1335 1343/1321/1333
f 1345/1323/1335 1339/1317/1329 1346/1324/1336
f 1344/1322/1334 1343/1321/1333 1347/1325/1337
f 1345/1323/1335 1347/1325/1337 1343/1321/1333
f 1344/1322/1334 1347/1325/1337 1348/1326/1338
f 1345/1323/1335 1346/1324/1336 1349/1327/1339
f 1345/1323/1335 1349/1327/1339 1347/1325/1337
f 1349/1327/1339 1346/1324/1336 1350/1328/1340
f 1348/1326/1338 1347/1325/1337 1351/1329/1341
f 1349/1327/1339 1351/1329/1341 1347/1325/1337
f 1348/1326/1338 1351/1329/1341 1352/1330/1342
f 1349/1327/1339 1350/1328/1340 1353/1331/1343
f 1349/1327/1339 1353/1331/1343 1351/1329/1341
f 1353/1331/1343 1350/1328/1340 1354/1332/1344
f 1352/1330/1342 1351/1329/1341 1355/1333/1345
f 1353/1331/1343 1355/1333/1345 1351/1329/1341
f 1352/1330/1342 1355/1333/1345 1356/1334/1346
f 1353/1331/1343 1354/1332/1344 1357/1335/1347
f 1353/1331/1343 1357/1335/1347 1355/1333/1345
f 1357/1335/1347 1354/1332/1344 1358/1336/1348
f 1356/1334/1346 1355/1333/1345 1359/1337/1349
f 1357/1335/1347 1359/1337/1349 1355/1333/1345
f 1356/1334/1346 1359/1337/1349 1360/1338/1350
f 1357/1335/1347 1358/1336/1348 1361/1339/1351
f 1357/1335/1347 1361/1339/1351 1359/1337/1349
f 1361/1339/1351 1358/1336/1348 1362/1340/1352
f 1360/1338/1350 1359/1337/1349 1363/1341/1353
f 1361/1339/1351 1363/1341/1353 1359/1337/1349
f 1360/1338/1350 1363/1341/1353 1364/1342/1354
f 1361/1339/1351 1362/1340/1352 1365/1343/1355
f 1361/1339/1351 1365/1343/1355 1363/1341/1353
f 1365/1343/1355 1362/1340/1352 1366/1344/1356
f 1364/1342/1354 1363/1341/1353 1367/1345/1357
f 1365/1343/1355 1367/1345/1357 1363/1341/1353
f 1364/1342/1354 1367/1345/1357 1368/1346/1358
f 1365/1343/1355 1366/1344/1356 1369/1347/1359
f 1365/1343/1355 1369/1347/1359 1367/1345/1357
f 1369/1347/1359 1366/1344/1356 1370/1348/1360
f 1368/1346/1358 1367/1345/1357 1371/1349/1361
f 1369/1347/1359 1371/1349/1361 1367/1345/1357
f 1368/1346/1358 1371/1349/1361 1372/1350/1362
f 1369/1347/1359 1370/1348/1360 1373/1351/1363
f 1369/1347/1359 1373/1351/1363 1371/1349/1361
f 1373/1351/1363 1370/1348/1360 1374/1352/1364
f 1372/1350/1362 1371/1349/1361 1375/1353/1365
f 1373/1351/1363 1375/1353/1365 1371/1349/1361
f 1372/1350/1362 1375/1353/1365 1376/1354/1366
f 1373/1351/1363 1374/1352/1364 1377/1355/1367
f 1373/1351/1363 1377/1355/1367 1375/1353/1365
f 1377/1355/1367 1374/1352/1364 1378/1356/1368
f 1376/1354/1366 1375/1353/1365 1379/1357/1369
f 1377/1355/1367 1379/1357/1369 1375/1353/1365
f 1376/1354/1366 1379/1357/1369 1380/1358/1370
f 1377/1355/1367 1378/1356/1368 1381/1359/1371
f 1377/1355/1367 1381/1359/1371 1379/1357/1369
f 1381/1359/1371 1378/1356/1368 1382/1360/1372
f 1380/1358/1370 1379/1357/1369 1383/1361/1373
f 1381/1359/1371 1383/1361/1373 1379/1357/1369
f 1380/1358/1370 1383/1361/1373 1384/1362/1374
f 1381/1359/1371 1382/1360/1372 1385/1363/1375
f 1381/1359/1371 1385/1363/1375 1383/1361/1373
f 1385/1363/1375 1382/1360/1372 1386/1364/1376
f 1385/1363/1375 1386/1364/1376 1387/1365/1377
f 1385/1363/1375 1387/1365/1377 1388/1366/1378
f 1385/1363/1375 1388/1366/1378 1383/1361/1373
f 1384/1362/1374 1383/1361/1373 1388/1366/1378
f 1384/1362/1374 1388/1366/1378 1389/1367/1379
f 1390/1368/1380 1391/1369/1381 1392/1370/1382
f 1390/1368/1380 1392/1370/1382 1393/1371/1383
f 1394/1372/1384 1390/1368/1380 1393/1371/1383
f 1394/1372/1384 1393/1371/1383 1395/1373/1385
f 1396/1374/1386 1397/1375/1387 1398/1376/1388
f 1396/1374/1386 1399/1377/1389 1397/1375/1387
f 1399/1377/1389 1400/1378/1390 1397/1375/1387
f 1399/1377/1389 1401/1379/1391 1400/1378/1390
f 1401/1379/1391 1402/1380/1392 1400/1378/1390
f 1401/1379/1391 1403/1381/1393 1402/1380/1392
f 1403/1381/1393 1404/1382/1394 1402/1380/1392
f 1403/1381/1393 1405/1383/1395 1404/1382/1394
f 1405/1383/1395 1406/1384/1396 1404/1382/1394
f 1405/1383/1395 1407/1385/1397 1406/1384/1396
f 1407/1385/1397 1408/1386/1398 1406/1384/1396
f 1407/1385/1397 1409/1387/1399 1408/1386/1398
f 1409/1387/1399 1410/1388/1400 1408/1386/1398
f 1409/1387/1399 1411/1389/1401 1410/1388/1400
f 1411/1389/1401 1412/1390/1402 1410/1388/1400
f 1411/1389/1401 1413/1391/1403 1412/1390/1402
f 1413/1391/1403 1414/1392/1404 1412/1390/1402
f 1413/1391/1403 1415/1393/1405 1414/1392/1404
f 1415/1393/1405 1416/1394/1406 1414/1392/1404
f 1415/1393/1405 1417/1395/1407 1416/1394/1406
f 1417/1395/1407 1418/1396/1408 1416/1394/1406
f 1417/1395/1407 1419/1397/1409 1418/1396/1408
f 1419/1397/1409 1420/1398/1410 1418/1396/1408
f 1419/1397/1409 1421/1399/1411 1420/1398/1410
f 1421/1399/1411 1422/1400/1412 1420/1398/1410
f 1421/1399/1411 1423/1401/1413 1422/1400/1412
f 1424/1402/1414 1425/1403/1415 1426/1404/1416
f 1424/1402/1414 1426/1404/1416 1427/1405/1417
f 1428/1406/1418 1424/1402/1414 1427/1405/1417
f 1428/1406/1418 1427/1405/1417 1429/1407/1419
f 1430/1408/1420 1428/1406/1418 1429/1407/1419
f 1430/1408/1420 1429/1407/1419 1431/1409/1421
f 1432/1410/1422 1430/1408/1420 1431/1409/1421
f 1432/1410/1422 1431/1409/1421 1433/1411/1423
f 1434/1412/1424 1432/1410/1422 1433/1411/1423
f 1434/1412/1424 1433/1411/1423 1435/1413/1425
f 1436/1414/1426 1434/1412/1424 1435/1413/1425
f 1436/1414/1426 1435/1413/1425 1437/1415/1427
f 1438/1416/1428 1439/1417/1429 1440/1418/1430
f 1438/1416/1428 1440/1418/1430 1441/1419/1431
f 1442/1420/1432 1438/1416/1428 1441/1419/1431
f 1442/1420/1432 1441/1419/1431 1443/1421/1433
f 1444/1422/1434 1445/1423/1435 1446/1424/1436
f 1444/1422/1434 1446/1424/1436 1447/1425/1437
f 1448/1426/1438 1449/1427/1439 1450/1428/1440
f 1448/1426/1438 1450/1428/1440 1451/1429/1441
f 1452/1430/1442 1448/1426/1438 1451/1429/1441
f 1452/1430/1442 1451/1429/1441 1453/1431/1443
f 1454/1432/1444 1455/1433/1445 1456/1434/1446
f 1455/1433/1445 1457/1435/1447 1456/1434/1446
f 1458/1436/1448 1456/1434/1446 1457/1435/1447
f 1458/1436/1448 1459/1437/1449 1456/1434/1446
f 1457/1435/1447 1460/1438/1450 1458/1436/1448
f 1457/1435/1447 1461/1439/1451 1460/1438/1450
f 1461/1439/1451 1462/1440/1452 1460/1438/1450
f 1462/1440/1452 1463/1441/1453 1460/1438/1450
f 1460/1438/1450 1464/1442/1454 1458/1436/1448
f 1460/1438/1450 1465/1443/1455 1464/1442/1454
f 1464/1442/1454 1466/1444/1456 1458/1436/1448
f 1467/1445/1457 1468/1446/1458 1469/1447/1459
f 1467/1445/1457 1469/1447/1459 1470/1448/1460
f 1471/1449/1461 1467/1445/1457 1470/1448/1460
f 1470/1448/1460 1472/1450/1462 1471/1449/1461
f 1469/1447/1459 1473/1451/1463 1470/1448/1460
f 1474/1452/1464 1473/1451/1463 1469/1447/1459
f 1475/1453/1465 1474/1452/1464 1469/1447/1459
f 1469/1447/1459 1476/1454/1466 1475/1453/1465
f 1473/1451/1463 1477/1455/1467 1470/1448/1460
f 1473/1451/1463 1478/1456/1468 1477/1455/1467
f 1477/1455/1467 1479/1457/1469 1470/1448/1460
f 1480/1458/1470 1481/1459/1471 1482/1460/1472
f 1480/1458/1470 1483/1461/1473 1481/1459/1471
f 1480/1458/1470 1484/1462/1474 1483/1461/1473
f 1480/1458/1470 1485/1463/1475 1484/1462/1474
f 1486/1464/1476 1487/1465/1477 1488/1466/1478
f 1488/1466/1478 1489/1467/1479 1486/1464/1476
f 1488/1466/1478 1490/1468/1480 1489/1467/1479
f 1488/1466/1478 1491/1469/1481 1490/1468/1480
f 1492/1470/1482 1493/1471/1483 1494/1472/1484
f 1495/1473/1485 1492/1470/1482 1494/1472/1484
f 1495/1473/1485 1496/1474/1486 1492/1470/1482
f 1496/1474/1486 1497/1475/1487 1492/1470/1482
f 1496/1474/1486 1498/1476/1488 1497/1475/1487
f 1499/1477/1489 1497/1475/1487 1498/1476/1488
f 1498/1476/1488 1500/1478/1490 1499/1477/1489
f 1501/1479/1491 1496/1474/1486 1495/1473/1485
f 1502/1480/1492 1499/1477/1489 1500/1478/1490
f 1502/1480/1492 1503/1481/1493 1499/1477/1489
f 1503/1481/1493 1502/1480/1492 1504/1482/1494
f 1500/1478/1490 1505/1483/1495 1502/1480/1492
f 1500/1478/1490 1506/1484/1496 1505/1483/1495
f 1504/1482/1494 1502/1480/1492 1507/1485/1497
f 1504/1482/1494 1507/1485/1497 1508/1486/1498
f 1509/1487/1499 1502/1480/1492 1505/1483/1495
f 1509/1487/1499 1510/1488/1500 1502/1480/1492
f 1504/1482/1494 1511/1489/1501 1503/1481/1493
f 1512/1490/1502 1503/1481/1493 1511/1489/1501
f 1511/1489/1501 1513/1491/1503 1512/1490/1502
f 1512/1490/1502 1513/1491/1503 1514/1492/1504
f 1512/1490/1502 1514/1492/1504 1515/1493/1505
f 1516/1494/1506 1515/1493/1505 1514/1492/1504
f 1514/1492/1504 1517/1495/1507 1516/1494/1506
f 1518/1496/1508 1516/1494/1506 1517/1495/1507
f 1518/1496/1508 1517/1495/1507 1519/1497/1509
f 1520/1498/1510 1518/1496/1508 1519/1497/1509
f 1519/1497/1509 1521/1499/1511 1520/1498/1510
f 1504/1482/1494 1521/1499/1511 1511/1489/1501
f 1522/1500/1512 1520/1498/1510 1521/1499/1511
f 1521/1499/1511 1504/1482/1494 1522/1500/1512
f 1520/1498/1510 1522/1500/1512 1523/1501/1513
f 1524/1502/1514 1522/1500/1512 1504/1482/1494
f 1524/1502/1514 1504/1482/1494 1525/1503/1515
f 1523/1501/1513 1522/1500/1512 1526/1504/1516
f 1526/1504/1516 1527/1505/1517 1523/1501/1513
f 1523/1501/1513 1527/1505/1517 1528/1506/1518
f 1527/1505/1517 1495/1473/1485 1528/1506/1518
f 1527/1505/1517 1529/1507/1519 1495/1473/1485
f 1501/1479/1491 1495/1473/1485 1529/1507/1519
f 1529/1507/1519 1530/1508/1520 1501/1479/1491
f 1531/1509/1521 1501/1479/1491 1530/1508/1520
f 1531/1509/1521 1532/1510/1522 1501/1479/1491
f 1531/1509/1521 1533/1511/1523 1532/1510/1522
f 1506/1484/1496 1532/1510/1522 1533/1511/1523
f 1534/1512/1524 1533/1511/1523 1526/1504/1516
f 1534/1512/1524 1506/1484/1496 1533/1511/1523
f 1534/1512/1524 1526/1504/1516 1522/1500/1512
f 1505/1483/1495 1506/1484/1496 1534/1512/1524
f 1535/1513/1525 1534/1512/1524 1522/1500/1512
f 1535/1513/1525 1522/1500/1512 1536/1514/1526
f 1505/1483/1495 1534/1512/1524 1537/1515/1527
f 1505/1483/1495 1537/1515/1527 1538/1516/1528
f 1539/1517/1529 1540/1518/1530 1541/1519/1531
f 1539/1517/1529 1541/1519/1531 1542/1520/1532
f 1539/1517/1529 1542/1520/1532 1543/1521/1533
f 1543/1521/1533 1544/1522/1534 1539/1517/1529
f 1545/1523/1535 1546/1524/1536 1547/1525/1537
f 1548/1526/1538 1545/1523/1535 1547/1525/1537
f 1548/1526/1538 1549/1527/1539 1545/1523/1535
f 1548/1526/1538 1547/1525/1537 1550/1528/1540
f 1551/1529/1541 1552/1530/1542 1553/1531/1543
f 1553/1531/1543 1554/1532/1544 1551/1529/1541
f 1553/1531/1543 1555/1533/1545 1554/1532/1544
f 1553/1531/1543 1556/1534/1546 1555/1533/1545
f 1557/1535/1547 1558/1536/1548 1559/1537/1549
f 1557/1535/1547 1559/1537/1549 1560/1538/1550
f 1561/1539/1551 1562/1540/1552 1563/1541/1553
f 1561/1539/1551 1563/1541/1553 1564/1542/1554
f 1565/1543/1555 1566/1544/1556 1567/1545/1557
f 1565/1543/1555 1567/1545/1557 1568/1546/1558
f 1569/1547/1559 1570/1548/1560 1571/1549/1561
f 1569/1547/1559 1571/1549/1561 1572/1550/1562
f 1573/1551/1563 1574/1552/1564 1575/1553/1565
f 1573/1551/1563 1575/1553/1565 1576/1554/1566
f 1577/1555/1567 1578/1556/1568 1579/1557/1569
f 1577/1555/1567 1579/1557/1569 1580/1558/1570
f 1581/1559/1571 1582/1560/1572 1583/1561/1573
f 1581/1559/1571 1583/1561/1573 1584/1562/1574
f 1585/1563/1575 1586/1564/1576 1587/1565/1577
f 1585/1563/1575 1587/1565/1577 1588/1566/1578
f 1589/1567/1579 1590/1568/1580 1591/1569/1581
f 1589/1567/1579 1591/1569/1581 1592/1570/1582
f 1593/1571/1583 1594/1572/1584 1595/1573/1585
f 1593/1571/1583 1595/1573/1585 1596/1574/1586
f 1597/1575/1587 1598/1576/1588 1599/1577/1589
f 1599/1577/1589 1600/1578/1590 1597/1575/1587
f 1599/1577/1589 1601/1579/1591 1600/1578/1590
f 1601/1579/1591 1602/1580/1592 1600/1578/1590
f 1601/1579/1591 1603/1581/1593 1602/1580/1592
f 1603/1581/1593 1604/1582/1594 1602/1580/1592
f 1605/1583/1595 1606/1584/1596 1607/1585/1597
f 1606/1584/1596 1608/1586/1598 1607/1585/1597
f 1605/1583/1595 1609/1587/1599 1606/1584/1596
f 1606/1584/1596 1610/1588/1600 1608/1586/1598
f 1611/1589/1601 1609/1587/1599 1605/1583/1595
f 1610/1588/1600 1612/1590/1602 1608/1586/1598
f 1611/1589/1601 1613/1591/1603 1609/1587/1599
f 1610/1588/1600 1614/1592/1604 1612/1590/1602
f 1613/1591/1603 1611/1589/1601 1615/1593/1605
f 1614/1592/1604 1615/1593/1605 1612/1590/1602
f 1613/1591/1603 1615/1593/1605 1616/1594/1606
f 1614/1592/1604 1616/1594/1606 1615/1593/1605
f 1617/1595/1607 1618/1596/1608 1619/1597/1609
f 1620/1598/1610 1617/1595/1607 1619/1597/1609
f 1617/1595/1607 1621/1599/1611 1618/1596/1608
f 1620/1598/1610 1622/1600/1612 1617/1595/1607
f 1621/1599/1611 1623/1601/1613 1618/1596/1608
f 1622/1600/1612 1620/1598/1610 1624/1602/1614
f 1621/1599/1611 1625/1603/1615 1623/1601/1613
f 1622/1600/1612 1624/1602/1614 1626/1604/1616
f 1627/1605/1617 1623/1601/1613 1625/1603/1615
f 1626/1604/1616 1624/1602/1614 1627/1605/1617
f 1627/1605/1617 1625/1603/1615 1628/1606/1618
f 1626/1604/1616 1627/1605/1617 1628/1606/1618
f 1629/1607/1619 1630/1608/1620 1631/1609/1621
f 1629/1607/1619 1632/1610/1622 1630/1608/1620
f 1629/1607/1619 1631/1609/1621 1633/1611/1623
f 1629/1607/1619 1634/1612/1624 1632/1610/1622
f 1635/1613/1625 1633/1611/1623 1631/1609/1621
f 1634/1612/1624 1636/1614/1626 1632/1610/1622
f 1635/1613/1625 1637/1615/1627 1633/1611/1623
f 1634/1612/1624 1638/1616/1628 1636/1614/1626
f 1635/1613/1625 1639/1617/1629 1637/1615/1627
f 1638/1616/1628 1639/1617/1629 1636/1614/1626
f 1639/1617/1629 1640/1618/1630 1637/1615/1627
f 1638/1616/1628 1640/1618/1630 1639/1617/1629
f 1641/1619/1631 1642/1620/1632 1643/1621/1633
f 1644/1622/1634 1642/1620/1632 1641/1619/1631
f 1641/1619/1631 1643/1621/1633 1645/1623/1635
f 1644/1622/1634 1641/1619/1631 1646/1624/1636
f 1644/1622/1634 1646/1624/1636 1647/1625/1637
f 1644/1622/1634 1647/1625/1637 1648/1626/1638
f 1649/1627/1639 1645/1623/1635 1643/1621/1633
f 1649/1627/1639 1650/1628/1640 1645/1623/1635
f 1651/1629/1641 1648/1626/1638 1647/1625/1637
f 1649/1627/1639 1651/1629/1641 1650/1628/1640
f 1651/1629/1641 1652/1630/1642 1648/1626/1638
f 1649/1627/1639 1652/1630/1642 1651/1629/1641
f 1653/1631/1643 1654/1632/1644 1655/1633/1645
f 1655/1633/1645 1654/1632/1644 1656/1634/1646
f 1653/1631/1643 1655/1633/1645 1657/1635/1647
f 1655/1633/1645 1656/1634/1646 1658/1636/1648
f 1659/1637/1649 1653/1631/1643 1657/1635/1647
f 1660/1638/1650 1658/1636/1648 1656/1634/1646
f 1659/1637/1649 1657/1635/1647 1661/1639/1651
f 1660/1638/1650 1662/1640/1652 1658/1636/1648
f 1663/1641/1653 1659/1637/1649 1661/1639/1651
f 1663/1641/1653 1662/1640/1652 1660/1638/1650
f 1663/1641/1653 1661/1639/1651 1664/1642/1654
f 1663/1641/1653 1664/1642/1654 1662/1640/1652
f 1665/1643/1655 1666/1644/1656 1667/1645/1657
f 1665/1643/1655 1667/1645/1657 1668/1646/1658
f 1666/1644/1656 1669/1647/1659 1667/1645/1657
f 1670/1648/1660 1665/1643/1655 1668/1646/1658
f 1666/1644/1656 1671/1649/1661 1669/1647/1659
f 1670/1648/1660 1668/1646/1658 1672/1650/1662
f 1671/1649/1661 1673/1651/1663 1669/1647/1659
f 1674/1652/1664 1670/1648/1660 1672/1650/1662
f 1671/1649/1661 1675/1653/1665 1673/1651/1663
f 1674/1652/1664 1672/1650/1662 1676/1654/1666
f 1675/1653/1665 1677/1655/1667 1673/1651/1663
f 1678/1656/1668 1674/1652/1664 1676/1654/1666
f 1675/1653/1665 1679/1657/1669 1677/1655/1667
f 1678/1656/1668 1676/1654/1666 1680/1658/1670
f 1679/1657/1669 1681/1659/1671 1677/1655/1667
f 1682/1660/1672 1678/1656/1668 1680/1658/1670
f 1679/1657/1669 1683/1661/1673 1681/1659/1671
f 1682/1660/1672 1680/1658/1670 1684/1662/1674
f 1683/1661/1673 1685/1663/1675 1681/1659/1671
f 1686/1664/1676 1682/1660/1672 1684/1662/1674
f 1683/1661/1673 1687/1665/1677 1685/1663/1675
f 1686/1664/1676 1684/1662/1674 1688/1666/1678
f 1687/1665/1677 1689/1667/1679 1685/1663/1675
f 1690/1668/1680 1686/1664/1676 1688/1666/1678
f 1687/1665/1677 1690/1668/1680 1689/1667/1679
f 1690/1668/1680 1688/1666/1678 1689/1667/1679
f 1691/1669/1681 1692/1670/1682 1693/1671/1683
f 1691/1669/1681 1693/1671/1683 1694/1672/1684
f 1692/1670/1682 1695/1673/1685 1693/1671/1683
f 1696/1674/1686 1691/1669/1681 1694/1672/1684
f 1692/1670/1682 1697/1675/1687 1695/1673/1685
f 1696/1674/1686 1694/1672/1684 1698/1676/1688
f 1697/1675/1687 1699/1677/1689 1695/1673/1685
f 1700/1678/1690 1696/1674/1686 1698/1676/1688
f 1697/1675/1687 1701/1679/1691 1699/1677/1689
f 1700/1678/1690 1698/1676/1688 1702/1680/1692
f 1701/1679/1691 1703/1681/1693 1699/1677/1689
f 1704/1682/1694 1700/1678/1690 1702/1680/1692
f 1701/1679/1691 1705/1683/1695 1703/1681/1693
f 1704/1682/1694 1702/1680/1692 1706/1684/1696
f 1705/1683/1695 1707/1685/1697 1703/1681/1693
f 1708/1686/1698 1704/1682/1694 1706/1684/1696
f 1705/1683/1695 1709/1687/1699 1707/1685/1697
f 1708/1686/1698 1706/1684/1696 1710/1688/1700
f 1709/1687/1699 1711/1689/1701 1707/1685/1697
f 1712/1690/1702 1708/1686/1698 1710/1688/1700
f 1709/1687/1699 1713/1691/1703 1711/1689/1701
f 1712/1690/1702 1710/1688/1700 1714/1692/1704
f 1713/1691/1703 1715/1693/1705 1711/1689/1701
f 1716/1694/1706 1712/1690/1702 1714/1692/1704
f 1713/1691/1703 1716/1694/1706 1715/1693/1705
f 1716/1694/1706 1714/1692/1704 1715/1693/1705
f 1717/1695/1707 1718/1696/1708 1719/1697/1709
f 1720/1698/1710 1718/1696/1708 1717/1695/1707
f 1717/1695/1707 1719/1697/1709 1721/1699/1711
f 1720/1698/1710 1722/1700/1712 1718/1696/1708
f 1721/1699/1711 1719/1697/1709 1723/1701/1713
f 1724/1702/1714 1722/1700/1712 1720/1698/1710
f 1721/1699/1711 1723/1701/1713 1725/1703/1715
f 1724/1702/1714 1726/1704/1716 1722/1700/1712
f 1725/1703/1715 1723/1701/1713 1727/1705/1717
f 1728/1706/1718 1726/1704/1716 1724/1702/1714
f 1725/1703/1715 1727/1705/1717 1729/1707/1719
f 1728/1706/1718 1730/1708/1720 1726/1704/1716
f 1729/1707/1719 1727/1705/1717 1731/1709/1721
f 1732/1710/1722 1730/1708/1720 1728/1706/1718
f 1729/1707/1719 1731/1709/1721 1732/1710/1722
f 1732/1710/1722 1731/1709/1721 1730/1708/1720
f 1735/1713/1725 1734/1712/1724 1733/1711/1723
f 1736/1714/1726 1735/1713/1725 1733/1711/1723
f 1736/1714/1726 1733/1711/1723 1737/1715/1727
f 1738/1716/1728 1735/1713/1725 1736/1714/1726
f 1739/1717/1729 1736/1714/1726 1737/1715/1727
f 1739/1717/1729 1737/1715/1727 1740/1718/1730
f 1741/1719/1731 1739/1717/1729 1740/1718/1730
f 1742/1720/1732 1739/1717/1729 1741/1719/1731
f 1739/1717/1729 1742/1720/1732 1736/1714/1726
f 1743/1721/1733 1742/1720/1732 1741/1719/1731
f 1744/1722/1734 1738/1716/1728 1736/1714/1726
f 1742/1720/1732 1744/1722/1734 1736/1714/1726
f 1745/1723/1735 1738/1716/1728 1744/1722/1734
f 1746/1724/1736 1742/1720/1732 1743/1721/1733
f 1742/1720/1732 1746/1724/1736 1744/1722/1734
f 1747/1725/1737 1746/1724/1736 1743/1721/1733
f 1748/1726/1738 1745/1723/1735 1744/1722/1734
f 1746/1724/1736 1748/1726/1738 1744/1722/1734
f 1749/1727/1739 1745/1723/1735 1748/1726/1738
f 1750/1728/1740 1746/1724/1736 1747/1725/1737
f 1746/1724/1736 1750/1728/1740 1748/1726/1738
f 1751/1729/1741 1750/1728/1740 1747/1725/1737
f 1752/1730/1742 1749/1727/1739 1748/1726/1738
f 1750/1728/1740 1752/1730/1742 1748/1726/1738
f 1753/1731/1743 1749/1727/1739 1752/1730/1742
f 1754/1732/1744 1750/1728/1740 1751/1729/1741
f 1750/1728/1740 1754/1732/1744 1752/1730/1742
f 1755/1733/1745 1754/1732/1744 1751/1729/1741
f 1756/1734/1746 1753/1731/1743 1752/1730/1742
f 1754/1732/1744 1756/1734/1746 1752/1730/1742
f 1757/1735/1747 1753/1731/1743 1756/1734/1746
f 1758/1736/1748 1754/1732/1744 1755/1733/1745
f 1754/1732/1744 1758/1736/1748 1756/1734/1746
f 1759/1737/1749 1758/1736/1748 1755/1733/1745
f 1760/1738/1750 1757/1735/1747 1756/1734/1746
f 1758/1736/1748 1760/1738/1750 1756/1734/1746
f 1761/1739/1751 1757/1735/1747 1760/1738/1750
f 1762/1740/1752 1758/1736/1748 1759/1737/1749
f 1758/1736/1748 1762/1740/1752 1760/1738/1750
f 1763/1741/1753 1762/1740/1752 1759/1737/1749
f 1764/1742/1754 1761/1739/1751 1760/1738/1750
f 1762/1740/1752 1764/1742/1754 1760/1738/1750
f 1765/1743/1755 1761/1739/1751 1764/1742/1754
f 1766/1744/1756 1762/1740/1752 1763/1741/1753
f 1762/1740/1752 1766/1744/1756 1764/1742/1754
f 1767/1745/1757 1766/1744/1756 1763/1741/1753
f 1768/1746/1758 1765/1743/1755 1764/1742/1754
f 1766/1744/1756 1768/1746/1758 1764/1742/1754
f 1769/1747/1759 1765/1743/1755 1768/1746/1758
f 1770/1748/1760 1766/1744/1756 1767/1745/1757
f 1766/1744/1756 1770/1748/1760 1768/1746/1758
f 1771/1749/1761 1770/1748/1760 1767/1745/1757
f 1772/1750/1762 1769/1747/1759 1768/1746/1758
f 1770/1748/1760 1772/1750/1762 1768/1746/1758
f 1773/1751/1763 1769/1747/1759 1772/1750/1762
f 1774/1752/1764 1770/1748/1760 1771/1749/1761
f 1770/1748/1760 1774/1752/1764 1772/1750/1762
f 1775/1753/1765 1774/1752/1764 1771/1749/1761
f 1776/1754/1766 1773/1751/1763 1772/1750/1762
f 1774/1752/1764 1776/1754/1766 1772/1750/1762
f 1777/1755/1767 1773/1751/1763 1776/1754/1766
f 1778/1756/1768 1774/1752/1764 1775/1753/1765
f 1774/1752/1764 1778/1756/1768 1776/1754/1766
f 1779/1757/1769 1778/1756/1768 1775/1753/1765
f 1780/1758/1770 1777/1755/1767 1776/1754/1766
f 1778/1756/1768 1780/1758/1770 1776/1754/1766
f 1781/1759/1771 1777/1755/1767 1780/1758/1770
f 1782/1760/1772 1778/1756/1768 1779/1757/1769
f 1778/1756/1768 1782/1760/1772 1780/1758/1770
f 1783/1761/1773 1782/1760/1772 1779/1757/1769
f 1784/1762/1774 1781/1759/1771 1780/1758/1770
f 1782/1760/1772 1784/1762/1774 1780/1758/1770
f 1785/1763/1775 1781/1759/1771 1784/1762/1774
f 1786/1764/1776 1785/1763/1775 1784/1762/1774
f 1787/1765/1777 1786/1764/1776 1784/1762/1774
f 1782/1760/1772 1787/1765/1777 1784/1762/1774
f 1787/1765/1777 1782/1760/1772 1783/1761/1773
f 1788/1766/1778 1787/1765/1777 1783/1761/1773
f 1791/1769/1781 1790/1768/1780 1789/1767/1779
f 1792/1770/1782 1791/1769/1781 1789/1767/1779
f 1792/1770/1782 1789/1767/1779 1793/1771/1783
f 1794/1772/1784 1792/1770/1782 1793/1771/1783
f 1797/1775/1787 1796/1774/1786 1795/1773/1785
f 1796/1774/1786 1798/1776/1788 1795/1773/1785
f 1796/1774/1786 1799/1777/1789 1798/1776/1788
f 1799/1777/1789 1800/1778/1790 1798/1776/1788
f 1799/1777/1789 1801/1779/1791 1800/1778/1790
f 1801/1779/1791 1802/1780/1792 1800/1778/1790
f 1801/1779/1791 1803/1781/1793 1802/1780/1792
f 1803/1781/1793 1804/1782/1794 1802/1780/1792
f 1803/1781/1793 1805/1783/1795 1804/1782/1794
f 1805/1783/1795 1806/1784/1796 1804/1782/1794
f 1805/1783/1795 1807/1785/1797 1806/1784/1796
f 1807/1785/1797 1808/1786/1798 1806/1784/1796
f 1807/1785/1797 1809/1787/1799 1808/1786/1798
f 1809/1787/1799 1810/1788/1800 1808/1786/1798
f 1809/1787/1799 1811/1789/1801 1810/1788/1800
f 1811/1789/1801 1812/1790/1802 1810/1788/1800
f 1811/1789/1801 1813/1791/1803 1812/1790/1802
f 1813/1791/1803 1814/1792/1804 1812/1790/1802
f 1813/1791/1803 1815/1793/1805 1814/1792/1804
f 1815/1793/1805 1816/1794/1806 1814/1792/1804
f 1815/1793/1805 1817/1795/1807 1816/1794/1806
f 1817/1795/1807 1818/1796/1808 1816/1794/1806
f 1817/1795/1807 1819/1797/1809 1818/1796/1808
f 1819/1797/1809 1820/1798/1810 1818/1796/1808
f 1819/1797/1809 1821/1799/1811 1820/1798/1810
f 1821/1799/1811 1822/1800/1812 1820/1798/1810
f 1825/1803/1815 1824/1802/1814 1823/1801/1813
f 1826/1804/1816 1825/1803/1815 1823/1801/1813
f 1826/1804/1816 1823/1801/1813 1827/1805/1817
f 1828/1806/1818 1826/1804/1816 1827/1805/1817
f 1828/1806/1818 1827/1805/1817 1829/1807/1819
f 1830/1808/1820 1828/1806/1818 1829/1807/1819
f 1830/1808/1820 1829/1807/1819 1831/1809/1821
f 1832/1810/1822 1830/1808/1820 1831/1809/1821
f 1832/1810/1822 1831/1809/1821 1833/1811/1823
f 1834/1812/1824 1832/1810/1822 1833/1811/1823
f 1834/1812/1824 1833/1811/1823 1835/1813/1825
f 1836/1814/1826 1834/1812/1824 1835/1813/1825
f 1839/1817/1829 1838/1816/1828 1837/1815/1827
f 1840/1818/1830 1839/1817/1829 1837/1815/1827
f 1840/1818/1830 1837/1815/1827 1841/1819/1831
f 1842/1820/1832 1840/1818/1830 1841/1819/1831
f 1845/1823/1835 1844/1822/1834 1843/1821/1833
f 1846/1824/1836 1845/1823/1835 1843/1821/1833
f 1849/1827/1839 1848/1826/1838 1847/1825/1837
f 1850/1828/1840 1849/1827/1839 1847/1825/1837
f 1850/1828/1840 1847/1825/1837 1851/1829/1841
f 1852/1830/1842 1850/1828/1840 1851/1829/1841
f 1855/1833/1845 1854/1832/1844 1853/1831/1843
f 1855/1833/1845 1856/1834/1846 1854/1832/1844
f 1856/1834/1846 1855/1833/1845 1857/1835/1847
f 1855/1833/1845 1858/1836/1848 1857/1835/1847
f 1857/1835/1847 1859/1837/1849 1856/1834/1846
f 1859/1837/1849 1860/1838/1850 1856/1834/1846
f 1859/1837/1849 1861/1839/1851 1860/1838/1850
f 1859/1837/1849 1862/1840/1852 1861/1839/1851
f 1857/1835/1847 1863/1841/1853 1859/1837/1849
f 1863/1841/1853 1864/1842/1854 1859/1837/1849
f 1857/1835/1847 1865/1843/1855 1863/1841/1853
f 1868/1846/1858 1867/1845/1857 1866/1844/1856
f 1869/1847/1859 1868/1846/1858 1866/1844/1856
f 1869/1847/1859 1866/1844/1856 1870/1848/1860
f 1870/1848/1860 1871/1849/1861 1869/1847/1859
f 1869/1847/1859 1872/1850/1862 1868/1846/1858
f 1868/1846/1858 1872/1850/1862 1873/1851/1863
f 1868/1846/1858 1873/1851/1863 1874/1852/1864
f 1874/1852/1864 1875/1853/1865 1868/1846/1858
f 1869/1847/1859 1876/1854/1866 1872/1850/1862
f 1876/1854/1866 1877/1855/1867 1872/1850/1862
f 1869/1847/1859 1878/1856/1868 1876/1854/1866
f 1881/1859/1871 1880/1858/1870 1879/1857/1869
f 1880/1858/1870 1882/1860/1872 1879/1857/1869
f 1882/1860/1872 1883/1861/1873 1879/1857/1869
f 1883/1861/1873 1884/1862/1874 1879/1857/1869
f 1887/1865/1877 1886/1864/1876 1885/1863/1875
f 1885/1863/1875 1888/1866/1878 1887/1865/1877
f 1888/1866/1878 1889/1867/1879 1887/1865/1877
f 1889/1867/1879 1890/1868/1880 1887/1865/1877
f 1893/1871/1883 1892/1870/1882 1891/1869/1881
f 1893/1871/1883 1891/1869/1881 1894/1872/1884
f 1891/1869/1881 1895/1873/1885 1894/1872/1884
f 1891/1869/1881 1896/1874/1886 1895/1873/1885
f 1896/1874/1886 1897/1875/1887 1895/1873/1885
f 1897/1875/1887 1896/1874/1886 1898/1876/1888
f 1898/1876/1888 1899/1877/1889 1897/1875/1887
f 1894/1872/1884 1895/1873/1885 1900/1878/1890
f 1899/1877/1889 1898/1876/1888 1901/1879/1891
f 1898/1876/1888 1902/1880/1892 1901/1879/1891
f 1903/1881/1893 1901/1879/1891 1902/1880/1892
f 1901/1879/1891 1904/1882/1894 1899/1877/1889
f 1904/1882/1894 1905/1883/1895 1899/1877/1889
f 1906/1884/1896 1901/1879/1891 1903/1881/1893
f 1907/1885/1897 1906/1884/1896 1903/1881/1893
f 1904/1882/1894 1901/1879/1891 1908/1886/1898
f 1901/1879/1891 1909/1887/1899 1908/1886/1898
f 1902/1880/1892 1910/1888/1900 1903/1881/1893
f 1910/1888/1900 1902/1880/1892 1911/1889/1901
f 1911/1889/1901 1912/1890/1902 1910/1888/1900
f 1913/1891/1903 1912/1890/1902 1911/1889/1901
f 1914/1892/1904 1913/1891/1903 1911/1889/1901
f 1913/1891/1903 1914/1892/1904 1915/1893/1905
f 1915/1893/1905 1916/1894/1906 1913/1891/1903
f 1916/1894/1906 1915/1893/1905 1917/1895/1907
f 1918/1896/1908 1916/1894/1906 1917/1895/1907
f 1918/1896/1908 1917/1895/1907 1919/1897/1909
f 1919/1897/1909 1920/1898/1910 1918/1896/1908
f 1910/1888/1900 1920/1898/1910 1903/1881/1893
f 1920/1898/1910 1919/1897/1909 1921/1899/1911
f 1921/1899/1911 1903/1881/1893 1920/1898/1910
f 1922/1900/1912 1921/1899/1911 1919/1897/1909
f 1903/1881/1893 1921/1899/1911 1923/1901/1913
f 1924/1902/1914 1903/1881/1893 1923/1901/1913
f 1925/1903/1915 1921/1899/1911 1922/1900/1912
f 1922/1900/1912 1926/1904/1916 1925/1903/1915
f 1927/1905/1917 1926/1904/1916 1922/1900/1912
f 1927/1905/1917 1894/1872/1884 1926/1904/1916
f 1894/1872/1884 1928/1906/1918 1926/1904/1916
f 1928/1906/1918 1894/1872/1884 1900/1878/1890
f 1900/1878/1890 1929/1907/1919 1928/1906/1918
f 1929/1907/1919 1900/1878/1890 1930/1908/1920
f 1900/1878/1890 1931/1909/1921 1930/1908/1920
f 1931/1909/1921 1932/1910/1922 1930/1908/1920
f 1932/1910/1922 1931/1909/1921 1905/1883/1895
f 1925/1903/1915 1932/1910/1922 1933/1911/1923
f 1932/1910/1922 1905/1883/1895 1933/1911/1923
f 1921/1899/1911 1925/1903/1915 1933/1911/1923
f 1933/1911/1923 1905/1883/1895 1904/1882/1894
f 1921/1899/1911 1933/1911/1923 1934/1912/1924
f 1935/1913/1925 1921/1899/1911 1934/1912/1924
f 1936/1914/1926 1933/1911/1923 1904/1882/1894
f 1937/1915/1927 1936/1914/1926 1904/1882/1894
f 1940/1918/1930 1939/1917/1929 1938/1916/1928
f 1941/1919/1931 1940/1918/1930 1938/1916/1928
f 1942/1920/1932 1941/1919/1931 1938/1916/1928
f 1938/1916/1928 1943/1921/1933 1942/1920/1932
f 1946/1924/1936 1945/1923/1935 1944/1922/1934
f 1946/1924/1936 1944/1922/1934 1947/1925/1937
f 1944/1922/1934 1948/1926/1938 1947/1925/1937
f 1949/1927/1939 1946/1924/1936 1947/1925/1937
f 1952/1930/1942 1951/1929/1941 1950/1928/1940
f 1950/1928/1940 1953/1931/1943 1952/1930/1942
f 1953/1931/1943 1954/1932/1944 1952/1930/1942
f 1954/1932/1944 1955/1933/1945 1952/1930/1942
f 1958/1936/1948 1957/1935/1947 1956/1934/1946
f 1959/1937/1949 1958/1936/1948 1956/1934/1946
f 1962/1940/1952 1961/1939/1951 1960/1938/1950
f 1963/1941/1953 1962/1940/1952 1960/1938/1950
f 1966/1944/1956 1965/1943/1955 1964/1942/1954
f 1967/1945/1957 1966/1944/1956 1964/1942/1954
f 1970/1948/1960 1969/1947/1959 1968/1946/1958
f 1971/1949/1961 1970/1948/1960 1968/1946/1958
f 1974/1952/1964 1973/1951/1963 1972/1950/1962
f 1975/1953/1965 1974/1952/1964 1972/1950/1962
f 1978/1956/1968 1977/1955/1967 1976/1954/1966
f 1979/1957/1969 1978/1956/1968 1976/1954/1966
f 1982/1960/1972 1981/1959/1971 1980/1958/1970
f 1983/1961/1973 1982/1960/1972 1980/1958/1970
f 1986/1964/1976 1985/1963/1975 1984/1962/1974
f 1987/1965/1977 1986/1964/1976 1984/1962/1974
f 1990/1968/1980 1989/1967/1979 1988/1966/1978
f 1991/1969/1981 1990/1968/1980 1988/1966/1978
f 1994/1972/1984 1993/1971/1983 1992/1970/1982
f 1995/1973/1985 1994/1972/1984 1992/1970/1982
f 1998/1976/1988 1997/1975/1987 1996/1974/1986
f 1996/1974/1986 1999/1977/1989 1998/1976/1988
f 1999/1977/1989 2000/1978/1990 1998/1976/1988
f 1999/1977/1989 2001/1979/1991 2000/1978/1990
f 2001/1979/1991 2002/1980/1992 2000/1978/1990
f 2001/1979/1991 2003/1981/1993 2002/1980/1992
f 2006/1984/1996 2005/1983/1995 2004/1982/1994
f 2006/1984/1996 2007/1985/1997 2005/1983/1995
f 2005/1983/1995 2008/1986/1998 2004/1982/1994
f 2007/1985/1997 2009/1987/1999 2005/1983/1995
f 2004/1982/1994 2008/1986/1998 2010/1988/2000
f 2007/1985/1997 2011/1989/2001 2009/1987/1999
f 2008/1986/1998 2012/1990/2002 2010/1988/2000
f 2011/1989/2001 2013/1991/2003 2009/1987/1999
f 2014/1992/2004 2010/1988/2000 2012/1990/2002
f 2011/1989/2001 2014/1992/2004 2013/1991/2003
f 2015/1993/2005 2014/1992/2004 2012/1990/2002
f 2014/1992/2004 2015/1993/2005 2013/1991/2003
f 2018/1996/2008 2017/1995/2007 2016/1994/2006
f 2018/1996/2008 2016/1994/2006 2019/1997/2009
f 2017/1995/2007 2020/1998/2010 2016/1994/2006
f 2016/1994/2006 2021/1999/2011 2019/1997/2009
f 2017/1995/2007 2022/2000/2012 2020/1998/2010
f 2023/2001/2013 2019/1997/2009 2021/1999/2011
f 2022/2000/2012 2024/2002/2014 2020/1998/2010
f 2025/2003/2015 2023/2001/2013 2021/1999/2011
f 2024/2002/2014 2022/2000/2012 2026/2004/2016
f 2026/2004/2016 2023/2001/2013 2025/2003/2015
f 2027/2005/2017 2024/2002/2014 2026/2004/2016
f 2027/2005/2017 2026/2004/2016 2025/2003/2015
f 2030/2008/2020 2029/2007/2019 2028/2006/2018
f 2029/2007/2019 2031/2009/2021 2028/2006/2018
f 2032/2010/2022 2030/2008/2020 2028/2006/2018
f 2031/2009/2021 2033/2011/2023 2028/2006/2018
f 2030/2008/2020 2032/2010/2022 2034/2012/2024
f 2031/2009/2021 2035/2013/2025 2033/2011/2023
f 2032/2010/2022 2036/2014/2026 2034/2012/2024
f 2035/2013/2025 2037/2015/2027 2033/2011/2023
f 2036/2014/2026 2038/2016/2028 2034/2012/2024
f 2035/2013/2025 2038/2016/2028 2037/2015/2027
f 2036/2014/2026 2039/2017/2029 2038/2016/2028
f 2038/2016/2028 2039/2017/2029 2037/2015/2027
f 2042/2020/2032 2041/2019/2031 2040/2018/2030
f 2040/2018/2030 2041/2019/2031 2043/2021/2033
f 2044/2022/2034 2042/2020/2032 2040/2018/2030
f 2045/2023/2035 2040/2018/2030 2043/2021/2033
f 2046/2024/2036 2045/2023/2035 2043/2021/2033
f 2047/2025/2037 2046/2024/2036 2043/2021/2033
f 2042/2020/2032 2044/2022/2034 2048/2026/2038
f 2044/2022/2034 2049/2027/2039 2048/2026/2038
f 2046/2024/2036 2047/2025/2037 2050/2028/2040
f 2049/2027/2039 2050/2028/2040 2048/2026/2038
f 2047/2025/2037 2051/2029/2041 2050/2028/2040
f 2050/2028/2040 2051/2029/2041 2048/2026/2038
f 2054/2032/2044 2053/2031/2043 2052/2030/2042
f 2055/2033/2045 2053/2031/2043 2054/2032/2044
f 2056/2034/2046 2054/2032/2044 2052/2030/2042
f 2057/2035/2047 2055/2033/2045 2054/2032/2044
f 2056/2034/2046 2052/2030/2042 2058/2036/2048
f 2055/2033/2045 2057/2035/2047 2059/2037/2049
f 2060/2038/2050 2056/2034/2046 2058/2036/2048
f 2057/2035/2047 2061/2039/2051 2059/2037/2049
f 2060/2038/2050 2058/2036/2048 2062/2040/2052
f 2059/2037/2049 2061/2039/2051 2062/2040/2052
f 2063/2041/2053 2060/2038/2050 2062/2040/2052
f 2061/2039/2051 2063/2041/2053 2062/2040/2052
f 2066/2044/2056 2065/2043/2055 2064/2042/2054
f 2067/2045/2057 2066/2044/2056 2064/2042/2054
f 2066/2044/2056 2068/2046/2058 2065/2043/2055
f 2067/2045/2057 2064/2042/2054 2069/2047/2059
f 2068/2046/2058 2070/2048/2060 2065/2043/2055
f 2071/2049/2061 2067/2045/2057 2069/2047/2059
f 2068/2046/2058 2072/2050/2062 2070/2048/2060
f 2071/2049/2061 2069/2047/2059 2073/2051/2063
f 2072/2050/2062 2074/2052/2064 2070/2048/2060
f 2075/2053/2065 2071/2049/2061 2073/2051/2063
f 2072/2050/2062 2076/2054/2066 2074/2052/2064
f 2075/2053/2065 2073/2051/2063 2077/2055/2067
f 2076/2054/2066 2078/2056/2068 2074/2052/2064
f 2079/2057/2069 2075/2053/2065 2077/2055/2067
f 2076/2054/2066 2080/2058/2070 2078/2056/2068
f 2079/2057/2069 2077/2055/2067 2081/2059/2071
f 2080/2058/2070 2082/2060/2072 2078/2056/2068
f 2083/2061/2073 2079/2057/2069 2081/2059/2071
f 2080/2058/2070 2084/2062/2074 2082/2060/2072
f 2083/2061/2073 2081/2059/2071 2085/2063/2075
f 2084/2062/2074 2086/2064/2076 2082/2060/2072
f 2087/2065/2077 2083/2061/2073 2085/2063/2075
f 2084/2062/2074 2088/2066/2078 2086/2064/2076
f 2087/2065/2077 2085/2063/2075 2089/2067/2079
f 2088/2066/2078 2089/2067/2079 2086/2064/2076
f 2088/2066/2078 2087/2065/2077 2089/2067/2079
f 2092/2070/2082 2091/2069/2081 2090/2068/2080
f 2093/2071/2083 2092/2070/2082 2090/2068/2080
f 2092/2070/2082 2094/2072/2084 2091/2069/2081
f 2093/2071/2083 2090/2068/2080 2095/2073/2085
f 2094/2072/2084 2096/2074/2086 2091/2069/2081
f 2097/2075/2087 2093/2071/2083 2095/2073/2085
f 2094/2072/2084 2098/2076/2088 2096/2074/2086
f 2097/2075/2087 2095/2073/2085 2099/2077/2089
f 2098/2076/2088 2100/2078/2090 2096/2074/2086
f 2101/2079/2091 2097/2075/2087 2099/2077/2089
f 2098/2076/2088 2102/2080/2092 2100/2078/2090
f 2101/2079/2091 2099/2077/2089 2103/2081/2093
f 2102/2080/2092 2104/2082/2094 2100/2078/2090
f 2105/2083/2095 2101/2079/2091 2103/2081/2093
f 2102/2080/2092 2106/2084/2096 2104/2082/2094
f 2105/2083/2095 2103/2081/2093 2107/2085/2097
f 2106/2084/2096 2108/2086/2098 2104/2082/2094
f 2109/2087/2099 2105/2083/2095 2107/2085/2097
f 2106/2084/2096 2110/2088/2100 2108/2086/2098
f 2109/2087/2099 2107/2085/2097 2111/2089/2101
f 2110/2088/2100 2112/2090/2102 2108/2086/2098
f 2113/2091/2103 2109/2087/2099 2111/2089/2101
f 2110/2088/2100 2114/2092/2104 2112/2090/2102
f 2113/2091/2103 2111/2089/2101 2115/2093/2105
f 2114/2092/2104 2115/2093/2105 2112/2090/2102
f 2114/2092/2104 2113/2091/2103 2115/2093/2105
f 2118/2096/2108 2117/2095/2107 2116/2094/2106
f 2116/2094/2106 2117/2095/2107 2119/2097/2109
f 2120/2098/2110 2118/2096/2108 2116/2094/2106
f 2117/2095/2107 2121/2099/2111 2119/2097/2109
f 2122/2100/2112 2118/2096/2108 2120/2098/2110
f 2119/2097/2109 2121/2099/2111 2123/2101/2113
f 2124/2102/2114 2122/2100/2112 2120/2098/2110
f 2121/2099/2111 2125/2103/2115 2123/2101/2113
f 2126/2104/2116 2122/2100/2112 2124/2102/2114
f 2123/2101/2113 2125/2103/2115 2127/2105/2117
f 2128/2106/2118 2126/2104/2116 2124/2102/2114
f 2125/2103/2115 2129/2107/2119 2127/2105/2117
f 2130/2108/2120 2126/2104/2116 2128/2106/2118
f 2127/2105/2117 2129/2107/2119 2131/2109/2121
f 2131/2109/2121 2130/2108/2120 2128/2106/2118
f 2129/2107/2119 2130/2108/2120 2131/2109/2121
f 2132/2110/2122 2133/2111/2123 2134/2112/2124
f 2132/2110/2122 2134/2112/2124 2135/2113/2125
f 2136/2114/2126 2132/2110/2122 2135/2113/2125
f 2135/2113/2125 2134/2112/2124 2137/2115/2127
f 2136/2114/2126 2135/2113/2125 2138/2116/2128
f 2139/2117/2129 2136/2114/2126 2138/2116/2128
f 2139/2117/2129 2138/2116/2128 2140/2118/2130
f 2140/2118/2130 2138/2116/2128 2141/2119/2131
f 2135/2113/2125 2141/2119/2131 2138/2116/2128
f 2140/2118/2130 2141/2119/2131 2142/2120/2132
f 2135/2113/2125 2137/2115/2127 2143/2121/2133
f 2135/2113/2125 2143/2121/2133 2141/2119/2131
f 2143/2121/2133 2137/2115/2127 2144/2122/2134
f 2142/2120/2132 2141/2119/2131 2145/2123/2135
f 2143/2121/2133 2145/2123/2135 2141/2119/2131
f 2142/2120/2132 2145/2123/2135 2146/2124/2136
f 2143/2121/2133 2144/2122/2134 2147/2125/2137
f 2143/2121/2133 2147/2125/2137 2145/2123/2135
f 2147/2125/2137 2144/2122/2134 2148/2126/2138
f 2146/2124/2136 2145/2123/2135 2149/2127/2139
f 2147/2125/2137 2149/2127/2139 2145/2123/2135
f 2146/2124/2136 2149/2127/2139 2150/2128/2140
f 2147/2125/2137 2148/2126/2138 2151/2129/2141
f 2147/2125/2137 2151/2129/2141 2149/2127/2139
f 2151/2129/2141 2148/2126/2138 2152/2130/2142
f 2150/2128/2140 2149/2127/2139 2153/2131/2143
f 2151/2129/2141 2153/2131/2143 2149/2127/2139
f 2150/2128/2140 2153/2131/2143 2154/2132/2144
f 2151/2129/2141 2152/2130/2142 2155/2133/2145
f 2151/2129/2141 2155/2133/2145 2153/2131/2143
f 2155/2133/2145 2152/2130/2142 2156/2134/2146
f 2154/2132/2144 2153/2131/2143 2157/2135/2147
f 2155/2133/2145 2157/2135/2147 2153/2131/2143
f 2154/2132/2144 2157/2135/2147 2158/2136/2148
f 2155/2133/2145 2156/2134/2146 2159/2137/2149
f 2155/2133/2145 2159/2137/2149 2157/2135/2147
f 2159/2137/2149 2156/2134/2146 2160/2138/2150
f 2158/2136/2148 2157/2135/2147 2161/2139/2151
f 2159/2137/2149 2161/2139/2151 2157/2135/2147
f 2158/2136/2148 2161/2139/2151 2162/2140/2152
f 2159/2137/2149 2160/2138/2150 2163/2141/2153
f 2159/2137/2149 2163/2141/2153 2161/2139/2151
f 2163/2141/2153 2160/2138/2150 2164/2142/2154
f 2162/2140/2152 2161/2139/2151 2165/2143/2155
f 2163/2141/2153 2165/2143/2155 2161/2139/2151
f 2162/2140/2152 2165/2143/2155 2166/2144/2156
f 2163/2141/2153 2164/2142/2154 2167/2145/2157
f 2163/2141/2153 2167/2145/2157 2165/2143/2155
f 2167/2145/2157 2164/2142/2154 2168/2146/2158
f 2166/2144/2156 2165/2143/2155 2169/2147/2159
f 2167/2145/2157 2169/2147/2159 2165/2143/2155
f 2166/2144/2156 2169/2147/2159 2170/2148/2160
f 2167/2145/2157 2168/2146/2158 2171/2149/2161
f 2167/2145/2157 2171/2149/2161 2169/2147/2159
f 2171/2149/2161 2168/2146/2158 2172/2150/2162
f 2170/2148/2160 2169/2147/2159 2173/2151/2163
f 2171/2149/2161 2173/2151/2163 2169/2147/2159
f 2170/2148/2160 2173/2151/2163 2174/2152/2164
f 2171/2149/2161 2172/2150/2162 2175/2153/2165
f 2171/2149/2161 2175/2153/2165 2173/2151/2163
f 2175/2153/2165 2172/2150/2162 2176/2154/2166
f 2174/2152/2164 2173/2151/2163 2177/2155/2167
f 2175/2153/2165 2177/2155/2167 2173/2151/2163
f 2174/2152/2164 2177/2155/2167 2178/2156/2168
f 2175/2153/2165 2176/2154/2166 2179/2157/2169
f 2175/2153/2165 2179/2157/2169 2177/2155/2167
f 2179/2157/2169 2176/2154/2166 2180/2158/2170
f 2178/2156/2168 2177/2155/2167 2181/2159/2171
f 2179/2157/2169 2181/2159/2171 2177/2155/2167
f 2178/2156/2168 2181/2159/2171 2182/2160/2172
f 2179/2157/2169 2180/2158/2170 2183/2161/2173
f 2179/2157/2169 2183/2161/2173 2181/2159/2171
f 2183/2161/2173 2180/2158/2170 2184/2162/2174
f 2183/2161/2173 2184/2162/2174 2185/2163/2175
f 2183/2161/2173 2185/2163/2175 2186/2164/2176
f 2183/2161/2173 2186/2164/2176 2181/2159/2171
f 2182/2160/2172 2181/2159/2171 2186/2164/2176
f 2182/2160/2172 2186/2164/2176 2187/2165/2177
f 2188/2166/2178 2189/2167/2179 2190/2168/2180
f 2188/2166/2178 2190/2168/2180 2191/2169/2181
f 2192/2170/2182 2188/2166/2178 2191/2169/2181
f 2192/2170/2182 2191/2169/2181 2193/2171/2183
f 2194/2172/2184 2195/2173/2185 2196/2174/2186
f 2194/2172/2184 2197/2175/2187 2195/2173/2185
f 2197/2175/2187 2198/2176/2188 2195/2173/2185
f 2197/2175/2187 2199/2177/2189 2198/2176/2188
f 2199/2177/2189 2200/2178/2190 2198/2176/2188
f 2199/2177/2189 2201/2179/2191 2200/2178/2190
f 2201/2179/2191 2202/2180/2192 2200/2178/2190
f 2201/2179/2191 2203/2181/2193 2202/2180/2192
f 2203/2181/2193 2204/2182/2194 2202/2180/2192
f 2203/2181/2193 2205/2183/2195 2204/2182/2194
f 2205/2183/2195 2206/2184/2196 2204/2182/2194
f 2205/2183/2195 2207/2185/2197 2206/2184/2196
f 2207/2185/2197 2208/2186/2198 2206/2184/2196
f 2207/2185/2197 2209/2187/2199 2208/2186/2198
f 2209/2187/2199 2210/2188/2200 2208/2186/2198
f 2209/2187/2199 2211/2189/2201 2210/2188/2200
f 2211/2189/2201 2212/2190/2202 2210/2188/2200
f 2211/2189/2201 2213/2191/2203 2212/2190/2202
f 2213/2191/2203 2214/2192/2204 2212/2190/2202
f 2213/2191/2203 2215/2193/2205 2214/2192/2204
f 2215/2193/2205 2216/2194/2206 2214/2192/2204
f 2215/2193/2205 2217/2195/2207 2216/2194/2206
f 2217/2195/2207 2218/2196/2208 2216/2194/2206
f 2217/2195/2207 2219/2197/2209 2218/2196/2208
f 2219/2197/2209 2220/2198/2210 2218/2196/2208
f 2219/2197/2209 2221/2199/2211 2220/2198/2210
f 2222/2200/2212 2223/2201/2213 2224/2202/2214
f 2222/2200/2212 2224/2202/2214 2225/2203/2215
f 2226/2204/2216 2222/2200/2212 2225/2203/2215
f 2226/2204/2216 2225/2203/2215 2227/2205/2217
f 2228/2206/2218 2226/2204/2216 2227/2205/2217
f 2228/2206/2218 2227/2205/2217 2229/2207/2219
f 2230/2208/2220 2228/2206/2218 2229/2207/2219
f 2230/2208/2220 2229/2207/2219 2231/2209/2221
f 2232/2210/2222 2230/2208/2220 2231/2209/2221
f 2232/2210/2222 2231/2209/2221 2233/2211/2223
f 2234/2212/2224 2232/2210/2222 2233/2211/2223
f 2234/2212/2224 2233/2211/2223 2235/2213/2225
f 2236/2214/2226 2237/2215/2227 2238/2216/2228
f 2236/2214/2226 2238/2216/2228 2239/2217/2229
f 2240/2218/2230 2236/2214/2226 2239/2217/2229
f 2240/2218/2230 2239/2217/2229 2241/2219/2231
f 2242/2220/2232 2243/2221/2233 2244/2222/2234
f 2242/2220/2232 2244/2222/2234 2245/2223/2235
f 2246/2224/2236 2247/2225/2237 2248/2226/2238
f 2246/2224/2236 2248/2226/2238 2249/2227/2239
f 2250/2228/2240 2246/2224/2236 2249/2227/2239
f 2250/2228/2240 2249/2227/2239 2251/2229/2241
f 2252/2230/2242 2253/2231/2243 2254/2232/2244
f 2253/2231/2243 2255/2233/2245 2254/2232/2244
f 2256/2234/2246 2254/2232/2244 2255/2233/2245
f 2256/2234/2246 2257/2235/2247 2254/2232/2244
f 2255/2233/2245 2258/2236/2248 2256/2234/2246
f 2255/2233/2245 2259/2237/2249 2258/2236/2248
f 2259/2237/2249 2260/2238/2250 2258/2236/2248
f 2260/2238/2250 2261/2239/2251 2258/2236/2248
f 2258/2236/2248 2262/2240/2252 2256/2234/2246
f 2258/2236/2248 2263/2241/2253 2262/2240/2252
f 2262/2240/2252 2264/2242/2254 2256/2234/2246
f 2265/2243/2255 2266/2244/2256 2267/2245/2257
f 2265/2243/2255 2267/2245/2257 2268/2246/2258
f 2269/2247/2259 2265/2243/2255 2268/2246/2258
f 2268/2246/2258 2270/2248/2260 2269/2247/2259
f 2267/2245/2257 2271/2249/2261 2268/2246/2258
f 2272/2250/2262 2271/2249/2261 2267/2245/2257
f 2273/2251/2263 2272/2250/2262 2267/2245/2257
f 2267/2245/2257 2274/2252/2264 2273/2251/2263
f 2271/2249/2261 2275/2253/2265 2268/2246/2258
f 2271/2249/2261 2276/2254/2266 2275/2253/2265
f 2275/2253/2265 2277/2255/2267 2268/2246/2258
f 2278/2256/2268 2279/2257/2269 2280/2258/2270
f 2278/2256/2268 2281/2259/2271 2279/2257/2269
f 2278/2256/2268 2282/2260/2272 2281/2259/2271
f 2278/2256/2268 2283/2261/2273 2282/2260/2272
f 2284/2262/2274 2285/2263/2275 2286/2264/2276
f 2286/2264/2276 2287/2265/2277 2284/2262/2274
f 2286/2264/2276 2288/2266/2278 2287/2265/2277
f 2286/2264/2276 2289/2267/2279 2288/2266/2278
f 2290/2268/2280 2291/2269/2281 2292/2270/2282
f 2293/2271/2283 2290/2268/2280 2292/2270/2282
f 2293/2271/2283 2294/2272/2284 2290/2268/2280
f 2294/2272/2284 2295/2273/2285 2290/2268/2280
f 2294/2272/2284 2296/2274/2286 2295/2273/2285
f 2297/2275/2287 2295/2273/2285 2296/2274/2286
f 2296/2274/2286 2298/2276/2288 2297/2275/2287
f 2299/2277/2289 2294/2272/2284 2293/2271/2283
f 2300/2278/2290 2297/2275/2287 2298/2276/2288
f 2300/2278/2290 2301/2279/2291 2297/2275/2287
f 2301/2279/2291 2300/2278/2290 2302/2280/2292
f 2298/2276/2288 2303/2281/2293 2300/2278/2290
f 2298/2276/2288 2304/2282/2294 2303/2281/2293
f 2302/2280/2292 2300/2278/2290 2305/2283/2295
f 2302/2280/2292 2305/2283/2295 2306/2284/2296
f 2307/2285/2297 2300/2278/2290 2303/2281/2293
f 2307/2285/2297 2308/2286/2298 2300/2278/2290
f 2302/2280/2292 2309/2287/2299 2301/2279/2291
f 2310/2288/2300 2301/2279/2291 2309/2287/2299
f 2309/2287/2299 2311/2289/2301 2310/2288/2300
f 2310/2288/2300 2311/2289/2301 2312/2290/2302
f 2310/2288/2300 2312/2290/2302 2313/2291/2303
f 2314/2292/2304 2313/2291/2303 2312/2290/2302
f 2312/2290/2302 2315/2293/2305 2314/2292/2304
f 2316/2294/2306 2314/2292/2304 2315/2293/2305
f 2316/2294/2306 2315/2293/2305 2317/2295/2307
f 2318/2296/2308 2316/2294/2306 2317/2295/2307
f 2317/2295/2307 2319/2297/2309 2318/2296/2308
f 2302/2280/2292 2319/2297/2309 2309/2287/2299
f 2320/2298/2310 2318/2296/2308 2319/2297/2309
f 2319/2297/2309 2302/2280/2292 2320/2298/2310
f 2318/2296/2308 2320/2298/2310 2321/2299/2311
f 2322/2300/2312 2320/2298/2310 2302/2280/2292
f 2322/2300/2312 2302/2280/2292 2323/2301/2313
f 2321/2299/2311 2320/2298/2310 2324/2302/2314
f 2324/2302/2314 2325/2303/2315 2321/2299/2311
f 2321/2299/2311 2325/2303/2315 2326/2304/2316
f 2325/2303/2315 2293/2271/2283 2326/2304/2316
f 2325/2303/2315 2327/2305/2317 2293/2271/2283
f 2299/2277/2289 2293/2271/2283 2327/2305/2317
f 2327/2305/2317 2328/2306/2318 2299/2277/2289
f 2329/2307/2319 2299/2277/2289 2328/2306/2318
f 2329/2307/2319 2330/2308/2320 2299/2277/2289
f 2329/2307/2319 2331/2309/2321 2330/2308/2320
f 2304/2282/2294 2330/2308/2320 2331/2309/2321
f 2332/2310/2322 2331/2309/2321 2324/2302/2314
f 2332/2310/2322 2304/2282/2294 2331/2309/2321
f 2332/2310/2322 2324/2302/2314 2320/2298/2310
f 2303/2281/2293 2304/2282/2294 2332/2310/2322
f 2333/2311/2323 2332/2310/2322 2320/2298/2310
f 2333/2311/2323 2320/2298/2310 2334/2312/2324
f 2303/2281/2293 2332/2310/2322 2335/2313/2325
f 2303/2281/2293 2335/2313/2325 2336/2314/2326
f 2337/2315/2327 2338/2316/2328 2339/2317/2329
f 2337/2315/2327 2339/2317/2329 2340/2318/2330
f 2337/2315/2327 2340/2318/2330 2341/2319/2331
f 2341/2319/2331 2342/2320/2332 2337/2315/2327
f 2343/2321/2333 2344/2322/2334 2345/2323/2335
f 2346/2324/2336 2343/2321/2333 2345/2323/2335
f 2346/2324/2336 2347/2325/2337 2343/2321/2333
f 2346/2324/2336 2345/2323/2335 2348/2326/2338
f 2349/2327/2339 2350/2328/2340 2351/2329/2341
f 2351/2329/2341 2352/2330/2342 2349/2327/2339
f 2351/2329/2341 2353/2331/2343 2352/2330/2342
f 2351/2329/2341 2354/2332/2344 2353/2331/2343
f 2355/2333/2345 2356/2334/2346 2357/2335/2347
f 2355/2333/2345 2357/2335/2347 2358/2336/2348
f 2359/2337/2349 2360/2338/2350 2361/2339/2351
f 2359/2337/2349 2361/2339/2351 2362/2340/2352
f 2363/2341/2353 2364/2342/2354 2365/2343/2355
f 2363/2341/2353 2365/2343/2355 2366/2344/2356
f 2367/2345/2357 2368/2346/2358 2369/2347/2359
f 2367/2345/2357 2369/2347/2359 2370/2348/2360
f 2371/2349/2361 2372/2350/2362 2373/2351/2363
f 2371/2349/2361 2373/2351/2363 2374/2352/2364
f 2375/2353/2365 2376/2354/2366 2377/2355/2367
f 2375/2353/2365 2377/2355/2367 2378/2356/2368
f 2379/2357/2369 2380/2358/2370 2381/2359/2371
f 2379/2357/2369 2381/2359/2371 2382/2360/2372
f 2383/2361/2373 2384/2362/2374 2385/2363/2375
f 2383/2361/2373 2385/2363/2375 2386/2364/2376
f 2387/2365/2377 2388/2366/2378 2389/2367/2379
f 2387/2365/2377 2389/2367/2379 2390/2368/2380
f 2391/2369/2381 2392/2370/2382 2393/2371/2383
f 2391/2369/2381 2393/2371/2383 2394/2372/2384
f 2395/2373/2385 2396/2374/2386 2397/2375/2387
f 2397/2375/2387 2398/2376/2388 2395/2373/2385
f 2397/2375/2387 2399/2377/2389 2398/2376/2388
f 2399/2377/2389 2400/2378/2390 2398/2376/2388
f 2399/2377/2389 2401/2379/2391 2400/2378/2390
f 2401/2379/2391 2402/2380/2392 2400/2378/2390
f 2403/2381/2393 2404/2382/2394 2405/2383/2395
f 2404/2382/2394 2406/2384/2396 2405/2383/2395
f 2403/2381/2393 2407/2385/2397 2404/2382/2394
f 2404/2382/2394 2408/2386/2398 2406/2384/2396
f 2409/2387/2399 2407/2385/2397 2403/2381/2393
f 2408/2386/2398 2410/2388/2400 2406/2384/2396
f 2409/2387/2399 2411/2389/2401 2407/2385/2397
f 2408/2386/2398 2412/2390/2402 2410/2388/2400
f 2411/2389/2401 2409/2387/2399 2413/2391/2403
f 2412/2390/2402 2413/2391/2403 2410/2388/2400
f 2411/2389/2401 2413/2391/2403 2414/2392/2404
f 2412/2390/2402 2414/2392/2404 2413/2391/2403
f 2415/2393/2405 2416/2394/2406 2417/2395/2407
f 2418/2396/2408 2415/2393/2405 2417/2395/2407
f 2415/2393/2405 2419/2397/2409 2416/2394/2406
f 2418/2396/2408 2420/2398/2410 2415/2393/2405
f 2419/2397/2409 2421/2399/2411 2416/2394/2406
f 2420/2398/2410 2418/2396/2408 2422/2400/2412
f 2419/2397/2409 2423/2401/2413 2421/2399/2411
f 2420/2398/2410 2422/2400/2412 2424/2402/2414
f 2425/2403/2415 2421/2399/2411 2423/2401/2413
f 2424/2402/2414 2422/2400/2412 2425/2403/2415
f 2425/2403/2415 2423/2401/2413 2426/2404/2416
f 2424/2402/2414 2425/2403/2415 2426/2404/2416
f 2427/2405/2417 2428/2406/2418 2429/2407/2419
f 2427/2405/2417 2430/2408/2420 2428/2406/2418
f 2427/2405/2417 2429/2407/2419 2431/2409/2421
f 2427/2405/2417 2432/2410/2422 2430/2408/2420
f 2433/2411/2423 2431/2409/2421 2429/2407/2419
f 2432/2410/2422 2434/2412/2424 2430/2408/2420
f 2433/2411/2423 2435/2413/2425 2431/2409/2421
f 2432/2410/2422 2436/2414/2426 2434/2412/2424
f 2433/2411/2423 2437/2415/2427 2435/2413/2425
f 2436/2414/2426 2437/2415/2427 2434/2412/2424
f 2437/2415/2427 2438/2416/2428 2435/2413/2425
f 2436/2414/2426 2438/2416/2428 2437/2415/2427
f 2439/2417/2429 2440/2418/2430 2441/2419/2431
f 2442/2420/2432 2440/2418/2430 2439/2417/2429
f 2439/2417/2429 2441/2419/2431 2443/2421/2433
f 2442/2420/2432 2439/2417/2429 2444/2422/2434
f 2442/2420/2432 2444/2422/2434 2445/2423/2435
f 2442/2420/2432 2445/2423/2435 2446/2424/2436
f 2447/2425/2437 2443/2421/2433 2441/2419/2431
f 2447/2425/2437 2448/2426/2438 2443/2421/2433
f 2449/2427/2439 2446/2424/2436 2445/2423/2435
f 2447/2425/2437 2449/2427/2439 2448/2426/2438
f 2449/2427/2439 2450/2428/2440 2446/2424/2436
f 2447/2425/2437 2450/2428/2440 2449/2427/2439
f 2451/2429/2441 2452/2430/2442 2453/2431/2443
f 2453/2431/2443 2452/2430/2442 2454/2432/2444
f 2451/2429/2441 2453/2431/2443 2455/2433/2445
f 2453/2431/2443 2454/2432/2444 2456/2434/2446
f 2457/2435/2447 2451/2429/2441 2455/2433/2445
f 2458/2436/2448 2456/2434/2446 2454/2432/2444
f 2457/2435/2447 2455/2433/2445 2459/2437/2449
f 2458/2436/2448 2460/2438/2450 2456/2434/2446
f 2461/2439/2451 2457/2435/2447 2459/2437/2449
f 2461/2439/2451 2460/2438/2450 2458/2436/2448
f 2461/2439/2451 2459/2437/2449 2462/2440/2452
f 2461/2439/2451 2462/2440/2452 2460/2438/2450
f 2463/2441/2453 2464/2442/2454 2465/2443/2455
f 2463/2441/2453 2465/2443/2455 2466/2444/2456
f 2464/2442/2454 2467/2445/2457 2465/2443/2455
f 2468/2446/2458 2463/2441/2453 2466/2444/2456
f 2464/2442/2454 2469/2447/2459 2467/2445/2457
f 2468/2446/2458 2466/2444/2456 2470/2448/2460
f 2469/2447/2459 2471/2449/2461 2467/2445/2457
f 2472/2450/2462 2468/2446/2458 2470/2448/2460
f 2469/2447/2459 2473/2451/2463 2471/2449/2461
f 2472/2450/2462 2470/2448/2460 2474/2452/2464
f 2473/2451/2463 2475/2453/2465 2471/2449/2461
f 2476/2454/2466 2472/2450/2462 2474/2452/2464
f 2473/2451/2463 2477/2455/2467 2475/2453/2465
f 2476/2454/2466 2474/2452/2464 2478/2456/2468
f 2477/2455/2467 2479/2457/2469 2475/2453/2465
f 2480/2458/2470 2476/2454/2466 2478/2456/2468
f 2477/2455/2467 2481/2459/2471 2479/2457/2469
f 2480/2458/2470 2478/2456/2468 2482/2460/2472
f 2481/2459/2471 2483/2461/2473 2479/2457/2469
f 2484/2462/2474 2480/2458/2470 2482/2460/2472
f 2481/2459/2471 2485/2463/2475 2483/2461/2473
f 2484/2462/2474 2482/2460/2472 2486/2464/2476
f 2485/2463/2475 2487/2465/2477 2483/2461/2473
f 2488/2466/2478 2484/2462/2474 2486/2464/2476
f 2485/2463/2475 2488/2466/2478 2487/2465/2477
f 2488/2466/2478 2486/2464/2476 2487/2465/2477
f 2489/2467/2479 2490/2468/2480 2491/2469/2481
f 2489/2467/2479 2491/2469/2481 2492/2470/2482
f 2490/2468/2480 2493/2471/2483 2491/2469/2481
f 2494/2472/2484 2489/2467/2479 2492/2470/2482
f 2490/2468/2480 2495/2473/2485 2493/2471/2483
f 2494/2472/2484 2492/2470/2482 2496/2474/2486
f 2495/2473/2485 2497/2475/2487 2493/2471/2483
f 2498/2476/2488 2494/2472/2484 2496/2474/2486
f 2495/2473/2485 2499/2477/2489 2497/2475/2487
f 2498/2476/2488 2496/2474/2486 2500/2478/2490
f 2499/2477/2489 2501/2479/2491 2497/2475/2487
f 2502/2480/2492 2498/2476/2488 2500/2478/2490
f 2499/2477/2489 2503/2481/2493 2501/2479/2491
f 2502/2480/2492 2500/2478/2490 2504/2482/2494
f 2503/2481/2493 2505/2483/2495 2501/2479/2491
f 2506/2484/2496 2502/2480/2492 2504/2482/2494
f 2503/2481/2493 2507/2485/2497 2505/2483/2495
f 2506/2484/2496 2504/2482/2494 2508/2486/2498
f 2507/2485/2497 2509/2487/2499 2505/2483/2495
f 2510/2488/2500 2506/2484/2496 2508/2486/2498
f 2507/2485/2497 2511/2489/2501 2509/2487/2499
f 2510/2488/2500 2508/2486/2498 2512/2490/2502
f 2511/2489/2501 2513/2491/2503 2509/2487/2499
f 2514/2492/2504 2510/2488/2500 2512/2490/2502
f 2511/2489/2501 2514/2492/2504 2513/2491/2503
f 2514/2492/2504 2512/2490/2502 2513/2491/2503
f 2515/2493/2505 2516/2494/2506 2517/2495/2507
f 2518/2496/2508 2516/2494/2506 2515/2493/2505
f 2515/2493/2505 2517/2495/2507 2519/2497/2509
f 2518/2496/2508 2520/2498/2510 2516/2494/2506
f 2519/2497/2509 2517/2495/2507 2521/2499/2511
f 2522/2500/2512 2520/2498/2510 2518/2496/2508
f 2519/2497/2509 2521/2499/2511 2523/2501/2513
f 2522/2500/2512 2524/2502/2514 2520/2498/2510
f 2523/2501/2513 2521/2499/2511 2525/2503/2515
f 2526/2504/2516 2524/2502/2514 2522/2500/2512
f 2523/2501/2513 2525/2503/2515 2527/2505/2517
f 2526/2504/2516 2528/2506/2518 2524/2502/2514
f 2527/2505/2517 2525/2503/2515 2529/2507/2519
f 2530/2508/2520 2528/2506/2518 2526/2504/2516
f 2527/2505/2517 2529/2507/2519 2530/2508/2520
f 2530/2508/2520 2529/2507/2519 2528/2506/2518
f 2531/2509/2521 2532/2509/2521 2533/2509/2521
f 2531/2509/2521 2533/2509/2521 2534/2509/2521
f 2535/2509/2522 2536/2509/2522 2537/2509/2522
f 2535/2509/2522 2537/2509/2522 2538/2509/2522
f 2531/2509/2523 2538/2509/2523 2537/2509/2523
f 2531/2509/2523 2537/2509/2523 2532/2509/2523
f 2532/2509/2524 2537/2509/2524 2536/2509/2524
f 2532/2509/2524 2536/2509/2524 2533/2509/2524
f 2533/2509/2525 2536/2509/2525 2535/2509/2525
f 2533/2509/2525 2535/2509/2525 2534/2509/2525
f 2534/2509/2526 2535/2509/2526 2538/2509/2526
f 2534/2509/2526 2538/2509/2526 2531/2509/2526
f 2539/2510/2527 2540/2510/2527 2541/2510/2527
f 2539/2510/2527 2541/2510/2527 2542/2510/2527
f 2543/2510/2528 2544/2510/2528 2545/2510/2528
f 2543/2510/2528 2545/2510/2528 2546/2510/2528
f 2541/2510/2529 2544/2510/2529 2543/2510/2529
f 2541/2510/2529 2543/2510/2529 2542/2510/2529
f 2540/2510/2530 2545/2510/2530 2544/2510/2530
f 2540/2510/2530 2544/2510/2530 2541/2510/2530
f 2539/2510/2531 2546/2510/2531 2545/2510/2531
f 2539/2510/2531 2545/2510/2531 2540/2510/2531
f 2542/2510/2532 2543/2510/2532 2546/2510/2532
f 2542/2510/2532 2546/2510/2532 2539/2510/2532
f 2547/2510/2533 2548/2510/2533 2549/2510/2533
f 2547/2510/2533 2549/2510/2533 2550/2510/2533
f 2551/2510/2534 2552/2510/2534 2553/2510/2534
f 2551/2510/2534 2553/2510/2534 2554/2510/2534
f 2549/2510/2535 2552/2510/2535 2551/2510/2535
f 2549/2510/2535 2551/2510/2535 2550/2510/2535
f 2548/2510/2536 2553/2510/2536 2552/2510/2536
f 2548/2510/2536 2552/2510/2536 2549/2510/2536
f 2547/2510/2537 2554/2510/2537 2553/2510/2537
f 2547/2510/2537 2553/2510/2537 2548/2510/2537
f 2550/2510/2538 2551/2510/2538 2554/2510/2538
f 2550/2510/2538 2554/2510/2538 2547/2510/2538
f 2555/2511/2521 2556/2511/2521 2557/2511/2521
f 2555/2511/2521 2557/2511/2521 2558/2511/2521
f 2559/2511/2522 2560/2511/2522 2561/2511/2522
f 2559/2511/2522 2561/2511/2522 2562/2511/2522
f 2555/2511/2523 2562/2511/2523 2561/2511/2523
f 2555/2511/2523 2561/2511/2523 2556/2511/2523
f 2556/2511/2524 2561/2511/2524 2560/2511/2524
f 2556/2511/2524 2560/2511/2524 2557/2511/2524
f 2557/2511/2525 2560/2511/2525 2559/2511/2525
f 2557/2511/2525 2559/2511/2525 2558/2511/2525
f 2558/2511/2526 2559/2511/2526 2562/2511/2526
f 2558/2511/2526 2562/2511/2526 2555/2511/2526
f 2563/2512/2521 2564/2512/2521 2565/2512/2521
f 2563/2512/2521 2565/2512/2521 2566/2512/2521
f 2567/2512/2522 2568/2512/2522 2569/2512/2522
f 2567/2512/2522 2569/2512/2522 2570/2512/2522
f 2563/2512/2523 2570/2512/2523 2569/2512/2523
f 2563/2512/2523 2569/2512/2523 2564/2512/2523
f 2564/2512/2524 2569/2512/2524 2568/2512/2524
f 2564/2512/2524 2568/2512/2524 2565/2512/2524
f 2565/2512/2525 2568/2512/2525 2567/2512/2525
f 2565/2512/2525 2567/2512/2525 2566/2512/2525
f 2566/2512/2526 2567/2512/2526 2570/2512/2526
f 2566/2512/2526 2570/2512/2526 2563/2512/2526
f 2571/2512/2521 2572/2512/2521 2573/2512/2521
f 2571/2512/2521 2573/2512/2521 2574/2512/2521
f 2575/2512/2522 2576/2512/2522 2577/2512/2522
f 2575/2512/2522 2577/2512/2522 2578/2512/2522
f 2571/2512/2523 2578/2512/2523 2577/2512/2523
f 2571/2512/2523 2577/2512/2523 2572/2512/2523
f 2572/2512/2524 2577/2512/2524 2576/2512/2524
f 2572/2512/2524 2576/2512/2524 2573/2512/2524
f 2573/2512/2525 2576/2512/2525 2575/2512/2525
f 2573/2512/2525 2575/2512/2525 2574/2512/2525
f 2574/2512/2526 2575/2512/2526 2578/2512/2526
f 2574/2512/2526 2578/2512/2526 2571/2512/2526
f 2579/2512/2521 2580/2512/2521 2581/2512/2521
f 2579/2512/2521 2581/2512/2521 2582/2512/2521
f 2583/2512/2522 2584/2512/2522 2585/2512/2522
f 2583/2512/2522 2585/2512/2522 2586/2512/2522
f 2579/2512/2523 2586/2512/2523 2585/2512/2523
f 2579/2512/2523 2585/2512/2523 2580/2512/2523
f 2580/2512/2524 2585/2512/2524 2584/2512/2524
f 2580/2512/2524 2584/2512/2524 2581/2512/2524
f 2581/2512/2525 2584/2512/2525 2583/2512/2525
f 2581/2512/2525 2583/2512/2525 2582/2512/2525
f 2582/2512/2526 2583/2512/2526 2586/2512/2526
f 2582/2512/2526 2586/2512/2526 2579/2512/2526
f 2587/2512/2521 2588/2512/2521 2589/2512/2521
f 2587/2512/2521 2589/2512/2521 2590/2512/2521
f 2591/2512/2522 2592/2512/2522 2593/2512/2522
f 2591/2512/2522 2593/2512/2522 2594/2512/2522
f 2587/2512/2523 2594/2512/2523 2593/2512/2523
f 2587/2512/2523 2593/2512/2523 2588/2512/2523
f 2588/2512/2524 2593/2512/2524 2592/2512/2524
f 2588/2512/2524 2592/2512/2524 2589/2512/2524
f 2589/2512/2525 2592/2512/2525 2591/2512/2525
f 2589/2512/2525 2591/2512/2525 2590/2512/2525
f 2590/2512/2526 2591/2512/2526 2594/2512/2526
f 2590/2512/2526 2594/2512/2526 2587/2512/2526
f 2595/2510/2521 2596/2510/2521 2597/2510/2521
f 2595/2510/2521 2597/2510/2521 2598/2510/2521
f 2599/2510/2522 2600/2510/2522 2601/2510/2522
f 2599/2510/2522 2601/2510/2522 2602/2510/2522
f 2595/2510/2523 2602/2510/2523 2601/2510/2523
f 2595/2510/2523 2601/2510/2523 2596/2510/2523
f 2596/2510/2524 2601/2510/2524 2600/2510/2524
f 2596/2510/2524 2600/2510/2524 2597/2510/2524
f 2597/2510/2525 2600/2510/2525 2599/2510/2525
f 2597/2510/2525 2599/2510/2525 2598/2510/2525
f 2598/2510/2526 2599/2510/2526 2602/2510/2526
f 2598/2510/2526 2602/2510/2526 2595/2510/2526
f 2611/2513/2539 2612/2514/2540 2613/2515/2541
f 2614/2516/2542 2615/2517/2543 2616/2518/2544
f 2617/2519/2545 2618/2520/2546 2619/2521/2547
f 2620/2522/2548 2621/2523/2549 2622/2524/2550
f 2623/2525/2551 2624/2526/2552 2625/2527/2553
f 2626/2528/2554 2627/2529/2555 2628/2530/2556
f 2629/2531/2557 2630/2532/2558 2631/2533/2559
f 2632/2534/2560 2633/2535/2561 2634/2536/2562
f 2635/2537/2563 2636/2538/2564 2637/2539/2565
f 2638/2540/2566 2639/2541/2567 2640/2542/2568
f 2641/2543/2569 2642/2544/2570 2643/2545/2571
f 2644/2546/2572 2645/2547/2573 2646/2548/2574
f 2647/2549/2575 2648/2550/2576 2649/2551/2577
f 2650/2552/2578 2651/2553/2579 2652/2554/2580
f 2653/2555/2581 2654/2556/2582 2655/2557/2583
f 2656/2558/2584 2657/2559/2585 2658/2560/2586
f 2659/2561/2587 2660/2562/2588 2661/2563/2589
f 2659/2561/2587 2661/2563/2589 2662/2564/2590
f 2663/2565/2591 2664/2566/2592 2665/2567/2593
f 2663/2565/2591 2665/2567/2593 2666/2568/2594
f 2669/2571/2597 2668/2570/2596 2667/2569/2595
f 2672/2574/2600 2671/2573/2599 2670/2572/2598
f 2675/2577/2603 2674/2576/2602 2673/2575/2601
f 2678/2580/2606 2677/2579/2605 2676/2578/2604
f 2679/2581/2607 2678/2580/2606 2676/2578/2604
f 2679/2581/2607 2676/2578/2604 2680/2582/2608
f 2681/2583/2609 2678/2580/2606 2679/2581/2607
f 2682/2584/2610 2679/2581/2607 2680/2582/2608
f 2682/2584/2610 2680/2582/2608 2683/2585/2611
f 2684/2586/2612 2682/2584/2610 2683/2585/2611
f 2685/2587/2613 2682/2584/2610 2684/2586/2612
f 2682/2584/2610 2685/2587/2613 2679/2581/2607
f 2686/2588/2614 2685/2587/2613 2684/2586/2612
f 2687/2589/2615 2681/2583/2609 2679/2581/2607
f 2685/2587/2613 2687/2589/2615 2679/2581/2607
f 2688/2590/2616 2681/2583/2609 2687/2589/2615
f 2689/2591/2617 2685/2587/2613 2686/2588/2614
f 2685/2587/2613 2689/2591/2617 2687/2589/2615
f 2690/2592/2618 2689/2591/2617 2686/2588/2614
f 2691/2593/2619 2688/2590/2616 2687/2589/2615
f 2689/2591/2617 2691/2593/2619 2687/2589/2615
f 2692/2594/2620 2688/2590/2616 2691/2593/2619
f 2693/2595/2621 2689/2591/2617 2690/2592/2618
f 2689/2591/2617 2693/2595/2621 2691/2593/2619
f 2694/2596/2622 2693/2595/2621 2690/2592/2618
f 2695/2597/2623 2692/2594/2620 2691/2593/2619
f 2693/2595/2621 2695/2597/2623 2691/2593/2619
f 2696/2598/2624 2692/2594/2620 2695/2597/2623
f 2697/2599/2625 2693/2595/2621 2694/2596/2622
f 2693/2595/2621 2697/2599/2625 2695/2597/2623
f 2698/2600/2626 2697/2599/2625 2694/2596/2622
f 2699/2601/2627 2696/2598/2624 2695/2597/2623
f 2697/2599/2625 2699/2601/2627 2695/2597/2623
f 2700/2602/2628 2696/2598/2624 2699/2601/2627
f 2701/2603/2629 2697/2599/2625 2698/2600/2626
f 2697/2599/2625 2701/2603/2629 2699/2601/2627
f 2702/2604/2630 2701/2603/2629 2698/2600/2626
f 2703/2605/2631 2700/2602/2628 2699/2601/2627
f 2701/2603/2629 2703/2605/2631 2699/2601/2627
f 2704/2606/2632 2700/2602/2628 2703/2605/2631
f 2705/2607/2633 2701/2603/2629 2702/2604/2630
f 2701/2603/2629 2705/2607/2633 2703/2605/2631
f 2706/2608/2634 2705/2607/2633 2702/2604/2630
f 2707/2609/2635 2704/2606/2632 2703/2605/2631
f 2705/2607/2633 2707/2609/2635 2703/2605/2631
f 2708/2610/2636 2704/2606/2632 2707/2609/2635
f 2709/2611/2637 2705/2607/2633 2706/2608/2634
f 2705/2607/2633 2709/2611/2637 2707/2609/2635
f 2710/2612/2638 2709/2611/2637 2706/2608/2634
f 2711/2613/2639 2708/2610/2636 2707/2609/2635
f 2709/2611/2637 2711/2613/2639 2707/2609/2635
f 2712/2614/2640 2708/2610/2636 2711/2613/2639
f 2713/2615/2641 2709/2611/2637 2710/2612/2638
f 2709/2611/2637 2713/2615/2641 2711/2613/2639
f 2714/2616/2642 2713/2615/2641 2710/2612/2638
f 2715/2617/2643 2712/2614/2640 2711/2613/2639
f 2713/2615/2641 2715/2617/2643 2711/2613/2639
f 2716/2618/2644 2712/2614/2640 2715/2617/2643
f 2717/2619/2645 2713/2615/2641 2714/2616/2642
f 2713/2615/2641 2717/2619/2645 2715/2617/2643
f 2718/2620/2646 2717/2619/2645 2714/2616/2642
f 2719/2621/2647 2716/2618/2644 2715/2617/2643
f 2717/2619/2645 2719/2621/2647 2715/2617/2643
f 2720/2622/2648 2716/2618/2644 2719/2621/2647
f 2721/2623/2649 2717/2619/2645 2718/2620/2646
f 2717/2619/2645 2721/2623/2649 2719/2621/2647
f 2722/2624/2650 2721/2623/2649 2718/2620/2646
f 2723/2625/2651 2720/2622/2648 2719/2621/2647
f 2721/2623/2649 2723/2625/2651 2719/2621/2647
f 2724/2626/2652 2720/2622/2648 2723/2625/2651
f 2725/2627/2653 2721/2623/2649 2722/2624/2650
f 2721/2623/2649 2725/2627/2653 2723/2625/2651
f 2726/2628/2654 2725/2627/2653 2722/2624/2650
f 2727/2629/2655 2724/2626/2652 2723/2625/2651
f 2725/2627/2653 2727/2629/2655 2723/2625/2651
f 2728/2630/2656 2724/2626/2652 2727/2629/2655
f 2729/2631/2657 2728/2630/2656 2727/2629/2655
f 2730/2632/2658 2729/2631/2657 2727/2629/2655
f 2725/2627/2653 2730/2632/2658 2727/2629/2655
f 2730/2632/2658 2725/2627/2653 2726/2628/2654
f 2731/2633/2659 2730/2632/2658 2726/2628/2654
f 2734/2636/2662 2733/2635/2661 2732/2634/2660
f 2735/2637/2663 2734/2636/2662 2732/2634/2660
f 2735/2637/2663 2732/2634/2660 2736/2638/2664
f 2737/2639/2665 2735/2637/2663 2736/2638/2664
f 2740/2642/2668 2739/2641/2667 2738/2640/2666
f 2739/2641/2667 2741/2643/2669 2738/2640/2666
f 2739/2641/2667 2742/2644/2670 2741/2643/2669
f 2742/2644/2670 2743/2645/2671 2741/2643/2669
f 2742/2644/2670 2744/2646/2672 2743/2645/2671
f 2744/2646/2672 2745/2647/2673 2743/2645/2671
f 2744/2646/2672 2746/2648/2674 2745/2647/2673
f 2746/2648/2674 2747/2649/2675 2745/2647/2673
f 2746/2648/2674 2748/2650/2676 2747/2649/2675
f 2748/2650/2676 2749/2651/2677 2747/2649/2675
f 2748/2650/2676 2750/2652/2678 2749/2651/2677
f 2750/2652/2678 2751/2653/2679 2749/2651/2677
f 2750/2652/2678 2752/2654/2680 2751/2653/2679
f 2752/2654/2680 2753/2655/2681 2751/2653/2679
f 2752/2654/2680 2754/2656/2682 2753/2655/2681
f 2754/2656/2682 2755/2657/2683 2753/2655/2681
f 2754/2656/2682 2756/2658/2684 2755/2657/2683
f 2756/2658/2684 2757/2659/2685 2755/2657/2683
f 2756/2658/2684 2758/2660/2686 2757/2659/2685
f 2758/2660/2686 2759/2661/2687 2757/2659/2685
f 2758/2660/2686 2760/2662/2688 2759/2661/2687
f 2760/2662/2688 2761/2663/2689 2759/2661/2687
f 2760/2662/2688 2762/2664/2690 2761/2663/2689
f 2762/2664/2690 2763/2665/2691 2761/2663/2689
f 2762/2664/2690 2764/2666/2692 2763/2665/2691
f 2764/2666/2692 2765/2667/2693 2763/2665/2691
f 2768/2670/2696 2767/2669/2695 2766/2668/2694
f 2769/2671/2697 2768/2670/2696 2766/2668/2694
f 2769/2671/2697 2766/2668/2694 2770/2672/2698
f 2771/2673/2699 2769/2671/2697 2770/2672/2698
f 2771/2673/2699 2770/2672/2698 2772/2674/2700
f 2773/2675/2701 2771/2673/2699 2772/2674/2700
f 2773/2675/2701 2772/2674/2700 2774/2676/2702
f 2775/2677/2703 2773/2675/2701 2774/2676/2702
f 2775/2677/2703 2774/2676/2702 2776/2678/2704
f 2777/2679/2705 2775/2677/2703 2776/2678/2704
f 2777/2679/2705 2776/2678/2704 2778/2680/2706
f 2779/2681/2707 2777/2679/2705 2778/2680/2706
f 2782/2684/2710 2781/2683/2709 2780/2682/2708
f 2783/2685/2711 2782/2684/2710 2780/2682/2708
f 2783/2685/2711 2780/2682/2708 2784/2686/2712
f 2785/2687/2713 2783/2685/2711 2784/2686/2712
f 2788/2690/2716 2787/2689/2715 2786/2688/2714
f 2789/2691/2717 2788/2690/2716 2786/2688/2714
f 2792/2694/2720 2791/2693/2719 2790/2692/2718
f 2793/2695/2721 2792/2694/2720 2790/2692/2718
f 2793/2695/2721 2790/2692/2718 2794/2696/2722
f 2795/2697/2723 2793/2695/2721 2794/2696/2722
f 2798/2700/2726 2797/2699/2725 2796/2698/2724
f 2798/2700/2726 2799/2701/2727 2797/2699/2725
f 2799/2701/2727 2798/2700/2726 2800/2702/2728
f 2798/2700/2726 2801/2703/2729 2800/2702/2728
f 2800/2702/2728 2802/2704/2730 2799/2701/2727
f 2802/2704/2730 2803/2705/2731 2799/2701/2727
f 2802/2704/2730 2804/2706/2732 2803/2705/2731
f 2802/2704/2730 2805/2707/2733 2804/2706/2732
f 2800/2702/2728 2806/2708/2734 2802/2704/2730
f 2806/2708/2734 2807/2709/2735 2802/2704/2730
f 2800/2702/2728 2808/2710/2736 2806/2708/2734
f 2811/2713/2739 2810/2712/2738 2809/2711/2737
f 2812/2714/2740 2811/2713/2739 2809/2711/2737
f 2812/2714/2740 2809/2711/2737 2813/2715/2741
f 2813/2715/2741 2814/2716/2742 2812/2714/2740
f 2812/2714/2740 2815/2717/2743 2811/2713/2739
f 2811/2713/2739 2815/2717/2743 2816/2718/2744
f 2811/2713/2739 2816/2718/2744 2817/2719/2745
f 2817/2719/2745 2818/2720/2746 2811/2713/2739
f 2812/2714/2740 2819/2721/2747 2815/2717/2743
f 2819/2721/2747 2820/2722/2748 2815/2717/2743
f 2812/2714/2740 2821/2723/2749 2819/2721/2747
f 2824/2726/2752 2823/2725/2751 2822/2724/2750
f 2823/2725/2751 2825/2727/2753 2822/2724/2750
f 2828/2730/2756 2827/2729/2755 2826/2728/2754
f 2827/2729/2755 2829/2731/2757 2826/2728/2754
f 2832/2734/2760 2831/2733/2759 2830/2732/2758
f 2831/2733/2759 2833/2735/2761 2830/2732/2758
f 2836/2738/2764 2835/2737/2763 2834/2736/2762
f 2835/2737/2763 2837/2739/2765 2834/2736/2762
f 2840/2742/2768 2839/2741/2767 2838/2740/2766
f 2839/2741/2767 2841/2743/2769 2838/2740/2766
f 2844/2746/2772 2843/2745/2771 2842/2744/2770
f 2843/2745/2771 2845/2747/2773 2842/2744/2770
f 2848/2750/2776 2847/2749/2775 2846/2748/2774
f 2847/2749/2775 2849/2751/2777 2846/2748/2774
f 2852/2754/2780 2851/2753/2779 2850/2752/2778
f 2851/2753/2779 2853/2755/2781 2850/2752/2778
f 2856/2758/2784 2855/2757/2783 2854/2756/2782
f 2855/2757/2783 2857/2759/2785 2854/2756/2782
f 2860/2762/2788 2859/2761/2787 2858/2760/2786
f 2859/2761/2787 2861/2763/2789 2858/2760/2786
f 2864/2766/2792 2863/2765/2791 2862/2764/2790
f 2862/2764/2790 2865/2767/2793 2864/2766/2792
f 2862/2764/2790 2866/2768/2794 2865/2767/2793
f 2869/2771/2797 2868/2770/2796 2867/2769/2795
f 2868/2770/2796 2870/2772/2798 2867/2769/2795
f 2873/2775/2801 2872/2774/2800 2871/2773/2799
f 2872/2774/2800 2874/2776/2802 2871/2773/2799
f 2877/2779/2805 2876/2778/2804 2875/2777/2803
f 2876/2778/2804 2878/2780/2806 2875/2777/2803
f 2881/2783/2809 2880/2782/2808 2879/2781/2807
f 2880/2782/2808 2882/2784/2810 2879/2781/2807
f 2885/2787/2813 2884/2786/2812 2883/2785/2811
f 2884/2786/2812 2886/2788/2814 2883/2785/2811
f 2889/2791/2817 2888/2790/2816 2887/2789/2815
f 2888/2790/2816 2890/2792/2818 2887/2789/2815
f 2893/2795/2821 2892/2794/2820 2891/2793/2819
f 2892/2794/2820 2894/2796/2822 2891/2793/2819
f 2897/2799/2825 2896/2798/2824 2895/2797/2823
f 2896/2798/2824 2898/2800/2826 2895/2797/2823
f 2901/2803/2829 2900/2802/2828 2899/2801/2827
f 2900/2802/2828 2902/2804/2830 2899/2801/2827
f 2905/2807/2833 2904/2806/2832 2903/2805/2831
f 2904/2806/2832 2906/2808/2834 2903/2805/2831
f 2909/2811/2837 2908/2810/2836 2907/2809/2835
f 2908/2810/2836 2910/2812/2838 2907/2809/2835
f 2913/2815/2841 2912/2814/2840 2911/2813/2839
f 2912/2814/2840 2914/2816/2842 2911/2813/2839
f 2917/2819/2845 2916/2818/2844 2915/2817/2843
f 2916/2818/2844 2918/2820/2846 2915/2817/2843
f 2921/2823/2849 2920/2822/2848 2919/2821/2847
f 2920/2822/2848 2922/2824/2850 2919/2821/2847
f 2925/2827/2853 2924/2826/2852 2923/2825/2851
f 2924/2826/2852 2926/2828/2854 2923/2825/2851
f 2929/2831/2857 2928/2830/2856 2927/2829/2855
f 2928/2830/2856 2930/2832/2858 2927/2829/2855
f 2933/2835/2861 2932/2834/2860 2931/2833/2859
f 2932/2834/2860 2934/2836/2862 2931/2833/2859
f 2937/2839/2865 2936/2838/2864 2935/2837/2863
f 2936/2838/2864 2938/2840/2866 2935/2837/2863
f 2941/2843/2869 2940/2842/2868 2939/2841/2867
f 2940/2842/2868 2942/2844/2870 2939/2841/2867
f 2945/2847/2873 2944/2846/2872 2943/2845/2871
f 2944/2846/2872 2946/2848/2874 2943/2845/2871
f 2949/2851/2877 2948/2850/2876 2947/2849/2875
f 2948/2850/2876 2950/2852/2878 2947/2849/2875
f 2953/2855/2881 2952/2854/2880 2951/2853/2879
f 2952/2854/2880 2954/2856/2882 2951/2853/2879
f 2957/2859/2885 2956/2858/2884 2955/2857/2883
f 2956/2858/2884 2958/2860/2886 2955/2857/2883
f 2961/2863/2889 2960/2862/2888 2959/2861/2887
f 2960/2862/2888 2962/2864/2890 2959/2861/2887
f 2965/2867/2893 2964/2866/2892 2963/2865/2891
f 2964/2866/2892 2966/2868/2894 2963/2865/2891
f 2969/2871/2897 2968/2870/2896 2967/2869/2895
f 2968/2870/2896 2970/2872/2898 2967/2869/2895
f 2973/2875/2901 2972/2874/2900 2971/2873/2899
f 2972/2874/2900 2974/2876/2902 2971/2873/2899
f 2977/2879/2905 2976/2878/2904 2975/2877/2903
f 2976/2878/2904 2978/2880/2906 2975/2877/2903
f 2981/2883/2909 2980/2882/2908 2979/2881/2907
f 2980/2882/2908 2982/2884/2910 2979/2881/2907
f 2985/2887/2913 2984/2886/2912 2983/2885/2911
f 2984/2886/2912 2986/2888/2914 2983/2885/2911
f 2989/2891/2917 2988/2890/2916 2987/2889/2915
f 2988/2890/2916 2990/2892/2918 2987/2889/2915
f 2993/2895/2921 2992/2894/2920 2991/2893/2919
f 2992/2894/2920 2994/2896/2922 2991/2893/2919
f 2997/2899/2925 2996/2898/2924 2995/2897/2923
f 2996/2898/2924 2998/2900/2926 2995/2897/2923
f 3001/2903/2929 3000/2902/2928 2999/2901/2927
f 3000/2902/2928 3002/2904/2930 2999/2901/2927
f 3005/2907/2933 3004/2906/2932 3003/2905/2931
f 3004/2906/2932 3006/2908/2934 3003/2905/2931
f 3009/2911/2937 3008/2910/2936 3007/2909/2935
f 3008/2910/2936 3010/2912/2938 3007/2909/2935
f 3013/2915/2941 3012/2914/2940 3011/2913/2939
f 3012/2914/2940 3014/2916/2942 3011/2913/2939
f 3017/2919/2945 3016/2918/2944 3015/2917/2943
f 3016/2918/2944 3018/2920/2946 3015/2917/2943
f 3021/2923/2949 3020/2922/2948 3019/2921/2947
f 3019/2921/2947 3020/2922/2948 3022/2924/2950
f 3023/2925/2951 3022/2924/2950 3020/2922/2948
f 3024/2926/2952 3023/2925/2951 3020/2922/2948
f 3027/2929/2955 3026/2928/2954 3025/2927/2953
f 3028/2930/2956 3025/2927/2953 3026/2928/2954
f 3029/2931/2957 3028/2930/2956 3026/2928/2954
f 3030/2932/2958 3025/2927/2953 3028/2930/2956
f 3033/2935/2961 3032/2934/2960 3031/2933/2959
f 3031/2933/2959 3032/2934/2960 3034/2936/2962
f 3034/2936/2962 3032/2934/2960 3035/2937/2963
f 3035/2937/2963 3032/2934/2960 3036/2938/2964
f 3039/2941/2967 3038/2940/2966 3037/2939/2965
f 3040/2942/2968 3037/2939/2965 3038/2940/2966
f 3038/2940/2966 3041/2943/2969 3040/2942/2968
f 3042/2944/2970 3037/2939/2965 3040/2942/2968
f 3045/2947/2973 3044/2946/2972 3043/2945/2971
f 3046/2948/2974 3045/2947/2973 3043/2945/2971
f 3046/2948/2974 3047/2949/2975 3045/2947/2973
f 3047/2949/2975 3046/2948/2974 3048/2950/2976
f 3047/2949/2975 3049/2951/2977 3045/2947/2973
f 3047/2949/2975 3050/2952/2978 3049/2951/2977
f 3053/2955/2981 3052/2954/2980 3051/2953/2979
f 3053/2955/2981 3051/2953/2979 3054/2956/2982
f 3057/2959/2985 3056/2958/2984 3055/2957/2983
f 3058/2960/2986 3057/2959/2985 3055/2957/2983
f 3060/2962/2988 3059/2961/2987 3058/2960/2986
f 3059/2961/2987 3060/2962/2988 3061/2963/2989
f 3064/2966/2992 3063/2965/2991 3062/2964/2990
f 3063/2965/2991 3064/2966/2992 3065/2967/2993
f 3065/2967/2993 3067/2969/2995 3066/2968/2994
f 3068/2970/2996 3067/2969/2995 3065/2967/2993
f 3068/2970/2996 3069/2971/2997 3067/2969/2995
f 3068/2970/2996 3070/2972/2998 3069/2971/2997
f 3070/2972/2998 3071/2973/2999 3069/2971/2997
f 3073/2975/3001 3070/2972/2998 3072/2974/3000
f 3073/2975/3001 3072/2974/3000 3074/2976/3002
f 3077/2979/3005 3076/2978/3004 3075/2977/3003
f 3077/2979/3005 3078/2980/3006 3076/2978/3004
f 3081/2983/3009 3080/2982/3008 3079/2981/3007
f 3080/2982/3008 3082/2984/3010 3079/2981/3007
f 3083/2985/3011 3082/2984/3010 3080/2982/3008
f 3084/2986/3012 3083/2985/3011 3080/2982/3008
f 3084/2986/3012 3080/2982/3008 3085/2987/3013
f 3087/2989/3015 3086/2988/3014 3082/2984/3010
f 3086/2988/3014 3087/2989/3015 3088/2990/3016
f 3088/2990/3016 3089/2991/3017 3086/2988/3014
f 3090/2992/3018 3089/2991/3017 3088/2990/3016
f 3093/2995/3021 3092/2994/3020 3091/2993/3019
f 3093/2995/3021 3094/2996/3022 3092/2994/3020
f 3097/2999/3025 3096/2998/3024 3095/2997/3023
f 3097/2999/3025 3098/3000/3026 3096/2998/3024
f 3101/3003/3029 3100/3002/3028 3099/3001/3027
f 3099/3001/3027 3102/3004/3030 3101/3003/3029
f 3102/3004/3030 3103/3005/3031 3101/3003/3029
f 3102/3004/3030 3104/3006/3032 3103/3005/3031
f 3104/3006/3032 3105/3007/3033 3103/3005/3031
f 3104/3006/3032 3106/3008/3034 3105/3007/3033
f 3109/3011/3037 3108/3010/3036 3107/3009/3035
f 3110/3012/3038 3109/3011/3037 3107/3009/3035
f 3109/3011/3037 3111/3013/3039 3108/3010/3036
f 3110/3012/3038 3107/3009/3035 3112/3014/3040
f 3111/3013/3039 3113/3015/3041 3108/3010/3036
f 3114/3016/3042 3110/3012/3038 3112/3014/3040
f 3111/3013/3039 3115/3017/3043 3113/3015/3041
f 3114/3016/3042 3112/3014/3040 3116/3018/3044
f 3115/3017/3043 3117/3019/3045 3113/3015/3041
f 3118/3020/3046 3114/3016/3042 3116/3018/3044
f 3115/3017/3043 3119/3021/3047 3117/3019/3045
f 3118/3020/3046 3116/3018/3044 3120/3022/3048
f 3119/3021/3047 3121/3023/3049 3117/3019/3045
f 3122/3024/3050 3118/3020/3046 3120/3022/3048
f 3119/3021/3047 3123/3025/3051 3121/3023/3049
f 3122/3024/3050 3120/3022/3048 3124/3026/3052
f 3123/3025/3051 3125/3027/3053 3121/3023/3049
f 3126/3028/3054 3122/3024/3050 3124/3026/3052
f 3123/3025/3051 3127/3029/3055 3125/3027/3053
f 3126/3028/3054 3124/3026/3052 3128/3030/3056
f 3127/3029/3055 3129/3031/3057 3125/3027/3053
f 3130/3032/3058 3126/3028/3054 3128/3030/3056
f 3127/3029/3055 3131/3033/3059 3129/3031/3057
f 3130/3032/3058 3128/3030/3056 3132/3034/3060
f 3131/3033/3059 3132/3034/3060 3129/3031/3057
f 3131/3033/3059 3130/3032/3058 3132/3034/3060
f 3135/3037/3063 3134/3036/3062 3133/3035/3061
f 3136/3038/3064 3135/3037/3063 3133/3035/3061
f 3135/3037/3063 3137/3039/3065 3134/3036/3062
f 3136/3038/3064 3133/3035/3061 3138/3040/3066
f 3137/3039/3065 3139/3041/3067 3134/3036/3062
f 3140/3042/3068 3136/3038/3064 3138/3040/3066
f 3137/3039/3065 3141/3043/3069 3139/3041/3067
f 3140/3042/3068 3138/3040/3066 3142/3044/3070
f 3141/3043/3069 3143/3045/3071 3139/3041/3067
f 3144/3046/3072 3140/3042/3068 3142/3044/3070
f 3141/3043/3069 3145/3047/3073 3143/3045/3071
f 3144/3046/3072 3142/3044/3070 3146/3048/3074
f 3145/3047/3073 3147/3049/3075 3143/3045/3071
f 3148/3050/3076 3144/3046/3072 3146/3048/3074
f 3145/3047/3073 3149/3051/3077 3147/3049/3075
f 3148/3050/3076 3146/3048/3074 3150/3052/3078
f 3149/3051/3077 3151/3053/3079 3147/3049/3075
f 3152/3054/3080 3148/3050/3076 3150/3052/3078
f 3149/3051/3077 3153/3055/3081 3151/3053/3079
f 3152/3054/3080 3150/3052/3078 3154/3056/3082
f 3153/3055/3081 3155/3057/3083 3151/3053/3079
f 3156/3058/3084 3152/3054/3080 3154/3056/3082
f 3153/3055/3081 3157/3059/3085 3155/3057/3083
f 3156/3058/3084 3154/3056/3082 3158/3060/3086
f 3157/3059/3085 3158/3060/3086 3155/3057/3083
f 3157/3059/3085 3156/3058/3084 3158/3060/3086
f 3161/3063/3089 3160/3062/3088 3159/3061/3087
f 3159/3061/3087 3160/3062/3088 3162/3064/3090
f 3163/3065/3091 3161/3063/3089 3159/3061/3087
f 3160/3062/3088 3164/3066/3092 3162/3064/3090
f 3165/3067/3093 3161/3063/3089 3163/3065/3091
f 3162/3064/3090 3164/3066/3092 3166/3068/3094
f 3167/3069/3095 3165/3067/3093 3163/3065/3091
f 3164/3066/3092 3168/3070/3096 3166/3068/3094
f 3169/3071/3097 3165/3067/3093 3167/3069/3095
f 3166/3068/3094 3168/3070/3096 3170/3072/3098
f 3171/3073/3099 3169/3071/3097 3167/3069/3095
f 3168/3070/3096 3172/3074/3100 3170/3072/3098
f 3173/3075/3101 3169/3071/3097 3171/3073/3099
f 3170/3072/3098 3172/3074/3100 3174/3076/3102
f 3174/3076/3102 3173/3075/3101 3171/3073/3099
f 3172/3074/3100 3173/3075/3101 3174/3076/3102
f 3175/3077/3103 3176/3078/3104 3177/3079/3105
f 3178/3080/3106 3179/3081/3107 3180/3082/3108
f 3181/3083/3109 3182/3084/3110 3183/3085/3111
f 3184/3086/3112 3185/3087/3113 3186/3088/3114
f 3184/3086/3112 3186/3088/3114 3187/3089/3115
f 3188/3090/3116 3184/3086/3112 3187/3089/3115
f 3187/3089/3115 3186/3088/3114 3189/3091/3117
f 3188/3090/3116 3187/3089/3115 3190/3092/3118
f 3191/3093/3119 3188/3090/3116 3190/3092/3118
f 3191/3093/3119 3190/3092/3118 3192/3094/3120
f 3192/3094/3120 3190/3092/3118 3193/3095/3121
f 3187/3089/3115 3193/3095/3121 3190/3092/3118
f 3192/3094/3120 3193/3095/3121 3194/3096/3122
f 3187/3089/3115 3189/3091/3117 3195/3097/3123
f 3187/3089/3115 3195/3097/3123 3193/3095/3121
f 3195/3097/3123 3189/3091/3117 3196/3098/3124
f 3194/3096/3122 3193/3095/3121 3197/3099/3125
f 3195/3097/3123 3197/3099/3125 3193/3095/3121
f 3194/3096/3122 3197/3099/3125 3198/3100/3126
f 3195/3097/3123 3196/3098/3124 3199/3101/3127
f 3195/3097/3123 3199/3101/3127 3197/3099/3125
f 3199/3101/3127 3196/3098/3124 3200/3102/3128
f 3198/3100/3126 3197/3099/3125 3201/3103/3129
f 3199/3101/3127 3201/3103/3129 3197/3099/3125
f 3198/3100/3126 3201/3103/3129 3202/3104/3130
f 3199/3101/3127 3200/3102/3128 3203/3105/3131
f 3199/3101/3127 3203/3105/3131 3201/3103/3129
f 3203/3105/3131 3200/3102/3128 3204/3106/3132
f 3202/3104/3130 3201/3103/3129 3205/3107/3133
f 3203/3105/3131 3205/3107/3133 3201/3103/3129
f 3202/3104/3130 3205/3107/3133 3206/3108/3134
f 3203/3105/3131 3204/3106/3132 3207/3109/3135
f 3203/3105/3131 3207/3109/3135 3205/3107/3133
f 3207/3109/3135 3204/3106/3132 3208/3110/3136
f 3206/3108/3134 3205/3107/3133 3209/3111/3137
f 3207/3109/3135 3209/3111/3137 3205/3107/3133
f 3206/3108/3134 3209/3111/3137 3210/3112/3138
f 3207/3109/3135 3208/3110/3136 3211/3113/3139
f 3207/3109/3135 3211/3113/3139 3209/3111/3137
f 3211/3113/3139 3208/3110/3136 3212/3114/3140
f 3210/3112/3138 3209/3111/3137 3213/3115/3141
f 3211/3113/3139 3213/3115/3141 3209/3111/3137
f 3210/3112/3138 3213/3115/3141 3214/3116/3142
f 3211/3113/3139 3212/3114/3140 3215/3117/3143
f 3211/3113/3139 3215/3117/3143 3213/3115/3141
f 3215/3117/3143 3212/3114/3140 3216/3118/3144
f 3214/3116/3142 3213/3115/3141 3217/3119/3145
f 3215/3117/3143 3217/3119/3145 3213/3115/3141
f 3214/3116/3142 3217/3119/3145 3218/3120/3146
f 3215/3117/3143 3216/3118/3144 3219/3121/3147
f 3215/3117/3143 3219/3121/3147 3217/3119/3145
f 3219/3121/3147 3216/3118/3144 3220/3122/3148
f 3218/3120/3146 3217/3119/3145 3221/3123/3149
f 3219/3121/3147 3221/3123/3149 3217/3119/3145
f 3218/3120/3146 3221/3123/3149 3222/3124/3150
f 3219/3121/3147 3220/3122/3148 3223/3125/3151
f 3219/3121/3147 3223/3125/3151 3221/3123/3149
f 3223/3125/3151 3220/3122/3148 3224/3126/3152
f 3222/3124/3150 3221/3123/3149 3225/3127/3153
f 3223/3125/3151 3225/3127/3153 3221/3123/3149
f 3222/3124/3150 3225/3127/3153 3226/3128/3154
f 3223/3125/3151 3224/3126/3152 3227/3129/3155
f 3223/3125/3151 3227/3129/3155 3225/3127/3153
f 3227/3129/3155 3224/3126/3152 3228/3130/3156
f 3226/3128/3154 3225/3127/3153 3229/3131/3157
f 3227/3129/3155 3229/3131/3157 3225/3127/3153
f 3226/3128/3154 3229/3131/3157 3230/3132/3158
f 3227/3129/3155 3228/3130/3156 3231/3133/3159
f 3227/3129/3155 3231/3133/3159 3229/3131/3157
f 3231/3133/3159 3228/3130/3156 3232/3134/3160
f 3230/3132/3158 3229/3131/3157 3233/3135/3161
f 3231/3133/3159 3233/3135/3161 3229/3131/3157
f 3230/3132/3158 3233/3135/3161 3234/3136/3162
f 3231/3133/3159 3232/3134/3160 3235/3137/3163
f 3231/3133/3159 3235/3137/3163 3233/3135/3161
f 3235/3137/3163 3232/3134/3160 3236/3138/3164
f 3235/3137/3163 3236/3138/3164 3237/3139/3165
f 3235/3137/3163 3237/3139/3165 3238/3140/3166
f 3235/3137/3163 3238/3140/3166 3233/3135/3161
f 3234/3136/3162 3233/3135/3161 3238/3140/3166
f 3234/3136/3162 3238/3140/3166 3239/3141/3167
f 3240/3142/3168 3241/3143/3169 3242/3144/3170
f 3240/3142/3168 3242/3144/3170 3243/3145/3171
f 3244/3146/3172 3240/3142/3168 3243/3145/3171
f 3244/3146/3172 3243/3145/3171 3245/3147/3173
f 3246/3148/3174 3247/3149/3175 3248/3150/3176
f 3246/3148/3174 3249/3151/3177 3247/3149/3175
f 3249/3151/3177 3250/3152/3178 3247/3149/3175
f 3249/3151/3177 3251/3153/3179 3250/3152/3178
f 3251/3153/3179 3252/3154/3180 3250/3152/3178
f 3251/3153/3179 3253/3155/3181 3252/3154/3180
f 3253/3155/3181 3254/3156/3182 3252/3154/3180
f 3253/3155/3181 3255/3157/3183 3254/3156/3182
f 3255/3157/3183 3256/3158/3184 3254/3156/3182
f 3255/3157/3183 3257/3159/3185 3256/3158/3184
f 3257/3159/3185 3258/3160/3186 3256/3158/3184
f 3257/3159/3185 3259/3161/3187 3258/3160/3186
f 3259/3161/3187 3260/3162/3188 3258/3160/3186
f 3259/3161/3187 3261/3163/3189 3260/3162/3188
f 3261/3163/3189 3262/3164/3190 3260/3162/3188
f 3261/3163/3189 3263/3165/3191 3262/3164/3190
f 3263/3165/3191 3264/3166/3192 3262/3164/3190
f 3263/3165/3191 3265/3167/3193 3264/3166/3192
f 3265/3167/3193 3266/3168/3194 3264/3166/3192
f 3265/3167/3193 3267/3169/3195 3266/3168/3194
f 3267/3169/3195 3268/3170/3196 3266/3168/3194
f 3267/3169/3195 3269/3171/3197 3268/3170/3196
f 3269/3171/3197 3270/3172/3198 3268/3170/3196
f 3269/3171/3197 3271/3173/3199 3270/3172/3198
f 3271/3173/3199 3272/3174/3200 3270/3172/3198
f 3271/3173/3199 3273/3175/3201 3272/3174/3200
f 3274/3176/3202 3275/3177/3203 3276/3178/3204
f 3274/3176/3202 3276/3178/3204 3277/3179/3205
f 3278/3180/3206 3274/3176/3202 3277/3179/3205
f 3278/3180/3206 3277/3179/3205 3279/3181/3207
f 3280/3182/3208 3278/3180/3206 3279/3181/3207
f 3280/3182/3208 3279/3181/3207 3281/3183/3209
f 3282/3184/3210 3280/3182/3208 3281/3183/3209
f 3282/3184/3210 3281/3183/3209 3283/3185/3211
f 3284/3186/3212 3282/3184/3210 3283/3185/3211
f 3284/3186/3212 3283/3185/3211 3285/3187/3213
f 3286/3188/3214 3284/3186/3212 3285/3187/3213
f 3286/3188/3214 3285/3187/3213 3287/3189/3215
f 3288/3190/3216 3289/3191/3217 3290/3192/3218
f 3288/3190/3216 3290/3192/3218 3291/3193/3219
f 3292/3194/3220 3288/3190/3216 3291/3193/3219
f 3292/3194/3220 3291/3193/3219 3293/3195/3221
f 3294/3196/3222 3295/3197/3223 3296/3198/3224
f 3294/3196/3222 3296/3198/3224 3297/3199/3225
f 3298/3200/3226 3299/3201/3227 3300/3202/3228
f 3298/3200/3226 3300/3202/3228 3301/3203/3229
f 3302/3204/3230 3298/3200/3226 3301/3203/3229
f 3302/3204/3230 3301/3203/3229 3303/3205/3231
f 3304/3206/3232 3305/3207/3233 3306/3208/3234
f 3305/3207/3233 3307/3209/3235 3306/3208/3234
f 3308/3210/3236 3306/3208/3234 3307/3209/3235
f 3308/3210/3236 3309/3211/3237 3306/3208/3234
f 3307/3209/3235 3310/3212/3238 3308/3210/3236
f 3307/3209/3235 3311/3213/3239 3310/3212/3238
f 3311/3213/3239 3312/3214/3240 3310/3212/3238
f 3312/3214/3240 3313/3215/3241 3310/3212/3238
f 3310/3212/3238 3314/3216/3242 3308/3210/3236
f 3310/3212/3238 3315/3217/3243 3314/3216/3242
f 3314/3216/3242 3316/3218/3244 3308/3210/3236
f 3317/3219/3245 3318/3220/3246 3319/3221/3247
f 3317/3219/3245 3319/3221/3247 3320/3222/3248
f 3321/3223/3249 3317/3219/3245 3320/3222/3248
f 3320/3222/3248 3322/3224/3250 3321/3223/3249
f 3319/3221/3247 3323/3225/3251 3320/3222/3248
f 3324/3226/3252 3323/3225/3251 3319/3221/3247
f 3325/3227/3253 3324/3226/3252 3319/3221/3247
f 3319/3221/3247 3326/3228/3254 3325/3227/3253
f 3323/3225/3251 3327/3229/3255 3320/3222/3248
f 3323/3225/3251 3328/3230/3256 3327/3229/3255
f 3327/3229/3255 3329/3231/3257 3320/3222/3248
f 3330/3232/3258 3331/3233/3259 3332/3234/3260
f 3330/3232/3258 3333/3235/3261 3331/3233/3259
f 3334/3236/3262 3335/3237/3263 3336/3238/3264
f 3334/3236/3262 3337/3239/3265 3335/3237/3263
f 3338/3240/3266 3339/3241/3267 3340/3242/3268
f 3338/3240/3266 3341/3243/3269 3339/3241/3267
f 3342/3244/3270 3343/3245/3271 3344/3246/3272
f 3342/3244/3270 3345/3247/3273 3343/3245/3271
f 3346/3248/3274 3347/3249/3275 3348/3250/3276
f 3346/3248/3274 3349/3251/3277 3347/3249/3275
f 3350/3252/3278 3351/3253/3279 3352/3254/3280
f 3350/3252/3278 3353/3255/3281 3351/3253/3279
f 3354/3256/3282 3355/3257/3283 3356/3258/3284
f 3354/3256/3282 3357/3259/3285 3355/3257/3283
f 3358/3260/3286 3359/3261/3287 3360/3262/3288
f 3358/3260/3286 3361/3263/3289 3359/3261/3287
f 3362/3264/3290 3363/3265/3291 3364/3266/3292
f 3362/3264/3290 3365/3267/3293 3363/3265/3291
f 3366/3268/3294 3367/3269/3295 3368/3270/3296
f 3366/3268/3294 3369/3271/3297 3367/3269/3295
f 3370/3272/3298 3371/3273/3299 3372/3274/3300
f 3372/3274/3300 3373/3275/3301 3370/3272/3298
f 3373/3275/3301 3374/3276/3302 3370/3272/3298
f 3375/3277/3303 3376/3278/3304 3377/3279/3305
f 3375/3277/3303 3378/3280/3306 3376/3278/3304
f 3379/3281/3307 3380/3282/3308 3381/3283/3309
f 3379/3281/3307 3382/3284/3310 3380/3282/3308
f 3383/3285/3311 3384/3286/3312 3385/3287/3313
f 3383/3285/3311 3386/3288/3314 3384/3286/3312
f 3387/3289/3315 3388/3290/3316 3389/3291/3317
f 3387/3289/3315 3390/3292/3318 3388/3290/3316
f 3391/3293/3319 3392/3294/3320 3393/3295/3321
f 3391/3293/3319 3394/3296/3322 3392/3294/3320
f 3395/3297/3323 3396/3298/3324 3397/3299/3325
f 3395/3297/3323 3398/3300/3326 3396/3298/3324
f 3399/3301/3327 3400/3302/3328 3401/3303/3329
f 3399/3301/3327 3402/3304/3330 3400/3302/3328
f 3403/3305/3331 3404/3306/3332 3405/3307/3333
f 3403/3305/3331 3406/3308/3334 3404/3306/3332
f 3407/3309/3335 3408/3310/3336 3409/3311/3337
f 3407/3309/3335 3410/3312/3338 3408/3310/3336
f 3411/3313/3339 3412/3314/3340 3413/3315/3341
f 3411/3313/3339 3414/3316/3342 3412/3314/3340
f 3415/3317/3343 3416/3318/3344 3417/3319/3345
f 3415/3317/3343 3418/3320/3346 3416/3318/3344
f 3419/3321/3347 3420/3322/3348 3421/3323/3349
f 3419/3321/3347 3422/3324/3350 3420/3322/3348
f 3423/3325/3351 3424/3326/3352 3425/3327/3353
f 3423/3325/3351 3426/3328/3354 3424/3326/3352
f 3427/3329/3355 3428/3330/3356 3429/3331/3357
f 3427/3329/3355 3430/3332/3358 3428/3330/3356
f 3431/3333/3359 3432/3334/3360 3433/3335/3361
f 3431/3333/3359 3434/3336/3362 3432/3334/3360
f 3435/3337/3363 3436/3338/3364 3437/3339/3365
f 3435/3337/3363 3438/3340/3366 3436/3338/3364
f 3439/3341/3367 3440/3342/3368 3441/3343/3369
f 3439/3341/3367 3442/3344/3370 3440/3342/3368
f 3443/3345/3371 3444/3346/3372 3445/3347/3373
f 3443/3345/3371 3446/3348/3374 3444/3346/3372
f 3447/3349/3375 3448/3350/3376 3449/3351/3377
f 3447/3349/3375 3450/3352/3378 3448/3350/3376
f 3451/3353/3379 3452/3354/3380 3453/3355/3381
f 3451/3353/3379 3454/3356/3382 3452/3354/3380
f 3455/3357/3383 3456/3358/3384 3457/3359/3385
f 3455/3357/3383 3458/3360/3386 3456/3358/3384
f 3459/3361/3387 3460/3362/3388 3461/3363/3389
f 3459/3361/3387 3462/3364/3390 3460/3362/3388
f 3463/3365/3391 3464/3366/3392 3465/3367/3393
f 3463/3365/3391 3466/3368/3394 3464/3366/3392
f 3467/3369/3395 3468/3370/3396 3469/3371/3397
f 3467/3369/3395 3470/3372/3398 3468/3370/3396
f 3471/3373/3399 3472/3374/3400 3473/3375/3401
f 3471/3373/3399 3474/3376/3402 3472/3374/3400
f 3475/3377/3403 3476/3378/3404 3477/3379/3405
f 3475/3377/3403 3478/3380/3406 3476/3378/3404
f 3479/3381/3407 3480/3382/3408 3481/3383/3409
f 3479/3381/3407 3482/3384/3410 3480/3382/3408
f 3483/3385/3411 3484/3386/3412 3485/3387/3413
f 3483/3385/3411 3486/3388/3414 3484/3386/3412
f 3487/3389/3415 3488/3390/3416 3489/3391/3417
f 3487/3389/3415 3490/3392/3418 3488/3390/3416
f 3491/3393/3419 3492/3394/3420 3493/3395/3421
f 3491/3393/3419 3494/3396/3422 3492/3394/3420
f 3495/3397/3423 3496/3398/3424 3497/3399/3425
f 3495/3397/3423 3498/3400/3426 3496/3398/3424
f 3499/3401/3427 3500/3402/3428 3501/3403/3429
f 3499/3401/3427 3502/3404/3430 3500/3402/3428
f 3503/3405/3431 3504/3406/3432 3505/3407/3433
f 3503/3405/3431 3506/3408/3434 3504/3406/3432
f 3507/3409/3435 3508/3410/3436 3509/3411/3437
f 3507/3409/3435 3510/3412/3438 3508/3410/3436
f 3511/3413/3439 3512/3414/3440 3513/3415/3441
f 3511/3413/3439 3514/3416/3442 3512/3414/3440
f 3515/3417/3443 3516/3418/3444 3517/3419/3445
f 3515/3417/3443 3518/3420/3446 3516/3418/3444
f 3519/3421/3447 3520/3422/3448 3521/3423/3449
f 3519/3421/3447 3522/3424/3450 3520/3422/3448
f 3523/3425/3451 3524/3426/3452 3525/3427/3453
f 3523/3425/3451 3526/3428/3454 3524/3426/3452
f 3527/3429/3455 3528/3430/3456 3529/3431/3457
f 3530/3432/3458 3528/3430/3456 3527/3429/3455
f 3528/3430/3456 3530/3432/3458 3531/3433/3459
f 3528/3430/3456 3531/3433/3459 3532/3434/3460
f 3533/3435/3461 3534/3436/3462 3535/3437/3463
f 3534/3436/3462 3533/3435/3461 3536/3438/3464
f 3534/3436/3462 3536/3438/3464 3537/3439/3465
f 3536/3438/3464 3533/3435/3461 3538/3440/3466
f 3539/3441/3467 3540/3442/3468 3541/3443/3469
f 3542/3444/3470 3540/3442/3468 3539/3441/3467
f 3543/3445/3471 3540/3442/3468 3542/3444/3470
f 3544/3446/3472 3540/3442/3468 3543/3445/3471
f 3545/3447/3473 3546/3448/3474 3547/3449/3475
f 3546/3448/3474 3545/3447/3473 3548/3450/3476
f 3548/3450/3476 3549/3451/3477 3546/3448/3474
f 3548/3450/3476 3545/3447/3473 3550/3452/3478
f 3551/3453/3479 3552/3454/3480 3553/3455/3481
f 3551/3453/3479 3553/3455/3481 3554/3456/3482
f 3553/3455/3481 3555/3457/3483 3554/3456/3482
f 3556/3458/3484 3554/3456/3482 3555/3457/3483
f 3553/3455/3481 3557/3459/3485 3555/3457/3483
f 3557/3459/3485 3558/3460/3486 3555/3457/3483
f 3559/3461/3487 3560/3462/3488 3561/3463/3489
f 3562/3464/3490 3559/3461/3487 3561/3463/3489
f 3563/3465/3491 3564/3466/3492 3565/3467/3493
f 3563/3465/3491 3565/3467/3493 3566/3468/3494
f 3566/3468/3494 3567/3469/3495 3568/3470/3496
f 3569/3471/3497 3568/3470/3496 3567/3469/3495
f 3570/3472/3498 3571/3473/3499 3572/3474/3500
f 3573/3475/3501 3572/3474/3500 3571/3473/3499
f 3574/3476/3502 3575/3477/3503 3573/3475/3501
f 3573/3475/3501 3575/3477/3503 3576/3478/3504
f 3575/3477/3503 3577/3479/3505 3576/3478/3504
f 3577/3479/3505 3578/3480/3506 3576/3478/3504
f 3577/3479/3505 3579/3481/3507 3578/3480/3506
f 3580/3482/3508 3578/3480/3506 3581/3483/3509
f 3582/3484/3510 3580/3482/3508 3581/3483/3509
f 3583/3485/3511 3584/3486/3512 3585/3487/3513
f 3584/3486/3512 3586/3488/3514 3585/3487/3513
f 3587/3489/3515 3588/3490/3516 3589/3491/3517
f 3587/3489/3515 3590/3492/3518 3588/3490/3516
f 3588/3490/3516 3590/3492/3518 3591/3493/3519
f 3588/3490/3516 3591/3493/3519 3592/3494/3520
f 3593/3495/3521 3588/3490/3516 3592/3494/3520
f 3590/3492/3518 3594/3496/3522 3595/3497/3523
f 3596/3498/3524 3595/3497/3523 3594/3496/3522
f 3594/3496/3522 3597/3499/3525 3596/3498/3524
f 3596/3498/3524 3597/3499/3525 3598/3500/3526
f 3599/3501/3527 3600/3502/3528 3601/3503/3529
f 3600/3502/3528 3602/3504/3530 3601/3503/3529
f 3603/3505/3531 3604/3506/3532 3605/3507/3533
f 3604/3506/3532 3606/3508/3534 3605/3507/3533
f 3607/3509/3535 3608/3510/3536 3609/3511/3537
f 3609/3511/3537 3610/3512/3538 3607/3509/3535
f 3609/3511/3537 3611/3513/3539 3610/3512/3538
f 3611/3513/3539 3612/3514/3540 3610/3512/3538
f 3611/3513/3539 3613/3515/3541 3612/3514/3540
f 3613/3515/3541 3614/3516/3542 3612/3514/3540
f 3615/3517/3543 3616/3518/3544 3617/3519/3545
f 3615/3517/3543 3617/3519/3545 3618/3520/3546
f 3616/3518/3544 3619/3521/3547 3617/3519/3545
f 3620/3522/3548 3615/3517/3543 3618/3520/3546
f 3616/3518/3544 3621/3523/3549 3619/3521/3547
f 3620/3522/3548 3618/3520/3546 3622/3524/3550
f 3621/3523/3549 3623/3525/3551 3619/3521/3547
f 3624/3526/3552 3620/3522/3548 3622/3524/3550
f 3621/3523/3549 3625/3527/3553 3623/3525/3551
f 3624/3526/3552 3622/3524/3550 3626/3528/3554
f 3625/3527/3553 3627/3529/3555 3623/3525/3551
f 3628/3530/3556 3624/3526/3552 3626/3528/3554
f 3625/3527/3553 3629/3531/3557 3627/3529/3555
f 3628/3530/3556 3626/3528/3554 3630/3532/3558
f 3629/3531/3557 3631/3533/3559 3627/3529/3555
f 3632/3534/3560 3628/3530/3556 3630/3532/3558
f 3629/3531/3557 3633/3535/3561 3631/3533/3559
f 3632/3534/3560 3630/3532/3558 3634/3536/3562
f 3633/3535/3561 3635/3537/3563 3631/3533/3559
f 3636/3538/3564 3632/3534/3560 3634/3536/3562
f 3633/3535/3561 3637/3539/3565 3635/3537/3563
f 3636/3538/3564 3634/3536/3562 3638/3540/3566
f 3637/3539/3565 3639/3541/3567 3635/3537/3563
f 3640/3542/3568 3636/3538/3564 3638/3540/3566
f 3637/3539/3565 3640/3542/3568 3639/3541/3567
f 3640/3542/3568 3638/3540/3566 3639/3541/3567
f 3641/3543/3569 3642/3544/3570 3643/3545/3571
f 3641/3543/3569 3643/3545/3571 3644/3546/3572
f 3642/3544/3570 3645/3547/3573 3643/3545/3571
f 3646/3548/3574 3641/3543/3569 3644/3546/3572
f 3642/3544/3570 3647/3549/3575 3645/3547/3573
f 3646/3548/3574 3644/3546/3572 3648/3550/3576
f 3647/3549/3575 3649/3551/3577 3645/3547/3573
f 3650/3552/3578 3646/3548/3574 3648/3550/3576
f 3647/3549/3575 3651/3553/3579 3649/3551/3577
f 3650/3552/3578 3648/3550/3576 3652/3554/3580
f 3651/3553/3579 3653/3555/3581 3649/3551/3577
f 3654/3556/3582 3650/3552/3578 3652/3554/3580
f 3651/3553/3579 3655/3557/3583 3653/3555/3581
f 3654/3556/3582 3652/3554/3580 3656/3558/3584
f 3655/3557/3583 3657/3559/3585 3653/3555/3581
f 3658/3560/3586 3654/3556/3582 3656/3558/3584
f 3655/3557/3583 3659/3561/3587 3657/3559/3585
f 3658/3560/3586 3656/3558/3584 3660/3562/3588
f 3659/3561/3587 3661/3563/3589 3657/3559/3585
f 3662/3564/3590 3658/3560/3586 3660/3562/3588
f 3659/3561/3587 3663/3565/3591 3661/3563/3589
f 3662/3564/3590 3660/3562/3588 3664/3566/3592
f 3663/3565/3591 3665/3567/3593 3661/3563/3589
f 3666/3568/3594 3662/3564/3590 3664/3566/3592
f 3663/3565/3591 3666/3568/3594 3665/3567/3593
f 3666/3568/3594 3664/3566/3592 3665/3567/3593
f 3667/3569/3595 3668/3570/3596 3669/3571/3597
f 3670/3572/3598 3668/3570/3596 3667/3569/3595
f 3667/3569/3595 3669/3571/3597 3671/3573/3599
f 3670/3572/3598 3672/3574/3600 3668/3570/3596
f 3671/3573/3599 3669/3571/3597 3673/3575/3601
f 3674/3576/3602 3672/3574/3600 3670/3572/3598
f 3671/3573/3599 3673/3575/3601 3675/3577/3603
f 3674/3576/3602 3676/3578/3604 3672/3574/3600
f 3675/3577/3603 3673/3575/3601 3677/3579/3605
f 3678/3580/3606 3676/3578/3604 3674/3576/3602
f 3675/3577/3603 3677/3579/3605 3679/3581/3607
f 3678/3580/3606 3680/3582/3608 3676/3578/3604
f 3679/3581/3607 3677/3579/3605 3681/3583/3609
f 3682/3584/3610 3680/3582/3608 3678/3580/3606
f 3679/3581/3607 3681/3583/3609 3682/3584/3610
f 3682/3584/3610 3681/3583/3609 3680/3582/3608
