# Generated static comparison: original coordinates, no scaling. Nominal rest suspension, +Y up / -Z forward.
v -1.10600000 0.60000000 -1.44356600
v 1.10600000 0.60000000 -1.44356600
v 1.10600000 0.60000000 1.44356600
v -1.10600000 0.60000000 1.44356600
v -1.10600000 0.85000000 1.44356600
v 1.10600000 0.85000000 1.44356600
v 1.10600000 0.85000000 -1.44356600
v -1.10600000 0.85000000 -1.44356600
v -0.09523500 0.62107900 -3.10091900
v -0.00476500 0.62107900 -3.05831200
v -0.00476500 0.52107900 -3.05831200
v -0.09523500 0.52107900 -3.10091900
v -1.17623500 0.67500000 -0.80558600
v -1.08576500 0.67500000 -0.76297900
v -1.08576500 0.77500000 -0.76297900
v -1.17623500 0.77500000 -0.80558600
v 0.00476500 0.62107900 -3.05831200
v 0.09523500 0.62107900 -3.10091900
v 0.09523500 0.52107900 -3.10091900
v 0.00476500 0.52107900 -3.05831200
v 1.08576500 0.67500000 -0.76297900
v 1.17623500 0.67500000 -0.80558600
v 1.17623500 0.77500000 -0.80558600
v 1.08576500 0.77500000 -0.76297900
v -1.30000000 0.40000000 0.26371300
v 1.30000000 0.40000000 0.26371300
v 1.30000000 0.40000000 0.36371300
v -1.30000000 0.40000000 0.36371300
v -1.30000000 0.50000000 0.36371300
v 1.30000000 0.50000000 0.36371300
v 1.30000000 0.50000000 0.26371300
v -1.30000000 0.50000000 0.26371300
v -1.23100000 0.60000000 -1.56856600
v -0.98100000 0.60000000 -1.56856600
v -0.98100000 0.60000000 1.56856600
v -1.23100000 0.60000000 1.56856600
v -1.23100000 1.85000100 1.56856600
v -0.98100000 1.85000100 1.56856600
v -0.98100000 1.85000100 -1.56856600
v -1.23100000 1.85000100 -1.56856600
v 0.98100000 0.60000000 -1.56856600
v 1.23100000 0.60000000 -1.56856600
v 1.23100000 0.60000000 1.56856600
v 0.98100000 0.60000000 1.56856600
v 0.98100000 1.85000100 1.56856600
v 1.23100000 1.85000100 1.56856600
v 1.23100000 1.85000100 -1.56856600
v 0.98100000 1.85000100 -1.56856600
v -1.10600000 0.60000000 -1.56856600
v 1.10600000 0.60000000 -1.56856600
v 1.10600000 0.60000000 -1.31856600
v -1.10600000 0.60000000 -1.31856600
v -1.10600000 1.85000100 -1.31856600
v 1.10600000 1.85000100 -1.31856600
v 1.10600000 1.85000100 -1.56856600
v -1.10600000 1.85000100 -1.56856600
v -1.10600000 0.60000000 1.31856600
v 1.10600000 0.60000000 1.31856600
v 1.10600000 0.60000000 1.56856600
v -1.10600000 0.60000000 1.56856600
v -1.10600000 1.85000100 1.56856600
v 1.10600000 1.85000100 1.56856600
v 1.10600000 1.85000100 1.31856600
v -1.10600000 1.85000100 1.31856600
v -0.10000000 0.52107900 -3.37961500
v 0.10000000 0.52107900 -3.37961500
v 0.10000000 0.52107900 -3.07961500
v -0.10000000 0.52107900 -3.07961500
v -0.10000000 0.62107900 -3.07961500
v 0.10000000 0.62107900 -3.07961500
v 0.10000000 0.62107900 -3.37961500
v -0.10000000 0.62107900 -3.37961500
v 0.10000000 0.00000000 -2.44909100
v 0.20000000 0.00000000 -2.44909100
v 0.20000000 0.00000000 -2.39909100
v 0.10000000 0.00000000 -2.39909100
v 0.10000000 0.52107900 -2.39909100
v 0.20000000 0.52107900 -2.39909100
v 0.20000000 0.52107900 -2.44909100
v 0.10000000 0.52107900 -2.44909100
v 1.11345200 1.51453950 1.59219190
v 1.11345200 1.18546150 1.59219190
v 1.11345300 1.18546150 1.40228490
v 1.11345200 1.51453950 1.59219190
v 1.11345300 1.18546150 1.40228490
v 1.11345300 1.51453950 1.40228490
v 0.78437400 1.51453950 1.40228390
v 0.78437400 1.18546150 1.40228390
v 0.78437300 1.18546150 1.59218990
v 0.78437400 1.51453950 1.40228390
v 0.78437300 1.18546150 1.59218990
v 0.78437300 1.51453950 1.59218990
v 1.11345200 1.18546150 1.59219190
v 0.78437300 1.18546150 1.59218990
v 0.78437400 1.18546150 1.40228390
v 1.11345200 1.18546150 1.59219190
v 0.78437400 1.18546150 1.40228390
v 1.11345300 1.18546150 1.40228490
v 0.78437300 1.51453950 1.59218990
v 1.11345200 1.51453950 1.59219190
v 1.11345300 1.51453950 1.40228490
v 0.78437300 1.51453950 1.59218990
v 1.11345300 1.51453950 1.40228490
v 0.78437400 1.51453950 1.40228390
v -1.11347600 1.51453950 1.59218190
v -1.11347600 1.51453950 1.40227590
v -1.11347600 1.18546150 1.40227590
v -1.11347600 1.51453950 1.59218190
v -1.11347600 1.18546150 1.40227590
v -1.11347600 1.18546150 1.59218190
v -0.78439700 1.51453950 1.40227690
v -0.78439800 1.51453950 1.59218390
v -0.78439800 1.18546150 1.59218390
v -0.78439700 1.51453950 1.40227690
v -0.78439800 1.18546150 1.59218390
v -0.78439700 1.18546150 1.40227690
v -1.11347600 1.18546150 1.59218190
v -1.11347600 1.18546150 1.40227590
v -0.78439700 1.18546150 1.40227690
v -1.11347600 1.18546150 1.59218190
v -0.78439700 1.18546150 1.40227690
v -0.78439800 1.18546150 1.59218390
v -0.78439800 1.51453950 1.59218390
v -0.78439700 1.51453950 1.40227690
v -1.11347600 1.51453950 1.40227590
v -0.78439800 1.51453950 1.59218390
v -1.11347600 1.51453950 1.40227590
v -1.11347600 1.51453950 1.59218190
v 0.78437300 1.51453950 1.59218990
v 0.78437300 1.18546150 1.59218990
v 1.11345200 1.18546150 1.59219190
v 1.11345200 1.51453950 1.59219190
v -0.78439800 1.51453950 1.59218390
v -1.11347600 1.51453950 1.59218190
v -1.11347600 1.18546150 1.59218190
v -0.78439800 1.18546150 1.59218390
v -1.50000000 0.54015600 0.35083718
v -1.50000000 0.54015600 0.27659118
v -1.50000000 0.63750000 0.31371418
v -1.50000000 0.42258300 0.25978018
v -1.50000000 0.41287700 0.22355818
v -1.50000000 0.47741700 0.25978018
v -1.50000000 0.47741700 0.25978018
v -1.50000000 0.41287700 0.22355818
v -1.50000000 0.48712300 0.22355818
v -1.40000000 0.00000000 0.31371318
v -1.50000000 0.01125000 0.31371418
v -1.49999900 0.06150600 0.51761118
v -1.39999900 0.05154500 0.52283918
v -1.20000000 0.00000000 0.31371318
v -1.49999800 0.20076200 0.67479818
v -1.19999900 0.05154500 0.52283818
v -1.10000000 0.01125000 0.31371218
v -1.09999900 0.06150600 0.51760918
v -1.19999800 0.19437100 0.68405518
v -1.09999800 0.20076200 0.67479618
v -1.39999800 0.19437100 0.68405618
v -1.49999800 0.39711500 0.74926518
v -1.19999800 0.39575800 0.76043218
v -1.09999800 0.39711500 0.74926318
v -1.39999800 0.39575800 0.76043218
v -1.49999800 0.60558300 0.72395218
v -1.19999800 0.60957200 0.73447018
v -1.09999800 0.60558300 0.72395118
v -1.39999800 0.60957200 0.73447118
v -1.49999900 0.77840900 0.60465918
v -1.19999900 0.78683000 0.61211818
v -1.09999900 0.77840900 0.60465718
v -1.39999900 0.78683000 0.61211918
v -1.50000000 0.87600100 0.41871418
v -1.20000000 0.88692400 0.42140518
v -1.10000000 0.87600100 0.41871218
v -1.40000000 0.88692400 0.42140618
v -1.50000000 0.87600100 0.20871418
v -1.20000000 0.88692400 0.20602018
v -1.10000000 0.87600100 0.20871218
v -1.40000000 0.88692400 0.20602118
v -1.50000100 0.77840900 0.02276918
v -1.20000100 0.78683000 0.01530718
v -1.10000100 0.77840900 0.02276718
v -1.40000100 0.78683000 0.01530818
v -1.50000200 0.60558300 -0.09652482
v -1.20000200 0.60957200 -0.10704482
v -1.10000200 0.60558300 -0.09652582
v -1.40000200 0.60957200 -0.10704382
v -1.50000200 0.39711500 -0.12183682
v -1.20000200 0.39575800 -0.13300582
v -1.10000200 0.39711500 -0.12183882
v -1.40000200 0.39575800 -0.13300582
v -1.50000200 0.20076200 -0.04736982
v -1.20000200 0.19437100 -0.05662982
v -1.10000200 0.20076200 -0.04737182
v -1.40000200 0.19437100 -0.05662882
v -1.50000100 0.06150600 0.10981718
v -1.20000100 0.05154500 0.10458718
v -1.10000100 0.06150600 0.10981518
v -1.40000100 0.05154500 0.10458818
v -1.50000000 0.01125000 0.31371418
v -1.40000000 0.00000000 0.31371318
v -1.20000000 0.00000000 0.31371318
v -1.10000000 0.01125000 0.31371218
v -1.09999900 0.18833800 0.45104318
v -1.10000000 0.15448900 0.31371218
v -1.10000000 0.01125000 0.31371218
v -1.09999900 0.06150600 0.51760918
v -1.09999900 0.28213100 0.55691318
v -1.09999800 0.20076200 0.67479618
v -1.50000000 0.15448900 0.31371418
v -1.49999900 0.06150600 0.51761118
v -1.50000000 0.01125000 0.31371418
v -1.49999900 0.18833800 0.45104518
v -1.49999800 0.20076200 0.67479818
v -1.49999900 0.28213100 0.55691518
v -1.49999800 0.39711500 0.74926518
v -1.49999900 0.41438000 0.60707018
v -1.49999800 0.60558300 0.72395218
v -1.49999900 0.55479000 0.59002118
v -1.49999900 0.77840900 0.60465918
v -1.49999900 0.67119300 0.50967418
v -1.50000000 0.87600100 0.41871418
v -1.50000000 0.73692400 0.38443418
v -1.50000000 0.87600100 0.20871418
v -1.50000000 0.73692400 0.24299418
v -1.50000100 0.77840900 0.02276918
v -1.50000100 0.67119300 0.11775418
v -1.50000200 0.60558300 -0.09652482
v -1.50000100 0.55479000 0.03740618
v -1.50000200 0.39711500 -0.12183682
v -1.50000100 0.41438000 0.02035818
v -1.50000200 0.20076200 -0.04736982
v -1.50000100 0.28213100 0.07051318
v -1.50000100 0.06150600 0.10981718
v -1.50000100 0.18833800 0.17638318
v -1.50000000 0.01125000 0.31371418
v -1.50000000 0.15448900 0.31371418
v -1.09999900 0.41438000 0.60706818
v -1.09999900 0.28213100 0.55691318
v -1.09999800 0.20076200 0.67479618
v -1.09999800 0.39711500 0.74926318
v -1.09999900 0.55479000 0.59002018
v -1.09999800 0.60558300 0.72395118
v -1.09999900 0.67119300 0.50967218
v -1.09999900 0.77840900 0.60465718
v -1.10000000 0.73692400 0.38443218
v -1.10000000 0.87600100 0.41871218
v -1.10000000 0.73692400 0.24299218
v -1.10000000 0.87600100 0.20871218
v -1.10000100 0.67119300 0.11775218
v -1.10000100 0.77840900 0.02276718
v -1.10000100 0.55479000 0.03740518
v -1.10000100 0.67119300 0.11775218
v -1.10000100 0.77840900 0.02276718
v -1.10000200 0.60558300 -0.09652582
v -1.10000100 0.41438000 0.02035618
v -1.10000200 0.39711500 -0.12183882
v -1.10000100 0.28213100 0.07051118
v -1.10000100 0.41438000 0.02035618
v -1.10000200 0.39711500 -0.12183882
v -1.10000200 0.20076200 -0.04737182
v -1.10000100 0.18833800 0.17638118
v -1.10000100 0.28213100 0.07051118
v -1.10000200 0.20076200 -0.04737182
v -1.10000100 0.06150600 0.10981518
v -1.10000000 0.15448900 0.31371218
v -1.10000000 0.01125000 0.31371218
v -1.18000100 0.20142100 0.18324818
v -1.18000000 0.16926500 0.31371218
v -1.18000100 0.29052400 0.08267218
v -1.17999900 0.20142100 0.44417718
v -1.18000100 0.54955000 0.05122018
v -1.18000100 0.41616100 0.03502418
v -1.17999900 0.66013300 0.49987418
v -1.17999900 0.29052400 0.54475318
v -1.17999900 0.41616100 0.59240118
v -1.17999900 0.54955000 0.57620518
v -1.18000000 0.72257800 0.24652818
v -1.18000000 0.72257800 0.38089718
v -1.18000100 0.66013300 0.12755118
v -1.41999900 0.29052400 0.54475418
v -1.41999900 0.20142100 0.44417818
v -1.42000000 0.16926500 0.31371418
v -1.41999900 0.66013300 0.49987518
v -1.41999900 0.41616100 0.59240218
v -1.41999900 0.54955000 0.57620618
v -1.42000100 0.54955000 0.05122118
v -1.42000100 0.41616100 0.03502518
v -1.42000100 0.29052400 0.08267318
v -1.42000100 0.20142100 0.18324918
v -1.42000000 0.72257800 0.24652918
v -1.42000100 0.66013300 0.12755218
v -1.42000000 0.72257800 0.38089818
v -1.50000000 0.26250000 0.31371418
v -1.40000000 0.28762000 0.40746318
v -1.40000000 0.26250000 0.31371318
v -1.50000000 0.28762000 0.40746418
v -1.50000000 0.28762000 0.40746418
v -1.47999900 0.26079100 0.57155318
v -1.47999900 0.19216100 0.50292318
v -1.49999900 0.35625000 0.47609418
v -1.49999900 0.35625000 0.47609418
v -1.39999900 0.45000000 0.50121318
v -1.39999900 0.35625000 0.47609318
v -1.49999900 0.45000000 0.50121418
v -1.49999900 0.45000000 0.50121418
v -1.41999900 0.48494100 0.63161418
v -1.39999900 0.45000000 0.50121318
v -1.47999900 0.48494100 0.63161418
v -1.49999900 0.54375000 0.47609418
v -1.40000000 0.61238000 0.40746318
v -1.39999900 0.54375000 0.47609318
v -1.50000000 0.61238000 0.40746418
v -1.40000000 0.63750000 0.31371318
v -1.48000000 0.76790000 0.34865418
v -1.50000000 0.63750000 0.31371418
v -1.42000000 0.76790000 0.34865418
v -1.50000000 0.63750000 0.31371418
v -1.40000000 0.61238000 0.21996318
v -1.40000000 0.63750000 0.31371318
v -1.50000000 0.61238000 0.21996418
v -1.50000000 0.61238000 0.21996418
v -1.48000100 0.63920900 0.05587518
v -1.48000100 0.70783900 0.12450418
v -1.50000100 0.54375000 0.15133418
v -1.50000100 0.54375000 0.15133418
v -1.40000100 0.45000000 0.12621318
v -1.40000100 0.54375000 0.15133418
v -1.50000100 0.45000000 0.12621418
v -1.50000100 0.35625000 0.15133418
v -1.48000100 0.41505900 -0.00418582
v -1.50000100 0.45000000 0.12621418
v -1.48000100 0.32130900 0.02093418
v -1.50000000 0.35984400 0.35083718
v -1.50000000 0.35013800 0.38705918
v -1.50000000 0.28762000 0.40746418
v -1.50000000 0.26250000 0.31371418
v -1.50000000 0.35984400 0.27659118
v -1.50000100 0.35625000 0.15133418
v -1.40000000 0.28762000 0.21996318
v -1.40000100 0.35625000 0.15133418
v -1.50000000 0.28762000 0.21996418
v -1.50000000 0.61238000 0.21996418
v -1.42000100 0.70783900 0.12450418
v -1.40000000 0.61238000 0.21996318
v -1.48000100 0.70783900 0.12450418
v -1.40000100 0.54375000 0.15133418
v -1.48000100 0.63920900 0.05587518
v -1.50000100 0.54375000 0.15133418
v -1.42000100 0.63920900 0.05587418
v -1.50000000 0.63750000 0.31371418
v -1.47999900 0.74278000 0.44240418
v -1.50000000 0.61238000 0.40746418
v -1.48000000 0.76790000 0.34865418
v -1.50000000 0.61238000 0.40746418
v -1.41999900 0.74278000 0.44240418
v -1.40000000 0.61238000 0.40746318
v -1.47999900 0.74278000 0.44240418
v -1.39999900 0.54375000 0.47609318
v -1.47999900 0.57869100 0.60649418
v -1.49999900 0.54375000 0.47609418
v -1.41999900 0.57869100 0.60649318
v -1.49999900 0.54375000 0.47609418
v -1.47999900 0.48494100 0.63161418
v -1.49999900 0.45000000 0.50121418
v -1.47999900 0.57869100 0.60649418
v -1.50000000 0.28762000 0.40746418
v -1.41999900 0.19216100 0.50292318
v -1.40000000 0.28762000 0.40746318
v -1.47999900 0.19216100 0.50292318
v -1.39999900 0.35625000 0.47609318
v -1.47999900 0.26079100 0.57155318
v -1.49999900 0.35625000 0.47609418
v -1.41999900 0.26079100 0.57155318
v -1.40000000 0.26250000 0.31371318
v -1.48000000 0.13210000 0.27877318
v -1.50000000 0.26250000 0.31371418
v -1.42000000 0.13210000 0.27877318
v -1.50000000 0.26250000 0.31371418
v -1.48000100 0.15722000 0.18502318
v -1.50000000 0.28762000 0.21996418
v -1.48000000 0.13210000 0.27877318
v -1.50000000 0.28762000 0.21996418
v -1.42000100 0.15722000 0.18502318
v -1.40000000 0.28762000 0.21996318
v -1.48000100 0.15722000 0.18502318
v -1.50000100 0.45000000 0.12621418
v -1.42000100 0.41505900 -0.00418582
v -1.40000100 0.45000000 0.12621318
v -1.48000100 0.41505900 -0.00418582
v -1.40000100 0.35625000 0.15133418
v -1.48000100 0.32130900 0.02093418
v -1.50000100 0.35625000 0.15133418
v -1.42000100 0.32130900 0.02093418
v -1.48000000 0.35984400 0.35083718
v -1.50000000 0.35013800 0.38705918
v -1.50000000 0.35984400 0.35083718
v -1.48000000 0.35013800 0.38705918
v -1.48000000 0.35013800 0.38705918
v -1.50000000 0.37665500 0.41357618
v -1.50000000 0.35013800 0.38705918
v -1.48000000 0.37665500 0.41357618
v -1.48000000 0.37665500 0.41357618
v -1.50000000 0.41287700 0.40387018
v -1.50000000 0.37665500 0.41357618
v -1.48000000 0.41287700 0.40387018
v -1.48000000 0.41287700 0.40387018
v -1.50000000 0.42258300 0.36764818
v -1.50000000 0.41287700 0.40387018
v -1.48000000 0.42258300 0.36764818
v -1.48000000 0.42258300 0.36764818
v -1.50000000 0.39606600 0.34113118
v -1.50000000 0.42258300 0.36764818
v -1.48000000 0.39606600 0.34113118
v -1.48000000 0.39606600 0.34113118
v -1.50000000 0.35984400 0.35083718
v -1.50000000 0.39606600 0.34113118
v -1.48000000 0.35984400 0.35083718
v -1.48000000 0.41287700 0.22355818
v -1.50000000 0.37665500 0.21385218
v -1.50000000 0.41287700 0.22355818
v -1.48000000 0.37665500 0.21385218
v -1.50000000 0.37665500 0.21385218
v -1.48000000 0.35013800 0.24036818
v -1.50000000 0.35013800 0.24036918
v -1.48000000 0.37665500 0.21385218
v -1.48000000 0.35013800 0.24036818
v -1.50000000 0.35984400 0.27659118
v -1.50000000 0.35013800 0.24036918
v -1.48000000 0.35984400 0.27659118
v -1.48000000 0.35984400 0.27659118
v -1.50000000 0.39606600 0.28629618
v -1.50000000 0.35984400 0.27659118
v -1.48000000 0.39606600 0.28629618
v -1.48000000 0.39606600 0.28629618
v -1.50000000 0.42258300 0.25978018
v -1.50000000 0.39606600 0.28629618
v -1.48000000 0.42258300 0.25978018
v -1.48000000 0.42258300 0.25978018
v -1.50000000 0.41287700 0.22355818
v -1.50000000 0.42258300 0.25978018
v -1.48000000 0.41287700 0.22355818
v -1.48000000 0.54015600 0.27659118
v -1.50000000 0.54986200 0.24036918
v -1.50000000 0.54015600 0.27659118
v -1.48000000 0.54986200 0.24036818
v -1.48000000 0.54986200 0.24036818
v -1.50000000 0.52334500 0.21385218
v -1.50000000 0.54986200 0.24036918
v -1.48000000 0.52334500 0.21385218
v -1.50000000 0.52334500 0.21385218
v -1.48000000 0.48712300 0.22355818
v -1.50000000 0.48712300 0.22355818
v -1.48000000 0.52334500 0.21385218
v -1.48000000 0.48712300 0.22355818
v -1.50000000 0.47741700 0.25978018
v -1.50000000 0.48712300 0.22355818
v -1.48000000 0.47741700 0.25978018
v -1.48000000 0.50393400 0.28629618
v -1.50000000 0.47741700 0.25978018
v -1.48000000 0.47741700 0.25978018
v -1.50000000 0.50393400 0.28629618
v -1.48000000 0.50393400 0.28629618
v -1.50000000 0.54015600 0.27659118
v -1.50000000 0.50393400 0.28629618
v -1.48000000 0.54015600 0.27659118
v -1.48000000 0.48712300 0.40387018
v -1.50000000 0.52334500 0.41357618
v -1.50000000 0.48712300 0.40387018
v -1.48000000 0.52334500 0.41357618
v -1.48000000 0.52334500 0.41357618
v -1.50000000 0.54986200 0.38705918
v -1.50000000 0.52334500 0.41357618
v -1.48000000 0.54986200 0.38705918
v -1.48000000 0.54986200 0.38705918
v -1.50000000 0.54015600 0.35083718
v -1.50000000 0.54986200 0.38705918
v -1.48000000 0.54015600 0.35083718
v -1.48000000 0.54015600 0.35083718
v -1.50000000 0.50393400 0.34113118
v -1.50000000 0.54015600 0.35083718
v -1.48000000 0.50393400 0.34113118
v -1.50000000 0.50393400 0.34113118
v -1.48000000 0.47741700 0.36764818
v -1.50000000 0.47741700 0.36764818
v -1.48000000 0.50393400 0.34113118
v -1.48000000 0.47741700 0.36764818
v -1.50000000 0.48712300 0.40387018
v -1.50000000 0.47741700 0.36764818
v -1.48000000 0.48712300 0.40387018
v -1.48000000 0.54015600 0.35083718
v -1.48000000 0.47741700 0.36764818
v -1.48000000 0.50393400 0.34113118
v -1.48000000 0.54986200 0.38705918
v -1.48000000 0.52334500 0.41357618
v -1.48000000 0.48712300 0.40387018
v -1.48000000 0.39606600 0.34113118
v -1.48000000 0.35013800 0.38705918
v -1.48000000 0.35984400 0.35083718
v -1.48000000 0.41287700 0.40387018
v -1.48000000 0.37665500 0.41357618
v -1.48000000 0.42258300 0.36764818
v -1.48000000 0.42258300 0.25978018
v -1.48000000 0.37665500 0.21385218
v -1.48000000 0.41287700 0.22355818
v -1.48000000 0.39606600 0.28629618
v -1.48000000 0.35984400 0.27659118
v -1.48000000 0.35013800 0.24036818
v -1.48000000 0.50393400 0.28629618
v -1.48000000 0.54986200 0.24036818
v -1.48000000 0.54015600 0.27659118
v -1.48000000 0.48712300 0.22355818
v -1.48000000 0.52334500 0.21385218
v -1.48000000 0.47741700 0.25978018
v -1.50000000 0.47741700 0.25978018
v -1.50000000 0.50393400 0.28629618
v -1.50000000 0.50393400 0.34113118
v -1.50000000 0.42258300 0.25978018
v -1.50000000 0.39606600 0.34113118
v -1.50000000 0.39606600 0.28629618
v -1.50000000 0.47741700 0.36764818
v -1.50000000 0.42258300 0.36764818
v -1.50000000 0.50393400 0.34113118
v -1.50000000 0.50393400 0.28629618
v -1.50000000 0.54015600 0.27659118
v -1.50000000 0.54015600 0.35083718
v -1.50000000 0.54015600 0.27659118
v -1.50000000 0.54986200 0.24036918
v -1.50000000 0.61238000 0.21996418
v -1.50000000 0.63750000 0.31371418
v -1.50000000 0.61238000 0.40746418
v -1.50000000 0.54015600 0.35083718
v -1.50000000 0.54986200 0.38705918
v -1.50000000 0.54986200 0.24036918
v -1.50000000 0.52334500 0.21385218
v -1.50000000 0.61238000 0.21996418
v -1.50000100 0.54375000 0.15133418
v -1.50000000 0.52334500 0.21385218
v -1.50000000 0.48712300 0.22355818
v -1.50000100 0.45000000 0.12621418
v -1.50000000 0.41287700 0.22355818
v -1.50000100 0.35625000 0.15133418
v -1.50000000 0.37665500 0.21385218
v -1.50000000 0.28762000 0.21996418
v -1.50000000 0.37665500 0.21385218
v -1.50000000 0.35013800 0.24036918
v -1.50000000 0.61238000 0.40746418
v -1.49999900 0.54375000 0.47609418
v -1.50000000 0.54986200 0.38705918
v -1.50000000 0.52334500 0.41357618
v -1.49999900 0.54375000 0.47609418
v -1.50000000 0.48712300 0.40387018
v -1.50000000 0.52334500 0.41357618
v -1.49999900 0.45000000 0.50121418
v -1.50000000 0.41287700 0.40387018
v -1.50000000 0.42258300 0.36764818
v -1.50000000 0.47741700 0.36764818
v -1.49999900 0.35625000 0.47609418
v -1.50000000 0.41287700 0.40387018
v -1.50000000 0.37665500 0.41357618
v -1.50000000 0.28762000 0.40746418
v -1.50000000 0.35013800 0.38705918
v -1.50000000 0.26250000 0.31371418
v -1.50000000 0.28762000 0.21996418
v -1.50000000 0.35984400 0.27659118
v -1.50000000 0.35013800 0.24036918
v -1.50000000 0.35984400 0.27659118
v -1.50000000 0.39606600 0.28629618
v -1.50000000 0.35984400 0.35083718
v -1.50000000 0.39606600 0.34113118
v -1.10000100 0.31741700 0.18113018
v -1.10000000 0.26250000 0.31371218
v -1.09999900 0.31741700 0.44629518
v -1.10000100 0.45000000 0.12621218
v -1.09999900 0.45000000 0.50121218
v -1.10000100 0.58258300 0.18113018
v -1.09999900 0.58258300 0.44629518
v -1.10000000 0.63750000 0.31371218
v -1.10000100 0.41438000 0.02035618
v -1.10000100 0.28213100 0.07051118
v -1.18000100 0.29052400 0.08267218
v -1.18000100 0.41616100 0.03502418
v -1.18000100 0.20142100 0.18324818
v -1.10000100 0.55479000 0.03740518
v -1.10000100 0.18833800 0.17638118
v -1.18000100 0.54955000 0.05122018
v -1.18000000 0.16926500 0.31371218
v -1.10000100 0.67119300 0.11775218
v -1.10000000 0.15448900 0.31371218
v -1.18000100 0.66013300 0.12755118
v -1.17999900 0.20142100 0.44417718
v -1.10000000 0.73692400 0.24299218
v -1.09999900 0.18833800 0.45104318
v -1.18000000 0.72257800 0.24652818
v -1.17999900 0.29052400 0.54475318
v -1.10000000 0.73692400 0.38443218
v -1.09999900 0.28213100 0.55691318
v -1.18000000 0.72257800 0.38089718
v -1.17999900 0.41616100 0.59240118
v -1.09999900 0.67119300 0.50967218
v -1.09999900 0.41438000 0.60706818
v -1.17999900 0.66013300 0.49987418
v -1.17999900 0.54955000 0.57620518
v -1.09999900 0.55479000 0.59002018
v -1.49999900 0.41438000 0.60707018
v -1.49999900 0.28213100 0.55691518
v -1.41999900 0.29052400 0.54475418
v -1.41999900 0.41616100 0.59240218
v -1.41999900 0.20142100 0.44417818
v -1.49999900 0.55479000 0.59002118
v -1.49999900 0.18833800 0.45104518
v -1.41999900 0.54955000 0.57620618
v -1.42000000 0.16926500 0.31371418
v -1.49999900 0.67119300 0.50967418
v -1.50000000 0.15448900 0.31371418
v -1.41999900 0.66013300 0.49987518
v -1.42000100 0.20142100 0.18324918
v -1.50000000 0.73692400 0.38443418
v -1.50000100 0.18833800 0.17638318
v -1.42000000 0.72257800 0.38089818
v -1.42000100 0.29052400 0.08267318
v -1.50000000 0.73692400 0.24299418
v -1.50000100 0.28213100 0.07051318
v -1.42000000 0.72257800 0.24652918
v -1.42000100 0.41616100 0.03502518
v -1.50000100 0.67119300 0.11775418
v -1.50000100 0.41438000 0.02035818
v -1.42000100 0.66013300 0.12755218
v -1.42000100 0.54955000 0.05122118
v -1.50000100 0.55479000 0.03740618
v -1.10000100 0.45000000 0.12621218
v -1.18000100 0.45000000 0.12621318
v -1.18000100 0.31741700 0.18113018
v -1.10000100 0.58258300 0.18113018
v -1.10000100 0.31741700 0.18113018
v -1.18000100 0.58258300 0.18113018
v -1.18000000 0.26250000 0.31371218
v -1.10000000 0.63750000 0.31371218
v -1.10000000 0.26250000 0.31371218
v -1.18000000 0.63750000 0.31371218
v -1.18000000 0.31741700 0.44629518
v -1.09999900 0.58258300 0.44629518
v -1.09999900 0.31741700 0.44629518
v -1.18000000 0.58258300 0.44629518
v -1.17999900 0.45000000 0.50121218
v -1.09999900 0.45000000 0.50121218
v 1.50000000 0.54015600 0.35083718
v 1.50000000 0.54015600 0.27659118
v 1.50000000 0.63750000 0.31371418
v 1.50000000 0.42258300 0.25978018
v 1.50000000 0.41287700 0.22355818
v 1.50000000 0.47741700 0.25978018
v 1.50000000 0.47741700 0.25978018
v 1.50000000 0.41287700 0.22355818
v 1.50000000 0.48712300 0.22355818
v 1.40000000 0.00000000 0.31371318
v 1.50000000 0.01125000 0.31371418
v 1.49999900 0.06150600 0.51761118
v 1.39999900 0.05154500 0.52283918
v 1.20000000 0.00000000 0.31371318
v 1.49999800 0.20076200 0.67479818
v 1.19999900 0.05154500 0.52283818
v 1.10000000 0.01125000 0.31371218
v 1.09999900 0.06150600 0.51760918
v 1.19999800 0.19437100 0.68405518
v 1.09999800 0.20076200 0.67479618
v 1.39999800 0.19437100 0.68405618
v 1.49999800 0.39711500 0.74926518
v 1.19999800 0.39575800 0.76043218
v 1.09999800 0.39711500 0.74926318
v 1.39999800 0.39575800 0.76043218
v 1.49999800 0.60558300 0.72395218
v 1.19999800 0.60957200 0.73447018
v 1.09999800 0.60558300 0.72395118
v 1.39999800 0.60957200 0.73447118
v 1.49999900 0.77840900 0.60465918
v 1.19999900 0.78683000 0.61211818
v 1.09999900 0.77840900 0.60465718
v 1.39999900 0.78683000 0.61211918
v 1.50000000 0.87600100 0.41871418
v 1.20000000 0.88692400 0.42140518
v 1.10000000 0.87600100 0.41871218
v 1.40000000 0.88692400 0.42140618
v 1.50000000 0.87600100 0.20871418
v 1.20000000 0.88692400 0.20602018
v 1.10000000 0.87600100 0.20871218
v 1.40000000 0.88692400 0.20602118
v 1.50000100 0.77840900 0.02276918
v 1.20000100 0.78683000 0.01530718
v 1.10000100 0.77840900 0.02276718
v 1.40000100 0.78683000 0.01530818
v 1.50000200 0.60558300 -0.09652482
v 1.20000200 0.60957200 -0.10704482
v 1.10000200 0.60558300 -0.09652582
v 1.40000200 0.60957200 -0.10704382
v 1.50000200 0.39711500 -0.12183682
v 1.20000200 0.39575800 -0.13300582
v 1.10000200 0.39711500 -0.12183882
v 1.40000200 0.39575800 -0.13300582
v 1.50000200 0.20076200 -0.04736982
v 1.20000200 0.19437100 -0.05662982
v 1.10000200 0.20076200 -0.04737182
v 1.40000200 0.19437100 -0.05662882
v 1.50000100 0.06150600 0.10981718
v 1.20000100 0.05154500 0.10458718
v 1.10000100 0.06150600 0.10981518
v 1.40000100 0.05154500 0.10458818
v 1.50000000 0.01125000 0.31371418
v 1.40000000 0.00000000 0.31371318
v 1.20000000 0.00000000 0.31371318
v 1.10000000 0.01125000 0.31371218
v 1.09999900 0.18833800 0.45104318
v 1.10000000 0.15448900 0.31371218
v 1.10000000 0.01125000 0.31371218
v 1.09999900 0.06150600 0.51760918
v 1.09999900 0.28213100 0.55691318
v 1.09999800 0.20076200 0.67479618
v 1.50000000 0.15448900 0.31371418
v 1.49999900 0.06150600 0.51761118
v 1.50000000 0.01125000 0.31371418
v 1.49999900 0.18833800 0.45104518
v 1.49999800 0.20076200 0.67479818
v 1.49999900 0.28213100 0.55691518
v 1.49999800 0.39711500 0.74926518
v 1.49999900 0.41438000 0.60707018
v 1.49999800 0.60558300 0.72395218
v 1.49999900 0.55479000 0.59002118
v 1.49999900 0.77840900 0.60465918
v 1.49999900 0.67119300 0.50967418
v 1.50000000 0.87600100 0.41871418
v 1.50000000 0.73692400 0.38443418
v 1.50000000 0.87600100 0.20871418
v 1.50000000 0.73692400 0.24299418
v 1.50000100 0.77840900 0.02276918
v 1.50000100 0.67119300 0.11775418
v 1.50000200 0.60558300 -0.09652482
v 1.50000100 0.55479000 0.03740618
v 1.50000200 0.39711500 -0.12183682
v 1.50000100 0.41438000 0.02035818
v 1.50000200 0.20076200 -0.04736982
v 1.50000100 0.28213100 0.07051318
v 1.50000100 0.06150600 0.10981718
v 1.50000100 0.18833800 0.17638318
v 1.50000000 0.01125000 0.31371418
v 1.50000000 0.15448900 0.31371418
v 1.09999900 0.41438000 0.60706818
v 1.09999900 0.28213100 0.55691318
v 1.09999800 0.20076200 0.67479618
v 1.09999800 0.39711500 0.74926318
v 1.09999900 0.55479000 0.59002018
v 1.09999800 0.60558300 0.72395118
v 1.09999900 0.67119300 0.50967218
v 1.09999900 0.77840900 0.60465718
v 1.10000000 0.73692400 0.38443218
v 1.10000000 0.87600100 0.41871218
v 1.10000000 0.73692400 0.24299218
v 1.10000000 0.87600100 0.20871218
v 1.10000100 0.67119300 0.11775218
v 1.10000100 0.77840900 0.02276718
v 1.10000100 0.55479000 0.03740518
v 1.10000100 0.67119300 0.11775218
v 1.10000100 0.77840900 0.02276718
v 1.10000200 0.60558300 -0.09652582
v 1.10000100 0.41438000 0.02035618
v 1.10000200 0.39711500 -0.12183882
v 1.10000100 0.28213100 0.07051118
v 1.10000100 0.41438000 0.02035618
v 1.10000200 0.39711500 -0.12183882
v 1.10000200 0.20076200 -0.04737182
v 1.10000100 0.18833800 0.17638118
v 1.10000100 0.28213100 0.07051118
v 1.10000200 0.20076200 -0.04737182
v 1.10000100 0.06150600 0.10981518
v 1.10000000 0.15448900 0.31371218
v 1.10000000 0.01125000 0.31371218
v 1.18000100 0.20142100 0.18324818
v 1.18000000 0.16926500 0.31371218
v 1.18000100 0.29052400 0.08267218
v 1.17999900 0.20142100 0.44417718
v 1.18000100 0.54955000 0.05122018
v 1.18000100 0.41616100 0.03502418
v 1.17999900 0.66013300 0.49987418
v 1.17999900 0.29052400 0.54475318
v 1.17999900 0.41616100 0.59240118
v 1.17999900 0.54955000 0.57620518
v 1.18000000 0.72257800 0.24652818
v 1.18000000 0.72257800 0.38089718
v 1.18000100 0.66013300 0.12755118
v 1.41999900 0.29052400 0.54475418
v 1.41999900 0.20142100 0.44417818
v 1.42000000 0.16926500 0.31371418
v 1.41999900 0.66013300 0.49987518
v 1.41999900 0.41616100 0.59240218
v 1.41999900 0.54955000 0.57620618
v 1.42000100 0.54955000 0.05122118
v 1.42000100 0.41616100 0.03502518
v 1.42000100 0.29052400 0.08267318
v 1.42000100 0.20142100 0.18324918
v 1.42000000 0.72257800 0.24652918
v 1.42000100 0.66013300 0.12755218
v 1.42000000 0.72257800 0.38089818
v 1.50000000 0.26250000 0.31371418
v 1.40000000 0.28762000 0.40746318
v 1.40000000 0.26250000 0.31371318
v 1.50000000 0.28762000 0.40746418
v 1.50000000 0.28762000 0.40746418
v 1.47999900 0.26079100 0.57155318
v 1.47999900 0.19216100 0.50292318
v 1.49999900 0.35625000 0.47609418
v 1.49999900 0.35625000 0.47609418
v 1.39999900 0.45000000 0.50121318
v 1.39999900 0.35625000 0.47609318
v 1.49999900 0.45000000 0.50121418
v 1.49999900 0.45000000 0.50121418
v 1.41999900 0.48494100 0.63161418
v 1.39999900 0.45000000 0.50121318
v 1.47999900 0.48494100 0.63161418
v 1.49999900 0.54375000 0.47609418
v 1.40000000 0.61238000 0.40746318
v 1.39999900 0.54375000 0.47609318
v 1.50000000 0.61238000 0.40746418
v 1.40000000 0.63750000 0.31371318
v 1.48000000 0.76790000 0.34865418
v 1.50000000 0.63750000 0.31371418
v 1.42000000 0.76790000 0.34865418
v 1.50000000 0.63750000 0.31371418
v 1.40000000 0.61238000 0.21996318
v 1.40000000 0.63750000 0.31371318
v 1.50000000 0.61238000 0.21996418
v 1.50000000 0.61238000 0.21996418
v 1.48000100 0.63920900 0.05587518
v 1.48000100 0.70783900 0.12450418
v 1.50000100 0.54375000 0.15133418
v 1.50000100 0.54375000 0.15133418
v 1.40000100 0.45000000 0.12621318
v 1.40000100 0.54375000 0.15133418
v 1.50000100 0.45000000 0.12621418
v 1.50000100 0.35625000 0.15133418
v 1.48000100 0.41505900 -0.00418582
v 1.50000100 0.45000000 0.12621418
v 1.48000100 0.32130900 0.02093418
v 1.50000000 0.35984400 0.35083718
v 1.50000000 0.35013800 0.38705918
v 1.50000000 0.28762000 0.40746418
v 1.50000000 0.26250000 0.31371418
v 1.50000000 0.35984400 0.27659118
v 1.50000100 0.35625000 0.15133418
v 1.40000000 0.28762000 0.21996318
v 1.40000100 0.35625000 0.15133418
v 1.50000000 0.28762000 0.21996418
v 1.50000000 0.61238000 0.21996418
v 1.42000100 0.70783900 0.12450418
v 1.40000000 0.61238000 0.21996318
v 1.48000100 0.70783900 0.12450418
v 1.40000100 0.54375000 0.15133418
v 1.48000100 0.63920900 0.05587518
v 1.50000100 0.54375000 0.15133418
v 1.42000100 0.63920900 0.05587418
v 1.50000000 0.63750000 0.31371418
v 1.47999900 0.74278000 0.44240418
v 1.50000000 0.61238000 0.40746418
v 1.48000000 0.76790000 0.34865418
v 1.50000000 0.61238000 0.40746418
v 1.41999900 0.74278000 0.44240418
v 1.40000000 0.61238000 0.40746318
v 1.47999900 0.74278000 0.44240418
v 1.39999900 0.54375000 0.47609318
v 1.47999900 0.57869100 0.60649418
v 1.49999900 0.54375000 0.47609418
v 1.41999900 0.57869100 0.60649318
v 1.49999900 0.54375000 0.47609418
v 1.47999900 0.48494100 0.63161418
v 1.49999900 0.45000000 0.50121418
v 1.47999900 0.57869100 0.60649418
v 1.50000000 0.28762000 0.40746418
v 1.41999900 0.19216100 0.50292318
v 1.40000000 0.28762000 0.40746318
v 1.47999900 0.19216100 0.50292318
v 1.39999900 0.35625000 0.47609318
v 1.47999900 0.26079100 0.57155318
v 1.49999900 0.35625000 0.47609418
v 1.41999900 0.26079100 0.57155318
v 1.40000000 0.26250000 0.31371318
v 1.48000000 0.13210000 0.27877318
v 1.50000000 0.26250000 0.31371418
v 1.42000000 0.13210000 0.27877318
v 1.50000000 0.26250000 0.31371418
v 1.48000100 0.15722000 0.18502318
v 1.50000000 0.28762000 0.21996418
v 1.48000000 0.13210000 0.27877318
v 1.50000000 0.28762000 0.21996418
v 1.42000100 0.15722000 0.18502318
v 1.40000000 0.28762000 0.21996318
v 1.48000100 0.15722000 0.18502318
v 1.50000100 0.45000000 0.12621418
v 1.42000100 0.41505900 -0.00418582
v 1.40000100 0.45000000 0.12621318
v 1.48000100 0.41505900 -0.00418582
v 1.40000100 0.35625000 0.15133418
v 1.48000100 0.32130900 0.02093418
v 1.50000100 0.35625000 0.15133418
v 1.42000100 0.32130900 0.02093418
v 1.48000000 0.35984400 0.35083718
v 1.50000000 0.35013800 0.38705918
v 1.50000000 0.35984400 0.35083718
v 1.48000000 0.35013800 0.38705918
v 1.48000000 0.35013800 0.38705918
v 1.50000000 0.37665500 0.41357618
v 1.50000000 0.35013800 0.38705918
v 1.48000000 0.37665500 0.41357618
v 1.48000000 0.37665500 0.41357618
v 1.50000000 0.41287700 0.40387018
v 1.50000000 0.37665500 0.41357618
v 1.48000000 0.41287700 0.40387018
v 1.48000000 0.41287700 0.40387018
v 1.50000000 0.42258300 0.36764818
v 1.50000000 0.41287700 0.40387018
v 1.48000000 0.42258300 0.36764818
v 1.48000000 0.42258300 0.36764818
v 1.50000000 0.39606600 0.34113118
v 1.50000000 0.42258300 0.36764818
v 1.48000000 0.39606600 0.34113118
v 1.48000000 0.39606600 0.34113118
v 1.50000000 0.35984400 0.35083718
v 1.50000000 0.39606600 0.34113118
v 1.48000000 0.35984400 0.35083718
v 1.48000000 0.41287700 0.22355818
v 1.50000000 0.37665500 0.21385218
v 1.50000000 0.41287700 0.22355818
v 1.48000000 0.37665500 0.21385218
v 1.50000000 0.37665500 0.21385218
v 1.48000000 0.35013800 0.24036818
v 1.50000000 0.35013800 0.24036918
v 1.48000000 0.37665500 0.21385218
v 1.48000000 0.35013800 0.24036818
v 1.50000000 0.35984400 0.27659118
v 1.50000000 0.35013800 0.24036918
v 1.48000000 0.35984400 0.27659118
v 1.48000000 0.35984400 0.27659118
v 1.50000000 0.39606600 0.28629618
v 1.50000000 0.35984400 0.27659118
v 1.48000000 0.39606600 0.28629618
v 1.48000000 0.39606600 0.28629618
v 1.50000000 0.42258300 0.25978018
v 1.50000000 0.39606600 0.28629618
v 1.48000000 0.42258300 0.25978018
v 1.48000000 0.42258300 0.25978018
v 1.50000000 0.41287700 0.22355818
v 1.50000000 0.42258300 0.25978018
v 1.48000000 0.41287700 0.22355818
v 1.48000000 0.54015600 0.27659118
v 1.50000000 0.54986200 0.24036918
v 1.50000000 0.54015600 0.27659118
v 1.48000000 0.54986200 0.24036818
v 1.48000000 0.54986200 0.24036818
v 1.50000000 0.52334500 0.21385218
v 1.50000000 0.54986200 0.24036918
v 1.48000000 0.52334500 0.21385218
v 1.50000000 0.52334500 0.21385218
v 1.48000000 0.48712300 0.22355818
v 1.50000000 0.48712300 0.22355818
v 1.48000000 0.52334500 0.21385218
v 1.48000000 0.48712300 0.22355818
v 1.50000000 0.47741700 0.25978018
v 1.50000000 0.48712300 0.22355818
v 1.48000000 0.47741700 0.25978018
v 1.48000000 0.50393400 0.28629618
v 1.50000000 0.47741700 0.25978018
v 1.48000000 0.47741700 0.25978018
v 1.50000000 0.50393400 0.28629618
v 1.48000000 0.50393400 0.28629618
v 1.50000000 0.54015600 0.27659118
v 1.50000000 0.50393400 0.28629618
v 1.48000000 0.54015600 0.27659118
v 1.48000000 0.48712300 0.40387018
v 1.50000000 0.52334500 0.41357618
v 1.50000000 0.48712300 0.40387018
v 1.48000000 0.52334500 0.41357618
v 1.48000000 0.52334500 0.41357618
v 1.50000000 0.54986200 0.38705918
v 1.50000000 0.52334500 0.41357618
v 1.48000000 0.54986200 0.38705918
v 1.48000000 0.54986200 0.38705918
v 1.50000000 0.54015600 0.35083718
v 1.50000000 0.54986200 0.38705918
v 1.48000000 0.54015600 0.35083718
v 1.48000000 0.54015600 0.35083718
v 1.50000000 0.50393400 0.34113118
v 1.50000000 0.54015600 0.35083718
v 1.48000000 0.50393400 0.34113118
v 1.50000000 0.50393400 0.34113118
v 1.48000000 0.47741700 0.36764818
v 1.50000000 0.47741700 0.36764818
v 1.48000000 0.50393400 0.34113118
v 1.48000000 0.47741700 0.36764818
v 1.50000000 0.48712300 0.40387018
v 1.50000000 0.47741700 0.36764818
v 1.48000000 0.48712300 0.40387018
v 1.48000000 0.54015600 0.35083718
v 1.48000000 0.47741700 0.36764818
v 1.48000000 0.50393400 0.34113118
v 1.48000000 0.54986200 0.38705918
v 1.48000000 0.52334500 0.41357618
v 1.48000000 0.48712300 0.40387018
v 1.48000000 0.39606600 0.34113118
v 1.48000000 0.35013800 0.38705918
v 1.48000000 0.35984400 0.35083718
v 1.48000000 0.41287700 0.40387018
v 1.48000000 0.37665500 0.41357618
v 1.48000000 0.42258300 0.36764818
v 1.48000000 0.42258300 0.25978018
v 1.48000000 0.37665500 0.21385218
v 1.48000000 0.41287700 0.22355818
v 1.48000000 0.39606600 0.28629618
v 1.48000000 0.35984400 0.27659118
v 1.48000000 0.35013800 0.24036818
v 1.48000000 0.50393400 0.28629618
v 1.48000000 0.54986200 0.24036818
v 1.48000000 0.54015600 0.27659118
v 1.48000000 0.48712300 0.22355818
v 1.48000000 0.52334500 0.21385218
v 1.48000000 0.47741700 0.25978018
v 1.50000000 0.47741700 0.25978018
v 1.50000000 0.50393400 0.28629618
v 1.50000000 0.50393400 0.34113118
v 1.50000000 0.42258300 0.25978018
v 1.50000000 0.39606600 0.34113118
v 1.50000000 0.39606600 0.28629618
v 1.50000000 0.47741700 0.36764818
v 1.50000000 0.42258300 0.36764818
v 1.50000000 0.50393400 0.34113118
v 1.50000000 0.50393400 0.28629618
v 1.50000000 0.54015600 0.27659118
v 1.50000000 0.54015600 0.35083718
v 1.50000000 0.54015600 0.27659118
v 1.50000000 0.54986200 0.24036918
v 1.50000000 0.61238000 0.21996418
v 1.50000000 0.63750000 0.31371418
v 1.50000000 0.61238000 0.40746418
v 1.50000000 0.54015600 0.35083718
v 1.50000000 0.54986200 0.38705918
v 1.50000000 0.54986200 0.24036918
v 1.50000000 0.52334500 0.21385218
v 1.50000000 0.61238000 0.21996418
v 1.50000100 0.54375000 0.15133418
v 1.50000000 0.52334500 0.21385218
v 1.50000000 0.48712300 0.22355818
v 1.50000100 0.45000000 0.12621418
v 1.50000000 0.41287700 0.22355818
v 1.50000100 0.35625000 0.15133418
v 1.50000000 0.37665500 0.21385218
v 1.50000000 0.28762000 0.21996418
v 1.50000000 0.37665500 0.21385218
v 1.50000000 0.35013800 0.24036918
v 1.50000000 0.61238000 0.40746418
v 1.49999900 0.54375000 0.47609418
v 1.50000000 0.54986200 0.38705918
v 1.50000000 0.52334500 0.41357618
v 1.49999900 0.54375000 0.47609418
v 1.50000000 0.48712300 0.40387018
v 1.50000000 0.52334500 0.41357618
v 1.49999900 0.45000000 0.50121418
v 1.50000000 0.41287700 0.40387018
v 1.50000000 0.42258300 0.36764818
v 1.50000000 0.47741700 0.36764818
v 1.49999900 0.35625000 0.47609418
v 1.50000000 0.41287700 0.40387018
v 1.50000000 0.37665500 0.41357618
v 1.50000000 0.28762000 0.40746418
v 1.50000000 0.35013800 0.38705918
v 1.50000000 0.26250000 0.31371418
v 1.50000000 0.28762000 0.21996418
v 1.50000000 0.35984400 0.27659118
v 1.50000000 0.35013800 0.24036918
v 1.50000000 0.35984400 0.27659118
v 1.50000000 0.39606600 0.28629618
v 1.50000000 0.35984400 0.35083718
v 1.50000000 0.39606600 0.34113118
v 1.10000100 0.31741700 0.18113018
v 1.10000000 0.26250000 0.31371218
v 1.09999900 0.31741700 0.44629518
v 1.10000100 0.45000000 0.12621218
v 1.09999900 0.45000000 0.50121218
v 1.10000100 0.58258300 0.18113018
v 1.09999900 0.58258300 0.44629518
v 1.10000000 0.63750000 0.31371218
v 1.10000100 0.41438000 0.02035618
v 1.10000100 0.28213100 0.07051118
v 1.18000100 0.29052400 0.08267218
v 1.18000100 0.41616100 0.03502418
v 1.18000100 0.20142100 0.18324818
v 1.10000100 0.55479000 0.03740518
v 1.10000100 0.18833800 0.17638118
v 1.18000100 0.54955000 0.05122018
v 1.18000000 0.16926500 0.31371218
v 1.10000100 0.67119300 0.11775218
v 1.10000000 0.15448900 0.31371218
v 1.18000100 0.66013300 0.12755118
v 1.17999900 0.20142100 0.44417718
v 1.10000000 0.73692400 0.24299218
v 1.09999900 0.18833800 0.45104318
v 1.18000000 0.72257800 0.24652818
v 1.17999900 0.29052400 0.54475318
v 1.10000000 0.73692400 0.38443218
v 1.09999900 0.28213100 0.55691318
v 1.18000000 0.72257800 0.38089718
v 1.17999900 0.41616100 0.59240118
v 1.09999900 0.67119300 0.50967218
v 1.09999900 0.41438000 0.60706818
v 1.17999900 0.66013300 0.49987418
v 1.17999900 0.54955000 0.57620518
v 1.09999900 0.55479000 0.59002018
v 1.49999900 0.41438000 0.60707018
v 1.49999900 0.28213100 0.55691518
v 1.41999900 0.29052400 0.54475418
v 1.41999900 0.41616100 0.59240218
v 1.41999900 0.20142100 0.44417818
v 1.49999900 0.55479000 0.59002118
v 1.49999900 0.18833800 0.45104518
v 1.41999900 0.54955000 0.57620618
v 1.42000000 0.16926500 0.31371418
v 1.49999900 0.67119300 0.50967418
v 1.50000000 0.15448900 0.31371418
v 1.41999900 0.66013300 0.49987518
v 1.42000100 0.20142100 0.18324918
v 1.50000000 0.73692400 0.38443418
v 1.50000100 0.18833800 0.17638318
v 1.42000000 0.72257800 0.38089818
v 1.42000100 0.29052400 0.08267318
v 1.50000000 0.73692400 0.24299418
v 1.50000100 0.28213100 0.07051318
v 1.42000000 0.72257800 0.24652918
v 1.42000100 0.41616100 0.03502518
v 1.50000100 0.67119300 0.11775418
v 1.50000100 0.41438000 0.02035818
v 1.42000100 0.66013300 0.12755218
v 1.42000100 0.54955000 0.05122118
v 1.50000100 0.55479000 0.03740618
v 1.10000100 0.45000000 0.12621218
v 1.18000100 0.45000000 0.12621318
v 1.18000100 0.31741700 0.18113018
v 1.10000100 0.58258300 0.18113018
v 1.10000100 0.31741700 0.18113018
v 1.18000100 0.58258300 0.18113018
v 1.18000000 0.26250000 0.31371218
v 1.10000000 0.63750000 0.31371218
v 1.10000000 0.26250000 0.31371218
v 1.18000000 0.63750000 0.31371218
v 1.18000000 0.31741700 0.44629518
v 1.09999900 0.58258300 0.44629518
v 1.09999900 0.31741700 0.44629518
v 1.18000000 0.58258300 0.44629518
v 1.17999900 0.45000000 0.50121218
v 1.09999900 0.45000000 0.50121218
vt 0.50488281 0.98339844
vt 0.50097656 0.98339844
vt 0.50683594 0.98339844
vt 0.50292969 0.98339844
vt 0.50097656 0.98144531
vt 0.50097656 0.98144531
vt 0.50097656 0.98144531
vt 0.50097656 0.98144531
vt 0.50097656 0.98144531
vt 0.50097656 0.98144531
vt 0.50097656 0.98144531
vt 0.50097656 0.98144531
vt 0.50097656 0.98144531
vt 0.50097656 0.98144531
vt 0.50097656 0.98144531
vt 0.50097656 0.98144531
vt 0.50097656 0.98144531
vt 0.50097656 0.98144531
vt 0.50097656 0.98144531
vt 0.50097656 0.98144531
vt 0.50097656 0.98144531
vt 0.50097656 0.98144531
vt 0.50097656 0.98144531
vt 0.50097656 0.98144531
vt 0.50097656 0.98144531
vt 0.50097656 0.98144531
vt 0.50097656 0.98144531
vt 0.50097656 0.98144531
vt 0.50097656 0.98144531
vt 0.50097656 0.98144531
vt 0.50097656 0.98144531
vt 0.50097656 0.98144531
vt 0.50097656 0.98144531
vt 0.50097656 0.98144531
vt 0.50097656 0.98144531
vt 0.50097656 0.98144531
vt 0.50097656 0.98144531
vt 0.50097656 0.98144531
vt 0.50097656 0.98144531
vt 0.50097656 0.98144531
vt 0.50097656 0.98144531
vt 0.50097656 0.98144531
vt 0.50097656 0.98144531
vt 0.50097656 0.98144531
vt 0.50097656 0.98144531
vt 0.50097656 0.98144531
vt 0.50097656 0.98144531
vt 0.50097656 0.98144531
vt 0.50097656 0.98144531
vt 0.50097656 0.98144531
vt 0.50097656 0.98144531
vt 0.50097656 0.98144531
vt 0.50097656 0.98144531
vt 0.50097656 0.98144531
vt 0.50097656 0.98144531
vt 0.50097656 0.98144531
vt 0.50097656 0.98144531
vt 0.50097656 0.98144531
vt 0.50097656 0.98144531
vt 0.50097656 0.98144531
vt 0.50682831 0.99316263
vt 0.50682831 0.99316263
vt 0.50682831 0.99316263
vt 0.50682831 0.99316263
vt 0.50682831 0.99316263
vt 0.50682831 0.99316263
vt 0.50682831 0.99316263
vt 0.50682831 0.99316263
vt 0.50682831 0.99316263
vt 0.43911743 0.99669266
vt 0.44067383 0.99631500
vt 0.45028687 0.99631500
vt 0.44873047 0.99669266
vt 0.43911743 0.99744797
vt 0.45989990 0.99631500
vt 0.44873047 0.99744797
vt 0.44067383 0.99782562
vt 0.45028687 0.99782562
vt 0.45834351 0.99744797
vt 0.45989990 0.99782562
vt 0.45834351 0.99669266
vt 0.46949768 0.99631500
vt 0.46792603 0.99744797
vt 0.46949768 0.99782562
vt 0.46792603 0.99669266
vt 0.47911072 0.99631500
vt 0.47753906 0.99744797
vt 0.47911072 0.99782562
vt 0.47753906 0.99669266
vt 0.48871613 0.99631500
vt 0.48715210 0.99744797
vt 0.48871613 0.99782562
vt 0.48715210 0.99669266
vt 0.49831963 0.99631500
vt 0.49675751 0.99744797
vt 0.49832058 0.99782562
vt 0.49675751 0.99669266
vt 0.50792694 0.99631500
vt 0.50636292 0.99744797
vt 0.50792694 0.99782562
vt 0.50636292 0.99669266
vt 0.51753235 0.99631500
vt 0.51597595 0.99744797
vt 0.51753235 0.99782562
vt 0.51597595 0.99669266
vt 0.52714539 0.99631500
vt 0.52557373 0.99744797
vt 0.52714539 0.99782562
vt 0.52557373 0.99669266
vt 0.53674316 0.99631500
vt 0.53518677 0.99744797
vt 0.53674316 0.99782562
vt 0.53518677 0.99669266
vt 0.54635620 0.99631500
vt 0.54479980 0.99744797
vt 0.54635620 0.99782562
vt 0.54479980 0.99669266
vt 0.55596924 0.99631500
vt 0.55441284 0.99744797
vt 0.55596924 0.99782562
vt 0.55441284 0.99669266
vt 0.56555176 0.99631500
vt 0.56402588 0.99669266
vt 0.56402588 0.99744797
vt 0.56555176 0.99782562
vt 0.45108032 0.99860001
vt 0.44146729 0.99860001
vt 0.44067383 0.99782562
vt 0.45028687 0.99782562
vt 0.46066284 0.99860001
vt 0.45989990 0.99782562
vt 0.44146729 0.99553871
vt 0.45028687 0.99631500
vt 0.44067383 0.99631500
vt 0.45108032 0.99553871
vt 0.45989990 0.99631500
vt 0.46066284 0.99553871
vt 0.46949768 0.99631500
vt 0.47027588 0.99553871
vt 0.47911072 0.99631500
vt 0.47988892 0.99553871
vt 0.48871613 0.99631500
vt 0.48949432 0.99553871
vt 0.49831963 0.99631500
vt 0.49910116 0.99553871
vt 0.50792694 0.99631500
vt 0.50870514 0.99553871
vt 0.51753235 0.99631500
vt 0.51831055 0.99553871
vt 0.52714539 0.99631500
vt 0.52792358 0.99553871
vt 0.53674316 0.99631500
vt 0.53753662 0.99553871
vt 0.54635620 0.99631500
vt 0.54714966 0.99553871
vt 0.55596924 0.99631500
vt 0.55673218 0.99553871
vt 0.56555176 0.99631500
vt 0.56634521 0.99553871
vt 0.47027588 0.99860001
vt 0.46066284 0.99860001
vt 0.45989990 0.99782562
vt 0.46949768 0.99782562
vt 0.47988892 0.99860001
vt 0.47911072 0.99782562
vt 0.48949432 0.99860001
vt 0.48871613 0.99782562
vt 0.49910116 0.99860001
vt 0.49832058 0.99782562
vt 0.50870514 0.99860001
vt 0.50792694 0.99782562
vt 0.51831055 0.99860001
vt 0.51753235 0.99782562
vt 0.52792358 0.99860001
vt 0.51831055 0.99860001
vt 0.51753235 0.99782562
vt 0.52714539 0.99782562
vt 0.53753662 0.99860001
vt 0.53674316 0.99782562
vt 0.54714966 0.99860001
vt 0.53753662 0.99860001
vt 0.53674316 0.99782562
vt 0.54635620 0.99782562
vt 0.55673218 0.99860001
vt 0.54714966 0.99860001
vt 0.54635620 0.99782562
vt 0.55596924 0.99782562
vt 0.56634521 0.99860001
vt 0.56555176 0.99782562
vt 0.50486374 0.99330330
vt 0.50486374 0.99330330
vt 0.50486374 0.99330330
vt 0.50486374 0.99330330
vt 0.50486374 0.99330330
vt 0.50486374 0.99330330
vt 0.50486374 0.99330330
vt 0.50486374 0.99330330
vt 0.50486374 0.99330330
vt 0.50486374 0.99330330
vt 0.50486374 0.99330330
vt 0.50486374 0.99330330
vt 0.50486374 0.99330330
vt 0.50486374 0.99330330
vt 0.50486374 0.99330330
vt 0.50486374 0.99330330
vt 0.50486374 0.99330330
vt 0.50486374 0.99330330
vt 0.50486374 0.99330330
vt 0.50486374 0.99330330
vt 0.50486374 0.99330330
vt 0.50486374 0.99330330
vt 0.50486374 0.99330330
vt 0.50486374 0.99330330
vt 0.50486374 0.99330330
vt 0.50486374 0.99330330
vt 0.50682831 0.99316263
vt 0.50682831 0.99316263
vt 0.50682831 0.99316263
vt 0.50682831 0.99316263
vt 0.50682831 0.99316263
vt 0.50682831 0.99316263
vt 0.50682831 0.99316263
vt 0.50682831 0.99316263
vt 0.50682831 0.99316263
vt 0.50682831 0.99316263
vt 0.50682831 0.99316263
vt 0.50682831 0.99316263
vt 0.50682831 0.99316263
vt 0.50682831 0.99316263
vt 0.50682831 0.99316263
vt 0.50682831 0.99316263
vt 0.50682831 0.99316263
vt 0.50682831 0.99316263
vt 0.50682831 0.99316263
vt 0.50682831 0.99316263
vt 0.50682831 0.99316263
vt 0.50682831 0.99316263
vt 0.50682831 0.99316263
vt 0.50682831 0.99316263
vt 0.50682831 0.99316263
vt 0.50682831 0.99316263
vt 0.50682831 0.99316263
vt 0.50682831 0.99316263
vt 0.50682831 0.99316263
vt 0.50682831 0.99316263
vt 0.50682831 0.99316263
vt 0.50682831 0.99316263
vt 0.50682831 0.99316263
vt 0.50682831 0.99316263
vt 0.50682831 0.99316263
vt 0.50682831 0.99316263
vt 0.50682831 0.99316263
vt 0.50682831 0.99316263
vt 0.50682831 0.99316263
vt 0.50682831 0.99316263
vt 0.50682831 0.99316263
vt 0.50682831 0.99316263
vt 0.50682831 0.99316263
vt 0.50682831 0.99316263
vt 0.50682831 0.99316263
vt 0.50682831 0.99316263
vt 0.50682831 0.99316263
vt 0.50682831 0.99316263
vt 0.50682831 0.99316263
vt 0.50682831 0.99316263
vt 0.50682831 0.99316263
vt 0.50682831 0.99316263
vt 0.50682831 0.99316263
vt 0.50682831 0.99316263
vt 0.50682831 0.99316263
vt 0.50682831 0.99316263
vt 0.50682831 0.99316263
vt 0.50682831 0.99316263
vt 0.50682831 0.99316263
vt 0.50682831 0.99316263
vt 0.50682831 0.99316263
vt 0.50682831 0.99316263
vt 0.50682831 0.99316263
vt 0.50682831 0.99316263
vt 0.50682831 0.99316263
vt 0.50682831 0.99316263
vt 0.50682831 0.99316263
vt 0.50682831 0.99316263
vt 0.50682831 0.99316263
vt 0.50682831 0.99316263
vt 0.50682831 0.99316263
vt 0.50682831 0.99316263
vt 0.50682831 0.99316263
vt 0.50682831 0.99316263
vt 0.50682831 0.99316263
vt 0.50682831 0.99316263
vt 0.50682831 0.99316263
vt 0.50682831 0.99316263
vt 0.50682831 0.99316263
vt 0.50682831 0.99316263
vt 0.50682831 0.99316263
vt 0.50682831 0.99316263
vt 0.50682831 0.99316263
vt 0.50682831 0.99316263
vt 0.50682831 0.99316263
vt 0.50682831 0.99316263
vt 0.50682831 0.99316263
vt 0.50682831 0.99316263
vt 0.50682831 0.99316263
vt 0.50682831 0.99316263
vt 0.50682831 0.99316263
vt 0.50682831 0.99316263
vt 0.50682831 0.99316263
vt 0.50682831 0.99316263
vt 0.50682831 0.99316263
vt 0.50682831 0.99316263
vt 0.50682831 0.99316263
vt 0.50682831 0.99316263
vt 0.50682831 0.99316263
vt 0.50682831 0.99316263
vt 0.50682831 0.99316263
vt 0.50682068 0.99312496
vt 0.50682068 0.99312496
vt 0.50682068 0.99312496
vt 0.50682068 0.99312496
vt 0.50682068 0.99312496
vt 0.50682068 0.99312496
vt 0.50682068 0.99312496
vt 0.50682068 0.99312496
vt 0.50682068 0.99312496
vt 0.50682068 0.99312496
vt 0.50682068 0.99312496
vt 0.50682068 0.99312496
vt 0.50682068 0.99312496
vt 0.50682068 0.99312496
vt 0.50682068 0.99312496
vt 0.50682068 0.99312496
vt 0.50682068 0.99312496
vt 0.50682068 0.99312496
vt 0.50682068 0.99312496
vt 0.50682068 0.99312496
vt 0.50682068 0.99312496
vt 0.50682068 0.99312496
vt 0.50682068 0.99312496
vt 0.50682068 0.99312496
vt 0.50682068 0.99312496
vt 0.50682068 0.99312496
vt 0.50682068 0.99312496
vt 0.50682068 0.99312496
vt 0.50682068 0.99312496
vt 0.50682068 0.99312496
vt 0.50682068 0.99312496
vt 0.50682068 0.99312496
vt 0.50682068 0.99312496
vt 0.50682068 0.99312496
vt 0.50682068 0.99312496
vt 0.50682068 0.99312496
vt 0.50682068 0.99312496
vt 0.50682068 0.99312496
vt 0.50682068 0.99312496
vt 0.50682068 0.99312496
vt 0.50682068 0.99312496
vt 0.50682068 0.99312496
vt 0.50682068 0.99312496
vt 0.50682068 0.99312496
vt 0.50682068 0.99312496
vt 0.50682068 0.99312496
vt 0.50682068 0.99312496
vt 0.50682068 0.99312496
vt 0.50682068 0.99312496
vt 0.50682068 0.99312496
vt 0.50682068 0.99312496
vt 0.50682068 0.99312496
vt 0.50682068 0.99312496
vt 0.50682068 0.99312496
vt 0.50682068 0.99312496
vt 0.50682068 0.99312496
vt 0.50682068 0.99312496
vt 0.50682068 0.99312496
vt 0.50682068 0.99312496
vt 0.50682068 0.99312496
vt 0.50682068 0.99312496
vt 0.50682068 0.99312496
vt 0.50682068 0.99312496
vt 0.50682068 0.99312496
vt 0.50682068 0.99312496
vt 0.50682068 0.99312496
vt 0.50682068 0.99312496
vt 0.50682068 0.99312496
vt 0.50682068 0.99312496
vt 0.50682068 0.99312496
vt 0.50682068 0.99312496
vt 0.50682068 0.99312496
vt 0.50682068 0.99312496
vt 0.50682068 0.99312496
vt 0.50682068 0.99312496
vt 0.50682068 0.99312496
vt 0.50682068 0.99312496
vt 0.50682068 0.99312496
vt 0.50682068 0.99312496
vt 0.50682068 0.99312496
vt 0.50682068 0.99312496
vt 0.50682068 0.99312496
vt 0.50682068 0.99312496
vt 0.50682068 0.99312496
vt 0.50682068 0.99312496
vt 0.50682068 0.99312496
vt 0.50682068 0.99312496
vt 0.50682068 0.99312496
vt 0.50682068 0.99312496
vt 0.50682068 0.99312496
vt 0.50682068 0.99312496
vt 0.50682068 0.99312496
vt 0.50682068 0.99312496
vt 0.50682068 0.99312496
vt 0.50682068 0.99312496
vt 0.50682068 0.99312496
vt 0.50079393 0.99321556
vt 0.50079393 0.99321556
vt 0.50079393 0.99321556
vt 0.50079393 0.99321556
vt 0.50079393 0.99321556
vt 0.50079393 0.99321556
vt 0.50079393 0.99321556
vt 0.50079393 0.99321556
vt 0.50079393 0.99321556
vt 0.50079393 0.99321556
vt 0.50079393 0.99321556
vt 0.50079393 0.99321556
vt 0.50079393 0.99321556
vt 0.50079393 0.99321556
vt 0.50079393 0.99321556
vt 0.50079393 0.99321556
vt 0.50079393 0.99321556
vt 0.50079393 0.99321556
vt 0.50079393 0.99321556
vt 0.50079393 0.99321556
vt 0.50079393 0.99321556
vt 0.50079393 0.99321556
vt 0.50079393 0.99321556
vt 0.50079393 0.99321556
vt 0.50682831 0.99316263
vt 0.50682831 0.99316263
vt 0.50682831 0.99316263
vt 0.50682831 0.99316263
vt 0.50682831 0.99316263
vt 0.50682831 0.99316263
vt 0.50682831 0.99316263
vt 0.50682831 0.99316263
vt 0.50682831 0.99316263
vt 0.50682831 0.99316263
vt 0.50682831 0.99316263
vt 0.50682831 0.99316263
vt 0.50682831 0.99316263
vt 0.50682831 0.99316263
vt 0.50682831 0.99316263
vt 0.50682831 0.99316263
vt 0.50682831 0.99316263
vt 0.50682831 0.99316263
vt 0.50682831 0.99316263
vt 0.50682831 0.99316263
vt 0.50682831 0.99316263
vt 0.50682831 0.99316263
vt 0.50682831 0.99316263
vt 0.50682831 0.99316263
vt 0.50682831 0.99316263
vt 0.50682831 0.99316263
vt 0.50682831 0.99316263
vt 0.50682831 0.99316263
vt 0.50682831 0.99316263
vt 0.50682831 0.99316263
vt 0.50682831 0.99316263
vt 0.50682831 0.99316263
vt 0.50682831 0.99316263
vt 0.50682831 0.99316263
vt 0.50682831 0.99316263
vt 0.50682831 0.99316263
vt 0.50682831 0.99316263
vt 0.50682831 0.99316263
vt 0.50682831 0.99316263
vt 0.50682831 0.99316263
vt 0.50682831 0.99316263
vt 0.50682831 0.99316263
vt 0.50682831 0.99316263
vt 0.50682831 0.99316263
vt 0.50682831 0.99316263
vt 0.50682831 0.99316263
vt 0.50682831 0.99316263
vt 0.50682831 0.99316263
vt 0.50682831 0.99316263
vt 0.50682831 0.99316263
vt 0.50682831 0.99316263
vt 0.50682831 0.99316263
vt 0.50682831 0.99316263
vt 0.50682831 0.99316263
vt 0.50682831 0.99316263
vt 0.50682831 0.99316263
vt 0.50675201 0.99338341
vt 0.50675201 0.99338341
vt 0.50675201 0.99338341
vt 0.50675201 0.99338341
vt 0.50675201 0.99338341
vt 0.50675201 0.99338341
vt 0.50675201 0.99338341
vt 0.50675201 0.99338341
vt 0.50693512 0.99322510
vt 0.50693512 0.99322510
vt 0.50693512 0.99322510
vt 0.50693512 0.99322510
vt 0.50693512 0.99322510
vt 0.50693512 0.99322510
vt 0.50693512 0.99322510
vt 0.50693512 0.99322510
vt 0.50693512 0.99322510
vt 0.50693512 0.99322510
vt 0.50693512 0.99322510
vt 0.50693512 0.99322510
vt 0.50693512 0.99322510
vt 0.50693512 0.99322510
vt 0.50693512 0.99322510
vt 0.50693512 0.99322510
vt 0.50693512 0.99322510
vt 0.50693512 0.99322510
vt 0.50693512 0.99322510
vt 0.50693512 0.99322510
vt 0.50693512 0.99322510
vt 0.50693512 0.99322510
vt 0.50693512 0.99322510
vt 0.50693512 0.99322510
vt 0.50693512 0.99322510
vt 0.50693512 0.99322510
vt 0.50693130 0.99310255
vt 0.50693130 0.99310255
vt 0.50693130 0.99310255
vt 0.50693130 0.99310255
vt 0.50693130 0.99310255
vt 0.50693130 0.99310255
vt 0.50693130 0.99310255
vt 0.50693130 0.99310255
vt 0.50693130 0.99310255
vt 0.50693130 0.99310255
vt 0.50693130 0.99310255
vt 0.50693130 0.99310255
vt 0.50693130 0.99310255
vt 0.50693130 0.99310255
vt 0.50693130 0.99310255
vt 0.50693130 0.99310255
vt 0.50693130 0.99310255
vt 0.50693130 0.99310255
vt 0.50693130 0.99310255
vt 0.50693130 0.99310255
vt 0.50693130 0.99310255
vt 0.50693130 0.99310255
vt 0.50693130 0.99310255
vt 0.50693130 0.99310255
vt 0.50693130 0.99310255
vt 0.50693130 0.99310255
vt 0.50675201 0.99338341
vt 0.50675201 0.99338341
vt 0.50675201 0.99338341
vt 0.50675201 0.99338341
vt 0.50675201 0.99338341
vt 0.50675201 0.99338341
vt 0.50675201 0.99338341
vt 0.50675201 0.99338341
vt 0.50675201 0.99338341
vt 0.50675201 0.99338341
vt 0.50675201 0.99338341
vt 0.50675201 0.99338341
vt 0.50675201 0.99338341
vt 0.50675201 0.99338341
vt 0.50675201 0.99338341
vt 0.50675201 0.99338341
vt 0.50682831 0.99316263
vt 0.50682831 0.99316263
vt 0.50682831 0.99316263
vt 0.50682831 0.99316263
vt 0.50682831 0.99316263
vt 0.50682831 0.99316263
vt 0.50682831 0.99316263
vt 0.50682831 0.99316263
vt 0.50682831 0.99316263
vt 0.43911743 0.99669266
vt 0.44067383 0.99631500
vt 0.45028687 0.99631500
vt 0.44873047 0.99669266
vt 0.43911743 0.99744797
vt 0.45989990 0.99631500
vt 0.44873047 0.99744797
vt 0.44067383 0.99782562
vt 0.45028687 0.99782562
vt 0.45834351 0.99744797
vt 0.45989990 0.99782562
vt 0.45834351 0.99669266
vt 0.46949768 0.99631500
vt 0.46792603 0.99744797
vt 0.46949768 0.99782562
vt 0.46792603 0.99669266
vt 0.47911072 0.99631500
vt 0.47753906 0.99744797
vt 0.47911072 0.99782562
vt 0.47753906 0.99669266
vt 0.48871613 0.99631500
vt 0.48715210 0.99744797
vt 0.48871613 0.99782562
vt 0.48715210 0.99669266
vt 0.49831963 0.99631500
vt 0.49675751 0.99744797
vt 0.49832058 0.99782562
vt 0.49675751 0.99669266
vt 0.50792694 0.99631500
vt 0.50636292 0.99744797
vt 0.50792694 0.99782562
vt 0.50636292 0.99669266
vt 0.51753235 0.99631500
vt 0.51597595 0.99744797
vt 0.51753235 0.99782562
vt 0.51597595 0.99669266
vt 0.52714539 0.99631500
vt 0.52557373 0.99744797
vt 0.52714539 0.99782562
vt 0.52557373 0.99669266
vt 0.53674316 0.99631500
vt 0.53518677 0.99744797
vt 0.53674316 0.99782562
vt 0.53518677 0.99669266
vt 0.54635620 0.99631500
vt 0.54479980 0.99744797
vt 0.54635620 0.99782562
vt 0.54479980 0.99669266
vt 0.55596924 0.99631500
vt 0.55441284 0.99744797
vt 0.55596924 0.99782562
vt 0.55441284 0.99669266
vt 0.56555176 0.99631500
vt 0.56402588 0.99669266
vt 0.56402588 0.99744797
vt 0.56555176 0.99782562
vt 0.45108032 0.99860001
vt 0.44146729 0.99860001
vt 0.44067383 0.99782562
vt 0.45028687 0.99782562
vt 0.46066284 0.99860001
vt 0.45989990 0.99782562
vt 0.44146729 0.99553871
vt 0.45028687 0.99631500
vt 0.44067383 0.99631500
vt 0.45108032 0.99553871
vt 0.45989990 0.99631500
vt 0.46066284 0.99553871
vt 0.46949768 0.99631500
vt 0.47027588 0.99553871
vt 0.47911072 0.99631500
vt 0.47988892 0.99553871
vt 0.48871613 0.99631500
vt 0.48949432 0.99553871
vt 0.49831963 0.99631500
vt 0.49910116 0.99553871
vt 0.50792694 0.99631500
vt 0.50870514 0.99553871
vt 0.51753235 0.99631500
vt 0.51831055 0.99553871
vt 0.52714539 0.99631500
vt 0.52792358 0.99553871
vt 0.53674316 0.99631500
vt 0.53753662 0.99553871
vt 0.54635620 0.99631500
vt 0.54714966 0.99553871
vt 0.55596924 0.99631500
vt 0.55673218 0.99553871
vt 0.56555176 0.99631500
vt 0.56634521 0.99553871
vt 0.47027588 0.99860001
vt 0.46066284 0.99860001
vt 0.45989990 0.99782562
vt 0.46949768 0.99782562
vt 0.47988892 0.99860001
vt 0.47911072 0.99782562
vt 0.48949432 0.99860001
vt 0.48871613 0.99782562
vt 0.49910116 0.99860001
vt 0.49832058 0.99782562
vt 0.50870514 0.99860001
vt 0.50792694 0.99782562
vt 0.51831055 0.99860001
vt 0.51753235 0.99782562
vt 0.52792358 0.99860001
vt 0.51831055 0.99860001
vt 0.51753235 0.99782562
vt 0.52714539 0.99782562
vt 0.53753662 0.99860001
vt 0.53674316 0.99782562
vt 0.54714966 0.99860001
vt 0.53753662 0.99860001
vt 0.53674316 0.99782562
vt 0.54635620 0.99782562
vt 0.55673218 0.99860001
vt 0.54714966 0.99860001
vt 0.54635620 0.99782562
vt 0.55596924 0.99782562
vt 0.56634521 0.99860001
vt 0.56555176 0.99782562
vt 0.50486374 0.99330330
vt 0.50486374 0.99330330
vt 0.50486374 0.99330330
vt 0.50486374 0.99330330
vt 0.50486374 0.99330330
vt 0.50486374 0.99330330
vt 0.50486374 0.99330330
vt 0.50486374 0.99330330
vt 0.50486374 0.99330330
vt 0.50486374 0.99330330
vt 0.50486374 0.99330330
vt 0.50486374 0.99330330
vt 0.50486374 0.99330330
vt 0.50486374 0.99330330
vt 0.50486374 0.99330330
vt 0.50486374 0.99330330
vt 0.50486374 0.99330330
vt 0.50486374 0.99330330
vt 0.50486374 0.99330330
vt 0.50486374 0.99330330
vt 0.50486374 0.99330330
vt 0.50486374 0.99330330
vt 0.50486374 0.99330330
vt 0.50486374 0.99330330
vt 0.50486374 0.99330330
vt 0.50486374 0.99330330
vt 0.50682831 0.99316263
vt 0.50682831 0.99316263
vt 0.50682831 0.99316263
vt 0.50682831 0.99316263
vt 0.50682831 0.99316263
vt 0.50682831 0.99316263
vt 0.50682831 0.99316263
vt 0.50682831 0.99316263
vt 0.50682831 0.99316263
vt 0.50682831 0.99316263
vt 0.50682831 0.99316263
vt 0.50682831 0.99316263
vt 0.50682831 0.99316263
vt 0.50682831 0.99316263
vt 0.50682831 0.99316263
vt 0.50682831 0.99316263
vt 0.50682831 0.99316263
vt 0.50682831 0.99316263
vt 0.50682831 0.99316263
vt 0.50682831 0.99316263
vt 0.50682831 0.99316263
vt 0.50682831 0.99316263
vt 0.50682831 0.99316263
vt 0.50682831 0.99316263
vt 0.50682831 0.99316263
vt 0.50682831 0.99316263
vt 0.50682831 0.99316263
vt 0.50682831 0.99316263
vt 0.50682831 0.99316263
vt 0.50682831 0.99316263
vt 0.50682831 0.99316263
vt 0.50682831 0.99316263
vt 0.50682831 0.99316263
vt 0.50682831 0.99316263
vt 0.50682831 0.99316263
vt 0.50682831 0.99316263
vt 0.50682831 0.99316263
vt 0.50682831 0.99316263
vt 0.50682831 0.99316263
vt 0.50682831 0.99316263
vt 0.50682831 0.99316263
vt 0.50682831 0.99316263
vt 0.50682831 0.99316263
vt 0.50682831 0.99316263
vt 0.50682831 0.99316263
vt 0.50682831 0.99316263
vt 0.50682831 0.99316263
vt 0.50682831 0.99316263
vt 0.50682831 0.99316263
vt 0.50682831 0.99316263
vt 0.50682831 0.99316263
vt 0.50682831 0.99316263
vt 0.50682831 0.99316263
vt 0.50682831 0.99316263
vt 0.50682831 0.99316263
vt 0.50682831 0.99316263
vt 0.50682831 0.99316263
vt 0.50682831 0.99316263
vt 0.50682831 0.99316263
vt 0.50682831 0.99316263
vt 0.50682831 0.99316263
vt 0.50682831 0.99316263
vt 0.50682831 0.99316263
vt 0.50682831 0.99316263
vt 0.50682831 0.99316263
vt 0.50682831 0.99316263
vt 0.50682831 0.99316263
vt 0.50682831 0.99316263
vt 0.50682831 0.99316263
vt 0.50682831 0.99316263
vt 0.50682831 0.99316263
vt 0.50682831 0.99316263
vt 0.50682831 0.99316263
vt 0.50682831 0.99316263
vt 0.50682831 0.99316263
vt 0.50682831 0.99316263
vt 0.50682831 0.99316263
vt 0.50682831 0.99316263
vt 0.50682831 0.99316263
vt 0.50682831 0.99316263
vt 0.50682831 0.99316263
vt 0.50682831 0.99316263
vt 0.50682831 0.99316263
vt 0.50682831 0.99316263
vt 0.50682831 0.99316263
vt 0.50682831 0.99316263
vt 0.50682831 0.99316263
vt 0.50682831 0.99316263
vt 0.50682831 0.99316263
vt 0.50682831 0.99316263
vt 0.50682831 0.99316263
vt 0.50682831 0.99316263
vt 0.50682831 0.99316263
vt 0.50682831 0.99316263
vt 0.50682831 0.99316263
vt 0.50682831 0.99316263
vt 0.50682831 0.99316263
vt 0.50682831 0.99316263
vt 0.50682831 0.99316263
vt 0.50682831 0.99316263
vt 0.50682831 0.99316263
vt 0.50682068 0.99312496
vt 0.50682068 0.99312496
vt 0.50682068 0.99312496
vt 0.50682068 0.99312496
vt 0.50682068 0.99312496
vt 0.50682068 0.99312496
vt 0.50682068 0.99312496
vt 0.50682068 0.99312496
vt 0.50682068 0.99312496
vt 0.50682068 0.99312496
vt 0.50682068 0.99312496
vt 0.50682068 0.99312496
vt 0.50682068 0.99312496
vt 0.50682068 0.99312496
vt 0.50682068 0.99312496
vt 0.50682068 0.99312496
vt 0.50682068 0.99312496
vt 0.50682068 0.99312496
vt 0.50682068 0.99312496
vt 0.50682068 0.99312496
vt 0.50682068 0.99312496
vt 0.50682068 0.99312496
vt 0.50682068 0.99312496
vt 0.50682068 0.99312496
vt 0.50682068 0.99312496
vt 0.50682068 0.99312496
vt 0.50682068 0.99312496
vt 0.50682068 0.99312496
vt 0.50682068 0.99312496
vt 0.50682068 0.99312496
vt 0.50682068 0.99312496
vt 0.50682068 0.99312496
vt 0.50682068 0.99312496
vt 0.50682068 0.99312496
vt 0.50682068 0.99312496
vt 0.50682068 0.99312496
vt 0.50682068 0.99312496
vt 0.50682068 0.99312496
vt 0.50682068 0.99312496
vt 0.50682068 0.99312496
vt 0.50682068 0.99312496
vt 0.50682068 0.99312496
vt 0.50682068 0.99312496
vt 0.50682068 0.99312496
vt 0.50682068 0.99312496
vt 0.50682068 0.99312496
vt 0.50682068 0.99312496
vt 0.50682068 0.99312496
vt 0.50682068 0.99312496
vt 0.50682068 0.99312496
vt 0.50682068 0.99312496
vt 0.50682068 0.99312496
vt 0.50682068 0.99312496
vt 0.50682068 0.99312496
vt 0.50682068 0.99312496
vt 0.50682068 0.99312496
vt 0.50682068 0.99312496
vt 0.50682068 0.99312496
vt 0.50682068 0.99312496
vt 0.50682068 0.99312496
vt 0.50682068 0.99312496
vt 0.50682068 0.99312496
vt 0.50682068 0.99312496
vt 0.50682068 0.99312496
vt 0.50682068 0.99312496
vt 0.50682068 0.99312496
vt 0.50682068 0.99312496
vt 0.50682068 0.99312496
vt 0.50682068 0.99312496
vt 0.50682068 0.99312496
vt 0.50682068 0.99312496
vt 0.50682068 0.99312496
vt 0.50682068 0.99312496
vt 0.50682068 0.99312496
vt 0.50682068 0.99312496
vt 0.50682068 0.99312496
vt 0.50682068 0.99312496
vt 0.50682068 0.99312496
vt 0.50682068 0.99312496
vt 0.50682068 0.99312496
vt 0.50682068 0.99312496
vt 0.50682068 0.99312496
vt 0.50682068 0.99312496
vt 0.50682068 0.99312496
vt 0.50682068 0.99312496
vt 0.50682068 0.99312496
vt 0.50682068 0.99312496
vt 0.50682068 0.99312496
vt 0.50682068 0.99312496
vt 0.50682068 0.99312496
vt 0.50682068 0.99312496
vt 0.50682068 0.99312496
vt 0.50682068 0.99312496
vt 0.50682068 0.99312496
vt 0.50682068 0.99312496
vt 0.50682068 0.99312496
vt 0.50079393 0.99321556
vt 0.50079393 0.99321556
vt 0.50079393 0.99321556
vt 0.50079393 0.99321556
vt 0.50079393 0.99321556
vt 0.50079393 0.99321556
vt 0.50079393 0.99321556
vt 0.50079393 0.99321556
vt 0.50079393 0.99321556
vt 0.50079393 0.99321556
vt 0.50079393 0.99321556
vt 0.50079393 0.99321556
vt 0.50079393 0.99321556
vt 0.50079393 0.99321556
vt 0.50079393 0.99321556
vt 0.50079393 0.99321556
vt 0.50079393 0.99321556
vt 0.50079393 0.99321556
vt 0.50079393 0.99321556
vt 0.50079393 0.99321556
vt 0.50079393 0.99321556
vt 0.50079393 0.99321556
vt 0.50079393 0.99321556
vt 0.50079393 0.99321556
vt 0.50682831 0.99316263
vt 0.50682831 0.99316263
vt 0.50682831 0.99316263
vt 0.50682831 0.99316263
vt 0.50682831 0.99316263
vt 0.50682831 0.99316263
vt 0.50682831 0.99316263
vt 0.50682831 0.99316263
vt 0.50682831 0.99316263
vt 0.50682831 0.99316263
vt 0.50682831 0.99316263
vt 0.50682831 0.99316263
vt 0.50682831 0.99316263
vt 0.50682831 0.99316263
vt 0.50682831 0.99316263
vt 0.50682831 0.99316263
vt 0.50682831 0.99316263
vt 0.50682831 0.99316263
vt 0.50682831 0.99316263
vt 0.50682831 0.99316263
vt 0.50682831 0.99316263
vt 0.50682831 0.99316263
vt 0.50682831 0.99316263
vt 0.50682831 0.99316263
vt 0.50682831 0.99316263
vt 0.50682831 0.99316263
vt 0.50682831 0.99316263
vt 0.50682831 0.99316263
vt 0.50682831 0.99316263
vt 0.50682831 0.99316263
vt 0.50682831 0.99316263
vt 0.50682831 0.99316263
vt 0.50682831 0.99316263
vt 0.50682831 0.99316263
vt 0.50682831 0.99316263
vt 0.50682831 0.99316263
vt 0.50682831 0.99316263
vt 0.50682831 0.99316263
vt 0.50682831 0.99316263
vt 0.50682831 0.99316263
vt 0.50682831 0.99316263
vt 0.50682831 0.99316263
vt 0.50682831 0.99316263
vt 0.50682831 0.99316263
vt 0.50682831 0.99316263
vt 0.50682831 0.99316263
vt 0.50682831 0.99316263
vt 0.50682831 0.99316263
vt 0.50682831 0.99316263
vt 0.50682831 0.99316263
vt 0.50682831 0.99316263
vt 0.50682831 0.99316263
vt 0.50682831 0.99316263
vt 0.50682831 0.99316263
vt 0.50682831 0.99316263
vt 0.50682831 0.99316263
vt 0.50675201 0.99338341
vt 0.50675201 0.99338341
vt 0.50675201 0.99338341
vt 0.50675201 0.99338341
vt 0.50675201 0.99338341
vt 0.50675201 0.99338341
vt 0.50675201 0.99338341
vt 0.50675201 0.99338341
vt 0.50693512 0.99322510
vt 0.50693512 0.99322510
vt 0.50693512 0.99322510
vt 0.50693512 0.99322510
vt 0.50693512 0.99322510
vt 0.50693512 0.99322510
vt 0.50693512 0.99322510
vt 0.50693512 0.99322510
vt 0.50693512 0.99322510
vt 0.50693512 0.99322510
vt 0.50693512 0.99322510
vt 0.50693512 0.99322510
vt 0.50693512 0.99322510
vt 0.50693512 0.99322510
vt 0.50693512 0.99322510
vt 0.50693512 0.99322510
vt 0.50693512 0.99322510
vt 0.50693512 0.99322510
vt 0.50693512 0.99322510
vt 0.50693512 0.99322510
vt 0.50693512 0.99322510
vt 0.50693512 0.99322510
vt 0.50693512 0.99322510
vt 0.50693512 0.99322510
vt 0.50693512 0.99322510
vt 0.50693512 0.99322510
vt 0.50693130 0.99310255
vt 0.50693130 0.99310255
vt 0.50693130 0.99310255
vt 0.50693130 0.99310255
vt 0.50693130 0.99310255
vt 0.50693130 0.99310255
vt 0.50693130 0.99310255
vt 0.50693130 0.99310255
vt 0.50693130 0.99310255
vt 0.50693130 0.99310255
vt 0.50693130 0.99310255
vt 0.50693130 0.99310255
vt 0.50693130 0.99310255
vt 0.50693130 0.99310255
vt 0.50693130 0.99310255
vt 0.50693130 0.99310255
vt 0.50693130 0.99310255
vt 0.50693130 0.99310255
vt 0.50693130 0.99310255
vt 0.50693130 0.99310255
vt 0.50693130 0.99310255
vt 0.50693130 0.99310255
vt 0.50693130 0.99310255
vt 0.50693130 0.99310255
vt 0.50693130 0.99310255
vt 0.50693130 0.99310255
vt 0.50675201 0.99338341
vt 0.50675201 0.99338341
vt 0.50675201 0.99338341
vt 0.50675201 0.99338341
vt 0.50675201 0.99338341
vt 0.50675201 0.99338341
vt 0.50675201 0.99338341
vt 0.50675201 0.99338341
vt 0.50675201 0.99338341
vt 0.50675201 0.99338341
vt 0.50675201 0.99338341
vt 0.50675201 0.99338341
vt 0.50675201 0.99338341
vt 0.50675201 0.99338341
vt 0.50675201 0.99338341
vt 0.50675201 0.99338341
vn 0.00000000 -1.00000000 0.00000000
vn -0.00000000 1.00000000 0.00000000
vn 0.00000000 0.00000000 -1.00000000
vn 1.00000000 0.00000000 0.00000000
vn 0.00000000 -0.00000000 1.00000000
vn -1.00000000 0.00000000 0.00000000
vn 0.42606700 0.00000000 -0.90469200
vn -0.42606600 0.00000000 0.90469200
vn -0.02580100 -0.99816500 0.05478400
vn 0.90469100 0.00000000 0.42606900
vn 0.02580100 0.99816500 -0.05478400
vn -0.90469100 0.00000000 -0.42606900
vn -0.42606700 0.00000000 -0.90469200
vn 0.42606600 0.00000000 0.90469200
vn 0.02580100 -0.99816500 0.05478400
vn 0.90469100 0.00000000 -0.42606900
vn -0.02580100 0.99816500 -0.05478400
vn -0.90469100 0.00000000 0.42606900
vn 1.00000000 0.00000000 0.00000400
vn 1.00000000 0.00000000 0.00000400
vn 1.00000000 0.00000000 0.00000400
vn 1.00000000 0.00000000 0.00000400
vn 1.00000000 0.00000000 0.00000400
vn 1.00000000 0.00000000 0.00000400
vn -1.00000000 -0.00000000 -0.00000400
vn -1.00000000 -0.00000000 -0.00000400
vn -1.00000000 -0.00000000 -0.00000400
vn -1.00000000 -0.00000000 -0.00000400
vn -1.00000000 -0.00000000 -0.00000400
vn -1.00000000 -0.00000000 -0.00000400
vn 0.00000000 -1.00000000 0.00000000
vn 0.00000000 -1.00000000 0.00000000
vn 0.00000000 -1.00000000 0.00000000
vn 0.00000000 -1.00000000 0.00000000
vn 0.00000000 -1.00000000 0.00000000
vn 0.00000000 -1.00000000 0.00000000
vn -0.00000000 1.00000000 -0.00000000
vn -0.00000000 1.00000000 -0.00000000
vn -0.00000000 1.00000000 -0.00000000
vn -0.00000000 1.00000000 -0.00000000
vn -0.00000000 1.00000000 -0.00000000
vn -0.00000000 1.00000000 -0.00000000
vn -1.00000000 -0.00000000 -0.00000400
vn -1.00000000 -0.00000000 -0.00000400
vn -1.00000000 -0.00000000 -0.00000400
vn -1.00000000 -0.00000000 -0.00000400
vn -1.00000000 -0.00000000 -0.00000400
vn -1.00000000 -0.00000000 -0.00000400
vn 1.00000000 0.00000000 0.00000400
vn 1.00000000 0.00000000 0.00000400
vn 1.00000000 0.00000000 0.00000400
vn 1.00000000 0.00000000 0.00000400
vn 1.00000000 0.00000000 0.00000400
vn 1.00000000 0.00000000 0.00000400
vn 0.00000000 -1.00000000 0.00000000
vn 0.00000000 -1.00000000 0.00000000
vn 0.00000000 -1.00000000 0.00000000
vn 0.00000000 -1.00000000 0.00000000
vn 0.00000000 -1.00000000 0.00000000
vn 0.00000000 -1.00000000 0.00000000
vn -0.00000000 1.00000000 -0.00000000
vn -0.00000000 1.00000000 -0.00000000
vn -0.00000000 1.00000000 -0.00000000
vn -0.00000000 1.00000000 -0.00000000
vn -0.00000000 1.00000000 -0.00000000
vn -0.00000000 1.00000000 -0.00000000
vn -0.00000400 0.00000000 1.00000000
vn -0.00000400 0.00000000 1.00000000
vn -0.00000400 0.00000000 1.00000000
vn -0.00000400 0.00000000 1.00000000
vn -0.00000400 0.00000000 1.00000000
vn -0.00000400 0.00000000 1.00000000
vn -0.00000400 0.00000000 1.00000000
vn -0.00000400 0.00000000 1.00000000
vn -1.00000000 0.00000000 0.00000500
vn -1.00000000 0.00000000 0.00000500
vn -0.99826200 -0.05692300 -0.01524300
vn -1.00000000 0.00000000 0.00000500
vn -1.00000000 0.00000000 0.00000500
vn -1.00000000 0.00000000 0.00000500
vn -1.00000000 0.00000000 0.00000500
vn -1.00000000 0.00000000 0.00000500
vn -1.00000000 0.00000000 0.00000500
vn -0.05523800 -0.99847300 0.00000000
vn -0.11179500 -0.99373100 0.00000100
vn -0.11179700 -0.87991300 0.46179500
vn -0.05521400 -0.88419300 0.46384700
vn 0.05523800 -0.99847300 -0.00000000
vn -0.11175000 -0.56462400 0.81774800
vn 0.05521800 -0.88419300 0.46384700
vn 0.11179500 -0.99373100 -0.00000100
vn 0.11180100 -0.87991300 0.46179400
vn 0.05523100 -0.56709500 0.82179900
vn 0.11175700 -0.56462400 0.81774700
vn -0.05522400 -0.56709500 0.82179900
vn -0.11174900 -0.11975500 0.98649400
vn 0.05521800 -0.12035600 0.99119400
vn 0.11175800 -0.11975500 0.98649300
vn -0.05521000 -0.12035600 0.99119400
vn -0.11176200 0.35225500 0.92920700
vn 0.05522100 0.35412100 0.93356800
vn 0.11177000 0.35225500 0.92920600
vn -0.05521300 0.35412100 0.93356900
vn -0.11177500 0.74383400 0.65895100
vn 0.05523200 0.74750800 0.66195300
vn 0.11178100 0.74383400 0.65895000
vn -0.05522600 0.74750800 0.66195300
vn -0.11180000 0.96483500 0.23789700
vn 0.05523000 0.96946200 0.23894300
vn 0.11180200 0.96483500 0.23789600
vn -0.05522800 0.96946200 0.23894300
vn -0.11180200 0.96483500 -0.23789600
vn 0.05522800 0.96946200 -0.23894300
vn 0.11180000 0.96483500 -0.23789700
vn -0.05523000 0.96946200 -0.23894300
vn -0.11178100 0.74383400 -0.65895000
vn 0.05522600 0.74750800 -0.66195300
vn 0.11177500 0.74383400 -0.65895100
vn -0.05523200 0.74750800 -0.66195300
vn -0.11177000 0.35225500 -0.92920600
vn 0.05521300 0.35412100 -0.93356900
vn 0.11176200 0.35225500 -0.92920700
vn -0.05522100 0.35412100 -0.93356800
vn -0.11175800 -0.11975500 -0.98649300
vn 0.05521000 -0.12035600 -0.99119400
vn 0.11174900 -0.11975500 -0.98649400
vn -0.05521800 -0.12035600 -0.99119400
vn -0.11175700 -0.56462400 -0.81774700
vn 0.05522400 -0.56709500 -0.82179900
vn 0.11175000 -0.56462400 -0.81774800
vn -0.05523100 -0.56709500 -0.82179900
vn -0.11180100 -0.87991300 -0.46179400
vn 0.05521400 -0.88419300 -0.46384700
vn 0.11179700 -0.87991300 -0.46179500
vn -0.05521800 -0.88419300 -0.46384700
vn -0.11179500 -0.99373100 0.00000100
vn -0.05523800 -0.99847300 0.00000000
vn 0.05523800 -0.99847300 -0.00000000
vn 0.11179500 -0.99373100 -0.00000100
vn 1.00000000 0.00000000 -0.00000500
vn 1.00000000 0.00000000 -0.00000500
vn 1.00000000 0.00000000 -0.00000500
vn 1.00000000 0.00000000 -0.00000500
vn 1.00000000 0.00000000 -0.00000500
vn 1.00000000 0.00000000 -0.00000500
vn -1.00000000 0.00000000 0.00000500
vn -1.00000000 0.00000000 0.00000500
vn -1.00000000 0.00000000 0.00000500
vn -1.00000000 0.00000000 0.00000500
vn -1.00000000 0.00000000 0.00000500
vn -1.00000000 0.00000000 0.00000500
vn -1.00000000 0.00000000 0.00000500
vn -1.00000000 0.00000000 0.00000500
vn -1.00000000 0.00000000 0.00000500
vn -1.00000000 0.00000000 0.00000500
vn -1.00000000 0.00000000 0.00000500
vn -1.00000000 0.00000000 0.00000500
vn -1.00000000 0.00000000 0.00000500
vn -1.00000000 0.00000000 0.00000500
vn -1.00000000 0.00000000 0.00000500
vn -1.00000000 0.00000000 0.00000500
vn -1.00000000 0.00000000 0.00000500
vn -1.00000000 0.00000000 0.00000500
vn -1.00000000 0.00000000 0.00000500
vn -1.00000000 0.00000000 0.00000500
vn -1.00000000 0.00000000 0.00000500
vn -1.00000000 0.00000000 0.00000500
vn -1.00000000 0.00000000 0.00000500
vn -1.00000000 0.00000000 0.00000500
vn -1.00000000 0.00000000 0.00000500
vn -1.00000000 0.00000000 0.00000500
vn -1.00000000 0.00000000 0.00000500
vn -1.00000000 0.00000000 0.00000500
vn 1.00000000 0.00000000 -0.00000500
vn 1.00000000 0.00000000 -0.00000500
vn 1.00000000 0.00000000 -0.00000500
vn 1.00000000 0.00000000 -0.00000500
vn 1.00000000 0.00000000 -0.00000500
vn 1.00000000 0.00000000 -0.00000500
vn 1.00000000 0.00000000 -0.00000500
vn 1.00000000 0.00000000 -0.00000500
vn 1.00000000 0.00000000 -0.00000500
vn 1.00000000 0.00000000 -0.00000500
vn 1.00000000 0.00000000 -0.00000500
vn 1.00000000 0.00000000 -0.00000500
vn 1.00000000 0.00000000 -0.00000500
vn 1.00000000 0.00000000 -0.00000500
vn 1.00000000 0.00000000 -0.00000500
vn 1.00000000 0.00000000 -0.00000500
vn 1.00000000 0.00000000 -0.00000500
vn 1.00000000 0.00000000 -0.00000500
vn 1.00000000 0.00000000 -0.00000500
vn 1.00000000 0.00000000 -0.00000500
vn 1.00000000 0.00000000 -0.00000500
vn 1.00000000 0.00000000 -0.00000500
vn 1.00000000 0.00000000 -0.00000500
vn 1.00000000 0.00000000 -0.00000500
vn 1.00000000 0.00000000 -0.00000500
vn 1.00000000 0.00000000 -0.00000500
vn 1.00000000 0.00000000 -0.00000500
vn 1.00000000 0.00000000 -0.00000500
vn 1.00000000 0.00000000 -0.00000500
vn 1.00000000 0.00000000 -0.00000500
vn 1.00000000 0.00000000 -0.00000500
vn 1.00000000 0.00000000 -0.00000500
vn 1.00000000 0.00000000 -0.00000500
vn 1.00000000 0.00000000 -0.00000500
vn 1.00000000 0.00000000 -0.00000500
vn 1.00000000 0.00000000 -0.00000500
vn 1.00000000 0.00000000 -0.00000500
vn 1.00000000 0.00000000 -0.00000500
vn 1.00000000 0.00000000 -0.00000500
vn 1.00000000 0.00000000 -0.00000500
vn 1.00000000 0.00000000 -0.00000500
vn 1.00000000 0.00000000 -0.00000500
vn 1.00000000 0.00000000 -0.00000500
vn -1.00000000 0.00000000 0.00000500
vn -1.00000000 0.00000000 0.00000500
vn -1.00000000 0.00000000 0.00000500
vn -1.00000000 0.00000000 0.00000500
vn -1.00000000 0.00000000 0.00000500
vn -1.00000000 0.00000000 0.00000500
vn -1.00000000 0.00000000 0.00000500
vn -1.00000000 0.00000000 0.00000500
vn -1.00000000 0.00000000 0.00000500
vn -1.00000000 0.00000000 0.00000500
vn -1.00000000 0.00000000 0.00000500
vn -1.00000000 0.00000000 0.00000500
vn -1.00000000 0.00000000 0.00000500
vn 0.00000100 -0.96592600 0.25881700
vn 0.00000100 -0.96592600 0.25881700
vn 0.00000100 -0.96592600 0.25881700
vn 0.00000100 -0.96592600 0.25881700
vn -0.97043800 -0.17065800 0.17066300
vn -0.98920400 -0.10361900 0.10362400
vn -0.98920400 -0.10361900 0.10362400
vn -0.96746700 -0.17889300 0.17889800
vn 0.00000400 -0.25881700 0.96592600
vn 0.00000400 -0.25881700 0.96592600
vn 0.00000400 -0.25881700 0.96592600
vn 0.00000400 -0.25881700 0.96592600
vn 0.00000100 -0.96592600 0.25881700
vn 0.00000100 -0.96592600 0.25881700
vn 0.00000100 -0.96592600 0.25881700
vn 0.00000100 -0.96592600 0.25881700
vn 0.00000300 0.70710700 0.70710700
vn 0.00000300 0.70710700 0.70710700
vn 0.00000300 0.70710700 0.70710700
vn 0.00000300 0.70710700 0.70710700
vn -0.00000400 0.25881700 -0.96592600
vn -0.00000400 0.25881700 -0.96592600
vn -0.00000400 0.25881700 -0.96592600
vn -0.00000400 0.25881700 -0.96592600
vn -0.00000100 0.96592600 -0.25881700
vn -0.00000100 0.96592600 -0.25881700
vn -0.00000100 0.96592600 -0.25881700
vn -0.00000100 0.96592600 -0.25881700
vn -0.97044000 0.17065800 -0.17065400
vn -0.98920500 0.10361900 -0.10361500
vn -0.98920500 0.10361900 -0.10361500
vn -0.96746900 0.17889300 -0.17888900
vn -0.00000400 0.25881700 -0.96592600
vn -0.00000400 0.25881700 -0.96592600
vn -0.00000400 0.25881700 -0.96592600
vn -0.00000400 0.25881700 -0.96592600
vn -0.97269200 -0.06006900 -0.22419100
vn -0.98919500 -0.03793500 -0.14161000
vn -0.96747500 -0.06546100 -0.24435100
vn -0.98919500 -0.03793500 -0.14161000
vn -1.00000000 0.00000000 0.00000500
vn -1.00000000 0.00000000 0.00000500
vn -0.99879400 0.03472400 -0.03472000
vn -0.99826200 0.05692300 0.01525200
vn -1.00000000 0.00000000 0.00000500
vn -0.00000300 -0.70710700 -0.70710700
vn -0.00000300 -0.70710700 -0.70710700
vn -0.00000300 -0.70710700 -0.70710700
vn -0.00000300 -0.70710700 -0.70710700
vn 0.00000300 0.70710700 0.70710700
vn 0.00000300 0.70710700 0.70710700
vn 0.00000300 0.70710700 0.70710700
vn 0.00000300 0.70710700 0.70710700
vn -0.00000300 -0.70710700 -0.70710700
vn -0.00000300 -0.70710700 -0.70710700
vn -0.00000300 -0.70710700 -0.70710700
vn -0.00000300 -0.70710700 -0.70710700
vn -0.97269100 0.22419500 0.06007400
vn -0.98919500 0.14161400 0.03794000
vn -0.96747300 0.24435500 0.06546500
vn -0.98919500 0.14161400 0.03794000
vn 0.00000400 -0.25881700 0.96592600
vn 0.00000400 -0.25881700 0.96592600
vn 0.00000400 -0.25881700 0.96592600
vn 0.00000400 -0.25881700 0.96592600
vn -0.00000100 0.96592600 -0.25881700
vn -0.00000100 0.96592600 -0.25881700
vn -0.00000100 0.96592600 -0.25881700
vn -0.00000100 0.96592600 -0.25881700
vn -0.97042700 0.06247000 0.23317100
vn -0.98919400 0.03793500 0.14161900
vn -0.96747300 0.06546100 0.24436000
vn -0.98919400 0.03793500 0.14161900
vn -0.00000300 -0.70710700 -0.70710700
vn -0.00000300 -0.70710700 -0.70710700
vn -0.00000300 -0.70710700 -0.70710700
vn -0.00000300 -0.70710700 -0.70710700
vn 0.00000300 0.70710700 0.70710700
vn 0.00000300 0.70710700 0.70710700
vn 0.00000300 0.70710700 0.70710700
vn 0.00000300 0.70710700 0.70710700
vn 0.00000400 -0.25881700 0.96592600
vn 0.00000400 -0.25881700 0.96592600
vn 0.00000400 -0.25881700 0.96592600
vn 0.00000400 -0.25881700 0.96592600
vn -0.97269200 -0.22419500 -0.06006500
vn -0.98919500 -0.14161400 -0.03793100
vn -0.96564100 -0.25102800 -0.06724100
vn -0.98919500 -0.14161400 -0.03793100
vn -0.00000400 0.25881700 -0.96592600
vn -0.00000400 0.25881700 -0.96592600
vn -0.00000400 0.25881700 -0.96592600
vn -0.00000400 0.25881700 -0.96592600
vn -0.00000100 0.96592600 -0.25881700
vn -0.00000100 0.96592600 -0.25881700
vn -0.00000100 0.96592600 -0.25881700
vn -0.00000100 0.96592600 -0.25881700
vn 0.00000100 -0.96592600 0.25881700
vn 0.00000100 -0.96592600 0.25881700
vn 0.00000100 -0.96592600 0.25881700
vn 0.00000100 -0.96592600 0.25881700
vn -0.00000800 0.99743900 -0.07152500
vn 0.00001500 0.82812300 0.56054600
vn 0.00002200 0.89954400 -0.43683100
vn -0.00016100 0.56054600 0.82812300
vn -0.00001200 0.43683100 -0.89954400
vn 0.00001000 0.89954400 -0.43683100
vn 0.00001900 0.07158500 -0.99743400
vn -0.00002400 0.99743400 -0.07158500
vn -0.00001100 -0.56054600 -0.82812300
vn 0.00000800 0.07152500 -0.99743900
vn 0.00002100 -0.82812300 -0.56054600
vn -0.00002800 0.43683100 -0.89954400
vn -0.00000700 -0.99743900 0.07152500
vn 0.00001000 -0.82812300 -0.56054600
vn 0.00002600 -0.89954400 0.43683100
vn -0.00002700 -0.56054600 -0.82812300
vn -0.00000400 -0.43683100 0.89954400
vn 0.00001400 -0.89954400 0.43683100
vn 0.00002800 -0.07158500 0.99743400
vn -0.00002300 -0.99743400 0.07158500
vn -0.00000400 0.56054600 0.82812300
vn 0.00001700 -0.07152500 0.99743900
vn 0.00002600 0.82812300 0.56054600
vn -0.00001900 -0.43683100 0.89954400
vn -0.00000300 0.07152500 0.99743900
vn 0.00002200 -0.70710700 0.70710700
vn 0.00002800 0.43683100 0.89954400
vn -0.00001500 -0.70710700 0.70710700
vn 0.00003300 0.96592600 0.25881700
vn 0.00003400 0.25881700 0.96592600
vn 0.00002200 0.25881700 0.96592600
vn -0.00001700 0.96592600 0.25881700
vn -0.00001500 0.70710700 -0.70710700
vn 0.00001200 0.99743900 0.07152500
vn 0.00001500 0.70710700 -0.70710700
vn -0.00002200 0.89954400 0.43683100
vn -0.00001200 -0.07152500 -0.99743900
vn 0.00000800 0.56054600 -0.82812300
vn 0.00001900 -0.43683100 -0.89954400
vn -0.00002600 0.82812300 -0.56054600
vn -0.00001000 -0.89954400 -0.43683100
vn 0.00000800 -0.43683100 -0.89954400
vn 0.00002300 -0.99743400 -0.07158500
vn -0.00002800 -0.07158500 -0.99743400
vn -0.00000500 -0.82812300 0.56054600
vn 0.00001200 -0.99743900 -0.07152500
vn 0.00002700 -0.56054600 0.82812300
vn -0.00002600 -0.89954400 -0.43683100
vn -0.00000700 -0.99743900 0.07152500
vn 0.00001000 -0.82812300 -0.56054600
vn 0.00002500 -0.89954400 0.43683100
vn -0.00002700 -0.56054600 -0.82812300
vn -0.00000400 -0.43683100 0.89954400
vn 0.00002000 -0.96592600 0.25881700
vn 0.00002800 -0.07158500 0.99743400
vn -0.00001700 -0.96592600 0.25881700
vn 0.00003500 0.70710700 0.70710700
vn 0.00003400 -0.25881700 0.96592600
vn 0.00002200 -0.25881700 0.96592600
vn -0.00001500 0.70710700 0.70710700
vn -0.00001300 0.96592600 -0.25881700
vn 0.00002200 0.70710700 0.70710700
vn 0.00012500 0.96592600 -0.25881700
vn -0.00012300 0.70710700 0.70710700
vn -0.00003200 0.96592600 -0.25881700
vn -0.00003400 0.25881700 -0.96592600
vn -0.00002200 0.25881700 -0.96592600
vn 0.00001700 0.96592600 -0.25881700
vn -0.00001500 -0.70710700 -0.70710700
vn 0.00000800 0.07152500 -0.99743900
vn 0.00001500 -0.70710700 -0.70710700
vn -0.00002800 0.43683100 -0.89954400
vn -0.00001200 -0.07152500 -0.99743900
vn 0.00000800 0.56054600 -0.82812300
vn 0.00001900 -0.43683100 -0.89954400
vn -0.00002600 0.82812300 -0.56054600
vn -0.00001000 -0.89954400 -0.43683100
vn 0.00000800 -0.43683100 -0.89954400
vn 0.00002300 -0.99743400 -0.07158500
vn -0.00002800 -0.07158500 -0.99743400
vn -0.00000500 -0.82812300 0.56054600
vn 0.00001200 -0.99743900 -0.07152500
vn 0.00002700 -0.56054600 0.82812300
vn -0.00002500 -0.89954400 -0.43683100
vn -0.00000300 0.07152500 0.99743900
vn 0.00002200 -0.70710700 0.70710700
vn 0.00002800 0.43683100 0.89954400
vn -0.00001500 -0.70710700 0.70710700
vn 0.00003300 0.96592600 0.25881700
vn 0.00003400 0.25881700 0.96592600
vn 0.00002200 0.25881700 0.96592600
vn -0.00001700 0.96592600 0.25881700
vn -0.00001500 0.70710700 -0.70710700
vn 0.00001200 0.99743900 0.07152500
vn 0.00001500 0.70710700 -0.70710700
vn -0.00002200 0.89954400 0.43683100
vn -1.00000000 0.00000000 0.00000500
vn -1.00000000 0.00000000 0.00000500
vn -1.00000000 0.00000000 0.00000500
vn -1.00000000 0.00000000 0.00000500
vn -1.00000000 0.00000000 0.00000500
vn -1.00000000 0.00000000 0.00000500
vn -1.00000000 0.00000000 0.00000500
vn -1.00000000 0.00000000 0.00000500
vn -1.00000000 0.00000000 0.00000500
vn -1.00000000 0.00000000 0.00000500
vn -1.00000000 0.00000000 0.00000500
vn -1.00000000 0.00000000 0.00000500
vn -1.00000000 0.00000000 0.00000500
vn -1.00000000 0.00000000 0.00000500
vn -1.00000000 0.00000000 0.00000500
vn -1.00000000 0.00000000 0.00000500
vn -1.00000000 0.00000000 0.00000500
vn -1.00000000 0.00000000 0.00000500
vn -1.00000000 0.00000000 0.00000500
vn -1.00000000 0.00000000 0.00000500
vn -1.00000000 0.00000000 0.00000500
vn -1.00000000 0.00000000 0.00000500
vn -1.00000000 0.00000000 0.00000500
vn -1.00000000 0.00000000 0.00000500
vn -1.00000000 0.00000000 0.00000500
vn -1.00000000 0.00000000 0.00000500
vn -1.00000000 0.00000000 0.00000500
vn -1.00000000 0.00000000 0.00000500
vn -1.00000000 0.00000000 0.00000500
vn -1.00000000 0.00000000 0.00000500
vn -1.00000000 0.00000000 0.00000500
vn -1.00000000 0.00000000 0.00000500
vn -1.00000000 0.00000000 0.00000500
vn -1.00000000 0.00000000 0.00000500
vn -1.00000000 0.00000000 0.00000500
vn -1.00000000 0.00000000 0.00000500
vn -1.00000000 0.00000000 0.00000500
vn -1.00000000 0.00000000 0.00000500
vn -0.99879300 -0.03472400 0.03472900
vn -0.99826200 -0.05692300 -0.01524300
vn -0.99932000 -0.03561700 -0.00954100
vn -1.00000000 0.00000000 0.00000500
vn -1.00000000 0.00000000 0.00000500
vn -1.00000000 0.00000000 0.00000500
vn -1.00000000 0.00000000 0.00000500
vn -0.99879300 -0.03472400 0.03472900
vn -0.99932000 -0.02607700 0.02608200
vn -1.00000000 0.00000000 0.00000500
vn -1.00000000 0.00000000 0.00000500
vn -0.99932000 0.00954000 0.03562200
vn -1.00000000 0.00000000 0.00000500
vn -0.99826200 0.01525700 0.05692700
vn -1.00000000 0.00000000 0.00000500
vn -0.99956600 0.02846400 0.00762900
vn -1.00000000 0.00000000 0.00000500
vn -1.00000000 0.00000000 0.00000500
vn -0.99932000 -0.03561700 -0.00954100
vn -0.99879300 -0.01270700 -0.04744700
vn -1.00000000 0.00000000 0.00000500
vn -1.00000000 0.00000000 0.00000500
vn -0.99879300 -0.01270700 -0.04744700
vn -1.00000000 0.00000000 0.00000500
vn -1.00000000 0.00000000 0.00000500
vn -0.99932000 -0.00954000 -0.03561300
vn -1.00000000 0.00000000 0.00000500
vn -1.00000000 0.00000000 0.00000500
vn -1.00000000 0.00000000 0.00000500
vn -0.99932000 0.02607700 -0.02607300
vn -1.00000000 0.00000000 0.00000500
vn -1.00000000 0.00000000 0.00000500
vn -0.99879400 0.03472400 -0.03472000
vn -1.00000000 0.00000000 0.00000500
vn -0.99826200 0.05692300 0.01525200
vn -0.99956600 0.02846400 0.00762900
vn -1.00000000 0.00000000 0.00000500
vn -1.00000000 0.00000000 0.00000500
vn -1.00000000 0.00000000 0.00000500
vn -1.00000000 0.00000000 0.00000500
vn -1.00000000 0.00000000 0.00000500
vn -1.00000000 0.00000000 0.00000500
vn 1.00000000 0.00000000 -0.00000500
vn 1.00000000 0.00000000 -0.00000500
vn 1.00000000 0.00000000 -0.00000500
vn 1.00000000 0.00000000 -0.00000500
vn 1.00000000 0.00000000 -0.00000500
vn 1.00000000 0.00000000 -0.00000500
vn 1.00000000 0.00000000 -0.00000500
vn 1.00000000 0.00000000 -0.00000500
vn 0.18164900 0.11856200 0.97619000
vn 0.18159300 0.55864100 0.80928700
vn 0.18159300 0.55864100 0.80928700
vn 0.18164900 0.11856200 0.97619000
vn 0.18163000 0.87077800 0.45689800
vn 0.18167700 -0.34869300 0.91946000
vn 0.18163000 0.87077800 0.45689800
vn 0.18167700 -0.34869300 0.91946000
vn 0.18160100 0.98337200 -0.00000100
vn 0.18165300 -0.73587400 0.65229700
vn 0.18160100 0.98337200 -0.00000100
vn 0.18165300 -0.73587400 0.65229700
vn 0.18162600 0.87077800 -0.45690000
vn 0.18162000 -0.95478800 0.23535900
vn 0.18162600 0.87077800 -0.45690000
vn 0.18162000 -0.95478800 0.23535900
vn 0.18158500 0.55864100 -0.80928800
vn 0.18161800 -0.95478800 -0.23536000
vn 0.18158500 0.55864100 -0.80928800
vn 0.18161800 -0.95478800 -0.23536000
vn 0.18164000 0.11856200 -0.97619100
vn 0.18164800 -0.73587400 -0.65229800
vn 0.18164000 0.11856200 -0.97619100
vn 0.18164800 -0.73587400 -0.65229800
vn 0.18166900 -0.34869300 -0.91946200
vn 0.18166900 -0.34869300 -0.91946200
vn -0.18164900 0.11856200 -0.97619000
vn -0.18159300 0.55864100 -0.80928700
vn -0.18159300 0.55864100 -0.80928700
vn -0.18164900 0.11856200 -0.97619000
vn -0.18163000 0.87077800 -0.45689800
vn -0.18167700 -0.34869300 -0.91946000
vn -0.18163000 0.87077800 -0.45689800
vn -0.18167700 -0.34869300 -0.91946000
vn -0.18160100 0.98337200 0.00000100
vn -0.18165300 -0.73587400 -0.65229700
vn -0.18160100 0.98337200 0.00000100
vn -0.18165300 -0.73587400 -0.65229700
vn -0.18162600 0.87077800 0.45690000
vn -0.18162000 -0.95478800 -0.23535900
vn -0.18162600 0.87077800 0.45690000
vn -0.18162000 -0.95478800 -0.23535900
vn -0.18158500 0.55864100 0.80928800
vn -0.18161800 -0.95478800 0.23536000
vn -0.18158500 0.55864100 0.80928800
vn -0.18161800 -0.95478800 0.23536000
vn -0.18164000 0.11856200 0.97619100
vn -0.18164800 -0.73587400 0.65229800
vn -0.18164000 0.11856200 0.97619100
vn -0.18164800 -0.73587400 0.65229800
vn -0.18166900 -0.34869300 0.91946200
vn -0.18166900 -0.34869300 0.91946200
vn -0.00000500 0.00000000 -1.00000000
vn -0.00000500 0.00000000 -1.00000000
vn -0.00000300 -0.70710700 -0.70710700
vn -0.00000300 0.70710700 -0.70710700
vn -0.00000300 -0.70710700 -0.70710700
vn -0.00000300 0.70710700 -0.70710700
vn -0.00000000 -1.00000000 -0.00000000
vn -0.00000000 1.00000000 -0.00000000
vn -0.00000000 -1.00000000 -0.00000000
vn -0.00000000 1.00000000 -0.00000000
vn 0.00000300 -0.70710700 0.70710700
vn 0.00000300 0.70710700 0.70710700
vn 0.00000300 -0.70710700 0.70710700
vn 0.00000300 0.70710700 0.70710700
vn 0.00000500 0.00000000 1.00000000
vn 0.00000500 0.00000000 1.00000000
vn 1.00000000 0.00000000 0.00000500
vn 1.00000000 0.00000000 0.00000500
vn 0.99826200 -0.05692300 -0.01524300
vn 1.00000000 0.00000000 0.00000500
vn 1.00000000 0.00000000 0.00000500
vn 1.00000000 0.00000000 0.00000500
vn 1.00000000 0.00000000 0.00000500
vn 1.00000000 0.00000000 0.00000500
vn 1.00000000 0.00000000 0.00000500
vn 0.05523800 -0.99847300 0.00000000
vn 0.11179500 -0.99373100 0.00000100
vn 0.11179700 -0.87991300 0.46179500
vn 0.05521400 -0.88419300 0.46384700
vn -0.05523800 -0.99847300 -0.00000000
vn 0.11175000 -0.56462400 0.81774800
vn -0.05521800 -0.88419300 0.46384700
vn -0.11179500 -0.99373100 -0.00000100
vn -0.11180100 -0.87991300 0.46179400
vn -0.05523100 -0.56709500 0.82179900
vn -0.11175700 -0.56462400 0.81774700
vn 0.05522400 -0.56709500 0.82179900
vn 0.11174900 -0.11975500 0.98649400
vn -0.05521800 -0.12035600 0.99119400
vn -0.11175800 -0.11975500 0.98649300
vn 0.05521000 -0.12035600 0.99119400
vn 0.11176200 0.35225500 0.92920700
vn -0.05522100 0.35412100 0.93356800
vn -0.11177000 0.35225500 0.92920600
vn 0.05521300 0.35412100 0.93356900
vn 0.11177500 0.74383400 0.65895100
vn -0.05523200 0.74750800 0.66195300
vn -0.11178100 0.74383400 0.65895000
vn 0.05522600 0.74750800 0.66195300
vn 0.11180000 0.96483500 0.23789700
vn -0.05523000 0.96946200 0.23894300
vn -0.11180200 0.96483500 0.23789600
vn 0.05522800 0.96946200 0.23894300
vn 0.11180200 0.96483500 -0.23789600
vn -0.05522800 0.96946200 -0.23894300
vn -0.11180000 0.96483500 -0.23789700
vn 0.05523000 0.96946200 -0.23894300
vn 0.11178100 0.74383400 -0.65895000
vn -0.05522600 0.74750800 -0.66195300
vn -0.11177500 0.74383400 -0.65895100
vn 0.05523200 0.74750800 -0.66195300
vn 0.11177000 0.35225500 -0.92920600
vn -0.05521300 0.35412100 -0.93356900
vn -0.11176200 0.35225500 -0.92920700
vn 0.05522100 0.35412100 -0.93356800
vn 0.11175800 -0.11975500 -0.98649300
vn -0.05521000 -0.12035600 -0.99119400
vn -0.11174900 -0.11975500 -0.98649400
vn 0.05521800 -0.12035600 -0.99119400
vn 0.11175700 -0.56462400 -0.81774700
vn -0.05522400 -0.56709500 -0.82179900
vn -0.11175000 -0.56462400 -0.81774800
vn 0.05523100 -0.56709500 -0.82179900
vn 0.11180100 -0.87991300 -0.46179400
vn -0.05521400 -0.88419300 -0.46384700
vn -0.11179700 -0.87991300 -0.46179500
vn 0.05521800 -0.88419300 -0.46384700
vn 0.11179500 -0.99373100 0.00000100
vn 0.05523800 -0.99847300 0.00000000
vn -0.05523800 -0.99847300 -0.00000000
vn -0.11179500 -0.99373100 -0.00000100
vn -1.00000000 0.00000000 -0.00000500
vn -1.00000000 0.00000000 -0.00000500
vn -1.00000000 0.00000000 -0.00000500
vn -1.00000000 0.00000000 -0.00000500
vn -1.00000000 0.00000000 -0.00000500
vn -1.00000000 0.00000000 -0.00000500
vn 1.00000000 0.00000000 0.00000500
vn 1.00000000 0.00000000 0.00000500
vn 1.00000000 0.00000000 0.00000500
vn 1.00000000 0.00000000 0.00000500
vn 1.00000000 0.00000000 0.00000500
vn 1.00000000 0.00000000 0.00000500
vn 1.00000000 0.00000000 0.00000500
vn 1.00000000 0.00000000 0.00000500
vn 1.00000000 0.00000000 0.00000500
vn 1.00000000 0.00000000 0.00000500
vn 1.00000000 0.00000000 0.00000500
vn 1.00000000 0.00000000 0.00000500
vn 1.00000000 0.00000000 0.00000500
vn 1.00000000 0.00000000 0.00000500
vn 1.00000000 0.00000000 0.00000500
vn 1.00000000 0.00000000 0.00000500
vn 1.00000000 0.00000000 0.00000500
vn 1.00000000 0.00000000 0.00000500
vn 1.00000000 0.00000000 0.00000500
vn 1.00000000 0.00000000 0.00000500
vn 1.00000000 0.00000000 0.00000500
vn 1.00000000 0.00000000 0.00000500
vn 1.00000000 0.00000000 0.00000500
vn 1.00000000 0.00000000 0.00000500
vn 1.00000000 0.00000000 0.00000500
vn 1.00000000 0.00000000 0.00000500
vn 1.00000000 0.00000000 0.00000500
vn 1.00000000 0.00000000 0.00000500
vn -1.00000000 0.00000000 -0.00000500
vn -1.00000000 0.00000000 -0.00000500
vn -1.00000000 0.00000000 -0.00000500
vn -1.00000000 0.00000000 -0.00000500
vn -1.00000000 0.00000000 -0.00000500
vn -1.00000000 0.00000000 -0.00000500
vn -1.00000000 0.00000000 -0.00000500
vn -1.00000000 0.00000000 -0.00000500
vn -1.00000000 0.00000000 -0.00000500
vn -1.00000000 0.00000000 -0.00000500
vn -1.00000000 0.00000000 -0.00000500
vn -1.00000000 0.00000000 -0.00000500
vn -1.00000000 0.00000000 -0.00000500
vn -1.00000000 0.00000000 -0.00000500
vn -1.00000000 0.00000000 -0.00000500
vn -1.00000000 0.00000000 -0.00000500
vn -1.00000000 0.00000000 -0.00000500
vn -1.00000000 0.00000000 -0.00000500
vn -1.00000000 0.00000000 -0.00000500
vn -1.00000000 0.00000000 -0.00000500
vn -1.00000000 0.00000000 -0.00000500
vn -1.00000000 0.00000000 -0.00000500
vn -1.00000000 0.00000000 -0.00000500
vn -1.00000000 0.00000000 -0.00000500
vn -1.00000000 0.00000000 -0.00000500
vn -1.00000000 0.00000000 -0.00000500
vn -1.00000000 0.00000000 -0.00000500
vn -1.00000000 0.00000000 -0.00000500
vn -1.00000000 0.00000000 -0.00000500
vn -1.00000000 0.00000000 -0.00000500
vn -1.00000000 0.00000000 -0.00000500
vn -1.00000000 0.00000000 -0.00000500
vn -1.00000000 0.00000000 -0.00000500
vn -1.00000000 0.00000000 -0.00000500
vn -1.00000000 0.00000000 -0.00000500
vn -1.00000000 0.00000000 -0.00000500
vn -1.00000000 0.00000000 -0.00000500
vn -1.00000000 0.00000000 -0.00000500
vn -1.00000000 0.00000000 -0.00000500
vn -1.00000000 0.00000000 -0.00000500
vn -1.00000000 0.00000000 -0.00000500
vn -1.00000000 0.00000000 -0.00000500
vn -1.00000000 0.00000000 -0.00000500
vn 1.00000000 0.00000000 0.00000500
vn 1.00000000 0.00000000 0.00000500
vn 1.00000000 0.00000000 0.00000500
vn 1.00000000 0.00000000 0.00000500
vn 1.00000000 0.00000000 0.00000500
vn 1.00000000 0.00000000 0.00000500
vn 1.00000000 0.00000000 0.00000500
vn 1.00000000 0.00000000 0.00000500
vn 1.00000000 0.00000000 0.00000500
vn 1.00000000 0.00000000 0.00000500
vn 1.00000000 0.00000000 0.00000500
vn 1.00000000 0.00000000 0.00000500
vn 1.00000000 0.00000000 0.00000500
vn -0.00000100 -0.96592600 0.25881700
vn -0.00000100 -0.96592600 0.25881700
vn -0.00000100 -0.96592600 0.25881700
vn -0.00000100 -0.96592600 0.25881700
vn 0.97043800 -0.17065800 0.17066300
vn 0.98920400 -0.10361900 0.10362400
vn 0.98920400 -0.10361900 0.10362400
vn 0.96746700 -0.17889300 0.17889800
vn -0.00000400 -0.25881700 0.96592600
vn -0.00000400 -0.25881700 0.96592600
vn -0.00000400 -0.25881700 0.96592600
vn -0.00000400 -0.25881700 0.96592600
vn -0.00000100 -0.96592600 0.25881700
vn -0.00000100 -0.96592600 0.25881700
vn -0.00000100 -0.96592600 0.25881700
vn -0.00000100 -0.96592600 0.25881700
vn -0.00000300 0.70710700 0.70710700
vn -0.00000300 0.70710700 0.70710700
vn -0.00000300 0.70710700 0.70710700
vn -0.00000300 0.70710700 0.70710700
vn 0.00000400 0.25881700 -0.96592600
vn 0.00000400 0.25881700 -0.96592600
vn 0.00000400 0.25881700 -0.96592600
vn 0.00000400 0.25881700 -0.96592600
vn 0.00000100 0.96592600 -0.25881700
vn 0.00000100 0.96592600 -0.25881700
vn 0.00000100 0.96592600 -0.25881700
vn 0.00000100 0.96592600 -0.25881700
vn 0.97044000 0.17065800 -0.17065400
vn 0.98920500 0.10361900 -0.10361500
vn 0.98920500 0.10361900 -0.10361500
vn 0.96746900 0.17889300 -0.17888900
vn 0.00000400 0.25881700 -0.96592600
vn 0.00000400 0.25881700 -0.96592600
vn 0.00000400 0.25881700 -0.96592600
vn 0.00000400 0.25881700 -0.96592600
vn 0.97269200 -0.06006900 -0.22419100
vn 0.98919500 -0.03793500 -0.14161000
vn 0.96747500 -0.06546100 -0.24435100
vn 0.98919500 -0.03793500 -0.14161000
vn 1.00000000 0.00000000 0.00000500
vn 1.00000000 0.00000000 0.00000500
vn 0.99879400 0.03472400 -0.03472000
vn 0.99826200 0.05692300 0.01525200
vn 1.00000000 0.00000000 0.00000500
vn 0.00000300 -0.70710700 -0.70710700
vn 0.00000300 -0.70710700 -0.70710700
vn 0.00000300 -0.70710700 -0.70710700
vn 0.00000300 -0.70710700 -0.70710700
vn -0.00000300 0.70710700 0.70710700
vn -0.00000300 0.70710700 0.70710700
vn -0.00000300 0.70710700 0.70710700
vn -0.00000300 0.70710700 0.70710700
vn 0.00000300 -0.70710700 -0.70710700
vn 0.00000300 -0.70710700 -0.70710700
vn 0.00000300 -0.70710700 -0.70710700
vn 0.00000300 -0.70710700 -0.70710700
vn 0.97269100 0.22419500 0.06007400
vn 0.98919500 0.14161400 0.03794000
vn 0.96747300 0.24435500 0.06546500
vn 0.98919500 0.14161400 0.03794000
vn -0.00000400 -0.25881700 0.96592600
vn -0.00000400 -0.25881700 0.96592600
vn -0.00000400 -0.25881700 0.96592600
vn -0.00000400 -0.25881700 0.96592600
vn 0.00000100 0.96592600 -0.25881700
vn 0.00000100 0.96592600 -0.25881700
vn 0.00000100 0.96592600 -0.25881700
vn 0.00000100 0.96592600 -0.25881700
vn 0.97042700 0.06247000 0.23317100
vn 0.98919400 0.03793500 0.14161900
vn 0.96747300 0.06546100 0.24436000
vn 0.98919400 0.03793500 0.14161900
vn 0.00000300 -0.70710700 -0.70710700
vn 0.00000300 -0.70710700 -0.70710700
vn 0.00000300 -0.70710700 -0.70710700
vn 0.00000300 -0.70710700 -0.70710700
vn -0.00000300 0.70710700 0.70710700
vn -0.00000300 0.70710700 0.70710700
vn -0.00000300 0.70710700 0.70710700
vn -0.00000300 0.70710700 0.70710700
vn -0.00000400 -0.25881700 0.96592600
vn -0.00000400 -0.25881700 0.96592600
vn -0.00000400 -0.25881700 0.96592600
vn -0.00000400 -0.25881700 0.96592600
vn 0.97269200 -0.22419500 -0.06006500
vn 0.98919500 -0.14161400 -0.03793100
vn 0.96564100 -0.25102800 -0.06724100
vn 0.98919500 -0.14161400 -0.03793100
vn 0.00000400 0.25881700 -0.96592600
vn 0.00000400 0.25881700 -0.96592600
vn 0.00000400 0.25881700 -0.96592600
vn 0.00000400 0.25881700 -0.96592600
vn 0.00000100 0.96592600 -0.25881700
vn 0.00000100 0.96592600 -0.25881700
vn 0.00000100 0.96592600 -0.25881700
vn 0.00000100 0.96592600 -0.25881700
vn -0.00000100 -0.96592600 0.25881700
vn -0.00000100 -0.96592600 0.25881700
vn -0.00000100 -0.96592600 0.25881700
vn -0.00000100 -0.96592600 0.25881700
vn 0.00000800 0.99743900 -0.07152500
vn -0.00001500 0.82812300 0.56054600
vn -0.00002200 0.89954400 -0.43683100
vn 0.00016100 0.56054600 0.82812300
vn 0.00001200 0.43683100 -0.89954400
vn -0.00001000 0.89954400 -0.43683100
vn -0.00001900 0.07158500 -0.99743400
vn 0.00002400 0.99743400 -0.07158500
vn 0.00001100 -0.56054600 -0.82812300
vn -0.00000800 0.07152500 -0.99743900
vn -0.00002100 -0.82812300 -0.56054600
vn 0.00002800 0.43683100 -0.89954400
vn 0.00000700 -0.99743900 0.07152500
vn -0.00001000 -0.82812300 -0.56054600
vn -0.00002600 -0.89954400 0.43683100
vn 0.00002700 -0.56054600 -0.82812300
vn 0.00000400 -0.43683100 0.89954400
vn -0.00001400 -0.89954400 0.43683100
vn -0.00002800 -0.07158500 0.99743400
vn 0.00002300 -0.99743400 0.07158500
vn 0.00000400 0.56054600 0.82812300
vn -0.00001700 -0.07152500 0.99743900
vn -0.00002600 0.82812300 0.56054600
vn 0.00001900 -0.43683100 0.89954400
vn 0.00000300 0.07152500 0.99743900
vn -0.00002200 -0.70710700 0.70710700
vn -0.00002800 0.43683100 0.89954400
vn 0.00001500 -0.70710700 0.70710700
vn -0.00003300 0.96592600 0.25881700
vn -0.00003400 0.25881700 0.96592600
vn -0.00002200 0.25881700 0.96592600
vn 0.00001700 0.96592600 0.25881700
vn 0.00001500 0.70710700 -0.70710700
vn -0.00001200 0.99743900 0.07152500
vn -0.00001500 0.70710700 -0.70710700
vn 0.00002200 0.89954400 0.43683100
vn 0.00001200 -0.07152500 -0.99743900
vn -0.00000800 0.56054600 -0.82812300
vn -0.00001900 -0.43683100 -0.89954400
vn 0.00002600 0.82812300 -0.56054600
vn 0.00001000 -0.89954400 -0.43683100
vn -0.00000800 -0.43683100 -0.89954400
vn -0.00002300 -0.99743400 -0.07158500
vn 0.00002800 -0.07158500 -0.99743400
vn 0.00000500 -0.82812300 0.56054600
vn -0.00001200 -0.99743900 -0.07152500
vn -0.00002700 -0.56054600 0.82812300
vn 0.00002600 -0.89954400 -0.43683100
vn 0.00000700 -0.99743900 0.07152500
vn -0.00001000 -0.82812300 -0.56054600
vn -0.00002500 -0.89954400 0.43683100
vn 0.00002700 -0.56054600 -0.82812300
vn 0.00000400 -0.43683100 0.89954400
vn -0.00002000 -0.96592600 0.25881700
vn -0.00002800 -0.07158500 0.99743400
vn 0.00001700 -0.96592600 0.25881700
vn -0.00003500 0.70710700 0.70710700
vn -0.00003400 -0.25881700 0.96592600
vn -0.00002200 -0.25881700 0.96592600
vn 0.00001500 0.70710700 0.70710700
vn 0.00001300 0.96592600 -0.25881700
vn -0.00002200 0.70710700 0.70710700
vn -0.00012500 0.96592600 -0.25881700
vn 0.00012300 0.70710700 0.70710700
vn 0.00003200 0.96592600 -0.25881700
vn 0.00003400 0.25881700 -0.96592600
vn 0.00002200 0.25881700 -0.96592600
vn -0.00001700 0.96592600 -0.25881700
vn 0.00001500 -0.70710700 -0.70710700
vn -0.00000800 0.07152500 -0.99743900
vn -0.00001500 -0.70710700 -0.70710700
vn 0.00002800 0.43683100 -0.89954400
vn 0.00001200 -0.07152500 -0.99743900
vn -0.00000800 0.56054600 -0.82812300
vn -0.00001900 -0.43683100 -0.89954400
vn 0.00002600 0.82812300 -0.56054600
vn 0.00001000 -0.89954400 -0.43683100
vn -0.00000800 -0.43683100 -0.89954400
vn -0.00002300 -0.99743400 -0.07158500
vn 0.00002800 -0.07158500 -0.99743400
vn 0.00000500 -0.82812300 0.56054600
vn -0.00001200 -0.99743900 -0.07152500
vn -0.00002700 -0.56054600 0.82812300
vn 0.00002500 -0.89954400 -0.43683100
vn 0.00000300 0.07152500 0.99743900
vn -0.00002200 -0.70710700 0.70710700
vn -0.00002800 0.43683100 0.89954400
vn 0.00001500 -0.70710700 0.70710700
vn -0.00003300 0.96592600 0.25881700
vn -0.00003400 0.25881700 0.96592600
vn -0.00002200 0.25881700 0.96592600
vn 0.00001700 0.96592600 0.25881700
vn 0.00001500 0.70710700 -0.70710700
vn -0.00001200 0.99743900 0.07152500
vn -0.00001500 0.70710700 -0.70710700
vn 0.00002200 0.89954400 0.43683100
vn 1.00000000 0.00000000 0.00000500
vn 1.00000000 0.00000000 0.00000500
vn 1.00000000 0.00000000 0.00000500
vn 1.00000000 0.00000000 0.00000500
vn 1.00000000 0.00000000 0.00000500
vn 1.00000000 0.00000000 0.00000500
vn 1.00000000 0.00000000 0.00000500
vn 1.00000000 0.00000000 0.00000500
vn 1.00000000 0.00000000 0.00000500
vn 1.00000000 0.00000000 0.00000500
vn 1.00000000 0.00000000 0.00000500
vn 1.00000000 0.00000000 0.00000500
vn 1.00000000 0.00000000 0.00000500
vn 1.00000000 0.00000000 0.00000500
vn 1.00000000 0.00000000 0.00000500
vn 1.00000000 0.00000000 0.00000500
vn 1.00000000 0.00000000 0.00000500
vn 1.00000000 0.00000000 0.00000500
vn 1.00000000 0.00000000 0.00000500
vn 1.00000000 0.00000000 0.00000500
vn 1.00000000 0.00000000 0.00000500
vn 1.00000000 0.00000000 0.00000500
vn 1.00000000 0.00000000 0.00000500
vn 1.00000000 0.00000000 0.00000500
vn 1.00000000 0.00000000 0.00000500
vn 1.00000000 0.00000000 0.00000500
vn 1.00000000 0.00000000 0.00000500
vn 1.00000000 0.00000000 0.00000500
vn 1.00000000 0.00000000 0.00000500
vn 1.00000000 0.00000000 0.00000500
vn 1.00000000 0.00000000 0.00000500
vn 1.00000000 0.00000000 0.00000500
vn 1.00000000 0.00000000 0.00000500
vn 1.00000000 0.00000000 0.00000500
vn 1.00000000 0.00000000 0.00000500
vn 1.00000000 0.00000000 0.00000500
vn 1.00000000 0.00000000 0.00000500
vn 1.00000000 0.00000000 0.00000500
vn 0.99879300 -0.03472400 0.03472900
vn 0.99826200 -0.05692300 -0.01524300
vn 0.99932000 -0.03561700 -0.00954100
vn 1.00000000 0.00000000 0.00000500
vn 1.00000000 0.00000000 0.00000500
vn 1.00000000 0.00000000 0.00000500
vn 1.00000000 0.00000000 0.00000500
vn 0.99879300 -0.03472400 0.03472900
vn 0.99932000 -0.02607700 0.02608200
vn 1.00000000 0.00000000 0.00000500
vn 1.00000000 0.00000000 0.00000500
vn 0.99932000 0.00954000 0.03562200
vn 1.00000000 0.00000000 0.00000500
vn 0.99826200 0.01525700 0.05692700
vn 1.00000000 0.00000000 0.00000500
vn 0.99956600 0.02846400 0.00762900
vn 1.00000000 0.00000000 0.00000500
vn 1.00000000 0.00000000 0.00000500
vn 0.99932000 -0.03561700 -0.00954100
vn 0.99879300 -0.01270700 -0.04744700
vn 1.00000000 0.00000000 0.00000500
vn 1.00000000 0.00000000 0.00000500
vn 0.99879300 -0.01270700 -0.04744700
vn 1.00000000 0.00000000 0.00000500
vn 1.00000000 0.00000000 0.00000500
vn 0.99932000 -0.00954000 -0.03561300
vn 1.00000000 0.00000000 0.00000500
vn 1.00000000 0.00000000 0.00000500
vn 1.00000000 0.00000000 0.00000500
vn 0.99932000 0.02607700 -0.02607300
vn 1.00000000 0.00000000 0.00000500
vn 1.00000000 0.00000000 0.00000500
vn 0.99879400 0.03472400 -0.03472000
vn 1.00000000 0.00000000 0.00000500
vn 0.99826200 0.05692300 0.01525200
vn 0.99956600 0.02846400 0.00762900
vn 1.00000000 0.00000000 0.00000500
vn 1.00000000 0.00000000 0.00000500
vn 1.00000000 0.00000000 0.00000500
vn 1.00000000 0.00000000 0.00000500
vn 1.00000000 0.00000000 0.00000500
vn 1.00000000 0.00000000 0.00000500
vn -1.00000000 0.00000000 -0.00000500
vn -1.00000000 0.00000000 -0.00000500
vn -1.00000000 0.00000000 -0.00000500
vn -1.00000000 0.00000000 -0.00000500
vn -1.00000000 0.00000000 -0.00000500
vn -1.00000000 0.00000000 -0.00000500
vn -1.00000000 0.00000000 -0.00000500
vn -1.00000000 0.00000000 -0.00000500
vn -0.18164900 0.11856200 0.97619000
vn -0.18159300 0.55864100 0.80928700
vn -0.18159300 0.55864100 0.80928700
vn -0.18164900 0.11856200 0.97619000
vn -0.18163000 0.87077800 0.45689800
vn -0.18167700 -0.34869300 0.91946000
vn -0.18163000 0.87077800 0.45689800
vn -0.18167700 -0.34869300 0.91946000
vn -0.18160100 0.98337200 -0.00000100
vn -0.18165300 -0.73587400 0.65229700
vn -0.18160100 0.98337200 -0.00000100
vn -0.18165300 -0.73587400 0.65229700
vn -0.18162600 0.87077800 -0.45690000
vn -0.18162000 -0.95478800 0.23535900
vn -0.18162600 0.87077800 -0.45690000
vn -0.18162000 -0.95478800 0.23535900
vn -0.18158500 0.55864100 -0.80928800
vn -0.18161800 -0.95478800 -0.23536000
vn -0.18158500 0.55864100 -0.80928800
vn -0.18161800 -0.95478800 -0.23536000
vn -0.18164000 0.11856200 -0.97619100
vn -0.18164800 -0.73587400 -0.65229800
vn -0.18164000 0.11856200 -0.97619100
vn -0.18164800 -0.73587400 -0.65229800
vn -0.18166900 -0.34869300 -0.91946200
vn -0.18166900 -0.34869300 -0.91946200
vn 0.18164900 0.11856200 -0.97619000
vn 0.18159300 0.55864100 -0.80928700
vn 0.18159300 0.55864100 -0.80928700
vn 0.18164900 0.11856200 -0.97619000
vn 0.18163000 0.87077800 -0.45689800
vn 0.18167700 -0.34869300 -0.91946000
vn 0.18163000 0.87077800 -0.45689800
vn 0.18167700 -0.34869300 -0.91946000
vn 0.18160100 0.98337200 0.00000100
vn 0.18165300 -0.73587400 -0.65229700
vn 0.18160100 0.98337200 0.00000100
vn 0.18165300 -0.73587400 -0.65229700
vn 0.18162600 0.87077800 0.45690000
vn 0.18162000 -0.95478800 -0.23535900
vn 0.18162600 0.87077800 0.45690000
vn 0.18162000 -0.95478800 -0.23535900
vn 0.18158500 0.55864100 0.80928800
vn 0.18161800 -0.95478800 0.23536000
vn 0.18158500 0.55864100 0.80928800
vn 0.18161800 -0.95478800 0.23536000
vn 0.18164000 0.11856200 0.97619100
vn 0.18164800 -0.73587400 0.65229800
vn 0.18164000 0.11856200 0.97619100
vn 0.18164800 -0.73587400 0.65229800
vn 0.18166900 -0.34869300 0.91946200
vn 0.18166900 -0.34869300 0.91946200
vn 0.00000500 0.00000000 -1.00000000
vn 0.00000500 0.00000000 -1.00000000
vn 0.00000300 -0.70710700 -0.70710700
vn 0.00000300 0.70710700 -0.70710700
vn 0.00000300 -0.70710700 -0.70710700
vn 0.00000300 0.70710700 -0.70710700
vn 0.00000000 -1.00000000 -0.00000000
vn 0.00000000 1.00000000 -0.00000000
vn 0.00000000 -1.00000000 -0.00000000
vn 0.00000000 1.00000000 -0.00000000
vn -0.00000300 -0.70710700 0.70710700
vn -0.00000300 0.70710700 0.70710700
vn -0.00000300 -0.70710700 0.70710700
vn -0.00000300 0.70710700 0.70710700
vn -0.00000500 0.00000000 1.00000000
vn -0.00000500 0.00000000 1.00000000
f 1/1/1 2/1/1 3/1/1
f 1/1/1 3/1/1 4/1/1
f 5/1/2 6/1/2 7/1/2
f 5/1/2 7/1/2 8/1/2
f 1/1/3 8/1/3 7/1/3
f 1/1/3 7/1/3 2/1/3
f 2/1/4 7/1/4 6/1/4
f 2/1/4 6/1/4 3/1/4
f 3/1/5 6/1/5 5/1/5
f 3/1/5 5/1/5 4/1/5
f 4/1/6 5/1/6 8/1/6
f 4/1/6 8/1/6 1/1/6
f 9/2/7 10/2/7 11/2/7
f 9/2/7 11/2/7 12/2/7
f 13/2/8 14/2/8 15/2/8
f 13/2/8 15/2/8 16/2/8
f 11/2/9 14/2/9 13/2/9
f 11/2/9 13/2/9 12/2/9
f 10/2/10 15/2/10 14/2/10
f 10/2/10 14/2/10 11/2/10
f 9/2/11 16/2/11 15/2/11
f 9/2/11 15/2/11 10/2/11
f 12/2/12 13/2/12 16/2/12
f 12/2/12 16/2/12 9/2/12
f 17/2/13 18/2/13 19/2/13
f 17/2/13 19/2/13 20/2/13
f 21/2/14 22/2/14 23/2/14
f 21/2/14 23/2/14 24/2/14
f 19/2/15 22/2/15 21/2/15
f 19/2/15 21/2/15 20/2/15
f 18/2/16 23/2/16 22/2/16
f 18/2/16 22/2/16 19/2/16
f 17/2/17 24/2/17 23/2/17
f 17/2/17 23/2/17 18/2/17
f 20/2/18 21/2/18 24/2/18
f 20/2/18 24/2/18 17/2/18
f 25/3/1 26/3/1 27/3/1
f 25/3/1 27/3/1 28/3/1
f 29/3/2 30/3/2 31/3/2
f 29/3/2 31/3/2 32/3/2
f 25/3/3 32/3/3 31/3/3
f 25/3/3 31/3/3 26/3/3
f 26/3/4 31/3/4 30/3/4
f 26/3/4 30/3/4 27/3/4
f 27/3/5 30/3/5 29/3/5
f 27/3/5 29/3/5 28/3/5
f 28/3/6 29/3/6 32/3/6
f 28/3/6 32/3/6 25/3/6
f 33/4/1 34/4/1 35/4/1
f 33/4/1 35/4/1 36/4/1
f 37/4/2 38/4/2 39/4/2
f 37/4/2 39/4/2 40/4/2
f 33/4/3 40/4/3 39/4/3
f 33/4/3 39/4/3 34/4/3
f 34/4/4 39/4/4 38/4/4
f 34/4/4 38/4/4 35/4/4
f 35/4/5 38/4/5 37/4/5
f 35/4/5 37/4/5 36/4/5
f 36/4/6 37/4/6 40/4/6
f 36/4/6 40/4/6 33/4/6
f 41/4/1 42/4/1 43/4/1
f 41/4/1 43/4/1 44/4/1
f 45/4/2 46/4/2 47/4/2
f 45/4/2 47/4/2 48/4/2
f 41/4/3 48/4/3 47/4/3
f 41/4/3 47/4/3 42/4/3
f 42/4/4 47/4/4 46/4/4
f 42/4/4 46/4/4 43/4/4
f 43/4/5 46/4/5 45/4/5
f 43/4/5 45/4/5 44/4/5
f 44/4/6 45/4/6 48/4/6
f 44/4/6 48/4/6 41/4/6
f 49/4/1 50/4/1 51/4/1
f 49/4/1 51/4/1 52/4/1
f 53/4/2 54/4/2 55/4/2
f 53/4/2 55/4/2 56/4/2
f 49/4/3 56/4/3 55/4/3
f 49/4/3 55/4/3 50/4/3
f 50/4/4 55/4/4 54/4/4
f 50/4/4 54/4/4 51/4/4
f 51/4/5 54/4/5 53/4/5
f 51/4/5 53/4/5 52/4/5
f 52/4/6 53/4/6 56/4/6
f 52/4/6 56/4/6 49/4/6
f 57/4/1 58/4/1 59/4/1
f 57/4/1 59/4/1 60/4/1
f 61/4/2 62/4/2 63/4/2
f 61/4/2 63/4/2 64/4/2
f 57/4/3 64/4/3 63/4/3
f 57/4/3 63/4/3 58/4/3
f 58/4/4 63/4/4 62/4/4
f 58/4/4 62/4/4 59/4/4
f 59/4/5 62/4/5 61/4/5
f 59/4/5 61/4/5 60/4/5
f 60/4/6 61/4/6 64/4/6
f 60/4/6 64/4/6 57/4/6
f 65/2/1 66/2/1 67/2/1
f 65/2/1 67/2/1 68/2/1
f 69/2/2 70/2/2 71/2/2
f 69/2/2 71/2/2 72/2/2
f 65/2/3 72/2/3 71/2/3
f 65/2/3 71/2/3 66/2/3
f 66/2/4 71/2/4 70/2/4
f 66/2/4 70/2/4 67/2/4
f 67/2/5 70/2/5 69/2/5
f 67/2/5 69/2/5 68/2/5
f 68/2/6 69/2/6 72/2/6
f 68/2/6 72/2/6 65/2/6
f 73/2/1 74/2/1 75/2/1
f 73/2/1 75/2/1 76/2/1
f 77/2/2 78/2/2 79/2/2
f 77/2/2 79/2/2 80/2/2
f 73/2/3 80/2/3 79/2/3
f 73/2/3 79/2/3 74/2/3
f 74/2/4 79/2/4 78/2/4
f 74/2/4 78/2/4 75/2/4
f 75/2/5 78/2/5 77/2/5
f 75/2/5 77/2/5 76/2/5
f 76/2/6 77/2/6 80/2/6
f 76/2/6 80/2/6 73/2/6
f 81/5/19 82/6/20 83/7/21
f 84/8/22 85/9/23 86/10/24
f 87/11/25 88/12/26 89/13/27
f 90/14/28 91/15/29 92/16/30
f 93/17/31 94/18/32 95/19/33
f 96/20/34 97/21/35 98/22/36
f 99/23/37 100/24/38 101/25/39
f 102/26/40 103/27/41 104/28/42
f 105/29/43 106/30/44 107/31/45
f 108/32/46 109/33/47 110/34/48
f 111/35/49 112/36/50 113/37/51
f 114/38/52 115/39/53 116/40/54
f 117/41/55 118/42/56 119/43/57
f 120/44/58 121/45/59 122/46/60
f 123/47/61 124/48/62 125/49/63
f 126/50/64 127/51/65 128/52/66
f 129/53/67 130/54/68 131/55/69
f 129/53/67 131/55/69 132/56/70
f 133/57/71 134/58/72 135/59/73
f 133/57/71 135/59/73 136/60/74
f 139/63/77 138/62/76 137/61/75
f 142/66/80 141/65/79 140/64/78
f 145/69/83 144/68/82 143/67/81
f 148/72/86 147/71/85 146/70/84
f 149/73/87 148/72/86 146/70/84
f 149/73/87 146/70/84 150/74/88
f 151/75/89 148/72/86 149/73/87
f 152/76/90 149/73/87 150/74/88
f 152/76/90 150/74/88 153/77/91
f 154/78/92 152/76/90 153/77/91
f 155/79/93 152/76/90 154/78/92
f 152/76/90 155/79/93 149/73/87
f 156/80/94 155/79/93 154/78/92
f 157/81/95 151/75/89 149/73/87
f 155/79/93 157/81/95 149/73/87
f 158/82/96 151/75/89 157/81/95
f 159/83/97 155/79/93 156/80/94
f 155/79/93 159/83/97 157/81/95
f 160/84/98 159/83/97 156/80/94
f 161/85/99 158/82/96 157/81/95
f 159/83/97 161/85/99 157/81/95
f 162/86/100 158/82/96 161/85/99
f 163/87/101 159/83/97 160/84/98
f 159/83/97 163/87/101 161/85/99
f 164/88/102 163/87/101 160/84/98
f 165/89/103 162/86/100 161/85/99
f 163/87/101 165/89/103 161/85/99
f 166/90/104 162/86/100 165/89/103
f 167/91/105 163/87/101 164/88/102
f 163/87/101 167/91/105 165/89/103
f 168/92/106 167/91/105 164/88/102
f 169/93/107 166/90/104 165/89/103
f 167/91/105 169/93/107 165/89/103
f 170/94/108 166/90/104 169/93/107
f 171/95/109 167/91/105 168/92/106
f 167/91/105 171/95/109 169/93/107
f 172/96/110 171/95/109 168/92/106
f 173/97/111 170/94/108 169/93/107
f 171/95/109 173/97/111 169/93/107
f 174/98/112 170/94/108 173/97/111
f 175/99/113 171/95/109 172/96/110
f 171/95/109 175/99/113 173/97/111
f 176/100/114 175/99/113 172/96/110
f 177/101/115 174/98/112 173/97/111
f 175/99/113 177/101/115 173/97/111
f 178/102/116 174/98/112 177/101/115
f 179/103/117 175/99/113 176/100/114
f 175/99/113 179/103/117 177/101/115
f 180/104/118 179/103/117 176/100/114
f 181/105/119 178/102/116 177/101/115
f 179/103/117 181/105/119 177/101/115
f 182/106/120 178/102/116 181/105/119
f 183/107/121 179/103/117 180/104/118
f 179/103/117 183/107/121 181/105/119
f 184/108/122 183/107/121 180/104/118
f 185/109/123 182/106/120 181/105/119
f 183/107/121 185/109/123 181/105/119
f 186/110/124 182/106/120 185/109/123
f 187/111/125 183/107/121 184/108/122
f 183/107/121 187/111/125 185/109/123
f 188/112/126 187/111/125 184/108/122
f 189/113/127 186/110/124 185/109/123
f 187/111/125 189/113/127 185/109/123
f 190/114/128 186/110/124 189/113/127
f 191/115/129 187/111/125 188/112/126
f 187/111/125 191/115/129 189/113/127
f 192/116/130 191/115/129 188/112/126
f 193/117/131 190/114/128 189/113/127
f 191/115/129 193/117/131 189/113/127
f 194/118/132 190/114/128 193/117/131
f 195/119/133 191/115/129 192/116/130
f 191/115/129 195/119/133 193/117/131
f 196/120/134 195/119/133 192/116/130
f 197/121/135 194/118/132 193/117/131
f 195/119/133 197/121/135 193/117/131
f 198/122/136 194/118/132 197/121/135
f 199/123/137 198/122/136 197/121/135
f 200/124/138 199/123/137 197/121/135
f 195/119/133 200/124/138 197/121/135
f 200/124/138 195/119/133 196/120/134
f 201/125/139 200/124/138 196/120/134
f 204/128/142 203/127/141 202/126/140
f 205/129/143 204/128/142 202/126/140
f 205/129/143 202/126/140 206/130/144
f 207/131/145 205/129/143 206/130/144
f 210/134/148 209/133/147 208/132/146
f 209/133/147 211/135/149 208/132/146
f 209/133/147 212/136/150 211/135/149
f 212/136/150 213/137/151 211/135/149
f 212/136/150 214/138/152 213/137/151
f 214/138/152 215/139/153 213/137/151
f 214/138/152 216/140/154 215/139/153
f 216/140/154 217/141/155 215/139/153
f 216/140/154 218/142/156 217/141/155
f 218/142/156 219/143/157 217/141/155
f 218/142/156 220/144/158 219/143/157
f 220/144/158 221/145/159 219/143/157
f 220/144/158 222/146/160 221/145/159
f 222/146/160 223/147/161 221/145/159
f 222/146/160 224/148/162 223/147/161
f 224/148/162 225/149/163 223/147/161
f 224/148/162 226/150/164 225/149/163
f 226/150/164 227/151/165 225/149/163
f 226/150/164 228/152/166 227/151/165
f 228/152/166 229/153/167 227/151/165
f 228/152/166 230/154/168 229/153/167
f 230/154/168 231/155/169 229/153/167
f 230/154/168 232/156/170 231/155/169
f 232/156/170 233/157/171 231/155/169
f 232/156/170 234/158/172 233/157/171
f 234/158/172 235/159/173 233/157/171
f 238/162/176 237/161/175 236/160/174
f 239/163/177 238/162/176 236/160/174
f 239/163/177 236/160/174 240/164/178
f 241/165/179 239/163/177 240/164/178
f 241/165/179 240/164/178 242/166/180
f 243/167/181 241/165/179 242/166/180
f 243/167/181 242/166/180 244/168/182
f 245/169/183 243/167/181 244/168/182
f 245/169/183 244/168/182 246/170/184
f 247/171/185 245/169/183 246/170/184
f 247/171/185 246/170/184 248/172/186
f 249/173/187 247/171/185 248/172/186
f 252/176/190 251/175/189 250/174/188
f 253/177/191 252/176/190 250/174/188
f 253/177/191 250/174/188 254/178/192
f 255/179/193 253/177/191 254/178/192
f 258/182/196 257/181/195 256/180/194
f 259/183/197 258/182/196 256/180/194
f 262/186/200 261/185/199 260/184/198
f 263/187/201 262/186/200 260/184/198
f 263/187/201 260/184/198 264/188/202
f 265/189/203 263/187/201 264/188/202
f 268/192/206 267/191/205 266/190/204
f 268/192/206 269/193/207 267/191/205
f 269/193/207 268/192/206 270/194/208
f 268/192/206 271/195/209 270/194/208
f 270/194/208 272/196/210 269/193/207
f 272/196/210 273/197/211 269/193/207
f 272/196/210 274/198/212 273/197/211
f 272/196/210 275/199/213 274/198/212
f 270/194/208 276/200/214 272/196/210
f 276/200/214 277/201/215 272/196/210
f 270/194/208 278/202/216 276/200/214
f 281/205/219 280/204/218 279/203/217
f 282/206/220 281/205/219 279/203/217
f 282/206/220 279/203/217 283/207/221
f 283/207/221 284/208/222 282/206/220
f 282/206/220 285/209/223 281/205/219
f 281/205/219 285/209/223 286/210/224
f 281/205/219 286/210/224 287/211/225
f 287/211/225 288/212/226 281/205/219
f 282/206/220 289/213/227 285/209/223
f 289/213/227 290/214/228 285/209/223
f 282/206/220 291/215/229 289/213/227
f 294/218/232 293/217/231 292/216/230
f 293/217/231 295/219/233 292/216/230
f 298/222/236 297/221/235 296/220/234
f 297/221/235 299/223/237 296/220/234
f 302/226/240 301/225/239 300/224/238
f 301/225/239 303/227/241 300/224/238
f 306/230/244 305/229/243 304/228/242
f 305/229/243 307/231/245 304/228/242
f 310/234/248 309/233/247 308/232/246
f 309/233/247 311/235/249 308/232/246
f 314/238/252 313/237/251 312/236/250
f 313/237/251 315/239/253 312/236/250
f 318/242/256 317/241/255 316/240/254
f 317/241/255 319/243/257 316/240/254
f 322/246/260 321/245/259 320/244/258
f 321/245/259 323/247/261 320/244/258
f 326/250/264 325/249/263 324/248/262
f 325/249/263 327/251/265 324/248/262
f 330/254/268 329/253/267 328/252/266
f 329/253/267 331/255/269 328/252/266
f 334/258/272 333/257/271 332/256/270
f 332/256/270 335/259/273 334/258/272
f 332/256/270 336/260/274 335/259/273
f 339/263/277 338/262/276 337/261/275
f 338/262/276 340/264/278 337/261/275
f 343/267/281 342/266/280 341/265/279
f 342/266/280 344/268/282 341/265/279
f 347/271/285 346/270/284 345/269/283
f 346/270/284 348/272/286 345/269/283
f 351/275/289 350/274/288 349/273/287
f 350/274/288 352/276/290 349/273/287
f 355/279/293 354/278/292 353/277/291
f 354/278/292 356/280/294 353/277/291
f 359/283/297 358/282/296 357/281/295
f 358/282/296 360/284/298 357/281/295
f 363/287/301 362/286/300 361/285/299
f 362/286/300 364/288/302 361/285/299
f 367/291/305 366/290/304 365/289/303
f 366/290/304 368/292/306 365/289/303
f 371/295/309 370/294/308 369/293/307
f 370/294/308 372/296/310 369/293/307
f 375/299/313 374/298/312 373/297/311
f 374/298/312 376/300/314 373/297/311
f 379/303/317 378/302/316 377/301/315
f 378/302/316 380/304/318 377/301/315
f 383/307/321 382/306/320 381/305/319
f 382/306/320 384/308/322 381/305/319
f 387/311/325 386/310/324 385/309/323
f 386/310/324 388/312/326 385/309/323
f 391/315/329 390/314/328 389/313/327
f 390/314/328 392/316/330 389/313/327
f 395/319/333 394/318/332 393/317/331
f 394/318/332 396/320/334 393/317/331
f 399/323/337 398/322/336 397/321/335
f 398/322/336 400/324/338 397/321/335
f 403/327/341 402/326/340 401/325/339
f 402/326/340 404/328/342 401/325/339
f 407/331/345 406/330/344 405/329/343
f 406/330/344 408/332/346 405/329/343
f 411/335/349 410/334/348 409/333/347
f 410/334/348 412/336/350 409/333/347
f 415/339/353 414/338/352 413/337/351
f 414/338/352 416/340/354 413/337/351
f 419/343/357 418/342/356 417/341/355
f 418/342/356 420/344/358 417/341/355
f 423/347/361 422/346/360 421/345/359
f 422/346/360 424/348/362 421/345/359
f 427/351/365 426/350/364 425/349/363
f 426/350/364 428/352/366 425/349/363
f 431/355/369 430/354/368 429/353/367
f 430/354/368 432/356/370 429/353/367
f 435/359/373 434/358/372 433/357/371
f 434/358/372 436/360/374 433/357/371
f 439/363/377 438/362/376 437/361/375
f 438/362/376 440/364/378 437/361/375
f 443/367/381 442/366/380 441/365/379
f 442/366/380 444/368/382 441/365/379
f 447/371/385 446/370/384 445/369/383
f 446/370/384 448/372/386 445/369/383
f 451/375/389 450/374/388 449/373/387
f 450/374/388 452/376/390 449/373/387
f 455/379/393 454/378/392 453/377/391
f 454/378/392 456/380/394 453/377/391
f 459/383/397 458/382/396 457/381/395
f 458/382/396 460/384/398 457/381/395
f 463/387/401 462/386/400 461/385/399
f 462/386/400 464/388/402 461/385/399
f 467/391/405 466/390/404 465/389/403
f 466/390/404 468/392/406 465/389/403
f 471/395/409 470/394/408 469/393/407
f 470/394/408 472/396/410 469/393/407
f 475/399/413 474/398/412 473/397/411
f 474/398/412 476/400/414 473/397/411
f 479/403/417 478/402/416 477/401/415
f 478/402/416 480/404/418 477/401/415
f 483/407/421 482/406/420 481/405/419
f 482/406/420 484/408/422 481/405/419
f 487/411/425 486/410/424 485/409/423
f 486/410/424 488/412/426 485/409/423
f 491/415/429 490/414/428 489/413/427
f 489/413/427 490/414/428 492/416/430
f 493/417/431 492/416/430 490/414/428
f 494/418/432 493/417/431 490/414/428
f 497/421/435 496/420/434 495/419/433
f 498/422/436 495/419/433 496/420/434
f 499/423/437 498/422/436 496/420/434
f 500/424/438 495/419/433 498/422/436
f 503/427/441 502/426/440 501/425/439
f 501/425/439 502/426/440 504/428/442
f 504/428/442 502/426/440 505/429/443
f 505/429/443 502/426/440 506/430/444
f 509/433/447 508/432/446 507/431/445
f 510/434/448 507/431/445 508/432/446
f 508/432/446 511/435/449 510/434/448
f 512/436/450 507/431/445 510/434/448
f 515/439/453 514/438/452 513/437/451
f 516/440/454 515/439/453 513/437/451
f 516/440/454 517/441/455 515/439/453
f 517/441/455 516/440/454 518/442/456
f 517/441/455 519/443/457 515/439/453
f 517/441/455 520/444/458 519/443/457
f 523/447/461 522/446/460 521/445/459
f 523/447/461 521/445/459 524/448/462
f 527/451/465 526/450/464 525/449/463
f 528/452/466 527/451/465 525/449/463
f 530/454/468 529/453/467 528/452/466
f 529/453/467 530/454/468 531/455/469
f 534/458/472 533/457/471 532/456/470
f 533/457/471 534/458/472 535/459/473
f 535/459/473 537/461/475 536/460/474
f 538/462/476 537/461/475 535/459/473
f 538/462/476 539/463/477 537/461/475
f 538/462/476 540/464/478 539/463/477
f 540/464/478 541/465/479 539/463/477
f 543/467/481 540/464/478 542/466/480
f 543/467/481 542/466/480 544/468/482
f 547/471/485 546/470/484 545/469/483
f 547/471/485 548/472/486 546/470/484
f 551/475/489 550/474/488 549/473/487
f 550/474/488 552/476/490 549/473/487
f 553/477/491 552/476/490 550/474/488
f 554/478/492 553/477/491 550/474/488
f 554/478/492 550/474/488 555/479/493
f 557/481/495 556/480/494 552/476/490
f 556/480/494 557/481/495 558/482/496
f 558/482/496 559/483/497 556/480/494
f 560/484/498 559/483/497 558/482/496
f 563/487/501 562/486/500 561/485/499
f 563/487/501 564/488/502 562/486/500
f 567/491/505 566/490/504 565/489/503
f 567/491/505 568/492/506 566/490/504
f 571/495/509 570/494/508 569/493/507
f 569/493/507 572/496/510 571/495/509
f 572/496/510 573/497/511 571/495/509
f 572/496/510 574/498/512 573/497/511
f 574/498/512 575/499/513 573/497/511
f 574/498/512 576/500/514 575/499/513
f 579/503/517 578/502/516 577/501/515
f 580/504/518 579/503/517 577/501/515
f 579/503/517 581/505/519 578/502/516
f 580/504/518 577/501/515 582/506/520
f 581/505/519 583/507/521 578/502/516
f 584/508/522 580/504/518 582/506/520
f 581/505/519 585/509/523 583/507/521
f 584/508/522 582/506/520 586/510/524
f 585/509/523 587/511/525 583/507/521
f 588/512/526 584/508/522 586/510/524
f 585/509/523 589/513/527 587/511/525
f 588/512/526 586/510/524 590/514/528
f 589/513/527 591/515/529 587/511/525
f 592/516/530 588/512/526 590/514/528
f 589/513/527 593/517/531 591/515/529
f 592/516/530 590/514/528 594/518/532
f 593/517/531 595/519/533 591/515/529
f 596/520/534 592/516/530 594/518/532
f 593/517/531 597/521/535 595/519/533
f 596/520/534 594/518/532 598/522/536
f 597/521/535 599/523/537 595/519/533
f 600/524/538 596/520/534 598/522/536
f 597/521/535 601/525/539 599/523/537
f 600/524/538 598/522/536 602/526/540
f 601/525/539 602/526/540 599/523/537
f 601/525/539 600/524/538 602/526/540
f 605/529/543 604/528/542 603/527/541
f 606/530/544 605/529/543 603/527/541
f 605/529/543 607/531/545 604/528/542
f 606/530/544 603/527/541 608/532/546
f 607/531/545 609/533/547 604/528/542
f 610/534/548 606/530/544 608/532/546
f 607/531/545 611/535/549 609/533/547
f 610/534/548 608/532/546 612/536/550
f 611/535/549 613/537/551 609/533/547
f 614/538/552 610/534/548 612/536/550
f 611/535/549 615/539/553 613/537/551
f 614/538/552 612/536/550 616/540/554
f 615/539/553 617/541/555 613/537/551
f 618/542/556 614/538/552 616/540/554
f 615/539/553 619/543/557 617/541/555
f 618/542/556 616/540/554 620/544/558
f 619/543/557 621/545/559 617/541/555
f 622/546/560 618/542/556 620/544/558
f 619/543/557 623/547/561 621/545/559
f 622/546/560 620/544/558 624/548/562
f 623/547/561 625/549/563 621/545/559
f 626/550/564 622/546/560 624/548/562
f 623/547/561 627/551/565 625/549/563
f 626/550/564 624/548/562 628/552/566
f 627/551/565 628/552/566 625/549/563
f 627/551/565 626/550/564 628/552/566
f 631/555/569 630/554/568 629/553/567
f 629/553/567 630/554/568 632/556/570
f 633/557/571 631/555/569 629/553/567
f 630/554/568 634/558/572 632/556/570
f 635/559/573 631/555/569 633/557/571
f 632/556/570 634/558/572 636/560/574
f 637/561/575 635/559/573 633/557/571
f 634/558/572 638/562/576 636/560/574
f 639/563/577 635/559/573 637/561/575
f 636/560/574 638/562/576 640/564/578
f 641/565/579 639/563/577 637/561/575
f 638/562/576 642/566/580 640/564/578
f 643/567/581 639/563/577 641/565/579
f 640/564/578 642/566/580 644/568/582
f 644/568/582 643/567/581 641/565/579
f 642/566/580 643/567/581 644/568/582
f 645/569/583 646/570/584 647/571/585
f 648/572/586 649/573/587 650/574/588
f 651/575/589 652/576/590 653/577/591
f 654/578/592 655/579/593 656/580/594
f 654/578/592 656/580/594 657/581/595
f 658/582/596 654/578/592 657/581/595
f 657/581/595 656/580/594 659/583/597
f 658/582/596 657/581/595 660/584/598
f 661/585/599 658/582/596 660/584/598
f 661/585/599 660/584/598 662/586/600
f 662/586/600 660/584/598 663/587/601
f 657/581/595 663/587/601 660/584/598
f 662/586/600 663/587/601 664/588/602
f 657/581/595 659/583/597 665/589/603
f 657/581/595 665/589/603 663/587/601
f 665/589/603 659/583/597 666/590/604
f 664/588/602 663/587/601 667/591/605
f 665/589/603 667/591/605 663/587/601
f 664/588/602 667/591/605 668/592/606
f 665/589/603 666/590/604 669/593/607
f 665/589/603 669/593/607 667/591/605
f 669/593/607 666/590/604 670/594/608
f 668/592/606 667/591/605 671/595/609
f 669/593/607 671/595/609 667/591/605
f 668/592/606 671/595/609 672/596/610
f 669/593/607 670/594/608 673/597/611
f 669/593/607 673/597/611 671/595/609
f 673/597/611 670/594/608 674/598/612
f 672/596/610 671/595/609 675/599/613
f 673/597/611 675/599/613 671/595/609
f 672/596/610 675/599/613 676/600/614
f 673/597/611 674/598/612 677/601/615
f 673/597/611 677/601/615 675/599/613
f 677/601/615 674/598/612 678/602/616
f 676/600/614 675/599/613 679/603/617
f 677/601/615 679/603/617 675/599/613
f 676/600/614 679/603/617 680/604/618
f 677/601/615 678/602/616 681/605/619
f 677/601/615 681/605/619 679/603/617
f 681/605/619 678/602/616 682/606/620
f 680/604/618 679/603/617 683/607/621
f 681/605/619 683/607/621 679/603/617
f 680/604/618 683/607/621 684/608/622
f 681/605/619 682/606/620 685/609/623
f 681/605/619 685/609/623 683/607/621
f 685/609/623 682/606/620 686/610/624
f 684/608/622 683/607/621 687/611/625
f 685/609/623 687/611/625 683/607/621
f 684/608/622 687/611/625 688/612/626
f 685/609/623 686/610/624 689/613/627
f 685/609/623 689/613/627 687/611/625
f 689/613/627 686/610/624 690/614/628
f 688/612/626 687/611/625 691/615/629
f 689/613/627 691/615/629 687/611/625
f 688/612/626 691/615/629 692/616/630
f 689/613/627 690/614/628 693/617/631
f 689/613/627 693/617/631 691/615/629
f 693/617/631 690/614/628 694/618/632
f 692/616/630 691/615/629 695/619/633
f 693/617/631 695/619/633 691/615/629
f 692/616/630 695/619/633 696/620/634
f 693/617/631 694/618/632 697/621/635
f 693/617/631 697/621/635 695/619/633
f 697/621/635 694/618/632 698/622/636
f 696/620/634 695/619/633 699/623/637
f 697/621/635 699/623/637 695/619/633
f 696/620/634 699/623/637 700/624/638
f 697/621/635 698/622/636 701/625/639
f 697/621/635 701/625/639 699/623/637
f 701/625/639 698/622/636 702/626/640
f 700/624/638 699/623/637 703/627/641
f 701/625/639 703/627/641 699/623/637
f 700/624/638 703/627/641 704/628/642
f 701/625/639 702/626/640 705/629/643
f 701/625/639 705/629/643 703/627/641
f 705/629/643 702/626/640 706/630/644
f 705/629/643 706/630/644 707/631/645
f 705/629/643 707/631/645 708/632/646
f 705/629/643 708/632/646 703/627/641
f 704/628/642 703/627/641 708/632/646
f 704/628/642 708/632/646 709/633/647
f 710/634/648 711/635/649 712/636/650
f 710/634/648 712/636/650 713/637/651
f 714/638/652 710/634/648 713/637/651
f 714/638/652 713/637/651 715/639/653
f 716/640/654 717/641/655 718/642/656
f 716/640/654 719/643/657 717/641/655
f 719/643/657 720/644/658 717/641/655
f 719/643/657 721/645/659 720/644/658
f 721/645/659 722/646/660 720/644/658
f 721/645/659 723/647/661 722/646/660
f 723/647/661 724/648/662 722/646/660
f 723/647/661 725/649/663 724/648/662
f 725/649/663 726/650/664 724/648/662
f 725/649/663 727/651/665 726/650/664
f 727/651/665 728/652/666 726/650/664
f 727/651/665 729/653/667 728/652/666
f 729/653/667 730/654/668 728/652/666
f 729/653/667 731/655/669 730/654/668
f 731/655/669 732/656/670 730/654/668
f 731/655/669 733/657/671 732/656/670
f 733/657/671 734/658/672 732/656/670
f 733/657/671 735/659/673 734/658/672
f 735/659/673 736/660/674 734/658/672
f 735/659/673 737/661/675 736/660/674
f 737/661/675 738/662/676 736/660/674
f 737/661/675 739/663/677 738/662/676
f 739/663/677 740/664/678 738/662/676
f 739/663/677 741/665/679 740/664/678
f 741/665/679 742/666/680 740/664/678
f 741/665/679 743/667/681 742/666/680
f 744/668/682 745/669/683 746/670/684
f 744/668/682 746/670/684 747/671/685
f 748/672/686 744/668/682 747/671/685
f 748/672/686 747/671/685 749/673/687
f 750/674/688 748/672/686 749/673/687
f 750/674/688 749/673/687 751/675/689
f 752/676/690 750/674/688 751/675/689
f 752/676/690 751/675/689 753/677/691
f 754/678/692 752/676/690 753/677/691
f 754/678/692 753/677/691 755/679/693
f 756/680/694 754/678/692 755/679/693
f 756/680/694 755/679/693 757/681/695
f 758/682/696 759/683/697 760/684/698
f 758/682/696 760/684/698 761/685/699
f 762/686/700 758/682/696 761/685/699
f 762/686/700 761/685/699 763/687/701
f 764/688/702 765/689/703 766/690/704
f 764/688/702 766/690/704 767/691/705
f 768/692/706 769/693/707 770/694/708
f 768/692/706 770/694/708 771/695/709
f 772/696/710 768/692/706 771/695/709
f 772/696/710 771/695/709 773/697/711
f 774/698/712 775/699/713 776/700/714
f 775/699/713 777/701/715 776/700/714
f 778/702/716 776/700/714 777/701/715
f 778/702/716 779/703/717 776/700/714
f 777/701/715 780/704/718 778/702/716
f 777/701/715 781/705/719 780/704/718
f 781/705/719 782/706/720 780/704/718
f 782/706/720 783/707/721 780/704/718
f 780/704/718 784/708/722 778/702/716
f 780/704/718 785/709/723 784/708/722
f 784/708/722 786/710/724 778/702/716
f 787/711/725 788/712/726 789/713/727
f 787/711/725 789/713/727 790/714/728
f 791/715/729 787/711/725 790/714/728
f 790/714/728 792/716/730 791/715/729
f 789/713/727 793/717/731 790/714/728
f 794/718/732 793/717/731 789/713/727
f 795/719/733 794/718/732 789/713/727
f 789/713/727 796/720/734 795/719/733
f 793/717/731 797/721/735 790/714/728
f 793/717/731 798/722/736 797/721/735
f 797/721/735 799/723/737 790/714/728
f 800/724/738 801/725/739 802/726/740
f 800/724/738 803/727/741 801/725/739
f 804/728/742 805/729/743 806/730/744
f 804/728/742 807/731/745 805/729/743
f 808/732/746 809/733/747 810/734/748
f 808/732/746 811/735/749 809/733/747
f 812/736/750 813/737/751 814/738/752
f 812/736/750 815/739/753 813/737/751
f 816/740/754 817/741/755 818/742/756
f 816/740/754 819/743/757 817/741/755
f 820/744/758 821/745/759 822/746/760
f 820/744/758 823/747/761 821/745/759
f 824/748/762 825/749/763 826/750/764
f 824/748/762 827/751/765 825/749/763
f 828/752/766 829/753/767 830/754/768
f 828/752/766 831/755/769 829/753/767
f 832/756/770 833/757/771 834/758/772
f 832/756/770 835/759/773 833/757/771
f 836/760/774 837/761/775 838/762/776
f 836/760/774 839/763/777 837/761/775
f 840/764/778 841/765/779 842/766/780
f 842/766/780 843/767/781 840/764/778
f 843/767/781 844/768/782 840/764/778
f 845/769/783 846/770/784 847/771/785
f 845/769/783 848/772/786 846/770/784
f 849/773/787 850/774/788 851/775/789
f 849/773/787 852/776/790 850/774/788
f 853/777/791 854/778/792 855/779/793
f 853/777/791 856/780/794 854/778/792
f 857/781/795 858/782/796 859/783/797
f 857/781/795 860/784/798 858/782/796
f 861/785/799 862/786/800 863/787/801
f 861/785/799 864/788/802 862/786/800
f 865/789/803 866/790/804 867/791/805
f 865/789/803 868/792/806 866/790/804
f 869/793/807 870/794/808 871/795/809
f 869/793/807 872/796/810 870/794/808
f 873/797/811 874/798/812 875/799/813
f 873/797/811 876/800/814 874/798/812
f 877/801/815 878/802/816 879/803/817
f 877/801/815 880/804/818 878/802/816
f 881/805/819 882/806/820 883/807/821
f 881/805/819 884/808/822 882/806/820
f 885/809/823 886/810/824 887/811/825
f 885/809/823 888/812/826 886/810/824
f 889/813/827 890/814/828 891/815/829
f 889/813/827 892/816/830 890/814/828
f 893/817/831 894/818/832 895/819/833
f 893/817/831 896/820/834 894/818/832
f 897/821/835 898/822/836 899/823/837
f 897/821/835 900/824/838 898/822/836
f 901/825/839 902/826/840 903/827/841
f 901/825/839 904/828/842 902/826/840
f 905/829/843 906/830/844 907/831/845
f 905/829/843 908/832/846 906/830/844
f 909/833/847 910/834/848 911/835/849
f 909/833/847 912/836/850 910/834/848
f 913/837/851 914/838/852 915/839/853
f 913/837/851 916/840/854 914/838/852
f 917/841/855 918/842/856 919/843/857
f 917/841/855 920/844/858 918/842/856
f 921/845/859 922/846/860 923/847/861
f 921/845/859 924/848/862 922/846/860
f 925/849/863 926/850/864 927/851/865
f 925/849/863 928/852/866 926/850/864
f 929/853/867 930/854/868 931/855/869
f 929/853/867 932/856/870 930/854/868
f 933/857/871 934/858/872 935/859/873
f 933/857/871 936/860/874 934/858/872
f 937/861/875 938/862/876 939/863/877
f 937/861/875 940/864/878 938/862/876
f 941/865/879 942/866/880 943/867/881
f 941/865/879 944/868/882 942/866/880
f 945/869/883 946/870/884 947/871/885
f 945/869/883 948/872/886 946/870/884
f 949/873/887 950/874/888 951/875/889
f 949/873/887 952/876/890 950/874/888
f 953/877/891 954/878/892 955/879/893
f 953/877/891 956/880/894 954/878/892
f 957/881/895 958/882/896 959/883/897
f 957/881/895 960/884/898 958/882/896
f 961/885/899 962/886/900 963/887/901
f 961/885/899 964/888/902 962/886/900
f 965/889/903 966/890/904 967/891/905
f 965/889/903 968/892/906 966/890/904
f 969/893/907 970/894/908 971/895/909
f 969/893/907 972/896/910 970/894/908
f 973/897/911 974/898/912 975/899/913
f 973/897/911 976/900/914 974/898/912
f 977/901/915 978/902/916 979/903/917
f 977/901/915 980/904/918 978/902/916
f 981/905/919 982/906/920 983/907/921
f 981/905/919 984/908/922 982/906/920
f 985/909/923 986/910/924 987/911/925
f 985/909/923 988/912/926 986/910/924
f 989/913/927 990/914/928 991/915/929
f 989/913/927 992/916/930 990/914/928
f 993/917/931 994/918/932 995/919/933
f 993/917/931 996/920/934 994/918/932
f 997/921/935 998/922/936 999/923/937
f 1000/924/938 998/922/936 997/921/935
f 998/922/936 1000/924/938 1001/925/939
f 998/922/936 1001/925/939 1002/926/940
f 1003/927/941 1004/928/942 1005/929/943
f 1004/928/942 1003/927/941 1006/930/944
f 1004/928/942 1006/930/944 1007/931/945
f 1006/930/944 1003/927/941 1008/932/946
f 1009/933/947 1010/934/948 1011/935/949
f 1012/936/950 1010/934/948 1009/933/947
f 1013/937/951 1010/934/948 1012/936/950
f 1014/938/952 1010/934/948 1013/937/951
f 1015/939/953 1016/940/954 1017/941/955
f 1016/940/954 1015/939/953 1018/942/956
f 1018/942/956 1019/943/957 1016/940/954
f 1018/942/956 1015/939/953 1020/944/958
f 1021/945/959 1022/946/960 1023/947/961
f 1021/945/959 1023/947/961 1024/948/962
f 1023/947/961 1025/949/963 1024/948/962
f 1026/950/964 1024/948/962 1025/949/963
f 1023/947/961 1027/951/965 1025/949/963
f 1027/951/965 1028/952/966 1025/949/963
f 1029/953/967 1030/954/968 1031/955/969
f 1032/956/970 1029/953/967 1031/955/969
f 1033/957/971 1034/958/972 1035/959/973
f 1033/957/971 1035/959/973 1036/960/974
f 1036/960/974 1037/961/975 1038/962/976
f 1039/963/977 1038/962/976 1037/961/975
f 1040/964/978 1041/965/979 1042/966/980
f 1043/967/981 1042/966/980 1041/965/979
f 1044/968/982 1045/969/983 1043/967/981
f 1043/967/981 1045/969/983 1046/970/984
f 1045/969/983 1047/971/985 1046/970/984
f 1047/971/985 1048/972/986 1046/970/984
f 1047/971/985 1049/973/987 1048/972/986
f 1050/974/988 1048/972/986 1051/975/989
f 1052/976/990 1050/974/988 1051/975/989
f 1053/977/991 1054/978/992 1055/979/993
f 1054/978/992 1056/980/994 1055/979/993
f 1057/981/995 1058/982/996 1059/983/997
f 1057/981/995 1060/984/998 1058/982/996
f 1058/982/996 1060/984/998 1061/985/999
f 1058/982/996 1061/985/999 1062/986/1000
f 1063/987/1001 1058/982/996 1062/986/1000
f 1060/984/998 1064/988/1002 1065/989/1003
f 1066/990/1004 1065/989/1003 1064/988/1002
f 1064/988/1002 1067/991/1005 1066/990/1004
f 1066/990/1004 1067/991/1005 1068/992/1006
f 1069/993/1007 1070/994/1008 1071/995/1009
f 1070/994/1008 1072/996/1010 1071/995/1009
f 1073/997/1011 1074/998/1012 1075/999/1013
f 1074/998/1012 1076/1000/1014 1075/999/1013
f 1077/1001/1015 1078/1002/1016 1079/1003/1017
f 1079/1003/1017 1080/1004/1018 1077/1001/1015
f 1079/1003/1017 1081/1005/1019 1080/1004/1018
f 1081/1005/1019 1082/1006/1020 1080/1004/1018
f 1081/1005/1019 1083/1007/1021 1082/1006/1020
f 1083/1007/1021 1084/1008/1022 1082/1006/1020
f 1085/1009/1023 1086/1010/1024 1087/1011/1025
f 1085/1009/1023 1087/1011/1025 1088/1012/1026
f 1086/1010/1024 1089/1013/1027 1087/1011/1025
f 1090/1014/1028 1085/1009/1023 1088/1012/1026
f 1086/1010/1024 1091/1015/1029 1089/1013/1027
f 1090/1014/1028 1088/1012/1026 1092/1016/1030
f 1091/1015/1029 1093/1017/1031 1089/1013/1027
f 1094/1018/1032 1090/1014/1028 1092/1016/1030
f 1091/1015/1029 1095/1019/1033 1093/1017/1031
f 1094/1018/1032 1092/1016/1030 1096/1020/1034
f 1095/1019/1033 1097/1021/1035 1093/1017/1031
f 1098/1022/1036 1094/1018/1032 1096/1020/1034
f 1095/1019/1033 1099/1023/1037 1097/1021/1035
f 1098/1022/1036 1096/1020/1034 1100/1024/1038
f 1099/1023/1037 1101/1025/1039 1097/1021/1035
f 1102/1026/1040 1098/1022/1036 1100/1024/1038
f 1099/1023/1037 1103/1027/1041 1101/1025/1039
f 1102/1026/1040 1100/1024/1038 1104/1028/1042
f 1103/1027/1041 1105/1029/1043 1101/1025/1039
f 1106/1030/1044 1102/1026/1040 1104/1028/1042
f 1103/1027/1041 1107/1031/1045 1105/1029/1043
f 1106/1030/1044 1104/1028/1042 1108/1032/1046
f 1107/1031/1045 1109/1033/1047 1105/1029/1043
f 1110/1034/1048 1106/1030/1044 1108/1032/1046
f 1107/1031/1045 1110/1034/1048 1109/1033/1047
f 1110/1034/1048 1108/1032/1046 1109/1033/1047
f 1111/1035/1049 1112/1036/1050 1113/1037/1051
f 1111/1035/1049 1113/1037/1051 1114/1038/1052
f 1112/1036/1050 1115/1039/1053 1113/1037/1051
f 1116/1040/1054 1111/1035/1049 1114/1038/1052
f 1112/1036/1050 1117/1041/1055 1115/1039/1053
f 1116/1040/1054 1114/1038/1052 1118/1042/1056
f 1117/1041/1055 1119/1043/1057 1115/1039/1053
f 1120/1044/1058 1116/1040/1054 1118/1042/1056
f 1117/1041/1055 1121/1045/1059 1119/1043/1057
f 1120/1044/1058 1118/1042/1056 1122/1046/1060
f 1121/1045/1059 1123/1047/1061 1119/1043/1057
f 1124/1048/1062 1120/1044/1058 1122/1046/1060
f 1121/1045/1059 1125/1049/1063 1123/1047/1061
f 1124/1048/1062 1122/1046/1060 1126/1050/1064
f 1125/1049/1063 1127/1051/1065 1123/1047/1061
f 1128/1052/1066 1124/1048/1062 1126/1050/1064
f 1125/1049/1063 1129/1053/1067 1127/1051/1065
f 1128/1052/1066 1126/1050/1064 1130/1054/1068
f 1129/1053/1067 1131/1055/1069 1127/1051/1065
f 1132/1056/1070 1128/1052/1066 1130/1054/1068
f 1129/1053/1067 1133/1057/1071 1131/1055/1069
f 1132/1056/1070 1130/1054/1068 1134/1058/1072
f 1133/1057/1071 1135/1059/1073 1131/1055/1069
f 1136/1060/1074 1132/1056/1070 1134/1058/1072
f 1133/1057/1071 1136/1060/1074 1135/1059/1073
f 1136/1060/1074 1134/1058/1072 1135/1059/1073
f 1137/1061/1075 1138/1062/1076 1139/1063/1077
f 1140/1064/1078 1138/1062/1076 1137/1061/1075
f 1137/1061/1075 1139/1063/1077 1141/1065/1079
f 1140/1064/1078 1142/1066/1080 1138/1062/1076
f 1141/1065/1079 1139/1063/1077 1143/1067/1081
f 1144/1068/1082 1142/1066/1080 1140/1064/1078
f 1141/1065/1079 1143/1067/1081 1145/1069/1083
f 1144/1068/1082 1146/1070/1084 1142/1066/1080
f 1145/1069/1083 1143/1067/1081 1147/1071/1085
f 1148/1072/1086 1146/1070/1084 1144/1068/1082
f 1145/1069/1083 1147/1071/1085 1149/1073/1087
f 1148/1072/1086 1150/1074/1088 1146/1070/1084
f 1149/1073/1087 1147/1071/1085 1151/1075/1089
f 1152/1076/1090 1150/1074/1088 1148/1072/1086
f 1149/1073/1087 1151/1075/1089 1152/1076/1090
f 1152/1076/1090 1151/1075/1089 1150/1074/1088
