g hind_body
v -0.465919 3.083914 3.270492
v -0.327793 2.949450 9.226373
v -0.260119 3.044408 9.275335
v 0.465919 3.083914 3.270196
v 0.338636 2.949586 9.226111
v 0.584660 2.966639 3.270196
v -0.800274 0.032413 -3.322206
v -0.786728 0.215136 -5.044775
v -0.626903 0.032414 -5.044775
v -0.584660 2.966639 3.270492
v -0.327793 2.949450 9.226373
v -0.465919 3.083914 3.270492
v 0.270962 3.044544 9.275073
v 0.338636 2.949586 9.226111
v 0.465919 3.083914 3.270196
v 0.627349 0.032414 -5.044776
v 0.787174 0.215136 -5.044776
v 0.800501 0.032413 -3.322207
v 1.484917 -0.205324 1.638933
v 1.085234 0.278622 1.838933
v 1.484917 -0.205324 1.838933
v 1.085234 0.278622 1.638933
v -1.085234 0.278622 1.638025
v -0.931027 0.151264 1.838024
v -0.931027 0.151264 1.638024
v -1.085234 0.278622 1.838025
v -1.330710 -0.332682 1.838024
v -1.484917 -0.205324 1.638024
v -1.330710 -0.332682 1.638024
v -1.484917 -0.205324 1.838025
v 0.205545 -0.483761 -3.300917
v -0.205545 -0.483761 -3.100917
v -0.205545 -0.483761 -3.300917
v 0.205545 -0.483761 -3.100917
v 1.484917 -0.205324 1.838933
v 0.931027 0.151264 1.838933
v 1.330710 -0.332682 1.838933
v 1.085234 0.278622 1.838933
v 1.085234 0.278622 1.838933
v 0.931027 0.151264 1.638933
v 0.931027 0.151264 1.838933
v 1.085234 0.278622 1.638933
v 1.330710 -0.332682 1.638933
v 1.484917 -0.205324 1.838933
v 1.330710 -0.332682 1.838933
v 1.484917 -0.205324 1.638933
v 0.100000 0.077859 -3.237269
v -0.100000 0.077859 -3.437268
v -0.100000 0.077859 -3.237268
v 0.100000 0.077859 -3.437269
v 0.100000 0.077859 -3.237269
v 0.100000 -0.353049 -3.332652
v 0.100000 0.077859 -3.437269
v 0.100000 -0.353049 -3.132652
v -0.100000 0.077859 -3.237268
v -0.100000 -0.353049 -3.332652
v -0.100000 -0.353049 -3.132652
v -0.100000 0.077859 -3.437268
v -0.205545 -0.353049 -3.132652
v -0.205545 -0.483761 -3.300917
v -0.205545 -0.483761 -3.100917
v -0.205545 -0.353049 -3.332652
v 0.205545 -0.353049 -3.132652
v 0.205545 -0.483761 -3.300917
v 0.205545 -0.353049 -3.332652
v 0.205545 -0.483761 -3.100917
v -0.100000 -0.353049 -3.132652
v -0.205545 -0.353049 -3.332652
v -0.205545 -0.353049 -3.132652
v -0.100000 -0.353049 -3.332652
v 1.330710 -0.332682 1.638933
v 1.085234 0.278622 1.638933
v 1.484917 -0.205324 1.638933
v 0.931027 0.151264 1.638933
v 0.100000 -0.353049 -3.332652
v 0.205545 -0.353049 -3.132652
v 0.205545 -0.353049 -3.332652
v 0.100000 -0.353049 -3.132652
v -2.976992 1.456232 2.708931
v -2.909162 1.751153 3.371995
v -2.933472 1.358829 3.142300
v -2.982076 1.914343 2.645932
v 0.703409 2.261340 3.013693
v 3.188102 1.972567 2.779587
v 1.223420 2.381025 1.527684
v 3.177957 1.912899 3.438240
v -2.982076 1.914343 2.645932
v -0.714611 2.066237 2.970884
v -2.909162 1.751153 3.371995
v -1.218648 2.283474 1.506279
v -3.090046 1.432646 2.781751
v -2.933472 1.358829 3.142300
v -3.074073 1.338696 3.167929
v -2.976992 1.456232 2.708931
v -2.909162 1.751153 3.371995
v -3.074073 1.338696 3.167929
v -2.933472 1.358829 3.142300
v -3.144723 1.717423 3.414934
v -3.177956 1.912894 3.438240
v -0.703410 2.261348 3.013693
v -0.714611 2.066237 2.970884
v -3.171484 1.874827 2.767934
v -2.976992 1.456232 2.708931
v -3.090046 1.432646 2.781751
v -2.982076 1.914343 2.645932
v -3.188101 1.972562 2.779587
v -1.223421 2.381030 1.527683
v -1.218648 2.283474 1.506279
v 2.909164 1.751157 3.371995
v 2.976996 1.456236 2.708932
v 2.933476 1.358832 3.142300
v 2.982077 1.914347 2.645932
v 0.714611 2.066229 2.970883
v 2.982077 1.914347 2.645932
v 2.909164 1.751157 3.371995
v 1.218647 2.283469 1.506279
v 2.933476 1.358832 3.142300
v 3.090049 1.432651 2.781751
v 3.074076 1.338700 3.167929
v 2.976996 1.456236 2.708932
v -1.290759 2.578500 8.331499
v -0.177039 2.578500 8.376242
v -1.293759 2.578500 8.725363
v -0.319358 2.578501 7.652796
v -1.293759 2.742246 8.725363
v -0.177039 2.578500 8.376242
v -0.177039 2.742246 8.376242
v -1.293759 2.578500 8.725363
v -1.290759 2.742246 8.331499
v -0.177039 2.742246 8.376242
v -0.319358 2.742246 7.652796
v -1.293759 2.742246 8.725363
v -1.290759 2.578500 8.331499
v -0.319358 2.742246 7.652796
v -0.319358 2.578501 7.652796
v -1.290759 2.742246 8.331499
v -1.293759 2.742246 8.725363
v -1.290759 2.578500 8.331499
v -1.293759 2.578500 8.725363
v -1.290759 2.742246 8.331499
v 1.290759 2.742247 8.331502
v 0.177039 2.742247 8.376244
v 1.293759 2.742247 8.725366
v 0.319358 2.742247 7.652798
v 1.293759 2.578501 8.725366
v 0.177039 2.742247 8.376244
v 0.177039 2.578501 8.376244
v 1.293759 2.742247 8.725366
v 1.290759 2.578501 8.331502
v 0.177039 2.578501 8.376244
v 0.319358 2.578501 7.652798
v 1.293759 2.578501 8.725366
v 1.290759 2.742247 8.331502
v 0.319358 2.578501 7.652798
v 0.319358 2.742247 7.652798
v 1.290759 2.578501 8.331502
v 1.293759 2.578501 8.725366
v 1.290759 2.742247 8.331502
v 1.293759 2.742247 8.725366
v 1.290759 2.578501 8.331502
v -0.111300 4.999826 9.323823
v -0.152493 2.406885 8.900023
v -0.111300 5.006372 10.183197
v -0.152493 2.880318 7.842952
v 0.111300 5.006372 10.183197
v -0.152493 2.406885 8.900023
v 0.152493 2.406885 8.900023
v -0.111300 5.006372 10.183197
v 0.111300 4.999826 9.323823
v 0.152493 2.406885 8.900023
v 0.152493 2.880318 7.842952
v 0.111300 5.006372 10.183197
v -0.111300 4.999826 9.323823
v 0.152493 2.880318 7.842952
v -0.152493 2.880318 7.842952
v 0.111300 4.999826 9.323823
v 0.111300 4.999826 9.323823
v -0.111300 5.006372 10.183197
v 0.111300 5.006372 10.183197
v -0.111300 4.999826 9.323823
v -0.035408 3.039127 -1.274707
v -0.130832 3.301639 -1.459005
v -0.035408 3.341165 -1.274706
v -0.130832 3.078653 -1.459005
v -0.248981 2.825554 -1.274707
v -0.035408 3.039127 -1.274707
v -0.288507 2.920978 -1.459005
v -0.035408 3.341165 -1.274706
v -0.248981 3.554738 -1.274707
v -0.288507 3.459314 -1.459005
v -0.551019 2.825554 -1.274707
v -0.248981 2.825554 -1.274707
v -0.511493 2.920978 -1.459005
v -0.248981 3.554738 -1.274707
v -0.551019 3.554738 -1.274707
v -0.511493 3.459314 -1.459005
v -0.551019 2.825554 -1.274707
v -0.669168 3.078653 -1.459005
v -0.764592 3.039127 -1.274707
v -0.669168 3.301639 -1.459005
v -0.551019 3.554738 -1.274707
v -0.764592 3.341165 -1.274706
v -0.764592 3.039127 -1.274707
v -0.764592 3.341165 -1.274706
v 0.764592 3.049793 -1.274707
v 0.669168 3.312305 -1.459005
v 0.764592 3.351831 -1.274706
v 0.669168 3.089319 -1.459005
v 0.764592 3.351831 -1.274706
v 0.551019 3.565403 -1.274707
v 0.511493 3.469980 -1.459005
v 0.551019 3.565403 -1.274707
v 0.248981 3.565404 -1.274707
v 0.288507 3.469980 -1.459005
v 0.764592 3.049793 -1.274707
v 0.511493 2.931644 -1.459005
v 0.551019 2.836220 -1.274707
v 0.551019 2.836220 -1.274707
v 0.288507 2.931644 -1.459005
v 0.248981 2.836220 -1.274707
v 0.248981 2.836220 -1.274707
v 0.130832 3.089319 -1.459005
v 0.035408 3.049793 -1.274707
v 0.130832 3.312305 -1.459005
v 0.248981 3.565404 -1.274707
v 0.035408 3.351831 -1.274706
v 0.035408 3.049793 -1.274707
v 0.035408 3.351831 -1.274706
v -1.484917 -0.205324 1.838025
v -1.085234 0.278622 1.638025
v -1.484917 -0.205324 1.638024
v -1.085234 0.278622 1.838025
v 0.931027 0.151264 1.838933
v 1.330710 -0.332682 1.638933
v 1.330710 -0.332682 1.838933
v 0.931027 0.151264 1.638933
v -0.699953 3.630327 2.080418
v -0.465919 3.083914 3.270492
v -0.557777 3.747602 2.080417
v -0.584660 2.966639 3.270492
v -0.557780 3.747602 1.951850
v -0.557777 3.747602 2.080417
v -0.557777 3.747602 -0.272471
v -0.699953 3.630327 -0.851895
v -1.230958 2.415000 0.621389
v -1.094301 2.741568 -1.190285
v -0.557777 3.747602 -0.851895
v -1.230958 2.415000 1.973372
v -0.584660 2.966639 3.270492
v -1.163072 2.577227 -1.249297
v -0.616650 2.684280 -2.366647
v -0.679009 2.577324 -2.447249
v -0.599163 2.659529 -2.609664
v -0.650559 2.577330 -2.687439
v -0.701934 2.538002 -2.476881
v -1.033563 1.927250 -2.937443
v -0.933031 2.002787 -3.114884
v -1.230958 2.415000 -1.307550
v -1.004255 1.855146 -3.169530
v -0.582029 1.812374 -4.248457
v -0.629861 1.654049 -4.326892
v -0.559129 1.733108 -4.503593
v -0.818947 1.028168 -4.636963
v -0.786729 0.948903 -4.892099
v -0.818947 0.306591 -4.789517
v -0.786728 0.572087 -5.028958
v -0.786728 0.410762 -5.044786
v -0.786728 0.294193 -5.044645
v -1.004255 0.377899 -3.322139
v -1.033563 0.389176 -3.090061
v -1.196816 0.451997 -1.797318
v -1.196395 2.327857 -1.647990
v -1.230958 0.465135 -1.526963
v -1.230958 2.399963 -1.374288
v -1.230958 0.465135 -1.199602
v -1.230958 1.065068 -0.380308
v -1.230958 0.465135 -0.380308
v -1.230958 2.040000 -0.380308
v -1.230958 1.065067 0.621237
v -1.230958 0.465135 0.621237
v -1.230958 2.040000 0.621313
v -1.230958 1.065067 0.875459
v -1.230958 0.465135 0.875459
v -1.230958 0.465135 1.844449
v -1.230958 2.040000 0.875554
v -1.230958 1.065067 1.844449
v -1.230958 0.465135 1.973015
v -1.230958 2.040000 1.844618
v -1.230958 2.040000 1.973194
v -0.584660 0.802693 3.270419
v -0.584660 2.414999 3.271101
v -0.584660 2.966639 3.270492
v -0.327793 2.605176 9.046495
v -0.584660 2.966639 3.270492
v -0.327793 2.949450 9.226373
v 0.465919 3.083914 3.270196
v 0.700149 3.630327 2.080130
v 0.557973 3.747602 2.080130
v 0.584660 2.966639 3.270196
v 0.557973 3.747602 2.080130
v 0.557970 3.747602 1.951598
v 0.557976 3.747602 -0.273017
v 0.700149 3.630327 -0.851896
v 0.557973 3.747602 -0.851896
v 1.230958 2.415000 0.621388
v 1.090141 2.751634 -1.186672
v 1.230958 2.415000 1.973371
v 0.584660 2.966639 3.270196
v 1.162902 2.577693 -1.249131
v 0.616854 2.684743 -2.366179
v 0.679323 2.577596 -2.446923
v 0.599385 2.659992 -2.609196
v 0.650901 2.577591 -2.687609
v 0.700640 2.541032 -2.474478
v 1.033761 1.927828 -2.937128
v 0.929528 2.011095 -3.111707
v 1.230958 2.415000 -1.307551
v 1.004482 1.855723 -3.169214
v 0.582447 1.812952 -4.248141
v 0.629893 1.655904 -4.325945
v 0.559570 1.733686 -4.503277
v 0.819361 1.028746 -4.636646
v 0.787175 0.949480 -4.891783
v 0.819361 0.306591 -4.789519
v 0.787175 0.572087 -5.028960
v 0.787175 0.410762 -5.044787
v 0.787175 0.294193 -5.044646
v 1.004482 0.377899 -3.322140
v 1.033761 0.389176 -3.090062
v 1.196851 0.451997 -1.797319
v 1.196786 2.329313 -1.644846
v 1.230958 0.465135 -1.526964
v 1.230958 2.400541 -1.373972
v 1.230958 0.465135 -1.199604
v 1.230958 1.065068 -0.380309
v 1.230958 0.465135 -0.380309
v 1.230958 0.465135 0.621235
v 1.230958 2.040000 -0.380309
v 1.230958 1.065067 0.621235
v 1.230958 0.465135 0.875457
v 1.230958 2.040000 0.621312
v 1.230958 1.065067 0.875457
v 1.230958 0.465135 1.844448
v 1.230958 2.040000 0.875553
v 1.230958 1.065067 1.844448
v 1.230958 0.465135 1.973013
v 1.230958 2.040000 1.844617
v 1.230958 1.065067 1.973013
v 0.584660 0.802693 3.270415
v 1.230958 2.040000 1.973192
v 0.584660 2.414999 3.271097
v 0.584660 2.966639 3.270196
v 0.338636 2.605178 9.046491
v 0.584660 2.966639 3.270196
v 0.338636 2.949586 9.226111
v -1.330710 -0.332682 1.838024
v -1.085234 0.278622 1.838025
v -1.484917 -0.205324 1.838025
v -0.931027 0.151264 1.838024
v 0.557973 3.747602 2.080130
v -0.557780 3.747602 1.951850
v -0.557777 3.747602 2.080417
v 0.557970 3.747602 1.951598
v 0.326986 2.415000 -0.380309
v 0.980958 2.415000 -0.380309
v 0.326986 2.415000 -0.380308
v -0.326986 2.415000 -0.380308
v -0.326986 2.415000 -0.380308
v -0.980958 2.415000 -0.380307
v -0.368299 4.031056 1.951850
v 0.557970 3.747602 1.951598
v 0.368491 4.031056 1.951598
v -0.557780 3.747602 1.951850
v -1.330710 -0.332682 1.638024
v -0.931027 0.151264 1.838024
v -1.330710 -0.332682 1.838024
v -0.931027 0.151264 1.638024
v -0.980958 0.282413 -0.380308
v -0.326986 0.282413 -0.380308
v -0.326986 0.282413 -0.380308
v 0.326986 0.282413 -0.380309
v 0.326986 0.282413 -0.380309
v 0.980958 0.282413 -0.380309
v 0.980958 1.067964 -0.380309
v 1.230958 2.040000 -0.380309
v 0.980958 2.040000 -0.380309
v 1.230958 1.065068 -0.380309
v 0.980958 2.415000 2.194226
v -0.980958 2.040000 2.193967
v -0.980958 2.415000 2.194228
v -0.980958 1.665000 2.193707
v 0.980958 0.282413 2.192112
v -0.980958 0.282413 2.192114
v -0.980958 2.415000 -0.630307
v 0.980958 0.665000 -0.630309
v 0.980958 2.415000 -0.630309
v -0.980958 0.665000 -0.630308
v 0.326986 0.282413 -0.380309
v 0.980958 0.282413 -0.380309
v -0.326986 0.282413 -0.380308
v -0.980958 0.282413 -0.380308
v 1.230958 2.040000 -0.380309
v 0.980958 2.040000 0.619882
v 0.980958 2.040000 -0.380309
v 1.230958 2.040000 0.621312
v 0.980958 1.067964 0.619644
v 1.230958 1.065068 -0.380309
v 0.980958 1.067964 -0.380309
v 1.230958 1.065067 0.621235
v 0.980958 1.067964 1.844856
v 1.230958 1.065067 0.875457
v 0.980958 1.067964 0.874488
v 1.230958 1.065067 1.844448
v 0.980958 2.040000 0.874787
v 1.230958 2.040000 1.844617
v 0.980958 2.040000 1.845387
v 1.230958 2.040000 0.875553
v -1.230958 1.065068 -0.380308
v -0.980958 1.067964 0.619646
v -0.980958 1.067964 -0.380308
v -1.230958 1.065067 0.621237
v -0.980958 2.040000 0.619884
v -1.230958 2.040000 -0.380308
v -0.980958 2.040000 -0.380308
v -1.230958 2.040000 0.621313
v -1.230958 1.065067 0.875459
v -0.980958 1.067964 1.844858
v -0.980958 1.067964 0.874489
v -1.230958 1.065067 1.844449
v -1.230958 2.040000 1.844618
v -0.980958 2.040000 0.874788
v -0.980958 2.040000 1.845389
v -1.230958 2.040000 0.875554
v -0.584661 0.552693 3.270416
v -0.980958 0.032413 1.973014
v -0.465920 0.369971 3.270416
v -0.260119 2.221388 8.846606
v -0.327793 2.383448 8.931010
v -0.584660 0.802693 3.270419
v -0.327793 2.605176 9.046495
v -0.584661 0.552693 3.270416
v -1.230958 0.465135 1.973015
v -1.230958 0.215135 1.973014
v -1.230958 0.465135 1.844449
v -1.230958 0.465135 0.875459
v -1.230958 0.465135 0.621237
v -1.230958 0.215135 -1.526964
v -1.230958 0.465135 -0.380308
v -1.230958 0.465135 -1.199602
v -1.230958 0.465135 -1.526963
v -1.196816 0.451997 -1.797318
v -1.033563 0.389176 -3.090061
v -1.004255 0.215136 -3.322206
v -1.004255 0.377899 -3.322139
v -0.818947 0.306591 -4.789517
v -0.786728 0.215136 -5.044775
v -0.786728 0.294193 -5.044645
v 0.980958 0.032413 1.973014
v 0.584660 0.552693 3.270416
v 0.465919 0.369971 3.270416
v 0.270962 2.221388 8.846606
v 0.338636 2.383448 8.931010
v 0.338636 2.605178 9.046491
v 0.584660 0.802693 3.270415
v 0.584660 0.552693 3.270416
v 1.230958 0.465135 1.973013
v 1.230958 0.215135 1.973014
v 1.230958 0.465135 1.844448
v 1.230958 0.465135 0.875457
v 1.230958 0.465135 0.621235
v 1.230958 0.215135 -1.526965
v 1.230958 0.465135 -0.380309
v 1.230958 0.465135 -1.199604
v 1.230958 0.465135 -1.526964
v 1.196851 0.451997 -1.797319
v 1.033761 0.389176 -3.090062
v 1.004482 0.215136 -3.322207
v 1.004482 0.377899 -3.322140
v 0.819361 0.306591 -4.789519
v 0.787174 0.215136 -5.044776
v 0.787175 0.294193 -5.044646
v 0.557970 3.747602 1.951598
v 0.368495 4.031056 -0.273017
v 0.368491 4.031056 1.951598
v 0.557976 3.747602 -0.273017
v -0.368297 4.031056 -0.272471
v -0.557780 3.747602 1.951850
v -0.368299 4.031056 1.951850
v -0.557777 3.747602 -0.272471
v 0.465919 3.083914 3.270196
v -0.557777 3.747602 2.080417
v -0.465919 3.083914 3.270492
v 0.557973 3.747602 2.080130
v 0.878536 2.750659 -1.197219
v 0.700149 3.630327 -0.851896
v 1.090141 2.751634 -1.186672
v 0.557973 3.747602 -0.851896
v -0.557777 3.747602 -0.851895
v -0.880964 2.742551 -1.199883
v -0.699953 3.630327 -0.851895
v -1.094301 2.741568 -1.190285
v 0.931328 2.577647 -1.254089
v -0.931420 2.577273 -1.254210
v 0.980958 2.415000 -1.307551
v 1.162902 2.577693 -1.249131
v 1.230958 2.415000 -1.307551
v -0.980959 2.415000 -1.307550
v -1.163072 2.577227 -1.249297
v -1.230958 2.415000 -1.307550
v 0.800501 0.032413 -3.322207
v 0.787174 0.215136 -5.044776
v 1.004482 0.215136 -3.322207
v 1.230958 0.215135 -1.526965
v 0.980958 0.032413 1.973014
v 1.230958 0.215135 1.973014
v 0.584660 0.552693 3.270416
v 0.980958 1.665000 1.845244
v 1.230958 1.065067 1.844448
v 0.980958 1.067964 1.844856
v 1.230958 2.040000 1.844617
v 0.980958 2.040000 1.845387
v 1.230958 2.400541 -1.373972
v 0.980958 2.415000 -1.307551
v 1.230958 2.415000 -1.307551
v 0.975675 2.400481 -1.374005
v 1.196786 2.329313 -1.644846
v -0.980959 2.415000 -1.307550
v 0.953781 2.329413 -1.644369
v 1.033761 1.927828 -2.937128
v 0.823830 1.927769 -2.937160
v 0.323433 2.329261 -1.644452
v -0.316300 2.329107 -1.644536
v -0.977400 2.400022 -1.374256
v -0.953747 2.328953 -1.644621
v -1.230958 2.399963 -1.374288
v -1.230958 2.415000 -1.307550
v -1.196395 2.327857 -1.647990
v -1.033563 1.927250 -2.937443
v -0.823632 1.927309 -2.937411
v 0.800501 1.855665 -3.169246
v 0.279421 1.927617 -2.937243
v 0.271520 1.855513 -3.169329
v -0.273093 1.927463 -2.937327
v -0.265336 1.855358 -3.169414
v -0.800274 1.855204 -3.169498
v 1.004482 1.855723 -3.169214
v 0.819361 1.028746 -4.636646
v 0.652996 1.028687 -4.636679
v -0.818947 1.028168 -4.636963
v -1.004255 1.855146 -3.169530
v -0.652582 1.028227 -4.636930
v 0.627350 0.949422 -4.891815
v 0.221564 1.028535 -4.636762
v -0.216292 1.028381 -4.636846
v -0.626904 0.948961 -4.892067
v -0.557777 3.747602 -0.272471
v 0.368495 4.031056 -0.273017
v 0.557976 3.747602 -0.273017
v -0.368297 4.031056 -0.272471
v -0.368297 4.031056 -0.272471
v 0.368491 4.031056 1.951598
v 0.368495 4.031056 -0.273017
v -0.368299 4.031056 1.951850
v -0.823632 1.927309 -2.937411
v -0.953747 1.097795 -1.576413
v -0.823632 1.074953 -2.929965
v -0.953747 2.328953 -1.644621
v 0.465919 3.083914 3.270196
v -0.260119 3.044408 9.275335
v 0.270962 3.044544 9.275073
v -0.465919 3.083914 3.270492
v -0.953747 1.097795 -1.576413
v 0.823830 1.075324 -2.929594
v -0.823632 1.074953 -2.929965
v 0.953781 1.098166 -1.576042
v -1.085234 0.278622 1.638025
v -1.330710 -0.332682 1.638024
v -1.484917 -0.205324 1.638024
v -0.931027 0.151264 1.638024
v 0.823830 1.927769 -2.937160
v 0.953781 1.098166 -1.576042
v 0.953781 2.329413 -1.644369
v 0.823830 1.075324 -2.929594
v -0.800274 0.304433 -3.172960
v 0.652996 0.278877 -4.708991
v -0.652582 0.278506 -4.709362
v 0.800501 0.304805 -3.172589
v -0.652582 1.028227 -4.636930
v -0.800274 0.304433 -3.172960
v -0.652582 0.278506 -4.709362
v -0.800274 1.855204 -3.169498
v 0.652996 1.028687 -4.636679
v 0.800501 0.304805 -3.172589
v 0.800501 1.855665 -3.169246
v 0.652996 0.278877 -4.708991
v -3.188101 1.972562 2.779587
v -0.703410 2.261348 3.013693
v -1.223421 2.381030 1.527683
v -3.177956 1.912894 3.438240
v 0.652996 1.028687 -4.636679
v 0.440813 1.576786 -4.581010
v 0.627350 0.949422 -4.891815
v 0.458831 1.656052 -4.325874
v 0.800501 1.855665 -3.169246
v 0.410666 1.812866 -4.248187
v 0.730142 2.005363 -3.113839
v 0.823830 1.927769 -2.937160
v 0.484759 2.539269 -2.717020
v 0.498885 2.541679 -2.474002
v 0.931328 2.577647 -1.254089
v 0.408892 2.684665 -2.366257
v 0.878536 2.750659 -1.197219
v -1.230958 2.040000 -0.380308
v -0.980958 1.067964 -0.380308
v -0.980958 2.040000 -0.380308
v -1.230958 1.065068 -0.380308
v -0.880964 2.742551 -1.199883
v -0.616650 2.684280 -2.366647
v -1.094301 2.741568 -1.190285
v -0.425602 2.684352 -2.366574
v -0.599163 2.659529 -2.609664
v 0.408892 2.684665 -2.366257
v 0.599385 2.659992 -2.609196
v 0.616854 2.684743 -2.366179
v 0.878536 2.750659 -1.197219
v 1.090141 2.751634 -1.186672
v 0.484759 2.539269 -2.717020
v 0.650901 2.577591 -2.687609
v -0.484537 2.538899 -2.717393
v -0.650559 2.577330 -2.687439
v 0.730142 2.005363 -3.113839
v 0.929528 2.011095 -3.111707
v 0.582447 1.812952 -4.248141
v -0.732292 1.999846 -3.115962
v -0.933031 2.002787 -3.114884
v -0.582029 1.812374 -4.248457
v -0.415781 1.812456 -4.248411
v -0.559129 1.733108 -4.503593
v 0.410666 1.812866 -4.248187
v 0.559570 1.733686 -4.503277
v -0.701934 2.538002 -2.476881
v -0.931420 2.577273 -1.254210
v -1.163072 2.577227 -1.249297
v -0.498681 2.541311 -2.474376
v -0.484537 2.538899 -2.717393
v 0.484759 2.539269 -2.717020
v 0.498885 2.541679 -2.474002
v 0.700640 2.541032 -2.474478
v 0.931328 2.577647 -1.254089
v 1.162902 2.577693 -1.249131
v 0.205545 -0.353049 -3.132652
v 0.100000 -0.353049 -3.132652
v 0.205545 -0.483761 -3.100917
v -0.205545 -0.483761 -3.100917
v -0.100000 -0.353049 -3.132652
v -0.205545 -0.353049 -3.132652
v 0.100000 0.077859 -3.237269
v -0.100000 0.077859 -3.237268
v 0.100000 -0.353049 -3.332652
v -0.100000 0.077859 -3.437268
v 0.100000 0.077859 -3.437269
v -0.100000 -0.353049 -3.332652
v 0.205545 -0.483761 -3.300917
v 0.205545 -0.353049 -3.332652
v -0.205545 -0.483761 -3.300917
v -0.205545 -0.353049 -3.332652
v 0.565947 4.352157 9.649068
v 0.565947 4.511459 9.715053
v 0.565947 4.418142 9.715053
v 0.565947 4.418142 9.489766
v 0.565947 4.352157 9.555751
v 0.565947 4.577444 9.555751
v 0.565947 4.577444 9.649068
v 0.565947 4.511459 9.489766
v 0.087987 4.635631 0.793219
v -0.212420 4.635631 0.668787
v -0.087987 4.635631 0.793219
v 0.212420 4.635631 0.668787
v 0.212420 4.635631 0.492812
v -0.087987 4.635631 0.368379
v -0.212420 4.635631 0.492812
v 0.087987 4.635631 0.368379
v 0.714611 2.066229 2.970883
v 2.909164 1.751157 3.371995
v 0.703409 2.261340 3.013693
v 3.177957 1.912899 3.438240
v 3.144725 1.717428 3.414935
v 3.074076 1.338700 3.167929
v 2.933476 1.358832 3.142300
v 1.223420 2.381025 1.527684
v 2.982077 1.914347 2.645932
v 1.218647 2.283469 1.506279
v 3.188102 1.972567 2.779587
v 3.171485 1.874832 2.767934
v 2.976996 1.456236 2.708932
v 3.090049 1.432651 2.781751
v -3.074073 1.338696 3.167929
v -3.171484 1.874827 2.767934
v -3.090046 1.432646 2.781751
v -3.144723 1.717423 3.414934
v -3.177956 1.912894 3.438240
v -3.188101 1.972562 2.779587
v -0.248981 2.825554 -1.274707
v -0.035408 3.039127 -1.274707
v -0.248981 2.825554 -0.485444
v -0.035408 3.039127 -0.485444
v -0.035408 3.039127 -1.274707
v -0.035408 3.341165 -1.274706
v -0.035408 3.341165 -0.485444
v -0.035408 3.341165 -1.274706
v -0.248981 3.554738 -1.274707
v -0.248981 3.554738 -0.485444
v -0.248981 3.554738 -1.274707
v -0.551019 3.554738 -1.274707
v -0.551019 3.554738 -0.485444
v -0.551019 3.554738 -1.274707
v -0.764592 3.341165 -1.274706
v -0.764592 3.341165 -0.485444
v -0.764592 3.341165 -1.274706
v -0.764592 3.039127 -1.274707
v -0.764592 3.039127 -0.485444
v -0.764592 3.039127 -1.274707
v -0.551019 2.825554 -1.274707
v -0.551019 2.825554 -0.485444
v -0.248981 2.825554 -1.274707
v -0.551019 2.825554 -1.274707
v -0.511493 2.920978 -1.459005
v -0.130832 3.078653 -1.459005
v -0.288507 2.920978 -1.459005
v -0.669168 3.301639 -1.459005
v -0.669168 3.078653 -1.459005
v -0.288507 3.459314 -1.459005
v -0.130832 3.301639 -1.459005
v -0.511493 3.459314 -1.459005
v 0.551019 2.836220 -1.274707
v 0.764592 3.049793 -1.274707
v 0.551019 2.836220 -0.485444
v 0.764592 3.049793 -0.485444
v 0.764592 3.049793 -1.274707
v 0.764592 3.351831 -1.274706
v 0.764592 3.351830 -0.485444
v 0.764592 3.351831 -1.274706
v 0.551019 3.565403 -1.274707
v 0.551019 3.565403 -0.485444
v 0.551019 3.565403 -1.274707
v 0.248981 3.565404 -1.274707
v 0.248981 3.565403 -0.485444
v 0.248981 3.565404 -1.274707
v 0.035408 3.351831 -1.274706
v 0.035408 3.351830 -0.485444
v 0.035408 3.351831 -1.274706
v 0.035408 3.049793 -1.274707
v 0.035408 3.049793 -0.485444
v 0.035408 3.049793 -1.274707
v 0.248981 2.836220 -0.485444
v 0.248981 2.836220 -1.274707
v 0.551019 2.836220 -1.274707
v 0.248981 2.836220 -1.274707
v 0.288507 2.931644 -1.459005
v 0.669168 3.089319 -1.459005
v 0.511493 2.931644 -1.459005
v 0.130832 3.312305 -1.459005
v 0.130832 3.089319 -1.459005
v 0.511493 3.469980 -1.459005
v 0.669168 3.312305 -1.459005
v 0.288507 3.469980 -1.459005
v -0.327793 2.383448 8.931010
v -0.260119 2.605176 9.046495
v -0.327793 2.605176 9.046495
v -0.260119 2.383448 8.931010
v -0.260119 2.221388 8.846606
v -0.083092 2.383448 8.931010
v -0.083092 2.605177 9.046494
v 0.093935 2.605177 9.046493
v -0.083092 2.221388 8.846606
v -0.465920 0.369971 3.270416
v 0.093935 2.383448 8.931010
v 0.093935 2.221388 8.846606
v 0.465919 0.369971 3.270416
v 0.980958 0.032413 1.973014
v -0.980958 0.032413 1.973014
v -0.800274 0.032413 -3.322206
v 0.800501 0.032413 -3.322207
v -0.626903 0.032414 -5.044775
v 0.627349 0.032414 -5.044776
v 0.270962 2.221388 8.846606
v 0.270962 2.383448 8.931010
v 0.270962 2.605178 9.046492
v 0.338636 2.383448 8.931010
v 0.338636 2.605178 9.046491
v 0.980958 2.415000 2.194226
v -0.980958 2.415000 2.194228
v 0.980958 2.415000 1.845530
v -0.326986 2.415000 -0.380308
v -0.980958 2.415000 -0.380307
v 0.326986 2.415000 -0.380308
v 0.980958 2.415000 -0.380309
v -0.980958 2.415000 -0.630307
v -0.326986 2.415000 -0.380308
v 0.980958 2.415000 -0.630309
v 0.326986 2.415000 -0.380309
v 0.980958 0.282413 1.844373
v -0.980958 0.282413 2.192114
v 0.980958 0.282413 2.192112
v -0.326986 0.282413 -0.380308
v -0.980958 0.282413 -0.380308
v 0.326986 0.282413 -0.380309
v 0.980958 0.282413 -0.380309
v -0.980958 1.067964 1.844858
v -1.230958 1.065067 1.844449
v -0.980958 1.665000 1.845246
v -1.230958 2.040000 1.844618
v -0.980958 2.040000 1.845389
v 0.980958 1.665000 0.619818
v 1.230958 1.065067 0.621235
v 0.980958 1.067964 0.619644
v 1.230958 2.040000 0.621312
v 0.980958 2.040000 0.619882
v 0.980958 1.665000 0.874706
v 1.230958 2.040000 0.875553
v 0.980958 2.040000 0.874787
v 1.230958 1.065067 0.875457
v 0.980958 1.067964 0.874488
v -1.230958 0.215135 1.973014
v -0.980958 0.032413 1.973014
v -0.584661 0.552693 3.270416
v -1.230958 0.215135 -1.526964
v -0.800274 0.032413 -3.322206
v -1.004255 0.215136 -3.322206
v -0.786728 0.215136 -5.044775
v -0.260119 2.605176 9.046495
v -0.327793 2.949450 9.226373
v -0.327793 2.605176 9.046495
v -0.083092 2.605177 9.046494
v -0.260119 3.044408 9.275335
v 0.093935 2.605177 9.046493
v 0.270962 3.044544 9.275073
v 0.338636 2.949586 9.226111
v 0.270962 2.605178 9.046492
v 0.338636 2.605178 9.046491
v 3.188102 1.972567 2.779587
v 3.177957 1.912899 3.438240
v 3.171485 1.874832 2.767934
v 3.144725 1.717428 3.414935
v 3.074076 1.338700 3.167929
v 3.090049 1.432651 2.781751
v -0.786728 0.410762 -5.044786
v -0.626903 0.294193 -5.044712
v -0.786728 0.294193 -5.044645
v -0.208592 0.294193 -5.044712
v 0.787175 0.410762 -5.044787
v 0.210043 0.294193 -5.044713
v 0.627350 0.294193 -5.044713
v 0.787175 0.294193 -5.044646
v -0.786728 0.572087 -5.028958
v 0.787175 0.572087 -5.028960
v -0.626904 0.948961 -4.892067
v -0.786729 0.948903 -4.892099
v 0.627350 0.949422 -4.891815
v -0.440371 1.576326 -4.581262
v 0.787175 0.949480 -4.891783
v -0.559129 1.733108 -4.503593
v 0.440813 1.576786 -4.581010
v 0.559570 1.733686 -4.503277
v -0.980958 1.665000 0.874708
v -1.230958 1.065067 0.875459
v -0.980958 1.067964 0.874489
v -1.230958 2.040000 0.875554
v -0.980958 2.040000 0.874788
v -0.980958 1.665000 0.619820
v -1.230958 2.040000 0.621313
v -0.980958 2.040000 0.619884
v -1.230958 1.065067 0.621237
v -0.980958 1.067964 0.619646
v -0.786728 0.294193 -5.044645
v -0.626903 0.294193 -5.044712
v -0.786728 0.215136 -5.044775
v -0.626903 0.032414 -5.044775
v -0.208592 0.294193 -5.044712
v 0.627349 0.032414 -5.044776
v 0.210043 0.294193 -5.044713
v 0.627350 0.294193 -5.044713
v 0.787174 0.215136 -5.044776
v 0.787175 0.294193 -5.044646
v 0.652996 1.028687 -4.636679
v 0.221564 1.028535 -4.636762
v 0.652996 0.278877 -4.708991
v -0.216292 1.028381 -4.636846
v -0.652582 0.278506 -4.709362
v -0.652582 1.028227 -4.636930
v 0.800501 0.304805 -3.172589
v 0.271520 1.855513 -3.169329
v 0.800501 1.855665 -3.169246
v -0.265336 1.855358 -3.169414
v -0.800274 0.304433 -3.172960
v -0.800274 1.855204 -3.169498
v 0.953781 1.098166 -1.576042
v 0.323433 2.329261 -1.644452
v 0.953781 2.329413 -1.644369
v -0.316300 2.329107 -1.644536
v -0.953747 1.097795 -1.576413
v -0.953747 2.328953 -1.644621
v -0.823632 1.074953 -2.929965
v -0.273093 1.927463 -2.937327
v -0.823632 1.927309 -2.937411
v 0.823830 1.075324 -2.929594
v 0.279421 1.927617 -2.937243
v 0.823830 1.927769 -2.937160
v -0.440371 1.576326 -4.581262
v 0.440813 1.576786 -4.581010
v -0.458412 1.655592 -4.326126
v 0.458831 1.656052 -4.325874
v -0.800274 1.855204 -3.169498
v -0.629861 1.654049 -4.326892
v -1.004255 1.855146 -3.169530
v 0.629893 1.655904 -4.325945
v 0.800501 1.855665 -3.169246
v 1.004482 1.855723 -3.169214
v 0.819361 1.028746 -4.636646
v 0.629893 1.655904 -4.325945
v 0.652996 1.028687 -4.636679
v 0.458831 1.656052 -4.325874
v 0.410666 1.812866 -4.248187
v -0.458412 1.655592 -4.326126
v -0.415781 1.812456 -4.248411
v -0.629861 1.654049 -4.326892
v -0.652582 1.028227 -4.636930
v -0.818947 1.028168 -4.636963
v -0.557777 3.747602 -0.272471
v 0.557976 3.747602 -0.273017
v -0.626904 0.948961 -4.892067
v -0.440371 1.576326 -4.581262
v -0.652582 1.028227 -4.636930
v -0.458412 1.655592 -4.326126
v -0.415781 1.812456 -4.248411
v -0.800274 1.855204 -3.169498
v -0.732292 1.999846 -3.115962
v -0.823632 1.927309 -2.937411
v -0.484537 2.538899 -2.717393
v -0.498681 2.541311 -2.474376
v -0.425602 2.684352 -2.366574
v -0.931420 2.577273 -1.254210
v -0.880964 2.742551 -1.199883
v 1.033761 1.927828 -2.937128
v 0.700640 2.541032 -2.474478
v 0.823830 1.927769 -2.937160
v 0.498885 2.541679 -2.474002
v 0.408892 2.684665 -2.366257
v -0.498681 2.541311 -2.474376
v -0.425602 2.684352 -2.366574
v -0.701934 2.538002 -2.476881
v -0.823632 1.927309 -2.937411
v -1.033563 1.927250 -2.937443
v -0.252662 4.458392 0.685456
v -0.212420 4.635631 0.668787
v -0.252662 4.458392 0.476143
v -0.104656 4.458392 0.833461
v -0.212420 4.635631 0.492812
v -0.087987 4.635631 0.793219
v -0.087987 4.635631 0.368379
v -0.104656 4.458392 0.328137
v 0.087987 4.635631 0.368379
v 0.104656 4.458392 0.328137
v 0.212420 4.635631 0.492812
v 0.252662 4.458392 0.476143
v 0.104656 4.458392 0.833461
v 0.087987 4.635631 0.793219
v 0.212420 4.635631 0.668787
v 0.252662 4.458392 0.685455
v -0.980958 2.415000 -0.630307
v -0.980958 1.067964 -0.380308
v -0.980958 0.665000 -0.630308
v -0.980958 0.282413 -0.380308
v -0.980958 2.040000 -0.380308
v -0.980958 2.415000 -0.380307
v -0.980958 1.067964 0.619646
v -0.980958 2.040000 0.619884
v -0.980958 1.067964 0.874489
v -0.980958 1.665000 0.619820
v -0.980958 0.282413 2.192114
v -0.980958 1.665000 0.874708
v -0.980958 1.067964 1.844858
v -0.980958 2.040000 0.874788
v -0.980958 2.415000 2.194228
v -0.980958 1.665000 2.193707
v -0.980958 1.665000 1.845246
v -0.980958 2.040000 1.845389
v -0.980958 2.040000 2.193967
v 0.980958 1.067964 -0.380309
v 0.980958 0.665000 -0.630309
v 0.980958 0.282413 -0.380309
v 0.980958 2.415000 -0.630309
v 0.980958 2.040000 -0.380309
v 0.980958 2.415000 -0.380309
v 0.980958 1.067964 0.619644
v 0.980958 2.040000 0.619882
v 0.980958 0.282413 1.844373
v 0.980958 2.415000 1.845530
v 0.980958 1.067964 0.874488
v 0.980958 1.665000 0.619818
v 0.980958 1.665000 0.874706
v 0.980958 2.040000 0.874787
v 0.980958 2.040000 1.845387
v 0.980958 1.067964 1.844856
v 0.980958 0.282413 2.192112
v 0.980958 2.415000 2.194226
v 0.980958 1.665000 1.845244
v -0.136488 4.458392 0.637334
v -0.104656 4.458392 0.833461
v -0.252662 4.458392 0.685456
v -0.252662 4.458392 0.476143
v -0.056535 4.458392 0.717287
v -0.136488 4.458392 0.524264
v 0.056535 4.458392 0.717287
v -0.104656 4.458392 0.328137
v 0.104656 4.458392 0.833461
v -0.056535 4.458392 0.444312
v 0.136488 4.458392 0.637334
v 0.104656 4.458392 0.328137
v 0.252662 4.458392 0.685455
v 0.056535 4.458392 0.444312
v 0.136488 4.458392 0.524264
v 0.252662 4.458392 0.476143
v 0.565947 4.511459 9.715053
v 0.029115 4.577444 9.649068
v 0.029115 4.511459 9.715053
v 0.029115 4.418142 9.715053
v 0.565947 4.577444 9.649068
v 0.565947 4.418142 9.715053
v 0.029115 4.577444 9.555751
v 0.565947 4.577444 9.555751
v 0.029115 4.511459 9.489766
v 0.565947 4.511459 9.489766
v 0.029115 4.418142 9.489766
v 0.565947 4.418142 9.489766
v 0.565947 4.352157 9.649068
v 0.029115 4.352157 9.649068
v 0.029115 4.352157 9.555751
v 0.565947 4.352157 9.555751
v 0.056535 4.458392 0.717287
v -0.056535 3.669473 0.717287
v 0.056535 3.669473 0.717287
v 0.136488 4.458392 0.637334
v -0.056535 4.458392 0.717287
v 0.136488 3.669473 0.637334
v -0.136488 3.669473 0.637334
v 0.136488 4.458392 0.524264
v -0.136488 4.458392 0.637334
v 0.136488 3.669473 0.524264
v -0.136488 3.669473 0.524264
v 0.056535 4.458392 0.444312
v -0.136488 4.458392 0.524264
v 0.056535 3.669473 0.444312
v -0.056535 3.669473 0.444312
v -0.056535 4.458392 0.444312
vt 0.1444363 0.730902851
vt 0.144436449 0.730896056
vt 0.144436389 0.730895996
vt 0.144434452 0.730905592
vt 0.144434616 0.730912387
vt 0.144434527 0.730905592
vt 0.632720292 0.644960463
vt 0.63271904 0.644974947
vt 0.6327191 0.644974947
vt 0.144436359 0.730902851
vt 0.144436449 0.730896056
vt 0.1444363 0.730902851
vt 0.144434556 0.730912447
vt 0.144434616 0.730912387
vt 0.144434452 0.730905592
vt 0.632717252 0.644958496
vt 0.632717192 0.644958496
vt 0.632719398 0.644960463
vt 0.632812381 0.644525051
vt 0.632812381 0.644525051
vt 0.632812381 0.644525051
vt 0.632812381 0.644525051
vt 0.632812381 0.644525051
vt 0.632812381 0.644525051
vt 0.632812381 0.644525051
vt 0.632812381 0.644525051
vt 0.632812381 0.644525051
vt 0.632812381 0.644525051
vt 0.632812381 0.644525051
vt 0.632812381 0.644525051
vt 0.632812381 0.644525051
vt 0.632812381 0.644525051
vt 0.632812381 0.644525051
vt 0.632812381 0.644525051
vt 0.632812381 0.644525051
vt 0.632812381 0.644525051
vt 0.632812381 0.644525051
vt 0.632812381 0.644525051
vt 0.632812381 0.644525051
vt 0.632812381 0.644525051
vt 0.632812381 0.644525051
vt 0.632812381 0.644525051
vt 0.632812381 0.644525051
vt 0.632812381 0.644525051
vt 0.632812381 0.644525051
vt 0.632812381 0.644525051
vt 0.632812381 0.644525051
vt 0.632812381 0.644525051
vt 0.632812381 0.644525051
vt 0.632812381 0.644525051
vt 0.632812381 0.644525051
vt 0.632812381 0.644525051
vt 0.632812381 0.644525051
vt 0.632812381 0.644525051
vt 0.632812381 0.644525051
vt 0.632812381 0.644525051
vt 0.632812381 0.644525051
vt 0.632812381 0.644525051
vt 0.632812381 0.644525051
vt 0.632812381 0.644525051
vt 0.632812381 0.644525051
vt 0.632812381 0.644525051
vt 0.632812381 0.644525051
vt 0.632812381 0.644525051
vt 0.632812381 0.644525051
vt 0.632812381 0.644525051
vt 0.632812381 0.644525051
vt 0.632812381 0.644525051
vt 0.632812381 0.644525051
vt 0.632812381 0.644525051
vt 0.632812381 0.644525051
vt 0.632812381 0.644525051
vt 0.632812381 0.644525051
vt 0.632812381 0.644525051
vt 0.632812381 0.644525051
vt 0.632812381 0.644525051
vt 0.632812381 0.644525051
vt 0.632812381 0.644525051
vt 0.631204426 0.650300026
vt 0.631204665 0.650300682
vt 0.631204426 0.650300503
vt 0.631204665 0.650299847
vt 0.14444226 0.730901718
vt 0.144441649 0.730899155
vt 0.144441366 0.730901718
vt 0.144441992 0.730898917
vt 0.628102899 0.650302887
vt 0.628103316 0.650300384
vt 0.628103316 0.650302947
vt 0.628102422 0.650300682
vt 0.631204665 0.650296986
vt 0.631204724 0.650297403
vt 0.631204665 0.650297463
vt 0.631204724 0.650296926
vt 0.144443288 0.730913699
vt 0.14444305 0.730913937
vt 0.14444305 0.730913758
vt 0.144443288 0.730913937
vt 0.144443393 0.730913937
vt 0.144443393 0.730911136
vt 0.144443288 0.730911136
vt 0.144443318 0.730901897
vt 0.144443065 0.730902016
vt 0.144443065 0.730901897
vt 0.144443318 0.730902135
vt 0.144443378 0.730901897
vt 0.144443378 0.730904222
vt 0.144443318 0.730904222
vt 0.631204486 0.650291383
vt 0.631204247 0.650290728
vt 0.631204247 0.650291264
vt 0.631204486 0.650290549
vt 0.628101349 0.65030247
vt 0.628101945 0.650300145
vt 0.628101528 0.650299966
vt 0.628102183 0.65030247
vt 0.631204665 0.650293946
vt 0.631204605 0.650293529
vt 0.631204605 0.650293946
vt 0.631204665 0.650293469
vt 0.144435793 0.730912566
vt 0.144436017 0.730913758
vt 0.144436017 0.730912447
vt 0.144435599 0.730913877
vt 0.144443542 0.730912387
vt 0.144443631 0.730911136
vt 0.144443542 0.730911136
vt 0.144443631 0.730912387
vt 0.144437134 0.730913699
vt 0.144437343 0.730912507
vt 0.144436926 0.730912447
vt 0.144437343 0.730913877
vt 0.144438237 0.730913758
vt 0.144438148 0.730914831
vt 0.144438237 0.730914831
vt 0.144438148 0.730913699
vt 0.144442976 0.730898917
vt 0.144442871 0.730898499
vt 0.144442871 0.730898917
vt 0.144442976 0.730898499
vt 0.144436717 0.730912566
vt 0.144436926 0.730913758
vt 0.144436926 0.730912447
vt 0.144436508 0.730913877
vt 0.144437641 0.730914831
vt 0.14443773 0.730913579
vt 0.144437641 0.730913579
vt 0.14443773 0.730914831
vt 0.1444363 0.730913699
vt 0.144436508 0.730912507
vt 0.144436091 0.730912447
vt 0.144436508 0.730913877
vt 0.144443542 0.73091352
vt 0.144443631 0.730912387
vt 0.144443542 0.730912387
vt 0.144443631 0.73091352
vt 0.144442976 0.730898499
vt 0.144443065 0.730898917
vt 0.144443065 0.730898499
vt 0.144442976 0.730898917
vt 0.144439563 0.730908096
vt 0.144439995 0.730910957
vt 0.144439995 0.730907619
vt 0.14443934 0.730911016
vt 0.144441172 0.730910182
vt 0.144441023 0.730913043
vt 0.144441202 0.730913043
vt 0.144441038 0.730910182
vt 0.144442365 0.730910659
vt 0.144442812 0.730907798
vt 0.144442141 0.730907738
vt 0.144442812 0.730911136
vt 0.144443497 0.730898917
vt 0.144443348 0.730901539
vt 0.144443527 0.730901539
vt 0.144443363 0.730898917
vt 0.144443482 0.730910063
vt 0.144443363 0.730911016
vt 0.144443482 0.730911016
vt 0.144443363 0.730910063
vt 0.394212335 0.219070494
vt 0.394209653 0.219070971
vt 0.394212157 0.219070494
vt 0.394210398 0.219070971
vt 0.394210339 0.219070792
vt 0.394210458 0.219070792
vt 0.394210279 0.219070971
vt 0.394209623 0.219070792
vt 0.394209743 0.219070792
vt 0.394209743 0.219070971
vt 0.39421016 0.219070792
vt 0.394210339 0.219070792
vt 0.39421016 0.219070971
vt 0.394209743 0.219070792
vt 0.394209921 0.219070792
vt 0.394209862 0.219070971
vt 0.39421016 0.219070792
vt 0.394211292 0.219071448
vt 0.394210041 0.219070792
vt 0.394211173 0.219071448
vt 0.394209921 0.219070792
vt 0.394210041 0.219070792
vt 0.394211322 0.219071209
vt 0.394211173 0.219071209
vt 0.394211024 0.219070494
vt 0.394206882 0.219070733
vt 0.394210875 0.219070494
vt 0.394211978 0.219071388
vt 0.394206822 0.219070494
vt 0.394206941 0.219070494
vt 0.394206941 0.219070673
vt 0.394206941 0.219070494
vt 0.39420712 0.219070494
vt 0.39420709 0.219070673
vt 0.394212008 0.21907115
vt 0.394211888 0.219071388
vt 0.394211888 0.21907115
vt 0.394211888 0.21907115
vt 0.394211769 0.219071388
vt 0.394211739 0.21907115
vt 0.394211739 0.21907115
vt 0.394208848 0.219070315
vt 0.39421159 0.21907115
vt 0.394208968 0.219070315
vt 0.39420712 0.219070494
vt 0.394207239 0.219070494
vt 0.394208789 0.219070554
vt 0.394208968 0.219070554
vt 0.632812381 0.644525051
vt 0.632812381 0.644525051
vt 0.632812381 0.644525051
vt 0.632812381 0.644525051
vt 0.632812381 0.644525051
vt 0.632812381 0.644525051
vt 0.632812381 0.644525051
vt 0.632812381 0.644525051
vt 0.14443934 0.730899334
vt 0.144439474 0.730900764
vt 0.144439414 0.730899334
vt 0.144439399 0.730900764
vt 0.144439414 0.730899215
vt 0.144439414 0.730899334
vt 0.144439414 0.730896652
vt 0.144436091 0.730907679
vt 0.144436657 0.73090589
vt 0.144436494 0.730908036
vt 0.144439414 0.730895996
vt 0.144436672 0.730904341
vt 0.144436359 0.730902851
vt 0.144436568 0.730908036
vt 0.144436613 0.730909586
vt 0.144436687 0.730909705
vt 0.144436643 0.730909884
vt 0.144436702 0.730909884
vt 0.144436702 0.730909705
vt 0.14443709 0.730910003
vt 0.144437045 0.730910182
vt 0.144436628 0.730908096
vt 0.144437134 0.730910242
vt 0.144436926 0.730911493
vt 0.144437015 0.730911553
vt 0.144436955 0.730911732
vt 0.144437373 0.730911911
vt 0.144437417 0.730912209
vt 0.144437775 0.730912149
vt 0.144437626 0.730912387
vt 0.144437715 0.730912447
vt 0.144437775 0.730912447
vt 0.14443776 0.73091042
vt 0.14443776 0.730910182
vt 0.144437745 0.730908692
vt 0.144436881 0.730908453
vt 0.144437745 0.730908394
vt 0.144436836 0.730908155
vt 0.144437745 0.730908036
vt 0.144437417 0.730907083
vt 0.14443776 0.730907083
vt 0.144436851 0.730907023
vt 0.144437432 0.73090595
vt 0.144437775 0.73090595
vt 0.144436866 0.73090589
vt 0.144437432 0.730905652
vt 0.144437775 0.730905652
vt 0.14443779 0.73090452
vt 0.144436881 0.730905592
vt 0.144437447 0.73090452
vt 0.14443779 0.7309044
vt 0.144436881 0.73090452
vt 0.144436896 0.730904341
vt 0.144437596 0.73090291
vt 0.144436687 0.730902851
vt 0.144436359 0.730902851
vt 0.144436643 0.730896235
vt 0.144436359 0.730902851
vt 0.144436449 0.730896056
vt 0.14444001 0.730900764
vt 0.144440144 0.730899334
vt 0.144440055 0.730899334
vt 0.14444007 0.730900764
vt 0.144440055 0.730899334
vt 0.144440055 0.730899215
vt 0.144440055 0.730896652
vt 0.144434258 0.730900764
vt 0.144440055 0.730895996
vt 0.144434825 0.730902553
vt 0.144434661 0.730900407
vt 0.144434839 0.730904102
vt 0.144434527 0.730905592
vt 0.14443472 0.730900407
vt 0.144434765 0.730898798
vt 0.144434839 0.730898798
vt 0.14443481 0.730898559
vt 0.144434869 0.730898499
vt 0.144434869 0.730898738
vt 0.144435257 0.73089844
vt 0.144435197 0.730898201
vt 0.144434795 0.730900347
vt 0.144435287 0.730898142
vt 0.144435078 0.73089695
vt 0.144435167 0.730896831
vt 0.144435123 0.730896652
vt 0.144435525 0.730896473
vt 0.14443557 0.730896175
vt 0.144435942 0.730896294
vt 0.144435778 0.730895996
vt 0.144435883 0.730895996
vt 0.144435942 0.730895996
vt 0.144435927 0.730897963
vt 0.144435927 0.730898201
vt 0.144435912 0.730899692
vt 0.144435048 0.73089993
vt 0.144435897 0.730900049
vt 0.144435003 0.730900228
vt 0.144435912 0.730900407
vt 0.14443557 0.730901361
vt 0.144435912 0.730901301
vt 0.144435927 0.730902493
vt 0.144435018 0.730901361
vt 0.144435585 0.730902493
vt 0.144435942 0.730902791
vt 0.144435033 0.730902493
vt 0.144435599 0.730902791
vt 0.144435942 0.730903864
vt 0.144435033 0.730902791
vt 0.144435599 0.730903864
vt 0.144435957 0.730904043
vt 0.144435048 0.730903924
vt 0.144435614 0.730904043
vt 0.144435763 0.730905533
vt 0.144435048 0.730904043
vt 0.144434839 0.730905533
vt 0.144434527 0.730905592
vt 0.14443481 0.730912149
vt 0.144434527 0.730905592
vt 0.144434616 0.730912387
vt 0.632812381 0.644525051
vt 0.632812381 0.644525051
vt 0.632812381 0.644525051
vt 0.632812381 0.644525051
vt 0.144440055 0.730899334
vt 0.144439414 0.730899215
vt 0.144439414 0.730899334
vt 0.144440055 0.730899215
vt 0.415718615 0.693691313
vt 0.415718615 0.693691313
vt 0.415718615 0.693691313
vt 0.415718615 0.693691313
vt 0.415718615 0.693691313
vt 0.415724486 0.693697214
vt 0.144441023 0.730914116
vt 0.144441187 0.730913043
vt 0.144441023 0.730913281
vt 0.144441187 0.730914295
vt 0.632812381 0.644525051
vt 0.632812381 0.644525051
vt 0.632812381 0.644525051
vt 0.632812381 0.644525051
vt 0.144434258 0.730895996
vt 0.144434258 0.730895996
vt 0.144434258 0.730895996
vt 0.144440517 0.730907738
vt 0.144440517 0.730907738
vt 0.144434258 0.730895996
vt 0.144438893 0.730914593
vt 0.144439042 0.73091346
vt 0.144438893 0.73091346
vt 0.144439042 0.730914593
vt 0.415726721 0.693699598
vt 0.415725589 0.693699181
vt 0.415725589 0.693699598
vt 0.415725589 0.693698764
vt 0.415726721 0.693697214
vt 0.415725589 0.693697214
vt 0.415724486 0.693703055
vt 0.415725589 0.693705082
vt 0.415725589 0.693703055
vt 0.415724486 0.693705082
vt 0.415725231 0.693705499
vt 0.415725589 0.693705499
vt 0.415724874 0.693705499
vt 0.415724486 0.693705499
vt 0.144439921 0.730914295
vt 0.144439787 0.730913162
vt 0.144439787 0.730914295
vt 0.144439921 0.730913162
vt 0.144439921 0.730914295
vt 0.14444007 0.730913162
vt 0.144439921 0.730913162
vt 0.14444007 0.730914295
vt 0.144443542 0.730902791
vt 0.144443676 0.730901718
vt 0.144443542 0.730901718
vt 0.144443676 0.730902791
vt 0.144437492 0.730913579
vt 0.144437343 0.730914652
vt 0.144437492 0.730914652
vt 0.144437343 0.730913579
vt 0.144438609 0.73091346
vt 0.144438744 0.730914593
vt 0.144438744 0.73091346
vt 0.144438609 0.730914593
vt 0.144439787 0.730913162
vt 0.144439638 0.730914295
vt 0.144439787 0.730914295
vt 0.144439638 0.730913162
vt 0.144443676 0.730903924
vt 0.144443542 0.730902791
vt 0.144443542 0.730903924
vt 0.144443676 0.730902791
vt 0.144443393 0.73091352
vt 0.144443542 0.730914652
vt 0.144443542 0.73091352
vt 0.144443393 0.730914652
vt 0.632720172 0.644968033
vt 0.632720351 0.644966483
vt 0.632720113 0.644967973
vt 0.632718086 0.644958973
vt 0.632717967 0.644958913
vt 0.632718801 0.64496541
vt 0.632871628 0.645580053
vt 0.632718921 0.64496541
vt 0.63271898 0.6449669
vt 0.632719159 0.6449669
vt 0.63271898 0.64496702
vt 0.63271898 0.644968152
vt 0.63271898 0.64496845
vt 0.63271904 0.644970894
vt 0.632718921 0.644969583
vt 0.632718921 0.644970536
vt 0.632718921 0.644970894
vt 0.632718921 0.644971192
vt 0.632718921 0.644972682
vt 0.63271904 0.64497298
vt 0.632718921 0.64497292
vt 0.63271898 0.644974649
vt 0.63271904 0.644974947
vt 0.63271898 0.644974947
vt 0.632719278 0.644966483
vt 0.632719517 0.644968033
vt 0.632719576 0.644967973
vt 0.632716179 0.644974411
vt 0.632716119 0.64497453
vt 0.632716 0.644974649
vt 0.632716954 0.644968033
vt 0.632717073 0.644968033
vt 0.632717133 0.644966543
vt 0.632717252 0.644966483
vt 0.632717133 0.644966364
vt 0.632717133 0.644965291
vt 0.632717133 0.644964993
vt 0.632717252 0.64496249
vt 0.632717133 0.644963801
vt 0.632717133 0.644962907
vt 0.632717073 0.644962549
vt 0.632717133 0.644962192
vt 0.632717133 0.644960701
vt 0.632717192 0.644960463
vt 0.632717133 0.644960463
vt 0.632717133 0.644958794
vt 0.632717192 0.644958496
vt 0.632717133 0.644958496
vt 0.144443527 0.730898499
vt 0.144443348 0.730895996
vt 0.144443348 0.730898499
vt 0.144443527 0.730895996
vt 0.144443542 0.730901718
vt 0.144443378 0.730904222
vt 0.144443542 0.730904222
vt 0.144443378 0.730901718
vt 0.14444001 0.730900764
vt 0.144439414 0.730899334
vt 0.144439474 0.730900764
vt 0.144440055 0.730899334
vt 0.144441828 0.73089838
vt 0.144441426 0.730898201
vt 0.144441828 0.730898619
vt 0.144441366 0.730898023
vt 0.144441366 0.730896771
vt 0.144441828 0.730896473
vt 0.144441426 0.730896592
vt 0.144441843 0.730896175
vt 0.144441903 0.73089844
vt 0.144441903 0.730896354
vt 0.144441977 0.730898499
vt 0.144441903 0.730898738
vt 0.144441977 0.730898798
vt 0.144441977 0.730896294
vt 0.144441903 0.730896115
vt 0.144441977 0.730895996
vt 0.632719398 0.644960463
vt 0.632717192 0.644958496
vt 0.632719278 0.644960463
vt 0.632719159 0.64496249
vt 0.632719278 0.644966483
vt 0.632719159 0.644966483
vt 0.632719517 0.644968033
vt 0.144437641 0.730913997
vt 0.144437492 0.730914652
vt 0.144437641 0.730914652
vt 0.144437492 0.730913579
vt 0.144437641 0.730913579
vt 0.144442201 0.730898798
vt 0.144441977 0.730898499
vt 0.144441977 0.730898798
vt 0.144442201 0.730898499
vt 0.144435048 0.73089993
vt 0.144441977 0.730896294
vt 0.144442022 0.730904639
vt 0.144441262 0.73090452
vt 0.144441262 0.730904758
vt 0.144442022 0.730905354
vt 0.144442022 0.730906069
vt 0.144442156 0.730906785
vt 0.144442022 0.730906785
vt 0.144442201 0.730895996
vt 0.144441977 0.730895996
vt 0.144442007 0.730907023
vt 0.144441262 0.730906904
vt 0.144441262 0.730906665
vt 0.144443631 0.730898976
vt 0.144440144 0.730908275
vt 0.144439995 0.730908275
vt 0.144440144 0.730908871
vt 0.144439995 0.730908871
vt 0.144443631 0.73090601
vt 0.144443527 0.730898917
vt 0.144443542 0.730900645
vt 0.144443631 0.730900645
vt 0.144443542 0.730904341
vt 0.144443512 0.73090601
vt 0.144443631 0.730904281
vt 0.14444302 0.730907559
vt 0.144442886 0.730907142
vt 0.144442886 0.730906606
vt 0.14444302 0.730906129
vt 0.14444302 0.730913103
vt 0.144442871 0.730914176
vt 0.14444302 0.730914414
vt 0.144442871 0.730913341
vt 0.144443348 0.73090148
vt 0.144442931 0.730898917
vt 0.144442931 0.73090148
vt 0.144443348 0.730898917
vt 0.415723145 0.693707287
vt 0.415723652 0.693708777
vt 0.415723652 0.693707228
vt 0.415722966 0.693708718
vt 0.14444001 0.730900764
vt 0.144439593 0.730907619
vt 0.144439891 0.730907619
vt 0.144439474 0.730900764
vt 0.415724456 0.693708479
vt 0.415723681 0.693706453
vt 0.415723681 0.69370836
vt 0.415724456 0.693706334
vt 0.632812381 0.644525051
vt 0.632812381 0.644525051
vt 0.632812381 0.644525051
vt 0.632812381 0.644525051
vt 0.415726721 0.693702996
vt 0.415727228 0.693701446
vt 0.415726513 0.693701506
vt 0.415727228 0.693702996
vt 0.415727377 0.693701446
vt 0.415726513 0.693699777
vt 0.415726513 0.693701267
vt 0.415727377 0.693699598
vt 0.41572696 0.693697274
vt 0.415727407 0.693698943
vt 0.415727407 0.693697214
vt 0.415726721 0.693699002
vt 0.415722519 0.693708956
vt 0.415722966 0.693707287
vt 0.415722281 0.693707228
vt 0.415722966 0.693709016
vt 0.144441783 0.730907857
vt 0.144442141 0.730910599
vt 0.144441262 0.730910301
vt 0.144442141 0.730907738
vt 0.144443482 0.7309075
vt 0.144443378 0.730906963
vt 0.144443378 0.730907738
vt 0.144434735 0.730912864
vt 0.144434825 0.730912864
vt 0.144437939 0.730914533
vt 0.144437939 0.730914533
vt 0.144438043 0.730914533
vt 0.144437939 0.730913877
vt 0.144438043 0.730913699
vt 0.144441903 0.73089844
vt 0.144442886 0.730896711
vt 0.144441828 0.73089838
vt 0.144439325 0.730914593
vt 0.144439176 0.73091346
vt 0.144439176 0.730914593
vt 0.144439325 0.73091346
vt 0.144441828 0.730896473
vt 0.144436613 0.730909586
vt 0.144441843 0.730896175
vt 0.144440144 0.730910659
vt 0.144439995 0.730910897
vt 0.144440144 0.730909765
vt 0.144439995 0.730909526
vt 0.144440144 0.730909526
vt 0.144441828 0.73089838
vt 0.144441828 0.730898619
vt 0.144442916 0.730909467
vt 0.144442871 0.730909646
vt 0.144442916 0.730908334
vt 0.144442871 0.730908155
vt 0.144442007 0.730913341
vt 0.144443214 0.730909765
vt 0.144443214 0.730909944
vt 0.144443214 0.730907798
vt 0.144442007 0.730914474
vt 0.144442007 0.730914295
vt 0.144443214 0.730908036
vt 0.144441858 0.730914474
vt 0.144442007 0.730913341
vt 0.144441858 0.730913162
vt 0.144436702 0.730909705
vt 0.144441903 0.730896354
vt 0.144441903 0.730896115
vt 0.144442007 0.730914295
vt 0.144442141 0.730914295
vt 0.144442141 0.730913162
vt 0.144442007 0.730913162
vt 0.144434869 0.730898738
vt 0.144441903 0.73089844
vt 0.14443472 0.730900407
vt 0.632812381 0.644525051
vt 0.632812381 0.644525051
vt 0.632812381 0.644525051
vt 0.632812381 0.644525051
vt 0.632812381 0.644525051
vt 0.632812381 0.644525051
vt 0.632812381 0.644525051
vt 0.632812381 0.644525051
vt 0.632812381 0.644525051
vt 0.632812381 0.644525051
vt 0.632812381 0.644525051
vt 0.632812381 0.644525051
vt 0.632812381 0.644525051
vt 0.632812381 0.644525051
vt 0.632812381 0.644525051
vt 0.632812381 0.644525051
vt 0.683910966 0.268943191
vt 0.683910966 0.268943131
vt 0.683910966 0.268943131
vt 0.683910966 0.268943369
vt 0.683910966 0.26894331
vt 0.683911085 0.26894331
vt 0.683911085 0.268943191
vt 0.683910966 0.268943369
vt 0.683910966 0.268945336
vt 0.683910847 0.268945694
vt 0.683910966 0.268945515
vt 0.683910847 0.268945217
vt 0.683910728 0.268945217
vt 0.683910668 0.268945515
vt 0.683910728 0.268945694
vt 0.683910668 0.268945336
vt 0.144443259 0.730904341
vt 0.144443259 0.730906904
vt 0.144443378 0.730904281
vt 0.144443378 0.730907142
vt 0.144443259 0.730907142
vt 0.14444305 0.730907142
vt 0.14444305 0.730906963
vt 0.144443616 0.730910003
vt 0.144443557 0.730907977
vt 0.144443557 0.730910003
vt 0.144443616 0.730907738
vt 0.144443557 0.730907738
vt 0.144443303 0.730907917
vt 0.144443303 0.730907798
vt 0.144442201 0.73089844
vt 0.144442484 0.730898917
vt 0.14444223 0.730898857
vt 0.144442424 0.730898201
vt 0.144442543 0.730898142
vt 0.144442543 0.730898917
vt 0.394382358 0.219748646
vt 0.394382477 0.219748646
vt 0.394382358 0.219747752
vt 0.394382477 0.219747692
vt 0.394384384 0.219748348
vt 0.394384205 0.219748348
vt 0.394384205 0.219749242
vt 0.394384205 0.219748348
vt 0.394384056 0.219748348
vt 0.394384056 0.219749242
vt 0.394381762 0.219748646
vt 0.39438194 0.219748646
vt 0.39438194 0.219747692
vt 0.394383073 0.219749063
vt 0.394383192 0.219749063
vt 0.394383192 0.219748169
vt 0.394383192 0.219749063
vt 0.394383371 0.219749063
vt 0.394383371 0.219748169
vt 0.39438206 0.219748646
vt 0.394382179 0.219748646
vt 0.394382179 0.219747752
vt 0.394382358 0.219748646
vt 0.394382179 0.219748646
vt 0.394210726 0.219064713
vt 0.394210815 0.219064236
vt 0.394210726 0.219064415
vt 0.394210935 0.219064891
vt 0.394210815 0.219064891
vt 0.394211054 0.219064415
vt 0.394210935 0.219064236
vt 0.394211054 0.219064713
vt 0.394383937 0.219749004
vt 0.394384056 0.219749004
vt 0.394383937 0.21974811
vt 0.394384056 0.21974811
vt 0.394383073 0.219748348
vt 0.394382894 0.219748348
vt 0.394382894 0.219749302
vt 0.394382894 0.219748348
vt 0.394382775 0.219748348
vt 0.394382775 0.219749302
vt 0.39437896 0.219748348
vt 0.394379139 0.219748348
vt 0.394379139 0.219747454
vt 0.394381136 0.219748408
vt 0.394381016 0.219748408
vt 0.394381016 0.219749302
vt 0.394381016 0.219748408
vt 0.394380838 0.219748408
vt 0.394380838 0.219749302
vt 0.394383639 0.219749004
vt 0.394383788 0.21974811
vt 0.394383788 0.219749004
vt 0.394383937 0.219749004
vt 0.394383788 0.219749004
vt 0.394211054 0.219064713
vt 0.394211113 0.219064236
vt 0.394211054 0.219064415
vt 0.394211233 0.219064891
vt 0.394211113 0.219064891
vt 0.394211352 0.219064415
vt 0.394211233 0.219064236
vt 0.394211352 0.219064713
vt 0.632723451 0.64496398
vt 0.632723451 0.644963741
vt 0.632723451 0.644963741
vt 0.632723451 0.64496398
vt 0.632723451 0.644964159
vt 0.63272357 0.64496398
vt 0.63272357 0.644963741
vt 0.632723689 0.644963741
vt 0.63272357 0.644964159
vt 0.632720113 0.644967973
vt 0.632723689 0.64496398
vt 0.632723689 0.644964159
vt 0.632719576 0.644967973
vt 0.632719278 0.644966483
vt 0.632720351 0.644966483
vt 0.632720292 0.644960463
vt 0.632719398 0.644960463
vt 0.632720172 0.644958496
vt 0.632719457 0.644958496
vt 0.632723808 0.644964159
vt 0.632723808 0.64496398
vt 0.632723808 0.644963741
vt 0.632723808 0.64496398
vt 0.632723808 0.644963741
vt 0.415724486 0.693700135
vt 0.415725589 0.693700135
vt 0.415724486 0.693699718
vt 0.415725231 0.693697214
vt 0.415725589 0.693697214
vt 0.415724874 0.693697214
vt 0.415724486 0.693697214
vt 0.415722251 0.69370997
vt 0.415722102 0.693709254
vt 0.415722251 0.693707764
vt 0.415722102 0.693708479
vt 0.415724486 0.693700552
vt 0.415725589 0.693700135
vt 0.415724486 0.693700135
vt 0.415725231 0.693703055
vt 0.415725589 0.693703055
vt 0.415724874 0.693703055
vt 0.415724486 0.693703055
vt 0.144443527 0.730897069
vt 0.144443661 0.730897069
vt 0.144443527 0.730896413
vt 0.144443661 0.730895996
vt 0.144443527 0.730895996
vt 0.144443661 0.730906487
vt 0.144443512 0.730907142
vt 0.144443661 0.730907142
vt 0.144443512 0.73090601
vt 0.144443661 0.73090601
vt 0.144438893 0.730914176
vt 0.144438744 0.730914593
vt 0.144438893 0.730914593
vt 0.144438744 0.73091346
vt 0.144438893 0.73091346
vt 0.63272053 0.644966483
vt 0.632720351 0.644966483
vt 0.632720172 0.644968033
vt 0.63272053 0.64496249
vt 0.632720292 0.644960463
vt 0.632720411 0.644960463
vt 0.63271904 0.644974947
vt 0.14444229 0.730901241
vt 0.14444226 0.730900884
vt 0.14444226 0.730901241
vt 0.144442394 0.730901241
vt 0.14444229 0.730900764
vt 0.144442499 0.730901241
vt 0.144442603 0.730900764
vt 0.144442633 0.730900884
vt 0.144442603 0.730901241
vt 0.144442633 0.730901241
vt 0.144442871 0.730898917
vt 0.144442871 0.730898142
vt 0.144442827 0.730898917
vt 0.144442767 0.730898201
vt 0.144442543 0.73089844
vt 0.144442573 0.730898857
vt 0.14444305 0.730912685
vt 0.144442961 0.730912805
vt 0.14444305 0.730912805
vt 0.144442722 0.730912805
vt 0.144442141 0.730912685
vt 0.144442484 0.730912805
vt 0.144442245 0.730912805
vt 0.144442141 0.730912805
vt 0.14444305 0.730912507
vt 0.144442141 0.730912507
vt 0.144442961 0.73091203
vt 0.14444305 0.73091203
vt 0.144442245 0.73091203
vt 0.144442856 0.730911314
vt 0.144442141 0.73091203
vt 0.144442916 0.730911136
vt 0.14444235 0.730911314
vt 0.144442275 0.730911136
vt 0.144439176 0.730913877
vt 0.144439042 0.730914593
vt 0.144439176 0.730914593
vt 0.144439042 0.73091346
vt 0.144439176 0.73091346
vt 0.144443661 0.730897784
vt 0.144443527 0.730898201
vt 0.144443661 0.730898201
vt 0.144443527 0.730897069
vt 0.144443661 0.730897069
vt 0.632724226 0.644975305
vt 0.632724166 0.644975305
vt 0.632724226 0.644975424
vt 0.632724166 0.644975603
vt 0.632723927 0.644975305
vt 0.632723451 0.644975603
vt 0.632723689 0.644975305
vt 0.632723451 0.644975305
vt 0.632723331 0.644975424
vt 0.632723331 0.644975305
vt 0.415719926 0.693709254
vt 0.415719926 0.693708718
vt 0.415719509 0.693709254
vt 0.415719926 0.693708241
vt 0.415719509 0.693707764
vt 0.415719926 0.693707764
vt 0.415726602 0.693694234
vt 0.415727258 0.69369483
vt 0.415727258 0.693694234
vt 0.415727258 0.693695486
vt 0.415726602 0.693696082
vt 0.415727258 0.693696082
vt 0.415726542 0.693691313
vt 0.415727228 0.693692029
vt 0.415727228 0.693691313
vt 0.415727228 0.693692744
vt 0.415726542 0.693693459
vt 0.415727228 0.693693459
vt 0.415718615 0.693707764
vt 0.415719092 0.69370836
vt 0.415719092 0.693707764
vt 0.415718615 0.693709612
vt 0.415719092 0.693709016
vt 0.415719092 0.693709612
vt 0.144443065 0.730910063
vt 0.144443065 0.730911076
vt 0.144443199 0.730910063
vt 0.144443199 0.730911076
vt 0.144434825 0.730913877
vt 0.144443512 0.73090601
vt 0.144443631 0.73090601
vt 0.144434825 0.730912864
vt 0.144443527 0.730898917
vt 0.144434825 0.730912626
vt 0.144435167 0.730912447
vt 0.144434825 0.730912626
vt 0.144435167 0.730912626
vt 0.144434825 0.730912864
vt 0.144434735 0.730912864
vt 0.144434825 0.730913877
vt 0.144434735 0.730913877
vt 0.144434825 0.730914116
vt 0.144435167 0.730914116
vt 0.144435167 0.730914295
vt 0.144439414 0.730896652
vt 0.144440055 0.730896652
vt 0.144443482 0.730910063
vt 0.144443482 0.730910838
vt 0.144443601 0.730910242
vt 0.144443601 0.730911016
vt 0.144434825 0.730913877
vt 0.144438043 0.730913877
vt 0.144438043 0.730913877
vt 0.144438148 0.730913877
vt 0.144438043 0.730914533
vt 0.144442976 0.730897725
vt 0.144440144 0.730910659
vt 0.144441903 0.730896354
vt 0.144441828 0.730896473
vt 0.144443348 0.730895996
vt 0.144442976 0.730896354
vt 0.144443348 0.730896235
vt 0.144442976 0.730896592
vt 0.144442886 0.730896711
vt 0.144442976 0.730897725
vt 0.144442886 0.730897665
vt 0.144442976 0.730898023
vt 0.144443348 0.730898082
vt 0.144443348 0.730898321
vt 0.683911204 0.268943131
vt 0.683911204 0.268943191
vt 0.683911085 0.268945754
vt 0.683911204 0.268945336
vt 0.683911204 0.268945694
vt 0.683911264 0.268945396
vt 0.683911145 0.268945575
vt 0.683911085 0.268945575
vt 0.683911145 0.268945396
vt 0.683911085 0.268945336
vt 0.683911085 0.268943131
vt 0.683911204 0.268943131
vt 0.683911204 0.268945575
vt 0.683911264 0.268945575
vt 0.683911264 0.268945694
vt 0.683911204 0.268945754
vt 0.415727735 0.693708837
vt 0.415727884 0.693707347
vt 0.415727735 0.69370687
vt 0.415724486 0.693697214
vt 0.41572547 0.693697214
vt 0.415725708 0.693697214
vt 0.415724933 0.693696022
vt 0.41572547 0.693696022
vt 0.415724933 0.693695784
vt 0.415725291 0.693696022
vt 0.415724486 0.693694234
vt 0.415725291 0.693695784
vt 0.415724933 0.693694651
vt 0.41572547 0.693695784
vt 0.415725708 0.693694234
vt 0.415725291 0.693694234
vt 0.415725291 0.693694651
vt 0.41572547 0.693694651
vt 0.41572547 0.693694234
vt 0.415727735 0.693700492
vt 0.415727854 0.693700075
vt 0.415727735 0.693699598
vt 0.415727854 0.693702042
vt 0.415724695 0.693694234
vt 0.415724486 0.693694234
vt 0.415725231 0.693693101
vt 0.415724695 0.693693101
vt 0.415725708 0.69369173
vt 0.415724486 0.69369173
vt 0.415725231 0.693692803
vt 0.415724933 0.693693101
vt 0.415724933 0.693692803
vt 0.415724695 0.693692803
vt 0.415724695 0.69369173
vt 0.415725231 0.69369173
vt 0.415725708 0.693691313
vt 0.415724486 0.693691313
vt 0.415724933 0.69369173
vt 0.683910251 0.268949091
vt 0.683910131 0.268949032
vt 0.683910251 0.268949211
vt 0.68391037 0.268949211
vt 0.683910251 0.268948972
vt 0.68391037 0.268949091
vt 0.683910251 0.268948853
vt 0.683910489 0.268949032
vt 0.683910131 0.268948793
vt 0.68391037 0.268948972
vt 0.683910251 0.268948793
vt 0.683910489 0.268948793
vt 0.683910251 0.268948615
vt 0.68391037 0.268948853
vt 0.68391037 0.268948793
vt 0.68391037 0.268948615
vt 0.68390888 0.26895535
vt 0.683909535 0.268953264
vt 0.68390888 0.268955946
vt 0.683910966 0.268945813
vt 0.683909535 0.268952608
vt 0.683908939 0.26895535
vt 0.683909535 0.268953264
vt 0.683906853 0.268955231
vt 0.683906794 0.268955886
vt 0.683906794 0.268955231
vt 0.683906794 0.268955886
vt 0.683911085 0.268945217
vt 0.683910966 0.268945217
vt 0.683910966 0.268945813
vt 0.683910966 0.268945813
vt 0.683910966 0.268945217
vt 0.683906555 0.268955231
vt 0.683911443 0.268951595
vt 0.683906555 0.268956125
vt 0.683906674 0.268955231
vt 0.683911443 0.268952489
vt 0.683906794 0.268955231
vt 0.683911562 0.268951595
vt 0.683906674 0.268956125
vt 0.683911562 0.268952489
vt 0.683906674 0.268955231
vt 0.683911562 0.268951595
vt 0.683906674 0.268956125
vt 0.683911562 0.268952489
vt 0.683909535 0.268951714
vt 0.683909535 0.268951714
vt 0.683909535 0.268952608
vn -0.701676 0.672443 0.235524
vn -0.894297 0.445856 0.038022
vn -0.821641 0.569111 0.031904
vn 0.501766 0.848056 0.170386
vn 0.765116 0.643153 0.030857
vn 0.765524 0.590862 0.254666
vn -0.637710 -0.767500 -0.065345
vn -0.919102 -0.378100 -0.110867
vn -0.750542 -0.656491 -0.075539
vn -0.765437 0.590824 0.255017
vn -0.765285 0.642882 0.032262
vn -0.590573 0.781897 0.199652
vn 0.821320 0.569657 0.030400
vn 0.894117 0.446353 0.036384
vn 0.701680 0.672664 0.234881
vn 0.750548 -0.656495 -0.075445
vn 0.919114 -0.378104 -0.110752
vn 0.637744 -0.767478 -0.065274
vn 0.771039 0.636788 0.000000
vn 0.771039 0.636788 0.000000
vn 0.771039 0.636788 0.000000
vn 0.771039 0.636788 0.000000
vn 0.636788 0.771039 0.000000
vn 0.636788 0.771039 0.000000
vn 0.636788 0.771039 0.000000
vn 0.636788 0.771039 0.000000
vn -0.636788 -0.771039 -0.000000
vn -0.636788 -0.771039 -0.000000
vn -0.636788 -0.771039 -0.000000
vn -0.636788 -0.771039 -0.000000
vn 0.000000 -1.000000 -0.000000
vn 0.000000 -1.000000 -0.000000
vn 0.000000 -1.000000 -0.000000
vn 0.000000 -1.000000 -0.000000
vn 0.000000 -0.000000 1.000000
vn 0.000000 -0.000000 1.000000
vn 0.000000 -0.000000 1.000000
vn 0.000000 -0.000000 1.000000
vn -0.636788 0.771039 0.000000
vn -0.636788 0.771039 0.000000
vn -0.636788 0.771039 0.000000
vn -0.636788 0.771039 0.000000
vn 0.636788 -0.771039 -0.000000
vn 0.636788 -0.771039 -0.000000
vn 0.636788 -0.771039 -0.000000
vn 0.636788 -0.771039 -0.000000
vn 0.000000 1.000000 0.000000
vn 0.000000 1.000000 0.000000
vn 0.000000 1.000000 0.000000
vn 0.000000 1.000000 0.000000
vn 1.000000 0.000000 -0.000000
vn 1.000000 0.000000 -0.000000
vn 1.000000 0.000000 -0.000000
vn 1.000000 0.000000 -0.000000
vn -1.000000 0.000000 -0.000000
vn -1.000000 0.000000 -0.000000
vn -1.000000 0.000000 -0.000000
vn -1.000000 0.000000 -0.000000
vn -1.000000 0.000000 -0.000000
vn -1.000000 0.000000 -0.000000
vn -1.000000 0.000000 -0.000000
vn -1.000000 0.000000 -0.000000
vn 1.000000 0.000000 -0.000000
vn 1.000000 0.000000 -0.000000
vn 1.000000 0.000000 -0.000000
vn 1.000000 0.000000 -0.000000
vn 0.000000 1.000000 0.000000
vn 0.000000 1.000000 0.000000
vn 0.000000 1.000000 0.000000
vn 0.000000 1.000000 0.000000
vn 0.000000 0.000000 -1.000000
vn 0.000000 0.000000 -1.000000
vn 0.000000 0.000000 -1.000000
vn 0.000000 0.000000 -1.000000
vn 0.000000 1.000000 0.000000
vn 0.000000 1.000000 0.000000
vn 0.000000 1.000000 0.000000
vn 0.000000 1.000000 0.000000
vn 0.994929 -0.002786 -0.100540
vn 0.994929 -0.002786 -0.100540
vn 0.994929 -0.002787 -0.100540
vn 0.994929 -0.002786 -0.100540
vn 0.124755 0.986356 0.107412
vn 0.124755 0.986356 0.107412
vn 0.126024 0.984325 0.123379
vn 0.123455 0.988130 0.091418
vn 0.094275 -0.974799 -0.202185
vn 0.094275 -0.974799 -0.202185
vn 0.097514 -0.968870 -0.227556
vn 0.090972 -0.980056 -0.176675
vn 0.076588 -0.969743 -0.231802
vn 0.076588 -0.969743 -0.231802
vn 0.094805 -0.966375 -0.239023
vn 0.058342 -0.972729 -0.224489
vn 0.209464 -0.287602 0.934564
vn 0.224171 -0.502696 0.834892
vn 0.224171 -0.502696 0.834892
vn 0.212558 -0.300970 0.929643
vn 0.186061 -0.091467 0.978271
vn 0.194251 -0.160152 0.967790
vn 0.205964 -0.220982 0.953282
vn -0.528131 -0.078911 -0.845488
vn -0.519332 -0.122078 -0.845808
vn -0.519332 -0.122078 -0.845808
vn -0.542863 0.014356 -0.839698
vn -0.541434 0.013825 -0.840630
vn -0.550714 0.085866 -0.830265
vn -0.558699 0.151571 -0.815402
vn -0.994929 -0.002791 -0.100541
vn -0.994929 -0.002791 -0.100541
vn -0.994929 -0.002791 -0.100541
vn -0.994929 -0.002792 -0.100541
vn -0.094270 -0.974800 -0.202185
vn -0.094270 -0.974800 -0.202185
vn -0.097509 -0.968871 -0.227556
vn -0.090967 -0.980057 -0.176675
vn -0.076583 -0.969744 -0.231802
vn -0.076583 -0.969744 -0.231802
vn -0.094800 -0.966375 -0.239023
vn -0.058336 -0.972729 -0.224489
vn 0.000000 -1.000000 -0.000000
vn 0.000000 -1.000000 -0.000000
vn 0.000000 -1.000000 -0.000000
vn 0.000000 -1.000000 -0.000000
vn 0.298389 -0.000000 0.954444
vn 0.298389 -0.000000 0.954444
vn 0.298389 -0.000000 0.954444
vn 0.298389 -0.000000 0.954444
vn 0.000000 1.000000 0.000000
vn 0.000000 1.000000 0.000000
vn 0.000000 1.000000 0.000000
vn 0.000000 1.000000 0.000000
vn -0.572739 0.000000 -0.819738
vn -0.572739 0.000000 -0.819738
vn -0.572739 0.000000 -0.819738
vn -0.572739 0.000000 -0.819738
vn -0.999971 0.000000 -0.007617
vn -0.999971 0.000000 -0.007617
vn -0.999971 0.000000 -0.007617
vn -0.999971 0.000000 -0.007617
vn 0.000000 1.000000 0.000000
vn 0.000000 1.000000 0.000000
vn 0.000000 1.000000 0.000000
vn 0.000000 1.000000 0.000000
vn -0.298389 -0.000000 0.954444
vn -0.298389 -0.000000 0.954444
vn -0.298389 -0.000000 0.954444
vn -0.298389 -0.000000 0.954444
vn 0.000000 -1.000000 -0.000000
vn 0.000000 -1.000000 -0.000000
vn 0.000000 -1.000000 -0.000000
vn 0.000000 -1.000000 -0.000000
vn 0.572739 0.000000 -0.819738
vn 0.572739 0.000000 -0.819738
vn 0.572739 0.000000 -0.819738
vn 0.572739 0.000000 -0.819738
vn 0.999971 0.000000 -0.007617
vn 0.999971 0.000000 -0.007617
vn 0.999971 0.000000 -0.007616
vn 0.999971 0.000000 -0.007617
vn -0.999877 0.015353 0.003254
vn -0.999877 0.015353 0.003254
vn -0.999874 0.015905 -0.000121
vn -0.999869 0.014801 0.006629
vn 0.000000 -0.442635 0.896702
vn 0.000000 -0.442635 0.896702
vn 0.000000 -0.442635 0.896702
vn 0.000000 -0.442635 0.896702
vn 0.999877 0.015353 0.003254
vn 0.999877 0.015353 0.003254
vn 0.999869 0.014801 0.006629
vn 0.999874 0.015905 -0.000121
vn 0.000000 0.572739 -0.819737
vn 0.000000 0.572739 -0.819737
vn 0.000000 0.572739 -0.819737
vn 0.000000 0.572739 -0.819737
vn 0.000000 0.999971 -0.007617
vn 0.000000 0.999971 -0.007617
vn 0.000000 0.999971 -0.007617
vn 0.000000 0.999971 -0.007617
vn 0.913543 -0.168520 -0.370190
vn 0.805943 0.333833 -0.488888
vn 0.953332 0.170260 -0.249340
vn 0.754398 -0.441916 -0.485380
vn 0.526810 -0.765134 -0.370190
vn 0.840197 -0.449375 -0.303533
vn 0.220958 -0.845922 -0.485380
vn 0.807988 0.485228 -0.334229
vn 0.573288 0.763955 -0.296164
vn 0.220958 0.845922 -0.485380
vn -0.272652 -0.875344 -0.399291
vn 0.276353 -0.911865 -0.303533
vn -0.333833 -0.805943 -0.488888
vn 0.343538 0.860004 -0.377326
vn -0.228226 0.914442 -0.334229
vn -0.333833 0.805943 -0.488888
vn -0.485229 -0.807987 -0.334230
vn -0.754398 -0.441916 -0.485380
vn -0.851032 -0.365196 -0.377326
vn -0.805943 0.333832 -0.488888
vn -0.426168 0.811756 -0.399291
vn -0.794499 0.553715 -0.249340
vn -0.945574 -0.134822 -0.296165
vn -0.914442 0.228225 -0.334230
vn 0.875344 -0.272652 -0.399291
vn 0.805943 0.333833 -0.488888
vn 0.953332 0.170260 -0.249340
vn 0.805943 -0.333833 -0.488888
vn 0.807988 0.485228 -0.334229
vn 0.573288 0.763955 -0.296164
vn 0.220958 0.845922 -0.485380
vn 0.343538 0.860004 -0.377326
vn -0.228226 0.914442 -0.334229
vn -0.333833 0.805943 -0.488888
vn 0.807988 -0.485228 -0.334229
vn 0.441916 -0.754398 -0.485380
vn 0.365197 -0.851032 -0.377326
vn 0.134822 -0.945574 -0.296165
vn -0.220958 -0.845922 -0.485380
vn -0.343538 -0.860004 -0.377326
vn -0.526811 -0.765134 -0.370190
vn -0.754398 -0.441916 -0.485380
vn -0.840196 -0.449375 -0.303533
vn -0.805943 0.333832 -0.488888
vn -0.426168 0.811756 -0.399291
vn -0.794499 0.553715 -0.249340
vn -0.945574 -0.134822 -0.296164
vn -0.914442 0.228225 -0.334230
vn -0.771039 0.636788 0.000000
vn -0.771039 0.636788 0.000000
vn -0.771039 0.636788 0.000000
vn -0.771039 0.636788 0.000000
vn -0.771039 -0.636788 -0.000000
vn -0.771039 -0.636788 -0.000000
vn -0.771039 -0.636788 -0.000000
vn -0.771039 -0.636788 -0.000000
vn -0.762720 0.629304 0.149111
vn -0.587566 0.750758 0.301875
vn -0.326031 0.866065 0.378992
vn -0.831034 0.457629 0.316161
vn -0.533445 0.845835 0.000000
vn -0.435034 0.886904 0.155389
vn -0.577885 0.816118 0.000000
vn -0.797542 0.603263 0.001001
vn -0.974532 0.224246 0.000442
vn -0.897186 0.425600 -0.117994
vn -0.223776 0.974640 0.000000
vn -0.978055 0.113139 0.174953
vn -0.923774 0.306124 0.230066
vn -0.836708 0.513458 -0.190476
vn -0.788355 0.559995 -0.254756
vn -0.779973 0.599797 -0.178567
vn -0.809470 0.577586 -0.105604
vn -0.818325 0.560093 -0.128997
vn -0.798644 0.578737 -0.165017
vn -0.944852 0.281483 -0.167399
vn -0.810253 0.520335 -0.269707
vn -0.995192 0.097941 0.000000
vn -0.939947 0.253382 -0.228684
vn -0.851043 0.436133 -0.292427
vn -0.886956 0.390296 -0.246938
vn -0.904383 0.372658 -0.207890
vn -0.971961 0.165759 -0.166779
vn -0.976660 0.148180 -0.155495
vn -0.992424 0.012721 -0.122202
vn -0.993883 0.023243 -0.107963
vn -0.992405 0.005910 -0.122876
vn -0.992120 0.000000 -0.125291
vn -0.991821 0.010708 -0.127186
vn -0.991991 0.006393 -0.126143
vn -0.991990 0.006635 -0.126143
vn -0.991801 0.010259 -0.127381
vn -0.997104 0.004073 -0.075939
vn -0.999484 0.002527 -0.032024
vn -1.000000 0.000000 -0.000000
vn -1.000000 0.000000 -0.000000
vn -1.000000 0.000000 -0.000000
vn -1.000000 0.000000 -0.000000
vn -1.000000 0.000000 -0.000000
vn -1.000000 0.000000 -0.000000
vn -1.000000 0.000000 -0.000000
vn -1.000000 0.000000 -0.000000
vn -1.000000 0.000000 -0.000000
vn -1.000000 0.000000 -0.000000
vn -1.000000 0.000000 -0.000000
vn -1.000000 0.000000 -0.000000
vn -0.973419 -0.000000 0.229033
vn -1.000000 0.000000 -0.000000
vn -0.973427 -0.000077 0.228999
vn -0.967681 -0.004746 0.252134
vn -0.956625 0.000025 0.291322
vn -0.941175 0.209954 0.264780
vn -0.998853 -0.012514 0.046225
vn -0.973453 0.087596 0.211462
vn -0.957011 0.287365 0.039383
vn 0.498231 0.795787 0.344221
vn 0.762743 0.629268 0.149150
vn 0.433680 0.838676 0.329462
vn 0.831096 0.457704 0.315891
vn 0.327273 0.937668 0.116922
vn 0.626238 0.779632 0.000000
vn 0.490386 0.871505 0.000000
vn 0.797557 0.603243 0.001043
vn 0.338062 0.941124 0.000000
vn 0.974545 0.224193 0.000460
vn 0.897230 0.425532 -0.117901
vn 0.978052 0.113142 0.174967
vn 0.923903 0.306365 0.229226
vn 0.836782 0.513363 -0.190406
vn 0.788433 0.559930 -0.254661
vn 0.780024 0.599779 -0.178405
vn 0.809449 0.577646 -0.105440
vn 0.818634 0.559889 -0.127915
vn 0.798789 0.578637 -0.164666
vn 0.945027 0.281340 -0.166649
vn 0.810723 0.520168 -0.268615
vn 0.995195 0.097909 0.000000
vn 0.939979 0.253374 -0.228561
vn 0.851098 0.436101 -0.292316
vn 0.887002 0.390255 -0.246836
vn 0.904422 0.372618 -0.207789
vn 0.971983 0.165748 -0.166662
vn 0.976681 0.148164 -0.155373
vn 0.992439 0.012719 -0.122080
vn 0.993896 0.023229 -0.107845
vn 0.992420 0.005904 -0.122754
vn 0.992136 0.000000 -0.125167
vn 0.991837 0.010713 -0.127063
vn 0.992007 0.006398 -0.126019
vn 0.992006 0.006639 -0.126019
vn 0.991817 0.010266 -0.127257
vn 0.997110 0.004076 -0.075863
vn 0.999485 0.002529 -0.031992
vn 1.000000 0.000000 -0.000000
vn 1.000000 0.000000 -0.000000
vn 1.000000 0.000000 -0.000000
vn 1.000000 0.000000 -0.000000
vn 1.000000 0.000000 -0.000000
vn 1.000000 0.000000 -0.000000
vn 1.000000 0.000000 -0.000000
vn 1.000000 0.000000 -0.000000
vn 1.000000 0.000000 -0.000000
vn 1.000000 0.000000 -0.000000
vn 1.000000 0.000000 -0.000000
vn 1.000000 0.000000 -0.000000
vn 0.973419 -0.000000 0.229031
vn 1.000000 0.000000 -0.000000
vn 0.983109 -0.000017 0.183020
vn 0.959917 -0.003902 0.280257
vn 0.961590 -0.000099 0.274491
vn 0.956841 0.000077 0.290613
vn 0.941316 0.210219 0.264067
vn 0.998948 -0.011971 0.044278
vn 0.973619 0.087905 0.210566
vn 0.956844 0.288156 0.037639
vn 0.000000 -0.000000 1.000000
vn 0.000000 -0.000000 1.000000
vn 0.000000 -0.000000 1.000000
vn 0.000000 -0.000000 1.000000
vn 0.170543 0.976668 0.130518
vn -0.338064 0.941123 0.000000
vn -0.171645 0.949436 0.262885
vn 0.447549 0.894260 0.000000
vn 0.000000 -0.000000 1.000000
vn 0.000000 -0.000000 1.000000
vn 0.000000 -0.000000 1.000000
vn 0.000000 -0.000000 1.000000
vn 0.000000 -0.000000 1.000000
vn 0.000000 -0.000000 1.000000
vn 0.000284 0.000039 1.000000
vn 0.000284 0.000039 1.000000
vn 0.000342 0.000228 1.000000
vn 0.000226 -0.000151 1.000000
vn 0.771039 -0.636788 -0.000000
vn 0.771039 -0.636788 -0.000000
vn 0.771039 -0.636788 -0.000000
vn 0.771039 -0.636788 -0.000000
vn 0.000000 0.285374 0.958416
vn 0.000000 -0.000000 1.000000
vn 0.000000 0.227895 0.973686
vn 0.000000 -0.000000 1.000000
vn 0.000000 0.341843 0.939757
vn 0.000000 0.285374 0.958416
vn 0.000000 -0.000000 1.000000
vn 0.000000 -0.000000 1.000000
vn 0.000000 -0.000000 1.000000
vn 0.000000 -0.000000 1.000000
vn -0.000038 0.000794 -1.000000
vn 0.000000 0.000695 -1.000000
vn 0.000000 0.000696 -1.000000
vn -0.000038 0.000946 -0.999999
vn -0.000057 0.001072 -0.999999
vn 0.000000 0.001152 -0.999999
vn 0.000000 -0.000000 1.000000
vn 0.000000 0.285374 0.958416
vn 0.000000 -0.000000 1.000000
vn 0.000000 0.423395 0.905945
vn 0.000000 0.341843 0.939757
vn 0.000000 0.285374 0.958416
vn 0.000000 0.227895 0.973686
vn 0.000000 0.285374 0.958416
vn 0.000000 -1.000000 -0.000000
vn 0.000000 -1.000000 -0.000000
vn 0.000000 -1.000000 -0.000000
vn 0.000000 -1.000000 -0.000000
vn 0.011585 0.999933 0.000000
vn 0.011585 0.999933 0.000000
vn 0.011585 0.999933 0.000000
vn 0.011585 0.999933 0.000000
vn 0.011585 0.999933 0.000000
vn 0.011585 0.999933 0.000000
vn 0.011585 0.999933 0.000000
vn 0.011585 0.999933 0.000000
vn 0.000000 -1.000000 -0.000000
vn 0.000000 -1.000000 -0.000000
vn 0.000000 -1.000000 -0.000000
vn 0.000000 -1.000000 -0.000000
vn -0.011585 0.999933 0.000000
vn -0.011585 0.999933 0.000000
vn -0.011585 0.999933 0.000000
vn -0.011585 0.999933 0.000000
vn 0.000000 -1.000000 -0.000000
vn 0.000000 -1.000000 -0.000000
vn 0.000000 -1.000000 -0.000000
vn 0.000000 -1.000000 -0.000000
vn -0.011585 0.999933 0.000000
vn -0.011585 0.999933 0.000000
vn -0.011585 0.999933 0.000000
vn -0.011585 0.999933 0.000000
vn 0.000000 -1.000000 -0.000000
vn 0.000000 -1.000000 -0.000000
vn 0.000000 -1.000000 -0.000000
vn 0.000000 -1.000000 -0.000000
vn -0.879083 -0.336684 0.337427
vn -0.606060 -0.762683 0.225848
vn -0.794350 -0.516203 0.320223
vn -0.844763 -0.497184 0.197950
vn -0.981044 -0.167094 0.098142
vn -0.967681 -0.004746 0.252134
vn -0.998853 -0.012514 0.046225
vn -0.915245 -0.259763 0.307978
vn -0.973419 -0.000000 0.229033
vn -0.995877 -0.000000 0.090713
vn -1.000000 0.000000 -0.000000
vn -1.000000 0.000000 -0.000000
vn -1.000000 0.000000 -0.000000
vn -0.998552 0.000000 -0.053799
vn -1.000000 0.000000 -0.000000
vn -1.000000 0.000000 -0.000000
vn -0.997104 0.004073 -0.075939
vn -0.991990 0.006635 -0.126143
vn -0.991991 0.006393 -0.126143
vn -0.992120 0.000065 -0.125289
vn -0.991821 0.010708 -0.127186
vn -0.992424 0.012721 -0.122202
vn -0.965917 -0.231812 -0.115186
vn -0.992120 0.000000 -0.125291
vn 0.606092 -0.762657 0.225849
vn 0.879381 -0.336661 0.336672
vn 0.794559 -0.516339 0.319483
vn 0.845287 -0.496958 0.196270
vn 0.981353 -0.166470 0.096092
vn 0.998948 -0.011971 0.044278
vn 0.959917 -0.003902 0.280257
vn 0.915555 -0.259714 0.307095
vn 0.973419 -0.000000 0.229031
vn 0.995877 -0.000000 0.090713
vn 1.000000 0.000000 -0.000000
vn 1.000000 0.000000 -0.000000
vn 1.000000 0.000000 -0.000000
vn 0.998555 0.000000 -0.053745
vn 1.000000 0.000000 -0.000000
vn 1.000000 0.000000 -0.000000
vn 0.997110 0.004076 -0.075863
vn 0.992006 0.006639 -0.126019
vn 0.992007 0.006398 -0.126019
vn 0.992136 0.000063 -0.125165
vn 0.991837 0.010713 -0.127063
vn 0.992439 0.012719 -0.122080
vn 0.965931 -0.231815 -0.115065
vn 0.992136 0.000000 -0.125167
vn 0.741717 0.670713 0.000000
vn 0.831358 0.555737 0.000000
vn 0.831360 0.555735 0.000000
vn 0.690573 0.723263 0.000000
vn -0.831357 0.555738 0.000000
vn -0.741721 0.670709 0.000000
vn -0.831357 0.555739 0.000000
vn -0.690576 0.723260 0.000000
vn 0.218424 0.917609 0.332092
vn -0.152430 0.914906 0.373781
vn -0.328189 0.871161 0.365199
vn 0.153866 0.956853 0.246492
vn 0.075973 0.351770 -0.932998
vn 0.190263 0.391929 -0.900106
vn 0.044477 0.372854 -0.926824
vn 0.168535 0.370572 -0.913385
vn -0.112150 0.357170 -0.927282
vn -0.075780 0.348626 -0.934193
vn -0.189698 0.391602 -0.900368
vn -0.043424 0.372261 -0.927112
vn 0.005058 0.313655 -0.949523
vn -0.005042 0.313652 -0.949525
vn 0.005058 0.320097 -0.947371
vn 0.010116 0.327897 -0.944659
vn 0.000000 0.337955 -0.941162
vn -0.006724 0.322696 -0.946479
vn -0.010085 0.327891 -0.944662
vn 0.000000 0.337955 -0.941162
vn 0.385391 -0.921910 -0.039446
vn 0.709021 -0.700657 -0.079808
vn 0.664875 -0.742230 -0.083876
vn 0.570071 -0.820923 -0.033226
vn 0.314862 -0.930787 0.185734
vn 0.574077 -0.785450 0.231308
vn 0.759571 -0.563584 0.324694
vn -0.002493 0.000401 -0.999997
vn -0.002199 0.000412 -0.999997
vn -0.001627 0.000650 -0.999998
vn -0.002926 0.000277 -0.999996
vn -0.003081 0.000380 -0.999995
vn -0.000065 0.973928 -0.226856
vn 0.000000 0.977009 -0.213199
vn 0.000000 0.977115 -0.212711
vn -0.000124 0.970850 -0.239686
vn -0.000128 0.963294 -0.268448
vn -0.000050 0.975980 -0.217860
vn -0.000153 0.961299 -0.275508
vn -0.000206 0.954980 -0.296670
vn -0.000221 0.954980 -0.296671
vn -0.000200 0.967149 -0.254208
vn -0.000198 0.967144 -0.254228
vn -0.000271 0.970112 -0.242658
vn -0.000362 0.961284 -0.275559
vn -0.000065 0.972892 -0.231258
vn 0.000000 0.975544 -0.219804
vn -0.000407 0.963237 -0.268653
vn -0.000206 0.954967 -0.296712
vn -0.000221 0.954967 -0.296711
vn -0.000209 0.918237 -0.396032
vn -0.000224 0.954977 -0.296680
vn -0.000226 0.954974 -0.296689
vn -0.000225 0.954971 -0.296698
vn -0.000228 0.954972 -0.296697
vn -0.000210 0.918224 -0.396062
vn -0.000173 0.871192 -0.490942
vn -0.000192 0.871192 -0.490942
vn -0.000246 0.918239 -0.396026
vn -0.000192 0.871174 -0.490975
vn -0.000173 0.871174 -0.490975
vn -0.000247 0.918221 -0.396068
vn -0.000283 0.954978 -0.296677
vn -0.000280 0.954981 -0.296665
vn -0.000283 0.954972 -0.296694
vn -0.000285 0.954968 -0.296708
vn -0.000615 0.000084 -1.000000
vn -0.000615 0.000084 -1.000000
vn -0.000489 -0.000327 -1.000000
vn -0.000740 0.000495 -1.000000
vn 0.000000 1.000000 0.000000
vn 0.000000 1.000000 0.000000
vn 0.000000 1.000000 0.000000
vn 0.000000 1.000000 0.000000
vn 0.938934 -0.312844 0.143288
vn 0.995273 0.003145 0.097067
vn 0.995413 0.000836 0.095673
vn 0.995126 0.005455 0.098461
vn 0.151826 0.963587 0.220112
vn -0.000126 0.999978 0.006563
vn -0.000254 0.999979 0.006548
vn -0.257272 0.946928 0.192714
vn -0.000207 0.999858 -0.016875
vn -0.000207 0.999858 -0.016875
vn -0.000222 0.999857 -0.016894
vn -0.000191 0.999858 -0.016855
vn 0.000000 0.000000 -1.000000
vn 0.000000 0.000000 -1.000000
vn 0.000000 0.000000 -1.000000
vn 0.000000 0.000000 -1.000000
vn -0.939020 -0.312787 0.142848
vn -0.995285 0.003153 0.096945
vn -0.995138 0.005457 0.098335
vn -0.995424 0.000848 0.095553
vn -0.000254 0.999858 -0.016876
vn -0.000254 0.999858 -0.016876
vn -0.000280 0.999857 -0.016900
vn -0.000228 0.999858 -0.016851
vn 0.970180 -0.191642 0.148408
vn 0.995170 -0.004741 0.098053
vn 0.995354 -0.009259 0.095838
vn 0.902126 -0.352817 0.248372
vn -0.970204 -0.191612 0.148289
vn -0.995182 -0.004724 0.097928
vn -0.898945 -0.360051 0.249523
vn -0.995366 -0.009231 0.095718
vn -0.124760 0.986356 0.107413
vn -0.124760 0.986356 0.107413
vn -0.126029 0.984324 0.123379
vn -0.123460 0.988130 0.091418
vn -0.970204 -0.191612 0.148289
vn -0.908266 -0.371216 0.193006
vn -0.905243 -0.371404 0.206383
vn -0.882479 -0.397046 0.252162
vn -0.898945 -0.360051 0.249523
vn -0.829693 -0.458802 0.317978
vn -0.826617 -0.503836 0.250706
vn -0.939020 -0.312787 0.142848
vn -0.846563 -0.516187 0.129928
vn -0.796456 -0.581779 0.164898
vn -0.790477 -0.521552 0.321137
vn -0.790477 -0.521552 0.321137
vn -0.851054 -0.379105 0.363300
vn 0.000000 -0.000000 1.000000
vn 0.000000 -0.000000 1.000000
vn 0.000000 -0.000000 1.000000
vn 0.000000 -0.000000 1.000000
vn -0.003635 0.998707 -0.050701
vn -0.002536 0.997709 -0.067603
vn -0.006916 0.998652 -0.051442
vn -0.000341 0.996445 -0.084243
vn 0.004238 0.892142 -0.451735
vn -0.000342 0.995936 -0.090061
vn -0.007461 0.892999 -0.449997
vn -0.000835 0.997465 -0.071154
vn -0.001085 0.998427 -0.056057
vn -0.001815 0.998435 -0.055894
vn -0.005791 0.653139 -0.757216
vn -0.010585 0.625672 -0.780014
vn 0.006013 0.647938 -0.761669
vn 0.007486 0.624486 -0.781000
vn -0.008505 0.853225 -0.521474
vn -0.018962 0.853340 -0.521010
vn -0.009165 0.977732 -0.209659
vn 0.002921 0.853702 -0.520754
vn 0.009711 0.853734 -0.520619
vn 0.004259 0.978192 -0.207658
vn -0.000411 0.967518 -0.252801
vn -0.000399 0.954969 -0.296705
vn -0.000411 0.964317 -0.264749
vn -0.000401 0.954982 -0.296663
vn 0.008360 -0.999398 0.033669
vn 0.008360 -0.999398 0.033669
vn 0.000884 -0.999479 0.032268
vn 0.005526 -0.999817 0.018305
vn 0.000377 -0.999950 0.009945
vn 0.000371 -0.999951 0.009922
vn -0.001384 -0.999794 0.020241
vn -0.001788 -0.999538 0.030326
vn -0.001788 -0.999538 0.030326
vn -0.000443 -0.999548 0.030072
vn 0.000000 0.235928 0.971770
vn 0.000000 0.235928 0.971770
vn 0.000000 0.235928 0.971770
vn 0.000000 0.235928 0.971770
vn 0.000000 0.235928 0.971770
vn 0.000000 0.235928 0.971770
vn 0.000000 0.235928 0.971770
vn 0.000000 0.235928 0.971770
vn 0.000000 -0.235928 -0.971770
vn 0.000000 -0.235928 -0.971770
vn 0.000000 -0.235929 -0.971770
vn 0.000000 -0.235929 -0.971770
vn 0.000000 -0.235929 -0.971770
vn 0.000000 -0.235928 -0.971770
vn 0.000000 -0.235930 -0.971770
vn 0.000000 -0.235930 -0.971770
vn 1.000000 0.000000 -0.000000
vn 1.000000 0.000000 -0.000000
vn 1.000000 0.000000 -0.000000
vn 1.000000 0.000000 -0.000000
vn 1.000000 0.000000 -0.000000
vn 1.000000 0.000000 -0.000000
vn 1.000000 0.000000 -0.000000
vn 1.000000 0.000000 -0.000000
vn 0.000000 1.000000 0.000000
vn 0.000000 1.000000 0.000000
vn 0.000000 1.000000 0.000000
vn 0.000000 1.000000 0.000000
vn 0.000000 1.000000 0.000000
vn 0.000000 1.000000 0.000000
vn 0.000000 1.000000 0.000000
vn 0.000000 1.000000 0.000000
vn -0.205964 -0.220985 0.953281
vn -0.209464 -0.287603 0.934564
vn -0.194251 -0.160154 0.967790
vn -0.186062 -0.091467 0.978271
vn -0.212558 -0.300970 0.929643
vn -0.224169 -0.502697 0.834891
vn -0.224168 -0.502697 0.834892
vn 0.550714 0.085870 -0.830265
vn 0.542863 0.014359 -0.839698
vn 0.558699 0.151574 -0.815402
vn 0.541434 0.013828 -0.840629
vn 0.528133 -0.078908 -0.845488
vn 0.519333 -0.122075 -0.845808
vn 0.519333 -0.122075 -0.845808
vn -0.983435 -0.181231 -0.003413
vn -0.984669 -0.174425 -0.001707
vn -0.983435 -0.181231 -0.003414
vn -0.984669 -0.174425 -0.001707
vn -0.985853 -0.167611 -0.000000
vn -0.985853 -0.167611 -0.000000
vn 0.434566 -0.877330 -0.203580
vn 0.823815 -0.553014 -0.124512
vn 0.505450 -0.862856 -0.000000
vn 0.967538 -0.252725 -0.000000
vn 0.927650 -0.313082 -0.203580
vn 0.973566 0.191485 -0.124512
vn 0.862856 0.505449 0.000000
vn 0.920866 0.368629 -0.126957
vn 0.576589 0.792534 -0.198580
vn 0.252725 0.967538 0.000000
vn 0.390491 0.911811 -0.126957
vn -0.152696 0.968117 -0.198580
vn -0.505450 0.862856 0.000000
vn -0.434566 0.877330 -0.203580
vn -0.823815 0.553014 -0.124512
vn -0.967538 0.252725 0.000000
vn -0.911811 0.390491 -0.126957
vn -0.968117 -0.152696 -0.198580
vn -0.862856 -0.505449 -0.000000
vn -0.920866 -0.368628 -0.126958
vn -0.576590 -0.792534 -0.198580
vn -0.252725 -0.967538 -0.000000
vn 0.191485 -0.973566 -0.124512
vn -0.313082 -0.927650 -0.203580
vn 0.000000 0.000000 -1.000000
vn 0.000000 0.000000 -1.000000
vn 0.000000 0.000000 -1.000000
vn 0.000000 0.000000 -1.000000
vn 0.000000 0.000000 -1.000000
vn 0.000000 0.000000 -1.000000
vn 0.000000 0.000000 -1.000000
vn 0.000000 0.000000 -1.000000
vn 0.368629 -0.920866 -0.126957
vn 0.792534 -0.576589 -0.198580
vn 0.505450 -0.862856 -0.000000
vn 0.967538 -0.252725 -0.000000
vn 0.927650 -0.313082 -0.203580
vn 0.973566 0.191485 -0.124512
vn 0.862856 0.505449 0.000000
vn 0.920866 0.368629 -0.126957
vn 0.576589 0.792534 -0.198580
vn 0.252725 0.967538 0.000000
vn 0.390491 0.911811 -0.126957
vn -0.152696 0.968117 -0.198580
vn -0.505450 0.862856 0.000000
vn -0.434566 0.877330 -0.203580
vn -0.823815 0.553014 -0.124512
vn -0.967538 0.252725 0.000000
vn -0.911811 0.390491 -0.126957
vn -0.951031 -0.259131 -0.168499
vn -0.923880 -0.382684 -0.000000
vn -0.887993 -0.448626 -0.101009
vn -0.382683 -0.923879 -0.000000
vn -0.534687 -0.807074 -0.250483
vn 0.152696 -0.968117 -0.198580
vn -0.259131 -0.951030 -0.168499
vn 0.000000 0.000000 -1.000000
vn 0.000000 0.000000 -1.000000
vn 0.000000 0.000000 -1.000000
vn 0.000000 0.000000 -1.000000
vn 0.000000 0.000000 -1.000000
vn 0.000000 0.000000 -1.000000
vn 0.000000 0.000000 -1.000000
vn 0.000000 0.000000 -1.000000
vn 0.000000 -0.461933 0.886915
vn 0.000000 -0.462319 0.886714
vn 0.000000 -0.462511 0.886613
vn 0.000000 -0.461929 0.886917
vn 0.000000 -0.667556 0.744559
vn 0.000000 -0.461929 0.886917
vn 0.000856 -0.461940 0.886911
vn -0.000390 -0.461781 0.886994
vn 0.000000 -0.761222 0.648491
vn 0.000000 -0.958941 0.283607
vn 0.000000 -0.461926 0.886918
vn 0.000000 -0.706344 0.707868
vn 0.000000 -0.954127 0.299402
vn 0.235876 -0.961372 0.141870
vn -0.331167 -0.932246 0.145757
vn -0.312801 -0.949269 -0.032293
vn 0.312829 -0.949261 -0.032261
vn 0.000000 -1.000000 -0.000000
vn 0.000000 -1.000000 -0.000000
vn 0.000000 -0.617274 0.786748
vn 0.000000 -0.461925 0.886919
vn 0.000000 -0.462173 0.886790
vn 0.000000 -0.461923 0.886920
vn 0.000000 -0.462089 0.886833
vn 0.000000 -1.000000 -0.000000
vn 0.000000 -1.000000 -0.000000
vn 0.000000 -1.000000 -0.000000
vn 0.000000 -1.000000 -0.000000
vn 0.000000 -1.000000 -0.000000
vn 0.000000 -1.000000 -0.000000
vn 0.000000 -1.000000 -0.000000
vn 0.000000 -1.000000 -0.000000
vn 0.000000 -1.000000 -0.000000
vn 0.000000 -1.000000 -0.000000
vn 0.000000 -1.000000 -0.000000
vn 0.000000 1.000000 0.000000
vn 0.000000 1.000000 0.000000
vn 0.000000 1.000000 0.000000
vn 0.000000 1.000000 0.000000
vn 0.000000 1.000000 0.000000
vn 0.000000 1.000000 0.000000
vn 0.000000 1.000000 0.000000
vn 0.001627 0.000650 -0.999998
vn 0.002200 0.000412 -0.999997
vn 0.002494 0.000401 -0.999997
vn 0.002927 0.000276 -0.999996
vn 0.003082 0.000380 -0.999995
vn 0.005981 0.000180 -0.999982
vn 0.006113 0.000185 -0.999981
vn 0.006370 0.000292 -0.999980
vn 0.005787 0.000125 -0.999983
vn 0.005717 0.000171 -0.999984
vn -0.003395 -0.000226 0.999994
vn -0.003151 -0.000156 0.999995
vn -0.003063 -0.000215 0.999995
vn -0.003561 -0.000232 0.999994
vn -0.003884 -0.000366 0.999992
vn -0.574077 -0.785450 0.231308
vn -0.419857 -0.884809 0.202071
vn -0.759197 -0.563619 0.325505
vn -0.570026 -0.820953 -0.033259
vn -0.385367 -0.921918 -0.039488
vn -0.664871 -0.742225 -0.083960
vn -0.709016 -0.700652 -0.079897
vn 0.000000 -0.462319 0.886714
vn 0.001427 -0.462289 0.886728
vn 0.000000 -0.462511 0.886613
vn 0.000856 -0.461940 0.886911
vn 0.001612 -0.461484 0.887147
vn -0.000390 -0.461781 0.886994
vn -0.001562 -0.461031 0.887383
vn -0.001227 -0.461733 0.887018
vn 0.000000 -0.462173 0.886790
vn 0.000000 -0.462089 0.886833
vn 0.985854 -0.167608 -0.000000
vn 0.985854 -0.167608 -0.000000
vn 0.984670 -0.174421 -0.001707
vn 0.984670 -0.174421 -0.001707
vn 0.983436 -0.181225 -0.003413
vn 0.983436 -0.181225 -0.003413
vn 0.000000 0.023812 -0.999716
vn 0.000055 0.000056 -1.000000
vn 0.000000 0.000218 -1.000000
vn 0.000000 -0.000197 -1.000000
vn 0.000000 0.032062 -0.999486
vn 0.000000 -0.000198 -1.000000
vn -0.000055 0.000055 -1.000000
vn 0.000000 0.000215 -1.000000
vn 0.000000 0.221251 -0.975217
vn 0.000016 0.282230 -0.959347
vn 0.000016 0.367508 -0.930020
vn 0.000000 0.410306 -0.911948
vn 0.000021 0.376239 -0.926523
vn 0.000000 0.443920 -0.896066
vn 0.000000 0.410389 -0.911911
vn 0.000000 0.443921 -0.896066
vn 0.000000 0.443925 -0.896064
vn 0.000000 0.443924 -0.896064
vn 0.003395 -0.000226 0.999994
vn 0.003561 -0.000232 0.999994
vn 0.003884 -0.000367 0.999992
vn 0.003151 -0.000156 0.999995
vn 0.003063 -0.000214 0.999995
vn -0.005980 0.000180 -0.999982
vn -0.005785 0.000125 -0.999983
vn -0.005715 0.000171 -0.999984
vn -0.006112 0.000185 -0.999981
vn -0.006369 0.000292 -0.999980
vn 0.000000 0.000218 -1.000000
vn 0.000055 0.000056 -1.000000
vn 0.000137 0.000944 -0.999999
vn 0.000092 0.000240 -1.000000
vn 0.000000 -0.000197 -1.000000
vn -0.000069 0.000240 -1.000000
vn 0.000000 -0.000198 -1.000000
vn -0.000055 0.000055 -1.000000
vn -0.000137 0.000941 -0.999999
vn 0.000000 0.000215 -1.000000
vn -0.000053 -0.332827 0.942988
vn -0.000157 -0.095995 0.995382
vn -0.000190 -0.096033 0.995378
vn -0.000190 -0.096089 0.995373
vn -0.000207 -0.096136 0.995368
vn -0.000054 -0.332874 0.942971
vn 0.000181 0.002173 -0.999998
vn 0.000156 0.002156 -0.999998
vn 0.000156 0.002155 -0.999998
vn 0.000181 0.002198 -0.999998
vn 0.000194 0.002220 -0.999997
vn 0.000157 0.002232 -0.999997
vn 0.000165 -0.055388 -0.998465
vn 0.000145 -0.055409 -0.998464
vn 0.000145 -0.055409 -0.998464
vn 0.000165 -0.055358 -0.998467
vn 0.000175 -0.055332 -0.998468
vn 0.000145 -0.055317 -0.998469
vn -0.000191 0.008759 0.999962
vn -0.000179 0.008798 0.999961
vn -0.000054 -0.418175 0.908367
vn -0.000179 0.008844 0.999961
vn -0.000155 0.008875 0.999961
vn -0.000054 -0.418273 0.908322
vn 0.000414 -0.954965 0.296718
vn 0.000406 -0.954973 0.296692
vn 0.002974 -0.966746 0.255723
vn -0.000193 -0.972243 0.233974
vn 0.004174 -0.985118 0.171828
vn 0.004174 -0.985118 0.171828
vn 0.000256 -0.985224 0.171270
vn -0.000264 -0.985406 0.170218
vn -0.000264 -0.985406 0.170218
vn 0.000256 -0.985419 0.170143
vn 0.000000 -0.443927 0.896063
vn 0.000000 -0.443927 0.896063
vn -0.000053 -0.332827 0.942988
vn 0.000000 -0.443925 0.896064
vn 0.000000 -0.443924 0.896065
vn 0.000000 -0.443922 0.896065
vn 0.000000 -0.443925 0.896064
vn 0.000000 -0.443919 0.896067
vn -0.000054 -0.332874 0.942971
vn 0.000000 -0.443919 0.896067
vn -0.499109 0.866539 0.000000
vn 0.404631 0.914480 0.000000
vn 0.905198 -0.371445 0.206505
vn 0.908226 -0.371257 0.193113
vn 0.970180 -0.191642 0.148408
vn 0.888577 -0.383459 0.251772
vn 0.837621 -0.445464 0.316153
vn 0.902126 -0.352817 0.248372
vn 0.826885 -0.503687 0.250121
vn 0.938934 -0.312844 0.143288
vn 0.846349 -0.516315 0.130810
vn 0.815142 -0.553416 0.171096
vn 0.809755 -0.491224 0.320929
vn 0.809755 -0.491224 0.320929
vn 0.856144 -0.377388 0.352981
vn 0.000000 -0.602270 0.798292
vn 0.000000 -0.602276 0.798288
vn -0.000054 -0.418273 0.908322
vn -0.000038 -0.602060 0.798451
vn -0.000077 -0.601835 0.798620
vn -0.000051 -0.601921 0.798555
vn -0.000078 -0.601833 0.798622
vn 0.000000 -0.602099 0.798421
vn -0.000054 -0.418175 0.908367
vn 0.000000 -0.602105 0.798417
vn -0.897183 0.238655 0.371626
vn -0.897183 0.238655 0.371626
vn -0.897183 0.238655 -0.371625
vn -0.491106 0.236538 0.838370
vn -0.897183 0.238655 -0.371625
vn -0.245553 0.236538 0.940082
vn -0.491106 0.236538 -0.838370
vn -0.245553 0.236538 -0.940081
vn 0.245553 0.236538 -0.940081
vn 0.491106 0.236538 -0.838370
vn 0.838370 0.236538 -0.491106
vn 0.940082 0.236538 -0.245553
vn 0.371626 0.238655 0.897184
vn 0.371626 0.238654 0.897184
vn 0.897183 0.238655 0.371626
vn 0.897183 0.238655 0.371626
vn 1.000000 0.000000 -0.000000
vn 1.000000 0.000000 -0.000000
vn 1.000000 0.000000 -0.000000
vn 1.000000 0.000000 -0.000000
vn 1.000000 0.000000 -0.000000
vn 1.000000 0.000000 -0.000000
vn 1.000000 0.000000 -0.000000
vn 1.000000 0.000000 -0.000000
vn 1.000000 0.000000 -0.000000
vn 1.000000 0.000000 -0.000000
vn 1.000000 0.000000 -0.000000
vn 1.000000 0.000000 -0.000000
vn 1.000000 0.000000 -0.000000
vn 1.000000 0.000000 -0.000000
vn 1.000000 0.000000 -0.000000
vn 1.000000 0.000000 -0.000000
vn 1.000000 0.000000 -0.000000
vn 1.000000 0.000000 -0.000000
vn 1.000000 0.000000 -0.000000
vn -1.000000 0.000000 -0.000000
vn -1.000000 0.000000 -0.000000
vn -1.000000 0.000000 -0.000000
vn -1.000000 0.000000 -0.000000
vn -1.000000 0.000000 -0.000000
vn -1.000000 0.000000 -0.000000
vn -1.000000 0.000000 -0.000000
vn -1.000000 0.000000 -0.000000
vn -1.000000 0.000000 -0.000000
vn -1.000000 0.000000 -0.000000
vn -1.000000 0.000000 -0.000000
vn -1.000000 0.000000 -0.000000
vn -1.000000 0.000000 -0.000000
vn -1.000000 0.000000 -0.000000
vn -1.000000 0.000000 -0.000000
vn -1.000000 0.000000 -0.000000
vn -1.000000 0.000000 -0.000000
vn -1.000000 0.000000 -0.000000
vn -1.000000 0.000000 -0.000000
vn 0.000000 -1.000000 -0.000000
vn 0.000000 -1.000000 -0.000000
vn 0.000000 -1.000000 -0.000000
vn 0.000000 -1.000000 -0.000000
vn 0.000000 -1.000000 -0.000000
vn 0.000000 -1.000000 -0.000000
vn 0.000000 -1.000000 -0.000000
vn 0.000000 -1.000000 -0.000000
vn 0.000000 -1.000000 -0.000000
vn 0.000000 -1.000000 -0.000000
vn 0.000000 -1.000000 -0.000000
vn 0.000000 -1.000000 -0.000000
vn 0.000000 -1.000000 -0.000000
vn 0.000000 -1.000000 -0.000000
vn 0.000000 -1.000000 -0.000000
vn 0.000000 -1.000000 -0.000000
vn 0.000000 0.382682 0.923880
vn 0.000000 0.862856 0.505451
vn 0.000000 0.382683 0.923880
vn 0.000000 -0.382683 0.923880
vn 0.000000 0.967538 0.252726
vn 0.000000 -0.382684 0.923879
vn 0.000000 0.967538 -0.252725
vn 0.000000 0.862856 -0.505450
vn 0.000000 0.505448 -0.862857
vn 0.000000 0.252724 -0.967538
vn 0.000000 -0.252723 -0.967538
vn 0.000000 -0.505448 -0.862857
vn 0.000000 -0.923879 0.382684
vn 0.000000 -0.923879 0.382685
vn 0.000000 -0.923879 -0.382684
vn 0.000000 -0.923879 -0.382684
vn 0.252725 -0.000000 0.967538
vn -0.252725 -0.000000 0.967538
vn 0.505450 -0.000000 0.862856
vn 0.862856 -0.000000 0.505449
vn -0.505449 -0.000000 0.862856
vn 0.967538 -0.000000 0.252725
vn -0.862856 -0.000000 0.505450
vn 0.967538 0.000000 -0.252725
vn -0.967538 -0.000000 0.252725
vn 0.862856 0.000000 -0.505449
vn -0.967538 0.000000 -0.252725
vn 0.505450 0.000000 -0.862856
vn -0.862856 0.000000 -0.505449
vn 0.252725 0.000000 -0.967538
vn -0.505449 0.000000 -0.862856
vn -0.252725 0.000000 -0.967538
f 1/1/1 2/2/2 3/3/3
f 4/4/4 5/5/5 6/6/6
f 7/7/7 8/8/8 9/9/9
f 10/10/10 11/11/11 12/12/12
f 13/13/13 14/14/14 15/15/15
f 16/16/16 17/17/17 18/18/18
f 19/19/19 20/20/20 21/21/21
f 22/22/22 20/20/20 19/19/19
f 23/23/23 24/24/24 25/25/25
f 26/26/26 24/24/24 23/23/23
f 27/27/27 28/28/28 29/29/29
f 30/30/30 28/28/28 27/27/27
f 31/31/31 32/32/32 33/33/33
f 34/34/34 32/32/32 31/31/31
f 35/35/35 36/36/36 37/37/37
f 38/38/38 36/36/36 35/35/35
f 39/39/39 40/40/40 41/41/41
f 42/42/42 40/40/40 39/39/39
f 43/43/43 44/44/44 45/45/45
f 46/46/46 44/44/44 43/43/43
f 47/47/47 48/48/48 49/49/49
f 50/50/50 48/48/48 47/47/47
f 51/51/51 52/52/52 53/53/53
f 54/54/54 52/52/52 51/51/51
f 55/55/55 56/56/56 57/57/57
f 58/58/58 56/56/56 55/55/55
f 59/59/59 60/60/60 61/61/61
f 62/62/62 60/60/60 59/59/59
f 63/63/63 64/64/64 65/65/65
f 66/66/66 64/64/64 63/63/63
f 67/67/67 68/68/68 69/69/69
f 70/70/70 68/68/68 67/67/67
f 71/71/71 72/72/72 73/73/73
f 74/74/74 72/72/72 71/71/71
f 75/75/75 76/76/76 77/77/77
f 78/78/78 76/76/76 75/75/75
f 79/79/79 80/80/80 81/81/81
f 82/82/82 80/80/80 79/79/79
f 83/83/83 84/84/84 85/85/85
f 86/86/86 84/84/84 83/83/83
f 87/87/87 88/88/88 89/89/89
f 90/90/90 88/88/88 87/87/87
f 91/91/91 92/92/92 93/93/93
f 94/94/94 92/92/92 91/91/91
f 95/95/95 96/96/96 97/97/97
f 98/98/98 96/96/96 95/95/95
f 95/95/95 99/99/99 98/98/98
f 99/99/99 95/95/95 100/100/100
f 101/101/101 100/100/100 95/95/95
f 102/102/102 103/103/103 104/104/104
f 105/105/105 103/103/103 102/102/102
f 102/102/102 106/106/106 105/105/105
f 107/107/107 105/105/105 106/106/106
f 108/108/108 105/105/105 107/107/107
f 109/109/109 110/110/110 111/111/111
f 112/112/112 110/110/110 109/109/109
f 113/113/113 114/114/114 115/115/115
f 116/116/116 114/114/114 113/113/113
f 117/117/117 118/118/118 119/119/119
f 120/120/120 118/118/118 117/117/117
f 121/121/121 122/122/122 123/123/123
f 124/124/124 122/122/122 121/121/121
f 125/125/125 126/126/126 127/127/127
f 128/128/128 126/126/126 125/125/125
f 129/129/129 130/130/130 131/131/131
f 132/132/132 130/130/130 129/129/129
f 133/133/133 134/134/134 135/135/135
f 136/136/136 134/134/134 133/133/133
f 137/137/137 138/138/138 139/139/139
f 140/140/140 138/138/138 137/137/137
f 141/141/141 142/142/142 143/143/143
f 144/144/144 142/142/142 141/141/141
f 145/145/145 146/146/146 147/147/147
f 148/148/148 146/146/146 145/145/145
f 149/149/149 150/150/150 151/151/151
f 152/152/152 150/150/150 149/149/149
f 153/153/153 154/154/154 155/155/155
f 156/156/156 154/154/154 153/153/153
f 157/157/157 158/158/158 159/159/159
f 160/160/160 158/158/158 157/157/157
f 161/161/161 162/162/162 163/163/163
f 164/164/164 162/162/162 161/161/161
f 165/165/165 166/166/166 167/167/167
f 168/168/168 166/166/166 165/165/165
f 169/169/169 170/170/170 171/171/171
f 172/172/172 170/170/170 169/169/169
f 173/173/173 174/174/174 175/175/175
f 176/176/176 174/174/174 173/173/173
f 177/177/177 178/178/178 179/179/179
f 180/180/180 178/178/178 177/177/177
f 181/181/181 182/182/182 183/183/183
f 184/184/184 182/182/182 181/181/181
f 185/185/185 184/184/184 186/186/186
f 187/187/187 184/184/184 185/185/185
f 188/188/188 182/182/182 189/189/189
f 189/189/189 182/182/182 190/190/190
f 191/191/191 187/187/187 192/192/192
f 193/193/193 187/187/187 191/191/191
f 194/194/194 190/190/190 195/195/195
f 195/195/195 190/190/190 196/196/196
f 197/197/197 198/198/198 193/193/193
f 199/199/199 198/198/198 197/197/197
f 196/196/196 200/200/200 201/201/201
f 201/201/201 200/200/200 202/202/202
f 203/203/203 200/200/200 198/198/198
f 204/204/204 200/200/200 203/203/203
f 205/205/205 206/206/206 207/207/207
f 208/208/208 206/206/206 205/205/205
f 209/209/209 206/206/206 210/210/210
f 210/210/210 206/206/206 211/211/211
f 212/212/212 211/211/211 213/213/213
f 213/213/213 211/211/211 214/214/214
f 215/215/215 216/216/216 208/208/208
f 217/217/217 216/216/216 215/215/215
f 218/218/218 219/219/219 216/216/216
f 220/220/220 219/219/219 218/218/218
f 221/221/221 222/222/222 219/219/219
f 223/223/223 222/222/222 221/221/221
f 214/214/214 224/224/224 225/225/225
f 225/225/225 224/224/224 226/226/226
f 227/227/227 224/224/224 222/222/222
f 228/228/228 224/224/224 227/227/227
f 229/229/229 230/230/230 231/231/231
f 232/232/232 230/230/230 229/229/229
f 233/233/233 234/234/234 235/235/235
f 236/236/236 234/234/234 233/233/233
f 237/237/237 238/238/238 239/239/239
f 240/240/240 238/238/238 237/237/237
f 241/241/241 237/237/237 242/242/242
f 241/241/241 243/243/243 237/237/237
f 237/237/237 243/243/243 244/244/244
f 237/237/237 244/244/244 245/245/245
f 246/246/246 245/245/245 244/244/244
f 247/247/247 244/244/244 243/243/243
f 237/237/237 245/245/245 248/248/248
f 248/248/248 249/249/249 237/237/237
f 250/250/250 245/245/245 246/246/246
f 246/246/246 251/251/251 250/250/250
f 252/252/252 250/250/250 251/251/251
f 251/251/251 253/253/253 252/252/252
f 252/252/252 253/253/253 254/254/254
f 250/250/250 252/252/252 255/255/255
f 254/254/254 255/255/255 252/252/252
f 255/255/255 254/254/254 256/256/256
f 257/257/257 256/256/256 254/254/254
f 245/245/245 250/250/250 258/258/258
f 259/259/259 256/256/256 257/257/257
f 257/257/257 260/260/260 259/259/259
f 259/259/259 260/260/260 261/261/261
f 262/262/262 261/261/261 260/260/260
f 261/261/261 262/262/262 263/263/263
f 264/264/264 263/263/263 262/262/262
f 264/264/264 265/265/265 263/263/263
f 266/266/266 265/265/265 264/264/264
f 267/267/267 265/265/265 266/266/266
f 265/265/265 267/267/267 268/268/268
f 269/269/269 263/263/263 265/265/265
f 263/263/263 269/269/269 259/259/259
f 270/270/270 259/259/259 269/269/269
f 256/256/256 259/259/259 270/270/270
f 271/271/271 256/256/256 270/270/270
f 256/256/256 271/271/271 272/272/272
f 273/273/273 272/272/272 271/271/271
f 274/274/274 272/272/272 273/273/273
f 273/273/273 275/275/275 274/274/274
f 274/274/274 275/275/275 276/276/276
f 276/276/276 258/258/258 274/274/274
f 277/277/277 276/276/276 275/275/275
f 278/278/278 258/258/258 276/276/276
f 277/277/277 279/279/279 276/276/276
f 258/258/258 278/278/278 245/245/245
f 280/280/280 279/279/279 277/277/277
f 245/245/245 278/278/278 281/281/281
f 282/282/282 279/279/279 280/280/280
f 279/279/279 282/282/282 281/281/281
f 282/282/282 280/280/280 283/283/283
f 282/282/282 283/283/283 284/284/284
f 245/245/245 281/281/281 285/285/285
f 281/281/281 282/282/282 285/285/285
f 282/282/282 284/284/284 286/286/286
f 245/245/245 285/285/285 248/248/248
f 284/284/284 287/287/287 286/286/286
f 248/248/248 285/285/285 288/288/288
f 289/289/289 286/286/286 287/287/287
f 286/286/286 289/289/289 288/288/288
f 289/289/289 248/248/248 288/288/288
f 287/287/287 290/290/290 289/289/289
f 248/248/248 289/289/289 291/291/291
f 291/291/291 289/289/289 290/290/290
f 291/291/291 292/292/292 248/248/248
f 293/293/293 291/291/291 290/290/290
f 291/291/291 293/293/293 294/294/294
f 294/294/294 293/293/293 295/295/295
f 296/296/296 297/297/297 298/298/298
f 299/299/299 297/297/297 296/296/296
f 300/300/300 297/297/297 301/301/301
f 302/302/302 301/301/301 297/297/297
f 303/303/303 302/302/302 297/297/297
f 302/302/302 303/303/303 304/304/304
f 297/297/297 305/305/305 303/303/303
f 303/303/303 305/305/305 306/306/306
f 307/307/307 305/305/305 297/297/297
f 297/297/297 308/308/308 307/307/307
f 309/309/309 306/306/306 305/305/305
f 306/306/306 309/309/309 310/310/310
f 311/311/311 310/310/310 309/309/309
f 311/311/311 312/312/312 310/310/310
f 313/313/313 312/312/312 311/311/311
f 311/311/311 309/309/309 314/314/314
f 311/311/311 314/314/314 313/313/313
f 315/315/315 313/313/313 314/314/314
f 315/315/315 316/316/316 313/313/313
f 317/317/317 309/309/309 305/305/305
f 316/316/316 315/315/315 318/318/318
f 316/316/316 318/318/318 319/319/319
f 319/319/319 318/318/318 320/320/320
f 320/320/320 321/321/321 319/319/319
f 322/322/322 321/321/321 320/320/320
f 321/321/321 322/322/322 323/323/323
f 322/322/322 324/324/324 323/323/323
f 324/324/324 325/325/325 323/323/323
f 325/325/325 324/324/324 326/326/326
f 327/327/327 326/326/326 324/324/324
f 324/324/324 322/322/322 328/328/328
f 328/328/328 322/322/322 318/318/318
f 318/318/318 329/329/329 328/328/328
f 329/329/329 318/318/318 315/315/315
f 315/315/315 330/330/330 329/329/329
f 331/331/331 330/330/330 315/315/315
f 330/330/330 331/331/331 332/332/332
f 332/332/332 331/331/331 333/333/333
f 333/333/333 334/334/334 332/332/332
f 334/334/334 333/333/333 335/335/335
f 334/334/334 335/335/335 336/336/336
f 333/333/333 317/317/317 335/335/335
f 336/336/336 335/335/335 337/337/337
f 338/338/338 335/335/335 317/317/317
f 337/337/337 335/335/335 339/339/339
f 305/305/305 338/338/338 317/317/317
f 339/339/339 340/340/340 337/337/337
f 338/338/338 305/305/305 341/341/341
f 339/339/339 342/342/342 340/340/340
f 342/342/342 339/339/339 341/341/341
f 340/340/340 342/342/342 343/343/343
f 305/305/305 344/344/344 341/341/341
f 342/342/342 341/341/341 344/344/344
f 343/343/343 342/342/342 345/345/345
f 344/344/344 305/305/305 307/307/307
f 346/346/346 343/343/343 345/345/345
f 344/344/344 307/307/307 347/347/347
f 346/346/346 345/345/345 348/348/348
f 345/345/345 347/347/347 348/348/348
f 346/346/346 348/348/348 349/349/349
f 348/348/348 347/347/347 350/350/350
f 347/347/347 307/307/307 350/350/350
f 350/350/350 349/349/349 348/348/348
f 351/351/351 350/350/350 307/307/307
f 351/351/351 349/349/349 350/350/350
f 307/307/307 352/352/352 351/351/351
f 351/351/351 353/353/353 349/349/349
f 353/353/353 351/351/351 354/354/354
f 353/353/353 354/354/354 355/355/355
f 356/356/356 357/357/357 358/358/358
f 359/359/359 357/357/357 356/356/356
f 360/360/360 361/361/361 362/362/362
f 363/363/363 361/361/361 360/360/360
f 364/364/364 365/365/365 366/366/366
f 364/364/364 366/366/366 367/367/367
f 367/367/367 366/366/366 368/368/368
f 367/367/367 368/368/368 369/369/369
f 370/370/370 371/371/371 372/372/372
f 373/373/373 371/371/371 370/370/370
f 374/374/374 375/375/375 376/376/376
f 377/377/377 375/375/375 374/374/374
f 378/378/378 379/379/379 380/380/380
f 379/379/379 381/381/381 380/380/380
f 380/380/380 381/381/381 382/382/382
f 381/381/381 383/383/383 382/382/382
f 384/384/384 385/385/385 386/386/386
f 387/387/387 385/385/385 384/384/384
f 388/388/388 389/389/389 390/390/390
f 389/389/389 388/388/388 391/391/391
f 392/392/392 391/391/391 388/388/388
f 391/391/391 392/392/392 393/393/393
f 394/394/394 395/395/395 396/396/396
f 397/397/397 395/395/395 394/394/394
f 395/395/395 397/397/397 398/398/398
f 395/395/395 398/398/398 399/399/399
f 398/398/398 397/397/397 400/400/400
f 401/401/401 400/400/400 397/397/397
f 402/402/402 403/403/403 404/404/404
f 405/405/405 403/403/403 402/402/402
f 406/406/406 407/407/407 408/408/408
f 409/409/409 407/407/407 406/406/406
f 410/410/410 411/411/411 412/412/412
f 413/413/413 411/411/411 410/410/410
f 414/414/414 415/415/415 416/416/416
f 417/417/417 415/415/415 414/414/414
f 418/418/418 419/419/419 420/420/420
f 421/421/421 419/419/419 418/418/418
f 422/422/422 423/423/423 424/424/424
f 425/425/425 423/423/423 422/422/422
f 426/426/426 427/427/427 428/428/428
f 429/429/429 427/427/427 426/426/426
f 430/430/430 431/431/431 432/432/432
f 433/433/433 431/431/431 430/430/430
f 434/434/434 435/435/435 436/436/436
f 436/436/436 437/437/437 434/434/434
f 434/434/434 437/437/437 438/438/438
f 439/439/439 438/438/438 440/440/440
f 441/441/441 438/438/438 439/439/439
f 442/442/442 441/441/441 439/439/439
f 443/443/443 441/441/441 442/442/442
f 442/442/442 444/444/444 443/443/443
f 445/445/445 443/443/443 444/444/444
f 445/445/445 446/446/446 443/443/443
f 443/443/443 446/446/446 447/447/447
f 448/448/448 447/447/447 446/446/446
f 449/449/449 447/447/447 448/448/448
f 447/447/447 449/449/449 450/450/450
f 450/450/450 451/451/451 447/447/447
f 451/451/451 452/452/452 447/447/447
f 453/453/453 447/447/447 452/452/452
f 454/454/454 453/453/453 452/452/452
f 455/455/455 453/453/453 454/454/454
f 453/453/453 455/455/455 456/456/456
f 456/456/456 455/455/455 457/457/457
f 458/458/458 459/459/459 460/460/460
f 459/459/459 461/461/461 460/460/460
f 462/462/462 461/461/461 459/459/459
f 463/463/463 462/462/462 464/464/464
f 464/464/464 462/462/462 465/465/465
f 465/465/465 466/466/466 464/464/464
f 467/467/467 466/466/466 465/465/465
f 466/466/466 467/467/467 468/468/468
f 468/468/468 467/467/467 469/469/469
f 470/470/470 469/469/469 467/467/467
f 471/471/471 470/470/470 467/467/467
f 470/470/470 471/471/471 472/472/472
f 472/472/472 471/471/471 473/473/473
f 473/473/473 471/471/471 474/474/474
f 471/471/471 475/475/475 474/474/474
f 475/475/475 471/471/471 476/476/476
f 477/477/477 476/476/476 471/471/471
f 476/476/476 477/477/477 478/478/478
f 478/478/478 477/477/477 479/479/479
f 479/479/479 477/477/477 480/480/480
f 481/481/481 479/479/479 480/480/480
f 482/482/482 483/483/483 484/484/484
f 485/485/485 483/483/483 482/482/482
f 486/486/486 487/487/487 488/488/488
f 489/489/489 487/487/487 486/486/486
f 490/490/490 491/491/491 492/492/492
f 493/493/493 491/491/491 490/490/490
f 494/494/494 495/495/495 496/496/496
f 497/497/497 495/495/495 494/494/494
f 494/494/494 498/498/498 497/497/497
f 499/499/499 498/498/498 494/494/494
f 499/499/499 500/500/500 498/498/498
f 501/501/501 500/500/500 499/499/499
f 502/502/502 499/499/499 494/494/494
f 503/503/503 499/499/499 502/502/502
f 504/504/504 503/503/503 502/502/502
f 505/505/505 504/504/504 502/502/502
f 506/506/506 504/504/504 505/505/505
f 507/507/507 503/503/503 504/504/504
f 507/507/507 508/508/508 503/503/503
f 509/509/509 508/508/508 507/507/507
f 510/510/510 511/511/511 512/512/512
f 512/512/512 513/513/513 510/510/510
f 510/510/510 513/513/513 514/514/514
f 515/515/515 514/514/514 513/513/513
f 515/515/515 516/516/516 514/514/514
f 517/517/517 518/518/518 519/519/519
f 518/518/518 517/517/517 520/520/520
f 521/521/521 520/520/520 517/517/517
f 522/522/522 523/523/523 524/524/524
f 525/525/525 523/523/523 522/522/522
f 522/522/522 526/526/526 525/525/525
f 525/525/525 527/527/527 523/523/523
f 525/525/525 526/526/526 528/528/528
f 526/526/526 529/529/529 528/528/528
f 528/528/528 529/529/529 530/530/530
f 531/531/531 525/525/525 528/528/528
f 532/532/532 525/525/525 531/531/531
f 525/525/525 532/532/532 533/533/533
f 533/533/533 527/527/527 525/525/525
f 533/533/533 532/532/532 534/534/534
f 533/533/533 535/535/535 527/527/527
f 527/527/527 535/535/535 536/536/536
f 535/535/535 533/533/533 537/537/537
f 537/537/537 533/533/533 534/534/534
f 537/537/537 534/534/534 538/538/538
f 538/538/538 534/534/534 539/539/539
f 540/540/540 541/541/541 530/530/530
f 542/542/542 541/541/541 540/540/540
f 541/541/541 542/542/542 543/543/543
f 543/543/543 542/542/542 544/544/544
f 539/539/539 543/543/543 545/545/545
f 545/545/545 543/543/543 544/544/544
f 546/546/546 547/547/547 540/540/540
f 540/540/540 547/547/547 548/548/548
f 545/545/545 549/549/549 550/550/550
f 551/551/551 549/549/549 545/545/545
f 552/552/552 553/553/553 548/548/548
f 553/553/553 552/552/552 554/554/554
f 551/551/551 554/554/554 555/555/555
f 554/554/554 552/552/552 555/555/555
f 556/556/556 557/557/557 558/558/558
f 559/559/559 557/557/557 556/556/556
f 560/560/560 561/561/561 562/562/562
f 563/563/563 561/561/561 560/560/560
f 564/564/564 565/565/565 566/566/566
f 567/567/567 565/565/565 564/564/564
f 568/568/568 569/569/569 570/570/570
f 571/571/571 569/569/569 568/568/568
f 572/572/572 573/573/573 574/574/574
f 575/575/575 573/573/573 572/572/572
f 576/576/576 577/577/577 578/578/578
f 579/579/579 577/577/577 576/576/576
f 580/580/580 581/581/581 582/582/582
f 583/583/583 581/581/581 580/580/580
f 584/584/584 585/585/585 586/586/586
f 587/587/587 585/585/585 584/584/584
f 588/588/588 589/589/589 590/590/590
f 591/591/591 589/589/589 588/588/588
f 592/592/592 593/593/593 594/594/594
f 595/595/595 593/593/593 592/592/592
f 596/596/596 597/597/597 598/598/598
f 599/599/599 597/597/597 596/596/596
f 600/600/600 601/601/601 602/602/602
f 603/603/603 601/601/601 600/600/600
f 604/604/604 605/605/605 603/603/603
f 606/606/606 605/605/605 604/604/604
f 604/604/604 607/607/607 606/606/606
f 606/606/606 607/607/607 608/608/608
f 609/609/609 608/608/608 607/607/607
f 609/609/609 610/610/610 611/611/611
f 611/611/611 610/610/610 612/612/612
f 613/613/613 614/614/614 615/615/615
f 616/616/616 614/614/614 613/613/613
f 617/617/617 618/618/618 619/619/619
f 620/620/620 618/618/618 617/617/617
f 618/618/618 620/620/620 621/621/621
f 620/620/620 622/622/622 621/621/621
f 623/623/623 621/621/621 622/622/622
f 623/623/623 622/622/622 624/624/624
f 622/622/622 625/625/625 624/624/624
f 624/624/624 625/625/625 626/626/626
f 623/623/623 627/627/627 621/621/621
f 627/627/627 623/623/623 628/628/628
f 621/621/621 627/627/627 629/629/629
f 630/630/630 621/621/621 629/629/629
f 627/627/627 628/628/628 631/631/631
f 632/632/632 631/631/631 628/628/628
f 632/632/632 633/633/633 631/631/631
f 630/630/630 629/629/629 634/634/634
f 630/630/630 634/634/634 635/635/635
f 635/635/635 634/634/634 636/636/636
f 636/636/636 634/634/634 637/637/637
f 636/636/636 637/637/637 638/638/638
f 631/631/631 633/633/633 639/639/639
f 639/639/639 638/638/638 637/637/637
f 640/640/640 639/639/639 633/633/633
f 640/640/640 638/638/638 639/639/639
f 641/641/641 642/642/642 643/643/643
f 644/644/644 642/642/642 641/641/641
f 645/645/645 646/646/646 644/644/644
f 644/644/644 646/646/646 647/647/647
f 648/648/648 649/649/649 647/647/647
f 650/650/650 649/649/649 648/648/648
f 651/651/651 652/652/652 653/653/653
f 652/652/652 654/654/654 653/653/653
f 654/654/654 652/652/652 655/655/655
f 654/654/654 655/655/655 656/656/656
f 655/655/655 652/652/652 657/657/657
f 655/655/655 657/657/657 658/658/658
f 659/659/659 660/660/660 661/661/661
f 659/659/659 662/662/662 660/660/660
f 662/662/662 659/659/659 663/663/663
f 663/663/663 659/659/659 664/664/664
f 662/662/662 663/663/663 665/665/665
f 662/662/662 665/665/665 666/666/666
f 667/667/667 668/668/668 669/669/669
f 667/667/667 670/670/670 668/668/668
f 670/670/670 667/667/667 671/671/671
f 672/672/672 668/668/668 670/670/670
f 668/668/668 672/672/672 673/673/673
f 672/672/672 670/670/670 674/674/674
f 675/675/675 676/676/676 677/677/677
f 678/678/678 676/676/676 675/675/675
f 679/679/679 676/676/676 678/678/678
f 676/676/676 679/679/679 680/680/680
f 676/676/676 680/680/680 681/681/681
f 680/680/680 679/679/679 682/682/682
f 683/683/683 684/684/684 685/685/685
f 686/686/686 685/685/685 684/684/684
f 686/686/686 684/684/684 687/687/687
f 684/684/684 688/688/688 687/687/687
f 689/689/689 688/688/688 684/684/684
f 690/690/690 691/691/691 692/692/692
f 690/690/690 693/693/693 691/691/691
f 694/694/694 691/691/691 693/693/693
f 694/694/694 695/695/695 691/691/691
f 696/696/696 695/695/695 694/694/694
f 697/697/697 698/698/698 699/699/699
f 697/697/697 700/700/700 698/698/698
f 701/701/701 698/698/698 700/700/700
f 698/698/698 701/701/701 702/702/702
f 703/703/703 704/704/704 705/705/705
f 705/705/705 704/704/704 706/706/706
f 707/707/707 708/708/708 706/706/706
f 706/706/706 708/708/708 709/709/709
f 710/710/710 711/711/711 709/709/709
f 709/709/709 711/711/711 712/712/712
f 713/713/713 714/714/714 712/712/712
f 712/712/712 714/714/714 715/715/715
f 716/716/716 717/717/717 715/715/715
f 715/715/715 717/717/717 718/718/718
f 719/719/719 720/720/720 718/718/718
f 718/718/718 720/720/720 721/721/721
f 722/722/722 723/723/723 721/721/721
f 721/721/721 723/723/723 724/724/724
f 724/724/724 725/725/725 705/705/705
f 726/726/726 725/725/725 724/724/724
f 727/727/727 728/728/728 729/729/729
f 727/727/727 730/730/730 728/728/728
f 730/730/730 727/727/727 731/731/731
f 732/732/732 728/728/728 730/730/730
f 728/728/728 732/732/732 733/733/733
f 732/732/732 730/730/730 734/734/734
f 735/735/735 736/736/736 737/737/737
f 737/737/737 736/736/736 738/738/738
f 739/739/739 740/740/740 738/738/738
f 738/738/738 740/740/740 741/741/741
f 742/742/742 743/743/743 741/741/741
f 741/741/741 743/743/743 744/744/744
f 745/745/745 746/746/746 744/744/744
f 744/744/744 746/746/746 747/747/747
f 748/748/748 749/749/749 747/747/747
f 747/747/747 749/749/749 750/750/750
f 751/751/751 752/752/752 750/750/750
f 750/750/750 752/752/752 753/753/753
f 754/754/754 755/755/755 753/753/753
f 756/756/756 755/755/755 754/754/754
f 755/755/755 757/757/757 737/737/737
f 758/758/758 757/757/757 755/755/755
f 759/759/759 760/760/760 761/761/761
f 759/759/759 762/762/762 760/760/760
f 762/762/762 759/759/759 763/763/763
f 764/764/764 760/760/760 762/762/762
f 760/760/760 764/764/764 765/765/765
f 764/764/764 762/762/762 766/766/766
f 767/767/767 768/768/768 769/769/769
f 770/770/770 768/768/768 767/767/767
f 767/767/767 771/771/771 770/770/770
f 772/772/772 768/768/768 770/770/770
f 768/768/768 772/772/772 773/773/773
f 773/773/773 772/772/772 774/774/774
f 771/771/771 775/775/775 770/770/770
f 770/770/770 775/775/775 772/772/772
f 776/776/776 775/775/775 771/771/771
f 772/772/772 777/777/777 774/774/774
f 775/775/775 778/778/778 772/772/772
f 772/772/772 778/778/778 777/777/777
f 776/776/776 779/779/779 775/775/775
f 775/775/775 779/779/779 778/778/778
f 779/779/779 776/776/776 780/780/780
f 780/780/780 776/776/776 781/781/781
f 782/782/782 780/780/780 781/781/781
f 780/780/780 782/782/782 783/783/783
f 783/783/783 782/782/782 784/784/784
f 785/785/785 783/783/783 784/784/784
f 778/778/778 779/779/779 786/786/786
f 778/778/778 786/786/786 777/777/777
f 787/787/787 774/774/774 777/777/777
f 777/777/777 786/786/786 787/787/787
f 774/774/774 787/787/787 788/788/788
f 786/786/786 789/789/789 787/787/787
f 790/790/790 788/788/788 787/787/787
f 790/790/790 787/787/787 789/789/789
f 791/791/791 792/792/792 793/793/793
f 793/793/793 792/792/792 794/794/794
f 795/795/795 794/794/794 792/792/792
f 796/796/796 793/793/793 794/794/794
f 793/793/793 796/796/796 797/797/797
f 798/798/798 799/799/799 795/795/795
f 798/798/798 800/800/800 799/799/799
f 797/797/797 801/801/801 800/800/800
f 799/799/799 800/800/800 801/801/801
f 802/802/802 803/803/803 804/804/804
f 803/803/803 802/802/802 805/805/805
f 803/803/803 805/805/805 806/806/806
f 805/805/805 802/802/802 807/807/807
f 807/807/807 802/802/802 808/808/808
f 809/809/809 810/810/810 811/811/811
f 812/812/812 811/811/811 810/810/810
f 813/813/813 811/811/811 812/812/812
f 814/814/814 815/815/815 816/816/816
f 814/814/814 817/817/817 815/815/815
f 817/817/817 814/814/814 818/818/818
f 819/819/819 820/820/820 821/821/821
f 819/819/819 822/822/822 820/820/820
f 822/822/822 819/819/819 823/823/823
f 824/824/824 825/825/825 826/826/826
f 827/827/827 825/825/825 824/824/824
f 825/825/825 827/827/827 828/828/828
f 829/829/829 828/828/828 827/827/827
f 829/829/829 830/830/830 828/828/828
f 831/831/831 832/832/832 833/833/833
f 834/834/834 832/832/832 831/831/831
f 832/832/832 834/834/834 835/835/835
f 836/836/836 835/835/835 834/834/834
f 835/835/835 836/836/836 837/837/837
f 837/837/837 836/836/836 838/838/838
f 838/838/838 836/836/836 839/839/839
f 838/838/838 839/839/839 840/840/840
f 841/841/841 842/842/842 843/843/843
f 844/844/844 843/843/843 842/842/842
f 845/845/845 843/843/843 844/844/844
f 846/846/846 843/843/843 845/845/845
f 847/847/847 848/848/848 849/849/849
f 848/848/848 847/847/847 850/850/850
f 850/850/850 847/847/847 851/851/851
f 851/851/851 852/852/852 850/850/850
f 852/852/852 851/851/851 853/853/853
f 854/854/854 853/853/853 851/851/851
f 855/855/855 851/851/851 847/847/847
f 856/856/856 851/851/851 855/855/855
f 855/855/855 857/857/857 856/856/856
f 857/857/857 855/855/855 858/858/858
f 859/859/859 856/856/856 857/857/857
f 858/858/858 860/860/860 857/857/857
f 861/861/861 856/856/856 859/859/859
f 862/862/862 860/860/860 858/858/858
f 863/863/863 861/861/861 859/859/859
f 862/862/862 863/863/863 860/860/860
f 863/863/863 864/864/864 861/861/861
f 863/863/863 862/862/862 864/864/864
f 865/865/865 866/866/866 867/867/867
f 865/865/865 868/868/868 866/866/866
f 868/868/868 865/865/865 869/869/869
f 870/870/870 871/871/871 872/872/872
f 870/870/870 873/873/873 871/871/871
f 873/873/873 870/870/870 874/874/874
f 875/875/875 876/876/876 877/877/877
f 876/876/876 878/878/878 877/877/877
f 879/879/879 878/878/878 876/876/876
f 878/878/878 879/879/879 880/880/880
f 879/879/879 881/881/881 880/880/880
f 882/882/882 880/880/880 881/881/881
f 883/883/883 880/880/880 882/882/882
f 883/883/883 882/882/882 884/884/884
f 885/885/885 886/886/886 887/887/887
f 888/888/888 887/887/887 886/886/886
f 887/887/887 888/888/888 889/889/889
f 889/889/889 888/888/888 890/890/890
f 891/891/891 892/892/892 893/893/893
f 892/892/892 891/891/891 894/894/894
f 894/894/894 891/891/891 895/895/895
f 896/896/896 894/894/894 895/895/895
f 897/897/897 898/898/898 899/899/899
f 898/898/898 897/897/897 900/900/900
f 900/900/900 897/897/897 901/901/901
f 902/902/902 900/900/900 901/901/901
f 903/903/903 904/904/904 905/905/905
f 904/904/904 903/903/903 906/906/906
f 904/904/904 906/906/906 907/907/907
f 908/908/908 907/907/907 906/906/906
f 909/909/909 910/910/910 911/911/911
f 911/911/911 910/910/910 912/912/912
f 913/913/913 914/914/914 911/911/911
f 915/915/915 914/914/914 913/913/913
f 916/916/916 917/917/917 912/912/912
f 918/918/918 917/917/917 916/916/916
f 919/919/919 920/920/920 921/921/921
f 921/921/921 920/920/920 922/922/922
f 923/923/923 924/924/924 922/922/922
f 925/925/925 924/924/924 923/923/923
f 926/926/926 927/927/927 924/924/924
f 928/928/928 927/927/927 926/926/926
f 929/929/929 930/930/930 247/247/247
f 247/247/247 930/930/930 304/304/304
f 931/931/931 932/932/932 933/933/933
f 933/933/933 932/932/932 934/934/934
f 935/935/935 936/936/936 934/934/934
f 937/937/937 936/936/936 935/935/935
f 937/937/937 938/938/938 936/936/936
f 938/938/938 937/937/937 939/939/939
f 938/938/938 939/939/939 940/940/940
f 941/941/941 942/942/942 940/940/940
f 943/943/943 942/942/942 941/941/941
f 944/944/944 945/945/945 946/946/946
f 946/946/946 945/945/945 947/947/947
f 948/948/948 949/949/949 947/947/947
f 950/950/950 949/949/949 948/948/948
f 951/951/951 952/952/952 949/949/949
f 953/953/953 952/952/952 951/951/951
f 954/954/954 955/955/955 956/956/956
f 954/954/954 957/957/957 955/955/955
f 956/956/956 955/955/955 958/958/958
f 955/955/955 957/957/957 959/959/959
f 960/960/960 956/956/956 958/958/958
f 961/961/961 956/956/956 960/960/960
f 962/962/962 961/961/961 960/960/960
f 963/963/963 961/961/961 962/962/962
f 964/964/964 963/963/963 962/962/962
f 965/965/965 963/963/963 964/964/964
f 957/957/957 966/966/966 959/959/959
f 959/959/959 966/966/966 967/967/967
f 968/968/968 965/965/965 964/964/964
f 966/966/966 968/968/968 967/967/967
f 969/969/969 965/965/965 968/968/968
f 969/969/969 968/968/968 966/966/966
f 970/970/970 971/971/971 972/972/972
f 973/973/973 972/972/972 971/971/971
f 970/970/970 974/974/974 971/971/971
f 974/974/974 970/970/970 975/975/975
f 971/971/971 976/976/976 973/973/973
f 975/975/975 977/977/977 974/974/974
f 976/976/976 978/978/978 973/973/973
f 978/978/978 976/976/976 979/979/979
f 973/973/973 978/978/978 980/980/980
f 978/978/978 979/979/979 981/981/981
f 979/979/979 977/977/977 981/981/981
f 980/980/980 978/978/978 982/982/982
f 983/983/983 981/981/981 977/977/977
f 983/983/983 977/977/977 975/975/975
f 983/983/983 975/975/975 984/984/984
f 980/980/980 982/982/982 985/985/985
f 985/985/985 982/982/982 986/986/986
f 983/983/983 984/984/984 987/987/987
f 986/986/986 987/987/987 985/985/985
f 987/987/987 984/984/984 988/988/988
f 985/985/985 987/987/987 988/988/988
f 989/989/989 990/990/990 991/991/991
f 990/990/990 989/989/989 992/992/992
f 993/993/993 992/992/992 989/989/989
f 992/992/992 993/993/993 994/994/994
f 991/991/991 995/995/995 989/989/989
f 996/996/996 994/994/994 993/993/993
f 997/997/997 995/995/995 991/991/991
f 996/996/996 998/998/998 994/994/994
f 999/999/999 995/995/995 997/997/997
f 999/999/999 1000/1000/1000 995/995/995
f 1000/1000/1000 999/999/999 1001/1001/1001
f 1000/1000/1000 1001/1001/1001 996/996/996
f 1002/1002/1002 996/996/996 1001/1001/1001
f 996/996/996 1002/1002/1002 998/998/998
f 998/998/998 1002/1002/1002 1003/1003/1003
f 999/999/999 997/997/997 1004/1004/1004
f 997/997/997 1005/1005/1005 1004/1004/1004
f 1003/1003/1003 1006/1006/1006 998/998/998
f 1005/1005/1005 1006/1006/1006 1004/1004/1004
f 1007/1007/1007 1006/1006/1006 1003/1003/1003
f 1006/1006/1006 1007/1007/1007 1004/1004/1004
f 1008/1008/1008 1009/1009/1009 1010/1010/1010
f 1010/1010/1010 1011/1011/1011 1008/1008/1008
f 1012/1012/1012 1009/1009/1009 1008/1008/1008
f 1008/1008/1008 1011/1011/1011 1013/1013/1013
f 1014/1014/1014 1009/1009/1009 1012/1012/1012
f 1011/1011/1011 1015/1015/1015 1013/1013/1013
f 1016/1016/1016 1009/1009/1009 1014/1014/1014
f 1013/1013/1013 1015/1015/1015 1017/1017/1017
f 1018/1018/1018 1016/1016/1016 1014/1014/1014
f 1015/1015/1015 1019/1019/1019 1017/1017/1017
f 1020/1020/1020 1016/1016/1016 1018/1018/1018
f 1017/1017/1017 1019/1019/1019 1021/1021/1021
f 1022/1022/1022 1020/1020/1020 1018/1018/1018
f 1019/1019/1019 1023/1023/1023 1021/1021/1021
f 1021/1021/1021 1023/1023/1023 1022/1022/1022
f 1023/1023/1023 1020/1020/1020 1022/1022/1022
f 1024/1024/1024 1025/1025/1025 1026/1026/1026
f 1026/1026/1026 1027/1027/1027 1024/1024/1024
f 1028/1028/1028 1025/1025/1025 1024/1024/1024
f 1024/1024/1024 1027/1027/1027 1029/1029/1029
f 1028/1028/1028 1030/1030/1030 1025/1025/1025
f 1031/1031/1031 1030/1030/1030 1028/1028/1028
f 1031/1031/1031 1032/1032/1032 1030/1030/1030
f 1033/1033/1033 1032/1032/1032 1031/1031/1031
f 1033/1033/1033 1034/1034/1034 1032/1032/1032
f 1035/1035/1035 1034/1034/1034 1033/1033/1033
f 1029/1029/1029 1027/1027/1027 1036/1036/1036
f 1036/1036/1036 1027/1027/1027 1037/1037/1037
f 1035/1035/1035 1038/1038/1038 1034/1034/1034
f 1037/1037/1037 1038/1038/1038 1036/1036/1036
f 1039/1039/1039 1038/1038/1038 1035/1035/1035
f 1036/1036/1036 1038/1038/1038 1039/1039/1039
f 1040/1040/1040 1041/1041/1041 1042/1042/1042
f 1040/1040/1040 1042/1042/1042 1043/1043/1043
f 1044/1044/1044 1041/1041/1041 1040/1040/1040
f 1043/1043/1043 1042/1042/1042 1045/1045/1045
f 1044/1044/1044 1046/1046/1046 1041/1041/1041
f 1043/1043/1043 1045/1045/1045 1047/1047/1047
f 1048/1048/1048 1046/1046/1046 1044/1044/1044
f 1047/1047/1047 1045/1045/1045 1049/1049/1049
f 1048/1048/1048 1050/1050/1050 1046/1046/1046
f 1047/1047/1047 1049/1049/1049 1051/1051/1051
f 1052/1052/1052 1050/1050/1050 1048/1048/1048
f 1051/1051/1051 1049/1049/1049 1053/1053/1053
f 1052/1052/1052 1054/1054/1054 1050/1050/1050
f 1051/1051/1051 1053/1053/1053 1055/1055/1055
f 1055/1055/1055 1054/1054/1054 1052/1052/1052
f 1055/1055/1055 1053/1053/1053 1054/1054/1054
