2	Work Jeans	Pants	Common	2	2	Denim construction pants.	67a6ec52e4b24ffd89f75ceee0eb5179
3	Orange Hoodie	Shirt	Common	3	2	Chilly weather hoodie.	67c76cdf16024bf68b6e5d14d4c617ab
4	Eaglefire	Gun	Rare	4	2	American assault rifle chambered in Military ammunition.	b03d581a5c1a490f995f8deba57b0f17
5	Eaglefire Iron Sights	Sight	Common	1	1	Rail mounted iron sights.	ec62d401a5a94d87a04564cc5705c026
6	Military Magazine	Magazine	Rare	2	1	Low caliber military grade magazine. Designed to fit 30 rounds.	dbfb1d0d11ca438e9dffb95f76e61274
7	Military Suppressor	Barrel	Epic	2	1	Military grade suppressor. Makes gunshots much quieter.	df490ac8004a421aa0f513bdb11b8b54
8	Vertical Grip	Grip	Rare	1	2	Military grade vertical grip. Reduces vertical recoil.	031b5742d7514db0966cdc21b853a7a6
9	Red Daypack	Backpack	Common	2	2	Medium sized synthetic backpack.	e9b11d5b1fad40878777ab4a1df96320
10	Police Vest	Vest	Rare	2	2	Bullet resistant law enforcement gear.	fe9c024b96504144952c055aea57c5fc
11	Red Bandana	Mask	Common	1	1	Tablecloth for your neck.	1f82743e1e6c4c0c8c22af021136045b
13	Canned Beans	Food	Common	1	1	Very tactically packed for maximum taste.	78fefdd23def4ab6ac8301adfcc3b2d4
14	Bottled Water	Water	Common	1	1	Overpriced tap water.	f81d68ebb2a8490dbe1545d432b9c099
15	Medkit	Medical	Legendary	2	2	A box of hospital medical equipment suited for healing a wide variety of injuries.	52870b441a0248f985543a9ebc31f61e
16	Camp Axe	Melee	Common	2	3	Simple logging axe.	3bba8c2b013646fb964932c31060b60a
17	Military Drum	Magazine	Epic	2	2	Low caliber military grade drum. Designed to fit 100 rounds.	87247d4bb3c548a1b34424bafa11e74a
18	Timberwolf	Gun	Legendary	5	2	Canadian sniper rifle chambered in Timberwolf ammunition.	8550c31ea94c4bc5a7d30078c40012c0
19	Timberwolf Iron Sights	Sight	Common	1	1	Rail mounted iron sights.	99a5b54099cb4b2dbd1c24246526f85e
20	Timberwolf Magazine	Magazine	Legendary	1	1	High caliber military grade <color=legendary>Timberwolf</color> magazine. Designed to fit 6 rounds.	c8f1dd17cb5243278cc5d724192756b1
21	8x Scope	Sight	Rare	2	1	Rail mounted 8x zoom scope.	98f79d346731401ca9bb33746479d728
22	Cross Scope	Sight	Uncommon	2	1	Rail mounted optic with electronic aiming cross.	afd4eedf8d09478db63733cd1d9d83a7
23	Gold Tuxedo Bottom	Pants	Common	2	2	Premium tuxedo woven from the finest fabrics.  When equipped this applies the cosmetic <color=#d2bf22>Gold Tuxedo Bottom</color> to your character in-game.	f60c57dc2ca24d119dbc033fb653a9ff
24	Gold Tuxedo Top	Shirt	Common	3	2	Premium tuxedo woven from the finest fabrics.  When equipped this applies the cosmetic <color=#d2bf22>Gold Tuxedo Top</color> to your character in-game.	6c986e904d9d4514b5d59dc9e156e02b
25	Gold Bowtie	Mask	Common	1	1	Premium bowtie imported from another dimension.  When equipped this applies the cosmetic <color=#d2bf22>Gold Bowtie</color> to your character in-game.	2c123126d8fa45fc8cf1958af4d97167
26	Gold Monocle	Glasses	Common	1	1	Premium monocle for British eye embelishment.  When equipped this applies the cosmetic <color=#d2bf22>Gold Monocle</color> to your character in-game.	53ccea77bc244fef8ff1473ea7136e12
27	Tophat	Hat	Common	2	2	British head embellishment.	ada195ec008f43ae90ebd34086412e8f
28	Portable Gas Can	Fuel	Uncommon	2	2	Sizeable can of gasoline.	d5b9f19e2f2a4ee2ab4dc666f32f7df3
29	Maple Fortification	Barricade	Uncommon	1	2	Maple planks ideal for fortifying windows.	d70ddd7d092249babe7805352e6df1a7
30	Maple Barricade	Barricade	Uncommon	1	2	Maple shield ideal for barricading open spaces.	7b72e383fa044a97b202166ce5f23286
31	Maple Floor	Structure	Uncommon	2	2	Maple floor. Beware of termites.	fcf75f89e11d4982ad5aaa98e8b5a758
32	Maple Doorway	Structure	Uncommon	2	1	Maple doorway. Beware of termites.	769bada7cc81419098ed33c13aa4e0c9
33	Maple Wall	Structure	Uncommon	2	1	Maple wall. Beware of termites.	beffddf4ffd442c4a6cc9b938d14b1ca
34	Maple Window	Structure	Uncommon	2	1	Maple window. Beware of termites.	409ab586b17043149c8d5998c72edf3b
35	Maple Roof	Structure	Uncommon	2	2	Maple roof. Beware of termites.	078bdb0eeed74af2b081c960d00257f0
36	Maple Pillar	Structure	Uncommon	1	2	Maple pillar. Beware of termites.	19a1848d69b9428d8f9332a4d3a29101
37	Birch Log	Supply	Common	2	1	Recently cut, high quality birch.	ccfd125a44cf487fbd3d471f15a854af
38	Birch Stick	Supply	Common	1	1	Recently cut, high quality birch.	9c563bf14d4641a18873f338beaed128
39	Maple Log	Supply	Uncommon	2	1	Recently cut, high quality maple.	94f9c6aa09c249dfbce4f195c0271b9c
40	Maple Stick	Supply	Uncommon	1	1	Recently cut, high quality maple.	46218740c256475b87dbc6a2e9a1fb19
41	Pine Log	Supply	Rare	2	1	Recently cut, high quality pine.	86bf08032a5147f9871e362e40812771
42	Pine Stick	Supply	Rare	1	1	Recently cut, high quality pine.	55d9700ea53c477685458171932251f1
43	Low Caliber Military Ammunition Crate	Supply	Rare	2	2	Low caliber military grade ammunition crate. Designed to fit 40 rounds.	906623dc8e664dba854e18e812a30e12
44	Low Caliber Civilian Ammunition Box	Supply	Uncommon	2	2	Low caliber civilian grade ammunition box. Designed to fit 40 rounds.	ac70d382ad48474c9ad057bf1bd8a3d4
45	Birch Barricade	Barricade	Common	1	2	Birch shield ideal for barricading open spaces.	85550191e69a4b99981ab2860e13cc4c
46	Pine Barricade	Barricade	Rare	1	2	Pine shield ideal for barricading open spaces.	3b2ec42c24834943b61519c1452e7fc2
47	Birch Fortification	Barricade	Common	1	2	Birch planks ideal for fortifying windows.	e724fc0b301e40f4bf40c3c59e15912e
48	Pine Fortification	Barricade	Rare	1	2	Pine planks ideal for fortifying windows.	1af65936e08d4a68a729df0ccc38feef
49	Birch Doorway	Structure	Common	2	1	Birch doorway. Beware of termites.	9b4665ab214048bba6cd359e23b50b07
50	Pine Doorway	Structure	Rare	2	1	Pine doorway. Beware of termites.	2718e79756684574a8223f055c70470f
51	Birch Floor	Structure	Common	2	2	Birch floor. Beware of termites.	a764008fa6c24f35a69977b1709907f1
52	Pine Floor	Structure	Rare	2	2	Pine floor. Beware of termites.	b4ac981d976b4b12b67f55fde662b70c
53	Birch Pillar	Structure	Common	1	2	Birch pillar. Beware of termites.	db2e01aaf099465d97c0e6dc4c8c749d
54	Pine Pillar	Structure	Rare	1	2	Pine pillar. Beware of termites.	26523c2cb43f429ea27e8db284e459de
55	Birch Roof	Structure	Common	2	2	Birch roof. Beware of termites.	dc9d4192b838403c8a44941ddf597093
56	Pine Roof	Structure	Rare	2	2	Pine roof. Beware of termites.	3a0f7c7ceb314cab9b52eea4e3e1ff23
57	Birch Wall	Structure	Common	2	1	Birch wall. Beware of termites.	e017b27d30044087a580e042c2897088
58	Pine Wall	Structure	Rare	2	1	Pine wall. Beware of termites.	dec7d69e836f4d7f9c890a9828784772
59	Birch Window	Structure	Common	2	1	Birch window. Beware of termites.	9ec8daefe5f840dbb70d105f21921e7e
60	Pine Window	Structure	Rare	2	1	Pine window. Beware of termites.	a921ecb08b6740e397d467e66acf104b
61	Maple Plank	Supply	Uncommon	1	2	Recently cut, high quality maple.	e73a23b102f24520a32ec0b2afaa6157
62	Birch Plank	Supply	Common	1	2	Recently cut, high quality birch.	5a3c4302400e400b9b9486fbb5178eca
63	Pine Plank	Supply	Rare	1	2	Recently cut, high quality pine.	719bfdf2c2dc4be6ad5be44d044583e4
64	Rope	Supply	Common	1	1	Tough, strong hemp.	5ff4bcf752554990bf06e103b996cef2
65	Wire	Supply	Common	1	1	Extremely conductive wire, also sharp at the ends.	ebb61f2e64f24351a6ab905b5516060b
66	Cloth	Supply	Common	1	1	Thick, warm fabric and thread.	14901f32cd3240179fd6124324cc27e5
67	Metal Scrap	Supply	Common	1	1	Random assortment of metallic materials.	21ede8ebffb14c5580e8c7ad149e335e
68	Metal Sheet	Supply	Uncommon	2	2	Refined metal pounded into a sheet.	7f06b16642724683bd61584a52fde981
69	Tape	Supply	Common	1	1	Sticky combination of ducts and ducks.	8c25cf28c76a4634855f404c8972c0ae
70	Glue	Water	Common	1	1	Super strong liquidy binding substance.	ae1fc8674d0b4443b3ad9a68776dcf0f
71	Nails	Supply	Common	1	1	Bang these into anything and it will stay that way.	4b68587f5cad45eaab5e07ed0e6fd3b3
72	Metal Can	Supply	Common	1	1	Formerly used for storing preserved food.	c0b0f4a9f46c49a59f4558210bf36da5
73	Raw Explosives	Supply	Uncommon	2	1	Highly explosive materials for use in explosives.	8ce5c560166545499432d6e01ce399cc
74	Bricks	Supply	Common	1	1	Strong, reliable ceramic blocks.	cc444c3f2f354ff5a81f18cf9b980fff
75	Chemicals	Water	Common	1	1	Bottle containing a potent mix of uranium and plutonium.	7aee55ea2abf4f3fb70c4b2677da0e14
76	Blowtorch	Melee	Uncommon	1	2	Staple mechanic tool for repairing vehicles.	5830b84bf8074caa91cf3f4dde0dd19e
77	Canned Tomato Soup	Food	Common	1	1	Carefully sealed tomato paste.	ce28bcc951c645eebae98a881e329316
78	Canned Chicken Soup	Food	Common	1	1	Carefully sealed chicken and noodles.	96a6f0ef6a3e4829aa959cccb27d84e8
79	Canned Tuna	Food	Common	1	1	Carefully sealed tuna fish.	53fd785db5d1456380ce1418fe42b575
80	Canned Cola	Water	Common	1	1	Water saturated with sugar.	fe920a1d4bd6426eb279e5f860927118
81	MRE	Food	Rare	1	2	Meal ready to eat.	acf7e825832f4499bb3b7cbec4f634ca
82	Chips	Food	Common	1	2	Extra crispy.	2a1350f9ca41402fa0f10297b878cc3c
83	Chocolate Bar	Food	Common	1	1	Contains the recommended daily dose of healthy nutritions.	d80ee9242eaf4cd2bf820e0d68d47bf2
84	Candy Bar	Food	Common	1	1	Sugar compressed into a chewy bar.	1ca6017eaa3241f38779f9ee8730899f
85	Granola Bar	Food	Common	1	1	Healthy mix of granola and dried fruit.	a829ea9d0ccb4766a4c761e8a1193361
86	Energy Bar	Food	Common	1	1	Questionable blend of chemicals and food.	e3d11c5882d3407496c264d272acf886
87	Canned Pasta	Food	Common	1	1	All kinds of noodles and tubes ready for making that sort of food.	ddfdcced6bcd4f769c7d335f4e8e5c07
88	Canned Bacon	Food	Common	1	1	Greasy and somehow cooked.	507c042dbf734db99bc5e7762dbde495
89	Canned Beef	Food	Common	1	1	Tender and somehow cooked.	62b295721b3d4ca0a003cf31319bbe1a
90	Canned Sardines	Food	Common	1	1	Carefully sealed sardine fish.	2a52b27ecc6f4cc2920d9c6863b629f4
91	Apple Juice	Water	Common	1	1	Tasty apple juice extract.	4714142193e64af2ae6b5f3f69e3c0ae
92	Grape Juice	Water	Common	1	1	Tasty grape juice extract.	51dc7aaf89d34ebf9b4df35b4ab01d33
93	Bottled Energy	Water	Uncommon	1	1	Questionable blend of chemicals and water.	083960a7639943c8a7313de3266fba11
94	Bottled Coconut	Water	Uncommon	1	1	Water from the center of the coconut.	803ff72cc45e4c7bbcd892187d2cfe27
95	Bandage	Medical	Uncommon	1	1	Medium quality cloth for stopping bleeding, and recovering.	e0503457d87b4230bfa78350c79d16ec
96	Splint	Medical	Uncommon	1	2	Brace designed to set a bone after fracturing.	b2ad25fcad7a4f109e6dcc76a4d285de
97	1911	Gun	Uncommon	2	2	American pistol chambered in 1911 ammunition.	7d6c442450c3419aa73405930919d067
98	1911 Magazine	Magazine	Uncommon	1	1	Low caliber civilian grade <color=uncommon>1911</color> magazine. Designed to fit 7 rounds.	d65116922b5f4a21b009e076d98ab94b
99	Cobra	Gun	Rare	2	2	Austrian pistol chambered in Cobra ammunition.	2fa5551b5148491eb30b686f40d75f9a
100	Cobra Magazine	Magazine	Rare	1	1	Low caliber civilian grade <color=rare>Cobra</color> magazine. Designed to fit 20 rounds.	d7c2993ceb5b49fd9f8ef8d4195854b4
101	Schofield	Gun	Uncommon	5	2	Russian battle rifle chambered in Schofield ammunition.	c9e5a852b9c14206b483e629ee33ade0
102	Schofield Iron Sights	Sight	Common	1	1	Rail mounted iron sights.	da2bfe50b3654a7799dda42e19edd029
103	Schofield Clip	Magazine	Uncommon	1	1	Low caliber civilian grade <color=uncommon>Schofield</color> clip. Designed to fit 5 rounds.	9323b74a83da45c6a213ba8f8f16d13b
104	Fire Axe	Melee	Common	2	3	High power axe used by firefighters.	f779c1dfcc9e44eba9987916cc713799
105	Baseball Bat	Melee	Common	2	3	Tool for playing America's favorite sport.	bdb0a99f009c42bf92ef8764095f4bae
106	Hockey Stick	Melee	Common	2	3	Tool for playing Canada's favorite sport.	3920b257c1664bf3b53943867d531bfd
107	Ace	Gun	Uncommon	2	2	American revolver chambered in Ace ammunition.	92b49222958d4c6fbeca1bd00987b0fd
108	Ace Clip	Magazine	Uncommon	1	1	Low caliber civilian grade <color=uncommon>Ace</color> clip. Designed to fit 6 rounds.	2326f2dcced64ff0b61f452b16c9754f
109	Hawkhound	Gun	Uncommon	5	2	Canadian hunting rifle chambered in Hawkhound ammunition.	851bdc8130ea44bd80605d896937a5ec
110	Hawkhound Iron Sights	Sight	Common	1	1	Rail mounted iron sights.	b64aadf1128c4dad919b72e15e152b25
111	Hawkhound Magazine	Magazine	Uncommon	1	1	Low caliber civilian grade <color=uncommon>Hawkhound</color> magazine. Designed to fit 8 rounds.	4201dc61ec7c4a7dad1695d278c4ba77
112	Bluntforce	Gun	Rare	5	2	American shotgun chambered in 12 Gauge Shells.	2047f537c56442b5aabe535caf819bda
113	12 Gauge Buckshot	Magazine	Rare	1	1	Civilian grade <color=rare>Bluntforce</color> shells.	8031e39dd5664b74ba0b104728413cef
114	Bluntforce Iron Sights	Sight	Common	1	1	Rail mounted iron sights.	93dcaa530e4543e58154ce888adc1a69
115	Raw Ameberries	Water	Common	1	1	Very suspicious looking.	77c2168e6fb5405aadb5f41b074a96e0
116	PDW	Gun	Legendary	3	2	American carbine chambered in Military ammunition. Internally suppressed.	953f584b63bb487eabafa2770be0a798
117	Honeybadger_Barrel	Barrel	Common	2	1		c07e4c1951514cfc842e3f8626f938f2
118	PDW Iron Sights	Sight	Common	1	1	Rail mounted iron sights.	3c118076a63b411195f6cc61dba8f86a
119	Low Caliber Ranger Ammunition Box	Supply	Rare	2	2	Low caliber ranger grade ammunition box. Designed to fit 40 rounds.	5f609a8593504f2c88402cf2c45b49d3
120	Kitchen Knife	Melee	Common	1	2	Cooking knife for chopping food.	15f32f3c3320402c8e4643a6d6a31850
121	Military Knife	Melee	Rare	1	2	Military grade combat knife with serrated back edge for cutting tough objects.	47097f72d56c4bfb83bb8947e66396d5
122	Zubeknakov	Gun	Epic	4	2	Russian assault rifle chambered in Ranger ammunition.	2df5fb7e563f4c5aa21bda1a38232f08
123	Ranger Magazine	Magazine	Rare	1	2	Low caliber ranger grade magazine. Designed to fit 35 rounds.	d5389a47976849ecad40c4f7d6b43789
124	Zubeknakov Iron Sights	Sight	Common	1	1	Rail mounted iron sights.	d95dd1456c7c45dd8f756faa2c1187ab
125	Ranger Drum	Magazine	Epic	2	2	Low caliber ranger grade drum. Designed to fit 75 rounds.	05cd21ecaa214ee0a05ca3274c1564b1
126	Nykorev	Gun	Epic	5	2	Russian machine gun chambered in Nykorev ammunition.	cde96a85b86b4ea99389a83eaa603a32
127	Nykorev Box	Magazine	Epic	2	2	Low caliber ranger grade <color=epic>Nykorev</color> box. Designed to fit 200 rounds.	c327bb2356c24000adde864820167527
128	Nykorev Iron Sights	Sight	Common	1	1	Rail mounted iron sights.	89399d1b92eb4669b7613368cdb18ec1
129	Snayperskya	Gun	Rare	5	2	Russian sharpshooter rifle chambered in Snayperskya ammunition.	5942d0d5f7024df094eba61b4372c7ab
130	Snayperskya Magazine	Magazine	Rare	1	1	Low caliber ranger grade <color=rare>Snayperskya</color> magazine. Designed to fit 7 rounds.	dab7ab5fe1354207b8a1ab2f870bde4f
131	Snayperskya Iron Sights	Sight	Common	1	1	Rail mounted iron sights.	9df8fe4e93354d198c2a488c5286226c
132	Dragonfang	Gun	Epic	5	2	American machine gun chambered in Dragonfang ammunition.	ef50b4155ded471284377c2b199d0409
133	Dragonfang Box	Magazine	Epic	2	2	High caliber military grade <color=epic>Dragonfang</color> box. Designed to fit 150 rounds.	d745be1fee724e18bad95d69b851d191
134	Dragonfang Iron Sights	Sight	Common	1	1	Rail mounted iron sights.	2000511cbadb44ab9dcf203f7e4505b0
135	Golf Club	Melee	Common	2	3	Versatile iron used for striking golf balls.	e6d9c1f5bddf4b32b0b928e5dc5fd527
136	Sledgehammer	Melee	Uncommon	2	3	Construction tool for heavy duty work.	11fd7b0c61e842acafb4807444855801
137	Butcher Knife	Melee	Common	1	2	Meat knife for cutting meat.	61ddb8bdddef4aa093dfedcc48c78976
138	Hammer	Melee	Common	1	2	Construction tool for work around the house.	b0d48d63525544aa8ee95d4e686858b1
139	Pocketknife	Melee	Uncommon	1	2	Fold out knife equipped with everything from a flamethrower to a comb.	38dbb3ce060d47998371064f5ac26aa8
140	Butterfly Knife	Melee	Rare	1	2	Blade concealed between two rotating handles.	171ade409eef4c0c8da7cfbddfaf9e94
141	Saw	Melee	Common	2	1	Construction tool for cutting lumber.	fd6bee4579884ee9ad0b729baf423ab1
142	Rake	Melee	Common	2	3	Yard tool for cleaning up leaves.	91cb075e6f5743f7a22f9bf4a821f48f
143	Bipod	Grip	Epic	1	2	Military grade bipod. Reduces recoil and spread when prone.	4a1ac4b1fda34805b22ce0aa582ead08
144	Ranger Suppressor	Barrel	Epic	2	1	Ranger grade suppressor. Makes gunshots much quieter.	59786a19acd140c9841ec0e03e5aa6e6
145	Horizontal Grip	Grip	Rare	2	1	Military grade horizontal grip. Reduces horizontal recoil.	51522922280145578d8ab53b98efc0cc
146	Dot Sight	Sight	Uncommon	2	1	Rail mounted sight with electronic aiming point.	19c02b2e36c345a59b3875d82224ed8e
147	Halo Sight	Sight	Uncommon	2	1	Rail mounted sight with electronic aiming halo.	274bace6abe1413dbe4310bc942119fa
148	Chevron Scope	Sight	Uncommon	2	1	Rail mounted optic with electronic aiming chevron.	bd652150e29445cca47dcae94840c770
149	Military Barrel	Barrel	Rare	2	1	Military grade barrel. Increases accuracy.	932f20635e6142c69648ea2840d11d59
150	Military Muzzle	Barrel	Rare	1	1	Military grade muzzle. Hides muzzle flash, tracers and reduces recoil.	94c0b1981bcc4a2c87219b3be9903597
151	Tactical Laser	Tactical	Rare	1	1	Side mounted tactical laser. Increases accuracy.	e795f250c6384d7db45a05be43f156ac
152	Tactical Light	Tactical	Rare	1	1	Side mounted tactical light.	2a7c7d0b784141ad8a08e2442ce08465
153	7x Scope	Sight	Rare	2	1	Rail mounted 7x zoom scope.	f4ea0132ca2246f885d359579df0356e
154	Orange Shirt	Shirt	Common	3	2	Moderate weather shirt.	0ffc118ca71c4e978d18cff3d974da2a
155	Orange T-Shirt	Shirt	Common	3	2	Warm weather tee.	54956fec9eb84b9ea17fa18ec40db022
156	Orange Parka	Shirt	Common	3	2	Cold weather parka.	cc23c2088ade423d8a08223929abb925
157	Purple Hoodie	Shirt	Common	3	2	Chilly weather hoodie.	60a5bfcb4fcf4846a059a1e9d97afe10
158	Purple Shirt	Shirt	Common	3	2	Moderate weather shirt.	2856b0b25d3f40798cdcfd2aa18bb34b
159	Purple T-Shirt	Shirt	Common	3	2	Warm weather tee.	8975e0ea30ec4dcc946346b7e5eb104a
160	Purple Parka	Shirt	Common	3	2	Cold weather parka.	5a5124244ede4806a4f7e08856c8f767
161	Green Hoodie	Shirt	Common	3	2	Chilly weather hoodie.	dc782f3ef7074af6a3fd3ada65d7a291
162	Green Parka	Shirt	Common	3	2	Cold weather parka.	6e2427c09a1941189207c7d76eda7758
163	Green Shirt	Shirt	Common	3	2	Moderate weather shirt.	d8132852917e44ed8d512507e3df6b3c
164	Green T-Shirt	Shirt	Common	3	2	Warm weather tee.	328a92a0d92643f08b5e6193691aba09
165	Red Hoodie	Shirt	Common	3	2	Chilly weather hoodie.	2148d0b98adf418a9493118818004562
166	Red Parka	Shirt	Common	3	2	Cold weather parka.	f75c7d76a81a4388b1419ab070e10bbe
167	Red Shirt	Shirt	Common	3	2	Moderate weather shirt.	a4eadb0115f440ee97c040434326347e
168	Red T-Shirt	Shirt	Common	3	2	Warm weather tee.	9d21b8b914a14d10bec54e21221b0e72
169	Yellow Hoodie	Shirt	Common	3	2	Chilly weather hoodie.	27cd2dbfe82c4833ad7546b54987b603
170	Yellow Parka	Shirt	Common	3	2	Cold weather parka.	a988a20071aa42a8995ed30cb7dc366c
171	Yellow Shirt	Shirt	Common	3	2	Moderate weather shirt.	3662ab9a8ef04e08b9875f5b953cb6c8
172	Yellow T-Shirt	Shirt	Common	3	2	Warm weather tee.	556421320a874be1b32dc4ea3b423954
173	Blue Hoodie	Shirt	Common	3	2	Chilly weather hoodie.	31fb8b58dd14474b8fb069f95f660163
174	Blue Parka	Shirt	Common	3	2	Cold weather parka.	6d67505c92514621af801489842f977c
175	Blue Shirt	Shirt	Common	3	2	Moderate weather shirt.	7cdf80b34af44a33b41a8d12e5b82ec7
176	Blue T-Shirt	Shirt	Common	3	2	Warm weather tee.	c72a17493608462fa712639f5adede6a
177	White Hoodie	Shirt	Common	3	2	Chilly weather hoodie.	1c3d496df33b45c6991cdbe0ef176386
178	White Parka	Shirt	Common	3	2	Cold weather parka.	889d6e72eeb14badba980c4a8cda2bf0
179	White Shirt	Shirt	Common	3	2	Moderate weather shirt.	20ad7b951cd844ebabd0071ea27c312f
180	White T-Shirt	Shirt	Common	3	2	Warm weather tee.	7a241c1ca1524866b86d506df7960ea7
181	Black Hoodie	Shirt	Common	3	2	Chilly weather hoodie.	dde7c3ad49884aae89a37906df2b50ef
182	Black Parka	Shirt	Common	3	2	Cold weather parka.	39780ccfa4c94ea29065eaca7030f046
183	Black Shirt	Shirt	Common	3	2	Moderate weather shirt.	446803fbc3b7401d9a082a68b9d16672
184	Black T-Shirt	Shirt	Common	3	2	Warm weather tee.	c3adf16156004b40a839ed1b80583c32
185	Black Bandana	Mask	Common	1	1	Tablecloth for your neck.	9c2b4e15517e434fac0cf0f4bdf0c278
186	Blue Bandana	Mask	Common	1	1	Tablecloth for your neck.	06d40860b92349138d4b812855deb764
187	Green Bandana	Mask	Common	1	1	Tablecloth for your neck.	a8117811b16c43e881bf95ef586af1d9
188	Orange Bandana	Mask	Common	1	1	Tablecloth for your neck.	8010e059e14d4147a7c849dc50372906
189	Purple Bandana	Mask	Common	1	1	Tablecloth for your neck.	2aab8c5f5cd047aa9f36c7bdbcdfde7d
190	White Bandana	Mask	Common	1	1	Tablecloth for your neck.	b973f4978e544907a3715e48bed9d096
191	Yellow Bandana	Mask	Common	1	1	Tablecloth for your neck.	46fb7226dcb04e5daa71d309558cbe61
192	Black Toque	Hat	Common	2	2	Warm Canadian hat for the stormy winters.	cd9befdea7c14ab3aa1e6c6d3af53f6b
193	Blue Toque	Hat	Common	2	2	Warm Canadian hat for the stormy winters.	2a33663da0ab461abe9cb545426d6b3d
194	Green Toque	Hat	Common	2	2	Warm Canadian hat for the stormy winters.	5a34851a96ff40fa953ad38c72b34b2a
195	Orange Toque	Hat	Common	2	2	Warm Canadian hat for the stormy winters.	0cc439aec2b54269b63cc5b32fb202e3
196	Purple Toque	Hat	Common	2	2	Warm Canadian hat for the stormy winters.	7f9fb0cc539848009abaf3bb45138e54
197	Red Toque	Hat	Common	2	2	Warm Canadian hat for the stormy winters.	83ab94894c0545c2981ceefe1a89cb7e
198	White Toque	Hat	Common	2	2	Warm Canadian hat for the stormy winters.	b5c5c8295a1d461fa92b027827df82ea
199	Yellow Toque	Hat	Common	2	2	Warm Canadian hat for the stormy winters.	2c49f596136c495490826537713abaf5
200	Black Daypack	Backpack	Common	2	2	Medium sized synthetic backpack.	6eb6e4aea7d54f23899672cca1b5e306
201	Blue Daypack	Backpack	Common	2	2	Medium sized synthetic backpack.	d98c063e0f3648388c8ce60cb4a3ba3c
202	Green Daypack	Backpack	Common	2	2	Medium sized synthetic backpack.	306f811367ba4ccd99bca23d96a343c4
203	Orange Daypack	Backpack	Common	2	2	Medium sized synthetic backpack.	5b0391f7428e4c8c92ed5bf5c0342bbe
204	Purple Daypack	Backpack	Common	2	2	Medium sized synthetic backpack.	625cffdf2f2a40e4971db17c0152bb15
205	White Daypack	Backpack	Common	2	2	Medium sized synthetic backpack.	c387f10875af49cda3afdfe0985b2767
206	Yellow Daypack	Backpack	Common	2	2	Medium sized synthetic backpack.	774a3f43ea214706b29210dacff2fee6
207	Outfit Jeans	Pants	Common	2	2	Denim day-to-day pants.	bdae9d26ca704d729b2b0f34812d2a36
208	Cowboy Jeans	Pants	Common	2	2	Denim wild west pants.	dab78cc4d66645bfb8169be7c15cf876
209	Cargo Pants	Pants	Uncommon	2	2	High capacity synthetic pants for all weather.	e18bbb5ccae347aab40d8d4b9fa4dc0a
211	Plaid Shirt	Shirt	Uncommon	3	2	Perfect for cutting lumber in the wilderness.	d524acff146c48c48f553339963b1118
212	Khaki Pants	Pants	Common	2	2	British pants for maximum uniform.	f5fe5dca2491449987cd23a1e797d605
213	Corduroy Pants	Pants	Common	2	2	Also known for associating with bears.	24721134d67a47efaae82f4f3875562c
214	Trouser Pants	Pants	Common	2	2	Grey pants for any occasion.	cc959509b8f54dfd82b51cdcb4262e49
215	Black Sweatervest	Vest	Common	2	2	Intellectual outer clothing.	a1d0827a996e4d6993a56c69e0040f57
216	Blue Sweatervest	Vest	Common	2	2	Intellectual outer clothing.	55c2e4db7a694e72b917bd4b457ce5bb
217	Green Sweatervest	Vest	Common	2	2	Intellectual outer clothing.	9d0a4ac5e993499fb590c530e7837745
218	Orange Sweatervest	Vest	Common	2	2	Intellectual outer clothing.	ae0a91ed8b254ef79174e438998cb19f
219	Purple Sweatervest	Vest	Common	2	2	Intellectual outer clothing.	7ea12ba98b9a424990cffaed4da27a4b
220	Red Sweatervest	Vest	Common	2	2	Intellectual outer clothing.	88cdef5022fa48168df0e6038e06c727
221	White Sweatervest	Vest	Common	2	2	Intellectual outer clothing.	006f11eb53e14655b159db86925465d6
222	Yellow Sweatervest	Vest	Common	2	2	Intellectual outer clothing.	ba682e1d830b4ed1bf5fa42815b1f5f7
223	Police Top	Shirt	Uncommon	3	2	Law enforcement uniform shirt.	0ade03e111ac4c0b901e200d8b0ba39f
224	Police Bottom	Pants	Uncommon	2	2	Law enforcement uniform pants.	1df3d3b8dd7a4e3483934805d940358b
225	Police Cap	Hat	Uncommon	2	2	Law enforcement uniform cap.	8020c7ee8ac541399a3df8a3852660e0
226	Khaki Shorts	Pants	Common	2	2	British shorts for maximum uniform.	f89a858fee124f28b122eec7965aeceb
227	Cargo Shorts	Pants	Common	2	2	High capacity synthetic shorts for all weather.	ec55f3035bcd48e98e48f032496ab27e
228	Corduroy Shorts	Pants	Common	2	2	Also known for associating with bears.	3eb418560771458d827921dddf38fb47
229	Trouser Shorts	Pants	Common	2	2	Grey shorts for any occasion.	d82e825e81b84d94a2a95b9e41c20cad
230	Chef Top	Shirt	Uncommon	3	2	Cooking uniform shirt.	4f614196d8684c1ab7e07929dac32d09
231	Chef Bottom	Pants	Uncommon	2	2	Cooking uniform pants.	c2b88ff6b9a44bc2a221f0adc54b0a19
232	Construction Top	Shirt	Uncommon	3	2	Construction uniform shirt.	233f86ae53de4a76bc96c266d3adb537
233	Firefighter Top	Shirt	Uncommon	3	2	Firefighting uniform shirt.	dff9815c9424407a84c40010a0fdee7b
234	Firefighter Bottom	Pants	Uncommon	2	2	Firefighting uniform pants.	42de222c299d4d62af05ee86cb4d532b
235	Ghillie Top	Shirt	Epic	3	2	Military foliage stealth shirt.	6c2fbcb6ad0e4996a4a958bc45a8bf08
236	Ghillie Bottom	Pants	Epic	2	2	Military foliage stealth pants.	77a1f9d5b993430e97d1dcdd237076a1
237	Ghillie Hood	Hat	Epic	2	2	Military foliage stealth hood.	ff7b84b0570b402ea159fdbc90634a03
238	Ghillie Vest	Vest	Epic	2	2	Military foliage stealth vest.	8fddc66b47854364a6acce3fac068eb3
239	Chef Hat	Hat	Uncommon	2	2	Cooking uniform hat.	a6099002318e4d58b8e59d431bcf1b8a
240	Construction Helmet	Hat	Common	2	2	Construction headwear to prevent injury.	cc6f0eb76f8247cbbc0b72ed98d9ff6b
241	Firefighter Helmet	Hat	Uncommon	2	2	Firefighting uniform hat.	037d63c31acc4934a375d4d16e3b8768
242	Farmer Top	Shirt	Uncommon	3	2	Trusty overalls for farming.	f0c2a8b8ebb64badbcde126ea6bd5ada
243	Farmer Bottom	Pants	Uncommon	2	2	Trusty overalls for farming.	1d04f4a7fb674c7a911d33daf2df5b0a
244	Straw Hat	Hat	Uncommon	2	2	Trusty straw hat for farming.	10c63cfbaa754e5087bf4b2184a94438
245	Black Travelpack	Backpack	Common	2	2	Medium sized synthetic travel bag.	1cbd7e37f9fe45b899ef48f78de874f2
246	Blue Travelpack	Backpack	Common	2	2	Medium sized synthetic travel bag.	df84a9cf0c7c4f8e83cdb8c55e98d3c6
247	Green Travelpack	Backpack	Common	2	2	Medium sized synthetic travel bag.	28fc79e015ca426db5fa76f733ee6a62
248	Orange Travelpack	Backpack	Common	2	2	Medium sized synthetic travel bag.	6c29fe972d2547e5a8c76549e1516a0f
249	Purple Travelpack	Backpack	Common	2	2	Medium sized synthetic travel bag.	b74bfc7567744663a74d640a66cbb244
250	Red Travelpack	Backpack	Common	2	2	Medium sized synthetic travel bag.	3bcf48f1a93f4b8986e30c1469545ec1
251	White Travelpack	Backpack	Common	2	2	Medium sized synthetic travel bag.	52bd14bdab8647e89201cf9c5e46dd5a
252	Yellow Travelpack	Backpack	Common	2	2	Medium sized synthetic travel bag.	8f9e226e16a64698a83c6e20804b377d
253	Alicepack	Backpack	Epic	2	2	Large sized military cargo backpack.	c135cc7900f647d2b3e5ffdf45f9d449
254	Fragmentation Grenade	Throwable	Rare	1	1	Military grade throwable fragmentation explosive.	4ca85c0123bb466fa2a059b6227544c1
255	Blue Flare	Throwable	Common	1	1	Road flare for quickly lighting up an area.	2e3326e006904aae90aead15bcc2e8a3
256	Green Flare	Throwable	Common	1	1	Road flare for quickly lighting up an area.	75c8885c931f4d0a919e4af9c5ee099b
257	Orange Flare	Throwable	Common	1	1	Road flare for quickly lighting up an area.	e5e0e9876b6b4f6f8511b741544c6c94
258	Purple Flare	Throwable	Common	1	1	Road flare for quickly lighting up an area.	4477326c7a1c4ff3bbfe5943e724f73a
259	Red Flare	Throwable	Common	1	1	Road flare for quickly lighting up an area.	8a89ad936c1445fcba375f9282506b64
260	Yellow Flare	Throwable	Common	1	1	Road flare for quickly lighting up an area.	e1116457d44f47a5bb73c36ca58bd183
261	Black Smoke	Throwable	Uncommon	1	1	Military grade throwable smokescreen.	f93de8e02d064f31886279feaf6023cd
262	Blue Smoke	Throwable	Uncommon	1	1	Military grade throwable smokescreen.	496dd0b3a93b413bab75ef9953a74dc6
263	Green Smoke	Throwable	Uncommon	1	1	Military grade throwable smokescreen.	16e6498bed2141338bc1f732157dd344
264	Orange Smoke	Throwable	Uncommon	1	1	Military grade throwable smokescreen.	ced6c2bf8f3f4db2944715ac7399ac99
265	Purple Smoke	Throwable	Uncommon	1	1	Military grade throwable smokescreen.	486062dd7e1e4e4e93e71528cba9e9ff
266	Red Smoke	Throwable	Uncommon	1	1	Military grade throwable smokescreen.	8e49a6c1705b4ebb8498c86b245da4e7
267	White Smoke	Throwable	Uncommon	1	1	Military grade throwable smokescreen.	8cf9164f5a3e463a93b09ad6b501d14d
268	Yellow Smoke	Throwable	Uncommon	1	1	Military grade throwable smokescreen.	0485a25676bb4a89be5ff4fa535ac83b
269	Vaccine	Medical	Rare	1	2	Mixture of formulas to cure any illness.	81419c5ae34e4f449bfddc9075709ff2
270	Raw Jazzberries	Water	Common	1	1	Very suspicious looking.	796932f416274112879175ef57274afd
271	Raw Rainberries	Water	Common	1	1	Very suspicious looking.	b84ca54360c747c08f55e9e72cdc3f7a
272	Raw Viriberries	Water	Common	1	1	Very suspicious looking.	fed7f5e1ed584862ac5667118311ee9b
273	Raw Gloomberries	Water	Common	1	1	Very suspicious looking.	543567f329764dbd970c27cf0c42b6d4
274	Raw Mayberries	Water	Common	1	1	Very suspicious looking.	4e138f97565d480b86457ddb0b89510a
275	Raw Crimberries	Water	Common	1	1	Very suspicious looking.	f892a49670c145db940a92261d6f91bf
276	Flashlight	Melee	Common	1	2	Portable handheld lamp for nighttime exploration.	922c5bfe21864487a9405f3e2e0f5d97
277	Carjack	Tool	Uncommon	2	1	Tool for flipping cars out of stuck places. Not to be confused with robbery.	1f80a9e0c86047d38b72e08e267885f6
278	Festive Hat	Hat	Common	2	2	Ho ho ho, happy holidays!  When equipped this applies the cosmetic <color=#c832fa>Festive Hat</color> to your character in-game.	b881a65086ae41e2b98d1c6066f00045
279	Festive Top	Shirt	Common	3	2	Ho ho ho, happy holidays!  When equipped this applies the cosmetic <color=#4b64fa>Festive Top</color> to your character in-game.	6e0260a21ba94192bb8283cd35f1992c
280	Festive Bottom	Pants	Common	2	2	Ho ho ho, happy holidays!  When equipped this applies the cosmetic <color=#4b64fa>Festive Bottom</color> to your character in-game.	a4e54f6894e54619ab06c673fb14988c
281	Maple Door	Barricade	Uncommon	1	2	Maple door ideal for keeping out unwanted visitors.	b722aca538f041978187959e8cf19d9a
282	Birch Door	Barricade	Common	1	2	Birch door ideal for keeping out unwanted visitors.	ccf17fbfc2ec4300a57350e4b4fa6b11
283	Pine Door	Barricade	Rare	1	2	Pine door ideal for keeping out unwanted visitors.	7dfa7ffbdc864017861fb8f0e25122bd
284	Jail Door	Barricade	Epic	2	2	Jail door ideal for keeping in unwanted visitors.	11bdf58b48b64aa090f69eeafb28bd8d
285	Metal Bar	Supply	Rare	1	1	Reinforced metal for strong cores.	656f319d2d194813b390edc6edd8a697
286	Vault Door	Barricade	Epic	2	2	Vault door ideal for keeping out unwanted robbers.	efb0180de9b948fb8805e6ee8036faec
287	Bars Fortification	Barricade	Epic	2	1	Metal bars ideal for fortifying windows.	8c81bfb33b7c46e7affdf4bafbd41e68
288	Black Bedroll	Barricade	Common	2	1	Warm bed perfect for a campsite.	343b36df35c94338a2f1e4a4a1b75440
289	Blue Bedroll	Barricade	Common	2	1	Warm bed perfect for a campsite.	51ff6bb8b63743c9be5fd4042d55060b
290	Green Bedroll	Barricade	Common	2	1	Warm bed perfect for a campsite.	266602d956ad423d85183715f6bcc594
291	Orange Bedroll	Barricade	Common	2	1	Warm bed perfect for a campsite.	db6eb5d15adf43b1a576898a99b77e54
292	Purple Bedroll	Barricade	Common	2	1	Warm bed perfect for a campsite.	0d5f91c9f5d340fc86931e7679494ec4
293	Red Bedroll	Barricade	Common	2	1	Warm bed perfect for a campsite.	a98e46523c704a24bea832801d059ca3
294	White Bedroll	Barricade	Common	2	1	Warm bed perfect for a campsite.	cbc5d88aa8524d37b4bde233fa21f030
295	Yellow Bedroll	Barricade	Common	2	1	Warm bed perfect for a campsite.	11cb9fadebdc4303a3646c49bde5af2b
296	16x Scope	Sight	Epic	2	1	Rail mounted 16x zoom scope.	bfd6aab8b55f4c17bf16aa3e78a99151
297	Grizzly	Gun	Legendary	5	2	American sniper rifle chambered in Grizzly ammunition.	beeeb5342e934d0ead5a3b37dbab3363
298	Grizzly Magazine	Magazine	Legendary	1	1	High caliber military grade <color=legendary>Grizzly</color> magazine. Designed to fit 5 rounds.	ca724c5d0f1a472dab55c91b4fc4522e
299	Grizzly Iron Sights	Sight	Common	1	1	Rail mounted iron sights.	4a93fdb715624bc38f099bdf6cd51fb8
300	Shadowstalker	Gun	Legendary	5	2	Prototype railgun chambered in Rail ammunition.	5c9b2fb5a600438daa34453a95576803
301	Rail	Magazine	Legendary	1	1	Prototype grade <color=legendary>Shadowstalker</color> rail.	c40426849b294778aeca0d74d4c0d5da
302	Shadowstalker Scope	Sight	Legendary	2	1	Rail mounted Shadowstalker zoom scope.	9f9a74069a0a460eb6ff6fdb94d8eebc
303	Prisoner Top	Shirt	Uncommon	3	2	Prison uniform shirt.	26b8465cb2bb48198d34bac8c77d067a
304	Prisoner Bottom	Pants	Uncommon	2	2	Prison uniform pants.	cb43ed0f77524d11b73109794afff3e2
305	RCMP Bottom	Pants	Uncommon	2	2	Royal Canadian mountain police uniform pants.	cf813bed91924ad69abc556c4ad94b98
306	RCMP Top	Shirt	Uncommon	3	2	Royal Canadian mountain police uniform shirt.	c54821329d3c4ff4bcc59b226338e759
307	Forest Military Top	Shirt	Rare	3	2	Military uniform shirt.	ea75cf6b68d24463bf9142fd130eb922
308	Forest Military Bottom	Pants	Rare	2	2	Military uniform pants.	7150d5ec4ac5498c8f91cbdfa56285ef
309	Forest Military Helmet	Hat	Rare	2	2	Military headwear to prevent injury.	09c22f9a82d349a99b96e41cd3b49788
310	Forest Military Vest	Vest	Rare	2	2	Bullet proof military gear.	2890a8891ce3431c845b1b98e8807f97
311	Medic Top	Shirt	Uncommon	3	2	Medic uniform shirt.	41986aedeac2405cbd540823499e9a7b
312	Medic Bottom	Pants	Uncommon	2	2	Medic uniform pants.	4c5b22f84cd645d2bed3a525357c1be7
313	RCMP Hat	Hat	Uncommon	2	2	Royal Canadian mountain police uniform hat.	b2abe09dd772488daa9e23fe4faa40c3
314	Grocer Top	Shirt	Uncommon	3	2	Trusty overalls for managing groceries.	866298a899f949838c9e9ad26a023b70
315	Grocer Bottom	Pants	Uncommon	2	2	Trusty overalls for managing groceries.	68b52a94fb174d508d6b0ecf90f09ba5
316	Maple Stairs	Structure	Uncommon	2	2	Maple stairs. Beware of termites.	0daa312d29414e86828170bc287d4772
317	Pine Stairs	Structure	Rare	2	2	Pine stairs. Beware of termites.	ef690c42aae1466c9caf07d5980b8dad
318	Birch Stairs	Structure	Common	2	2	Birch stairs. Beware of termites.	414c6990de38450b857a28c56fcbb69e
319	Maple Hole	Structure	Uncommon	2	2	Maple hole. Beware of termites.	0623996682be4f0ea09ae976a3ba1c6a
320	Pine Hole	Structure	Rare	2	2	Pine hole. Beware of termites.	394fef6fe98a459185aa533edf2c2b38
321	Birch Hole	Structure	Common	2	2	Birch hole. Beware of termites.	5d9fd9b13a37409dadfe7e04df4d999b
322	Maple Ramp	Structure	Uncommon	2	2	Maple ramp. Beware of termites.	42d45c5732a844dbbe23a2f91a0f6ef0
323	Birch Ramp	Structure	Common	2	2	Birch ramp. Beware of termites.	ac2debec9e8641af98a05b83ef429dea
324	Pine Ramp	Structure	Rare	2	2	Pine ramp. Beware of termites.	858c2137aada4312a7cffcb918766c86
325	Maple Ladder	Barricade	Uncommon	1	2	Maple ladder ideal for keeping out unwanted visitors.	da3509f76b8242f881fc0f5ce6925350
326	Birch Ladder	Barricade	Common	1	2	Birch ladder ideal for keeping out unwanted visitors.	fc698d6d05a244518427207a4213fc4b
327	Pine Ladder	Barricade	Rare	1	2	Pine ladder ideal for keeping out unwanted visitors.	63abd3a9aa754fe9986314e7ea1c90cf
328	Locker	Storage	Epic	2	2	Locker for storing items.	362ab81b73a7431eb3f1477645605891
329	Carrot	Food	Common	1	1	Orange vegetable.	775dd3dc88e04529a4a98d63e3b0df3e
330	Carrot Seed	Farm	Common	1	1	Ready for planting and eating.	06310d34702c45a7859bde65e4181c9c
331	Planter	Barricade	Rare	2	1	Planting box perfect for raising crops of flowers.	0dede0087967430c9ff5606a101eeb6e
332	Fertilizer	Grower	Uncommon	1	2	Carefully disguised cow poop.	54ebe428a6e34922b8764ca40a95d165
333	Binoculars	Optic	Uncommon	2	1	Long range optics for keeping an eye out.	f260c581cf504098956f424d62345982
334	Military Nightvision	Glasses	Epic	2	1	Brightness enhancing military grade goggles.	cca8301927e049149fcee2b157a59da1
335	Corn	Food	Common	1	2	Yellow vegetable.	dfe28176368e41e08038652796dd1216
336	Corn Seed	Farm	Common	1	1	Ready for planting and eating.	83a149230e9c4a77b1538b3b276abcc7
337	Canteen	Refill	Uncommon	2	2	Sizeable container of liquid.	9fac086e1b194a3e97fb77f8940208de
338	Lettuce	Food	Common	1	1	Green vegetable.	97c48e1bffaa48339e42e788396df94a
339	Lettuce Seed	Farm	Common	1	1	Ready for planting and eating.	f2bab103e4034be8aaa368702ae2cbb7
340	Tomato	Food	Common	1	1	Red vegetable.	fc32f1577f094c8f88f18a10c101edfc
341	Tomato Seed	Farm	Common	1	1	Ready for planting and eating.	098e0640f9c24fb592ee50ac2cb89f42
342	Potato	Food	Common	1	1	Brown vegetable.	2a3bd550485f43b9ac91ae5f78916d97
343	Potato Seed	Farm	Common	1	1	Ready for planting and eating.	f3efa31bdc204a48b84ac2474598c40c
344	Wheat	Food	Common	1	2	Golden grass.	375ee1fb16a848ff8bc5be5d4fafb4fc
345	Wheat Seed	Farm	Common	1	1	Ready for planting and eating.	4c35676eb54a4b4f90c949e549f0f1cd
346	Crossbow	Gun	Uncommon	4	2	Crossbow chambered in Arrows.	bb30529b25ff4a09b362d70fd0e5a3e9
347	Arrow	Magazine	Uncommon	2	1	Hard to snap.	b5c948f84f7e44ba882fc8cecf8ae731
348	Maple Arrow	Magazine	Common	2	1	Easy to snap.	8037a4fe33a24e648a7eb03c296b4e21
349	Crossbow Iron Sights	Sight	Common	1	1	Rail mounted iron sights.	c4108867d8814af59f63a9ac8312a6dc
350	Crossbow_Barrel	Barrel	Common	2	1		2feb4841091a4ff38d8fa8ac81176026
351	Birch Arrow	Magazine	Common	2	1	Easy to snap.	ecd18c9a449948579fbd70b0b5e13fd2
352	Pine Arrow	Magazine	Common	2	1	Easy to snap.	0f2fea18ed9444cbbb544993ed31d009
353	Maple Bow	Gun	Common	4	2	Maple bow chambered in Arrows.	667ba2f0aba7484888bcfbec2a43798b
354	Bow_Barrel	Barrel	Common	2	1		2982330cd6e54997975703714d7d9883
355	Birch Bow	Gun	Common	4	2	Birch bow chambered in Arrows.	6553e4375e654bdd8ee00d88e4014b98
356	Pine Bow	Gun	Common	4	2	Pine bow chambered in Arrows.	41873f4fca354e6482b48f7663f22aac
357	Compound Bow	Gun	Uncommon	4	2	Compound bow chambered in Arrows.	03d91da734a94131b23295a742356625
358	Compound Iron Sights	Sight	Common	1	1	Rail mounted iron sights.	d8bbd499d55947eb88f56f19f121f76c
359	Maple Torch	Barricade	Uncommon	1	2	Maple torch to provide a little bit of light.	d5877ecb6706457eb61647d0de710ca5
360	Birch Torch	Barricade	Common	1	2	Birch torch to provide a little bit of light.	59d94c3978fc42d582a9a1e84278070b
361	Pine Torch	Barricade	Rare	1	2	Pine torch to provide a little bit of light.	2eceb00a94b5493aaf150b37fbef87b3
362	Campfire	Barricade	Uncommon	2	1	Simple heat source for basic cooking. Don't step on it!	fdac7ad3db9c46109fa6a4e137969ad6
363	Maplestrike	Gun	Epic	4	2	Canadian assault rifle chambered in Military ammunition.	38508a1f73c8417a8a68cb675460d0b6
364	Maplestrike Iron Sights	Sight	Common	1	1	Rail mounted iron sights.	520db3e2ee4a45819dbe571ece235fd8
365	Sandbag	Barricade	Uncommon	1	1	Sand bags for blocking bullets.	2038421b52cc4beea8984e58b4c810a1
366	Maple Crate	Storage	Uncommon	2	2	Maple crate for storing items.	60c94e47bc784d48841963d4f8200828
367	Birch Crate	Storage	Common	2	2	Birch crate for storing items.	38152d9620d14303bb4bbca36796aeff
368	Pine Crate	Storage	Rare	2	2	Pine crate for storing items.	be8da1aa6deb44ecb4546ce7102fae41
369	Metal Floor	Structure	Epic	2	2	Metal floor. Beware of robotic termites.	82c4f915fc384563848d30673c78ebd4
370	Metal Doorway	Structure	Epic	2	1	Metal doorway. Beware of robotic termites.	c1db19365f03442088c67a20226b272d
371	Metal Wall	Structure	Epic	2	1	Metal wall. Beware of robotic termites.	d2e352cf157440e6821b4d11fc627af7
372	Metal Window	Structure	Epic	2	1	Metal window. Beware of robotic termites.	9862d7ada9fa4988b5612b061207e1ef
373	Metal Roof	Structure	Epic	2	2	Metal roof. Beware of robotic termites.	5c68fd35ed1c4d19b651211a648f938c
374	Metal Pillar	Structure	Epic	1	2	Metal pillar. Beware of robotic termites.	ed7e8310ad754a8d9ebe152a0ef6f437
375	Metal Stairs	Structure	Epic	2	2	Metal stairs. Beware of robotic termites.	7384ac31f76941798bb2eae6c78e71b5
376	Metal Hole	Structure	Epic	2	2	Metal hole. Beware of robotic termites.	7637ad4789f642329d24647ab0312733
377	Metal Ramp	Structure	Epic	2	2	Metal ramp. Beware of robotic termites.	f02100ce42c4445a94bd60468d92a9ba
378	Metal Door	Barricade	Epic	1	2	Metal door ideal for keeping out unwanted visitors.	8d0b21995b084db3a91bb7a75d777f75
379	Metal Ladder	Barricade	Epic	1	2	Metal ladder ideal for keeping out unwanted visitors.	8593a19ecb7d40c1a6718fabafb83d0e
380	Masterkey	Gun	Uncommon	4	2	American shotgun chambered in 20 Gauge Shells.	c5bfefd37b72416baf1941bf8253b4c6
381	20 Gauge Buckshot	Magazine	Uncommon	1	1	Civilian grade <color=uncommon>Masterkey</color> shells.	9ca5b01e1e2d404fbed35f2645da707c
382	Caltrop	Trap	Uncommon	1	1	Spiky trap.	cd5e4300f6994424848392cecf72936d
383	Maple Spikes	Trap	Uncommon	1	2	Spiky trap.	0340c4125623493698286a94bd6c8f29
384	Birch Spikes	Trap	Common	1	2	Spiky trap.	6e5bf0b6b23e4dca866f513f7b0e12ff
385	Pine Spikes	Trap	Rare	1	2	Spiky trap.	e9249609b4d54ebc8aa937ad67990780
386	Barbed Wire	Trap	Uncommon	2	1	Spiky trap.	e2432d5d18e74a6cbc207746468b19bf
387	Adrenaline	Medical	Rare	1	2	Suspicious concoction capable of increasing energy.	221fbf175e594e68892dede8dbd93aa8
388	Morphine	Medical	Rare	1	2	Powerful painkiller capable of forgetting even broken bones.	3697845b16fa4bbfb568117fbcf8c57c
389	Antibiotics	Medical	Rare	1	1	Magic pills for preventing disease and improving health.	d5fe08c9ad3f4123a636718a15964cc9
390	Painkillers	Medical	Uncommon	1	1	Magic pills for eliminating pain.	8e232c76cb14432bbe5d38d7d2b22825
391	Vitamins	Medical	Common	1	1	Various essential rocks and minerals.	eaa7af6f8a874b2e9eb9c6e53498528d
392	Purification Tablets	Medical	Common	1	1	Various purifying rocks and minerals.	f2707771eebb4904b1e4b1f58929393b
393	Rag	Medical	Common	1	1	Low quality cloth for stopping bleeding.	3e78a9db8cf74f4e830df4c06f2e9273
394	Dressing	Medical	Rare	1	1	High quality cloth for stopping bleeding and starting a speedy recovery.	ae46254cfa3b437e9d74a5963e161da4
395	Bloodbag	Medical	Epic	1	2	Bag of some A, B, AB, and O blood.	5e1d521ecb7f4075aaebd344e838c2ca
396	Refined Ameberries	Water	Common	1	1	Slightly less suspicious looking.	b7248144b8684177a3a6e7ed1eeb42de
397	Refined Jazzberries	Water	Common	1	1	Slightly less suspicious looking.	c60fc61f64c24bb388b879dd819fea96
398	Refined Rainberries	Water	Common	1	1	Slightly less suspicious looking.	a5d9efc7acf5486489804d87eea37a19
399	Refined Viriberries	Water	Common	1	1	Slightly less suspicious looking.	bb7bc364734544299f4e67ae8049ffd8
400	Refined Gloomberries	Water	Common	1	1	Slightly less suspicious looking.	4670f8cfc41c4fff9bc61f2a98db59fe
401	Refined Mayberries	Water	Common	1	1	Slightly less suspicious looking.	afd10e1eed1249b587395873597f3c3b
402	Refined Crimberries	Water	Common	1	1	Slightly less suspicious looking.	edd40a1bb42a431cafc50d0743bd374b
403	Suturekit	Medical	Epic	2	2	A bag of field medical equipment for emergency situations.	7f65a4dcb5dc4bc2b96fe85e6e415808
404	Cough Syrup	Medical	Common	1	1	Foul tasting slop.	c3d97ba7e3964b798b739b5632ef009a
405	Mechanic Top	Shirt	Uncommon	3	2	Repairing uniform shirt.	0a51048dc1bb457585ae9a41a30a2727
406	Mechanic Bottom	Pants	Uncommon	2	2	Repairing uniform pants.	8cbe4d2067634ebb9f930c23efb2e943
407	Engineer Top	Shirt	Uncommon	3	2	Trusty overalls for driving trains.	e2ccc990c73843b0bf302f6ff7f46887
408	Engineer Bottom	Pants	Uncommon	2	2	Trusty overalls for driving trains.	2eeb09f8db8e4aa8bcce9021be23d8c0
409	Pilot Aviators	Glasses	Common	2	1	Look dashing in the air and on the ground!  When equipped this applies the cosmetic <color=#4b64fa>Pilot Aviators</color> to your character in-game.	0dabb9d0f43049c390277ddd057c7cba
410	Black Poncho	Vest	Common	2	2	Comfortable fuzzy blanket.	bca1e3060ad34caea57fcac5e8bb0460
411	Blue Poncho	Vest	Common	2	2	Comfortable fuzzy blanket.	69cb31daf25f4d36a970ba489d18ba6c
412	Green Poncho	Vest	Common	2	2	Comfortable fuzzy blanket.	6bd2c455b1d74f5798ba4987180aa79e
413	Orange Poncho	Vest	Common	2	2	Comfortable fuzzy blanket.	311cdf8e761441dfb388ac81e4ac21a5
414	Purple Poncho	Vest	Common	2	2	Comfortable fuzzy blanket.	f1fe37b2566c4237a04acb2f367dbdde
415	Red Poncho	Vest	Common	2	2	Comfortable fuzzy blanket.	64a4238ae31a488da4884612df456acf
416	White Poncho	Vest	Common	2	2	Comfortable fuzzy blanket.	4faf6bed8a7344ec8f6cdcd961a24ac0
417	Yellow Poncho	Vest	Common	2	2	Comfortable fuzzy blanket.	4453e8ec43a24d309e72c32d6af4eed5
418	Headphones	Mask	Common	2	1	So loud that your enemies will never hear you coming! Or maybe that's the other way around.  When equipped this applies the cosmetic <color=#4b64fa>Headphones</color> to your character in-game.	a1b535234d8547058693cd704930cb4d
419	Pilot Jacket	Shirt	Common	3	2	Warm and comfy for the freezing cold of flying above the clouds.  When equipped this applies the cosmetic <color=#1f871f>Pilot Jacket</color> to your character in-game.	42475d72368142a698b9e1f77521859b
420	Biker Jacket	Shirt	Common	3	2	Uniform for cyclists.  When equipped this applies the cosmetic <color=#1f871f>Biker Jacket</color> to your character in-game.	d9b74c75417c4035bf80193b63d34a33
421	Suit Top	Shirt	Common	3	2	Boring tuxedo shirt.	8a85dcf780554ebe947de0725b86a951
422	Suit Bottom	Pants	Common	2	2	Boring tuxedo pants.	cb2551132b504a92a9ab392c483695eb
423	Engineer Hat	Hat	Uncommon	2	2	Trusty cap for driving trains.	019c28cb327d45daa90d5cce6a28e1ca
424	Fedora	Hat	Common	2	2	Hipster head embellishment.	0ddab83ed6bf45ba949a5e93cce818d2
425	Black Cap	Hat	Common	2	2	Shade providing American hat for watching sports.	b8ddce78ff3643c49fd4f63155dcee70
426	Blue Cap	Hat	Common	2	2	Shade providing American hat for watching sports.	31c27a7b6d6f4455bc1f29b939052c63
427	Green Cap	Hat	Common	2	2	Shade providing American hat for watching sports.	4fa10a95f582495f9680ff4484ace350
428	Orange Cap	Hat	Common	2	2	Shade providing American hat for watching sports.	7eab133d22114c0aa3a1563a39f5aac9
429	Purple Cap	Hat	Common	2	2	Shade providing American hat for watching sports.	c00b936dc7454fd6bb276b9542dbda5c
430	Red Cap	Hat	Common	2	2	Shade providing American hat for watching sports.	4a2f6611eb1f404ca864d5de87abe434
431	White Cap	Hat	Common	2	2	Shade providing American hat for watching sports.	758d924a72f24e198ff0dfcbadae0b66
432	Yellow Cap	Hat	Common	2	2	Shade providing American hat for watching sports.	83a848a208fb4c4aa89cb70e73108d40
433	Forest Beret	Hat	Uncommon	2	2	Bill's.	1726c4daebf447d2875ac6de5567f4b5
434	Black Balaclava	Mask	Common	2	2	Sneakybeaky ninja hood.	9d849c3f75ac405ca471fd65af4010b6
435	Blue Balaclava	Mask	Common	2	2	Sneakybeaky ninja hood.	c40d576a691d44caab1343e2a3ddccd5
436	Green Balaclava	Mask	Common	2	2	Sneakybeaky ninja hood.	7ff210e4653844bbaf08765c11274822
437	Orange Balaclava	Mask	Common	2	2	Sneakybeaky ninja hood.	ef773fedeb684aafb8cf25b9d6adf5f4
438	Purple Balaclava	Mask	Common	2	2	Sneakybeaky ninja hood.	597eb9204d794a5ca5fc6d9073d5fb61
439	Red Balaclava	Mask	Common	2	2	Sneakybeaky ninja hood.	4517f3df9cd04c28917f8837cb370620
440	White Balaclava	Mask	Common	2	2	Sneakybeaky ninja hood.	1190ef72e1924e87988a60034d86ec33
441	Yellow Balaclava	Mask	Common	2	2	Sneakybeaky ninja hood.	07db4122cdd7458294230aaccbb1fe92
442	Maple Rampart	Structure	Uncommon	2	1	Maple rampart. Beware of termites.	b711b8b1a4e6461aa01352b37a094b54
443	Maple Post	Structure	Uncommon	1	2	Maple post. Beware of termites.	5295a6a527ea400588a5f3e51c2d51a6
444	Birch Rampart	Structure	Common	2	1	Birch rampart. Beware of termites.	43f6fa0ddb874d9fabc284daa3ae59f6
445	Pine Rampart	Structure	Rare	2	1	Pine rampart. Beware of termites.	3a8efbc56b044e98be7634453f6f4be1
446	Metal Rampart	Structure	Epic	2	1	Metal rampart. Beware of robotic termites.	f2896720ad924d26a35c7883a67dffbf
447	Birch Post	Structure	Common	1	2	Birch post. Beware of termites.	8d27f9251bd14e38ba0cc741935fec89
448	Pine Post	Structure	Rare	1	2	Pine post. Beware of termites.	20c09459d02945e9b1dd65c5beba2763
449	Metal Post	Structure	Epic	1	2	Metal post. Beware of robotic termites.	620c99d34efb491caa7435bcf154b7f5
450	Maple Garage	Structure	Uncommon	2	1	Maple garage. Beware of termites.	fb62b3bdc01f4dd08390aaa1e72fc325
451	Maple Gate	Barricade	Uncommon	2	1	Maple gate ideal for keeping out unwanted visitors.	366d616032814bc2aec723a67bcc7629
452	Birch Garage	Structure	Common	2	1	Birch garage. Beware of termites.	076335bd07224f97a0bce47b0eb5538d
453	Pine Garage	Structure	Rare	2	1	Pine garage. Beware of termites.	057e0861b33f49848c1639193a9b8083
454	Metal Garage	Structure	Epic	2	1	Metal garage. Beware of robotic termites.	6d4baaba98de40708ae0df09ad7f1653
455	Birch Gate	Barricade	Common	2	1	Birch gate ideal for keeping out unwanted visitors.	ec5013e9761a4e30b16dc5a115fa3a29
456	Pine Gate	Barricade	Rare	2	1	Pine gate ideal for keeping out unwanted visitors.	9f1f78c1274d4f6cadbbc92f302a07fe
457	Metal Gate	Barricade	Epic	2	1	Metal gate ideal for keeping out unwanted visitors.	642a4ad41af845b298e49885ec79c84e
458	Portable Generator	Generator	Rare	2	2	Electricity generator covering a small radius powered by fuel.	72fae83175f34bde94bd52d40c7a9ebc
459	Spotlight	Barricade	Rare	2	2	Electricity powered wide angle light.	3407a91dde0c4454b91d5af072f11a4c
460	Bread	Food	Uncommon	1	1	Perfect blanket for tasty food.	4880f590a948465891188c5f96559340
461	Tuna Sandwich	Food	Rare	1	1	Tasty tuna in a blanket of bread.	681e174db6aa450c8c9c3d96cc26bfce
462	Milk Box	Water	Uncommon	1	2	Cow milk perfect for cookies.	72ca2f3c6d2f41dab406d09c1253a3da
463	Orange Juice	Water	Uncommon	1	2	Tasty orange juice extract.	1925bc9697364387aec2be00b8188967
464	Cheese	Food	Uncommon	1	1	Fills you with determination!	a51c979f42b34359bc7df4974ccb8b92
465	Canned Soda	Water	Common	1	1	Water saturated with sugar.	2c66de826a964b189e34c8e2a56ccb04
466	Grilled Cheese Sandwich	Food	Rare	1	1	Tasty grilled cheese in a blanket of bread.	b51b4d6f720640b88bd1459f0739572d
467	BLT Sandwich	Food	Rare	1	1	Bacon, lettuce, and tomato in a blanket of bread.	e3f93cb7593c4268bc38bc37214f56ca
468	Ham Sandwich	Food	Rare	1	1	Tasty ham and cheese in a blanket of bread.	db640db9d3f54c619b4c8ac075667e4a
469	Canned Ham	Food	Common	1	1	Pink and somehow cooked.	d365576c6d0a43cbb4550bfb4fc99ba4
470	Eggs	Food	Uncommon	2	1	Chicken eggs ready for the frying pan.	67d687f8e6974d0290343d21294940f9
471	Cake	Food	Epic	2	2	So delicious and moist.	8e3bffce28494c3db54eee126b92fcdb
472	Bottled Cola	Water	Uncommon	1	1	Water saturated with sugar.	f1fdcb83248b40a8aab68d70911d5a37
473	Bottled Soda	Water	Uncommon	1	1	Water saturated with sugar.	c83390665c6546b8befbf6f15ef202c4
474	Maple Rifle	Gun	Common	5	2	Maple rifle chambered in Rifle ammunition.	a909163e868f471290b0f66919dd52c4
475	Rifle Iron Sights	Sight	Common	1	1	Rail mounted iron sights.	3ee87afea8a24ea7b35ba7efb7703606
476	Makeshift Scope	Sight	Common	2	1	Rail mounted 6x zoom scope.	806bc882292247b78bd730ba073eb45a
477	Makeshift Muffler	Barrel	Common	2	1	Makeshift suppressor. Makes gunshots a bit quieter.	6eb5c705c58c472d9ed366708ac90750
478	Rifle Clip	Magazine	Common	1	1	Low caliber makeshift <color=common>Rifle</color> clip. Designed to fit 5 rounds.	e4698d4dbe044bf8afdcac7b73748d9a
479	Birch Rifle	Gun	Common	5	2	Birch rifle chambered in Rifle ammunition.	cdc4535e76db4da895649be269cdacbe
480	Pine Rifle	Gun	Common	5	2	Pine rifle chambered in Rifle ammunition.	37fdffea289349658130469d67ac79bb
481	Maple Bottle	Refill	Common	2	2	Sizeable container of liquid.	6526d3e0324945618b2eea4ad433cafd
482	Birch Bottle	Refill	Common	2	2	Sizeable container of liquid.	619c2420ac19420caf2a260eb3f9e9aa
483	Pine Bottle	Refill	Common	2	2	Sizeable container of liquid.	ce5ee551b908435a9dc632617b9b8e4c
484	Sportshot	Gun	Uncommon	5	2	American target shooting rifle chambered in Sportshot ammunition.	31788694007e49cbabb3319cce5424de
485	Sportshot Magazine	Magazine	Uncommon	1	1	Low caliber civilian grade <color=uncommon>Sportshot</color> magazine. Designed to fit 10 rounds.	8f9f6fd5a66e4520a98a3f51bfd00347
486	Sportshot Iron Sights	Sight	Common	1	1	Rail mounted iron sights.	c0b94d52898c4db083b191238ece8d9b
487	Makeshift Bat	Melee	Common	2	3	A wicked melee weapon.	e79bf4b498344051b59732ccc0fcf2b9
488	Desert Falcon	Gun	Epic	2	2	American cannon chambered in Desert Falcon ammunition.	c2065f079e734db4b278f15b17998af4
489	Desert Falcon Magazine	Magazine	Epic	1	1	High caliber military grade <color=epic>Desert Falcon</color> magazine. Designed to fit 7 rounds.	6ac91e4a73374ff4847ab5da1bf8e00c
490	Chainsaw	Melee	Uncommon	3	2	Tree chewing machine of death.	0280a6fce3d6474ebdf2495d466d5e9e
491	Gold Aviators	Glasses	Common	2	1	Premium aviators used by only the most renowned pilots.  When equipped this applies the cosmetic <color=#d2bf22>Gold Aviators</color> to your character in-game.	8de22582a81345e8b01eaa6000a50a85
492	3D	Glasses	Common	2	1	Everything has so much more depth!  When equipped this applies the cosmetic <color=#c832fa>3D Glasses</color> to your character in-game.	cb08b9467b8c45b499c4d0dcec9188f6
493	Mystery Box Key	Key	Common	1	1	Perfectly fits the lock of a <color=#d2bf22>Mystery Box!</color>  When used this will be consumed.	44eee442d7da42328db5b1e5bc6088d3
494	Red Mystery Box	Box	Common	1	1	<i>Contains one of the following 12 items:</i> <color=#4b64fa>Astronaut Helmet</color> <i><color=#767676>Hat</color></i> <color=#4b64fa>Earbuds</color> <i><color=#767676>Mask</color></i> <color=#4b64fa>Eyepatch</color> <i><color=#767676>Glasses</color></i> <color=#4b64fa>Magic Hat</color> <color=#4b64fa>Paper Hat</color> <color=#4b64fa>Pilot Aviators</color> <i><color=#767676>Glasses</color></i> <color=#4b64fa>Pocket Rose</color> <i><color=#767676>Vest</color></i> <color=#964bfa>Fez</color> <i><color=#767676>Hat</color></i> <color=#964bfa>Jolt T-Shirt</color> <color=#964bfa>Pirate Hat</color> <color=#c832fa>3D Glasses</color> <color=#c832fa>Rainbow Tie</color> <i><color=#767676>Vest</color></i> or, very rarely, a <color=#fa3219>Mythical Variant!</color>  <i>Potential Mythical effects:</i> Bubbling, Burning, Cosmic, Electric, Energized, Freezing, Glitched, Glowing, Lovely, Musical, Party, Shiny or Wealthy  Requires a <color=#d2bf22>Mystery Box Key</color> to open. When opened the key used will be consumed.	571f0e17d4bd416e8d2e6828299c0499
495	Fez	Hat	Common	2	2	Sanely, smartly dressed.  When equipped this applies the cosmetic <color=#964bfa>Fez</color> to your character in-game.	de53d1ef069e44bc81b020cedca4373f
496	Crown	Hat	Common	2	2	Worn by the true, glorious leader.  When equipped this applies the cosmetic <color=#4b64fa>Crown</color> to your character in-game.	b8667af5fd3f418991bfe24f22ff3f84
497	Obi	Hat	Common	2	2	Worn by a master of the martial arts.  When equipped this applies the cosmetic <color=#4b64fa>Obi</color> to your character in-game.	92431c8d6a4a4f7c8d059d4d92bda1ac
498	Antlers	Mask	Common	2	1	Magnificent statement of power.  When equipped this applies the cosmetic <color=#c832fa>Antlers</color> to your character in-game.	8e2a7dceece249448d6a05c9717f4ec7
499	Paper	Hat	Common	2	2	Captain the H.M.S Imagination!  When equipped this applies the cosmetic <color=#4b64fa>Paper Hat</color> to your character in-game.	12783268a41f4012b54c0a3ce1ac9ec1
500	Headress	Hat	Common	2	2	Meticulously crafted from blue phoenix feathers.  When equipped this applies the cosmetic <color=#964bfa>Headress</color> to your character in-game.	3b90d191412845518bc32f172cd6b7b8
501	Viking	Hat	Common	2	2	To Valhalla!  When equipped this applies the cosmetic <color=#4b64fa>Viking Helmet</color> to your character in-game.	c33807f5171044e5bd55690d4cb43b92
502	Eyepatch	Glasses	Common	2	1	Preserve your night vision when boarding enemy ships!  When equipped this applies the cosmetic <color=#4b64fa>Eyepatch</color> to your character in-game.	59a3f545ea2d4d6ab5f709b5580ca8aa
503	Fishing Rod	Fisher	Uncommon	3	1	Long-range fish generator. Suitable for most fishing conditions.	04e1a631fc0848a68b02022d8b1c2141
504	Raw Trout	Food	Uncommon	2	1	Rather smelly and fishy.	d228c0a89be74844a367760972689567
505	Raw Salmon	Food	Uncommon	2	1	Rather smelly and fishy.	7c09233d7e2c4ccfa59cf24f602d6ee9
506	Birch Rod	Fisher	Common	3	1	Long-range fish generator. Finicky and imprecise.	b8c982588f744fe890de959934616de8
507	Maple Rod	Fisher	Common	3	1	Long-range fish generator. Finicky and slow to respond.	f145006e7a704b77a4c54b2e121ee209
508	Pine Rod	Fisher	Common	3	1	Long-range fish generator. Finicky and prone to overcorrecting.	a957cbd0eba24236957f49d9ba707352
509	Fishing Hat	Hat	Uncommon	2	2	Naturally waterproof, perfect for fishing in the rain.	0422f8d2666b4667be5a1f4ebaaeef08
510	Fishing Top	Shirt	Uncommon	3	2	Naturally waterproof, perfect for fishing in the rain.	95b7f776a2e841c49ba9bfb13d9d3b65
511	Fishing Bottom	Pants	Uncommon	2	2	Naturally waterproof, perfect for fishing in the rain.	336f4bacef3043ccb88e01acd666742f
512	Cooked Trout	Food	Uncommon	2	1	Rather smelly and fishy.	1183047fcfd640e893a21ddb24000e30
513	Cooked Salmon	Food	Uncommon	2	1	Rather smelly and fishy.	2d6c74d430524040955e60f04e1399f2
514	Raw Venison	Food	Common	2	2	Fine texture, rich and gamey.	d25eabfc211f48ddbb9be752c0d870fc
515	Cooked Venison	Food	Common	2	2	Fine texture, rich and gamey.	bdffdef7d9784831b97dca9e27006b3d
516	Leather	Supply	Common	1	1	Durable material perfect for clothing.	01ee4903b12b4998aa0ad5d7a0a567ba
517	Leather Top	Shirt	Common	3	2	Durable crafted shirt.	381013b43ecd4ab58f34c312b70209fa
518	Leather Bottom	Pants	Common	2	2	Durable crafted pants.	9c99cb4e7efd4ae084fba0f82e6f481e
519	Rocket Launcher	Gun	Legendary	4	2	Russian rocket launcher chambered in Rockets.	af47bb9e0ba7443fa69435f1f594a10b
520	Rocket	Magazine	Legendary	2	1	Ranger grade <color=legendary>Launcher</color> rocket.	ca1eebc926724edaac61dc6067e2b7d4
521	Rocket Iron Sights	Sight	Common	1	1	Rail mounted iron sights.	80461c0355714a2e8a770f444b53386b
522	Twitch T-Shirt	Shirt	Common	3	2	Represent your stream or support your favorite streamers!  When equipped this applies the cosmetic <color=#3fa68a>Twitch T-Shirt</color> to your character in-game.	89a5267b761149ce95556c0bf65e4cce
523	Jolt T-Shirt	Shirt	Common	3	2	Igniting with the frenzy of electricity!  <color=#964bfa>Mythical Effects: Luminescent</color>  When equipped this applies the cosmetic <color=#964bfa>Jolt T-Shirt</color> to your character in-game.	0a248889227347c88ee7ee46c7efead9
524	Blaze T-Shirt	Shirt	Common	3	2	Flaming with the hunger of fire!  <color=#964bfa>Mythical Effects: Luminescent</color>  When equipped this applies the cosmetic <color=#964bfa>Blaze T-Shirt</color> to your character in-game.	ea6d169c1d6049d4acf1cbe9789cc542
525	Spark T-Shirt	Shirt	Common	3	2	Sparking with the frenzy of electricity!  When equipped this applies the cosmetic <color=#ffffff>Spark T-Shirt</color> to your character in-game.	87119e549ca14368b10fda771f74f6d0
526	Ember T-Shirt	Shirt	Common	3	2	Smouldering with the hunger of fire!  When equipped this applies the cosmetic <color=#ffffff>Ember T-Shirt</color> to your character in-game.	3ef5fe425b1e4f82a4c1b02b73cb6522
527	Blue Mystery Box	Box	Common	1	1	<i>Contains one of the following 12 items:</i> <color=#4b64fa>Crown</color> <i><color=#767676>Hat</color></i> <color=#4b64fa>Headphones</color> <i><color=#767676>Mask</color></i> <color=#4b64fa>Magic Cape</color> <i><color=#767676>Backpack</color></i> <color=#4b64fa>Obi</color> <i><color=#767676>Hat</color></i> <color=#4b64fa>Shades</color> <i><color=#767676>Glasses</color></i> <color=#4b64fa>Viking Helmet</color> <i><color=#767676>Hat</color></i> <color=#4b64fa>White Fedora</color> <i><color=#767676>Hat</color></i> <color=#964bfa>Blaze T-Shirt</color> <color=#964bfa>Headress</color> <i><color=#767676>Hat</color></i> <color=#964bfa>Ushanka</color> <i><color=#767676>Hat</color></i> <color=#c832fa>Antlers</color> <i><color=#767676>Mask</color></i> <color=#c832fa>Rainbow Bowtie</color> <i><color=#767676>Mask</color></i> or, very rarely, a <color=#fa3219>Mythical Variant!</color>  <i>Potential Mythical effects:</i> Bubbling, Burning, Cosmic, Electric, Energized, Freezing, Glitched, Glowing, Lovely, Musical, Party, Shiny or Wealthy  Requires a <color=#d2bf22>Mystery Box Key</color> to open. When opened the key used will be consumed.	c80bc727c29a4f0c930ec4d8af2860f3
528	White Tuxedo Top	Shirt	Common	3	2	Classy tuxedo, pure and stainless.  When equipped this applies the cosmetic <color=#1f871f>White Tuxedo Top</color> to your character in-game.	b74c09935b8a4034a74e1a2f03d85718
529	White Tuxedo Bottom	Pants	Common	2	2	Classy tuxedo, pure and stainless.  When equipped this applies the cosmetic <color=#1f871f>White Tuxedo Bottom</color> to your character in-game.	fa1fc58dfa784581b8f4773119b13b90
530	White Fedora	Hat	Common	2	2	Classy headwear, pure and stainless.  When equipped this applies the cosmetic <color=#4b64fa>White Fedora</color> to your character in-game.	ae8e646480a940398a16f963fd7241c5
531	Rose	Vest	Common	1	1	Symbol of respect for your enemies.  When equipped this applies the cosmetic <color=#4b64fa>Pocket Rose</color> to your character in-game.	64eb7aa4072042f382c06ba68ce1647e
532	Colorful Tie	Vest	Common	1	2	Enter those business meetings with confidence!  When equipped this applies the cosmetic <color=#ffffff>Colorful Tie</color> to your character in-game.	b3f55ba5a4654893a7ed6f5afe5bc69f
533	Rainbow Tie	Vest	Common	1	2	Enter those business meetings with confidence!  <color=#c832fa>Mythical Effects: Luminescent Dynamic</color>  When equipped this applies the cosmetic <color=#c832fa>Rainbow Tie</color> to your character in-game.	2cce5c5163554b27acd2f9bcee9e2f45
534	Colorful Bowtie	Mask	Common	1	1	Bowties are cool, colorful bowties are even cooler!  When equipped this applies the cosmetic <color=#ffffff>Colorful Bowtie</color> to your character in-game.	a0bee05379b54f9f870aa85110d26d71
535	Rainbow Bowtie	Mask	Common	1	1	Bowties are cool, rainbow bowties are even cooler!  <color=#c832fa>Mythical Effects: Luminescent Dynamic</color>  When equipped this applies the cosmetic <color=#c832fa>Rainbow Bowtie</color> to your character in-game.	fdb343066bff4a23ac5b69325ee966a4
536	Turtle Shirt	Shirt	Common	3	2	Terry the turtle likes you.  When equipped this applies the cosmetic <color=#ffffff>Turtle Shirt</color> to your character in-game.	74c38c373871403dbe872af214c33bdd
537	Banana Shirt	Shirt	Common	3	2	Rich in healthy potassium! Recommended sale price: $44.99.  When equipped this applies the cosmetic <color=#ffffff>Banana Shirt</color> to your character in-game.	51bc2d4c36494261bc379774ef117445
538	Designer Jeans	Pants	Common	2	2	Highly fashionable denim.  When equipped this applies the cosmetic <color=#ffffff>Designer Jeans</color> to your character in-game.	531bccebb80e4f9cb16c400cabe2ce82
539	Wave Shirt	Shirt	Common	3	2	Dramatic splash of the ocean.  When equipped this applies the cosmetic <color=#ffffff>Wave Shirt</color> to your character in-game.	f66069f7e6474c50a87fba054978d894
540	Fish Shirt	Shirt	Common	3	2	Fred the fish is keeping an eye out for you.  When equipped this applies the cosmetic <color=#ffffff>Fish Shirt</color> to your character in-game.	e895097676cd430a94e16db3546de68e
541	Heart Shirt	Shirt	Common	3	2	You must have collected a lot of health containers!  When equipped this applies the cosmetic <color=#ffffff>Heart Shirt</color> to your character in-game.	124b8582c352462f8ee211a6e6ce0da6
542	Snow Shirt	Shirt	Common	3	2	The cold never bothered you anyway.  When equipped this applies the cosmetic <color=#ffffff>Snow Shirt</color> to your character in-game.	2a70726b370f4fb89f8c2470573dece4
543	Tornado Shirt	Shirt	Common	3	2	Scrambled beyond recognition by a twister.  When equipped this applies the cosmetic <color=#ffffff>Tornado Shirt</color> to your character in-game.	a23a375f018e4154ba5b535847d0a1bb
544	Flower Shirt	Shirt	Common	3	2	Nurtured lovingly into a fragrant blossom.  When equipped this applies the cosmetic <color=#ffffff>Flower Shirt</color> to your character in-game.	d5f17c29a247490886baf785746ceeb3
545	Pirate	Hat	Common	3	2	Ready to go hunting for treasure!  When equipped this applies the cosmetic <color=#964bfa>Pirate Hat</color> to your character in-game.	7ae01542902c4789bbd4ce9eb3096ad8
546	Pirate Top	Shirt	Common	3	2	Swaggering trenchcoat fit for a crazy pirate.  When equipped this applies the cosmetic <color=#1f871f>Pirate Top</color> to your character in-game.	02590a4b85e54f8ba1a5566dd06e569c
547	Pirate Bottom	Pants	Common	2	2	Swaggering trenchcoat fit for a crazy pirate.  When equipped this applies the cosmetic <color=#1f871f>Pirate Bottom</color> to your character in-game.	3cdde69b8a634894b112a4cc303135c2
548	Designer Jeans	Pants	Common	2	2	Highly fashionable denim.	55c69817a31448b685c7f788ec7d2d0c
549	Outfit Jeans	Pants	Common	2	2	Denim day-to-day pants.  When equipped this applies the cosmetic <color=#ffffff>Outfit Jeans</color> to your character in-game.	753e330728f34c9fae993f46791060fa
550	Work Jeans	Pants	Common	2	2	Denim construction pants.  When equipped this applies the cosmetic <color=#ffffff>Work Jeans</color> to your character in-game.	02d80a43e2f548609d77f988f391a79a
551	Trouser Pants	Pants	Common	2	2	Grey pants for any occasion.  When equipped this applies the cosmetic <color=#ffffff>Trouser Pants</color> to your character in-game.	2988d01f89114368b6d67d863f58387d
552	Gold Tie	Vest	Common	1	2	Premium tie designed to reflect spectacularly.  When equipped this applies the cosmetic <color=#d2bf22>Gold Tie</color> to your character in-game.	3433a8d2d69e48e281c524ac860ffc84
553	Gold Suit Top	Shirt	Common	3	2	Premium suit woven from the finest fabrics.  When equipped this applies the cosmetic <color=#d2bf22>Gold Suit Top</color> to your character in-game.	87ce68e6ff57458aaf4ded8d6cc964cd
554	Gold Suit Bottom	Pants	Common	2	2	Premium suit woven from the finest fabrics.  When equipped this applies the cosmetic <color=#d2bf22>Gold Suit Bottom</color> to your character in-game.	0e6de1eac6704a1ab8372ef605cd4b4a
555	Gold Tophat	Hat	Common	2	2	Premium hat for British head embelishment.  When equipped this applies the cosmetic <color=#d2bf22>Gold Tophat</color> to your character in-game.	46cd15dab5064d7fa7b61eb439c58591
556	Corduroy Pants	Pants	Common	2	2	Also known for associating with bears.  When equipped this applies the cosmetic <color=#ffffff>Corduroy Pants</color> to your character in-game.	e1b465a51bb5480dae531f26da7c9531
557	Khaki Pants	Pants	Common	2	2	British pants for maximum uniform.  When equipped this applies the cosmetic <color=#ffffff>Khaki Pants</color> to your character in-game.	5cd4050b504d4d7789bd52cd799e6eb3
558	Astronaut Top	Shirt	Common	3	2	Carefully sealed to make sure space doesn't leak in while you soar through the stars!  When equipped this applies the cosmetic <color=#1f871f>Astronaut Top</color> to your character in-game.	bcfdd91d0f754bc69be9c5066de13ccb
559	Astronaut Bottom	Pants	Common	2	2	Carefully sealed to make sure space doesn't leak in while you soar through the stars!  When equipped this applies the cosmetic <color=#1f871f>Astronaut Bottom</color> to your character in-game.	c38a02912447493bb599418474c7b2f8
560	Astronaut	Hat	Common	2	2	Boldly go where no man has gone before.  When equipped this applies the cosmetic <color=#4b64fa>Astronaut Helmet</color> to your character in-game.	1c0cbd5aafa94b3da96a59c6a7328d28
561	Magic Hat	Hat	Common	2	2	Remarkably good at sorting things.  When equipped this applies the cosmetic <color=#4b64fa>Magic Hat</color> to your character in-game.	6e1ccdd59f8f4315bbaeb0d74367eb16
562	Magic Cape	Backpack	Common	2	2	Passed down the generations, said to grant invisibility.  When equipped this applies the cosmetic <color=#4b64fa>Magic Cape</color> to your character in-game.	85e599a2646d479b97aec947ee288077
563	Magic Top	Shirt	Common	3	2	Enchanted with spells older than time itself.  When equipped this applies the cosmetic <color=#1f871f>Magic Top</color> to your character in-game.	6809dc9897744b009f202308df45f925
564	Magic Bottom	Pants	Common	2	2	Enchanted with spells older than time itself.  When equipped this applies the cosmetic <color=#1f871f>Magic Bottom</color> to your character in-game.	595a04bb76d84ed2a95710586e05907e
565	Corduroy Shorts	Pants	Common	2	2	Also known for associating with bears.  When equipped this applies the cosmetic <color=#ffffff>Corduroy Shorts</color> to your character in-game.	bf3662259e264dc2abbe42b246b9ff72
566	Khaki Shorts	Pants	Common	2	2	British shorts for maximum uniform.  When equipped this applies the cosmetic <color=#ffffff>Khaki Shorts</color> to your character in-game.	fcb01f2dff87466aae1aa1c39dd5e876
567	Trouser Shorts	Pants	Common	2	2	Grey shorts for any occasion.  When equipped this applies the cosmetic <color=#ffffff>Trouser Shorts</color> to your character in-game.	a002cfc2ae8c4fd0b12015956acff33c
568	Shades	Glasses	Common	2	1	Who needs to be able to see when you're this cool?  When equipped this applies the cosmetic <color=#4b64fa>Shades</color> to your character in-game.	ecbaae9549bb42a1ae7fe5665ec7a558
569	Ushanka	Hat	Common	2	2	Warm Russian hat for the blizzarding winters.  When equipped this applies the cosmetic <color=#964bfa>Ushanka</color> to your character in-game.	96bd438e3a5d45f5bd67421b76794a36
570	Earbuds	Mask	Common	1	1	Casual music listening device.  When equipped this applies the cosmetic <color=#4b64fa>Earbuds</color> to your character in-game.	81c47d28d1b24012a07d4d5be9b35ea5
571	Raw Hanuberries	Water	Common	1	1	Very suspicious looking.	0242ac749e2746e6930a99f1cb8e821c
572	Refined Hanuberries	Water	Common	1	1	Slightly less suspicious looking.	2bb6c5a57851486ebd2e3ed71b4806ad
573	Hanuberry Pie	Food	Epic	2	2	Baked to perfection.	93f50dd08e5e4fe190fba60f1c1b322f
574	Hanuberry Seed	Farm	Common	1	1	Ready for planting and eating.	3bfd564a78654b0aad00ffbb87607bf6
577	Carbon Fiber Mystery Box	Box	Common	1	1	<i>Contains one of the following 13 items:</i> <color=#4b64fa>Chamsai Timberwolf</color> <i><color=#767676>Skin</color></i> <color=#4b64fa>Corrosive Eaglefire</color> <i><color=#767676>Skin</color></i> <color=#4b64fa>Digital Sabertooth</color> <i><color=#767676>Skin</color></i> <color=#4b64fa>Inferno Ace</color> <i><color=#767676>Skin</color></i> <color=#4b64fa>Nightfall Cobra</color> <i><color=#767676>Skin</color></i> <color=#4b64fa>Tiger Crossbow</color> <i><color=#767676>Skin</color></i> <color=#4b64fa>Wireframe Bluntforce</color> <i><color=#767676>Skin</color></i> <color=#4b64fa>Worksite Rocket Launcher</color> <i><color=#767676>Skin</color></i> <color=#964bfa>Blueprint Peacemaker</color> <i><color=#767676>Skin</color></i> <color=#964bfa>Quasar PDW</color> <i><color=#767676>Skin</color></i> <color=#964bfa>Rainbow Katana</color> <i><color=#767676>Skin</color></i> <color=#c832fa>Darkheart Grizzly</color> <i><color=#767676>Skin</color></i> <color=#c832fa>Orbital Zubeknakov</color> <i><color=#767676>Skin</color></i> or, very rarely, a <color=#fa3219>Mythical Variant!</color>  <i>Potential Mythical effects:</i> Bubbling, Burning, Cosmic, Electric, Energized, Freezing, Glitched, Lovely, Musical, Shiny or Wealthy  Requires a <color=#d2bf22>Mystery Box Key</color> to open. When opened the key used will be consumed.	b063007ac25146f7b29591d403fdb443
578	Chrome Plated Mystery Box	Box	Common	1	1	<i>Contains one of the following 13 items:</i> <color=#4b64fa>Bluesteel Avenger</color> <i><color=#767676>Skin</color></i> <color=#4b64fa>Cakemix Bluntforce</color> <i><color=#767676>Skin</color></i> <color=#4b64fa>Honeycomb Viper</color> <i><color=#767676>Skin</color></i> <color=#4b64fa>Magma Desert Falcon</color> <i><color=#767676>Skin</color></i> <color=#4b64fa>Mosaic Eaglefire</color> <i><color=#767676>Skin</color></i> <color=#4b64fa>Overloaded Grizzly</color> <i><color=#767676>Skin</color></i> <color=#4b64fa>Plaid Yuri</color> <i><color=#767676>Skin</color></i> <color=#4b64fa>Royal Zubeknakov</color> <i><color=#767676>Skin</color></i> <color=#964bfa>Engraved Cobra</color> <i><color=#767676>Skin</color></i> <color=#964bfa>Paintbucket Heartbreaker</color> <i><color=#767676>Skin</color></i> <color=#964bfa>Rainbow Butterfly Knife</color> <i><color=#767676>Skin</color></i> <color=#c832fa>Hypertech Maplestrike</color> <i><color=#767676>Skin</color></i> <color=#c832fa>Vintage Timberwolf</color> <i><color=#767676>Skin</color></i> or, very rarely, a <color=#fa3219>Mythical Variant!</color>  <i>Potential Mythical effects:</i> Bubbling, Burning, Cosmic, Electric, Energized, Freezing, Glitched, Lovely, Musical, Shiny or Wealthy  Requires a <color=#d2bf22>Mystery Box Key</color> to open. When opened the key used will be consumed.	7c25d40e43c341408f39028fcb0f5d79
579	Pumpkin	Hat	Common	2	2	Happy halloween!  When equipped this applies the cosmetic <color=#c832fa>Jack-o-Lantern</color> to your character in-game.	d8a26fb4e27e42b89934aeb5eba761e3
580	Halloween Cape	Backpack	Common	2	2	Happy halloween!  When equipped this applies the cosmetic <color=#964bfa>Halloween Cape</color> to your character in-game.	64aaff67eb56499aba9dceed62d9f217
581	Halloween Top	Shirt	Common	3	2	Happy halloween!  When equipped this applies the cosmetic <color=#4b64fa>Halloween Top</color> to your character in-game.	1a7950970e824ffdba66114026cefc89
582	Halloween Bottom	Pants	Common	2	2	Happy halloween!  When equipped this applies the cosmetic <color=#4b64fa>Halloween Bottom</color> to your character in-game.	d0769416f8064b9fbbc415b6688cf957
583	Halloween Gift Present	Box	Common	1	1	<i>Contains one of the following 23 items:</i> <color=#4b64fa>Cobweb Bluntforce</color> <i><color=#767676>Skin</color></i> <color=#4b64fa>Cobweb Butterfly Knife</color> <i><color=#767676>Skin</color></i> <color=#4b64fa>Cobweb Calling Card</color> <i><color=#767676>Skin</color></i> <color=#4b64fa>Cobweb Machete</color> <i><color=#767676>Skin</color></i> <color=#4b64fa>Cobweb Military Knife</color> <i><color=#767676>Skin</color></i> <color=#4b64fa>Halloween Bottom</color> <i><color=#767676>Pants</color></i> <color=#4b64fa>Halloween Top</color> <i><color=#767676>Shirt</color></i> <color=#4b64fa>Mad Scientist Top</color> <i><color=#767676>Shirt</color></i> <color=#4b64fa>Mummy Bottom</color> <i><color=#767676>Pants</color></i> <color=#4b64fa>Mummy Top</color> <i><color=#767676>Shirt</color></i> <color=#4b64fa>Skeleton Bottom</color> <i><color=#767676>Pants</color></i> <color=#4b64fa>Skeleton Top</color> <i><color=#767676>Shirt</color></i> <color=#4b64fa>Vampire Top</color> <i><color=#767676>Shirt</color></i> <color=#964bfa>Cobweb Bandana</color> <i><color=#767676>Mask</color></i> <color=#964bfa>Cobweb Compound Bow</color> <i><color=#767676>Skin</color></i> <color=#964bfa>Cobweb Katana</color> <i><color=#767676>Skin</color></i> <color=#964bfa>Halloween Cape</color> <i><color=#767676>Backpack</color></i> <color=#964bfa>Vampire Cape</color> <i><color=#767676>Backpack</color></i> <color=#964bfa>Vampire Cowl</color> <i><color=#767676>Vest</color></i> <color=#c832fa>Bolt</color> <i><color=#767676>Mask</color></i> <color=#c832fa>Jack-o-Lantern</color> <i><color=#767676>Hat</color></i> <color=#c832fa>Mad Scientist Goggles</color> <i><color=#767676>Glasses</color></i> <color=#c832fa>Mummy Hat</color> or, very rarely, a <color=#fa3219>Mythical Variant!</color>  <i>Potential Mythical effects:</i> Blood Sucker  Does not require a key to open. When opened this will be consumed.	5471a6910d234c8c9ada8a6d44d550ef
584	Mummy	Hat	Common	2	2	Risen from the crypt for the first time in millenia!  When equipped this applies the cosmetic <color=#c832fa>Mummy Hat</color> to your character in-game.	03d8b3047d68492aa43c1a2bfae4d77d
585	Mummy Top	Shirt	Common	3	2	Risen from the crypt for the first time in millenia!  When equipped this applies the cosmetic <color=#4b64fa>Mummy Top</color> to your character in-game.	3ee0e8d398db420ab458edefb21dc0e0
586	Mummy Bottom	Pants	Common	2	2	Risen from the crypt for the first time in millenia!  When equipped this applies the cosmetic <color=#4b64fa>Mummy Bottom</color> to your character in-game.	a8415a18fbdd4c6e89452d1f0400328c
587	Skeleton Top	Shirt	Common	3	2	Even the sight of it sends shivers down your spine!  When equipped this applies the cosmetic <color=#4b64fa>Skeleton Top</color> to your character in-game.	81b1c97a17c74be8976d6bd940578d3f
588	Skeleton Bottom	Pants	Common	2	2	Even the sight of it sends shivers down your spine!  When equipped this applies the cosmetic <color=#4b64fa>Skeleton Bottom</color> to your character in-game.	2f418e21db8d495f9c4059fa03676e32
589	Cobweb Bandana	Mask	Common	1	1	Silky webbing in an elaborate pattern.  When equipped this applies the cosmetic <color=#964bfa>Cobweb Bandana</color> to your character in-game.	1bfe155551fb4632a98c311c1928ba66
590	Festive Gift Present	Box	Common	1	1	<i>Contains one of the following 21 items:</i> <color=#4b64fa>Candycane Baseball Bat</color> <i><color=#767676>Skin</color></i> <color=#4b64fa>Candycane Compound Bow</color> <i><color=#767676>Skin</color></i> <color=#4b64fa>Candycane Rocket Launcher</color> <i><color=#767676>Skin</color></i> <color=#4b64fa>Candycane Shadowstalker</color> <i><color=#767676>Skin</color></i> <color=#4b64fa>Elf Top</color> <i><color=#767676>Shirt</color></i> <color=#4b64fa>Festive Bottom</color> <i><color=#767676>Pants</color></i> <color=#4b64fa>Festive Top</color> <i><color=#767676>Shirt</color></i> <color=#4b64fa>Holiday Sweater</color> <i><color=#767676>Shirt</color></i> <color=#4b64fa>Ornamental Augewehr</color> <i><color=#767676>Skin</color></i> <color=#4b64fa>Ornamental Chainsaw</color> <i><color=#767676>Skin</color></i> <color=#4b64fa>Ornamental Dragonfang</color> <i><color=#767676>Skin</color></i> <color=#4b64fa>Ornamental Matamorez</color> <i><color=#767676>Skin</color></i> <color=#4b64fa>Snowman Bottom</color> <i><color=#767676>Pants</color></i> <color=#4b64fa>Snowman Top</color> <i><color=#767676>Shirt</color></i> <color=#964bfa>Carrot Nose</color> <i><color=#767676>Glasses</color></i> <color=#964bfa>Holiday Scarf</color> <i><color=#767676>Vest</color></i> <color=#964bfa>Reindeer Nose</color> <i><color=#767676>Glasses</color></i> <color=#c832fa>Elf Hat</color> <color=#c832fa>Festive Hat</color> <color=#c832fa>Santa's Sleigh APC</color> <i><color=#767676>Skin</color></i> <color=#c832fa>Snowman Hat</color> <i><color=#767676>Mask</color></i> or, very rarely, a <color=#fa3219>Mythical Variant!</color>  <i>Potential Mythical effects:</i> Holiday Spirit  Does not require a key to open. When opened this will be consumed.	69eb9a167abc4b8b8e95ee8ec80d8999
591	Snowman	Mask	Common	2	2	A friendly jolly soul!  When equipped this applies the cosmetic <color=#c832fa>Snowman Hat</color> to your character in-game.	2cb2b8c0a2f44122b3f10e5a8cb41cd8
592	Snowman Top	Shirt	Common	3	2	A friendly jolly soul!  When equipped this applies the cosmetic <color=#4b64fa>Snowman Top</color> to your character in-game.	588ebff1a09b4136b216ee00c8df5ad7
593	Snowman Bottom	Pants	Common	2	2	A friendly jolly soul!  When equipped this applies the cosmetic <color=#4b64fa>Snowman Bottom</color> to your character in-game.	8ab2cbf9287f459089ccdec287a58355
594	Carrot	Glasses	Common	2	1	Hey - don't eat that!  When equipped this applies the cosmetic <color=#964bfa>Carrot Nose</color> to your character in-game.	15720c9a1e7641be9568aafa3760ed89
595	Reindeer	Glasses	Common	2	1	Bright as a lighthouse!  When equipped this applies the cosmetic <color=#964bfa>Reindeer Nose</color> to your character in-game.	a7de145b72ca4ece8686abe15966ed09
596	Holiday Sweater	Shirt	Common	3	2	Knitted specially for you.  When equipped this applies the cosmetic <color=#4b64fa>Holiday Sweater</color> to your character in-game.	2144666a7f4f4686b8e197c97d8cee24
597	Holiday Scarf	Vest	Common	2	2	Knitted specially for you.  When equipped this applies the cosmetic <color=#964bfa>Holiday Scarf</color> to your character in-game.	1c48ba4636024635baa9a3dbc84f7812
598	Purple Mystery Box	Box	Common	1	1	<i>Contains one of the following 15 items:</i> <color=#4b64fa>Bucket Helmet</color> <i><color=#767676>Mask</color></i> <color=#4b64fa>Conical Hat</color> <color=#4b64fa>Corrosive Peacemaker</color> <i><color=#767676>Skin</color></i> <color=#4b64fa>Detective Cap</color> <i><color=#767676>Hat</color></i> <color=#4b64fa>Jester Cap</color> <i><color=#767676>Hat</color></i> <color=#4b64fa>Overloaded Zubeknakov</color> <i><color=#767676>Skin</color></i> <color=#4b64fa>Parrot</color> <i><color=#767676>Vest</color></i> <color=#4b64fa>Sombrero</color> <i><color=#767676>Hat</color></i> <color=#4b64fa>Wind Up Key</color> <i><color=#767676>Backpack</color></i> <color=#4b64fa>Zebra Snayperskya</color> <i><color=#767676>Skin</color></i> <color=#964bfa>Clockwork Nykorev</color> <i><color=#767676>Skin</color></i> <color=#964bfa>Hieroglyphic Yuri</color> <i><color=#767676>Skin</color></i> <color=#964bfa>News Cap</color> <i><color=#767676>Hat</color></i> <color=#c832fa>Hypertech Timberwolf</color> <i><color=#767676>Skin</color></i> <color=#c832fa>Nautical Matamorez</color> <i><color=#767676>Skin</color></i> or, very rarely, a <color=#fa3219>Mythical Variant!</color>  <i>Potential Mythical effects:</i> Bubbling, Burning, Cosmic, Electric, Energized, Freezing, Glitched, Lovely, Musical, Shiny or Wealthy  Requires a <color=#d2bf22>Mystery Box Key</color> to open. When opened the key used will be consumed.	1e3f610da1244ccaacfe493f3e1f1f9e
599	Sombrero	Hat	Common	2	2	Big, fun to wear hat.  When equipped this applies the cosmetic <color=#4b64fa>Sombrero</color> to your character in-game.	54c4ffae01d14bab8dd8bfdfe00953ce
600	Conical	Hat	Common	2	2	Daily work hat made of straw.  When equipped this applies the cosmetic <color=#4b64fa>Conical Hat</color> to your character in-game.	f10bda46f6644166a4653fab72e07bbe
601	Jester	Hat	Common	2	2	Entertain the courts by juggling, signing, dancing, storytelling and magic!  When equipped this applies the cosmetic <color=#4b64fa>Jester Cap</color> to your character in-game.	1dbc30a35ea846c7a4aa7bb2fa9ed5aa
602	News	Hat	Common	2	2	Paper paper, read all about it!  When equipped this applies the cosmetic <color=#964bfa>News Cap</color> to your character in-game.	a0cdbd0db5044fa488ea5c4ed420f0e3
603	Windup	Backpack	Common	2	2	Crank once every twenty-four hours to remain energized.  When equipped this applies the cosmetic <color=#4b64fa>Wind Up Key</color> to your character in-game.	1f58a7f26dac42abb429420492e3ff1a
604	Bucket	Mask	Common	2	2	Prevents your head from leaking.  When equipped this applies the cosmetic <color=#4b64fa>Bucket Helmet</color> to your character in-game.	f05ffb12d7c04087adc7183c0fbad772
605	Detective	Hat	Common	2	2	We can infer from the evidence before us... that this hat increases deduction by twelve points!  When equipped this applies the cosmetic <color=#4b64fa>Detective Cap</color> to your character in-game.	b7e9316b2a94421b88033820476b29a9
606	Parrot	Vest	Common	1	1	Every pirate needs a trusty parrot!  When equipped this applies the cosmetic <color=#4b64fa>Parrot</color> to your character in-game.	c54939f50faa426384f0f83f1caa8305
607	Detective Top	Shirt	Common	3	2	Plenty of pockets to store your magnifying glasses.  When equipped this applies the cosmetic <color=#1f871f>Detective Top</color> to your character in-game.	38c2bc518ffc40388940603c83fd46b0
608	Detective Bottom	Pants	Common	2	2	Plenty of pockets to store your magnifying glasses.  When equipped this applies the cosmetic <color=#1f871f>Detective Bottom</color> to your character in-game.	c28c39a408f3429e8e3561c1ad32fe2a
609	Educated	Hat	Common	2	2	Owned by academically achieved individuals.  This was awarded for completing the <color=#fa6419>Educated</color> achievement.  When equipped this applies the cosmetic <color=#fa6419>Graduation Cap</color> to your character in-game.	0b9e6a8172a8401487a1830e04ff1d02
610	Mod T-Shirt	Shirt	Common	3	2	Owned by well-respected forum moderators.  <color=#fa3219>Mythical Effects: Luminescent</color>  When equipped this applies the cosmetic <color=#fa3219>Mod T-Shirt</color> to your character in-game.	e17cb58b5f4d4229896fa75db3f803a8
611	Swashbuckler Hat	Hat	Common	2	2	Yarr! Every pirate loves open seas and sailin'  <color=#64c819>Workshop Contributors: Fiffe</color>  When equipped this applies the cosmetic <color=#64c819>Swashbuckler Hat</color> to your character in-game.	5091dc82951f427faf73b7e756f09e83
612	Swashbuckler Bottom	Pants	Common	2	2	Yarr! Every pirate loves open seas and sailin'  <color=#64c819>Workshop Contributors: Fiffe</color>  When equipped this applies the cosmetic <color=#64c819>Swashbuckler Bottom</color> to your character in-game.	9f5253bb1e24418d97ce8ac194cb9c4a
613	Swashbuckler Top	Shirt	Common	3	2	Yarr! Every pirate loves open seas and sailin'  <color=#64c819>Workshop Contributors: Fiffe</color>  When equipped this applies the cosmetic <color=#64c819>Swashbuckler Top</color> to your character in-game.	7a4fe481e70240e3bdd03fa892a2dcb3
615	Cyborg	Glasses	Common	1	1	Install a bionic upgrade today!  <color=#64c819>Mythical Effects: Luminescent</color>  <color=#64c819>Workshop Contributors: Fatsheep Lord</color>  When equipped this applies the cosmetic <color=#64c819>Cyborg Implant</color> to your character in-game.	072c75bbad174de4a3fb52c56a07f746
616	Plague Doctor Hat	Hat	Common	2	2	Medieval physician for hire during an epidemic.  <color=#64c819>Workshop Contributors: Fatsheep</color>  When equipped this applies the cosmetic <color=#64c819>Plague Doctor Hat</color> to your character in-game.	daf02a225ebc4b76ae51ca485706e470
617	Plague Doctor Mask	Mask	Common	2	2	Medieval physician for hire during an epidemic.  <color=#64c819>Workshop Contributors: Fatsheep</color>  When equipped this applies the cosmetic <color=#64c819>Plague Doctor Mask</color> to your character in-game.	1adc30f0dbf246eba1c0c6a183206aad
619	Plague Doctor Top	Shirt	Common	3	2	Medieval physician for hire during an epidemic.  <color=#64c819>Workshop Contributors: Lord</color>  When equipped this applies the cosmetic <color=#64c819>Plague Doctor Top</color> to your character in-game.	9fd6032f9a24404eaf28961fc7f2d289
620	Plague Doctor Bottom	Pants	Common	2	2	Medieval physician for hire during an epidemic.  <color=#64c819>Workshop Contributors: Lord</color>  When equipped this applies the cosmetic <color=#64c819>Plague Doctor Bottom</color> to your character in-game.	d4ec52a157f746edbc3a4df8ae79ddef
621	Queen's Guard Hat	Hat	Common	2	2	Make way for the Queen's Guard!  <color=#64c819>Workshop Contributors: Fiffe</color>  When equipped this applies the cosmetic <color=#64c819>Queen's Guard Hat</color> to your character in-game.	f706c3e8d25845968d9c3899c7492bef
622	Queen's Guard Top	Shirt	Common	3	2	Make way for the Queen's Guard!  <color=#64c819>Workshop Contributors: Fiffe</color>  When equipped this applies the cosmetic <color=#64c819>Queen's Guard Top</color> to your character in-game.	3abb821bba574481b3bebe211a6e19ff
623	Queen's Guard Bottom	Pants	Common	2	2	Make way for the Queen's Guard!  <color=#64c819>Workshop Contributors: Fiffe</color>  When equipped this applies the cosmetic <color=#64c819>Queen's Guard Bottom</color> to your character in-game.	2764f0bf69724331a394b9519f70e70f
624	USA Jersey	Shirt	Common	3	2	Proudly display the USA's colors!  When equipped this applies the cosmetic <color=#ffffff>USA Jersey</color> to your character in-game.	39386a7b13c245b98e2d0d956da33f3e
625	Australian Jersey	Shirt	Common	3	2	Proudly display Australia's colors!  When equipped this applies the cosmetic <color=#ffffff>Australian Jersey</color> to your character in-game.	03bdb3fc6745492d933fe7f92522ba81
626	Brazilian Jersey	Shirt	Common	3	2	Proudly display Brazil's colors!  When equipped this applies the cosmetic <color=#ffffff>Brazilian Jersey</color> to your character in-game.	3e9c15ee5c2145b3805a458967acca8f
627	Canadian Jersey	Shirt	Common	3	2	Proudly display Canada's colors!  When equipped this applies the cosmetic <color=#ffffff>Canadian Jersey</color> to your character in-game.	26869bfa75224cca943c37f659df065f
628	Chinese Jersey	Shirt	Common	3	2	Proudly display China's colors!  When equipped this applies the cosmetic <color=#ffffff>Chinese Jersey</color> to your character in-game.	bdcace8342c547d8ba83d6f4a3a900f6
629	French Jersey	Shirt	Common	3	2	Proudly display France's colors!  When equipped this applies the cosmetic <color=#ffffff>French Jersey</color> to your character in-game.	87f080fba3e742c5b9295c36efa425cd
630	German Jersey	Shirt	Common	3	2	Proudly display Germany's colors!  When equipped this applies the cosmetic <color=#ffffff>German Jersey</color> to your character in-game.	291b50acaafa419fb50973eddddaae9e
631	UK Jersey	Shirt	Common	3	2	Proudly display the UK's colors!  When equipped this applies the cosmetic <color=#ffffff>UK Jersey</color> to your character in-game.	eed3737de3384324842a5cc5eae58292
632	Polish Jersey	Shirt	Common	3	2	Proudly display Poland's colors!  When equipped this applies the cosmetic <color=#ffffff>Polish Jersey</color> to your character in-game.	67ddee8173b94bea805a887d459de010
633	Russian Jersey	Shirt	Common	3	2	Proudly display Russia's colors!  When equipped this applies the cosmetic <color=#ffffff>Russian Jersey</color> to your character in-game.	9084a5f4c2d342ee8ba59c64d1b3d90e
634	Swedish Jersey	Shirt	Common	3	2	Proudly display Sweden's colors!  When equipped this applies the cosmetic <color=#ffffff>Swedish Jersey</color> to your character in-game.	344b87a596074e468e66c708f5c3255d
635	Thai Jersey	Shirt	Common	3	2	Proudly display Thailand's colors!  When equipped this applies the cosmetic <color=#ffffff>Thai Jersey</color> to your character in-game.	aa1d6420e5ef4bc3b796b599e7a68742
636	Norwegian Jersey	Shirt	Common	3	2	Proudly display Norway's colors!  When equipped this applies the cosmetic <color=#ffffff>Norwegian Jersey</color> to your character in-game.	f353c2f76148480f8c81c379113e54c7
637	Turkish Jersey	Shirt	Common	3	2	Proudly display Türkiye's colors!  When equipped this applies the cosmetic <color=#ffffff>Turkish Jersey</color> to your character in-game.	467d6b9fe7ac4e1e86076c885d4983b9
638	Danish Jersey	Shirt	Common	3	2	Proudly display Denmark's colors!  When equipped this applies the cosmetic <color=#ffffff>Danish Jersey</color> to your character in-game.	2faf54f6fca34ecd959f63d32c2c89fa
639	HMD	Glasses	Common	2	1	Open-world scale VR!  When equipped this applies the cosmetic <color=#3fa68a>HMD</color> to your character in-game.	66f41b434cf6418d938abfd75cbf37e2
640	Boom Shirt	Shirt	Common	3	2	Who doesn't like big explosions?  <color=#64c819>Mythical Effects: Luminescent</color>  <color=#64c819>Workshop Contributors: MeLikeBigBoom</color>  When equipped this applies the cosmetic <color=#64c819>Boom Shirt</color> to your character in-game.	291c2c8d572d40e5a987280e6149ae87
641	Dutch Jersey	Shirt	Common	3	2	Proudly display the Netherlands's colors!  When equipped this applies the cosmetic <color=#ffffff>Dutch Jersey</color> to your character in-game.	8bef36d8fb32450585f72e911188ff06
642	Ukrainian Jersey	Shirt	Common	3	2	Proudly display the Ukraine's colors!  When equipped this applies the cosmetic <color=#ffffff>Ukrainian Jersey</color> to your character in-game.	c3e2667a9d5844399b9e1c01cf38e2f8
643	Argentinian Jersey	Shirt	Common	3	2	Proudly display Argentina's colors!  When equipped this applies the cosmetic <color=#ffffff>Argentinian Jersey</color> to your character in-game.	d1dc83042b9c44aba3a3e0d215784661
644	Filipino Jersey	Shirt	Common	3	2	Proudly display the Philippines's colors!  When equipped this applies the cosmetic <color=#ffffff>Filipino Jersey</color> to your character in-game.	5427dcd0b1844d7187049df12be9498a
645	Chilean Jersey	Shirt	Common	3	2	Proudly display Chile's colors!  When equipped this applies the cosmetic <color=#ffffff>Chilean Jersey</color> to your character in-game.	310b2c02e6af43f795b548637ae467a9
646	Spanish Jersey	Shirt	Common	3	2	Proudly display Spain's colors!  When equipped this applies the cosmetic <color=#ffffff>Spanish Jersey</color> to your character in-game.	8d29bd5d16264c36923b3b05e0e2ffb0
647	Italian Jersey	Shirt	Common	3	2	Proudly display Italy's colors!  When equipped this applies the cosmetic <color=#ffffff>Italian Jersey</color> to your character in-game.	f6c14c3e576f40e0b8e123c3c734e392
648	Japanese Jersey	Shirt	Common	3	2	Proudly display Japan's colors!  When equipped this applies the cosmetic <color=#ffffff>Japanese Jersey</color> to your character in-game.	3460b41d238943f8a5b580b9461d9283
649	Korean Jersey	Shirt	Common	3	2	Proudly display Korea's colors!  When equipped this applies the cosmetic <color=#ffffff>Korean Jersey</color> to your character in-game.	58fcf221d9e9414d91266465eee7a4ef
650	Romanian Jersey	Shirt	Common	3	2	Proudly display Romania's colors!  When equipped this applies the cosmetic <color=#ffffff>Romanian Jersey</color> to your character in-game.	6224298e0ce443df973c59cb0f5356c7
651	Mexican Jersey	Shirt	Common	3	2	Proudly display Mexico's colors!  When equipped this applies the cosmetic <color=#ffffff>Mexican Jersey</color> to your character in-game.	68dabd3888d84092ae1c583ef4107fc0
652	Czech Jersey	Shirt	Common	3	2	Proudly display the Czech Republic's colors!  When equipped this applies the cosmetic <color=#ffffff>Czech Jersey</color> to your character in-game.	26a004f7a59d47cd89ebbe2e99b279cb
653	Indonesian Jersey	Shirt	Common	3	2	Proudly display Indonesia's colors!  When equipped this applies the cosmetic <color=#ffffff>Indonesian Jersey</color> to your character in-game.	2b46eb090e1f4a578faac54dd885777f
654	Portuguese Jersey	Shirt	Common	3	2	Proudly display Portugal's colors!  When equipped this applies the cosmetic <color=#ffffff>Portuguese Jersey</color> to your character in-game.	7f2b155131db42f39ab9bfad83e3b9f2
655	Finnish Jersey	Shirt	Common	3	2	Proudly display Finland's colors!  When equipped this applies the cosmetic <color=#ffffff>Finnish Jersey</color> to your character in-game.	146b0053ff1e46b184869afd9f9372bf
656	Pirate Jersey	Shirt	Common	3	2	Proudly display a Pirate's colo... Wait, what?! Pirate isn't a country, who put this in here?  When equipped this applies the cosmetic <color=#ffffff>Pirate Jersey</color> to your character in-game.	5b2abf699b634f8298f72946efbb5e8d
657	Spartan Helmet	Hat	Common	1	2	Allows a wide range of movement, a requirement for kicking zombies into bottomless pits.  <color=#64c819>Workshop Contributors: Bungo</color>  When equipped this applies the cosmetic <color=#64c819>Spartan Helmet</color> to your character in-game.	c528736025a249c88c1368531778c6be
658	Spartan Breastplate	Vest	Common	2	2	Allows a wide range of movement, a requirement for kicking zombies into bottomless pits.  <color=#64c819>Workshop Contributors: Bungo</color>  When equipped this applies the cosmetic <color=#64c819>Spartan Breastplate</color> to your character in-game.	490791f8d0dc45068cd67a1de1c6346c
659	Spartan Top	Shirt	Common	3	2	Allows a wide range of movement, a requirement for kicking zombies into bottomless pits.  <color=#64c819>Workshop Contributors: Bungo</color>  When equipped this applies the cosmetic <color=#64c819>Spartan Top</color> to your character in-game.	6a9f87dd06a94c6f9165bc53bca49e92
660	Spartan Bottom	Pants	Common	2	2	Allows a wide range of movement, a requirement for kicking zombies into bottomless pits.  <color=#64c819>Workshop Contributors: Bungo</color>  When equipped this applies the cosmetic <color=#64c819>Spartan Bottom</color> to your character in-game.	ae29b48101c646cf9a28b291ce9bec64
661	Grocery Bag	Box	Common	1	1	<i>Contains one of the following 10 items:</i> <color=#4b64fa>Bluesteel Canned Beans</color> <i><color=#767676>Skin</color></i> <color=#4b64fa>Digital Canned Beans</color> <i><color=#767676>Skin</color></i> <color=#4b64fa>Honeycomb Canned Beans</color> <i><color=#767676>Skin</color></i> <color=#4b64fa>Mosaic Canned Beans</color> <i><color=#767676>Skin</color></i> <color=#4b64fa>Tiger Canned Beans</color> <i><color=#767676>Skin</color></i> <color=#964bfa>Corrosive Canned Beans</color> <i><color=#767676>Skin</color></i> <color=#964bfa>Magma Canned Beans</color> <i><color=#767676>Skin</color></i> <color=#964bfa>Paintbucket Canned Beans</color> <i><color=#767676>Skin</color></i> <color=#c832fa>Hypertech Canned Beans</color> <i><color=#767676>Skin</color></i> <color=#c832fa>Rainbow Canned Beans</color> <i><color=#767676>Skin</color></i> or, very rarely, a <color=#fa3219>Mythical Variant!</color>  <i>Potential Mythical effects:</i> Bubbling, Burning, Cosmic, Electric, Energized, Freezing, Glitched, Lovely, Musical, Shiny or Wealthy  Does not require a key to open. When opened this will be consumed.	a6fa1990ea094cbc8b5c4ca10f72145b
662	Epaulettes	Vest	Common	2	1	An insignia of high rank.  When equipped this applies the cosmetic <color=#64c819>Epaulettes</color> to your character in-game.	c29f58c3982c4199b4bf6aa346b610eb
663	Nelson's Outfit	Shirt	Common	3	2	Burgundy hoodie with fuzzy lining and a plaid button-up shirt.  When equipped this applies the cosmetic <color=#ffffff>Nelson's Outfit</color> to your character in-game.	a1de516f471c4d498684c74883153cae
664	Dark Blue Plaid Shirt	Shirt	Common	3	2	Plaid button-up shirt.  When equipped this applies the cosmetic <color=#ffffff>Dark Blue Plaid Shirt</color> to your character in-game.	b6343eed84e94f498e7f591a9a7ba4e7
665	Light Blue Plaid Shirt	Shirt	Common	3	2	Plaid button-up shirt.  When equipped this applies the cosmetic <color=#ffffff>Light Blue Plaid Shirt</color> to your character in-game.	e5c479b214474b269744e24ebdcf51aa
666	Green Plaid Shirt	Shirt	Common	3	2	Plaid button-up shirt.  When equipped this applies the cosmetic <color=#ffffff>Green Plaid Shirt</color> to your character in-game.	e4dbe08187db4abb871b85c9ab2aef3b
667	Orange Plaid Shirt	Shirt	Common	3	2	Plaid button-up shirt.  When equipped this applies the cosmetic <color=#ffffff>Orange Plaid Shirt</color> to your character in-game.	be79ca7084b54f22888badd10228ab4d
668	Dark Purple Plaid Shirt	Shirt	Common	3	2	Plaid button-up shirt.  When equipped this applies the cosmetic <color=#ffffff>Dark Purple Plaid Shirt</color> to your character in-game.	d79642a86a4b447f80a53367b7768e18
669	Light Purple Plaid Shirt	Shirt	Common	3	2	Plaid button-up shirt.  When equipped this applies the cosmetic <color=#ffffff>Light Purple Plaid Shirt</color> to your character in-game.	333beedf87a24ddfa3e6c2dacaff5269
670	Red Plaid Shirt	Shirt	Common	3	2	Plaid button-up shirt.  When equipped this applies the cosmetic <color=#ffffff>Red Plaid Shirt</color> to your character in-game.	2fdb84520d274916b4b1ecf5cfdcc156
671	Bulldozer Hoodie	Shirt	Common	3	2	Capable of ramming through anything.  When equipped this applies the cosmetic <color=#ffffff>Bulldozer Hoodie</color> to your character in-game.	04ea2862ac8f4574b0c6b8e7ad407122
672	Elephant Hoodie	Shirt	Common	3	2	Ellroy the elephant will remember where you left your hidden storage.  When equipped this applies the cosmetic <color=#ffffff>Elephant Hoodie</color> to your character in-game.	3abfbb8b1b4f4af3be1af16789787ada
673	Feather Hoodie	Shirt	Common	3	2	Assuming you're not in a vacuum you'll experience a bit less air resistance.  When equipped this applies the cosmetic <color=#ffffff>Feather Hoodie</color> to your character in-game.	bc2f15b9cfb64b25b1a6a83e2dd82713
674	Hourglass Hoodie	Shirt	Common	3	2	Keep track of the sands of time.  When equipped this applies the cosmetic <color=#ffffff>Hourglass Hoodie</color> to your character in-game.	7ea452d8e1944ac194fc96605017593d
675	Lucky Hoodie	Shirt	Common	3	2	Superstition says it boosts drop chances by 0.1%!  When equipped this applies the cosmetic <color=#ffffff>Lucky Hoodie</color> to your character in-game.	a1bf3d7641384efcb2664a5c6051194a
676	Power Hoodie	Shirt	Common	3	2	Ready for anything at the press of a button.  When equipped this applies the cosmetic <color=#ffffff>Power Hoodie</color> to your character in-game.	11ad77db4615407382c47155f84d16c3
677	Squid Hoodie	Shirt	Common	3	2	Sydney the squid can provide cover with a splatter of ink!  When equipped this applies the cosmetic <color=#ffffff>Squid Hoodie</color> to your character in-game.	adde7bdeb0814586b0d3de02b05a810a
678	Yield Hoodie	Shirt	Common	3	2	Yield to me!  When equipped this applies the cosmetic <color=#ffffff>Yield Hoodie</color> to your character in-game.	153260835aec4778bf749b138ad314f9
679	Rocket Boots	Pants	Common	2	2	Liar liar, pants on fire!  <color=#c832fa>Mythical Effects: Luminescent</color>  When equipped this applies the cosmetic <color=#c832fa>Rocket Boots</color> to your character in-game.	a198dd3d27c1416da86a65a53f6ac5ef
680	Bandito	Glasses	Common	2	1	No one cared who I was until I put on the mask.  When equipped this applies the cosmetic <color=#4b64fa>Bandito Mask</color> to your character in-game.	541026a71d7d4cbc95a728252ab4da70
681	Snake	Vest	Common	1	1	Slithery companion capable of exploring out-of-reach places.  When equipped this applies the cosmetic <color=#4b64fa>Snake</color> to your character in-game.	28ad1797938146c78faeb8d1dcde7add
682	Navy	Hat	Common	3	2	Formally dressed to fit a prestigious captain.  When equipped this applies the cosmetic <color=#4b64fa>Navy Hat</color> to your character in-game.	872654cd0b0c48a780db5925bac2843c
683	Navy Top	Shirt	Common	3	2	Formally dressed to fit a prestigious captain.  When equipped this applies the cosmetic <color=#1f871f>Navy Top</color> to your character in-game.	31f58a6b3e0744ae89b929514122a82a
684	Navy Bottom	Pants	Common	2	2	Formally dressed to fit a prestigious captain.  When equipped this applies the cosmetic <color=#1f871f>Navy Bottom</color> to your character in-game.	f4ee2484266341f3aa932f5a3075782a
685	Bowler	Hat	Common	2	2	Looking baller in a bowler.  When equipped this applies the cosmetic <color=#4b64fa>Bowler Hat</color> to your character in-game.	388a55b475784135ab5c2afdc6c74870
686	Explorer Hat	Hat	Common	2	2	Just the gear for a worldwide adventure!  When equipped this applies the cosmetic <color=#4b64fa>Explorer Hat</color> to your character in-game.	b910a4ca4cc5432795889c1061ba73aa
687	Explorer Top	Shirt	Common	3	2	Just the gear for a worldwide adventure!  When equipped this applies the cosmetic <color=#1f871f>Explorer Top</color> to your character in-game.	ce4f9b8fb48d41b78c0b7527d9224102
688	Explorer Bottom	Pants	Common	2	2	Just the gear for a worldwide adventure!  When equipped this applies the cosmetic <color=#1f871f>Explorer Bottom</color> to your character in-game.	11ecafa84cd8485db6a714ce40e631be
689	Sheriff	Vest	Common	1	1	To protect and to serve.  When equipped this applies the cosmetic <color=#964bfa>Sheriff Star</color> to your character in-game.	c9d11191fc6b4446b3fe751d60b0d926
690	Sneak	Hat	Common	2	2	Quiet and sneaky for getting in and out unnoticed.  When equipped this applies the cosmetic <color=#4b64fa>Parkour Hood</color> to your character in-game.	8bcb23a2b3634fffbbfebc3cbf09c006
691	Parkour Top	Shirt	Common	3	2	Quiet and sneaky for getting in and out unnoticed.  When equipped this applies the cosmetic <color=#1f871f>Parkour Top</color> to your character in-game.	b9ac48d537604d8eb110c73d82a993f9
692	Parkour Bottom	Pants	Common	2	2	Quiet and sneaky for getting in and out unnoticed.  When equipped this applies the cosmetic <color=#1f871f>Parkour Bottom</color> to your character in-game.	4d8336fff2b64197ac67fa706eac2698
693	Hot Mystery Box	Box	Common	1	1	<i>Contains one of the following 14 items:</i> <color=#4b64fa>Bandito Mask</color> <i><color=#767676>Glasses</color></i> <color=#4b64fa>Bowler Hat</color> <color=#4b64fa>Chill PDW</color> <i><color=#767676>Skin</color></i> <color=#4b64fa>Explorer Hat</color> <color=#4b64fa>Navy Hat</color> <color=#4b64fa>Parkour Hood</color> <i><color=#767676>Hat</color></i> <color=#4b64fa>Pearl 1911</color> <i><color=#767676>Skin</color></i> <color=#4b64fa>Rose Garden Compound Bow</color> <i><color=#767676>Skin</color></i> <color=#4b64fa>Snake</color> <i><color=#767676>Vest</color></i> <color=#964bfa>Interplanetary Grizzly</color> <i><color=#767676>Skin</color></i> <color=#964bfa>Packaged Dragonfang</color> <i><color=#767676>Skin</color></i> <color=#964bfa>Sheriff Star</color> <i><color=#767676>Vest</color></i> <color=#c832fa>Nuclear Maplestrike</color> <i><color=#767676>Skin</color></i> <color=#c832fa>Rocket Boots</color> <i><color=#767676>Pants</color></i> or, very rarely, a <color=#fa3219>Mythical Variant!</color>  <i>Potential Mythical effects:</i> Atomic, Bubbling, Burning, Cosmic, Electric, Energized, Freezing, Glitched, Glowing, Lovely, Melting, Meta, Musical, Party, Pyrotechnic, Shiny or Wealthy  Requires a <color=#d2bf22>Mystery Box Key</color> to open. When opened the key used will be consumed.	95e9255648874dffbdd8c9315c2d0a72
694	Robot	Hat	Common	2	2	Beep boop... All your base are belong to us! We come in cheese!  <color=#64c819>Mythical Effects: Luminescent</color>  <color=#64c819>Workshop Contributors: Fatsheep</color>  When equipped this applies the cosmetic <color=#64c819>Robo Invader Hat</color> to your character in-game.	68ba4064736d4db1b93d278f6cf4cf2d
695	Robo Invader Top	Shirt	Common	3	2	Beep boop... All your base are belong to us! We come in cheese!  <color=#64c819>Workshop Contributors: Fatsheep</color>  When equipped this applies the cosmetic <color=#64c819>Robo Invader Top</color> to your character in-game.	a48083b4fe3f415a971c375095e0dcf1
696	Robo Invader Bottom	Pants	Common	2	2	Beep boop... All your base are belong to us! We come in cheese!  <color=#64c819>Workshop Contributors: Fatsheep</color>  When equipped this applies the cosmetic <color=#64c819>Robo Invader Bottom</color> to your character in-game.	cc3c7bc56f644ad0abddf9f72d460f49
697	Blueberry Shirt	Shirt	Common	3	2	The blueberry lover's first choice of clothing!  <color=#64c819>Workshop Contributors: Roze Rozzy</color>  When equipped this applies the cosmetic <color=#64c819>Blueberry Shirt</color> to your character in-game.	6619242d5a16447499556feb4d6b583d
698	Anniversary Gift Bag	Box	Common	1	1	<i>Contains one of the following 18 items:</i> <color=#4b64fa>Blue Birthday Party Hat</color> <color=#4b64fa>Blue Origami Party Hat</color> <color=#4b64fa>Green Birthday Party Hat</color> <color=#4b64fa>Green Origami Party Hat</color> <color=#4b64fa>Orange Birthday Party Hat</color> <color=#4b64fa>Orange Origami Party Hat</color> <color=#4b64fa>Purple Birthday Party Hat</color> <color=#4b64fa>Purple Origami Party Hat</color> <color=#4b64fa>Red Birthday Party Hat</color> <color=#4b64fa>Red Origami Party Hat</color> <color=#4b64fa>Yellow Birthday Party Hat</color> <color=#4b64fa>Yellow Origami Party Hat</color> <color=#964bfa>Gold Birthday Party Hat</color> <color=#964bfa>Gold Origami Party Hat</color> <color=#964bfa>Silver Birthday Party Hat</color> <color=#964bfa>Silver Origami Party Hat</color> <color=#c832fa>Rainbow Birthday Party Hat</color> <color=#c832fa>Rainbow Origami Party Hat</color> or, very rarely, a <color=#fa3219>Mythical Variant!</color>  <i>Potential Mythical effects:</i> Confetti  Does not require a key to open. When opened this will be consumed.	9dfebde9e4424c55ab004f26cade5d64
699	Rainbow Origami Party Hat	Hat	Common	2	2	In celebration of the anniversary!  <color=#c832fa>Mythical Effects: Luminescent Dynamic</color>  When equipped this applies the cosmetic <color=#c832fa>Rainbow Origami Party Hat</color> to your character in-game.	5a05782dcd124de5aca220cbc692c0bb
700	Rainbow Birthday Party Hat	Hat	Common	2	2	In celebration of the anniversary!  <color=#c832fa>Mythical Effects: Luminescent Dynamic</color>  When equipped this applies the cosmetic <color=#c832fa>Rainbow Birthday Party Hat</color> to your character in-game.	ffd715209978472fac9d85f2df4a0ee0
701	Blue Origami Party Hat	Hat	Common	2	2	In celebration of the anniversary!  When equipped this applies the cosmetic <color=#4b64fa>Blue Origami Party Hat</color> to your character in-game.	5b807d816c364001821763157b642983
702	Green Origami Party Hat	Hat	Common	2	2	In celebration of the anniversary!  When equipped this applies the cosmetic <color=#4b64fa>Green Origami Party Hat</color> to your character in-game.	9853386df80342c395d4ebb4e4637473
703	Orange Origami Party Hat	Hat	Common	2	2	In celebration of the anniversary!  When equipped this applies the cosmetic <color=#4b64fa>Orange Origami Party Hat</color> to your character in-game.	3ad1dd0574124d3baa882d48273a80fd
704	Purple Origami Party Hat	Hat	Common	2	2	In celebration of the anniversary!  When equipped this applies the cosmetic <color=#4b64fa>Purple Origami Party Hat</color> to your character in-game.	50bc32e6a15a4101ada6310b07339489
705	Red Origami Party Hat	Hat	Common	2	2	In celebration of the anniversary!  When equipped this applies the cosmetic <color=#4b64fa>Red Origami Party Hat</color> to your character in-game.	7cd4fb1bc21745958a0a73326f1bbb98
706	Yellow Origami Party Hat	Hat	Common	2	2	In celebration of the anniversary!  When equipped this applies the cosmetic <color=#4b64fa>Yellow Origami Party Hat</color> to your character in-game.	0959507504c84c4fb32d0b96e0b93bdc
707	Blue Birthday Party Hat	Hat	Common	2	2	In celebration of the anniversary!  When equipped this applies the cosmetic <color=#4b64fa>Blue Birthday Party Hat</color> to your character in-game.	bcb4de244fa34d7b8d8c24ed13e8a95e
708	Green Birthday Party Hat	Hat	Common	2	2	In celebration of the anniversary!  When equipped this applies the cosmetic <color=#4b64fa>Green Birthday Party Hat</color> to your character in-game.	0db4997963a34c9f84bc97671368e686
709	Orange Birthday Party Hat	Hat	Common	2	2	In celebration of the anniversary!  When equipped this applies the cosmetic <color=#4b64fa>Orange Birthday Party Hat</color> to your character in-game.	53923bf7d8a44829bcff02e2eb422b96
710	Purple Birthday Party Hat	Hat	Common	2	2	In celebration of the anniversary!  When equipped this applies the cosmetic <color=#4b64fa>Purple Birthday Party Hat</color> to your character in-game.	6e1e64617d03430e82bf300437714459
711	Red Birthday Party Hat	Hat	Common	2	2	In celebration of the anniversary!  When equipped this applies the cosmetic <color=#4b64fa>Red Birthday Party Hat</color> to your character in-game.	466721e2506246e89e2692ad3e588365
712	Yellow Birthday Party Hat	Hat	Common	2	2	In celebration of the anniversary!  When equipped this applies the cosmetic <color=#4b64fa>Yellow Birthday Party Hat</color> to your character in-game.	515b4e9f83734084b50c9b3ca8aae0b0
713	Silver Origami Party Hat	Hat	Common	2	2	In celebration of the anniversary!  <color=#964bfa>Mythical Effects: Dynamic</color>  When equipped this applies the cosmetic <color=#964bfa>Silver Origami Party Hat</color> to your character in-game.	c53fc9205cee4054b8f6d6968b14d0dd
714	Silver Birthday Party Hat	Hat	Common	2	2	In celebration of the anniversary!  <color=#964bfa>Mythical Effects: Dynamic</color>  When equipped this applies the cosmetic <color=#964bfa>Silver Birthday Party Hat</color> to your character in-game.	e5f0ab5710314d4a95d7b865b7562d90
715	Gold Origami Party Hat	Hat	Common	2	2	In celebration of the anniversary!  <color=#964bfa>Mythical Effects: Dynamic</color>  When equipped this applies the cosmetic <color=#964bfa>Gold Origami Party Hat</color> to your character in-game.	4273d6d7c14244cd91dfb883718017ef
716	Gold Birthday Party Hat	Hat	Common	2	2	In celebration of the anniversary!  <color=#964bfa>Mythical Effects: Dynamic</color>  When equipped this applies the cosmetic <color=#964bfa>Gold Birthday Party Hat</color> to your character in-game.	8abcb3ca625d4eed9912fec112a7dd37
717	Samurai Top	Shirt	Common	3	2	Military nobility of medieval Japan.  <color=#64c819>Workshop Contributors: Maikee Maous</color>  When equipped this applies the cosmetic <color=#64c819>Samurai Top</color> to your character in-game.	696e26e9e1f44c468b345d18dce338dd
718	Samurai Bottom	Pants	Common	2	2	Military nobility of medieval Japan.  <color=#64c819>Workshop Contributors: Maikee Maous</color>  When equipped this applies the cosmetic <color=#64c819>Samurai Bottom</color> to your character in-game.	fe4b691c4bdc44b9a59db51eb124da1f
719	Samurai Kabuto	Hat	Common	2	2	Military nobility of medieval Japan.  <color=#64c819>Workshop Contributors: Maikee Maous</color>  When equipped this applies the cosmetic <color=#64c819>Samurai Kabuto</color> to your character in-game.	3905c73403d24d5f8ed28380dd21e82d
720	Samurai Dou	Vest	Common	2	2	Military nobility of medieval Japan.  <color=#64c819>Workshop Contributors: Maikee Maous</color>  When equipped this applies the cosmetic <color=#64c819>Samurai Dou</color> to your character in-game.	d5c26885b44f47c69c13b1e261b4e6c0
721	Samurai Menpo	Mask	Common	2	2	Military nobility of medieval Japan.  <color=#64c819>Workshop Contributors: Maikee Maous</color>  When equipped this applies the cosmetic <color=#64c819>Samurai Menpo</color> to your character in-game.	9ee06fe943c64a7c9c06483b93386e18
722	Chain	Vest	Common	2	2	You know who's boss.  When equipped this applies the cosmetic <color=#4b64fa>Gold Neck Chain</color> to your character in-game.	af15d0f44eba45ed92b2757d91dab1de
723	Vintage Ushanka	Hat	Common	2	2	Rather old and worn Russian hat for the blizzarding winters.  When equipped this applies the cosmetic <color=#4b64fa>Vintage Ushanka</color> to your character in-game.	cfba21294bad40d0a1d11d61b4319ad4
724	Vintage Trenchcoat Top	Shirt	Common	3	2	Rather old and worn Russian trenchcoat for the blizzarding winters.  When equipped this applies the cosmetic <color=#1f871f>Vintage Trenchcoat Top</color> to your character in-game.	a8ee7f9803904d72b53bbc89cb4928a2
725	Arms Shipment Mystery Box	Box	Common	1	1	<i>Contains one of the following 14 items:</i> <color=#4b64fa>Blackwidow Teklowvka</color> <i><color=#767676>Skin</color></i> <color=#4b64fa>Chamsai Hell's Fury</color> <i><color=#767676>Skin</color></i> <color=#4b64fa>Corrosive Nightraider</color> <i><color=#767676>Skin</color></i> <color=#4b64fa>Formal Fusilaut</color> <i><color=#767676>Skin</color></i> <color=#4b64fa>Mosaic Calling Card</color> <i><color=#767676>Skin</color></i> <color=#4b64fa>Nightfall Vonya</color> <i><color=#767676>Skin</color></i> <color=#4b64fa>Silvered Augewehr</color> <i><color=#767676>Skin</color></i> <color=#4b64fa>Tiger Ekho</color> <i><color=#767676>Skin</color></i> <color=#4b64fa>X-ray Bulldog</color> <i><color=#767676>Skin</color></i> <color=#964bfa>Aces High Calling Card</color> <i><color=#767676>Skin</color></i> <color=#964bfa>Bodycount Nightraider</color> <i><color=#767676>Skin</color></i> <color=#964bfa>Lavaflow Augewehr</color> <i><color=#767676>Skin</color></i> <color=#c832fa>Beastmaw Hell's Fury</color> <i><color=#767676>Skin</color></i> <color=#c832fa>Darkheart Ekho</color> <i><color=#767676>Skin</color></i> or, very rarely, a <color=#fa3219>Mythical Variant!</color>  <i>Potential Mythical effects:</i> Bubbling, Burning, Confetti, Cosmic, Electric, Energized, Freezing, Glitched, Lovely, Melting, Meta, Musical, Radioactive, Shiny, Steampunk or Wealthy  Requires a <color=#d2bf22>Mystery Box Key</color> to open. When opened the key used will be consumed.	6c048565a339412fa282ab77cb16f389
726	Russia Map Mystery Box	Box	Common	1	1	<i>Contains one of the following 13 items:</i> <color=#4b64fa>Cakemix Calling Card</color> <i><color=#767676>Skin</color></i> <color=#4b64fa>Engineblock Vonya</color> <i><color=#767676>Skin</color></i> <color=#4b64fa>Gold Neck Chain</color> <i><color=#767676>Vest</color></i> <color=#4b64fa>Honeycomb Snayperskya</color> <i><color=#767676>Skin</color></i> <color=#4b64fa>Paintbucket Hell's Fury</color> <i><color=#767676>Skin</color></i> <color=#4b64fa>Plaid Kryzkarek</color> <i><color=#767676>Skin</color></i> <color=#4b64fa>Vintage Ushanka</color> <i><color=#767676>Hat</color></i> <color=#4b64fa>Warhead Rocket Launcher</color> <i><color=#767676>Skin</color></i> <color=#964bfa>Blueprint Nykorev</color> <i><color=#767676>Skin</color></i> <color=#964bfa>Nuclear Matamorez</color> <i><color=#767676>Skin</color></i> <color=#964bfa>Toxic Sludge Yuri</color> <i><color=#767676>Skin</color></i> <color=#c832fa>Hypertech Zubeknakov</color> <i><color=#767676>Skin</color></i> <color=#c832fa>Voidstream Ekho</color> <i><color=#767676>Skin</color></i> or, very rarely, a <color=#fa3219>Mythical Variant!</color>  <i>Potential Mythical effects:</i> Atomic, Bubbling, Burning, Confetti, Cosmic, Electric, Energized, Freezing, Glitched, Lovely, Melting, Meta, Musical, Pyrotechnic, Radioactive, Shiny, Steampunk or Wealthy  Does not require a key to open. When opened this will be consumed.	d7b3aaeabe2c4251a700b20a4e076175
727	Medic_Glasses	Glasses	Common	2	1		c0d43d67fbd44725a4993a47dcd6c212
728	Debugger's Beret	Hat	Common	2	2	Owned by those who've helped hunt down several particularly nasty bugs.  When equipped this applies the cosmetic <color=#fa6419>Debugger's Beret</color> to your character in-game.	56926aef445a4370b24597fe5869fe04
729	Bolt	Mask	Common	2	1	Keeping your brain in your head.  When equipped this applies the cosmetic <color=#c832fa>Bolt</color> to your character in-game.	2f05cebe94144f3c80fde2dfc10203aa
730	Mad Scientist Goggles	Glasses	Common	2	1	Ethically questionable ideas are abrewing.  When equipped this applies the cosmetic <color=#c832fa>Mad Scientist Goggles</color> to your character in-game.	3dfe0056bf394713925de6bfbb01dcd8
731	Mad Scientist Top	Shirt	Common	3	2	Ethically questionable ideas are abrewing.  When equipped this applies the cosmetic <color=#4b64fa>Mad Scientist Top</color> to your character in-game.	1b75391978094ee4bab76d13d1128659
732	Vampire Cape	Backpack	Common	2	2	Hide from the sun and bite necks.  When equipped this applies the cosmetic <color=#964bfa>Vampire Cape</color> to your character in-game.	21ed7359d28243b69247874084fea8ac
733	Vampire Cowl	Vest	Common	2	2	Hide from the sun and bite necks.  When equipped this applies the cosmetic <color=#964bfa>Vampire Cowl</color> to your character in-game.	a9f44f1b0f1f4976b07261c1af909c9d
734	Vampire Top	Shirt	Common	3	2	Hide from the sun and bite necks.  When equipped this applies the cosmetic <color=#4b64fa>Vampire Top</color> to your character in-game.	82a619506bb34ac490616ce16a5dbee7
735	Grim Necromancer Top	Shirt	Common	3	2	Cast dark magic and curse your enemies!  <color=#64c819>Mythical Effects: Luminescent</color>  <color=#64c819>Workshop Contributors: TheUnion</color>  When equipped this applies the cosmetic <color=#64c819>Grim Necromancer Top</color> to your character in-game.	f6ab20166a9043c9859e0c4039a6b6b1
736	Grim Necromancer Bottom	Pants	Common	2	2	Cast dark magic and curse your enemies!  <color=#64c819>Workshop Contributors: TheUnion</color>  When equipped this applies the cosmetic <color=#64c819>Grim Necromancer Bottom</color> to your character in-game.	1e861de0952447dfb51538e65ca88d4b
737	Grim Necromancer Mask	Mask	Common	2	2	Cast dark magic and curse your enemies!  <color=#64c819>Mythical Effects: Luminescent</color>  <color=#64c819>Workshop Contributors: TheUnion</color>  When equipped this applies the cosmetic <color=#64c819>Grim Necromancer Mask</color> to your character in-game.	166c7a6afaf0489bbd989247d1e0c5d4
738	Experienced Beret	Hat	Common	2	2	Owned by experienced players with more than 2,400 hours in-game.  When equipped this applies the cosmetic <color=#fa6419>Experienced Beret</color> to your character in-game.	09419558632b4f9f9b73d22758bcdf6f
739	White Hat	Hat	Common	2	2	Owned by those who reported a crucial exploit/security issue rather than abusing it.  When equipped this applies the cosmetic <color=#fa6419>White Hat</color> to your character in-game.	62fbaa5f040146e2a4c4d2f5be14da9a
740	BattlEye	Mask	Common	2	2	?  When equipped this applies the cosmetic <color=#fa3219>BattlEye</color> to your character in-game.	c79b345684514b7298c1fc78a3dbb349
741	Elf Hat	Hat	Common	2	2	Ho ho ho, happy holidays!  When equipped this applies the cosmetic <color=#c832fa>Elf Hat</color> to your character in-game.	4a0a9a38cc0e47d5ac2c602972ff28e0
742	Elf Top	Shirt	Common	3	2	Ho ho ho, happy holidays!  When equipped this applies the cosmetic <color=#4b64fa>Elf Top</color> to your character in-game.	69feb5728d6549c59db037740c9b8abc
743	Gingerbread Top	Shirt	Common	3	2	Run, run as fast as you can! You'll never catch me!  <color=#64c819>Workshop Contributors: TheUnion</color>  When equipped this applies the cosmetic <color=#64c819>Gingerbread Top</color> to your character in-game.	3b940679cfcb448ca7fccefe3aee4f57
744	Gingerbread Bottom	Pants	Common	2	2	Run, run as fast as you can! You'll never catch me!  <color=#64c819>Workshop Contributors: TheUnion</color>  When equipped this applies the cosmetic <color=#64c819>Gingerbread Bottom</color> to your character in-game.	d4e2008c83f54af6b21c3b62b98a7b4b
745	Gingerbread Mask	Mask	Common	2	2	Run, run as fast as you can! You'll never catch me!  <color=#64c819>Workshop Contributors: TheUnion</color>  When equipped this applies the cosmetic <color=#64c819>Gingerbread Mask</color> to your character in-game.	06951dccff924917ab98cd4d93584c3f
746	Toy Soldier Top	Shirt	Common	3	2	You may be made of wood, but there's still a heart down in that old maple toy.  <color=#64c819>Workshop Contributors: TheUnion</color>  When equipped this applies the cosmetic <color=#64c819>Toy Soldier Top</color> to your character in-game.	0e4578b7199f45cebd6d83caffdd0fc2
747	Toy Soldier Bottom	Pants	Common	2	2	You may be made of wood, but there's still a heart down in that old maple toy.  <color=#64c819>Workshop Contributors: TheUnion</color>  When equipped this applies the cosmetic <color=#64c819>Toy Soldier Bottom</color> to your character in-game.	cb9ebcbc457843189adc90db66dd7fa2
748	Toy Soldier Hat	Hat	Common	2	2	You may be made of wood, but there's still a heart down in that old maple toy.  <color=#64c819>Workshop Contributors: TheUnion</color>  When equipped this applies the cosmetic <color=#64c819>Toy Soldier Hat</color> to your character in-game.	aef3967a48c44ea09e21c64508486543
749	Nutcracker Top	Shirt	Common	3	2	Exosuit for boosting jaw strength.  <color=#64c819>Workshop Contributors: Maikee Maous</color>  When equipped this applies the cosmetic <color=#64c819>Nutcracker Top</color> to your character in-game.	6589c1978c00432aae07b2a38079cf08
750	Nutcracker Bottom	Pants	Common	2	2	Exosuit for boosting jaw strength.  <color=#64c819>Workshop Contributors: Maikee Maous</color>  When equipped this applies the cosmetic <color=#64c819>Nutcracker Bottom</color> to your character in-game.	e7dd51cc175040e38a3063562cdf1d05
751	Nutcracker Hat	Hat	Common	2	2	Exosuit for boosting jaw strength.  <color=#64c819>Workshop Contributors: Maikee Maous</color>  When equipped this applies the cosmetic <color=#64c819>Nutcracker Hat</color> to your character in-game.	b921948eb437429bb27efb5098e04199
752	January 2017 Workshop Crate Key #1	Key	Common	1	1	Perfectly fits the lock of a <color=#d2bf22>January 2017 Workshop Crate #1!</color>  When used this will be consumed.	d8a1ee087f4e4ab996535581a058a43e
753	January 2017 Workshop Crate #1	Box	Common	1	1	<i>Contains one of the following 16 items:</i> <color=#4b64fa>Breeze Eaglefire</color> <i><color=#767676>Skin</color></i> <color=#4b64fa>Combatia Hawkhound</color> <i><color=#767676>Skin</color></i> <color=#4b64fa>Comic Boom Nightraider</color> <i><color=#767676>Skin</color></i> <color=#4b64fa>Duro Masterkey</color> <i><color=#767676>Skin</color></i> <color=#4b64fa>Era Augewehr</color> <i><color=#767676>Skin</color></i> <color=#4b64fa>Guerilla Viper</color> <i><color=#767676>Skin</color></i> <color=#4b64fa>Insane PDW</color> <i><color=#767676>Skin</color></i> <color=#4b64fa>Millennium Bulldog</color> <i><color=#767676>Skin</color></i> <color=#4b64fa>Retro Sport Sportshot</color> <i><color=#767676>Skin</color></i> <color=#964bfa>Deimos Scalar</color> <i><color=#767676>Skin</color></i> <color=#964bfa>Metalworks Scalar</color> <i><color=#767676>Skin</color></i> <color=#964bfa>Steampunk Zubeknakov</color> <i><color=#767676>Skin</color></i> <color=#964bfa>Vx2 Katana</color> <i><color=#767676>Skin</color></i> <color=#c832fa>Accelerator Maplestrike</color> <i><color=#767676>Skin</color></i> <color=#c832fa>Compressor Ekho</color> <i><color=#767676>Skin</color></i> <color=#c832fa>Phantox Timberwolf</color> <i><color=#767676>Skin</color></i> or, very rarely, a <color=#fa3219>Mythical Variant!</color>  <i>Potential Mythical effects:</i> Bubbling, Burning, Confetti, Cosmic, Electric, Energized, Freezing, Glitched, Lovely, Melting, Meta, Musical, Radioactive, Shiny, Steampunk or Wealthy  Requires a <color=#d2bf22>January 2017 Workshop Crate Key #1</color> to open. When opened the key used will be consumed.	160a791589d24fdba4346a4b5832dfa1
754	MA WC Top	Shirt	Common	3	2	MA WC Outfit  When equipped this applies the cosmetic <color=#ffffff>MA WC Top</color> to your character in-game.	f5c9e639d9f644429cd3bee2d07161cf
755	MA WC Bottom	Pants	Common	2	2	MA WC Outfit  When equipped this applies the cosmetic <color=#ffffff>MA WC Bottom</color> to your character in-game.	098a94261ee844abb16844934c7951f2
756	Kukui Nuts	Vest	Common	2	2	Chained together on thin string.  When equipped this applies the cosmetic <color=#4b64fa>Kukui Nuts</color> to your character in-game.	e368dc6c27cd48f9947d7eabed37815a
757	Grass Skirt	Pants	Common	2	2	Luau party dress composed of natural fibers.  When equipped this applies the cosmetic <color=#4b64fa>Grass Skirt</color> to your character in-game.	7ab4cabac88e4b06817dfdcb190dba6d
758	Shuttershades	Glasses	Common	2	1	Glasses for sunny summer weather.  When equipped this applies the cosmetic <color=#4b64fa>Shuttershades</color> to your character in-game.	01b3d1734b3c4333bed5f3fe4a1c43ac
759	Angry Tiki Mask	Mask	Common	2	2	The hostile volcano grumbles and roars.  When equipped this applies the cosmetic <color=#4b64fa>Angry Tiki Mask</color> to your character in-game.	5bf841b4e27e4959b5ebedb43865beb3
760	Happy Tiki Mask	Mask	Common	2	2	The ocean gently kisses the shore, the wind calmly running its fingers through the leaves.  When equipped this applies the cosmetic <color=#4b64fa>Happy Tiki Mask</color> to your character in-game.	7027a77d879e47de9b0b1473f5b7d998
761	Rose Tinted Glasses	Glasses	Common	2	1	View things in a positive light. Don't worry, be happy.  When equipped this applies the cosmetic <color=#4b64fa>Rose Tinted Glasses</color> to your character in-game.	1ee00c0182bf45a68f97d19bcd7f9b3d
762	Lei	Hat	Common	2	1	Wreath of fresh lilies.  When equipped this applies the cosmetic <color=#964bfa>Lei</color> to your character in-game.	15a59afe564c4325aaef1e0035a450d7
763	Camo Boonie Hat	Hat	Common	2	2	A tasteful choice for any outfit.  When equipped this applies the cosmetic <color=#4b64fa>Camo Boonie Hat</color> to your character in-game.	69d95c7a4d4745b89701c91b6f4b83e7
764	Pineapple	Hat	Common	2	2	Your head is a great place to store a spare pineapple snack.  When equipped this applies the cosmetic <color=#4b64fa>Pineapple</color> to your character in-game.	95b3b2db63194030bc090a3216cb2e76
765	Plumeria	Mask	Common	1	1	Accessory behind the ear.  When equipped this applies the cosmetic <color=#964bfa>Plumeria</color> to your character in-game.	92d794e381c34beba85d73986ce9857f
766	Garland	Vest	Common	2	2	Wreath of fresh orchids.  When equipped this applies the cosmetic <color=#964bfa>Garland</color> to your character in-game.	48eb30bd11f344abb09713d54049a38e
767	Hawaii Map Mystery Box	Box	Common	1	1	<i>Contains one of the following 22 items:</i> <color=#4b64fa>Angry Tiki Mask</color> <color=#4b64fa>Blue Hawaii Tee</color> <i><color=#767676>Shirt</color></i> <color=#4b64fa>Camo Boonie Hat</color> <color=#4b64fa>Ducky Life Preserver</color> <i><color=#767676>Vest</color></i> <color=#4b64fa>Grass Skirt</color> <i><color=#767676>Pants</color></i> <color=#4b64fa>Happy Tiki Mask</color> <color=#4b64fa>Kukui Nuts</color> <i><color=#767676>Vest</color></i> <color=#4b64fa>Obsidian Machete</color> <i><color=#767676>Skin</color></i> <color=#4b64fa>Pineapple</color> <i><color=#767676>Hat</color></i> <color=#4b64fa>Red Hawaii Tee</color> <i><color=#767676>Shirt</color></i> <color=#4b64fa>Rose Tinted Glasses</color> <color=#4b64fa>Shark Fin</color> <i><color=#767676>Backpack</color></i> <color=#4b64fa>Shuttershades</color> <i><color=#767676>Glasses</color></i> <color=#4b64fa>Spotted Kryzkarek</color> <i><color=#767676>Skin</color></i> <color=#964bfa>Garland</color> <i><color=#767676>Vest</color></i> <color=#964bfa>Hawaii Seaside Compound Bow</color> <i><color=#767676>Skin</color></i> <color=#964bfa>Lei</color> <i><color=#767676>Hat</color></i> <color=#964bfa>Plumeria</color> <i><color=#767676>Mask</color></i> <color=#c832fa>Lavaflow Grizzly</color> <i><color=#767676>Skin</color></i> <color=#c832fa>Lavaflow Heartbreaker</color> <i><color=#767676>Skin</color></i> <color=#c832fa>Lavaflow PDW</color> <i><color=#767676>Skin</color></i> <color=#c832fa>Lavaflow Peacemaker</color> <i><color=#767676>Skin</color></i> or, very rarely, a <color=#fa3219>Mythical Variant!</color>  <i>Potential Mythical effects:</i> Atomic, Bubbling, Burning, Confetti, Cosmic, Electric, Energized, Freezing, Glitched, Lovely, Melting, Meta, Musical, Pyrotechnic, Radioactive, Shiny, Steampunk or Wealthy  Does not require a key to open. When opened this will be consumed.	555f180070ad45b1b51300dac0675d9a
768	Blue Hawaii Tee	Shirt	Common	3	2	Standard cotton tourist outfit.  When equipped this applies the cosmetic <color=#4b64fa>Blue Hawaii Tee</color> to your character in-game.	5b072820fc7441f1a78203241b346e12
769	Red Hawaii Tee	Shirt	Common	3	2	Standard cotton tourist outfit.  When equipped this applies the cosmetic <color=#4b64fa>Red Hawaii Tee</color> to your character in-game.	337c89a3b2bd4779a1b1182cb6b78bf8
770	Screenshot_Contest_Top	Shirt	Common	3	2		3463209421b2422d9c8e8f26481da33d
771	Valiant Knight Bottom	Pants	Common	2	2	The perfect gear to go on adventures and slay dragons!  <color=#64c819>Workshop Contributors: TheUnion</color>  When equipped this applies the cosmetic <color=#64c819>Valiant Knight Bottom</color> to your character in-game.	ea9bb302a9d44d2580b37fd0a9d1a4f5
772	Valiant Knight Top	Shirt	Common	3	2	The perfect gear to go on adventures and slay dragons!  <color=#64c819>Workshop Contributors: TheUnion</color>  When equipped this applies the cosmetic <color=#64c819>Valiant Knight Top</color> to your character in-game.	d8923de326ca42c68feda7d0dd535782
773	Valiant Knight Helmet	Hat	Common	2	2	The perfect gear to go on adventures and slay dragons!  <color=#64c819>Workshop Contributors: TheUnion</color>  When equipped this applies the cosmetic <color=#64c819>Valiant Knight Helmet</color> to your character in-game.	8037eded87614f119ca017c3dd1efc2c
774	Valiant Knight Shoulders	Vest	Common	2	1	The perfect gear to go on adventures and slay dragons!  <color=#64c819>Workshop Contributors: TheUnion</color>  When equipped this applies the cosmetic <color=#64c819>Valiant Knight Shoulders</color> to your character in-game.	5c4f7fbbd6534a2d98ab9a8b68179330
775	Valiant Knight Cape	Backpack	Common	2	2	The perfect gear to go on adventures and slay dragons!  <color=#64c819>Workshop Contributors: TheUnion</color>  When equipped this applies the cosmetic <color=#64c819>Valiant Knight Cape</color> to your character in-game.	3b50d306121d4f41a197c6594e4538d8
776	Skater Bottom	Pants	Common	2	2	Put on your favorite Sneakers, we're hittin' the skatepark boys.  <color=#64c819>Workshop Contributors: TheUnion</color>  When equipped this applies the cosmetic <color=#64c819>Skater Bottom</color> to your character in-game.	3eb1aa982f2544f5afa7f698365648c9
777	Skater Top	Shirt	Common	3	2	Put on your favorite Sneakers, we're hittin' the skatepark boys.  <color=#64c819>Workshop Contributors: TheUnion</color>  When equipped this applies the cosmetic <color=#64c819>Skater Top</color> to your character in-game.	23dacb4138a84cd6836cafcc5c61f95b
778	Skater Beanie	Hat	Common	2	2	Put on your favorite Sneakers, we're hittin' the skatepark boys.  <color=#64c819>Workshop Contributors: TheUnion</color>  When equipped this applies the cosmetic <color=#64c819>Skater Beanie</color> to your character in-game.	a1f2ef8003714398be5a64e3b78f2cd4
779	Skater Skateboard	Backpack	Common	2	2	Put on your favorite Sneakers, we're hittin' the skatepark boys.  <color=#64c819>Workshop Contributors: TheUnion</color>  When equipped this applies the cosmetic <color=#64c819>Skater Skateboard</color> to your character in-game.	e05fa36aa01d4aebbeec509c867751d0
780	April 2017 Workshop Crate Key #2	Key	Common	1	1	Perfectly fits the lock of a <color=#d2bf22>April 2017 Workshop Crate #2!</color>  When used this will be consumed.	da548dddb6404653a2dd07977c3800d3
781	April 2017 Workshop Crate #2	Box	Common	1	1	<i>Contains one of the following 16 items:</i> <color=#4b64fa>Alien Hunter Fusilaut</color> <i><color=#767676>Skin</color></i> <color=#4b64fa>Bandana Nightraider</color> <i><color=#767676>Skin</color></i> <color=#4b64fa>Blood Dragon Katana</color> <i><color=#767676>Skin</color></i> <color=#4b64fa>Equalizer Maplestrike</color> <i><color=#767676>Skin</color></i> <color=#4b64fa>Killcount Peacemaker</color> <i><color=#767676>Skin</color></i> <color=#4b64fa>Lunar Cargo Yuri</color> <i><color=#767676>Skin</color></i> <color=#4b64fa>Powertool Teklowvka</color> <i><color=#767676>Skin</color></i> <color=#4b64fa>Prototype Scalar</color> <i><color=#767676>Skin</color></i> <color=#4b64fa>Redforce Ace</color> <i><color=#767676>Skin</color></i> <color=#964bfa>Armor Nykorev</color> <i><color=#767676>Skin</color></i> <color=#964bfa>Lavalamp Baseball Bat</color> <i><color=#767676>Skin</color></i> <color=#964bfa>Native Snayperskya</color> <i><color=#767676>Skin</color></i> <color=#964bfa>Nueva Era Bulldog</color> <i><color=#767676>Skin</color></i> <color=#c832fa>Elemental Zubeknakov</color> <i><color=#767676>Skin</color></i> <color=#c832fa>Steampunk Hell's Fury</color> <i><color=#767676>Skin</color></i> <color=#c832fa>Tigrus Eaglefire</color> <i><color=#767676>Skin</color></i> or, very rarely, a <color=#fa3219>Mythical Variant!</color>  <i>Potential Mythical effects:</i> Bubbling, Burning, Confetti, Cosmic, Electric, Energized, Freezing, Glitched, Lovely, Melting, Meta, Musical, Radioactive, Shiny, Steampunk or Wealthy  Requires a <color=#d2bf22>April 2017 Workshop Crate Key #2</color> to open. When opened the key used will be consumed.	a6808af5335f4c60b92793f20247002d
782	July 2017 Workshop Crate Key #3	Key	Common	1	1	Perfectly fits the lock of a <color=#d2bf22>July 2017 Workshop Crate #3!</color>  When used this will be consumed.	96eabfb88f464d8c9044f10d85cc496e
783	July 2017 Workshop Crate #3	Box	Common	1	1	<i>Contains one of the following 17 items:</i> <color=#4b64fa>Bouquet Bluntforce</color> <i><color=#767676>Skin</color></i> <color=#4b64fa>Half Fry Frying Pan</color> <i><color=#767676>Skin</color></i> <color=#4b64fa>Icepick Pickaxe</color> <i><color=#767676>Skin</color></i> <color=#4b64fa>Infected Masterkey</color> <i><color=#767676>Skin</color></i> <color=#4b64fa>Isotope Fusilaut</color> <i><color=#767676>Skin</color></i> <color=#4b64fa>Nibbler Zubeknakov</color> <i><color=#767676>Skin</color></i> <color=#4b64fa>RACE MOTORSPORTS Swissgewehr</color> <i><color=#767676>Skin</color></i> <color=#4b64fa>Sector Strike Empire</color> <i><color=#767676>Skin</color></i> <color=#4b64fa>Spitfire Devil's Bane</color> <i><color=#767676>Skin</color></i> <color=#4b64fa>Swordfish-X7 Jackhammer</color> <i><color=#767676>Skin</color></i> <color=#964bfa>Aeon Grizzly</color> <i><color=#767676>Skin</color></i> <color=#964bfa>Black Panther Augewehr</color> <i><color=#767676>Skin</color></i> <color=#964bfa>Kawaii Peacemaker</color> <i><color=#767676>Skin</color></i> <color=#964bfa>Miami Afterburner Scalar</color> <i><color=#767676>Skin</color></i> <color=#c832fa>Digital Dynasty Nightraider</color> <i><color=#767676>Skin</color></i> <color=#c832fa>Howling Wolf Ekho</color> <i><color=#767676>Skin</color></i> <color=#c832fa>Imperial Might Sledgehammer</color> <i><color=#767676>Skin</color></i> or, very rarely, a <color=#fa3219>Mythical Variant!</color>  <i>Potential Mythical effects:</i> Bubbling, Burning, Confetti, Cosmic, Electric, Energized, Freezing, Glitched, Lovely, Melting, Meta, Musical, Radioactive, Shiny, Steampunk or Wealthy  Requires a <color=#d2bf22>July 2017 Workshop Crate Key #3</color> to open. When opened the key used will be consumed.	d30e7917f90047268aca52822c98f416
784	September 2017 Workshop Crate Key #4	Key	Common	1	1	Perfectly fits the lock of a <color=#d2bf22>September 2017 Workshop Crate #4!</color>  When used this will be consumed.	163afd6e75124573935b655f86ca967f
785	September 2017 Workshop Crate #4	Box	Common	1	1	<i>Contains one of the following 15 items:</i> <color=#4b64fa>Bucket-wheel Excavator Chainsaw</color> <i><color=#767676>Skin</color></i> <color=#4b64fa>Captured Maschinengewehr</color> <i><color=#767676>Skin</color></i> <color=#4b64fa>Cutter Scalar</color> <i><color=#767676>Skin</color></i> <color=#4b64fa>Enhanced Butcher Knife</color> <i><color=#767676>Skin</color></i> <color=#4b64fa>Killcount Dragonfang</color> <i><color=#767676>Skin</color></i> <color=#4b64fa>Mechanic Augewehr</color> <i><color=#767676>Skin</color></i> <color=#4b64fa>Milspec Hawkhound</color> <i><color=#767676>Skin</color></i> <color=#4b64fa>Native Devil's Bane</color> <i><color=#767676>Skin</color></i> <color=#4b64fa>Order Luger</color> <i><color=#767676>Skin</color></i> <color=#4b64fa>Overkill Empire</color> <i><color=#767676>Skin</color></i> <color=#964bfa>Hotrod Teklowvka</color> <i><color=#767676>Skin</color></i> <color=#964bfa>Jacky Ekho</color> <i><color=#767676>Skin</color></i> <color=#964bfa>Warfare Determinator</color> <i><color=#767676>Skin</color></i> <color=#c832fa>Agile Matamorez</color> <i><color=#767676>Skin</color></i> <color=#c832fa>Hammerstrike Commando Zubeknakov</color> <i><color=#767676>Skin</color></i> or, very rarely, a <color=#fa3219>Mythical Variant!</color>  <i>Potential Mythical effects:</i> Bubbling, Burning, Confetti, Cosmic, Electric, Energized, Freezing, Glitched, Lovely, Melting, Meta, Musical, Radioactive, Shiny, Steampunk or Wealthy  Requires a <color=#d2bf22>September 2017 Workshop Crate Key #4</color> to open. When opened the key used will be consumed.	03cb6774a05944f1b13d1a3943680906
787	Davy Jones Locker	Backpack	Epic	2	2	Legend says it contains Davy's heart...	a2b553015cd5418b9627bce4cd203403
788	Squid Captains Hat	Hat	Rare	2	2	A large pirate hat worn by the Squid Captain.	7f8edc47b3a144fd8273873e473e35f1
789	Squid Captain Head	Mask	Common	2	2	The captain of the dead sea.	c238bde3f0164cb7aae2bb26a78a9949
790	Squid Captain bottoms	Pants	Common	2	2	Tattered old pants, stained by seawater.	ab5aa489ac4b445fa7a8fb432e6c5b34
791	Scourge of the Sea Top	Shirt	Common	3	2	The captain does as he pleases.  <color=#64c819>Workshop Contributors: Volsuin</color>  When equipped this applies the cosmetic <color=#64c819>Scourge of the Sea Top</color> to your character in-game.	81a798d4a873417d908a4d75e906c1ef
792	Monster Hunter Bandoiler	Vest	Rare	2	2	A leather bandoiler worn by the Monster Hunter.	0494712aa2d5454a9517004d74a3cf12
793	Vampire Hunter Hat	Hat	Rare	2	2	Tattered and battle-scarred from decades of vampire slaying.  <color=#64c819>Workshop Contributors: Volsuin</color>  When equipped this applies the cosmetic <color=#64c819>Vampire Hunter Hat</color> to your character in-game.	ac00c14ed8de4b64afbfb3d1dbab49ac
794	Vampire Hunter Bottom	Pants	Common	2	2	Tattered and battle-scarred from decades of vampire slaying.  <color=#64c819>Workshop Contributors: Volsuin</color>  When equipped this applies the cosmetic <color=#64c819>Vampire Hunter Bottom</color> to your character in-game.	1c70e88e9f5f4138b5eb6ae9d824da6c
795	Vampire Hunter Top	Shirt	Common	3	2	Tattered and battle-scarred from decades of vampire slaying.  <color=#64c819>Workshop Contributors: Volsuin</color>  When equipped this applies the cosmetic <color=#64c819>Vampire Hunter Top</color> to your character in-game.	796be2f214fc40c68cc79c2a86c4ffcd
796	Vampire Hunter Bandolier	Vest	Rare	2	2	Tattered and battle-scarred from decades of vampire slaying.  <color=#64c819>Workshop Contributors: Volsuin</color>  When equipped this applies the cosmetic <color=#64c819>Vampire Hunter Bandolier</color> to your character in-game.	28587778baae4560b50cf47a17ae41da
797	HeadlessCape	Backpack	Epic	2	2	The reaper of midnight.  <color=#64c819>Workshop Contributors: TheUnion</color>  When equipped this applies the cosmetic <color=#64c819>Headless Horseman Cape</color> to your character in-game.	cea082d07f9c4dc1a83844468476b192
798	HeadlessHood	Hat	Legendary	2	2	The reaper of midnight.  <color=#64c819>Mythical Effects: Luminescent</color>  <color=#64c819>Workshop Contributors: TheUnion</color>  When equipped this applies the cosmetic <color=#64c819>Headless Horseman Hood</color> to your character in-game.	2a9c64b4038744bdaacb220423a8a5ad
799	HeadlessPants	Pants	Rare	2	2	The reaper of midnight.  <color=#64c819>Workshop Contributors: TheUnion</color>  When equipped this applies the cosmetic <color=#64c819>Headless Horseman Bottom</color> to your character in-game.	ce72cd93de84436e844ec53b896af8cd
800	HeadlessShirt	Shirt	Rare	3	2	The reaper of midnight.  <color=#64c819>Workshop Contributors: TheUnion</color>  When equipped this applies the cosmetic <color=#64c819>Headless Horseman Top</color> to your character in-game.	b1e52125a20e468fbc1dd772ef5cb4c5
801	HeadlessShoulders	Vest	Epic	2	2	The reaper of midnight.  <color=#64c819>Mythical Effects: Luminescent</color>  <color=#64c819>Workshop Contributors: TheUnion</color>  When equipped this applies the cosmetic <color=#64c819>Headless Horseman Armor</color> to your character in-game.	68deeea528f545b6a52cb202a0582431
802	PotionHead	Hat	Rare	2	2	This questionably sourced liquid prevents the corpse from decaying.  <color=#64c819>Workshop Contributors: TheUnion</color>  When equipped this applies the cosmetic <color=#64c819>Bag o' Heads</color> to your character in-game.	a308be3bbaae4c2e8ddee0569cb3bddc
803	SpiderFriend	Vest	Rare	2	2	Just hope it doesn't take a liking to your neck.  <color=#64c819>Workshop Contributors: TheUnion</color>  When equipped this applies the cosmetic <color=#64c819>Spider Bro</color> to your character in-game.	5c923ce0f58843f790c07192f476734d
804	RocketMod Shirt	Shirt	Common	3	2	Powering Unturned serverside modding.  <color=#64c819>Workshop Contributors: fr34kyn01535</color>  When equipped this applies the cosmetic <color=#64c819>RocketMod Shirt</color> to your character in-game.	de11b1859c934ed3a40f17ba3b05b78d
805	Aprix Bandit Leader Backpack	Backpack	Common	2	2	Equipped by leaders of the Aprix bandit clan.  <color=#64c819>Workshop Contributors: Danaby</color>  When equipped this applies the cosmetic <color=#64c819>Aprix Bandit Leader Backpack</color> to your character in-game.	388b21119dce4e4db20f874d84ea9d3a
806	Aprix Bandit Leader Bandana	Mask	Common	1	1	Equipped by leaders of the Aprix bandit clan.  <color=#64c819>Workshop Contributors: Danaby</color>  When equipped this applies the cosmetic <color=#64c819>Aprix Bandit Leader Bandana</color> to your character in-game.	e9d1b2fbd4cb4434a0b9e8184dd4003a
807	Aprix Bandit Leader Hat	Hat	Common	2	2	Equipped by leaders of the Aprix bandit clan.  <color=#64c819>Workshop Contributors: Danaby</color>  When equipped this applies the cosmetic <color=#64c819>Aprix Bandit Leader Hat</color> to your character in-game.	4bfa53c6ec54430283c072f432830f3d
808	Aprix Bandit Leader Pants	Pants	Common	2	2	Equipped by leaders of the Aprix bandit clan.  <color=#64c819>Workshop Contributors: Danaby</color>  When equipped this applies the cosmetic <color=#64c819>Aprix Bandit Leader Pants</color> to your character in-game.	d5a79b7a7f79442987b6c20e3e3f585d
809	Aprix Bandit Leader Shirt	Shirt	Common	3	2	Equipped by leaders of the Aprix bandit clan.  <color=#64c819>Workshop Contributors: Danaby</color>  When equipped this applies the cosmetic <color=#64c819>Aprix Bandit Leader Shirt</color> to your character in-game.	d20c3c15d278459e94945290be2f55f1
810	Aprix Bandit Leader Shoulders	Vest	Common	2	2	Equipped by leaders of the Aprix bandit clan.  <color=#64c819>Workshop Contributors: Danaby</color>  When equipped this applies the cosmetic <color=#64c819>Aprix Bandit Leader Shoulders</color> to your character in-game.	f2331fe8ac8b4ff69428d8177bb0922b
811	Aprix Bandit Member Backpack	Backpack	Common	2	2	Equipped by members of the Aprix bandit clan.  <color=#64c819>Workshop Contributors: Danaby</color>  When equipped this applies the cosmetic <color=#64c819>Aprix Bandit Member Backpack</color> to your character in-game.	cd601596553e4baaa2ee88db92bf3466
812	Aprix Bandit Member Balaclava	Mask	Common	2	2	Equipped by members of the Aprix bandit clan.  <color=#64c819>Workshop Contributors: Danaby</color>  When equipped this applies the cosmetic <color=#64c819>Aprix Bandit Member Balaclava</color> to your character in-game.	3180c4ada26b49c08f6bf556f09feaa4
813	Aprix Bandit Member Hat	Hat	Common	2	2	Equipped by members of the Aprix bandit clan.  <color=#64c819>Workshop Contributors: Danaby</color>  When equipped this applies the cosmetic <color=#64c819>Aprix Bandit Member Hat</color> to your character in-game.	45abf2ff643f43959eebf79284352461
814	Aprix Bandit Member Pants	Pants	Common	2	2	Equipped by members of the Aprix bandit clan.  <color=#64c819>Workshop Contributors: Danaby</color>  When equipped this applies the cosmetic <color=#64c819>Aprix Bandit Member Pants</color> to your character in-game.	470bd25f5548408c8ec5a16804b5a3c5
815	Aprix Bandit Member Shirt	Shirt	Common	3	2	Equipped by members of the Aprix bandit clan.  <color=#64c819>Workshop Contributors: Danaby</color>  When equipped this applies the cosmetic <color=#64c819>Aprix Bandit Member Shirt</color> to your character in-game.	723da74e1d3c417d915f8aeaab4b22ee
816	Aprix Bandit Member Bullet Belt	Vest	Common	2	2	Equipped by members of the Aprix bandit clan.  <color=#64c819>Workshop Contributors: Danaby</color>  When equipped this applies the cosmetic <color=#64c819>Aprix Bandit Member Bullet Belt</color> to your character in-game.	c8eff67ade474fe19a1490c555dda25d
817	Inuit Bottom	Pants	Common	2	2	Ice fishing, hunting, riding polar bears, surving in the arctic, it can all be achieved with in style this holiday season with the Inuit set!  <color=#64c819>Workshop Contributors: Volsuin Tedayze</color>  When equipped this applies the cosmetic <color=#64c819>Inuit Bottom</color> to your character in-game.	bbf8a9b995d24e00bfd84e60f1aa1cb4
818	Inuit Hat	Hat	Common	2	2	Ice fishing, hunting, riding polar bears, surving in the arctic, it can all be achieved with in style this holiday season with the Inuit set!  <color=#64c819>Workshop Contributors: Volsuin Tedayze</color>  When equipped this applies the cosmetic <color=#64c819>Inuit Hat</color> to your character in-game.	0e41576480534b5c866e89f5608bd3c0
819	Inuit Top	Shirt	Common	3	2	Ice fishing, hunting, riding polar bears, surving in the arctic, it can all be achieved with in style this holiday season with the Inuit set!  <color=#64c819>Workshop Contributors: Volsuin Tedayze</color>  When equipped this applies the cosmetic <color=#64c819>Inuit Top</color> to your character in-game.	5558f6404bf64ea581e5bdda9b23d30d
820	SnowShoes	Backpack	Common	2	2	Ice fishing, hunting, riding polar bears, surving in the arctic, it can all be achieved with in style this holiday season with the Inuit set!  <color=#64c819>Workshop Contributors: Volsuin Tedayze</color>  When equipped this applies the cosmetic <color=#64c819>Snow Shoes</color> to your character in-game.	fadd3052777c404082879f634c7aeb04
821	Yeti Bottom	Pants	Common	2	2	Myth? Not anymore!  <color=#64c819>Workshop Contributors: TheUnion Volsuin Tedayze</color>  When equipped this applies the cosmetic <color=#64c819>Yeti Bottom</color> to your character in-game.	95372ee9c92145af94b20f9f18532134
822	Yeti Top	Shirt	Common	3	2	Myth? Not anymore!  <color=#64c819>Workshop Contributors: TheUnion Volsuin Tedayze</color>  When equipped this applies the cosmetic <color=#64c819>Yeti Top</color> to your character in-game.	70f97b4a2888425aa7ad1925311bad60
823	Yeti	Mask	Common	2	2	Myth? Not anymore!  <color=#64c819>Workshop Contributors: TheUnion Volsuin Tedayze</color>  When equipped this applies the cosmetic <color=#64c819>Yeti Mask</color> to your character in-game.	933e031cb0294c2ea7048b0ce4fb0686
824	ChristmasSnowGlobeHat	Hat	Common	2	2	A memoir of your face!  <color=#64c819>Workshop Contributors: TheUnion Volsuin Tedayze</color>  When equipped this applies the cosmetic <color=#64c819>Snow Globe</color> to your character in-game.	83f80f01e0784fcbb3f44c1aadd6cc7a
825	ChristmasGingerbreadHouseHat	Hat	Common	2	2	Aaahhh no don't eat me!  <color=#64c819>Workshop Contributors: TheUnion Volsuin Tedayze</color>  When equipped this applies the cosmetic <color=#64c819>Gingerbread House</color> to your character in-game.	f6839eea36454f90a09e0cabb19532d9
826	ChristmasIceCubeHat	Hat	Common	2	2	Brr it's ch-ch-chilly in here...  <color=#64c819>Workshop Contributors: TheUnion Volsuin Tedayze</color>  When equipped this applies the cosmetic <color=#64c819>Ice Cube</color> to your character in-game.	ccd328e551fd482db6853f64e775414e
827	Snow Sled	Backpack	Common	2	2	Wheeee!  <color=#64c819>Workshop Contributors: Bungo Jackostar</color>  When equipped this applies the cosmetic <color=#64c819>Snow Sled</color> to your character in-game.	72888a1150cf419fbe7ded41f8860a12
828	Seal Pup	Vest	Common	2	2	Found this lil' fella out on the ice all alone, couldn't just leave him there!  <color=#64c819>Workshop Contributors: Bungo Jackostar</color>  When equipped this applies the cosmetic <color=#64c819>Seal Pup</color> to your character in-game.	e665f2f41d6b442dafbe96251e2f5ab6
829	Mistletoe	Vest	Common	2	2	Now just to find somewhere to hang it...  <color=#64c819>Workshop Contributors: Bungo Jackostar</color>  When equipped this applies the cosmetic <color=#64c819>Mistletoe</color> to your character in-game.	c06b87c1577e4bdc8087671c38fe3a82
830	Reindeer Beanie	Hat	Common	2	2	Meow I'm a reindeer!  <color=#64c819>Workshop Contributors: Bungo Jackostar</color>  When equipped this applies the cosmetic <color=#64c819>Reindeer Beanie</color> to your character in-game.	ac2d741d6dce40bab06115325be65118
831	Greece Map Mystery Box	Box	Common	1	1	<i>Contains one of the following 20 items:</i> <color=#4b64fa>Athena's Shield</color> <i><color=#767676>Backpack</color></i> <color=#4b64fa>Corinthian Helmet</color> <i><color=#767676>Hat</color></i> <color=#4b64fa>Harp</color> <i><color=#767676>Backpack</color></i> <color=#4b64fa>Hermes' Helmet</color> <i><color=#767676>Hat</color></i> <color=#4b64fa>Kratos' Pauldron</color> <i><color=#767676>Vest</color></i> <color=#4b64fa>Medusa's Hair</color> <i><color=#767676>Hat</color></i> <color=#4b64fa>Minotaur Horns</color> <i><color=#767676>Mask</color></i> <color=#4b64fa>Olive Leaf Crown</color> <i><color=#767676>Hat</color></i> <color=#4b64fa>Pegasus Horn</color> <i><color=#767676>Glasses</color></i> <color=#4b64fa>Toga Top</color> <i><color=#767676>Shirt</color></i> <color=#4b64fa>Warhammer Sledgehammer</color> <i><color=#767676>Skin</color></i> <color=#964bfa>Golden Fleece Cape</color> <i><color=#767676>Backpack</color></i> <color=#964bfa>Pegasus Wings</color> <i><color=#767676>Backpack</color></i> <color=#964bfa>Rod of Asclepius Pool Cue</color> <i><color=#767676>Skin</color></i> <color=#964bfa>Zeus' Voltaic Hair</color> <i><color=#767676>Hat</color></i> <color=#c832fa>Artemis' Compound Bow</color> <i><color=#767676>Skin</color></i> <color=#c832fa>Graced Devil's Bane</color> <i><color=#767676>Skin</color></i> <color=#c832fa>Graced Nightraider</color> <i><color=#767676>Skin</color></i> <color=#c832fa>Graced Swissgewehr</color> <i><color=#767676>Skin</color></i> <color=#c832fa>Poseidon's Pitchfork</color> <i><color=#767676>Skin</color></i> or, very rarely, a <color=#fa3219>Mythical Variant!</color>  <i>Potential Mythical effects:</i> Atomic, Bubbling, Burning, Confetti, Cosmic, Electric, Energized, Freezing, Glitched, Lovely, Melting, Meta, Musical, Pyrotechnic, Radioactive, Shiny, Steampunk or Wealthy  Does not require a key to open. When opened this will be consumed.	4cfbb5669a8c4be9b4e19a77b339bcf1
832	Minotaur Horns	Mask	Common	2	2	Don't anger the beast...  When equipped this applies the cosmetic <color=#4b64fa>Minotaur Horns</color> to your character in-game.	98fed42289c5493387f1067b9612cb9c
833	Medusa	Hat	Common	2	2	Don't look!  When equipped this applies the cosmetic <color=#4b64fa>Medusa's Hair</color> to your character in-game.	102b51bbf51641b8adc035d7b50a5aea
834	Olive Leaf Crown	Hat	Common	2	1	Sported by aristocrats Greece over!  When equipped this applies the cosmetic <color=#4b64fa>Olive Leaf Crown</color> to your character in-game.	f74a7be44d6944fcb69d9ab8d5790fdb
835	Toga Top	Shirt	Common	3	2	What about the bottom of the toga?!  When equipped this applies the cosmetic <color=#4b64fa>Toga Top</color> to your character in-game.	73110e47dea94eb8ac26fa975f976f52
836	Hermes' Helmet	Hat	Common	2	2	According to myth the wearer is granted invisibility.  When equipped this applies the cosmetic <color=#4b64fa>Hermes' Helmet</color> to your character in-game.	13e4f0df54ff4d71921c57f4b3d2b1e7
837	Wings	Backpack	Common	3	2	Constellation in the sky? These wings beg to differ.  When equipped this applies the cosmetic <color=#964bfa>Pegasus Wings</color> to your character in-game.	0e9d714967f84955a628816480689f1c
838	Pegasus Horn	Glasses	Common	1	1	Depicted both with and without, up to you to decide.  When equipped this applies the cosmetic <color=#4b64fa>Pegasus Horn</color> to your character in-game.	17ef22cb97814e2f8da117e8126b0147
839	Golden Fleece Cape	Backpack	Common	2	2	Woven from the finest golden thread.  When equipped this applies the cosmetic <color=#964bfa>Golden Fleece Cape</color> to your character in-game.	7b4b412cb05c40dbac07e934a54d3207
840	Kratos' Pauldron	Vest	Common	1	1	Adorned by only the most powerful warriors.  When equipped this applies the cosmetic <color=#4b64fa>Kratos' Pauldron</color> to your character in-game.	c12128affb5e4992bdc89d4ce20db881
841	Athena's Shield	Backpack	Common	2	2	Forged to celebrate the defeat of Medusa.  When equipped this applies the cosmetic <color=#4b64fa>Athena's Shield</color> to your character in-game.	ae45b2e9c2334960be882a5c06373020
842	Harp	Backpack	Common	2	2	Trusty tool of any good bard.  When equipped this applies the cosmetic <color=#4b64fa>Harp</color> to your character in-game.	f5c00c1d02884a00b8a083b1877de064
843	Zeus' Voltaic Hair	Hat	Common	2	2	Dangerously charged. Don't touch.  <color=#964bfa>Mythical Effects: Dynamic</color>  When equipped this applies the cosmetic <color=#964bfa>Zeus' Voltaic Hair</color> to your character in-game.	d316b86ff4414d13bd081039d39e1955
844	Scrap	Key	Common	1	1	Salvaged from cosmetics and skins.	6c1293bea90b4b53b2ccd95600194054
845	Test Particle Effect Tool	Key	Common	1	1	Development-only to test specific crafted particle effect.  When used this will be consumed.	0f821afe597f4bb78b8a6755ec6f9003
846	Player Kills Counter	Key	Common	1	1	Attachable to any weapon skin to track player kills.  When used this will be consumed.	e7a2f3aecf2b4f6aa7ef42962a7150ee
847	Revolutionary Cap	Hat	Common	2	2	Lead the revolution!  <color=#64c819>Workshop Contributors: Storm_Epidemic Th3o Diesel_Sisel Misterl212</color>  When equipped this applies the cosmetic <color=#64c819>Revolutionary Cap</color> to your character in-game.	f397949438ce4bbb91f7ac9495428ba5
848	Revolutionary Top	Shirt	Common	3	2	Lead the revolution!  <color=#64c819>Workshop Contributors: StormEpidemic Th3o Diesel_sisl Misterl212</color>  When equipped this applies the cosmetic <color=#64c819>Revolutionary Top</color> to your character in-game.	3a431b8609ee41b4977688608bca97f2
849	Revolutionary Bottom	Pants	Common	2	2	Lead the revolution!  <color=#64c819>Workshop Contributors: StormEpidemic Th3o Diesel_sisl Misterl212</color>  When equipped this applies the cosmetic <color=#64c819>Revolutionary Bottom</color> to your character in-game.	dd1ddda95d3b4344a8a52ca437130c8b
850	Irish Knight Helm	Hat	Common	2	2	Traditional Irish armor from the middle ages.  <color=#64c819>Workshop Contributors: StormEpidemic Th3o Diesel_sisl Misterl212</color>  When equipped this applies the cosmetic <color=#64c819>Irish Knight Helm</color> to your character in-game.	386a3bee909341f39d9a3e78a8648ea3
851	Irish Knight Shoulder Pads	Vest	Common	2	1	Traditional Irish armor from the middle ages.  <color=#64c819>Workshop Contributors: StormEpidemic Th3o Diesel_sisl Misterl212</color>  When equipped this applies the cosmetic <color=#64c819>Irish Knight Shoulder Pads</color> to your character in-game.	23de1529f9ed4d5cbb271470332452b8
852	Irish Knight Top	Shirt	Common	3	2	Traditional Irish armor from the middle ages.  <color=#64c819>Workshop Contributors: StormEpidemic Th3o Diesel_sisl Misterl212</color>  When equipped this applies the cosmetic <color=#64c819>Irish Knight Top</color> to your character in-game.	92d42e82b205405088d9dbf90e903ae6
853	Irish Knight Bottom	Pants	Common	2	2	Traditional Irish armor from the middle ages.  <color=#64c819>Workshop Contributors: StormEpidemic Th3o Diesel_sisl Misterl212</color>  When equipped this applies the cosmetic <color=#64c819>Irish Knight Bottom</color> to your character in-game.	71a3c241f15849e6b7d4b8a75c4e8f23
854	Luck o' The Irish Top	Shirt	Common	3	2	Every clover you find has four leaves.  <color=#64c819>Workshop Contributors: StormEpidemic Th3o Diesel_sisl Misterl212</color>  When equipped this applies the cosmetic <color=#64c819>Luck o' The Irish Top</color> to your character in-game.	b6b4888d600744e49d505aeb5f346b16
855	Luck o' The Irish Bottom	Pants	Common	2	2	Every clover you find has four leaves.  <color=#64c819>Workshop Contributors: StormEpidemic Th3o Diesel_sisl Misterl212</color>  When equipped this applies the cosmetic <color=#64c819>Luck o' The Irish Bottom</color> to your character in-game.	a9b31e9e75334897b1d258ee47440e28
856	Luck o' The Irish Hat	Hat	Common	2	2	Every clover you find has four leaves.  <color=#64c819>Workshop Contributors: StormEpidemic Th3o Diesel_sisl Misterl212</color>  When equipped this applies the cosmetic <color=#64c819>Luck o' The Irish Hat</color> to your character in-game.	d3fbb777daae4e549b7e3998422edac7
857	Corinthian Helmet	Hat	Common	2	2	Intimidate your enemies with your large plumage.  When equipped this applies the cosmetic <color=#4b64fa>Corinthian Helmet</color> to your character in-game.	4819cf8c0e46438c95dbefd27a6f1720
858	Aprix Stealth Bandit Quiver	Backpack	Common	2	2	Equipped by stealth agents of the Aprix bandit clan.  <color=#64c819>Workshop Contributors: danaby2 Union</color>  When equipped this applies the cosmetic <color=#64c819>Aprix Stealth Bandit Quiver</color> to your character in-game.	36f2062fd2a240f19935ff484a040083
859	AthensRomanCloak	Backpack	Common	2	2	Make your stand as a proud soldier in the Roman army!  <color=#64c819>Workshop Contributors: danaby2 Union</color>  When equipped this applies the cosmetic <color=#64c819>Roman Soldier Cloak</color> to your character in-game.	88851d6e2b5749639856138aeb60a00f
860	Aprix Stealth Bandit Hood	Hat	Common	2	2	Equipped by stealth agents of the Aprix bandit clan.  <color=#64c819>Workshop Contributors: danaby2 Union</color>  When equipped this applies the cosmetic <color=#64c819>Aprix Stealth Bandit Hood</color> to your character in-game.	31ff021da4e2421b8d1810bf072547fd
861	AthensRomanHelmet	Hat	Common	2	2	Make your stand as a proud soldier in the Roman army!  <color=#64c819>Workshop Contributors: danaby2 Union</color>  When equipped this applies the cosmetic <color=#64c819>Roman Soldier Helmet</color> to your character in-game.	9a8b9536420c4ccc934387026765f328
862	Aprix Stealth Bandit Mask	Mask	Common	2	2	Equipped by stealth agents of the Aprix bandit clan.  <color=#64c819>Workshop Contributors: danaby2 Union</color>  When equipped this applies the cosmetic <color=#64c819>Aprix Stealth Bandit Mask</color> to your character in-game.	63255da2693641539c188c1e055b64ee
863	Aprix Stealth Bandit Pants	Pants	Common	2	2	Equipped by stealth agents of the Aprix bandit clan.  <color=#64c819>Workshop Contributors: danaby2 Union</color>  When equipped this applies the cosmetic <color=#64c819>Aprix Stealth Bandit Pants</color> to your character in-game.	2ecdc08a190e401bb8a02201335a7253
864	AthensRomanBottom	Pants	Common	2	2	Make your stand as a proud soldier in the Roman army!  <color=#64c819>Workshop Contributors: danaby2 Union</color>  When equipped this applies the cosmetic <color=#64c819>Roman Soldier Pants</color> to your character in-game.	a4953ae96ebf45289e572a0548a3a6f3
865	Aprix Stealth Bandit Shirt	Shirt	Common	3	2	Equipped by stealth agents of the Aprix bandit clan.  <color=#64c819>Workshop Contributors: danaby2 Union</color>  When equipped this applies the cosmetic <color=#64c819>Aprix Stealth Bandit Shirt</color> to your character in-game.	ec7752eaf0284ad3aafd8336468ab8eb
866	AthensRomanTop	Shirt	Common	3	2	Make your stand as a proud soldier in the Roman army!  <color=#64c819>Workshop Contributors: danaby2 Union</color>  When equipped this applies the cosmetic <color=#64c819>Roman Soldier Shirt</color> to your character in-game.	2185168fc1224d31981023cc68eb365e
867	Aprix Stealth Bandit Vest	Vest	Common	2	2	Equipped by stealth agents of the Aprix bandit clan.  <color=#64c819>Workshop Contributors: danaby2 Union</color>  When equipped this applies the cosmetic <color=#64c819>Aprix Stealth Bandit Vest</color> to your character in-game.	60938e0470fd419eb4ece6ec3abcdd6d
868	AthensRomanChestplate	Vest	Common	3	2	Make your stand as a proud soldier in the Roman army!  <color=#64c819>Workshop Contributors: danaby2 Union</color>  When equipped this applies the cosmetic <color=#64c819>Roman Soldier Chestplate</color> to your character in-game.	28ef39377d5849719d20c6a664ed88aa
869	Carpat Survivor Top	Shirt	Common	3	2	The Carpathian Mountains were clearly not friendly to you.  <color=#64c819>Workshop Contributors: BATTLEKOT Potatoes BlackLion TheCubicNoobik</color>  When equipped this applies the cosmetic <color=#64c819>Carpat Survivor Top</color> to your character in-game.	2a6d2707e3874f98ab7d46e5247a7d4b
870	Carpat Survivor Bottom	Pants	Common	2	2	The Carpathian Mountains were clearly not friendly to you.  <color=#64c819>Workshop Contributors: BATTLEKOT Potatoes BlackLion TheCubicNoobik</color>  When equipped this applies the cosmetic <color=#64c819>Carpat Survivor Bottom</color> to your character in-game.	145d3cb859d84bad9a53c9097ec389e9
871	Carpat Survivor Sling	Backpack	Common	2	2	The Carpathian Mountains were clearly not friendly to you.  <color=#64c819>Workshop Contributors: BATTLEKOT Potatoes BlackLion TheCubicNoobik</color>  When equipped this applies the cosmetic <color=#64c819>Carpat Survivor Sling</color> to your character in-game.	a3d63286d3184744a87e47d4edfef397
872	Bandaged Wraps	Hat	Common	2	2	You may have sustained a minor concussion.  <color=#64c819>Workshop Contributors: BATTLEKOT Potatoes BlackLion TheCubicNoobik</color>  When equipped this applies the cosmetic <color=#64c819>Bandaged Wraps</color> to your character in-game.	e5cbc1ce10a343f49488d9be952d189e
873	Traditional Carpat Top	Shirt	Common	3	2	This might make the Carpathian Mountains a bit friendlier to you.  <color=#64c819>Workshop Contributors: BATTLEKOT Potatoes BlackLion TheCubicNoobik</color>  When equipped this applies the cosmetic <color=#64c819>Traditional Carpat Top</color> to your character in-game.	7d9635aa7a2740799b49dc3b9edf563c
874	Traditional Carpat Bottom	Pants	Common	2	2	This might make the Carpathian Mountains a bit friendlier to you.  <color=#64c819>Workshop Contributors: BATTLEKOT Potatoes BlackLion TheCubicNoobik</color>  When equipped this applies the cosmetic <color=#64c819>Traditional Carpat Bottom</color> to your character in-game.	4bbb81a243174630a1fd3ac1743b7ffc
875	Traditional Carpat Vest	Vest	Common	2	2	This might make the Carpathian Mountains a bit friendlier to you.  <color=#64c819>Workshop Contributors: BATTLEKOT Potatoes BlackLion TheCubicNoobik</color>  When equipped this applies the cosmetic <color=#64c819>Traditional Carpat Vest</color> to your character in-game.	667f40a541494b9284e3765b1ac453e8
876	Traditional Carpat Cap	Hat	Common	2	2	Enjoy chewing on some wheat.  <color=#64c819>Workshop Contributors: BATTLEKOT Potatoes BlackLion TheCubicNoobik</color>  When equipped this applies the cosmetic <color=#64c819>Traditional Carpat Cap</color> to your character in-game.	2df0bc3fafe548fa9eb5a71a1d9c53a2
877	French Crown	Hat	Common	2	2	Authentic and well-maintained.  <color=#64c819>Workshop Contributors: Vilespring paper_walls84 SluggedCascade Renaxon</color>  When equipped this applies the cosmetic <color=#64c819>French Crown</color> to your character in-game.	7876fc828e0f4aeb8aeb14ac24935aed
878	French Crusader Bottom	Pants	Common	2	2	Authentic and well-maintained.  <color=#64c819>Workshop Contributors: Vilespring paper_walls84 SluggedCascade Renaxon</color>  When equipped this applies the cosmetic <color=#64c819>French Crusader Bottom</color> to your character in-game.	dcde7f80b4d44de486502d787ee4ab13
879	French Crusader Top	Shirt	Common	3	2	Authentic and well-maintained.  <color=#64c819>Workshop Contributors: Vilespring paper_walls84 SluggedCascade Renaxon</color>  When equipped this applies the cosmetic <color=#64c819>French Crusader Top</color> to your character in-game.	7cb93b75a0204491936d08a4f26f04dd
880	French Crusader Helm	Hat	Common	2	2	Authentic and well-maintained.  <color=#64c819>Workshop Contributors: Vilespring paper_walls84 SluggedCascade Renaxon</color>  When equipped this applies the cosmetic <color=#64c819>French Crusader Helm</color> to your character in-game.	c5b2a7ec4d554ac3ac7a30543eb14c71
881	French Poilus Helm	Hat	Common	2	2	Authentic and well-maintained.  <color=#64c819>Workshop Contributors: Vilespring paper_walls84 SluggedCascade Renaxon</color>  When equipped this applies the cosmetic <color=#64c819>French Poilus Helm</color> to your character in-game.	328a5baf12454cb6ab7b38bfb585d9e3
882	French Crusader Shield	Backpack	Common	2	2	Authentic and well-maintained.  <color=#64c819>Workshop Contributors: Vilespring paper_walls84 SluggedCascade Renaxon</color>  When equipped this applies the cosmetic <color=#64c819>French Crusader Shield</color> to your character in-game.	dd46a434410e4b14b0796c473c13c159
883	Mime's Baguette	Backpack	Common	2	2	*no words*  <color=#64c819>Workshop Contributors: Vilespring paper_walls84 SluggedCascade Renaxon</color>  When equipped this applies the cosmetic <color=#64c819>Mime's Baguette</color> to your character in-game.	8fdbc7b0a3204793bf47c0c06c386220
884	Mime's Beret	Hat	Common	2	2	*no words*  <color=#64c819>Workshop Contributors: Vilespring paper_walls84 SluggedCascade Renaxon</color>  When equipped this applies the cosmetic <color=#64c819>Mime's Beret</color> to your character in-game.	716d2df051924712ae9e4e377ebfe691
885	Mime's Pants	Pants	Common	2	2	*no words*  <color=#64c819>Workshop Contributors: Vilespring paper_walls84 SluggedCascade Renaxon</color>  When equipped this applies the cosmetic <color=#64c819>Mime's Pants</color> to your character in-game.	31565122c7d948f19d8f04a23cbfdac5
886	Mime's Scarf	Vest	Common	2	2	*no words*  <color=#64c819>Workshop Contributors: Vilespring paper_walls84 SluggedCascade Renaxon</color>  When equipped this applies the cosmetic <color=#64c819>Mime's Scarf</color> to your character in-game.	3e9bbe83ad3949b8ad29cd94ae83d636
887	Mime's Shirt	Shirt	Common	3	2	*no words*  <color=#64c819>Workshop Contributors: Vilespring paper_walls84 SluggedCascade Renaxon</color>  When equipped this applies the cosmetic <color=#64c819>Mime's Shirt</color> to your character in-game.	be6c280bd5454793a05b8009ade5ec22
888	RULA Uniform Bottom	Pants	Common	2	2	Standard-issue for the frontlines.  <color=#64c819>Workshop Contributors: Vilespring paper_walls84 SluggedCascade Renaxon</color>  When equipped this applies the cosmetic <color=#64c819>RULA Uniform Bottom</color> to your character in-game.	3f4d7f12ae0a47398489cdcbcd3d2929
889	RULA Uniform Harness	Vest	Common	2	2	Standard-issue for the frontlines.  <color=#64c819>Workshop Contributors: Vilespring paper_walls84 SluggedCascade Renaxon</color>  When equipped this applies the cosmetic <color=#64c819>RULA Uniform Harness</color> to your character in-game.	ae6a6e650cf747e29144f6d734c79f85
890	RULA Uniform Helmet	Hat	Common	2	2	Standard-issue for the frontlines.  <color=#64c819>Workshop Contributors: Vilespring paper_walls84 SluggedCascade Renaxon</color>  When equipped this applies the cosmetic <color=#64c819>RULA Uniform Helmet</color> to your character in-game.	0d89605bd0e543148b097c35bb42f519
891	RULA Uniform Top	Shirt	Common	3	2	Standard-issue for the frontlines.  <color=#64c819>Workshop Contributors: Vilespring paper_walls84 SluggedCascade Renaxon</color>  When equipped this applies the cosmetic <color=#64c819>RULA Uniform Top</color> to your character in-game.	22aba377484045178273d4b9a81700e2
892	Small One Way Plate	Barricade	Rare	1	1	Glass pane ideal for spying on suspicious visitors.	f61fe21902ed45149eafbc3b0f51232b
893	Small Bullet Resistant Plate	Barricade	Rare	1	1	Glass pane ideal for looking at and keeping out unwanted visitors.	cf5f376948bb46cc9ee2eb8b91c4642e
894	Small Weak Plate	Barricade	Uncommon	1	1	Glass pane ideal for looking at unwanted visitors.	676b8bdaaab74fd4aa3d3c36265c6ea2
895	Cowboy Backpack	Backpack	Common	2	2	Property of the fastest gunslinger in the West.  <color=#64c819>Workshop Contributors: danaby2 Renaxon</color>  When equipped this applies the cosmetic <color=#64c819>Cowboy Backpack</color> to your character in-game.	c2b2e795382f4777bed4c4376e327b13
896	Cowboy Hat	Hat	Common	2	2	Property of the fastest gunslinger in the West.  <color=#64c819>Workshop Contributors: danaby2 Renaxon</color>  When equipped this applies the cosmetic <color=#64c819>Cowboy Hat</color> to your character in-game.	aca31e7d40b84d1e953004be72beae0d
897	Bounty-Hunter Hat	Hat	Common	2	2	Typical garb of the Wild West Private Military Contractors (PMCs).  <color=#64c819>Workshop Contributors: danaby2 Renaxon</color>  When equipped this applies the cosmetic <color=#64c819>Bounty-Hunter Hat</color> to your character in-game.	0a1c8efd30f84eb097eb26b90355fc8f
898	Cowboy Belt	Vest	Common	2	1	Property of the fastest gunslinger in the West.  <color=#64c819>Workshop Contributors: danaby2 Renaxon</color>  When equipped this applies the cosmetic <color=#64c819>Cowboy Belt</color> to your character in-game.	9f5c3e3f28854fce9f68c27386d59ff1
899	Bounty-Hunter Vest	Vest	Common	2	1	Typical garb of the Wild West Private Military Contractors (PMCs).  <color=#64c819>Workshop Contributors: danaby2 Renaxon</color>  When equipped this applies the cosmetic <color=#64c819>Bounty-Hunter Vest</color> to your character in-game.	2b594b5e77df47f4a9a319c2ab865759
900	Bounty-Hunter Bandana	Mask	Common	2	2	Typical garb of the Wild West Private Military Contractors (PMCs).  <color=#64c819>Workshop Contributors: danaby2 Renaxon</color>  When equipped this applies the cosmetic <color=#64c819>Bounty-Hunter Bandana</color> to your character in-game.	eb7d7c5d47c1472b93f357e6f3baccff
901	Cowboy Top	Shirt	Common	3	2	Property of the fastest gunslinger in the West.  <color=#64c819>Workshop Contributors: danaby2 Renaxon</color>  When equipped this applies the cosmetic <color=#64c819>Cowboy Top</color> to your character in-game.	e27734644ed948388bb449c933e6e100
902	Cowboy Bottom	Pants	Common	2	2	Property of the fastest gunslinger in the West.  <color=#64c819>Workshop Contributors: danaby2 Renaxon</color>  When equipped this applies the cosmetic <color=#64c819>Cowboy Bottom</color> to your character in-game.	19ec8dc2e5094daca8fd0e7dcb7aa315
903	Bounty-Hunter Top	Shirt	Common	3	2	Typical garb of the Wild West Private Military Contractors (PMCs).  <color=#64c819>Workshop Contributors: danaby2 Renaxon</color>  When equipped this applies the cosmetic <color=#64c819>Bounty-Hunter Top</color> to your character in-game.	ecb4252c2a654cf78754ce3f6df4d784
904	Bounty-Hunter Bottom	Pants	Common	2	2	Typical garb of the Wild West Private Military Contractors (PMCs).  <color=#64c819>Workshop Contributors: danaby2 Renaxon</color>  When equipped this applies the cosmetic <color=#64c819>Bounty-Hunter Bottom</color> to your character in-game.	980043289ad74b57932b58bdf6d8b6ce
905	Cargo Salamander	Backpack	Common	2	2	Happy to help carry your burdens. Physical and emotional.  <color=#64c819>Workshop Contributors: danaby2 Renaxon Union</color>  When equipped this applies the cosmetic <color=#64c819>Cargo Salamander</color> to your character in-game.	b95d110a70a14564bbf8a14c1de382b7
906	DJ Helm	Hat	Common	2	2	When you get up on the Dango soundstage you mean business.  <color=#64c819>Mythical Effects: Luminescent</color>  <color=#64c819>Workshop Contributors: danaby2 Renaxon Union</color>  When equipped this applies the cosmetic <color=#64c819>DJ Helm</color> to your character in-game.	42dcba26360d4f3389739ad27a079bc2
907	Dragon Horns	Glasses	Common	2	1	Unleash the beast.  <color=#64c819>Workshop Contributors: danaby2 Renaxon Union</color>  When equipped this applies the cosmetic <color=#64c819>Dragon Horns</color> to your character in-game.	095c9ad9a08440f9839401f25d9fc29e
908	Dual Katanas	Backpack	Common	2	2	Dual wielding... some day.  <color=#64c819>Workshop Contributors: danaby2 Renaxon Union</color>  When equipped this applies the cosmetic <color=#64c819>Dual Katanas</color> to your character in-game.	ca0a29a25d0c4c0aadd6cd4c23e37511
909	^_^ Glasses	Glasses	Common	2	1	Cute glasses. :3  <color=#64c819>Workshop Contributors: danaby2 Renaxon Union</color>  When equipped this applies the cosmetic <color=#64c819>^_^ Glasses</color> to your character in-game.	06929f0efe104518af2223fff2a37bf2
910	Hannya Mask	Mask	Common	2	2	Face of a jealous female demon.  <color=#64c819>Workshop Contributors: danaby2 Renaxon Union</color>  When equipped this applies the cosmetic <color=#64c819>Hannya Mask</color> to your character in-game.	223be8d50695417fb5eff05104f4bc3c
911	Headband	Hat	Common	2	1	Not an obi I swear. Despite what your eyes may be telling you, this is in fact a headband.  <color=#64c819>Workshop Contributors: danaby2 Renaxon Union</color>  When equipped this applies the cosmetic <color=#64c819>Headband</color> to your character in-game.	d3b8e03931cb4bbaa1f314dc0750fc8c
912	Ninja Belt	Vest	Common	2	1	*ninja noises*  <color=#64c819>Workshop Contributors: danaby2 Renaxon Union</color>  When equipped this applies the cosmetic <color=#64c819>Ninja Belt</color> to your character in-game.	6acdbce7e6b545a696c575e476f17282
913	Dango Streetwear Pants	Pants	Common	2	2	Serious street cred.  <color=#64c819>Workshop Contributors: danaby2 Renaxon Union</color>  When equipped this applies the cosmetic <color=#64c819>Dango Streetwear Pants</color> to your character in-game.	af3effe42a56409cad5759428dbf8cbe
914	Scroll Cloak	Backpack	Common	2	2	By royal proclamation!  <color=#64c819>Workshop Contributors: danaby2 Renaxon Union</color>  When equipped this applies the cosmetic <color=#64c819>Scroll Cloak</color> to your character in-game.	93a4d6ee007644519e0d7e155880d1aa
915	Dango Streetwear Jacket	Shirt	Common	3	2	Serious street cred.  <color=#64c819>Workshop Contributors: danaby2 Renaxon Union</color>  When equipped this applies the cosmetic <color=#64c819>Dango Streetwear Jacket</color> to your character in-game.	582ef98fb76c49c7b57013a7b929e8f6
916	Sushi Chef Hat	Hat	Common	2	2	Sizzle sizzle.  <color=#64c819>Workshop Contributors: danaby2 Renaxon Union</color>  When equipped this applies the cosmetic <color=#64c819>Sushi Chef Hat</color> to your character in-game.	1eb6eb96ffb143db90d91ee9a09fe084
917	TV	Hat	Common	2	2	I'm on TV!  <color=#64c819>Workshop Contributors: danaby2 Renaxon Union</color>  When equipped this applies the cosmetic <color=#64c819>TV</color> to your character in-game.	7060f2f2ae734cb38dd47bce3a89586f
918	DangoBox	Box	Common	1	1	Holds a random item from the <color=#64c819>Dango Map Bundle</color>.  <i>Contains one of the following 14 items:</i> <color=#4b64fa>^_^ Glasses</color> <color=#4b64fa>Dango PDW</color> <i><color=#767676>Skin</color></i> <color=#4b64fa>Dango Streetwear Jacket</color> <i><color=#767676>Shirt</color></i> <color=#4b64fa>Dango Streetwear Pants</color> <color=#4b64fa>Dragon Horns</color> <i><color=#767676>Glasses</color></i> <color=#4b64fa>Hannya Mask</color> <color=#4b64fa>Headband</color> <i><color=#767676>Hat</color></i> <color=#4b64fa>Ninja Belt</color> <i><color=#767676>Vest</color></i> <color=#4b64fa>Scroll Cloak</color> <i><color=#767676>Backpack</color></i> <color=#4b64fa>Sushi Chef Hat</color> <color=#4b64fa>TV</color> <i><color=#767676>Hat</color></i> <color=#964bfa>Cargo Salamander</color> <i><color=#767676>Backpack</color></i> <color=#964bfa>Dual Katanas</color> <i><color=#767676>Backpack</color></i> <color=#c832fa>DJ Helm</color> <i><color=#767676>Hat</color></i> or, very rarely, a <color=#fa3219>Mythical Variant!</color>  <i>Potential Mythical effects:</i> Atomic, Blossoming, Burning, Confetti, Cosmic, Energized, Fire Dragon, Freezing, Glitched, Glowing, Ice Dragon, Lovely, Lucky Coins, Melting, Musical, Party, Pyrotechnic, Radioactive, Sky Lantern or Wealthy  <i>Potential bonus items:</i> Crafting Materials, Green Soul Crystal Weapon Kit, Jaded Weapon Kit, Magenta Soul Crystal Weapon Kit, Player Kills Counter, Red Soul Crystal Weapon Kit, Total Kills Counter, Yellow Soul Crystal Weapon Kit or Zero Kelvin Weapon Kit  Does not require a key to open. When opened this will be consumed.	5e25b5cce6a847598f73eaef390a8889
919	Rainbow Jersey	Shirt	Common	3	2	Proudly display LGBTQ's colors, or simply an appreciation of the full color spectrum.  When equipped this applies the cosmetic <color=#ffffff>Rainbow Jersey</color> to your character in-game.	8e294216aa0c4c89a53083b2081ff875
920	HalloSkullBottom	Pants	Common	2	2	Burden or gift? Made from the darkest wizardry, cursed by the fallen magicians.  <color=#64c819>Workshop Contributors: TheUnion</color>  When equipped this applies the cosmetic <color=#64c819>Warlock Pants</color> to your character in-game.	44a2455dc6ba4a398ec0b37eef2f5518
921	HalloSkullHat	Hat	Common	2	2	Burden or gift? Made from the darkest wizardry, cursed by the fallen magicians.  <color=#64c819>Workshop Contributors: TheUnion</color>  When equipped this applies the cosmetic <color=#64c819>Warlock Hat</color> to your character in-game.	715a7127e3c74ec2ae8171fb9c5b9bd3
922	HalloSkullMask	Mask	Common	2	2	Burden or gift? Made from the darkest wizardry, cursed by the fallen magicians.  <color=#64c819>Workshop Contributors: TheUnion</color>  When equipped this applies the cosmetic <color=#64c819>Warlock Mask</color> to your character in-game.	32aafa9fb02646f4ba0351b28429983f
923	HalloSkullTop	Shirt	Common	3	2	Burden or gift? Made from the darkest wizardry, cursed by the fallen magicians.  <color=#64c819>Workshop Contributors: TheUnion</color>  When equipped this applies the cosmetic <color=#64c819>Warlock Shirt</color> to your character in-game.	f2db01eed6ce499a9270b0cfa80eba58
924	HalloSkullVest	Vest	Common	2	2	Burden or gift? Made from the darkest wizardry, cursed by the fallen magicians.  <color=#64c819>Workshop Contributors: TheUnion</color>  When equipped this applies the cosmetic <color=#64c819>Warlock Vest</color> to your character in-game.	4ed9dcb2046e48ca9b47809537f73a61
925	VolcanoKnightArmor	Vest	Common	2	2	Born from fire, armor forged from pure obsidian.  <color=#64c819>Workshop Contributors: TheUnion</color>  When equipped this applies the cosmetic <color=#64c819>Obsidian Knight Armor</color> to your character in-game.	558393b52c474dab907ee5d43c3d4f54
926	VolcanoKnightBottom	Pants	Common	2	2	Born from fire, armor forged from pure obsidian.  <color=#64c819>Workshop Contributors: TheUnion</color>  When equipped this applies the cosmetic <color=#64c819>Obsidian Knight Bottom</color> to your character in-game.	ccfd538774854e46b113f559eebdaf28
927	VolcanoKnightCape	Backpack	Common	2	2	Born from fire, armor forged from pure obsidian.  <color=#64c819>Workshop Contributors: TheUnion</color>  When equipped this applies the cosmetic <color=#64c819>Obsidian Knight Cape</color> to your character in-game.	55862b47a0104a74ac51234b44ad57e0
928	VolcanoKnightHelmet	Hat	Common	2	2	Born from fire, armor forged from pure obsidian.  <color=#64c819>Workshop Contributors: TheUnion</color>  When equipped this applies the cosmetic <color=#64c819>Obsidian Knight Helmet</color> to your character in-game.	11cd49a3fb5b4b9f8b40acae0bb682ce
929	VolcanoKnightTop	Shirt	Common	3	2	Born from fire, armor forged from pure obsidian.  <color=#64c819>Workshop Contributors: TheUnion</color>  When equipped this applies the cosmetic <color=#64c819>Obsidian Knight Top</color> to your character in-game.	64eed8f25a554116a10329aa5539e0fc
930	Mercenary Bottom	Pants	Common	2	2	Heavy-duty professional combat gear.  <color=#64c819>Workshop Contributors: clue Renaxon</color>  When equipped this applies the cosmetic <color=#64c819>Mercenary Bottom</color> to your character in-game.	3cd9fafd4a724c90968a5d6e7789f3d2
931	Mercenary Heavy Helmet	Hat	Common	2	2	Heavy-duty professional combat gear.  <color=#64c819>Workshop Contributors: clue Renaxon</color>  When equipped this applies the cosmetic <color=#64c819>Mercenary Heavy Helmet</color> to your character in-game.	5455d43b6ad64ef685d1793df189461f
932	Mercenary Heavy Rig	Vest	Common	2	1	Heavy-duty professional combat gear.  <color=#64c819>Workshop Contributors: clue Renaxon</color>  When equipped this applies the cosmetic <color=#64c819>Mercenary Heavy Rig</color> to your character in-game.	9277d776cde24abb971195004ad0e4fa
933	Mercenary Top	Shirt	Common	3	2	Heavy-duty professional combat gear.  <color=#64c819>Workshop Contributors: clue Renaxon</color>  When equipped this applies the cosmetic <color=#64c819>Mercenary Top</color> to your character in-game.	a54fe4fc172b4c70810854865e7e88b2
934	Journalist Shorts	Pants	Common	2	2	I'd never advocate for chaos, but it's always worked well for me.  <color=#64c819>Workshop Contributors: clue Renaxon</color>  When equipped this applies the cosmetic <color=#64c819>Journalist Shorts</color> to your character in-game.	c4819825cac34460819ea3d219b57e6f
935	Journalist Glasses	Glasses	Common	2	2	I'd never advocate for chaos, but it's always worked well for me.  <color=#64c819>Workshop Contributors: clue Renaxon</color>  When equipped this applies the cosmetic <color=#64c819>Journalist Glasses</color> to your character in-game.	d326abc8dd02412cb53f555024b882b4
936	Journalist Boonie Hat	Hat	Common	2	2	I'd never advocate for chaos, but it's always worked well for me.  <color=#64c819>Workshop Contributors: clue Renaxon</color>  When equipped this applies the cosmetic <color=#64c819>Journalist Boonie Hat</color> to your character in-game.	2602ad54c23c4442a956a57fbce6bec7
937	Journalist T-Shirt	Shirt	Common	3	2	I'd never advocate for chaos, but it's always worked well for me.  <color=#64c819>Workshop Contributors: clue Renaxon</color>  When equipped this applies the cosmetic <color=#64c819>Journalist T-Shirt</color> to your character in-game.	7ecc5102ed654a398e4257e1c60e28af
938	Journalist Messenger Bag	Backpack	Common	2	2	I'd never advocate for chaos, but it's always worked well for me.  <color=#64c819>Workshop Contributors: clue Renaxon</color>  When equipped this applies the cosmetic <color=#64c819>Journalist Messenger Bag</color> to your character in-game.	a991a071220948b683ce2e4e31849dc5
939	Journalist Recorder	Vest	Common	2	1	I'd never advocate for chaos, but it's always worked well for me.  <color=#64c819>Workshop Contributors: clue Renaxon</color>  When equipped this applies the cosmetic <color=#64c819>Journalist Recorder</color> to your character in-game.	5ba37dadfc6449d8961ab25de1eb2581
940	Mercenary Heavy Mask	Mask	Common	2	2	Heavy-duty professional combat gear.  <color=#64c819>Workshop Contributors: clue Renaxon</color>  When equipped this applies the cosmetic <color=#64c819>Mercenary Heavy Mask</color> to your character in-game.	1f01be4d414a4a50bbb62fdc2c236971
941	Dogtags and Bandolier	Vest	Common	2	1	Guerilla warfare starter kit.  <color=#64c819>Workshop Contributors: Spebby Froggo Azz danaby2</color>  When equipped this applies the cosmetic <color=#64c819>Dogtags and Bandolier</color> to your character in-game.	da491aa12001446bb5af27914754564c
942	Cranberry Bandana	Hat	Common	2	2	Guerilla warfare starter kit.  <color=#64c819>Workshop Contributors: Spebby Froggo Azz danaby2</color>  When equipped this applies the cosmetic <color=#64c819>Cranberry Bandana</color> to your character in-game.	c5929e463866410ab7bf32f262cb22ce
943	Tundra Trousers	Pants	Common	2	2	Guerilla warfare starter kit.  <color=#64c819>Workshop Contributors: Spebby Froggo Azz danaby2</color>  When equipped this applies the cosmetic <color=#64c819>Tundra Trousers</color> to your character in-game.	441029ea740c4ad7ad250a90217235e2
944	Tundra Tanktop	Shirt	Common	3	2	Guerilla warfare starter kit.  <color=#64c819>Workshop Contributors: Spebby Froggo Azz danaby2</color>  When equipped this applies the cosmetic <color=#64c819>Tundra Tanktop</color> to your character in-game.	f397719d35654b94846ce05a44f2f386
945	Explorer Pith Helmet	Hat	Common	2	2	Made of sholapith.  <color=#64c819>Workshop Contributors: Spebby MeloCa Paladin danaby2 Azz</color>  When equipped this applies the cosmetic <color=#64c819>Explorer Pith Helmet</color> to your character in-game.	6e9174fed1884106b1e143db0a57d58e
946	Makemake Veil	Mask	Common	2	2	Creator of humanity.  <color=#64c819>Mythical Effects: Uses Hair Color</color>  <color=#64c819>Workshop Contributors: Spebby MeloCa Paladin danaby2 Azz</color>  When equipped this applies the cosmetic <color=#64c819>Makemake Veil</color> to your character in-game.	c81ad0d0e90c4cd7b3ebda8ae0088ac6
947	Moai Head	Mask	Common	2	2	Face of a deified ancestor.  <color=#64c819>Workshop Contributors: Spebby MeloCa Paladin danaby2 Azz</color>  When equipped this applies the cosmetic <color=#64c819>Moai Head</color> to your character in-game.	b3ac0877d9d6431182649ed1be3fd426
948	Stormbrand Mask	Mask	Common	2	2	Purple and white lightening enclose the island.  <color=#64c819>Workshop Contributors: Spebby MeloCa Paladin danaby2 Azz</color>  When equipped this applies the cosmetic <color=#64c819>Stormbrand Mask</color> to your character in-game.	62007a4f68ea4a4e944233a5a00f758c
949	Tribal Markings	Shirt	Common	3	2	Ceremonial painted symbols.  <color=#64c819>Workshop Contributors: Spebby MeloCa Paladin danaby2 Azz</color>  When equipped this applies the cosmetic <color=#64c819>Tribal Markings</color> to your character in-game.	021eed92d18d428ca33747fcad376055
950	Explorer Gear	Vest	Common	2	1	A good explorer comes prepared!  <color=#64c819>Workshop Contributors: Spebby MeloCa Paladin danaby2 Azz</color>  When equipped this applies the cosmetic <color=#64c819>Explorer Gear</color> to your character in-game.	02efb8284e064c939384edcc6b7d8e77
951	Stormbrand Armor	Vest	Common	2	1	Purple and white lightening enclose the island.  <color=#64c819>Workshop Contributors: Spebby MeloCa Paladin danaby2 Azz</color>  When equipped this applies the cosmetic <color=#64c819>Stormbrand Armor</color> to your character in-game.	4c0f9966741f4f06b91f1f92dae9e86e
952	Shark Tooth Necklace	Vest	Common	2	1	Said to be from the maw of a megalodon.  <color=#64c819>Workshop Contributors: Spebby MeloCa Paladin danaby2 Azz</color>  When equipped this applies the cosmetic <color=#64c819>Shark Tooth Necklace</color> to your character in-game.	b941d8f9910b4f59b4df222f993e3c18
953	King Crab	Hat	Common	2	2	Bow to me!  <color=#64c819>Workshop Contributors: Spebby MeloCa Paladin danaby2 Azz</color>  When equipped this applies the cosmetic <color=#64c819>King Crab</color> to your character in-game.	fc77beb5887f4ee593fe723058457a39
954	Edible Arrangement	Hat	Common	2	2	Pineapple, banana, apple and grapes.  <color=#64c819>Workshop Contributors: Spebby MeloCa Paladin danaby2 Azz</color>  When equipped this applies the cosmetic <color=#64c819>Edible Arrangement</color> to your character in-game.	bf2d422c46784d8c82879c7651c825cd
955	Feather Crown	Hat	Common	2	2	Ceremonial headress.  <color=#64c819>Workshop Contributors: Spebby MeloCa Paladin danaby2 Azz</color>  When equipped this applies the cosmetic <color=#64c819>Feather Crown</color> to your character in-game.	e636ee48abb94111a88ac334f98943cb
956	Acoustic Guitar	Backpack	Common	2	2	Good ol' six-string secured by a strap.  <color=#64c819>Workshop Contributors: Spebby MeloCa Paladin danaby2 Azz</color>  When equipped this applies the cosmetic <color=#64c819>Acoustic Guitar</color> to your character in-game.	4383dec00b1f4afd8ba7e6a9e0d31bf8
957	Fishbowl	Mask	Common	2	2	Swimming with the fishes.  <color=#64c819>Workshop Contributors: Spebby MeloCa Paladin danaby2 Azz</color>  When equipped this applies the cosmetic <color=#64c819>Fishbowl</color> to your character in-game.	477cda70d59d4bef8cda466ca8c8feba
958	Diving Helmet	Mask	Common	2	2	Vintage underwater equipment.  <color=#64c819>Workshop Contributors: Spebby MeloCa Paladin danaby2 Azz</color>  When equipped this applies the cosmetic <color=#64c819>Diving Helmet</color> to your character in-game.	f5daaf491d4e4a82a8607bf09c1bcea0
959	Easter Island Map Mystery Box	Box	Common	1	1	Holds a random item from the <color=#64c819>Easter Island Map Bundle</color>.  <i>Contains one of the following 15 items:</i> <color=#4b64fa>Diving Helmet</color> <i><color=#767676>Mask</color></i> <color=#4b64fa>Explorer Gear</color> <i><color=#767676>Vest</color></i> <color=#4b64fa>Explorer Pith Helmet</color> <i><color=#767676>Hat</color></i> <color=#4b64fa>Feather Crown</color> <i><color=#767676>Hat</color></i> <color=#4b64fa>Fishbowl</color> <i><color=#767676>Mask</color></i> <color=#4b64fa>King Crab</color> <i><color=#767676>Hat</color></i> <color=#4b64fa>Makemake Veil</color> <i><color=#767676>Mask</color></i> <color=#4b64fa>Moai Head</color> <i><color=#767676>Mask</color></i> <color=#4b64fa>Stormbrand Armor</color> <i><color=#767676>Vest</color></i> <color=#4b64fa>Stormbrand Mask</color> <color=#964bfa>Acoustic Guitar</color> <i><color=#767676>Backpack</color></i> <color=#964bfa>Edible Arrangement</color> <i><color=#767676>Hat</color></i> <color=#964bfa>Tribal Spear Pool Cue</color> <i><color=#767676>Skin</color></i> <color=#c832fa>Shark Tooth Necklace</color> <i><color=#767676>Vest</color></i> <color=#c832fa>Tribal Markings</color> <i><color=#767676>Shirt</color></i> or, very rarely, a <color=#fa3219>Mythical Variant!</color>  <i>Potential Mythical effects:</i> Atomic, Bananza, Blossoming, Burning, Confetti, Cosmic, Energized, Fire Dragon, Freezing, Glitched, Glowing, High Tide, Ice Dragon, Lovely, Lucky Coins, Melting, Musical, Party, Pyrotechnic, Radioactive, Sky Lantern or Wealthy  <i>Potential bonus items:</i> Crafting Materials, Green Soul Crystal Weapon Kit, Jaded Weapon Kit, Magenta Soul Crystal Weapon Kit, Player Kills Counter, Red Soul Crystal Weapon Kit, Total Kills Counter, Yellow Soul Crystal Weapon Kit or Zero Kelvin Weapon Kit  Does not require a key to open. When opened this will be consumed.	d97ef489133e47b5ba7e87590904f298
960	DL_Volatile_Jaw	Mask	Common	1	1		35d5e37d7fe0490eafc4cf7e75217edf
961	DL_Volatile_Chest	Vest	Common	1	1		c7635e6cc74f47fa8aa69261caa7afc5
962	PaintPalette_Contest_Top	Shirt	Common	3	2		b2ba510fc03e4297a4a4c59122d92259
963	BattlEye Halo	Mask	Common	2	1	Owned by wrongfully convicted players.  Unfortunately, due to to a false positive you were accidentally banned by BattlEye. We are very sorry for this big inconvenience and will do our best to prevent something like that from happening again in the future. As a form of compensation, you get this unique item from the game developers. -BattlEye Team  When equipped this applies the cosmetic <color=#3fa68a>BattlEye Halo</color> to your character in-game.	bdb8e1e027844043bed3ba511ca6aa50
964	Elver Map Mystery Box	Box	Common	1	1	Holds a random item from the <color=#64c819>Elver Map Bundle</color>.  <i>Contains one of the following 18 items:</i> <color=#4b64fa>Beanie</color> <i><color=#767676>Hat</color></i> <color=#4b64fa>Elver Jacket</color> <i><color=#767676>Shirt</color></i> <color=#4b64fa>Elver Pantaloons</color> <i><color=#767676>Pants</color></i> <color=#4b64fa>Elver Sedan</color> <i><color=#767676>Skin</color></i> <color=#4b64fa>Fur Hood</color> <i><color=#767676>Vest</color></i> <color=#4b64fa>Laser Dragonfang</color> <i><color=#767676>Skin</color></i> <color=#4b64fa>Motorcyclist Helmet</color> <i><color=#767676>Hat</color></i> <color=#4b64fa>Professional Fishing Vest</color> <color=#4b64fa>Propeller Hat</color> <color=#4b64fa>Raccoon Hat</color> <color=#4b64fa>Runic Canned Beans</color> <i><color=#767676>Skin</color></i> <color=#4b64fa>Runic Machete</color> <i><color=#767676>Skin</color></i> <color=#964bfa>Pistonpack</color> <i><color=#767676>Backpack</color></i> <color=#964bfa>Respirator</color> <i><color=#767676>Mask</color></i> <color=#964bfa>Tank Cannon</color> <i><color=#767676>Hat</color></i> <color=#964bfa>Wolf Hat</color> <color=#c832fa>Beast Wings</color> <i><color=#767676>Backpack</color></i> <color=#c832fa>Virtual Goggles</color> <i><color=#767676>Glasses</color></i> or, very rarely, a <color=#fa3219>Mythical Variant!</color>  <i>Potential Mythical effects:</i> Atomic, Blossoming, Burning, Confetti, Cosmic, Cryptic Runes, Crystal Shards, Decked Out, Enchanted, Energized, Fire Dragon, Freezing, Glitched, Glowing, Ice Dragon, Lovely, Lucky Coins, Melting, Musical, Party, Pyrotechnic, Radioactive, Sky Lantern, Soul Shattered or Wealthy  <i>Potential bonus items:</i> Crafting Materials, Green Soul Crystal Weapon Kit, Jaded Weapon Kit, Magenta Soul Crystal Weapon Kit, Player Kills Counter, Red Soul Crystal Weapon Kit, Total Kills Counter, Yellow Soul Crystal Weapon Kit or Zero Kelvin Weapon Kit  Does not require a key to open. When opened this will be consumed.	6669ec24e6974054be16606af7fa796b
965	Beanie	Hat	Common	2	2	Simple.  <color=#64c819>Mythical Effects: Uses Hair Color</color>  <color=#64c819>Workshop Contributors: danaby2 Renaxon</color>  When equipped this applies the cosmetic <color=#64c819>Beanie</color> to your character in-game.	1261e7e7822a4abcbac3764e17d59041
966	Motorcyclist Helmet	Hat	Common	2	2	Safety first.  <color=#64c819>Mythical Effects: Uses Hair Color</color>  <color=#64c819>Workshop Contributors: danaby2 Renaxon</color>  When equipped this applies the cosmetic <color=#64c819>Motorcyclist Helmet</color> to your character in-game.	41e9bcf053fa4441ac207bb02cad0ef0
967	Professional Fishing Vest	Vest	Common	2	2	Fishing gear for the furthest wilds.  <color=#64c819>Workshop Contributors: danaby2 Renaxon</color>  When equipped this applies the cosmetic <color=#64c819>Professional Fishing Vest</color> to your character in-game.	cb69daa97c8148248d4b282de23c2e2c
968	Fur Hood	Vest	Common	2	1	Spruce up that old jacket.  <color=#64c819>Workshop Contributors: danaby2 Renaxon</color>  When equipped this applies the cosmetic <color=#64c819>Fur Hood</color> to your character in-game.	5f91a9e094834403ad5b40e89133b5a9
969	Pistonpack	Backpack	Common	2	2	Steampunk equivalent of cybernetic enhancement.  <color=#64c819>Mythical Effects: Dynamic</color>  <color=#64c819>Workshop Contributors: danaby2 Renaxon</color>  When equipped this applies the cosmetic <color=#64c819>Pistonpack</color> to your character in-game.	c23ff37613cd4d0cb9dc8ed9012dda65
970	Propeller Hat	Hat	Common	2	2	Fun for all ages.  <color=#64c819>Mythical Effects: Dynamic</color>  <color=#64c819>Workshop Contributors: danaby2 Renaxon</color>  When equipped this applies the cosmetic <color=#64c819>Propeller Hat</color> to your character in-game.	a94356637153412495fa4a7d52354746
971	Raccoon Hat	Hat	Common	2	2	Prepared to bear the Northern cold.  <color=#64c819>Workshop Contributors: danaby2 Renaxon</color>  When equipped this applies the cosmetic <color=#64c819>Raccoon Hat</color> to your character in-game.	0d429d31c4534cdca445d444972ff9b9
972	Elver Pantaloons	Pants	Common	2	2	Ready for the race.  <color=#64c819>Workshop Contributors: danaby2 Renaxon</color>  When equipped this applies the cosmetic <color=#64c819>Elver Pantaloons</color> to your character in-game.	ca85ce5add5442938aabc89712784e71
973	Elver Jacket	Shirt	Common	3	2	Ready for the race.  <color=#64c819>Workshop Contributors: danaby2 Renaxon</color>  When equipped this applies the cosmetic <color=#64c819>Elver Jacket</color> to your character in-game.	e5b563da3cfb4a478743a5de9a4dd350
974	Respirator	Mask	Common	2	2	Filters in the smog for fuel-consuming life forms.  <color=#64c819>Mythical Effects: Luminescent</color>  <color=#64c819>Workshop Contributors: danaby2 Renaxon</color>  When equipped this applies the cosmetic <color=#64c819>Respirator</color> to your character in-game.	55b2a2ae79b24993abf6b2509ffebd9f
975	Virtual Goggles	Glasses	Common	2	1	Scans and display one's inner thoughts.  <color=#64c819>Mythical Effects: Luminescent Dynamic</color>  <color=#64c819>Workshop Contributors: danaby2 Renaxon</color>  When equipped this applies the cosmetic <color=#64c819>Virtual Goggles</color> to your character in-game.	505115da1a8f42a785276fe721d07623
976	Tank Cannon	Hat	Common	2	2	Spawning the turret weapons finally makes sense.  <color=#64c819>Workshop Contributors: danaby2 Renaxon</color>  When equipped this applies the cosmetic <color=#64c819>Tank Cannon</color> to your character in-game.	250b2d65fd834e3f9af021c08fdee45c
977	Beast Wings	Backpack	Common	2	2	Possessed by a gargoyle.  <color=#64c819>Workshop Contributors: danaby2 Renaxon</color>  When equipped this applies the cosmetic <color=#64c819>Beast Wings</color> to your character in-game.	41df1b718e014167b560f4e86d4a1cc7
978	Wolf Hat	Hat	Common	2	2	There's a new alpha in town.  <color=#64c819>Mythical Effects: Uses Hair Color</color>  <color=#64c819>Workshop Contributors: danaby2 Renaxon</color>  When equipped this applies the cosmetic <color=#64c819>Wolf Hat</color> to your character in-game.	c4d36eed284647299a53620ba3a46b11
979	Green Ski Pants	Pants	Common	1	1	Never again will there be a lack of colorfulness in the pants department.  <color=#1f871f>Workshop Contributors: danaby2 Renaxon</color>  When equipped this applies the cosmetic <color=#1f871f>Green Ski Pants</color> to your character in-game.	a5c9394f33de49eca1f1d8842e2bda8e
980	Orange Ski Pants	Pants	Common	1	1	Never again will there be a lack of colorfulness in the pants department.  <color=#1f871f>Workshop Contributors: danaby2 Renaxon</color>  When equipped this applies the cosmetic <color=#1f871f>Orange Ski Pants</color> to your character in-game.	7df447b22ac441ceb427a8303aef88f8
981	Purple Ski Pants	Pants	Common	1	1	Never again will there be a lack of colorfulness in the pants department.  <color=#1f871f>Workshop Contributors: danaby2 Renaxon</color>  When equipped this applies the cosmetic <color=#1f871f>Purple Ski Pants</color> to your character in-game.	17f0a60cf99240f8a0b9da43e899497a
982	Red Ski Pants	Pants	Common	1	1	Never again will there be a lack of colorfulness in the pants department.  <color=#1f871f>Workshop Contributors: danaby2 Renaxon</color>  When equipped this applies the cosmetic <color=#1f871f>Red Ski Pants</color> to your character in-game.	c27fc2989a27437badd05befebe743cd
983	Yellow Ski Pants	Pants	Common	1	1	Never again will there be a lack of colorfulness in the pants department.  <color=#1f871f>Workshop Contributors: danaby2 Renaxon</color>  When equipped this applies the cosmetic <color=#1f871f>Yellow Ski Pants</color> to your character in-game.	e46b5f49ed144e2088042a99d316c4f8
984	Blue Ski Goggles	Glasses	Common	2	1	Chilled cool while preventing snow blindness.  <color=#1f871f>Workshop Contributors: danaby2 Renaxon</color>  When equipped this applies the cosmetic <color=#1f871f>Blue Ski Goggles</color> to your character in-game.	a6fb8d3da08640c186d1664208df943c
985	Green Ski Goggles	Glasses	Common	2	1	Chilled cool while preventing snow blindness.  <color=#1f871f>Workshop Contributors: danaby2 Renaxon</color>  When equipped this applies the cosmetic <color=#1f871f>Green Ski Goggles</color> to your character in-game.	a1fc8535f1d5470992b0e1a562253151
986	Orange Ski Goggles	Glasses	Common	2	1	Chilled cool while preventing snow blindness.  <color=#1f871f>Workshop Contributors: danaby2 Renaxon</color>  When equipped this applies the cosmetic <color=#1f871f>Orange Ski Goggles</color> to your character in-game.	eb39fdb74d2543d9ad74eda781356af0
987	Purple Ski Goggles	Glasses	Common	2	1	Chilled cool while preventing snow blindness.  <color=#1f871f>Workshop Contributors: danaby2 Renaxon</color>  When equipped this applies the cosmetic <color=#1f871f>Purple Ski Goggles</color> to your character in-game.	614b5718ba374d03961d4dd0e1ee2567
988	Atmo Ski Goggles	Glasses	Common	2	1	Chilled cool while preventing snow blindness.  <color=#1f871f>Workshop Contributors: danaby2 Renaxon</color>  When equipped this applies the cosmetic <color=#1f871f>Atmo Ski Goggles</color> to your character in-game.	c9a58c51b8e24db39c6dae34b8f32983
989	Yellow Ski Goggles	Glasses	Common	2	1	Chilled cool while preventing snow blindness.  <color=#1f871f>Workshop Contributors: danaby2 Renaxon</color>  When equipped this applies the cosmetic <color=#1f871f>Yellow Ski Goggles</color> to your character in-game.	82f2bfff5c4f4d92952f9d38a8a157da
990	Runic Shirt	Shirt	Common	3	2	Features a mysterious rune.  <color=#1f871f>Workshop Contributors: danaby2 Renaxon</color>  When equipped this applies the cosmetic <color=#1f871f>Runic Shirt</color> to your character in-game.	0e003f6edc744850bc3d098d34c2016a
991	Enchanted Shirt	Shirt	Common	3	2	Features an enchanted rune.  <color=#1f871f>Workshop Contributors: danaby2 Renaxon</color>  When equipped this applies the cosmetic <color=#1f871f>Enchanted Shirt</color> to your character in-game.	3386923f15444af296c645b9bccb3e53
992	Kill Counter Removal Tool	Key	Common	1	1	Destroys kill counter attached to a weapon skin.  When used this will be consumed.	a0c5fb16e2d14270b9c899ddc7278cff
993	Ragdoll Modifier Removal Tool	Key	Common	1	1	Destroys ragdoll modifier attached to a weapon skin.  When used this will be consumed.	70d044454c91484a956914841ccbadf9
1000	Matamorez	Gun	Legendary	5	2	Russian assault rifle chambered in Matamorez ammunition.	df1e28e1ca994095a529e640e42a2da9
1001	Matamorez Iron Sights	Sight	Common	1	1	Rail mounted iron sights.	1192fd32a4f948689a6fb779186f81ef
1002	Matamorez_Barrel	Barrel	Common	2	1		42573038060043e0b59caaa00d74dc0e
1003	Matamorez Magazine	Magazine	Epic	1	1	High caliber ranger grade <color=legendary>Matamorez</color> magazine. Designed to fit 17 rounds.	0037da99dfa344559498348744d2c4d3
1004	Kobra Sight	Sight	Uncommon	2	1	Rail mounted sight with electronic aiming crosshair.	4265422a6ec84667b3bee3e3ebdd2cb6
1005	Matamorez Box	Magazine	Legendary	1	2	High caliber ranger grade <color=legendary>Matamorez</color> box. Designed to fit 36 rounds.	0c6ca1d63e30422b8d22482ad42ec5bb
1006	Cobra Box	Magazine	Epic	1	2	Low caliber civilian grade <color=rare>Cobra</color> box. Designed to fit 40 rounds.	96faae0331094d17916d9625f72f7daf
1007	Adaptive Chambering	Tactical	Epic	1	1	Firing chamber upgrade. Increases firerate.	9e8d092e13474ff49ab8a41c5b2fcbf5
1008	Rangefinder	Tactical	Epic	1	1	Side mounted distance laser.	669bab19df634f859a2e61c39e428e59
1009	Desert Beret	Hat	Uncommon	2	2	Bill's.	430dc9e872f04b49ade2602ed5b8d2f9
1010	Desert Military Helmet	Hat	Rare	2	2	Military headwear to prevent injury.	2d090bab240e4ca88fd577581187c4bc
1011	Desert Military Top	Shirt	Rare	3	2	Military uniform shirt.	338553d30a464746beef023e048eaca4
1012	Desert Military Bottom	Pants	Rare	2	2	Military uniform pants.	1fa1f3ade8b04fd08715b27003b8c584
1013	Desert Military Vest	Vest	Rare	2	2	Bullet proof military gear.	83688311fef04b1aa599f02d946b64f5
1014	Leather Pack	Backpack	Common	2	2	Durable crafted backpack.	3fd609dda32d4325b92c3050af762e7c
1015	Biohazard Top	Shirt	Rare	3	2	Protection against scientific research.	412b990cfc11498a96ae559a0dbdd4fb
1016	Biohazard Bottom	Pants	Rare	2	2	Protection against scientific research.	a324de3359244989ae10fdb13b425302
1017	Biohazard Hood	Mask	Rare	2	2	Yeah science!	ad170d0654b149528d56316728037b90
1018	Sabertooth	Gun	Rare	5	2	American sharpshooter rifle chambered in Sabertooth ammunition.	c4b6a5dcf4d4498e85bb7b50135770e2
1019	Sabertooth Iron Sights	Sight	Common	1	1	Rail mounted iron sights.	6945f3141c914688af44760752c72a12
1020	Sabertooth Magazine	Magazine	Rare	1	1	Low caliber military grade <color=rare>Sabertooth</color> magazine. Designed to fit 10 rounds.	a878f4708069417e806fa85f2d37e8bc
1021	Avenger	Gun	Rare	2	2	Italian pistol chambered in Avenger ammunition.	6f97c1d2b4fd4aba8f0282f369dd9758
1022	Avenger Magazine	Magazine	Rare	1	1	Low caliber military grade <color=rare>Avenger</color> magazine. Designed to fit 13 rounds.	b5814c8f02c5419a8f4a7434efee72df
1023	Baton	Melee	Common	3	2	Law enforcement tool used for self defense.	0a9b3cf673bf48aaadafcaa61fa2eb98
1024	Peacemaker	Gun	Rare	3	2	Belgian carbine chambered in Peacemaker ammunition.	4fe22b46f01d4e39a4649e3b187f35e6
1025	Peacemaker Iron Sights	Sight	Common	1	1	Rail mounted iron sights.	c9d0afd6aed94ab7a5071dbe1e86bc94
1026	Peacemaker Magazine	Magazine	Rare	2	1	Low caliber military grade <color=rare>Peacemaker</color> magazine. Designed to fit 50 rounds.	f7727626fb2b48db8e092091f25bd303
1027	Viper	Gun	Rare	3	2	German carbine chambered in Viper ammunition.	2b063985fa464e5a996dfb28d395a7d0
1028	Viper Iron Sights	Sight	Common	1	1	Rail mounted iron sights.	744b63b11f674faa8f5f9bab47bb2a6f
1029	Viper Magazine	Magazine	Rare	1	2	Low caliber civilian grade <color=rare>Viper</color> magazine. Designed to fit 25 rounds.	75602221e0de41fea05ab0d096b08d4d
1030	Frying Pan	Melee	Common	2	3	Cooking implement, also used as a weapon by cavalry.	1a16077af9724848ade891f84bf81df8
1031	Shovel	Melee	Common	2	3	Perfect for whacking zombies.	45bfcc70d3154232aa1020310238f799
1032	Crowbar	Melee	Common	1	2	Construction tool for prying apart objects and fighting crabs.	f1347ad77d1a429aacf6afbcd43d33f2
1033	Paddle	Melee	Common	2	3	If only one of these boats wasn't full of holes!	32a5433cdd08412f9f2a9430931dcff0
1034	Pitchfork	Melee	Common	2	3	Battered from years of stacking hay, but ready to fend off some zombies!	ec3e94bab7b743f2ac1723d8e108b367
1035	Machete	Melee	Rare	1	3	High quality bushwhacking tool.	cbe683e0c03f44e98fcce2671c117879
1036	Katana	Melee	Epic	1	3	Incredibly sharp traditional Japanese weapon.	91e181da090a4972945e0e2334215c47
1037	Heartbreaker	Gun	Epic	4	2	Belgian assault rifle chambered in Military ammunition.	d98faa18572542e8943dbb80536f157e
1038	Heartbreaker Iron Sights	Sight	Common	1	1	Rail mounted iron sights.	ba841edf70bc41038e6c025c503f1c06
1039	Kryzkarek	Gun	Uncommon	2	2	Russian pistol chambered in Kryzkarek ammunition.	87d19ec2e6594117b8b0b79eb1e5bd44
1040	Kryzkarek Magazine	Magazine	Uncommon	1	1	Civilian grade <color=uncommon>Kryzkarek</color> magazine. Designed to fit 12 rounds.	efdd36d38605415d8df8888a8c4bebef
1041	Yuri	Gun	Rare	3	2	Russian carbine chambered in Ranger ammunition.	5f49e7e1f8584797a9a859d66722d19c
1042	Yuri Magazine	Magazine	Rare	2	1	Low caliber ranger grade <color=rare>Yuri</color> magazine. Designed to fit 64 rounds.	34ae9214fc364b8e98fdeafbf5ba5461
1043	Yuri Iron Sights	Sight	Common	1	1	Rail mounted iron sights.	bc56fe1e99e443f589a52789ca71d061
1044	Civilian Nightvision	Glasses	Rare	2	1	Brightness enhancing civilian grade goggles.	8c81fbb134aa42e38b7eda8ebede5463
1045	Pumpkin Seed	Farm	Common	1	1	Ready for planting and eating.	544aedb190e8444994910d5ee348eaf2
1046	Pumpkin	Food	Common	1	1	Orange vegetable.	b62856039eca4808a5795a9e15d57182
1047	Pumpkin Pie	Food	Epic	2	2	Various PI/3.14 related jokes go here.	b9c9eef06408467db9e05d78fd971697
1048	Hockey Mask	Mask	Common	2	2	Protective gear for playing Canada's favorite sport.	f1b1266c74da4a7295dd5bf0465366c4
1049	Jack-o-Lantern	Barricade	Rare	1	1	Halloween torch to provide a little bit of light.	7ed43ff2e65440c6992a556b61e6ed63
1050	Safezone Radiator	Barricade	Legendary	2	2	Electricity powered item/zombie spawn blocker.	1f8856edf5964774aa2457b37e45603b
1051	$5 Note	Supply	Common	1	1	Five dollars of currency.	7f95ba19bd344803889bbabb76f633ae
1052	$10 Note	Supply	Common	1	1	Ten dollars of currency.	b6b87dfad5f342dc91bbb2de950f56ee
1053	$20 Note	Supply	Common	1	1	Twenty dollars of currency.	3b9847bb328d445495b64be9e5ea9400
1054	$50 Note	Supply	Common	1	1	Fifty dollars of currency.	b7241ce2ae664ab5b4d6b6daa113b8b7
1055	$100 Note	Supply	Common	1	1	One hundred dollars of currency.	d7f3d6e4c05f4ec9abd9c0f87f9f0788
1056	Loonie	Supply	Common	1	1	One dollar of currency.	a89067f6a8694f02b2fd04989561b30c
1057	Toonie	Supply	Common	1	1	Two dollars of currency.	1c7d632c79f4454fb1fba211cb5ab49b
1058	Large Maple Plate	Barricade	Uncommon	2	2	Maple plate. Beware of termites.	f6b894e4800c4f4dab74317d59223721
1059	Small Maple Plate	Barricade	Uncommon	1	1	Maple plate. Beware of termites.	83c11e40e8944d41bc00e484f1114c59
1060	Large Maple Frame	Barricade	Uncommon	2	2	Maple frame. Beware of termites.	38b2cc2782fc498183e8815a249d709c
1061	Small Maple Frame	Barricade	Uncommon	1	1	Maple frame. Beware of termites.	40332ca9b2314eb0aa8e917221917fb7
1062	Maple Siding	Barricade	Uncommon	1	1	Maple siding. Beware of termites.	fa10a6f6cb914f8980dfd808d58755e3
1063	Maple Pipe	Barricade	Uncommon	1	2	Maple pipe. Beware of termites.	323752b7e32b47388016bcf16f81cfb5
1064	Large Birch Plate	Barricade	Common	2	2	Birch plate. Beware of termites.	f949f798ae334e649c563fe205adce13
1065	Small Birch Plate	Barricade	Common	1	1	Birch plate. Beware of termites.	50e69b086da94f6aa8dd26ed5d092f65
1066	Large Birch Frame	Barricade	Common	2	2	Birch frame. Beware of termites.	4fc0a291e3cb4ffdbbf9669b7733f67d
1067	Small Birch Frame	Barricade	Common	1	1	Birch frame. Beware of termites.	d0cc43553ac7438b9949e516078ae7fe
1068	Birch Siding	Barricade	Common	1	1	Birch siding. Beware of termites.	6f2735b9483b455c83aa893ec049ca91
1069	Birch Pipe	Barricade	Common	1	2	Birch pipe. Beware of termites.	a62e03f3ae01467fa2c3bdadb163f85f
1070	Large Pine Plate	Barricade	Rare	2	2	Pine plate. Beware of termites.	e70ea1b01f0d465a9634291df14e7649
1071	Small Pine Plate	Barricade	Rare	1	1	Pine plate. Beware of termites.	a8c7f87176d547d8ba34167836f16054
1072	Large Pine Frame	Barricade	Rare	2	2	Pine frame. Beware of termites.	22b50b3e3bfb45bc9fe26802873a25da
1073	Small Pine Frame	Barricade	Rare	1	1	Pine frame. Beware of termites.	a03bb3f607b948678c6b6f3142da86b1
1074	Pine Siding	Barricade	Rare	1	1	Pine siding. Beware of termites.	270ce934caf94332aed1dcb68cdea6c9
1075	Pine Pipe	Barricade	Rare	1	2	Pine pipe. Beware of termites.	5046df3b12024c30a770146006caaa35
1076	Jazzberry Pie	Food	Epic	2	2	Baked to perfection.	dfcac53c8de64b009730b3f4906d17e7
1077	Rainberry Pie	Food	Epic	2	2	Baked to perfection.	e83f749e0048469db3d5731009e40dda
1078	Viriberry Pie	Food	Epic	2	2	Baked to perfection.	66a9e85d66044eb2a1f08b47000bfba1
1079	Ameberry Pie	Food	Epic	2	2	Baked to perfection.	a7ac6b66cfb04423a28d9c39de8499d3
1080	Gloomberry Pie	Food	Epic	2	2	Baked to perfection.	b71e74a5d4b74522b277c44c7a9a8dc2
1081	Mayberry Pie	Food	Epic	2	2	Baked to perfection.	a52e2dc882614357a5296bfc6ddf5bc6
1082	Crimberry Pie	Food	Epic	2	2	Baked to perfection.	507e938b9bdc48ec82cdbc94736de7ac
1083	Maple Doorframe	Barricade	Uncommon	2	1	Maple doorframe. Beware of termites.	77c93d6f2efa47c7a2d401453464b7c5
1084	Maple Garageframe	Barricade	Uncommon	2	1	Maple garageframe. Beware of termites.	e495ecdf442e475ba65b3779d6b38a7c
1085	Birch Doorframe	Barricade	Common	2	1	Birch doorframe. Beware of termites.	6576f99daa8e4d629a09f3787050deab
1086	Birch Garageframe	Barricade	Common	2	1	Birch garageframe. Beware of termites.	67d48fa9a5c2408fa00043b1db0ff3ab
1087	Pine Doorframe	Barricade	Rare	2	1	Pine doorframe. Beware of termites.	df9be6c70bae459db8d00ca7a2c5ad5a
1088	Pine Garageframe	Barricade	Rare	2	1	Pine garageframe. Beware of termites.	a193dcb2621b44da8c0b5199105aeb91
1089	Metal Doorframe	Barricade	Epic	2	1	Metal doorframe. Beware of robotic termites.	db560a92c67c44f488acb3ce2db10f8f
1090	Metal Garageframe	Barricade	Epic	2	1	Metal garageframe. Beware of robotic termites.	239f32267ca444eea4833b0345274509
1091	Large Metal Plate	Barricade	Epic	2	2	Metal plate. Beware of robotic termites.	d9299b3aead64101aab30c7665ad1b6a
1092	Small Metal Plate	Barricade	Epic	1	1	Metal plate. Beware of robotic termites.	35e5ad20a45443e99553593a4b166c7b
1093	Metal Siding	Barricade	Epic	1	1	Metal siding. Beware of robotic termites.	a9049ac8d18e42f7b4db0ddcd580516e
1094	Metal Pipe	Barricade	Epic	1	2	Metal pipe. Beware of robotic termites.	4aaec8684ea24c54ad7e6d371f06b897
1095	Maple Sign	Barricade	Uncommon	2	2	Maple sign coupled with colorful markers.	1e643691294b4f0bbf461f5e4fcfc261
1096	Birch Sign	Barricade	Common	2	2	Birch sign coupled with colorful markers.	ea3b8cfa98e2414db949026b12f10139
1097	Pine Sign	Barricade	Rare	2	2	Pine sign coupled with colorful markers.	cd6e2ec876a04546930dc357a7177268
1098	Metal Sign	Barricade	Epic	2	2	Metal sign coupled with colorful markers.	644b617a197a4381be21230935b5d279
1099	4 Seater Makeshift Vehicle	Barricade	Rare	4	2	Empty frame ready to be built upon.	b461b85c01294e8ab4619b3b06313499
1100	Sticky Grenade	Throwable	Epic	1	1	Military grade throwable sticky explosive.	57d8bb26e4d8424bb5679651c9582cca
1101	Landmine	Trap	Epic	1	1	Explosive trap.	bce3892b5a9f4bab96257fd991ffcb28
1102	Claymore	Trap	Epic	1	1	Explosive trap.	251cb1cc223c4f5ea3ff0deeb192a9bb
1103	Black Umbrella	Cloud	Uncommon	2	2	Drift softly down from the heavens.	a59c6b1b816f4b668cb2f9a075208fe3
1104	Jazzberry Seed	Farm	Common	1	1	Ready for planting and eating.	e7aaae16bf904786bf4c050a3576f1dd
1105	Rainberry Seed	Farm	Common	1	1	Ready for planting and eating.	ad5693d9169f4188a59135f10131d995
1106	Viriberry Seed	Farm	Common	1	1	Ready for planting and eating.	4c612a12cbd64226b6408681fda329f4
1107	Ameberry Seed	Farm	Common	1	1	Ready for planting and eating.	b31e1cb715ed45a5acb6416a84294023
1108	Gloomberry Seed	Farm	Common	1	1	Ready for planting and eating.	ecd403dc06ea4e5bbf3d3416c9bba045
1109	Mayberry Seed	Farm	Common	1	1	Ready for planting and eating.	9f73863de18643f8ac15e393cb6bd935
1110	Crimberry Seed	Farm	Common	1	1	Ready for planting and eating.	6582d36942ac40b88f0081fea872d2d2
1111	6 Seater Makeshift Vehicle	Barricade	Epic	5	2	Empty frame ready to be built upon.	93726a585cda40a0ae4cc1f42f481caf
1112	1 Seater Makeshift Vehicle	Barricade	Uncommon	3	2	Empty frame ready to be built upon.	49e23cd99a1c4100bd0b78d9211ea3c0
1113	Snare	Trap	Rare	2	1	Spikey trap.	fa9b283859034fdbbd71078bb5a0d375
1114	Maple Jerrycan	Fuel	Common	2	2	Sizeable jerrycan of gasoline.	7d11aa2b07e641cb8362e207327937ec
1115	Birch Jerrycan	Fuel	Common	2	2	Sizeable jerrycan of gasoline.	0078ced43dc1454b98c4d0246a4c18ab
1116	Pine Jerrycan	Fuel	Common	2	2	Sizeable jerrycan of gasoline.	52e635dbf3b641069759247cdf8336ad
1117	Pork	Food	Common	2	2	Extra greasy!	d068c0e01f414c36bbb2e47a9d27ace2
1118	Bacon	Food	Common	2	2	Extra greasy!	226d8b31dc5f46198ba1f6ef7f0a08cd
1119	Barbed Wire Fence	Trap	Epic	2	1	Spiky trap.	97b6fb7f9cfa4837a0a49c4efc7d8e8f
1120	Raw Beef	Food	Common	2	2	Lean and juicy.	664f879364a84f54ba6ca8023d97a389
1121	Cooked Beef	Food	Common	2	2	Lean and juicy.	8592e8b68b334972b4a8b7acb8db7da1
1122	Blue Umbrella	Cloud	Uncommon	2	2	Drift softly down from the heavens.	19bc2accea384f40b7226ac925f393ab
1123	Green Umbrella	Cloud	Uncommon	2	2	Drift softly down from the heavens.	1dc0e052581a4f52a2ecbd486620d930
1124	Orange Umbrella	Cloud	Uncommon	2	2	Drift softly down from the heavens.	ef309b701327472ab6f0e8027d30ef1f
1125	Purple Umbrella	Cloud	Uncommon	2	2	Drift softly down from the heavens.	e7e57754760b4dcb9be212d8c9ed9280
1126	Red Umbrella	Cloud	Uncommon	2	2	Drift softly down from the heavens.	960751d6b6f64cf88b9ff12e3ce67fac
1127	White Umbrella	Cloud	Uncommon	2	2	Drift softly down from the heavens.	7f346e50d65c4adda99d0ff42157b4a5
1128	Yellow Umbrella	Cloud	Uncommon	2	2	Drift softly down from the heavens.	b01b3305b8e144118e3e9e2adb6f7e43
1129	Heatstim	Medical	Uncommon	2	2	Compounds that when combined produce steady warmth.	79271d9bcdd549028fa4b3038b54cb4b
1130	Ornamental Barbed Wire	Trap	Uncommon	2	1	Spiky, well-lit trap.	03511813fd964ea9a176b6c6ed191f56
1131	Ornamental Barbed Wire Fence	Trap	Epic	2	1	Spiky, well-lit trap.	6e996babda8a4e7bb922dfc44b6925cd
1132	Snowball	Throwable	Rare	1	1	Snow grade throwable explosive.	f4fc9636ef8a4b508d87ddb2ebb2b16b
1133	Black Scarf	Vest	Common	2	2	Warm neck protection.	b7bd2e16f47344ef9c5a18893e66f4d4
1134	Blue Scarf	Vest	Common	2	2	Warm neck protection.	67b6c66eb86b4fa88e600c78a7fbdb71
1135	Green Scarf	Vest	Common	2	2	Warm neck protection.	4a31676aced040b69ca59176136c7a51
1136	Orange Scarf	Vest	Common	2	2	Warm neck protection.	b3026e3f3fa24fc5a7c428486f4e10cb
1137	Purple Scarf	Vest	Common	2	2	Warm neck protection.	45d64bc217bc45d592b41bbdebea3735
1138	Red Scarf	Vest	Common	2	2	Warm neck protection.	f821c5e24b8f48d1b7238024f21d685b
1139	White Scarf	Vest	Common	2	2	Warm neck protection.	ff2fdaf9402e48ef85ca5e31a417dcc5
1140	Yellow Scarf	Vest	Common	2	2	Warm neck protection.	829d0260ab9b49899f5bba17c3c355a4
1141	Crimson Beret	Hat	Common	2	2	Owned by time-honored veterans.  When equipped this applies the cosmetic <color=#d2bf22>Crimson Beret</color> to your character in-game.	f0e2d4d3f00c4513b5d10292c6eb4126
1142	Gold Beret	Hat	Common	2	2	Owned by time-honored veterans.  When equipped this applies the cosmetic <color=#d2bf22>Gold Beret</color> to your character in-game.	e1b7c44ea2014e769a50bbd74b0d083a
1143	Sawed-Off	Gun	Uncommon	3	2	American shotgun chambered in 20 Gauge Shells.	7a7dde96b72f489487f665d07073d497
1144	Large Birch Plate	Barricade	Common	2	2	Birch plate. Beware of termites.	e5d5716beec14a58af4bbcb2ead73bd3
1145	Large Birch Plate	Barricade	Common	2	2	Birch plate. Beware of termites.	4d13241e9fbb493ab8318c0073817aa2
1146	Large Maple Plate	Barricade	Uncommon	2	2	Maple plate. Beware of termites.	02e6e878a8fe4df8b4f46b1bbc3e4fa4
1147	Large Maple Plate	Barricade	Uncommon	2	2	Maple plate. Beware of termites.	a856416391584e05a16c17c32a6e77ac
1148	Large Pine Plate	Barricade	Rare	2	2	Pine plate. Beware of termites.	b899422abf1f4991b362d645f56af304
1149	Large Pine Plate	Barricade	Rare	2	2	Pine plate. Beware of termites.	6f87cb5e96814aa983d85a25f6e74801
1150	Small Birch Plate	Barricade	Common	1	1	Birch plate. Beware of termites.	052d38e4e0454caeb74f5a1b1b1ec4ea
1151	Small Birch Plate	Barricade	Common	1	1	Birch plate. Beware of termites.	f403ba69a17d49fab9af0e9cff8453c5
1152	Small Maple Plate	Barricade	Uncommon	1	1	Maple plate. Beware of termites.	6965c846196c470c88caa0c0d23538d3
1153	Small Maple Plate	Barricade	Uncommon	1	1	Maple plate. Beware of termites.	4292d32dac5441368c50e6e3cb1f17d2
1154	Small Pine Plate	Barricade	Rare	1	1	Pine plate. Beware of termites.	20119b006ec64fdd81ea75e4bdc93a57
1155	Small Pine Plate	Barricade	Rare	1	1	Pine plate. Beware of termites.	2a805f4d90f54199ba362cadb92c53de
1156	Thief Top	Shirt	Uncommon	3	2	Thieves guild shirt.	40b1cd5fa5ce47efbc210360beac8b92
1157	Thief Bottom	Pants	Uncommon	2	2	Thieves guild pants.	4df14ace84a34e18810cb3918341db1c
1158	Claim Flag	Barricade	Legendary	2	2	Protect an area from other players building.	cba173169b314a16be5a1ab44f25fcf2
1159	Maple Syrup	Water	Uncommon	1	1	Sap from the maple tree.	0eed91028ee446b6b9840721ac7aa4a2
1160	Pancake	Food	Rare	1	1	Warm batter cake coated in maple syrup.	6707217f22be48fdafcb8b280ed955a2
1161	Waffle	Food	Rare	1	1	Warm dough in a pattern coated with maple syrup.	a23a981142154a3cb8f194755d5888a9
1162	Dough	Food	Common	1	1	Soft baking ingredient.	306effe98c694ead8eab42802d1838b1
1163	Doughnut	Food	Rare	1	1	Warm dough in a torus glazed with maple syrup.	d757bbefc172421b9ab88b95ab3051f1
1164	Pepperoni Pizza	Food	Epic	2	2	Topped with cheese, tomato sauce, and pepperoni.	e81338d92fe4461998f9abd3189eb60a
1165	Nailgun	Gun	Uncommon	2	2	Construction tool chambered in Nailgun ammunition.	2121fcdc5fce4418b29e91e9a65a979b
1166	Nailgun Magazine	Magazine	Uncommon	1	2	Construction grade <color=uncommon>Nailgun</color> magazine. Designed to fit 20 nails.	76c58f226cd74ef5a53a8912bee270d1
1167	Nailgun_Barrel	Barrel	Common	2	1		820fa209f7f1420184cd9e2af3f3b979
1168	Civilian Vest	Vest	Rare	2	2	Bulky, reinforced with steel plates.	774f0063442040d39458d7c78b3fcc1a
1169	Spec Ops Vest	Vest	Legendary	2	2	Bullet proof tactical gear.	e48b5e0d680142b9a757250a62885698
1170	Spec Ops Rucksack	Backpack	Legendary	2	2	Medium sized tactical backpack.	afea627ea4c847609d115ef143154bcd
1171	Spec Ops Top	Shirt	Legendary	3	2	Tactical uniform shirt.	7f43676bcf8b450cadc19794db8344fd
1172	Spec Ops Bottom	Pants	Legendary	2	2	Tactical uniform pants.	10ed57eb6300464da9326f2461fcd581
1173	Makeshift Armor	Vest	Common	2	2	Bullet proof crafted vest.	fa0ce6a84d5147518f6ee2c44e43b1b0
1174	Scythe	Melee	Uncommon	3	2	Gardening tool for trimming grass.	5b0f16188d8442edaae8b0c6e0d86b75
1175	Chart	Map	Uncommon	1	1	Printed map of the surrounding area.	ae907de0d5c14c1086a22c2b95c58a47
1176	GPS	Map	Epic	1	1	Satellite view of the surrounding area.	52bc64a1c32b4b45a0c66e98c25dcbf7
1177	Military Tracer Magazine	Magazine	Epic	1	2	Low caliber military grade tracer magazine. Designed to fit 20 rounds.	70b74c05066a4063a3a89a45c2edbfbe
1178	Diving Tank	Backpack	Rare	1	2	Packed full of oxygen.	ba3baff781ab4970b549b805c4d28bf8
1179	Wetsuit Top	Shirt	Rare	3	2	Protection against the underwater environment.	37964f7bb83d4934838eb20adb0229fc
1180	Wetsuit Bottom	Pants	Rare	2	2	Protection against the underwater environment.	c1badafcdc29470680f35267ef069f0d
1181	Snorkel	Glasses	Rare	2	2	Draws oxygen from the diving tank by wireless network communication.	a8910b5accd8400e8808a275b7080e02
1182	Black Dufflebag	Backpack	Common	2	2	Medium sized synthetic gym bag.	965bf79ebd17462ca42f55ce8f90e0bd
1183	Blue Dufflebag	Backpack	Common	2	2	Medium sized synthetic gym bag.	f97b6b3b6f77476cb5a809909cc0107c
1184	Green Dufflebag	Backpack	Common	2	2	Medium sized synthetic gym bag.	101d5f74fa444a0d8373d6b3f7fb7cdb
1185	Orange Dufflebag	Backpack	Common	2	2	Medium sized synthetic gym bag.	f64a9beaf39c4bcfab50cdb57122fb62
1186	Purple Dufflebag	Backpack	Common	2	2	Medium sized synthetic gym bag.	34896bbf40564e8e8e0021d8e3ec0a2d
1187	Red Dufflebag	Backpack	Common	2	2	Medium sized synthetic gym bag.	09314136075e44f29676bdcdb1b32a3d
1188	White Dufflebag	Backpack	Common	2	2	Medium sized synthetic gym bag.	ebad30019a5e4bb790e6e7a7e28f0262
1189	Yellow Dufflebag	Backpack	Common	2	2	Medium sized synthetic gym bag.	4e9ab7cf0ab5446db0c470dc7485cc0b
1190	Ranger Muzzle	Barrel	Rare	1	1	Ranger grade muzzle. Hides muzzle flash, tracers and reduces recoil.	14aaa30ea7d840d084ed6af14c9edad7
1191	Ranger Barrel	Barrel	Rare	2	1	Ranger grade barrel. Increases accuracy.	f9d10f4c090a473dba7e556e6b450184
1192	High Caliber Military Ammunition Crate	Supply	Epic	2	2	High caliber military grade ammunition crate. Designed to fit 20 rounds.	d20d112bc75a4691962f09cd549439b0
1193	High Caliber Ranger Ammunition Box	Supply	Epic	2	2	High caliber ranger grade ammunition box. Designed to fit 20 rounds.	b5c9e7c3e3a94807b18aa86f47d8651c
1194	Horde Beacon	Beacon	Legendary	2	2	Emits signals that draw in a zombie horde.	632632fea2f94952938100c6cb62c544
1195	Handcuffs	Arrest_Start	Uncommon	1	1	Lock up a surrendering prisoner.	a02639d65d79438281af15f22b7632f9
1196	Handcuffs Key	Arrest_End	Uncommon	1	1	Unlock a handcuffed prisoner.	cb4352c6fcb044c2b58e6edfa5644904
1197	Cable Tie	Arrest_Start	Common	1	1	Lock up a surrendering prisoner.	9d5d6f62c95f4aa6af2d89711064cd3c
1198	Pickaxe	Melee	Common	2	3	Simple mining axe.	65093f6fcdd24c67a4f4dd43c0d6fd9e
1199	Headlamp	Glasses	Uncommon	2	1	Head mounted flashlight.	fb9c1de78e714610b037fa7539549008
1200	Military Fragmentation Magazine	Magazine	Legendary	1	2	Low caliber military grade fragmentation magazine. Designed to fit 20 rounds.	6eebf3aa56724b009fd4e3401838328e
1201	Military Nightvision Scope	Sight	Legendary	2	1	Rail mounted 6x zoom nightvision scope.	b8abc7c292144e8eaaf744815c3108ae
1202	Maple Rifle Rack	Storage	Uncommon	2	1	Maple rack for storing rifles.	ed1e4416d23449068bdf173881d149f2
1203	Birch Rifle Rack	Storage	Common	2	1	Birch rack for storing rifles.	b539b3c10881472a966fda01543f798d
1204	Pine Rifle Rack	Storage	Rare	2	1	Pine rack for storing rifles.	f72d3be23d91499ba551420791d2f56a
1205	Maple Trophy Case	Storage	Uncommon	2	2	Maple case for storing trophies.	f40d92ec0f544c33acfa8276798db9f9
1206	Birch Trophy Case	Storage	Common	2	2	Birch case for storing trophies.	59a518cadba549308f4cfa2d3da5faef
1207	Pine Trophy Case	Storage	Rare	2	2	Pine case for storing trophies.	c3411bd756be445b9de796ce384cf1d7
1208	Rain Barrel	Barricade	Uncommon	2	2	Collects rain water which can be retrieved with a canteen.	c8c459e27d724d02a00bca4f4a7a6971
1209	Explosive Arrow	Magazine	Epic	2	1	Explodes on impact.	c4ddc94171524da294cd5c4daea98ddd
1210	Brick Doorway	Structure	Epic	2	1	Zombies can huff and puff, but they aren't getting in.	0d6a60af523844a9b5d39a1a8f93bf63
1211	Brick Garage	Structure	Epic	2	1	Zombies can huff and puff, but they aren't getting in.	cb9eee3ef71a4abd955dbc721c3a8022
1212	Brick Pillar	Structure	Epic	1	2	Zombies can huff and puff, but they aren't getting in.	69719b90b1144577abf85bd24129164b
1213	Brick Post	Structure	Epic	1	2	Zombies can huff and puff, but they aren't getting in.	da597788e5cf48cc8a7cb28ad9d46475
1214	Brick Rampart	Structure	Epic	2	1	Zombies can huff and puff, but they aren't getting in.	238b79cd6a9047cb832f58dd294009ae
1215	Brick Wall	Structure	Epic	2	1	Zombies can huff and puff, but they aren't getting in.	75574d0812d34897a7153421c24c0496
1216	Brick Window	Structure	Epic	2	1	Zombies can huff and puff, but they aren't getting in.	a5c26ffe91cd40a6af592e226fce4063
1217	Brick Doorframe	Barricade	Rare	2	1	The zombies can huff and puff, but they aren't getting in.	5cca1331343f446a86b09705cf987f77
1218	Brick Garageframe	Barricade	Rare	2	1	The zombies can huff and puff, but they aren't getting in.	71075c3c29884a478a8d1abb73c0e130
1219	Pump Jack	Oil_Pump	Rare	3	3	Drills for oil which can be retrieved with a gas can.	eeffac0063804866b38c8eb6436ace10
1220	Metal Rifle Rack	Storage	Epic	2	1	Metal rack for storing rifles.	4eb615311edb4ef98ee95d8c70ba3c25
1221	Metal Trophy Case	Storage	Epic	2	2	Metal case for storing trophies.	d8d471399d36471794257a686fed7400
1222	Cagelight	Barricade	Rare	1	1	Electricity powered large area light.	9908a43237364f22a62242cd1fb14fc9
1223	Maple Shutter	Barricade	Uncommon	1	2	Maple shutter ideal for keeping out unwanted visitors.	d03f1e69bec4496db920feb461d2c941
1224	Birch Shutter	Barricade	Common	1	2	Birch shutter ideal for keeping out unwanted visitors.	cf2ba549eb0d4e06a88e578bbfe4802c
1225	Pine Shutter	Barricade	Rare	1	2	Pine shutter ideal for keeping out unwanted visitors.	87d990da55864df6af8340d30d372a0c
1226	Metal Shutter	Barricade	Epic	1	2	Metal shutter ideal for keeping out unwanted visitors.	89a2f3ba54e44a75949223e16c393e6d
1227	Tanktrap	Barricade	Rare	1	1	Difficult for traffic to get around.	ba3d3b4781144a93a7cf061ccda3d7c7
1228	Water Tank	Tank	Epic	3	3	Safely stores water.	8bd5f403d2b14f3ab77f7ccfce0ee9a2
1229	Fuel Tank	Tank	Epic	3	3	Safely stores gas.	f767d92f00cc4938981431eeb9286312
1230	Industrial Generator	Generator	Epic	3	3	Electricity generator covering a large radius powered by fuel.	dc56734a150849e785975751364d41de
1231	Maple Flag	Barricade	Uncommon	2	2	Maple flag coupled with colorful markers.	228b2c5f74124eb2a9757d5b06c65f52
1232	Birch Flag	Barricade	Common	2	2	Birch flag coupled with colorful markers.	2ec6f5c75cbb44dc823bfaa8b18eefa3
1233	Pine Flag	Barricade	Rare	2	2	Pine flag coupled with colorful markers.	870a1bdb38a644ef94b3606650550e9e
1234	Metal Flag	Barricade	Epic	2	2	Metal flag coupled with colorful markers.	f5cffee6e8434b3f8ece5c80b64ab8d2
1235	Maple Doubledoor	Barricade	Uncommon	1	2	Maple doubledoor ideal for keeping out unwanted visitors.	72772aa0e44c45a6accb37863c686801
1236	Birch Doubledoor	Barricade	Common	1	2	Birch doubledoor ideal for keeping out unwanted visitors.	8ca3ad17aa5e4431b44ef9928e23c014
1237	Pine Doubledoor	Barricade	Rare	1	2	Pine doubledoor ideal for keeping out unwanted visitors.	7f1a0e422b6347c89870a94942a43ea8
1238	Metal Doubledoor	Barricade	Epic	1	2	Metal doubledoor ideal for keeping out unwanted visitors.	d472ed1ca67943a8abdde8cd176099b8
1239	Large Slippery Plate	Barricade	Epic	2	2	Slippery plate. Beware of slippery robotic termites.	4eb2f8a5af6a44b1940bf56ce5b97b26
1240	Detonator	Detonator	Rare	2	2	Tool for detonating explosives remotely.	8d80a12a6f564850ab2478927648dd7a
1241	Demolition Charge	Charge	Epic	1	1	Remotely detonated imprecise explosive.	2e15a98da9e34774b961d636c0e88cc9
1242	Makeshift Grenade	Throwable	Common	1	1	A wicked throwable explosive.	e028fce70a3343c8be7837421318b847
1243	Cot	Barricade	Common	2	1	Warm bed perfect for a home.	7ff64602a47842f284d7a6cb714c2d69
1244	Neutral Sentry	Sentry	Epic	2	2	Covers an area by automatically peppering threats with gunfire.	0c005ae5e4c74575af53ffe2144fad0b
1245	Maple Counter	Storage	Uncommon	2	2	Maple counter cupboard for storing items.	d65173e383a94df2837721fe7e7fc5d3
1246	Birch Counter	Storage	Common	2	2	Birch counter cupboard for storing items.	78d18d4585ed4f55bb5ac69b9a3b5729
1247	Pine Counter	Storage	Rare	2	2	Pine counter cupboard for storing items.	54b5aa09ef0640e7994dce0ddcc60012
1248	Metal Counter	Storage	Rare	2	2	Metal counter cupboard for storing items.	06a78e7fdace45bcab785e1913a4c624
1249	Fridge	Storage	Rare	2	2	Metal counter for food and drinks.	35457ca38d03426091815950e067262b
1250	Electric Stove	Barricade	Rare	2	2	Powered heat source for baking food.	d673b381629a45d9b0c5889f505374be
1251	Maple Counter Sink	Storage	Uncommon	2	2	Maple counter sink for storing items.	1443a16308434d8d9c3f573637dcb904
1252	Birch Counter Sink	Storage	Common	2	2	Birch counter sink for storing items.	d3dd98a5b4544bf39fc93dd98010e83c
1253	Pine Counter Sink	Storage	Rare	2	2	Pine counter sink for storing items.	568d18a4c3a148bdb79a0a366aed6e67
1254	Metal Counter Sink	Storage	Rare	2	2	Metal counter sink for storing items.	a78fe93078354e9eb9ec0d3342631b49
1255	Lamp	Barricade	Rare	2	2	Electricity powered wide angle light.	2f48d614b5424e90adcbbde333abc7d6
1256	Couch	Barricade	Common	2	1	Comfy spot to hangout and unwind.	37dcda8892bc43f29c2538f8e26c3a90
1257	Maple Library	Library	Uncommon	2	2	Learn from the experiences of other survivors.	232cc85fa440423f8266d6c2923535b4
1258	Birch Library	Library	Common	2	2	Learn from the experiences of other survivors.	36b951b6123247b3b0f5a8e33f95ba6f
1259	Pine Library	Library	Rare	2	2	Learn from the experiences of other survivors.	e15fd91a620a40ce922bb601a69bc1b5
1260	Metal Library	Library	Epic	2	2	Learn from the experiences of other survivors.	115e0813c6734779864b6d9c129e8c87
1261	Oxygenator	Barricade	Epic	2	2	Electricity powered oxygen converter.	ea56c734f3614983a5381bbce91ba79a
1262	Triangular Maple Floor	Structure	Uncommon	2	2	Maple triangular floor. Beware of termites.	9ab65fa82f104382859bbd8f9516dc39
1263	Triangular Birch Floor	Structure	Common	2	2	Birch triangular floor. Beware of termites.	372da92bbe9d49fb88e2146d9202ac8b
1264	Triangular Pine Floor	Structure	Rare	2	2	Pine triangular floor. Beware of termites.	ff7e1755f5114fc99f20cd4df88a760b
1265	Triangular Metal Floor	Structure	Epic	2	2	Metal triangular floor. Beware of robotic termites.	e19ae9c345a241a08c9ff545c8c4cecd
1266	Triangular Maple Roof	Structure	Uncommon	2	2	Maple triangular roof. Beware of termites.	3ea67e3ad2ca415f9feb81bbc1508fd2
1267	Triangular Birch Roof	Structure	Common	2	2	Birch triangular roof. Beware of termites.	f39e6df8a5dd41f0af874dc7a6cb89a5
1268	Triangular Pine Roof	Structure	Rare	2	2	Pine triangular roof. Beware of termites.	e56bb0231db34929bcd2a4ba2aa925e3
1269	Triangular Metal Roof	Structure	Epic	2	2	Metal triangular roof. Beware of robotic termites.	8d684713a6da469eb23815d68afacf10
1270	Gasmask	Mask	Rare	2	2	Blocks out dangerous radiation when fitted with a working filter.	d3c14d539f0246a7a203dbd992c4036b
1271	Filter	Filter	Rare	1	1	Filters out radiation when attached to a gasmask.	eab00b33df75416b8ff60c21b48e1111
1272	Blue Flare Sconce	Barricade	Common	1	2	Mounted road flare to provide a little bit of light.	c1884c06179c4179be536b5adf0cf157
1273	Green Flare Sconce	Barricade	Common	1	2	Mounted road flare to provide a little bit of light.	22557b51899e486f8282588e610c28b5
1274	Orange Flare Sconce	Barricade	Common	1	2	Mounted road flare to provide a little bit of light.	5efaebec913842929abbd573e69c9695
1275	Purple Flare Sconce	Barricade	Common	1	2	Mounted road flare to provide a little bit of light.	0c3320145c974b6bb2e50586cd65f36e
1276	Red Flare Sconce	Barricade	Common	1	2	Mounted road flare to provide a little bit of light.	23447124471345789403075483b59169
1277	Yellow Flare Sconce	Barricade	Common	1	2	Mounted road flare to provide a little bit of light.	48303a446214402fa8db745f568151e3
1278	Maple Wardrobe	Storage	Uncommon	2	2	Maple wardrobe for storing items.	88954636330044c5a87b46bd556dcbad
1279	Birch Wardrobe	Storage	Common	2	2	Birch wardrobe for storing items.	7851316b777b4bbfb19bfaffac4c200d
1280	Pine Wardrobe	Storage	Rare	2	2	Pine wardrobe for storing items.	a27de1a9c75d446cbf8e7c1b4c527ef8
1281	Metal Wardrobe	Storage	Epic	2	2	Metal wardrobe for storing items.	6ecbbde5002648789f1e5138d23271e8
1282	Patio Umbrella	Barricade	Common	1	2	Enjoy a nice day in the shade, or keep dry from the rain!	6d184c53fdeb4056a66ea949a67f01ed
1283	Cooler	Storage	Rare	2	1	Metal storage for cold drinks.	30c7b04f458e4cbb8958bc487ed46cc4
1284	Maple Rectangular Table	Barricade	Uncommon	2	1	Maple table for fine dining.	40e9dfab452a45708b4a0e76334ae688
1285	Birch Rectangular Table	Barricade	Common	2	1	Birch table for fine dining.	db4f0c0399f945f8baf102870532280c
1286	Pine Rectangular Table	Barricade	Rare	2	1	Pine table for fine dining.	3ae8973098b3425c9e58c22ee0c79326
1287	Metal Rectangular Table	Barricade	Epic	2	1	Metal table for fine dining.	2b9fb144fd2240b8827ebbfe132ce930
1288	Maple Circular Table	Barricade	Uncommon	2	1	Maple table for fine dining.	592ec8d818e24a2c926bb4eb91e48afb
1289	Birch Circular Table	Barricade	Common	2	1	Birch table for fine dining.	dba0cc2affed41d1b454a3d6df66f111
1290	Pine Circular Table	Barricade	Rare	2	1	Pine table for fine dining.	cf1fa0312f61429a97be6f0ad66c80a0
1291	Metal Circular Table	Barricade	Epic	2	1	Metal table for fine dining.	bbedd51cd987407d9e0907758e987f5a
1292	Maple Square Table	Barricade	Uncommon	2	1	Maple table for fine dining.	ae404a32ae1941588d9c11c33c254800
1293	Birch Square Table	Barricade	Common	2	1	Birch table for fine dining.	7cce909ad6504d4484b08745a0f2fbf5
1294	Pine Square Table	Barricade	Rare	2	1	Pine table for fine dining.	1df113bd7fc545eeb31b48feb878f093
1295	Metal Square Table	Barricade	Epic	2	1	Metal table for fine dining.	6c8c0a3f316645d9a54edd7871bb212b
1296	Beach Chair	Barricade	Common	2	1	Comfy spot to relax in the shade.	b16e02715819464ebd3a810543e760a9
1297	Weak Glass	Barricade	Uncommon	2	2	Glass pane ideal for looking at unwanted visitors.	6314c13082c24bdcbc9872d492df4926
1298	Bulletproof Glass	Barricade	Rare	2	2	Glass pane ideal for looking at and keeping out unwanted visitors.	306adf871cff47b48d09a3a5414def59
1299	One Way Glass	Barricade	Rare	2	2	Glass pane ideal for spying on suspicious visitors.	412697181591400983dafa441bd45b7b
1300	Tank Cannon	Gun	Legendary	1	1	Tank rocket launcher chambered in Missiles.	6ba6d68072014ae8817df797c0825219
1301	Tank_Scope	Sight	Common	1	1		a655f6119d524445aacd9cd0d396de66
1302	Missile	Magazine	Legendary	3	1	Military grade <color=legendary>Tank</color> missile.	68b893410eeb48ea936b483ec652119d
1303	Blue Couch	Barricade	Common	2	1	Comfy spot to hangout and unwind.	f8d149f415724a4ba9831b4032bd0c2a
1304	Green Couch	Barricade	Common	2	1	Comfy spot to hangout and unwind.	3be39729eb394a93b667181a5e376951
1305	Orange Couch	Barricade	Common	2	1	Comfy spot to hangout and unwind.	41372633ce26412e8c9890d75f3de416
1306	Purple Couch	Barricade	Common	2	1	Comfy spot to hangout and unwind.	736eac590eeb4f51bbe604c81cb6cf22
1307	Red Couch	Barricade	Common	2	1	Comfy spot to hangout and unwind.	cece4643646b4244a34f594bbaf60834
1308	Yellow Couch	Barricade	Common	2	1	Comfy spot to hangout and unwind.	c7428365b26348d08c96938ff5640406
1309	Blue Cot	Barricade	Common	2	1	Warm bed perfect for a home.	40cea9c052934435909942582758a147
1310	Green Cot	Barricade	Common	2	1	Warm bed perfect for a home.	0a5c63322bdb439896237c933fcbb055
1311	Orange Cot	Barricade	Common	2	1	Warm bed perfect for a home.	8c434d54a97c4012b0cc8456ef5454eb
1312	Purple Cot	Barricade	Common	2	1	Warm bed perfect for a home.	0b02499a008d41f78ece1a9d53e1664b
1313	Red Cot	Barricade	Common	2	1	Warm bed perfect for a home.	34b80e51ab5b47c2a243ff85bd6cff7d
1314	Yellow Cot	Barricade	Common	2	1	Warm bed perfect for a home.	9e80c4e3366349e89716943757fd1210
1315	Blue Beach Chair	Barricade	Common	2	1	Comfy spot to relax in the shade.	cd1e2889b73b4a5cbd3a0b1af7eb7d9e
1316	Green Beach Chair	Barricade	Common	2	1	Comfy spot to relax in the shade.	fe0653532f0944c495ca404420672f04
1317	Orange Beach Chair	Barricade	Common	2	1	Comfy spot to relax in the shade.	e14f9c4e27544968a54b946412dfa403
1318	Purple Beach Chair	Barricade	Common	2	1	Comfy spot to relax in the shade.	9dacf96665b04b2b97e47f767f0be13e
1319	Red Beach Chair	Barricade	Common	2	1	Comfy spot to relax in the shade.	3b3217ef2c2443c7a513dc02e22f44ae
1320	Yellow Beach Chair	Barricade	Common	2	1	Comfy spot to relax in the shade.	b6abf11e824b4e8bb275b781eb086f0b
1321	Blue Patio Umbrella	Barricade	Common	1	2	Enjoy a nice day in the shade, or keep dry from the rain!	3fc297047e834042901ac9083e996fad
1322	Green Patio Umbrella	Barricade	Common	1	2	Enjoy a nice day in the shade, or keep dry from the rain!	5f79e4816d9841e5acccc1e758a43f65
1323	Orange Patio Umbrella	Barricade	Common	1	2	Enjoy a nice day in the shade, or keep dry from the rain!	7ed2ef07175f4fb493a00774e0cb8dbd
1324	Purple Patio Umbrella	Barricade	Common	1	2	Enjoy a nice day in the shade, or keep dry from the rain!	0a9c7e69c0e34db98be6d09bb6e085f2
1325	Red Patio Umbrella	Barricade	Common	1	2	Enjoy a nice day in the shade, or keep dry from the rain!	1793de88863a41ef8ee7b8bab3d9ad79
1326	Yellow Patio Umbrella	Barricade	Common	1	2	Enjoy a nice day in the shade, or keep dry from the rain!	97af6b04ea644b3b8c8696f780581872
1327	Book	Barricade	Common	1	1	Keep track of important information.	0b20822f17774ad3a0827ad5313ce7b3
1328	Note	Barricade	Common	1	1	Keep track of important information.	62a748bf40be48719fe79b8c3e065a79
1329	Maple Hatch	Barricade	Uncommon	1	1	Maple trapdoor ideal for keeping out unwanted visitors.	ae9cd991d3ae420fa8292598c99ced4c
1330	Birch Hatch	Barricade	Common	1	1	Birch trapdoor ideal for keeping out unwanted visitors.	09af865de1744194a18600dad2d80aef
1331	Pine Hatch	Barricade	Rare	1	1	Pine trapdoor ideal for keeping out unwanted visitors.	9644027036e0433ebdc512dc7b41ac2c
1332	Metal Hatch	Barricade	Epic	1	1	Metal trapdoor ideal for keeping out unwanted visitors.	23f0953c6dc04b399fa6b8a6882a48f0
1333	Military Top	Shirt	Rare	3	2	Military uniform shirt.	e248594387164c739a969f9f2b9da2da
1334	Military Bottom	Pants	Rare	2	2	Military uniform pants.	e58b42b450ac40609838cd7304671477
1335	Military Helmet	Hat	Rare	2	2	Military headwear to prevent injury.	a796d974eef04f18823823ce4d94645b
1336	Military Vest	Vest	Rare	2	2	Bullet proof military gear.	e97565ee9bf74fd494f29058ef3dfa79
1337	Paintball Gun	Gun	Uncommon	3	2	Painting tool chambered in Paintballs.	a6e98db69d43463083a5537d4d2113c5
1338	Paintballgun_Barrel	Barrel	Common	2	1		6d21cfabdb8f482eb505fa96ca123672
1339	Blue Paintball Hopper	Magazine	Uncommon	2	1	Painting grade <color=uncommon>Paintball Gun</color> magazine. Designed to fit 35 paintballs.	7cf7a94b4b7d4811b06405ef6da55c74
1340	Green Paintball Hopper	Magazine	Uncommon	2	1	Painting grade <color=uncommon>Paintball Gun</color> magazine. Designed to fit 35 paintballs.	296eb7939e6d40438066fe40a000e707
1341	Orange Paintball Hopper	Magazine	Uncommon	2	1	Painting grade <color=uncommon>Paintball Gun</color> magazine. Designed to fit 35 paintballs.	8b1f738e2e4c420795d61c26ce92961d
1342	Purple Paintball Hopper	Magazine	Uncommon	2	1	Painting grade <color=uncommon>Paintball Gun</color> magazine. Designed to fit 35 paintballs.	95231f3f2871424888cda61f4f035a09
1343	Red Paintball Hopper	Magazine	Uncommon	2	1	Painting grade <color=uncommon>Paintball Gun</color> magazine. Designed to fit 35 paintballs.	0c69d1f3918845b3ac338c12fb45f385
1344	Yellow Paintball Hopper	Magazine	Uncommon	2	1	Painting grade <color=uncommon>Paintball Gun</color> magazine. Designed to fit 35 paintballs.	c3a715da9ae0443c9350f627584abef4
1345	Plot	Barricade	Rare	2	1	Planting area perfect for raising crops of food.	5a4f31f088e24e6f967eeb45a698699e
1346	Flashbang	Throwable	Rare	1	1	Military grade throwable device for disorienting senses.	99fdab8202c64f5c8dcb8278d5e5a8ae
1347	Raw Minnow	Food	Common	1	1	Rather smelly and fishy.	1b7034184634492c9f78e11b42c651db
1348	Cooked Minnow	Food	Common	1	1	Rather smelly and fishy.	0cb79578847f4d26a17b55d31f44402c
1349	Raw Goldfish	Food	Common	1	1	Rather smelly and fishy.	0b12b6e13f6349b9a9925f08f1576548
1350	Cooked Goldfish	Food	Common	1	1	Rather smelly and fishy.	263325e3ad4a496bb6ca1b5fa10dfb4b
1351	Raw Bass	Food	Uncommon	3	1	Rather smelly and fishy.	00f066e5a3a24ae5b9a07d184266f78c
1352	Cooked Bass	Food	Uncommon	3	1	Rather smelly and fishy.	c5b7615b46aa4b9fbd8e9904188e8b80
1353	Stealy Wheely Automobiley	Vehicle_Lockpick_Tool	Uncommon	2	1	Tool for unlocking cars.	1f315672d98f4ebbb9f76255faa43721
1354	Ghillie Top	Shirt	Epic	3	2	Military foliage stealth shirt.	0dd24f9481344c32bffbaf6e2e5cb44f
1355	Ghillie Bottom	Pants	Epic	2	2	Military foliage stealth pants.	4b501244f334429fbd5ea2aefbfb07de
1356	Ghillie Hood	Hat	Epic	2	2	Military foliage stealth hood.	accdb37f38674b479d03f60127fd772f
1357	Ghillie Vest	Vest	Epic	2	2	Military foliage stealth vest.	7054375e00c941c399c56d7a0cd81259
1358	Pilot Top	Shirt	Uncommon	3	2	Airliner pilot uniform shirt.	dce4cb8f520041289111467f11e1204e
1359	Pilot Cap	Hat	Uncommon	2	2	Airliner pilot uniform cap.	914f3fdf8a004536960970ae6ece0d65
1360	Teklowvka	Gun	Rare	2	2	Swedish pistol chambered in Teklowvka ammunition.	853940d81e814f08999740dd41bf6003
1361	Teklowvka Magazine	Magazine	Rare	1	1	Low caliber ranger grade <color=rare>Teklowvka</color> magazine. Designed to fit 15 rounds.	51fe7c7b30f94b42a58a3bcb429b07dd
1362	Augewehr	Gun	Epic	4	2	Austrian assault rifle chambered in Ranger and Military ammunition.	5e3a0ee1f2364ca9a97fa41a5d5b3dd8
1363	Augewehr Scope	Sight	Epic	2	1	Rail mounted 4x zoom scope.	30155577a2994b54be220c7c187a702d
1364	Hell's Fury	Gun	Legendary	5	3	Russian minigun chambered in Hell's Fury ammunition.	e62c7cf4a9f44fed941eb065b7f19f5c
1365	Hell's Fury Drum	Magazine	Legendary	2	2	Low caliber ranger and military grade <color=legendary>Hell's Fury</color> drum. Designed to fit 250 rounds.	ce21da9e0870488abb18d9d6ab8d06c8
1366	Vonya	Gun	Rare	4	2	Russian shotgun chambered in Vonya ammunition.	40be5267368d4236ada00643b9916a14
1367	Vonya Iron Sights	Sight	Common	1	1	Rail mounted iron sights.	1120bc209f06400b98850771a4958a47
1368	Vonya Magazine	Magazine	Rare	1	1	Ranger grade <color=rare>Vonya</color> magazine. Designed to fit 7 shells.	1820a01602cf44b186f06a2e8e29aa6c
1369	Bulldog	Gun	Rare	3	2	Israeli carbine chambered in Bulldog ammunition.	b9d78d60a3aa43448174ab76e30778e8
1370	Bulldog Iron Sights	Sight	Common	1	1	Rail mounted iron sights.	e434200d0c1849ce8eafe2b42c5f0c46
1371	Bulldog Magazine	Magazine	Rare	1	2	Low caliber ranger grade <color=rare>Bulldog</color> magazine. Designed to fit 45 rounds.	23968791c0b74df298495c6f2f39725d
1372	Friendly Sentry	Sentry	Epic	2	2	Covers an area by automatically peppering obviously dangerous threats with gunfire.	5a7281e9af4c435b8cb7f9f5acf05aa9
1373	Hostile Sentry	Sentry	Epic	2	2	Covers an area by automatically peppering even slightly dangerous threats with gunfire.	8f7670d2dabc449d8f38c8cb656c6acf
1374	Carepackage	Storage	Epic	1	1		fe71781c60314468b22c6b0642a51cd9
1375	Fusilaut	Gun	Epic	4	2	French assault rifle chambered in Ranger and Military ammunition.	2d4777e326f64ecb9d0128ac9d8d0cd3
1376	Fusilaut Iron Sights	Sight	Common	1	1	Rail mounted iron sights.	21f47aa7085544b4a71f0974204cd909
1377	Nightraider	Gun	Epic	4	2	German assault rifle chambered in Ranger and Military ammunition.	5fdd8480f0f24f3a97b852df1017c3a5
1378	Nightraider Iron Sights	Sight	Common	1	1	Rail mounted iron sights.	23ef93d72a38452a8450da223efc5ddc
1379	Calling Card	Gun	Rare	3	2	Russian carbine chambered in Calling Card ammunition.	72fb197fed3144798a89978f15726e4c
1380	Calling Card Iron Sights	Sight	Common	1	1	Rail mounted iron sights.	c5b1f3d27ce642bca6672dcbaee265e4
1381	Calling Card Magazine	Magazine	Rare	2	2	Low caliber ranger grade <color=rare>Calling Card</color> magazine. Designed to fit 71 rounds.	c06e8f82af4f42f9bfa6e7d33c96fb97
1382	Ekho	Gun	Legendary	5	2	Russian sniper rifle chambered in Ekho ammunition.	01c16ecf832f436b91b60bba0e2ee943
1383	Ekho Iron Sights	Sight	Common	1	1	Rail mounted iron sights.	95a11447da97458c9d39393d755d1ce2
1384	Ekho Magazine	Magazine	Legendary	1	1	High caliber ranger grade <color=legendary>Ekho</color> magazine. Designed to fit 7 rounds.	042a65fd920d48d1839d54d8ec038bd1
1385	Mafia Fedora	Hat	Uncommon	2	2	Mobster head embellishment.	0e8aae882cd144b598cc8800edd19e09
1386	Mafia Tuxedo Top	Shirt	Uncommon	3	2	Mobster tuxedo, very few bloodstains.	868f9f2ca18f4b8b897ed4458f366290
1387	Mafia Tuxedo Bottom	Pants	Uncommon	2	2	Mobster tuxedo, very few bloodstains.	6ee78588bdc04ff9a24819d93cf6bfa8
1388	Beret	Hat	Uncommon	2	2	Bill's.	eabd65c48ed44ff3a209e122a8a7f7da
1389	Spec Ops Beret	Hat	Legendary	2	2	Bill's.	be0028f0680740d282bd3d1c2ae37954
1390	Pool Cue	Melee	Common	1	3	Cool off with a game of pool between hits!	e7dbcbb19147424db1e23fdb3ca0ff48
1391	Tracksuit Top	Shirt	Common	3	2	Keep warm while exercising.	b2b95d273c72485a8c1a2a279e6f01c9
1392	Tracksuit Bottom	Pants	Uncommon	2	2	Keep warm while exercising.	0d0d5992fc9041b58aab60b2ff1262ca
1393	Precision Charge	Charge	Epic	1	1	Remotely detonated precise explosive.	182e94a79d4b4d3bab9baac0d1d76b23
1394	HMG	Gun	Epic	1	1	Heavy machine gun chambered in HMG ammunition.	fb0c1080e83b4fbfbf9e0775eab29450
1395	HMG Box	Magazine	Epic	2	2	Military grade <color=epic>HMG</color> box. Designed to fit 50 rounds.	5de40f42976d4e148d62eb86d170e1cc
1396	Ghillie Netting	Barricade	Epic	1	1	Military foliage stealth cover.	ccabeb8c2f1549ef8aee4c8bca5c456c
1397	Ghillie Netting	Barricade	Epic	1	1	Military foliage stealth cover.	ba34cd2c642b4b53b0333d841b9bde73
1398	Trout Sandwich	Food	Rare	1	1	Tasty trout in a blanket of bread.	79f92a0be40d40f090bda0bdf577fd4e
1399	Salmon Sandwich	Food	Rare	1	1	Tasty salmon in a blanket of bread.	8026e02a7a15431babd550cbdb4436d0
1400	Minnow Sandwich	Food	Rare	1	1	Tasty minnow in a blanket of bread.	c4ed2972e1984164aa18ceadca56ea40
1401	Goldfish Sandwich	Food	Rare	1	1	Tasty goldfish in a blanket of bread.	1b5dbd2eacb947c3b557972ec7fa5b9b
1402	Venison Sandwich	Food	Rare	1	1	Tasty venison in a blanket of bread.	ccfb35166fc4446bbd34c30562a92b4a
1403	Bass Sandwich	Food	Rare	1	1	Tasty bass in a blanket of bread.	a079be7fdcea49ea9f7dd5dc6d7a7752
1404	Beef Sandwich	Food	Rare	1	1	Tasty beef in a blanket of bread.	34c726fe3bcf48c4add440627e3d6507
1405	Cheese Steak Sandwich	Food	Rare	1	1	Tasty cheese steak in a blanket of bread.	ac1687cb166d44cfb7fc13371934b83b
1406	BLT Sandwich	Food	Rare	1	1	Bacon, lettuce, and tomato in a blanket of bread.	8c26cca0a6af4d49a0b0360ebed74b32
1407	Beef Sandwich	Food	Rare	1	1	Tasty beef in a blanket of bread.	e0c949f376e949fb92310733b62abfd0
1408	Cloth Mannequin	Barricade	Uncommon	2	2	Cloth mannequin for storing clothes.	68d9141f7b40442ca91a87655442a920
1409	Metal Mannequin	Barricade	Epic	2	2	Metal mannequin for storing clothes.	b98e6dcc04284219a279a95a09b98c6a
1410	Maple Plaque	Storage	Uncommon	2	1	Maple plaque for storing trophies.	0311abc5e8f948dcaa6d841d47fee4dd
1411	Birch Plaque	Storage	Common	2	1	Birch plaque for storing trophies.	014c8244baac4e9b9cc08963cb90e1e4
1412	Pine Plaque	Storage	Rare	2	1	Pine plaque for storing trophies.	9a64b4678ba54194956578bed6831f6d
1413	Metal Plaque	Storage	Epic	2	1	Metal plaque for storing trophies.	ba28cf47b37544c4a38f130d15d3d9aa
1414	Maple Ramp Wall	Structure	Uncommon	2	1	Maple ramp wall. Beware of termites.	e945786f6d04407db620db422ef660e8
1415	Birch Ramp Wall	Structure	Common	2	1	Birch ramp wall. Beware of termites.	3c837630fb1c46778d32ab83201446c1
1416	Pine Ramp Wall	Structure	Rare	2	1	Pine ramp wall. Beware of termites.	c679722bbfc349cd840ce0ad2abc8305
1417	Metal Ramp Wall	Structure	Epic	2	1	Metal ramp wall. Beware of robotic termites.	e3b7d35c1b8346fb9c51d33460e05b6e
1418	Brick Ramp Wall	Structure	Epic	2	1	Zombies can huff and puff, but they aren't getting in.	c3782fe9676b49a5b6ec814096c1ae48
1419	Coalition Bottom	Pants	Uncommon	2	2	Coalition uniform pants.	73aa210e4d054db0bae430e071dc74db
1420	Ensign Coalition Top	Shirt	Uncommon	3	2	Coalition Ensign rank uniform shirt.	3f9208beeb74400d9759df0d4b90c976
1421	Lieutenant Coalition Top	Shirt	Rare	3	2	Coalition Lieutenant rank uniform shirt.	c675dbda953c474ba6e19d3af8d9d2b9
1422	Major Coalition Top	Shirt	Epic	3	2	Coalition Major rank uniform shirt.	1adc0f566d334835a62059c17f422e20
1423	Commander Coalition Top	Shirt	Legendary	3	2	Coalition Commander rank uniform shirt.	c53ebf05a7dc446aba4d9ea301856dc0
1424	Captain Coalition Top	Shirt	Legendary	3	2	Coalition Captain rank uniform shirt.	f71ab61dd213490c81aa4e006130b9b4
1425	Coalition Vest	Vest	Rare	2	2	Bullet proof coalition gear.	a54ef1d16268467696bdfc2b28fcf6c1
1426	Coalition Cap	Hat	Uncommon	2	2	Coalition Ensign rank uniform hat.	f539aa0ca3ae49f29ab0708cd1e67f8e
1427	Coalition Helmet	Hat	Rare	2	2	Coalition Lieutenant rank uniform hat.	df6e49cc69404d4886edd83265eee13b
1428	Coalition Beret	Hat	Epic	2	2	Coalition Major rank uniform hat.	8f82d4cb44444c30b031be90597261dc
1429	Coalition Captain Hat	Hat	Legendary	2	2	Coalition Captain rank uniform hat.	def7794c2e4d426992083c6c538a2a2b
1430	Upgraded Cake Blueprint	Supply	Common	2	1	Guide to hiding a <color=uncommon>Stealy Wheely Automobiley</color> in a <color=epic>Cake</color>.	92597ac5ebac45f0a08a79c0f2d36126
1431	Upgraded Cake	Food	Epic	2	2	So delicious and moist. There's a note attached <i> remember not to eat this one </i>!	dc8e6ec1b81e448490ffd32a4ac6b286
1432	Upgraded Fishing Rod	Fisher	Epic	3	1	Long-range fish generator. Reinforced to catch stronger, more powerful fish.	cce39bd61f9b4536a5ea670a61c012a7
1433	Upgraded Fishing Rod Blueprint	Supply	Common	2	1	Guide to reinforcing a <color=uncommon>Fishing Rod</color> for catching larger fish.	1c47939b50344c79852e1b4376debbfc
1434	Raw Giant Squid	Food	Legendary	4	2	Quite slippery!	aca1f2285fd54ba99bfdeb2d4e75155b
1435	Cooked Giant Squid	Food	Legendary	2	2	Quite slippery!	cedb2b864cc74f13a95134a30ea08359
1436	Quadbarrel	Gun	Epic	3	2	American shotgun chambered in 12 Gauge Shells.	28bfc446b42645a9a452abe34182edbf
1437	Quadbarrel Blueprint	Supply	Common	2	1	Guide to converting a <color=uncommon>Masterkey</color> to 12 Gauge with 4 barrels.	e91ff5483a0f43028046baef6de84a93
1438	Bayonet	Tactical	Rare	3	1	Side mounted sword.	60ca549dc68e4c3e91470df6545c7ce7
1439	Bayonet Blueprint	Supply	Common	2	1	Guide to creating a tactical <color=rare>Bayonet</color> attachable to guns.	4d6b717fd0ce44fc874d7d2e58044a03
1440	Industrial Gas Can	Fuel	Rare	3	3	Extra large can of gasoline.	6c0962c45f874fec9373765cf8c29976
1441	Shadowstalker Mk. II	Gun	Mythical	5	2	Prototype railgun chambered in <color=mythical>Shadowstalker Mk. II</color> ammunition.	3b1ae9b68f19425b8dc0345a6f3c7ffc
1442	Shadowstalker Mk. II Scope	Sight	Mythical	1	1	Rail mounted Shadowstalker Mk. II zoom scope.	5b2f26a78cee4a02a92261e37562d9e4
1443	Shadowstalker Mk. II Drum	Magazine	Mythical	1	1	Prototype grade <color=mythical>Shadowstalker Mk. II</color> ammunition.	0c8f9650c7cc439799026f1012d900ab
1444	Bluntforce_Muffler	Barrel	Common	2	1		49db6d891f1a4af2acd6c7190f072e51
1445	Walkie Talkie	Tool	Rare	1	2	Communicate by voice regardless of distance.	cdaf67e77a5a45c5b099fa2f844e967d
1446	Earpiece	Mask	Rare	1	1	Listen to radio communications without a Walkie Talkie.	2ecf1b15a59f4125a2d55c88479529c2
1447	Scalar	Gun	Rare	3	2	American carbine chambered in Scalar ammunition.	12eef9a2f8124dc6abb81ffb82e9f1fe
1448	Scalar Iron Sights	Sight	Common	1	1	Rail mounted iron sights.	53e51e5c158a453a9fd1e0de47929b05
1449	Scalar Magazine	Magazine	Rare	1	2	Low caliber military grade <color=rare>Scalar</color> magazine. Designed to fit 30 rounds.	ac116a0130b94b07938dd8cc7b01485a
1450	Vehicle Battery	Vehicle_Repair_Tool	Uncommon	2	2	Vehicle electrical power source.	098b13be34a7411db7736b7f866ada69
1451	Tire	Tire	Uncommon	2	2	Replacement for destroyed wheels.	5a59fbb525e6414e8b05be253e461ed5
1452	Whole Coconut	Supply	Common	1	1	Brown drupe.	4eb2a43ed6144aedb491c2d9bdae69e1
1453	Split Coconut	Food	Common	1	1	Brown drupe.	a8cedea61f3748b286056d4813717d49
1454	Black Trunks	Pants	Common	2	2	Beach shorts.	dea4d433b0d7486db7cb700ac60821aa
1455	Blue Trunks	Pants	Common	2	2	Beach shorts.	315b6f4eb4384f3cb694e610eec0b058
1456	Green Trunks	Pants	Common	2	2	Beach shorts.	f4b213d9e1574908aa91156b4aa5d56f
1457	Orange Trunks	Pants	Common	2	2	Beach shorts.	7a7299e085124decaad412164c819caf
1458	Purple Trunks	Pants	Common	2	2	Beach shorts.	00b5649525eb44ea951b941bab608c90
1459	Red Trunks	Pants	Common	2	2	Beach shorts.	1eedda8c87bb49b4ab90be2a8c270888
1460	White Trunks	Pants	Common	2	2	Beach shorts.	8df8a93797dd4aea8dce8bbc60ea44c3
1461	Yellow Trunks	Pants	Common	2	2	Beach shorts.	bcd8c96c11b04a7dae46d107625a2831
1462	Coastguard Top	Shirt	Uncommon	3	2	Coastguard uniform shirt.	94fd2aa0d44e4b40a67eac6c41e1f6f1
1463	Coastguard Bottom	Pants	Uncommon	2	2	Coastguard uniform pants.	3dd2ed7d6e2840ada9553cefb9db9ed4
1464	Blindfold	Glasses	Uncommon	2	1	Block out your vision.	6740b586ceef4d419c15633698503443
1466	Boombox	Barricade	Common	2	2	Play tunes to keep up morale.	db4346abc6a040d2ae51987dac2a4dc5
1467	Maple Placard	Barricade	Uncommon	2	2	Maple placard coupled with colorful markers.	6e4ee84becc449aeaa631ea54c3f6de4
1468	Birch Placard	Barricade	Common	2	2	Birch placard coupled with colorful markers.	6f1db95a321747bab4fc844a428e2489
1469	Pine Placard	Barricade	Rare	2	2	Pine placard coupled with colorful markers.	c1b74e7d95eb46789439123d47ca6627
1470	Metal Placard	Barricade	Epic	2	2	Metal placard coupled with colorful markers.	dcbc219ece95406faf63d820ea8e76e1
1471	HMG	Gun	Epic	1	1	Heavy machine gun chambered in HMG ammunition.	d3270ede04e54eadba9d2e4befc9cfab
1472	Fighter Pilot Helmet	Hat	Rare	2	2	Standard issue to pilot a fighter jet.	28e4684966a846ef9c1ed937e96ebf87
1473	Fighter Pilot Top	Shirt	Rare	3	2	Standard issue to pilot a fighter jet.	75b1c9bb21974adc8ec08abf410d9789
1474	Fighter Pilot Bottom	Pants	Rare	2	2	Standard issue to pilot a fighter jet.	85e2d759677847e9b3bd28ec9371a361
1475	Jackhammer	Melee	Uncommon	3	2	Boulder chewing machine of death.	d2d2666f5b484f18abc7f3fa656694d0
1476	Luger	Gun	Uncommon	2	2	German pistol chambered in Luger ammunition.	90b25d37520b4330a452e36e82a41023
1477	Maschinengewehr	Gun	Epic	3	2	German submachine gun chambered in Maschinengewehr ammunition.	b007c73f4a23448bbe2d828240eae17d
1478	Maschinengewehr Iron Sights	Sight	Common	1	1	Rail mounted iron sights.	4895752ce455430c84dbf574f4906773
1479	Maschinengewehr Magazine	Magazine	Epic	1	2	Low caliber ranger grade <color=epic>Maschinengewehr</color> magazine. Designed to fit 32 rounds.	78cb493018b8451e8ea7664434483e53
1480	Determinator	Gun	Uncommon	2	2	American revolving shotgun chambered in 12 Gauge Shells.	ac73fb1922374ef18a8e7c04d1403ba3
1481	Empire	Gun	Rare	3	2	German submachine gun chambered in Empire ammunition.	154bce6b02f14a9c9ec26b314297a9b3
1482	Empire Iron Sights	Sight	Common	1	1	Rail mounted iron sights.	ad3bb7dd36764c899eeb52644b76b5e1
1483	Empire Magazine	Magazine	Rare	1	2	Low caliber military grade <color=rare>Empire</color> magazine. Designed to fit 27 rounds.	038b63ce0a5942219c4bf6a94aa4ddca
1484	Devil's Bane	Gun	Epic	4	2	American shotgun chambered in Devil's Bane ammunition.	ed305a3c33de4586a6cf29cf06a11e26
1485	Devil's Bane Magazine	Magazine	Epic	2	2	Military grade <color=epic>Bane</color> magazine. Designed to fit 21 shells.	f1f45dcc34704413b451be175a4c1f1c
1486	Devil's Bane Iron Sights	Sight	Common	1	1	Rail mounted iron sights.	2a5b5751c56b4b7e87601d06df8f5e46
1487	Luger Magazine	Magazine	Uncommon	1	1	Low caliber civilian grade <color=uncommon>Luger</color> magazine. Designed to fit 9 rounds.	29e816ce506b4763a5ff6f29a514ceb7
1488	Swissgewehr	Gun	Rare	4	2	Swiss assault rifle chambered in Military ammunition.	47d0992a2bf04de8a1343d4c138cb78e
1489	Swissgewehr Iron Sights	Sight	Common	1	1	Rail mounted iron sights.	8a39a633dff04711ae63cddc3ad5dc99
1490	Swissgewehr Magazine	Magazine	Rare	1	2	Low caliber military grade magazine. Designed to fit 20 rounds.	41bd2b68446e497caed8954aba3b8f9c
1491	Military Top	Shirt	Rare	3	2	Military uniform shirt.	5901e6c9186e46deb7fb4c2d6c53f107
1492	Ghillie Top	Shirt	Epic	3	2	Military foliage stealth shirt.	45b67df661ac46d1b2612a300b3bae74
1493	Ghillie Bottom	Pants	Epic	2	2	Military foliage stealth pants.	8ba43c7bf9d84a4db560a1717667ac58
1494	Ghillie Hood	Hat	Epic	2	2	Military foliage stealth hood.	029e932392304d7ea6ddc69618c3e39a
1495	Ghillie Vest	Vest	Epic	2	2	Military foliage stealth vest.	cfa2f7468ff94751a2c1b3d1585bd375
1496	Shark Fin	Backpack	Common	2	2	Start swimming, cue ominous music.  When equipped this applies the cosmetic <color=#4b64fa>Shark Fin</color> to your character in-game.	fb5c3827df39498086c80ed213e0d8e8
1497	Ducky	Vest	Common	1	1	Your pal keeping you afloat.  When equipped this applies the cosmetic <color=#4b64fa>Ducky Life Preserver</color> to your character in-game.	a91bcb60d5fa449d9105a5cfac6c06e7
1498	Lederhosen Top	Shirt	Uncommon	3	2	Ready for a great Oktoberfest!	babd00dbeb9a4558aeac9eea75f1019c
1499	Lederhosen Bottom	Pants	Uncommon	2	2	Ready for a great Oktoberfest!	88e7161c28914befa671a05fdb45ead1
1500	Ghillie Netting	Barricade	Epic	1	1	Military foliage stealth cover.	7f27c1926fbf458093993106880e6c4a
1501	Early Access T-Shirt	Shirt	Common	3	2	Owned by those who survived early access.  When equipped this applies the cosmetic <color=#d2bf22>Early Access T-Shirt</color> to your character in-game.	e12711d7dc244db0b2c303033cda7c6f
1502	Early Access Beret	Hat	Common	2	2	Owned by those who survived early access.  When equipped this applies the cosmetic <color=#d2bf22>Early Access Beret</color> to your character in-game.	0f2c91a0a059495badde4fb1b7d204b3
1503	Zweihander	Melee	Epic	1	4	Incredibly sharp traditional German weapon.	9188e36030914e299e4d13c13f9c1c66
1504	Pickelhaube	Hat	Rare	2	2	Vintage German military headwear to prevent injury.	1a567a8214a54e9ea2d25f2dcd43cf4c
1505	Kaiser Top	Shirt	Rare	3	2	Vintage German military uniform shirt.	3ceb7d0da61d47dabcce4877546d04ec
1506	Kaiser Bottom	Pants	Rare	2	2	Vintage German military uniform pants.	6cfad3ef052f42669fc3511a211d670b
1507	Socketwrench	Tire	Uncommon	2	1	Tool for removing tires.	f752728754da4f1c842819cb22f38638
1508	Compass	Compass	Epic	1	1	Check the magnetic direction.	58a47bfe40574416bfb40d013928f9cd
1509	Clock	Barricade	Rare	2	2	Displays the current time.	d3c40816534e48c3af0e26fb4d5f1b1a
1510	Chewing Gum	Food	Common	1	1	Minty fresh! Will leave your breath smelling hot hot hot.	10e009f1778f492d99570925141c3c34
1511	Arctic Alicepack	Backpack	Epic	2	2	Large sized military cargo backpack.	2780e5faa9f7444fa7e228267b6108fe
1512	Arctic Ghillie Top	Shirt	Epic	3	2	Military snow stealth shirt.	5559d5fdd73545799173578c0be0d3ab
1513	Arctic Ghillie Bottom	Pants	Epic	2	2	Military snow stealth pants.	35f05190545c4d16bb1029801fb82fe8
1514	Arctic Ghillie Vest	Vest	Epic	2	2	Military snow stealth vest.	d1df95c8609e4a9fa5111eed71feb940
1515	Arctic Ghillie Hood	Hat	Epic	2	2	Military snow stealth hood.	bd0bd4337bf84589a825c077d497c69a
1516	Arctic Military Top	Shirt	Rare	3	2	Military uniform shirt.	eda9e184b9974cd59673bdb877edc2ac
1517	Arctic Military Bottom	Pants	Rare	2	2	Military uniform pants.	4f1b2f0458ca4442b45cf4439a9e05f7
1518	Arctic Military Vest	Vest	Rare	2	2	Bullet proof military gear.	cc43632c0e784963adfc94fd652e0cac
1519	Arctic Military Helmet	Hat	Rare	2	2	Military headwear to prevent injury.	5ac26ed0cc584f79ac87d60a1a845b4e
1520	Impact Grenade	Throwable	Epic	1	1	Military grade throwable impact explosive.	19c80cec53c74296a366589e5400eadd
1521	Cobra_Jam	Gun	Rare	2	2		a5f36c8e14c04c0bb886ef2af1b523d7
1522	CharacterMeshReplacementTest	Shirt	Epic	2	2	Replaces mesh with Character_Mesh_Override_# and material with Character_Material_Override.	32b38f9795a64f5883631a2c393964b1
1523	Offbrand Hoodie	Shirt	Common	3	2	Hmmm...  This was awarded for completing the <color=#fa6419>Honorary Benson</color> achievement.  When equipped this applies the cosmetic <color=#fa6419>Offbrand Hoodie</color> to your character in-game.	6de064a753004f3ba82ebfed680ac217
1524	Zero Kelvin Weapon Kit	Key	Common	1	1	Chills attacks to zero degrees kelvin, freezing killed enemies into statues of solid ice. Can be attached to any weapon skin.  When used this will be consumed.	14b4f040305844b6ada42132e39cbb81
1525	Spec Ops Helmet	Hat	Legendary	2	2	Military headwear to prevent injury.	5b71f852a1634970b300cd5b3493d8af
1526	Lil' EBR Rapper Hoodie	Shirt	Common	3	2	Spit flames. You can't touch me!  <color=#64c819>Workshop Contributors: Cyllek Paladin Putin3D Wolf_Maniac Renaxon</color>  When equipped this applies the cosmetic <color=#64c819>Lil' EBR Rapper Hoodie</color> to your character in-game.	8f4a23d7035b4b4abc2e3e5b33e2f870
1527	Lil' EBR Rapper Pants	Pants	Common	2	2	Spit flames. You can't touch me!  <color=#64c819>Workshop Contributors: Cyllek Paladin Putin3D Wolf_Maniac Renaxon</color>  When equipped this applies the cosmetic <color=#64c819>Lil' EBR Rapper Pants</color> to your character in-game.	3428242254904258bc13efc196420ee7
1528	Belgian Infantry Backpack	Backpack	Common	2	2	Kit for mid-1800s historical re-enactment.  <color=#64c819>Workshop Contributors: Cyllek Paladin Putin3D Wolf_Maniac That guy you don't know</color>  When equipped this applies the cosmetic <color=#64c819>Belgian Infantry Backpack</color> to your character in-game.	d58f51716bc34486a878b5e4cc15fa7c
1529	Belgian Infantry Gear	Vest	Common	2	2	Kit for mid-1800s historical re-enactment.  <color=#64c819>Workshop Contributors: Cyllek Paladin Putin3D Wolf_Maniac That guy you don't know</color>  When equipped this applies the cosmetic <color=#64c819>Belgian Infantry Gear</color> to your character in-game.	0eb931827b28480f9d105ebd0042e448
1530	Belgian Infantry Helmet	Hat	Common	2	2	Kit for mid-1800s historical re-enactment.  <color=#64c819>Workshop Contributors: Cyllek Paladin Putin3D Wolf_Maniac That guy you don't know</color>  When equipped this applies the cosmetic <color=#64c819>Belgian Infantry Helmet</color> to your character in-game.	37f042ee1c8a4fc7a2414489b03d7b7e
1531	Belgian Infantry Top	Shirt	Common	3	2	Kit for mid-1800s historical re-enactment.  <color=#64c819>Workshop Contributors: Cyllek Paladin Putin3D Wolf_Maniac That guy you don't know</color>  When equipped this applies the cosmetic <color=#64c819>Belgian Infantry Top</color> to your character in-game.	9796f7c49fc946239c47e22d2684865c
1532	Belgian Infantry Bottom	Pants	Common	2	2	Kit for mid-1800s historical re-enactment.  <color=#64c819>Workshop Contributors: Cyllek Paladin Putin3D Wolf_Maniac That guy you don't know</color>  When equipped this applies the cosmetic <color=#64c819>Belgian Infantry Bottom</color> to your character in-game.	464d6c97aebd4f76ba6957d93b3d2308
1533	Belgian Acid Trooper Canister	Backpack	Common	2	2	Complex acid-integrated components sealed airtight.  <color=#64c819>Mythical Effects: Luminescent</color>  <color=#64c819>Workshop Contributors: Cyllek Paladin Putin3D Wolf_Maniac Azz</color>  When equipped this applies the cosmetic <color=#64c819>Belgian Acid Trooper Canister</color> to your character in-game.	03b74b0a2d054569b686d59ced4882c0
1534	Belgian Acid Trooper Gear	Vest	Common	2	2	Complex acid-integrated components sealed airtight.  <color=#64c819>Mythical Effects: Luminescent</color>  <color=#64c819>Workshop Contributors: Cyllek Paladin Putin3D Wolf_Maniac Azz</color>  When equipped this applies the cosmetic <color=#64c819>Belgian Acid Trooper Gear</color> to your character in-game.	5bc3bfc04622478fa8e2cc61be05308b
1535	Belgian Acid Trooper Visor	Mask	Common	2	2	Complex acid-integrated components sealed airtight.  <color=#64c819>Mythical Effects: Luminescent</color>  <color=#64c819>Workshop Contributors: Cyllek Paladin Putin3D Wolf_Maniac Azz</color>  When equipped this applies the cosmetic <color=#64c819>Belgian Acid Trooper Visor</color> to your character in-game.	3318f29dc5b642018cbe30139981ca18
1536	Belgian Acid Trooper Top	Shirt	Common	3	2	Complex acid-integrated components sealed airtight.  <color=#64c819>Workshop Contributors: Cyllek Paladin Putin3D Wolf_Maniac Azz</color>  When equipped this applies the cosmetic <color=#64c819>Belgian Acid Trooper Top</color> to your character in-game.	77b02989d17941109e33fa625dbec348
1537	Belgian Acid Trooper Bottom	Pants	Common	2	2	Complex acid-integrated components sealed airtight.  <color=#64c819>Workshop Contributors: Cyllek Paladin Putin3D Wolf_Maniac Azz</color>  When equipped this applies the cosmetic <color=#64c819>Belgian Acid Trooper Bottom</color> to your character in-game.	3ce3b4f6711f4ae8ac48b4d5a440e50d
1543	Belgian Poacher Top	Shirt	Common	3	2	Blackmarket utilities for blackmarket work.  <color=#64c819>Workshop Contributors: Cyllek Paladin Putin3D Wolf_Maniac That guy you don't know</color>  When equipped this applies the cosmetic <color=#64c819>Belgian Poacher Top</color> to your character in-game.	4477000625614eb7a77520dbf5072f89
1544	Belgian Poacher Bottom	Pants	Common	2	2	Blackmarket utilities for blackmarket work.  <color=#64c819>Workshop Contributors: Cyllek Paladin Putin3D Wolf_Maniac That guy you don't know</color>  When equipped this applies the cosmetic <color=#64c819>Belgian Poacher Bottom</color> to your character in-game.	1ab72c93b9404692819f18da3ba82e20
1545	Belgian Poacher Hat	Hat	Common	2	2	Blackmarket utilities for blackmarket work.  <color=#64c819>Workshop Contributors: Cyllek Paladin Putin3D Wolf_Maniac That guy you don't know</color>  When equipped this applies the cosmetic <color=#64c819>Belgian Poacher Hat</color> to your character in-game.	c9ce356297b14da98ccda5e420c69def
1546	Belgian Poacher Ascot	Vest	Common	2	1	Blackmarket utilities for blackmarket work.  <color=#64c819>Workshop Contributors: Cyllek Paladin Putin3D Wolf_Maniac That guy you don't know</color>  When equipped this applies the cosmetic <color=#64c819>Belgian Poacher Ascot</color> to your character in-game.	89cc0903c9754e7b9ef5df0245d45d27
1547	Belgian Poacher Gear	Backpack	Common	2	2	Blackmarket utilities for blackmarket work.  <color=#64c819>Workshop Contributors: Cyllek Paladin Putin3D Wolf_Maniac That guy you don't know</color>  When equipped this applies the cosmetic <color=#64c819>Belgian Poacher Gear</color> to your character in-game.	dae1359488f441529aba05e4de4ee220
1553	Cottontail Ops Tail	Backpack	Common	2	2	Military camouflage set given to soldiers who are assigned to bunny trails.  <color=#64c819>Workshop Contributors: Azz Watermeloncat squide</color>  When equipped this applies the cosmetic <color=#64c819>Cottontail Ops Tail</color> to your character in-game.	518ac1c0469c4cc8bdfc9c947cce89d7
1554	Rootbeer Ranger Rocket	Backpack	Common	2	2	Rootin' tootin' rootbeer rocket cowboy suit.  <color=#64c819>Workshop Contributors: Azz Watermeloncat squide</color>  When equipped this applies the cosmetic <color=#64c819>Rootbeer Ranger Rocket</color> to your character in-game.	9296305154654b8099db43c226a70553
1555	Cottontail Ops Ears	Hat	Common	2	2	Military camouflage set given to soldiers who are assigned to bunny trails.  <color=#64c819>Workshop Contributors: Azz Watermeloncat squide</color>  When equipped this applies the cosmetic <color=#64c819>Cottontail Ops Ears</color> to your character in-game.	43e832a15511461da94e7a43191b79eb
1556	Cottontail Ops Helmet	Hat	Common	2	2	Military camouflage set given to soldiers who are assigned to bunny trails.  <color=#64c819>Workshop Contributors: Azz Watermeloncat squide</color>  When equipped this applies the cosmetic <color=#64c819>Cottontail Ops Helmet</color> to your character in-game.	f647d9b170ad452f8fda3847f6ffe674
1557	Rootbeer Ranger Hat	Hat	Common	2	2	Rootin' tootin' rootbeer rocket cowboy suit.  <color=#64c819>Workshop Contributors: Azz Watermeloncat squide</color>  When equipped this applies the cosmetic <color=#64c819>Rootbeer Ranger Hat</color> to your character in-game.	c34eeed69c6f45a89e0bdba9189aa828
1558	Cottontail Ops Bandana	Mask	Common	2	2	Military camouflage set given to soldiers who are assigned to bunny trails.  <color=#64c819>Workshop Contributors: Azz Watermeloncat squide</color>  When equipped this applies the cosmetic <color=#64c819>Cottontail Ops Bandana</color> to your character in-game.	94946c4a55e34fa4bbcc428d5eceb5a4
1559	Rootbeer Ranger Breather	Mask	Common	2	2	Rootin' tootin' rootbeer rocket cowboy suit.  <color=#64c819>Workshop Contributors: Azz Watermeloncat squide</color>  When equipped this applies the cosmetic <color=#64c819>Rootbeer Ranger Breather</color> to your character in-game.	418bc47da8fa4c64a1651cf4e2d48663
1560	Cottontail Ops Bottom	Pants	Common	2	2	Military camouflage set given to soldiers who are assigned to bunny trails.  <color=#64c819>Workshop Contributors: Azz Watermeloncat squide</color>  When equipped this applies the cosmetic <color=#64c819>Cottontail Ops Bottom</color> to your character in-game.	563eacbe31524febb7608bec0c1ccab7
1561	Rootbeer Ranger Bottom	Pants	Common	2	2	Rootin' tootin' rootbeer rocket cowboy suit.  <color=#64c819>Workshop Contributors: Azz Watermeloncat squide</color>  When equipped this applies the cosmetic <color=#64c819>Rootbeer Ranger Bottom</color> to your character in-game.	cac0042b349b4d8498e9a6cb2477a197
1562	Cottontail Ops Top	Shirt	Common	3	2	Military camouflage set given to soldiers who are assigned to bunny trails.  <color=#64c819>Workshop Contributors: Azz Watermeloncat squide</color>  When equipped this applies the cosmetic <color=#64c819>Cottontail Ops Top</color> to your character in-game.	ea8be95131cc445aad5645ba7328b430
1563	Rootbeer Ranger Top	Shirt	Common	3	2	Rootin' tootin' rootbeer rocket cowboy suit.  <color=#64c819>Workshop Contributors: Azz Watermeloncat squide</color>  When equipped this applies the cosmetic <color=#64c819>Rootbeer Ranger Top</color> to your character in-game.	708469b82b4e4273823f0c6fb9b0c687
1564	Cottontail Ops Vest	Vest	Common	2	2	Military camouflage set given to soldiers who are assigned to bunny trails.  <color=#64c819>Workshop Contributors: Azz Watermeloncat squide</color>  When equipped this applies the cosmetic <color=#64c819>Cottontail Ops Vest</color> to your character in-game.	0aaf42db8da542c6b9e5d9bf75b0bcd4
1565	Rootbeer Ranger Holsters	Vest	Common	2	2	Rootin' tootin' rootbeer rocket cowboy suit.  <color=#64c819>Workshop Contributors: Azz Watermeloncat squide</color>  When equipped this applies the cosmetic <color=#64c819>Rootbeer Ranger Holsters</color> to your character in-game.	f57cd4ba8e444ebbb1322edbef202873
1566	Rio National Guard Hat	Hat	Common	2	2	Protect the country with pride!  <color=#64c819>Workshop Contributors: FlodotelitoKifo L2 Leprechan12 Azzaholic Spebby</color>  When equipped this applies the cosmetic <color=#64c819>Rio National Guard Hat</color> to your character in-game.	250fd0595e004cadb3da0f253f68aeec
1567	Rio Vaccinator Mask	Mask	Common	2	2	What doesn't kill you makes you stronger!  <color=#64c819>Workshop Contributors: FlodotelitoKifo L2 Leprechan12 Azzaholic Spebby</color>  When equipped this applies the cosmetic <color=#64c819>Rio Vaccinator Mask</color> to your character in-game.	db2e763864db40d58b0ddceafe89f32f
1568	Rio National Guard Sash	Vest	Common	2	1	Protect the country with pride!  <color=#64c819>Workshop Contributors: FlodotelitoKifo L2 Leprechan12 Azzaholic Spebby</color>  When equipped this applies the cosmetic <color=#64c819>Rio National Guard Sash</color> to your character in-game.	2641e3b25f424e67bbad45b64ee99e9d
1569	Rio Vaccinator Vest	Vest	Common	2	2	What doesn't kill you makes you stronger!  <color=#64c819>Workshop Contributors: FlodotelitoKifo L2 Leprechan12 Azzaholic Spebby</color>  When equipped this applies the cosmetic <color=#64c819>Rio Vaccinator Vest</color> to your character in-game.	6ec7cbffa256481180a78147c65099ad
1570	Rio National Guard Top	Shirt	Common	3	2	Protect the country with pride!  <color=#64c819>Workshop Contributors: FlodotelitoKifo L2 Leprechan12 Azzaholic Spebby</color>  When equipped this applies the cosmetic <color=#64c819>Rio National Guard Top</color> to your character in-game.	fd2ff92da5164daa815724076f600572
1571	Rio Vaccinator Top	Shirt	Common	3	2	What doesn't kill you makes you stronger!  <color=#64c819>Workshop Contributors: FlodotelitoKifo L2 Leprechan12 Azzaholic Spebby</color>  When equipped this applies the cosmetic <color=#64c819>Rio Vaccinator Top</color> to your character in-game.	95a12e5288984ecc861e3ed3ebc0d8fb
1572	Rio National Guard Bottom	Pants	Common	2	2	Protect the country with pride!  <color=#64c819>Workshop Contributors: FlodotelitoKifo L2 Leprechan12 Azzaholic Spebby</color>  When equipped this applies the cosmetic <color=#64c819>Rio National Guard Bottom</color> to your character in-game.	e91e7b6377244f379595276fa3f51956
1573	Rio Vaccinator Bottom	Pants	Common	2	2	What doesn't kill you makes you stronger!  <color=#64c819>Workshop Contributors: FlodotelitoKifo L2 Leprechan12 Azzaholic Spebby</color>  When equipped this applies the cosmetic <color=#64c819>Rio Vaccinator Bottom</color> to your character in-game.	de72b53ebd454d7fbaa8c1cfaf42b117
1574	Rio Tamer's Macaw	Vest	Common	1	1	Friendly avian creature.  <color=#64c819>Workshop Contributors: FlodotelitoKifo L2 Leprechan12 Azzaholic Spebby</color>  When equipped this applies the cosmetic <color=#64c819>Rio Tamer's Macaw</color> to your character in-game.	50b654984fdf4b26ab4c8a5712ed79c3
1575	Rio Tamer Vest	Vest	Common	2	2	Gear for capturing and taming avian creatures.  <color=#64c819>Workshop Contributors: FlodotelitoKifo L2 Leprechan12 Azzaholic Spebby</color>  When equipped this applies the cosmetic <color=#64c819>Rio Tamer Vest</color> to your character in-game.	20cc2e29ed84459d894942e2d74a7094
1576	Rio Tamer Birdcage	Backpack	Common	2	2	Gear for capturing and taming avian creatures.  <color=#64c819>Workshop Contributors: FlodotelitoKifo L2 Leprechan12 Azzaholic Spebby</color>  When equipped this applies the cosmetic <color=#64c819>Rio Tamer Birdcage</color> to your character in-game.	274e6f59cbd84f12ba55a327dc8749a2
1577	Rio Tamer Bottom	Pants	Common	2	2	Gear for capturing and taming avian creatures.  <color=#64c819>Workshop Contributors: FlodotelitoKifo L2 Leprechan12 Azzaholic Spebby</color>  When equipped this applies the cosmetic <color=#64c819>Rio Tamer Bottom</color> to your character in-game.	72e0c07123e5437f8cdf21b98cef53cb
1578	Rio Tamer Top	Shirt	Common	3	2	Gear for capturing and taming avian creatures.  <color=#64c819>Workshop Contributors: FlodotelitoKifo L2 Leprechan12 Azzaholic Spebby</color>  When equipped this applies the cosmetic <color=#64c819>Rio Tamer Top</color> to your character in-game.	ed503a17007440bfa0c6bb09e7e2ed0e
1579	ZhugeLiangBackpack	Backpack	Common	2	2	These robes radiate with wisdom of ancient times...  <color=#64c819>Workshop Contributors: TheUnion</color>  When equipped this applies the cosmetic <color=#64c819>Zhuge Liang's Feather Fan Cape</color> to your character in-game.	a509df625e5441ebaaa57a51a6b0fb2c
1580	ZhugeLiangBottom	Pants	Common	2	2	These robes radiate with wisdom of ancient times...  <color=#64c819>Workshop Contributors: TheUnion</color>  When equipped this applies the cosmetic <color=#64c819>Zhuge Liang's Pants</color> to your character in-game.	ec14af0ff0d84ee9850160f971f008b4
1581	ZhugeLiangHat	Hat	Common	2	2	These robes radiate with wisdom of ancient times...  <color=#64c819>Workshop Contributors: TheUnion</color>  When equipped this applies the cosmetic <color=#64c819>Zhuge Liang's Hat</color> to your character in-game.	aaf946a3e41c4f4e909c698ddffe3e69
1582	ZhugeLiangTop	Shirt	Common	3	2	These robes radiate with wisdom of ancient times...  <color=#64c819>Workshop Contributors: TheUnion</color>  When equipped this applies the cosmetic <color=#64c819>Zhuge Liang's Shirt</color> to your character in-game.	768ef13fe7a84be4aa5b7bf6d43400f0
1583	ZhugeLiangVest	Vest	Common	2	2	These robes radiate with wisdom of ancient times...  <color=#64c819>Workshop Contributors: TheUnion</color>  When equipped this applies the cosmetic <color=#64c819>Zhuge Liang's Accessories</color> to your character in-game.	1d769358b3a249f89730d5313a2f5b88
1584	LuBuBackpack	Backpack	Common	2	2	A feeling of uncertainty bears the wearer.  <color=#64c819>Workshop Contributors: TheUnion</color>  When equipped this applies the cosmetic <color=#64c819>Lu Bu's Cape</color> to your character in-game.	2def0074b2c247cc8bcbad55ad133af9
1585	LuBuBottom	Pants	Common	2	2	A feeling of uncertainty bears the wearer.  <color=#64c819>Workshop Contributors: TheUnion</color>  When equipped this applies the cosmetic <color=#64c819>Lu Bu's Pants</color> to your character in-game.	d0cac824397c419aa8d8b2b8b949541a
1586	LuBuHat	Hat	Common	2	2	A feeling of uncertainty bears the wearer.  <color=#64c819>Workshop Contributors: TheUnion</color>  When equipped this applies the cosmetic <color=#64c819>Lu Bu's Feathered Headress</color> to your character in-game.	cda3c09563c04750ba581e665db4bc9b
1587	LuBuTop	Shirt	Common	3	2	A feeling of uncertainty bears the wearer.  <color=#64c819>Workshop Contributors: TheUnion</color>  When equipped this applies the cosmetic <color=#64c819>Lu Bu's Shirt</color> to your character in-game.	a02c008e370b47ffa234683e86ae28e6
1588	LuBuVest	Vest	Common	2	2	A feeling of uncertainty bears the wearer.  <color=#64c819>Workshop Contributors: TheUnion</color>  When equipped this applies the cosmetic <color=#64c819>Lu Bu's Armor</color> to your character in-game.	92dd264b500f43bb9962e7e781221207
1589	GuanYuBackpack	Backpack	Common	2	2	Loyalty and honor.  <color=#64c819>Workshop Contributors: TheUnion</color>  When equipped this applies the cosmetic <color=#64c819>Guan Yu's Polearm</color> to your character in-game.	4e560281d13540aea9f93b19d97f85cf
1590	GuanYuBottom	Pants	Common	2	2	Loyalty and honor.  <color=#64c819>Workshop Contributors: TheUnion</color>  When equipped this applies the cosmetic <color=#64c819>Guan Yu's Pants</color> to your character in-game.	94a4215b927d4a6d914b4af8821991fa
1591	GuanYuHat	Hat	Common	2	2	Loyalty and honor.  <color=#64c819>Workshop Contributors: TheUnion</color>  When equipped this applies the cosmetic <color=#64c819>Guan Yu's Feathered Headress</color> to your character in-game.	813eb62ece9e4528a561b306489de06d
1592	GuanYuMask	Mask	Common	2	2	Loyalty and honor.  <color=#64c819>Mythical Effects: Uses Beard Color</color>  <color=#64c819>Workshop Contributors: TheUnion</color>  When equipped this applies the cosmetic <color=#64c819>Guan Yu's Beard</color> to your character in-game.	2e0b2efb021e4acdbfed6f7c102c8ec7
1593	GuanYuTop	Shirt	Common	3	2	Loyalty and honor.  <color=#64c819>Workshop Contributors: TheUnion</color>  When equipped this applies the cosmetic <color=#64c819>Guan Yu's Shirt</color> to your character in-game.	18dbcdfd2a6c4f5cbea89d22e01e9626
1594	GuanYuVest	Vest	Common	2	2	Loyalty and honor.  <color=#64c819>Workshop Contributors: TheUnion</color>  When equipped this applies the cosmetic <color=#64c819>Guan Yu's Armor</color> to your character in-game.	0f5593a8ca1440d1b56e76c829a97ce0
1595	Invitation	Key	Common	1	1	Unturned 4's development was indefinitely paused in 2022. However, this invitation can still be redeemed in-game to claim access to an early demo build of the game, available on Windows and Linux. Many of the plans for Unturned 4 have been repurposed for Unturned 3 instead. Follow our official communication channels to stay up-to-date on our newest projects.	3ac7e083b2d845688a084bcc589e3099
1596	DL_Carepackage	Storage	Epic	1	1		c06f67a116b24767ad126d8e5159bceb
1597	Duffle Bag	Backpack	Common	2	2	Ideal for a quick getaway.  <color=#64c819>Workshop Contributors: danaby2 Renaxon</color>  When equipped this applies the cosmetic <color=#64c819>Duffle Bag</color> to your character in-game.	7ecd471cc73a44e2a698c3de90a68cfb
1598	Black Polka Dot Bowtie	Vest	Common	1	2	Classic item refurbished with a new color and pattern.  <color=#1f871f>Workshop Contributors: danaby2 Renaxon</color>  When equipped this applies the cosmetic <color=#1f871f>Black Polka Dot Bowtie</color> to your character in-game.	8ce1b08ac8b3491ea8b921f33951d9bb
1599	Green Polka Dot Bowtie	Vest	Common	1	2	Classic item refurbished with a new color and pattern.  <color=#1f871f>Workshop Contributors: danaby2 Renaxon</color>  When equipped this applies the cosmetic <color=#1f871f>Green Polka Dot Bowtie</color> to your character in-game.	6c74fda604664796a9daaa975eb529cc
1600	Navy Polka Dot Bowtie	Vest	Common	1	2	Classic item refurbished with a new color and pattern.  <color=#1f871f>Workshop Contributors: danaby2 Renaxon</color>  When equipped this applies the cosmetic <color=#1f871f>Navy Polka Dot Bowtie</color> to your character in-game.	7c69e4bec39c4edb80d5d62815498bde
1601	Gray Plaid Bowtie	Vest	Common	1	2	Classic item refurbished with a new color and pattern.  <color=#1f871f>Workshop Contributors: danaby2 Renaxon</color>  When equipped this applies the cosmetic <color=#1f871f>Gray Plaid Bowtie</color> to your character in-game.	8839226af17a412e8524d3385b4312cd
1602	Red Plaid Bowtie	Vest	Common	1	2	Classic item refurbished with a new color and pattern.  <color=#1f871f>Workshop Contributors: danaby2 Renaxon</color>  When equipped this applies the cosmetic <color=#1f871f>Red Plaid Bowtie</color> to your character in-game.	f8ab36ad58894dda8e39480b6c0d427e
1603	Red Polka Dot Bowtie	Vest	Common	1	2	Classic item refurbished with a new color and pattern.  <color=#1f871f>Workshop Contributors: danaby2 Renaxon</color>  When equipped this applies the cosmetic <color=#1f871f>Red Polka Dot Bowtie</color> to your character in-game.	5550058d050b4be68d868ca1bdaee653
1604	White Polka Dot Bowtie	Vest	Common	1	2	Classic item refurbished with a new color and pattern.  <color=#1f871f>Workshop Contributors: danaby2 Renaxon</color>  When equipped this applies the cosmetic <color=#1f871f>White Polka Dot Bowtie</color> to your character in-game.	0f50fc81ed464d1091181b1f0833d46f
1605	Clown Hair	Hat	Common	2	2	Prerequisite for clowning around. Looks great with a reindeer nose!  <color=#64c819>Workshop Contributors: danaby2 Renaxon</color>  When equipped this applies the cosmetic <color=#64c819>Clown Hair</color> to your character in-game.	a63a453c5e874a2d841710183defdd02
1606	Feathered Hat	Hat	Common	2	2	A feather in your cap.  <color=#64c819>Mythical Effects: Uses Hair Color</color>  <color=#64c819>Workshop Contributors: danaby2 Renaxon</color>  When equipped this applies the cosmetic <color=#64c819>Feathered Hat</color> to your character in-game.	04fca49660ea4100b8666748110a5991
1607	Feline Hair	Hat	Common	2	2	Cat ears headband with a fitting haircat.  <color=#64c819>Mythical Effects: Uses Hair Color</color>  <color=#64c819>Workshop Contributors: danaby2 Renaxon</color>  When equipped this applies the cosmetic <color=#64c819>Feline Hair</color> to your character in-game.	b4c739ef7ed64b6c88bcd57b0f3e7f5f
1608	Headset	Mask	Common	2	2	Command hands-free.  <color=#64c819>Workshop Contributors: danaby2 Renaxon</color>  When equipped this applies the cosmetic <color=#64c819>Headset</color> to your character in-game.	798fbb6f13064e27b465b0424c1810e0
1609	#1 Medal	Vest	Common	1	1	1st place.  <color=#64c819>Workshop Contributors: danaby2 Renaxon</color>  When equipped this applies the cosmetic <color=#64c819>#1 Medal</color> to your character in-game.	b1f43396ad5841b48d77928a9fe29edf
1610	Nerdy Glasses	Glasses	Common	2	1	Manually repaired with style.  <color=#64c819>Workshop Contributors: danaby2 Renaxon</color>  When equipped this applies the cosmetic <color=#64c819>Nerdy Glasses</color> to your character in-game.	832871ba045c4f66b271e37741175d17
1611	Octavio	Backpack	Common	2	2	What, never seen an octipack before?  <color=#64c819>Workshop Contributors: danaby2 Renaxon</color>  When equipped this applies the cosmetic <color=#64c819>Octavio</color> to your character in-game.	3538504f7b4343df8cf31553fd167ca3
1612	Operator Cap	Hat	Common	2	2	Covert ops with your hair showing? Scandalous.  <color=#64c819>Mythical Effects: Uses Hair Color</color>  <color=#64c819>Workshop Contributors: danaby2 Renaxon</color>  When equipped this applies the cosmetic <color=#64c819>Operator Cap</color> to your character in-game.	4bb4b166626e43b5880081fcafc6b58c
1613	Pilot Respirator	Mask	Common	2	1	Braving high altitudes and high-G levels.  <color=#64c819>Workshop Contributors: danaby2 Renaxon</color>  When equipped this applies the cosmetic <color=#64c819>Pilot Respirator</color> to your character in-game.	e1e2a540dec44f7d95c5969649c3d942
1614	Radio Backpack	Backpack	Common	2	2	Convenient comms equipment.  <color=#64c819>Workshop Contributors: danaby2 Renaxon</color>  When equipped this applies the cosmetic <color=#64c819>Radio Backpack</color> to your character in-game.	d1ca20616e8b4d13962078f31ac35237
1615	Runic Cape	Backpack	Common	2	2	Embued with runic power.  <color=#64c819>Workshop Contributors: danaby2 Renaxon</color>  When equipped this applies the cosmetic <color=#64c819>Runic Cape</color> to your character in-game.	7d6cb98645494e57887c72a40a1f7b5c
1616	Shoulder Falcon	Vest	Common	2	2	Trained bird of prey.  <color=#64c819>Workshop Contributors: danaby2 Renaxon</color>  When equipped this applies the cosmetic <color=#64c819>Shoulder Falcon</color> to your character in-game.	429dc4134dfd45b8890c8220bafed4ac
1617	Beige Skater Pants	Pants	Common	1	1	Ready for the streets.  <color=#1f871f>Workshop Contributors: danaby2 Renaxon</color>  When equipped this applies the cosmetic <color=#1f871f>Beige Skater Pants</color> to your character in-game.	b50b9906997e42919eebf032ff0dd762
1618	Black Skater Pants	Pants	Common	1	1	Ready for the streets.  <color=#1f871f>Workshop Contributors: danaby2 Renaxon</color>  When equipped this applies the cosmetic <color=#1f871f>Black Skater Pants</color> to your character in-game.	34b0681d7af94b0ba4f2bcb11743fa5c
1619	Green Skater Pants	Pants	Common	1	1	Ready for the streets.  <color=#1f871f>Workshop Contributors: danaby2 Renaxon</color>  When equipped this applies the cosmetic <color=#1f871f>Green Skater Pants</color> to your character in-game.	4008a700afa641869fbc3efa54ecf53e
1620	Navy Skater Pants	Pants	Common	1	1	Ready for the streets.  <color=#1f871f>Workshop Contributors: danaby2 Renaxon</color>  When equipped this applies the cosmetic <color=#1f871f>Navy Skater Pants</color> to your character in-game.	2e39f9d9385e4372b6a0b7ad431065ac
1621	White Skater Pants	Pants	Common	1	1	Ready for the streets.  <color=#1f871f>Workshop Contributors: danaby2 Renaxon</color>  When equipped this applies the cosmetic <color=#1f871f>White Skater Pants</color> to your character in-game.	1e7993da06d346e092b22d5c3e662ef2
1622	Black Skater Top	Shirt	Common	1	1	Ready for the streets.  <color=#1f871f>Workshop Contributors: danaby2 Renaxon</color>  When equipped this applies the cosmetic <color=#1f871f>Black Skater Top</color> to your character in-game.	d23e2274688f40b18fb803655baf299d
1623	Brown Skater Top	Shirt	Common	1	1	Ready for the streets.  <color=#1f871f>Workshop Contributors: danaby2 Renaxon</color>  When equipped this applies the cosmetic <color=#1f871f>Brown Skater Top</color> to your character in-game.	7380ec5d566a4aefa5b885e35f610a34
1624	Gray Skater Top	Shirt	Common	1	1	Ready for the streets.  <color=#1f871f>Workshop Contributors: danaby2 Renaxon</color>  When equipped this applies the cosmetic <color=#1f871f>Gray Skater Top</color> to your character in-game.	3cfe18fb78c74593ac199e64381a81f1
1625	Navy Skater Top	Shirt	Common	1	1	Ready for the streets.  <color=#1f871f>Workshop Contributors: danaby2 Renaxon</color>  When equipped this applies the cosmetic <color=#1f871f>Navy Skater Top</color> to your character in-game.	6c1f8206aa044b2197ca21de2b24bc39
1626	Pink Skater Top	Shirt	Common	1	1	Ready for the streets.  <color=#1f871f>Workshop Contributors: danaby2 Renaxon</color>  When equipped this applies the cosmetic <color=#1f871f>Pink Skater Top</color> to your character in-game.	e015793f63e14b21a2ac82432894602a
1627	Red Skater Top	Shirt	Common	1	1	Ready for the streets.  <color=#1f871f>Workshop Contributors: danaby2 Renaxon</color>  When equipped this applies the cosmetic <color=#1f871f>Red Skater Top</color> to your character in-game.	c93c61cc42704ab9b60717d7d51b69dd
1628	Tank Hat	Hat	Common	2	2	Russian tank driving headgear.  <color=#64c819>Workshop Contributors: danaby2 Renaxon</color>  When equipped this applies the cosmetic <color=#64c819>Tank Hat</color> to your character in-game.	de4774520b434695b4ce388d7b82917a
1629	Black Striped Tie	Vest	Common	1	2	Classic item refurbished with a new color and pattern.  <color=#1f871f>Workshop Contributors: danaby2 Renaxon</color>  When equipped this applies the cosmetic <color=#1f871f>Black Striped Tie</color> to your character in-game.	06d3f1aab6c44979a57432cad4c9a928
1630	Fish Tie	Vest	Common	1	2	Classic item refurbished with a new color and pattern.  <color=#1f871f>Workshop Contributors: danaby2 Renaxon</color>  When equipped this applies the cosmetic <color=#1f871f>Fish Tie</color> to your character in-game.	fe0e98b2924d497a8da3bc6f22785c6e
1631	Green Striped Tie	Vest	Common	1	2	Classic item refurbished with a new color and pattern.  <color=#1f871f>Workshop Contributors: danaby2 Renaxon</color>  When equipped this applies the cosmetic <color=#1f871f>Green Striped Tie</color> to your character in-game.	81b55a8faf124b60b3c4ee5c3bbba4a3
1632	Navy Striped Tie	Vest	Common	1	2	Classic item refurbished with a new color and pattern.  <color=#1f871f>Workshop Contributors: danaby2 Renaxon</color>  When equipped this applies the cosmetic <color=#1f871f>Navy Striped Tie</color> to your character in-game.	ab25e3a9d5bc4ebdb13240030b207cac
1633	Gray Plaid Tie	Vest	Common	1	2	Classic item refurbished with a new color and pattern.  <color=#1f871f>Workshop Contributors: danaby2 Renaxon</color>  When equipped this applies the cosmetic <color=#1f871f>Gray Plaid Tie</color> to your character in-game.	8f7e3ed9c8064ebdba3b9e6623971c67
1634	Gray-Blue Plaid Tie	Vest	Common	1	2	Classic item refurbished with a new color and pattern.  <color=#1f871f>Workshop Contributors: danaby2 Renaxon</color>  When equipped this applies the cosmetic <color=#1f871f>Gray-Blue Plaid Tie</color> to your character in-game.	8a673677af494185802795612860625d
1635	Red Plaid Tie	Vest	Common	1	2	Classic item refurbished with a new color and pattern.  <color=#1f871f>Workshop Contributors: danaby2 Renaxon</color>  When equipped this applies the cosmetic <color=#1f871f>Red Plaid Tie</color> to your character in-game.	fb880df8fafd4caf95a12e7030a67df2
1636	Red Striped Tie	Vest	Common	1	2	Classic item refurbished with a new color and pattern.  <color=#1f871f>Workshop Contributors: danaby2 Renaxon</color>  When equipped this applies the cosmetic <color=#1f871f>Red Striped Tie</color> to your character in-game.	5f8cf1aa180447129360096bd7710fb8
1637	Blue-Yellow Polka Dot Tie	Vest	Common	1	2	Classic item refurbished with a new color and pattern.  <color=#1f871f>Workshop Contributors: danaby2 Renaxon</color>  When equipped this applies the cosmetic <color=#1f871f>Blue-Yellow Polka Dot Tie</color> to your character in-game.	0d4473ae343b475bab6dedc654b61ce3
1638	White Striped Tie	Vest	Common	1	2	Classic item refurbished with a new color and pattern.  <color=#1f871f>Workshop Contributors: danaby2 Renaxon</color>  When equipped this applies the cosmetic <color=#1f871f>White Striped Tie</color> to your character in-game.	9b49097f53f84b4784419a073129208d
1639	Elver Map Mystery Box II	Box	Common	1	1	Holds a random item from the <color=#64c819>Elver Map Bundle II</color>.  <i>Contains one of the following 16 items:</i> <color=#4b64fa>#1 Medal</color> <i><color=#767676>Vest</color></i> <color=#4b64fa>Clown Hair</color> <i><color=#767676>Hat</color></i> <color=#4b64fa>Duffle Bag</color> <i><color=#767676>Backpack</color></i> <color=#4b64fa>Feline Hair</color> <i><color=#767676>Hat</color></i> <color=#4b64fa>Headset</color> <i><color=#767676>Mask</color></i> <color=#4b64fa>Nerdy Glasses</color> <color=#4b64fa>Operator Cap</color> <i><color=#767676>Hat</color></i> <color=#4b64fa>Pilot Respirator</color> <i><color=#767676>Mask</color></i> <color=#4b64fa>Radio Backpack</color> <color=#4b64fa>Shoulder Falcon</color> <i><color=#767676>Vest</color></i> <color=#4b64fa>Tank Hat</color> <color=#964bfa>Feathered Hat</color> <color=#964bfa>Obsidian Nightraider</color> <i><color=#767676>Skin</color></i> <color=#964bfa>Octavio</color> <i><color=#767676>Backpack</color></i> <color=#c832fa>Rainbow PDW</color> <i><color=#767676>Skin</color></i> <color=#c832fa>Runic Cape</color> <i><color=#767676>Backpack</color></i> or, very rarely, a <color=#fa3219>Mythical Variant!</color>  <i>Potential Mythical effects:</i> Atomic, Blossoming, Burning, Confetti, Cosmic, Cryptic Runes, Crystal Shards, Decked Out, Enchanted, Energized, Fire Dragon, Freezing, Frosty, Glitched, Glowing, Ice Dragon, Lovely, Lucky Coins, Melting, Musical, Party, Pyrotechnic, Radioactive, Sacrificial, Sky Lantern, Soul Shattered, Spectral Gems or Wealthy  <i>Potential bonus items:</i> Crafting Materials, Green Soul Crystal Weapon Kit, Jaded Weapon Kit, Magenta Soul Crystal Weapon Kit, Player Kills Counter, Red Soul Crystal Weapon Kit, Total Kills Counter, Yellow Soul Crystal Weapon Kit or Zero Kelvin Weapon Kit  Does not require a key to open. When opened this will be consumed.	1b2afad6251e4f60af9235c2525f59dc
1640	P9nda Mask	Hat	Common	2	2	Loot. Raid. Sleep. Repeat.  <color=#64c819>Workshop Contributors: P9nda PJ</color>  When equipped this applies the cosmetic <color=#64c819>P9nda Mask</color> to your character in-game.	0d7be640185a437b92632726a24b5cda
1641	Double Experienced Beret	Hat	Common	2	2	Owned by experienced players with more than 4,800 hours in-game.  When equipped this applies the cosmetic <color=#fa6419>Double Experienced Beret</color> to your character in-game.	ec1426c71b48436c9add5a4bb371b228
1642	Triple Experienced Beret	Hat	Common	2	2	Owned by experienced players with more than 7,200 hours in-game.  When equipped this applies the cosmetic <color=#fa6419>Triple Experienced Beret</color> to your character in-game.	a38510eeabe44e87981f13e376326c05
1643	Arctic Fox	Vest	Common	2	2	Trusty companion for the far North.  <color=#64c819>Workshop Contributors: Timo987 Renaxon</color>  When equipped this applies the cosmetic <color=#64c819>Arctic Fox</color> to your character in-game.	823d96f7471842cea757b0580eaf35fb
1644	Arctic Fishing Hat	Hat	Common	2	2	Fishing gear for the far North.  <color=#64c819>Workshop Contributors: Timo987 Renaxon</color>  When equipped this applies the cosmetic <color=#64c819>Arctic Fishing Hat</color> to your character in-game.	66373568f5da488fb8da9961e0bc6bb5
1645	Arctic Fishing Pack	Backpack	Common	2	2	Fishing gear for the far North.  <color=#64c819>Workshop Contributors: Timo987 Renaxon</color>  When equipped this applies the cosmetic <color=#64c819>Arctic Fishing Pack</color> to your character in-game.	a6b3995c299f40e9baa3d157000aeabe
1646	Arctic Hunter Balaclava	Mask	Common	2	2	Hunting gear for the far North.  <color=#64c819>Mythical Effects: Uses Hair Color</color>  <color=#64c819>Workshop Contributors: Timo987 Renaxon</color>  When equipped this applies the cosmetic <color=#64c819>Arctic Hunter Balaclava</color> to your character in-game.	42dd90388ac544dca0c5130f325faf26
1647	Arctic Hunter Belt	Vest	Common	2	2	Hunting gear for the far North.  <color=#64c819>Workshop Contributors: Timo987 Renaxon</color>  When equipped this applies the cosmetic <color=#64c819>Arctic Hunter Belt</color> to your character in-game.	dc3805aed15a43799e225acf3f815234
1648	Arctic Hunter Bottom	Pants	Common	2	2	Hunting gear for the far North.  <color=#64c819>Workshop Contributors: Timo987 Renaxon</color>  When equipped this applies the cosmetic <color=#64c819>Arctic Hunter Bottom</color> to your character in-game.	f3a4fdc6aaca45e083f694d3a1750707
1649	Arctic Hunter Top	Shirt	Common	2	2	Hunting gear for the far North.  <color=#64c819>Workshop Contributors: Timo987 Renaxon</color>  When equipped this applies the cosmetic <color=#64c819>Arctic Hunter Top</color> to your character in-game.	fb19b68f2e8c44f5829e69047fa6da40
1650	Arctic Hunter Hood	Hat	Common	2	2	Hunting gear for the far North.  <color=#64c819>Workshop Contributors: Timo987 Renaxon</color>  When equipped this applies the cosmetic <color=#64c819>Arctic Hunter Hood</color> to your character in-game.	81e14b3375ae46fd84a43f2540725c22
1651	Arctic Hunter Pack	Backpack	Common	2	2	Hunting gear for the far North.  <color=#64c819>Workshop Contributors: Timo987 Renaxon</color>  When equipped this applies the cosmetic <color=#64c819>Arctic Hunter Pack</color> to your character in-game.	8141c4443f7e43f3bcdb9684cc0fcd92
1652	Divine Duneman Pants	Pants	Common	1	1	Lo and behold! My legs have also been shot!  <color=#64c819>Workshop Contributors: Animatic NSTM</color>  When equipped this applies the cosmetic <color=#64c819>Divine Duneman Pants</color> to your character in-game.	d0b0fd86dadf42239365b6f58aa8ecc7
1653	Divine Duneman Durag	Hat	Common	1	1	Look deep into my gems, and don't look away until you hear me say otherwise...Don't mind me looking through your loot.  <color=#64c819>Workshop Contributors: Animatic NSTM</color>  When equipped this applies the cosmetic <color=#64c819>Divine Duneman Durag</color> to your character in-game.	9547e2ecd05e41b9985f3cc724670d57
1654	Divine Duneman Shirt	Shirt	Common	1	1	Lo and behold! A wizard in the desert who's been shot on sight multiple times! Please send an ambulance.  <color=#64c819>Workshop Contributors: Animatic NSTM</color>  When equipped this applies the cosmetic <color=#64c819>Divine Duneman Shirt</color> to your character in-game.	4b1170919d6142d189aaf8f7c49c7cbe
1655	Divine Duneman Gem Necklace	Vest	Common	1	1	What do you mean it's battery powered? This is pure magic, my friend!  <color=#64c819>Workshop Contributors: Animatic NSTM</color>  When equipped this applies the cosmetic <color=#64c819>Divine Duneman Gem Necklace</color> to your character in-game.	3fc807c1f50c4544a55ca11ff12b39e5
1656	Feline Collar	Mask	Common	1	1	It was all a ruse?!  <color=#64c819>Workshop Contributors: Animatic NSTM</color>  When equipped this applies the cosmetic <color=#64c819>Feline Collar</color> to your character in-game.	a0a6c748604b44a496dbad430ca0484e
1658	Blue Boonie	Hat	Common	1	1	Floppy hat to shield you from a heatstroke.  <color=#1f871f>Workshop Contributors: Animatic NSTM</color>  When equipped this applies the cosmetic <color=#1f871f>Blue Boonie</color> to your character in-game.	b41f97d8da524dbfa1cb83797e78fa87
1659	Olive Boonie	Hat	Common	1	1	Floppy hat to shield you from a heatstroke.  <color=#1f871f>Workshop Contributors: Animatic NSTM</color>  When equipped this applies the cosmetic <color=#1f871f>Olive Boonie</color> to your character in-game.	a9b761da3f1a4bb4821115ccb893d706
1660	Purple Boonie	Hat	Common	1	1	Floppy hat to shield you from a heatstroke.  <color=#1f871f>Workshop Contributors: Animatic NSTM</color>  When equipped this applies the cosmetic <color=#1f871f>Purple Boonie</color> to your character in-game.	af525ba30f8b4b1f80d681571c738f07
1661	Tan Boonie	Hat	Common	1	1	Floppy hat to shield you from a heatstroke.  <color=#1f871f>Workshop Contributors: Animatic NSTM</color>  When equipped this applies the cosmetic <color=#1f871f>Tan Boonie</color> to your character in-game.	cf725abe70d241c991496c500b59b1dd
1662	Camel Shirt	Shirt	Common	1	1	Careem the Camel here to help you survive in the desert.  <color=#1f871f>Workshop Contributors: Animatic NSTM</color>  When equipped this applies the cosmetic <color=#1f871f>Camel Shirt</color> to your character in-game.	4ad9ba6b865842468ef8dcf20bdbc85c
1663	Caracal Shirt	Shirt	Common	1	1	Cyra the Caracal here to be incredibly smug and annoying with no real other purpose.  <color=#1f871f>Workshop Contributors: Animatic NSTM</color>  When equipped this applies the cosmetic <color=#1f871f>Caracal Shirt</color> to your character in-game.	1f9f20e9c4b148e783ef957a74cd524f
1664	Disguise Mask	Mask	Common	1	1	Victory is ours!  <color=#64c819>Workshop Contributors: Animatic NSTM</color>  When equipped this applies the cosmetic <color=#64c819>Disguise Mask</color> to your character in-game.	25e4cbb291d7414b9056148c20011bcc
1665	Loose Blue Shirt	Shirt	Common	1	1	The less buttoned the shirt, the bigger the attitude.  <color=#1f871f>Workshop Contributors: Animatic NSTM</color>  When equipped this applies the cosmetic <color=#1f871f>Loose Blue Shirt</color> to your character in-game.	e23d5f7d05c6458eb01efefb4b68f5bb
1666	Loose Olive Shirt	Shirt	Common	1	1	The less buttoned the shirt, the bigger the attitude.  <color=#1f871f>Workshop Contributors: Animatic NSTM</color>  When equipped this applies the cosmetic <color=#1f871f>Loose Olive Shirt</color> to your character in-game.	632323121e7146988d1839f577db18d6
1667	Loose Purple Shirt	Shirt	Common	1	1	The less buttoned the shirt, the bigger the attitude.  <color=#1f871f>Workshop Contributors: Animatic NSTM</color>  When equipped this applies the cosmetic <color=#1f871f>Loose Purple Shirt</color> to your character in-game.	ae20873e34dc42029adee5346479211e
1668	Loose Tan Shirt	Shirt	Common	1	1	The less buttoned the shirt, the bigger the attitude.  <color=#1f871f>Workshop Contributors: Animatic NSTM</color>  When equipped this applies the cosmetic <color=#1f871f>Loose Tan Shirt</color> to your character in-game.	10482f56a06d4b769d9575f82ac81e14
1669	Blue Neckscarf	Mask	Common	1	1	Solid scarf that protects your face from looking childish.  <color=#1f871f>Workshop Contributors: Animatic NSTM</color>  When equipped this applies the cosmetic <color=#1f871f>Blue Neckscarf</color> to your character in-game.	184424a0aee2450588200ba4047d0173
1670	Olive Neckscarf	Mask	Common	1	1	Solid scarf that protects your face from looking childish.  <color=#1f871f>Workshop Contributors: Animatic NSTM</color>  When equipped this applies the cosmetic <color=#1f871f>Olive Neckscarf</color> to your character in-game.	1ec4f94d49d8416fbd90710cd7127797
1671	Purple Neckscarf	Mask	Common	1	1	Solid scarf that protects your face from looking childish.  <color=#1f871f>Workshop Contributors: Animatic NSTM</color>  When equipped this applies the cosmetic <color=#1f871f>Purple Neckscarf</color> to your character in-game.	c6235a109ea442e29b3d88080075b71d
1672	Tan Neckscarf	Mask	Common	1	1	Solid scarf that protects your face from looking childish.  <color=#1f871f>Workshop Contributors: Animatic NSTM</color>  When equipped this applies the cosmetic <color=#1f871f>Tan Neckscarf</color> to your character in-game.	22d6d11a97994a20b7fcb0e9081b7aac
1673	Palm Hoodie	Shirt	Common	1	1	Bask in the warmth of an 80's sunset.  <color=#1f871f>Workshop Contributors: Animatic NSTM</color>  When equipped this applies the cosmetic <color=#1f871f>Palm Hoodie</color> to your character in-game.	ccac78fdf03f4e9b9ff628a37ac3386c
1674	Reading Glasses	Glasses	Common	2	1	Glasses are really versatile.  <color=#64c819>Workshop Contributors: Animatic NSTM</color>  When equipped this applies the cosmetic <color=#64c819>Reading Glasses</color> to your character in-game.	5fe00f8f33ed4bd7b21dd719b86c18e9
1675	Blue Sweatpants	Pants	Common	1	1	A staple classic for athletes and couch potatoes.  <color=#1f871f>Workshop Contributors: Animatic NSTM</color>  When equipped this applies the cosmetic <color=#1f871f>Blue Sweatpants</color> to your character in-game.	10f6fd40b2654bff8395dfc19db891bc
1676	Olive Sweatpants	Pants	Common	1	1	A staple classic for athletes and couch potatoes.  <color=#1f871f>Workshop Contributors: Animatic NSTM</color>  When equipped this applies the cosmetic <color=#1f871f>Olive Sweatpants</color> to your character in-game.	4c20c63b9ca143a2844269be4d38a81f
1677	Purple Sweatpants	Pants	Common	1	1	A staple classic for athletes and couch potatoes.  <color=#1f871f>Workshop Contributors: Animatic NSTM</color>  When equipped this applies the cosmetic <color=#1f871f>Purple Sweatpants</color> to your character in-game.	206a84e280e14a69bac6266fca6d9ee3
1678	Tan Sweatpants	Pants	Common	1	1	A staple classic for athletes and couch potatoes.  <color=#1f871f>Workshop Contributors: Animatic NSTM</color>  When equipped this applies the cosmetic <color=#1f871f>Tan Sweatpants</color> to your character in-game.	29c45ff37c01490f8142a6dabdc351a2
1679	Ripped Jeans	Pants	Common	1	1	Ripped just enough so that it's a fashion statement.  <color=#64c819>Workshop Contributors: Animatic NSTM</color>  When equipped this applies the cosmetic <color=#64c819>Ripped Jeans</color> to your character in-game.	9a90131625cc4569866746e337ced331
1680	Luxury Glasses	Glasses	Common	1	1	Stops you getting blinded by the lights, stylishly.  <color=#64c819>Workshop Contributors: Animatic NSTM</color>  When equipped this applies the cosmetic <color=#64c819>Luxury Glasses</color> to your character in-game.	130d479acc554cfd85fac9d4a7a5a3e4
1681	Cool Hat	Hat	Common	1	1	It's objectively cool.  <color=#64c819>Mythical Effects: Uses Hair Color</color>  <color=#64c819>Workshop Contributors: Animatic NSTM</color>  When equipped this applies the cosmetic <color=#64c819>Cool Hat</color> to your character in-game.	276cd5bf44c4407ca0839a31318180de
1682	Palm Letterman Jacket	Shirt	Common	1	1	A stylish letterman jacket to show your status.  <color=#64c819>Workshop Contributors: Animatic NSTM</color>  When equipped this applies the cosmetic <color=#64c819>Palm Letterman Jacket</color> to your character in-game.	ff9d5a08e3d147c495f1283c1cc15bb1
1683	Floral Hair	Hat	Common	1	1	A beautiful braid of flowers.  <color=#64c819>Mythical Effects: Uses Hair Color</color>  <color=#64c819>Workshop Contributors: Animatic NSTM</color>  When equipped this applies the cosmetic <color=#64c819>Floral Hair</color> to your character in-game.	25abe7c0f2c04b2480e903465b8eb35f
1684	Parachute Pack	Backpack	Common	1	1	Parachute sold separately.  <color=#64c819>Workshop Contributors: Animatic NSTM</color>  When equipped this applies the cosmetic <color=#64c819>Parachute Pack</color> to your character in-game.	6547520a23bf4e5287f9e70a156d35ed
1685	Runman	Vest	Common	1	1	Keep the tunes flowing!  <color=#64c819>Workshop Contributors: Animatic NSTM</color>  When equipped this applies the cosmetic <color=#64c819>Runman</color> to your character in-game.	459c5fdac6614cd295ab5dada82101d5
1686	Sandstorm Crusader	Hat	Common	1	1	Ready to discover the world!  <color=#64c819>Workshop Contributors: Animatic NSTM</color>  When equipped this applies the cosmetic <color=#64c819>Sandstorm Crusader</color> to your character in-game.	6c55f1be48c64b38bafaf8953343738c
1687	Straw Hat	Hat	Common	1	1	You best git on outta here, son!  <color=#64c819>Mythical Effects: Uses Hair Color</color>  <color=#64c819>Workshop Contributors: Animatic NSTM</color>  When equipped this applies the cosmetic <color=#64c819>Straw Hat</color> to your character in-game.	b8a624cf69154b4b881d37fe573efb0d
1689	ChefZombiePlush	Vest	Common	1	1	Adorable harmless zombie.  When equipped this applies the cosmetic <color=#3fa68a>Chef Zombie Plush</color> to your character in-game.	604adf97395a48d7a6aa594bf2c1adcb
1690	Butterfly	Backpack	Common	2	2	What are you, some kind of princess?  <color=#64c819>Mythical Effects: Luminescent</color>  <color=#64c819>Workshop Contributors: natalie<3</color>  When equipped this applies the cosmetic <color=#64c819>Butterfly</color> to your character in-game.	bf40cafcea224e568ec66a3e3ae56852
1691	Bounce Charge	Charge	Epic	1	1	Remotely detonated jumping explosive.	bd1f0dabd4ca4b2a9744ce51ab7d5f91
1692	Christmas Tree	Barricade	Rare	2	2	Pocket-sized decorated pine tree.	14ee4724a1554c4f865e35f7cd393980
1693	Snow Shovel	Melee	Common	2	3	Perfect for scooping up snow piles.	8f88771ceed24cf199831a25f3bb2b8a
1694	Candy Cane Fragments	Supply	Rare	1	1	Festive fragments for decorations.	bde92fd4a3f94f3fae6279d58d2f0c5b
1695	Present	Storage	Rare	1	1	A colorful box for storing gifts.	7aa59996e70c406f9e403434ad01a31c
1696	Present	Storage	Rare	2	1	A colorful box for storing gifts.	2c2b6a8ccfff4e44a1d309eeb3a2129a
1697	Present	Storage	Rare	2	1	A colorful box for storing gifts.	85947849fe1b470eae0ed799ca885db4
1698	Present	Storage	Rare	2	2	A colorful box for storing gifts.	5f7cb031e78e497789f273137707f893
1699	Present	Storage	Rare	1	2	A colorful box for storing gifts.	bf6b83e9431d4621a541aa1f9d8875c6
1700	Festive Lights	Barricade	Rare	1	1	Assortment of colorful lights for the festive season.	94f1adb5787a453fab456916276f50d7
1701	Wreath	Barricade	Rare	1	1	A varied assortment of leaves constructed to form a ring.	ae11702acc2143e080c145a2b060390f
1702	Small Ice Castle	Barricade	Rare	1	1	A decorative fortress made of ice.	bf209638392f4d64bc6f33b865caea85
1703	Large Ice Castle	Barricade	Rare	2	2	A decorative fortress made of ice.	178d82795e904168831459ffe1d82b7e
1704	Saw	Melee	Epic	3	2	Candy cane chewing machine of death.	36c6f16c5d4e4890bcaa8f7b8b253e47
1705	Stocking	Storage	Rare	1	1	Large red sock used for storing gifts.	97e8cbbbb0a04bad9687237926fb89aa
1706	Gingerbread Cookie	Food	Rare	1	1	Small man suitable for consumption.	bec3fa681ddf4e4fbb196a73f7dec31f
1707	Ice Crystal	Supply	Rare	1	2	Shiny crystal made of frozen water.	5a06b8715ad8496da7fc42ca4368f8eb
1708	Drumstick	Food	Rare	1	1	Not intended for musical purposes.	aaab7d20db81407b8440e76991cfb538
1709	Arrowhead	Mask	Common	2	1	Just a flesh wound.  <color=#64c819>Workshop Contributors: Renaxon danaby2 Dug</color>  When equipped this applies the cosmetic <color=#64c819>Arrowhead</color> to your character in-game.	137cf1616d5f42c3b55074be7e593f26
1710	Goggly Cap	Hat	Common	2	2	Twice as much shade.  <color=#64c819>Mythical Effects: Uses Hair Color</color>  <color=#64c819>Workshop Contributors: Renaxon danaby2 Dug</color>  When equipped this applies the cosmetic <color=#64c819>Goggly Cap</color> to your character in-game.	5243ed73007f4ed886221543975eb527
1711	Fancy Glasses	Glasses	Common	2	1	Fancyness directly correlates with style.  <color=#64c819>Workshop Contributors: Renaxon danaby2 Dug</color>  When equipped this applies the cosmetic <color=#64c819>Fancy Glasses</color> to your character in-game.	cebffd4c36494550a98ef4541ed60b87
1712	Golf Bag	Backpack	Common	2	2	Has a funny strap.  <color=#64c819>Workshop Contributors: Renaxon danaby2 Dug</color>  When equipped this applies the cosmetic <color=#64c819>Golf Bag</color> to your character in-game.	5506986fb44e4bce9547c2d969ae71b2
1713	Black Hockey Mask	Mask	Common	2	2	Painted black to look menacing.  <color=#64c819>Workshop Contributors: Renaxon danaby2 Dug</color>  When equipped this applies the cosmetic <color=#64c819>Black Hockey Mask</color> to your character in-game.	1b2dbf75e93c45af97d9b486d2c82c62
1714	Monocular	Glasses	Common	2	1	Simulates tunnel vision.  <color=#64c819>Workshop Contributors: Renaxon danaby2 Dug</color>  When equipped this applies the cosmetic <color=#64c819>Monocular</color> to your character in-game.	8d24e982a3ff444fb68527efa4f0c1fc
1715	Arid Map Mystery Box	Box	Common	1	1	Holds a random item from the <color=#64c819>Arid Map Bundle</color>.  <i>Contains one of the following 15 items:</i> <color=#4b64fa>Arrowhead</color> <i><color=#767676>Mask</color></i> <color=#4b64fa>Chopstick Ponytail</color> <i><color=#767676>Hat</color></i> <color=#4b64fa>Fancy Glasses</color> <color=#4b64fa>Goggly Cap</color> <i><color=#767676>Hat</color></i> <color=#4b64fa>Golf Bag</color> <i><color=#767676>Backpack</color></i> <color=#4b64fa>Privateer Top</color> <i><color=#767676>Shirt</color></i> <color=#4b64fa>Responder Rig</color> <i><color=#767676>Vest</color></i> <color=#4b64fa>Surplus Jacket</color> <i><color=#767676>Shirt</color></i> <color=#4b64fa>Tracksuit Bottom</color> <i><color=#767676>Pants</color></i> <color=#4b64fa>Vintage Helmet</color> <i><color=#767676>Hat</color></i> <color=#4b64fa>Welding Goggles</color> <i><color=#767676>Glasses</color></i> <color=#964bfa>Black Hockey Mask</color> <color=#964bfa>Monocular</color> <i><color=#767676>Glasses</color></i> <color=#964bfa>Skull Bandana</color> <i><color=#767676>Mask</color></i> <color=#c832fa>Dissipator Maplestrike</color> <i><color=#767676>Skin</color></i> or, very rarely, a <color=#fa3219>Mythical Variant!</color>  <i>Potential Mythical effects:</i> Atomic, Blossoming, Burning, Confetti, Cosmic, Cryptic Runes, Crystal Shards, Decked Out, Electrostatic, Enchanted, Energized, Fire Dragon, Freezing, Frosty, Glitched, Glowing, Ice Dragon, Lovely, Lucky Coins, Melting, Musical, Party, Pyrotechnic, Radioactive, Sacrificial, Sky Lantern, Soul Shattered, Spectral Gems or Wealthy  <i>Potential bonus items:</i> Crafting Materials, Green Soul Crystal Weapon Kit, Jaded Weapon Kit, Magenta Soul Crystal Weapon Kit, Player Kills Counter, Red Soul Crystal Weapon Kit, Total Kills Counter, Yellow Soul Crystal Weapon Kit or Zero Kelvin Weapon Kit  Does not require a key to open. When opened this will be consumed.	c0708f47e1ba4ee0ab25b7cdadbfa7f7
1716	Chopstick Ponytail	Hat	Common	2	2	Oops, was wondering where I put those.  <color=#64c819>Mythical Effects: Uses Hair Color</color>  <color=#64c819>Workshop Contributors: Renaxon danaby2 Dug</color>  When equipped this applies the cosmetic <color=#64c819>Chopstick Ponytail</color> to your character in-game.	9a797827bd2840a9accbcb876a5ec81d
1717	Privateer Top	Shirt	Common	3	2	Fit for a modern pirate.  <color=#64c819>Workshop Contributors: Renaxon danaby2 Dug</color>  When equipped this applies the cosmetic <color=#64c819>Privateer Top</color> to your character in-game.	762eca316c8c4495962a7b6a4f9e60c9
1718	Responder Rig	Vest	Common	2	2	From emergency worker to PMC, you will need a lot of pockets.  <color=#64c819>Workshop Contributors: Renaxon danaby2 Dug</color>  When equipped this applies the cosmetic <color=#64c819>Responder Rig</color> to your character in-game.	2837a1c3b8574c7aad0b6fe8551b7e08
1719	Skull Bandana	Mask	Common	1	1	Very edgy.  <color=#64c819>Workshop Contributors: Renaxon danaby2 Dug</color>  When equipped this applies the cosmetic <color=#64c819>Skull Bandana</color> to your character in-game.	f677eeba23584fb680e6eb5c9568cbc2
1720	Dark Gray Suit Slacks	Pants	Common	2	2	Ideal for working in a bank... or robbing one.  <color=#1f871f>Workshop Contributors: Renaxon danaby2 Dug</color>  When equipped this applies the cosmetic <color=#1f871f>Dark Gray Suit Slacks</color> to your character in-game.	0c078adb5fa648a5ac7c457aaa672d30
1721	Light Gray Suit Slacks	Pants	Common	2	2	Ideal for working in a bank... or robbing one.  <color=#1f871f>Workshop Contributors: Renaxon danaby2 Dug</color>  When equipped this applies the cosmetic <color=#1f871f>Light Gray Suit Slacks</color> to your character in-game.	cb3eeb81121d46c08a658d4bc071dbfa
1722	Tan Suit Slacks	Pants	Common	2	2	Ideal for working in a bank... or robbing one.  <color=#1f871f>Workshop Contributors: Renaxon danaby2 Dug</color>  When equipped this applies the cosmetic <color=#1f871f>Tan Suit Slacks</color> to your character in-game.	a142c827bf50450896e3413b101b1bb9
1723	Navy Suit Slacks	Pants	Common	2	2	Ideal for working in a bank... or robbing one.  <color=#1f871f>Workshop Contributors: Renaxon danaby2 Dug</color>  When equipped this applies the cosmetic <color=#1f871f>Navy Suit Slacks</color> to your character in-game.	9a50f0f6000c4819b5eaa316100aa2f2
1724	Dark Gray Suit Jacket	Shirt	Common	2	2	Ideal for working in a bank... or robbing one.  <color=#1f871f>Workshop Contributors: Renaxon danaby2 Dug</color>  When equipped this applies the cosmetic <color=#1f871f>Dark Gray Suit Jacket</color> to your character in-game.	fcff30f1661c4b3fb3ecd74f8bef5794
1725	Light Gray Suit Jacket	Shirt	Common	2	2	Ideal for working in a bank... or robbing one.  <color=#1f871f>Workshop Contributors: Renaxon danaby2 Dug</color>  When equipped this applies the cosmetic <color=#1f871f>Light Gray Suit Jacket</color> to your character in-game.	f4c13b64b215436db67324e0621029b3
1726	Tan Suit Jacket	Shirt	Common	2	2	Ideal for working in a bank... or robbing one.  <color=#1f871f>Workshop Contributors: Renaxon danaby2 Dug</color>  When equipped this applies the cosmetic <color=#1f871f>Tan Suit Jacket</color> to your character in-game.	694e52ba96a744bf99821ef5f6202fab
1727	Navy Suit Jacket	Shirt	Common	2	2	Ideal for working in a bank... or robbing one.  <color=#1f871f>Workshop Contributors: Renaxon danaby2 Dug</color>  When equipped this applies the cosmetic <color=#1f871f>Navy Suit Jacket</color> to your character in-game.	7db70110c9084117b08dc1fe29bed1fc
1728	Surplus Jacket	Shirt	Common	3	2	Fashion piece or reenactment?  <color=#64c819>Workshop Contributors: Renaxon danaby2 Dug</color>  When equipped this applies the cosmetic <color=#64c819>Surplus Jacket</color> to your character in-game.	da0ef9aab9b446c99aa4bc025246154c
1729	Tracksuit Bottom	Pants	Common	2	2	Practicing squats to build leg muscle.  <color=#64c819>Workshop Contributors: Renaxon danaby2 Dug</color>  When equipped this applies the cosmetic <color=#64c819>Tracksuit Bottom</color> to your character in-game.	fa019aed2cd14de9b978968bc950c591
1730	Vintage Helmet	Hat	Common	2	2	Always in fashion.  <color=#64c819>Mythical Effects: Uses Hair Color</color>  <color=#64c819>Workshop Contributors: Renaxon danaby2 Dug</color>  When equipped this applies the cosmetic <color=#64c819>Vintage Helmet</color> to your character in-game.	b460b8cff21541af95ce6f72c753fbfd
1731	Welding Goggles	Glasses	Common	2	1	Glorified sunglasses.  <color=#64c819>Workshop Contributors: Renaxon danaby2 Dug</color>  When equipped this applies the cosmetic <color=#64c819>Welding Goggles</color> to your character in-game.	921dfb2decab41d089232820cd4e2c3f
1732	Festive Bow	Hat	Common	2	2	Owned by especially festive individuals.  This was awarded for completing the <color=#fa6419>Cookie Cook</color> achievement.  When equipped this applies the cosmetic <color=#fa6419>Festive Bow</color> to your character in-game.	3b7476822ffc46a3b033b13d5abdc60c
1733	Festive Touque	Hat	Common	2	2	Owned by especially festive individuals.  <color=#fa6419>Mythical Effects: Uses Hair Color</color>  This was awarded for completing the <color=#fa6419>Architect</color> achievement.  When equipped this applies the cosmetic <color=#fa6419>Festive Touque</color> to your character in-game.	178fb57e72924945ac7f538ed5959c98
1734	Festive Bandolier	Vest	Common	2	2	Owned by especially festive individuals.  This was awarded for completing the <color=#fa6419>A Star in the Sky</color> achievement.  When equipped this applies the cosmetic <color=#fa6419>Festive Bandolier</color> to your character in-game.	cdae042a67bb460c88615e50b32e09ee
1735	Festive Belt	Vest	Common	2	2	Owned by especially festive individuals.  This was awarded for completing the <color=#fa6419>Santa's Little Helper</color> achievement.  When equipped this applies the cosmetic <color=#fa6419>Festive Belt</color> to your character in-game.	e0a2c4d0034642a9be8470d79fa1f125
1736	BiohazardZombiePlush	Vest	Common	1	1	Adorable harmless zombie.  When equipped this applies the cosmetic <color=#3fa68a>Biohazard Zombie Plush</color> to your character in-game.	748d0713ad4b4f83ace39c052d95eb38
1737	Camel Pyjama Bottoms	Pants	Common	1	1	Softer than the cool sands of an oasis.  <color=#1f871f>Workshop Contributors: Animatic NSTM</color>  When equipped this applies the cosmetic <color=#1f871f>Camel Pyjama Bottoms</color> to your character in-game.	2d633de62e1e44fd98707f42f78d6850
1738	Camel Pyjama Tops	Shirt	Common	1	1	Careem the Camel wishes you a good night's sleep.  <color=#1f871f>Workshop Contributors: Animatic NSTM</color>  When equipped this applies the cosmetic <color=#1f871f>Camel Pyjama Tops</color> to your character in-game.	a378e416624243c3be8c6d5ef73beabf
1739	Caracal Pyjama Bottoms	Pants	Common	1	1	Softer than the cool sands of an oasis.  <color=#1f871f>Workshop Contributors: Animatic NSTM</color>  When equipped this applies the cosmetic <color=#1f871f>Caracal Pyjama Bottoms</color> to your character in-game.	861ab1b88d5e4eacb9329d933dd6a5b7
1740	Caracal Pyjama Tops	Shirt	Common	1	1	Cyra the Caracal wishes you a good night's sleep.  <color=#1f871f>Workshop Contributors: Animatic NSTM</color>  When equipped this applies the cosmetic <color=#1f871f>Caracal Pyjama Tops</color> to your character in-game.	c5bbe629f4fb4cfba339b4cad1223fbe
1741	Fish Pyjama Bottoms	Pants	Common	1	1	Softer than the cool sands of an oasis.  <color=#1f871f>Workshop Contributors: Animatic NSTM</color>  When equipped this applies the cosmetic <color=#1f871f>Fish Pyjama Bottoms</color> to your character in-game.	2b9268f557134806a17f32e890642d66
1742	Fish Pyjama Tops	Shirt	Common	1	1	Fred the Fish wishes you a good night's sleep.  <color=#1f871f>Workshop Contributors: Animatic NSTM</color>  When equipped this applies the cosmetic <color=#1f871f>Fish Pyjama Tops</color> to your character in-game.	26f703ed61f442b5ae492a95354eba23
1743	Palm Pyjama Bottoms	Pants	Common	1	1	Softer than the cool sands of an oasis.  <color=#1f871f>Workshop Contributors: Animatic NSTM</color>  When equipped this applies the cosmetic <color=#1f871f>Palm Pyjama Bottoms</color> to your character in-game.	7a8f242d572b46848d8295f1ab662b39
1744	Palm Pyjama Tops	Shirt	Common	1	1	An oasis' soft ambience drifts you into an easy sleep.  <color=#1f871f>Workshop Contributors: Animatic NSTM</color>  When equipped this applies the cosmetic <color=#1f871f>Palm Pyjama Tops</color> to your character in-game.	8e04683d14a742d7b3723785afeba6d5
1745	Dunce Sticker	Glasses	Common	1	1	No hard feelings, right?  <color=#fa6419>Workshop Contributors: Animatic NSTM</color>  This was awarded for completing the <color=#fa6419>A Duneman's Promise</color> achievement.  When equipped this applies the cosmetic <color=#fa6419>Dunce Sticker</color> to your character in-game.	db8cd6e2479845b2ae740df13f8a9688
1746	Nazar Pin	Vest	Common	1	1	Always watching.  <color=#fa6419>Workshop Contributors: Animatic NSTM</color>  This was awarded for completing the <color=#fa6419>Escaping Outlands</color> achievement.  When equipped this applies the cosmetic <color=#fa6419>Nazar Pin</color> to your character in-game.	beef2a5bb34f4b6ea777f05141d24fdf
1747	Artsy Beret	Hat	Common	1	1	Hon hon hon!  <color=#64c819>Mythical Effects: Uses Hair Color</color>  <color=#64c819>Workshop Contributors: Animatic NSTM</color>  When equipped this applies the cosmetic <color=#64c819>Artsy Beret</color> to your character in-game.	9f91bebef2df4714a51ac46c634809e3
1748	Heister Mask	Mask	Common	1	1	They'll only realize they've been hit once we're long gone.  <color=#64c819>Workshop Contributors: Animatic NSTM</color>  When equipped this applies the cosmetic <color=#64c819>Heister Mask</color> to your character in-game.	95846a5ce81c404fb5e563784cfcb156
1749	Armored Suitcase	Backpack	Common	1	1	Ideal for transporting classified intel.  <color=#64c819>Workshop Contributors: Animatic NSTM</color>  When equipped this applies the cosmetic <color=#64c819>Armored Suitcase</color> to your character in-game.	63ac17d4a3fd43c4a988479d793cd9cc
1750	Feline Friend	Vest	Common	1	1	Clawed into your shoulder.  <color=#64c819>Workshop Contributors: Animatic NSTM</color>  When equipped this applies the cosmetic <color=#64c819>Feline Friend</color> to your character in-game.	ad1416bc95e04c2baba7572a2e97aadc
1751	Range Specs	Glasses	Common	1	1	First I'm going to put these on for safety, then, I'm hunting you down.  <color=#64c819>Workshop Contributors: Animatic NSTM</color>  When equipped this applies the cosmetic <color=#64c819>Range Specs</color> to your character in-game.	16f179f07ae24cdc8878023d130ab760
1752	Slick Hair	Hat	Common	1	1	Friend of the cartel, remember?  <color=#64c819>Mythical Effects: Uses Hair Color</color>  <color=#64c819>Workshop Contributors: Animatic NSTM</color>  When equipped this applies the cosmetic <color=#64c819>Slick Hair</color> to your character in-game.	fd7b71a3b99548aea9010d59fc81ce15
1753	Brimmed Ushanka	Hat	Common	1	1	Perpetually fluffy.  <color=#64c819>Workshop Contributors: Animatic NSTM</color>  When equipped this applies the cosmetic <color=#64c819>Brimmed Ushanka</color> to your character in-game.	1ddcc3da7ca94c57bb6d4e97fef51e7e
1754	Camel Nightcap	Hat	Common	1	1	It’s past your bedtime.  <color=#1f871f>Workshop Contributors: Animatic NSTM</color>  When equipped this applies the cosmetic <color=#1f871f>Camel Nightcap</color> to your character in-game.	4805b7361ac0450fa48f8adeecec0fb3
1755	Caracal Nightcap	Hat	Common	1	1	It’s past your bedtime.  <color=#1f871f>Workshop Contributors: Animatic NSTM</color>  When equipped this applies the cosmetic <color=#1f871f>Caracal Nightcap</color> to your character in-game.	1814cd0e63d0456887db4b370b20c9c0
1756	Fish Nightcap	Hat	Common	1	1	It’s past your bedtime.  <color=#1f871f>Workshop Contributors: Animatic NSTM</color>  When equipped this applies the cosmetic <color=#1f871f>Fish Nightcap</color> to your character in-game.	c01ba96eef0545f185063d0b85b00d0b
1757	Palm Nightcap	Hat	Common	1	1	It’s past your bedtime.  <color=#1f871f>Workshop Contributors: Animatic NSTM</color>  When equipped this applies the cosmetic <color=#1f871f>Palm Nightcap</color> to your character in-game.	c2017828a2a3487d8eaf0fef969209d1
1758	Ironed Khakis	Pants	Common	1	1	Pockets deep enough to hold all your mysteries.  <color=#64c819>Workshop Contributors: Animatic NSTM</color>  When equipped this applies the cosmetic <color=#64c819>Ironed Khakis</color> to your character in-game.	66029e1db3eb4726af98093b8185e94c
1759	Trimmed Trenchcoat	Shirt	Common	1	1	Late night investigations and later night noir moodiness.  <color=#64c819>Workshop Contributors: Animatic NSTM</color>  When equipped this applies the cosmetic <color=#64c819>Trimmed Trenchcoat</color> to your character in-game.	6a9556fdf392402ebbea6b2802e446f7
1760	Private Eye's Camera	Vest	Common	1	1	Filled with evidence of shadiness.  <color=#64c819>Workshop Contributors: Animatic NSTM</color>  When equipped this applies the cosmetic <color=#64c819>Private Eye's Camera</color> to your character in-game.	80ffa1720f6d4789ae187e3f328ad02c
1761	Private Eye's Fedora	Hat	Common	1	1	Let's get to the bottom of this.  <color=#64c819>Workshop Contributors: Animatic NSTM</color>  When equipped this applies the cosmetic <color=#64c819>Private Eye's Fedora</color> to your character in-game.	2054d1ce46174b5a9258582303f0cf47
1762	Bubble Pipe	Mask	Common	1	1	I deduce that I'm right, and you're wrong.  <color=#64c819>Workshop Contributors: Animatic NSTM</color>  When equipped this applies the cosmetic <color=#64c819>Bubble Pipe</color> to your character in-game.	a48d5362346d406faa6245dbe0ba3eac
1763	Platinum Monocle	Glasses	Common	1	1	Thank you for the letter! :)  When equipped this applies the cosmetic <color=#fa6419>Platinum Monocle</color> to your character in-game.	113f8b84f86f4ee597064150807fb68a
1764	Housing Planner	Tool	Uncommon	1	1	Using the latest and greatest PinePilot 3000 tech it is easier than ever to build your own home! Our advanced algorithms do the heavy lifting, leaving you to design the blueprints with our intuitive stylus-driven UI. <b>Bypasses workstation requirements.</b>	b376e31635eb476b95d85f2e57fc4263
1765	Cultist's Satchel	Backpack	Common	2	2	Prepared for an ancient ritual.  <color=#64c819>Workshop Contributors: aleksvaleraWork 444z444</color>  When equipped this applies the cosmetic <color=#64c819>Cultist's Satchel</color> to your character in-game.	744edc0523f642c688ea065d1462839f
1766	Cultist's Hood	Hat	Common	2	2	Prepared for an ancient ritual.  <color=#64c819>Workshop Contributors: aleksvaleraWork 444z444</color>  When equipped this applies the cosmetic <color=#64c819>Cultist's Hood</color> to your character in-game.	ee4875dccad54901bd066bb4033c7335
1767	Cultist's Mask	Mask	Common	2	2	Prepared for an ancient ritual.  <color=#64c819>Workshop Contributors: aleksvaleraWork 444z444</color>  When equipped this applies the cosmetic <color=#64c819>Cultist's Mask</color> to your character in-game.	e3dccb97ee194d3dbf6e14017c49a419
1768	Cultist's Robes Bottom	Pants	Common	2	2	Prepared for an ancient ritual.  <color=#64c819>Workshop Contributors: aleksvaleraWork 444z444</color>  When equipped this applies the cosmetic <color=#64c819>Cultist's Robes Bottom</color> to your character in-game.	fb821965987442fd9d5c3cb4942271eb
1769	Cultist's Robes Top	Shirt	Common	3	2	Prepared for an ancient ritual.  <color=#64c819>Workshop Contributors: aleksvaleraWork 444z444</color>  When equipped this applies the cosmetic <color=#64c819>Cultist's Robes Top</color> to your character in-game.	48f879c980b94b77875037d904e835d6
1770	Cultist's Accessories	Vest	Common	2	2	Prepared for an ancient ritual.  <color=#64c819>Workshop Contributors: aleksvaleraWork 444z444</color>  When equipped this applies the cosmetic <color=#64c819>Cultist's Accessories</color> to your character in-game.	3cfe2fdb6c8f42dab14ad0c99680352a
1771	Backpack Turtle	Backpack	Common	2	2	So cute! Can I pet it?  <color=#64c819>Workshop Contributors: natalie<3</color>  When equipped this applies the cosmetic <color=#64c819>Backpack Turtle</color> to your character in-game.	b2c7252ca3a84367997618a5be0409b9
1772	Companion Penguin	Vest	Common	1	1	So cute! So fluffy!  <color=#64c819>Workshop Contributors: natalie<3</color>  When equipped this applies the cosmetic <color=#64c819>Companion Penguin</color> to your character in-game.	c69d5d1b2ffc4af3b9388061844aff47
1773	Companion Crab	Vest	Common	1	1	Does it dance too?  <color=#64c819>Workshop Contributors: natalie<3</color>  When equipped this applies the cosmetic <color=#64c819>Companion Crab</color> to your character in-game.	2e5aebd9f9e64994bc8fbfef65405564
1774	DemonHead	Hat	Common	2	2	You've got a lot of nerve summoning me...  <color=#64c819>Mythical Effects: Luminescent</color>  <color=#64c819>Workshop Contributors: TheUnion</color>  When equipped this applies the cosmetic <color=#64c819>Demon of Greed's Head</color> to your character in-game.	3646d3095b0640adb7ca177ca2fc5b98
1775	DemonHorns	Glasses	Common	2	3	You've got a lot of nerve summoning me...  <color=#64c819>Mythical Effects: Luminescent</color>  <color=#64c819>Workshop Contributors: TheUnion</color>  When equipped this applies the cosmetic <color=#64c819>Demon of Greed's Horns</color> to your character in-game.	ced5f2a9d77b45668f27e2146d3030a6
1776	DemonPants	Pants	Common	2	2	You've got a lot of nerve summoning me...  <color=#64c819>Workshop Contributors: TheUnion</color>  When equipped this applies the cosmetic <color=#64c819>Demon of Greed's Pants</color> to your character in-game.	a8dd1ea938c340c2b240da5ddce1b69e
1777	DemonShirt	Shirt	Common	3	2	You've got a lot of nerve summoning me...  <color=#64c819>Mythical Effects: Luminescent</color>  <color=#64c819>Workshop Contributors: TheUnion</color>  When equipped this applies the cosmetic <color=#64c819>Demon of Greed's Shirt</color> to your character in-game.	5bc7742588024f01b5bf6a6db7d3ce08
1778	DemonTail	Backpack	Common	2	2	You've got a lot of nerve summoning me...  <color=#64c819>Mythical Effects: Luminescent</color>  <color=#64c819>Workshop Contributors: TheUnion</color>  When equipped this applies the cosmetic <color=#64c819>Demon of Greed's Tail</color> to your character in-game.	df8a51ddcabd44faaf57c4b031958639
1779	PirateCaptainBeard	Mask	Common	2	2	Prepare to walk the plank ye scallywag!  <color=#64c819>Mythical Effects: Uses Beard Color</color>  <color=#64c819>Workshop Contributors: TheUnion</color>  When equipped this applies the cosmetic <color=#64c819>Pirate Captain's Beard</color> to your character in-game.	4cc1a95c61114351a2ab1a2dac90ee66
1780	PirateCaptainCannon	Backpack	Common	2	2	Prepare to walk the plank ye scallywag!  <color=#64c819>Workshop Contributors: TheUnion</color>  When equipped this applies the cosmetic <color=#64c819>Pirate Captain's Cannon</color> to your character in-game.	7258bb4847374ab38c548e58cfa3119e
1781	PirateCaptainCoat	Vest	Common	2	3	Prepare to walk the plank ye scallywag!  <color=#64c819>Workshop Contributors: TheUnion</color>  When equipped this applies the cosmetic <color=#64c819>Pirate Captain's Coat</color> to your character in-game.	d13cf66cfa5344839abe3b2ffb3c3af1
1782	PirateCaptainHat	Hat	Common	3	2	Prepare to walk the plank ye scallywag!  <color=#64c819>Workshop Contributors: TheUnion</color>  When equipped this applies the cosmetic <color=#64c819>Pirate Captain's Hat</color> to your character in-game.	82f1941f0f52481883c617e8409b160b
1783	PirateCaptainPants	Pants	Common	2	2	Prepare to walk the plank ye scallywag!  <color=#64c819>Workshop Contributors: TheUnion</color>  When equipped this applies the cosmetic <color=#64c819>Pirate Captain's Pants</color> to your character in-game.	456b1a3ab33a4546ad1521b30856a54f
1784	PirateCaptainShirt	Shirt	Common	3	2	Prepare to walk the plank ye scallywag!  <color=#64c819>Workshop Contributors: TheUnion</color>  When equipped this applies the cosmetic <color=#64c819>Pirate Captain's Shirt</color> to your character in-game.	2edec41ab3a944de9d35de3b412d4671
1785	PHCloak	Backpack	Common	2	4	You had better hope this stalker of the night does not catch your scent...  <color=#64c819>Workshop Contributors: TheUnion</color>  When equipped this applies the cosmetic <color=#64c819>Demon Hunter's Cloak</color> to your character in-game.	5c01b98f79624827b40fc5e29e66b1d0
1786	PHHat	Hat	Common	3	2	You had better hope this stalker of the night does not catch your scent...  <color=#64c819>Workshop Contributors: TheUnion</color>  When equipped this applies the cosmetic <color=#64c819>Demon Hunter's Hat</color> to your character in-game.	e3bf85419e524520befeef255468452a
1787	PHMask	Mask	Common	2	2	You had better hope this stalker of the night does not catch your scent...  <color=#64c819>Mythical Effects: Luminescent</color>  <color=#64c819>Workshop Contributors: TheUnion</color>  When equipped this applies the cosmetic <color=#64c819>Demon Hunter's Mask</color> to your character in-game.	d0a887c4dc6242dd8038d79cd8d87392
1788	PHPants	Pants	Common	2	2	You had better hope this stalker of the night does not catch your scent...  <color=#64c819>Workshop Contributors: TheUnion</color>  When equipped this applies the cosmetic <color=#64c819>Demon Hunter's Pants</color> to your character in-game.	a3550b959dcf4b6ebd434baf34bd8548
1789	PHShirt	Shirt	Common	3	2	You had better hope this stalker of the night does not catch your scent...  <color=#64c819>Workshop Contributors: TheUnion</color>  When equipped this applies the cosmetic <color=#64c819>Demon Hunter's Shirt</color> to your character in-game.	8638ccda7c3647eaaaa4b4a9e53427d9
1790	PHVest	Vest	Common	2	3	You had better hope this stalker of the night does not catch your scent...  <color=#64c819>Mythical Effects: Luminescent</color>  <color=#64c819>Workshop Contributors: TheUnion</color>  When equipped this applies the cosmetic <color=#64c819>Demon Hunter's Vest</color> to your character in-game.	d2cead8a2b684c909ac486c1d892198a
1791	Blindfold	Glasses	Common	1	1	Darkness consumes you.  <color=#64c819>Workshop Contributors: danaby2 Renaxon LVOmega</color>  When equipped this applies the cosmetic <color=#64c819>Blindfold</color> to your character in-game.	4c39fe1187f04dcab5ddf53100a0e4c0
1792	Facemask	Mask	Common	1	1	Hides your facial expression.  <color=#64c819>Workshop Contributors: danaby2 Renaxon LVOmega</color>  When equipped this applies the cosmetic <color=#64c819>Facemask</color> to your character in-game.	391f9c1278e246afbf2b8d04e926945a
1793	Fanny Pack	Vest	Common	1	1	Also known as: moon bag, belt bag, waist bag, bumbag and belly bag.  <color=#64c819>Workshop Contributors: danaby2 Renaxon LVOmega</color>  When equipped this applies the cosmetic <color=#64c819>Fanny Pack</color> to your character in-game.	887c35c974d849eb8d6a966af8e255d6
1794	Fox Head	Hat	Common	1	1	What *does* the fox say?  <color=#64c819>Mythical Effects: Uses Hair Color</color>  <color=#64c819>Workshop Contributors: danaby2 Renaxon LVOmega</color>  When equipped this applies the cosmetic <color=#64c819>Fox Head</color> to your character in-game.	38a600dc539243baa0713b43a9748944
1795	Guitar Case	Backpack	Common	1	1	Great for hiding weaponry.  <color=#64c819>Workshop Contributors: danaby2 Renaxon LVOmega</color>  When equipped this applies the cosmetic <color=#64c819>Guitar Case</color> to your character in-game.	767e0d25e98e4aeeb758001902705bbc
1796	Biker Vest	Vest	Common	1	1	Protective and intimidating.  <color=#64c819>Workshop Contributors: danaby2 Renaxon LVOmega</color>  When equipped this applies the cosmetic <color=#64c819>Biker Vest</color> to your character in-game.	8e5bfbabe1824a38852ada06151b576e
1797	Kitsune Hat	Hat	Common	1	1	A symbol of intelligence, cunning and trickery - perfect for festivals.  <color=#64c819>Workshop Contributors: danaby2 Renaxon LVOmega</color>  When equipped this applies the cosmetic <color=#64c819>Kitsune Hat</color> to your character in-game.	f50ea84410084893ad9950249c6ca1f3
1798	Knot	Backpack	Common	1	1	I hope you know how to retie it once it comes undone.  <color=#64c819>Workshop Contributors: danaby2 Renaxon LVOmega</color>  When equipped this applies the cosmetic <color=#64c819>Knot</color> to your character in-game.	12db252b7f9f4e74a6712c6f04816a13
1799	Mining Helmet	Hat	Common	1	1	Hunting for diamonds!  <color=#64c819>Mythical Effects: Uses Hair Color</color>  <color=#64c819>Workshop Contributors: danaby2 Renaxon LVOmega</color>  When equipped this applies the cosmetic <color=#64c819>Mining Helmet</color> to your character in-game.	7b3a8ce0786e48caaf9cf0161d459824
1807	Denim Overalls	Pants	Common	1	1	Designed to ensure you do not lose your pants.  <color=#1f871f>Workshop Contributors: danaby2 Renaxon LVOmega</color>  When equipped this applies the cosmetic <color=#1f871f>Denim Overalls</color> to your character in-game.	36123d35e0ce48d9b5da2f6f2b34f707
1808	Khaki Overalls	Pants	Common	1	1	Designed to ensure you do not lose your pants.  <color=#1f871f>Workshop Contributors: danaby2 Renaxon LVOmega</color>  When equipped this applies the cosmetic <color=#1f871f>Khaki Overalls</color> to your character in-game.	034debfbddac4031b78acb6f0e0d802f
1809	Spliced Black and White Pants	Pants	Common	1	1	Black and white pant legs sewn together.  <color=#1f871f>Workshop Contributors: danaby2 Renaxon LVOmega</color>  When equipped this applies the cosmetic <color=#1f871f>Spliced Black and White Pants</color> to your character in-game.	c426ff9bbdf54dd09882e6c1f0ab76dd
1810	Reginald	Vest	Common	1	1	A talking penguin?!  <color=#fa6419>Workshop Contributors: danaby2 Renaxon LVOmega</color>  This was awarded for completing the <color=#fa6419>Expedition Completionist</color> achievement.  When equipped this applies the cosmetic <color=#fa6419>Reginald</color> to your character in-game.	954cde7913bb4f018a5ab20e7fb6b79b
1811	Black Formal Shirt	Shirt	Common	1	1	Crisp button-up shirt with a pocket.  <color=#1f871f>Workshop Contributors: danaby2 Renaxon LVOmega</color>  When equipped this applies the cosmetic <color=#1f871f>Black Formal Shirt</color> to your character in-game.	915829798ae24d99ad515c1bab9d89ef
1812	Blue Formal Shirt	Shirt	Common	1	1	Crisp button-up shirt with a pocket.  <color=#1f871f>Workshop Contributors: danaby2 Renaxon LVOmega</color>  When equipped this applies the cosmetic <color=#1f871f>Blue Formal Shirt</color> to your character in-game.	38e8f986c409480caaca073ed74febd7
1813	Penguin Shirt	Shirt	Common	1	1	Do not trust.  <color=#1f871f>Workshop Contributors: danaby2 Renaxon LVOmega</color>  When equipped this applies the cosmetic <color=#1f871f>Penguin Shirt</color> to your character in-game.	d6d399f024a347d087d24f0b07027709
1814	Pink Formal Shirt	Shirt	Common	1	1	Crisp button-up shirt with a pocket.  <color=#1f871f>Workshop Contributors: danaby2 Renaxon LVOmega</color>  When equipped this applies the cosmetic <color=#1f871f>Pink Formal Shirt</color> to your character in-game.	5a550f91eb87474bbcf20d1052397104
1815	White Formal Shirt	Shirt	Common	1	1	Crisp button-up shirt with a pocket.  <color=#1f871f>Workshop Contributors: danaby2 Renaxon LVOmega</color>  When equipped this applies the cosmetic <color=#1f871f>White Formal Shirt</color> to your character in-game.	d675c94ad13b4b1880b161e0b830e9e2
1816	Yellow Formal Shirt	Shirt	Common	1	1	Crisp button-up shirt with a pocket.  <color=#1f871f>Workshop Contributors: danaby2 Renaxon LVOmega</color>  When equipped this applies the cosmetic <color=#1f871f>Yellow Formal Shirt</color> to your character in-game.	244fa549b8da485f93cf2e25c786bbda
1817	A6 Polaris Mystery Box	Box	Common	1	1	Holds a random item from the <color=#64c819>A6 Polaris Map Bundle</color>.  <i>Contains one of the following 16 items:</i> <color=#4b64fa>Biker Vest</color> <color=#4b64fa>Blindfold</color> <i><color=#767676>Glasses</color></i> <color=#4b64fa>Facemask</color> <color=#4b64fa>Fanny Pack</color> <i><color=#767676>Vest</color></i> <color=#4b64fa>Featherflower Cobra</color> <i><color=#767676>Skin</color></i> <color=#4b64fa>Fox Head</color> <i><color=#767676>Hat</color></i> <color=#4b64fa>Guitar Case</color> <i><color=#767676>Backpack</color></i> <color=#4b64fa>Knot</color> <i><color=#767676>Backpack</color></i> <color=#4b64fa>Mining Helmet</color> <i><color=#767676>Hat</color></i> <color=#4b64fa>Pixel Glasses</color> <color=#4b64fa>Scarf</color> <i><color=#767676>Vest</color></i> <color=#964bfa>Kitsune Hat</color> <color=#964bfa>Puffy Vest</color> <color=#c832fa>Frost Heartbreaker</color> <i><color=#767676>Skin</color></i> <color=#c832fa>Spark-coated Detonator</color> <i><color=#767676>Skin</color></i> <color=#c832fa>Spark-coated Welding Mask</color> <i><color=#767676>Hat</color></i> or, very rarely, a <color=#fa3219>Mythical Variant!</color>  <i>Potential Mythical effects:</i> Atomic, Blossoming, Burning, Confetti, Cosmic, Cryptic Runes, Crystal Shards, Decked Out, Electrostatic, Enchanted, Energized, Falling Icicles, Fire Dragon, Firefly, Freezing, Frosty, Glitched, Glowing, Ice Dragon, Lovely, Lucky Coins, Melting, Musical, Party, Pyrotechnic, Radioactive, Sacrificial, Sky Lantern, Snowflake, Soul Shattered, Spectral Gems or Wealthy  <i>Potential bonus items:</i> Crafting Materials, Green Soul Crystal Weapon Kit, Jaded Weapon Kit, Magenta Soul Crystal Weapon Kit, Player Kills Counter, Red Soul Crystal Weapon Kit, Total Kills Counter, Yellow Soul Crystal Weapon Kit or Zero Kelvin Weapon Kit  Does not require a key to open. When opened this will be consumed.	6522c4d1aa88439fa5c438f9b76bcfea
1818	Pixel Glasses	Glasses	Common	1	1	Swag.  <color=#64c819>Workshop Contributors: danaby2 Renaxon LVOmega</color>  When equipped this applies the cosmetic <color=#64c819>Pixel Glasses</color> to your character in-game.	055fd8b1fbbb472bb0e988b0db93445c
1819	Puffy Vest	Vest	Common	1	1	Perfect combination of warmth and drip.  <color=#64c819>Workshop Contributors: danaby2 Renaxon LVOmega</color>  When equipped this applies the cosmetic <color=#64c819>Puffy Vest</color> to your character in-game.	5f75ab6a77c04b339ccbd91325bcde84
1820	Scarf	Vest	Common	1	1	Warm neck protection.  <color=#64c819>Workshop Contributors: danaby2 Renaxon LVOmega</color>  When equipped this applies the cosmetic <color=#64c819>Scarf</color> to your character in-game.	8a3da46333354d5bacaf64c9e0344df4
1821	Spark-coated Welding Mask	Hat	Common	1	1	Too bad this thing doesn't work on flashbangs.  <color=#64c819>Mythical Effects: Luminescent</color>  <color=#64c819>Workshop Contributors: danaby2 Renaxon LVOmega</color>  When equipped this applies the cosmetic <color=#64c819>Spark-coated Welding Mask</color> to your character in-game.	87806ae690564f5282cb8e72f69ea369
1822	Black Overalls	Pants	Common	1	1	Designed to ensure you do not lose your pants.  <color=#1f871f>Workshop Contributors: danaby2 Renaxon LVOmega</color>  When equipped this applies the cosmetic <color=#1f871f>Black Overalls</color> to your character in-game.	4bee4f2923ad4ca3bb6b56f06a82725f
1823	Corduroy Overalls	Pants	Common	1	1	Designed to ensure you do not lose your pants.  <color=#1f871f>Workshop Contributors: danaby2 Renaxon LVOmega</color>  When equipped this applies the cosmetic <color=#1f871f>Corduroy Overalls</color> to your character in-game.	2a0278c6bf2c4aa0b223e54bb596a03f
1824	Farmer Overalls	Pants	Common	1	1	Designed to ensure you do not lose your pants.  <color=#1f871f>Workshop Contributors: danaby2 Renaxon LVOmega</color>  When equipped this applies the cosmetic <color=#1f871f>Farmer Overalls</color> to your character in-game.	2e85f677e6304141ae6cecd73dab96d7
1825	Scout Balaclava	Mask	Common	1	1	Equipped for reconnaissance in the barren landscape of Arid.  <color=#64c819>Mythical Effects: Uses Beard Color</color>  <color=#64c819>Workshop Contributors: Renaxon clue danaby2</color>  When equipped this applies the cosmetic <color=#64c819>Scout Balaclava</color> to your character in-game.	2b9fed7ff71840ffac25243acb493c5e
1826	Scout Binoculars	Vest	Common	1	1	Equipped for reconnaissance in the barren landscape of Arid.  <color=#64c819>Workshop Contributors: Renaxon clue danaby2</color>  When equipped this applies the cosmetic <color=#64c819>Scout Binoculars</color> to your character in-game.	232603fa3d2347f1a72a6ca162d5cb88
1827	Scout Medbag	Backpack	Common	1	1	Equipped for reconnaissance in the barren landscape of Arid.  <color=#64c819>Workshop Contributors: Renaxon clue danaby2</color>  When equipped this applies the cosmetic <color=#64c819>Scout Medbag</color> to your character in-game.	707ea95f4c504528aa39cba8ea12adcb
1828	Scout Pants	Pants	Common	1	1	Equipped for reconnaissance in the barren landscape of Arid.  <color=#64c819>Workshop Contributors: Renaxon clue danaby2</color>  When equipped this applies the cosmetic <color=#64c819>Scout Pants</color> to your character in-game.	fb0c29f5dd8945348f265f9e5d73aedc
1829	Scout Shirt	Shirt	Common	1	1	Equipped for reconnaissance in the barren landscape of Arid.  <color=#64c819>Workshop Contributors: Renaxon clue danaby2</color>  When equipped this applies the cosmetic <color=#64c819>Scout Shirt</color> to your character in-game.	ed47c2505e234ac6bdb427401adfe5e1
1830	Scout Turban	Hat	Common	1	1	Equipped for reconnaissance in the barren landscape of Arid.  <color=#64c819>Mythical Effects: Uses Hair Color</color>  <color=#64c819>Workshop Contributors: Renaxon clue danaby2</color>  When equipped this applies the cosmetic <color=#64c819>Scout Turban</color> to your character in-game.	f8b105bed45748199257a4200f99a7f8
1831	Goggly Hair	Hat	Common	1	1	Excited to meet the friendly citizens of Arid!  <color=#64c819>Mythical Effects: Uses Hair Color</color>  <color=#64c819>Workshop Contributors: Renaxon clue danaby2</color>  When equipped this applies the cosmetic <color=#64c819>Goggly Hair</color> to your character in-game.	37726b2d2f054d9dbfdd95132c7aed9b
1832	Oversized Spectacles	Glasses	Common	1	1	Excited to meet the friendly citizens of Arid!  <color=#64c819>Workshop Contributors: Renaxon clue danaby2</color>  When equipped this applies the cosmetic <color=#64c819>Oversized Spectacles</color> to your character in-game.	65e6480f9cd94477919549e7af0c1cdf
1833	Tourist Pack	Backpack	Common	1	1	Excited to meet the friendly citizens of Arid!  <color=#64c819>Workshop Contributors: Renaxon clue danaby2</color>  When equipped this applies the cosmetic <color=#64c819>Tourist Pack</color> to your character in-game.	79e9547ecf804657a0155e9a18a865ee
1834	Tourist Pocketed Belt	Vest	Common	1	1	Excited to meet the friendly citizens of Arid!  <color=#64c819>Workshop Contributors: Renaxon clue danaby2</color>  When equipped this applies the cosmetic <color=#64c819>Tourist Pocketed Belt</color> to your character in-game.	fbb2f6c592ed425fb64b51af14a01403
1835	Tourist Shorts	Pants	Common	1	1	Excited to meet the friendly citizens of Arid!  <color=#64c819>Workshop Contributors: Renaxon clue danaby2</color>  When equipped this applies the cosmetic <color=#64c819>Tourist Shorts</color> to your character in-game.	e0e01f1fa7474af78c93aebf6b5e1523
1836	Tourist Top	Shirt	Common	1	1	Excited to meet the friendly citizens of Arid!  <color=#64c819>Workshop Contributors: Renaxon clue danaby2</color>  When equipped this applies the cosmetic <color=#64c819>Tourist Top</color> to your character in-game.	561c726855da4225abc11c68119f19c0
1838	Bounce Grenade	Throwable	Epic	1	1	Throwable jumping explosive.	6d5e67b8477c4b16b2b4ad4333e57725
1839	Impact-Absorbing Boots	Pants	Rare	2	2	Cushions against long falls by absorbing impact into the springs.	3405172ac4b94d819d7e4e4e4695a2ac
1840	Midnight Black Vehicle Spraypaint	Vehicle_Paint_Tool	Uncommon	1	2	Refreshes most vehicles with a beautiful new coat of paint.	9b6ec9ec85204244bd8ae0712f82a7ca
1841	Brilliant White Vehicle Spraypaint	Vehicle_Paint_Tool	Uncommon	1	2	Refreshes most vehicles with a beautiful new coat of paint.	5818eb8e9fce434aaa5c2a4f38e5d68d
1842	Turquoise Vehicle Spraypaint	Vehicle_Paint_Tool	Uncommon	1	2	Refreshes most vehicles with a beautiful new coat of paint.	5c832f2a148448bc86cd0f69c442b448
1843	Azure Vehicle Spraypaint	Vehicle_Paint_Tool	Uncommon	1	2	Refreshes most vehicles with a beautiful new coat of paint.	085ba69c58664f328f1659983b89bdaf
1844	Magenta Vehicle Spraypaint	Vehicle_Paint_Tool	Uncommon	1	2	Refreshes most vehicles with a beautiful new coat of paint.	13d5a8623f0243e7a59a295752ee451e
1845	Hotrod Red Vehicle Spraypaint	Vehicle_Paint_Tool	Uncommon	1	2	Refreshes most vehicles with a beautiful new coat of paint.	fd4234ad26ba4db89467438d96d977ce
1846	Cyan Vehicle Spraypaint	Vehicle_Paint_Tool	Uncommon	1	2	Refreshes most vehicles with a beautiful new coat of paint.	94dc33c17a294f41b6fee12d06dd628c
1847	Lime Green Vehicle Spraypaint	Vehicle_Paint_Tool	Uncommon	1	2	Refreshes most vehicles with a beautiful new coat of paint.	1446e7311dfb48a685577b52c1f0a811
1848	Electric Yellow Vehicle Spraypaint	Vehicle_Paint_Tool	Uncommon	1	2	Refreshes most vehicles with a beautiful new coat of paint.	82a1542dd4ed42bbbc4742d65dec016b
1849	Medium Purple Vehicle Spraypaint	Vehicle_Paint_Tool	Uncommon	1	2	Refreshes most vehicles with a beautiful new coat of paint.	311baba55f2a4819ae5d1ef19bc5281b
1850	Dark Gray Vehicle Spraypaint	Vehicle_Paint_Tool	Uncommon	1	2	Refreshes most vehicles with a beautiful new coat of paint.	bf37e3c3fc574d87afb98b79373f468b
1851	Medium Gray Vehicle Spraypaint	Vehicle_Paint_Tool	Uncommon	1	2	Refreshes most vehicles with a beautiful new coat of paint.	99e6c0108a934982853bcb63503c1693
1852	Light Gray Vehicle Spraypaint	Vehicle_Paint_Tool	Uncommon	1	2	Refreshes most vehicles with a beautiful new coat of paint.	d757506fede942dba4fdc64ef2d1e530
1853	Dark Green Vehicle Spraypaint	Vehicle_Paint_Tool	Uncommon	1	2	Refreshes most vehicles with a beautiful new coat of paint.	4e6793e7436240c89cc96e60b5e369f4
1854	Crimson Vehicle Spraypaint	Vehicle_Paint_Tool	Uncommon	1	2	Refreshes most vehicles with a beautiful new coat of paint.	333d08314d8a4b239dbb6829883d7c86
1855	Navy Vehicle Spraypaint	Vehicle_Paint_Tool	Uncommon	1	2	Refreshes most vehicles with a beautiful new coat of paint.	6ac0018afea44eaeb9586791feef3229
1856	Classic Black Vehicle Spraypaint	Vehicle_Paint_Tool	Uncommon	1	2	Refreshes most vehicles with a beautiful new coat of paint.	ecc8570a56df4254b0a6905592eae236
1857	Classic Blue Vehicle Spraypaint	Vehicle_Paint_Tool	Uncommon	1	2	Refreshes most vehicles with a beautiful new coat of paint.	74e00a7d5995424a88c145bbb570c380
1858	Classic Green Vehicle Spraypaint	Vehicle_Paint_Tool	Uncommon	1	2	Refreshes most vehicles with a beautiful new coat of paint.	3dd69ee5eb64419d9f6e116be2ec9354
1859	Classic Orange Vehicle Spraypaint	Vehicle_Paint_Tool	Uncommon	1	2	Refreshes most vehicles with a beautiful new coat of paint.	8c41d07dea564c6a81ee1c57182fe370
1860	Classic Purple Vehicle Spraypaint	Vehicle_Paint_Tool	Uncommon	1	2	Refreshes most vehicles with a beautiful new coat of paint.	470c9f60ce014de1b0e03b7966b94f17
1861	Classic Red Vehicle Spraypaint	Vehicle_Paint_Tool	Uncommon	1	2	Refreshes most vehicles with a beautiful new coat of paint.	9cc4056334254feb9f982229ae1cba71
1862	Classic White Vehicle Spraypaint	Vehicle_Paint_Tool	Uncommon	1	2	Refreshes most vehicles with a beautiful new coat of paint.	01c5bab4a83446abb8ad8208a0e50958
1863	Classic Yellow Vehicle Spraypaint	Vehicle_Paint_Tool	Uncommon	1	2	Refreshes most vehicles with a beautiful new coat of paint.	d31787d811344bcfaf85dbba6b0c89b2
1864	Dark Brown Vehicle Spraypaint	Vehicle_Paint_Tool	Uncommon	1	2	Refreshes most vehicles with a beautiful new coat of paint.	7f4fc5dd7025440c953307a04e1daeff
1865	Medium Brown Vehicle Spraypaint	Vehicle_Paint_Tool	Uncommon	1	2	Refreshes most vehicles with a beautiful new coat of paint.	1431dfdc156644ecaf5160cf752a20d4
1866	Lavender Vehicle Spraypaint	Vehicle_Paint_Tool	Uncommon	1	2	Refreshes most vehicles with a beautiful new coat of paint.	ecd2d679f8ad4e1d8ed7845e06081816
1867	Pike	Melee	Legendary	4	1	Medieval thrusting spear, not to be confused with the fish commonly known as pike or pickerel.	5f85885dbd404b08983c3ec11ad98416
1868	Jaded Weapon Kit	Key	Common	1	1	It's a little known fact that bedazzling a weapon can embue its attacks with an ancient force, solidifying defeated enemies into statues of solid jade. Can be attached to any weapon skin.  When used this will be consumed.	18a92b9dc0174456b9d80042fcbcb2a3
1869	Green Soul Crystal Weapon Kit	Key	Common	1	1	Five soul crystals are hard to come by, let alone five of the same type. When attached to a weapon, however, they embue attacks with the power to solidfy defeated enemies into statues of solid crystal. Can be attached to any weapon skin.  When used this will be consumed.	97c1ae9dc3054a9391b0f50da60c9c60
1870	Magenta Soul Crystal Weapon Kit	Key	Common	1	1	Five soul crystals are hard to come by, let alone five of the same type. When attached to a weapon, however, they embue attacks with the power to solidfy defeated enemies into statues of solid crystal. Can be attached to any weapon skin.  When used this will be consumed.	21add5124887492c8e2dabddaff2e6e7
1871	Red Soul Crystal Weapon Kit	Key	Common	1	1	Five soul crystals are hard to come by, let alone five of the same type. When attached to a weapon, however, they embue attacks with the power to solidfy defeated enemies into statues of solid crystal. Can be attached to any weapon skin.  When used this will be consumed.	e323a7b2a7364a7b9473d125149957f2
1872	Yellow Soul Crystal Weapon Kit	Key	Common	1	1	Five soul crystals are hard to come by, let alone five of the same type. When attached to a weapon, however, they embue attacks with the power to solidfy defeated enemies into statues of solid crystal. Can be attached to any weapon skin.  When used this will be consumed.	f1acfa23779b4ac5aa89b74344d33879
1873	Coalition Military Vehicle Spraypaint	Vehicle_Paint_Tool	Rare	1	2	Refreshes most vehicles with a beautiful new coat of paint.	eae61af155e1460481ed4dd575dfcd9d
1874	Desert Military Vehicle Spraypaint	Vehicle_Paint_Tool	Rare	1	2	Refreshes most vehicles with a beautiful new coat of paint.	cddcbeabbf8747b7be723df428e1f0a6
1875	Forest Military Spraypaint	Vehicle_Paint_Tool	Rare	1	2	Refreshes most vehicles with a beautiful new coat of paint.	95d2e8dfeb444e0cbc09a50d8aeb4113
1876	Olive Green Military Vehicle Spraypaint	Vehicle_Paint_Tool	Rare	1	2	Refreshes most vehicles with a beautiful new coat of paint.	e322656746a045a98eb6e5a6650a104e
1877	Scorpion-7 Vehicle Spraypaint	Vehicle_Paint_Tool	Rare	1	2	Refreshes most vehicles with a beautiful new coat of paint.	6d8472d1b94e48eeba8149483e7936f1
1900	Stacked Maple Logs	Barricade	Uncommon	3	2	Twelve stacked maple logs.	1f943f37293a41b1ada84cb18c4bd706
1901	Stacked Birch Logs	Barricade	Common	3	2	Twelve stacked birch logs.	5004bbe3d0864ddd9b81d3406d241d2d
1902	Stacked Pine Logs	Barricade	Rare	3	2	Twelve stacked pine logs.	1d9fa8ad36504d9ab63ad574c6675cf3
1903	Stacked Maple Planks	Barricade	Uncommon	3	2	Twelve stacked maple planks.	9fe1fa3532434c93828a93b61aa91408
1904	Stacked Birch Planks	Barricade	Common	3	2	Twelve stacked birch planks.	457d0b0ae1994205a77d411d4e3278be
1905	Stacked Pine Planks	Barricade	Rare	3	2	Twelve stacked pine planks.	5526007aaea14e94afdfaef53617c367
1906	Stacked Maple Sticks	Barricade	Uncommon	2	2	Twelve maple sticks bundled together.	095b058bbc98469d8ed40b9d2fc46b33
1907	Stacked Birch Sticks	Barricade	Common	2	2	Twelve birch sticks bundled together.	32aab23a3c7e42bda6f1d04af15771a0
1908	Stacked Pine Sticks	Barricade	Rare	2	2	Twelve pine sticks bundled together.	ed7a29e3d00c4f00836282c28de47ae5
1909	Stacked Metal Scraps	Barricade	Common	2	2	Ten stacked metal scraps.	43025c40631542f7a344fcb72c62399f
1910	Stacked Metal Sheets	Barricade	Uncommon	3	2	Five stacked metal sheets.	eb3dcd948171403e9d9c55f7e2d30a03
1911	Stacked Metal Bars	Barricade	Rare	2	2	Ten metal bars bundled together.	6973137d5482426a9af310e548b47136
1912	Stacked Wires	Barricade	Common	2	2	Ten stacked wires.	556534a5d51e490f9aab818a9d93b48c
1913	Stacked Cloths	Barricade	Common	2	2	Ten stacked cloths.	cc9c7157787f4b1fb1353a0208df78f4
1914	Stacked Ropes	Barricade	Common	2	2	Ten stacked ropes.	21ae6d16ff994ac2a14adab3c155f93d
1915	Stacked Bricks	Barricade	Common	2	2	Ten stacked bricks.	a621d1ed11fc414bbb94c6b4469349a7
1916	Simple Workbench	Storage	Uncommon	2	2	General-purpose workstation for crafting and repairing most items.	764006fcd5e144bfa1280c2a3a9ac72a
1917	Dye Vat	Barricade	Rare	2	2	Perfect for dyeing things.	d62080979dc245d6b1113255447d0d7f
1918	Desk Lamp	Barricade	Rare	1	2	Small electric lamp for your desk or workbench.	f4e0733ec78f4229b42402acda1c4cbe
1919	Brick Oven	Barricade	Rare	2	2	Enclosed heat source for baking food.	abb0b130e3c3490bbd7f758194bf2410
1920	Chemistry Lab	Storage	Epic	2	2	Specialized workstation for creating medicine and volatile conconctions.	9d2b6fb889234eaca491603ae3fef3fa
1921	Food Prep Station	Storage	Rare	2	2	Simple table for preparing food.	8f8e8f21d93a430fae61bf5d8a3a8545
1922	Spinning Wheel	Barricade	Rare	2	2	Clothing can be woven or repaired with this. Functionally identical to a <color=rare>Sewing Table</color>, just with a different look!	5af4fb6437734db3a667f38343abdf87
1923	Loom	Barricade	Rare	2	2	Clothing can be woven or repaired with this. Functionally identical to a <color=rare>Sewing Table</color>, just with a different look!	1ca70a3310944ba681e2056adddfcca5
1924	Sewing Table	Storage	Rare	2	2	Clothing can be woven or repaired with this.	cd32f764c1524311a780aee00717099d
1926	Clay	Supply	Common	1	1	Soft clay suitable for bricks and pottery.	ebf1b6d9f81f46b588297c2ef9b03c67
1927	Pottery Kiln	Barricade	Rare	2	2	Fire clay into bricks and pottery.	dc9e3cab480e483484dd801299952bb1
1928	Ceramic Plate	Storage	Common	1	1	Ceramic plate for displaying food.	de4c1d984045427a9a88dbacddf25787
1929	Baked Potato	Food	Rare	1	1	Cheese-loaded goodness.	5071c2a9ad0747e7bbdaf00d3f991da9
1930	Ceramic Bowl	Supply	Common	2	1	Currently lacks any soup or stew.	7bc206a6790b4494a44957867871146e
1931	Vegetable Stew	Food	Epic	2	2	Simple stew of veggies with a rustic flavor. Reminds you of home.	285f203c102e4a0d974fc49f1ea594f7
1932	Brown Cap Mushroom	Food	Common	1	1	Mushroom!	04f7ef338b154440b80bb566913fb4cc
1933	Brown Cap Mushroom Seed	Farm	Common	1	1	Ready for planting and eating.	8a8b457be97841fa82315e81b575e634
1934	Red Spotted Mushroom	Food	Common	1	1	Mushroom?	1a0dadc7e4274ca3891fa8681fcb7b39
1935	Red Spotted Mushroom Seed	Farm	Common	1	1	Ready for planting and eating.	6ed4fcb1d3f04b19b9a81c904100673c
1936	Roasted Brown Cap Mushroom	Food	Common	1	1	Roasted to perfection... hopefully.	a974348e439e45de91fa44b5b6da20b8
1937	Roasted Red Spotted Mushroom	Food	Common	1	1	Roasted to perfection... hopefully.	0b8f4a5efb974c8a82f8927534071d49
1938	Mushroom Stew	Food	Epic	2	2	Simple stew of mushrooms with a creamy, earthy flavor. Reminds you of nature.	0dd3e00515e143f9acc10006a919bbd8
1939	Mushroom Pizza	Food	Epic	2	2	Topped with cheese, tomato sauce, and mushrooms.	e0bc8bb1aed54db4964e48ca6cb3be68
1940	Taro	Food	Common	1	1	Purple vegetable.	2204f86aa81a4f58b5ecf896704dffd8
1941	Taro Seed	Farm	Common	1	1	Ready for planting and eating.	d981b3ab4958448cb03256d59e7e7756
1942	Steamed Taro	Food	Common	2	2	Taro that has been heated to gelatinize the starch.	3a79165167674d0f8d7d850b5363c9fd
1943	Poi	Food	Epic	2	2	A traditional Hawaiian food made by mashing steamed taro.	45d6ea26d86b4b17bbce848e2e9a3264
1944	Rice	Food	Common	1	2	Golden-white grass.	97c3c11c1e3f4e909c7101f8b31e914d
1945	Rice Seed	Farm	Common	1	1	Ready for planting and eating.	a82e9e730c0746a7a55c4261275e1760
1946	Cooked Rice	Food	Common	2	2	Rice cooked with plenty of water until soft.	2f1cdef00efc4208b1f4f95ca09724ca
1947	Taro Rice Cake	Food	Epic	1	1	A soft and chewy rice cake made from taro and rice.	03e87f8cf1c44ff7831c072e9d788f49
1948	Sugarcane	Food	Common	1	2	Yellow-green grass.	618cd3e83e21419097a8be01f934ea80
1949	Sugarcane Seed	Farm	Common	1	1	Ready for planting and eating.	c82665de3c7b489dbb1d470b9f24cb59
1950	Sugar	Supply	Common	1	1	Culinary ingredient with an enchanting sweetness.	39f46646aa6f4baf91a8e6004acb9291
1951	Taro Mooncake	Food	Legendary	1	1	Tastes faintly of the moon, but mostly taro.	407a8a6efb984334a0fff1fca8a3a232
1952	Raw Shrimp	Food	Common	1	1	Rather tiny and shrimpy.	a99f5713bb9f44f2b513b918e50b7f94
1953	Cooked Shrimp	Food	Common	1	1	Rather tiny and shrimpy.	e33481d4439344e7ba8a110a4bbb98ea
1954	Raw Goatfish	Food	Common	2	1	Rather smelly and fishy.	55a38a85f2d4407480c3335a2cbd07fc
1955	Cooked Goatfish	Food	Common	2	1	Rather smelly and fishy.	a577f9bbf3c1487aa5d4fb6d3a51640c
1956	Raw Dolphinfish	Food	Rare	3	1	Rather smelly and fishy.	3f439b755a1b4249bae6c1967fcebccf
1957	Cooked Dolphinfish	Food	Rare	3	1	Rather smelly and fishy.	f3f998b089bb4069bed38542abf44ead
1958	Seaweed	Food	Common	1	1	It's always greener in somebody else's lake...	dd657a9ca0944deb9764b093d98f40fd
1959	Raw Northern Pike	Food	Rare	3	1	Rather smelly and fishy, unlike a medieval pike.	19bcff41cf5b4e6ab3149884f0f9fe3b
1960	Cooked Northern Pike	Food	Rare	3	1	Rather smelly and fishy, unlike a medieval pike.	e7436e608f1b472b8f01fc6d0c330108
1961	Raw Tuna	Food	Epic	4	2	Rather smelly and fishy.	bbdbc161bb2048c2a08de45dd0c3b58c
1962	Cooked Tuna	Food	Epic	3	2	Rather smelly and fishy.	50550f1be76548709a52769cc087cee4
1963	Raw Giant Trevally	Food	Epic	3	2	Rather smelly and fishy.	4918281260ad40008732f26199eae291
1964	Cooked Giant Trevally	Food	Epic	3	2	Rather smelly and fishy.	11cb923a867e4c8b8033bc2e06dda44b
1965	Raw Lobster	Food	Rare	3	2	Rather shelly and snappy.	255ac00ff41d43439522e243e5f0a0ed
1966	Cooked Lobster	Food	Rare	2	2	Less snappy than before.	15ac0c779c3f4538a0789cf8ba50c75e
1967	Shrimp Sandwich	Food	Rare	1	1	Tasty shrimp in a blanket of bread.	686f53c08eb44d0d94d283d52b8de8ff
1968	Goatfish Sandwich	Food	Rare	1	1	Tasty goatfish in a blanket of bread.	03082e64e66943fb9753266e8dffb9a0
1969	Dolphinfish Sandwich	Food	Rare	1	1	Tasty dolphinfish in a blanket of bread.	fdd6027aef2246148d3176826320dff1
1970	Northern Pike Sandwich	Food	Rare	1	1	Tasty northern pike in a blanket of bread.	eb122677bf1143c2945e46af485e86aa
1972	Giant Trevally Sandwich	Food	Rare	1	1	Tasty giant trevally in a blanket of bread.	344a9af3599845e18be82c232c6997bc
1973	Lobster Sandwich	Food	Rare	1	1	Tasty lobster in a blanket of bread.	68fe989c92394004b79e2215f534cc26
1974	Poke Bowl	Food	Epic	2	2	Poh-kay. Two syllables. Zero sharp objects.	1710d40f64a24329986b446ed6877fa2
1975	Salmon Meunière	Food	Epic	2	2	Hearty and fragrant!	0cff4736d61f4496aad16e6f8932c524
1976	Stargazy Pie	Food	Epic	2	2	Even fish can chase the stars.	4b7a1c90124944bbac39ebf8aaa85e9b
1977	Lobster Roll	Food	Rare	2	1	Lobster and mayonnaise in a blanket of bread. Would it be considered a hotdog?	d042fd27a3cd4ca2b12c076458c0e46c
1978	Seaweed Soup	Food	Epic	2	2	Simple soup of seaweed with a briny aroma. Reminds you of an ocean breeze.	48ddce6dd54e410191bea7067ac8d8e4
1979	Brick Floor	Structure	Epic	2	2	Zombies can huff and puff, but they aren't getting in.	7b649e3d903f4a308fd04e34e1faa96a
1980	Triangular Brick Floor	Structure	Epic	2	2	Zombies can huff and puff, but they aren't getting in.	1a31d936993b40e8b735be9365f7cd22
1981	Brick Hole	Structure	Epic	2	2	Zombies can huff and puff, but they aren't getting in.	e1da984914524ab3a65faca829b2e7ca
1982	Triangular Brick Hole	Structure	Epic	2	2	Zombies can huff and puff, but they aren't getting in.	e46b2a47e627447a9f36bd6d45af0dd1
1983	Brick Ramp	Structure	Epic	2	2	Zombies can huff and puff, but they aren't getting in.	1cf059e1319449bab2726675c72f691d
1984	Brick Roof	Structure	Epic	2	2	Zombies can huff and puff, but they aren't getting in.	e74dbdda6c4a4d0a8162e5c490caf32c
1985	Triangular Brick Roof	Structure	Epic	2	2	Zombies can huff and puff, but they aren't getting in.	390400329df343a6941c975f70d494b0
1986	Brick Stairs	Structure	Epic	2	2	Zombies can huff and puff, but they aren't getting in.	6b8ce25e25e14298b95b33e784ccd861
1987	Triangular Birch Hole	Structure	Common	2	2	Birch triangular hole. Beware of termites.	11be88d6cd3649be8d544c4c7484653b
1988	Triangular Maple Hole	Structure	Uncommon	2	2	Maple triangular hole. Beware of termites.	2ff8c22879e04428a138f0d26ebfc336
1989	Triangular Pine Hole	Structure	Rare	2	2	Pine triangular hole. Beware of termites.	568dd36b8af24ae8ac02a391b74e7bf4
1990	Triangular Metal Hole	Structure	Epic	2	2	Metal triangular hole. Beware of robotic termites.	3ceb961bb77d49539f36f2be05682055
1991	Dressing Blueprint	Supply	Common	2	1	Guide to producing <color=rare>Dressings</color> without the need for Chemical Mixing Capabilities.	8d840f701cc645789d4dc0765b461a2a
1992	Pike Blueprint	Supply	Common	2	1	Guide to assembling a medieval <color=legendary>Pike</color>, ideal for poking things from a distance.	4d72899b4e9645cbb887e6d49a668ae2
1993	Sewing Workstations Blueprint	Supply	Common	2	1	Guide with alternative designs for the <color=rare>Sewing Table</color>. Functionally identical, just with a different look!	1e884b3e38d04dbf8d5a65bd85c61130
1994	Rain Jacket	Shirt	Uncommon	3	2	Rainy weather coat.	30ee68c9398541da897ad8055c1cba7c
1995	Rain Pants	Pants	Uncommon	2	2	Baggy rain pants and matching yellow wellies. Useful when dancing in a rainstorm!	bdb2c27b56f040d29a292f9463bff41e
1996	Rain Hat	Hat	Uncommon	2	2	This sou'wester is perfect for singing in the rain.	c88cc2394c46482dadbb7d1a36a0e50c
5000	12 Gauge Slug	Magazine	Rare	1	1	A single solid slug in place of buckshot. Chambered in 12 Gauge.	15e13a5e73944aac91082d1e70f82c96
5001	20 Gauge Slug	Magazine	Uncommon	1	1	A single solid slug in place of buckshot. Chambered in 20 Gauge.	8d06796e3c064f32973733fccb112d9d
5002	12 Gauge Beanbag	Magazine	Rare	1	1	A less-lethal beanbag round chambered in 12 Gauge.	e7fbf7676018439aa0723f9a30be0401
5003	20 Gauge Beanbag	Magazine	Uncommon	1	1	A less-lethal beanbag round chambered in 20 Gauge.	7913739685f4407a87ecbd3d8fc9568a
5004	5.56mm FMJ	Supply	Common	1	1	A loose 5.56x45mm full-metal-jacket round. Ejected when you rack the chamber.	959d361bcb4840328ffae0d47e2da9b7
5005	.300 Blackout	Supply	Uncommon	1	1	A loose .300 AAC Blackout subsonic round. Feeds STANAG-pattern magazines.	c1d2e3f405a6b7c8d9e0f1a2b3c40300
5006	7.62mm NATO	Supply	Uncommon	1	1	A loose 7.62x51mm NATO rifle round.	b7a6c5d4e3f201a0b9c8d7e6f5040762
