# Metres; forward +Y; gun-up -Z; shooter-right -X. No preview transform.
# Vertex positions are raw gun-local or sight-mount-local as documented.
mtllib sks.mtl
s off
usemtl sks_palette
v 0.048966 -0.246000 -0.114804
v 0.020282 0.025000 -0.083415
v 0.020282 -0.246000 -0.083415
v 0.020282 -0.246000 -0.083415
v -0.020282 0.025000 -0.083415
v -0.020282 -0.246000 -0.083415
v -0.020282 -0.246000 -0.083415
v -0.048966 0.025000 -0.114804
v -0.048966 -0.246000 -0.114804
v -0.048966 -0.246000 -0.114804
v -0.048966 0.025000 -0.159196
v -0.048966 -0.246000 -0.159196
v -0.048966 -0.246000 -0.159196
v -0.020282 0.025000 -0.190585
v -0.020282 -0.246000 -0.190585
v -0.020282 -0.246000 -0.190585
v 0.020282 0.025000 -0.190585
v 0.020282 -0.246000 -0.190585
v 0.020282 -0.246000 -0.190585
v 0.048966 0.025000 -0.159196
v 0.048966 -0.246000 -0.159196
v 0.048966 -0.246000 -0.159196
v 0.048966 0.025000 -0.114804
v 0.048966 -0.246000 -0.114804
v -0.020282 -0.246000 -0.083415
v -0.048966 -0.246000 -0.159196
v 0.020282 -0.246000 -0.190585
v -0.020282 0.025000 -0.190585
v -0.048966 0.025000 -0.114804
v 0.020282 0.025000 -0.083415
v 0.048966 0.025000 -0.114804
v 0.020282 0.025000 -0.083415
v -0.020282 0.025000 -0.083415
v -0.048966 0.025000 -0.114804
v -0.048966 0.025000 -0.159196
v -0.020282 0.025000 -0.190585
v 0.020282 0.025000 -0.190585
v 0.048966 0.025000 -0.159196
v 0.048966 -0.246000 -0.159196
v 0.048966 -0.246000 -0.114804
v 0.020282 -0.246000 -0.083415
v -0.048966 -0.246000 -0.114804
v -0.020282 -0.246000 -0.190585
v 0.048966 0.025000 -0.114804
v 0.048966 0.025000 -0.159196
v 0.020282 0.025000 -0.190585
v -0.048966 0.025000 -0.159196
v -0.020282 0.025000 -0.083415
v -0.045108 -0.076000 -0.157447
v -0.019065 0.190000 -0.187370
v -0.018684 -0.076000 -0.186362
v -0.018684 -0.076000 -0.186362
v 0.019065 0.190000 -0.187370
v 0.018684 -0.076000 -0.186362
v 0.018684 -0.076000 -0.186362
v 0.046028 0.190000 -0.157864
v 0.045108 -0.076000 -0.157447
v 0.045108 -0.076000 -0.157447
v 0.046028 0.190000 -0.116136
v 0.045108 -0.076000 -0.116553
v 0.045108 -0.076000 -0.116553
v 0.019065 0.190000 -0.086630
v 0.018684 -0.076000 -0.087638
v 0.018684 -0.076000 -0.087638
v -0.019065 0.190000 -0.086630
v -0.018684 -0.076000 -0.087638
v -0.018684 -0.076000 -0.087638
v -0.046028 0.190000 -0.116136
v -0.045108 -0.076000 -0.116553
v -0.045108 -0.076000 -0.116553
v -0.046028 0.190000 -0.157864
v -0.045108 -0.076000 -0.157447
v 0.019065 0.190000 -0.086630
v 0.046028 0.190000 -0.157864
v -0.019065 0.190000 -0.187370
v -0.045108 -0.076000 -0.157447
v -0.046028 0.190000 -0.157864
v -0.019065 0.190000 -0.187370
v -0.018684 -0.076000 -0.186362
v -0.019065 0.190000 -0.187370
v 0.019065 0.190000 -0.187370
v 0.018684 -0.076000 -0.186362
v 0.019065 0.190000 -0.187370
v 0.046028 0.190000 -0.157864
v 0.045108 -0.076000 -0.157447
v 0.046028 0.190000 -0.157864
v 0.046028 0.190000 -0.116136
v 0.045108 -0.076000 -0.116553
v 0.046028 0.190000 -0.116136
v 0.019065 0.190000 -0.086630
v 0.018684 -0.076000 -0.087638
v 0.019065 0.190000 -0.086630
v -0.019065 0.190000 -0.086630
v -0.018684 -0.076000 -0.087638
v -0.019065 0.190000 -0.086630
v -0.046028 0.190000 -0.116136
v -0.045108 -0.076000 -0.116553
v -0.046028 0.190000 -0.116136
v -0.046028 0.190000 -0.157864
v -0.046028 0.190000 -0.157864
v -0.046028 0.190000 -0.116136
v -0.019065 0.190000 -0.086630
v 0.046028 0.190000 -0.116136
v 0.019065 0.190000 -0.187370
v 0.027716 0.075000 -0.102774
v 0.016908 1.100000 -0.093292
v 0.020290 0.075000 -0.089910
v 0.020290 0.075000 -0.089910
v 0.006189 1.100000 -0.087103
v 0.007426 0.075000 -0.082484
v 0.007426 0.075000 -0.082484
v -0.006189 1.100000 -0.087103
v -0.007426 0.075000 -0.082484
v -0.007426 0.075000 -0.082484
v -0.016908 1.100000 -0.093292
v -0.020290 0.075000 -0.089910
v -0.020290 0.075000 -0.089910
v -0.023097 1.100000 -0.104011
v -0.027716 0.075000 -0.102774
v -0.027716 0.075000 -0.102774
v -0.023097 1.100000 -0.116389
v -0.027716 0.075000 -0.117626
v -0.027716 0.075000 -0.117626
v -0.016908 1.100000 -0.127108
v -0.020290 0.075000 -0.130490
v -0.020290 0.075000 -0.130490
v -0.006189 1.100000 -0.133297
v -0.007426 0.075000 -0.137916
v -0.007426 0.075000 -0.137916
v 0.006189 1.100000 -0.133297
v 0.007426 0.075000 -0.137916
v 0.007426 0.075000 -0.137916
v 0.016908 1.100000 -0.127108
v 0.020290 0.075000 -0.130490
v 0.020290 0.075000 -0.130490
v 0.023097 1.100000 -0.116389
v 0.027716 0.075000 -0.117626
v 0.027716 0.075000 -0.117626
v 0.023097 1.100000 -0.104011
v 0.027716 0.075000 -0.102774
v 0.006189 1.100000 -0.133297
v -0.023097 1.100000 -0.104011
v 0.016908 1.100000 -0.093292
v 0.027716 0.075000 -0.102774
v 0.023097 1.100000 -0.104011
v 0.016908 1.100000 -0.093292
v 0.020290 0.075000 -0.089910
v 0.016908 1.100000 -0.093292
v 0.006189 1.100000 -0.087103
v 0.006189 1.100000 -0.087103
v -0.007426 0.075000 -0.082484
v -0.006189 1.100000 -0.087103
v -0.016908 1.100000 -0.093292
v -0.020290 0.075000 -0.089910
v -0.016908 1.100000 -0.093292
v -0.023097 1.100000 -0.104011
v -0.023097 1.100000 -0.104011
v -0.027716 0.075000 -0.117626
v -0.023097 1.100000 -0.116389
v -0.016908 1.100000 -0.127108
v -0.020290 0.075000 -0.130490
v -0.016908 1.100000 -0.127108
v -0.006189 1.100000 -0.133297
v -0.006189 1.100000 -0.133297
v 0.007426 0.075000 -0.137916
v 0.006189 1.100000 -0.133297
v 0.016908 1.100000 -0.127108
v 0.020290 0.075000 -0.130490
v 0.016908 1.100000 -0.127108
v 0.023097 1.100000 -0.116389
v 0.023097 1.100000 -0.116389
v 0.023097 1.100000 -0.104011
v 0.023097 1.100000 -0.116389
v 0.016908 1.100000 -0.127108
v -0.006189 1.100000 -0.133297
v -0.016908 1.100000 -0.127108
v -0.023097 1.100000 -0.116389
v -0.016908 1.100000 -0.093292
v -0.006189 1.100000 -0.087103
v 0.006189 1.100000 -0.087103
v -0.024000 0.198000 -0.171500
v -0.024000 0.301000 -0.186000
v -0.024000 0.198000 -0.186000
v 0.024000 0.198000 -0.186000
v 0.024000 0.301000 -0.171500
v 0.024000 0.198000 -0.171500
v -0.024000 0.198000 -0.186000
v 0.024000 0.301000 -0.186000
v 0.024000 0.198000 -0.186000
v -0.024000 0.301000 -0.186000
v 0.024000 0.301000 -0.171500
v 0.024000 0.301000 -0.186000
v -0.024000 0.301000 -0.171500
v 0.024000 0.198000 -0.171500
v 0.024000 0.301000 -0.171500
v -0.024000 0.198000 -0.171500
v 0.024000 0.198000 -0.186000
v 0.024000 0.198000 -0.171500
v -0.024000 0.301000 -0.171500
v 0.024000 0.301000 -0.186000
v -0.024000 0.301000 -0.186000
v -0.024000 0.301000 -0.171500
v -0.024000 0.198000 -0.171500
v -0.024000 0.198000 -0.186000
v -0.098000 0.154949 -0.159557
v -0.091000 0.159701 -0.169000
v -0.091000 0.152207 -0.160800
v -0.098000 0.160837 -0.166000
v -0.091000 0.170299 -0.169000
v -0.091000 0.159701 -0.169000
v -0.098000 0.169163 -0.166000
v -0.091000 0.177793 -0.160800
v -0.091000 0.170299 -0.169000
v -0.098000 0.175051 -0.159557
v -0.091000 0.177793 -0.149200
v -0.091000 0.177793 -0.160800
v -0.098000 0.175051 -0.150443
v -0.091000 0.170299 -0.141000
v -0.091000 0.177793 -0.149200
v -0.098000 0.169163 -0.144000
v -0.091000 0.159701 -0.141000
v -0.091000 0.170299 -0.141000
v -0.098000 0.160837 -0.144000
v -0.091000 0.152207 -0.149200
v -0.091000 0.159701 -0.141000
v -0.098000 0.154949 -0.150443
v -0.091000 0.152207 -0.160800
v -0.091000 0.152207 -0.149200
v -0.091000 0.152207 -0.160800
v -0.078000 0.161972 -0.163000
v -0.078000 0.157690 -0.158314
v -0.091000 0.159701 -0.169000
v -0.078000 0.168028 -0.163000
v -0.078000 0.161972 -0.163000
v -0.091000 0.170299 -0.169000
v -0.078000 0.172310 -0.158314
v -0.078000 0.168028 -0.163000
v -0.091000 0.177793 -0.160800
v -0.078000 0.172310 -0.151686
v -0.078000 0.172310 -0.158314
v -0.091000 0.177793 -0.149200
v -0.078000 0.168028 -0.147000
v -0.078000 0.172310 -0.151686
v -0.091000 0.170299 -0.141000
v -0.078000 0.161972 -0.147000
v -0.078000 0.168028 -0.147000
v -0.091000 0.159701 -0.141000
v -0.078000 0.157690 -0.151686
v -0.078000 0.161972 -0.147000
v -0.091000 0.152207 -0.149200
v -0.078000 0.157690 -0.158314
v -0.078000 0.157690 -0.151686
v -0.078000 0.157690 -0.158314
v -0.033000 0.161972 -0.163000
v -0.033000 0.157690 -0.158314
v -0.078000 0.161972 -0.163000
v -0.033000 0.168028 -0.163000
v -0.033000 0.161972 -0.163000
v -0.078000 0.168028 -0.163000
v -0.033000 0.172310 -0.158314
v -0.033000 0.168028 -0.163000
v -0.078000 0.172310 -0.158314
v -0.033000 0.172310 -0.151686
v -0.033000 0.172310 -0.158314
v -0.078000 0.172310 -0.151686
v -0.033000 0.168028 -0.147000
v -0.033000 0.172310 -0.151686
v -0.078000 0.168028 -0.147000
v -0.033000 0.161972 -0.147000
v -0.033000 0.168028 -0.147000
v -0.078000 0.161972 -0.147000
v -0.033000 0.157690 -0.151686
v -0.033000 0.161972 -0.147000
v -0.078000 0.157690 -0.151686
v -0.033000 0.157690 -0.158314
v -0.033000 0.157690 -0.151686
v -0.098000 0.175051 -0.150443
v -0.098000 0.169163 -0.166000
v -0.098000 0.154949 -0.159557
v -0.098000 0.154949 -0.159557
v -0.098000 0.160837 -0.166000
v -0.091000 0.159701 -0.169000
v -0.098000 0.169163 -0.166000
v -0.098000 0.169163 -0.166000
v -0.098000 0.175051 -0.159557
v -0.091000 0.177793 -0.160800
v -0.098000 0.175051 -0.150443
v -0.098000 0.175051 -0.150443
v -0.098000 0.169163 -0.144000
v -0.091000 0.170299 -0.141000
v -0.098000 0.169163 -0.144000
v -0.098000 0.160837 -0.144000
v -0.091000 0.159701 -0.141000
v -0.098000 0.160837 -0.144000
v -0.098000 0.154949 -0.150443
v -0.091000 0.152207 -0.149200
v -0.098000 0.154949 -0.159557
v -0.091000 0.152207 -0.160800
v -0.091000 0.159701 -0.169000
v -0.078000 0.161972 -0.163000
v -0.091000 0.159701 -0.169000
v -0.091000 0.170299 -0.169000
v -0.078000 0.168028 -0.163000
v -0.091000 0.170299 -0.169000
v -0.091000 0.177793 -0.160800
v -0.078000 0.172310 -0.158314
v -0.091000 0.177793 -0.160800
v -0.091000 0.177793 -0.149200
v -0.078000 0.172310 -0.151686
v -0.091000 0.177793 -0.149200
v -0.091000 0.170299 -0.141000
v -0.078000 0.168028 -0.147000
v -0.091000 0.170299 -0.141000
v -0.091000 0.159701 -0.141000
v -0.078000 0.161972 -0.147000
v -0.091000 0.159701 -0.141000
v -0.091000 0.152207 -0.149200
v -0.078000 0.157690 -0.151686
v -0.091000 0.152207 -0.149200
v -0.091000 0.152207 -0.160800
v -0.078000 0.157690 -0.158314
v -0.078000 0.161972 -0.163000
v -0.078000 0.168028 -0.163000
v -0.078000 0.172310 -0.158314
v -0.078000 0.172310 -0.151686
v -0.078000 0.168028 -0.147000
v -0.078000 0.161972 -0.147000
v -0.078000 0.157690 -0.151686
v -0.078000 0.157690 -0.158314
v -0.098000 0.154949 -0.150443
v -0.098000 0.160837 -0.144000
v -0.098000 0.169163 -0.144000
v -0.098000 0.175051 -0.159557
v -0.098000 0.160837 -0.166000
v -0.013566 0.065000 -0.165766
v 0.013566 0.797276 -0.165766
v 0.013566 0.065000 -0.165766
v 0.013566 0.065000 -0.165766
v 0.013566 0.788724 -0.138634
v 0.013566 0.065000 -0.138634
v 0.013566 0.065000 -0.138634
v -0.013566 0.788724 -0.138634
v -0.013566 0.065000 -0.138634
v -0.013566 0.065000 -0.138634
v -0.013566 0.797276 -0.165766
v -0.013566 0.065000 -0.165766
v -0.013566 0.797276 -0.165766
v 0.013566 0.860780 -0.121314
v 0.013566 0.797276 -0.165766
v 0.013566 0.797276 -0.165766
v 0.013566 0.845220 -0.099086
v 0.013566 0.788724 -0.138634
v -0.013566 0.845220 -0.099086
v -0.013566 0.788724 -0.138634
v -0.013566 0.788724 -0.138634
v -0.013566 0.860780 -0.121314
v -0.013566 0.065000 -0.138634
v 0.013566 0.065000 -0.165766
v 0.013566 0.065000 -0.138634
v -0.013566 0.860780 -0.121314
v 0.013566 0.845220 -0.099086
v 0.013566 0.860780 -0.121314
v -0.013566 0.797276 -0.165766
v 0.013566 0.788724 -0.138634
v -0.013566 0.860780 -0.121314
v 0.013566 0.860780 -0.121314
v 0.013566 0.845220 -0.099086
v -0.013566 0.845220 -0.099086
v -0.013566 0.065000 -0.165766
v -0.013566 0.845220 -0.099086
v -0.042000 0.028000 -0.010000
v -0.006000 0.230000 -0.037000
v -0.042000 -0.060000 -0.085000
v 0.042000 -0.060000 -0.085000
v 0.006000 0.230000 -0.037000
v 0.042000 0.028000 -0.010000
v -0.042000 -0.060000 -0.085000
v 0.006000 0.230000 -0.037000
v 0.042000 -0.060000 -0.085000
v -0.006000 0.230000 -0.037000
v 0.042000 0.028000 -0.010000
v 0.006000 0.230000 -0.037000
v -0.042000 0.028000 -0.010000
v 0.042000 -0.060000 -0.085000
v 0.042000 0.028000 -0.010000
v -0.042000 -0.060000 -0.085000
v -0.006000 0.230000 -0.037000
v 0.006000 0.230000 -0.037000
v -0.006000 0.230000 -0.037000
v -0.042000 0.028000 -0.010000
v 0.042000 0.028000 -0.010000
v -0.042000 -0.060000 -0.085000
v -0.041660 0.035000 -0.003000
v -0.009000 0.226000 -0.043500
v -0.045000 0.017000 -0.015500
v 0.045000 0.017000 -0.015500
v 0.011041 0.215000 -0.031000
v 0.041660 0.035000 -0.003000
v -0.045000 0.017000 -0.015500
v 0.009000 0.226000 -0.043500
v 0.045000 0.017000 -0.015500
v -0.009000 0.226000 -0.043500
v 0.011041 0.215000 -0.031000
v 0.009000 0.226000 -0.043500
v -0.011041 0.215000 -0.031000
v 0.041660 0.035000 -0.003000
v 0.011041 0.215000 -0.031000
v -0.041660 0.035000 -0.003000
v 0.045000 0.017000 -0.015500
v 0.041660 0.035000 -0.003000
v -0.041660 0.035000 -0.003000
v -0.011041 0.215000 -0.031000
v -0.009000 0.226000 -0.043500
v 0.045000 0.017000 -0.015500
v 0.009000 0.226000 -0.043500
v 0.011041 0.215000 -0.031000
v -0.045000 0.017000 -0.015500
v -0.009000 0.226000 -0.043500
v 0.009000 0.226000 -0.043500
v -0.009000 0.226000 -0.043500
v -0.011041 0.215000 -0.031000
v 0.011041 0.215000 -0.031000
v -0.011041 0.215000 -0.031000
v -0.041660 0.035000 -0.003000
v 0.041660 0.035000 -0.003000
v -0.041660 0.035000 -0.003000
v -0.045000 0.017000 -0.015500
v 0.045000 0.017000 -0.015500
v -0.053000 -0.267000 0.035000
v -0.053000 -0.125000 -0.024000
v -0.053000 -0.365000 -0.064000
v 0.053000 0.175000 -0.127000
v 0.053000 0.175000 -0.033025
v 0.053000 -0.125000 -0.024000
v -0.053000 -0.720000 -0.085000
v 0.053000 -0.490000 -0.100000
v 0.053000 -0.720000 -0.085000
v -0.053000 -0.490000 -0.100000
v 0.053000 -0.365000 -0.064000
v 0.053000 -0.490000 -0.100000
v -0.053000 -0.365000 -0.064000
v 0.053000 -0.240000 -0.127000
v 0.053000 -0.365000 -0.064000
v -0.053000 -0.240000 -0.127000
v 0.053000 0.175000 -0.127000
v 0.053000 -0.240000 -0.127000
v -0.053000 0.175000 -0.127000
v 0.053000 0.520000 -0.127000
v -0.053000 0.520000 -0.127000
v 0.053000 0.520000 -0.052000
v 0.053000 0.520000 -0.127000
v -0.053000 0.520000 -0.052000
v 0.053000 0.175000 -0.033025
v 0.053000 0.520000 -0.052000
v -0.053000 0.175000 -0.033025
v 0.053000 0.120000 -0.027486
v 0.053000 0.175000 -0.033025
v -0.053000 0.120000 -0.027486
v 0.053000 0.000000 -0.019061
v 0.053000 0.120000 -0.027486
v -0.053000 0.000000 -0.019061
v 0.053000 -0.125000 -0.024000
v 0.053000 0.000000 -0.019061
v -0.053000 -0.125000 -0.024000
v 0.053000 -0.267000 0.035000
v 0.053000 -0.125000 -0.024000
v -0.053000 -0.267000 0.035000
v 0.053000 -0.355000 0.086000
v 0.053000 -0.267000 0.035000
v -0.053000 -0.355000 0.086000
v 0.053000 -0.460000 0.147000
v 0.053000 -0.355000 0.086000
v -0.053000 -0.460000 0.147000
v 0.053000 -0.720000 0.203000
v 0.053000 -0.460000 0.147000
v -0.053000 -0.720000 0.203000
v 0.053000 -0.720000 -0.085000
v 0.053000 -0.720000 0.203000
v -0.053000 -0.720000 -0.085000
v -0.053000 -0.720000 0.203000
v -0.053000 -0.460000 0.147000
v -0.053000 -0.355000 0.086000
v -0.053000 -0.490000 -0.100000
v -0.053000 0.175000 -0.127000
v -0.053000 -0.240000 -0.127000
v -0.053000 0.520000 -0.052000
v -0.053000 0.520000 -0.127000
v -0.053000 0.000000 -0.019061
v -0.053000 0.120000 -0.027486
v -0.053000 0.175000 -0.033025
v 0.053000 -0.720000 0.203000
v 0.053000 -0.720000 -0.085000
v 0.053000 -0.490000 -0.100000
v 0.053000 -0.365000 -0.064000
v 0.053000 -0.240000 -0.127000
v 0.053000 -0.355000 0.086000
v 0.053000 -0.460000 0.147000
v 0.053000 -0.267000 0.035000
v 0.053000 0.520000 -0.127000
v 0.053000 0.520000 -0.052000
v 0.053000 0.120000 -0.027486
v 0.053000 0.000000 -0.019061
v 0.053000 -0.125000 -0.024000
v 0.053000 -0.720000 0.203000
v 0.053000 0.175000 -0.127000
v -0.053000 -0.490000 -0.100000
v -0.053000 -0.365000 -0.064000
v -0.053000 -0.240000 -0.127000
v -0.053000 0.520000 -0.127000
v -0.053000 0.520000 -0.052000
v -0.053000 0.175000 -0.033025
v -0.053000 0.120000 -0.027486
v -0.053000 0.000000 -0.019061
v -0.053000 -0.125000 -0.024000
v -0.053000 -0.267000 0.035000
v -0.053000 -0.355000 0.086000
v -0.053000 -0.460000 0.147000
v -0.053000 -0.720000 0.203000
v -0.053000 -0.720000 -0.085000
v -0.046028 0.190000 -0.157864
v -0.020282 0.320000 -0.190585
v -0.019065 0.190000 -0.187370
v -0.019065 0.190000 -0.187370
v 0.020282 0.320000 -0.190585
v 0.019065 0.190000 -0.187370
v 0.019065 0.190000 -0.187370
v 0.048966 0.320000 -0.159196
v 0.046028 0.190000 -0.157864
v 0.046028 0.190000 -0.157864
v 0.048966 0.320000 -0.114804
v 0.046028 0.190000 -0.116136
v 0.046028 0.190000 -0.116136
v 0.020282 0.320000 -0.083415
v 0.019065 0.190000 -0.086630
v 0.019065 0.190000 -0.086630
v -0.020282 0.320000 -0.083415
v -0.019065 0.190000 -0.086630
v -0.019065 0.190000 -0.086630
v -0.048966 0.320000 -0.114804
v -0.046028 0.190000 -0.116136
v -0.046028 0.190000 -0.116136
v -0.048966 0.320000 -0.159196
v -0.046028 0.190000 -0.157864
v -0.048966 0.320000 -0.159196
v -0.019251 0.320000 -0.187863
v -0.020282 0.320000 -0.190585
v 0.019251 0.320000 -0.187863
v 0.020282 0.320000 -0.190585
v 0.046478 0.320000 -0.158068
v 0.048966 0.320000 -0.159196
v 0.046477 0.320000 -0.115933
v 0.048966 0.320000 -0.114804
v 0.019252 0.320000 -0.086137
v 0.020282 0.320000 -0.083415
v -0.019252 0.320000 -0.086137
v -0.020282 0.320000 -0.083415
v -0.046477 0.320000 -0.115933
v -0.048966 0.320000 -0.114804
v -0.046478 0.320000 -0.158068
v -0.046028 0.190000 -0.157864
v -0.048966 0.320000 -0.159196
v -0.020282 0.320000 -0.190585
v -0.020282 0.320000 -0.190585
v 0.019065 0.190000 -0.187370
v 0.020282 0.320000 -0.190585
v 0.048966 0.320000 -0.159196
v 0.046028 0.190000 -0.157864
v 0.048966 0.320000 -0.159196
v 0.048966 0.320000 -0.114804
v 0.046028 0.190000 -0.116136
v 0.048966 0.320000 -0.114804
v 0.020282 0.320000 -0.083415
v 0.020282 0.320000 -0.083415
v -0.019065 0.190000 -0.086630
v -0.020282 0.320000 -0.083415
v -0.048966 0.320000 -0.114804
v -0.046028 0.190000 -0.116136
v -0.048966 0.320000 -0.114804
v -0.048966 0.320000 -0.159196
v -0.046478 0.320000 -0.158068
v -0.019538 0.520000 -0.188621
v -0.019251 0.320000 -0.187863
v -0.019251 0.320000 -0.187863
v 0.019538 0.520000 -0.188621
v 0.019251 0.320000 -0.187863
v 0.019251 0.320000 -0.187863
v 0.047169 0.520000 -0.158381
v 0.046478 0.320000 -0.158068
v 0.046478 0.320000 -0.158068
v 0.047169 0.520000 -0.115619
v 0.046477 0.320000 -0.115933
v 0.046477 0.320000 -0.115933
v 0.019538 0.520000 -0.085379
v 0.019252 0.320000 -0.086137
v 0.019252 0.320000 -0.086137
v -0.019538 0.520000 -0.085379
v -0.019252 0.320000 -0.086137
v -0.019252 0.320000 -0.086137
v -0.047169 0.520000 -0.115619
v -0.046477 0.320000 -0.115933
v -0.046477 0.320000 -0.115933
v -0.047169 0.520000 -0.158381
v -0.046478 0.320000 -0.158068
v 0.019538 0.520000 -0.085379
v 0.047169 0.520000 -0.158381
v -0.019538 0.520000 -0.188621
v -0.046478 0.320000 -0.158068
v -0.047169 0.520000 -0.158381
v -0.019538 0.520000 -0.188621
v -0.019251 0.320000 -0.187863
v -0.019538 0.520000 -0.188621
v 0.019538 0.520000 -0.188621
v 0.019251 0.320000 -0.187863
v 0.019538 0.520000 -0.188621
v 0.047169 0.520000 -0.158381
v 0.046478 0.320000 -0.158068
v 0.047169 0.520000 -0.158381
v 0.047169 0.520000 -0.115619
v 0.046477 0.320000 -0.115933
v 0.047169 0.520000 -0.115619
v 0.019538 0.520000 -0.085379
v 0.019252 0.320000 -0.086137
v 0.019538 0.520000 -0.085379
v -0.019538 0.520000 -0.085379
v -0.019252 0.320000 -0.086137
v -0.019538 0.520000 -0.085379
v -0.047169 0.520000 -0.115619
v -0.046477 0.320000 -0.115933
v -0.047169 0.520000 -0.115619
v -0.047169 0.520000 -0.158381
v -0.047169 0.520000 -0.158381
v -0.047169 0.520000 -0.115619
v -0.019538 0.520000 -0.085379
v 0.047169 0.520000 -0.115619
v 0.019538 0.520000 -0.188621
v -0.003240 0.995200 -0.153173
v -0.003240 1.016800 -0.200369
v -0.003240 0.995200 -0.200369
v 0.003240 0.995200 -0.200369
v 0.003240 1.016800 -0.153173
v 0.003240 0.995200 -0.153173
v -0.003240 0.995200 -0.200369
v 0.003240 1.016800 -0.200369
v 0.003240 0.995200 -0.200369
v -0.003240 1.016800 -0.200369
v 0.003240 1.016800 -0.153173
v 0.003240 1.016800 -0.200369
v -0.003240 1.016800 -0.153173
v 0.003240 0.995200 -0.153173
v 0.003240 1.016800 -0.153173
v -0.003240 0.995200 -0.153173
v 0.003240 0.995200 -0.200369
v 0.003240 0.995200 -0.153173
v -0.003240 1.016800 -0.153173
v 0.003240 1.016800 -0.200369
v -0.003240 1.016800 -0.200369
v -0.003240 1.016800 -0.153173
v -0.003240 0.995200 -0.153173
v -0.003240 0.995200 -0.200369
v 0.029160 0.990880 -0.200369
v 0.020619 1.021120 -0.179750
v 0.020619 0.990880 -0.179750
v 0.015274 0.990880 -0.185095
v 0.021600 1.021120 -0.200369
v 0.021600 0.990880 -0.200369
v 0.020619 0.990880 -0.179750
v 0.021600 0.990880 -0.200369
v 0.029160 0.990880 -0.200369
v 0.029160 1.021120 -0.200369
v 0.015274 1.021120 -0.185095
v 0.020619 1.021120 -0.179750
v 0.020619 0.990880 -0.179750
v 0.000000 1.021120 -0.171209
v 0.000000 0.990880 -0.171209
v 0.000000 0.990880 -0.178769
v 0.015274 1.021120 -0.185095
v 0.015274 0.990880 -0.185095
v 0.000000 0.990880 -0.171209
v 0.015274 0.990880 -0.185095
v 0.000000 1.021120 -0.178769
v 0.000000 1.021120 -0.171209
v 0.000000 0.990880 -0.171209
v -0.020619 1.021120 -0.179750
v -0.020619 0.990880 -0.179750
v -0.015274 0.990880 -0.185095
v 0.000000 1.021120 -0.178769
v 0.000000 0.990880 -0.178769
v -0.020619 0.990880 -0.179750
v 0.000000 0.990880 -0.178769
v -0.015274 1.021120 -0.185095
v -0.020619 1.021120 -0.179750
v -0.020619 0.990880 -0.179750
v -0.029160 1.021120 -0.200369
v -0.029160 0.990880 -0.200369
v -0.021600 0.990880 -0.200369
v -0.015274 1.021120 -0.185095
v -0.015274 0.990880 -0.185095
v -0.029160 0.990880 -0.200369
v -0.015274 0.990880 -0.185095
v -0.021600 1.021120 -0.200369
v -0.029160 1.021120 -0.200369
v -0.029160 0.990880 -0.200369
v -0.020619 1.021120 -0.220988
v -0.020619 0.990880 -0.220988
v -0.015274 0.990880 -0.215642
v -0.021600 1.021120 -0.200369
v -0.021600 0.990880 -0.200369
v -0.020619 0.990880 -0.220988
v -0.021600 0.990880 -0.200369
v -0.015274 1.021120 -0.215642
v -0.020619 1.021120 -0.220988
v -0.020619 0.990880 -0.220988
v -0.000000 1.021120 -0.229529
v -0.000000 0.990880 -0.229529
v -0.000000 0.990880 -0.221969
v -0.015274 1.021120 -0.215642
v -0.015274 0.990880 -0.215642
v -0.000000 0.990880 -0.229529
v -0.015274 0.990880 -0.215642
v -0.000000 1.021120 -0.221969
v -0.000000 1.021120 -0.229529
v -0.000000 0.990880 -0.229529
v 0.020619 1.021120 -0.220988
v 0.020619 0.990880 -0.220988
v 0.015274 0.990880 -0.215642
v -0.000000 1.021120 -0.221969
v -0.000000 0.990880 -0.221969
v 0.020619 0.990880 -0.220988
v -0.000000 0.990880 -0.221969
v 0.015274 1.021120 -0.215642
v 0.020619 1.021120 -0.220988
v 0.020619 0.990880 -0.220988
v 0.029160 1.021120 -0.200369
v 0.029160 0.990880 -0.200369
v 0.021600 0.990880 -0.200369
v 0.015274 1.021120 -0.215642
v 0.015274 0.990880 -0.215642
v 0.015274 0.990880 -0.215642
v 0.021600 1.021120 -0.200369
v 0.029160 1.021120 -0.200369
v 0.015274 1.021120 -0.185095
v 0.020619 1.021120 -0.179750
v 0.000000 1.021120 -0.178769
v 0.000000 1.021120 -0.171209
v -0.015274 1.021120 -0.185095
v -0.020619 1.021120 -0.179750
v -0.021600 1.021120 -0.200369
v -0.029160 1.021120 -0.200369
v -0.015274 1.021120 -0.215642
v -0.020619 1.021120 -0.220988
v -0.000000 1.021120 -0.221969
v -0.000000 1.021120 -0.229529
v 0.015274 1.021120 -0.215642
v 0.020619 1.021120 -0.220988
v 0.021600 1.021120 -0.200369
v -0.038608 0.200000 -0.178000
v 0.038608 0.200000 -0.186071
v 0.038608 0.200000 -0.178000
v -0.024000 0.303000 -0.190071
v 0.024000 0.303000 -0.178000
v 0.024000 0.303000 -0.190071
v -0.038608 0.200000 -0.186071
v 0.038608 0.223000 -0.186071
v 0.038608 0.200000 -0.186071
v 0.038608 0.200000 -0.186071
v 0.038608 0.223000 -0.178000
v 0.038608 0.200000 -0.178000
v 0.038608 0.200000 -0.178000
v -0.038608 0.223000 -0.178000
v -0.038608 0.200000 -0.178000
v -0.038608 0.200000 -0.178000
v -0.038608 0.223000 -0.186071
v -0.038608 0.200000 -0.186071
v -0.038608 0.223000 -0.186071
v 0.024000 0.303000 -0.190071
v 0.038608 0.223000 -0.186071
v 0.038608 0.223000 -0.186071
v 0.024000 0.303000 -0.178000
v 0.038608 0.223000 -0.178000
v 0.038608 0.223000 -0.178000
v -0.024000 0.303000 -0.178000
v -0.038608 0.223000 -0.178000
v -0.024000 0.303000 -0.190071
v -0.038608 0.223000 -0.186071
v -0.038608 0.200000 -0.186071
v -0.024000 0.303000 -0.178000
v -0.038608 0.223000 -0.186071
v 0.038608 0.223000 -0.186071
v -0.038608 0.223000 -0.178000
v -0.038608 0.223000 -0.186071
v -0.024000 0.303000 -0.190071
v 0.024000 0.303000 -0.190071
v 0.038608 0.223000 -0.186071
v 0.024000 0.303000 -0.190071
v 0.024000 0.303000 -0.178000
v 0.024000 0.303000 -0.178000
v -0.038608 0.223000 -0.178000
v -0.024000 0.303000 -0.178000
v -0.024000 0.303000 -0.190071
v 0.009576 0.200000 -0.183018
v 0.033607 0.200000 -0.200369
v 0.033607 0.200000 -0.183018
v 0.015472 0.223000 -0.200369
v 0.033607 0.223000 -0.183018
v 0.033607 0.223000 -0.200369
v 0.015472 0.200000 -0.200369
v 0.033607 0.223000 -0.200369
v 0.033607 0.200000 -0.200369
v 0.033607 0.200000 -0.200369
v 0.033607 0.223000 -0.183018
v 0.033607 0.200000 -0.183018
v 0.033607 0.200000 -0.183018
v 0.009576 0.223000 -0.183018
v 0.009576 0.200000 -0.183018
v 0.009576 0.200000 -0.183018
v 0.015472 0.223000 -0.200369
v 0.015472 0.200000 -0.200369
v 0.015472 0.200000 -0.200369
v 0.009576 0.223000 -0.183018
v 0.015472 0.223000 -0.200369
v 0.033607 0.223000 -0.200369
v 0.033607 0.223000 -0.183018
v 0.009576 0.223000 -0.183018
v -0.009576 0.200000 -0.183018
v -0.033607 0.200000 -0.200369
v -0.015472 0.200000 -0.200369
v -0.015472 0.223000 -0.200369
v -0.033607 0.223000 -0.183018
v -0.009576 0.223000 -0.183018
v -0.015472 0.200000 -0.200369
v -0.033607 0.223000 -0.200369
v -0.015472 0.223000 -0.200369
v -0.033607 0.200000 -0.200369
v -0.033607 0.223000 -0.183018
v -0.033607 0.223000 -0.200369
v -0.033607 0.200000 -0.183018
v -0.009576 0.223000 -0.183018
v -0.033607 0.223000 -0.183018
v -0.009576 0.200000 -0.183018
v -0.015472 0.223000 -0.200369
v -0.009576 0.223000 -0.183018
v -0.033607 0.200000 -0.183018
v -0.033607 0.223000 -0.200369
v -0.033607 0.200000 -0.200369
v -0.033607 0.200000 -0.183018
v -0.009576 0.200000 -0.183018
v -0.015472 0.200000 -0.200369
v -0.017112 0.303000 -0.193508
v -0.047001 0.296629 -0.182473
v -0.017112 0.296629 -0.182473
v -0.047001 0.303000 -0.193508
v -0.017112 0.296629 -0.182473
v -0.047001 0.283886 -0.182473
v -0.017112 0.283886 -0.182473
v -0.047001 0.296629 -0.182473
v -0.017112 0.283886 -0.182473
v -0.047001 0.277515 -0.193508
v -0.017112 0.277515 -0.193508
v -0.047001 0.283886 -0.182473
v -0.017112 0.277515 -0.193508
v -0.047001 0.283886 -0.204543
v -0.017112 0.283886 -0.204543
v -0.047001 0.277515 -0.193508
v -0.047001 0.283886 -0.182473
v -0.047001 0.283886 -0.204543
v -0.047001 0.277515 -0.193508
v -0.047001 0.296629 -0.182473
v -0.047001 0.296629 -0.204543
v -0.047001 0.303000 -0.193508
v -0.017112 0.296629 -0.204543
v -0.047001 0.303000 -0.193508
v -0.017112 0.303000 -0.193508
v -0.047001 0.296629 -0.204543
v -0.017112 0.283886 -0.204543
v -0.047001 0.296629 -0.204543
v -0.017112 0.296629 -0.204543
v -0.047001 0.283886 -0.204543
v -0.017112 0.283886 -0.204543
v -0.017112 0.283886 -0.182473
v -0.017112 0.277515 -0.193508
v -0.017112 0.296629 -0.204543
v -0.017112 0.296629 -0.182473
v -0.017112 0.303000 -0.193508
v 0.017112 0.303000 -0.193508
v 0.047001 0.296629 -0.182473
v 0.047001 0.303000 -0.193508
v 0.017112 0.296629 -0.182473
v 0.017112 0.296629 -0.182473
v 0.047001 0.283886 -0.182473
v 0.047001 0.296629 -0.182473
v 0.017112 0.283886 -0.182473
v 0.017112 0.283886 -0.182473
v 0.047001 0.277515 -0.193508
v 0.047001 0.283886 -0.182473
v 0.017112 0.277515 -0.193508
v 0.017112 0.277515 -0.193508
v 0.047001 0.283886 -0.204543
v 0.047001 0.277515 -0.193508
v 0.017112 0.283886 -0.204543
v 0.047001 0.283886 -0.204543
v 0.047001 0.283886 -0.182473
v 0.047001 0.277515 -0.193508
v 0.047001 0.296629 -0.204543
v 0.047001 0.296629 -0.182473
v 0.047001 0.303000 -0.193508
v 0.017112 0.296629 -0.204543
v 0.047001 0.303000 -0.193508
v 0.047001 0.296629 -0.204543
v 0.017112 0.303000 -0.193508
v 0.017112 0.283886 -0.204543
v 0.047001 0.296629 -0.204543
v 0.047001 0.283886 -0.204543
v 0.017112 0.296629 -0.204543
v 0.017112 0.283886 -0.182473
v 0.017112 0.283886 -0.204543
v 0.017112 0.277515 -0.193508
v 0.017112 0.296629 -0.182473
v 0.017112 0.296629 -0.204543
v 0.017112 0.303000 -0.193508
v -0.009000 0.997000 -0.178013
v 0.009000 1.015000 -0.178013
v 0.009000 0.997000 -0.178013
v 0.009000 0.997000 -0.178013
v 0.010770 1.015000 -0.136200
v 0.010770 0.997000 -0.136200
v 0.010770 0.997000 -0.136200
v 0.026000 1.015000 -0.120970
v 0.026000 0.997000 -0.120970
v 0.026000 0.997000 -0.120970
v 0.026000 1.015000 -0.099430
v 0.026000 0.997000 -0.099430
v 0.026000 0.997000 -0.099430
v 0.010770 1.015000 -0.084200
v 0.010770 0.997000 -0.084200
v 0.010770 0.997000 -0.084200
v -0.010770 1.015000 -0.084200
v -0.010770 0.997000 -0.084200
v -0.010770 0.997000 -0.084200
v -0.026000 1.015000 -0.099430
v -0.026000 0.997000 -0.099430
v -0.026000 0.997000 -0.099430
v -0.026000 1.015000 -0.120970
v -0.026000 0.997000 -0.120970
v -0.026000 0.997000 -0.120970
v -0.010770 1.015000 -0.136200
v -0.010770 0.997000 -0.136200
v -0.010770 0.997000 -0.136200
v -0.009000 1.015000 -0.178013
v -0.009000 0.997000 -0.178013
v 0.010770 0.997000 -0.136200
v 0.010770 0.997000 -0.084200
v -0.026000 0.997000 -0.099430
v -0.010770 1.015000 -0.136200
v 0.010770 1.015000 -0.084200
v 0.010770 1.015000 -0.136200
v -0.009000 1.015000 -0.178013
v 0.009000 1.015000 -0.178013
v 0.010770 1.015000 -0.136200
v 0.026000 1.015000 -0.120970
v 0.026000 1.015000 -0.099430
v 0.010770 1.015000 -0.084200
v -0.010770 1.015000 -0.084200
v -0.026000 1.015000 -0.099430
v -0.026000 1.015000 -0.120970
v -0.010770 1.015000 -0.136200
v -0.010770 0.997000 -0.136200
v -0.009000 0.997000 -0.178013
v 0.009000 0.997000 -0.178013
v 0.026000 0.997000 -0.120970
v 0.026000 0.997000 -0.099430
v -0.026000 0.997000 -0.120970
v -0.010770 0.997000 -0.084200
v 0.009000 1.015000 -0.178013
v -0.009000 1.015000 -0.178013
v -0.026000 1.015000 -0.120970
v -0.026000 1.015000 -0.099430
v -0.010770 1.015000 -0.084200
v 0.026000 1.015000 -0.099430
v 0.026000 1.015000 -0.120970
vt 0.375000 0.750000
vt 0.375000 0.750000
vt 0.375000 0.750000
vt 0.375000 0.750000
vt 0.375000 0.750000
vt 0.375000 0.750000
vt 0.375000 0.750000
vt 0.375000 0.750000
vt 0.375000 0.750000
vt 0.375000 0.750000
vt 0.375000 0.750000
vt 0.375000 0.750000
vt 0.375000 0.750000
vt 0.375000 0.750000
vt 0.375000 0.750000
vt 0.375000 0.750000
vt 0.375000 0.750000
vt 0.375000 0.750000
vt 0.375000 0.750000
vt 0.375000 0.750000
vt 0.375000 0.750000
vt 0.375000 0.750000
vt 0.375000 0.750000
vt 0.375000 0.750000
vt 0.375000 0.750000
vt 0.375000 0.750000
vt 0.375000 0.750000
vt 0.375000 0.750000
vt 0.375000 0.750000
vt 0.375000 0.750000
vt 0.375000 0.750000
vt 0.375000 0.750000
vt 0.375000 0.750000
vt 0.375000 0.750000
vt 0.375000 0.750000
vt 0.375000 0.750000
vt 0.375000 0.750000
vt 0.375000 0.750000
vt 0.375000 0.750000
vt 0.375000 0.750000
vt 0.375000 0.750000
vt 0.375000 0.750000
vt 0.375000 0.750000
vt 0.375000 0.750000
vt 0.375000 0.750000
vt 0.375000 0.750000
vt 0.375000 0.750000
vt 0.375000 0.750000
vt 0.875000 0.750000
vt 0.875000 0.750000
vt 0.875000 0.750000
vt 0.875000 0.750000
vt 0.875000 0.750000
vt 0.875000 0.750000
vt 0.875000 0.750000
vt 0.875000 0.750000
vt 0.875000 0.750000
vt 0.875000 0.750000
vt 0.875000 0.750000
vt 0.875000 0.750000
vt 0.875000 0.750000
vt 0.875000 0.750000
vt 0.875000 0.750000
vt 0.875000 0.750000
vt 0.875000 0.750000
vt 0.875000 0.750000
vt 0.875000 0.750000
vt 0.875000 0.750000
vt 0.875000 0.750000
vt 0.875000 0.750000
vt 0.875000 0.750000
vt 0.875000 0.750000
vt 0.875000 0.750000
vt 0.875000 0.750000
vt 0.875000 0.750000
vt 0.875000 0.750000
vt 0.875000 0.750000
vt 0.875000 0.750000
vt 0.875000 0.750000
vt 0.875000 0.750000
vt 0.875000 0.750000
vt 0.875000 0.750000
vt 0.875000 0.750000
vt 0.875000 0.750000
vt 0.875000 0.750000
vt 0.875000 0.750000
vt 0.875000 0.750000
vt 0.875000 0.750000
vt 0.875000 0.750000
vt 0.875000 0.750000
vt 0.875000 0.750000
vt 0.875000 0.750000
vt 0.875000 0.750000
vt 0.875000 0.750000
vt 0.875000 0.750000
vt 0.875000 0.750000
vt 0.875000 0.750000
vt 0.875000 0.750000
vt 0.875000 0.750000
vt 0.875000 0.750000
vt 0.875000 0.750000
vt 0.875000 0.750000
vt 0.875000 0.750000
vt 0.875000 0.750000
vt 0.375000 0.750000
vt 0.375000 0.750000
vt 0.375000 0.750000
vt 0.375000 0.750000
vt 0.375000 0.750000
vt 0.375000 0.750000
vt 0.375000 0.750000
vt 0.375000 0.750000
vt 0.375000 0.750000
vt 0.375000 0.750000
vt 0.375000 0.750000
vt 0.375000 0.750000
vt 0.375000 0.750000
vt 0.375000 0.750000
vt 0.375000 0.750000
vt 0.375000 0.750000
vt 0.375000 0.750000
vt 0.375000 0.750000
vt 0.375000 0.750000
vt 0.375000 0.750000
vt 0.375000 0.750000
vt 0.375000 0.750000
vt 0.375000 0.750000
vt 0.375000 0.750000
vt 0.375000 0.750000
vt 0.375000 0.750000
vt 0.375000 0.750000
vt 0.375000 0.750000
vt 0.375000 0.750000
vt 0.375000 0.750000
vt 0.375000 0.750000
vt 0.375000 0.750000
vt 0.375000 0.750000
vt 0.375000 0.750000
vt 0.375000 0.750000
vt 0.375000 0.750000
vt 0.625000 0.750000
vt 0.625000 0.750000
vt 0.625000 0.750000
vt 0.375000 0.750000
vt 0.375000 0.750000
vt 0.375000 0.750000
vt 0.375000 0.750000
vt 0.375000 0.750000
vt 0.375000 0.750000
vt 0.375000 0.750000
vt 0.375000 0.750000
vt 0.375000 0.750000
vt 0.375000 0.750000
vt 0.375000 0.750000
vt 0.375000 0.750000
vt 0.375000 0.750000
vt 0.375000 0.750000
vt 0.375000 0.750000
vt 0.375000 0.750000
vt 0.375000 0.750000
vt 0.375000 0.750000
vt 0.375000 0.750000
vt 0.375000 0.750000
vt 0.375000 0.750000
vt 0.375000 0.750000
vt 0.375000 0.750000
vt 0.375000 0.750000
vt 0.375000 0.750000
vt 0.375000 0.750000
vt 0.375000 0.750000
vt 0.375000 0.750000
vt 0.625000 0.750000
vt 0.625000 0.750000
vt 0.625000 0.750000
vt 0.625000 0.750000
vt 0.625000 0.750000
vt 0.625000 0.750000
vt 0.625000 0.750000
vt 0.625000 0.750000
vt 0.625000 0.750000
vt 0.375000 0.750000
vt 0.375000 0.750000
vt 0.375000 0.750000
vt 0.375000 0.750000
vt 0.375000 0.750000
vt 0.375000 0.750000
vt 0.375000 0.750000
vt 0.375000 0.750000
vt 0.375000 0.750000
vt 0.375000 0.750000
vt 0.375000 0.750000
vt 0.375000 0.750000
vt 0.375000 0.750000
vt 0.375000 0.750000
vt 0.375000 0.750000
vt 0.375000 0.750000
vt 0.375000 0.750000
vt 0.375000 0.750000
vt 0.375000 0.750000
vt 0.375000 0.750000
vt 0.375000 0.750000
vt 0.375000 0.750000
vt 0.375000 0.750000
vt 0.375000 0.750000
vt 0.875000 0.750000
vt 0.875000 0.750000
vt 0.875000 0.750000
vt 0.875000 0.750000
vt 0.875000 0.750000
vt 0.875000 0.750000
vt 0.875000 0.750000
vt 0.875000 0.750000
vt 0.875000 0.750000
vt 0.875000 0.750000
vt 0.875000 0.750000
vt 0.875000 0.750000
vt 0.875000 0.750000
vt 0.875000 0.750000
vt 0.875000 0.750000
vt 0.875000 0.750000
vt 0.875000 0.750000
vt 0.875000 0.750000
vt 0.875000 0.750000
vt 0.875000 0.750000
vt 0.875000 0.750000
vt 0.875000 0.750000
vt 0.875000 0.750000
vt 0.875000 0.750000
vt 0.875000 0.750000
vt 0.875000 0.750000
vt 0.875000 0.750000
vt 0.875000 0.750000
vt 0.875000 0.750000
vt 0.875000 0.750000
vt 0.875000 0.750000
vt 0.875000 0.750000
vt 0.875000 0.750000
vt 0.875000 0.750000
vt 0.875000 0.750000
vt 0.875000 0.750000
vt 0.875000 0.750000
vt 0.875000 0.750000
vt 0.875000 0.750000
vt 0.875000 0.750000
vt 0.875000 0.750000
vt 0.875000 0.750000
vt 0.875000 0.750000
vt 0.875000 0.750000
vt 0.875000 0.750000
vt 0.875000 0.750000
vt 0.875000 0.750000
vt 0.875000 0.750000
vt 0.875000 0.750000
vt 0.875000 0.750000
vt 0.875000 0.750000
vt 0.875000 0.750000
vt 0.875000 0.750000
vt 0.875000 0.750000
vt 0.875000 0.750000
vt 0.875000 0.750000
vt 0.875000 0.750000
vt 0.875000 0.750000
vt 0.875000 0.750000
vt 0.875000 0.750000
vt 0.875000 0.750000
vt 0.875000 0.750000
vt 0.875000 0.750000
vt 0.875000 0.750000
vt 0.875000 0.750000
vt 0.875000 0.750000
vt 0.875000 0.750000
vt 0.875000 0.750000
vt 0.875000 0.750000
vt 0.875000 0.750000
vt 0.875000 0.750000
vt 0.875000 0.750000
vt 0.875000 0.750000
vt 0.875000 0.750000
vt 0.875000 0.750000
vt 0.875000 0.750000
vt 0.875000 0.750000
vt 0.875000 0.750000
vt 0.875000 0.750000
vt 0.875000 0.750000
vt 0.875000 0.750000
vt 0.875000 0.750000
vt 0.875000 0.750000
vt 0.875000 0.750000
vt 0.875000 0.750000
vt 0.875000 0.750000
vt 0.875000 0.750000
vt 0.875000 0.750000
vt 0.875000 0.750000
vt 0.875000 0.750000
vt 0.875000 0.750000
vt 0.875000 0.750000
vt 0.875000 0.750000
vt 0.875000 0.750000
vt 0.875000 0.750000
vt 0.875000 0.750000
vt 0.875000 0.750000
vt 0.875000 0.750000
vt 0.875000 0.750000
vt 0.875000 0.750000
vt 0.875000 0.750000
vt 0.875000 0.750000
vt 0.875000 0.750000
vt 0.875000 0.750000
vt 0.875000 0.750000
vt 0.875000 0.750000
vt 0.875000 0.750000
vt 0.875000 0.750000
vt 0.875000 0.750000
vt 0.875000 0.750000
vt 0.875000 0.750000
vt 0.875000 0.750000
vt 0.875000 0.750000
vt 0.875000 0.750000
vt 0.875000 0.750000
vt 0.875000 0.750000
vt 0.875000 0.750000
vt 0.875000 0.750000
vt 0.875000 0.750000
vt 0.875000 0.750000
vt 0.875000 0.750000
vt 0.875000 0.750000
vt 0.875000 0.750000
vt 0.875000 0.750000
vt 0.875000 0.750000
vt 0.875000 0.750000
vt 0.875000 0.750000
vt 0.875000 0.750000
vt 0.875000 0.750000
vt 0.875000 0.750000
vt 0.375000 0.750000
vt 0.375000 0.750000
vt 0.375000 0.750000
vt 0.375000 0.750000
vt 0.375000 0.750000
vt 0.375000 0.750000
vt 0.375000 0.750000
vt 0.375000 0.750000
vt 0.375000 0.750000
vt 0.375000 0.750000
vt 0.375000 0.750000
vt 0.375000 0.750000
vt 0.375000 0.750000
vt 0.375000 0.750000
vt 0.375000 0.750000
vt 0.375000 0.750000
vt 0.375000 0.750000
vt 0.375000 0.750000
vt 0.375000 0.750000
vt 0.375000 0.750000
vt 0.375000 0.750000
vt 0.375000 0.750000
vt 0.375000 0.750000
vt 0.375000 0.750000
vt 0.375000 0.750000
vt 0.375000 0.750000
vt 0.375000 0.750000
vt 0.375000 0.750000
vt 0.375000 0.750000
vt 0.375000 0.750000
vt 0.375000 0.750000
vt 0.375000 0.750000
vt 0.375000 0.750000
vt 0.375000 0.750000
vt 0.375000 0.750000
vt 0.375000 0.750000
vt 0.375000 0.750000
vt 0.375000 0.750000
vt 0.375000 0.750000
vt 0.375000 0.750000
vt 0.375000 0.750000
vt 0.375000 0.750000
vt 0.375000 0.750000
vt 0.375000 0.750000
vt 0.375000 0.750000
vt 0.375000 0.750000
vt 0.375000 0.750000
vt 0.375000 0.750000
vt 0.375000 0.750000
vt 0.375000 0.750000
vt 0.375000 0.750000
vt 0.375000 0.750000
vt 0.375000 0.750000
vt 0.375000 0.750000
vt 0.375000 0.750000
vt 0.375000 0.750000
vt 0.375000 0.750000
vt 0.375000 0.750000
vt 0.375000 0.750000
vt 0.375000 0.750000
vt 0.375000 0.750000
vt 0.375000 0.750000
vt 0.375000 0.750000
vt 0.375000 0.750000
vt 0.375000 0.750000
vt 0.375000 0.750000
vt 0.375000 0.750000
vt 0.375000 0.750000
vt 0.375000 0.750000
vt 0.375000 0.750000
vt 0.375000 0.750000
vt 0.375000 0.750000
vt 0.375000 0.750000
vt 0.375000 0.750000
vt 0.375000 0.750000
vt 0.375000 0.750000
vt 0.375000 0.750000
vt 0.375000 0.750000
vt 0.375000 0.750000
vt 0.375000 0.750000
vt 0.375000 0.750000
vt 0.375000 0.750000
vt 0.375000 0.750000
vt 0.375000 0.750000
vt 0.375000 0.750000
vt 0.375000 0.750000
vt 0.375000 0.750000
vt 0.375000 0.750000
vt 0.375000 0.750000
vt 0.375000 0.750000
vt 0.375000 0.750000
vt 0.375000 0.750000
vt 0.375000 0.750000
vt 0.375000 0.750000
vt 0.125000 0.750000
vt 0.125000 0.750000
vt 0.125000 0.750000
vt 0.125000 0.750000
vt 0.125000 0.750000
vt 0.125000 0.750000
vt 0.125000 0.750000
vt 0.125000 0.750000
vt 0.125000 0.750000
vt 0.125000 0.750000
vt 0.125000 0.750000
vt 0.125000 0.750000
vt 0.125000 0.750000
vt 0.125000 0.750000
vt 0.125000 0.750000
vt 0.125000 0.750000
vt 0.125000 0.750000
vt 0.125000 0.750000
vt 0.125000 0.750000
vt 0.125000 0.750000
vt 0.125000 0.750000
vt 0.125000 0.750000
vt 0.125000 0.750000
vt 0.125000 0.750000
vt 0.125000 0.750000
vt 0.125000 0.750000
vt 0.125000 0.750000
vt 0.125000 0.750000
vt 0.125000 0.750000
vt 0.125000 0.750000
vt 0.125000 0.750000
vt 0.125000 0.750000
vt 0.125000 0.750000
vt 0.125000 0.750000
vt 0.125000 0.750000
vt 0.125000 0.750000
vt 0.125000 0.750000
vt 0.125000 0.750000
vt 0.125000 0.750000
vt 0.125000 0.750000
vt 0.125000 0.750000
vt 0.125000 0.750000
vt 0.125000 0.750000
vt 0.125000 0.750000
vt 0.125000 0.750000
vt 0.125000 0.750000
vt 0.125000 0.750000
vt 0.125000 0.750000
vt 0.125000 0.750000
vt 0.125000 0.750000
vt 0.125000 0.750000
vt 0.125000 0.750000
vt 0.125000 0.750000
vt 0.125000 0.750000
vt 0.125000 0.750000
vt 0.125000 0.750000
vt 0.125000 0.750000
vt 0.125000 0.750000
vt 0.125000 0.750000
vt 0.125000 0.750000
vt 0.125000 0.750000
vt 0.125000 0.750000
vt 0.125000 0.750000
vt 0.125000 0.750000
vt 0.125000 0.750000
vt 0.125000 0.750000
vt 0.125000 0.750000
vt 0.125000 0.750000
vt 0.125000 0.750000
vt 0.125000 0.750000
vt 0.125000 0.750000
vt 0.125000 0.750000
vt 0.125000 0.750000
vt 0.125000 0.750000
vt 0.125000 0.750000
vt 0.125000 0.750000
vt 0.125000 0.750000
vt 0.125000 0.750000
vt 0.125000 0.750000
vt 0.125000 0.750000
vt 0.125000 0.750000
vt 0.125000 0.750000
vt 0.125000 0.750000
vt 0.125000 0.750000
vt 0.125000 0.750000
vt 0.125000 0.750000
vt 0.125000 0.750000
vt 0.125000 0.750000
vt 0.125000 0.750000
vt 0.125000 0.750000
vt 0.125000 0.750000
vt 0.375000 0.750000
vt 0.375000 0.750000
vt 0.375000 0.750000
vt 0.375000 0.750000
vt 0.375000 0.750000
vt 0.375000 0.750000
vt 0.375000 0.750000
vt 0.375000 0.750000
vt 0.375000 0.750000
vt 0.375000 0.750000
vt 0.375000 0.750000
vt 0.375000 0.750000
vt 0.375000 0.750000
vt 0.375000 0.750000
vt 0.375000 0.750000
vt 0.375000 0.750000
vt 0.375000 0.750000
vt 0.375000 0.750000
vt 0.375000 0.750000
vt 0.375000 0.750000
vt 0.375000 0.750000
vt 0.375000 0.750000
vt 0.375000 0.750000
vt 0.375000 0.750000
vt 0.375000 0.750000
vt 0.375000 0.750000
vt 0.375000 0.750000
vt 0.375000 0.750000
vt 0.375000 0.750000
vt 0.375000 0.750000
vt 0.375000 0.750000
vt 0.375000 0.750000
vt 0.375000 0.750000
vt 0.375000 0.750000
vt 0.375000 0.750000
vt 0.375000 0.750000
vt 0.375000 0.750000
vt 0.375000 0.750000
vt 0.375000 0.750000
vt 0.375000 0.750000
vt 0.375000 0.750000
vt 0.375000 0.750000
vt 0.375000 0.750000
vt 0.375000 0.750000
vt 0.375000 0.750000
vt 0.375000 0.750000
vt 0.375000 0.750000
vt 0.375000 0.750000
vt 0.375000 0.750000
vt 0.375000 0.750000
vt 0.375000 0.750000
vt 0.375000 0.750000
vt 0.375000 0.750000
vt 0.375000 0.750000
vt 0.375000 0.750000
vt 0.375000 0.750000
vt 0.375000 0.750000
vt 0.375000 0.750000
vt 0.375000 0.750000
vt 0.375000 0.750000
vt 0.125000 0.750000
vt 0.125000 0.750000
vt 0.125000 0.750000
vt 0.125000 0.750000
vt 0.125000 0.750000
vt 0.125000 0.750000
vt 0.125000 0.750000
vt 0.125000 0.750000
vt 0.125000 0.750000
vt 0.125000 0.750000
vt 0.125000 0.750000
vt 0.125000 0.750000
vt 0.125000 0.750000
vt 0.125000 0.750000
vt 0.125000 0.750000
vt 0.125000 0.750000
vt 0.125000 0.750000
vt 0.125000 0.750000
vt 0.125000 0.750000
vt 0.125000 0.750000
vt 0.125000 0.750000
vt 0.125000 0.750000
vt 0.125000 0.750000
vt 0.125000 0.750000
vt 0.125000 0.750000
vt 0.125000 0.750000
vt 0.125000 0.750000
vt 0.125000 0.750000
vt 0.125000 0.750000
vt 0.125000 0.750000
vt 0.125000 0.750000
vt 0.125000 0.750000
vt 0.125000 0.750000
vt 0.125000 0.750000
vt 0.125000 0.750000
vt 0.125000 0.750000
vt 0.125000 0.750000
vt 0.125000 0.750000
vt 0.125000 0.750000
vt 0.125000 0.750000
vt 0.125000 0.750000
vt 0.125000 0.750000
vt 0.125000 0.750000
vt 0.125000 0.750000
vt 0.125000 0.750000
vt 0.125000 0.750000
vt 0.125000 0.750000
vt 0.125000 0.750000
vt 0.125000 0.750000
vt 0.125000 0.750000
vt 0.125000 0.750000
vt 0.125000 0.750000
vt 0.125000 0.750000
vt 0.125000 0.750000
vt 0.125000 0.750000
vt 0.125000 0.750000
vt 0.375000 0.750000
vt 0.375000 0.750000
vt 0.375000 0.750000
vt 0.375000 0.750000
vt 0.375000 0.750000
vt 0.375000 0.750000
vt 0.375000 0.750000
vt 0.375000 0.750000
vt 0.375000 0.750000
vt 0.375000 0.750000
vt 0.375000 0.750000
vt 0.375000 0.750000
vt 0.375000 0.750000
vt 0.375000 0.750000
vt 0.375000 0.750000
vt 0.375000 0.750000
vt 0.375000 0.750000
vt 0.375000 0.750000
vt 0.375000 0.750000
vt 0.375000 0.750000
vt 0.375000 0.750000
vt 0.375000 0.750000
vt 0.375000 0.750000
vt 0.375000 0.750000
vt 0.375000 0.750000
vt 0.375000 0.750000
vt 0.375000 0.750000
vt 0.375000 0.750000
vt 0.375000 0.750000
vt 0.375000 0.750000
vt 0.375000 0.750000
vt 0.375000 0.750000
vt 0.375000 0.750000
vt 0.375000 0.750000
vt 0.375000 0.750000
vt 0.375000 0.750000
vt 0.375000 0.750000
vt 0.375000 0.750000
vt 0.375000 0.750000
vt 0.375000 0.750000
vt 0.375000 0.750000
vt 0.375000 0.750000
vt 0.375000 0.750000
vt 0.375000 0.750000
vt 0.375000 0.750000
vt 0.375000 0.750000
vt 0.375000 0.750000
vt 0.375000 0.750000
vt 0.375000 0.750000
vt 0.375000 0.750000
vt 0.375000 0.750000
vt 0.375000 0.750000
vt 0.375000 0.750000
vt 0.375000 0.750000
vt 0.375000 0.750000
vt 0.375000 0.750000
vt 0.375000 0.750000
vt 0.375000 0.750000
vt 0.375000 0.750000
vt 0.375000 0.750000
vt 0.375000 0.750000
vt 0.375000 0.750000
vt 0.375000 0.750000
vt 0.375000 0.750000
vt 0.375000 0.750000
vt 0.375000 0.750000
vt 0.375000 0.750000
vt 0.375000 0.750000
vt 0.375000 0.750000
vt 0.375000 0.750000
vt 0.375000 0.750000
vt 0.375000 0.750000
vt 0.375000 0.750000
vt 0.375000 0.750000
vt 0.375000 0.750000
vt 0.375000 0.750000
vt 0.375000 0.750000
vt 0.375000 0.750000
vt 0.375000 0.750000
vt 0.375000 0.750000
vt 0.375000 0.750000
vt 0.375000 0.750000
vt 0.375000 0.750000
vt 0.375000 0.750000
vt 0.375000 0.750000
vt 0.375000 0.750000
vt 0.375000 0.750000
vt 0.375000 0.750000
vt 0.375000 0.750000
vt 0.375000 0.750000
vt 0.375000 0.750000
vt 0.375000 0.750000
vt 0.375000 0.750000
vt 0.375000 0.750000
vt 0.375000 0.750000
vt 0.375000 0.750000
vt 0.375000 0.750000
vt 0.375000 0.750000
vt 0.375000 0.750000
vt 0.375000 0.750000
vt 0.375000 0.750000
vt 0.375000 0.750000
vt 0.375000 0.750000
vt 0.375000 0.750000
vt 0.375000 0.750000
vt 0.375000 0.750000
vt 0.375000 0.750000
vt 0.375000 0.750000
vt 0.375000 0.750000
vt 0.375000 0.750000
vt 0.375000 0.750000
vt 0.375000 0.750000
vt 0.375000 0.750000
vt 0.375000 0.750000
vt 0.375000 0.750000
vt 0.375000 0.750000
vt 0.375000 0.750000
vt 0.375000 0.750000
vt 0.375000 0.750000
vt 0.375000 0.750000
vt 0.375000 0.750000
vt 0.375000 0.750000
vt 0.375000 0.750000
vt 0.375000 0.750000
vt 0.375000 0.750000
vt 0.375000 0.750000
vt 0.375000 0.750000
vt 0.375000 0.750000
vt 0.375000 0.750000
vt 0.375000 0.750000
vt 0.375000 0.750000
vt 0.375000 0.750000
vt 0.375000 0.750000
vt 0.375000 0.750000
vt 0.375000 0.750000
vt 0.375000 0.750000
vt 0.375000 0.750000
vt 0.375000 0.750000
vt 0.375000 0.750000
vt 0.375000 0.750000
vt 0.375000 0.750000
vt 0.375000 0.750000
vt 0.375000 0.750000
vt 0.375000 0.750000
vt 0.375000 0.750000
vt 0.375000 0.750000
vt 0.375000 0.750000
vt 0.375000 0.750000
vt 0.375000 0.750000
vt 0.375000 0.750000
vt 0.375000 0.750000
vt 0.375000 0.750000
vt 0.375000 0.750000
vt 0.375000 0.750000
vt 0.375000 0.750000
vt 0.375000 0.750000
vt 0.375000 0.750000
vt 0.375000 0.750000
vt 0.375000 0.750000
vt 0.375000 0.750000
vt 0.375000 0.750000
vt 0.375000 0.750000
vt 0.375000 0.750000
vt 0.375000 0.750000
vt 0.375000 0.750000
vt 0.375000 0.750000
vt 0.375000 0.750000
vt 0.375000 0.750000
vt 0.375000 0.750000
vt 0.375000 0.750000
vt 0.375000 0.750000
vt 0.375000 0.750000
vt 0.375000 0.750000
vt 0.375000 0.750000
vt 0.375000 0.750000
vt 0.375000 0.750000
vt 0.375000 0.750000
vt 0.375000 0.750000
vt 0.375000 0.750000
vt 0.375000 0.750000
vt 0.375000 0.750000
vt 0.375000 0.750000
vt 0.375000 0.750000
vt 0.375000 0.750000
vt 0.375000 0.750000
vt 0.375000 0.750000
vt 0.375000 0.750000
vt 0.375000 0.750000
vt 0.375000 0.750000
vt 0.375000 0.750000
vt 0.375000 0.750000
vt 0.375000 0.750000
vt 0.375000 0.750000
vt 0.375000 0.750000
vt 0.375000 0.750000
vt 0.375000 0.750000
vt 0.375000 0.750000
vt 0.375000 0.750000
vt 0.375000 0.750000
vt 0.375000 0.750000
vt 0.375000 0.750000
vt 0.375000 0.750000
vt 0.375000 0.750000
vt 0.375000 0.750000
vt 0.375000 0.750000
vt 0.375000 0.750000
vt 0.375000 0.750000
vt 0.375000 0.750000
vt 0.375000 0.750000
vt 0.375000 0.750000
vt 0.375000 0.750000
vt 0.375000 0.750000
vt 0.375000 0.750000
vt 0.375000 0.750000
vt 0.375000 0.750000
vt 0.375000 0.750000
vt 0.375000 0.750000
vt 0.375000 0.750000
vt 0.375000 0.750000
vt 0.375000 0.750000
vt 0.375000 0.750000
vt 0.375000 0.750000
vt 0.375000 0.750000
vt 0.375000 0.750000
vt 0.375000 0.750000
vt 0.375000 0.750000
vt 0.375000 0.750000
vt 0.375000 0.750000
vt 0.375000 0.750000
vt 0.375000 0.750000
vt 0.375000 0.750000
vt 0.375000 0.750000
vt 0.375000 0.750000
vt 0.375000 0.750000
vt 0.375000 0.750000
vt 0.375000 0.750000
vt 0.375000 0.750000
vt 0.375000 0.750000
vt 0.375000 0.750000
vt 0.375000 0.750000
vt 0.375000 0.750000
vt 0.375000 0.750000
vt 0.375000 0.750000
vt 0.375000 0.750000
vt 0.375000 0.750000
vt 0.375000 0.750000
vt 0.375000 0.750000
vt 0.375000 0.750000
vt 0.375000 0.750000
vt 0.375000 0.750000
vt 0.375000 0.750000
vt 0.375000 0.750000
vt 0.375000 0.750000
vt 0.375000 0.750000
vt 0.375000 0.750000
vt 0.375000 0.750000
vt 0.375000 0.750000
vt 0.375000 0.750000
vt 0.375000 0.750000
vt 0.375000 0.750000
vt 0.375000 0.750000
vt 0.375000 0.750000
vt 0.375000 0.750000
vt 0.375000 0.750000
vt 0.375000 0.750000
vt 0.375000 0.750000
vt 0.375000 0.750000
vt 0.375000 0.750000
vt 0.375000 0.750000
vt 0.375000 0.750000
vt 0.375000 0.750000
vt 0.375000 0.750000
vt 0.375000 0.750000
vt 0.375000 0.750000
vt 0.375000 0.750000
vt 0.375000 0.750000
vt 0.375000 0.750000
vt 0.375000 0.750000
vt 0.375000 0.750000
vt 0.375000 0.750000
vt 0.375000 0.750000
vt 0.375000 0.750000
vt 0.375000 0.750000
vt 0.375000 0.750000
vt 0.375000 0.750000
vt 0.375000 0.750000
vt 0.375000 0.750000
vt 0.375000 0.750000
vt 0.375000 0.750000
vt 0.375000 0.750000
vt 0.375000 0.750000
vt 0.375000 0.750000
vt 0.375000 0.750000
vt 0.375000 0.750000
vt 0.375000 0.750000
vt 0.375000 0.750000
vt 0.375000 0.750000
vt 0.375000 0.750000
vt 0.375000 0.750000
vt 0.375000 0.750000
vt 0.375000 0.750000
vt 0.375000 0.750000
vt 0.375000 0.750000
vt 0.375000 0.750000
vt 0.375000 0.750000
vt 0.375000 0.750000
vt 0.375000 0.750000
vt 0.375000 0.750000
vt 0.375000 0.750000
vt 0.375000 0.750000
vt 0.375000 0.750000
vt 0.375000 0.750000
vt 0.375000 0.750000
vt 0.375000 0.750000
vt 0.375000 0.750000
vt 0.375000 0.750000
vt 0.375000 0.750000
vt 0.375000 0.750000
vt 0.375000 0.750000
vt 0.375000 0.750000
vt 0.375000 0.750000
vt 0.375000 0.750000
vt 0.375000 0.750000
vt 0.375000 0.750000
vt 0.375000 0.750000
vt 0.375000 0.750000
vt 0.375000 0.750000
vt 0.375000 0.750000
vt 0.375000 0.750000
vt 0.375000 0.750000
vt 0.375000 0.750000
vt 0.375000 0.750000
vt 0.375000 0.750000
vt 0.375000 0.750000
vt 0.375000 0.750000
vt 0.375000 0.750000
vt 0.375000 0.750000
vt 0.375000 0.750000
vt 0.375000 0.750000
vt 0.375000 0.750000
vt 0.375000 0.750000
vt 0.375000 0.750000
vt 0.375000 0.750000
vt 0.375000 0.750000
vn 0.73819870 -0.00000000 0.67458326
vn 0.73819870 -0.00000000 0.67458326
vn 0.73819870 -0.00000000 0.67458326
vn -0.00000000 0.00000000 1.00000000
vn -0.00000000 0.00000000 1.00000000
vn -0.00000000 0.00000000 1.00000000
vn -0.73819870 0.00000000 0.67458326
vn -0.73819870 0.00000000 0.67458326
vn -0.73819870 0.00000000 0.67458326
vn -1.00000000 0.00000000 0.00000000
vn -1.00000000 0.00000000 0.00000000
vn -1.00000000 0.00000000 0.00000000
vn -0.73819870 0.00000000 -0.67458326
vn -0.73819870 0.00000000 -0.67458326
vn -0.73819870 0.00000000 -0.67458326
vn -0.00000000 0.00000000 -1.00000000
vn -0.00000000 0.00000000 -1.00000000
vn -0.00000000 0.00000000 -1.00000000
vn 0.73819870 0.00000000 -0.67458326
vn 0.73819870 0.00000000 -0.67458326
vn 0.73819870 0.00000000 -0.67458326
vn 1.00000000 -0.00000000 0.00000000
vn 1.00000000 -0.00000000 0.00000000
vn 1.00000000 -0.00000000 0.00000000
vn 0.00000000 -1.00000000 0.00000000
vn 0.00000000 -1.00000000 0.00000000
vn 0.00000000 -1.00000000 0.00000000
vn 0.00000000 1.00000000 0.00000000
vn 0.00000000 1.00000000 0.00000000
vn 0.00000000 1.00000000 0.00000000
vn 0.73819870 0.00000000 0.67458326
vn -0.00000000 0.00000000 1.00000000
vn -0.73819870 0.00000000 0.67458326
vn -1.00000000 0.00000000 0.00000000
vn -0.73819870 -0.00000000 -0.67458326
vn -0.00000000 -0.00000000 -1.00000000
vn 0.73819870 0.00000000 -0.67458326
vn 1.00000000 0.00000000 0.00000000
vn 0.00000000 -1.00000000 -0.00000000
vn 0.00000000 -1.00000000 -0.00000000
vn 0.00000000 -1.00000000 0.00000000
vn 0.00000000 -1.00000000 0.00000000
vn 0.00000000 -1.00000000 0.00000000
vn 0.00000000 1.00000000 -0.00000000
vn 0.00000000 1.00000000 -0.00000000
vn 0.00000000 1.00000000 0.00000000
vn 0.00000000 1.00000000 0.00000000
vn 0.00000000 1.00000000 0.00000000
vn -0.73818380 -0.00361368 -0.67458999
vn -0.73818380 -0.00361368 -0.67458999
vn -0.73818380 -0.00361368 -0.67458999
vn 0.00000000 -0.00378946 -0.99999279
vn 0.00000000 -0.00378946 -0.99999279
vn 0.00000000 -0.00378946 -0.99999279
vn 0.73818380 -0.00361067 -0.67458999
vn 0.73818380 -0.00361067 -0.67458999
vn 0.73818380 -0.00361067 -0.67458999
vn 0.99999398 -0.00345862 0.00000000
vn 0.99999398 -0.00345862 0.00000000
vn 0.99999398 -0.00345862 0.00000000
vn 0.73818380 -0.00361366 0.67458999
vn 0.73818380 -0.00361366 0.67458999
vn 0.73818380 -0.00361366 0.67458999
vn 0.00000000 -0.00378943 0.99999279
vn 0.00000000 -0.00378943 0.99999279
vn 0.00000000 -0.00378943 0.99999279
vn -0.73818380 -0.00361065 0.67458999
vn -0.73818380 -0.00361065 0.67458999
vn -0.73818380 -0.00361065 0.67458999
vn -0.99999398 -0.00345862 0.00000000
vn -0.99999398 -0.00345862 0.00000000
vn -0.99999398 -0.00345862 0.00000000
vn 0.00000000 1.00000000 -0.00000000
vn 0.00000000 1.00000000 -0.00000000
vn 0.00000000 1.00000000 -0.00000000
vn -0.73819727 -0.00361069 -0.67457515
vn -0.73819727 -0.00361069 -0.67457515
vn -0.73819727 -0.00361069 -0.67457515
vn -0.00000000 -0.00378946 -0.99999285
vn -0.00000000 -0.00378946 -0.99999285
vn -0.00000000 -0.00378946 -0.99999285
vn 0.73819727 -0.00361364 -0.67457515
vn 0.73819727 -0.00361364 -0.67457515
vn 0.73819727 -0.00361364 -0.67457515
vn 0.99999404 -0.00345862 0.00000000
vn 0.99999404 -0.00345862 0.00000000
vn 0.99999404 -0.00345862 0.00000000
vn 0.73819727 -0.00361067 0.67457515
vn 0.73819727 -0.00361067 0.67457515
vn 0.73819727 -0.00361067 0.67457515
vn 0.00000000 -0.00378943 0.99999285
vn 0.00000000 -0.00378943 0.99999285
vn 0.00000000 -0.00378943 0.99999285
vn -0.73819727 -0.00361362 0.67457515
vn -0.73819727 -0.00361362 0.67457515
vn -0.73819727 -0.00361362 0.67457515
vn -0.99999404 -0.00345862 0.00000000
vn -0.99999404 -0.00345862 0.00000000
vn -0.99999404 -0.00345862 0.00000000
vn 0.00000000 1.00000000 0.00000000
vn 0.00000000 1.00000000 0.00000000
vn 0.00000000 1.00000000 0.00000000
vn 0.00000000 1.00000000 -0.00000000
vn 0.00000000 1.00000000 0.00000000
vn 0.86604679 0.00450710 0.49994266
vn 0.86604679 0.00450710 0.49994266
vn 0.86604679 0.00450710 0.49994266
vn 0.49994278 0.00450605 0.86604673
vn 0.49994278 0.00450605 0.86604673
vn 0.49994278 0.00450605 0.86604673
vn 0.00000000 0.00450630 0.99998987
vn 0.00000000 0.00450630 0.99998987
vn 0.00000000 0.00450630 0.99998987
vn -0.49994278 0.00450710 0.86604673
vn -0.49994278 0.00450710 0.86604673
vn -0.49994278 0.00450710 0.86604673
vn -0.86604679 0.00450605 0.49994266
vn -0.86604679 0.00450605 0.49994266
vn -0.86604679 0.00450605 0.49994266
vn -0.99998987 0.00450630 0.00000000
vn -0.99998987 0.00450630 0.00000000
vn -0.99998987 0.00450630 0.00000000
vn -0.86604691 0.00450711 -0.49994245
vn -0.86604691 0.00450711 -0.49994245
vn -0.86604691 0.00450711 -0.49994245
vn -0.49994242 0.00450605 -0.86604691
vn -0.49994242 0.00450605 -0.86604691
vn -0.49994242 0.00450605 -0.86604691
vn 0.00000000 0.00450630 -0.99998987
vn 0.00000000 0.00450630 -0.99998987
vn 0.00000000 0.00450630 -0.99998987
vn 0.49994242 0.00450711 -0.86604691
vn 0.49994242 0.00450711 -0.86604691
vn 0.49994242 0.00450711 -0.86604691
vn 0.86604697 0.00450605 -0.49994245
vn 0.86604697 0.00450605 -0.49994245
vn 0.86604697 0.00450605 -0.49994245
vn 0.99998987 0.00450630 0.00000000
vn 0.99998987 0.00450630 0.00000000
vn 0.99998987 0.00450630 0.00000000
vn 0.00000000 1.00000000 0.00000000
vn 0.00000000 1.00000000 0.00000000
vn 0.00000000 1.00000000 0.00000000
vn 0.86600333 0.00450594 0.50001806
vn 0.86600333 0.00450594 0.50001806
vn 0.86600333 0.00450594 0.50001806
vn 0.50001788 0.00450720 0.86600333
vn 0.50001788 0.00450720 0.86600333
vn 0.50001788 0.00450720 0.86600333
vn -0.00000000 0.00450630 0.99998987
vn -0.50001788 0.00450594 0.86600333
vn -0.50001788 0.00450594 0.86600333
vn -0.50001788 0.00450594 0.86600333
vn -0.86600333 0.00450720 0.50001806
vn -0.86600333 0.00450720 0.50001806
vn -0.86600333 0.00450720 0.50001806
vn -0.99998987 0.00450630 0.00000000
vn -0.86600310 0.00450594 -0.50001830
vn -0.86600310 0.00450594 -0.50001830
vn -0.86600310 0.00450594 -0.50001830
vn -0.50001830 0.00450722 -0.86600310
vn -0.50001830 0.00450722 -0.86600310
vn -0.50001830 0.00450722 -0.86600310
vn 0.00000000 0.00450630 -0.99998987
vn 0.50001830 0.00450594 -0.86600310
vn 0.50001830 0.00450594 -0.86600310
vn 0.50001830 0.00450594 -0.86600310
vn 0.86600310 0.00450721 -0.50001830
vn 0.86600310 0.00450721 -0.50001830
vn 0.86600310 0.00450721 -0.50001830
vn 0.99998987 0.00450630 0.00000000
vn 0.00000000 1.00000000 -0.00000000
vn 0.00000000 1.00000000 -0.00000000
vn 0.00000000 1.00000000 0.00000000
vn -0.00000000 1.00000000 0.00000000
vn -0.00000000 1.00000000 0.00000000
vn 0.00000000 1.00000000 0.00000000
vn 0.00000000 1.00000000 0.00000000
vn 0.00000000 1.00000000 0.00000000
vn 0.00000000 1.00000000 0.00000000
vn -1.00000000 0.00000000 0.00000000
vn -1.00000000 0.00000000 0.00000000
vn -1.00000000 0.00000000 0.00000000
vn 1.00000000 -0.00000000 0.00000000
vn 1.00000000 -0.00000000 0.00000000
vn 1.00000000 -0.00000000 0.00000000
vn -0.00000000 0.00000000 -1.00000000
vn -0.00000000 0.00000000 -1.00000000
vn -0.00000000 0.00000000 -1.00000000
vn 0.00000000 1.00000000 -0.00000000
vn 0.00000000 1.00000000 -0.00000000
vn 0.00000000 1.00000000 -0.00000000
vn 0.00000000 0.00000000 1.00000000
vn 0.00000000 0.00000000 1.00000000
vn 0.00000000 0.00000000 1.00000000
vn -0.00000000 -1.00000000 -0.00000000
vn -0.00000000 -1.00000000 -0.00000000
vn -0.00000000 -1.00000000 -0.00000000
vn -1.00000000 0.00000000 0.00000000
vn 1.00000000 0.00000000 0.00000000
vn -0.00000000 -0.00000000 -1.00000000
vn 0.00000000 1.00000000 0.00000000
vn 0.00000000 -0.00000000 1.00000000
vn 0.00000000 -1.00000000 0.00000000
vn -0.37851545 -0.68324625 -0.62442029
vn -0.37851545 -0.68324625 -0.62442029
vn -0.37851545 -0.68324625 -0.62442029
vn -0.39392000 0.00000000 -0.91914475
vn -0.39392000 0.00000000 -0.91914475
vn -0.39392000 0.00000000 -0.91914475
vn -0.37849313 0.68325299 -0.62442642
vn -0.37849313 0.68325299 -0.62442642
vn -0.37849313 0.68325299 -0.62442642
vn -0.36472949 0.93111354 0.00000000
vn -0.36472949 0.93111354 0.00000000
vn -0.36472949 0.93111354 0.00000000
vn -0.37851545 0.68324625 0.62442029
vn -0.37851545 0.68324625 0.62442029
vn -0.37851545 0.68324625 0.62442029
vn -0.39391834 0.00000000 0.91914546
vn -0.39391834 0.00000000 0.91914546
vn -0.39391834 0.00000000 0.91914546
vn -0.37849194 -0.68325329 0.62442672
vn -0.37849194 -0.68325329 0.62442672
vn -0.37849194 -0.68325329 0.62442672
vn -0.36472949 -0.93111354 -0.00000000
vn -0.36472949 -0.93111354 -0.00000000
vn -0.36472949 -0.93111354 -0.00000000
vn 0.40300944 -0.67560911 -0.61736184
vn 0.40300944 -0.67560911 -0.61736184
vn 0.40300944 -0.67560911 -0.61736184
vn 0.41905808 0.00000000 -0.90795940
vn 0.41905808 0.00000000 -0.90795940
vn 0.41905808 0.00000000 -0.90795940
vn 0.40296784 0.67562264 -0.61737424
vn 0.40296784 0.67562264 -0.61737424
vn 0.40296784 0.67562264 -0.61737424
vn 0.38861796 0.92139900 -0.00000000
vn 0.38861796 0.92139900 -0.00000000
vn 0.38861796 0.92139900 -0.00000000
vn 0.40300944 0.67560911 0.61736184
vn 0.40300944 0.67560911 0.61736184
vn 0.40300944 0.67560911 0.61736184
vn 0.41905808 0.00000000 0.90795940
vn 0.41905808 0.00000000 0.90795940
vn 0.41905808 0.00000000 0.90795940
vn 0.40296784 -0.67562264 0.61737424
vn 0.40296784 -0.67562264 0.61737424
vn 0.40296784 -0.67562264 0.61737424
vn 0.38861796 -0.92139900 0.00000000
vn 0.38861796 -0.92139900 0.00000000
vn 0.38861796 -0.92139900 0.00000000
vn 0.00000000 -0.73821259 -0.67456812
vn 0.00000000 -0.73821259 -0.67456812
vn 0.00000000 -0.73821259 -0.67456812
vn -0.00000000 0.00000000 -1.00000000
vn -0.00000000 0.00000000 -1.00000000
vn -0.00000000 0.00000000 -1.00000000
vn 0.00000000 0.73821259 -0.67456812
vn 0.00000000 0.73821259 -0.67456812
vn 0.00000000 0.73821259 -0.67456812
vn 0.00000000 1.00000000 -0.00000000
vn 0.00000000 1.00000000 -0.00000000
vn 0.00000000 1.00000000 -0.00000000
vn 0.00000000 0.73821259 0.67456812
vn 0.00000000 0.73821259 0.67456812
vn 0.00000000 0.73821259 0.67456812
vn 0.00000000 0.00000000 1.00000000
vn 0.00000000 0.00000000 1.00000000
vn 0.00000000 0.00000000 1.00000000
vn 0.00000000 -0.73821259 0.67456812
vn 0.00000000 -0.73821259 0.67456812
vn 0.00000000 -0.73821259 0.67456812
vn -0.00000000 -1.00000000 -0.00000000
vn -0.00000000 -1.00000000 -0.00000000
vn -0.00000000 -1.00000000 -0.00000000
vn -1.00000000 0.00000000 0.00000000
vn -1.00000000 0.00000000 0.00000000
vn -1.00000000 0.00000000 0.00000000
vn -0.37848943 -0.68326813 -0.62441206
vn -0.37848943 -0.68326813 -0.62441206
vn -0.37848943 -0.68326813 -0.62441206
vn -0.39392000 -0.00000000 -0.91914475
vn -0.37851775 0.68325955 -0.62440419
vn -0.37851775 0.68325955 -0.62440419
vn -0.37851775 0.68325955 -0.62440419
vn -0.36472949 0.93111354 0.00000000
vn -0.37848809 0.68326926 0.62441164
vn -0.37848809 0.68326926 0.62441164
vn -0.37848809 0.68326926 0.62441164
vn -0.39391837 0.00000000 0.91914546
vn -0.39391837 0.00000000 0.91914546
vn -0.39391837 0.00000000 0.91914546
vn -0.37851787 -0.68326020 0.62440336
vn -0.37851787 -0.68326020 0.62440336
vn -0.37851787 -0.68326020 0.62440336
vn -0.36472949 -0.93111354 0.00000000
vn 0.40297872 -0.67557991 -0.61741400
vn 0.40297872 -0.67557991 -0.61741400
vn 0.40297872 -0.67557991 -0.61741400
vn 0.41905811 0.00000000 -0.90795940
vn 0.41905811 0.00000000 -0.90795940
vn 0.41905811 0.00000000 -0.90795940
vn 0.40300247 0.67557216 -0.61740690
vn 0.40300247 0.67557216 -0.61740690
vn 0.40300247 0.67557216 -0.61740690
vn 0.38861793 0.92139900 0.00000000
vn 0.38861793 0.92139900 0.00000000
vn 0.38861793 0.92139900 0.00000000
vn 0.40297872 0.67557991 0.61741400
vn 0.40297872 0.67557991 0.61741400
vn 0.40297872 0.67557991 0.61741400
vn 0.41905811 -0.00000000 0.90795940
vn 0.41905811 -0.00000000 0.90795940
vn 0.41905811 -0.00000000 0.90795940
vn 0.40300247 -0.67557216 0.61740690
vn 0.40300247 -0.67557216 0.61740690
vn 0.40300247 -0.67557216 0.61740690
vn 0.38861793 -0.92139900 0.00000000
vn 0.38861793 -0.92139900 0.00000000
vn 0.38861793 -0.92139900 0.00000000
vn -0.00000000 -0.73821259 -0.67456812
vn -0.00000000 -0.00000000 -1.00000000
vn 0.00000000 0.73821259 -0.67456812
vn 0.00000000 1.00000000 0.00000000
vn 0.00000000 0.73821259 0.67456812
vn 0.00000000 -0.00000000 1.00000000
vn 0.00000000 -0.73821259 0.67456812
vn 0.00000000 -1.00000000 0.00000000
vn -1.00000000 0.00000000 -0.00000000
vn -1.00000000 0.00000000 -0.00000000
vn -1.00000000 0.00000000 0.00000000
vn -1.00000000 0.00000000 0.00000000
vn -1.00000000 0.00000000 0.00000000
vn -0.00000000 0.00000000 -1.00000000
vn -0.00000000 0.00000000 -1.00000000
vn -0.00000000 0.00000000 -1.00000000
vn 1.00000000 -0.00000000 0.00000000
vn 1.00000000 -0.00000000 0.00000000
vn 1.00000000 -0.00000000 0.00000000
vn -0.00000000 0.00000000 1.00000000
vn -0.00000000 0.00000000 1.00000000
vn -0.00000000 0.00000000 1.00000000
vn -1.00000000 0.00000000 0.00000000
vn -1.00000000 0.00000000 0.00000000
vn -1.00000000 0.00000000 0.00000000
vn 0.00000000 0.57345557 -0.81923664
vn 0.00000000 0.57345557 -0.81923664
vn 0.00000000 0.57345557 -0.81923664
vn 1.00000000 -0.00000000 0.00000000
vn 1.00000000 -0.00000000 0.00000000
vn 0.00000000 -0.57346988 0.81922662
vn 0.00000000 -0.57346988 0.81922662
vn 0.00000000 -0.57346988 0.81922662
vn -1.00000000 -0.00000000 0.00000000
vn -1.00000000 -0.00000000 0.00000000
vn -0.00000000 -1.00000000 -0.00000000
vn -0.00000000 -1.00000000 -0.00000000
vn -0.00000000 -1.00000000 -0.00000000
vn 0.00000000 0.81922543 0.57347161
vn 0.00000000 0.81922543 0.57347161
vn 0.00000000 0.81922543 0.57347161
vn -0.00000000 -0.00000000 -1.00000000
vn -0.00000000 0.00000000 1.00000000
vn 0.00000000 0.57345557 -0.81923664
vn 1.00000000 0.00000000 0.00000000
vn 0.00000000 -0.57346988 0.81922662
vn -1.00000000 -0.00000000 0.00000000
vn 0.00000000 -1.00000000 0.00000000
vn 0.00000000 0.81922543 0.57347161
vn -0.97293591 0.14988741 -0.17586787
vn -0.97293591 0.14988741 -0.17586787
vn -0.97293591 0.14988741 -0.17586787
vn 0.97293591 0.14988741 -0.17586787
vn 0.97293591 0.14988741 -0.17586787
vn 0.97293591 0.14988741 -0.17586787
vn 0.00000000 0.16329552 -0.98657715
vn 0.00000000 0.16329552 -0.98657715
vn 0.00000000 0.16329552 -0.98657715
vn 0.00000000 0.13248514 0.99118501
vn 0.00000000 0.13248514 0.99118501
vn 0.00000000 0.13248514 0.99118501
vn 0.00000000 -0.64865202 0.76108503
vn 0.00000000 -0.64865202 0.76108503
vn 0.00000000 -0.64865202 0.76108503
vn 0.00000000 0.16329555 -0.98657721
vn 0.00000000 0.16329555 -0.98657721
vn 0.00000000 0.16329555 -0.98657721
vn 0.00000000 0.13248512 0.99118507
vn 0.00000000 0.13248512 0.99118507
vn 0.00000000 0.13248512 0.99118507
vn 0.00000000 -0.64865202 0.76108503
vn -0.98500723 0.17178607 0.01582221
vn -0.98500723 0.17178607 0.01582221
vn -0.98500723 0.17178607 0.01582221
vn 0.98521632 0.17037645 0.01790813
vn 0.98521632 0.17037645 0.01790813
vn 0.98521632 0.17037645 0.01790813
vn 0.00000000 -0.13278496 -0.99114484
vn 0.00000000 -0.13278496 -0.99114484
vn 0.00000000 -0.13278496 -0.99114484
vn 0.00000000 0.75071371 0.66062772
vn 0.00000000 0.75071371 0.66062772
vn 0.00000000 0.75071371 0.66062772
vn 0.00000000 0.15370700 0.98811656
vn 0.00000000 0.15370700 0.98811656
vn 0.00000000 0.15370700 0.98811656
vn 0.00000000 -0.57039583 0.82137001
vn 0.00000000 -0.57039583 0.82137001
vn 0.00000000 -0.57039583 0.82137001
vn -0.98611629 0.16532907 -0.01552358
vn -0.98611629 0.16532907 -0.01552358
vn -0.98611629 0.16532907 -0.01552358
vn 0.98569465 0.16803303 -0.01307525
vn 0.98569465 0.16803303 -0.01307525
vn 0.98569465 0.16803303 -0.01307525
vn -0.00000000 -0.13278495 -0.99114490
vn -0.00000000 -0.13278495 -0.99114490
vn -0.00000000 -0.13278495 -0.99114490
vn 0.00000000 0.75071377 0.66062766
vn 0.00000000 0.75071377 0.66062766
vn 0.00000000 0.75071377 0.66062766
vn 0.00000000 0.15370698 0.98811644
vn 0.00000000 0.15370698 0.98811644
vn 0.00000000 0.15370698 0.98811644
vn 0.00000000 -0.57039577 0.82136995
vn 0.00000000 -0.57039577 0.82136995
vn 0.00000000 -0.57039577 0.82136995
vn -1.00000000 0.00000000 0.00000000
vn -1.00000000 0.00000000 0.00000000
vn -1.00000000 0.00000000 0.00000000
vn 1.00000000 0.00000000 0.00000000
vn 1.00000000 0.00000000 0.00000000
vn 1.00000000 0.00000000 0.00000000
vn 0.00000000 -0.06507913 -0.99788010
vn 0.00000000 -0.06507913 -0.99788010
vn 0.00000000 -0.06507913 -0.99788010
vn 0.00000000 0.27675116 -0.96094161
vn 0.00000000 0.27675116 -0.96094161
vn 0.00000000 0.27675116 -0.96094161
vn 0.00000000 -0.45006886 -0.89299387
vn 0.00000000 -0.45006886 -0.89299387
vn 0.00000000 -0.45006886 -0.89299387
vn -0.00000000 0.00000000 -1.00000000
vn -0.00000000 0.00000000 -1.00000000
vn -0.00000000 0.00000000 -1.00000000
vn -0.00000000 0.00000000 -1.00000000
vn -0.00000000 0.00000000 -1.00000000
vn 0.00000000 1.00000000 -0.00000000
vn 0.00000000 1.00000000 -0.00000000
vn 0.00000000 1.00000000 -0.00000000
vn 0.00000000 0.05491700 0.99849087
vn 0.00000000 0.05491700 0.99849087
vn 0.00000000 0.05491700 0.99849087
vn 0.00000000 0.10020223 0.99496710
vn 0.00000000 0.10020223 0.99496710
vn 0.00000000 0.10020223 0.99496710
vn 0.00000000 0.07003594 0.99754447
vn 0.00000000 0.07003594 0.99754447
vn 0.00000000 0.07003594 0.99754447
vn 0.00000000 -0.03948120 0.99922031
vn 0.00000000 -0.03948120 0.99922031
vn 0.00000000 -0.03948120 0.99922031
vn 0.00000000 0.38369167 0.92346126
vn 0.00000000 0.38369167 0.92346126
vn 0.00000000 0.38369167 0.92346126
vn 0.00000000 0.50142378 0.86520177
vn 0.00000000 0.50142378 0.86520177
vn 0.00000000 0.50142378 0.86520177
vn 0.00000000 0.50233406 0.86467367
vn 0.00000000 0.50233406 0.86467367
vn 0.00000000 0.50233406 0.86467367
vn 0.00000000 0.21055605 0.97758180
vn 0.00000000 0.21055605 0.97758180
vn 0.00000000 0.21055605 0.97758180
vn -0.00000000 -1.00000000 -0.00000000
vn -0.00000000 -1.00000000 -0.00000000
vn -0.00000000 -1.00000000 -0.00000000
vn -1.00000000 -0.00000000 -0.00000000
vn -1.00000000 -0.00000000 -0.00000000
vn -1.00000000 -0.00000000 -0.00000000
vn -1.00000000 -0.00000000 0.00000000
vn -1.00000000 0.00000000 0.00000000
vn -1.00000000 0.00000000 0.00000000
vn -1.00000000 0.00000000 0.00000000
vn -1.00000000 0.00000000 0.00000000
vn -1.00000000 0.00000000 0.00000000
vn -1.00000000 0.00000000 0.00000000
vn -1.00000000 0.00000000 0.00000000
vn -1.00000000 0.00000000 0.00000000
vn 1.00000000 0.00000000 -0.00000000
vn 1.00000000 0.00000000 -0.00000000
vn 1.00000000 0.00000000 -0.00000000
vn 1.00000000 0.00000000 0.00000000
vn 1.00000000 0.00000000 0.00000000
vn 1.00000000 0.00000000 0.00000000
vn 1.00000000 0.00000000 0.00000000
vn 1.00000000 0.00000000 0.00000000
vn 1.00000000 0.00000000 0.00000000
vn 1.00000000 0.00000000 0.00000000
vn 1.00000000 0.00000000 0.00000000
vn 1.00000000 0.00000000 0.00000000
vn -1.00000000 -0.00000000 -0.00000000
vn -1.00000000 -0.00000000 -0.00000000
vn -1.00000000 -0.00000000 -0.00000000
vn -0.00000000 -0.06507913 -0.99788010
vn 0.00000000 0.27675116 -0.96094161
vn -0.00000000 -0.45006886 -0.89299387
vn -0.00000000 -0.00000000 -1.00000000
vn 0.00000000 1.00000000 0.00000000
vn 0.00000000 0.05491700 0.99849087
vn 0.00000000 0.10020223 0.99496710
vn 0.00000000 0.07003594 0.99754447
vn 0.00000000 -0.03948120 0.99922031
vn 0.00000000 0.38369167 0.92346126
vn 0.00000000 0.50142378 0.86520177
vn 0.00000000 0.50233406 0.86467367
vn 0.00000000 0.21055605 0.97758180
vn 0.00000000 -1.00000000 0.00000000
vn -0.73799676 -0.02358702 -0.67439193
vn -0.73799676 -0.02358702 -0.67439193
vn -0.73799676 -0.02358702 -0.67439193
vn 0.00000000 -0.02472321 -0.99969429
vn 0.00000000 -0.02472321 -0.99969429
vn 0.00000000 -0.02472321 -0.99969429
vn 0.73799670 -0.02358866 -0.67439193
vn 0.73799670 -0.02358866 -0.67439193
vn 0.73799670 -0.02358866 -0.67439193
vn 0.99974471 -0.02259425 0.00000000
vn 0.99974471 -0.02259425 0.00000000
vn 0.99974471 -0.02259425 0.00000000
vn 0.73799676 -0.02358702 0.67439193
vn 0.73799676 -0.02358702 0.67439193
vn 0.73799676 -0.02358702 0.67439193
vn 0.00000000 -0.02472321 0.99969429
vn 0.00000000 -0.02472321 0.99969429
vn 0.00000000 -0.02472321 0.99969429
vn -0.73799670 -0.02358866 0.67439193
vn -0.73799670 -0.02358866 0.67439193
vn -0.73799670 -0.02358866 0.67439193
vn -0.99974471 -0.02259425 0.00000000
vn -0.99974471 -0.02259425 0.00000000
vn -0.99974471 -0.02259425 0.00000000
vn 0.00000000 1.00000000 -0.00000000
vn 0.00000000 1.00000000 -0.00000000
vn 0.00000000 1.00000000 -0.00000000
vn 0.00000000 1.00000000 0.00000000
vn 0.00000000 1.00000000 0.00000000
vn 0.00000000 1.00000000 0.00000000
vn 0.00000000 1.00000000 0.00000000
vn 0.00000000 1.00000000 0.00000000
vn 0.00000000 1.00000000 0.00000000
vn 0.00000000 1.00000000 0.00000000
vn 0.00000000 1.00000000 0.00000000
vn -0.00000000 1.00000000 0.00000000
vn -0.00000000 1.00000000 0.00000000
vn -0.00000000 1.00000000 0.00000000
vn -0.00000000 1.00000000 0.00000000
vn 0.00000000 1.00000000 -0.00000000
vn -0.73799330 -0.02358862 -0.67439562
vn -0.73799330 -0.02358862 -0.67439562
vn -0.73799330 -0.02358862 -0.67439562
vn -0.00000000 -0.02472321 -0.99969429
vn 0.73799336 -0.02358708 -0.67439568
vn 0.73799336 -0.02358708 -0.67439568
vn 0.73799336 -0.02358708 -0.67439568
vn 0.99974465 -0.02259425 0.00000000
vn 0.99974465 -0.02259425 0.00000000
vn 0.99974465 -0.02259425 0.00000000
vn 0.73799330 -0.02358862 0.67439562
vn 0.73799330 -0.02358862 0.67439562
vn 0.73799330 -0.02358862 0.67439562
vn 0.00000000 -0.02472321 0.99969429
vn -0.73799336 -0.02358708 0.67439568
vn -0.73799336 -0.02358708 0.67439568
vn -0.73799336 -0.02358708 0.67439568
vn -0.99974465 -0.02259425 0.00000000
vn -0.99974465 -0.02259425 0.00000000
vn -0.99974465 -0.02259425 0.00000000
vn -0.73819852 -0.00361592 -0.67457384
vn -0.73819852 -0.00361592 -0.67457384
vn -0.73819852 -0.00361592 -0.67457384
vn 0.00000000 -0.00378993 -0.99999279
vn 0.00000000 -0.00378993 -0.99999279
vn 0.00000000 -0.00378993 -0.99999279
vn 0.73819852 -0.00360618 -0.67457384
vn 0.73819852 -0.00360618 -0.67457384
vn 0.73819852 -0.00360618 -0.67457384
vn 0.99999404 -0.00346001 0.00002370
vn 0.99999404 -0.00346001 0.00002370
vn 0.99999404 -0.00346001 0.00002370
vn 0.73823446 -0.00361216 0.67453456
vn 0.73823446 -0.00361216 0.67453456
vn 0.73823446 -0.00361216 0.67453456
vn 0.00000000 -0.00378997 0.99999279
vn 0.00000000 -0.00378997 0.99999279
vn 0.00000000 -0.00378997 0.99999279
vn -0.73823446 -0.00361332 0.67453456
vn -0.73823446 -0.00361332 0.67453456
vn -0.73823446 -0.00361332 0.67453456
vn -0.99999404 -0.00345494 0.00002370
vn -0.99999404 -0.00345494 0.00002370
vn -0.99999404 -0.00345494 0.00002370
vn 0.00000000 1.00000000 -0.00000000
vn 0.00000000 1.00000000 -0.00000000
vn 0.00000000 1.00000000 -0.00000000
vn -0.73823065 -0.00360624 -0.67453873
vn -0.73823065 -0.00360624 -0.67453873
vn -0.73823065 -0.00360624 -0.67453873
vn -0.00000000 -0.00378993 -0.99999285
vn -0.00000000 -0.00378993 -0.99999285
vn -0.00000000 -0.00378993 -0.99999285
vn 0.73823059 -0.00361584 -0.67453867
vn 0.73823059 -0.00361584 -0.67453867
vn 0.73823059 -0.00361584 -0.67453867
vn 0.99999404 -0.00345498 0.00000000
vn 0.99999404 -0.00345498 0.00000000
vn 0.99999404 -0.00345498 0.00000000
vn 0.73823059 -0.00361332 0.67453867
vn 0.73823059 -0.00361332 0.67453867
vn 0.73823059 -0.00361332 0.67453867
vn 0.00000000 -0.00378997 0.99999285
vn 0.00000000 -0.00378997 0.99999285
vn 0.00000000 -0.00378997 0.99999285
vn -0.73823059 -0.00361217 0.67453867
vn -0.73823059 -0.00361217 0.67453867
vn -0.73823059 -0.00361217 0.67453867
vn -0.99999404 -0.00345997 0.00000000
vn -0.99999404 -0.00345997 0.00000000
vn -0.99999404 -0.00345997 0.00000000
vn 0.00000000 1.00000000 0.00000000
vn 0.00000000 1.00000000 0.00000000
vn 0.00000000 1.00000000 0.00000000
vn 0.00000000 1.00000000 -0.00000000
vn 0.00000000 1.00000000 0.00000000
vn -1.00000000 0.00000000 0.00000000
vn -1.00000000 0.00000000 0.00000000
vn -1.00000000 0.00000000 0.00000000
vn 1.00000000 -0.00000000 0.00000000
vn 1.00000000 -0.00000000 0.00000000
vn 1.00000000 -0.00000000 0.00000000
vn -0.00000000 0.00000000 -1.00000000
vn -0.00000000 0.00000000 -1.00000000
vn -0.00000000 0.00000000 -1.00000000
vn 0.00000000 1.00000000 -0.00000000
vn 0.00000000 1.00000000 -0.00000000
vn 0.00000000 1.00000000 -0.00000000
vn 0.00000000 0.00000000 1.00000000
vn 0.00000000 0.00000000 1.00000000
vn 0.00000000 0.00000000 1.00000000
vn -0.00000000 -1.00000000 -0.00000000
vn -0.00000000 -1.00000000 -0.00000000
vn -0.00000000 -1.00000000 -0.00000000
vn -1.00000000 0.00000000 0.00000000
vn 1.00000000 0.00000000 0.00000000
vn -0.00000000 -0.00000000 -1.00000000
vn 0.00000000 1.00000000 0.00000000
vn 0.00000000 -0.00000000 1.00000000
vn 0.00000000 -1.00000000 0.00000000
vn 0.92387438 -0.00000000 0.38269603
vn 0.92387438 -0.00000000 0.38269603
vn 0.92387438 -0.00000000 0.38269603
vn -0.92389446 0.00000000 -0.38264734
vn -0.92389446 0.00000000 -0.38264734
vn -0.92389446 0.00000000 -0.38264734
vn 0.00000000 -1.00000000 0.00000000
vn 0.00000000 -1.00000000 0.00000000
vn 0.00000000 -1.00000000 0.00000000
vn 0.00000000 1.00000000 0.00000000
vn 0.00000000 1.00000000 0.00000000
vn 0.00000000 1.00000000 0.00000000
vn 0.38269618 -0.00000000 0.92387426
vn 0.38269618 -0.00000000 0.92387426
vn 0.38269618 -0.00000000 0.92387426
vn -0.38264686 0.00000000 -0.92389464
vn -0.38264686 0.00000000 -0.92389464
vn -0.38264686 0.00000000 -0.92389464
vn -0.00000000 -1.00000000 0.00000000
vn -0.00000000 -1.00000000 0.00000000
vn 0.00000000 1.00000000 0.00000000
vn 0.00000000 1.00000000 0.00000000
vn -0.38269618 0.00000000 0.92387426
vn -0.38269618 0.00000000 0.92387426
vn -0.38269618 0.00000000 0.92387426
vn 0.38264686 0.00000000 -0.92389464
vn 0.38264686 0.00000000 -0.92389464
vn 0.38264686 0.00000000 -0.92389464
vn 0.00000000 -1.00000000 -0.00000000
vn 0.00000000 -1.00000000 -0.00000000
vn -0.00000000 1.00000000 0.00000000
vn -0.00000000 1.00000000 0.00000000
vn -0.92387438 0.00000000 0.38269603
vn -0.92387438 0.00000000 0.38269603
vn -0.92387438 0.00000000 0.38269603
vn 0.92389446 0.00000000 -0.38264734
vn 0.92389446 0.00000000 -0.38264734
vn 0.92389446 0.00000000 -0.38264734
vn 0.00000000 -1.00000000 -0.00000000
vn 0.00000000 -1.00000000 -0.00000000
vn 0.00000000 1.00000000 0.00000000
vn 0.00000000 1.00000000 0.00000000
vn -0.92387438 0.00000000 -0.38269603
vn -0.92387438 0.00000000 -0.38269603
vn -0.92387438 0.00000000 -0.38269603
vn 0.92388558 -0.00000000 0.38266867
vn 0.92388558 -0.00000000 0.38266867
vn 0.92388558 -0.00000000 0.38266867
vn 0.00000000 -1.00000000 0.00000000
vn 0.00000000 -1.00000000 0.00000000
vn 0.00000000 1.00000000 -0.00000000
vn 0.00000000 1.00000000 -0.00000000
vn -0.38269565 0.00000000 -0.92387450
vn -0.38269565 0.00000000 -0.92387450
vn -0.38269565 0.00000000 -0.92387450
vn 0.38269845 -0.00000000 0.92387336
vn 0.38269845 -0.00000000 0.92387336
vn 0.38269845 -0.00000000 0.92387336
vn 0.00000000 -1.00000000 0.00000000
vn 0.00000000 -1.00000000 0.00000000
vn 0.00000000 1.00000000 -0.00000000
vn 0.00000000 1.00000000 -0.00000000
vn 0.38269565 0.00000000 -0.92387450
vn 0.38269565 0.00000000 -0.92387450
vn 0.38269565 0.00000000 -0.92387450
vn -0.38269845 0.00000000 0.92387336
vn -0.38269845 0.00000000 0.92387336
vn -0.38269845 0.00000000 0.92387336
vn 0.00000000 -1.00000000 0.00000000
vn 0.00000000 -1.00000000 0.00000000
vn 0.00000000 1.00000000 0.00000000
vn 0.00000000 1.00000000 0.00000000
vn 0.92387438 0.00000000 -0.38269603
vn 0.92387438 0.00000000 -0.38269603
vn 0.92387438 0.00000000 -0.38269603
vn -0.92388558 0.00000000 0.38266867
vn -0.92388558 0.00000000 0.38266867
vn -0.92388558 0.00000000 0.38266867
vn 0.00000000 -1.00000000 0.00000000
vn 0.00000000 1.00000000 0.00000000
vn 0.92387438 0.00000000 0.38269603
vn -0.92389446 -0.00000000 -0.38264734
vn 0.38269618 0.00000000 0.92387426
vn -0.38264686 -0.00000000 -0.92389464
vn -0.38269618 0.00000000 0.92387426
vn 0.38264686 0.00000000 -0.92389464
vn -0.92387438 0.00000000 0.38269603
vn 0.92389446 0.00000000 -0.38264734
vn -0.92387438 -0.00000000 -0.38269603
vn 0.92388558 0.00000000 0.38266867
vn -0.38269565 -0.00000000 -0.92387450
vn 0.38269845 0.00000000 0.92387336
vn 0.38269565 0.00000000 -0.92387450
vn -0.38269845 0.00000000 0.92387336
vn 0.92387438 0.00000000 -0.38269603
vn -0.92388558 0.00000000 0.38266867
vn -0.00000000 -1.00000000 -0.00000000
vn -0.00000000 -1.00000000 -0.00000000
vn -0.00000000 -1.00000000 -0.00000000
vn 0.00000000 1.00000000 -0.00000000
vn 0.00000000 1.00000000 -0.00000000
vn 0.00000000 1.00000000 -0.00000000
vn -0.00000000 0.00000000 -1.00000000
vn -0.00000000 0.00000000 -1.00000000
vn -0.00000000 0.00000000 -1.00000000
vn 1.00000000 -0.00000000 0.00000000
vn 1.00000000 -0.00000000 0.00000000
vn 1.00000000 -0.00000000 0.00000000
vn -0.00000000 0.00000000 1.00000000
vn -0.00000000 0.00000000 1.00000000
vn -0.00000000 0.00000000 1.00000000
vn -1.00000000 0.00000000 0.00000000
vn -1.00000000 0.00000000 0.00000000
vn -1.00000000 0.00000000 0.00000000
vn 0.00000000 -0.04993772 -0.99875230
vn 0.00000000 -0.04993772 -0.99875230
vn 0.00000000 -0.04993772 -0.99875230
vn 0.98373425 0.17962986 0.00000000
vn 0.98373425 0.17962986 0.00000000
vn 0.98373425 0.17962986 0.00000000
vn -0.00000000 0.00000000 1.00000000
vn -0.00000000 0.00000000 1.00000000
vn -0.98373425 0.17962986 0.00000000
vn -0.98373425 0.17962986 0.00000000
vn -0.98373425 0.17962986 0.00000000
vn 0.00000000 -1.00000000 0.00000000
vn 0.00000000 1.00000000 0.00000000
vn -0.00000000 -0.00000000 -1.00000000
vn 1.00000000 0.00000000 0.00000000
vn -1.00000000 0.00000000 0.00000000
vn -0.00000000 -0.04993772 -0.99875236
vn -0.00000000 -0.04993772 -0.99875236
vn -0.00000000 -0.04993772 -0.99875236
vn 0.98373431 0.17962988 0.00000000
vn 0.98373431 0.17962988 0.00000000
vn 0.98373431 0.17962988 0.00000000
vn -0.00000000 0.00000000 1.00000000
vn -0.98373431 0.17962988 0.00000000
vn -0.98373431 0.17962988 0.00000000
vn -0.98373431 0.17962988 0.00000000
vn -0.00000000 -1.00000000 -0.00000000
vn -0.00000000 -1.00000000 -0.00000000
vn -0.00000000 -1.00000000 -0.00000000
vn 0.00000000 1.00000000 -0.00000000
vn 0.00000000 1.00000000 -0.00000000
vn 0.00000000 1.00000000 -0.00000000
vn -0.00000000 0.00000000 -1.00000000
vn -0.00000000 0.00000000 -1.00000000
vn -0.00000000 0.00000000 -1.00000000
vn 1.00000000 -0.00000000 0.00000000
vn 1.00000000 -0.00000000 0.00000000
vn 1.00000000 -0.00000000 0.00000000
vn -0.00000000 0.00000000 1.00000000
vn -0.00000000 0.00000000 1.00000000
vn -0.00000000 0.00000000 1.00000000
vn -0.94682831 0.00000000 -0.32173935
vn -0.94682831 0.00000000 -0.32173935
vn -0.94682831 0.00000000 -0.32173935
vn 0.00000000 -1.00000000 0.00000000
vn 0.00000000 1.00000000 0.00000000
vn -0.00000000 -0.00000000 -1.00000000
vn 1.00000000 0.00000000 0.00000000
vn -0.00000000 0.00000000 1.00000000
vn -0.94682831 -0.00000000 -0.32173935
vn 0.00000000 -1.00000000 0.00000000
vn 0.00000000 -1.00000000 0.00000000
vn 0.00000000 -1.00000000 0.00000000
vn 0.00000000 1.00000000 0.00000000
vn 0.00000000 1.00000000 0.00000000
vn 0.00000000 1.00000000 0.00000000
vn -0.00000000 -0.00000000 -1.00000000
vn -0.00000000 -0.00000000 -1.00000000
vn -0.00000000 -0.00000000 -1.00000000
vn -1.00000000 -0.00000000 0.00000000
vn -1.00000000 -0.00000000 0.00000000
vn -1.00000000 -0.00000000 0.00000000
vn -0.00000000 0.00000000 1.00000000
vn -0.00000000 0.00000000 1.00000000
vn -0.00000000 0.00000000 1.00000000
vn 0.94682831 0.00000000 -0.32173935
vn 0.94682831 0.00000000 -0.32173935
vn 0.94682831 0.00000000 -0.32173935
vn 0.00000000 -1.00000000 0.00000000
vn -0.00000000 1.00000000 0.00000000
vn 0.00000000 0.00000000 -1.00000000
vn -1.00000000 -0.00000000 -0.00000000
vn 0.00000000 0.00000000 1.00000000
vn 0.94682831 0.00000000 -0.32173935
vn 0.00000000 0.86602765 0.49999610
vn 0.00000000 0.86602765 0.49999610
vn 0.00000000 0.86602765 0.49999610
vn -0.00000000 0.86602765 0.49999610
vn 0.00000000 -0.00000000 1.00000000
vn 0.00000000 -0.00000000 1.00000000
vn 0.00000000 -0.00000000 1.00000000
vn 0.00000000 0.00000000 1.00000000
vn 0.00000000 -0.86602765 0.49999610
vn 0.00000000 -0.86602765 0.49999610
vn 0.00000000 -0.86602765 0.49999610
vn 0.00000000 -0.86602765 0.49999610
vn -0.00000000 -0.86602765 -0.49999610
vn -0.00000000 -0.86602765 -0.49999610
vn -0.00000000 -0.86602765 -0.49999610
vn 0.00000000 -0.86602765 -0.49999610
vn -1.00000000 0.00000000 0.00000000
vn -1.00000000 0.00000000 0.00000000
vn -1.00000000 0.00000000 0.00000000
vn -1.00000000 -0.00000000 -0.00000000
vn -1.00000000 -0.00000000 0.00000000
vn -1.00000000 -0.00000000 -0.00000000
vn 0.00000000 0.86602765 -0.49999610
vn 0.00000000 0.86602765 -0.49999610
vn 0.00000000 0.86602765 -0.49999610
vn 0.00000000 0.86602765 -0.49999610
vn -0.00000000 -0.00000000 -1.00000000
vn -0.00000000 -0.00000000 -1.00000000
vn -0.00000000 -0.00000000 -1.00000000
vn 0.00000000 0.00000000 -1.00000000
vn 1.00000000 -0.00000000 0.00000000
vn 1.00000000 -0.00000000 0.00000000
vn 1.00000000 -0.00000000 0.00000000
vn 1.00000000 0.00000000 -0.00000000
vn 1.00000000 0.00000000 0.00000000
vn 1.00000000 0.00000000 -0.00000000
vn 0.00000000 0.86602765 0.49999610
vn 0.00000000 0.86602765 0.49999610
vn 0.00000000 0.86602765 0.49999610
vn 0.00000000 0.86602765 0.49999610
vn 0.00000000 0.00000000 1.00000000
vn 0.00000000 0.00000000 1.00000000
vn 0.00000000 0.00000000 1.00000000
vn 0.00000000 -0.00000000 1.00000000
vn 0.00000000 -0.86602765 0.49999610
vn 0.00000000 -0.86602765 0.49999610
vn 0.00000000 -0.86602765 0.49999610
vn 0.00000000 -0.86602765 0.49999610
vn 0.00000000 -0.86602765 -0.49999610
vn 0.00000000 -0.86602765 -0.49999610
vn 0.00000000 -0.86602765 -0.49999610
vn -0.00000000 -0.86602765 -0.49999610
vn 1.00000000 -0.00000000 0.00000000
vn 1.00000000 -0.00000000 0.00000000
vn 1.00000000 -0.00000000 0.00000000
vn 1.00000000 0.00000000 -0.00000000
vn 1.00000000 0.00000000 0.00000000
vn 1.00000000 0.00000000 -0.00000000
vn 0.00000000 0.86602765 -0.49999610
vn 0.00000000 0.86602765 -0.49999610
vn 0.00000000 0.86602765 -0.49999610
vn 0.00000000 0.86602765 -0.49999610
vn -0.00000000 0.00000000 -1.00000000
vn -0.00000000 0.00000000 -1.00000000
vn -0.00000000 0.00000000 -1.00000000
vn -0.00000000 -0.00000000 -1.00000000
vn -1.00000000 0.00000000 0.00000000
vn -1.00000000 0.00000000 0.00000000
vn -1.00000000 0.00000000 0.00000000
vn -1.00000000 -0.00000000 -0.00000000
vn -1.00000000 -0.00000000 0.00000000
vn -1.00000000 -0.00000000 -0.00000000
vn -0.00000000 0.00000000 -1.00000000
vn -0.00000000 0.00000000 -1.00000000
vn -0.00000000 0.00000000 -1.00000000
vn 0.99910522 0.00000000 -0.04229345
vn 0.99910522 0.00000000 -0.04229345
vn 0.99910522 0.00000000 -0.04229345
vn 0.70710659 0.00000000 -0.70710695
vn 0.70710659 0.00000000 -0.70710695
vn 0.70710659 0.00000000 -0.70710695
vn 1.00000000 -0.00000000 0.00000000
vn 1.00000000 -0.00000000 0.00000000
vn 1.00000000 -0.00000000 0.00000000
vn 0.70710677 -0.00000000 0.70710683
vn 0.70710677 -0.00000000 0.70710683
vn 0.70710677 -0.00000000 0.70710683
vn -0.00000000 0.00000000 1.00000000
vn -0.00000000 0.00000000 1.00000000
vn -0.00000000 0.00000000 1.00000000
vn -0.70710677 0.00000000 0.70710683
vn -0.70710677 0.00000000 0.70710683
vn -0.70710677 0.00000000 0.70710683
vn -1.00000000 0.00000000 0.00000000
vn -1.00000000 0.00000000 0.00000000
vn -1.00000000 0.00000000 0.00000000
vn -0.70710659 0.00000000 -0.70710695
vn -0.70710659 0.00000000 -0.70710695
vn -0.70710659 0.00000000 -0.70710695
vn -0.99910522 0.00000000 -0.04229345
vn -0.99910522 0.00000000 -0.04229345
vn -0.99910522 0.00000000 -0.04229345
vn 0.00000000 -1.00000000 0.00000000
vn 0.00000000 -1.00000000 0.00000000
vn 0.00000000 -1.00000000 0.00000000
vn 0.00000000 1.00000000 -0.00000000
vn 0.00000000 1.00000000 -0.00000000
vn 0.00000000 1.00000000 -0.00000000
vn -0.00000000 -0.00000000 -1.00000000
vn 0.99910522 0.00000000 -0.04229345
vn 0.70710659 0.00000000 -0.70710695
vn 1.00000000 0.00000000 0.00000000
vn 0.70710677 0.00000000 0.70710683
vn -0.00000000 0.00000000 1.00000000
vn -0.70710677 0.00000000 0.70710683
vn -1.00000000 0.00000000 0.00000000
vn -0.70710659 -0.00000000 -0.70710695
vn -0.99910522 -0.00000000 -0.04229345
vn 0.00000000 -1.00000000 0.00000000
vn 0.00000000 -1.00000000 0.00000000
vn 0.00000000 -1.00000000 0.00000000
vn 0.00000000 -1.00000000 -0.00000000
vn 0.00000000 -1.00000000 -0.00000000
vn 0.00000000 -1.00000000 0.00000000
vn 0.00000000 -1.00000000 0.00000000
vn -0.00000000 1.00000000 0.00000000
vn -0.00000000 1.00000000 0.00000000
vn 0.00000000 1.00000000 0.00000000
vn 0.00000000 1.00000000 0.00000000
vn 0.00000000 1.00000000 0.00000000
vn 0.00000000 1.00000000 -0.00000000
vn 0.00000000 1.00000000 -0.00000000
o receiver_cover
f 1/1/1 2/2/2 3/3/3
f 4/4/4 5/5/5 6/6/6
f 7/7/7 8/8/8 9/9/9
f 10/10/10 11/11/11 12/12/12
f 13/13/13 14/14/14 15/15/15
f 16/16/16 17/17/17 18/18/18
f 19/19/19 20/20/20 21/21/21
f 22/22/22 23/23/23 24/24/24
f 25/25/25 26/26/26 27/27/27
f 28/28/28 29/29/29 30/30/30
f 1/1/1 31/31/31 2/2/2
f 4/4/4 32/32/32 5/5/5
f 7/7/7 33/33/33 8/8/8
f 10/10/10 34/34/34 11/11/11
f 13/13/13 35/35/35 14/14/14
f 16/16/16 36/36/36 17/17/17
f 19/19/19 37/37/37 20/20/20
f 22/22/22 38/38/38 23/23/23
f 27/27/27 39/39/39 40/40/40
f 40/40/40 41/41/41 25/25/25
f 25/25/25 42/42/42 26/26/26
f 26/26/26 43/43/43 27/27/27
f 27/27/27 40/40/40 25/25/25
f 30/30/30 44/44/44 45/45/45
f 45/45/45 46/46/46 28/28/28
f 28/28/28 47/47/47 29/29/29
f 29/29/29 48/48/48 30/30/30
f 30/30/30 45/45/45 28/28/28
o barrel
f 105/105/105 106/106/106 107/107/107
f 108/108/108 109/109/109 110/110/110
f 111/111/111 112/112/112 113/113/113
f 114/114/114 115/115/115 116/116/116
f 117/117/117 118/118/118 119/119/119
f 120/120/120 121/121/121 122/122/122
f 123/123/123 124/124/124 125/125/125
f 126/126/126 127/127/127 128/128/128
f 129/129/129 130/130/130 131/131/131
f 132/132/132 133/133/133 134/134/134
f 135/135/135 136/136/136 137/137/137
f 138/138/138 139/139/139 140/140/140
f 141/141/141 142/142/142 143/143/143
f 144/144/144 145/145/145 146/146/146
f 147/147/147 148/148/148 149/149/149
f 111/111/111 150/150/150 112/112/112
f 151/151/151 152/152/152 153/153/153
f 154/154/154 155/155/155 156/156/156
f 120/120/120 157/157/157 121/121/121
f 158/158/158 159/159/159 160/160/160
f 161/161/161 162/162/162 163/163/163
f 129/129/129 164/164/164 130/130/130
f 165/165/165 166/166/166 167/167/167
f 168/168/168 169/169/169 170/170/170
f 138/138/138 171/171/171 139/139/139
f 143/143/143 172/172/172 173/173/173
f 173/173/173 174/174/174 141/141/141
f 141/141/141 175/175/175 176/176/176
f 176/176/176 177/177/177 142/142/142
f 142/142/142 178/178/178 179/179/179
f 179/179/179 180/180/180 143/143/143
f 143/143/143 173/173/173 141/141/141
f 141/141/141 176/176/176 142/142/142
f 142/142/142 179/179/179 143/143/143
o rear_sight_mount_block
f 181/181/181 182/182/182 183/183/183
f 184/184/184 185/185/185 186/186/186
f 187/187/187 188/188/188 189/189/189
f 190/190/190 191/191/191 192/192/192
f 193/193/193 194/194/194 195/195/195
f 196/196/196 197/197/197 198/198/198
f 181/181/181 199/199/199 182/182/182
f 184/184/184 200/200/200 185/185/185
f 187/187/187 201/201/201 188/188/188
f 190/190/190 202/202/202 191/191/191
f 193/193/193 203/203/203 194/194/194
f 196/196/196 204/204/204 197/197/197
o gas_tube
f 335/335/335 336/336/336 337/337/337
f 338/338/338 339/339/339 340/340/340
f 341/341/341 342/342/342 343/343/343
f 344/344/344 345/345/345 346/346/346
f 347/347/347 348/348/348 349/349/349
f 350/350/350 351/351/351 339/339/339
f 352/352/352 353/353/353 354/354/354
f 355/355/355 356/356/356 345/345/345
f 357/357/357 358/358/358 359/359/359
f 360/360/360 361/361/361 362/362/362
f 335/335/335 363/363/363 336/336/336
f 338/338/338 350/350/350 339/339/339
f 341/341/341 364/364/364 342/342/342
f 344/344/344 355/355/355 345/345/345
f 347/347/347 365/365/365 348/348/348
f 350/350/350 366/366/366 351/351/351
f 352/352/352 367/367/367 353/353/353
f 355/355/355 368/368/368 356/356/356
f 357/357/357 369/369/369 358/358/358
f 360/360/360 370/370/370 361/361/361
o fixed_ten_round_magazine
f 371/371/371 372/372/372 373/373/373
f 374/374/374 375/375/375 376/376/376
f 377/377/377 378/378/378 379/379/379
f 380/380/380 381/381/381 382/382/382
f 383/383/383 384/384/384 385/385/385
f 386/386/386 387/387/387 388/388/388
f 389/389/389 390/390/390 391/391/391
f 383/383/383 392/392/392 384/384/384
o magazine_floorplate
f 393/393/393 394/394/394 395/395/395
f 396/396/396 397/397/397 398/398/398
f 399/399/399 400/400/400 401/401/401
f 402/402/402 403/403/403 404/404/404
f 405/405/405 406/406/406 407/407/407
f 408/408/408 409/409/409 410/410/410
f 411/411/411 412/412/412 413/413/413
f 414/414/414 415/415/415 416/416/416
f 417/417/417 418/418/418 419/419/419
f 420/420/420 421/421/421 422/422/422
f 423/423/423 424/424/424 425/425/425
f 426/426/426 427/427/427 428/428/428
o wood_stock_and_fore_end
f 429/429/429 430/430/430 431/431/431
f 432/432/432 433/433/433 434/434/434
f 435/435/435 436/436/436 437/437/437
f 438/438/438 439/439/439 440/440/440
f 441/441/441 442/442/442 443/443/443
f 444/444/444 445/445/445 446/446/446
f 447/447/447 448/448/448 445/445/445
f 449/449/449 450/450/450 451/451/451
f 452/452/452 453/453/453 454/454/454
f 455/455/455 456/456/456 457/457/457
f 458/458/458 459/459/459 460/460/460
f 461/461/461 462/462/462 463/463/463
f 464/464/464 465/465/465 466/466/466
f 467/467/467 468/468/468 469/469/469
f 470/470/470 471/471/471 472/472/472
f 473/473/473 474/474/474 475/475/475
f 476/476/476 477/477/477 478/478/478
f 479/479/479 480/480/480 481/481/481
f 479/479/479 481/481/481 482/482/482
f 431/431/431 483/483/483 479/479/479
f 484/484/484 485/485/485 431/431/431
f 486/486/486 487/487/487 484/484/484
f 488/488/488 489/489/489 490/490/490
f 490/490/490 486/486/486 484/484/484
f 431/431/431 479/479/479 482/482/482
f 490/490/490 484/484/484 431/431/431
f 430/430/430 488/488/488 490/490/490
f 431/431/431 482/482/482 429/429/429
f 430/430/430 490/490/490 431/431/431
f 491/491/491 492/492/492 493/493/493
f 494/494/494 495/495/495 432/432/432
f 491/491/491 493/493/493 494/494/494
f 496/496/496 497/497/497 491/491/491
f 498/498/498 496/496/496 491/491/491
f 491/491/491 494/494/494 432/432/432
f 432/432/432 499/499/499 500/500/500
f 433/433/433 501/501/501 502/502/502
f 432/432/432 500/500/500 433/433/433
f 434/434/434 498/498/498 491/491/491
f 433/433/433 502/502/502 434/434/434
f 503/503/503 504/504/504 505/505/505
f 435/435/435 506/506/506 436/436/436
f 438/438/438 507/507/507 439/439/439
f 441/441/441 508/508/508 442/442/442
f 444/444/444 447/447/447 445/445/445
f 447/447/447 509/509/509 448/448/448
f 449/449/449 510/510/510 450/450/450
f 452/452/452 511/511/511 453/453/453
f 455/455/455 512/512/512 456/456/456
f 458/458/458 513/513/513 459/459/459
f 461/461/461 514/514/514 462/462/462
f 464/464/464 515/515/515 465/465/465
f 467/467/467 516/516/516 468/468/468
f 470/470/470 517/517/517 471/471/471
f 473/473/473 518/518/518 474/474/474
f 476/476/476 519/519/519 477/477/477
o rear_sight_cover_cap
f 520/520/520 521/521/521 522/522/522
f 523/523/523 524/524/524 525/525/525
f 526/526/526 527/527/527 528/528/528
f 529/529/529 530/530/530 531/531/531
f 532/532/532 533/533/533 534/534/534
f 535/535/535 536/536/536 537/537/537
f 538/538/538 539/539/539 540/540/540
f 541/541/541 542/542/542 543/543/543
f 544/544/544 545/545/545 546/546/546
f 546/546/546 547/547/547 548/548/548
f 548/548/548 549/549/549 550/550/550
f 550/550/550 551/551/551 552/552/552
f 552/552/552 553/553/553 554/554/554
f 554/554/554 555/555/555 556/556/556
f 556/556/556 557/557/557 558/558/558
f 558/558/558 559/559/559 544/544/544
f 560/560/560 561/561/561 562/562/562
f 523/523/523 563/563/563 524/524/524
f 564/564/564 565/565/565 566/566/566
f 567/567/567 568/568/568 569/569/569
f 570/570/570 571/571/571 572/572/572
f 535/535/535 573/573/573 536/536/536
f 574/574/574 575/575/575 576/576/576
f 577/577/577 578/578/578 579/579/579
f 544/544/544 559/559/559 545/545/545
f 546/546/546 545/545/545 547/547/547
f 548/548/548 547/547/547 549/549/549
f 550/550/550 549/549/549 551/551/551
f 552/552/552 551/551/551 553/553/553
f 554/554/554 553/553/553 555/555/555
f 556/556/556 555/555/555 557/557/557
f 558/558/558 557/557/557 559/559/559
o upper_wood_handguard
f 580/580/580 581/581/581 582/582/582
f 583/583/583 584/584/584 585/585/585
f 586/586/586 587/587/587 588/588/588
f 589/589/589 590/590/590 591/591/591
f 592/592/592 593/593/593 594/594/594
f 595/595/595 596/596/596 597/597/597
f 598/598/598 599/599/599 600/600/600
f 601/601/601 602/602/602 603/603/603
f 604/604/604 605/605/605 606/606/606
f 607/607/607 608/608/608 609/609/609
f 610/610/610 611/611/611 612/612/612
f 613/613/613 614/614/614 615/615/615
f 616/616/616 617/617/617 618/618/618
f 619/619/619 620/620/620 621/621/621
f 622/622/622 623/623/623 624/624/624
f 625/625/625 626/626/626 627/627/627
f 628/628/628 629/629/629 630/630/630
f 606/606/606 631/631/631 632/632/632
f 632/632/632 633/633/633 604/604/604
f 604/604/604 634/634/634 605/605/605
f 605/605/605 635/635/635 606/606/606
f 606/606/606 632/632/632 604/604/604
o front_post
f 636/636/636 637/637/637 638/638/638
f 639/639/639 640/640/640 641/641/641
f 642/642/642 643/643/643 644/644/644
f 645/645/645 646/646/646 647/647/647
f 648/648/648 649/649/649 650/650/650
f 651/651/651 652/652/652 653/653/653
f 636/636/636 654/654/654 637/637/637
f 639/639/639 655/655/655 640/640/640
f 642/642/642 656/656/656 643/643/643
f 645/645/645 657/657/657 646/646/646
f 648/648/648 658/658/658 649/649/649
f 651/651/651 659/659/659 652/652/652
o front_sight_hood
f 660/660/660 661/661/661 662/662/662
f 663/663/663 664/664/664 665/665/665
f 666/666/666 667/667/667 668/668/668
f 669/669/669 670/670/670 671/671/671
f 672/672/672 673/673/673 674/674/674
f 675/675/675 676/676/676 677/677/677
f 678/678/678 679/679/679 666/666/666
f 671/671/671 680/680/680 681/681/681
f 682/682/682 683/683/683 684/684/684
f 685/685/685 686/686/686 687/687/687
f 688/688/688 689/689/689 678/678/678
f 681/681/681 690/690/690 691/691/691
f 692/692/692 693/693/693 694/694/694
f 695/695/695 696/696/696 697/697/697
f 698/698/698 699/699/699 688/688/688
f 691/691/691 700/700/700 701/701/701
f 702/702/702 703/703/703 704/704/704
f 705/705/705 706/706/706 707/707/707
f 708/708/708 709/709/709 698/698/698
f 701/701/701 710/710/710 711/711/711
f 712/712/712 713/713/713 714/714/714
f 715/715/715 716/716/716 717/717/717
f 718/718/718 719/719/719 708/708/708
f 711/711/711 720/720/720 721/721/721
f 722/722/722 723/723/723 724/724/724
f 725/725/725 726/726/726 727/727/727
f 728/728/728 729/729/729 718/718/718
f 721/721/721 730/730/730 731/731/731
f 732/732/732 733/733/733 734/734/734
f 735/735/735 736/736/736 737/737/737
f 668/668/668 738/738/738 728/728/728
f 731/731/731 739/739/739 669/669/669
f 660/660/660 740/740/740 661/661/661
f 663/663/663 741/741/741 664/664/664
f 666/666/666 679/679/679 667/667/667
f 669/669/669 739/739/739 670/670/670
f 672/672/672 742/742/742 673/673/673
f 675/675/675 743/743/743 676/676/676
f 678/678/678 689/689/689 679/679/679
f 671/671/671 670/670/670 680/680/680
f 682/682/682 744/744/744 683/683/683
f 685/685/685 745/745/745 686/686/686
f 688/688/688 699/699/699 689/689/689
f 681/681/681 680/680/680 690/690/690
f 692/692/692 746/746/746 693/693/693
f 695/695/695 747/747/747 696/696/696
f 698/698/698 709/709/709 699/699/699
f 691/691/691 690/690/690 700/700/700
f 702/702/702 748/748/748 703/703/703
f 705/705/705 749/749/749 706/706/706
f 708/708/708 719/719/719 709/709/709
f 701/701/701 700/700/700 710/710/710
f 712/712/712 750/750/750 713/713/713
f 715/715/715 751/751/751 716/716/716
f 718/718/718 729/729/729 719/719/719
f 711/711/711 710/710/710 720/720/720
f 722/722/722 752/752/752 723/723/723
f 725/725/725 753/753/753 726/726/726
f 728/728/728 738/738/738 729/729/729
f 721/721/721 720/720/720 730/730/730
f 732/732/732 754/754/754 733/733/733
f 735/735/735 755/755/755 736/736/736
f 668/668/668 667/667/667 738/738/738
f 731/731/731 730/730/730 739/739/739
o rear_tangent_leaf
f 756/756/756 757/757/757 758/758/758
f 759/759/759 760/760/760 761/761/761
f 762/762/762 763/763/763 764/764/764
f 765/765/765 766/766/766 767/767/767
f 768/768/768 769/769/769 770/770/770
f 771/771/771 772/772/772 773/773/773
f 774/774/774 775/775/775 776/776/776
f 777/777/777 778/778/778 779/779/779
f 780/780/780 781/781/781 769/769/769
f 782/782/782 783/783/783 784/784/784
f 756/756/756 785/785/785 757/757/757
f 759/759/759 786/786/786 760/760/760
f 762/762/762 787/787/787 763/763/763
f 765/765/765 788/788/788 766/766/766
f 768/768/768 780/780/780 769/769/769
f 771/771/771 789/789/789 772/772/772
f 790/790/790 791/791/791 792/792/792
f 793/793/793 794/794/794 795/795/795
f 780/780/780 796/796/796 781/781/781
f 797/797/797 798/798/798 799/799/799
o rear_notch_right
f 800/800/800 801/801/801 802/802/802
f 803/803/803 804/804/804 805/805/805
f 806/806/806 807/807/807 808/808/808
f 809/809/809 810/810/810 811/811/811
f 812/812/812 813/813/813 814/814/814
f 815/815/815 816/816/816 817/817/817
f 800/800/800 818/818/818 801/801/801
f 803/803/803 819/819/819 804/804/804
f 806/806/806 820/820/820 807/807/807
f 809/809/809 821/821/821 810/810/810
f 812/812/812 822/822/822 813/813/813
f 815/815/815 823/823/823 816/816/816
o rear_notch_left
f 824/824/824 825/825/825 826/826/826
f 827/827/827 828/828/828 829/829/829
f 830/830/830 831/831/831 832/832/832
f 833/833/833 834/834/834 835/835/835
f 836/836/836 837/837/837 838/838/838
f 839/839/839 840/840/840 841/841/841
f 824/824/824 842/842/842 825/825/825
f 827/827/827 843/843/843 828/828/828
f 830/830/830 844/844/844 831/831/831
f 833/833/833 845/845/845 834/834/834
f 836/836/836 846/846/846 837/837/837
f 839/839/839 847/847/847 840/840/840
o rear_leaf_slider_left
f 848/848/848 849/849/849 850/850/850
f 848/848/848 851/851/851 849/849/849
f 852/852/852 853/853/853 854/854/854
f 852/852/852 855/855/855 853/853/853
f 856/856/856 857/857/857 858/858/858
f 856/856/856 859/859/859 857/857/857
f 860/860/860 861/861/861 862/862/862
f 860/860/860 863/863/863 861/861/861
f 864/864/864 865/865/865 866/866/866
f 865/865/865 864/864/864 867/867/867
f 865/865/865 867/867/867 868/868/868
f 868/868/868 867/867/867 869/869/869
f 870/870/870 871/871/871 872/872/872
f 870/870/870 873/873/873 871/871/871
f 874/874/874 875/875/875 876/876/876
f 874/874/874 877/877/877 875/875/875
f 878/878/878 879/879/879 880/880/880
f 879/879/879 878/878/878 881/881/881
f 879/879/879 881/881/881 882/882/882
f 882/882/882 881/881/881 883/883/883
o rear_leaf_slider_right
f 884/884/884 885/885/885 886/886/886
f 884/884/884 887/887/887 885/885/885
f 888/888/888 889/889/889 890/890/890
f 888/888/888 891/891/891 889/889/889
f 892/892/892 893/893/893 894/894/894
f 892/892/892 895/895/895 893/893/893
f 896/896/896 897/897/897 898/898/898
f 896/896/896 899/899/899 897/897/897
f 900/900/900 901/901/901 902/902/902
f 901/901/901 900/900/900 903/903/903
f 901/901/901 903/903/903 904/904/904
f 904/904/904 903/903/903 905/905/905
f 906/906/906 907/907/907 908/908/908
f 906/906/906 909/909/909 907/907/907
f 910/910/910 911/911/911 912/912/912
f 910/910/910 913/913/913 911/911/911
f 914/914/914 915/915/915 916/916/916
f 915/915/915 914/914/914 917/917/917
f 915/915/915 917/917/917 918/918/918
f 918/918/918 917/917/917 919/919/919
o front_sight_base
f 920/920/920 921/921/921 922/922/922
f 923/923/923 924/924/924 925/925/925
f 926/926/926 927/927/927 928/928/928
f 929/929/929 930/930/930 931/931/931
f 932/932/932 933/933/933 934/934/934
f 935/935/935 936/936/936 937/937/937
f 938/938/938 939/939/939 940/940/940
f 941/941/941 942/942/942 943/943/943
f 944/944/944 945/945/945 946/946/946
f 947/947/947 948/948/948 949/949/949
f 950/950/950 951/951/951 952/952/952
f 953/953/953 954/954/954 955/955/955
f 920/920/920 956/956/956 921/921/921
f 923/923/923 957/957/957 924/924/924
f 926/926/926 958/958/958 927/927/927
f 929/929/929 959/959/959 930/930/930
f 932/932/932 960/960/960 933/933/933
f 935/935/935 961/961/961 936/936/936
f 938/938/938 962/962/962 939/939/939
f 941/941/941 963/963/963 942/942/942
f 944/944/944 964/964/964 945/945/945
f 947/947/947 965/965/965 948/948/948
f 966/966/966 967/967/967 968/968/968
f 950/950/950 969/969/969 970/970/970
f 966/966/966 968/968/968 950/950/950
f 952/952/952 971/971/971 966/966/966
f 951/951/951 972/972/972 952/952/952
f 950/950/950 970/970/970 951/951/951
f 952/952/952 966/966/966 950/950/950
f 973/973/973 974/974/974 953/953/953
f 953/953/953 975/975/975 976/976/976
f 976/976/976 977/977/977 954/954/954
f 954/954/954 978/978/978 979/979/979
f 955/955/955 973/973/973 953/953/953
f 954/954/954 979/979/979 955/955/955
f 953/953/953 976/976/976 954/954/954
