# Metres; forward +Y; gun-up -Z; shooter-right -X. No preview transform.
# Vertex positions are raw gun-local or sight-mount-local as documented.
mtllib sks.mtl
s off
usemtl sks_palette
v -0.053000 -0.125000 -0.024000
v -0.053000 -0.365000 -0.064000
v -0.053000 -0.720000 -0.085000
v 0.053000 0.175000 -0.145000
v 0.053000 -0.125000 -0.024000
v 0.053000 -0.720000 0.203000
v -0.053000 -0.720000 -0.085000
v 0.053000 -0.490000 -0.100000
v 0.053000 -0.720000 -0.085000
v -0.053000 -0.490000 -0.100000
v 0.053000 -0.365000 -0.064000
v 0.053000 -0.490000 -0.100000
v -0.053000 -0.365000 -0.064000
v 0.053000 -0.240000 -0.127000
v 0.053000 -0.365000 -0.064000
v -0.053000 -0.240000 -0.127000
v 0.053000 0.175000 -0.145000
v 0.053000 -0.240000 -0.127000
v -0.053000 0.175000 -0.145000
v 0.053000 0.520000 -0.130000
v 0.053000 0.175000 -0.145000
v -0.053000 0.520000 -0.130000
v 0.053000 0.520000 -0.052000
v 0.053000 0.520000 -0.130000
v -0.053000 0.520000 -0.052000
v 0.053000 0.120000 -0.030000
v 0.053000 0.520000 -0.052000
v -0.053000 0.120000 -0.030000
v 0.053000 -0.125000 -0.024000
v 0.053000 0.120000 -0.030000
v -0.053000 -0.125000 -0.024000
v 0.053000 -0.267000 0.035000
v 0.053000 -0.125000 -0.024000
v -0.053000 -0.267000 0.035000
v 0.053000 -0.355000 0.086000
v 0.053000 -0.267000 0.035000
v -0.053000 -0.355000 0.086000
v 0.053000 -0.460000 0.147000
v 0.053000 -0.355000 0.086000
v -0.053000 -0.460000 0.147000
v 0.053000 -0.720000 0.203000
v 0.053000 -0.460000 0.147000
v -0.053000 -0.720000 0.203000
v 0.053000 -0.720000 -0.085000
v 0.053000 -0.720000 0.203000
v -0.053000 -0.720000 0.203000
v -0.053000 -0.460000 0.147000
v -0.053000 -0.355000 0.086000
v -0.053000 -0.490000 -0.100000
v -0.053000 0.175000 -0.145000
v -0.053000 -0.240000 -0.127000
v -0.053000 0.520000 -0.052000
v -0.053000 0.520000 -0.130000
v -0.053000 0.120000 -0.030000
v -0.053000 -0.267000 0.035000
v 0.053000 -0.720000 -0.085000
v 0.053000 -0.490000 -0.100000
v 0.053000 -0.365000 -0.064000
v 0.053000 -0.240000 -0.127000
v 0.053000 -0.355000 0.086000
v 0.053000 -0.460000 0.147000
v 0.053000 -0.267000 0.035000
v 0.053000 0.520000 -0.130000
v 0.053000 0.520000 -0.052000
v 0.053000 0.120000 -0.030000
v -0.053000 -0.490000 -0.100000
v -0.053000 -0.365000 -0.064000
v -0.053000 -0.240000 -0.127000
v -0.053000 0.175000 -0.145000
v -0.053000 0.520000 -0.130000
v -0.053000 0.520000 -0.052000
v -0.053000 0.120000 -0.030000
v -0.053000 -0.125000 -0.024000
v -0.053000 -0.267000 0.035000
v -0.053000 -0.355000 0.086000
v -0.053000 -0.460000 0.147000
v -0.053000 -0.720000 0.203000
v -0.053000 -0.720000 -0.085000
v 0.048966 -0.246000 -0.114804
v 0.020282 0.025000 -0.083415
v 0.020282 -0.246000 -0.083415
v 0.020282 -0.246000 -0.083415
v -0.020282 0.025000 -0.083415
v -0.020282 -0.246000 -0.083415
v -0.020282 -0.246000 -0.083415
v -0.048966 0.025000 -0.114804
v -0.048966 -0.246000 -0.114804
v -0.048966 -0.246000 -0.114804
v -0.048966 0.025000 -0.159196
v -0.048966 -0.246000 -0.159196
v -0.048966 -0.246000 -0.159196
v -0.020282 0.025000 -0.190585
v -0.020282 -0.246000 -0.190585
v -0.020282 -0.246000 -0.190585
v 0.020282 0.025000 -0.190585
v 0.020282 -0.246000 -0.190585
v 0.020282 -0.246000 -0.190585
v 0.048966 0.025000 -0.159196
v 0.048966 -0.246000 -0.159196
v 0.048966 -0.246000 -0.159196
v 0.048966 0.025000 -0.114804
v 0.048966 -0.246000 -0.114804
v -0.020282 -0.246000 -0.083415
v -0.048966 -0.246000 -0.159196
v 0.020282 -0.246000 -0.190585
v -0.020282 0.025000 -0.190585
v -0.048966 0.025000 -0.114804
v 0.020282 0.025000 -0.083415
v 0.048966 0.025000 -0.114804
v 0.020282 0.025000 -0.083415
v -0.020282 0.025000 -0.083415
v -0.048966 0.025000 -0.114804
v -0.048966 0.025000 -0.159196
v -0.020282 0.025000 -0.190585
v 0.020282 0.025000 -0.190585
v 0.048966 0.025000 -0.159196
v 0.048966 -0.246000 -0.159196
v 0.048966 -0.246000 -0.114804
v 0.020282 -0.246000 -0.083415
v -0.048966 -0.246000 -0.114804
v -0.020282 -0.246000 -0.190585
v 0.048966 0.025000 -0.114804
v 0.048966 0.025000 -0.159196
v 0.020282 0.025000 -0.190585
v -0.048966 0.025000 -0.159196
v -0.020282 0.025000 -0.083415
v -0.045108 -0.076000 -0.157447
v -0.019065 0.190000 -0.187370
v -0.018684 -0.076000 -0.186362
v -0.018684 -0.076000 -0.186362
v 0.019065 0.190000 -0.187370
v 0.018684 -0.076000 -0.186362
v 0.018684 -0.076000 -0.186362
v 0.046028 0.190000 -0.157864
v 0.045108 -0.076000 -0.157447
v 0.045108 -0.076000 -0.157447
v 0.046028 0.190000 -0.116136
v 0.045108 -0.076000 -0.116553
v 0.045108 -0.076000 -0.116553
v 0.019065 0.190000 -0.086630
v 0.018684 -0.076000 -0.087638
v 0.018684 -0.076000 -0.087638
v -0.019065 0.190000 -0.086630
v -0.018684 -0.076000 -0.087638
v -0.018684 -0.076000 -0.087638
v -0.046028 0.190000 -0.116136
v -0.045108 -0.076000 -0.116553
v -0.045108 -0.076000 -0.116553
v -0.046028 0.190000 -0.157864
v -0.045108 -0.076000 -0.157447
v 0.019065 0.190000 -0.086630
v 0.046028 0.190000 -0.157864
v -0.019065 0.190000 -0.187370
v -0.045108 -0.076000 -0.157447
v -0.046028 0.190000 -0.157864
v -0.019065 0.190000 -0.187370
v -0.018684 -0.076000 -0.186362
v -0.019065 0.190000 -0.187370
v 0.019065 0.190000 -0.187370
v 0.018684 -0.076000 -0.186362
v 0.019065 0.190000 -0.187370
v 0.046028 0.190000 -0.157864
v 0.045108 -0.076000 -0.157447
v 0.046028 0.190000 -0.157864
v 0.046028 0.190000 -0.116136
v 0.045108 -0.076000 -0.116553
v 0.046028 0.190000 -0.116136
v 0.019065 0.190000 -0.086630
v 0.018684 -0.076000 -0.087638
v 0.019065 0.190000 -0.086630
v -0.019065 0.190000 -0.086630
v -0.018684 -0.076000 -0.087638
v -0.019065 0.190000 -0.086630
v -0.046028 0.190000 -0.116136
v -0.045108 -0.076000 -0.116553
v -0.046028 0.190000 -0.116136
v -0.046028 0.190000 -0.157864
v -0.046028 0.190000 -0.157864
v -0.046028 0.190000 -0.116136
v -0.019065 0.190000 -0.086630
v 0.046028 0.190000 -0.116136
v 0.019065 0.190000 -0.187370
v 0.027716 0.075000 -0.102774
v 0.016908 1.100000 -0.093292
v 0.020290 0.075000 -0.089910
v 0.020290 0.075000 -0.089910
v 0.006189 1.100000 -0.087103
v 0.007426 0.075000 -0.082484
v 0.007426 0.075000 -0.082484
v -0.006189 1.100000 -0.087103
v -0.007426 0.075000 -0.082484
v -0.007426 0.075000 -0.082484
v -0.016908 1.100000 -0.093292
v -0.020290 0.075000 -0.089910
v -0.020290 0.075000 -0.089910
v -0.023097 1.100000 -0.104011
v -0.027716 0.075000 -0.102774
v -0.027716 0.075000 -0.102774
v -0.023097 1.100000 -0.116389
v -0.027716 0.075000 -0.117626
v -0.027716 0.075000 -0.117626
v -0.016908 1.100000 -0.127108
v -0.020290 0.075000 -0.130490
v -0.020290 0.075000 -0.130490
v -0.006189 1.100000 -0.133297
v -0.007426 0.075000 -0.137916
v -0.007426 0.075000 -0.137916
v 0.006189 1.100000 -0.133297
v 0.007426 0.075000 -0.137916
v 0.007426 0.075000 -0.137916
v 0.016908 1.100000 -0.127108
v 0.020290 0.075000 -0.130490
v 0.020290 0.075000 -0.130490
v 0.023097 1.100000 -0.116389
v 0.027716 0.075000 -0.117626
v 0.027716 0.075000 -0.117626
v 0.023097 1.100000 -0.104011
v 0.027716 0.075000 -0.102774
v 0.006189 1.100000 -0.133297
v -0.023097 1.100000 -0.104011
v 0.016908 1.100000 -0.093292
v 0.027716 0.075000 -0.102774
v 0.023097 1.100000 -0.104011
v 0.016908 1.100000 -0.093292
v 0.020290 0.075000 -0.089910
v 0.016908 1.100000 -0.093292
v 0.006189 1.100000 -0.087103
v 0.006189 1.100000 -0.087103
v -0.007426 0.075000 -0.082484
v -0.006189 1.100000 -0.087103
v -0.016908 1.100000 -0.093292
v -0.020290 0.075000 -0.089910
v -0.016908 1.100000 -0.093292
v -0.023097 1.100000 -0.104011
v -0.023097 1.100000 -0.104011
v -0.027716 0.075000 -0.117626
v -0.023097 1.100000 -0.116389
v -0.016908 1.100000 -0.127108
v -0.020290 0.075000 -0.130490
v -0.016908 1.100000 -0.127108
v -0.006189 1.100000 -0.133297
v -0.006189 1.100000 -0.133297
v 0.007426 0.075000 -0.137916
v 0.006189 1.100000 -0.133297
v 0.016908 1.100000 -0.127108
v 0.020290 0.075000 -0.130490
v 0.016908 1.100000 -0.127108
v 0.023097 1.100000 -0.116389
v 0.023097 1.100000 -0.116389
v 0.023097 1.100000 -0.104011
v 0.023097 1.100000 -0.116389
v 0.016908 1.100000 -0.127108
v -0.006189 1.100000 -0.133297
v -0.016908 1.100000 -0.127108
v -0.023097 1.100000 -0.116389
v -0.016908 1.100000 -0.093292
v -0.006189 1.100000 -0.087103
v 0.006189 1.100000 -0.087103
v 0.013566 0.065000 -0.146581
v 0.005619 0.788724 -0.138634
v 0.005619 0.065000 -0.138634
v 0.005619 0.065000 -0.138634
v -0.005619 0.788724 -0.138634
v -0.005619 0.065000 -0.138634
v -0.005619 0.065000 -0.138634
v -0.013566 0.791229 -0.146581
v -0.013566 0.065000 -0.146581
v -0.013566 0.065000 -0.146581
v -0.013566 0.794771 -0.157819
v -0.013566 0.065000 -0.157819
v -0.013566 0.065000 -0.157819
v -0.005619 0.797276 -0.165766
v -0.005619 0.065000 -0.165766
v -0.005619 0.065000 -0.165766
v 0.005619 0.797276 -0.165766
v 0.005619 0.065000 -0.165766
v 0.005619 0.065000 -0.165766
v 0.013566 0.794771 -0.157819
v 0.013566 0.065000 -0.157819
v 0.013566 0.065000 -0.157819
v 0.013566 0.791229 -0.146581
v 0.013566 0.065000 -0.146581
v 0.013566 0.791229 -0.146581
v 0.005619 0.845220 -0.099086
v 0.005619 0.788724 -0.138634
v 0.005619 0.788724 -0.138634
v -0.005619 0.845220 -0.099086
v -0.005619 0.788724 -0.138634
v -0.005619 0.788724 -0.138634
v -0.013566 0.849778 -0.105597
v -0.013566 0.791229 -0.146581
v -0.013566 0.791229 -0.146581
v -0.013566 0.856222 -0.114803
v -0.013566 0.794771 -0.157819
v -0.005619 0.860780 -0.121314
v -0.005619 0.797276 -0.165766
v -0.005619 0.797276 -0.165766
v 0.005619 0.860780 -0.121314
v 0.005619 0.797276 -0.165766
v 0.005619 0.797276 -0.165766
v 0.013566 0.856222 -0.114803
v 0.013566 0.794771 -0.157819
v 0.013566 0.794771 -0.157819
v 0.013566 0.849778 -0.105597
v -0.005619 0.065000 -0.138634
v -0.013566 0.065000 -0.157819
v 0.005619 0.065000 -0.165766
v -0.005619 0.860780 -0.121314
v -0.013566 0.849778 -0.105597
v 0.005619 0.845220 -0.099086
v 0.013566 0.065000 -0.146581
v 0.013566 0.791229 -0.146581
v 0.005619 0.788724 -0.138634
v 0.005619 0.788724 -0.138634
v -0.005619 0.065000 -0.138634
v -0.005619 0.788724 -0.138634
v -0.013566 0.791229 -0.146581
v -0.013566 0.794771 -0.157819
v -0.005619 0.797276 -0.165766
v 0.005619 0.797276 -0.165766
v 0.013566 0.791229 -0.146581
v 0.013566 0.849778 -0.105597
v 0.005619 0.845220 -0.099086
v 0.005619 0.845220 -0.099086
v -0.005619 0.788724 -0.138634
v -0.005619 0.845220 -0.099086
v -0.013566 0.849778 -0.105597
v -0.013566 0.849778 -0.105597
v -0.013566 0.794771 -0.157819
v -0.013566 0.856222 -0.114803
v -0.005619 0.860780 -0.121314
v -0.005619 0.860780 -0.121314
v 0.005619 0.797276 -0.165766
v 0.005619 0.860780 -0.121314
v 0.013566 0.856222 -0.114803
v 0.013566 0.856222 -0.114803
v 0.013566 0.065000 -0.157819
v 0.013566 0.065000 -0.146581
v 0.005619 0.065000 -0.138634
v -0.013566 0.065000 -0.146581
v -0.005619 0.065000 -0.165766
v 0.005619 0.845220 -0.099086
v 0.013566 0.849778 -0.105597
v 0.013566 0.856222 -0.114803
v 0.013566 0.856222 -0.114803
v 0.005619 0.860780 -0.121314
v -0.005619 0.860780 -0.121314
v -0.005619 0.860780 -0.121314
v -0.013566 0.856222 -0.114803
v -0.013566 0.849778 -0.105597
v -0.013566 0.849778 -0.105597
v -0.005619 0.845220 -0.099086
v 0.005619 0.845220 -0.099086
v 0.005619 0.845220 -0.099086
v 0.013566 0.856222 -0.114803
v -0.005619 0.860780 -0.121314
v -0.024000 0.198000 -0.171500
v -0.024000 0.301000 -0.186000
v -0.024000 0.198000 -0.186000
v 0.024000 0.198000 -0.186000
v 0.024000 0.301000 -0.171500
v 0.024000 0.198000 -0.171500
v -0.024000 0.198000 -0.186000
v 0.024000 0.301000 -0.186000
v 0.024000 0.198000 -0.186000
v -0.024000 0.301000 -0.186000
v 0.024000 0.301000 -0.171500
v 0.024000 0.301000 -0.186000
v -0.024000 0.301000 -0.171500
v 0.024000 0.198000 -0.171500
v 0.024000 0.301000 -0.171500
v -0.024000 0.198000 -0.171500
v 0.024000 0.198000 -0.186000
v 0.024000 0.198000 -0.171500
v -0.024000 0.301000 -0.171500
v 0.024000 0.301000 -0.186000
v -0.024000 0.301000 -0.186000
v -0.024000 0.301000 -0.171500
v -0.024000 0.198000 -0.171500
v -0.024000 0.198000 -0.186000
v -0.098000 0.154949 -0.159557
v -0.091000 0.159701 -0.169000
v -0.091000 0.152207 -0.160800
v -0.098000 0.160837 -0.166000
v -0.091000 0.170299 -0.169000
v -0.091000 0.159701 -0.169000
v -0.098000 0.169163 -0.166000
v -0.091000 0.177793 -0.160800
v -0.091000 0.170299 -0.169000
v -0.098000 0.175051 -0.159557
v -0.091000 0.177793 -0.149200
v -0.091000 0.177793 -0.160800
v -0.098000 0.175051 -0.150443
v -0.091000 0.170299 -0.141000
v -0.091000 0.177793 -0.149200
v -0.098000 0.169163 -0.144000
v -0.091000 0.159701 -0.141000
v -0.091000 0.170299 -0.141000
v -0.098000 0.160837 -0.144000
v -0.091000 0.152207 -0.149200
v -0.091000 0.159701 -0.141000
v -0.098000 0.154949 -0.150443
v -0.091000 0.152207 -0.160800
v -0.091000 0.152207 -0.149200
v -0.091000 0.152207 -0.160800
v -0.078000 0.161972 -0.163000
v -0.078000 0.157690 -0.158314
v -0.091000 0.159701 -0.169000
v -0.078000 0.168028 -0.163000
v -0.078000 0.161972 -0.163000
v -0.091000 0.170299 -0.169000
v -0.078000 0.172310 -0.158314
v -0.078000 0.168028 -0.163000
v -0.091000 0.177793 -0.160800
v -0.078000 0.172310 -0.151686
v -0.078000 0.172310 -0.158314
v -0.091000 0.177793 -0.149200
v -0.078000 0.168028 -0.147000
v -0.078000 0.172310 -0.151686
v -0.091000 0.170299 -0.141000
v -0.078000 0.161972 -0.147000
v -0.078000 0.168028 -0.147000
v -0.091000 0.159701 -0.141000
v -0.078000 0.157690 -0.151686
v -0.078000 0.161972 -0.147000
v -0.091000 0.152207 -0.149200
v -0.078000 0.157690 -0.158314
v -0.078000 0.157690 -0.151686
v -0.078000 0.157690 -0.158314
v -0.033000 0.161972 -0.163000
v -0.033000 0.157690 -0.158314
v -0.078000 0.161972 -0.163000
v -0.033000 0.168028 -0.163000
v -0.033000 0.161972 -0.163000
v -0.078000 0.168028 -0.163000
v -0.033000 0.172310 -0.158314
v -0.033000 0.168028 -0.163000
v -0.078000 0.172310 -0.158314
v -0.033000 0.172310 -0.151686
v -0.033000 0.172310 -0.158314
v -0.078000 0.172310 -0.151686
v -0.033000 0.168028 -0.147000
v -0.033000 0.172310 -0.151686
v -0.078000 0.168028 -0.147000
v -0.033000 0.161972 -0.147000
v -0.033000 0.168028 -0.147000
v -0.078000 0.161972 -0.147000
v -0.033000 0.157690 -0.151686
v -0.033000 0.161972 -0.147000
v -0.078000 0.157690 -0.151686
v -0.033000 0.157690 -0.158314
v -0.033000 0.157690 -0.151686
v -0.098000 0.175051 -0.150443
v -0.098000 0.169163 -0.166000
v -0.098000 0.154949 -0.159557
v -0.098000 0.154949 -0.159557
v -0.098000 0.160837 -0.166000
v -0.091000 0.159701 -0.169000
v -0.098000 0.169163 -0.166000
v -0.098000 0.169163 -0.166000
v -0.098000 0.175051 -0.159557
v -0.091000 0.177793 -0.160800
v -0.098000 0.175051 -0.150443
v -0.098000 0.175051 -0.150443
v -0.098000 0.169163 -0.144000
v -0.091000 0.170299 -0.141000
v -0.098000 0.169163 -0.144000
v -0.098000 0.160837 -0.144000
v -0.091000 0.159701 -0.141000
v -0.098000 0.160837 -0.144000
v -0.098000 0.154949 -0.150443
v -0.091000 0.152207 -0.149200
v -0.098000 0.154949 -0.159557
v -0.091000 0.152207 -0.160800
v -0.091000 0.159701 -0.169000
v -0.078000 0.161972 -0.163000
v -0.091000 0.159701 -0.169000
v -0.091000 0.170299 -0.169000
v -0.078000 0.168028 -0.163000
v -0.091000 0.170299 -0.169000
v -0.091000 0.177793 -0.160800
v -0.078000 0.172310 -0.158314
v -0.091000 0.177793 -0.160800
v -0.091000 0.177793 -0.149200
v -0.078000 0.172310 -0.151686
v -0.091000 0.177793 -0.149200
v -0.091000 0.170299 -0.141000
v -0.078000 0.168028 -0.147000
v -0.091000 0.170299 -0.141000
v -0.091000 0.159701 -0.141000
v -0.078000 0.161972 -0.147000
v -0.091000 0.159701 -0.141000
v -0.091000 0.152207 -0.149200
v -0.078000 0.157690 -0.151686
v -0.091000 0.152207 -0.149200
v -0.091000 0.152207 -0.160800
v -0.078000 0.157690 -0.158314
v -0.078000 0.161972 -0.163000
v -0.078000 0.168028 -0.163000
v -0.078000 0.172310 -0.158314
v -0.078000 0.172310 -0.151686
v -0.078000 0.168028 -0.147000
v -0.078000 0.161972 -0.147000
v -0.078000 0.157690 -0.151686
v -0.078000 0.157690 -0.158314
v -0.098000 0.154949 -0.150443
v -0.098000 0.160837 -0.144000
v -0.098000 0.169163 -0.144000
v -0.098000 0.175051 -0.159557
v -0.098000 0.160837 -0.166000
v -0.042000 0.043000 -0.010000
v -0.006000 0.230000 -0.037000
v -0.042000 -0.045000 -0.085000
v 0.042000 -0.045000 -0.085000
v 0.006000 0.230000 -0.037000
v 0.042000 0.043000 -0.010000
v -0.042000 -0.045000 -0.085000
v 0.006000 0.230000 -0.037000
v 0.042000 -0.045000 -0.085000
v -0.006000 0.230000 -0.037000
v 0.042000 0.043000 -0.010000
v 0.006000 0.230000 -0.037000
v -0.042000 0.043000 -0.010000
v 0.042000 -0.045000 -0.085000
v 0.042000 0.043000 -0.010000
v -0.006000 0.230000 -0.037000
v -0.042000 0.043000 -0.010000
v -0.042000 -0.045000 -0.085000
v -0.041660 0.050000 -0.003000
v -0.009000 0.226000 -0.043500
v -0.045000 0.032000 -0.015500
v 0.045000 0.032000 -0.015500
v 0.011041 0.215000 -0.031000
v 0.041660 0.050000 -0.003000
v -0.045000 0.032000 -0.015500
v 0.009000 0.226000 -0.043500
v 0.045000 0.032000 -0.015500
v -0.009000 0.226000 -0.043500
v 0.011041 0.215000 -0.031000
v 0.009000 0.226000 -0.043500
v -0.011041 0.215000 -0.031000
v 0.041660 0.050000 -0.003000
v 0.011041 0.215000 -0.031000
v -0.041660 0.050000 -0.003000
v 0.045000 0.032000 -0.015500
v 0.041660 0.050000 -0.003000
v -0.041660 0.050000 -0.003000
v -0.011041 0.215000 -0.031000
v -0.009000 0.226000 -0.043500
v 0.045000 0.032000 -0.015500
v 0.009000 0.226000 -0.043500
v 0.011041 0.215000 -0.031000
v -0.045000 0.032000 -0.015500
v -0.009000 0.226000 -0.043500
v 0.009000 0.226000 -0.043500
v -0.009000 0.226000 -0.043500
v -0.011041 0.215000 -0.031000
v 0.011041 0.215000 -0.031000
v -0.041660 0.050000 -0.003000
v -0.041660 0.050000 -0.003000
v -0.045000 0.032000 -0.015500
v 0.045000 0.032000 -0.015500
v 0.045976 0.175000 -0.116160
v 0.019538 0.520000 -0.085379
v 0.019044 0.175000 -0.086687
v 0.019044 0.175000 -0.086687
v -0.019538 0.520000 -0.085379
v -0.019044 0.175000 -0.086687
v -0.019044 0.175000 -0.086687
v -0.047169 0.520000 -0.115619
v -0.045976 0.175000 -0.116160
v -0.046415 0.302000 -0.158040
v -0.019538 0.520000 -0.188621
v -0.019225 0.302000 -0.187794
v -0.019225 0.302000 -0.187794
v 0.019538 0.520000 -0.188621
v 0.019225 0.302000 -0.187794
v 0.019225 0.302000 -0.187794
v 0.047169 0.520000 -0.158381
v 0.046415 0.302000 -0.158040
v 0.046415 0.302000 -0.137000
v 0.046415 0.302000 -0.158040
v 0.047169 0.520000 -0.115619
v -0.047169 0.520000 -0.115619
v -0.046415 0.302000 -0.137000
v -0.046028 0.190000 -0.137000
v 0.019538 0.520000 -0.085379
v 0.047169 0.520000 -0.158381
v -0.019538 0.520000 -0.188621
v 0.045976 0.175000 -0.137000
v 0.019044 0.175000 -0.086687
v -0.045976 0.175000 -0.116160
v 0.045976 0.175000 -0.137000
v -0.046028 0.190000 -0.137000
v 0.046028 0.190000 -0.137000
v 0.045976 0.175000 -0.116160
v 0.047169 0.520000 -0.115619
v 0.019538 0.520000 -0.085379
v 0.019538 0.520000 -0.085379
v -0.019044 0.175000 -0.086687
v -0.019538 0.520000 -0.085379
v -0.047169 0.520000 -0.115619
v -0.046415 0.302000 -0.158040
v -0.047169 0.520000 -0.158381
v -0.019538 0.520000 -0.188621
v -0.019538 0.520000 -0.188621
v 0.019225 0.302000 -0.187794
v 0.019538 0.520000 -0.188621
v 0.047169 0.520000 -0.158381
v 0.047169 0.520000 -0.115619
v 0.045976 0.175000 -0.116160
v 0.045976 0.175000 -0.137000
v 0.047169 0.520000 -0.115619
v 0.045976 0.175000 -0.137000
v 0.046028 0.190000 -0.137000
v 0.046415 0.302000 -0.158040
v 0.047169 0.520000 -0.158381
v 0.047169 0.520000 -0.115619
v 0.047169 0.520000 -0.115619
v 0.046028 0.190000 -0.137000
v 0.046415 0.302000 -0.137000
v -0.045976 0.175000 -0.137000
v -0.045976 0.175000 -0.116160
v -0.047169 0.520000 -0.115619
v -0.047169 0.520000 -0.115619
v -0.047169 0.520000 -0.158381
v -0.046415 0.302000 -0.158040
v -0.047169 0.520000 -0.115619
v -0.046415 0.302000 -0.158040
v -0.046415 0.302000 -0.137000
v -0.046028 0.190000 -0.137000
v -0.045976 0.175000 -0.137000
v -0.047169 0.520000 -0.115619
v -0.047169 0.520000 -0.158381
v -0.047169 0.520000 -0.115619
v -0.019538 0.520000 -0.085379
v 0.047169 0.520000 -0.115619
v 0.019538 0.520000 -0.188621
v -0.045976 0.175000 -0.137000
v 0.045976 0.175000 -0.116160
v -0.019044 0.175000 -0.086687
v -0.045976 0.175000 -0.137000
v -0.046028 0.190000 -0.157864
v -0.019225 0.302000 -0.187794
v -0.019065 0.190000 -0.187370
v -0.019065 0.190000 -0.187370
v 0.019225 0.302000 -0.187794
v 0.019065 0.190000 -0.187370
v 0.019065 0.190000 -0.187370
v 0.046415 0.302000 -0.158040
v 0.046028 0.190000 -0.157864
v 0.046028 0.190000 -0.157864
v 0.046415 0.302000 -0.137000
v 0.046028 0.190000 -0.137000
v -0.046028 0.190000 -0.137000
v -0.046415 0.302000 -0.158040
v -0.046028 0.190000 -0.157864
v -0.046028 0.190000 -0.157864
v -0.046415 0.302000 -0.158040
v -0.019225 0.302000 -0.187794
v -0.019065 0.190000 -0.187370
v -0.019225 0.302000 -0.187794
v 0.019225 0.302000 -0.187794
v 0.019065 0.190000 -0.187370
v 0.019225 0.302000 -0.187794
v 0.046415 0.302000 -0.158040
v 0.046028 0.190000 -0.157864
v 0.046415 0.302000 -0.158040
v 0.046415 0.302000 -0.137000
v -0.046028 0.190000 -0.137000
v -0.046415 0.302000 -0.137000
v -0.046415 0.302000 -0.158040
v -0.003240 0.995200 -0.153173
v -0.003240 1.016800 -0.200369
v -0.003240 0.995200 -0.200369
v 0.003240 0.995200 -0.200369
v 0.003240 1.016800 -0.153173
v 0.003240 0.995200 -0.153173
v -0.003240 0.995200 -0.200369
v 0.003240 1.016800 -0.200369
v 0.003240 0.995200 -0.200369
v -0.003240 1.016800 -0.200369
v 0.003240 1.016800 -0.153173
v 0.003240 1.016800 -0.200369
v -0.003240 1.016800 -0.153173
v 0.003240 0.995200 -0.153173
v 0.003240 1.016800 -0.153173
v -0.003240 0.995200 -0.153173
v 0.003240 0.995200 -0.200369
v 0.003240 0.995200 -0.153173
v -0.003240 1.016800 -0.153173
v 0.003240 1.016800 -0.200369
v -0.003240 1.016800 -0.200369
v -0.003240 1.016800 -0.153173
v -0.003240 0.995200 -0.153173
v -0.003240 0.995200 -0.200369
v 0.029160 0.990880 -0.200369
v 0.020619 1.021120 -0.179750
v 0.020619 0.990880 -0.179750
v 0.015274 0.990880 -0.185095
v 0.021600 1.021120 -0.200369
v 0.021600 0.990880 -0.200369
v 0.020619 0.990880 -0.179750
v 0.021600 0.990880 -0.200369
v 0.029160 0.990880 -0.200369
v 0.029160 1.021120 -0.200369
v 0.015274 1.021120 -0.185095
v 0.020619 1.021120 -0.179750
v 0.020619 0.990880 -0.179750
v 0.000000 1.021120 -0.171209
v 0.000000 0.990880 -0.171209
v 0.000000 0.990880 -0.178769
v 0.015274 1.021120 -0.185095
v 0.015274 0.990880 -0.185095
v 0.000000 0.990880 -0.171209
v 0.015274 0.990880 -0.185095
v 0.000000 1.021120 -0.178769
v 0.000000 1.021120 -0.171209
v 0.000000 0.990880 -0.171209
v -0.020619 1.021120 -0.179750
v -0.020619 0.990880 -0.179750
v -0.015274 0.990880 -0.185095
v 0.000000 1.021120 -0.178769
v 0.000000 0.990880 -0.178769
v -0.020619 0.990880 -0.179750
v 0.000000 0.990880 -0.178769
v -0.015274 1.021120 -0.185095
v -0.020619 1.021120 -0.179750
v -0.020619 0.990880 -0.179750
v -0.029160 1.021120 -0.200369
v -0.029160 0.990880 -0.200369
v -0.021600 0.990880 -0.200369
v -0.015274 1.021120 -0.185095
v -0.015274 0.990880 -0.185095
v -0.029160 0.990880 -0.200369
v -0.015274 0.990880 -0.185095
v -0.021600 1.021120 -0.200369
v -0.029160 1.021120 -0.200369
v -0.029160 0.990880 -0.200369
v -0.020619 1.021120 -0.220988
v -0.020619 0.990880 -0.220988
v -0.015274 0.990880 -0.215642
v -0.021600 1.021120 -0.200369
v -0.021600 0.990880 -0.200369
v -0.020619 0.990880 -0.220988
v -0.021600 0.990880 -0.200369
v -0.015274 1.021120 -0.215642
v -0.020619 1.021120 -0.220988
v -0.020619 0.990880 -0.220988
v -0.000000 1.021120 -0.229529
v -0.000000 0.990880 -0.229529
v -0.000000 0.990880 -0.221969
v -0.015274 1.021120 -0.215642
v -0.015274 0.990880 -0.215642
v -0.000000 0.990880 -0.229529
v -0.015274 0.990880 -0.215642
v -0.000000 1.021120 -0.221969
v -0.000000 1.021120 -0.229529
v -0.000000 0.990880 -0.229529
v 0.020619 1.021120 -0.220988
v 0.020619 0.990880 -0.220988
v 0.015274 0.990880 -0.215642
v -0.000000 1.021120 -0.221969
v -0.000000 0.990880 -0.221969
v 0.020619 0.990880 -0.220988
v -0.000000 0.990880 -0.221969
v 0.015274 1.021120 -0.215642
v 0.020619 1.021120 -0.220988
v 0.020619 0.990880 -0.220988
v 0.029160 1.021120 -0.200369
v 0.029160 0.990880 -0.200369
v 0.021600 0.990880 -0.200369
v 0.015274 1.021120 -0.215642
v 0.015274 0.990880 -0.215642
v 0.015274 0.990880 -0.215642
v 0.021600 1.021120 -0.200369
v 0.029160 1.021120 -0.200369
v 0.015274 1.021120 -0.185095
v 0.020619 1.021120 -0.179750
v 0.000000 1.021120 -0.178769
v 0.000000 1.021120 -0.171209
v -0.015274 1.021120 -0.185095
v -0.020619 1.021120 -0.179750
v -0.021600 1.021120 -0.200369
v -0.029160 1.021120 -0.200369
v -0.015274 1.021120 -0.215642
v -0.020619 1.021120 -0.220988
v -0.000000 1.021120 -0.221969
v -0.000000 1.021120 -0.229529
v 0.015274 1.021120 -0.215642
v 0.020619 1.021120 -0.220988
v 0.021600 1.021120 -0.200369
v -0.038608 0.200000 -0.178000
v 0.038608 0.200000 -0.186071
v 0.038608 0.200000 -0.178000
v -0.024000 0.303000 -0.190071
v 0.024000 0.303000 -0.178000
v 0.024000 0.303000 -0.190071
v -0.038608 0.200000 -0.186071
v 0.038608 0.223000 -0.186071
v 0.038608 0.200000 -0.186071
v 0.038608 0.200000 -0.186071
v 0.038608 0.223000 -0.178000
v 0.038608 0.200000 -0.178000
v 0.038608 0.200000 -0.178000
v -0.038608 0.223000 -0.178000
v -0.038608 0.200000 -0.178000
v -0.038608 0.200000 -0.178000
v -0.038608 0.223000 -0.186071
v -0.038608 0.200000 -0.186071
v -0.038608 0.223000 -0.186071
v 0.024000 0.303000 -0.190071
v 0.038608 0.223000 -0.186071
v 0.038608 0.223000 -0.186071
v 0.024000 0.303000 -0.178000
v 0.038608 0.223000 -0.178000
v 0.038608 0.223000 -0.178000
v -0.024000 0.303000 -0.178000
v -0.038608 0.223000 -0.178000
v -0.024000 0.303000 -0.190071
v -0.038608 0.223000 -0.186071
v -0.038608 0.200000 -0.186071
v -0.024000 0.303000 -0.178000
v -0.038608 0.223000 -0.186071
v 0.038608 0.223000 -0.186071
v -0.038608 0.223000 -0.178000
v -0.038608 0.223000 -0.186071
v -0.024000 0.303000 -0.190071
v 0.024000 0.303000 -0.190071
v 0.038608 0.223000 -0.186071
v 0.024000 0.303000 -0.190071
v 0.024000 0.303000 -0.178000
v 0.024000 0.303000 -0.178000
v -0.038608 0.223000 -0.178000
v -0.024000 0.303000 -0.178000
v -0.024000 0.303000 -0.190071
v 0.009576 0.200000 -0.183018
v 0.033607 0.200000 -0.200369
v 0.033607 0.200000 -0.183018
v 0.015472 0.223000 -0.200369
v 0.033607 0.223000 -0.183018
v 0.033607 0.223000 -0.200369
v 0.015472 0.200000 -0.200369
v 0.033607 0.223000 -0.200369
v 0.033607 0.200000 -0.200369
v 0.033607 0.200000 -0.200369
v 0.033607 0.223000 -0.183018
v 0.033607 0.200000 -0.183018
v 0.033607 0.200000 -0.183018
v 0.009576 0.223000 -0.183018
v 0.009576 0.200000 -0.183018
v 0.009576 0.200000 -0.183018
v 0.015472 0.223000 -0.200369
v 0.015472 0.200000 -0.200369
v 0.015472 0.200000 -0.200369
v 0.009576 0.223000 -0.183018
v 0.015472 0.223000 -0.200369
v 0.033607 0.223000 -0.200369
v 0.033607 0.223000 -0.183018
v 0.009576 0.223000 -0.183018
v -0.009576 0.200000 -0.183018
v -0.033607 0.200000 -0.200369
v -0.015472 0.200000 -0.200369
v -0.015472 0.223000 -0.200369
v -0.033607 0.223000 -0.183018
v -0.009576 0.223000 -0.183018
v -0.015472 0.200000 -0.200369
v -0.033607 0.223000 -0.200369
v -0.015472 0.223000 -0.200369
v -0.033607 0.200000 -0.200369
v -0.033607 0.223000 -0.183018
v -0.033607 0.223000 -0.200369
v -0.033607 0.200000 -0.183018
v -0.009576 0.223000 -0.183018
v -0.033607 0.223000 -0.183018
v -0.009576 0.200000 -0.183018
v -0.015472 0.223000 -0.200369
v -0.009576 0.223000 -0.183018
v -0.033607 0.200000 -0.183018
v -0.033607 0.223000 -0.200369
v -0.033607 0.200000 -0.200369
v -0.033607 0.200000 -0.183018
v -0.009576 0.200000 -0.183018
v -0.015472 0.200000 -0.200369
v -0.017112 0.303000 -0.193508
v -0.047001 0.296629 -0.182473
v -0.017112 0.296629 -0.182473
v -0.047001 0.303000 -0.193508
v -0.017112 0.296629 -0.182473
v -0.047001 0.283886 -0.182473
v -0.017112 0.283886 -0.182473
v -0.047001 0.296629 -0.182473
v -0.017112 0.283886 -0.182473
v -0.047001 0.277515 -0.193508
v -0.017112 0.277515 -0.193508
v -0.047001 0.283886 -0.182473
v -0.017112 0.277515 -0.193508
v -0.047001 0.283886 -0.204543
v -0.017112 0.283886 -0.204543
v -0.047001 0.277515 -0.193508
v -0.047001 0.283886 -0.182473
v -0.047001 0.283886 -0.204543
v -0.047001 0.277515 -0.193508
v -0.047001 0.296629 -0.182473
v -0.047001 0.296629 -0.204543
v -0.047001 0.303000 -0.193508
v -0.017112 0.296629 -0.204543
v -0.047001 0.303000 -0.193508
v -0.017112 0.303000 -0.193508
v -0.047001 0.296629 -0.204543
v -0.017112 0.283886 -0.204543
v -0.047001 0.296629 -0.204543
v -0.017112 0.296629 -0.204543
v -0.047001 0.283886 -0.204543
v -0.017112 0.283886 -0.204543
v -0.017112 0.283886 -0.182473
v -0.017112 0.277515 -0.193508
v -0.017112 0.296629 -0.204543
v -0.017112 0.296629 -0.182473
v -0.017112 0.303000 -0.193508
v 0.017112 0.303000 -0.193508
v 0.047001 0.296629 -0.182473
v 0.047001 0.303000 -0.193508
v 0.017112 0.296629 -0.182473
v 0.017112 0.296629 -0.182473
v 0.047001 0.283886 -0.182473
v 0.047001 0.296629 -0.182473
v 0.017112 0.283886 -0.182473
v 0.017112 0.283886 -0.182473
v 0.047001 0.277515 -0.193508
v 0.047001 0.283886 -0.182473
v 0.017112 0.277515 -0.193508
v 0.017112 0.277515 -0.193508
v 0.047001 0.283886 -0.204543
v 0.047001 0.277515 -0.193508
v 0.017112 0.283886 -0.204543
v 0.047001 0.283886 -0.204543
v 0.047001 0.283886 -0.182473
v 0.047001 0.277515 -0.193508
v 0.047001 0.296629 -0.204543
v 0.047001 0.296629 -0.182473
v 0.047001 0.303000 -0.193508
v 0.017112 0.296629 -0.204543
v 0.047001 0.303000 -0.193508
v 0.047001 0.296629 -0.204543
v 0.017112 0.303000 -0.193508
v 0.017112 0.283886 -0.204543
v 0.047001 0.296629 -0.204543
v 0.047001 0.283886 -0.204543
v 0.017112 0.296629 -0.204543
v 0.017112 0.283886 -0.182473
v 0.017112 0.283886 -0.204543
v 0.017112 0.277515 -0.193508
v 0.017112 0.296629 -0.182473
v 0.017112 0.296629 -0.204543
v 0.017112 0.303000 -0.193508
v -0.007500 0.997000 -0.178013
v 0.007500 1.015000 -0.178013
v 0.007500 0.997000 -0.178013
v 0.007500 0.997000 -0.178013
v 0.010770 1.015000 -0.136200
v 0.010770 0.997000 -0.136200
v 0.010770 0.997000 -0.136200
v 0.026000 1.015000 -0.120970
v 0.026000 0.997000 -0.120970
v 0.026000 0.997000 -0.120970
v 0.026000 1.015000 -0.099430
v 0.026000 0.997000 -0.099430
v 0.026000 0.997000 -0.099430
v 0.010770 1.015000 -0.084200
v 0.010770 0.997000 -0.084200
v 0.010770 0.997000 -0.084200
v -0.010770 1.015000 -0.084200
v -0.010770 0.997000 -0.084200
v -0.010770 0.997000 -0.084200
v -0.026000 1.015000 -0.099430
v -0.026000 0.997000 -0.099430
v -0.026000 0.997000 -0.099430
v -0.026000 1.015000 -0.120970
v -0.026000 0.997000 -0.120970
v -0.026000 0.997000 -0.120970
v -0.010770 1.015000 -0.136200
v -0.010770 0.997000 -0.136200
v -0.010770 0.997000 -0.136200
v -0.007500 1.015000 -0.178013
v -0.007500 0.997000 -0.178013
v 0.010770 0.997000 -0.136200
v 0.010770 0.997000 -0.084200
v -0.026000 0.997000 -0.099430
v -0.010770 1.015000 -0.136200
v 0.010770 1.015000 -0.084200
v 0.010770 1.015000 -0.136200
v -0.007500 1.015000 -0.178013
v 0.007500 1.015000 -0.178013
v 0.010770 1.015000 -0.136200
v 0.026000 1.015000 -0.120970
v 0.026000 1.015000 -0.099430
v 0.010770 1.015000 -0.084200
v -0.010770 1.015000 -0.084200
v -0.026000 1.015000 -0.099430
v -0.026000 1.015000 -0.120970
v -0.010770 1.015000 -0.136200
v -0.010770 0.997000 -0.136200
v -0.007500 0.997000 -0.178013
v 0.007500 0.997000 -0.178013
v 0.026000 0.997000 -0.120970
v 0.026000 0.997000 -0.099430
v -0.026000 0.997000 -0.120970
v -0.010770 0.997000 -0.084200
v 0.007500 1.015000 -0.178013
v -0.007500 1.015000 -0.178013
v -0.026000 1.015000 -0.120970
v -0.026000 1.015000 -0.099430
v -0.010770 1.015000 -0.084200
v 0.026000 1.015000 -0.099430
v 0.026000 1.015000 -0.120970
vt 0.125000 0.750000
vt 0.125000 0.750000
vt 0.125000 0.750000
vt 0.125000 0.750000
vt 0.125000 0.750000
vt 0.125000 0.750000
vt 0.125000 0.750000
vt 0.125000 0.750000
vt 0.125000 0.750000
vt 0.125000 0.750000
vt 0.125000 0.750000
vt 0.125000 0.750000
vt 0.125000 0.750000
vt 0.125000 0.750000
vt 0.125000 0.750000
vt 0.125000 0.750000
vt 0.125000 0.750000
vt 0.125000 0.750000
vt 0.125000 0.750000
vt 0.125000 0.750000
vt 0.125000 0.750000
vt 0.125000 0.750000
vt 0.125000 0.750000
vt 0.125000 0.750000
vt 0.125000 0.750000
vt 0.125000 0.750000
vt 0.125000 0.750000
vt 0.125000 0.750000
vt 0.125000 0.750000
vt 0.125000 0.750000
vt 0.125000 0.750000
vt 0.125000 0.750000
vt 0.125000 0.750000
vt 0.125000 0.750000
vt 0.125000 0.750000
vt 0.125000 0.750000
vt 0.125000 0.750000
vt 0.125000 0.750000
vt 0.125000 0.750000
vt 0.125000 0.750000
vt 0.125000 0.750000
vt 0.125000 0.750000
vt 0.125000 0.750000
vt 0.125000 0.750000
vt 0.125000 0.750000
vt 0.125000 0.750000
vt 0.125000 0.750000
vt 0.125000 0.750000
vt 0.125000 0.750000
vt 0.125000 0.750000
vt 0.125000 0.750000
vt 0.125000 0.750000
vt 0.125000 0.750000
vt 0.125000 0.750000
vt 0.125000 0.750000
vt 0.125000 0.750000
vt 0.125000 0.750000
vt 0.125000 0.750000
vt 0.125000 0.750000
vt 0.125000 0.750000
vt 0.125000 0.750000
vt 0.125000 0.750000
vt 0.125000 0.750000
vt 0.125000 0.750000
vt 0.125000 0.750000
vt 0.125000 0.750000
vt 0.125000 0.750000
vt 0.125000 0.750000
vt 0.125000 0.750000
vt 0.125000 0.750000
vt 0.125000 0.750000
vt 0.125000 0.750000
vt 0.125000 0.750000
vt 0.125000 0.750000
vt 0.125000 0.750000
vt 0.125000 0.750000
vt 0.125000 0.750000
vt 0.125000 0.750000
vt 0.375000 0.750000
vt 0.375000 0.750000
vt 0.375000 0.750000
vt 0.375000 0.750000
vt 0.375000 0.750000
vt 0.375000 0.750000
vt 0.375000 0.750000
vt 0.375000 0.750000
vt 0.375000 0.750000
vt 0.375000 0.750000
vt 0.375000 0.750000
vt 0.375000 0.750000
vt 0.375000 0.750000
vt 0.375000 0.750000
vt 0.375000 0.750000
vt 0.375000 0.750000
vt 0.375000 0.750000
vt 0.375000 0.750000
vt 0.375000 0.750000
vt 0.375000 0.750000
vt 0.375000 0.750000
vt 0.375000 0.750000
vt 0.375000 0.750000
vt 0.375000 0.750000
vt 0.375000 0.750000
vt 0.375000 0.750000
vt 0.375000 0.750000
vt 0.375000 0.750000
vt 0.375000 0.750000
vt 0.375000 0.750000
vt 0.375000 0.750000
vt 0.375000 0.750000
vt 0.375000 0.750000
vt 0.375000 0.750000
vt 0.375000 0.750000
vt 0.375000 0.750000
vt 0.375000 0.750000
vt 0.375000 0.750000
vt 0.375000 0.750000
vt 0.375000 0.750000
vt 0.375000 0.750000
vt 0.375000 0.750000
vt 0.375000 0.750000
vt 0.375000 0.750000
vt 0.375000 0.750000
vt 0.375000 0.750000
vt 0.375000 0.750000
vt 0.375000 0.750000
vt 0.875000 0.750000
vt 0.875000 0.750000
vt 0.875000 0.750000
vt 0.875000 0.750000
vt 0.875000 0.750000
vt 0.875000 0.750000
vt 0.875000 0.750000
vt 0.875000 0.750000
vt 0.875000 0.750000
vt 0.875000 0.750000
vt 0.875000 0.750000
vt 0.875000 0.750000
vt 0.875000 0.750000
vt 0.875000 0.750000
vt 0.875000 0.750000
vt 0.875000 0.750000
vt 0.875000 0.750000
vt 0.875000 0.750000
vt 0.875000 0.750000
vt 0.875000 0.750000
vt 0.875000 0.750000
vt 0.875000 0.750000
vt 0.875000 0.750000
vt 0.875000 0.750000
vt 0.875000 0.750000
vt 0.875000 0.750000
vt 0.875000 0.750000
vt 0.875000 0.750000
vt 0.875000 0.750000
vt 0.875000 0.750000
vt 0.875000 0.750000
vt 0.875000 0.750000
vt 0.875000 0.750000
vt 0.875000 0.750000
vt 0.875000 0.750000
vt 0.875000 0.750000
vt 0.875000 0.750000
vt 0.875000 0.750000
vt 0.875000 0.750000
vt 0.875000 0.750000
vt 0.875000 0.750000
vt 0.875000 0.750000
vt 0.875000 0.750000
vt 0.875000 0.750000
vt 0.875000 0.750000
vt 0.875000 0.750000
vt 0.875000 0.750000
vt 0.875000 0.750000
vt 0.875000 0.750000
vt 0.875000 0.750000
vt 0.875000 0.750000
vt 0.875000 0.750000
vt 0.875000 0.750000
vt 0.875000 0.750000
vt 0.875000 0.750000
vt 0.875000 0.750000
vt 0.375000 0.750000
vt 0.375000 0.750000
vt 0.375000 0.750000
vt 0.375000 0.750000
vt 0.375000 0.750000
vt 0.375000 0.750000
vt 0.375000 0.750000
vt 0.375000 0.750000
vt 0.375000 0.750000
vt 0.375000 0.750000
vt 0.375000 0.750000
vt 0.375000 0.750000
vt 0.375000 0.750000
vt 0.375000 0.750000
vt 0.375000 0.750000
vt 0.375000 0.750000
vt 0.375000 0.750000
vt 0.375000 0.750000
vt 0.375000 0.750000
vt 0.375000 0.750000
vt 0.375000 0.750000
vt 0.375000 0.750000
vt 0.375000 0.750000
vt 0.375000 0.750000
vt 0.375000 0.750000
vt 0.375000 0.750000
vt 0.375000 0.750000
vt 0.375000 0.750000
vt 0.375000 0.750000
vt 0.375000 0.750000
vt 0.375000 0.750000
vt 0.375000 0.750000
vt 0.375000 0.750000
vt 0.375000 0.750000
vt 0.375000 0.750000
vt 0.375000 0.750000
vt 0.625000 0.750000
vt 0.625000 0.750000
vt 0.625000 0.750000
vt 0.375000 0.750000
vt 0.375000 0.750000
vt 0.375000 0.750000
vt 0.375000 0.750000
vt 0.375000 0.750000
vt 0.375000 0.750000
vt 0.375000 0.750000
vt 0.375000 0.750000
vt 0.375000 0.750000
vt 0.375000 0.750000
vt 0.375000 0.750000
vt 0.375000 0.750000
vt 0.375000 0.750000
vt 0.375000 0.750000
vt 0.375000 0.750000
vt 0.375000 0.750000
vt 0.375000 0.750000
vt 0.375000 0.750000
vt 0.375000 0.750000
vt 0.375000 0.750000
vt 0.375000 0.750000
vt 0.375000 0.750000
vt 0.375000 0.750000
vt 0.375000 0.750000
vt 0.375000 0.750000
vt 0.375000 0.750000
vt 0.375000 0.750000
vt 0.375000 0.750000
vt 0.625000 0.750000
vt 0.625000 0.750000
vt 0.625000 0.750000
vt 0.625000 0.750000
vt 0.625000 0.750000
vt 0.625000 0.750000
vt 0.625000 0.750000
vt 0.625000 0.750000
vt 0.625000 0.750000
vt 0.375000 0.750000
vt 0.375000 0.750000
vt 0.375000 0.750000
vt 0.375000 0.750000
vt 0.375000 0.750000
vt 0.375000 0.750000
vt 0.375000 0.750000
vt 0.375000 0.750000
vt 0.375000 0.750000
vt 0.375000 0.750000
vt 0.375000 0.750000
vt 0.375000 0.750000
vt 0.375000 0.750000
vt 0.375000 0.750000
vt 0.375000 0.750000
vt 0.375000 0.750000
vt 0.375000 0.750000
vt 0.375000 0.750000
vt 0.375000 0.750000
vt 0.375000 0.750000
vt 0.375000 0.750000
vt 0.375000 0.750000
vt 0.375000 0.750000
vt 0.375000 0.750000
vt 0.375000 0.750000
vt 0.375000 0.750000
vt 0.375000 0.750000
vt 0.375000 0.750000
vt 0.375000 0.750000
vt 0.375000 0.750000
vt 0.375000 0.750000
vt 0.375000 0.750000
vt 0.375000 0.750000
vt 0.375000 0.750000
vt 0.375000 0.750000
vt 0.375000 0.750000
vt 0.375000 0.750000
vt 0.375000 0.750000
vt 0.375000 0.750000
vt 0.375000 0.750000
vt 0.375000 0.750000
vt 0.375000 0.750000
vt 0.375000 0.750000
vt 0.375000 0.750000
vt 0.375000 0.750000
vt 0.375000 0.750000
vt 0.375000 0.750000
vt 0.375000 0.750000
vt 0.375000 0.750000
vt 0.375000 0.750000
vt 0.375000 0.750000
vt 0.375000 0.750000
vt 0.375000 0.750000
vt 0.375000 0.750000
vt 0.375000 0.750000
vt 0.375000 0.750000
vt 0.375000 0.750000
vt 0.375000 0.750000
vt 0.375000 0.750000
vt 0.375000 0.750000
vt 0.375000 0.750000
vt 0.375000 0.750000
vt 0.375000 0.750000
vt 0.375000 0.750000
vt 0.375000 0.750000
vt 0.375000 0.750000
vt 0.375000 0.750000
vt 0.375000 0.750000
vt 0.375000 0.750000
vt 0.375000 0.750000
vt 0.375000 0.750000
vt 0.375000 0.750000
vt 0.375000 0.750000
vt 0.375000 0.750000
vt 0.375000 0.750000
vt 0.375000 0.750000
vt 0.375000 0.750000
vt 0.375000 0.750000
vt 0.375000 0.750000
vt 0.375000 0.750000
vt 0.375000 0.750000
vt 0.375000 0.750000
vt 0.375000 0.750000
vt 0.375000 0.750000
vt 0.375000 0.750000
vt 0.375000 0.750000
vt 0.375000 0.750000
vt 0.375000 0.750000
vt 0.375000 0.750000
vt 0.375000 0.750000
vt 0.375000 0.750000
vt 0.375000 0.750000
vt 0.375000 0.750000
vt 0.375000 0.750000
vt 0.375000 0.750000
vt 0.375000 0.750000
vt 0.375000 0.750000
vt 0.375000 0.750000
vt 0.375000 0.750000
vt 0.375000 0.750000
vt 0.375000 0.750000
vt 0.375000 0.750000
vt 0.375000 0.750000
vt 0.375000 0.750000
vt 0.375000 0.750000
vt 0.375000 0.750000
vt 0.375000 0.750000
vt 0.375000 0.750000
vt 0.375000 0.750000
vt 0.375000 0.750000
vt 0.375000 0.750000
vt 0.375000 0.750000
vt 0.375000 0.750000
vt 0.375000 0.750000
vt 0.375000 0.750000
vt 0.375000 0.750000
vt 0.375000 0.750000
vt 0.375000 0.750000
vt 0.375000 0.750000
vt 0.375000 0.750000
vt 0.375000 0.750000
vt 0.375000 0.750000
vt 0.875000 0.750000
vt 0.875000 0.750000
vt 0.875000 0.750000
vt 0.875000 0.750000
vt 0.875000 0.750000
vt 0.875000 0.750000
vt 0.875000 0.750000
vt 0.875000 0.750000
vt 0.875000 0.750000
vt 0.875000 0.750000
vt 0.875000 0.750000
vt 0.875000 0.750000
vt 0.875000 0.750000
vt 0.875000 0.750000
vt 0.875000 0.750000
vt 0.875000 0.750000
vt 0.875000 0.750000
vt 0.875000 0.750000
vt 0.875000 0.750000
vt 0.875000 0.750000
vt 0.875000 0.750000
vt 0.875000 0.750000
vt 0.875000 0.750000
vt 0.875000 0.750000
vt 0.875000 0.750000
vt 0.875000 0.750000
vt 0.875000 0.750000
vt 0.875000 0.750000
vt 0.875000 0.750000
vt 0.875000 0.750000
vt 0.875000 0.750000
vt 0.875000 0.750000
vt 0.875000 0.750000
vt 0.875000 0.750000
vt 0.875000 0.750000
vt 0.875000 0.750000
vt 0.875000 0.750000
vt 0.875000 0.750000
vt 0.875000 0.750000
vt 0.875000 0.750000
vt 0.875000 0.750000
vt 0.875000 0.750000
vt 0.875000 0.750000
vt 0.875000 0.750000
vt 0.875000 0.750000
vt 0.875000 0.750000
vt 0.875000 0.750000
vt 0.875000 0.750000
vt 0.875000 0.750000
vt 0.875000 0.750000
vt 0.875000 0.750000
vt 0.875000 0.750000
vt 0.875000 0.750000
vt 0.875000 0.750000
vt 0.875000 0.750000
vt 0.875000 0.750000
vt 0.875000 0.750000
vt 0.875000 0.750000
vt 0.875000 0.750000
vt 0.875000 0.750000
vt 0.875000 0.750000
vt 0.875000 0.750000
vt 0.875000 0.750000
vt 0.875000 0.750000
vt 0.875000 0.750000
vt 0.875000 0.750000
vt 0.875000 0.750000
vt 0.875000 0.750000
vt 0.875000 0.750000
vt 0.875000 0.750000
vt 0.875000 0.750000
vt 0.875000 0.750000
vt 0.875000 0.750000
vt 0.875000 0.750000
vt 0.875000 0.750000
vt 0.875000 0.750000
vt 0.875000 0.750000
vt 0.875000 0.750000
vt 0.875000 0.750000
vt 0.875000 0.750000
vt 0.875000 0.750000
vt 0.875000 0.750000
vt 0.875000 0.750000
vt 0.875000 0.750000
vt 0.875000 0.750000
vt 0.875000 0.750000
vt 0.875000 0.750000
vt 0.875000 0.750000
vt 0.875000 0.750000
vt 0.875000 0.750000
vt 0.875000 0.750000
vt 0.875000 0.750000
vt 0.875000 0.750000
vt 0.875000 0.750000
vt 0.875000 0.750000
vt 0.875000 0.750000
vt 0.875000 0.750000
vt 0.875000 0.750000
vt 0.875000 0.750000
vt 0.875000 0.750000
vt 0.875000 0.750000
vt 0.875000 0.750000
vt 0.875000 0.750000
vt 0.875000 0.750000
vt 0.875000 0.750000
vt 0.875000 0.750000
vt 0.875000 0.750000
vt 0.875000 0.750000
vt 0.875000 0.750000
vt 0.875000 0.750000
vt 0.875000 0.750000
vt 0.875000 0.750000
vt 0.875000 0.750000
vt 0.875000 0.750000
vt 0.875000 0.750000
vt 0.875000 0.750000
vt 0.875000 0.750000
vt 0.875000 0.750000
vt 0.875000 0.750000
vt 0.875000 0.750000
vt 0.875000 0.750000
vt 0.875000 0.750000
vt 0.875000 0.750000
vt 0.875000 0.750000
vt 0.875000 0.750000
vt 0.875000 0.750000
vt 0.875000 0.750000
vt 0.875000 0.750000
vt 0.875000 0.750000
vt 0.875000 0.750000
vt 0.375000 0.750000
vt 0.375000 0.750000
vt 0.375000 0.750000
vt 0.375000 0.750000
vt 0.375000 0.750000
vt 0.375000 0.750000
vt 0.375000 0.750000
vt 0.375000 0.750000
vt 0.375000 0.750000
vt 0.625000 0.750000
vt 0.625000 0.750000
vt 0.625000 0.750000
vt 0.375000 0.750000
vt 0.375000 0.750000
vt 0.375000 0.750000
vt 0.375000 0.750000
vt 0.625000 0.750000
vt 0.375000 0.750000
vt 0.375000 0.250000
vt 0.375000 0.250000
vt 0.375000 0.250000
vt 0.375000 0.250000
vt 0.375000 0.250000
vt 0.375000 0.250000
vt 0.375000 0.250000
vt 0.375000 0.250000
vt 0.375000 0.250000
vt 0.375000 0.250000
vt 0.375000 0.250000
vt 0.375000 0.250000
vt 0.625000 0.750000
vt 0.625000 0.750000
vt 0.625000 0.750000
vt 0.375000 0.250000
vt 0.375000 0.250000
vt 0.375000 0.250000
vt 0.375000 0.250000
vt 0.375000 0.250000
vt 0.375000 0.250000
vt 0.375000 0.250000
vt 0.375000 0.250000
vt 0.375000 0.250000
vt 0.375000 0.250000
vt 0.375000 0.250000
vt 0.375000 0.250000
vt 0.375000 0.250000
vt 0.375000 0.250000
vt 0.375000 0.250000
vt 0.625000 0.750000
vt 0.375000 0.250000
vt 0.375000 0.250000
vt 0.375000 0.250000
vt 0.125000 0.750000
vt 0.125000 0.750000
vt 0.125000 0.750000
vt 0.125000 0.750000
vt 0.125000 0.750000
vt 0.125000 0.750000
vt 0.125000 0.750000
vt 0.125000 0.750000
vt 0.125000 0.750000
vt 0.125000 0.750000
vt 0.125000 0.750000
vt 0.125000 0.750000
vt 0.125000 0.750000
vt 0.125000 0.750000
vt 0.125000 0.750000
vt 0.125000 0.750000
vt 0.125000 0.750000
vt 0.125000 0.750000
vt 0.125000 0.750000
vt 0.125000 0.750000
vt 0.125000 0.750000
vt 0.125000 0.750000
vt 0.125000 0.750000
vt 0.125000 0.750000
vt 0.125000 0.750000
vt 0.125000 0.750000
vt 0.125000 0.750000
vt 0.125000 0.750000
vt 0.125000 0.750000
vt 0.125000 0.750000
vt 0.125000 0.750000
vt 0.125000 0.750000
vt 0.125000 0.750000
vt 0.125000 0.750000
vt 0.125000 0.750000
vt 0.125000 0.750000
vt 0.125000 0.750000
vt 0.125000 0.750000
vt 0.125000 0.750000
vt 0.125000 0.750000
vt 0.125000 0.750000
vt 0.125000 0.750000
vt 0.125000 0.750000
vt 0.125000 0.750000
vt 0.125000 0.750000
vt 0.125000 0.750000
vt 0.125000 0.750000
vt 0.125000 0.750000
vt 0.125000 0.750000
vt 0.125000 0.750000
vt 0.125000 0.750000
vt 0.125000 0.750000
vt 0.125000 0.750000
vt 0.125000 0.750000
vt 0.125000 0.750000
vt 0.125000 0.750000
vt 0.125000 0.750000
vt 0.125000 0.750000
vt 0.125000 0.750000
vt 0.125000 0.750000
vt 0.125000 0.750000
vt 0.125000 0.750000
vt 0.125000 0.750000
vt 0.125000 0.750000
vt 0.125000 0.750000
vt 0.125000 0.750000
vt 0.125000 0.750000
vt 0.125000 0.750000
vt 0.125000 0.750000
vt 0.125000 0.750000
vt 0.125000 0.750000
vt 0.125000 0.750000
vt 0.125000 0.750000
vt 0.125000 0.750000
vt 0.125000 0.750000
vt 0.125000 0.750000
vt 0.125000 0.750000
vt 0.125000 0.750000
vt 0.125000 0.750000
vt 0.125000 0.750000
vt 0.375000 0.750000
vt 0.375000 0.750000
vt 0.375000 0.750000
vt 0.375000 0.750000
vt 0.375000 0.750000
vt 0.375000 0.750000
vt 0.375000 0.750000
vt 0.375000 0.750000
vt 0.375000 0.750000
vt 0.375000 0.750000
vt 0.375000 0.750000
vt 0.375000 0.750000
vt 0.375000 0.750000
vt 0.375000 0.750000
vt 0.375000 0.750000
vt 0.375000 0.750000
vt 0.375000 0.750000
vt 0.375000 0.750000
vt 0.375000 0.750000
vt 0.375000 0.750000
vt 0.375000 0.750000
vt 0.375000 0.750000
vt 0.375000 0.750000
vt 0.375000 0.750000
vt 0.375000 0.750000
vt 0.375000 0.750000
vt 0.375000 0.750000
vt 0.375000 0.750000
vt 0.375000 0.750000
vt 0.375000 0.750000
vt 0.375000 0.750000
vt 0.375000 0.750000
vt 0.375000 0.750000
vt 0.375000 0.750000
vt 0.375000 0.750000
vt 0.375000 0.750000
vt 0.375000 0.750000
vt 0.375000 0.750000
vt 0.375000 0.750000
vt 0.375000 0.750000
vt 0.375000 0.750000
vt 0.375000 0.750000
vt 0.375000 0.750000
vt 0.375000 0.750000
vt 0.375000 0.750000
vt 0.375000 0.750000
vt 0.375000 0.750000
vt 0.375000 0.750000
vt 0.375000 0.750000
vt 0.375000 0.750000
vt 0.375000 0.750000
vt 0.375000 0.750000
vt 0.375000 0.750000
vt 0.375000 0.750000
vt 0.375000 0.750000
vt 0.375000 0.750000
vt 0.375000 0.750000
vt 0.375000 0.750000
vt 0.375000 0.750000
vt 0.375000 0.750000
vt 0.375000 0.750000
vt 0.375000 0.750000
vt 0.375000 0.750000
vt 0.375000 0.750000
vt 0.375000 0.750000
vt 0.375000 0.750000
vt 0.375000 0.750000
vt 0.375000 0.750000
vt 0.375000 0.750000
vt 0.375000 0.750000
vt 0.375000 0.750000
vt 0.375000 0.750000
vt 0.375000 0.750000
vt 0.375000 0.750000
vt 0.375000 0.750000
vt 0.375000 0.750000
vt 0.375000 0.750000
vt 0.375000 0.750000
vt 0.375000 0.750000
vt 0.375000 0.750000
vt 0.375000 0.750000
vt 0.375000 0.750000
vt 0.375000 0.750000
vt 0.375000 0.750000
vt 0.375000 0.750000
vt 0.375000 0.750000
vt 0.375000 0.750000
vt 0.375000 0.750000
vt 0.375000 0.750000
vt 0.375000 0.750000
vt 0.375000 0.750000
vt 0.375000 0.750000
vt 0.375000 0.750000
vt 0.375000 0.750000
vt 0.375000 0.750000
vt 0.375000 0.750000
vt 0.375000 0.750000
vt 0.375000 0.750000
vt 0.375000 0.750000
vt 0.375000 0.750000
vt 0.375000 0.750000
vt 0.375000 0.750000
vt 0.375000 0.750000
vt 0.375000 0.750000
vt 0.375000 0.750000
vt 0.375000 0.750000
vt 0.375000 0.750000
vt 0.375000 0.750000
vt 0.375000 0.750000
vt 0.375000 0.750000
vt 0.375000 0.750000
vt 0.375000 0.750000
vt 0.375000 0.750000
vt 0.375000 0.750000
vt 0.375000 0.750000
vt 0.375000 0.750000
vt 0.375000 0.750000
vt 0.375000 0.750000
vt 0.375000 0.750000
vt 0.375000 0.750000
vt 0.375000 0.750000
vt 0.375000 0.750000
vt 0.375000 0.750000
vt 0.375000 0.750000
vt 0.375000 0.750000
vt 0.375000 0.750000
vt 0.375000 0.750000
vt 0.375000 0.750000
vt 0.375000 0.750000
vt 0.375000 0.750000
vt 0.375000 0.750000
vt 0.375000 0.750000
vt 0.375000 0.750000
vt 0.375000 0.750000
vt 0.375000 0.750000
vt 0.375000 0.750000
vt 0.375000 0.750000
vt 0.375000 0.750000
vt 0.375000 0.750000
vt 0.375000 0.750000
vt 0.375000 0.750000
vt 0.375000 0.750000
vt 0.375000 0.750000
vt 0.375000 0.750000
vt 0.375000 0.750000
vt 0.375000 0.750000
vt 0.375000 0.750000
vt 0.375000 0.750000
vt 0.375000 0.750000
vt 0.375000 0.750000
vt 0.375000 0.750000
vt 0.375000 0.750000
vt 0.375000 0.750000
vt 0.375000 0.750000
vt 0.375000 0.750000
vt 0.375000 0.750000
vt 0.375000 0.750000
vt 0.375000 0.750000
vt 0.375000 0.750000
vt 0.375000 0.750000
vt 0.375000 0.750000
vt 0.375000 0.750000
vt 0.375000 0.750000
vt 0.375000 0.750000
vt 0.375000 0.750000
vt 0.375000 0.750000
vt 0.375000 0.750000
vt 0.375000 0.750000
vt 0.375000 0.750000
vt 0.375000 0.750000
vt 0.375000 0.750000
vt 0.375000 0.750000
vt 0.375000 0.750000
vt 0.375000 0.750000
vt 0.375000 0.750000
vt 0.375000 0.750000
vt 0.375000 0.750000
vt 0.375000 0.750000
vt 0.375000 0.750000
vt 0.375000 0.750000
vt 0.375000 0.750000
vt 0.375000 0.750000
vt 0.375000 0.750000
vt 0.375000 0.750000
vt 0.375000 0.750000
vt 0.375000 0.750000
vt 0.375000 0.750000
vt 0.375000 0.750000
vt 0.375000 0.750000
vt 0.375000 0.750000
vt 0.375000 0.750000
vt 0.375000 0.750000
vt 0.375000 0.750000
vt 0.375000 0.750000
vt 0.375000 0.750000
vt 0.375000 0.750000
vt 0.375000 0.750000
vt 0.375000 0.750000
vt 0.375000 0.750000
vt 0.375000 0.750000
vt 0.375000 0.750000
vt 0.375000 0.750000
vt 0.375000 0.750000
vt 0.375000 0.750000
vt 0.375000 0.750000
vt 0.375000 0.750000
vt 0.375000 0.750000
vt 0.375000 0.750000
vt 0.375000 0.750000
vt 0.375000 0.750000
vt 0.375000 0.750000
vt 0.375000 0.750000
vt 0.375000 0.750000
vt 0.375000 0.750000
vt 0.375000 0.750000
vt 0.375000 0.750000
vt 0.375000 0.750000
vt 0.375000 0.750000
vt 0.375000 0.750000
vt 0.375000 0.750000
vt 0.375000 0.750000
vt 0.375000 0.750000
vt 0.375000 0.750000
vt 0.375000 0.750000
vt 0.375000 0.750000
vt 0.375000 0.750000
vt 0.375000 0.750000
vt 0.375000 0.750000
vt 0.375000 0.750000
vt 0.375000 0.750000
vt 0.375000 0.750000
vt 0.375000 0.750000
vt 0.375000 0.750000
vt 0.375000 0.750000
vt 0.375000 0.750000
vt 0.375000 0.750000
vt 0.375000 0.750000
vt 0.375000 0.750000
vt 0.375000 0.750000
vt 0.375000 0.750000
vt 0.375000 0.750000
vt 0.375000 0.750000
vt 0.375000 0.750000
vt 0.375000 0.750000
vt 0.375000 0.750000
vt 0.375000 0.750000
vt 0.375000 0.750000
vt 0.375000 0.750000
vt 0.375000 0.750000
vt 0.375000 0.750000
vt 0.375000 0.750000
vt 0.375000 0.750000
vt 0.375000 0.750000
vt 0.375000 0.750000
vt 0.375000 0.750000
vt 0.375000 0.750000
vt 0.375000 0.750000
vt 0.375000 0.750000
vt 0.375000 0.750000
vt 0.375000 0.750000
vt 0.375000 0.750000
vt 0.375000 0.750000
vt 0.375000 0.750000
vt 0.375000 0.750000
vt 0.375000 0.750000
vt 0.375000 0.750000
vt 0.375000 0.750000
vt 0.375000 0.750000
vt 0.375000 0.750000
vt 0.375000 0.750000
vt 0.375000 0.750000
vt 0.375000 0.750000
vt 0.375000 0.750000
vt 0.375000 0.750000
vt 0.375000 0.750000
vt 0.375000 0.750000
vt 0.375000 0.750000
vt 0.375000 0.750000
vt 0.375000 0.750000
vt 0.375000 0.750000
vt 0.375000 0.750000
vt 0.375000 0.750000
vt 0.375000 0.750000
vt 0.375000 0.750000
vt 0.375000 0.750000
vt 0.375000 0.750000
vt 0.375000 0.750000
vt 0.375000 0.750000
vt 0.375000 0.750000
vt 0.375000 0.750000
vt 0.375000 0.750000
vt 0.375000 0.750000
vt 0.375000 0.750000
vt 0.375000 0.750000
vt 0.375000 0.750000
vt 0.375000 0.750000
vt 0.375000 0.750000
vt 0.375000 0.750000
vt 0.375000 0.750000
vt 0.375000 0.750000
vt 0.375000 0.750000
vt 0.375000 0.750000
vt 0.375000 0.750000
vt 0.375000 0.750000
vt 0.375000 0.750000
vt 0.375000 0.750000
vt 0.375000 0.750000
vt 0.375000 0.750000
vt 0.375000 0.750000
vt 0.375000 0.750000
vt 0.375000 0.750000
vt 0.375000 0.750000
vt 0.375000 0.750000
vt 0.375000 0.750000
vt 0.375000 0.750000
vt 0.375000 0.750000
vt 0.375000 0.750000
vt 0.375000 0.750000
vt 0.375000 0.750000
vt 0.375000 0.750000
vt 0.375000 0.750000
vt 0.375000 0.750000
vt 0.375000 0.750000
vt 0.375000 0.750000
vt 0.375000 0.750000
vt 0.375000 0.750000
vt 0.375000 0.750000
vt 0.375000 0.750000
vt 0.375000 0.750000
vt 0.375000 0.750000
vt 0.375000 0.750000
vt 0.375000 0.750000
vt 0.375000 0.750000
vt 0.375000 0.750000
vt 0.375000 0.750000
vt 0.375000 0.750000
vt 0.375000 0.750000
vt 0.375000 0.750000
vt 0.375000 0.750000
vt 0.375000 0.750000
vt 0.375000 0.750000
vt 0.375000 0.750000
vt 0.375000 0.750000
vt 0.375000 0.750000
vt 0.375000 0.750000
vt 0.375000 0.750000
vt 0.375000 0.750000
vt 0.375000 0.750000
vt 0.375000 0.750000
vt 0.375000 0.750000
vt 0.375000 0.750000
vt 0.375000 0.750000
vt 0.375000 0.750000
vt 0.375000 0.750000
vt 0.375000 0.750000
vt 0.375000 0.750000
vt 0.375000 0.750000
vt 0.375000 0.750000
vt 0.375000 0.750000
vt 0.375000 0.750000
vt 0.375000 0.750000
vt 0.375000 0.750000
vt 0.375000 0.750000
vt 0.375000 0.750000
vt 0.375000 0.750000
vt 0.375000 0.750000
vt 0.375000 0.750000
vt 0.375000 0.750000
vt 0.375000 0.750000
vt 0.375000 0.750000
vt 0.375000 0.750000
vt 0.375000 0.750000
vt 0.375000 0.750000
vt 0.375000 0.750000
vn -1.00000000 0.00000000 0.00000000
vn -1.00000000 0.00000000 0.00000000
vn -1.00000000 0.00000000 0.00000000
vn 1.00000000 0.00000000 0.00000000
vn 1.00000000 0.00000000 0.00000000
vn 1.00000000 0.00000000 0.00000000
vn 0.00000000 -0.06507913 -0.99788010
vn 0.00000000 -0.06507913 -0.99788010
vn 0.00000000 -0.06507913 -0.99788010
vn 0.00000000 0.27675116 -0.96094161
vn 0.00000000 0.27675116 -0.96094161
vn 0.00000000 0.27675116 -0.96094161
vn 0.00000000 -0.45006886 -0.89299387
vn 0.00000000 -0.45006886 -0.89299387
vn 0.00000000 -0.45006886 -0.89299387
vn 0.00000000 -0.04333274 -0.99906069
vn 0.00000000 -0.04333274 -0.99906069
vn 0.00000000 -0.04333274 -0.99906069
vn 0.00000000 0.04343723 -0.99905616
vn 0.00000000 0.04343723 -0.99905616
vn 0.00000000 0.04343723 -0.99905616
vn 0.00000000 1.00000000 -0.00000000
vn 0.00000000 1.00000000 -0.00000000
vn 0.00000000 1.00000000 -0.00000000
vn 0.00000000 0.05491700 0.99849093
vn 0.00000000 0.05491700 0.99849093
vn 0.00000000 0.05491700 0.99849093
vn 0.00000000 0.02448245 0.99970031
vn 0.00000000 0.02448245 0.99970031
vn 0.00000000 0.02448245 0.99970031
vn 0.00000000 0.38369167 0.92346126
vn 0.00000000 0.38369167 0.92346126
vn 0.00000000 0.38369167 0.92346126
vn 0.00000000 0.50142378 0.86520177
vn 0.00000000 0.50142378 0.86520177
vn 0.00000000 0.50142378 0.86520177
vn 0.00000000 0.50233406 0.86467367
vn 0.00000000 0.50233406 0.86467367
vn 0.00000000 0.50233406 0.86467367
vn 0.00000000 0.21055605 0.97758180
vn 0.00000000 0.21055605 0.97758180
vn 0.00000000 0.21055605 0.97758180
vn -0.00000000 -1.00000000 -0.00000000
vn -0.00000000 -1.00000000 -0.00000000
vn -0.00000000 -1.00000000 -0.00000000
vn -1.00000000 -0.00000000 -0.00000000
vn -1.00000000 -0.00000000 -0.00000000
vn -1.00000000 -0.00000000 0.00000000
vn -1.00000000 0.00000000 0.00000000
vn -1.00000000 0.00000000 0.00000000
vn -1.00000000 0.00000000 0.00000000
vn -1.00000000 0.00000000 0.00000000
vn -1.00000000 0.00000000 0.00000000
vn -1.00000000 0.00000000 0.00000000
vn -1.00000000 -0.00000000 0.00000000
vn 1.00000000 0.00000000 -0.00000000
vn 1.00000000 0.00000000 -0.00000000
vn 1.00000000 0.00000000 0.00000000
vn 1.00000000 0.00000000 0.00000000
vn 1.00000000 0.00000000 0.00000000
vn 1.00000000 0.00000000 0.00000000
vn 1.00000000 0.00000000 0.00000000
vn 1.00000000 0.00000000 0.00000000
vn 1.00000000 0.00000000 0.00000000
vn 1.00000000 0.00000000 0.00000000
vn -0.00000000 -0.06507913 -0.99788010
vn 0.00000000 0.27675116 -0.96094161
vn -0.00000000 -0.45006886 -0.89299387
vn -0.00000000 -0.04333274 -0.99906069
vn 0.00000000 0.04343723 -0.99905616
vn 0.00000000 1.00000000 0.00000000
vn 0.00000000 0.05491700 0.99849093
vn 0.00000000 0.02448245 0.99970031
vn 0.00000000 0.38369167 0.92346126
vn 0.00000000 0.50142378 0.86520177
vn 0.00000000 0.50233406 0.86467367
vn 0.00000000 0.21055605 0.97758180
vn 0.00000000 -1.00000000 0.00000000
vn 0.73819870 -0.00000000 0.67458326
vn 0.73819870 -0.00000000 0.67458326
vn 0.73819870 -0.00000000 0.67458326
vn -0.00000000 0.00000000 1.00000000
vn -0.00000000 0.00000000 1.00000000
vn -0.00000000 0.00000000 1.00000000
vn -0.73819870 0.00000000 0.67458326
vn -0.73819870 0.00000000 0.67458326
vn -0.73819870 0.00000000 0.67458326
vn -1.00000000 0.00000000 0.00000000
vn -1.00000000 0.00000000 0.00000000
vn -1.00000000 0.00000000 0.00000000
vn -0.73819870 0.00000000 -0.67458326
vn -0.73819870 0.00000000 -0.67458326
vn -0.73819870 0.00000000 -0.67458326
vn -0.00000000 0.00000000 -1.00000000
vn -0.00000000 0.00000000 -1.00000000
vn -0.00000000 0.00000000 -1.00000000
vn 0.73819870 0.00000000 -0.67458326
vn 0.73819870 0.00000000 -0.67458326
vn 0.73819870 0.00000000 -0.67458326
vn 1.00000000 -0.00000000 0.00000000
vn 1.00000000 -0.00000000 0.00000000
vn 1.00000000 -0.00000000 0.00000000
vn 0.00000000 -1.00000000 0.00000000
vn 0.00000000 -1.00000000 0.00000000
vn 0.00000000 -1.00000000 0.00000000
vn 0.00000000 1.00000000 0.00000000
vn 0.00000000 1.00000000 0.00000000
vn 0.00000000 1.00000000 0.00000000
vn 0.73819870 0.00000000 0.67458326
vn -0.00000000 0.00000000 1.00000000
vn -0.73819870 0.00000000 0.67458326
vn -1.00000000 0.00000000 0.00000000
vn -0.73819870 -0.00000000 -0.67458326
vn -0.00000000 -0.00000000 -1.00000000
vn 0.73819870 0.00000000 -0.67458326
vn 1.00000000 0.00000000 0.00000000
vn 0.00000000 -1.00000000 -0.00000000
vn 0.00000000 -1.00000000 -0.00000000
vn 0.00000000 -1.00000000 0.00000000
vn 0.00000000 -1.00000000 0.00000000
vn 0.00000000 -1.00000000 0.00000000
vn 0.00000000 1.00000000 -0.00000000
vn 0.00000000 1.00000000 -0.00000000
vn 0.00000000 1.00000000 0.00000000
vn 0.00000000 1.00000000 0.00000000
vn 0.00000000 1.00000000 0.00000000
vn -0.73818380 -0.00361368 -0.67458999
vn -0.73818380 -0.00361368 -0.67458999
vn -0.73818380 -0.00361368 -0.67458999
vn 0.00000000 -0.00378946 -0.99999279
vn 0.00000000 -0.00378946 -0.99999279
vn 0.00000000 -0.00378946 -0.99999279
vn 0.73818380 -0.00361067 -0.67458999
vn 0.73818380 -0.00361067 -0.67458999
vn 0.73818380 -0.00361067 -0.67458999
vn 0.99999398 -0.00345862 0.00000000
vn 0.99999398 -0.00345862 0.00000000
vn 0.99999398 -0.00345862 0.00000000
vn 0.73818380 -0.00361366 0.67458999
vn 0.73818380 -0.00361366 0.67458999
vn 0.73818380 -0.00361366 0.67458999
vn 0.00000000 -0.00378943 0.99999279
vn 0.00000000 -0.00378943 0.99999279
vn 0.00000000 -0.00378943 0.99999279
vn -0.73818380 -0.00361065 0.67458999
vn -0.73818380 -0.00361065 0.67458999
vn -0.73818380 -0.00361065 0.67458999
vn -0.99999398 -0.00345862 0.00000000
vn -0.99999398 -0.00345862 0.00000000
vn -0.99999398 -0.00345862 0.00000000
vn 0.00000000 1.00000000 -0.00000000
vn 0.00000000 1.00000000 -0.00000000
vn 0.00000000 1.00000000 -0.00000000
vn -0.73819727 -0.00361069 -0.67457515
vn -0.73819727 -0.00361069 -0.67457515
vn -0.73819727 -0.00361069 -0.67457515
vn -0.00000000 -0.00378946 -0.99999285
vn -0.00000000 -0.00378946 -0.99999285
vn -0.00000000 -0.00378946 -0.99999285
vn 0.73819727 -0.00361364 -0.67457515
vn 0.73819727 -0.00361364 -0.67457515
vn 0.73819727 -0.00361364 -0.67457515
vn 0.99999404 -0.00345862 0.00000000
vn 0.99999404 -0.00345862 0.00000000
vn 0.99999404 -0.00345862 0.00000000
vn 0.73819727 -0.00361067 0.67457515
vn 0.73819727 -0.00361067 0.67457515
vn 0.73819727 -0.00361067 0.67457515
vn 0.00000000 -0.00378943 0.99999285
vn 0.00000000 -0.00378943 0.99999285
vn 0.00000000 -0.00378943 0.99999285
vn -0.73819727 -0.00361362 0.67457515
vn -0.73819727 -0.00361362 0.67457515
vn -0.73819727 -0.00361362 0.67457515
vn -0.99999404 -0.00345862 0.00000000
vn -0.99999404 -0.00345862 0.00000000
vn -0.99999404 -0.00345862 0.00000000
vn 0.00000000 1.00000000 0.00000000
vn 0.00000000 1.00000000 0.00000000
vn 0.00000000 1.00000000 0.00000000
vn 0.00000000 1.00000000 -0.00000000
vn 0.00000000 1.00000000 0.00000000
vn 0.86604679 0.00450710 0.49994266
vn 0.86604679 0.00450710 0.49994266
vn 0.86604679 0.00450710 0.49994266
vn 0.49994278 0.00450605 0.86604673
vn 0.49994278 0.00450605 0.86604673
vn 0.49994278 0.00450605 0.86604673
vn 0.00000000 0.00450630 0.99998987
vn 0.00000000 0.00450630 0.99998987
vn 0.00000000 0.00450630 0.99998987
vn -0.49994278 0.00450710 0.86604673
vn -0.49994278 0.00450710 0.86604673
vn -0.49994278 0.00450710 0.86604673
vn -0.86604679 0.00450605 0.49994266
vn -0.86604679 0.00450605 0.49994266
vn -0.86604679 0.00450605 0.49994266
vn -0.99998987 0.00450630 0.00000000
vn -0.99998987 0.00450630 0.00000000
vn -0.99998987 0.00450630 0.00000000
vn -0.86604691 0.00450711 -0.49994245
vn -0.86604691 0.00450711 -0.49994245
vn -0.86604691 0.00450711 -0.49994245
vn -0.49994242 0.00450605 -0.86604691
vn -0.49994242 0.00450605 -0.86604691
vn -0.49994242 0.00450605 -0.86604691
vn 0.00000000 0.00450630 -0.99998987
vn 0.00000000 0.00450630 -0.99998987
vn 0.00000000 0.00450630 -0.99998987
vn 0.49994242 0.00450711 -0.86604691
vn 0.49994242 0.00450711 -0.86604691
vn 0.49994242 0.00450711 -0.86604691
vn 0.86604697 0.00450605 -0.49994245
vn 0.86604697 0.00450605 -0.49994245
vn 0.86604697 0.00450605 -0.49994245
vn 0.99998987 0.00450630 0.00000000
vn 0.99998987 0.00450630 0.00000000
vn 0.99998987 0.00450630 0.00000000
vn 0.00000000 1.00000000 0.00000000
vn 0.00000000 1.00000000 0.00000000
vn 0.00000000 1.00000000 0.00000000
vn 0.86600333 0.00450594 0.50001806
vn 0.86600333 0.00450594 0.50001806
vn 0.86600333 0.00450594 0.50001806
vn 0.50001788 0.00450720 0.86600333
vn 0.50001788 0.00450720 0.86600333
vn 0.50001788 0.00450720 0.86600333
vn -0.00000000 0.00450630 0.99998987
vn -0.50001788 0.00450594 0.86600333
vn -0.50001788 0.00450594 0.86600333
vn -0.50001788 0.00450594 0.86600333
vn -0.86600333 0.00450720 0.50001806
vn -0.86600333 0.00450720 0.50001806
vn -0.86600333 0.00450720 0.50001806
vn -0.99998987 0.00450630 0.00000000
vn -0.86600310 0.00450594 -0.50001830
vn -0.86600310 0.00450594 -0.50001830
vn -0.86600310 0.00450594 -0.50001830
vn -0.50001830 0.00450722 -0.86600310
vn -0.50001830 0.00450722 -0.86600310
vn -0.50001830 0.00450722 -0.86600310
vn 0.00000000 0.00450630 -0.99998987
vn 0.50001830 0.00450594 -0.86600310
vn 0.50001830 0.00450594 -0.86600310
vn 0.50001830 0.00450594 -0.86600310
vn 0.86600310 0.00450721 -0.50001830
vn 0.86600310 0.00450721 -0.50001830
vn 0.86600310 0.00450721 -0.50001830
vn 0.99998987 0.00450630 0.00000000
vn 0.00000000 1.00000000 -0.00000000
vn 0.00000000 1.00000000 -0.00000000
vn 0.00000000 1.00000000 0.00000000
vn -0.00000000 1.00000000 0.00000000
vn -0.00000000 1.00000000 0.00000000
vn 0.00000000 1.00000000 0.00000000
vn 0.00000000 1.00000000 0.00000000
vn 0.00000000 1.00000000 0.00000000
vn 0.00000000 1.00000000 0.00000000
vn 0.70710671 -0.00000000 0.70710689
vn 0.70710671 -0.00000000 0.70710689
vn 0.70710671 -0.00000000 0.70710689
vn -0.00000000 0.00000000 1.00000000
vn -0.00000000 0.00000000 1.00000000
vn -0.00000000 0.00000000 1.00000000
vn -0.70710671 0.00000000 0.70710683
vn -0.70710671 0.00000000 0.70710683
vn -0.70710671 0.00000000 0.70710683
vn -1.00000000 0.00000000 0.00000000
vn -1.00000000 0.00000000 0.00000000
vn -1.00000000 0.00000000 0.00000000
vn -0.70710671 0.00000000 -0.70710689
vn -0.70710671 0.00000000 -0.70710689
vn -0.70710671 0.00000000 -0.70710689
vn -0.00000000 0.00000000 -1.00000000
vn -0.00000000 0.00000000 -1.00000000
vn -0.00000000 0.00000000 -1.00000000
vn 0.70710671 0.00000000 -0.70710689
vn 0.70710671 0.00000000 -0.70710689
vn 0.70710671 0.00000000 -0.70710689
vn 1.00000000 -0.00000000 0.00000000
vn 1.00000000 -0.00000000 0.00000000
vn 1.00000000 -0.00000000 0.00000000
vn 0.70710397 -0.40550607 0.57928300
vn 0.70710397 -0.40550607 0.57928300
vn 0.70710397 -0.40550607 0.57928300
vn 0.00000000 -0.57346988 0.81922656
vn 0.00000000 -0.57346988 0.81922656
vn 0.00000000 -0.57346988 0.81922656
vn -0.70710534 -0.40549797 0.57928699
vn -0.70710534 -0.40549797 0.57928699
vn -0.70710534 -0.40549797 0.57928699
vn -1.00000000 -0.00000000 0.00000000
vn -1.00000000 -0.00000000 0.00000000
vn -0.70710588 0.40549478 -0.57928848
vn -0.70710588 0.40549478 -0.57928848
vn -0.70710588 0.40549478 -0.57928848
vn 0.00000000 0.57345557 -0.81923664
vn 0.00000000 0.57345557 -0.81923664
vn 0.00000000 0.57345557 -0.81923664
vn 0.70710462 0.40550250 -0.57928485
vn 0.70710462 0.40550250 -0.57928485
vn 0.70710462 0.40550250 -0.57928485
vn 1.00000000 -0.00000000 0.00000000
vn 1.00000000 -0.00000000 0.00000000
vn 0.00000000 -1.00000000 0.00000000
vn 0.00000000 -1.00000000 0.00000000
vn 0.00000000 -1.00000000 0.00000000
vn 0.00000828 0.81922740 0.57346880
vn 0.00000828 0.81922740 0.57346880
vn 0.00000828 0.81922740 0.57346880
vn 0.70710671 0.00000000 0.70710683
vn 0.70710671 0.00000000 0.70710683
vn 0.70710671 0.00000000 0.70710683
vn -0.00000000 0.00000000 1.00000000
vn -0.70710671 0.00000000 0.70710689
vn -0.70710671 0.00000000 0.70710689
vn -0.70710671 0.00000000 0.70710689
vn -0.70710671 -0.00000000 -0.70710689
vn -0.00000000 -0.00000000 -1.00000000
vn 0.70710671 0.00000000 -0.70710689
vn 0.70714408 -0.40547577 0.57925528
vn 0.70714408 -0.40547577 0.57925528
vn 0.70714408 -0.40547577 0.57925528
vn 0.00000000 -0.57346988 0.81922656
vn -0.70714408 -0.40548310 0.57925016
vn -0.70714408 -0.40548310 0.57925016
vn -0.70714408 -0.40548310 0.57925016
vn -1.00000000 -0.00000000 0.00000000
vn -0.70714557 0.40547895 -0.57925123
vn -0.70714557 0.40547895 -0.57925123
vn -0.70714557 0.40547895 -0.57925123
vn 0.00000000 0.57345557 -0.81923664
vn 0.70714557 0.40547204 -0.57925600
vn 0.70714557 0.40547204 -0.57925600
vn 0.70714557 0.40547204 -0.57925600
vn 1.00000000 0.00000000 0.00000000
vn 0.00000000 -1.00000000 -0.00000000
vn 0.00000000 -1.00000000 -0.00000000
vn 0.00000000 -1.00000000 0.00000000
vn 0.00000000 -1.00000000 0.00000000
vn 0.00000000 -1.00000000 0.00000000
vn -0.00004432 0.81924140 0.57344884
vn -0.00004432 0.81924140 0.57344884
vn -0.00004432 0.81924140 0.57344884
vn -0.00000000 0.81921250 0.57349026
vn -0.00000000 0.81921250 0.57349026
vn -0.00000000 0.81921250 0.57349026
vn -0.00005047 0.81924140 0.57344884
vn -0.00005047 0.81924140 0.57344884
vn -0.00005047 0.81924140 0.57344884
vn 0.00000000 0.81921595 0.57348520
vn 0.00000000 0.81921595 0.57348520
vn 0.00000000 0.81921595 0.57348520
vn 0.00001136 0.81922811 0.57346779
vn 0.00001136 0.81922811 0.57346779
vn 0.00001136 0.81922811 0.57346779
vn -1.00000000 0.00000000 0.00000000
vn -1.00000000 0.00000000 0.00000000
vn -1.00000000 0.00000000 0.00000000
vn 1.00000000 -0.00000000 0.00000000
vn 1.00000000 -0.00000000 0.00000000
vn 1.00000000 -0.00000000 0.00000000
vn -0.00000000 0.00000000 -1.00000000
vn -0.00000000 0.00000000 -1.00000000
vn -0.00000000 0.00000000 -1.00000000
vn 0.00000000 1.00000000 -0.00000000
vn 0.00000000 1.00000000 -0.00000000
vn 0.00000000 1.00000000 -0.00000000
vn 0.00000000 0.00000000 1.00000000
vn 0.00000000 0.00000000 1.00000000
vn 0.00000000 0.00000000 1.00000000
vn -0.00000000 -1.00000000 -0.00000000
vn -0.00000000 -1.00000000 -0.00000000
vn -0.00000000 -1.00000000 -0.00000000
vn -1.00000000 0.00000000 0.00000000
vn 1.00000000 0.00000000 0.00000000
vn -0.00000000 -0.00000000 -1.00000000
vn 0.00000000 1.00000000 0.00000000
vn 0.00000000 -0.00000000 1.00000000
vn 0.00000000 -1.00000000 0.00000000
vn -0.37851545 -0.68324625 -0.62442029
vn -0.37851545 -0.68324625 -0.62442029
vn -0.37851545 -0.68324625 -0.62442029
vn -0.39392000 0.00000000 -0.91914475
vn -0.39392000 0.00000000 -0.91914475
vn -0.39392000 0.00000000 -0.91914475
vn -0.37849313 0.68325299 -0.62442642
vn -0.37849313 0.68325299 -0.62442642
vn -0.37849313 0.68325299 -0.62442642
vn -0.36472949 0.93111354 0.00000000
vn -0.36472949 0.93111354 0.00000000
vn -0.36472949 0.93111354 0.00000000
vn -0.37851545 0.68324625 0.62442029
vn -0.37851545 0.68324625 0.62442029
vn -0.37851545 0.68324625 0.62442029
vn -0.39391834 0.00000000 0.91914546
vn -0.39391834 0.00000000 0.91914546
vn -0.39391834 0.00000000 0.91914546
vn -0.37849194 -0.68325329 0.62442672
vn -0.37849194 -0.68325329 0.62442672
vn -0.37849194 -0.68325329 0.62442672
vn -0.36472949 -0.93111354 -0.00000000
vn -0.36472949 -0.93111354 -0.00000000
vn -0.36472949 -0.93111354 -0.00000000
vn 0.40300944 -0.67560911 -0.61736184
vn 0.40300944 -0.67560911 -0.61736184
vn 0.40300944 -0.67560911 -0.61736184
vn 0.41905808 0.00000000 -0.90795940
vn 0.41905808 0.00000000 -0.90795940
vn 0.41905808 0.00000000 -0.90795940
vn 0.40296784 0.67562264 -0.61737424
vn 0.40296784 0.67562264 -0.61737424
vn 0.40296784 0.67562264 -0.61737424
vn 0.38861796 0.92139900 -0.00000000
vn 0.38861796 0.92139900 -0.00000000
vn 0.38861796 0.92139900 -0.00000000
vn 0.40300944 0.67560911 0.61736184
vn 0.40300944 0.67560911 0.61736184
vn 0.40300944 0.67560911 0.61736184
vn 0.41905808 0.00000000 0.90795940
vn 0.41905808 0.00000000 0.90795940
vn 0.41905808 0.00000000 0.90795940
vn 0.40296784 -0.67562264 0.61737424
vn 0.40296784 -0.67562264 0.61737424
vn 0.40296784 -0.67562264 0.61737424
vn 0.38861796 -0.92139900 0.00000000
vn 0.38861796 -0.92139900 0.00000000
vn 0.38861796 -0.92139900 0.00000000
vn 0.00000000 -0.73821259 -0.67456812
vn 0.00000000 -0.73821259 -0.67456812
vn 0.00000000 -0.73821259 -0.67456812
vn -0.00000000 0.00000000 -1.00000000
vn -0.00000000 0.00000000 -1.00000000
vn -0.00000000 0.00000000 -1.00000000
vn 0.00000000 0.73821259 -0.67456812
vn 0.00000000 0.73821259 -0.67456812
vn 0.00000000 0.73821259 -0.67456812
vn 0.00000000 1.00000000 -0.00000000
vn 0.00000000 1.00000000 -0.00000000
vn 0.00000000 1.00000000 -0.00000000
vn 0.00000000 0.73821259 0.67456812
vn 0.00000000 0.73821259 0.67456812
vn 0.00000000 0.73821259 0.67456812
vn 0.00000000 0.00000000 1.00000000
vn 0.00000000 0.00000000 1.00000000
vn 0.00000000 0.00000000 1.00000000
vn 0.00000000 -0.73821259 0.67456812
vn 0.00000000 -0.73821259 0.67456812
vn 0.00000000 -0.73821259 0.67456812
vn -0.00000000 -1.00000000 -0.00000000
vn -0.00000000 -1.00000000 -0.00000000
vn -0.00000000 -1.00000000 -0.00000000
vn -1.00000000 0.00000000 0.00000000
vn -1.00000000 0.00000000 0.00000000
vn -1.00000000 0.00000000 0.00000000
vn -0.37848943 -0.68326813 -0.62441206
vn -0.37848943 -0.68326813 -0.62441206
vn -0.37848943 -0.68326813 -0.62441206
vn -0.39392000 -0.00000000 -0.91914475
vn -0.37851775 0.68325955 -0.62440419
vn -0.37851775 0.68325955 -0.62440419
vn -0.37851775 0.68325955 -0.62440419
vn -0.36472949 0.93111354 0.00000000
vn -0.37848809 0.68326926 0.62441164
vn -0.37848809 0.68326926 0.62441164
vn -0.37848809 0.68326926 0.62441164
vn -0.39391837 0.00000000 0.91914546
vn -0.39391837 0.00000000 0.91914546
vn -0.39391837 0.00000000 0.91914546
vn -0.37851787 -0.68326020 0.62440336
vn -0.37851787 -0.68326020 0.62440336
vn -0.37851787 -0.68326020 0.62440336
vn -0.36472949 -0.93111354 0.00000000
vn 0.40297872 -0.67557991 -0.61741400
vn 0.40297872 -0.67557991 -0.61741400
vn 0.40297872 -0.67557991 -0.61741400
vn 0.41905811 0.00000000 -0.90795940
vn 0.41905811 0.00000000 -0.90795940
vn 0.41905811 0.00000000 -0.90795940
vn 0.40300247 0.67557216 -0.61740690
vn 0.40300247 0.67557216 -0.61740690
vn 0.40300247 0.67557216 -0.61740690
vn 0.38861793 0.92139900 0.00000000
vn 0.38861793 0.92139900 0.00000000
vn 0.38861793 0.92139900 0.00000000
vn 0.40297872 0.67557991 0.61741400
vn 0.40297872 0.67557991 0.61741400
vn 0.40297872 0.67557991 0.61741400
vn 0.41905811 -0.00000000 0.90795940
vn 0.41905811 -0.00000000 0.90795940
vn 0.41905811 -0.00000000 0.90795940
vn 0.40300247 -0.67557216 0.61740690
vn 0.40300247 -0.67557216 0.61740690
vn 0.40300247 -0.67557216 0.61740690
vn 0.38861793 -0.92139900 0.00000000
vn 0.38861793 -0.92139900 0.00000000
vn 0.38861793 -0.92139900 0.00000000
vn -0.00000000 -0.73821259 -0.67456812
vn -0.00000000 -0.00000000 -1.00000000
vn 0.00000000 0.73821259 -0.67456812
vn 0.00000000 1.00000000 0.00000000
vn 0.00000000 0.73821259 0.67456812
vn 0.00000000 -0.00000000 1.00000000
vn 0.00000000 -0.73821259 0.67456812
vn 0.00000000 -1.00000000 0.00000000
vn -1.00000000 0.00000000 -0.00000000
vn -1.00000000 0.00000000 -0.00000000
vn -1.00000000 0.00000000 0.00000000
vn -1.00000000 0.00000000 0.00000000
vn -1.00000000 0.00000000 0.00000000
vn -0.96927094 0.15956536 -0.18722336
vn -0.96927094 0.15956536 -0.18722336
vn -0.96927094 0.15956536 -0.18722336
vn 0.96927094 0.15956536 -0.18722336
vn 0.96927094 0.15956536 -0.18722336
vn 0.96927094 0.15956536 -0.18722336
vn 0.00000000 0.17194584 -0.98510641
vn 0.00000000 0.17194584 -0.98510641
vn 0.00000000 0.17194584 -0.98510641
vn 0.00000000 0.14290316 0.98973668
vn 0.00000000 0.14290316 0.98973668
vn 0.00000000 0.14290316 0.98973668
vn 0.00000000 -0.64865202 0.76108503
vn 0.00000000 -0.64865202 0.76108503
vn 0.00000000 -0.64865202 0.76108503
vn 0.00000000 0.17194584 -0.98510641
vn 0.00000000 0.14290316 0.98973668
vn 0.00000000 -0.64865202 0.76108503
vn -0.98321503 0.18245038 -0.00001329
vn -0.98321503 0.18245038 -0.00001329
vn -0.98321503 0.18245038 -0.00001329
vn 0.98321474 0.18245216 -0.00001588
vn 0.98321474 0.18245216 -0.00001588
vn 0.98321474 0.18245216 -0.00001588
vn 0.00000000 -0.14284971 -0.98974437
vn 0.00000000 -0.14284971 -0.98974437
vn 0.00000000 -0.14284971 -0.98974437
vn 0.00000000 0.75071371 0.66062772
vn 0.00000000 0.75071371 0.66062772
vn 0.00000000 0.75071371 0.66062772
vn 0.00000000 0.16730510 0.98590517
vn 0.00000000 0.16730510 0.98590517
vn 0.00000000 0.16730510 0.98590517
vn 0.00000000 -0.57039583 0.82137001
vn 0.00000000 -0.57039583 0.82137001
vn 0.00000000 -0.57039583 0.82137001
vn -0.98321354 0.18245879 0.00002453
vn -0.98321354 0.18245879 0.00002453
vn -0.98321354 0.18245879 0.00002453
vn 0.98321414 0.18245520 0.00002126
vn 0.98321414 0.18245520 0.00002126
vn 0.98321414 0.18245520 0.00002126
vn -0.00000000 -0.14284971 -0.98974442
vn -0.00000000 -0.14284971 -0.98974442
vn -0.00000000 -0.14284971 -0.98974442
vn 0.00000000 0.75071377 0.66062766
vn 0.00000000 0.75071377 0.66062766
vn 0.00000000 0.75071377 0.66062766
vn 0.00000000 0.16730510 0.98590517
vn 0.00000000 -0.57039577 0.82136995
vn 0.00000000 -0.57039577 0.82136995
vn 0.00000000 -0.57039577 0.82136995
vn 0.73820782 -0.00361451 0.67456365
vn 0.73820782 -0.00361451 0.67456365
vn 0.73820782 -0.00361451 0.67456365
vn 0.00000000 -0.00379128 0.99999279
vn 0.00000000 -0.00379128 0.99999279
vn 0.00000000 -0.00379128 0.99999279
vn -0.73820788 -0.00361049 0.67456371
vn -0.73820788 -0.00361049 0.67456371
vn -0.73820788 -0.00361049 0.67456371
vn -0.73819262 -0.00361896 -0.67458016
vn -0.73819262 -0.00361896 -0.67458016
vn -0.73819262 -0.00361896 -0.67458016
vn 0.00000000 -0.00379355 -0.99999279
vn 0.00000000 -0.00379355 -0.99999279
vn 0.00000000 -0.00379355 -0.99999279
vn 0.73819268 -0.00360838 -0.67458028
vn 0.73819268 -0.00360838 -0.67458028
vn 0.73819268 -0.00360838 -0.67458028
vn 0.99999404 -0.00345869 0.00000000
vn 0.99999404 -0.00345869 0.00000000
vn 0.99999404 -0.00345869 0.00000000
vn -0.99999398 -0.00345535 -0.00003402
vn -0.99999398 -0.00345535 -0.00003402
vn -0.99999398 -0.00345535 -0.00003402
vn 0.00000000 1.00000000 -0.00000000
vn 0.00000000 1.00000000 -0.00000000
vn 0.00000000 1.00000000 -0.00000000
vn 0.00000000 -1.00000000 0.00000000
vn 0.00000000 -1.00000000 0.00000000
vn 0.00000000 -1.00000000 0.00000000
vn -0.00000000 -0.00000000 -1.00000000
vn -0.00000000 -0.00000000 -1.00000000
vn -0.00000000 -0.00000000 -1.00000000
vn 0.73823059 -0.00361053 0.67453873
vn 0.73823059 -0.00361053 0.67453873
vn 0.73823059 -0.00361053 0.67453873
vn 0.00000000 -0.00379128 0.99999279
vn -0.73823059 -0.00361444 0.67453873
vn -0.73823059 -0.00361444 0.67453873
vn -0.73823059 -0.00361444 0.67453873
vn -0.73823065 -0.00360845 -0.67453873
vn -0.73823065 -0.00360845 -0.67453873
vn -0.73823065 -0.00360845 -0.67453873
vn -0.00000000 -0.00379355 -0.99999279
vn 0.73823059 -0.00361885 -0.67453867
vn 0.73823059 -0.00361885 -0.67453867
vn 0.73823059 -0.00361885 -0.67453867
vn 0.99999404 -0.00345795 0.00000000
vn 0.99999404 -0.00345795 0.00000000
vn 0.99999404 -0.00345795 0.00000000
vn 0.99999404 -0.00346649 0.00013782
vn 0.99999404 -0.00346649 0.00013782
vn 0.99999404 -0.00346649 0.00013782
vn 0.99999398 -0.00345869 0.00000000
vn 0.99999398 -0.00345869 0.00000000
vn 0.99999398 -0.00345869 0.00000000
vn 0.99999398 -0.00345535 -0.00003402
vn 0.99999398 -0.00345535 -0.00003402
vn 0.99999398 -0.00345535 -0.00003402
vn -0.99999404 -0.00345795 -0.00000000
vn -0.99999404 -0.00345795 -0.00000000
vn -0.99999404 -0.00345795 -0.00000000
vn -0.99999398 -0.00345869 0.00000000
vn -0.99999398 -0.00345869 0.00000000
vn -0.99999398 -0.00345869 0.00000000
vn -0.99999404 -0.00345869 -0.00000000
vn -0.99999404 -0.00345869 -0.00000000
vn -0.99999404 -0.00345869 -0.00000000
vn -0.99999404 -0.00346649 0.00013782
vn -0.99999404 -0.00346649 0.00013782
vn -0.99999404 -0.00346649 0.00013782
vn 0.00000000 1.00000000 0.00000000
vn 0.00000000 1.00000000 0.00000000
vn 0.00000000 1.00000000 0.00000000
vn 0.00000000 1.00000000 -0.00000000
vn 0.00000000 1.00000000 0.00000000
vn 0.00000000 -1.00000000 0.00000000
vn 0.00000000 -1.00000000 0.00000000
vn 0.00000000 -1.00000000 0.00000000
vn 0.00000000 0.00000000 -1.00000000
vn -0.73819733 -0.00360830 -0.67457521
vn -0.73819733 -0.00360830 -0.67457521
vn -0.73819733 -0.00360830 -0.67457521
vn 0.00000000 -0.00378567 -0.99999279
vn 0.00000000 -0.00378567 -0.99999279
vn 0.00000000 -0.00378567 -0.99999279
vn 0.73819727 -0.00361078 -0.67457515
vn 0.73819727 -0.00361078 -0.67457515
vn 0.73819727 -0.00361078 -0.67457515
vn 0.99999404 -0.00345535 0.00000000
vn 0.99999404 -0.00345535 0.00000000
vn 0.99999404 -0.00345535 0.00000000
vn -0.99999404 -0.00345535 0.00000000
vn -0.99999404 -0.00345535 0.00000000
vn -0.99999404 -0.00345535 0.00000000
vn -0.73819268 -0.00361077 -0.67458022
vn -0.73819268 -0.00361077 -0.67458022
vn -0.73819268 -0.00361077 -0.67458022
vn -0.00000000 -0.00378567 -0.99999285
vn -0.00000000 -0.00378567 -0.99999285
vn -0.00000000 -0.00378567 -0.99999285
vn 0.73819268 -0.00360831 -0.67458022
vn 0.73819268 -0.00360831 -0.67458022
vn 0.73819268 -0.00360831 -0.67458022
vn 0.99999398 -0.00345535 0.00000000
vn 0.99999398 -0.00345535 0.00000000
vn 0.99999398 -0.00345535 0.00000000
vn -0.99999398 -0.00345535 0.00000000
vn -0.99999398 -0.00345535 0.00000000
vn -0.99999398 -0.00345535 0.00000000
vn -1.00000000 0.00000000 0.00000000
vn -1.00000000 0.00000000 0.00000000
vn -1.00000000 0.00000000 0.00000000
vn 1.00000000 -0.00000000 0.00000000
vn 1.00000000 -0.00000000 0.00000000
vn 1.00000000 -0.00000000 0.00000000
vn -0.00000000 0.00000000 -1.00000000
vn -0.00000000 0.00000000 -1.00000000
vn -0.00000000 0.00000000 -1.00000000
vn 0.00000000 1.00000000 -0.00000000
vn 0.00000000 1.00000000 -0.00000000
vn 0.00000000 1.00000000 -0.00000000
vn 0.00000000 0.00000000 1.00000000
vn 0.00000000 0.00000000 1.00000000
vn 0.00000000 0.00000000 1.00000000
vn -0.00000000 -1.00000000 -0.00000000
vn -0.00000000 -1.00000000 -0.00000000
vn -0.00000000 -1.00000000 -0.00000000
vn -1.00000000 0.00000000 0.00000000
vn 1.00000000 0.00000000 0.00000000
vn -0.00000000 -0.00000000 -1.00000000
vn 0.00000000 1.00000000 0.00000000
vn 0.00000000 -0.00000000 1.00000000
vn 0.00000000 -1.00000000 0.00000000
vn 0.92387438 -0.00000000 0.38269603
vn 0.92387438 -0.00000000 0.38269603
vn 0.92387438 -0.00000000 0.38269603
vn -0.92389446 0.00000000 -0.38264734
vn -0.92389446 0.00000000 -0.38264734
vn -0.92389446 0.00000000 -0.38264734
vn 0.00000000 -1.00000000 0.00000000
vn 0.00000000 -1.00000000 0.00000000
vn 0.00000000 -1.00000000 0.00000000
vn 0.00000000 1.00000000 0.00000000
vn 0.00000000 1.00000000 0.00000000
vn 0.00000000 1.00000000 0.00000000
vn 0.38269618 -0.00000000 0.92387426
vn 0.38269618 -0.00000000 0.92387426
vn 0.38269618 -0.00000000 0.92387426
vn -0.38264686 0.00000000 -0.92389464
vn -0.38264686 0.00000000 -0.92389464
vn -0.38264686 0.00000000 -0.92389464
vn -0.00000000 -1.00000000 0.00000000
vn -0.00000000 -1.00000000 0.00000000
vn 0.00000000 1.00000000 0.00000000
vn 0.00000000 1.00000000 0.00000000
vn -0.38269618 0.00000000 0.92387426
vn -0.38269618 0.00000000 0.92387426
vn -0.38269618 0.00000000 0.92387426
vn 0.38264686 0.00000000 -0.92389464
vn 0.38264686 0.00000000 -0.92389464
vn 0.38264686 0.00000000 -0.92389464
vn 0.00000000 -1.00000000 -0.00000000
vn 0.00000000 -1.00000000 -0.00000000
vn -0.00000000 1.00000000 0.00000000
vn -0.00000000 1.00000000 0.00000000
vn -0.92387438 0.00000000 0.38269603
vn -0.92387438 0.00000000 0.38269603
vn -0.92387438 0.00000000 0.38269603
vn 0.92389446 0.00000000 -0.38264734
vn 0.92389446 0.00000000 -0.38264734
vn 0.92389446 0.00000000 -0.38264734
vn 0.00000000 -1.00000000 -0.00000000
vn 0.00000000 -1.00000000 -0.00000000
vn 0.00000000 1.00000000 0.00000000
vn 0.00000000 1.00000000 0.00000000
vn -0.92387438 0.00000000 -0.38269603
vn -0.92387438 0.00000000 -0.38269603
vn -0.92387438 0.00000000 -0.38269603
vn 0.92388558 -0.00000000 0.38266867
vn 0.92388558 -0.00000000 0.38266867
vn 0.92388558 -0.00000000 0.38266867
vn 0.00000000 -1.00000000 0.00000000
vn 0.00000000 -1.00000000 0.00000000
vn 0.00000000 1.00000000 -0.00000000
vn 0.00000000 1.00000000 -0.00000000
vn -0.38269565 0.00000000 -0.92387450
vn -0.38269565 0.00000000 -0.92387450
vn -0.38269565 0.00000000 -0.92387450
vn 0.38269845 -0.00000000 0.92387336
vn 0.38269845 -0.00000000 0.92387336
vn 0.38269845 -0.00000000 0.92387336
vn 0.00000000 -1.00000000 0.00000000
vn 0.00000000 -1.00000000 0.00000000
vn 0.00000000 1.00000000 -0.00000000
vn 0.00000000 1.00000000 -0.00000000
vn 0.38269565 0.00000000 -0.92387450
vn 0.38269565 0.00000000 -0.92387450
vn 0.38269565 0.00000000 -0.92387450
vn -0.38269845 0.00000000 0.92387336
vn -0.38269845 0.00000000 0.92387336
vn -0.38269845 0.00000000 0.92387336
vn 0.00000000 -1.00000000 0.00000000
vn 0.00000000 -1.00000000 0.00000000
vn 0.00000000 1.00000000 0.00000000
vn 0.00000000 1.00000000 0.00000000
vn 0.92387438 0.00000000 -0.38269603
vn 0.92387438 0.00000000 -0.38269603
vn 0.92387438 0.00000000 -0.38269603
vn -0.92388558 0.00000000 0.38266867
vn -0.92388558 0.00000000 0.38266867
vn -0.92388558 0.00000000 0.38266867
vn 0.00000000 -1.00000000 0.00000000
vn 0.00000000 1.00000000 0.00000000
vn 0.92387438 0.00000000 0.38269603
vn -0.92389446 -0.00000000 -0.38264734
vn 0.38269618 0.00000000 0.92387426
vn -0.38264686 -0.00000000 -0.92389464
vn -0.38269618 0.00000000 0.92387426
vn 0.38264686 0.00000000 -0.92389464
vn -0.92387438 0.00000000 0.38269603
vn 0.92389446 0.00000000 -0.38264734
vn -0.92387438 -0.00000000 -0.38269603
vn 0.92388558 0.00000000 0.38266867
vn -0.38269565 -0.00000000 -0.92387450
vn 0.38269845 0.00000000 0.92387336
vn 0.38269565 0.00000000 -0.92387450
vn -0.38269845 0.00000000 0.92387336
vn 0.92387438 0.00000000 -0.38269603
vn -0.92388558 0.00000000 0.38266867
vn -0.00000000 -1.00000000 -0.00000000
vn -0.00000000 -1.00000000 -0.00000000
vn -0.00000000 -1.00000000 -0.00000000
vn 0.00000000 1.00000000 -0.00000000
vn 0.00000000 1.00000000 -0.00000000
vn 0.00000000 1.00000000 -0.00000000
vn -0.00000000 0.00000000 -1.00000000
vn -0.00000000 0.00000000 -1.00000000
vn -0.00000000 0.00000000 -1.00000000
vn 1.00000000 -0.00000000 0.00000000
vn 1.00000000 -0.00000000 0.00000000
vn 1.00000000 -0.00000000 0.00000000
vn -0.00000000 0.00000000 1.00000000
vn -0.00000000 0.00000000 1.00000000
vn -0.00000000 0.00000000 1.00000000
vn -1.00000000 0.00000000 0.00000000
vn -1.00000000 0.00000000 0.00000000
vn -1.00000000 0.00000000 0.00000000
vn 0.00000000 -0.04993772 -0.99875230
vn 0.00000000 -0.04993772 -0.99875230
vn 0.00000000 -0.04993772 -0.99875230
vn 0.98373425 0.17962986 0.00000000
vn 0.98373425 0.17962986 0.00000000
vn 0.98373425 0.17962986 0.00000000
vn -0.00000000 0.00000000 1.00000000
vn -0.00000000 0.00000000 1.00000000
vn -0.98373425 0.17962986 0.00000000
vn -0.98373425 0.17962986 0.00000000
vn -0.98373425 0.17962986 0.00000000
vn 0.00000000 -1.00000000 0.00000000
vn 0.00000000 1.00000000 0.00000000
vn -0.00000000 -0.00000000 -1.00000000
vn 1.00000000 0.00000000 0.00000000
vn -1.00000000 0.00000000 0.00000000
vn -0.00000000 -0.04993772 -0.99875236
vn -0.00000000 -0.04993772 -0.99875236
vn -0.00000000 -0.04993772 -0.99875236
vn 0.98373431 0.17962988 0.00000000
vn 0.98373431 0.17962988 0.00000000
vn 0.98373431 0.17962988 0.00000000
vn -0.00000000 0.00000000 1.00000000
vn -0.98373431 0.17962988 0.00000000
vn -0.98373431 0.17962988 0.00000000
vn -0.98373431 0.17962988 0.00000000
vn -0.00000000 -1.00000000 -0.00000000
vn -0.00000000 -1.00000000 -0.00000000
vn -0.00000000 -1.00000000 -0.00000000
vn 0.00000000 1.00000000 -0.00000000
vn 0.00000000 1.00000000 -0.00000000
vn 0.00000000 1.00000000 -0.00000000
vn -0.00000000 0.00000000 -1.00000000
vn -0.00000000 0.00000000 -1.00000000
vn -0.00000000 0.00000000 -1.00000000
vn 1.00000000 -0.00000000 0.00000000
vn 1.00000000 -0.00000000 0.00000000
vn 1.00000000 -0.00000000 0.00000000
vn -0.00000000 0.00000000 1.00000000
vn -0.00000000 0.00000000 1.00000000
vn -0.00000000 0.00000000 1.00000000
vn -0.94682831 0.00000000 -0.32173935
vn -0.94682831 0.00000000 -0.32173935
vn -0.94682831 0.00000000 -0.32173935
vn 0.00000000 -1.00000000 0.00000000
vn 0.00000000 1.00000000 0.00000000
vn -0.00000000 -0.00000000 -1.00000000
vn 1.00000000 0.00000000 0.00000000
vn -0.00000000 0.00000000 1.00000000
vn -0.94682831 -0.00000000 -0.32173935
vn 0.00000000 -1.00000000 0.00000000
vn 0.00000000 -1.00000000 0.00000000
vn 0.00000000 -1.00000000 0.00000000
vn 0.00000000 1.00000000 0.00000000
vn 0.00000000 1.00000000 0.00000000
vn 0.00000000 1.00000000 0.00000000
vn -0.00000000 -0.00000000 -1.00000000
vn -0.00000000 -0.00000000 -1.00000000
vn -0.00000000 -0.00000000 -1.00000000
vn -1.00000000 -0.00000000 0.00000000
vn -1.00000000 -0.00000000 0.00000000
vn -1.00000000 -0.00000000 0.00000000
vn -0.00000000 0.00000000 1.00000000
vn -0.00000000 0.00000000 1.00000000
vn -0.00000000 0.00000000 1.00000000
vn 0.94682831 0.00000000 -0.32173935
vn 0.94682831 0.00000000 -0.32173935
vn 0.94682831 0.00000000 -0.32173935
vn 0.00000000 -1.00000000 0.00000000
vn -0.00000000 1.00000000 0.00000000
vn 0.00000000 0.00000000 -1.00000000
vn -1.00000000 -0.00000000 -0.00000000
vn 0.00000000 0.00000000 1.00000000
vn 0.94682831 0.00000000 -0.32173935
vn 0.00000000 0.86602765 0.49999610
vn 0.00000000 0.86602765 0.49999610
vn 0.00000000 0.86602765 0.49999610
vn -0.00000000 0.86602765 0.49999610
vn 0.00000000 -0.00000000 1.00000000
vn 0.00000000 -0.00000000 1.00000000
vn 0.00000000 -0.00000000 1.00000000
vn 0.00000000 0.00000000 1.00000000
vn 0.00000000 -0.86602765 0.49999610
vn 0.00000000 -0.86602765 0.49999610
vn 0.00000000 -0.86602765 0.49999610
vn 0.00000000 -0.86602765 0.49999610
vn -0.00000000 -0.86602765 -0.49999610
vn -0.00000000 -0.86602765 -0.49999610
vn -0.00000000 -0.86602765 -0.49999610
vn 0.00000000 -0.86602765 -0.49999610
vn -1.00000000 0.00000000 0.00000000
vn -1.00000000 0.00000000 0.00000000
vn -1.00000000 0.00000000 0.00000000
vn -1.00000000 -0.00000000 -0.00000000
vn -1.00000000 -0.00000000 0.00000000
vn -1.00000000 -0.00000000 -0.00000000
vn 0.00000000 0.86602765 -0.49999610
vn 0.00000000 0.86602765 -0.49999610
vn 0.00000000 0.86602765 -0.49999610
vn 0.00000000 0.86602765 -0.49999610
vn -0.00000000 -0.00000000 -1.00000000
vn -0.00000000 -0.00000000 -1.00000000
vn -0.00000000 -0.00000000 -1.00000000
vn 0.00000000 0.00000000 -1.00000000
vn 1.00000000 -0.00000000 0.00000000
vn 1.00000000 -0.00000000 0.00000000
vn 1.00000000 -0.00000000 0.00000000
vn 1.00000000 0.00000000 -0.00000000
vn 1.00000000 0.00000000 0.00000000
vn 1.00000000 0.00000000 -0.00000000
vn 0.00000000 0.86602765 0.49999610
vn 0.00000000 0.86602765 0.49999610
vn 0.00000000 0.86602765 0.49999610
vn 0.00000000 0.86602765 0.49999610
vn 0.00000000 0.00000000 1.00000000
vn 0.00000000 0.00000000 1.00000000
vn 0.00000000 0.00000000 1.00000000
vn 0.00000000 -0.00000000 1.00000000
vn 0.00000000 -0.86602765 0.49999610
vn 0.00000000 -0.86602765 0.49999610
vn 0.00000000 -0.86602765 0.49999610
vn 0.00000000 -0.86602765 0.49999610
vn 0.00000000 -0.86602765 -0.49999610
vn 0.00000000 -0.86602765 -0.49999610
vn 0.00000000 -0.86602765 -0.49999610
vn -0.00000000 -0.86602765 -0.49999610
vn 1.00000000 -0.00000000 0.00000000
vn 1.00000000 -0.00000000 0.00000000
vn 1.00000000 -0.00000000 0.00000000
vn 1.00000000 0.00000000 -0.00000000
vn 1.00000000 0.00000000 0.00000000
vn 1.00000000 0.00000000 -0.00000000
vn 0.00000000 0.86602765 -0.49999610
vn 0.00000000 0.86602765 -0.49999610
vn 0.00000000 0.86602765 -0.49999610
vn 0.00000000 0.86602765 -0.49999610
vn -0.00000000 0.00000000 -1.00000000
vn -0.00000000 0.00000000 -1.00000000
vn -0.00000000 0.00000000 -1.00000000
vn -0.00000000 -0.00000000 -1.00000000
vn -1.00000000 0.00000000 0.00000000
vn -1.00000000 0.00000000 0.00000000
vn -1.00000000 0.00000000 0.00000000
vn -1.00000000 -0.00000000 -0.00000000
vn -1.00000000 -0.00000000 0.00000000
vn -1.00000000 -0.00000000 -0.00000000
vn -0.00000000 0.00000000 -1.00000000
vn -0.00000000 0.00000000 -1.00000000
vn -0.00000000 0.00000000 -1.00000000
vn 0.99695677 0.00000000 -0.07795668
vn 0.99695677 0.00000000 -0.07795668
vn 0.99695677 0.00000000 -0.07795668
vn 0.70710659 0.00000000 -0.70710695
vn 0.70710659 0.00000000 -0.70710695
vn 0.70710659 0.00000000 -0.70710695
vn 1.00000000 -0.00000000 0.00000000
vn 1.00000000 -0.00000000 0.00000000
vn 1.00000000 -0.00000000 0.00000000
vn 0.70710683 -0.00000000 0.70710683
vn 0.70710683 -0.00000000 0.70710683
vn 0.70710683 -0.00000000 0.70710683
vn -0.00000000 0.00000000 1.00000000
vn -0.00000000 0.00000000 1.00000000
vn -0.00000000 0.00000000 1.00000000
vn -0.70710683 0.00000000 0.70710683
vn -0.70710683 0.00000000 0.70710683
vn -0.70710683 0.00000000 0.70710683
vn -1.00000000 0.00000000 0.00000000
vn -1.00000000 0.00000000 0.00000000
vn -1.00000000 0.00000000 0.00000000
vn -0.70710659 0.00000000 -0.70710695
vn -0.70710659 0.00000000 -0.70710695
vn -0.70710659 0.00000000 -0.70710695
vn -0.99695677 0.00000000 -0.07795668
vn -0.99695677 0.00000000 -0.07795668
vn -0.99695677 0.00000000 -0.07795668
vn 0.00000000 -1.00000000 0.00000000
vn 0.00000000 -1.00000000 0.00000000
vn 0.00000000 -1.00000000 0.00000000
vn 0.00000000 1.00000000 -0.00000000
vn 0.00000000 1.00000000 -0.00000000
vn 0.00000000 1.00000000 -0.00000000
vn -0.00000000 -0.00000000 -1.00000000
vn 0.99695677 0.00000000 -0.07795668
vn 0.70710659 0.00000000 -0.70710695
vn 1.00000000 0.00000000 0.00000000
vn 0.70710683 0.00000000 0.70710683
vn -0.00000000 0.00000000 1.00000000
vn -0.70710683 0.00000000 0.70710683
vn -1.00000000 0.00000000 0.00000000
vn -0.70710659 -0.00000000 -0.70710695
vn -0.99695677 -0.00000000 -0.07795668
vn 0.00000000 -1.00000000 0.00000000
vn 0.00000000 -1.00000000 0.00000000
vn 0.00000000 -1.00000000 0.00000000
vn 0.00000000 -1.00000000 -0.00000000
vn 0.00000000 -1.00000000 -0.00000000
vn 0.00000000 -1.00000000 0.00000000
vn 0.00000000 -1.00000000 0.00000000
vn -0.00000000 1.00000000 0.00000000
vn -0.00000000 1.00000000 0.00000000
vn 0.00000000 1.00000000 0.00000000
vn 0.00000000 1.00000000 0.00000000
vn 0.00000000 1.00000000 0.00000000
vn 0.00000000 1.00000000 -0.00000000
vn 0.00000000 1.00000000 -0.00000000
o wood_stock_and_fore_end
f 1/1/1 2/2/2 3/3/3
f 4/4/4 5/5/5 6/6/6
f 7/7/7 8/8/8 9/9/9
f 10/10/10 11/11/11 12/12/12
f 13/13/13 14/14/14 15/15/15
f 16/16/16 17/17/17 18/18/18
f 19/19/19 20/20/20 21/21/21
f 22/22/22 23/23/23 24/24/24
f 25/25/25 26/26/26 27/27/27
f 28/28/28 29/29/29 30/30/30
f 31/31/31 32/32/32 33/33/33
f 34/34/34 35/35/35 36/36/36
f 37/37/37 38/38/38 39/39/39
f 40/40/40 41/41/41 42/42/42
f 43/43/43 44/44/44 45/45/45
f 3/3/3 46/46/46 47/47/47
f 3/3/3 47/47/47 48/48/48
f 2/2/2 49/49/49 3/3/3
f 50/50/50 51/51/51 2/2/2
f 52/52/52 53/53/53 50/50/50
f 1/1/1 54/54/54 52/52/52
f 3/3/3 48/48/48 55/55/55
f 1/1/1 52/52/52 50/50/50
f 3/3/3 55/55/55 1/1/1
f 1/1/1 50/50/50 2/2/2
f 6/6/6 56/56/56 57/57/57
f 58/58/58 59/59/59 4/4/4
f 6/6/6 57/57/57 58/58/58
f 60/60/60 61/61/61 6/6/6
f 62/62/62 60/60/60 6/6/6
f 6/6/6 58/58/58 4/4/4
f 4/4/4 63/63/63 64/64/64
f 64/64/64 65/65/65 5/5/5
f 5/5/5 62/62/62 6/6/6
f 4/4/4 64/64/64 5/5/5
f 7/7/7 66/66/66 8/8/8
f 10/10/10 67/67/67 11/11/11
f 13/13/13 68/68/68 14/14/14
f 16/16/16 69/69/69 17/17/17
f 19/19/19 70/70/70 20/20/20
f 22/22/22 71/71/71 23/23/23
f 25/25/25 72/72/72 26/26/26
f 28/28/28 73/73/73 29/29/29
f 31/31/31 74/74/74 32/32/32
f 34/34/34 75/75/75 35/35/35
f 37/37/37 76/76/76 38/38/38
f 40/40/40 77/77/77 41/41/41
f 43/43/43 78/78/78 44/44/44
o receiver_cover
f 79/79/79 80/80/80 81/81/81
f 82/82/82 83/83/83 84/84/84
f 85/85/85 86/86/86 87/87/87
f 88/88/88 89/89/89 90/90/90
f 91/91/91 92/92/92 93/93/93
f 94/94/94 95/95/95 96/96/96
f 97/97/97 98/98/98 99/99/99
f 100/100/100 101/101/101 102/102/102
f 103/103/103 104/104/104 105/105/105
f 106/106/106 107/107/107 108/108/108
f 79/79/79 109/109/109 80/80/80
f 82/82/82 110/110/110 83/83/83
f 85/85/85 111/111/111 86/86/86
f 88/88/88 112/112/112 89/89/89
f 91/91/91 113/113/113 92/92/92
f 94/94/94 114/114/114 95/95/95
f 97/97/97 115/115/115 98/98/98
f 100/100/100 116/116/116 101/101/101
f 105/105/105 117/117/117 118/118/118
f 118/118/118 119/119/119 103/103/103
f 103/103/103 120/120/120 104/104/104
f 104/104/104 121/121/121 105/105/105
f 105/105/105 118/118/118 103/103/103
f 108/108/108 122/122/122 123/123/123
f 123/123/123 124/124/124 106/106/106
f 106/106/106 125/125/125 107/107/107
f 107/107/107 126/126/126 108/108/108
f 108/108/108 123/123/123 106/106/106
o exposed_bolt_carrier
f 127/127/127 128/128/128 129/129/129
f 130/130/130 131/131/131 132/132/132
f 133/133/133 134/134/134 135/135/135
f 136/136/136 137/137/137 138/138/138
f 139/139/139 140/140/140 141/141/141
f 142/142/142 143/143/143 144/144/144
f 145/145/145 146/146/146 147/147/147
f 148/148/148 149/149/149 150/150/150
f 151/151/151 152/152/152 153/153/153
f 154/154/154 155/155/155 156/156/156
f 157/157/157 158/158/158 159/159/159
f 160/160/160 161/161/161 162/162/162
f 163/163/163 164/164/164 165/165/165
f 166/166/166 167/167/167 168/168/168
f 169/169/169 170/170/170 171/171/171
f 172/172/172 173/173/173 174/174/174
f 175/175/175 176/176/176 177/177/177
f 153/153/153 178/178/178 179/179/179
f 179/179/179 180/180/180 151/151/151
f 151/151/151 181/181/181 152/152/152
f 152/152/152 182/182/182 153/153/153
f 153/153/153 179/179/179 151/151/151
o barrel
f 183/183/183 184/184/184 185/185/185
f 186/186/186 187/187/187 188/188/188
f 189/189/189 190/190/190 191/191/191
f 192/192/192 193/193/193 194/194/194
f 195/195/195 196/196/196 197/197/197
f 198/198/198 199/199/199 200/200/200
f 201/201/201 202/202/202 203/203/203
f 204/204/204 205/205/205 206/206/206
f 207/207/207 208/208/208 209/209/209
f 210/210/210 211/211/211 212/212/212
f 213/213/213 214/214/214 215/215/215
f 216/216/216 217/217/217 218/218/218
f 219/219/219 220/220/220 221/221/221
f 222/222/222 223/223/223 224/224/224
f 225/225/225 226/226/226 227/227/227
f 189/189/189 228/228/228 190/190/190
f 229/229/229 230/230/230 231/231/231
f 232/232/232 233/233/233 234/234/234
f 198/198/198 235/235/235 199/199/199
f 236/236/236 237/237/237 238/238/238
f 239/239/239 240/240/240 241/241/241
f 207/207/207 242/242/242 208/208/208
f 243/243/243 244/244/244 245/245/245
f 246/246/246 247/247/247 248/248/248
f 216/216/216 249/249/249 217/217/217
f 221/221/221 250/250/250 251/251/251
f 251/251/251 252/252/252 219/219/219
f 219/219/219 253/253/253 254/254/254
f 254/254/254 255/255/255 220/220/220
f 220/220/220 256/256/256 257/257/257
f 257/257/257 258/258/258 221/221/221
f 221/221/221 251/251/251 219/219/219
f 219/219/219 254/254/254 220/220/220
f 220/220/220 257/257/257 221/221/221
o gas_tube
f 259/259/259 260/260/260 261/261/261
f 262/262/262 263/263/263 264/264/264
f 265/265/265 266/266/266 267/267/267
f 268/268/268 269/269/269 270/270/270
f 271/271/271 272/272/272 273/273/273
f 274/274/274 275/275/275 276/276/276
f 277/277/277 278/278/278 279/279/279
f 280/280/280 281/281/281 282/282/282
f 283/283/283 284/284/284 285/285/285
f 286/286/286 287/287/287 288/288/288
f 289/289/289 290/290/290 291/291/291
f 292/292/292 293/293/293 269/269/269
f 294/294/294 295/295/295 296/296/296
f 297/297/297 298/298/298 299/299/299
f 300/300/300 301/301/301 302/302/302
f 303/303/303 304/304/304 281/281/281
f 305/305/305 306/306/306 307/307/307
f 308/308/308 309/309/309 310/310/310
f 311/311/311 312/312/312 313/313/313
f 262/262/262 314/314/314 263/263/263
f 315/315/315 316/316/316 317/317/317
f 268/268/268 292/292/292 269/269/269
f 271/271/271 318/318/318 272/272/272
f 274/274/274 319/319/319 275/275/275
f 277/277/277 320/320/320 278/278/278
f 280/280/280 303/303/303 281/281/281
f 321/321/321 322/322/322 323/323/323
f 286/286/286 324/324/324 287/287/287
f 325/325/325 326/326/326 327/327/327
f 292/292/292 328/328/328 293/293/293
f 329/329/329 330/330/330 331/331/331
f 297/297/297 332/332/332 298/298/298
f 333/333/333 334/334/334 335/335/335
f 303/303/303 336/336/336 304/304/304
f 307/307/307 337/337/337 338/338/338
f 338/338/338 339/339/339 305/305/305
f 305/305/305 340/340/340 306/306/306
f 306/306/306 341/341/341 307/307/307
f 307/307/307 338/338/338 305/305/305
f 342/342/342 343/343/343 344/344/344
f 345/345/345 346/346/346 347/347/347
f 348/348/348 349/349/349 350/350/350
f 351/351/351 352/352/352 353/353/353
f 354/354/354 355/355/355 356/356/356
o rear_sight_mount_block
f 357/357/357 358/358/358 359/359/359
f 360/360/360 361/361/361 362/362/362
f 363/363/363 364/364/364 365/365/365
f 366/366/366 367/367/367 368/368/368
f 369/369/369 370/370/370 371/371/371
f 372/372/372 373/373/373 374/374/374
f 357/357/357 375/375/375 358/358/358
f 360/360/360 376/376/376 361/361/361
f 363/363/363 377/377/377 364/364/364
f 366/366/366 378/378/378 367/367/367
f 369/369/369 379/379/379 370/370/370
f 372/372/372 380/380/380 373/373/373
o charging_handle
f 381/381/381 382/382/382 383/383/383
f 384/384/384 385/385/385 386/386/386
f 387/387/387 388/388/388 389/389/389
f 390/390/390 391/391/391 392/392/392
f 393/393/393 394/394/394 395/395/395
f 396/396/396 397/397/397 398/398/398
f 399/399/399 400/400/400 401/401/401
f 402/402/402 403/403/403 404/404/404
f 405/405/405 406/406/406 407/407/407
f 408/408/408 409/409/409 410/410/410
f 411/411/411 412/412/412 413/413/413
f 414/414/414 415/415/415 416/416/416
f 417/417/417 418/418/418 419/419/419
f 420/420/420 421/421/421 422/422/422
f 423/423/423 424/424/424 425/425/425
f 426/426/426 427/427/427 428/428/428
f 429/429/429 430/430/430 431/431/431
f 432/432/432 433/433/433 434/434/434
f 435/435/435 436/436/436 437/437/437
f 438/438/438 439/439/439 440/440/440
f 441/441/441 442/442/442 443/443/443
f 444/444/444 445/445/445 446/446/446
f 447/447/447 448/448/448 449/449/449
f 450/450/450 451/451/451 452/452/452
f 453/453/453 454/454/454 455/455/455
f 456/456/456 457/457/457 458/458/458
f 384/384/384 459/459/459 385/385/385
f 460/460/460 461/461/461 462/462/462
f 390/390/390 463/463/463 391/391/391
f 464/464/464 465/465/465 466/466/466
f 467/467/467 468/468/468 469/469/469
f 470/470/470 471/471/471 472/472/472
f 402/402/402 473/473/473 403/403/403
f 474/474/474 475/475/475 476/476/476
f 477/477/477 478/478/478 479/479/479
f 480/480/480 481/481/481 482/482/482
f 483/483/483 484/484/484 485/485/485
f 486/486/486 487/487/487 488/488/488
f 489/489/489 490/490/490 491/491/491
f 492/492/492 493/493/493 494/494/494
f 495/495/495 496/496/496 497/497/497
f 429/429/429 498/498/498 430/430/430
f 432/432/432 499/499/499 433/433/433
f 435/435/435 500/500/500 436/436/436
f 438/438/438 501/501/501 439/439/439
f 441/441/441 502/502/502 442/442/442
f 444/444/444 503/503/503 445/445/445
f 447/447/447 504/504/504 448/448/448
f 450/450/450 505/505/505 451/451/451
f 455/455/455 506/506/506 507/507/507
f 507/507/507 508/508/508 453/453/453
f 453/453/453 509/509/509 454/454/454
f 454/454/454 510/510/510 455/455/455
f 455/455/455 507/507/507 453/453/453
o fixed_ten_round_magazine
f 511/511/511 512/512/512 513/513/513
f 514/514/514 515/515/515 516/516/516
f 517/517/517 518/518/518 519/519/519
f 520/520/520 521/521/521 522/522/522
f 523/523/523 524/524/524 525/525/525
f 517/517/517 526/526/526 518/518/518
f 520/520/520 527/527/527 521/521/521
f 523/523/523 528/528/528 524/524/524
o magazine_floorplate
f 529/529/529 530/530/530 531/531/531
f 532/532/532 533/533/533 534/534/534
f 535/535/535 536/536/536 537/537/537
f 538/538/538 539/539/539 540/540/540
f 541/541/541 542/542/542 543/543/543
f 544/544/544 545/545/545 546/546/546
f 547/547/547 548/548/548 549/549/549
f 550/550/550 551/551/551 552/552/552
f 553/553/553 554/554/554 555/555/555
f 556/556/556 557/557/557 558/558/558
f 541/541/541 559/559/559 542/542/542
f 560/560/560 561/561/561 562/562/562
o upper_wood_handguard
f 563/563/563 564/564/564 565/565/565
f 566/566/566 567/567/567 568/568/568
f 569/569/569 570/570/570 571/571/571
f 572/572/572 573/573/573 574/574/574
f 575/575/575 576/576/576 577/577/577
f 578/578/578 579/579/579 580/580/580
f 581/581/581 582/582/582 583/583/583
f 584/584/584 585/585/585 586/586/586
f 587/587/587 588/588/588 589/589/589
f 590/590/590 591/591/591 592/592/592
f 593/593/593 594/594/594 595/595/595
f 596/596/596 597/597/597 598/598/598
f 566/566/566 599/599/599 567/567/567
f 600/600/600 601/601/601 602/602/602
f 603/603/603 604/604/604 605/605/605
f 575/575/575 606/606/606 576/576/576
f 607/607/607 608/608/608 609/609/609
f 610/610/610 611/611/611 612/612/612
f 613/613/613 614/614/614 615/615/615
f 616/616/616 617/617/617 618/618/618
f 619/619/619 620/620/620 621/621/621
f 622/622/622 623/623/623 624/624/624
f 625/625/625 626/626/626 627/627/627
f 628/628/628 629/629/629 630/630/630
f 631/631/631 632/632/632 633/633/633
f 589/589/589 634/634/634 635/635/635
f 635/635/635 636/636/636 587/587/587
f 587/587/587 637/637/637 588/588/588
f 588/588/588 638/638/638 589/589/589
f 589/589/589 635/635/635 587/587/587
f 592/592/592 639/639/639 590/590/590
f 590/590/590 640/640/640 591/591/591
f 591/591/591 641/641/641 592/592/592
f 593/593/593 642/642/642 594/594/594
o rear_sight_cover_cap
f 643/643/643 644/644/644 645/645/645
f 646/646/646 647/647/647 648/648/648
f 649/649/649 650/650/650 651/651/651
f 652/652/652 653/653/653 654/654/654
f 655/655/655 656/656/656 657/657/657
f 658/658/658 659/659/659 660/660/660
f 661/661/661 662/662/662 663/663/663
f 664/664/664 665/665/665 666/666/666
f 667/667/667 668/668/668 669/669/669
f 670/670/670 671/671/671 672/672/672
o front_post
f 673/673/673 674/674/674 675/675/675
f 676/676/676 677/677/677 678/678/678
f 679/679/679 680/680/680 681/681/681
f 682/682/682 683/683/683 684/684/684
f 685/685/685 686/686/686 687/687/687
f 688/688/688 689/689/689 690/690/690
f 673/673/673 691/691/691 674/674/674
f 676/676/676 692/692/692 677/677/677
f 679/679/679 693/693/693 680/680/680
f 682/682/682 694/694/694 683/683/683
f 685/685/685 695/695/695 686/686/686
f 688/688/688 696/696/696 689/689/689
o front_sight_hood
f 697/697/697 698/698/698 699/699/699
f 700/700/700 701/701/701 702/702/702
f 703/703/703 704/704/704 705/705/705
f 706/706/706 707/707/707 708/708/708
f 709/709/709 710/710/710 711/711/711
f 712/712/712 713/713/713 714/714/714
f 715/715/715 716/716/716 703/703/703
f 708/708/708 717/717/717 718/718/718
f 719/719/719 720/720/720 721/721/721
f 722/722/722 723/723/723 724/724/724
f 725/725/725 726/726/726 715/715/715
f 718/718/718 727/727/727 728/728/728
f 729/729/729 730/730/730 731/731/731
f 732/732/732 733/733/733 734/734/734
f 735/735/735 736/736/736 725/725/725
f 728/728/728 737/737/737 738/738/738
f 739/739/739 740/740/740 741/741/741
f 742/742/742 743/743/743 744/744/744
f 745/745/745 746/746/746 735/735/735
f 738/738/738 747/747/747 748/748/748
f 749/749/749 750/750/750 751/751/751
f 752/752/752 753/753/753 754/754/754
f 755/755/755 756/756/756 745/745/745
f 748/748/748 757/757/757 758/758/758
f 759/759/759 760/760/760 761/761/761
f 762/762/762 763/763/763 764/764/764
f 765/765/765 766/766/766 755/755/755
f 758/758/758 767/767/767 768/768/768
f 769/769/769 770/770/770 771/771/771
f 772/772/772 773/773/773 774/774/774
f 705/705/705 775/775/775 765/765/765
f 768/768/768 776/776/776 706/706/706
f 697/697/697 777/777/777 698/698/698
f 700/700/700 778/778/778 701/701/701
f 703/703/703 716/716/716 704/704/704
f 706/706/706 776/776/776 707/707/707
f 709/709/709 779/779/779 710/710/710
f 712/712/712 780/780/780 713/713/713
f 715/715/715 726/726/726 716/716/716
f 708/708/708 707/707/707 717/717/717
f 719/719/719 781/781/781 720/720/720
f 722/722/722 782/782/782 723/723/723
f 725/725/725 736/736/736 726/726/726
f 718/718/718 717/717/717 727/727/727
f 729/729/729 783/783/783 730/730/730
f 732/732/732 784/784/784 733/733/733
f 735/735/735 746/746/746 736/736/736
f 728/728/728 727/727/727 737/737/737
f 739/739/739 785/785/785 740/740/740
f 742/742/742 786/786/786 743/743/743
f 745/745/745 756/756/756 746/746/746
f 738/738/738 737/737/737 747/747/747
f 749/749/749 787/787/787 750/750/750
f 752/752/752 788/788/788 753/753/753
f 755/755/755 766/766/766 756/756/756
f 748/748/748 747/747/747 757/757/757
f 759/759/759 789/789/789 760/760/760
f 762/762/762 790/790/790 763/763/763
f 765/765/765 775/775/775 766/766/766
f 758/758/758 757/757/757 767/767/767
f 769/769/769 791/791/791 770/770/770
f 772/772/772 792/792/792 773/773/773
f 705/705/705 704/704/704 775/775/775
f 768/768/768 767/767/767 776/776/776
o rear_tangent_leaf
f 793/793/793 794/794/794 795/795/795
f 796/796/796 797/797/797 798/798/798
f 799/799/799 800/800/800 801/801/801
f 802/802/802 803/803/803 804/804/804
f 805/805/805 806/806/806 807/807/807
f 808/808/808 809/809/809 810/810/810
f 811/811/811 812/812/812 813/813/813
f 814/814/814 815/815/815 816/816/816
f 817/817/817 818/818/818 806/806/806
f 819/819/819 820/820/820 821/821/821
f 793/793/793 822/822/822 794/794/794
f 796/796/796 823/823/823 797/797/797
f 799/799/799 824/824/824 800/800/800
f 802/802/802 825/825/825 803/803/803
f 805/805/805 817/817/817 806/806/806
f 808/808/808 826/826/826 809/809/809
f 827/827/827 828/828/828 829/829/829
f 830/830/830 831/831/831 832/832/832
f 817/817/817 833/833/833 818/818/818
f 834/834/834 835/835/835 836/836/836
o rear_notch_right
f 837/837/837 838/838/838 839/839/839
f 840/840/840 841/841/841 842/842/842
f 843/843/843 844/844/844 845/845/845
f 846/846/846 847/847/847 848/848/848
f 849/849/849 850/850/850 851/851/851
f 852/852/852 853/853/853 854/854/854
f 837/837/837 855/855/855 838/838/838
f 840/840/840 856/856/856 841/841/841
f 843/843/843 857/857/857 844/844/844
f 846/846/846 858/858/858 847/847/847
f 849/849/849 859/859/859 850/850/850
f 852/852/852 860/860/860 853/853/853
o rear_notch_left
f 861/861/861 862/862/862 863/863/863
f 864/864/864 865/865/865 866/866/866
f 867/867/867 868/868/868 869/869/869
f 870/870/870 871/871/871 872/872/872
f 873/873/873 874/874/874 875/875/875
f 876/876/876 877/877/877 878/878/878
f 861/861/861 879/879/879 862/862/862
f 864/864/864 880/880/880 865/865/865
f 867/867/867 881/881/881 868/868/868
f 870/870/870 882/882/882 871/871/871
f 873/873/873 883/883/883 874/874/874
f 876/876/876 884/884/884 877/877/877
o rear_leaf_slider_left
f 885/885/885 886/886/886 887/887/887
f 885/885/885 888/888/888 886/886/886
f 889/889/889 890/890/890 891/891/891
f 889/889/889 892/892/892 890/890/890
f 893/893/893 894/894/894 895/895/895
f 893/893/893 896/896/896 894/894/894
f 897/897/897 898/898/898 899/899/899
f 897/897/897 900/900/900 898/898/898
f 901/901/901 902/902/902 903/903/903
f 902/902/902 901/901/901 904/904/904
f 902/902/902 904/904/904 905/905/905
f 905/905/905 904/904/904 906/906/906
f 907/907/907 908/908/908 909/909/909
f 907/907/907 910/910/910 908/908/908
f 911/911/911 912/912/912 913/913/913
f 911/911/911 914/914/914 912/912/912
f 915/915/915 916/916/916 917/917/917
f 916/916/916 915/915/915 918/918/918
f 916/916/916 918/918/918 919/919/919
f 919/919/919 918/918/918 920/920/920
o rear_leaf_slider_right
f 921/921/921 922/922/922 923/923/923
f 921/921/921 924/924/924 922/922/922
f 925/925/925 926/926/926 927/927/927
f 925/925/925 928/928/928 926/926/926
f 929/929/929 930/930/930 931/931/931
f 929/929/929 932/932/932 930/930/930
f 933/933/933 934/934/934 935/935/935
f 933/933/933 936/936/936 934/934/934
f 937/937/937 938/938/938 939/939/939
f 938/938/938 937/937/937 940/940/940
f 938/938/938 940/940/940 941/941/941
f 941/941/941 940/940/940 942/942/942
f 943/943/943 944/944/944 945/945/945
f 943/943/943 946/946/946 944/944/944
f 947/947/947 948/948/948 949/949/949
f 947/947/947 950/950/950 948/948/948
f 951/951/951 952/952/952 953/953/953
f 952/952/952 951/951/951 954/954/954
f 952/952/952 954/954/954 955/955/955
f 955/955/955 954/954/954 956/956/956
o front_sight_base
f 957/957/957 958/958/958 959/959/959
f 960/960/960 961/961/961 962/962/962
f 963/963/963 964/964/964 965/965/965
f 966/966/966 967/967/967 968/968/968
f 969/969/969 970/970/970 971/971/971
f 972/972/972 973/973/973 974/974/974
f 975/975/975 976/976/976 977/977/977
f 978/978/978 979/979/979 980/980/980
f 981/981/981 982/982/982 983/983/983
f 984/984/984 985/985/985 986/986/986
f 987/987/987 988/988/988 989/989/989
f 990/990/990 991/991/991 992/992/992
f 957/957/957 993/993/993 958/958/958
f 960/960/960 994/994/994 961/961/961
f 963/963/963 995/995/995 964/964/964
f 966/966/966 996/996/996 967/967/967
f 969/969/969 997/997/997 970/970/970
f 972/972/972 998/998/998 973/973/973
f 975/975/975 999/999/999 976/976/976
f 978/978/978 1000/1000/1000 979/979/979
f 981/981/981 1001/1001/1001 982/982/982
f 984/984/984 1002/1002/1002 985/985/985
f 1003/1003/1003 1004/1004/1004 1005/1005/1005
f 987/987/987 1006/1006/1006 1007/1007/1007
f 1003/1003/1003 1005/1005/1005 987/987/987
f 989/989/989 1008/1008/1008 1003/1003/1003
f 988/988/988 1009/1009/1009 989/989/989
f 987/987/987 1007/1007/1007 988/988/988
f 989/989/989 1003/1003/1003 987/987/987
f 1010/1010/1010 1011/1011/1011 990/990/990
f 990/990/990 1012/1012/1012 1013/1013/1013
f 1013/1013/1013 1014/1014/1014 991/991/991
f 991/991/991 1015/1015/1015 1016/1016/1016
f 992/992/992 1010/1010/1010 990/990/990
f 991/991/991 1016/1016/1016 992/992/992
f 990/990/990 1013/1013/1013 991/991/991
